dataset	level	iteration	method	parameters	seq_id               	observed_taxonomy	expected_taxonomy	result	mismatch_level
F1-REF	6	2	rdp	1.0	EU819441	Root;Basidiomycota;Agaricomycetes;Boletales;Sclerodermataceae;Scleroderma	Root;Basidiomycota;Agaricomycetes;Boletales;Sclerodermataceae;Scleroderma;Scleroderma_michiganense	match	6
F1-REF	6	2	rdp	1.0	DQ219306	Root	Root;Ascomycota;Lecanoromycetes;Peltigerales;Pannariaceae;Psoroma;Psoroma_fruticulosum	underclassification	1
F1-REF	6	2	rdp	1.0	EU819448	Root;Basidiomycota;Agaricomycetes;Agaricales	Root;Basidiomycota;Agaricomycetes;Agaricales;Tricholomataceae;Tricholoma;Tricholoma_sulphureum	underclassification	4
F1-REF	6	2	rdp	1.0	FJ816639	Root;Basidiomycota;Agaricomycetes	Root;Basidiomycota;Agaricomycetes;Agaricales;Bolbitiaceae;Hebeloma;Hebeloma_vesterholtii	underclassification	3
F1-REF	6	2	rdp	1.0	EF200022	Root	Root;Basidiomycota;Ustilaginomycetes;Urocystidales;Glomosporiaceae;Thecaphora;Thecaphora_saponariae	underclassification	1
F1-REF	6	2	rdp	1.0	EU670215	Root;Ascomycota;Lecanoromycetes;Teloschistales;Physciaceae	Root;Ascomycota;Lecanoromycetes;Teloschistales;Physciaceae;Phaeophyscia;Phaeophyscia_trichophora	underclassification	5
F1-REF	6	2	rdp	1.0	FJ441621	Root;Ascomycota;Dothideomycetes;Botryosphaeriales;Botryosphaeriaceae;Pseudofusicoccum;Pseudofusicoccum_adansoniae	Root;Ascomycota;Dothideomycetes;Botryosphaeriales;Botryosphaeriaceae;Pseudofusicoccum;Pseudofusicoccum_stromaticum	overclassification	6
F1-REF	6	2	rdp	1.0	JF908138	Root;Basidiomycota;Agaricomycetes;Agaricales	Root;Basidiomycota;Agaricomycetes;Agaricales;Cortinariaceae;Inocybe;Inocybe_langei	underclassification	4
F1-REF	6	2	rdp	1.0	FJ664839	Root	Root;Ascomycota;Eurotiomycetes;Verrucariales;Verrucariaceae;Verrucaria;Verrucaria_cyanea	underclassification	1
F1-REF	6	2	rdp	1.0	EF191243	Root;Ascomycota;Leotiomycetes;Rhytismatales;Rhytismataceae	Root;Ascomycota;Leotiomycetes;Rhytismatales;Rhytismataceae;Coccomyces;Coccomyces_australis	underclassification	5
F1-REF	6	2	rdp	1.0	AF222840	Root;Ascomycota;Dothideomycetes;Capnodiales;Mycosphaerellaceae	Root;Ascomycota;Dothideomycetes;Capnodiales;Mycosphaerellaceae;Pseudocercospora;Pseudocercospora_eriodendri	underclassification	5
F1-REF	6	2	rdp	1.0	DQ855274	Root;Ascomycota;Sordariomycetes;Diaporthales	Root;Ascomycota;Sordariomycetes;Diaporthales;Diaporthaceae;Diaporthe;Phomopsis_vexans	underclassification	4
F1-REF	6	2	rdp	1.0	EF520124	Root;Ascomycota	Root;Ascomycota;Leotiomycetes;Helotiales;Helotiaceae;Chlorociboria;Chlorociboria_argentinensis	underclassification	2
F1-REF	6	2	rdp	1.0	EU819537	Root	Root;Basidiomycota;Tremellomycetes;Tremellales;Exidiaceae;Sebacina;Sebacina_epigaea	underclassification	1
F1-REF	6	2	rdp	1.0	AY256855	Root;Ascomycota;Eurotiomycetes;Eurotiales;Trichocomaceae	Root;Ascomycota;Eurotiomycetes;Eurotiales;Trichocomaceae;Penicillium;Penicillium_radicum	underclassification	5
F1-REF	6	2	rdp	1.0	FJ664837	Root;Ascomycota	Root;Ascomycota;Eurotiomycetes;Verrucariales;Verrucariaceae;Verrucaria;Verrucaria_caerulea	underclassification	2
F1-REF	6	2	rdp	1.0	EF093299	Root;Ascomycota;Saccharomycetes;Saccharomycetales	Root;Ascomycota;Saccharomycetes;Saccharomycetales;Pichiaceae;Pichia;Pichia_canadensis	underclassification	4
F1-REF	6	2	rdp	1.0	GQ203782	Root	Root;Ascomycota;Dothideomycetes;Pleosporales;Sporormiaceae;Sporormiella;Sporormiella_leporina	underclassification	1
F1-REF	6	2	rdp	1.0	FN550931	Root;Basidiomycota;Agaricomycetes;Agaricales;Cortinariaceae;Inocybe	Root;Basidiomycota;Agaricomycetes;Agaricales;Cortinariaceae;Inocybe;Inocybe_griseovelata	match	6
F1-REF	6	2	rdp	1.0	DQ389698	Root;Basidiomycota;Agaricomycetes;Agaricales;Psathyrellaceae;Psathyrella	Root;Basidiomycota;Agaricomycetes;Agaricales;Psathyrellaceae;Psathyrella;Psathyrella_dicrani	match	6
F1-REF	6	2	rdp	1.0	AJ887992	Root;Basidiomycota;Agaricomycetes;Agaricales	Root;Basidiomycota;Agaricomycetes;Agaricales;Agaricaceae;Agaricus;Agaricus_comtulus	underclassification	4
F1-REF	6	2	rdp	1.0	DQ389694	Root	Root;Basidiomycota;Agaricomycetes;Agaricales;Psathyrellaceae;Psathyrella;Psathyrella_larga	underclassification	1
F1-REF	6	2	rdp	1.0	DQ389692	Root;Basidiomycota;Agaricomycetes;Agaricales;Psathyrellaceae;Psathyrella	Root;Basidiomycota;Agaricomycetes;Agaricales;Psathyrellaceae;Psathyrella;Psathyrella_orbicularis	match	6
F1-REF	6	2	rdp	1.0	AB072232	Root;Basidiomycota;Tremellomycetes;Cystofilobasidiales;Cystofilobasidiaceae;Itersonilia;Itersonilia_perplexans	Root;Basidiomycota;Tremellomycetes;Cystofilobasidiales;Cystofilobasidiaceae;Udeniomyces;Udeniomyces_pannonicus	misclassification	5
F1-REF	6	2	rdp	1.0	HM562113	Root	Root;Basidiomycota;Agaricomycetes;Agaricales;Pluteaceae;Pluteus;Pluteus_saupei	underclassification	1
F1-REF	6	2	rdp	1.0	JF263460	Root;Basidiomycota;Pucciniomycetes;Pucciniales;Uropyxidaceae;Dasyspora	Root;Basidiomycota;Pucciniomycetes;Pucciniales;Uropyxidaceae;Dasyspora;Dasyspora_amazonica	match	6
F1-REF	6	2	rdp	1.0	JF263465	Root;Basidiomycota	Root;Basidiomycota;Pucciniomycetes;Pucciniales;Uropyxidaceae;Dasyspora;Dasyspora_emarginatae	underclassification	2
F1-REF	6	2	rdp	1.0	EF685102	Root;Basidiomycota;Agaricomycetes;Russulales;Russulaceae;Lactarius	Root;Basidiomycota;Agaricomycetes;Russulales;Russulaceae;Lactarius;Lactarius_thyinos	match	6
F1-REF	6	2	rdp	1.0	EF136366	Root;Ascomycota;Eurotiomycetes	Root;Ascomycota;Eurotiomycetes;Eurotiales;Trichocomaceae;Penicillium;Penicillium_thiersii	underclassification	3
F1-REF	6	2	rdp	1.0	AJ005367	Root;Ascomycota;Eurotiomycetes;Onygenales;Onygenaceae	Root;Ascomycota;Eurotiomycetes;Onygenales;Onygenaceae;Chrysosporium;Chrysosporium_fluviale	underclassification	5
F1-REF	6	2	rdp	1.0	UDB001101	Root;Basidiomycota;Agaricomycetes;Agaricales;Cortinariaceae;Cortinarius	Root;Basidiomycota;Agaricomycetes;Agaricales;Cortinariaceae;Cortinarius;Cortinarius_eburneus	match	6
F1-REF	6	2	rdp	1.0	EU860056	Root;Ascomycota;Sordariomycetes	Root;Ascomycota;Sordariomycetes;Hypocreales;Nectriaceae;Fusarium;Fusarium_merismoides_var_crassum	underclassification	3
F1-REF	6	2	rdp	1.0	AY898956	Root;Basidiomycota;Tremellomycetes;Filobasidiales;Filobasidiaceae;Cryptococcus;Cryptococcus_cylindricus	Root;Basidiomycota;Tremellomycetes;Filobasidiales;Filobasidiaceae;Cryptococcus;Cryptococcus_silvicola	overclassification	6
F1-REF	6	2	rdp	1.0	GU827295	Root;Ascomycota;Lecanoromycetes;Lecanorales	Root;Ascomycota;Lecanoromycetes;Lecanorales;Ramalinaceae;Ramalina;Ramalina_celastri	underclassification	4
F1-REF	6	2	rdp	1.0	EU295648	Root;Ascomycota;Dothideomycetes;Pleosporales	Root;Ascomycota;Dothideomycetes;Pleosporales;Montagnulaceae;Paraconiothyrium;Paraconiothyrium_variabile	underclassification	4
F1-REF	6	2	rdp	1.0	JF951143	Root;Ascomycota	Root;Ascomycota;Dothideomycetes;Capnodiales;Mycosphaerellaceae;Mycosphaerella;Mycosphaerella_wachendorfiae	underclassification	2
F1-REF	6	2	rdp	1.0	EF194154	Root	Root;Ascomycota;Sordariomycetes;Hypocreales;Ophiocordycipitaceae;Hirsutella;Hirsutella_kirchneri	underclassification	1
F1-REF	6	2	rdp	1.0	FJ548834	Root;Ascomycota;Eurotiomycetes;Eurotiales;Thermoascaceae;Thermoascus;Thermoascus_aurantiacus	Root;Ascomycota;Eurotiomycetes;Eurotiales;Thermoascaceae;Thermoascus;Thermoascus_aurantiacus_var_levisporus	overclassification	6
F1-REF	6	2	rdp	1.0	FJ435146	Root	Root;Basidiomycota;Agaricomycetes;Cantharellales;Ceratobasidiaceae;Ceratobasidium;Ceratobasidium_gramineum	underclassification	1
F1-REF	6	2	rdp	1.0	AJ223015	Root	Root;Ascomycota;Saccharomycetes;Saccharomycetales;Saccharomycetaceae;Kazachstania;Kazachstania_telluris	underclassification	1
F1-REF	6	2	rdp	1.0	AF414314	Root;Ascomycota;Sordariomycetes;Hypocreales;Hypocreaceae	Root;Ascomycota;Sordariomycetes;Hypocreales;Hypocreaceae;Trichoderma;Trichoderma_parceramosum	underclassification	5
F1-REF	6	2	rdp	1.0	GU258280	Root;Basidiomycota;Agaricomycetes;Russulales;Russulaceae;Lactarius	Root;Basidiomycota;Agaricomycetes;Russulales;Russulaceae;Lactarius;Lactarius_ochrogalactus	match	6
F1-REF	6	2	rdp	1.0	GU234148	Root	Root;Basidiomycota;Agaricomycetes;Agaricales;Clavariaceae;Clavaria;Clavaria_falcata	underclassification	1
F1-REF	6	2	rdp	1.0	HQ604553	Root;Basidiomycota;Agaricomycetes;Agaricales	Root;Basidiomycota;Agaricomycetes;Agaricales;Cortinariaceae;Inocybe;Inocybe_soluta	underclassification	4
F1-REF	6	2	rdp	1.0	AF250823	Root;Ascomycota	Root;Ascomycota;Dothideomycetes;Pleosporales;Phaeosphaeriaceae;Phaeosphaeriopsis;Phaeosphaeriopsis_agavensis	underclassification	2
F1-REF	6	2	rdp	1.0	JN182865	Root	Root;Basidiomycota;Agaricomycetes;Agaricales;Marasmiaceae;Gymnopus;Gymnopus_menehune	underclassification	1
F1-REF	6	2	rdp	1.0	AB180324	Root;Basidiomycota;Exobasidiomycetes;Exobasidiales;Exobasidiaceae;Exobasidium	Root;Basidiomycota;Exobasidiomycetes;Exobasidiales;Exobasidiaceae;Exobasidium;Exobasidium_japonicum	match	6
F1-REF	6	2	rdp	1.0	AB291742	Root	Root;Basidiomycota;Agaricomycetes;Russulales;Russulaceae;Russula;Russula_subnigricans	underclassification	1
F1-REF	6	2	rdp	1.0	FJ000402	Root	Root;Ascomycota;Leotiomycetes;Helotiales;Helotiaceae;Articulospora;Articulospora_atra	underclassification	1
F1-REF	6	2	rdp	1.0	FJ375332	Root;Basidiomycota;Agaricomycetes;Agaricales;Amanitaceae;Amanita	Root;Basidiomycota;Agaricomycetes;Agaricales;Amanitaceae;Amanita;Amanita_subjunquillea_var_alba	match	6
F1-REF	6	2	rdp	1.0	FJ375330	Root;Basidiomycota;Agaricomycetes;Agaricales;Amanitaceae;Amanita	Root;Basidiomycota;Agaricomycetes;Agaricales;Amanitaceae;Amanita;Amanita_parvipantherina	match	6
F1-REF	6	2	rdp	1.0	EF631613	Root;Ascomycota;Eurotiomycetes;Onygenales;Arthrodermataceae	Root;Ascomycota;Eurotiomycetes;Onygenales;Arthrodermataceae;Arthroderma;Arthroderma_racemosum	underclassification	5
F1-REF	6	2	rdp	1.0	AY737759	Root;Ascomycota;Sordariomycetes;Hypocreales;Hypocreaceae	Root;Ascomycota;Sordariomycetes;Hypocreales;Hypocreaceae;Hypocrea;Hypocrea_cinnamomea	underclassification	5
F1-REF	6	2	rdp	1.0	L54097	Root;Basidiomycota;Agaricomycetes;Boletales	Root;Basidiomycota;Agaricomycetes;Boletales;Suillaceae;Truncocolumella;Truncocolumella_citrina	underclassification	4
F1-REF	6	2	rdp	1.0	GU138701	Root	Root;Ascomycota;Leotiomycetes;Rhytismatales;Rhytismataceae;Lophodermium;Lophodermium_cephalotaxi	underclassification	1
F1-REF	6	2	rdp	1.0	AY569024	Root	Root;Basidiomycota;Agaricomycetes;Thelephorales;Bankeraceae;Hydnellum;Hydnellum_chrysinum	underclassification	1
F1-REF	6	2	rdp	1.0	GU168027	Root;Ascomycota;Dothideomycetes	Root;Ascomycota;Dothideomycetes;Capnodiales;Mycosphaerellaceae;Mycosphaerella;Mycosphaerella_eumusae	underclassification	3
F1-REF	6	2	rdp	1.0	AY737753	Root;Ascomycota;Sordariomycetes	Root;Ascomycota;Sordariomycetes;Hypocreales;Hypocreaceae;Hypocrea;Hypocrea_sulawesensis	underclassification	3
F1-REF	6	2	rdp	1.0	AY737754	Root;Ascomycota;Sordariomycetes;Hypocreales;Hypocreaceae	Root;Ascomycota;Sordariomycetes;Hypocreales;Hypocreaceae;Hypocrea;Hypocrea_costaricensis	underclassification	5
F1-REF	6	2	rdp	1.0	AY737757	Root;Ascomycota;Sordariomycetes;Hypocreales;Hypocreaceae	Root;Ascomycota;Sordariomycetes;Hypocreales;Hypocreaceae;Hypocrea;Hypocrea_candida	underclassification	5
F1-REF	6	2	rdp	1.0	EU179869	Root	Root;Ascomycota;Sordariomycetes;Xylariales;Xylariaceae;Xylaria;Xylaria_ochraceostroma	underclassification	1
F1-REF	6	2	rdp	1.0	EU179868	Root;Ascomycota;Sordariomycetes;Xylariales	Root;Ascomycota;Sordariomycetes;Xylariales;Xylariaceae;Xylaria;Xylaria_nigripes	underclassification	4
F1-REF	6	2	rdp	1.0	FJ168580	Root;Basidiomycota;Agaricomycetes;Agaricales;Bolbitiaceae;Hebeloma	Root;Basidiomycota;Agaricomycetes;Agaricales;Bolbitiaceae;Hebeloma;Hebeloma_mesophaeum	match	6
F1-REF	6	2	rdp	1.0	EU179862	Root;Ascomycota;Sordariomycetes;Xylariales	Root;Ascomycota;Sordariomycetes;Xylariales;Xylariaceae;Xylaria;Xylaria_brunneovinosa	underclassification	4
F1-REF	6	2	rdp	1.0	JF907876	Root;Basidiomycota;Agaricomycetes;Agaricales;Cortinariaceae	Root;Basidiomycota;Agaricomycetes;Agaricales;Cortinariaceae;Cortinarius;Cortinarius_scaurus	underclassification	5
F1-REF	6	2	rdp	1.0	DQ681328	Root;Ascomycota	Root;Ascomycota;Eurotiomycetes;Eurotiales;Trichocomaceae;Penicillium;Penicillium_purpurogenum	underclassification	2
F1-REF	6	2	rdp	1.0	AB092794	Root;Basidiomycota;Agaricomycetes;Agaricales	Root;Basidiomycota;Agaricomycetes;Agaricales;Bolbitiaceae;Panaeolus;Panaeolus_subbalteatus	underclassification	4
F1-REF	6	2	rdp	1.0	AB092793	Root;Basidiomycota;Agaricomycetes;Agaricales	Root;Basidiomycota;Agaricomycetes;Agaricales;Strophariaceae;Psilocybe;Psilocybe_subaeruginascens	underclassification	4
F1-REF	6	2	rdp	1.0	DQ681321	Root;Ascomycota;Eurotiomycetes;Eurotiales;Trichocomaceae;Penicillium;Penicillium_spinulosum	Root;Ascomycota;Eurotiomycetes;Eurotiales;Trichocomaceae;Penicillium;Penicillium_glabrum	overclassification	6
F1-REF	6	2	rdp	1.0	AY866425	Root	Root;Basidiomycota;Tremellomycetes;Tremellales;Tremellaceae;Tremella;Tremella_aurantialba	underclassification	1
F1-REF	6	2	rdp	1.0	HQ604756	Root;Basidiomycota;Agaricomycetes;Agaricales;Strophariaceae;Pholiota	Root;Basidiomycota;Agaricomycetes;Agaricales;Strophariaceae;Pholiota;Pholiota_terrestris	match	6
F1-REF	6	2	rdp	1.0	JF744969	Root;Ascomycota	Root;Ascomycota;Lecanoromycetes;Lecanorales;Mycoblastaceae;Mycoblastus;Mycoblastus_affinis	underclassification	2
F1-REF	6	2	rdp	1.0	AF043672	Root	Root;Basidiomycota;Agaricomycetes;Agaricales;Psathyrellaceae;Coprinopsis;Coprinopsis_nivea	underclassification	1
F1-REF	6	2	rdp	1.0	AY038829	Root;Basidiomycota;Tremellomycetes;Cystofilobasidiales;Cystofilobasidiaceae;Mrakia;Mrakia_frigida	Root;Basidiomycota;Tremellomycetes;Cystofilobasidiales;Cystofilobasidiaceae;Mrakia;Mrakia_robertii	overclassification	6
F1-REF	6	2	rdp	1.0	AY046166	Root	Root;Ascomycota;Saccharomycetes;Saccharomycetales;Saccharomycetaceae;Nakaseomyces;Nakaseomyces_delphensis	underclassification	1
F1-REF	6	2	rdp	1.0	GQ292749	Root;Ascomycota;Dothideomycetes;Pleosporales	Root;Ascomycota;Dothideomycetes;Pleosporales;Sporormiaceae;Preussia;Preussia_polymorpha	underclassification	4
F1-REF	6	2	rdp	1.0	JN710507	Root	Root;Basidiomycota;Agaricomycetes;Polyporales;Steccherinaceae;Antrodiella;Antrodiella_afrocitrina	underclassification	1
F1-REF	6	2	rdp	1.0	UDB002462	Root	Root;Basidiomycota;Agaricomycetes;Russulales;Russulaceae;Russula;Russula_farinipes	underclassification	1
F1-REF	6	2	rdp	1.0	U57495	Root;Ascomycota	Root;Ascomycota;Leotiomycetes;Helotiales;Hyaloscyphaceae;Hyaloscypha;Hyaloscypha_aureliella	underclassification	2
F1-REF	6	2	rdp	1.0	UDB011529	Root;Basidiomycota;Agaricomycetes;Agaricales	Root;Basidiomycota;Agaricomycetes;Agaricales;Marasmiaceae;Micromphale;Micromphale_perforans	underclassification	4
F1-REF	6	2	rdp	1.0	FJ871099	Root;Ascomycota;Lecanoromycetes;Lecanorales;Ramalinaceae;Ramalina	Root;Ascomycota;Lecanoromycetes;Lecanorales;Ramalinaceae;Ramalina;Ramalina_pluviariae	match	6
F1-REF	6	2	rdp	1.0	DQ322080	Root	Root;Ascomycota;Sordariomycetes;Xylariales;Xylariaceae;Camillea;Camillea_tinctor	underclassification	1
F1-REF	6	2	rdp	1.0	AM882897	Root;Basidiomycota;Agaricomycetes;Agaricales	Root;Basidiomycota;Agaricomycetes;Agaricales;Cortinariaceae;Inocybe;Inocybe_asterospora	underclassification	4
F1-REF	6	2	rdp	1.0	FJ871095	Root	Root;Ascomycota;Lecanoromycetes;Lecanorales;Ramalinaceae;Ramalina;Ramalina_pacifica	underclassification	1
F1-REF	6	2	rdp	1.0	FJ871094	Root;Ascomycota;Lecanoromycetes;Lecanorales;Ramalinaceae;Ramalina	Root;Ascomycota;Lecanoromycetes;Lecanorales;Ramalinaceae;Ramalina;Ramalina_nodosa	match	6
F1-REF	6	2	rdp	1.0	FJ871092	Root;Ascomycota;Lecanoromycetes;Lecanorales;Ramalinaceae	Root;Ascomycota;Lecanoromycetes;Lecanorales;Ramalinaceae;Ramalina;Ramalina_mollis	underclassification	5
F1-REF	6	2	rdp	1.0	FM163180	Root	Root;Basidiomycota;Agaricomycetes;Agaricales;Psathyrellaceae;Coprinopsis;Coprinopsis_narcotica	underclassification	1
F1-REF	6	2	rdp	1.0	HQ999976	Root;Ascomycota;Saccharomycetes;Saccharomycetales;Saccharomycetaceae;Lachancea	Root;Ascomycota;Saccharomycetes;Saccharomycetales;Saccharomycetaceae;Lachancea;Lachancea_dasiensis	match	6
F1-REF	6	2	rdp	1.0	JN049873	Root	Root;Ascomycota;Sordariomycetes;Hypocreales;Clavicipitaceae;Metacordyceps;Metacordyceps_kusanagiensis	underclassification	1
F1-REF	6	2	rdp	1.0	Z96988	Root	Root;Ascomycota;Pezizomycetes;Pezizales;Pyronemataceae;Geopyxis;Geopyxis_carbonaria	underclassification	1
F1-REF	6	2	rdp	1.0	UDB011813	Root	Root;Basidiomycota;Agaricomycetes;Agaricales;Entolomataceae;Rhodocybe;Rhodocybe_nitellina	underclassification	1
F1-REF	6	2	rdp	1.0	EU709777	Root;Ascomycota;Sordariomycetes;Hypocreales;Nectriaceae;Gibberella	Root;Ascomycota;Sordariomycetes;Hypocreales;Nectriaceae;Fusarium;Fusarium_sporotrichioides	misclassification	5
F1-REF	6	2	rdp	1.0	UDB011765	Root;Basidiomycota;Agaricomycetes;Agaricales;Tricholomataceae;Melanoleuca;Melanoleuca_curtipes	Root;Basidiomycota;Agaricomycetes;Agaricales;Tricholomataceae;Melanoleuca;Melanoleuca_grammopodia	overclassification	6
F1-REF	6	2	rdp	1.0	UDB011815	Root;Basidiomycota;Agaricomycetes;Agaricales	Root;Basidiomycota;Agaricomycetes;Agaricales;Tricholomataceae;Clitocybe;Clitocybe_subspadicea	underclassification	4
F1-REF	6	2	rdp	1.0	JN547260	Root	Root;Basidiomycota;Agaricomycetes;Agaricales;Marasmiaceae;Marasmius;Marasmius_rotula	underclassification	1
F1-REF	6	2	rdp	1.0	EU233809	Root	Root;Basidiomycota;Exobasidiomycetes;Entylomatales;Entylomataceae;Entyloma;Entyloma_leontodontis	underclassification	1
F1-REF	6	2	rdp	1.0	JF710504	Root;Ascomycota	Root;Ascomycota;Dothideomycetes;Pleosporales;Pleosporaceae;Alternaria;Alternaria_brassicae	underclassification	2
F1-REF	6	2	rdp	1.0	AB176632	Root;Ascomycota	Root;Ascomycota;Eurotiomycetes;Eurotiales;Trichocomaceae;Talaromyces;Talaromyces_tardifaciens	underclassification	2
F1-REF	6	2	rdp	1.0	EU669351	Root;Basidiomycota	Root;Basidiomycota;Agaricomycetes;Russulales;Albatrellaceae;Albatrellus;Albatrellus_skamanius	underclassification	2
F1-REF	6	2	rdp	1.0	HQ222869	Root	Root;Ascomycota;Leotiomycetes;Helotiales;Geoglossaceae;Geoglossum;Geoglossum_glutinosum	underclassification	1
F1-REF	6	2	rdp	1.0	AF486122	Root	Root;Ascomycota;Leotiomycetes;Helotiales;Vibrisseaceae;Phialocephala;Phialocephala_fusca	underclassification	1
F1-REF	6	2	rdp	1.0	AF486124	Root	Root;Ascomycota;Leotiomycetes;Helotiales;Vibrisseaceae;Phialocephala;Phialocephala_fluminis	underclassification	1
F1-REF	6	2	rdp	1.0	U63472	Root	Root;Basidiomycota;Agaricomycetes;Polyporales;Polyporaceae;Trichaptum;Trichaptum_fusco_violaceum	underclassification	1
F1-REF	6	2	rdp	1.0	JF713082	Root;Basidiomycota;Agaricomycetes	Root;Basidiomycota;Agaricomycetes;Polyporales;Meripilaceae;Antrodia;Antrodia_ramentacea	underclassification	3
F1-REF	6	2	rdp	1.0	AH011348	Root;Basidiomycota;Agaricomycetes;Boletales;Rhizopogonaceae;Rhizopogon	Root;Basidiomycota;Agaricomycetes;Boletales;Rhizopogonaceae;Rhizopogon;Rhizopogon_colossus	match	6
F1-REF	6	2	rdp	1.0	FJ596801	Root	Root;Basidiomycota;Agaricomycetes;Agaricales;Cortinariaceae;Crepidotus;Crepidotus_applanatus	underclassification	1
F1-REF	6	2	rdp	1.0	EU784265	Root;Basidiomycota;Agaricomycetes;Russulales;Hericiaceae;Hericium	Root;Basidiomycota;Agaricomycetes;Russulales;Hericiaceae;Hericium;Hericium_erinaceum	match	6
F1-REF	6	2	rdp	1.0	AM292664	Root;Ascomycota;Lecanoromycetes	Root;Ascomycota;Lecanoromycetes;Lecanorales;Ramalinaceae;Biatora;Biatora_pallens	underclassification	3
F1-REF	6	2	rdp	1.0	EU034672	Root	Root;Ascomycota;Lecanoromycetes;Acarosporales;Acarosporaceae;Acarospora;Acarospora_cervina	underclassification	1
F1-REF	6	2	rdp	1.0	EU034670	Root;Ascomycota;Lecanoromycetes;Lecanorales;Ramalinaceae;Ramalina	Root;Ascomycota;Lecanoromycetes;Lecanorales;Ramalinaceae;Ramalina;Ramalina_pollinaria	match	6
F1-REF	6	2	rdp	1.0	EU034671	Root;Ascomycota;Lecanoromycetes;Lecanorales;Parmeliaceae;Xanthoparmelia	Root;Ascomycota;Lecanoromycetes;Lecanorales;Parmeliaceae;Xanthoparmelia;Xanthoparmelia_protomatrae	match	6
F1-REF	6	2	rdp	1.0	AJ544211	Root;Ascomycota;Pezizomycetes;Pezizales;Helvellaceae;Helvella;Helvella_terrestris	Root;Ascomycota;Pezizomycetes;Pezizales;Helvellaceae;Helvella;Helvella_lacunosa	overclassification	6
F1-REF	6	2	rdp	1.0	AB509968	Root	Root;Basidiomycota;Agaricomycetes;Agaricales;Entolomataceae;Rhodophyllus;Rhodophyllus_chamaecyparidis	underclassification	1
F1-REF	6	2	rdp	1.0	AY740021	Root;Basidiomycota	Root;Basidiomycota;Ustilaginomycetes;Ustilaginales;Ustilaginaceae;Sporisorium;Sporisorium_sorghi	underclassification	2
F1-REF	6	2	rdp	1.0	AY882979	Root	Root;Basidiomycota;Agaricomycetes;Agaricales;Marasmiaceae;Armillaria;Armillaria_fuscipes	underclassification	1
F1-REF	6	2	rdp	1.0	EU192156	Root;Ascomycota;Lecanoromycetes;Teloschistales;Teloschistaceae;Caloplaca	Root;Ascomycota;Lecanoromycetes;Teloschistales;Teloschistaceae;Caloplaca;Caloplaca_transcaspica	match	6
F1-REF	6	2	rdp	1.0	EU192150	Root;Ascomycota;Lecanoromycetes;Teloschistales;Teloschistaceae;Caloplaca;Caloplaca_percrocata	Root;Ascomycota;Lecanoromycetes;Teloschistales;Teloschistaceae;Caloplaca;Caloplaca_albopustulata	overclassification	6
F1-REF	6	2	rdp	1.0	EU192152	Root;Ascomycota	Root;Ascomycota;Lecanoromycetes;Teloschistales;Teloschistaceae;Caloplaca;Caloplaca_concreticola	underclassification	2
F1-REF	6	2	rdp	1.0	AY606978	Root;Basidiomycota;Agaricomycetes;Russulales;Russulaceae;Lactarius;Lactarius_annulatoangustifolius	Root;Basidiomycota;Agaricomycetes;Russulales;Russulaceae;Lactarius;Lactarius_pelliculatus	overclassification	6
F1-REF	6	2	rdp	1.0	FJ860773	Root;Ascomycota;Sordariomycetes	Root;Ascomycota;Sordariomycetes;Hypocreales;Hypocreaceae;Hypocrea;Hypocrea_luteffusa	underclassification	3
F1-REF	6	2	rdp	1.0	JN943156	Root;Ascomycota;Saccharomycetes;Saccharomycetales;Lipomycetaceae;Lipomyces;Lipomyces_tetrasporus	Root;Ascomycota;Saccharomycetes;Saccharomycetales;Lipomycetaceae;Lipomyces;Lipomyces_mesembrius	overclassification	6
F1-REF	6	2	rdp	1.0	FR750143	Root;Glomeromycota;Glomeromycetes	Root;Glomeromycota;Glomeromycetes;Diversisporales;Gigasporaceae;Racocetra;Racocetra_fulgida	underclassification	3
F1-REF	6	2	rdp	1.0	AY033098	Root;Basidiomycota;Agaricomycetes;Agaricales;Cortinariaceae;Cuphocybe;Cuphocybe_alborosea	Root;Basidiomycota;Agaricomycetes;Agaricales;Cortinariaceae;Cortinarius;Cortinarius_alboroseus	misclassification	5
F1-REF	6	2	rdp	1.0	JF908394	Root	Root;Basidiomycota;Agaricomycetes;Agaricales;Mycenaceae;Mycena;Mycena_amicta	underclassification	1
F1-REF	6	2	rdp	1.0	GU461970	Root;Basidiomycota;Agaricomycetes;Hymenochaetales;Hymenochaetaceae	Root;Basidiomycota;Agaricomycetes;Hymenochaetales;Hymenochaetaceae;Fomitiporia;Fomitiporia_gabonensis	underclassification	5
F1-REF	6	2	rdp	1.0	FJ627262	Root	Root;Basidiomycota;Agaricomycetes;Polyporales;Polyporaceae;Perenniporia;Perenniporia_medulla_panis	underclassification	1
F1-REF	6	2	rdp	1.0	AF347113	Root;Basidiomycota	Root;Basidiomycota;Agaricomycetes;Thelephorales;Bankeraceae;Hydnellum;Hydnellum_aurantiacum	underclassification	2
F1-REF	6	2	rdp	1.0	AY558777	Root	Root;Basidiomycota;Agaricomycetes;Hysterangiales;Hysterangiaceae;Hysterangium;Hysterangium_fallax	underclassification	1
F1-REF	6	2	rdp	1.0	AF444645	Root;Basidiomycota;Tremellomycetes;Filobasidiales;Filobasidiaceae;Cryptococcus	Root;Basidiomycota;Tremellomycetes;Filobasidiales;Filobasidiaceae;Cryptococcus;Cryptococcus_victoriae	match	6
F1-REF	6	2	rdp	1.0	DQ297556	Root;Ascomycota;Sordariomycetes;Hypocreales;Nectriaceae	Root;Ascomycota;Sordariomycetes;Hypocreales;Nectriaceae;Fusarium;Fusarium_poae	underclassification	5
F1-REF	6	2	rdp	1.0	FJ845443	Root;Basidiomycota;Agaricomycetes;Agaricales;Tricholomataceae;Tricholoma	Root;Basidiomycota;Agaricomycetes;Agaricales;Tricholomataceae;Tricholoma;Tricholoma_myomyces	match	6
F1-REF	6	2	rdp	1.0	FJ845440	Root;Basidiomycota;Agaricomycetes;Boletales;Suillaceae;Suillus	Root;Basidiomycota;Agaricomycetes;Boletales;Suillaceae;Suillus;Suillus_brevipes	match	6
F1-REF	6	2	rdp	1.0	AY212819	Root;Ascomycota;Lecanoromycetes;Agyriales;Agyriaceae;Placopsis	Root;Ascomycota;Lecanoromycetes;Agyriales;Agyriaceae;Placopsis;Placopsis_lambii	match	6
F1-REF	6	2	rdp	1.0	AY854074	Root;Basidiomycota;Agaricomycetes;Agaricales;Hygrophoraceae;Hygrocybe;Hygrocybe_conica_var_conica	Root;Basidiomycota;Agaricomycetes;Agaricales;Hygrophoraceae;Hygrocybe;Hygrocybe_aff_conica_PBM_918	overclassification	6
F1-REF	6	2	rdp	1.0	AY854075	Root;Basidiomycota;Agaricomycetes;Agaricales	Root;Basidiomycota;Agaricomycetes;Agaricales;Lycoperdaceae;Lycoperdon;Lycoperdon_pyriforme	underclassification	4
F1-REF	6	2	rdp	1.0	EF433765	Root	Root;Ascomycota;Eurotiomycetes;Eurotiales;Trichocomaceae;Penicillium;Penicillium_ramusculum	underclassification	1
F1-REF	6	2	rdp	1.0	FJ039672	Root;Basidiomycota;Agaricomycetes;Agaricales;Cortinariaceae;Cortinarius	Root;Basidiomycota;Agaricomycetes;Agaricales;Cortinariaceae;Cortinarius;Cortinarius_brunneus	match	6
F1-REF	6	2	rdp	1.0	EU400150	Root;Ascomycota	Root;Ascomycota;Sordariomycetes;Phyllachorales;Phyllachoraceae;Colletotrichum;Colletotrichum_pisi	underclassification	2
F1-REF	6	2	rdp	1.0	Z93885	Root	Root;Ascomycota;Saccharomycetes;Saccharomycetales;Saccharomycetaceae;Williopsis;Williopsis_pratensis	underclassification	1
F1-REF	6	2	rdp	1.0	EU784392	Root;Ascomycota;Pezizomycetes;Pezizales;Pyronemataceae	Root;Ascomycota;Pezizomycetes;Pezizales;Pyronemataceae;Flavoscypha;Otidea_phlebophora	underclassification	5
F1-REF	6	2	rdp	1.0	AF516571	Root	Root;Basidiomycota;Agaricomycetes;Polyporales;Polyporaceae;Polyporus;Polyporus_pseudobetulinus	underclassification	1
F1-REF	6	2	rdp	1.0	AF516570	Root	Root;Basidiomycota;Agaricomycetes;Polyporales;Polyporaceae;Polyporus;Polyporus_mikawai	underclassification	1
F1-REF	6	2	rdp	1.0	JF908721	Root;Ascomycota;Pezizomycetes;Pezizales;Pyronemataceae	Root;Ascomycota;Pezizomycetes;Pezizales;Pyronemataceae;Scutellinia;Scutellinia_heterosculpturata	underclassification	5
F1-REF	6	2	rdp	1.0	AF297670	Root;Ascomycota;Lecanoromycetes;Umbilicariales;Umbilicariaceae;Umbilicaria;Umbilicaria_deusta	Root;Ascomycota;Lecanoromycetes;Umbilicariales;Umbilicariaceae;Umbilicaria;Umbilicaria_flocculosa	overclassification	6
F1-REF	6	2	rdp	1.0	AJ634021	Root;Ascomycota;Arthoniomycetes;Arthoniales;Roccellaceae;Roccella	Root;Ascomycota;Arthoniomycetes;Arthoniales;Roccellaceae;Roccella;Roccella_maderensis	match	6
F1-REF	6	2	rdp	1.0	AM749938	Root	Root;Ascomycota;Sordariomycetes;Xylariales;Xylariaceae;Annulohypoxylon;Annulohypoxylon_annulatum	underclassification	1
F1-REF	6	2	rdp	1.0	DQ491504	Root;Ascomycota;Pezizomycetes;Pezizales;Ascobolaceae;Ascobolus;Ascobolus_stercorarius	Root;Ascomycota;Pezizomycetes;Pezizales;Ascobolaceae;Ascobolus;Ascobolus_crenulatus	overclassification	6
F1-REF	6	2	rdp	1.0	EU552100	Root;Ascomycota;Sordariomycetes;Xylariales	Root;Ascomycota;Sordariomycetes;Xylariales;Xylariaceae;Anthostomella;Anthostomella_leucospermi	underclassification	4
F1-REF	6	2	rdp	1.0	UDB000422	Root;Basidiomycota;Agaricomycetes;Boletales;Boletaceae;Chalciporus;Chalciporus_rubinellus	Root;Basidiomycota;Agaricomycetes;Boletales;Boletaceae;Chalciporus;Chalciporus_amarellus	overclassification	6
F1-REF	6	2	rdp	1.0	AJ458184	Root;Ascomycota;Sordariomycetes	Root;Ascomycota;Sordariomycetes;Sordariales;Lasiosphaeriaceae;Apiosordaria;Apiosordaria_nigeriensis	underclassification	3
F1-REF	6	2	rdp	1.0	DQ450878	Root;Ascomycota;Sordariomycetes;Hypocreales;Nectriaceae;Gibberella	Root;Ascomycota;Sordariomycetes;Hypocreales;Nectriaceae;Fusarium;Fusarium_culmorum	misclassification	5
F1-REF	6	2	rdp	1.0	FR750036	Root	Root;Glomeromycota;Glomeromycetes;Archaeosporales;Archaeosporaceae;Archaeospora;Archaeospora_trappei	underclassification	1
F1-REF	6	2	rdp	1.0	AY174802	Root;Basidiomycota;Agaricomycetes;Agaricales;Cortinariaceae	Root;Basidiomycota;Agaricomycetes;Agaricales;Cortinariaceae;Cortinarius;Cortinarius_praestans	underclassification	5
F1-REF	6	2	rdp	1.0	GU166413	Root	Root;Basidiomycota;Agaricomycetes;Cantharellales;Tulasnellaceae;Tulasnella;Tulasnella_irregularis	underclassification	1
F1-REF	6	2	rdp	1.0	FJ572258	Root;Basidiomycota;Agaricomycetes;Agaricales;Pleurotaceae;Pleurotus	Root;Basidiomycota;Agaricomycetes;Agaricales;Pleurotaceae;Pleurotus;Pleurotus_eryngii	match	6
F1-REF	6	2	rdp	1.0	GU594160	Root	Root;Basidiomycota;Agaricomycetes;Hymenochaetales;Hymenochaetaceae;Phellinus;Phellinus_rufitinctus	underclassification	1
F1-REF	6	2	rdp	1.0	DQ842014	Root;Ascomycota	Root;Ascomycota;Lecanoromycetes;Acarosporales;Acarosporaceae;Acarospora;Acarospora_laqueata	underclassification	2
F1-REF	6	2	rdp	1.0	HM623128	Root;Basidiomycota;Agaricomycetes;Agaricales;Entolomataceae;Clitopilus	Root;Basidiomycota;Agaricomycetes;Agaricales;Entolomataceae;Clitopilus;Clitopilus_chrischonensis	match	6
F1-REF	6	2	rdp	1.0	FJ380943	Root;Ascomycota;Orbiliomycetes;Orbiliales;Orbiliaceae	Root;Ascomycota;Orbiliomycetes;Orbiliales;Orbiliaceae;Dactylellina;Dactylellina_haptotyla	underclassification	5
F1-REF	6	2	rdp	1.0	GQ258471	Root;Basidiomycota;Agaricomycetes;Agaricales;Agaricaceae	Root;Basidiomycota;Agaricomycetes;Agaricales;Agaricaceae;Leucoagaricus;Leucoagaricus_erythrophaeus	underclassification	5
F1-REF	6	2	rdp	1.0	AF362065	Root;Ascomycota;Dothideomycetes;Capnodiales;Mycosphaerellaceae	Root;Ascomycota;Dothideomycetes;Capnodiales;Mycosphaerellaceae;Mycosphaerella;Mycosphaerella_cruenta	underclassification	5
F1-REF	6	2	rdp	1.0	AY484679	Root;Basidiomycota;Agaricomycetes;Agaricales;Agaricaceae;Agaricus	Root;Basidiomycota;Agaricomycetes;Agaricales;Agaricaceae;Agaricus;Agaricus_californicus	match	6
F1-REF	6	2	rdp	1.0	AY484678	Root;Basidiomycota;Agaricomycetes;Agaricales;Agaricaceae;Agaricus	Root;Basidiomycota;Agaricomycetes;Agaricales;Agaricaceae;Agaricus;Agaricus_bernardii	match	6
F1-REF	6	2	rdp	1.0	EU301663	Root;Ascomycota;Eurotiomycetes;Eurotiales;Trichocomaceae	Root;Ascomycota;Eurotiomycetes;Eurotiales;Trichocomaceae;Penicillium;Penicillium_rolfsii	underclassification	5
F1-REF	6	2	rdp	1.0	DQ005440	Root;Ascomycota;Leotiomycetes;Erysiphales;Erysiphaceae;Erysiphe	Root;Ascomycota;Leotiomycetes;Erysiphales;Erysiphaceae;Erysiphe;Erysiphe_carpophila	match	6
F1-REF	6	2	rdp	1.0	L78301	Root;Ascomycota;Sordariomycetes;Hypocreales	Root;Ascomycota;Sordariomycetes;Hypocreales;Clavicipitaceae;Epichloe;Epichloe_glyceriae	underclassification	4
F1-REF	6	2	rdp	1.0	EU664474	Root;Ascomycota;Eurotiomycetes	Root;Ascomycota;Eurotiomycetes;Eurotiales;Trichocomaceae;Aspergillus;Aspergillus_candidus	underclassification	3
F1-REF	6	2	rdp	1.0	AF062932	Root;Basidiomycota;Agaricomycetes	Root;Basidiomycota;Agaricomycetes;Boletales;Rhizopogonaceae;Rhizopogon;Rhizopogon_evadens	underclassification	3
F1-REF	6	2	rdp	1.0	GQ852768	Root;Ascomycota;Dothideomycetes;Capnodiales;Mycosphaerellaceae	Root;Ascomycota;Dothideomycetes;Capnodiales;Mycosphaerellaceae;Pseudocercospora;Pseudocercospora_tereticornis	underclassification	5
F1-REF	6	2	rdp	1.0	DQ533974	Root;Basidiomycota;Agaricomycetes;Boletales;Gomphidiaceae	Root;Basidiomycota;Agaricomycetes;Boletales;Gomphidiaceae;Chroogomphus;Chroogomphus_vinicolor	underclassification	5
F1-REF	6	2	rdp	1.0	AF218399	Root	Root;Basidiomycota;Agaricomycetes;Russulales;Echinodontiaceae;Echinodontium;Echinodontium_japonicum	underclassification	1
F1-REF	6	2	rdp	1.0	FJ627040	Root;Basidiomycota;Agaricomycetes;Agaricales;Marasmiaceae;Strobilurus;Strobilurus_stephanocystis	Root;Basidiomycota;Agaricomycetes;Agaricales;Marasmiaceae;Strobilurus;Strobilurus_trullisatus	overclassification	6
F1-REF	6	2	rdp	1.0	AF218400	Root	Root;Basidiomycota;Agaricomycetes;Russulales;Stereaceae;Stereum;Stereum_hirsutum	underclassification	1
F1-REF	6	2	rdp	1.0	AY753349	Root;Ascomycota	Root;Ascomycota;Eurotiomycetes;Onygenales;Onygenaceae;Aphanoascus;Aphanoascus_cinnabarinus	underclassification	2
F1-REF	6	2	rdp	1.0	AB354209	Root;Ascomycota;Saccharomycetes;Saccharomycetales	Root;Ascomycota;Saccharomycetes;Saccharomycetales;Pichiaceae;Pichia;Pichia_koratensis	underclassification	4
F1-REF	6	2	rdp	1.0	AY753341	Root;Ascomycota;Eurotiomycetes;Eurotiales;Trichocomaceae	Root;Ascomycota;Eurotiomycetes;Eurotiales;Trichocomaceae;Byssochlamys;Byssochlamys_fulva	underclassification	5
F1-REF	6	2	rdp	1.0	JN943323	Root;Ascomycota;Sordariomycetes;Hypocreales	Root;Ascomycota;Sordariomycetes;Hypocreales;Clavicipitaceae;Elaphocordyceps;Elaphocordyceps_paradoxa	underclassification	4
F1-REF	6	2	rdp	1.0	EU819451	Root;Basidiomycota;Agaricomycetes	Root;Basidiomycota;Agaricomycetes;Boletales;Boletaceae;Boletus;Boletus_illudens	underclassification	3
F1-REF	6	2	rdp	1.0	EU819450	Root	Root;Basidiomycota;Agaricomycetes;Boletales;Boletaceae;Tylopilus;Tylopilus_sordidus	underclassification	1
F1-REF	6	2	rdp	1.0	EU770227	Root;Ascomycota;Sordariomycetes;Diaporthales;Togniniaceae	Root;Ascomycota;Sordariomycetes;Diaporthales;Togniniaceae;Phaeoacremonium;Phaeoacremonium_globosum	underclassification	5
F1-REF	6	2	rdp	1.0	FJ644282	Root	Root;Basidiomycota;Agaricomycetes;Hymenochaetales;Schizoporaceae;Oxyporus;Oxyporus_subpopulinus	underclassification	1
F1-REF	6	2	rdp	1.0	GU479288	Root;Basidiomycota;Agaricomycetes	Root;Basidiomycota;Agaricomycetes;Boletales;Hymenogasteraceae;Hymenogaster;Hymenogaster_mutabilis	underclassification	3
F1-REF	6	2	rdp	1.0	AY752142	Root;Ascomycota;Dothideomycetes;Capnodiales;Mycosphaerellaceae;Cercospora;Cercospora_beticola	Root;Ascomycota;Dothideomycetes;Capnodiales;Mycosphaerellaceae;Cercospora;Cercospora_acaciae_mangii	overclassification	6
F1-REF	6	2	rdp	1.0	EU439453	Root;Basidiomycota;Agaricomycetes;Agaricales	Root;Basidiomycota;Agaricomycetes;Agaricales;Cortinariaceae;Inocybe;Inocybe_tubarioides	underclassification	4
F1-REF	6	2	rdp	1.0	JF923609	Root;Ascomycota;Lecanoromycetes;Lecanorales;Ramalinaceae;Ramalina	Root;Ascomycota;Lecanoromycetes;Lecanorales;Ramalinaceae;Ramalina;Ramalina_confirmata	match	6
F1-REF	6	2	rdp	1.0	JF908102	Root;Basidiomycota;Agaricomycetes;Agaricales	Root;Basidiomycota;Agaricomycetes;Agaricales;Cortinariaceae;Inocybe;Inocybe_decemgibbosa	underclassification	4
F1-REF	6	2	rdp	1.0	AY916477	Root;Ascomycota;Dothideomycetes;Pleosporales;Tubeufiaceae	Root;Ascomycota;Dothideomycetes;Pleosporales;Tubeufiaceae;Helicosporium;Helicosporium_indicum	underclassification	5
F1-REF	6	2	rdp	1.0	JF908106	Root;Basidiomycota;Agaricomycetes;Agaricales;Cortinariaceae;Inocybe	Root;Basidiomycota;Agaricomycetes;Agaricales;Cortinariaceae;Inocybe;Inocybe_juniperina	match	6
F1-REF	6	2	rdp	1.0	JF908456	Root	Root;Basidiomycota;Agaricomycetes;Agaricales;Mycenaceae;Mycena;Mycena_polyadelpha	underclassification	1
F1-REF	6	2	rdp	1.0	JF951149	Root;Ascomycota;Dothideomycetes;Capnodiales	Root;Ascomycota;Dothideomycetes;Capnodiales;Teratosphaeriaceae;Teratosphaeria;Teratosphaeria_mareebensis	underclassification	4
F1-REF	6	2	rdp	1.0	DQ659336	Root	Root;Ascomycota;Saccharomycetes;Saccharomycetales;Metschnikowiaceae;Metschnikowia;Metschnikowia_zobellii	underclassification	1
F1-REF	6	2	rdp	1.0	AJ007843	Root	Root;Ascomycota;Eurotiomycetes;Onygenales;Onygenaceae;Chrysosporium;Chrysosporium_europae	underclassification	1
F1-REF	6	2	rdp	1.0	EF081003	Root	Root;Ascomycota;Pezizomycetes;Pezizales;Morchellaceae;Morchella;Morchella_crassipes	underclassification	1
F1-REF	6	2	rdp	1.0	GQ925396	Root;Basidiomycota;Agaricomycetes;Agaricales	Root;Basidiomycota;Agaricomycetes;Agaricales;Amanitaceae;Amanita;Amanita_grandis	underclassification	4
F1-REF	6	2	rdp	1.0	AJ889931	Root;Basidiomycota;Agaricomycetes;Boletales;Boletaceae	Root;Basidiomycota;Agaricomycetes;Boletales;Boletaceae;Boletus;Boletus_pruinatus	underclassification	5
F1-REF	6	2	rdp	1.0	U57351	Root;Basidiomycota;Pucciniomycetes;Pucciniales	Root;Basidiomycota;Pucciniomycetes;Pucciniales;Pucciniaceae;Puccinia;Puccinia_carduorum	underclassification	4
F1-REF	6	2	rdp	1.0	EF093462	Root;Ascomycota;Saccharomycetes;Saccharomycetales	Root;Ascomycota;Saccharomycetes;Saccharomycetales;Pichiaceae;Pichia;Pichia_scolyti	underclassification	4
F1-REF	6	2	rdp	1.0	EU819526	Root	Root;Basidiomycota;Agaricomycetes;Atheliales;Atheliaceae;Byssocorticium;Byssocorticium_atrovirens	underclassification	1
F1-REF	6	2	rdp	1.0	AF054860	Root;Ascomycota;Sordariomycetes;Hypocreales	Root;Ascomycota;Sordariomycetes;Hypocreales;Hypocreaceae;Sepedonium;Sepedonium_tulasneanum	underclassification	4
F1-REF	6	2	rdp	1.0	AF054861	Root;Ascomycota;Sordariomycetes;Hypocreales;Hypocreaceae	Root;Ascomycota;Sordariomycetes;Hypocreales;Hypocreaceae;Hypomyces;Hypomyces_completus	underclassification	5
F1-REF	6	2	rdp	1.0	HM161483	Root;Ascomycota;Lecanoromycetes;Umbilicariales;Umbilicariaceae;Umbilicaria	Root;Ascomycota;Lecanoromycetes;Umbilicariales;Umbilicariaceae;Umbilicaria;Umbilicaria_aprina	match	6
F1-REF	6	2	rdp	1.0	AB245069	Root;Ascomycota	Root;Ascomycota;Sordariomycetes;Diaporthales;Diaporthaceae;Diaporthe;Diaporthe_citri	underclassification	2
F1-REF	6	2	rdp	1.0	HM161487	Root;Ascomycota;Lecanoromycetes	Root;Ascomycota;Lecanoromycetes;Umbilicariales;Umbilicariaceae;Umbilicaria;Umbilicaria_haplocarpa	underclassification	3
F1-REF	6	2	rdp	1.0	DQ389687	Root;Basidiomycota;Agaricomycetes;Agaricales;Psathyrellaceae;Psathyrella	Root;Basidiomycota;Agaricomycetes;Agaricales;Psathyrellaceae;Psathyrella;Psathyrella_squamosa	match	6
F1-REF	6	2	rdp	1.0	HM562103	Root;Basidiomycota;Agaricomycetes;Agaricales;Pluteaceae;Pluteus	Root;Basidiomycota;Agaricomycetes;Agaricales;Pluteaceae;Pluteus;Pluteus_aff_cervinus_TNSF12370	match	6
F1-REF	6	2	rdp	1.0	FM876211	Root	Root;Basidiomycota;Agaricomycetes;Hymenochaetales;Schizoporaceae;Hyphodontia;Lagarobasidium_detriticum	underclassification	1
F1-REF	6	2	rdp	1.0	DQ340323	Root;Basidiomycota;Agaricomycetes	Root;Basidiomycota;Agaricomycetes;Hymenochaetales;Schizoporaceae;Hyphodontia;Hyphodontia_hastata	underclassification	3
F1-REF	6	2	rdp	1.0	EF569591	Root;Basidiomycota;Tremellomycetes;Filobasidiales;Filobasidiaceae;Cryptococcus;Cryptococcus_flavescens	Root;Basidiomycota;Tremellomycetes;Filobasidiales;Filobasidiaceae;Cryptococcus;Cryptococcus_aureus	overclassification	6
F1-REF	6	2	rdp	1.0	HQ822056	Root	Root;Ascomycota;Eurotiomycetes;Verrucariales;Verrucariaceae;Verrucaria;Verrucaria_tavaresiae	underclassification	1
F1-REF	6	2	rdp	1.0	DQ826538	Root;Basidiomycota;Agaricomycetes;Polyporales;Meruliaceae;Resinicium	Root;Basidiomycota;Agaricomycetes;Polyporales;Meruliaceae;Resinicium;Resinicium_confertum	match	6
F1-REF	6	2	rdp	1.0	DQ974704	Root;Basidiomycota;Agaricomycetes;Boletales;Boletaceae	Root;Basidiomycota;Agaricomycetes;Boletales;Boletaceae;Boletus;Boletus_zelleri	underclassification	5
F1-REF	6	2	rdp	1.0	AB190380	Root;Ascomycota;Eurotiomycetes;Chaetothyriales	Root;Ascomycota;Eurotiomycetes;Chaetothyriales;Herpotrichiellaceae;Phialophora;Phialophora_reptans	underclassification	4
F1-REF	6	2	rdp	1.0	AM882744	Root;Basidiomycota	Root;Basidiomycota;Agaricomycetes;Agaricales;Cortinariaceae;Inocybe;Inocybe_striata	underclassification	2
F1-REF	6	2	rdp	1.0	HQ377280	Root;Ascomycota;Sordariomycetes;Xylariales;Diatrypaceae	Root;Ascomycota;Sordariomycetes;Xylariales;Diatrypaceae;Diatrypella;Diatrypella_frostii	underclassification	5
F1-REF	6	2	rdp	1.0	JF908212	Root;Basidiomycota;Agaricomycetes;Agaricales;Cortinariaceae	Root;Basidiomycota;Agaricomycetes;Agaricales;Cortinariaceae;Inocybe;Inocybe_luteipes	underclassification	5
F1-REF	6	2	rdp	1.0	AF120259	Root;Ascomycota	Root;Ascomycota;Dothideomycetes;Pleosporales;Pleomassariaceae;Helminthosporium;Helminthosporium_chlorophorae	underclassification	2
F1-REF	6	2	rdp	1.0	DQ631942	Root	Root;Ascomycota;Sordariomycetes;Xylariales;Xylariaceae;Nemania;Nemania_serpens	underclassification	1
F1-REF	6	2	rdp	1.0	DQ631941	Root	Root;Ascomycota;Sordariomycetes;Xylariales;Xylariaceae;Nemania;Nemania_maritima	underclassification	1
F1-REF	6	2	rdp	1.0	DQ097357	Root	Root;Basidiomycota;Agaricomycetes;Agaricales;Physalacriaceae;Gloiocephala;Gloiocephala_epiphylla	underclassification	1
F1-REF	6	2	rdp	1.0	AF518760	Root	Root;Basidiomycota;Agaricomycetes;Polyporales;Polyporaceae;Polyporus;Polyporus_dictyopus	underclassification	1
F1-REF	6	2	rdp	1.0	DQ144617	Root;Basidiomycota	Root;Basidiomycota;Agaricomycetes;Polyporales;Fomitopsidaceae;Anomoporia;Anomoporia_vesiculosa	underclassification	2
F1-REF	6	2	rdp	1.0	EF445991	Root;Ascomycota;Orbiliomycetes;Orbiliales;Orbiliaceae	Root;Ascomycota;Orbiliomycetes;Orbiliales;Orbiliaceae;Arthrobotrys;Arthrobotrys_paucispora	underclassification	5
F1-REF	6	2	rdp	1.0	FJ464594	Root;Basidiomycota;Ustilaginomycetes;Ustilaginales;Ustilaginaceae	Root;Basidiomycota;Ustilaginomycetes;Ustilaginales;Ustilaginaceae;Pseudozyma;Pseudozyma_rugulosa	underclassification	5
F1-REF	6	2	rdp	1.0	GU234159	Root;Basidiomycota;Agaricomycetes;Agaricales;Hydnangiaceae;Laccaria	Root;Basidiomycota;Agaricomycetes;Russulales;Russulaceae;Lactarius;Lactarius_obscuratus	misclassification	3
F1-REF	6	2	rdp	1.0	GU068592	Root;Basidiomycota;Agaricomycetes;Hymenochaetales;Hymenochaetaceae;Inonotus;Inonotus_andersonii	Root;Basidiomycota;Agaricomycetes;Hymenochaetales;Hymenochaetaceae;Inonotus;Inonotus_hispidus	overclassification	6
F1-REF	6	2	rdp	1.0	EU030349	Root;Ascomycota	Root;Ascomycota;Dothideomycetes;Pleosporales;Pleosporaceae;Alternaria;Alternaria_longissima	underclassification	2
F1-REF	6	2	rdp	1.0	EU030345	Root;Ascomycota;Sordariomycetes;Xylariales;Amphisphaeriaceae;Pestalotiopsis	Root;Ascomycota;Sordariomycetes;Xylariales;Amphisphaeriaceae;Pestalotiopsis;Pestalotiopsis_photiniae	match	6
F1-REF	6	2	rdp	1.0	AJ586522	Root;Ascomycota;Saccharomycetes;Saccharomycetales;Saccharomycetaceae;Debaryomyces;Debaryomyces_hansenii	Root;Ascomycota;Saccharomycetes;Saccharomycetales;Saccharomycetaceae;Debaryomyces;Debaryomyces_robertsiae	overclassification	6
F1-REF	6	2	rdp	1.0	FR799497	Root;Ascomycota;Sordariomycetes;Microascales;Microascaceae	Root;Ascomycota;Sordariomycetes;Microascales;Microascaceae;Doratomyces;Doratomyces_castaneus	underclassification	5
F1-REF	6	2	rdp	1.0	AF399891	Root	Root;Basidiomycota;Exobasidiomycetes;Tilletiales;Tilletiaceae;Tilletia;Tilletia_hyalospora	underclassification	1
F1-REF	6	2	rdp	1.0	HQ599588	Root	Root;Ascomycota;Eurotiomycetes;Chaetothyriales;Herpotrichiellaceae;Exophiala;Exophiala_encephalarti	underclassification	1
F1-REF	6	2	rdp	1.0	AF224348	Root;Ascomycota;Lecanoromycetes;Teloschistales;Teloschistaceae	Root;Ascomycota;Lecanoromycetes;Teloschistales;Teloschistaceae;Xanthoria;Xanthoria_sorediata	underclassification	5
F1-REF	6	2	rdp	1.0	EU784323	Root	Root;Basidiomycota;Agaricomycetes;Agaricales;Hygrophoraceae;Hygrocybe;Hygrocybe_marchii	underclassification	1
F1-REF	6	2	rdp	1.0	GQ996574	Root;Ascomycota;Sordariomycetes;Sordariales	Root;Ascomycota;Sordariomycetes;Sordariales;Chaetomiaceae;Chaetomium;Chaetomium_funicola	underclassification	4
F1-REF	6	2	rdp	1.0	EU070923	Root;Basidiomycota	Root;Basidiomycota;Tremellomycetes;Tremellales;Tremellaceae;Dioszegia;Dioszegia_xingshanensis	underclassification	2
F1-REF	6	2	rdp	1.0	AF485064	Root;Basidiomycota;Agaricomycetes;Agaricales	Root;Basidiomycota;Agaricomycetes;Agaricales;Lycoperdaceae;Calvatia;Calvatia_rubro_flava	underclassification	4
F1-REF	6	2	rdp	1.0	EU935500	Root;Basidiomycota;Agaricomycetes;Agaricales;Marasmiaceae;Marasmius	Root;Basidiomycota;Agaricomycetes;Agaricales;Marasmiaceae;Marasmius;Marasmius_aff_pallescens_NW424	match	6
F1-REF	6	2	rdp	1.0	AF485069	Root;Ascomycota;Pezizomycetes;Pezizales;Sarcosomataceae;Urnula;Urnula_craterium	Root;Ascomycota;Pezizomycetes;Pezizales;Sarcosomataceae;Strumella;Strumella_coryneoidea	misclassification	5
F1-REF	6	2	rdp	1.0	AY534119	Root;Basidiomycota;Agaricomycetes;Agaricales	Root;Basidiomycota;Agaricomycetes;Agaricales;Marasmiaceae;Xerula;Xerula_radicata	underclassification	4
F1-REF	6	2	rdp	1.0	EU977545	Root;Ascomycota;Orbiliomycetes;Orbiliales;Orbiliaceae	Root;Ascomycota;Orbiliomycetes;Orbiliales;Orbiliaceae;Arthrobotrys;Arthrobotrys_thaumasia	underclassification	5
F1-REF	6	2	rdp	1.0	GU324762	Root;Ascomycota	Root;Ascomycota;Sordariomycetes;Xylariales;Xylariaceae;Podosordaria;Podosordaria_mexicana	underclassification	2
F1-REF	6	2	rdp	1.0	DQ849298	Root	Root;Ascomycota;Lecanoromycetes;Teloschistales;Physciaceae;Rinodina;Rinodina_confragosula	underclassification	1
F1-REF	6	2	rdp	1.0	FJ389933	Root;Ascomycota;Eurotiomycetes;Eurotiales;Trichocomaceae	Root;Ascomycota;Eurotiomycetes;Eurotiales;Trichocomaceae;Byssochlamys;Byssochlamys_zollerniae	underclassification	5
F1-REF	6	2	rdp	1.0	DQ885901	Root;Ascomycota;Dothideomycetes;Capnodiales	Root;Ascomycota;Dothideomycetes;Capnodiales;Teratosphaeriaceae;Teratosphaeria;Teratosphaeria_alistairii	underclassification	4
F1-REF	6	2	rdp	1.0	FN185795	Root	Root;Basidiomycota;Agaricomycetes;Thelephorales;Bankeraceae;Phellodon;Phellodon_melaleucus	underclassification	1
F1-REF	6	2	rdp	1.0	EF420145	Root;Basidiomycota;Agaricomycetes;Agaricales;Cortinariaceae;Cortinarius	Root;Basidiomycota;Agaricomycetes;Agaricales;Cortinariaceae;Cortinarius;Cortinarius_savegrensis	match	6
F1-REF	6	2	rdp	1.0	DQ182515	Root;Basidiomycota;Agaricomycetes;Agaricales;Agaricaceae;Agaricus	Root;Basidiomycota;Agaricomycetes;Agaricales;Agaricaceae;Agaricus;Agaricus_hondensis	match	6
F1-REF	6	2	rdp	1.0	EU266501	Root;Basidiomycota;Tremellomycetes;Tremellales;Tremellaceae;Dioszegia	Root;Basidiomycota;Tremellomycetes;Tremellales;Tremellaceae;Dioszegia;Dioszegia_hungarica	match	6
F1-REF	6	2	rdp	1.0	EU266500	Root;Basidiomycota;Tremellomycetes;Tremellales;Tremellaceae;Dioszegia;Dioszegia_crocea	Root;Basidiomycota;Tremellomycetes;Tremellales;Tremellaceae;Dioszegia;Dioszegia_aurantiaca	overclassification	6
F1-REF	6	2	rdp	1.0	AY251088	Root;Ascomycota	Root;Ascomycota;Dothideomycetes;Capnodiales;Mycosphaerellaceae;Mycosphaerella;Mycosphaerella_iridis	underclassification	2
F1-REF	6	2	rdp	1.0	EF619576	Root;Ascomycota;Lecanoromycetes;Lecanorales;Stereocaulaceae	Root;Ascomycota;Lecanoromycetes;Lecanorales;Stereocaulaceae;Lepraria;Lepraria_jackii	underclassification	5
F1-REF	6	2	rdp	1.0	JF950573	Root;Basidiomycota;Agaricomycetes;Polyporales	Root;Basidiomycota;Agaricomycetes;Polyporales;Fomitopsidaceae;Postia;Postia_fragilis	underclassification	4
F1-REF	6	2	rdp	1.0	FJ629333	Root;Ascomycota;Eurotiomycetes;Eurotiales;Trichocomaceae;Aspergillus	Root;Ascomycota;Eurotiomycetes;Eurotiales;Trichocomaceae;Aspergillus;Aspergillus_heteromorphus	match	6
F1-REF	6	2	rdp	1.0	AY998100	Root;Basidiomycota	Root;Basidiomycota;Ustilaginomycetes;Ustilaginales;Ustilaginaceae;Sporisorium;Sporisorium_dietelianum	underclassification	2
F1-REF	6	2	rdp	1.0	DQ374145	Root	Root;Ascomycota;Lecanoromycetes;Acarosporales;Acarosporaceae;Sarcogyne;Sarcogyne_privigna	underclassification	1
F1-REF	6	2	rdp	1.0	AF442095	Root	Root;Basidiomycota;Agaricomycetes;Gomphales;Gomphaceae;Ramaria;Ramaria_comitis	underclassification	1
F1-REF	6	2	rdp	1.0	AF243398	Root;Ascomycota	Root;Ascomycota;Dothideomycetes;Botryosphaeriales;Botryosphaeriaceae;Sphaeropsis;Sphaeropsis_ulmicola	underclassification	2
F1-REF	6	2	rdp	1.0	AF442097	Root	Root;Basidiomycota;Agaricomycetes;Gomphales;Gomphaceae;Ramaria;Ramaria_stricta	underclassification	1
F1-REF	6	2	rdp	1.0	FJ356151	Root	Root;Ascomycota;Lecanoromycetes;Lecanorales;Ramalinaceae;Ramalina;Ramalina_peruviana	underclassification	1
F1-REF	6	2	rdp	1.0	EU006543	Root;Ascomycota;Eurotiomycetes;Verrucariales;Verrucariaceae;Staurothele;Staurothele_frustulenta	Root;Ascomycota;Eurotiomycetes;Verrucariales;Verrucariaceae;Staurothele;Staurothele_areolata	overclassification	6
F1-REF	6	2	rdp	1.0	AY278839	Root;Ascomycota;Dothideomycetes;Pleosporales;Pleosporaceae	Root;Ascomycota;Dothideomycetes;Pleosporales;Pleosporaceae;Nimbya;Nimbya_caricis	underclassification	5
F1-REF	6	2	rdp	1.0	FN428895	Root;Basidiomycota;Cystobasidiomycetes;Cystobasidiales;Cystobasidiaceae;Occultifur;Occultifur_externus	Root;Basidiomycota;Cystobasidiomycetes;Cystobasidiales;Cystobasidiaceae;Occultifur;Occultifur_aff_externus_IMUFRJ_52018	overclassification	6
F1-REF	6	2	rdp	1.0	FN428890	Root;Ascomycota	Root;Ascomycota;Sordariomycetes;Coniochaetales;Coniochaetaceae;Lecythophora;Lecythophora_aff_decumbens_IMUFRJ_52014	underclassification	2
F1-REF	6	2	rdp	1.0	FN428893	Root	Root;Basidiomycota;Tremellomycetes;Filobasidiales;Filobasidiaceae;Cryptococcus;Cryptococcus_aff_gilvescens_IMUFRJ_51978	underclassification	1
F1-REF	6	2	rdp	1.0	AM085529	Root;Basidiomycota;Agaricomycetes;Boletales;Rhizopogonaceae;Rhizopogon	Root;Basidiomycota;Agaricomycetes;Boletales;Rhizopogonaceae;Rhizopogon;Rhizopogon_sardous	match	6
F1-REF	6	2	rdp	1.0	FM163198	Root;Basidiomycota;Agaricomycetes	Root;Basidiomycota;Agaricomycetes;Agaricales;Psathyrellaceae;Parasola;Parasola_lilatincta	underclassification	3
F1-REF	6	2	rdp	1.0	JF440977	Root	Root;Ascomycota;Sordariomycetes;Xylariales;Hyponectriaceae;Pseudomassaria;Pseudomassariella_vexata	underclassification	1
F1-REF	6	2	rdp	1.0	DQ322097	Root	Root;Ascomycota;Sordariomycetes;Xylariales;Xylariaceae;Hypoxylon;Hypoxylon_leptascum_var_macrosporum	underclassification	1
F1-REF	6	2	rdp	1.0	U58640	Root;Ascomycota;Leotiomycetes	Root;Ascomycota;Leotiomycetes;Helotiales;Hyaloscyphaceae;Lachnum;Lachnum_euterpes	underclassification	3
F1-REF	6	2	rdp	1.0	AY265221	Root	Root;Basidiomycota;Agaricomycetes;Hymenochaetales;Hymenochaetaceae;Phellinus;Porodaedalea_pini	underclassification	1
F1-REF	6	2	rdp	1.0	DQ200921	Root	Root;Basidiomycota;Agaricomycetes;Boletales;Boletaceae;Boletellus;Boletellus_shichianus	underclassification	1
F1-REF	6	2	rdp	1.0	DQ200923	Root	Root;Basidiomycota;Agaricomycetes;Russulales;Bondarzewiaceae;Bondarzewia;Bondarzewia_montana	underclassification	1
F1-REF	6	2	rdp	1.0	JN049868	Root;Ascomycota	Root;Ascomycota;Sordariomycetes;Hypocreales;Clavicipitaceae;Metacordyceps;Metacordyceps_khaoyaiensis	underclassification	2
F1-REF	6	2	rdp	1.0	AF505761	Root;Basidiomycota;Agaricomycetes	Root;Basidiomycota;Agaricomycetes;Agaricales;Marasmiaceae;Gymnopus;Gymnopus_omphalodes	underclassification	3
F1-REF	6	2	rdp	1.0	AY672926	Root;Basidiomycota;Agaricomycetes;Polyporales	Root;Basidiomycota;Agaricomycetes;Polyporales;Polyporaceae;Oligoporus;Postia_sericeomollis	underclassification	4
F1-REF	6	2	rdp	1.0	FM206431	Root;Ascomycota;Pezizomycetes;Pezizales;Pyronemataceae	Root;Ascomycota;Pezizomycetes;Pezizales;Pyronemataceae;Geopora;Geopora_sepulta	underclassification	5
F1-REF	6	2	rdp	1.0	JF505112	Root;Ascomycota	Root;Ascomycota;Sordariomycetes;Hypocreales;Hypocreaceae;Cladobotryum;Cladobotryum_mycophilum	underclassification	2
F1-REF	6	2	rdp	1.0	AY740164	Root;Basidiomycota;Ustilaginomycetes;Ustilaginales;Ustilaginaceae	Root;Basidiomycota;Ustilaginomycetes;Ustilaginales;Ustilaginaceae;Macalpinomyces;Macalpinomyces	underclassification	5
F1-REF	6	2	rdp	1.0	EU669324	Root;Basidiomycota;Agaricomycetes;Boletales;Rhizopogonaceae;Rhizopogon	Root;Basidiomycota;Agaricomycetes;Boletales;Rhizopogonaceae;Rhizopogon;Rhizopogon_bacillisporus	match	6
F1-REF	6	2	rdp	1.0	EU669325	Root;Basidiomycota;Agaricomycetes;Gomphales;Gomphaceae	Root;Basidiomycota;Agaricomycetes;Gomphales;Gomphaceae;Ramaria;Ramaria_coulterae	underclassification	5
F1-REF	6	2	rdp	1.0	DQ083810	Root;Basidiomycota;Agaricomycetes;Agaricales;Cortinariaceae;Cortinarius;Cortinarius_caerulescens	Root;Basidiomycota;Agaricomycetes;Agaricales;Cortinariaceae;Cortinarius;Cortinarius_rapaceus_sl_TSJ2003_100	overclassification	6
F1-REF	6	2	rdp	1.0	AF455171	Root;Ascomycota;Lecanoromycetes;Lecanorales;Cladoniaceae	Root;Ascomycota;Lecanoromycetes;Lecanorales;Cladoniaceae;Cladonia;Cladonia_ceratophylla	underclassification	5
F1-REF	6	2	rdp	1.0	JQ256430	Root;Ascomycota	Root;Ascomycota;Leotiomycetes;Helotiales;Geoglossaceae;Trichoglossum;Trichoglossum_walteri	underclassification	2
F1-REF	6	2	rdp	1.0	GU062273	Root;Ascomycota;Leotiomycetes;Helotiales;Dermateaceae	Root;Ascomycota;Leotiomycetes;Helotiales;Dermateaceae;Cryptosporiopsis;Cryptosporiopsis_radicicola	underclassification	5
F1-REF	6	2	rdp	1.0	AF455179	Root;Ascomycota;Lecanoromycetes;Lecanorales;Cladoniaceae;Cladonia	Root;Ascomycota;Lecanoromycetes;Lecanorales;Cladoniaceae;Cladonia;Cladonia_staufferi	match	6
F1-REF	6	2	rdp	1.0	AJ293884	Root	Root;Ascomycota;Sordariomycetes;Ophiostomatales;Ophiostomataceae;Ophiostoma;Ophiostoma_grandicarpum	underclassification	1
F1-REF	6	2	rdp	1.0	AF444494	Root	Root;Basidiomycota;Agaricostilbomycetes;Agaricostilbales;Chionosphaeraceae;Kurtzmanomyces;Kurtzmanomyces_nectairei	underclassification	1
F1-REF	6	2	rdp	1.0	EU784254	Root	Root;Ascomycota;Leotiomycetes;Helotiales;Geoglossaceae;Geoglossum;Geoglossum_cookeanum	underclassification	1
F1-REF	6	2	rdp	1.0	AY862570	Root	Root;Ascomycota;Sordariomycetes;Xylariales;Xylariaceae;Rosellinia;Rosellinia_capetribulensis	underclassification	1
F1-REF	6	2	rdp	1.0	HQ013098	Root;Basidiomycota;Ustilaginomycetes;Ustilaginales;Ustilaginaceae	Root;Basidiomycota;Ustilaginomycetes;Ustilaginales;Ustilaginaceae;Sporisorium;Sporisorium_consanguineum	underclassification	5
F1-REF	6	2	rdp	1.0	AF492078	Root;Ascomycota;Taphrinomycetes;Taphrinales;Taphrinaceae;Taphrina	Root;Ascomycota;Taphrinomycetes;Taphrinales;Taphrinaceae;Taphrina;Taphrina_americana	match	6
F1-REF	6	2	rdp	1.0	EU034667	Root;Ascomycota;Lecanoromycetes;Lecanorales;Parmeliaceae	Root;Ascomycota;Lecanoromycetes;Lecanorales;Parmeliaceae;Melanelixia;Melanelixia_fuliginosa	underclassification	5
F1-REF	6	2	rdp	1.0	JF834338	Root;Basidiomycota;Agaricomycetes;Russulales;Russulaceae;Russula	Root;Basidiomycota;Agaricomycetes;Russulales;Russulaceae;Russula;Russula_aff_brevipes_r_03018	match	6
F1-REF	6	2	rdp	1.0	AJ970142	Root;Ascomycota;Eurotiomycetes;Onygenales;Arthrodermataceae	Root;Ascomycota;Eurotiomycetes;Onygenales;Arthrodermataceae;Microsporum;Microsporum_duboisii	underclassification	5
F1-REF	6	2	rdp	1.0	FN423704	Root;Glomeromycota;Glomeromycetes	Root;Glomeromycota;Glomeromycetes;Diversisporales;Gigasporaceae;Scutellospora;Scutellospora_verrucosa	underclassification	3
F1-REF	6	2	rdp	1.0	JF440575	Root;Basidiomycota;Agaricomycetes;Polyporales;Meruliaceae;Phlebia;Phlebia_acerina	Root;Basidiomycota;Agaricomycetes;Polyporales;Meruliaceae;Phlebia;Phlebia_radiata	overclassification	6
F1-REF	6	2	rdp	1.0	JN661717	Root;Basidiomycota;Agaricomycetes;Boletales;Paxillaceae;Paxillus;Paxillus_involutus	Root;Basidiomycota;Agaricomycetes;Boletales;Paxillaceae;Paxillus;Paxillus_ammoniavirescens	overclassification	6
F1-REF	6	2	rdp	1.0	UDB000985	Root	Root;Ascomycota;Pezizomycetes;Pezizales;Pyronemataceae;Sowerbyella;Sowerbyella_radiculata_var._kewensis	underclassification	1
F1-REF	6	2	rdp	1.0	EU732726	Root;Ascomycota;Dothideomycetes	Root;Ascomycota;Sordariomycetes;Phyllachorales;Phyllachoraceae;Colletotrichum;Colletotrichum_lini	misclassification	2
F1-REF	6	2	rdp	1.0	DQ401558	Root	Root;Ascomycota;Lecanoromycetes;Lecanorales;Hymeneliaceae;Aspicilia;Aspicilia_contorta_subsp_hoffmanniana	underclassification	1
F1-REF	6	2	rdp	1.0	GU136184	Root;Basidiomycota;Agaricomycetes;Agaricales;Agaricaceae;Leucoagaricus	Root;Basidiomycota;Agaricomycetes;Agaricales;Agaricaceae;Lepiota;Lepiota_fuliginescens	misclassification	5
F1-REF	6	2	rdp	1.0	GU067738	Root;Basidiomycota;Agaricomycetes;Polyporales;Polyporaceae;Trametes	Root;Basidiomycota;Agaricomycetes;Polyporales;Polyporaceae;Trametes;Trametes_ochracea	match	6
F1-REF	6	2	rdp	1.0	AB278186	Root;Ascomycota	Root;Ascomycota;Sordariomycetes;Sordariales;Cephalothecaceae;Phialemonium;Phialemonium_obovatum	underclassification	2
F1-REF	6	2	rdp	1.0	AY854068	Root;Basidiomycota;Agaricomycetes	Root;Basidiomycota;Agaricomycetes;Boletales;Boletaceae;Strobilomyces;Strobilomyces_floccopus	underclassification	3
F1-REF	6	2	rdp	1.0	UDB000396	Root;Basidiomycota;Agaricomycetes	Root;Basidiomycota;Agaricomycetes;Russulales;Russulaceae;Lactifluus;Lactarius_vellereus	underclassification	3
F1-REF	6	2	rdp	1.0	DQ491513	Root;Ascomycota;Sordariomycetes;Microascales;Microascaceae	Root;Ascomycota;Sordariomycetes;Microascales;Microascaceae;Microascus;Microascus_trigonosporus	underclassification	5
F1-REF	6	2	rdp	1.0	DQ491512	Root;Ascomycota;Orbiliomycetes;Orbiliales;Orbiliaceae	Root;Ascomycota;Orbiliomycetes;Orbiliales;Orbiliaceae;Orbilia;Orbilia_auricolor	underclassification	5
F1-REF	6	2	rdp	1.0	EU707899	Root;Ascomycota;Dothideomycetes	Root;Ascomycota;Dothideomycetes;Capnodiales;Mycosphaerellaceae;Ramularia;Ramularia_proteae	underclassification	3
F1-REF	6	2	rdp	1.0	EU707898	Root;Ascomycota;Dothideomycetes;Capnodiales	Root;Ascomycota;Dothideomycetes;Capnodiales;Mycosphaerellaceae;Phaeothecoidea;Phaeothecoidea_proteae	underclassification	4
F1-REF	6	2	rdp	1.0	EF016381	Root;Ascomycota	Root;Ascomycota;Eurotiomycetes;Chaetothyriales;Herpotrichiellaceae;Cladophialophora;Cladophialophora_minutissima	underclassification	2
F1-REF	6	2	rdp	1.0	EU707897	Root;Ascomycota;Dothideomycetes;Capnodiales;Mycosphaerellaceae;Dissoconium;Dissoconium_aciculare	Root;Ascomycota;Dothideomycetes;Capnodiales;Mycosphaerellaceae;Dissoconium;Dissoconium_proteae	overclassification	6
F1-REF	6	2	rdp	1.0	JF908738	Root	Root;Basidiomycota;Agaricomycetes;Agaricales;Tricholomataceae;Tricholoma;Tricholoma_sulphurescens	underclassification	1
F1-REF	6	2	rdp	1.0	AY575919	Root;Basidiomycota;Agaricomycetes;Agaricales;Bolbitiaceae	Root;Basidiomycota;Agaricomycetes;Agaricales;Bolbitiaceae;Anamika;Anamika_angustilamellata	underclassification	5
F1-REF	6	2	rdp	1.0	AF297668	Root;Ascomycota;Lecanoromycetes;Umbilicariales;Umbilicariaceae;Umbilicaria;Umbilicaria_subglabra	Root;Ascomycota;Lecanoromycetes;Umbilicariales;Umbilicariaceae;Umbilicaria;Umbilicaria_vellea	overclassification	6
F1-REF	6	2	rdp	1.0	AY513139	Root;Basidiomycota;Agaricomycetes;Russulales;Auriscalpiaceae;Lentinellus	Root;Basidiomycota;Agaricomycetes;Russulales;Auriscalpiaceae;Lentinellus;Lentinellus_pulvinulus	match	6
F1-REF	6	2	rdp	1.0	AF350298	Root;Ascomycota;Lecanoromycetes;Peltigerales;Lobariaceae;Pseudocyphellaria	Root;Ascomycota;Lecanoromycetes;Peltigerales;Lobariaceae;Pseudocyphellaria;Pseudocyphellaria_poculifera	match	6
F1-REF	6	2	rdp	1.0	FJ903299	Root	Root;Basidiomycota;Agaricomycetes;Gloeophyllales;Gloeophyllaceae;Gloeophyllum;Gloeophyllum_odoratum	underclassification	1
F1-REF	6	2	rdp	1.0	HM347667	Root;Basidiomycota;Agaricomycetes	Root;Basidiomycota;Agaricomycetes;Boletales;Boletaceae;Boletus;Boletus_rhodopurpureus	underclassification	3
F1-REF	6	2	rdp	1.0	FJ596909	Root	Root;Basidiomycota;Agaricomycetes;Agaricales;Tricholomataceae;Tricholoma;Tricholoma_columbetta	underclassification	1
F1-REF	6	2	rdp	1.0	FJ770400	Root	Root;Basidiomycota;Agaricomycetes;Agaricales;Entolomataceae;Clitopilus;Clitopilus_popinalis	underclassification	1
F1-REF	6	2	rdp	1.0	HM347662	Root;Basidiomycota;Agaricomycetes;Boletales	Root;Basidiomycota;Agaricomycetes;Boletales;Boletaceae;Boletus;Boletus_luridus	underclassification	4
F1-REF	6	2	rdp	1.0	AF250791	Root	Root;Ascomycota;Lecanoromycetes;Teloschistales;Physciaceae;Buellia;Buellia_schaereri	underclassification	1
F1-REF	6	2	rdp	1.0	U51974	Root;Ascomycota;Orbiliomycetes;Orbiliales;Orbiliaceae	Root;Ascomycota;Orbiliomycetes;Orbiliales;Orbiliaceae;Arthrobotrys;Arthrobotrys_gephyropaga	underclassification	5
F1-REF	6	2	rdp	1.0	U51973	Root	Root;Ascomycota;Orbiliomycetes;Orbiliales;Orbiliaceae;Monacrosporium;Monacrosporium_polybrochum	underclassification	1
F1-REF	6	2	rdp	1.0	EU583422	Root;Basidiomycota;Agaricomycetes;Hymenochaetales;Schizoporaceae;Hyphodontia	Root;Basidiomycota;Agaricomycetes;Hymenochaetales;Schizoporaceae;Hyphodontia;Hyphodontia_niemelaei	match	6
F1-REF	6	2	rdp	1.0	AB459518	Root;Basidiomycota;Agaricomycetes;Russulales;Russulaceae	Root;Basidiomycota;Agaricomycetes;Russulales;Russulaceae;Russula;Russula_siamensis	underclassification	5
F1-REF	6	2	rdp	1.0	AF351868	Root;Basidiomycota	Root;Basidiomycota;Agaricomycetes;Thelephorales;Bankeraceae;Hydnellum;Hydnellum_geogenium	underclassification	2
F1-REF	6	2	rdp	1.0	DQ396959	Root	Root;Ascomycota;Lecanoromycetes;Lecanorales;Stereocaulaceae;Stereocaulon;Stereocaulon_urceolatum	underclassification	1
F1-REF	6	2	rdp	1.0	FJ770394	Root;Basidiomycota;Agaricomycetes;Agaricales;Entolomataceae;Clitopilus;Clitopilus_hobsonii	Root;Basidiomycota;Agaricomycetes;Agaricales;Tricholomataceae;Omphalina;Omphalina_mutila	misclassification	4
F1-REF	6	2	rdp	1.0	AB459512	Root	Root;Basidiomycota;Agaricomycetes;Boletales;Sclerodermataceae;Scleroderma;Scleroderma_columnare	underclassification	1
F1-REF	6	2	rdp	1.0	EF653995	Root;Basidiomycota;Ustilaginomycetes;Urocystidales	Root;Basidiomycota;Ustilaginomycetes;Urocystidales;Floromycetaceae;Antherospora;Antherospora_vindobonensis	underclassification	4
F1-REF	6	2	rdp	1.0	FJ411085	Root;Basidiomycota;Agaricomycetes;Polyporales;Polyporaceae;Perenniporiella	Root;Basidiomycota;Agaricomycetes;Polyporales;Polyporaceae;Perenniporiella;Perenniporiella_chaquenia	match	6
F1-REF	6	2	rdp	1.0	HM037979	Root;Ascomycota;Sordariomycetes;Xylariales;Amphisphaeriaceae;Truncatella;Truncatella_helichrysi	Root;Ascomycota;Sordariomycetes;Xylariales;Amphisphaeriaceae;Pestalotiopsis;Pestalotiopsis_besseyi	misclassification	5
F1-REF	6	2	rdp	1.0	DQ354545	Root	Root;Basidiomycota;Pucciniomycetes;Pucciniales;Pucciniaceae;Gymnosporangium;Gymnosporangium_clavipes	underclassification	1
F1-REF	6	2	rdp	1.0	L36657	Root;Ascomycota;Sordariomycetes	Root;Ascomycota;Sordariomycetes;Hypocreales;Nectriaceae;Nectria;Nectria_ventricosa	underclassification	3
F1-REF	6	2	rdp	1.0	AF325599	Root;Basidiomycota;Agaricomycetes;Agaricales;Cortinariaceae	Root;Basidiomycota;Agaricomycetes;Agaricales;Cortinariaceae;Thaxterogaster;Thaxterogaster_albocanus	underclassification	5
F1-REF	6	2	rdp	1.0	EU718112	Root	Root;Basidiomycota;Agaricomycetes;Boletales;Sclerodermataceae;Pisolithus;Pisolithus_aurantioscabrosus	underclassification	1
F1-REF	6	2	rdp	1.0	EU041783	Root;Ascomycota;Dothideomycetes;Capnodiales;Mycosphaerellaceae	Root;Ascomycota;Dothideomycetes;Capnodiales;Mycosphaerellaceae;Periconiella;Periconiella_velutina	underclassification	5
F1-REF	6	2	rdp	1.0	JF947189	Root	Root;Basidiomycota;Agaricomycetes;Russulales;Bondarzewiaceae;Bondarzewia;Bondarzewia_mesenterica	underclassification	1
F1-REF	6	2	rdp	1.0	DQ320135	Root	Root;Basidiomycota;Agaricomycetes;Polyporales;Meruliaceae;Phlebia;Phlebia_centrifuga	underclassification	1
F1-REF	6	2	rdp	1.0	AF357041	Root;Basidiomycota;Agaricomycetes;Agaricales	Root;Basidiomycota;Agaricomycetes;Agaricales;Lyophyllaceae;Tephrocybe;Tephrocybe_gibberosa	underclassification	4
F1-REF	6	2	rdp	1.0	JN943445	Root	Root;Ascomycota;Sordariomycetes;Microascales;Halosphaeriaceae;Corollospora;Corollospora_colossa	underclassification	1
F1-REF	6	2	rdp	1.0	AY606987	Root	Root;Basidiomycota;Agaricomycetes;Russulales;Russulaceae;Lactarius;Lactarius_aurantiifolius	underclassification	1
F1-REF	6	2	rdp	1.0	AF357045	Root;Basidiomycota;Agaricomycetes;Agaricales	Root;Basidiomycota;Agaricomycetes;Agaricales;Lyophyllaceae;Tephrocybe;Tephrocybe_inolens	underclassification	4
F1-REF	6	2	rdp	1.0	U35308	Root;Ascomycota;Sordariomycetes;Hypocreales;Ophiocordycipitaceae;Tolypocladium	Root;Ascomycota;Sordariomycetes;Hypocreales;Ophiocordycipitaceae;Tolypocladium;Tolypocladium_inflatum	match	6
F1-REF	6	2	rdp	1.0	FJ537107	Root;Ascomycota;Eurotiomycetes;Eurotiales;Trichocomaceae	Root;Ascomycota;Eurotiomycetes;Eurotiales;Trichocomaceae;Talaromyces;Talaromyces_flavus	underclassification	5
F1-REF	6	2	rdp	1.0	EU598169	Root;Basidiomycota;Agaricomycetes;Russulales;Russulaceae;Lactarius	Root;Basidiomycota;Agaricomycetes;Russulales;Russulaceae;Lactarius;Lactarius_yazooensis	match	6
F1-REF	6	2	rdp	1.0	AB451969	Root;Basidiomycota;Agaricomycetes;Agaricales;Amanitaceae;Amanita	Root;Basidiomycota;Agaricomycetes;Agaricales;Amanitaceae;Amanita;Amanita_hemibapha_subsp_javanica	match	6
F1-REF	6	2	rdp	1.0	EU819461	Root	Root;Ascomycota;Pezizomycetes;Pezizales;Pezizaceae;Peziza;Peziza_ostracoderma	underclassification	1
F1-REF	6	2	rdp	1.0	DQ407251	Root;Basidiomycota;Agaricomycetes	Root;Basidiomycota;Agaricomycetes;Boletales;Boletaceae;Boletus;Boletus_magnificus	underclassification	3
F1-REF	6	2	rdp	1.0	DQ407250	Root;Basidiomycota;Agaricomycetes	Root;Basidiomycota;Agaricomycetes;Boletales;Boletaceae;Leccinum;Leccinum_rugosiceps	underclassification	3
F1-REF	6	2	rdp	1.0	JF923612	Root;Ascomycota;Lecanoromycetes;Lecanorales;Ramalinaceae;Ramalina	Root;Ascomycota;Lecanoromycetes;Lecanorales;Ramalinaceae;Ramalina;Ramalina_yasudae	match	6
F1-REF	6	2	rdp	1.0	FJ195752	Root;Basidiomycota	Root;Basidiomycota;Dacrymycetes;Dacrymycetales;Dacrymycetaceae;Calocera;Calocera_cornea	underclassification	2
F1-REF	6	2	rdp	1.0	JF908443	Root;Basidiomycota;Agaricomycetes;Agaricales;Mycenaceae;Mycena	Root;Basidiomycota;Agaricomycetes;Agaricales;Mycenaceae;Mycena;Mycena_capillaris	match	6
F1-REF	6	2	rdp	1.0	AJ605997	Root;Ascomycota	Root;Ascomycota;Sordariomycetes;Hypocreales;Clavicipitaceae;Claviceps;Claviceps_loudetiae	underclassification	2
F1-REF	6	2	rdp	1.0	JF908110	Root;Basidiomycota;Agaricomycetes;Agaricales;Cortinariaceae;Inocybe	Root;Basidiomycota;Agaricomycetes;Agaricales;Cortinariaceae;Inocybe;Inocybe_arenicola	match	6
F1-REF	6	2	rdp	1.0	GU222322	Root;Basidiomycota;Agaricomycetes;Agaricales;Cortinariaceae	Root;Basidiomycota;Agaricomycetes;Agaricales;Cortinariaceae;Cortinarius;Cortinarius_indotatus	underclassification	5
F1-REF	6	2	rdp	1.0	GU222321	Root;Basidiomycota;Agaricomycetes;Agaricales;Cortinariaceae;Cortinarius	Root;Basidiomycota;Agaricomycetes;Agaricales;Cortinariaceae;Cortinarius;Cortinarius_singularis	match	6
F1-REF	6	2	rdp	1.0	GU222324	Root;Basidiomycota;Agaricomycetes;Russulales;Russulaceae;Russula	Root;Basidiomycota;Agaricomycetes;Russulales;Russulaceae;Russula;Russula_roseostipitata	match	6
F1-REF	6	2	rdp	1.0	GU222329	Root;Basidiomycota;Agaricomycetes;Boletales;Serpulaceae;Austropaxillus;Austropaxillus_squarrosus	Root;Basidiomycota;Agaricomycetes;Boletales;Serpulaceae;Austropaxillus;Austropaxillus_macnabbii	overclassification	6
F1-REF	6	2	rdp	1.0	UDB000164	Root;Basidiomycota;Agaricomycetes;Agaricales;Cortinariaceae;Cortinarius	Root;Basidiomycota;Agaricomycetes;Agaricales;Cortinariaceae;Cortinarius;Cortinarius_torvus	match	6
F1-REF	6	2	rdp	1.0	AB022385	Root;Ascomycota;Leotiomycetes;Erysiphales;Erysiphaceae;Podosphaera	Root;Ascomycota;Leotiomycetes;Erysiphales;Erysiphaceae;Podosphaera;Podosphaera_spiraeae	match	6
F1-REF	6	2	rdp	1.0	EU179863	Root	Root;Ascomycota;Sordariomycetes;Xylariales;Xylariaceae;Xylaria;Xylaria_cirrata	underclassification	1
F1-REF	6	2	rdp	1.0	AY541248	Root	Root;Ascomycota;Lecanoromycetes;Lecanorales;Lecanoraceae;Lecanora;Lecanora_carpinea	underclassification	1
F1-REF	6	2	rdp	1.0	EU785386	Root;Ascomycota;Sordariomycetes;Ophiostomatales;Ophiostomataceae;Leptographium;Leptographium_procerum	Root;Ascomycota;Sordariomycetes;Ophiostomatales;Ophiostomataceae;Leptographium;Leptographium_terebrantis	overclassification	6
F1-REF	6	2	rdp	1.0	EU526002	Root;Basidiomycota;Agaricomycetes;Agaricales;Entolomataceae;Entoloma;Entoloma_prunuloides	Root;Basidiomycota;Agaricomycetes;Agaricales;Entolomataceae;Entoloma;Entoloma_madidum	overclassification	6
F1-REF	6	2	rdp	1.0	HM562135	Root;Basidiomycota;Agaricomycetes;Agaricales;Pluteaceae;Pluteus;Pluteus_cervinus_var_cervinus	Root;Basidiomycota;Agaricomycetes;Agaricales;Pluteaceae;Pluteus;Pluteus_cervinus	overclassification	6
F1-REF	6	2	rdp	1.0	HM562139	Root;Basidiomycota;Agaricomycetes;Agaricales;Pluteaceae;Pluteus	Root;Basidiomycota;Agaricomycetes;Agaricales;Pluteaceae;Pluteus;Pluteus_aff_leoninus_II_TNSF11908	match	6
F1-REF	6	2	rdp	1.0	AF506471	Root;Basidiomycota	Root;Basidiomycota;Agaricomycetes;Russulales;Stereaceae;Scytinostromella;Scytinostromella_heterogenea	underclassification	2
F1-REF	6	2	rdp	1.0	FJ422904	Root;Ascomycota;Dothideomycetes;Botryosphaeriales;Botryosphaeriaceae	Root;Ascomycota;Dothideomycetes;Botryosphaeriales;Botryosphaeriaceae;Botryosphaeria;Neofusicoccum_australe	underclassification	5
F1-REF	6	2	rdp	1.0	GQ337914	Root;Basidiomycota;Agaricomycetes;Polyporales;Polyporaceae	Root;Basidiomycota;Agaricomycetes;Polyporales;Polyporaceae;Neolentinus;Neolentinus_lepideus	underclassification	5
F1-REF	6	2	rdp	1.0	DQ394383	Root;Ascomycota;Lecanoromycetes;Lecanorales;Parmeliaceae;Myelochroa	Root;Ascomycota;Lecanoromycetes;Lecanorales;Parmeliaceae;Myelochroa;Myelochroa_aurulenta	match	6
F1-REF	6	2	rdp	1.0	AF350306	Root;Ascomycota;Lecanoromycetes;Peltigerales;Lobariaceae	Root;Ascomycota;Lecanoromycetes;Peltigerales;Lobariaceae;Sticta;Sticta_squamata	underclassification	5
F1-REF	6	2	rdp	1.0	AF059597	Root;Basidiomycota;Agaricomycetes;Agaricales;Strophariaceae	Root;Basidiomycota;Agaricomycetes;Agaricales;Strophariaceae;Stropharia;Stropharia_rugosoannulata	underclassification	5
F1-REF	6	2	rdp	1.0	FJ839617	Root;Ascomycota	Root;Ascomycota;Eurotiomycetes;Chaetothyriales;Chaetothyriaceae;Cyphellophora;Cyphellophora_eugeniae	underclassification	2
F1-REF	6	2	rdp	1.0	AY795869	Root	Root;Ascomycota;Eurotiomycetes;Mycocaliciales;Mycocaliciaceae;Chaenothecopsis;Chaenothecopsis_subparoica	underclassification	1
F1-REF	6	2	rdp	1.0	AM882776	Root;Basidiomycota;Agaricomycetes;Agaricales;Cortinariaceae	Root;Basidiomycota;Agaricomycetes;Agaricales;Cortinariaceae;Inocybe;Inocybe_flavella	underclassification	5
F1-REF	6	2	rdp	1.0	UDB001165	Root;Basidiomycota;Agaricomycetes;Agaricales;Cortinariaceae;Cortinarius	Root;Basidiomycota;Agaricomycetes;Agaricales;Cortinariaceae;Cortinarius;Cortinarius_melleopallens	match	6
F1-REF	6	2	rdp	1.0	DQ323681	Root;Ascomycota;Dothideomycetes;Pleosporales;Pleosporaceae;Alternaria;Alternaria_tenuissima	Root;Ascomycota;Dothideomycetes;Pleosporales;Pleosporaceae;Alternaria;Alternaria_destruens	overclassification	6
F1-REF	6	2	rdp	1.0	FJ861426	Root;Ascomycota;Eurotiomycetes;Eurotiales;Trichocomaceae	Root;Ascomycota;Eurotiomycetes;Eurotiales;Trichocomaceae;Penicillium;Penicillium_herquei	underclassification	5
F1-REF	6	2	rdp	1.0	AF383959	Root	Root;Ascomycota;Dothideomycetes;Pleosporales;Lophiostomataceae;Massarina;Massarina_eburnea	underclassification	1
F1-REF	6	2	rdp	1.0	AF368270	Root;Ascomycota;Sordariomycetes	Root;Ascomycota;Sordariomycetes;Hypocreales;Clavicipitaceae;Metarhizium;Metarhizium_cylindrosporae	underclassification	3
F1-REF	6	2	rdp	1.0	FJ861420	Root;Ascomycota	Root;Ascomycota;Eurotiomycetes;Eurotiales;Trichocomaceae;Penicillium;Penicillium_atramentosum	underclassification	2
F1-REF	6	2	rdp	1.0	AF383953	Root	Root;Ascomycota;Dothideomycetes;Pleosporales;Lophiostomataceae;Lophiostoma;Lophiostoma_caulium	underclassification	1
F1-REF	6	2	rdp	1.0	AB505448	Root;Ascomycota;Taphrinomycetes;Taphrinales;Taphrinaceae;Taphrina	Root;Ascomycota;Taphrinomycetes;Taphrinales;Taphrinaceae;Taphrina;Taphrina_mume	match	6
F1-REF	6	2	rdp	1.0	GU968419	Root;Ascomycota;Dothideomycetes;Pleosporales;Pleosporaceae	Root;Ascomycota;Dothideomycetes;Pleosporales;Pleosporaceae;Cochliobolus;Cochliobolus_spicifer	underclassification	5
F1-REF	6	2	rdp	1.0	HM449049	Root;Ascomycota	Root;Ascomycota;Sordariomycetes;Sordariales;Chaetomiaceae;Chaetomium;Chaetomium_dolichotrichum	underclassification	2
F1-REF	6	2	rdp	1.0	GU199417	Root;Ascomycota;Sordariomycetes;Diaporthales;Valsaceae;Valsa	Root;Ascomycota;Sordariomycetes;Diaporthales;Valsaceae;Cytospora;Cytospora_eucalypticola	misclassification	5
F1-REF	6	2	rdp	1.0	FJ431230	Root;Basidiomycota;Agaricomycetes;Agaricales;Marasmiaceae;Marasmius	Root;Basidiomycota;Agaricomycetes;Agaricales;Marasmiaceae;Marasmius;Marasmius_cohaerens_var_lachnophyllus	match	6
F1-REF	6	2	rdp	1.0	EU853479	Root;Ascomycota;Dothideomycetes;Capnodiales;Mycosphaerellaceae	Root;Ascomycota;Dothideomycetes;Capnodiales;Mycosphaerellaceae;Passalora;Passalora_loranthi	underclassification	5
F1-REF	6	2	rdp	1.0	JF692195	Root	Root;Basidiomycota;Agaricomycetes;Polyporales;Polyporaceae;Navisporus;Navisporus_floccosus	underclassification	1
F1-REF	6	2	rdp	1.0	JF692199	Root;Basidiomycota;Agaricomycetes	Root;Basidiomycota;Agaricomycetes;Russulales;Bondarzewiaceae;Wrightoporia;Wrightoporia_bracei	underclassification	3
F1-REF	6	2	rdp	1.0	GU723410	Root;Ascomycota;Lecanoromycetes;Teloschistales;Teloschistaceae;Caloplaca;Caloplaca_aractina	Root;Ascomycota;Lecanoromycetes;Teloschistales;Teloschistaceae;Caloplaca;Caloplaca_haematites	overclassification	6
F1-REF	6	2	rdp	1.0	HQ179669	Root	Root;Basidiomycota;Agaricomycetes;Agaricales;Tricholomataceae;Cystoderma;Cystoderma_ponderosum	underclassification	1
F1-REF	6	2	rdp	1.0	HQ847015	Root	Root;Basidiomycota;Agaricomycetes;Agaricales;Psathyrellaceae;Coprinopsis;Coprinopsis_urticicola	underclassification	1
F1-REF	6	2	rdp	1.0	EF014255	Root;Basidiomycota;Agaricomycetes;Agaricales;Cortinariaceae;Cortinarius	Root;Basidiomycota;Agaricomycetes;Agaricales;Cortinariaceae;Cortinarius;Cortinarius_eufulmineus	match	6
F1-REF	6	2	rdp	1.0	GU207275	Root;Basidiomycota;Agaricomycetes;Polyporales	Root;Basidiomycota;Agaricomycetes;Polyporales;Polyporaceae;Lentinus;Lentinus_badius	underclassification	4
F1-REF	6	2	rdp	1.0	FJ411100	Root;Basidiomycota;Agaricomycetes;Polyporales	Root;Basidiomycota;Agaricomycetes;Polyporales;Polyporaceae;Abundisporus;Abundisporus_violaceus	underclassification	4
F1-REF	6	2	rdp	1.0	AF289074	Root	Root;Ascomycota;Pezizomycetes;Pezizales;Pyronemataceae;Pulvinula;Pulvinula_constellatio	underclassification	1
F1-REF	6	2	rdp	1.0	EU075549	Root;Ascomycota;Lecanoromycetes	Root;Ascomycota;Lecanoromycetes;Lecanorales;Lecanoraceae;Ramboldia;Ramboldia_stuartii	underclassification	3
F1-REF	6	2	rdp	1.0	EU075548	Root;Ascomycota;Lecanoromycetes	Root;Ascomycota;Lecanoromycetes;Lecanorales;Lecanoraceae;Pyrrhospora;Pyrrhospora_sanguinolenta	underclassification	3
F1-REF	6	2	rdp	1.0	HQ667592	Root	Root;Basidiomycota;Agaricomycetes;Agaricales;Tulostomataceae;Tulostoma;Tulostoma_xerophilum	underclassification	1
F1-REF	6	2	rdp	1.0	EU075544	Root;Ascomycota;Lecanoromycetes	Root;Ascomycota;Lecanoromycetes;Lecanorales;Lecanoraceae;Pyrrhospora;Pyrrhospora_laeta	underclassification	3
F1-REF	6	2	rdp	1.0	DQ328132	Root;Basidiomycota;Agaricomycetes	Root;Basidiomycota;Agaricomycetes;Boletales;Hymenogasteraceae;Hymenogaster;Hymenogaster_australis	underclassification	3
F1-REF	6	2	rdp	1.0	EU888927	Root;Ascomycota;Eurotiomycetes;Eurotiales;Trichocomaceae;Penicillium	Root;Ascomycota;Eurotiomycetes;Eurotiales;Trichocomaceae;Penicillium;Penicillium_pinophilum	match	6
F1-REF	6	2	rdp	1.0	EF420154	Root;Basidiomycota;Agaricomycetes;Agaricales;Cortinariaceae	Root;Basidiomycota;Agaricomycetes;Agaricales;Cortinariaceae;Cortinarius;Cortinarius_ovreboii	underclassification	5
F1-REF	6	2	rdp	1.0	UDB011348	Root;Basidiomycota;Agaricomycetes;Agaricales;Cortinariaceae;Cortinarius	Root;Basidiomycota;Agaricomycetes;Agaricales;Cortinariaceae;Cortinarius;Cortinarius_subtorvus	match	6
F1-REF	6	2	rdp	1.0	AY781267	Root	Root;Basidiomycota;Agaricomycetes;Polyporales;Xenasmataceae;Xenasmatella;Xenasmatella_vaga	underclassification	1
F1-REF	6	2	rdp	1.0	EU557359	Root	Root;Ascomycota;Sordariomycetes;Microascales;Halosphaeriaceae;Sigmoidea;Sigmoidea_marina	underclassification	1
F1-REF	6	2	rdp	1.0	AB239346	Root;Ascomycota;Lecanoromycetes	Root;Ascomycota;Lecanoromycetes;Peltigerales;Lobariaceae;Sticta;Sticta_gracilis	underclassification	3
F1-REF	6	2	rdp	1.0	JF908258	Root;Basidiomycota;Agaricomycetes;Agaricales;Cortinariaceae	Root;Basidiomycota;Agaricomycetes;Agaricales;Cortinariaceae;Inocybe;Inocybe_pholiotinoides	underclassification	5
F1-REF	6	2	rdp	1.0	GU187556	Root	Root;Basidiomycota;Agaricomycetes;Agaricales;Hygrophoraceae;Camarophyllopsis;Camarophyllopsis_schulzeri	underclassification	1
F1-REF	6	2	rdp	1.0	JF950566	Root;Basidiomycota;Agaricomycetes	Root;Basidiomycota;Agaricomycetes;Polyporales;Fomitopsidaceae;Postia;Postia_lateritia	underclassification	3
F1-REF	6	2	rdp	1.0	HM583842	Root;Basidiomycota;Agaricomycetes	Root;Basidiomycota;Agaricomycetes;Polyporales;Fomitopsidaceae;Postia;Postia_pelliculosa	underclassification	3
F1-REF	6	2	rdp	1.0	FJ157142	Root;Basidiomycota;Agaricomycetes;Agaricales;Cortinariaceae	Root;Basidiomycota;Agaricomycetes;Agaricales;Cortinariaceae;Cortinarius;Cortinarius_rubellus	underclassification	5
F1-REF	6	2	rdp	1.0	AF046226	Root	Root;Ascomycota;Pezizomycetes;Pezizales;Helvellaceae;Helvella;Helvella_corium	underclassification	1
F1-REF	6	2	rdp	1.0	GU234165	Root	Root;Basidiomycota;Agaricomycetes;Agaricales;Mycenaceae;Mycena;Mycena_pura	underclassification	1
F1-REF	6	2	rdp	1.0	EU514274	Root;Ascomycota	Root;Ascomycota;Dothideomycetes;Capnodiales;Mycosphaerellaceae;Mycosphaerella;Mycosphaerella_musicola	underclassification	2
F1-REF	6	2	rdp	1.0	EU035457	Root;Ascomycota	Root;Ascomycota;Dothideomycetes;Pleosporales;Venturiaceae;Venturia;Venturia_fraxini	underclassification	2
F1-REF	6	2	rdp	1.0	EU035452	Root;Ascomycota	Root;Ascomycota;Dothideomycetes;Pleosporales;Venturiaceae;Venturia;Venturia_cerasi	underclassification	2
F1-REF	6	2	rdp	1.0	AY880939	Root;Basidiomycota;Agaricomycetes;Boletales;Suillaceae;Suillus;Suillus_flavidus	Root;Basidiomycota;Agaricomycetes;Boletales;Suillaceae;Suillus;Suillus_umbonatus	overclassification	6
F1-REF	6	2	rdp	1.0	DQ494362	Root	Root;Ascomycota;Orbiliomycetes;Orbiliales;Orbiliaceae;Dactylella;Dactylella_panlongna	underclassification	1
F1-REF	6	2	rdp	1.0	AF027763	Root;Ascomycota;Dothideomycetes;Dothideales	Root;Ascomycota;Dothideomycetes;Dothideales;Dothideaceae;Dothidea;Dothidea_hippophaeos	underclassification	4
F1-REF	6	2	rdp	1.0	AF505772	Root;Basidiomycota;Agaricomycetes;Agaricales	Root;Basidiomycota;Agaricomycetes;Agaricales;Marasmiaceae;Gymnopus;Gymnopus_collybioides	underclassification	4
F1-REF	6	2	rdp	1.0	AF505770	Root	Root;Basidiomycota;Agaricomycetes;Agaricales;Marasmiaceae;Gymnopus;Gymnopus_alnicola	underclassification	1
F1-REF	6	2	rdp	1.0	GU827328	Root;Ascomycota;Lecanoromycetes;Lecanorales;Ramalinaceae;Ramalina	Root;Ascomycota;Lecanoromycetes;Lecanorales;Ramalinaceae;Ramalina;Ramalina_arabum	match	6
F1-REF	6	2	rdp	1.0	EU681317	Root;Ascomycota;Lecanoromycetes;Teloschistales;Teloschistaceae	Root;Ascomycota;Lecanoromycetes;Teloschistales;Teloschistaceae;Xanthoria;Xanthoria_inflata	underclassification	5
F1-REF	6	2	rdp	1.0	AJ247526	Root;Ascomycota;Lecanoromycetes;Lecanorales;Ramalinaceae	Root;Ascomycota;Lecanoromycetes;Lecanorales;Ramalinaceae;Biatora;Biatora_fallax	underclassification	5
F1-REF	6	2	rdp	1.0	HQ599391	Root	Root;Ascomycota;Eurotiomycetes;Pyrenulales;Massariaceae;Massaria;Massaria_campestris	underclassification	1
F1-REF	6	2	rdp	1.0	AY004801	Root;Ascomycota;Dothideomycetes;Pleosporales;Pleosporaceae	Root;Ascomycota;Dothideomycetes;Pleosporales;Pleosporaceae;Drechslera;Drechslera_poae	underclassification	5
F1-REF	6	2	rdp	1.0	EU553501	Root	Root;Ascomycota;Eurotiomycetes;Verrucariales;Verrucariaceae;Verrucaria;Verrucaria_rupestris	underclassification	1
F1-REF	6	2	rdp	1.0	AM048755	Root	Root;Ascomycota;Eurotiomycetes;Chaetothyriales;Herpotrichiellaceae;Exophiala;Exophiala_crusticola	underclassification	1
F1-REF	6	2	rdp	1.0	UDB003224	Root;Basidiomycota;Agaricomycetes;Boletales	Root;Basidiomycota;Agaricomycetes;Boletales;Boletaceae;Boletus;Boletus_radicans	underclassification	4
F1-REF	6	2	rdp	1.0	FN539054	Root;Basidiomycota;Agaricomycetes;Russulales	Root;Basidiomycota;Agaricomycetes;Russulales;Stereaceae;Stereum;Stereum_rugosum	underclassification	4
F1-REF	6	2	rdp	1.0	GU184114	Root;Ascomycota	Root;Ascomycota;Lecanoromycetes;Acarosporales;Acarosporaceae;Acarospora;Acarospora_bullata	underclassification	2
F1-REF	6	2	rdp	1.0	AF455494	Root;Ascomycota	Root;Ascomycota;Dothideomycetes;Pleosporales;Leptosphaeriaceae;Leptosphaeria;Leptosphaeria_microscopica	underclassification	2
F1-REF	6	2	rdp	1.0	EU784248	Root;Basidiomycota	Root;Basidiomycota;Agaricomycetes;Geastrales;Geastraceae;Geastrum;Geastrum_rufescens	underclassification	2
F1-REF	6	2	rdp	1.0	AY669569	Root;Basidiomycota;Agaricomycetes;Agaricales;Cortinariaceae;Cortinarius	Root;Basidiomycota;Agaricomycetes;Agaricales;Cortinariaceae;Cortinarius;Cortinarius_aureocalceolatus	match	6
F1-REF	6	2	rdp	1.0	HM484546	Root	Root;Ascomycota;Sordariomycetes;Hypocreales;Nectriaceae;Nectria;Nectria_zanthoxyli	underclassification	1
F1-REF	6	2	rdp	1.0	EU784241	Root	Root;Basidiomycota;Agaricomycetes;Geastrales;Geastraceae;Geastrum;Geastrum_pectinatum	underclassification	1
F1-REF	6	2	rdp	1.0	JN192386	Root;Ascomycota;Dothideomycetes;Pleosporales;Pleosporaceae	Root;Ascomycota;Dothideomycetes;Pleosporales;Pleosporaceae;Cochliobolus;Cochliobolus_ravenelii	underclassification	5
F1-REF	6	2	rdp	1.0	AF444486	Root	Root;Basidiomycota;Tremellomycetes;Tremellales;Tremellaceae;Bullera;Bullera_hannae	underclassification	1
F1-REF	6	2	rdp	1.0	DQ822821	Root;Basidiomycota;Agaricomycetes;Boletales;Rhizopogonaceae;Rhizopogon	Root;Basidiomycota;Agaricomycetes;Boletales;Rhizopogonaceae;Rhizopogon;Rhizopogon_occidentalis	match	6
F1-REF	6	2	rdp	1.0	DQ337381	Root;Ascomycota;Dothideomycetes;Pleosporales;Pleosporaceae	Root;Ascomycota;Dothideomycetes;Pleosporales;Pleosporaceae;Cochliobolus;Cochliobolus_lunatus	underclassification	5
F1-REF	6	2	rdp	1.0	HQ013087	Root;Basidiomycota;Ustilaginomycetes;Ustilaginales;Ustilaginaceae	Root;Basidiomycota;Ustilaginomycetes;Ustilaginales;Ustilaginaceae;Macalpinomyces;Macalpinomyces_ewartii	underclassification	5
F1-REF	6	2	rdp	1.0	FJ544860	Root;Basidiomycota;Agaricomycetes;Agaricales	Root;Basidiomycota;Agaricomycetes;Agaricales;Tricholomataceae;Tricholoma;Tricholoma_guldeniae	underclassification	4
F1-REF	6	2	rdp	1.0	AJ970152	Root;Ascomycota;Eurotiomycetes;Onygenales	Root;Ascomycota;Eurotiomycetes;Onygenales;Arthrodermataceae;Trichophyton;Trichophyton_phaseoliforme	underclassification	4
F1-REF	6	2	rdp	1.0	FJ230990	Root;Ascomycota;Eurotiomycetes;Eurotiales;Trichocomaceae;Penicillium	Root;Ascomycota;Eurotiomycetes;Eurotiales;Trichocomaceae;Penicillium;Penicillium_expansum	match	6
F1-REF	6	2	rdp	1.0	U66021	Root;Ascomycota;Pezizomycetes;Pezizales;Sarcoscyphaceae;Sarcoscypha	Root;Ascomycota;Pezizomycetes;Pezizales;Sarcoscyphaceae;Sarcoscypha;Sarcoscypha_emarginata	match	6
F1-REF	6	2	rdp	1.0	AY046212	Root;Ascomycota;Saccharomycetes;Saccharomycetales;Saccharomycetaceae;Kluyveromyces	Root;Ascomycota;Saccharomycetes;Saccharomycetales;Saccharomycetaceae;Kluyveromyces;Kluyveromyces_wickerhamii	match	6
F1-REF	6	2	rdp	1.0	AB371643	Root;Ascomycota;Sordariomycetes;Hypocreales;Clavicipitaceae;Claviceps;Claviceps_sorghicola	Root;Ascomycota;Sordariomycetes;Hypocreales;Clavicipitaceae;Claviceps;Claviceps_panicoidearum	overclassification	6
F1-REF	6	2	rdp	1.0	EF621954	Root;Basidiomycota;Microbotryomycetes;Microbotryales;Microbotryaceae;Microbotryum	Root;Basidiomycota;Microbotryomycetes;Microbotryales;Microbotryaceae;Microbotryum;Microbotryum_tragopogonis_pratensis	match	6
F1-REF	6	2	rdp	1.0	GQ355329	Root;Neocallimastigomycota;Neocallimastigomycetes;Neocallimastigales;Neocallimastigaceae	Root;Neocallimastigomycota;Neocallimastigomycetes;Neocallimastigales;Neocallimastigaceae;Neocallimastix;Neocallimastix_patriciarum	underclassification	5
F1-REF	6	2	rdp	1.0	UDB011902	Root	Root;Basidiomycota;Agaricomycetes;Agaricales;Strophariaceae;Pholiota;Pholiota_heteroclita	underclassification	1
F1-REF	6	2	rdp	1.0	GU072737	Root;Ascomycota;Lecanoromycetes;Peltigerales;Lobariaceae;Lobaria	Root;Ascomycota;Lecanoromycetes;Peltigerales;Lobariaceae;Lobaria;Lobaria_meridionalis	match	6
F1-REF	6	2	rdp	1.0	EF449525	Root	Root;Ascomycota;Saccharomycetes;Saccharomycetales;Metschnikowiaceae;Metschnikowia;Metschnikowia_pulcherrima	underclassification	1
F1-REF	6	2	rdp	1.0	AY571061	Root	Root;Basidiomycota;Agaricomycetes;Agaricales;Tricholomataceae;Resupinatus;Resupinatus_conspersus	underclassification	1
F1-REF	6	2	rdp	1.0	FR694202	Root	Root;Ascomycota;Pezizomycetes;Pezizales;Pyronemataceae;Geopora;Geopora_cooperi_f_cooperi	underclassification	1
F1-REF	6	2	rdp	1.0	AY549476	Root;Ascomycota	Root;Ascomycota;Dothideomycetes;Capnodiales;Mycosphaerellaceae;Mycosphaerella;Mycosphaerella_populi	underclassification	2
F1-REF	6	2	rdp	1.0	AF362050	Root;Ascomycota;Dothideomycetes;Capnodiales;Mycosphaerellaceae	Root;Ascomycota;Dothideomycetes;Capnodiales;Mycosphaerellaceae;Mycosphaerella;Mycosphaerella_lupini	underclassification	5
F1-REF	6	2	rdp	1.0	EU014056	Root;Basidiomycota;Pucciniomycetes;Pucciniales;Pucciniaceae	Root;Basidiomycota;Pucciniomycetes;Pucciniales;Pucciniaceae;Puccinia;Puccinia_drabae	underclassification	5
F1-REF	6	2	rdp	1.0	JF340281	Root;Ascomycota;Sordariomycetes;Xylariales;Xylariaceae;Daldinia	Root;Ascomycota;Sordariomycetes;Xylariales;Xylariaceae;Daldinia;Daldinia_loculata	match	6
F1-REF	6	2	rdp	1.0	GQ166871	Root;Basidiomycota;Agaricomycetes;Russulales;Russulaceae	Root;Basidiomycota;Agaricomycetes;Russulales;Russulaceae;Russula;Russula_subtilis	underclassification	5
F1-REF	6	2	rdp	1.0	AB036900	Root;Basidiomycota;Agaricomycetes	Root;Basidiomycota;Agaricomycetes;Agaricales;Tricholomataceae;Tricholoma;Tricholoma_japonicum	underclassification	3
F1-REF	6	2	rdp	1.0	EU707864	Root;Ascomycota;Dothideomycetes;Capnodiales;Teratosphaeriaceae	Root;Ascomycota;Dothideomycetes;Capnodiales;Teratosphaeriaceae;Teratosphaeria;Teratosphaeria_jonkershoekensis	underclassification	5
F1-REF	6	2	rdp	1.0	AF491621	Root;Ascomycota	Root;Ascomycota;Pezizomycetes;Pezizales;Pezizaceae;Peziza;Peziza_ammophila	underclassification	2
F1-REF	6	2	rdp	1.0	EU552126	Root;Ascomycota;Sordariomycetes;Xylariales	Root;Ascomycota;Sordariomycetes;Xylariales;Diatrypaceae;Eutypa;Eutypa_consobrina	underclassification	4
F1-REF	6	2	rdp	1.0	AF133180	Root;Ascomycota;Pezizomycetes;Pezizales;Pezizaceae;Peziza;Peziza_varia	Root;Ascomycota;Pezizomycetes;Pezizales;Pezizaceae;Peziza;Peziza_repanda	overclassification	6
F1-REF	6	2	rdp	1.0	FJ375328	Root;Basidiomycota;Agaricomycetes;Agaricales;Amanitaceae;Amanita;Amanita_phalloides	Root;Basidiomycota;Agaricomycetes;Agaricales;Amanitaceae;Amanita;Amanita_fritillaria	overclassification	6
F1-REF	6	2	rdp	1.0	GQ397994	Root;Basidiomycota;Agaricomycetes;Agaricales	Root;Basidiomycota;Agaricomycetes;Agaricales;Entolomataceae;Entoloma;Entoloma_sinuatum	underclassification	4
F1-REF	6	2	rdp	1.0	FM876826	Root	Root;Glomeromycota;Glomeromycetes;Diversisporales;Entrophosporaceae;Entrophospora;Entrophospora_kentinensis	underclassification	1
F1-REF	6	2	rdp	1.0	FJ560438	Root;Ascomycota;Sordariomycetes;Hypocreales	Root;Ascomycota;Sordariomycetes;Hypocreales;Nectriaceae;Neonectria;Neonectria_discophora	underclassification	4
F1-REF	6	2	rdp	1.0	AF250780	Root	Root;Ascomycota;Lecanoromycetes;Teloschistales;Physciaceae;Amandinea;Amandinea_punctata	underclassification	1
F1-REF	6	2	rdp	1.0	AF414693	Root;Basidiomycota;Tremellomycetes;Tremellales;Trichosporonaceae;Trichosporon	Root;Basidiomycota;Tremellomycetes;Tremellales;Trichosporonaceae;Trichosporon;Trichosporon_veenhuisii	match	6
F1-REF	6	2	rdp	1.0	AB378667	Root;Ascomycota;Sordariomycetes;Hypocreales;Ophiocordycipitaceae;Ophiocordyceps;Ophiocordyceps_prolifica	Root;Ascomycota;Sordariomycetes;Hypocreales;Ophiocordycipitaceae;Ophiocordyceps;Ophiocordyceps_cuboidea	overclassification	6
F1-REF	6	2	rdp	1.0	EF121858	Root;Ascomycota;Sordariomycetes;Hypocreales	Root;Ascomycota;Sordariomycetes;Hypocreales;Nectriaceae;Lanatonectria;Lanatonectria_flocculenta	underclassification	4
F1-REF	6	2	rdp	1.0	DQ120757	Root;Basidiomycota;Agaricomycetes;Agaricales;Cortinariaceae;Cortinarius	Root;Basidiomycota;Agaricomycetes;Agaricales;Cortinariaceae;Cortinarius;Cortinarius_anisatus	match	6
F1-REF	6	2	rdp	1.0	FJ411099	Root;Basidiomycota;Agaricomycetes;Polyporales	Root;Basidiomycota;Agaricomycetes;Polyporales;Polyporaceae;Perenniporia;Perenniporia_detrita	underclassification	4
F1-REF	6	2	rdp	1.0	DQ396922	Root;Ascomycota;Lecanoromycetes;Lecanorales;Stereocaulaceae;Stereocaulon	Root;Ascomycota;Lecanoromycetes;Lecanorales;Stereocaulaceae;Stereocaulon;Stereocaulon_evolutum	match	6
F1-REF	6	2	rdp	1.0	JF908057	Root	Root;Basidiomycota;Agaricomycetes;Agaricales;Hygrophoraceae;Hygrocybe;Hygrocybe_conica	underclassification	1
F1-REF	6	2	rdp	1.0	UDB000284	Root	Root;Basidiomycota;Agaricomycetes;Thelephorales;Thelephoraceae;Tomentella;Tomentella_fibrosa	underclassification	1
F1-REF	6	2	rdp	1.0	EU041799	Root	Root;Ascomycota;Dothideomycetes;Capnodiales;Mycosphaerellaceae;Ramichloridium;Ramichloridium_indicum	underclassification	1
F1-REF	6	2	rdp	1.0	FM163186	Root	Root;Basidiomycota;Agaricomycetes;Agaricales;Psathyrellaceae;Parasola;Parasola_auricoma	underclassification	1
F1-REF	6	2	rdp	1.0	JF908698	Root;Basidiomycota;Agaricomycetes;Russulales;Russulaceae	Root;Basidiomycota;Agaricomycetes;Russulales;Russulaceae;Russula;Russula_anatina	underclassification	5
F1-REF	6	2	rdp	1.0	EU365877	Root;Basidiomycota;Agaricomycetes	Root;Basidiomycota;Agaricomycetes;Agaricales;Marasmiaceae;Armillaria;Armillaria_luteovirens	underclassification	3
F1-REF	6	2	rdp	1.0	FJ527265	Root	Root;Ascomycota;Lecanoromycetes;Peltigerales;Peltigeraceae;Peltigera;Peltigera_erioderma	underclassification	1
F1-REF	6	2	rdp	1.0	HM104180	Root;Ascomycota;Dothideomycetes;Botryosphaeriales;Botryosphaeriaceae;Botryosphaeria;Diplodia_corticola	Root;Ascomycota;Dothideomycetes;Botryosphaeriales;Botryosphaeriaceae;Botryosphaeria;Botryosphaeria_corticola	overclassification	6
F1-REF	6	2	rdp	1.0	JF313659	Root;Basidiomycota;Agaricomycetes	Root;Basidiomycota;Agaricomycetes;Agaricales;Amanitaceae;Amanita;Amanita_solaniolens	underclassification	3
F1-REF	6	2	rdp	1.0	EU718103	Root	Root;Basidiomycota;Agaricomycetes;Boletales;Gyroporaceae;Gyroporus;Gyroporus_aff_cyanescens_REH8821	underclassification	1
F1-REF	6	2	rdp	1.0	AY144566	Root;Ascomycota	Root;Ascomycota;Leotiomycetes;Leotiales;Leotiaceae;Leotia;Leotia_atrovirens	underclassification	2
F1-REF	6	2	rdp	1.0	EU718104	Root	Root;Basidiomycota;Agaricomycetes;Boletales;Gyroporaceae;Gyroporus;Gyroporus_aff_cyanescens_OKM23719	underclassification	1
F1-REF	6	2	rdp	1.0	AF357052	Root;Basidiomycota;Agaricomycetes;Agaricales	Root;Basidiomycota;Agaricomycetes;Agaricales;Lyophyllaceae;Lyophyllum;Lyophyllum_caerulescens	underclassification	4
F1-REF	6	2	rdp	1.0	AY004778	Root;Ascomycota;Dothideomycetes;Pleosporales;Pleosporaceae	Root;Ascomycota;Dothideomycetes;Pleosporales;Pleosporaceae;Bipolaris;Bipolaris_portulacae	underclassification	5
F1-REF	6	2	rdp	1.0	AF101819	Root	Root;Ascomycota;Dothideomycetes;Pleosporales;Phaeosphaeriaceae;Ophiosphaerella;Ophiosphaerella_narmari	underclassification	1
F1-REF	6	2	rdp	1.0	HQ318282	Root;Basidiomycota;Agaricomycetes;Russulales;Russulaceae	Root;Basidiomycota;Agaricomycetes;Russulales;Russulaceae;Lactarius;Lactarius_clarkeae	underclassification	5
F1-REF	6	2	rdp	1.0	FJ228212	Root;Basidiomycota;Agaricomycetes;Agaricales	Root;Basidiomycota;Agaricomycetes;Agaricales;Coprinaceae;Coprinus;Coprinus_sp222	underclassification	4
F1-REF	6	2	rdp	1.0	EU057910	Root	Root;Ascomycota;Lecanoromycetes;Lecanorales;Hymeneliaceae;Aspicilia;Aspicilia_laevata	underclassification	1
F1-REF	6	2	rdp	1.0	AY219365	Root;Basidiomycota;Agaricomycetes;Polyporales;Phanerochaetaceae;Phanerochaete	Root;Basidiomycota;Agaricomycetes;Polyporales;Meruliaceae;Phlebia;Phlebia_subserialis	misclassification	4
F1-REF	6	2	rdp	1.0	JF908471	Root;Basidiomycota;Agaricomycetes;Agaricales	Root;Basidiomycota;Agaricomycetes;Agaricales;Mycenaceae;Mycena;Mycena_rosella	underclassification	4
F1-REF	6	2	rdp	1.0	GU222317	Root;Basidiomycota;Agaricomycetes;Cantharellales;Clavulinaceae;Clavulina	Root;Basidiomycota;Agaricomycetes;Cantharellales;Clavulinaceae;Clavulina;Clavulina_samuelsii	match	6
F1-REF	6	2	rdp	1.0	AY756113	Root	Root;Basidiomycota;Agaricomycetes;Boletales;Sclerodermataceae;Pisolithus;Pisolithus_indicus	underclassification	1
F1-REF	6	2	rdp	1.0	FN549914	Root	Root;Ascomycota;Dothideomycetes;Pleosporales;Venturiaceae;Fusicladium;Fusicladium_sicilianum	underclassification	1
F1-REF	6	2	rdp	1.0	AY541259	Root	Root;Ascomycota;Lecanoromycetes;Lecanorales;Lecanoraceae;Lecanora;Lecanora_rupicola	underclassification	1
F1-REF	6	2	rdp	1.0	AY176420	Root;Basidiomycota;Agaricomycetes;Agaricales;Agaricaceae	Root;Basidiomycota;Agaricomycetes;Agaricales;Agaricaceae;Leucoagaricus;Leucoagaricus_serenus	underclassification	5
F1-REF	6	2	rdp	1.0	DQ067579	Root;Basidiomycota;Agaricomycetes;Agaricales;Cortinariaceae;Inocybe;Inocybe_flocculosa_var_flocculosa	Root;Basidiomycota;Agaricomycetes;Agaricales;Cortinariaceae;Inocybe;Inocybe_rufuloides	overclassification	6
F1-REF	6	2	rdp	1.0	AY752163	Root;Ascomycota;Dothideomycetes;Capnodiales;Mycosphaerellaceae	Root;Ascomycota;Dothideomycetes;Capnodiales;Mycosphaerellaceae;Passalora;Passalora_perplexa	underclassification	5
F1-REF	6	2	rdp	1.0	HQ599427	Root	Root;Ascomycota;Eurotiomycetes;Pyrenulales;Massariaceae;Massaria;Massaria_ulmi	underclassification	1
F1-REF	6	2	rdp	1.0	EU523561	Root;Basidiomycota;Agaricomycetes;Agaricales;Cortinariaceae;Inocybe	Root;Basidiomycota;Agaricomycetes;Agaricales;Cortinariaceae;Inocybe;Inocybe_intricata	match	6
F1-REF	6	2	rdp	1.0	JN943949	Root;Basidiomycota;Agaricomycetes	Root;Basidiomycota;Agaricomycetes;Agaricales;Bolbitiaceae;Alnicola;Alnicola_luteolofibrillosa	underclassification	3
F1-REF	6	2	rdp	1.0	AF506488	Root;Basidiomycota	Root;Basidiomycota;Agaricomycetes;Russulales;Bondarzewiaceae;Wrightoporia;Wrightoporia_avellanea	underclassification	2
F1-REF	6	2	rdp	1.0	AB245089	Root	Root;Basidiomycota;Exobasidiomycetes;Exobasidiales;Exobasidiaceae;Exobasidium;Exobasidium_cylindrosporum	underclassification	1
F1-REF	6	2	rdp	1.0	AY795851	Root	Root;Ascomycota;Eurotiomycetes;Mycocaliciales;Mycocaliciaceae;Chaenothecopsis;Chaenothecopsis_consociata	underclassification	1
F1-REF	6	2	rdp	1.0	AF350315	Root	Root;Ascomycota;Lecanoromycetes;Peltigerales;Lobariaceae;Pseudocyphellaria;Pseudocyphellaria_hookeri	underclassification	1
F1-REF	6	2	rdp	1.0	DQ780453	Root;Ascomycota;Dothideomycetes;Pleosporales;Corynesporascaceae;Corynespora	Root;Ascomycota;Dothideomycetes;Pleosporales;Corynesporascaceae;Corynespora;Corynespora_cassiicola	match	6
F1-REF	6	2	rdp	1.0	AF312010	Root;Ascomycota;Dothideomycetes;Botryosphaeriales;Botryosphaeriaceae;Phyllosticta	Root;Ascomycota;Dothideomycetes;Botryosphaeriales;Botryosphaeriaceae;Phyllosticta;Phyllosticta_pyrolae	match	6
F1-REF	6	2	rdp	1.0	AF272836	Root	Root;Microsporidia;Microsporea;Microsporida;Encephalitozoonidae;Encephalitozoon;Encephalitozoon_hellem	underclassification	1
F1-REF	6	2	rdp	1.0	EU926284	Root;Ascomycota	Root;Ascomycota;Sordariomycetes;Hypocreales;Nectriaceae;Fusarium;Fusarium_dimerum	underclassification	2
F1-REF	6	2	rdp	1.0	DQ295104	Root;Basidiomycota;Agaricomycetes;Agaricales;Cortinariaceae;Cortinarius;Cortinarius_collinitus	Root;Basidiomycota;Agaricomycetes;Agaricales;Cortinariaceae;Cortinarius;Cortinarius_septentrionalis	overclassification	6
F1-REF	6	2	rdp	1.0	JN564004	Root;Ascomycota;Sordariomycetes;Sordariales;Chaetomiaceae	Root;Ascomycota;Sordariomycetes;Sordariales;Chaetomiaceae;Chaetomium;Chaetomium_luteum	underclassification	5
F1-REF	6	2	rdp	1.0	JN710599	Root;Basidiomycota;Agaricomycetes	Root;Basidiomycota;Agaricomycetes;Polyporales;Steccherinaceae;Steccherinum;Steccherinum_tenuispinum	underclassification	3
F1-REF	6	2	rdp	1.0	GQ139521	Root;Ascomycota;Sordariomycetes;Diaporthales;Diaporthaceae;Diaporthe	Root;Ascomycota;Dothideomycetes;Pleosporales;Pleosporaceae;Alternaria;Alternaria_mali	misclassification	2
F1-REF	6	2	rdp	1.0	AB070888	Root	Root;Basidiomycota;Agaricomycetes;Polyporales;Polyporaceae;Polyporus;Polyporus_tricholoma	underclassification	1
F1-REF	6	2	rdp	1.0	JN564002	Root;Ascomycota;Sordariomycetes;Sordariales;Chaetomiaceae	Root;Ascomycota;Sordariomycetes;Sordariales;Chaetomiaceae;Chaetomium;Chaetomium_jodhpurense	underclassification	5
F1-REF	6	2	rdp	1.0	FJ861419	Root;Ascomycota;Eurotiomycetes;Eurotiales;Trichocomaceae;Penicillium	Root;Ascomycota;Eurotiomycetes;Eurotiales;Trichocomaceae;Penicillium;Penicillium_novae_zeelandiae	match	6
F1-REF	6	2	rdp	1.0	FJ403218	Root;Basidiomycota;Agaricomycetes;Polyporales;Fomitopsidaceae;Daedalea	Root;Basidiomycota;Agaricomycetes;Polyporales;Fomitopsidaceae;Daedalea;Daedalea_neotropica	match	6
F1-REF	6	2	rdp	1.0	DQ102665	Root;Basidiomycota;Agaricomycetes;Agaricales;Cortinariaceae	Root;Basidiomycota;Agaricomycetes;Agaricales;Cortinariaceae;Cortinarius;Cortinarius_saniosus	underclassification	5
F1-REF	6	2	rdp	1.0	AF483607	Root	Root;Ascomycota;Lecanoromycetes;Rhizocarpales;Rhizocarpaceae;Rhizocarpon;Rhizocarpon_hochstetteri	underclassification	1
F1-REF	6	2	rdp	1.0	AF098409	Root	Root;Ascomycota;Lecanoromycetes;Teloschistales;Teloschistaceae;Teloschistes;Teloschistes_chrysophthalmus	underclassification	1
F1-REF	6	2	rdp	1.0	GU138749	Root;Ascomycota	Root;Ascomycota;Leotiomycetes;Rhytismatales;Rhytismataceae;Hypoderma;Hypoderma_rubi	underclassification	2
F1-REF	6	2	rdp	1.0	UDB008249	Root	Root;Basidiomycota;Agaricomycetes;Polyporales;Sistotremataceae;Trechispora;Trechispora	underclassification	1
F1-REF	6	2	rdp	1.0	AF017652	Root	Root;Ascomycota;Sordariomycetes;Diaporthales;Togniniaceae;Phaeoacremonium;Phaeoacremonium_chlamydosporum	underclassification	1
F1-REF	6	2	rdp	1.0	GU233353	Root;Basidiomycota;Agaricomycetes;Agaricales;Cortinariaceae	Root;Basidiomycota;Agaricomycetes;Agaricales;Cortinariaceae;Cortinarius;Cortinarius_viscilaetus	underclassification	5
F1-REF	6	2	rdp	1.0	AF383962	Root	Root;Ascomycota;Dothideomycetes;Pleosporales;Lophiostomataceae;Massarina;Massarina_ramunculicola	underclassification	1
F1-REF	6	2	rdp	1.0	GU233356	Root;Basidiomycota;Agaricomycetes;Agaricales;Cortinariaceae	Root;Basidiomycota;Agaricomycetes;Agaricales;Cortinariaceae;Cortinarius;Cortinarius_caryotis	underclassification	5
F1-REF	6	2	rdp	1.0	JN943306	Root;Ascomycota	Root;Ascomycota;Sordariomycetes;Hypocreales;Clavicipitaceae;Cordyceps;Cordyceps_pleuricapitata	underclassification	2
F1-REF	6	2	rdp	1.0	HQ586862	Root;Basidiomycota;Agaricomycetes	Root;Basidiomycota;Agaricomycetes;Agaricales;Cortinariaceae;Inocybe;Inocybe_petiginosa	underclassification	3
F1-REF	6	2	rdp	1.0	AM159631	Root;Ascomycota;Dothideomycetes;Capnodiales;Mycosphaerellaceae;Cladosporium;Cladosporium_cucumerinum	Root;Ascomycota;Dothideomycetes;Capnodiales;Mycosphaerellaceae;Cladosporium;Cladosporium_sphaerospermum	overclassification	6
F1-REF	6	2	rdp	1.0	AY669641	Root;Basidiomycota;Agaricomycetes;Agaricales;Cortinariaceae;Cortinarius	Root;Basidiomycota;Agaricomycetes;Agaricales;Cortinariaceae;Cortinarius;Cortinarius_persicanus	match	6
F1-REF	6	2	rdp	1.0	HQ586861	Root;Basidiomycota;Agaricomycetes;Agaricales	Root;Basidiomycota;Agaricomycetes;Agaricales;Cortinariaceae;Inocybe;Inocybe_aff_xanthomelas_PAM07062202	underclassification	4
F1-REF	6	2	rdp	1.0	FM205507	Root;Ascomycota;Pezizomycetes;Pezizales;Tuberaceae;Tuber	Root;Ascomycota;Pezizomycetes;Pezizales;Tuberaceae;Tuber;Tuber_oligospermum	match	6
F1-REF	6	2	rdp	1.0	EU153545	Root;Basidiomycota;Agaricomycetes;Polyporales;Polyporaceae;Trametes;Trametes_versicolor	Root;Basidiomycota;Agaricomycetes;Polyporales;Polyporaceae;Trametes;Trametes_pubescens	overclassification	6
F1-REF	6	2	rdp	1.0	EU570189	Root;Basidiomycota;Agaricomycetes	Root;Basidiomycota;Agaricomycetes;Agaricales;Bolbitiaceae;Naucoria;Naucoria_celluloderma	underclassification	3
F1-REF	6	2	rdp	1.0	HQ586865	Root;Basidiomycota;Agaricomycetes;Agaricales	Root;Basidiomycota;Agaricomycetes;Agaricales;Cortinariaceae;Inocybe;Inocybe_tabacina	underclassification	4
F1-REF	6	2	rdp	1.0	AF547662	Root	Root;Basidiomycota;Tremellomycetes;Tremellales;Tremellaceae;Bullera;Bullera_arundinariae	underclassification	1
F1-REF	6	2	rdp	1.0	DQ525510	Root;Ascomycota	Root;Ascomycota;Lecanoromycetes;Acarosporales;Acarosporaceae;Pleopsidium;Pleopsidium_discurrens	underclassification	2
F1-REF	6	2	rdp	1.0	AY347328	Root;Ascomycota;Sordariomycetes;Diaporthales;Valsaceae	Root;Ascomycota;Sordariomycetes;Diaporthales;Valsaceae;Valsa;Valsa_friesii	underclassification	5
F1-REF	6	2	rdp	1.0	AJ842332	Root;Ascomycota;Sordariomycetes;Microascales;Microascaceae;Scedosporium;Scedosporium_apiospermum	Root;Ascomycota;Sordariomycetes;Microascales;Microascaceae;Pseudallescheria;Pseudallescheria_boydii	misclassification	5
F1-REF	6	2	rdp	1.0	AF229483	Root;Ascomycota;Dothideomycetes;Pleosporales;Pleosporaceae;Stemphylium	Root;Ascomycota;Dothideomycetes;Pleosporales;Pleosporaceae;Stemphylium;Stemphylium_sarciniforme	match	6
F1-REF	6	2	rdp	1.0	EU718123	Root	Root;Basidiomycota;Agaricomycetes;Boletales;Sclerodermataceae;Scleroderma;Scleroderma_polyrhizum	underclassification	1
F1-REF	6	2	rdp	1.0	JN392453	Root;Basidiomycota;Agaricomycetes;Agaricales;Tricholomataceae;Melanoleuca;Melanoleuca_vulgaris	Root;Basidiomycota;Agaricomycetes;Agaricales;Tricholomataceae;Melanoleuca;Melanoleuca_subpulverulenta	overclassification	6
F1-REF	6	2	rdp	1.0	FJ904160	Root;Basidiomycota;Agaricomycetes;Agaricales;Cortinariaceae;Inocybe;Inocybe_godfrinioides	Root;Basidiomycota;Agaricomycetes;Agaricales;Cortinariaceae;Inocybe;Inocybe_bulbosissima	overclassification	6
F1-REF	6	2	rdp	1.0	GU229888	Root;Ascomycota;Dothideomycetes;Botryosphaeriales;Botryosphaeriaceae;Saccharata	Root;Ascomycota;Dothideomycetes;Botryosphaeriales;Botryosphaeriaceae;Saccharata;Saccharata_intermedia	match	6
F1-REF	6	2	rdp	1.0	EU935527	Root;Basidiomycota;Agaricomycetes;Agaricales;Marasmiaceae;Marasmius	Root;Basidiomycota;Agaricomycetes;Agaricales;Marasmiaceae;Marasmius;Marasmius_haematocephalus	match	6
F1-REF	6	2	rdp	1.0	EU935525	Root;Basidiomycota;Agaricomycetes;Agaricales;Marasmiaceae;Marasmius	Root;Basidiomycota;Agaricomycetes;Agaricales;Marasmiaceae;Marasmius;Marasmius_haematocephalus_NW_2008a	match	6
F1-REF	6	2	rdp	1.0	JF907824	Root;Basidiomycota;Agaricomycetes;Agaricales;Bolbitiaceae	Root;Basidiomycota;Agaricomycetes;Agaricales;Bolbitiaceae;Conocybe;Conocybe_bulbifera	underclassification	5
F1-REF	6	2	rdp	1.0	FJ861968	Root;Ascomycota;Leotiomycetes;Rhytismatales;Rhytismataceae;Lophodermium;Lophodermium_conigenum	Root;Ascomycota;Leotiomycetes;Rhytismatales;Rhytismataceae;Lophodermium;Lophodermium_australe	overclassification	6
F1-REF	6	2	rdp	1.0	GQ303294	Root;Ascomycota;Dothideomycetes;Myriangiales;Elsinoaceae	Root;Ascomycota;Dothideomycetes;Myriangiales;Elsinoaceae;Sphaceloma;Sphaceloma_tectificae	underclassification	5
F1-REF	6	2	rdp	1.0	GQ303296	Root;Ascomycota	Root;Ascomycota;Dothideomycetes;Dothideales;Dothioraceae;Sydowia;Sydowia_eucalypti	underclassification	2
F1-REF	6	2	rdp	1.0	DQ073396	Root;Microsporidia;Microsporea;Microsporida;Nosematidae;Nosema;Nosema_bombycis	Root;Microsporidia;Microsporea;Microsporida;Nosematidae;Nosema;Nosema_antheraeae	overclassification	6
F1-REF	6	2	rdp	1.0	FJ861965	Root	Root;Ascomycota;Leotiomycetes;Rhytismatales;Rhytismataceae;Lophodermium;Lophodermium_agathidis	underclassification	1
F1-REF	6	2	rdp	1.0	HM191746	Root	Root;Basidiomycota;Agaricomycetes;Agaricales;Marasmiaceae;Clitocybula;Clitocybula_lacerata	underclassification	1
F1-REF	6	2	rdp	1.0	HQ650654	Root	Root;Ascomycota;Lecanoromycetes;Lecanorales;Micareaceae;Micarea;Micarea_doliiformis	underclassification	1
F1-REF	6	2	rdp	1.0	AY916492	Root	Root;Ascomycota;Dothideomycetes;Pleosporales;Tubeufiaceae;Acanthostigma;Acanthostigma_perpusillum	underclassification	1
F1-REF	6	2	rdp	1.0	FJ708934	Root	Root;Ascomycota;Lecanoromycetes;Peltigerales;Peltigeraceae;Peltigera;Peltigera_horizontalis	underclassification	1
F1-REF	6	2	rdp	1.0	FJ548826	Root;Ascomycota;Eurotiomycetes	Root;Ascomycota;Eurotiomycetes;Eurotiales;Trichocomaceae;Talaromyces;Talaromyces_byssochlamydoides	underclassification	3
F1-REF	6	2	rdp	1.0	DQ677496	Root	Root;Basidiomycota;Agaricomycetes;Polyporales;Hyphodermataceae;Hyphoderma;Hyphoderma_litschaueri	underclassification	1
F1-REF	6	2	rdp	1.0	GU187546	Root	Root;Basidiomycota;Agaricomycetes;Boletales;Coniophoraceae;Serpula;Serpula_similis	underclassification	1
F1-REF	6	2	rdp	1.0	DQ917653	Root;Basidiomycota;Agaricomycetes;Agaricales;Lyophyllaceae;Ossicaulis;Ossicaulis_lignatilis	Root;Basidiomycota;Agaricomycetes;Agaricales;Lyophyllaceae;Hypsizygus;Hypsizygus_tessulatus	misclassification	5
F1-REF	6	2	rdp	1.0	DQ394378	Root;Ascomycota;Lecanoromycetes;Lecanorales;Cladoniaceae;Cladonia	Root;Ascomycota;Lecanoromycetes;Lecanorales;Cladoniaceae;Cladonia;Cladonia_coniocraea	match	6
F1-REF	6	2	rdp	1.0	JF907914	Root;Basidiomycota;Agaricomycetes;Agaricales;Cortinariaceae	Root;Basidiomycota;Agaricomycetes;Agaricales;Cortinariaceae;Cortinarius;Cortinarius_albovariegatus	underclassification	5
F1-REF	6	2	rdp	1.0	DQ974690	Root;Basidiomycota;Agaricomycetes;Agaricales;Amanitaceae;Amanita	Root;Basidiomycota;Agaricomycetes;Agaricales;Amanitaceae;Amanita;Amanita_novinupta	match	6
F1-REF	6	2	rdp	1.0	DQ083806	Root;Basidiomycota;Agaricomycetes;Agaricales;Cortinariaceae;Cortinarius	Root;Basidiomycota;Agaricomycetes;Agaricales;Cortinariaceae;Cortinarius;Cortinarius_prasinocyaneus	match	6
F1-REF	6	2	rdp	1.0	AF140254	Root;Basidiomycota;Agaricomycetes;Russulales;Russulaceae;Lactarius	Root;Basidiomycota;Agaricomycetes;Russulales;Russulaceae;Lactarius;Lactarius_subsericatus	match	6
F1-REF	6	2	rdp	1.0	AY999128	Root	Root;Ascomycota;Sordariomycetes;Sordariales;Lasiosphaeriaceae;Zopfiella;Zopfiella_karachiensis	underclassification	1
F1-REF	6	2	rdp	1.0	EU846240	Root	Root;Basidiomycota;Agaricomycetes;Boletales;Paxillaceae;Alpova;Alpova_alexsmithii	underclassification	1
F1-REF	6	2	rdp	1.0	EF179805	Root;Ascomycota;Lecanoromycetes;Lecanorales;Parmeliaceae;Usnea	Root;Ascomycota;Lecanoromycetes;Lecanorales;Parmeliaceae;Usnea;Usnea_subantarctica	match	6
F1-REF	6	2	rdp	1.0	AF482859	Root	Root;Basidiomycota;Agaricomycetes;Agaricales;Agaricaceae;Leucocoprinus;Leucocoprinus_brebissonii	underclassification	1
F1-REF	6	2	rdp	1.0	DQ083800	Root;Basidiomycota;Agaricomycetes;Agaricales;Cortinariaceae;Cortinarius	Root;Basidiomycota;Agaricomycetes;Agaricales;Cortinariaceae;Cortinarius;Cortinarius_neolangei	match	6
F1-REF	6	2	rdp	1.0	EU118662	Root;Basidiomycota;Agaricomycetes	Root;Basidiomycota;Agaricomycetes;Polyporales;Phanerochaetaceae;Phlebiopsis;Phlebiopsis_flavidoalba	underclassification	3
F1-REF	6	2	rdp	1.0	JN813394	Root;Ascomycota;Lecanoromycetes;Teloschistales;Teloschistaceae	Root;Ascomycota;Lecanoromycetes;Teloschistales;Teloschistaceae;Caloplaca;Caloplaca_marmorata	underclassification	5
F1-REF	6	2	rdp	1.0	AY755347	Root	Root;Ascomycota;Leotiomycetes;Helotiales;Helotiaceae;Chlorociboria;Chlorociboria_albohymenia	underclassification	1
F1-REF	6	2	rdp	1.0	FJ860760	Root;Ascomycota;Sordariomycetes;Hypocreales;Hypocreaceae	Root;Ascomycota;Sordariomycetes;Hypocreales;Hypocreaceae;Hypocrea;Hypocrea_gelatinosa	underclassification	5
F1-REF	6	2	rdp	1.0	JN813398	Root;Ascomycota;Lecanoromycetes;Teloschistales;Teloschistaceae;Caloplaca	Root;Ascomycota;Lecanoromycetes;Teloschistales;Teloschistaceae;Caloplaca;Caloplaca_aff_dolomiticola_9112	match	6
F1-REF	6	2	rdp	1.0	GQ152145	Root;Ascomycota;Leotiomycetes;Helotiales	Root;Ascomycota;Leotiomycetes;Helotiales;Helotiaceae;Hymenoscyphus;Articulospora_tetracladia	underclassification	4
F1-REF	6	2	rdp	1.0	DQ286221	Root;Ascomycota;Sordariomycetes;Phyllachorales;Phyllachoraceae;Colletotrichum	Root;Ascomycota;Sordariomycetes;Phyllachorales;Phyllachoraceae;Colletotrichum;Colletotrichum_agaves	match	6
F1-REF	6	2	rdp	1.0	FJ493186	Root;Ascomycota	Root;Ascomycota;Dothideomycetes;Capnodiales;Mycosphaerellaceae;Kirramyces;Kirramyces_viscidus	underclassification	2
F1-REF	6	2	rdp	1.0	AY603134	Root;Ascomycota;Lecanoromycetes	Root;Ascomycota;Lecanoromycetes;Umbilicariales;Umbilicariaceae;Umbilicaria;Umbilicaria_krascheninnikovii	underclassification	3
F1-REF	6	2	rdp	1.0	HQ832450	Root;Basidiomycota;Agaricomycetes;Agaricales;Inocybaceae;Pleuroflammula;Pleuroflammula_flammea	Root;Basidiomycota;Agaricomycetes;Agaricales;Inocybaceae;Pleuroflammula;Pleuroflammula_praestans	overclassification	6
F1-REF	6	2	rdp	1.0	HM484551	Root;Ascomycota	Root;Ascomycota;Sordariomycetes;Hypocreales;Nectriaceae;Nectria;Nectria_aurigera	underclassification	2
F1-REF	6	2	rdp	1.0	AB180682	Root	Root;Basidiomycota;Exobasidiomycetes;Exobasidiales;Exobasidiaceae;Exobasidium;Exobasidium_caucasicum	underclassification	1
F1-REF	6	2	rdp	1.0	HQ604215	Root;Basidiomycota;Agaricomycetes;Agaricales;Cortinariaceae;Inocybe	Root;Basidiomycota;Agaricomycetes;Agaricales;Cortinariaceae;Inocybe;Inocybe_fuscidula_var_fuscidula	match	6
F1-REF	6	2	rdp	1.0	GU258235	Root;Basidiomycota;Agaricomycetes;Russulales;Russulaceae	Root;Basidiomycota;Agaricomycetes;Russulales;Russulaceae;Lactarius;Lactarius_aff_gerardii_REHalling8262	underclassification	5
F1-REF	6	2	rdp	1.0	AF505747	Root;Basidiomycota;Agaricomycetes;Agaricales	Root;Basidiomycota;Agaricomycetes;Agaricales;Marasmiaceae;Gymnopus;Gymnopus_pseudolodgeae	underclassification	4
F1-REF	6	2	rdp	1.0	AY587932	Root;Ascomycota;Sordariomycetes	Root;Ascomycota;Sordariomycetes;Sordariales;Lasiosphaeriaceae;Lasiosphaeria;Lasiosphaeria_rugulosa	underclassification	3
F1-REF	6	2	rdp	1.0	AF389154	Root;Basidiomycota;Agaricomycetes;Agaricales;Cortinariaceae;Cortinarius	Root;Basidiomycota;Agaricomycetes;Agaricales;Cortinariaceae;Cortinarius;Cortinarius_bulliardii	match	6
F1-REF	6	2	rdp	1.0	FJ748900	Root	Root;Ascomycota;Pezizomycetes;Pezizales;Tuberaceae;Tuber;Tuber_brumale	underclassification	1
F1-REF	6	2	rdp	1.0	HQ599381	Root;Ascomycota;Eurotiomycetes;Pyrenulales;Massariaceae;Massaria	Root;Ascomycota;Eurotiomycetes;Pyrenulales;Massariaceae;Massaria;Massaria_ariae	match	6
F1-REF	6	2	rdp	1.0	DQ302954	Root;Ascomycota;Dothideomycetes;Capnodiales;Mycosphaerellaceae	Root;Ascomycota;Dothideomycetes;Capnodiales;Mycosphaerellaceae;Mycosphaerella;Mycosphaerella_eucalyptorum	underclassification	5
F1-REF	6	2	rdp	1.0	HQ725088	Root;Ascomycota;Lecanoromycetes;Lecanorales;Parmeliaceae	Root;Ascomycota;Lecanoromycetes;Lecanorales;Parmeliaceae;Hypogymnia;Hypogymnia_pulverata	underclassification	5
F1-REF	6	2	rdp	1.0	U68325	Root;Ascomycota	Root;Ascomycota;Eurotiomycetes;Ascosphaerales;Ascosphaeraceae;Ascosphaera;Ascosphaera_celerrima	underclassification	2
F1-REF	6	2	rdp	1.0	JQ801414	Root;Basidiomycota;Agaricomycetes;Agaricales;Cortinariaceae;Inocybe	Root;Basidiomycota;Agaricomycetes;Agaricales;Cortinariaceae;Inocybe;Inocybe_rimosoides	match	6
F1-REF	6	2	rdp	1.0	AF444471	Root	Root;Basidiomycota;Tremellomycetes;Tremellales;Tremellaceae;Bullera;Bullera_penniseticola	underclassification	1
F1-REF	6	2	rdp	1.0	EF094829	Root;Ascomycota;Eurotiomycetes;Eurotiales;Trichocomaceae;Aspergillus	Root;Ascomycota;Eurotiomycetes;Eurotiales;Trichocomaceae;Aspergillus;Aspergillus_niger	match	6
F1-REF	6	2	rdp	1.0	GU062254	Root;Ascomycota;Dothideomycetes	Root;Ascomycota;Dothideomycetes;Pleosporales;Leptosphaeriaceae;Peyronellaea;Peyronellaea_glomerata	underclassification	3
F1-REF	6	2	rdp	1.0	EF488446	Root;Ascomycota;Eurotiomycetes;Eurotiales;Trichocomaceae;Penicillium	Root;Ascomycota;Eurotiomycetes;Eurotiales;Trichocomaceae;Eupenicillium;Eupenicillium_brefeldianum	misclassification	5
F1-REF	6	2	rdp	1.0	FJ596832	Root	Root;Basidiomycota;Agaricomycetes;Agaricales;Amanitaceae;Amanita;Amanita_longipes	underclassification	1
F1-REF	6	2	rdp	1.0	AB221450	Root;Basidiomycota;Pucciniomycetes;Pucciniales	Root;Basidiomycota;Pucciniomycetes;Pucciniales;Pucciniastraceae;Pucciniastrum;Pucciniastrum_boehmeriae	underclassification	4
F1-REF	6	2	rdp	1.0	AY261367	Root	Root;Ascomycota;Sordariomycetes;Hypocreales;Clavicipitaceae;Beauveria;Beauveria_felina	underclassification	1
F1-REF	6	2	rdp	1.0	FJ643076	Root;Ascomycota	Root;Ascomycota;Sordariomycetes;Hypocreales;Cordycipitaceae;Torrubiella;Lecanicillium_lecanii	underclassification	2
F1-REF	6	2	rdp	1.0	FJ169667	Root;Ascomycota;Leotiomycetes;Helotiales;Sclerotiniaceae	Root;Ascomycota;Leotiomycetes;Helotiales;Sclerotiniaceae;Botryotinia;Botryotinia_fuckeliana	underclassification	5
F1-REF	6	2	rdp	1.0	EF621945	Root;Basidiomycota;Microbotryomycetes;Microbotryales;Microbotryaceae	Root;Basidiomycota;Microbotryomycetes;Microbotryales;Microbotryaceae;Microbotryum;Microbotryum_pustulatum	underclassification	5
F1-REF	6	2	rdp	1.0	FJ998402	Root;Basidiomycota;Agaricomycetes;Agaricales;Agaricaceae;Lepiota;Lepiota_echinella	Root;Basidiomycota;Agaricomycetes;Agaricales;Agaricaceae;Lepiota;Lepiota_speciosa	overclassification	6
F1-REF	6	2	rdp	1.0	FJ889449	Root;Ascomycota	Root;Ascomycota;Sordariomycetes;Diaporthales;Diaporthaceae;Diaporthe;Diaporthe_strumella_var_longispora	underclassification	2
F1-REF	6	2	rdp	1.0	FR750193	Root;Glomeromycota;Glomeromycetes;Glomerales;Glomeraceae	Root;Glomeromycota;Glomeromycetes;Glomerales;Glomeraceae;Rhizophagus;Rhizophagus_irregularis	underclassification	5
F1-REF	6	2	rdp	1.0	EU919693	Root;Ascomycota;Dothideomycetes;Botryosphaeriales;Botryosphaeriaceae;Botryosphaeria;Botryosphaeria_stevensii	Root;Ascomycota;Dothideomycetes;Botryosphaeriales;Botryosphaeriaceae;Diplodia;Diplodia_mutila	misclassification	5
F1-REF	6	2	rdp	1.0	AB054020	Root;Ascomycota;Saccharomycetes;Saccharomycetales	Root;Ascomycota;Saccharomycetes;Saccharomycetales;Saccharomycetaceae;Debaryomyces;Debaryomyces_occidentalis_var_persoonii	underclassification	4
F1-REF	6	2	rdp	1.0	AY341338	Root	Root;Ascomycota;Taphrinomycetes;Taphrinales;Taphrinaceae;Taphrina;Taphrina_kruchii	underclassification	1
F1-REF	6	2	rdp	1.0	AJ874113	Root	Root;Ascomycota;Eurotiomycetes;Eurotiales;Trichocomaceae;Aspergillus;Aspergillus_togoensis	underclassification	1
F1-REF	6	2	rdp	1.0	EU623713	Root;Basidiomycota;Agaricomycetes;Agaricales;Marasmiaceae	Root;Basidiomycota;Agaricomycetes;Agaricales;Marasmiaceae;Megacollybia;Megacollybia_platyphylla	underclassification	5
F1-REF	6	2	rdp	1.0	FJ196780	Root;Ascomycota;Saccharomycetes;Saccharomycetales;Saccharomycetaceae	Root;Ascomycota;Saccharomycetes;Saccharomycetales;Saccharomycetaceae;Kazachstania;Kazachstania_jiainicus	underclassification	5
F1-REF	6	2	rdp	1.0	UDB011621	Root;Basidiomycota;Agaricomycetes;Agaricales	Root;Basidiomycota;Agaricomycetes;Agaricales;Cortinariaceae;Inocybe;Inocybe	underclassification	4
F1-REF	6	2	rdp	1.0	AY739108	Root;Ascomycota;Leotiomycetes;Erysiphales;Erysiphaceae	Root;Ascomycota;Leotiomycetes;Erysiphales;Erysiphaceae;Neoerysiphe;Neoerysiphe_cumminsiana	underclassification	5
F1-REF	6	2	rdp	1.0	EU014045	Root;Basidiomycota;Pucciniomycetes;Pucciniales;Pucciniaceae	Root;Basidiomycota;Pucciniomycetes;Pucciniales;Pucciniaceae;Puccinia;Puccinia_recondita	underclassification	5
F1-REF	6	2	rdp	1.0	FJ871064	Root;Ascomycota;Lecanoromycetes;Lecanorales	Root;Ascomycota;Lecanoromycetes;Lecanorales;Ramalinaceae;Niebla;Niebla_ceruchis	underclassification	4
F1-REF	6	2	rdp	1.0	AY487968	Root	Root;Basidiomycota;Agaricomycetes;Geastrales;Geastraceae;Sphaerobolus;Sphaerobolus_iowensis	underclassification	1
F1-REF	6	2	rdp	1.0	AF439498	Root	Root;Ascomycota;Dothideomycetes;Pleosporales;Phaeosphaeriaceae;Phaeosphaeria;Phaeosphaeria_pleurospora	underclassification	1
F1-REF	6	2	rdp	1.0	JF499846	Root;Ascomycota;Dothideomycetes;Capnodiales;Teratosphaeriaceae;Teratosphaeria	Root;Ascomycota;Dothideomycetes;Capnodiales;Teratosphaeriaceae;Teratosphaeria;Teratosphaeria_karinae	match	6
F1-REF	6	2	rdp	1.0	AY177309	Root;Ascomycota;Eurotiomycetes;Onygenales;Onygenaceae;Auxarthron;Auxarthron_conjugatum	Root;Ascomycota;Eurotiomycetes;Onygenales;Onygenaceae;Auxarthron;Auxarthron_umbrinum	overclassification	6
F1-REF	6	2	rdp	1.0	JF499842	Root;Ascomycota;Dothideomycetes;Capnodiales	Root;Ascomycota;Dothideomycetes;Capnodiales;Teratosphaeriaceae;Penidiella;Penidiella_aggregata	underclassification	4
F1-REF	6	2	rdp	1.0	JF499841	Root;Ascomycota;Eurotiomycetes;Chaetothyriales;Herpotrichiellaceae	Root;Ascomycota;Eurotiomycetes;Chaetothyriales;Herpotrichiellaceae;Exophiala;Exophiala_capensis	underclassification	5
F1-REF	6	2	rdp	1.0	U82455	Root;Ascomycota;Saccharomycetes;Saccharomycetales;Lipomycetaceae;Lipomyces	Root;Ascomycota;Saccharomycetes;Saccharomycetales;Lipomycetaceae;Lipomyces;Lipomyces_spencermartinsiae	match	6
F1-REF	6	2	rdp	1.0	AF325607	Root;Basidiomycota;Agaricomycetes;Agaricales;Cortinariaceae;Cortinarius	Root;Basidiomycota;Agaricomycetes;Agaricales;Cortinariaceae;Cortinarius;Cortinarius_citriolens	match	6
F1-REF	6	2	rdp	1.0	FJ005107	Root;Ascomycota;Leotiomycetes;Helotiales	Root;Ascomycota;Leotiomycetes;Helotiales;Helotiaceae;Crocicreas;Crocicreas_cacaliae	underclassification	4
F1-REF	6	2	rdp	1.0	EU852799	Root	Root;Ascomycota;Pezizomycetes;Pezizales;Pyronemataceae;Otidea;Otidea_smithii	underclassification	1
F1-REF	6	2	rdp	1.0	EF592116	Root	Root;Basidiomycota;Microbotryomycetes;Sporidiobolales;Sporidiobolaceae;Sporidiobolus;Sporidiobolus_salmonicolor	underclassification	1
F1-REF	6	2	rdp	1.0	AY061716	Root;Basidiomycota;Agaricomycetes;Russulales;Russulaceae;Russula	Root;Basidiomycota;Agaricomycetes;Russulales;Russulaceae;Russula;Russula_roseipes	match	6
F1-REF	6	2	rdp	1.0	AF444299	Root;Basidiomycota;Tremellomycetes	Root;Basidiomycota;Tremellomycetes;Cystofilobasidiales;Cystofilobasidiaceae;Cystofilobasidium;Cystofilobasidium_bisporidii	underclassification	3
F1-REF	6	2	rdp	1.0	AF439495	Root;Ascomycota;Dothideomycetes;Pleosporales;Phaeosphaeriaceae;Phaeosphaeriopsis;Phaeosphaeriopsis_musae	Root;Ascomycota;Dothideomycetes;Pleosporales;Phaeosphaeriaceae;Phaeosphaeria;Phaeosphaeria_oryzae	misclassification	5
F1-REF	6	2	rdp	1.0	EU343816	Root;Ascomycota;Saccharomycetes;Saccharomycetales;Dipodascaceae;Dipodascus;Dipodascus_capitatus	Root;Ascomycota;Saccharomycetes;Saccharomycetales;Trichomonascaceae;Blastobotrys;Blastobotrys_terrestris	misclassification	4
F1-REF	6	2	rdp	1.0	AF090880	Root	Root;Basidiomycota;Agaricomycetes;Polyporales;Phanerochaetaceae;Ceraceomyces;Ceraceomyces_eludens	underclassification	1
F1-REF	6	2	rdp	1.0	FM876839	Root	Root;Glomeromycota;Glomeromycetes;Diversisporales;Gigasporaceae;Scutellospora;Scutellospora_heterogama	underclassification	1
F1-REF	6	2	rdp	1.0	FJ389932	Root;Ascomycota;Eurotiomycetes;Eurotiales;Trichocomaceae;Byssochlamys;Byssochlamys_nivea	Root;Ascomycota;Eurotiomycetes;Eurotiales;Trichocomaceae;Paecilomyces;Paecilomyces_divaricatus	misclassification	5
F1-REF	6	2	rdp	1.0	FJ430601	Root;Ascomycota	Root;Ascomycota;Sordariomycetes;Xylariales;Hyponectriaceae;Monographella;Monographella_stoveri	underclassification	2
F1-REF	6	2	rdp	1.0	AF377232	Root;Basidiomycota;Agaricomycetes;Agaricales;Tricholomataceae;Tricholoma;Tricholoma_imbricatum	Root;Basidiomycota;Agaricomycetes;Agaricales;Tricholomataceae;Tricholoma;Tricholoma_muricatum	overclassification	6
F1-REF	6	2	rdp	1.0	EF026118	Root	Root;Ascomycota;Sordariomycetes;Xylariales;Xylariaceae;Rosellinia;Rosellinia_lamprostoma	underclassification	1
F1-REF	6	2	rdp	1.0	DQ396937	Root;Ascomycota	Root;Ascomycota;Lecanoromycetes;Lecanorales;Stereocaulaceae;Stereocaulon;Stereocaulon_coniophyllum	underclassification	2
F1-REF	6	2	rdp	1.0	FM878010	Root;Basidiomycota;Agaricomycetes	Root;Basidiomycota;Agaricomycetes;Agaricales;Psathyrellaceae;Psathyrella;Psathyrella_pygmaea	underclassification	3
F1-REF	6	2	rdp	1.0	EU554070	Root;Ascomycota;Sordariomycetes;Phyllachorales;Phyllachoraceae;Colletotrichum;Colletotrichum_destructivum	Root;Ascomycota;Sordariomycetes;Phyllachorales;Phyllachoraceae;Colletotrichum;Colletotrichum_nicholsonii	overclassification	6
F1-REF	6	2	rdp	1.0	EF120414	Root	Root;Ascomycota;Sordariomycetes;Sordariales;Chaetomiaceae;Humicola;Humicola_fuscoatra	underclassification	1
F1-REF	6	2	rdp	1.0	AB211271	Root;Basidiomycota;Agaricomycetes;Agaricales;Hydnangiaceae;Laccaria	Root;Basidiomycota;Agaricomycetes;Agaricales;Hydnangiaceae;Laccaria;Laccaria_murina	match	6
F1-REF	6	2	rdp	1.0	AF391024	Root;Basidiomycota;Agaricomycetes;Agaricales	Root;Basidiomycota;Agaricomycetes;Agaricales;Agaricaceae;Lepiota;Lepiota_elaiophylla	underclassification	4
F1-REF	6	2	rdp	1.0	AY082606	Root	Root;Basidiomycota;Agaricomycetes;Cantharellales;Cantharellaceae;Craterellus;Craterellus_lutescens	underclassification	1
F1-REF	6	2	rdp	1.0	HQ259264	Root	Root;Ascomycota;Lecanoromycetes;Lecanorales;Hymeneliaceae;Aspicilia;Aspicilia_fluviatilis	underclassification	1
F1-REF	6	2	rdp	1.0	EF585519	Root;Ascomycota;Dothideomycetes;Botryosphaeriales;Botryosphaeriaceae	Root;Ascomycota;Dothideomycetes;Botryosphaeriales;Botryosphaeriaceae;Neofusicoccum;Neofusicoccum_mangiferae	underclassification	5
F1-REF	6	2	rdp	1.0	AB481257	Root;Ascomycota;Leotiomycetes;Helotiales;Hyaloscyphaceae;Lachnum	Root;Ascomycota;Leotiomycetes;Helotiales;Hyaloscyphaceae;Lachnum;Lachnum_nudipes	match	6
F1-REF	6	2	rdp	1.0	AB481256	Root;Ascomycota;Leotiomycetes;Helotiales	Root;Ascomycota;Leotiomycetes;Helotiales;Hyaloscyphaceae;Incrucipulum;Incrucipulum_longispineum	underclassification	4
F1-REF	6	2	rdp	1.0	AY645661	Root;Ascomycota;Saccharomycetes;Saccharomycetales;Saccharomycetaceae;Lachancea;Lachancea_thermotolerans	Root;Ascomycota;Saccharomycetes;Saccharomycetales;Saccharomycetaceae;Lachancea;Lachancea_meyersii	overclassification	6
F1-REF	6	2	rdp	1.0	GQ922543	Root;Ascomycota;Sordariomycetes;Sordariales;Sordariaceae;Gelasinospora;Gelasinospora_reticulata	Root;Ascomycota;Sordariomycetes;Sordariales;Sordariaceae;Gelasinospora;Gelasinospora_tetrasperma	overclassification	6
F1-REF	6	2	rdp	1.0	AB512314	Root	Root;Basidiomycota;Agaricomycetes;Agaricales;Marasmiaceae;Marasmius;Marasmius_aukubae	underclassification	1
F1-REF	6	2	rdp	1.0	AB512313	Root;Basidiomycota;Agaricomycetes;Agaricales	Root;Basidiomycota;Agaricomycetes;Agaricales;Mycenaceae;Mycena;Mycena_luteopallens	underclassification	4
F1-REF	6	2	rdp	1.0	FJ903327	Root	Root;Basidiomycota;Agaricomycetes;Polyporales;Meripilaceae;Rigidoporus;Oxyporus_corticola	underclassification	1
F1-REF	6	2	rdp	1.0	EU909466	Root;Ascomycota	Root;Ascomycota;Lecanoromycetes;Umbilicariales;Umbilicariaceae;Lasallia;Lasallia_pertusa	underclassification	2
F1-REF	6	2	rdp	1.0	GQ981527	Root;Basidiomycota	Root;Basidiomycota;Agaricomycetes;Agaricales;Amanitaceae;Amanita;Amanita_arenaria	underclassification	2
F1-REF	6	2	rdp	1.0	FJ903321	Root;Ascomycota;Sordariomycetes;Xylariales	Root;Ascomycota;Sordariomycetes;Xylariales;Xylariaceae;Nemania;Hypoxylon_serpens	underclassification	4
F1-REF	6	2	rdp	1.0	FJ903329	Root;Ascomycota	Root;Ascomycota;Lecanoromycetes;Agyriales;Agyriaceae;Sarea;Sarea_resinae	underclassification	2
F1-REF	6	2	rdp	1.0	AJ972459	Root	Root;Glomeromycota;Glomeromycetes;Glomerales;Glomeraceae;Glomus;Glomus_diaphanum	underclassification	1
F1-REF	6	2	rdp	1.0	FJ430773	Root;Ascomycota	Root;Ascomycota;Eurotiomycetes;Eurotiales;Trichocomaceae;Penicillium;Penicillium_coprobium	underclassification	2
F1-REF	6	2	rdp	1.0	DQ490623	Root	Root;Basidiomycota;Agaricomycetes;Agaricales;Marasmiaceae;Hemimycena;Hemimycena_gracilis	underclassification	1
F1-REF	6	2	rdp	1.0	FJ790314	Root;Basidiomycota;Agaricomycetes;Boletales;Coniophoraceae;Coniophora	Root;Basidiomycota;Agaricomycetes;Boletales;Coniophoraceae;Coniophora;Coniophora_opuntiae	match	6
F1-REF	6	2	rdp	1.0	GQ856142	Root;Ascomycota;Dothideomycetes;Pleosporales;Tubeufiaceae	Root;Ascomycota;Dothideomycetes;Pleosporales;Tubeufiaceae;Acanthostigma;Acanthostigma_scopulum	underclassification	5
F1-REF	6	2	rdp	1.0	GU479274	Root;Basidiomycota;Agaricomycetes;Boletales;Hymenogasteraceae;Hymenogaster	Root;Basidiomycota;Agaricomycetes;Boletales;Hymenogasteraceae;Hymenogaster;Hymenogaster_luteus_var_subfuscus	match	6
F1-REF	6	2	rdp	1.0	GU222301	Root;Basidiomycota;Agaricomycetes;Boletales;Boletaceae	Root;Basidiomycota;Agaricomycetes;Boletales;Boletaceae;Chamonixia;Chamonixia_pachydermis	underclassification	5
F1-REF	6	2	rdp	1.0	AB461361	Root	Root;Ascomycota;Sordariomycetes;Microascales;Microascaceae;Scedosporium;Scedosporium_aurantiacum	underclassification	1
F1-REF	6	2	rdp	1.0	AY515363	Root;Ascomycota;Sordariomycetes	Root;Ascomycota;Sordariomycetes;Sordariales;Lasiosphaeriaceae;Podospora;Podospora_intestinacea	underclassification	3
F1-REF	6	2	rdp	1.0	EU551179	Root;Ascomycota;Eurotiomycetes;Eurotiales;Trichocomaceae;Penicillium	Root;Ascomycota;Eurotiomycetes;Eurotiales;Trichocomaceae;Penicillium;Penicillium_concentricum	match	6
F1-REF	6	2	rdp	1.0	AY498676	Root;Ascomycota;Lecanoromycetes;Teloschistales;Physciaceae	Root;Ascomycota;Lecanoromycetes;Teloschistales;Physciaceae;Phaeophyscia;Phaeophyscia_ciliata	underclassification	5
F1-REF	6	2	rdp	1.0	GQ165657	Root;Basidiomycota;Agaricomycetes;Agaricales;Cortinariaceae;Phaeocollybia	Root;Basidiomycota;Agaricomycetes;Agaricales;Cortinariaceae;Phaeocollybia;Phaeocollybia_lilacifolia	match	6
F1-REF	6	2	rdp	1.0	GQ856146	Root;Ascomycota	Root;Ascomycota;Dothideomycetes;Pleosporales;Tubeufiaceae;Acanthostigma;Acanthostigma_filiforme	underclassification	2
F1-REF	6	2	rdp	1.0	AY542864	Root	Root;Basidiomycota;Agaricomycetes;Agaricales;Tricholomataceae;Omphalina;Omphalina_foliacea	underclassification	1
F1-REF	6	2	rdp	1.0	FJ664877	Root;Ascomycota;Eurotiomycetes;Verrucariales;Verrucariaceae	Root;Ascomycota;Eurotiomycetes;Verrucariales;Verrucariaceae;Verrucaria;Verrucaria_nigrescens	underclassification	5
F1-REF	6	2	rdp	1.0	DQ001401	Root;Basidiomycota;Agaricomycetes;Agaricales;Strophariaceae	Root;Basidiomycota;Agaricomycetes;Agaricales;Strophariaceae;Psilocybe;Psilocybe_fasciata	underclassification	5
F1-REF	6	2	rdp	1.0	AY965753	Root	Root;Ascomycota;Orbiliomycetes;Orbiliales;Orbiliaceae;Arthrobotrys;Arthrobotrys_anchonia	underclassification	1
F1-REF	6	2	rdp	1.0	FJ601808	Root	Root;Basidiomycota;Agaricomycetes;Agaricales;Tricholomataceae;Clitocybe;Clitocybe_highlandensis	underclassification	1
F1-REF	6	2	rdp	1.0	AF506492	Root;Basidiomycota;Tremellomycetes;Tremellales;Exidiaceae;Exidia;Exidia_glandulosa	Root;Basidiomycota;Agaricomycetes;Auriculariales;Auriculariaceae;Auricularia;Auricularia_mesenterica	misclassification	2
F1-REF	6	2	rdp	1.0	EU254786	Root;Ascomycota	Root;Ascomycota;Sordariomycetes;Diaporthales;Gnomoniaceae;Gnomonia;Gnomonia_neognomon	underclassification	2
F1-REF	6	2	rdp	1.0	AY228347	Root;Basidiomycota;Agaricomycetes;Agaricales;Cortinariaceae;Galerina;Galerina_autumnalis	Root;Basidiomycota;Agaricomycetes;Agaricales;Cortinariaceae;Galerina;Galerina_marginata	overclassification	6
F1-REF	6	2	rdp	1.0	DQ431176	Root;Ascomycota;Leotiomycetes;Helotiales;Helotiaceae;Hymenoscyphus	Root;Ascomycota;Leotiomycetes;Helotiales;Helotiaceae;Hymenoscyphus;Hymenoscyphus_fructigenus	match	6
F1-REF	6	2	rdp	1.0	DQ974778	Root;Basidiomycota;Agaricomycetes;Thelephorales;Thelephoraceae	Root;Basidiomycota;Agaricomycetes;Thelephorales;Thelephoraceae;Tomentella;Tomentella_nitellina	underclassification	5
F1-REF	6	2	rdp	1.0	GU300081	Root;Ascomycota;Sordariomycetes	Root;Ascomycota;Sordariomycetes;Xylariales;Xylariaceae;Xylaria;Xylaria_sicula	underclassification	3
F1-REF	6	2	rdp	1.0	FJ527300	Root;Ascomycota;Lecanoromycetes;Peltigerales;Peltigeraceae;Peltigera	Root;Ascomycota;Lecanoromycetes;Peltigerales;Peltigeraceae;Peltigera;Peltigera_dolichorrhiza	match	6
F1-REF	6	2	rdp	1.0	AM882711	Root;Basidiomycota;Agaricomycetes	Root;Basidiomycota;Agaricomycetes;Agaricales;Cortinariaceae;Inocybe;Inocybe_subexilis	underclassification	3
F1-REF	6	2	rdp	1.0	AM882713	Root;Basidiomycota;Agaricomycetes;Agaricales;Cortinariaceae;Inocybe	Root;Basidiomycota;Agaricomycetes;Agaricales;Cortinariaceae;Inocybe;Inocybe_nematoloma	match	6
F1-REF	6	2	rdp	1.0	JN194176	Root	Root;Glomeromycota;Glomeromycetes;Diversisporales;Gigasporaceae;Scutellospora;Scutellospora_calospora	underclassification	1
F1-REF	6	2	rdp	1.0	JN194172	Root	Root;Glomeromycota;Glomeromycetes;Diversisporales;Acaulosporaceae;Acaulospora;Acaulospora_paulinae	underclassification	1
F1-REF	6	2	rdp	1.0	AF345249	Root;Basidiomycota;Agaricomycetes;Russulales;Russulaceae	Root;Basidiomycota;Agaricomycetes;Russulales;Russulaceae;Russula;Russula_rosacea	underclassification	5
F1-REF	6	2	rdp	1.0	EU181448	Root;Ascomycota;Eurotiomycetes;Onygenales;Arthrodermataceae;Trichophyton;Trichophyton_soudanense	Root;Ascomycota;Eurotiomycetes;Onygenales;Arthrodermataceae;Trichophyton;Trichophyton_gourvilii	overclassification	6
F1-REF	6	2	rdp	1.0	DQ631933	Root	Root;Ascomycota;Sordariomycetes;Xylariales;Xylariaceae;Biscogniauxia;Biscogniauxia_capnodes	underclassification	1
F1-REF	6	2	rdp	1.0	GU233349	Root;Basidiomycota;Agaricomycetes;Agaricales;Cortinariaceae	Root;Basidiomycota;Agaricomycetes;Agaricales;Cortinariaceae;Cortinarius;Cortinarius_minoscaurus	underclassification	5
F1-REF	6	2	rdp	1.0	FJ710202	Root;Basidiomycota;Agaricomycetes;Boletales;Sclerodermataceae;Pisolithus;Pisolithus_tinctorius	Root;Basidiomycota;Agaricomycetes;Boletales;Sclerodermataceae;Pisolithus;Pisolithus_albus	overclassification	6
F1-REF	6	2	rdp	1.0	AB164370	Root;Basidiomycota;Tremellomycetes	Root;Basidiomycota;Tremellomycetes;Tremellales;Trichosporonaceae;Trichosporon;Trichosporon_siamense	underclassification	3
F1-REF	6	2	rdp	1.0	AY450339	Root	Root;Basidiomycota;Agaricomycetes;Agaricales;Pleurotaceae;Pleurotus;Pleurotus_opuntiae	underclassification	1
F1-REF	6	2	rdp	1.0	JQ446101	Root;Basidiomycota;Agaricomycetes;Russulales;Russulaceae;Lactarius	Root;Basidiomycota;Agaricomycetes;Russulales;Russulaceae;Lactarius;Lactarius_fallax_var_fallax	match	6
F1-REF	6	2	rdp	1.0	FJ861396	Root;Ascomycota;Sordariomycetes;Hypocreales;Hypocreaceae;Trichoderma	Root;Ascomycota;Sordariomycetes;Hypocreales;Hypocreaceae;Hypocrea;Hypocrea_viridescens	misclassification	5
F1-REF	6	2	rdp	1.0	EF592152	Root;Ascomycota;Eurotiomycetes;Onygenales;Ajellomycetaceae	Root;Ascomycota;Eurotiomycetes;Onygenales;Ajellomycetaceae;Emmonsia;Emmonsia_pasteuriana	underclassification	5
F1-REF	6	2	rdp	1.0	HQ650713	Root	Root;Ascomycota;Lecanoromycetes;Ostropales;Gyalectaceae;Gyalecta;Gyalecta_ulmi	underclassification	1
F1-REF	6	2	rdp	1.0	HQ650716	Root	Root;Ascomycota;Lecanoromycetes;Ostropales;Thelotremataceae;Diploschistes;Diploschistes_scruposus	underclassification	1
F1-REF	6	2	rdp	1.0	FJ610288	Root;Ascomycota;Sordariomycetes;Hypocreales;Hypocreaceae	Root;Ascomycota;Sordariomycetes;Hypocreales;Hypocreaceae;Trichoderma;Trichoderma_brevicompactum	underclassification	5
F1-REF	6	2	rdp	1.0	AF117353	Root;Ascomycota	Root;Ascomycota;Pezizomycetes;Pezizales;Sarcoscyphaceae;Phillipsia;Phillipsia_carnicolor	underclassification	2
F1-REF	6	2	rdp	1.0	AF343712	Root;Ascomycota	Root;Ascomycota;Sordariomycetes;Ophiostomatales;Ophiostomataceae;Leptographium;Leptographium_costaricense	underclassification	2
F1-REF	6	2	rdp	1.0	AB180678	Root	Root;Basidiomycota;Exobasidiomycetes;Exobasidiales;Exobasidiaceae;Exobasidium;Exobasidium_symploci_japonicae_var_symploci_japonicae	underclassification	1
F1-REF	6	2	rdp	1.0	EF061129	Root	Root;Ascomycota;Saccharomycetes;Saccharomycetales;Pichiaceae;Pichia;Pichia_membranifaciens	underclassification	1
F1-REF	6	2	rdp	1.0	FJ534873	Root;Basidiomycota;Tremellomycetes	Root;Basidiomycota;Tremellomycetes;Filobasidiales;Filobasidiaceae;Cryptococcus;Cryptococcus_bestiolae	underclassification	3
F1-REF	6	2	rdp	1.0	FJ884745	Root;Ascomycota;Sordariomycetes;Hypocreales;Hypocreaceae	Root;Ascomycota;Sordariomycetes;Hypocreales;Hypocreaceae;Hypocrea;Hypocrea_virens	underclassification	5
F1-REF	6	2	rdp	1.0	EU837199	Root;Basidiomycota;Agaricomycetes;Gomphales;Gomphaceae;Ramaria;Ramaria_foetida	Root;Basidiomycota;Agaricomycetes;Gomphales;Gomphaceae;Ramaria;Ramaria_aurantiisiccescens	overclassification	6
F1-REF	6	2	rdp	1.0	GU479307	Root;Basidiomycota;Agaricomycetes	Root;Basidiomycota;Agaricomycetes;Agaricales;Cortinariaceae;Protoglossum;Hymenogaster_niveus	underclassification	3
F1-REF	6	2	rdp	1.0	EU520187	Root;Ascomycota;Dothideomycetes;Pleosporales;Pleosporaceae;Alternaria;Alternaria_tenuissima	Root;Ascomycota;Dothideomycetes;Pleosporales;Pleosporaceae;Alternaria;Alternaria_alternata	overclassification	6
F1-REF	6	2	rdp	1.0	AF389128	Root;Basidiomycota;Agaricomycetes;Agaricales;Cortinariaceae;Cortinarius	Root;Basidiomycota;Agaricomycetes;Agaricales;Cortinariaceae;Cortinarius;Cortinarius_illitus	match	6
F1-REF	6	2	rdp	1.0	AY916489	Root	Root;Ascomycota;Dothideomycetes;Pleosporales;Tubeufiaceae;Tubeufia;Tubeufia_cerea	underclassification	1
F1-REF	6	2	rdp	1.0	AF224333	Root	Root;Ascomycota;Sordariomycetes;Ophiostomatales;Ophiostomataceae;Grosmannia;Grosmannia_dryocoetidis	underclassification	1
F1-REF	6	2	rdp	1.0	EU591956	Root	Root;Basidiomycota;Agaricomycetes;Agaricales;Psathyrellaceae;Coprinopsis;Coprinopsis_macrocephala	underclassification	1
F1-REF	6	2	rdp	1.0	JF908313	Root	Root;Basidiomycota;Agaricomycetes;Russulales;Russulaceae;Lactarius;Lactarius_hepaticus	underclassification	1
F1-REF	6	2	rdp	1.0	AY916480	Root	Root;Ascomycota;Dothideomycetes;Pleosporales;Tubeufiaceae;Helicoma;Helicoma_palmigenum	underclassification	1
F1-REF	6	2	rdp	1.0	AY916486	Root	Root;Ascomycota;Dothideomycetes;Pleosporales;Tubeufiaceae;Helicoma;Helicoma_vaccinii	underclassification	1
F1-REF	6	2	rdp	1.0	JF908315	Root;Basidiomycota;Agaricomycetes;Russulales;Russulaceae;Lactarius	Root;Basidiomycota;Agaricomycetes;Russulales;Russulaceae;Lactarius;Lactarius_illyricus	match	6
F1-REF	6	2	rdp	1.0	AY194974	Root;Basidiomycota;Agaricomycetes;Agaricales;Amanitaceae;Amanita	Root;Basidiomycota;Agaricomycetes;Agaricales;Amanitaceae;Amanita;Amanita_fuscosquamosa	match	6
F1-REF	6	2	rdp	1.0	FJ904175	Root;Basidiomycota;Agaricomycetes;Agaricales;Cortinariaceae;Inocybe	Root;Basidiomycota;Agaricomycetes;Agaricales;Cortinariaceae;Inocybe;Inocybe_rhodiola	match	6
F1-REF	6	2	rdp	1.0	AY194972	Root	Root;Basidiomycota;Agaricomycetes;Agaricales;Amanitaceae;Amanita;Amanita_conicoverrucosa	underclassification	1
F1-REF	6	2	rdp	1.0	U56030	Root;Basidiomycota;Agaricomycetes;Agaricales;Cortinariaceae;Cortinarius	Root;Basidiomycota;Agaricomycetes;Agaricales;Cortinariaceae;Cortinarius;Cortinarius_paragaudis	match	6
F1-REF	6	2	rdp	1.0	FJ479631	Root;Ascomycota	Root;Ascomycota;Eurotiomycetes;Verrucariales;Verrucariaceae;Placopyrenium;Placopyrenium_formosum	underclassification	2
F1-REF	6	2	rdp	1.0	AJ415551	Root;Basidiomycota;Agaricomycetes;Polyporales	Root;Basidiomycota;Agaricomycetes;Polyporales;Fomitopsidaceae;Fomitopsis;Fomitopsis_rosea	underclassification	4
F1-REF	6	2	rdp	1.0	GU207250	Root;Basidiomycota;Agaricomycetes;Polyporales	Root;Basidiomycota;Agaricomycetes;Polyporales;Polyporaceae;Lentinus;Lentinus_glabratus	underclassification	4
F1-REF	6	2	rdp	1.0	EU142924	Root;Ascomycota;Lecanoromycetes;Lecanorales;Parmeliaceae	Root;Ascomycota;Lecanoromycetes;Lecanorales;Parmeliaceae;Cetrelia;Cetrelia_japonica	underclassification	5
F1-REF	6	2	rdp	1.0	GQ412730	Root;Ascomycota;Sordariomycetes;Xylariales;Amphisphaeriaceae;Pestalotiopsis	Root;Ascomycota;Sordariomycetes;Xylariales;Amphisphaeriaceae;Pestalotiopsis;Pestalotiopsis_funerea	match	6
F1-REF	6	2	rdp	1.0	AY056036	Root	Root;Ascomycota;Saccharomycetes;Saccharomycetales;Metschnikowiaceae;Metschnikowia;Metschnikowia_dekortorum	underclassification	1
F1-REF	6	2	rdp	1.0	HQ650666	Root	Root;Ascomycota;Lecanoromycetes;Lecideales;Lecideaceae;Lecidea;Lecidea_leprarioides	underclassification	1
F1-REF	6	2	rdp	1.0	HQ650660	Root	Root;Ascomycota;Lecanoromycetes;Lecideales;Lecideaceae;Lecidea;Lecidea_diapensiae	underclassification	1
F1-REF	6	2	rdp	1.0	AY176472	Root;Basidiomycota;Agaricomycetes;Agaricales;Agaricaceae	Root;Basidiomycota;Agaricomycetes;Agaricales;Agaricaceae;Lepiota;Lepiota_ignicolor	underclassification	5
F1-REF	6	2	rdp	1.0	FJ845446	Root;Basidiomycota;Agaricomycetes;Agaricales;Tricholomataceae;Tricholoma	Root;Basidiomycota;Agaricomycetes;Agaricales;Tricholomataceae;Tricholoma;Tricholoma_pessundatum	match	6
F1-REF	6	2	rdp	1.0	FJ845445	Root;Basidiomycota;Agaricomycetes;Agaricales;Tricholomataceae;Tricholoma;Tricholoma_inamoenum	Root;Basidiomycota;Agaricomycetes;Agaricales;Tricholomataceae;Tricholoma;Tricholoma_platyphyllum	overclassification	6
F1-REF	6	2	rdp	1.0	EU257803	Root;Basidiomycota;Agaricomycetes;Agaricales;Agaricaceae;Agaricus	Root;Basidiomycota;Agaricomycetes;Agaricales;Agaricaceae;Agaricus;Agaricus_subfloccosus	match	6
F1-REF	6	2	rdp	1.0	DQ202516	Root	Root;Ascomycota;Leotiomycetes;Helotiales;Helotiaceae;Varicosporium;Varicosporium_delicatum	underclassification	1
F1-REF	6	2	rdp	1.0	JF907904	Root;Basidiomycota;Agaricomycetes;Agaricales;Cortinariaceae;Cortinarius	Root;Basidiomycota;Agaricomycetes;Agaricales;Cortinariaceae;Cortinarius;Cortinarius_hemitrichus	match	6
F1-REF	6	2	rdp	1.0	AF163070	Root;Ascomycota;Dothideomycetes;Pleosporales;Pleosporaceae	Root;Ascomycota;Dothideomycetes;Pleosporales;Pleosporaceae;Bipolaris;Bipolaris_crustacea	underclassification	5
F1-REF	6	2	rdp	1.0	GQ369959	Root;Ascomycota;Sordariomycetes;Hypocreales	Root;Ascomycota;Sordariomycetes;Hypocreales;Clavicipitaceae;Pochonia;Pochonia_chlamydosporia	underclassification	4
F1-REF	6	2	rdp	1.0	EF152433	Root;Ascomycota;Sordariomycetes;Hypocreales;Nectriaceae	Root;Ascomycota;Sordariomycetes;Hypocreales;Nectriaceae;Gibberella;Gibberella_thapsina	underclassification	5
F1-REF	6	2	rdp	1.0	FJ860752	Root;Ascomycota;Sordariomycetes;Hypocreales;Hypocreaceae	Root;Ascomycota;Sordariomycetes;Hypocreales;Hypocreaceae;Hypocrea;Hypocrea_estonica	underclassification	5
F1-REF	6	2	rdp	1.0	GU062319	Root;Basidiomycota;Agaricomycetes;Agaricales;Mycenaceae;Mycena	Root;Basidiomycota;Agaricomycetes;Agaricales;Mycenaceae;Mycena;Mycena_galericulata	match	6
F1-REF	6	2	rdp	1.0	AF482845	Root;Basidiomycota;Agaricomycetes;Agaricales;Agaricaceae	Root;Basidiomycota;Agaricomycetes;Agaricales;Agaricaceae;Macrolepiota;Macrolepiota_neomastoidea	underclassification	5
F1-REF	6	2	rdp	1.0	AY999137	Root;Ascomycota;Sordariomycetes;Sordariales;Lasiosphaeriaceae;Cercophora;Cercophora_areolata	Root;Ascomycota;Sordariomycetes;Sordariales;Lasiosphaeriaceae;Cercophora;Cercophora_ambigua	overclassification	6
F1-REF	6	2	rdp	1.0	DQ200919	Root	Root;Basidiomycota;Agaricostilbomycetes;Agaricostilbales;Agaricostilbaceae;Bensingtonia;Bensingtonia_yuccicola	underclassification	1
F1-REF	6	2	rdp	1.0	AF201710	Root;Ascomycota;Sordariomycetes	Root;Ascomycota;Sordariomycetes;Xylariales;Xylariaceae;Hypoxylon;Hypoxylon_papillatum	underclassification	3
F1-REF	6	2	rdp	1.0	EU784164	Root;Basidiomycota;Agaricomycetes;Agaricales;Marasmiaceae;Armillaria	Root;Basidiomycota;Agaricomycetes;Agaricales;Marasmiaceae;Armillaria;Armillaria_bulbosa	match	6
F1-REF	6	2	rdp	1.0	AY072033	Root	Root;Basidiomycota;Agaricomycetes;Hymenochaetales;Hymenochaetaceae;Inocutis;Inocutis_jamaicensis	underclassification	1
F1-REF	6	2	rdp	1.0	AY906948	Root	Root;Ascomycota;Sordariomycetes;Chaetosphaeriales;Chaetosphaeriaceae;Chaetosphaeria;Chaetosphaeria_panamensis	underclassification	1
F1-REF	6	2	rdp	1.0	GU258223	Root;Basidiomycota;Agaricomycetes;Russulales;Russulaceae	Root;Basidiomycota;Agaricomycetes;Russulales;Russulaceae;Lactarius;Lactarius_limbatus	underclassification	5
F1-REF	6	2	rdp	1.0	GU258221	Root;Basidiomycota;Agaricomycetes;Russulales;Russulaceae	Root;Basidiomycota;Agaricomycetes;Russulales;Russulaceae;Lactarius;Lactarius_bicolor	underclassification	5
F1-REF	6	2	rdp	1.0	GU258227	Root;Basidiomycota;Agaricomycetes;Russulales;Russulaceae;Lactarius	Root;Basidiomycota;Agaricomycetes;Russulales;Russulaceae;Lactarius;Lactarius_aff_gerardii_KIINA126	match	6
F1-REF	6	2	rdp	1.0	AF505754	Root	Root;Basidiomycota;Agaricomycetes;Agaricales;Marasmiaceae;Rhodocollybia;Rhodocollybia_amica	underclassification	1
F1-REF	6	2	rdp	1.0	EU040217	Root;Ascomycota;Sordariomycetes;Hypocreales;Nectriaceae;Falcocladium;Falcocladium_sphaeropedunculatum	Root;Ascomycota;Sordariomycetes;Hypocreales;Nectriaceae;Falcocladium;Falcocladium_multivesiculatum	overclassification	6
F1-REF	6	2	rdp	1.0	AF347699	Root;Ascomycota;Lecanoromycetes;Peltigerales;Nephromataceae;Nephroma	Root;Ascomycota;Lecanoromycetes;Peltigerales;Nephromataceae;Nephroma;Nephroma_australe	match	6
F1-REF	6	2	rdp	1.0	AY239218	Root;Ascomycota;Taphrinomycetes;Taphrinales;Taphrinaceae	Root;Ascomycota;Taphrinomycetes;Taphrinales;Taphrinaceae;Lalaria;Lalaria_veronirambellii	underclassification	5
F1-REF	6	2	rdp	1.0	GU474783	Root;Ascomycota	Root;Ascomycota;Pezizomycetes;Pezizales;Pezizaceae;Terfezia;Terfezia_boudieri	underclassification	2
F1-REF	6	2	rdp	1.0	AY669582	Root;Basidiomycota;Agaricomycetes;Agaricales;Cortinariaceae	Root;Basidiomycota;Agaricomycetes;Agaricales;Cortinariaceae;Cortinarius;Cortinarius_sanguineus	underclassification	5
F1-REF	6	2	rdp	1.0	AB430819	Root;Ascomycota;Leotiomycetes;Erysiphales;Erysiphaceae;Golovinomyces	Root;Ascomycota;Leotiomycetes;Erysiphales;Erysiphaceae;Golovinomyces;Golovinomyces_riedlianus	match	6
F1-REF	6	2	rdp	1.0	U68330	Root;Ascomycota	Root;Ascomycota;Eurotiomycetes;Ascosphaerales;Ascosphaeraceae;Ascosphaera;Ascosphaera_larvis	underclassification	2
F1-REF	6	2	rdp	1.0	AY033121	Root;Basidiomycota	Root;Basidiomycota;Agaricomycetes;Agaricales;Cortinariaceae;Cortinarius;Cortinarius_purpurellus	underclassification	2
F1-REF	6	2	rdp	1.0	AY373928	Root;Ascomycota;Eurotiomycetes;Eurotiales;Trichocomaceae;Penicillium	Root;Ascomycota;Eurotiomycetes;Eurotiales;Trichocomaceae;Penicillium;Penicillium_restrictum	match	6
F1-REF	6	2	rdp	1.0	HQ725079	Root;Ascomycota;Lecanoromycetes	Root;Ascomycota;Lecanoromycetes;Lecanorales;Parmeliaceae;Hypogymnia;Hypogymnia_fujisanensis	underclassification	3
F1-REF	6	2	rdp	1.0	FJ862995	Root;Basidiomycota;Exobasidiomycetes;Tilletiales;Tilletiaceae;Tilletia	Root;Basidiomycota;Exobasidiomycetes;Tilletiales;Tilletiaceae;Tilletia;Tilletia_micrairae	match	6
F1-REF	6	2	rdp	1.0	GQ924907	Root;Ascomycota;Eurotiomycetes;Eurotiales;Trichocomaceae;Penicillium	Root;Ascomycota;Eurotiomycetes;Eurotiales;Trichocomaceae;Eupenicillium;Eupenicillium_shearii	misclassification	5
F1-REF	6	2	rdp	1.0	AF444463	Root;Basidiomycota;Tremellomycetes;Tremellales;Cuniculitremaceae	Root;Basidiomycota;Tremellomycetes;Tremellales;Cuniculitremaceae;Fellomyces;Fellomyces_thailandicus	underclassification	5
F1-REF	6	2	rdp	1.0	FJ426395	Root	Root;Basidiomycota;Agaricomycetes;Agaricales;Schizophyllaceae;Schizophyllum;Schizophyllum_commune	underclassification	1
F1-REF	6	2	rdp	1.0	AF444461	Root;Basidiomycota;Tremellomycetes;Tremellales;Cuniculitremaceae	Root;Basidiomycota;Tremellomycetes;Tremellales;Cuniculitremaceae;Fellomyces;Fellomyces_sichuanensis	underclassification	5
F1-REF	6	2	rdp	1.0	AB509927	Root	Root;Basidiomycota;Agaricomycetes;Boletales;Boletaceae;Boletellus;Boletellus_longicollis	underclassification	1
F1-REF	6	2	rdp	1.0	EU141950	Root;Basidiomycota;Agaricomycetes;Agaricales;Agaricaceae	Root;Basidiomycota;Agaricomycetes;Agaricales;Agaricaceae;Lepiota;Lepiota_oculata	underclassification	5
F1-REF	6	2	rdp	1.0	AY588109	Root;Basidiomycota;Microbotryomycetes;Microbotryales;Microbotryaceae;Microbotryum	Root;Basidiomycota;Microbotryomycetes;Microbotryales;Microbotryaceae;Microbotryum;Microbotryum_stellariae	match	6
F1-REF	6	2	rdp	1.0	DQ414541	Root;Ascomycota;Saccharomycetes;Saccharomycetales;Pichiaceae;Pichia	Root;Ascomycota;Saccharomycetes;Saccharomycetales;Pichiaceae;Pichia;Pichia_amylophila	match	6
F1-REF	6	2	rdp	1.0	AY544779	Root;Basidiomycota	Root;Basidiomycota;Agaricomycetes;Boletales;Boletaceae;Leccinum;Leccinum_talamancae	underclassification	2
F1-REF	6	2	rdp	1.0	FN185932	Root;Ascomycota;Lecanoromycetes;Umbilicariales;Umbilicariaceae	Root;Ascomycota;Lecanoromycetes;Umbilicariales;Umbilicariaceae;Umbilicaria;Umbilicaria_antarctica	underclassification	5
F1-REF	6	2	rdp	1.0	FN428914	Root	Root;Basidiomycota;Tremellomycetes;Filobasidiales;Filobasidiaceae;Cryptococcus;Cryptococcus_aff_luteolus_IMUFRJ_51981	underclassification	1
F1-REF	6	2	rdp	1.0	FJ871104	Root;Ascomycota;Lecanoromycetes;Lecanorales;Ramalinaceae;Ramalina	Root;Ascomycota;Lecanoromycetes;Lecanorales;Ramalinaceae;Ramalina;Ramalina_tortuosa	match	6
F1-REF	6	2	rdp	1.0	AF181700	Root;Ascomycota;Dothideomycetes;Capnodiales;Mycosphaerellaceae	Root;Ascomycota;Dothideomycetes;Capnodiales;Mycosphaerellaceae;Septoria;Septoria_passerinii	underclassification	5
F1-REF	6	2	rdp	1.0	DQ478655	Root;Ascomycota;Pezizomycetes;Pezizales;Tuberaceae;Tuber	Root;Ascomycota;Pezizomycetes;Pezizales;Tuberaceae;Tuber;Tuber_asa	match	6
F1-REF	6	2	rdp	1.0	JN710549	Root;Basidiomycota;Agaricomycetes;Polyporales;Steccherinaceae	Root;Basidiomycota;Agaricomycetes;Polyporales;Steccherinaceae;Junghuhnia;Junghuhnia_autumnale	underclassification	5
F1-REF	6	2	rdp	1.0	AF350311	Root;Ascomycota;Lecanoromycetes;Peltigerales;Lobariaceae;Pseudocyphellaria	Root;Ascomycota;Lecanoromycetes;Peltigerales;Lobariaceae;Pseudocyphellaria;Pseudocyphellaria_faveolata	match	6
F1-REF	6	2	rdp	1.0	EU056991	Root;Basidiomycota;Agaricomycetes;Agaricales;Cortinariaceae	Root;Basidiomycota;Agaricomycetes;Agaricales;Cortinariaceae;Cortinarius;Cortinarius_suaveolens	underclassification	5
F1-REF	6	2	rdp	1.0	EU056996	Root;Basidiomycota;Agaricomycetes;Agaricales;Cortinariaceae;Cortinarius	Root;Basidiomycota;Agaricomycetes;Agaricales;Cortinariaceae;Cortinarius;Cortinarius_langeorum	match	6
F1-REF	6	2	rdp	1.0	AM949569	Root	Root;Ascomycota;Eurotiomycetes;Onygenales;Onygenaceae;Chrysosporium;Chrysosporium_speluncarum	underclassification	1
F1-REF	6	2	rdp	1.0	GU565181	Root;Basidiomycota;Agaricomycetes;Agaricales;Strophariaceae;Psilocybe;Psilocybe_quebecensis	Root;Basidiomycota;Agaricomycetes;Agaricales;Strophariaceae;Psilocybe;Psilocybe_arcana	overclassification	6
F1-REF	6	2	rdp	1.0	U85315	Root;Basidiomycota;Agaricomycetes;Agaricales;Agaricaceae;Leucoagaricus;Leucoagaricus_nympharum	Root;Basidiomycota;Agaricomycetes;Agaricales;Agaricaceae;Leucoagaricus;Leucoagaricus_naucinus	overclassification	6
F1-REF	6	2	rdp	1.0	DQ401567	Root	Root;Ascomycota;Lecanoromycetes;Lecanorales;Hymeneliaceae;Aspicilia;Aspicilia_desertorum	underclassification	1
F1-REF	6	2	rdp	1.0	AJ271587	Root	Root;Ascomycota;Sordariomycetes;Sordariales;Chaetomiaceae;Thielavia;Thielavia_minuta	underclassification	1
F1-REF	6	2	rdp	1.0	AJ271584	Root;Ascomycota;Sordariomycetes;Sordariales;Chaetomiaceae	Root;Ascomycota;Sordariomycetes;Sordariales;Chaetomiaceae;Thielavia;Thielavia_appendiculata	underclassification	5
F1-REF	6	2	rdp	1.0	AF492081	Root	Root;Ascomycota;Taphrinomycetes;Taphrinales;Taphrinaceae;Taphrina;Taphrina_caerulescens	underclassification	1
F1-REF	6	2	rdp	1.0	AF335932	Root;Basidiomycota;Tremellomycetes;Filobasidiales;Filobasidiaceae;Cryptococcus	Root;Basidiomycota;Tremellomycetes;Filobasidiales;Filobasidiaceae;Cryptococcus;Cryptococcus_diffluens	match	6
F1-REF	6	2	rdp	1.0	AF003988	Root;Ascomycota;Sordariomycetes;Hypocreales	Root;Ascomycota;Sordariomycetes;Hypocreales;Clavicipitaceae;Parepichloe;Parepichloe_cynodontis	underclassification	4
F1-REF	6	2	rdp	1.0	AY796026	Root	Root;Ascomycota;Saccharomycetes;Saccharomycetales;Metschnikowiaceae;Metschnikowia;Metschnikowia_hamakuensis	underclassification	1
F1-REF	6	2	rdp	1.0	FJ845406	Root;Basidiomycota;Agaricomycetes;Cantharellales;Hydnaceae;Hydnum	Root;Basidiomycota;Agaricomycetes;Cantharellales;Hydnaceae;Hydnum;Hydnum_repandum	match	6
F1-REF	6	2	rdp	1.0	AF237730	Root	Root;Basidiomycota;Agaricomycetes;Hymenochaetales;Hymenochaetaceae;Inonotus;Inonotus_cuticularis	underclassification	1
F1-REF	6	2	rdp	1.0	AF444593	Root;Basidiomycota;Microbotryomycetes;Microbotryales;Microbotryaceae	Root;Basidiomycota;Microbotryomycetes;Microbotryales;Microbotryaceae;Sphacelotheca;Sphacelotheca_polygoni_persicariae	underclassification	5
F1-REF	6	2	rdp	1.0	EU784355	Root	Root;Basidiomycota;Agaricomycetes;Agaricales;Hygrophoraceae;Hygrocybe;Hygrocybe_vitellina	underclassification	1
F1-REF	6	2	rdp	1.0	EF622086	Root;Ascomycota;Dothideomycetes;Botryosphaeriales;Botryosphaeriaceae	Root;Ascomycota;Dothideomycetes;Botryosphaeriales;Botryosphaeriaceae;Lasiodiplodia;Lasiodiplodia_crassispora	underclassification	5
F1-REF	6	2	rdp	1.0	GQ844231	Root;Basidiomycota;Agaricomycetes;Agaricales	Root;Basidiomycota;Agaricomycetes;Agaricales;Physalacriaceae;Mucidula;Mucidula_mucida_var_asiatica	underclassification	4
F1-REF	6	2	rdp	1.0	AF282108	Root	Root;Ascomycota;Lecanoromycetes;Lecanorales;Ramalinaceae;Toninia;Toninia_talparum	underclassification	1
F1-REF	6	2	rdp	1.0	EU834214	Root;Basidiomycota	Root;Basidiomycota;Agaricomycetes;Agaricales;Cortinariaceae;Gymnopilus;Gymnopilus_punctifolius	underclassification	2
F1-REF	6	2	rdp	1.0	FJ871073	Root;Ascomycota;Lecanoromycetes;Lecanorales;Ramalinaceae;Ramalina	Root;Ascomycota;Lecanoromycetes;Lecanorales;Ramalinaceae;Ramalina;Ramalina_canariensis	match	6
F1-REF	6	2	rdp	1.0	FJ871076	Root;Ascomycota;Lecanoromycetes;Lecanorales;Ramalinaceae;Ramalina	Root;Ascomycota;Lecanoromycetes;Lecanorales;Ramalinaceae;Ramalina;Ramalina_crispatula	match	6
F1-REF	6	2	rdp	1.0	EU551212	Root;Ascomycota;Dothideomycetes;Pleosporales;Sporormiaceae;Preussia;Preussia_australis	Root;Ascomycota;Dothideomycetes;Pleosporales;Sporormiaceae;Preussia;Preussia_minima	overclassification	6
F1-REF	6	2	rdp	1.0	EU259898	Root;Ascomycota;Lecanoromycetes;Lecideales	Root;Ascomycota;Lecanoromycetes;Lecideales;Lecideaceae;Lecidea;Lecidea_atrobrunnea_subsp_saxosa	underclassification	4
F1-REF	6	2	rdp	1.0	FJ039694	Root;Basidiomycota;Agaricomycetes;Agaricales;Cortinariaceae	Root;Basidiomycota;Agaricomycetes;Agaricales;Cortinariaceae;Cortinarius;Cortinarius_ceraceus	underclassification	5
F1-REF	6	2	rdp	1.0	EU696874	Root;Basidiomycota;Agaricomycetes;Thelephorales;Thelephoraceae	Root;Basidiomycota;Agaricomycetes;Thelephorales;Thelephoraceae;Thelephora;Thelephora_ganbajun	underclassification	5
F1-REF	6	2	rdp	1.0	UDB000774	Root;Basidiomycota;Tremellomycetes;Tremellales;Exidiaceae;Sebacina;Sebacina_incrustans	Root;Basidiomycota;Tremellomycetes;Tremellales;Exidiaceae;Sebacina;Sebacina	overclassification	6
F1-REF	6	2	rdp	1.0	EU041805	Root	Root;Ascomycota;Eurotiomycetes;Chaetothyriales;Herpotrichiellaceae;Rhinocladiella;Rhinocladiella_anceps	underclassification	1
F1-REF	6	2	rdp	1.0	JN580855	Root	Root;Basidiomycota;Agaricomycetes;Agaricales;Cortinariaceae;Inocybe;Inocybe_silvae_herbaceae	underclassification	1
F1-REF	6	2	rdp	1.0	AF192312	Root	Root;Ascomycota;Sordariomycetes;Diaporthales;Valsaceae;Cytospora;Cytospora_valsoidea	underclassification	1
F1-REF	6	2	rdp	1.0	EU343863	Root	Root;Ascomycota;Saccharomycetes;Saccharomycetales;Metschnikowiaceae;Metschnikowia;Metschnikowia_hawaiiensis	underclassification	1
F1-REF	6	2	rdp	1.0	EF026120	Root;Ascomycota;Sordariomycetes;Xylariales;Xylariaceae	Root;Ascomycota;Sordariomycetes;Xylariales;Xylariaceae;Stilbohypoxylon;Stilbohypoxylon_quisquiliarum	underclassification	5
F1-REF	6	2	rdp	1.0	EF026125	Root;Ascomycota;Sordariomycetes;Xylariales;Xylariaceae	Root;Ascomycota;Sordariomycetes;Xylariales;Xylariaceae;Kretzschmaria;Kretzschmaria_lucidula	underclassification	5
F1-REF	6	2	rdp	1.0	AY527407	Root	Root;Ascomycota;Eurotiomycetes;Onygenales;Ajellomycetaceae;Spiromastix;Spiromastix_warcupii	underclassification	1
F1-REF	6	2	rdp	1.0	AF377247	Root	Root;Basidiomycota;Agaricomycetes;Agaricales;Tricholomataceae;Tricholoma;Tricholoma_acerbum	underclassification	1
F1-REF	6	2	rdp	1.0	DQ201952	Root	Root;Ascomycota;Lecanoromycetes;Teloschistales;Caliciaceae;Tetramelas;Tetramelas_pulverulentus	underclassification	1
F1-REF	6	2	rdp	1.0	AF297740	Root;Ascomycota;Lecanoromycetes;Lecanorales	Root;Ascomycota;Lecanoromycetes;Lecanorales;Parmeliaceae;Bryoria;Bryoria_tortuosa	underclassification	4
F1-REF	6	2	rdp	1.0	JF908074	Root	Root;Basidiomycota;Agaricomycetes;Agaricales;Hygrophoraceae;Hygrophorus;Hygrophorus_capreolarius	underclassification	1
F1-REF	6	2	rdp	1.0	FJ791141	Root;Ascomycota;Eurotiomycetes;Eurotiales;Trichocomaceae	Root;Ascomycota;Eurotiomycetes;Eurotiales;Trichocomaceae;Penicillium;Penicillium_canescens	underclassification	5
F1-REF	6	2	rdp	1.0	EU365855	Root;Ascomycota;Lecanoromycetes;Teloschistales;Teloschistaceae;Caloplaca	Root;Ascomycota;Lecanoromycetes;Teloschistales;Teloschistaceae;Caloplaca;Caloplaca_subalpina	match	6
F1-REF	6	2	rdp	1.0	AF274091	Root	Root;Ascomycota;Lecanoromycetes;Agyriales;Agyriaceae;Placopsis;Placopsis_gelida	underclassification	1
F1-REF	6	2	rdp	1.0	JF908673	Root;Basidiomycota;Agaricomycetes;Russulales;Russulaceae;Russula	Root;Basidiomycota;Agaricomycetes;Russulales;Russulaceae;Russula;Russula_anthracina	match	6
F1-REF	6	2	rdp	1.0	EU037895	Root;Ascomycota	Root;Ascomycota;Sordariomycetes;Chaetosphaeriales;Chaetosphaeriaceae;Chaetosphaeria;Chaetosphaeria_raciborskii	underclassification	2
F1-REF	6	2	rdp	1.0	AB481265	Root;Ascomycota	Root;Ascomycota;Leotiomycetes;Helotiales;Hyaloscyphaceae;Lachnum;Lachnum_soppittii	underclassification	2
F1-REF	6	2	rdp	1.0	DQ166963	Root;Ascomycota;Sordariomycetes;Sordariales;Lasiosphaeriaceae	Root;Ascomycota;Sordariomycetes;Sordariales;Lasiosphaeriaceae;Podospora;Podospora_dimorpha	underclassification	5
F1-REF	6	2	rdp	1.0	DQ023302	Root;Ascomycota;Sordariomycetes;Hypocreales;Hypocreaceae	Root;Ascomycota;Sordariomycetes;Hypocreales;Hypocreaceae;Hypocrea;Hypocrea_atrogelatinosa	underclassification	5
F1-REF	6	2	rdp	1.0	EU057028	Root;Basidiomycota;Agaricomycetes;Agaricales;Cortinariaceae;Cortinarius	Root;Basidiomycota;Agaricomycetes;Agaricales;Cortinariaceae;Cortinarius;Cortinarius_saxamontanus	match	6
F1-REF	6	2	rdp	1.0	EF626961	Root;Ascomycota;Eurotiomycetes;Eurotiales;Trichocomaceae	Root;Ascomycota;Eurotiomycetes;Eurotiales;Trichocomaceae;Eupenicillium;Eupenicillium_ochrosalmoneum	underclassification	5
F1-REF	6	2	rdp	1.0	DQ323970	Root;Basidiomycota;Agaricomycetes;Agaricales;Cortinariaceae;Cortinarius	Root;Basidiomycota;Agaricomycetes;Agaricales;Cortinariaceae;Cortinarius;Cortinarius_ochraceopallescens	match	6
F1-REF	6	2	rdp	1.0	HQ711929	Root	Root;Ascomycota;Orbiliomycetes;Orbiliales;Orbiliaceae;Drechslerella;Drechslerella_brochopaga	underclassification	1
F1-REF	6	2	rdp	1.0	AB378738	Root;Ascomycota;Leotiomycetes;Erysiphales;Erysiphaceae;Erysiphe	Root;Ascomycota;Leotiomycetes;Erysiphales;Erysiphaceae;Erysiphe;Erysiphe_magellanica	match	6
F1-REF	6	2	rdp	1.0	AY176354	Root;Basidiomycota;Agaricomycetes;Agaricales;Agaricaceae;Echinoderma;Lepiota_acutesquamosa	Root;Basidiomycota;Agaricomycetes;Agaricales;Agaricaceae;Echinoderma;Lepiota_aspera	overclassification	6
F1-REF	6	2	rdp	1.0	EF652039	Root;Ascomycota;Eurotiomycetes;Eurotiales;Trichocomaceae;Aspergillus	Root;Ascomycota;Eurotiomycetes;Eurotiales;Trichocomaceae;Aspergillus;Aspergillus_conicus	match	6
F1-REF	6	2	rdp	1.0	GU183864	Root;Ascomycota	Root;Ascomycota;Sordariomycetes;Diaporthales;Valsaceae;Ophiognomonia;Ophiognomonia_clavigignenti_juglandacearum	underclassification	2
F1-REF	6	2	rdp	1.0	AY176359	Root;Basidiomycota;Agaricomycetes;Agaricales	Root;Basidiomycota;Agaricomycetes;Agaricales;Agaricaceae;Lepiota;Lepiota_cingulum	underclassification	4
F1-REF	6	2	rdp	1.0	DQ119113	Root;Ascomycota;Sordariomycetes;Hypocreales	Root;Ascomycota;Sordariomycetes;Hypocreales;Clavicipitaceae;Balansia;Balansia_obtecta	underclassification	4
F1-REF	6	2	rdp	1.0	AY373294	Root	Root;Basidiomycota;Agaricomycetes;Cantharellales;Tulasnellaceae;Tulasnella;Tulasnella_albida	underclassification	1
F1-REF	6	2	rdp	1.0	AY373296	Root	Root;Basidiomycota;Agaricomycetes;Cantharellales;Tulasnellaceae;Tulasnella;Tulasnella_tomaculum	underclassification	1
F1-REF	6	2	rdp	1.0	FJ160269	Root;Ascomycota;Eurotiomycetes;Eurotiales;Trichocomaceae	Root;Ascomycota;Eurotiomycetes;Eurotiales;Trichocomaceae;Penicillium;Penicillium_minioluteum	underclassification	5
F1-REF	6	2	rdp	1.0	UDB000399	Root;Basidiomycota;Agaricomycetes;Boletales;Boletaceae	Root;Basidiomycota;Agaricomycetes;Boletales;Boletaceae;Xerocomus;Xerocomus_fennicus	underclassification	5
F1-REF	6	2	rdp	1.0	AY498665	Root;Ascomycota;Lecanoromycetes;Teloschistales;Physciaceae;Pyxine;Pyxine_limbulata	Root;Ascomycota;Lecanoromycetes;Teloschistales;Physciaceae;Pyxine;Pyxine_sorediata	overclassification	6
F1-REF	6	2	rdp	1.0	AY498662	Root;Ascomycota;Lecanoromycetes;Teloschistales;Physciaceae;Phaeophyscia	Root;Ascomycota;Lecanoromycetes;Teloschistales;Physciaceae;Phaeophyscia;Phaeophyscia_hirtuosa	match	6
F1-REF	6	2	rdp	1.0	EF093428	Root;Ascomycota;Saccharomycetes;Saccharomycetales	Root;Ascomycota;Saccharomycetes;Saccharomycetales;Pichiaceae;Pichia;Pichia_mexicana	underclassification	4
F1-REF	6	2	rdp	1.0	AY581058	Root	Root;Ascomycota;Lecanoromycetes;Lecanorales;Parmeliaceae;Xanthoparmelia;Xanthoparmelia_semiviridis	underclassification	1
F1-REF	6	2	rdp	1.0	AB167727	Root	Root;Basidiomycota;Agaricomycetes;Agaricales;Amanitaceae;Amanita;Amanita_areolata	underclassification	1
F1-REF	6	2	rdp	1.0	JN943307	Root;Ascomycota	Root;Ascomycota;Sordariomycetes;Hypocreales;Clavicipitaceae;Cordyceps;Cordyceps_pseudomilitaris	underclassification	2
F1-REF	6	2	rdp	1.0	AY606982	Root	Root;Basidiomycota;Agaricomycetes;Russulales;Russulaceae;Lactarius;Lactarius_velutissimus	underclassification	1
F1-REF	6	2	rdp	1.0	AF396864	Root;Ascomycota;Pezizomycetes;Pezizales;Pezizaceae;Terfezia	Root;Ascomycota;Pezizomycetes;Pezizales;Pezizaceae;Terfezia;Terfezia_leptoderma	match	6
F1-REF	6	2	rdp	1.0	HQ847011	Root;Basidiomycota;Agaricomycetes;Agaricales;Psathyrellaceae;Coprinopsis	Root;Basidiomycota;Agaricomycetes;Agaricales;Psathyrellaceae;Coprinopsis;Coprinopsis_fluvialis	match	6
F1-REF	6	2	rdp	1.0	DQ396901	Root;Ascomycota;Lecanoromycetes;Lecanorales;Stereocaulaceae;Stereocaulon	Root;Ascomycota;Lecanoromycetes;Lecanorales;Stereocaulaceae;Stereocaulon;Stereocaulon_glabrum	match	6
F1-REF	6	2	rdp	1.0	AY752149	Root;Ascomycota;Dothideomycetes;Capnodiales;Mycosphaerellaceae;Mycosphaerella;Mycosphaerella_thailandica	Root;Ascomycota;Dothideomycetes;Capnodiales;Mycosphaerellaceae;Mycosphaerella;Mycosphaerella_colombiensis	overclassification	6
F1-REF	6	2	rdp	1.0	AY541278	Root;Ascomycota;Lecanoromycetes;Lecanorales;Tephromelataceae;Calvitimela;Calvitimela_armeniaca	Root;Ascomycota;Lecanoromycetes;Lecanorales;Ramalinaceae;Tephromela;Tephromela_armeniaca	misclassification	4
F1-REF	6	2	rdp	1.0	DQ396904	Root	Root;Ascomycota;Lecanoromycetes;Lecanorales;Stereocaulaceae;Stereocaulon;Stereocaulon_corticatulum	underclassification	1
F1-REF	6	2	rdp	1.0	HM449051	Root	Root;Ascomycota;Sordariomycetes;Sordariales;Chaetomiaceae;Chaetomium;Chaetomium_reflexum	underclassification	1
F1-REF	6	2	rdp	1.0	JF415140	Root;Basidiomycota;Agaricomycetes;Agaricales;Pluteaceae;Volvariella	Root;Basidiomycota;Agaricomycetes;Agaricales;Pluteaceae;Volvariella;Volvariella_dunensis	match	6
F1-REF	6	2	rdp	1.0	AY772739	Root;Basidiomycota;Ustilaginomycetes;Ustilaginales	Root;Basidiomycota;Ustilaginomycetes;Ustilaginales;Ustilaginaceae;Ustilago;Ustilago_sporoboli_indici	underclassification	4
F1-REF	6	2	rdp	1.0	EF197081	Root;Ascomycota	Root;Ascomycota;Sordariomycetes;Sordariales;Lasiosphaeriaceae;Podospora;Podospora_longicaudata	underclassification	2
F1-REF	6	2	rdp	1.0	GU289916	Root;Ascomycota	Root;Ascomycota;Lecanoromycetes;Lecanorales;Hymeneliaceae;Aspicilia;Aspicilia_aschabadensis	underclassification	2
F1-REF	6	2	rdp	1.0	DQ974740	Root;Ascomycota;Eurotiomycetes;Eurotiales;Elaphomycetaceae;Elaphomyces	Root;Ascomycota;Eurotiomycetes;Eurotiales;Elaphomycetaceae;Elaphomyces;Elaphomyces_muricatus	match	6
F1-REF	6	2	rdp	1.0	AY004806	Root;Ascomycota;Dothideomycetes;Pleosporales;Pleosporaceae	Root;Ascomycota;Dothideomycetes;Pleosporales;Pleosporaceae;Pyrenophora;Drechslera_dictyoides	underclassification	5
F1-REF	6	2	rdp	1.0	AY641432	Root	Root;Basidiomycota;Agaricomycetes;Hymenochaetales;Hymenochaetaceae;Inonotus;Inonotus_tropicalis	underclassification	1
F1-REF	6	2	rdp	1.0	JF908254	Root;Basidiomycota;Agaricomycetes;Agaricales;Cortinariaceae;Inocybe	Root;Basidiomycota;Agaricomycetes;Agaricales;Cortinariaceae;Inocybe;Inocybe_tigrina	match	6
F1-REF	6	2	rdp	1.0	FJ178364	Root;Ascomycota;Sordariomycetes;Ophiostomatales;Ophiostomataceae;Ophiostoma	Root;Ascomycota;Sordariomycetes;Ophiostomatales;Ophiostomataceae;Ophiostoma;Ophiostoma_ips	match	6
F1-REF	6	2	rdp	1.0	AB470483	Root;Basidiomycota	Root;Basidiomycota;Pucciniomycetes;Pucciniales;Pucciniaceae;Puccinia;Puccinia_psidii	underclassification	2
F1-REF	6	2	rdp	1.0	HQ599605	Root;Ascomycota;Dothideomycetes;Capnodiales;Teratosphaeriaceae	Root;Ascomycota;Dothideomycetes;Capnodiales;Teratosphaeriaceae;Devriesia;Devriesia_xanthorrhoeae	underclassification	5
F1-REF	6	2	rdp	1.0	JF908096	Root;Basidiomycota;Agaricomycetes;Agaricales;Cortinariaceae;Inocybe;Inocybe_hirculus	Root;Basidiomycota;Agaricomycetes;Agaricales;Cortinariaceae;Inocybe;Inocybe_salicis_herbaceae	overclassification	6
F1-REF	6	2	rdp	1.0	AF490393	Root	Root;Basidiomycota;Tremellomycetes;Tremellales;Exidiaceae;Sebacina;Sebacina_aff_epigaea_MW_526	underclassification	1
F1-REF	6	2	rdp	1.0	FJ603575	Root;Ascomycota;Dothideomycetes	Root;Ascomycota;Dothideomycetes;Botryosphaeriales;Botryosphaeriaceae;Phyllosticta;Phyllosticta_vaccinii	underclassification	3
F1-REF	6	2	rdp	1.0	EU819418	Root	Root;Basidiomycota;Agaricomycetes;Atheliales;Atheliaceae;Piloderma;Piloderma_byssinum	underclassification	1
F1-REF	6	2	rdp	1.0	FJ596915	Root	Root;Basidiomycota;Agaricomycetes;Agaricales;Hygrophoraceae;Hygrocybe;Hygrocybe_appalachianensis	underclassification	1
F1-REF	6	2	rdp	1.0	EU819413	Root;Basidiomycota;Agaricomycetes;Agaricales	Root;Basidiomycota;Agaricomycetes;Agaricales;Tricholomataceae;Leucopaxillus;Leucopaxillus_tricolor	underclassification	4
F1-REF	6	2	rdp	1.0	FJ897535	Root;Basidiomycota;Pucciniomycetes;Pucciniales;Pucciniaceae;Puccinia;Puccinia_funkiae	Root;Basidiomycota;Pucciniomycetes;Pucciniales;Pucciniaceae;Puccinia;Puccinia_hemerocallidis	overclassification	6
F1-REF	6	2	rdp	1.0	GU233370	Root;Basidiomycota;Agaricomycetes;Agaricales;Cortinariaceae	Root;Basidiomycota;Agaricomycetes;Agaricales;Cortinariaceae;Cortinarius;Cortinarius_austrocyanites	underclassification	5
F1-REF	6	2	rdp	1.0	AB250409	Root;Ascomycota	Root;Ascomycota;Sordariomycetes;Hypocreales;Clavicipitaceae;Claviceps;Claviceps_paspali	underclassification	2
F1-REF	6	2	rdp	1.0	AY292451	Root	Root;Basidiomycota;Pucciniomycetes;Platygloeales;Platygloeaceae;Helicobasidium;Helicobasidium_purpureum_I	underclassification	1
F1-REF	6	2	rdp	1.0	HM562079	Root;Basidiomycota;Agaricomycetes;Agaricales;Pluteaceae;Pluteus	Root;Basidiomycota;Agaricomycetes;Agaricales;Pluteaceae;Pluteus;Pluteus_rugosidiscus	match	6
F1-REF	6	2	rdp	1.0	HM562076	Root;Basidiomycota;Agaricomycetes	Root;Basidiomycota;Agaricomycetes;Agaricales;Pluteaceae;Pluteus;Pluteus_eliae	underclassification	3
F1-REF	6	2	rdp	1.0	HM536092	Root;Basidiomycota;Agaricomycetes	Root;Basidiomycota;Agaricomycetes;Gloeophyllales;Gloeophyllaceae;Gloeophyllum;Gloeophyllum_striatum	underclassification	3
F1-REF	6	2	rdp	1.0	AJ877219	Root;Ascomycota;Eurotiomycetes;Onygenales	Root;Ascomycota;Eurotiomycetes;Onygenales;Arthrodermataceae;Arthroderma;Arthroderma_flavescens	underclassification	4
F1-REF	6	2	rdp	1.0	HM161455	Root;Ascomycota;Lecanoromycetes;Umbilicariales;Umbilicariaceae;Umbilicaria	Root;Ascomycota;Lecanoromycetes;Umbilicariales;Umbilicariaceae;Umbilicaria;Umbilicaria_rigida	match	6
F1-REF	6	2	rdp	1.0	AY263428	Root;Basidiomycota;Agaricomycetes;Agaricales;Marasmiaceae;Gymnopus	Root;Basidiomycota;Agaricomycetes;Agaricales;Marasmiaceae;Gymnopus;Gymnopus_trogioides	match	6
F1-REF	6	2	rdp	1.0	EU434855	Root;Ascomycota	Root;Ascomycota;Leotiomycetes;Helotiales;Vibrisseaceae;Vibrissea;Vibrissea_truncorum	underclassification	2
F1-REF	6	2	rdp	1.0	U56043	Root;Basidiomycota;Agaricomycetes;Agaricales;Cortinariaceae;Cortinarius	Root;Basidiomycota;Agaricomycetes;Agaricales;Cortinariaceae;Cortinarius;Cortinarius_idahoensis	match	6
F1-REF	6	2	rdp	1.0	FJ441032	Root	Root;Basidiomycota;Agaricomycetes;Agaricales;Amanitaceae;Amanita;Amanita_virgineoides	underclassification	1
F1-REF	6	2	rdp	1.0	EF560682	Root;Basidiomycota;Agaricomycetes;Russulales;Russulaceae	Root;Basidiomycota;Agaricomycetes;Russulales;Russulaceae;Lactarius;Lactarius_crassiusculus	underclassification	5
F1-REF	6	2	rdp	1.0	FJ441039	Root	Root;Basidiomycota;Agaricomycetes;Agaricales;Amanitaceae;Amanita;Amanita_eijii	underclassification	1
F1-REF	6	2	rdp	1.0	FJ861982	Root	Root;Ascomycota;Leotiomycetes;Rhytismatales;Rhytismataceae;Lophodermium;Lophodermium_minor	underclassification	1
F1-REF	6	2	rdp	1.0	FJ861984	Root;Ascomycota;Leotiomycetes;Rhytismatales;Rhytismataceae;Lophodermium	Root;Ascomycota;Leotiomycetes;Rhytismatales;Rhytismataceae;Lophodermium;Lophodermium_petrakii	match	6
F1-REF	6	2	rdp	1.0	AF106531	Root;Ascomycota;Orbiliomycetes;Orbiliales;Orbiliaceae	Root;Ascomycota;Orbiliomycetes;Orbiliales;Orbiliaceae;Dactylellina;Dactylellina_appendiculata	underclassification	5
F1-REF	6	2	rdp	1.0	DQ823428	Root;Basidiomycota;Exobasidiomycetes;Microstromatales;Quambalariaceae;Quambalaria	Root;Basidiomycota;Exobasidiomycetes;Microstromatales;Quambalariaceae;Quambalaria;Quambalaria_pitereka	match	6
F1-REF	6	2	rdp	1.0	GQ452059	Root;Basidiomycota;Agaricomycetes;Russulales;Russulaceae	Root;Basidiomycota;Agaricomycetes;Russulales;Russulaceae;Russula;Russula_cyanoxantha	underclassification	5
F1-REF	6	2	rdp	1.0	FJ707474	Root;Ascomycota;Sordariomycetes;Xylariales;Xylariaceae	Root;Ascomycota;Sordariomycetes;Xylariales;Xylariaceae;Xylaria;Xylaria_sibirica	underclassification	5
F1-REF	6	2	rdp	1.0	EF488829	Root;Glomeromycota;Glomeromycetes;Glomerales;Glomeraceae;Glomus	Root;Glomeromycota;Glomeromycetes;Glomerales;Glomeraceae;Glomus;Glomus_intraradices	match	6
F1-REF	6	2	rdp	1.0	JF908585	Root;Basidiomycota;Agaricomycetes;Agaricales	Root;Basidiomycota;Agaricomycetes;Agaricales;Strophariaceae;Pholiota;Pholiota_scamba	underclassification	4
F1-REF	6	2	rdp	1.0	GQ140236	Root;Ascomycota;Pezizomycetes;Pezizales;Discinaceae;Hydnotrya	Root;Ascomycota;Pezizomycetes;Pezizales;Discinaceae;Hydnotrya;Hydnotrya_cerebriformis	match	6
F1-REF	6	2	rdp	1.0	AB221438	Root;Basidiomycota;Pucciniomycetes;Pucciniales	Root;Basidiomycota;Pucciniomycetes;Pucciniales;Pucciniastraceae;Pucciniastrum;Pucciniastrum_hydrangeae_petiolaris	underclassification	4
F1-REF	6	2	rdp	1.0	AY829342	Root;Basidiomycota;Agaricomycetes;Hymenochaetales;Hymenochaetaceae;Phellinidium;Phellinidium_sulphurascens	Root;Basidiomycota;Agaricomycetes;Hymenochaetales;Hymenochaetaceae;Phellinidium;Phellinidium_weirii	overclassification	6
F1-REF	6	2	rdp	1.0	FJ717583	Root;Basidiomycota;Agaricomycetes;Agaricales;Cortinariaceae	Root;Basidiomycota;Agaricomycetes;Agaricales;Cortinariaceae;Cortinarius;Cortinarius_fillionii	underclassification	5
F1-REF	6	2	rdp	1.0	GQ852801	Root;Ascomycota;Dothideomycetes;Capnodiales	Root;Ascomycota;Dothideomycetes;Capnodiales;Teratosphaeriaceae;Teratosphaeria;Teratosphaeria_eucalypti	underclassification	4
F1-REF	6	2	rdp	1.0	GU058016	Root;Basidiomycota;Pucciniomycetes;Pucciniales;Pucciniaceae;Puccinia	Root;Basidiomycota;Pucciniomycetes;Pucciniales;Pucciniaceae;Puccinia;Puccinia_agrophila	match	6
F1-REF	6	2	rdp	1.0	AF314969	Root;Basidiomycota	Root;Basidiomycota;Tremellomycetes;Tremellales;Tremellaceae;Bullera;Bullera_variabilis	underclassification	2
F1-REF	6	2	rdp	1.0	EU340896	Root	Root;Basidiomycota;Agaricomycetes;Polyporales;Hapalopilaceae;Ceriporiopsis;Ceriporiopsis_resinascens	underclassification	1
F1-REF	6	2	rdp	1.0	UDB011395	Root;Basidiomycota;Agaricomycetes;Agaricales	Root;Basidiomycota;Agaricomycetes;Agaricales;Marasmiaceae;Xerula;Xerula_caussei	underclassification	4
F1-REF	6	2	rdp	1.0	AY918957	Root	Root;Ascomycota;Pezizomycetes;Pezizales;Tuberaceae;Tuber;Tuber_quercicola	underclassification	1
F1-REF	6	2	rdp	1.0	AF482870	Root;Basidiomycota;Agaricomycetes;Agaricales;Agaricaceae	Root;Basidiomycota;Agaricomycetes;Agaricales;Agaricaceae;Leucocoprinus;Leucocoprinus_straminellus	underclassification	5
F1-REF	6	2	rdp	1.0	EU118645	Root;Basidiomycota;Agaricomycetes;Atheliales;Atheliaceae	Root;Basidiomycota;Agaricomycetes;Agaricales;Hygrophoraceae;Lichenomphalia;Lichenomphalia_umbellifera	misclassification	3
F1-REF	6	2	rdp	1.0	AY880943	Root;Basidiomycota;Agaricomycetes;Boletales;Rhizopogonaceae;Rhizopogon	Root;Basidiomycota;Agaricomycetes;Boletales;Rhizopogonaceae;Rhizopogon;Rhizopogon_fuscorubens	match	6
F1-REF	6	2	rdp	1.0	EU118643	Root;Basidiomycota;Homobasidiomycetes;Corticiales;Corticiaceae;Gloeopeniophorella;Gloeopeniophorella_convolvens	Root;Basidiomycota;Agaricomycetes;Boletales;Coniophoraceae;Leucogyrophana;Leucogyrophana_mollusca	misclassification	2
F1-REF	6	2	rdp	1.0	AY880940	Root;Basidiomycota;Agaricomycetes;Boletales;Suillaceae;Suillus	Root;Basidiomycota;Agaricomycetes;Boletales;Suillaceae;Suillus;Suillus_neoalbidipes	match	6
F1-REF	6	2	rdp	1.0	JN049828	Root;Ascomycota;Sordariomycetes;Hypocreales	Root;Ascomycota;Sordariomycetes;Hypocreales;Ophiocordycipitaceae;Ophiocordyceps;Ophiocordyceps_stylophora	underclassification	4
F1-REF	6	2	rdp	1.0	DQ249198	Root	Root;Ascomycota;Saccharomycetes;Saccharomycetales;Pichiaceae;Pichia;Pichia_jadinii	underclassification	1
F1-REF	6	2	rdp	1.0	AY640936	Root;Basidiomycota;Agaricomycetes;Hymenochaetales;Hymenochaetaceae;Inocutis;Inocutis_dryophilus	Root;Basidiomycota;Agaricomycetes;Hymenochaetales;Hymenochaetaceae;Inonotus;Inonotus_mikadoi	misclassification	5
F1-REF	6	2	rdp	1.0	EU784176	Root;Basidiomycota;Agaricomycetes;Agaricales;Marasmiaceae;Armillaria	Root;Basidiomycota;Agaricomycetes;Agaricales;Marasmiaceae;Armillaria;Armillaria_tabescens	match	6
F1-REF	6	2	rdp	1.0	HM562213	Root;Basidiomycota;Agaricomycetes;Agaricales;Pluteaceae;Volvariella	Root;Basidiomycota;Agaricomycetes;Agaricales;Pluteaceae;Volvariella;Volvariella_surrecta	match	6
F1-REF	6	2	rdp	1.0	L54104	Root;Basidiomycota;Agaricomycetes;Boletales;Suillaceae;Suillus	Root;Basidiomycota;Agaricomycetes;Boletales;Suillaceae;Suillus;Suillus_spectabilis	match	6
F1-REF	6	2	rdp	1.0	EU113295	Root;Ascomycota;Lecanoromycetes;Lecanorales;Cladoniaceae;Cladonia	Root;Ascomycota;Lecanoromycetes;Lecanorales;Cladoniaceae;Cladonia;Cladonia_macilenta	match	6
F1-REF	6	2	rdp	1.0	AJ247571	Root;Ascomycota;Lecanoromycetes;Lecanorales;Ramalinaceae;Biatora	Root;Ascomycota;Lecanoromycetes;Lecanorales;Ramalinaceae;Biatora;Biatora_pseudohelvola	match	6
F1-REF	6	2	rdp	1.0	GQ267190	Root	Root;Ascomycota;Lecanoromycetes;Lecanorales;Parmeliaceae;Parmelia;Parmelia_lindmanii	underclassification	1
F1-REF	6	2	rdp	1.0	EF492210	Root;Ascomycota;Lecanoromycetes;Lecanorales;Parmeliaceae;Usnea	Root;Ascomycota;Lecanoromycetes;Lecanorales;Parmeliaceae;Usnea;Usnea_ushuaiensis	match	6
F1-REF	6	2	rdp	1.0	DQ240218	Root;Ascomycota;Dothideomycetes;Capnodiales;Teratosphaeriaceae;Teratosphaeria	Root;Ascomycota;Dothideomycetes;Capnodiales;Teratosphaeriaceae;Teratosphaeria;Teratosphaeria_zuluensis	match	6
F1-REF	6	2	rdp	1.0	EU715686	Root;Basidiomycota;Agaricomycetes	Root;Basidiomycota;Agaricomycetes;Agaricales;Strophariaceae;Pholiota;Pholiota_mixta	underclassification	3
F1-REF	6	2	rdp	1.0	EU715685	Root;Ascomycota;Sordariomycetes;Hypocreales;Hypocreaceae;Hypocrea	Root;Ascomycota;Sordariomycetes;Hypocreales;Hypocreaceae;Hypocrea;Hypocrea_pilulifera	match	6
F1-REF	6	2	rdp	1.0	AF394031	Root	Root;Ascomycota;Pezizomycetes;Pezizales;Sarcoscyphaceae;Cookeina;Cookeina_insititia	underclassification	1
F1-REF	6	2	rdp	1.0	AF325586	Root;Basidiomycota;Agaricomycetes;Agaricales;Cortinariaceae;Cortinarius	Root;Basidiomycota;Agaricomycetes;Agaricales;Cortinariaceae;Cortinarius;Cortinarius_talus	match	6
F1-REF	6	2	rdp	1.0	AY216474	Root;Basidiomycota;Agaricomycetes;Polyporales	Root;Basidiomycota;Agaricomycetes;Agaricales;Marasmiaceae;Oudemansiella;Oudemansiella_canarii	misclassification	3
F1-REF	6	2	rdp	1.0	EU784210	Root	Root;Basidiomycota;Agaricomycetes;Agaricales;Entolomataceae;Entoloma;Entoloma_caeruleopolitum	underclassification	1
F1-REF	6	2	rdp	1.0	AM882850	Root;Basidiomycota;Agaricomycetes;Agaricales;Cortinariaceae;Inocybe	Root;Basidiomycota;Agaricomycetes;Agaricales;Cortinariaceae;Inocybe;Inocybe_cincinnata	match	6
F1-REF	6	2	rdp	1.0	AY351621	Root;Basidiomycota;Agaricomycetes	Root;Basidiomycota;Agaricomycetes;Agaricales;Bolbitiaceae;Naucoria;Hebeloma_funariophilum	underclassification	3
F1-REF	6	2	rdp	1.0	HQ185701	Root	Root;Basidiomycota;Agaricomycetes;Agaricales;Hygrophoraceae;Hygrophorus;Hygrophorus_graveolens	underclassification	1
F1-REF	6	2	rdp	1.0	DQ478662	Root	Root;Ascomycota;Pezizomycetes;Pezizales;Tuberaceae;Tuber;Tuber_taiyuanense	underclassification	1
F1-REF	6	2	rdp	1.0	AF345824	Root	Root;Basidiomycota;Agaricomycetes;Agaricales;Psathyrellaceae;Coprinellus;Coprinellus_bisporus	underclassification	1
F1-REF	6	2	rdp	1.0	AF345821	Root;Basidiomycota;Agaricomycetes;Agaricales;Coprinaceae;Coprinus;Coprinus_comatus	Root;Basidiomycota;Agaricomycetes;Agaricales;Coprinaceae;Coprinus;Coprinus_sterquilinus	overclassification	6
F1-REF	6	2	rdp	1.0	AF181712	Root	Root;Ascomycota;Dothideomycetes;Pleosporales;Phaeosphaeriaceae;Phaeosphaeria;Phaeosphaeria_spartinae	underclassification	1
F1-REF	6	2	rdp	1.0	FJ998396	Root	Root;Basidiomycota;Agaricomycetes;Agaricales;Agaricaceae;Lepiota;Lepiota_parvannulata	underclassification	1
F1-REF	6	2	rdp	1.0	GQ249279	Root;Basidiomycota;Agaricomycetes;Agaricales;Psathyrellaceae;Coprinopsis	Root;Basidiomycota;Agaricomycetes;Agaricales;Psathyrellaceae;Coprinopsis;Coprinopsis_vermiculifer	match	6
F1-REF	6	2	rdp	1.0	EU553337	Root;Ascomycota	Root;Ascomycota;Sordariomycetes;Hypocreales;Clavicipitaceae;Nomuraea;Nomuraea_rileyi	underclassification	2
F1-REF	6	2	rdp	1.0	DQ530220	Root;Ascomycota;Dothideomycetes;Capnodiales	Root;Ascomycota;Dothideomycetes;Capnodiales;Teratosphaeriaceae;Teratosphaeria;Teratosphaeria_syncarpiae	underclassification	4
F1-REF	6	2	rdp	1.0	EU863218	Root;Basidiomycota;Agaricomycetes;Atheliales;Atheliaceae;Athelia;Sclerotium_delphinii	Root;Basidiomycota;Agaricomycetes;Atheliales;Atheliaceae;Athelia;Athelia_rolfsii	overclassification	6
F1-REF	6	2	rdp	1.0	AF492091	Root;Ascomycota;Taphrinomycetes;Taphrinales;Taphrinaceae;Taphrina	Root;Ascomycota;Taphrinomycetes;Taphrinales;Taphrinaceae;Taphrina;Taphrina_dearnessii	match	6
F1-REF	6	2	rdp	1.0	EU266103	Root	Root;Ascomycota;Lecanoromycetes;Lecanorales;Parmeliaceae;Parmelia;Parmelia_omphalodes	underclassification	1
F1-REF	6	2	rdp	1.0	EF592046	Root;Ascomycota	Root;Ascomycota;Leotiomycetes;Rhytismatales;Rhytismataceae;Lophodermium;Lophodermium_piceae	underclassification	2
F1-REF	6	2	rdp	1.0	EU266107	Root;Ascomycota	Root;Ascomycota;Lecanoromycetes;Peltigerales;Pannariaceae;Pannaria;Pannaria_leucosticta	underclassification	2
F1-REF	6	2	rdp	1.0	GQ329043	Root	Root;Basidiomycota;Agaricomycetes;Agaricales;Agaricaceae;Leucoagaricus;Leucoagaricus_tener	underclassification	1
F1-REF	6	2	rdp	1.0	AJ271591	Root	Root;Ascomycota;Sordariomycetes;Sordariales;Chaetomiaceae;Thielavia;Thielavia_basicola	underclassification	1
F1-REF	6	2	rdp	1.0	FJ845432	Root;Basidiomycota;Agaricomycetes;Russulales;Russulaceae;Russula	Root;Basidiomycota;Agaricomycetes;Russulales;Russulaceae;Russula;Russula_decolorans	match	6
F1-REF	6	2	rdp	1.0	DQ865099	Root;Ascomycota;Sordariomycetes	Root;Ascomycota;Sordariomycetes;Hypocreales;Hypocreaceae;Hypocrea;Hypocrea_lactea	underclassification	3
F1-REF	6	2	rdp	1.0	AY626984	Root;Ascomycota;Dothideomycetes;Capnodiales;Mycosphaerellaceae;Phaeophleospora;Phaeophleospora_eugeniicola	Root;Ascomycota;Dothideomycetes;Capnodiales;Mycosphaerellaceae;Mycosphaerella;Mycosphaerella_scytalidii	misclassification	5
F1-REF	6	2	rdp	1.0	EU784367	Root	Root;Basidiomycota;Agaricomycetes;Hysterangiales;Hysterangiaceae;Hysterangium;Hysterangium_thwaitesii	underclassification	1
F1-REF	6	2	rdp	1.0	AF310087	Root;Basidiomycota	Root;Basidiomycota;Agaricomycetes;Russulales;Gloeocystidiellaceae;Gloeocystidiellum;Gloeocystidiellum_clavuligerum	underclassification	2
F1-REF	6	2	rdp	1.0	HQ699640	Root	Root;Ascomycota;Lecanoromycetes;Teloschistales;Teloschistaceae;Caloplaca;Caloplaca_interfulgens	underclassification	1
F1-REF	6	2	rdp	1.0	EU784362	Root;Basidiomycota;Agaricomycetes;Boletales;Hymenogasteraceae;Hymenogaster	Root;Basidiomycota;Agaricomycetes;Boletales;Hymenogasteraceae;Hymenogaster;Hymenogaster_luteus	match	6
F1-REF	6	2	rdp	1.0	GU246248	Root	Root;Ascomycota;Saccharomycetes;Saccharomycetales;Pichiaceae;Hyphopichia;Hyphopichia_heimii	underclassification	1
F1-REF	6	2	rdp	1.0	HQ699644	Root;Ascomycota;Lecanoromycetes;Teloschistales;Teloschistaceae;Caloplaca	Root;Ascomycota;Lecanoromycetes;Teloschistales;Teloschistaceae;Caloplaca;Caloplaca_lactea	match	6
F1-REF	6	2	rdp	1.0	EF546655	Root;Ascomycota	Root;Ascomycota;Sordariomycetes;Hypocreales;Ophiocordycipitaceae;Hirsutella;Hirsutella_rhossiliensis	underclassification	2
F1-REF	6	2	rdp	1.0	EU035313	Root	Root;Basidiomycota;Agaricomycetes;Hymenochaetales;Hymenochaetaceae;Phellinus;Phellinus_merrillii	underclassification	1
F1-REF	6	2	rdp	1.0	EU401764	Root;Ascomycota;Lecanoromycetes;Lecanorales;Parmeliaceae	Root;Ascomycota;Lecanoromycetes;Lecanorales;Parmeliaceae;Cetraria;Cetraria_laevigata	underclassification	5
F1-REF	6	2	rdp	1.0	AM292048	Root	Root;Ascomycota;Sordariomycetes;Sordariales;Chaetomiaceae;Trichocladium;Trichocladium_pyriforme	underclassification	1
F1-REF	6	2	rdp	1.0	JF907826	Root;Basidiomycota;Agaricomycetes;Agaricales;Bolbitiaceae;Conocybe	Root;Basidiomycota;Agaricomycetes;Agaricales;Bolbitiaceae;Conocybe;Conocybe_moseri	match	6
F1-REF	6	2	rdp	1.0	JN638273	Root;Ascomycota;Eurotiomycetes	Root;Ascomycota;Eurotiomycetes;Verrucariales;Verrucariaceae;Hydropunctaria;Hydropunctaria_scabra	underclassification	3
F1-REF	6	2	rdp	1.0	AY375447	Root	Root;Ascomycota;Sordariomycetes;Hypocreales;Clavicipitaceae;Metarhizium;Metarhizium_flavoviride	underclassification	1
F1-REF	6	2	rdp	1.0	EF026139	Root	Root;Ascomycota;Sordariomycetes;Xylariales;Xylariaceae;Annulohypoxylon;Annulohypoxylon_squamulosum	underclassification	1
F1-REF	6	2	rdp	1.0	EF026135	Root;Ascomycota;Sordariomycetes	Root;Ascomycota;Sordariomycetes;Xylariales;Xylariaceae;Biscogniauxia;Biscogniauxia_latirima	underclassification	3
F1-REF	6	2	rdp	1.0	EF026137	Root;Ascomycota	Root;Ascomycota;Sordariomycetes;Xylariales;Xylariaceae;Annulohypoxylon;Annulohypoxylon	underclassification	2
F1-REF	6	2	rdp	1.0	EF026136	Root;Ascomycota;Sordariomycetes;Xylariales	Root;Ascomycota;Sordariomycetes;Xylariales;Xylariaceae;Biscogniauxia;Biscogniauxia_philippinensis_var_microspora	underclassification	4
F1-REF	6	2	rdp	1.0	EF026133	Root	Root;Ascomycota;Sordariomycetes;Xylariales;Xylariaceae;Biscogniauxia;Biscogniauxia_cylindrispora	underclassification	1
F1-REF	6	2	rdp	1.0	DQ381951	Root;Ascomycota;Sordariomycetes;Hypocreales;Hypocreaceae;Gliocephalotrichum	Root;Ascomycota;Sordariomycetes;Hypocreales;Hypocreaceae;Gliocephalotrichum;Gliocephalotrichum_bulbilium	match	6
F1-REF	6	2	rdp	1.0	DQ198358	Root	Root;Ascomycota;Lecanoromycetes;Teloschistales;Physciaceae;Buellia;Buellia_insignis	underclassification	1
F1-REF	6	2	rdp	1.0	DQ006922	Root;Ascomycota;Sordariomycetes;Xylariales;Diatrypaceae	Root;Ascomycota;Sordariomycetes;Xylariales;Diatrypaceae;Eutypa;Eutypa_lejoplaca	underclassification	5
F1-REF	6	2	rdp	1.0	DQ069001	Root	Root;Ascomycota;Pezizomycetes;Pezizales;Pyronemataceae;Wilcoxina;Wilcoxina_rehmii	underclassification	1
F1-REF	6	2	rdp	1.0	AB080531	Root;Ascomycota;Leotiomycetes;Erysiphales;Erysiphaceae;Phyllactinia;Phyllactinia_guttata	Root;Ascomycota;Leotiomycetes;Erysiphales;Erysiphaceae;Phyllactinia;Phyllactinia_juglandis	overclassification	6
F1-REF	6	2	rdp	1.0	JF908065	Root	Root;Basidiomycota;Agaricomycetes;Agaricales;Hygrophoraceae;Hygrophorus;Hygrophorus_russula	underclassification	1
F1-REF	6	2	rdp	1.0	EU623638	Root;Basidiomycota;Agaricomycetes;Agaricales;Marasmiaceae	Root;Basidiomycota;Agaricomycetes;Agaricales;Marasmiaceae;Gerronema;Gerronema_albidum	underclassification	5
F1-REF	6	2	rdp	1.0	DQ534567	Root;Basidiomycota;Agaricomycetes;Boletales;Boletaceae;Boletus;Boletus_pulcherrimus	Root;Basidiomycota;Agaricomycetes;Boletales;Boletaceae;Boletus;Boletus_satanas	overclassification	6
F1-REF	6	2	rdp	1.0	GU234104	Root;Basidiomycota;Agaricomycetes;Agaricales;Cortinariaceae;Inocybe	Root;Basidiomycota;Agaricomycetes;Agaricales;Cortinariaceae;Inocybe;Inocybe_boltonii	match	6
F1-REF	6	2	rdp	1.0	AY641557	Root;Basidiomycota;Ustilaginomycetes;Ustilaginales;Ustilaginaceae	Root;Basidiomycota;Ustilaginomycetes;Ustilaginales;Ustilaginaceae;Pseudozyma;Pseudozyma_antarctica	underclassification	5
F1-REF	6	2	rdp	1.0	DQ674378	Root	Root;Ascomycota;Sordariomycetes;Hypocreales;Clavicipitaceae;Beauveria;Beauveria_amorpha	underclassification	1
F1-REF	6	2	rdp	1.0	AF454401	Root;Basidiomycota;Agaricomycetes;Russulales;Auriscalpiaceae;Artomyces	Root;Basidiomycota;Agaricomycetes;Russulales;Auriscalpiaceae;Artomyces;Artomyces_turgidus	match	6
F1-REF	6	2	rdp	1.0	EU692776	Root;Basidiomycota;Exobasidiomycetes;Exobasidiales;Exobasidiaceae;Exobasidium	Root;Basidiomycota;Exobasidiomycetes;Exobasidiales;Exobasidiaceae;Exobasidium;Exobasidium_pulchrum	match	6
F1-REF	6	2	rdp	1.0	AY818348	Root;Basidiomycota;Agaricomycetes	Root;Basidiomycota;Agaricomycetes;Agaricales;Bolbitiaceae;Agrocybe;Agrocybe_praecox	underclassification	3
F1-REF	6	2	rdp	1.0	GQ922521	Root;Ascomycota	Root;Ascomycota;Sordariomycetes;Sordariales;Lasiosphaeriaceae;Cercophora;Cercophora_samala	underclassification	2
F1-REF	6	2	rdp	1.0	GQ922523	Root;Ascomycota	Root;Ascomycota;Dothideomycetes;Pleosporales;Phaeosphaeriaceae;Phaeosphaeria;Phaeosphaeria_nodorum	underclassification	2
F1-REF	6	2	rdp	1.0	EU057034	Root;Basidiomycota;Agaricomycetes;Agaricales;Cortinariaceae;Cortinarius	Root;Basidiomycota;Agaricomycetes;Agaricales;Cortinariaceae;Cortinarius;Cortinarius_flavovirens	match	6
F1-REF	6	2	rdp	1.0	FJ897709	Root;Ascomycota;Eurotiomycetes;Onygenales;Arthrodermataceae;Microsporum	Root;Ascomycota;Eurotiomycetes;Onygenales;Arthrodermataceae;Arthroderma;Arthroderma_fulvum	misclassification	5
F1-REF	6	2	rdp	1.0	DQ463348	Root;Basidiomycota;Agaricomycetes	Root;Basidiomycota;Agaricomycetes;Agaricales;Nidulariaceae;Cyathus;Cyathus_gansuensis	underclassification	3
F1-REF	6	2	rdp	1.0	AJ874121	Root;Ascomycota;Eurotiomycetes;Eurotiales;Trichocomaceae;Aspergillus	Root;Ascomycota;Eurotiomycetes;Eurotiales;Trichocomaceae;Aspergillus;Aspergillus_bombycis	match	6
F1-REF	6	2	rdp	1.0	EU707858	Root;Ascomycota;Dothideomycetes;Capnodiales;Teratosphaeriaceae;Teratosphaeria	Root;Ascomycota;Dothideomycetes;Capnodiales;Teratosphaeriaceae;Teratosphaeria;Teratosphaeria_associata	match	6
F1-REF	6	2	rdp	1.0	DQ366855	Root;Basidiomycota;Microbotryomycetes;Microbotryales;Microbotryaceae;Microbotryum	Root;Basidiomycota;Microbotryomycetes;Microbotryales;Microbotryaceae;Microbotryum;Microbotryum_silenes_acaulis	match	6
F1-REF	6	2	rdp	1.0	GQ250004	Root	Root;Ascomycota;Sordariomycetes;Hypocreales;Clavicipitaceae;Akanthomyces;Akanthomyces_novoguineensis	underclassification	1
F1-REF	6	2	rdp	1.0	AB248964	Root	Root;Ascomycota;Eurotiomycetes;Eurotiales;Trichocomaceae;Emericella;Emericella_aurantiobrunnea	underclassification	1
F1-REF	6	2	rdp	1.0	GQ409518	Root	Root;Basidiomycota;Agaricomycetes;Polyporales;Hyphodermataceae;Hyphoderma;Hyphoderma_setigerum	underclassification	1
F1-REF	6	2	rdp	1.0	GQ250009	Root;Ascomycota	Root;Ascomycota;Sordariomycetes;Hypocreales;Clavicipitaceae;Akanthomyces;Akanthomyces_websteri	underclassification	2
F1-REF	6	2	rdp	1.0	EU056967	Root;Basidiomycota;Agaricomycetes;Agaricales;Cortinariaceae;Cortinarius	Root;Basidiomycota;Agaricomycetes;Agaricales;Cortinariaceae;Cortinarius;Cortinarius_catharinae	match	6
F1-REF	6	2	rdp	1.0	FJ478127	Root;Basidiomycota;Agaricomycetes;Polyporales	Root;Basidiomycota;Agaricomycetes;Polyporales;Ganodermataceae;Ganoderma;Ganoderma_ramosissimum	underclassification	4
F1-REF	6	2	rdp	1.0	AY176343	Root;Basidiomycota;Agaricomycetes;Agaricales;Agaricaceae;Chamaemyces;Chamaemyces	Root;Basidiomycota;Agaricomycetes;Agaricales;Agaricaceae;Chamaemyces;Chamaemyces_fracidus	overclassification	6
F1-REF	6	2	rdp	1.0	AY789333	Root;Ascomycota;Leotiomycetes;Helotiales;Sclerotiniaceae;Mitrula	Root;Ascomycota;Leotiomycetes;Helotiales;Sclerotiniaceae;Mitrula;Mitrula_elegans	match	6
F1-REF	6	2	rdp	1.0	EU706328	Root;Basidiomycota;Agaricomycetes;Boletales	Root;Basidiomycota;Agaricomycetes;Boletales;Gomphidiaceae;Chroogomphus;Chroogomphus_orientirutilus	underclassification	4
F1-REF	6	2	rdp	1.0	GQ165678	Root;Basidiomycota;Agaricomycetes;Agaricales;Cortinariaceae;Phaeocollybia	Root;Basidiomycota;Agaricomycetes;Agaricales;Cortinariaceae;Phaeocollybia;Phaeocollybia_olivacea	match	6
F1-REF	6	2	rdp	1.0	JF908402	Root;Basidiomycota;Agaricomycetes;Agaricales;Mycenaceae;Mycena;Mycena_graminicola	Root;Basidiomycota;Agaricomycetes;Agaricales;Mycenaceae;Mycena;Mycena_arcangeliana	overclassification	6
F1-REF	6	2	rdp	1.0	GU903336	Root;Ascomycota;Lecanoromycetes;Lecanorales;Parmeliaceae;Xanthoparmelia	Root;Ascomycota;Lecanoromycetes;Lecanorales;Parmeliaceae;Karoowia;Karoowia_subchalybaeizans	misclassification	5
F1-REF	6	2	rdp	1.0	EU685114	Root;Basidiomycota;Agaricomycetes	Root;Basidiomycota;Agaricomycetes;Boletales;Boletaceae;Tylopilus;Tylopilus_atronicotianus	underclassification	3
F1-REF	6	2	rdp	1.0	EU681306	Root;Ascomycota;Lecanoromycetes;Teloschistales;Teloschistaceae;Xanthoria	Root;Ascomycota;Lecanoromycetes;Teloschistales;Teloschistaceae;Xanthoria;Xanthoria_streimannii	match	6
F1-REF	6	2	rdp	1.0	AB260936	Root;Basidiomycota	Root;Basidiomycota;Tremellomycetes;Filobasidiales;Filobasidiaceae;Cryptococcus;Cryptococcus_arboriformis	underclassification	2
F1-REF	6	2	rdp	1.0	UDB011720	Root;Basidiomycota;Agaricomycetes;Agaricales;Pluteaceae;Pluteus	Root;Basidiomycota;Agaricomycetes;Agaricales;Pluteaceae;Pluteus;Pluteus_dietrichii	match	6
F1-REF	6	2	rdp	1.0	AB236919	Root	Root;Ascomycota;Saccharomycetes;Saccharomycetales;Metschnikowiaceae;Metschnikowia;Metschnikowia_cibodasensis	underclassification	1
F1-REF	6	2	rdp	1.0	AB271785	Root;Ascomycota;Leotiomycetes;Erysiphales;Erysiphaceae	Root;Ascomycota;Leotiomycetes;Erysiphales;Erysiphaceae;Erysiphe;Erysiphe_abbreviata	underclassification	5
F1-REF	6	2	rdp	1.0	FJ654480	Root;Ascomycota;Eurotiomycetes;Eurotiales;Trichocomaceae	Root;Ascomycota;Eurotiomycetes;Eurotiales;Trichocomaceae;Aspergillus;Aspergillus_flavus	underclassification	5
F1-REF	6	2	rdp	1.0	AY513197	Root	Root;Basidiomycota;Agaricomycetes;Russulales;Auriscalpiaceae;Lentinellus;Lentinellus_auricula	underclassification	1
F1-REF	6	2	rdp	1.0	AF501548	Root;Basidiomycota;Agaricomycetes;Agaricales;Cortinariaceae;Gymnopilus	Root;Basidiomycota;Agaricomycetes;Agaricales;Cortinariaceae;Gymnopilus;Gymnopilus_hybridus	match	6
F1-REF	6	2	rdp	1.0	HM776423	Root;Ascomycota;Sordariomycetes;Hypocreales;Nectriaceae	Root;Ascomycota;Sordariomycetes;Hypocreales;Nectriaceae;Gibberella;Fusarium_pseudonygamai	underclassification	5
F1-REF	6	2	rdp	1.0	GQ253462	Root	Root;Basidiomycota;Agaricomycetes;Hymenochaetales;Hymenochaetaceae;Inonotus;Inonotus_levis	underclassification	1
F1-REF	6	2	rdp	1.0	DQ974757	Root;Basidiomycota;Agaricomycetes	Root;Basidiomycota;Agaricomycetes;Russulales;Russulaceae;Russula;Russula_rhodopoda	underclassification	3
F1-REF	6	2	rdp	1.0	DQ974756	Root;Basidiomycota;Agaricomycetes;Russulales;Russulaceae	Root;Basidiomycota;Agaricomycetes;Russulales;Russulaceae;Russula;Russula_tenuiceps	underclassification	5
F1-REF	6	2	rdp	1.0	JN819281	Root;Ascomycota	Root;Ascomycota;Dothideomycetes;Jahnulales;Aliquandostipitaceae;Jahnula;Jahnula_bipolaris	underclassification	2
F1-REF	6	2	rdp	1.0	AY744546	Root;Ascomycota	Root;Ascomycota;Sordariomycetes;Ophiostomatales;Ophiostomataceae;Grosmannia;Grosmannia_sagmatospora	underclassification	2
F1-REF	6	2	rdp	1.0	DQ974759	Root;Basidiomycota;Agaricomycetes;Russulales;Russulaceae;Russula;Russula_depallens	Root;Basidiomycota;Agaricomycetes;Russulales;Russulaceae;Russula;Russula_exalbicans	overclassification	6
F1-REF	6	2	rdp	1.0	JF908240	Root;Basidiomycota;Agaricomycetes;Agaricales;Cortinariaceae	Root;Basidiomycota;Agaricomycetes;Agaricales;Cortinariaceae;Inocybe;Inocybe_brunneotomentosa	underclassification	5
F1-REF	6	2	rdp	1.0	GU138732	Root;Ascomycota	Root;Ascomycota;Leotiomycetes;Rhytismatales;Rhytismataceae;Coccomyces;Coccomyces_mucronatus	underclassification	2
F1-REF	6	2	rdp	1.0	DQ872858	Root	Root;Ascomycota;Saccharomycetes;Saccharomycetales;Saccharomycetaceae;Zygosaccharomyces;Zygosaccharomyces_bailii	underclassification	1
F1-REF	6	2	rdp	1.0	JF908598	Root	Root;Basidiomycota;Agaricomycetes;Agaricales;Bolbitiaceae;Conocybe;Conocybe_teneroides	underclassification	1
F1-REF	6	2	rdp	1.0	GU138730	Root	Root;Ascomycota;Leotiomycetes;Rhytismatales;Rhytismataceae;Coccomyces;Coccomyces_sinensis	underclassification	1
F1-REF	6	2	rdp	1.0	EU913713	Root;Ascomycota;Sordariomycetes;Ophiostomatales;Ophiostomataceae;Ceratocystiopsis	Root;Ascomycota;Sordariomycetes;Ophiostomatales;Ophiostomataceae;Ceratocystiopsis;Ceratocystiopsis_ranaculosa	match	6
F1-REF	6	2	rdp	1.0	AB277789	Root;Ascomycota;Dothideomycetes;Capnodiales;Mycosphaerellaceae	Root;Ascomycota;Dothideomycetes;Capnodiales;Mycosphaerellaceae;Cercospora;Cercospora_cryptomeriicola	underclassification	5
F1-REF	6	2	rdp	1.0	GU139172	Root;Basidiomycota	Root;Basidiomycota;Ustilaginomycetes;Ustilaginales;Ustilaginaceae;Sporisorium;Sporisorium_spinulosum	underclassification	2
F1-REF	6	2	rdp	1.0	JN899368	Root	Root;Ascomycota;Eurotiomycetes;Eurotiales;Trichocomaceae;Penicillium;Penicillium_varians	underclassification	1
F1-REF	6	2	rdp	1.0	GU233365	Root;Basidiomycota;Agaricomycetes;Agaricales;Cortinariaceae;Inocybe	Root;Basidiomycota;Agaricomycetes;Agaricales;Cortinariaceae;Inocybe;Inocybe_scabriuscula	match	6
F1-REF	6	2	rdp	1.0	GU233367	Root;Basidiomycota;Agaricomycetes;Agaricales;Cortinariaceae;Inocybe	Root;Basidiomycota;Agaricomycetes;Agaricales;Cortinariaceae;Inocybe;Inocybe_latericia	match	6
F1-REF	6	2	rdp	1.0	EU819425	Root;Basidiomycota;Agaricomycetes;Russulales;Russulaceae;Russula;Russula_pectinatoides	Root;Basidiomycota;Agaricomycetes;Russulales;Russulaceae;Russula;Russula_disparilis	overclassification	6
F1-REF	6	2	rdp	1.0	Z93889	Root	Root;Ascomycota;Saccharomycetes;Saccharomycetales;Saccharomycetaceae;Williopsis;Williopsis_salicorniae	underclassification	1
F1-REF	6	2	rdp	1.0	EU833653	Root;Basidiomycota;Agaricomycetes;Agaricales	Root;Basidiomycota;Agaricomycetes;Agaricales;Lycoperdaceae;Calvatia;Calvatia_pachydermica	underclassification	4
F1-REF	6	2	rdp	1.0	HQ832804	Root;Basidiomycota;Ustilaginomycetes;Ustilaginales;Ustilaginaceae	Root;Basidiomycota;Ustilaginomycetes;Ustilaginales;Ustilaginaceae;Pseudozyma;Pseudozyma_aphidis	underclassification	5
F1-REF	6	2	rdp	1.0	JF923608	Root;Ascomycota;Lecanoromycetes;Lecanorales;Ramalinaceae;Ramalina	Root;Ascomycota;Lecanoromycetes;Lecanorales;Ramalinaceae;Ramalina;Ramalina_calicaris	match	6
F1-REF	6	2	rdp	1.0	DQ860780	Root	Root;Ascomycota;Eurotiomycetes;Onygenales;Arthrodermataceae;Arthroderma;Arthroderma_cajetani	underclassification	1
F1-REF	6	2	rdp	1.0	GU479327	Root;Basidiomycota;Agaricomycetes;Boletales;Hymenogasteraceae;Hymenogaster	Root;Basidiomycota;Agaricomycetes;Boletales;Hymenogasteraceae;Hymenogaster;Hymenogaster_griseus	match	6
F1-REF	6	2	rdp	1.0	AB245120	Root	Root;Ascomycota;Lecanoromycetes;Peltigerales;Lobariaceae;Sticta;Sticta_nylanderiana	underclassification	1
F1-REF	6	2	rdp	1.0	EF685053	Root;Basidiomycota;Agaricomycetes;Russulales;Russulaceae;Lactarius	Root;Basidiomycota;Agaricomycetes;Russulales;Russulaceae;Lactarius;Lactarius_deliciosus	match	6
F1-REF	6	2	rdp	1.0	AJ390417	Root	Root;Ascomycota;Sordariomycetes;Xylariales;Xylariaceae;Biscogniauxia;Biscogniauxia_marginata	underclassification	1
F1-REF	6	2	rdp	1.0	AF042433	Root	Root;Basidiomycota;Tremellomycetes;Tremellales;Tremellaceae;Tremella;Tremella_tropica	underclassification	1
F1-REF	6	2	rdp	1.0	AF210669	Root	Root;Ascomycota;Sordariomycetes;Hypocreales;Bionectriaceae;Bionectria;Bionectria_setosa	underclassification	1
F1-REF	6	2	rdp	1.0	FJ860825	Root;Ascomycota;Sordariomycetes;Hypocreales;Hypocreaceae	Root;Ascomycota;Sordariomycetes;Hypocreales;Hypocreaceae;Hypocrea;Hypocrea_rodmanii	underclassification	5
F1-REF	6	2	rdp	1.0	AF210666	Root	Root;Ascomycota;Sordariomycetes;Hypocreales;Bionectriaceae;Bionectria;Bionectria_sesquicillii	underclassification	1
F1-REF	6	2	rdp	1.0	DQ068380	Root	Root;Ascomycota;Lecanoromycetes;Lecanorales;Parmeliaceae;Anzia;Anzia_colpota	underclassification	1
F1-REF	6	2	rdp	1.0	AY341909	Root	Root;Ascomycota;Lecanoromycetes;Lecanorales;Stereocaulaceae;Stereocaulon;Stereocaulon_cumulatum	underclassification	1
F1-REF	6	2	rdp	1.0	AB054038	Root	Root;Ascomycota;Saccharomycetes;Saccharomycetales;Saccharomycodaceae;Hanseniaspora;Hanseniaspora_uvarum	underclassification	1
F1-REF	6	2	rdp	1.0	DQ431167	Root;Ascomycota;Leotiomycetes;Helotiales	Root;Ascomycota;Leotiomycetes;Helotiales;Helotiaceae;Hymenoscyphus;Hymenoscyphus_tamaricis	underclassification	4
F1-REF	6	2	rdp	1.0	FJ157057	Root;Basidiomycota;Agaricomycetes;Agaricales;Cortinariaceae	Root;Basidiomycota;Agaricomycetes;Agaricales;Cortinariaceae;Cortinarius;Cortinarius_limonius	underclassification	5
F1-REF	6	2	rdp	1.0	EU497950	Root;Ascomycota;Eurotiomycetes;Eurotiales;Trichocomaceae	Root;Ascomycota;Eurotiomycetes;Eurotiales;Trichocomaceae;Talaromyces;Talaromyces_rotundus	underclassification	5
F1-REF	6	2	rdp	1.0	GQ994981	Root;Basidiomycota;Agaricomycetes;Agaricales;Cortinariaceae;Inocybe	Root;Basidiomycota;Agaricomycetes;Agaricales;Cortinariaceae;Inocybe;Inocybe_umbratica	match	6
F1-REF	6	2	rdp	1.0	FJ827743	Root	Root;Chytridiomycota;Chytridiomycetes;Chytridiales;Chytridiaceae;Phlyctochytrium;Phlyctochytrium_californicum	underclassification	1
F1-REF	6	2	rdp	1.0	HQ149325	Root;Ascomycota	Root;Ascomycota;Eurotiomycetes;Eurotiales;Trichocomaceae;Penicillium;Penicillium_erythromellis	underclassification	2
F1-REF	6	2	rdp	1.0	JF961373	Root;Basidiomycota;Agaricomycetes;Agaricales;Bolbitiaceae;Hebeloma	Root;Basidiomycota;Agaricomycetes;Agaricales;Bolbitiaceae;Hebeloma;Hebeloma_sacchariolens	match	6
F1-REF	6	2	rdp	1.0	GQ280665	Root;Ascomycota;Sordariomycetes;Hypocreales;Nectriaceae	Root;Ascomycota;Sordariomycetes;Hypocreales;Nectriaceae;Calonectria;Calonectria_zuluensis	underclassification	5
F1-REF	6	2	rdp	1.0	DQ241463	Root	Root;Basidiomycota;Pucciniomycetes;Septobasidiales;Septobasidiaceae;Septobasidium;Septobasidium_sinuosum	underclassification	1
F1-REF	6	2	rdp	1.0	DQ525498	Root;Ascomycota;Lecanoromycetes;Acarosporales;Acarosporaceae	Root;Ascomycota;Lecanoromycetes;Acarosporales;Acarosporaceae;Pleopsidium;Pleopsidium_chlorophanum	underclassification	5
F1-REF	6	2	rdp	1.0	HM562199	Root;Basidiomycota;Agaricomycetes;Agaricales;Pluteaceae;Pluteus	Root;Basidiomycota;Agaricomycetes;Agaricales;Pluteaceae;Pluteus;Pluteus_seticeps	match	6
F1-REF	6	2	rdp	1.0	JF907927	Root;Basidiomycota;Agaricomycetes;Agaricales;Cortinariaceae;Cortinarius	Root;Basidiomycota;Agaricomycetes;Agaricales;Cortinariaceae;Cortinarius;Cortinarius_paleifer	match	6
F1-REF	6	2	rdp	1.0	FJ884097	Root	Root;Ascomycota;Sordariomycetes;Hypocreales;Nectriaceae;Fusarium;Fusarium_polyphialidicum	underclassification	1
F1-REF	6	2	rdp	1.0	U88231	Root;Basidiomycota;Pucciniomycetes;Pucciniales;Pucciniaceae;Puccinia;Puccinia_thlaspeos	Root;Basidiomycota;Pucciniomycetes;Pucciniales;Pucciniaceae;Puccinia;Puccinia_aberrans	overclassification	6
F1-REF	6	2	rdp	1.0	AY687314	Root;Ascomycota;Sordariomycetes	Root;Ascomycota;Sordariomycetes;Xylariales;Amphisphaeriaceae;Seiridium;Seiridium_ceratosporum	underclassification	3
F1-REF	6	2	rdp	1.0	GU214634	Root;Ascomycota;Dothideomycetes;Capnodiales;Teratosphaeriaceae;Devriesia	Root;Ascomycota;Dothideomycetes;Capnodiales;Teratosphaeriaceae;Devriesia;Devriesia_lagerstroemiae	match	6
F1-REF	6	2	rdp	1.0	GU994555	Root;Ascomycota;Lecanoromycetes;Lecanorales;Parmeliaceae	Root;Ascomycota;Lecanoromycetes;Lecanorales;Parmeliaceae;Melanelia;Melanelia_commixta	underclassification	5
F1-REF	6	2	rdp	1.0	GU214636	Root;Ascomycota	Root;Ascomycota;Dothideomycetes;Capnodiales;Teratosphaeriaceae;Hortaea;Hortaea_acidophila	underclassification	2
F1-REF	6	2	rdp	1.0	AY669610	Root;Basidiomycota;Agaricomycetes;Agaricales;Cortinariaceae	Root;Basidiomycota;Agaricomycetes;Agaricales;Cortinariaceae;Cortinarius;Cortinarius_archeri	underclassification	5
F1-REF	6	2	rdp	1.0	EU692777	Root	Root;Basidiomycota;Exobasidiomycetes;Exobasidiales;Exobasidiaceae;Exobasidium;Exobasidium_formosanum	underclassification	1
F1-REF	6	2	rdp	1.0	GQ852839	Root;Ascomycota;Dothideomycetes	Root;Ascomycota;Dothideomycetes;Capnodiales;Mycosphaerellaceae;Zasmidium;Zasmidium_aerohyalinosporum	underclassification	3
F1-REF	6	2	rdp	1.0	EU118651	Root;Basidiomycota;Agaricomycetes;Russulales;Peniophoraceae;Peniophora	Root;Basidiomycota;Agaricomycetes;Russulales;Peniophoraceae;Peniophora;Peniophora_pini	match	6
F1-REF	6	2	rdp	1.0	EU282475	Root;Ascomycota;Dothideomycetes;Pleosporales;Venturiaceae;Venturia	Root;Ascomycota;Dothideomycetes;Pleosporales;Venturiaceae;Fusicladium;Fusicladium_eriobotryae	misclassification	5
F1-REF	6	2	rdp	1.0	AJ006678	Root;Basidiomycota;Agaricomycetes;Polyporales;Polyporaceae;Skeletocutis;Skeletocutis_diluta	Root;Basidiomycota;Agaricomycetes;Polyporales;Polyporaceae;Skeletocutis;Skeletocutis_kuehneri	overclassification	6
F1-REF	6	2	rdp	1.0	EU118654	Root	Root;Basidiomycota;Agaricomycetes;Polyporales;Meruliaceae;Phlebia;Phlebia_firma	underclassification	1
F1-REF	6	2	rdp	1.0	EU118657	Root;Basidiomycota;Agaricomycetes;Polyporales	Root;Basidiomycota;Agaricomycetes;Polyporales;Meruliaceae;Phlebia;Phlebia_unica	underclassification	4
F1-REF	6	2	rdp	1.0	AY999116	Root;Ascomycota;Sordariomycetes;Sordariales;Lasiosphaeriaceae	Root;Ascomycota;Sordariomycetes;Sordariales;Lasiosphaeriaceae;Schizothecium;Schizothecium_glutinans	underclassification	5
F1-REF	6	2	rdp	1.0	AJ006674	Root;Basidiomycota;Agaricomycetes;Polyporales;Steccherinaceae;Antrodiella	Root;Basidiomycota;Agaricomycetes;Polyporales;Steccherinaceae;Antrodiella;Antrodiella_onychoides	match	6
F1-REF	6	2	rdp	1.0	AF064822	Root	Root;Basidiomycota;Pucciniomycetes;Pucciniales;Pucciniaceae;Puccinia;Puccinia_carthami	underclassification	1
F1-REF	6	2	rdp	1.0	EF373573	Root;Ascomycota;Lecanoromycetes;Lecanorales;Parmeliaceae	Root;Ascomycota;Lecanoromycetes;Lecanorales;Parmeliaceae;Nephromopsis;Nephromopsis_laureri	underclassification	5
F1-REF	6	2	rdp	1.0	EF373570	Root;Ascomycota;Lecanoromycetes;Lecanorales;Parmeliaceae	Root;Ascomycota;Lecanoromycetes;Lecanorales;Parmeliaceae;Arctocetraria;Arctocetraria_andrejevii	underclassification	5
F1-REF	6	2	rdp	1.0	AF059588	Root;Basidiomycota;Agaricomycetes;Agaricales;Psathyrellaceae	Root;Basidiomycota;Agaricomycetes;Agaricales;Psathyrellaceae;Coprinellus;Coprinellus_micaceus	underclassification	5
F1-REF	6	2	rdp	1.0	UDB002430	Root;Basidiomycota;Agaricomycetes;Agaricales;Amanitaceae;Amanita	Root;Basidiomycota;Agaricomycetes;Agaricales;Amanitaceae;Amanita;Amanita_porphyria	match	6
F1-REF	6	2	rdp	1.0	GU373810	Root;Ascomycota;Sordariomycetes;Xylariales;Xylariaceae	Root;Ascomycota;Sordariomycetes;Xylariales;Xylariaceae;Xylaria;Xylaria_cubensis	underclassification	5
F1-REF	6	2	rdp	1.0	FJ487946	Root;Ascomycota;Saccharomycetes;Saccharomycetales;Saccharomycetaceae;Zygowilliopsis;Williopsis_californica_var_californica	Root;Ascomycota;Saccharomycetes;Saccharomycetales;Saccharomycetaceae;Zygowilliopsis;Williopsis_californica_var_dimennae	overclassification	6
F1-REF	6	2	rdp	1.0	DQ187954	Root;Ascomycota;Eurotiomycetes;Eurotiales;Trichocomaceae;Penicillium;Penicillium_daleae	Root;Ascomycota;Eurotiomycetes;Eurotiales;Trichocomaceae;Paecilomyces;Paecilomyces_parvisporus	misclassification	5
F1-REF	6	2	rdp	1.0	FJ360689	Root;Ascomycota;Eurotiomycetes;Onygenales;Arthrodermataceae;Arthroderma;Arthroderma_benhamiae	Root;Ascomycota;Eurotiomycetes;Onygenales;Arthrodermataceae;Trichophyton;Trichophyton_verrucosum	misclassification	5
F1-REF	6	2	rdp	1.0	EU570177	Root;Basidiomycota;Agaricomycetes;Agaricales;Bolbitiaceae;Hebeloma	Root;Basidiomycota;Agaricomycetes;Agaricales;Bolbitiaceae;Hebeloma;Hebeloma_cistophilum	match	6
F1-REF	6	2	rdp	1.0	AY281003	Root;Basidiomycota;Agaricomycetes	Root;Basidiomycota;Agaricomycetes;Agaricales;Cortinariaceae;Gymnopilus;Gymnopilus_picreus	underclassification	3
F1-REF	6	2	rdp	1.0	HQ650596	Root	Root;Ascomycota;Lecanoromycetes;Lecanorales;Lecanoraceae;Lecidella;Lecidella_euphorea	underclassification	1
F1-REF	6	2	rdp	1.0	DQ830805	Root;Basidiomycota;Agaricomycetes;Agaricales;Tricholomataceae	Root;Basidiomycota;Agaricomycetes;Agaricales;Tricholomataceae;Collybia;Collybia_cirrhata	underclassification	5
F1-REF	6	2	rdp	1.0	JF907811	Root;Basidiomycota;Agaricomycetes;Agaricales;Tricholomataceae;Clitocybe;Clitocybe_festiva	Root;Basidiomycota;Agaricomycetes;Agaricales;Tricholomataceae;Clitocybe;Clitocybe_fragrans	overclassification	6
F1-REF	6	2	rdp	1.0	DQ830803	Root;Basidiomycota;Agaricomycetes;Agaricales;Tricholomataceae	Root;Basidiomycota;Agaricomycetes;Agaricales;Tricholomataceae;Collybia;Collybia_cookei	underclassification	5
F1-REF	6	2	rdp	1.0	JF907812	Root	Root;Basidiomycota;Agaricomycetes;Agaricales;Tricholomataceae;Clitocybe;Clitocybe_rhizophora	underclassification	1
F1-REF	6	2	rdp	1.0	AF394027	Root	Root;Ascomycota;Pezizomycetes;Pezizales;Sarcoscyphaceae;Cookeina;Cookeina_sinensis	underclassification	1
F1-REF	6	2	rdp	1.0	FJ176718	Root;Basidiomycota;Agaricomycetes;Agaricales;Amanitaceae;Amanita	Root;Basidiomycota;Agaricomycetes;Agaricales;Amanitaceae;Amanita;Amanita_fuliginea	match	6
F1-REF	6	2	rdp	1.0	AM882862	Root;Basidiomycota;Agaricomycetes;Agaricales;Cortinariaceae;Inocybe	Root;Basidiomycota;Agaricomycetes;Agaricales;Cortinariaceae;Inocybe;Inocybe_malenconii	match	6
F1-REF	6	2	rdp	1.0	AF444409	Root	Root;Basidiomycota;Tremellomycetes;Tremellales;Tremellaceae;Bullera;Bullera_miyagiana	underclassification	1
F1-REF	6	2	rdp	1.0	U89365	Root	Root;Ascomycota;Sordariomycetes;Hypocreales;Clavicipitaceae;Balansia;Balansia_claviceps	underclassification	1
F1-REF	6	2	rdp	1.0	EU784205	Root	Root;Basidiomycota;Agaricomycetes;Agaricales;Entolomataceae;Entoloma;Entoloma_asprellum	underclassification	1
F1-REF	6	2	rdp	1.0	EU784207	Root;Basidiomycota;Agaricomycetes	Root;Basidiomycota;Agaricomycetes;Agaricales;Entolomataceae;Entoloma;Entoloma_atrocoeruleum	underclassification	3
F1-REF	6	2	rdp	1.0	EF141549	Root;Basidiomycota;Agaricomycetes;Russulales;Russulaceae	Root;Basidiomycota;Agaricomycetes;Russulales;Russulaceae;Lactarius;Lactarius_formosus	underclassification	5
F1-REF	6	2	rdp	1.0	EU784201	Root	Root;Basidiomycota;Agaricomycetes;Agaricales;Entolomataceae;Entoloma;Entoloma_anatinum	underclassification	1
F1-REF	6	2	rdp	1.0	GU470885	Root	Root;Ascomycota;Schizosaccharomycetes;Schizosaccharomycetales;Schizosaccharomycetaceae;Schizosaccharomyces;Schizosaccharomyces_cryophilus	underclassification	1
F1-REF	6	2	rdp	1.0	EF080868	Root;Basidiomycota;Agaricomycetes;Agaricales;Agaricaceae	Root;Basidiomycota;Agaricomycetes;Agaricales;Agaricaceae;Lepiota;Lepiota_tomentella	underclassification	5
F1-REF	6	2	rdp	1.0	AY669541	Root;Basidiomycota;Agaricomycetes;Agaricales;Cortinariaceae	Root;Basidiomycota;Agaricomycetes;Agaricales;Cortinariaceae;Cortinarius;Cortinarius_serarius	underclassification	5
F1-REF	6	2	rdp	1.0	AY669544	Root;Basidiomycota;Agaricomycetes;Agaricales;Cortinariaceae;Cortinarius;Cortinarius_xenosma	Root;Basidiomycota;Agaricomycetes;Agaricales;Cortinariaceae;Cortinarius;Cortinarius_crassus	overclassification	6
F1-REF	6	2	rdp	1.0	JN021094	Root;Basidiomycota;Agaricomycetes;Agaricales;Strophariaceae	Root;Basidiomycota;Agaricomycetes;Agaricales;Strophariaceae;Stropharia;Stropharia_hornemannii	underclassification	5
F1-REF	6	2	rdp	1.0	AJ390398	Root;Ascomycota;Sordariomycetes;Xylariales	Root;Ascomycota;Sordariomycetes;Xylariales;Xylariaceae;Hypoxylon;Hypoxylon_cinnabarinum	underclassification	4
F1-REF	6	2	rdp	1.0	DQ663313	Root;Basidiomycota;Agaricomycetes;Agaricales;Cortinariaceae;Cortinarius;Cortinarius_aurantiorufus	Root;Basidiomycota;Agaricomycetes;Agaricales;Cortinariaceae;Cortinarius;Cortinarius_haasii	overclassification	6
F1-REF	6	2	rdp	1.0	GU214812	Root;Basidiomycota;Agaricomycetes;Thelephorales;Thelephoraceae	Root;Basidiomycota;Agaricomycetes;Thelephorales;Thelephoraceae;Tomentella;Tomentella_fuscocinerea	underclassification	5
F1-REF	6	2	rdp	1.0	DQ836182	Root;Ascomycota;Sordariomycetes;Hypocreales	Root;Ascomycota;Eurotiomycetes;Eurotiales;Trichocomaceae;Paecilomyces;Paecilomyces_verticillatus	misclassification	2
F1-REF	6	2	rdp	1.0	AB116870	Root;Basidiomycota;Pucciniomycetes;Pucciniales;Melampsoraceae;Melampsora;Melampsora_epitea	Root;Basidiomycota;Pucciniomycetes;Pucciniales;Melampsoraceae;Melampsora;Melampsora_abietis_populi	overclassification	6
F1-REF	6	2	rdp	1.0	DQ238740	Root	Root;Basidiomycota;Microbotryomycetes;Microbotryales;Microbotryaceae;Microbotryum;Microbotryum_bosniacum	underclassification	1
F1-REF	6	2	rdp	1.0	UDB011419	Root	Root;Basidiomycota;Agaricomycetes;Agaricales;Amanitaceae;Limacella;Limacella_guttata	underclassification	1
F1-REF	6	2	rdp	1.0	GQ329059	Root;Basidiomycota;Agaricomycetes;Agaricales	Root;Basidiomycota;Agaricomycetes;Agaricales;Agaricaceae;Leucoagaricus;Leucoagaricus_griseodiscus	underclassification	4
F1-REF	6	2	rdp	1.0	AJ271564	Root	Root;Ascomycota;Eurotiomycetes;Onygenales;Onygenaceae;Amauroascus;Amauroascus_purpureus	underclassification	1
F1-REF	6	2	rdp	1.0	DQ337320	Root	Root;Ascomycota;Lecanoromycetes;Teloschistales;Physciaceae;Heterodermia;Heterodermia_appendiculata	underclassification	1
F1-REF	6	2	rdp	1.0	EU784379	Root;Basidiomycota	Root;Basidiomycota;Agaricomycetes;Boletales;Boletaceae;Octaviania;Octaviania_asterosperma	underclassification	2
F1-REF	6	2	rdp	1.0	AF282122	Root	Root;Ascomycota;Lecanoromycetes;Lecanorales;Ramalinaceae;Bacidia;Bacidia_auerswaldii	underclassification	1
F1-REF	6	2	rdp	1.0	JN943143	Root	Root;Ascomycota;Saccharomycetes;Saccharomycetales;Lipomycetaceae;Lipomyces;Lipomyces_lipofer	underclassification	1
F1-REF	6	2	rdp	1.0	EU784373	Root;Ascomycota;Leotiomycetes;Helotiales	Root;Ascomycota;Leotiomycetes;Helotiales;Geoglossaceae;Microglossum;Microglossum_olivaceum	underclassification	4
F1-REF	6	2	rdp	1.0	AY463486	Root	Root;Basidiomycota;Agaricomycetes;Agaricales;Hygrophoraceae;Hygrophorus;Hygrophorus_discoxanthus	underclassification	1
F1-REF	6	2	rdp	1.0	EF421109	Root;Basidiomycota;Agaricomycetes;Agaricales;Entolomataceae;Entoloma;Entoloma_vernum	Root;Basidiomycota;Agaricomycetes;Agaricales;Entolomataceae;Nolanea;Nolanea_strictior	misclassification	5
F1-REF	6	2	rdp	1.0	DQ534472	Root;Ascomycota;Lecanoromycetes;Lecideales	Root;Ascomycota;Lecanoromycetes;Lecideales;Lecideaceae;Lecidea;Lecidea_cancriformis	underclassification	4
F1-REF	6	2	rdp	1.0	DQ534474	Root;Ascomycota;Lecanoromycetes	Root;Ascomycota;Lecanoromycetes;Pertusariales;Pertusariaceae;Ochrolechia;Ochrolechia_frigida	underclassification	3
F1-REF	6	2	rdp	1.0	DQ534475	Root	Root;Ascomycota;Lecanoromycetes;Pertusariales;Pertusariaceae;Pertusaria;Pertusaria_excludens	underclassification	1
F1-REF	6	2	rdp	1.0	DQ534477	Root;Ascomycota;Lecanoromycetes;Teloschistales;Physciaceae;Physcia	Root;Ascomycota;Lecanoromycetes;Teloschistales;Physciaceae;Physcia;Physcia_dubia	match	6
F1-REF	6	2	rdp	1.0	AH008981	Root;Basidiomycota;Agaricomycetes;Agaricales;Agaricaceae;Battarrea;Battarrea_phalloides	Root;Basidiomycota;Agaricomycetes;Agaricales;Agaricaceae;Battarrea;Battarrea_stevenii	overclassification	6
F1-REF	6	2	rdp	1.0	AY750166	Root	Root;Basidiomycota;Agaricomycetes;Agaricales;Tricholomataceae;Tricholoma;Tricholoma_atroviolaceum	underclassification	1
F1-REF	6	2	rdp	1.0	AF351149	Root;Ascomycota;Lecanoromycetes;Peltigerales;Lobariaceae;Pseudocyphellaria	Root;Ascomycota;Lecanoromycetes;Peltigerales;Lobariaceae;Pseudocyphellaria;Pseudocyphellaria_coriacea	match	6
F1-REF	6	2	rdp	1.0	JN813383	Root;Ascomycota;Lecanoromycetes	Root;Ascomycota;Lecanoromycetes;Teloschistales;Teloschistaceae;Caloplaca;Caloplaca_juniperina	underclassification	3
F1-REF	6	2	rdp	1.0	AF351145	Root;Ascomycota	Root;Ascomycota;Lecanoromycetes;Peltigerales;Lobariaceae;Pseudocyphellaria;Pseudocyphellaria_homoeophylla	underclassification	2
F1-REF	6	2	rdp	1.0	JN850990	Root;Ascomycota;Sordariomycetes;Hypocreales;Nectriaceae;Fusarium;Fusarium_oxysporum	Root;Ascomycota;Sordariomycetes;Hypocreales;Nectriaceae;Gibberella;Gibberella_intermedia	misclassification	5
F1-REF	6	2	rdp	1.0	AF454074	Root;Ascomycota;Eurotiomycetes;Eurotiales;Trichocomaceae	Root;Ascomycota;Eurotiomycetes;Eurotiales;Trichocomaceae;Hamigera;Hamigera_striata	underclassification	5
F1-REF	6	2	rdp	1.0	GQ254804	Root;Ascomycota;Saccharomycetes;Saccharomycetales;Pichiaceae;Pichia	Root;Ascomycota;Saccharomycetes;Saccharomycetales;Pichiaceae;Pichia;Pichia_kudriavzevii	match	6
F1-REF	6	2	rdp	1.0	FJ196777	Root;Ascomycota;Saccharomycetes;Saccharomycetales;Pichiaceae;Pichia;Pichia_farinosa	Root;Ascomycota;Saccharomycetes;Saccharomycetales;Pichiaceae;Pichia;Pichia_farinosa_var_farinosa	overclassification	6
F1-REF	6	2	rdp	1.0	FJ196774	Root	Root;Ascomycota;Saccharomycetes;Saccharomycetales;Dipodascaceae;Geotrichum;Geotrichum_cucujoidarum	underclassification	1
F1-REF	6	2	rdp	1.0	FJ196773	Root	Root;Ascomycota;Saccharomycetes;Saccharomycetales;Dipodascaceae;Geotrichum;Geotrichum_histeridarum	underclassification	1
F1-REF	6	2	rdp	1.0	DQ491498	Root	Root;Ascomycota;Leotiomycetes;Helotiales;Dermateaceae;Mollisia;Mollisia_cinerea	underclassification	1
F1-REF	6	2	rdp	1.0	HM017844	Root;Basidiomycota;Agaricomycetes;Agaricales;Cortinariaceae;Cortinarius	Root;Basidiomycota;Agaricomycetes;Agaricales;Cortinariaceae;Cortinarius;Cortinarius_uraceus	match	6
F1-REF	6	2	rdp	1.0	DQ491497	Root	Root;Ascomycota;Pezizomycetes;Pezizales;Pezizaceae;Peziza;Peziza_proteana	underclassification	1
F1-REF	6	2	rdp	1.0	HQ604216	Root;Basidiomycota;Agaricomycetes;Agaricales;Cortinariaceae;Inocybe	Root;Basidiomycota;Agaricomycetes;Agaricales;Cortinariaceae;Inocybe;Inocybe_glabrescens	match	6
F1-REF	6	2	rdp	1.0	AJ293811	Root	Root;Ascomycota;Dothideomycetes;Pleosporales;Leptosphaeriaceae;Coniothyrium;Coniothyrium_minitans	underclassification	1
F1-REF	6	2	rdp	1.0	GQ166906	Root;Basidiomycota;Agaricomycetes;Agaricales;Entolomataceae;Entoloma;Entoloma_undatum	Root;Basidiomycota;Agaricomycetes;Agaricales;Entolomataceae;Entoloma;Entoloma_abortivum	overclassification	6
F1-REF	6	2	rdp	1.0	JN033223	Root;Basidiomycota;Agaricomycetes	Root;Basidiomycota;Agaricomycetes;Boletales;Serpulaceae;Neopaxillus;Neopaxillus_plumbeus	underclassification	3
F1-REF	6	2	rdp	1.0	GQ166902	Root;Basidiomycota;Agaricomycetes;Agaricales;Amanitaceae;Amanita	Root;Basidiomycota;Agaricomycetes;Agaricales;Amanitaceae;Amanita;Amanita_flavorubescens	match	6
F1-REF	6	2	rdp	1.0	GQ344481	Root;Ascomycota;Lecanoromycetes;Lecanorales;Parmeliaceae	Root;Ascomycota;Lecanoromycetes;Lecanorales;Parmeliaceae;Parmotrema;Parmotrema_consors	underclassification	5
F1-REF	6	2	rdp	1.0	FJ755266	Root;Ascomycota;Eurotiomycetes;Eurotiales;Trichocomaceae	Root;Ascomycota;Dothideomycetes;Capnodiales;Mycosphaerellaceae;Ramichloridium;Ramichloridium_cerophilum	misclassification	2
F1-REF	6	2	rdp	1.0	UDB001534	Root;Basidiomycota;Agaricomycetes	Root;Basidiomycota;Agaricomycetes;Agaricales;Clavariaceae;Clavulinopsis;Clavulinopsis_helvola	underclassification	3
F1-REF	6	2	rdp	1.0	EF652043	Root;Ascomycota;Eurotiomycetes;Eurotiales;Trichocomaceae;Aspergillus;Aspergillus_caesiellus	Root;Ascomycota;Eurotiomycetes;Eurotiales;Trichocomaceae;Aspergillus;Aspergillus_restrictus	overclassification	6
F1-REF	6	2	rdp	1.0	GU130298	Root	Root;Ascomycota;Orbiliomycetes;Orbiliales;Orbiliaceae;Drechslerella;Drechslerella_dactyloides	underclassification	1
F1-REF	6	2	rdp	1.0	GQ922539	Root;Ascomycota;Sordariomycetes;Sordariales;Lasiosphaeriaceae	Root;Ascomycota;Sordariomycetes;Sordariales;Lasiosphaeriaceae;Podospora;Podospora_minicauda	underclassification	5
F1-REF	6	2	rdp	1.0	GQ922535	Root;Ascomycota;Sordariomycetes;Sordariales	Root;Ascomycota;Sordariomycetes;Sordariales;Lasiosphaeriaceae;Podospora;Podospora_austroamericana	underclassification	4
F1-REF	6	2	rdp	1.0	GQ922534	Root;Ascomycota;Sordariomycetes;Sordariales;Lasiosphaeriaceae	Root;Ascomycota;Sordariomycetes;Sordariales;Lasiosphaeriaceae;Podospora;Podospora_ampullacea	underclassification	5
F1-REF	6	2	rdp	1.0	JN871203	Root;Ascomycota;Sordariomycetes;Xylariales;Amphisphaeriaceae	Root;Ascomycota;Sordariomycetes;Xylariales;Amphisphaeriaceae;Seimatosporium;Seimatosporium_falcatum	underclassification	5
F1-REF	6	2	rdp	1.0	AY219358	Root	Root;Basidiomycota;Agaricomycetes;Polyporales;Phanerochaetaceae;Phanerochaete;Phanerochaete_flava	underclassification	1
F1-REF	6	2	rdp	1.0	DQ385622	Root;Ascomycota	Root;Ascomycota;Sordariomycetes;Hypocreales;Clavicipitaceae;Metarhizium;Metarhizium_flavoviride_var_novazealandicum	underclassification	2
F1-REF	6	2	rdp	1.0	DQ068974	Root	Root;Basidiomycota;Agaricomycetes;Atheliales;Atheliaceae;Tylospora;Tylospora_fibrillosa	underclassification	1
F1-REF	6	2	rdp	1.0	AF158111	Root;Ascomycota;Dothideomycetes;Pleosporales;Pleosporaceae	Root;Ascomycota;Dothideomycetes;Pleosporales;Pleosporaceae;Cochliobolus;Cochliobolus_peregianensis	underclassification	5
F1-REF	6	2	rdp	1.0	AY219351	Root	Root;Basidiomycota;Agaricomycetes;Polyporales;Phanerochaetaceae;Phanerochaete;Phanerochaete_velutina	underclassification	1
F1-REF	6	2	rdp	1.0	AY219354	Root;Basidiomycota;Agaricomycetes;Polyporales;Phanerochaetaceae;Phanerochaete	Root;Basidiomycota;Agaricomycetes;Polyporales;Phanerochaetaceae;Phanerochaete;Phanerochaete_carnosa	match	6
F1-REF	6	2	rdp	1.0	AY795879	Root	Root;Ascomycota;Eurotiomycetes;Mycocaliciales;Mycocaliciaceae;Mycocalicium;Mycocalicium_americanum	underclassification	1
F1-REF	6	2	rdp	1.0	JF908705	Root;Basidiomycota;Agaricomycetes;Russulales;Russulaceae	Root;Basidiomycota;Agaricomycetes;Russulales;Russulaceae;Russula;Russula_faustiana	underclassification	5
F1-REF	6	2	rdp	1.0	EF121334	Root;Ascomycota;Eurotiomycetes;Eurotiales;Trichocomaceae	Root;Ascomycota;Eurotiomycetes;Eurotiales;Trichocomaceae;Emericella;Emericella_nidulans	underclassification	5
F1-REF	6	2	rdp	1.0	AB524807	Root;Ascomycota;Dothideomycetes	Root;Ascomycota;Dothideomycetes;Pleosporales;Tetraplosphaeriaceae;Tetraplosphaeria;Tetraplosphaeria_sasicola	underclassification	3
F1-REF	6	2	rdp	1.0	AJ877223	Root	Root;Ascomycota;Eurotiomycetes;Onygenales;Arthrodermataceae;Arthroderma;Arthroderma_curreyi	underclassification	1
F1-REF	6	2	rdp	1.0	FJ790858	Root;Ascomycota;Sordariomycetes	Root;Ascomycota;Sordariomycetes;Xylariales;Diatrypaceae;Eutypella;Eutypella_vitis	underclassification	3
F1-REF	6	2	rdp	1.0	JF908432	Root;Basidiomycota;Agaricomycetes;Agaricales	Root;Basidiomycota;Agaricomycetes;Agaricales;Mycenaceae;Mycena;Mycena_aetites	underclassification	4
F1-REF	6	2	rdp	1.0	FJ627596	Root;Basidiomycota;Agaricomycetes;Russulales;Bondarzewiaceae;Heterobasidion	Root;Basidiomycota;Agaricomycetes;Russulales;Bondarzewiaceae;Heterobasidion;Heterobasidion_annosum	match	6
F1-REF	6	2	rdp	1.0	EU191049	Root;Basidiomycota;Agaricomycetes;Agaricales;Marasmiaceae;Flammulina	Root;Basidiomycota;Agaricomycetes;Agaricales;Marasmiaceae;Flammulina;Flammulina_populicola	match	6
F1-REF	6	2	rdp	1.0	AF395684	Root;Ascomycota;Sordariomycetes;Microascales;Ceratocystidaceae;Ceratocystis;Ceratocystis_tsitsikammensis	Root;Ascomycota;Sordariomycetes;Microascales;Ceratocystidaceae;Ceratocystis;Ceratocystis_fimbriata	overclassification	6
F1-REF	6	2	rdp	1.0	EF409756	Root;Basidiomycota;Agaricomycetes;Agaricales;Pleurotaceae;Nematoctonus	Root;Basidiomycota;Agaricomycetes;Agaricales;Pleurotaceae;Hohenbuehelia;Hohenbuehelia_grisea	misclassification	5
F1-REF	6	2	rdp	1.0	EF409752	Root;Basidiomycota;Agaricomycetes;Agaricales	Root;Basidiomycota;Agaricomycetes;Agaricales;Pleurotaceae;Nematoctonus;Nematoctonus_pachysporus	underclassification	4
F1-REF	6	2	rdp	1.0	UDB001105	Root;Basidiomycota;Agaricomycetes;Agaricales;Cortinariaceae	Root;Basidiomycota;Agaricomycetes;Agaricales;Cortinariaceae;Cortinarius;Cortinarius_mellinus	underclassification	5
F1-REF	6	2	rdp	1.0	JF974143	Root;Basidiomycota;Agaricomycetes;Hymenochaetales;Hymenochaetaceae	Root;Basidiomycota;Agaricomycetes;Hymenochaetales;Hymenochaetaceae;Fomitiporia;Fomitiporia_ellipsoidea	underclassification	5
F1-REF	6	2	rdp	1.0	EU435150	Root	Root;Basidiomycota;Agaricomycetes;Agaricales;Hygrophoraceae;Hygrocybe;Hygrocybe_hypohaemacta	underclassification	1
F1-REF	6	2	rdp	1.0	JN943502	Root;Ascomycota;Dothideomycetes;Myriangiales;Elsinoaceae	Root;Ascomycota;Dothideomycetes;Myriangiales;Elsinoaceae;Sphaceloma;Sphaceloma_erythrinae	underclassification	5
F1-REF	6	2	rdp	1.0	UDB002355	Root;Basidiomycota;Agaricomycetes;Agaricales;Amanitaceae;Limacella;Limacella_glioderma	Root;Basidiomycota;Agaricomycetes;Agaricales;Amanitaceae;Limacella;Limacella_delicata	overclassification	6
F1-REF	6	2	rdp	1.0	FJ711054	Root;Basidiomycota;Agaricomycetes;Polyporales;Polyporaceae;Trametes;Trametes_elegans	Root;Basidiomycota;Agaricomycetes;Polyporales;Polyporaceae;Lenzites;Lenzites_elegans	misclassification	5
F1-REF	6	2	rdp	1.0	AF418616	Root;Basidiomycota;Agaricomycetes;Russulales;Russulaceae;Russula	Root;Basidiomycota;Agaricomycetes;Russulales;Russulaceae;Russula;Russula_fellea	match	6
F1-REF	6	2	rdp	1.0	FJ441045	Root;Basidiomycota;Agaricomycetes;Agaricales;Amanitaceae;Amanita	Root;Basidiomycota;Agaricomycetes;Agaricales;Amanitaceae;Amanita;Amanita_lignitincta	match	6
F1-REF	6	2	rdp	1.0	JN943727	Root	Root;Ascomycota;Lecanoromycetes;Lecanorales;Lecanoraceae;Lecanora;Lecanora_caesiorubella	underclassification	1
F1-REF	6	2	rdp	1.0	JN943726	Root	Root;Ascomycota;Lecanoromycetes;Lecanorales;Lecanoraceae;Lecanora;Lecanora_farinacea	underclassification	1
F1-REF	6	2	rdp	1.0	JN367289	Root;Basidiomycota;Ustilaginomycetes;Ustilaginales;Melanotaeniaceae;Melanotaenium;Melanotaenium_cingens	Root;Basidiomycota;Ustilaginomycetes;Ustilaginales;Melanotaeniaceae;Melanotaenium;Melanotaenium_euphorbiae	overclassification	6
F1-REF	6	2	rdp	1.0	AB301603	Root;Basidiomycota;Agaricomycetes;Agaricales	Root;Basidiomycota;Agaricomycetes;Agaricales;Entolomataceae;Entoloma;Entoloma_crassipes	underclassification	4
F1-REF	6	2	rdp	1.0	JN943720	Root	Root;Ascomycota;Lecanoromycetes;Lecanorales;Lecanoraceae;Lecanora;Lecanora_tropica	underclassification	1
F1-REF	6	2	rdp	1.0	EU249478	Root;Ascomycota;Eurotiomycetes;Verrucariales;Verrucariaceae	Root;Ascomycota;Eurotiomycetes;Verrucariales;Verrucariaceae;Thelidium;Thelidium_minutulum	underclassification	5
F1-REF	6	2	rdp	1.0	FJ717601	Root;Basidiomycota;Agaricomycetes;Agaricales;Cortinariaceae	Root;Basidiomycota;Agaricomycetes;Agaricales;Cortinariaceae;Cortinarius;Cortinarius_variosimilis	underclassification	5
F1-REF	6	2	rdp	1.0	AY303138	Root;Ascomycota;Lecanoromycetes;Teloschistales;Physciaceae;Phaeophyscia	Root;Ascomycota;Lecanoromycetes;Teloschistales;Physciaceae;Phaeophyscia;Phaeophyscia_hispidula	match	6
F1-REF	6	2	rdp	1.0	AB361642	Root;Ascomycota;Eurotiomycetes;Onygenales;Gymnoascaceae	Root;Ascomycota;Eurotiomycetes;Onygenales;Gymnoascaceae;Gymnoascus;Gymnoascus_nodulosus	underclassification	5
F1-REF	6	2	rdp	1.0	AY313293	Root;Basidiomycota;Agaricomycetes;Agaricales	Root;Basidiomycota;Agaricomycetes;Agaricales;Marasmiaceae;Rhodocollybia;Rhodocollybia_butyracea	underclassification	4
F1-REF	6	2	rdp	1.0	JN225947	Root;Ascomycota;Leotiomycetes;Helotiales;Sclerotiniaceae;Torrendiella	Root;Ascomycota;Leotiomycetes;Helotiales;Sclerotiniaceae;Torrendiella;Torrendiella_cannibalensis	match	6
F1-REF	6	2	rdp	1.0	DQ384576	Root;Basidiomycota;Agaricomycetes;Boletales;Gomphidiaceae;Gomphidius	Root;Basidiomycota;Agaricomycetes;Boletales;Gomphidiaceae;Gomphidius;Gomphidius_subroseus	match	6
F1-REF	6	2	rdp	1.0	AY818349	Root;Basidiomycota;Agaricomycetes;Agaricales;Strophariaceae;Hypholoma;Hypholoma_capnoides	Root;Basidiomycota;Agaricomycetes;Agaricales;Strophariaceae;Hypholoma;Hypholoma_sublateritium	overclassification	6
F1-REF	6	2	rdp	1.0	DQ001274	Root;Ascomycota	Root;Ascomycota;Lecanoromycetes;Baeomycetales;Baeomycetaceae;Baeomyces;Baeomyces_placophyllus	underclassification	2
F1-REF	6	2	rdp	1.0	EU819436	Root;Basidiomycota;Agaricomycetes;Russulales;Russulaceae	Root;Basidiomycota;Agaricomycetes;Russulales;Russulaceae;Russula;Russula_variata	underclassification	5
F1-REF	6	2	rdp	1.0	DQ001272	Root;Ascomycota;Lecanoromycetes;Lecanorales;Parmeliaceae	Root;Ascomycota;Lecanoromycetes;Lecanorales;Parmeliaceae;Allocetraria;Allocetraria_stracheyi	underclassification	5
F1-REF	6	2	rdp	1.0	FJ372391	Root;Ascomycota	Root;Ascomycota;Eurotiomycetes;Chaetothyriales;Herpotrichiellaceae;Phaeomoniella;Phaeomoniella_capensis	underclassification	2
F1-REF	6	2	rdp	1.0	AY176370	Root	Root;Basidiomycota;Agaricomycetes;Agaricales;Agaricaceae;Lepiota;Lepiota_forquignonii	underclassification	1
F1-REF	6	2	rdp	1.0	GU233318	Root	Root;Basidiomycota;Agaricomycetes;Agaricales;Cortinariaceae;Astrosporina;Astrosporina_viscata	underclassification	1
F1-REF	6	2	rdp	1.0	EU670232	Root;Ascomycota;Lecanoromycetes;Teloschistales;Physciaceae;Physconia	Root;Ascomycota;Lecanoromycetes;Teloschistales;Physciaceae;Physconia;Physconia_detersa	match	6
F1-REF	6	2	rdp	1.0	EU670233	Root;Ascomycota;Lecanoromycetes;Teloschistales;Physciaceae;Phaeophyscia;Phaeophyscia_imbricata	Root;Ascomycota;Lecanoromycetes;Teloschistales;Physciaceae;Phaeophyscia;Phaeophyscia_squarrosa	overclassification	6
F1-REF	6	2	rdp	1.0	HM562057	Root;Basidiomycota;Agaricomycetes;Agaricales;Pluteaceae;Pluteus	Root;Basidiomycota;Agaricomycetes;Agaricales;Pluteaceae;Pluteus;Pluteus_albostipitatus	match	6
F1-REF	6	2	rdp	1.0	AM182921	Root;Ascomycota	Root;Ascomycota;Eurotiomycetes;Onygenales;Arthrodermataceae;Arthroderma;Arthroderma_multifidum	underclassification	2
F1-REF	6	2	rdp	1.0	AY313273	Root;Basidiomycota;Agaricomycetes;Agaricales;Marasmiaceae;Omphalotus	Root;Basidiomycota;Agaricomycetes;Agaricales;Marasmiaceae;Omphalotus;Omphalotus_illudens	match	6
F1-REF	6	2	rdp	1.0	EU520172	Root;Ascomycota	Root;Ascomycota;Sordariomycetes;Hypocreales;Nectriaceae;Fusarium;Fusarium_incarnatum	underclassification	2
F1-REF	6	2	rdp	1.0	EU520174	Root;Ascomycota	Root;Ascomycota;Sordariomycetes;Diaporthales;Valsaceae;Phomopsis;Phomopsis_fukushii	underclassification	2
F1-REF	6	2	rdp	1.0	EU254870	Root;Ascomycota;Sordariomycetes;Diaporthales	Root;Ascomycota;Sordariomycetes;Diaporthales;Valsaceae;Ophiognomonia;Ophiognomonia_balsamiferae	underclassification	4
F1-REF	6	2	rdp	1.0	DQ001296	Root;Ascomycota;Lecanoromycetes;Peltigerales;Peltigeraceae;Peltigera	Root;Ascomycota;Lecanoromycetes;Peltigerales;Peltigeraceae;Peltigera;Peltigera_praetextata	match	6
F1-REF	6	2	rdp	1.0	AY916472	Root;Ascomycota;Dothideomycetes;Pleosporales;Tubeufiaceae	Root;Ascomycota;Dothideomycetes;Pleosporales;Tubeufiaceae;Helicomyces;Helicomyces_torquatus	underclassification	5
F1-REF	6	2	rdp	1.0	JF908346	Root;Basidiomycota;Agaricomycetes;Agaricales;Tricholomataceae;Melanoleuca	Root;Basidiomycota;Agaricomycetes;Agaricales;Tricholomataceae;Melanoleuca;Melanoleuca_pseudoluscina	match	6
F1-REF	6	2	rdp	1.0	AF042421	Root	Root;Basidiomycota;Tremellomycetes;Tremellales;Tremellaceae;Tremella;Tremella_resupinata	underclassification	1
F1-REF	6	2	rdp	1.0	AY263441	Root;Basidiomycota;Agaricomycetes	Root;Basidiomycota;Agaricomycetes;Agaricales;Marasmiaceae;Gymnopus;Gymnopus_indoctus	underclassification	3
F1-REF	6	2	rdp	1.0	AY916479	Root;Ascomycota	Root;Ascomycota;Dothideomycetes;Pleosporales;Tubeufiaceae;Helicosporium;Helicosporium_guianense	underclassification	2
F1-REF	6	2	rdp	1.0	DQ521417	Root;Basidiomycota;Agaricomycetes	Root;Basidiomycota;Agaricomycetes;Agaricales;Clavariaceae;Multiclavula;Multiclavula_mucida	underclassification	3
F1-REF	6	2	rdp	1.0	EF493295	Root;Basidiomycota;Agaricomycetes;Russulales;Russulaceae;Lactarius	Root;Basidiomycota;Agaricomycetes;Russulales;Russulaceae;Lactarius;Lactarius_mitissimus	match	6
F1-REF	6	2	rdp	1.0	FJ372685	Root;Basidiomycota;Agaricomycetes	Root;Basidiomycota;Agaricomycetes;Polyporales;Polyporaceae;Pycnoporus;Pycnoporus_puniceus	underclassification	3
F1-REF	6	2	rdp	1.0	AF350296	Root;Ascomycota;Lecanoromycetes	Root;Ascomycota;Lecanoromycetes;Peltigerales;Lobariaceae;Lobaria;Lobaria_adscripta	underclassification	3
F1-REF	6	2	rdp	1.0	EF493291	Root;Basidiomycota;Agaricomycetes;Russulales;Russulaceae;Lactarius	Root;Basidiomycota;Agaricomycetes;Russulales;Russulaceae;Lactarius;Lactarius_evosmus	match	6
F1-REF	6	2	rdp	1.0	FJ175161	Root;Ascomycota	Root;Ascomycota;Sordariomycetes;Sordariales;Lasiosphaeriaceae;Zopfiella;Zopfiella_longicaudata	underclassification	2
F1-REF	6	2	rdp	1.0	FJ431213	Root;Basidiomycota;Agaricomycetes;Agaricales;Marasmiaceae;Marasmius	Root;Basidiomycota;Agaricomycetes;Agaricales;Marasmiaceae;Marasmius;Marasmius_acerosus	match	6
F1-REF	6	2	rdp	1.0	FJ431212	Root;Basidiomycota;Agaricomycetes;Agaricales;Marasmiaceae;Marasmius	Root;Basidiomycota;Agaricomycetes;Agaricales;Marasmiaceae;Marasmius;Marasmius_abundans_var_abundans	match	6
F1-REF	6	2	rdp	1.0	HQ171226	Root;Ascomycota	Root;Ascomycota;Lecanoromycetes;Lecanorales;Hymeneliaceae;Aspicilia;Aspicilia_fruticulosa	underclassification	2
F1-REF	6	2	rdp	1.0	AF026310	Root	Root;Ascomycota;Pezizomycetes;Pezizales;Sarcoscyphaceae;Nanoscypha;Nanoscypha_tetraspora	underclassification	1
F1-REF	6	2	rdp	1.0	EU784330	Root	Root;Basidiomycota;Agaricomycetes;Agaricales;Hygrophoraceae;Hygrocybe;Hygrocybe_mollis	underclassification	1
F1-REF	6	2	rdp	1.0	FJ201774	Root;Ascomycota;Eurotiomycetes;Onygenales;Gymnoascaceae	Root;Ascomycota;Eurotiomycetes;Onygenales;Gymnoascaceae;Gymnascella;Gymnascella_dankaliensis	underclassification	5
F1-REF	6	2	rdp	1.0	HQ650619	Root	Root;Ascomycota;Lecanoromycetes;Lecanorales;Psoraceae;Psora;Psora_decipiens	underclassification	1
F1-REF	6	2	rdp	1.0	DQ303027	Root;Ascomycota;Dothideomycetes	Root;Ascomycota;Dothideomycetes;Capnodiales;Mycosphaerellaceae;Zasmidium;Zasmidium_xenoparkii	underclassification	3
F1-REF	6	2	rdp	1.0	GU234022	Root	Root;Basidiomycota;Agaricomycetes;Agaricales;Marasmiaceae;Gymnopus;Gymnopus_alkalivirens	underclassification	1
F1-REF	6	2	rdp	1.0	AB509670	Root;Basidiomycota;Agaricomycetes;Russulales;Stereaceae	Root;Basidiomycota;Agaricomycetes;Russulales;Stereaceae;Stereum;Stereum_aff_gausapatum_254_285	underclassification	5
F1-REF	6	2	rdp	1.0	AY945303	Root;Basidiomycota;Agaricomycetes	Root;Basidiomycota;Agaricomycetes;Boletales;Hymenogasteraceae;Hymenogaster;Hymenogaster_rubyensis	underclassification	3
F1-REF	6	2	rdp	1.0	JF340289	Root;Basidiomycota;Agaricomycetes;Polyporales	Root;Basidiomycota;Agaricomycetes;Polyporales;Steccherinaceae;Cinereomyces;Cinereomyces_lindbladii	underclassification	4
F1-REF	6	2	rdp	1.0	JN617690	Root;Ascomycota;Eurotiomycetes;Eurotiales;Trichocomaceae	Root;Ascomycota;Eurotiomycetes;Eurotiales;Trichocomaceae;Penicillium;Penicillium_gallaicum	underclassification	5
F1-REF	6	2	rdp	1.0	U18364	Root;Ascomycota;Eurotiomycetes;Onygenales;Ajellomycetaceae	Root;Ascomycota;Eurotiomycetes;Onygenales;Ajellomycetaceae;Ajellomyces;Ajellomyces_dermatitidis	underclassification	5
F1-REF	6	2	rdp	1.0	FJ177450	Root;Ascomycota;Sordariomycetes;Hypocreales	Root;Ascomycota;Sordariomycetes;Hypocreales;Clavicipitaceae;Beauveria;Beauveria_bassiana	underclassification	4
F1-REF	6	2	rdp	1.0	DQ249276	Root	Root;Basidiomycota;Agaricomycetes;Agaricales;Hygrophoraceae;Hygrophorus;Hygrophorus_flavodiscus	underclassification	1
F1-REF	6	2	rdp	1.0	HM562186	Root;Basidiomycota;Agaricomycetes;Agaricales;Pluteaceae;Pluteus	Root;Basidiomycota;Agaricomycetes;Agaricales;Pluteaceae;Pluteus;Pluteus_aff_phlebophorus_SF16	match	6
F1-REF	6	2	rdp	1.0	AF343697	Root;Ascomycota;Sordariomycetes;Ophiostomatales;Ophiostomataceae	Root;Ascomycota;Sordariomycetes;Ophiostomatales;Ophiostomataceae;Leptographium;Leptographium_lundbergii	underclassification	5
F1-REF	6	2	rdp	1.0	EF121328	Root;Ascomycota;Eurotiomycetes;Eurotiales;Trichocomaceae;Aspergillus;Aspergillus_sclerotioniger	Root;Ascomycota;Eurotiomycetes;Eurotiales;Trichocomaceae;Aspergillus;Aspergillus_carbonarius	overclassification	6
F1-REF	6	2	rdp	1.0	AY515360	Root	Root;Ascomycota;Sordariomycetes;Sordariales;Lasiosphaeriaceae;Podospora;Podospora_ellisiana	underclassification	1
F1-REF	6	2	rdp	1.0	U88223	Root;Basidiomycota;Pucciniomycetes;Pucciniales;Pucciniaceae;Puccinia;Puccinia_thlaspeos	Root;Basidiomycota;Pucciniomycetes;Pucciniales;Pucciniaceae;Puccinia;Puccinia_monoica	overclassification	6
F1-REF	6	2	rdp	1.0	GU994546	Root;Ascomycota	Root;Ascomycota;Lecanoromycetes;Lecanorales;Parmeliaceae;Canoparmelia;Canoparmelia_schelpei	underclassification	2
F1-REF	6	2	rdp	1.0	AY669605	Root;Basidiomycota;Agaricomycetes;Agaricales;Cortinariaceae	Root;Basidiomycota;Agaricomycetes;Agaricales;Cortinariaceae;Cortinarius;Cortinarius_erythraeus	underclassification	5
F1-REF	6	2	rdp	1.0	AY669603	Root;Basidiomycota;Agaricomycetes;Agaricales;Cortinariaceae;Cortinarius	Root;Basidiomycota;Agaricomycetes;Agaricales;Cortinariaceae;Cortinarius;Cortinarius_stephanopus	match	6
F1-REF	6	2	rdp	1.0	DQ354543	Root;Basidiomycota;Pucciniomycetes;Pucciniales	Root;Basidiomycota;Pucciniomycetes;Pucciniales;Pucciniaceae;Puccinia;Puccinia_podophylli	underclassification	4
F1-REF	6	2	rdp	1.0	AF418623	Root;Basidiomycota;Agaricomycetes;Russulales;Russulaceae;Russula	Root;Basidiomycota;Agaricomycetes;Russulales;Russulaceae;Russula;Russula_cavipes	match	6
F1-REF	6	2	rdp	1.0	HQ199224	Root;Ascomycota;Dothideomycetes;Botryosphaeriales;Botryosphaeriaceae	Root;Ascomycota;Dothideomycetes;Botryosphaeriales;Botryosphaeriaceae;Neodeightonia;Neodeightonia_palmicola	underclassification	5
F1-REF	6	2	rdp	1.0	EF373567	Root;Ascomycota;Lecanoromycetes;Lecanorales;Parmeliaceae	Root;Ascomycota;Lecanoromycetes;Lecanorales;Parmeliaceae;Cetraria;Cetraria_islandica	underclassification	5
F1-REF	6	2	rdp	1.0	AF083198	Root;Ascomycota;Leotiomycetes;Helotiales;Vibrisseaceae;Phialocephala;Phialocephala_dimorphospora	Root;Ascomycota;Leotiomycetes;Helotiales;Vibrisseaceae;Phialocephala;Phialocephala_botulispora	overclassification	6
F1-REF	6	2	rdp	1.0	DQ144611	Root	Root;Basidiomycota;Agaricomycetes;Atheliales;Atheliaceae;Amylocorticium;Amylocorticium_subsulphureum	underclassification	1
F1-REF	6	2	rdp	1.0	EF026144	Root	Root;Ascomycota;Sordariomycetes;Xylariales;Xylariaceae;Daldinia;Daldinia_caldariorum	underclassification	1
F1-REF	6	2	rdp	1.0	GQ253100	Root	Root;Ascomycota;Leotiomycetes;Rhytismatales;Rhytismataceae;Rhytisma;Rhytisma_acerinum	underclassification	1
F1-REF	6	2	rdp	1.0	AF065614	Root	Root;Ascomycota;Sordariomycetes;Hypocreales;Clavicipitaceae;Balansia;Balansia_discoidea	underclassification	1
F1-REF	6	2	rdp	1.0	FJ810171	Root	Root;Basidiomycota;Agaricomycetes;Hymenochaetales;Hymenochaetaceae;Hymenochaete;Hymenochaete_adusta	underclassification	1
F1-REF	6	2	rdp	1.0	AY916692	Root;Basidiomycota;Agaricomycetes;Agaricales;Marasmiaceae;Crinipellis;Crinipellis_mauretanica	Root;Basidiomycota;Agaricomycetes;Agaricales;Marasmiaceae;Crinipellis;Crinipellis_zonata	overclassification	6
F1-REF	6	2	rdp	1.0	GU982730	Root;Basidiomycota;Agaricomycetes;Cantharellales;Cantharellaceae	Root;Basidiomycota;Agaricomycetes;Cantharellales;Cantharellaceae;Craterellus;Craterellus_carolinensis	underclassification	5
F1-REF	6	2	rdp	1.0	FM163227	Root;Basidiomycota;Agaricomycetes;Agaricales;Psathyrellaceae;Psathyrella	Root;Basidiomycota;Agaricomycetes;Agaricales;Psathyrellaceae;Psathyrella;Psathyrella_magnispora	match	6
F1-REF	6	2	rdp	1.0	FM872461	Root;Basidiomycota;Agaricomycetes	Root;Basidiomycota;Agaricomycetes;Polyporales;Meripilaceae;Antrodia;Antrodia_juniperina	underclassification	3
F1-REF	6	2	rdp	1.0	DQ658884	Root;Basidiomycota;Agaricomycetes;Russulales;Russulaceae;Lactarius	Root;Basidiomycota;Agaricomycetes;Russulales;Russulaceae;Lactarius;Lactarius_pubescens	match	6
F1-REF	6	2	rdp	1.0	AF096214	Root;Ascomycota;Lecanoromycetes;Umbilicariales;Umbilicariaceae;Umbilicaria	Root;Ascomycota;Lecanoromycetes;Umbilicariales;Umbilicariaceae;Umbilicaria;Umbilicaria_decussata	match	6
F1-REF	6	2	rdp	1.0	FJ623593	Root	Root;Ascomycota;Saccharomycetes;Saccharomycetales;Metschnikowiaceae;Metschnikowia;Metschnikowia_chrysoperlae	underclassification	1
F1-REF	6	2	rdp	1.0	GQ154541	Root;Ascomycota;Sordariomycetes;Coniochaetales;Coniochaetaceae	Root;Ascomycota;Sordariomycetes;Coniochaetales;Coniochaetaceae;Coniochaeta;Coniochaeta_prunicola	underclassification	5
F1-REF	6	2	rdp	1.0	AF096211	Root;Ascomycota;Lecanoromycetes;Umbilicariales;Umbilicariaceae;Umbilicaria	Root;Ascomycota;Lecanoromycetes;Umbilicariales;Umbilicariaceae;Umbilicaria;Umbilicaria_leiocarpa	match	6
F1-REF	6	2	rdp	1.0	AF096219	Root;Ascomycota;Lecanoromycetes;Umbilicariales;Umbilicariaceae;Umbilicaria	Root;Ascomycota;Lecanoromycetes;Umbilicariales;Umbilicariaceae;Umbilicaria;Umbilicaria_ruebeliana	match	6
F1-REF	6	2	rdp	1.0	FM876789	Root	Root;Glomeromycota;Glomeromycetes;Diversisporales;Acaulosporaceae;Acaulospora;Acaulospora_cavernata	underclassification	1
F1-REF	6	2	rdp	1.0	JN710597	Root	Root;Basidiomycota;Agaricomycetes;Polyporales;Steccherinaceae;Steccherinum;Steccherinum_straminellum	underclassification	1
F1-REF	6	2	rdp	1.0	FN666413	Root;Basidiomycota;Agaricomycetes;Gomphales;Gomphaceae;Gautieria	Root;Basidiomycota;Agaricomycetes;Gomphales;Gomphaceae;Gautieria;Gautieria_graveolens	match	6
F1-REF	6	2	rdp	1.0	AB496432	Root	Root;Ascomycota;Sordariomycetes;Ophiostomatales;Ophiostomataceae;Raffaelea;Raffaelea_montetyi	underclassification	1
F1-REF	6	2	rdp	1.0	HM856642	Root;Ascomycota;Sordariomycetes;Hypocreales	Root;Ascomycota;Sordariomycetes;Hypocreales;Ophiocordycipitaceae;Ophiocordyceps;Ophiocordyceps_neovolkiana	underclassification	4
F1-REF	6	2	rdp	1.0	AJ302463	Root;Ascomycota;Sordariomycetes;Xylariales	Root;Ascomycota;Sordariomycetes;Xylariales;Diatrypaceae;Eutypella;Eutypella_leprosa	underclassification	4
F1-REF	6	2	rdp	1.0	AJ302467	Root;Ascomycota;Sordariomycetes;Xylariales;Diatrypaceae;Eutypella	Root;Ascomycota;Sordariomycetes;Xylariales;Diatrypaceae;Eutypella;Eutypella_alsophila	match	6
F1-REF	6	2	rdp	1.0	AJ302469	Root;Ascomycota;Sordariomycetes;Xylariales	Root;Ascomycota;Sordariomycetes;Xylariales;Diatrypaceae;Eutypella;Eutypella_quaternata	underclassification	4
F1-REF	6	2	rdp	1.0	AJ271579	Root;Ascomycota;Sordariomycetes;Sordariales;Chaetomiaceae;Thielavia;Thielavia_hyrcaniae	Root;Ascomycota;Sordariomycetes;Sordariales;Chaetomiaceae;Thielavia;Thielavia_terricola	overclassification	6
F1-REF	6	2	rdp	1.0	HQ384310	Root	Root;Basidiomycota;Agaricomycetes;Agaricales;Bolbitiaceae;Agrocybe;Agrocybe_salicacicola	underclassification	1
F1-REF	6	2	rdp	1.0	AY194540	Root	Root;Basidiomycota;Agaricomycetes;Agaricales;Bolbitiaceae;Conocybe;Conocybe_coprophila	underclassification	1
F1-REF	6	2	rdp	1.0	AF309535	Root;Basidiomycota;Agaricomycetes;Agaricales;Tricholomataceae;Tricholoma	Root;Basidiomycota;Agaricomycetes;Agaricales;Tricholomataceae;Tricholoma;Tricholoma_focale	match	6
F1-REF	6	2	rdp	1.0	AF224433	Root;Ascomycota;Lecanoromycetes;Teloschistales;Physciaceae;Physcia	Root;Ascomycota;Lecanoromycetes;Teloschistales;Physciaceae;Physcia;Physcia_albinea	match	6
F1-REF	6	2	rdp	1.0	EU784300	Root;Basidiomycota;Agaricomycetes;Agaricales;Hygrophoraceae;Hygrocybe	Root;Basidiomycota;Agaricomycetes;Agaricales;Hygrophoraceae;Hygrocybe;Hygrocybe_conica_var_conicoides	match	6
F1-REF	6	2	rdp	1.0	EU784302	Root	Root;Basidiomycota;Agaricomycetes;Agaricales;Hygrophoraceae;Hygrocybe;Hygrocybe_flavipes	underclassification	1
F1-REF	6	2	rdp	1.0	DQ663239	Root;Basidiomycota;Agaricomycetes;Agaricales;Cortinariaceae;Cortinarius	Root;Basidiomycota;Agaricomycetes;Agaricales;Cortinariaceae;Cortinarius;Cortinarius_caesiocinctus	match	6
F1-REF	6	2	rdp	1.0	AY854970	Root;Basidiomycota;Exobasidiomycetes;Entylomatales;Entylomataceae;Entyloma	Root;Basidiomycota;Exobasidiomycetes;Entylomatales;Entylomataceae;Entyloma;Entyloma_fergussonii	match	6
F1-REF	6	2	rdp	1.0	DQ534467	Root;Ascomycota;Lecanoromycetes;Lecanorales;Ramalinaceae;Lecania;Lecania_gerlachei	Root;Ascomycota;Lecanoromycetes;Lecanorales;Ramalinaceae;Lecania;Lecania_brialmontii	overclassification	6
F1-REF	6	2	rdp	1.0	DQ367903	Root;Basidiomycota;Agaricomycetes;Cantharellales;Hydnaceae;Hydnum	Root;Basidiomycota;Agaricomycetes;Cantharellales;Hydnaceae;Hydnum;Hydnum_umbilicatum	match	6
F1-REF	6	2	rdp	1.0	DQ534469	Root;Ascomycota;Lecanoromycetes	Root;Ascomycota;Lecanoromycetes;Lecanorales;Lecanoraceae;Lecanora;Lecanora_epibryon	underclassification	3
F1-REF	6	2	rdp	1.0	JF275865	Root;Ascomycota;Sordariomycetes	Root;Ascomycota;Sordariomycetes;Diaporthales;Togniniaceae;Phaeoacremonium;Phaeoacremonium_hispanicum	underclassification	3
F1-REF	6	2	rdp	1.0	HE611486	Root	Root;Basidiomycota;Agaricomycetes;Corticiales;Corticiaceae;Waitea;Rhizoctonia_oryzae	underclassification	1
F1-REF	6	2	rdp	1.0	AY220819	Root;Ascomycota;Pezizomycetes;Pezizales;Pyronemataceae	Root;Ascomycota;Pezizomycetes;Pezizales;Pyronemataceae;Scutellinia;Scutellinia_superba	underclassification	5
F1-REF	6	2	rdp	1.0	AF047872	Root;Basidiomycota;Agaricomycetes;Agaricales	Root;Basidiomycota;Agaricomycetes;Agaricales;Marasmiaceae;Flammulina;Flammulina_stratosa	underclassification	4
F1-REF	6	2	rdp	1.0	HQ259268	Root	Root;Ascomycota;Lecanoromycetes;Lecanorales;Hymeneliaceae;Aspicilia;Aspicilia_subradians	underclassification	1
F1-REF	6	2	rdp	1.0	HQ259265	Root	Root;Ascomycota;Lecanoromycetes;Lecanorales;Hymeneliaceae;Aspicilia;Aspicilia_granulosa	underclassification	1
F1-REF	6	2	rdp	1.0	AY220810	Root;Ascomycota;Pezizomycetes;Pezizales;Pyronemataceae	Root;Ascomycota;Pezizomycetes;Pezizales;Pyronemataceae;Scutellinia;Scutellinia_nigrohirtula	underclassification	5
F1-REF	6	2	rdp	1.0	U66428	Root	Root;Basidiomycota;Agaricomycetes;Agaricales;Tricholomataceae;Arrhenia;Arrhenia_auriscalpium	underclassification	1
F1-REF	6	2	rdp	1.0	EU008634	Root;Ascomycota;Lecanoromycetes;Lecanorales;Stereocaulaceae;Stereocaulon	Root;Ascomycota;Lecanoromycetes;Lecanorales;Stereocaulaceae;Stereocaulon;Stereocaulon_tomentosum	match	6
F1-REF	6	2	rdp	1.0	FJ378883	Root;Ascomycota;Leotiomycetes;Erysiphales;Erysiphaceae	Root;Ascomycota;Leotiomycetes;Erysiphales;Erysiphaceae;Microsphaera;Erysiphe_trifolii	underclassification	5
F1-REF	6	2	rdp	1.0	FJ378880	Root;Ascomycota;Leotiomycetes;Erysiphales;Erysiphaceae;Erysiphe	Root;Ascomycota;Leotiomycetes;Erysiphales;Erysiphaceae;Erysiphe;Erysiphe_diffusa	match	6
F1-REF	6	2	rdp	1.0	JF739382	Root;Ascomycota;Lecanoromycetes;Lecanorales;Stereocaulaceae;Lepraria	Root;Ascomycota;Lecanoromycetes;Lecanorales;Stereocaulaceae;Lepraria;Lepraria_cryophila	match	6
F1-REF	6	2	rdp	1.0	AF325646	Root;Basidiomycota;Agaricomycetes	Root;Basidiomycota;Agaricomycetes;Agaricales;Cortinariaceae;Descolea;Descolea_antarctica	underclassification	3
F1-REF	6	2	rdp	1.0	AF325645	Root	Root;Basidiomycota;Agaricomycetes;Agaricales;Cortinariaceae;Descomyces;Descomyces_albellus	underclassification	1
F1-REF	6	2	rdp	1.0	DQ835511	Root;Ascomycota;Sordariomycetes;Hypocreales;Hypocreaceae	Root;Ascomycota;Sordariomycetes;Hypocreales;Hypocreaceae;Hypocrea;Hypocrea_megalocitrina	underclassification	5
F1-REF	6	2	rdp	1.0	AF516581	Root	Root;Basidiomycota;Agaricomycetes;Polyporales;Polyporaceae;Polyporus;Polyporus_virgatus	underclassification	1
F1-REF	6	2	rdp	1.0	AF516583	Root	Root;Basidiomycota;Agaricomycetes;Polyporales;Polyporaceae;Polyporus;Polyporus_radicatus	underclassification	1
F1-REF	6	2	rdp	1.0	GU553305	Root;Ascomycota;Lecanoromycetes	Root;Ascomycota;Lecanoromycetes;Teloschistales;Physciaceae;Rinodina;Rinodina_teichophila	underclassification	3
F1-REF	6	2	rdp	1.0	GU553301	Root	Root;Ascomycota;Lecanoromycetes;Teloschistales;Physciaceae;Rinodina;Rinodina_oleae	underclassification	1
F1-REF	6	2	rdp	1.0	AF309623	Root;Ascomycota;Dothideomycetes;Capnodiales;Teratosphaeriaceae;Teratosphaeria;Teratosphaeria_cryptica	Root;Ascomycota;Dothideomycetes;Capnodiales;Mycosphaerellaceae;Mycosphaerella;Mycosphaerella_cryptica	misclassification	4
F1-REF	6	2	rdp	1.0	AJ229076	Root	Root;Ascomycota;Saccharomycetes;Saccharomycetales;Saccharomycetaceae;Vanderwaltozyma;Vanderwaltozyma_polyspora	underclassification	1
F1-REF	6	2	rdp	1.0	EF202593	Root	Root;Ascomycota;Pezizomycetes;Pezizales;Tuberaceae;Tuber;Tuber_lyonii	underclassification	1
F1-REF	6	2	rdp	1.0	U19954	Root;Basidiomycota;Agaricomycetes;Corticiales;Corticiaceae;Rhizoctonia;Rhizoctonia_bataticola	Root;Basidiomycota;Agaricomycetes;Cantharellales;Ceratobasidiaceae;Thanatephorus;Thanatephorus_cucumeris	misclassification	3
F1-REF	6	2	rdp	1.0	DQ083782	Root;Basidiomycota;Agaricomycetes;Agaricales;Cortinariaceae	Root;Basidiomycota;Agaricomycetes;Agaricales;Cortinariaceae;Cortinarius;Cortinarius_dionysae	underclassification	5
F1-REF	6	2	rdp	1.0	DQ337319	Root;Ascomycota	Root;Ascomycota;Lecanoromycetes;Teloschistales;Physciaceae;Heterodermia;Heterodermia_lamelligera	underclassification	2
F1-REF	6	2	rdp	1.0	EU191056	Root;Basidiomycota;Agaricomycetes;Agaricales;Marasmiaceae;Flammulina	Root;Basidiomycota;Agaricomycetes;Agaricales;Marasmiaceae;Flammulina;Flammulina_ononidis	match	6
F1-REF	6	2	rdp	1.0	UDB000927	Root	Root;Basidiomycota;Agaricomycetes;Agaricales;Entolomataceae;Entoloma;Entoloma	underclassification	1
F1-REF	6	2	rdp	1.0	DQ083788	Root;Basidiomycota;Agaricomycetes;Agaricales;Cortinariaceae;Cortinarius	Root;Basidiomycota;Agaricomycetes;Agaricales;Cortinariaceae;Cortinarius;Cortinarius_insignibulbus	match	6
F1-REF	6	2	rdp	1.0	AB525929	Root;Ascomycota;Leotiomycetes;Erysiphales;Erysiphaceae;Podosphaera	Root;Ascomycota;Leotiomycetes;Erysiphales;Erysiphaceae;Podosphaera;Podosphaera_salatai	match	6
F1-REF	6	2	rdp	1.0	JF739378	Root;Ascomycota;Lecanoromycetes;Lecanorales;Stereocaulaceae	Root;Ascomycota;Lecanoromycetes;Lecanorales;Stereocaulaceae;Lepraria;Lepraria_pacifica	underclassification	5
F1-REF	6	2	rdp	1.0	AB525921	Root;Ascomycota;Leotiomycetes;Erysiphales;Erysiphaceae;Podosphaera	Root;Ascomycota;Leotiomycetes;Erysiphales;Erysiphaceae;Podosphaera;Podosphaera_negeri	match	6
F1-REF	6	2	rdp	1.0	AF454424	Root;Basidiomycota;Agaricomycetes;Russulales;Auriscalpiaceae;Artomyces	Root;Basidiomycota;Agaricomycetes;Russulales;Auriscalpiaceae;Artomyces;Artomyces_colensoi	match	6
F1-REF	6	2	rdp	1.0	AF454425	Root;Basidiomycota;Agaricomycetes;Russulales;Auriscalpiaceae;Artomyces	Root;Basidiomycota;Agaricomycetes;Russulales;Auriscalpiaceae;Artomyces;Artomyces_stephenii	match	6
F1-REF	6	2	rdp	1.0	AF439474	Root	Root;Ascomycota;Dothideomycetes;Pleosporales;Phaeosphaeriaceae;Phaeosphaeria;Phaeosphaeria_caricicola	underclassification	1
F1-REF	6	2	rdp	1.0	EF679398	Root;Ascomycota;Dothideomycetes;Capnodiales;Mycosphaerellaceae	Root;Ascomycota;Dothideomycetes;Capnodiales;Mycosphaerellaceae;Cladosporium;Cladosporium	underclassification	5
F1-REF	6	2	rdp	1.0	AF357023	Root;Basidiomycota;Agaricomycetes	Root;Basidiomycota;Agaricomycetes;Agaricales;Lyophyllaceae;Termitomyces;Termitomyces_microcarpus	underclassification	3
F1-REF	6	2	rdp	1.0	AF357026	Root;Basidiomycota	Root;Basidiomycota;Agaricomycetes;Agaricales;Lyophyllaceae;Calocybe;Calocybe_persicolor	underclassification	2
F1-REF	6	2	rdp	1.0	AF357027	Root;Basidiomycota;Agaricomycetes;Agaricales;Lyophyllaceae;Calocybe	Root;Basidiomycota;Agaricomycetes;Agaricales;Lyophyllaceae;Calocybe;Calocybe_gambosa	match	6
F1-REF	6	2	rdp	1.0	AY219348	Root;Basidiomycota;Agaricomycetes;Polyporales;Phanerochaetaceae;Phanerochaete	Root;Basidiomycota;Agaricomycetes;Polyporales;Phanerochaetaceae;Phanerochaete;Phanerochaete_laevis	match	6
F1-REF	6	2	rdp	1.0	AF444362	Root	Root;Basidiomycota;Tremellomycetes;Filobasidiales;Filobasidiaceae;Cryptococcus;Cryptococcus_arrabidensis	underclassification	1
F1-REF	6	2	rdp	1.0	DQ914740	Root;Ascomycota;Sordariomycetes;Hypocreales;Nectriaceae	Root;Ascomycota;Sordariomycetes;Hypocreales;Nectriaceae;Volutella;Volutella_ciliata	underclassification	5
F1-REF	6	2	rdp	1.0	EU639632	Root;Ascomycota;Lecanoromycetes;Teloschistales;Teloschistaceae;Caloplaca;Caloplaca_polycarpa	Root;Ascomycota;Lecanoromycetes;Teloschistales;Teloschistaceae;Caloplaca;Caloplaca_coronata	overclassification	6
F1-REF	6	2	rdp	1.0	FJ771045	Root;Ascomycota;Eurotiomycetes;Eurotiales;Trichocomaceae;Aspergillus;Aspergillus_ustus	Root;Ascomycota;Eurotiomycetes;Eurotiales;Trichocomaceae;Aspergillus;Aspergillus_granulosus	overclassification	6
F1-REF	6	2	rdp	1.0	DQ218290	Root	Root;Ascomycota;Pezizomycetes;Pezizales;Pyronemataceae;Genea;Genea_harknessii	underclassification	1
F1-REF	6	2	rdp	1.0	EF369523	Root;Ascomycota	Root;Ascomycota;Eurotiomycetes;Verrucariales;Verrucariaceae;Verrucaria;Verrucaria_marmorea	underclassification	2
F1-REF	6	2	rdp	1.0	EU639639	Root;Ascomycota;Lecanoromycetes;Teloschistales;Teloschistaceae;Caloplaca	Root;Ascomycota;Lecanoromycetes;Teloschistales;Teloschistaceae;Caloplaca;Caloplaca_pusilla	match	6
F1-REF	6	2	rdp	1.0	AY307939	Root;Ascomycota	Root;Ascomycota;Pezizomycetes;Pezizales;Sarcosomataceae;Conoplea;Conoplea_aff_elegantula_Kurogi_sn	underclassification	2
F1-REF	6	2	rdp	1.0	AB524813	Root;Ascomycota	Root;Ascomycota;Dothideomycetes;Pleosporales;Tetraplosphaeriaceae;Triplosphaeria;Triplosphaeria_yezoensis	underclassification	2
F1-REF	6	2	rdp	1.0	EU597077	Root	Root;Basidiomycota;Agaricomycetes;Gomphales;Gomphaceae;Ramaria;Ramaria_cystidiophora	underclassification	1
F1-REF	6	2	rdp	1.0	GQ169763	Root;Ascomycota;Dothideomycetes;Capnodiales;Mycosphaerellaceae	Root;Ascomycota;Dothideomycetes;Capnodiales;Mycosphaerellaceae;Mycosphaerella;Mycosphaerella_fijiensis	underclassification	5
F1-REF	6	2	rdp	1.0	JF908422	Root;Basidiomycota;Agaricomycetes;Agaricales;Mycenaceae;Mycena	Root;Basidiomycota;Agaricomycetes;Agaricales;Mycenaceae;Mycena;Mycena_romagnesiana	match	6
F1-REF	6	2	rdp	1.0	GU327635	Root;Ascomycota;Sordariomycetes;Sordariales;Sordariaceae	Root;Ascomycota;Sordariomycetes;Sordariales;Sordariaceae;Neurospora;Neurospora_crassa	underclassification	5
F1-REF	6	2	rdp	1.0	AY004783	Root;Ascomycota;Dothideomycetes;Pleosporales;Pleosporaceae	Root;Ascomycota;Dothideomycetes;Pleosporales;Pleosporaceae;Pyrenophora;Drechslera_erythrospila	underclassification	5
F1-REF	6	2	rdp	1.0	U58638	Root	Root;Ascomycota;Leotiomycetes;Helotiales;Hyaloscyphaceae;Lachnum;Lachnum_controversum	underclassification	1
F1-REF	6	2	rdp	1.0	AY004787	Root;Ascomycota;Dothideomycetes;Pleosporales;Pleosporaceae	Root;Ascomycota;Dothideomycetes;Pleosporales;Pleosporaceae;Drechslera;Drechslera_biseptata	underclassification	5
F1-REF	6	2	rdp	1.0	EU681325	Root;Ascomycota;Lecanoromycetes;Teloschistales;Teloschistaceae;Xanthoria;Xanthoria_candelaria	Root;Ascomycota;Lecanoromycetes;Teloschistales;Teloschistaceae;Xanthoria;Xanthoria_alaskana	overclassification	6
F1-REF	6	2	rdp	1.0	EU681320	Root;Ascomycota;Lecanoromycetes;Teloschistales;Teloschistaceae	Root;Ascomycota;Lecanoromycetes;Teloschistales;Teloschistaceae;Xanthoria;Xanthoria_karrooensis	underclassification	5
F1-REF	6	2	rdp	1.0	FJ596777	Root;Basidiomycota;Agaricomycetes;Agaricales;Strophariaceae	Root;Basidiomycota;Agaricomycetes;Agaricales;Strophariaceae;Hypholoma;Hypholoma_fasciculare	underclassification	5
F1-REF	6	2	rdp	1.0	FJ596774	Root;Basidiomycota;Agaricomycetes;Russulales;Russulaceae;Lactarius	Root;Basidiomycota;Agaricomycetes;Russulales;Russulaceae;Lactifluus;Lactifluus_griseus	misclassification	5
F1-REF	6	2	rdp	1.0	FJ596775	Root;Basidiomycota;Agaricomycetes;Agaricales;Amanitaceae;Amanita	Root;Basidiomycota;Agaricomycetes;Agaricales;Amanitaceae;Amanita;Amanita_aff_fulva_TENN60329	match	6
F1-REF	6	2	rdp	1.0	JF907771	Root;Basidiomycota;Agaricomycetes;Agaricales;Bolbitiaceae;Bolbitius	Root;Basidiomycota;Agaricomycetes;Agaricales;Bolbitiaceae;Bolbitius;Bolbitius_demangei	match	6
F1-REF	6	2	rdp	1.0	FJ596779	Root;Basidiomycota;Agaricomycetes	Root;Basidiomycota;Agaricomycetes;Agaricales;Strophariaceae;Kuehneromyces;Kuehneromyces_rostratus	underclassification	3
F1-REF	6	2	rdp	1.0	EU435147	Root	Root;Basidiomycota;Agaricomycetes;Agaricales;Hygrophoraceae;Hygrocybe;Hygrocybe_chloochlora	underclassification	1
F1-REF	6	2	rdp	1.0	GQ142024	Root;Basidiomycota;Agaricomycetes;Agaricales;Pleurotaceae	Root;Basidiomycota;Agaricomycetes;Agaricales;Pleurotaceae;Hohenbuehelia;Hohenbuehelia_reniformis	underclassification	5
F1-REF	6	2	rdp	1.0	EU655656	Root;Basidiomycota;Agaricomycetes;Agaricales;Cortinariaceae;Cortinarius	Root;Basidiomycota;Agaricomycetes;Agaricales;Cortinariaceae;Cortinarius;Cortinarius_glaucescens	match	6
F1-REF	6	2	rdp	1.0	GQ255472	Root	Root;Ascomycota;Leotiomycetes;Erysiphales;Erysiphaceae;Erysiphe;Erysiphe_necator_var_ampelopsidis	underclassification	1
F1-REF	6	2	rdp	1.0	FJ914679	Root;Ascomycota	Root;Ascomycota;Sordariomycetes;Microascales;Microascaceae;Graphium;Graphium_indicum	underclassification	2
F1-REF	6	2	rdp	1.0	AF501567	Root;Basidiomycota;Agaricomycetes	Root;Basidiomycota;Agaricomycetes;Agaricales;Cortinariaceae;Phaeocollybia;Phaeocollybia_graveolens	underclassification	3
F1-REF	6	2	rdp	1.0	JN942624	Root	Root;Ascomycota;Sordariomycetes;Hypocreales;Clavicipitaceae;Moelleriella;Moelleriella_oxystoma	underclassification	1
F1-REF	6	2	rdp	1.0	JN367299	Root;Basidiomycota;Ustilaginomycetes;Urocystidales;Urocystidaceae	Root;Basidiomycota;Ustilaginomycetes;Urocystidales;Urocystidaceae;Urocystis;Urocystis_eranthidis	underclassification	5
F1-REF	6	2	rdp	1.0	FJ037730	Root;Ascomycota;Sordariomycetes;Xylariales	Root;Ascomycota;Sordariomycetes;Xylariales;Xylariaceae;Xylaria;Xylaria_psidii	underclassification	4
F1-REF	6	2	rdp	1.0	FJ596795	Root;Basidiomycota;Agaricomycetes;Agaricales;Amanitaceae;Amanita;Amanita_volvata	Root;Basidiomycota;Agaricomycetes;Agaricales;Amanitaceae;Amanita;Amanita_aff_volvata_TENN61187	overclassification	6
F1-REF	6	2	rdp	1.0	EU935489	Root;Basidiomycota;Agaricomycetes;Agaricales;Marasmiaceae;Marasmius	Root;Basidiomycota;Agaricomycetes;Agaricales;Marasmiaceae;Marasmius;Marasmius_xestocephalus	match	6
F1-REF	6	2	rdp	1.0	AB478314	Root	Root;Ascomycota;Saccharomycetes;Saccharomycetales;Eremotheciaceae;Eremothecium;Eremothecium_ashbyi	underclassification	1
F1-REF	6	2	rdp	1.0	JF908515	Root;Basidiomycota;Agaricomycetes;Agaricales;Bolbitiaceae;Panaeolus;Panaeolus_sphinctrinus	Root;Basidiomycota;Agaricomycetes;Agaricales;Bolbitiaceae;Panaeolus;Panaeolus_antillarum	overclassification	6
F1-REF	6	2	rdp	1.0	JF908516	Root;Basidiomycota;Agaricomycetes;Agaricales;Bolbitiaceae;Panaeolus;Panaeolus_sphinctrinus	Root;Basidiomycota;Agaricomycetes;Agaricales;Bolbitiaceae;Panaeolus;Panaeolus_rickenii	overclassification	6
F1-REF	6	2	rdp	1.0	JF770458	Root;Ascomycota;Dothideomycetes;Capnodiales	Root;Ascomycota;Dothideomycetes;Capnodiales;Teratosphaeriaceae;Teratosphaeria;Teratosphaeria_agapanthi	underclassification	4
F1-REF	6	2	rdp	1.0	FJ545234	Root;Ascomycota	Root;Ascomycota;Sordariomycetes;Diaporthales;Valsaceae;Phomopsis;Phomopsis_amygdali	underclassification	2
F1-REF	6	2	rdp	1.0	HM005076	Root;Basidiomycota;Agaricomycetes;Agaricales	Root;Basidiomycota;Agaricomycetes;Agaricales;Marasmiaceae;Dactylosporina;Dactylosporina_macracantha	underclassification	4
F1-REF	6	2	rdp	1.0	GU269765	Root;Ascomycota;Dothideomycetes;Capnodiales;Mycosphaerellaceae	Root;Ascomycota;Dothideomycetes;Capnodiales;Mycosphaerellaceae;Pseudocercospora;Pseudocercospora_punctata	underclassification	5
F1-REF	6	2	rdp	1.0	AY484686	Root;Basidiomycota;Agaricomycetes;Agaricales;Agaricaceae;Agaricus	Root;Basidiomycota;Agaricomycetes;Agaricales;Agaricaceae;Agaricus;Agaricus_macrocarpus	match	6
F1-REF	6	2	rdp	1.0	AY484682	Root;Basidiomycota;Agaricomycetes;Agaricales;Agaricaceae;Agaricus	Root;Basidiomycota;Agaricomycetes;Agaricales;Agaricaceae;Agaricus;Agaricus_excellens	match	6
F1-REF	6	2	rdp	1.0	EU670226	Root;Ascomycota;Lecanoromycetes;Teloschistales;Physciaceae;Phaeophyscia	Root;Ascomycota;Lecanoromycetes;Teloschistales;Physciaceae;Phaeophyscia;Phaeophyscia_denigrata	match	6
F1-REF	6	2	rdp	1.0	GQ344612	Root;Ascomycota;Eurotiomycetes;Verrucariales;Verrucariaceae;Placidiopsis;Placidiopsis_cinerascens	Root;Ascomycota;Eurotiomycetes;Verrucariales;Verrucariaceae;Placidiopsis;Placidiopsis_tenella	overclassification	6
F1-REF	6	2	rdp	1.0	EU254889	Root;Ascomycota	Root;Ascomycota;Sordariomycetes;Diaporthales;Valsaceae;Ophiognomonia;Ophiognomonia_intermedia	underclassification	2
F1-REF	6	2	rdp	1.0	FJ874774	Root;Ascomycota;Leotiomycetes;Erysiphales;Erysiphaceae;Golovinomyces	Root;Ascomycota;Leotiomycetes;Erysiphales;Erysiphaceae;Golovinomyces;Golovinomyces_biocellatus	match	6
F1-REF	6	2	rdp	1.0	AY176363	Root;Basidiomycota;Agaricomycetes;Agaricales	Root;Basidiomycota;Agaricomycetes;Agaricales;Agaricaceae;Lepiota;Lepiota_cristatoides	underclassification	4
F1-REF	6	2	rdp	1.0	AY139789	Root	Root;Ascomycota;Saccharomycetes;Saccharomycetales;Pichiaceae;Pichia;Pichia_norvegensis	underclassification	1
F1-REF	6	2	rdp	1.0	AY139785	Root;Ascomycota;Saccharomycetes;Saccharomycetales;Saccharomycetaceae;Kluyveromyces	Root;Ascomycota;Saccharomycetes;Saccharomycetales;Saccharomycetaceae;Kluyveromyces;Kluyveromyces_marxianus	match	6
F1-REF	6	2	rdp	1.0	AF231469	Root	Root;Glomeromycota;Glomeromycetes;Glomerales;Glomeraceae;Glomus;Glomus_geosporum	underclassification	1
F1-REF	6	2	rdp	1.0	EU523562	Root;Basidiomycota;Agaricomycetes;Agaricales	Root;Basidiomycota;Agaricomycetes;Agaricales;Cortinariaceae;Inocybe;Inocybe_rimosa	underclassification	4
F1-REF	6	2	rdp	1.0	U31843	Root;Ascomycota;Sordariomycetes	Root;Ascomycota;Sordariomycetes;Diaporthales;Togniniaceae;Phaeoacremonium;Phaeoacremonium_inflatipes	underclassification	3
F1-REF	6	2	rdp	1.0	AF210681	Root;Ascomycota;Sordariomycetes;Hypocreales;Bionectriaceae	Root;Ascomycota;Sordariomycetes;Hypocreales;Bionectriaceae;Clonostachys;Clonostachys_chlorina	underclassification	5
F1-REF	6	2	rdp	1.0	FJ860805	Root	Root;Ascomycota;Sordariomycetes;Hypocreales;Hypocreaceae;Hypocrea;Hypocrea_parmastoi	underclassification	1
F1-REF	6	2	rdp	1.0	FJ860801	Root;Ascomycota;Sordariomycetes;Hypocreales;Hypocreaceae	Root;Ascomycota;Sordariomycetes;Hypocreales;Hypocreaceae;Hypocrea;Hypocrea_parepimyces	underclassification	5
F1-REF	6	2	rdp	1.0	HQ845174	Root;Basidiomycota;Agaricomycetes;Agaricales;Cortinariaceae;Cortinarius	Root;Basidiomycota;Agaricomycetes;Agaricales;Cortinariaceae;Cortinarius;Cortinarius_veregregius	match	6
F1-REF	6	2	rdp	1.0	GU991657	Root;Ascomycota;Dothideomycetes;Capnodiales;Mycosphaerellaceae	Root;Ascomycota;Dothideomycetes;Capnodiales;Mycosphaerellaceae;Pseudocercospora;Pseudocercospora_cornicola	underclassification	5
F1-REF	6	2	rdp	1.0	HQ845172	Root;Basidiomycota;Agaricomycetes;Agaricales	Root;Basidiomycota;Agaricomycetes;Agaricales;Cortinariaceae;Cortinarius;Cortinarius_suberi	underclassification	4
F1-REF	6	2	rdp	1.0	FJ441041	Root;Basidiomycota;Agaricomycetes;Agaricales;Amanitaceae;Amanita	Root;Basidiomycota;Agaricomycetes;Agaricales;Amanitaceae;Amanita;Amanita_ovalispora	match	6
F1-REF	6	2	rdp	1.0	FJ441040	Root	Root;Basidiomycota;Agaricomycetes;Agaricales;Amanitaceae;Amanita;Amanita_neo_ovoidea	underclassification	1
F1-REF	6	2	rdp	1.0	FJ379273	Root	Root;Basidiomycota;Agaricomycetes;Agaricales;Pluteaceae;Volvariella;Volvariella_volvacea	underclassification	1
F1-REF	6	2	rdp	1.0	EF560670	Root;Basidiomycota;Agaricomycetes;Russulales;Russulaceae;Lactarius	Root;Basidiomycota;Agaricomycetes;Russulales;Russulaceae;Lactarius;Lactarius_subplinthogalus_var_chiangmaiensis	match	6
F1-REF	6	2	rdp	1.0	FJ431268	Root;Basidiomycota;Agaricomycetes;Agaricales;Marasmiaceae;Marasmius	Root;Basidiomycota;Agaricomycetes;Agaricales;Marasmiaceae;Marasmius;Marasmius_purpureostriatus	match	6
F1-REF	6	2	rdp	1.0	EF560674	Root;Basidiomycota;Agaricomycetes;Russulales;Russulaceae;Lactarius	Root;Basidiomycota;Agaricomycetes;Russulales;Russulaceae;Lactarius;Lactarius_lavandulus	match	6
F1-REF	6	2	rdp	1.0	JN943717	Root	Root;Ascomycota;Lecanoromycetes;Lecanorales;Lecanoraceae;Lecanora;Lecanora_vainioi	underclassification	1
F1-REF	6	2	rdp	1.0	EU249467	Root;Ascomycota;Eurotiomycetes;Verrucariales;Verrucariaceae	Root;Ascomycota;Eurotiomycetes;Verrucariales;Verrucariaceae;Verrucaria;Verrucaria_latebrosa	underclassification	5
F1-REF	6	2	rdp	1.0	AF439501	Root	Root;Ascomycota;Dothideomycetes;Pleosporales;Phaeosphaeriaceae;Phaeosphaeria;Phaeosphaeria_silenes_acaulis	underclassification	1
F1-REF	6	2	rdp	1.0	HQ650621	Root;Ascomycota;Lecanoromycetes;Lecanorales;Ramalinaceae;Niebla	Root;Ascomycota;Lecanoromycetes;Lecanorales;Ramalinaceae;Niebla;Niebla_cephalota	match	6
F1-REF	6	2	rdp	1.0	EU186278	Root;Basidiomycota;Agaricomycetes;Agaricales;Tricholomataceae;Tricholoma	Root;Basidiomycota;Agaricomycetes;Agaricales;Tricholomataceae;Tricholoma;Tricholoma_equestre	match	6
F1-REF	6	2	rdp	1.0	HQ605935	Root	Root;Ascomycota;Lecanoromycetes;Lecanorales;Lecanoraceae;Lecidella;Lecidella_stigmatea	underclassification	1
F1-REF	6	2	rdp	1.0	HQ605939	Root;Ascomycota;Lecanoromycetes;Lecideales	Root;Ascomycota;Lecanoromycetes;Lecideales;Porpidiaceae;Porpidia;Porpidia_musiva	underclassification	4
F1-REF	6	2	rdp	1.0	AB453024	Root	Root;Basidiomycota;Agaricomycetes;Cantharellales;Cantharellaceae;Cantharellus;Cantharellus_cibarius	underclassification	1
F1-REF	6	2	rdp	1.0	GQ267477	Root;Basidiomycota;Agaricomycetes;Agaricales;Hydnangiaceae;Laccaria	Root;Basidiomycota;Agaricomycetes;Agaricales;Hydnangiaceae;Laccaria;Laccaria_proxima	match	6
F1-REF	6	2	rdp	1.0	FJ871097	Root;Ascomycota;Lecanoromycetes;Lecanorales;Ramalinaceae;Ramalina	Root;Ascomycota;Lecanoromycetes;Lecanorales;Ramalinaceae;Ramalina;Ramalina_pitardii	match	6
F1-REF	6	2	rdp	1.0	EU837220	Root;Basidiomycota;Agaricomycetes;Boletales;Rhizopogonaceae;Rhizopogon	Root;Basidiomycota;Agaricomycetes;Boletales;Rhizopogonaceae;Rhizopogon;Rhizopogon_flavofibrillosus	match	6
F1-REF	6	2	rdp	1.0	AY245632	Root;Ascomycota;Sordariomycetes	Root;Ascomycota;Sordariomycetes;Hypocreales;Clavicipitaceae;Cordyceps;Cordyceps_memorabilis	underclassification	3
F1-REF	6	2	rdp	1.0	JF907949	Root;Basidiomycota;Agaricomycetes;Agaricales;Cortinariaceae;Cortinarius	Root;Basidiomycota;Agaricomycetes;Agaricales;Cortinariaceae;Cortinarius;Cortinarius_saturatus	match	6
F1-REF	6	2	rdp	1.0	HM562089	Root;Basidiomycota;Agaricomycetes	Root;Basidiomycota;Agaricomycetes;Agaricales;Pluteaceae;Pluteus;Pluteus_pantherinus	underclassification	3
F1-REF	6	2	rdp	1.0	GU994573	Root;Ascomycota;Lecanoromycetes	Root;Ascomycota;Lecanoromycetes;Lecanorales;Parmeliaceae;Parmelia;Parmelia_subtestacea	underclassification	3
F1-REF	6	2	rdp	1.0	AY669637	Root;Basidiomycota;Agaricomycetes;Agaricales	Root;Basidiomycota;Agaricomycetes;Agaricales;Cortinariaceae;Cortinarius;Cortinarius_schlerophyllarum	underclassification	4
F1-REF	6	2	rdp	1.0	GU994575	Root;Ascomycota	Root;Ascomycota;Lecanoromycetes;Lecanorales;Parmeliaceae;Parmelia;Parmelia_tenuirima	underclassification	2
F1-REF	6	2	rdp	1.0	DQ974799	Root	Root;Ascomycota;Pezizomycetes;Pezizales;Tuberaceae;Tuber;Tuber_californicum	underclassification	1
F1-REF	6	2	rdp	1.0	GQ479830	Root;Basidiomycota;Pucciniomycetes;Pucciniales;Melampsoraceae;Melampsora	Root;Basidiomycota;Pucciniomycetes;Pucciniales;Melampsoraceae;Melampsora;Melampsora_abietis_canadensis	match	6
F1-REF	6	2	rdp	1.0	AF418631	Root;Basidiomycota;Agaricomycetes;Russulales;Russulaceae	Root;Basidiomycota;Agaricomycetes;Russulales;Russulaceae;Russula;Russula_firmula	underclassification	5
F1-REF	6	2	rdp	1.0	FJ717558	Root;Basidiomycota;Agaricomycetes;Agaricales;Cortinariaceae;Cortinarius	Root;Basidiomycota;Agaricomycetes;Agaricales;Cortinariaceae;Cortinarius;Cortinarius_malachius	match	6
F1-REF	6	2	rdp	1.0	AY344995	Root;Basidiomycota;Ustilaginomycetes;Ustilaginales;Ustilaginaceae	Root;Basidiomycota;Ustilaginomycetes;Ustilaginales;Ustilaginaceae;Ustilago;Ustilago_affinis	underclassification	5
F1-REF	6	2	rdp	1.0	EF619581	Root;Ascomycota;Lecanoromycetes;Lecanorales	Root;Ascomycota;Lecanoromycetes;Lecanorales;Stereocaulaceae;Lepraria;Lepraria_sylvicola	underclassification	4
F1-REF	6	2	rdp	1.0	AY083179	Root;Basidiomycota;Agaricomycetes;Agaricales;Cortinariaceae;Cortinarius	Root;Basidiomycota;Agaricomycetes;Agaricales;Cortinariaceae;Cortinarius;Cortinarius_cedriolens	match	6
F1-REF	6	2	rdp	1.0	DQ873606	Root;Basidiomycota;Agaricomycetes;Hymenochaetales;Schizoporaceae;Hyphodontia	Root;Basidiomycota;Agaricomycetes;Hymenochaetales;Schizoporaceae;Hyphodontia;Hyphodontia_aspera	match	6
F1-REF	6	2	rdp	1.0	DQ873609	Root	Root;Basidiomycota;Agaricomycetes;Hymenochaetales;Schizoporaceae;Hyphodontia;Hyphodontia_barba_jovis	underclassification	1
F1-REF	6	2	rdp	1.0	AY916459	Root;Ascomycota;Dothideomycetes;Pleosporales;Tubeufiaceae	Root;Ascomycota;Dothideomycetes;Pleosporales;Tubeufiaceae;Tubeufia;Tubeufia_helicomyces	underclassification	5
F1-REF	6	2	rdp	1.0	AF453844	Root;Ascomycota;Lecanoromycetes	Root;Ascomycota;Lecanoromycetes;Lecanorales;Cladoniaceae;Cladonia;Cladonia_andesita	underclassification	3
F1-REF	6	2	rdp	1.0	JN944012	Root	Root;Basidiomycota;Agaricomycetes;Cantharellales;Cantharellaceae;Cantharellus;Cantharellus_tabernensis	underclassification	1
F1-REF	6	2	rdp	1.0	FM205597	Root	Root;Ascomycota;Pezizomycetes;Pezizales;Tuberaceae;Tuber;Tuber_malenconii	underclassification	1
F1-REF	6	2	rdp	1.0	EU168113	Root;Basidiomycota;Agaricomycetes	Root;Basidiomycota;Agaricomycetes;Agaricales;Psathyrellaceae;Coprinopsis;Coprinopsis_scobicola	underclassification	3
F1-REF	6	2	rdp	1.0	AJ292289	Root	Root;Basidiomycota;Agaricomycetes;Gomphales;Gomphaceae;Lentaria;Lentaria_aff_micheneri_48116	underclassification	1
F1-REF	6	2	rdp	1.0	DQ812937	Root;Ascomycota;Sordariomycetes;Xylariales;Amphisphaeriaceae;Pestalotiopsis	Root;Ascomycota;Sordariomycetes;Xylariales;Amphisphaeriaceae;Pestalotiopsis;Pestalotiopsis_sinensis	match	6
F1-REF	6	2	rdp	1.0	HQ604080	Root;Basidiomycota;Agaricomycetes;Agaricales;Cortinariaceae;Inocybe	Root;Basidiomycota;Agaricomycetes;Agaricales;Cortinariaceae;Inocybe;Inocybe_fuscodisca	match	6
F1-REF	6	2	rdp	1.0	GU258269	Root;Basidiomycota;Agaricomycetes;Russulales;Russulaceae;Lactarius;Lactarius_reticulatovenosus	Root;Basidiomycota;Agaricomycetes;Russulales;Russulaceae;Lactarius;Lactarius_subgerardii	overclassification	6
F1-REF	6	2	rdp	1.0	UDB011278	Root;Basidiomycota;Agaricomycetes;Russulales;Russulaceae;Russula	Root;Basidiomycota;Agaricomycetes;Russulales;Russulaceae;Russula;Russula_emetica	match	6
F1-REF	6	2	rdp	1.0	HQ225484	Root;Basidiomycota;Agaricomycetes;Polyporales;Polyporaceae	Root;Basidiomycota;Agaricomycetes;Polyporales;Polyporaceae;Polyporus;Polyporus_umbellatus	underclassification	5
F1-REF	6	2	rdp	1.0	AY195573	Root	Root;Basidiomycota;Agaricomycetes;Cantharellales;Cantharellaceae;Craterellus;Craterellus_tubaeformis	underclassification	1
F1-REF	6	2	rdp	1.0	JF744967	Root	Root;Ascomycota;Lecanoromycetes;Lecanorales;Mycoblastaceae;Mycoblastus;Mycoblastus_glabrescens	underclassification	1
F1-REF	6	2	rdp	1.0	DQ243804	Root;Ascomycota;Sordariomycetes;Diaporthales;Valsaceae	Root;Ascomycota;Sordariomycetes;Diaporthales;Valsaceae;Cytospora;Cytospora_acaciae	underclassification	5
F1-REF	6	2	rdp	1.0	FJ596889	Root	Root;Basidiomycota;Agaricomycetes;Agaricales;Mycenaceae;Xeromphalina;Xeromphalina_aff_parvibulbosa_TENN61775	underclassification	1
F1-REF	6	2	rdp	1.0	HQ222874	Root;Ascomycota;Leotiomycetes;Helotiales;Geoglossaceae;Geoglossum;Geoglossum_fallax	Root;Ascomycota;Leotiomycetes;Helotiales;Geoglossaceae;Geoglossum;Geoglossum_glabrum	overclassification	6
F1-REF	6	2	rdp	1.0	EU552158	Root;Ascomycota;Sordariomycetes	Root;Ascomycota;Sordariomycetes;Diaporthales;Togniniaceae;Phaeoacremonium;Phaeoacremonium_austroafricanum	underclassification	3
F1-REF	6	2	rdp	1.0	AF444425	Root;Basidiomycota;Tremellomycetes;Tremellales;Cuniculitremaceae	Root;Basidiomycota;Tremellomycetes;Tremellales;Cuniculitremaceae;Kockovaella;Kockovaella_imperatae	underclassification	5
F1-REF	6	2	rdp	1.0	FM163215	Root;Basidiomycota;Agaricomycetes;Agaricales;Psathyrellaceae;Parasola	Root;Basidiomycota;Agaricomycetes;Agaricales;Psathyrellaceae;Parasola;Parasola_plicatilis	match	6
F1-REF	6	2	rdp	1.0	JN021070	Root	Root;Basidiomycota;Agaricomycetes;Boletales;Boletaceae;Phylloporus;Phylloporus_rhodoxanthus	underclassification	1
F1-REF	6	2	rdp	1.0	EU303009	Root;Basidiomycota;Agaricomycetes;Russulales;Russulaceae;Russula;Russula_cerolens	Root;Basidiomycota;Agaricomycetes;Russulales;Russulaceae;Russula;Russula_amoenolens	overclassification	6
F1-REF	6	2	rdp	1.0	DQ189089	Root;Ascomycota	Root;Ascomycota;Leotiomycetes;Erysiphales;Erysiphaceae;Erysiphe;Erysiphe_necator	underclassification	2
F1-REF	6	2	rdp	1.0	GU324765	Root	Root;Ascomycota;Leotiomycetes;Helotiales;Geoglossaceae;Thuemenidium;Thuemenidium_arenarium	underclassification	1
F1-REF	6	2	rdp	1.0	FJ713106	Root;Basidiomycota;Agaricomycetes	Root;Basidiomycota;Agaricomycetes;Polyporales;Hapalopilaceae;Ceriporiopsis;Ceriporiopsis_subvermispora	underclassification	3
F1-REF	6	2	rdp	1.0	AF178417	Root;Ascomycota;Sordariomycetes	Root;Ascomycota;Sordariomycetes;Hypocreales;Nectriaceae;Nectria;Nectria_plagianthi	underclassification	3
F1-REF	6	2	rdp	1.0	EU558727	Root;Ascomycota	Root;Ascomycota;Lecanoromycetes;Peltigerales;Lobariaceae;Pseudocyphellaria;Pseudocyphellaria_argyracea	underclassification	2
F1-REF	6	2	rdp	1.0	AF362052	Root;Ascomycota;Dothideomycetes	Root;Ascomycota;Dothideomycetes;Capnodiales;Mycosphaerellaceae;Mycosphaerella;Mycosphaerella_brassicicola	underclassification	3
F1-REF	6	2	rdp	1.0	HM577230	Root;Ascomycota	Root;Ascomycota;Lecanoromycetes;Lecanorales;Lecanoraceae;Rhizoplaca;Rhizoplaca_subdiscrepans	underclassification	2
F1-REF	6	2	rdp	1.0	JN710587	Root	Root;Basidiomycota;Agaricomycetes;Polyporales;Steccherinaceae;Steccherinum;Steccherinum_litschaueri	underclassification	1
F1-REF	6	2	rdp	1.0	AF085492	Root;Basidiomycota;Agaricomycetes;Russulales;Peniophoraceae	Root;Basidiomycota;Agaricomycetes;Agaricales;Amanitaceae;Amanita;Amanita_tenuifolia	misclassification	3
F1-REF	6	2	rdp	1.0	AF163034	Root;Ascomycota;Sordariomycetes;Xylariales;Xylariaceae	Root;Ascomycota;Sordariomycetes;Xylariales;Xylariaceae;Xylaria;Xylaria_fioriana	underclassification	5
F1-REF	6	2	rdp	1.0	FJ810520	Root	Root;Basidiomycota;Agaricomycetes;Polyporales;Polyporaceae;Coriolopsis;Coriolopsis_byrsina	underclassification	1
F1-REF	6	2	rdp	1.0	UDB002178	Root;Basidiomycota;Agaricomycetes;Agaricales;Cortinariaceae	Root;Basidiomycota;Agaricomycetes;Agaricales;Cortinariaceae;Cortinarius;Cortinarius_renidens	underclassification	5
F1-REF	6	2	rdp	1.0	AF163031	Root;Ascomycota;Sordariomycetes;Xylariales;Xylariaceae	Root;Ascomycota;Sordariomycetes;Xylariales;Xylariaceae;Xylaria;Xylaria_cornu_damae	underclassification	5
F1-REF	6	2	rdp	1.0	AY740049	Root;Basidiomycota	Root;Basidiomycota;Ustilaginomycetes;Ustilaginales;Ustilaginaceae;Sporisorium;Sporisorium_erythraeense	underclassification	2
F1-REF	6	2	rdp	1.0	AY174089	Root	Root;Ascomycota;Saccharomycetes;Saccharomycetales;Metschnikowiaceae;Clavispora;Clavispora_lusitaniae	underclassification	1
F1-REF	6	2	rdp	1.0	FJ810142	Root;Basidiomycota;Agaricomycetes;Agaricales;Lyophyllaceae;Lyophyllum;Lyophyllum_fumosum	Root;Basidiomycota;Agaricomycetes;Agaricales;Tricholomataceae;Lepista;Lepista_irina	misclassification	4
F1-REF	6	2	rdp	1.0	UDB011873	Root;Basidiomycota	Root;Basidiomycota;Agaricomycetes;Thelephorales;Thelephoraceae;Tomentella;Tomentella_radiosa	underclassification	2
F1-REF	6	2	rdp	1.0	AY533559	Root;Ascomycota;Dothideomycetes;Pleosporales;Pleosporaceae	Root;Ascomycota;Dothideomycetes;Pleosporales;Pleosporaceae;Bipolaris;Bipolaris_spicifera	underclassification	5
F1-REF	6	2	rdp	1.0	AY194536	Root;Basidiomycota;Agaricomycetes	Root;Basidiomycota;Agaricomycetes;Agaricales;Bolbitiaceae;Agrocybe;Agrocybe_pediades	underclassification	3
F1-REF	6	2	rdp	1.0	EU597082	Root;Basidiomycota	Root;Basidiomycota;Agaricomycetes;Russulales;Russulaceae;Russula;Russula_crassotunicata	underclassification	2
F1-REF	6	2	rdp	1.0	UDB011109	Root;Basidiomycota;Agaricomycetes;Russulales;Russulaceae;Russula	Root;Basidiomycota;Agaricomycetes;Russulales;Russulaceae;Russula;Russula_atroglauca	match	6
F1-REF	6	2	rdp	1.0	AF444558	Root	Root;Basidiomycota;Agaricostilbomycetes;Agaricostilbales;Agaricostilbaceae;Bensingtonia;Bensingtonia_naganoensis	underclassification	1
F1-REF	6	2	rdp	1.0	DQ534457	Root	Root;Ascomycota;Lecanoromycetes;Rhizocarpales;Catillariaceae;Catillaria;Catillaria_corymbosa	underclassification	1
F1-REF	6	2	rdp	1.0	DQ534455	Root;Ascomycota;Lecanoromycetes;Teloschistales;Teloschistaceae;Caloplaca;Caloplaca_regalis	Root;Ascomycota;Lecanoromycetes;Teloschistales;Teloschistaceae;Caloplaca;Caloplaca_sublobulata	overclassification	6
F1-REF	6	2	rdp	1.0	AY513224	Root;Basidiomycota;Agaricomycetes	Root;Basidiomycota;Agaricomycetes;Russulales;Auriscalpiaceae;Lentinellus;Lentinellus_subargillaceus	underclassification	3
F1-REF	6	2	rdp	1.0	AM279464	Root;Ascomycota;Saccharomycetes;Saccharomycetales;Saccharomycetaceae;Zygosaccharomyces;Zygosaccharomyces_rouxii	Root;Ascomycota;Saccharomycetes;Saccharomycetales;Saccharomycetaceae;Zygosaccharomyces;Zygosaccharomyces_pseudorouxii	overclassification	6
F1-REF	6	2	rdp	1.0	FJ647181	Root;Ascomycota;Dothideomycetes;Botryosphaeriales;Botryosphaeriaceae	Root;Ascomycota;Dothideomycetes;Botryosphaeriales;Botryosphaeriaceae;Botryosphaeria;Lasiodiplodia_theobromae	underclassification	5
F1-REF	6	2	rdp	1.0	DQ367914	Root;Basidiomycota;Agaricomycetes;Russulales;Russulaceae;Russula	Root;Basidiomycota;Agaricomycetes;Russulales;Russulaceae;Russula;Russula_fragilis_var_fragilis	match	6
F1-REF	6	2	rdp	1.0	DQ367917	Root;Basidiomycota;Agaricomycetes;Boletales;Suillaceae;Suillus	Root;Basidiomycota;Agaricomycetes;Boletales;Suillaceae;Suillus;Suillus_lakei	match	6
F1-REF	6	2	rdp	1.0	HQ888723	Root	Root;Blastocladiomycota;Blastocladiomycetes;Blastocladiales;Blastocladiaceae;Allomyces;Allomyces_macrogynus	underclassification	1
F1-REF	6	2	rdp	1.0	HQ888724	Root;Blastocladiomycota;Blastocladiomycetes;Blastocladiales;Blastocladiaceae;Allomyces;Allomyces_javanicus	Root;Blastocladiomycota;Blastocladiomycetes;Blastocladiales;Blastocladiaceae;Allomyces;Allomyces_arbuscula	overclassification	6
F1-REF	6	2	rdp	1.0	HQ644197	Root	Root;Ascomycota;Lecanoromycetes;Teloschistales;Teloschistaceae;Caloplaca;Caloplaca_stantonii	underclassification	1
F1-REF	6	2	rdp	1.0	AB017659	Root	Root;Ascomycota;Sordariomycetes;Xylariales;Xylariaceae;Rosellinia;Rosellinia_pepo	underclassification	1
F1-REF	6	2	rdp	1.0	FJ809864	Root	Root;Ascomycota;Pezizomycetes;Pezizales;Tuberaceae;Tuber;Tuber_gibbosum	underclassification	1
F1-REF	6	2	rdp	1.0	U04207	Root	Root;Ascomycota;Dothideomycetes;Pleosporales;Leptosphaeriaceae;Leptosphaeria;Leptosphaeria_doliolum	underclassification	1
F1-REF	6	2	rdp	1.0	GU188434	Root;Basidiomycota;Agaricomycetes;Boletales;Suillaceae;Suillus	Root;Basidiomycota;Agaricomycetes;Boletales;Suillaceae;Suillus;Suillus_intermedius	match	6
F1-REF	6	2	rdp	1.0	FJ477044	Root	Root;Ascomycota;Orbiliomycetes;Orbiliales;Orbiliaceae;Dactylella;Dactylella_alba	underclassification	1
F1-REF	6	2	rdp	1.0	UDB000733	Root;Basidiomycota;Agaricomycetes;Agaricales;Cortinariaceae;Cortinarius	Root;Basidiomycota;Agaricomycetes;Agaricales;Cortinariaceae;Cortinarius;Cortinarius_varius	match	6
F1-REF	6	2	rdp	1.0	FJ809889	Root	Root;Ascomycota;Pezizomycetes;Pezizales;Tuberaceae;Tuber;Tuber_malacodermum	underclassification	1
F1-REF	6	2	rdp	1.0	HM853977	Root	Root;Ascomycota;Dothideomycetes;Pleosporales;Lophiostomataceae;Herpotrichia;Herpotrichia_juniperi	underclassification	1
F1-REF	6	2	rdp	1.0	JF680900	Root;Basidiomycota;Tremellomycetes	Root;Basidiomycota;Tremellomycetes;Filobasidiales;Filobasidiaceae;Cryptococcus;Cryptococcus_cyanovorans	underclassification	3
F1-REF	6	2	rdp	1.0	DQ827707	Root;Basidiomycota;Exobasidiomycetes;Tilletiales;Tilletiaceae;Tilletia	Root;Basidiomycota;Exobasidiomycetes;Tilletiales;Tilletiaceae;Tilletia;Tilletia_horrida	match	6
F1-REF	6	2	rdp	1.0	AF309617	Root;Ascomycota;Dothideomycetes;Capnodiales;Mycosphaerellaceae;Phaeoramularia;Phaeoramularia_saururi	Root;Ascomycota;Dothideomycetes;Capnodiales;Mycosphaerellaceae;Passalora;Passalora_eucalypti	misclassification	5
F1-REF	6	2	rdp	1.0	EU142933	Root	Root;Ascomycota;Lecanoromycetes;Peltigerales;Coccocarpiaceae;Coccocarpia;Coccocarpia_palmicola	underclassification	1
F1-REF	6	2	rdp	1.0	EU039965	Root;Ascomycota	Root;Ascomycota;Sordariomycetes;Diaporthales;Melanconidaceae;Prosthecium;Prosthecium_ellipsosporum	underclassification	2
F1-REF	6	2	rdp	1.0	HQ533010	Root;Basidiomycota;Agaricomycetes;Agaricales	Root;Basidiomycota;Agaricomycetes;Agaricales;Cortinariaceae;Flammulaster;Flammulaster_pulveraceus	underclassification	4
F1-REF	6	2	rdp	1.0	JF834344	Root;Basidiomycota;Agaricomycetes;Russulales;Russulaceae;Russula	Root;Basidiomycota;Agaricomycetes;Russulales;Russulaceae;Russula;Russula_punicea	match	6
F1-REF	6	2	rdp	1.0	HQ533014	Root	Root;Basidiomycota;Agaricomycetes;Agaricales;Marasmiaceae;Marasmiellus;Marasmiellus_violaceogriseus	underclassification	1
F1-REF	6	2	rdp	1.0	GU227706	Root;Basidiomycota;Agaricomycetes;Agaricales;Psathyrellaceae	Root;Basidiomycota;Agaricomycetes;Agaricales;Psathyrellaceae;Coprinellus;Coprinellus_marculentus	underclassification	5
F1-REF	6	2	rdp	1.0	DQ337307	Root;Ascomycota;Lecanoromycetes;Teloschistales;Physciaceae;Heterodermia;Heterodermia_obscurata	Root;Ascomycota;Lecanoromycetes;Teloschistales;Physciaceae;Heterodermia;Heterodermia_flabellata	overclassification	6
F1-REF	6	2	rdp	1.0	HQ533018	Root	Root;Basidiomycota;Agaricomycetes;Hymenochaetales;Hymenochaetaceae;Hymenochaete;Hymenochaete_cinnamomea	underclassification	1
F1-REF	6	2	rdp	1.0	DQ836786	Root	Root;Ascomycota;Dothideomycetes;Pleosporales;Leptosphaeriaceae;Leptosphaeria;Leptosphaeria_senegalensis	underclassification	1
F1-REF	6	2	rdp	1.0	AY956557	Root;Basidiomycota;Pucciniomycetes;Pucciniales;Pucciniaceae;Puccinia	Root;Basidiomycota;Pucciniomycetes;Pucciniales;Pucciniaceae;Puccinia;Puccinia_taeniatheri	match	6
F1-REF	6	2	rdp	1.0	JN102546	Root;Basidiomycota;Agaricomycetes;Agaricales;Cortinariaceae;Phaeocollybia	Root;Basidiomycota;Agaricomycetes;Agaricales;Cortinariaceae;Phaeocollybia;Phaeocollybia_redheadii	match	6
F1-REF	6	2	rdp	1.0	UDB001514	Root;Basidiomycota;Agaricomycetes;Agaricales;Amanitaceae;Amanita	Root;Basidiomycota;Agaricomycetes;Agaricales;Amanitaceae;Amanita;Amanita_magnivolvata	match	6
F1-REF	6	2	rdp	1.0	AY212987	Root;Basidiomycota;Microbotryomycetes;Leucosporidiales;Leucosporidiaceae;Leucosporidiella;Leucosporidiella_fragaria	Root;Basidiomycota;Microbotryomycetes;Leucosporidiales;Leucosporidiaceae;Leucosporidium;Leucosporidium_golubevii	misclassification	5
F1-REF	6	2	rdp	1.0	AF482831	Root;Basidiomycota;Agaricomycetes;Agaricales;Agaricaceae;Agaricus	Root;Basidiomycota;Agaricomycetes;Agaricales;Agaricaceae;Agaricus;Agaricus_diminutivus	match	6
F1-REF	6	2	rdp	1.0	AF454430	Root	Root;Basidiomycota;Agaricomycetes;Russulales;Auriscalpiaceae;Auriscalpium;Auriscalpium_vulgare	underclassification	1
F1-REF	6	2	rdp	1.0	FJ380871	Root	Root;Basidiomycota;Agaricomycetes;Polyporales;Polyporaceae;Lignosus;Lignosus_rhinocerus	underclassification	1
F1-REF	6	2	rdp	1.0	DQ521585	Root;Basidiomycota;Pucciniomycetes;Pucciniales	Root;Basidiomycota;Pucciniomycetes;Pucciniales;Pucciniaceae;Uromyces;Uromyces_pisi_sativi	underclassification	4
F1-REF	6	2	rdp	1.0	AF357037	Root;Basidiomycota;Agaricomycetes;Agaricales	Root;Basidiomycota;Agaricomycetes;Agaricales;Lyophyllaceae;Asterophora;Asterophora_lycoperdoides	underclassification	4
F1-REF	6	2	rdp	1.0	EF104232	Root;Ascomycota;Dothideomycetes;Pleosporales;Leptosphaeriaceae;Leptosphaeria	Root;Ascomycota;Dothideomycetes;Pleosporales;Leptosphaeriaceae;Leptosphaeria;Leptosphaeria_biglobosa	match	6
F1-REF	6	2	rdp	1.0	AF357032	Root	Root;Basidiomycota;Agaricomycetes;Agaricales;Lyophyllaceae;Lyophyllum;Lyophyllum_leucophaeatum	underclassification	1
F1-REF	6	2	rdp	1.0	EU035449	Root;Ascomycota	Root;Ascomycota;Dothideomycetes;Pleosporales;Venturiaceae;Venturia;Venturia_atriseda	underclassification	2
F1-REF	6	2	rdp	1.0	EU448278	Root;Ascomycota;Eurotiomycetes;Eurotiales;Trichocomaceae;Emericella;Emericella_variecolor	Root;Ascomycota;Eurotiomycetes;Eurotiales;Trichocomaceae;Emericella;Emericella_filifera	overclassification	6
F1-REF	6	2	rdp	1.0	EU259900	Root;Ascomycota;Lecanoromycetes;Lecideales	Root;Ascomycota;Lecanoromycetes;Lecideales;Lecideaceae;Lecidea;Lecidea_fuscoatrina	underclassification	4
F1-REF	6	2	rdp	1.0	EU448275	Root;Ascomycota;Eurotiomycetes;Eurotiales;Trichocomaceae	Root;Ascomycota;Eurotiomycetes;Eurotiales;Trichocomaceae;Emericella;Emericella_undulata	underclassification	5
F1-REF	6	2	rdp	1.0	AB015685	Root	Root;Basidiomycota;Agaricomycetes;Agaricales;Amanitaceae;Amanita;Amanita_abrupta	underclassification	1
F1-REF	6	2	rdp	1.0	GU327540	Root	Root;Basidiomycota;Tremellomycetes;Tremellales;Sirobasidiaceae;Fibulobasidium;Fibulobasidium_murrhardtense	underclassification	1
F1-REF	6	2	rdp	1.0	FM993279	Root;Basidiomycota;Agaricomycetes;Russulales;Russulaceae;Russula	Root;Basidiomycota;Agaricomycetes;Russulales;Russulaceae;Russula;Russula_pumila	match	6
F1-REF	6	2	rdp	1.0	EF411225	Root;Ascomycota;Sordariomycetes;Hypocreales;Cordycipitaceae;Isaria	Root;Ascomycota;Sordariomycetes;Hypocreales;Cordycipitaceae;Isaria;Isaria_tenuipes	match	6
F1-REF	6	2	rdp	1.0	EU255033	Root;Ascomycota;Sordariomycetes;Diaporthales	Root;Ascomycota;Sordariomycetes;Diaporthales;Gnomoniaceae;Apiognomonia;Apiognomonia_hystrix	underclassification	4
F1-REF	6	2	rdp	1.0	HM131365	Root	Root;Basidiomycota;Pucciniomycetes;Pucciniales;Pucciniaceae;Uromyces;Uromyces_coronatus	underclassification	1
F1-REF	6	2	rdp	1.0	AY154932	Root;Ascomycota;Sordariomycetes;Hypocreales;Hypocreaceae	Root;Ascomycota;Sordariomycetes;Hypocreales;Hypocreaceae;Trichoderma;Trichoderma_tomentosum	underclassification	5
F1-REF	6	2	rdp	1.0	AB115737	Root;Basidiomycota;Pucciniomycetes;Pucciniales;Pucciniaceae	Root;Basidiomycota;Pucciniomycetes;Pucciniales;Pucciniaceae;Uromyces;Uromyces_minor	underclassification	5
F1-REF	6	2	rdp	1.0	DQ396899	Root;Ascomycota;Lecanoromycetes;Lecanorales;Stereocaulaceae;Stereocaulon;Stereocaulon_vesuvianum	Root;Ascomycota;Lecanoromycetes;Lecanorales;Stereocaulaceae;Stereocaulon;Stereocaulon_verruciferum	overclassification	6
F1-REF	6	2	rdp	1.0	GQ344599	Root;Ascomycota;Eurotiomycetes;Verrucariales;Verrucariaceae;Catapyrenium	Root;Ascomycota;Eurotiomycetes;Verrucariales;Verrucariaceae;Catapyrenium;Catapyrenium_cinereum	match	6
F1-REF	6	2	rdp	1.0	AF097903	Root;Ascomycota;Lecanoromycetes	Root;Ascomycota;Lecanoromycetes;Lecanorales;Parmeliaceae;Platismatia;Platismatia_tuckermanii	underclassification	3
F1-REF	6	2	rdp	1.0	DQ396893	Root;Ascomycota;Lecanoromycetes;Lecanorales;Stereocaulaceae;Stereocaulon	Root;Ascomycota;Lecanoromycetes;Lecanorales;Stereocaulaceae;Stereocaulon;Stereocaulon_alpestre	match	6
F1-REF	6	2	rdp	1.0	FJ415314	Root;Ascomycota;Lecanoromycetes;Teloschistales;Teloschistaceae;Caloplaca;Caloplaca_polycarpa	Root;Ascomycota;Lecanoromycetes;Teloschistales;Teloschistaceae;Caloplaca;Caloplaca_oasis	overclassification	6
F1-REF	6	2	rdp	1.0	EU681330	Root;Ascomycota;Lecanoromycetes	Root;Ascomycota;Lecanoromycetes;Teloschistales;Teloschistaceae;Xanthoria;Xanthoria_papillifera	underclassification	3
F1-REF	6	2	rdp	1.0	GQ165627	Root;Basidiomycota;Agaricomycetes;Agaricales;Cortinariaceae;Phaeocollybia	Root;Basidiomycota;Agaricomycetes;Agaricales;Cortinariaceae;Phaeocollybia;Phaeocollybia_ammiratii	match	6
F1-REF	6	2	rdp	1.0	AY260093	Root;Ascomycota	Root;Ascomycota;Dothideomycetes;Capnodiales;Teratosphaeriaceae;Catenulostroma;Catenulostroma_elginense	underclassification	2
F1-REF	6	2	rdp	1.0	DQ066402	Root;Basidiomycota;Agaricomycetes;Boletales	Root;Basidiomycota;Agaricomycetes;Boletales;Boletaceae;Boletus;Xerocomus_ferrugineus	underclassification	4
F1-REF	6	2	rdp	1.0	JF907763	Root	Root;Basidiomycota;Agaricomycetes;Agaricales;Amanitaceae;Amanita;Amanita_eliae	underclassification	1
F1-REF	6	2	rdp	1.0	U21829	Root	Root;Ascomycota;Leotiomycetes;Helotiales;Sclerotiniaceae;Ciboria;Ciboria_caucus	underclassification	1
F1-REF	6	2	rdp	1.0	GQ142012	Root;Basidiomycota;Agaricomycetes;Russulales;Auriscalpiaceae;Lentinellus	Root;Basidiomycota;Agaricomycetes;Russulales;Auriscalpiaceae;Lentinellus;Lentinellus_flabelliformis	match	6
F1-REF	6	2	rdp	1.0	AF506446	Root;Basidiomycota	Root;Basidiomycota;Agaricomycetes;Russulales;Bondarzewiaceae;Gloeodontia;Gloeodontia_pyramidata	underclassification	2
F1-REF	6	2	rdp	1.0	EU655664	Root;Basidiomycota;Agaricomycetes;Agaricales;Cortinariaceae;Cortinarius	Root;Basidiomycota;Agaricomycetes;Agaricales;Cortinariaceae;Cortinarius;Cortinarius_molochinus	match	6
F1-REF	6	2	rdp	1.0	AY189699	Root	Root;Basidiomycota;Agaricomycetes;Hymenochaetales;Hymenochaetaceae;Phellinus;Phellinus_bicuspidatus	underclassification	1
F1-REF	6	2	rdp	1.0	FM878008	Root;Basidiomycota;Agaricomycetes;Agaricales;Psathyrellaceae;Coprinellus	Root;Basidiomycota;Agaricomycetes;Agaricales;Psathyrellaceae;Coprinellus;Coprinellus_xanthothrix	match	6
F1-REF	6	2	rdp	1.0	GQ253454	Root;Basidiomycota;Agaricomycetes;Hymenochaetales;Hymenochaetaceae;Inocutis;Inocutis_dryophilus	Root;Basidiomycota;Agaricomycetes;Hymenochaetales;Hymenochaetaceae;Inonotus;Inocutis_rheades	misclassification	5
F1-REF	6	2	rdp	1.0	HQ698149	Root;Ascomycota;Pezizomycetes;Pezizales;Pezizaceae;Terfezia	Root;Ascomycota;Pezizomycetes;Pezizales;Pezizaceae;Terfezia;Terfezia_aff_olbiensis_TLO_1	match	6
F1-REF	6	2	rdp	1.0	GQ253456	Root;Basidiomycota;Agaricomycetes;Hymenochaetales;Hymenochaetaceae;Phellinus	Root;Basidiomycota;Agaricomycetes;Hymenochaetales;Hymenochaetaceae;Phellinus;Phellinus_igniarius	match	6
F1-REF	6	2	rdp	1.0	AY061704	Root;Basidiomycota;Agaricomycetes;Russulales;Russulaceae	Root;Basidiomycota;Agaricomycetes;Russulales;Russulaceae;Russula;Russula_parazurea	underclassification	5
F1-REF	6	2	rdp	1.0	AF432881	Root;Basidiomycota;Agaricomycetes;Agaricales;Agaricaceae;Agaricus	Root;Basidiomycota;Agaricomycetes;Agaricales;Agaricaceae;Agaricus;Agaricus_gennadii	match	6
F1-REF	6	2	rdp	1.0	AY061706	Root;Basidiomycota;Agaricomycetes;Russulales;Russulaceae;Russula	Root;Basidiomycota;Agaricomycetes;Russulales;Russulaceae;Russula;Russula_pectinata	match	6
F1-REF	6	2	rdp	1.0	GU138727	Root;Ascomycota	Root;Ascomycota;Leotiomycetes;Rhytismatales;Rhytismataceae;Coccomyces;Coccomyces_leptideus	underclassification	2
F1-REF	6	2	rdp	1.0	AY667425	Root;Basidiomycota;Agaricomycetes;Russulales;Russulaceae	Root;Basidiomycota;Agaricomycetes;Russulales;Russulaceae;Russula;Russula_puiggarii	underclassification	5
F1-REF	6	2	rdp	1.0	JF908299	Root;Basidiomycota;Agaricomycetes;Russulales;Russulaceae;Lactarius	Root;Basidiomycota;Agaricomycetes;Russulales;Russulaceae;Lactarius;Lactarius_aurantiacus	match	6
F1-REF	6	2	rdp	1.0	AF053976	Root	Root;Basidiomycota;Agaricomycetes;Hymenochaetales;Hymenochaetaceae;Phellinus;Porodaedalea_chrysoloma	underclassification	1
F1-REF	6	2	rdp	1.0	GU233332	Root;Basidiomycota;Agaricomycetes;Agaricales	Root;Basidiomycota;Agaricomycetes;Agaricales;Cortinariaceae;Cortinarius;Cortinarius_castaneiceps	underclassification	4
F1-REF	6	2	rdp	1.0	GU233333	Root;Basidiomycota;Agaricomycetes;Agaricales;Cortinariaceae	Root;Basidiomycota;Agaricomycetes;Agaricales;Cortinariaceae;Cortinarius;Cortinarius_aegrotus	underclassification	5
F1-REF	6	2	rdp	1.0	AJ486966	Root;Basidiomycota;Agaricomycetes;Agaricales	Root;Basidiomycota;Agaricomycetes;Agaricales;Lycoperdaceae;Calvatia;Calvatia_chilensis	underclassification	4
F1-REF	6	2	rdp	1.0	DQ860789	Root	Root;Ascomycota;Eurotiomycetes;Onygenales;Arthrodermataceae;Microsporum;Microsporum_gallinae	underclassification	1
F1-REF	6	2	rdp	1.0	AY344980	Root;Basidiomycota	Root;Basidiomycota;Ustilaginomycetes;Ustilaginales;Ustilaginaceae;Sporisorium;Sporisorium_holwayi	underclassification	2
F1-REF	6	2	rdp	1.0	AY176392	Root;Basidiomycota;Agaricomycetes;Agaricales;Agaricaceae;Lepiota;Lepiota_aff_pseudohelveola_Trudell_SAT09_217_16	Root;Basidiomycota;Agaricomycetes;Agaricales;Agaricaceae;Lepiota;Lepiota_pseudolilacea	overclassification	6
F1-REF	6	2	rdp	1.0	DQ658163	Root	Root;Basidiomycota;Agaricomycetes;Polyporales;Hyphodermataceae;Hypochnicium;Hypochnicium_cystidiatum	underclassification	1
F1-REF	6	2	rdp	1.0	FJ478119	Root;Basidiomycota;Agaricomycetes;Agaricales;Bolbitiaceae;Panaeolus	Root;Basidiomycota;Agaricomycetes;Agaricales;Bolbitiaceae;Panaeolus;Panaeolus_retirugis	match	6
F1-REF	6	2	rdp	1.0	AY061679	Root;Basidiomycota;Agaricomycetes;Russulales;Russulaceae;Russula;Russula_ionochlora	Root;Basidiomycota;Agaricomycetes;Russulales;Russulaceae;Russula;Russula_grisea	overclassification	6
F1-REF	6	2	rdp	1.0	AJ309350	Root;Ascomycota;Sordariomycetes;Xylariales;Xylariaceae	Root;Ascomycota;Sordariomycetes;Xylariales;Xylariaceae;Xylaria;Xylaria_hypoxylon	underclassification	5
F1-REF	6	2	rdp	1.0	FJ478115	Root;Basidiomycota;Agaricomycetes;Agaricales;Psathyrellaceae;Coprinellus	Root;Basidiomycota;Agaricomycetes;Agaricales;Psathyrellaceae;Coprinopsis;Coprinopsis_atramentaria	misclassification	5
F1-REF	6	2	rdp	1.0	EU301087	Root;Ascomycota	Root;Ascomycota;Dothideomycetes;Capnodiales;Mycosphaerellaceae;Mycosphaerella;Mycosphaerella_verrucosiafricana	underclassification	2
F1-REF	6	2	rdp	1.0	JN214483	Root	Root;Basidiomycota;Agaricomycetes;Agaricales;Clavariaceae;Clavaria;Clavaria_fumosa	underclassification	1
F1-REF	6	2	rdp	1.0	AY243589	Root;Basidiomycota;Agaricomycetes;Agaricales	Root;Basidiomycota;Agaricomycetes;Agaricales;Agaricaceae;Macrolepiota;Macrolepiota_procera	underclassification	4
F1-REF	6	2	rdp	1.0	HQ270121	Root	Root;Basidiomycota;Agaricomycetes;Cantharellales;Cantharellaceae;Cantharellus;Cantharellus_lateritius	underclassification	1
F1-REF	6	2	rdp	1.0	DQ243789	Root;Ascomycota;Sordariomycetes;Diaporthales;Valsaceae	Root;Ascomycota;Sordariomycetes;Diaporthales;Valsaceae;Valsa;Valsa_cypri	underclassification	5
F1-REF	6	2	rdp	1.0	AY971818	Root;Basidiomycota;Agaricomycetes;Boletales;Rhizopogonaceae;Rhizopogon	Root;Basidiomycota;Agaricomycetes;Boletales;Rhizopogonaceae;Rhizopogon;Rhizopogon_brunsii	match	6
F1-REF	6	2	rdp	1.0	GU350628	Root	Root;Basidiomycota;Agaricomycetes;Agaricales;Pleurotaceae;Pleurotus;Pleurotus_djamor_var_roseus	underclassification	1
F1-REF	6	2	rdp	1.0	JN943387	Root;Ascomycota;Sordariomycetes;Microascales;Halosphaeriaceae;Corollospora;Corollospora_portsaidica	Root;Ascomycota;Sordariomycetes;Microascales;Halosphaeriaceae;Corollospora;Corollospora_maritima	overclassification	6
F1-REF	6	2	rdp	1.0	JF908362	Root;Basidiomycota;Agaricomycetes;Agaricales	Root;Basidiomycota;Agaricomycetes;Agaricales;Tricholomataceae;Melanoleuca;Melanoleuca_phaeopodia	underclassification	4
F1-REF	6	2	rdp	1.0	AF274083	Root	Root;Ascomycota;Lecanoromycetes;Agyriales;Agyriaceae;Placopsis;Placopsis_subparellina	underclassification	1
F1-REF	6	2	rdp	1.0	AY916455	Root	Root;Ascomycota;Dothideomycetes;Pleosporales;Tubeufiaceae;Helicoma;Helicoma_dennisii	underclassification	1
F1-REF	6	2	rdp	1.0	AY916454	Root;Ascomycota;Dothideomycetes;Pleosporales;Tubeufiaceae;Tubeufia	Root;Ascomycota;Dothideomycetes;Pleosporales;Tubeufiaceae;Helicosporium;Helicosporium_linderi	misclassification	5
F1-REF	6	2	rdp	1.0	HQ845161	Root;Basidiomycota;Agaricomycetes;Agaricales;Cortinariaceae	Root;Basidiomycota;Agaricomycetes;Agaricales;Cortinariaceae;Cortinarius;Cortinarius_vaccinochelis	underclassification	5
F1-REF	6	2	rdp	1.0	AJ247535	Root	Root;Ascomycota;Lecanoromycetes;Lecanorales;Ramalinaceae;Biatora;Biatora_hertelii	underclassification	1
F1-REF	6	2	rdp	1.0	AB026144	Root;Ascomycota;Leotiomycetes;Erysiphales;Erysiphaceae;Podosphaera	Root;Ascomycota;Leotiomycetes;Erysiphales;Erysiphaceae;Podosphaera;Podosphaera_fuliginea_var_sibirica	match	6
F1-REF	6	2	rdp	1.0	GQ267480	Root;Basidiomycota;Agaricomycetes	Root;Basidiomycota;Agaricomycetes;Thelephorales;Thelephoraceae;Pseudotomentella;Pseudotomentella_tristis	underclassification	3
F1-REF	6	2	rdp	1.0	FN396115	Root;Basidiomycota;Agaricomycetes;Agaricales	Root;Basidiomycota;Agaricomycetes;Agaricales;Psathyrellaceae;Coprinopsis;Coprinopsis_picacea	underclassification	4
F1-REF	6	2	rdp	1.0	EU145950	Root;Basidiomycota;Agaricomycetes;Agaricales	Root;Basidiomycota;Agaricomycetes;Agaricales;Marasmiaceae;Flammulina;Flammulina_cephalariae	underclassification	4
F1-REF	6	2	rdp	1.0	EF535657	Root;Ascomycota;Dothideomycetes;Capnodiales	Root;Ascomycota;Dothideomycetes;Capnodiales;Mycosphaerellaceae;Phaeoramularia;Phaeoramularia_weigelicola	underclassification	4
F1-REF	6	2	rdp	1.0	JF908165	Root;Basidiomycota;Agaricomycetes;Agaricales;Cortinariaceae;Inocybe;Inocybe_pseudoreducta	Root;Basidiomycota;Agaricomycetes;Agaricales;Cortinariaceae;Inocybe;Inocybe_splendens	overclassification	6
F1-REF	6	2	rdp	1.0	FJ379261	Root;Basidiomycota;Agaricomycetes	Root;Basidiomycota;Agaricomycetes;Polyporales;Polyporaceae;Lentinus;Lentinus_sajor_caju	underclassification	3
F1-REF	6	2	rdp	1.0	AJ889955	Root;Basidiomycota;Agaricomycetes;Agaricales	Root;Basidiomycota;Agaricomycetes;Agaricales;Cortinariaceae;Inocybe;Inocybe_napipes	underclassification	4
F1-REF	6	2	rdp	1.0	AF072237	Root;Ascomycota;Lecanoromycetes;Lecanorales	Root;Ascomycota;Lecanoromycetes;Lecanorales;Parmeliaceae;Tuckermannopsis;Tuckermannopsis_subalpina	underclassification	4
F1-REF	6	2	rdp	1.0	JN022507	Root	Root;Ascomycota;Pezizomycetes;Pezizales;Pyronemataceae;Genabea;Genabea_cerebriformis	underclassification	1
F1-REF	6	2	rdp	1.0	AB509501	Root;Basidiomycota;Agaricomycetes;Russulales;Stereaceae	Root;Basidiomycota;Agaricomycetes;Russulales;Stereaceae;Stereum;Stereum_aff_gausapatum_254_45	underclassification	5
F1-REF	6	2	rdp	1.0	FN550940	Root;Basidiomycota;Agaricomycetes;Agaricales	Root;Basidiomycota;Agaricomycetes;Agaricales;Cortinariaceae;Inocybe;Inocybe_fuscomarginata	underclassification	4
F1-REF	6	2	rdp	1.0	AJ508683	Root	Root;Ascomycota;Lecanoromycetes;Ostropales;Thelotremataceae;Ocellularia;Ocellularia_croceopora	underclassification	1
F1-REF	6	2	rdp	1.0	FJ357315	Root;Ascomycota;Dothideomycetes;Pleosporales;Pleosporaceae	Root;Ascomycota;Dothideomycetes;Pleosporales;Pleosporaceae;Embellisia;Embellisia_planifunda	underclassification	5
F1-REF	6	2	rdp	1.0	FJ375252	Root;Basidiomycota;Agaricomycetes;Agaricales;Pluteaceae;Pluteus;Pluteus_diverticulatus	Root;Basidiomycota;Agaricomycetes;Agaricales;Pluteaceae;Pluteus;Pluteus_thomsonii	overclassification	6
F1-REF	6	2	rdp	1.0	FJ375254	Root	Root;Basidiomycota;Agaricomycetes;Agaricales;Pluteaceae;Volvopluteus;Volvariella_gloiocephala	underclassification	1
F1-REF	6	2	rdp	1.0	FJ357312	Root;Ascomycota;Dothideomycetes;Pleosporales;Pleosporaceae	Root;Ascomycota;Dothideomycetes;Pleosporales;Pleosporaceae;Embellisia;Embellisia_didymospora	underclassification	5
F1-REF	6	2	rdp	1.0	EU045430	Root;Ascomycota;Lecanoromycetes	Root;Ascomycota;Lecanoromycetes;Teloschistales;Physciaceae;Heterodermia;Heterodermia_isidiophora	underclassification	3
F1-REF	6	2	rdp	1.0	DQ826550	Root	Root;Basidiomycota;Agaricomycetes;Polyporales;Meruliaceae;Resinicium;Resinicium_monticola	underclassification	1
F1-REF	6	2	rdp	1.0	EU683655	Root;Ascomycota;Dothideomycetes;Botryosphaeriales;Botryosphaeriaceae	Root;Ascomycota;Dothideomycetes;Botryosphaeriales;Botryosphaeriaceae;Endomelanconiopsis;Endomelanconiopsis_microspora	underclassification	5
F1-REF	6	2	rdp	1.0	DQ832333	Root	Root;Ascomycota;Lichinomycetes;Lichinales;Peltulaceae;Peltula;Peltula_umbilicata	underclassification	1
F1-REF	6	2	rdp	1.0	AY213675	Root;Ascomycota;Eurotiomycetes;Eurotiales;Trichocomaceae	Root;Ascomycota;Eurotiomycetes;Eurotiales;Trichocomaceae;Penicillium;Penicillium_ochrochloron	underclassification	5
F1-REF	6	2	rdp	1.0	DQ083817	Root;Basidiomycota;Agaricomycetes;Agaricales;Cortinariaceae;Cortinarius	Root;Basidiomycota;Agaricomycetes;Agaricales;Cortinariaceae;Cortinarius;Cortinarius_terpsichores	match	6
F1-REF	6	2	rdp	1.0	AY347340	Root;Ascomycota;Sordariomycetes;Diaporthales;Valsaceae	Root;Ascomycota;Sordariomycetes;Diaporthales;Valsaceae;Valsa;Valsa_eucalypti	underclassification	5
F1-REF	6	2	rdp	1.0	UDB011593	Root;Basidiomycota;Agaricomycetes;Agaricales	Root;Basidiomycota;Agaricomycetes;Agaricales;Tricholomataceae;Tricholoma;Tricholoma_virgatum	underclassification	4
F1-REF	6	2	rdp	1.0	AY645663	Root	Root;Ascomycota;Saccharomycetes;Saccharomycetales;Saccharomycetaceae;Tetrapisispora;Tetrapisispora_fleetii	underclassification	1
F1-REF	6	2	rdp	1.0	DQ979011	Root	Root;Basidiomycota;Agaricomycetes;Corticiales;Corticiaceae;Rhizoctonia;Rhizoctonia_fragariae	underclassification	1
F1-REF	6	2	rdp	1.0	DQ396789	Root	Root;Ascomycota;Sordariomycetes;Ophiostomatales;Ophiostomataceae;Ophiostoma;Ophiostoma_piliferum	underclassification	1
F1-REF	6	2	rdp	1.0	FJ717568	Root;Basidiomycota;Agaricomycetes;Agaricales;Cortinariaceae	Root;Basidiomycota;Agaricomycetes;Agaricales;Cortinariaceae;Cortinarius;Cortinarius_mutabilis	underclassification	5
F1-REF	6	2	rdp	1.0	JF907991	Root;Basidiomycota;Agaricomycetes;Agaricales	Root;Basidiomycota;Agaricomycetes;Agaricales;Marasmiaceae;Gymnopus;Collybia_hariolorum	underclassification	4
F1-REF	6	2	rdp	1.0	JF907993	Root;Basidiomycota;Agaricomycetes;Agaricales;Entolomataceae	Root;Basidiomycota;Agaricomycetes;Agaricales;Entolomataceae;Entoloma;Entoloma_turci	underclassification	5
F1-REF	6	2	rdp	1.0	JF907995	Root	Root;Basidiomycota;Agaricomycetes;Agaricales;Entolomataceae;Entoloma;Entoloma_chalybaeum	underclassification	1
F1-REF	6	2	rdp	1.0	JF907996	Root	Root;Basidiomycota;Agaricomycetes;Agaricales;Entolomataceae;Entoloma;Entoloma_excentricum	underclassification	1
F1-REF	6	2	rdp	1.0	AF392989	Root;Ascomycota;Dothideomycetes;Pleosporales;Pleosporaceae	Root;Ascomycota;Dothideomycetes;Pleosporales;Pleosporaceae;Embellisia;Embellisia_eureka	underclassification	5
F1-REF	6	2	rdp	1.0	GU258252	Root;Basidiomycota;Agaricomycetes;Russulales;Russulaceae;Lactarius	Root;Basidiomycota;Agaricomycetes;Russulales;Russulaceae;Lactarius;Lactarius_aff_gerardii_DStubbe07_390	match	6
F1-REF	6	2	rdp	1.0	AF548742	Root	Root;Ascomycota;Sordariomycetes;Diaporthales;Cryphonectriaceae;Cryphonectria;Cryphonectria_radicalis	underclassification	1
F1-REF	6	2	rdp	1.0	AJ292295	Root	Root;Basidiomycota;Agaricomycetes;Gomphales;Gomphaceae;Ramaria;Ramaria_flavosalmonicolor	underclassification	1
F1-REF	6	2	rdp	1.0	AY425668	Root	Root;Ascomycota;Lecanoromycetes;Lecanorales;Psoraceae;Protoblastenia;Protoblastenia_cyclospora	underclassification	1
F1-REF	6	2	rdp	1.0	DQ344510	Root;Basidiomycota;Pucciniomycetes;Pucciniales;Pucciniaceae;Puccinia	Root;Basidiomycota;Pucciniomycetes;Pucciniales;Pucciniaceae;Puccinia;Puccinia_andropogonis	match	6
F1-REF	6	2	rdp	1.0	U38278	Root;Ascomycota;Sordariomycetes;Hypocreales;Nectriaceae	Root;Ascomycota;Sordariomycetes;Hypocreales;Nectriaceae;Gibberella;Gibberella_pulicaris	underclassification	5
F1-REF	6	2	rdp	1.0	FJ467354	Root;Basidiomycota;Agaricomycetes;Agaricales;Marasmiaceae;Gymnopus;Gymnopus_dryophilus	Root;Basidiomycota;Agaricomycetes;Agaricales;Marasmiaceae;Gymnopus;Collybia_dryophila	overclassification	6
F1-REF	6	2	rdp	1.0	AB118872	Root	Root;Basidiomycota;Tremellomycetes;Tremellales;Tremellaceae;Bullera;Bullera_melastomae	underclassification	1
F1-REF	6	2	rdp	1.0	FJ596899	Root;Basidiomycota;Agaricomycetes;Agaricales;Tricholomataceae;Tricholoma	Root;Basidiomycota;Agaricomycetes;Agaricales;Tricholomataceae;Melanoleuca;Melanoleuca_subsejuncta	misclassification	5
F1-REF	6	2	rdp	1.0	AM882894	Root;Basidiomycota;Agaricomycetes;Agaricales	Root;Basidiomycota;Agaricomycetes;Agaricales;Cortinariaceae;Inocybe;Inocybe_fuscidula	underclassification	4
F1-REF	6	2	rdp	1.0	U66431	Root;Basidiomycota;Agaricomycetes;Agaricales;Tricholomataceae;Omphalina;Omphalina_rivulicola	Root;Basidiomycota;Agaricomycetes;Agaricales;Tricholomataceae;Clitocybe;Clitocybe_lateritia	misclassification	5
F1-REF	6	2	rdp	1.0	FJ428243	Root;Ascomycota;Eurotiomycetes;Onygenales;Arthrodermataceae;Arthroderma;Arthroderma_benhamiae	Root;Ascomycota;Eurotiomycetes;Onygenales;Arthrodermataceae;Arthroderma;Trichophyton_erinacei	overclassification	6
F1-REF	6	2	rdp	1.0	EU623685	Root;Basidiomycota;Agaricomycetes;Agaricales;Marasmiaceae	Root;Basidiomycota;Agaricomycetes;Agaricales;Marasmiaceae;Megacollybia;Megacollybia_marginata	underclassification	5
F1-REF	6	2	rdp	1.0	U66435	Root;Basidiomycota;Agaricomycetes;Agaricales;Hygrophoraceae;Hygrocybe;Hygrocybe_xanthochroa	Root;Basidiomycota;Agaricomycetes;Agaricales;Hygrophoraceae;Hygrocybe;Hygrocybe_citrinopallida	overclassification	6
F1-REF	6	2	rdp	1.0	U66436	Root;Basidiomycota;Agaricomycetes;Agaricales	Root;Basidiomycota;Agaricomycetes;Agaricales;Tricholomataceae;Omphalina;Phaeotellus_griseopallidus	underclassification	4
F1-REF	6	2	rdp	1.0	EU330951	Root;Ascomycota;Sordariomycetes;Hypocreales;Hypocreaceae;Gliocladium;Gliocladium_viride	Root;Ascomycota;Sordariomycetes;Hypocreales;Hypocreaceae;Hypocrea;Hypocrea_lutea	misclassification	5
F1-REF	6	2	rdp	1.0	AY313962	Root	Root;Ascomycota;Saccharomycetes;Saccharomycetales;Metschnikowiaceae;Metschnikowia;Metschnikowia_similis	underclassification	1
F1-REF	6	2	rdp	1.0	AY669578	Root;Basidiomycota;Agaricomycetes;Agaricales;Cortinariaceae	Root;Basidiomycota;Agaricomycetes;Agaricales;Cortinariaceae;Cortinarius;Cortinarius_violaceus	underclassification	5
F1-REF	6	2	rdp	1.0	AF079577	Root	Root;Basidiomycota;Agaricomycetes;Agaricales;Marasmiaceae;Lentinula;Lentinula_boryana	underclassification	1
F1-REF	6	2	rdp	1.0	JF491203	Root;Ascomycota;Dothideomycetes;Pleosporales;Pleosporaceae	Root;Ascomycota;Dothideomycetes;Pleosporales;Pleosporaceae;Alternaria;Alternaria_solani	underclassification	5
F1-REF	6	2	rdp	1.0	HQ428123	Root	Root;Ascomycota;Dothideomycetes;Pleosporales;Cucurbitariaceae;Curreya;Curreya_austroafricana	underclassification	1
F1-REF	6	2	rdp	1.0	GQ241277	Root;Ascomycota;Dothideomycetes	Root;Ascomycota;Dothideomycetes;Pleosporales;Pleosporaceae;Curvularia;Curvularia_trifolii	underclassification	3
F1-REF	6	2	rdp	1.0	AF362069	Root;Ascomycota;Dothideomycetes;Capnodiales;Mycosphaerellaceae;Cercospora	Root;Ascomycota;Dothideomycetes;Capnodiales;Mycosphaerellaceae;Cercospora;Cercospora_violae	match	6
F1-REF	6	2	rdp	1.0	GQ241279	Root;Ascomycota;Dothideomycetes;Pleosporales;Pleosporaceae;Setosphaeria;Setosphaeria_monoceras	Root;Ascomycota;Dothideomycetes;Pleosporales;Pleosporaceae;Exserohilum;Exserohilum_fusiforme	misclassification	5
F1-REF	6	2	rdp	1.0	AF362062	Root;Ascomycota;Dothideomycetes;Capnodiales;Mycosphaerellaceae	Root;Ascomycota;Dothideomycetes;Capnodiales;Mycosphaerellaceae;Mycosphaerella;Mycosphaerella_berberidis	underclassification	5
F1-REF	6	2	rdp	1.0	UDB011303	Root;Basidiomycota;Agaricomycetes;Russulales;Russulaceae	Root;Basidiomycota;Agaricomycetes;Russulales;Russulaceae;Russula;Russula_font-queri	underclassification	5
F1-REF	6	2	rdp	1.0	UDB011461	Root;Basidiomycota;Agaricomycetes;Agaricales	Root;Basidiomycota;Agaricomycetes;Agaricales;Cortinariaceae;Tubaria;Tubaria_conspersa	underclassification	4
F1-REF	6	2	rdp	1.0	AY251068	Root;Ascomycota	Root;Ascomycota;Dothideomycetes;Capnodiales;Teratosphaeriaceae;Devriesia;Devriesia_americana	underclassification	2
F1-REF	6	2	rdp	1.0	AJ237631	Root;Basidiomycota;Agaricomycetes;Agaricales	Root;Basidiomycota;Agaricomycetes;Agaricales;Lycoperdaceae;Bovista;Bovista_pusilla	underclassification	4
F1-REF	6	2	rdp	1.0	AJ302444	Root;Ascomycota;Sordariomycetes;Xylariales;Diatrypaceae	Root;Ascomycota;Sordariomycetes;Xylariales;Diatrypaceae;Diatrypella;Diatrypella_quercina	underclassification	5
F1-REF	6	2	rdp	1.0	AJ302442	Root;Ascomycota;Sordariomycetes;Xylariales;Diatrypaceae	Root;Ascomycota;Sordariomycetes;Xylariales;Diatrypaceae;Diatrype;Diatrype_prominens	underclassification	5
F1-REF	6	2	rdp	1.0	AM774155	Root;Ascomycota;Sordariomycetes;Microascales;Microascaceae	Root;Ascomycota;Sordariomycetes;Microascales;Microascaceae;Wardomyces;Wardomyces_inflatus	underclassification	5
F1-REF	6	2	rdp	1.0	EU240004	Root;Basidiomycota;Tremellomycetes;Tremellales;Tremellaceae	Root;Basidiomycota;Tremellomycetes;Tremellales;Tremellaceae;Filobasidiella;Filobasidiella_neoformans	underclassification	5
F1-REF	6	2	rdp	1.0	FJ596815	Root;Basidiomycota;Agaricomycetes;Agaricales	Root;Basidiomycota;Agaricomycetes;Agaricales;Tricholomataceae;Infundibulicybe;Infundibulicybe_gibba	underclassification	4
F1-REF	6	2	rdp	1.0	AY943045	Root;Ascomycota;Dothideomycetes;Pleosporales;Sporormiaceae	Root;Ascomycota;Dothideomycetes;Pleosporales;Sporormiaceae;Westerdykella;Westerdykella_ornata	underclassification	5
F1-REF	6	2	rdp	1.0	EU784320	Root	Root;Basidiomycota;Agaricomycetes;Agaricales;Hygrophoraceae;Hygrocybe;Hygrocybe_insipida	underclassification	1
F1-REF	6	2	rdp	1.0	AF444565	Root;Basidiomycota	Root;Basidiomycota;Agaricostilbomycetes;Agaricostilbales;Agaricostilbaceae;Bensingtonia;Bensingtonia_subrosea	underclassification	2
F1-REF	6	2	rdp	1.0	AB125954	Root;Basidiomycota	Root;Basidiomycota;Pucciniomycetes;Pucciniales;Pucciniaceae;Puccinia;Puccinia_convolvuli	underclassification	2
F1-REF	6	2	rdp	1.0	JF311952	Root;Ascomycota;Sordariomycetes;Hypocreales	Root;Ascomycota;Sordariomycetes;Hypocreales;Bionectriaceae;Clonostachys;Clonostachys_phyllophila	underclassification	4
F1-REF	6	2	rdp	1.0	U59326	Root;Basidiomycota;Agaricomycetes	Root;Basidiomycota;Agaricomycetes;Agaricales;Pleurotaceae;Pleurotus;Pleurotus_abieticola	underclassification	3
F1-REF	6	2	rdp	1.0	AF111064	Root;Ascomycota;Sordariomycetes;Hypocreales;Nectriaceae	Root;Ascomycota;Sordariomycetes;Hypocreales;Nectriaceae;Gibberella;Fusarium_heterosporum	underclassification	5
F1-REF	6	2	rdp	1.0	AB509863	Root	Root;Basidiomycota;Agaricomycetes;Agaricales;Entolomataceae;Entoloma;Entoloma_virescens	underclassification	1
F1-REF	6	2	rdp	1.0	AB454325	Root;Ascomycota;Dothideomycetes	Root;Ascomycota;Dothideomycetes;Botryosphaeriales;Botryosphaeriaceae;Phyllosticta;Phyllosticta_hamamelidis	underclassification	3
F1-REF	6	2	rdp	1.0	UDB011680	Root;Basidiomycota;Agaricomycetes;Agaricales;Entolomataceae;Entoloma	Root;Basidiomycota;Agaricomycetes;Agaricales;Entolomataceae;Entoloma;Entoloma_catalaunicum	match	6
F1-REF	6	2	rdp	1.0	FJ596810	Root;Basidiomycota;Agaricomycetes	Root;Basidiomycota;Agaricomycetes;Agaricales;Bolbitiaceae;Agrocybe;Agrocybe_erebia	underclassification	3
F1-REF	6	2	rdp	1.0	UDB011512	Root;Basidiomycota;Agaricomycetes;Agaricales;Hydnangiaceae;Laccaria	Root;Basidiomycota;Agaricomycetes;Agaricales;Hydnangiaceae;Laccaria;Laccaria_amethystea	match	6
F1-REF	6	2	rdp	1.0	AF325665	Root;Basidiomycota;Agaricomycetes	Root;Basidiomycota;Agaricomycetes;Agaricales;Cortinariaceae;Inocybe;Inocybe_calospora	underclassification	3
F1-REF	6	2	rdp	1.0	AF325666	Root;Basidiomycota;Agaricomycetes;Agaricales;Tricholomataceae;Callistosporium;Callistosporium_xanthophyllum	Root;Basidiomycota;Agaricomycetes;Agaricales;Tricholomataceae;Callistosporium;Callistosporium_luteoolivaceum	overclassification	6
F1-REF	6	2	rdp	1.0	FJ624265	Root;Ascomycota;Sordariomycetes;Xylariales	Root;Ascomycota;Sordariomycetes;Xylariales;Xylariaceae;Daldinia;Daldinia_eschscholzii	underclassification	4
F1-REF	6	2	rdp	1.0	EF447402	Root;Ascomycota;Sordariomycetes;Diaporthales;Valsaceae;Valsa;Valsa_ambiens_subsp_ambiens	Root;Ascomycota;Sordariomycetes;Diaporthales;Valsaceae;Cytospora;Cytospora_terebinthi	misclassification	5
F1-REF	6	2	rdp	1.0	EF447406	Root;Ascomycota;Sordariomycetes;Diaporthales;Valsaceae	Root;Ascomycota;Sordariomycetes;Diaporthales;Valsaceae;Leucostoma;Leucostoma_cinctum	underclassification	5
F1-REF	6	2	rdp	1.0	DQ164439	Root;Ascomycota;Leotiomycetes;Erysiphales;Erysiphaceae	Root;Ascomycota;Leotiomycetes;Erysiphales;Erysiphaceae;Erysiphe;Erysiphe_betae	underclassification	5
F1-REF	6	2	rdp	1.0	AY849307	Root;Basidiomycota	Root;Basidiomycota;Agaricomycetes;Polyporales;Hapalopilaceae;Spongipellis;Spongipellis_pachyodon	underclassification	2
F1-REF	6	2	rdp	1.0	FJ871083	Root;Ascomycota;Lecanoromycetes;Lecanorales;Ramalinaceae;Ramalina	Root;Ascomycota;Lecanoromycetes;Lecanorales;Ramalinaceae;Ramalina;Ramalina_huei	match	6
F1-REF	6	2	rdp	1.0	EU784432	Root	Root;Ascomycota;Pezizomycetes;Pezizales;Tuberaceae;Tuber;Tuber_rufum	underclassification	1
F1-REF	6	2	rdp	1.0	EU784438	Root;Basidiomycota;Agaricomycetes;Agaricales	Root;Basidiomycota;Agaricomycetes;Agaricales;Strophariaceae;Weraroa;Weraroa_virescens	underclassification	4
F1-REF	6	2	rdp	1.0	AF377059	Root;Basidiomycota;Agaricomycetes;Gomphales;Gomphaceae;Gautieria	Root;Basidiomycota;Agaricomycetes;Gomphales;Gomphaceae;Gautieria;Gautieria_parksiana	match	6
F1-REF	6	2	rdp	1.0	AM418551	Root	Root;Glomeromycota;Glomeromycetes;Glomerales;Glomeraceae;Glomus;Glomus_megalocarpum	underclassification	1
F1-REF	6	2	rdp	1.0	AF085485	Root;Basidiomycota;Agaricomycetes;Agaricales;Amanitaceae;Amanita	Root;Basidiomycota;Agaricomycetes;Agaricales;Amanitaceae;Amanita;Amanita_aspera	match	6
F1-REF	6	2	rdp	1.0	HQ533021	Root;Basidiomycota;Agaricomycetes	Root;Basidiomycota;Agaricomycetes;Agaricales;Tricholomataceae;Cantharellula;Cantharellula_foetida	underclassification	3
F1-REF	6	2	rdp	1.0	DQ517392	Root;Basidiomycota;Agaricomycetes;Boletales;Suillaceae;Suillus	Root;Basidiomycota;Agaricomycetes;Boletales;Suillaceae;Suillus;Suillus_subalpinus	match	6
F1-REF	6	2	rdp	1.0	U66030	Root;Ascomycota;Pezizomycetes;Pezizales;Sarcoscyphaceae	Root;Ascomycota;Pezizomycetes;Pezizales;Sarcoscyphaceae;Sarcoscypha;Sarcoscypha_knixoniana	underclassification	5
F1-REF	6	2	rdp	1.0	EU886744	Root	Root;Ascomycota;Sordariomycetes;Hypocreales;Cordycipitaceae;Simplicillium;Simplicillium_lamellicola	underclassification	1
F1-REF	6	2	rdp	1.0	AF491580	Root;Ascomycota	Root;Ascomycota;Pezizomycetes;Pezizales;Pezizaceae;Peziza;Peziza_arvernensis	underclassification	2
F1-REF	6	2	rdp	1.0	EF530939	Root;Basidiomycota;Agaricomycetes;Agaricales;Mycenaceae;Mycena	Root;Basidiomycota;Agaricomycetes;Agaricales;Mycenaceae;Mycena;Mycena_rubromarginata	match	6
F1-REF	6	2	rdp	1.0	AF487664	Root;Ascomycota;Sordariomycetes;Hypocreales	Root;Ascomycota;Sordariomycetes;Hypocreales;Hypocreaceae;Hypocrea;Hypocrea_patella	underclassification	4
F1-REF	6	2	rdp	1.0	EU639619	Root;Ascomycota;Lecanoromycetes;Teloschistales;Teloschistaceae	Root;Ascomycota;Lecanoromycetes;Teloschistales;Teloschistaceae;Caloplaca;Caloplaca_xantholyta	underclassification	5
F1-REF	6	2	rdp	1.0	EU255009	Root;Ascomycota;Sordariomycetes;Diaporthales	Root;Ascomycota;Sordariomycetes;Diaporthales;Gnomoniaceae;Plagiostoma;Plagiostoma_geranii	underclassification	4
F1-REF	6	2	rdp	1.0	U04087	Root;Basidiomycota;Agaricomycetes;Agaricales	Root;Basidiomycota;Agaricomycetes;Agaricales;Pleurotaceae;Pleurotus;Pleurotus_pulmonarius	underclassification	4
F1-REF	6	2	rdp	1.0	AY616703	Root	Root;Ascomycota;Sordariomycetes;Xylariales;Xylariaceae;Hypoxylon;Hypoxylon_macrocarpum	underclassification	1
F1-REF	6	2	rdp	1.0	DQ328172	Root;Basidiomycota;Agaricomycetes;Agaricales;Cortinariaceae	Root;Basidiomycota;Agaricomycetes;Agaricales;Cortinariaceae;Thaxterogaster;Thaxterogaster_redactus	underclassification	5
F1-REF	6	2	rdp	1.0	EU707817	Root;Ascomycota;Lecanoromycetes;Lecanorales;Parmeliaceae;Hypogymnia	Root;Ascomycota;Lecanoromycetes;Lecanorales;Parmeliaceae;Hypogymnia;Hypogymnia_imshaugii	match	6
F1-REF	6	2	rdp	1.0	EU918698	Root;Basidiomycota;Agaricomycetes;Russulales;Peniophoraceae	Root;Basidiomycota;Agaricomycetes;Russulales;Peniophoraceae;Peniophora;Peniophora_incarnata	underclassification	5
F1-REF	6	2	rdp	1.0	FN549910	Root	Root;Ascomycota;Dothideomycetes;Pleosporales;Venturiaceae;Fusicladium;Fusicladium_cordae	underclassification	1
F1-REF	6	2	rdp	1.0	EU520255	Root;Basidiomycota;Agaricomycetes;Agaricales;Marasmiaceae;Lentinula;Lentinula_lateritia	Root;Basidiomycota;Agaricomycetes;Agaricales;Marasmiaceae;Lentinula;Lentinula_edodes	overclassification	6
F1-REF	6	2	rdp	1.0	AM087256	Root;Basidiomycota;Agaricomycetes;Russulales;Russulaceae	Root;Basidiomycota;Agaricomycetes;Russulales;Russulaceae;Lactarius;Lactarius_camphoratus	underclassification	5
F1-REF	6	2	rdp	1.0	JF313715	Root;Basidiomycota;Agaricomycetes;Agaricales;Hygrophoraceae;Hygrocybe	Root;Basidiomycota;Agaricomycetes;Agaricales;Hygrophoraceae;Hygrocybe;Hygrocybe_aff_flavescens_KWH_2011	match	6
F1-REF	6	2	rdp	1.0	HQ714794	Root	Root;Basidiomycota;Agaricomycetes;Boletales;Melanogastraceae;Melanogaster;Melanogaster_luteus	underclassification	1
F1-REF	6	2	rdp	1.0	EU681345	Root;Ascomycota;Lecanoromycetes;Teloschistales;Teloschistaceae	Root;Ascomycota;Lecanoromycetes;Teloschistales;Teloschistaceae;Xanthoria;Xanthoria_alfredii	underclassification	5
F1-REF	6	2	rdp	1.0	EF409722	Root	Root;Basidiomycota;Agaricomycetes;Agaricales;Pleurotaceae;Hohenbuehelia;Hohenbuehelia_pinacearum	underclassification	1
F1-REF	6	2	rdp	1.0	AY740072	Root;Basidiomycota;Ustilaginomycetes;Ustilaginales;Ustilaginaceae	Root;Basidiomycota;Ustilaginomycetes;Ustilaginales;Ustilaginaceae;Ustilago;Ustilago_tragana	underclassification	5
F1-REF	6	2	rdp	1.0	HM997126	Root;Ascomycota;Dothideomycetes;Pleosporales;Pleosporaceae	Root;Ascomycota;Dothideomycetes;Pleosporales;Pleosporaceae;Bipolaris;Bipolaris_setariae	underclassification	5
F1-REF	6	2	rdp	1.0	AJ519795	Root;Basidiomycota;Agaricomycetes;Agaricales	Root;Basidiomycota;Agaricomycetes;Agaricales;Strophariaceae;Psilocybe;Psilocybe_coprophila	underclassification	4
F1-REF	6	2	rdp	1.0	U10409	Root	Root;Ascomycota;Saccharomycetes;Saccharomycetales;Saccharomycopsidaceae;Saccharomycopsis;Saccharomycopsis_fibuligera	underclassification	1
F1-REF	6	2	rdp	1.0	AJ534933	Root;Basidiomycota;Agaricomycetes;Agaricales;Cortinariaceae;Inocybe	Root;Basidiomycota;Agaricomycetes;Agaricales;Cortinariaceae;Inocybe;Inocybe_maculata	match	6
F1-REF	6	2	rdp	1.0	AY176493	Root;Basidiomycota;Agaricomycetes;Agaricales	Root;Basidiomycota;Agaricomycetes;Agaricales;Agaricaceae;Melanophyllum;Melanophyllum_eyrei	underclassification	4
F1-REF	6	2	rdp	1.0	EU655672	Root;Basidiomycota;Agaricomycetes;Agaricales;Cortinariaceae;Cortinarius	Root;Basidiomycota;Agaricomycetes;Agaricales;Cortinariaceae;Cortinarius;Cortinarius_alnobetulae	match	6
F1-REF	6	2	rdp	1.0	AF139855	Root	Root;Ascomycota;Sordariomycetes;Hypocreales;Clavicipitaceae;Metarhizium;Metarhizium_flavoviride_var_type_E	underclassification	1
F1-REF	6	2	rdp	1.0	GQ852835	Root;Ascomycota;Dothideomycetes;Capnodiales	Root;Ascomycota;Dothideomycetes;Capnodiales;Teratosphaeriaceae;Teratosphaeria;Teratosphaeria_suberosa	underclassification	4
F1-REF	6	2	rdp	1.0	HQ400701	Root	Root;Basidiomycota;Agaricomycetes;Hymenochaetales;Hymenochaetaceae;Phellinus;Phellinus_noxius	underclassification	1
F1-REF	6	2	rdp	1.0	AY061713	Root;Basidiomycota;Agaricomycetes;Russulales;Russulaceae	Root;Basidiomycota;Agaricomycetes;Russulales;Russulaceae;Russula;Russula_risigallina	underclassification	5
F1-REF	6	2	rdp	1.0	DQ344031	Root	Root;Ascomycota;Eurotiomycetes;Chaetothyriales;Herpotrichiellaceae;Exophiala;Exophiala_salmonis	underclassification	1
F1-REF	6	2	rdp	1.0	HQ833460	Root	Root;Ascomycota;Leotiomycetes;Helotiales;Sclerotiniaceae;Ciboria;Ciboria_shiraiana	underclassification	1
F1-REF	6	2	rdp	1.0	DQ679801	Root;Basidiomycota;Agaricomycetes;Russulales;Russulaceae;Lactarius	Root;Basidiomycota;Agaricomycetes;Russulales;Russulaceae;Lactarius;Lactarius_salmonicolor	match	6
F1-REF	6	2	rdp	1.0	FJ859345	Root	Root;Ascomycota;Pezizomycetes;Pezizales;Helvellaceae;Helvella;Helvella_crispa	underclassification	1
F1-REF	6	2	rdp	1.0	DQ238719	Root;Basidiomycota;Microbotryomycetes;Microbotryales	Root;Basidiomycota;Microbotryomycetes;Microbotryales;Ustilentylomataceae;Bauerago;Bauerago_abstrusa	underclassification	4
F1-REF	6	2	rdp	1.0	JF908282	Root;Basidiomycota;Agaricomycetes;Russulales;Russulaceae;Lactarius	Root;Basidiomycota;Agaricomycetes;Russulales;Russulaceae;Lactarius;Lactarius_picinus	match	6
F1-REF	6	2	rdp	1.0	AF000566	Root;Ascomycota	Root;Ascomycota;Sordariomycetes;Diaporthales;Diaporthaceae;Diaporthe;Diaporthe_meridionalis	underclassification	2
F1-REF	6	2	rdp	1.0	FJ859342	Root	Root;Ascomycota;Pezizomycetes;Pezizales;Helvellaceae;Helvella;Helvella_albella	underclassification	1
F1-REF	6	2	rdp	1.0	JF908576	Root;Basidiomycota;Agaricomycetes;Agaricales;Strophariaceae;Pholiota;Pholiota_spumosa	Root;Basidiomycota;Agaricomycetes;Agaricales;Strophariaceae;Pholiota;Pholiota_flavida	overclassification	6
F1-REF	6	2	rdp	1.0	EF655685	Root;Basidiomycota;Agaricomycetes;Agaricales;Cortinariaceae;Inocybe;Inocybe_umbrinofusca	Root;Basidiomycota;Agaricomycetes;Agaricales;Cortinariaceae;Inocybe;Inocybe_substraminipes	overclassification	6
F1-REF	6	2	rdp	1.0	AF085489	Root	Root;Basidiomycota;Agaricomycetes;Agaricales;Amanitaceae;Amanita;Amanita_citrina	underclassification	1
F1-REF	6	2	rdp	1.0	AY965758	Root;Ascomycota;Orbiliomycetes;Orbiliales;Orbiliaceae	Root;Ascomycota;Orbiliomycetes;Orbiliales;Orbiliaceae;Arthrobotrys;Arthrobotrys_entomopaga	underclassification	5
F1-REF	6	2	rdp	1.0	EU427038	Root;Ascomycota;Sordariomycetes;Diaporthales;Valsaceae	Root;Ascomycota;Dothideomycetes;Capnodiales;Mycosphaerellaceae;Cercospora;Cercospora_kaki	misclassification	2
F1-REF	6	2	rdp	1.0	AY965755	Root;Ascomycota;Orbiliomycetes;Orbiliales;Orbiliaceae	Root;Ascomycota;Orbiliomycetes;Orbiliales;Orbiliaceae;Dactylellina;Dactylellina_robusta	underclassification	5
F1-REF	6	2	rdp	1.0	AM882790	Root;Basidiomycota;Agaricomycetes;Agaricales	Root;Basidiomycota;Agaricomycetes;Agaricales;Cortinariaceae;Inocybe;Inocybe_squarrosa	underclassification	4
F1-REF	6	2	rdp	1.0	AB099942	Root;Ascomycota	Root;Ascomycota;Sordariomycetes;Hypocreales;Clavicipitaceae;Cordyceps;Cordyceps_cylindrica	underclassification	2
F1-REF	6	2	rdp	1.0	FJ534885	Root	Root;Basidiomycota;Tremellomycetes;Tremellales;Tremellaceae;Tremella;Tremella_mesenterica	underclassification	1
F1-REF	6	2	rdp	1.0	AB546948	Root;Ascomycota	Root;Ascomycota;Leotiomycetes;Helotiales;Hyaloscyphaceae;Hyphodiscus;Hyphodiscus_hymeniophilus	underclassification	2
F1-REF	6	2	rdp	1.0	GU233328	Root	Root;Basidiomycota;Agaricomycetes;Agaricales;Hygrophoraceae;Camarophyllus;Camarophyllus_griseorufescens	underclassification	1
F1-REF	6	2	rdp	1.0	FJ534875	Root;Basidiomycota;Tremellomycetes	Root;Basidiomycota;Tremellomycetes;Filobasidiales;Filobasidiaceae;Cryptococcus;Cryptococcus_heveanensis	underclassification	3
F1-REF	6	2	rdp	1.0	FJ494923	Root;Ascomycota;Lecanoromycetes;Lecanorales;Parmeliaceae	Root;Ascomycota;Lecanoromycetes;Lecanorales;Parmeliaceae;Usnea;Usnea_aciculifera	underclassification	5
F1-REF	6	2	rdp	1.0	FJ477839	Root	Root;Ascomycota;Dothideomycetes;Pleosporales;Pleosporaceae;Alternaria;Alternaria_japonica	underclassification	1
F1-REF	6	2	rdp	1.0	AY485751	Root;Ascomycota	Root;Ascomycota;Sordariomycetes;Diaporthales;Diaporthaceae;Diaporthe;Diaporthe_viticola	underclassification	2
F1-REF	6	2	rdp	1.0	EF652088	Root;Ascomycota	Root;Ascomycota;Eurotiomycetes;Eurotiales;Trichocomaceae;Eurotium;Eurotium_halophilicum	underclassification	2
F1-REF	6	2	rdp	1.0	AY061667	Root;Basidiomycota;Agaricomycetes;Russulales;Russulaceae	Root;Basidiomycota;Agaricomycetes;Russulales;Russulaceae;Russula;Russula_cuprea	underclassification	5
F1-REF	6	2	rdp	1.0	EU551192	Root;Ascomycota;Sordariomycetes;Hypocreales;Nectriaceae;Cylindrocladiella	Root;Ascomycota;Sordariomycetes;Hypocreales;Nectriaceae;Cylindrocladiella;Cylindrocladiella_peruviana	match	6
F1-REF	6	2	rdp	1.0	AY061662	Root	Root;Basidiomycota;Agaricomycetes;Russulales;Russulaceae;Russula;Russula_camarophylla	underclassification	1
F1-REF	6	2	rdp	1.0	JN899328	Root;Ascomycota;Eurotiomycetes;Eurotiales;Trichocomaceae;Talaromyces;Talaromyces_leycettanus	Root;Ascomycota;Eurotiomycetes;Eurotiales;Trichocomaceae;Talaromyces;Talaromyces_purpureus	overclassification	6
F1-REF	6	2	rdp	1.0	JN943601	Root;Basidiomycota;Agaricomycetes;Agaricales;Marasmiaceae	Root;Basidiomycota;Agaricomycetes;Agaricales;Marasmiaceae;Marasmius;Marasmius_tricolor	underclassification	5
F1-REF	6	2	rdp	1.0	EU523585	Root;Basidiomycota;Agaricomycetes;Agaricales;Cortinariaceae;Inocybe	Root;Basidiomycota;Agaricomycetes;Agaricales;Cortinariaceae;Inocybe;Inocybe_subochracea	match	6
F1-REF	6	2	rdp	1.0	EU523584	Root;Basidiomycota;Agaricomycetes;Agaricales;Cortinariaceae;Inocybe;Inocybe_flocculosa_var_flocculosa	Root;Basidiomycota;Agaricomycetes;Agaricales;Cortinariaceae;Inocybe;Inocybe_nemorosa	overclassification	6
F1-REF	6	2	rdp	1.0	AY243596	Root;Basidiomycota;Agaricomycetes;Agaricales	Root;Basidiomycota;Agaricomycetes;Agaricales;Agaricaceae;Macrolepiota;Macrolepiota_rhodosperma	underclassification	4
F1-REF	6	2	rdp	1.0	EU520121	Root	Root;Ascomycota;Sordariomycetes;Diaporthales;Valsaceae;Valsa;Cytospora_chrysosperma	underclassification	1
F1-REF	6	2	rdp	1.0	EU819485	Root;Basidiomycota;Agaricomycetes;Russulales;Russulaceae	Root;Basidiomycota;Agaricomycetes;Russulales;Russulaceae;Lactarius;Lactarius_imperceptus	underclassification	5
F1-REF	6	2	rdp	1.0	UDB001090	Root;Basidiomycota;Agaricomycetes;Agaricales;Cortinariaceae	Root;Basidiomycota;Agaricomycetes;Agaricales;Cortinariaceae;Cortinarius;Cortinarius_microspermus	underclassification	5
F1-REF	6	2	rdp	1.0	FJ416303	Root;Ascomycota;Eurotiomycetes;Onygenales	Root;Ascomycota;Eurotiomycetes;Onygenales;Arthrodermataceae;Arthroderma;Arthroderma_uncinatum	underclassification	4
F1-REF	6	2	rdp	1.0	HQ318236	Root;Basidiomycota;Agaricomycetes;Russulales;Russulaceae	Root;Basidiomycota;Agaricomycetes;Russulales;Russulaceae;Lactarius;Lactarius_vitellinus	underclassification	5
F1-REF	6	2	rdp	1.0	AY081018	Root;Basidiomycota	Root;Basidiomycota;Exobasidiomycetes;Entylomatales;Entylomataceae;Entyloma;Entyloma_atlanticum	underclassification	2
F1-REF	6	2	rdp	1.0	EF535666	Root;Ascomycota;Dothideomycetes;Capnodiales;Mycosphaerellaceae;Cercospora	Root;Ascomycota;Dothideomycetes;Capnodiales;Mycosphaerellaceae;Septoria;Septoria_violae_patrinii	misclassification	5
F1-REF	6	2	rdp	1.0	JN673039	Root	Root;Ascomycota;Sordariomycetes;Chaetosphaeriales;Chaetosphaeriaceae;Chaetosphaeria;Chaetosphaeria_lateriphiala	underclassification	1
F1-REF	6	2	rdp	1.0	FJ441663	Root;Ascomycota;Sordariomycetes;Phyllachorales;Phyllachoraceae;Colletotrichum;Colletotrichum_sp	Root;Ascomycota;Sordariomycetes;Phyllachorales;Phyllachoraceae;Colletotrichum;Colletotrichum_boninense	overclassification	6
F1-REF	6	2	rdp	1.0	FJ431241	Root	Root;Basidiomycota;Agaricomycetes;Agaricales;Marasmiaceae;Marasmius;Marasmius_gracilichorda	underclassification	1
F1-REF	6	2	rdp	1.0	JF415137	Root;Basidiomycota;Agaricomycetes;Agaricales;Pluteaceae;Volvariella	Root;Basidiomycota;Agaricomycetes;Agaricales;Pluteaceae;Volvariella;Volvariella_pusilla	match	6
F1-REF	6	2	rdp	1.0	FJ441665	Root;Ascomycota;Dothideomycetes;Botryosphaeriales;Botryosphaeriaceae;Botryosphaeria;Botryosphaeria_dothidea	Root;Ascomycota;Dothideomycetes;Botryosphaeriales;Botryosphaeriaceae;Botryosphaeria;Botryosphaeria_berengeriana	overclassification	6
F1-REF	6	2	rdp	1.0	AJ889942	Root;Basidiomycota;Agaricomycetes;Agaricales;Cortinariaceae	Root;Basidiomycota;Agaricomycetes;Agaricales;Cortinariaceae;Cortinarius;Cortinarius_aprinus	underclassification	5
F1-REF	6	2	rdp	1.0	AF260814	Root;Ascomycota	Root;Ascomycota;Leotiomycetes;Helotiales;Hemiphacidiaceae;Rhabdocline;Rhabdocline_weirii_subsp_oblonga	underclassification	2
F1-REF	6	2	rdp	1.0	AY444770	Root;Basidiomycota;Pucciniomycetes;Pucciniales;Melampsoraceae;Melampsora	Root;Basidiomycota;Pucciniomycetes;Pucciniales;Melampsoraceae;Melampsora;Melampsora_ribesii_purpureae	match	6
F1-REF	6	2	rdp	1.0	FJ538351	Root;Ascomycota;Dothideomycetes;Capnodiales;Mycosphaerellaceae;Guignardia;Guignardia_mangiferae	Root;Ascomycota;Dothideomycetes;Capnodiales;Mycosphaerellaceae;Guignardia;Guignardia_psidii	overclassification	6
F1-REF	6	2	rdp	1.0	FJ234198	Root;Basidiomycota;Agaricomycetes	Root;Basidiomycota;Agaricomycetes;Polyporales;Polyporaceae;Trametes;Trametes_punicea	underclassification	3
F1-REF	6	2	rdp	1.0	HQ599408	Root	Root;Ascomycota;Eurotiomycetes;Pyrenulales;Massariaceae;Massaria;Massaria_macra	underclassification	1
F1-REF	6	2	rdp	1.0	FJ375243	Root;Basidiomycota;Agaricomycetes;Agaricales;Pluteaceae;Pluteus	Root;Basidiomycota;Agaricomycetes;Agaricales;Pluteaceae;Pluteus;Pluteus_pellitus	match	6
F1-REF	6	2	rdp	1.0	HQ599405	Root	Root;Ascomycota;Eurotiomycetes;Pyrenulales;Massariaceae;Massaria;Massaria_inquinans	underclassification	1
F1-REF	6	2	rdp	1.0	AY773455	Root;Ascomycota;Orbiliomycetes;Orbiliales;Orbiliaceae	Root;Ascomycota;Orbiliomycetes;Orbiliales;Orbiliaceae;Arthrobotrys;Arthrobotrys_conoides	underclassification	5
F1-REF	6	2	rdp	1.0	L54102	Root;Basidiomycota;Agaricomycetes;Boletales;Suillaceae;Suillus	Root;Basidiomycota;Agaricomycetes;Boletales;Suillaceae;Suillus;Suillus_laricinus	match	6
F1-REF	6	2	rdp	1.0	EU045422	Root;Ascomycota;Lecanoromycetes;Teloschistales;Physciaceae	Root;Ascomycota;Lecanoromycetes;Teloschistales;Physciaceae;Heterodermia;Heterodermia_boryi	underclassification	5
F1-REF	6	2	rdp	1.0	FJ349101	Root;Ascomycota	Root;Ascomycota;Lecanoromycetes;Teloschistales;Teloschistaceae;Caloplaca;Caloplaca_erythrantha	underclassification	2
F1-REF	6	2	rdp	1.0	EU263923	Root;Ascomycota;Lecanoromycetes;Lecideales;Porpidiaceae;Porpidia	Root;Ascomycota;Lecanoromycetes;Lecideales;Porpidiaceae;Porpidia;Porpidia_macrocarpa	match	6
F1-REF	6	2	rdp	1.0	EU837202	Root	Root;Ascomycota;Pezizomycetes;Pezizales;Discinaceae;Gyromitra;Gyromitra_californica	underclassification	1
F1-REF	6	2	rdp	1.0	EU045425	Root;Ascomycota;Lecanoromycetes;Teloschistales;Physciaceae;Heterodermia	Root;Ascomycota;Lecanoromycetes;Teloschistales;Physciaceae;Heterodermia;Heterodermia_diademata	match	6
F1-REF	6	2	rdp	1.0	L54109	Root;Basidiomycota;Agaricomycetes;Boletales;Suillaceae;Suillus	Root;Basidiomycota;Agaricomycetes;Boletales;Suillaceae;Suillus;Suillus_subaureus	match	6
F1-REF	6	2	rdp	1.0	EF029224	Root;Ascomycota	Root;Ascomycota;Leotiomycetes;Helotiales;Hyaloscyphaceae;Pseudaegerita;Pseudaegerita_corticalis	underclassification	2
F1-REF	6	2	rdp	1.0	GQ338074	Root;Basidiomycota;Tremellomycetes;Tremellales	Root;Basidiomycota;Tremellomycetes;Tremellales;Trichosporonaceae;Trichosporon;Trichosporon_chiarellii	underclassification	4
F1-REF	6	2	rdp	1.0	DQ389704	Root;Basidiomycota;Agaricomycetes;Agaricales;Psathyrellaceae	Root;Basidiomycota;Agaricomycetes;Agaricales;Psathyrellaceae;Psathyrella;Psathyrella_tenuicula	underclassification	5
F1-REF	6	2	rdp	1.0	DQ389708	Root;Basidiomycota;Agaricomycetes;Agaricales;Psathyrellaceae	Root;Basidiomycota;Agaricomycetes;Agaricales;Psathyrellaceae;Psathyrella;Psathyrella_sphaerocystis	underclassification	5
F1-REF	6	2	rdp	1.0	AF439458	Root;Ascomycota;Dothideomycetes	Root;Ascomycota;Dothideomycetes;Pleosporales;Leptosphaeriaceae;Leptosphaeria;Leptosphaeria_bellynckii	underclassification	3
F1-REF	6	2	rdp	1.0	JF907988	Root	Root;Ascomycota;Eurotiomycetes;Eurotiales;Elaphomycetaceae;Elaphomyces;Elaphomyces_maculatus	underclassification	1
F1-REF	6	2	rdp	1.0	FJ431221	Root;Basidiomycota;Agaricomycetes;Agaricales;Marasmiaceae;Marasmius	Root;Basidiomycota;Agaricomycetes;Agaricales;Marasmiaceae;Marasmius;Marasmius_aratus	match	6
F1-REF	6	2	rdp	1.0	AY830851	Root;Ascomycota;Pezizomycetes;Pezizales;Pezizaceae	Root;Ascomycota;Pezizomycetes;Pezizales;Pezizaceae;Peziza;Peziza_ellipsospora	underclassification	5
F1-REF	6	2	rdp	1.0	DQ374649	Root;Ascomycota;Leotiomycetes;Erysiphales;Erysiphaceae;Pleochaeta;Pleochaeta_shiraiana	Root;Ascomycota;Leotiomycetes;Erysiphales;Erysiphaceae;Pleochaeta;Pleochaeta_indica	overclassification	6
F1-REF	6	2	rdp	1.0	AY830857	Root	Root;Ascomycota;Pezizomycetes;Pezizales;Pyronemataceae;Genea;Genea_gardneri	underclassification	1
F1-REF	6	2	rdp	1.0	AY830855	Root;Ascomycota;Pezizomycetes;Pezizales;Tuberaceae	Root;Ascomycota;Pezizomycetes;Pezizales;Tuberaceae;Tuber;Tuber_whetstonense	underclassification	5
F1-REF	6	2	rdp	1.0	GQ411518	Root	Root;Basidiomycota;Agaricomycetes;Cantharellales;Botryobasidiaceae;Botryobasidium;Botryobasidium_vagum	underclassification	1
F1-REF	6	2	rdp	1.0	EU863524	Root;Ascomycota;Sordariomycetes	Root;Ascomycota;Sordariomycetes;Diaporthales;Togniniaceae;Phaeoacremonium;Phaeoacremonium_sicilianum	underclassification	3
F1-REF	6	2	rdp	1.0	AB180368	Root;Basidiomycota;Exobasidiomycetes;Exobasidiales;Exobasidiaceae;Exobasidium	Root;Basidiomycota;Exobasidiomycetes;Exobasidiales;Exobasidiaceae;Exobasidium;Exobasidium_bisporum	match	6
F1-REF	6	2	rdp	1.0	EU863522	Root;Ascomycota;Sordariomycetes;Hypocreales;Nectriaceae;Nectria;Nectria_mauritiicola	Root;Ascomycota;Sordariomycetes;Diaporthales;Togniniaceae;Phaeoacremonium;Phaeoacremonium_tuscanum	misclassification	3
F1-REF	6	2	rdp	1.0	AB454319	Root;Ascomycota;Dothideomycetes	Root;Ascomycota;Sordariomycetes;Hypocreales;Niessliaceae;Melanopsamma;Guignardia_philoprina	misclassification	2
F1-REF	6	2	rdp	1.0	FJ005121	Root;Ascomycota;Leotiomycetes	Root;Ascomycota;Leotiomycetes;Helotiales;Helotiaceae;Crocicreas;Crocicreas_culmicola	underclassification	3
F1-REF	6	2	rdp	1.0	U59145	Root	Root;Ascomycota;Leotiomycetes;Helotiales;Hyaloscyphaceae;Lachnellula;Lachnellula_calyciformis	underclassification	1
F1-REF	6	2	rdp	1.0	AB180365	Root;Basidiomycota;Exobasidiomycetes;Exobasidiales;Exobasidiaceae;Exobasidium;Exobasidium_dubium	Root;Basidiomycota;Exobasidiomycetes;Exobasidiales;Exobasidiaceae;Exobasidium;Exobasidium_yoshinagae	overclassification	6
F1-REF	6	2	rdp	1.0	AY386832	Root;Basidiomycota;Agaricomycetes	Root;Basidiomycota;Agaricomycetes;Agaricales;Cortinariaceae;Gymnopilus;Gymnopilus_allochrous	underclassification	3
F1-REF	6	2	rdp	1.0	AJ586574	Root;Basidiomycota	Root;Basidiomycota;Ustilaginomycetes;Ustilaginales;Anthracoideaceae;Anthracoidea;Anthracoidea_fischeri	underclassification	2
F1-REF	6	2	rdp	1.0	AF540505	Root;Ascomycota	Root;Ascomycota;Lecanoromycetes;Teloschistales;Physciaceae;Buellia;Buellia_triphragmoides	underclassification	2
F1-REF	6	2	rdp	1.0	GU174764	Root	Root;Ascomycota;Pezizomycetes;Pezizales;Pyronemataceae;Trichophaea;Trichophaea_woolhopeia	underclassification	1
F1-REF	6	2	rdp	1.0	JF340250	Root;Ascomycota;Sordariomycetes;Hypocreales	Root;Ascomycota;Sordariomycetes;Hypocreales;Ophiocordycipitaceae;Chaunopycnis;Chaunopycnis_pustulata	underclassification	4
F1-REF	6	2	rdp	1.0	AF377062	Root;Basidiomycota;Agaricomycetes;Gomphales;Gomphaceae;Gautieria	Root;Basidiomycota;Agaricomycetes;Gomphales;Gomphaceae;Gautieria;Gautieria_gautierioides	match	6
F1-REF	6	2	rdp	1.0	EU178739	Root;Ascomycota	Root;Ascomycota;Sordariomycetes;Xylariales;Xylariaceae;Xylaria;Xylaria_atrodivaricata	underclassification	2
F1-REF	6	2	rdp	1.0	HM143014	Root;Basidiomycota;Ustilaginomycetes;Ustilaginales;Ustilaginaceae	Root;Basidiomycota;Ustilaginomycetes;Ustilaginales;Ustilaginaceae;Ustilago;Ustilago_kamerunensis	underclassification	5
F1-REF	6	2	rdp	1.0	AJ419210	Root;Basidiomycota;Agaricomycetes;Boletales;Rhizopogonaceae;Rhizopogon	Root;Basidiomycota;Agaricomycetes;Boletales;Rhizopogonaceae;Rhizopogon;Rhizopogon_roseolus	match	6
F1-REF	6	2	rdp	1.0	AJ315827	Root;Ascomycota;Eurotiomycetes;Onygenales;Gymnoascaceae;Gymnascella;Gymnascella_hyalinospora	Root;Ascomycota;Eurotiomycetes;Onygenales;Gymnoascaceae;Gymnoascus;Gymnoascus_armeniacus	misclassification	5
F1-REF	6	2	rdp	1.0	AJ419216	Root;Basidiomycota;Agaricomycetes;Boletales;Suillaceae;Suillus	Root;Basidiomycota;Agaricomycetes;Boletales;Suillaceae;Suillus;Suillus_bellinii	match	6
F1-REF	6	2	rdp	1.0	AJ508234	Root;Ascomycota;Saccharomycetes;Saccharomycetales;Saccharomycetaceae;Debaryomyces;Debaryomyces_nepalensis	Root;Ascomycota;Saccharomycetes;Saccharomycetales;Saccharomycetaceae;Debaryomyces;Debaryomyces_castellii	overclassification	6
F1-REF	6	2	rdp	1.0	AJ408386	Root	Root;Basidiomycota;Agaricomycetes;Gomphales;Gomphaceae;Ramaria;Ramaria_ignicolor	underclassification	1
F1-REF	6	2	rdp	1.0	EU715619	Root	Root;Ascomycota;Sordariomycetes;Xylariales;Xylariaceae;Hypoxylon;Hypoxylon_fragiforme	underclassification	1
F1-REF	6	2	rdp	1.0	EF025406	Root;Ascomycota	Root;Ascomycota;Eurotiomycetes;Chaetothyriales;Herpotrichiellaceae;Exophiala;Exophiala_bergeri	underclassification	2
F1-REF	6	2	rdp	1.0	JN813417	Root;Ascomycota;Lecanoromycetes;Teloschistales;Teloschistaceae;Caloplaca	Root;Ascomycota;Lecanoromycetes;Teloschistales;Teloschistaceae;Caloplaca;Caloplaca_aff_dolomiticola_8631	match	6
F1-REF	6	2	rdp	1.0	EU553343	Root;Ascomycota;Eurotiomycetes;Eurotiales;Trichocomaceae	Root;Ascomycota;Eurotiomycetes;Eurotiales;Trichocomaceae;Paecilomyces;Paecilomyces_leycettanus	underclassification	5
F1-REF	6	2	rdp	1.0	UDB011458	Root	Root;Basidiomycota;Agaricomycetes;Agaricales;Tricholomataceae;Clitocybe;Clitocybe_vermicularis	underclassification	1
F1-REF	6	2	rdp	1.0	JN813419	Root;Ascomycota	Root;Ascomycota;Lecanoromycetes;Teloschistales;Teloschistaceae;Caloplaca;Caloplaca_phaeothamnos	underclassification	2
F1-REF	6	2	rdp	1.0	EF452446	Root;Ascomycota;Dothideomycetes;Pleosporales;Pleosporaceae	Root;Ascomycota;Dothideomycetes;Pleosporales;Pleosporaceae;Cochliobolus;Cochliobolus_homomorphus	underclassification	5
F1-REF	6	2	rdp	1.0	AY124147	Root;Ascomycota;Lecanoromycetes;Peltigerales;Nephromataceae;Nephroma	Root;Ascomycota;Lecanoromycetes;Peltigerales;Nephromataceae;Nephroma;Nephroma_parile	match	6
F1-REF	6	2	rdp	1.0	AJ237622	Root;Basidiomycota;Agaricomycetes;Agaricales	Root;Basidiomycota;Agaricomycetes;Agaricales;Lycoperdaceae;Lycoperdon;Lycoperdon_echinatum	underclassification	4
F1-REF	6	2	rdp	1.0	EU118619	Root;Basidiomycota;Agaricomycetes	Root;Basidiomycota;Agaricomycetes;Polyporales;Boreostereaceae;Veluticeps;Columnocystis_abietina	underclassification	3
F1-REF	6	2	rdp	1.0	AJ237626	Root;Basidiomycota;Agaricomycetes;Agaricales	Root;Basidiomycota;Agaricomycetes;Agaricales;Agaricaceae;Morganella;Morganella_subincarnata	underclassification	4
F1-REF	6	2	rdp	1.0	EU118610	Root;Basidiomycota;Agaricomycetes	Root;Basidiomycota;Agaricomycetes;Polyporales;Phanerochaetaceae;Ceraceomyces;Ceraceomyces_borealis	underclassification	3
F1-REF	6	2	rdp	1.0	EU266558	Root;Basidiomycota;Tremellomycetes	Root;Basidiomycota;Tremellomycetes;Filobasidiales;Filobasidiaceae;Cryptococcus;Cryptococcus_curvatus	underclassification	3
F1-REF	6	2	rdp	1.0	AY035661	Root	Root;Glomeromycota;Glomeromycetes;Diversisporales;Gigasporaceae;Gigaspora;Gigaspora_margarita	underclassification	1
F1-REF	6	2	rdp	1.0	HM057148	Root;Basidiomycota;Pucciniomycetes;Pucciniales;Pucciniaceae	Root;Basidiomycota;Pucciniomycetes;Pucciniales;Pucciniaceae;Uromyces;Uromyces_dactylidis	underclassification	5
F1-REF	6	2	rdp	1.0	GQ241289	Root;Ascomycota;Sordariomycetes	Root;Ascomycota;Sordariomycetes;Diaporthales;Togniniaceae;Phaeoacremonium;Phaeoacremonium_rubrigenum	underclassification	3
F1-REF	6	2	rdp	1.0	DQ812914	Root;Ascomycota;Sordariomycetes	Root;Ascomycota;Sordariomycetes;Xylariales;Amphisphaeriaceae;Pestalotiopsis;Pestalotiopsis_fici	underclassification	3
F1-REF	6	2	rdp	1.0	EU350580	Root;Basidiomycota;Agaricomycetes;Russulales;Russulaceae;Russula	Root;Basidiomycota;Agaricomycetes;Russulales;Russulaceae;Russula;Russula_ochroleuca	match	6
F1-REF	6	2	rdp	1.0	AF205649	Root;Basidiomycota;Agaricomycetes;Boletales	Root;Basidiomycota;Agaricomycetes;Boletales;Gomphidiaceae;Chroogomphus;Chroogomphus_rutilus	underclassification	4
F1-REF	6	2	rdp	1.0	DQ182504	Root;Basidiomycota;Agaricomycetes;Agaricales;Pleurotaceae;Hohenbuehelia;Hohenbuehelia_petaloides	Root;Basidiomycota;Agaricomycetes;Agaricales;Pleurotaceae;Hohenbuehelia;Hohenbuehelia_tremula	overclassification	6
F1-REF	6	2	rdp	1.0	AY194980	Root	Root;Basidiomycota;Agaricomycetes;Agaricales;Amanitaceae;Amanita;Amanita_roseolamellata	underclassification	1
F1-REF	6	2	rdp	1.0	EF394856	Root;Ascomycota;Dothideomycetes;Capnodiales	Root;Ascomycota;Dothideomycetes;Capnodiales;Mycosphaerellaceae;Phaeophleospora;Phaeophleospora_stonei	underclassification	4
F1-REF	6	2	rdp	1.0	DQ182508	Root	Root;Basidiomycota;Tremellomycetes;Tremellales;Tremellaceae;Tremella;Tremella_aurantia	underclassification	1
F1-REF	6	2	rdp	1.0	AF205647	Root;Basidiomycota;Agaricomycetes;Boletales;Gomphidiaceae;Gomphidius	Root;Basidiomycota;Agaricomycetes;Boletales;Gomphidiaceae;Gomphidius;Gomphidius_glutinosus	match	6
F1-REF	6	2	rdp	1.0	EU693241	Root;Basidiomycota;Agaricomycetes;Agaricales;Cortinariaceae;Cortinarius	Root;Basidiomycota;Agaricomycetes;Agaricales;Cortinariaceae;Cortinarius;Cortinarius_ionosmus	match	6
F1-REF	6	2	rdp	1.0	FM208871	Root;Basidiomycota;Agaricomycetes;Agaricales;Hygrophoraceae;Hygrocybe	Root;Basidiomycota;Agaricomycetes;Agaricales;Hygrophoraceae;Hygrocybe;Hygrocybe_persistens_var_persistens	match	6
F1-REF	6	2	rdp	1.0	FM208873	Root;Basidiomycota;Agaricomycetes;Agaricales;Hygrophoraceae;Hygrocybe;Hygrocybe_virginea_var_virginea	Root;Basidiomycota;Agaricomycetes;Agaricales;Hygrophoraceae;Hygrocybe;Hygrocybe_virginea_var_ochraceopallida	overclassification	6
F1-REF	6	2	rdp	1.0	FM208879	Root;Basidiomycota;Agaricomycetes;Agaricales;Hygrophoraceae;Hygrocybe	Root;Basidiomycota;Agaricomycetes;Agaricales;Hygrophoraceae;Hygrocybe;Hygrocybe_spadicea_var_spadicea	match	6
F1-REF	6	2	rdp	1.0	AF492117	Root;Ascomycota;Taphrinomycetes;Taphrinales;Taphrinaceae	Root;Ascomycota;Taphrinomycetes;Taphrinales;Taphrinaceae;Taphrina;Taphrina_sacchari	underclassification	5
F1-REF	6	2	rdp	1.0	AF385213	Root;Ascomycota;Sordariomycetes;Hypocreales;Clavicipitaceae;Neotyphodium;Neotyphodium_coenophialum	Root;Ascomycota;Sordariomycetes;Hypocreales;Clavicipitaceae;Epichloe;Epichloe_festucae	misclassification	5
F1-REF	6	2	rdp	1.0	AF492112	Root;Ascomycota;Taphrinomycetes;Taphrinales;Taphrinaceae;Taphrina	Root;Ascomycota;Taphrinomycetes;Taphrinales;Taphrinaceae;Taphrina;Taphrina_pruni	match	6
F1-REF	6	2	rdp	1.0	AF132505	Root	Root;Ascomycota;Pezizomycetes;Pezizales;Tuberaceae;Tuber;Tuber_borchii	underclassification	1
F1-REF	6	2	rdp	1.0	L43378	Root;Basidiomycota;Agaricomycetes;Polyporales	Root;Basidiomycota;Agaricomycetes;Polyporales;Meruliaceae;Phlebia;Phlebia_albomellea	underclassification	4
F1-REF	6	2	rdp	1.0	AF505515	Root	Root;Ascomycota;Leotiomycetes;Helotiales;Hyaloscyphaceae;Lachnum;Lachnum_lushanense	underclassification	1
F1-REF	6	2	rdp	1.0	AY129359	Root;Basidiomycota;Agaricomycetes;Agaricales;Strophariaceae;Psilocybe;Psilocybe_montana	Root;Basidiomycota;Agaricomycetes;Agaricales;Strophariaceae;Psilocybe;Psilocybe_crobula	overclassification	6
F1-REF	6	2	rdp	1.0	HM060320	Root	Root;Basidiomycota;Agaricomycetes;Boletales;Boletaceae;Tylopilus;Tylopilus_formosus	underclassification	1
F1-REF	6	2	rdp	1.0	FJ467365	Root;Basidiomycota;Agaricomycetes	Root;Basidiomycota;Agaricomycetes;Polyporales;Meruliaceae;Phlebia;Phlebia_tremellosa	underclassification	3
F1-REF	6	2	rdp	1.0	GU300792	Root;Ascomycota;Lecanoromycetes;Lecanorales;Parmeliaceae;Pseudevernia	Root;Ascomycota;Lecanoromycetes;Lecanorales;Parmeliaceae;Pseudevernia;Pseudevernia_intensa	match	6
F1-REF	6	2	rdp	1.0	FJ746664	Root;Basidiomycota;Agaricomycetes;Agaricales;Tricholomataceae;Tricholoma;Tricholoma_matsutake	Root;Basidiomycota;Agaricomycetes;Agaricales;Tricholomataceae;Tricholoma;Tricholoma_magnivelare	overclassification	6
F1-REF	6	2	rdp	1.0	EU669394	Root;Basidiomycota;Agaricomycetes;Russulales;Albatrellaceae;Albatrellus;Albatrellus_citrinus	Root;Basidiomycota;Agaricomycetes;Russulales;Albatrellaceae;Albatrellus;Albatrellus_avellaneus	overclassification	6
F1-REF	6	2	rdp	1.0	EU707892	Root;Ascomycota;Dothideomycetes;Capnodiales	Root;Ascomycota;Dothideomycetes;Capnodiales;Teratosphaeriaceae;Batcheloromyces;Batcheloromyces_leucadendri	underclassification	4
F1-REF	6	2	rdp	1.0	HQ168400	Root;Basidiomycota;Agaricomycetes	Root;Basidiomycota;Agaricomycetes;Corticiales;Corticiaceae;Laetisaria;Laetisaria_lichenicola	underclassification	3
F1-REF	6	2	rdp	1.0	HQ533039	Root	Root;Basidiomycota;Agaricomycetes;Gomphales;Gomphaceae;Ramaria;Ramaria_lorithamnus	underclassification	1
F1-REF	6	2	rdp	1.0	FJ039702	Root;Basidiomycota;Agaricomycetes;Agaricales;Cortinariaceae;Cortinarius	Root;Basidiomycota;Agaricomycetes;Agaricales;Cortinariaceae;Cortinarius;Cortinarius_saginus	match	6
F1-REF	6	2	rdp	1.0	FJ596846	Root;Basidiomycota;Agaricomycetes;Agaricales;Agaricaceae;Agaricus	Root;Basidiomycota;Agaricomycetes;Agaricales;Agaricaceae;Agaricus;Agaricus_pocillator	match	6
F1-REF	6	2	rdp	1.0	UDB001382	Root;Basidiomycota;Agaricomycetes;Agaricales;Cortinariaceae	Root;Basidiomycota;Agaricomycetes;Agaricales;Cortinariaceae;Cortinarius;Cortinarius_bovinus	underclassification	5
F1-REF	6	2	rdp	1.0	DQ066710	Root	Root;Ascomycota;Lecanoromycetes;Peltigerales;Nephromataceae;Nephroma;Nephroma_resupinatum	underclassification	1
F1-REF	6	2	rdp	1.0	AB462323	Root;Basidiomycota;Agaricomycetes	Root;Basidiomycota;Agaricomycetes;Polyporales;Polyporaceae;Perenniporia;Perenniporia_tephropora	underclassification	3
F1-REF	6	2	rdp	1.0	DQ517384	Root;Basidiomycota;Agaricomycetes;Boletales;Rhizopogonaceae;Rhizopogon	Root;Basidiomycota;Agaricomycetes;Boletales;Rhizopogonaceae;Rhizopogon;Rhizopogon_milleri	match	6
F1-REF	6	2	rdp	1.0	EF363149	Root	Root;Basidiomycota;Tremellomycetes;Filobasidiales;Filobasidiaceae;Cryptococcus;Cryptococcus_aff_amylolyticus_AS_22439	underclassification	1
F1-REF	6	2	rdp	1.0	GU183170	Root;Ascomycota;Eurotiomycetes;Eurotiales;Trichocomaceae	Root;Ascomycota;Eurotiomycetes;Eurotiales;Trichocomaceae;Aspergillus;Aspergillus_clavatus	underclassification	5
F1-REF	6	2	rdp	1.0	AF491594	Root;Ascomycota;Pezizomycetes;Pezizales;Pezizaceae;Peziza	Root;Ascomycota;Pezizomycetes;Pezizales;Pezizaceae;Peziza;Peziza_fimeti	match	6
F1-REF	6	2	rdp	1.0	AY026939	Root	Root;Ascomycota;Sordariomycetes;Sordariales;Lasiosphaeriaceae;Podospora;Podospora_austrohemisphaerica	underclassification	1
F1-REF	6	2	rdp	1.0	HM189800	Root;Basidiomycota;Agaricomycetes;Russulales;Russulaceae;Lactarius	Root;Basidiomycota;Agaricomycetes;Russulales;Russulaceae;Lactarius;Lactarius_subdulcis	match	6
F1-REF	6	2	rdp	1.0	EU057048	Root;Basidiomycota;Agaricomycetes;Agaricales;Cortinariaceae;Cortinarius;Cortinarius_elegantissimus	Root;Basidiomycota;Agaricomycetes;Agaricales;Cortinariaceae;Cortinarius;Cortinarius_cedretorum_var_suberetorum	overclassification	6
F1-REF	6	2	rdp	1.0	HM246493	Root;Basidiomycota;Agaricomycetes;Agaricales	Root;Basidiomycota;Agaricomycetes;Agaricales;Pluteaceae;Volvariella;Volvariella_strangulata	underclassification	4
F1-REF	6	2	rdp	1.0	GU992341	Root;Ascomycota;Lecanoromycetes;Lecanorales;Parmeliaceae	Root;Ascomycota;Lecanoromycetes;Lecanorales;Parmeliaceae;Xanthoparmelia;Xanthoparmelia_bibax	underclassification	5
F1-REF	6	2	rdp	1.0	AY130309	Root;Ascomycota;Saccharomycetes;Saccharomycetales;Saccharomycetaceae;Saccharomyces	Root;Ascomycota;Saccharomycetes;Saccharomycetales;Saccharomycetaceae;Saccharomyces;Saccharomyces_cariocanus	match	6
F1-REF	6	2	rdp	1.0	FJ459919	Root;Ascomycota;Sordariomycetes;Phyllachorales;Phyllachoraceae;Colletotrichum	Root;Ascomycota;Sordariomycetes;Phyllachorales;Phyllachoraceae;Colletotrichum;Colletotrichum_orbiculare	match	6
F1-REF	6	2	rdp	1.0	JF439458	Root;Ascomycota;Dothideomycetes;Pleosporales;Pleosporaceae;Alternaria;Alternaria_mimicula	Root;Ascomycota;Dothideomycetes;Pleosporales;Pleosporaceae;Alternaria;Alternaria_brassicicola	overclassification	6
F1-REF	6	2	rdp	1.0	DQ849314	Root	Root;Ascomycota;Lecanoromycetes;Teloschistales;Physciaceae;Rinodina;Rinodina_peloleuca	underclassification	1
F1-REF	6	2	rdp	1.0	DQ425023	Root	Root;Basidiomycota;Pucciniomycetes;Pucciniales;Uropyxidaceae;Tranzschelia;Tranzschelia_pruni_spinosae_var_americana	underclassification	1
F1-REF	6	2	rdp	1.0	EU681357	Root;Ascomycota;Lecanoromycetes;Teloschistales;Teloschistaceae;Xanthomendoza;Xanthomendoza_fulva	Root;Ascomycota;Lecanoromycetes;Teloschistales;Teloschistaceae;Xanthomendoza;Xanthomendoza_galericulata	overclassification	6
F1-REF	6	2	rdp	1.0	EU681356	Root;Ascomycota;Lecanoromycetes;Teloschistales;Teloschistaceae	Root;Ascomycota;Lecanoromycetes;Teloschistales;Teloschistaceae;Xanthoria;Xanthoria_montana	underclassification	5
F1-REF	6	2	rdp	1.0	EU681355	Root;Ascomycota;Lecanoromycetes;Teloschistales;Teloschistaceae;Xanthomendoza;Xanthomendoza_fulva	Root;Ascomycota;Lecanoromycetes;Teloschistales;Teloschistaceae;Xanthomendoza;Xanthomendoza_borealis	overclassification	6
F1-REF	6	2	rdp	1.0	EF010926	Root	Root;Ascomycota;Dothideomycetes;Pleosporales;Tubeufiaceae;Helicoma;Helicoma_isiola	underclassification	1
F1-REF	6	2	rdp	1.0	EF121866	Root	Root;Ascomycota;Sordariomycetes;Hypocreales;Nectriaceae;Neonectria;Neonectria_veuillotiana	underclassification	1
F1-REF	6	2	rdp	1.0	EU486453	Root;Basidiomycota;Agaricomycetes;Boletales;Suillaceae;Suillus	Root;Basidiomycota;Agaricomycetes;Boletales;Suillaceae;Suillus;Suillus_caerulescens	match	6
F1-REF	6	2	rdp	1.0	EU655680	Root;Basidiomycota;Agaricomycetes;Agaricales;Cortinariaceae;Cortinarius	Root;Basidiomycota;Agaricomycetes;Agaricales;Cortinariaceae;Cortinarius;Cortinarius_cisticola	match	6
F1-REF	6	2	rdp	1.0	EU086434	Root;Ascomycota	Root;Ascomycota;Sordariomycetes;Hypocreales;Ophiocordycipitaceae;Haptocillium;Haptocillium_balanoides	underclassification	2
F1-REF	6	2	rdp	1.0	AB056132	Root	Root;Ascomycota;Saccharomycetes;Saccharomycetales;Saccharomycodaceae;Saccharomycodes;Saccharomycodes_sinensis	underclassification	1
F1-REF	6	2	rdp	1.0	AF000970	Root	Root;Ascomycota;Pezizomycetes;Pezizales;Morchellaceae;Morchella;Morchella_angusticeps	underclassification	1
F1-REF	6	2	rdp	1.0	JN675345	Root;Ascomycota;Eurotiomycetes;Chaetothyriales;Herpotrichiellaceae	Root;Ascomycota;Eurotiomycetes;Chaetothyriales;Herpotrichiellaceae;Cladophialophora;Cladophialophora_boppii	underclassification	5
F1-REF	6	2	rdp	1.0	FJ871088	Root;Ascomycota;Lecanoromycetes	Root;Ascomycota;Lecanoromycetes;Lecanorales;Ramalinaceae;Ramalina;Ramalina_leiodea	underclassification	3
F1-REF	6	2	rdp	1.0	AY061726	Root;Basidiomycota;Agaricomycetes;Russulales;Russulaceae;Russula;Russula_mariae	Root;Basidiomycota;Agaricomycetes;Russulales;Russulaceae;Russula;Russula_violeipes	overclassification	6
F1-REF	6	2	rdp	1.0	FJ904674	Root	Root;Ascomycota;Lecanoromycetes;Ostropales;Stictidaceae;Cryptodiscus;Cryptodiscus_gloeocapsa	underclassification	1
F1-REF	6	2	rdp	1.0	AY061724	Root;Basidiomycota;Agaricomycetes;Russulales;Russulaceae;Russula	Root;Basidiomycota;Agaricomycetes;Russulales;Russulaceae;Russula;Russula_vinosa	match	6
F1-REF	6	2	rdp	1.0	AY243618	Root;Basidiomycota;Agaricomycetes;Agaricales;Agaricaceae;Chlorophyllum	Root;Basidiomycota;Agaricomycetes;Agaricales;Agaricaceae;Chlorophyllum;Chlorophyllum_molybdites	match	6
F1-REF	6	2	rdp	1.0	EU784203	Root;Basidiomycota;Agaricomycetes	Root;Basidiomycota;Agaricomycetes;Agaricales;Entolomataceae;Entoloma;Entoloma_aprile	underclassification	3
F1-REF	6	2	rdp	1.0	AY061721	Root;Basidiomycota;Agaricomycetes;Russulales;Russulaceae;Russula	Root;Basidiomycota;Agaricomycetes;Russulales;Russulaceae;Russula;Russula_velenovskyi	match	6
F1-REF	6	2	rdp	1.0	FM878027	Root	Root;Basidiomycota;Agaricomycetes;Agaricales;Psathyrellaceae;Coprinopsis;Coprinopsis_stangliana	underclassification	1
F1-REF	6	2	rdp	1.0	JF908541	Root;Ascomycota;Pezizomycetes;Pezizales;Pezizaceae	Root;Ascomycota;Pezizomycetes;Pezizales;Pezizaceae;Peziza;Peziza_saccardoana	underclassification	5
F1-REF	6	2	rdp	1.0	AF402140	Root;Basidiomycota;Agaricomycetes;Boletales;Boletaceae	Root;Basidiomycota;Agaricomycetes;Boletales;Boletaceae;Boletus;Xerocomus_pruinatus	underclassification	5
F1-REF	6	2	rdp	1.0	AY176447	Root;Basidiomycota;Agaricomycetes;Agaricales	Root;Basidiomycota;Agaricomycetes;Agaricales;Agaricaceae;Leucocoprinus;Leucocoprinus_cretaceus	underclassification	4
F1-REF	6	2	rdp	1.0	GU934596	Root;Basidiomycota;Agaricomycetes	Root;Basidiomycota;Agaricomycetes;Agaricales;Strophariaceae;Pholiota;Pholiota_carbonaria	underclassification	3
F1-REF	6	2	rdp	1.0	EF540753	Root	Root;Ascomycota;Sordariomycetes;Sordariales;Chaetomiaceae;Chaetomium;Chaetomium_atrobrunneum	underclassification	1
F1-REF	6	2	rdp	1.0	GU222260	Root;Basidiomycota;Agaricomycetes;Russulales;Russulaceae;Cystangium;Cystangium_theodoroui	Root;Basidiomycota;Agaricomycetes;Russulales;Russulaceae;Russula;Russula_atrovirens	misclassification	5
F1-REF	6	2	rdp	1.0	DQ139989	Root;Basidiomycota;Agaricomycetes;Agaricales;Cortinariaceae	Root;Basidiomycota;Agaricomycetes;Agaricales;Cortinariaceae;Cortinarius;Cortinarius_sordidemaculatus	underclassification	5
F1-REF	6	2	rdp	1.0	EU035465	Root;Ascomycota	Root;Ascomycota;Dothideomycetes;Pleosporales;Venturiaceae;Venturia;Venturia_nashicola	underclassification	2
F1-REF	6	2	rdp	1.0	GU222268	Root;Basidiomycota;Agaricomycetes	Root;Basidiomycota;Agaricomycetes;Agaricales;Cortinariaceae;Cortinarius;Cortinarius_collybianus	underclassification	3
F1-REF	6	2	rdp	1.0	EU563469	Root;Ascomycota;Lecanoromycetes;Teloschistales;Teloschistaceae;Caloplaca;Caloplaca_nigromarina	Root;Ascomycota;Lecanoromycetes;Teloschistales;Teloschistaceae;Caloplaca;Caloplaca_microthallina	overclassification	6
F1-REF	6	2	rdp	1.0	EU367451	Root;Ascomycota;Sordariomycetes;Calosphaeriales;Calosphaeriaceae;Calosphaeria;Calosphaeria_africana	Root;Ascomycota;Sordariomycetes;Calosphaeriales;Calosphaeriaceae;Calosphaeria;Calosphaeria_pulchella	overclassification	6
F1-REF	6	2	rdp	1.0	EU367450	Root;Ascomycota;Sordariomycetes;Calosphaeriales;Calosphaeriaceae;Jattaea;Jattaea_leucospermi	Root;Ascomycota;Sordariomycetes;Calosphaeriales;Calosphaeriaceae;Jattaea;Jattaea_mookgoponga	overclassification	6
F1-REF	6	2	rdp	1.0	FJ534883	Root	Root;Basidiomycota;Tremellomycetes;Tremellales;Tremellaceae;Tremella;Tremella_globispora	underclassification	1
F1-REF	6	2	rdp	1.0	JN638261	Root;Ascomycota	Root;Ascomycota;Eurotiomycetes;Verrucariales;Verrucariaceae;Hydropunctaria;Hydropunctaria_maura	underclassification	2
F1-REF	6	2	rdp	1.0	AB546939	Root;Ascomycota	Root;Ascomycota;Leotiomycetes;Helotiales;Hyaloscyphaceae;Hyaloscypha;Hyaloscypha_albohyalina_var_albohyalina	underclassification	2
F1-REF	6	2	rdp	1.0	FJ798705	Root;Basidiomycota;Agaricomycetes;Polyporales;Steccherinaceae	Root;Basidiomycota;Agaricomycetes;Polyporales;Steccherinaceae;Steccherinum;Steccherinum_murashkinskyi	underclassification	5
F1-REF	6	2	rdp	1.0	AY789363	Root	Root;Ascomycota;Eurotiomycetes;Mycocaliciales;Mycocaliciaceae;Mycocalicium;Mycocalicium_polyporaeum	underclassification	1
F1-REF	6	2	rdp	1.0	AF454408	Root;Basidiomycota;Agaricomycetes;Russulales;Auriscalpiaceae;Artomyces	Root;Basidiomycota;Agaricomycetes;Russulales;Auriscalpiaceae;Artomyces;Artomyces_austropiperatus	match	6
F1-REF	6	2	rdp	1.0	EU263921	Root;Ascomycota;Lecanoromycetes;Lecideales	Root;Ascomycota;Lecanoromycetes;Lecideales;Lecideaceae;Lecidea;Lecidea_confluens	underclassification	4
F1-REF	6	2	rdp	1.0	AY061658	Root;Basidiomycota;Agaricomycetes;Russulales;Russulaceae	Root;Basidiomycota;Agaricomycetes;Russulales;Russulaceae;Russula;Russula_aurantiaca	underclassification	5
F1-REF	6	2	rdp	1.0	GU979031	Root	Root;Ascomycota;Pezizomycetes;Pezizales;Tuberaceae;Tuber;Tuber_umbilicatum	underclassification	1
F1-REF	6	2	rdp	1.0	AY525773	Root;Ascomycota	Root;Ascomycota;Sordariomycetes;Sordariales;Lasiosphaeriaceae;Podospora;Podospora_anserina	underclassification	2
F1-REF	6	2	rdp	1.0	EU819497	Root;Basidiomycota;Agaricomycetes;Thelephorales;Thelephoraceae	Root;Basidiomycota;Agaricomycetes;Thelephorales;Thelephoraceae;Tomentella;Tomentella_ferruginea	underclassification	5
F1-REF	6	2	rdp	1.0	JF908381	Root	Root;Basidiomycota;Agaricomycetes;Agaricales;Mycenaceae;Mycena;Mycena_alba	underclassification	1
F1-REF	6	2	rdp	1.0	EF200013	Root;Basidiomycota	Root;Basidiomycota;Ustilaginomycetes;Urocystidales;Glomosporiaceae;Thecaphora;Thecaphora_amaranthi	underclassification	2
F1-REF	6	2	rdp	1.0	FJ436331	Root;Basidiomycota;Agaricomycetes;Agaricales;Cortinariaceae;Inocybe	Root;Basidiomycota;Agaricomycetes;Agaricales;Cortinariaceae;Inocybe;Inocybe_luteifolia	match	6
F1-REF	6	2	rdp	1.0	AF458456	Root;Basidiomycota;Agaricomycetes;Agaricales;Tricholomataceae;Tricholoma	Root;Basidiomycota;Agaricomycetes;Agaricales;Tricholomataceae;Tricholoma;Tricholoma_flavovirens	match	6
F1-REF	6	2	rdp	1.0	JN813424	Root;Ascomycota;Lecanoromycetes;Teloschistales;Teloschistaceae;Caloplaca	Root;Ascomycota;Lecanoromycetes;Teloschistales;Teloschistaceae;Caloplaca;Caloplaca_limonia	match	6
F1-REF	6	2	rdp	1.0	EU819499	Root;Basidiomycota;Agaricomycetes;Agaricales;Cortinariaceae;Cortinarius	Root;Basidiomycota;Agaricomycetes;Agaricales;Cortinariaceae;Cortinarius;Cortinarius_subsertipes	match	6
F1-REF	6	2	rdp	1.0	EU819498	Root;Basidiomycota	Root;Basidiomycota;Agaricomycetes;Agaricales;Cortinariaceae;Inocybe;Inocybe_caesariata	underclassification	2
F1-REF	6	2	rdp	1.0	AF506402	Root;Basidiomycota	Root;Basidiomycota;Agaricomycetes;Russulales;Stereaceae;Aleurocystidiellum;Aleurocystidiellum_disciforme	underclassification	2
F1-REF	6	2	rdp	1.0	EU659130	Root;Basidiomycota;Exobasidiomycetes;Tilletiales;Tilletiaceae;Tilletia	Root;Basidiomycota;Exobasidiomycetes;Tilletiales;Tilletiaceae;Tilletia;Tilletia_moliniae	match	6
F1-REF	6	2	rdp	1.0	FJ431254	Root;Basidiomycota;Agaricomycetes;Agaricales;Marasmiaceae;Marasmius	Root;Basidiomycota;Agaricomycetes;Agaricales;Marasmiaceae;Marasmius;Marasmius_aff_leoninus_TYS_423	match	6
F1-REF	6	2	rdp	1.0	FJ654654	Root;Ascomycota;Leotiomycetes;Helotiales	Root;Ascomycota;Leotiomycetes;Helotiales;Dermateaceae;Neofabraea;Neofabraea_alba	underclassification	4
F1-REF	6	2	rdp	1.0	GU234067	Root;Basidiomycota;Agaricomycetes;Agaricales;Strophariaceae	Root;Basidiomycota;Agaricomycetes;Agaricales;Strophariaceae;Hypholoma;Hypholoma_elongatipes	underclassification	5
F1-REF	6	2	rdp	1.0	HQ604180	Root;Basidiomycota;Agaricomycetes;Agaricales;Cortinariaceae;Inocybe	Root;Basidiomycota;Agaricomycetes;Agaricales;Cortinariaceae;Inocybe;Inocybe_pseudodestricta	match	6
F1-REF	6	2	rdp	1.0	EU181215	Root;Basidiomycota;Exobasidiomycetes;Tilletiales;Tilletiaceae;Tilletia;Tilletia_fusca	Root;Basidiomycota;Exobasidiomycetes;Tilletiales;Tilletiaceae;Tilletia;Tilletia_trabuti	overclassification	6
F1-REF	6	2	rdp	1.0	GQ890352	Root;Ascomycota;Dothideomycetes	Root;Ascomycota;Dothideomycetes;Capnodiales;Mycosphaerellaceae;Mycosphaerella;Mycosphaerella_medusae	underclassification	3
F1-REF	6	2	rdp	1.0	FJ827715	Root	Root;Chytridiomycota;Chytridiomycetes;Spizellomycetales;Spizellomycetaceae;Spizellomyces;Spizellomyces_pseudodichotomus	underclassification	1
F1-REF	6	2	rdp	1.0	EU551184	Root;Ascomycota;Dothideomycetes;Pleosporales;Sporormiaceae;Preussia;Preussia_africana	Root;Ascomycota;Dothideomycetes;Pleosporales;Sporormiaceae;Preussia;Sporormiella_isomera	overclassification	6
F1-REF	6	2	rdp	1.0	AF193379	Root	Root;Basidiomycota;Agaricomycetes;Agaricales;Typhulaceae;Typhula;Typhula_incarnata	underclassification	1
F1-REF	6	2	rdp	1.0	GQ203758	Root	Root;Ascomycota;Dothideomycetes;Pleosporales;Sporormiaceae;Westerdykella;Westerdykella_angulata	underclassification	1
F1-REF	6	2	rdp	1.0	EU926221	Root;Ascomycota;Sordariomycetes	Root;Ascomycota;Sordariomycetes;Hypocreales;Nectriaceae;Fusarium;Fusarium_domesticum	underclassification	3
F1-REF	6	2	rdp	1.0	GU479300	Root;Basidiomycota;Agaricomycetes	Root;Basidiomycota;Agaricomycetes;Boletales;Hymenogasteraceae;Hymenogaster;Hymenogaster_intermedius	underclassification	3
F1-REF	6	2	rdp	1.0	EU598202	Root;Basidiomycota;Agaricomycetes;Russulales;Russulaceae	Root;Basidiomycota;Agaricomycetes;Russulales;Russulaceae;Russula;Russula_glutinosa	underclassification	5
F1-REF	6	2	rdp	1.0	EU598200	Root;Basidiomycota;Agaricomycetes;Russulales;Russulaceae	Root;Basidiomycota;Agaricomycetes;Russulales;Russulaceae;Lactarius;Lactarius_deceptivus	underclassification	5
F1-REF	6	2	rdp	1.0	EU598201	Root	Root;Basidiomycota;Agaricomycetes;Russulales;Russulaceae;Lactarius;Lactarius_allardii	underclassification	1
F1-REF	6	2	rdp	1.0	U61390	Root	Root;Ascomycota;Pezizomycetes;Pezizales;Morchellaceae;Morchella;Morchella_elata	underclassification	1
F1-REF	6	2	rdp	1.0	GU300074	Root	Root;Ascomycota;Sordariomycetes;Xylariales;Xylariaceae;Xylaria;Xylaria_tuberoides	underclassification	1
F1-REF	6	2	rdp	1.0	AM882784	Root;Basidiomycota;Agaricomycetes;Agaricales;Cortinariaceae;Inocybe	Root;Basidiomycota;Agaricomycetes;Agaricales;Cortinariaceae;Inocybe;Inocybe_spuria	match	6
F1-REF	6	2	rdp	1.0	GU300071	Root	Root;Ascomycota;Sordariomycetes;Xylariales;Xylariaceae;Rosellinia;Rosellinia_merrillii	underclassification	1
F1-REF	6	2	rdp	1.0	GU207310	Root;Basidiomycota;Agaricomycetes;Polyporales	Root;Basidiomycota;Agaricomycetes;Polyporales;Polyporaceae;Lentinus;Lentinus_scleropus	underclassification	4
F1-REF	6	2	rdp	1.0	EF093316	Root;Ascomycota;Saccharomycetes;Saccharomycetales	Root;Ascomycota;Saccharomycetes;Saccharomycetales;Pichiaceae;Pichia;Pichia_americana	underclassification	4
F1-REF	6	2	rdp	1.0	EU186402	Root;Ascomycota;Sordariomycetes;Hypocreales;Hypocreaceae;Trichoderma	Root;Ascomycota;Sordariomycetes;Hypocreales;Hypocreaceae;Trichoderma;Trichoderma_atroviride	match	6
F1-REF	6	2	rdp	1.0	DQ320563	Root;Ascomycota	Root;Ascomycota;Lecanoromycetes;Peltigerales;Nephromataceae;Nephroma;Nephroma_antarcticum	underclassification	2
F1-REF	6	2	rdp	1.0	EU409583	Root;Ascomycota;Sordariomycetes;Hypocreales;Clavicipitaceae;Hypocrella	Root;Ascomycota;Sordariomycetes;Hypocreales;Clavicipitaceae;Aschersonia;Aschersonia_minutispora	misclassification	5
F1-REF	6	2	rdp	1.0	FJ617293	Root	Root;Basidiomycota;Agaricomycetes;Auriculariales;Auriculariaceae;Auricularia;Auricularia_polytricha	underclassification	1
F1-REF	6	2	rdp	1.0	GU234110	Root;Basidiomycota;Agaricomycetes;Agaricales	Root;Basidiomycota;Agaricomycetes;Agaricales;Tricholomataceae;Clitocybe;Clitocybe_paxillus	underclassification	4
F1-REF	6	2	rdp	1.0	JN049882	Root	Root;Ascomycota;Sordariomycetes;Hypocreales;Clavicipitaceae;Metacordyceps;Metacordyceps_atrovirens	underclassification	1
F1-REF	6	2	rdp	1.0	HQ714701	Root;Basidiomycota;Agaricomycetes;Russulales;Russulaceae	Root;Basidiomycota;Agaricomycetes;Russulales;Russulaceae;Lactarius;Lactarius_cyathuliformis	underclassification	5
F1-REF	6	2	rdp	1.0	JN944020	Root;Basidiomycota;Agaricomycetes;Cantharellales;Cantharellaceae;Cantharellus	Root;Basidiomycota;Agaricomycetes;Cantharellales;Cantharellaceae;Cantharellus;Cantharellus_amethysteus	match	6
F1-REF	6	2	rdp	1.0	GQ411509	Root;Basidiomycota;Agaricomycetes;Russulales;Auriscalpiaceae;Artomyces	Root;Basidiomycota;Agaricomycetes;Russulales;Auriscalpiaceae;Artomyces;Artomyces_candelabrus	match	6
F1-REF	6	2	rdp	1.0	UDB011208	Root	Root;Basidiomycota;Agaricomycetes;Agaricales;Amanitaceae;Amanita;Amanita_strobiliformis	underclassification	1
F1-REF	6	2	rdp	1.0	FN435748	Root	Root;Ascomycota;Sordariomycetes;Xylariales;Xylariaceae;Biscogniauxia;Biscogniauxia_nummularia	underclassification	1
F1-REF	6	2	rdp	1.0	HQ179684	Root	Root;Basidiomycota;Agaricomycetes;Agaricales;Hygrophoraceae;Hygrophorus;Hygrophorus_acutoides	underclassification	1
F1-REF	6	2	rdp	1.0	UDB011202	Root;Basidiomycota;Agaricomycetes;Russulales;Russulaceae;Russula;Russula_littoralis	Root;Basidiomycota;Agaricomycetes;Russulales;Russulaceae;Russula;Russula_pallidospora	overclassification	6
F1-REF	6	2	rdp	1.0	EF452729	Root;Ascomycota	Root;Ascomycota;Dothideomycetes;Pleosporales;Phaeosphaeriaceae;Phaeosphaeria;Phaeosphaeria_avenaria_f._sp._triticae	underclassification	2
F1-REF	6	2	rdp	1.0	AB180350	Root;Basidiomycota;Exobasidiomycetes;Exobasidiales;Exobasidiaceae;Exobasidium	Root;Basidiomycota;Exobasidiomycetes;Exobasidiales;Exobasidiaceae;Exobasidium;Exobasidium_inconspicuum	match	6
F1-REF	6	2	rdp	1.0	AY425646	Root;Ascomycota;Lecanoromycetes;Lecanorales;Psoraceae;Protoblastenia;Protoblastenia_calva	Root;Ascomycota;Lecanoromycetes;Lecanorales;Psoraceae;Protoblastenia;Protoblastenia_calvella	overclassification	6
F1-REF	6	2	rdp	1.0	JN710601	Root	Root;Basidiomycota;Agaricomycetes;Polyporales;Sistotremataceae;Trechispora;Trechispora_subhelvetica	underclassification	1
F1-REF	6	2	rdp	1.0	EF409735	Root;Basidiomycota;Agaricomycetes	Root;Basidiomycota;Agaricomycetes;Agaricales;Pleurotaceae;Hohenbuehelia;Hohenbuehelia_mastrucata	underclassification	3
F1-REF	6	2	rdp	1.0	FJ515002	Root;Ascomycota;Sordariomycetes	Root;Ascomycota;Sordariomycetes;Diaporthales;Valsaceae;Valsa;Valsa_sordida	underclassification	3
F1-REF	6	2	rdp	1.0	GU292819	Root;Ascomycota;Sordariomycetes	Root;Ascomycota;Sordariomycetes;Xylariales;Xylariaceae;Nemania;Nemania_beaumontii	underclassification	3
F1-REF	6	2	rdp	1.0	AB048632	Root	Root;Glomeromycota;Glomeromycetes;Archaeosporales;Ambisporaceae;Ambispora;Ambispora_leptoticha	underclassification	1
F1-REF	6	2	rdp	1.0	EU525966	Root;Basidiomycota;Agaricomycetes;Agaricales;Cortinariaceae	Root;Basidiomycota;Agaricomycetes;Agaricales;Cortinariaceae;Cortinarius;Cortinarius_cotoneus	underclassification	5
F1-REF	6	2	rdp	1.0	AF045879	Root;Basidiomycota;Microbotryomycetes;Microbotryales;Microbotryaceae	Root;Basidiomycota;Microbotryomycetes;Microbotryales;Microbotryaceae;Microbotryum;Microbotryum_kuehneanum	underclassification	5
F1-REF	6	2	rdp	1.0	AF542377	Root;Ascomycota	Root;Ascomycota;Eurotiomycetes;Chaetothyriales;Herpotrichiellaceae;Exophiala;Exophiala_mesophila	underclassification	2
F1-REF	6	2	rdp	1.0	EF025415	Root	Root;Ascomycota;Eurotiomycetes;Chaetothyriales;Herpotrichiellaceae;Exophiala;Exophiala_oligosperma	underclassification	1
F1-REF	6	2	rdp	1.0	AY745736	Root	Root;Ascomycota;Dothideomycetes;Pleosporales;Phaeosphaeriaceae;Phaeosphaeria;Phaeosphaeria_anchiala	underclassification	1
F1-REF	6	2	rdp	1.0	AF263938	Root;Basidiomycota;Agaricomycetes;Boletales;Rhizopogonaceae;Rhizopogon	Root;Basidiomycota;Agaricomycetes;Boletales;Rhizopogonaceae;Rhizopogon;Rhizopogon_vinicolor	match	6
F1-REF	6	2	rdp	1.0	JN159572	Root;Basidiomycota;Agaricomycetes;Agaricales;Psathyrellaceae	Root;Basidiomycota;Agaricomycetes;Agaricales;Psathyrellaceae;Coprinellus;Coprinellus_deminutus	underclassification	5
F1-REF	6	2	rdp	1.0	AF410474	Root	Root;Basidiomycota;Tremellomycetes;Tremellales;Tremellaceae;Tremella;Tremella_encephala	underclassification	1
F1-REF	6	2	rdp	1.0	GU300077	Root	Root;Ascomycota;Sordariomycetes;Xylariales;Xylariaceae;Kretzschmaria;Kretzschmaria_pavimentosa	underclassification	1
F1-REF	6	2	rdp	1.0	EU075199	Root;Ascomycota;Saccharomycetes;Saccharomycetales;Saccharomycetaceae	Root;Ascomycota;Saccharomycetes;Saccharomycetales;Saccharomycetaceae;Kazachstania;Kazachstania_zonata	underclassification	5
F1-REF	6	2	rdp	1.0	GQ461906	Root;Ascomycota;Eurotiomycetes;Eurotiales;Trichocomaceae	Root;Ascomycota;Eurotiomycetes;Eurotiales;Trichocomaceae;Neosartorya;Neosartorya_hiratsukae	underclassification	5
F1-REF	6	2	rdp	1.0	GQ292453	Root;Ascomycota;Lecanoromycetes;Peltigerales;Peltigeraceae;Peltigera	Root;Ascomycota;Lecanoromycetes;Peltigerales;Peltigeraceae;Peltigera;Peltigera_collina	match	6
F1-REF	6	2	rdp	1.0	AY046193	Root;Ascomycota;Saccharomycetes;Saccharomycetales;Saccharomycetaceae;Zygosaccharomyces;Zygosaccharomyces_lentus	Root;Ascomycota;Saccharomycetes;Saccharomycetales;Saccharomycetaceae;Zygosaccharomyces;Zygosaccharomyces_kombuchaensis	overclassification	6
F1-REF	6	2	rdp	1.0	GQ340442	Root;Ascomycota;Saccharomycetes;Saccharomycetales;Saccharomycetaceae	Root;Ascomycota;Saccharomycetes;Saccharomycetales;Saccharomycetaceae;Lachancea;Lachancea_fermentati	underclassification	5
F1-REF	6	2	rdp	1.0	DQ873657	Root	Root;Basidiomycota;Agaricomycetes;Polyporales;Tubulicrinaceae;Tubulicrinis;Tubulicrinis_hirtellus	underclassification	1
F1-REF	6	2	rdp	1.0	DQ885897	Root;Ascomycota;Dothideomycetes;Pleosporales	Root;Ascomycota;Dothideomycetes;Botryosphaeriales;Botryosphaeriaceae;Microdiplodia;Microdiplodia_hawaiiensis	misclassification	3
F1-REF	6	2	rdp	1.0	AJ537505	Root;Basidiomycota;Agaricomycetes	Root;Basidiomycota;Agaricomycetes;Thelephorales;Thelephoraceae;Thelephora;Thelephora_palmata	underclassification	3
F1-REF	6	2	rdp	1.0	UDB003329	Root;Basidiomycota;Agaricomycetes;Thelephorales;Thelephoraceae;Tomentella	Root;Basidiomycota;Agaricomycetes;Thelephorales;Thelephoraceae;Tomentella;Tomentella_coerulea	match	6
F1-REF	6	2	rdp	1.0	HQ162266	Root;Ascomycota;Dothideomycetes	Root;Ascomycota;Dothideomycetes;Capnodiales;Mycosphaerellaceae;Mycosphaerella;Mycosphaerella_nyssicola	underclassification	3
F1-REF	6	2	rdp	1.0	EU293828	Root;Basidiomycota;Agaricomycetes;Thelephorales	Root;Basidiomycota;Agaricomycetes;Thelephorales;Bankeraceae;Sarcodon;Sarcodon_leucopus	underclassification	4
F1-REF	6	2	rdp	1.0	EU293829	Root;Basidiomycota;Agaricomycetes	Root;Basidiomycota;Agaricomycetes;Thelephorales;Bankeraceae;Sarcodon;Sarcodon_scabripes	underclassification	3
F1-REF	6	2	rdp	1.0	AY345012	Root;Basidiomycota;Ustilaginomycetes;Ustilaginales;Ustilaginaceae	Root;Basidiomycota;Ustilaginomycetes;Ustilaginales;Ustilaginaceae;Ustilago;Ustilago_xerochloae	underclassification	5
F1-REF	6	2	rdp	1.0	AF333445	Root	Root;Ascomycota;Dothideomycetes;Pleosporales;Venturiaceae;Venturia;Venturia_pirina	underclassification	1
F1-REF	6	2	rdp	1.0	EU232215	Root	Root;Basidiomycota;Agaricomycetes;Polyporales;Meripilaceae;Antrodia;Antrodia_albobrunnea	underclassification	1
F1-REF	6	2	rdp	1.0	AM882929	Root;Basidiomycota;Agaricomycetes;Agaricales;Cortinariaceae	Root;Basidiomycota;Agaricomycetes;Agaricales;Cortinariaceae;Inocybe;Inocybe_assimilata	underclassification	5
F1-REF	6	2	rdp	1.0	EU232219	Root	Root;Basidiomycota;Agaricomycetes;Polyporales;Ganodermataceae;Ganoderma;Ganoderma_applanatum	underclassification	1
F1-REF	6	2	rdp	1.0	AY340004	Root;Basidiomycota;Agaricomycetes;Hymenochaetales;Hymenochaetaceae	Root;Basidiomycota;Agaricomycetes;Hymenochaetales;Hymenochaetaceae;Fomitiporia;Fomitiporia_polymorpha	underclassification	5
F1-REF	6	2	rdp	1.0	D49799	Root;Basidiomycota;Agaricomycetes;Agaricales;Pleurotaceae;Pleurotus	Root;Basidiomycota;Agaricomycetes;Agaricales;Pleurotaceae;Pleurotus;Pleurotus_djamor	match	6
F1-REF	6	2	rdp	1.0	DQ923536	Root;Ascomycota;Dothideomycetes	Root;Ascomycota;Dothideomycetes;Capnodiales;Mycosphaerellaceae;Mycosphaerella;Mycosphaerella_swartii	underclassification	3
F1-REF	6	2	rdp	1.0	DQ923530	Root;Ascomycota	Root;Ascomycota;Dothideomycetes;Myriangiales;Elsinoaceae;Elsinoe;Elsinoe_eucalyptorum	underclassification	2
F1-REF	6	2	rdp	1.0	AY083189	Root;Basidiomycota;Agaricomycetes;Agaricales;Cortinariaceae	Root;Basidiomycota;Agaricomycetes;Agaricales;Cortinariaceae;Cortinarius;Cortinarius_saturninus	underclassification	5
F1-REF	6	2	rdp	1.0	AF492107	Root;Ascomycota;Taphrinomycetes;Taphrinales;Taphrinaceae;Taphrina	Root;Ascomycota;Taphrinomycetes;Taphrinales;Taphrinaceae;Taphrina;Taphrina_populina	match	6
F1-REF	6	2	rdp	1.0	GQ406465	Root;Basidiomycota;Agaricomycetes;Agaricales;Hydnangiaceae;Laccaria	Root;Basidiomycota;Agaricomycetes;Agaricales;Hydnangiaceae;Laccaria;Laccaria_laccata_var_moelleri	match	6
F1-REF	6	2	rdp	1.0	AF492101	Root;Ascomycota;Taphrinomycetes;Taphrinales;Taphrinaceae;Taphrina	Root;Ascomycota;Taphrinomycetes;Taphrinales;Taphrinaceae;Taphrina;Taphrina_mirabilis	match	6
F1-REF	6	2	rdp	1.0	AY156967	Root	Root;Ascomycota;Eurotiomycetes;Chaetothyriales;Herpotrichiellaceae;Exophiala;Exophiala_spinifera	underclassification	1
F1-REF	6	2	rdp	1.0	U66456	Root	Root;Basidiomycota;Agaricomycetes;Agaricales;Tricholomataceae;Omphalina;Omphalina_viridis	underclassification	1
F1-REF	6	2	rdp	1.0	AB445115	Root	Root;Basidiomycota;Agaricomycetes;Cantharellales;Cantharellaceae;Craterellus;Craterellus_atratus	underclassification	1
F1-REF	6	2	rdp	1.0	AM712293	Root	Root;Basidiomycota;Agaricomycetes;Agaricales;Psathyrellaceae;Psathyrella;Psathyrella_gossypina	underclassification	1
F1-REF	6	2	rdp	1.0	U66455	Root;Basidiomycota;Agaricomycetes	Root;Basidiomycota;Agaricomycetes;Agaricales;Tricholomataceae;Arrhenia;Arrhenia_velutipes	underclassification	3
F1-REF	6	2	rdp	1.0	UDB011845	Root;Basidiomycota;Agaricomycetes;Hymenochaetales;Hymenochaetaceae;Onnia;Inonotus_tomentosus	Root;Basidiomycota;Agaricomycetes;Hymenochaetales;Hymenochaetaceae;Onnia;Onnia_tomentosa	overclassification	6
F1-REF	6	2	rdp	1.0	GQ149770	Root	Root;Ascomycota;Sordariomycetes;Hypocreales;Nectriaceae;Fusarium;Fusarium_chlamydosporum	underclassification	1
F1-REF	6	2	rdp	1.0	AB252466	Root;Ascomycota;Leotiomycetes;Erysiphales;Erysiphaceae	Root;Ascomycota;Leotiomycetes;Erysiphales;Erysiphaceae;Erysiphe;Erysiphe_pseudocarpinicola	underclassification	5
F1-REF	6	2	rdp	1.0	AF166523	Root;Basidiomycota;Agaricomycetes;Boletales;Suillaceae;Suillus	Root;Basidiomycota;Agaricomycetes;Boletales;Suillaceae;Suillus;Suillus_spraguei	match	6
F1-REF	6	2	rdp	1.0	GQ154594	Root;Ascomycota;Eurotiomycetes;Chaetothyriales;Herpotrichiellaceae;Phaeomoniella	Root;Ascomycota;Eurotiomycetes;Chaetothyriales;Herpotrichiellaceae;Phaeomoniella;Phaeomoniella_prunicola	match	6
F1-REF	6	2	rdp	1.0	AB015680	Root;Basidiomycota;Agaricomycetes;Agaricales;Amanitaceae;Amanita	Root;Basidiomycota;Agaricomycetes;Agaricales;Amanitaceae;Amanita;Amanita_citrina_var_grisea	match	6
F1-REF	6	2	rdp	1.0	EU669360	Root;Basidiomycota;Agaricomycetes	Root;Basidiomycota;Agaricomycetes;Agaricales;Cortinariaceae;Phaeocollybia;Phaeocollybia_radicata	underclassification	3
F1-REF	6	2	rdp	1.0	DQ383646	Root;Ascomycota;Lecanoromycetes;Lecanorales;Ramalinaceae	Root;Ascomycota;Lecanoromycetes;Lecanorales;Ramalinaceae;Ramalina;Ramalina_sinensis	underclassification	5
F1-REF	6	2	rdp	1.0	AY606985	Root;Basidiomycota;Agaricomycetes;Russulales;Russulaceae	Root;Basidiomycota;Agaricomycetes;Russulales;Russulaceae;Lactarius;Lactarius_rubroviolascens	underclassification	5
F1-REF	6	2	rdp	1.0	EU669366	Root;Basidiomycota;Agaricomycetes;Agaricales;Cortinariaceae;Phaeocollybia	Root;Basidiomycota;Agaricomycetes;Agaricales;Cortinariaceae;Phaeocollybia;Phaeocollybia_fallax	match	6
F1-REF	6	2	rdp	1.0	GU944808	Root;Ascomycota;Dothideomycetes;Botryosphaeriales;Botryosphaeriaceae	Root;Ascomycota;Dothideomycetes;Botryosphaeriales;Botryosphaeriaceae;Neofusicoccum;Neofusicoccum_parvum	underclassification	5
F1-REF	6	2	rdp	1.0	AF361227	Root;Basidiomycota;Agaricomycetes;Agaricales;Psathyrellaceae;Parasola	Root;Basidiomycota;Agaricomycetes;Agaricales;Psathyrellaceae;Coprinopsis;Coprinopsis_latispora	misclassification	5
F1-REF	6	2	rdp	1.0	FJ914927	Root;Ascomycota;Saccharomycetes;Saccharomycetales	Root;Ascomycota;Saccharomycetes;Saccharomycetales;Pichiaceae;Ogataea;Ogataea_thermomethanolica	underclassification	4
F1-REF	6	2	rdp	1.0	EU784372	Root;Basidiomycota;Agaricomycetes;Boletales	Root;Basidiomycota;Agaricomycetes;Boletales;Melanogastraceae;Melanogaster;Melanogaster_intermedius	underclassification	4
F1-REF	6	2	rdp	1.0	FJ481036	Root;Ascomycota	Root;Ascomycota;Sordariomycetes;Hypocreales;Nectriaceae;Neonectria;Neonectria_radicicola	underclassification	2
F1-REF	6	2	rdp	1.0	EU784292	Root;Basidiomycota;Agaricomycetes;Agaricales;Hygrophoraceae;Hygrocybe;Hygrocybe_chlorophana	Root;Basidiomycota;Agaricomycetes;Agaricales;Hygrophoraceae;Hygrocybe;Hygrocybe_citrinovirens	overclassification	6
F1-REF	6	2	rdp	1.0	EU784297	Root;Basidiomycota;Agaricomycetes;Agaricales;Hygrophoraceae	Root;Basidiomycota;Agaricomycetes;Agaricales;Hygrophoraceae;Hygrocybe;Hygrocybe_colemanniana	underclassification	5
F1-REF	6	2	rdp	1.0	EU255794	Root;Ascomycota;Sordariomycetes;Hypocreales;Nectriaceae;Gibberella;Gibberella_avenacea	Root;Ascomycota;Sordariomycetes;Hypocreales;Nectriaceae;Gibberella;Fusarium_avenaceum	overclassification	6
F1-REF	6	2	rdp	1.0	AB237824	Root;Ascomycota	Root;Ascomycota;Leotiomycetes;Erysiphales;Erysiphaceae;Oidium;Oidium_mangiferae	underclassification	2
F1-REF	6	2	rdp	1.0	AY956566	Root	Root;Basidiomycota;Pucciniomycetes;Pucciniales;Pucciniaceae;Puccinia;Puccinia_wolgensis	underclassification	1
F1-REF	6	2	rdp	1.0	EU784192	Root	Root;Basidiomycota;Agaricomycetes;Agaricales;Nidulariaceae;Cyathus;Cyathus_stercoreus	underclassification	1
F1-REF	6	2	rdp	1.0	EF197066	Root	Root;Ascomycota;Sordariomycetes;Sordariales;Lasiosphaeriaceae;Cercophora;Cercophora_acanthigera	underclassification	1
F1-REF	6	2	rdp	1.0	DQ097884	Root;Basidiomycota;Agaricomycetes	Root;Basidiomycota;Agaricomycetes;Agaricales;Hygrophoraceae;Hygrophorus;Hygrophorus_speciosus	underclassification	3
F1-REF	6	2	rdp	1.0	AY999132	Root;Ascomycota;Sordariomycetes	Root;Ascomycota;Sordariomycetes;Sordariales;Lasiosphaeriaceae;Zopfiella;Zopfiella_tabulata	underclassification	3
F1-REF	6	2	rdp	1.0	EF185083	Root;Basidiomycota;Ustilaginomycetes;Ustilaginales;Ustilaginaceae;Sporisorium	Root;Basidiomycota;Ustilaginomycetes;Ustilaginales;Ustilaginaceae;Sporisorium;Sporisorium_scitamineum	match	6
F1-REF	6	2	rdp	1.0	EU514294	Root;Ascomycota;Dothideomycetes;Capnodiales;Mycosphaerellaceae	Root;Ascomycota;Dothideomycetes;Capnodiales;Mycosphaerellaceae;Stenella;Stenella_musicola	underclassification	5
F1-REF	6	2	rdp	1.0	GU461941	Root;Basidiomycota;Agaricomycetes;Hymenochaetales;Hymenochaetaceae	Root;Basidiomycota;Agaricomycetes;Hymenochaetales;Hymenochaetaceae;Phellinus;Phellinus_tabaquilio	underclassification	5
F1-REF	6	2	rdp	1.0	AY461814	Root	Root;Basidiomycota;Agaricomycetes;Agaricales;Coprinaceae;Coprinus;Coprinus_cordisporus	underclassification	1
F1-REF	6	2	rdp	1.0	FJ627256	Root;Basidiomycota;Agaricomycetes;Polyporales;Polyporaceae;Daedaleopsis;Daedaleopsis_confragosa	Root;Basidiomycota;Agaricomycetes;Polyporales;Polyporaceae;Daedaleopsis;Daedaleopsis_sinensis	overclassification	6
F1-REF	6	2	rdp	1.0	FJ627257	Root;Basidiomycota;Agaricomycetes	Root;Basidiomycota;Agaricomycetes;Gloeophyllales;Gloeophyllaceae;Gloeophyllum;Gloeophyllum_carbonarium	underclassification	3
F1-REF	6	2	rdp	1.0	FJ627259	Root;Basidiomycota;Agaricomycetes;Hymenochaetales;Hymenochaetaceae;Phellinus	Root;Basidiomycota;Agaricomycetes;Hymenochaetales;Hymenochaetaceae;Phellinus;Phellinus_mori	match	6
F1-REF	6	2	rdp	1.0	AF173310	Root;Ascomycota	Root;Ascomycota;Dothideomycetes;Capnodiales;Mycosphaerellaceae;Ramularia;Ramularia_collo_cygni	underclassification	2
F1-REF	6	2	rdp	1.0	FJ872071	Root;Ascomycota;Eurotiomycetes;Eurotiales;Trichocomaceae	Root;Ascomycota;Eurotiomycetes;Eurotiales;Trichocomaceae;Penicillium;Penicillium_islandicum	underclassification	5
F1-REF	6	2	rdp	1.0	AF454590	Root;Basidiomycota;Agaricomycetes	Root;Basidiomycota;Agaricomycetes;Boletales;Boletaceae;Leccinum;Leccinum_crocipodium	underclassification	3
F1-REF	6	2	rdp	1.0	AF133179	Root	Root;Ascomycota;Pezizomycetes;Pezizales;Pezizaceae;Peziza;Peziza_petersii	underclassification	1
F1-REF	6	2	rdp	1.0	AF133176	Root;Ascomycota	Root;Ascomycota;Pezizomycetes;Pezizales;Pezizaceae;Peziza;Peziza_campestris	underclassification	2
F1-REF	6	2	rdp	1.0	DQ279501	Root	Root;Ascomycota;Lecanoromycetes;Lecanorales;Parmeliaceae;Hypotrachyna;Hypotrachyna_fissicarpa	underclassification	1
F1-REF	6	2	rdp	1.0	HM992808	Root;Ascomycota;Sordariomycetes	Root;Ascomycota;Sordariomycetes;Xylariales;Xylariaceae;Xylaria;Xylaria_feejeensis	underclassification	3
F1-REF	6	2	rdp	1.0	EU681361	Root;Ascomycota;Lecanoromycetes;Teloschistales;Teloschistaceae	Root;Ascomycota;Lecanoromycetes;Teloschistales;Teloschistaceae;Xanthomendoza;Xanthomendoza_poeltii	underclassification	5
F1-REF	6	2	rdp	1.0	GQ253457	Root;Basidiomycota;Agaricomycetes;Hymenochaetales;Hymenochaetaceae	Root;Basidiomycota;Agaricomycetes;Hymenochaetales;Hymenochaetaceae;Fomitiporia;Fomitiporia_mediterranea	underclassification	5
F1-REF	6	2	rdp	1.0	EF121816	Root;Basidiomycota;Agaricomycetes;Agaricales;Agaricaceae;Leucoagaricus	Root;Basidiomycota;Agaricomycetes;Agaricales;Agaricaceae;Lepiota;Lepiota_roseolivida	misclassification	5
F1-REF	6	2	rdp	1.0	EU669210	Root	Root;Basidiomycota;Agaricomycetes;Cantharellales;Clavulinaceae;Clavulina;Clavulina_castaneipes	underclassification	1
F1-REF	6	2	rdp	1.0	EU669214	Root	Root;Ascomycota;Pezizomycetes;Pezizales;Pyronemataceae;Aleuria;Sowerbyella_rhenana	underclassification	1
F1-REF	6	2	rdp	1.0	AY256891	Root	Root;Basidiomycota;Agaricomycetes;Polyporales;Sparassidaceae;Sparassis;Sparassis_cystidiosa	underclassification	1
F1-REF	6	2	rdp	1.0	AB180352	Root;Basidiomycota;Exobasidiomycetes;Exobasidiales;Exobasidiaceae;Exobasidium	Root;Basidiomycota;Exobasidiomycetes;Exobasidiales;Exobasidiaceae;Exobasidium;Exobasidium_pachysporum	match	6
F1-REF	6	2	rdp	1.0	UDB011476	Root	Root;Ascomycota;Pezizomycetes;Pezizales;Morchellaceae;Ptychoverpa;Ptychoverpa_bohemica	underclassification	1
F1-REF	6	2	rdp	1.0	EU673370	Root;Ascomycota;Sordariomycetes;Hypocreales	Root;Ascomycota;Sordariomycetes;Hypocreales;Clavicipitaceae;Cordyceps;Cordyceps_brongniartii	underclassification	4
F1-REF	6	2	rdp	1.0	GU594152	Root;Basidiomycota;Agaricomycetes	Root;Basidiomycota;Agaricomycetes;Polyporales;Fomitopsidaceae;Auriporia;Auriporia_aurea	underclassification	3
F1-REF	6	2	rdp	1.0	UDB011203	Root;Basidiomycota;Agaricomycetes;Russulales;Russulaceae;Russula	Root;Basidiomycota;Agaricomycetes;Russulales;Russulaceae;Russula;Russula_decipiens	match	6
F1-REF	6	2	rdp	1.0	AY154696	Root;Ascomycota;Dothideomycetes;Pleosporales;Pleosporaceae;Alternaria	Root;Ascomycota;Dothideomycetes;Pleosporales;Pleosporaceae;Alternaria;Alternaria_zinniae	match	6
F1-REF	6	2	rdp	1.0	FM878031	Root;Basidiomycota;Agaricomycetes;Agaricales;Psathyrellaceae;Coprinopsis	Root;Basidiomycota;Agaricomycetes;Agaricales;Psathyrellaceae;Coprinopsis;Coprinopsis_lagopus_var_vacillans	match	6
F1-REF	6	2	rdp	1.0	AY176459	Root;Basidiomycota;Agaricomycetes	Root;Basidiomycota;Agaricomycetes;Agaricales;Agaricaceae;Cystolepiota;Cystolepiota_hetieri	underclassification	3
F1-REF	6	2	rdp	1.0	DQ345581	Root;Ascomycota;Sordariomycetes;Hypocreales;Ophiocordycipitaceae	Root;Ascomycota;Sordariomycetes;Hypocreales;Ophiocordycipitaceae;Hirsutella;Hirsutella_vermicola	underclassification	5
F1-REF	6	2	rdp	1.0	AY862572	Root;Ascomycota	Root;Ascomycota;Sordariomycetes;Xylariales;Xylariaceae;Rosellinia;Rosellinia_mirabilis	underclassification	2
F1-REF	6	2	rdp	1.0	EU770613	Root;Basidiomycota;Pucciniomycetes;Pucciniales;Pucciniaceae;Puccinia	Root;Basidiomycota;Pucciniomycetes;Pucciniales;Pucciniaceae;Puccinia;Puccinia_trebouxi	match	6
F1-REF	6	2	rdp	1.0	EU621831	Root;Ascomycota	Root;Ascomycota;Sordariomycetes;Sordariales;Lasiosphaeriaceae;Podospora;Podospora_communis	underclassification	2
F1-REF	6	2	rdp	1.0	GU934587	Root;Ascomycota;Sordariomycetes;Hypocreales	Root;Ascomycota;Sordariomycetes;Hypocreales;Bionectriaceae;Clonostachys;Clonostachys_divergens	underclassification	4
F1-REF	6	2	rdp	1.0	GU222275	Root;Basidiomycota;Agaricomycetes;Agaricales;Cortinariaceae	Root;Basidiomycota;Agaricomycetes;Agaricales;Cortinariaceae;Cortinarius;Cortinarius_meleagris	underclassification	5
F1-REF	6	2	rdp	1.0	AF440867	Root;Basidiomycota;Agaricomycetes;Boletales;Sclerodermataceae;Pisolithus;Pisolithus_tinctorius	Root;Basidiomycota;Agaricomycetes;Boletales;Sclerodermataceae;Pisolithus;Pisolithus_microcarpus	overclassification	6
F1-REF	6	2	rdp	1.0	GU222270	Root;Basidiomycota;Agaricomycetes;Agaricales;Cortinariaceae	Root;Basidiomycota;Agaricomycetes;Agaricales;Cortinariaceae;Cortinarius;Cortinarius_subcastanellus	underclassification	5
F1-REF	6	2	rdp	1.0	AY339334	Root;Ascomycota;Sordariomycetes;Diaporthales;Schizoparmaceae;Pilidiella;Pilidiella_diplodiella	Root;Ascomycota;Sordariomycetes;Diaporthales;Schizoparmaceae;Pilidiella;Pilidiella_diplodiopsis	overclassification	6
F1-REF	6	2	rdp	1.0	UDB000251	Root	Root;Basidiomycota;Agaricomycetes;Thelephorales;Thelephoraceae;Tomentella;Tomentella_bryophila	underclassification	1
F1-REF	6	2	rdp	1.0	HQ185699	Root	Root;Basidiomycota;Agaricomycetes;Agaricales;Hygrophoraceae;Hygrophorus;Hygrophorus_canescens	underclassification	1
F1-REF	6	2	rdp	1.0	JN596330	Root;Basidiomycota;Agaricomycetes;Polyporales	Root;Basidiomycota;Agaricomycetes;Polyporales;Ganodermataceae;Ganoderma;Ganoderma_mastoporum	underclassification	4
F1-REF	6	2	rdp	1.0	JN943446	Root	Root;Ascomycota;Sordariomycetes;Microascales;Halosphaeriaceae;Corollospora;Corollospora_pulchella	underclassification	1
F1-REF	6	2	rdp	1.0	JF836021	Root	Root;Ascomycota;Archaeorhizomycetes;Archaeorhizomycetales;Archaeorhizomycetaceae;Archaeorhizomyces;Archaeorhizomyces_finlayi	underclassification	1
F1-REF	6	2	rdp	1.0	EU402582	Root	Root;Basidiomycota;Agaricomycetes;Polyporales;Polyporaceae;Laetiporus;Laetiporus_persicinus	underclassification	1
F1-REF	6	2	rdp	1.0	EU177576	Root	Root;Basidiomycota;Tremellomycetes;Filobasidiales;Filobasidiaceae;Cryptococcus;Cryptococcus_flavus	underclassification	1
F1-REF	6	2	rdp	1.0	FJ494949	Root;Ascomycota;Lecanoromycetes;Lecanorales;Parmeliaceae;Usnea	Root;Ascomycota;Lecanoromycetes;Lecanorales;Parmeliaceae;Usnea;Usnea_rubicunda	match	6
F1-REF	6	2	rdp	1.0	AJ605999	Root;Ascomycota	Root;Ascomycota;Sordariomycetes;Hypocreales;Clavicipitaceae;Claviceps;Claviceps_digitariae	underclassification	2
F1-REF	6	2	rdp	1.0	EU860058	Root;Ascomycota	Root;Ascomycota;Sordariomycetes;Hypocreales;Nectriaceae;Fusarium;Fusarium_merismoides_var_acetilereum	underclassification	2
F1-REF	6	2	rdp	1.0	EU816926	Root;Basidiomycota;Pucciniomycetes;Pucciniales;Pucciniaceae	Root;Basidiomycota;Pucciniomycetes;Pucciniales;Pucciniaceae;Puccinia;Puccinia_chrysanthemi	underclassification	5
F1-REF	6	2	rdp	1.0	GU827320	Root;Ascomycota;Lecanoromycetes;Lecanorales;Ramalinaceae;Ramalina	Root;Ascomycota;Lecanoromycetes;Lecanorales;Ramalinaceae;Ramalina;Ramalina_cupularis	match	6
F1-REF	6	2	rdp	1.0	EU816925	Root;Basidiomycota;Pucciniomycetes;Pucciniales;Pucciniaceae	Root;Basidiomycota;Pucciniomycetes;Pucciniales;Pucciniaceae;Puccinia;Puccinia_horiana	underclassification	5
F1-REF	6	2	rdp	1.0	DQ494361	Root;Ascomycota	Root;Ascomycota;Orbiliomycetes;Orbiliales;Orbiliaceae;Dactylella;Dactylella_ramosa	underclassification	2
F1-REF	6	2	rdp	1.0	FJ860849	Root;Ascomycota;Sordariomycetes;Hypocreales;Hypocreaceae	Root;Ascomycota;Sordariomycetes;Hypocreales;Hypocreaceae;Hypocrea;Hypocrea_strictipilosa	underclassification	5
F1-REF	6	2	rdp	1.0	EU301057	Root;Ascomycota;Sordariomycetes;Diaporthales;Valsaceae	Root;Ascomycota;Sordariomycetes;Diaporthales;Valsaceae;Cytospora;Cytospora_rhizophorae	underclassification	5
F1-REF	6	2	rdp	1.0	EF652046	Root;Ascomycota;Eurotiomycetes;Eurotiales;Trichocomaceae;Aspergillus	Root;Ascomycota;Eurotiomycetes;Eurotiales;Trichocomaceae;Aspergillus;Aspergillus_vitricola	match	6
F1-REF	6	2	rdp	1.0	FJ710192	Root	Root;Basidiomycota;Agaricomycetes;Boletales;Calostomataceae;Calostoma;Calostoma_lutescens	underclassification	1
F1-REF	6	2	rdp	1.0	EF493247	Root;Basidiomycota;Agaricomycetes;Boletales;Boletaceae;Boletus;Xerocomus_rubellus	Root;Basidiomycota;Agaricomycetes;Boletales;Boletaceae;Boletus;Xerocomus_communis	overclassification	6
F1-REF	6	2	rdp	1.0	FJ710197	Root;Basidiomycota;Agaricomycetes;Boletales;Calostomataceae;Calostoma	Root;Basidiomycota;Agaricomycetes;Boletales;Calostomataceae;Calostoma;Calostoma_ravenelii	match	6
F1-REF	6	2	rdp	1.0	FJ710194	Root	Root;Basidiomycota;Agaricomycetes;Boletales;Calostomataceae;Calostoma;Calostoma_miniata	underclassification	1
F1-REF	6	2	rdp	1.0	AF335449	Root;Basidiomycota;Agaricomycetes;Agaricales	Root;Basidiomycota;Agaricomycetes;Agaricales;Entolomataceae;Entoloma;Entoloma_nitidum	underclassification	4
F1-REF	6	2	rdp	1.0	FJ710198	Root	Root;Basidiomycota;Agaricomycetes;Boletales;Calostomataceae;Calostoma;Calostoma_rodwayi	underclassification	1
F1-REF	6	2	rdp	1.0	AB300502	Root	Root;Ascomycota;Saccharomycetes;Saccharomycetales;Dipodascaceae;Dipodascus;Dipodascus_tetrasporeus	underclassification	1
F1-REF	6	2	rdp	1.0	GQ231739	Root;Ascomycota;Pezizomycetes;Pezizales;Pezizaceae;Mattirolomyces	Root;Ascomycota;Pezizomycetes;Pezizales;Pezizaceae;Mattirolomyces;Mattirolomyces_mulpu	match	6
F1-REF	6	2	rdp	1.0	AY606942	Root	Root;Basidiomycota;Agaricomycetes;Russulales;Russulaceae;Lactarius;Lactarius_angiocarpus	underclassification	1
F1-REF	6	2	rdp	1.0	DQ680073	Root	Root;Basidiomycota;Tremellomycetes;Tremellales;Tremellaceae;Tremella;Tremella_nivalis	underclassification	1
F1-REF	6	2	rdp	1.0	EU520212	Root;Ascomycota;Sordariomycetes;Hypocreales;Hypocreaceae	Root;Ascomycota;Sordariomycetes;Hypocreales;Hypocreaceae;Trichoderma;Trichoderma_piluliferum	underclassification	5
F1-REF	6	2	rdp	1.0	DQ680077	Root	Root;Basidiomycota;Tremellomycetes;Tremellales;Tremellaceae;Tremella;Tremella_taiwanensis	underclassification	1
F1-REF	6	2	rdp	1.0	DQ340310	Root;Basidiomycota;Agaricomycetes;Hymenochaetales;Schizoporaceae;Hyphodontia	Root;Basidiomycota;Agaricomycetes;Hymenochaetales;Schizoporaceae;Hyphodontia;Hyphodontia_nespori	match	6
F1-REF	6	2	rdp	1.0	DQ663293	Root;Basidiomycota;Agaricomycetes;Agaricales;Cortinariaceae;Cortinarius	Root;Basidiomycota;Agaricomycetes;Agaricales;Cortinariaceae;Cortinarius;Cortinarius_elegantior	match	6
F1-REF	6	2	rdp	1.0	GU222298	Root;Basidiomycota;Agaricomycetes;Agaricales;Cortinariaceae	Root;Basidiomycota;Agaricomycetes;Agaricales;Cortinariaceae;Cortinarius;Cortinarius_alienatus	underclassification	5
F1-REF	6	2	rdp	1.0	DQ389722	Root;Basidiomycota;Agaricomycetes;Agaricales	Root;Basidiomycota;Agaricomycetes;Agaricales;Psathyrellaceae;Psathyrella;Psathyrella_olympiana	underclassification	4
F1-REF	6	2	rdp	1.0	DQ389721	Root	Root;Basidiomycota;Agaricomycetes;Agaricales;Psathyrellaceae;Psathyrella;Psathyrella_typhae	underclassification	1
F1-REF	6	2	rdp	1.0	FJ412084	Root;Ascomycota;Sordariomycetes;Hypocreales;Hypocreaceae	Root;Ascomycota;Sordariomycetes;Hypocreales;Hypocreaceae;Trichoderma;Trichoderma_helicum	underclassification	5
F1-REF	6	2	rdp	1.0	EU409592	Root;Ascomycota;Sordariomycetes;Hypocreales;Clavicipitaceae;Hypocrella;Hypocrella_discoidea	Root;Ascomycota;Sordariomycetes;Hypocreales;Clavicipitaceae;Hypocrella;Hypocrella_luteola	overclassification	6
F1-REF	6	2	rdp	1.0	AF433147	Root;Ascomycota;Leotiomycetes;Rhytismatales	Root;Ascomycota;Leotiomycetes;Rhytismatales;Cudoniaceae;Cudonia;Cudonia_sichuanensis	underclassification	4
F1-REF	6	2	rdp	1.0	AB627114	Root;Ascomycota;Sordariomycetes;Microascales;Microascaceae	Root;Ascomycota;Sordariomycetes;Microascales;Microascaceae;Scopulariopsis;Scopulariopsis_flava	underclassification	5
F1-REF	6	2	rdp	1.0	AY729939	Root;Ascomycota	Root;Ascomycota;Sordariomycetes;Hypocreales;Nectriaceae;Flagellospora;Flagellospora_curvula	underclassification	2
F1-REF	6	2	rdp	1.0	GU234123	Root;Basidiomycota;Agaricomycetes	Root;Basidiomycota;Agaricomycetes;Agaricales;Cortinariaceae;Galerina;Galerina_arctica	underclassification	3
F1-REF	6	2	rdp	1.0	JF491434	Root;Basidiomycota;Pucciniomycetes;Pucciniales;Coleosporiaceae;Chrysomyxa;Chrysomyxa_ledi	Root;Basidiomycota;Pucciniomycetes;Pucciniales;Coleosporiaceae;Chrysomyxa;Chrysomyxa_rhododendri	overclassification	6
F1-REF	6	2	rdp	1.0	AF169198	Root;Ascomycota	Root;Ascomycota;Sordariomycetes;Hypocreales;Clavicipitaceae;Harposporium;Harposporium_janus	underclassification	2
F1-REF	6	2	rdp	1.0	GQ219731	Root	Root;Basidiomycota;Agaricomycetes;Agaricales;Mycenaceae;Panellus;Panellus_edulis	underclassification	1
F1-REF	6	2	rdp	1.0	AY669690	Root;Basidiomycota;Agaricomycetes;Agaricales;Cortinariaceae;Cortinarius	Root;Basidiomycota;Agaricomycetes;Agaricales;Cortinariaceae;Cortinarius;Cortinarius_erythrinus	match	6
F1-REF	6	2	rdp	1.0	GU233334	Root;Basidiomycota;Agaricomycetes;Agaricales;Cortinariaceae	Root;Basidiomycota;Agaricomycetes;Agaricales;Cortinariaceae;Cortinarius;Cortinarius_vitreopileatus	underclassification	5
F1-REF	6	2	rdp	1.0	DQ351725	Root;Ascomycota;Dothideomycetes;Pleosporales	Root;Ascomycota;Dothideomycetes;Pleosporales;Tubeufiaceae;Helicoma;Helicoma_olivaceum	underclassification	4
F1-REF	6	2	rdp	1.0	AF439499	Root;Ascomycota;Dothideomycetes;Pleosporales;Phaeosphaeriaceae	Root;Ascomycota;Dothideomycetes;Pleosporales;Phaeosphaeriaceae;Phaeosphaeria;Phaeosphaeria_pontiformis	underclassification	5
F1-REF	6	2	rdp	1.0	JN053509	Root	Root;Basidiomycota;Tremellomycetes;Tremellales;Syzygosporaceae;Syzygospora;Syzygospora_alba	underclassification	1
F1-REF	6	2	rdp	1.0	AY425635	Root	Root;Ascomycota;Lecanoromycetes;Lecanorales;Psoraceae;Psora;Psora_himalayana	underclassification	1
F1-REF	6	2	rdp	1.0	AY425637	Root	Root;Ascomycota;Lecanoromycetes;Lecanorales;Psoraceae;Psora;Psora_testacea	underclassification	1
F1-REF	6	2	rdp	1.0	AY425630	Root	Root;Ascomycota;Lecanoromycetes;Lecanorales;Psoraceae;Protoblastenia;Protoblastenia_incrustans	underclassification	1
F1-REF	6	2	rdp	1.0	AF517908	Root;Ascomycota	Root;Ascomycota;Lecanoromycetes;Lecanorales;Stereocaulaceae;Lepraria;Lepraria_borealis	underclassification	2
F1-REF	6	2	rdp	1.0	AJ555534	Root;Basidiomycota;Agaricomycetes;Boletales	Root;Basidiomycota;Agaricomycetes;Boletales;Melanogastraceae;Melanogaster;Melanogaster_variegatus	underclassification	4
F1-REF	6	2	rdp	1.0	FM955447	Root;Ascomycota;Sordariomycetes	Root;Ascomycota;Sordariomycetes;Sordariales;Lasiosphaeriaceae;Cladorrhinum;Cladorrhinum_samala	underclassification	3
F1-REF	6	2	rdp	1.0	AF229470	Root;Ascomycota;Dothideomycetes;Pleosporales;Pleosporaceae	Root;Ascomycota;Dothideomycetes;Pleosporales;Pleosporaceae;Alternaria;Alternaria_porri	underclassification	5
F1-REF	6	2	rdp	1.0	FJ639141	Root	Root;Ascomycota;Arthoniomycetes;Arthoniales;Roccellaceae;Roccella;Roccella_verruculosa	underclassification	1
F1-REF	6	2	rdp	1.0	EU683064	Root	Root;Ascomycota;Sordariomycetes;Diaporthales;Valsaceae;Anisogramma;Anisogramma_anomala	underclassification	1
F1-REF	6	2	rdp	1.0	AB188137	Root;Basidiomycota;Pucciniomycetes;Pucciniales;Pucciniaceae;Puccinia	Root;Basidiomycota;Pucciniomycetes;Pucciniales;Pucciniaceae;Puccinia;Puccinia_caricis_stipatae	match	6
F1-REF	6	2	rdp	1.0	DQ056365	Root	Root;Basidiomycota;Agaricomycetes;Cantharellales;Clavulinaceae;Clavulina;Clavulina_monodiminutiva	underclassification	1
F1-REF	6	2	rdp	1.0	GU234059	Root;Basidiomycota;Agaricomycetes;Russulales;Russulaceae;Lactarius	Root;Basidiomycota;Agaricomycetes;Russulales;Russulaceae;Lactarius;Lactarius_violascens	match	6
F1-REF	6	2	rdp	1.0	HQ728526	Root;Basidiomycota;Agaricomycetes	Root;Basidiomycota;Agaricomycetes;Agaricales;Hygrophoraceae;Hygrophorus;Hygrophorus_carneogriseus	underclassification	3
F1-REF	6	2	rdp	1.0	EU144054	Root;Ascomycota;Dothideomycetes	Root;Ascomycota;Dothideomycetes;Botryosphaeriales;Botryosphaeriaceae;Dothiorella;Dothiorella_longicollis	underclassification	3
F1-REF	6	2	rdp	1.0	UDB011213	Root;Basidiomycota;Agaricomycetes;Russulales;Russulaceae;Russula	Root;Basidiomycota;Agaricomycetes;Russulales;Russulaceae;Russula;Russula_aquosa	match	6
F1-REF	6	2	rdp	1.0	EU118671	Root;Basidiomycota	Root;Basidiomycota;Agaricomycetes;Polyporales;Steccherinaceae;Steccherinum;Steccherinum_robustius	underclassification	2
F1-REF	6	2	rdp	1.0	FJ478118	Root;Basidiomycota;Agaricomycetes;Agaricales;Agaricaceae;Agaricus	Root;Basidiomycota;Agaricomycetes;Agaricales;Agaricaceae;Agaricus;Agaricus_romagnesii	match	6
F1-REF	6	2	rdp	1.0	AB507400	Root	Root;Basidiomycota;Agaricomycetes;Boletales;Sclerodermataceae;Astraeus;Astraeus_odoratus	underclassification	1
F1-REF	6	2	rdp	1.0	HM748581	Root;Ascomycota;Eurotiomycetes;Chaetothyriales;Herpotrichiellaceae;Fonsecaea;Fonsecaea_monophora	Root;Ascomycota;Eurotiomycetes;Chaetothyriales;Herpotrichiellaceae;Fonsecaea;Fonsecaea_pedrosoi	overclassification	6
F1-REF	6	2	rdp	1.0	EU846259	Root	Root;Basidiomycota;Agaricomycetes;Russulales;Albatrellaceae;Leucogaster;Leucogaster_citrinus	underclassification	1
F1-REF	6	2	rdp	1.0	AY669521	Root;Basidiomycota;Agaricomycetes;Agaricales;Cortinariaceae;Cortinarius	Root;Basidiomycota;Agaricomycetes;Agaricales;Cortinariaceae;Cortinarius;Cortinarius_populinus	match	6
F1-REF	6	2	rdp	1.0	FM205667	Root	Root;Ascomycota;Pezizomycetes;Pezizales;Tuberaceae;Tuber;Tuber_rufum_f_sphaerospora	underclassification	1
F1-REF	6	2	rdp	1.0	AF247968	Root	Root;Basidiomycota;Agaricomycetes;Hymenochaetales;Hymenochaetaceae;Inonotus;Inonotus_glomeratus	underclassification	1
F1-REF	6	2	rdp	1.0	HM190068	Root;Basidiomycota;Agaricomycetes;Boletales;Boletaceae	Root;Basidiomycota;Agaricomycetes;Boletales;Boletaceae;Boletus;Xerocomus_cisalpinus	underclassification	5
F1-REF	6	2	rdp	1.0	EU814475	Root;Ascomycota;Sordariomycetes;Diaporthales	Root;Ascomycota;Sordariomycetes;Diaporthales;Diaporthaceae;Diaporthe;Diaporthe_angelicae	underclassification	4
F1-REF	6	2	rdp	1.0	AB494715	Root	Root;Basidiomycota;Tremellomycetes;Tremellales;Tremellaceae;Dioszegia;Dioszegia_rishiriensis	underclassification	1
F1-REF	6	2	rdp	1.0	HQ604178	Root;Basidiomycota;Agaricomycetes;Agaricales	Root;Basidiomycota;Agaricomycetes;Agaricales;Cortinariaceae;Inocybe;Inocybe_lacera_var_lacera	underclassification	4
F1-REF	6	2	rdp	1.0	FJ613653	Root	Root;Basidiomycota;Agaricomycetes;Polyporales;Steccherinaceae;Antrodiella;Antrodiella_aurantilaeta	underclassification	1
F1-REF	6	2	rdp	1.0	GU461960	Root	Root;Basidiomycota;Agaricomycetes;Hymenochaetales;Hymenochaetaceae;Phellinus;Phellinus_uncisetus	underclassification	1
F1-REF	6	2	rdp	1.0	HQ650682	Root;Ascomycota;Lecanoromycetes;Lecanorales;Parmeliaceae;Menegazzia;Menegazzia_terebrata	Root;Ascomycota;Lecanoromycetes;Lecanorales;Parmeliaceae;Menegazzia;Menegazzia_subsimilis	overclassification	6
F1-REF	6	2	rdp	1.0	HQ650683	Root;Ascomycota;Lecanoromycetes;Lecanorales;Parmeliaceae;Parmotrema	Root;Ascomycota;Lecanoromycetes;Lecanorales;Parmeliaceae;Parmotrema;Parmotrema_austrosinense	match	6
F1-REF	6	2	rdp	1.0	EF457901	Root;Basidiomycota;Agaricomycetes;Thelephorales;Bankeraceae;Boletopsis;Boletopsis_leucomelaena	Root;Basidiomycota;Agaricomycetes;Thelephorales;Bankeraceae;Boletopsis;Boletopsis_grisea	overclassification	6
F1-REF	6	2	rdp	1.0	FN547526	Root	Root;Glomeromycota;Glomeromycetes;Archaeosporales;Ambisporaceae;Ambispora;Ambispora_appendicula	underclassification	1
F1-REF	6	2	rdp	1.0	HQ680618	Root;Ascomycota;Lecanoromycetes;Lecanorales;Parmeliaceae	Root;Ascomycota;Lecanoromycetes;Lecanorales;Parmeliaceae;Hypogymnia;Hypogymnia_krogiae	underclassification	5
F1-REF	6	2	rdp	1.0	EF619547	Root;Ascomycota;Lecanoromycetes;Lecanorales;Stereocaulaceae;Lepraria;Lepraria_granulata	Root;Ascomycota;Lecanoromycetes;Lecanorales;Stereocaulaceae;Lepraria;Lepraria_elobata	overclassification	6
F1-REF	6	2	rdp	1.0	AB252471	Root;Ascomycota;Leotiomycetes;Erysiphales;Erysiphaceae;Erysiphe;Erysiphe_carpinicola	Root;Ascomycota;Leotiomycetes;Erysiphales;Erysiphaceae;Erysiphe;Erysiphe_carpini_laxiflorae	overclassification	6
F1-REF	6	2	rdp	1.0	AY046184	Root;Ascomycota;Saccharomycetes;Saccharomycetales	Root;Ascomycota;Saccharomycetes;Saccharomycetales;Saccharomycetaceae;Torulaspora;Torulaspora_globosa	underclassification	4
F1-REF	6	2	rdp	1.0	GQ340430	Root;Ascomycota;Saccharomycetes;Saccharomycetales	Root;Ascomycota;Saccharomycetes;Saccharomycetales;Debaryomycetaceae;Meyerozyma;Meyerozyma_caribbica	underclassification	4
F1-REF	6	2	rdp	1.0	AB252474	Root;Ascomycota;Leotiomycetes;Erysiphales;Erysiphaceae;Erysiphe	Root;Ascomycota;Leotiomycetes;Erysiphales;Erysiphaceae;Erysiphe;Erysiphe_arcuata	match	6
F1-REF	6	2	rdp	1.0	GQ249888	Root;Basidiomycota;Agaricomycetes;Agaricales;Agaricaceae	Root;Basidiomycota;Agaricomycetes;Agaricales;Agaricaceae;Leucoagaricus;Leucoagaricus_meleagris	underclassification	5
F1-REF	6	2	rdp	1.0	HM119487	Root;Basidiomycota;Agaricomycetes;Agaricales;Tricholomataceae	Root;Basidiomycota;Agaricomycetes;Agaricales;Lyophyllaceae;Lyophyllum;Lyophyllum_connatum	misclassification	4
F1-REF	6	2	rdp	1.0	AF444514	Root	Root;Basidiomycota;Agaricostilbomycetes;Agaricostilbales;Agaricostilbaceae;Bensingtonia;Bensingtonia_phyllada	underclassification	1
F1-REF	6	2	rdp	1.0	FJ805250	Root;Basidiomycota;Agaricomycetes;Polyporales;Ganodermataceae;Ganoderma	Root;Basidiomycota;Agaricomycetes;Polyporales;Ganodermataceae;Ganoderma;Ganoderma_resinaceum	match	6
F1-REF	6	2	rdp	1.0	EU254782	Root;Ascomycota	Root;Ascomycota;Sordariomycetes;Diaporthales;Gnomoniaceae;Gnomonia;Gnomonia_mirabilis	underclassification	2
F1-REF	6	2	rdp	1.0	FJ860739	Root;Ascomycota;Sordariomycetes;Hypocreales	Root;Ascomycota;Sordariomycetes;Hypocreales;Hypocreaceae;Hypocrea;Hypocrea_calamagrostidis	underclassification	4
F1-REF	6	2	rdp	1.0	EF197085	Root	Root;Ascomycota;Sordariomycetes;Sordariales;Lasiosphaeriaceae;Podospora;Podospora_prethopodalis	underclassification	1
F1-REF	6	2	rdp	1.0	HQ013117	Root;Basidiomycota;Ustilaginomycetes;Ustilaginales;Ustilaginaceae;Sporisorium	Root;Basidiomycota;Ustilaginomycetes;Ustilaginales;Ustilaginaceae;Sporisorium;Sporisorium_xerofasciculatum	match	6
F1-REF	6	2	rdp	1.0	HQ013114	Root;Basidiomycota	Root;Basidiomycota;Ustilaginomycetes;Ustilaginales;Ustilaginaceae;Sporisorium;Sporisorium_vermiculum	underclassification	2
F1-REF	6	2	rdp	1.0	FJ860730	Root;Ascomycota;Sordariomycetes;Hypocreales;Hypocreaceae	Root;Ascomycota;Sordariomycetes;Hypocreales;Hypocreaceae;Hypocrea;Hypocrea_auranteffusa	underclassification	5
F1-REF	6	2	rdp	1.0	FJ596913	Root;Basidiomycota;Agaricomycetes;Agaricales;Tricholomataceae;Clitocybe	Root;Basidiomycota;Agaricomycetes;Agaricales;Tricholomataceae;Clitocybe;Clitocybe_aff_costata_DJL06TN80	match	6
F1-REF	6	2	rdp	1.0	FJ596911	Root;Basidiomycota;Agaricomycetes;Agaricales;Tricholomataceae;Tricholoma	Root;Basidiomycota;Agaricomycetes;Agaricales;Tricholomataceae;Tricholoma;Tricholoma_aff_sejunctum_TENN61805	match	6
F1-REF	6	2	rdp	1.0	AM882913	Root;Basidiomycota;Agaricomycetes;Agaricales;Cortinariaceae;Inocybe	Root;Basidiomycota;Agaricomycetes;Agaricales;Cortinariaceae;Inocybe;Inocybe_nitidiuscula	match	6
F1-REF	6	2	rdp	1.0	JN641762	Root	Root;Ascomycota;Lecanoromycetes;Teloschistales;Teloschistaceae;Caloplaca;Caloplaca_albolutescens	underclassification	1
F1-REF	6	2	rdp	1.0	AF250931	Root;Basidiomycota;Agaricomycetes;Hymenochaetales;Hymenochaetaceae;Inonotus;Inonotus_baumii	Root;Basidiomycota;Agaricomycetes;Hymenochaetales;Hymenochaetaceae;Phellinus;Phellinus_johnsonianus	misclassification	5
F1-REF	6	2	rdp	1.0	FJ205447	Root;Ascomycota	Root;Ascomycota;Sordariomycetes;Xylariales;Xylariaceae;Xylaria;Xylaria_enteroleuca	underclassification	2
F1-REF	6	2	rdp	1.0	AM113951	Root;Basidiomycota;Agaricomycetes;Agaricales;Cortinariaceae	Root;Basidiomycota;Agaricomycetes;Agaricales;Cortinariaceae;Cortinarius;Cortinarius_livido_ochraceus	underclassification	5
F1-REF	6	2	rdp	1.0	DQ191249	Root;Basidiomycota;Ustilaginomycetes;Ustilaginales;Ustilaginaceae	Root;Basidiomycota;Ustilaginomycetes;Ustilaginales;Ustilaginaceae;Tranzscheliella;Tranzscheliella_hypodytes	underclassification	5
F1-REF	6	2	rdp	1.0	JN049851	Root	Root;Ascomycota;Sordariomycetes;Hypocreales;Ophiocordycipitaceae;Ophiocordyceps;Ophiocordyceps_gracilis	underclassification	1
F1-REF	6	2	rdp	1.0	JN049853	Root	Root;Ascomycota;Sordariomycetes;Hypocreales;Ophiocordycipitaceae;Ophiocordyceps;Ophiocordyceps_nigrella	underclassification	1
F1-REF	6	2	rdp	1.0	EF141537	Root;Basidiomycota;Agaricomycetes;Russulales;Russulaceae;Lactarius	Root;Basidiomycota;Agaricomycetes;Russulales;Russulaceae;Lactarius;Lactarius_aff_wenquanensis_LTH143	match	6
F1-REF	6	2	rdp	1.0	UDB011542	Root;Basidiomycota;Agaricomycetes;Agaricales;Tricholomataceae;Tricholoma	Root;Basidiomycota;Agaricomycetes;Agaricales;Tricholomataceae;Tricholoma;Tricholoma_aurantium	match	6
F1-REF	6	2	rdp	1.0	U66444	Root	Root;Basidiomycota;Agaricomycetes;Agaricales;Hygrophoraceae;Chrysomphalina;Chrysomphalina_grossula	underclassification	1
F1-REF	6	2	rdp	1.0	UDB011780	Root	Root;Basidiomycota;Agaricomycetes;Agaricales;Entolomataceae;Entoloma;Entoloma_griseocyaneum	underclassification	1
F1-REF	6	2	rdp	1.0	UDB011786	Root;Basidiomycota;Agaricomycetes;Agaricales;Lyophyllaceae;Calocybe;Calocybe_ionides	Root;Basidiomycota;Agaricomycetes;Agaricales;Lyophyllaceae;Calocybe;Rugosomyces_ionides	overclassification	6
F1-REF	6	2	rdp	1.0	FN430693	Root;Basidiomycota;Agaricomycetes	Root;Basidiomycota;Agaricomycetes;Agaricales;Psathyrellaceae;Psathyrella;Psathyrella_vestita	underclassification	3
F1-REF	6	2	rdp	1.0	EU552098	Root;Ascomycota;Sordariomycetes	Root;Ascomycota;Sordariomycetes;Xylariales;Xylariaceae;Anthostomella;Anthostomella_brabeji	underclassification	3
F1-REF	6	2	rdp	1.0	AJ537405	Root;Basidiomycota;Agaricomycetes;Polyporales	Root;Basidiomycota;Agaricomycetes;Polyporales;Polyporaceae;Microporus;Microporus_ochrotinctus	underclassification	4
F1-REF	6	2	rdp	1.0	AJ537407	Root	Root;Basidiomycota;Agaricomycetes;Polyporales;Polyporaceae;Perenniporia;Perenniporia_grammothele	underclassification	1
F1-REF	6	2	rdp	1.0	EU669373	Root	Root;Basidiomycota;Agaricomycetes;Boletales;Rhizopogonaceae;Rhizopogon;Rhizopogon_burlinghamii	underclassification	1
F1-REF	6	2	rdp	1.0	FJ172292	Root	Root;Ascomycota;Eurotiomycetes;Ascosphaerales;Ascosphaeraceae;Ascosphaera;Ascosphaera_apis	underclassification	1
F1-REF	6	2	rdp	1.0	DQ015700	Root;Basidiomycota;Pucciniomycetes;Pucciniales;Pucciniaceae	Root;Basidiomycota;Pucciniomycetes;Pucciniales;Pucciniaceae;Puccinia;Puccinia_myrsiphylli	underclassification	5
F1-REF	6	2	rdp	1.0	FJ172294	Root;Ascomycota;Sordariomycetes;Xylariales;Xylariaceae	Root;Ascomycota;Sordariomycetes;Xylariales;Xylariaceae;Coniolariella;Coniolariella_hispanica	underclassification	5
F1-REF	6	2	rdp	1.0	FN293018	Root	Root;Basidiomycota;Agaricomycetes;Agaricales;Marasmiaceae;Marasmius;Marasmius_foliiphilus	underclassification	1
F1-REF	6	2	rdp	1.0	EU231970	Root;Basidiomycota;Agaricomycetes;Boletales;Boletaceae;Boletus	Root;Basidiomycota;Agaricomycetes;Boletales;Boletaceae;Boletus;Boletus_fibrillosus	match	6
F1-REF	6	2	rdp	1.0	JN943381	Root	Root;Ascomycota;Sordariomycetes;Microascales;Halosphaeriaceae;Corollospora;Corollospora_angusta	underclassification	1
F1-REF	6	2	rdp	1.0	EF105414	Root;Ascomycota	Root;Ascomycota;Lecanoromycetes;Lecanorales;Parmeliaceae;Oropogon;Oropogon_sperlingii	underclassification	2
F1-REF	6	2	rdp	1.0	AF096979	Root;Basidiomycota;Agaricomycetes;Russulales;Russulaceae;Lactarius	Root;Basidiomycota;Agaricomycetes;Russulales;Russulaceae;Lactarius;Lactarius_zonarius	match	6
F1-REF	6	2	rdp	1.0	EU784286	Root	Root;Basidiomycota;Agaricomycetes;Agaricales;Hygrophoraceae;Hygrocybe;Hygrocybe_cantharellus	underclassification	1
F1-REF	6	2	rdp	1.0	EU851920	Root;Ascomycota;Dothideomycetes;Capnodiales;Mycosphaerellaceae	Root;Ascomycota;Dothideomycetes;Capnodiales;Mycosphaerellaceae;Pseudocercospora;Pseudocercospora_norchiensis	underclassification	5
F1-REF	6	2	rdp	1.0	EU266667	Root;Basidiomycota;Agaricomycetes;Agaricales;Cortinariaceae;Cortinarius	Root;Basidiomycota;Agaricomycetes;Agaricales;Cortinariaceae;Cortinarius;Cortinarius_cicindela	match	6
F1-REF	6	2	rdp	1.0	EU249483	Root;Ascomycota;Eurotiomycetes;Verrucariales;Verrucariaceae	Root;Ascomycota;Eurotiomycetes;Verrucariales;Verrucariaceae;Thelidium;Thelidium_rehmii	underclassification	5
F1-REF	6	2	rdp	1.0	UDB011165	Root;Basidiomycota;Agaricomycetes;Russulales;Russulaceae	Root;Basidiomycota;Agaricomycetes;Russulales;Russulaceae;Russula;Russula_badia	underclassification	5
F1-REF	6	2	rdp	1.0	UDB000064	Root;Basidiomycota;Agaricomycetes;Agaricales;Cortinariaceae;Cortinarius	Root;Basidiomycota;Agaricomycetes;Agaricales;Cortinariaceae;Cortinarius;Cortinarius_decipiens	match	6
F1-REF	6	2	rdp	1.0	AF137067	Root;Ascomycota	Root;Ascomycota;Sordariomycetes;Hypocreales;Clavicipitaceae;Metarhizium;Metarhizium_album	underclassification	2
F1-REF	6	2	rdp	1.0	EF185858	Root;Basidiomycota;Pucciniomycetes;Pucciniales;Cronartiaceae;Cronartium	Root;Basidiomycota;Pucciniomycetes;Pucciniales;Cronartiaceae;Cronartium;Cronartium_coleosporioides	match	6
F1-REF	6	2	rdp	1.0	U51949	Root;Ascomycota;Orbiliomycetes;Orbiliales;Orbiliaceae	Root;Ascomycota;Orbiliomycetes;Orbiliales;Orbiliaceae;Arthrobotrys;Arthrobotrys_superba	underclassification	5
F1-REF	6	2	rdp	1.0	EF110616	Root;Ascomycota;Dothideomycetes;Capnodiales;Asterinaceae;Aulographina;Aulographina_eucalypti	Root;Ascomycota;Dothideomycetes;Capnodiales;Antennulariellaceae;Heteroconium;Heteroconium_kleinziense	misclassification	4
F1-REF	6	2	rdp	1.0	U51947	Root;Ascomycota;Orbiliomycetes;Orbiliales;Orbiliaceae	Root;Ascomycota;Orbiliomycetes;Orbiliales;Orbiliaceae;Arthrobotrys;Arthrobotrys_javanica	underclassification	5
F1-REF	6	2	rdp	1.0	AB304155	Root	Root;Ascomycota;Saccharomycetes;Saccharomycetales;Saccharomycetaceae;Torulaspora;Torulaspora_maleeae	underclassification	1
F1-REF	6	2	rdp	1.0	JN159574	Root;Basidiomycota;Agaricomycetes;Agaricales;Psathyrellaceae	Root;Basidiomycota;Agaricomycetes;Agaricales;Coprinaceae;Coprinus;Coprinus_maysoidisporus	misclassification	4
F1-REF	6	2	rdp	1.0	AY624191	Root	Root;Ascomycota;Eurotiomycetes;Eurotiales;Trichocomaceae;Paecilomyces;Paecilomyces_niphetodes	underclassification	1
F1-REF	6	2	rdp	1.0	GQ203823	Root	Root;Basidiomycota;Agaricomycetes;Agaricales;Agaricaceae;Lepiota;Lepiota_psalion	underclassification	1
F1-REF	6	2	rdp	1.0	GU461951	Root;Basidiomycota;Agaricomycetes;Hymenochaetales;Hymenochaetaceae	Root;Basidiomycota;Agaricomycetes;Hymenochaetales;Hymenochaetaceae;Fomitiporia;Fomitiporia_ivindoensis	underclassification	5
F1-REF	6	2	rdp	1.0	GQ927290	Root;Ascomycota;Lecanoromycetes;Peltigerales;Pannariaceae;Psoroma;Psoroma_cinnamomeum	Root;Ascomycota;Lecanoromycetes;Peltigerales;Pannariaceae;Psoroma;Psoroma_tenue	overclassification	6
F1-REF	6	2	rdp	1.0	GU059594	Root;Ascomycota	Root;Ascomycota;Sordariomycetes;Hypocreales;Bionectriaceae;Hydropisphaera;Hydropisphaera_bambusicola	underclassification	2
F1-REF	6	2	rdp	1.0	GU553287	Root;Ascomycota;Lecanoromycetes;Teloschistales;Physciaceae;Diplotomma	Root;Ascomycota;Lecanoromycetes;Teloschistales;Physciaceae;Diplotomma;Diplotomma_alboatrum	match	6
F1-REF	6	2	rdp	1.0	FJ872063	Root;Basidiomycota;Agaricomycetes	Root;Basidiomycota;Agaricomycetes;Agaricales;Bolbitiaceae;Hebeloma;Hebeloma_longicaudum	underclassification	3
F1-REF	6	2	rdp	1.0	EU254761	Root;Ascomycota	Root;Ascomycota;Sordariomycetes;Diaporthales;Gnomoniaceae;Plagiostoma;Plagiostoma_conradii	underclassification	2
F1-REF	6	2	rdp	1.0	AF454588	Root	Root;Basidiomycota;Agaricomycetes;Boletales;Boletaceae;Leccinum;Leccinum_carpini	underclassification	1
F1-REF	6	2	rdp	1.0	AJ301700	Root;Ascomycota;Dothideomycetes;Pleosporales;Pleosporaceae	Root;Ascomycota;Dothideomycetes;Pleosporales;Pleosporaceae;Ulocladium;Ulocladium_alternariae	underclassification	5
F1-REF	6	2	rdp	1.0	JF908709	Root;Basidiomycota;Agaricomycetes;Russulales;Russulaceae;Russula;Russula_azurea	Root;Basidiomycota;Agaricomycetes;Russulales;Russulaceae;Russula;Russula_incarnata	overclassification	6
F1-REF	6	2	rdp	1.0	JF908704	Root;Basidiomycota;Agaricomycetes;Russulales;Russulaceae;Russula	Root;Basidiomycota;Agaricomycetes;Russulales;Russulaceae;Russula;Russula_torulosa	match	6
F1-REF	6	2	rdp	1.0	AF139959	Root;Basidiomycota;Agaricomycetes;Agaricales	Root;Basidiomycota;Agaricomycetes;Agaricales;Pleurotaceae;Hohenbuehelia;Hohenbuehelia_portegna	underclassification	4
F1-REF	6	2	rdp	1.0	FN396131	Root;Basidiomycota;Agaricomycetes	Root;Basidiomycota;Agaricomycetes;Agaricales;Psathyrellaceae;Psathyrella;Psathyrella_sylvestris	underclassification	3
F1-REF	6	2	rdp	1.0	AY173386	Root;Ascomycota;Lecanoromycetes;Peltigerales;Lobariaceae	Root;Ascomycota;Lecanoromycetes;Peltigerales;Lobariaceae;Sticta;Sticta_fragilinata	underclassification	5
F1-REF	6	2	rdp	1.0	AY173380	Root;Ascomycota;Lecanoromycetes;Peltigerales;Lobariaceae	Root;Ascomycota;Lecanoromycetes;Peltigerales;Lobariaceae;Sticta;Sticta_carolinensis	underclassification	5
F1-REF	6	2	rdp	1.0	AY558639	Root	Root;Basidiomycota;Agaricomycetes;Hymenochaetales;Hymenochaetaceae;Phellinus;Phellinus_punctatus	underclassification	1
F1-REF	6	2	rdp	1.0	EU450836	Root;Ascomycota;Sordariomycetes;Coniochaetales;Coniochaetaceae;Lecythophora;Lecythophora_hoffmannii	Root;Ascomycota;Sordariomycetes;Coniochaetales;Coniochaetaceae;Coniochaeta;Coniochaeta_ligniaria	misclassification	5
F1-REF	6	2	rdp	1.0	EU669202	Root;Basidiomycota;Agaricomycetes;Gomphales;Gomphaceae;Clavariadelphus;Clavariadelphus_truncatus	Root;Basidiomycota;Agaricomycetes;Gomphales;Gomphaceae;Clavariadelphus;Clavariadelphus_occidentalis	overclassification	6
F1-REF	6	2	rdp	1.0	DQ888717	Root	Root;Ascomycota;Lecanoromycetes;Teloschistales;Teloschistaceae;Caloplaca;Caloplaca_lenae	underclassification	1
F1-REF	6	2	rdp	1.0	AY558631	Root;Basidiomycota;Agaricomycetes;Hymenochaetales;Hymenochaetaceae;Phellinus	Root;Basidiomycota;Agaricomycetes;Hymenochaetales;Hymenochaetaceae;Phellinus;Phellinus_nigricans	match	6
F1-REF	6	2	rdp	1.0	AY395800	Root	Root;Basidiomycota;Tremellomycetes;Filobasidiales;Filobasidiaceae;Cryptococcus;Cryptococcus_paraflavus	underclassification	1
F1-REF	6	2	rdp	1.0	AB524794	Root;Ascomycota;Dothideomycetes;Pleosporales;Tetraplosphaeriaceae;Pseudotetraploa	Root;Ascomycota;Dothideomycetes;Pleosporales;Tetraplosphaeriaceae;Pseudotetraploa;Pseudotetraploa_curviappendiculata	match	6
F1-REF	6	2	rdp	1.0	AB524797	Root;Ascomycota;Dothideomycetes;Pleosporales;Tetraplosphaeriaceae	Root;Ascomycota;Dothideomycetes;Pleosporales;Tetraplosphaeriaceae;Quadricrura;Quadricrura_bicornis	underclassification	5
F1-REF	6	2	rdp	1.0	AB481260	Root;Ascomycota;Leotiomycetes;Helotiales;Hyaloscyphaceae	Root;Ascomycota;Leotiomycetes;Helotiales;Hyaloscyphaceae;Lachnellula;Lachnellula_pulverulenta	underclassification	5
F1-REF	6	2	rdp	1.0	HM347657	Root;Basidiomycota;Agaricomycetes;Boletales;Suillaceae;Suillus	Root;Basidiomycota;Agaricomycetes;Boletales;Suillaceae;Suillus;Suillus_mediterraneensis	match	6
F1-REF	6	2	rdp	1.0	FJ860053	Root;Basidiomycota;Agaricomycetes;Hymenochaetales;Hymenochaetaceae;Inonotus;Inonotus_andersonii	Root;Basidiomycota;Agaricomycetes;Hymenochaetales;Hymenochaetaceae;Inonotus;Inonotus_rickii	overclassification	6
F1-REF	6	2	rdp	1.0	AB036894	Root;Basidiomycota;Agaricomycetes;Agaricales;Tricholomataceae;Tricholoma	Root;Basidiomycota;Agaricomycetes;Agaricales;Tricholomataceae;Tricholoma;Tricholoma_ustale	match	6
F1-REF	6	2	rdp	1.0	AB031193	Root	Root;Ascomycota;Sordariomycetes;Hypocreales;Ophiocordycipitaceae;Ophiocordyceps;Ophiocordyceps_konnoana	underclassification	1
F1-REF	6	2	rdp	1.0	FJ664824	Root;Ascomycota;Eurotiomycetes;Verrucariales;Verrucariaceae	Root;Ascomycota;Eurotiomycetes;Verrucariales;Verrucariaceae;Verrucaria;Verrucaria_andesiatica	underclassification	5
F1-REF	6	2	rdp	1.0	GU291800	Root	Root;Ascomycota;Sordariomycetes;Chaetosphaeriales;Chaetosphaeriaceae;Kylindria;Kylindria_peruamazonensis	underclassification	1
F1-REF	6	2	rdp	1.0	AY521250	Root;Basidiomycota;Agaricomycetes;Agaricales;Psathyrellaceae	Root;Basidiomycota;Agaricomycetes;Agaricales;Psathyrellaceae;Coprinellus;Coprinellus_verrucispermus	underclassification	5
F1-REF	6	2	rdp	1.0	AY236323	Root;Glomeromycota;Glomeromycetes;Glomerales;Glomeraceae;Glomus;Glomus_claroideum	Root;Glomeromycota;Glomeromycetes;Glomerales;Glomeraceae;Glomus;Glomus_etunicatum	overclassification	6
F1-REF	6	2	rdp	1.0	JF908019	Root	Root;Ascomycota;Pezizomycetes;Pezizales;Pyronemataceae;Genea;Genea_hispidula	underclassification	1
F1-REF	6	2	rdp	1.0	JF300135	Root;Ascomycota;Pezizomycetes;Pezizales;Tuberaceae;Reddellomyces;Reddellomyces_donkii	Root;Ascomycota;Pezizomycetes;Pezizales;Tuberaceae;Reddellomyces;Reddellomyces_westraliensis	overclassification	6
F1-REF	6	2	rdp	1.0	AY313034	Root	Root;Basidiomycota;Tremellomycetes;Tremellales;Tremellaceae;Bullera;Bullera_nakhonratchasimensis	underclassification	1
F1-REF	6	2	rdp	1.0	AF291277	Root;Basidiomycota;Tremellomycetes;Tremellales;Exidiaceae	Root;Basidiomycota;Tremellomycetes;Tremellales;Exidiaceae;Exidia;Exidia_saccharina	underclassification	5
F1-REF	6	2	rdp	1.0	FJ436989	Root;Ascomycota;Leotiomycetes;Erysiphales;Erysiphaceae	Root;Ascomycota;Leotiomycetes;Erysiphales;Erysiphaceae;Erysiphe;Erysiphe_pulchra	underclassification	5
F1-REF	6	2	rdp	1.0	AJ439444	Root;Ascomycota;Eurotiomycetes;Onygenales;Onygenaceae	Root;Ascomycota;Eurotiomycetes;Onygenales;Onygenaceae;Aphanoascus;Aphanoascus_verrucosus	underclassification	5
F1-REF	6	2	rdp	1.0	HM534891	Root;Ascomycota	Root;Ascomycota;Sordariomycetes;Hypocreales;Nectriaceae;Nectria;Nectria_aquifolii	underclassification	2
F1-REF	6	2	rdp	1.0	AF141162	Root;Ascomycota;Leotiomycetes;Helotiales	Root;Ascomycota;Leotiomycetes;Helotiales;Dermateaceae;Dermea;Dermea_prunastri	underclassification	4
F1-REF	6	2	rdp	1.0	AF141163	Root;Ascomycota	Root;Ascomycota;Leotiomycetes;Helotiales;Dermateaceae;Dermea;Dermea_viburni	underclassification	2
F1-REF	6	2	rdp	1.0	FJ903373	Root;Ascomycota;Leotiomycetes;Helotiales;Helotiaceae;Ascocoryne;Ascocoryne_sarcoides	Root;Ascomycota;Leotiomycetes;Helotiales;Helotiaceae;Ascocoryne;Ascocoryne_cylichnium	overclassification	6
F1-REF	6	2	rdp	1.0	AF141164	Root;Ascomycota;Leotiomycetes;Helotiales	Root;Ascomycota;Leotiomycetes;Helotiales;Dermateaceae;Dermea;Dermea_acerina	underclassification	4
F1-REF	6	2	rdp	1.0	EU402556	Root	Root;Basidiomycota;Agaricomycetes;Polyporales;Polyporaceae;Wolfiporia;Wolfiporia_dilatohypha	underclassification	1
F1-REF	6	2	rdp	1.0	GU827332	Root;Ascomycota;Lecanoromycetes;Lecanorales;Ramalinaceae;Ramalina	Root;Ascomycota;Lecanoromycetes;Lecanorales;Ramalinaceae;Ramalina;Ramalina_hamulosa	match	6
F1-REF	6	2	rdp	1.0	GU827334	Root;Ascomycota;Lecanoromycetes;Lecanorales;Ramalinaceae;Niebla	Root;Ascomycota;Lecanoromycetes;Lecanorales;Ramalinaceae;Niebla;Niebla_procera	match	6
F1-REF	6	2	rdp	1.0	AY660922	Root;Ascomycota;Eurotiomycetes;Eurotiales;Trichocomaceae	Root;Ascomycota;Eurotiomycetes;Eurotiales;Trichocomaceae;Aspergillus;Aspergillus_sydowii	underclassification	5
F1-REF	6	2	rdp	1.0	AF058039	Root;Ascomycota;Lecanoromycetes;Lecanorales;Parmeliaceae	Root;Ascomycota;Lecanoromycetes;Lecanorales;Parmeliaceae;Vulpicida;Vulpicida_pinastri	underclassification	5
F1-REF	6	2	rdp	1.0	JN035634	Root	Root;Glomeromycota;Glomeromycetes;Glomerales;Glomeraceae;Glomus;Glomus_macrocarpum	underclassification	1
F1-REF	6	2	rdp	1.0	EU047937	Root;Basidiomycota;Agaricomycetes;Agaricales;Marasmiaceae	Root;Basidiomycota;Agaricomycetes;Agaricales;Marasmiaceae;Moniliophthora;Moniliophthora_roreri	underclassification	5
F1-REF	6	2	rdp	1.0	DQ407261	Root	Root;Basidiomycota;Agaricomycetes;Boletales;Boletaceae;Tylopilus;Tylopilus_plumbeoviolaceoides	underclassification	1
F1-REF	6	2	rdp	1.0	AY061698	Root;Basidiomycota;Agaricomycetes;Russulales;Russulaceae;Russula	Root;Basidiomycota;Agaricomycetes;Russulales;Russulaceae;Russula;Russula_odorata	match	6
F1-REF	6	2	rdp	1.0	EF190271	Root;Ascomycota;Sordariomycetes;Hypocreales;Clavicipitaceae	Root;Ascomycota;Sordariomycetes;Hypocreales;Clavicipitaceae;Hypocrella;Hypocrella_tubulata	underclassification	5
F1-REF	6	2	rdp	1.0	AY061692	Root;Basidiomycota;Agaricomycetes;Russulales;Russulaceae	Root;Basidiomycota;Agaricomycetes;Russulales;Russulaceae;Russula;Russula_messapica	underclassification	5
F1-REF	6	2	rdp	1.0	AY061693	Root;Basidiomycota;Agaricomycetes;Russulales;Russulaceae;Russula	Root;Basidiomycota;Agaricomycetes;Russulales;Russulaceae;Russula;Russula_mustelina	match	6
F1-REF	6	2	rdp	1.0	AY061691	Root;Basidiomycota;Agaricomycetes;Russulales;Russulaceae;Russula	Root;Basidiomycota;Agaricomycetes;Russulales;Russulaceae;Russula;Russula_melzeri	match	6
F1-REF	6	2	rdp	1.0	EU558720	Root	Root;Ascomycota;Lecanoromycetes;Peltigerales;Lobariaceae;Pseudocyphellaria;Pseudocyphellaria_scabrosa	underclassification	1
F1-REF	6	2	rdp	1.0	JF908126	Root;Basidiomycota;Agaricomycetes;Agaricales;Cortinariaceae	Root;Basidiomycota;Agaricomycetes;Agaricales;Cortinariaceae;Inocybe;Inocybe_piceae	underclassification	5
F1-REF	6	2	rdp	1.0	AF335457	Root;Basidiomycota;Agaricomycetes	Root;Basidiomycota;Agaricomycetes;Boletales;Boletaceae;Chalciporus;Chalciporus_piperatus	underclassification	3
F1-REF	6	2	rdp	1.0	AF335455	Root	Root;Ascomycota;Pezizomycetes;Pezizales;Helvellaceae;Helvella;Helvella_elastica	underclassification	1
F1-REF	6	2	rdp	1.0	EF560605	Root;Ascomycota;Sordariomycetes;Hypocreales;Nectriaceae;Gibberella;Fusarium_equiseti	Root;Ascomycota;Sordariomycetes;Hypocreales;Nectriaceae;Gibberella;Fusarium_lateritium	overclassification	6
F1-REF	6	2	rdp	1.0	FJ441632	Root;Ascomycota	Root;Ascomycota;Sordariomycetes;Diaporthales;Valsaceae;Phomopsis;Phomopsis_phyllanthicola	underclassification	2
F1-REF	6	2	rdp	1.0	GQ165684	Root;Basidiomycota;Agaricomycetes;Agaricales;Cortinariaceae;Phaeocollybia	Root;Basidiomycota;Agaricomycetes;Agaricales;Cortinariaceae;Phaeocollybia;Phaeocollybia_oregonensis	match	6
F1-REF	6	2	rdp	1.0	FJ582636	Root;Ascomycota;Sordariomycetes;Hypocreales;Nectriaceae;Albonectria;Albonectria_rigidiuscula	Root;Ascomycota;Sordariomycetes;Hypocreales;Nectriaceae;Nectria;Nectria_rigidiuscula	misclassification	5
F1-REF	6	2	rdp	1.0	DQ238722	Root;Basidiomycota;Microbotryomycetes;Microbotryales;Microbotryaceae;Microbotryum	Root;Basidiomycota;Microbotryomycetes;Microbotryales;Microbotryaceae;Microbotryum;Microbotryum_holostei	match	6
F1-REF	6	2	rdp	1.0	EU573322	Root;Ascomycota;Sordariomycetes;Hypocreales	Root;Ascomycota;Sordariomycetes;Hypocreales;Clavicipitaceae;Cordyceps;Beauveria_brongniartii	underclassification	4
F1-REF	6	2	rdp	1.0	GQ411058	Root;Ascomycota	Root;Ascomycota;Dothideomycetes;Capnodiales;Teratosphaeriaceae;Teratosphaeria;Teratosphaeria_nubilosa	underclassification	2
F1-REF	6	2	rdp	1.0	AY588105	Root;Basidiomycota;Microbotryomycetes;Microbotryales;Microbotryaceae;Microbotryum	Root;Basidiomycota;Microbotryomycetes;Microbotryales;Microbotryaceae;Microbotryum;Microbotryum_silenes_inflatae	match	6
F1-REF	6	2	rdp	1.0	FN550907	Root;Basidiomycota;Agaricomycetes;Agaricales;Cortinariaceae;Inocybe	Root;Basidiomycota;Agaricomycetes;Agaricales;Cortinariaceae;Inocybe;Inocybe_phaeoleuca	match	6
F1-REF	6	2	rdp	1.0	HQ234606	Root;Ascomycota;Lecanoromycetes;Teloschistales;Teloschistaceae;Caloplaca	Root;Ascomycota;Lecanoromycetes;Teloschistales;Teloschistaceae;Caloplaca;Caloplaca_atroflava	match	6
F1-REF	6	2	rdp	1.0	FJ538364	Root;Ascomycota;Dothideomycetes	Root;Ascomycota;Dothideomycetes;Botryosphaeriales;Botryosphaeriaceae;Phyllosticta;Phyllosticta_citriasiana	underclassification	3
F1-REF	6	2	rdp	1.0	EU784227	Root;Basidiomycota;Agaricomycetes	Root;Basidiomycota;Agaricomycetes;Geastrales;Geastraceae;Geastrum;Geastrum_elegans	underclassification	3
F1-REF	6	2	rdp	1.0	AF343674	Root;Ascomycota	Root;Ascomycota;Sordariomycetes;Ophiostomatales;Ophiostomataceae;Leptographium;Leptographium_pineti	underclassification	2
F1-REF	6	2	rdp	1.0	AF193356	Root;Basidiomycota;Agaricomycetes;Agaricales;Typhulaceae;Typhula	Root;Basidiomycota;Agaricomycetes;Agaricales;Typhulaceae;Typhula;Typhula_ishikariensis_var_ishikariensis	match	6
F1-REF	6	2	rdp	1.0	AJ973393	Root	Root;Glomeromycota;Glomeromycetes;Glomerales;Glomeraceae;Glomus;Glomus_proliferum	underclassification	1
F1-REF	6	2	rdp	1.0	AF343679	Root;Ascomycota	Root;Ascomycota;Sordariomycetes;Ophiostomatales;Ophiostomataceae;Leptographium;Leptographium_pityophilum	underclassification	2
F1-REF	6	2	rdp	1.0	EU784223	Root;Basidiomycota	Root;Basidiomycota;Agaricomycetes;Geastrales;Geastraceae;Geastrum;Geastrum_corollinum	underclassification	2
F1-REF	6	2	rdp	1.0	EF029217	Root	Root;Ascomycota;Sordariomycetes;Hypocreales;Nectriaceae;Fusidium;Fusidium_griseum	underclassification	1
F1-REF	6	2	rdp	1.0	HQ699628	Root;Ascomycota;Lecanoromycetes;Teloschistales;Teloschistaceae;Caloplaca	Root;Ascomycota;Lecanoromycetes;Teloschistales;Teloschistaceae;Caloplaca;Caloplaca_crenulatella	match	6
F1-REF	6	2	rdp	1.0	JN194184	Root	Root;Glomeromycota;Glomeromycetes;Glomerales;Glomeraceae;Funneliformis;Funneliformis_geosporum	underclassification	1
F1-REF	6	2	rdp	1.0	EU784221	Root	Root;Basidiomycota;Agaricomycetes;Geastrales;Geastraceae;Geastrum;Geastrum_campestre	underclassification	1
F1-REF	6	2	rdp	1.0	FJ468400	Root;Basidiomycota;Pucciniomycetes;Pucciniales;Pucciniaceae	Root;Basidiomycota;Pucciniomycetes;Pucciniales;Pucciniaceae;Uromyces;Uromyces_viciae_fabae	underclassification	5
F1-REF	6	2	rdp	1.0	DQ445907	Root	Root;Basidiomycota;Pucciniomycetes;Pucciniales;Pucciniastraceae;Pucciniastrum;Pucciniastrum_epilobii	underclassification	1
F1-REF	6	2	rdp	1.0	HQ714767	Root;Basidiomycota;Agaricomycetes;Boletales;Melanogastraceae;Melanogaster;Melanogaster_broomeianus	Root;Basidiomycota;Agaricomycetes;Boletales;Melanogastraceae;Melanogaster;Melanogaster_rivularis	overclassification	6
F1-REF	6	2	rdp	1.0	HQ709322	Root	Root;Ascomycota;Eurotiomycetes;Chaetothyriales;Herpotrichiellaceae;Capronia;Capronia_peltigerae	underclassification	1
F1-REF	6	2	rdp	1.0	HQ714768	Root;Basidiomycota;Agaricomycetes;Boletales;Paxillaceae;Alpova	Root;Basidiomycota;Agaricomycetes;Boletales;Paxillaceae;Alpova;Alpova_corsicus	match	6
F1-REF	6	2	rdp	1.0	GQ411521	Root	Root;Basidiomycota;Agaricomycetes;Polyporales;Hyphodermataceae;Hypochnicium;Gloeohypochnicium_analogum	underclassification	1
F1-REF	6	2	rdp	1.0	GU258297	Root	Root;Basidiomycota;Agaricomycetes;Russulales;Russulaceae;Lactarius;Lactarius_chiapanensis	underclassification	1
F1-REF	6	2	rdp	1.0	GU258294	Root;Basidiomycota;Agaricomycetes;Russulales;Russulaceae	Root;Basidiomycota;Agaricomycetes;Russulales;Russulaceae;Lactarius;Lactarius_genevievae	underclassification	5
F1-REF	6	2	rdp	1.0	AY669683	Root;Basidiomycota;Agaricomycetes;Agaricales;Cortinariaceae;Cortinarius	Root;Basidiomycota;Agaricomycetes;Agaricales;Cortinariaceae;Cortinarius;Cortinarius_flexipes	match	6
F1-REF	6	2	rdp	1.0	AF072235	Root;Ascomycota;Lecanoromycetes;Lecanorales;Parmeliaceae	Root;Ascomycota;Lecanoromycetes;Lecanorales;Parmeliaceae;Tuckermannopsis;Tuckermannopsis_platyphylla	underclassification	5
F1-REF	6	2	rdp	1.0	AY425629	Root	Root;Ascomycota;Lecanoromycetes;Lecanorales;Psoraceae;Protoblastenia;Protoblastenia_lilacina	underclassification	1
F1-REF	6	2	rdp	1.0	EU082465	Root;Ascomycota;Leotiomycetes;Helotiales;Sclerotiniaceae	Root;Ascomycota;Leotiomycetes;Helotiales;Sclerotiniaceae;Sclerotinia;Sclerotinia_trifoliorum	underclassification	5
F1-REF	6	2	rdp	1.0	AY425627	Root;Ascomycota	Root;Ascomycota;Lecanoromycetes;Lecanorales;Psoraceae;Protoblastenia;Protoblastenia_siebenhaariana	underclassification	2
F1-REF	6	2	rdp	1.0	EF631622	Root	Root;Ascomycota;Eurotiomycetes;Onygenales;Arthrodermataceae;Trichophyton;Trichophyton_terrestre	underclassification	1
F1-REF	6	2	rdp	1.0	HQ914933	Root	Root;Ascomycota;Eurotiomycetes;Onygenales;Onygenaceae;Chrysosporium;Chrysosporium_lobatum	underclassification	1
F1-REF	6	2	rdp	1.0	GU258299	Root;Basidiomycota;Agaricomycetes;Russulales;Russulaceae	Root;Basidiomycota;Agaricomycetes;Russulales;Russulaceae;Lactarius;Lactarius_leucophaeus	underclassification	5
F1-REF	6	2	rdp	1.0	AB188128	Root;Basidiomycota;Pucciniomycetes;Pucciniales;Pucciniaceae;Puccinia;Puccinia_coronata_var_gibberosa	Root;Basidiomycota;Pucciniomycetes;Pucciniales;Pucciniaceae;Puccinia;Puccinia_ferruginosa	overclassification	6
F1-REF	6	2	rdp	1.0	GQ303275	Root;Ascomycota;Dothideomycetes;Myriangiales;Elsinoaceae	Root;Ascomycota;Dothideomycetes;Myriangiales;Elsinoaceae;Elsinoe;Elsinoe_eucalypticola	underclassification	5
F1-REF	6	2	rdp	1.0	EF395374	Root	Root;Basidiomycota;Agaricomycetes;Agaricales;Hygrophoraceae;Hygrophorus;Hygrophorus_nemoreus	underclassification	1
F1-REF	6	2	rdp	1.0	GU234048	Root;Basidiomycota;Agaricomycetes;Agaricales	Root;Basidiomycota;Agaricomycetes;Agaricales;Tricholomataceae;Arrhenia;Arrhenia_acerosa	underclassification	4
F1-REF	6	2	rdp	1.0	L07135	Root;Ascomycota;Sordariomycetes;Hypocreales;Clavicipitaceae	Root;Ascomycota;Sordariomycetes;Hypocreales;Clavicipitaceae;Neotyphodium;Neotyphodium_uncinatum	underclassification	5
F1-REF	6	2	rdp	1.0	GU234046	Root;Basidiomycota;Agaricomycetes;Russulales;Russulaceae;Lactarius	Root;Basidiomycota;Agaricomycetes;Russulales;Russulaceae;Lactarius;Lactarius_dryadophilus	match	6
F1-REF	6	2	rdp	1.0	AM295494	Root	Root;Glomeromycota;Glomeromycetes;Paraglomerales;Paraglomeraceae;Paraglomus;Paraglomus_laccatum	underclassification	1
F1-REF	6	2	rdp	1.0	FJ530943	Root	Root;Ascomycota;Eurotiomycetes;Chaetothyriales;Herpotrichiellaceae;Phaeomoniella;Phaeomoniella_chlamydospora	underclassification	1
F1-REF	6	2	rdp	1.0	EU525945	Root;Basidiomycota;Agaricomycetes;Agaricales;Cortinariaceae;Inocybe	Root;Basidiomycota;Agaricomycetes;Agaricales;Cortinariaceae;Inocybe;Inocybe_pyriodora	match	6
F1-REF	6	2	rdp	1.0	EU525946	Root;Basidiomycota;Agaricomycetes;Agaricales;Cortinariaceae	Root;Basidiomycota;Agaricomycetes;Agaricales;Cortinariaceae;Cortinarius;Dermocybe_sanguinea	underclassification	5
F1-REF	6	2	rdp	1.0	EU841913	Root;Basidiomycota;Agaricomycetes;Polyporales	Root;Basidiomycota;Agaricomycetes;Polyporales;Ganodermataceae;Ganoderma;Ganoderma_boninense	underclassification	4
F1-REF	6	2	rdp	1.0	JF357909	Root;Ascomycota;Lecanoromycetes;Teloschistales;Teloschistaceae	Root;Ascomycota;Lecanoromycetes;Teloschistales;Teloschistaceae;Caloplaca;Caloplaca_bicolor	underclassification	5
F1-REF	6	2	rdp	1.0	HQ647296	Root;Basidiomycota;Agaricomycetes;Agaricales;Agaricaceae;Lepiota	Root;Basidiomycota;Agaricomycetes;Agaricales;Agaricaceae;Lepiota;Lepiota_poliochloodes	match	6
F1-REF	6	2	rdp	1.0	EU075537	Root	Root;Ascomycota;Lecanoromycetes;Lecanorales;Haematommataceae;Haematomma;Haematomma_sulphureum	underclassification	1
F1-REF	6	2	rdp	1.0	GQ292551	Root	Root;Ascomycota;Saccharomycetes;Saccharomycetales;Metschnikowiaceae;Metschnikowia;Metschnikowia_aff_fructicola_KKS	underclassification	1
F1-REF	6	2	rdp	1.0	EF512983	Root;Ascomycota	Root;Ascomycota;Sordariomycetes;Hypocreales;Cordycipitaceae;Lecanicillium;Lecanicillium_muscarium	underclassification	2
F1-REF	6	2	rdp	1.0	EU888913	Root;Ascomycota;Sordariomycetes;Sordariales;Lasiosphaeriaceae;Podospora	Root;Ascomycota;Sordariomycetes;Sordariales;Lasiosphaeriaceae;Podospora;Podospora_myriaspora	match	6
F1-REF	6	2	rdp	1.0	GU187527	Root	Root;Basidiomycota;Agaricomycetes;Boletales;Coniophoraceae;Leucogyrophana;Leucogyrophana_arizonica	underclassification	1
F1-REF	6	2	rdp	1.0	DQ681337	Root;Ascomycota;Eurotiomycetes;Eurotiales;Trichocomaceae;Penicillium	Root;Ascomycota;Eurotiomycetes;Eurotiales;Trichocomaceae;Penicillium;Penicillium_pulvillorum	match	6
F1-REF	6	2	rdp	1.0	HQ625012	Root;Basidiomycota;Agaricomycetes;Agaricales;Amanitaceae;Amanita;Amanita_nauseosa	Root;Basidiomycota;Agaricomycetes;Agaricales;Amanitaceae;Amanita;Amanita_armillariiformis	overclassification	6
F1-REF	6	2	rdp	1.0	U85789	Root;Basidiomycota;Agaricomycetes	Root;Basidiomycota;Agaricomycetes;Atheliales;Atheliaceae;Fibulorhizoctonia;Fibulorhizoctonia_carotae	underclassification	3
F1-REF	6	2	rdp	1.0	EF484924	Root;Ascomycota;Sordariomycetes;Hypocreales;Clavicipitaceae;Metarhizium;Metarhizium_anisopliae	Root;Ascomycota;Sordariomycetes;Hypocreales;Clavicipitaceae;Metarhizium;Metarhizium_lepidiotae	overclassification	6
F1-REF	6	2	rdp	1.0	AF422970	Root;Ascomycota	Root;Ascomycota;Leotiomycetes;Helotiales;Hyaloscyphaceae;Lachnum;Lachnum_spartinae	underclassification	2
F1-REF	6	2	rdp	1.0	HM046908	Root;Basidiomycota;Agaricomycetes;Corticiales;Corticiaceae;Vuilleminia;Vuilleminia_comedens	Root;Basidiomycota;Agaricomycetes;Corticiales;Corticiaceae;Vuilleminia;Vuilleminia_coryli	overclassification	6
F1-REF	6	2	rdp	1.0	UDB011482	Root	Root;Basidiomycota;Agaricomycetes;Agaricales;Entolomataceae;Entoloma;Entoloma_araneosum	underclassification	1
F1-REF	6	2	rdp	1.0	U66019	Root;Ascomycota;Pezizomycetes;Pezizales;Sarcoscyphaceae	Root;Ascomycota;Pezizomycetes;Pezizales;Sarcoscyphaceae;Sarcoscypha;Sarcoscypha_dudleyi	underclassification	5
F1-REF	6	2	rdp	1.0	AF505520	Root;Ascomycota;Leotiomycetes;Helotiales;Hyaloscyphaceae;Lachnum	Root;Ascomycota;Leotiomycetes;Helotiales;Hyaloscyphaceae;Lachnum;Lachnum_sclerotii	match	6
F1-REF	6	2	rdp	1.0	EF532830	Root	Root;Basidiomycota;Tremellomycetes;Filobasidiales;Filobasidiaceae;Filobasidium;Filobasidium_capsuligenum	underclassification	1
F1-REF	6	2	rdp	1.0	AY129344	Root;Basidiomycota;Agaricomycetes;Agaricales;Cortinariaceae;Gymnopilus	Root;Basidiomycota;Agaricomycetes;Agaricales;Cortinariaceae;Gymnopilus;Gymnopilus_liquiritiae	match	6
F1-REF	6	2	rdp	1.0	JN710512	Root	Root;Basidiomycota;Agaricomycetes;Polyporales;Steccherinaceae;Antrodiella;Antrodiella_dentipora	underclassification	1
F1-REF	6	2	rdp	1.0	U66017	Root	Root;Ascomycota;Pezizomycetes;Pezizales;Sarcoscyphaceae;Sarcoscypha;Sarcoscypha_vassiljevae	underclassification	1
F1-REF	6	2	rdp	1.0	EU003533	Root;Ascomycota;Sordariomycetes;Phyllachorales;Phyllachoraceae;Colletotrichum	Root;Ascomycota;Sordariomycetes;Phyllachorales;Phyllachoraceae;Colletotrichum;Colletotrichum_dracaenophilum	match	6
F1-REF	6	2	rdp	1.0	AB182265	Root;Ascomycota	Root;Ascomycota;Leotiomycetes;Helotiales;Sclerotiniaceae;Monilinia;Monilinia_jezoensis	underclassification	2
F1-REF	6	2	rdp	1.0	GQ166889	Root;Basidiomycota;Agaricomycetes;Boletales	Root;Basidiomycota;Agaricomycetes;Boletales;Boletaceae;Boletus;Boletus_bicolor	underclassification	4
F1-REF	6	2	rdp	1.0	GQ166887	Root;Basidiomycota;Agaricomycetes;Boletales;Gyroporaceae;Gyroporus;Gyroporus_purpurinus	Root;Basidiomycota;Agaricomycetes;Boletales;Gyroporaceae;Gyroporus;Gyroporus_castaneus	overclassification	6
F1-REF	6	2	rdp	1.0	FJ871085	Root;Ascomycota;Lecanoromycetes;Lecanorales;Ramalinaceae;Ramalina	Root;Ascomycota;Lecanoromycetes;Lecanorales;Ramalinaceae;Ramalina;Ramalina_lacera	match	6
F1-REF	6	2	rdp	1.0	FJ871080	Root;Ascomycota;Lecanoromycetes;Lecanorales;Ramalinaceae;Ramalina	Root;Ascomycota;Lecanoromycetes;Lecanorales;Ramalinaceae;Ramalina;Ramalina_glaucescens	match	6
F1-REF	6	2	rdp	1.0	DQ826556	Root	Root;Basidiomycota;Agaricomycetes;Polyporales;Meruliaceae;Resinicium;Resinicium_mutabile	underclassification	1
F1-REF	6	2	rdp	1.0	DQ191252	Root;Basidiomycota;Ustilaginomycetes;Ustilaginales;Ustilaginaceae;Schizonella;Schizonella_cocconii	Root;Basidiomycota;Ustilaginomycetes;Ustilaginales;Ustilaginaceae;Schizonella;Schizonella_melanogramma	overclassification	6
F1-REF	6	2	rdp	1.0	AF492120	Root;Ascomycota;Taphrinomycetes;Taphrinales;Taphrinaceae;Taphrina	Root;Ascomycota;Taphrinomycetes;Taphrinales;Taphrinaceae;Taphrina;Taphrina_tormentillae	match	6
F1-REF	6	2	rdp	1.0	AF492123	Root;Ascomycota;Taphrinomycetes;Taphrinales;Taphrinaceae	Root;Ascomycota;Taphrinomycetes;Taphrinales;Taphrinaceae;Taphrina;Taphrina_ulmi	underclassification	5
F1-REF	6	2	rdp	1.0	GU322459	Root	Root;Ascomycota;Sordariomycetes;Xylariales;Xylariaceae;Xylaria;Xylaria_atrosphaerica	underclassification	1
F1-REF	6	2	rdp	1.0	JN049843	Root	Root;Ascomycota;Sordariomycetes;Hypocreales;Clavicipitaceae;Cordyceps;Cordyceps_cardinalis	underclassification	1
F1-REF	6	2	rdp	1.0	GU322455	Root;Ascomycota;Sordariomycetes;Xylariales;Xylariaceae	Root;Ascomycota;Sordariomycetes;Xylariales;Xylariaceae;Xylaria;Xylaria_montagnei	underclassification	5
F1-REF	6	2	rdp	1.0	EF141540	Root;Basidiomycota;Agaricomycetes;Russulales;Russulaceae;Lactarius	Root;Basidiomycota;Agaricomycetes;Russulales;Russulaceae;Lactarius;Lactarius_alboscrobiculatus_var_roseopurpureus	match	6
F1-REF	6	2	rdp	1.0	FJ644289	Root	Root;Basidiomycota;Agaricomycetes;Russulales;Bondarzewiaceae;Wrightoporia;Wrightoporia_luteola	underclassification	1
F1-REF	6	2	rdp	1.0	UDB011826	Root;Basidiomycota;Agaricomycetes;Agaricales;Amanitaceae;Amanita	Root;Basidiomycota;Agaricomycetes;Agaricales;Amanitaceae;Amanita;Amanita_mortenii	match	6
F1-REF	6	2	rdp	1.0	HM635711	Root;Basidiomycota;Agaricomycetes;Hymenochaetales;Hymenochaetaceae;Phellinus	Root;Basidiomycota;Agaricomycetes;Hymenochaetales;Hymenochaetaceae;Phellinus;Phellinus_gabonensis	match	6
F1-REF	6	2	rdp	1.0	FJ644283	Root;Basidiomycota;Agaricomycetes	Root;Basidiomycota;Agaricomycetes;Polyporales;Polyporaceae;Fibroporia;Fibroporia_radiculosa	underclassification	3
F1-REF	6	2	rdp	1.0	GU220372	Root;Basidiomycota;Agaricomycetes;Agaricales;Amanitaceae;Amanita	Root;Basidiomycota;Agaricomycetes;Agaricales;Amanitaceae;Amanita;Amanita_vaginata	match	6
F1-REF	6	2	rdp	1.0	AJ247516	Root;Ascomycota;Lecanoromycetes;Lecanorales;Ramalinaceae;Biatora	Root;Ascomycota;Lecanoromycetes;Lecanorales;Ramalinaceae;Biatora;Biatora_helvola	match	6
F1-REF	6	2	rdp	1.0	JN710605	Root;Basidiomycota	Root;Basidiomycota;Agaricomycetes;Polyporales;Polyporaceae;Tyromyces;Tyromyces_wynneae	underclassification	2
F1-REF	6	2	rdp	1.0	AF516567	Root	Root;Basidiomycota;Agaricomycetes;Polyporales;Polyporaceae;Polyporus;Polyporus_leprieurii	underclassification	1
F1-REF	6	2	rdp	1.0	DQ402537	Root;Basidiomycota	Root;Basidiomycota;Tremellomycetes;Filobasidiales;Filobasidiaceae;Cryptococcus;Cryptococcus_saitoi	underclassification	2
F1-REF	6	2	rdp	1.0	DQ875342	Root;Basidiomycota;Ustilaginomycetes;Ustilaginales;Cintractiaceae;Cintractia;Cintractia_axicola	Root;Basidiomycota;Ustilaginomycetes;Ustilaginales;Cintractiaceae;Cintractia;Cintractia_amazonica	overclassification	6
F1-REF	6	2	rdp	1.0	UDB000606	Root;Basidiomycota;Agaricomycetes;Russulales;Russulaceae;Russula;Russula_sphagnophila	Root;Basidiomycota;Agaricomycetes;Russulales;Stereaceae;Boidinia;Boidinia_furfuracea	misclassification	4
F1-REF	6	2	rdp	1.0	AF516568	Root;Basidiomycota;Agaricomycetes;Polyporales	Root;Basidiomycota;Agaricomycetes;Polyporales;Polyporaceae;Polyporus;Polyporus_melanopus	underclassification	4
F1-REF	6	2	rdp	1.0	EF512480	Root;Ascomycota;Sordariomycetes;Diaporthales;Gnomoniaceae;Sirococcus	Root;Ascomycota;Sordariomycetes;Diaporthales;Gnomoniaceae;Sirococcus;Sirococcus_piceicola	match	6
F1-REF	6	2	rdp	1.0	HM622268	Root;Basidiomycota;Agaricomycetes;Agaricales;Tricholomataceae;Melanoleuca;Melanoleuca_vulgaris	Root;Basidiomycota;Agaricomycetes;Agaricales;Tricholomataceae;Melanoleuca;Melanoleuca_alboflavida	overclassification	6
F1-REF	6	2	rdp	1.0	AB439558	Root	Root;Basidiomycota;Agaricomycetes;Russulales;Lachnocladiaceae;Asterostroma;Asterostroma_cervicolor	underclassification	1
F1-REF	6	2	rdp	1.0	EU784271	Root	Root;Ascomycota;Pezizomycetes;Pezizales;Discinaceae;Hydnotrya;Hydnobolites_cerebriformis	underclassification	1
F1-REF	6	2	rdp	1.0	FJ596879	Root;Basidiomycota;Agaricomycetes;Agaricales;Hygrophoraceae;Hygrocybe	Root;Basidiomycota;Agaricomycetes;Agaricales;Hygrophoraceae;Hygrocybe;Camarophyllus_pratensis	match	6
F1-REF	6	2	rdp	1.0	EU784279	Root	Root;Basidiomycota;Agaricomycetes;Agaricales;Hygrophoraceae;Hygrocybe;Hygrocybe_aurantiosplendens	underclassification	1
F1-REF	6	2	rdp	1.0	EU700370	Root;Ascomycota;Dothideomycetes;Dothideales	Root;Ascomycota;Dothideomycetes;Pleosporales;Venturiaceae;Rhizosphaera;Rhizosphaera_pini	misclassification	3
F1-REF	6	2	rdp	1.0	DQ403803	Root;Basidiomycota;Agaricomycetes	Root;Basidiomycota;Agaricomycetes;Russulales;Russulaceae;Gymnomyces;Gymnomyces_redolens	underclassification	3
F1-REF	6	2	rdp	1.0	DQ112627	Root;Basidiomycota;Agaricomycetes	Root;Basidiomycota;Agaricomycetes;Agaricales;Agaricaceae;Disciseda;Disciseda_bovista	underclassification	3
F1-REF	6	2	rdp	1.0	U51958	Root;Ascomycota	Root;Ascomycota;Orbiliomycetes;Orbiliales;Orbiliaceae;Dactylellina;Dactylellina_lobata	underclassification	2
F1-REF	6	2	rdp	1.0	FR750150	Root	Root;Glomeromycota;Glomeromycetes;Diversisporales;Gigasporaceae;Scutellospora;Scutellospora_spinosissima	underclassification	1
F1-REF	6	2	rdp	1.0	EU128596	Root;Ascomycota;Eurotiomycetes;Eurotiales;Trichocomaceae;Penicillium;Penicillium_crustosum	Root;Ascomycota;Eurotiomycetes;Eurotiales;Trichocomaceae;Penicillium;Penicillium_polonicum	overclassification	6
F1-REF	6	2	rdp	1.0	AB080556	Root;Ascomycota;Leotiomycetes;Erysiphales;Erysiphaceae;Phyllactinia;Phyllactinia_guttata	Root;Ascomycota;Leotiomycetes;Erysiphales;Erysiphaceae;Phyllactinia;Phyllactinia_mali	overclassification	6
F1-REF	6	2	rdp	1.0	FR750154	Root	Root;Glomeromycota;Glomeromycetes;Diversisporales;Acaulosporaceae;Acaulospora;Acaulospora_spinosa	underclassification	1
F1-REF	6	2	rdp	1.0	U51952	Root;Ascomycota;Orbiliomycetes;Orbiliales;Orbiliaceae	Root;Ascomycota;Orbiliomycetes;Orbiliales;Orbiliaceae;Arthrobotrys;Arthrobotrys_cladodes	underclassification	5
F1-REF	6	2	rdp	1.0	EF612466	Root;Ascomycota	Root;Ascomycota;Sordariomycetes;Hypocreales;Bionectriaceae;Bionectria;Bionectria_pityrodes	underclassification	2
F1-REF	6	2	rdp	1.0	AY624186	Root;Ascomycota;Sordariomycetes;Hypocreales	Root;Ascomycota;Sordariomycetes;Hypocreales;Cordycipitaceae;Isaria;Isaria_javanica	underclassification	4
F1-REF	6	2	rdp	1.0	FM993285	Root;Basidiomycota;Agaricomycetes;Agaricales;Cortinariaceae;Cortinarius	Root;Basidiomycota;Agaricomycetes;Agaricales;Cortinariaceae;Cortinarius;Cortinarius_bibulus	match	6
F1-REF	6	2	rdp	1.0	AY532651	Root	Root;Ascomycota;Pneumocystidomycetes;Pneumocystidales;Pneumocystidaceae;Pneumocystis;Pneumocystis_murina	underclassification	1
F1-REF	6	2	rdp	1.0	DQ328133	Root;Basidiomycota;Agaricomycetes;Agaricales;Cortinariaceae	Root;Basidiomycota;Agaricomycetes;Agaricales;Cortinariaceae;Cortinarius;Cortinarius_sebosus	underclassification	5
F1-REF	6	2	rdp	1.0	AJ271585	Root;Ascomycota	Root;Ascomycota;Sordariomycetes;Sordariales;Chaetomiaceae;Thielavia;Thielavia_coactilis	underclassification	2
F1-REF	6	2	rdp	1.0	HQ897817	Root;Ascomycota	Root;Ascomycota;Sordariomycetes;Hypocreales;Nectriaceae;Microcera;Microcera_diploa	underclassification	2
F1-REF	6	2	rdp	1.0	AY461834	Root;Basidiomycota;Agaricomycetes;Agaricales;Psathyrellaceae;Coprinellus	Root;Basidiomycota;Agaricomycetes;Agaricales;Psathyrellaceae;Coprinellus;Coprinellus_curtus	match	6
F1-REF	6	2	rdp	1.0	AY558744	Root;Ascomycota;Lecanoromycetes	Root;Ascomycota;Lecanoromycetes;Lecanorales;Parmeliaceae;Bryoria;Bryoria_fremontii	underclassification	3
F1-REF	6	2	rdp	1.0	GU461963	Root;Basidiomycota;Agaricomycetes;Hymenochaetales;Hymenochaetaceae;Fomitiporia	Root;Basidiomycota;Agaricomycetes;Hymenochaetales;Hymenochaetaceae;Phellinus;Phellinus_apiahynus	misclassification	5
F1-REF	6	2	rdp	1.0	AY312987	Root;Basidiomycota;Agaricomycetes;Agaricales;Bolbitiaceae;Hebeloma	Root;Basidiomycota;Agaricomycetes;Agaricales;Bolbitiaceae;Hebeloma;Hebeloma_senescens	match	6
F1-REF	6	2	rdp	1.0	EF121863	Root;Ascomycota;Sordariomycetes;Hypocreales;Nectriaceae	Root;Ascomycota;Sordariomycetes;Hypocreales;Nectriaceae;Cosmospora;Cosmospora_gigas	underclassification	5
F1-REF	6	2	rdp	1.0	AB378506	Root;Ascomycota	Root;Ascomycota;Sordariomycetes;Hypocreales;Cordycipitaceae;Lecanicillium;Lecanicillium_araneicola	underclassification	2
F1-REF	6	2	rdp	1.0	AF145322	Root;Basidiomycota;Tremellomycetes	Root;Basidiomycota;Tremellomycetes;Filobasidiales;Filobasidiaceae;Cryptococcus;Cryptococcus_friedmannii	underclassification	3
F1-REF	6	2	rdp	1.0	EU254778	Root;Ascomycota	Root;Ascomycota;Sordariomycetes;Diaporthales;Gnomoniaceae;Gnomonia;Gnomonia_emarginata	underclassification	2
F1-REF	6	2	rdp	1.0	HM222966	Root;Ascomycota;Dothideomycetes;Pleosporales;Pleomassariaceae;Helminthosporium;Helminthosporium_velutinum	Root;Ascomycota;Dothideomycetes;Pleosporales;Pleomassariaceae;Helminthosporium;Helminthosporium_asterinum	overclassification	6
F1-REF	6	2	rdp	1.0	JF520431	Root;Basidiomycota;Agaricomycetes	Root;Basidiomycota;Agaricomycetes;Thelephorales;Thelephoraceae;Tomentella;Tomentella_afrostuposa	underclassification	3
F1-REF	6	2	rdp	1.0	JF520432	Root;Basidiomycota;Agaricomycetes;Thelephorales;Thelephoraceae	Root;Basidiomycota;Agaricomycetes;Thelephorales;Thelephoraceae;Tomentella;Tomentella_guineensis	underclassification	5
F1-REF	6	2	rdp	1.0	FN868479	Root;Ascomycota	Root;Ascomycota;Sordariomycetes;Xylariales;Amphisphaeriaceae;Truncatella;Truncatella_angustata	underclassification	2
F1-REF	6	2	rdp	1.0	FN396125	Root;Basidiomycota;Agaricomycetes;Agaricales;Psathyrellaceae;Coprinopsis	Root;Basidiomycota;Agaricomycetes;Agaricales;Psathyrellaceae;Coprinopsis;Coprinopsis_erythrocephala	match	6
F1-REF	6	2	rdp	1.0	DQ139434	Root;Ascomycota;Leotiomycetes;Erysiphales;Erysiphaceae;Podosphaera	Root;Ascomycota;Leotiomycetes;Erysiphales;Erysiphaceae;Podosphaera;Podosphaera_clandestina	match	6
F1-REF	6	2	rdp	1.0	AB516663	Root;Ascomycota;Leotiomycetes;Helotiales;Sclerotiniaceae	Root;Ascomycota;Leotiomycetes;Helotiales;Sclerotiniaceae;Sclerotinia;Sclerotinia_sclerotiorum	underclassification	5
F1-REF	6	2	rdp	1.0	JF908710	Root;Basidiomycota;Agaricomycetes;Russulales;Russulaceae	Root;Basidiomycota;Agaricomycetes;Russulales;Russulaceae;Russula;Russula_dryadicola	underclassification	5
F1-REF	6	2	rdp	1.0	AF455238	Root	Root;Ascomycota;Lecanoromycetes;Lecanorales;Cladoniaceae;Cladonia;Cladonia_pityrophylla	underclassification	1
F1-REF	6	2	rdp	1.0	EF175521	Root;Basidiomycota;Agaricomycetes;Agaricales;Marasmiaceae	Root;Basidiomycota;Agaricomycetes;Agaricales;Marasmiaceae;Tetrapyrgos;Tetrapyrgos_subdendrophora	underclassification	5
F1-REF	6	2	rdp	1.0	AF145329	Root;Basidiomycota;Tremellomycetes;Filobasidiales;Filobasidiaceae;Cryptococcus	Root;Basidiomycota;Tremellomycetes;Filobasidiales;Filobasidiaceae;Cryptococcus;Cryptococcus_albidus_var_ovalis	match	6
F1-REF	6	2	rdp	1.0	DQ000318	Root;Basidiomycota;Tremellomycetes;Filobasidiales;Filobasidiaceae;Cryptococcus	Root;Basidiomycota;Tremellomycetes;Filobasidiales;Filobasidiaceae;Cryptococcus;Cryptococcus_tephrensis	match	6
F1-REF	6	2	rdp	1.0	GQ395813	Root	Root;Ascomycota;Dothideomycetes;Capnodiales;Mycosphaerellaceae;Cladosporium;Cladosporium_paeoniae	underclassification	1
F1-REF	6	2	rdp	1.0	AM262325	Root	Root;Basidiomycota;Tremellomycetes;Filobasidiales;Filobasidiaceae;Cryptococcus;Cryptococcus_rajasthanensis	underclassification	1
F1-REF	6	2	rdp	1.0	GQ303288	Root;Ascomycota;Dothideomycetes;Capnodiales;Mycosphaerellaceae	Root;Ascomycota;Dothideomycetes;Capnodiales;Mycosphaerellaceae;Pseudocercospora;Pseudocercospora	underclassification	5
F1-REF	6	2	rdp	1.0	FJ380933	Root;Ascomycota;Orbiliomycetes;Orbiliales;Orbiliaceae	Root;Ascomycota;Orbiliomycetes;Orbiliales;Orbiliaceae;Monacrosporium;Monacrosporium_asthenopagum	underclassification	5
F1-REF	6	2	rdp	1.0	AJ439436	Root	Root;Ascomycota;Eurotiomycetes;Onygenales;Onygenaceae;Aphanoascus;Aphanoascus_clathratus	underclassification	1
F1-REF	6	2	rdp	1.0	AB105353	Root	Root;Basidiomycota;Tremellomycetes;Tremellales;Trichosporonaceae;Asterotremella;Asterotremella_pseudolonga	underclassification	1
F1-REF	6	2	rdp	1.0	GQ250408	Root	Root;Basidiomycota;Agaricomycetes;Agaricales;Amanitaceae;Amanita;Amanita_silvicola	underclassification	1
F1-REF	6	2	rdp	1.0	AY176470	Root;Basidiomycota;Agaricomycetes;Agaricales;Agaricaceae;Lepiota	Root;Basidiomycota;Agaricomycetes;Agaricales;Agaricaceae;Lepiota;Lepiota_erminea	match	6
F1-REF	6	2	rdp	1.0	AY243626	Root;Basidiomycota;Agaricomycetes;Agaricales	Root;Basidiomycota;Agaricomycetes;Agaricales;Agaricaceae;Leucoagaricus;Leucoagaricus_pilatianus	underclassification	4
F1-REF	6	2	rdp	1.0	AY243621	Root;Basidiomycota;Agaricomycetes;Agaricales;Agaricaceae;Leucoagaricus	Root;Basidiomycota;Agaricomycetes;Agaricales;Agaricaceae;Leucoagaricus;Leucoagaricus_adelphicus	match	6
F1-REF	6	2	rdp	1.0	AY176474	Root	Root;Basidiomycota;Agaricomycetes;Agaricales;Agaricaceae;Lepiota;Lepiota_jacobi	underclassification	1
F1-REF	6	2	rdp	1.0	AY176477	Root	Root;Basidiomycota;Agaricomycetes;Agaricales;Agaricaceae;Lepiota;Lepiota_pyrochroa	underclassification	1
F1-REF	6	2	rdp	1.0	DQ396970	Root;Ascomycota;Lecanoromycetes;Lecanorales;Stereocaulaceae;Stereocaulon	Root;Ascomycota;Lecanoromycetes;Lecanorales;Stereocaulaceae;Stereocaulon;Stereocaulon_nanodes	match	6
F1-REF	6	2	rdp	1.0	EU913720	Root;Ascomycota	Root;Ascomycota;Sordariomycetes;Ophiostomatales;Ophiostomataceae;Ophiostoma;Ophiostoma_fasciatum	underclassification	2
F1-REF	6	2	rdp	1.0	EU913721	Root;Ascomycota;Sordariomycetes;Ophiostomatales;Ophiostomataceae	Root;Ascomycota;Sordariomycetes;Ophiostomatales;Ophiostomataceae;Ceratocystiopsis;Ceratocystiopsis_collifera	underclassification	5
F1-REF	6	2	rdp	1.0	EU913722	Root;Ascomycota;Sordariomycetes;Ophiostomatales;Ophiostomataceae;Ceratocystiopsis	Root;Ascomycota;Sordariomycetes;Ophiostomatales;Ophiostomataceae;Ceratocystiopsis;Ceratocystiopsis_brevicomis	match	6
F1-REF	6	2	rdp	1.0	JF908002	Root;Basidiomycota;Agaricomycetes	Root;Basidiomycota;Agaricomycetes;Agaricales;Entolomataceae;Entoloma;Entoloma_plebejum	underclassification	3
F1-REF	6	2	rdp	1.0	JF908001	Root;Basidiomycota;Agaricomycetes;Agaricales;Entolomataceae;Entoloma;Entoloma_clypeatum	Root;Basidiomycota;Agaricomycetes;Agaricales;Entolomataceae;Entoloma;Entoloma_sepium	overclassification	6
F1-REF	6	2	rdp	1.0	EU273525	Root	Root;Basidiomycota;Agaricomycetes;Cantharellales;Ceratobasidiaceae;Ceratobasidium;Ceratobasidium_cornigerum	underclassification	1
F1-REF	6	2	rdp	1.0	JF908004	Root	Root;Basidiomycota;Agaricomycetes;Agaricales;Entolomataceae;Entoloma;Entoloma_strigosissimum	underclassification	1
F1-REF	6	2	rdp	1.0	JF795579	Root	Root;Chytridiomycota;Chytridiomycetes;Chytridiales;Synchytriaceae;Synchytrium;Synchytrium_endobioticum	underclassification	1
F1-REF	6	2	rdp	1.0	JF908008	Root;Basidiomycota	Root;Basidiomycota;Agaricomycetes;Agaricales;Entolomataceae;Entoloma;Entoloma_dichroum	underclassification	2
F1-REF	6	2	rdp	1.0	AF141177	Root;Ascomycota;Leotiomycetes;Helotiales;Dermateaceae	Root;Ascomycota;Leotiomycetes;Helotiales;Dermateaceae;Pezicula;Pezicula_rubi	underclassification	5
F1-REF	6	2	rdp	1.0	JF300143	Root;Ascomycota;Pezizomycetes;Pezizales;Tuberaceae;Choiromyces	Root;Ascomycota;Pezizomycetes;Pezizales;Tuberaceae;Choiromyces;Choiromyces_magnusii	match	6
F1-REF	6	2	rdp	1.0	HQ650640	Root	Root;Ascomycota;Lecanoromycetes;Lecanorales;Loxosporaceae;Loxospora;Loxospora_cismonica	underclassification	1
F1-REF	6	2	rdp	1.0	JN638437	Root;Ascomycota	Root;Ascomycota;Sordariomycetes;Diaporthales;Valsaceae;Phomopsis;Phomopsis_averrhoae	underclassification	2
F1-REF	6	2	rdp	1.0	JF907660	Root;Basidiomycota;Pucciniomycetes;Pucciniales;Phragmidiaceae;Phragmidium	Root;Basidiomycota;Pucciniomycetes;Pucciniales;Phragmidiaceae;Phragmidium;Phragmidium_mexicanum	match	6
F1-REF	6	2	rdp	1.0	AF389166	Root;Basidiomycota;Agaricomycetes;Agaricales;Cortinariaceae	Root;Basidiomycota;Agaricomycetes;Agaricales;Cortinariaceae;Cortinarius;Cortinarius_flavifolius	underclassification	5
F1-REF	6	2	rdp	1.0	JN198523	Root;Ascomycota;Sordariomycetes;Xylariales;Amphisphaeriaceae;Pestalotiopsis	Root;Ascomycota;Sordariomycetes;Xylariales;Amphisphaeriaceae;Pestalotiopsis;Pestalotiopsis_menezesiana	match	6
F1-REF	6	2	rdp	1.0	AJ439432	Root;Ascomycota;Eurotiomycetes;Onygenales;Onygenaceae	Root;Ascomycota;Eurotiomycetes;Onygenales;Onygenaceae;Aphanoascus;Aphanoascus_cubensis	underclassification	5
F1-REF	6	2	rdp	1.0	JF908485	Root;Basidiomycota;Agaricomycetes;Agaricales	Root;Basidiomycota;Agaricomycetes;Agaricales;Mycenaceae;Mycena;Mycena_latifolia	underclassification	4
F1-REF	6	2	rdp	1.0	EU623724	Root;Basidiomycota;Agaricomycetes;Agaricales;Marasmiaceae	Root;Basidiomycota;Agaricomycetes;Agaricales;Marasmiaceae;Megacollybia;Megacollybia_fallax	underclassification	5
F1-REF	6	2	rdp	1.0	FJ766487	Root;Basidiomycota;Agaricomycetes	Root;Basidiomycota;Agaricomycetes;Polyporales;Meripilaceae;Grifola;Grifola_frondosa	underclassification	3