UclustConsensusTaxonAssigner parameters:
id_to_taxonomy_filepath:/home/nbokulic/gg_13_5/gg_13_5_otus/taxonomy/97_otu_taxonomy_MOD.txt
id_to_taxonomy_fp:/home/nbokulic/gg_13_5/gg_13_5_otus/taxonomy/97_otu_taxonomy_MOD.txt
max_accepts:1
min_consensus_fraction:0.5
reference_sequences_fp:/home/nbokulic/gg_13_5/gg_13_5_otus/rep_set/97_otus.fasta
similarity:1.0
unassignable_label:Unassigned
Result path: "/scratch/assign-taxg15k7ig0GCio3i00ImAW.txt"

.uc file contents:

# uclust --input /home/nbokulic/open_reference_otus/Greg/psrotot_gg_13_5/rep_set.fna --id 1.0 --rev --maxaccepts 1 --allhits --libonly --lib /home/nbokulic/gg_13_5/gg_13_5_otus/rep_set/97_otus.fasta --uc /scratch/UclustConsensusTaxonAssigner_1XOi3H.uc
# version=1.2.22
# Tab-separated fields:
# 1=Type, 2=ClusterNr, 3=SeqLength or ClusterSize, 4=PctId, 5=Strand, 6=QueryStart, 7=SeedStart, 8=Alignment, 9=QueryLabel, 10=TargetLabel
# Record types (field 1): L=LibSeed, S=NewSeed, H=Hit, R=Reject, D=LibCluster, C=NewCluster, N=NoHit
# For C and D types, PctId is average id with seed.
# QueryStart and SeedStart are zero-based relative to start of sequence.
# If minus strand, SeedStart is relative to reverse-complemented seed.
N	*	92	*	*	*	*	*	100027 Even3_379611	*
N	*	100	*	*	*	*	*	1000656 Even1_335301	*
N	*	83	*	*	*	*	*	1010876 Even1_172765	*
L	45078	1508	*	*	*	*	*	167979	*
H	45078	78	100.0	+	0	0	526I78M904I	101320 Even1_310751	167979
N	*	85	*	*	*	*	*	1013316 Even3_44698	*
L	37189	1485	*	*	*	*	*	224834	*
H	37189	100	100.0	+	0	0	516I100M869I	101868 Even2_6992	224834
N	*	100	*	*	*	*	*	102049 Even2_151299	*
L	89592	1532	*	*	*	*	*	4408129	*
H	89592	93	100.0	+	0	0	525I93M914I	1022184 Even1_16431	4408129
N	*	100	*	*	*	*	*	1028632 Even2_6753	*
N	*	82	*	*	*	*	*	10298 Even3_158622	*
L	51364	1475	*	*	*	*	*	103730	*
H	51364	81	100.0	+	0	0	526I81M868I	103730 Even1_366154	103730
N	*	82	*	*	*	*	*	104216 Even2_110896	*
L	51285	1338	*	*	*	*	*	104265	*
H	51285	79	100.0	+	0	0	477I79M782I	104265 Even2_344586	104265
L	59649	1473	*	*	*	*	*	1048864	*
H	59649	100	100.0	+	0	0	512I100M861I	1048864 Even1_21069	1048864
N	*	86	*	*	*	*	*	105411 Even1_37132	*
N	*	100	*	*	*	*	*	1063126 Even1_3912	*
N	*	78	*	*	*	*	*	1064410 Even1_199610	*
L	21741	1393	*	*	*	*	*	340216	*
H	21741	100	100.0	+	0	0	430I100M863I	106691 Even1_78105	340216
N	*	91	*	*	*	*	*	106860 Even2_228717	*
N	*	87	*	*	*	*	*	107098 Even1_283062	*
N	*	79	*	*	*	*	*	1079393 Even2_68083	*
L	14702	1320	*	*	*	*	*	538884	*
H	14702	77	100.0	+	0	0	444I77M799I	108446 Even1_64880	538884
N	*	81	*	*	*	*	*	1094340 Even1_65376	*
L	70519	1493	*	*	*	*	*	1044319	*
H	70519	100	100.0	+	0	0	525I100M868I	109907 Even1_180291	1044319
L	27395	1404	*	*	*	*	*	299943	*
H	27395	100	100.0	+	0	0	531I100M773I	1100972 Even3_194794	299943
N	*	89	*	*	*	*	*	1105984 Even1_77871	*
N	*	78	*	*	*	*	*	110625 Even2_313508	*
L	68806	1508	*	*	*	*	*	1107230	*
H	68806	81	100.0	+	0	0	530I81M897I	1107230 Even1_111711	1107230
N	*	100	*	*	*	*	*	1107740 Even2_124460	*
L	71569	1416	*	*	*	*	*	1108831	*
H	71569	90	100.0	+	0	0	452I90M874I	1108831 Even1_76215	1108831
L	27050	1390	*	*	*	*	*	301872	*
H	27050	76	100.0	+	0	0	515I76M799I	1109178 Even2_176899	301872
N	*	76	*	*	*	*	*	1109293 Even1_369663	*
N	*	81	*	*	*	*	*	1109297 Even1_239571	*
N	*	100	*	*	*	*	*	1109454 Even1_28367	*
L	37448	1488	*	*	*	*	*	222501	*
H	37448	82	100.0	+	0	0	516I82M890I	1109646 Even1_265130	222501
N	*	81	*	*	*	*	*	1109864 Even1_211422	*
N	*	100	*	*	*	*	*	1110791 Even2_346314	*
L	36089	1302	*	*	*	*	*	237131	*
H	36089	100	100.0	+	0	0	447I100M755I	1111111 Even1_70928	237131
L	3	1402	*	*	*	*	*	1111874	*
H	3	81	100.0	+	0	0	472I81M849I	1111874 Even3_87083	1111874
N	*	77	*	*	*	*	*	1116674 Even1_38544	*
L	7341	1499	*	*	*	*	*	610462	*
H	7341	100	100.0	+	0	0	524I100M875I	1116679 Even3_69	610462
N	*	76	*	*	*	*	*	1120420 Even3_94	*
N	*	85	*	*	*	*	*	1121144 Even1_220778	*
N	*	90	*	*	*	*	*	1122622 Even2_18672	*
N	*	100	*	*	*	*	*	1122673 Even1_21615	*
N	*	100	*	*	*	*	*	1123414 Even2_137033	*
L	60618	1453	*	*	*	*	*	1125423	*
H	60618	92	100.0	+	0	0	445I92M916I	1125423 Even1_51352	1125423
L	66285	1459	*	*	*	*	*	1125638	*
H	66285	90	100.0	+	0	0	500I90M869I	1125638 Even1_327271	1125638
N	*	76	*	*	*	*	*	1127719 Even3_381560	*
L	57045	1518	*	*	*	*	*	1129328	*
H	57045	100	100.0	+	0	0	521I100M897I	1129328 Even3_104221	1129328
N	*	81	*	*	*	*	*	1130478 Even1_140866	*
N	*	100	*	*	*	*	*	1134151 Even1_49849	*
H	89592	91	100.0	+	0	0	525I91M916I	1134377 Even2_167536	4408129
N	*	100	*	*	*	*	*	1135231 Even3_24296	*
N	*	76	*	*	*	*	*	113581 Even1_383974	*
N	*	100	*	*	*	*	*	113588 Even2_68405	*
N	*	100	*	*	*	*	*	1136581 Even2_100991	*
N	*	100	*	*	*	*	*	1139929 Even3_132439	*
N	*	84	*	*	*	*	*	1140514 Even1_300073	*
L	8840	1451	*	*	*	*	*	584193	*
H	8840	92	100.0	+	0	0	517I92M842I	1140670 Even2_178507	584193
L	8811	1491	*	*	*	*	*	584375	*
H	8811	100	100.0	+	0	0	507I100M884I	1142029 Even3_44	584375
N	*	83	*	*	*	*	*	1146865 Even3_73067	*
N	*	87	*	*	*	*	*	115049 Even1_693	*
L	49802	1505	*	*	*	*	*	117948	*
H	49802	76	100.0	+	0	0	502I76M927I	117948 Even2_369499	117948
N	*	100	*	*	*	*	*	123510 Even2_85427	*
N	*	100	*	*	*	*	*	126508 Even3_108247	*
N	*	84	*	*	*	*	*	130214 Even1_276207	*
N	*	100	*	*	*	*	*	13034 Even1_283466	*
N	*	79	*	*	*	*	*	130402 Even1_311133	*
N	*	91	*	*	*	*	*	132041 Even3_226828	*
N	*	89	*	*	*	*	*	134174 Even3_324596	*
L	49048	1417	*	*	*	*	*	136502	*
H	49048	81	100.0	+	0	0	475I81M861I	136502 Even3_41648	136502
N	*	77	*	*	*	*	*	136526 Even1_46766	*
N	*	100	*	*	*	*	*	13900 Even2_349170	*
N	*	100	*	*	*	*	*	139220 Even2_355672	*
L	48351	1455	*	*	*	*	*	141972	*
H	48351	100	100.0	+	0	0	492I85MI15M862I	141972 Even1_64566	141972
N	*	77	*	*	*	*	*	144395 Even3_275221	*
L	83152	1424	*	*	*	*	*	4340036	*
H	83152	76	100.0	+	0	0	484I76M864I	147085 Even1_2368	4340036
N	*	92	*	*	*	*	*	148007 Even3_116624	*
N	*	100	*	*	*	*	*	148987 Even3_79880	*
N	*	84	*	*	*	*	*	150404 Even1_100594	*
N	*	100	*	*	*	*	*	151682 Even2_210793	*
N	*	100	*	*	*	*	*	1517154 Even3_40932	*
N	*	78	*	*	*	*	*	151729 Even1_145363	*
N	*	80	*	*	*	*	*	1521321 Even2_358102	*
N	*	85	*	*	*	*	*	15357 Even2_341702	*
L	48309	1520	*	*	*	*	*	142203	*
H	48309	80	100.0	+	0	0	541I80M899I	15430 Even1_262739	142203
L	55051	1519	*	*	*	*	*	15432	*
H	55051	84	100.0	+	0	0	515I84M920I	15432 Even1_23852	15432
N	*	95	*	*	*	*	*	154604 Even1_359474	*
N	*	90	*	*	*	*	*	154822 Even1_143176	*
N	*	100	*	*	*	*	*	155216 Even1_34921	*
L	90245	1492	*	*	*	*	*	4415049	*
H	90245	80	100.0	+	0	0	483I80M929I	156101 Even1_317183	4415049
L	55016	1389	*	*	*	*	*	15728	*
H	55016	100	100.0	+	0	0	441I100M848I	15728 Even3_686	15728
N	*	80	*	*	*	*	*	157396 Even1_27882	*
N	*	80	*	*	*	*	*	157516 Even1_49887	*
L	8781	1367	*	*	*	*	*	584541	*
H	8781	80	100.0	+	0	0	497I80M790I	157748 Even1_44821	584541
N	*	100	*	*	*	*	*	157772 Even2_78183	*
L	46149	1397	*	*	*	*	*	157842	*
H	46149	90	100.0	+	0	0	493I90M814I	157842 Even2_36802	157842
N	*	100	*	*	*	*	*	158581 Even1_3672	*
N	*	80	*	*	*	*	*	158625 Even3_43415	*
N	*	100	*	*	*	*	*	158711 Even2_20104	*
N	*	100	*	*	*	*	*	158967 Even2_100076	*
L	45897	1382	*	*	*	*	*	159763	*
H	45897	100	100.0	+	0	0	422I100M860I	160432 Even2_27497	159763
N	*	100	*	*	*	*	*	160830 Even2_224583	*
N	*	76	*	*	*	*	*	161007 Even2_25712	*
L	45632	1564	*	*	*	*	*	161579	*
H	45632	100	100.0	+	0	0	547I100M917I	161579 Even2_297	161579
L	5534	1362	*	*	*	*	*	740831	*
H	5534	93	100.0	+	0	0	502I93M767I	1616784 Even1_27782	740831
N	*	100	*	*	*	*	*	162491 Even1_37792	*
L	45156	1458	*	*	*	*	*	167187	*
H	45156	82	100.0	+	0	0	515I82M861I	167187 Even1_75217	167187
N	*	85	*	*	*	*	*	168031 Even2_73671	*
L	94828	1439	*	*	*	*	*	4463047	*
H	94828	79	100.0	+	0	0	431I79M929I	1690095 Even3_31306	4463047
L	15217	1399	*	*	*	*	*	534898	*
H	15217	85	100.0	+	0	0	483I85M831I	169538 Even1_561	534898
N	*	100	*	*	*	*	*	1698008 Even2_7330	*
N	*	83	*	*	*	*	*	170775 Even2_349444	*
N	*	96	*	*	*	*	*	171399 Even2_103038	*
L	57946	1449	*	*	*	*	*	1715185	*
H	57946	76	100.0	+	0	0	471I76M902I	1715185 Even3_4074	1715185
L	23468	1395	*	*	*	*	*	327826	*
H	23468	100	100.0	+	0	0	519I100M776I	171532 Even1_13785	327826
N	*	81	*	*	*	*	*	171718 Even2_40869	*
L	70405	1440	*	*	*	*	*	3244671	*
H	70405	84	100.0	+	0	0	485I84M871I	1721299 Even1_6424	3244671
N	*	83	*	*	*	*	*	172705 Even1_332215	*
N	*	100	*	*	*	*	*	1727150 Even3_9395	*
N	*	95	*	*	*	*	*	172717 Even1_188034	*
N	*	100	*	*	*	*	*	1733364 Even3_1900	*
L	23310	1365	*	*	*	*	*	328936	*
H	23310	100	100.0	+	0	0	526I100M739I	173565 Even3_211	328936
L	3578	1445	*	*	*	*	*	823732	*
H	3578	80	100.0	+	0	0	489I80M876I	1739135 Even3_299854	823732
N	*	100	*	*	*	*	*	173945 Even2_8886	*
N	*	83	*	*	*	*	*	174036 Even3_14404	*
L	44518	1390	*	*	*	*	*	174044	*
H	44518	76	100.0	+	0	0	511I76M803I	174044 Even1_252838	174044
N	*	93	*	*	*	*	*	174332 Even2_20537	*
N	*	76	*	*	*	*	*	174383 Even1_1467	*
N	*	100	*	*	*	*	*	174487 Even1_213280	*
N	*	90	*	*	*	*	*	174588 Even3_346900	*
L	43803	1370	*	*	*	*	*	177979	*
H	43803	91	100.0	+	0	0	509I91M770I	174712 Even3_92713	177979
N	*	100	*	*	*	*	*	174831 Even3_76926	*
N	*	78	*	*	*	*	*	174845 Even1_29358	*
N	*	78	*	*	*	*	*	174911 Even3_300675	*
L	42061	1393	*	*	*	*	*	187265	*
H	42061	100	100.0	+	0	0	517I100M776I	174998 Even1_76	187265
N	*	100	*	*	*	*	*	175062 Even3_164447	*
N	*	88	*	*	*	*	*	175145 Even1_327408	*
N	*	100	*	*	*	*	*	175148 Even2_113199	*
L	44312	1391	*	*	*	*	*	175168	*
H	44312	76	100.0	+	0	0	516I76M799I	175168 Even2_107978	175168
N	*	100	*	*	*	*	*	175367 Even1_94067	*
N	*	100	*	*	*	*	*	175474 Even2_60814	*
N	*	80	*	*	*	*	*	175960 Even3_128405	*
N	*	81	*	*	*	*	*	175978 Even2_288103	*
N	*	80	*	*	*	*	*	176057 Even1_12626	*
N	*	100	*	*	*	*	*	176080 Even1_63910	*
L	40574	1391	*	*	*	*	*	195115	*
H	40574	100	100.0	+	0	0	524I100M767I	176306 Even1_69681	195115
N	*	92	*	*	*	*	*	176346 Even3_283234	*
N	*	100	*	*	*	*	*	176564 Even1_237469	*
N	*	79	*	*	*	*	*	176666 Even1_78912	*
L	18716	1372	*	*	*	*	*	370357	*
H	18716	83	100.0	+	0	0	497I83M792I	176690 Even3_270553	370357
N	*	81	*	*	*	*	*	176757 Even1_18154	*
L	18838	1362	*	*	*	*	*	368261	*
H	18838	76	100.0	+	0	0	497I76M789I	177055 Even1_18212	368261
L	43963	1398	*	*	*	*	*	177150	*
H	43963	100	100.0	+	0	0	526I100M772I	177150 Even3_16417	177150
N	*	100	*	*	*	*	*	177359 Even2_39197	*
N	*	81	*	*	*	*	*	177581 Even2_81752	*
L	40581	1389	*	*	*	*	*	195081	*
H	40581	100	100.0	+	0	0	514I100M775I	177618 Even3_14213	195081
L	35972	1380	*	*	*	*	*	237945	*
H	35972	76	100.0	+	0	0	407I76M897I	177702 Even3_49086	237945
L	42514	1392	*	*	*	*	*	184864	*
H	42514	100	100.0	+	0	0	517I100M775I	178018 Even1_68059	184864
N	*	100	*	*	*	*	*	178148 Even2_133918	*
L	9777	1358	*	*	*	*	*	577406	*
H	9777	85	100.0	+	0	0	495I85M778I	178173 Even3_2756	577406
N	*	84	*	*	*	*	*	178253 Even3_147109	*
N	*	76	*	*	*	*	*	178332 Even2_205149	*
N	*	88	*	*	*	*	*	178387 Even3_310232	*
L	26385	1372	*	*	*	*	*	306633	*
H	26385	100	100.0	+	0	0	504I100M768I	178447 Even3_3	306633
N	*	87	*	*	*	*	*	178465 Even1_258756	*
N	*	79	*	*	*	*	*	178474 Even3_304188	*
N	*	100	*	*	*	*	*	178615 Even1_159161	*
N	*	95	*	*	*	*	*	178616 Even1_71511	*
N	*	100	*	*	*	*	*	178770 Even3_28414	*
N	*	78	*	*	*	*	*	178977 Even1_220979	*
N	*	100	*	*	*	*	*	179018 Even3_58346	*
N	*	100	*	*	*	*	*	179384 Even1_372330	*
N	*	93	*	*	*	*	*	179408 Even3_197580	*
N	*	84	*	*	*	*	*	179665 Even3_42210	*
L	43459	1389	*	*	*	*	*	179760	*
H	43459	80	100.0	+	0	0	514I80M795I	179760 Even1_118174	179760
L	43402	1403	*	*	*	*	*	180112	*
H	43402	100	100.0	+	0	0	532I100M771I	180112 Even1_121	180112
N	*	81	*	*	*	*	*	180191 Even1_90448	*
N	*	76	*	*	*	*	*	180289 Even1_100845	*
N	*	100	*	*	*	*	*	180414 Even2_89071	*
L	41102	1391	*	*	*	*	*	192396	*
H	41102	92	100.0	+	0	0	515I92M784I	180577 Even3_2092	192396
L	67802	1438	*	*	*	*	*	2920309	*
H	67802	100	100.0	+	0	0	490I100M848I	180606 Even1_179	2920309
N	*	100	*	*	*	*	*	180834 Even2_275488	*
N	*	100	*	*	*	*	*	180842 Even3_9464	*
N	*	100	*	*	*	*	*	181204 Even2_596	*
N	*	100	*	*	*	*	*	181344 Even2_305653	*
N	*	84	*	*	*	*	*	181421 Even2_148463	*
L	43114	1389	*	*	*	*	*	181689	*
H	43114	100	100.0	+	0	0	515I100M774I	181689 Even1_3393	181689
N	*	85	*	*	*	*	*	181719 Even1_95673	*
N	*	81	*	*	*	*	*	181756 Even1_376917	*
L	40313	1393	*	*	*	*	*	196508	*
H	40313	92	100.0	+	0	0	518I92M783I	181871 Even2_213358	196508
L	43020	1359	*	*	*	*	*	182117	*
H	43020	100	100.0	+	0	0	515I100M744I	182117 Even2_34886	182117
N	*	100	*	*	*	*	*	182157 Even2_56073	*
N	*	81	*	*	*	*	*	182416 Even3_395759	*
N	*	100	*	*	*	*	*	182428 Even2_297984	*
H	9777	84	100.0	+	0	0	495I84M779I	182653 Even3_4014	577406
L	56111	1494	*	*	*	*	*	1992	*
H	56111	85	100.0	+	0	0	522I85M887I	182874 Even2_1149	1992
N	*	76	*	*	*	*	*	183039 Even2_234393	*
N	*	80	*	*	*	*	*	183054 Even3_57723	*
L	57993	1335	*	*	*	*	*	1024529	*
H	57993	100	100.0	+	0	0	480I100M755I	183089 Even1_1070	1024529
L	42823	1387	*	*	*	*	*	183139	*
H	42823	76	100.0	+	0	0	515I76M796I	183139 Even2_23955	183139
N	*	100	*	*	*	*	*	183161 Even1_2660	*
N	*	79	*	*	*	*	*	183162 Even3_245573	*
N	*	100	*	*	*	*	*	183163 Even2_272567	*
N	*	83	*	*	*	*	*	183467 Even3_87806	*
N	*	76	*	*	*	*	*	183579 Even3_186697	*
N	*	100	*	*	*	*	*	183783 Even2_35294	*
N	*	85	*	*	*	*	*	183817 Even3_2346	*
N	*	79	*	*	*	*	*	183855 Even1_222712	*
L	20615	1490	*	*	*	*	*	348641	*
H	20615	76	100.0	+	0	0	515I76M899I	183867 Even2_384762	348641
N	*	100	*	*	*	*	*	183873 Even1_198	*
N	*	77	*	*	*	*	*	184296 Even3_33832	*
N	*	84	*	*	*	*	*	184322 Even1_42942	*
L	29021	1390	*	*	*	*	*	289748	*
H	29021	82	100.0	+	0	0	514I82M794I	184497 Even2_967	289748
N	*	100	*	*	*	*	*	184567 Even1_143217	*
L	59048	1447	*	*	*	*	*	1848900	*
H	59048	76	100.0	+	0	0	492I76M879I	1848900 Even3_366952	1848900
N	*	100	*	*	*	*	*	185232 Even3_143074	*
N	*	83	*	*	*	*	*	185730 Even3_346860	*
L	40286	1399	*	*	*	*	*	196664	*
H	40286	76	100.0	+	0	0	527I76M796I	185888 Even1_18064	196664
N	*	82	*	*	*	*	*	186471 Even3_168464	*
N	*	77	*	*	*	*	*	186841 Even3_204447	*
H	29021	80	100.0	+	0	0	514I80M796I	186858 Even2_761	289748
N	*	93	*	*	*	*	*	186888 Even2_45911	*
N	*	83	*	*	*	*	*	186906 Even3_174600	*
N	*	86	*	*	*	*	*	186968 Even1_86357	*
N	*	77	*	*	*	*	*	1871227 Even1_7752	*
L	42088	1398	*	*	*	*	*	187144	*
H	42088	76	100.0	+	0	0	508I76M814I	187144 Even3_15276	187144
N	*	100	*	*	*	*	*	187178 Even1_116366	*
L	42066	1389	*	*	*	*	*	187248	*
H	42066	100	100.0	+	0	0	514I100M775I	187248 Even3_140968	187248
N	*	81	*	*	*	*	*	187256 Even3_226998	*
N	*	100	*	*	*	*	*	187324 Even1_26465	*
N	*	82	*	*	*	*	*	187336 Even1_327857	*
N	*	100	*	*	*	*	*	187443 Even3_16940	*
N	*	79	*	*	*	*	*	187623 Even2_71269	*
N	*	83	*	*	*	*	*	187720 Even2_38286	*
N	*	100	*	*	*	*	*	187811 Even2_235191	*
L	41951	1391	*	*	*	*	*	187894	*
H	41951	79	100.0	+	0	0	517I79M795I	187894 Even1_48417	187894
N	*	80	*	*	*	*	*	187980 Even2_56682	*
N	*	77	*	*	*	*	*	187989 Even1_396707	*
N	*	90	*	*	*	*	*	188321 Even1_93538	*
L	21396	1373	*	*	*	*	*	342802	*
H	21396	88	100.0	+	0	0	498I88M787I	188574 Even3_294952	342802
L	41814	1400	*	*	*	*	*	188735	*
H	41814	100	100.0	+	0	0	530I100M770I	188735 Even1_114089	188735
N	*	100	*	*	*	*	*	1888072 Even1_206600	*
L	41783	1400	*	*	*	*	*	188887	*
H	41783	100	100.0	+	0	0	528I100M772I	188887 Even3_77065	188887
N	*	79	*	*	*	*	*	188956 Even1_300706	*
N	*	82	*	*	*	*	*	189150 Even1_189998	*
N	*	100	*	*	*	*	*	189297 Even3_101068	*
N	*	77	*	*	*	*	*	189521 Even2_377110	*
L	22392	1370	*	*	*	*	*	335670	*
H	22392	76	100.0	+	0	0	501I76M793I	189524 Even2_237682	335670
N	*	80	*	*	*	*	*	189667 Even1_25153	*
N	*	100	*	*	*	*	*	189679 Even1_86824	*
L	42457	1396	*	*	*	*	*	185165	*
H	42457	100	100.0	+	0	0	517I100M779I	189754 Even3_121895	185165
L	40903	1386	*	*	*	*	*	193572	*
H	40903	100	100.0	+	0	0	511I100M775I	189924 Even3_72665	193572
N	*	82	*	*	*	*	*	189925 Even1_70052	*
L	41545	1380	*	*	*	*	*	190107	*
H	41545	84	100.0	+	0	0	500I84M796I	190107 Even1_99908	190107
N	*	77	*	*	*	*	*	190502 Even3_215313	*
N	*	76	*	*	*	*	*	190526 Even3_161986	*
N	*	100	*	*	*	*	*	190637 Even3_107975	*
N	*	100	*	*	*	*	*	190649 Even3_58138	*
N	*	100	*	*	*	*	*	190902 Even2_23182	*
N	*	100	*	*	*	*	*	190913 Even1_299758	*
N	*	100	*	*	*	*	*	191218 Even3_4688	*
N	*	100	*	*	*	*	*	191393 Even2_1412	*
N	*	79	*	*	*	*	*	191442 Even3_179767	*
N	*	76	*	*	*	*	*	191487 Even2_384212	*
L	59569	1488	*	*	*	*	*	1915223	*
H	59569	100	100.0	+	0	0	504I100M884I	1915223 Even3_49267	1915223
N	*	100	*	*	*	*	*	191541 Even3_48120	*
L	44416	1390	*	*	*	*	*	174629	*
H	44416	100	100.0	+	0	0	515I100M775I	191755 Even3_216594	174629
L	41447	1374	*	*	*	*	*	190637	*
H	41447	93	100.0	+	0	0	500I93M781I	191797 Even1_13434	190637
N	*	100	*	*	*	*	*	192025 Even1_16059	*
N	*	100	*	*	*	*	*	192093 Even1_199156	*
N	*	79	*	*	*	*	*	192133 Even1_46324	*
N	*	79	*	*	*	*	*	192396 Even2_120363	*
N	*	90	*	*	*	*	*	192504 Even3_329615	*
H	35972	77	100.0	+	0	0	407I77M896I	192619 Even2_365339	237945
N	*	76	*	*	*	*	*	192684 Even1_305050	*
N	*	100	*	*	*	*	*	1928156 Even1_216901	*
N	*	100	*	*	*	*	*	192818 Even1_76426	*
N	*	100	*	*	*	*	*	193233 Even3_359207	*
L	41250	1393	*	*	*	*	*	191658	*
H	41250	100	100.0	+	0	0	517I100M776I	193235 Even1_117	191658
N	*	96	*	*	*	*	*	1932546 Even3_316604	*
N	*	93	*	*	*	*	*	193364 Even2_111768	*
L	94906	1444	*	*	*	*	*	4464173	*
H	94906	100	100.0	+	0	0	486I100M858I	193477 Even3_23786	4464173
N	*	100	*	*	*	*	*	193528 Even1_193035	*
L	59768	1433	*	*	*	*	*	1935637	*
H	59768	91	100.0	+	0	0	483I91M859I	1935637 Even2_21775	1935637
L	41925	1376	*	*	*	*	*	188044	*
H	41925	76	100.0	+	0	0	504I76M796I	193572 Even2_206849	188044
N	*	100	*	*	*	*	*	193667 Even3_5598	*
N	*	100	*	*	*	*	*	193679 Even3_527	*
N	*	100	*	*	*	*	*	193863 Even1_69797	*
N	*	100	*	*	*	*	*	194077 Even1_131759	*
L	43333	1386	*	*	*	*	*	180473	*
H	43333	100	100.0	+	0	0	511I100M775I	194258 Even2_69820	180473
N	*	83	*	*	*	*	*	194340 Even3_131846	*
L	43934	1390	*	*	*	*	*	177305	*
H	43934	78	100.0	+	0	0	514I78M798I	194420 Even3_141374	177305
N	*	100	*	*	*	*	*	1944498 Even1_76121	*
L	44476	1383	*	*	*	*	*	174304	*
H	44476	90	100.0	+	0	0	511I90M782I	194534 Even1_27791	174304
N	*	100	*	*	*	*	*	1945397 Even2_261436	*
N	*	79	*	*	*	*	*	194615 Even3_275595	*
N	*	100	*	*	*	*	*	194667 Even2_22112	*
N	*	82	*	*	*	*	*	194872 Even1_122802	*
N	*	94	*	*	*	*	*	195015 Even1_224292	*
L	44507	1389	*	*	*	*	*	174138	*
H	44507	76	100.0	+	0	0	514I76M799I	195028 Even2_216487	174138
N	*	79	*	*	*	*	*	195081 Even3_291827	*
N	*	100	*	*	*	*	*	195157 Even2_109074	*
N	*	100	*	*	*	*	*	195258 Even2_74035	*
N	*	81	*	*	*	*	*	195508 Even1_97878	*
L	43753	1392	*	*	*	*	*	178238	*
H	43753	100	100.0	+	0	0	517I100M775I	195674 Even1_44986	178238
N	*	77	*	*	*	*	*	195704 Even3_257568	*
N	*	80	*	*	*	*	*	195934 Even1_288586	*
L	40426	1392	*	*	*	*	*	195883	*
H	40426	100	100.0	+	0	0	517I100M775I	196176 Even1_125	195883
N	*	100	*	*	*	*	*	196219 Even1_101292	*
L	44362	1390	*	*	*	*	*	174853	*
H	44362	77	100.0	+	0	0	513I77M800I	196249 Even3_12313	174853
N	*	100	*	*	*	*	*	196286 Even3_126561	*
L	23824	1387	*	*	*	*	*	325419	*
H	23824	81	100.0	+	0	0	514I81M792I	196346 Even1_12819	325419
N	*	100	*	*	*	*	*	196391 Even2_17442	*
N	*	100	*	*	*	*	*	196604 Even1_158428	*
L	43203	1377	*	*	*	*	*	181167	*
H	43203	93	100.0	+	0	0	502I93M782I	196711 Even1_1403	181167
N	*	100	*	*	*	*	*	196769 Even1_9286	*
L	23215	1348	*	*	*	*	*	329668	*
H	23215	100	100.0	+	0	0	497I100M751I	196982 Even1_213882	329668
N	*	100	*	*	*	*	*	197050 Even2_33694	*
N	*	100	*	*	*	*	*	197052 Even2_291274	*
L	42497	1344	*	*	*	*	*	184971	*
H	42497	91	100.0	+	0	0	472I91M781I	197080 Even1_140881	184971
N	*	95	*	*	*	*	*	197091 Even3_102481	*
N	*	100	*	*	*	*	*	197204 Even2_40566	*
N	*	77	*	*	*	*	*	197248 Even3_274027	*
L	58208	1428	*	*	*	*	*	1749079	*
H	58208	100	100.0	+	0	0	514I100M814I	197367 Even3_146	1749079
L	40105	1395	*	*	*	*	*	197537	*
H	40105	84	100.0	+	0	0	525I84M786I	197537 Even2_149814	197537
N	*	95	*	*	*	*	*	197750 Even3_255518	*
N	*	100	*	*	*	*	*	197765 Even1_63897	*
N	*	78	*	*	*	*	*	197994 Even2_41982	*
N	*	100	*	*	*	*	*	198185 Even2_47881	*
N	*	86	*	*	*	*	*	198221 Even1_105452	*
L	59598	1431	*	*	*	*	*	1919007	*
H	59598	81	100.0	+	0	0	491I81M859I	198449 Even1_2105	1919007
N	*	81	*	*	*	*	*	198468 Even3_387673	*
N	*	80	*	*	*	*	*	198502 Even1_214992	*
N	*	89	*	*	*	*	*	198587 Even2_74363	*
L	25934	1383	*	*	*	*	*	310071	*
H	25934	100	100.0	+	0	0	514I100M769I	198636 Even2_153953	310071
N	*	100	*	*	*	*	*	198786 Even2_29200	*
N	*	81	*	*	*	*	*	198788 Even3_23554	*
L	39876	1512	*	*	*	*	*	198875	*
H	39876	100	100.0	+	0	0	522I100M890I	198875 Even3_22362	198875
N	*	100	*	*	*	*	*	199036 Even2_13267	*
N	*	100	*	*	*	*	*	199190 Even1_197600	*
L	39749	1379	*	*	*	*	*	199528	*
H	39749	100	100.0	+	0	0	504I100M775I	199528 Even3_218512	199528
N	*	81	*	*	*	*	*	199627 Even1_136871	*
N	*	80	*	*	*	*	*	199716 Even2_93646	*
N	*	100	*	*	*	*	*	2016098 Even1_119862	*
N	*	100	*	*	*	*	*	204462 Even1_110419	*
L	86632	1462	*	*	*	*	*	4377104	*
H	86632	81	100.0	+	0	0	465I81M916I	204970 Even2_261006	4377104
N	*	83	*	*	*	*	*	205306 Even2_397179	*
N	*	81	*	*	*	*	*	20534 Even3_169174	*
L	42662	1381	*	*	*	*	*	183885	*
H	42662	100	100.0	+	0	0	513I100M768I	2056702 Even1_47048	183885
N	*	100	*	*	*	*	*	205904 Even3_359	*
N	*	83	*	*	*	*	*	206233 Even3_138400	*
N	*	87	*	*	*	*	*	206278 Even1_57230	*
N	*	100	*	*	*	*	*	2069039 Even2_172648	*
N	*	100	*	*	*	*	*	207126 Even2_46822	*
N	*	82	*	*	*	*	*	208996 Even3_203750	*
N	*	100	*	*	*	*	*	209920 Even2_217418	*
L	41399	1391	*	*	*	*	*	190921	*
H	41399	76	100.0	+	0	0	516I76M799I	2101287 Even2_584	190921
N	*	93	*	*	*	*	*	2104368 Even1_9120	*
N	*	76	*	*	*	*	*	210904 Even1_38695	*
N	*	81	*	*	*	*	*	2113291 Even3_109706	*
N	*	83	*	*	*	*	*	211598 Even2_373956	*
N	*	87	*	*	*	*	*	2116283 Even2_309866	*
L	38502	1488	*	*	*	*	*	211706	*
H	38502	100	100.0	+	0	0	524I100M864I	211706 Even3_27865	211706
L	50517	1522	*	*	*	*	*	110944	*
H	50517	82	100.0	+	0	0	514I82M926I	212341 Even3_3885	110944
N	*	100	*	*	*	*	*	2128807 Even2_39858	*
N	*	78	*	*	*	*	*	213804 Even1_290157	*
L	17160	1453	*	*	*	*	*	512563	*
H	17160	76	100.0	+	0	0	534I76M843I	213922 Even1_34527	512563
L	42391	1352	*	*	*	*	*	185568	*
H	42391	76	100.0	+	0	0	483I76M793I	215269 Even1_24369	185568
L	20841	1366	*	*	*	*	*	346938	*
H	20841	85	100.0	+	0	0	528I85M753I	215670 Even1_5272	346938
N	*	100	*	*	*	*	*	217201 Even1_51974	*
L	48532	1483	*	*	*	*	*	140966	*
H	48532	100	100.0	+	0	0	504I100M879I	217410 Even2_188567	140966
N	*	81	*	*	*	*	*	217507 Even1_86675	*
N	*	100	*	*	*	*	*	2183213 Even3_140220	*
N	*	100	*	*	*	*	*	2185268 Even1_22585	*
N	*	81	*	*	*	*	*	2190939 Even3_137684	*
L	55731	1446	*	*	*	*	*	7061	*
H	55731	76	100.0	+	0	0	481I76M889I	2194872 Even1_385408	7061
L	37652	1472	*	*	*	*	*	220524	*
H	37652	91	100.0	+	0	0	481I91M900I	220524 Even2_69769	220524
N	*	100	*	*	*	*	*	220679 Even3_333398	*
H	15217	81	100.0	+	0	0	483I81M835I	221361 Even3_2115	534898
N	*	100	*	*	*	*	*	221784 Even2_26456	*
N	*	100	*	*	*	*	*	221946 Even1_322083	*
N	*	100	*	*	*	*	*	222043 Even2_48789	*
L	42761	1379	*	*	*	*	*	183457	*
H	42761	82	100.0	+	0	0	504I82M793I	2220496 Even1_25995	183457
N	*	93	*	*	*	*	*	222706 Even3_328320	*
N	*	93	*	*	*	*	*	2229500 Even2_316230	*
N	*	81	*	*	*	*	*	223368 Even3_135372	*
N	*	82	*	*	*	*	*	22371 Even3_251321	*
L	40327	1377	*	*	*	*	*	196391	*
H	40327	76	100.0	+	0	0	509I76M792I	224155 Even1_89991	196391
N	*	83	*	*	*	*	*	2256432 Even2_203736	*
N	*	81	*	*	*	*	*	225920 Even2_6933	*
L	68649	1453	*	*	*	*	*	3021821	*
H	68649	90	100.0	+	0	0	492I90M871I	2271953 Even3_6529	3021821
L	36812	1455	*	*	*	*	*	228556	*
H	36812	100	100.0	+	0	0	478I100M877I	228556 Even2_78848	228556
N	*	79	*	*	*	*	*	229462 Even1_53193	*
N	*	100	*	*	*	*	*	230213 Even1_41011	*
N	*	100	*	*	*	*	*	2304693 Even1_37930	*
L	36631	1454	*	*	*	*	*	231205	*
H	36631	100	100.0	+	0	0	476I100M878I	231205 Even2_70633	231205
L	77310	1376	*	*	*	*	*	818286	*
H	77310	80	100.0	+	0	0	499I80M797I	23209 Even2_56034	818286
N	*	91	*	*	*	*	*	232319 Even1_60093	*
N	*	78	*	*	*	*	*	2342005 Even2_45119	*
N	*	100	*	*	*	*	*	234488 Even2_187536	*
N	*	100	*	*	*	*	*	2345806 Even1_350576	*
L	63149	1446	*	*	*	*	*	2346777	*
H	63149	100	100.0	+	0	0	485I100M861I	2346777 Even1_82622	2346777
N	*	85	*	*	*	*	*	2354022 Even2_21751	*
L	24492	1421	*	*	*	*	*	320422	*
H	24492	92	100.0	+	0	0	466I92M863I	236718 Even3_315601	320422
L	11997	1493	*	*	*	*	*	560165	*
H	11997	80	100.0	+	0	0	525I80M888I	236776 Even1_42621	560165
L	36142	1481	*	*	*	*	*	236801	*
H	36142	90	100.0	+	0	0	505I90M886I	236801 Even1_138062	236801
L	85980	1467	*	*	*	*	*	4369988	*
H	85980	100	100.0	+	0	0	519I100M848I	237444 Even3_41	4369988
N	*	81	*	*	*	*	*	238820 Even1_84328	*
N	*	100	*	*	*	*	*	2388617 Even2_223100	*
N	*	100	*	*	*	*	*	239362 Even3_26482	*
N	*	86	*	*	*	*	*	239619 Even2_183170	*
N	*	85	*	*	*	*	*	240087 Even1_12206	*
N	*	100	*	*	*	*	*	240687 Even2_75558	*
N	*	81	*	*	*	*	*	240810 Even3_49630	*
N	*	81	*	*	*	*	*	243064 Even1_55714	*
L	35049	1490	*	*	*	*	*	244491	*
H	35049	100	100.0	+	0	0	507I100M883I	244491 Even2_80355	244491
N	*	100	*	*	*	*	*	245203 Even2_321049	*
N	*	93	*	*	*	*	*	24546 Even3_4589	*
N	*	100	*	*	*	*	*	246846 Even1_64711	*
N	*	76	*	*	*	*	*	247758 Even3_298420	*
N	*	87	*	*	*	*	*	249571 Even3_23658	*
N	*	85	*	*	*	*	*	2499530 Even1_244668	*
L	54684	1414	*	*	*	*	*	25005	*
H	54684	100	100.0	+	0	0	509I100M805I	25005 Even2_87410	25005
N	*	82	*	*	*	*	*	250082 Even1_104153	*
N	*	100	*	*	*	*	*	2502219 Even1_221954	*
N	*	84	*	*	*	*	*	2532173 Even3_280218	*
H	43203	92	100.0	+	0	0	502I92M783I	253380 Even3_312	181167
N	*	100	*	*	*	*	*	2534 Even1_185262	*
N	*	86	*	*	*	*	*	254336 Even2_350841	*
L	27268	1407	*	*	*	*	*	300658	*
H	27268	83	100.0	+	0	0	533I83M791I	255359 Even2_779	300658
N	*	76	*	*	*	*	*	2555599 Even3_22708	*
N	*	78	*	*	*	*	*	256400 Even1_98759	*
N	*	93	*	*	*	*	*	2569437 Even1_131854	*
N	*	85	*	*	*	*	*	2571975 Even3_205049	*
N	*	85	*	*	*	*	*	2584634 Even1_21370	*
L	65041	1512	*	*	*	*	*	2592671	*
H	65041	92	100.0	+	0	0	507I92M913I	2592671 Even1_306009	2592671
N	*	76	*	*	*	*	*	259494 Even1_95319	*
L	65126	1428	*	*	*	*	*	2599028	*
H	65126	100	100.0	+	0	0	492I100M836I	2599028 Even1_5520	2599028
L	65135	1436	*	*	*	*	*	2599837	*
H	65135	100	100.0	+	0	0	487I100M849I	2599837 Even3_2059	2599837
N	*	100	*	*	*	*	*	2612863 Even2_43093	*
N	*	100	*	*	*	*	*	262433 Even1_162183	*
N	*	100	*	*	*	*	*	262661 Even1_137851	*
N	*	80	*	*	*	*	*	263285 Even2_95924	*
L	32337	1393	*	*	*	*	*	263645	*
H	32337	83	100.0	+	0	0	515I83M795I	263645 Even1_116089	263645
H	44362	76	100.0	+	0	0	513I76M801I	263820 Even2_603	174853
L	13092	1331	*	*	*	*	*	551295	*
H	13092	76	100.0	+	0	0	428I76M827I	264036 Even3_165939	551295
N	*	100	*	*	*	*	*	265094 Even3_65762	*
L	7820	1370	*	*	*	*	*	591521	*
H	7820	100	100.0	+	0	0	492I100M778I	2651333 Even1_167366	591521
N	*	82	*	*	*	*	*	2654261 Even2_13319	*
N	*	95	*	*	*	*	*	2654263 Even2_345965	*
N	*	83	*	*	*	*	*	265563 Even1_61965	*
N	*	83	*	*	*	*	*	265708 Even2_163066	*
L	38411	1494	*	*	*	*	*	212686	*
H	38411	76	100.0	+	0	0	519I76M899I	2663629 Even2_139286	212686
L	10772	1388	*	*	*	*	*	569818	*
H	10772	76	100.0	+	0	0	515I76M797I	267626 Even3_132181	569818
N	*	78	*	*	*	*	*	268425 Even3_166681	*
N	*	100	*	*	*	*	*	2686590 Even2_118794	*
N	*	100	*	*	*	*	*	268693 Even1_72808	*
N	*	100	*	*	*	*	*	269327 Even3_47489	*
L	31407	1480	*	*	*	*	*	269386	*
H	31407	100	100.0	+	0	0	492I100M888I	269386 Even3_35618	269386
N	*	76	*	*	*	*	*	269716 Even3_323008	*
N	*	100	*	*	*	*	*	270094 Even1_196124	*
N	*	100	*	*	*	*	*	27032 Even3_43725	*
N	*	83	*	*	*	*	*	271191 Even1_75679	*
L	31098	1395	*	*	*	*	*	271259	*
H	31098	93	100.0	+	0	0	526I93M776I	271259 Even1_180353	271259
N	*	82	*	*	*	*	*	271406 Even2_255803	*
L	85618	1395	*	*	*	*	*	4366060	*
H	85618	100	100.0	+	0	0	510I100M785I	272150 Even2_59040	4366060
L	30843	1357	*	*	*	*	*	272886	*
H	30843	100	100.0	+	0	0	412I100M845I	272886 Even3_101742	272886
L	16275	1394	*	*	*	*	*	522595	*
H	16275	100	100.0	+	0	0	522I100M772I	2730944 Even3_48	522595
N	*	78	*	*	*	*	*	273954 Even3_102147	*
L	19995	1379	*	*	*	*	*	353032	*
H	19995	76	100.0	+	0	0	507I76M796I	274095 Even1_111550	353032
L	21939	1497	*	*	*	*	*	338840	*
H	21939	90	100.0	+	0	0	522I90M885I	27485 Even2_38471	338840
N	*	100	*	*	*	*	*	2750316 Even3_393138	*
N	*	83	*	*	*	*	*	276643 Even3_57480	*
L	21590	1493	*	*	*	*	*	341259	*
H	21590	100	100.0	+	0	0	513I100M880I	276678 Even1_65893	341259
N	*	100	*	*	*	*	*	2771891 Even2_85696	*
N	*	100	*	*	*	*	*	278390 Even1_21772	*
N	*	79	*	*	*	*	*	279235 Even2_9845	*
N	*	100	*	*	*	*	*	279297 Even1_181550	*
N	*	87	*	*	*	*	*	2797559 Even3_342	*
N	*	89	*	*	*	*	*	28109 Even3_293453	*
L	29480	1360	*	*	*	*	*	284014	*
H	29480	100	100.0	+	0	0	488I100M772I	284014 Even3_50813	284014
N	*	100	*	*	*	*	*	2868079 Even3_194562	*
N	*	80	*	*	*	*	*	287645 Even3_72602	*
L	21687	1378	*	*	*	*	*	340642	*
H	21687	76	100.0	+	0	0	501I76M801I	287755 Even3_31923	340642
H	27268	80	100.0	+	0	0	533I80M794I	287813 Even2_1563	300658
L	27914	1411	*	*	*	*	*	296659	*
H	27914	76	100.0	+	0	0	533I76M802I	288235 Even3_424	296659
N	*	100	*	*	*	*	*	288367 Even1_196732	*
L	29224	1408	*	*	*	*	*	288417	*
H	29224	100	100.0	+	0	0	533I100M775I	288417 Even1_25883	288417
N	*	100	*	*	*	*	*	288889 Even2_19221	*
N	*	100	*	*	*	*	*	288930 Even1_1367	*
N	*	93	*	*	*	*	*	288955 Even3_9730	*
N	*	83	*	*	*	*	*	289257 Even3_9539	*
H	23824	80	100.0	+	0	0	514I80M793I	289622 Even3_395	325419
N	*	100	*	*	*	*	*	289709 Even3_297431	*
N	*	100	*	*	*	*	*	289725 Even3_322479	*
N	*	82	*	*	*	*	*	289748 Even1_82058	*
N	*	80	*	*	*	*	*	289925 Even3_4181	*
N	*	78	*	*	*	*	*	289929 Even3_338047	*
N	*	100	*	*	*	*	*	2902741 Even1_166211	*
N	*	100	*	*	*	*	*	290362 Even3_1675	*
N	*	100	*	*	*	*	*	290468 Even1_10169	*
N	*	89	*	*	*	*	*	290735 Even1_90101	*
N	*	83	*	*	*	*	*	290759 Even3_59706	*
N	*	80	*	*	*	*	*	290900 Even2_333502	*
N	*	76	*	*	*	*	*	291266 Even3_362188	*
N	*	100	*	*	*	*	*	291267 Even2_34138	*
L	67754	1399	*	*	*	*	*	2915091	*
H	67754	82	100.0	+	0	0	488I82M829I	2915091 Even3_14443	2915091
N	*	100	*	*	*	*	*	291794 Even3_91487	*
N	*	100	*	*	*	*	*	292041 Even3_29896	*
L	26839	1392	*	*	*	*	*	303226	*
H	26839	76	100.0	+	0	0	516I76M800I	292085 Even1_205785	303226
H	19995	88	100.0	+	0	0	507I88M784I	292216 Even2_64800	353032
N	*	77	*	*	*	*	*	292255 Even1_145147	*
N	*	100	*	*	*	*	*	292260 Even3_73638	*
N	*	91	*	*	*	*	*	292289 Even2_186192	*
N	*	100	*	*	*	*	*	292399 Even1_8	*
L	28542	1499	*	*	*	*	*	292521	*
H	28542	91	100.0	+	0	0	498I91M910I	292521 Even3_57807	292521
N	*	84	*	*	*	*	*	292634 Even3_378602	*
N	*	100	*	*	*	*	*	292921 Even1_12	*
N	*	100	*	*	*	*	*	2932151 Even3_312344	*
L	19120	1399	*	*	*	*	*	363232	*
H	19120	84	100.0	+	0	0	524I84M791I	293600 Even2_594	363232
N	*	79	*	*	*	*	*	293886 Even3_9254	*
N	*	92	*	*	*	*	*	294022 Even3_31230	*
N	*	92	*	*	*	*	*	294353 Even3_28073	*
N	*	100	*	*	*	*	*	294440 Even1_4308	*
N	*	95	*	*	*	*	*	294708 Even2_349142	*
L	24441	1391	*	*	*	*	*	320786	*
H	24441	76	100.0	+	0	0	516I76M799I	295205 Even2_33827	320786
N	*	77	*	*	*	*	*	295250 Even2_227416	*
N	*	78	*	*	*	*	*	295361 Even1_114438	*
L	28099	1396	*	*	*	*	*	295554	*
H	28099	100	100.0	+	0	0	524I100M772I	295554 Even2_79390	295554
L	39930	1392	*	*	*	*	*	198583	*
H	39930	95	100.0	+	0	0	517I95M780I	295737 Even1_3580	198583
H	68649	93	100.0	+	0	0	492I93M868I	2957436 Even1_371	3021821
N	*	91	*	*	*	*	*	296010 Even2_12128	*
N	*	91	*	*	*	*	*	296103 Even2_107261	*
N	*	76	*	*	*	*	*	296222 Even1_237639	*
N	*	100	*	*	*	*	*	296358 Even1_93546	*
N	*	100	*	*	*	*	*	296420 Even2_104624	*
N	*	85	*	*	*	*	*	296442 Even1_290913	*
N	*	100	*	*	*	*	*	296872 Even2_164169	*
N	*	100	*	*	*	*	*	297057 Even3_50565	*
N	*	100	*	*	*	*	*	297182 Even1_22282	*
L	20332	1399	*	*	*	*	*	350627	*
H	20332	88	100.0	+	0	0	528I88M783I	297414 Even1_60725	350627
N	*	83	*	*	*	*	*	297529 Even1_316393	*
N	*	84	*	*	*	*	*	297641 Even3_8630	*
H	39930	93	100.0	+	0	0	517I93M782I	297643 Even2_1760	198583
N	*	100	*	*	*	*	*	297771 Even1_45282	*
L	21230	1390	*	*	*	*	*	344114	*
H	21230	100	100.0	+	0	0	515I100M775I	297917 Even1_285	344114
N	*	84	*	*	*	*	*	2979308 Even3_386188	*
N	*	100	*	*	*	*	*	298379 Even2_139195	*
N	*	100	*	*	*	*	*	298557 Even3_222616	*
N	*	93	*	*	*	*	*	298562 Even2_209967	*
N	*	76	*	*	*	*	*	2990918 Even2_141216	*
N	*	77	*	*	*	*	*	299151 Even3_195277	*
N	*	81	*	*	*	*	*	299882 Even3_29073	*
L	27357	1389	*	*	*	*	*	300222	*
H	27357	77	100.0	+	0	0	514I77M798I	300222 Even2_183844	300222
L	28736	1390	*	*	*	*	*	291496	*
H	28736	84	100.0	+	0	0	515I84M791I	300517 Even2_6311	291496
N	*	100	*	*	*	*	*	300662 Even3_55830	*
N	*	91	*	*	*	*	*	300672 Even2_91372	*
N	*	76	*	*	*	*	*	300695 Even3_390832	*
L	41798	1390	*	*	*	*	*	188840	*
H	41798	79	100.0	+	0	0	515I79M796I	300716 Even3_891	188840
N	*	100	*	*	*	*	*	300729 Even1_61505	*
N	*	77	*	*	*	*	*	300766 Even3_8674	*
N	*	81	*	*	*	*	*	301033 Even1_338276	*
N	*	96	*	*	*	*	*	301253 Even1_3058	*
N	*	84	*	*	*	*	*	301306 Even3_95035	*
N	*	100	*	*	*	*	*	3015659 Even2_276490	*
N	*	96	*	*	*	*	*	301578 Even2_55163	*
N	*	100	*	*	*	*	*	301608 Even1_4274	*
N	*	100	*	*	*	*	*	301765 Even1_305535	*
N	*	100	*	*	*	*	*	3020733 Even1_60975	*
N	*	100	*	*	*	*	*	3021821 Even2_287526	*
N	*	80	*	*	*	*	*	302395 Even3_78389	*
N	*	100	*	*	*	*	*	302919 Even2_33917	*
L	26855	1414	*	*	*	*	*	303161	*
H	26855	81	100.0	+	0	0	534I17MI64M798I	303161 Even1_107390	303161
H	41798	76	100.0	+	0	0	515I76M799I	303169 Even2_71	188840
N	*	76	*	*	*	*	*	303452 Even2_275912	*
N	*	93	*	*	*	*	*	303864 Even1_115493	*
N	*	88	*	*	*	*	*	304047 Even2_240926	*
N	*	85	*	*	*	*	*	304568 Even2_118420	*
L	2227	1357	*	*	*	*	*	912669	*
H	2227	100	100.0	+	0	0	500I100M757I	3047667 Even2_176625	912669
N	*	100	*	*	*	*	*	304871 Even3_50919	*
N	*	78	*	*	*	*	*	305272 Even1_274123	*
L	40200	1403	*	*	*	*	*	197091	*
H	40200	76	100.0	+	0	0	517I76M810I	305329 Even2_3078	197091
L	26468	1437	*	*	*	*	*	305982	*
H	26468	100	100.0	+	0	0	473I100M864I	305982 Even1_97579	305982
N	*	88	*	*	*	*	*	306368 Even1_126509	*
N	*	80	*	*	*	*	*	306633 Even1_112708	*
N	*	100	*	*	*	*	*	307571 Even2_270932	*
N	*	84	*	*	*	*	*	307872 Even1_375928	*
H	28736	82	100.0	+	0	0	515I82M793I	308426 Even3_1562	291496
L	13544	1330	*	*	*	*	*	547714	*
H	13544	100	100.0	+	0	0	468I100M762I	308502 Even2_27716	547714
N	*	100	*	*	*	*	*	308629 Even3_270775	*
N	*	79	*	*	*	*	*	3088282 Even1_387247	*
L	25979	1379	*	*	*	*	*	309696	*
H	25979	100	100.0	+	0	0	507I100M772I	309696 Even3_83568	309696
N	*	81	*	*	*	*	*	3101394 Even2_321600	*
N	*	82	*	*	*	*	*	310380 Even2_674	*
N	*	76	*	*	*	*	*	310608 Even3_94503	*
N	*	93	*	*	*	*	*	310669 Even3_327998	*
N	*	79	*	*	*	*	*	311423 Even2_178909	*
N	*	91	*	*	*	*	*	311704 Even2_313721	*
L	25646	1355	*	*	*	*	*	311950	*
H	25646	100	100.0	+	0	0	504I100M751I	311950 Even1_56926	311950
N	*	100	*	*	*	*	*	312140 Even1_22955	*
N	*	79	*	*	*	*	*	312325 Even3_32041	*
N	*	100	*	*	*	*	*	312586 Even3_15693	*
N	*	78	*	*	*	*	*	312770 Even2_299647	*
N	*	79	*	*	*	*	*	313086 Even2_19783	*
N	*	80	*	*	*	*	*	313106 Even3_136924	*
N	*	91	*	*	*	*	*	313121 Even2_29545	*
N	*	76	*	*	*	*	*	313423 Even1_145247	*
L	16740	1366	*	*	*	*	*	516553	*
H	16740	82	100.0	+	0	0	517I82M767I	313593 Even2_48992	516553
N	*	86	*	*	*	*	*	3141094 Even1_212388	*
N	*	83	*	*	*	*	*	3148447 Even1_312306	*
N	*	100	*	*	*	*	*	3156804 Even1_120358	*
N	*	93	*	*	*	*	*	3166216 Even2_335245	*
N	*	100	*	*	*	*	*	316761 Even2_25494	*
L	43191	1391	*	*	*	*	*	181226	*
H	43191	76	100.0	+	0	0	515I76M800I	317205 Even2_15936	181226
L	84958	1455	*	*	*	*	*	4359056	*
H	84958	83	100.0	+	0	0	517I83M855I	3173413 Even2_241575	4359056
N	*	79	*	*	*	*	*	3177392 Even1_22478	*
N	*	81	*	*	*	*	*	318184 Even2_151506	*
L	24764	1388	*	*	*	*	*	318445	*
H	24764	77	100.0	+	0	0	511I57MI20M799I	318445 Even1_138385	318445
N	*	100	*	*	*	*	*	318446 Even2_27520	*
N	*	76	*	*	*	*	*	319165 Even2_384826	*
N	*	100	*	*	*	*	*	319262 Even1_344997	*
N	*	100	*	*	*	*	*	319621 Even1_254	*
N	*	100	*	*	*	*	*	319680 Even2_140631	*
N	*	100	*	*	*	*	*	319870 Even1_288	*
N	*	83	*	*	*	*	*	319938 Even3_161270	*
N	*	100	*	*	*	*	*	320120 Even1_33125	*
N	*	76	*	*	*	*	*	3203801 Even1_106354	*
L	24490	1390	*	*	*	*	*	320430	*
H	24490	100	100.0	+	0	0	515I100M775I	320430 Even3_4520	320430
L	26659	1390	*	*	*	*	*	304568	*
H	26659	76	100.0	+	0	0	515I76M799I	320557 Even1_13208	304568
N	*	100	*	*	*	*	*	320786 Even1_24174	*
N	*	100	*	*	*	*	*	3211875 Even1_72426	*
N	*	93	*	*	*	*	*	321693 Even1_228046	*
N	*	83	*	*	*	*	*	321875 Even2_293401	*
N	*	76	*	*	*	*	*	322087 Even1_245705	*
N	*	100	*	*	*	*	*	3228684 Even1_15182	*
N	*	100	*	*	*	*	*	3232397 Even2_5	*
N	*	78	*	*	*	*	*	3236435 Even3_258100	*
N	*	100	*	*	*	*	*	323794 Even1_147128	*
L	63630	1357	*	*	*	*	*	812831	*
H	63630	100	100.0	+	0	0	475I100M782I	3243803 Even1_21019	812831
L	74483	1450	*	*	*	*	*	3767933	*
H	74483	100	100.0	+	0	0	495I100M855I	3244671 Even3_78	3767933
N	*	100	*	*	*	*	*	325796 Even1_331257	*
L	42026	1455	*	*	*	*	*	187447	*
H	42026	76	100.0	+	0	0	498I76M881I	326113 Even3_14053	187447
L	24268	1398	*	*	*	*	*	321983	*
H	24268	100	100.0	+	0	0	517I100M781I	326430 Even3_55	321983
N	*	100	*	*	*	*	*	326626 Even1_57361	*
N	*	76	*	*	*	*	*	3267277 Even2_300880	*
L	41263	1361	*	*	*	*	*	191593	*
H	41263	76	100.0	+	0	0	486I76M799I	326850 Even3_9	191593
N	*	78	*	*	*	*	*	326865 Even1_341683	*
L	70639	1437	*	*	*	*	*	3270631	*
H	70639	82	100.0	+	0	0	474I82M881I	3270631 Even1_88683	3270631
N	*	76	*	*	*	*	*	327076 Even1_91531	*
N	*	100	*	*	*	*	*	327536 Even1_99813	*
L	17161	1436	*	*	*	*	*	512552	*
H	17161	79	100.0	+	0	0	507I79M850I	3276016 Even1_25487	512552
N	*	100	*	*	*	*	*	327756 Even2_49458	*
L	23465	1409	*	*	*	*	*	327851	*
H	23465	100	100.0	+	0	0	535I100M774I	327851 Even1_3527	327851
H	21590	96	100.0	+	0	0	513I96M884I	328095 Even1_147835	341259
N	*	80	*	*	*	*	*	328458 Even1_102236	*
N	*	100	*	*	*	*	*	328466 Even2_168209	*
N	*	78	*	*	*	*	*	328747 Even2_142748	*
N	*	79	*	*	*	*	*	328836 Even3_68742	*
N	*	100	*	*	*	*	*	328936 Even1_14451	*
N	*	84	*	*	*	*	*	329662 Even3_94318	*
N	*	100	*	*	*	*	*	329817 Even2_105218	*
N	*	100	*	*	*	*	*	330116 Even2_1431	*
N	*	100	*	*	*	*	*	3301187 Even2_67775	*
N	*	76	*	*	*	*	*	331093 Even1_248307	*
L	44150	1389	*	*	*	*	*	176080	*
H	44150	76	100.0	+	0	0	514I76M799I	331491 Even1_6589	176080
N	*	92	*	*	*	*	*	3318103 Even1_74206	*
H	44150	77	100.0	+	0	0	514I77M798I	332168 Even2_13635	176080
N	*	76	*	*	*	*	*	332303 Even3_312015	*
N	*	80	*	*	*	*	*	332326 Even3_217361	*
N	*	80	*	*	*	*	*	332500 Even1_88803	*
N	*	100	*	*	*	*	*	332718 Even1_55890	*
N	*	81	*	*	*	*	*	332764 Even1_8070	*
N	*	80	*	*	*	*	*	332935 Even2_31266	*
N	*	83	*	*	*	*	*	333341 Even2_89202	*
N	*	78	*	*	*	*	*	333351 Even3_125573	*
N	*	100	*	*	*	*	*	3333615 Even2_57169	*
N	*	80	*	*	*	*	*	333412 Even1_42591	*
N	*	91	*	*	*	*	*	3334374 Even3_91039	*
N	*	82	*	*	*	*	*	333580 Even3_49362	*
L	22629	1379	*	*	*	*	*	333859	*
H	22629	100	100.0	+	0	0	508I100M771I	333859 Even2_4939	333859
N	*	85	*	*	*	*	*	333949 Even3_260305	*
N	*	76	*	*	*	*	*	3349140 Even1_272856	*
N	*	85	*	*	*	*	*	335212 Even2_222688	*
H	22392	100	100.0	+	0	0	501I100M769I	335670 Even2_37945	335670
N	*	85	*	*	*	*	*	336372 Even2_371893	*
N	*	78	*	*	*	*	*	336528 Even2_7806	*
N	*	76	*	*	*	*	*	336947 Even1_299725	*
N	*	77	*	*	*	*	*	337365 Even1_371234	*
N	*	76	*	*	*	*	*	337580 Even1_115216	*
N	*	81	*	*	*	*	*	338226 Even1_316712	*
N	*	100	*	*	*	*	*	338355 Even3_54375	*
N	*	85	*	*	*	*	*	338726 Even1_250839	*
N	*	85	*	*	*	*	*	338756 Even3_367231	*
L	27800	1403	*	*	*	*	*	297414	*
H	27800	84	100.0	+	0	0	528I84M791I	339221 Even1_313813	297414
L	31073	1398	*	*	*	*	*	271406	*
H	31073	79	100.0	+	0	0	526I79M793I	3392840 Even3_89016	271406
N	*	82	*	*	*	*	*	339457 Even2_63071	*
N	*	76	*	*	*	*	*	339622 Even3_125954	*
N	*	100	*	*	*	*	*	340474 Even1_37806	*
N	*	100	*	*	*	*	*	340547 Even3_34754	*
N	*	100	*	*	*	*	*	340642 Even3_33931	*
N	*	95	*	*	*	*	*	340759 Even1_161167	*
L	42867	1389	*	*	*	*	*	182947	*
H	42867	100	100.0	+	0	0	514I100M775I	340761 Even1_496	182947
L	87913	1360	*	*	*	*	*	4390365	*
H	87913	100	100.0	+	0	0	422I43MI57M837I	3413566 Even1_1	4390365
N	*	78	*	*	*	*	*	341427 Even3_20130	*
N	*	92	*	*	*	*	*	341622 Even2_261239	*
N	*	100	*	*	*	*	*	341930 Even3_22711	*
N	*	93	*	*	*	*	*	342110 Even2_15074	*
L	21443	1338	*	*	*	*	*	342487	*
H	21443	77	100.0	+	0	0	502I77M759I	342487 Even1_7274	342487
H	20841	81	100.0	+	0	0	528I81M757I	342638 Even1_2264	346938
N	*	100	*	*	*	*	*	342666 Even1_146363	*
N	*	84	*	*	*	*	*	342777 Even3_86682	*
N	*	85	*	*	*	*	*	342844 Even3_293823	*
N	*	100	*	*	*	*	*	343354 Even1_6581	*
L	21291	1392	*	*	*	*	*	343630	*
H	21291	82	100.0	+	0	0	516I82M794I	343630 Even3_31948	343630
N	*	79	*	*	*	*	*	343667 Even3_139992	*
L	81368	1840	*	*	*	*	*	4321292	*
H	81368	76	100.0	+	0	0	481I76M1283I	3440955 Even2_11472	4321292
N	*	92	*	*	*	*	*	344118 Even3_183161	*
N	*	76	*	*	*	*	*	344198 Even3_269690	*
H	20841	80	100.0	+	0	0	528I80M758I	344318 Even2_3939	346938
N	*	92	*	*	*	*	*	3443818 Even3_138232	*
L	72027	1491	*	*	*	*	*	3447863	*
H	72027	100	100.0	+	0	0	522I100M869I	3447863 Even3_2244	3447863
N	*	100	*	*	*	*	*	345176 Even2_355238	*
L	21062	1366	*	*	*	*	*	345246	*
H	21062	81	100.0	+	0	0	490I81M795I	345246 Even2_39436	345246
N	*	85	*	*	*	*	*	345303 Even3_8424	*
L	28367	1403	*	*	*	*	*	293717	*
H	28367	76	100.0	+	0	0	529I76M798I	345899 Even1_3866	293717
L	22259	1374	*	*	*	*	*	336559	*
H	22259	100	100.0	+	0	0	519I9MI91M754I	3465233 Even1_56199	336559
N	*	100	*	*	*	*	*	346689 Even2_21829	*
N	*	76	*	*	*	*	*	346938 Even1_366259	*
N	*	100	*	*	*	*	*	3475269 Even3_23963	*
N	*	76	*	*	*	*	*	347801 Even1_93279	*
N	*	77	*	*	*	*	*	347875 Even2_108050	*
L	20699	1333	*	*	*	*	*	347965	*
H	20699	100	100.0	+	0	0	487I100M746I	347965 Even3_944	347965
N	*	80	*	*	*	*	*	348641 Even1_11162	*
L	43229	1367	*	*	*	*	*	181008	*
H	43229	93	100.0	+	0	0	497I93M777I	348748 Even2_3211	181008
H	43229	92	100.0	+	0	0	497I92M778I	349482 Even1_327	181008
N	*	77	*	*	*	*	*	349786 Even1_270653	*
N	*	77	*	*	*	*	*	349789 Even1_333000	*
L	11083	1491	*	*	*	*	*	567387	*
H	11083	100	100.0	+	0	0	481I100M910I	349934 Even3_24424	567387
N	*	76	*	*	*	*	*	350627 Even3_67217	*
N	*	76	*	*	*	*	*	350832 Even1_312009	*
N	*	84	*	*	*	*	*	3508701 Even3_147741	*
N	*	81	*	*	*	*	*	351084 Even2_13086	*
N	*	76	*	*	*	*	*	352215 Even3_186204	*
L	41567	1374	*	*	*	*	*	189984	*
H	41567	100	100.0	+	0	0	506I100M768I	352347 Even2_14447	189984
N	*	100	*	*	*	*	*	352473 Even1_85305	*
N	*	100	*	*	*	*	*	352529 Even3_23013	*
N	*	77	*	*	*	*	*	352799 Even3_275706	*
N	*	100	*	*	*	*	*	3531225 Even2_341659	*
N	*	81	*	*	*	*	*	353124 Even1_8754	*
N	*	100	*	*	*	*	*	353392 Even1_162694	*
N	*	100	*	*	*	*	*	353649 Even1_58882	*
N	*	79	*	*	*	*	*	354220 Even1_295392	*
N	*	100	*	*	*	*	*	354247 Even3_158153	*
N	*	82	*	*	*	*	*	354258 Even2_141987	*
N	*	100	*	*	*	*	*	354334 Even1_106827	*
N	*	100	*	*	*	*	*	355197 Even2_318682	*
N	*	100	*	*	*	*	*	355277 Even3_150673	*
N	*	100	*	*	*	*	*	355291 Even1_261238	*
N	*	91	*	*	*	*	*	355510 Even2_56563	*
L	19561	1367	*	*	*	*	*	356255	*
H	19561	100	100.0	+	0	0	488I100M779I	356255 Even2_198584	356255
L	19027	1365	*	*	*	*	*	364903	*
H	19027	100	100.0	+	0	0	498I100M767I	3562626 Even1_23	364903
L	19548	1386	*	*	*	*	*	356360	*
H	19548	100	100.0	+	0	0	516I100M770I	356360 Even2_30336	356360
N	*	83	*	*	*	*	*	356827 Even3_389257	*
N	*	100	*	*	*	*	*	357002 Even2_20981	*
N	*	85	*	*	*	*	*	357020 Even3_328829	*
L	41504	1384	*	*	*	*	*	190320	*
H	41504	82	100.0	+	0	0	505I82M797I	357412 Even1_852	190320
N	*	83	*	*	*	*	*	357963 Even2_121971	*
N	*	76	*	*	*	*	*	358016 Even1_371199	*
L	40075	1378	*	*	*	*	*	197757	*
H	40075	92	100.0	+	0	0	502I92M784I	358654 Even1_34338	197757
N	*	79	*	*	*	*	*	3587033 Even1_225453	*
N	*	81	*	*	*	*	*	358798 Even3_126562	*
N	*	87	*	*	*	*	*	359149 Even1_99309	*
L	43397	1374	*	*	*	*	*	180123	*
H	43397	85	100.0	+	0	0	514I85M775I	359314 Even3_23910	180123
L	39820	1375	*	*	*	*	*	199147	*
H	39820	100	100.0	+	0	0	502I100M773I	359493 Even1_134030	199147
N	*	76	*	*	*	*	*	359978 Even1_98763	*
L	40920	1392	*	*	*	*	*	193466	*
H	40920	79	100.0	+	0	0	517I79M796I	360660 Even1_103826	193466
L	19273	1353	*	*	*	*	*	360703	*
H	19273	100	100.0	+	0	0	487I100M766I	360703 Even3_4745	360703
N	*	95	*	*	*	*	*	360825 Even2_29729	*
N	*	81	*	*	*	*	*	360861 Even2_11142	*
N	*	100	*	*	*	*	*	360962 Even3_7935	*
L	17855	1381	*	*	*	*	*	470879	*
H	17855	100	100.0	+	0	0	533I100M748I	3610691 Even3_36	470879
N	*	76	*	*	*	*	*	361507 Even2_391548	*
N	*	84	*	*	*	*	*	361556 Even3_192992	*
N	*	100	*	*	*	*	*	361972 Even2_12602	*
L	41462	1373	*	*	*	*	*	190562	*
H	41462	77	100.0	+	0	0	502I77M794I	362363 Even1_65834	190562
N	*	100	*	*	*	*	*	362947 Even3_237134	*
N	*	100	*	*	*	*	*	363321 Even2_333557	*
N	*	76	*	*	*	*	*	363494 Even1_393415	*
N	*	100	*	*	*	*	*	363625 Even1_89766	*
N	*	78	*	*	*	*	*	363856 Even3_342034	*
H	24764	88	100.0	+	0	0	511I57MI20MI11M787I	364092 Even3_315111	318445
N	*	100	*	*	*	*	*	3645685 Even1_141585	*
L	18999	1372	*	*	*	*	*	365385	*
H	18999	100	100.0	+	0	0	506I100M766I	365385 Even3_19599	365385
N	*	80	*	*	*	*	*	365492 Even3_255757	*
N	*	90	*	*	*	*	*	366161 Even2_350846	*
H	44150	78	100.0	+	0	0	514I78M797I	366386 Even1_24354	176080
N	*	100	*	*	*	*	*	366451 Even3_5946	*
L	73696	1432	*	*	*	*	*	3667183	*
H	73696	85	100.0	+	0	0	492I85M855I	3667183 Even2_187632	3667183
N	*	93	*	*	*	*	*	367142 Even3_15830	*
N	*	94	*	*	*	*	*	367627 Even3_142997	*
N	*	78	*	*	*	*	*	367813 Even1_378265	*
N	*	79	*	*	*	*	*	3680006 Even3_219088	*
N	*	100	*	*	*	*	*	3682570 Even2_35166	*
N	*	80	*	*	*	*	*	368418 Even1_341975	*
N	*	93	*	*	*	*	*	3693042 Even1_63038	*
L	18771	1365	*	*	*	*	*	369449	*
H	18771	100	100.0	+	0	0	506I100M759I	369449 Even3_41582	369449
N	*	100	*	*	*	*	*	3701019 Even3_59394	*
N	*	100	*	*	*	*	*	3723650 Even3_71075	*
N	*	100	*	*	*	*	*	3747551 Even1_79205	*
H	44150	79	100.0	+	0	0	514I79M796I	3779973 Even1_8463	176080
L	74890	1442	*	*	*	*	*	3818299	*
H	74890	81	100.0	+	0	0	485I81M876I	3818299 Even3_317115	3818299
N	*	100	*	*	*	*	*	3833747 Even1_27274	*
L	54237	1457	*	*	*	*	*	38357	*
H	54237	83	100.0	+	0	0	492I83M882I	38357 Even3_10518	38357
N	*	100	*	*	*	*	*	38415 Even2_10985	*
N	*	87	*	*	*	*	*	3867172 Even3_347606	*
N	*	100	*	*	*	*	*	3883044 Even1_191338	*
N	*	100	*	*	*	*	*	3889296 Even3_150003	*
L	75431	1403	*	*	*	*	*	3890155	*
H	75431	100	100.0	+	0	0	488I100M815I	3890155 Even2_4195	3890155
L	75540	1457	*	*	*	*	*	3903651	*
H	75540	100	100.0	+	0	0	499I100M858I	3903651 Even3_199	3903651
N	*	100	*	*	*	*	*	3908638 Even1_55863	*
N	*	84	*	*	*	*	*	392887 Even1_305594	*
L	54209	1481	*	*	*	*	*	39294	*
H	54209	100	100.0	+	0	0	516I45MI55M864I	39294 Even3_100749	39294
N	*	100	*	*	*	*	*	3943186 Even1_154614	*
N	*	100	*	*	*	*	*	3944484 Even3_102960	*
L	75934	1449	*	*	*	*	*	3951715	*
H	75934	90	100.0	+	0	0	502I90M857I	3951715 Even1_112432	3951715
N	*	87	*	*	*	*	*	3963289 Even2_58205	*
L	2815	1379	*	*	*	*	*	851323	*
H	2815	100	100.0	+	0	0	511I54MI46M767I	3970651 Even3_277627	851323
L	76200	1423	*	*	*	*	*	3989856	*
H	76200	100	100.0	+	0	0	508I100M815I	3989856 Even3_454	3989856
N	*	76	*	*	*	*	*	4012190 Even3_156796	*
H	44150	82	100.0	+	0	0	514I82M793I	4015729 Even1_3441	176080
N	*	76	*	*	*	*	*	40649 Even1_8382	*
N	*	100	*	*	*	*	*	4067355 Even3_97285	*
N	*	100	*	*	*	*	*	4094259 Even2_3262	*
L	57206	1445	*	*	*	*	*	1630017	*
H	57206	100	100.0	+	0	0	477I100M868I	4094866 Even2_222897	1630017
N	*	100	*	*	*	*	*	4112171 Even3_17782	*
L	77371	1442	*	*	*	*	*	4128381	*
H	77371	100	100.0	+	0	0	472I100M870I	4128381 Even2_1115	4128381
N	*	100	*	*	*	*	*	4189999 Even1_38550	*
N	*	100	*	*	*	*	*	4201482 Even2_67090	*
N	*	100	*	*	*	*	*	4225004 Even3_113114	*
N	*	81	*	*	*	*	*	4226929 Even1_20219	*
L	3762	1466	*	*	*	*	*	819999	*
H	3762	100	100.0	+	0	0	506I100M860I	4227110 Even3_289625	819999
N	*	100	*	*	*	*	*	4232045 Even2_22946	*
H	44150	84	100.0	+	0	0	514I84M791I	4232048 Even2_2443	176080
L	78187	1434	*	*	*	*	*	4234212	*
H	78187	78	100.0	+	0	0	488I78M868I	4234212 Even3_45737	4234212
L	78260	1448	*	*	*	*	*	4245940	*
H	78260	85	100.0	+	0	0	494I85M869I	4245940 Even1_17501	4245940
L	70578	1440	*	*	*	*	*	3265161	*
H	70578	100	100.0	+	0	0	489I100M851I	4254528 Even2_1324	3265161
N	*	79	*	*	*	*	*	4268506 Even2_208607	*
N	*	100	*	*	*	*	*	4278525 Even3_66586	*
L	44538	1392	*	*	*	*	*	173945	*
H	44538	100	100.0	+	0	0	517I100M775I	4281639 Even1_598	173945
L	89867	1383	*	*	*	*	*	4411138	*
H	89867	78	100.0	+	0	0	499I78M806I	4294457 Even2_56724	4411138
N	*	100	*	*	*	*	*	4295707 Even1_183496	*
L	27145	1358	*	*	*	*	*	301306	*
H	27145	83	100.0	+	0	0	513I83M762I	4296211 Even2_329754	301306
L	33440	1454	*	*	*	*	*	256536	*
H	33440	76	100.0	+	0	0	497I76M881I	4297239 Even1_119911	256536
N	*	100	*	*	*	*	*	4300127 Even1_1878	*
L	71211	1469	*	*	*	*	*	1131220	*
H	71211	76	100.0	+	0	0	495I76M898I	4301105 Even1_234302	1131220
L	79824	1579	*	*	*	*	*	4305923	*
H	79824	100	100.0	+	0	0	572I100M907I	4305923 Even3_1574	4305923
N	*	81	*	*	*	*	*	4307897 Even3_3677	*
N	*	77	*	*	*	*	*	4308688 Even3_17269	*
L	70294	1446	*	*	*	*	*	3232397	*
H	70294	93	100.0	+	0	0	501I93M852I	4309033 Even2_272	3232397
N	*	78	*	*	*	*	*	4310013 Even2_300244	*
N	*	81	*	*	*	*	*	4313261 Even3_7259	*
L	80617	1407	*	*	*	*	*	4313711	*
H	80617	80	100.0	+	0	0	485I80M842I	4313711 Even3_29822	4313711
L	80756	1451	*	*	*	*	*	4314921	*
H	80756	76	100.0	+	0	0	480I76M895I	4314921 Even1_59924	4314921
N	*	90	*	*	*	*	*	4314933 Even1_216835	*
N	*	82	*	*	*	*	*	4316924 Even1_11980	*
N	*	76	*	*	*	*	*	4317034 Even3_146559	*
N	*	100	*	*	*	*	*	4317826 Even1_60285	*
L	9004	1366	*	*	*	*	*	583117	*
H	9004	88	100.0	+	0	0	492I88M786I	4318470 Even2_241114	583117
N	*	95	*	*	*	*	*	4318990 Even2_109449	*
L	45739	1390	*	*	*	*	*	160908	*
H	45739	83	100.0	+	0	0	521I83M786I	4319212 Even2_139250	160908
N	*	100	*	*	*	*	*	4320353 Even1_131146	*
N	*	100	*	*	*	*	*	4321160 Even2_17310	*
L	83206	1399	*	*	*	*	*	4340587	*
H	83206	100	100.0	+	0	0	528I100M771I	4321559 Even1_61108	4340587
N	*	80	*	*	*	*	*	4321724 Even1_43846	*
L	81425	1668	*	*	*	*	*	4321932	*
H	81425	100	100.0	+	0	0	651I100M917I	4321932 Even1_67349	4321932
N	*	100	*	*	*	*	*	4322321 Even3_301669	*
N	*	85	*	*	*	*	*	4322981 Even2_333256	*
L	44071	1396	*	*	*	*	*	176564	*
H	44071	100	100.0	+	0	0	526I100M770I	4322986 Even1_41946	176564
N	*	79	*	*	*	*	*	4324314 Even3_313506	*
L	64547	1436	*	*	*	*	*	831789	*
H	64547	100	100.0	+	0	0	458I100M878I	4325003 Even3_101015	831789
L	39006	1387	*	*	*	*	*	206609	*
H	39006	78	100.0	+	0	0	519I78M790I	4325493 Even1_285681	206609
N	*	79	*	*	*	*	*	4325725 Even3_212131	*
L	96029	1427	*	*	*	*	*	4475758	*
H	96029	92	100.0	+	0	0	546I92M789I	4326452 Even2_116349	4475758
L	81962	1445	*	*	*	*	*	4327777	*
H	81962	100	100.0	+	0	0	500I100M845I	4327777 Even3_20021	4327777
N	*	89	*	*	*	*	*	4328299 Even2_55171	*
L	82090	1424	*	*	*	*	*	4329132	*
H	82090	100	100.0	+	0	0	493I100M831I	4329132 Even1_14101	4329132
L	61399	1450	*	*	*	*	*	2129166	*
H	61399	78	100.0	+	0	0	492I78M880I	4331357 Even3_170410	2129166
N	*	100	*	*	*	*	*	4331657 Even1_161010	*
L	16850	1396	*	*	*	*	*	515265	*
H	16850	100	100.0	+	0	0	521I100M775I	4334049 Even1_164747	515265
L	45750	1537	*	*	*	*	*	160873	*
H	45750	76	100.0	+	0	0	528I76M933I	4334501 Even3_304234	160873
N	*	82	*	*	*	*	*	4335077 Even1_397384	*
N	*	100	*	*	*	*	*	4335293 Even1_63428	*
L	12829	1450	*	*	*	*	*	553611	*
H	12829	85	100.0	+	0	0	488I85M877I	4335781 Even1_2677	553611
L	82717	1454	*	*	*	*	*	4335815	*
H	82717	84	100.0	+	0	0	495I84M875I	4335815 Even3_236486	4335815
N	*	100	*	*	*	*	*	4335883 Even2_324415	*
N	*	81	*	*	*	*	*	4336055 Even2_191221	*
N	*	84	*	*	*	*	*	4336518 Even1_66457	*
L	59889	1441	*	*	*	*	*	1944498	*
H	59889	79	100.0	+	0	0	501I79M861I	4339801 Even1_311191	1944498
N	*	100	*	*	*	*	*	4340386 Even1_34792	*
L	37396	1486	*	*	*	*	*	222914	*
H	37396	100	100.0	+	0	0	521I100M865I	4341176 Even1_35784	222914
N	*	96	*	*	*	*	*	4341534 Even1_333492	*
L	25643	1393	*	*	*	*	*	311961	*
H	25643	100	100.0	+	0	0	525I100M768I	4342104 Even1_918	311961
N	*	77	*	*	*	*	*	4342972 Even1_397504	*
L	83475	1378	*	*	*	*	*	4342992	*
H	83475	92	100.0	+	0	0	487I92M799I	4342992 Even1_63695	4342992
L	83531	1428	*	*	*	*	*	4343580	*
H	83531	100	100.0	+	0	0	488I100M840I	4343580 Even1_79507	4343580
N	*	100	*	*	*	*	*	4344643 Even2_200324	*
L	80180	1419	*	*	*	*	*	4309033	*
H	80180	81	100.0	+	0	0	483I81M855I	4345333 Even3_177	4309033
L	72123	1405	*	*	*	*	*	3462224	*
H	72123	76	100.0	+	0	0	501I76M828I	4347099 Even3_250278	3462224
L	62902	1515	*	*	*	*	*	825808	*
H	62902	81	100.0	+	0	0	505I81M929I	4347159 Even2_249	825808
N	*	100	*	*	*	*	*	4347878 Even1_229781	*
N	*	91	*	*	*	*	*	4349094 Even2_23480	*
N	*	84	*	*	*	*	*	4349251 Even1_90481	*
L	84137	1405	*	*	*	*	*	4350025	*
H	84137	81	100.0	+	0	0	432I81M892I	4350025 Even2_207626	4350025
N	*	83	*	*	*	*	*	4350498 Even1_224290	*
L	84210	1492	*	*	*	*	*	4350788	*
H	84210	100	100.0	+	0	0	532I100M860I	4350788 Even3_173113	4350788
N	*	100	*	*	*	*	*	4351284 Even2_61835	*
N	*	100	*	*	*	*	*	4352768 Even1_88677	*
L	58221	1493	*	*	*	*	*	1131914	*
H	58221	100	100.0	+	0	0	516I100M877I	4353076 Even1_41478	1131914
N	*	81	*	*	*	*	*	4354477 Even3_230541	*
N	*	76	*	*	*	*	*	4354577 Even1_40522	*
N	*	100	*	*	*	*	*	4356065 Even3_101019	*
N	*	81	*	*	*	*	*	4356100 Even1_271072	*
N	*	100	*	*	*	*	*	4356331 Even1_34396	*
N	*	78	*	*	*	*	*	4356895 Even3_132024	*
L	48941	1495	*	*	*	*	*	137108	*
H	48941	76	100.0	+	0	0	522I76M897I	4356937 Even3_299829	137108
N	*	100	*	*	*	*	*	4357205 Even3_7626	*
L	84798	1445	*	*	*	*	*	4357330	*
H	84798	100	100.0	+	0	0	474I100M871I	4357330 Even3_394102	4357330
N	*	81	*	*	*	*	*	4357677 Even1_397447	*
L	90077	1498	*	*	*	*	*	4413490	*
H	90077	86	100.0	+	0	0	500I86M912I	4357864 Even2_313010	4413490
N	*	100	*	*	*	*	*	4358275 Even2_336146	*
N	*	100	*	*	*	*	*	4358716 Even3_306576	*
L	84961	1486	*	*	*	*	*	4359078	*
H	84961	91	100.0	+	0	0	515I91M880I	4359078 Even1_194450	4359078
N	*	100	*	*	*	*	*	4359889 Even1_115499	*
N	*	76	*	*	*	*	*	4360055 Even3_390003	*
N	*	90	*	*	*	*	*	4360128 Even2_243834	*
N	*	80	*	*	*	*	*	4361093 Even1_168490	*
N	*	100	*	*	*	*	*	4361727 Even3_32239	*
N	*	80	*	*	*	*	*	4362555 Even2_104386	*
N	*	80	*	*	*	*	*	4362620 Even3_38013	*
N	*	93	*	*	*	*	*	4363553 Even1_137113	*
N	*	100	*	*	*	*	*	4364405 Even1_133300	*
N	*	100	*	*	*	*	*	4365130 Even3_220595	*
N	*	78	*	*	*	*	*	4365868 Even1_60874	*
L	40763	1393	*	*	*	*	*	194269	*
H	40763	77	100.0	+	0	0	527I77M789I	4366089 Even3_23717	194269
L	23351	1421	*	*	*	*	*	328675	*
H	23351	100	100.0	+	0	0	481I100M840I	4366287 Even3_45057	328675
N	*	94	*	*	*	*	*	4366525 Even2_12541	*
L	28030	1390	*	*	*	*	*	296010	*
H	28030	82	100.0	+	0	0	515I82M793I	4366728 Even3_7890	296010
N	*	100	*	*	*	*	*	4367783 Even1_76401	*
N	*	81	*	*	*	*	*	4368216 Even2_242233	*
N	*	81	*	*	*	*	*	4368600 Even1_1080	*
N	*	78	*	*	*	*	*	4369272 Even3_94207	*
L	85922	1434	*	*	*	*	*	4369434	*
H	85922	82	100.0	+	0	0	482I82M870I	4369434 Even2_212727	4369434
N	*	100	*	*	*	*	*	4369504 Even1_43148	*
N	*	81	*	*	*	*	*	4370025 Even2_54125	*
N	*	78	*	*	*	*	*	4371349 Even3_366706	*
N	*	94	*	*	*	*	*	4371756 Even3_233444	*
N	*	100	*	*	*	*	*	4372382 Even1_11309	*
N	*	83	*	*	*	*	*	4373456 Even1_311175	*
N	*	80	*	*	*	*	*	4373617 Even1_245376	*
L	67331	1404	*	*	*	*	*	2862781	*
H	67331	82	100.0	+	0	0	451I82M871I	4374638 Even3_36292	2862781
L	92895	1381	*	*	*	*	*	4442170	*
H	92895	100	100.0	+	0	0	506I100M775I	4375080 Even2_59078	4442170
L	43011	1388	*	*	*	*	*	182163	*
H	43011	76	100.0	+	0	0	520I76M792I	4375887 Even1_383012	182163
L	86533	1439	*	*	*	*	*	4375894	*
H	86533	80	100.0	+	0	0	480I80M879I	4375894 Even3_160781	4375894
N	*	93	*	*	*	*	*	4376230 Even1_193090	*
N	*	100	*	*	*	*	*	4376272 Even2_129944	*
N	*	80	*	*	*	*	*	4376828 Even3_75036	*
N	*	90	*	*	*	*	*	4376964 Even2_309957	*
N	*	100	*	*	*	*	*	4377147 Even1_231518	*
N	*	100	*	*	*	*	*	4378081 Even1_1094	*
L	86561	1363	*	*	*	*	*	4376272	*
H	86561	84	100.0	+	0	0	486I84M793I	4378791 Even1_367235	4376272
N	*	85	*	*	*	*	*	4379411 Even1_192394	*
L	86873	1482	*	*	*	*	*	4379449	*
H	86873	100	100.0	+	0	0	519I100M863I	4379449 Even1_31441	4379449
N	*	80	*	*	*	*	*	4379646 Even1_12576	*
N	*	85	*	*	*	*	*	4380886 Even3_40167	*
N	*	81	*	*	*	*	*	4381913 Even3_264582	*
L	82241	1393	*	*	*	*	*	4331006	*
H	82241	80	100.0	+	0	0	522I80M791I	4382476 Even1_177207	4331006
N	*	80	*	*	*	*	*	4383958 Even2_26126	*
L	16730	1407	*	*	*	*	*	516611	*
H	16730	76	100.0	+	0	0	533I76M798I	4384044 Even3_345368	516611
N	*	91	*	*	*	*	*	4384100 Even1_42989	*
L	61151	1451	*	*	*	*	*	2101287	*
H	61151	82	100.0	+	0	0	488I82M881I	4385326 Even2_27738	2101287
N	*	100	*	*	*	*	*	4385479 Even1_305668	*
N	*	93	*	*	*	*	*	4389289 Even3_49466	*
N	*	79	*	*	*	*	*	4389972 Even3_2406	*
N	*	77	*	*	*	*	*	4390365 Even1_29969	*
N	*	100	*	*	*	*	*	4390387 Even1_304336	*
N	*	100	*	*	*	*	*	4391326 Even1_328166	*
N	*	100	*	*	*	*	*	4391625 Even3_308030	*
N	*	100	*	*	*	*	*	4392183 Even3_4563	*
N	*	100	*	*	*	*	*	4393073 Even1_769	*
N	*	93	*	*	*	*	*	4393083 Even3_15931	*
L	36017	1422	*	*	*	*	*	237591	*
H	36017	100	100.0	+	0	0	474I100M848I	4393701 Even1_92489	237591
L	88257	1443	*	*	*	*	*	4393745	*
H	88257	94	100.0	+	0	0	505I94M844I	4393745 Even2_38335	4393745
N	*	77	*	*	*	*	*	4393923 Even1_118955	*
L	19080	1488	*	*	*	*	*	363887	*
H	19080	77	100.0	+	0	0	523I77M888I	4394313 Even1_139302	363887
N	*	78	*	*	*	*	*	4395677 Even1_212463	*
L	88460	1428	*	*	*	*	*	4396073	*
H	88460	92	100.0	+	0	0	472I92M864I	4396073 Even1_88362	4396073
N	*	100	*	*	*	*	*	4397471 Even3_27702	*
N	*	92	*	*	*	*	*	4401465 Even1_170386	*
N	*	82	*	*	*	*	*	4401957 Even1_60645	*
L	88944	1424	*	*	*	*	*	4401374	*
H	88944	79	100.0	+	0	0	461I79M884I	4402605 Even1_373198	4401374
L	10116	1408	*	*	*	*	*	574920	*
H	10116	100	100.0	+	0	0	459I100M849I	4402734 Even1_29556	574920
L	89059	1403	*	*	*	*	*	4402735	*
H	89059	100	100.0	+	0	0	530I100M773I	4402735 Even3_51722	4402735
N	*	100	*	*	*	*	*	4402903 Even1_123431	*
N	*	82	*	*	*	*	*	4403422 Even1_231271	*
N	*	82	*	*	*	*	*	4403689 Even3_970	*
L	89219	1448	*	*	*	*	*	4404187	*
H	89219	100	100.0	+	0	0	480I100M868I	4404187 Even3_127	4404187
L	89299	1440	*	*	*	*	*	4405100	*
H	89299	79	100.0	+	0	0	503I79M858I	4405100 Even1_205683	4405100
N	*	100	*	*	*	*	*	4406925 Even2_350288	*
L	18566	1414	*	*	*	*	*	385507	*
H	18566	87	100.0	+	0	0	471I87M856I	4407152 Even1_55616	385507
N	*	76	*	*	*	*	*	4407603 Even1_178933	*
N	*	100	*	*	*	*	*	4407939 Even3_3459	*
L	96421	1376	*	*	*	*	*	4479603	*
H	96421	76	100.0	+	0	0	527I76M773I	4408558 Even3_268711	4479603
L	89653	1449	*	*	*	*	*	4408738	*
H	89653	100	100.0	+	0	0	470I100M879I	4408738 Even2_288844	4408738
N	*	100	*	*	*	*	*	4409025 Even1_323531	*
N	*	78	*	*	*	*	*	4409939 Even1_359632	*
N	*	100	*	*	*	*	*	4410100 Even1_142359	*
N	*	76	*	*	*	*	*	441019 Even2_137078	*
N	*	76	*	*	*	*	*	4410295 Even3_301432	*
N	*	100	*	*	*	*	*	4410938 Even1_70434	*
L	45010	1509	*	*	*	*	*	168709	*
H	45010	91	100.0	+	0	0	527I91M891I	4411018 Even3_104771	168709
N	*	80	*	*	*	*	*	4411088 Even1_197942	*
N	*	85	*	*	*	*	*	4411138 Even3_75046	*
N	*	100	*	*	*	*	*	4412103 Even2_309790	*
N	*	100	*	*	*	*	*	4412141 Even1_125404	*
L	89954	1436	*	*	*	*	*	4412168	*
H	89954	100	100.0	+	0	0	493I100M843I	4412168 Even1_70078	4412168
L	74016	1457	*	*	*	*	*	3708846	*
H	74016	86	100.0	+	0	0	487I86M884I	4412546 Even3_106356	3708846
N	*	81	*	*	*	*	*	4413347 Even3_14749	*
N	*	100	*	*	*	*	*	4413619 Even2_337500	*
L	90138	1449	*	*	*	*	*	4414044	*
H	90138	86	100.0	+	0	0	506I86M857I	4414044 Even1_280159	4414044
N	*	76	*	*	*	*	*	4414242 Even1_267281	*
N	*	100	*	*	*	*	*	4414420 Even1_13	*
N	*	78	*	*	*	*	*	4414439 Even3_312228	*
N	*	100	*	*	*	*	*	4414488 Even3_186529	*
L	67273	1366	*	*	*	*	*	711023	*
H	67273	100	100.0	+	0	0	507I100M759I	4414605 Even1_66	711023
N	*	100	*	*	*	*	*	4414717 Even3_167345	*
N	*	93	*	*	*	*	*	4415390 Even3_79601	*
N	*	85	*	*	*	*	*	4415649 Even3_151691	*
L	55524	1482	*	*	*	*	*	9870	*
H	55524	100	100.0	+	0	0	504I100M878I	4417158 Even1_80541	9870
L	79071	1432	*	*	*	*	*	4298163	*
H	79071	100	100.0	+	0	0	483I100M849I	4417325 Even3_83012	4298163
N	*	100	*	*	*	*	*	4417725 Even2_195576	*
N	*	80	*	*	*	*	*	4418001 Even1_273847	*
L	59228	1525	*	*	*	*	*	1107637	*
H	59228	100	100.0	+	0	0	542I100M883I	4418934 Even1_175996	1107637
L	90643	1485	*	*	*	*	*	4418945	*
H	90643	89	100.0	+	0	0	520I89M876I	4418945 Even2_232324	4418945
L	63462	1423	*	*	*	*	*	1031197	*
H	63462	100	100.0	+	0	0	497I100M826I	4419561 Even2_87718	1031197
N	*	83	*	*	*	*	*	4420417 Even2_24761	*
N	*	84	*	*	*	*	*	4421128 Even1_10556	*
L	90944	1359	*	*	*	*	*	4421846	*
H	90944	100	100.0	+	0	0	502I100M757I	4421846 Even1_169618	4421846
H	41102	93	100.0	+	0	0	515I93M783I	4422656 Even3_5650	192396
L	14840	1364	*	*	*	*	*	537886	*
H	14840	100	100.0	+	0	0	494I100M770I	4424111 Even3_149851	537886
N	*	93	*	*	*	*	*	4424239 Even3_127227	*
N	*	83	*	*	*	*	*	4424508 Even1_18749	*
N	*	92	*	*	*	*	*	4424782 Even1_201460	*
L	60673	1371	*	*	*	*	*	1021043	*
H	60673	100	100.0	+	0	0	513I100M758I	4425214 Even2_171509	1021043
L	40312	1375	*	*	*	*	*	196513	*
H	40312	100	100.0	+	0	0	503I100M772I	4425669 Even1_314651	196513
N	*	100	*	*	*	*	*	4426298 Even2_229372	*
N	*	80	*	*	*	*	*	4426873 Even1_242681	*
N	*	81	*	*	*	*	*	4427332 Even3_277999	*
N	*	100	*	*	*	*	*	4429536 Even3_137601	*
N	*	100	*	*	*	*	*	4430581 Even3_104497	*
L	99217	1326	*	*	*	*	*	4431375	*
H	99217	100	100.0	+	0	0	442I71MI29M783I	4431375 Even1_234644	4431375
L	41159	1389	*	*	*	*	*	192133	*
H	41159	100	100.0	+	0	0	514I100M775I	4431558 Even1_1472	192133
N	*	96	*	*	*	*	*	4431803 Even1_334673	*
N	*	96	*	*	*	*	*	4432722 Even1_265418	*
L	55528	1476	*	*	*	*	*	9819	*
H	55528	100	100.0	+	0	0	503I100M873I	4432891 Even2_145	9819
N	*	100	*	*	*	*	*	4434294 Even3_38882	*
L	59503	1406	*	*	*	*	*	1904497	*
H	59503	100	100.0	+	0	0	465I100M841I	4434334 Even3_0	1904497
L	65002	1510	*	*	*	*	*	1137749	*
H	65002	90	100.0	+	0	0	500I90M920I	4434807 Even2_268605	1137749
L	72010	1441	*	*	*	*	*	634209	*
H	72010	92	100.0	+	0	0	492I92M857I	4434837 Even1_295208	634209
N	*	100	*	*	*	*	*	4435098 Even1_197092	*
N	*	100	*	*	*	*	*	4435400 Even3_557	*
N	*	76	*	*	*	*	*	4436046 Even3_237425	*
N	*	91	*	*	*	*	*	4436550 Even2_51594	*
N	*	87	*	*	*	*	*	4437183 Even3_103998	*
L	92434	1431	*	*	*	*	*	4437364	*
H	92434	83	100.0	+	0	0	467I83M881I	4437364 Even1_6797	4437364
N	*	100	*	*	*	*	*	4437368 Even1_172018	*
L	42922	1391	*	*	*	*	*	182653	*
H	42922	100	100.0	+	0	0	515I100M776I	4437917 Even1_1387	182653
N	*	100	*	*	*	*	*	4439398 Even3_291315	*
N	*	96	*	*	*	*	*	4439991 Even2_192529	*
N	*	100	*	*	*	*	*	4440497 Even2_11755	*
N	*	84	*	*	*	*	*	4441484 Even1_139915	*
L	92865	1408	*	*	*	*	*	4441854	*
H	92865	100	100.0	+	0	0	485I100M823I	4441855 Even3_18264	4441854
L	17533	1497	*	*	*	*	*	509899	*
H	17533	79	100.0	+	0	0	515I79M903I	4441987 Even2_82522	509899
N	*	100	*	*	*	*	*	4442074 Even2_77939	*
N	*	92	*	*	*	*	*	4442508 Even2_183682	*
N	*	100	*	*	*	*	*	4443766 Even3_191400	*
N	*	100	*	*	*	*	*	4446003 Even3_307228	*
L	77769	1423	*	*	*	*	*	784256	*
H	77769	100	100.0	+	0	0	412I100M911I	4447176 Even2_542	784256
L	21164	1357	*	*	*	*	*	344525	*
H	21164	100	100.0	+	0	0	505I100M752I	4447188 Even3_164379	344525
N	*	100	*	*	*	*	*	4448407 Even1_1020	*
L	42406	1392	*	*	*	*	*	185486	*
H	42406	100	100.0	+	0	0	515I100M777I	4448492 Even1_281	185486
L	43259	1398	*	*	*	*	*	180834	*
H	43259	100	100.0	+	0	0	525I100M773I	4449054 Even1_63	180834
L	41817	1396	*	*	*	*	*	188706	*
H	41817	100	100.0	+	0	0	526I100M770I	4449055 Even1_65	188706
N	*	79	*	*	*	*	*	4449068 Even2_30138	*
N	*	92	*	*	*	*	*	4449069 Even1_177104	*
N	*	100	*	*	*	*	*	4449633 Even3_328160	*
N	*	85	*	*	*	*	*	4450025 Even1_276076	*
N	*	85	*	*	*	*	*	4450198 Even1_16589	*
N	*	100	*	*	*	*	*	4451152 Even3_2348	*
N	*	100	*	*	*	*	*	4451638 Even2_1807	*
L	41251	1397	*	*	*	*	*	191657	*
H	41251	100	100.0	+	0	0	523I100M774I	4451899 Even1_169	191657
L	19963	1499	*	*	*	*	*	353271	*
H	19963	100	100.0	+	0	0	524I100M875I	4451935 Even3_210648	353271
L	89956	1369	*	*	*	*	*	4412187	*
H	89956	77	100.0	+	0	0	506I77M786I	4451945 Even3_123218	4412187
L	93773	1455	*	*	*	*	*	4452050	*
H	93773	90	100.0	+	0	0	493I90M872I	4452050 Even3_149595	4452050
L	93779	1439	*	*	*	*	*	4452107	*
H	93779	87	100.0	+	0	0	475I87M877I	4452107 Even3_22807	4452107
L	93782	1433	*	*	*	*	*	4452146	*
H	93782	76	100.0	+	0	0	478I76M879I	4452146 Even1_311974	4452146
N	*	82	*	*	*	*	*	4452922 Even3_279006	*
L	42754	1396	*	*	*	*	*	183480	*
H	42754	100	100.0	+	0	0	525I100M771I	4453609 Even2_50	183480
N	*	79	*	*	*	*	*	4453839 Even2_49377	*
N	*	85	*	*	*	*	*	4454068 Even2_88413	*
L	94014	1464	*	*	*	*	*	4454295	*
H	94014	85	100.0	+	0	0	506I85M873I	4454295 Even3_72371	4454295
N	*	100	*	*	*	*	*	4454531 Even1_168141	*
N	*	100	*	*	*	*	*	4455652 Even3_39890	*
N	*	100	*	*	*	*	*	4455686 Even1_76511	*
N	*	93	*	*	*	*	*	44560 Even1_93687	*
N	*	100	*	*	*	*	*	4456376 Even1_134260	*
N	*	94	*	*	*	*	*	4456622 Even1_257799	*
N	*	100	*	*	*	*	*	4457032 Even2_268899	*
N	*	100	*	*	*	*	*	4457268 Even3_4367	*
N	*	83	*	*	*	*	*	4457893 Even2_96281	*
N	*	100	*	*	*	*	*	4458222 Even3_204601	*
N	*	78	*	*	*	*	*	4458304 Even1_278992	*
L	86420	1394	*	*	*	*	*	4374753	*
H	86420	100	100.0	+	0	0	539I100M755I	4458306 Even3_114499	4374753
N	*	100	*	*	*	*	*	4458959 Even1_312253	*
N	*	100	*	*	*	*	*	4459184 Even3_255819	*
L	94577	1362	*	*	*	*	*	4460263	*
H	94577	100	100.0	+	0	0	431I100M831I	4460263 Even2_40	4460263
N	*	100	*	*	*	*	*	4462001 Even1_353022	*
N	*	86	*	*	*	*	*	4462446 Even1_205985	*
N	*	80	*	*	*	*	*	4462613 Even1_20794	*
N	*	87	*	*	*	*	*	4463047 Even3_80205	*
N	*	100	*	*	*	*	*	4464533 Even2_1838	*
N	*	100	*	*	*	*	*	4467347 Even1_88172	*
N	*	93	*	*	*	*	*	4467425 Even2_10648	*
N	*	100	*	*	*	*	*	4467984 Even1_104450	*
L	52526	1414	*	*	*	*	*	85614	*
H	52526	83	100.0	+	0	0	504I83M827I	4468024 Even2_22437	85614
L	95308	1504	*	*	*	*	*	4468101	*
H	95308	100	100.0	+	0	0	498I100M906I	4468101 Even1_11727	4468101
N	*	88	*	*	*	*	*	4468432 Even1_223683	*
N	*	100	*	*	*	*	*	4469302 Even2_243	*
L	93704	1382	*	*	*	*	*	4451252	*
H	93704	100	100.0	+	0	0	527I100M755I	4469722 Even1_96310	4451252
N	*	100	*	*	*	*	*	4469864 Even1_362965	*
L	43601	1389	*	*	*	*	*	179014	*
H	43601	76	100.0	+	0	0	514I76M799I	4470603 Even3_3610	179014
N	*	82	*	*	*	*	*	4470886 Even1_397457	*
N	*	82	*	*	*	*	*	4471279 Even1_215727	*
L	31405	1503	*	*	*	*	*	269392	*
H	31405	85	100.0	+	0	0	512I85M906I	4471435 Even1_124175	269392
N	*	100	*	*	*	*	*	4471583 Even2_344581	*
N	*	92	*	*	*	*	*	4472240 Even1_13919	*
N	*	85	*	*	*	*	*	4474255 Even1_11661	*
N	*	94	*	*	*	*	*	4474486 Even1_324387	*
N	*	100	*	*	*	*	*	4474787 Even1_53698	*
N	*	100	*	*	*	*	*	4475144 Even1_63809	*
N	*	79	*	*	*	*	*	4475686 Even1_184894	*
L	82033	1493	*	*	*	*	*	4328515	*
H	82033	100	100.0	+	0	0	527I100M866I	4476578 Even1_73990	4328515
N	*	76	*	*	*	*	*	4476950 Even1_1873	*
N	*	77	*	*	*	*	*	4477307 Even1_38908	*
L	96214	1451	*	*	*	*	*	4477479	*
H	96214	100	100.0	+	0	0	488I100M863I	4477479 Even1_22501	4477479
N	*	100	*	*	*	*	*	4477861 Even3_98	*
L	4323	1355	*	*	*	*	*	810167	*
H	4323	100	100.0	+	0	0	483I100M772I	4478148 Even1_45559	810167
L	36148	1486	*	*	*	*	*	236776	*
H	36148	100	100.0	+	0	0	518I100M868I	4478413 Even3_106877	236776
N	*	93	*	*	*	*	*	4479485 Even1_34158	*
L	96557	1358	*	*	*	*	*	4480861	*
H	96557	100	100.0	+	0	0	501I100M757I	4480861 Even3_348	4480861
N	*	100	*	*	*	*	*	4480970 Even2_94001	*
N	*	100	*	*	*	*	*	4481244 Even2_313381	*
L	75085	1465	*	*	*	*	*	1124273	*
H	75085	100	100.0	+	0	0	514I100M851I	4481484 Even3_182452	1124273
L	12321	1477	*	*	*	*	*	557627	*
H	12321	100	100.0	+	0	0	498I100M879I	4481624 Even3_311277	557627
N	*	77	*	*	*	*	*	4482110 Even3_367335	*
N	*	79	*	*	*	*	*	4483077 Even3_109637	*
N	*	84	*	*	*	*	*	4483391 Even2_251691	*
L	96806	1388	*	*	*	*	*	4483570	*
H	96806	76	100.0	+	0	0	505I76M807I	4483570 Even3_43454	4483570
N	*	85	*	*	*	*	*	4483859 Even1_166839	*
N	*	78	*	*	*	*	*	4484010 Even3_35098	*
L	96858	1490	*	*	*	*	*	4484245	*
H	96858	78	100.0	+	0	0	522I78M890I	4484245 Even2_299827	4484245
N	*	100	*	*	*	*	*	4484466 Even1_57084	*
N	*	76	*	*	*	*	*	45363 Even3_72440	*
N	*	83	*	*	*	*	*	454363 Even2_197523	*
N	*	80	*	*	*	*	*	46931 Even3_37558	*
L	17858	1525	*	*	*	*	*	470117	*
H	17858	100	100.0	+	0	0	519I100M906I	470117 Even2_334	470117
L	17852	1535	*	*	*	*	*	471180	*
H	17852	100	100.0	+	0	0	517I100M918I	471180 Even1_206	471180
L	43076	1391	*	*	*	*	*	181871	*
H	43076	84	100.0	+	0	0	515I84M792I	47477 Even2_22937	181871
N	*	100	*	*	*	*	*	503372 Even2_15	*
N	*	100	*	*	*	*	*	50530 Even1_91160	*
N	*	76	*	*	*	*	*	509109 Even2_376243	*
N	*	85	*	*	*	*	*	509636 Even2_14788	*
N	*	100	*	*	*	*	*	509709 Even3_47124	*
N	*	92	*	*	*	*	*	510777 Even2_16632	*
N	*	85	*	*	*	*	*	510780 Even3_2420	*
L	33147	1402	*	*	*	*	*	258785	*
H	33147	100	100.0	+	0	0	472I100M830I	510870 Even1_1314	258785
N	*	92	*	*	*	*	*	511008 Even3_47815	*
N	*	78	*	*	*	*	*	511074 Even2_51321	*
N	*	83	*	*	*	*	*	511386 Even2_107872	*
N	*	100	*	*	*	*	*	511908 Even3_221420	*
L	16893	1392	*	*	*	*	*	514711	*
H	16893	100	100.0	+	0	0	515I60MI40M776I	514711 Even1_170472	514711
N	*	100	*	*	*	*	*	516553 Even1_124605	*
N	*	96	*	*	*	*	*	518438 Even1_290353	*
N	*	100	*	*	*	*	*	518613 Even1_7693	*
N	*	79	*	*	*	*	*	519625 Even2_238016	*
N	*	86	*	*	*	*	*	520587 Even1_251819	*
N	*	82	*	*	*	*	*	52106 Even2_9420	*
N	*	91	*	*	*	*	*	52163 Even2_289322	*
N	*	86	*	*	*	*	*	522582 Even2_351364	*
N	*	81	*	*	*	*	*	523025 Even3_196629	*
N	*	77	*	*	*	*	*	523934 Even2_255496	*
N	*	86	*	*	*	*	*	524661 Even1_21437	*
L	16059	1389	*	*	*	*	*	525401	*
H	16059	84	100.0	+	0	0	515I84M790I	525401 Even3_123259	525401
N	*	76	*	*	*	*	*	525474 Even1_281896	*
N	*	100	*	*	*	*	*	527507 Even1_92307	*
N	*	100	*	*	*	*	*	527988 Even3_18843	*
L	58716	1453	*	*	*	*	*	737912	*
H	58716	93	100.0	+	0	0	471I93M889I	528421 Even2_16911	737912
N	*	82	*	*	*	*	*	529377 Even1_102579	*
L	15715	1391	*	*	*	*	*	529740	*
H	15715	93	100.0	+	0	0	516I93M782I	529740 Even1_80345	529740
L	15671	1401	*	*	*	*	*	530206	*
H	15671	100	100.0	+	0	0	529I100M772I	530206 Even2_171499	530206
L	11886	1386	*	*	*	*	*	561027	*
H	11886	82	100.0	+	0	0	514I82M790I	530379 Even3_127650	561027
N	*	85	*	*	*	*	*	530629 Even1_346456	*
L	15400	1492	*	*	*	*	*	533373	*
H	15400	100	100.0	+	0	0	525I100M867I	533373 Even2_47169	533373
L	15296	1524	*	*	*	*	*	534321	*
H	15296	85	100.0	+	0	0	539I85M900I	534321 Even2_140104	534321
L	15210	1464	*	*	*	*	*	534957	*
H	15210	85	100.0	+	0	0	488I85M891I	534957 Even2_158900	534957
N	*	100	*	*	*	*	*	534965 Even2_67191	*
L	15116	1351	*	*	*	*	*	535707	*
H	15116	83	100.0	+	0	0	483I83M785I	535707 Even2_75379	535707
N	*	82	*	*	*	*	*	536831 Even1_8769	*
N	*	100	*	*	*	*	*	537078 Even2_338550	*
N	*	100	*	*	*	*	*	537085 Even2_4717	*
N	*	84	*	*	*	*	*	537118 Even1_155053	*
N	*	100	*	*	*	*	*	538000 Even2_108491	*
N	*	96	*	*	*	*	*	538512 Even3_313093	*
L	14698	1327	*	*	*	*	*	538907	*
H	14698	76	100.0	+	0	0	426I76M825I	538907 Even3_184308	538907
H	58716	92	100.0	+	0	0	471I92M890I	540402 Even2_2265	737912
N	*	100	*	*	*	*	*	540508 Even1_167188	*
L	15829	1356	*	*	*	*	*	528421	*
H	15829	81	100.0	+	0	0	486I81M789I	540793 Even3_2467	528421
N	*	81	*	*	*	*	*	540876 Even3_179945	*
L	20051	1355	*	*	*	*	*	352617	*
H	20051	100	100.0	+	0	0	503I57MI43M751I	540982 Even3_361925	352617
H	15829	80	100.0	+	0	0	486I80M790I	541119 Even1_170	528421
N	*	78	*	*	*	*	*	541415 Even3_310269	*
N	*	100	*	*	*	*	*	541517 Even3_42907	*
N	*	77	*	*	*	*	*	542096 Even2_89096	*
N	*	83	*	*	*	*	*	542496 Even3_123301	*
L	86442	1506	*	*	*	*	*	4375000	*
H	86442	81	100.0	+	0	0	526I81M899I	542725 Even1_77685	4375000
N	*	100	*	*	*	*	*	543813 Even2_45392	*
N	*	76	*	*	*	*	*	544824 Even3_359603	*
N	*	100	*	*	*	*	*	545061 Even1_135361	*
L	13831	1517	*	*	*	*	*	545460	*
H	13831	100	100.0	+	0	0	508I100M909I	545460 Even3_29542	545460
N	*	100	*	*	*	*	*	545473 Even3_28216	*
N	*	76	*	*	*	*	*	546384 Even3_300635	*
N	*	100	*	*	*	*	*	547287 Even1_102215	*
N	*	76	*	*	*	*	*	547304 Even2_385386	*
N	*	80	*	*	*	*	*	547714 Even3_297422	*
N	*	100	*	*	*	*	*	548503 Even3_333613	*
L	13352	1482	*	*	*	*	*	549232	*
H	13352	100	100.0	+	0	0	496I100M886I	549232 Even1_3299	549232
N	*	100	*	*	*	*	*	549656 Even1_3363	*
N	*	79	*	*	*	*	*	550013 Even1_102518	*
N	*	87	*	*	*	*	*	552376 Even3_16335	*
N	*	82	*	*	*	*	*	553208 Even2_128601	*
N	*	77	*	*	*	*	*	556451 Even1_245627	*
L	12256	1502	*	*	*	*	*	558081	*
H	12256	100	100.0	+	0	0	528I100M874I	558081 Even3_38	558081
N	*	81	*	*	*	*	*	558531 Even1_93909	*
L	12131	1418	*	*	*	*	*	559200	*
H	12131	100	100.0	+	0	0	535I100M783I	559200 Even3_282529	559200
N	*	81	*	*	*	*	*	560465 Even3_172459	*
L	54491	1362	*	*	*	*	*	30929	*
H	54491	78	100.0	+	0	0	489I78M795I	560685 Even2_87226	30929
N	*	100	*	*	*	*	*	561881 Even3_131811	*
N	*	79	*	*	*	*	*	563009 Even2_102452	*
L	428	1418	*	*	*	*	*	1105975	*
H	428	100	100.0	+	0	0	452I100M866I	564123 Even3_61251	1105975
N	*	81	*	*	*	*	*	566976 Even2_148775	*
N	*	83	*	*	*	*	*	568293 Even1_213583	*
N	*	81	*	*	*	*	*	569522 Even2_234210	*
N	*	100	*	*	*	*	*	573107 Even2_1672	*
N	*	100	*	*	*	*	*	574269 Even1_45382	*
L	10051	1470	*	*	*	*	*	575467	*
H	10051	100	100.0	+	0	0	482I100M888I	575467 Even1_326626	575467
N	*	78	*	*	*	*	*	577027 Even2_8252	*
N	*	76	*	*	*	*	*	579499 Even3_23178	*
N	*	82	*	*	*	*	*	580295 Even2_269180	*
N	*	100	*	*	*	*	*	58374 Even1_304751	*
N	*	100	*	*	*	*	*	584463 Even1_75941	*
N	*	80	*	*	*	*	*	585574 Even2_279727	*
N	*	81	*	*	*	*	*	585701 Even2_66460	*
N	*	100	*	*	*	*	*	586920 Even1_40224	*
L	8420	1370	*	*	*	*	*	587269	*
H	8420	76	100.0	+	0	0	506I76M788I	587269 Even3_217590	587269
N	*	100	*	*	*	*	*	587648 Even1_95119	*
N	*	100	*	*	*	*	*	587788 Even1_123618	*
L	7857	1345	*	*	*	*	*	591285	*
H	7857	86	100.0	+	0	0	503I86M756I	591285 Even2_2661	591285
L	56753	1405	*	*	*	*	*	609704	*
H	56753	100	100.0	+	0	0	471I100M834I	609704 Even3_49577	609704
L	38504	1401	*	*	*	*	*	211678	*
H	38504	94	100.0	+	0	0	535I94M772I	610188 Even1_192281	211678
L	5433	1502	*	*	*	*	*	747864	*
H	5433	100	100.0	+	0	0	523I100M879I	614504 Even2_191354	747864
N	*	100	*	*	*	*	*	614969 Even3_49078	*
N	*	79	*	*	*	*	*	616688 Even3_52306	*
N	*	91	*	*	*	*	*	619140 Even2_218749	*
N	*	84	*	*	*	*	*	627321 Even3_341313	*
N	*	100	*	*	*	*	*	630172 Even1_22993	*
L	64959	1365	*	*	*	*	*	2582263	*
H	64959	100	100.0	+	0	0	485I100M780I	632346 Even3_23218	2582263
N	*	95	*	*	*	*	*	632692 Even2_393772	*
N	*	100	*	*	*	*	*	637546 Even2_156209	*
N	*	100	*	*	*	*	*	640739 Even1_353408	*
L	71589	1496	*	*	*	*	*	3392840	*
H	71589	100	100.0	+	0	0	518I100M878I	649107 Even1_53427	3392840
L	78155	1516	*	*	*	*	*	652272	*
H	78155	79	100.0	+	0	0	522I79M915I	652272 Even3_341384	652272
L	66937	1480	*	*	*	*	*	652696	*
H	66937	81	100.0	+	0	0	488I81M911I	652696 Even1_38745	652696
N	*	100	*	*	*	*	*	654696 Even2_179550	*
N	*	91	*	*	*	*	*	65683 Even3_31478	*
N	*	100	*	*	*	*	*	656889 Even2_136315	*
N	*	100	*	*	*	*	*	662983 Even1_104666	*
L	45960	1549	*	*	*	*	*	159299	*
H	45960	100	100.0	+	0	0	538I100M911I	664205 Even1_182480	159299
N	*	100	*	*	*	*	*	665978 Even1_281242	*
N	*	81	*	*	*	*	*	676211 Even3_57646	*
N	*	100	*	*	*	*	*	681370 Even2_165742	*
N	*	82	*	*	*	*	*	683112 Even1_237454	*
N	*	100	*	*	*	*	*	683458 Even1_161052	*
N	*	100	*	*	*	*	*	686900 Even3_67894	*
N	*	81	*	*	*	*	*	686972 Even2_60347	*
N	*	81	*	*	*	*	*	687792 Even1_58957	*
L	5600	1478	*	*	*	*	*	734168	*
H	5600	100	100.0	+	0	0	514I100M864I	697681 Even2_279991	734168
L	60102	1451	*	*	*	*	*	702276	*
H	60102	100	100.0	+	0	0	499I100M852I	702276 Even2_231871	702276
N	*	81	*	*	*	*	*	702681 Even3_257475	*
N	*	77	*	*	*	*	*	714794 Even1_388148	*
N	*	100	*	*	*	*	*	721704 Even2_70625	*
N	*	100	*	*	*	*	*	725048 Even3_50398	*
L	73657	1442	*	*	*	*	*	729365	*
H	73657	100	100.0	+	0	0	484I100M858I	726730 Even3_48368	729365
N	*	100	*	*	*	*	*	727945 Even1_348010	*
L	78917	1381	*	*	*	*	*	4296689	*
H	78917	100	100.0	+	0	0	508I100M773I	728293 Even1_67509	4296689
L	3503	1478	*	*	*	*	*	825276	*
H	3503	91	100.0	+	0	0	520I91M867I	729700 Even3_325643	825276
N	*	100	*	*	*	*	*	735476 Even1_45506	*
N	*	81	*	*	*	*	*	741298 Even2_15580	*
N	*	76	*	*	*	*	*	744029 Even2_384772	*
H	45078	76	100.0	+	0	0	526I76M906I	74443 Even3_207774	167979
N	*	84	*	*	*	*	*	744941 Even2_90272	*
N	*	92	*	*	*	*	*	746679 Even3_129961	*
L	82237	1506	*	*	*	*	*	4330939	*
H	82237	82	100.0	+	0	0	526I82M898I	766120 Even2_66528	4330939
N	*	100	*	*	*	*	*	769961 Even1_18637	*
L	76676	1377	*	*	*	*	*	777944	*
H	76676	76	100.0	+	0	0	512I76M789I	777944 Even1_42089	777944
N	*	76	*	*	*	*	*	778059 Even1_160036	*
N	*	77	*	*	*	*	*	788593 Even3_78191	*
L	22424	1465	*	*	*	*	*	335454	*
H	22424	100	100.0	+	0	0	491I100M874I	792520 Even2_316251	335454
L	65469	1377	*	*	*	*	*	810317	*
H	65469	100	100.0	+	0	0	505I100M772I	806143 Even1_2271	810317
L	56880	1324	*	*	*	*	*	806380	*
H	56880	100	100.0	+	0	0	419I100M805I	806380 Even2_3075	806380
L	14013	1417	*	*	*	*	*	544067	*
H	14013	77	100.0	+	0	0	535I77M805I	807070 Even3_299814	544067
L	73574	1346	*	*	*	*	*	807821	*
H	73574	76	100.0	+	0	0	486I76M784I	807821 Even3_73592	807821
N	*	100	*	*	*	*	*	808706 Even3_9557	*
N	*	86	*	*	*	*	*	810425 Even2_74980	*
N	*	100	*	*	*	*	*	810700 Even2_300202	*
N	*	84	*	*	*	*	*	812095 Even3_93283	*
N	*	77	*	*	*	*	*	812155 Even3_140782	*
N	*	100	*	*	*	*	*	812351 Even3_351528	*
N	*	100	*	*	*	*	*	812549 Even1_86325	*
N	*	90	*	*	*	*	*	813195 Even1_17153	*
N	*	85	*	*	*	*	*	813479 Even1_211161	*
N	*	85	*	*	*	*	*	813564 Even2_131362	*
N	*	81	*	*	*	*	*	814112 Even1_15502	*
N	*	100	*	*	*	*	*	81462 Even1_9487	*
N	*	81	*	*	*	*	*	819636 Even1_318925	*
N	*	82	*	*	*	*	*	820315 Even1_346658	*
N	*	90	*	*	*	*	*	820375 Even3_390081	*
N	*	82	*	*	*	*	*	821187 Even1_213509	*
N	*	100	*	*	*	*	*	823916 Even3_325880	*
N	*	81	*	*	*	*	*	824402 Even1_188270	*
L	76837	1370	*	*	*	*	*	824742	*
H	76837	100	100.0	+	0	0	520I100M750I	824742 Even3_146700	824742
N	*	100	*	*	*	*	*	824876 Even3_161203	*
N	*	84	*	*	*	*	*	825033 Even2_146078	*
N	*	81	*	*	*	*	*	825989 Even3_43038	*
L	65532	1436	*	*	*	*	*	2650464	*
H	65532	100	100.0	+	0	0	429I100M907I	826124 Even3_39763	2650464
N	*	84	*	*	*	*	*	827943 Even1_3011	*
N	*	100	*	*	*	*	*	828333 Even3_347516	*
N	*	89	*	*	*	*	*	828474 Even3_334364	*
L	6428	1445	*	*	*	*	*	673756	*
H	6428	93	100.0	+	0	0	475I93M877I	828880 Even2_84993	673756
L	60511	1499	*	*	*	*	*	834814	*
H	60511	100	100.0	+	0	0	524I100M875I	829600 Even2_16708	834814
N	*	76	*	*	*	*	*	83055 Even2_359849	*
N	*	91	*	*	*	*	*	831386 Even1_213164	*
N	*	100	*	*	*	*	*	832540 Even1_45387	*
N	*	76	*	*	*	*	*	833390 Even2_126675	*
N	*	93	*	*	*	*	*	834418 Even1_51642	*
L	2930	1469	*	*	*	*	*	843189	*
H	2930	89	100.0	+	0	0	487I89M893I	843189 Even1_111525	843189
N	*	100	*	*	*	*	*	846127 Even3_14	*
N	*	100	*	*	*	*	*	847228 Even2_290305	*
N	*	92	*	*	*	*	*	851961 Even3_79236	*
N	*	95	*	*	*	*	*	85614 Even3_34323	*
N	*	100	*	*	*	*	*	87839 Even2_34881	*
N	*	78	*	*	*	*	*	897946 Even1_219383	*
N	*	93	*	*	*	*	*	899404 Even1_64267	*
N	*	78	*	*	*	*	*	899619 Even1_155814	*
N	*	92	*	*	*	*	*	91962 Even3_213671	*
N	*	87	*	*	*	*	*	924547 Even1_135592	*
L	77330	1337	*	*	*	*	*	931593	*
H	77330	100	100.0	+	0	0	478I100M759I	931593 Even1_222623	931593
N	*	100	*	*	*	*	*	947308 Even1_185690	*
L	21487	1390	*	*	*	*	*	342110	*
H	21487	76	100.0	+	0	0	515I76M799I	95974 Even3_132301	342110
L	29555	1400	*	*	*	*	*	281015	*
H	29555	100	100.0	+	0	0	526I100M774I	9727 Even1_1386	281015
N	*	100	*	*	*	*	*	9846 Even1_127912	*
N	*	100	*	*	*	*	*	985116 Even3_340671	*
L	55523	1492	*	*	*	*	*	9912	*
H	55523	100	100.0	+	0	0	502I100M890I	9912 Even3_168240	9912
N	*	91	*	*	*	*	*	9918 Even1_318559	*
N	*	77	*	*	*	*	*	99566 Even2_115048	*
L	1471	1428	*	*	*	*	*	997439	*
H	1471	85	100.0	+	0	0	497I85M846I	997439 Even1_16912	997439
N	*	100	*	*	*	*	*	9994 Even1_19305	*
N	*	79	*	*	*	*	*	New.ReferenceOTU0 Even1_183684	*
N	*	100	*	*	*	*	*	New.ReferenceOTU1 Even3_388830	*
N	*	82	*	*	*	*	*	New.ReferenceOTU10 Even3_397118	*
N	*	100	*	*	*	*	*	New.ReferenceOTU12 Even1_351195	*
N	*	82	*	*	*	*	*	New.ReferenceOTU14 Even1_216621	*
N	*	96	*	*	*	*	*	New.ReferenceOTU15 Even3_281625	*
N	*	100	*	*	*	*	*	New.ReferenceOTU16 Even3_281251	*
N	*	86	*	*	*	*	*	New.ReferenceOTU17 Even3_314268	*
N	*	86	*	*	*	*	*	New.ReferenceOTU18 Even2_300814	*
N	*	82	*	*	*	*	*	New.ReferenceOTU2 Even2_293854	*
N	*	100	*	*	*	*	*	New.ReferenceOTU20 Even3_297202	*
N	*	100	*	*	*	*	*	New.ReferenceOTU21 Even2_328460	*
N	*	81	*	*	*	*	*	New.ReferenceOTU22 Even2_372103	*
N	*	82	*	*	*	*	*	New.ReferenceOTU23 Even3_260389	*
N	*	100	*	*	*	*	*	New.ReferenceOTU24 Even2_386599	*
N	*	77	*	*	*	*	*	New.ReferenceOTU25 Even3_18315	*
N	*	100	*	*	*	*	*	New.ReferenceOTU27 Even2_278016	*
N	*	96	*	*	*	*	*	New.ReferenceOTU28 Even2_316649	*
N	*	91	*	*	*	*	*	New.ReferenceOTU30 Even3_318770	*
N	*	85	*	*	*	*	*	New.ReferenceOTU31 Even2_219925	*
N	*	100	*	*	*	*	*	New.ReferenceOTU4 Even2_254325	*
N	*	96	*	*	*	*	*	New.ReferenceOTU5 Even1_283662	*
N	*	100	*	*	*	*	*	New.ReferenceOTU6 Even3_297278	*
N	*	100	*	*	*	*	*	New.ReferenceOTU7 Even1_185791	*
N	*	81	*	*	*	*	*	New.ReferenceOTU8 Even2_248328	*
N	*	95	*	*	*	*	*	New.ReferenceOTU9 Even2_395027	*
N	*	100	*	*	*	*	*	New.CleanUp.ReferenceOTU0 Even3_378840	*
N	*	100	*	*	*	*	*	New.CleanUp.ReferenceOTU1 Even1_17943	*
N	*	100	*	*	*	*	*	New.CleanUp.ReferenceOTU10000 Even2_375707	*
N	*	100	*	*	*	*	*	New.CleanUp.ReferenceOTU10001 Even1_356163	*
N	*	100	*	*	*	*	*	New.CleanUp.ReferenceOTU10008 Even1_205139	*
N	*	94	*	*	*	*	*	New.CleanUp.ReferenceOTU10009 Even2_293834	*
N	*	100	*	*	*	*	*	New.CleanUp.ReferenceOTU10013 Even1_166443	*
N	*	100	*	*	*	*	*	New.CleanUp.ReferenceOTU10018 Even3_375721	*
N	*	95	*	*	*	*	*	New.CleanUp.ReferenceOTU1002 Even1_393260	*
N	*	100	*	*	*	*	*	New.CleanUp.ReferenceOTU10023 Even2_392603	*
N	*	100	*	*	*	*	*	New.CleanUp.ReferenceOTU10027 Even3_46054	*
N	*	100	*	*	*	*	*	New.CleanUp.ReferenceOTU10028 Even1_339007	*
N	*	100	*	*	*	*	*	New.CleanUp.ReferenceOTU10029 Even1_19070	*
N	*	100	*	*	*	*	*	New.CleanUp.ReferenceOTU10034 Even2_274233	*
N	*	96	*	*	*	*	*	New.CleanUp.ReferenceOTU10035 Even3_278758	*
N	*	80	*	*	*	*	*	New.CleanUp.ReferenceOTU10037 Even3_278026	*
N	*	100	*	*	*	*	*	New.CleanUp.ReferenceOTU10038 Even3_378719	*
N	*	77	*	*	*	*	*	New.CleanUp.ReferenceOTU1004 Even1_62612	*
N	*	100	*	*	*	*	*	New.CleanUp.ReferenceOTU10043 Even1_368726	*
N	*	100	*	*	*	*	*	New.CleanUp.ReferenceOTU10046 Even1_390560	*
N	*	96	*	*	*	*	*	New.CleanUp.ReferenceOTU10050 Even1_280014	*
N	*	89	*	*	*	*	*	New.CleanUp.ReferenceOTU10051 Even3_395309	*
N	*	95	*	*	*	*	*	New.CleanUp.ReferenceOTU10053 Even3_395306	*
N	*	100	*	*	*	*	*	New.CleanUp.ReferenceOTU10059 Even2_390601	*
N	*	79	*	*	*	*	*	New.CleanUp.ReferenceOTU10062 Even3_276020	*
N	*	90	*	*	*	*	*	New.CleanUp.ReferenceOTU10065 Even3_99849	*
N	*	100	*	*	*	*	*	New.CleanUp.ReferenceOTU10067 Even3_388530	*
N	*	96	*	*	*	*	*	New.CleanUp.ReferenceOTU10068 Even3_388536	*
N	*	81	*	*	*	*	*	New.CleanUp.ReferenceOTU10072 Even1_295328	*
N	*	90	*	*	*	*	*	New.CleanUp.ReferenceOTU10074 Even2_91311	*
N	*	93	*	*	*	*	*	New.CleanUp.ReferenceOTU10078 Even3_371592	*
N	*	100	*	*	*	*	*	New.CleanUp.ReferenceOTU10083 Even2_372042	*
N	*	100	*	*	*	*	*	New.CleanUp.ReferenceOTU10085 Even2_372047	*
N	*	100	*	*	*	*	*	New.CleanUp.ReferenceOTU10087 Even2_372049	*
N	*	87	*	*	*	*	*	New.CleanUp.ReferenceOTU10089 Even3_286764	*
N	*	77	*	*	*	*	*	New.CleanUp.ReferenceOTU10090 Even2_314126	*
N	*	100	*	*	*	*	*	New.CleanUp.ReferenceOTU10099 Even1_392400	*
N	*	88	*	*	*	*	*	New.CleanUp.ReferenceOTU10101 Even2_129068	*
N	*	82	*	*	*	*	*	New.CleanUp.ReferenceOTU10107 Even2_276462	*
N	*	92	*	*	*	*	*	New.CleanUp.ReferenceOTU10108 Even3_84369	*
N	*	87	*	*	*	*	*	New.CleanUp.ReferenceOTU1011 Even2_267987	*
N	*	100	*	*	*	*	*	New.CleanUp.ReferenceOTU10115 Even2_281287	*
N	*	85	*	*	*	*	*	New.CleanUp.ReferenceOTU10117 Even3_302099	*
N	*	100	*	*	*	*	*	New.CleanUp.ReferenceOTU10123 Even1_83481	*
N	*	90	*	*	*	*	*	New.CleanUp.ReferenceOTU10127 Even2_63413	*
N	*	76	*	*	*	*	*	New.CleanUp.ReferenceOTU10129 Even1_218851	*
N	*	84	*	*	*	*	*	New.CleanUp.ReferenceOTU10131 Even1_81882	*
N	*	78	*	*	*	*	*	New.CleanUp.ReferenceOTU10135 Even3_247978	*
N	*	100	*	*	*	*	*	New.CleanUp.ReferenceOTU10136 Even3_271080	*
N	*	89	*	*	*	*	*	New.CleanUp.ReferenceOTU10144 Even2_206799	*
N	*	100	*	*	*	*	*	New.CleanUp.ReferenceOTU10145 Even1_217478	*
N	*	85	*	*	*	*	*	New.CleanUp.ReferenceOTU10150 Even2_105342	*
N	*	94	*	*	*	*	*	New.CleanUp.ReferenceOTU10153 Even2_393987	*
N	*	92	*	*	*	*	*	New.CleanUp.ReferenceOTU10155 Even3_146294	*
N	*	100	*	*	*	*	*	New.CleanUp.ReferenceOTU10156 Even3_381915	*
N	*	76	*	*	*	*	*	New.CleanUp.ReferenceOTU10157 Even3_381264	*
N	*	100	*	*	*	*	*	New.CleanUp.ReferenceOTU10160 Even3_118022	*
N	*	100	*	*	*	*	*	New.CleanUp.ReferenceOTU10167 Even3_341483	*
N	*	92	*	*	*	*	*	New.CleanUp.ReferenceOTU10168 Even3_314282	*
N	*	95	*	*	*	*	*	New.CleanUp.ReferenceOTU1017 Even2_7954	*
N	*	95	*	*	*	*	*	New.CleanUp.ReferenceOTU10171 Even1_367176	*
N	*	76	*	*	*	*	*	New.CleanUp.ReferenceOTU10173 Even1_314271	*
N	*	83	*	*	*	*	*	New.CleanUp.ReferenceOTU10175 Even3_281817	*
N	*	100	*	*	*	*	*	New.CleanUp.ReferenceOTU10178 Even3_290213	*
N	*	100	*	*	*	*	*	New.CleanUp.ReferenceOTU10179 Even3_168478	*
N	*	100	*	*	*	*	*	New.CleanUp.ReferenceOTU1018 Even2_378839	*
N	*	100	*	*	*	*	*	New.CleanUp.ReferenceOTU10183 Even3_351617	*
N	*	86	*	*	*	*	*	New.CleanUp.ReferenceOTU10186 Even2_277326	*
N	*	93	*	*	*	*	*	New.CleanUp.ReferenceOTU10189 Even2_76357	*
N	*	92	*	*	*	*	*	New.CleanUp.ReferenceOTU10190 Even2_284255	*
N	*	100	*	*	*	*	*	New.CleanUp.ReferenceOTU10192 Even1_378421	*
N	*	100	*	*	*	*	*	New.CleanUp.ReferenceOTU10194 Even3_284334	*
N	*	79	*	*	*	*	*	New.CleanUp.ReferenceOTU1020 Even2_17913	*
N	*	100	*	*	*	*	*	New.CleanUp.ReferenceOTU10200 Even3_299620	*
N	*	100	*	*	*	*	*	New.CleanUp.ReferenceOTU10204 Even1_305739	*
N	*	94	*	*	*	*	*	New.CleanUp.ReferenceOTU1021 Even2_378834	*
N	*	91	*	*	*	*	*	New.CleanUp.ReferenceOTU10210 Even1_333601	*
N	*	100	*	*	*	*	*	New.CleanUp.ReferenceOTU10211 Even3_386640	*
N	*	100	*	*	*	*	*	New.CleanUp.ReferenceOTU10213 Even2_299220	*
N	*	100	*	*	*	*	*	New.CleanUp.ReferenceOTU10218 Even2_390989	*
N	*	93	*	*	*	*	*	New.CleanUp.ReferenceOTU10220 Even2_378715	*
N	*	100	*	*	*	*	*	New.CleanUp.ReferenceOTU10223 Even3_378944	*
N	*	100	*	*	*	*	*	New.CleanUp.ReferenceOTU10225 Even3_378946	*
N	*	100	*	*	*	*	*	New.CleanUp.ReferenceOTU10227 Even1_368534	*
N	*	96	*	*	*	*	*	New.CleanUp.ReferenceOTU10229 Even1_356570	*
N	*	100	*	*	*	*	*	New.CleanUp.ReferenceOTU10230 Even2_147227	*
N	*	77	*	*	*	*	*	New.CleanUp.ReferenceOTU10236 Even3_394688	*
N	*	100	*	*	*	*	*	New.CleanUp.ReferenceOTU10239 Even3_6708	*
N	*	100	*	*	*	*	*	New.CleanUp.ReferenceOTU10240 Even3_372111	*
N	*	86	*	*	*	*	*	New.CleanUp.ReferenceOTU10244 Even3_281679	*
N	*	100	*	*	*	*	*	New.CleanUp.ReferenceOTU10247 Even2_132424	*
N	*	100	*	*	*	*	*	New.CleanUp.ReferenceOTU10248 Even3_281674	*
N	*	94	*	*	*	*	*	New.CleanUp.ReferenceOTU1025 Even3_363662	*
N	*	91	*	*	*	*	*	New.CleanUp.ReferenceOTU10250 Even1_346409	*
N	*	96	*	*	*	*	*	New.CleanUp.ReferenceOTU10251 Even2_378578	*
N	*	85	*	*	*	*	*	New.CleanUp.ReferenceOTU10254 Even3_283410	*
N	*	100	*	*	*	*	*	New.CleanUp.ReferenceOTU10255 Even3_15108	*
N	*	81	*	*	*	*	*	New.CleanUp.ReferenceOTU10260 Even1_123044	*
N	*	96	*	*	*	*	*	New.CleanUp.ReferenceOTU10265 Even3_166113	*
N	*	76	*	*	*	*	*	New.CleanUp.ReferenceOTU10273 Even2_314339	*
N	*	84	*	*	*	*	*	New.CleanUp.ReferenceOTU1028 Even1_280696	*
N	*	100	*	*	*	*	*	New.CleanUp.ReferenceOTU10280 Even2_391126	*
N	*	87	*	*	*	*	*	New.CleanUp.ReferenceOTU10282 Even2_112621	*
N	*	83	*	*	*	*	*	New.CleanUp.ReferenceOTU10289 Even3_65060	*
N	*	100	*	*	*	*	*	New.CleanUp.ReferenceOTU10293 Even2_356411	*
N	*	81	*	*	*	*	*	New.CleanUp.ReferenceOTU10302 Even3_343443	*
N	*	95	*	*	*	*	*	New.CleanUp.ReferenceOTU10303 Even1_367824	*
N	*	100	*	*	*	*	*	New.CleanUp.ReferenceOTU10305 Even3_375287	*
N	*	100	*	*	*	*	*	New.CleanUp.ReferenceOTU1031 Even2_287233	*
N	*	100	*	*	*	*	*	New.CleanUp.ReferenceOTU10313 Even1_48372	*
N	*	100	*	*	*	*	*	New.CleanUp.ReferenceOTU10316 Even3_384349	*
N	*	92	*	*	*	*	*	New.CleanUp.ReferenceOTU1032 Even1_9116	*
N	*	100	*	*	*	*	*	New.CleanUp.ReferenceOTU10321 Even2_333050	*
N	*	83	*	*	*	*	*	New.CleanUp.ReferenceOTU10322 Even1_366024	*
N	*	100	*	*	*	*	*	New.CleanUp.ReferenceOTU10332 Even2_390297	*
N	*	93	*	*	*	*	*	New.CleanUp.ReferenceOTU10334 Even3_388704	*
N	*	76	*	*	*	*	*	New.CleanUp.ReferenceOTU1034 Even3_278930	*
N	*	85	*	*	*	*	*	New.CleanUp.ReferenceOTU10348 Even2_355004	*
N	*	100	*	*	*	*	*	New.CleanUp.ReferenceOTU10357 Even1_23512	*
N	*	88	*	*	*	*	*	New.CleanUp.ReferenceOTU1036 Even2_226816	*
N	*	100	*	*	*	*	*	New.CleanUp.ReferenceOTU10360 Even2_12374	*
N	*	81	*	*	*	*	*	New.CleanUp.ReferenceOTU10364 Even1_254995	*
N	*	94	*	*	*	*	*	New.CleanUp.ReferenceOTU10367 Even2_111268	*
N	*	100	*	*	*	*	*	New.CleanUp.ReferenceOTU10377 Even3_157778	*
N	*	93	*	*	*	*	*	New.CleanUp.ReferenceOTU10386 Even3_157480	*
N	*	92	*	*	*	*	*	New.CleanUp.ReferenceOTU10390 Even2_267738	*
N	*	100	*	*	*	*	*	New.CleanUp.ReferenceOTU1040 Even3_333590	*
N	*	96	*	*	*	*	*	New.CleanUp.ReferenceOTU10404 Even1_394472	*
N	*	100	*	*	*	*	*	New.CleanUp.ReferenceOTU10405 Even2_381737	*
N	*	91	*	*	*	*	*	New.CleanUp.ReferenceOTU10407 Even3_93259	*
N	*	92	*	*	*	*	*	New.CleanUp.ReferenceOTU10408 Even2_223666	*
N	*	100	*	*	*	*	*	New.CleanUp.ReferenceOTU10417 Even3_227832	*
N	*	76	*	*	*	*	*	New.CleanUp.ReferenceOTU10418 Even3_386253	*
N	*	81	*	*	*	*	*	New.CleanUp.ReferenceOTU10421 Even2_385345	*
N	*	100	*	*	*	*	*	New.CleanUp.ReferenceOTU10424 Even1_351449	*
N	*	94	*	*	*	*	*	New.CleanUp.ReferenceOTU10426 Even1_318927	*
N	*	100	*	*	*	*	*	New.CleanUp.ReferenceOTU10430 Even2_381886	*
N	*	83	*	*	*	*	*	New.CleanUp.ReferenceOTU10432 Even1_363900	*
N	*	100	*	*	*	*	*	New.CleanUp.ReferenceOTU10440 Even1_204530	*
N	*	95	*	*	*	*	*	New.CleanUp.ReferenceOTU10442 Even3_232635	*
N	*	100	*	*	*	*	*	New.CleanUp.ReferenceOTU10447 Even2_375095	*
N	*	100	*	*	*	*	*	New.CleanUp.ReferenceOTU1045 Even1_102470	*
N	*	92	*	*	*	*	*	New.CleanUp.ReferenceOTU10450 Even2_163235	*
N	*	96	*	*	*	*	*	New.CleanUp.ReferenceOTU10453 Even2_276323	*
N	*	100	*	*	*	*	*	New.CleanUp.ReferenceOTU10454 Even3_381700	*
N	*	100	*	*	*	*	*	New.CleanUp.ReferenceOTU10457 Even2_360525	*
N	*	79	*	*	*	*	*	New.CleanUp.ReferenceOTU10458 Even2_194023	*
N	*	100	*	*	*	*	*	New.CleanUp.ReferenceOTU10460 Even1_341602	*
N	*	95	*	*	*	*	*	New.CleanUp.ReferenceOTU10464 Even1_291224	*
N	*	100	*	*	*	*	*	New.CleanUp.ReferenceOTU10469 Even3_351211	*
N	*	100	*	*	*	*	*	New.CleanUp.ReferenceOTU10470 Even3_9848	*
N	*	100	*	*	*	*	*	New.CleanUp.ReferenceOTU10478 Even2_293813	*
N	*	100	*	*	*	*	*	New.CleanUp.ReferenceOTU10481 Even1_360549	*
N	*	100	*	*	*	*	*	New.CleanUp.ReferenceOTU10485 Even3_158424	*
N	*	86	*	*	*	*	*	New.CleanUp.ReferenceOTU10488 Even1_283613	*
N	*	93	*	*	*	*	*	New.CleanUp.ReferenceOTU10491 Even3_192514	*
N	*	100	*	*	*	*	*	New.CleanUp.ReferenceOTU10492 Even3_375702	*
N	*	100	*	*	*	*	*	New.CleanUp.ReferenceOTU10500 Even1_115532	*
N	*	80	*	*	*	*	*	New.CleanUp.ReferenceOTU10502 Even1_300756	*
N	*	76	*	*	*	*	*	New.CleanUp.ReferenceOTU10511 Even1_393337	*
N	*	77	*	*	*	*	*	New.CleanUp.ReferenceOTU10513 Even2_256230	*
N	*	100	*	*	*	*	*	New.CleanUp.ReferenceOTU10514 Even3_61917	*
N	*	90	*	*	*	*	*	New.CleanUp.ReferenceOTU10519 Even1_275102	*
N	*	90	*	*	*	*	*	New.CleanUp.ReferenceOTU10526 Even2_378965	*
N	*	84	*	*	*	*	*	New.CleanUp.ReferenceOTU10530 Even3_25382	*
N	*	93	*	*	*	*	*	New.CleanUp.ReferenceOTU10537 Even3_390799	*
N	*	86	*	*	*	*	*	New.CleanUp.ReferenceOTU10544 Even3_10837	*
N	*	86	*	*	*	*	*	New.CleanUp.ReferenceOTU10555 Even3_297434	*
N	*	100	*	*	*	*	*	New.CleanUp.ReferenceOTU10560 Even3_135502	*
N	*	92	*	*	*	*	*	New.CleanUp.ReferenceOTU10572 Even2_396830	*
N	*	100	*	*	*	*	*	New.CleanUp.ReferenceOTU10574 Even3_371647	*
N	*	83	*	*	*	*	*	New.CleanUp.ReferenceOTU10575 Even1_33747	*
N	*	84	*	*	*	*	*	New.CleanUp.ReferenceOTU10580 Even1_149727	*
N	*	100	*	*	*	*	*	New.CleanUp.ReferenceOTU10585 Even1_281613	*
N	*	95	*	*	*	*	*	New.CleanUp.ReferenceOTU10588 Even3_355982	*
N	*	100	*	*	*	*	*	New.CleanUp.ReferenceOTU10589 Even1_5532	*
N	*	100	*	*	*	*	*	New.CleanUp.ReferenceOTU10596 Even3_186534	*
N	*	100	*	*	*	*	*	New.CleanUp.ReferenceOTU10599 Even2_128783	*
N	*	100	*	*	*	*	*	New.CleanUp.ReferenceOTU106 Even1_133018	*
N	*	92	*	*	*	*	*	New.CleanUp.ReferenceOTU1060 Even1_386353	*
N	*	89	*	*	*	*	*	New.CleanUp.ReferenceOTU10601 Even2_275697	*
N	*	95	*	*	*	*	*	New.CleanUp.ReferenceOTU10604 Even2_247216	*
N	*	95	*	*	*	*	*	New.CleanUp.ReferenceOTU10608 Even3_280785	*
N	*	95	*	*	*	*	*	New.CleanUp.ReferenceOTU10609 Even1_117055	*
N	*	100	*	*	*	*	*	New.CleanUp.ReferenceOTU1061 Even2_314011	*
N	*	91	*	*	*	*	*	New.CleanUp.ReferenceOTU10617 Even3_287439	*
N	*	96	*	*	*	*	*	New.CleanUp.ReferenceOTU10618 Even1_351055	*
N	*	100	*	*	*	*	*	New.CleanUp.ReferenceOTU10622 Even2_178389	*
N	*	100	*	*	*	*	*	New.CleanUp.ReferenceOTU10624 Even3_287434	*
N	*	100	*	*	*	*	*	New.CleanUp.ReferenceOTU10628 Even1_328446	*
N	*	100	*	*	*	*	*	New.CleanUp.ReferenceOTU10630 Even1_177873	*
N	*	100	*	*	*	*	*	New.CleanUp.ReferenceOTU10633 Even1_299490	*
N	*	100	*	*	*	*	*	New.CleanUp.ReferenceOTU10634 Even1_275377	*
N	*	100	*	*	*	*	*	New.CleanUp.ReferenceOTU10635 Even3_109387	*
N	*	92	*	*	*	*	*	New.CleanUp.ReferenceOTU1064 Even2_314019	*
N	*	96	*	*	*	*	*	New.CleanUp.ReferenceOTU10643 Even3_377617	*
N	*	100	*	*	*	*	*	New.CleanUp.ReferenceOTU10645 Even3_264517	*
N	*	100	*	*	*	*	*	New.CleanUp.ReferenceOTU10646 Even3_264516	*
N	*	91	*	*	*	*	*	New.CleanUp.ReferenceOTU10647 Even2_384134	*
N	*	85	*	*	*	*	*	New.CleanUp.ReferenceOTU10654 Even3_276407	*
N	*	100	*	*	*	*	*	New.CleanUp.ReferenceOTU10655 Even3_281877	*
N	*	100	*	*	*	*	*	New.CleanUp.ReferenceOTU10658 Even1_157276	*
N	*	100	*	*	*	*	*	New.CleanUp.ReferenceOTU10659 Even2_31447	*
N	*	100	*	*	*	*	*	New.CleanUp.ReferenceOTU1066 Even1_23365	*
N	*	100	*	*	*	*	*	New.CleanUp.ReferenceOTU10664 Even1_378193	*
N	*	81	*	*	*	*	*	New.CleanUp.ReferenceOTU10665 Even1_378192	*
N	*	81	*	*	*	*	*	New.CleanUp.ReferenceOTU1067 Even2_388398	*
N	*	100	*	*	*	*	*	New.CleanUp.ReferenceOTU10670 Even3_360357	*
N	*	100	*	*	*	*	*	New.CleanUp.ReferenceOTU10672 Even1_6145	*
N	*	83	*	*	*	*	*	New.CleanUp.ReferenceOTU10674 Even1_216726	*
N	*	100	*	*	*	*	*	New.CleanUp.ReferenceOTU10676 Even3_393542	*
N	*	95	*	*	*	*	*	New.CleanUp.ReferenceOTU10677 Even3_393017	*
N	*	100	*	*	*	*	*	New.CleanUp.ReferenceOTU1068 Even1_51218	*
N	*	96	*	*	*	*	*	New.CleanUp.ReferenceOTU10681 Even1_306297	*
N	*	87	*	*	*	*	*	New.CleanUp.ReferenceOTU10682 Even3_193135	*
N	*	82	*	*	*	*	*	New.CleanUp.ReferenceOTU1069 Even2_281401	*
N	*	83	*	*	*	*	*	New.CleanUp.ReferenceOTU10694 Even2_394751	*
N	*	82	*	*	*	*	*	New.CleanUp.ReferenceOTU10696 Even3_397205	*
N	*	100	*	*	*	*	*	New.CleanUp.ReferenceOTU107 Even3_372007	*
N	*	91	*	*	*	*	*	New.CleanUp.ReferenceOTU10700 Even2_280603	*
N	*	100	*	*	*	*	*	New.CleanUp.ReferenceOTU10702 Even2_378779	*
N	*	100	*	*	*	*	*	New.CleanUp.ReferenceOTU10706 Even2_388672	*
N	*	100	*	*	*	*	*	New.CleanUp.ReferenceOTU10711 Even2_378777	*
N	*	100	*	*	*	*	*	New.CleanUp.ReferenceOTU10712 Even1_59374	*
N	*	100	*	*	*	*	*	New.CleanUp.ReferenceOTU10717 Even1_364449	*
N	*	83	*	*	*	*	*	New.CleanUp.ReferenceOTU10718 Even2_263180	*
N	*	100	*	*	*	*	*	New.CleanUp.ReferenceOTU10722 Even2_381943	*
N	*	85	*	*	*	*	*	New.CleanUp.ReferenceOTU10723 Even2_388736	*
N	*	100	*	*	*	*	*	New.CleanUp.ReferenceOTU10724 Even2_388734	*
N	*	100	*	*	*	*	*	New.CleanUp.ReferenceOTU10725 Even1_320854	*
N	*	96	*	*	*	*	*	New.CleanUp.ReferenceOTU10727 Even2_383542	*
N	*	100	*	*	*	*	*	New.CleanUp.ReferenceOTU10729 Even2_388739	*
N	*	85	*	*	*	*	*	New.CleanUp.ReferenceOTU1073 Even2_281407	*
N	*	76	*	*	*	*	*	New.CleanUp.ReferenceOTU10734 Even2_378593	*
N	*	100	*	*	*	*	*	New.CleanUp.ReferenceOTU10740 Even3_237492	*
N	*	100	*	*	*	*	*	New.CleanUp.ReferenceOTU10743 Even1_186395	*
N	*	88	*	*	*	*	*	New.CleanUp.ReferenceOTU10744 Even1_114834	*
N	*	85	*	*	*	*	*	New.CleanUp.ReferenceOTU10745 Even2_368616	*
N	*	81	*	*	*	*	*	New.CleanUp.ReferenceOTU10746 Even3_311653	*
N	*	92	*	*	*	*	*	New.CleanUp.ReferenceOTU10748 Even2_346348	*
N	*	91	*	*	*	*	*	New.CleanUp.ReferenceOTU10749 Even2_210196	*
N	*	82	*	*	*	*	*	New.CleanUp.ReferenceOTU10750 Even2_356592	*
N	*	100	*	*	*	*	*	New.CleanUp.ReferenceOTU10754 Even1_218573	*
N	*	100	*	*	*	*	*	New.CleanUp.ReferenceOTU10756 Even1_140728	*
N	*	100	*	*	*	*	*	New.CleanUp.ReferenceOTU10760 Even3_277234	*
N	*	100	*	*	*	*	*	New.CleanUp.ReferenceOTU10763 Even2_337809	*
N	*	85	*	*	*	*	*	New.CleanUp.ReferenceOTU10765 Even2_375517	*
N	*	100	*	*	*	*	*	New.CleanUp.ReferenceOTU10770 Even1_380837	*
N	*	86	*	*	*	*	*	New.CleanUp.ReferenceOTU10772 Even1_65694	*
N	*	81	*	*	*	*	*	New.CleanUp.ReferenceOTU10773 Even3_311030	*
N	*	100	*	*	*	*	*	New.CleanUp.ReferenceOTU10778 Even2_310014	*
N	*	92	*	*	*	*	*	New.CleanUp.ReferenceOTU10781 Even3_272062	*
N	*	92	*	*	*	*	*	New.CleanUp.ReferenceOTU1079 Even1_147652	*
N	*	94	*	*	*	*	*	New.CleanUp.ReferenceOTU10790 Even3_318496	*
N	*	100	*	*	*	*	*	New.CleanUp.ReferenceOTU10791 Even2_333072	*
N	*	100	*	*	*	*	*	New.CleanUp.ReferenceOTU10792 Even2_372290	*
N	*	85	*	*	*	*	*	New.CleanUp.ReferenceOTU10793 Even1_40037	*
N	*	78	*	*	*	*	*	New.CleanUp.ReferenceOTU10794 Even2_387623	*
N	*	100	*	*	*	*	*	New.CleanUp.ReferenceOTU10795 Even2_154456	*
N	*	100	*	*	*	*	*	New.CleanUp.ReferenceOTU10810 Even3_388760	*
N	*	100	*	*	*	*	*	New.CleanUp.ReferenceOTU10812 Even1_208531	*
N	*	81	*	*	*	*	*	New.CleanUp.ReferenceOTU10819 Even2_228082	*
N	*	100	*	*	*	*	*	New.CleanUp.ReferenceOTU10821 Even1_364645	*
N	*	100	*	*	*	*	*	New.CleanUp.ReferenceOTU10822 Even1_368114	*
N	*	100	*	*	*	*	*	New.CleanUp.ReferenceOTU10827 Even2_272507	*
N	*	96	*	*	*	*	*	New.CleanUp.ReferenceOTU1083 Even2_384424	*
N	*	87	*	*	*	*	*	New.CleanUp.ReferenceOTU10830 Even2_395178	*
N	*	100	*	*	*	*	*	New.CleanUp.ReferenceOTU10831 Even1_27401	*
N	*	85	*	*	*	*	*	New.CleanUp.ReferenceOTU10834 Even3_318871	*
N	*	94	*	*	*	*	*	New.CleanUp.ReferenceOTU10835 Even3_67231	*
N	*	91	*	*	*	*	*	New.CleanUp.ReferenceOTU10847 Even1_322904	*
N	*	96	*	*	*	*	*	New.CleanUp.ReferenceOTU10850 Even1_394078	*
N	*	77	*	*	*	*	*	New.CleanUp.ReferenceOTU10859 Even3_397460	*
N	*	95	*	*	*	*	*	New.CleanUp.ReferenceOTU1086 Even2_384393	*
N	*	82	*	*	*	*	*	New.CleanUp.ReferenceOTU10865 Even1_54108	*
N	*	77	*	*	*	*	*	New.CleanUp.ReferenceOTU10866 Even3_227219	*
N	*	100	*	*	*	*	*	New.CleanUp.ReferenceOTU10873 Even3_8808	*
N	*	100	*	*	*	*	*	New.CleanUp.ReferenceOTU10874 Even3_162977	*
N	*	100	*	*	*	*	*	New.CleanUp.ReferenceOTU10875 Even1_6557	*
N	*	100	*	*	*	*	*	New.CleanUp.ReferenceOTU10876 Even2_381713	*
N	*	94	*	*	*	*	*	New.CleanUp.ReferenceOTU10880 Even2_371179	*
N	*	89	*	*	*	*	*	New.CleanUp.ReferenceOTU10882 Even1_371800	*
N	*	96	*	*	*	*	*	New.CleanUp.ReferenceOTU10884 Even1_371803	*
N	*	100	*	*	*	*	*	New.CleanUp.ReferenceOTU10886 Even3_104832	*
N	*	87	*	*	*	*	*	New.CleanUp.ReferenceOTU10889 Even3_7753	*
N	*	84	*	*	*	*	*	New.CleanUp.ReferenceOTU10890 Even2_313843	*
N	*	100	*	*	*	*	*	New.CleanUp.ReferenceOTU10893 Even2_393689	*
N	*	88	*	*	*	*	*	New.CleanUp.ReferenceOTU10894 Even3_96936	*
N	*	95	*	*	*	*	*	New.CleanUp.ReferenceOTU10899 Even2_360192	*
N	*	100	*	*	*	*	*	New.CleanUp.ReferenceOTU10903 Even1_281402	*
N	*	79	*	*	*	*	*	New.CleanUp.ReferenceOTU10905 Even3_200824	*
N	*	91	*	*	*	*	*	New.CleanUp.ReferenceOTU10906 Even2_266046	*
N	*	100	*	*	*	*	*	New.CleanUp.ReferenceOTU10908 Even3_224890	*
N	*	93	*	*	*	*	*	New.CleanUp.ReferenceOTU10909 Even3_381890	*
N	*	82	*	*	*	*	*	New.CleanUp.ReferenceOTU10915 Even3_31343	*
N	*	92	*	*	*	*	*	New.CleanUp.ReferenceOTU10917 Even3_23339	*
N	*	77	*	*	*	*	*	New.CleanUp.ReferenceOTU1092 Even3_237834	*
N	*	100	*	*	*	*	*	New.CleanUp.ReferenceOTU10925 Even2_360449	*
N	*	79	*	*	*	*	*	New.CleanUp.ReferenceOTU10929 Even2_63353	*
N	*	85	*	*	*	*	*	New.CleanUp.ReferenceOTU10937 Even3_393544	*
N	*	100	*	*	*	*	*	New.CleanUp.ReferenceOTU10941 Even2_290427	*
N	*	100	*	*	*	*	*	New.CleanUp.ReferenceOTU10942 Even2_290421	*
N	*	100	*	*	*	*	*	New.CleanUp.ReferenceOTU10946 Even2_383717	*
N	*	94	*	*	*	*	*	New.CleanUp.ReferenceOTU10949 Even3_390956	*
N	*	100	*	*	*	*	*	New.CleanUp.ReferenceOTU10955 Even3_314035	*
N	*	100	*	*	*	*	*	New.CleanUp.ReferenceOTU10964 Even3_310242	*
N	*	100	*	*	*	*	*	New.CleanUp.ReferenceOTU10965 Even2_57362	*
N	*	100	*	*	*	*	*	New.CleanUp.ReferenceOTU10966 Even3_79982	*
N	*	96	*	*	*	*	*	New.CleanUp.ReferenceOTU10968 Even2_323690	*
N	*	84	*	*	*	*	*	New.CleanUp.ReferenceOTU10969 Even1_395227	*
N	*	94	*	*	*	*	*	New.CleanUp.ReferenceOTU10974 Even3_79429	*
N	*	84	*	*	*	*	*	New.CleanUp.ReferenceOTU10977 Even1_221109	*
N	*	95	*	*	*	*	*	New.CleanUp.ReferenceOTU1098 Even2_363644	*
N	*	100	*	*	*	*	*	New.CleanUp.ReferenceOTU10983 Even1_351175	*
N	*	100	*	*	*	*	*	New.CleanUp.ReferenceOTU10985 Even2_16408	*
N	*	79	*	*	*	*	*	New.CleanUp.ReferenceOTU10994 Even3_13808	*
N	*	96	*	*	*	*	*	New.CleanUp.ReferenceOTU10995 Even3_369329	*
N	*	84	*	*	*	*	*	New.CleanUp.ReferenceOTU10996 Even1_195552	*
N	*	100	*	*	*	*	*	New.CleanUp.ReferenceOTU10997 Even1_359511	*
N	*	100	*	*	*	*	*	New.CleanUp.ReferenceOTU10999 Even3_96201	*
N	*	100	*	*	*	*	*	New.CleanUp.ReferenceOTU110 Even2_395256	*
N	*	86	*	*	*	*	*	New.CleanUp.ReferenceOTU11000 Even3_375588	*
N	*	96	*	*	*	*	*	New.CleanUp.ReferenceOTU11001 Even2_378907	*
N	*	77	*	*	*	*	*	New.CleanUp.ReferenceOTU11004 Even2_118849	*
N	*	93	*	*	*	*	*	New.CleanUp.ReferenceOTU11007 Even3_281733	*
N	*	100	*	*	*	*	*	New.CleanUp.ReferenceOTU11009 Even3_381715	*
N	*	100	*	*	*	*	*	New.CleanUp.ReferenceOTU1101 Even1_306007	*
N	*	100	*	*	*	*	*	New.CleanUp.ReferenceOTU11012 Even2_234155	*
N	*	95	*	*	*	*	*	New.CleanUp.ReferenceOTU11016 Even1_45350	*
N	*	100	*	*	*	*	*	New.CleanUp.ReferenceOTU1102 Even1_281565	*
N	*	100	*	*	*	*	*	New.CleanUp.ReferenceOTU11021 Even3_384069	*
N	*	100	*	*	*	*	*	New.CleanUp.ReferenceOTU11027 Even1_380997	*
N	*	81	*	*	*	*	*	New.CleanUp.ReferenceOTU11028 Even1_16071	*
N	*	100	*	*	*	*	*	New.CleanUp.ReferenceOTU11033 Even2_162621	*
N	*	93	*	*	*	*	*	New.CleanUp.ReferenceOTU11037 Even3_309831	*
N	*	95	*	*	*	*	*	New.CleanUp.ReferenceOTU11042 Even1_388619	*
N	*	90	*	*	*	*	*	New.CleanUp.ReferenceOTU1106 Even3_389408	*
N	*	80	*	*	*	*	*	New.CleanUp.ReferenceOTU11060 Even1_29830	*
N	*	100	*	*	*	*	*	New.CleanUp.ReferenceOTU11067 Even2_388154	*
N	*	93	*	*	*	*	*	New.CleanUp.ReferenceOTU11071 Even1_253423	*
N	*	100	*	*	*	*	*	New.CleanUp.ReferenceOTU11073 Even2_54039	*
N	*	92	*	*	*	*	*	New.CleanUp.ReferenceOTU11076 Even1_11703	*
N	*	100	*	*	*	*	*	New.CleanUp.ReferenceOTU11077 Even1_351214	*
N	*	100	*	*	*	*	*	New.CleanUp.ReferenceOTU11079 Even2_372086	*
N	*	100	*	*	*	*	*	New.CleanUp.ReferenceOTU11087 Even1_328524	*
N	*	100	*	*	*	*	*	New.CleanUp.ReferenceOTU11088 Even1_328520	*
N	*	85	*	*	*	*	*	New.CleanUp.ReferenceOTU11093 Even1_289578	*
N	*	100	*	*	*	*	*	New.CleanUp.ReferenceOTU11098 Even1_5165	*
N	*	100	*	*	*	*	*	New.CleanUp.ReferenceOTU111 Even2_395254	*
N	*	81	*	*	*	*	*	New.CleanUp.ReferenceOTU11102 Even2_295772	*
N	*	88	*	*	*	*	*	New.CleanUp.ReferenceOTU1111 Even1_363373	*
N	*	92	*	*	*	*	*	New.CleanUp.ReferenceOTU11114 Even3_207616	*
N	*	76	*	*	*	*	*	New.CleanUp.ReferenceOTU11115 Even3_4823	*
N	*	96	*	*	*	*	*	New.CleanUp.ReferenceOTU11121 Even3_162706	*
N	*	100	*	*	*	*	*	New.CleanUp.ReferenceOTU11125 Even3_386741	*
N	*	100	*	*	*	*	*	New.CleanUp.ReferenceOTU11129 Even2_322119	*
N	*	83	*	*	*	*	*	New.CleanUp.ReferenceOTU1113 Even3_263679	*
N	*	94	*	*	*	*	*	New.CleanUp.ReferenceOTU11131 Even2_367416	*
N	*	96	*	*	*	*	*	New.CleanUp.ReferenceOTU11139 Even3_18923	*
N	*	100	*	*	*	*	*	New.CleanUp.ReferenceOTU11142 Even2_267504	*
N	*	92	*	*	*	*	*	New.CleanUp.ReferenceOTU11145 Even2_133454	*
N	*	100	*	*	*	*	*	New.CleanUp.ReferenceOTU11149 Even3_386607	*
N	*	91	*	*	*	*	*	New.CleanUp.ReferenceOTU11157 Even3_360373	*
N	*	90	*	*	*	*	*	New.CleanUp.ReferenceOTU11162 Even2_219299	*
N	*	100	*	*	*	*	*	New.CleanUp.ReferenceOTU11165 Even1_318622	*
N	*	96	*	*	*	*	*	New.CleanUp.ReferenceOTU11169 Even3_393568	*
N	*	100	*	*	*	*	*	New.CleanUp.ReferenceOTU11180 Even3_281500	*
N	*	93	*	*	*	*	*	New.CleanUp.ReferenceOTU11181 Even2_280622	*
N	*	100	*	*	*	*	*	New.CleanUp.ReferenceOTU11188 Even3_397227	*
N	*	95	*	*	*	*	*	New.CleanUp.ReferenceOTU11189 Even2_335973	*
N	*	83	*	*	*	*	*	New.CleanUp.ReferenceOTU11190 Even1_314367	*
N	*	100	*	*	*	*	*	New.CleanUp.ReferenceOTU11192 Even2_388732	*
N	*	83	*	*	*	*	*	New.CleanUp.ReferenceOTU11196 Even2_22964	*
N	*	100	*	*	*	*	*	New.CleanUp.ReferenceOTU11202 Even3_393696	*
N	*	87	*	*	*	*	*	New.CleanUp.ReferenceOTU11204 Even2_299694	*
N	*	100	*	*	*	*	*	New.CleanUp.ReferenceOTU11206 Even1_383853	*
N	*	84	*	*	*	*	*	New.CleanUp.ReferenceOTU11209 Even3_57046	*
N	*	79	*	*	*	*	*	New.CleanUp.ReferenceOTU11210 Even1_371273	*
N	*	100	*	*	*	*	*	New.CleanUp.ReferenceOTU11211 Even2_29952	*
N	*	100	*	*	*	*	*	New.CleanUp.ReferenceOTU11212 Even2_388711	*
N	*	84	*	*	*	*	*	New.CleanUp.ReferenceOTU11216 Even3_148201	*
N	*	95	*	*	*	*	*	New.CleanUp.ReferenceOTU1122 Even1_5765	*
N	*	100	*	*	*	*	*	New.CleanUp.ReferenceOTU11221 Even3_81144	*
N	*	100	*	*	*	*	*	New.CleanUp.ReferenceOTU11230 Even1_391082	*
N	*	100	*	*	*	*	*	New.CleanUp.ReferenceOTU11232 Even3_391123	*
N	*	100	*	*	*	*	*	New.CleanUp.ReferenceOTU11233 Even1_70241	*
N	*	92	*	*	*	*	*	New.CleanUp.ReferenceOTU11238 Even2_375537	*
N	*	90	*	*	*	*	*	New.CleanUp.ReferenceOTU11242 Even2_337829	*
N	*	100	*	*	*	*	*	New.CleanUp.ReferenceOTU11246 Even1_280919	*
N	*	87	*	*	*	*	*	New.CleanUp.ReferenceOTU11253 Even2_34964	*
N	*	100	*	*	*	*	*	New.CleanUp.ReferenceOTU11254 Even2_310033	*
N	*	100	*	*	*	*	*	New.CleanUp.ReferenceOTU11256 Even1_164491	*
N	*	94	*	*	*	*	*	New.CleanUp.ReferenceOTU11257 Even3_388298	*
N	*	100	*	*	*	*	*	New.CleanUp.ReferenceOTU11258 Even3_390885	*
N	*	100	*	*	*	*	*	New.CleanUp.ReferenceOTU11263 Even1_212522	*
N	*	81	*	*	*	*	*	New.CleanUp.ReferenceOTU11270 Even1_62772	*
N	*	92	*	*	*	*	*	New.CleanUp.ReferenceOTU11275 Even3_266167	*
N	*	79	*	*	*	*	*	New.CleanUp.ReferenceOTU11277 Even3_199720	*
N	*	80	*	*	*	*	*	New.CleanUp.ReferenceOTU11278 Even3_260245	*
N	*	85	*	*	*	*	*	New.CleanUp.ReferenceOTU11280 Even2_395376	*
N	*	83	*	*	*	*	*	New.CleanUp.ReferenceOTU11283 Even3_231985	*
N	*	96	*	*	*	*	*	New.CleanUp.ReferenceOTU11289 Even1_275924	*
N	*	100	*	*	*	*	*	New.CleanUp.ReferenceOTU11293 Even2_392878	*
N	*	100	*	*	*	*	*	New.CleanUp.ReferenceOTU11294 Even2_391005	*
N	*	94	*	*	*	*	*	New.CleanUp.ReferenceOTU11296 Even2_278953	*
N	*	100	*	*	*	*	*	New.CleanUp.ReferenceOTU11302 Even3_276309	*
N	*	93	*	*	*	*	*	New.CleanUp.ReferenceOTU11304 Even3_6851	*
N	*	100	*	*	*	*	*	New.CleanUp.ReferenceOTU11305 Even2_368612	*
N	*	80	*	*	*	*	*	New.CleanUp.ReferenceOTU11307 Even3_237499	*
N	*	100	*	*	*	*	*	New.CleanUp.ReferenceOTU11318 Even2_281361	*
N	*	100	*	*	*	*	*	New.CleanUp.ReferenceOTU11320 Even3_388740	*
N	*	100	*	*	*	*	*	New.CleanUp.ReferenceOTU11322 Even2_371754	*
N	*	100	*	*	*	*	*	New.CleanUp.ReferenceOTU11324 Even2_368614	*
N	*	100	*	*	*	*	*	New.CleanUp.ReferenceOTU11325 Even1_104721	*
N	*	100	*	*	*	*	*	New.CleanUp.ReferenceOTU11327 Even3_33067	*
N	*	81	*	*	*	*	*	New.CleanUp.ReferenceOTU11335 Even2_1091	*
N	*	84	*	*	*	*	*	New.CleanUp.ReferenceOTU1134 Even3_103371	*
N	*	81	*	*	*	*	*	New.CleanUp.ReferenceOTU11340 Even2_281506	*
N	*	82	*	*	*	*	*	New.CleanUp.ReferenceOTU11341 Even3_271071	*
N	*	100	*	*	*	*	*	New.CleanUp.ReferenceOTU11343 Even3_35664	*
N	*	100	*	*	*	*	*	New.CleanUp.ReferenceOTU11344 Even1_185427	*
N	*	100	*	*	*	*	*	New.CleanUp.ReferenceOTU11346 Even3_280661	*
N	*	100	*	*	*	*	*	New.CleanUp.ReferenceOTU11348 Even3_264493	*
N	*	84	*	*	*	*	*	New.CleanUp.ReferenceOTU11349 Even1_351158	*
N	*	81	*	*	*	*	*	New.CleanUp.ReferenceOTU11351 Even3_264497	*
N	*	100	*	*	*	*	*	New.CleanUp.ReferenceOTU11352 Even3_264498	*
N	*	100	*	*	*	*	*	New.CleanUp.ReferenceOTU11361 Even1_92998	*
N	*	85	*	*	*	*	*	New.CleanUp.ReferenceOTU11370 Even3_280592	*
N	*	100	*	*	*	*	*	New.CleanUp.ReferenceOTU11380 Even2_360462	*
N	*	84	*	*	*	*	*	New.CleanUp.ReferenceOTU11387 Even2_366605	*
N	*	100	*	*	*	*	*	New.CleanUp.ReferenceOTU11388 Even2_290194	*
N	*	91	*	*	*	*	*	New.CleanUp.ReferenceOTU11395 Even3_279026	*
N	*	100	*	*	*	*	*	New.CleanUp.ReferenceOTU11396 Even2_117225	*
N	*	100	*	*	*	*	*	New.CleanUp.ReferenceOTU11397 Even3_279024	*
N	*	100	*	*	*	*	*	New.CleanUp.ReferenceOTU11399 Even2_48117	*
N	*	81	*	*	*	*	*	New.CleanUp.ReferenceOTU114 Even3_211333	*
N	*	87	*	*	*	*	*	New.CleanUp.ReferenceOTU11401 Even2_364557	*
N	*	93	*	*	*	*	*	New.CleanUp.ReferenceOTU11402 Even3_290270	*
N	*	100	*	*	*	*	*	New.CleanUp.ReferenceOTU11404 Even1_149165	*
N	*	100	*	*	*	*	*	New.CleanUp.ReferenceOTU11408 Even3_315274	*
N	*	100	*	*	*	*	*	New.CleanUp.ReferenceOTU11411 Even3_346538	*
N	*	91	*	*	*	*	*	New.CleanUp.ReferenceOTU11412 Even1_291266	*
N	*	95	*	*	*	*	*	New.CleanUp.ReferenceOTU11414 Even3_381745	*
N	*	83	*	*	*	*	*	New.CleanUp.ReferenceOTU11422 Even3_360491	*
N	*	76	*	*	*	*	*	New.CleanUp.ReferenceOTU11425 Even1_272446	*
N	*	100	*	*	*	*	*	New.CleanUp.ReferenceOTU11428 Even2_80877	*
N	*	76	*	*	*	*	*	New.CleanUp.ReferenceOTU11429 Even2_367956	*
N	*	100	*	*	*	*	*	New.CleanUp.ReferenceOTU11432 Even3_360634	*
N	*	80	*	*	*	*	*	New.CleanUp.ReferenceOTU11434 Even1_301554	*
N	*	100	*	*	*	*	*	New.CleanUp.ReferenceOTU11438 Even2_375510	*
N	*	81	*	*	*	*	*	New.CleanUp.ReferenceOTU11447 Even1_129630	*
N	*	100	*	*	*	*	*	New.CleanUp.ReferenceOTU11452 Even1_390635	*
N	*	80	*	*	*	*	*	New.CleanUp.ReferenceOTU11454 Even1_373431	*
N	*	100	*	*	*	*	*	New.CleanUp.ReferenceOTU11456 Even3_16221	*
N	*	76	*	*	*	*	*	New.CleanUp.ReferenceOTU11460 Even1_197551	*
N	*	95	*	*	*	*	*	New.CleanUp.ReferenceOTU11464 Even1_179007	*
N	*	82	*	*	*	*	*	New.CleanUp.ReferenceOTU11470 Even3_148070	*
N	*	100	*	*	*	*	*	New.CleanUp.ReferenceOTU11471 Even1_364499	*
N	*	76	*	*	*	*	*	New.CleanUp.ReferenceOTU11472 Even3_395104	*
N	*	79	*	*	*	*	*	New.CleanUp.ReferenceOTU11473 Even2_337456	*
N	*	100	*	*	*	*	*	New.CleanUp.ReferenceOTU11475 Even3_375592	*
N	*	100	*	*	*	*	*	New.CleanUp.ReferenceOTU11478 Even2_173193	*
N	*	100	*	*	*	*	*	New.CleanUp.ReferenceOTU1148 Even3_186284	*
N	*	100	*	*	*	*	*	New.CleanUp.ReferenceOTU11481 Even2_173197	*
N	*	100	*	*	*	*	*	New.CleanUp.ReferenceOTU11485 Even2_166389	*
N	*	100	*	*	*	*	*	New.CleanUp.ReferenceOTU11488 Even1_105050	*
N	*	76	*	*	*	*	*	New.CleanUp.ReferenceOTU11494 Even3_278041	*
N	*	76	*	*	*	*	*	New.CleanUp.ReferenceOTU11497 Even1_367678	*
N	*	100	*	*	*	*	*	New.CleanUp.ReferenceOTU11500 Even1_7880	*
N	*	93	*	*	*	*	*	New.CleanUp.ReferenceOTU11501 Even2_35407	*
N	*	100	*	*	*	*	*	New.CleanUp.ReferenceOTU11505 Even2_77470	*
N	*	100	*	*	*	*	*	New.CleanUp.ReferenceOTU11506 Even1_380977	*
N	*	83	*	*	*	*	*	New.CleanUp.ReferenceOTU11510 Even2_388500	*
N	*	86	*	*	*	*	*	New.CleanUp.ReferenceOTU11512 Even3_227750	*
N	*	93	*	*	*	*	*	New.CleanUp.ReferenceOTU11513 Even2_299483	*
N	*	100	*	*	*	*	*	New.CleanUp.ReferenceOTU11514 Even1_74410	*
N	*	76	*	*	*	*	*	New.CleanUp.ReferenceOTU11515 Even2_375140	*
N	*	100	*	*	*	*	*	New.CleanUp.ReferenceOTU11521 Even1_281163	*
N	*	85	*	*	*	*	*	New.CleanUp.ReferenceOTU11529 Even1_11548	*
N	*	100	*	*	*	*	*	New.CleanUp.ReferenceOTU1153 Even1_386171	*
N	*	90	*	*	*	*	*	New.CleanUp.ReferenceOTU11537 Even3_120124	*
N	*	100	*	*	*	*	*	New.CleanUp.ReferenceOTU11538 Even2_281468	*
N	*	96	*	*	*	*	*	New.CleanUp.ReferenceOTU11540 Even3_286297	*
N	*	100	*	*	*	*	*	New.CleanUp.ReferenceOTU11545 Even1_367846	*
N	*	91	*	*	*	*	*	New.CleanUp.ReferenceOTU11547 Even2_258174	*
N	*	96	*	*	*	*	*	New.CleanUp.ReferenceOTU11549 Even2_370809	*
N	*	81	*	*	*	*	*	New.CleanUp.ReferenceOTU11552 Even1_147037	*
N	*	83	*	*	*	*	*	New.CleanUp.ReferenceOTU11554 Even1_355759	*
N	*	93	*	*	*	*	*	New.CleanUp.ReferenceOTU11556 Even3_187400	*
N	*	92	*	*	*	*	*	New.CleanUp.ReferenceOTU11557 Even2_138286	*
N	*	100	*	*	*	*	*	New.CleanUp.ReferenceOTU11559 Even2_39989	*
N	*	100	*	*	*	*	*	New.CleanUp.ReferenceOTU1156 Even1_390116	*
N	*	83	*	*	*	*	*	New.CleanUp.ReferenceOTU11562 Even3_110049	*
N	*	94	*	*	*	*	*	New.CleanUp.ReferenceOTU11563 Even1_168394	*
N	*	100	*	*	*	*	*	New.CleanUp.ReferenceOTU11571 Even3_372083	*
N	*	95	*	*	*	*	*	New.CleanUp.ReferenceOTU11579 Even2_367499	*
N	*	94	*	*	*	*	*	New.CleanUp.ReferenceOTU11584 Even2_281195	*
N	*	76	*	*	*	*	*	New.CleanUp.ReferenceOTU11587 Even2_384242	*
N	*	76	*	*	*	*	*	New.CleanUp.ReferenceOTU11599 Even3_267603	*
N	*	100	*	*	*	*	*	New.CleanUp.ReferenceOTU116 Even2_281307	*
N	*	100	*	*	*	*	*	New.CleanUp.ReferenceOTU1160 Even2_26339	*
N	*	100	*	*	*	*	*	New.CleanUp.ReferenceOTU11600 Even3_386197	*
N	*	89	*	*	*	*	*	New.CleanUp.ReferenceOTU11601 Even1_72922	*
N	*	80	*	*	*	*	*	New.CleanUp.ReferenceOTU11602 Even1_278931	*
N	*	100	*	*	*	*	*	New.CleanUp.ReferenceOTU11603 Even3_280430	*
N	*	76	*	*	*	*	*	New.CleanUp.ReferenceOTU11607 Even2_105329	*
N	*	91	*	*	*	*	*	New.CleanUp.ReferenceOTU11609 Even2_1961	*
N	*	80	*	*	*	*	*	New.CleanUp.ReferenceOTU11624 Even3_388821	*
N	*	100	*	*	*	*	*	New.CleanUp.ReferenceOTU11626 Even2_299559	*
N	*	100	*	*	*	*	*	New.CleanUp.ReferenceOTU1163 Even1_14393	*
N	*	83	*	*	*	*	*	New.CleanUp.ReferenceOTU11631 Even2_7573	*
N	*	88	*	*	*	*	*	New.CleanUp.ReferenceOTU11636 Even3_397427	*
N	*	100	*	*	*	*	*	New.CleanUp.ReferenceOTU11638 Even3_178532	*
N	*	88	*	*	*	*	*	New.CleanUp.ReferenceOTU11639 Even2_283735	*
N	*	100	*	*	*	*	*	New.CleanUp.ReferenceOTU11648 Even2_49452	*
N	*	100	*	*	*	*	*	New.CleanUp.ReferenceOTU1165 Even3_305492	*
N	*	81	*	*	*	*	*	New.CleanUp.ReferenceOTU11652 Even2_133413	*
N	*	95	*	*	*	*	*	New.CleanUp.ReferenceOTU11656 Even3_383820	*
N	*	100	*	*	*	*	*	New.CleanUp.ReferenceOTU11657 Even3_274945	*
N	*	77	*	*	*	*	*	New.CleanUp.ReferenceOTU11667 Even1_337270	*
N	*	86	*	*	*	*	*	New.CleanUp.ReferenceOTU11668 Even3_31734	*
N	*	95	*	*	*	*	*	New.CleanUp.ReferenceOTU11674 Even1_388310	*
N	*	85	*	*	*	*	*	New.CleanUp.ReferenceOTU11677 Even3_388650	*
N	*	100	*	*	*	*	*	New.CleanUp.ReferenceOTU1168 Even2_114837	*
N	*	96	*	*	*	*	*	New.CleanUp.ReferenceOTU11682 Even2_388773	*
N	*	95	*	*	*	*	*	New.CleanUp.ReferenceOTU11688 Even1_388098	*
N	*	76	*	*	*	*	*	New.CleanUp.ReferenceOTU11692 Even1_385750	*
N	*	86	*	*	*	*	*	New.CleanUp.ReferenceOTU11697 Even1_219212	*
N	*	100	*	*	*	*	*	New.CleanUp.ReferenceOTU11705 Even3_81296	*
N	*	100	*	*	*	*	*	New.CleanUp.ReferenceOTU11708 Even1_151802	*
N	*	80	*	*	*	*	*	New.CleanUp.ReferenceOTU11711 Even2_205632	*
N	*	83	*	*	*	*	*	New.CleanUp.ReferenceOTU11715 Even2_375557	*
N	*	93	*	*	*	*	*	New.CleanUp.ReferenceOTU1172 Even3_90428	*
N	*	100	*	*	*	*	*	New.CleanUp.ReferenceOTU11720 Even2_363870	*
N	*	78	*	*	*	*	*	New.CleanUp.ReferenceOTU11726 Even1_280973	*
N	*	82	*	*	*	*	*	New.CleanUp.ReferenceOTU11728 Even1_280974	*
N	*	95	*	*	*	*	*	New.CleanUp.ReferenceOTU11742 Even2_380970	*
N	*	100	*	*	*	*	*	New.CleanUp.ReferenceOTU11746 Even1_261828	*
N	*	100	*	*	*	*	*	New.CleanUp.ReferenceOTU11747 Even3_378653	*
N	*	100	*	*	*	*	*	New.CleanUp.ReferenceOTU11754 Even1_364684	*
N	*	100	*	*	*	*	*	New.CleanUp.ReferenceOTU11759 Even1_364688	*
N	*	100	*	*	*	*	*	New.CleanUp.ReferenceOTU11761 Even3_133385	*
N	*	100	*	*	*	*	*	New.CleanUp.ReferenceOTU11762 Even1_366423	*
N	*	100	*	*	*	*	*	New.CleanUp.ReferenceOTU11765 Even3_341556	*
N	*	77	*	*	*	*	*	New.CleanUp.ReferenceOTU11771 Even1_320540	*
N	*	100	*	*	*	*	*	New.CleanUp.ReferenceOTU11772 Even1_25512	*
N	*	90	*	*	*	*	*	New.CleanUp.ReferenceOTU11777 Even1_280797	*
N	*	100	*	*	*	*	*	New.CleanUp.ReferenceOTU1178 Even1_333156	*
N	*	95	*	*	*	*	*	New.CleanUp.ReferenceOTU11789 Even1_286539	*
N	*	100	*	*	*	*	*	New.CleanUp.ReferenceOTU11796 Even2_281345	*
N	*	92	*	*	*	*	*	New.CleanUp.ReferenceOTU11803 Even2_26533	*
N	*	100	*	*	*	*	*	New.CleanUp.ReferenceOTU11807 Even1_330886	*
N	*	84	*	*	*	*	*	New.CleanUp.ReferenceOTU11809 Even1_66650	*
N	*	80	*	*	*	*	*	New.CleanUp.ReferenceOTU11812 Even1_11376	*
N	*	90	*	*	*	*	*	New.CleanUp.ReferenceOTU11814 Even3_114601	*
N	*	84	*	*	*	*	*	New.CleanUp.ReferenceOTU11816 Even1_275926	*
N	*	100	*	*	*	*	*	New.CleanUp.ReferenceOTU11829 Even3_328096	*
N	*	100	*	*	*	*	*	New.CleanUp.ReferenceOTU1183 Even3_136755	*
N	*	88	*	*	*	*	*	New.CleanUp.ReferenceOTU11833 Even3_40223	*
N	*	94	*	*	*	*	*	New.CleanUp.ReferenceOTU11837 Even3_271676	*
N	*	100	*	*	*	*	*	New.CleanUp.ReferenceOTU11838 Even1_351177	*
N	*	100	*	*	*	*	*	New.CleanUp.ReferenceOTU1184 Even3_378694	*
N	*	85	*	*	*	*	*	New.CleanUp.ReferenceOTU11843 Even2_381753	*
N	*	100	*	*	*	*	*	New.CleanUp.ReferenceOTU11844 Even2_384508	*
N	*	100	*	*	*	*	*	New.CleanUp.ReferenceOTU1185 Even3_378696	*
N	*	100	*	*	*	*	*	New.CleanUp.ReferenceOTU11852 Even2_375316	*
N	*	100	*	*	*	*	*	New.CleanUp.ReferenceOTU11854 Even2_375312	*
N	*	100	*	*	*	*	*	New.CleanUp.ReferenceOTU11862 Even1_96775	*
N	*	100	*	*	*	*	*	New.CleanUp.ReferenceOTU11863 Even2_281831	*
N	*	82	*	*	*	*	*	New.CleanUp.ReferenceOTU11864 Even3_279003	*
N	*	100	*	*	*	*	*	New.CleanUp.ReferenceOTU11883 Even1_102162	*
N	*	100	*	*	*	*	*	New.CleanUp.ReferenceOTU11884 Even3_65981	*
N	*	82	*	*	*	*	*	New.CleanUp.ReferenceOTU11888 Even2_123582	*
N	*	100	*	*	*	*	*	New.CleanUp.ReferenceOTU11897 Even1_305325	*
N	*	96	*	*	*	*	*	New.CleanUp.ReferenceOTU119 Even3_363339	*
N	*	100	*	*	*	*	*	New.CleanUp.ReferenceOTU11904 Even1_381417	*
N	*	83	*	*	*	*	*	New.CleanUp.ReferenceOTU11907 Even3_301928	*
N	*	82	*	*	*	*	*	New.CleanUp.ReferenceOTU1191 Even2_397027	*
N	*	96	*	*	*	*	*	New.CleanUp.ReferenceOTU11910 Even2_367974	*
N	*	100	*	*	*	*	*	New.CleanUp.ReferenceOTU11915 Even2_261903	*
N	*	92	*	*	*	*	*	New.CleanUp.ReferenceOTU11920 Even3_272232	*
N	*	100	*	*	*	*	*	New.CleanUp.ReferenceOTU11923 Even1_384121	*
N	*	95	*	*	*	*	*	New.CleanUp.ReferenceOTU11928 Even1_333505	*
N	*	84	*	*	*	*	*	New.CleanUp.ReferenceOTU11939 Even1_50996	*
N	*	100	*	*	*	*	*	New.CleanUp.ReferenceOTU1194 Even1_368441	*
N	*	100	*	*	*	*	*	New.CleanUp.ReferenceOTU11940 Even3_310206	*
N	*	100	*	*	*	*	*	New.CleanUp.ReferenceOTU11942 Even3_102254	*
N	*	100	*	*	*	*	*	New.CleanUp.ReferenceOTU11946 Even1_149001	*
N	*	100	*	*	*	*	*	New.CleanUp.ReferenceOTU11949 Even3_11623	*
N	*	100	*	*	*	*	*	New.CleanUp.ReferenceOTU11952 Even1_356706	*
N	*	100	*	*	*	*	*	New.CleanUp.ReferenceOTU11960 Even2_187751	*
N	*	100	*	*	*	*	*	New.CleanUp.ReferenceOTU11963 Even3_3079	*
N	*	100	*	*	*	*	*	New.CleanUp.ReferenceOTU11970 Even2_388697	*
N	*	100	*	*	*	*	*	New.CleanUp.ReferenceOTU11975 Even1_367656	*
N	*	100	*	*	*	*	*	New.CleanUp.ReferenceOTU11978 Even2_29584	*
N	*	85	*	*	*	*	*	New.CleanUp.ReferenceOTU11981 Even3_333395	*
N	*	100	*	*	*	*	*	New.CleanUp.ReferenceOTU11983 Even3_395387	*
N	*	80	*	*	*	*	*	New.CleanUp.ReferenceOTU11984 Even1_388808	*
N	*	76	*	*	*	*	*	New.CleanUp.ReferenceOTU11992 Even3_388339	*
N	*	100	*	*	*	*	*	New.CleanUp.ReferenceOTU11996 Even2_1771	*
N	*	82	*	*	*	*	*	New.CleanUp.ReferenceOTU11998 Even3_323513	*
N	*	100	*	*	*	*	*	New.CleanUp.ReferenceOTU12001 Even3_154044	*
N	*	91	*	*	*	*	*	New.CleanUp.ReferenceOTU12004 Even3_323518	*
N	*	96	*	*	*	*	*	New.CleanUp.ReferenceOTU12009 Even3_139081	*
N	*	77	*	*	*	*	*	New.CleanUp.ReferenceOTU12011 Even3_365938	*
N	*	82	*	*	*	*	*	New.CleanUp.ReferenceOTU12015 Even3_25239	*
N	*	89	*	*	*	*	*	New.CleanUp.ReferenceOTU12016 Even2_311075	*
N	*	100	*	*	*	*	*	New.CleanUp.ReferenceOTU12017 Even2_348875	*
N	*	78	*	*	*	*	*	New.CleanUp.ReferenceOTU12024 Even3_368545	*
N	*	89	*	*	*	*	*	New.CleanUp.ReferenceOTU12037 Even2_359147	*
N	*	84	*	*	*	*	*	New.CleanUp.ReferenceOTU12038 Even2_150211	*
N	*	78	*	*	*	*	*	New.CleanUp.ReferenceOTU12044 Even1_169642	*
N	*	95	*	*	*	*	*	New.CleanUp.ReferenceOTU12047 Even3_367631	*
N	*	100	*	*	*	*	*	New.CleanUp.ReferenceOTU1205 Even3_74588	*
N	*	95	*	*	*	*	*	New.CleanUp.ReferenceOTU12053 Even3_333531	*
N	*	100	*	*	*	*	*	New.CleanUp.ReferenceOTU12055 Even3_383695	*
N	*	94	*	*	*	*	*	New.CleanUp.ReferenceOTU12060 Even1_206382	*
N	*	100	*	*	*	*	*	New.CleanUp.ReferenceOTU12063 Even1_58506	*
N	*	92	*	*	*	*	*	New.CleanUp.ReferenceOTU12064 Even1_260835	*
N	*	85	*	*	*	*	*	New.CleanUp.ReferenceOTU12066 Even3_356617	*
N	*	100	*	*	*	*	*	New.CleanUp.ReferenceOTU12069 Even3_129548	*
N	*	81	*	*	*	*	*	New.CleanUp.ReferenceOTU12080 Even1_244911	*
N	*	100	*	*	*	*	*	New.CleanUp.ReferenceOTU12081 Even1_225431	*
N	*	96	*	*	*	*	*	New.CleanUp.ReferenceOTU12082 Even1_374649	*
N	*	100	*	*	*	*	*	New.CleanUp.ReferenceOTU12083 Even1_48303	*
N	*	82	*	*	*	*	*	New.CleanUp.ReferenceOTU12090 Even3_131280	*
N	*	92	*	*	*	*	*	New.CleanUp.ReferenceOTU12095 Even3_278998	*
N	*	100	*	*	*	*	*	New.CleanUp.ReferenceOTU12097 Even3_281015	*
N	*	89	*	*	*	*	*	New.CleanUp.ReferenceOTU12098 Even1_286678	*
N	*	86	*	*	*	*	*	New.CleanUp.ReferenceOTU12101 Even2_10159	*
N	*	92	*	*	*	*	*	New.CleanUp.ReferenceOTU12106 Even1_196043	*
N	*	86	*	*	*	*	*	New.CleanUp.ReferenceOTU12110 Even1_385065	*
N	*	92	*	*	*	*	*	New.CleanUp.ReferenceOTU12112 Even1_293852	*
N	*	83	*	*	*	*	*	New.CleanUp.ReferenceOTU12120 Even3_388809	*
N	*	100	*	*	*	*	*	New.CleanUp.ReferenceOTU12123 Even2_158843	*
N	*	95	*	*	*	*	*	New.CleanUp.ReferenceOTU12133 Even3_393521	*
N	*	100	*	*	*	*	*	New.CleanUp.ReferenceOTU12134 Even2_384992	*
N	*	81	*	*	*	*	*	New.CleanUp.ReferenceOTU12138 Even2_381929	*
N	*	76	*	*	*	*	*	New.CleanUp.ReferenceOTU12141 Even3_319957	*
N	*	85	*	*	*	*	*	New.CleanUp.ReferenceOTU12149 Even2_162397	*
N	*	100	*	*	*	*	*	New.CleanUp.ReferenceOTU12150 Even3_281545	*
N	*	100	*	*	*	*	*	New.CleanUp.ReferenceOTU12152 Even3_309597	*
N	*	96	*	*	*	*	*	New.CleanUp.ReferenceOTU12154 Even2_111141	*
N	*	76	*	*	*	*	*	New.CleanUp.ReferenceOTU12155 Even2_364109	*
N	*	100	*	*	*	*	*	New.CleanUp.ReferenceOTU12159 Even2_122668	*
N	*	76	*	*	*	*	*	New.CleanUp.ReferenceOTU1216 Even3_390180	*
N	*	100	*	*	*	*	*	New.CleanUp.ReferenceOTU12165 Even2_360343	*
N	*	80	*	*	*	*	*	New.CleanUp.ReferenceOTU12170 Even1_233433	*
N	*	100	*	*	*	*	*	New.CleanUp.ReferenceOTU12172 Even3_371983	*
N	*	100	*	*	*	*	*	New.CleanUp.ReferenceOTU12175 Even2_388754	*
N	*	100	*	*	*	*	*	New.CleanUp.ReferenceOTU12180 Even1_210259	*
N	*	91	*	*	*	*	*	New.CleanUp.ReferenceOTU12181 Even1_7785	*
N	*	100	*	*	*	*	*	New.CleanUp.ReferenceOTU12188 Even2_90576	*
N	*	94	*	*	*	*	*	New.CleanUp.ReferenceOTU12190 Even1_14772	*
N	*	94	*	*	*	*	*	New.CleanUp.ReferenceOTU12196 Even3_394713	*
N	*	80	*	*	*	*	*	New.CleanUp.ReferenceOTU12200 Even3_368712	*
N	*	92	*	*	*	*	*	New.CleanUp.ReferenceOTU12202 Even1_39658	*
N	*	100	*	*	*	*	*	New.CleanUp.ReferenceOTU12203 Even3_121155	*
N	*	100	*	*	*	*	*	New.CleanUp.ReferenceOTU1222 Even2_327989	*
N	*	81	*	*	*	*	*	New.CleanUp.ReferenceOTU12221 Even3_360263	*
N	*	100	*	*	*	*	*	New.CleanUp.ReferenceOTU12222 Even3_107541	*
N	*	100	*	*	*	*	*	New.CleanUp.ReferenceOTU12226 Even3_370852	*
N	*	82	*	*	*	*	*	New.CleanUp.ReferenceOTU12229 Even1_62152	*
N	*	100	*	*	*	*	*	New.CleanUp.ReferenceOTU12232 Even3_375176	*
N	*	90	*	*	*	*	*	New.CleanUp.ReferenceOTU12233 Even1_85552	*
N	*	83	*	*	*	*	*	New.CleanUp.ReferenceOTU12234 Even3_79537	*
N	*	94	*	*	*	*	*	New.CleanUp.ReferenceOTU12236 Even3_378671	*
N	*	100	*	*	*	*	*	New.CleanUp.ReferenceOTU12239 Even1_263505	*
N	*	80	*	*	*	*	*	New.CleanUp.ReferenceOTU1224 Even2_12356	*
N	*	100	*	*	*	*	*	New.CleanUp.ReferenceOTU12241 Even2_277192	*
N	*	93	*	*	*	*	*	New.CleanUp.ReferenceOTU12242 Even1_265852	*
N	*	100	*	*	*	*	*	New.CleanUp.ReferenceOTU12243 Even2_371656	*
N	*	100	*	*	*	*	*	New.CleanUp.ReferenceOTU12245 Even1_368178	*
N	*	100	*	*	*	*	*	New.CleanUp.ReferenceOTU12249 Even3_191575	*
N	*	76	*	*	*	*	*	New.CleanUp.ReferenceOTU1225 Even3_279903	*
N	*	100	*	*	*	*	*	New.CleanUp.ReferenceOTU12254 Even1_274666	*
N	*	79	*	*	*	*	*	New.CleanUp.ReferenceOTU12255 Even2_395332	*
N	*	84	*	*	*	*	*	New.CleanUp.ReferenceOTU12256 Even2_395335	*
N	*	87	*	*	*	*	*	New.CleanUp.ReferenceOTU12259 Even3_193714	*
N	*	80	*	*	*	*	*	New.CleanUp.ReferenceOTU12260 Even2_243190	*
N	*	100	*	*	*	*	*	New.CleanUp.ReferenceOTU12262 Even3_272597	*
N	*	100	*	*	*	*	*	New.CleanUp.ReferenceOTU12271 Even1_313962	*
N	*	100	*	*	*	*	*	New.CleanUp.ReferenceOTU12274 Even3_337847	*
N	*	100	*	*	*	*	*	New.CleanUp.ReferenceOTU12276 Even3_276418	*
N	*	100	*	*	*	*	*	New.CleanUp.ReferenceOTU12277 Even1_98328	*
N	*	94	*	*	*	*	*	New.CleanUp.ReferenceOTU12281 Even2_323516	*
N	*	100	*	*	*	*	*	New.CleanUp.ReferenceOTU12284 Even2_287419	*
N	*	95	*	*	*	*	*	New.CleanUp.ReferenceOTU12287 Even3_388078	*
N	*	86	*	*	*	*	*	New.CleanUp.ReferenceOTU1229 Even1_391641	*
N	*	100	*	*	*	*	*	New.CleanUp.ReferenceOTU12294 Even3_276410	*
N	*	100	*	*	*	*	*	New.CleanUp.ReferenceOTU1230 Even3_385090	*
N	*	78	*	*	*	*	*	New.CleanUp.ReferenceOTU12302 Even3_32284	*
N	*	100	*	*	*	*	*	New.CleanUp.ReferenceOTU12312 Even3_52614	*
N	*	81	*	*	*	*	*	New.CleanUp.ReferenceOTU12313 Even2_270356	*
N	*	87	*	*	*	*	*	New.CleanUp.ReferenceOTU12318 Even3_267100	*
N	*	82	*	*	*	*	*	New.CleanUp.ReferenceOTU1232 Even3_10750	*
N	*	100	*	*	*	*	*	New.CleanUp.ReferenceOTU12332 Even1_42470	*
N	*	91	*	*	*	*	*	New.CleanUp.ReferenceOTU12335 Even3_264455	*
N	*	93	*	*	*	*	*	New.CleanUp.ReferenceOTU12344 Even2_333413	*
N	*	94	*	*	*	*	*	New.CleanUp.ReferenceOTU12345 Even2_375372	*
N	*	81	*	*	*	*	*	New.CleanUp.ReferenceOTU12347 Even2_364732	*
N	*	89	*	*	*	*	*	New.CleanUp.ReferenceOTU12349 Even3_143748	*
N	*	80	*	*	*	*	*	New.CleanUp.ReferenceOTU12350 Even2_376682	*
N	*	93	*	*	*	*	*	New.CleanUp.ReferenceOTU12353 Even3_280084	*
N	*	100	*	*	*	*	*	New.CleanUp.ReferenceOTU12362 Even2_49395	*
N	*	82	*	*	*	*	*	New.CleanUp.ReferenceOTU12365 Even1_38742	*
N	*	94	*	*	*	*	*	New.CleanUp.ReferenceOTU12373 Even2_27615	*
N	*	100	*	*	*	*	*	New.CleanUp.ReferenceOTU12375 Even2_393591	*
N	*	94	*	*	*	*	*	New.CleanUp.ReferenceOTU12377 Even3_2010	*
N	*	83	*	*	*	*	*	New.CleanUp.ReferenceOTU12386 Even2_217850	*
N	*	100	*	*	*	*	*	New.CleanUp.ReferenceOTU12388 Even2_393731	*
N	*	95	*	*	*	*	*	New.CleanUp.ReferenceOTU1239 Even3_385896	*
N	*	82	*	*	*	*	*	New.CleanUp.ReferenceOTU12391 Even3_381787	*
N	*	100	*	*	*	*	*	New.CleanUp.ReferenceOTU12392 Even2_318727	*
N	*	95	*	*	*	*	*	New.CleanUp.ReferenceOTU12403 Even1_372189	*
N	*	95	*	*	*	*	*	New.CleanUp.ReferenceOTU12406 Even3_190765	*
N	*	96	*	*	*	*	*	New.CleanUp.ReferenceOTU12408 Even3_386787	*
N	*	100	*	*	*	*	*	New.CleanUp.ReferenceOTU12409 Even3_386786	*
N	*	84	*	*	*	*	*	New.CleanUp.ReferenceOTU1241 Even3_277369	*
N	*	85	*	*	*	*	*	New.CleanUp.ReferenceOTU12411 Even1_243657	*
N	*	96	*	*	*	*	*	New.CleanUp.ReferenceOTU12414 Even1_296608	*
N	*	100	*	*	*	*	*	New.CleanUp.ReferenceOTU12417 Even1_331850	*
N	*	100	*	*	*	*	*	New.CleanUp.ReferenceOTU12428 Even3_123990	*
N	*	94	*	*	*	*	*	New.CleanUp.ReferenceOTU12429 Even3_281280	*
N	*	100	*	*	*	*	*	New.CleanUp.ReferenceOTU12434 Even2_319583	*
N	*	83	*	*	*	*	*	New.CleanUp.ReferenceOTU12436 Even1_257016	*
N	*	100	*	*	*	*	*	New.CleanUp.ReferenceOTU12442 Even2_267819	*
N	*	85	*	*	*	*	*	New.CleanUp.ReferenceOTU12443 Even3_279935	*
N	*	100	*	*	*	*	*	New.CleanUp.ReferenceOTU12444 Even2_111301	*
N	*	100	*	*	*	*	*	New.CleanUp.ReferenceOTU12447 Even3_5304	*
N	*	100	*	*	*	*	*	New.CleanUp.ReferenceOTU12449 Even2_48512	*
N	*	100	*	*	*	*	*	New.CleanUp.ReferenceOTU12450 Even3_297373	*
N	*	94	*	*	*	*	*	New.CleanUp.ReferenceOTU1246 Even3_375550	*
N	*	84	*	*	*	*	*	New.CleanUp.ReferenceOTU12460 Even1_311159	*
N	*	91	*	*	*	*	*	New.CleanUp.ReferenceOTU12461 Even2_270994	*
N	*	100	*	*	*	*	*	New.CleanUp.ReferenceOTU12464 Even2_386781	*
N	*	100	*	*	*	*	*	New.CleanUp.ReferenceOTU12465 Even3_375695	*
N	*	100	*	*	*	*	*	New.CleanUp.ReferenceOTU12468 Even3_397211	*
N	*	96	*	*	*	*	*	New.CleanUp.ReferenceOTU12478 Even2_278696	*
N	*	93	*	*	*	*	*	New.CleanUp.ReferenceOTU12479 Even2_397129	*
N	*	100	*	*	*	*	*	New.CleanUp.ReferenceOTU1248 Even2_225767	*
N	*	100	*	*	*	*	*	New.CleanUp.ReferenceOTU12480 Even1_356398	*
N	*	94	*	*	*	*	*	New.CleanUp.ReferenceOTU12485 Even2_341907	*
N	*	94	*	*	*	*	*	New.CleanUp.ReferenceOTU12487 Even1_391104	*
N	*	100	*	*	*	*	*	New.CleanUp.ReferenceOTU12489 Even1_80256	*
N	*	100	*	*	*	*	*	New.CleanUp.ReferenceOTU12490 Even3_355254	*
N	*	100	*	*	*	*	*	New.CleanUp.ReferenceOTU12491 Even1_291370	*
N	*	87	*	*	*	*	*	New.CleanUp.ReferenceOTU12498 Even3_375439	*
N	*	76	*	*	*	*	*	New.CleanUp.ReferenceOTU125 Even1_200410	*
N	*	100	*	*	*	*	*	New.CleanUp.ReferenceOTU12501 Even3_375345	*
N	*	100	*	*	*	*	*	New.CleanUp.ReferenceOTU12503 Even3_309859	*
N	*	100	*	*	*	*	*	New.CleanUp.ReferenceOTU12509 Even3_337458	*
N	*	100	*	*	*	*	*	New.CleanUp.ReferenceOTU12510 Even2_296885	*
N	*	100	*	*	*	*	*	New.CleanUp.ReferenceOTU12511 Even3_390881	*
N	*	85	*	*	*	*	*	New.CleanUp.ReferenceOTU12512 Even1_77224	*
N	*	100	*	*	*	*	*	New.CleanUp.ReferenceOTU12516 Even3_269419	*
N	*	89	*	*	*	*	*	New.CleanUp.ReferenceOTU12525 Even1_281696	*
N	*	90	*	*	*	*	*	New.CleanUp.ReferenceOTU1253 Even1_321548	*
N	*	94	*	*	*	*	*	New.CleanUp.ReferenceOTU12539 Even2_280868	*
N	*	100	*	*	*	*	*	New.CleanUp.ReferenceOTU1254 Even3_364476	*
N	*	81	*	*	*	*	*	New.CleanUp.ReferenceOTU12542 Even3_325231	*
N	*	82	*	*	*	*	*	New.CleanUp.ReferenceOTU12544 Even1_274493	*
N	*	85	*	*	*	*	*	New.CleanUp.ReferenceOTU12546 Even2_79821	*
N	*	100	*	*	*	*	*	New.CleanUp.ReferenceOTU12548 Even3_290422	*
N	*	100	*	*	*	*	*	New.CleanUp.ReferenceOTU1255 Even3_364479	*
N	*	96	*	*	*	*	*	New.CleanUp.ReferenceOTU12553 Even1_131020	*
N	*	100	*	*	*	*	*	New.CleanUp.ReferenceOTU12555 Even3_306398	*
N	*	83	*	*	*	*	*	New.CleanUp.ReferenceOTU12558 Even1_3761	*
N	*	100	*	*	*	*	*	New.CleanUp.ReferenceOTU1256 Even3_337575	*
N	*	100	*	*	*	*	*	New.CleanUp.ReferenceOTU12562 Even3_313146	*
N	*	95	*	*	*	*	*	New.CleanUp.ReferenceOTU12563 Even2_371460	*
N	*	95	*	*	*	*	*	New.CleanUp.ReferenceOTU12564 Even1_302340	*
N	*	92	*	*	*	*	*	New.CleanUp.ReferenceOTU12571 Even1_75881	*
N	*	100	*	*	*	*	*	New.CleanUp.ReferenceOTU12574 Even3_20133	*
N	*	100	*	*	*	*	*	New.CleanUp.ReferenceOTU12584 Even2_305260	*
N	*	81	*	*	*	*	*	New.CleanUp.ReferenceOTU12591 Even1_283457	*
N	*	85	*	*	*	*	*	New.CleanUp.ReferenceOTU12599 Even3_386840	*
N	*	100	*	*	*	*	*	New.CleanUp.ReferenceOTU126 Even3_375380	*
N	*	100	*	*	*	*	*	New.CleanUp.ReferenceOTU12600 Even1_317405	*
N	*	92	*	*	*	*	*	New.CleanUp.ReferenceOTU12601 Even3_280166	*
N	*	92	*	*	*	*	*	New.CleanUp.ReferenceOTU12602 Even1_110510	*
N	*	89	*	*	*	*	*	New.CleanUp.ReferenceOTU1261 Even3_180286	*
N	*	90	*	*	*	*	*	New.CleanUp.ReferenceOTU12615 Even2_214339	*
N	*	95	*	*	*	*	*	New.CleanUp.ReferenceOTU12619 Even1_309709	*
N	*	100	*	*	*	*	*	New.CleanUp.ReferenceOTU12623 Even2_363312	*
N	*	100	*	*	*	*	*	New.CleanUp.ReferenceOTU12627 Even1_102181	*
N	*	91	*	*	*	*	*	New.CleanUp.ReferenceOTU12629 Even2_360366	*
N	*	100	*	*	*	*	*	New.CleanUp.ReferenceOTU12635 Even3_381648	*
N	*	100	*	*	*	*	*	New.CleanUp.ReferenceOTU12639 Even3_381642	*
N	*	92	*	*	*	*	*	New.CleanUp.ReferenceOTU12641 Even1_84659	*
N	*	100	*	*	*	*	*	New.CleanUp.ReferenceOTU12642 Even3_151792	*
N	*	83	*	*	*	*	*	New.CleanUp.ReferenceOTU12644 Even2_103524	*
N	*	100	*	*	*	*	*	New.CleanUp.ReferenceOTU12645 Even2_56543	*
N	*	82	*	*	*	*	*	New.CleanUp.ReferenceOTU12648 Even2_11339	*
N	*	93	*	*	*	*	*	New.CleanUp.ReferenceOTU12649 Even2_287455	*
N	*	81	*	*	*	*	*	New.CleanUp.ReferenceOTU12657 Even1_5507	*
N	*	91	*	*	*	*	*	New.CleanUp.ReferenceOTU12662 Even1_356001	*
N	*	100	*	*	*	*	*	New.CleanUp.ReferenceOTU12668 Even3_176959	*
N	*	88	*	*	*	*	*	New.CleanUp.ReferenceOTU12669 Even3_12543	*
N	*	100	*	*	*	*	*	New.CleanUp.ReferenceOTU12671 Even3_256738	*
N	*	100	*	*	*	*	*	New.CleanUp.ReferenceOTU12676 Even3_293393	*
N	*	100	*	*	*	*	*	New.CleanUp.ReferenceOTU12677 Even3_256732	*
N	*	84	*	*	*	*	*	New.CleanUp.ReferenceOTU1268 Even1_385907	*
N	*	76	*	*	*	*	*	New.CleanUp.ReferenceOTU12680 Even3_293651	*
N	*	100	*	*	*	*	*	New.CleanUp.ReferenceOTU12682 Even1_243515	*
N	*	82	*	*	*	*	*	New.CleanUp.ReferenceOTU12683 Even1_397419	*
N	*	100	*	*	*	*	*	New.CleanUp.ReferenceOTU12684 Even3_159145	*
N	*	85	*	*	*	*	*	New.CleanUp.ReferenceOTU12687 Even2_69867	*
N	*	84	*	*	*	*	*	New.CleanUp.ReferenceOTU12689 Even2_307029	*
N	*	96	*	*	*	*	*	New.CleanUp.ReferenceOTU12691 Even1_389622	*
N	*	93	*	*	*	*	*	New.CleanUp.ReferenceOTU12694 Even3_266231	*
N	*	81	*	*	*	*	*	New.CleanUp.ReferenceOTU12695 Even3_266236	*
N	*	100	*	*	*	*	*	New.CleanUp.ReferenceOTU1270 Even3_284204	*
N	*	100	*	*	*	*	*	New.CleanUp.ReferenceOTU12700 Even1_364777	*
N	*	100	*	*	*	*	*	New.CleanUp.ReferenceOTU12704 Even2_375698	*
N	*	90	*	*	*	*	*	New.CleanUp.ReferenceOTU12708 Even3_378615	*
N	*	94	*	*	*	*	*	New.CleanUp.ReferenceOTU12715 Even3_289417	*
N	*	84	*	*	*	*	*	New.CleanUp.ReferenceOTU12716 Even3_300784	*
N	*	100	*	*	*	*	*	New.CleanUp.ReferenceOTU12726 Even1_377837	*
N	*	100	*	*	*	*	*	New.CleanUp.ReferenceOTU12732 Even2_392893	*
N	*	100	*	*	*	*	*	New.CleanUp.ReferenceOTU12736 Even3_19373	*
N	*	100	*	*	*	*	*	New.CleanUp.ReferenceOTU12738 Even3_323491	*
N	*	91	*	*	*	*	*	New.CleanUp.ReferenceOTU12742 Even3_35992	*
N	*	100	*	*	*	*	*	New.CleanUp.ReferenceOTU12745 Even3_268951	*
N	*	100	*	*	*	*	*	New.CleanUp.ReferenceOTU12747 Even1_297306	*
N	*	100	*	*	*	*	*	New.CleanUp.ReferenceOTU1275 Even1_8323	*
N	*	100	*	*	*	*	*	New.CleanUp.ReferenceOTU12753 Even2_372160	*
N	*	91	*	*	*	*	*	New.CleanUp.ReferenceOTU12755 Even3_47443	*
N	*	83	*	*	*	*	*	New.CleanUp.ReferenceOTU12759 Even1_68176	*
N	*	94	*	*	*	*	*	New.CleanUp.ReferenceOTU12760 Even3_387945	*
N	*	100	*	*	*	*	*	New.CleanUp.ReferenceOTU12761 Even3_388052	*
N	*	80	*	*	*	*	*	New.CleanUp.ReferenceOTU12764 Even2_281308	*
N	*	95	*	*	*	*	*	New.CleanUp.ReferenceOTU12769 Even3_313680	*
N	*	100	*	*	*	*	*	New.CleanUp.ReferenceOTU12770 Even3_43493	*
N	*	83	*	*	*	*	*	New.CleanUp.ReferenceOTU12771 Even3_345791	*
N	*	95	*	*	*	*	*	New.CleanUp.ReferenceOTU12776 Even1_386218	*
N	*	88	*	*	*	*	*	New.CleanUp.ReferenceOTU12778 Even1_386217	*
N	*	76	*	*	*	*	*	New.CleanUp.ReferenceOTU1278 Even3_388583	*
N	*	100	*	*	*	*	*	New.CleanUp.ReferenceOTU12781 Even3_127385	*
N	*	100	*	*	*	*	*	New.CleanUp.ReferenceOTU12783 Even1_142321	*
N	*	95	*	*	*	*	*	New.CleanUp.ReferenceOTU12786 Even1_387928	*
N	*	100	*	*	*	*	*	New.CleanUp.ReferenceOTU12787 Even3_264471	*
N	*	80	*	*	*	*	*	New.CleanUp.ReferenceOTU12790 Even3_264475	*
N	*	100	*	*	*	*	*	New.CleanUp.ReferenceOTU12791 Even3_223955	*
N	*	93	*	*	*	*	*	New.CleanUp.ReferenceOTU12793 Even1_387925	*
N	*	95	*	*	*	*	*	New.CleanUp.ReferenceOTU12797 Even2_318094	*
N	*	92	*	*	*	*	*	New.CleanUp.ReferenceOTU1280 Even1_320416	*
N	*	83	*	*	*	*	*	New.CleanUp.ReferenceOTU12800 Even3_217205	*
N	*	85	*	*	*	*	*	New.CleanUp.ReferenceOTU12801 Even1_107217	*
N	*	87	*	*	*	*	*	New.CleanUp.ReferenceOTU12802 Even3_168257	*
N	*	92	*	*	*	*	*	New.CleanUp.ReferenceOTU12805 Even1_218854	*
N	*	81	*	*	*	*	*	New.CleanUp.ReferenceOTU1281 Even1_227413	*
N	*	86	*	*	*	*	*	New.CleanUp.ReferenceOTU12811 Even2_36171	*
N	*	100	*	*	*	*	*	New.CleanUp.ReferenceOTU12813 Even2_281878	*
N	*	93	*	*	*	*	*	New.CleanUp.ReferenceOTU12815 Even3_2074	*
N	*	95	*	*	*	*	*	New.CleanUp.ReferenceOTU12817 Even3_381811	*
N	*	100	*	*	*	*	*	New.CleanUp.ReferenceOTU12818 Even2_25199	*
N	*	85	*	*	*	*	*	New.CleanUp.ReferenceOTU12829 Even3_267785	*
N	*	91	*	*	*	*	*	New.CleanUp.ReferenceOTU12832 Even1_302089	*
N	*	100	*	*	*	*	*	New.CleanUp.ReferenceOTU12834 Even2_19018	*
N	*	100	*	*	*	*	*	New.CleanUp.ReferenceOTU12835 Even3_267789	*
N	*	84	*	*	*	*	*	New.CleanUp.ReferenceOTU12837 Even1_302081	*
N	*	93	*	*	*	*	*	New.CleanUp.ReferenceOTU12841 Even2_393712	*
N	*	92	*	*	*	*	*	New.CleanUp.ReferenceOTU12849 Even1_378070	*
N	*	95	*	*	*	*	*	New.CleanUp.ReferenceOTU1285 Even1_372009	*
N	*	89	*	*	*	*	*	New.CleanUp.ReferenceOTU12854 Even1_385291	*
N	*	87	*	*	*	*	*	New.CleanUp.ReferenceOTU12856 Even2_40577	*
N	*	100	*	*	*	*	*	New.CleanUp.ReferenceOTU12857 Even2_192842	*
N	*	100	*	*	*	*	*	New.CleanUp.ReferenceOTU12858 Even1_216061	*
N	*	95	*	*	*	*	*	New.CleanUp.ReferenceOTU12860 Even1_393406	*
N	*	81	*	*	*	*	*	New.CleanUp.ReferenceOTU12865 Even1_221646	*
N	*	95	*	*	*	*	*	New.CleanUp.ReferenceOTU12866 Even1_1739	*
N	*	91	*	*	*	*	*	New.CleanUp.ReferenceOTU12869 Even3_299277	*
N	*	100	*	*	*	*	*	New.CleanUp.ReferenceOTU12871 Even1_381539	*
N	*	90	*	*	*	*	*	New.CleanUp.ReferenceOTU12874 Even1_373103	*
N	*	77	*	*	*	*	*	New.CleanUp.ReferenceOTU12877 Even2_275923	*
N	*	100	*	*	*	*	*	New.CleanUp.ReferenceOTU1288 Even3_281598	*
N	*	82	*	*	*	*	*	New.CleanUp.ReferenceOTU1289 Even3_368375	*
N	*	79	*	*	*	*	*	New.CleanUp.ReferenceOTU12893 Even1_60039	*
N	*	100	*	*	*	*	*	New.CleanUp.ReferenceOTU12896 Even1_283507	*
N	*	100	*	*	*	*	*	New.CleanUp.ReferenceOTU12897 Even2_381681	*
N	*	100	*	*	*	*	*	New.CleanUp.ReferenceOTU12898 Even2_390983	*
N	*	96	*	*	*	*	*	New.CleanUp.ReferenceOTU12908 Even2_378238	*
N	*	81	*	*	*	*	*	New.CleanUp.ReferenceOTU12909 Even1_282638	*
N	*	85	*	*	*	*	*	New.CleanUp.ReferenceOTU12911 Even1_183572	*
N	*	100	*	*	*	*	*	New.CleanUp.ReferenceOTU12914 Even3_335830	*
N	*	83	*	*	*	*	*	New.CleanUp.ReferenceOTU12917 Even3_397390	*
N	*	92	*	*	*	*	*	New.CleanUp.ReferenceOTU12919 Even2_209197	*
N	*	94	*	*	*	*	*	New.CleanUp.ReferenceOTU12924 Even2_368570	*
N	*	81	*	*	*	*	*	New.CleanUp.ReferenceOTU12925 Even3_365685	*
N	*	100	*	*	*	*	*	New.CleanUp.ReferenceOTU12926 Even1_388478	*
N	*	91	*	*	*	*	*	New.CleanUp.ReferenceOTU12928 Even2_200340	*
N	*	80	*	*	*	*	*	New.CleanUp.ReferenceOTU1293 Even2_10581	*
N	*	95	*	*	*	*	*	New.CleanUp.ReferenceOTU12931 Even1_388470	*
N	*	100	*	*	*	*	*	New.CleanUp.ReferenceOTU12933 Even3_386433	*
N	*	100	*	*	*	*	*	New.CleanUp.ReferenceOTU12939 Even1_280856	*
N	*	100	*	*	*	*	*	New.CleanUp.ReferenceOTU12941 Even3_197574	*
N	*	95	*	*	*	*	*	New.CleanUp.ReferenceOTU12942 Even1_280853	*
N	*	100	*	*	*	*	*	New.CleanUp.ReferenceOTU12946 Even2_375431	*
N	*	82	*	*	*	*	*	New.CleanUp.ReferenceOTU12952 Even2_264808	*
N	*	96	*	*	*	*	*	New.CleanUp.ReferenceOTU12953 Even3_269433	*
N	*	77	*	*	*	*	*	New.CleanUp.ReferenceOTU12959 Even3_363685	*
N	*	82	*	*	*	*	*	New.CleanUp.ReferenceOTU12960 Even2_52255	*
N	*	84	*	*	*	*	*	New.CleanUp.ReferenceOTU12962 Even3_60403	*
N	*	95	*	*	*	*	*	New.CleanUp.ReferenceOTU12964 Even2_292692	*
N	*	96	*	*	*	*	*	New.CleanUp.ReferenceOTU12968 Even3_384577	*
N	*	84	*	*	*	*	*	New.CleanUp.ReferenceOTU12973 Even2_155514	*
N	*	93	*	*	*	*	*	New.CleanUp.ReferenceOTU1298 Even3_48976	*
N	*	76	*	*	*	*	*	New.CleanUp.ReferenceOTU12981 Even1_224850	*
N	*	100	*	*	*	*	*	New.CleanUp.ReferenceOTU12982 Even1_312903	*
N	*	100	*	*	*	*	*	New.CleanUp.ReferenceOTU12985 Even3_384063	*
N	*	81	*	*	*	*	*	New.CleanUp.ReferenceOTU1299 Even2_255248	*
N	*	100	*	*	*	*	*	New.CleanUp.ReferenceOTU12990 Even3_333577	*
N	*	93	*	*	*	*	*	New.CleanUp.ReferenceOTU12994 Even1_28223	*
N	*	79	*	*	*	*	*	New.CleanUp.ReferenceOTU12995 Even2_78131	*
N	*	80	*	*	*	*	*	New.CleanUp.ReferenceOTU12996 Even2_225321	*
N	*	100	*	*	*	*	*	New.CleanUp.ReferenceOTU12997 Even3_53046	*
N	*	96	*	*	*	*	*	New.CleanUp.ReferenceOTU12998 Even3_289350	*
N	*	77	*	*	*	*	*	New.CleanUp.ReferenceOTU13002 Even2_444	*
N	*	100	*	*	*	*	*	New.CleanUp.ReferenceOTU13004 Even3_356652	*
N	*	95	*	*	*	*	*	New.CleanUp.ReferenceOTU13006 Even3_274865	*
N	*	100	*	*	*	*	*	New.CleanUp.ReferenceOTU13009 Even3_126552	*
N	*	100	*	*	*	*	*	New.CleanUp.ReferenceOTU13010 Even2_395011	*
N	*	93	*	*	*	*	*	New.CleanUp.ReferenceOTU13014 Even1_204231	*
N	*	100	*	*	*	*	*	New.CleanUp.ReferenceOTU13020 Even3_256448	*
N	*	93	*	*	*	*	*	New.CleanUp.ReferenceOTU13023 Even1_1747	*
N	*	100	*	*	*	*	*	New.CleanUp.ReferenceOTU1303 Even3_10709	*
N	*	95	*	*	*	*	*	New.CleanUp.ReferenceOTU13030 Even3_383747	*
N	*	100	*	*	*	*	*	New.CleanUp.ReferenceOTU13031 Even2_37698	*
N	*	100	*	*	*	*	*	New.CleanUp.ReferenceOTU13034 Even2_337853	*
N	*	94	*	*	*	*	*	New.CleanUp.ReferenceOTU13035 Even3_386133	*
N	*	94	*	*	*	*	*	New.CleanUp.ReferenceOTU13037 Even3_397347	*
N	*	100	*	*	*	*	*	New.CleanUp.ReferenceOTU1304 Even2_323191	*
N	*	100	*	*	*	*	*	New.CleanUp.ReferenceOTU13041 Even1_110752	*
N	*	100	*	*	*	*	*	New.CleanUp.ReferenceOTU13046 Even3_10857	*
N	*	100	*	*	*	*	*	New.CleanUp.ReferenceOTU13047 Even1_197091	*
N	*	100	*	*	*	*	*	New.CleanUp.ReferenceOTU13048 Even1_63091	*
N	*	83	*	*	*	*	*	New.CleanUp.ReferenceOTU13050 Even1_313141	*
N	*	78	*	*	*	*	*	New.CleanUp.ReferenceOTU13052 Even1_233813	*
N	*	82	*	*	*	*	*	New.CleanUp.ReferenceOTU13054 Even2_346443	*
N	*	83	*	*	*	*	*	New.CleanUp.ReferenceOTU13058 Even1_263742	*
N	*	100	*	*	*	*	*	New.CleanUp.ReferenceOTU13061 Even3_388840	*
N	*	100	*	*	*	*	*	New.CleanUp.ReferenceOTU13064 Even2_280519	*
N	*	100	*	*	*	*	*	New.CleanUp.ReferenceOTU13069 Even2_351296	*
N	*	100	*	*	*	*	*	New.CleanUp.ReferenceOTU13070 Even2_44130	*
N	*	93	*	*	*	*	*	New.CleanUp.ReferenceOTU13072 Even3_341553	*
N	*	100	*	*	*	*	*	New.CleanUp.ReferenceOTU13077 Even2_368367	*
N	*	100	*	*	*	*	*	New.CleanUp.ReferenceOTU13079 Even2_368365	*
N	*	84	*	*	*	*	*	New.CleanUp.ReferenceOTU13081 Even2_328208	*
N	*	96	*	*	*	*	*	New.CleanUp.ReferenceOTU13082 Even3_381487	*
N	*	100	*	*	*	*	*	New.CleanUp.ReferenceOTU13085 Even1_372026	*
N	*	100	*	*	*	*	*	New.CleanUp.ReferenceOTU13095 Even2_360305	*
N	*	100	*	*	*	*	*	New.CleanUp.ReferenceOTU1310 Even1_32261	*
N	*	100	*	*	*	*	*	New.CleanUp.ReferenceOTU13102 Even3_153689	*
N	*	100	*	*	*	*	*	New.CleanUp.ReferenceOTU13106 Even1_318779	*
N	*	93	*	*	*	*	*	New.CleanUp.ReferenceOTU13112 Even3_381668	*
N	*	93	*	*	*	*	*	New.CleanUp.ReferenceOTU13117 Even3_305475	*
N	*	94	*	*	*	*	*	New.CleanUp.ReferenceOTU13122 Even3_275439	*
N	*	100	*	*	*	*	*	New.CleanUp.ReferenceOTU13125 Even3_277354	*
N	*	100	*	*	*	*	*	New.CleanUp.ReferenceOTU13127 Even1_230363	*
N	*	100	*	*	*	*	*	New.CleanUp.ReferenceOTU1313 Even2_116506	*
N	*	82	*	*	*	*	*	New.CleanUp.ReferenceOTU13131 Even1_7743	*
N	*	90	*	*	*	*	*	New.CleanUp.ReferenceOTU13135 Even2_184221	*
N	*	100	*	*	*	*	*	New.CleanUp.ReferenceOTU13137 Even3_172654	*
N	*	96	*	*	*	*	*	New.CleanUp.ReferenceOTU13146 Even1_267449	*
N	*	83	*	*	*	*	*	New.CleanUp.ReferenceOTU13151 Even2_11644	*
N	*	100	*	*	*	*	*	New.CleanUp.ReferenceOTU13152 Even2_272658	*
N	*	79	*	*	*	*	*	New.CleanUp.ReferenceOTU13156 Even2_181075	*
N	*	100	*	*	*	*	*	New.CleanUp.ReferenceOTU13157 Even1_258605	*
N	*	85	*	*	*	*	*	New.CleanUp.ReferenceOTU1316 Even2_19098	*
N	*	85	*	*	*	*	*	New.CleanUp.ReferenceOTU13161 Even3_351033	*
N	*	93	*	*	*	*	*	New.CleanUp.ReferenceOTU13163 Even2_342200	*
N	*	100	*	*	*	*	*	New.CleanUp.ReferenceOTU13165 Even2_270745	*
N	*	95	*	*	*	*	*	New.CleanUp.ReferenceOTU13169 Even2_105608	*
N	*	96	*	*	*	*	*	New.CleanUp.ReferenceOTU13171 Even3_292986	*
N	*	92	*	*	*	*	*	New.CleanUp.ReferenceOTU13176 Even1_364555	*
N	*	96	*	*	*	*	*	New.CleanUp.ReferenceOTU13177 Even1_394815	*
N	*	100	*	*	*	*	*	New.CleanUp.ReferenceOTU13179 Even2_9841	*
N	*	80	*	*	*	*	*	New.CleanUp.ReferenceOTU13182 Even3_371219	*
N	*	95	*	*	*	*	*	New.CleanUp.ReferenceOTU13186 Even1_265813	*
N	*	100	*	*	*	*	*	New.CleanUp.ReferenceOTU13187 Even1_69495	*
N	*	89	*	*	*	*	*	New.CleanUp.ReferenceOTU13188 Even2_277154	*
N	*	100	*	*	*	*	*	New.CleanUp.ReferenceOTU1319 Even2_393537	*
N	*	84	*	*	*	*	*	New.CleanUp.ReferenceOTU13197 Even3_283891	*
N	*	91	*	*	*	*	*	New.CleanUp.ReferenceOTU13198 Even3_364417	*
N	*	90	*	*	*	*	*	New.CleanUp.ReferenceOTU13201 Even1_65141	*
N	*	96	*	*	*	*	*	New.CleanUp.ReferenceOTU13203 Even1_1517	*
N	*	100	*	*	*	*	*	New.CleanUp.ReferenceOTU13209 Even3_1802	*
N	*	76	*	*	*	*	*	New.CleanUp.ReferenceOTU1321 Even3_317741	*
N	*	100	*	*	*	*	*	New.CleanUp.ReferenceOTU13213 Even2_386627	*
N	*	94	*	*	*	*	*	New.CleanUp.ReferenceOTU13214 Even2_374267	*
N	*	88	*	*	*	*	*	New.CleanUp.ReferenceOTU13215 Even2_374264	*
N	*	100	*	*	*	*	*	New.CleanUp.ReferenceOTU13218 Even1_275394	*
N	*	96	*	*	*	*	*	New.CleanUp.ReferenceOTU13226 Even3_384216	*
N	*	80	*	*	*	*	*	New.CleanUp.ReferenceOTU13227 Even3_278504	*
N	*	89	*	*	*	*	*	New.CleanUp.ReferenceOTU13231 Even2_102018	*
N	*	96	*	*	*	*	*	New.CleanUp.ReferenceOTU13238 Even1_377812	*
N	*	96	*	*	*	*	*	New.CleanUp.ReferenceOTU13240 Even2_390706	*
N	*	94	*	*	*	*	*	New.CleanUp.ReferenceOTU13242 Even1_333402	*
N	*	100	*	*	*	*	*	New.CleanUp.ReferenceOTU13244 Even3_277384	*
N	*	94	*	*	*	*	*	New.CleanUp.ReferenceOTU1325 Even1_136332	*
N	*	96	*	*	*	*	*	New.CleanUp.ReferenceOTU13259 Even2_281587	*
N	*	100	*	*	*	*	*	New.CleanUp.ReferenceOTU13261 Even2_128376	*
N	*	84	*	*	*	*	*	New.CleanUp.ReferenceOTU13262 Even1_323476	*
N	*	100	*	*	*	*	*	New.CleanUp.ReferenceOTU13275 Even1_289653	*
N	*	93	*	*	*	*	*	New.CleanUp.ReferenceOTU13277 Even3_378144	*
N	*	100	*	*	*	*	*	New.CleanUp.ReferenceOTU13279 Even3_367337	*
N	*	88	*	*	*	*	*	New.CleanUp.ReferenceOTU1328 Even2_289833	*
N	*	100	*	*	*	*	*	New.CleanUp.ReferenceOTU13288 Even2_280989	*
N	*	88	*	*	*	*	*	New.CleanUp.ReferenceOTU1329 Even1_212922	*
N	*	93	*	*	*	*	*	New.CleanUp.ReferenceOTU1330 Even2_236723	*
N	*	79	*	*	*	*	*	New.CleanUp.ReferenceOTU13300 Even3_2058	*
N	*	84	*	*	*	*	*	New.CleanUp.ReferenceOTU13320 Even2_323248	*
N	*	76	*	*	*	*	*	New.CleanUp.ReferenceOTU13324 Even2_280185	*
N	*	95	*	*	*	*	*	New.CleanUp.ReferenceOTU13325 Even2_174457	*
N	*	95	*	*	*	*	*	New.CleanUp.ReferenceOTU13330 Even1_389458	*
N	*	100	*	*	*	*	*	New.CleanUp.ReferenceOTU13331 Even1_384492	*
N	*	85	*	*	*	*	*	New.CleanUp.ReferenceOTU13338 Even1_171056	*
N	*	100	*	*	*	*	*	New.CleanUp.ReferenceOTU1334 Even3_163154	*
N	*	100	*	*	*	*	*	New.CleanUp.ReferenceOTU13342 Even2_190744	*
N	*	100	*	*	*	*	*	New.CleanUp.ReferenceOTU13344 Even3_381877	*
N	*	88	*	*	*	*	*	New.CleanUp.ReferenceOTU13346 Even3_299257	*
N	*	100	*	*	*	*	*	New.CleanUp.ReferenceOTU13347 Even2_33700	*
N	*	100	*	*	*	*	*	New.CleanUp.ReferenceOTU13348 Even3_391018	*
N	*	96	*	*	*	*	*	New.CleanUp.ReferenceOTU13350 Even1_393427	*
N	*	100	*	*	*	*	*	New.CleanUp.ReferenceOTU1339 Even3_287481	*
N	*	100	*	*	*	*	*	New.CleanUp.ReferenceOTU1340 Even1_293764	*
N	*	92	*	*	*	*	*	New.CleanUp.ReferenceOTU1341 Even3_135620	*
N	*	93	*	*	*	*	*	New.CleanUp.ReferenceOTU1347 Even3_386723	*
N	*	85	*	*	*	*	*	New.CleanUp.ReferenceOTU135 Even1_199464	*
N	*	87	*	*	*	*	*	New.CleanUp.ReferenceOTU1353 Even3_293241	*
N	*	95	*	*	*	*	*	New.CleanUp.ReferenceOTU1356 Even1_125503	*
N	*	100	*	*	*	*	*	New.CleanUp.ReferenceOTU1359 Even3_64017	*
N	*	100	*	*	*	*	*	New.CleanUp.ReferenceOTU1360 Even3_277993	*
N	*	80	*	*	*	*	*	New.CleanUp.ReferenceOTU1361 Even2_313955	*
N	*	100	*	*	*	*	*	New.CleanUp.ReferenceOTU1366 Even2_280749	*
N	*	100	*	*	*	*	*	New.CleanUp.ReferenceOTU1368 Even3_281222	*
N	*	83	*	*	*	*	*	New.CleanUp.ReferenceOTU1371 Even1_50955	*
N	*	84	*	*	*	*	*	New.CleanUp.ReferenceOTU1381 Even3_271019	*
N	*	81	*	*	*	*	*	New.CleanUp.ReferenceOTU1382 Even3_84641	*
N	*	93	*	*	*	*	*	New.CleanUp.ReferenceOTU1384 Even3_271012	*
N	*	100	*	*	*	*	*	New.CleanUp.ReferenceOTU1391 Even3_395386	*
N	*	93	*	*	*	*	*	New.CleanUp.ReferenceOTU1392 Even1_68136	*
N	*	89	*	*	*	*	*	New.CleanUp.ReferenceOTU1394 Even1_190892	*
N	*	100	*	*	*	*	*	New.CleanUp.ReferenceOTU1395 Even2_389634	*
N	*	90	*	*	*	*	*	New.CleanUp.ReferenceOTU140 Even1_286435	*
N	*	94	*	*	*	*	*	New.CleanUp.ReferenceOTU1402 Even1_385302	*
N	*	100	*	*	*	*	*	New.CleanUp.ReferenceOTU1403 Even2_375408	*
N	*	100	*	*	*	*	*	New.CleanUp.ReferenceOTU1405 Even3_381800	*
N	*	100	*	*	*	*	*	New.CleanUp.ReferenceOTU1406 Even3_172158	*
N	*	100	*	*	*	*	*	New.CleanUp.ReferenceOTU1408 Even2_56854	*
N	*	96	*	*	*	*	*	New.CleanUp.ReferenceOTU1417 Even1_293938	*
N	*	90	*	*	*	*	*	New.CleanUp.ReferenceOTU1421 Even3_169627	*
N	*	100	*	*	*	*	*	New.CleanUp.ReferenceOTU1426 Even3_149457	*
N	*	100	*	*	*	*	*	New.CleanUp.ReferenceOTU1427 Even3_393644	*
N	*	92	*	*	*	*	*	New.CleanUp.ReferenceOTU1434 Even3_322613	*
N	*	100	*	*	*	*	*	New.CleanUp.ReferenceOTU1436 Even2_298510	*
N	*	92	*	*	*	*	*	New.CleanUp.ReferenceOTU1440 Even3_89649	*
N	*	78	*	*	*	*	*	New.CleanUp.ReferenceOTU1441 Even2_59215	*
N	*	85	*	*	*	*	*	New.CleanUp.ReferenceOTU1450 Even3_368588	*
N	*	100	*	*	*	*	*	New.CleanUp.ReferenceOTU1451 Even1_270756	*
N	*	78	*	*	*	*	*	New.CleanUp.ReferenceOTU1454 Even1_150500	*
N	*	86	*	*	*	*	*	New.CleanUp.ReferenceOTU1456 Even1_129563	*
N	*	84	*	*	*	*	*	New.CleanUp.ReferenceOTU1458 Even2_8588	*
N	*	76	*	*	*	*	*	New.CleanUp.ReferenceOTU1469 Even1_244020	*
N	*	95	*	*	*	*	*	New.CleanUp.ReferenceOTU1474 Even1_371769	*
N	*	87	*	*	*	*	*	New.CleanUp.ReferenceOTU1477 Even3_266774	*
N	*	81	*	*	*	*	*	New.CleanUp.ReferenceOTU1481 Even2_111055	*
N	*	78	*	*	*	*	*	New.CleanUp.ReferenceOTU1482 Even2_8763	*
N	*	89	*	*	*	*	*	New.CleanUp.ReferenceOTU1493 Even3_278684	*
N	*	77	*	*	*	*	*	New.CleanUp.ReferenceOTU1494 Even3_388353	*
N	*	100	*	*	*	*	*	New.CleanUp.ReferenceOTU1495 Even2_272202	*
N	*	90	*	*	*	*	*	New.CleanUp.ReferenceOTU1496 Even2_155331	*
N	*	83	*	*	*	*	*	New.CleanUp.ReferenceOTU15 Even2_48089	*
N	*	100	*	*	*	*	*	New.CleanUp.ReferenceOTU1505 Even1_117554	*
N	*	96	*	*	*	*	*	New.CleanUp.ReferenceOTU1507 Even3_375497	*
N	*	89	*	*	*	*	*	New.CleanUp.ReferenceOTU1511 Even1_371491	*
N	*	100	*	*	*	*	*	New.CleanUp.ReferenceOTU1516 Even2_378706	*
N	*	100	*	*	*	*	*	New.CleanUp.ReferenceOTU1517 Even2_372227	*
N	*	94	*	*	*	*	*	New.CleanUp.ReferenceOTU1519 Even3_383121	*
N	*	81	*	*	*	*	*	New.CleanUp.ReferenceOTU1522 Even1_340640	*
N	*	93	*	*	*	*	*	New.CleanUp.ReferenceOTU1526 Even3_229800	*
N	*	100	*	*	*	*	*	New.CleanUp.ReferenceOTU1527 Even2_287350	*
N	*	81	*	*	*	*	*	New.CleanUp.ReferenceOTU1538 Even1_63543	*
N	*	78	*	*	*	*	*	New.CleanUp.ReferenceOTU1542 Even3_59383	*
N	*	77	*	*	*	*	*	New.CleanUp.ReferenceOTU1545 Even3_384132	*
N	*	93	*	*	*	*	*	New.CleanUp.ReferenceOTU1547 Even3_384319	*
N	*	82	*	*	*	*	*	New.CleanUp.ReferenceOTU1551 Even2_275417	*
N	*	93	*	*	*	*	*	New.CleanUp.ReferenceOTU1554 Even3_245391	*
N	*	100	*	*	*	*	*	New.CleanUp.ReferenceOTU1563 Even1_377914	*
N	*	100	*	*	*	*	*	New.CleanUp.ReferenceOTU1565 Even3_367724	*
N	*	100	*	*	*	*	*	New.CleanUp.ReferenceOTU1566 Even2_351210	*
N	*	93	*	*	*	*	*	New.CleanUp.ReferenceOTU157 Even1_146872	*
N	*	77	*	*	*	*	*	New.CleanUp.ReferenceOTU1570 Even1_392675	*
N	*	92	*	*	*	*	*	New.CleanUp.ReferenceOTU1573 Even2_72226	*
N	*	96	*	*	*	*	*	New.CleanUp.ReferenceOTU1587 Even1_337878	*
N	*	93	*	*	*	*	*	New.CleanUp.ReferenceOTU1596 Even3_123549	*
N	*	79	*	*	*	*	*	New.CleanUp.ReferenceOTU1601 Even3_341624	*
N	*	100	*	*	*	*	*	New.CleanUp.ReferenceOTU1603 Even3_341621	*
N	*	100	*	*	*	*	*	New.CleanUp.ReferenceOTU1608 Even1_333625	*
N	*	100	*	*	*	*	*	New.CleanUp.ReferenceOTU1610 Even2_82778	*
N	*	96	*	*	*	*	*	New.CleanUp.ReferenceOTU1612 Even3_360550	*
N	*	100	*	*	*	*	*	New.CleanUp.ReferenceOTU1619 Even3_280541	*
N	*	100	*	*	*	*	*	New.CleanUp.ReferenceOTU162 Even2_252303	*
N	*	100	*	*	*	*	*	New.CleanUp.ReferenceOTU1625 Even1_305262	*
N	*	100	*	*	*	*	*	New.CleanUp.ReferenceOTU1627 Even2_245249	*
N	*	100	*	*	*	*	*	New.CleanUp.ReferenceOTU1630 Even3_309923	*
N	*	81	*	*	*	*	*	New.CleanUp.ReferenceOTU1634 Even2_23358	*
N	*	100	*	*	*	*	*	New.CleanUp.ReferenceOTU1640 Even1_326384	*
N	*	100	*	*	*	*	*	New.CleanUp.ReferenceOTU1645 Even3_145527	*
N	*	100	*	*	*	*	*	New.CleanUp.ReferenceOTU1647 Even3_310104	*
N	*	83	*	*	*	*	*	New.CleanUp.ReferenceOTU1649 Even3_212357	*
N	*	96	*	*	*	*	*	New.CleanUp.ReferenceOTU1655 Even3_181138	*
N	*	84	*	*	*	*	*	New.CleanUp.ReferenceOTU1659 Even1_212722	*
N	*	100	*	*	*	*	*	New.CleanUp.ReferenceOTU1661 Even2_127901	*
N	*	94	*	*	*	*	*	New.CleanUp.ReferenceOTU1664 Even1_394093	*
N	*	100	*	*	*	*	*	New.CleanUp.ReferenceOTU1670 Even3_336602	*
N	*	100	*	*	*	*	*	New.CleanUp.ReferenceOTU1675 Even1_151067	*
N	*	100	*	*	*	*	*	New.CleanUp.ReferenceOTU1681 Even3_45533	*
N	*	85	*	*	*	*	*	New.CleanUp.ReferenceOTU1683 Even1_219322	*
N	*	100	*	*	*	*	*	New.CleanUp.ReferenceOTU1690 Even1_218334	*
N	*	77	*	*	*	*	*	New.CleanUp.ReferenceOTU1693 Even2_270768	*
N	*	100	*	*	*	*	*	New.CleanUp.ReferenceOTU1697 Even3_390368	*
N	*	92	*	*	*	*	*	New.CleanUp.ReferenceOTU1706 Even2_208701	*
N	*	80	*	*	*	*	*	New.CleanUp.ReferenceOTU1708 Even1_198988	*
N	*	95	*	*	*	*	*	New.CleanUp.ReferenceOTU1709 Even3_297262	*
N	*	81	*	*	*	*	*	New.CleanUp.ReferenceOTU1710 Even3_192515	*
N	*	100	*	*	*	*	*	New.CleanUp.ReferenceOTU1711 Even3_391074	*
N	*	100	*	*	*	*	*	New.CleanUp.ReferenceOTU1712 Even3_391071	*
N	*	100	*	*	*	*	*	New.CleanUp.ReferenceOTU1713 Even3_47201	*
N	*	82	*	*	*	*	*	New.CleanUp.ReferenceOTU172 Even3_73770	*
N	*	100	*	*	*	*	*	New.CleanUp.ReferenceOTU1721 Even2_364770	*
N	*	89	*	*	*	*	*	New.CleanUp.ReferenceOTU1722 Even1_95076	*
N	*	95	*	*	*	*	*	New.CleanUp.ReferenceOTU1723 Even2_390791	*
N	*	80	*	*	*	*	*	New.CleanUp.ReferenceOTU1727 Even1_173684	*
N	*	100	*	*	*	*	*	New.CleanUp.ReferenceOTU173 Even2_377701	*
N	*	100	*	*	*	*	*	New.CleanUp.ReferenceOTU1732 Even3_9416	*
N	*	87	*	*	*	*	*	New.CleanUp.ReferenceOTU1735 Even1_167704	*
N	*	83	*	*	*	*	*	New.CleanUp.ReferenceOTU1736 Even3_207523	*
N	*	76	*	*	*	*	*	New.CleanUp.ReferenceOTU174 Even1_394792	*
N	*	100	*	*	*	*	*	New.CleanUp.ReferenceOTU1741 Even3_1225	*
N	*	78	*	*	*	*	*	New.CleanUp.ReferenceOTU1742 Even3_209537	*
N	*	100	*	*	*	*	*	New.CleanUp.ReferenceOTU1744 Even2_153439	*
N	*	80	*	*	*	*	*	New.CleanUp.ReferenceOTU1745 Even3_279498	*
N	*	79	*	*	*	*	*	New.CleanUp.ReferenceOTU1747 Even1_253500	*
N	*	100	*	*	*	*	*	New.CleanUp.ReferenceOTU1748 Even2_388597	*
N	*	93	*	*	*	*	*	New.CleanUp.ReferenceOTU1751 Even3_368397	*
N	*	100	*	*	*	*	*	New.CleanUp.ReferenceOTU176 Even2_187002	*
N	*	93	*	*	*	*	*	New.CleanUp.ReferenceOTU1762 Even1_393033	*
N	*	100	*	*	*	*	*	New.CleanUp.ReferenceOTU1764 Even1_302164	*
N	*	93	*	*	*	*	*	New.CleanUp.ReferenceOTU1773 Even3_272285	*
N	*	93	*	*	*	*	*	New.CleanUp.ReferenceOTU1774 Even1_252908	*
N	*	100	*	*	*	*	*	New.CleanUp.ReferenceOTU1778 Even1_271061	*
N	*	76	*	*	*	*	*	New.CleanUp.ReferenceOTU1780 Even1_137780	*
N	*	81	*	*	*	*	*	New.CleanUp.ReferenceOTU1792 Even1_352975	*
N	*	86	*	*	*	*	*	New.CleanUp.ReferenceOTU1795 Even1_352606	*
N	*	83	*	*	*	*	*	New.CleanUp.ReferenceOTU1802 Even1_228785	*
N	*	100	*	*	*	*	*	New.CleanUp.ReferenceOTU1808 Even1_49426	*
N	*	100	*	*	*	*	*	New.CleanUp.ReferenceOTU1809 Even3_306459	*
N	*	79	*	*	*	*	*	New.CleanUp.ReferenceOTU181 Even2_303675	*
N	*	85	*	*	*	*	*	New.CleanUp.ReferenceOTU1810 Even3_306458	*
N	*	86	*	*	*	*	*	New.CleanUp.ReferenceOTU1814 Even3_233368	*
N	*	93	*	*	*	*	*	New.CleanUp.ReferenceOTU1815 Even2_135107	*
N	*	93	*	*	*	*	*	New.CleanUp.ReferenceOTU1816 Even3_300851	*
N	*	100	*	*	*	*	*	New.CleanUp.ReferenceOTU1819 Even3_359715	*
N	*	94	*	*	*	*	*	New.CleanUp.ReferenceOTU1820 Even1_293709	*
N	*	100	*	*	*	*	*	New.CleanUp.ReferenceOTU1825 Even2_168922	*
N	*	100	*	*	*	*	*	New.CleanUp.ReferenceOTU1833 Even2_281232	*
N	*	96	*	*	*	*	*	New.CleanUp.ReferenceOTU1841 Even2_209545	*
N	*	77	*	*	*	*	*	New.CleanUp.ReferenceOTU1845 Even1_187852	*
N	*	76	*	*	*	*	*	New.CleanUp.ReferenceOTU1846 Even1_119428	*
N	*	84	*	*	*	*	*	New.CleanUp.ReferenceOTU1849 Even1_318873	*
N	*	91	*	*	*	*	*	New.CleanUp.ReferenceOTU1853 Even3_260934	*
N	*	100	*	*	*	*	*	New.CleanUp.ReferenceOTU1855 Even2_364000	*
N	*	100	*	*	*	*	*	New.CleanUp.ReferenceOTU186 Even2_318915	*
N	*	100	*	*	*	*	*	New.CleanUp.ReferenceOTU1860 Even2_58159	*
N	*	84	*	*	*	*	*	New.CleanUp.ReferenceOTU1861 Even2_237479	*
N	*	100	*	*	*	*	*	New.CleanUp.ReferenceOTU1865 Even3_153746	*
N	*	79	*	*	*	*	*	New.CleanUp.ReferenceOTU1870 Even1_186452	*
N	*	100	*	*	*	*	*	New.CleanUp.ReferenceOTU1872 Even3_298610	*
N	*	100	*	*	*	*	*	New.CleanUp.ReferenceOTU1876 Even1_388765	*
N	*	96	*	*	*	*	*	New.CleanUp.ReferenceOTU1878 Even3_393082	*
N	*	100	*	*	*	*	*	New.CleanUp.ReferenceOTU1880 Even2_264442	*
N	*	81	*	*	*	*	*	New.CleanUp.ReferenceOTU1881 Even2_305394	*
N	*	84	*	*	*	*	*	New.CleanUp.ReferenceOTU1884 Even1_109902	*
N	*	100	*	*	*	*	*	New.CleanUp.ReferenceOTU1887 Even1_165838	*
N	*	94	*	*	*	*	*	New.CleanUp.ReferenceOTU1898 Even1_318520	*
N	*	93	*	*	*	*	*	New.CleanUp.ReferenceOTU1900 Even3_256476	*
N	*	82	*	*	*	*	*	New.CleanUp.ReferenceOTU1903 Even1_314193	*
N	*	100	*	*	*	*	*	New.CleanUp.ReferenceOTU1910 Even2_375491	*
N	*	80	*	*	*	*	*	New.CleanUp.ReferenceOTU1911 Even2_244198	*
N	*	93	*	*	*	*	*	New.CleanUp.ReferenceOTU1913 Even1_75540	*
N	*	96	*	*	*	*	*	New.CleanUp.ReferenceOTU1933 Even1_346329	*
N	*	100	*	*	*	*	*	New.CleanUp.ReferenceOTU1947 Even1_182356	*
N	*	100	*	*	*	*	*	New.CleanUp.ReferenceOTU1951 Even3_381742	*
N	*	82	*	*	*	*	*	New.CleanUp.ReferenceOTU1952 Even3_3670	*
N	*	100	*	*	*	*	*	New.CleanUp.ReferenceOTU1954 Even2_378877	*
N	*	91	*	*	*	*	*	New.CleanUp.ReferenceOTU1956 Even3_388331	*
N	*	100	*	*	*	*	*	New.CleanUp.ReferenceOTU1959 Even1_279265	*
N	*	84	*	*	*	*	*	New.CleanUp.ReferenceOTU1961 Even3_283609	*
N	*	83	*	*	*	*	*	New.CleanUp.ReferenceOTU1963 Even3_62899	*
N	*	89	*	*	*	*	*	New.CleanUp.ReferenceOTU1964 Even1_355976	*
N	*	95	*	*	*	*	*	New.CleanUp.ReferenceOTU1967 Even3_384488	*
N	*	94	*	*	*	*	*	New.CleanUp.ReferenceOTU1970 Even2_304752	*
N	*	100	*	*	*	*	*	New.CleanUp.ReferenceOTU1978 Even3_388483	*
N	*	85	*	*	*	*	*	New.CleanUp.ReferenceOTU198 Even1_156937	*
N	*	82	*	*	*	*	*	New.CleanUp.ReferenceOTU1981 Even2_259866	*
N	*	100	*	*	*	*	*	New.CleanUp.ReferenceOTU1985 Even3_309903	*
N	*	100	*	*	*	*	*	New.CleanUp.ReferenceOTU1988 Even2_348687	*
N	*	100	*	*	*	*	*	New.CleanUp.ReferenceOTU1989 Even3_287381	*
N	*	100	*	*	*	*	*	New.CleanUp.ReferenceOTU1991 Even1_116629	*
N	*	82	*	*	*	*	*	New.CleanUp.ReferenceOTU1993 Even1_199978	*
N	*	96	*	*	*	*	*	New.CleanUp.ReferenceOTU1994 Even2_390595	*
N	*	100	*	*	*	*	*	New.CleanUp.ReferenceOTU2001 Even2_275474	*
N	*	91	*	*	*	*	*	New.CleanUp.ReferenceOTU2002 Even2_229618	*
N	*	84	*	*	*	*	*	New.CleanUp.ReferenceOTU2003 Even2_364823	*
N	*	83	*	*	*	*	*	New.CleanUp.ReferenceOTU2011 Even3_187512	*
N	*	100	*	*	*	*	*	New.CleanUp.ReferenceOTU2014 Even3_14713	*
N	*	100	*	*	*	*	*	New.CleanUp.ReferenceOTU2017 Even2_217045	*
N	*	100	*	*	*	*	*	New.CleanUp.ReferenceOTU202 Even1_372001	*
N	*	100	*	*	*	*	*	New.CleanUp.ReferenceOTU2026 Even1_375283	*
N	*	93	*	*	*	*	*	New.CleanUp.ReferenceOTU2028 Even3_66912	*
N	*	89	*	*	*	*	*	New.CleanUp.ReferenceOTU203 Even3_269218	*
N	*	94	*	*	*	*	*	New.CleanUp.ReferenceOTU2032 Even3_146055	*
N	*	100	*	*	*	*	*	New.CleanUp.ReferenceOTU2034 Even2_393472	*
N	*	100	*	*	*	*	*	New.CleanUp.ReferenceOTU2041 Even1_174923	*
N	*	100	*	*	*	*	*	New.CleanUp.ReferenceOTU2042 Even1_363558	*
N	*	76	*	*	*	*	*	New.CleanUp.ReferenceOTU2044 Even3_299927	*
N	*	100	*	*	*	*	*	New.CleanUp.ReferenceOTU2045 Even2_384465	*
N	*	100	*	*	*	*	*	New.CleanUp.ReferenceOTU2049 Even2_272596	*
N	*	80	*	*	*	*	*	New.CleanUp.ReferenceOTU2054 Even3_11999	*
N	*	100	*	*	*	*	*	New.CleanUp.ReferenceOTU2055 Even2_393618	*
N	*	85	*	*	*	*	*	New.CleanUp.ReferenceOTU2056 Even1_54229	*
N	*	81	*	*	*	*	*	New.CleanUp.ReferenceOTU2060 Even1_54220	*
N	*	87	*	*	*	*	*	New.CleanUp.ReferenceOTU2068 Even2_272599	*
N	*	100	*	*	*	*	*	New.CleanUp.ReferenceOTU207 Even1_153486	*
N	*	90	*	*	*	*	*	New.CleanUp.ReferenceOTU2072 Even2_386825	*
N	*	92	*	*	*	*	*	New.CleanUp.ReferenceOTU2074 Even3_375447	*
N	*	76	*	*	*	*	*	New.CleanUp.ReferenceOTU2083 Even2_280462	*
N	*	100	*	*	*	*	*	New.CleanUp.ReferenceOTU2087 Even1_362062	*
N	*	100	*	*	*	*	*	New.CleanUp.ReferenceOTU2089 Even2_169266	*
N	*	100	*	*	*	*	*	New.CleanUp.ReferenceOTU2090 Even3_381689	*
N	*	100	*	*	*	*	*	New.CleanUp.ReferenceOTU2109 Even1_309875	*
N	*	95	*	*	*	*	*	New.CleanUp.ReferenceOTU2110 Even1_315983	*
N	*	96	*	*	*	*	*	New.CleanUp.ReferenceOTU2112 Even2_377142	*
N	*	100	*	*	*	*	*	New.CleanUp.ReferenceOTU2114 Even1_314036	*
N	*	100	*	*	*	*	*	New.CleanUp.ReferenceOTU2118 Even1_378595	*
N	*	100	*	*	*	*	*	New.CleanUp.ReferenceOTU2123 Even2_161064	*
N	*	100	*	*	*	*	*	New.CleanUp.ReferenceOTU2124 Even2_381817	*
N	*	95	*	*	*	*	*	New.CleanUp.ReferenceOTU2125 Even2_381816	*
N	*	85	*	*	*	*	*	New.CleanUp.ReferenceOTU2126 Even1_141038	*
N	*	100	*	*	*	*	*	New.CleanUp.ReferenceOTU2127 Even2_381810	*
N	*	87	*	*	*	*	*	New.CleanUp.ReferenceOTU2128 Even1_247926	*
N	*	100	*	*	*	*	*	New.CleanUp.ReferenceOTU2133 Even2_46369	*
N	*	93	*	*	*	*	*	New.CleanUp.ReferenceOTU2138 Even1_313983	*
N	*	93	*	*	*	*	*	New.CleanUp.ReferenceOTU2145 Even1_296811	*
N	*	76	*	*	*	*	*	New.CleanUp.ReferenceOTU2146 Even3_94275	*
N	*	85	*	*	*	*	*	New.CleanUp.ReferenceOTU2148 Even1_20117	*
N	*	100	*	*	*	*	*	New.CleanUp.ReferenceOTU2153 Even1_36056	*
N	*	100	*	*	*	*	*	New.CleanUp.ReferenceOTU2161 Even1_341415	*
N	*	83	*	*	*	*	*	New.CleanUp.ReferenceOTU2162 Even3_394007	*
N	*	91	*	*	*	*	*	New.CleanUp.ReferenceOTU2167 Even2_274244	*
N	*	92	*	*	*	*	*	New.CleanUp.ReferenceOTU2169 Even1_132888	*
N	*	100	*	*	*	*	*	New.CleanUp.ReferenceOTU217 Even2_364430	*
N	*	100	*	*	*	*	*	New.CleanUp.ReferenceOTU2171 Even3_391010	*
N	*	100	*	*	*	*	*	New.CleanUp.ReferenceOTU2173 Even3_391015	*
N	*	100	*	*	*	*	*	New.CleanUp.ReferenceOTU2175 Even3_274187	*
N	*	100	*	*	*	*	*	New.CleanUp.ReferenceOTU2176 Even2_167191	*
N	*	100	*	*	*	*	*	New.CleanUp.ReferenceOTU2177 Even1_356483	*
N	*	80	*	*	*	*	*	New.CleanUp.ReferenceOTU2178 Even1_42872	*
N	*	84	*	*	*	*	*	New.CleanUp.ReferenceOTU218 Even3_298597	*
N	*	85	*	*	*	*	*	New.CleanUp.ReferenceOTU2181 Even2_296561	*
N	*	82	*	*	*	*	*	New.CleanUp.ReferenceOTU2184 Even2_293863	*
N	*	100	*	*	*	*	*	New.CleanUp.ReferenceOTU2193 Even2_297166	*
N	*	94	*	*	*	*	*	New.CleanUp.ReferenceOTU2196 Even2_300841	*
N	*	100	*	*	*	*	*	New.CleanUp.ReferenceOTU2198 Even3_168163	*
N	*	81	*	*	*	*	*	New.CleanUp.ReferenceOTU2199 Even1_11406	*
N	*	96	*	*	*	*	*	New.CleanUp.ReferenceOTU2202 Even3_93725	*
N	*	100	*	*	*	*	*	New.CleanUp.ReferenceOTU2207 Even1_394499	*
N	*	100	*	*	*	*	*	New.CleanUp.ReferenceOTU2213 Even1_106517	*
N	*	100	*	*	*	*	*	New.CleanUp.ReferenceOTU2221 Even3_281807	*
N	*	100	*	*	*	*	*	New.CleanUp.ReferenceOTU2222 Even3_277997	*
N	*	84	*	*	*	*	*	New.CleanUp.ReferenceOTU2237 Even3_276271	*
N	*	100	*	*	*	*	*	New.CleanUp.ReferenceOTU224 Even3_109961	*
N	*	100	*	*	*	*	*	New.CleanUp.ReferenceOTU2248 Even3_180932	*
N	*	94	*	*	*	*	*	New.CleanUp.ReferenceOTU2253 Even1_228907	*
N	*	100	*	*	*	*	*	New.CleanUp.ReferenceOTU2262 Even2_127718	*
N	*	85	*	*	*	*	*	New.CleanUp.ReferenceOTU2265 Even3_386761	*
N	*	100	*	*	*	*	*	New.CleanUp.ReferenceOTU2267 Even2_375543	*
N	*	76	*	*	*	*	*	New.CleanUp.ReferenceOTU2275 Even1_281668	*
N	*	100	*	*	*	*	*	New.CleanUp.ReferenceOTU228 Even3_393491	*
N	*	87	*	*	*	*	*	New.CleanUp.ReferenceOTU2290 Even3_58765	*
N	*	80	*	*	*	*	*	New.CleanUp.ReferenceOTU2293 Even2_277995	*
N	*	81	*	*	*	*	*	New.CleanUp.ReferenceOTU2295 Even3_301435	*
N	*	79	*	*	*	*	*	New.CleanUp.ReferenceOTU2297 Even2_251885	*
N	*	100	*	*	*	*	*	New.CleanUp.ReferenceOTU23 Even1_33865	*
N	*	96	*	*	*	*	*	New.CleanUp.ReferenceOTU230 Even3_356119	*
N	*	93	*	*	*	*	*	New.CleanUp.ReferenceOTU2302 Even1_266168	*
N	*	100	*	*	*	*	*	New.CleanUp.ReferenceOTU2303 Even3_206062	*
N	*	88	*	*	*	*	*	New.CleanUp.ReferenceOTU2307 Even2_274879	*
N	*	82	*	*	*	*	*	New.CleanUp.ReferenceOTU2316 Even3_393062	*
N	*	91	*	*	*	*	*	New.CleanUp.ReferenceOTU2318 Even2_270979	*
N	*	100	*	*	*	*	*	New.CleanUp.ReferenceOTU2322 Even1_314207	*
N	*	82	*	*	*	*	*	New.CleanUp.ReferenceOTU2324 Even3_397382	*
N	*	100	*	*	*	*	*	New.CleanUp.ReferenceOTU2331 Even2_256992	*
N	*	77	*	*	*	*	*	New.CleanUp.ReferenceOTU2336 Even1_378472	*
N	*	94	*	*	*	*	*	New.CleanUp.ReferenceOTU2347 Even3_327017	*
N	*	100	*	*	*	*	*	New.CleanUp.ReferenceOTU2348 Even1_53425	*
N	*	93	*	*	*	*	*	New.CleanUp.ReferenceOTU2350 Even3_23999	*
N	*	100	*	*	*	*	*	New.CleanUp.ReferenceOTU2352 Even1_309462	*
N	*	95	*	*	*	*	*	New.CleanUp.ReferenceOTU2357 Even2_277376	*
N	*	87	*	*	*	*	*	New.CleanUp.ReferenceOTU2360 Even2_198011	*
N	*	84	*	*	*	*	*	New.CleanUp.ReferenceOTU2361 Even3_305421	*
N	*	100	*	*	*	*	*	New.CleanUp.ReferenceOTU2367 Even1_310038	*
N	*	90	*	*	*	*	*	New.CleanUp.ReferenceOTU2368 Even2_12231	*
N	*	87	*	*	*	*	*	New.CleanUp.ReferenceOTU238 Even2_381708	*
N	*	86	*	*	*	*	*	New.CleanUp.ReferenceOTU2382 Even2_162348	*
N	*	76	*	*	*	*	*	New.CleanUp.ReferenceOTU2388 Even3_281592	*
N	*	96	*	*	*	*	*	New.CleanUp.ReferenceOTU2390 Even1_371722	*
N	*	100	*	*	*	*	*	New.CleanUp.ReferenceOTU2402 Even2_382307	*
N	*	100	*	*	*	*	*	New.CleanUp.ReferenceOTU2408 Even3_15606	*
N	*	81	*	*	*	*	*	New.CleanUp.ReferenceOTU2409 Even3_173396	*
N	*	82	*	*	*	*	*	New.CleanUp.ReferenceOTU2414 Even3_380766	*
N	*	76	*	*	*	*	*	New.CleanUp.ReferenceOTU2417 Even1_275292	*
N	*	96	*	*	*	*	*	New.CleanUp.ReferenceOTU2418 Even2_224364	*
N	*	95	*	*	*	*	*	New.CleanUp.ReferenceOTU2426 Even1_367742	*
N	*	81	*	*	*	*	*	New.CleanUp.ReferenceOTU2427 Even3_351821	*
N	*	94	*	*	*	*	*	New.CleanUp.ReferenceOTU2439 Even1_295096	*
N	*	100	*	*	*	*	*	New.CleanUp.ReferenceOTU2441 Even3_143295	*
N	*	100	*	*	*	*	*	New.CleanUp.ReferenceOTU2442 Even3_143297	*
N	*	85	*	*	*	*	*	New.CleanUp.ReferenceOTU2445 Even2_314348	*
N	*	100	*	*	*	*	*	New.CleanUp.ReferenceOTU2456 Even2_159849	*
N	*	93	*	*	*	*	*	New.CleanUp.ReferenceOTU246 Even2_22639	*
N	*	96	*	*	*	*	*	New.CleanUp.ReferenceOTU2460 Even1_4679	*
N	*	82	*	*	*	*	*	New.CleanUp.ReferenceOTU2466 Even2_397077	*
N	*	77	*	*	*	*	*	New.CleanUp.ReferenceOTU2467 Even3_151317	*
N	*	93	*	*	*	*	*	New.CleanUp.ReferenceOTU2468 Even1_159533	*
N	*	80	*	*	*	*	*	New.CleanUp.ReferenceOTU247 Even3_256772	*
N	*	96	*	*	*	*	*	New.CleanUp.ReferenceOTU2473 Even3_2272	*
N	*	95	*	*	*	*	*	New.CleanUp.ReferenceOTU2474 Even2_356993	*
N	*	91	*	*	*	*	*	New.CleanUp.ReferenceOTU2478 Even2_279010	*
N	*	93	*	*	*	*	*	New.CleanUp.ReferenceOTU248 Even3_79527	*
N	*	100	*	*	*	*	*	New.CleanUp.ReferenceOTU2484 Even3_323347	*
N	*	92	*	*	*	*	*	New.CleanUp.ReferenceOTU2485 Even3_88308	*
N	*	79	*	*	*	*	*	New.CleanUp.ReferenceOTU2487 Even1_224274	*
N	*	96	*	*	*	*	*	New.CleanUp.ReferenceOTU2492 Even1_310172	*
N	*	100	*	*	*	*	*	New.CleanUp.ReferenceOTU2493 Even1_196903	*
N	*	100	*	*	*	*	*	New.CleanUp.ReferenceOTU2497 Even2_136928	*
N	*	90	*	*	*	*	*	New.CleanUp.ReferenceOTU2498 Even2_393454	*
N	*	92	*	*	*	*	*	New.CleanUp.ReferenceOTU2499 Even2_274435	*
N	*	83	*	*	*	*	*	New.CleanUp.ReferenceOTU2505 Even2_91640	*
N	*	100	*	*	*	*	*	New.CleanUp.ReferenceOTU2507 Even3_375301	*
N	*	100	*	*	*	*	*	New.CleanUp.ReferenceOTU2509 Even3_375300	*
N	*	84	*	*	*	*	*	New.CleanUp.ReferenceOTU251 Even2_62120	*
N	*	100	*	*	*	*	*	New.CleanUp.ReferenceOTU2513 Even2_384445	*
N	*	86	*	*	*	*	*	New.CleanUp.ReferenceOTU2527 Even3_344491	*
N	*	82	*	*	*	*	*	New.CleanUp.ReferenceOTU253 Even3_299759	*
N	*	100	*	*	*	*	*	New.CleanUp.ReferenceOTU2530 Even2_388803	*
N	*	100	*	*	*	*	*	New.CleanUp.ReferenceOTU2532 Even2_393636	*
N	*	94	*	*	*	*	*	New.CleanUp.ReferenceOTU2534 Even2_393635	*
N	*	86	*	*	*	*	*	New.CleanUp.ReferenceOTU2555 Even1_57192	*
N	*	92	*	*	*	*	*	New.CleanUp.ReferenceOTU2557 Even1_282775	*
N	*	100	*	*	*	*	*	New.CleanUp.ReferenceOTU2564 Even1_384596	*
N	*	100	*	*	*	*	*	New.CleanUp.ReferenceOTU2566 Even1_318954	*
N	*	100	*	*	*	*	*	New.CleanUp.ReferenceOTU2572 Even2_346593	*
N	*	100	*	*	*	*	*	New.CleanUp.ReferenceOTU2575 Even2_360086	*
N	*	100	*	*	*	*	*	New.CleanUp.ReferenceOTU258 Even3_299750	*
N	*	77	*	*	*	*	*	New.CleanUp.ReferenceOTU2584 Even1_243688	*
N	*	85	*	*	*	*	*	New.CleanUp.ReferenceOTU2586 Even2_351618	*
N	*	81	*	*	*	*	*	New.CleanUp.ReferenceOTU2588 Even3_224807	*
N	*	100	*	*	*	*	*	New.CleanUp.ReferenceOTU2589 Even2_26394	*
N	*	100	*	*	*	*	*	New.CleanUp.ReferenceOTU2591 Even1_10307	*
N	*	79	*	*	*	*	*	New.CleanUp.ReferenceOTU2592 Even1_10650	*
N	*	94	*	*	*	*	*	New.CleanUp.ReferenceOTU2593 Even1_364224	*
N	*	89	*	*	*	*	*	New.CleanUp.ReferenceOTU2598 Even1_219495	*
N	*	100	*	*	*	*	*	New.CleanUp.ReferenceOTU26 Even2_297386	*
N	*	95	*	*	*	*	*	New.CleanUp.ReferenceOTU2600 Even3_300770	*
N	*	100	*	*	*	*	*	New.CleanUp.ReferenceOTU2602 Even3_183825	*
N	*	100	*	*	*	*	*	New.CleanUp.ReferenceOTU2607 Even1_257823	*
N	*	95	*	*	*	*	*	New.CleanUp.ReferenceOTU2609 Even2_386157	*
N	*	94	*	*	*	*	*	New.CleanUp.ReferenceOTU261 Even3_302023	*
N	*	100	*	*	*	*	*	New.CleanUp.ReferenceOTU2620 Even1_304399	*
N	*	78	*	*	*	*	*	New.CleanUp.ReferenceOTU2627 Even1_17175	*
N	*	78	*	*	*	*	*	New.CleanUp.ReferenceOTU2629 Even2_116900	*
N	*	100	*	*	*	*	*	New.CleanUp.ReferenceOTU263 Even3_371964	*
N	*	88	*	*	*	*	*	New.CleanUp.ReferenceOTU2630 Even1_226291	*
N	*	93	*	*	*	*	*	New.CleanUp.ReferenceOTU2632 Even1_225525	*
N	*	78	*	*	*	*	*	New.CleanUp.ReferenceOTU2635 Even1_323305	*
N	*	100	*	*	*	*	*	New.CleanUp.ReferenceOTU2637 Even1_42859	*
N	*	82	*	*	*	*	*	New.CleanUp.ReferenceOTU2638 Even2_112593	*
N	*	88	*	*	*	*	*	New.CleanUp.ReferenceOTU2641 Even2_225550	*
N	*	89	*	*	*	*	*	New.CleanUp.ReferenceOTU2649 Even3_296792	*
N	*	93	*	*	*	*	*	New.CleanUp.ReferenceOTU2655 Even1_381859	*
N	*	100	*	*	*	*	*	New.CleanUp.ReferenceOTU2657 Even3_375539	*
N	*	100	*	*	*	*	*	New.CleanUp.ReferenceOTU2664 Even3_378723	*
N	*	95	*	*	*	*	*	New.CleanUp.ReferenceOTU2666 Even2_148415	*
N	*	93	*	*	*	*	*	New.CleanUp.ReferenceOTU2668 Even1_357623	*
N	*	100	*	*	*	*	*	New.CleanUp.ReferenceOTU2674 Even3_397121	*
N	*	100	*	*	*	*	*	New.CleanUp.ReferenceOTU2675 Even1_360236	*
N	*	92	*	*	*	*	*	New.CleanUp.ReferenceOTU2680 Even1_280514	*
N	*	100	*	*	*	*	*	New.CleanUp.ReferenceOTU2682 Even1_396271	*
N	*	96	*	*	*	*	*	New.CleanUp.ReferenceOTU2685 Even3_276075	*
N	*	100	*	*	*	*	*	New.CleanUp.ReferenceOTU2688 Even1_265942	*
N	*	81	*	*	*	*	*	New.CleanUp.ReferenceOTU2691 Even3_333614	*
N	*	100	*	*	*	*	*	New.CleanUp.ReferenceOTU2693 Even1_11096	*
N	*	100	*	*	*	*	*	New.CleanUp.ReferenceOTU2702 Even3_359538	*
N	*	94	*	*	*	*	*	New.CleanUp.ReferenceOTU2709 Even2_372013	*
N	*	92	*	*	*	*	*	New.CleanUp.ReferenceOTU271 Even3_75410	*
N	*	100	*	*	*	*	*	New.CleanUp.ReferenceOTU2711 Even2_372011	*
N	*	91	*	*	*	*	*	New.CleanUp.ReferenceOTU2712 Even2_314404	*
N	*	83	*	*	*	*	*	New.CleanUp.ReferenceOTU2724 Even1_228290	*
N	*	96	*	*	*	*	*	New.CleanUp.ReferenceOTU2726 Even3_328217	*
N	*	87	*	*	*	*	*	New.CleanUp.ReferenceOTU2731 Even2_309408	*
N	*	90	*	*	*	*	*	New.CleanUp.ReferenceOTU2732 Even3_323234	*
N	*	81	*	*	*	*	*	New.CleanUp.ReferenceOTU2734 Even2_178867	*
N	*	83	*	*	*	*	*	New.CleanUp.ReferenceOTU2736 Even2_55953	*
N	*	80	*	*	*	*	*	New.CleanUp.ReferenceOTU2738 Even2_1803	*
N	*	92	*	*	*	*	*	New.CleanUp.ReferenceOTU2739 Even2_42112	*
N	*	83	*	*	*	*	*	New.CleanUp.ReferenceOTU2743 Even3_238236	*
N	*	100	*	*	*	*	*	New.CleanUp.ReferenceOTU2744 Even1_280991	*
N	*	85	*	*	*	*	*	New.CleanUp.ReferenceOTU2765 Even2_193506	*
N	*	92	*	*	*	*	*	New.CleanUp.ReferenceOTU2771 Even3_387528	*
N	*	85	*	*	*	*	*	New.CleanUp.ReferenceOTU2772 Even3_173070	*
N	*	100	*	*	*	*	*	New.CleanUp.ReferenceOTU2775 Even1_371380	*
N	*	100	*	*	*	*	*	New.CleanUp.ReferenceOTU2778 Even2_368592	*
N	*	90	*	*	*	*	*	New.CleanUp.ReferenceOTU2780 Even3_10943	*
N	*	85	*	*	*	*	*	New.CleanUp.ReferenceOTU2790 Even1_50243	*
N	*	87	*	*	*	*	*	New.CleanUp.ReferenceOTU2793 Even1_314228	*
N	*	100	*	*	*	*	*	New.CleanUp.ReferenceOTU280 Even1_359929	*
N	*	92	*	*	*	*	*	New.CleanUp.ReferenceOTU2800 Even3_280993	*
N	*	100	*	*	*	*	*	New.CleanUp.ReferenceOTU2803 Even3_71500	*
N	*	100	*	*	*	*	*	New.CleanUp.ReferenceOTU2805 Even3_294939	*
N	*	100	*	*	*	*	*	New.CleanUp.ReferenceOTU2807 Even2_100228	*
N	*	86	*	*	*	*	*	New.CleanUp.ReferenceOTU2811 Even1_305702	*
N	*	87	*	*	*	*	*	New.CleanUp.ReferenceOTU2813 Even1_209993	*
N	*	93	*	*	*	*	*	New.CleanUp.ReferenceOTU2816 Even3_299656	*
N	*	81	*	*	*	*	*	New.CleanUp.ReferenceOTU2821 Even2_338768	*
N	*	82	*	*	*	*	*	New.CleanUp.ReferenceOTU283 Even3_125163	*
N	*	91	*	*	*	*	*	New.CleanUp.ReferenceOTU2833 Even1_10847	*
N	*	100	*	*	*	*	*	New.CleanUp.ReferenceOTU2835 Even2_285180	*
N	*	82	*	*	*	*	*	New.CleanUp.ReferenceOTU2838 Even2_301958	*
N	*	100	*	*	*	*	*	New.CleanUp.ReferenceOTU284 Even2_371966	*
N	*	91	*	*	*	*	*	New.CleanUp.ReferenceOTU2844 Even1_249013	*
N	*	92	*	*	*	*	*	New.CleanUp.ReferenceOTU2847 Even1_287886	*
N	*	86	*	*	*	*	*	New.CleanUp.ReferenceOTU2848 Even2_234314	*
N	*	100	*	*	*	*	*	New.CleanUp.ReferenceOTU2851 Even2_250861	*
N	*	95	*	*	*	*	*	New.CleanUp.ReferenceOTU2853 Even1_376399	*
N	*	86	*	*	*	*	*	New.CleanUp.ReferenceOTU2854 Even2_35660	*
N	*	88	*	*	*	*	*	New.CleanUp.ReferenceOTU2857 Even1_368691	*
N	*	95	*	*	*	*	*	New.CleanUp.ReferenceOTU2859 Even1_368695	*
N	*	100	*	*	*	*	*	New.CleanUp.ReferenceOTU286 Even2_371962	*
N	*	86	*	*	*	*	*	New.CleanUp.ReferenceOTU2866 Even3_281641	*
N	*	95	*	*	*	*	*	New.CleanUp.ReferenceOTU2869 Even3_391992	*
N	*	80	*	*	*	*	*	New.CleanUp.ReferenceOTU2875 Even1_17546	*
N	*	96	*	*	*	*	*	New.CleanUp.ReferenceOTU2876 Even3_227243	*
N	*	100	*	*	*	*	*	New.CleanUp.ReferenceOTU2878 Even3_275423	*
N	*	100	*	*	*	*	*	New.CleanUp.ReferenceOTU2880 Even2_278035	*
N	*	100	*	*	*	*	*	New.CleanUp.ReferenceOTU2883 Even1_360534	*
N	*	100	*	*	*	*	*	New.CleanUp.ReferenceOTU2887 Even2_281482	*
N	*	100	*	*	*	*	*	New.CleanUp.ReferenceOTU2890 Even2_271005	*
N	*	96	*	*	*	*	*	New.CleanUp.ReferenceOTU2899 Even1_394759	*
N	*	76	*	*	*	*	*	New.CleanUp.ReferenceOTU290 Even3_321990	*
N	*	100	*	*	*	*	*	New.CleanUp.ReferenceOTU2901 Even3_280618	*
N	*	94	*	*	*	*	*	New.CleanUp.ReferenceOTU2902 Even3_364797	*
N	*	89	*	*	*	*	*	New.CleanUp.ReferenceOTU2906 Even2_280826	*
N	*	95	*	*	*	*	*	New.CleanUp.ReferenceOTU2921 Even1_364188	*
N	*	83	*	*	*	*	*	New.CleanUp.ReferenceOTU2922 Even1_281257	*
N	*	83	*	*	*	*	*	New.CleanUp.ReferenceOTU2923 Even3_387314	*
N	*	95	*	*	*	*	*	New.CleanUp.ReferenceOTU2927 Even1_397313	*
N	*	100	*	*	*	*	*	New.CleanUp.ReferenceOTU2930 Even3_372154	*
N	*	93	*	*	*	*	*	New.CleanUp.ReferenceOTU2931 Even2_395383	*
N	*	84	*	*	*	*	*	New.CleanUp.ReferenceOTU2934 Even1_95578	*
N	*	100	*	*	*	*	*	New.CleanUp.ReferenceOTU2935 Even3_200183	*
N	*	100	*	*	*	*	*	New.CleanUp.ReferenceOTU2937 Even3_99138	*
N	*	100	*	*	*	*	*	New.CleanUp.ReferenceOTU2938 Even3_378726	*
N	*	100	*	*	*	*	*	New.CleanUp.ReferenceOTU2939 Even1_111978	*
N	*	100	*	*	*	*	*	New.CleanUp.ReferenceOTU2942 Even3_364501	*
N	*	100	*	*	*	*	*	New.CleanUp.ReferenceOTU2945 Even2_136947	*
N	*	96	*	*	*	*	*	New.CleanUp.ReferenceOTU2946 Even1_366144	*
N	*	83	*	*	*	*	*	New.CleanUp.ReferenceOTU2950 Even2_174169	*
N	*	100	*	*	*	*	*	New.CleanUp.ReferenceOTU2951 Even2_217423	*
N	*	100	*	*	*	*	*	New.CleanUp.ReferenceOTU2954 Even3_265918	*
N	*	88	*	*	*	*	*	New.CleanUp.ReferenceOTU2956 Even3_155509	*
N	*	100	*	*	*	*	*	New.CleanUp.ReferenceOTU2957 Even2_367259	*
N	*	100	*	*	*	*	*	New.CleanUp.ReferenceOTU2961 Even2_384314	*
N	*	88	*	*	*	*	*	New.CleanUp.ReferenceOTU2964 Even1_280700	*
N	*	93	*	*	*	*	*	New.CleanUp.ReferenceOTU2972 Even1_323314	*
N	*	92	*	*	*	*	*	New.CleanUp.ReferenceOTU2974 Even1_266084	*
N	*	79	*	*	*	*	*	New.CleanUp.ReferenceOTU2977 Even1_310096	*
N	*	83	*	*	*	*	*	New.CleanUp.ReferenceOTU298 Even1_280460	*
N	*	100	*	*	*	*	*	New.CleanUp.ReferenceOTU2981 Even2_152497	*
N	*	100	*	*	*	*	*	New.CleanUp.ReferenceOTU2984 Even1_203481	*
N	*	100	*	*	*	*	*	New.CleanUp.ReferenceOTU2987 Even1_106245	*
N	*	96	*	*	*	*	*	New.CleanUp.ReferenceOTU299 Even3_364125	*
N	*	100	*	*	*	*	*	New.CleanUp.ReferenceOTU2994 Even3_386265	*
N	*	78	*	*	*	*	*	New.CleanUp.ReferenceOTU2999 Even1_101310	*
N	*	95	*	*	*	*	*	New.CleanUp.ReferenceOTU3 Even1_381514	*
N	*	100	*	*	*	*	*	New.CleanUp.ReferenceOTU3001 Even2_378902	*
N	*	100	*	*	*	*	*	New.CleanUp.ReferenceOTU3007 Even3_320666	*
N	*	100	*	*	*	*	*	New.CleanUp.ReferenceOTU3012 Even1_318796	*
N	*	100	*	*	*	*	*	New.CleanUp.ReferenceOTU3015 Even1_318124	*
N	*	100	*	*	*	*	*	New.CleanUp.ReferenceOTU3019 Even3_393455	*
N	*	100	*	*	*	*	*	New.CleanUp.ReferenceOTU3024 Even2_300622	*
N	*	77	*	*	*	*	*	New.CleanUp.ReferenceOTU3047 Even1_355536	*
N	*	100	*	*	*	*	*	New.CleanUp.ReferenceOTU3048 Even2_395448	*
N	*	93	*	*	*	*	*	New.CleanUp.ReferenceOTU3051 Even3_12025	*
N	*	100	*	*	*	*	*	New.CleanUp.ReferenceOTU3060 Even3_261320	*
N	*	100	*	*	*	*	*	New.CleanUp.ReferenceOTU3061 Even1_341632	*
N	*	100	*	*	*	*	*	New.CleanUp.ReferenceOTU3069 Even3_390906	*
N	*	100	*	*	*	*	*	New.CleanUp.ReferenceOTU3072 Even1_194120	*
N	*	81	*	*	*	*	*	New.CleanUp.ReferenceOTU3077 Even1_312895	*
N	*	91	*	*	*	*	*	New.CleanUp.ReferenceOTU3079 Even2_360570	*
N	*	90	*	*	*	*	*	New.CleanUp.ReferenceOTU3081 Even2_385997	*
N	*	100	*	*	*	*	*	New.CleanUp.ReferenceOTU3085 Even1_173628	*
N	*	100	*	*	*	*	*	New.CleanUp.ReferenceOTU3089 Even1_364394	*
N	*	91	*	*	*	*	*	New.CleanUp.ReferenceOTU3093 Even3_276448	*
N	*	100	*	*	*	*	*	New.CleanUp.ReferenceOTU3099 Even2_81171	*
N	*	100	*	*	*	*	*	New.CleanUp.ReferenceOTU31 Even2_388677	*
N	*	76	*	*	*	*	*	New.CleanUp.ReferenceOTU310 Even3_318324	*
N	*	100	*	*	*	*	*	New.CleanUp.ReferenceOTU3105 Even2_9021	*
N	*	94	*	*	*	*	*	New.CleanUp.ReferenceOTU3110 Even2_26840	*
N	*	100	*	*	*	*	*	New.CleanUp.ReferenceOTU3111 Even2_322997	*
N	*	100	*	*	*	*	*	New.CleanUp.ReferenceOTU3113 Even1_332424	*
N	*	80	*	*	*	*	*	New.CleanUp.ReferenceOTU3116 Even2_45675	*
N	*	79	*	*	*	*	*	New.CleanUp.ReferenceOTU3117 Even2_397503	*
N	*	100	*	*	*	*	*	New.CleanUp.ReferenceOTU3120 Even2_186193	*
N	*	83	*	*	*	*	*	New.CleanUp.ReferenceOTU3122 Even2_397050	*
N	*	100	*	*	*	*	*	New.CleanUp.ReferenceOTU3123 Even2_28914	*
N	*	100	*	*	*	*	*	New.CleanUp.ReferenceOTU3130 Even1_275665	*
N	*	95	*	*	*	*	*	New.CleanUp.ReferenceOTU3131 Even3_375089	*
N	*	100	*	*	*	*	*	New.CleanUp.ReferenceOTU3132 Even1_32435	*
N	*	78	*	*	*	*	*	New.CleanUp.ReferenceOTU3138 Even3_145414	*
N	*	100	*	*	*	*	*	New.CleanUp.ReferenceOTU3140 Even3_395310	*
N	*	100	*	*	*	*	*	New.CleanUp.ReferenceOTU3145 Even2_390144	*
N	*	100	*	*	*	*	*	New.CleanUp.ReferenceOTU315 Even2_386608	*
N	*	94	*	*	*	*	*	New.CleanUp.ReferenceOTU3150 Even3_337785	*
N	*	85	*	*	*	*	*	New.CleanUp.ReferenceOTU3162 Even1_323412	*
N	*	82	*	*	*	*	*	New.CleanUp.ReferenceOTU3164 Even1_293452	*
N	*	94	*	*	*	*	*	New.CleanUp.ReferenceOTU3165 Even3_322987	*
N	*	81	*	*	*	*	*	New.CleanUp.ReferenceOTU3174 Even2_19812	*
N	*	91	*	*	*	*	*	New.CleanUp.ReferenceOTU3176 Even3_181166	*
N	*	100	*	*	*	*	*	New.CleanUp.ReferenceOTU3177 Even1_298484	*
N	*	89	*	*	*	*	*	New.CleanUp.ReferenceOTU318 Even3_371740	*
N	*	79	*	*	*	*	*	New.CleanUp.ReferenceOTU3182 Even1_330489	*
N	*	100	*	*	*	*	*	New.CleanUp.ReferenceOTU3186 Even3_346486	*
N	*	88	*	*	*	*	*	New.CleanUp.ReferenceOTU3194 Even3_58543	*
N	*	95	*	*	*	*	*	New.CleanUp.ReferenceOTU3198 Even3_287409	*
N	*	92	*	*	*	*	*	New.CleanUp.ReferenceOTU3199 Even1_286936	*
N	*	82	*	*	*	*	*	New.CleanUp.ReferenceOTU3200 Even1_229896	*
N	*	100	*	*	*	*	*	New.CleanUp.ReferenceOTU3201 Even2_281295	*
N	*	100	*	*	*	*	*	New.CleanUp.ReferenceOTU3202 Even2_117768	*
N	*	82	*	*	*	*	*	New.CleanUp.ReferenceOTU3212 Even3_17267	*
N	*	85	*	*	*	*	*	New.CleanUp.ReferenceOTU3215 Even3_328493	*
N	*	84	*	*	*	*	*	New.CleanUp.ReferenceOTU3217 Even3_314297	*
N	*	82	*	*	*	*	*	New.CleanUp.ReferenceOTU3221 Even3_264528	*
N	*	93	*	*	*	*	*	New.CleanUp.ReferenceOTU3223 Even2_168325	*
N	*	77	*	*	*	*	*	New.CleanUp.ReferenceOTU3224 Even1_229093	*
N	*	77	*	*	*	*	*	New.CleanUp.ReferenceOTU3226 Even1_170475	*
N	*	81	*	*	*	*	*	New.CleanUp.ReferenceOTU3227 Even3_26681	*
N	*	82	*	*	*	*	*	New.CleanUp.ReferenceOTU3228 Even2_221903	*
N	*	100	*	*	*	*	*	New.CleanUp.ReferenceOTU323 Even3_276422	*
N	*	100	*	*	*	*	*	New.CleanUp.ReferenceOTU3232 Even1_4947	*
N	*	79	*	*	*	*	*	New.CleanUp.ReferenceOTU3233 Even1_124181	*
N	*	100	*	*	*	*	*	New.CleanUp.ReferenceOTU3238 Even3_284187	*
N	*	82	*	*	*	*	*	New.CleanUp.ReferenceOTU3240 Even2_63793	*
N	*	90	*	*	*	*	*	New.CleanUp.ReferenceOTU3243 Even3_245928	*
N	*	92	*	*	*	*	*	New.CleanUp.ReferenceOTU3244 Even3_76729	*
N	*	100	*	*	*	*	*	New.CleanUp.ReferenceOTU3251 Even3_377622	*
N	*	100	*	*	*	*	*	New.CleanUp.ReferenceOTU3260 Even1_389079	*
N	*	96	*	*	*	*	*	New.CleanUp.ReferenceOTU3262 Even3_360300	*
N	*	100	*	*	*	*	*	New.CleanUp.ReferenceOTU3266 Even3_346915	*
N	*	100	*	*	*	*	*	New.CleanUp.ReferenceOTU3272 Even2_145907	*
N	*	100	*	*	*	*	*	New.CleanUp.ReferenceOTU3273 Even3_275738	*
N	*	95	*	*	*	*	*	New.CleanUp.ReferenceOTU3292 Even1_390788	*
N	*	92	*	*	*	*	*	New.CleanUp.ReferenceOTU3311 Even2_390996	*
N	*	100	*	*	*	*	*	New.CleanUp.ReferenceOTU3314 Even1_283415	*
N	*	82	*	*	*	*	*	New.CleanUp.ReferenceOTU3318 Even3_11735	*
N	*	100	*	*	*	*	*	New.CleanUp.ReferenceOTU332 Even2_390724	*
N	*	100	*	*	*	*	*	New.CleanUp.ReferenceOTU3324 Even2_370772	*
N	*	100	*	*	*	*	*	New.CleanUp.ReferenceOTU3326 Even1_346434	*
N	*	96	*	*	*	*	*	New.CleanUp.ReferenceOTU333 Even2_390727	*
N	*	100	*	*	*	*	*	New.CleanUp.ReferenceOTU3337 Even2_356099	*
N	*	81	*	*	*	*	*	New.CleanUp.ReferenceOTU334 Even1_360385	*
N	*	100	*	*	*	*	*	New.CleanUp.ReferenceOTU3342 Even1_334227	*
N	*	100	*	*	*	*	*	New.CleanUp.ReferenceOTU3343 Even3_74064	*
N	*	89	*	*	*	*	*	New.CleanUp.ReferenceOTU3346 Even2_283847	*
N	*	100	*	*	*	*	*	New.CleanUp.ReferenceOTU3347 Even2_391151	*
N	*	95	*	*	*	*	*	New.CleanUp.ReferenceOTU3350 Even1_360084	*
N	*	92	*	*	*	*	*	New.CleanUp.ReferenceOTU3353 Even2_278019	*
N	*	79	*	*	*	*	*	New.CleanUp.ReferenceOTU3368 Even1_341373	*
N	*	91	*	*	*	*	*	New.CleanUp.ReferenceOTU3370 Even2_271068	*
N	*	100	*	*	*	*	*	New.CleanUp.ReferenceOTU3372 Even2_354499	*
N	*	96	*	*	*	*	*	New.CleanUp.ReferenceOTU3373 Even3_363793	*
N	*	82	*	*	*	*	*	New.CleanUp.ReferenceOTU3376 Even1_85259	*
N	*	100	*	*	*	*	*	New.CleanUp.ReferenceOTU3383 Even3_368410	*
N	*	100	*	*	*	*	*	New.CleanUp.ReferenceOTU3384 Even3_384353	*
N	*	100	*	*	*	*	*	New.CleanUp.ReferenceOTU3388 Even3_384428	*
N	*	91	*	*	*	*	*	New.CleanUp.ReferenceOTU339 Even3_143843	*
N	*	100	*	*	*	*	*	New.CleanUp.ReferenceOTU340 Even3_391095	*
N	*	93	*	*	*	*	*	New.CleanUp.ReferenceOTU3405 Even3_388717	*
N	*	92	*	*	*	*	*	New.CleanUp.ReferenceOTU3406 Even3_388714	*
N	*	100	*	*	*	*	*	New.CleanUp.ReferenceOTU341 Even2_287477	*
N	*	100	*	*	*	*	*	New.CleanUp.ReferenceOTU3416 Even3_266119	*
N	*	96	*	*	*	*	*	New.CleanUp.ReferenceOTU3418 Even2_313658	*
N	*	100	*	*	*	*	*	New.CleanUp.ReferenceOTU3427 Even3_267199	*
N	*	100	*	*	*	*	*	New.CleanUp.ReferenceOTU343 Even2_314209	*
N	*	100	*	*	*	*	*	New.CleanUp.ReferenceOTU3430 Even3_356400	*
N	*	100	*	*	*	*	*	New.CleanUp.ReferenceOTU3433 Even3_290375	*
N	*	100	*	*	*	*	*	New.CleanUp.ReferenceOTU3438 Even1_252151	*
N	*	76	*	*	*	*	*	New.CleanUp.ReferenceOTU3441 Even1_390810	*
N	*	96	*	*	*	*	*	New.CleanUp.ReferenceOTU3442 Even2_332660	*
N	*	88	*	*	*	*	*	New.CleanUp.ReferenceOTU3445 Even1_277139	*
N	*	100	*	*	*	*	*	New.CleanUp.ReferenceOTU3449 Even2_323320	*
N	*	82	*	*	*	*	*	New.CleanUp.ReferenceOTU345 Even3_397190	*
N	*	100	*	*	*	*	*	New.CleanUp.ReferenceOTU3450 Even3_351328	*
N	*	94	*	*	*	*	*	New.CleanUp.ReferenceOTU3452 Even2_367275	*
N	*	91	*	*	*	*	*	New.CleanUp.ReferenceOTU3454 Even3_263567	*
N	*	100	*	*	*	*	*	New.CleanUp.ReferenceOTU3455 Even2_384376	*
N	*	83	*	*	*	*	*	New.CleanUp.ReferenceOTU3456 Even3_313527	*
N	*	95	*	*	*	*	*	New.CleanUp.ReferenceOTU3459 Even1_302276	*
N	*	83	*	*	*	*	*	New.CleanUp.ReferenceOTU3463 Even1_106225	*
N	*	81	*	*	*	*	*	New.CleanUp.ReferenceOTU3465 Even3_376720	*
N	*	100	*	*	*	*	*	New.CleanUp.ReferenceOTU3467 Even1_375445	*
N	*	82	*	*	*	*	*	New.CleanUp.ReferenceOTU3468 Even2_267720	*
N	*	92	*	*	*	*	*	New.CleanUp.ReferenceOTU3469 Even2_267722	*
N	*	95	*	*	*	*	*	New.CleanUp.ReferenceOTU3473 Even3_144319	*
N	*	85	*	*	*	*	*	New.CleanUp.ReferenceOTU3482 Even3_102942	*
N	*	89	*	*	*	*	*	New.CleanUp.ReferenceOTU3485 Even2_371140	*
N	*	93	*	*	*	*	*	New.CleanUp.ReferenceOTU3486 Even2_371141	*
N	*	100	*	*	*	*	*	New.CleanUp.ReferenceOTU3489 Even3_341771	*
N	*	76	*	*	*	*	*	New.CleanUp.ReferenceOTU3492 Even1_314583	*
N	*	92	*	*	*	*	*	New.CleanUp.ReferenceOTU3494 Even3_386247	*
N	*	87	*	*	*	*	*	New.CleanUp.ReferenceOTU3495 Even3_281320	*
N	*	100	*	*	*	*	*	New.CleanUp.ReferenceOTU35 Even2_388679	*
N	*	85	*	*	*	*	*	New.CleanUp.ReferenceOTU350 Even2_356705	*
N	*	100	*	*	*	*	*	New.CleanUp.ReferenceOTU3507 Even3_224599	*
N	*	95	*	*	*	*	*	New.CleanUp.ReferenceOTU351 Even1_281738	*
N	*	77	*	*	*	*	*	New.CleanUp.ReferenceOTU3510 Even2_306131	*
N	*	100	*	*	*	*	*	New.CleanUp.ReferenceOTU3511 Even1_146203	*
N	*	100	*	*	*	*	*	New.CleanUp.ReferenceOTU3512 Even2_317487	*
N	*	100	*	*	*	*	*	New.CleanUp.ReferenceOTU3513 Even1_154212	*
N	*	93	*	*	*	*	*	New.CleanUp.ReferenceOTU352 Even1_33575	*
N	*	80	*	*	*	*	*	New.CleanUp.ReferenceOTU3523 Even1_145243	*
N	*	82	*	*	*	*	*	New.CleanUp.ReferenceOTU3526 Even1_101236	*
N	*	100	*	*	*	*	*	New.CleanUp.ReferenceOTU3528 Even1_99877	*
N	*	91	*	*	*	*	*	New.CleanUp.ReferenceOTU353 Even1_33570	*
N	*	100	*	*	*	*	*	New.CleanUp.ReferenceOTU3531 Even1_173296	*
N	*	90	*	*	*	*	*	New.CleanUp.ReferenceOTU3537 Even3_381738	*
N	*	82	*	*	*	*	*	New.CleanUp.ReferenceOTU3539 Even3_12340	*
N	*	100	*	*	*	*	*	New.CleanUp.ReferenceOTU3541 Even2_112004	*
N	*	100	*	*	*	*	*	New.CleanUp.ReferenceOTU355 Even1_351310	*
N	*	83	*	*	*	*	*	New.CleanUp.ReferenceOTU3553 Even2_397086	*
N	*	92	*	*	*	*	*	New.CleanUp.ReferenceOTU3565 Even1_364372	*
N	*	81	*	*	*	*	*	New.CleanUp.ReferenceOTU3569 Even2_397314	*
N	*	94	*	*	*	*	*	New.CleanUp.ReferenceOTU357 Even3_154120	*
N	*	100	*	*	*	*	*	New.CleanUp.ReferenceOTU3570 Even3_101609	*
N	*	83	*	*	*	*	*	New.CleanUp.ReferenceOTU3571 Even1_82066	*
N	*	100	*	*	*	*	*	New.CleanUp.ReferenceOTU3575 Even1_305269	*
N	*	100	*	*	*	*	*	New.CleanUp.ReferenceOTU3577 Even3_375710	*
N	*	100	*	*	*	*	*	New.CleanUp.ReferenceOTU3578 Even3_378896	*
N	*	100	*	*	*	*	*	New.CleanUp.ReferenceOTU3579 Even2_15927	*
N	*	100	*	*	*	*	*	New.CleanUp.ReferenceOTU3581 Even2_3026	*
N	*	100	*	*	*	*	*	New.CleanUp.ReferenceOTU3582 Even2_279021	*
N	*	85	*	*	*	*	*	New.CleanUp.ReferenceOTU3586 Even1_300720	*
N	*	90	*	*	*	*	*	New.CleanUp.ReferenceOTU359 Even3_334232	*
N	*	100	*	*	*	*	*	New.CleanUp.ReferenceOTU3596 Even2_274223	*
N	*	81	*	*	*	*	*	New.CleanUp.ReferenceOTU36 Even1_50286	*
N	*	100	*	*	*	*	*	New.CleanUp.ReferenceOTU361 Even1_61657	*
N	*	100	*	*	*	*	*	New.CleanUp.ReferenceOTU3614 Even1_1402	*
N	*	83	*	*	*	*	*	New.CleanUp.ReferenceOTU3620 Even3_395337	*
N	*	94	*	*	*	*	*	New.CleanUp.ReferenceOTU3621 Even3_395334	*
N	*	100	*	*	*	*	*	New.CleanUp.ReferenceOTU3625 Even3_396832	*
N	*	96	*	*	*	*	*	New.CleanUp.ReferenceOTU3628 Even2_179847	*
N	*	100	*	*	*	*	*	New.CleanUp.ReferenceOTU3632 Even2_267833	*
N	*	100	*	*	*	*	*	New.CleanUp.ReferenceOTU3633 Even2_297498	*
N	*	86	*	*	*	*	*	New.CleanUp.ReferenceOTU3637 Even1_59263	*
N	*	100	*	*	*	*	*	New.CleanUp.ReferenceOTU3639 Even2_356685	*
N	*	80	*	*	*	*	*	New.CleanUp.ReferenceOTU3641 Even2_289609	*
N	*	91	*	*	*	*	*	New.CleanUp.ReferenceOTU3645 Even1_171032	*
N	*	100	*	*	*	*	*	New.CleanUp.ReferenceOTU365 Even3_314060	*
N	*	88	*	*	*	*	*	New.CleanUp.ReferenceOTU3652 Even2_372054	*
N	*	100	*	*	*	*	*	New.CleanUp.ReferenceOTU3653 Even3_384653	*
N	*	96	*	*	*	*	*	New.CleanUp.ReferenceOTU3655 Even2_10523	*
N	*	81	*	*	*	*	*	New.CleanUp.ReferenceOTU3657 Even3_292095	*
N	*	100	*	*	*	*	*	New.CleanUp.ReferenceOTU366 Even3_368330	*
N	*	100	*	*	*	*	*	New.CleanUp.ReferenceOTU3661 Even3_269483	*
N	*	76	*	*	*	*	*	New.CleanUp.ReferenceOTU3662 Even3_371635	*
N	*	80	*	*	*	*	*	New.CleanUp.ReferenceOTU3664 Even3_272199	*
N	*	81	*	*	*	*	*	New.CleanUp.ReferenceOTU3668 Even1_220895	*
N	*	100	*	*	*	*	*	New.CleanUp.ReferenceOTU3671 Even2_314114	*
N	*	100	*	*	*	*	*	New.CleanUp.ReferenceOTU3672 Even3_395177	*
N	*	95	*	*	*	*	*	New.CleanUp.ReferenceOTU3673 Even1_375143	*
N	*	100	*	*	*	*	*	New.CleanUp.ReferenceOTU3679 Even3_127453	*
N	*	96	*	*	*	*	*	New.CleanUp.ReferenceOTU368 Even3_384230	*
N	*	100	*	*	*	*	*	New.CleanUp.ReferenceOTU3682 Even2_394976	*
N	*	93	*	*	*	*	*	New.CleanUp.ReferenceOTU3683 Even2_201839	*
N	*	92	*	*	*	*	*	New.CleanUp.ReferenceOTU3687 Even3_267059	*
N	*	95	*	*	*	*	*	New.CleanUp.ReferenceOTU3688 Even2_333276	*
N	*	85	*	*	*	*	*	New.CleanUp.ReferenceOTU3689 Even1_323432	*
N	*	90	*	*	*	*	*	New.CleanUp.ReferenceOTU3694 Even1_328511	*
N	*	94	*	*	*	*	*	New.CleanUp.ReferenceOTU37 Even1_346507	*
N	*	76	*	*	*	*	*	New.CleanUp.ReferenceOTU3704 Even1_377783	*
N	*	81	*	*	*	*	*	New.CleanUp.ReferenceOTU3712 Even2_368888	*
N	*	79	*	*	*	*	*	New.CleanUp.ReferenceOTU372 Even1_82532	*
N	*	76	*	*	*	*	*	New.CleanUp.ReferenceOTU3721 Even1_124167	*
N	*	88	*	*	*	*	*	New.CleanUp.ReferenceOTU3723 Even1_284803	*
N	*	100	*	*	*	*	*	New.CleanUp.ReferenceOTU3734 Even1_378630	*
N	*	100	*	*	*	*	*	New.CleanUp.ReferenceOTU3736 Even2_224918	*
N	*	94	*	*	*	*	*	New.CleanUp.ReferenceOTU3738 Even2_191380	*
N	*	93	*	*	*	*	*	New.CleanUp.ReferenceOTU3747 Even3_234157	*
N	*	80	*	*	*	*	*	New.CleanUp.ReferenceOTU3748 Even3_12803	*
N	*	95	*	*	*	*	*	New.CleanUp.ReferenceOTU3749 Even1_276053	*
N	*	90	*	*	*	*	*	New.CleanUp.ReferenceOTU3751 Even2_55003	*
N	*	100	*	*	*	*	*	New.CleanUp.ReferenceOTU376 Even2_302119	*
N	*	96	*	*	*	*	*	New.CleanUp.ReferenceOTU3763 Even2_145961	*
N	*	100	*	*	*	*	*	New.CleanUp.ReferenceOTU3766 Even3_393552	*
N	*	91	*	*	*	*	*	New.CleanUp.ReferenceOTU3772 Even3_393445	*
N	*	82	*	*	*	*	*	New.CleanUp.ReferenceOTU3774 Even3_136173	*
N	*	93	*	*	*	*	*	New.CleanUp.ReferenceOTU3777 Even3_299617	*
N	*	82	*	*	*	*	*	New.CleanUp.ReferenceOTU378 Even2_30943	*
N	*	86	*	*	*	*	*	New.CleanUp.ReferenceOTU3790 Even1_368526	*
N	*	77	*	*	*	*	*	New.CleanUp.ReferenceOTU3803 Even1_391428	*
N	*	95	*	*	*	*	*	New.CleanUp.ReferenceOTU3809 Even2_388721	*
N	*	100	*	*	*	*	*	New.CleanUp.ReferenceOTU3810 Even1_150253	*
N	*	96	*	*	*	*	*	New.CleanUp.ReferenceOTU3811 Even2_386077	*
N	*	100	*	*	*	*	*	New.CleanUp.ReferenceOTU3812 Even3_5256	*
N	*	88	*	*	*	*	*	New.CleanUp.ReferenceOTU3813 Even2_378562	*
N	*	100	*	*	*	*	*	New.CleanUp.ReferenceOTU3820 Even3_10897	*
N	*	94	*	*	*	*	*	New.CleanUp.ReferenceOTU3823 Even2_314323	*
N	*	100	*	*	*	*	*	New.CleanUp.ReferenceOTU3827 Even1_367725	*
N	*	100	*	*	*	*	*	New.CleanUp.ReferenceOTU3828 Even1_212556	*
N	*	79	*	*	*	*	*	New.CleanUp.ReferenceOTU383 Even1_372134	*
N	*	100	*	*	*	*	*	New.CleanUp.ReferenceOTU3832 Even1_96499	*
N	*	76	*	*	*	*	*	New.CleanUp.ReferenceOTU3835 Even3_274627	*
N	*	78	*	*	*	*	*	New.CleanUp.ReferenceOTU3836 Even1_280928	*
N	*	77	*	*	*	*	*	New.CleanUp.ReferenceOTU3837 Even3_208785	*
N	*	92	*	*	*	*	*	New.CleanUp.ReferenceOTU3839 Even1_170211	*
N	*	100	*	*	*	*	*	New.CleanUp.ReferenceOTU385 Even2_375412	*
N	*	96	*	*	*	*	*	New.CleanUp.ReferenceOTU3851 Even3_380095	*
N	*	94	*	*	*	*	*	New.CleanUp.ReferenceOTU3852 Even3_119889	*
N	*	96	*	*	*	*	*	New.CleanUp.ReferenceOTU3860 Even2_271042	*
N	*	95	*	*	*	*	*	New.CleanUp.ReferenceOTU3861 Even1_281036	*
N	*	100	*	*	*	*	*	New.CleanUp.ReferenceOTU3863 Even3_19672	*
N	*	77	*	*	*	*	*	New.CleanUp.ReferenceOTU3864 Even3_232833	*
N	*	92	*	*	*	*	*	New.CleanUp.ReferenceOTU3869 Even3_384403	*
N	*	91	*	*	*	*	*	New.CleanUp.ReferenceOTU387 Even1_271075	*
N	*	100	*	*	*	*	*	New.CleanUp.ReferenceOTU3874 Even2_71968	*
N	*	100	*	*	*	*	*	New.CleanUp.ReferenceOTU388 Even1_218497	*
N	*	100	*	*	*	*	*	New.CleanUp.ReferenceOTU3881 Even3_266281	*
N	*	91	*	*	*	*	*	New.CleanUp.ReferenceOTU3883 Even2_395345	*
N	*	91	*	*	*	*	*	New.CleanUp.ReferenceOTU3885 Even2_395347	*
N	*	100	*	*	*	*	*	New.CleanUp.ReferenceOTU3889 Even3_276196	*
N	*	100	*	*	*	*	*	New.CleanUp.ReferenceOTU389 Even2_251919	*
N	*	100	*	*	*	*	*	New.CleanUp.ReferenceOTU3893 Even2_8127	*
N	*	100	*	*	*	*	*	New.CleanUp.ReferenceOTU3894 Even3_388770	*
N	*	95	*	*	*	*	*	New.CleanUp.ReferenceOTU3895 Even1_305703	*
N	*	100	*	*	*	*	*	New.CleanUp.ReferenceOTU3896 Even2_96150	*
N	*	89	*	*	*	*	*	New.CleanUp.ReferenceOTU3899 Even3_82774	*
N	*	100	*	*	*	*	*	New.CleanUp.ReferenceOTU390 Even1_302100	*
N	*	100	*	*	*	*	*	New.CleanUp.ReferenceOTU3906 Even2_263883	*
N	*	93	*	*	*	*	*	New.CleanUp.ReferenceOTU3912 Even2_275745	*
N	*	91	*	*	*	*	*	New.CleanUp.ReferenceOTU3914 Even2_275747	*
N	*	100	*	*	*	*	*	New.CleanUp.ReferenceOTU3921 Even1_143237	*
N	*	84	*	*	*	*	*	New.CleanUp.ReferenceOTU3923 Even2_212414	*
N	*	93	*	*	*	*	*	New.CleanUp.ReferenceOTU3925 Even3_297466	*
N	*	95	*	*	*	*	*	New.CleanUp.ReferenceOTU3926 Even1_371346	*
N	*	89	*	*	*	*	*	New.CleanUp.ReferenceOTU3927 Even2_302051	*
N	*	93	*	*	*	*	*	New.CleanUp.ReferenceOTU393 Even2_290172	*
N	*	76	*	*	*	*	*	New.CleanUp.ReferenceOTU3942 Even3_266188	*
N	*	100	*	*	*	*	*	New.CleanUp.ReferenceOTU3943 Even3_329932	*
N	*	100	*	*	*	*	*	New.CleanUp.ReferenceOTU3945 Even1_92490	*
N	*	76	*	*	*	*	*	New.CleanUp.ReferenceOTU3946 Even1_278868	*
N	*	100	*	*	*	*	*	New.CleanUp.ReferenceOTU3948 Even2_125030	*
N	*	100	*	*	*	*	*	New.CleanUp.ReferenceOTU3949 Even3_126642	*
N	*	100	*	*	*	*	*	New.CleanUp.ReferenceOTU3953 Even3_280657	*
N	*	100	*	*	*	*	*	New.CleanUp.ReferenceOTU3954 Even1_117051	*
N	*	85	*	*	*	*	*	New.CleanUp.ReferenceOTU3955 Even2_281557	*
N	*	94	*	*	*	*	*	New.CleanUp.ReferenceOTU3956 Even2_280908	*
N	*	94	*	*	*	*	*	New.CleanUp.ReferenceOTU3974 Even1_296929	*
N	*	82	*	*	*	*	*	New.CleanUp.ReferenceOTU3976 Even2_37270	*
N	*	94	*	*	*	*	*	New.CleanUp.ReferenceOTU398 Even1_375299	*
N	*	90	*	*	*	*	*	New.CleanUp.ReferenceOTU3980 Even3_156016	*
N	*	80	*	*	*	*	*	New.CleanUp.ReferenceOTU3983 Even3_247590	*
N	*	86	*	*	*	*	*	New.CleanUp.ReferenceOTU3986 Even1_318931	*
N	*	100	*	*	*	*	*	New.CleanUp.ReferenceOTU399 Even2_393577	*
N	*	100	*	*	*	*	*	New.CleanUp.ReferenceOTU3999 Even1_123654	*
N	*	100	*	*	*	*	*	New.CleanUp.ReferenceOTU4003 Even1_159315	*
N	*	84	*	*	*	*	*	New.CleanUp.ReferenceOTU4009 Even3_397061	*
N	*	100	*	*	*	*	*	New.CleanUp.ReferenceOTU4019 Even2_375086	*
N	*	83	*	*	*	*	*	New.CleanUp.ReferenceOTU402 Even1_202763	*
N	*	94	*	*	*	*	*	New.CleanUp.ReferenceOTU4026 Even3_162018	*
N	*	80	*	*	*	*	*	New.CleanUp.ReferenceOTU4028 Even1_149131	*
N	*	80	*	*	*	*	*	New.CleanUp.ReferenceOTU4033 Even1_218392	*
N	*	95	*	*	*	*	*	New.CleanUp.ReferenceOTU4043 Even3_390941	*
N	*	77	*	*	*	*	*	New.CleanUp.ReferenceOTU4045 Even1_364353	*
N	*	89	*	*	*	*	*	New.CleanUp.ReferenceOTU4047 Even1_299312	*
N	*	77	*	*	*	*	*	New.CleanUp.ReferenceOTU4048 Even1_310759	*
N	*	94	*	*	*	*	*	New.CleanUp.ReferenceOTU405 Even3_264433	*
N	*	100	*	*	*	*	*	New.CleanUp.ReferenceOTU4057 Even3_166868	*
N	*	78	*	*	*	*	*	New.CleanUp.ReferenceOTU4059 Even2_310769	*
N	*	94	*	*	*	*	*	New.CleanUp.ReferenceOTU4061 Even1_301563	*
N	*	84	*	*	*	*	*	New.CleanUp.ReferenceOTU4066 Even1_104191	*
N	*	100	*	*	*	*	*	New.CleanUp.ReferenceOTU407 Even3_265818	*
N	*	100	*	*	*	*	*	New.CleanUp.ReferenceOTU4071 Even3_69866	*
N	*	86	*	*	*	*	*	New.CleanUp.ReferenceOTU4075 Even1_104227	*
N	*	100	*	*	*	*	*	New.CleanUp.ReferenceOTU4077 Even3_4815	*
N	*	85	*	*	*	*	*	New.CleanUp.ReferenceOTU4079 Even1_62532	*
N	*	100	*	*	*	*	*	New.CleanUp.ReferenceOTU4080 Even3_61674	*
N	*	94	*	*	*	*	*	New.CleanUp.ReferenceOTU4088 Even3_278010	*
N	*	76	*	*	*	*	*	New.CleanUp.ReferenceOTU4093 Even1_85932	*
N	*	100	*	*	*	*	*	New.CleanUp.ReferenceOTU4095 Even3_378746	*
N	*	100	*	*	*	*	*	New.CleanUp.ReferenceOTU4096 Even1_279121	*
N	*	100	*	*	*	*	*	New.CleanUp.ReferenceOTU4099 Even3_378742	*
N	*	100	*	*	*	*	*	New.CleanUp.ReferenceOTU4101 Even3_378740	*
N	*	100	*	*	*	*	*	New.CleanUp.ReferenceOTU4103 Even2_296873	*
N	*	83	*	*	*	*	*	New.CleanUp.ReferenceOTU4105 Even2_290091	*
N	*	83	*	*	*	*	*	New.CleanUp.ReferenceOTU4109 Even1_47262	*
N	*	85	*	*	*	*	*	New.CleanUp.ReferenceOTU4110 Even3_199693	*
N	*	83	*	*	*	*	*	New.CleanUp.ReferenceOTU4112 Even2_173476	*
N	*	89	*	*	*	*	*	New.CleanUp.ReferenceOTU4113 Even2_185267	*
N	*	93	*	*	*	*	*	New.CleanUp.ReferenceOTU4116 Even3_375526	*
N	*	76	*	*	*	*	*	New.CleanUp.ReferenceOTU4121 Even3_388542	*
N	*	100	*	*	*	*	*	New.CleanUp.ReferenceOTU4123 Even1_303055	*
N	*	100	*	*	*	*	*	New.CleanUp.ReferenceOTU4127 Even1_170539	*
N	*	83	*	*	*	*	*	New.CleanUp.ReferenceOTU4132 Even1_222753	*
N	*	100	*	*	*	*	*	New.CleanUp.ReferenceOTU4142 Even2_281828	*
N	*	84	*	*	*	*	*	New.CleanUp.ReferenceOTU4143 Even1_86793	*
N	*	77	*	*	*	*	*	New.CleanUp.ReferenceOTU4144 Even2_281700	*
N	*	95	*	*	*	*	*	New.CleanUp.ReferenceOTU4149 Even3_11716	*
N	*	100	*	*	*	*	*	New.CleanUp.ReferenceOTU4152 Even1_49198	*
N	*	88	*	*	*	*	*	New.CleanUp.ReferenceOTU4154 Even2_388140	*
N	*	82	*	*	*	*	*	New.CleanUp.ReferenceOTU4156 Even3_187380	*
N	*	100	*	*	*	*	*	New.CleanUp.ReferenceOTU4158 Even2_314289	*
N	*	92	*	*	*	*	*	New.CleanUp.ReferenceOTU416 Even1_333933	*
N	*	100	*	*	*	*	*	New.CleanUp.ReferenceOTU4168 Even2_372075	*
N	*	100	*	*	*	*	*	New.CleanUp.ReferenceOTU4169 Even2_333255	*
N	*	96	*	*	*	*	*	New.CleanUp.ReferenceOTU417 Even1_372253	*
N	*	88	*	*	*	*	*	New.CleanUp.ReferenceOTU4172 Even1_328536	*
N	*	81	*	*	*	*	*	New.CleanUp.ReferenceOTU4174 Even1_217664	*
N	*	95	*	*	*	*	*	New.CleanUp.ReferenceOTU4177 Even2_36406	*
N	*	83	*	*	*	*	*	New.CleanUp.ReferenceOTU418 Even3_6255	*
N	*	100	*	*	*	*	*	New.CleanUp.ReferenceOTU4185 Even2_124536	*
N	*	94	*	*	*	*	*	New.CleanUp.ReferenceOTU4189 Even3_187920	*
N	*	100	*	*	*	*	*	New.CleanUp.ReferenceOTU4198 Even1_272246	*
N	*	84	*	*	*	*	*	New.CleanUp.ReferenceOTU4201 Even1_167060	*
N	*	84	*	*	*	*	*	New.CleanUp.ReferenceOTU4202 Even1_378960	*
N	*	100	*	*	*	*	*	New.CleanUp.ReferenceOTU4206 Even1_223334	*
N	*	100	*	*	*	*	*	New.CleanUp.ReferenceOTU4209 Even1_153019	*
N	*	96	*	*	*	*	*	New.CleanUp.ReferenceOTU4212 Even1_363743	*
N	*	100	*	*	*	*	*	New.CleanUp.ReferenceOTU4213 Even3_313289	*
N	*	85	*	*	*	*	*	New.CleanUp.ReferenceOTU4219 Even3_276417	*
N	*	100	*	*	*	*	*	New.CleanUp.ReferenceOTU4222 Even3_276412	*
N	*	85	*	*	*	*	*	New.CleanUp.ReferenceOTU4227 Even3_284360	*
N	*	80	*	*	*	*	*	New.CleanUp.ReferenceOTU423 Even3_360433	*
N	*	84	*	*	*	*	*	New.CleanUp.ReferenceOTU4230 Even1_70517	*
N	*	85	*	*	*	*	*	New.CleanUp.ReferenceOTU4233 Even3_381940	*
N	*	100	*	*	*	*	*	New.CleanUp.ReferenceOTU4236 Even1_267250	*
N	*	100	*	*	*	*	*	New.CleanUp.ReferenceOTU4238 Even3_386637	*
N	*	78	*	*	*	*	*	New.CleanUp.ReferenceOTU4251 Even3_281511	*
N	*	100	*	*	*	*	*	New.CleanUp.ReferenceOTU4254 Even2_319617	*
N	*	100	*	*	*	*	*	New.CleanUp.ReferenceOTU4258 Even3_390883	*
N	*	100	*	*	*	*	*	New.CleanUp.ReferenceOTU4261 Even1_194579	*
N	*	93	*	*	*	*	*	New.CleanUp.ReferenceOTU4264 Even3_45492	*
N	*	100	*	*	*	*	*	New.CleanUp.ReferenceOTU4265 Even2_378764	*
N	*	100	*	*	*	*	*	New.CleanUp.ReferenceOTU4269 Even1_56673	*
N	*	80	*	*	*	*	*	New.CleanUp.ReferenceOTU427 Even1_152147	*
N	*	92	*	*	*	*	*	New.CleanUp.ReferenceOTU4270 Even2_21908	*
N	*	100	*	*	*	*	*	New.CleanUp.ReferenceOTU4275 Even1_6733	*
N	*	100	*	*	*	*	*	New.CleanUp.ReferenceOTU428 Even3_281466	*
N	*	100	*	*	*	*	*	New.CleanUp.ReferenceOTU4280 Even2_388701	*
N	*	100	*	*	*	*	*	New.CleanUp.ReferenceOTU4283 Even2_299680	*
N	*	100	*	*	*	*	*	New.CleanUp.ReferenceOTU4287 Even2_378582	*
N	*	100	*	*	*	*	*	New.CleanUp.ReferenceOTU4290 Even2_137132	*
N	*	100	*	*	*	*	*	New.CleanUp.ReferenceOTU4298 Even1_65932	*
N	*	100	*	*	*	*	*	New.CleanUp.ReferenceOTU4310 Even2_42695	*
N	*	100	*	*	*	*	*	New.CleanUp.ReferenceOTU4311 Even1_27732	*
N	*	86	*	*	*	*	*	New.CleanUp.ReferenceOTU4313 Even2_391113	*
N	*	81	*	*	*	*	*	New.CleanUp.ReferenceOTU4315 Even1_357922	*
N	*	100	*	*	*	*	*	New.CleanUp.ReferenceOTU432 Even3_381853	*
N	*	93	*	*	*	*	*	New.CleanUp.ReferenceOTU4326 Even3_209392	*
N	*	100	*	*	*	*	*	New.CleanUp.ReferenceOTU4328 Even1_360596	*
N	*	88	*	*	*	*	*	New.CleanUp.ReferenceOTU4333 Even1_19387	*
N	*	100	*	*	*	*	*	New.CleanUp.ReferenceOTU434 Even1_371993	*
N	*	90	*	*	*	*	*	New.CleanUp.ReferenceOTU4340 Even2_297519	*
N	*	84	*	*	*	*	*	New.CleanUp.ReferenceOTU4342 Even1_183469	*
N	*	83	*	*	*	*	*	New.CleanUp.ReferenceOTU4347 Even3_106440	*
N	*	92	*	*	*	*	*	New.CleanUp.ReferenceOTU4352 Even3_346046	*
N	*	91	*	*	*	*	*	New.CleanUp.ReferenceOTU4354 Even3_389884	*
N	*	95	*	*	*	*	*	New.CleanUp.ReferenceOTU4359 Even2_390246	*
N	*	100	*	*	*	*	*	New.CleanUp.ReferenceOTU4367 Even3_165733	*
N	*	100	*	*	*	*	*	New.CleanUp.ReferenceOTU4372 Even1_256868	*
N	*	81	*	*	*	*	*	New.CleanUp.ReferenceOTU4374 Even1_22162	*
N	*	93	*	*	*	*	*	New.CleanUp.ReferenceOTU4381 Even1_222294	*
N	*	100	*	*	*	*	*	New.CleanUp.ReferenceOTU4384 Even1_27419	*
N	*	96	*	*	*	*	*	New.CleanUp.ReferenceOTU439 Even3_281461	*
N	*	84	*	*	*	*	*	New.CleanUp.ReferenceOTU4390 Even1_385935	*
N	*	81	*	*	*	*	*	New.CleanUp.ReferenceOTU4400 Even2_302076	*
N	*	100	*	*	*	*	*	New.CleanUp.ReferenceOTU4402 Even3_367905	*
N	*	100	*	*	*	*	*	New.CleanUp.ReferenceOTU4404 Even2_91532	*
N	*	76	*	*	*	*	*	New.CleanUp.ReferenceOTU4406 Even3_388021	*
N	*	100	*	*	*	*	*	New.CleanUp.ReferenceOTU4413 Even1_76448	*
N	*	85	*	*	*	*	*	New.CleanUp.ReferenceOTU4415 Even1_371367	*
N	*	93	*	*	*	*	*	New.CleanUp.ReferenceOTU4420 Even2_33138	*
N	*	89	*	*	*	*	*	New.CleanUp.ReferenceOTU4428 Even2_266181	*
N	*	100	*	*	*	*	*	New.CleanUp.ReferenceOTU4429 Even2_281570	*
N	*	95	*	*	*	*	*	New.CleanUp.ReferenceOTU4431 Even3_299772	*
N	*	100	*	*	*	*	*	New.CleanUp.ReferenceOTU4432 Even2_281578	*
N	*	100	*	*	*	*	*	New.CleanUp.ReferenceOTU4435 Even2_107773	*
N	*	85	*	*	*	*	*	New.CleanUp.ReferenceOTU4440 Even3_82235	*
N	*	79	*	*	*	*	*	New.CleanUp.ReferenceOTU4446 Even3_87520	*
N	*	91	*	*	*	*	*	New.CleanUp.ReferenceOTU4447 Even2_381704	*
N	*	100	*	*	*	*	*	New.CleanUp.ReferenceOTU4448 Even1_312720	*
N	*	85	*	*	*	*	*	New.CleanUp.ReferenceOTU4449 Even3_88210	*
N	*	100	*	*	*	*	*	New.CleanUp.ReferenceOTU4455 Even2_356420	*
N	*	94	*	*	*	*	*	New.CleanUp.ReferenceOTU4456 Even3_350471	*
N	*	100	*	*	*	*	*	New.CleanUp.ReferenceOTU4459 Even2_281488	*
N	*	100	*	*	*	*	*	New.CleanUp.ReferenceOTU4463 Even1_384518	*
N	*	81	*	*	*	*	*	New.CleanUp.ReferenceOTU4464 Even3_12048	*
N	*	81	*	*	*	*	*	New.CleanUp.ReferenceOTU4468 Even2_157772	*
N	*	93	*	*	*	*	*	New.CleanUp.ReferenceOTU4469 Even3_111403	*
N	*	95	*	*	*	*	*	New.CleanUp.ReferenceOTU4471 Even3_300263	*
N	*	100	*	*	*	*	*	New.CleanUp.ReferenceOTU4474 Even3_188990	*
N	*	100	*	*	*	*	*	New.CleanUp.ReferenceOTU4476 Even2_368456	*
N	*	100	*	*	*	*	*	New.CleanUp.ReferenceOTU4478 Even3_330962	*
N	*	86	*	*	*	*	*	New.CleanUp.ReferenceOTU448 Even3_131182	*
N	*	100	*	*	*	*	*	New.CleanUp.ReferenceOTU4480 Even2_290188	*
N	*	94	*	*	*	*	*	New.CleanUp.ReferenceOTU4483 Even2_364548	*
N	*	100	*	*	*	*	*	New.CleanUp.ReferenceOTU449 Even1_317813	*
N	*	84	*	*	*	*	*	New.CleanUp.ReferenceOTU4490 Even2_318774	*
N	*	76	*	*	*	*	*	New.CleanUp.ReferenceOTU4492 Even1_234429	*
N	*	84	*	*	*	*	*	New.CleanUp.ReferenceOTU4495 Even3_123419	*
N	*	77	*	*	*	*	*	New.CleanUp.ReferenceOTU4497 Even1_314760	*
N	*	100	*	*	*	*	*	New.CleanUp.ReferenceOTU4498 Even1_314094	*
N	*	82	*	*	*	*	*	New.CleanUp.ReferenceOTU4499 Even3_281183	*
N	*	87	*	*	*	*	*	New.CleanUp.ReferenceOTU45 Even2_397258	*
N	*	80	*	*	*	*	*	New.CleanUp.ReferenceOTU4502 Even3_281186	*
N	*	81	*	*	*	*	*	New.CleanUp.ReferenceOTU4505 Even3_252103	*
N	*	100	*	*	*	*	*	New.CleanUp.ReferenceOTU4506 Even1_374993	*
N	*	100	*	*	*	*	*	New.CleanUp.ReferenceOTU4507 Even3_9873	*
N	*	93	*	*	*	*	*	New.CleanUp.ReferenceOTU4508 Even3_351253	*
N	*	100	*	*	*	*	*	New.CleanUp.ReferenceOTU4510 Even1_378396	*
N	*	100	*	*	*	*	*	New.CleanUp.ReferenceOTU4517 Even2_12192	*
N	*	80	*	*	*	*	*	New.CleanUp.ReferenceOTU4520 Even3_173783	*
N	*	76	*	*	*	*	*	New.CleanUp.ReferenceOTU4522 Even1_387512	*
N	*	79	*	*	*	*	*	New.CleanUp.ReferenceOTU4528 Even2_7814	*
N	*	100	*	*	*	*	*	New.CleanUp.ReferenceOTU4529 Even2_378938	*
N	*	100	*	*	*	*	*	New.CleanUp.ReferenceOTU4530 Even1_297064	*
N	*	100	*	*	*	*	*	New.CleanUp.ReferenceOTU4534 Even1_395090	*
N	*	96	*	*	*	*	*	New.CleanUp.ReferenceOTU4537 Even3_364677	*
N	*	100	*	*	*	*	*	New.CleanUp.ReferenceOTU4549 Even1_163420	*
N	*	100	*	*	*	*	*	New.CleanUp.ReferenceOTU4550 Even2_331927	*
N	*	100	*	*	*	*	*	New.CleanUp.ReferenceOTU4551 Even1_52090	*
N	*	100	*	*	*	*	*	New.CleanUp.ReferenceOTU4554 Even3_39005	*
N	*	95	*	*	*	*	*	New.CleanUp.ReferenceOTU4562 Even2_375036	*
N	*	100	*	*	*	*	*	New.CleanUp.ReferenceOTU4563 Even3_296962	*
N	*	82	*	*	*	*	*	New.CleanUp.ReferenceOTU4567 Even3_227766	*
N	*	95	*	*	*	*	*	New.CleanUp.ReferenceOTU4576 Even1_367463	*
N	*	100	*	*	*	*	*	New.CleanUp.ReferenceOTU4579 Even1_275792	*
N	*	84	*	*	*	*	*	New.CleanUp.ReferenceOTU4586 Even1_66452	*
N	*	93	*	*	*	*	*	New.CleanUp.ReferenceOTU4601 Even3_14052	*
N	*	95	*	*	*	*	*	New.CleanUp.ReferenceOTU4609 Even2_327365	*
N	*	85	*	*	*	*	*	New.CleanUp.ReferenceOTU4610 Even3_214575	*
N	*	100	*	*	*	*	*	New.CleanUp.ReferenceOTU4611 Even3_180997	*
N	*	100	*	*	*	*	*	New.CleanUp.ReferenceOTU4613 Even2_333239	*
N	*	76	*	*	*	*	*	New.CleanUp.ReferenceOTU4616 Even1_185411	*
N	*	89	*	*	*	*	*	New.CleanUp.ReferenceOTU4617 Even3_380917	*
N	*	100	*	*	*	*	*	New.CleanUp.ReferenceOTU4619 Even3_372093	*
N	*	83	*	*	*	*	*	New.CleanUp.ReferenceOTU4624 Even1_5110	*
N	*	80	*	*	*	*	*	New.CleanUp.ReferenceOTU4627 Even2_281189	*
N	*	100	*	*	*	*	*	New.CleanUp.ReferenceOTU4628 Even3_49879	*
N	*	92	*	*	*	*	*	New.CleanUp.ReferenceOTU463 Even2_351481	*
N	*	100	*	*	*	*	*	New.CleanUp.ReferenceOTU4631 Even2_302244	*
N	*	100	*	*	*	*	*	New.CleanUp.ReferenceOTU4633 Even3_98699	*
N	*	79	*	*	*	*	*	New.CleanUp.ReferenceOTU4635 Even2_341538	*
N	*	90	*	*	*	*	*	New.CleanUp.ReferenceOTU4637 Even2_269499	*
N	*	89	*	*	*	*	*	New.CleanUp.ReferenceOTU464 Even3_80737	*
N	*	100	*	*	*	*	*	New.CleanUp.ReferenceOTU4646 Even2_102914	*
N	*	95	*	*	*	*	*	New.CleanUp.ReferenceOTU4649 Even1_336025	*
N	*	100	*	*	*	*	*	New.CleanUp.ReferenceOTU4653 Even1_76633	*
N	*	100	*	*	*	*	*	New.CleanUp.ReferenceOTU4655 Even3_276430	*
N	*	100	*	*	*	*	*	New.CleanUp.ReferenceOTU4657 Even1_309159	*
N	*	92	*	*	*	*	*	New.CleanUp.ReferenceOTU4658 Even3_276438	*
N	*	92	*	*	*	*	*	New.CleanUp.ReferenceOTU4659 Even2_323535	*
N	*	100	*	*	*	*	*	New.CleanUp.ReferenceOTU4661 Even1_187016	*
N	*	82	*	*	*	*	*	New.CleanUp.ReferenceOTU4662 Even3_397187	*
N	*	87	*	*	*	*	*	New.CleanUp.ReferenceOTU4665 Even3_386613	*
N	*	96	*	*	*	*	*	New.CleanUp.ReferenceOTU4670 Even3_386340	*
N	*	100	*	*	*	*	*	New.CleanUp.ReferenceOTU4674 Even3_397450	*
N	*	83	*	*	*	*	*	New.CleanUp.ReferenceOTU4677 Even2_381938	*
N	*	100	*	*	*	*	*	New.CleanUp.ReferenceOTU4679 Even1_318875	*
N	*	100	*	*	*	*	*	New.CleanUp.ReferenceOTU4681 Even1_297190	*
N	*	95	*	*	*	*	*	New.CleanUp.ReferenceOTU4685 Even1_216778	*
N	*	100	*	*	*	*	*	New.CleanUp.ReferenceOTU4691 Even1_154192	*
N	*	76	*	*	*	*	*	New.CleanUp.ReferenceOTU4694 Even1_388180	*
N	*	93	*	*	*	*	*	New.CleanUp.ReferenceOTU4697 Even2_351047	*
N	*	100	*	*	*	*	*	New.CleanUp.ReferenceOTU4698 Even1_99391	*
N	*	92	*	*	*	*	*	New.CleanUp.ReferenceOTU470 Even3_393569	*
N	*	100	*	*	*	*	*	New.CleanUp.ReferenceOTU4706 Even3_284344	*
N	*	100	*	*	*	*	*	New.CleanUp.ReferenceOTU4707 Even2_351573	*
N	*	93	*	*	*	*	*	New.CleanUp.ReferenceOTU4708 Even3_284343	*
N	*	84	*	*	*	*	*	New.CleanUp.ReferenceOTU4712 Even3_28671	*
N	*	94	*	*	*	*	*	New.CleanUp.ReferenceOTU4714 Even3_31720	*
N	*	79	*	*	*	*	*	New.CleanUp.ReferenceOTU4719 Even3_299921	*
N	*	100	*	*	*	*	*	New.CleanUp.ReferenceOTU4720 Even3_323713	*
N	*	94	*	*	*	*	*	New.CleanUp.ReferenceOTU4721 Even1_391728	*
N	*	100	*	*	*	*	*	New.CleanUp.ReferenceOTU4727 Even1_78008	*
N	*	94	*	*	*	*	*	New.CleanUp.ReferenceOTU4731 Even3_57704	*
N	*	76	*	*	*	*	*	New.CleanUp.ReferenceOTU4733 Even2_394702	*
N	*	82	*	*	*	*	*	New.CleanUp.ReferenceOTU4734 Even1_109633	*
N	*	83	*	*	*	*	*	New.CleanUp.ReferenceOTU4735 Even2_397300	*
N	*	76	*	*	*	*	*	New.CleanUp.ReferenceOTU474 Even3_196729	*
N	*	100	*	*	*	*	*	New.CleanUp.ReferenceOTU4740 Even2_14605	*
N	*	100	*	*	*	*	*	New.CleanUp.ReferenceOTU4746 Even1_364815	*
N	*	100	*	*	*	*	*	New.CleanUp.ReferenceOTU4751 Even1_391091	*
N	*	100	*	*	*	*	*	New.CleanUp.ReferenceOTU4754 Even3_149507	*
N	*	92	*	*	*	*	*	New.CleanUp.ReferenceOTU476 Even2_305417	*
N	*	80	*	*	*	*	*	New.CleanUp.ReferenceOTU4760 Even3_11872	*
N	*	92	*	*	*	*	*	New.CleanUp.ReferenceOTU4763 Even1_333218	*
N	*	95	*	*	*	*	*	New.CleanUp.ReferenceOTU4767 Even3_391118	*
N	*	100	*	*	*	*	*	New.CleanUp.ReferenceOTU4782 Even2_12385	*
N	*	100	*	*	*	*	*	New.CleanUp.ReferenceOTU4784 Even1_94911	*
N	*	85	*	*	*	*	*	New.CleanUp.ReferenceOTU4787 Even3_297211	*
N	*	100	*	*	*	*	*	New.CleanUp.ReferenceOTU4790 Even3_29234	*
N	*	93	*	*	*	*	*	New.CleanUp.ReferenceOTU4791 Even1_265867	*
N	*	100	*	*	*	*	*	New.CleanUp.ReferenceOTU4799 Even1_48698	*
N	*	91	*	*	*	*	*	New.CleanUp.ReferenceOTU4804 Even2_392848	*
N	*	88	*	*	*	*	*	New.CleanUp.ReferenceOTU4809 Even1_375313	*
N	*	94	*	*	*	*	*	New.CleanUp.ReferenceOTU4810 Even2_395300	*
N	*	79	*	*	*	*	*	New.CleanUp.ReferenceOTU482 Even3_281046	*
N	*	86	*	*	*	*	*	New.CleanUp.ReferenceOTU4823 Even3_313589	*
N	*	100	*	*	*	*	*	New.CleanUp.ReferenceOTU4824 Even1_280780	*
N	*	95	*	*	*	*	*	New.CleanUp.ReferenceOTU4828 Even3_383586	*
N	*	92	*	*	*	*	*	New.CleanUp.ReferenceOTU4830 Even1_79919	*
N	*	100	*	*	*	*	*	New.CleanUp.ReferenceOTU4831 Even3_262417	*
N	*	92	*	*	*	*	*	New.CleanUp.ReferenceOTU4834 Even3_33473	*
N	*	95	*	*	*	*	*	New.CleanUp.ReferenceOTU4837 Even1_9007	*
N	*	100	*	*	*	*	*	New.CleanUp.ReferenceOTU484 Even3_393567	*
N	*	100	*	*	*	*	*	New.CleanUp.ReferenceOTU4843 Even3_372055	*
N	*	100	*	*	*	*	*	New.CleanUp.ReferenceOTU4845 Even3_131157	*
N	*	100	*	*	*	*	*	New.CleanUp.ReferenceOTU4846 Even3_265991	*
N	*	76	*	*	*	*	*	New.CleanUp.ReferenceOTU4851 Even1_197308	*
N	*	100	*	*	*	*	*	New.CleanUp.ReferenceOTU4857 Even3_368136	*
N	*	100	*	*	*	*	*	New.CleanUp.ReferenceOTU4861 Even2_97245	*
N	*	100	*	*	*	*	*	New.CleanUp.ReferenceOTU4862 Even1_172143	*
N	*	81	*	*	*	*	*	New.CleanUp.ReferenceOTU4863 Even2_253617	*
N	*	76	*	*	*	*	*	New.CleanUp.ReferenceOTU4865 Even2_212456	*
N	*	91	*	*	*	*	*	New.CleanUp.ReferenceOTU4866 Even3_318808	*
N	*	100	*	*	*	*	*	New.CleanUp.ReferenceOTU4869 Even1_106303	*
N	*	100	*	*	*	*	*	New.CleanUp.ReferenceOTU4872 Even1_202609	*
N	*	83	*	*	*	*	*	New.CleanUp.ReferenceOTU4875 Even1_66666	*
N	*	100	*	*	*	*	*	New.CleanUp.ReferenceOTU4879 Even2_58298	*
N	*	79	*	*	*	*	*	New.CleanUp.ReferenceOTU488 Even2_249201	*
N	*	100	*	*	*	*	*	New.CleanUp.ReferenceOTU4881 Even3_293686	*
N	*	100	*	*	*	*	*	New.CleanUp.ReferenceOTU4882 Even2_267742	*
N	*	82	*	*	*	*	*	New.CleanUp.ReferenceOTU4885 Even2_337699	*
N	*	87	*	*	*	*	*	New.CleanUp.ReferenceOTU4887 Even3_288964	*
N	*	91	*	*	*	*	*	New.CleanUp.ReferenceOTU4890 Even1_8874	*
N	*	81	*	*	*	*	*	New.CleanUp.ReferenceOTU4892 Even3_314110	*
N	*	100	*	*	*	*	*	New.CleanUp.ReferenceOTU4893 Even3_221169	*
N	*	100	*	*	*	*	*	New.CleanUp.ReferenceOTU4894 Even3_92680	*
N	*	100	*	*	*	*	*	New.CleanUp.ReferenceOTU4897 Even3_135702	*
N	*	100	*	*	*	*	*	New.CleanUp.ReferenceOTU4899 Even1_217366	*
N	*	86	*	*	*	*	*	New.CleanUp.ReferenceOTU490 Even2_351733	*
N	*	100	*	*	*	*	*	New.CleanUp.ReferenceOTU4903 Even2_351361	*
N	*	100	*	*	*	*	*	New.CleanUp.ReferenceOTU4904 Even3_363955	*
N	*	100	*	*	*	*	*	New.CleanUp.ReferenceOTU4912 Even2_360490	*
N	*	100	*	*	*	*	*	New.CleanUp.ReferenceOTU4914 Even2_360492	*
N	*	100	*	*	*	*	*	New.CleanUp.ReferenceOTU4917 Even2_360498	*
N	*	100	*	*	*	*	*	New.CleanUp.ReferenceOTU4918 Even1_372151	*
N	*	100	*	*	*	*	*	New.CleanUp.ReferenceOTU4919 Even1_141749	*
N	*	100	*	*	*	*	*	New.CleanUp.ReferenceOTU492 Even1_360384	*
N	*	79	*	*	*	*	*	New.CleanUp.ReferenceOTU4923 Even3_76044	*
N	*	100	*	*	*	*	*	New.CleanUp.ReferenceOTU4925 Even1_21986	*
N	*	84	*	*	*	*	*	New.CleanUp.ReferenceOTU493 Even1_346740	*
N	*	94	*	*	*	*	*	New.CleanUp.ReferenceOTU4931 Even3_290246	*
N	*	92	*	*	*	*	*	New.CleanUp.ReferenceOTU4932 Even1_318466	*
N	*	100	*	*	*	*	*	New.CleanUp.ReferenceOTU4933 Even1_96608	*
N	*	100	*	*	*	*	*	New.CleanUp.ReferenceOTU4935 Even3_37968	*
N	*	83	*	*	*	*	*	New.CleanUp.ReferenceOTU4939 Even1_131171	*
N	*	83	*	*	*	*	*	New.CleanUp.ReferenceOTU494 Even3_146930	*
N	*	84	*	*	*	*	*	New.CleanUp.ReferenceOTU4942 Even2_949	*
N	*	100	*	*	*	*	*	New.CleanUp.ReferenceOTU4944 Even2_386933	*
N	*	85	*	*	*	*	*	New.CleanUp.ReferenceOTU4946 Even1_305310	*
N	*	100	*	*	*	*	*	New.CleanUp.ReferenceOTU4949 Even2_393072	*
N	*	93	*	*	*	*	*	New.CleanUp.ReferenceOTU4951 Even3_267825	*
N	*	92	*	*	*	*	*	New.CleanUp.ReferenceOTU4954 Even2_290470	*
N	*	95	*	*	*	*	*	New.CleanUp.ReferenceOTU4958 Even2_378488	*
N	*	77	*	*	*	*	*	New.CleanUp.ReferenceOTU4961 Even1_241664	*
N	*	81	*	*	*	*	*	New.CleanUp.ReferenceOTU4965 Even3_148666	*
N	*	100	*	*	*	*	*	New.CleanUp.ReferenceOTU4968 Even1_333510	*
N	*	100	*	*	*	*	*	New.CleanUp.ReferenceOTU4973 Even1_341901	*
N	*	93	*	*	*	*	*	New.CleanUp.ReferenceOTU4974 Even3_145638	*
N	*	100	*	*	*	*	*	New.CleanUp.ReferenceOTU4977 Even2_182807	*
N	*	91	*	*	*	*	*	New.CleanUp.ReferenceOTU4979 Even1_200047	*
N	*	100	*	*	*	*	*	New.CleanUp.ReferenceOTU4981 Even1_381566	*
N	*	100	*	*	*	*	*	New.CleanUp.ReferenceOTU4985 Even3_378828	*
N	*	83	*	*	*	*	*	New.CleanUp.ReferenceOTU4995 Even3_283568	*
N	*	90	*	*	*	*	*	New.CleanUp.ReferenceOTU5 Even2_280728	*
N	*	100	*	*	*	*	*	New.CleanUp.ReferenceOTU500 Even2_293987	*
N	*	92	*	*	*	*	*	New.CleanUp.ReferenceOTU5000 Even2_337445	*
N	*	100	*	*	*	*	*	New.CleanUp.ReferenceOTU5001 Even3_364388	*
N	*	100	*	*	*	*	*	New.CleanUp.ReferenceOTU5005 Even2_337440	*
N	*	100	*	*	*	*	*	New.CleanUp.ReferenceOTU5019 Even1_59971	*
N	*	92	*	*	*	*	*	New.CleanUp.ReferenceOTU5024 Even3_384582	*
N	*	100	*	*	*	*	*	New.CleanUp.ReferenceOTU503 Even2_266115	*
N	*	95	*	*	*	*	*	New.CleanUp.ReferenceOTU5032 Even1_214006	*
N	*	88	*	*	*	*	*	New.CleanUp.ReferenceOTU5034 Even1_12505	*
N	*	100	*	*	*	*	*	New.CleanUp.ReferenceOTU5036 Even2_276482	*
N	*	94	*	*	*	*	*	New.CleanUp.ReferenceOTU5040 Even2_386754	*
N	*	100	*	*	*	*	*	New.CleanUp.ReferenceOTU5044 Even3_302171	*
N	*	100	*	*	*	*	*	New.CleanUp.ReferenceOTU5047 Even3_277412	*
N	*	100	*	*	*	*	*	New.CleanUp.ReferenceOTU5051 Even3_272684	*
N	*	82	*	*	*	*	*	New.CleanUp.ReferenceOTU5053 Even2_279370	*
N	*	100	*	*	*	*	*	New.CleanUp.ReferenceOTU5054 Even2_280424	*
N	*	89	*	*	*	*	*	New.CleanUp.ReferenceOTU5056 Even1_301949	*
N	*	95	*	*	*	*	*	New.CleanUp.ReferenceOTU5058 Even2_372300	*
N	*	94	*	*	*	*	*	New.CleanUp.ReferenceOTU5064 Even2_270550	*
N	*	78	*	*	*	*	*	New.CleanUp.ReferenceOTU5070 Even2_110157	*
N	*	100	*	*	*	*	*	New.CleanUp.ReferenceOTU5072 Even1_169127	*
N	*	100	*	*	*	*	*	New.CleanUp.ReferenceOTU5074 Even3_1138	*
N	*	100	*	*	*	*	*	New.CleanUp.ReferenceOTU5076 Even1_265290	*
N	*	100	*	*	*	*	*	New.CleanUp.ReferenceOTU5077 Even1_281336	*
N	*	85	*	*	*	*	*	New.CleanUp.ReferenceOTU5079 Even1_85023	*
N	*	93	*	*	*	*	*	New.CleanUp.ReferenceOTU5087 Even1_40256	*
N	*	100	*	*	*	*	*	New.CleanUp.ReferenceOTU509 Even1_328017	*
N	*	85	*	*	*	*	*	New.CleanUp.ReferenceOTU5095 Even3_328146	*
N	*	100	*	*	*	*	*	New.CleanUp.ReferenceOTU5096 Even3_328411	*
N	*	90	*	*	*	*	*	New.CleanUp.ReferenceOTU510 Even1_225604	*
N	*	95	*	*	*	*	*	New.CleanUp.ReferenceOTU5101 Even2_384270	*
N	*	100	*	*	*	*	*	New.CleanUp.ReferenceOTU5108 Even1_393724	*
N	*	100	*	*	*	*	*	New.CleanUp.ReferenceOTU511 Even2_375472	*
N	*	86	*	*	*	*	*	New.CleanUp.ReferenceOTU5114 Even2_313407	*
N	*	95	*	*	*	*	*	New.CleanUp.ReferenceOTU5115 Even2_45234	*
N	*	80	*	*	*	*	*	New.CleanUp.ReferenceOTU5116 Even2_275118	*
N	*	81	*	*	*	*	*	New.CleanUp.ReferenceOTU5118 Even1_323235	*
N	*	84	*	*	*	*	*	New.CleanUp.ReferenceOTU5122 Even3_3782	*
N	*	100	*	*	*	*	*	New.CleanUp.ReferenceOTU5130 Even3_280529	*
N	*	92	*	*	*	*	*	New.CleanUp.ReferenceOTU5132 Even1_83398	*
N	*	96	*	*	*	*	*	New.CleanUp.ReferenceOTU5133 Even3_276453	*
N	*	94	*	*	*	*	*	New.CleanUp.ReferenceOTU5139 Even2_299259	*
N	*	100	*	*	*	*	*	New.CleanUp.ReferenceOTU5147 Even3_397431	*
N	*	100	*	*	*	*	*	New.CleanUp.ReferenceOTU5148 Even2_71354	*
N	*	96	*	*	*	*	*	New.CleanUp.ReferenceOTU5152 Even1_318672	*
N	*	92	*	*	*	*	*	New.CleanUp.ReferenceOTU5157 Even3_393534	*
N	*	80	*	*	*	*	*	New.CleanUp.ReferenceOTU5162 Even1_216799	*
N	*	94	*	*	*	*	*	New.CleanUp.ReferenceOTU5174 Even1_384306	*
N	*	95	*	*	*	*	*	New.CleanUp.ReferenceOTU5175 Even1_384302	*
N	*	93	*	*	*	*	*	New.CleanUp.ReferenceOTU518 Even2_397188	*
N	*	100	*	*	*	*	*	New.CleanUp.ReferenceOTU5187 Even1_61145	*
N	*	85	*	*	*	*	*	New.CleanUp.ReferenceOTU5191 Even3_27813	*
N	*	81	*	*	*	*	*	New.CleanUp.ReferenceOTU5194 Even3_45452	*
N	*	95	*	*	*	*	*	New.CleanUp.ReferenceOTU5195 Even2_378017	*
N	*	100	*	*	*	*	*	New.CleanUp.ReferenceOTU5198 Even2_397369	*
N	*	100	*	*	*	*	*	New.CleanUp.ReferenceOTU520 Even3_364334	*
N	*	100	*	*	*	*	*	New.CleanUp.ReferenceOTU5213 Even1_30758	*
N	*	87	*	*	*	*	*	New.CleanUp.ReferenceOTU5216 Even1_395374	*
N	*	100	*	*	*	*	*	New.CleanUp.ReferenceOTU5218 Even2_181027	*
N	*	100	*	*	*	*	*	New.CleanUp.ReferenceOTU5219 Even1_183646	*
N	*	95	*	*	*	*	*	New.CleanUp.ReferenceOTU522 Even3_381144	*
N	*	81	*	*	*	*	*	New.CleanUp.ReferenceOTU5227 Even1_280943	*
N	*	100	*	*	*	*	*	New.CleanUp.ReferenceOTU5228 Even1_378212	*
N	*	100	*	*	*	*	*	New.CleanUp.ReferenceOTU5231 Even1_256705	*
N	*	83	*	*	*	*	*	New.CleanUp.ReferenceOTU5242 Even1_261831	*
N	*	79	*	*	*	*	*	New.CleanUp.ReferenceOTU5243 Even1_275522	*
N	*	93	*	*	*	*	*	New.CleanUp.ReferenceOTU5245 Even1_368491	*
N	*	100	*	*	*	*	*	New.CleanUp.ReferenceOTU5254 Even1_305712	*
N	*	82	*	*	*	*	*	New.CleanUp.ReferenceOTU5256 Even2_244456	*
N	*	100	*	*	*	*	*	New.CleanUp.ReferenceOTU5257 Even1_385898	*
N	*	95	*	*	*	*	*	New.CleanUp.ReferenceOTU5264 Even2_395322	*
N	*	82	*	*	*	*	*	New.CleanUp.ReferenceOTU5271 Even2_395329	*
N	*	91	*	*	*	*	*	New.CleanUp.ReferenceOTU5272 Even1_148014	*
N	*	100	*	*	*	*	*	New.CleanUp.ReferenceOTU5276 Even2_299530	*
N	*	81	*	*	*	*	*	New.CleanUp.ReferenceOTU5277 Even3_29863	*
N	*	96	*	*	*	*	*	New.CleanUp.ReferenceOTU5278 Even2_373246	*
N	*	100	*	*	*	*	*	New.CleanUp.ReferenceOTU5286 Even2_301430	*
N	*	100	*	*	*	*	*	New.CleanUp.ReferenceOTU5289 Even2_364252	*
N	*	81	*	*	*	*	*	New.CleanUp.ReferenceOTU5291 Even1_104776	*
N	*	86	*	*	*	*	*	New.CleanUp.ReferenceOTU5295 Even3_279094	*
N	*	100	*	*	*	*	*	New.CleanUp.ReferenceOTU5300 Even2_372117	*
N	*	100	*	*	*	*	*	New.CleanUp.ReferenceOTU5302 Even1_290396	*
N	*	100	*	*	*	*	*	New.CleanUp.ReferenceOTU5310 Even2_314298	*
N	*	96	*	*	*	*	*	New.CleanUp.ReferenceOTU5318 Even2_377891	*
N	*	96	*	*	*	*	*	New.CleanUp.ReferenceOTU5326 Even1_396132	*
N	*	100	*	*	*	*	*	New.CleanUp.ReferenceOTU533 Even2_28109	*
N	*	94	*	*	*	*	*	New.CleanUp.ReferenceOTU5334 Even1_297270	*
N	*	100	*	*	*	*	*	New.CleanUp.ReferenceOTU5335 Even2_360122	*
N	*	82	*	*	*	*	*	New.CleanUp.ReferenceOTU5337 Even2_222534	*
N	*	89	*	*	*	*	*	New.CleanUp.ReferenceOTU5338 Even1_318996	*
N	*	100	*	*	*	*	*	New.CleanUp.ReferenceOTU5339 Even2_230408	*
N	*	87	*	*	*	*	*	New.CleanUp.ReferenceOTU5345 Even2_381748	*
N	*	81	*	*	*	*	*	New.CleanUp.ReferenceOTU5349 Even1_217304	*
N	*	100	*	*	*	*	*	New.CleanUp.ReferenceOTU536 Even1_341809	*
N	*	100	*	*	*	*	*	New.CleanUp.ReferenceOTU5361 Even2_375369	*
N	*	92	*	*	*	*	*	New.CleanUp.ReferenceOTU5366 Even2_375260	*
N	*	94	*	*	*	*	*	New.CleanUp.ReferenceOTU5367 Even3_384028	*
N	*	86	*	*	*	*	*	New.CleanUp.ReferenceOTU537 Even2_171406	*
N	*	100	*	*	*	*	*	New.CleanUp.ReferenceOTU5384 Even3_356596	*
N	*	95	*	*	*	*	*	New.CleanUp.ReferenceOTU5389 Even2_255741	*
N	*	79	*	*	*	*	*	New.CleanUp.ReferenceOTU5392 Even3_290226	*
N	*	100	*	*	*	*	*	New.CleanUp.ReferenceOTU5393 Even1_390272	*
N	*	85	*	*	*	*	*	New.CleanUp.ReferenceOTU5395 Even3_372014	*
N	*	81	*	*	*	*	*	New.CleanUp.ReferenceOTU5398 Even1_8223	*
N	*	93	*	*	*	*	*	New.CleanUp.ReferenceOTU5400 Even3_360448	*
N	*	87	*	*	*	*	*	New.CleanUp.ReferenceOTU5401 Even3_376853	*
N	*	90	*	*	*	*	*	New.CleanUp.ReferenceOTU5404 Even3_346504	*
N	*	91	*	*	*	*	*	New.CleanUp.ReferenceOTU5408 Even1_50181	*
N	*	100	*	*	*	*	*	New.CleanUp.ReferenceOTU5410 Even1_305627	*
N	*	100	*	*	*	*	*	New.CleanUp.ReferenceOTU5411 Even3_299590	*
N	*	100	*	*	*	*	*	New.CleanUp.ReferenceOTU5415 Even1_372174	*
N	*	100	*	*	*	*	*	New.CleanUp.ReferenceOTU5419 Even3_168611	*
N	*	79	*	*	*	*	*	New.CleanUp.ReferenceOTU5422 Even3_267801	*
N	*	100	*	*	*	*	*	New.CleanUp.ReferenceOTU5423 Even3_154516	*
N	*	94	*	*	*	*	*	New.CleanUp.ReferenceOTU5424 Even1_337430	*
N	*	87	*	*	*	*	*	New.CleanUp.ReferenceOTU5425 Even3_189319	*
N	*	93	*	*	*	*	*	New.CleanUp.ReferenceOTU5429 Even3_122588	*
N	*	100	*	*	*	*	*	New.CleanUp.ReferenceOTU5433 Even2_334481	*
N	*	100	*	*	*	*	*	New.CleanUp.ReferenceOTU5435 Even3_333334	*
N	*	100	*	*	*	*	*	New.CleanUp.ReferenceOTU5436 Even2_275914	*
N	*	94	*	*	*	*	*	New.CleanUp.ReferenceOTU544 Even2_380851	*
N	*	100	*	*	*	*	*	New.CleanUp.ReferenceOTU5447 Even2_267820	*
N	*	100	*	*	*	*	*	New.CleanUp.ReferenceOTU5448 Even3_395155	*
N	*	95	*	*	*	*	*	New.CleanUp.ReferenceOTU545 Even3_351314	*
N	*	79	*	*	*	*	*	New.CleanUp.ReferenceOTU5450 Even2_277	*
N	*	93	*	*	*	*	*	New.CleanUp.ReferenceOTU5459 Even1_123156	*
N	*	96	*	*	*	*	*	New.CleanUp.ReferenceOTU5465 Even2_388680	*
N	*	94	*	*	*	*	*	New.CleanUp.ReferenceOTU5468 Even2_360573	*
N	*	100	*	*	*	*	*	New.CleanUp.ReferenceOTU5469 Even3_281769	*
N	*	85	*	*	*	*	*	New.CleanUp.ReferenceOTU547 Even3_384536	*
N	*	94	*	*	*	*	*	New.CleanUp.ReferenceOTU5470 Even2_270987	*
N	*	100	*	*	*	*	*	New.CleanUp.ReferenceOTU5476 Even3_297196	*
N	*	100	*	*	*	*	*	New.CleanUp.ReferenceOTU5477 Even1_151712	*
N	*	100	*	*	*	*	*	New.CleanUp.ReferenceOTU5479 Even1_88283	*
N	*	96	*	*	*	*	*	New.CleanUp.ReferenceOTU5492 Even3_323525	*
N	*	94	*	*	*	*	*	New.CleanUp.ReferenceOTU5494 Even1_259904	*
N	*	93	*	*	*	*	*	New.CleanUp.ReferenceOTU5496 Even3_355241	*
N	*	100	*	*	*	*	*	New.CleanUp.ReferenceOTU5507 Even3_302157	*
N	*	100	*	*	*	*	*	New.CleanUp.ReferenceOTU5508 Even3_375355	*
N	*	82	*	*	*	*	*	New.CleanUp.ReferenceOTU5509 Even3_309867	*
N	*	100	*	*	*	*	*	New.CleanUp.ReferenceOTU551 Even1_232568	*
N	*	96	*	*	*	*	*	New.CleanUp.ReferenceOTU5510 Even3_375421	*
N	*	100	*	*	*	*	*	New.CleanUp.ReferenceOTU5512 Even3_375351	*
N	*	100	*	*	*	*	*	New.CleanUp.ReferenceOTU5514 Even3_368532	*
N	*	100	*	*	*	*	*	New.CleanUp.ReferenceOTU5518 Even2_372116	*
N	*	81	*	*	*	*	*	New.CleanUp.ReferenceOTU5522 Even1_55589	*
N	*	100	*	*	*	*	*	New.CleanUp.ReferenceOTU553 Even1_393204	*
N	*	96	*	*	*	*	*	New.CleanUp.ReferenceOTU5534 Even3_383682	*
N	*	100	*	*	*	*	*	New.CleanUp.ReferenceOTU5535 Even3_122534	*
N	*	81	*	*	*	*	*	New.CleanUp.ReferenceOTU5541 Even1_196772	*
N	*	94	*	*	*	*	*	New.CleanUp.ReferenceOTU5543 Even1_196770	*
N	*	77	*	*	*	*	*	New.CleanUp.ReferenceOTU5553 Even3_262869	*
N	*	78	*	*	*	*	*	New.CleanUp.ReferenceOTU5554 Even3_220151	*
N	*	80	*	*	*	*	*	New.CleanUp.ReferenceOTU5555 Even3_310845	*
N	*	100	*	*	*	*	*	New.CleanUp.ReferenceOTU5557 Even3_56243	*
N	*	100	*	*	*	*	*	New.CleanUp.ReferenceOTU5559 Even2_340400	*
N	*	95	*	*	*	*	*	New.CleanUp.ReferenceOTU5563 Even2_277405	*
N	*	84	*	*	*	*	*	New.CleanUp.ReferenceOTU5568 Even1_385782	*
N	*	86	*	*	*	*	*	New.CleanUp.ReferenceOTU5573 Even3_336411	*
N	*	86	*	*	*	*	*	New.CleanUp.ReferenceOTU5579 Even1_246442	*
N	*	100	*	*	*	*	*	New.CleanUp.ReferenceOTU5583 Even1_323211	*
N	*	96	*	*	*	*	*	New.CleanUp.ReferenceOTU5585 Even2_313938	*
N	*	82	*	*	*	*	*	New.CleanUp.ReferenceOTU5587 Even1_157156	*
N	*	100	*	*	*	*	*	New.CleanUp.ReferenceOTU5588 Even1_375502	*
N	*	95	*	*	*	*	*	New.CleanUp.ReferenceOTU5591 Even1_358715	*
N	*	95	*	*	*	*	*	New.CleanUp.ReferenceOTU5592 Even2_265530	*
N	*	100	*	*	*	*	*	New.CleanUp.ReferenceOTU5593 Even2_302285	*
N	*	100	*	*	*	*	*	New.CleanUp.ReferenceOTU5603 Even1_221195	*
N	*	100	*	*	*	*	*	New.CleanUp.ReferenceOTU5604 Even1_112650	*
N	*	95	*	*	*	*	*	New.CleanUp.ReferenceOTU5607 Even3_305283	*
N	*	100	*	*	*	*	*	New.CleanUp.ReferenceOTU5611 Even2_117319	*
N	*	100	*	*	*	*	*	New.CleanUp.ReferenceOTU562 Even2_395236	*
N	*	86	*	*	*	*	*	New.CleanUp.ReferenceOTU5621 Even1_175717	*
N	*	78	*	*	*	*	*	New.CleanUp.ReferenceOTU563 Even1_8629	*
N	*	100	*	*	*	*	*	New.CleanUp.ReferenceOTU5641 Even3_319942	*
N	*	90	*	*	*	*	*	New.CleanUp.ReferenceOTU5646 Even1_122396	*
N	*	100	*	*	*	*	*	New.CleanUp.ReferenceOTU5659 Even3_284387	*
N	*	95	*	*	*	*	*	New.CleanUp.ReferenceOTU566 Even3_378171	*
N	*	100	*	*	*	*	*	New.CleanUp.ReferenceOTU5665 Even1_328903	*
N	*	100	*	*	*	*	*	New.CleanUp.ReferenceOTU5668 Even2_266204	*
N	*	89	*	*	*	*	*	New.CleanUp.ReferenceOTU567 Even3_272614	*
N	*	100	*	*	*	*	*	New.CleanUp.ReferenceOTU5670 Even3_381659	*
N	*	76	*	*	*	*	*	New.CleanUp.ReferenceOTU5677 Even1_271287	*
N	*	76	*	*	*	*	*	New.CleanUp.ReferenceOTU5678 Even1_388322	*
N	*	79	*	*	*	*	*	New.CleanUp.ReferenceOTU568 Even3_338032	*
N	*	76	*	*	*	*	*	New.CleanUp.ReferenceOTU5681 Even3_255651	*
N	*	100	*	*	*	*	*	New.CleanUp.ReferenceOTU5683 Even1_177719	*
N	*	80	*	*	*	*	*	New.CleanUp.ReferenceOTU5696 Even3_270989	*
N	*	100	*	*	*	*	*	New.CleanUp.ReferenceOTU5707 Even3_337633	*
N	*	79	*	*	*	*	*	New.CleanUp.ReferenceOTU5712 Even2_16390	*
N	*	82	*	*	*	*	*	New.CleanUp.ReferenceOTU5717 Even3_313971	*
N	*	100	*	*	*	*	*	New.CleanUp.ReferenceOTU5723 Even3_378667	*
N	*	100	*	*	*	*	*	New.CleanUp.ReferenceOTU5724 Even3_378666	*
N	*	76	*	*	*	*	*	New.CleanUp.ReferenceOTU5728 Even2_390822	*
N	*	100	*	*	*	*	*	New.CleanUp.ReferenceOTU5729 Even1_200728	*
N	*	100	*	*	*	*	*	New.CleanUp.ReferenceOTU5731 Even3_235101	*
N	*	95	*	*	*	*	*	New.CleanUp.ReferenceOTU5732 Even3_374731	*
N	*	100	*	*	*	*	*	New.CleanUp.ReferenceOTU5736 Even2_378695	*
N	*	100	*	*	*	*	*	New.CleanUp.ReferenceOTU5737 Even1_390455	*
N	*	100	*	*	*	*	*	New.CleanUp.ReferenceOTU5739 Even1_99027	*
N	*	95	*	*	*	*	*	New.CleanUp.ReferenceOTU575 Even2_223847	*
N	*	100	*	*	*	*	*	New.CleanUp.ReferenceOTU5753 Even2_278024	*
N	*	95	*	*	*	*	*	New.CleanUp.ReferenceOTU5755 Even1_390557	*
N	*	100	*	*	*	*	*	New.CleanUp.ReferenceOTU5756 Even1_360427	*
N	*	100	*	*	*	*	*	New.CleanUp.ReferenceOTU5758 Even1_325218	*
N	*	100	*	*	*	*	*	New.CleanUp.ReferenceOTU5763 Even1_313959	*
N	*	100	*	*	*	*	*	New.CleanUp.ReferenceOTU5764 Even3_210309	*
N	*	100	*	*	*	*	*	New.CleanUp.ReferenceOTU5769 Even2_388633	*
N	*	100	*	*	*	*	*	New.CleanUp.ReferenceOTU577 Even2_114574	*
N	*	100	*	*	*	*	*	New.CleanUp.ReferenceOTU5770 Even3_337857	*
N	*	100	*	*	*	*	*	New.CleanUp.ReferenceOTU5786 Even1_345140	*
N	*	95	*	*	*	*	*	New.CleanUp.ReferenceOTU5788 Even3_96642	*
N	*	90	*	*	*	*	*	New.CleanUp.ReferenceOTU5792 Even1_11324	*
N	*	93	*	*	*	*	*	New.CleanUp.ReferenceOTU5795 Even1_59115	*
N	*	92	*	*	*	*	*	New.CleanUp.ReferenceOTU5797 Even2_132646	*
N	*	77	*	*	*	*	*	New.CleanUp.ReferenceOTU5798 Even1_60406	*
N	*	91	*	*	*	*	*	New.CleanUp.ReferenceOTU5800 Even3_287296	*
N	*	90	*	*	*	*	*	New.CleanUp.ReferenceOTU5802 Even2_302163	*
N	*	93	*	*	*	*	*	New.CleanUp.ReferenceOTU5806 Even3_67809	*
N	*	100	*	*	*	*	*	New.CleanUp.ReferenceOTU5809 Even3_109475	*
N	*	83	*	*	*	*	*	New.CleanUp.ReferenceOTU5814 Even2_302148	*
N	*	100	*	*	*	*	*	New.CleanUp.ReferenceOTU5815 Even2_302149	*
N	*	79	*	*	*	*	*	New.CleanUp.ReferenceOTU5825 Even1_93090	*
N	*	96	*	*	*	*	*	New.CleanUp.ReferenceOTU583 Even3_278913	*
N	*	100	*	*	*	*	*	New.CleanUp.ReferenceOTU5836 Even2_99902	*
N	*	100	*	*	*	*	*	New.CleanUp.ReferenceOTU5837 Even3_395316	*
N	*	84	*	*	*	*	*	New.CleanUp.ReferenceOTU5841 Even3_232685	*
N	*	93	*	*	*	*	*	New.CleanUp.ReferenceOTU5843 Even3_386529	*
N	*	80	*	*	*	*	*	New.CleanUp.ReferenceOTU5845 Even3_290206	*
N	*	100	*	*	*	*	*	New.CleanUp.ReferenceOTU5846 Even2_375008	*
N	*	100	*	*	*	*	*	New.CleanUp.ReferenceOTU5847 Even3_201706	*
N	*	92	*	*	*	*	*	New.CleanUp.ReferenceOTU5851 Even3_381827	*
N	*	91	*	*	*	*	*	New.CleanUp.ReferenceOTU5853 Even1_297038	*
N	*	84	*	*	*	*	*	New.CleanUp.ReferenceOTU5864 Even3_267797	*
N	*	95	*	*	*	*	*	New.CleanUp.ReferenceOTU5865 Even2_394807	*
N	*	79	*	*	*	*	*	New.CleanUp.ReferenceOTU5867 Even2_393709	*
N	*	87	*	*	*	*	*	New.CleanUp.ReferenceOTU5871 Even3_360468	*
N	*	89	*	*	*	*	*	New.CleanUp.ReferenceOTU5874 Even1_56776	*
N	*	100	*	*	*	*	*	New.CleanUp.ReferenceOTU5876 Even2_284364	*
N	*	76	*	*	*	*	*	New.CleanUp.ReferenceOTU588 Even3_388174	*
N	*	100	*	*	*	*	*	New.CleanUp.ReferenceOTU5880 Even3_363780	*
N	*	100	*	*	*	*	*	New.CleanUp.ReferenceOTU5882 Even1_281038	*
N	*	88	*	*	*	*	*	New.CleanUp.ReferenceOTU5884 Even3_305636	*
N	*	95	*	*	*	*	*	New.CleanUp.ReferenceOTU5886 Even2_299570	*
N	*	96	*	*	*	*	*	New.CleanUp.ReferenceOTU5888 Even1_269252	*
N	*	85	*	*	*	*	*	New.CleanUp.ReferenceOTU5891 Even2_125382	*
N	*	84	*	*	*	*	*	New.CleanUp.ReferenceOTU590 Even3_56526	*
N	*	100	*	*	*	*	*	New.CleanUp.ReferenceOTU5901 Even1_14934	*
N	*	100	*	*	*	*	*	New.CleanUp.ReferenceOTU5905 Even2_397285	*
N	*	82	*	*	*	*	*	New.CleanUp.ReferenceOTU5908 Even3_284337	*
N	*	93	*	*	*	*	*	New.CleanUp.ReferenceOTU5909 Even3_176555	*
N	*	100	*	*	*	*	*	New.CleanUp.ReferenceOTU591 Even1_393497	*
N	*	80	*	*	*	*	*	New.CleanUp.ReferenceOTU5913 Even3_281293	*
N	*	100	*	*	*	*	*	New.CleanUp.ReferenceOTU5916 Even3_281290	*
N	*	93	*	*	*	*	*	New.CleanUp.ReferenceOTU5921 Even1_64872	*
N	*	100	*	*	*	*	*	New.CleanUp.ReferenceOTU5922 Even2_267802	*
N	*	100	*	*	*	*	*	New.CleanUp.ReferenceOTU5925 Even1_257000	*
N	*	100	*	*	*	*	*	New.CleanUp.ReferenceOTU5932 Even2_337405	*
N	*	100	*	*	*	*	*	New.CleanUp.ReferenceOTU5936 Even1_48601	*
N	*	100	*	*	*	*	*	New.CleanUp.ReferenceOTU5937 Even2_82734	*
N	*	83	*	*	*	*	*	New.CleanUp.ReferenceOTU5941 Even3_740	*
N	*	100	*	*	*	*	*	New.CleanUp.ReferenceOTU5952 Even2_1728	*
N	*	87	*	*	*	*	*	New.CleanUp.ReferenceOTU5956 Even2_386792	*
N	*	77	*	*	*	*	*	New.CleanUp.ReferenceOTU5957 Even3_323541	*
N	*	96	*	*	*	*	*	New.CleanUp.ReferenceOTU5960 Even1_388461	*
N	*	84	*	*	*	*	*	New.CleanUp.ReferenceOTU5968 Even2_203550	*
N	*	83	*	*	*	*	*	New.CleanUp.ReferenceOTU597 Even1_247716	*
N	*	100	*	*	*	*	*	New.CleanUp.ReferenceOTU5974 Even3_274236	*
N	*	87	*	*	*	*	*	New.CleanUp.ReferenceOTU5977 Even3_397405	*
N	*	95	*	*	*	*	*	New.CleanUp.ReferenceOTU5985 Even2_363958	*
N	*	81	*	*	*	*	*	New.CleanUp.ReferenceOTU5988 Even1_200915	*
N	*	100	*	*	*	*	*	New.CleanUp.ReferenceOTU5989 Even1_281114	*
N	*	95	*	*	*	*	*	New.CleanUp.ReferenceOTU5991 Even1_147207	*
N	*	100	*	*	*	*	*	New.CleanUp.ReferenceOTU5994 Even3_375403	*
N	*	78	*	*	*	*	*	New.CleanUp.ReferenceOTU5995 Even3_378120	*
N	*	100	*	*	*	*	*	New.CleanUp.ReferenceOTU5997 Even3_375407	*
N	*	95	*	*	*	*	*	New.CleanUp.ReferenceOTU5998 Even2_373162	*
N	*	91	*	*	*	*	*	New.CleanUp.ReferenceOTU6006 Even3_269427	*
N	*	79	*	*	*	*	*	New.CleanUp.ReferenceOTU601 Even3_339561	*
N	*	100	*	*	*	*	*	New.CleanUp.ReferenceOTU6018 Even2_375456	*
N	*	100	*	*	*	*	*	New.CleanUp.ReferenceOTU602 Even1_513	*
N	*	92	*	*	*	*	*	New.CleanUp.ReferenceOTU6022 Even2_252824	*
N	*	82	*	*	*	*	*	New.CleanUp.ReferenceOTU6024 Even1_220374	*
N	*	87	*	*	*	*	*	New.CleanUp.ReferenceOTU6027 Even2_277794	*
N	*	100	*	*	*	*	*	New.CleanUp.ReferenceOTU6030 Even1_378933	*
N	*	85	*	*	*	*	*	New.CleanUp.ReferenceOTU6031 Even1_65830	*
N	*	95	*	*	*	*	*	New.CleanUp.ReferenceOTU6032 Even3_163914	*
N	*	100	*	*	*	*	*	New.CleanUp.ReferenceOTU6039 Even1_82879	*
N	*	87	*	*	*	*	*	New.CleanUp.ReferenceOTU6049 Even3_219906	*
N	*	100	*	*	*	*	*	New.CleanUp.ReferenceOTU6055 Even3_367641	*
N	*	93	*	*	*	*	*	New.CleanUp.ReferenceOTU6056 Even3_290222	*
N	*	80	*	*	*	*	*	New.CleanUp.ReferenceOTU6057 Even3_287196	*
N	*	90	*	*	*	*	*	New.CleanUp.ReferenceOTU6059 Even3_185468	*
N	*	87	*	*	*	*	*	New.CleanUp.ReferenceOTU6065 Even1_144090	*
N	*	100	*	*	*	*	*	New.CleanUp.ReferenceOTU6066 Even2_388415	*
N	*	100	*	*	*	*	*	New.CleanUp.ReferenceOTU6068 Even3_276491	*
N	*	92	*	*	*	*	*	New.CleanUp.ReferenceOTU6072 Even2_79746	*
N	*	82	*	*	*	*	*	New.CleanUp.ReferenceOTU6074 Even2_164884	*
N	*	84	*	*	*	*	*	New.CleanUp.ReferenceOTU6075 Even3_16718	*
N	*	100	*	*	*	*	*	New.CleanUp.ReferenceOTU6076 Even1_375569	*
N	*	100	*	*	*	*	*	New.CleanUp.ReferenceOTU6077 Even3_305348	*
N	*	81	*	*	*	*	*	New.CleanUp.ReferenceOTU6081 Even1_223481	*
N	*	100	*	*	*	*	*	New.CleanUp.ReferenceOTU6089 Even2_313338	*
N	*	82	*	*	*	*	*	New.CleanUp.ReferenceOTU609 Even2_314079	*
N	*	76	*	*	*	*	*	New.CleanUp.ReferenceOTU6091 Even2_50927	*
N	*	100	*	*	*	*	*	New.CleanUp.ReferenceOTU6092 Even3_323302	*
N	*	100	*	*	*	*	*	New.CleanUp.ReferenceOTU6094 Even3_385937	*
N	*	82	*	*	*	*	*	New.CleanUp.ReferenceOTU610 Even2_132734	*
N	*	100	*	*	*	*	*	New.CleanUp.ReferenceOTU612 Even1_359672	*
N	*	100	*	*	*	*	*	New.CleanUp.ReferenceOTU6122 Even1_97751	*
N	*	100	*	*	*	*	*	New.CleanUp.ReferenceOTU6127 Even3_247895	*
N	*	100	*	*	*	*	*	New.CleanUp.ReferenceOTU6136 Even3_20423	*
N	*	95	*	*	*	*	*	New.CleanUp.ReferenceOTU6137 Even3_17404	*
N	*	100	*	*	*	*	*	New.CleanUp.ReferenceOTU6143 Even3_381679	*
N	*	100	*	*	*	*	*	New.CleanUp.ReferenceOTU6145 Even3_216774	*
N	*	91	*	*	*	*	*	New.CleanUp.ReferenceOTU6147 Even1_53283	*
N	*	96	*	*	*	*	*	New.CleanUp.ReferenceOTU615 Even1_367215	*
N	*	100	*	*	*	*	*	New.CleanUp.ReferenceOTU6151 Even3_281543	*
N	*	80	*	*	*	*	*	New.CleanUp.ReferenceOTU6155 Even1_375986	*
N	*	100	*	*	*	*	*	New.CleanUp.ReferenceOTU6158 Even2_368680	*
N	*	91	*	*	*	*	*	New.CleanUp.ReferenceOTU616 Even3_32058	*
N	*	100	*	*	*	*	*	New.CleanUp.ReferenceOTU6160 Even1_314319	*
N	*	89	*	*	*	*	*	New.CleanUp.ReferenceOTU6161 Even1_327374	*
N	*	100	*	*	*	*	*	New.CleanUp.ReferenceOTU6162 Even3_75912	*
N	*	88	*	*	*	*	*	New.CleanUp.ReferenceOTU6174 Even1_192938	*
N	*	92	*	*	*	*	*	New.CleanUp.ReferenceOTU6178 Even3_346339	*
N	*	100	*	*	*	*	*	New.CleanUp.ReferenceOTU6185 Even3_129377	*
N	*	83	*	*	*	*	*	New.CleanUp.ReferenceOTU6186 Even3_378466	*
N	*	100	*	*	*	*	*	New.CleanUp.ReferenceOTU6187 Even3_371956	*
N	*	89	*	*	*	*	*	New.CleanUp.ReferenceOTU6195 Even1_183176	*
N	*	100	*	*	*	*	*	New.CleanUp.ReferenceOTU6218 Even1_140061	*
N	*	93	*	*	*	*	*	New.CleanUp.ReferenceOTU6222 Even2_115475	*
N	*	100	*	*	*	*	*	New.CleanUp.ReferenceOTU6228 Even2_21341	*
N	*	80	*	*	*	*	*	New.CleanUp.ReferenceOTU6230 Even2_49935	*
N	*	100	*	*	*	*	*	New.CleanUp.ReferenceOTU6231 Even1_371671	*
N	*	100	*	*	*	*	*	New.CleanUp.ReferenceOTU6232 Even3_364405	*
N	*	82	*	*	*	*	*	New.CleanUp.ReferenceOTU6237 Even3_234959	*
N	*	88	*	*	*	*	*	New.CleanUp.ReferenceOTU6247 Even1_275381	*
N	*	100	*	*	*	*	*	New.CleanUp.ReferenceOTU6248 Even2_386636	*
N	*	91	*	*	*	*	*	New.CleanUp.ReferenceOTU6251 Even1_279354	*
N	*	100	*	*	*	*	*	New.CleanUp.ReferenceOTU6255 Even1_279803	*
N	*	83	*	*	*	*	*	New.CleanUp.ReferenceOTU6259 Even3_205274	*
N	*	100	*	*	*	*	*	New.CleanUp.ReferenceOTU6260 Even2_21001	*
N	*	95	*	*	*	*	*	New.CleanUp.ReferenceOTU6263 Even3_337877	*
N	*	94	*	*	*	*	*	New.CleanUp.ReferenceOTU6264 Even2_371594	*
N	*	93	*	*	*	*	*	New.CleanUp.ReferenceOTU6265 Even2_287425	*
N	*	96	*	*	*	*	*	New.CleanUp.ReferenceOTU6269 Even1_370850	*
N	*	100	*	*	*	*	*	New.CleanUp.ReferenceOTU6277 Even3_293865	*
N	*	79	*	*	*	*	*	New.CleanUp.ReferenceOTU6284 Even2_132662	*
N	*	93	*	*	*	*	*	New.CleanUp.ReferenceOTU6289 Even2_391006	*
N	*	100	*	*	*	*	*	New.CleanUp.ReferenceOTU6298 Even3_345019	*
N	*	100	*	*	*	*	*	New.CleanUp.ReferenceOTU63 Even2_248024	*
N	*	85	*	*	*	*	*	New.CleanUp.ReferenceOTU6305 Even3_127916	*
N	*	83	*	*	*	*	*	New.CleanUp.ReferenceOTU6307 Even1_178725	*
N	*	100	*	*	*	*	*	New.CleanUp.ReferenceOTU631 Even2_375274	*
N	*	100	*	*	*	*	*	New.CleanUp.ReferenceOTU6314 Even3_319463	*
N	*	96	*	*	*	*	*	New.CleanUp.ReferenceOTU6315 Even1_392766	*
N	*	100	*	*	*	*	*	New.CleanUp.ReferenceOTU6318 Even2_386597	*
N	*	85	*	*	*	*	*	New.CleanUp.ReferenceOTU6319 Even1_42116	*
N	*	94	*	*	*	*	*	New.CleanUp.ReferenceOTU632 Even1_355370	*
N	*	78	*	*	*	*	*	New.CleanUp.ReferenceOTU6326 Even3_339319	*
N	*	96	*	*	*	*	*	New.CleanUp.ReferenceOTU6328 Even1_24703	*
N	*	82	*	*	*	*	*	New.CleanUp.ReferenceOTU6332 Even1_181231	*
N	*	77	*	*	*	*	*	New.CleanUp.ReferenceOTU6333 Even1_388842	*
N	*	84	*	*	*	*	*	New.CleanUp.ReferenceOTU6335 Even3_278021	*
N	*	76	*	*	*	*	*	New.CleanUp.ReferenceOTU6336 Even1_375182	*
N	*	100	*	*	*	*	*	New.CleanUp.ReferenceOTU6339 Even2_281861	*
N	*	92	*	*	*	*	*	New.CleanUp.ReferenceOTU6347 Even2_217084	*
N	*	100	*	*	*	*	*	New.CleanUp.ReferenceOTU6352 Even2_194239	*
N	*	81	*	*	*	*	*	New.CleanUp.ReferenceOTU6355 Even2_384559	*
N	*	100	*	*	*	*	*	New.CleanUp.ReferenceOTU6357 Even1_235045	*
N	*	92	*	*	*	*	*	New.CleanUp.ReferenceOTU6379 Even2_142787	*
N	*	81	*	*	*	*	*	New.CleanUp.ReferenceOTU6380 Even1_337383	*
N	*	100	*	*	*	*	*	New.CleanUp.ReferenceOTU6381 Even3_284269	*
N	*	92	*	*	*	*	*	New.CleanUp.ReferenceOTU6389 Even1_267337	*
N	*	100	*	*	*	*	*	New.CleanUp.ReferenceOTU639 Even2_76683	*
N	*	100	*	*	*	*	*	New.CleanUp.ReferenceOTU6400 Even1_376453	*
N	*	81	*	*	*	*	*	New.CleanUp.ReferenceOTU6404 Even1_10217	*
N	*	100	*	*	*	*	*	New.CleanUp.ReferenceOTU6405 Even1_287431	*
N	*	100	*	*	*	*	*	New.CleanUp.ReferenceOTU6411 Even2_284342	*
N	*	96	*	*	*	*	*	New.CleanUp.ReferenceOTU6412 Even1_250671	*
N	*	90	*	*	*	*	*	New.CleanUp.ReferenceOTU6413 Even2_309968	*
N	*	79	*	*	*	*	*	New.CleanUp.ReferenceOTU6416 Even2_381699	*
N	*	96	*	*	*	*	*	New.CleanUp.ReferenceOTU6418 Even2_381695	*
N	*	82	*	*	*	*	*	New.CleanUp.ReferenceOTU6420 Even3_288770	*
N	*	96	*	*	*	*	*	New.CleanUp.ReferenceOTU6421 Even1_359765	*
N	*	100	*	*	*	*	*	New.CleanUp.ReferenceOTU6426 Even2_388642	*
N	*	100	*	*	*	*	*	New.CleanUp.ReferenceOTU6428 Even1_320929	*
N	*	81	*	*	*	*	*	New.CleanUp.ReferenceOTU6429 Even3_58940	*
N	*	88	*	*	*	*	*	New.CleanUp.ReferenceOTU643 Even2_384459	*
N	*	81	*	*	*	*	*	New.CleanUp.ReferenceOTU6435 Even1_346516	*
N	*	80	*	*	*	*	*	New.CleanUp.ReferenceOTU6437 Even3_215092	*
N	*	100	*	*	*	*	*	New.CleanUp.ReferenceOTU6442 Even2_351703	*
N	*	94	*	*	*	*	*	New.CleanUp.ReferenceOTU6445 Even1_134403	*
N	*	96	*	*	*	*	*	New.CleanUp.ReferenceOTU6450 Even1_388486	*
N	*	88	*	*	*	*	*	New.CleanUp.ReferenceOTU6452 Even2_46258	*
N	*	100	*	*	*	*	*	New.CleanUp.ReferenceOTU6463 Even2_375422	*
N	*	95	*	*	*	*	*	New.CleanUp.ReferenceOTU6468 Even1_380908	*
N	*	100	*	*	*	*	*	New.CleanUp.ReferenceOTU6469 Even1_136294	*
N	*	100	*	*	*	*	*	New.CleanUp.ReferenceOTU647 Even1_161854	*
N	*	95	*	*	*	*	*	New.CleanUp.ReferenceOTU6472 Even1_194876	*
N	*	100	*	*	*	*	*	New.CleanUp.ReferenceOTU6479 Even3_375461	*
N	*	81	*	*	*	*	*	New.CleanUp.ReferenceOTU6481 Even1_17794	*
N	*	78	*	*	*	*	*	New.CleanUp.ReferenceOTU6486 Even1_192768	*
N	*	95	*	*	*	*	*	New.CleanUp.ReferenceOTU649 Even3_386822	*
N	*	95	*	*	*	*	*	New.CleanUp.ReferenceOTU6492 Even3_368062	*
N	*	95	*	*	*	*	*	New.CleanUp.ReferenceOTU6497 Even1_232028	*
N	*	84	*	*	*	*	*	New.CleanUp.ReferenceOTU6498 Even3_130789	*
N	*	100	*	*	*	*	*	New.CleanUp.ReferenceOTU65 Even2_388582	*
N	*	100	*	*	*	*	*	New.CleanUp.ReferenceOTU6500 Even3_372010	*
N	*	100	*	*	*	*	*	New.CleanUp.ReferenceOTU6506 Even2_258471	*
N	*	86	*	*	*	*	*	New.CleanUp.ReferenceOTU6507 Even2_155655	*
N	*	76	*	*	*	*	*	New.CleanUp.ReferenceOTU6508 Even3_388435	*
N	*	100	*	*	*	*	*	New.CleanUp.ReferenceOTU6509 Even3_330181	*
N	*	95	*	*	*	*	*	New.CleanUp.ReferenceOTU6512 Even3_380995	*
N	*	89	*	*	*	*	*	New.CleanUp.ReferenceOTU6515 Even1_374361	*
N	*	100	*	*	*	*	*	New.CleanUp.ReferenceOTU6516 Even3_381277	*
N	*	78	*	*	*	*	*	New.CleanUp.ReferenceOTU6518 Even1_390830	*
N	*	83	*	*	*	*	*	New.CleanUp.ReferenceOTU6524 Even1_364775	*
N	*	81	*	*	*	*	*	New.CleanUp.ReferenceOTU6538 Even3_22046	*
N	*	100	*	*	*	*	*	New.CleanUp.ReferenceOTU6542 Even2_224065	*
N	*	96	*	*	*	*	*	New.CleanUp.ReferenceOTU6543 Even3_281335	*
N	*	100	*	*	*	*	*	New.CleanUp.ReferenceOTU6544 Even3_19425	*
N	*	100	*	*	*	*	*	New.CleanUp.ReferenceOTU6545 Even1_1733	*
N	*	82	*	*	*	*	*	New.CleanUp.ReferenceOTU6546 Even2_270988	*
N	*	85	*	*	*	*	*	New.CleanUp.ReferenceOTU6547 Even1_280668	*
N	*	92	*	*	*	*	*	New.CleanUp.ReferenceOTU6548 Even3_131250	*
N	*	100	*	*	*	*	*	New.CleanUp.ReferenceOTU6550 Even1_103202	*
N	*	86	*	*	*	*	*	New.CleanUp.ReferenceOTU6555 Even1_323526	*
N	*	94	*	*	*	*	*	New.CleanUp.ReferenceOTU6557 Even1_323250	*
N	*	93	*	*	*	*	*	New.CleanUp.ReferenceOTU656 Even1_292356	*
N	*	100	*	*	*	*	*	New.CleanUp.ReferenceOTU6561 Even2_281100	*
N	*	88	*	*	*	*	*	New.CleanUp.ReferenceOTU6564 Even2_281451	*
N	*	100	*	*	*	*	*	New.CleanUp.ReferenceOTU6569 Even2_129820	*
N	*	100	*	*	*	*	*	New.CleanUp.ReferenceOTU657 Even3_393620	*
N	*	94	*	*	*	*	*	New.CleanUp.ReferenceOTU6577 Even2_381449	*
N	*	94	*	*	*	*	*	New.CleanUp.ReferenceOTU6578 Even2_309774	*
N	*	84	*	*	*	*	*	New.CleanUp.ReferenceOTU6583 Even3_386696	*
N	*	82	*	*	*	*	*	New.CleanUp.ReferenceOTU6589 Even3_91145	*
N	*	96	*	*	*	*	*	New.CleanUp.ReferenceOTU6590 Even2_364662	*
N	*	94	*	*	*	*	*	New.CleanUp.ReferenceOTU6591 Even1_386411	*
N	*	100	*	*	*	*	*	New.CleanUp.ReferenceOTU6592 Even2_393952	*
N	*	100	*	*	*	*	*	New.CleanUp.ReferenceOTU6599 Even2_44121	*
N	*	81	*	*	*	*	*	New.CleanUp.ReferenceOTU6614 Even3_71703	*
N	*	100	*	*	*	*	*	New.CleanUp.ReferenceOTU662 Even3_360591	*
N	*	85	*	*	*	*	*	New.CleanUp.ReferenceOTU6622 Even2_29601	*
N	*	100	*	*	*	*	*	New.CleanUp.ReferenceOTU6627 Even3_275426	*
N	*	82	*	*	*	*	*	New.CleanUp.ReferenceOTU6628 Even1_388810	*
N	*	100	*	*	*	*	*	New.CleanUp.ReferenceOTU6633 Even3_275429	*
N	*	76	*	*	*	*	*	New.CleanUp.ReferenceOTU6634 Even2_266247	*
N	*	94	*	*	*	*	*	New.CleanUp.ReferenceOTU6637 Even1_309734	*
N	*	100	*	*	*	*	*	New.CleanUp.ReferenceOTU6639 Even2_290378	*
N	*	100	*	*	*	*	*	New.CleanUp.ReferenceOTU6649 Even2_372092	*
N	*	81	*	*	*	*	*	New.CleanUp.ReferenceOTU6650 Even3_208740	*
N	*	95	*	*	*	*	*	New.CleanUp.ReferenceOTU6653 Even3_29546	*
N	*	100	*	*	*	*	*	New.CleanUp.ReferenceOTU6655 Even2_371951	*
N	*	100	*	*	*	*	*	New.CleanUp.ReferenceOTU6659 Even3_103540	*
N	*	81	*	*	*	*	*	New.CleanUp.ReferenceOTU6663 Even2_350625	*
N	*	79	*	*	*	*	*	New.CleanUp.ReferenceOTU6667 Even2_224573	*
N	*	100	*	*	*	*	*	New.CleanUp.ReferenceOTU6669 Even1_19923	*
N	*	94	*	*	*	*	*	New.CleanUp.ReferenceOTU6675 Even1_395109	*
N	*	95	*	*	*	*	*	New.CleanUp.ReferenceOTU6676 Even2_277204	*
N	*	100	*	*	*	*	*	New.CleanUp.ReferenceOTU6680 Even3_395274	*
N	*	100	*	*	*	*	*	New.CleanUp.ReferenceOTU6683 Even3_281481	*
N	*	100	*	*	*	*	*	New.CleanUp.ReferenceOTU6685 Even3_378677	*
N	*	91	*	*	*	*	*	New.CleanUp.ReferenceOTU6687 Even1_309821	*
N	*	96	*	*	*	*	*	New.CleanUp.ReferenceOTU6697 Even2_386416	*
N	*	100	*	*	*	*	*	New.CleanUp.ReferenceOTU6700 Even3_193891	*
N	*	76	*	*	*	*	*	New.CleanUp.ReferenceOTU6701 Even3_242795	*
N	*	100	*	*	*	*	*	New.CleanUp.ReferenceOTU6703 Even2_166521	*
N	*	92	*	*	*	*	*	New.CleanUp.ReferenceOTU6706 Even3_281469	*
N	*	79	*	*	*	*	*	New.CleanUp.ReferenceOTU6709 Even2_52012	*
N	*	82	*	*	*	*	*	New.CleanUp.ReferenceOTU6710 Even2_390860	*
N	*	95	*	*	*	*	*	New.CleanUp.ReferenceOTU6712 Even1_346236	*
N	*	92	*	*	*	*	*	New.CleanUp.ReferenceOTU6715 Even1_313919	*
N	*	91	*	*	*	*	*	New.CleanUp.ReferenceOTU6720 Even3_124574	*
N	*	90	*	*	*	*	*	New.CleanUp.ReferenceOTU6722 Even3_274118	*
N	*	100	*	*	*	*	*	New.CleanUp.ReferenceOTU6724 Even3_364425	*
N	*	84	*	*	*	*	*	New.CleanUp.ReferenceOTU6725 Even1_356412	*
N	*	100	*	*	*	*	*	New.CleanUp.ReferenceOTU6732 Even2_224298	*
N	*	100	*	*	*	*	*	New.CleanUp.ReferenceOTU6735 Even2_386614	*
N	*	92	*	*	*	*	*	New.CleanUp.ReferenceOTU6740 Even2_396297	*
N	*	81	*	*	*	*	*	New.CleanUp.ReferenceOTU6742 Even3_375073	*
N	*	92	*	*	*	*	*	New.CleanUp.ReferenceOTU6748 Even3_116406	*
N	*	84	*	*	*	*	*	New.CleanUp.ReferenceOTU6749 Even1_9889	*
N	*	100	*	*	*	*	*	New.CleanUp.ReferenceOTU6755 Even2_314236	*
N	*	96	*	*	*	*	*	New.CleanUp.ReferenceOTU6757 Even3_391085	*
N	*	81	*	*	*	*	*	New.CleanUp.ReferenceOTU6758 Even2_314546	*
N	*	95	*	*	*	*	*	New.CleanUp.ReferenceOTU6761 Even3_70615	*
N	*	90	*	*	*	*	*	New.CleanUp.ReferenceOTU6763 Even2_203718	*
N	*	100	*	*	*	*	*	New.CleanUp.ReferenceOTU6764 Even2_391021	*
N	*	87	*	*	*	*	*	New.CleanUp.ReferenceOTU6769 Even3_297484	*
N	*	87	*	*	*	*	*	New.CleanUp.ReferenceOTU6771 Even3_279407	*
N	*	100	*	*	*	*	*	New.CleanUp.ReferenceOTU6773 Even3_66468	*
N	*	92	*	*	*	*	*	New.CleanUp.ReferenceOTU6774 Even2_242299	*
N	*	96	*	*	*	*	*	New.CleanUp.ReferenceOTU6775 Even1_351323	*
N	*	100	*	*	*	*	*	New.CleanUp.ReferenceOTU6784 Even3_372182	*
N	*	92	*	*	*	*	*	New.CleanUp.ReferenceOTU6790 Even2_340788	*
N	*	81	*	*	*	*	*	New.CleanUp.ReferenceOTU6791 Even1_281130	*
N	*	87	*	*	*	*	*	New.CleanUp.ReferenceOTU6793 Even2_302106	*
N	*	95	*	*	*	*	*	New.CleanUp.ReferenceOTU6794 Even2_305332	*
N	*	100	*	*	*	*	*	New.CleanUp.ReferenceOTU6796 Even1_293682	*
N	*	91	*	*	*	*	*	New.CleanUp.ReferenceOTU6810 Even2_290169	*
N	*	100	*	*	*	*	*	New.CleanUp.ReferenceOTU6813 Even2_290167	*
N	*	100	*	*	*	*	*	New.CleanUp.ReferenceOTU6824 Even2_384574	*
N	*	94	*	*	*	*	*	New.CleanUp.ReferenceOTU6827 Even3_35129	*
N	*	92	*	*	*	*	*	New.CleanUp.ReferenceOTU6828 Even1_363667	*
N	*	100	*	*	*	*	*	New.CleanUp.ReferenceOTU6829 Even3_341978	*
N	*	100	*	*	*	*	*	New.CleanUp.ReferenceOTU6830 Even1_368394	*
N	*	90	*	*	*	*	*	New.CleanUp.ReferenceOTU6831 Even1_302070	*
N	*	100	*	*	*	*	*	New.CleanUp.ReferenceOTU6832 Even1_302078	*
N	*	100	*	*	*	*	*	New.CleanUp.ReferenceOTU6835 Even3_392851	*
N	*	100	*	*	*	*	*	New.CleanUp.ReferenceOTU6840 Even2_385222	*
N	*	100	*	*	*	*	*	New.CleanUp.ReferenceOTU6843 Even3_284200	*
N	*	86	*	*	*	*	*	New.CleanUp.ReferenceOTU6846 Even3_360421	*
N	*	91	*	*	*	*	*	New.CleanUp.ReferenceOTU6849 Even2_265729	*
N	*	94	*	*	*	*	*	New.CleanUp.ReferenceOTU685 Even1_378288	*
N	*	84	*	*	*	*	*	New.CleanUp.ReferenceOTU6850 Even2_40234	*
N	*	91	*	*	*	*	*	New.CleanUp.ReferenceOTU6851 Even3_8949	*
N	*	100	*	*	*	*	*	New.CleanUp.ReferenceOTU6852 Even1_269215	*
N	*	100	*	*	*	*	*	New.CleanUp.ReferenceOTU6853 Even1_8981	*
N	*	100	*	*	*	*	*	New.CleanUp.ReferenceOTU6854 Even1_93360	*
N	*	84	*	*	*	*	*	New.CleanUp.ReferenceOTU6855 Even3_162327	*
N	*	81	*	*	*	*	*	New.CleanUp.ReferenceOTU6859 Even1_82050	*
N	*	96	*	*	*	*	*	New.CleanUp.ReferenceOTU6863 Even3_104355	*
N	*	95	*	*	*	*	*	New.CleanUp.ReferenceOTU6864 Even1_371607	*
N	*	79	*	*	*	*	*	New.CleanUp.ReferenceOTU687 Even2_215041	*
N	*	100	*	*	*	*	*	New.CleanUp.ReferenceOTU6871 Even3_217612	*
N	*	100	*	*	*	*	*	New.CleanUp.ReferenceOTU6873 Even3_301995	*
N	*	100	*	*	*	*	*	New.CleanUp.ReferenceOTU6875 Even3_397319	*
N	*	84	*	*	*	*	*	New.CleanUp.ReferenceOTU6881 Even1_25538	*
N	*	82	*	*	*	*	*	New.CleanUp.ReferenceOTU6882 Even1_323926	*
N	*	95	*	*	*	*	*	New.CleanUp.ReferenceOTU6887 Even1_309961	*
N	*	100	*	*	*	*	*	New.CleanUp.ReferenceOTU6888 Even3_227480	*
N	*	100	*	*	*	*	*	New.CleanUp.ReferenceOTU6890 Even1_293870	*
N	*	100	*	*	*	*	*	New.CleanUp.ReferenceOTU6897 Even3_351180	*
N	*	100	*	*	*	*	*	New.CleanUp.ReferenceOTU6901 Even2_388661	*
N	*	100	*	*	*	*	*	New.CleanUp.ReferenceOTU6904 Even2_4428	*
N	*	100	*	*	*	*	*	New.CleanUp.ReferenceOTU6906 Even2_351722	*
N	*	100	*	*	*	*	*	New.CleanUp.ReferenceOTU6910 Even2_237621	*
N	*	81	*	*	*	*	*	New.CleanUp.ReferenceOTU6917 Even2_332367	*
N	*	94	*	*	*	*	*	New.CleanUp.ReferenceOTU6920 Even2_287291	*
N	*	96	*	*	*	*	*	New.CleanUp.ReferenceOTU6928 Even2_42797	*
N	*	90	*	*	*	*	*	New.CleanUp.ReferenceOTU6936 Even3_178804	*
N	*	100	*	*	*	*	*	New.CleanUp.ReferenceOTU6937 Even2_313544	*
N	*	82	*	*	*	*	*	New.CleanUp.ReferenceOTU6939 Even3_124969	*
N	*	80	*	*	*	*	*	New.CleanUp.ReferenceOTU6940 Even1_280864	*
N	*	79	*	*	*	*	*	New.CleanUp.ReferenceOTU6948 Even2_216548	*
N	*	85	*	*	*	*	*	New.CleanUp.ReferenceOTU6949 Even3_272602	*
N	*	90	*	*	*	*	*	New.CleanUp.ReferenceOTU695 Even1_326922	*
N	*	92	*	*	*	*	*	New.CleanUp.ReferenceOTU6950 Even2_297256	*
N	*	86	*	*	*	*	*	New.CleanUp.ReferenceOTU6952 Even1_275225	*
N	*	82	*	*	*	*	*	New.CleanUp.ReferenceOTU6958 Even2_88491	*
N	*	100	*	*	*	*	*	New.CleanUp.ReferenceOTU696 Even2_393604	*
N	*	100	*	*	*	*	*	New.CleanUp.ReferenceOTU6963 Even3_384507	*
N	*	95	*	*	*	*	*	New.CleanUp.ReferenceOTU6964 Even3_384506	*
N	*	90	*	*	*	*	*	New.CleanUp.ReferenceOTU6967 Even2_333295	*
N	*	100	*	*	*	*	*	New.CleanUp.ReferenceOTU6969 Even1_364758	*
N	*	83	*	*	*	*	*	New.CleanUp.ReferenceOTU6970 Even1_364024	*
N	*	100	*	*	*	*	*	New.CleanUp.ReferenceOTU6971 Even2_16546	*
N	*	88	*	*	*	*	*	New.CleanUp.ReferenceOTU6980 Even1_314433	*
N	*	100	*	*	*	*	*	New.CleanUp.ReferenceOTU6984 Even3_297350	*
N	*	94	*	*	*	*	*	New.CleanUp.ReferenceOTU6988 Even3_378160	*
N	*	94	*	*	*	*	*	New.CleanUp.ReferenceOTU6989 Even3_268840	*
N	*	95	*	*	*	*	*	New.CleanUp.ReferenceOTU6997 Even1_368665	*
N	*	80	*	*	*	*	*	New.CleanUp.ReferenceOTU70 Even1_280871	*
N	*	96	*	*	*	*	*	New.CleanUp.ReferenceOTU7002 Even1_317588	*
N	*	85	*	*	*	*	*	New.CleanUp.ReferenceOTU7011 Even1_49626	*
N	*	100	*	*	*	*	*	New.CleanUp.ReferenceOTU7014 Even1_43616	*
N	*	100	*	*	*	*	*	New.CleanUp.ReferenceOTU7020 Even1_393293	*
N	*	93	*	*	*	*	*	New.CleanUp.ReferenceOTU7024 Even1_323505	*
N	*	100	*	*	*	*	*	New.CleanUp.ReferenceOTU7025 Even2_281439	*
N	*	100	*	*	*	*	*	New.CleanUp.ReferenceOTU7027 Even2_79560	*
N	*	95	*	*	*	*	*	New.CleanUp.ReferenceOTU7041 Even3_386812	*
N	*	100	*	*	*	*	*	New.CleanUp.ReferenceOTU7042 Even3_386811	*
N	*	80	*	*	*	*	*	New.CleanUp.ReferenceOTU7050 Even1_229679	*
N	*	100	*	*	*	*	*	New.CleanUp.ReferenceOTU7052 Even2_79788	*
N	*	83	*	*	*	*	*	New.CleanUp.ReferenceOTU7055 Even2_207124	*
N	*	100	*	*	*	*	*	New.CleanUp.ReferenceOTU7059 Even2_44105	*
N	*	96	*	*	*	*	*	New.CleanUp.ReferenceOTU7062 Even2_383955	*
N	*	89	*	*	*	*	*	New.CleanUp.ReferenceOTU7065 Even1_304723	*
N	*	95	*	*	*	*	*	New.CleanUp.ReferenceOTU707 Even2_384231	*
N	*	100	*	*	*	*	*	New.CleanUp.ReferenceOTU7071 Even3_31782	*
N	*	100	*	*	*	*	*	New.CleanUp.ReferenceOTU7072 Even1_385124	*
N	*	83	*	*	*	*	*	New.CleanUp.ReferenceOTU7073 Even3_31786	*
N	*	95	*	*	*	*	*	New.CleanUp.ReferenceOTU7076 Even1_124093	*
N	*	96	*	*	*	*	*	New.CleanUp.ReferenceOTU7082 Even2_280526	*
N	*	100	*	*	*	*	*	New.CleanUp.ReferenceOTU7083 Even2_95221	*
N	*	86	*	*	*	*	*	New.CleanUp.ReferenceOTU7085 Even2_280522	*
N	*	93	*	*	*	*	*	New.CleanUp.ReferenceOTU7090 Even1_131709	*
N	*	94	*	*	*	*	*	New.CleanUp.ReferenceOTU7093 Even1_372760	*
N	*	100	*	*	*	*	*	New.CleanUp.ReferenceOTU7094 Even3_328124	*
N	*	92	*	*	*	*	*	New.CleanUp.ReferenceOTU71 Even1_280877	*
N	*	86	*	*	*	*	*	New.CleanUp.ReferenceOTU7107 Even1_225176	*
N	*	94	*	*	*	*	*	New.CleanUp.ReferenceOTU7112 Even2_282964	*
N	*	92	*	*	*	*	*	New.CleanUp.ReferenceOTU7113 Even2_369044	*
N	*	100	*	*	*	*	*	New.CleanUp.ReferenceOTU7115 Even1_76013	*
N	*	85	*	*	*	*	*	New.CleanUp.ReferenceOTU7126 Even2_245212	*
N	*	100	*	*	*	*	*	New.CleanUp.ReferenceOTU7133 Even3_318440	*
N	*	100	*	*	*	*	*	New.CleanUp.ReferenceOTU7139 Even3_395257	*
N	*	93	*	*	*	*	*	New.CleanUp.ReferenceOTU7140 Even2_397051	*
N	*	93	*	*	*	*	*	New.CleanUp.ReferenceOTU7150 Even2_34667	*
N	*	100	*	*	*	*	*	New.CleanUp.ReferenceOTU7151 Even2_390884	*
N	*	95	*	*	*	*	*	New.CleanUp.ReferenceOTU7152 Even3_281448	*
N	*	100	*	*	*	*	*	New.CleanUp.ReferenceOTU7180 Even1_114931	*
N	*	95	*	*	*	*	*	New.CleanUp.ReferenceOTU7182 Even2_388436	*
N	*	100	*	*	*	*	*	New.CleanUp.ReferenceOTU7185 Even2_356365	*
N	*	100	*	*	*	*	*	New.CleanUp.ReferenceOTU7188 Even2_356362	*
N	*	77	*	*	*	*	*	New.CleanUp.ReferenceOTU7189 Even3_96629	*
N	*	100	*	*	*	*	*	New.CleanUp.ReferenceOTU7190 Even1_305436	*
N	*	100	*	*	*	*	*	New.CleanUp.ReferenceOTU7195 Even2_314216	*
N	*	95	*	*	*	*	*	New.CleanUp.ReferenceOTU720 Even1_368465	*
N	*	76	*	*	*	*	*	New.CleanUp.ReferenceOTU7200 Even3_53950	*
N	*	100	*	*	*	*	*	New.CleanUp.ReferenceOTU7205 Even1_213808	*
N	*	80	*	*	*	*	*	New.CleanUp.ReferenceOTU7209 Even2_140196	*
N	*	96	*	*	*	*	*	New.CleanUp.ReferenceOTU721 Even3_390306	*
N	*	95	*	*	*	*	*	New.CleanUp.ReferenceOTU7214 Even1_283853	*
N	*	100	*	*	*	*	*	New.CleanUp.ReferenceOTU7216 Even1_107639	*
N	*	76	*	*	*	*	*	New.CleanUp.ReferenceOTU7221 Even2_370976	*
N	*	79	*	*	*	*	*	New.CleanUp.ReferenceOTU7227 Even3_117595	*
N	*	82	*	*	*	*	*	New.CleanUp.ReferenceOTU7229 Even2_222829	*
N	*	100	*	*	*	*	*	New.CleanUp.ReferenceOTU723 Even3_280575	*
N	*	100	*	*	*	*	*	New.CleanUp.ReferenceOTU7232 Even2_61125	*
N	*	89	*	*	*	*	*	New.CleanUp.ReferenceOTU7245 Even3_383564	*
N	*	100	*	*	*	*	*	New.CleanUp.ReferenceOTU725 Even3_393165	*
N	*	100	*	*	*	*	*	New.CleanUp.ReferenceOTU7252 Even1_290201	*
N	*	100	*	*	*	*	*	New.CleanUp.ReferenceOTU7259 Even1_142398	*
N	*	83	*	*	*	*	*	New.CleanUp.ReferenceOTU7260 Even1_345709	*
N	*	100	*	*	*	*	*	New.CleanUp.ReferenceOTU7261 Even3_328284	*
N	*	100	*	*	*	*	*	New.CleanUp.ReferenceOTU7262 Even3_203649	*
N	*	100	*	*	*	*	*	New.CleanUp.ReferenceOTU7270 Even1_156013	*
N	*	100	*	*	*	*	*	New.CleanUp.ReferenceOTU7278 Even3_44197	*
N	*	100	*	*	*	*	*	New.CleanUp.ReferenceOTU7279 Even2_393501	*
N	*	100	*	*	*	*	*	New.CleanUp.ReferenceOTU7286 Even3_341919	*
N	*	100	*	*	*	*	*	New.CleanUp.ReferenceOTU729 Even3_277830	*
N	*	81	*	*	*	*	*	New.CleanUp.ReferenceOTU7290 Even3_6249	*
N	*	85	*	*	*	*	*	New.CleanUp.ReferenceOTU7297 Even2_272629	*
N	*	100	*	*	*	*	*	New.CleanUp.ReferenceOTU7299 Even1_372245	*
N	*	83	*	*	*	*	*	New.CleanUp.ReferenceOTU7301 Even3_386715	*
N	*	76	*	*	*	*	*	New.CleanUp.ReferenceOTU7306 Even3_196303	*
N	*	85	*	*	*	*	*	New.CleanUp.ReferenceOTU7307 Even1_3832	*
N	*	84	*	*	*	*	*	New.CleanUp.ReferenceOTU7311 Even1_276117	*
N	*	83	*	*	*	*	*	New.CleanUp.ReferenceOTU7313 Even1_217925	*
N	*	92	*	*	*	*	*	New.CleanUp.ReferenceOTU7315 Even1_272124	*
N	*	94	*	*	*	*	*	New.CleanUp.ReferenceOTU7317 Even1_31520	*
N	*	100	*	*	*	*	*	New.CleanUp.ReferenceOTU732 Even2_390899	*
N	*	80	*	*	*	*	*	New.CleanUp.ReferenceOTU7324 Even1_36357	*
N	*	92	*	*	*	*	*	New.CleanUp.ReferenceOTU7325 Even1_190228	*
N	*	100	*	*	*	*	*	New.CleanUp.ReferenceOTU733 Even2_390898	*
N	*	89	*	*	*	*	*	New.CleanUp.ReferenceOTU7335 Even1_296475	*
N	*	84	*	*	*	*	*	New.CleanUp.ReferenceOTU7337 Even3_277340	*
N	*	100	*	*	*	*	*	New.CleanUp.ReferenceOTU7343 Even2_375379	*
N	*	92	*	*	*	*	*	New.CleanUp.ReferenceOTU7345 Even3_284229	*
N	*	89	*	*	*	*	*	New.CleanUp.ReferenceOTU7346 Even2_107374	*
N	*	84	*	*	*	*	*	New.CleanUp.ReferenceOTU7349 Even1_313490	*
N	*	96	*	*	*	*	*	New.CleanUp.ReferenceOTU7350 Even3_284220	*
N	*	86	*	*	*	*	*	New.CleanUp.ReferenceOTU7352 Even1_306241	*
N	*	84	*	*	*	*	*	New.CleanUp.ReferenceOTU7355 Even2_284384	*
N	*	100	*	*	*	*	*	New.CleanUp.ReferenceOTU7357 Even2_284381	*
N	*	92	*	*	*	*	*	New.CleanUp.ReferenceOTU7358 Even2_273572	*
N	*	94	*	*	*	*	*	New.CleanUp.ReferenceOTU7360 Even2_300751	*
N	*	100	*	*	*	*	*	New.CleanUp.ReferenceOTU7365 Even2_397024	*
N	*	82	*	*	*	*	*	New.CleanUp.ReferenceOTU7366 Even3_23908	*
N	*	83	*	*	*	*	*	New.CleanUp.ReferenceOTU7367 Even3_279069	*
N	*	82	*	*	*	*	*	New.CleanUp.ReferenceOTU7369 Even2_240028	*
N	*	100	*	*	*	*	*	New.CleanUp.ReferenceOTU737 Even1_279957	*
N	*	91	*	*	*	*	*	New.CleanUp.ReferenceOTU7372 Even1_314147	*
N	*	95	*	*	*	*	*	New.CleanUp.ReferenceOTU7373 Even2_85394	*
N	*	85	*	*	*	*	*	New.CleanUp.ReferenceOTU7374 Even3_288013	*
N	*	92	*	*	*	*	*	New.CleanUp.ReferenceOTU7375 Even2_70910	*
N	*	84	*	*	*	*	*	New.CleanUp.ReferenceOTU7378 Even3_265488	*
N	*	85	*	*	*	*	*	New.CleanUp.ReferenceOTU738 Even2_9087	*
N	*	91	*	*	*	*	*	New.CleanUp.ReferenceOTU7382 Even3_397283	*
N	*	93	*	*	*	*	*	New.CleanUp.ReferenceOTU7383 Even1_346735	*
N	*	78	*	*	*	*	*	New.CleanUp.ReferenceOTU7385 Even3_185064	*
N	*	100	*	*	*	*	*	New.CleanUp.ReferenceOTU7388 Even2_397264	*
N	*	79	*	*	*	*	*	New.CleanUp.ReferenceOTU739 Even1_64584	*
N	*	100	*	*	*	*	*	New.CleanUp.ReferenceOTU7392 Even2_98662	*
N	*	100	*	*	*	*	*	New.CleanUp.ReferenceOTU7393 Even3_314097	*
N	*	100	*	*	*	*	*	New.CleanUp.ReferenceOTU74 Even2_375413	*
N	*	95	*	*	*	*	*	New.CleanUp.ReferenceOTU740 Even2_337395	*
N	*	100	*	*	*	*	*	New.CleanUp.ReferenceOTU7403 Even1_333311	*
N	*	77	*	*	*	*	*	New.CleanUp.ReferenceOTU7407 Even1_131916	*
N	*	91	*	*	*	*	*	New.CleanUp.ReferenceOTU7415 Even1_277580	*
N	*	79	*	*	*	*	*	New.CleanUp.ReferenceOTU7417 Even2_225044	*
N	*	89	*	*	*	*	*	New.CleanUp.ReferenceOTU7419 Even3_397417	*
N	*	90	*	*	*	*	*	New.CleanUp.ReferenceOTU7421 Even1_278728	*
N	*	94	*	*	*	*	*	New.CleanUp.ReferenceOTU7431 Even3_297119	*
N	*	100	*	*	*	*	*	New.CleanUp.ReferenceOTU7434 Even2_19720	*
N	*	91	*	*	*	*	*	New.CleanUp.ReferenceOTU7438 Even1_162646	*
N	*	100	*	*	*	*	*	New.CleanUp.ReferenceOTU7444 Even3_384529	*
N	*	93	*	*	*	*	*	New.CleanUp.ReferenceOTU7446 Even2_296275	*
N	*	84	*	*	*	*	*	New.CleanUp.ReferenceOTU7447 Even3_33086	*
N	*	78	*	*	*	*	*	New.CleanUp.ReferenceOTU7449 Even2_386395	*
N	*	85	*	*	*	*	*	New.CleanUp.ReferenceOTU7458 Even2_395225	*
N	*	96	*	*	*	*	*	New.CleanUp.ReferenceOTU7461 Even3_388380	*
N	*	89	*	*	*	*	*	New.CleanUp.ReferenceOTU7464 Even1_279587	*
N	*	79	*	*	*	*	*	New.CleanUp.ReferenceOTU7467 Even1_253147	*
N	*	100	*	*	*	*	*	New.CleanUp.ReferenceOTU7478 Even3_384382	*
N	*	81	*	*	*	*	*	New.CleanUp.ReferenceOTU748 Even2_387394	*
N	*	100	*	*	*	*	*	New.CleanUp.ReferenceOTU7481 Even1_323741	*
N	*	95	*	*	*	*	*	New.CleanUp.ReferenceOTU7482 Even2_275351	*
N	*	92	*	*	*	*	*	New.CleanUp.ReferenceOTU7485 Even1_138187	*
N	*	92	*	*	*	*	*	New.CleanUp.ReferenceOTU7489 Even3_388716	*
N	*	100	*	*	*	*	*	New.CleanUp.ReferenceOTU7490 Even3_117104	*
N	*	100	*	*	*	*	*	New.CleanUp.ReferenceOTU7495 Even3_367807	*
N	*	100	*	*	*	*	*	New.CleanUp.ReferenceOTU7496 Even3_100193	*
N	*	81	*	*	*	*	*	New.CleanUp.ReferenceOTU7499 Even3_100199	*
N	*	85	*	*	*	*	*	New.CleanUp.ReferenceOTU75 Even2_375411	*
N	*	87	*	*	*	*	*	New.CleanUp.ReferenceOTU7500 Even1_277984	*
N	*	78	*	*	*	*	*	New.CleanUp.ReferenceOTU7503 Even2_195373	*
N	*	95	*	*	*	*	*	New.CleanUp.ReferenceOTU7511 Even2_314003	*
N	*	87	*	*	*	*	*	New.CleanUp.ReferenceOTU7513 Even3_342021	*
N	*	100	*	*	*	*	*	New.CleanUp.ReferenceOTU7514 Even2_68777	*
N	*	100	*	*	*	*	*	New.CleanUp.ReferenceOTU7521 Even1_281612	*
N	*	100	*	*	*	*	*	New.CleanUp.ReferenceOTU7527 Even3_363851	*
N	*	95	*	*	*	*	*	New.CleanUp.ReferenceOTU7530 Even2_381403	*
N	*	100	*	*	*	*	*	New.CleanUp.ReferenceOTU7532 Even2_318968	*
N	*	100	*	*	*	*	*	New.CleanUp.ReferenceOTU7533 Even3_341618	*
N	*	92	*	*	*	*	*	New.CleanUp.ReferenceOTU7535 Even2_384384	*
N	*	78	*	*	*	*	*	New.CleanUp.ReferenceOTU7539 Even3_280484	*
N	*	100	*	*	*	*	*	New.CleanUp.ReferenceOTU7540 Even3_304945	*
N	*	100	*	*	*	*	*	New.CleanUp.ReferenceOTU7541 Even1_389816	*
N	*	100	*	*	*	*	*	New.CleanUp.ReferenceOTU7542 Even1_297405	*
N	*	80	*	*	*	*	*	New.CleanUp.ReferenceOTU7545 Even2_172871	*
N	*	83	*	*	*	*	*	New.CleanUp.ReferenceOTU7546 Even1_12631	*
N	*	96	*	*	*	*	*	New.CleanUp.ReferenceOTU755 Even1_375863	*
N	*	83	*	*	*	*	*	New.CleanUp.ReferenceOTU7553 Even1_225049	*
N	*	100	*	*	*	*	*	New.CleanUp.ReferenceOTU7557 Even3_266113	*
N	*	100	*	*	*	*	*	New.CleanUp.ReferenceOTU7563 Even1_337803	*
N	*	100	*	*	*	*	*	New.CleanUp.ReferenceOTU7566 Even2_284374	*
N	*	100	*	*	*	*	*	New.CleanUp.ReferenceOTU7567 Even2_227038	*
N	*	100	*	*	*	*	*	New.CleanUp.ReferenceOTU7569 Even2_105224	*
N	*	100	*	*	*	*	*	New.CleanUp.ReferenceOTU7572 Even2_375671	*
N	*	100	*	*	*	*	*	New.CleanUp.ReferenceOTU7582 Even3_280886	*
N	*	96	*	*	*	*	*	New.CleanUp.ReferenceOTU7587 Even2_393331	*
N	*	100	*	*	*	*	*	New.CleanUp.ReferenceOTU7589 Even2_277390	*
N	*	100	*	*	*	*	*	New.CleanUp.ReferenceOTU759 Even3_277344	*
N	*	100	*	*	*	*	*	New.CleanUp.ReferenceOTU7596 Even2_318589	*
N	*	96	*	*	*	*	*	New.CleanUp.ReferenceOTU760 Even2_281637	*
N	*	100	*	*	*	*	*	New.CleanUp.ReferenceOTU7601 Even3_90414	*
N	*	95	*	*	*	*	*	New.CleanUp.ReferenceOTU7604 Even3_275269	*
N	*	83	*	*	*	*	*	New.CleanUp.ReferenceOTU7613 Even3_8486	*
N	*	100	*	*	*	*	*	New.CleanUp.ReferenceOTU7616 Even2_31077	*
N	*	94	*	*	*	*	*	New.CleanUp.ReferenceOTU7625 Even3_395232	*
N	*	85	*	*	*	*	*	New.CleanUp.ReferenceOTU7627 Even2_34642	*
N	*	84	*	*	*	*	*	New.CleanUp.ReferenceOTU7629 Even3_166908	*
N	*	93	*	*	*	*	*	New.CleanUp.ReferenceOTU7631 Even3_327160	*
N	*	100	*	*	*	*	*	New.CleanUp.ReferenceOTU7632 Even2_371998	*
N	*	78	*	*	*	*	*	New.CleanUp.ReferenceOTU7641 Even2_386657	*
N	*	90	*	*	*	*	*	New.CleanUp.ReferenceOTU7645 Even3_274151	*
N	*	100	*	*	*	*	*	New.CleanUp.ReferenceOTU7651 Even1_206256	*
N	*	79	*	*	*	*	*	New.CleanUp.ReferenceOTU7655 Even3_326141	*
N	*	100	*	*	*	*	*	New.CleanUp.ReferenceOTU7656 Even2_360350	*
N	*	96	*	*	*	*	*	New.CleanUp.ReferenceOTU7658 Even1_76443	*
N	*	100	*	*	*	*	*	New.CleanUp.ReferenceOTU7661 Even3_391047	*
N	*	100	*	*	*	*	*	New.CleanUp.ReferenceOTU7664 Even2_314272	*
N	*	100	*	*	*	*	*	New.CleanUp.ReferenceOTU7665 Even2_395209	*
N	*	100	*	*	*	*	*	New.CleanUp.ReferenceOTU7666 Even3_297258	*
N	*	100	*	*	*	*	*	New.CleanUp.ReferenceOTU7667 Even3_297254	*
N	*	89	*	*	*	*	*	New.CleanUp.ReferenceOTU7668 Even1_367052	*
N	*	100	*	*	*	*	*	New.CleanUp.ReferenceOTU7671 Even2_141005	*
N	*	100	*	*	*	*	*	New.CleanUp.ReferenceOTU7673 Even1_70352	*
N	*	87	*	*	*	*	*	New.CleanUp.ReferenceOTU7675 Even3_364467	*
N	*	89	*	*	*	*	*	New.CleanUp.ReferenceOTU7684 Even1_290444	*
N	*	100	*	*	*	*	*	New.CleanUp.ReferenceOTU7687 Even1_328233	*
N	*	88	*	*	*	*	*	New.CleanUp.ReferenceOTU769 Even1_377797	*
N	*	100	*	*	*	*	*	New.CleanUp.ReferenceOTU7701 Even2_301497	*
N	*	96	*	*	*	*	*	New.CleanUp.ReferenceOTU7704 Even3_384268	*
N	*	100	*	*	*	*	*	New.CleanUp.ReferenceOTU7706 Even2_131703	*
N	*	100	*	*	*	*	*	New.CleanUp.ReferenceOTU7710 Even1_62296	*
N	*	100	*	*	*	*	*	New.CleanUp.ReferenceOTU7717 Even2_305370	*
N	*	100	*	*	*	*	*	New.CleanUp.ReferenceOTU7718 Even3_230305	*
N	*	100	*	*	*	*	*	New.CleanUp.ReferenceOTU7719 Even3_388628	*
N	*	100	*	*	*	*	*	New.CleanUp.ReferenceOTU7727 Even3_53608	*
N	*	95	*	*	*	*	*	New.CleanUp.ReferenceOTU7732 Even1_393001	*
N	*	100	*	*	*	*	*	New.CleanUp.ReferenceOTU7735 Even1_302154	*
N	*	100	*	*	*	*	*	New.CleanUp.ReferenceOTU7739 Even1_371777	*
N	*	87	*	*	*	*	*	New.CleanUp.ReferenceOTU774 Even3_364459	*
N	*	95	*	*	*	*	*	New.CleanUp.ReferenceOTU7740 Even1_381136	*
N	*	82	*	*	*	*	*	New.CleanUp.ReferenceOTU7746 Even2_393523	*
N	*	95	*	*	*	*	*	New.CleanUp.ReferenceOTU7758 Even1_372263	*
N	*	93	*	*	*	*	*	New.CleanUp.ReferenceOTU776 Even3_368132	*
N	*	93	*	*	*	*	*	New.CleanUp.ReferenceOTU7762 Even3_264244	*
N	*	100	*	*	*	*	*	New.CleanUp.ReferenceOTU7764 Even3_299578	*
N	*	85	*	*	*	*	*	New.CleanUp.ReferenceOTU7766 Even2_395450	*
N	*	94	*	*	*	*	*	New.CleanUp.ReferenceOTU7767 Even1_305686	*
N	*	79	*	*	*	*	*	New.CleanUp.ReferenceOTU7772 Even2_133601	*
N	*	100	*	*	*	*	*	New.CleanUp.ReferenceOTU7773 Even2_359968	*
N	*	100	*	*	*	*	*	New.CleanUp.ReferenceOTU778 Even1_143564	*
N	*	92	*	*	*	*	*	New.CleanUp.ReferenceOTU7785 Even2_332482	*
N	*	100	*	*	*	*	*	New.CleanUp.ReferenceOTU779 Even1_83215	*
N	*	96	*	*	*	*	*	New.CleanUp.ReferenceOTU7790 Even2_376762	*
N	*	90	*	*	*	*	*	New.CleanUp.ReferenceOTU7794 Even2_280025	*
N	*	100	*	*	*	*	*	New.CleanUp.ReferenceOTU7798 Even1_10417	*
N	*	82	*	*	*	*	*	New.CleanUp.ReferenceOTU7799 Even1_14635	*
N	*	93	*	*	*	*	*	New.CleanUp.ReferenceOTU7803 Even3_265717	*
N	*	100	*	*	*	*	*	New.CleanUp.ReferenceOTU7804 Even2_180507	*
N	*	87	*	*	*	*	*	New.CleanUp.ReferenceOTU7808 Even3_271020	*
N	*	78	*	*	*	*	*	New.CleanUp.ReferenceOTU7810 Even2_38552	*
N	*	88	*	*	*	*	*	New.CleanUp.ReferenceOTU7812 Even3_275854	*
N	*	100	*	*	*	*	*	New.CleanUp.ReferenceOTU7816 Even2_368075	*
N	*	81	*	*	*	*	*	New.CleanUp.ReferenceOTU7819 Even2_388622	*
N	*	100	*	*	*	*	*	New.CleanUp.ReferenceOTU7823 Even2_386469	*
N	*	100	*	*	*	*	*	New.CleanUp.ReferenceOTU7829 Even2_117838	*
N	*	100	*	*	*	*	*	New.CleanUp.ReferenceOTU7835 Even3_137724	*
N	*	100	*	*	*	*	*	New.CleanUp.ReferenceOTU7837 Even3_187893	*
N	*	100	*	*	*	*	*	New.CleanUp.ReferenceOTU7841 Even2_276442	*
N	*	100	*	*	*	*	*	New.CleanUp.ReferenceOTU7843 Even2_276444	*
N	*	82	*	*	*	*	*	New.CleanUp.ReferenceOTU7844 Even2_229203	*
N	*	90	*	*	*	*	*	New.CleanUp.ReferenceOTU785 Even1_290475	*
N	*	100	*	*	*	*	*	New.CleanUp.ReferenceOTU7853 Even3_2996	*
N	*	91	*	*	*	*	*	New.CleanUp.ReferenceOTU7857 Even1_314163	*
N	*	81	*	*	*	*	*	New.CleanUp.ReferenceOTU786 Even1_8475	*
N	*	84	*	*	*	*	*	New.CleanUp.ReferenceOTU7864 Even2_73771	*
N	*	100	*	*	*	*	*	New.CleanUp.ReferenceOTU7869 Even3_368593	*
N	*	78	*	*	*	*	*	New.CleanUp.ReferenceOTU7878 Even1_341859	*
N	*	91	*	*	*	*	*	New.CleanUp.ReferenceOTU788 Even2_300826	*
N	*	100	*	*	*	*	*	New.CleanUp.ReferenceOTU7882 Even3_375624	*
N	*	81	*	*	*	*	*	New.CleanUp.ReferenceOTU7884 Even2_275865	*
N	*	92	*	*	*	*	*	New.CleanUp.ReferenceOTU7886 Even2_390922	*
N	*	100	*	*	*	*	*	New.CleanUp.ReferenceOTU7887 Even1_174024	*
N	*	95	*	*	*	*	*	New.CleanUp.ReferenceOTU7888 Even2_367891	*
N	*	82	*	*	*	*	*	New.CleanUp.ReferenceOTU7895 Even2_203620	*
N	*	84	*	*	*	*	*	New.CleanUp.ReferenceOTU7897 Even3_73469	*
N	*	96	*	*	*	*	*	New.CleanUp.ReferenceOTU7903 Even2_395208	*
N	*	81	*	*	*	*	*	New.CleanUp.ReferenceOTU7905 Even3_375483	*
N	*	100	*	*	*	*	*	New.CleanUp.ReferenceOTU7907 Even3_375487	*
N	*	100	*	*	*	*	*	New.CleanUp.ReferenceOTU791 Even1_290479	*
N	*	100	*	*	*	*	*	New.CleanUp.ReferenceOTU7914 Even3_128586	*
N	*	100	*	*	*	*	*	New.CleanUp.ReferenceOTU7924 Even2_275401	*
N	*	100	*	*	*	*	*	New.CleanUp.ReferenceOTU7925 Even1_280688	*
N	*	100	*	*	*	*	*	New.CleanUp.ReferenceOTU7929 Even2_275409	*
N	*	93	*	*	*	*	*	New.CleanUp.ReferenceOTU793 Even1_66181	*
N	*	100	*	*	*	*	*	New.CleanUp.ReferenceOTU7930 Even3_364703	*
N	*	95	*	*	*	*	*	New.CleanUp.ReferenceOTU7932 Even3_388103	*
N	*	79	*	*	*	*	*	New.CleanUp.ReferenceOTU7942 Even3_283161	*
N	*	95	*	*	*	*	*	New.CleanUp.ReferenceOTU7943 Even3_224080	*
N	*	96	*	*	*	*	*	New.CleanUp.ReferenceOTU795 Even2_391077	*
N	*	91	*	*	*	*	*	New.CleanUp.ReferenceOTU7958 Even2_293243	*
N	*	94	*	*	*	*	*	New.CleanUp.ReferenceOTU7966 Even2_364819	*
N	*	92	*	*	*	*	*	New.CleanUp.ReferenceOTU7970 Even1_375077	*
N	*	100	*	*	*	*	*	New.CleanUp.ReferenceOTU7973 Even1_386343	*
N	*	100	*	*	*	*	*	New.CleanUp.ReferenceOTU7977 Even1_281556	*
N	*	84	*	*	*	*	*	New.CleanUp.ReferenceOTU7979 Even1_281226	*
N	*	100	*	*	*	*	*	New.CleanUp.ReferenceOTU798 Even2_391073	*
N	*	89	*	*	*	*	*	New.CleanUp.ReferenceOTU7980 Even1_281227	*
N	*	100	*	*	*	*	*	New.CleanUp.ReferenceOTU799 Even2_391070	*
N	*	100	*	*	*	*	*	New.CleanUp.ReferenceOTU7994 Even1_224202	*
N	*	95	*	*	*	*	*	New.CleanUp.ReferenceOTU8008 Even3_279330	*
N	*	77	*	*	*	*	*	New.CleanUp.ReferenceOTU8013 Even2_339701	*
N	*	92	*	*	*	*	*	New.CleanUp.ReferenceOTU8014 Even1_299665	*
N	*	100	*	*	*	*	*	New.CleanUp.ReferenceOTU8015 Even1_4052	*
N	*	100	*	*	*	*	*	New.CleanUp.ReferenceOTU802 Even3_368352	*
N	*	82	*	*	*	*	*	New.CleanUp.ReferenceOTU8024 Even1_204626	*
N	*	79	*	*	*	*	*	New.CleanUp.ReferenceOTU8031 Even3_392377	*
N	*	100	*	*	*	*	*	New.CleanUp.ReferenceOTU8033 Even3_360561	*
N	*	100	*	*	*	*	*	New.CleanUp.ReferenceOTU8034 Even1_328894	*
N	*	100	*	*	*	*	*	New.CleanUp.ReferenceOTU8038 Even1_313517	*
N	*	84	*	*	*	*	*	New.CleanUp.ReferenceOTU804 Even3_6896	*
N	*	85	*	*	*	*	*	New.CleanUp.ReferenceOTU8047 Even1_314398	*
N	*	100	*	*	*	*	*	New.CleanUp.ReferenceOTU8048 Even2_386814	*
N	*	100	*	*	*	*	*	New.CleanUp.ReferenceOTU8053 Even1_78253	*
N	*	91	*	*	*	*	*	New.CleanUp.ReferenceOTU8054 Even1_78250	*
N	*	95	*	*	*	*	*	New.CleanUp.ReferenceOTU8057 Even1_270931	*
N	*	79	*	*	*	*	*	New.CleanUp.ReferenceOTU806 Even2_376740	*
N	*	100	*	*	*	*	*	New.CleanUp.ReferenceOTU8065 Even3_327984	*
N	*	92	*	*	*	*	*	New.CleanUp.ReferenceOTU8068 Even3_394438	*
N	*	100	*	*	*	*	*	New.CleanUp.ReferenceOTU8069 Even2_189040	*
N	*	86	*	*	*	*	*	New.CleanUp.ReferenceOTU8072 Even2_173329	*
N	*	100	*	*	*	*	*	New.CleanUp.ReferenceOTU8073 Even3_299729	*
N	*	100	*	*	*	*	*	New.CleanUp.ReferenceOTU8076 Even3_378689	*
N	*	87	*	*	*	*	*	New.CleanUp.ReferenceOTU808 Even2_261233	*
N	*	100	*	*	*	*	*	New.CleanUp.ReferenceOTU8080 Even3_378681	*
N	*	83	*	*	*	*	*	New.CleanUp.ReferenceOTU8081 Even3_360391	*
N	*	83	*	*	*	*	*	New.CleanUp.ReferenceOTU8082 Even3_281403	*
N	*	100	*	*	*	*	*	New.CleanUp.ReferenceOTU8088 Even3_148037	*
N	*	100	*	*	*	*	*	New.CleanUp.ReferenceOTU809 Even3_185655	*
N	*	100	*	*	*	*	*	New.CleanUp.ReferenceOTU8099 Even1_308112	*
N	*	100	*	*	*	*	*	New.CleanUp.ReferenceOTU810 Even2_378934	*
N	*	100	*	*	*	*	*	New.CleanUp.ReferenceOTU8111 Even2_368099	*
N	*	92	*	*	*	*	*	New.CleanUp.ReferenceOTU8113 Even2_133087	*
N	*	100	*	*	*	*	*	New.CleanUp.ReferenceOTU8114 Even2_363894	*
N	*	96	*	*	*	*	*	New.CleanUp.ReferenceOTU8118 Even1_346299	*
N	*	82	*	*	*	*	*	New.CleanUp.ReferenceOTU8125 Even1_360629	*
N	*	93	*	*	*	*	*	New.CleanUp.ReferenceOTU8126 Even3_151612	*
N	*	95	*	*	*	*	*	New.CleanUp.ReferenceOTU8133 Even3_385880	*
N	*	100	*	*	*	*	*	New.CleanUp.ReferenceOTU8137 Even3_375018	*
N	*	81	*	*	*	*	*	New.CleanUp.ReferenceOTU8139 Even3_272258	*
N	*	100	*	*	*	*	*	New.CleanUp.ReferenceOTU8144 Even3_277372	*
N	*	100	*	*	*	*	*	New.CleanUp.ReferenceOTU8145 Even1_138683	*
N	*	80	*	*	*	*	*	New.CleanUp.ReferenceOTU8150 Even3_332043	*
N	*	81	*	*	*	*	*	New.CleanUp.ReferenceOTU8153 Even2_98146	*
N	*	90	*	*	*	*	*	New.CleanUp.ReferenceOTU8154 Even3_269524	*
N	*	100	*	*	*	*	*	New.CleanUp.ReferenceOTU8157 Even1_173941	*
N	*	78	*	*	*	*	*	New.CleanUp.ReferenceOTU8163 Even1_55313	*
N	*	85	*	*	*	*	*	New.CleanUp.ReferenceOTU8166 Even1_281761	*
N	*	100	*	*	*	*	*	New.CleanUp.ReferenceOTU8170 Even1_140055	*
N	*	84	*	*	*	*	*	New.CleanUp.ReferenceOTU8181 Even2_323482	*
N	*	100	*	*	*	*	*	New.CleanUp.ReferenceOTU8185 Even1_393397	*
N	*	76	*	*	*	*	*	New.CleanUp.ReferenceOTU8186 Even1_227426	*
N	*	100	*	*	*	*	*	New.CleanUp.ReferenceOTU8189 Even2_182632	*
N	*	88	*	*	*	*	*	New.CleanUp.ReferenceOTU8190 Even1_227423	*
N	*	100	*	*	*	*	*	New.CleanUp.ReferenceOTU8191 Even3_351741	*
N	*	86	*	*	*	*	*	New.CleanUp.ReferenceOTU8192 Even1_12868	*
N	*	96	*	*	*	*	*	New.CleanUp.ReferenceOTU8193 Even2_390131	*
N	*	81	*	*	*	*	*	New.CleanUp.ReferenceOTU8198 Even2_280914	*
N	*	93	*	*	*	*	*	New.CleanUp.ReferenceOTU8206 Even3_59666	*
N	*	100	*	*	*	*	*	New.CleanUp.ReferenceOTU8209 Even1_371013	*
N	*	100	*	*	*	*	*	New.CleanUp.ReferenceOTU821 Even2_281097	*
N	*	88	*	*	*	*	*	New.CleanUp.ReferenceOTU8211 Even2_279543	*
N	*	96	*	*	*	*	*	New.CleanUp.ReferenceOTU8213 Even1_29920	*
N	*	93	*	*	*	*	*	New.CleanUp.ReferenceOTU8222 Even3_287275	*
N	*	96	*	*	*	*	*	New.CleanUp.ReferenceOTU8227 Even3_142161	*
N	*	95	*	*	*	*	*	New.CleanUp.ReferenceOTU8237 Even3_35056	*
N	*	100	*	*	*	*	*	New.CleanUp.ReferenceOTU8244 Even1_1123	*
N	*	83	*	*	*	*	*	New.CleanUp.ReferenceOTU8246 Even1_368336	*
N	*	91	*	*	*	*	*	New.CleanUp.ReferenceOTU8257 Even3_299558	*
N	*	96	*	*	*	*	*	New.CleanUp.ReferenceOTU8261 Even2_374497	*
N	*	100	*	*	*	*	*	New.CleanUp.ReferenceOTU8262 Even1_109915	*
N	*	83	*	*	*	*	*	New.CleanUp.ReferenceOTU8265 Even2_388197	*
N	*	84	*	*	*	*	*	New.CleanUp.ReferenceOTU8267 Even2_48785	*
N	*	89	*	*	*	*	*	New.CleanUp.ReferenceOTU8268 Even1_313728	*
N	*	100	*	*	*	*	*	New.CleanUp.ReferenceOTU8271 Even2_341672	*
N	*	100	*	*	*	*	*	New.CleanUp.ReferenceOTU8273 Even2_201047	*
N	*	100	*	*	*	*	*	New.CleanUp.ReferenceOTU828 Even2_333490	*
N	*	100	*	*	*	*	*	New.CleanUp.ReferenceOTU8280 Even2_313961	*
N	*	100	*	*	*	*	*	New.CleanUp.ReferenceOTU8285 Even1_362222	*
N	*	100	*	*	*	*	*	New.CleanUp.ReferenceOTU8287 Even3_301463	*
N	*	100	*	*	*	*	*	New.CleanUp.ReferenceOTU8289 Even1_351707	*
N	*	77	*	*	*	*	*	New.CleanUp.ReferenceOTU8295 Even1_205964	*
N	*	100	*	*	*	*	*	New.CleanUp.ReferenceOTU8299 Even1_68143	*
N	*	100	*	*	*	*	*	New.CleanUp.ReferenceOTU8320 Even1_196301	*
N	*	100	*	*	*	*	*	New.CleanUp.ReferenceOTU8325 Even1_196308	*
N	*	81	*	*	*	*	*	New.CleanUp.ReferenceOTU8326 Even3_12210	*
N	*	82	*	*	*	*	*	New.CleanUp.ReferenceOTU833 Even2_67998	*
N	*	85	*	*	*	*	*	New.CleanUp.ReferenceOTU8333 Even3_219450	*
N	*	100	*	*	*	*	*	New.CleanUp.ReferenceOTU8334 Even1_314184	*
N	*	89	*	*	*	*	*	New.CleanUp.ReferenceOTU8337 Even3_281096	*
N	*	85	*	*	*	*	*	New.CleanUp.ReferenceOTU8342 Even1_20771	*
N	*	85	*	*	*	*	*	New.CleanUp.ReferenceOTU8346 Even1_346595	*
N	*	94	*	*	*	*	*	New.CleanUp.ReferenceOTU835 Even3_267727	*
N	*	100	*	*	*	*	*	New.CleanUp.ReferenceOTU8351 Even3_152931	*
N	*	100	*	*	*	*	*	New.CleanUp.ReferenceOTU8366 Even2_378798	*
N	*	81	*	*	*	*	*	New.CleanUp.ReferenceOTU8367 Even2_260796	*
N	*	95	*	*	*	*	*	New.CleanUp.ReferenceOTU8368 Even3_212454	*
N	*	79	*	*	*	*	*	New.CleanUp.ReferenceOTU8372 Even1_285782	*
N	*	85	*	*	*	*	*	New.CleanUp.ReferenceOTU8375 Even3_258171	*
N	*	100	*	*	*	*	*	New.CleanUp.ReferenceOTU838 Even1_58633	*
N	*	100	*	*	*	*	*	New.CleanUp.ReferenceOTU8381 Even3_33514	*
N	*	100	*	*	*	*	*	New.CleanUp.ReferenceOTU8383 Even3_68380	*
N	*	100	*	*	*	*	*	New.CleanUp.ReferenceOTU8384 Even3_364813	*
N	*	100	*	*	*	*	*	New.CleanUp.ReferenceOTU8392 Even2_299659	*
N	*	100	*	*	*	*	*	New.CleanUp.ReferenceOTU8395 Even2_378864	*
N	*	100	*	*	*	*	*	New.CleanUp.ReferenceOTU8402 Even2_48434	*
N	*	76	*	*	*	*	*	New.CleanUp.ReferenceOTU8404 Even2_170378	*
N	*	100	*	*	*	*	*	New.CleanUp.ReferenceOTU8405 Even3_124059	*
N	*	100	*	*	*	*	*	New.CleanUp.ReferenceOTU8407 Even3_364721	*
N	*	100	*	*	*	*	*	New.CleanUp.ReferenceOTU8408 Even2_119545	*
N	*	89	*	*	*	*	*	New.CleanUp.ReferenceOTU8410 Even1_48660	*
N	*	100	*	*	*	*	*	New.CleanUp.ReferenceOTU8416 Even1_346401	*
N	*	89	*	*	*	*	*	New.CleanUp.ReferenceOTU8418 Even2_397048	*
N	*	86	*	*	*	*	*	New.CleanUp.ReferenceOTU842 Even2_390302	*
N	*	95	*	*	*	*	*	New.CleanUp.ReferenceOTU8423 Even3_11295	*
N	*	96	*	*	*	*	*	New.CleanUp.ReferenceOTU8428 Even2_388207	*
N	*	92	*	*	*	*	*	New.CleanUp.ReferenceOTU843 Even1_302027	*
N	*	100	*	*	*	*	*	New.CleanUp.ReferenceOTU8442 Even2_333584	*
N	*	86	*	*	*	*	*	New.CleanUp.ReferenceOTU8443 Even2_275463	*
N	*	90	*	*	*	*	*	New.CleanUp.ReferenceOTU8444 Even2_333349	*
N	*	92	*	*	*	*	*	New.CleanUp.ReferenceOTU8445 Even2_275467	*
N	*	96	*	*	*	*	*	New.CleanUp.ReferenceOTU8450 Even1_386323	*
N	*	100	*	*	*	*	*	New.CleanUp.ReferenceOTU8451 Even3_56286	*
N	*	94	*	*	*	*	*	New.CleanUp.ReferenceOTU8455 Even1_375016	*
N	*	100	*	*	*	*	*	New.CleanUp.ReferenceOTU8461 Even2_363678	*
N	*	96	*	*	*	*	*	New.CleanUp.ReferenceOTU8462 Even1_147113	*
N	*	100	*	*	*	*	*	New.CleanUp.ReferenceOTU8464 Even3_393049	*
N	*	92	*	*	*	*	*	New.CleanUp.ReferenceOTU8470 Even2_397403	*
N	*	76	*	*	*	*	*	New.CleanUp.ReferenceOTU8471 Even3_62718	*
N	*	87	*	*	*	*	*	New.CleanUp.ReferenceOTU8479 Even2_359771	*
N	*	100	*	*	*	*	*	New.CleanUp.ReferenceOTU8480 Even3_172901	*
N	*	100	*	*	*	*	*	New.CleanUp.ReferenceOTU8481 Even3_189904	*
N	*	100	*	*	*	*	*	New.CleanUp.ReferenceOTU8483 Even1_224224	*
N	*	100	*	*	*	*	*	New.CleanUp.ReferenceOTU8487 Even2_364488	*
N	*	96	*	*	*	*	*	New.CleanUp.ReferenceOTU8497 Even3_164297	*
N	*	88	*	*	*	*	*	New.CleanUp.ReferenceOTU8504 Even2_275280	*
N	*	82	*	*	*	*	*	New.CleanUp.ReferenceOTU8508 Even2_393663	*
N	*	84	*	*	*	*	*	New.CleanUp.ReferenceOTU8511 Even2_393669	*
N	*	92	*	*	*	*	*	New.CleanUp.ReferenceOTU8517 Even3_226928	*
N	*	100	*	*	*	*	*	New.CleanUp.ReferenceOTU852 Even2_393514	*
N	*	100	*	*	*	*	*	New.CleanUp.ReferenceOTU8522 Even2_388832	*
N	*	88	*	*	*	*	*	New.CleanUp.ReferenceOTU8525 Even1_385415	*
N	*	100	*	*	*	*	*	New.CleanUp.ReferenceOTU8527 Even1_105295	*
N	*	100	*	*	*	*	*	New.CleanUp.ReferenceOTU853 Even2_367532	*
N	*	84	*	*	*	*	*	New.CleanUp.ReferenceOTU8532 Even2_386830	*
N	*	100	*	*	*	*	*	New.CleanUp.ReferenceOTU8534 Even1_199011	*
N	*	100	*	*	*	*	*	New.CleanUp.ReferenceOTU8549 Even3_381690	*
N	*	94	*	*	*	*	*	New.CleanUp.ReferenceOTU8555 Even2_116245	*
N	*	100	*	*	*	*	*	New.CleanUp.ReferenceOTU8558 Even2_397164	*
N	*	96	*	*	*	*	*	New.CleanUp.ReferenceOTU8569 Even1_309840	*
N	*	79	*	*	*	*	*	New.CleanUp.ReferenceOTU8576 Even3_24219	*
N	*	100	*	*	*	*	*	New.CleanUp.ReferenceOTU858 Even3_118494	*
N	*	94	*	*	*	*	*	New.CleanUp.ReferenceOTU8588 Even2_383405	*
N	*	77	*	*	*	*	*	New.CleanUp.ReferenceOTU8591 Even1_388231	*
N	*	76	*	*	*	*	*	New.CleanUp.ReferenceOTU8596 Even3_272733	*
N	*	92	*	*	*	*	*	New.CleanUp.ReferenceOTU8597 Even3_374787	*
N	*	81	*	*	*	*	*	New.CleanUp.ReferenceOTU8600 Even1_18652	*
N	*	100	*	*	*	*	*	New.CleanUp.ReferenceOTU8602 Even1_356676	*
N	*	100	*	*	*	*	*	New.CleanUp.ReferenceOTU8609 Even3_385861	*
N	*	100	*	*	*	*	*	New.CleanUp.ReferenceOTU8610 Even3_276485	*
N	*	100	*	*	*	*	*	New.CleanUp.ReferenceOTU8617 Even3_391002	*
N	*	82	*	*	*	*	*	New.CleanUp.ReferenceOTU8624 Even3_274198	*
N	*	84	*	*	*	*	*	New.CleanUp.ReferenceOTU863 Even2_347206	*
N	*	85	*	*	*	*	*	New.CleanUp.ReferenceOTU8630 Even3_12492	*
N	*	77	*	*	*	*	*	New.CleanUp.ReferenceOTU8634 Even1_173925	*
N	*	90	*	*	*	*	*	New.CleanUp.ReferenceOTU8639 Even2_123176	*
N	*	83	*	*	*	*	*	New.CleanUp.ReferenceOTU864 Even2_323201	*
N	*	100	*	*	*	*	*	New.CleanUp.ReferenceOTU8641 Even3_333628	*
N	*	93	*	*	*	*	*	New.CleanUp.ReferenceOTU8643 Even2_185522	*
N	*	100	*	*	*	*	*	New.CleanUp.ReferenceOTU8646 Even1_300465	*
N	*	82	*	*	*	*	*	New.CleanUp.ReferenceOTU8649 Even3_169560	*
N	*	100	*	*	*	*	*	New.CleanUp.ReferenceOTU8650 Even2_309685	*
N	*	93	*	*	*	*	*	New.CleanUp.ReferenceOTU8651 Even2_5077	*
N	*	81	*	*	*	*	*	New.CleanUp.ReferenceOTU8662 Even2_275079	*
N	*	100	*	*	*	*	*	New.CleanUp.ReferenceOTU8665 Even3_393358	*
N	*	100	*	*	*	*	*	New.CleanUp.ReferenceOTU8668 Even2_206002	*
N	*	80	*	*	*	*	*	New.CleanUp.ReferenceOTU8673 Even2_115017	*
N	*	100	*	*	*	*	*	New.CleanUp.ReferenceOTU8674 Even1_265934	*
N	*	86	*	*	*	*	*	New.CleanUp.ReferenceOTU8675 Even3_249765	*
N	*	100	*	*	*	*	*	New.CleanUp.ReferenceOTU8678 Even3_68802	*
N	*	100	*	*	*	*	*	New.CleanUp.ReferenceOTU8682 Even1_206144	*
N	*	85	*	*	*	*	*	New.CleanUp.ReferenceOTU8684 Even1_7838	*
N	*	87	*	*	*	*	*	New.CleanUp.ReferenceOTU8686 Even3_356574	*
N	*	96	*	*	*	*	*	New.CleanUp.ReferenceOTU8687 Even2_275615	*
N	*	93	*	*	*	*	*	New.CleanUp.ReferenceOTU8689 Even3_272688	*
N	*	100	*	*	*	*	*	New.CleanUp.ReferenceOTU8694 Even3_262505	*
N	*	100	*	*	*	*	*	New.CleanUp.ReferenceOTU8698 Even1_152285	*
N	*	100	*	*	*	*	*	New.CleanUp.ReferenceOTU870 Even3_386706	*
N	*	100	*	*	*	*	*	New.CleanUp.ReferenceOTU8703 Even2_305403	*
N	*	88	*	*	*	*	*	New.CleanUp.ReferenceOTU8706 Even3_276033	*
N	*	100	*	*	*	*	*	New.CleanUp.ReferenceOTU8707 Even3_388660	*
N	*	94	*	*	*	*	*	New.CleanUp.ReferenceOTU8712 Even3_131517	*
N	*	78	*	*	*	*	*	New.CleanUp.ReferenceOTU8717 Even3_229001	*
N	*	88	*	*	*	*	*	New.CleanUp.ReferenceOTU872 Even3_386704	*
N	*	93	*	*	*	*	*	New.CleanUp.ReferenceOTU8724 Even3_386771	*
N	*	100	*	*	*	*	*	New.CleanUp.ReferenceOTU873 Even1_705	*
N	*	77	*	*	*	*	*	New.CleanUp.ReferenceOTU8732 Even2_393877	*
N	*	100	*	*	*	*	*	New.CleanUp.ReferenceOTU8733 Even1_18010	*
N	*	89	*	*	*	*	*	New.CleanUp.ReferenceOTU8734 Even1_357042	*
N	*	100	*	*	*	*	*	New.CleanUp.ReferenceOTU8736 Even1_114319	*
N	*	92	*	*	*	*	*	New.CleanUp.ReferenceOTU8738 Even1_310021	*
N	*	94	*	*	*	*	*	New.CleanUp.ReferenceOTU8754 Even2_381630	*
N	*	100	*	*	*	*	*	New.CleanUp.ReferenceOTU8755 Even3_377924	*
N	*	92	*	*	*	*	*	New.CleanUp.ReferenceOTU8757 Even1_276174	*
N	*	100	*	*	*	*	*	New.CleanUp.ReferenceOTU8758 Even3_392722	*
N	*	85	*	*	*	*	*	New.CleanUp.ReferenceOTU877 Even2_54695	*
N	*	82	*	*	*	*	*	New.CleanUp.ReferenceOTU8773 Even3_390339	*
N	*	84	*	*	*	*	*	New.CleanUp.ReferenceOTU8781 Even2_290254	*
N	*	100	*	*	*	*	*	New.CleanUp.ReferenceOTU8782 Even1_346828	*
N	*	87	*	*	*	*	*	New.CleanUp.ReferenceOTU8783 Even3_239782	*
N	*	100	*	*	*	*	*	New.CleanUp.ReferenceOTU8789 Even3_12237	*
N	*	100	*	*	*	*	*	New.CleanUp.ReferenceOTU879 Even1_20831	*
N	*	95	*	*	*	*	*	New.CleanUp.ReferenceOTU8800 Even3_393677	*
N	*	100	*	*	*	*	*	New.CleanUp.ReferenceOTU8805 Even2_266164	*
N	*	96	*	*	*	*	*	New.CleanUp.ReferenceOTU8807 Even2_383673	*
N	*	100	*	*	*	*	*	New.CleanUp.ReferenceOTU881 Even2_270971	*
N	*	86	*	*	*	*	*	New.CleanUp.ReferenceOTU8814 Even1_12275	*
N	*	82	*	*	*	*	*	New.CleanUp.ReferenceOTU8816 Even1_308705	*
N	*	94	*	*	*	*	*	New.CleanUp.ReferenceOTU8817 Even1_364204	*
N	*	95	*	*	*	*	*	New.CleanUp.ReferenceOTU8820 Even3_337747	*
N	*	90	*	*	*	*	*	New.CleanUp.ReferenceOTU8821 Even2_374683	*
N	*	100	*	*	*	*	*	New.CleanUp.ReferenceOTU8823 Even2_42866	*
N	*	84	*	*	*	*	*	New.CleanUp.ReferenceOTU8825 Even2_390964	*
N	*	100	*	*	*	*	*	New.CleanUp.ReferenceOTU8832 Even1_223857	*
N	*	82	*	*	*	*	*	New.CleanUp.ReferenceOTU8834 Even3_218254	*
N	*	100	*	*	*	*	*	New.CleanUp.ReferenceOTU8839 Even1_287505	*
N	*	100	*	*	*	*	*	New.CleanUp.ReferenceOTU8848 Even1_163517	*
N	*	95	*	*	*	*	*	New.CleanUp.ReferenceOTU8855 Even3_360381	*
N	*	100	*	*	*	*	*	New.CleanUp.ReferenceOTU886 Even3_355959	*
N	*	91	*	*	*	*	*	New.CleanUp.ReferenceOTU8861 Even1_174062	*
N	*	88	*	*	*	*	*	New.CleanUp.ReferenceOTU8864 Even3_368582	*
N	*	100	*	*	*	*	*	New.CleanUp.ReferenceOTU8869 Even3_384499	*
N	*	84	*	*	*	*	*	New.CleanUp.ReferenceOTU8871 Even3_147461	*
N	*	100	*	*	*	*	*	New.CleanUp.ReferenceOTU8877 Even3_195386	*
N	*	96	*	*	*	*	*	New.CleanUp.ReferenceOTU8879 Even3_388497	*
N	*	91	*	*	*	*	*	New.CleanUp.ReferenceOTU8880 Even1_209247	*
N	*	82	*	*	*	*	*	New.CleanUp.ReferenceOTU8882 Even2_200973	*
N	*	100	*	*	*	*	*	New.CleanUp.ReferenceOTU8888 Even3_39783	*
N	*	100	*	*	*	*	*	New.CleanUp.ReferenceOTU8899 Even3_267790	*
N	*	78	*	*	*	*	*	New.CleanUp.ReferenceOTU89 Even3_4476	*
N	*	100	*	*	*	*	*	New.CleanUp.ReferenceOTU8902 Even2_333562	*
N	*	94	*	*	*	*	*	New.CleanUp.ReferenceOTU8905 Even2_372212	*
N	*	100	*	*	*	*	*	New.CleanUp.ReferenceOTU892 Even2_346615	*
N	*	100	*	*	*	*	*	New.CleanUp.ReferenceOTU8925 Even2_54440	*
N	*	100	*	*	*	*	*	New.CleanUp.ReferenceOTU8933 Even2_58315	*
N	*	90	*	*	*	*	*	New.CleanUp.ReferenceOTU8935 Even1_293542	*
N	*	100	*	*	*	*	*	New.CleanUp.ReferenceOTU8937 Even1_181863	*
N	*	100	*	*	*	*	*	New.CleanUp.ReferenceOTU8949 Even2_393469	*
N	*	100	*	*	*	*	*	New.CleanUp.ReferenceOTU8954 Even2_101832	*
N	*	100	*	*	*	*	*	New.CleanUp.ReferenceOTU8958 Even2_384453	*
N	*	90	*	*	*	*	*	New.CleanUp.ReferenceOTU897 Even1_298840	*
N	*	100	*	*	*	*	*	New.CleanUp.ReferenceOTU8971 Even3_328165	*
N	*	100	*	*	*	*	*	New.CleanUp.ReferenceOTU898 Even1_127542	*
N	*	81	*	*	*	*	*	New.CleanUp.ReferenceOTU8980 Even3_280574	*
N	*	85	*	*	*	*	*	New.CleanUp.ReferenceOTU8991 Even3_95335	*
N	*	78	*	*	*	*	*	New.CleanUp.ReferenceOTU9000 Even1_296731	*
N	*	92	*	*	*	*	*	New.CleanUp.ReferenceOTU9009 Even2_147133	*
N	*	100	*	*	*	*	*	New.CleanUp.ReferenceOTU901 Even1_392844	*
N	*	89	*	*	*	*	*	New.CleanUp.ReferenceOTU9011 Even2_283073	*
N	*	100	*	*	*	*	*	New.CleanUp.ReferenceOTU9013 Even1_171259	*
N	*	100	*	*	*	*	*	New.CleanUp.ReferenceOTU9016 Even2_26105	*
N	*	91	*	*	*	*	*	New.CleanUp.ReferenceOTU9017 Even3_393468	*
N	*	100	*	*	*	*	*	New.CleanUp.ReferenceOTU9020 Even3_393460	*
N	*	100	*	*	*	*	*	New.CleanUp.ReferenceOTU9022 Even1_123921	*
N	*	100	*	*	*	*	*	New.CleanUp.ReferenceOTU9023 Even3_393466	*
N	*	80	*	*	*	*	*	New.CleanUp.ReferenceOTU9028 Even3_37613	*
N	*	100	*	*	*	*	*	New.CleanUp.ReferenceOTU903 Even3_239086	*
N	*	85	*	*	*	*	*	New.CleanUp.ReferenceOTU9034 Even1_314024	*
N	*	92	*	*	*	*	*	New.CleanUp.ReferenceOTU9037 Even3_107820	*
N	*	94	*	*	*	*	*	New.CleanUp.ReferenceOTU9041 Even1_301428	*
N	*	93	*	*	*	*	*	New.CleanUp.ReferenceOTU9043 Even3_308086	*
N	*	100	*	*	*	*	*	New.CleanUp.ReferenceOTU9044 Even1_259637	*
N	*	100	*	*	*	*	*	New.CleanUp.ReferenceOTU9046 Even3_391069	*
N	*	100	*	*	*	*	*	New.CleanUp.ReferenceOTU9047 Even3_393285	*
N	*	100	*	*	*	*	*	New.CleanUp.ReferenceOTU9048 Even2_346131	*
N	*	81	*	*	*	*	*	New.CleanUp.ReferenceOTU905 Even3_271038	*
N	*	100	*	*	*	*	*	New.CleanUp.ReferenceOTU9058 Even1_303375	*
N	*	82	*	*	*	*	*	New.CleanUp.ReferenceOTU906 Even1_291425	*
N	*	84	*	*	*	*	*	New.CleanUp.ReferenceOTU9061 Even1_356653	*
N	*	100	*	*	*	*	*	New.CleanUp.ReferenceOTU9062 Even2_134794	*
N	*	100	*	*	*	*	*	New.CleanUp.ReferenceOTU9068 Even3_308551	*
N	*	90	*	*	*	*	*	New.CleanUp.ReferenceOTU907 Even2_291204	*
N	*	90	*	*	*	*	*	New.CleanUp.ReferenceOTU9071 Even2_360589	*
N	*	100	*	*	*	*	*	New.CleanUp.ReferenceOTU9073 Even2_375690	*
N	*	100	*	*	*	*	*	New.CleanUp.ReferenceOTU9076 Even3_378878	*
N	*	94	*	*	*	*	*	New.CleanUp.ReferenceOTU9077 Even2_221474	*
N	*	100	*	*	*	*	*	New.CleanUp.ReferenceOTU9081 Even3_391025	*
N	*	95	*	*	*	*	*	New.CleanUp.ReferenceOTU9089 Even1_390697	*
N	*	100	*	*	*	*	*	New.CleanUp.ReferenceOTU9092 Even3_346220	*
N	*	100	*	*	*	*	*	New.CleanUp.ReferenceOTU9098 Even1_83284	*
N	*	77	*	*	*	*	*	New.CleanUp.ReferenceOTU9103 Even1_393350	*
N	*	90	*	*	*	*	*	New.CleanUp.ReferenceOTU9111 Even1_182151	*
N	*	77	*	*	*	*	*	New.CleanUp.ReferenceOTU9117 Even2_208751	*
N	*	76	*	*	*	*	*	New.CleanUp.ReferenceOTU9120 Even2_286551	*
N	*	93	*	*	*	*	*	New.CleanUp.ReferenceOTU9122 Even1_37192	*
N	*	92	*	*	*	*	*	New.CleanUp.ReferenceOTU9129 Even1_346798	*
N	*	100	*	*	*	*	*	New.CleanUp.ReferenceOTU913 Even3_271033	*
N	*	100	*	*	*	*	*	New.CleanUp.ReferenceOTU9130 Even1_281688	*
N	*	76	*	*	*	*	*	New.CleanUp.ReferenceOTU9132 Even3_396889	*
N	*	84	*	*	*	*	*	New.CleanUp.ReferenceOTU9134 Even1_281033	*
N	*	85	*	*	*	*	*	New.CleanUp.ReferenceOTU9136 Even2_77940	*
N	*	89	*	*	*	*	*	New.CleanUp.ReferenceOTU9138 Even2_340278	*
N	*	81	*	*	*	*	*	New.CleanUp.ReferenceOTU9140 Even1_274873	*
N	*	100	*	*	*	*	*	New.CleanUp.ReferenceOTU9141 Even1_346795	*
N	*	94	*	*	*	*	*	New.CleanUp.ReferenceOTU9144 Even1_275479	*
N	*	81	*	*	*	*	*	New.CleanUp.ReferenceOTU9147 Even2_274183	*
N	*	87	*	*	*	*	*	New.CleanUp.ReferenceOTU915 Even3_397455	*
N	*	91	*	*	*	*	*	New.CleanUp.ReferenceOTU9154 Even1_293653	*
N	*	92	*	*	*	*	*	New.CleanUp.ReferenceOTU9156 Even3_383305	*
N	*	96	*	*	*	*	*	New.CleanUp.ReferenceOTU9160 Even3_383650	*
N	*	91	*	*	*	*	*	New.CleanUp.ReferenceOTU9161 Even2_301708	*
N	*	100	*	*	*	*	*	New.CleanUp.ReferenceOTU9166 Even3_276248	*
N	*	100	*	*	*	*	*	New.CleanUp.ReferenceOTU9168 Even2_372003	*
N	*	77	*	*	*	*	*	New.CleanUp.ReferenceOTU9187 Even1_251743	*
N	*	81	*	*	*	*	*	New.CleanUp.ReferenceOTU9188 Even2_128897	*
N	*	95	*	*	*	*	*	New.CleanUp.ReferenceOTU9190 Even3_323202	*
N	*	84	*	*	*	*	*	New.CleanUp.ReferenceOTU9192 Even3_164314	*
N	*	100	*	*	*	*	*	New.CleanUp.ReferenceOTU9197 Even3_386070	*
N	*	93	*	*	*	*	*	New.CleanUp.ReferenceOTU9198 Even1_351293	*
N	*	88	*	*	*	*	*	New.CleanUp.ReferenceOTU9199 Even2_323607	*
N	*	100	*	*	*	*	*	New.CleanUp.ReferenceOTU920 Even1_314156	*
N	*	92	*	*	*	*	*	New.CleanUp.ReferenceOTU9201 Even2_209570	*
N	*	100	*	*	*	*	*	New.CleanUp.ReferenceOTU9202 Even2_377984	*
N	*	93	*	*	*	*	*	New.CleanUp.ReferenceOTU9208 Even3_271049	*
N	*	95	*	*	*	*	*	New.CleanUp.ReferenceOTU9211 Even3_367504	*
N	*	77	*	*	*	*	*	New.CleanUp.ReferenceOTU9224 Even1_224728	*
N	*	95	*	*	*	*	*	New.CleanUp.ReferenceOTU9225 Even3_114959	*
N	*	100	*	*	*	*	*	New.CleanUp.ReferenceOTU9226 Even1_5476	*
N	*	100	*	*	*	*	*	New.CleanUp.ReferenceOTU9227 Even3_171804	*
N	*	91	*	*	*	*	*	New.CleanUp.ReferenceOTU9228 Even3_182275	*
N	*	100	*	*	*	*	*	New.CleanUp.ReferenceOTU9231 Even2_63454	*
N	*	100	*	*	*	*	*	New.CleanUp.ReferenceOTU9242 Even2_290237	*
N	*	84	*	*	*	*	*	New.CleanUp.ReferenceOTU9244 Even2_280042	*
N	*	93	*	*	*	*	*	New.CleanUp.ReferenceOTU9248 Even1_310032	*
N	*	77	*	*	*	*	*	New.CleanUp.ReferenceOTU9249 Even2_105387	*
N	*	100	*	*	*	*	*	New.CleanUp.ReferenceOTU925 Even1_364702	*
N	*	100	*	*	*	*	*	New.CleanUp.ReferenceOTU9250 Even1_8441	*
N	*	93	*	*	*	*	*	New.CleanUp.ReferenceOTU9252 Even2_218182	*
N	*	92	*	*	*	*	*	New.CleanUp.ReferenceOTU9253 Even2_264472	*
N	*	93	*	*	*	*	*	New.CleanUp.ReferenceOTU9254 Even3_50401	*
N	*	100	*	*	*	*	*	New.CleanUp.ReferenceOTU9262 Even1_378469	*
N	*	100	*	*	*	*	*	New.CleanUp.ReferenceOTU9267 Even3_4150	*
N	*	100	*	*	*	*	*	New.CleanUp.ReferenceOTU9270 Even2_269517	*
N	*	92	*	*	*	*	*	New.CleanUp.ReferenceOTU9273 Even1_215153	*
N	*	91	*	*	*	*	*	New.CleanUp.ReferenceOTU9274 Even1_333642	*
N	*	86	*	*	*	*	*	New.CleanUp.ReferenceOTU9281 Even2_337796	*
N	*	90	*	*	*	*	*	New.CleanUp.ReferenceOTU9289 Even1_80395	*
N	*	100	*	*	*	*	*	New.CleanUp.ReferenceOTU929 Even3_281724	*
N	*	96	*	*	*	*	*	New.CleanUp.ReferenceOTU9291 Even1_333462	*
N	*	94	*	*	*	*	*	New.CleanUp.ReferenceOTU9294 Even1_359368	*
N	*	92	*	*	*	*	*	New.CleanUp.ReferenceOTU9296 Even1_163684	*
N	*	100	*	*	*	*	*	New.CleanUp.ReferenceOTU9298 Even2_390949	*
N	*	81	*	*	*	*	*	New.CleanUp.ReferenceOTU9299 Even2_390948	*
N	*	83	*	*	*	*	*	New.CleanUp.ReferenceOTU9301 Even3_375370	*
N	*	92	*	*	*	*	*	New.CleanUp.ReferenceOTU9307 Even2_31178	*
N	*	95	*	*	*	*	*	New.CleanUp.ReferenceOTU9308 Even2_279937	*
N	*	90	*	*	*	*	*	New.CleanUp.ReferenceOTU9310 Even3_11707	*
N	*	100	*	*	*	*	*	New.CleanUp.ReferenceOTU9311 Even1_196182	*
N	*	100	*	*	*	*	*	New.CleanUp.ReferenceOTU9315 Even1_360507	*
N	*	100	*	*	*	*	*	New.CleanUp.ReferenceOTU9320 Even3_96771	*
N	*	100	*	*	*	*	*	New.CleanUp.ReferenceOTU9321 Even2_287547	*
N	*	94	*	*	*	*	*	New.CleanUp.ReferenceOTU9322 Even2_287544	*
N	*	100	*	*	*	*	*	New.CleanUp.ReferenceOTU9323 Even1_114855	*
N	*	100	*	*	*	*	*	New.CleanUp.ReferenceOTU9325 Even2_388795	*
N	*	100	*	*	*	*	*	New.CleanUp.ReferenceOTU9328 Even2_388791	*
N	*	100	*	*	*	*	*	New.CleanUp.ReferenceOTU934 Even1_282476	*
N	*	100	*	*	*	*	*	New.CleanUp.ReferenceOTU9343 Even2_35074	*
N	*	100	*	*	*	*	*	New.CleanUp.ReferenceOTU9348 Even3_364506	*
N	*	100	*	*	*	*	*	New.CleanUp.ReferenceOTU9351 Even1_222221	*
N	*	83	*	*	*	*	*	New.CleanUp.ReferenceOTU9352 Even2_346852	*
N	*	86	*	*	*	*	*	New.CleanUp.ReferenceOTU9353 Even2_341802	*
N	*	80	*	*	*	*	*	New.CleanUp.ReferenceOTU9361 Even2_356455	*
N	*	100	*	*	*	*	*	New.CleanUp.ReferenceOTU9366 Even3_66032	*
N	*	93	*	*	*	*	*	New.CleanUp.ReferenceOTU9371 Even3_254918	*
N	*	100	*	*	*	*	*	New.CleanUp.ReferenceOTU9372 Even2_202510	*
N	*	81	*	*	*	*	*	New.CleanUp.ReferenceOTU9380 Even2_182991	*
N	*	93	*	*	*	*	*	New.CleanUp.ReferenceOTU9387 Even2_279064	*
N	*	100	*	*	*	*	*	New.CleanUp.ReferenceOTU9388 Even1_381146	*
N	*	100	*	*	*	*	*	New.CleanUp.ReferenceOTU9394 Even2_172233	*
N	*	83	*	*	*	*	*	New.CleanUp.ReferenceOTU9398 Even2_126648	*
N	*	100	*	*	*	*	*	New.CleanUp.ReferenceOTU9399 Even1_388467	*
N	*	81	*	*	*	*	*	New.CleanUp.ReferenceOTU94 Even3_9176	*
N	*	100	*	*	*	*	*	New.CleanUp.ReferenceOTU940 Even1_364907	*
N	*	77	*	*	*	*	*	New.CleanUp.ReferenceOTU9400 Even1_393166	*
N	*	84	*	*	*	*	*	New.CleanUp.ReferenceOTU9402 Even3_372146	*
N	*	96	*	*	*	*	*	New.CleanUp.ReferenceOTU9404 Even2_120391	*
N	*	95	*	*	*	*	*	New.CleanUp.ReferenceOTU941 Even3_309303	*
N	*	77	*	*	*	*	*	New.CleanUp.ReferenceOTU9412 Even3_280372	*
N	*	100	*	*	*	*	*	New.CleanUp.ReferenceOTU9415 Even1_310202	*
N	*	82	*	*	*	*	*	New.CleanUp.ReferenceOTU9416 Even3_313966	*
N	*	83	*	*	*	*	*	New.CleanUp.ReferenceOTU9418 Even3_312215	*
N	*	100	*	*	*	*	*	New.CleanUp.ReferenceOTU9426 Even2_232094	*
N	*	96	*	*	*	*	*	New.CleanUp.ReferenceOTU9428 Even1_283992	*
N	*	83	*	*	*	*	*	New.CleanUp.ReferenceOTU9430 Even2_213512	*
N	*	92	*	*	*	*	*	New.CleanUp.ReferenceOTU9436 Even1_323308	*
N	*	100	*	*	*	*	*	New.CleanUp.ReferenceOTU9439 Even2_379725	*
N	*	100	*	*	*	*	*	New.CleanUp.ReferenceOTU9440 Even2_321609	*
N	*	94	*	*	*	*	*	New.CleanUp.ReferenceOTU9444 Even1_374837	*
N	*	95	*	*	*	*	*	New.CleanUp.ReferenceOTU9448 Even1_367993	*
N	*	100	*	*	*	*	*	New.CleanUp.ReferenceOTU945 Even3_393484	*
N	*	100	*	*	*	*	*	New.CleanUp.ReferenceOTU9450 Even3_123511	*
N	*	100	*	*	*	*	*	New.CleanUp.ReferenceOTU9452 Even2_314038	*
N	*	88	*	*	*	*	*	New.CleanUp.ReferenceOTU9456 Even1_336138	*
N	*	95	*	*	*	*	*	New.CleanUp.ReferenceOTU9465 Even1_327684	*
N	*	83	*	*	*	*	*	New.CleanUp.ReferenceOTU9468 Even2_364265	*
N	*	100	*	*	*	*	*	New.CleanUp.ReferenceOTU9473 Even3_40281	*
N	*	91	*	*	*	*	*	New.CleanUp.ReferenceOTU9478 Even3_88867	*
N	*	92	*	*	*	*	*	New.CleanUp.ReferenceOTU9487 Even1_309804	*
N	*	96	*	*	*	*	*	New.CleanUp.ReferenceOTU9495 Even2_386305	*
N	*	85	*	*	*	*	*	New.CleanUp.ReferenceOTU9498 Even1_378890	*
N	*	100	*	*	*	*	*	New.CleanUp.ReferenceOTU9499 Even3_298786	*
N	*	96	*	*	*	*	*	New.CleanUp.ReferenceOTU9505 Even1_388271	*
N	*	86	*	*	*	*	*	New.CleanUp.ReferenceOTU9507 Even1_383915	*
N	*	77	*	*	*	*	*	New.CleanUp.ReferenceOTU9509 Even1_307848	*
N	*	95	*	*	*	*	*	New.CleanUp.ReferenceOTU9510 Even3_10724	*
N	*	95	*	*	*	*	*	New.CleanUp.ReferenceOTU9512 Even3_394586	*
N	*	100	*	*	*	*	*	New.CleanUp.ReferenceOTU952 Even2_97317	*
N	*	95	*	*	*	*	*	New.CleanUp.ReferenceOTU9520 Even1_61036	*
N	*	81	*	*	*	*	*	New.CleanUp.ReferenceOTU9524 Even1_215746	*
N	*	100	*	*	*	*	*	New.CleanUp.ReferenceOTU9525 Even1_74587	*
N	*	100	*	*	*	*	*	New.CleanUp.ReferenceOTU9528 Even3_239599	*
N	*	83	*	*	*	*	*	New.CleanUp.ReferenceOTU9533 Even2_276364	*
N	*	100	*	*	*	*	*	New.CleanUp.ReferenceOTU9539 Even2_95952	*
N	*	100	*	*	*	*	*	New.CleanUp.ReferenceOTU9545 Even3_393559	*
N	*	85	*	*	*	*	*	New.CleanUp.ReferenceOTU9547 Even1_283656	*
N	*	100	*	*	*	*	*	New.CleanUp.ReferenceOTU9548 Even3_79121	*
N	*	92	*	*	*	*	*	New.CleanUp.ReferenceOTU9549 Even3_19499	*
N	*	91	*	*	*	*	*	New.CleanUp.ReferenceOTU9552 Even2_134443	*
N	*	100	*	*	*	*	*	New.CleanUp.ReferenceOTU956 Even1_323536	*
N	*	90	*	*	*	*	*	New.CleanUp.ReferenceOTU9560 Even3_130680	*
N	*	94	*	*	*	*	*	New.CleanUp.ReferenceOTU9562 Even1_304832	*
N	*	80	*	*	*	*	*	New.CleanUp.ReferenceOTU9564 Even2_392376	*
N	*	100	*	*	*	*	*	New.CleanUp.ReferenceOTU9577 Even3_395184	*
N	*	100	*	*	*	*	*	New.CleanUp.ReferenceOTU9578 Even3_395187	*
N	*	93	*	*	*	*	*	New.CleanUp.ReferenceOTU958 Even2_230392	*
N	*	95	*	*	*	*	*	New.CleanUp.ReferenceOTU9588 Even1_350370	*
N	*	92	*	*	*	*	*	New.CleanUp.ReferenceOTU9589 Even3_276008	*
N	*	86	*	*	*	*	*	New.CleanUp.ReferenceOTU9590 Even1_393089	*
N	*	100	*	*	*	*	*	New.CleanUp.ReferenceOTU9593 Even1_323682	*
N	*	100	*	*	*	*	*	New.CleanUp.ReferenceOTU9597 Even3_378121	*
N	*	87	*	*	*	*	*	New.CleanUp.ReferenceOTU9599 Even1_279779	*
N	*	82	*	*	*	*	*	New.CleanUp.ReferenceOTU96 Even2_297249	*
N	*	84	*	*	*	*	*	New.CleanUp.ReferenceOTU960 Even3_106867	*
N	*	100	*	*	*	*	*	New.CleanUp.ReferenceOTU9601 Even1_290116	*
N	*	100	*	*	*	*	*	New.CleanUp.ReferenceOTU9605 Even2_314210	*
N	*	93	*	*	*	*	*	New.CleanUp.ReferenceOTU9606 Even1_59250	*
N	*	100	*	*	*	*	*	New.CleanUp.ReferenceOTU961 Even3_41335	*
N	*	81	*	*	*	*	*	New.CleanUp.ReferenceOTU9612 Even2_238172	*
N	*	81	*	*	*	*	*	New.CleanUp.ReferenceOTU9620 Even1_236337	*
N	*	100	*	*	*	*	*	New.CleanUp.ReferenceOTU9621 Even2_388787	*
N	*	100	*	*	*	*	*	New.CleanUp.ReferenceOTU9623 Even1_177222	*
N	*	94	*	*	*	*	*	New.CleanUp.ReferenceOTU9625 Even1_302019	*
N	*	95	*	*	*	*	*	New.CleanUp.ReferenceOTU9626 Even1_367148	*
N	*	96	*	*	*	*	*	New.CleanUp.ReferenceOTU9627 Even2_281008	*
N	*	90	*	*	*	*	*	New.CleanUp.ReferenceOTU9629 Even1_367142	*
N	*	100	*	*	*	*	*	New.CleanUp.ReferenceOTU9631 Even3_309896	*
N	*	100	*	*	*	*	*	New.CleanUp.ReferenceOTU9635 Even3_8985	*
N	*	100	*	*	*	*	*	New.CleanUp.ReferenceOTU9637 Even3_17090	*
N	*	100	*	*	*	*	*	New.CleanUp.ReferenceOTU9639 Even3_299553	*
N	*	100	*	*	*	*	*	New.CleanUp.ReferenceOTU9644 Even2_33083	*
N	*	86	*	*	*	*	*	New.CleanUp.ReferenceOTU9645 Even1_86068	*
N	*	93	*	*	*	*	*	New.CleanUp.ReferenceOTU9656 Even1_281651	*
N	*	84	*	*	*	*	*	New.CleanUp.ReferenceOTU9658 Even1_306400	*
N	*	91	*	*	*	*	*	New.CleanUp.ReferenceOTU9665 Even3_185881	*
N	*	92	*	*	*	*	*	New.CleanUp.ReferenceOTU9670 Even3_264268	*
N	*	100	*	*	*	*	*	New.CleanUp.ReferenceOTU9675 Even1_363262	*
N	*	92	*	*	*	*	*	New.CleanUp.ReferenceOTU9677 Even1_175163	*
N	*	89	*	*	*	*	*	New.CleanUp.ReferenceOTU9680 Even3_366928	*
N	*	100	*	*	*	*	*	New.CleanUp.ReferenceOTU9683 Even1_266156	*
N	*	100	*	*	*	*	*	New.CleanUp.ReferenceOTU9687 Even1_297163	*
N	*	100	*	*	*	*	*	New.CleanUp.ReferenceOTU9689 Even1_310018	*
N	*	94	*	*	*	*	*	New.CleanUp.ReferenceOTU969 Even2_390378	*
N	*	100	*	*	*	*	*	New.CleanUp.ReferenceOTU9696 Even2_284189	*
N	*	82	*	*	*	*	*	New.CleanUp.ReferenceOTU9698 Even1_234080	*
N	*	91	*	*	*	*	*	New.CleanUp.ReferenceOTU970 Even3_279744	*
N	*	100	*	*	*	*	*	New.CleanUp.ReferenceOTU9700 Even2_284181	*
N	*	100	*	*	*	*	*	New.CleanUp.ReferenceOTU9704 Even2_344011	*
N	*	100	*	*	*	*	*	New.CleanUp.ReferenceOTU9708 Even2_264496	*
N	*	89	*	*	*	*	*	New.CleanUp.ReferenceOTU971 Even1_378146	*
N	*	100	*	*	*	*	*	New.CleanUp.ReferenceOTU9713 Even2_290211	*
N	*	100	*	*	*	*	*	New.CleanUp.ReferenceOTU9723 Even3_346439	*
N	*	84	*	*	*	*	*	New.CleanUp.ReferenceOTU973 Even1_280839	*
N	*	93	*	*	*	*	*	New.CleanUp.ReferenceOTU9731 Even1_305718	*
N	*	87	*	*	*	*	*	New.CleanUp.ReferenceOTU9736 Even3_386665	*
N	*	95	*	*	*	*	*	New.CleanUp.ReferenceOTU9738 Even3_386662	*
N	*	100	*	*	*	*	*	New.CleanUp.ReferenceOTU9739 Even2_378736	*
N	*	100	*	*	*	*	*	New.CleanUp.ReferenceOTU9740 Even2_378731	*
N	*	93	*	*	*	*	*	New.CleanUp.ReferenceOTU9741 Even2_378732	*
N	*	89	*	*	*	*	*	New.CleanUp.ReferenceOTU9744 Even2_2588	*
N	*	93	*	*	*	*	*	New.CleanUp.ReferenceOTU9752 Even1_359613	*
N	*	100	*	*	*	*	*	New.CleanUp.ReferenceOTU9753 Even3_368657	*
N	*	76	*	*	*	*	*	New.CleanUp.ReferenceOTU976 Even2_301814	*
N	*	100	*	*	*	*	*	New.CleanUp.ReferenceOTU9761 Even3_378924	*
N	*	100	*	*	*	*	*	New.CleanUp.ReferenceOTU9770 Even3_15122	*
N	*	100	*	*	*	*	*	New.CleanUp.ReferenceOTU9772 Even3_5264	*
N	*	83	*	*	*	*	*	New.CleanUp.ReferenceOTU9779 Even1_301121	*
N	*	100	*	*	*	*	*	New.CleanUp.ReferenceOTU9782 Even3_217955	*
N	*	76	*	*	*	*	*	New.CleanUp.ReferenceOTU9783 Even3_170155	*
N	*	100	*	*	*	*	*	New.CleanUp.ReferenceOTU9784 Even1_386880	*
N	*	84	*	*	*	*	*	New.CleanUp.ReferenceOTU9788 Even2_252028	*
N	*	100	*	*	*	*	*	New.CleanUp.ReferenceOTU980 Even2_310158	*
N	*	85	*	*	*	*	*	New.CleanUp.ReferenceOTU9802 Even2_278020	*
N	*	100	*	*	*	*	*	New.CleanUp.ReferenceOTU9804 Even1_360522	*
N	*	87	*	*	*	*	*	New.CleanUp.ReferenceOTU9806 Even3_120737	*
N	*	100	*	*	*	*	*	New.CleanUp.ReferenceOTU981 Even2_310155	*
N	*	96	*	*	*	*	*	New.CleanUp.ReferenceOTU9814 Even3_367060	*
N	*	100	*	*	*	*	*	New.CleanUp.ReferenceOTU9817 Even3_127703	*
N	*	100	*	*	*	*	*	New.CleanUp.ReferenceOTU9819 Even3_302063	*
N	*	100	*	*	*	*	*	New.CleanUp.ReferenceOTU9822 Even1_185656	*
N	*	92	*	*	*	*	*	New.CleanUp.ReferenceOTU9824 Even1_138438	*
N	*	100	*	*	*	*	*	New.CleanUp.ReferenceOTU9826 Even2_80152	*
N	*	100	*	*	*	*	*	New.CleanUp.ReferenceOTU9829 Even2_281493	*
N	*	100	*	*	*	*	*	New.CleanUp.ReferenceOTU9830 Even3_384364	*
N	*	96	*	*	*	*	*	New.CleanUp.ReferenceOTU9833 Even1_393868	*
N	*	100	*	*	*	*	*	New.CleanUp.ReferenceOTU9836 Even1_290321	*
N	*	86	*	*	*	*	*	New.CleanUp.ReferenceOTU9843 Even1_290638	*
N	*	100	*	*	*	*	*	New.CleanUp.ReferenceOTU9845 Even3_388727	*
N	*	93	*	*	*	*	*	New.CleanUp.ReferenceOTU9847 Even3_388723	*
N	*	100	*	*	*	*	*	New.CleanUp.ReferenceOTU9848 Even3_388722	*
N	*	93	*	*	*	*	*	New.CleanUp.ReferenceOTU9851 Even1_25592	*
N	*	94	*	*	*	*	*	New.CleanUp.ReferenceOTU9858 Even2_395390	*
N	*	77	*	*	*	*	*	New.CleanUp.ReferenceOTU987 Even3_297121	*
N	*	83	*	*	*	*	*	New.CleanUp.ReferenceOTU9882 Even3_55790	*
N	*	78	*	*	*	*	*	New.CleanUp.ReferenceOTU9883 Even3_124612	*
N	*	100	*	*	*	*	*	New.CleanUp.ReferenceOTU9884 Even2_384367	*
N	*	78	*	*	*	*	*	New.CleanUp.ReferenceOTU9885 Even3_181537	*
N	*	82	*	*	*	*	*	New.CleanUp.ReferenceOTU9886 Even3_36685	*
N	*	91	*	*	*	*	*	New.CleanUp.ReferenceOTU9887 Even1_302264	*
N	*	100	*	*	*	*	*	New.CleanUp.ReferenceOTU9890 Even1_91646	*
N	*	94	*	*	*	*	*	New.CleanUp.ReferenceOTU9898 Even2_70742	*
N	*	85	*	*	*	*	*	New.CleanUp.ReferenceOTU9900 Even2_267755	*
N	*	95	*	*	*	*	*	New.CleanUp.ReferenceOTU9902 Even2_63498	*
N	*	81	*	*	*	*	*	New.CleanUp.ReferenceOTU9906 Even2_267752	*
N	*	100	*	*	*	*	*	New.CleanUp.ReferenceOTU9909 Even2_289589	*
N	*	100	*	*	*	*	*	New.CleanUp.ReferenceOTU9913 Even3_299105	*
N	*	92	*	*	*	*	*	New.CleanUp.ReferenceOTU9925 Even3_397035	*
N	*	94	*	*	*	*	*	New.CleanUp.ReferenceOTU9926 Even3_397034	*
N	*	92	*	*	*	*	*	New.CleanUp.ReferenceOTU993 Even1_165194	*
N	*	100	*	*	*	*	*	New.CleanUp.ReferenceOTU9933 Even3_281337	*
N	*	96	*	*	*	*	*	New.CleanUp.ReferenceOTU9945 Even2_66847	*
N	*	96	*	*	*	*	*	New.CleanUp.ReferenceOTU9946 Even1_393333	*
N	*	100	*	*	*	*	*	New.CleanUp.ReferenceOTU9950 Even2_266089	*
N	*	95	*	*	*	*	*	New.CleanUp.ReferenceOTU9953 Even2_381535	*
N	*	96	*	*	*	*	*	New.CleanUp.ReferenceOTU9956 Even2_386321	*
N	*	100	*	*	*	*	*	New.CleanUp.ReferenceOTU9962 Even2_63649	*
N	*	79	*	*	*	*	*	New.CleanUp.ReferenceOTU9972 Even1_8136	*
N	*	100	*	*	*	*	*	New.CleanUp.ReferenceOTU9973 Even3_381724	*
N	*	100	*	*	*	*	*	New.CleanUp.ReferenceOTU9980 Even3_74642	*
N	*	91	*	*	*	*	*	New.CleanUp.ReferenceOTU9983 Even1_341622	*
N	*	93	*	*	*	*	*	New.CleanUp.ReferenceOTU9990 Even2_137317	*
N	*	100	*	*	*	*	*	New.CleanUp.ReferenceOTU9991 Even1_230553	*
N	*	93	*	*	*	*	*	New.CleanUp.ReferenceOTU9992 Even3_8429	*
N	*	90	*	*	*	*	*	New.CleanUp.ReferenceOTU9994 Even1_114741	*
N	*	100	*	*	*	*	*	New.CleanUp.ReferenceOTU9995 Even1_293887	*
N	*	83	*	*	*	*	*	New.CleanUp.ReferenceOTU9996 Even2_397094	*
D	3	2	*	*	*	*	100.0	1111874	*
D	428	2	*	*	*	*	100.0	1105975	*
D	1471	2	*	*	*	*	100.0	997439	*
D	2227	2	*	*	*	*	100.0	912669	*
D	2815	2	*	*	*	*	100.0	851323	*
D	2930	2	*	*	*	*	100.0	843189	*
D	3503	2	*	*	*	*	100.0	825276	*
D	3578	2	*	*	*	*	100.0	823732	*
D	3762	2	*	*	*	*	100.0	819999	*
D	4323	2	*	*	*	*	100.0	810167	*
D	5433	2	*	*	*	*	100.0	747864	*
D	5534	2	*	*	*	*	100.0	740831	*
D	5600	2	*	*	*	*	100.0	734168	*
D	6428	2	*	*	*	*	100.0	673756	*
D	7341	2	*	*	*	*	100.0	610462	*
D	7820	2	*	*	*	*	100.0	591521	*
D	7857	2	*	*	*	*	100.0	591285	*
D	8420	2	*	*	*	*	100.0	587269	*
D	8781	2	*	*	*	*	100.0	584541	*
D	8811	2	*	*	*	*	100.0	584375	*
D	8840	2	*	*	*	*	100.0	584193	*
D	9004	2	*	*	*	*	100.0	583117	*
D	9777	3	*	*	*	*	100.0	577406	*
D	10051	2	*	*	*	*	100.0	575467	*
D	10116	2	*	*	*	*	100.0	574920	*
D	10772	2	*	*	*	*	100.0	569818	*
D	11083	2	*	*	*	*	100.0	567387	*
D	11886	2	*	*	*	*	100.0	561027	*
D	11997	2	*	*	*	*	100.0	560165	*
D	12131	2	*	*	*	*	100.0	559200	*
D	12256	2	*	*	*	*	100.0	558081	*
D	12321	2	*	*	*	*	100.0	557627	*
D	12829	2	*	*	*	*	100.0	553611	*
D	13092	2	*	*	*	*	100.0	551295	*
D	13352	2	*	*	*	*	100.0	549232	*
D	13544	2	*	*	*	*	100.0	547714	*
D	13831	2	*	*	*	*	100.0	545460	*
D	14013	2	*	*	*	*	100.0	544067	*
D	14698	2	*	*	*	*	100.0	538907	*
D	14702	2	*	*	*	*	100.0	538884	*
D	14840	2	*	*	*	*	100.0	537886	*
D	15116	2	*	*	*	*	100.0	535707	*
D	15210	2	*	*	*	*	100.0	534957	*
D	15217	3	*	*	*	*	100.0	534898	*
D	15296	2	*	*	*	*	100.0	534321	*
D	15400	2	*	*	*	*	100.0	533373	*
D	15671	2	*	*	*	*	100.0	530206	*
D	15715	2	*	*	*	*	100.0	529740	*
D	15829	3	*	*	*	*	100.0	528421	*
D	16059	2	*	*	*	*	100.0	525401	*
D	16275	2	*	*	*	*	100.0	522595	*
D	16730	2	*	*	*	*	100.0	516611	*
D	16740	2	*	*	*	*	100.0	516553	*
D	16850	2	*	*	*	*	100.0	515265	*
D	16893	2	*	*	*	*	100.0	514711	*
D	17160	2	*	*	*	*	100.0	512563	*
D	17161	2	*	*	*	*	100.0	512552	*
D	17533	2	*	*	*	*	100.0	509899	*
D	17852	2	*	*	*	*	100.0	471180	*
D	17855	2	*	*	*	*	100.0	470879	*
D	17858	2	*	*	*	*	100.0	470117	*
D	18566	2	*	*	*	*	100.0	385507	*
D	18716	2	*	*	*	*	100.0	370357	*
D	18771	2	*	*	*	*	100.0	369449	*
D	18838	2	*	*	*	*	100.0	368261	*
D	18999	2	*	*	*	*	100.0	365385	*
D	19027	2	*	*	*	*	100.0	364903	*
D	19080	2	*	*	*	*	100.0	363887	*
D	19120	2	*	*	*	*	100.0	363232	*
D	19273	2	*	*	*	*	100.0	360703	*
D	19548	2	*	*	*	*	100.0	356360	*
D	19561	2	*	*	*	*	100.0	356255	*
D	19963	2	*	*	*	*	100.0	353271	*
D	19995	3	*	*	*	*	100.0	353032	*
D	20051	2	*	*	*	*	100.0	352617	*
D	20332	2	*	*	*	*	100.0	350627	*
D	20615	2	*	*	*	*	100.0	348641	*
D	20699	2	*	*	*	*	100.0	347965	*
D	20841	4	*	*	*	*	100.0	346938	*
D	21062	2	*	*	*	*	100.0	345246	*
D	21164	2	*	*	*	*	100.0	344525	*
D	21230	2	*	*	*	*	100.0	344114	*
D	21291	2	*	*	*	*	100.0	343630	*
D	21396	2	*	*	*	*	100.0	342802	*
D	21443	2	*	*	*	*	100.0	342487	*
D	21487	2	*	*	*	*	100.0	342110	*
D	21590	3	*	*	*	*	100.0	341259	*
D	21687	2	*	*	*	*	100.0	340642	*
D	21741	2	*	*	*	*	100.0	340216	*
D	21939	2	*	*	*	*	100.0	338840	*
D	22259	2	*	*	*	*	100.0	336559	*
D	22392	3	*	*	*	*	100.0	335670	*
D	22424	2	*	*	*	*	100.0	335454	*
D	22629	2	*	*	*	*	100.0	333859	*
D	23215	2	*	*	*	*	100.0	329668	*
D	23310	2	*	*	*	*	100.0	328936	*
D	23351	2	*	*	*	*	100.0	328675	*
D	23465	2	*	*	*	*	100.0	327851	*
D	23468	2	*	*	*	*	100.0	327826	*
D	23824	3	*	*	*	*	100.0	325419	*
D	24268	2	*	*	*	*	100.0	321983	*
D	24441	2	*	*	*	*	100.0	320786	*
D	24490	2	*	*	*	*	100.0	320430	*
D	24492	2	*	*	*	*	100.0	320422	*
D	24764	3	*	*	*	*	100.0	318445	*
D	25643	2	*	*	*	*	100.0	311961	*
D	25646	2	*	*	*	*	100.0	311950	*
D	25934	2	*	*	*	*	100.0	310071	*
D	25979	2	*	*	*	*	100.0	309696	*
D	26385	2	*	*	*	*	100.0	306633	*
D	26468	2	*	*	*	*	100.0	305982	*
D	26659	2	*	*	*	*	100.0	304568	*
D	26839	2	*	*	*	*	100.0	303226	*
D	26855	2	*	*	*	*	100.0	303161	*
D	27050	2	*	*	*	*	100.0	301872	*
D	27145	2	*	*	*	*	100.0	301306	*
D	27268	3	*	*	*	*	100.0	300658	*
D	27357	2	*	*	*	*	100.0	300222	*
D	27395	2	*	*	*	*	100.0	299943	*
D	27800	2	*	*	*	*	100.0	297414	*
D	27914	2	*	*	*	*	100.0	296659	*
D	28030	2	*	*	*	*	100.0	296010	*
D	28099	2	*	*	*	*	100.0	295554	*
D	28367	2	*	*	*	*	100.0	293717	*
D	28542	2	*	*	*	*	100.0	292521	*
D	28736	3	*	*	*	*	100.0	291496	*
D	29021	3	*	*	*	*	100.0	289748	*
D	29224	2	*	*	*	*	100.0	288417	*
D	29480	2	*	*	*	*	100.0	284014	*
D	29555	2	*	*	*	*	100.0	281015	*
D	30843	2	*	*	*	*	100.0	272886	*
D	31073	2	*	*	*	*	100.0	271406	*
D	31098	2	*	*	*	*	100.0	271259	*
D	31405	2	*	*	*	*	100.0	269392	*
D	31407	2	*	*	*	*	100.0	269386	*
D	32337	2	*	*	*	*	100.0	263645	*
D	33147	2	*	*	*	*	100.0	258785	*
D	33440	2	*	*	*	*	100.0	256536	*
D	35049	2	*	*	*	*	100.0	244491	*
D	35972	3	*	*	*	*	100.0	237945	*
D	36017	2	*	*	*	*	100.0	237591	*
D	36089	2	*	*	*	*	100.0	237131	*
D	36142	2	*	*	*	*	100.0	236801	*
D	36148	2	*	*	*	*	100.0	236776	*
D	36631	2	*	*	*	*	100.0	231205	*
D	36812	2	*	*	*	*	100.0	228556	*
D	37189	2	*	*	*	*	100.0	224834	*
D	37396	2	*	*	*	*	100.0	222914	*
D	37448	2	*	*	*	*	100.0	222501	*
D	37652	2	*	*	*	*	100.0	220524	*
D	38411	2	*	*	*	*	100.0	212686	*
D	38502	2	*	*	*	*	100.0	211706	*
D	38504	2	*	*	*	*	100.0	211678	*
D	39006	2	*	*	*	*	100.0	206609	*
D	39749	2	*	*	*	*	100.0	199528	*
D	39820	2	*	*	*	*	100.0	199147	*
D	39876	2	*	*	*	*	100.0	198875	*
D	39930	3	*	*	*	*	100.0	198583	*
D	40075	2	*	*	*	*	100.0	197757	*
D	40105	2	*	*	*	*	100.0	197537	*
D	40200	2	*	*	*	*	100.0	197091	*
D	40286	2	*	*	*	*	100.0	196664	*
D	40312	2	*	*	*	*	100.0	196513	*
D	40313	2	*	*	*	*	100.0	196508	*
D	40327	2	*	*	*	*	100.0	196391	*
D	40426	2	*	*	*	*	100.0	195883	*
D	40574	2	*	*	*	*	100.0	195115	*
D	40581	2	*	*	*	*	100.0	195081	*
D	40763	2	*	*	*	*	100.0	194269	*
D	40903	2	*	*	*	*	100.0	193572	*
D	40920	2	*	*	*	*	100.0	193466	*
D	41102	3	*	*	*	*	100.0	192396	*
D	41159	2	*	*	*	*	100.0	192133	*
D	41250	2	*	*	*	*	100.0	191658	*
D	41251	2	*	*	*	*	100.0	191657	*
D	41263	2	*	*	*	*	100.0	191593	*
D	41399	2	*	*	*	*	100.0	190921	*
D	41447	2	*	*	*	*	100.0	190637	*
D	41462	2	*	*	*	*	100.0	190562	*
D	41504	2	*	*	*	*	100.0	190320	*
D	41545	2	*	*	*	*	100.0	190107	*
D	41567	2	*	*	*	*	100.0	189984	*
D	41783	2	*	*	*	*	100.0	188887	*
D	41798	3	*	*	*	*	100.0	188840	*
D	41814	2	*	*	*	*	100.0	188735	*
D	41817	2	*	*	*	*	100.0	188706	*
D	41925	2	*	*	*	*	100.0	188044	*
D	41951	2	*	*	*	*	100.0	187894	*
D	42026	2	*	*	*	*	100.0	187447	*
D	42061	2	*	*	*	*	100.0	187265	*
D	42066	2	*	*	*	*	100.0	187248	*
D	42088	2	*	*	*	*	100.0	187144	*
D	42391	2	*	*	*	*	100.0	185568	*
D	42406	2	*	*	*	*	100.0	185486	*
D	42457	2	*	*	*	*	100.0	185165	*
D	42497	2	*	*	*	*	100.0	184971	*
D	42514	2	*	*	*	*	100.0	184864	*
D	42662	2	*	*	*	*	100.0	183885	*
D	42754	2	*	*	*	*	100.0	183480	*
D	42761	2	*	*	*	*	100.0	183457	*
D	42823	2	*	*	*	*	100.0	183139	*
D	42867	2	*	*	*	*	100.0	182947	*
D	42922	2	*	*	*	*	100.0	182653	*
D	43011	2	*	*	*	*	100.0	182163	*
D	43020	2	*	*	*	*	100.0	182117	*
D	43076	2	*	*	*	*	100.0	181871	*
D	43114	2	*	*	*	*	100.0	181689	*
D	43191	2	*	*	*	*	100.0	181226	*
D	43203	3	*	*	*	*	100.0	181167	*
D	43229	3	*	*	*	*	100.0	181008	*
D	43259	2	*	*	*	*	100.0	180834	*
D	43333	2	*	*	*	*	100.0	180473	*
D	43397	2	*	*	*	*	100.0	180123	*
D	43402	2	*	*	*	*	100.0	180112	*
D	43459	2	*	*	*	*	100.0	179760	*
D	43601	2	*	*	*	*	100.0	179014	*
D	43753	2	*	*	*	*	100.0	178238	*
D	43803	2	*	*	*	*	100.0	177979	*
D	43934	2	*	*	*	*	100.0	177305	*
D	43963	2	*	*	*	*	100.0	177150	*
D	44071	2	*	*	*	*	100.0	176564	*
D	44150	7	*	*	*	*	100.0	176080	*
D	44312	2	*	*	*	*	100.0	175168	*
D	44362	3	*	*	*	*	100.0	174853	*
D	44416	2	*	*	*	*	100.0	174629	*
D	44476	2	*	*	*	*	100.0	174304	*
D	44507	2	*	*	*	*	100.0	174138	*
D	44518	2	*	*	*	*	100.0	174044	*
D	44538	2	*	*	*	*	100.0	173945	*
D	45010	2	*	*	*	*	100.0	168709	*
D	45078	3	*	*	*	*	100.0	167979	*
D	45156	2	*	*	*	*	100.0	167187	*
D	45632	2	*	*	*	*	100.0	161579	*
D	45739	2	*	*	*	*	100.0	160908	*
D	45750	2	*	*	*	*	100.0	160873	*
D	45897	2	*	*	*	*	100.0	159763	*
D	45960	2	*	*	*	*	100.0	159299	*
D	46149	2	*	*	*	*	100.0	157842	*
D	48309	2	*	*	*	*	100.0	142203	*
D	48351	2	*	*	*	*	100.0	141972	*
D	48532	2	*	*	*	*	100.0	140966	*
D	48941	2	*	*	*	*	100.0	137108	*
D	49048	2	*	*	*	*	100.0	136502	*
D	49802	2	*	*	*	*	100.0	117948	*
D	50517	2	*	*	*	*	100.0	110944	*
D	51285	2	*	*	*	*	100.0	104265	*
D	51364	2	*	*	*	*	100.0	103730	*
D	52526	2	*	*	*	*	100.0	85614	*
D	54209	2	*	*	*	*	100.0	39294	*
D	54237	2	*	*	*	*	100.0	38357	*
D	54491	2	*	*	*	*	100.0	30929	*
D	54684	2	*	*	*	*	100.0	25005	*
D	55016	2	*	*	*	*	100.0	15728	*
D	55051	2	*	*	*	*	100.0	15432	*
D	55523	2	*	*	*	*	100.0	9912	*
D	55524	2	*	*	*	*	100.0	9870	*
D	55528	2	*	*	*	*	100.0	9819	*
D	55731	2	*	*	*	*	100.0	7061	*
D	56111	2	*	*	*	*	100.0	1992	*
D	56753	2	*	*	*	*	100.0	609704	*
D	56880	2	*	*	*	*	100.0	806380	*
D	57045	2	*	*	*	*	100.0	1129328	*
D	57206	2	*	*	*	*	100.0	1630017	*
D	57946	2	*	*	*	*	100.0	1715185	*
D	57993	2	*	*	*	*	100.0	1024529	*
D	58208	2	*	*	*	*	100.0	1749079	*
D	58221	2	*	*	*	*	100.0	1131914	*
D	58716	3	*	*	*	*	100.0	737912	*
D	59048	2	*	*	*	*	100.0	1848900	*
D	59228	2	*	*	*	*	100.0	1107637	*
D	59503	2	*	*	*	*	100.0	1904497	*
D	59569	2	*	*	*	*	100.0	1915223	*
D	59598	2	*	*	*	*	100.0	1919007	*
D	59649	2	*	*	*	*	100.0	1048864	*
D	59768	2	*	*	*	*	100.0	1935637	*
D	59889	2	*	*	*	*	100.0	1944498	*
D	60102	2	*	*	*	*	100.0	702276	*
D	60511	2	*	*	*	*	100.0	834814	*
D	60618	2	*	*	*	*	100.0	1125423	*
D	60673	2	*	*	*	*	100.0	1021043	*
D	61151	2	*	*	*	*	100.0	2101287	*
D	61399	2	*	*	*	*	100.0	2129166	*
D	62902	2	*	*	*	*	100.0	825808	*
D	63149	2	*	*	*	*	100.0	2346777	*
D	63462	2	*	*	*	*	100.0	1031197	*
D	63630	2	*	*	*	*	100.0	812831	*
D	64547	2	*	*	*	*	100.0	831789	*
D	64959	2	*	*	*	*	100.0	2582263	*
D	65002	2	*	*	*	*	100.0	1137749	*
D	65041	2	*	*	*	*	100.0	2592671	*
D	65126	2	*	*	*	*	100.0	2599028	*
D	65135	2	*	*	*	*	100.0	2599837	*
D	65469	2	*	*	*	*	100.0	810317	*
D	65532	2	*	*	*	*	100.0	2650464	*
D	66285	2	*	*	*	*	100.0	1125638	*
D	66937	2	*	*	*	*	100.0	652696	*
D	67273	2	*	*	*	*	100.0	711023	*
D	67331	2	*	*	*	*	100.0	2862781	*
D	67754	2	*	*	*	*	100.0	2915091	*
D	67802	2	*	*	*	*	100.0	2920309	*
D	68649	3	*	*	*	*	100.0	3021821	*
D	68806	2	*	*	*	*	100.0	1107230	*
D	70294	2	*	*	*	*	100.0	3232397	*
D	70405	2	*	*	*	*	100.0	3244671	*
D	70519	2	*	*	*	*	100.0	1044319	*
D	70578	2	*	*	*	*	100.0	3265161	*
D	70639	2	*	*	*	*	100.0	3270631	*
D	71211	2	*	*	*	*	100.0	1131220	*
D	71569	2	*	*	*	*	100.0	1108831	*
D	71589	2	*	*	*	*	100.0	3392840	*
D	72010	2	*	*	*	*	100.0	634209	*
D	72027	2	*	*	*	*	100.0	3447863	*
D	72123	2	*	*	*	*	100.0	3462224	*
D	73574	2	*	*	*	*	100.0	807821	*
D	73657	2	*	*	*	*	100.0	729365	*
D	73696	2	*	*	*	*	100.0	3667183	*
D	74016	2	*	*	*	*	100.0	3708846	*
D	74483	2	*	*	*	*	100.0	3767933	*
D	74890	2	*	*	*	*	100.0	3818299	*
D	75085	2	*	*	*	*	100.0	1124273	*
D	75431	2	*	*	*	*	100.0	3890155	*
D	75540	2	*	*	*	*	100.0	3903651	*
D	75934	2	*	*	*	*	100.0	3951715	*
D	76200	2	*	*	*	*	100.0	3989856	*
D	76676	2	*	*	*	*	100.0	777944	*
D	76837	2	*	*	*	*	100.0	824742	*
D	77310	2	*	*	*	*	100.0	818286	*
D	77330	2	*	*	*	*	100.0	931593	*
D	77371	2	*	*	*	*	100.0	4128381	*
D	77769	2	*	*	*	*	100.0	784256	*
D	78155	2	*	*	*	*	100.0	652272	*
D	78187	2	*	*	*	*	100.0	4234212	*
D	78260	2	*	*	*	*	100.0	4245940	*
D	78917	2	*	*	*	*	100.0	4296689	*
D	79071	2	*	*	*	*	100.0	4298163	*
D	79824	2	*	*	*	*	100.0	4305923	*
D	80180	2	*	*	*	*	100.0	4309033	*
D	80617	2	*	*	*	*	100.0	4313711	*
D	80756	2	*	*	*	*	100.0	4314921	*
D	81368	2	*	*	*	*	100.0	4321292	*
D	81425	2	*	*	*	*	100.0	4321932	*
D	81962	2	*	*	*	*	100.0	4327777	*
D	82033	2	*	*	*	*	100.0	4328515	*
D	82090	2	*	*	*	*	100.0	4329132	*
D	82237	2	*	*	*	*	100.0	4330939	*
D	82241	2	*	*	*	*	100.0	4331006	*
D	82717	2	*	*	*	*	100.0	4335815	*
D	83152	2	*	*	*	*	100.0	4340036	*
D	83206	2	*	*	*	*	100.0	4340587	*
D	83475	2	*	*	*	*	100.0	4342992	*
D	83531	2	*	*	*	*	100.0	4343580	*
D	84137	2	*	*	*	*	100.0	4350025	*
D	84210	2	*	*	*	*	100.0	4350788	*
D	84798	2	*	*	*	*	100.0	4357330	*
D	84958	2	*	*	*	*	100.0	4359056	*
D	84961	2	*	*	*	*	100.0	4359078	*
D	85618	2	*	*	*	*	100.0	4366060	*
D	85922	2	*	*	*	*	100.0	4369434	*
D	85980	2	*	*	*	*	100.0	4369988	*
D	86420	2	*	*	*	*	100.0	4374753	*
D	86442	2	*	*	*	*	100.0	4375000	*
D	86533	2	*	*	*	*	100.0	4375894	*
D	86561	2	*	*	*	*	100.0	4376272	*
D	86632	2	*	*	*	*	100.0	4377104	*
D	86873	2	*	*	*	*	100.0	4379449	*
D	87913	2	*	*	*	*	100.0	4390365	*
D	88257	2	*	*	*	*	100.0	4393745	*
D	88460	2	*	*	*	*	100.0	4396073	*
D	88944	2	*	*	*	*	100.0	4401374	*
D	89059	2	*	*	*	*	100.0	4402735	*
D	89219	2	*	*	*	*	100.0	4404187	*
D	89299	2	*	*	*	*	100.0	4405100	*
D	89592	3	*	*	*	*	100.0	4408129	*
D	89653	2	*	*	*	*	100.0	4408738	*
D	89867	2	*	*	*	*	100.0	4411138	*
D	89954	2	*	*	*	*	100.0	4412168	*
D	89956	2	*	*	*	*	100.0	4412187	*
D	90077	2	*	*	*	*	100.0	4413490	*
D	90138	2	*	*	*	*	100.0	4414044	*
D	90245	2	*	*	*	*	100.0	4415049	*
D	90643	2	*	*	*	*	100.0	4418945	*
D	90944	2	*	*	*	*	100.0	4421846	*
D	92434	2	*	*	*	*	100.0	4437364	*
D	92865	2	*	*	*	*	100.0	4441854	*
D	92895	2	*	*	*	*	100.0	4442170	*
D	93704	2	*	*	*	*	100.0	4451252	*
D	93773	2	*	*	*	*	100.0	4452050	*
D	93779	2	*	*	*	*	100.0	4452107	*
D	93782	2	*	*	*	*	100.0	4452146	*
D	94014	2	*	*	*	*	100.0	4454295	*
D	94577	2	*	*	*	*	100.0	4460263	*
D	94828	2	*	*	*	*	100.0	4463047	*
D	94906	2	*	*	*	*	100.0	4464173	*
D	95308	2	*	*	*	*	100.0	4468101	*
D	96029	2	*	*	*	*	100.0	4475758	*
D	96214	2	*	*	*	*	100.0	4477479	*
D	96421	2	*	*	*	*	100.0	4479603	*
D	96557	2	*	*	*	*	100.0	4480861	*
D	96806	2	*	*	*	*	100.0	4483570	*
D	96858	2	*	*	*	*	100.0	4484245	*
D	99217	2	*	*	*	*	100.0	4431375	*
