dataset	level	iteration	method	parameters	seq_id               	observed_taxonomy	expected_taxonomy	result	mismatch_level
F1-REF	6	2	uclust	1.0:0.9:5	EU819448	Root;Basidiomycota;Agaricomycetes;Agaricales;Tricholomataceae;Tricholoma;Tricholoma_sulphureum	Root;Basidiomycota;Agaricomycetes;Agaricales;Tricholomataceae;Tricholoma;Tricholoma_sulphureum	match	7
F1-REF	6	2	uclust	1.0:0.9:5	AF501559	Root;Basidiomycota;Agaricomycetes;Agaricales;Cortinariaceae;Gymnopilus	Root;Basidiomycota;Agaricomycetes;Agaricales;Cortinariaceae;Gymnopilus;Gymnopilus_sapineus	underclassification	6
F1-REF	6	2	uclust	1.0:0.9:5	HQ725080	Root;Ascomycota;Lecanoromycetes;Lecanorales;Parmeliaceae;Hypogymnia	Root;Ascomycota;Lecanoromycetes;Lecanorales;Parmeliaceae;Hypogymnia;Hypogymnia_macrospora	underclassification	6
F1-REF	6	2	uclust	1.0:0.9:5	AM888375	Root;Ascomycota;Sordariomycetes;Hypocreales;Hypocreaceae;Hypocrea;Hypocrea_lixii	Root;Ascomycota;Sordariomycetes;Hypocreales;Hypocreaceae;Trichoderma;Trichoderma_inhamatum	misclassification	5
F1-REF	6	2	uclust	1.0:0.9:5	HQ108033	Root;Ascomycota;Dothideomycetes;Pleosporales;Phaeosphaeriaceae;Ampelomyces;Ampelomyces_quisqualis	Root;Ascomycota;Dothideomycetes;Pleosporales;Phaeosphaeriaceae;Ampelomyces;Ampelomyces_quisqualis	match	7
F1-REF	6	2	uclust	1.0:0.9:5	AY061688	Root;Basidiomycota;Agaricomycetes;Russulales;Russulaceae;Russula;Russula_maculata	Root;Basidiomycota;Agaricomycetes;Russulales;Russulaceae;Russula;Russula_maculata	match	7
F1-REF	6	2	uclust	1.0:0.9:5	AY340012	Root;Basidiomycota;Agaricomycetes;Hymenochaetales;Hymenochaetaceae	Root;Basidiomycota;Agaricomycetes;Hymenochaetales;Hymenochaetaceae;Phellinus;Phellinus_hartigii	underclassification	5
F1-REF	6	2	uclust	1.0:0.9:5	GU138702	Root;Ascomycota;Leotiomycetes;Rhytismatales;Rhytismataceae	Root;Ascomycota;Leotiomycetes;Rhytismatales;Rhytismataceae;Lophodermium;Lophodermium_kumaunicum	underclassification	5
F1-REF	6	2	uclust	1.0:0.9:5	FJ594063	Unassigned	Root;Basidiomycota;Agaricomycetes;Polyporales;Meruliaceae;Phlebia;Phlebia_lindtneri	misclassification	0
F1-REF	6	2	uclust	1.0:0.9:5	FJ205469	Root;Ascomycota;Sordariomycetes;Xylariales;Xylariaceae;Xylaria	Root;Ascomycota;Sordariomycetes;Xylariales;Xylariaceae;Xylaria;Xylaria_arbuscula	underclassification	6
F1-REF	6	2	uclust	1.0:0.9:5	FJ643076	Root;Ascomycota;Sordariomycetes;Hypocreales;Cordycipitaceae;Torrubiella;Lecanicillium_lecanii	Root;Ascomycota;Sordariomycetes;Hypocreales;Cordycipitaceae;Torrubiella;Lecanicillium_lecanii	match	7
F1-REF	6	2	uclust	1.0:0.9:5	AF492112	Root;Ascomycota;Taphrinomycetes;Taphrinales;Taphrinaceae;Taphrina	Root;Ascomycota;Taphrinomycetes;Taphrinales;Taphrinaceae;Taphrina;Taphrina_pruni	underclassification	6
F1-REF	6	2	uclust	1.0:0.9:5	DQ384577	Root;Basidiomycota;Agaricomycetes;Boletales;Paxillaceae;Alpova;Alpova_diplophloeus	Root;Basidiomycota;Agaricomycetes;Boletales;Paxillaceae;Alpova;Alpova_diplophloeus	match	7
F1-REF	6	2	uclust	1.0:0.9:5	AJ309335	Root;Ascomycota;Sordariomycetes;Hypocreales;Ophiocordycipitaceae	Root;Ascomycota;Sordariomycetes;Hypocreales;Ophiocordycipitaceae;Ophiocordyceps;Ophiocordyceps_robertsii	underclassification	5
F1-REF	6	2	uclust	1.0:0.9:5	DQ497616	Root;Ascomycota;Taphrinomycetes;Taphrinales;Taphrinaceae;Taphrina	Root;Ascomycota;Taphrinomycetes;Taphrinales;Taphrinaceae;Taphrina;Taphrina_wiesneri	underclassification	6
F1-REF	6	2	uclust	1.0:0.9:5	EU670232	Root;Ascomycota;Lecanoromycetes;Teloschistales;Physciaceae;Physconia	Root;Ascomycota;Lecanoromycetes;Teloschistales;Physciaceae;Physconia;Physconia_detersa	underclassification	6
F1-REF	6	2	uclust	1.0:0.9:5	HQ234597	Root;Ascomycota;Lecanoromycetes;Teloschistales;Teloschistaceae;Caloplaca;Caloplaca_conversa	Root;Ascomycota;Lecanoromycetes;Teloschistales;Teloschistaceae;Caloplaca;Caloplaca_conversa	match	7
F1-REF	6	2	uclust	1.0:0.9:5	AF487275	Root;Ascomycota;Sordariomycetes;Hypocreales;Clavicipitaceae;Metarhizium;Metarhizium_globosum	Root;Ascomycota;Sordariomycetes;Hypocreales;Clavicipitaceae;Metarhizium;Metarhizium_acridum	misclassification	6
F1-REF	6	2	uclust	1.0:0.9:5	FJ538318	Root;Ascomycota;Dothideomycetes	Root;Ascomycota;Dothideomycetes;Capnodiales;Mycosphaerellaceae;Guignardia;Guignardia_citricarpa	underclassification	3
F1-REF	6	2	uclust	1.0:0.9:5	AB080512	Root;Ascomycota;Leotiomycetes;Erysiphales;Erysiphaceae;Phyllactinia;Phyllactinia_guttata	Root;Ascomycota;Leotiomycetes;Erysiphales;Erysiphaceae;Phyllactinia;Phyllactinia_guttata	match	7
F1-REF	6	2	uclust	1.0:0.9:5	FJ645261	Unassigned	Root;Ascomycota;Eurotiomycetes;Verrucariales;Verrucariaceae;Bagliettoa;Verrucaria_baldensis	misclassification	0
F1-REF	6	2	uclust	1.0:0.9:5	GU300790	Root;Ascomycota;Lecanoromycetes;Lecanorales;Parmeliaceae;Pseudevernia;Pseudevernia_furfuracea	Root;Ascomycota;Lecanoromycetes;Lecanorales;Parmeliaceae;Pseudevernia;Pseudevernia_furfuracea	match	7
F1-REF	6	2	uclust	1.0:0.9:5	FJ473426	Root;Ascomycota;Dothideomycetes;Capnodiales;Mycosphaerellaceae;Cercospora	Root;Ascomycota;Dothideomycetes;Capnodiales;Mycosphaerellaceae;Cercospora;Cercospora_beticola	underclassification	6
F1-REF	6	2	uclust	1.0:0.9:5	AF241516	Root;Basidiomycota;Agaricomycetes;Agaricales;Tricholomataceae;Tricholoma;Tricholoma_lascivum	Root;Basidiomycota;Agaricomycetes;Agaricales;Tricholomataceae;Tricholoma;Tricholoma_album	misclassification	6
F1-REF	6	2	uclust	1.0:0.9:5	EU784429	Root;Ascomycota;Pezizomycetes;Pezizales;Tuberaceae;Tuber	Root;Ascomycota;Pezizomycetes;Pezizales;Tuberaceae;Tuber;Tuber_rapaeodorum	underclassification	6
F1-REF	6	2	uclust	1.0:0.9:5	EF126366	Unassigned	Root;Basidiomycota;Tremellomycetes;Filobasidiales;Filobasidiaceae;Cryptococcus;Cryptococcus_magnus	misclassification	0
F1-REF	6	2	uclust	1.0:0.9:5	EF136366	Root;Ascomycota;Eurotiomycetes;Eurotiales;Trichocomaceae;Penicillium	Root;Ascomycota;Eurotiomycetes;Eurotiales;Trichocomaceae;Penicillium;Penicillium_thiersii	underclassification	6
F1-REF	6	2	uclust	1.0:0.9:5	HQ680352	Root;Basidiomycota;Agaricomycetes;Cantharellales;Clavulinaceae;Clavulina;Clavulina_sprucei	Root;Basidiomycota;Agaricomycetes;Cantharellales;Clavulinaceae;Clavulina;Clavulina_sprucei	match	7
F1-REF	6	2	uclust	1.0:0.9:5	EU029943	Root;Basidiomycota;Agaricomycetes	Root;Basidiomycota;Agaricomycetes;Agaricales;Strophariaceae;Stropharia;Stropharia_semiglobata	underclassification	3
F1-REF	6	2	uclust	1.0:0.9:5	EF560678	Root;Basidiomycota;Agaricomycetes;Russulales;Russulaceae;Lactarius	Root;Basidiomycota;Agaricomycetes;Russulales;Russulaceae;Lactarius;Lactarius_oomsisiensis	underclassification	6
F1-REF	6	2	uclust	1.0:0.9:5	AF210675	Root;Ascomycota;Sordariomycetes;Hypocreales;Bionectriaceae	Root;Ascomycota;Sordariomycetes;Hypocreales;Bionectriaceae;Bionectria;Bionectria_epichloe	underclassification	5
F1-REF	6	2	uclust	1.0:0.9:5	EU589152	Root;Ascomycota;Sordariomycetes;Hypocreales	Root;Ascomycota;Sordariomycetes;Hypocreales;Bionectriaceae;Bionectria;Bionectria_ochroleuca	underclassification	4
F1-REF	6	2	uclust	1.0:0.9:5	UDB002355	Root;Basidiomycota;Agaricomycetes;Agaricales;Amanitaceae;Limacella;Limacella_glioderma	Root;Basidiomycota;Agaricomycetes;Agaricales;Amanitaceae;Limacella;Limacella_delicata	misclassification	6
F1-REF	6	2	uclust	1.0:0.9:5	EF493295	Root;Basidiomycota;Agaricomycetes;Russulales;Russulaceae;Lactarius	Root;Basidiomycota;Agaricomycetes;Russulales;Russulaceae;Lactarius;Lactarius_mitissimus	underclassification	6
F1-REF	6	2	uclust	1.0:0.9:5	EF493291	Root;Basidiomycota;Agaricomycetes;Russulales;Russulaceae;Lactarius	Root;Basidiomycota;Agaricomycetes;Russulales;Russulaceae;Lactarius;Lactarius_evosmus	underclassification	6
F1-REF	6	2	uclust	1.0:0.9:5	EF493293	Root;Basidiomycota;Agaricomycetes;Russulales;Russulaceae;Lactarius	Root;Basidiomycota;Agaricomycetes;Russulales;Russulaceae;Lactarius;Lactarius_tabidus	underclassification	6
F1-REF	6	2	uclust	1.0:0.9:5	HQ171226	Unassigned	Root;Ascomycota;Lecanoromycetes;Lecanorales;Hymeneliaceae;Aspicilia;Aspicilia_fruticulosa	misclassification	0
F1-REF	6	2	uclust	1.0:0.9:5	FJ786401	Root;Ascomycota;Dothideomycetes	Root;Ascomycota;Dothideomycetes;Pleosporales;Dothidotthiaceae;Spencermartinsia;Spencermartinsia_viticola	underclassification	3
F1-REF	6	2	uclust	1.0:0.9:5	GU234147	Root;Basidiomycota;Agaricomycetes;Russulales;Russulaceae	Root;Basidiomycota;Agaricomycetes;Russulales;Russulaceae;Lactarius;Lactarius_uvidus	underclassification	5
F1-REF	6	2	uclust	1.0:0.9:5	AB054041	Unassigned	Root;Ascomycota;Schizosaccharomycetes;Schizosaccharomycetales;Schizosaccharomycetaceae;Schizosaccharomyces;Schizosaccharomyces_pombe	misclassification	0
F1-REF	6	2	uclust	1.0:0.9:5	HQ650619	Root;Ascomycota;Lecanoromycetes;Lecanorales;Psoraceae;Psora;Psora_decipiens	Root;Ascomycota;Lecanoromycetes;Lecanorales;Psoraceae;Psora;Psora_decipiens	match	7
F1-REF	6	2	uclust	1.0:0.9:5	AF310169	Root;Basidiomycota;Exobasidiomycetes;Tilletiales;Tilletiaceae;Tilletia	Root;Basidiomycota;Exobasidiomycetes;Tilletiales;Tilletiaceae;Tilletia;Tilletia_barclayana	underclassification	6
F1-REF	6	2	uclust	1.0:0.9:5	FJ713078	Unassigned	Root;Basidiomycota;Agaricomycetes;Agaricales;Psathyrellaceae;Coprinopsis;Coprinopsis_cinerea	misclassification	0
F1-REF	6	2	uclust	1.0:0.9:5	GU234022	Root;Basidiomycota;Agaricomycetes;Agaricales;Marasmiaceae;Gymnopus;Gymnopus_alkalivirens	Root;Basidiomycota;Agaricomycetes;Agaricales;Marasmiaceae;Gymnopus;Gymnopus_alkalivirens	match	7
F1-REF	6	2	uclust	1.0:0.9:5	GU134172	Root;Ascomycota;Sordariomycetes;Ophiostomatales;Ophiostomataceae;Ophiostoma	Root;Ascomycota;Sordariomycetes;Ophiostomatales;Ophiostomataceae;Ophiostoma;Ophiostoma_minus	underclassification	6
F1-REF	6	2	uclust	1.0:0.9:5	FJ157040	Root;Basidiomycota;Agaricomycetes;Agaricales;Cortinariaceae;Cortinarius;Cortinarius_cyanites	Root;Basidiomycota;Agaricomycetes;Agaricales;Cortinariaceae;Cortinarius;Cortinarius_cyanites	match	7
F1-REF	6	2	uclust	1.0:0.9:5	EU785399	Root;Ascomycota;Sordariomycetes;Ophiostomatales;Ophiostomataceae;Leptographium	Root;Ascomycota;Sordariomycetes;Ophiostomatales;Ophiostomataceae;Leptographium;Leptographium_procerum	underclassification	6
F1-REF	6	2	uclust	1.0:0.9:5	HM347652	Unassigned	Root;Basidiomycota;Agaricomycetes;Boletales;Boletaceae;Boletus;Boletus_fechtneri	misclassification	0
F1-REF	6	2	uclust	1.0:0.9:5	JF922031	Root;Ascomycota;Eurotiomycetes	Root;Ascomycota;Eurotiomycetes;Eurotiales;Thermoascaceae;Thermoascus;Thermoascus_crustaceus	underclassification	3
F1-REF	6	2	uclust	1.0:0.9:5	FJ375333	Root;Basidiomycota;Agaricomycetes;Agaricales;Amanitaceae;Amanita	Root;Basidiomycota;Agaricomycetes;Agaricales;Amanitaceae;Amanita;Amanita_orientifulva	underclassification	6
F1-REF	6	2	uclust	1.0:0.9:5	EU852799	Unassigned	Root;Ascomycota;Pezizomycetes;Pezizales;Pyronemataceae;Otidea;Otidea_smithii	misclassification	0
F1-REF	6	2	uclust	1.0:0.9:5	EF592116	Root;Basidiomycota;Microbotryomycetes;Sporidiobolales;Sporidiobolaceae;Sporidiobolus;Sporidiobolus_salmonicolor	Root;Basidiomycota;Microbotryomycetes;Sporidiobolales;Sporidiobolaceae;Sporidiobolus;Sporidiobolus_salmonicolor	match	7
F1-REF	6	2	uclust	1.0:0.9:5	JN182869	Unassigned	Root;Basidiomycota;Agaricomycetes;Boletales;Boletaceae;Tylopilus;Tylopilus_felleus	misclassification	0
F1-REF	6	2	uclust	1.0:0.9:5	JN942224	Root;Basidiomycota;Microbotryomycetes;Microbotryales;Microbotryaceae;Microbotryum	Root;Basidiomycota;Microbotryomycetes;Microbotryales;Microbotryaceae;Microbotryum;Microbotryum_dianthorum	underclassification	6
F1-REF	6	2	uclust	1.0:0.9:5	JN021546	Unassigned	Root;Ascomycota;Dothideomycetes;Pleosporales;Montagnulaceae;Paraconiothyrium;Paraconiothyrium_cyclothyrioides	misclassification	0
F1-REF	6	2	uclust	1.0:0.9:5	EF568065	Root;Ascomycota;Saccharomycetes;Saccharomycetales;Saccharomycetaceae;Kuraishia;Kuraishia_capsulata	Root;Ascomycota;Saccharomycetes;Saccharomycetales;Saccharomycetaceae;Kuraishia;Kuraishia_capsulata	match	7
F1-REF	6	2	uclust	1.0:0.9:5	AY219365	Root;Basidiomycota;Agaricomycetes;Polyporales	Root;Basidiomycota;Agaricomycetes;Polyporales;Meruliaceae;Phlebia;Phlebia_subserialis	underclassification	4
F1-REF	6	2	uclust	1.0:0.9:5	EU070911	Root;Ascomycota;Sordariomycetes;Phyllachorales;Phyllachoraceae;Colletotrichum	Root;Ascomycota;Sordariomycetes;Phyllachorales;Phyllachoraceae;Colletotrichum;Colletotrichum_destructivum	underclassification	6
F1-REF	6	2	uclust	1.0:0.9:5	FJ039634	Root;Basidiomycota;Agaricomycetes;Agaricales;Cortinariaceae	Root;Basidiomycota;Agaricomycetes;Agaricales;Cortinariaceae;Cortinarius;Cortinarius_allutus	underclassification	5
F1-REF	6	2	uclust	1.0:0.9:5	GU214627	Root;Ascomycota;Dothideomycetes;Capnodiales;Teratosphaeriaceae	Root;Ascomycota;Dothideomycetes;Capnodiales;Teratosphaeriaceae;Catenulostroma;Catenulostroma_protearum	underclassification	5
F1-REF	6	2	uclust	1.0:0.9:5	AY218427	Root;Basidiomycota;Agaricomycetes;Polyporales;Sparassidaceae;Sparassis;Sparassis_crispa	Root;Basidiomycota;Agaricomycetes;Polyporales;Sparassidaceae;Sparassis;Sparassis_crispa	match	7
F1-REF	6	2	uclust	1.0:0.9:5	HQ650628	Root;Ascomycota;Lecanoromycetes;Teloschistales;Physciaceae;Amandinea;Rinodina_cacuminum	Root;Ascomycota;Lecanoromycetes;Teloschistales;Physciaceae;Buellia;Buellia_frigida	misclassification	5
F1-REF	6	2	uclust	1.0:0.9:5	AF345654	Root;Basidiomycota;Agaricomycetes;Agaricales;Strophariaceae;Pholiota;Pholiota_lenta	Root;Basidiomycota;Agaricomycetes;Agaricales;Strophariaceae;Pholiota;Pholiota_spumosa	misclassification	6
F1-REF	6	2	uclust	1.0:0.9:5	AF418623	Root;Basidiomycota;Agaricomycetes;Russulales;Russulaceae;Russula	Root;Basidiomycota;Agaricomycetes;Russulales;Russulaceae;Russula;Russula_cavipes	underclassification	6
F1-REF	6	2	uclust	1.0:0.9:5	AM087246	Unassigned	Root;Basidiomycota;Agaricomycetes;Cantharellales;Hydnaceae;Hydnum;Hydnum_rufescens	misclassification	0
F1-REF	6	2	uclust	1.0:0.9:5	FJ168580	Root;Basidiomycota;Agaricomycetes;Agaricales;Bolbitiaceae;Hebeloma	Root;Basidiomycota;Agaricomycetes;Agaricales;Bolbitiaceae;Hebeloma;Hebeloma_mesophaeum	underclassification	6
F1-REF	6	2	uclust	1.0:0.9:5	UDB000774	Root;Basidiomycota;Tremellomycetes;Tremellales;Exidiaceae;Sebacina;Sebacina_incrustans	Root;Basidiomycota;Tremellomycetes;Tremellales;Exidiaceae;Sebacina;Sebacina	misclassification	6
F1-REF	6	2	uclust	1.0:0.9:5	EF192226	Root;Ascomycota;Saccharomycetes;Saccharomycetales;Saccharomycetaceae;Debaryomyces	Root;Ascomycota;Saccharomycetes;Saccharomycetales;Saccharomycetaceae;Debaryomyces;Debaryomyces_hansenii	underclassification	6
F1-REF	6	2	uclust	1.0:0.9:5	AY498687	Unassigned	Root;Ascomycota;Lecanoromycetes;Teloschistales;Physciaceae;Heterodermia;Heterodermia_japonica	misclassification	0
F1-REF	6	2	uclust	1.0:0.9:5	EF121861	Root;Ascomycota;Sordariomycetes;Hypocreales;Nectriaceae	Root;Ascomycota;Sordariomycetes;Hypocreales;Nectriaceae;Cosmospora;Cosmospora_consors	underclassification	5
F1-REF	6	2	uclust	1.0:0.9:5	DQ681328	Root;Ascomycota;Eurotiomycetes;Eurotiales;Trichocomaceae;Penicillium;Penicillium_erythromellis	Root;Ascomycota;Eurotiomycetes;Eurotiales;Trichocomaceae;Penicillium;Penicillium_purpurogenum	misclassification	6
F1-REF	6	2	uclust	1.0:0.9:5	EF121862	Root;Ascomycota;Sordariomycetes;Hypocreales;Nectriaceae	Root;Ascomycota;Sordariomycetes;Hypocreales;Nectriaceae;Lanatonectria;Lanatonectria_flavolanata	underclassification	5
F1-REF	6	2	uclust	1.0:0.9:5	HM190086	Root;Basidiomycota;Agaricomycetes;Boletales;Boletaceae;Boletus	Root;Basidiomycota;Agaricomycetes;Boletales;Boletaceae;Boletus;Xerocomus_porosporus	underclassification	6
F1-REF	6	2	uclust	1.0:0.9:5	EF121866	Unassigned	Root;Ascomycota;Sordariomycetes;Hypocreales;Nectriaceae;Neonectria;Neonectria_veuillotiana	misclassification	0
F1-REF	6	2	uclust	1.0:0.9:5	UDB011365	Root;Basidiomycota;Agaricomycetes;Russulales;Russulaceae;Russula;Russula_romellii	Root;Basidiomycota;Agaricomycetes;Russulales;Russulaceae;Russula;Russula_romellii	match	7
F1-REF	6	2	uclust	1.0:0.9:5	AM263356	Root;Basidiomycota;Agaricomycetes;Thelephorales;Bankeraceae;Hydnellum;Hydnellum_peckii	Root;Basidiomycota;Agaricomycetes;Thelephorales;Bankeraceae;Hydnellum;Hydnellum_peckii	match	7
F1-REF	6	2	uclust	1.0:0.9:5	AY558652	Root;Basidiomycota;Agaricomycetes;Hymenochaetales;Hymenochaetaceae;Phellinus	Root;Basidiomycota;Agaricomycetes;Hymenochaetales;Hymenochaetaceae;Phellinus;Phellinus_tuberculosus	underclassification	6
F1-REF	6	2	uclust	1.0:0.9:5	EU486452	Root;Basidiomycota;Agaricomycetes;Russulales;Russulaceae;Russula	Root;Basidiomycota;Agaricomycetes;Russulales;Russulaceae;Russula;Russula_cremoricolor	underclassification	6
F1-REF	6	2	uclust	1.0:0.9:5	EF585519	Root;Ascomycota;Dothideomycetes;Botryosphaeriales;Botryosphaeriaceae	Root;Ascomycota;Dothideomycetes;Botryosphaeriales;Botryosphaeriaceae;Neofusicoccum;Neofusicoccum_mangiferae	underclassification	5
F1-REF	6	2	uclust	1.0:0.9:5	EF185083	Root;Basidiomycota;Ustilaginomycetes;Ustilaginales;Ustilaginaceae;Sporisorium	Root;Basidiomycota;Ustilaginomycetes;Ustilaginales;Ustilaginaceae;Sporisorium;Sporisorium_scitamineum	underclassification	6
F1-REF	6	2	uclust	1.0:0.9:5	EU591956	Root;Basidiomycota;Agaricomycetes;Agaricales;Psathyrellaceae;Coprinopsis;Coprinopsis_urticicola	Root;Basidiomycota;Agaricomycetes;Agaricales;Psathyrellaceae;Coprinopsis;Coprinopsis_macrocephala	misclassification	6
F1-REF	6	2	uclust	1.0:0.9:5	DQ683018	Root;Ascomycota;Saccharomycetes;Saccharomycetales	Root;Ascomycota;Saccharomycetes;Saccharomycetales;Pichiaceae;Pichia;Pichia_guilliermondii	underclassification	4
F1-REF	6	2	uclust	1.0:0.9:5	AY046162	Unassigned	Root;Ascomycota;Saccharomycetes;Saccharomycetales;Saccharomycetaceae;Kazachstania;Kazachstania_viticola	misclassification	0
F1-REF	6	2	uclust	1.0:0.9:5	FJ810176	Root;Basidiomycota;Agaricomycetes;Polyporales;Polyporaceae;Trametes	Root;Basidiomycota;Agaricomycetes;Polyporales;Polyporaceae;Trametes;Trametes_suaveolens	underclassification	6
F1-REF	6	2	uclust	1.0:0.9:5	EU784201	Unassigned	Root;Basidiomycota;Agaricomycetes;Agaricales;Entolomataceae;Entoloma;Entoloma_anatinum	misclassification	0
F1-REF	6	2	uclust	1.0:0.9:5	AB469378	Root;Ascomycota;Saccharomycetes;Saccharomycetales;Saccharomycetaceae;Torulaspora	Root;Ascomycota;Saccharomycetes;Saccharomycetales;Saccharomycetaceae;Torulaspora;Torulaspora_delbrueckii	underclassification	6
F1-REF	6	2	uclust	1.0:0.9:5	AY061724	Root;Basidiomycota;Agaricomycetes;Russulales;Russulaceae;Russula	Root;Basidiomycota;Agaricomycetes;Russulales;Russulaceae;Russula;Russula_vinosa	underclassification	6
F1-REF	6	2	uclust	1.0:0.9:5	EU982643	Unassigned	Root;Ascomycota;Lecanoromycetes;Peltigerales;Collemataceae;Leptogium;Leptogium_furfuraceum	misclassification	0
F1-REF	6	2	uclust	1.0:0.9:5	JQ256427	Root;Ascomycota;Leotiomycetes;Helotiales;Geoglossaceae;Microglossum	Root;Ascomycota;Leotiomycetes;Helotiales;Geoglossaceae;Thuemenidium;Thuemenidium_atropurpureum	misclassification	5
F1-REF	6	2	uclust	1.0:0.9:5	HM005147	Root;Basidiomycota;Agaricomycetes;Agaricales;Physalacriaceae;Protoxerula_flavo_olivacea;Protoxerula_flavo_olivacea	Root;Basidiomycota;Agaricomycetes;Agaricales;Physalacriaceae;Protoxerula_flavo_olivacea;Protoxerula_flavo_olivacea	match	7
F1-REF	6	2	uclust	1.0:0.9:5	DQ139996	Root;Basidiomycota;Agaricomycetes;Agaricales;Cortinariaceae;Cortinarius	Root;Basidiomycota;Agaricomycetes;Agaricales;Cortinariaceae;Cortinarius;Cortinarius_neofurvolaesus	underclassification	6
F1-REF	6	2	uclust	1.0:0.9:5	JN198423	Root;Ascomycota;Eurotiomycetes;Eurotiales;Trichocomaceae	Root;Ascomycota;Eurotiomycetes;Eurotiales;Trichocomaceae;Penicillium;Penicillium_miczynskii	underclassification	5
F1-REF	6	2	uclust	1.0:0.9:5	FM878021	Unassigned	Root;Basidiomycota;Agaricomycetes;Agaricales;Psathyrellaceae;Coprinopsis;Coprinopsis_marcescibilis	misclassification	0
F1-REF	6	2	uclust	1.0:0.9:5	AF357601	Unassigned	Root;Basidiomycota;Agaricomycetes;Hymenochaetales;Hymenochaetaceae;Inonotus;Inonotus_linteus	misclassification	0
F1-REF	6	2	uclust	1.0:0.9:5	GU222266	Root;Basidiomycota;Agaricomycetes;Polyporales;Meripilaceae;Grifola;Grifola_sordulenta	Root;Basidiomycota;Agaricomycetes;Polyporales;Meripilaceae;Grifola;Grifola_sordulenta	match	7
F1-REF	6	2	uclust	1.0:0.9:5	DQ402537	Root;Basidiomycota;Tremellomycetes;Filobasidiales;Filobasidiaceae;Cryptococcus	Root;Basidiomycota;Tremellomycetes;Filobasidiales;Filobasidiaceae;Cryptococcus;Cryptococcus_saitoi	underclassification	6
F1-REF	6	2	uclust	1.0:0.9:5	DQ192180	Root;Basidiomycota;Agaricomycetes;Agaricales;Hygrophoraceae;Chrysomphalina;Chrysomphalina_chrysophylla	Root;Basidiomycota;Agaricomycetes;Agaricales;Hygrophoraceae;Chrysomphalina;Chrysomphalina_chrysophylla	match	7
F1-REF	6	2	uclust	1.0:0.9:5	EF535707	Root;Ascomycota;Dothideomycetes;Capnodiales;Mycosphaerellaceae	Root;Ascomycota;Dothideomycetes;Capnodiales;Mycosphaerellaceae;Phaeoisariopsis;Phaeoisariopsis_griseola	underclassification	5
F1-REF	6	2	uclust	1.0:0.9:5	AF201713	Root;Ascomycota;Sordariomycetes;Xylariales;Xylariaceae	Root;Ascomycota;Sordariomycetes;Xylariales;Xylariaceae;Entoleuca;Entoleuca_mammata	underclassification	5
F1-REF	6	2	uclust	1.0:0.9:5	AY340059	Root;Basidiomycota;Agaricomycetes;Hymenochaetales;Hymenochaetaceae;Phellinus	Root;Basidiomycota;Agaricomycetes;Hymenochaetales;Hymenochaetaceae;Phellinus;Phellinus_lundellii	underclassification	6
F1-REF	6	2	uclust	1.0:0.9:5	FJ914798	Root;Ascomycota;Lecanoromycetes;Lecanorales;Parmeliaceae	Root;Ascomycota;Lecanoromycetes;Lecanorales;Parmeliaceae;Flavocetraria;Flavocetraria_cucullata	underclassification	5
F1-REF	6	2	uclust	1.0:0.9:5	AB015696	Root;Basidiomycota;Agaricomycetes;Agaricales;Amanitaceae;Amanita	Root;Basidiomycota;Agaricomycetes;Agaricales;Amanitaceae;Amanita;Amanita_flavipes	underclassification	6
F1-REF	6	2	uclust	1.0:0.9:5	AB566325	Unassigned	Root;Ascomycota;Eurotiomycetes;Chaetothyriales;Herpotrichiellaceae;Cladophialophora;Cladophialophora_carrionii	misclassification	0
F1-REF	6	2	uclust	1.0:0.9:5	EU030345	Root;Ascomycota;Sordariomycetes;Xylariales;Amphisphaeriaceae;Pestalotiopsis	Root;Ascomycota;Sordariomycetes;Xylariales;Amphisphaeriaceae;Pestalotiopsis;Pestalotiopsis_photiniae	underclassification	6
F1-REF	6	2	uclust	1.0:0.9:5	FJ664581	Unassigned	Root;Basidiomycota;Agaricomycetes;Agaricales;Marasmiaceae;Armillaria;Armillaria_ectypa	misclassification	0
F1-REF	6	2	uclust	1.0:0.9:5	AB077621	Root;Ascomycota;Leotiomycetes;Erysiphales;Erysiphaceae;Golovinomyces	Root;Ascomycota;Leotiomycetes;Erysiphales;Erysiphaceae;Golovinomyces;Golovinomyces_magnicellulatus	underclassification	6
F1-REF	6	2	uclust	1.0:0.9:5	GU295946	Root;Ascomycota;Sordariomycetes;Sordariales;Chaetomiaceae;Chaetomium;Chaetomium_globosum	Root;Ascomycota;Sordariomycetes;Sordariales;Chaetomiaceae;Chaetomium;Chaetomium_globosum	match	7
F1-REF	6	2	uclust	1.0:0.9:5	AF405301	Root;Ascomycota;Sordariomycetes;Xylariales;Amphisphaeriaceae	Root;Ascomycota;Sordariomycetes;Xylariales;Amphisphaeriaceae;Bartalinia;Bartalinia_robillardoides	underclassification	5
F1-REF	6	2	uclust	1.0:0.9:5	AM981252	Root;Basidiomycota;Agaricomycetes;Polyporales;Polyporaceae;Trametes;Trametes_gibbosa	Root;Basidiomycota;Agaricomycetes;Polyporales;Polyporaceae;Trametes;Trametes_gibbosa	match	7
F1-REF	6	2	uclust	1.0:0.9:5	AM981250	Root;Basidiomycota;Agaricomycetes;Polyporales;Polyporaceae;Trametes;Trametes_pubescens	Root;Basidiomycota;Agaricomycetes;Polyporales;Polyporaceae;Trametes;Trametes_versicolor	misclassification	6
F1-REF	6	2	uclust	1.0:0.9:5	AY789408	Root;Ascomycota;Leotiomycetes;Helotiales;Rutstroemiaceae;Scleromitrula;Scleromitrula_shiraiana	Root;Ascomycota;Leotiomycetes;Helotiales;Rutstroemiaceae;Scleromitrula;Scleromitrula_shiraiana	match	7
F1-REF	6	2	uclust	1.0:0.9:5	AF320634	Root;Glomeromycota;Glomeromycetes;Diversisporales;Acaulosporaceae;Acaulospora;Acaulospora_colossica	Root;Glomeromycota;Glomeromycetes;Diversisporales;Acaulosporaceae;Acaulospora;Acaulospora_colossica	match	7
F1-REF	6	2	uclust	1.0:0.9:5	GU062284	Root;Ascomycota;Sordariomycetes;Xylariales;Xylariaceae;Annulohypoxylon;Annulohypoxylon_multiforme	Root;Ascomycota;Sordariomycetes;Xylariales;Xylariaceae;Annulohypoxylon;Annulohypoxylon_multiforme	match	7
F1-REF	6	2	uclust	1.0:0.9:5	HM107422	Root;Ascomycota;Dothideomycetes;Botryosphaeriales;Botryosphaeriaceae;Thyrostroma;Thyrostroma_carpophilum	Root;Ascomycota;Dothideomycetes;Botryosphaeriales;Botryosphaeriaceae;Thyrostroma;Thyrostroma_carpophilum	match	7
F1-REF	6	2	uclust	1.0:0.9:5	AF163041	Root;Ascomycota;Sordariomycetes;Xylariales;Xylariaceae;Xylaria	Root;Ascomycota;Sordariomycetes;Xylariales;Xylariaceae;Xylaria;Xylaria_polymorpha	underclassification	6
F1-REF	6	2	uclust	1.0:0.9:5	JN547260	Unassigned	Root;Basidiomycota;Agaricomycetes;Agaricales;Marasmiaceae;Marasmius;Marasmius_rotula	misclassification	0
F1-REF	6	2	uclust	1.0:0.9:5	JF710504	Root;Ascomycota	Root;Ascomycota;Dothideomycetes;Pleosporales;Pleosporaceae;Alternaria;Alternaria_brassicae	underclassification	2
F1-REF	6	2	uclust	1.0:0.9:5	DQ872370	Root;Ascomycota;Sordariomycetes;Hypocreales;Cordycipitaceae;Engyodontium;Engyodontium_album	Root;Ascomycota;Sordariomycetes;Hypocreales;Cordycipitaceae;Engyodontium;Engyodontium_album	match	7
F1-REF	6	2	uclust	1.0:0.9:5	AJ222626	Root;Ascomycota;Eurotiomycetes;Onygenales;Arthrodermataceae;Trichophyton	Root;Ascomycota;Eurotiomycetes;Onygenales;Arthrodermataceae;Trichophyton;Trichophyton_soudanense	underclassification	6
F1-REF	6	2	uclust	1.0:0.9:5	HM856642	Root;Ascomycota;Sordariomycetes;Hypocreales	Root;Ascomycota;Sordariomycetes;Hypocreales;Ophiocordycipitaceae;Ophiocordyceps;Ophiocordyceps_neovolkiana	underclassification	4
F1-REF	6	2	uclust	1.0:0.9:5	EU559018	Root;Ascomycota;Sordariomycetes;Hypocreales;Clavicipitaceae;Claviceps;Claviceps_purpurea	Root;Ascomycota;Sordariomycetes;Hypocreales;Clavicipitaceae;Claviceps;Claviceps_purpurea	match	7
F1-REF	6	2	uclust	1.0:0.9:5	AF377075	Unassigned	Root;Basidiomycota;Agaricomycetes;Gomphales;Gomphaceae;Gautieria;Gautieria_monticola	misclassification	0
F1-REF	6	2	uclust	1.0:0.9:5	AJ302468	Root;Ascomycota;Sordariomycetes;Xylariales;Diatrypaceae;Eutypella;Eutypella_cerviculata	Root;Ascomycota;Sordariomycetes;Xylariales;Diatrypaceae;Eutypella;Eutypella_cerviculata	match	7
F1-REF	6	2	uclust	1.0:0.9:5	HQ384310	Unassigned	Root;Basidiomycota;Agaricomycetes;Agaricales;Bolbitiaceae;Agrocybe;Agrocybe_salicacicola	misclassification	0
F1-REF	6	2	uclust	1.0:0.9:5	EU583422	Root;Basidiomycota;Agaricomycetes;Hymenochaetales;Schizoporaceae;Hyphodontia	Root;Basidiomycota;Agaricomycetes;Hymenochaetales;Schizoporaceae;Hyphodontia;Hyphodontia_niemelaei	underclassification	6
F1-REF	6	2	uclust	1.0:0.9:5	FJ455097	Root;Ascomycota;Pezizomycetes;Pezizales;Tuberaceae;Tuber	Root;Ascomycota;Pezizomycetes;Pezizales;Tuberaceae;Tuber;Tuber_indicum	underclassification	6
F1-REF	6	2	uclust	1.0:0.9:5	EU784302	Unassigned	Root;Basidiomycota;Agaricomycetes;Agaricales;Hygrophoraceae;Hygrocybe;Hygrocybe_flavipes	misclassification	0
F1-REF	6	2	uclust	1.0:0.9:5	DQ534463	Root;Ascomycota;Lecanoromycetes;Lecanorales;Cladoniaceae;Cladonia	Root;Ascomycota;Lecanoromycetes;Lecanorales;Cladoniaceae;Cladonia;Cladonia_pyxidata	underclassification	6
F1-REF	6	2	uclust	1.0:0.9:5	EU930087	Unassigned	Root;Basidiomycota;Pucciniomycetes;Pucciniales;Phakopsoraceae;Phakopsora;Phakopsora_pachyrhizi	misclassification	0
F1-REF	6	2	uclust	1.0:0.9:5	UDB001221	Root;Basidiomycota;Agaricomycetes;Agaricales;Tricholomataceae;Tricholoma;Tricholoma_fucatum	Root;Basidiomycota;Agaricomycetes;Agaricales;Tricholomataceae;Tricholoma;Tricholoma_fucatum	match	7
F1-REF	6	2	uclust	1.0:0.9:5	EU784265	Root;Basidiomycota;Agaricomycetes;Russulales;Hericiaceae;Hericium;Hericium_erinaceum	Root;Basidiomycota;Agaricomycetes;Russulales;Hericiaceae;Hericium;Hericium_erinaceum	match	7
F1-REF	6	2	uclust	1.0:0.9:5	DQ350136	Root;Ascomycota;Leotiomycetes;Erysiphales;Erysiphaceae	Root;Ascomycota;Leotiomycetes;Erysiphales;Erysiphaceae;Neoerysiphe;Neoerysiphe_galeopsidis	underclassification	5
F1-REF	6	2	uclust	1.0:0.9:5	EU784269	Root;Basidiomycota;Agaricomycetes;Thelephorales;Bankeraceae;Hydnellum;Hydnellum_spongiosipes	Root;Basidiomycota;Agaricomycetes;Thelephorales;Bankeraceae;Hydnellum;Hydnellum_spongiosipes	match	7
F1-REF	6	2	uclust	1.0:0.9:5	DQ631933	Unassigned	Root;Ascomycota;Sordariomycetes;Xylariales;Xylariaceae;Biscogniauxia;Biscogniauxia_capnodes	misclassification	0
F1-REF	6	2	uclust	1.0:0.9:5	EU379209	Unassigned	Root;Chytridiomycota;Chytridiomycetes;Rhizophlyctidales;Rhizophlyctidaceae;Rhizophlyctis;Rhizophlyctis_rosea	misclassification	0
F1-REF	6	2	uclust	1.0:0.9:5	AF377203	Root;Basidiomycota;Agaricomycetes;Agaricales;Tricholomataceae;Tricholoma;Tricholoma_vernaticum	Root;Basidiomycota;Agaricomycetes;Agaricales;Tricholomataceae;Tricholoma;Tricholoma_vernaticum	match	7
F1-REF	6	2	uclust	1.0:0.9:5	AM159627	Root;Basidiomycota;Agaricomycetes;Hymenochaetales;Schizoporaceae;Hyphodontia	Root;Basidiomycota;Agaricomycetes;Hymenochaetales;Schizoporaceae;Hyphodontia;Hyphodontia_paradoxa	underclassification	6
F1-REF	6	2	uclust	1.0:0.9:5	EF061129	Root;Ascomycota;Saccharomycetes;Saccharomycetales;Pichiaceae;Pichia;Pichia_membranifaciens	Root;Ascomycota;Saccharomycetes;Saccharomycetales;Pichiaceae;Pichia;Pichia_membranifaciens	match	7
F1-REF	6	2	uclust	1.0:0.9:5	U34582	Root;Ascomycota;Sordariomycetes;Hypocreales;Nectriaceae;Fusarium	Root;Ascomycota;Sordariomycetes;Hypocreales;Nectriaceae;Fusarium;Fusarium_beomiforme	underclassification	6
F1-REF	6	2	uclust	1.0:0.9:5	DQ328124	Root;Basidiomycota;Agaricomycetes;Agaricales	Root;Basidiomycota;Agaricomycetes;Boletales;Hymenogasteraceae;Hymenogaster;Hymenogaster_arenarius	misclassification	3
F1-REF	6	2	uclust	1.0:0.9:5	FJ627260	Root;Basidiomycota;Agaricomycetes;Hymenochaetales;Hymenochaetaceae;Phellinus	Root;Basidiomycota;Agaricomycetes;Hymenochaetales;Hymenochaetaceae;Phellinus;Phellinus_laevigatus	underclassification	6
F1-REF	6	2	uclust	1.0:0.9:5	HQ897807	Unassigned	Root;Ascomycota;Sordariomycetes;Hypocreales;Nectriaceae;Pseudonectria;Pseudonectria_pachysandricola	misclassification	0
F1-REF	6	2	uclust	1.0:0.9:5	GU479307	Root;Basidiomycota;Agaricomycetes;Agaricales;Cortinariaceae;Protoglossum;Hymenogaster_niveus	Root;Basidiomycota;Agaricomycetes;Agaricales;Cortinariaceae;Protoglossum;Hymenogaster_niveus	match	7
F1-REF	6	2	uclust	1.0:0.9:5	DQ297556	Root;Ascomycota;Sordariomycetes;Hypocreales;Nectriaceae	Root;Ascomycota;Sordariomycetes;Hypocreales;Nectriaceae;Fusarium;Fusarium_poae	underclassification	5
F1-REF	6	2	uclust	1.0:0.9:5	FJ845440	Root;Basidiomycota;Agaricomycetes;Boletales;Suillaceae;Suillus	Root;Basidiomycota;Agaricomycetes;Boletales;Suillaceae;Suillus;Suillus_brevipes	underclassification	6
F1-REF	6	2	uclust	1.0:0.9:5	AB278194	Root;Ascomycota;Sordariomycetes;Sordariales;Cephalothecaceae;Cephalotheca;Cephalotheca_sulfurea	Root;Ascomycota;Sordariomycetes;Sordariales;Cephalothecaceae;Cephalotheca;Cephalotheca_sulfurea	match	7
F1-REF	6	2	uclust	1.0:0.9:5	FJ845444	Root;Basidiomycota;Agaricomycetes;Agaricales;Tricholomataceae;Tricholoma	Root;Basidiomycota;Agaricomycetes;Agaricales;Tricholomataceae;Tricholoma;Tricholoma_vaccinum	underclassification	6
F1-REF	6	2	uclust	1.0:0.9:5	EU645679	Root;Ascomycota;Eurotiomycetes;Eurotiales;Trichocomaceae;Aspergillus	Root;Ascomycota;Eurotiomycetes;Eurotiales;Trichocomaceae;Aspergillus;Aspergillus_japonicus	underclassification	6
F1-REF	6	2	uclust	1.0:0.9:5	U61390	Unassigned	Root;Ascomycota;Pezizomycetes;Pezizales;Morchellaceae;Morchella;Morchella_elata	misclassification	0
F1-REF	6	2	uclust	1.0:0.9:5	AY509793	Root;Ascomycota;Lecanoromycetes;Lecanorales;Lecanoraceae;Rhizoplaca;Rhizoplaca_chrysoleuca	Root;Ascomycota;Lecanoromycetes;Lecanorales;Lecanoraceae;Rhizoplaca;Rhizoplaca_chrysoleuca	match	7
F1-REF	6	2	uclust	1.0:0.9:5	EU266080	Root;Ascomycota;Eurotiomycetes;Chaetothyriales;Herpotrichiellaceae;Cladophialophora;Cladophialophora_minutissima	Root;Ascomycota;Lecanoromycetes;Lecanorales;Cladoniaceae;Cladonia;Cladonia_furcata	misclassification	2
F1-REF	6	2	uclust	1.0:0.9:5	AF516578	Root;Basidiomycota;Agaricomycetes;Polyporales;Polyporaceae;Polyporus;Polyporus_varius	Root;Basidiomycota;Agaricomycetes;Polyporales;Polyporaceae;Polyporus;Polyporus_varius	match	7
F1-REF	6	2	uclust	1.0:0.9:5	JN673050	Root;Ascomycota;Sordariomycetes;Sordariales;Lasiosphaeriaceae;Lasiosphaeria	Root;Ascomycota;Sordariomycetes;Sordariales;Lasiosphaeriaceae;Lasiosphaeria;Lasiosphaeria_ovina	underclassification	6
F1-REF	6	2	uclust	1.0:0.9:5	U56033	Unassigned	Root;Basidiomycota;Agaricomycetes;Agaricales;Cortinariaceae;Cortinarius;Cortinarius_vibratilis	misclassification	0
F1-REF	6	2	uclust	1.0:0.9:5	DQ389697	Root;Basidiomycota;Agaricomycetes;Agaricales;Psathyrellaceae;Psathyrella	Root;Basidiomycota;Agaricomycetes;Agaricales;Psathyrellaceae;Psathyrella;Psathyrella_umbrina	underclassification	6
F1-REF	6	2	uclust	1.0:0.9:5	AF516573	Root;Basidiomycota;Agaricomycetes;Polyporales;Polyporaceae;Favolus;Favolus_squamosus	Root;Basidiomycota;Agaricomycetes;Polyporales;Polyporaceae;Polyporus;Polyporus_squamosus	misclassification	5
F1-REF	6	2	uclust	1.0:0.9:5	FJ617293	Root;Basidiomycota;Agaricomycetes;Agaricales;Schizophyllaceae;Schizophyllum;Schizophyllum_commune	Root;Basidiomycota;Agaricomycetes;Auriculariales;Auriculariaceae;Auricularia;Auricularia_polytricha	misclassification	3
F1-REF	6	2	uclust	1.0:0.9:5	AF297672	Root;Ascomycota;Lecanoromycetes;Umbilicariales;Umbilicariaceae;Umbilicaria	Root;Ascomycota;Lecanoromycetes;Umbilicariales;Umbilicariaceae;Umbilicaria;Umbilicaria_subglabra	underclassification	6
F1-REF	6	2	uclust	1.0:0.9:5	FJ039601	Root;Basidiomycota;Agaricomycetes;Agaricales;Cortinariaceae	Root;Basidiomycota;Agaricomycetes;Agaricales;Cortinariaceae;Cortinarius;Cortinarius_olivaceopictus	underclassification	5
F1-REF	6	2	uclust	1.0:0.9:5	AF352321	Root;Ascomycota;Lecanoromycetes;Teloschistales;Physciaceae;Diploicia;Diploicia_canescens	Root;Ascomycota;Lecanoromycetes;Teloschistales;Physciaceae;Diploicia;Diploicia_canescens	match	7
F1-REF	6	2	uclust	1.0:0.9:5	EU056975	Root;Basidiomycota;Agaricomycetes;Agaricales;Cortinariaceae;Cortinarius	Root;Basidiomycota;Agaricomycetes;Agaricales;Cortinariaceae;Cortinarius;Cortinarius_corrosus	underclassification	6
F1-REF	6	2	uclust	1.0:0.9:5	DQ450878	Root;Ascomycota;Sordariomycetes;Hypocreales;Nectriaceae	Root;Ascomycota;Sordariomycetes;Hypocreales;Nectriaceae;Fusarium;Fusarium_culmorum	underclassification	5
F1-REF	6	2	uclust	1.0:0.9:5	AY916489	Root;Ascomycota;Dothideomycetes;Pleosporales;Tubeufiaceae	Root;Ascomycota;Dothideomycetes;Pleosporales;Tubeufiaceae;Tubeufia;Tubeufia_cerea	underclassification	5
F1-REF	6	2	uclust	1.0:0.9:5	HQ604293	Unassigned	Root;Basidiomycota;Agaricomycetes;Agaricales;Cortinariaceae;Inocybe;Inocybe_lilacina	misclassification	0
F1-REF	6	2	uclust	1.0:0.9:5	EU669227	Root;Basidiomycota;Agaricomycetes;Thelephorales;Bankeraceae;Sarcodon;Sarcodon_fuligineoviolaceus	Root;Basidiomycota;Agaricomycetes;Thelephorales;Bankeraceae;Sarcodon;Sarcodon_fuscoindicus	misclassification	6
F1-REF	6	2	uclust	1.0:0.9:5	FR750134	Root;Glomeromycota;Glomeromycetes;Diversisporales;Gigasporaceae	Root;Glomeromycota;Glomeromycetes;Diversisporales;Gigasporaceae;Racocetra;Racocetra_weresubiae	underclassification	5
F1-REF	6	2	uclust	1.0:0.9:5	AF357027	Root;Basidiomycota;Agaricomycetes;Agaricales;Lyophyllaceae;Calocybe;Calocybe_gambosa	Root;Basidiomycota;Agaricomycetes;Agaricales;Lyophyllaceae;Calocybe;Calocybe_gambosa	match	7
F1-REF	6	2	uclust	1.0:0.9:5	FJ903282	Root;Ascomycota;Sordariomycetes;Ophiostomatales;Ophiostomataceae;Grosmannia;Grosmannia_olivacea	Root;Ascomycota;Sordariomycetes;Ophiostomatales;Ophiostomataceae;Grosmannia;Grosmannia_olivacea	match	7
F1-REF	6	2	uclust	1.0:0.9:5	AY833058	Root;Ascomycota;Leotiomycetes;Helotiales;Helotiaceae;Bisporella;Bisporella_citrina	Root;Ascomycota;Leotiomycetes;Helotiales;Helotiaceae;Bisporella;Bisporella_citrina	match	7
F1-REF	6	2	uclust	1.0:0.9:5	DQ988249	Root;Basidiomycota;Agaricomycetes;Boletales;Suillaceae;Suillus	Root;Basidiomycota;Agaricomycetes;Boletales;Suillaceae;Suillus;Suillus_tomentosus	underclassification	6
F1-REF	6	2	uclust	1.0:0.9:5	U92307	Root;Ascomycota;Leotiomycetes;Rhytismatales;Rhytismataceae	Root;Ascomycota;Leotiomycetes;Rhytismatales;Rhytismataceae;Tryblidiopsis;Tryblidiopsis_pinastri	underclassification	5
F1-REF	6	2	uclust	1.0:0.9:5	U92306	Root;Ascomycota;Leotiomycetes;Rhytismatales;Rhytismataceae	Root;Ascomycota;Leotiomycetes;Rhytismatales;Rhytismataceae;Colpoma;Colpoma_quercinum	underclassification	5
F1-REF	6	2	uclust	1.0:0.9:5	JQ347275	Root;Ascomycota;Sordariomycetes;Hypocreales;Nectriaceae	Root;Ascomycota;Sordariomycetes;Hypocreales;Nectriaceae;Cylindrocladium;Cylindrocladium_quinqueseptatum	underclassification	5
F1-REF	6	2	uclust	1.0:0.9:5	DQ517408	Root;Basidiomycota;Agaricomycetes;Agaricales;Cortinariaceae;Cortinarius	Root;Basidiomycota;Agaricomycetes;Agaricales;Cortinariaceae;Cortinarius;Cortinarius_calochrous	underclassification	6
F1-REF	6	2	uclust	1.0:0.9:5	FJ608592	Root;Basidiomycota;Agaricomycetes;Agaricales;Pleurotaceae;Pleurotus	Root;Basidiomycota;Agaricomycetes;Agaricales;Pleurotaceae;Pleurotus;Pleurotus_cystidiosus	underclassification	6
F1-REF	6	2	uclust	1.0:0.9:5	DQ067895	Root;Basidiomycota;Agaricomycetes;Agaricales;Tricholomataceae;Tricholoma;Tricholoma_fulvocastaneum	Root;Basidiomycota;Agaricomycetes;Agaricales;Tricholomataceae;Tricholoma;Tricholoma_fulvocastaneum	match	7
F1-REF	6	2	uclust	1.0:0.9:5	HM240541	Root;Basidiomycota;Agaricomycetes;Russulales;Russulaceae;Russula;Russula_cascadensis	Root;Basidiomycota;Agaricomycetes;Russulales;Russulaceae;Russula;Russula_cascadensis	match	7
F1-REF	6	2	uclust	1.0:0.9:5	AY999136	Root;Ascomycota;Sordariomycetes	Root;Ascomycota;Sordariomycetes;Sordariales;Lasiosphaeriaceae;Cercophora;Cercophora_coprophila	underclassification	3
F1-REF	6	2	uclust	1.0:0.9:5	AY621777	Root;Basidiomycota;Agaricomycetes;Russulales;Albatrellaceae;Leucophleps;Leucophleps_spinispora	Root;Basidiomycota;Agaricomycetes;Russulales;Albatrellaceae;Leucophleps;Leucophleps_spinispora	match	7
F1-REF	6	2	uclust	1.0:0.9:5	DQ097874	Root;Basidiomycota;Agaricomycetes;Agaricales;Cortinariaceae;Cortinarius	Root;Basidiomycota;Agaricomycetes;Agaricales;Cortinariaceae;Cortinarius;Cortinarius_junghuhnii	underclassification	6
F1-REF	6	2	uclust	1.0:0.9:5	EU314990	Root;Ascomycota;Eurotiomycetes;Eurotiales;Trichocomaceae;Aspergillus	Root;Ascomycota;Eurotiomycetes;Eurotiales;Trichocomaceae;Aspergillus;Aspergillus_nomius	underclassification	6
F1-REF	6	2	uclust	1.0:0.9:5	HQ604209	Root;Basidiomycota;Agaricomycetes;Agaricales	Root;Basidiomycota;Agaricomycetes;Agaricales;Cortinariaceae;Inocybe;Inocybe_subcarpta	underclassification	4
F1-REF	6	2	uclust	1.0:0.9:5	DQ885898	Root;Ascomycota;Dothideomycetes;Capnodiales	Root;Ascomycota;Dothideomycetes;Capnodiales;Teratosphaeriaceae;Teratosphaeria;Teratosphaeria_maxii	underclassification	4
F1-REF	6	2	uclust	1.0:0.9:5	U38556	Root;Ascomycota;Sordariomycetes;Hypocreales;Nectriaceae;Fusarium;Fusarium_oxysporum	Root;Ascomycota;Sordariomycetes;Hypocreales;Nectriaceae;Gibberella;Fusarium_subglutinans	misclassification	5
F1-REF	6	2	uclust	1.0:0.9:5	EU784394	Root;Ascomycota;Pezizomycetes;Pezizales;Pyronemataceae;Paurocotylis;Paurocotylis_pila	Root;Ascomycota;Pezizomycetes;Pezizales;Pyronemataceae;Paurocotylis;Paurocotylis_pila	match	7
F1-REF	6	2	uclust	1.0:0.9:5	AB190871	Root;Ascomycota;Sordariomycetes;Diaporthales;Togniniaceae;Phaeoacremonium	Root;Ascomycota;Sordariomycetes;Calosphaeriales;Pleurostomataceae;Pleurostomophora;Pleurostomophora_repens	misclassification	3
F1-REF	6	2	uclust	1.0:0.9:5	GQ340441	Root;Ascomycota;Saccharomycetes;Saccharomycetales;Saccharomycetaceae;Lachancea	Root;Ascomycota;Saccharomycetes;Saccharomycetales;Saccharomycetaceae;Lachancea;Lachancea_thermotolerans	underclassification	6
F1-REF	6	2	uclust	1.0:0.9:5	GQ340442	Root;Ascomycota;Saccharomycetes;Saccharomycetales;Saccharomycetaceae;Lachancea	Root;Ascomycota;Saccharomycetes;Saccharomycetales;Saccharomycetaceae;Lachancea;Lachancea_fermentati	underclassification	6
F1-REF	6	2	uclust	1.0:0.9:5	FJ860053	Unassigned	Root;Basidiomycota;Agaricomycetes;Hymenochaetales;Hymenochaetaceae;Inonotus;Inonotus_rickii	misclassification	0
F1-REF	6	2	uclust	1.0:0.9:5	EU819453	Unassigned	Root;Basidiomycota;Agaricomycetes;Boletales;Boletaceae;Boletus;Boletus_pulverulentus	misclassification	0
F1-REF	6	2	uclust	1.0:0.9:5	GQ982886	Root;Basidiomycota;Agaricomycetes;Polyporales	Root;Basidiomycota;Agaricomycetes;Polyporales;Polyporaceae;Pycnoporus;Pycnoporus_sanguineus	underclassification	4
F1-REF	6	2	uclust	1.0:0.9:5	AJ537505	Root;Basidiomycota;Agaricomycetes;Thelephorales;Thelephoraceae;Tomentella;Tomentella	Root;Basidiomycota;Agaricomycetes;Thelephorales;Thelephoraceae;Thelephora;Thelephora_palmata	misclassification	5
F1-REF	6	2	uclust	1.0:0.9:5	FR717868	Root;Basidiomycota;Tremellomycetes;Filobasidiales;Filobasidiaceae;Cryptococcus;Cryptococcus_macerans	Root;Basidiomycota;Tremellomycetes;Filobasidiales;Filobasidiaceae;Cryptococcus;Cryptococcus_macerans	match	7
F1-REF	6	2	uclust	1.0:0.9:5	AY220829	Root;Ascomycota;Pezizomycetes;Pezizales;Pyronemataceae;Scutellinia;Scutellinia_colensoi	Root;Ascomycota;Pezizomycetes;Pezizales;Pyronemataceae;Scutellinia;Scutellinia_colensoi	match	7
F1-REF	6	2	uclust	1.0:0.9:5	EU622846	Unassigned	Root;Basidiomycota;Agaricomycetes;Corticiales;Corticiaceae;Limonomyces;Limonomyces_roseipellis	misclassification	0
F1-REF	6	2	uclust	1.0:0.9:5	EU105210	Root;Microsporidia;Microsporea;Microsporida;Nosematidae;Nosema;Nosema_antheraeae	Root;Microsporidia;Microsporea;Microsporida;Nosematidae;Nosema;Nosema_bombycis	misclassification	6
F1-REF	6	2	uclust	1.0:0.9:5	FJ426395	Root;Basidiomycota;Agaricomycetes;Agaricales;Schizophyllaceae;Schizophyllum;Schizophyllum_commune	Root;Basidiomycota;Agaricomycetes;Agaricales;Schizophyllaceae;Schizophyllum;Schizophyllum_commune	match	7
F1-REF	6	2	uclust	1.0:0.9:5	EF394843	Root;Ascomycota;Dothideomycetes;Capnodiales;Teratosphaeriaceae;Teratosphaeria;Teratosphaeria_mexicana	Root;Ascomycota;Dothideomycetes;Capnodiales;Teratosphaeriaceae;Teratosphaeria;Teratosphaeria_mexicana	match	7
F1-REF	6	2	uclust	1.0:0.9:5	FJ603607	Root;Ascomycota;Sordariomycetes;Xylariales;Hyponectriaceae;Physalospora;Physalospora_vaccinii	Root;Ascomycota;Sordariomycetes;Xylariales;Hyponectriaceae;Physalospora;Physalospora_vaccinii	match	7
F1-REF	6	2	uclust	1.0:0.9:5	FJ798605	Root;Ascomycota;Sordariomycetes;Xylariales;Amphisphaeriaceae;Pestalotiopsis	Root;Ascomycota;Sordariomycetes;Xylariales;Amphisphaeriaceae;Pestalotiopsis;Pestalotiopsis_microspora	underclassification	6
F1-REF	6	2	uclust	1.0:0.9:5	HQ699628	Root;Ascomycota;Lecanoromycetes;Teloschistales;Teloschistaceae;Caloplaca	Root;Ascomycota;Lecanoromycetes;Teloschistales;Teloschistaceae;Caloplaca;Caloplaca_crenulatella	underclassification	6
F1-REF	6	2	uclust	1.0:0.9:5	JF923600	Root;Ascomycota;Lecanoromycetes;Lecanorales;Ramalinaceae;Ramalina	Root;Ascomycota;Lecanoromycetes;Lecanorales;Ramalinaceae;Ramalina;Ramalina_conduplicans	underclassification	6
F1-REF	6	2	uclust	1.0:0.9:5	FJ205452	Root;Ascomycota;Sordariomycetes;Hypocreales;Hypocreaceae;Trichoderma	Root;Ascomycota;Sordariomycetes;Hypocreales;Hypocreaceae;Trichoderma;Trichoderma_asperellum	underclassification	6
F1-REF	6	2	uclust	1.0:0.9:5	EF081003	Unassigned	Root;Ascomycota;Pezizomycetes;Pezizales;Morchellaceae;Morchella;Morchella_crassipes	misclassification	0
F1-REF	6	2	uclust	1.0:0.9:5	HQ262500	Root;Ascomycota;Eurotiomycetes;Eurotiales;Trichocomaceae;Aspergillus	Root;Ascomycota;Eurotiomycetes;Eurotiales;Trichocomaceae;Aspergillus;Aspergillus_tubingensis	underclassification	6
F1-REF	6	2	uclust	1.0:0.9:5	JF908673	Root;Basidiomycota;Agaricomycetes;Russulales;Russulaceae;Russula	Root;Basidiomycota;Agaricomycetes;Russulales;Russulaceae;Russula;Russula_anthracina	underclassification	6
F1-REF	6	2	uclust	1.0:0.9:5	FJ664849	Unassigned	Root;Ascomycota;Eurotiomycetes;Verrucariales;Verrucariaceae;Verrucaria;Verrucaria_elaeina	misclassification	0
F1-REF	6	2	uclust	1.0:0.9:5	U85317	Unassigned	Root;Basidiomycota;Agaricomycetes;Agaricales;Agaricaceae;Leucoagaricus;Leucoagaricus_americanus	misclassification	0
F1-REF	6	2	uclust	1.0:0.9:5	EU819527	Root;Basidiomycota;Agaricomycetes;Agaricales	Root;Basidiomycota;Agaricomycetes;Agaricales;Cortinariaceae;Cortinarius;Cortinarius_alboviolaceus	underclassification	4
F1-REF	6	2	uclust	1.0:0.9:5	EU819526	Root;Basidiomycota;Agaricomycetes;Atheliales;Atheliaceae;Byssocorticium;Byssocorticium_atrovirens	Root;Basidiomycota;Agaricomycetes;Atheliales;Atheliaceae;Byssocorticium;Byssocorticium_atrovirens	match	7
F1-REF	6	2	uclust	1.0:0.9:5	EU819525	Root;Ascomycota;Pezizomycetes;Pezizales;Tuberaceae;Tuber	Root;Ascomycota;Pezizomycetes;Pezizales;Tuberaceae;Tuber;Tuber_scruposum	underclassification	6
F1-REF	6	2	uclust	1.0:0.9:5	AY129348	Unassigned	Root;Basidiomycota;Agaricomycetes;Agaricales;Bolbitiaceae;Panaeolus;Panaeolus_sphinctrinus	misclassification	0
F1-REF	6	2	uclust	1.0:0.9:5	HQ589220	Root;Basidiomycota;Agaricomycetes;Hymenochaetales;Hymenochaetaceae;Inonotus;Inonotus_porrectus	Root;Basidiomycota;Agaricomycetes;Hymenochaetales;Hymenochaetaceae;Inonotus;Inonotus_porrectus	match	7
F1-REF	6	2	uclust	1.0:0.9:5	GU188276	Root;Ascomycota;Orbiliomycetes;Orbiliales;Orbiliaceae;Orbilia	Root;Ascomycota;Orbiliomycetes;Orbiliales;Orbiliaceae;Orbilia;Orbilia_luteorubella	underclassification	6
F1-REF	6	2	uclust	1.0:0.9:5	DQ401560	Unassigned	Root;Ascomycota;Lecanoromycetes;Lecanorales;Hymeneliaceae;Aspicilia;Aspicilia_calcarea	misclassification	0
F1-REF	6	2	uclust	1.0:0.9:5	EU520144	Root;Basidiomycota;Agaricomycetes;Agaricales	Root;Basidiomycota;Agaricomycetes;Agaricales;Coprinaceae;Coprinus;Coprinus_silvaticus	underclassification	4
F1-REF	6	2	uclust	1.0:0.9:5	EF569591	Root;Basidiomycota;Tremellomycetes;Filobasidiales;Filobasidiaceae;Cryptococcus	Root;Basidiomycota;Tremellomycetes;Filobasidiales;Filobasidiaceae;Cryptococcus;Cryptococcus_aureus	underclassification	6
F1-REF	6	2	uclust	1.0:0.9:5	FN868479	Root;Ascomycota;Sordariomycetes;Xylariales;Amphisphaeriaceae	Root;Ascomycota;Sordariomycetes;Xylariales;Amphisphaeriaceae;Truncatella;Truncatella_angustata	underclassification	5
F1-REF	6	2	uclust	1.0:0.9:5	EU697272	Unassigned	Root;Basidiomycota;Agaricomycetes;Boletales;Suillaceae;Truncocolumella;Truncocolumella_rubra	misclassification	0
F1-REF	6	2	uclust	1.0:0.9:5	FJ481033	Root;Basidiomycota;Agaricomycetes;Agaricales;Lycoperdaceae	Root;Basidiomycota;Agaricomycetes;Agaricales;Lycoperdaceae;Vascellum;Vascellum_pratense	underclassification	5
F1-REF	6	2	uclust	1.0:0.9:5	DQ974704	Root;Basidiomycota;Agaricomycetes;Boletales;Boletaceae;Boletus	Root;Basidiomycota;Agaricomycetes;Boletales;Boletaceae;Boletus;Boletus_zelleri	underclassification	6
F1-REF	6	2	uclust	1.0:0.9:5	FJ481036	Root;Ascomycota;Sordariomycetes;Hypocreales;Nectriaceae	Root;Ascomycota;Sordariomycetes;Hypocreales;Nectriaceae;Neonectria;Neonectria_radicicola	underclassification	5
F1-REF	6	2	uclust	1.0:0.9:5	DQ974701	Root;Basidiomycota;Agaricomycetes;Agaricales;Tricholomataceae;Tricholoma;Tricholoma_saponaceum	Root;Basidiomycota;Agaricomycetes;Agaricales;Tricholomataceae;Tricholoma;Tricholoma_saponaceum	match	7
F1-REF	6	2	uclust	1.0:0.9:5	FJ481038	Root;Basidiomycota;Agaricomycetes;Agaricales;Mycenaceae;Panellus;Panellus_stypticus	Root;Basidiomycota;Agaricomycetes;Agaricales;Mycenaceae;Panellus;Panellus_stypticus	match	7
F1-REF	6	2	uclust	1.0:0.9:5	EU784297	Root;Basidiomycota;Agaricomycetes;Agaricales;Hygrophoraceae;Hygrocybe;Hygrocybe_colemanniana	Root;Basidiomycota;Agaricomycetes;Agaricales;Hygrophoraceae;Hygrocybe;Hygrocybe_colemanniana	match	7
F1-REF	6	2	uclust	1.0:0.9:5	DQ243798	Root;Ascomycota;Sordariomycetes;Diaporthales;Valsaceae;Cytospora	Root;Ascomycota;Sordariomycetes;Diaporthales;Valsaceae;Cytospora;Cytospora_variostromatica	underclassification	6
F1-REF	6	2	uclust	1.0:0.9:5	GU968423	Root;Ascomycota;Sordariomycetes;Hypocreales;Nectriaceae	Root;Ascomycota;Sordariomycetes;Hypocreales;Nectriaceae;Albonectria;Albonectria_rigidiuscula	underclassification	5
F1-REF	6	2	uclust	1.0:0.9:5	FJ379273	Root;Basidiomycota;Agaricomycetes;Agaricales;Pluteaceae;Volvariella;Volvariella_volvacea	Root;Basidiomycota;Agaricomycetes;Agaricales;Pluteaceae;Volvariella;Volvariella_volvacea	match	7
F1-REF	6	2	uclust	1.0:0.9:5	AY487975	Unassigned	Root;Basidiomycota;Agaricomycetes;Geastrales;Geastraceae;Sphaerobolus;Sphaerobolus_stellatus	misclassification	0
F1-REF	6	2	uclust	1.0:0.9:5	DQ631942	Root;Ascomycota;Sordariomycetes;Xylariales;Xylariaceae;Nemania	Root;Ascomycota;Sordariomycetes;Xylariales;Xylariaceae;Nemania;Nemania_serpens	underclassification	6
F1-REF	6	2	uclust	1.0:0.9:5	AF391038	Root;Basidiomycota;Agaricomycetes;Agaricales;Agaricaceae;Melanophyllum;Melanophyllum_haematospermum	Root;Basidiomycota;Agaricomycetes;Agaricales;Agaricaceae;Melanophyllum;Melanophyllum_haematospermum	match	7
F1-REF	6	2	uclust	1.0:0.9:5	DQ066710	Root;Ascomycota;Lecanoromycetes;Peltigerales;Nephromataceae;Nephroma;Nephroma_resupinatum	Root;Ascomycota;Lecanoromycetes;Peltigerales;Nephromataceae;Nephroma;Nephroma_resupinatum	match	7
F1-REF	6	2	uclust	1.0:0.9:5	AF518760	Root;Basidiomycota;Agaricomycetes;Polyporales;Polyporaceae;Polyporus;Polyporus_dictyopus	Root;Basidiomycota;Agaricomycetes;Polyporales;Polyporaceae;Polyporus;Polyporus_dictyopus	match	7
F1-REF	6	2	uclust	1.0:0.9:5	EU696874	Root;Basidiomycota;Agaricomycetes;Thelephorales;Thelephoraceae;Thelephora;Thelephora_palmata	Root;Basidiomycota;Agaricomycetes;Thelephorales;Thelephoraceae;Thelephora;Thelephora_ganbajun	misclassification	6
F1-REF	6	2	uclust	1.0:0.9:5	GQ267473	Root;Basidiomycota;Agaricomycetes;Agaricales;Cortinariaceae;Inocybe	Root;Basidiomycota;Agaricomycetes;Agaricales;Cortinariaceae;Inocybe;Inocybe_lacera	underclassification	6
F1-REF	6	2	uclust	1.0:0.9:5	AF072224	Root;Ascomycota;Lecanoromycetes;Lecanorales;Parmeliaceae	Root;Ascomycota;Lecanoromycetes;Lecanorales;Parmeliaceae;Ahtiana;Ahtiana_sphaerosporella	underclassification	5
F1-REF	6	2	uclust	1.0:0.9:5	FJ464595	Unassigned	Root;Basidiomycota;Agaricomycetes;Agaricales;Strophariaceae;Pholiota;Pholiota_adiposa	misclassification	0
F1-REF	6	2	uclust	1.0:0.9:5	GQ267477	Root;Basidiomycota;Agaricomycetes	Root;Basidiomycota;Agaricomycetes;Agaricales;Hydnangiaceae;Laccaria;Laccaria_proxima	underclassification	3
F1-REF	6	2	uclust	1.0:0.9:5	AY884183	Root;Basidiomycota;Agaricomycetes;Polyporales;Ganodermataceae;Ganoderma	Root;Basidiomycota;Agaricomycetes;Polyporales;Ganodermataceae;Ganoderma;Ganoderma_australe	underclassification	6
F1-REF	6	2	uclust	1.0:0.9:5	JF800094	Unassigned	Root;Ascomycota;Lecanoromycetes;Lecanorales;Parmeliaceae;Hypogymnia;Hypogymnia_physodes	misclassification	0
F1-REF	6	2	uclust	1.0:0.9:5	AF454425	Root;Basidiomycota;Agaricomycetes;Russulales;Auriscalpiaceae;Artomyces	Root;Basidiomycota;Agaricomycetes;Russulales;Auriscalpiaceae;Artomyces;Artomyces_stephenii	underclassification	6
F1-REF	6	2	uclust	1.0:0.9:5	GU980122	Root;Basidiomycota;Agaricomycetes;Agaricales	Root;Basidiomycota;Agaricomycetes;Agaricales;Physalacriaceae;Hymenopellis_chiangmaiae;Hymenopellis_chiangmaiae	underclassification	4
F1-REF	6	2	uclust	1.0:0.9:5	AY245632	Root;Ascomycota;Sordariomycetes;Hypocreales;Clavicipitaceae;Cordyceps;Cordyceps_memorabilis	Root;Ascomycota;Sordariomycetes;Hypocreales;Clavicipitaceae;Cordyceps;Cordyceps_memorabilis	match	7
F1-REF	6	2	uclust	1.0:0.9:5	AY461814	Root;Basidiomycota;Agaricomycetes;Agaricales	Root;Basidiomycota;Agaricomycetes;Agaricales;Coprinaceae;Coprinus;Coprinus_cordisporus	underclassification	4
F1-REF	6	2	uclust	1.0:0.9:5	AF224348	Root;Ascomycota;Lecanoromycetes;Teloschistales;Teloschistaceae;Xanthoria;Xanthoria_sorediata	Root;Ascomycota;Lecanoromycetes;Teloschistales;Teloschistaceae;Xanthoria;Xanthoria_sorediata	match	7
F1-REF	6	2	uclust	1.0:0.9:5	EU598154	Root;Basidiomycota;Agaricomycetes;Russulales;Russulaceae	Root;Basidiomycota;Agaricomycetes;Russulales;Russulaceae;Lactarius;Lactarius_corrugis	underclassification	5
F1-REF	6	2	uclust	1.0:0.9:5	FJ872075	Root;Ascomycota;Pezizomycetes;Pezizales;Pezizaceae	Root;Ascomycota;Pezizomycetes;Pezizales;Pezizaceae;Chromelosporium;Chromelosporium_carneum	underclassification	5
F1-REF	6	2	uclust	1.0:0.9:5	L54085	Root;Basidiomycota;Agaricomycetes;Boletales;Suillaceae;Suillus	Root;Basidiomycota;Agaricomycetes;Boletales;Suillaceae;Suillus;Suillus_cavipes	underclassification	6
F1-REF	6	2	uclust	1.0:0.9:5	EU784279	Unassigned	Root;Basidiomycota;Agaricomycetes;Agaricales;Hygrophoraceae;Hygrocybe;Hygrocybe_aurantiosplendens	misclassification	0
F1-REF	6	2	uclust	1.0:0.9:5	AF485069	Root;Ascomycota;Pezizomycetes;Pezizales;Sarcosomataceae;Urnula;Urnula_craterium	Root;Ascomycota;Pezizomycetes;Pezizales;Sarcosomataceae;Strumella;Strumella_coryneoidea	misclassification	5
F1-REF	6	2	uclust	1.0:0.9:5	FJ403472	Root;Basidiomycota;Agaricomycetes;Agaricales;Psathyrellaceae;Coprinopsis;Coprinopsis_strossmayeri	Root;Basidiomycota;Agaricomycetes;Agaricales;Psathyrellaceae;Coprinopsis;Coprinopsis_strossmayeri	match	7
F1-REF	6	2	uclust	1.0:0.9:5	JN942765	Unassigned	Root;Ascomycota;Pezizomycetes;Pezizales;Pyronemataceae;Otidea;Otidea_bufonia	misclassification	0
F1-REF	6	2	uclust	1.0:0.9:5	FM205695	Root;Ascomycota;Pezizomycetes;Pezizales;Tuberaceae;Tuber	Root;Ascomycota;Pezizomycetes;Pezizales;Tuberaceae;Tuber;Tuber_puberulum	underclassification	6
F1-REF	6	2	uclust	1.0:0.9:5	UDB002375	Root;Basidiomycota;Agaricomycetes;Russulales;Russulaceae;Lactarius	Root;Basidiomycota;Agaricomycetes;Russulales;Russulaceae;Lactarius;Lactarius_flexuosus	underclassification	6
F1-REF	6	2	uclust	1.0:0.9:5	FJ501577	Root;Basidiomycota;Agaricomycetes;Polyporales;Ganodermataceae;Ganoderma;Ganoderma_lucidum	Root;Basidiomycota;Agaricomycetes;Polyporales;Ganodermataceae;Ganoderma;Ganoderma_lucidum/Ganoderma_lucidum_fusant	misclassification	6
F1-REF	6	2	uclust	1.0:0.9:5	UDB003311	Root;Basidiomycota;Agaricomycetes;Thelephorales;Thelephoraceae;Tomentella	Root;Basidiomycota;Agaricomycetes;Thelephorales;Thelephoraceae;Tomentella;Tomentella	underclassification	6
F1-REF	6	2	uclust	1.0:0.9:5	EU118639	Unassigned	Root;Basidiomycota;Agaricomycetes;Corticiales;Corticiaceae;Laetisaria;Laetisaria_fuciformis	misclassification	0
F1-REF	6	2	uclust	1.0:0.9:5	EF010914	Root;Ascomycota;Leotiomycetes;Erysiphales;Erysiphaceae;Golovinomyces	Root;Ascomycota;Leotiomycetes;Erysiphales;Erysiphaceae;Golovinomyces;Golovinomyces_cichoracearum	underclassification	6
F1-REF	6	2	uclust	1.0:0.9:5	AB481269	Root;Ascomycota	Root;Ascomycota;Leotiomycetes;Helotiales;Hyaloscyphaceae;Lachnum;Lachnum_virgineum	underclassification	2
F1-REF	6	2	uclust	1.0:0.9:5	JN192386	Root;Ascomycota;Dothideomycetes;Pleosporales;Pleosporaceae	Root;Ascomycota;Dothideomycetes;Pleosporales;Pleosporaceae;Cochliobolus;Cochliobolus_ravenelii	underclassification	5
F1-REF	6	2	uclust	1.0:0.9:5	EU056944	Root;Basidiomycota;Agaricomycetes;Agaricales;Cortinariaceae;Cortinarius	Root;Basidiomycota;Agaricomycetes;Agaricales;Cortinariaceae;Cortinarius;Cortinarius_caroviolaceus	underclassification	6
F1-REF	6	2	uclust	1.0:0.9:5	AB481261	Root;Ascomycota;Leotiomycetes;Helotiales;Hyaloscyphaceae	Root;Ascomycota;Leotiomycetes;Helotiales;Hyaloscyphaceae;Incrucipulum;Incrucipulum_radiatum	underclassification	5
F1-REF	6	2	uclust	1.0:0.9:5	GQ355959	Unassigned	Root;Basidiomycota;Agaricomycetes;Polyporales;Meripilaceae;Meripilus;Meripilus_giganteus	misclassification	0
F1-REF	6	2	uclust	1.0:0.9:5	AB481265	Root;Ascomycota	Root;Ascomycota;Leotiomycetes;Helotiales;Hyaloscyphaceae;Lachnum;Lachnum_soppittii	underclassification	2
F1-REF	6	2	uclust	1.0:0.9:5	EU266501	Root;Basidiomycota;Tremellomycetes;Tremellales;Tremellaceae;Dioszegia	Root;Basidiomycota;Tremellomycetes;Tremellales;Tremellaceae;Dioszegia;Dioszegia_hungarica	underclassification	6
F1-REF	6	2	uclust	1.0:0.9:5	FJ897717	Unassigned	Root;Ascomycota;Eurotiomycetes;Onygenales;Arthrodermataceae;Arthroderma;Microsporum_gypseum	misclassification	0
F1-REF	6	2	uclust	1.0:0.9:5	DQ974759	Root;Basidiomycota;Agaricomycetes;Russulales;Russulaceae;Russula	Root;Basidiomycota;Agaricomycetes;Russulales;Russulaceae;Russula;Russula_exalbicans	underclassification	6
F1-REF	6	2	uclust	1.0:0.9:5	HQ650618	Root;Ascomycota;Lecanoromycetes;Lecanorales;Psoraceae;Protoblastenia;Protoblastenia_calvella	Root;Ascomycota;Lecanoromycetes;Lecanorales;Psoraceae;Protoblastenia;Protoblastenia_calva	misclassification	6
F1-REF	6	2	uclust	1.0:0.9:5	DQ388878	Root;Ascomycota;Pezizomycetes;Pezizales;Tuberaceae;Tuber	Root;Ascomycota;Pezizomycetes;Pezizales;Tuberaceae;Tuber;Tuber_aestivum	underclassification	6
F1-REF	6	2	uclust	1.0:0.9:5	HQ225484	Root;Basidiomycota;Agaricomycetes;Polyporales;Polyporaceae;Polyporus;Polyporus_umbellatus	Root;Basidiomycota;Agaricomycetes;Polyporales;Polyporaceae;Polyporus;Polyporus_umbellatus	match	7
F1-REF	6	2	uclust	1.0:0.9:5	AY618668	Unassigned	Root;Basidiomycota;Agaricomycetes;Polyporales;Hyphodermataceae;Hyphoderma;Hyphoderma_praetermissum	misclassification	0
F1-REF	6	2	uclust	1.0:0.9:5	AY176459	Unassigned	Root;Basidiomycota;Agaricomycetes;Agaricales;Agaricaceae;Cystolepiota;Cystolepiota_hetieri	misclassification	0
F1-REF	6	2	uclust	1.0:0.9:5	GQ925392	Root;Basidiomycota;Agaricomycetes;Agaricales;Amanitaceae;Amanita	Root;Basidiomycota;Agaricomycetes;Agaricales;Amanitaceae;Amanita;Amanita_pseudoinculta	underclassification	6
F1-REF	6	2	uclust	1.0:0.9:5	HM028640	Root;Ascomycota;Dothideomycetes;Botryosphaeriales;Botryosphaeriaceae	Root;Ascomycota;Dothideomycetes;Botryosphaeriales;Botryosphaeriaceae;Botryosphaeria;Botryosphaeria_stevensii	underclassification	5
F1-REF	6	2	uclust	1.0:0.9:5	AY176453	Unassigned	Root;Basidiomycota;Agaricomycetes;Agaricales;Amanitaceae;Limacella;Limacella_glioderma	misclassification	0
F1-REF	6	2	uclust	1.0:0.9:5	JF908381	Root;Basidiomycota;Agaricomycetes;Agaricales;Mycenaceae;Mycena;Mycena_alba	Root;Basidiomycota;Agaricomycetes;Agaricales;Mycenaceae;Mycena;Mycena_alba	match	7
F1-REF	6	2	uclust	1.0:0.9:5	DQ486032	Root;Ascomycota;Pezizomycetes;Pezizales;Tuberaceae;Tuber	Root;Ascomycota;Pezizomycetes;Pezizales;Tuberaceae;Tuber;Tuber_huidongense	underclassification	6
F1-REF	6	2	uclust	1.0:0.9:5	JF796259	Root;Ascomycota;Sordariomycetes;Phyllachorales;Phyllachoraceae;Colletotrichum;Colletotrichum_capsici	Root;Ascomycota;Sordariomycetes;Phyllachorales;Phyllachoraceae;Colletotrichum;Colletotrichum_capsici	match	7
F1-REF	6	2	uclust	1.0:0.9:5	FR716676	Root;Ascomycota;Dothideomycetes	Root;Ascomycota;Dothideomycetes;Scleroramularia_abundans;Scleroramularia_abundans;Scleroramularia_abundans;Scleroramularia_abundans	underclassification	3
F1-REF	6	2	uclust	1.0:0.9:5	HQ637330	Root;Ascomycota;Sordariomycetes;Hypocreales;Hypocreaceae;Trichoderma	Root;Ascomycota;Sordariomycetes;Hypocreales;Hypocreaceae;Hypocrea;Hypocrea_schweinitzii	misclassification	5
F1-REF	6	2	uclust	1.0:0.9:5	FM163198	Root;Basidiomycota;Agaricomycetes;Agaricales;Psathyrellaceae;Parasola	Root;Basidiomycota;Agaricomycetes;Agaricales;Psathyrellaceae;Parasola;Parasola_lilatincta	underclassification	6
F1-REF	6	2	uclust	1.0:0.9:5	AB015682	Root;Basidiomycota;Agaricomycetes;Agaricales;Amanitaceae;Amanita	Root;Basidiomycota;Agaricomycetes;Agaricales;Amanitaceae;Amanita;Amanita_rubescens	underclassification	6
F1-REF	6	2	uclust	1.0:0.9:5	AY265221	Root;Basidiomycota;Agaricomycetes;Hymenochaetales;Hymenochaetaceae;Phellinus	Root;Basidiomycota;Agaricomycetes;Hymenochaetales;Hymenochaetaceae;Phellinus;Porodaedalea_pini	underclassification	6
F1-REF	6	2	uclust	1.0:0.9:5	JN596330	Root;Basidiomycota;Agaricomycetes;Polyporales;Ganodermataceae;Ganoderma	Root;Basidiomycota;Agaricomycetes;Polyporales;Ganodermataceae;Ganoderma;Ganoderma_mastoporum	underclassification	6
F1-REF	6	2	uclust	1.0:0.9:5	HQ328047	Root;Ascomycota;Dothideomycetes	Root;Ascomycota;Dothideomycetes;Pleosporales;Pleosporaceae;Epicoccum;Epicoccum_sorghi	underclassification	3
F1-REF	6	2	uclust	1.0:0.9:5	HM577230	Unassigned	Root;Ascomycota;Lecanoromycetes;Lecanorales;Lecanoraceae;Rhizoplaca;Rhizoplaca_subdiscrepans	misclassification	0
F1-REF	6	2	uclust	1.0:0.9:5	AY857867	Root;Ascomycota;Sordariomycetes;Diaporthales	Root;Ascomycota;Sordariomycetes;Diaporthales;Diaporthaceae;Diaporthe;Diaporthe_phaseolorum_var_caulivora	underclassification	4
F1-REF	6	2	uclust	1.0:0.9:5	FJ624258	Root;Ascomycota;Dothideomycetes;Pleosporales;Sporormiaceae	Root;Ascomycota;Dothideomycetes;Pleosporales;Sporormiaceae;Westerdykella;Westerdykella_purpurea	underclassification	5
F1-REF	6	2	uclust	1.0:0.9:5	AF505766	Unassigned	Root;Basidiomycota;Agaricomycetes;Agaricales;Marasmiaceae;Gymnopus;Gymnopus_dichrous	misclassification	0
F1-REF	6	2	uclust	1.0:0.9:5	EU918702	Root;Ascomycota	Root;Ascomycota;Sordariomycetes;Hypocreales;Cordycipitaceae;Lecanicillium;Lecanicillium_psalliotae	underclassification	2
F1-REF	6	2	uclust	1.0:0.9:5	GU214812	Root;Basidiomycota;Agaricomycetes;Thelephorales;Thelephoraceae	Root;Basidiomycota;Agaricomycetes;Thelephorales;Thelephoraceae;Tomentella;Tomentella_fuscocinerea	underclassification	5
F1-REF	6	2	uclust	1.0:0.9:5	JQ711893	Unassigned	Root;Ascomycota;Leotiomycetes;Helotiales;Helotiaceae;Rhizoscyphus;Rhizoscyphus_ericae	misclassification	0
F1-REF	6	2	uclust	1.0:0.9:5	EF595847	Root;Basidiomycota;Agaricomycetes;Agaricales	Root;Basidiomycota;Agaricomycetes;Agaricales;Marasmiaceae;Flammulina;Flammulina_rossica	underclassification	4
F1-REF	6	2	uclust	1.0:0.9:5	AF120263	Unassigned	Root;Ascomycota;Dothideomycetes;Capnodiales;Mycosphaerellaceae;Cladosporium;Cladosporium_colocasiae	misclassification	0
F1-REF	6	2	uclust	1.0:0.9:5	UDB003218	Root;Basidiomycota;Agaricomycetes;Agaricales;Amanitaceae;Amanita	Root;Basidiomycota;Agaricomycetes;Agaricales;Amanitaceae;Amanita;Amanita_friabilis	underclassification	6
F1-REF	6	2	uclust	1.0:0.9:5	AY174089	Root;Ascomycota;Saccharomycetes;Saccharomycetales;Metschnikowiaceae;Clavispora;Clavispora_lusitaniae	Root;Ascomycota;Saccharomycetes;Saccharomycetales;Metschnikowiaceae;Clavispora;Clavispora_lusitaniae	match	7
F1-REF	6	2	uclust	1.0:0.9:5	FJ899626	Root;Basidiomycota;Agaricomycetes;Agaricales;Psathyrellaceae;Psathyrella;Psathyrella_pyrotricha	Root;Basidiomycota;Agaricomycetes;Agaricales;Psathyrellaceae;Lacrymaria;Lacrymaria_velutina	misclassification	5
F1-REF	6	2	uclust	1.0:0.9:5	DQ974740	Root;Ascomycota;Eurotiomycetes;Eurotiales;Elaphomycetaceae;Elaphomyces	Root;Ascomycota;Eurotiomycetes;Eurotiales;Elaphomycetaceae;Elaphomyces;Elaphomyces_muricatus	underclassification	6
F1-REF	6	2	uclust	1.0:0.9:5	DQ345581	Root;Ascomycota;Sordariomycetes;Hypocreales;Ophiocordycipitaceae	Root;Ascomycota;Sordariomycetes;Hypocreales;Ophiocordycipitaceae;Hirsutella;Hirsutella_vermicola	underclassification	5
F1-REF	6	2	uclust	1.0:0.9:5	EU597082	Root;Basidiomycota;Agaricomycetes;Russulales;Russulaceae;Russula;Russula_crassotunicata	Root;Basidiomycota;Agaricomycetes;Russulales;Russulaceae;Russula;Russula_crassotunicata	match	7
F1-REF	6	2	uclust	1.0:0.9:5	GU062273	Root;Ascomycota;Leotiomycetes;Helotiales;Dermateaceae	Root;Ascomycota;Leotiomycetes;Helotiales;Dermateaceae;Cryptosporiopsis;Cryptosporiopsis_radicicola	underclassification	5
F1-REF	6	2	uclust	1.0:0.9:5	EU301057	Root;Ascomycota;Sordariomycetes;Diaporthales;Valsaceae	Root;Ascomycota;Sordariomycetes;Diaporthales;Valsaceae;Cytospora;Cytospora_rhizophorae	underclassification	5
F1-REF	6	2	uclust	1.0:0.9:5	GU598069	Root;Basidiomycota;Pucciniomycetes;Pucciniales;Pucciniaceae;Puccinia;Puccinia_coronata	Root;Basidiomycota;Pucciniomycetes;Pucciniales;Pucciniaceae;Puccinia;Puccinia_coronata	match	7
F1-REF	6	2	uclust	1.0:0.9:5	FJ462754	Root;Basidiomycota;Agaricomycetes;Auriculariales;Auriculariaceae;Auricularia;Auricularia_auricula_judae	Root;Basidiomycota;Agaricomycetes;Auriculariales;Auriculariaceae;Auricularia;Auricularia_auricula_judae	match	7
F1-REF	6	2	uclust	1.0:0.9:5	AB551948	Root;Ascomycota;Dothideomycetes;Pleosporales;Pleomassariaceae;Helminthosporium;Helminthosporium_asterinum	Root;Ascomycota;Dothideomycetes;Pleosporales;Pleomassariaceae;Helminthosporium;Helminthosporium_velutinum	misclassification	6
F1-REF	6	2	uclust	1.0:0.9:5	FJ710190	Unassigned	Root;Basidiomycota;Agaricomycetes;Boletales;Calostomataceae;Calostoma;Calostoma_fuscum	misclassification	0
F1-REF	6	2	uclust	1.0:0.9:5	JQ408220	Root;Basidiomycota;Agaricomycetes;Gomphales;Gomphaceae;Ramaria;Ramaria_stricta_var_concolor	Root;Basidiomycota;Agaricomycetes;Gomphales;Gomphaceae;Ramaria;Ramaria_stricta_var_concolor	match	7
F1-REF	6	2	uclust	1.0:0.9:5	JQ408227	Root;Basidiomycota;Agaricomycetes;Gomphales;Gomphaceae;Ramaria;Ramaria_myceliosa	Root;Basidiomycota;Agaricomycetes;Gomphales;Gomphaceae;Phaeoclavulina;Phaeoclavulina_argentea	misclassification	5
F1-REF	6	2	uclust	1.0:0.9:5	FJ710195	Root;Basidiomycota;Agaricomycetes;Boletales;Calostomataceae;Calostoma;Calostoma_orirubrum	Root;Basidiomycota;Agaricomycetes;Boletales;Calostomataceae;Calostoma;Calostoma_orirubrum	match	7
F1-REF	6	2	uclust	1.0:0.9:5	HQ888720	Root;Blastocladiomycota;Blastocladiomycetes;Blastocladiales;Blastocladiaceae;Allomyces;Allomyces_arbuscula	Root;Blastocladiomycota;Blastocladiomycetes;Blastocladiales;Blastocladiaceae;Allomyces;Allomyces_javanicus	misclassification	6
F1-REF	6	2	uclust	1.0:0.9:5	DQ367917	Root;Basidiomycota;Agaricomycetes;Boletales;Suillaceae;Suillus	Root;Basidiomycota;Agaricomycetes;Boletales;Suillaceae;Suillus;Suillus_lakei	underclassification	6
F1-REF	6	2	uclust	1.0:0.9:5	EU327195	Unassigned	Root;Ascomycota;Pezizomycetes;Pezizales;Morchellaceae;Imaia;Imaia_gigantea	misclassification	0
F1-REF	6	2	uclust	1.0:0.9:5	UDB000322	Root;Basidiomycota;Agaricomycetes;Russulales;Russulaceae;Russula;Russula_olivacea	Root;Basidiomycota;Agaricomycetes;Russulales;Russulaceae;Russula;Russula_olivacea	match	7
F1-REF	6	2	uclust	1.0:0.9:5	JF908096	Root;Basidiomycota;Agaricomycetes;Agaricales;Cortinariaceae;Inocybe;Inocybe_hirculus	Root;Basidiomycota;Agaricomycetes;Agaricales;Cortinariaceae;Inocybe;Inocybe_salicis_herbaceae	misclassification	6
F1-REF	6	2	uclust	1.0:0.9:5	AY061739	Unassigned	Root;Basidiomycota;Agaricomycetes;Russulales;Gloeocystidiellaceae;Gloeocystidiellum;Gloeocystidiellum_aculeatum	misclassification	0
F1-REF	6	2	uclust	1.0:0.9:5	FJ596884	Unassigned	Root;Basidiomycota;Agaricomycetes;Agaricales;Mycenaceae;Mycena;Mycena_epipterygia	misclassification	0
F1-REF	6	2	uclust	1.0:0.9:5	AF490393	Root;Basidiomycota;Tremellomycetes;Tremellales;Exidiaceae	Root;Basidiomycota;Tremellomycetes;Tremellales;Exidiaceae;Sebacina;Sebacina_aff_epigaea_MW_526	underclassification	5
F1-REF	6	2	uclust	1.0:0.9:5	AJ307021	Root;Ascomycota;Dothideomycetes;Capnodiales;Mycosphaerellaceae;Phloeospora;Phloeospora_mimosae_pigrae	Root;Ascomycota;Dothideomycetes;Capnodiales;Mycosphaerellaceae;Phloeospora;Phloeospora_mimosae_pigrae	match	7
F1-REF	6	2	uclust	1.0:0.9:5	EU819418	Unassigned	Root;Basidiomycota;Agaricomycetes;Atheliales;Atheliaceae;Piloderma;Piloderma_byssinum	misclassification	0
F1-REF	6	2	uclust	1.0:0.9:5	EU086776	Unassigned	Root;Ascomycota;Pezizomycetes;Pezizales;Morchellaceae;Morchella;Morchella_esculenta	misclassification	0
F1-REF	6	2	uclust	1.0:0.9:5	EU819415	Root;Basidiomycota;Agaricomycetes;Cantharellales;Clavulinaceae;Clavulina	Root;Basidiomycota;Agaricomycetes;Cantharellales;Clavulinaceae;Clavulina;Clavulina_cristata	underclassification	6
F1-REF	6	2	uclust	1.0:0.9:5	AY061735	Root;Basidiomycota;Agaricomycetes;Russulales;Russulaceae;Russula	Root;Basidiomycota;Agaricomycetes;Russulales;Russulaceae;Russula;Russula_laurocerasi	underclassification	6
F1-REF	6	2	uclust	1.0:0.9:5	AF394004	Root;Ascomycota;Pezizomycetes;Pezizales;Sarcoscyphaceae;Cookeina;Cookeina_speciosa	Root;Ascomycota;Pezizomycetes;Pezizales;Sarcoscyphaceae;Cookeina;Cookeina_speciosa	match	7
F1-REF	6	2	uclust	1.0:0.9:5	AY606964	Root;Basidiomycota;Agaricomycetes;Russulales;Russulaceae;Russula	Root;Basidiomycota;Agaricomycetes;Russulales;Russulaceae;Russula;Russula_puellaris	underclassification	6
F1-REF	6	2	uclust	1.0:0.9:5	AY292453	Root;Basidiomycota;Pucciniomycetes;Platygloeales;Platygloeaceae;Helicobasidium;Helicobasidium_longisporum_II	Root;Basidiomycota;Pucciniomycetes;Platygloeales;Platygloeaceae;Helicobasidium;Helicobasidium_longisporum_II	match	7
F1-REF	6	2	uclust	1.0:0.9:5	AB509535	Root;Basidiomycota;Agaricomycetes;Russulales;Stereaceae;Stereum;Stereum_aff_gausapatum_254_285	Root;Basidiomycota;Agaricomycetes;Russulales;Stereaceae;Stereum;Stereum_ostrea	misclassification	6
F1-REF	6	2	uclust	1.0:0.9:5	U35288	Root;Ascomycota;Sordariomycetes;Hypocreales;Clavicipitaceae	Root;Ascomycota;Sordariomycetes;Hypocreales;Clavicipitaceae;Beauveria;Beauveria_vermiconia	underclassification	5
F1-REF	6	2	uclust	1.0:0.9:5	GQ389623	Root;Basidiomycota;Agaricomycetes;Boletales;Paxillaceae;Paxillus	Root;Basidiomycota;Agaricomycetes;Boletales;Paxillaceae;Paxillus;Paxillus_involutus	underclassification	6
F1-REF	6	2	uclust	1.0:0.9:5	AF053976	Unassigned	Root;Basidiomycota;Agaricomycetes;Hymenochaetales;Hymenochaetaceae;Phellinus;Porodaedalea_chrysoloma	misclassification	0
F1-REF	6	2	uclust	1.0:0.9:5	DQ780453	Root;Ascomycota;Dothideomycetes;Pleosporales;Corynesporascaceae;Corynespora	Root;Ascomycota;Dothideomycetes;Pleosporales;Corynesporascaceae;Corynespora;Corynespora_cassiicola	underclassification	6
F1-REF	6	2	uclust	1.0:0.9:5	DQ340313	Root;Basidiomycota;Agaricomycetes;Hymenochaetales;Schizoporaceae;Hyphodontia;Hyphodontia_crustosa	Root;Basidiomycota;Agaricomycetes;Hymenochaetales;Schizoporaceae;Hyphodontia;Hyphodontia_crustosa	match	7
F1-REF	6	2	uclust	1.0:0.9:5	AM882967	Unassigned	Root;Basidiomycota;Agaricomycetes;Agaricales;Cortinariaceae;Inocybe;Inocybe_tenebrosa	misclassification	0
F1-REF	6	2	uclust	1.0:0.9:5	AF309613	Root;Ascomycota;Dothideomycetes;Capnodiales;Mycosphaerellaceae	Root;Ascomycota;Dothideomycetes;Capnodiales;Mycosphaerellaceae;Phaeophleospora;Phaeophleospora_eugeniae	underclassification	5
F1-REF	6	2	uclust	1.0:0.9:5	AY375311	Root;Ascomycota;Taphrinomycetes;Taphrinales;Taphrinaceae;Taphrina	Root;Ascomycota;Taphrinomycetes;Taphrinales;Taphrinaceae;Taphrina;Taphrina_bullata	underclassification	6
F1-REF	6	2	uclust	1.0:0.9:5	EU784404	Root;Basidiomycota;Agaricomycetes;Thelephorales;Bankeraceae;Sarcodon;Sarcodon	Root;Basidiomycota;Agaricomycetes;Thelephorales;Bankeraceae;Sarcodon;Sarcodon_scabrosus	misclassification	6
F1-REF	6	2	uclust	1.0:0.9:5	FJ884179	Root;Ascomycota;Eurotiomycetes;Eurotiales;Trichocomaceae	Root;Ascomycota;Sordariomycetes;Hypocreales;Hypocreaceae;Hypocrea;Hypocrea_lixii	misclassification	2
F1-REF	6	2	uclust	1.0:0.9:5	EU434855	Root;Ascomycota;Leotiomycetes;Helotiales;Vibrisseaceae	Root;Ascomycota;Leotiomycetes;Helotiales;Vibrisseaceae;Vibrissea;Vibrissea_truncorum	underclassification	5
F1-REF	6	2	uclust	1.0:0.9:5	EU266090	Root;Ascomycota;Lecanoromycetes;Lecanorales;Lecanoraceae;Protoparmeliopsis;Lecanora_muralis	Root;Ascomycota;Lecanoromycetes;Lecanorales;Lecanoraceae;Protoparmeliopsis;Lecanora_muralis	match	7
F1-REF	6	2	uclust	1.0:0.9:5	EU266099	Root;Ascomycota;Lecanoromycetes;Lecanorales;Parmeliaceae;Parmotrema	Root;Ascomycota;Lecanoromycetes;Lecanorales;Parmeliaceae;Parmotrema;Parmotrema_reticulatum	underclassification	6
F1-REF	6	2	uclust	1.0:0.9:5	AM418549	Root;Glomeromycota;Glomeromycetes;Glomerales;Glomeraceae;Glomus;Glomus_pulvinatum	Root;Glomeromycota;Glomeromycetes;Glomerales;Glomeraceae;Glomus;Glomus_pulvinatum	match	7
F1-REF	6	2	uclust	1.0:0.9:5	FJ441038	Unassigned	Root;Basidiomycota;Agaricomycetes;Agaricales;Amanitaceae;Amanita;Amanita_hemibapha	misclassification	0
F1-REF	6	2	uclust	1.0:0.9:5	FJ861982	Root;Ascomycota;Leotiomycetes;Rhytismatales;Rhytismataceae	Root;Ascomycota;Leotiomycetes;Rhytismatales;Rhytismataceae;Lophodermium;Lophodermium_minor	underclassification	5
F1-REF	6	2	uclust	1.0:0.9:5	HQ455532	Root;Ascomycota;Lecanoromycetes;Umbilicariales;Ophioparmaceae;Boreoplaca;Boreoplaca_ultrafrigida	Root;Ascomycota;Lecanoromycetes;Umbilicariales;Ophioparmaceae;Boreoplaca;Boreoplaca_ultrafrigida	match	7
F1-REF	6	2	uclust	1.0:0.9:5	EU552138	Root;Ascomycota;Dothideomycetes;Pleosporales;Lophiostomataceae;Lophiostoma;Lophiostoma_cynaroidis	Root;Ascomycota;Dothideomycetes;Pleosporales;Lophiostomataceae;Lophiostoma;Lophiostoma_cynaroidis	match	7
F1-REF	6	2	uclust	1.0:0.9:5	EF016381	Root;Ascomycota;Eurotiomycetes;Chaetothyriales;Herpotrichiellaceae;Cladophialophora	Root;Ascomycota;Eurotiomycetes;Chaetothyriales;Herpotrichiellaceae;Cladophialophora;Cladophialophora_minutissima	underclassification	6
F1-REF	6	2	uclust	1.0:0.9:5	GQ452059	Root;Basidiomycota;Agaricomycetes;Russulales;Russulaceae;Russula;Russula_cyanoxantha	Root;Basidiomycota;Agaricomycetes;Russulales;Russulaceae;Russula;Russula_cyanoxantha	match	7
F1-REF	6	2	uclust	1.0:0.9:5	FJ903295	Root;Ascomycota;Lecanoromycetes;Agyriales;Agyriaceae;Sarea;Sarea_difformis	Root;Ascomycota;Lecanoromycetes;Agyriales;Agyriaceae;Sarea;Sarea_difformis	match	7
F1-REF	6	2	uclust	1.0:0.9:5	AF229470	Root;Ascomycota;Dothideomycetes;Pleosporales;Pleosporaceae	Root;Ascomycota;Dothideomycetes;Pleosporales;Pleosporaceae;Alternaria;Alternaria_porri	underclassification	5
F1-REF	6	2	uclust	1.0:0.9:5	FM955448	Root;Ascomycota;Sordariomycetes;Sordariales;Lasiosphaeriaceae;Cladorrhinum;Cladorrhinum_bulbillosum	Root;Ascomycota;Sordariomycetes;Sordariales;Lasiosphaeriaceae;Cladorrhinum;Cladorrhinum_bulbillosum	match	7
F1-REF	6	2	uclust	1.0:0.9:5	AY348713	Root;Basidiomycota;Pucciniomycetes;Pucciniales;Pucciniaceae;Puccinia;Puccinia_boroniae	Root;Basidiomycota;Pucciniomycetes;Pucciniales;Pucciniaceae;Puccinia;Puccinia_boroniae	match	7
F1-REF	6	2	uclust	1.0:0.9:5	FJ459970	Root;Ascomycota;Sordariomycetes;Diaporthales;Valsaceae;Valsa	Root;Ascomycota;Sordariomycetes;Hypocreales;Hypocreaceae;Trichoderma;Trichoderma_longibrachiatum	misclassification	3
F1-REF	6	2	uclust	1.0:0.9:5	EF411226	Root;Ascomycota	Root;Ascomycota;Sordariomycetes;Hypocreales;Cordycipitaceae;Phytocordyceps;Phytocordyceps_ninchukispora	underclassification	2
F1-REF	6	2	uclust	1.0:0.9:5	EF411225	Root;Ascomycota;Sordariomycetes;Hypocreales;Cordycipitaceae;Isaria	Root;Ascomycota;Sordariomycetes;Hypocreales;Cordycipitaceae;Isaria;Isaria_tenuipes	underclassification	6
F1-REF	6	2	uclust	1.0:0.9:5	AF444304	Root;Basidiomycota;Tremellomycetes;Filobasidiales;Filobasidiaceae;Cryptococcus;Cryptococcus_gastricus	Root;Basidiomycota;Tremellomycetes;Filobasidiales;Filobasidiaceae;Cryptococcus;Cryptococcus_gastricus	match	7
F1-REF	6	2	uclust	1.0:0.9:5	AY154932	Root;Ascomycota;Sordariomycetes;Hypocreales;Hypocreaceae;Hypocrea;Hypocrea_lixii	Root;Ascomycota;Sordariomycetes;Hypocreales;Hypocreaceae;Trichoderma;Trichoderma_tomentosum	misclassification	5
F1-REF	6	2	uclust	1.0:0.9:5	GU234052	Root;Basidiomycota;Agaricomycetes;Agaricales;Cortinariaceae	Root;Basidiomycota;Agaricomycetes;Agaricales;Cortinariaceae;Cortinarius;Cortinarius_obtusus	underclassification	5
F1-REF	6	2	uclust	1.0:0.9:5	EF652509	Root;Ascomycota	Root;Ascomycota;Eurotiomycetes;Eurotiales;Trichocomaceae;Aspergillus;Aspergillus_unguis	underclassification	2
F1-REF	6	2	uclust	1.0:0.9:5	AY669529	Root;Basidiomycota;Agaricomycetes;Agaricales;Cortinariaceae;Cortinarius	Root;Basidiomycota;Agaricomycetes;Agaricales;Cortinariaceae;Cortinarius;Cortinarius_percomis	underclassification	6
F1-REF	6	2	uclust	1.0:0.9:5	FJ770398	Root;Basidiomycota;Agaricomycetes;Agaricales	Root;Basidiomycota;Agaricomycetes;Agaricales;Entolomataceae;Clitopilus;Clitopilus_hobsonii	underclassification	4
F1-REF	6	2	uclust	1.0:0.9:5	AF224409	Root;Ascomycota;Lecanoromycetes;Teloschistales;Physciaceae;Physcia	Root;Ascomycota;Lecanoromycetes;Teloschistales;Physciaceae;Physcia;Physcia_stellaris	underclassification	6
F1-REF	6	2	uclust	1.0:0.9:5	AY498665	Root;Ascomycota;Lecanoromycetes;Teloschistales;Physciaceae;Pyxine	Root;Ascomycota;Lecanoromycetes;Teloschistales;Physciaceae;Pyxine;Pyxine_sorediata	underclassification	6
F1-REF	6	2	uclust	1.0:0.9:5	AF038321	Unassigned	Root;Ascomycota;Eurotiomycetes;Onygenales;Ajellomycetaceae;Emmonsia;Emmonsia_parva	misclassification	0
F1-REF	6	2	uclust	1.0:0.9:5	FJ572248	Root;Basidiomycota;Agaricomycetes;Agaricales;Pleurotaceae;Pleurotus	Root;Basidiomycota;Agaricomycetes;Agaricales;Pleurotaceae;Pleurotus;Pleurotus_eryngii_var_ferulae	underclassification	6
F1-REF	6	2	uclust	1.0:0.9:5	FN546964	Root;Ascomycota;Sordariomycetes;Ophiostomatales;Ophiostomataceae;Ophiostoma;Ophiostoma_bragantinum	Root;Ascomycota;Sordariomycetes;Ophiostomatales;Ophiostomataceae;Ophiostoma;Ophiostoma_bragantinum	match	7
F1-REF	6	2	uclust	1.0:0.9:5	AB096055	Root;Basidiomycota;Agaricomycetes;Agaricales;Amanitaceae;Amanita	Root;Basidiomycota;Agaricomycetes;Agaricales;Amanitaceae;Amanita;Amanita_rubrovolvata	underclassification	6
F1-REF	6	2	uclust	1.0:0.9:5	AF542377	Root;Ascomycota;Eurotiomycetes;Chaetothyriales;Herpotrichiellaceae;Exophiala;Exophiala_mesophila	Root;Ascomycota;Eurotiomycetes;Chaetothyriales;Herpotrichiellaceae;Exophiala;Exophiala_mesophila	match	7
F1-REF	6	2	uclust	1.0:0.9:5	EU486435	Root;Basidiomycota;Agaricomycetes;Agaricales;Tricholomataceae;Pleurotopsis;Pleurotopsis_longinqua	Root;Basidiomycota;Agaricomycetes;Agaricales;Tricholomataceae;Pleurotopsis;Pleurotopsis_longinqua	match	7
F1-REF	6	2	uclust	1.0:0.9:5	AF539471	Root;Ascomycota;Sordariomycetes;Microascales;Halosphaeriaceae;Lignincola;Lignincola_laevis	Root;Ascomycota;Sordariomycetes;Microascales;Halosphaeriaceae;Lignincola;Lignincola_laevis	match	7
F1-REF	6	2	uclust	1.0:0.9:5	EU718116	Unassigned	Root;Basidiomycota;Agaricomycetes;Boletales;Sclerodermataceae;Scleroderma;Scleroderma_areolatum	misclassification	0
F1-REF	6	2	uclust	1.0:0.9:5	DQ320135	Root;Basidiomycota;Agaricomycetes;Polyporales;Meruliaceae;Phlebia;Phlebia_centrifuga	Root;Basidiomycota;Agaricomycetes;Polyporales;Meruliaceae;Phlebia;Phlebia_centrifuga	match	7
F1-REF	6	2	uclust	1.0:0.9:5	FJ487938	Root;Ascomycota;Eurotiomycetes;Eurotiales;Trichocomaceae	Root;Ascomycota;Eurotiomycetes;Eurotiales;Trichocomaceae;Paecilomyces;Paecilomyces_variotii	underclassification	5
F1-REF	6	2	uclust	1.0:0.9:5	U21828	Root;Ascomycota;Leotiomycetes;Helotiales;Rutstroemiaceae;Lambertella;Lambertella_subrenispora	Root;Ascomycota;Leotiomycetes;Helotiales;Rutstroemiaceae;Lambertella;Lambertella_subrenispora	match	7
F1-REF	6	2	uclust	1.0:0.9:5	FJ537107	Root;Ascomycota;Eurotiomycetes;Eurotiales;Trichocomaceae	Root;Ascomycota;Eurotiomycetes;Eurotiales;Trichocomaceae;Talaromyces;Talaromyces_flavus	underclassification	5
F1-REF	6	2	uclust	1.0:0.9:5	AF387653	Root;Ascomycota;Pezizomycetes;Pezizales;Pyronemataceae;Phaeangium;Phaeangium_lefebvrei	Root;Ascomycota;Pezizomycetes;Pezizales;Pyronemataceae;Phaeangium;Phaeangium_lefebvrei	match	7
F1-REF	6	2	uclust	1.0:0.9:5	DQ240218	Root;Ascomycota;Dothideomycetes;Capnodiales	Root;Ascomycota;Dothideomycetes;Capnodiales;Teratosphaeriaceae;Teratosphaeria;Teratosphaeria_zuluensis	underclassification	4
F1-REF	6	2	uclust	1.0:0.9:5	DQ200929	Root;Basidiomycota;Agaricomycetes;Polyporales;Meruliaceae;Chondrostereum;Chondrostereum_purpureum	Root;Basidiomycota;Agaricomycetes;Polyporales;Meruliaceae;Chondrostereum;Chondrostereum_purpureum	match	7
F1-REF	6	2	uclust	1.0:0.9:5	EU123800	Root;Ascomycota;Leotiomycetes;Helotiales;Sclerotiniaceae;Sclerotinia;Sclerotinia_homoeocarpa	Root;Ascomycota;Leotiomycetes;Helotiales;Sclerotiniaceae;Sclerotinia;Sclerotinia_homoeocarpa	match	7
F1-REF	6	2	uclust	1.0:0.9:5	AB252472	Root;Ascomycota;Leotiomycetes;Erysiphales;Erysiphaceae;Erysiphe;Erysiphe_carpini_laxiflorae	Root;Ascomycota;Leotiomycetes;Erysiphales;Erysiphaceae;Erysiphe;Erysiphe_carpinicola	misclassification	6
F1-REF	6	2	uclust	1.0:0.9:5	GQ253454	Root;Basidiomycota;Agaricomycetes;Hymenochaetales;Hymenochaetaceae	Root;Basidiomycota;Agaricomycetes;Hymenochaetales;Hymenochaetaceae;Inonotus;Inocutis_rheades	underclassification	5
F1-REF	6	2	uclust	1.0:0.9:5	GQ253457	Root;Basidiomycota;Agaricomycetes;Hymenochaetales;Hymenochaetaceae	Root;Basidiomycota;Agaricomycetes;Hymenochaetales;Hymenochaetaceae;Fomitiporia;Fomitiporia_mediterranea	underclassification	5
F1-REF	6	2	uclust	1.0:0.9:5	GQ253451	Root;Basidiomycota;Agaricomycetes;Hymenochaetales;Hymenochaetaceae;Inocutis;Inocutis_tamaricis	Root;Basidiomycota;Agaricomycetes;Hymenochaetales;Hymenochaetaceae;Inocutis;Inocutis_tamaricis	match	7
F1-REF	6	2	uclust	1.0:0.9:5	GQ479544	Root;Ascomycota;Dothideomycetes;Capnodiales;Mycosphaerellaceae;Mycosphaerella;Mycosphaerella_populicola	Root;Ascomycota;Dothideomycetes;Capnodiales;Mycosphaerellaceae;Mycosphaerella;Mycosphaerella_populicola	match	7
F1-REF	6	2	uclust	1.0:0.9:5	EU833201	Unassigned	Root;Ascomycota;Eurotiomycetes;Chaetothyriales;Herpotrichiellaceae;Capronia;Capronia_semiimmersa	misclassification	0
F1-REF	6	2	uclust	1.0:0.9:5	AF097751	Unassigned	Root;Basidiomycota;Agaricomycetes;Agaricales;Phelloriniaceae;Dictyocephalos;Dictyocephalos_attenuatus	misclassification	0
F1-REF	6	2	uclust	1.0:0.9:5	AY216474	Unassigned	Root;Basidiomycota;Agaricomycetes;Agaricales;Marasmiaceae;Oudemansiella;Oudemansiella_canarii	misclassification	0
F1-REF	6	2	uclust	1.0:0.9:5	FJ805250	Root;Basidiomycota;Agaricomycetes;Polyporales;Ganodermataceae;Ganoderma	Root;Basidiomycota;Agaricomycetes;Polyporales;Ganodermataceae;Ganoderma;Ganoderma_resinaceum	underclassification	6
F1-REF	6	2	uclust	1.0:0.9:5	GU138724	Root;Ascomycota;Leotiomycetes;Rhytismatales;Rhytismataceae	Root;Ascomycota;Leotiomycetes;Rhytismatales;Rhytismataceae;Coccomyces;Coccomyces_dentatus	underclassification	5
F1-REF	6	2	uclust	1.0:0.9:5	JQ711875	Root;Basidiomycota;Agaricomycetes;Atheliales;Atheliaceae;Piloderma	Root;Basidiomycota;Agaricomycetes;Atheliales;Atheliaceae;Piloderma;Piloderma_sphaerosporum	underclassification	6
F1-REF	6	2	uclust	1.0:0.9:5	FJ195752	Root;Basidiomycota;Dacrymycetes;Dacrymycetales;Dacrymycetaceae;Calocera	Root;Basidiomycota;Dacrymycetes;Dacrymycetales;Dacrymycetaceae;Calocera;Calocera_cornea	underclassification	6
F1-REF	6	2	uclust	1.0:0.9:5	FJ603575	Unassigned	Root;Ascomycota;Dothideomycetes;Botryosphaeriales;Botryosphaeriaceae;Phyllosticta;Phyllosticta_vaccinii	misclassification	0
F1-REF	6	2	uclust	1.0:0.9:5	FJ852595	Unassigned	Root;Ascomycota;Dothideomycetes;Pleosporales;Corynesporascaceae;Corynespora;Corynespora_olivacea	misclassification	0
F1-REF	6	2	uclust	1.0:0.9:5	FJ205447	Root;Ascomycota;Sordariomycetes;Xylariales;Xylariaceae	Root;Ascomycota;Sordariomycetes;Xylariales;Xylariaceae;Xylaria;Xylaria_enteroleuca	underclassification	5
F1-REF	6	2	uclust	1.0:0.9:5	AJ973393	Root;Glomeromycota;Glomeromycetes;Glomerales;Glomeraceae	Root;Glomeromycota;Glomeromycetes;Glomerales;Glomeraceae;Glomus;Glomus_proliferum	underclassification	5
F1-REF	6	2	uclust	1.0:0.9:5	FJ426985	Root;Ascomycota;Dothideomycetes;Pleosporales;Leptosphaeriaceae;Paraphoma;Paraphoma_chrysanthemicola	Root;Ascomycota;Dothideomycetes;Pleosporales;Leptosphaeriaceae;Paraphoma;Paraphoma_chrysanthemicola	match	7
F1-REF	6	2	uclust	1.0:0.9:5	AF345821	Root;Basidiomycota;Agaricomycetes;Agaricales;Coprinaceae;Coprinus;Coprinus_comatus	Root;Basidiomycota;Agaricomycetes;Agaricales;Coprinaceae;Coprinus;Coprinus_sterquilinus	misclassification	6
F1-REF	6	2	uclust	1.0:0.9:5	DQ478667	Root;Ascomycota;Pezizomycetes;Pezizales;Tuberaceae;Tuber;Tuber_borchii	Root;Ascomycota;Pezizomycetes;Pezizales;Tuberaceae;Tuber;Tuber_dryophilum	misclassification	6
F1-REF	6	2	uclust	1.0:0.9:5	AF394046	Unassigned	Root;Ascomycota;Pezizomycetes;Pezizales;Sarcoscyphaceae;Microstoma;Microstoma_floccosum	misclassification	0
F1-REF	6	2	uclust	1.0:0.9:5	EU526005	Root;Basidiomycota;Agaricomycetes;Boletales;Boletaceae;Boletus	Root;Basidiomycota;Agaricomycetes;Boletales;Boletaceae;Boletus;Boletus_subtomentosus	underclassification	6
F1-REF	6	2	uclust	1.0:0.9:5	AY061672	Root;Basidiomycota;Agaricomycetes;Russulales;Russulaceae;Russula	Root;Basidiomycota;Agaricomycetes;Russulales;Russulaceae;Russula;Russula_drimeia	underclassification	6
F1-REF	6	2	uclust	1.0:0.9:5	EU526002	Unassigned	Root;Basidiomycota;Agaricomycetes;Agaricales;Entolomataceae;Entoloma;Entoloma_madidum	misclassification	0
F1-REF	6	2	uclust	1.0:0.9:5	EU266100	Root;Ascomycota;Lecanoromycetes;Teloschistales;Physciaceae;Phaeophyscia;Phaeophyscia_melanchra	Root;Ascomycota;Lecanoromycetes;Teloschistales;Physciaceae;Phaeophyscia;Phaeophyscia_melanchra	match	7
F1-REF	6	2	uclust	1.0:0.9:5	EU266103	Unassigned	Root;Ascomycota;Lecanoromycetes;Lecanorales;Parmeliaceae;Parmelia;Parmelia_omphalodes	misclassification	0
F1-REF	6	2	uclust	1.0:0.9:5	EU266105	Root;Ascomycota;Lecanoromycetes;Teloschistales;Physciaceae	Root;Ascomycota;Lecanoromycetes;Teloschistales;Physciaceae;Phaeophyscia;Phaeophyscia_exornatula	underclassification	5
F1-REF	6	2	uclust	1.0:0.9:5	GQ329043	Unassigned	Root;Basidiomycota;Agaricomycetes;Agaricales;Agaricaceae;Leucoagaricus;Leucoagaricus_tener	misclassification	0
F1-REF	6	2	uclust	1.0:0.9:5	GQ329046	Unassigned	Root;Basidiomycota;Agaricomycetes;Agaricales;Agaricaceae;Leucoagaricus;Leucoagaricus_croceovelutinus	misclassification	0
F1-REF	6	2	uclust	1.0:0.9:5	JN943381	Root;Ascomycota;Sordariomycetes;Microascales;Halosphaeriaceae;Corollospora;Corollospora_angusta	Root;Ascomycota;Sordariomycetes;Microascales;Halosphaeriaceae;Corollospora;Corollospora_angusta	match	7
F1-REF	6	2	uclust	1.0:0.9:5	EU697243	Root;Ascomycota;Pezizomycetes;Pezizales;Helvellaceae;Helvella;Helvella_crassitunica	Root;Ascomycota;Pezizomycetes;Pezizales;Helvellaceae;Helvella;Helvella_crassitunica	match	7
F1-REF	6	2	uclust	1.0:0.9:5	AB211270	Root;Basidiomycota;Agaricomycetes	Root;Basidiomycota;Agaricomycetes;Agaricales;Hydnangiaceae;Laccaria;Laccaria_amethystina	underclassification	3
F1-REF	6	2	uclust	1.0:0.9:5	FJ845434	Root;Basidiomycota;Agaricomycetes;Russulales;Russulaceae;Russula	Root;Basidiomycota;Agaricomycetes;Russulales;Russulaceae;Russula;Russula_sanguinea	underclassification	6
F1-REF	6	2	uclust	1.0:0.9:5	EU249480	Root;Ascomycota;Eurotiomycetes;Verrucariales;Verrucariaceae;Thelidium	Root;Ascomycota;Eurotiomycetes;Verrucariales;Verrucariaceae;Thelidium;Thelidium_pluvium	underclassification	6
F1-REF	6	2	uclust	1.0:0.9:5	EU707859	Root;Ascomycota;Dothideomycetes;Capnodiales;Teratosphaeriaceae;Teratosphaeria	Root;Ascomycota;Dothideomycetes;Capnodiales;Teratosphaeriaceae;Teratosphaeria;Teratosphaeria_bellula	underclassification	6
F1-REF	6	2	uclust	1.0:0.9:5	EU784442	Unassigned	Root;Ascomycota;Leotiomycetes;Helotiales;Geoglossaceae;Trichoglossum;Trichoglossum_hirsutum	misclassification	0
F1-REF	6	2	uclust	1.0:0.9:5	AB210074	Root;Basidiomycota;Agaricomycetes;Polyporales;Meruliaceae;Phlebia	Root;Basidiomycota;Agaricomycetes;Polyporales;Meruliaceae;Phlebia;Phlebia_acanthocystis	underclassification	6
F1-REF	6	2	uclust	1.0:0.9:5	EU784364	Root;Basidiomycota;Agaricomycetes	Root;Basidiomycota;Agaricomycetes;Boletales;Hymenogasteraceae;Hymenogaster;Hymenogaster_tener	underclassification	3
F1-REF	6	2	uclust	1.0:0.9:5	DQ534565	Root;Basidiomycota;Agaricomycetes;Boletales;Boletaceae;Chamonixia;Chamonixia_caespitosa	Root;Basidiomycota;Agaricomycetes;Boletales;Boletaceae;Chamonixia;Chamonixia_caespitosa	match	7
F1-REF	6	2	uclust	1.0:0.9:5	AF096979	Root;Basidiomycota;Agaricomycetes;Russulales;Russulaceae;Lactarius;Lactarius_subumbonatus	Root;Basidiomycota;Agaricomycetes;Russulales;Russulaceae;Lactarius;Lactarius_zonarius	misclassification	6
F1-REF	6	2	uclust	1.0:0.9:5	EF441995	Root;Ascomycota;Pezizomycetes;Pezizales;Rhizinaceae;Phymatotrichopsis;Phymatotrichopsis_omnivora	Root;Ascomycota;Pezizomycetes;Pezizales;Rhizinaceae;Phymatotrichopsis;Phymatotrichopsis_omnivora	match	7
F1-REF	6	2	uclust	1.0:0.9:5	EU784286	Root;Basidiomycota;Agaricomycetes;Agaricales;Hygrophoraceae;Hygrocybe;Hygrocybe_cantharellus	Root;Basidiomycota;Agaricomycetes;Agaricales;Hygrophoraceae;Hygrocybe;Hygrocybe_cantharellus	match	7
F1-REF	6	2	uclust	1.0:0.9:5	AB071799	Root;Basidiomycota;Agaricomycetes;Agaricales;Psathyrellaceae;Coprinopsis	Root;Basidiomycota;Agaricomycetes;Agaricales;Psathyrellaceae;Coprinopsis;Coprinopsis_echinospora	underclassification	6
F1-REF	6	2	uclust	1.0:0.9:5	FJ861426	Root;Ascomycota;Eurotiomycetes;Eurotiales;Trichocomaceae	Root;Ascomycota;Eurotiomycetes;Eurotiales;Trichocomaceae;Penicillium;Penicillium_herquei	underclassification	5
F1-REF	6	2	uclust	1.0:0.9:5	EF546655	Root;Ascomycota;Sordariomycetes;Hypocreales;Ophiocordycipitaceae	Root;Ascomycota;Sordariomycetes;Hypocreales;Ophiocordycipitaceae;Hirsutella;Hirsutella_rhossiliensis	underclassification	5
F1-REF	6	2	uclust	1.0:0.9:5	FJ431277	Root;Basidiomycota;Agaricomycetes;Agaricales;Marasmiaceae;Marasmius	Root;Basidiomycota;Agaricomycetes;Agaricales;Marasmiaceae;Marasmius;Marasmius_tenuissimus	underclassification	6
F1-REF	6	2	uclust	1.0:0.9:5	FJ532370	Root;Ascomycota;Lecanoromycetes;Lecanorales;Hymeneliaceae;Aspicilia;Aspicilia_aquatica	Root;Ascomycota;Lecanoromycetes;Lecanorales;Hymeneliaceae;Aspicilia;Aspicilia_aquatica	match	7
F1-REF	6	2	uclust	1.0:0.9:5	FJ431272	Root;Basidiomycota;Agaricomycetes;Agaricales;Marasmiaceae;Marasmius	Root;Basidiomycota;Agaricomycetes;Agaricales;Marasmiaceae;Marasmius;Marasmius_siccus	underclassification	6
F1-REF	6	2	uclust	1.0:0.9:5	EF570499	Root;Ascomycota;Dothideomycetes;Botryosphaeriales;Botryosphaeriaceae	Root;Ascomycota;Dothideomycetes;Botryosphaeriales;Botryosphaeriaceae;Neoscytalidium;Neoscytalidium_dimidiatum	underclassification	5
F1-REF	6	2	uclust	1.0:0.9:5	AY606959	Root;Basidiomycota;Agaricomycetes;Russulales;Russulaceae	Root;Basidiomycota;Agaricomycetes;Russulales;Russulaceae;Lactifluus;Lactarius_volemus	underclassification	5
F1-REF	6	2	uclust	1.0:0.9:5	EU551203	Root;Ascomycota;Eurotiomycetes;Eurotiales;Trichocomaceae;Penicillium	Root;Ascomycota;Eurotiomycetes;Eurotiales;Trichocomaceae;Penicillium;Penicillium_commune	underclassification	6
F1-REF	6	2	uclust	1.0:0.9:5	U51947	Root;Ascomycota;Orbiliomycetes;Orbiliales;Orbiliaceae;Arthrobotrys;Arthrobotrys_javanica	Root;Ascomycota;Orbiliomycetes;Orbiliales;Orbiliaceae;Arthrobotrys;Arthrobotrys_javanica	match	7
F1-REF	6	2	uclust	1.0:0.9:5	AF332112	Root;Ascomycota;Lecanoromycetes;Lecanorales;Hymeneliaceae;Aspicilia;Aspicilia_cinerea	Root;Ascomycota;Lecanoromycetes;Lecanorales;Hymeneliaceae;Aspicilia;Aspicilia_cinerea	match	7
F1-REF	6	2	uclust	1.0:0.9:5	GU187529	Root;Basidiomycota;Agaricomycetes;Boletales;Coniophoraceae;Leucogyrophana;Leucogyrophana_romellii	Root;Basidiomycota;Agaricomycetes;Boletales;Coniophoraceae;Leucogyrophana;Leucogyrophana_romellii	match	7
F1-REF	6	2	uclust	1.0:0.9:5	HQ654894	Root;Ascomycota;Sordariomycetes;Diaporthales;Valsaceae	Root;Ascomycota;Sordariomycetes;Diaporthales;Valsaceae;Valsa;Valsa_kunzei	underclassification	5
F1-REF	6	2	uclust	1.0:0.9:5	FJ375252	Root;Basidiomycota;Agaricomycetes;Agaricales;Pluteaceae;Pluteus;Pluteus_thomsonii	Root;Basidiomycota;Agaricomycetes;Agaricales;Pluteaceae;Pluteus;Pluteus_thomsonii	match	7
F1-REF	6	2	uclust	1.0:0.9:5	AF083191	Root;Ascomycota;Sordariomycetes;Chaetosphaeriales;Chaetosphaeriaceae;Chaetosphaeria;Chaetosphaeria_myriocarpa	Root;Ascomycota;Sordariomycetes;Chaetosphaeriales;Chaetosphaeriaceae;Chaetosphaeria;Phialophora_phaeophora	misclassification	6
F1-REF	6	2	uclust	1.0:0.9:5	AF444331	Unassigned	Root;Basidiomycota;Tremellomycetes;Tremellales;Tremellaceae;Tremella;Tremella_moriformis	misclassification	0
F1-REF	6	2	uclust	1.0:0.9:5	EU137332	Unassigned	Root;Ascomycota;Eurotiomycetes;Chaetothyriales;Herpotrichiellaceae;Exophiala;Exophiala_angulospora	misclassification	0
F1-REF	6	2	uclust	1.0:0.9:5	EF026134	Root;Ascomycota;Sordariomycetes;Xylariales;Xylariaceae;Biscogniauxia;Biscogniauxia_mediterranea	Root;Ascomycota;Sordariomycetes;Xylariales;Xylariaceae;Biscogniauxia;Biscogniauxia_mediterranea	match	7
F1-REF	6	2	uclust	1.0:0.9:5	EF175511	Root;Basidiomycota;Agaricomycetes;Agaricales;Marasmiaceae	Root;Basidiomycota;Agaricomycetes;Agaricales;Marasmiaceae;Marasmiellus;Marasmiellus_paspali	underclassification	5
F1-REF	6	2	uclust	1.0:0.9:5	EU149926	Unassigned	Root;Ascomycota;Sordariomycetes;Hypocreales;Ophiocordycipitaceae;Ophiocordyceps;Ophiocordyceps_crinalis	misclassification	0
F1-REF	6	2	uclust	1.0:0.9:5	DQ381951	Root;Ascomycota;Sordariomycetes;Hypocreales	Root;Ascomycota;Sordariomycetes;Hypocreales;Hypocreaceae;Gliocephalotrichum;Gliocephalotrichum_bulbilium	underclassification	4
F1-REF	6	2	uclust	1.0:0.9:5	GQ458022	Unassigned	Root;Ascomycota;Saccharomycetes;Saccharomycetales;Dipodascaceae;Galactomyces;Galactomyces_geotrichum	misclassification	0
F1-REF	6	2	uclust	1.0:0.9:5	AY089739	Root;Basidiomycota;Agaricomycetes;Polyporales;Polyporaceae;Perenniporia;Perenniporia_subacida	Root;Basidiomycota;Agaricomycetes;Polyporales;Polyporaceae;Perenniporia;Perenniporia_subacida	match	7
F1-REF	6	2	uclust	1.0:0.9:5	EU655680	Root;Basidiomycota;Agaricomycetes;Agaricales;Cortinariaceae;Cortinarius	Root;Basidiomycota;Agaricomycetes;Agaricales;Cortinariaceae;Cortinarius;Cortinarius_cisticola	underclassification	6
F1-REF	6	2	uclust	1.0:0.9:5	FJ379261	Root	Root;Basidiomycota;Agaricomycetes;Polyporales;Polyporaceae;Lentinus;Lentinus_sajor_caju	underclassification	1
F1-REF	6	2	uclust	1.0:0.9:5	AB214899	Root;Basidiomycota;Agaricomycetes;Agaricales;Marasmiaceae;Pleurocybella;Pleurocybella_porrigens	Root;Basidiomycota;Agaricomycetes;Agaricales;Marasmiaceae;Pleurocybella;Pleurocybella_porrigens	match	7
F1-REF	6	2	uclust	1.0:0.9:5	FJ231440	Root;Ascomycota;Saccharomycetes;Saccharomycetales;Saccharomycodaceae;Hanseniaspora;Hanseniaspora_vineae	Root;Ascomycota;Saccharomycetes;Saccharomycetales;Saccharomycodaceae;Hanseniaspora;Hanseniaspora_vineae	match	7
F1-REF	6	2	uclust	1.0:0.9:5	AJ301709	Root;Ascomycota;Dothideomycetes;Pleosporales;Pleosporaceae;Alternaria	Root;Ascomycota;Dothideomycetes;Pleosporales;Pleosporaceae;Alternaria;Alternaria_tenuissima	underclassification	6
F1-REF	6	2	uclust	1.0:0.9:5	AF454401	Root;Basidiomycota;Agaricomycetes;Russulales;Auriscalpiaceae;Artomyces	Root;Basidiomycota;Agaricomycetes;Russulales;Auriscalpiaceae;Artomyces;Artomyces_turgidus	underclassification	6
F1-REF	6	2	uclust	1.0:0.9:5	EF051729	Root;Ascomycota;Sordariomycetes;Hypocreales;Clavicipitaceae;Metarhizium	Root;Ascomycota;Sordariomycetes;Hypocreales;Clavicipitaceae;Metarhizium;Metarhizium_anisopliae	underclassification	6
F1-REF	6	2	uclust	1.0:0.9:5	AJ786582	Unassigned	Root;Ascomycota;Sordariomycetes;Hypocreales;Ophiocordycipitaceae;Ophiocordyceps;Ophiocordyceps_myrmecophila	misclassification	0
F1-REF	6	2	uclust	1.0:0.9:5	AY818348	Root;Basidiomycota;Agaricomycetes;Agaricales;Bolbitiaceae;Agrocybe;Agrocybe_pediades	Root;Basidiomycota;Agaricomycetes;Agaricales;Bolbitiaceae;Agrocybe;Agrocybe_praecox	misclassification	6
F1-REF	6	2	uclust	1.0:0.9:5	AF373978	Root;Ascomycota;Eurotiomycetes;Pyrenulales;Xanthopyreniaceae;Pyrenocollema;Pyrenocollema_halodytes	Root;Ascomycota;Eurotiomycetes;Pyrenulales;Xanthopyreniaceae;Pyrenocollema;Pyrenocollema_halodytes	match	7
F1-REF	6	2	uclust	1.0:0.9:5	DQ534564	Root;Basidiomycota;Agaricomycetes;Boletales;Boletaceae;Boletus;Boletus_pallidus	Root;Basidiomycota;Agaricomycetes;Boletales;Boletaceae;Boletus;Boletus_pallidus	match	7
F1-REF	6	2	uclust	1.0:0.9:5	AB239342	Root;Ascomycota;Lecanoromycetes;Peltigerales;Lobariaceae;Sticta;Sticta_wrightii	Root;Ascomycota;Lecanoromycetes;Peltigerales;Lobariaceae;Sticta;Sticta_wrightii	match	7
F1-REF	6	2	uclust	1.0:0.9:5	EU681289	Root;Ascomycota;Lecanoromycetes;Teloschistales;Teloschistaceae;Xanthoria	Root;Ascomycota;Lecanoromycetes;Teloschistales;Teloschistaceae;Xanthoria;Xanthoria_parietina	underclassification	6
F1-REF	6	2	uclust	1.0:0.9:5	EF413591	Root;Ascomycota;Leotiomycetes;Helotiales;Dermateaceae	Root;Ascomycota;Leotiomycetes;Helotiales;Dermateaceae;Cryptosporiopsis;Cryptosporiopsis_ericae	underclassification	5
F1-REF	6	2	uclust	1.0:0.9:5	GQ409518	Unassigned	Root;Basidiomycota;Agaricomycetes;Polyporales;Hyphodermataceae;Hyphoderma;Hyphoderma_setigerum	misclassification	0
F1-REF	6	2	uclust	1.0:0.9:5	AB036899	Root;Basidiomycota;Agaricomycetes;Agaricales;Tricholomataceae;Tricholoma	Root;Basidiomycota;Agaricomycetes;Agaricales;Tricholomataceae;Tricholoma;Tricholoma_sejunctum	underclassification	6
F1-REF	6	2	uclust	1.0:0.9:5	JN712455	Root;Ascomycota;Dothideomycetes	Root;Ascomycota;Dothideomycetes;Pleosporales;Leptosphaeriaceae;Coniothyrium;Coniothyrium_nitidae	underclassification	3
F1-REF	6	2	uclust	1.0:0.9:5	AF444418	Root;Basidiomycota;Tremellomycetes;Cystofilobasidiales;Cystofilobasidiaceae;Guehomyces;Guehomyces_pullulans	Root;Basidiomycota;Tremellomycetes;Cystofilobasidiales;Cystofilobasidiaceae;Guehomyces;Guehomyces_pullulans	match	7
F1-REF	6	2	uclust	1.0:0.9:5	AY236323	Root;Glomeromycota;Glomeromycetes;Glomerales;Glomeraceae;Glomus	Root;Glomeromycota;Glomeromycetes;Glomerales;Glomeraceae;Glomus;Glomus_etunicatum	underclassification	6
F1-REF	6	2	uclust	1.0:0.9:5	EU652348	Unassigned	Root;Ascomycota;Leotiomycetes;Rhytismatales;Cudoniaceae;Cudonia;Cudonia_monticola	misclassification	0
F1-REF	6	2	uclust	1.0:0.9:5	JF908252	Root;Basidiomycota;Agaricomycetes;Agaricales;Cortinariaceae;Inocybe;Inocybe_pelargonium	Root;Basidiomycota;Agaricomycetes;Agaricales;Cortinariaceae;Inocybe;Inocybe_pelargonium	match	7
F1-REF	6	2	uclust	1.0:0.9:5	AJ544211	Root;Ascomycota;Pezizomycetes;Pezizales;Helvellaceae;Helvella;Helvella_terrestris	Root;Ascomycota;Pezizomycetes;Pezizales;Helvellaceae;Helvella;Helvella_lacunosa	misclassification	6
F1-REF	6	2	uclust	1.0:0.9:5	AY669578	Unassigned	Root;Basidiomycota;Agaricomycetes;Agaricales;Cortinariaceae;Cortinarius;Cortinarius_violaceus	misclassification	0
F1-REF	6	2	uclust	1.0:0.9:5	EU652342	Unassigned	Root;Basidiomycota;Agaricomycetes;Gomphales;Gomphaceae;Ramaria;Ramaria_largentii	misclassification	0
F1-REF	6	2	uclust	1.0:0.9:5	JN813403	Root;Ascomycota;Lecanoromycetes;Teloschistales;Teloschistaceae;Caloplaca	Root;Ascomycota;Lecanoromycetes;Teloschistales;Teloschistaceae;Caloplaca;Caloplaca_cretensis	underclassification	6
F1-REF	6	2	uclust	1.0:0.9:5	AF454086	Root;Ascomycota;Eurotiomycetes;Eurotiales;Trichocomaceae;Thysanophora;Thysanophora_penicillioides	Root;Ascomycota;Eurotiomycetes;Eurotiales;Trichocomaceae;Thysanophora;Thysanophora_penicillioides	match	7
F1-REF	6	2	uclust	1.0:0.9:5	FJ185308	Unassigned	Root;Ascomycota;Sordariomycetes;Xylariales;Xylariaceae;Hypoxylon;Hypoxylon_investiens	misclassification	0
F1-REF	6	2	uclust	1.0:0.9:5	HQ917070	Root;Ascomycota;Lecanoromycetes;Teloschistales;Teloschistaceae;Caloplaca;Caloplaca_intrudens	Root;Ascomycota;Lecanoromycetes;Teloschistales;Teloschistaceae;Caloplaca;Caloplaca_intrudens	match	7
F1-REF	6	2	uclust	1.0:0.9:5	FJ194521	Root;Ascomycota;Dothideomycetes	Root;Ascomycota;Dothideomycetes;Capnodiales;Mycosphaerellaceae;Mycosphaerella;Ascochyta_pinodes	underclassification	3
F1-REF	6	2	uclust	1.0:0.9:5	AJ270799	Root;Ascomycota;Eurotiomycetes;Onygenales;Arthrodermataceae;Trichophyton	Root;Ascomycota;Eurotiomycetes;Onygenales;Arthrodermataceae;Trichophyton;Trichophyton_rubrum	underclassification	6
F1-REF	6	2	uclust	1.0:0.9:5	AF163025	Root;Ascomycota;Sordariomycetes;Hypocreales;Nectriaceae;Nectria	Root;Ascomycota;Sordariomycetes;Hypocreales;Nectriaceae;Nectria;Nectria_cinnabarina	underclassification	6
F1-REF	6	2	uclust	1.0:0.9:5	FJ439582	Root;Ascomycota;Sordariomycetes;Hypocreales	Root;Ascomycota;Sordariomycetes;Hypocreales;Clavicipitaceae;Pochonia;Pochonia_suchlasporia	underclassification	4
F1-REF	6	2	uclust	1.0:0.9:5	FJ153216	Root;Ascomycota;Saccharomycetes;Saccharomycetales;Saccharomycetaceae;Saccharomyces;Saccharomyces_bulderi	Root;Ascomycota;Saccharomycetes;Saccharomycetales;Saccharomycetaceae;Kazachstania;Kazachstania_exigua	misclassification	5
F1-REF	6	2	uclust	1.0:0.9:5	HQ714768	Root;Basidiomycota;Agaricomycetes;Boletales;Paxillaceae;Alpova	Root;Basidiomycota;Agaricomycetes;Boletales;Paxillaceae;Alpova;Alpova_corsicus	underclassification	6
F1-REF	6	2	uclust	1.0:0.9:5	EU622257	Unassigned	Root;Basidiomycota;Agaricomycetes;Agaricales;Lycoperdaceae;Lycoperdon;Lycoperdon_perlatum	misclassification	0
F1-REF	6	2	uclust	1.0:0.9:5	AM774155	Root;Ascomycota;Sordariomycetes;Microascales;Microascaceae	Root;Ascomycota;Sordariomycetes;Microascales;Microascaceae;Wardomyces;Wardomyces_inflatus	underclassification	5
F1-REF	6	2	uclust	1.0:0.9:5	GQ253463	Unassigned	Root;Basidiomycota;Agaricomycetes;Hymenochaetales;Hymenochaetaceae;Inonotus;Inonotus_obliquus	misclassification	0
F1-REF	6	2	uclust	1.0:0.9:5	AY194526	Unassigned	Root;Basidiomycota;Agaricomycetes;Agaricales;Bolbitiaceae;Conocybe;Conocybe_apala	misclassification	0
F1-REF	6	2	uclust	1.0:0.9:5	HQ660442	Unassigned	Root;Ascomycota;Eurotiomycetes;Eurotiales;Trichocomaceae;Paecilomyces;Paecilomyces_carneus	misclassification	0
F1-REF	6	2	uclust	1.0:0.9:5	FM202494	Root;Basidiomycota;Agaricomycetes;Polyporales;Meripilaceae;Physisporinus;Physisporinus_vitreus	Root;Basidiomycota;Agaricomycetes;Polyporales;Meripilaceae;Physisporinus;Physisporinus_vitreus	match	7
F1-REF	6	2	uclust	1.0:0.9:5	AF309519	Unassigned	Root;Basidiomycota;Agaricomycetes;Agaricales;Tricholomataceae;Tricholoma;Tricholoma_caligatum	misclassification	0
F1-REF	6	2	uclust	1.0:0.9:5	AB361654	Unassigned	Root;Ascomycota;Eurotiomycetes;Onygenales;Onygenaceae;Uncinocarpus;Uncinocarpus_reesii	misclassification	0
F1-REF	6	2	uclust	1.0:0.9:5	AF335455	Unassigned	Root;Ascomycota;Pezizomycetes;Pezizales;Helvellaceae;Helvella;Helvella_elastica	misclassification	0
F1-REF	6	2	uclust	1.0:0.9:5	HQ888732	Unassigned	Root;Blastocladiomycota;Blastocladiomycetes;Blastocladiales;Catenariaceae;Catenaria;Catenaria_anguillulae	misclassification	0
F1-REF	6	2	uclust	1.0:0.9:5	FJ596810	Unassigned	Root;Basidiomycota;Agaricomycetes;Agaricales;Bolbitiaceae;Agrocybe;Agrocybe_erebia	misclassification	0
F1-REF	6	2	uclust	1.0:0.9:5	DQ149849	Unassigned	Root;Basidiomycota;Agaricomycetes;Agaricales;Hydnangiaceae;Laccaria;Laccaria_laccata_var_pallidifolia	misclassification	0
F1-REF	6	2	uclust	1.0:0.9:5	FJ230992	Root;Ascomycota;Eurotiomycetes;Eurotiales;Trichocomaceae;Penicillium	Root;Ascomycota;Eurotiomycetes;Eurotiales;Trichocomaceae;Penicillium;Penicillium_citrinum	underclassification	6
F1-REF	6	2	uclust	1.0:0.9:5	UDB011512	Root;Basidiomycota;Agaricomycetes;Agaricales;Hydnangiaceae;Laccaria	Root;Basidiomycota;Agaricomycetes;Agaricales;Hydnangiaceae;Laccaria;Laccaria_amethystea	underclassification	6
F1-REF	6	2	uclust	1.0:0.9:5	EF447378	Root;Ascomycota;Sordariomycetes;Diaporthales;Valsaceae	Root;Ascomycota;Sordariomycetes;Diaporthales;Valsaceae;Valsa;Cytospora_nivea	underclassification	5
F1-REF	6	2	uclust	1.0:0.9:5	DQ411545	Root;Ascomycota;Eurotiomycetes;Eurotiales;Trichocomaceae	Root;Ascomycota;Eurotiomycetes;Eurotiales;Trichocomaceae;Eurotium;Eurotium_repens	underclassification	5
F1-REF	6	2	uclust	1.0:0.9:5	AF010500	Root;Ascomycota;Leotiomycetes;Helotiales;Sclerotiniaceae	Root;Ascomycota;Leotiomycetes;Helotiales;Sclerotiniaceae;Monilinia;Monilinia_fructicola	underclassification	5
F1-REF	6	2	uclust	1.0:0.9:5	AF325665	Root;Basidiomycota;Agaricomycetes;Agaricales;Cortinariaceae;Inocybe;Inocybe_calospora	Root;Basidiomycota;Agaricomycetes;Agaricales;Cortinariaceae;Inocybe;Inocybe_calospora	match	7
F1-REF	6	2	uclust	1.0:0.9:5	EU784402	Unassigned	Root;Basidiomycota;Agaricomycetes;Thelephorales;Bankeraceae;Sarcodon;Sarcodon_glaucopus	misclassification	0
F1-REF	6	2	uclust	1.0:0.9:5	HM467652	Root;Ascomycota;Dothideomycetes;Botryosphaeriales;Botryosphaeriaceae;Sphaeropsis	Root;Ascomycota;Dothideomycetes;Botryosphaeriales;Botryosphaeriaceae;Sphaeropsis;Sphaeropsis_sapinea	underclassification	6
F1-REF	6	2	uclust	1.0:0.9:5	AF373985	Unassigned	Root;Ascomycota;Eurotiomycetes;Pyrenulales;Xanthopyreniaceae;Collemopsidium;Collemopsidium_foveolata	misclassification	0
F1-REF	6	2	uclust	1.0:0.9:5	EF447406	Root;Ascomycota;Sordariomycetes;Diaporthales;Valsaceae	Root;Ascomycota;Sordariomycetes;Diaporthales;Valsaceae;Leucostoma;Leucostoma_cinctum	underclassification	5
F1-REF	6	2	uclust	1.0:0.9:5	DQ860780	Root;Ascomycota;Eurotiomycetes;Onygenales;Arthrodermataceae;Arthroderma;Arthroderma_cajetani	Root;Ascomycota;Eurotiomycetes;Onygenales;Arthrodermataceae;Arthroderma;Arthroderma_cajetani	match	7
F1-REF	6	2	uclust	1.0:0.9:5	FJ839620	Root;Ascomycota;Leotiomycetes;Helotiales;Hyaloscyphaceae;Haplographium;Haplographium_catenatum	Root;Ascomycota;Leotiomycetes;Helotiales;Hyaloscyphaceae;Haplographium;Haplographium_catenatum	match	7
F1-REF	6	2	uclust	1.0:0.9:5	EU664474	Root;Ascomycota;Eurotiomycetes;Eurotiales;Trichocomaceae;Aspergillus;Aspergillus_candidus	Root;Ascomycota;Eurotiomycetes;Eurotiales;Trichocomaceae;Aspergillus;Aspergillus_candidus	match	7
F1-REF	6	2	uclust	1.0:0.9:5	AF042433	Root;Basidiomycota;Tremellomycetes;Tremellales;Tremellaceae;Tremella;Tremella_mesenterica	Root;Basidiomycota;Tremellomycetes;Tremellales;Tremellaceae;Tremella;Tremella_tropica	misclassification	6
F1-REF	6	2	uclust	1.0:0.9:5	EU295634	Root;Ascomycota;Dothideomycetes;Pleosporales;Montagnulaceae;Paraconiothyrium	Root;Ascomycota;Dothideomycetes;Pleosporales;Montagnulaceae;Paraconiothyrium;Paraconiothyrium_brasiliense	underclassification	6
F1-REF	6	2	uclust	1.0:0.9:5	FJ545253	Unassigned	Root;Basidiomycota;Tremellomycetes;Cystofilobasidiales;Cystofilobasidiaceae;Cystofilobasidium;Cystofilobasidium_capitatum	misclassification	0
F1-REF	6	2	uclust	1.0:0.9:5	EF029217	Unassigned	Root;Ascomycota;Sordariomycetes;Hypocreales;Nectriaceae;Fusidium;Fusidium_griseum	misclassification	0
F1-REF	6	2	uclust	1.0:0.9:5	FJ348707	Root;Basidiomycota;Agaricomycetes;Russulales;Russulaceae;Lactarius	Root;Basidiomycota;Agaricomycetes;Russulales;Russulaceae;Lactarius;Lactarius_badiopallescens	underclassification	6
F1-REF	6	2	uclust	1.0:0.9:5	AB453031	Root;Basidiomycota;Agaricomycetes;Boletales;Boletaceae;Mycoamaranthus;Mycoamaranthus_cambodgensis	Root;Basidiomycota;Agaricomycetes;Boletales;Boletaceae;Mycoamaranthus;Mycoamaranthus_cambodgensis	match	7
F1-REF	6	2	uclust	1.0:0.9:5	AM269795	Unassigned	Root;Basidiomycota;Agaricomycetes;Hymenochaetales;Hymenochaetaceae;Fuscoporia;Fuscoporia_gilva	misclassification	0
F1-REF	6	2	uclust	1.0:0.9:5	GU199417	Root;Ascomycota;Sordariomycetes;Diaporthales;Valsaceae	Root;Ascomycota;Sordariomycetes;Diaporthales;Valsaceae;Cytospora;Cytospora_eucalypticola	underclassification	5
F1-REF	6	2	uclust	1.0:0.9:5	GQ397994	Unassigned	Root;Basidiomycota;Agaricomycetes;Agaricales;Entolomataceae;Entoloma;Entoloma_sinuatum	misclassification	0
F1-REF	6	2	uclust	1.0:0.9:5	AB360370	Root;Ascomycota;Sordariomycetes;Hypocreales	Root;Ascomycota;Sordariomycetes;Hypocreales;Cordycipitaceae;Lecanicillium;Lecanicillium_fusisporum	underclassification	4
F1-REF	6	2	uclust	1.0:0.9:5	AJ271422	Root;Ascomycota;Eurotiomycetes;Onygenales;Onygenaceae;Auxarthron;Auxarthron_kuehnii	Root;Ascomycota;Eurotiomycetes;Onygenales;Onygenaceae;Auxarthron;Auxarthron_kuehnii	match	7
F1-REF	6	2	uclust	1.0:0.9:5	AF491621	Root;Ascomycota;Pezizomycetes;Pezizales;Pezizaceae;Peziza;Peziza_campestris	Root;Ascomycota;Pezizomycetes;Pezizales;Pezizaceae;Peziza;Peziza_ammophila	misclassification	6
F1-REF	6	2	uclust	1.0:0.9:5	AB054036	Root;Ascomycota;Saccharomycetes;Saccharomycetales;Pichiaceae;Pichia;Pichia_manshurica	Root;Ascomycota;Saccharomycetes;Saccharomycetales;Pichiaceae;Pichia;Pichia_manshurica	match	7
F1-REF	6	2	uclust	1.0:0.9:5	AB054038	Root;Ascomycota;Saccharomycetes;Saccharomycetales;Saccharomycodaceae;Hanseniaspora;Hanseniaspora_uvarum	Root;Ascomycota;Saccharomycetes;Saccharomycetales;Saccharomycodaceae;Hanseniaspora;Hanseniaspora_uvarum	match	7
F1-REF	6	2	uclust	1.0:0.9:5	HQ650607	Unassigned	Root;Ascomycota;Lecanoromycetes;Lecanorales;Ramalinaceae;Tephromela;Tephromela_atra	misclassification	0
F1-REF	6	2	uclust	1.0:0.9:5	HM597147	Root;Basidiomycota;Agaricomycetes;Corticiales;Corticiaceae;Waitea;Rhizoctonia_zeae	Root;Basidiomycota;Agaricomycetes;Corticiales;Corticiaceae;Waitea;Waitea_circinata	misclassification	6
F1-REF	6	2	uclust	1.0:0.9:5	DQ000299	Unassigned	Root;Basidiomycota;Agaricomycetes;Polyporales;Polyporaceae;Funalia;Trametes_trogii	misclassification	0
F1-REF	6	2	uclust	1.0:0.9:5	EU497950	Root;Ascomycota;Eurotiomycetes;Eurotiales;Trichocomaceae	Root;Ascomycota;Eurotiomycetes;Eurotiales;Trichocomaceae;Talaromyces;Talaromyces_rotundus	underclassification	5
F1-REF	6	2	uclust	1.0:0.9:5	GQ397996	Root;Basidiomycota;Agaricomycetes;Agaricales;Entolomataceae;Entoloma;Entoloma_clandestinum	Root;Basidiomycota;Agaricomycetes;Hymenochaetales;Hymenochaetaceae;Coltricia;Coltricia_perennis	misclassification	3
F1-REF	6	2	uclust	1.0:0.9:5	JF961373	Root;Basidiomycota;Agaricomycetes;Agaricales;Bolbitiaceae;Hebeloma	Root;Basidiomycota;Agaricomycetes;Agaricales;Bolbitiaceae;Hebeloma;Hebeloma_sacchariolens	underclassification	6
F1-REF	6	2	uclust	1.0:0.9:5	AY616700	Root;Ascomycota;Sordariomycetes;Xylariales;Xylariaceae	Root;Ascomycota;Sordariomycetes;Xylariales;Xylariaceae;Hypoxylon;Hypoxylon_fuscum	underclassification	5
F1-REF	6	2	uclust	1.0:0.9:5	AF250780	Root;Ascomycota;Lecanoromycetes;Teloschistales;Physciaceae;Amandinea;Amandinea_punctata	Root;Ascomycota;Lecanoromycetes;Teloschistales;Physciaceae;Amandinea;Amandinea_punctata	match	7
F1-REF	6	2	uclust	1.0:0.9:5	FJ549440	Root;Ascomycota;Eurotiomycetes;Eurotiales;Trichocomaceae;Aspergillus	Root;Ascomycota;Eurotiomycetes;Eurotiales;Trichocomaceae;Aspergillus;Aspergillus_aculeatus	underclassification	6
F1-REF	6	2	uclust	1.0:0.9:5	FJ774077	Root;Basidiomycota;Agaricomycetes;Agaricales;Pluteaceae;Pluteus	Root;Basidiomycota;Agaricomycetes;Agaricales;Pluteaceae;Pluteus;Pluteus_aurantiorugosus	underclassification	6
F1-REF	6	2	uclust	1.0:0.9:5	EU707817	Root;Ascomycota;Lecanoromycetes;Lecanorales;Parmeliaceae;Hypogymnia	Root;Ascomycota;Lecanoromycetes;Lecanorales;Parmeliaceae;Hypogymnia;Hypogymnia_imshaugii	underclassification	6
F1-REF	6	2	uclust	1.0:0.9:5	AF438570	Root;Basidiomycota;Agaricomycetes;Agaricales;Tricholomataceae	Root;Basidiomycota;Agaricomycetes;Agaricales;Cortinariaceae;Cortinarius;Cortinarius_caninus	misclassification	4
F1-REF	6	2	uclust	1.0:0.9:5	JN392208	Unassigned	Root;Ascomycota;Pezizomycetes;Pezizales;Tuberaceae;Tuber;Tuber_gennadii	misclassification	0
F1-REF	6	2	uclust	1.0:0.9:5	HQ655815	Root;Ascomycota;Eurotiomycetes;Eurotiales;Trichocomaceae;Penicillium;Penicillium_simplicissimum	Root;Ascomycota;Eurotiomycetes;Eurotiales;Trichocomaceae;Penicillium;Penicillium_simplicissimum	match	7
F1-REF	6	2	uclust	1.0:0.9:5	GU176485	Root;Ascomycota;Sordariomycetes;Hypocreales;Hypocreaceae	Root;Ascomycota;Sordariomycetes;Hypocreales;Hypocreaceae;Hypocrea;Hypocrea_koningii	underclassification	5
F1-REF	6	2	uclust	1.0:0.9:5	AY014227	Root;Basidiomycota;Microbotryomycetes;Microbotryales;Microbotryaceae;Microbotryum	Root;Basidiomycota;Microbotryomycetes;Microbotryales;Microbotryaceae;Microbotryum;Microbotryum_violaceum	underclassification	6
F1-REF	6	2	uclust	1.0:0.9:5	GQ340556	Root;Ascomycota;Eurotiomycetes;Eurotiales;Trichocomaceae;Penicillium	Root;Ascomycota;Eurotiomycetes;Eurotiales;Trichocomaceae;Penicillium;Penicillium_crustosum	underclassification	6
F1-REF	6	2	uclust	1.0:0.9:5	EU525946	Root;Basidiomycota;Agaricomycetes;Agaricales;Cortinariaceae;Cortinarius	Root;Basidiomycota;Agaricomycetes;Agaricales;Cortinariaceae;Cortinarius;Dermocybe_sanguinea	underclassification	6
F1-REF	6	2	uclust	1.0:0.9:5	FJ411097	Root;Basidiomycota;Agaricomycetes;Polyporales;Polyporaceae;Perenniporia	Root;Basidiomycota;Agaricomycetes;Polyporales;Polyporaceae;Perenniporia;Perenniporia_ochroleuca	underclassification	6
F1-REF	6	2	uclust	1.0:0.9:5	AF482869	Unassigned	Root;Basidiomycota;Agaricomycetes;Agaricales;Agaricaceae;Leucoagaricus;Leucoagaricus_purpureolilacinus	misclassification	0
F1-REF	6	2	uclust	1.0:0.9:5	EU715623	Root;Ascomycota;Sordariomycetes;Xylariales;Xylariaceae;Xylaria	Root;Ascomycota;Sordariomycetes;Xylariales;Xylariaceae;Xylaria;Xylaria_curta	underclassification	6
F1-REF	6	2	uclust	1.0:0.9:5	EU365877	Root;Basidiomycota;Agaricomycetes;Agaricales;Marasmiaceae;Armillaria;Armillaria_luteovirens	Root;Basidiomycota;Agaricomycetes;Agaricales;Marasmiaceae;Armillaria;Armillaria_luteovirens	match	7
F1-REF	6	2	uclust	1.0:0.9:5	JF908754	Unassigned	Root;Ascomycota;Pezizomycetes;Pezizales;Morchellaceae;Verpa;Verpa_conica	misclassification	0
F1-REF	6	2	uclust	1.0:0.9:5	GU390882	Root;Ascomycota;Dothideomycetes;Pleosporales;Pleosporaceae	Root;Ascomycota;Dothideomycetes;Pleosporales;Pleosporaceae;Bipolaris;Bipolaris_cactivora	underclassification	5
F1-REF	6	2	uclust	1.0:0.9:5	AF228650	Root;Basidiomycota;Agaricomycetes;Boletales;Sclerodermataceae;Pisolithus	Root;Basidiomycota;Agaricomycetes;Boletales;Sclerodermataceae;Pisolithus;Pisolithus_tinctorius	underclassification	6
F1-REF	6	2	uclust	1.0:0.9:5	GU174764	Root;Ascomycota;Pezizomycetes;Pezizales;Pyronemataceae;Trichophaea;Trichophaea_woolhopeia	Root;Ascomycota;Pezizomycetes;Pezizales;Pyronemataceae;Trichophaea;Trichophaea_woolhopeia	match	7
F1-REF	6	2	uclust	1.0:0.9:5	EU075539	Root;Ascomycota;Lecanoromycetes;Lecanorales;Parmeliaceae;Protoparmelia;Protoparmelia_badia	Root;Ascomycota;Lecanoromycetes;Lecanorales;Parmeliaceae;Protoparmelia;Protoparmelia_badia	match	7
F1-REF	6	2	uclust	1.0:0.9:5	EF608061	Unassigned	Root;Ascomycota;Sordariomycetes;Phyllachorales;Phyllachoraceae;Colletotrichum;Colletotrichum_sp	misclassification	0
F1-REF	6	2	uclust	1.0:0.9:5	FJ824647	Root;Ascomycota;Sordariomycetes;Hypocreales;Hypocreaceae;Hypocrea	Root;Ascomycota;Sordariomycetes;Hypocreales;Hypocreaceae;Hypocrea;Hypocrea_pachybasioides	underclassification	6
F1-REF	6	2	uclust	1.0:0.9:5	U10409	Root;Ascomycota;Saccharomycetes;Saccharomycetales;Saccharomycopsidaceae;Saccharomycopsis;Saccharomycopsis_fibuligera	Root;Ascomycota;Saccharomycetes;Saccharomycetales;Saccharomycopsidaceae;Saccharomycopsis;Saccharomycopsis_fibuligera	match	7
F1-REF	6	2	uclust	1.0:0.9:5	AB193687	Root;Ascomycota;Eurotiomycetes;Onygenales;Arthrodermataceae;Arthroderma	Root;Ascomycota;Eurotiomycetes;Onygenales;Arthrodermataceae;Arthroderma;Arthroderma_incurvatum	underclassification	6
F1-REF	6	2	uclust	1.0:0.9:5	AY281003	Root;Basidiomycota;Agaricomycetes;Agaricales;Cortinariaceae;Gymnopilus;Gymnopilus_picreus	Root;Basidiomycota;Agaricomycetes;Agaricales;Cortinariaceae;Gymnopilus;Gymnopilus_picreus	match	7
F1-REF	6	2	uclust	1.0:0.9:5	DQ681339	Root;Ascomycota;Eurotiomycetes;Eurotiales;Trichocomaceae;Penicillium	Root;Ascomycota;Eurotiomycetes;Eurotiales;Trichocomaceae;Penicillium;Penicillium_raistrickii	underclassification	6
F1-REF	6	2	uclust	1.0:0.9:5	AF418641	Root;Basidiomycota;Agaricomycetes;Russulales;Russulaceae;Russula;Russula_basifurcata	Root;Basidiomycota;Agaricomycetes;Russulales;Russulaceae;Russula;Russula_lepida	misclassification	6
F1-REF	6	2	uclust	1.0:0.9:5	FJ627021	Unassigned	Root;Basidiomycota;Agaricomycetes;Agaricales;Hygrophoraceae;Ampulloclitocybe;Ampulloclitocybe_clavipes	misclassification	0
F1-REF	6	2	uclust	1.0:0.9:5	AF191181	Root;Ascomycota;Sordariomycetes;Diaporthales;Valsaceae	Root;Ascomycota;Sordariomycetes;Diaporthales;Valsaceae;Leucostoma;Leucostoma_persoonii	underclassification	5
F1-REF	6	2	uclust	1.0:0.9:5	DQ980019	Root;Ascomycota;Lecanoromycetes;Lecanorales;Parmeliaceae;Menegazzia;Menegazzia_subsimilis	Root;Ascomycota;Lecanoromycetes;Lecanorales;Parmeliaceae;Menegazzia;Menegazzia_terebrata	misclassification	6
F1-REF	6	2	uclust	1.0:0.9:5	DQ344031	Unassigned	Root;Ascomycota;Eurotiomycetes;Chaetothyriales;Herpotrichiellaceae;Exophiala;Exophiala_salmonis	misclassification	0
F1-REF	6	2	uclust	1.0:0.9:5	UDB001657	Root;Basidiomycota;Agaricomycetes;Thelephorales;Thelephoraceae;Tomentella	Root;Basidiomycota;Agaricomycetes;Thelephorales;Thelephoraceae;Tomentella;Tomentella_lapida	underclassification	6
F1-REF	6	2	uclust	1.0:0.9:5	EU563415	Root;Ascomycota;Lecanoromycetes;Teloschistales;Teloschistaceae;Caloplaca	Root;Ascomycota;Lecanoromycetes;Teloschistales;Teloschistaceae;Caloplaca;Caloplaca_dichroa	underclassification	6
F1-REF	6	2	uclust	1.0:0.9:5	EF636923	Unassigned	Root;Basidiomycota;Agaricomycetes;Agaricales;Lyophyllaceae;Termitomyces;Termitomyces_DKA_2007	misclassification	0
F1-REF	6	2	uclust	1.0:0.9:5	AF068922	Root;Basidiomycota;Agaricomycetes;Polyporales;Fomitopsidaceae;Piptoporus;Piptoporus_betulinus	Root;Basidiomycota;Agaricomycetes;Polyporales;Fomitopsidaceae;Piptoporus;Piptoporus_betulinus	match	7
F1-REF	6	2	uclust	1.0:0.9:5	AM882908	Unassigned	Root;Basidiomycota;Agaricomycetes;Agaricales;Cortinariaceae;Inocybe;Inocybe_amblyspora	misclassification	0
F1-REF	6	2	uclust	1.0:0.9:5	AB099942	Unassigned	Root;Ascomycota;Sordariomycetes;Hypocreales;Clavicipitaceae;Cordyceps;Cordyceps_cylindrica	misclassification	0
F1-REF	6	2	uclust	1.0:0.9:5	FJ501582	Root;Basidiomycota;Agaricomycetes;Agaricales;Marasmiaceae;Armillaria	Root;Basidiomycota;Agaricomycetes;Agaricales;Marasmiaceae;Armillaria;Armillaria_mellea	underclassification	6
F1-REF	6	2	uclust	1.0:0.9:5	GQ927292	Root;Ascomycota;Lecanoromycetes;Peltigerales;Pannariaceae;Psoroma	Root;Ascomycota;Lecanoromycetes;Peltigerales;Pannariaceae;Psoroma;Psoroma_cinnamomeum	underclassification	6
F1-REF	6	2	uclust	1.0:0.9:5	AY684178	Root;Basidiomycota;Agaricomycetes;Polyporales;Polyporaceae	Root;Basidiomycota;Agaricomycetes;Polyporales;Polyporaceae;Trametes;Trametes_elegans	underclassification	5
F1-REF	6	2	uclust	1.0:0.9:5	EF452729	Root;Ascomycota	Root;Ascomycota;Dothideomycetes;Pleosporales;Phaeosphaeriaceae;Phaeosphaeria;Phaeosphaeria_avenaria_f._sp._triticae	underclassification	2
F1-REF	6	2	uclust	1.0:0.9:5	EU551192	Root;Ascomycota;Sordariomycetes;Hypocreales;Nectriaceae	Root;Ascomycota;Sordariomycetes;Hypocreales;Nectriaceae;Cylindrocladiella;Cylindrocladiella_peruviana	underclassification	5
F1-REF	6	2	uclust	1.0:0.9:5	JN865205	Root;Ascomycota;Dothideomycetes;Pleosporales;Tubeufiaceae;Thaxteriellopsis;Thaxteriellopsis_lignicola	Root;Ascomycota;Dothideomycetes;Pleosporales;Tubeufiaceae;Thaxteriellopsis;Thaxteriellopsis_lignicola	match	7
F1-REF	6	2	uclust	1.0:0.9:5	EU523587	Root;Basidiomycota;Agaricomycetes;Agaricales;Cortinariaceae;Inocybe;Inocybe_griseolilacina	Root;Basidiomycota;Agaricomycetes;Agaricales;Cortinariaceae;Inocybe;Inocybe_griseolilacina	match	7
F1-REF	6	2	uclust	1.0:0.9:5	DQ083010	Root;Ascomycota;Sordariomycetes;Hypocreales;Hypocreaceae;Hypocrea;Hypocrea_lixii	Root;Ascomycota;Sordariomycetes;Hypocreales;Hypocreaceae;Trichoderma;Trichoderma_velutinum	misclassification	5
F1-REF	6	2	uclust	1.0:0.9:5	EU520121	Unassigned	Root;Ascomycota;Sordariomycetes;Diaporthales;Valsaceae;Valsa;Cytospora_chrysosperma	misclassification	0
F1-REF	6	2	uclust	1.0:0.9:5	AF349714	Root;Basidiomycota;Agaricomycetes;Russulales;Russulaceae;Russula	Root;Basidiomycota;Agaricomycetes;Russulales;Russulaceae;Russula;Russula_brevipes	underclassification	6
F1-REF	6	2	uclust	1.0:0.9:5	AF312010	Root;Ascomycota	Root;Ascomycota;Dothideomycetes;Botryosphaeriales;Botryosphaeriaceae;Phyllosticta;Phyllosticta_pyrolae	underclassification	2
F1-REF	6	2	uclust	1.0:0.9:5	AF272836	Unassigned	Root;Microsporidia;Microsporea;Microsporida;Encephalitozoonidae;Encephalitozoon;Encephalitozoon_hellem	misclassification	0
F1-REF	6	2	uclust	1.0:0.9:5	EU784373	Root;Ascomycota;Leotiomycetes;Helotiales;Geoglossaceae;Microglossum	Root;Ascomycota;Leotiomycetes;Helotiales;Geoglossaceae;Microglossum;Microglossum_olivaceum	underclassification	6
F1-REF	6	2	uclust	1.0:0.9:5	HQ845056	Unassigned	Root;Basidiomycota;Agaricomycetes;Hymenochaetales;Hymenochaetaceae;Inonotus;Inonotus_vaninii	misclassification	0
F1-REF	6	2	uclust	1.0:0.9:5	AF009176	Root;Ascomycota;Leotiomycetes;Erysiphales;Erysiphaceae;Golovinomyces	Root;Ascomycota;Leotiomycetes;Erysiphales;Erysiphaceae;Golovinomyces;Golovinomyces_orontii	underclassification	6
F1-REF	6	2	uclust	1.0:0.9:5	EU872426	Root;Basidiomycota;Agaricomycetes;Polyporales;Phanerochaetaceae;Phanerochaete;Phanerochaete_chrysosporium	Root;Basidiomycota;Agaricomycetes;Polyporales;Phanerochaetaceae;Phanerochaete;Phanerochaete_chrysosporium	match	7
F1-REF	6	2	uclust	1.0:0.9:5	DQ067579	Root;Basidiomycota;Agaricomycetes;Agaricales;Cortinariaceae;Inocybe;Inocybe_nemorosa	Root;Basidiomycota;Agaricomycetes;Agaricales;Cortinariaceae;Inocybe;Inocybe_rufuloides	misclassification	6
F1-REF	6	2	uclust	1.0:0.9:5	EU623740	Root;Basidiomycota;Agaricomycetes;Agaricales;Marasmiaceae;Megacollybia;Megacollybia_fusca	Root;Basidiomycota;Agaricomycetes;Agaricales;Marasmiaceae;Megacollybia;Megacollybia_fusca	match	7
F1-REF	6	2	uclust	1.0:0.9:5	AF098407	Root;Ascomycota;Lecanoromycetes;Teloschistales;Teloschistaceae;Teloschistes;Teloschistes_villosus	Root;Ascomycota;Lecanoromycetes;Teloschistales;Teloschistaceae;Teloschistes;Teloschistes_villosus	match	7
F1-REF	6	2	uclust	1.0:0.9:5	DQ534479	Root;Ascomycota;Lecanoromycetes;Agyriales;Agyriaceae;Placopsis	Root;Ascomycota;Lecanoromycetes;Agyriales;Agyriaceae;Placopsis;Placopsis_contortuplicata	underclassification	6
F1-REF	6	2	uclust	1.0:0.9:5	AY078151	Root;Ascomycota;Leotiomycetes;Helotiales;Vibrisseaceae	Root;Ascomycota;Leotiomycetes;Helotiales;Vibrisseaceae;Acephala;Acephala_applanata	underclassification	5
F1-REF	6	2	uclust	1.0:0.9:5	UDB008248	Unassigned	Root;Basidiomycota;Agaricomycetes;Corticiales;Corticiaceae;Lindtneria;Lindtneria	misclassification	0
F1-REF	6	2	uclust	1.0:0.9:5	FJ441663	Root;Ascomycota;Sordariomycetes;Phyllachorales;Phyllachoraceae;Colletotrichum	Root;Ascomycota;Sordariomycetes;Phyllachorales;Phyllachoraceae;Colletotrichum;Colletotrichum_boninense	underclassification	6
F1-REF	6	2	uclust	1.0:0.9:5	EF157735	Root;Ascomycota;Dothideomycetes;Capnodiales;Mycosphaerellaceae;Mycosphaerella;Mycosphaerella_arachidis	Root;Ascomycota;Dothideomycetes;Capnodiales;Mycosphaerellaceae;Mycosphaerella;Mycosphaerella_arachidis	match	7
F1-REF	6	2	uclust	1.0:0.9:5	JF300143	Root;Ascomycota;Pezizomycetes;Pezizales;Tuberaceae;Choiromyces;Choiromyces_magnusii	Root;Ascomycota;Pezizomycetes;Pezizales;Tuberaceae;Choiromyces;Choiromyces_magnusii	match	7
F1-REF	6	2	uclust	1.0:0.9:5	EU569769	Root;Ascomycota;Lecanoromycetes;Teloschistales;Teloschistaceae;Xanthoria;Xanthoria_elegans	Root;Ascomycota;Lecanoromycetes;Teloschistales;Teloschistaceae;Xanthoria;Xanthoria_elegans	match	7
F1-REF	6	2	uclust	1.0:0.9:5	AF383963	Unassigned	Root;Ascomycota;Dothideomycetes;Pleosporales;Lophiostomataceae;Massarina;Massarina_rubi	misclassification	0
F1-REF	6	2	uclust	1.0:0.9:5	AJ289626	Root;Basidiomycota;Agaricomycetes;Hymenochaetales;Hymenochaetaceae;Phellopilus;Phellopilus_nigrolimitatus	Root;Basidiomycota;Agaricomycetes;Hymenochaetales;Hymenochaetaceae;Phellopilus;Phellopilus_nigrolimitatus	match	7
F1-REF	6	2	uclust	1.0:0.9:5	GQ166898	Root;Basidiomycota;Agaricomycetes;Russulales;Russulaceae;Lactarius	Root;Basidiomycota;Agaricomycetes;Russulales;Russulaceae;Lactarius;Lactarius_glaucescens	underclassification	6
F1-REF	6	2	uclust	1.0:0.9:5	AF332127	Unassigned	Root;Ascomycota;Lecanoromycetes;Pertusariales;Pertusariaceae;Pertusaria;Pertusaria_pertusa	misclassification	0
F1-REF	6	2	uclust	1.0:0.9:5	AY606948	Root;Basidiomycota;Agaricomycetes;Russulales;Russulaceae;Lactarius	Root;Basidiomycota;Agaricomycetes;Russulales;Russulaceae;Lactarius;Lactarius_lilacinus	underclassification	6
F1-REF	6	2	uclust	1.0:0.9:5	JF313715	Root;Basidiomycota;Agaricomycetes;Agaricales;Hygrophoraceae;Hygrocybe;Hygrocybe_aff_flavescens_KWH_2011	Root;Basidiomycota;Agaricomycetes;Agaricales;Hygrophoraceae;Hygrocybe;Hygrocybe_aff_flavescens_KWH_2011	match	7
F1-REF	6	2	uclust	1.0:0.9:5	HQ650724	Root;Basidiomycota;Agaricomycetes;Agaricales;Amanitaceae;Amanita	Root;Basidiomycota;Agaricomycetes;Agaricales;Amanitaceae;Amanita;Amanita_constricta	underclassification	6
F1-REF	6	2	uclust	1.0:0.9:5	GU234078	Root;Basidiomycota;Agaricomycetes;Agaricales;Strophariaceae	Root;Basidiomycota;Agaricomycetes;Agaricales;Strophariaceae;Hypholoma;Hypholoma_myosotis	underclassification	5
F1-REF	6	2	uclust	1.0:0.9:5	FR750154	Root;Glomeromycota;Glomeromycetes;Diversisporales;Acaulosporaceae;Acaulospora;Acaulospora_scrobiculata	Root;Glomeromycota;Glomeromycetes;Diversisporales;Acaulosporaceae;Acaulospora;Acaulospora_spinosa	misclassification	6
F1-REF	6	2	uclust	1.0:0.9:5	U51952	Root;Ascomycota;Orbiliomycetes;Orbiliales;Orbiliaceae	Root;Ascomycota;Orbiliomycetes;Orbiliales;Orbiliaceae;Arthrobotrys;Arthrobotrys_cladodes	underclassification	5
F1-REF	6	2	uclust	1.0:0.9:5	EF612466	Root;Ascomycota;Sordariomycetes;Hypocreales;Bionectriaceae	Root;Ascomycota;Sordariomycetes;Hypocreales;Bionectriaceae;Bionectria;Bionectria_pityrodes	underclassification	5
F1-REF	6	2	uclust	1.0:0.9:5	FM993284	Root;Basidiomycota;Agaricomycetes;Russulales;Russulaceae	Root;Basidiomycota;Agaricomycetes;Russulales;Russulaceae;Lactarius;Lactarius_spinosulus	underclassification	5
F1-REF	6	2	uclust	1.0:0.9:5	AY838271	Root;Basidiomycota;Agaricomycetes;Atheliales;Atheliaceae;Amphinema	Root;Basidiomycota;Agaricomycetes;Atheliales;Atheliaceae;Amphinema;Amphinema_byssoides	underclassification	6
F1-REF	6	2	uclust	1.0:0.9:5	EU081962	Root;Basidiomycota;Agaricomycetes;Agaricales;Agaricaceae;Lepiota;Lepiota_cristata	Root;Basidiomycota;Agaricomycetes;Agaricales;Agaricaceae;Lepiota;Lepiota_cristata	match	7
F1-REF	6	2	uclust	1.0:0.9:5	DQ822793	Root;Basidiomycota;Agaricomycetes;Boletales;Boletaceae;Boletus	Root;Basidiomycota;Agaricomycetes;Boletales;Boletaceae;Boletus;Xerocomus_chrysenteron	underclassification	6
F1-REF	6	2	uclust	1.0:0.9:5	EU837202	Unassigned	Root;Ascomycota;Pezizomycetes;Pezizales;Discinaceae;Gyromitra;Gyromitra_californica	misclassification	0
F1-REF	6	2	uclust	1.0:0.9:5	HQ832450	Unassigned	Root;Basidiomycota;Agaricomycetes;Agaricales;Inocybaceae;Pleuroflammula;Pleuroflammula_praestans	misclassification	0
F1-REF	6	2	uclust	1.0:0.9:5	JF908307	Root;Basidiomycota;Agaricomycetes;Russulales;Russulaceae;Lactarius	Root;Basidiomycota;Agaricomycetes;Russulales;Russulaceae;Lactarius;Lactarius_mediterraneensis	underclassification	6
F1-REF	6	2	uclust	1.0:0.9:5	EF029224	Root;Ascomycota	Root;Ascomycota;Leotiomycetes;Helotiales;Hyaloscyphaceae;Pseudaegerita;Pseudaegerita_corticalis	underclassification	2
F1-REF	6	2	uclust	1.0:0.9:5	FJ412104	Root;Ascomycota;Sordariomycetes;Hypocreales;Hypocreaceae	Root;Ascomycota;Sordariomycetes;Hypocreales;Hypocreaceae;Trichoderma;Trichoderma_gamsii	underclassification	5
F1-REF	6	2	uclust	1.0:0.9:5	FJ441013	Root;Ascomycota;Sordariomycetes;Hypocreales;Nectriaceae	Root;Ascomycota;Sordariomycetes;Hypocreales;Nectriaceae;Fusarium;Fusarium_redolens	underclassification	5
F1-REF	6	2	uclust	1.0:0.9:5	EU266079	Unassigned	Root;Ascomycota;Lecanoromycetes;Lecanorales;Parmeliaceae;Evernia;Evernia_prunastri	misclassification	0
F1-REF	6	2	uclust	1.0:0.9:5	EU263926	Root;Ascomycota;Lecanoromycetes;Lecideales;Lecideaceae;Lecidea;Lecidea_tessellata	Root;Ascomycota;Lecanoromycetes;Lecideales;Lecideaceae;Lecidea;Lecidea_tessellata	match	7
F1-REF	6	2	uclust	1.0:0.9:5	EU935527	Root;Basidiomycota;Agaricomycetes;Agaricales;Marasmiaceae;Marasmius	Root;Basidiomycota;Agaricomycetes;Agaricales;Marasmiaceae;Marasmius;Marasmius_haematocephalus	underclassification	6
F1-REF	6	2	uclust	1.0:0.9:5	FJ861968	Root;Ascomycota;Leotiomycetes;Rhytismatales;Rhytismataceae;Lophodermium	Root;Ascomycota;Leotiomycetes;Rhytismatales;Rhytismataceae;Lophodermium;Lophodermium_australe	underclassification	6
F1-REF	6	2	uclust	1.0:0.9:5	HM126486	Root;Basidiomycota;Agaricomycetes;Agaricales;Psathyrellaceae;Coprinopsis	Root;Basidiomycota;Agaricomycetes;Agaricales;Psathyrellaceae;Coprinopsis;Coprinopsis_lagopus	underclassification	6
F1-REF	6	2	uclust	1.0:0.9:5	FJ431222	Root;Basidiomycota;Agaricomycetes;Agaricales;Marasmiaceae;Marasmius	Root;Basidiomycota;Agaricomycetes;Agaricales;Marasmiaceae;Marasmius;Marasmius_araucariae_var_siccipes	underclassification	6
F1-REF	6	2	uclust	1.0:0.9:5	AB516663	Root;Ascomycota;Leotiomycetes;Helotiales;Sclerotiniaceae;Sclerotinia;Sclerotinia_sclerotiorum	Root;Ascomycota;Leotiomycetes;Helotiales;Sclerotiniaceae;Sclerotinia;Sclerotinia_sclerotiorum	match	7
F1-REF	6	2	uclust	1.0:0.9:5	AB180368	Root;Basidiomycota;Exobasidiomycetes;Exobasidiales;Exobasidiaceae;Exobasidium	Root;Basidiomycota;Exobasidiomycetes;Exobasidiales;Exobasidiaceae;Exobasidium;Exobasidium_bisporum	underclassification	6
F1-REF	6	2	uclust	1.0:0.9:5	AB454319	Unassigned	Root;Ascomycota;Sordariomycetes;Hypocreales;Niessliaceae;Melanopsamma;Guignardia_philoprina	misclassification	0
F1-REF	6	2	uclust	1.0:0.9:5	AY818350	Root;Basidiomycota;Agaricomycetes;Agaricales;Strophariaceae	Root;Basidiomycota;Agaricomycetes;Agaricales;Strophariaceae;Stropharia;Stropharia_ambigua	underclassification	5
F1-REF	6	2	uclust	1.0:0.9:5	FJ884097	Unassigned	Root;Ascomycota;Sordariomycetes;Hypocreales;Nectriaceae;Fusarium;Fusarium_polyphialidicum	misclassification	0
F1-REF	6	2	uclust	1.0:0.9:5	DQ200839	Root;Ascomycota;Pezizomycetes;Pezizales;Pezizaceae;Peziza;Peziza_michelii	Root;Ascomycota;Pezizomycetes;Pezizales;Pezizaceae;Peziza;Peziza_michelii	match	7
F1-REF	6	2	uclust	1.0:0.9:5	AF345662	Root;Basidiomycota;Agaricomycetes;Agaricales;Pleurotaceae;Pleurotus	Root;Basidiomycota;Agaricomycetes;Agaricales;Pleurotaceae;Pleurotus;Pleurotus_levis	underclassification	6
F1-REF	6	2	uclust	1.0:0.9:5	EU248590	Root;Basidiomycota;Agaricomycetes;Russulales;Russulaceae	Root;Basidiomycota;Agaricomycetes;Russulales;Russulaceae;Russula;Russula_abietina	underclassification	5
F1-REF	6	2	uclust	1.0:0.9:5	AB298704	Root;Ascomycota;Sordariomycetes;Ophiostomatales;Ophiostomataceae	Root;Ascomycota;Sordariomycetes;Ophiostomatales;Ophiostomataceae;Sporothrix;Sporothrix_schenckii	underclassification	5
F1-REF	6	2	uclust	1.0:0.9:5	EU525996	Unassigned	Root;Basidiomycota;Agaricomycetes;Thelephorales;Thelephoraceae;Thelephora;Thelephora_terrestris	misclassification	0
F1-REF	6	2	uclust	1.0:0.9:5	AJ296348	Unassigned	Root;Basidiomycota;Agaricomycetes;Agaricales;Clavariaceae;Macrotyphula;Macrotyphula_fistulosa	misclassification	0
F1-REF	6	2	uclust	1.0:0.9:5	DQ132810	Root;Ascomycota;Sordariomycetes;Hypocreales;Clavicipitaceae	Root;Ascomycota;Sordariomycetes;Hypocreales;Clavicipitaceae;Pochonia;Pochonia_bulbillosa	underclassification	5
F1-REF	6	2	uclust	1.0:0.9:5	FJ380933	Root;Ascomycota;Orbiliomycetes;Orbiliales;Orbiliaceae	Root;Ascomycota;Orbiliomycetes;Orbiliales;Orbiliaceae;Monacrosporium;Monacrosporium_asthenopagum	underclassification	5
F1-REF	6	2	uclust	1.0:0.9:5	DQ917653	Root;Basidiomycota;Agaricomycetes;Agaricales;Lyophyllaceae	Root;Basidiomycota;Agaricomycetes;Agaricales;Lyophyllaceae;Hypsizygus;Hypsizygus_tessulatus	underclassification	5
F1-REF	6	2	uclust	1.0:0.9:5	AY204590	Root;Ascomycota	Root;Ascomycota;Leotiomycetes;Leotiales;Leotiaceae;Alatospora;Alatospora_acuminata	underclassification	2
F1-REF	6	2	uclust	1.0:0.9:5	UDB005577	Unassigned	Root;Basidiomycota;Agaricomycetes;Thelephorales;Thelephoraceae;Pseudotomentella;Pseudotomentella	misclassification	0
F1-REF	6	2	uclust	1.0:0.9:5	FJ478136	Root;Ascomycota;Sordariomycetes;Hypocreales;Nectriaceae;Fusarium;Fusarium_oxysporum	Root;Ascomycota;Sordariomycetes;Hypocreales;Nectriaceae;Fusarium;Fusarium_oxysporum	match	7
F1-REF	6	2	uclust	1.0:0.9:5	AY243627	Root;Basidiomycota;Agaricomycetes;Agaricales;Agaricaceae;Leucoagaricus;Leucoagaricus_cupresseus	Root;Basidiomycota;Agaricomycetes;Agaricales;Agaricaceae;Leucoagaricus;Leucoagaricus_cupresseus	match	7
F1-REF	6	2	uclust	1.0:0.9:5	EF512983	Root;Ascomycota;Sordariomycetes;Hypocreales;Cordycipitaceae;Torrubiella;Lecanicillium_lecanii	Root;Ascomycota;Sordariomycetes;Hypocreales;Cordycipitaceae;Lecanicillium;Lecanicillium_muscarium	misclassification	5
F1-REF	6	2	uclust	1.0:0.9:5	EU718102	Root;Basidiomycota;Agaricomycetes;Boletales;Gyroporaceae;Gyroporus;Gyroporus_cyanescens_var_cyanescens	Root;Basidiomycota;Agaricomycetes;Boletales;Gyroporaceae;Gyroporus;Gyroporus_cyanescens	misclassification	6
F1-REF	6	2	uclust	1.0:0.9:5	HM595593	Unassigned	Root;Ascomycota;Leotiomycetes;Helotiales;Dermateaceae;Pezicula;Pezicula_sporulosa	misclassification	0
F1-REF	6	2	uclust	1.0:0.9:5	HM359013	Root;Ascomycota;Eurotiomycetes;Chaetothyriales;Herpotrichiellaceae;Rhinocladiella;Rhinocladiella_mackenziei	Root;Ascomycota;Eurotiomycetes;Chaetothyriales;Herpotrichiellaceae;Rhinocladiella;Rhinocladiella_mackenziei	match	7
F1-REF	6	2	uclust	1.0:0.9:5	DQ661031	Root;Basidiomycota;Tremellomycetes;Cystofilobasidiales;Cystofilobasidiaceae	Root;Basidiomycota;Tremellomycetes;Cystofilobasidiales;Cystofilobasidiaceae;Xanthophyllomyces;Xanthophyllomyces_dendrorhous	underclassification	5
F1-REF	6	2	uclust	1.0:0.9:5	EF564167	Root;Basidiomycota;Agaricomycetes;Agaricales;Bolbitiaceae;Hebeloma	Root;Basidiomycota;Agaricomycetes;Agaricales;Bolbitiaceae;Hebeloma;Hebeloma_cylindrosporum	underclassification	6
F1-REF	6	2	uclust	1.0:0.9:5	HQ318282	Root;Basidiomycota;Agaricomycetes;Russulales;Russulaceae;Lactarius;Lactarius_clarkeae	Root;Basidiomycota;Agaricomycetes;Russulales;Russulaceae;Lactarius;Lactarius_clarkeae	match	7
F1-REF	6	2	uclust	1.0:0.9:5	EF155483	Root;Ascomycota;Sordariomycetes;Xylariales;Diatrypaceae;Eutypa;Eutypa_spinosa	Root;Ascomycota;Sordariomycetes;Xylariales;Diatrypaceae;Eutypa;Eutypa_spinosa	match	7
F1-REF	6	2	uclust	1.0:0.9:5	EU706334	Root;Basidiomycota;Agaricomycetes;Boletales;Gomphidiaceae;Chroogomphus;Chroogomphus_pseudotomentosus	Root;Basidiomycota;Agaricomycetes;Boletales;Gomphidiaceae;Chroogomphus;Chroogomphus_pseudotomentosus	match	7
F1-REF	6	2	uclust	1.0:0.9:5	AY194540	Root;Basidiomycota;Agaricomycetes;Agaricales;Bolbitiaceae;Conocybe;Conocybe_coprophila	Root;Basidiomycota;Agaricomycetes;Agaricales;Bolbitiaceae;Conocybe;Conocybe_coprophila	match	7
F1-REF	6	2	uclust	1.0:0.9:5	AM882744	Root;Basidiomycota;Agaricomycetes;Agaricales;Cortinariaceae;Inocybe;Inocybe_hinnulea	Root;Basidiomycota;Agaricomycetes;Agaricales;Cortinariaceae;Inocybe;Inocybe_striata	misclassification	6
F1-REF	6	2	uclust	1.0:0.9:5	HQ328028	Root;Ascomycota;Sordariomycetes	Root;Ascomycota;Sordariomycetes;Hypocreales;Nectriaceae;Nectria;Nectria_mauritiicola	underclassification	3
F1-REF	6	2	uclust	1.0:0.9:5	EU118610	Unassigned	Root;Basidiomycota;Agaricomycetes;Polyporales;Phanerochaetaceae;Ceraceomyces;Ceraceomyces_borealis	misclassification	0
F1-REF	6	2	uclust	1.0:0.9:5	AY124147	Root;Ascomycota;Lecanoromycetes;Peltigerales;Nephromataceae;Nephroma	Root;Ascomycota;Lecanoromycetes;Peltigerales;Nephromataceae;Nephroma;Nephroma_parile	underclassification	6
F1-REF	6	2	uclust	1.0:0.9:5	DQ887774	Root;Ascomycota;Dothideomycetes;Pleosporales;Venturiaceae	Root;Ascomycota;Dothideomycetes;Pleosporales;Venturiaceae;Venturia;Venturia_inaequalis	underclassification	5
F1-REF	6	2	uclust	1.0:0.9:5	EF493260	Root;Basidiomycota;Agaricomycetes;Boletales;Suillaceae;Suillus	Root;Basidiomycota;Agaricomycetes;Boletales;Suillaceae;Suillus;Suillus_grevillei	underclassification	6
F1-REF	6	2	uclust	1.0:0.9:5	AY725556	Root;Ascomycota;Dothideomycetes;Capnodiales;Mycosphaerellaceae;Mycosphaerella;Mycosphaerella_marksii	Root;Ascomycota;Dothideomycetes;Capnodiales;Mycosphaerellaceae;Mycosphaerella;Mycosphaerella_marksii	match	7
F1-REF	6	2	uclust	1.0:0.9:5	GQ328758	Root;Basidiomycota;Pucciniomycetes;Pucciniales;Melampsoraceae;Melampsora	Root;Basidiomycota;Pucciniomycetes;Pucciniales;Melampsoraceae;Melampsora;Melampsora_magnusiana	underclassification	6
F1-REF	6	2	uclust	1.0:0.9:5	FJ717605	Root;Basidiomycota;Agaricomycetes;Agaricales	Root;Basidiomycota;Agaricomycetes;Agaricales;Cortinariaceae;Cortinarius;Cortinarius_anomalus	underclassification	4