UclustConsensusTaxonAssigner parameters:
id_to_taxonomy_filepath:/home/ubuntu/data/unite-14.11/97_otu_taxonomy.txt
id_to_taxonomy_fp:/home/ubuntu/data/unite-14.11/97_otu_taxonomy.txt
max_accepts:3
min_consensus_fraction:1.0
reference_sequences_fp:/home/ubuntu/data/unite-14.11/97_otus.fasta
similarity:0.8
unassignable_label:Unassigned
Result path: /tmp/assign-taxS5WNGW

.uc file contents:

# uclust --input /home/ubuntu/data/short-read-tax-assignment/data/simulated-community/F2-iter4/rep_set.fna --id 0.8 --rev --maxaccepts 3 --allhits --libonly --lib /home/ubuntu/data/unite-14.11/97_otus.fasta --uc /home/ubuntu/temp/UclustConsensusTaxonAssigner_FXFenn.uc
# version=1.2.22
# Tab-separated fields:
# 1=Type, 2=ClusterNr, 3=SeqLength or ClusterSize, 4=PctId, 5=Strand, 6=QueryStart, 7=SeedStart, 8=Alignment, 9=QueryLabel, 10=TargetLabel
# Record types (field 1): L=LibSeed, S=NewSeed, H=Hit, R=Reject, D=LibCluster, C=NewCluster, N=NoHit
# For C and D types, PctId is average id with seed.
# QueryStart and SeedStart are zero-based relative to start of sequence.
# If minus strand, SeedStart is relative to reverse-complemented seed.
L	1	757	*	*	*	*	*	U33090	*
H	1	100	100.0	+	0	0	35I100M622I	U33090	U33090
L	18529	723	*	*	*	*	*	AY683172	*
H	18529	100	94.0	+	0	0	10I100M613I	U33090	AY683172
L	0	752	*	*	*	*	*	U33070	*
H	0	100	93.0	+	0	0	35I80MD19M618I	U33090	U33070
L	3	591	*	*	*	*	*	AY907029	*
H	3	100	100.0	+	0	0	100M491I	AY907029	AY907029
L	16225	488	*	*	*	*	*	EF070419	*
H	16225	100	95.0	+	0	0	4D96M392I	AY907029	EF070419
L	655	477	*	*	*	*	*	EF070418	*
H	655	100	88.0	+	0	0	4D42MI41M2D11M382I	AY907029	EF070418
L	21900	652	*	*	*	*	*	AF418612	*
H	21900	100	100.0	+	0	0	13I100M539I	DQ517365	AF418612
L	82	268	*	*	*	*	*	DQ517365	*
H	82	100	100.0	+	0	0	100M168I	DQ517365	DQ517365
L	20064	648	*	*	*	*	*	DQ974761	*
H	20064	100	89.0	+	0	0	7D93M555I	DQ517365	DQ974761
L	85	221	*	*	*	*	*	DQ517417	*
H	85	100	100.0	+	0	0	100M121I	DQ517417	DQ517417
L	28790	584	*	*	*	*	*	EF559269	*
H	28790	100	92.0	+	0	0	7D93M491I	DQ517417	EF559269
L	86	716	*	*	*	*	*	DQ449942	*
H	86	100	100.0	+	0	0	9I100M607I	DQ449942	DQ449942
L	20352	699	*	*	*	*	*	EF175538	*
H	20352	100	94.0	+	0	0	17I26MD8MD33MI31M583I	DQ449942	EF175538
L	20356	862	*	*	*	*	*	EF175551	*
H	20356	100	93.0	+	0	0	50I26MD8MD64M714I	DQ449942	EF175551
L	100	804	*	*	*	*	*	FJ596906	*
H	100	100	100.0	+	0	0	100M704I	FJ596906	FJ596906
L	251	865	*	*	*	*	*	DQ822793	*
H	251	100	92.0	+	0	0	16I100M749I	FJ596906	DQ822793
L	2274	784	*	*	*	*	*	EU526005	*
H	2274	100	92.0	+	0	0	53I100M631I	FJ596906	EU526005
L	119	1078	*	*	*	*	*	AJ972459	*
H	119	100	100.0	+	0	0	172I100M806I	AJ972459	AJ972459
L	3627	472	*	*	*	*	*	AM778030	*
H	3627	100	97.0	+	0	0	350I88MI12M21I	AJ972459	AM778030
L	121	703	*	*	*	*	*	AB221419	*
H	121	100	100.0	+	0	0	13I100M590I	AB221419	AB221419
L	21958	832	*	*	*	*	*	EU744915	*
H	21958	100	90.0	+	0	0	9I9M2D54M4I35M721I	AB221419	EU744915
L	122	725	*	*	*	*	*	AB221450	*
H	122	100	92.0	+	0	0	13I26MI30MI21M5I23M605I	AB221419	AB221450
L	153	646	*	*	*	*	*	AF098411	*
H	153	100	100.0	+	0	0	26I100M520I	AF098411	AF098411
L	15512	658	*	*	*	*	*	AF098410	*
H	15512	100	89.0	+	0	0	24I25MI75M533I	AF098411	AF098410
L	807	558	*	*	*	*	*	AF228316	*
H	807	100	82.0	+	0	0	14D25M2I13M3I10MI15MI23M465I	AF098411	AF228316
L	161	462	*	*	*	*	*	GQ254804	*
H	161	100	100.0	+	0	0	100M362I	GQ254804	GQ254804
L	1914	488	*	*	*	*	*	AF455401	*
H	1914	100	97.0	+	0	0	20I12M2D33MD52M371I	GQ254804	AF455401
L	14579	1057	*	*	*	*	*	AB182325	*
H	14579	100	97.0	-	0	0	14I12M2D33MD52M946I	GQ254804	AB182325
L	175	494	*	*	*	*	*	DQ782844	*
H	175	100	100.0	+	0	0	100M394I	DQ782844	DQ782844
L	196	492	*	*	*	*	*	EU041821	*
H	196	100	100.0	+	0	0	100M392I	EU041821	EU041821
L	19344	492	*	*	*	*	*	DQ303027	*
H	19344	100	85.0	+	0	0	I21M2I21MD57M390I	EU041821	DQ303027
L	8289	644	*	*	*	*	*	HQ599594	*
H	8289	100	84.0	+	0	0	142I21M2I21M2D15MI22M3I19M398I	EU041821	HQ599594
L	14089	575	*	*	*	*	*	EU714401	*
H	14089	100	100.0	+	0	0	33I26M18I74M424I	DQ780355	EU714401
L	204	478	*	*	*	*	*	DQ780355	*
H	204	100	100.0	+	0	0	100M378I	DQ780355	DQ780355
L	28200	553	*	*	*	*	*	FJ770061	*
H	28200	100	100.0	+	0	0	23I100M430I	DQ780355	FJ770061
L	232	525	*	*	*	*	*	GU134901	*
H	232	100	100.0	+	0	0	100M425I	GU134901	GU134901
L	11158	521	*	*	*	*	*	JN168966	*
H	11158	100	95.0	+	0	0	3D97M424I	GU134901	JN168966
L	8107	503	*	*	*	*	*	FJ545374	*
H	8107	100	97.0	+	0	0	8I100M395I	GU134901	FJ545374
L	238	657	*	*	*	*	*	FJ515889	*
H	238	100	100.0	+	0	0	12I100M545I	FJ515889	FJ515889
L	27276	707	*	*	*	*	*	JF701764	*
H	27276	100	97.0	+	0	0	22I60M2I40M583I	FJ515889	JF701764
L	9122	680	*	*	*	*	*	DQ408294	*
H	9122	100	97.0	+	0	0	11I60M2I40M567I	FJ515889	DQ408294
L	13988	862	*	*	*	*	*	AB036897	*
H	13988	100	100.0	+	0	0	49I100M713I	AB036894	AB036897
L	255	874	*	*	*	*	*	AB036894	*
H	255	100	100.0	+	0	0	49I100M725I	AB036894	AB036894
L	3716	616	*	*	*	*	*	AF377232	*
H	3716	100	99.0	+	0	0	7I100M509I	AB036894	AF377232
L	279	569	*	*	*	*	*	DQ832333	*
H	279	100	100.0	+	0	0	13I100M456I	DQ832333	DQ832333
L	339	178	*	*	*	*	*	AB031346	*
H	339	100	100.0	+	0	0	100M78I	AB031346	AB031346
L	338	456	*	*	*	*	*	AB274427	*
H	338	100	96.0	+	0	0	283I100M73I	AB031346	AB274427
L	24511	174	*	*	*	*	*	AB031338	*
H	24511	100	96.0	+	0	0	100M74I	AB031346	AB031338
L	354	218	*	*	*	*	*	AM397676	*
H	354	100	100.0	+	0	0	12I100M106I	AM397676	AM397676
L	587	556	*	*	*	*	*	GQ407099	*
H	587	100	91.0	+	0	0	11I76M4D20M449I	AM397676	GQ407099
L	3584	556	*	*	*	*	*	FJ196600	*
H	3584	100	90.0	+	0	0	37I76M4D20M423I	AM397676	FJ196600
L	360	660	*	*	*	*	*	DQ875342	*
H	360	100	100.0	+	0	0	15I100M545I	DQ875342	DQ875342
L	11903	717	*	*	*	*	*	AY344967	*
H	11903	100	96.0	+	0	0	10I39MI53MI8M605I	DQ875342	AY344967
L	364	721	*	*	*	*	*	DQ875347	*
H	364	100	100.0	+	0	0	100M621I	DQ875347	DQ875347
L	27976	701	*	*	*	*	*	JN367289	*
H	27976	100	88.0	+	0	0	7I9MI50M2I8M8I33M583I	DQ875347	JN367289
L	394	1486	*	*	*	*	*	AF081483	*
H	394	100	100.0	+	0	0	342I100M1044I	AF081483	AF081483
L	10185	947	*	*	*	*	*	AF081482	*
H	10185	100	94.0	+	0	0	342I100M505I	AF081483	AF081482
L	6590	557	*	*	*	*	*	U51979	*
H	6590	100	90.0	+	0	0	25I42MD28MD15M3I13M431I	AF081483	U51979
L	424	1956	*	*	*	*	*	DQ873595	*
H	424	100	100.0	+	0	0	100M1856I	DQ873595	DQ873595
L	4693	2117	*	*	*	*	*	U66441	*
H	4693	100	89.0	+	0	0	32I52M3I48M1982I	DQ873595	U66441
L	7587	704	*	*	*	*	*	GU234136	*
H	7587	100	85.0	+	0	0	41I25MD21M5I53M559I	DQ873595	GU234136
L	452	503	*	*	*	*	*	EF029238	*
H	452	100	100.0	+	0	0	100M403I	EF029238	EF029238
L	16664	473	*	*	*	*	*	AF128440	*
H	16664	100	87.0	+	0	0	29I34M2D64M346I	EF029238	AF128440
L	14908	837	*	*	*	*	*	AB481282	*
H	14908	100	86.0	+	0	0	345I34M2D30MI18MI16M392I	EF029238	AB481282
L	468	573	*	*	*	*	*	GQ388729	*
H	468	100	100.0	+	0	0	35I100M438I	GQ388729	GQ388729
L	15822	547	*	*	*	*	*	AF246143	*
H	15822	100	98.0	+	0	0	11I57MD42M437I	GQ388729	AF246143
L	13700	544	*	*	*	*	*	AY842568	*
H	13700	100	98.0	+	0	0	11I57MD42M434I	GQ388729	AY842568
L	488	464	*	*	*	*	*	DQ911459	*
H	488	100	100.0	+	0	0	100M364I	DQ911459	DQ911459
L	18252	530	*	*	*	*	*	DQ911457	*
H	18252	100	88.0	+	0	0	15MI34M18I17M20I10MD23M392I	DQ911459	DQ911457
L	490	642	*	*	*	*	*	AM711974	*
H	490	100	100.0	+	0	0	6I100M536I	AM711974	AM711974
L	511	526	*	*	*	*	*	AB539734	*
H	511	100	100.0	+	0	0	98I100M328I	AB539734	AB539734
L	8357	484	*	*	*	*	*	FJ861408	*
H	8357	100	100.0	+	0	0	63I100M321I	AB539734	FJ861408
L	7553	550	*	*	*	*	*	GU067744	*
H	7553	100	100.0	+	0	0	166I100M284I	AB539734	GU067744
L	513	570	*	*	*	*	*	AB259844	*
H	513	100	100.0	+	0	0	100M470I	AB259844	AB259844
L	11	564	*	*	*	*	*	AB048666	*
H	11	100	90.0	+	0	0	9D15MI76M472I	AB259844	AB048666
L	6599	557	*	*	*	*	*	AB048678	*
H	6599	100	87.0	+	0	0	9D15MI76M465I	AB259844	AB048678
L	517	653	*	*	*	*	*	AF085486	*
H	517	100	100.0	+	0	0	11I100M542I	AF085486	AF085486
L	12335	726	*	*	*	*	*	AB015695	*
H	12335	100	96.0	+	0	0	35I100M591I	AF085486	AB015695
L	23408	661	*	*	*	*	*	FJ890029	*
H	23408	100	92.0	+	0	0	34I100M527I	AF085486	FJ890029
L	538	670	*	*	*	*	*	AF166523	*
H	538	100	100.0	+	0	0	2I100M568I	AF166523	AF166523
L	220	716	*	*	*	*	*	AF166508	*
H	220	100	84.0	+	0	0	37I70MI30M578I	AF166523	AF166508
L	22743	625	*	*	*	*	*	FJ596863	*
H	22743	100	81.0	+	0	0	5D6MI11MD34MI43M529I	AF166523	FJ596863
L	546	728	*	*	*	*	*	JN182869	*
H	546	100	100.0	+	0	0	38I100M590I	JN182869	JN182869
L	577	555	*	*	*	*	*	EF123254	*
H	577	100	100.0	+	0	0	100M455I	EF123254	EF123254
L	25265	494	*	*	*	*	*	GU973746	*
H	25265	100	84.0	+	0	0	10D42MD47M405I	EF123254	GU973746
L	11769	733	*	*	*	*	*	JN899391	*
H	11769	100	91.0	+	0	0	26I45MD54M608I	EF123254	JN899391
L	578	519	*	*	*	*	*	AY347389	*
H	578	100	100.0	+	0	0	13I100M406I	AY347389	AY347389
L	7926	587	*	*	*	*	*	AY078128	*
H	7926	100	98.0	+	0	0	35I100M452I	AY347389	AY078128
L	208	588	*	*	*	*	*	AY078151	*
H	208	100	98.0	+	0	0	35I30MI70M452I	AY347389	AY078151
L	588	945	*	*	*	*	*	AB254189	*
H	588	100	100.0	+	0	0	432I100M413I	AB254189	AB254189
L	6009	665	*	*	*	*	*	GU229801	*
H	6009	100	95.0	+	0	0	202I37MI51M3I12M359I	AB254189	GU229801
L	6012	720	*	*	*	*	*	GU229805	*
H	6012	100	95.0	+	0	0	240I37MI51M3I12M376I	AB254189	GU229805
L	589	182	*	*	*	*	*	DQ858616	*
H	589	100	100.0	+	0	0	100M82I	DQ858616	DQ858616
L	590	520	*	*	*	*	*	FJ435142	*
H	590	100	100.0	+	0	0	95I100M325I	DQ858616	FJ435142
L	2377	682	*	*	*	*	*	FJ440196	*
H	2377	100	100.0	+	0	0	95I100M487I	DQ858616	FJ440196
L	599	485	*	*	*	*	*	AF250800	*
H	599	75	100.0	+	0	0	109I75M301I	AF250800	AF250800
L	1895	756	*	*	*	*	*	EU266086	*
H	1895	75	92.0	+	0	0	526I15M2I60M153I	AF250800	EU266086
L	24859	486	*	*	*	*	*	GU247159	*
H	24859	75	92.0	+	0	0	109I15M2I60M300I	AF250800	GU247159
L	616	656	*	*	*	*	*	AF309535	*
H	616	100	100.0	+	0	0	8I100M548I	AF309535	AF309535
L	18764	931	*	*	*	*	*	FJ845447	*
H	18764	100	100.0	+	0	0	76I100M755I	AF309535	FJ845447
L	28925	691	*	*	*	*	*	AF377237	*
H	28925	100	99.0	+	0	0	28I100M563I	AF309535	AF377237
L	642	643	*	*	*	*	*	AF312013	*
H	642	100	100.0	+	0	0	13I100M530I	AF312013	AF312013
L	8898	644	*	*	*	*	*	FJ538368	*
H	8898	100	90.0	+	0	0	30I54M2D44M516I	AF312013	FJ538368
L	659	656	*	*	*	*	*	EF016754	*
H	659	100	100.0	+	0	0	12I100M544I	EF016754	EF016754
L	2966	297	*	*	*	*	*	EU841913	*
H	2966	100	99.0	+	0	0	14I24MI76M182I	EF016754	EU841913
L	15065	761	*	*	*	*	*	AY569452	*
H	15065	100	99.0	+	0	0	155I24MI76M505I	EF016754	AY569452
L	660	189	*	*	*	*	*	EF011654	*
H	660	100	100.0	+	0	0	11I100M78I	EF011654	EF011654
L	670	642	*	*	*	*	*	EF026116	*
H	670	100	100.0	+	0	0	11I100M531I	EF026116	EF026116
L	1936	667	*	*	*	*	*	GQ290655	*
H	1936	100	100.0	+	0	0	11I43MI57M555I	EF026116	GQ290655
L	340	680	*	*	*	*	*	AM400898	*
H	340	100	99.0	+	0	0	11I60MI40M568I	EF026116	AM400898
L	688	636	*	*	*	*	*	EF030523	*
H	688	100	100.0	+	0	0	7I100M529I	EF030523	EF030523
L	703	535	*	*	*	*	*	AF317541	*
H	703	100	100.0	+	0	0	100M435I	AF317541	AF317541
L	13585	1678	*	*	*	*	*	AB027378	*
H	13585	100	93.0	+	0	0	204I32M2I17M2I41MD9M1371I	AF317541	AB027378
L	24479	547	*	*	*	*	*	JQ764778	*
H	24479	100	90.0	+	0	0	39I32M2I19M2I49M404I	AF317541	JQ764778
L	711	431	*	*	*	*	*	EF203928	*
H	711	100	100.0	+	0	0	14I100M317I	EF203927	EF203928
L	710	420	*	*	*	*	*	EF203927	*
H	710	100	100.0	+	0	0	14I100M306I	EF203927	EF203927
L	708	438	*	*	*	*	*	EF203925	*
H	708	100	100.0	+	0	0	30I100M308I	EF203927	EF203925
L	725	410	*	*	*	*	*	EF192222	*
H	725	100	100.0	+	0	0	36I100M274I	EF192222	EF192222
L	17278	387	*	*	*	*	*	GQ913345	*
H	17278	100	89.0	+	0	0	11I55MD44M277I	EF192222	GQ913345
L	25593	395	*	*	*	*	*	FJ515166	*
H	25593	100	82.0	+	0	0	12I59MD20M2I20M282I	EF192222	FJ515166
L	731	546	*	*	*	*	*	EF194842	*
H	731	100	100.0	+	0	0	38I100M408I	EF194842	EF194842
L	22962	510	*	*	*	*	*	EF658662	*
H	22962	100	89.0	+	0	0	13I53MD10M2I20M2I16M394I	EF194842	EF658662
L	744	588	*	*	*	*	*	AF177155	*
H	744	100	100.0	+	0	0	100M488I	AF177155	AF177155
L	821	172	*	*	*	*	*	AB054036	*
H	821	100	100.0	+	0	0	22I100M50I	AB054036	AB054036
L	13409	1023	*	*	*	*	*	DQ104714	*
H	13409	100	100.0	+	0	0	12I100M911I	AB054036	DQ104714
L	23518	423	*	*	*	*	*	JN601666	*
H	23518	100	86.0	+	0	0	8D19MI73M330I	AB054036	JN601666
L	824	341	*	*	*	*	*	AB054044	*
H	824	100	100.0	+	0	0	22I100M219I	AB054044	AB054044
L	846	569	*	*	*	*	*	AF231469	*
H	846	100	100.0	+	0	0	100M469I	AF231469	AF231469
L	16907	624	*	*	*	*	*	AF479651	*
H	16907	100	86.0	+	0	0	43I15MD19M2D15MD47M485I	AF231469	AF479651
L	3642	970	*	*	*	*	*	FN423701	*
H	3642	100	89.0	+	0	0	425I15MD19M2D15MD28M2I19M447I	AF231469	FN423701
L	861	711	*	*	*	*	*	AF224396	*
H	861	100	100.0	+	0	0	233I100M378I	EU682190	AF224396
L	17968	758	*	*	*	*	*	AY303132	*
H	17968	100	100.0	+	0	0	240I100M418I	EU682190	AY303132
L	859	481	*	*	*	*	*	EU682190	*
H	859	100	100.0	+	0	0	100M381I	EU682190	EU682190
L	867	480	*	*	*	*	*	EU682191	*
H	867	100	100.0	+	0	0	100M380I	EU682191	EU682191
L	16955	545	*	*	*	*	*	AJ421420	*
H	16955	100	96.0	+	0	0	13I100M432I	EU682191	AJ421420
H	861	100	94.0	+	0	0	233I100M378I	EU682191	AF224396
L	872	600	*	*	*	*	*	U57351	*
H	872	100	100.0	+	0	0	100M500I	U57351	U57351
L	489	614	*	*	*	*	*	EF050059	*
H	489	100	84.0	+	0	0	13D87M527I	U57351	EF050059
L	26758	617	*	*	*	*	*	DQ250744	*
H	26758	100	82.0	+	0	0	13D43M3I44M527I	U57351	DQ250744
L	897	854	*	*	*	*	*	AF335457	*
H	897	100	100.0	+	0	0	100M754I	AF335457	AF335457
L	24150	785	*	*	*	*	*	GQ267470	*
H	24150	100	99.0	+	0	0	49I100M636I	AF335457	GQ267470
L	3124	761	*	*	*	*	*	EU685111	*
H	3124	100	83.0	+	0	0	25I46MD45M3D5M640I	AF335457	EU685111
L	908	555	*	*	*	*	*	EF121862	*
H	908	100	100.0	+	0	0	13I100M442I	EF121862	EF121862
L	20305	556	*	*	*	*	*	EF121860	*
H	20305	100	96.0	+	0	0	13I100M443I	EF121862	EF121860
L	25955	573	*	*	*	*	*	FJ037741	*
H	25955	100	96.0	+	0	0	4I100M469I	EF121862	FJ037741
L	923	602	*	*	*	*	*	FJ799941	*
H	923	100	100.0	+	0	0	35I100M467I	FJ799941	FJ799941
L	4235	561	*	*	*	*	*	EF423524	*
H	4235	100	97.0	+	0	0	36I100M425I	FJ799941	EF423524
L	13868	531	*	*	*	*	*	DQ272499	*
H	13868	100	94.0	+	0	0	11I100M420I	FJ799941	DQ272499
L	928	530	*	*	*	*	*	GQ183941	*
H	928	100	100.0	+	0	0	100M430I	GQ183941	GQ183941
L	7834	936	*	*	*	*	*	AF009176	*
H	7834	100	100.0	+	0	0	375I100M461I	GQ183941	AF009176
L	15305	619	*	*	*	*	*	AF011309	*
H	15305	100	99.0	+	0	0	50I100M469I	GQ183941	AF011309
L	935	650	*	*	*	*	*	AB041242	*
H	935	100	100.0	+	0	0	34I100M516I	AB041242	AB041242
L	640	650	*	*	*	*	*	AF312010	*
H	640	100	98.0	+	0	0	13I100M537I	AB041242	AF312010
L	5280	1521	*	*	*	*	*	DQ377928	*
H	5280	100	91.0	+	0	0	8D57MI11MI24M1427I	AB041242	DQ377928
L	987	394	*	*	*	*	*	AF373978	*
H	987	100	100.0	+	0	0	100M294I	AF373978	AF373978
L	16142	392	*	*	*	*	*	AF373986	*
H	16142	100	99.0	+	0	0	40MD59M293I	AF373978	AF373986
L	993	386	*	*	*	*	*	AF373992	*
H	993	100	88.0	+	0	0	D99M287I	AF373978	AF373992
L	992	344	*	*	*	*	*	AF373991	*
H	992	100	100.0	+	0	0	140I100M104I	AF373991	AF373991
L	1008	503	*	*	*	*	*	AF309591	*
H	1008	100	100.0	+	0	0	11I100M392I	AF309591	AF309591
L	3737	532	*	*	*	*	*	EU853477	*
H	3737	100	98.0	+	0	0	11I100M421I	AF309591	EU853477
L	24368	638	*	*	*	*	*	EU882120	*
H	24368	100	91.0	+	0	0	128I35MI65M409I	AF309591	EU882120
L	1013	558	*	*	*	*	*	AF018953	*
H	1013	100	100.0	+	0	0	13I100M445I	AF018953	AF018953
L	15764	588	*	*	*	*	*	FJ442662	*
H	15764	100	97.0	+	0	0	9I72MI28M478I	AF018953	FJ442662
L	27421	632	*	*	*	*	*	EU280133	*
H	27421	100	97.0	+	0	0	36I72MI28M495I	AF018953	EU280133
L	1043	723	*	*	*	*	*	EF507254	*
H	1043	100	100.0	+	0	0	50I100M573I	EF507254	EF507254
L	19938	709	*	*	*	*	*	DQ848613	*
H	19938	100	89.0	+	0	0	50I47M5D13M2D33M566I	EF507254	DQ848613
L	10716	618	*	*	*	*	*	JF520431	*
H	10716	100	90.0	+	0	0	6I47M2D51M514I	EF507254	JF520431
L	1045	709	*	*	*	*	*	EF507258	*
H	1045	100	100.0	+	0	0	50I100M559I	EF507258	EF507258
L	23967	618	*	*	*	*	*	JN836752	*
H	23967	100	97.0	+	0	0	4I100M514I	EF507258	JN836752
L	28471	873	*	*	*	*	*	JQ711917	*
H	28471	100	97.0	+	0	0	115I100M658I	EF507258	JQ711917
L	1052	1062	*	*	*	*	*	EF530933	*
H	1052	100	100.0	+	0	0	100M962I	EF530933	EF530933
L	11479	545	*	*	*	*	*	JN943323	*
H	11479	100	99.0	+	0	0	24I80MI9MI11M419I	EF530933	JN943323
L	7665	530	*	*	*	*	*	HQ022487	*
H	7665	100	98.0	+	0	0	14I80MI9MI11M414I	EF530933	HQ022487
L	1067	701	*	*	*	*	*	EF200022	*
H	1067	100	100.0	+	0	0	49I100M552I	EF200022	EF200022
L	1069	728	*	*	*	*	*	EF200037	*
H	1069	100	100.0	+	0	0	50I100M578I	EF200037	EF200037
L	222	722	*	*	*	*	*	EF200014	*
H	222	100	90.0	+	0	0	50I40MI44M4D12M575I	EF200037	EF200014
L	1125	705	*	*	*	*	*	EF420147	*
H	1125	100	100.0	+	0	0	35I100M570I	EF420147	EF420147
L	14188	667	*	*	*	*	*	UDB001569	*
H	14188	100	99.0	+	0	0	15I100M552I	EF420147	UDB001569
L	174	623	*	*	*	*	*	EU525976	*
H	174	100	95.0	+	0	0	4D96M527I	EF420147	EU525976
L	1150	487	*	*	*	*	*	EF395370	*
H	1150	100	100.0	+	0	0	100M387I	EF395370	EF395370
L	3019	487	*	*	*	*	*	EF395373	*
H	3019	100	86.0	+	0	0	6D21M3D28M3D23MI9M4I7M394I	EF395370	EF395373
L	27492	494	*	*	*	*	*	EU444536	*
H	27492	100	85.0	+	0	0	8I32MD23M3D19M2I22M388I	EF395370	EU444536
L	1153	608	*	*	*	*	*	FN423704	*
H	1153	100	100.0	+	0	0	392I100M116I	FN423704	FN423704
L	16672	454	*	*	*	*	*	U31998	*
H	16672	100	86.0	+	0	0	13D29MI58M366I	FN423704	U31998
L	16938	461	*	*	*	*	*	AM503941	*
H	16938	100	82.0	+	0	0	9D9MI82M369I	FN423704	AM503941
L	1160	492	*	*	*	*	*	AM292695	*
H	1160	100	100.0	+	0	0	100M392I	AM292695	AM292695
L	2658	491	*	*	*	*	*	AM504059	*
H	2658	100	93.0	+	0	0	100M391I	AM292695	AM504059
L	17381	491	*	*	*	*	*	AM504064	*
H	17381	100	89.0	+	0	0	38MI27MD34M391I	AM292695	AM504064
L	1163	617	*	*	*	*	*	AB190380	*
H	1163	100	100.0	+	0	0	19I100M498I	AB190380	AB190380
L	8878	627	*	*	*	*	*	AB190379	*
H	8878	100	99.0	+	0	0	19I37MI36MI27M506I	AB190380	AB190379
L	21407	1453	*	*	*	*	*	EU514699	*
H	21407	100	90.0	+	0	0	10D90M1363I	AB190380	EU514699
L	1269	590	*	*	*	*	*	AF357053	*
H	1269	100	100.0	+	0	0	11I100M479I	AF357053	AF357053
L	14096	645	*	*	*	*	*	DQ830805	*
H	14096	100	88.0	+	0	0	D99M546I	AF357053	DQ830805
L	16119	598	*	*	*	*	*	AF357037	*
H	16119	100	92.0	+	0	0	11I100M487I	AF357053	AF357037
L	1273	595	*	*	*	*	*	AF357062	*
H	1273	100	100.0	+	0	0	11I100M484I	AF357062	AF357062
L	29153	662	*	*	*	*	*	AF241522	*
H	29153	100	96.0	+	0	0	I53MD46M562I	AF357062	AF241522
L	1933	349	*	*	*	*	*	AF438570	*
H	1933	100	96.0	+	0	0	D52MD46M251I	AF357062	AF438570
L	1285	580	*	*	*	*	*	AF297669	*
H	1285	100	100.0	+	0	0	13I100M467I	AF297669	AF297669
L	12250	754	*	*	*	*	*	AF096211	*
H	12250	100	98.0	+	0	0	204I100M450I	AF297669	AF096211
L	25601	767	*	*	*	*	*	HM161455	*
H	25601	100	98.0	+	0	0	227I100M440I	AF297669	HM161455
L	1328	678	*	*	*	*	*	AF399886	*
H	1328	100	100.0	+	0	0	23I100M555I	AF399886	AF399886
L	1370	547	*	*	*	*	*	AF298128	*
H	1370	100	100.0	+	0	0	100M447I	AF298128	AF298128
L	16245	546	*	*	*	*	*	AF408681	*
H	16245	100	89.0	+	0	0	91M5I9M441I	AF298128	AF408681
L	1369	549	*	*	*	*	*	AF298126	*
H	1369	100	84.0	+	0	0	100M449I	AF298128	AF298126
L	1374	542	*	*	*	*	*	AF298134	*
H	1374	100	100.0	+	0	0	100M442I	AF298134	AF298134
L	16247	536	*	*	*	*	*	AF408683	*
H	16247	100	85.0	+	0	0	19MD59MD20M438I	AF298134	AF408683
L	1367	547	*	*	*	*	*	AF298123	*
H	1367	100	81.0	+	0	0	100M447I	AF298134	AF298123
L	1389	541	*	*	*	*	*	EF464589	*
H	1389	100	100.0	+	0	0	100M441I	EF464589	EF464589
L	20186	1182	*	*	*	*	*	EF052279	*
H	20186	100	81.0	+	0	0	4D39MI6M2I20M3I31M1080I	EF464589	EF052279
L	11208	1182	*	*	*	*	*	EF052276	*
H	11208	100	81.0	+	0	0	4D39MI6M2I20M3I31M1080I	EF464589	EF052276
L	8237	1133	*	*	*	*	*	AF034461	*
H	8237	100	100.0	+	0	0	2I100M1031I	EU030360	AF034461
L	24332	538	*	*	*	*	*	JQ946395	*
H	24332	100	100.0	+	0	0	59I100M379I	EU030360	JQ946395
L	24337	608	*	*	*	*	*	DQ681321	*
H	24337	100	100.0	+	0	0	47I100M461I	EU030360	DQ681321
L	1398	517	*	*	*	*	*	AB274813	*
H	1398	100	100.0	+	0	0	22I100M395I	AB274813	AB274813
L	767	549	*	*	*	*	*	EF423543	*
H	767	100	80.0	+	0	0	38I28M2I66M2I6M407I	AB274813	EF423543
L	1405	740	*	*	*	*	*	EF685047	*
H	1405	100	100.0	+	0	0	29I100M611I	EF685047	EF685047
L	23960	674	*	*	*	*	*	FJ876166	*
H	23960	100	92.0	+	0	0	11I23MI42M7I35M555I	EF685047	FJ876166
L	21890	743	*	*	*	*	*	GU234147	*
H	21890	100	89.0	+	0	0	39I35M2D28M6I35M600I	EF685047	GU234147
L	1421	609	*	*	*	*	*	AB284446	*
H	1421	100	100.0	+	0	0	100M509I	AB284446	AB284446
L	23789	726	*	*	*	*	*	GU016610	*
H	23789	100	99.0	+	0	0	54I100M572I	AB284446	GU016610
L	29178	625	*	*	*	*	*	DQ179129	*
H	29178	100	89.0	+	0	0	9D91M534I	AB284446	DQ179129
L	1429	479	*	*	*	*	*	EF535171	*
H	1429	100	100.0	+	0	0	100M379I	EF535171	EF535171
L	1428	475	*	*	*	*	*	EF535170	*
H	1428	100	89.0	+	0	0	5MD60MD33M377I	EF535171	EF535170
L	1446	475	*	*	*	*	*	EF535211	*
H	1446	100	90.0	+	0	0	71MD28M376I	EF535171	EF535211
L	1435	476	*	*	*	*	*	EF535193	*
H	1435	100	100.0	+	0	0	100M376I	EF535193	EF535193
L	9040	477	*	*	*	*	*	GU967377	*
H	9040	100	98.0	+	0	0	47MI53M376I	EF535193	GU967377
L	20593	478	*	*	*	*	*	EF535181	*
H	20593	100	96.0	+	0	0	100M378I	EF535193	EF535181
L	1449	479	*	*	*	*	*	EF535218	*
H	1449	100	100.0	+	0	0	100M379I	EF535218	EF535218
L	6171	478	*	*	*	*	*	FJ959351	*
H	6171	100	93.0	+	0	0	100M378I	EF535218	FJ959351
L	20594	478	*	*	*	*	*	EF535182	*
H	20594	100	89.0	+	0	0	43MI32M2D23M379I	EF535218	EF535182
L	1472	412	*	*	*	*	*	EF582746	*
H	1472	100	100.0	+	0	0	100M312I	EF582746	EF582746
L	1473	461	*	*	*	*	*	EF582747	*
H	1473	100	90.0	+	0	0	48I37MI63M312I	EF582746	EF582747
L	16653	466	*	*	*	*	*	AF540520	*
H	16653	100	90.0	+	0	0	47I27MI73M318I	EF582746	AF540520
L	1484	609	*	*	*	*	*	JF908138	*
H	1484	100	100.0	+	0	0	100M509I	JF908138	JF908138
L	17426	1925	*	*	*	*	*	AM882731	*
H	17426	100	89.0	+	0	0	23I50M3D29MD17M1806I	JF908138	AM882731
L	23294	988	*	*	*	*	*	FJ845414	*
H	23294	100	91.0	+	0	0	110I47M4D32M2I9MI8M779I	JF908138	FJ845414
L	1486	705	*	*	*	*	*	AB080512	*
H	1486	100	100.0	+	0	0	11I100M594I	AB080512	AB080512
L	28257	697	*	*	*	*	*	AY870865	*
H	28257	100	91.0	+	0	0	49I75MD24M549I	AB080512	AY870865
L	1487	702	*	*	*	*	*	AB080523	*
H	1487	100	90.0	+	0	0	12I44M2I28M2I28M586I	AB080512	AB080523
L	1489	706	*	*	*	*	*	AB080536	*
H	1489	100	100.0	+	0	0	12I100M594I	AB080536	AB080536
H	28257	100	89.0	+	0	0	49I85M2D13M550I	AB080536	AY870865
H	1486	100	93.0	+	0	0	11I34MD17MI23MI8M2D15M595I	AB080536	AB080512
L	1494	522	*	*	*	*	*	EF592171	*
H	1494	100	100.0	+	0	0	11I100M411I	EF592171	EF592171
L	1209	2273	*	*	*	*	*	GQ338244	*
H	1209	100	98.0	+	0	0	1718I93MD6M456I	EF592171	GQ338244
L	21723	632	*	*	*	*	*	GQ461911	*
H	21723	100	95.0	+	0	0	35I100M497I	EF592171	GQ461911
L	1508	734	*	*	*	*	*	EF621920	*
H	1508	100	100.0	+	0	0	50I100M584I	EF621920	EF621920
L	13991	667	*	*	*	*	*	DQ366853	*
H	13991	100	90.0	+	0	0	12I100M555I	EF621920	DQ366853
L	13994	696	*	*	*	*	*	DQ366856	*
H	13994	100	90.0	+	0	0	50I100M546I	EF621920	DQ366856
L	1509	602	*	*	*	*	*	EF621945	*
H	1509	100	100.0	+	0	0	22I100M480I	EF621945	EF621945
L	19261	616	*	*	*	*	*	DQ238743	*
H	19261	100	96.0	+	0	0	12I35MD64M505I	EF621945	DQ238743
L	19262	592	*	*	*	*	*	DQ238744	*
H	19262	100	91.0	+	0	0	4D31MD64M497I	EF621945	DQ238744
L	1529	2053	*	*	*	*	*	EU118629	*
H	1529	100	100.0	+	0	0	39I100M1914I	EU118629	EU118629
L	1547	613	*	*	*	*	*	EF585656	*
H	1547	100	100.0	+	0	0	276I100M237I	EF585656	EF585656
L	14292	574	*	*	*	*	*	DQ485669	*
H	14292	100	100.0	+	0	0	254I100M220I	EF585656	DQ485669
L	19652	574	*	*	*	*	*	AY349123	*
H	19652	100	100.0	-	0	0	246I100M228I	EF585656	AY349123
L	1562	1005	*	*	*	*	*	EU123800	*
H	1562	100	100.0	+	0	0	435I100M470I	EU123800	EU123800
L	8073	1046	*	*	*	*	*	HQ449702	*
H	8073	100	98.0	+	0	0	492I100M454I	EU123800	HQ449702
L	8682	609	*	*	*	*	*	GU002301	*
H	8682	100	98.0	+	0	0	35I100M474I	EU123800	GU002301
L	1567	626	*	*	*	*	*	EF635906	*
H	1567	100	100.0	+	0	0	6I100M520I	EF635906	EF635906
L	370	645	*	*	*	*	*	DQ875355	*
H	370	100	91.0	+	0	0	4D50M2I12M2D32M549I	EF635906	DQ875355
L	27982	668	*	*	*	*	*	JN367299	*
H	27982	100	93.0	+	0	0	11I75M2I25M555I	EF635906	JN367299
L	1577	1356	*	*	*	*	*	EU019276	*
H	1577	100	100.0	+	0	0	100M1256I	EU019276	EU019276
L	21875	499	*	*	*	*	*	EU707580	*
H	21875	100	90.0	+	0	0	7I7MI19M3I74M388I	EU019276	EU707580
L	13276	597	*	*	*	*	*	AJ971406	*
H	13276	100	91.0	+	0	0	128I60MI40M368I	EU019276	AJ971406
L	1618	476	*	*	*	*	*	EU057939	*
H	1618	100	100.0	+	0	0	100M376I	EU057939	EU057939
L	9817	512	*	*	*	*	*	JF703123	*
H	9817	100	86.0	+	0	0	84M2I16M410I	EU057939	JF703123
L	21403	551	*	*	*	*	*	EU502747	*
H	21403	100	91.0	+	0	0	100M451I	EU057939	EU502747
L	1620	533	*	*	*	*	*	EU139247	*
H	1620	79	100.0	+	0	0	103I79M351I	EU139247	EU139247
L	8178	568	*	*	*	*	*	JN198528	*
H	8178	79	96.2	+	0	0	133I53MI26M355I	EU139247	JN198528
L	6783	537	*	*	*	*	*	GQ272625	*
H	6783	79	91.1	+	0	0	121I50M2I29M335I	EU139247	GQ272625
L	1628	311	*	*	*	*	*	EU343863	*
H	1628	100	100.0	+	0	0	13I100M198I	EU343863	EU343863
L	1627	773	*	*	*	*	*	AY796026	*
H	1627	100	95.0	+	0	0	2I72M2I28M669I	EU343863	AY796026
L	1630	764	*	*	*	*	*	AY796028	*
H	1630	100	85.0	+	0	0	2I46M2D19M4D29M668I	EU343863	AY796028
L	1638	611	*	*	*	*	*	AB219228	*
H	1638	100	100.0	+	0	0	37I100M474I	AB219228	AB219228
L	1648	618	*	*	*	*	*	AB361638	*
H	1648	100	100.0	+	0	0	35I100M483I	AB361638	AB361638
L	1639	632	*	*	*	*	*	AB361641	*
H	1639	100	81.0	+	0	0	35I22M4I16MI15M8I47M484I	AB361638	AB361641
L	1649	515	*	*	*	*	*	GQ241274	*
H	1649	100	100.0	+	0	0	24I100M391I	GQ241274	GQ241274
L	24341	471	*	*	*	*	*	JN207351	*
H	24341	100	100.0	+	0	0	49I100M322I	GQ241274	JN207351
L	20338	710	*	*	*	*	*	JN712455	*
H	20338	100	99.0	+	0	0	122I100M488I	GQ241274	JN712455
L	1670	565	*	*	*	*	*	AF332118	*
H	1670	100	100.0	+	0	0	100M465I	AF332118	AF332118
L	26641	553	*	*	*	*	*	HQ650665	*
H	26641	100	90.0	+	0	0	9D91M462I	AF332118	HQ650665
L	1300	683	*	*	*	*	*	DQ534472	*
H	1300	100	96.0	+	0	0	57I30MD69M527I	AF332118	DQ534472
L	1671	547	*	*	*	*	*	AF332122	*
H	1671	100	100.0	+	0	0	100M447I	AF332122	AF332122
L	7167	760	*	*	*	*	*	GU289916	*
H	7167	100	81.0	+	0	0	244I100M416I	AF332122	GU289916
L	1685	491	*	*	*	*	*	AY035661	*
H	1685	100	100.0	+	0	0	11I100M380I	AY035661	AY035661
L	11522	1422	*	*	*	*	*	FR750184	*
H	11522	100	88.0	+	0	0	222I18MD62M4D15M1105I	AY035661	FR750184
L	23591	1660	*	*	*	*	*	FM876803	*
H	23591	100	93.0	+	0	0	272I54M3I19M2I27M1283I	AY035661	FM876803
L	1699	1252	*	*	*	*	*	FJ039646	*
H	1699	100	100.0	+	0	0	7I100M1145I	FJ039646	FJ039646
L	20909	1276	*	*	*	*	*	EU057038	*
H	20909	100	96.0	+	0	0	25MD74M1177I	FJ039646	EU057038
L	137	619	*	*	*	*	*	DQ663462	*
H	137	100	89.0	+	0	0	9D91M528I	FJ039646	DQ663462
L	1710	1149	*	*	*	*	*	EF652086	*
H	1710	100	100.0	+	0	0	100M1049I	EF652086	EF652086
L	25939	1111	*	*	*	*	*	EF652084	*
H	25939	100	87.0	+	0	0	54MI25M2D19M1012I	EF652086	EF652084
L	27816	645	*	*	*	*	*	JN157802	*
H	27816	100	87.0	+	0	0	310I54MI25M2D19M236I	EF652086	JN157802
L	1728	701	*	*	*	*	*	EU014059	*
H	1728	100	100.0	+	0	0	49I100M552I	EU014059	EU014059
L	7789	711	*	*	*	*	*	EU400584	*
H	7789	100	100.0	+	0	0	49I100M562I	EU014059	EU400584
L	7788	1247	*	*	*	*	*	EU816926	*
H	7788	100	92.0	+	0	0	35I53MD46M1113I	EU014059	EU816926
L	1735	529	*	*	*	*	*	EU109673	*
H	1735	100	100.0	+	0	0	100M429I	EU109673	EU109673
L	10994	597	*	*	*	*	*	JN232143	*
H	10994	100	94.0	+	0	0	106I100M391I	EU109673	JN232143
L	25613	937	*	*	*	*	*	EU750686	*
H	25613	100	94.0	+	0	0	131I100M706I	EU109673	EU750686
L	1739	518	*	*	*	*	*	AB365596	*
H	1739	100	100.0	+	0	0	2I100M416I	AB365596	AB365596
L	1750	540	*	*	*	*	*	EU218891	*
H	1750	100	100.0	+	0	0	100M440I	EU218891	EU218891
L	27298	543	*	*	*	*	*	JQ713580	*
H	27298	100	90.0	+	0	0	34I14MI20M4I48M2D16M406I	EU218891	JQ713580
L	12087	643	*	*	*	*	*	AY373297	*
H	12087	100	90.0	+	0	0	74I17M2D15M2I66M469I	EU218891	AY373297
L	1755	714	*	*	*	*	*	EU220025	*
H	1755	91	100.0	+	0	0	7I91M616I	EU220025	EU220025
L	1759	682	*	*	*	*	*	JF439489	*
H	1759	100	100.0	+	0	0	49I100M533I	JF439489	JF439489
L	6152	642	*	*	*	*	*	GQ302682	*
H	6152	100	100.0	+	0	0	11I100M531I	JF439489	GQ302682
L	9020	624	*	*	*	*	*	HQ637326	*
H	9020	100	83.0	+	0	0	7D7M6D26MD53M538I	JF439489	HQ637326
L	7966	513	*	*	*	*	*	FJ237045	*
H	7966	11	100.0	+	0	0	502I11M	EU247762	FJ237045
L	2829	1593	*	*	*	*	*	EU552114	*
H	2829	11	90.9	+	0	0	506I11M1076I	EU247762	EU552114
L	22741	838	*	*	*	*	*	FJ480444	*
H	22741	11	90.9	+	0	0	760I11M67I	EU247762	FJ480444
L	10777	554	*	*	*	*	*	JN603595	*
H	10777	100	100.0	+	0	0	41I100M413I	EU240004	JN603595
L	1764	602	*	*	*	*	*	EU240004	*
H	1764	100	100.0	+	0	0	45I100M457I	EU240004	EU240004
L	972	492	*	*	*	*	*	GQ850202	*
H	972	100	92.0	+	0	0	8D92M400I	EU240004	GQ850202
L	16852	554	*	*	*	*	*	AF207794	*
H	16852	100	100.0	+	0	0	16I100M438I	EF608061	AF207794
L	1765	545	*	*	*	*	*	EF608061	*
H	1765	100	100.0	+	0	0	100M445I	EF608061	EF608061
L	1766	570	*	*	*	*	*	EU131883	*
H	1766	100	100.0	+	0	0	21I100M449I	EF608061	EU131883
L	1771	561	*	*	*	*	*	EU137332	*
H	1771	100	100.0	+	0	0	100M461I	EU137332	EU137332
L	27349	575	*	*	*	*	*	JF747109	*
H	27349	100	87.0	+	0	0	4MD11MD83M477I	EU137332	JF747109
L	20973	569	*	*	*	*	*	EU103987	*
H	20973	100	91.0	+	0	0	4MD11MD83M471I	EU137332	EU103987
L	1791	608	*	*	*	*	*	GQ388712	*
H	1791	100	100.0	+	0	0	35I100M473I	GQ388712	GQ388712
L	12053	597	*	*	*	*	*	GQ388713	*
H	12053	100	91.0	+	0	0	35I62M8D30M470I	GQ388712	GQ388713
L	4805	644	*	*	*	*	*	AF480160	*
H	4805	100	89.0	+	0	0	85I39M2I21M5D35M462I	GQ388712	AF480160
L	1817	1744	*	*	*	*	*	AB369939	*
H	1817	100	100.0	+	0	0	1382I100M262I	EF176489	AB369939
L	26843	640	*	*	*	*	*	EF393629	*
H	26843	100	100.0	+	0	0	263I100M277I	EF176489	EF393629
L	16891	634	*	*	*	*	*	EF393622	*
H	16891	100	100.0	+	0	0	258I100M276I	EF176489	EF393622
L	1821	529	*	*	*	*	*	GU062298	*
H	1821	100	100.0	+	0	0	38I100M391I	GU062298	GU062298
L	9679	1083	*	*	*	*	*	AY271809	*
H	9679	100	92.0	+	0	0	274I83M3D14M712I	GU062298	AY271809
L	25135	968	*	*	*	*	*	GU722596	*
H	25135	100	95.0	+	0	0	240I100M628I	GU062298	GU722596
L	1823	598	*	*	*	*	*	FJ462747	*
H	1823	100	100.0	+	0	0	11I100M487I	FJ462747	FJ462747
L	18399	594	*	*	*	*	*	GU062274	*
H	18399	100	99.0	+	0	0	35I100M459I	FJ462747	GU062274
L	22751	657	*	*	*	*	*	FJ481048	*
H	22751	100	99.0	+	0	0	35I100M522I	FJ462747	FJ481048
L	1832	524	*	*	*	*	*	AJ302460	*
H	1832	100	100.0	+	0	0	100M424I	AJ302460	AJ302460
L	4870	559	*	*	*	*	*	GQ293943	*
H	4870	100	98.0	+	0	0	I100M458I	AJ302460	GQ293943
L	1836	560	*	*	*	*	*	AJ302442	*
H	1836	100	97.0	+	0	0	91M4I9M456I	AJ302460	AJ302442
L	1838	525	*	*	*	*	*	AJ302448	*
H	1838	100	100.0	+	0	0	100M425I	AJ302448	AJ302448
L	16868	523	*	*	*	*	*	AJ302464	*
H	16868	100	95.0	+	0	0	72MD27M424I	AJ302448	AJ302464
L	12549	553	*	*	*	*	*	AY684220	*
H	12549	100	94.0	+	0	0	I71MD28M453I	AJ302448	AY684220
L	1888	659	*	*	*	*	*	EU293061	*
H	1888	100	100.0	+	0	0	30I100M529I	EU293061	EU293061
L	1917	435	*	*	*	*	*	DQ205681	*
H	1917	100	100.0	+	0	0	100M335I	DQ205681	DQ205681
L	27169	1259	*	*	*	*	*	DQ000318	*
H	27169	100	96.0	+	0	0	168I100M991I	DQ205681	DQ000318
L	12299	484	*	*	*	*	*	GQ911538	*
H	12299	100	88.0	+	0	0	8D92M392I	DQ205681	GQ911538
L	1918	592	*	*	*	*	*	AY266144	*
H	1918	100	100.0	+	0	0	13I100M479I	AY266144	AY266144
L	8445	845	*	*	*	*	*	HM627469	*
H	8445	100	93.0	+	0	0	275I33MI67M469I	AY266144	HM627469
L	5024	625	*	*	*	*	*	AY140669	*
H	5024	100	92.0	+	0	0	11I33MI67M513I	AY266144	AY140669
L	16542	756	*	*	*	*	*	FJ596766	*
H	16542	100	100.0	+	0	0	100M656I	FJ596767	FJ596766
L	1928	755	*	*	*	*	*	FJ596767	*
H	1928	100	100.0	+	0	0	100M655I	FJ596767	FJ596767
L	22721	867	*	*	*	*	*	FJ467354	*
H	22721	100	100.0	+	0	0	94I100M673I	FJ596767	FJ467354
L	1962	670	*	*	*	*	*	AM882803	*
H	1962	100	100.0	+	0	0	100M570I	AM882803	AM882803
L	13021	774	*	*	*	*	*	AJ889954	*
H	13021	100	80.0	+	0	0	50I7MI47M2D12MD10M2D19M628I	AM882803	AJ889954
L	1978	463	*	*	*	*	*	AM921708	*
H	1978	100	100.0	+	0	0	100M363I	AM921708	AM921708
L	1578	1367	*	*	*	*	*	EU019277	*
H	1578	100	91.0	+	0	0	3I19MI64M2I17M1261I	AM921708	EU019277
L	5743	595	*	*	*	*	*	FJ860804	*
H	5743	100	100.0	+	0	0	100M495I	FJ860841	FJ860804
L	12652	579	*	*	*	*	*	FJ860752	*
H	12652	100	100.0	+	0	0	100M479I	FJ860841	FJ860752
L	23320	588	*	*	*	*	*	FJ860774	*
H	23320	100	100.0	+	0	0	100M488I	FJ860841	FJ860774
L	2035	575	*	*	*	*	*	EU249514	*
H	2035	100	100.0	+	0	0	12I100M463I	EU249514	EU249514
L	8501	499	*	*	*	*	*	AF042428	*
H	8501	100	85.0	+	0	0	11I34MI41M3D22M390I	EU249514	AF042428
L	26917	1129	*	*	*	*	*	HQ890370	*
H	26917	100	83.0	+	0	0	26I76M2D22M1005I	EU249514	HQ890370
L	2036	528	*	*	*	*	*	EU249467	*
H	2036	100	100.0	+	0	0	12I100M416I	EU249467	EU249467
L	4874	2163	*	*	*	*	*	FJ664833	*
H	4874	100	92.0	+	0	0	319I8M2D90M1746I	EU249467	FJ664833
L	23014	2112	*	*	*	*	*	FJ664858	*
H	23014	100	86.0	+	0	0	265I8M2D39MD50M1750I	EU249467	FJ664858
L	2060	488	*	*	*	*	*	EU315763	*
H	2060	100	100.0	+	0	0	14I100M374I	EU315763	EU315763
L	2104	630	*	*	*	*	*	EU266591	*
H	2104	100	100.0	+	0	0	35I100M495I	EU266591	EU266591
L	5389	1178	*	*	*	*	*	AB378548	*
H	5389	100	98.0	+	0	0	13I62M6I38M1059I	EU266591	AB378548
L	10398	563	*	*	*	*	*	AY903605	*
H	10398	100	93.0	+	0	0	2D12MD47M6I38M460I	EU266591	AY903605
L	2105	1464	*	*	*	*	*	EU427549	*
H	2105	100	100.0	+	0	0	100M1364I	EU427549	EU427549
L	2106	1463	*	*	*	*	*	EU427551	*
H	2106	100	95.0	+	0	0	3D30MD66M1367I	EU427549	EU427551
L	10553	1478	*	*	*	*	*	EU543194	*
H	10553	100	85.0	+	0	0	3D30M3D45MI19M1383I	EU427549	EU543194
L	2111	735	*	*	*	*	*	EU435008	*
H	2111	100	100.0	+	0	0	100M635I	EU435008	EU435008
L	17883	583	*	*	*	*	*	AY245635	*
H	17883	100	100.0	+	0	0	11I100M472I	GQ354261	AY245635
L	2113	593	*	*	*	*	*	GQ354261	*
H	2113	100	100.0	+	0	0	35I100M458I	GQ354261	GQ354261
L	28534	554	*	*	*	*	*	U18786	*
H	28534	100	98.0	+	0	0	D99M455I	GQ354261	U18786
L	2117	523	*	*	*	*	*	AF433147	*
H	2117	100	100.0	+	0	0	6I100M417I	AF433147	AF433147
L	2988	573	*	*	*	*	*	EU837206	*
H	2988	100	96.0	+	0	0	22I33MI67M450I	AF433147	EU837206
L	3515	517	*	*	*	*	*	EU784190	*
H	3515	100	94.0	+	0	0	9I100M408I	AF433147	EU784190
L	2129	287	*	*	*	*	*	L06431	*
H	2129	100	100.0	+	0	0	103I100M84I	L06431	L06431
L	5795	518	*	*	*	*	*	AF169309	*
H	5795	100	85.0	+	0	0	14D86M432I	L06431	AF169309
L	26158	486	*	*	*	*	*	DQ914672	*
H	26158	100	81.0	+	0	0	10D24MD21MI13MD30M397I	L06431	DQ914672
L	18131	598	*	*	*	*	*	EU734583	*
H	18131	100	100.0	+	0	0	22I100M476I	FJ441663	EU734583
L	2145	574	*	*	*	*	*	FJ441663	*
H	2145	100	100.0	+	0	0	37I100M437I	FJ441663	FJ441663
L	16853	683	*	*	*	*	*	EU822805	*
H	16853	100	100.0	+	0	0	172I100M411I	FJ441663	EU822805
L	2146	594	*	*	*	*	*	EU482218	*
H	2146	100	100.0	+	0	0	38I100M456I	EU482218	EU482218
L	1352	527	*	*	*	*	*	GQ369593	*
H	1352	100	91.0	+	0	0	21I100M406I	EU482218	GQ369593
L	14408	559	*	*	*	*	*	FJ236461	*
H	14408	100	91.0	+	0	0	13I100M446I	EU482218	FJ236461
L	2169	510	*	*	*	*	*	EU314688	*
H	2169	100	100.0	+	0	0	100M410I	EU314688	EU314688
L	11975	517	*	*	*	*	*	EU314684	*
H	11975	100	92.0	+	0	0	6I17MI55MD27M411I	EU314688	EU314684
L	6623	1185	*	*	*	*	*	AY394908	*
H	6623	100	90.0	+	0	0	71I72MD27M1015I	EU314688	AY394908
L	2210	522	*	*	*	*	*	AF439460	*
H	2210	100	100.0	+	0	0	100M422I	AF439460	AF439460
L	2223	521	*	*	*	*	*	AF439510	*
H	2223	100	100.0	+	0	0	100M421I	AF439510	AF439510
L	3649	552	*	*	*	*	*	FJ372393	*
H	3649	100	96.0	+	0	0	19I100M433I	AF439510	FJ372393
L	7498	558	*	*	*	*	*	HM999911	*
H	7498	100	96.0	+	0	0	16I100M442I	AF439510	HM999911
L	2259	538	*	*	*	*	*	EU545148	*
H	2259	100	100.0	+	0	0	15I100M423I	EU545148	EU545148
L	22059	577	*	*	*	*	*	GQ365160	*
H	22059	100	100.0	+	0	0	3I100M474I	EU545148	GQ365160
L	5368	505	*	*	*	*	*	DQ123599	*
H	5368	100	100.0	+	0	0	5I100M400I	EU545148	DQ123599
L	2260	535	*	*	*	*	*	EU543255	*
H	2260	100	100.0	+	0	0	5I100M430I	EU543255	EU543255
L	2273	677	*	*	*	*	*	EU526004	*
H	2273	100	100.0	+	0	0	50I100M527I	EU526004	EU526004
L	5951	579	*	*	*	*	*	GU222282	*
H	5951	100	83.0	+	0	0	26I36MI39MD24M453I	EU526004	GU222282
L	5512	657	*	*	*	*	*	GQ981502	*
H	5512	100	86.0	+	0	0	40I22MI13MI16M2D47M517I	EU526004	GQ981502
L	2283	505	*	*	*	*	*	EF051729	*
H	2283	100	100.0	+	0	0	100M405I	EF051729	EF051729
L	11016	585	*	*	*	*	*	GU909512	*
H	11016	100	99.0	+	0	0	42I100M443I	EF051729	GU909512
L	17843	585	*	*	*	*	*	AY220616	*
H	17843	100	95.0	+	0	0	34I100M451I	EF051729	AY220616
L	2306	504	*	*	*	*	*	EU551190	*
H	2306	100	100.0	+	0	0	28I100M376I	EU551190	EU551190
L	3265	527	*	*	*	*	*	AF444397	*
H	3265	100	97.0	+	0	0	11I52MD47M417I	EU551190	AF444397
L	3258	529	*	*	*	*	*	EU863541	*
H	3258	100	96.0	+	0	0	11I100M418I	EU551190	EU863541
L	2314	502	*	*	*	*	*	EU254771	*
H	2314	100	100.0	+	0	0	100M402I	EU254771	EU254771
L	2313	501	*	*	*	*	*	EU254793	*
H	2313	100	97.0	+	0	0	100M401I	EU254771	EU254793
L	21137	502	*	*	*	*	*	EU254804	*
H	21137	100	90.0	+	0	0	22M2D52MI24M403I	EU254771	EU254804
L	2333	505	*	*	*	*	*	EU254973	*
H	2333	100	100.0	+	0	0	100M405I	EU254973	EU254973
L	21145	515	*	*	*	*	*	EU254965	*
H	21145	100	90.0	+	0	0	22MI78M414I	EU254973	EU254965
H	21137	100	91.0	+	0	0	22MD36MI28MI13M401I	EU254973	EU254804
L	2348	471	*	*	*	*	*	AM743192	*
H	2348	100	100.0	+	0	0	100M371I	AM743192	AM743192
L	2357	650	*	*	*	*	*	AY877409	*
H	2357	100	100.0	+	0	0	29I100M521I	AY877409	AY877409
L	10174	660	*	*	*	*	*	AY588102	*
H	10174	100	96.0	+	0	0	11I100M549I	AY877409	AY588102
H	13991	100	95.0	+	0	0	12I100M555I	AY877409	DQ366853
L	2364	441	*	*	*	*	*	AF410821	*
H	2364	100	100.0	+	0	0	167I100M174I	AF410821	AF410821
L	2363	505	*	*	*	*	*	AF410820	*
H	2363	100	97.0	+	0	0	181I100M224I	AF410821	AF410820
L	26785	547	*	*	*	*	*	HQ725088	*
H	26785	100	93.0	+	0	0	I100M446I	AF410821	HQ725088
L	2368	565	*	*	*	*	*	AB044382	*
H	2368	100	100.0	+	0	0	100M465I	AB044382	AB044382
L	14404	607	*	*	*	*	*	AB044381	*
H	14404	100	96.0	+	0	0	100M507I	AB044382	AB044381
L	2478	568	*	*	*	*	*	AB045105	*
H	2478	100	96.0	+	0	0	100M468I	AB044382	AB045105
L	2388	565	*	*	*	*	*	GU066608	*
H	2388	100	100.0	+	0	0	100M465I	GU066608	GU066608
L	26955	578	*	*	*	*	*	FJ462748	*
H	26955	100	97.0	+	0	0	11I100M467I	GU066608	FJ462748
L	20529	545	*	*	*	*	*	EF488378	*
H	20529	100	96.0	+	0	0	20I100M425I	GU066608	EF488378
L	2421	667	*	*	*	*	*	AY016444	*
H	2421	100	100.0	+	0	0	2I100M565I	AY016444	AY016444
L	18182	1292	*	*	*	*	*	AY484676	*
H	18182	100	81.0	+	0	0	8I22M3I11M2I19M6D19M6I23M1179I	AY016444	AY484676
L	18184	1305	*	*	*	*	*	AY484678	*
H	18184	100	80.0	+	0	0	7I22M3I11M2I19M6D19M6I23M1193I	AY016444	AY484678
L	2424	604	*	*	*	*	*	GQ924687	*
H	2424	100	100.0	+	0	0	100M504I	GQ924687	GQ924687
L	13586	608	*	*	*	*	*	AF124712	*
H	13586	100	94.0	+	0	0	5D95M513I	GQ924687	AF124712
L	5373	742	*	*	*	*	*	JN943949	*
H	5373	100	91.0	+	0	0	65I37M4D40MD18M582I	GQ924687	JN943949
L	2426	693	*	*	*	*	*	AF325644	*
H	2426	100	100.0	+	0	0	100M593I	AF325644	AF325644
L	19388	672	*	*	*	*	*	DQ328193	*
H	19388	100	97.0	+	0	0	24I100M548I	AF325644	DQ328193
L	13870	733	*	*	*	*	*	DQ328061	*
H	13870	100	97.0	+	0	0	27I100M606I	AF325644	DQ328061
L	2432	616	*	*	*	*	*	AF325665	*
H	2432	100	100.0	+	0	0	100M516I	AF325665	AF325665
L	21530	667	*	*	*	*	*	HQ586853	*
H	21530	100	94.0	+	0	0	45I27MD42MD29M524I	AF325665	HQ586853
L	9970	667	*	*	*	*	*	HQ586852	*
H	9970	100	93.0	+	0	0	44I27MD42MD29M525I	AF325665	HQ586852
L	2445	632	*	*	*	*	*	AF454426	*
H	2445	100	100.0	+	0	0	12I100M520I	AF454426	AF454426
L	26386	654	*	*	*	*	*	AF454418	*
H	26386	100	98.0	+	0	0	12I100M542I	AF454426	AF454418
L	2444	629	*	*	*	*	*	AF454425	*
H	2444	100	96.0	+	0	0	12I100M517I	AF454426	AF454425
L	2449	624	*	*	*	*	*	AJ309352	*
H	2449	100	100.0	+	0	0	36I100M488I	AJ309352	AJ309352
L	13582	1746	*	*	*	*	*	AB027375	*
H	13582	100	83.0	+	0	0	198I100M1448I	AJ309352	AB027375
L	13581	621	*	*	*	*	*	AJ309351	*
H	13581	100	86.0	+	0	0	35I40MI22M2I38M483I	AJ309352	AJ309351
L	2476	664	*	*	*	*	*	FJ710202	*
H	2476	100	100.0	+	0	0	100M564I	FJ710202	FJ710202
L	17538	606	*	*	*	*	*	AM947103	*
H	17538	100	99.0	+	0	0	32I100M474I	FJ710202	AM947103
L	16149	592	*	*	*	*	*	AF374667	*
H	16149	100	99.0	+	0	0	14I100M478I	FJ710202	AF374667
H	14404	100	100.0	+	0	0	100M507I	AB045105	AB044381
H	2478	100	100.0	+	0	0	100M468I	AB045105	AB045105
L	15254	617	*	*	*	*	*	AB667868	*
H	15254	100	99.0	+	0	0	100M517I	AB045105	AB667868
L	14802	670	*	*	*	*	*	AB368512	*
H	14802	100	100.0	+	0	0	13I100M557I	EU552798	AB368512
L	9263	709	*	*	*	*	*	JF440959	*
H	9263	100	100.0	+	0	0	22I100M587I	EU552798	JF440959
L	2508	583	*	*	*	*	*	EU552798	*
H	2508	100	100.0	+	0	0	25I100M458I	EU552798	EU552798
L	2566	672	*	*	*	*	*	AF458448	*
H	2566	100	100.0	+	0	0	46I100M526I	AF458448	AF458448
L	7085	1205	*	*	*	*	*	HM240543	*
H	7085	100	86.0	+	0	0	14D86M1119I	AF458448	HM240543
L	21594	974	*	*	*	*	*	FJ845446	*
H	21594	100	96.0	+	0	0	106I75MD24M769I	AF458448	FJ845446
L	2583	564	*	*	*	*	*	AF394029	*
H	2583	100	100.0	+	0	0	13I100M451I	AF394029	AF394029
L	2584	615	*	*	*	*	*	AF394042	*
H	2584	100	81.0	+	0	0	31I32MD20M2D22MD22M488I	AF394029	AF394042
L	2581	633	*	*	*	*	*	AF394020	*
H	2581	100	80.0	+	0	0	35I78M2D20M500I	AF394029	AF394020
L	2587	750	*	*	*	*	*	FJ481033	*
H	2587	100	100.0	+	0	0	35I100M615I	FJ481033	FJ481033
L	3647	719	*	*	*	*	*	EU833667	*
H	3647	100	98.0	+	0	0	25I100M594I	FJ481033	EU833667
L	12802	738	*	*	*	*	*	AY854075	*
H	12802	100	93.0	+	0	0	41I100M597I	FJ481033	AY854075
L	2590	558	*	*	*	*	*	AB070888	*
H	2590	82	100.0	+	0	0	125I82M351I	AB070888	AB070888
L	583	645	*	*	*	*	*	EF139861	*
H	583	82	93.9	+	0	0	163I27M3I55M397I	AB070888	EF139861
L	2588	632	*	*	*	*	*	AF516529	*
H	2588	82	80.5	+	0	0	144I28M3I54M403I	AB070888	AF516529
L	2618	533	*	*	*	*	*	JN383484	*
H	2618	100	100.0	+	0	0	6I100M427I	JN383484	JN383484
L	24562	515	*	*	*	*	*	GU062277	*
H	24562	100	93.0	+	0	0	50I25MD74M366I	JN383484	GU062277
L	22564	550	*	*	*	*	*	FJ357315	*
H	22564	100	89.0	+	0	0	13I25MD30MI44M437I	JN383484	FJ357315
L	28133	542	*	*	*	*	*	FJ210555	*
H	28133	100	100.0	+	0	0	49I100M393I	AF046017	FJ210555
L	22763	549	*	*	*	*	*	FJ487929	*
H	22763	100	100.0	+	0	0	51I100M398I	AF046017	FJ487929
L	2619	244	*	*	*	*	*	AF046017	*
H	2619	100	100.0	+	0	0	36I100M108I	AF046017	AF046017
L	28617	662	*	*	*	*	*	U59326	*
H	28617	100	100.0	+	0	0	38I100M524I	EU233979	U59326
L	2626	606	*	*	*	*	*	EU233979	*
H	2626	100	100.0	+	0	0	100M506I	EU233979	EU233979
L	14509	336	*	*	*	*	*	FN391588	*
H	14509	100	99.0	+	0	0	29I100M207I	EU233979	FN391588
L	1863	618	*	*	*	*	*	FJ538351	*
H	1863	100	100.0	+	0	0	24I100M494I	EU677810	FJ538351
L	2735	628	*	*	*	*	*	EU677810	*
H	2735	100	100.0	+	0	0	37I100M491I	EU677810	EU677810
L	24130	604	*	*	*	*	*	GQ254689	*
H	24130	100	100.0	+	0	0	6I100M498I	EU677810	GQ254689
L	2747	442	*	*	*	*	*	EU520136	*
H	2747	88	100.0	+	0	0	88M354I	EU520136	EU520136
L	27237	1305	*	*	*	*	*	JF680990	*
H	27237	88	86.4	+	0	0	122I27M2D59M1097I	EU520136	JF680990
L	5264	676	*	*	*	*	*	FJ572271	*
H	5264	88	92.0	+	0	0	230I10MD17M2D58M361I	EU520136	FJ572271
L	2753	564	*	*	*	*	*	EU520146	*
H	2753	100	100.0	+	0	0	12I100M452I	EU520146	EU520146
L	2767	762	*	*	*	*	*	EU520255	*
H	2767	100	100.0	+	0	0	14I100M648I	EU520255	EU520255
H	18529	100	88.0	+	0	0	10I100M613I	EU520255	AY683172
L	28546	737	*	*	*	*	*	U33087	*
H	28546	100	87.0	+	0	0	30I20MD79M608I	EU520255	U33087
L	2794	1261	*	*	*	*	*	AM712293	*
H	2794	100	100.0	+	0	0	100M1161I	AM712293	AM712293
L	17731	689	*	*	*	*	*	AY176461	*
H	17731	100	92.0	+	0	0	5I23MD11MD64M586I	AM712293	AY176461
L	10479	637	*	*	*	*	*	FJ168588	*
H	10479	100	88.0	+	0	0	I23MD24M2I52M535I	AM712293	FJ168588
L	2820	745	*	*	*	*	*	EU623740	*
H	2820	100	100.0	+	0	0	100M645I	EU623740	EU623740
L	2821	774	*	*	*	*	*	EU623742	*
H	2821	100	98.0	+	0	0	14M5I43M5I24M7I19M657I	EU623740	EU623742
L	2819	705	*	*	*	*	*	EU623736	*
H	2819	100	88.0	+	0	0	50M2D26M4D18M611I	EU623740	EU623736
L	2828	1897	*	*	*	*	*	EU552101	*
H	2828	100	100.0	+	0	0	78I100M1719I	EU552101	EU552101
L	12441	614	*	*	*	*	*	AY603496	*
H	12441	100	82.0	+	0	0	34I74MD25M481I	EU552101	AY603496
L	21484	1576	*	*	*	*	*	EU552098	*
H	21484	100	80.0	+	0	0	114I72MI15M4I13M1357I	EU552101	EU552098
H	2829	100	100.0	+	0	0	90I100M1403I	EU552114	EU552114
L	2832	1521	*	*	*	*	*	EU552126	*
H	2832	100	100.0	+	0	0	88I100M1333I	EU552126	EU552126
H	16868	100	91.0	+	0	0	9D91M432I	EU552126	AJ302464
H	12549	100	91.0	+	0	0	8D92M461I	EU552126	AY684220
L	13471	592	*	*	*	*	*	DQ350136	*
H	13471	100	100.0	+	0	0	18I100M474I	AB329673	DQ350136
L	2858	1280	*	*	*	*	*	AB329673	*
H	2858	100	100.0	+	0	0	100M1180I	AB329673	AB329673
L	15301	582	*	*	*	*	*	DQ359697	*
H	15301	100	100.0	+	0	0	23I100M459I	AB329673	DQ359697
L	2884	644	*	*	*	*	*	AF351143	*
H	2884	100	100.0	+	0	0	36I100M508I	AF351143	AF351143
L	2883	786	*	*	*	*	*	AF351139	*
H	2883	100	97.0	+	0	0	35I100M651I	AF351143	AF351139
L	16100	629	*	*	*	*	*	AF351149	*
H	16100	100	93.0	+	0	0	35I100M494I	AF351143	AF351149
L	2905	632	*	*	*	*	*	AB436773	*
H	2905	100	100.0	+	0	0	38I100M494I	AB436773	AB436773
L	4686	606	*	*	*	*	*	FJ381695	*
H	4686	100	97.0	+	0	0	13I100M493I	AB436773	FJ381695
L	17901	1978	*	*	*	*	*	AY251638	*
H	17901	100	96.0	+	0	0	1777I100M101I	AB436773	AY251638
L	2922	669	*	*	*	*	*	EU669325	*
H	2922	100	100.0	+	0	0	10I100M559I	EU669325	EU669325
L	13970	669	*	*	*	*	*	EU652343	*
H	13970	100	85.0	+	0	0	2I51MD34M3I14M565I	EU669325	EU652343
L	2994	606	*	*	*	*	*	EU837231	*
H	2994	100	85.0	+	0	0	3D21M2D24MD20MI12MD16M512I	EU669325	EU837231
L	2928	875	*	*	*	*	*	EU669366	*
H	2928	100	100.0	+	0	0	100M775I	EU669366	EU669366
L	4989	706	*	*	*	*	*	GQ165657	*
H	4989	100	99.0	+	0	0	45I100M561I	EU669366	GQ165657
L	4985	702	*	*	*	*	*	GQ165627	*
H	4985	100	98.0	+	0	0	45I50M3I50M554I	EU669366	GQ165627
L	2939	422	*	*	*	*	*	EU569260	*
H	2939	100	100.0	+	0	0	100M322I	EU569260	EU569260
L	2941	513	*	*	*	*	*	EU569263	*
H	2941	100	100.0	+	0	0	100M413I	EU569263	EU569263
L	28364	664	*	*	*	*	*	EU598177	*
H	28364	100	91.0	+	0	0	3I100M561I	EU569263	EU598177
L	24076	671	*	*	*	*	*	AF418631	*
H	24076	100	86.0	+	0	0	20I42MD22MD34M553I	EU569263	AF418631
L	2948	740	*	*	*	*	*	EU569278	*
H	2948	100	100.0	+	0	0	100M640I	EU569278	EU569278
L	8435	1295	*	*	*	*	*	EF530935	*
H	8435	100	87.0	+	0	0	15I14MI33M2D36M20I15M1161I	EU569278	EF530935
L	4059	729	*	*	*	*	*	AY061658	*
H	4059	100	85.0	+	0	0	38I47MD35M20I17M572I	EU569278	AY061658
L	2977	522	*	*	*	*	*	EU558740	*
H	2977	100	100.0	+	0	0	100M422I	EU558740	EU558740
L	16097	572	*	*	*	*	*	AF350311	*
H	16097	100	92.0	+	0	0	43I20MD79M430I	EU558740	AF350311
L	17192	470	*	*	*	*	*	AF401981	*
H	17192	100	91.0	+	0	0	I18MD81M370I	EU558740	AF401981
L	2989	655	*	*	*	*	*	EU837220	*
H	2989	100	100.0	+	0	0	12I100M543I	EU837220	EU837220
L	17625	850	*	*	*	*	*	AY077469	*
H	17625	100	92.0	+	0	0	15I34M14I41M14I13MI12M706I	EU837220	AY077469
L	2458	695	*	*	*	*	*	AF263938	*
H	2458	100	90.0	+	0	0	24I53M2D32M4I13M569I	EU837220	AF263938
L	3023	765	*	*	*	*	*	EU819485	*
H	3023	100	100.0	+	0	0	47I100M618I	EU819485	EU819485
L	216	720	*	*	*	*	*	AY456350	*
H	216	100	99.0	+	0	0	9I100M611I	EU819485	AY456350
L	4671	705	*	*	*	*	*	FJ348707	*
H	4671	100	83.0	+	0	0	3I38M4D28M3D27M609I	EU819485	FJ348707
L	3025	739	*	*	*	*	*	EU819487	*
H	3025	100	100.0	+	0	0	51I100M588I	EU819487	EU819487
L	28754	676	*	*	*	*	*	AY606947	*
H	28754	100	95.0	+	0	0	2I83MD16M575I	EU819487	AY606947
L	14126	555	*	*	*	*	*	JF908282	*
H	14126	100	94.0	+	0	0	24I83MD16M432I	EU819487	JF908282
L	3029	607	*	*	*	*	*	EU819501	*
H	3029	100	100.0	+	0	0	49I100M458I	EU819501	EU819501
L	28923	645	*	*	*	*	*	JQ888213	*
H	28923	100	97.0	+	0	0	15I61MD38M531I	EU819501	JQ888213
L	9664	595	*	*	*	*	*	AB634254	*
H	9664	100	94.0	+	0	0	27I56MD43M469I	EU819501	AB634254
L	3052	501	*	*	*	*	*	EU635979	*
H	3052	82	100.0	+	0	0	124I82M295I	EU635979	EU635979
L	3053	501	*	*	*	*	*	EU635981	*
H	3053	82	91.5	+	0	0	124I82M295I	EU635979	EU635981
L	5237	540	*	*	*	*	*	FJ494953	*
H	5237	82	80.5	+	0	0	126I33MD19MD28M334I	EU635979	FJ494953
L	25124	572	*	*	*	*	*	GQ129211	*
H	25124	100	100.0	+	0	0	11I100M461I	FJ549440	GQ129211
L	21724	646	*	*	*	*	*	EU714394	*
H	21724	100	100.0	+	0	0	23I100M523I	FJ549440	EU714394
L	3059	575	*	*	*	*	*	FJ549440	*
H	3059	100	100.0	+	0	0	11I100M464I	FJ549440	FJ549440
L	23053	1252	*	*	*	*	*	FJ717511	*
H	23053	100	100.0	+	0	0	23I100M1129I	GQ159803	FJ717511
L	1701	1260	*	*	*	*	*	EU057028	*
H	1701	100	100.0	+	0	0	29I100M1131I	GQ159803	EU057028
L	20910	1221	*	*	*	*	*	EU057047	*
H	20910	100	100.0	+	0	0	47I100M1074I	GQ159803	EU057047
L	3084	683	*	*	*	*	*	EU863218	*
H	3084	100	100.0	+	0	0	11I100M572I	EU863218	EU863218
L	19048	639	*	*	*	*	*	GQ215695	*
H	19048	100	96.0	+	0	0	12I100M527I	EU863218	GQ215695
L	11566	650	*	*	*	*	*	JN241550	*
H	11566	100	88.0	+	0	0	12D88M562I	EU863218	JN241550
L	3085	704	*	*	*	*	*	EU854436	*
H	3085	100	100.0	+	0	0	12I100M592I	EU854436	EU854436
L	21269	648	*	*	*	*	*	EU340898	*
H	21269	100	86.0	+	0	0	39I50M3I22M5D23M511I	EU854436	EU340898
L	5623	672	*	*	*	*	*	FM872460	*
H	5623	100	86.0	+	0	0	49I50M3I22M5D23M525I	EU854436	FM872460
L	3094	743	*	*	*	*	*	AF404123	*
H	3094	100	100.0	+	0	0	229I100M414I	AF404123	AF404123
L	10784	640	*	*	*	*	*	JN009716	*
H	10784	100	95.0	+	0	0	83I100M457I	AF404123	JN009716
L	13119	850	*	*	*	*	*	DQ007036	*
H	13119	100	93.0	+	0	0	251I100M499I	AF404123	DQ007036
L	3100	530	*	*	*	*	*	FJ000376	*
H	3100	100	100.0	+	0	0	100M430I	FJ000376	FJ000376
L	3098	524	*	*	*	*	*	FJ000366	*
H	3098	100	98.0	+	0	0	D32MI67M424I	FJ000376	FJ000366
L	3469	548	*	*	*	*	*	FJ205463	*
H	3469	100	98.0	+	0	0	17I32M2I31MI37M428I	FJ000376	FJ205463
L	3121	220	*	*	*	*	*	EU909445	*
H	3121	100	100.0	+	0	0	5I100M115I	GQ250404	EU909445
L	3122	734	*	*	*	*	*	GQ250404	*
H	3122	100	100.0	+	0	0	100M634I	GQ250404	GQ250404
L	23407	628	*	*	*	*	*	FJ890028	*
H	23407	100	99.0	+	0	0	39I100M489I	GQ250404	FJ890028
L	3143	548	*	*	*	*	*	EU681286	*
H	3143	100	100.0	+	0	0	100M448I	EU681286	EU681286
L	957	1624	*	*	*	*	*	AF278770	*
H	957	100	86.0	+	0	0	14D86M1538I	EU681286	AF278770
L	958	580	*	*	*	*	*	EU639585	*
H	958	100	86.0	+	0	0	14D86M494I	EU681286	EU639585
L	3203	579	*	*	*	*	*	FJ037730	*
H	3203	100	100.0	+	0	0	11I100M468I	FJ037730	FJ037730
L	6664	598	*	*	*	*	*	GU322436	*
H	6664	100	95.0	+	0	0	11I28MI72M486I	FJ037730	GU322436
L	26047	608	*	*	*	*	*	FJ205450	*
H	26047	100	92.0	+	0	0	68I26MD73M441I	FJ037730	FJ205450
L	3223	566	*	*	*	*	*	AF415227	*
H	3223	100	100.0	+	0	0	100M466I	AF415227	AF415227
L	3162	620	*	*	*	*	*	EU718112	*
H	3162	100	96.0	+	0	0	35I64M2D34M487I	AF415227	EU718112
L	3222	599	*	*	*	*	*	AF415226	*
H	3222	100	93.0	+	0	0	60MI11M37I29M461I	AF415227	AF415226
L	3225	531	*	*	*	*	*	AF414693	*
H	3225	100	100.0	+	0	0	11I100M420I	AF414693	AF414693
L	16450	528	*	*	*	*	*	FJ439589	*
H	16450	100	96.0	+	0	0	27I100M401I	AF414693	FJ439589
L	21802	481	*	*	*	*	*	EU675994	*
H	21802	100	96.0	+	0	0	12I80MD19M370I	AF414693	EU675994
L	3236	636	*	*	*	*	*	AB167727	*
H	3236	100	100.0	+	0	0	35I100M501I	AB167727	AB167727
L	3885	670	*	*	*	*	*	FJ176721	*
H	3885	100	88.0	+	0	0	11I23M2I8MD39MD28M559I	AB167727	FJ176721
L	3884	692	*	*	*	*	*	FJ176719	*
H	3884	100	84.0	+	0	0	11I52M12I19MD28M570I	AB167727	FJ176719
L	3244	1127	*	*	*	*	*	EU715609	*
H	3244	100	100.0	+	0	0	14I100M1013I	EU715609	EU715609
L	22932	556	*	*	*	*	*	JN418791	*
H	22932	100	90.0	+	0	0	8D92M464I	EU715609	JN418791
L	13142	512	*	*	*	*	*	AY909004	*
H	13142	100	81.0	+	0	0	14D86M426I	EU715609	AY909004
L	3260	554	*	*	*	*	*	AF444331	*
H	3260	100	100.0	+	0	0	11I100M443I	AF444331	AF444331
H	3265	100	100.0	+	0	0	11I100M416I	AF444397	AF444397
H	2306	100	98.0	+	0	0	28I52MI48M375I	AF444397	EU551190
L	17264	350	*	*	*	*	*	AM159634	*
H	17264	100	98.0	+	0	0	64I42MI10MI48M184I	AF444397	AM159634
L	3272	542	*	*	*	*	*	AF444664	*
H	3272	100	100.0	+	0	0	11I100M431I	AF444664	AF444664
L	27171	461	*	*	*	*	*	FJ999725	*
H	27171	100	92.0	+	0	0	8D92M369I	AF444664	FJ999725
L	3275	541	*	*	*	*	*	AF444474	*
H	3275	100	100.0	+	0	0	11I100M430I	AF444474	AF444474
L	14397	522	*	*	*	*	*	AB042227	*
H	14397	100	89.0	+	0	0	26I77M2D21M398I	AF444474	AB042227
L	12385	540	*	*	*	*	*	AJ608668	*
H	12385	100	96.0	+	0	0	11I41MI59M428I	AF444474	AJ608668
L	3310	630	*	*	*	*	*	AF444593	*
H	3310	100	100.0	+	0	0	11I100M519I	AF444593	AF444593
H	19261	100	97.0	+	0	0	12I24MI32MD26MD16M505I	AF444593	DQ238743
L	19259	617	*	*	*	*	*	DQ238740	*
H	19259	100	95.0	+	0	0	12I22MI64MD13M505I	AF444593	DQ238740
L	3352	582	*	*	*	*	*	AJ608946	*
H	3352	100	100.0	+	0	0	11I100M471I	AJ608946	AJ608946
L	25514	738	*	*	*	*	*	AM901674	*
H	25514	100	100.0	+	0	0	194I100M444I	AJ608946	AM901674
L	26871	549	*	*	*	*	*	EU888925	*
H	26871	100	98.0	+	0	0	23I100M426I	AJ608946	EU888925
L	3372	1282	*	*	*	*	*	EU486452	*
H	3372	100	100.0	+	0	0	5I100M1177I	EU486452	EU486452
L	8241	1352	*	*	*	*	*	HQ604844	*
H	8241	100	100.0	+	0	0	38I100M1214I	EU486452	HQ604844
L	3002	744	*	*	*	*	*	EU819427	*
H	3002	100	100.0	+	0	0	49I100M595I	EU486452	EU819427
L	3374	650	*	*	*	*	*	AY880934	*
H	3374	100	100.0	+	0	0	100M550I	AY880934	AY880934
L	7558	186	*	*	*	*	*	HM189967	*
H	7558	100	99.0	+	0	0	56I100M30I	AY880934	HM189967
L	5793	663	*	*	*	*	*	EU427323	*
H	5793	100	99.0	+	0	0	18I100M545I	AY880934	EU427323
L	3389	673	*	*	*	*	*	L76484	*
H	3389	100	100.0	+	0	0	100M573I	L76484	L76484
L	18333	879	*	*	*	*	*	AY566270	*
H	18333	100	86.0	+	0	0	38I9M7I23M2I41M24I27M708I	L76484	AY566270
L	28657	661	*	*	*	*	*	U75987	*
H	28657	100	84.0	+	0	0	72M24I28M537I	L76484	U75987
L	3392	656	*	*	*	*	*	L76509	*
H	3392	100	100.0	+	0	0	100M556I	L76509	L76509
H	122	100	81.0	+	0	0	25I65M2I35M598I	L76509	AB221450
L	3393	651	*	*	*	*	*	L76514	*
H	3393	100	82.0	+	0	0	41MI10M3I49M547I	L76509	L76514
L	3423	619	*	*	*	*	*	AB435024	*
H	3423	100	100.0	+	0	0	100M519I	AB435024	AB435024
L	16520	598	*	*	*	*	*	AF492129	*
H	16520	100	94.0	+	0	0	36MD4MD58M500I	AB435024	AF492129
L	14825	617	*	*	*	*	*	AB435031	*
H	14825	100	89.0	+	0	0	39M5I35MI26M511I	AB435024	AB435031
L	3440	562	*	*	*	*	*	AB462498	*
H	3440	100	100.0	+	0	0	100M462I	AB462498	AB462498
L	2350	554	*	*	*	*	*	AB430457	*
H	2350	100	85.0	+	0	0	8D39MD27MD24M464I	AB462498	AB430457
L	25060	617	*	*	*	*	*	EU280122	*
H	25060	100	100.0	+	0	0	30I100M487I	FJ205452	EU280122
L	13431	627	*	*	*	*	*	EU280109	*
H	13431	100	100.0	+	0	0	36I100M491I	FJ205452	EU280109
L	3466	583	*	*	*	*	*	FJ205452	*
H	3466	100	100.0	+	0	0	27I100M456I	FJ205452	FJ205452
L	3496	839	*	*	*	*	*	AM980848	*
H	3496	100	100.0	+	0	0	356I100M383I	AM980848	AM980848
L	25634	823	*	*	*	*	*	HM195231	*
H	25634	100	98.0	+	0	0	405I100M318I	AM980848	HM195231
L	20097	816	*	*	*	*	*	DQ993177	*
H	20097	100	98.0	+	0	0	399I100M317I	AM980848	DQ993177
L	3499	903	*	*	*	*	*	AJ968409	*
H	3499	100	100.0	+	0	0	393I100M410I	AJ968409	AJ968409
L	22295	584	*	*	*	*	*	EF989107	*
H	22295	100	99.0	+	0	0	35I41M4I59M445I	AJ968409	EF989107
L	23610	1547	*	*	*	*	*	FM992382	*
H	23610	100	99.0	+	0	0	224I63MI37M1222I	AJ968409	FM992382
L	3502	598	*	*	*	*	*	FJ914699	*
H	3502	100	100.0	+	0	0	11I100M487I	FJ914699	FJ914699
L	9929	585	*	*	*	*	*	JF724152	*
H	9929	100	94.0	+	0	0	D99M486I	FJ914699	JF724152
L	9931	618	*	*	*	*	*	JF724154	*
H	9931	100	95.0	+	0	0	35I100M483I	FJ914699	JF724154
L	3509	708	*	*	*	*	*	EU784181	*
H	3509	100	100.0	+	0	0	51I100M557I	EU784181	EU784181
L	29092	635	*	*	*	*	*	EU784180	*
H	29092	100	96.0	+	0	0	3D5MD56MI35M538I	EU784181	EU784180
L	3510	651	*	*	*	*	*	EU784182	*
H	3510	100	90.0	+	0	0	39I41MI16M4D39M515I	EU784181	EU784182
L	3525	611	*	*	*	*	*	EU784247	*
H	3525	100	100.0	+	0	0	51I100M460I	EU784247	EU784247
L	29346	867	*	*	*	*	*	UDB011852	*
H	29346	100	97.0	+	0	0	2I8MD91M766I	EU784247	UDB011852
L	21992	612	*	*	*	*	*	EU784231	*
H	21992	100	83.0	+	0	0	39I22MD18M11I59M463I	EU784247	EU784231
L	3527	633	*	*	*	*	*	EU784249	*
H	3527	100	100.0	+	0	0	51I100M482I	EU784249	EU784249
H	21992	100	93.0	+	0	0	39I48MI44M2I8M470I	EU784249	EU784231
L	3521	544	*	*	*	*	*	EU784226	*
H	3521	100	83.0	+	0	0	8I47M3D42M2I8M437I	EU784249	EU784226
L	3535	670	*	*	*	*	*	EU784261	*
H	3535	100	100.0	+	0	0	39I100M531I	EU784261	EU784261
L	27095	642	*	*	*	*	*	JF430065	*
H	27095	100	85.0	+	0	0	13I53M3D34MD9M533I	EU784261	JF430065
L	21996	670	*	*	*	*	*	EU784262	*
H	21996	100	86.0	+	0	0	39I53M3D34MD9M535I	EU784261	EU784262
L	3541	654	*	*	*	*	*	EU784296	*
H	3541	100	100.0	+	0	0	12I100M542I	EU784296	EU784296
L	3539	679	*	*	*	*	*	EU784294	*
H	3539	100	100.0	+	0	0	49I13MI87M529I	EU784296	EU784294
L	3540	628	*	*	*	*	*	EU784295	*
H	3540	100	94.0	+	0	0	D22MD76M530I	EU784296	EU784295
L	3542	725	*	*	*	*	*	EU784297	*
H	3542	100	100.0	+	0	0	26I100M599I	EU784297	EU784297
L	23567	512	*	*	*	*	*	FM208897	*
H	23567	100	86.0	+	0	0	9D11M2D37MI41M422I	EU784297	FM208897
L	29308	620	*	*	*	*	*	UDB011776	*
H	29308	100	93.0	+	0	0	2I8MD91M519I	EU784297	UDB011776
L	3544	742	*	*	*	*	*	EU784302	*
H	3544	100	100.0	+	0	0	49I100M593I	EU784302	EU784302
L	6049	776	*	*	*	*	*	GU233364	*
H	6049	100	83.0	+	0	0	49I16MI14M6D55M5I9M627I	EU784302	GU233364
L	24817	759	*	*	*	*	*	GU233366	*
H	24817	100	80.0	+	0	0	41I16MI16M9D21MI29M5I9M620I	EU784302	GU233366
L	3567	437	*	*	*	*	*	EU784374	*
H	3567	73	100.0	+	0	0	125I73M239I	EU784374	EU784374
L	7982	619	*	*	*	*	*	JQ256427	*
H	7982	73	98.6	+	0	0	163I59M2I14M381I	EU784374	JQ256427
L	17678	567	*	*	*	*	*	DQ257360	*
H	17678	73	95.9	+	0	0	157I73M337I	EU784374	DQ257360
L	3576	691	*	*	*	*	*	EU784437	*
H	3576	100	100.0	+	0	0	39I100M552I	EU784437	EU784437
L	9900	698	*	*	*	*	*	HQ667596	*
H	9900	100	98.0	+	0	0	20I100M578I	EU784437	HQ667596
L	9897	660	*	*	*	*	*	HQ667592	*
H	9897	100	97.0	+	0	0	20I100M540I	EU784437	HQ667592
L	3594	518	*	*	*	*	*	FJ228187	*
H	3594	100	100.0	+	0	0	9I100M409I	FJ228187	FJ228187
L	27644	532	*	*	*	*	*	GU062205	*
H	27644	100	99.0	+	0	0	35I100M397I	FJ228187	GU062205
L	15373	523	*	*	*	*	*	AY745086	*
H	15373	100	94.0	+	0	0	6D94M429I	FJ228187	AY745086
L	3606	651	*	*	*	*	*	FJ372402	*
H	3606	100	100.0	+	0	0	122I100M429I	FJ372402	FJ372402
L	21206	503	*	*	*	*	*	EU301086	*
H	21206	100	94.0	+	0	0	3I30MD30MD38M402I	FJ372402	EU301086
L	21877	635	*	*	*	*	*	EU707864	*
H	21877	100	93.0	+	0	0	122I30MD30MD38M415I	FJ372402	EU707864
L	3608	693	*	*	*	*	*	EU823314	*
H	3608	100	100.0	+	0	0	100M593I	EU823314	EU823314
L	14431	585	*	*	*	*	*	FJ515190	*
H	14431	100	100.0	+	0	0	11I100M474I	FJ515209	FJ515190
L	3615	575	*	*	*	*	*	FJ515209	*
H	3615	100	100.0	+	0	0	4I100M471I	FJ515209	FJ515209
L	14375	670	*	*	*	*	*	AB025997	*
H	14375	100	99.0	+	0	0	128I100M442I	FJ515209	AB025997
L	3620	645	*	*	*	*	*	FJ372676	*
H	3620	100	100.0	+	0	0	100M545I	FJ372676	FJ372676
L	23193	693	*	*	*	*	*	FJ481041	*
H	23193	100	99.0	+	0	0	38I100M555I	FJ372676	FJ481041
L	11437	707	*	*	*	*	*	JF439471	*
H	11437	100	99.0	+	0	0	52I100M555I	FJ372676	JF439471
L	3621	482	*	*	*	*	*	AF495461	*
H	3621	100	100.0	+	0	0	10I100M372I	AF495461	AF495461
L	15245	1019	*	*	*	*	*	JN943889	*
H	15245	100	99.0	+	0	0	550I100M369I	AF495461	JN943889
L	329	528	*	*	*	*	*	AM087244	*
H	329	100	98.0	+	0	0	14I100M414I	AF495461	AM087244
L	3632	552	*	*	*	*	*	DQ491486	*
H	3632	100	100.0	+	0	0	100M452I	DQ491486	DQ491486
L	12928	557	*	*	*	*	*	AF026312	*
H	12928	100	88.0	+	0	0	2D30M2D37MI29M460I	DQ491486	AF026312
L	28633	589	*	*	*	*	*	U66031	*
H	28633	100	89.0	+	0	0	37I32M2D37MI20MI9M452I	DQ491486	U66031
H	3647	100	100.0	+	0	0	25I100M594I	EU833667	EU833667
H	2587	100	98.0	+	0	0	35I100M615I	EU833667	FJ481033
L	22115	717	*	*	*	*	*	FJ438477	*
H	22115	100	97.0	+	0	0	7I100M610I	EU833667	FJ438477
L	13733	591	*	*	*	*	*	FJ605260	*
H	13733	100	100.0	+	0	0	11I100M480I	FJ372393	FJ605260
H	3649	100	100.0	+	0	0	5I100M447I	FJ372393	FJ372393
H	7498	100	100.0	+	0	0	2I100M456I	FJ372393	HM999911
L	3677	570	*	*	*	*	*	FJ479746	*
H	3677	100	100.0	+	0	0	3I100M467I	FJ479746	FJ479746
L	2853	587	*	*	*	*	*	EU573333	*
H	2853	100	99.0	+	0	0	10I12MD87M478I	FJ479746	EU573333
L	1145	593	*	*	*	*	*	EF411226	*
H	1145	100	96.0	+	0	0	15I21MI79M477I	FJ479746	EF411226
L	3700	687	*	*	*	*	*	AF377067	*
H	3700	100	100.0	+	0	0	38I100M549I	AF377067	AF377067
L	3694	665	*	*	*	*	*	AF377057	*
H	3694	100	95.0	+	0	0	34I64MI20M6I16M524I	AF377067	AF377057
L	3693	678	*	*	*	*	*	AF377056	*
H	3693	100	95.0	+	0	0	36I64MI23M5I13M536I	AF377067	AF377056
L	3724	666	*	*	*	*	*	AY045519	*
H	3724	100	100.0	+	0	0	11I100M555I	AY045519	AY045519
L	19786	776	*	*	*	*	*	GQ852837	*
H	19786	100	93.0	+	0	0	122I36M2I64M552I	AY045519	GQ852837
L	6075	689	*	*	*	*	*	DQ787326	*
H	6075	100	93.0	+	0	0	36I36M2I64M551I	AY045519	DQ787326
L	3736	533	*	*	*	*	*	EU853469	*
H	3736	100	100.0	+	0	0	11I100M422I	EU853469	EU853469
L	24178	599	*	*	*	*	*	GQ303288	*
H	24178	100	89.0	+	0	0	105I100M394I	EU853469	GQ303288
L	15976	647	*	*	*	*	*	EU882130	*
H	15976	100	91.0	+	0	0	127I100M420I	EU853469	EU882130
H	3737	100	100.0	+	0	0	11I100M421I	EU853477	EU853477
H	1008	100	98.0	+	0	0	11I100M392I	EU853477	AF309591
H	24368	100	91.0	+	0	0	128I35MI65M409I	EU853477	EU882120
L	3760	500	*	*	*	*	*	FJ430778	*
H	3760	100	100.0	+	0	0	22I100M378I	FJ430778	FJ430778
L	8175	525	*	*	*	*	*	EU551207	*
H	8175	100	99.0	+	0	0	28I100M397I	FJ430778	EU551207
L	24006	1100	*	*	*	*	*	HQ130700	*
H	24006	100	99.0	+	0	0	11I100M989I	FJ430778	HQ130700
L	3771	545	*	*	*	*	*	U58640	*
H	3771	100	100.0	+	0	0	8I100M437I	U58640	U58640
L	16538	780	*	*	*	*	*	AF505515	*
H	16538	100	93.0	+	0	0	312I100M368I	U58640	AF505515
L	16540	791	*	*	*	*	*	AF505520	*
H	16540	100	92.0	+	0	0	327I100M364I	U58640	AF505520
L	3777	752	*	*	*	*	*	FJ441032	*
H	3777	100	100.0	+	0	0	36I100M616I	FJ441032	FJ441032
L	14359	756	*	*	*	*	*	AB015686	*
H	14359	100	95.0	+	0	0	35I33MI67M620I	FJ441032	AB015686
L	3787	603	*	*	*	*	*	FJ441045	*
H	3787	100	100.0	+	0	0	35I100M468I	FJ441045	FJ441045
L	27447	570	*	*	*	*	*	JF907758	*
H	27447	100	90.0	+	0	0	34I66MD11MD21M438I	FJ441045	JF907758
L	28872	557	*	*	*	*	*	JF907762	*
H	28872	100	90.0	+	0	0	66MD11MD21M459I	FJ441045	JF907762
L	3802	714	*	*	*	*	*	FJ441028	*
H	3802	100	100.0	+	0	0	100M614I	FJ441028	FJ441028
L	12457	911	*	*	*	*	*	AJ617490	*
H	12457	100	81.0	+	0	0	281I37MD62M531I	FJ441028	AJ617490
L	8113	754	*	*	*	*	*	EU833659	*
H	8113	100	81.0	+	0	0	50I37MD62M605I	FJ441028	EU833659
L	3849	542	*	*	*	*	*	AB073267	*
H	3849	100	100.0	+	0	0	100M442I	AB073267	AB073267
L	3848	600	*	*	*	*	*	FJ183433	*
H	3848	100	94.0	+	0	0	20I100M480I	AB073267	FJ183433
L	25129	554	*	*	*	*	*	AF515476	*
H	25129	100	86.0	+	0	0	6I47MI30MI23M446I	AB073267	AF515476
L	3856	491	*	*	*	*	*	EU909471	*
H	3856	100	100.0	+	0	0	100M391I	EU909471	EU909471
L	3855	504	*	*	*	*	*	EU909470	*
H	3855	100	93.0	+	0	0	83M4D13M408I	EU909471	EU909470
L	15494	582	*	*	*	*	*	FN185970	*
H	15494	100	84.0	+	0	0	44I41M2I13M2I25M4D17M438I	EU909471	FN185970
L	3887	625	*	*	*	*	*	FJ176723	*
H	3887	100	100.0	+	0	0	11I100M514I	FJ176723	FJ176723
L	3888	714	*	*	*	*	*	FJ176725	*
H	3888	100	100.0	+	0	0	11I100M603I	FJ176725	FJ176725
L	3889	676	*	*	*	*	*	FJ176728	*
H	3889	100	100.0	+	0	0	11I100M565I	FJ176728	FJ176728
L	28874	671	*	*	*	*	*	FJ755188	*
H	28874	100	89.0	+	0	0	11I22MD28M2D47M563I	FJ176728	FJ755188
L	3638	626	*	*	*	*	*	FJ375332	*
H	3638	100	89.0	+	0	0	13I22MD28M2D47M516I	FJ176728	FJ375332
L	3904	1403	*	*	*	*	*	FJ664871	*
H	3904	100	100.0	+	0	0	263I100M1040I	FJ664871	FJ664871
L	4889	2225	*	*	*	*	*	FJ664870	*
H	4889	100	97.0	+	0	0	286I100M1839I	FJ664871	FJ664870
L	4886	2602	*	*	*	*	*	FJ664859	*
H	4886	100	93.0	+	0	0	267I93M3I7M2232I	FJ664871	FJ664859
L	3907	477	*	*	*	*	*	FJ005095	*
H	3907	100	100.0	+	0	0	100M377I	FJ005095	FJ005095
L	3908	479	*	*	*	*	*	FJ005104	*
H	3908	100	98.0	+	0	0	100M379I	FJ005095	FJ005104
L	3909	479	*	*	*	*	*	FJ005107	*
H	3909	100	96.0	+	0	0	53MD46M380I	FJ005095	FJ005107
H	3909	100	100.0	+	0	0	100M379I	FJ005107	FJ005107
H	3908	100	97.0	+	0	0	53MI47M378I	FJ005107	FJ005104
H	3907	100	96.0	+	0	0	53MI47M376I	FJ005107	FJ005095
L	3910	481	*	*	*	*	*	FJ005115	*
H	3910	100	100.0	+	0	0	100M381I	FJ005115	FJ005115
L	26408	528	*	*	*	*	*	EF029230	*
H	26408	100	93.0	+	0	0	9I48MD51M420I	FJ005115	EF029230
L	12719	379	*	*	*	*	*	AY805561	*
H	12719	100	91.0	+	0	0	5D43MD12MI39M284I	FJ005115	AY805561
L	3925	530	*	*	*	*	*	FJ480136	*
H	3925	100	100.0	+	0	0	100M430I	FJ480136	FJ480136
L	3924	535	*	*	*	*	*	FJ480127	*
H	3924	100	98.0	+	0	0	14I100M421I	FJ480136	FJ480127
L	22735	544	*	*	*	*	*	FJ480106	*
H	22735	100	98.0	+	0	0	15I100M429I	FJ480136	FJ480106
L	3927	1134	*	*	*	*	*	EU860065	*
H	3927	100	100.0	+	0	0	8I100M1026I	EU860065	EU860065
L	3928	1133	*	*	*	*	*	EU860077	*
H	3928	100	99.0	+	0	0	8I74MD25M1026I	EU860065	EU860077
L	3349	603	*	*	*	*	*	FN868469	*
H	3349	100	99.0	+	0	0	49I100M454I	EU860065	FN868469
H	3928	100	100.0	+	0	0	8I100M1025I	EU860077	EU860077
H	3927	100	100.0	+	0	0	8I74MI26M1025I	EU860077	EU860065
H	3349	100	99.0	+	0	0	49I74MI26M453I	EU860077	FN868469
L	3943	724	*	*	*	*	*	FJ481042	*
H	3943	100	100.0	+	0	0	35I100M589I	FJ481042	FJ481042
L	4005	573	*	*	*	*	*	EU935579	*
H	4005	100	94.0	+	0	0	36I82MD17M438I	FJ481042	EU935579
L	23466	850	*	*	*	*	*	FJ904975	*
H	23466	100	97.0	+	0	0	33I100M717I	FJ481042	FJ904975
L	3952	534	*	*	*	*	*	EU878427	*
H	3952	100	100.0	+	0	0	46I100M388I	EU878427	EU878427
L	10333	577	*	*	*	*	*	GQ365159	*
H	10333	100	98.0	+	0	0	10I9MD73MD16M469I	EU878427	GQ365159
L	11289	586	*	*	*	*	*	JN695509	*
H	11289	100	97.0	+	0	0	39I9MD74MD15M449I	EU878427	JN695509
L	3970	708	*	*	*	*	*	EU935483	*
H	3970	100	100.0	+	0	0	33I100M575I	EU935483	EU935483
L	23463	859	*	*	*	*	*	FJ904962	*
H	23463	100	96.0	+	0	0	11I60MD39M749I	EU935483	FJ904962
L	13180	836	*	*	*	*	*	AY916733	*
H	13180	100	94.0	+	0	0	13I60MD39M724I	EU935483	AY916733
L	3990	306	*	*	*	*	*	EU935546	*
H	3990	100	100.0	+	0	0	36I100M170I	EU935548	EU935546
L	3992	705	*	*	*	*	*	EU935548	*
H	3992	100	100.0	+	0	0	100M605I	EU935548	EU935548
L	26690	711	*	*	*	*	*	HQ665550	*
H	26690	100	95.0	+	0	0	10I42MD57M602I	EU935548	HQ665550
L	3997	883	*	*	*	*	*	EU935560	*
H	3997	100	100.0	+	0	0	22I100M761I	EU935560	EU935560
L	13589	730	*	*	*	*	*	DQ182506	*
H	13589	100	88.0	+	0	0	43I51MD10M3D12MD22M592I	EU935560	DQ182506
L	3999	341	*	*	*	*	*	EU935562	*
H	3999	100	87.0	+	0	0	36I51MD10M3D35M209I	EU935560	EU935562
L	4032	1931	*	*	*	*	*	AB161063	*
H	4032	100	100.0	+	0	0	628I100M1203I	AB161063	AB161063
L	4041	779	*	*	*	*	*	FJ515182	*
H	4041	100	100.0	+	0	0	11I100M668I	FJ515182	FJ515182
L	18594	1344	*	*	*	*	*	AY740154	*
H	18594	100	90.0	+	0	0	7D30MD46MD15M1253I	FJ515182	AY740154
L	6037	788	*	*	*	*	*	GU014817	*
H	6037	100	97.0	+	0	0	5I38MI46MD15M683I	FJ515182	GU014817
L	4055	569	*	*	*	*	*	AY033121	*
H	4055	100	100.0	+	0	0	22I100M447I	AY033121	AY033121
L	11922	1326	*	*	*	*	*	AY174811	*
H	11922	100	88.0	+	0	0	41I24M9I21M3D16M2D34M1181I	AY033121	AY174811
L	10450	615	*	*	*	*	*	JF907876	*
H	10450	100	87.0	+	0	0	D23M9I21M3D16M2D34M512I	AY033121	JF907876
L	4105	600	*	*	*	*	*	FJ594058	*
H	4105	100	100.0	+	0	0	14I100M486I	FJ594058	FJ594058
L	8438	598	*	*	*	*	*	HQ589222	*
H	8438	100	97.0	+	0	0	13I44MD55M486I	FJ594058	HQ589222
L	25128	671	*	*	*	*	*	HQ607891	*
H	25128	100	97.0	+	0	0	35I46MD53M537I	FJ594058	HQ607891
L	4123	902	*	*	*	*	*	FJ627027	*
H	4123	100	100.0	+	0	0	324I100M478I	FJ627027	FJ627027
L	25427	658	*	*	*	*	*	HM020692	*
H	25427	100	88.0	+	0	0	50I29MD47MD22M510I	FJ627027	HM020692
L	3184	522	*	*	*	*	*	FM208887	*
H	3184	100	80.0	+	0	0	9D23M2D40M2D10MD13M436I	FJ627027	FM208887
L	4130	499	*	*	*	*	*	FJ603598	*
H	4130	100	100.0	+	0	0	15I100M384I	FJ603598	FJ603598
L	22924	525	*	*	*	*	*	FJ603610	*
H	22924	100	95.0	+	0	0	8I100M417I	FJ603598	FJ603610
L	4129	539	*	*	*	*	*	FJ603607	*
H	4129	100	95.0	+	0	0	12I100M427I	FJ603598	FJ603607
L	4142	609	*	*	*	*	*	FJ008050	*
H	4142	100	100.0	+	0	0	10I100M499I	FJ008050	FJ008050
L	12169	596	*	*	*	*	*	AJ539368	*
H	12169	100	87.0	+	0	0	10D35MI9MI46M504I	FJ008050	AJ539368
L	12170	590	*	*	*	*	*	AJ539369	*
H	12170	100	88.0	+	0	0	10D35MI8MI47M498I	FJ008050	AJ539369
L	4163	540	*	*	*	*	*	EU681355	*
H	4163	100	100.0	+	0	0	100M440I	EU681355	EU681355
L	17353	541	*	*	*	*	*	EU681356	*
H	17353	100	98.0	+	0	0	100M441I	EU681355	EU681356
L	4161	541	*	*	*	*	*	EU681352	*
H	4161	100	97.0	+	0	0	26MI74M440I	EU681355	EU681352
L	4166	544	*	*	*	*	*	AM697818	*
H	4166	100	100.0	+	0	0	100M444I	AM697818	AM697818
L	21809	556	*	*	*	*	*	EU681302	*
H	21809	100	99.0	+	0	0	5I100M451I	AM697818	EU681302
L	21808	559	*	*	*	*	*	EU681303	*
H	21808	100	98.0	+	0	0	4I30M2I70M453I	AM697818	EU681303
L	4168	535	*	*	*	*	*	AM697824	*
H	4168	100	100.0	+	0	0	100M435I	AM697824	AM697824
L	17351	532	*	*	*	*	*	AM292855	*
H	17351	100	90.0	+	0	0	100M432I	AM697824	AM292855
L	4171	530	*	*	*	*	*	AM697832	*
H	4171	100	84.0	+	0	0	34M2I12MD11MD41M430I	AM697824	AM697832
L	4182	492	*	*	*	*	*	FJ381957	*
H	4182	100	100.0	+	0	0	199I100M193I	FJ381957	FJ381957
L	8879	618	*	*	*	*	*	FJ501577	*
H	8879	100	97.0	+	0	0	13I100M505I	FJ381957	FJ501577
L	19047	661	*	*	*	*	*	DQ056860	*
H	19047	100	96.0	+	0	0	11I28MI72M549I	FJ381957	DQ056860
L	4222	623	*	*	*	*	*	FJ613194	*
H	4222	100	100.0	+	0	0	9I100M514I	FJ613194	FJ613194
L	16888	629	*	*	*	*	*	AJ313442	*
H	16888	100	98.0	+	0	0	11I100M518I	FJ613194	AJ313442
L	10889	629	*	*	*	*	*	EF393628	*
H	10889	100	98.0	+	0	0	11I100M518I	FJ613194	EF393628
L	4226	1508	*	*	*	*	*	AB378736	*
H	4226	100	100.0	+	0	0	10I100M1398I	AB378736	AB378736
L	4229	1405	*	*	*	*	*	AB378741	*
H	4229	100	97.0	+	0	0	31I100M1274I	AB378736	AB378741
L	10932	589	*	*	*	*	*	AB091776	*
H	10932	100	96.0	+	0	0	11I15MI50MD34M478I	AB378736	AB091776
L	4236	745	*	*	*	*	*	FJ172270	*
H	4236	100	100.0	+	0	0	88I100M557I	FJ172270	FJ172270
L	22931	600	*	*	*	*	*	GU292816	*
H	22931	100	99.0	+	0	0	11I100M489I	FJ172270	GU292816
L	3242	1145	*	*	*	*	*	EU715607	*
H	3242	100	99.0	+	0	0	14I100M1031I	FJ172270	EU715607
L	4253	559	*	*	*	*	*	FJ624254	*
H	4253	100	100.0	+	0	0	41I100M418I	FJ624254	FJ624254
L	11029	530	*	*	*	*	*	JN021538	*
H	11029	100	100.0	+	0	0	I100M429I	FJ624254	JN021538
L	28006	556	*	*	*	*	*	GU565135	*
H	28006	100	99.0	+	0	0	25I100M431I	FJ624254	GU565135
L	4258	551	*	*	*	*	*	FJ356152	*
H	4258	100	100.0	+	0	0	57I100M394I	FJ356152	FJ356152
L	23342	582	*	*	*	*	*	FJ871105	*
H	23342	100	94.0	+	0	0	39I29MI71M442I	FJ356152	FJ871105
L	4761	966	*	*	*	*	*	FJ871102	*
H	4761	100	95.0	+	0	0	461I74MI26M404I	FJ356152	FJ871102
L	4277	688	*	*	*	*	*	FJ467365	*
H	4277	100	100.0	+	0	0	18I100M570I	FJ467365	FJ467365
L	9313	688	*	*	*	*	*	GU062266	*
H	9313	100	99.0	+	0	0	39I100M549I	FJ467365	GU062266
L	19482	583	*	*	*	*	*	FJ903298	*
H	19482	100	89.0	+	0	0	4D14MI39MD12MD29M488I	FJ467365	FJ903298
L	4289	515	*	*	*	*	*	FJ596797	*
H	4289	100	100.0	+	0	0	100M415I	FJ596797	FJ596797
L	4290	686	*	*	*	*	*	FJ596801	*
H	4290	100	100.0	+	0	0	100M586I	FJ596801	FJ596801
H	14188	100	81.0	+	0	0	19I29M2D14M2D53M552I	FJ596801	UDB001569
L	12853	1324	*	*	*	*	*	AY669544	*
H	12853	100	81.0	+	0	0	35I29M2D14M2D53M1193I	FJ596801	AY669544
L	4296	652	*	*	*	*	*	FJ596820	*
H	4296	100	100.0	+	0	0	100M552I	FJ596820	FJ596820
L	13575	766	*	*	*	*	*	DQ192177	*
H	13575	100	93.0	+	0	0	46I100M620I	FJ596820	DQ192177
L	29088	656	*	*	*	*	*	GU296098	*
H	29088	100	80.0	+	0	0	15D85M571I	FJ596820	GU296098
L	4299	624	*	*	*	*	*	FJ596832	*
H	4299	100	100.0	+	0	0	100M524I	FJ596832	FJ596832
L	5069	683	*	*	*	*	*	GQ203821	*
H	5069	100	80.0	+	0	0	8I29M3D37M4D27M582I	FJ596832	GQ203821
L	5115	688	*	*	*	*	*	EF460370	*
H	5115	100	80.0	+	0	0	15I21MD12M2I66M572I	FJ596832	EF460370
L	4309	645	*	*	*	*	*	FJ627256	*
H	4309	100	100.0	+	0	0	10I100M535I	FJ627256	FJ627256
L	4276	621	*	*	*	*	*	FJ467362	*
H	4276	100	97.0	+	0	0	22I9M2I91M497I	FJ627256	FJ467362
L	24578	613	*	*	*	*	*	GU067734	*
H	24578	100	96.0	+	0	0	47I9M2I91M464I	FJ627256	GU067734
L	21949	579	*	*	*	*	*	DQ249994	*
H	21949	76	100.0	+	0	0	155I76M348I	AM921741	DQ249994
L	4336	447	*	*	*	*	*	AM921741	*
H	4336	76	100.0	+	0	0	126I76M245I	AM921741	AM921741
L	4578	602	*	*	*	*	*	DQ249993	*
H	4578	76	100.0	+	0	0	179I76M347I	AM921741	DQ249993
L	4358	532	*	*	*	*	*	FJ176919	*
H	4358	97	100.0	+	0	0	93I97M342I	FJ176919	FJ176919
L	15173	568	*	*	*	*	*	AB553391	*
H	15173	97	99.0	+	0	0	74I97M397I	FJ176919	AB553391
L	13849	648	*	*	*	*	*	DQ329367	*
H	13849	97	97.9	+	0	0	154I97M397I	FJ176919	DQ329367
L	4359	845	*	*	*	*	*	FJ711635	*
H	4359	100	100.0	+	0	0	100M745I	FJ711635	FJ711635
L	4429	851	*	*	*	*	*	FJ501582	*
H	4429	100	93.0	+	0	0	16I62MI38M734I	FJ711635	FJ501582
L	15650	705	*	*	*	*	*	FJ626844	*
H	15650	100	83.0	+	0	0	11D53MI36M615I	FJ711635	FJ626844
L	4373	552	*	*	*	*	*	FJ746639	*
H	4373	100	100.0	+	0	0	13I100M439I	FJ746639	FJ746639
L	3056	544	*	*	*	*	*	EU636699	*
H	3056	100	89.0	+	0	0	3I100M441I	FJ746639	EU636699
L	9390	529	*	*	*	*	*	DQ528791	*
H	9390	100	89.0	+	0	0	13I74M5I16M4I10M407I	FJ746639	DQ528791
L	4376	595	*	*	*	*	*	AJ519795	*
H	4376	100	100.0	+	0	0	95I100M400I	AJ519795	AJ519795
L	6540	628	*	*	*	*	*	HM036648	*
H	6540	100	93.0	+	0	0	116I9M2I12M2I14MI65M407I	AJ519795	HM036648
L	15101	497	*	*	*	*	*	AB512337	*
H	15101	100	87.0	+	0	0	118I21M2I79M277I	AJ519795	AB512337
L	4387	676	*	*	*	*	*	GU214650	*
H	4387	100	100.0	+	0	0	129I100M447I	GU214650	GU214650
L	9926	662	*	*	*	*	*	JF951145	*
H	9926	100	80.0	+	0	0	104I100M458I	GU214650	JF951145
L	5427	657	*	*	*	*	*	GQ303292	*
H	5427	100	81.0	+	0	0	114I37M4D8M4D11MD35M452I	GU214650	GQ303292
L	22055	621	*	*	*	*	*	AF145330	*
H	22055	100	100.0	+	0	0	11I100M510I	AF335932	AF145330
L	4389	234	*	*	*	*	*	AF335932	*
H	4389	100	100.0	+	0	0	11I100M123I	AF335932	AF335932
L	21173	564	*	*	*	*	*	EU266555	*
H	21173	100	96.0	+	0	0	2D16MD81M467I	AF335932	EU266555
L	4408	758	*	*	*	*	*	EU569271	*
H	4408	100	100.0	+	0	0	100M658I	EU569271	EU569271
L	212	634	*	*	*	*	*	AY456357	*
H	212	100	89.0	+	0	0	4D42M2D52M540I	EU569271	AY456357
L	18620	300	*	*	*	*	*	AY750167	*
H	18620	100	94.0	+	0	0	13I80MD19M188I	EU569271	AY750167
L	4433	562	*	*	*	*	*	FJ460589	*
H	4433	100	100.0	+	0	0	27I100M435I	FJ460589	FJ460589
L	24864	294	*	*	*	*	*	GU253287	*
H	24864	100	99.0	+	0	0	50I100M144I	FJ460589	GU253287
L	25729	509	*	*	*	*	*	FJ441010	*
H	25729	100	98.0	+	0	0	I100M408I	FJ460589	FJ441010
L	4436	605	*	*	*	*	*	FJ713075	*
H	4436	100	100.0	+	0	0	100M505I	FJ713075	FJ713075
L	19138	606	*	*	*	*	*	FJ713069	*
H	19138	100	100.0	+	0	0	100M506I	FJ713075	FJ713069
L	13429	724	*	*	*	*	*	FJ548824	*
H	13429	100	97.0	+	0	0	65I100M559I	FJ713075	FJ548824
L	4438	195	*	*	*	*	*	AF335959	*
H	4438	100	100.0	+	0	0	11I100M84I	AF335959	AF335959
H	17264	100	98.0	+	0	0	64I42MI48MI10M184I	AF335959	AM159634
H	3258	100	97.0	+	0	0	11I88MI12M417I	AF335959	EU863541
L	4448	361	*	*	*	*	*	FJ768912	*
H	4448	99	100.0	+	0	0	99M262I	FJ768912	FJ768912
L	4483	627	*	*	*	*	*	FJ769699	*
H	4483	100	100.0	+	0	0	100M527I	FJ769699	FJ769699
L	28433	620	*	*	*	*	*	FJ769617	*
H	28433	100	87.0	+	0	0	D13M3D73MI10M523I	FJ769699	FJ769617
L	11676	601	*	*	*	*	*	JQ317506	*
H	11676	100	86.0	+	0	0	2D12M3D73MI10M505I	FJ769699	JQ317506
L	4492	637	*	*	*	*	*	FJ769713	*
H	4492	100	100.0	+	0	0	100M537I	FJ769713	FJ769713
L	23140	632	*	*	*	*	*	FJ769748	*
H	23140	100	88.0	+	0	0	20MD14M2I65M531I	FJ769713	FJ769748
L	4509	635	*	*	*	*	*	FJ769739	*
H	4509	100	92.0	+	0	0	I100M534I	FJ769713	FJ769739
L	4544	617	*	*	*	*	*	FJ869185	*
H	4544	100	100.0	+	0	0	100M517I	FJ869185	FJ869185
L	15217	601	*	*	*	*	*	FJ617301	*
H	15217	100	89.0	+	0	0	2I30MD49MD19M501I	FJ869185	FJ617301
L	14978	605	*	*	*	*	*	FJ617298	*
H	14978	100	89.0	+	0	0	30MD48MD20M507I	FJ869185	FJ617298
L	4554	533	*	*	*	*	*	FJ210497	*
H	4554	100	100.0	+	0	0	46I100M387I	FJ210497	FJ210497
L	834	555	*	*	*	*	*	EF432280	*
H	834	100	98.0	+	0	0	27I100M428I	FJ210497	EF432280
L	27744	552	*	*	*	*	*	FJ827038	*
H	27744	100	98.0	+	0	0	36I100M416I	FJ210497	FJ827038
L	22487	519	*	*	*	*	*	FJ210586	*
H	22487	100	100.0	+	0	0	44I100M375I	FJ210606	FJ210586
L	22485	514	*	*	*	*	*	FJ210559	*
H	22485	100	98.0	+	0	0	46I100M368I	FJ210606	FJ210559
L	18883	594	*	*	*	*	*	GU056168	*
H	18883	100	100.0	+	0	0	40I100M454I	FJ210606	GU056168
L	4562	623	*	*	*	*	*	FJ897535	*
H	4562	100	100.0	+	0	0	38I100M485I	FJ897535	FJ897535
L	23416	618	*	*	*	*	*	FJ897533	*
H	23416	100	87.0	+	0	0	24MD75M519I	FJ897535	FJ897533
L	14642	560	*	*	*	*	*	AB232541	*
H	14642	100	89.0	+	0	0	6D94M466I	FJ897535	AB232541
L	4566	617	*	*	*	*	*	FJ710196	*
H	4566	100	100.0	+	0	0	2I100M515I	FJ710196	FJ710196
L	4565	678	*	*	*	*	*	FJ710195	*
H	4565	100	92.0	+	0	0	18I41M10I40MD18M551I	FJ710196	FJ710195
L	24630	759	*	*	*	*	*	GU138737	*
H	24630	100	100.0	+	0	0	243I100M416I	FJ861978	GU138737
L	4588	877	*	*	*	*	*	FJ861978	*
H	4588	100	100.0	+	0	0	346I100M431I	FJ861978	FJ861978
L	6169	773	*	*	*	*	*	FJ861983	*
H	6169	100	97.0	+	0	0	247I100M426I	FJ861978	FJ861983
L	4590	755	*	*	*	*	*	FJ861982	*
H	4590	100	100.0	+	0	0	248I100M407I	FJ861982	FJ861982
L	5966	875	*	*	*	*	*	GU138708	*
H	5966	100	94.0	+	0	0	355I86M17I14M403I	FJ861982	GU138708
H	6169	100	95.0	+	0	0	247I85M17I15M409I	FJ861982	FJ861983
L	4591	750	*	*	*	*	*	FJ861984	*
H	4591	100	100.0	+	0	0	241I100M409I	FJ861984	FJ861984
L	5967	546	*	*	*	*	*	FJ861986	*
H	5967	100	95.0	+	0	0	36I25M2D15MD57M413I	FJ861984	FJ861986
L	4592	753	*	*	*	*	*	FJ861985	*
H	4592	100	95.0	+	0	0	244I25M2D15MD57M412I	FJ861984	FJ861985
L	4596	546	*	*	*	*	*	FJ601813	*
H	4596	100	100.0	+	0	0	100M446I	FJ601813	FJ601813
L	11150	316	*	*	*	*	*	HQ201351	*
H	11150	100	98.0	+	0	0	72I100M144I	FJ601813	HQ201351
L	23450	2002	*	*	*	*	*	FJ904175	*
H	23450	100	89.0	+	0	0	82I23MD18MD33M2D22M1824I	FJ601813	FJ904175
L	4618	526	*	*	*	*	*	EF202594	*
H	4618	100	100.0	+	0	0	31I100M395I	EF202593	EF202594
L	4605	585	*	*	*	*	*	EF202593	*
H	4605	100	100.0	+	0	0	38I100M447I	EF202593	EF202593
L	25765	640	*	*	*	*	*	HM485426	*
H	25765	100	95.0	+	0	0	33I100M507I	EF202593	HM485426
L	4609	716	*	*	*	*	*	EU784407	*
H	4609	100	100.0	+	0	0	51I100M565I	EU784407	EU784407
L	22034	773	*	*	*	*	*	EU784408	*
H	22034	100	100.0	+	0	0	39I35MI65M633I	EU784407	EU784408
L	24857	763	*	*	*	*	*	EU784416	*
H	24857	100	100.0	+	0	0	40I35MI65M622I	EU784407	EU784416
L	4656	666	*	*	*	*	*	FJ375254	*
H	4656	100	100.0	+	0	0	11I100M555I	FJ375254	FJ375254
L	27862	665	*	*	*	*	*	HM562203	*
H	27862	100	89.0	+	0	0	7I25MI11M2I14M5I12M8I31M5I7M537I	FJ375254	HM562203
L	4687	471	*	*	*	*	*	FJ381697	*
H	4687	100	100.0	+	0	0	13I100M358I	FJ381697	FJ381697
L	18674	587	*	*	*	*	*	HQ283371	*
H	18674	100	80.0	+	0	0	23I29M38I31M2I20M6I20M418I	FJ381697	HQ283371
L	4699	1826	*	*	*	*	*	U66450	*
H	4699	100	100.0	+	0	0	32I100M1694I	U66450	U66450
L	7591	744	*	*	*	*	*	GU234144	*
H	7591	100	98.0	+	0	0	39I100M605I	U66450	GU234144
L	4700	2141	*	*	*	*	*	U66451	*
H	4700	100	97.0	+	0	0	26I100M2015I	U66450	U66451
L	4704	2082	*	*	*	*	*	U66456	*
H	4704	100	100.0	+	0	0	34I100M1948I	U66456	U66456
L	4725	960	*	*	*	*	*	FJ380941	*
H	4725	100	100.0	+	0	0	394I100M466I	FJ380941	FJ380941
L	19724	1001	*	*	*	*	*	DQ512889	*
H	19724	100	84.0	+	0	0	420I43MD26M2D28M484I	FJ380941	DQ512889
L	9952	980	*	*	*	*	*	HQ735415	*
H	9952	100	87.0	+	0	0	412I21MD17M2D15MD13M3D27M475I	FJ380941	HQ735415
L	4739	368	*	*	*	*	*	FJ884149	*
H	4739	63	100.0	+	0	0	63M305I	FJ884149	FJ884149
L	25993	920	*	*	*	*	*	JQ621876	*
H	25993	63	95.2	+	0	0	302I19MD43M556I	FJ884149	JQ621876
L	26873	549	*	*	*	*	*	HQ850344	*
H	26873	63	95.2	+	0	0	178I19MD43M309I	FJ884149	HQ850344
L	4806	486	*	*	*	*	*	DQ480345	*
H	4806	100	100.0	+	0	0	100M386I	DQ480345	DQ480345
L	9286	626	*	*	*	*	*	JF439501	*
H	9286	100	98.0	+	0	0	55I100M471I	DQ480345	JF439501
L	26872	567	*	*	*	*	*	GU212865	*
H	26872	100	98.0	+	0	0	43I57MD42M425I	DQ480345	GU212865
L	23623	765	*	*	*	*	*	EU326208	*
H	23623	100	100.0	+	0	0	39I100M626I	FJ596846	EU326208
L	4811	677	*	*	*	*	*	FJ596846	*
H	4811	100	100.0	+	0	0	100M577I	FJ596846	FJ596846
L	27212	724	*	*	*	*	*	JF514524	*
H	27212	100	99.0	+	0	0	17I100M607I	FJ596846	JF514524
L	4814	736	*	*	*	*	*	U85323	*
H	4814	100	100.0	+	0	0	100M636I	U85323	U85323
L	5996	704	*	*	*	*	*	AF482859	*
H	5996	100	97.0	+	0	0	6I100M598I	U85323	AF482859
L	29030	714	*	*	*	*	*	AF482868	*
H	29030	100	96.0	+	0	0	6I100M608I	U85323	AF482868
L	4850	615	*	*	*	*	*	FJ411096	*
H	4850	100	100.0	+	0	0	2I100M513I	FJ411096	FJ411096
L	8569	622	*	*	*	*	*	FJ411098	*
H	8569	100	97.0	+	0	0	2I100M520I	FJ411096	FJ411098
L	4851	622	*	*	*	*	*	FJ411097	*
H	4851	100	97.0	+	0	0	2I100M520I	FJ411096	FJ411097
L	4852	618	*	*	*	*	*	FJ411099	*
H	4852	100	100.0	+	0	0	2I100M516I	FJ411099	FJ411099
H	4851	100	95.0	+	0	0	2I57M2D41M522I	FJ411099	FJ411097
H	8569	100	95.0	+	0	0	2I57M2D41M522I	FJ411099	FJ411098
L	4876	1467	*	*	*	*	*	FJ664839	*
H	4876	100	100.0	+	0	0	8I100M1359I	FJ664839	FJ664839
L	4877	1982	*	*	*	*	*	FJ664842	*
H	4877	100	86.0	+	0	0	374I8MI92M1507I	FJ664839	FJ664842
L	4881	1858	*	*	*	*	*	FJ664848	*
H	4881	100	86.0	+	0	0	402I8MI92M1355I	FJ664839	FJ664848
H	4877	100	100.0	+	0	0	374I100M1508I	FJ664842	FJ664842
L	4885	1606	*	*	*	*	*	FJ664852	*
H	4885	100	91.0	+	0	0	49I100M1457I	FJ664842	FJ664852
L	20801	566	*	*	*	*	*	EU010246	*
H	20801	100	90.0	+	0	0	27I100M439I	FJ664842	EU010246
L	4884	1867	*	*	*	*	*	FJ664851	*
H	4884	100	100.0	+	0	0	271I100M1496I	FJ664851	FJ664851
H	20801	100	96.0	+	0	0	27I100M439I	FJ664851	EU010246
L	28067	1871	*	*	*	*	*	FJ664862	*
H	28067	100	96.0	+	0	0	253I100M1518I	FJ664851	FJ664862
L	4890	2314	*	*	*	*	*	FJ664880	*
H	4890	100	100.0	+	0	0	273I100M1941I	FJ664880	FJ664880
L	4883	1886	*	*	*	*	*	FJ664850	*
H	4883	100	98.0	+	0	0	279I44MI56M1506I	FJ664880	FJ664850
L	4873	2480	*	*	*	*	*	FJ664822	*
H	4873	100	95.0	+	0	0	208I100M2172I	FJ664880	FJ664822
L	4903	521	*	*	*	*	*	FJ427082	*
H	4903	100	100.0	+	0	0	100M421I	FJ427082	FJ427082
L	6091	543	*	*	*	*	*	GU288818	*
H	6091	100	88.0	+	0	0	34I64MI36M408I	FJ427082	GU288818
L	28512	587	*	*	*	*	*	M96663	*
H	28512	100	82.0	+	0	0	23I59MI41M463I	FJ427082	M96663
L	4971	528	*	*	*	*	*	GQ152143	*
H	4971	100	100.0	+	0	0	12I100M416I	GQ152143	GQ152143
L	5144	530	*	*	*	*	*	AY265337	*
H	5144	100	99.0	+	0	0	11I100M419I	GQ152143	AY265337
L	4056	492	*	*	*	*	*	AF485078	*
H	4056	100	98.0	+	0	0	5I100M387I	GQ152143	AF485078
L	2880	793	*	*	*	*	*	GQ328758	*
H	2880	100	100.0	+	0	0	38I100M655I	GQ328756	GQ328758
L	4983	823	*	*	*	*	*	GQ328756	*
H	4983	100	100.0	+	0	0	39I100M684I	GQ328756	GQ328756
L	24293	889	*	*	*	*	*	GQ479852	*
H	24293	100	99.0	+	0	0	50I100M739I	GQ328756	GQ479852
L	4997	514	*	*	*	*	*	GQ249878	*
H	4997	100	100.0	+	0	0	12I100M402I	GQ249878	GQ249878
L	14334	1956	*	*	*	*	*	AF487273	*
H	14334	100	91.0	+	0	0	1771I100M85I	GQ249878	AF487273
L	10724	549	*	*	*	*	*	EF495107	*
H	10724	100	90.0	+	0	0	10I100M439I	GQ249878	EF495107
L	5006	621	*	*	*	*	*	FJ468409	*
H	5006	100	100.0	+	0	0	100M521I	FJ468409	FJ468409
L	20812	671	*	*	*	*	*	EU014070	*
H	20812	100	91.0	+	0	0	52I62MD5MD31M521I	FJ468409	EU014070
L	15678	589	*	*	*	*	*	AF180198	*
H	15678	100	94.0	+	0	0	2I24M2I27M4I49M481I	FJ468409	AF180198
L	5016	714	*	*	*	*	*	EU819498	*
H	5016	100	100.0	+	0	0	49I100M565I	EU819498	EU819498
L	2255	617	*	*	*	*	*	EU523554	*
H	2255	100	94.0	+	0	0	4D96M521I	EU819498	EU523554
L	21886	737	*	*	*	*	*	JF908091	*
H	21886	100	84.0	+	0	0	42I52M4I48M591I	EU819498	JF908091
L	5066	819	*	*	*	*	*	FJ998389	*
H	5066	100	100.0	+	0	0	100M719I	FJ998389	FJ998389
L	17725	674	*	*	*	*	*	AY176388	*
H	17725	100	98.0	+	0	0	15I25MD74M560I	FJ998389	AY176388
L	22894	675	*	*	*	*	*	FJ596853	*
H	22894	100	92.0	+	0	0	7I25MD74M569I	FJ998389	FJ596853
L	5084	1257	*	*	*	*	*	GQ181170	*
H	5084	100	100.0	+	0	0	28I100M1129I	GQ181170	GQ181170
L	5092	557	*	*	*	*	*	EU343821	*
H	5092	100	100.0	+	0	0	I100M456I	EU343821	EU343821
L	18940	586	*	*	*	*	*	FJ623611	*
H	18940	100	91.0	+	0	0	13I76M2D22M475I	EU343821	FJ623611
L	163	621	*	*	*	*	*	DQ667978	*
H	163	100	97.0	+	0	0	23I27MI26MI19M2I28M494I	EU343821	DQ667978
L	5113	681	*	*	*	*	*	GU446638	*
H	5113	100	100.0	+	0	0	100M581I	GU446638	GU446638
L	10119	609	*	*	*	*	*	HQ871875	*
H	10119	100	99.0	+	0	0	48I100M461I	GU446638	HQ871875
L	10118	562	*	*	*	*	*	AY781217	*
H	10118	100	89.0	+	0	0	10D90M472I	GU446638	AY781217
L	5123	500	*	*	*	*	*	AF530463	*
H	5123	100	100.0	+	0	0	100M400I	AF530463	AF530463
L	2554	475	*	*	*	*	*	EU434831	*
H	2554	100	92.0	+	0	0	100M375I	AF530463	EU434831
L	2553	474	*	*	*	*	*	EU434832	*
H	2553	100	93.0	+	0	0	100M374I	AF530463	EU434832
L	5133	647	*	*	*	*	*	AF491586	*
H	5133	100	100.0	+	0	0	22I100M525I	AF491586	AF491586
L	5132	665	*	*	*	*	*	AF491580	*
H	5132	100	92.0	+	0	0	37I66M2D32M530I	AF491586	AF491580
L	15584	344	*	*	*	*	*	AF133182	*
H	15584	100	89.0	+	0	0	99I32M2I33M4D31M147I	AF491586	AF133182
L	5137	647	*	*	*	*	*	AF491621	*
H	5137	100	100.0	+	0	0	37I100M510I	AF491621	AF491621
L	15578	359	*	*	*	*	*	AF133176	*
H	15578	100	95.0	+	0	0	99I37MD62M161I	AF491621	AF133176
L	5138	626	*	*	*	*	*	AF491622	*
H	5138	100	95.0	+	0	0	20I36MI19M7I45M498I	AF491621	AF491622
L	5142	548	*	*	*	*	*	GQ266162	*
H	5142	100	100.0	+	0	0	100M448I	GQ266162	GQ266162
L	4622	580	*	*	*	*	*	FJ824623	*
H	4622	100	88.0	+	0	0	24I17MI83M455I	GQ266162	FJ824623
L	5143	508	*	*	*	*	*	FJ434981	*
H	5143	100	88.0	+	0	0	17MI83M407I	GQ266162	FJ434981
H	5143	100	100.0	+	0	0	100M408I	FJ434981	FJ434981
H	4622	100	100.0	+	0	0	24I100M456I	FJ434981	FJ824623
L	25696	563	*	*	*	*	*	GQ266158	*
H	25696	100	90.0	+	0	0	21I100M442I	FJ434981	GQ266158
L	5158	606	*	*	*	*	*	GQ142025	*
H	5158	100	100.0	+	0	0	100M506I	GQ142025	GQ142025
L	12265	1274	*	*	*	*	*	EF409756	*
H	12265	100	85.0	+	0	0	13I25MI20MI25M3I30M1156I	GQ142025	EF409756
L	5156	634	*	*	*	*	*	GQ142021	*
H	5156	100	85.0	+	0	0	I37MD12M2I15MI35M531I	GQ142025	GQ142021
L	5180	1225	*	*	*	*	*	GQ159809	*
H	5180	100	100.0	+	0	0	100M1125I	GQ159809	GQ159809
L	3015	730	*	*	*	*	*	EU819467	*
H	3015	100	100.0	+	0	0	60I100M570I	GQ159809	EU819467
L	25455	645	*	*	*	*	*	AF325578	*
H	25455	100	100.0	+	0	0	9I100M536I	GQ159809	AF325578
L	5188	1117	*	*	*	*	*	EU715648	*
H	5188	100	100.0	+	0	0	100M1017I	EU715648	EU715648
L	683	585	*	*	*	*	*	EF026134	*
H	683	100	100.0	+	0	0	15I100M470I	EU715648	EF026134
L	24209	1115	*	*	*	*	*	GQ377479	*
H	24209	100	92.0	+	0	0	13I9MD13M2I28MI12M5I37M995I	EU715648	GQ377479
L	5204	744	*	*	*	*	*	AB512303	*
H	5204	100	100.0	+	0	0	242I100M402I	AB512303	AB512303
L	24623	742	*	*	*	*	*	GU138701	*
H	24623	100	94.0	+	0	0	242I34M2I66M398I	AB512303	GU138701
L	17653	721	*	*	*	*	*	AB512299	*
H	17653	100	96.0	+	0	0	215I100M406I	AB512303	AB512299
L	5205	717	*	*	*	*	*	AB512304	*
H	5205	100	100.0	+	0	0	218I100M399I	AB512304	AB512304
L	5965	761	*	*	*	*	*	GU138714	*
H	5965	100	86.0	+	0	0	246I25MI60M2D13M416I	AB512304	GU138714
L	5203	710	*	*	*	*	*	AB512301	*
H	5203	100	87.0	+	0	0	215I26MI61M2D11M396I	AB512304	AB512301
L	5214	728	*	*	*	*	*	AB512319	*
H	5214	100	100.0	+	0	0	4I100M624I	AB512319	AB512319
L	7445	767	*	*	*	*	*	AF505772	*
H	7445	100	83.0	+	0	0	I26MD30M3I18MD24M665I	AB512319	AF505772
L	7330	699	*	*	*	*	*	AY263431	*
H	7330	100	82.0	+	0	0	I34M2D19M3I15M2D28M599I	AB512319	AY263431
L	5261	659	*	*	*	*	*	FJ572253	*
H	5261	100	100.0	+	0	0	17I100M542I	FJ572253	FJ572253
L	5262	660	*	*	*	*	*	FJ572252	*
H	5262	100	100.0	+	0	0	17I100M543I	FJ572253	FJ572252
L	5259	653	*	*	*	*	*	FJ572246	*
H	5259	100	98.0	+	0	0	13I100M540I	FJ572253	FJ572246
L	5300	768	*	*	*	*	*	GQ253451	*
H	5300	100	100.0	+	0	0	26I100M642I	GQ253451	GQ253451
L	5302	746	*	*	*	*	*	GQ253453	*
H	5302	100	100.0	+	0	0	20I13MI87M625I	GQ253451	GQ253453
L	25479	737	*	*	*	*	*	GU111920	*
H	25479	100	100.0	+	0	0	13I14MI86M623I	GQ253451	GU111920
L	5311	706	*	*	*	*	*	GQ253465	*
H	5311	100	100.0	+	0	0	30I100M576I	GQ253465	GQ253465
L	5303	708	*	*	*	*	*	GQ253456	*
H	5303	100	95.0	+	0	0	22I13MD86M587I	GQ253465	GQ253456
L	25871	719	*	*	*	*	*	DQ103885	*
H	25871	100	95.0	+	0	0	35I100M584I	GQ253465	DQ103885
L	5314	571	*	*	*	*	*	GQ369959	*
H	5314	100	100.0	+	0	0	8I100M463I	GQ369959	GQ369959
L	24221	557	*	*	*	*	*	GU062214	*
H	24221	100	93.0	+	0	0	39I16MD83M419I	GQ369959	GU062214
L	11015	292	*	*	*	*	*	JN019378	*
H	11015	100	90.0	+	0	0	36I16MD13MD31M2I16MI11M9I11M146I	GQ369959	JN019378
L	5336	698	*	*	*	*	*	AB439558	*
H	5336	100	100.0	+	0	0	100M598I	AB439558	AB439558
L	5334	744	*	*	*	*	*	AB439544	*
H	5334	100	86.0	+	0	0	15I13MI34M2D39MD11M631I	AB439558	AB439544
L	5335	772	*	*	*	*	*	AB439546	*
H	5335	100	87.0	+	0	0	26I13MI61M23I26M622I	AB439558	AB439546
L	5338	471	*	*	*	*	*	GQ336792	*
H	5338	100	100.0	+	0	0	100M371I	GQ336792	GQ336792
L	10070	451	*	*	*	*	*	AY555961	*
H	10070	100	91.0	+	0	0	9D91M360I	GQ336792	AY555961
L	12270	509	*	*	*	*	*	DQ825976	*
H	12270	100	98.0	+	0	0	2I46MI54M406I	GQ336792	DQ825976
L	5392	604	*	*	*	*	*	GQ388715	*
H	5392	100	100.0	+	0	0	35I100M469I	GQ388715	GQ388715
L	23803	627	*	*	*	*	*	FJ769289	*
H	23803	100	100.0	+	0	0	35I86MI14M491I	GQ388715	FJ769289
L	17552	970	*	*	*	*	*	FN423699	*
H	17552	100	97.0	+	0	0	415I86M2I14M453I	GQ388715	FN423699
L	5402	531	*	*	*	*	*	FJ654148	*
H	5402	100	100.0	+	0	0	100M431I	FJ654148	FJ654148
L	25904	526	*	*	*	*	*	HM595984	*
H	25904	100	99.0	+	0	0	27I100M399I	FJ654148	HM595984
L	16998	390	*	*	*	*	*	GU246283	*
H	16998	100	94.0	+	0	0	100M290I	FJ654148	GU246283
L	5417	1327	*	*	*	*	*	Z14026	*
H	5417	100	100.0	+	0	0	991I100M236I	Z14026	Z14026
L	19003	776	*	*	*	*	*	EU266112	*
H	19003	100	92.0	+	0	0	219I40M2I20MI40M454I	Z14026	EU266112
L	5571	1969	*	*	*	*	*	Z14025	*
H	5571	100	90.0	+	0	0	1632I73MD26M238I	Z14026	Z14025
L	5443	2864	*	*	*	*	*	GQ458034	*
H	5443	100	100.0	+	0	0	15I100M2749I	GQ458034	GQ458034
L	13572	304	*	*	*	*	*	FJ499435	*
H	13572	100	99.0	+	0	0	16I46MD53M189I	GQ458034	FJ499435
L	22512	236	*	*	*	*	*	FJ227897	*
H	22512	100	99.0	+	0	0	19I46MD53M118I	GQ458034	FJ227897
L	5449	383	*	*	*	*	*	GQ479554	*
H	5449	100	100.0	+	0	0	100M283I	GQ479554	GQ479554
L	5454	459	*	*	*	*	*	AY549477	*
H	5454	100	96.0	+	0	0	100M359I	GQ479554	AY549477
L	5452	511	*	*	*	*	*	AY549469	*
H	5452	100	97.0	+	0	0	14I100M397I	GQ479554	AY549469
H	5452	100	100.0	+	0	0	7I100M404I	AY549469	AY549469
L	5447	490	*	*	*	*	*	DQ019399	*
H	5447	100	86.0	+	0	0	14D86M404I	AY549469	DQ019399
H	5454	100	90.0	+	0	0	7D93M366I	AY549469	AY549477
L	17305	853	*	*	*	*	*	AM269780	*
H	17305	33	100.0	+	0	0	505I33M315I	GQ479575	AM269780
L	25626	519	*	*	*	*	*	EU557322	*
H	25626	33	100.0	+	0	0	153I33M333I	GQ479575	EU557322
L	13674	1078	*	*	*	*	*	AF210664	*
H	13674	33	100.0	+	0	0	155I33M890I	GQ479575	AF210664
L	5479	737	*	*	*	*	*	AF451767	*
H	5479	100	100.0	+	0	0	222I100M415I	AF451767	AF451767
L	16372	730	*	*	*	*	*	AF451779	*
H	16372	100	95.0	+	0	0	217I100M413I	AF451767	AF451779
H	13119	100	94.0	+	0	0	251I100M499I	AF451767	DQ007036
L	5484	622	*	*	*	*	*	GQ856214	*
H	5484	100	100.0	+	0	0	20I100M502I	GQ856214	GQ856214
L	7058	630	*	*	*	*	*	AJ313448	*
H	7058	100	99.0	+	0	0	11I100M519I	GQ856214	AJ313448
L	16890	625	*	*	*	*	*	AJ313453	*
H	16890	100	97.0	+	0	0	11I100M514I	GQ856214	AJ313453
L	5564	2515	*	*	*	*	*	U63475	*
H	5564	100	100.0	+	0	0	1745I100M670I	U63475	U63475
L	5578	545	*	*	*	*	*	AY525773	*
H	5578	100	100.0	+	0	0	7I100M438I	AY525773	AY525773
L	20394	536	*	*	*	*	*	GU327641	*
H	20394	100	100.0	+	0	0	14I100M422I	AY525773	GU327641
L	20392	535	*	*	*	*	*	EF197067	*
H	20392	100	91.0	+	0	0	13I100M422I	AY525773	EF197067
L	5605	595	*	*	*	*	*	HQ215821	*
H	5605	100	100.0	+	0	0	100M495I	HQ215821	HQ215821
L	15879	671	*	*	*	*	*	HM189968	*
H	15879	100	99.0	+	0	0	18I49M2I51M551I	HQ215821	HM189968
L	3036	629	*	*	*	*	*	EU819522	*
H	3036	100	98.0	+	0	0	56I100M473I	HQ215821	EU819522
L	5616	617	*	*	*	*	*	GU060452	*
H	5616	100	100.0	+	0	0	12I100M505I	GU060452	GU060452
L	4230	625	*	*	*	*	*	FJ538318	*
H	4230	100	90.0	+	0	0	24I8MD13M2D11MD8M2D54M507I	GU060452	FJ538318
L	5617	607	*	*	*	*	*	GU060455	*
H	5617	100	87.0	+	0	0	3D5MD13M2D11MD8M2D54M516I	GU060452	GU060455
L	5621	566	*	*	*	*	*	DQ189225	*
H	5621	100	100.0	+	0	0	11I100M455I	DQ189225	DQ189225
L	25022	522	*	*	*	*	*	GU396232	*
H	25022	100	93.0	+	0	0	7D93M429I	DQ189225	GU396232
L	13534	561	*	*	*	*	*	DQ317339	*
H	13534	100	98.0	+	0	0	6I100M455I	DQ189225	DQ317339
L	5626	654	*	*	*	*	*	FJ411105	*
H	5626	100	100.0	+	0	0	2I100M552I	FJ411105	FJ411105
L	4848	634	*	*	*	*	*	FJ462770	*
H	4848	100	95.0	+	0	0	11I37MI63M522I	FJ411105	FJ462770
H	4276	100	95.0	+	0	0	22I37MI63M498I	FJ411105	FJ467362
L	5637	607	*	*	*	*	*	FJ765367	*
H	5637	100	100.0	+	0	0	36I100M471I	FJ765367	FJ765367
L	5641	460	*	*	*	*	*	GQ857633	*
H	5641	100	100.0	+	0	0	100M360I	GQ857633	GQ857633
L	5642	610	*	*	*	*	*	GQ857635	*
H	5642	100	98.0	+	0	0	100M510I	GQ857633	GQ857635
L	3831	450	*	*	*	*	*	GQ857642	*
H	3831	100	97.0	+	0	0	100M350I	GQ857633	GQ857642
L	25553	539	*	*	*	*	*	GQ169767	*
H	25553	100	100.0	+	0	0	11I100M428I	FJ839626	GQ169767
L	5651	498	*	*	*	*	*	FJ839626	*
H	5651	100	100.0	+	0	0	4I100M394I	FJ839626	FJ839626
L	21405	518	*	*	*	*	*	EU514295	*
H	21405	100	97.0	+	0	0	11I67MI33M406I	FJ839626	EU514295
L	5663	531	*	*	*	*	*	GU084413	*
H	5663	100	100.0	+	0	0	99I100M332I	GU084413	GU084413
L	25386	1100	*	*	*	*	*	HE649453	*
H	25386	100	97.0	+	0	0	73I55MD44M928I	GU084413	HE649453
L	5377	602	*	*	*	*	*	GQ426035	*
H	5377	100	98.0	+	0	0	107I100M395I	GU084413	GQ426035
L	5682	1878	*	*	*	*	*	AM882747	*
H	5682	100	100.0	+	0	0	24I100M1754I	AM882747	AM882747
L	7090	1287	*	*	*	*	*	HQ604525	*
H	7090	100	97.0	+	0	0	38I100M1149I	AM882747	HQ604525
L	9417	649	*	*	*	*	*	HQ215783	*
H	9417	100	87.0	+	0	0	10I55M6I26M3I19M530I	AM882747	HQ215783
L	5727	417	*	*	*	*	*	GU126451	*
H	5727	100	100.0	+	0	0	35I100M282I	GU126451	GU126451
L	19833	387	*	*	*	*	*	FJ011540	*
H	19833	100	82.0	+	0	0	37I25MI12MI19M8I44M240I	GU126451	FJ011540
L	20369	389	*	*	*	*	*	DQ681362	*
H	20369	100	83.0	+	0	0	13I30MI7MI19M8I44M266I	GU126451	DQ681362
L	5749	584	*	*	*	*	*	FJ860849	*
H	5749	100	100.0	+	0	0	100M484I	FJ860849	FJ860849
L	1290	550	*	*	*	*	*	AF275336	*
H	1290	100	100.0	+	0	0	25I22MI21MI57M423I	FJ860849	AF275336
L	4091	592	*	*	*	*	*	AY865631	*
H	4091	100	90.0	+	0	0	10D90M502I	FJ860849	AY865631
L	12653	557	*	*	*	*	*	AY737776	*
H	12653	100	100.0	+	0	0	19I100M438I	FJ860859	AY737776
L	5753	597	*	*	*	*	*	FJ860859	*
H	5753	100	100.0	+	0	0	100M497I	FJ860859	FJ860859
L	12682	588	*	*	*	*	*	FJ442607	*
H	12682	100	99.0	+	0	0	23I25MD74M466I	FJ860859	FJ442607
L	5777	709	*	*	*	*	*	GU136210	*
H	5777	100	100.0	+	0	0	100M609I	GU136210	GU136210
L	1222	698	*	*	*	*	*	GU136212	*
H	1222	100	94.0	+	0	0	43M4D53M602I	GU136210	GU136212
L	9104	756	*	*	*	*	*	GU461941	*
H	9104	100	93.0	+	0	0	19I27MI73M636I	GU136210	GU461941
L	7341	565	*	*	*	*	*	FN433159	*
H	7341	75	100.0	+	0	0	119I75M371I	FJ809885	FN433159
L	5788	439	*	*	*	*	*	FJ809885	*
H	5788	75	100.0	+	0	0	75M364I	FJ809885	FJ809885
L	21745	651	*	*	*	*	*	DQ329375	*
H	21745	75	96.0	+	0	0	197I75M379I	FJ809885	DQ329375
L	5814	757	*	*	*	*	*	GQ913372	*
H	5814	100	100.0	+	0	0	100M657I	GQ913372	GQ913372
L	5818	734	*	*	*	*	*	FJ596808	*
H	5818	100	92.0	+	0	0	61M4D35M638I	GQ913372	FJ596808
L	5819	726	*	*	*	*	*	GQ913410	*
H	5819	100	91.0	+	0	0	61M4D35M630I	GQ913372	GQ913410
L	5831	505	*	*	*	*	*	AB478882	*
H	5831	100	100.0	+	0	0	100M405I	AB478882	AB478882
L	24728	611	*	*	*	*	*	GU207308	*
H	24728	100	84.0	+	0	0	68I55M4D19MD21M448I	AB478882	GU207308
L	5411	663	*	*	*	*	*	GQ849475	*
H	5411	100	80.0	+	0	0	57I55M2I45M504I	AB478882	GQ849475
L	5872	560	*	*	*	*	*	AB084618	*
H	5872	100	100.0	+	0	0	100M460I	AB084618	AB084618
L	13311	604	*	*	*	*	*	DQ008244	*
H	13311	100	91.0	+	0	0	34I18MD47MD33M472I	AB084618	DQ008244
L	26081	600	*	*	*	*	*	HQ153414	*
H	26081	100	93.0	+	0	0	6I18MD24MI57M494I	AB084618	HQ153414
L	5874	686	*	*	*	*	*	DQ102431	*
H	5874	100	100.0	+	0	0	35I100M551I	DQ102431	DQ102431
L	22684	659	*	*	*	*	*	FJ440190	*
H	22684	100	91.0	+	0	0	8D29MI13M2I20MI30M563I	DQ102431	FJ440190
L	8452	683	*	*	*	*	*	HQ636470	*
H	8452	100	98.0	+	0	0	11I37M2I15MI18M2I20MI10M566I	DQ102431	HQ636470
L	5894	533	*	*	*	*	*	AJ408375	*
H	5894	100	100.0	+	0	0	100M433I	AJ408375	AJ408375
L	5898	2320	*	*	*	*	*	AB099942	*
H	5898	100	100.0	+	0	0	1726I100M494I	AB099942	AB099942
L	13584	1657	*	*	*	*	*	AB027377	*
H	13584	100	89.0	+	0	0	198I58M2D11MD16M4D8M1366I	AB099942	AB027377
L	8974	561	*	*	*	*	*	FJ957892	*
H	8974	100	90.0	+	0	0	37I59M4I12MD16M4D8M425I	AB099942	FJ957892
L	5915	580	*	*	*	*	*	GU234098	*
H	5915	100	100.0	+	0	0	21I100M459I	GU234098	GU234098
L	7733	709	*	*	*	*	*	GU234161	*
H	7733	100	99.0	+	0	0	39I74MD25M571I	GU234098	GU234161
L	23976	707	*	*	*	*	*	AJ534898	*
H	23976	100	99.0	+	0	0	49I74MD25M559I	GU234098	AJ534898
L	29401	227	*	*	*	*	*	Z75727	*
H	29401	100	100.0	+	0	0	100M127I	AY046209	Z75727
L	5927	596	*	*	*	*	*	AY046209	*
H	5927	100	100.0	+	0	0	100M496I	AY046209	AY046209
L	16721	614	*	*	*	*	*	AJ229073	*
H	16721	100	80.0	+	0	0	16I10MD21M2D54MD11M502I	AY046209	AJ229073
L	5944	704	*	*	*	*	*	GU222263	*
H	5944	100	100.0	+	0	0	40I100M564I	GU222263	GU222263
L	24761	670	*	*	*	*	*	GU222324	*
H	24761	100	98.0	+	0	0	18I32M2D66M554I	GU222263	GU222324
L	24740	692	*	*	*	*	*	GU222261	*
H	24740	100	98.0	+	0	0	35I100M557I	GU222263	GU222261
L	5947	665	*	*	*	*	*	GU222269	*
H	5947	100	100.0	+	0	0	14I100M551I	GU222269	GU222269
L	16011	742	*	*	*	*	*	DQ192181	*
H	16011	100	99.0	+	0	0	43I100M599I	GU222269	DQ192181
L	2423	694	*	*	*	*	*	DQ328214	*
H	2423	100	99.0	+	0	0	13I100M581I	GU222269	DQ328214
L	5956	670	*	*	*	*	*	GU222316	*
H	5956	100	100.0	+	0	0	38I100M532I	GU222316	GU222316
L	24756	676	*	*	*	*	*	GU222318	*
H	24756	100	90.0	+	0	0	39I65M4I35M533I	GU222316	GU222318
L	23297	960	*	*	*	*	*	FJ845424	*
H	23297	100	82.0	+	0	0	103I60M4D26M2I10M759I	GU222316	FJ845424
L	24631	564	*	*	*	*	*	GU138738	*
H	24631	100	100.0	+	0	0	43I100M421I	GU138749	GU138738
L	5977	527	*	*	*	*	*	GU138749	*
H	5977	100	100.0	+	0	0	24I100M403I	GU138749	GU138749
L	9375	530	*	*	*	*	*	GU138712	*
H	9375	100	99.0	+	0	0	24I100M406I	GU138749	GU138712
L	5980	548	*	*	*	*	*	GU138754	*
H	5980	100	100.0	+	0	0	36I100M412I	GU138754	GU138754
L	13923	689	*	*	*	*	*	AB247944	*
H	13923	100	90.0	+	0	0	213I24MD23M2I52M375I	GU138754	AB247944
L	5162	828	*	*	*	*	*	AB511817	*
H	5162	100	90.0	+	0	0	225I27MI12M2I44MI17M499I	GU138754	AB511817
L	5999	726	*	*	*	*	*	GU229820	*
H	5999	100	100.0	+	0	0	38I100M588I	GU229820	GU229820
L	2238	958	*	*	*	*	*	FJ845435	*
H	2238	100	89.0	+	0	0	108I56M6D32MD5M757I	GU229820	FJ845435
H	3002	100	87.0	+	0	0	49I56M7D31MD5M603I	GU229820	EU819427
L	6000	637	*	*	*	*	*	GU229821	*
H	6000	100	100.0	+	0	0	4I100M533I	GU229821	GU229821
L	22053	738	*	*	*	*	*	DQ777996	*
H	22053	100	100.0	+	0	0	29I8MI92M608I	GU229821	DQ777996
L	7648	737	*	*	*	*	*	DQ777998	*
H	7648	100	100.0	+	0	0	26I8MI92M610I	GU229821	DQ777998
L	6003	543	*	*	*	*	*	FJ889446	*
H	6003	100	100.0	+	0	0	100M443I	FJ889446	FJ889446
L	12276	523	*	*	*	*	*	AY485785	*
H	12276	100	95.0	+	0	0	100M423I	FJ889446	AY485785
L	6780	595	*	*	*	*	*	GU973815	*
H	6780	100	99.0	+	0	0	53I89M4I11M438I	FJ889446	GU973815
L	6005	534	*	*	*	*	*	FJ889449	*
H	6005	100	100.0	+	0	0	100M434I	FJ889449	FJ889449
L	6002	602	*	*	*	*	*	AF000566	*
H	6002	100	97.0	+	0	0	43I25MI64M2I11M456I	FJ889449	AF000566
L	28012	558	*	*	*	*	*	JN564476	*
H	28012	100	97.0	+	0	0	24I87M3I13M431I	FJ889449	JN564476
H	6009	100	100.0	+	0	0	202I100M363I	GU229807	GU229801
L	6007	523	*	*	*	*	*	GU229799	*
H	6007	100	100.0	+	0	0	7I100M416I	GU229807	GU229799
L	6006	485	*	*	*	*	*	GU229798	*
H	6006	100	100.0	+	0	0	25I100M360I	GU229807	GU229798
L	6034	588	*	*	*	*	*	FM955448	*
H	6034	100	100.0	+	0	0	25I100M463I	FM955448	FM955448
L	10766	578	*	*	*	*	*	JF758870	*
H	10766	100	99.0	+	0	0	19I100M459I	FM955448	JF758870
L	27923	572	*	*	*	*	*	JN207240	*
H	27923	100	99.0	+	0	0	49I100M423I	FM955448	JN207240
L	6048	742	*	*	*	*	*	GU233362	*
H	6048	100	100.0	+	0	0	41I100M601I	GU233362	GU233362
L	13020	732	*	*	*	*	*	AJ889942	*
H	13020	100	82.0	+	0	0	28I52M2I29M4I19M598I	GU233362	AJ889942
L	24446	662	*	*	*	*	*	GQ925398	*
H	24446	100	80.0	+	0	0	49I22M5D21MI22M4I30M513I	GU233362	GQ925398
L	6090	580	*	*	*	*	*	GU324765	*
H	6090	100	100.0	+	0	0	51I100M429I	GU324765	GU324765
L	26191	1049	*	*	*	*	*	HQ222874	*
H	26191	100	84.0	+	0	0	505I34MD32M8I33M437I	GU324765	HQ222874
L	26031	630	*	*	*	*	*	JQ256418	*
H	26031	100	85.0	+	0	0	49I35MI16MI19M8I17MI13M470I	GU324765	JQ256418
L	6095	606	*	*	*	*	*	GU214634	*
H	6095	100	100.0	+	0	0	69I100M437I	GU214634	GU214634
L	8291	583	*	*	*	*	*	HQ599602	*
H	8291	100	96.0	+	0	0	43I35M3D62M443I	GU214634	HQ599602
L	23861	1534	*	*	*	*	*	EU707865	*
H	23861	100	97.0	+	0	0	128I33MD66M1307I	GU214634	EU707865
L	6106	486	*	*	*	*	*	EF627452	*
H	6106	100	100.0	+	0	0	100M386I	EF627452	EF627452
L	4215	538	*	*	*	*	*	JN851049	*
H	4215	100	89.0	+	0	0	3D10MD8MD77M443I	EF627452	JN851049
L	2172	481	*	*	*	*	*	EU329729	*
H	2172	100	88.0	+	0	0	I100M380I	EF627452	EU329729
L	6109	491	*	*	*	*	*	DQ303089	*
H	6109	100	100.0	+	0	0	100M391I	DQ303089	DQ303089
L	1062	640	*	*	*	*	*	GQ852764	*
H	1062	100	97.0	+	0	0	135I100M405I	DQ303089	GQ852764
L	20148	541	*	*	*	*	*	EU851936	*
H	20148	100	96.0	+	0	0	20I100M421I	DQ303089	EU851936
L	6188	922	*	*	*	*	*	AY188358	*
H	6188	100	100.0	+	0	0	100M822I	AY188358	AY188358
L	3235	466	*	*	*	*	*	FM209493	*
H	3235	100	86.0	+	0	0	21I70M5I10MI20M339I	AY188358	FM209493
L	22237	461	*	*	*	*	*	EU926486	*
H	22237	100	86.0	+	0	0	17I21MI27M2D16M3I14MI20M341I	AY188358	EU926486
L	6189	1199	*	*	*	*	*	AY188362	*
H	6189	100	100.0	+	0	0	100M1099I	AY188362	AY188362
L	3432	651	*	*	*	*	*	EU871517	*
H	3432	100	83.0	+	0	0	7I18M4I33M2I49M538I	AY188362	EU871517
L	12992	627	*	*	*	*	*	FJ210546	*
H	12992	100	83.0	+	0	0	53I18M4I33M2I49M468I	AY188362	FJ210546
L	6205	383	*	*	*	*	*	EF568001	*
H	6205	100	100.0	+	0	0	100M283I	EF568001	EF568001
L	6215	621	*	*	*	*	*	GU207310	*
H	6215	100	100.0	+	0	0	100M521I	GU207310	GU207310
L	12711	600	*	*	*	*	*	AF079584	*
H	12711	100	98.0	+	0	0	6I46MD8MD44M496I	GU207310	AF079584
L	24727	624	*	*	*	*	*	GU207305	*
H	24727	100	98.0	+	0	0	46MD8MD44M526I	GU207310	GU207305
L	6228	469	*	*	*	*	*	GQ203780	*
H	6228	100	100.0	+	0	0	100M369I	GQ203780	GQ203780
L	6234	466	*	*	*	*	*	GQ203792	*
H	6234	100	92.0	+	0	0	100M366I	GQ203780	GQ203792
L	6233	435	*	*	*	*	*	GQ203791	*
H	6233	100	94.0	+	0	0	54MI46M334I	GQ203780	GQ203791
L	6230	451	*	*	*	*	*	GQ203784	*
H	6230	100	100.0	+	0	0	100M351I	GQ203784	GQ203784
L	9205	538	*	*	*	*	*	HQ914816	*
H	9205	100	90.0	+	0	0	11I50M2I6MI44M424I	GQ203784	HQ914816
L	10731	387	*	*	*	*	*	JN418771	*
H	10731	100	94.0	+	0	0	50I88M2I12M235I	GQ203784	JN418771
L	6232	453	*	*	*	*	*	GQ203789	*
H	6232	100	100.0	+	0	0	100M353I	GQ203789	GQ203789
L	16726	467	*	*	*	*	*	AJ238678	*
H	16726	100	85.0	+	0	0	2I100M365I	GQ203789	AJ238678
L	24729	471	*	*	*	*	*	DQ468032	*
H	24729	100	88.0	+	0	0	43MD56M372I	GQ203789	DQ468032
L	6240	529	*	*	*	*	*	AY212819	*
H	6240	100	100.0	+	0	0	33I100M396I	AY212819	AY212819
L	6243	605	*	*	*	*	*	AY212826	*
H	6243	100	94.0	+	0	0	36I100M469I	AY212819	AY212826
L	6242	603	*	*	*	*	*	AY212825	*
H	6242	100	85.0	+	0	0	40I30MD69M464I	AY212819	AY212825
L	6247	758	*	*	*	*	*	GQ329043	*
H	6247	100	100.0	+	0	0	51I100M607I	GQ329043	GQ329043
H	5115	100	91.0	+	0	0	11I23M3I50MD10M2I16M573I	GQ329043	EF460370
L	12659	731	*	*	*	*	*	FJ223223	*
H	12659	100	91.0	+	0	0	13I23M3I50MD10M2I16M614I	GQ329043	FJ223223
L	6255	704	*	*	*	*	*	AY243626	*
H	6255	100	100.0	+	0	0	4I100M600I	AY243626	AY243626
L	8793	538	*	*	*	*	*	AY243621	*
H	8793	100	99.0	+	0	0	4I61MD38M435I	AY243626	AY243621
L	6084	623	*	*	*	*	*	GU136182	*
H	6084	100	97.0	+	0	0	4I60MD39M520I	AY243626	GU136182
L	6292	983	*	*	*	*	*	GU470885	*
H	6292	100	100.0	+	0	0	127I100M756I	GU470885	GU470885
L	6327	603	*	*	*	*	*	GU391570	*
H	6327	100	100.0	+	0	0	100M503I	GU391570	GU391570
L	10599	623	*	*	*	*	*	JF908768	*
H	10599	100	87.0	+	0	0	27I33M12D55M508I	GU391570	JF908768
L	5518	512	*	*	*	*	*	GQ981519	*
H	5518	100	87.0	+	0	0	45I22M2I11M12D55M377I	GU391570	GQ981519
L	6334	2090	*	*	*	*	*	AM882784	*
H	6334	100	100.0	+	0	0	35I100M1955I	AM882784	AM882784
L	7749	653	*	*	*	*	*	HQ215782	*
H	7749	100	86.0	+	0	0	10I8MI8M2I35M10D23MI16M549I	AM882784	HQ215782
L	8404	1353	*	*	*	*	*	HQ604625	*
H	8404	100	87.0	+	0	0	38I8MI8M2I48MD18MI17M1212I	AM882784	HQ604625
L	6366	665	*	*	*	*	*	JQ229682	*
H	6366	100	100.0	+	0	0	100M565I	JQ229682	JQ229682
L	22347	1259	*	*	*	*	*	FJ717549	*
H	22347	100	99.0	+	0	0	13I59M2I41M1144I	JQ229682	FJ717549
L	1852	589	*	*	*	*	*	GU234052	*
H	1852	100	97.0	+	0	0	26I83M2D15M465I	JQ229682	GU234052
L	6371	611	*	*	*	*	*	GU595027	*
H	6371	100	100.0	+	0	0	100M511I	GU595027	GU595027
L	9230	631	*	*	*	*	*	HM049170	*
H	9230	100	88.0	+	0	0	10I19MI6MI11MI64M518I	GU595027	HM049170
L	25652	605	*	*	*	*	*	HM222964	*
H	25652	100	80.0	+	0	0	20I47M2I53M483I	GU595027	HM222964
L	6376	669	*	*	*	*	*	GU551942	*
H	6376	100	100.0	+	0	0	14I100M555I	GU551942	GU551942
L	6375	599	*	*	*	*	*	GU551941	*
H	6375	100	93.0	+	0	0	2D35MI14M2D47M502I	GU551942	GU551941
L	7842	623	*	*	*	*	*	HM562125	*
H	7842	100	89.0	+	0	0	I37MI14M2D27M5D15M528I	GU551942	HM562125
L	6388	1372	*	*	*	*	*	AF044393	*
H	6388	100	100.0	+	0	0	930I100M342I	AF044393	AF044393
L	15225	1726	*	*	*	*	*	AB623035	*
H	15225	100	96.0	+	0	0	1585I13M3D84M44I	AF044393	AB623035
L	16838	1348	*	*	*	*	*	AJ300706	*
H	16838	100	84.0	+	0	0	939I13M3D84M312I	AF044393	AJ300706
L	6402	533	*	*	*	*	*	AY581055	*
H	6402	100	100.0	+	0	0	100M433I	AY581055	AY581055
L	18468	519	*	*	*	*	*	AY642836	*
H	18468	100	96.0	+	0	0	D72MD26M421I	AY581055	AY642836
L	12525	530	*	*	*	*	*	AY581057	*
H	12525	100	96.0	+	0	0	76MD23M431I	AY581055	AY581057
L	6408	529	*	*	*	*	*	GU593046	*
H	6408	100	100.0	+	0	0	24I100M405I	GU593046	GU593046
L	18997	744	*	*	*	*	*	DQ001272	*
H	18997	100	93.0	+	0	0	185I27MI43MD29M459I	GU593046	DQ001272
H	13119	100	93.0	+	0	0	251I27MI73M498I	GU593046	DQ007036
L	6420	599	*	*	*	*	*	EF540754	*
H	6420	100	100.0	+	0	0	11I100M488I	EF540754	EF540754
L	22082	617	*	*	*	*	*	EU821483	*
H	22082	100	99.0	+	0	0	37I10MI90M479I	EF540754	EU821483
L	5597	550	*	*	*	*	*	GU062253	*
H	5597	100	98.0	+	0	0	48I10MI90M401I	EF540754	GU062253
L	6426	606	*	*	*	*	*	AB540577	*
H	6426	100	100.0	+	0	0	35I100M471I	AB540577	AB540577
L	1420	587	*	*	*	*	*	GU189520	*
H	1420	100	91.0	+	0	0	11I66MI34M475I	AB540577	GU189520
L	6775	568	*	*	*	*	*	GU973795	*
H	6775	100	91.0	+	0	0	18I21MI72M2I7M447I	AB540577	GU973795
L	6434	286	*	*	*	*	*	GU797430	*
H	6434	100	100.0	+	0	0	100M186I	GU797430	GU797430
L	22298	515	*	*	*	*	*	FJ009534	*
H	22298	100	92.0	+	0	0	90I25MD34MI40M325I	GU797430	FJ009534
L	8147	497	*	*	*	*	*	FJ009548	*
H	8147	100	91.0	+	0	0	66I25MD74M332I	GU797430	FJ009548
L	6456	429	*	*	*	*	*	GU553298	*
H	6456	100	100.0	+	0	0	21I100M308I	GU553298	GU553298
L	27375	775	*	*	*	*	*	JF794063	*
H	27375	100	83.0	+	0	0	235I17MI10M2I10MD24M2I17M2I21M434I	GU553298	JF794063
L	15901	974	*	*	*	*	*	AF278752	*
H	15901	100	81.0	+	0	0	437I17MI10M2I42M3I10M2I21M429I	GU553298	AF278752
L	6463	492	*	*	*	*	*	GU480101	*
H	6463	100	100.0	+	0	0	100M392I	GU480101	GU480101
L	6469	503	*	*	*	*	*	AF070024	*
H	6469	100	89.0	+	0	0	100M403I	GU480101	AF070024
L	6461	511	*	*	*	*	*	GU480092	*
H	6461	100	94.0	+	0	0	7MD92M412I	GU480101	GU480092
L	6465	415	*	*	*	*	*	GU480103	*
H	6465	100	100.0	+	0	0	100M315I	GU480103	GU480103
H	6469	100	88.0	+	0	0	5M3I27MD67M401I	GU480103	AF070024
L	15452	511	*	*	*	*	*	AF070030	*
H	15452	100	81.0	+	0	0	4I34MD58MI7M407I	GU480103	AF070030
L	6476	674	*	*	*	*	*	FN298146	*
H	6476	100	100.0	+	0	0	35I100M539I	FN298146	FN298146
L	2603	606	*	*	*	*	*	U88231	*
H	2603	100	94.0	+	0	0	D74M4I25M503I	FN298146	U88231
L	2601	617	*	*	*	*	*	U88223	*
H	2601	100	91.0	+	0	0	D74M4I25M514I	FN298146	U88223
L	6532	553	*	*	*	*	*	GU944820	*
H	6532	100	100.0	+	0	0	100M453I	GU944820	GU944820
L	25239	583	*	*	*	*	*	GQ415342	*
H	25239	100	87.0	+	0	0	20I15M2D35M2D8MD37M468I	GU944820	GQ415342
L	25237	582	*	*	*	*	*	GQ870285	*
H	25237	100	86.0	+	0	0	20I15M2D35M2D8MD37M467I	GU944820	GQ870285
L	6534	499	*	*	*	*	*	GQ221126	*
H	6534	100	100.0	+	0	0	100M399I	GQ221126	GQ221126
L	24671	1051	*	*	*	*	*	GU183132	*
H	24671	100	88.0	+	0	0	11D20MD68M963I	GQ221126	GU183132
L	26358	540	*	*	*	*	*	HQ449175	*
H	26358	100	95.0	+	0	0	39I31MD68M402I	GQ221126	HQ449175
L	6536	528	*	*	*	*	*	AJ271577	*
H	6536	100	100.0	+	0	0	100M428I	AJ271577	AJ271577
L	12073	536	*	*	*	*	*	EU781676	*
H	12073	100	91.0	+	0	0	19I52MD26M8I21M410I	AJ271577	EU781676
L	7242	590	*	*	*	*	*	HQ607887	*
H	7242	100	89.0	+	0	0	42I52MD34M3I13M446I	AJ271577	HQ607887
L	6538	555	*	*	*	*	*	GU966521	*
H	6538	100	100.0	+	0	0	11I100M444I	GU966521	GU966521
L	20393	516	*	*	*	*	*	EF197070	*
H	20393	100	81.0	+	0	0	13I82M3I18M400I	GU966521	EF197070
L	7832	572	*	*	*	*	*	AY277912	*
H	7832	100	82.0	+	0	0	7I59MD18M4I22M462I	GU966521	AY277912
L	6543	673	*	*	*	*	*	GU258221	*
H	6543	100	100.0	+	0	0	36I100M537I	GU258221	GU258221
L	6550	692	*	*	*	*	*	GU258251	*
H	6550	100	89.0	+	0	0	41I54M2I46M549I	GU258221	GU258251
L	6553	708	*	*	*	*	*	GU258238	*
H	6553	100	93.0	+	0	0	39I25MI28M9I6M2I30MI11M556I	GU258221	GU258238
L	6559	684	*	*	*	*	*	GU258299	*
H	6559	100	100.0	+	0	0	43I100M541I	GU258299	GU258299
L	6558	649	*	*	*	*	*	GU258298	*
H	6558	100	93.0	+	0	0	37I81MD18M513I	GU258299	GU258298
L	544	676	*	*	*	*	*	GQ166898	*
H	544	100	86.0	+	0	0	I34MD25M2D18M7D13M585I	GU258299	GQ166898
L	6584	448	*	*	*	*	*	GU968435	*
H	6584	100	100.0	+	0	0	12I100M336I	GU968435	GU968435
L	6583	579	*	*	*	*	*	FJ904915	*
H	6583	100	91.0	+	0	0	14I26M2D21MD50M468I	GU968435	FJ904915
L	8008	585	*	*	*	*	*	GU187992	*
H	8008	100	91.0	+	0	0	25I26M2D21MD50M463I	GU968435	GU187992
L	6588	1895	*	*	*	*	*	U51949	*
H	6588	100	100.0	+	0	0	1318I100M477I	U51949	U51949
L	28574	995	*	*	*	*	*	U51952	*
H	28574	100	95.0	+	0	0	419I76MD23M477I	U51949	U51952
H	9952	100	93.0	+	0	0	412I24MD54MD20M470I	U51949	HQ735415
L	6601	491	*	*	*	*	*	HM007088	*
H	6601	84	100.0	+	0	0	90I84M317I	HM007088	HM007088
L	17274	545	*	*	*	*	*	FJ430598	*
H	17274	84	89.3	+	0	0	127I57M2I27M332I	HM007088	FJ430598
L	2441	490	*	*	*	*	*	AF340013	*
H	2441	84	89.3	+	0	0	94I52M4I32M308I	HM007088	AF340013
L	6617	716	*	*	*	*	*	AY061724	*
H	6617	100	100.0	+	0	0	29I100M587I	AY061724	AY061724
L	29129	700	*	*	*	*	*	AF418638	*
H	29129	100	99.0	+	0	0	11I67MI33M588I	AY061724	AF418638
L	28363	644	*	*	*	*	*	JN944005	*
H	28363	100	96.0	+	0	0	9I53MD13MI8M2I25M533I	AY061724	JN944005
L	6630	604	*	*	*	*	*	AY266390	*
H	6630	100	100.0	+	0	0	35I100M469I	AY266390	AY266390
L	10840	549	*	*	*	*	*	JF796292	*
H	10840	100	98.0	+	0	0	4I100M445I	AY266390	JF796292
L	27386	586	*	*	*	*	*	FJ972612	*
H	27386	100	99.0	+	0	0	32I100M454I	AY266390	FJ972612
L	6661	595	*	*	*	*	*	GU292824	*
H	6661	100	100.0	+	0	0	11I100M484I	GU292824	GU292824
L	6682	663	*	*	*	*	*	GU324760	*
H	6682	100	83.0	+	0	0	11I44MD36MD18M554I	GU292824	GU324760
H	3244	100	81.0	+	0	0	14I37M2D61M1015I	GU292824	EU715609
L	6666	577	*	*	*	*	*	GU322438	*
H	6666	100	100.0	+	0	0	11I100M466I	GU322438	GU322438
L	25942	578	*	*	*	*	*	GU322441	*
H	25942	100	96.0	+	0	0	11I25MI75M466I	GU322438	GU322441
L	24908	598	*	*	*	*	*	GU300073	*
H	24908	100	93.0	+	0	0	11I26M5I74M482I	GU322438	GU300073
L	6667	580	*	*	*	*	*	EF026148	*
H	6667	100	100.0	+	0	0	11I100M469I	EF026148	EF026148
H	767	100	95.0	+	0	0	38I100M411I	EF026148	EF423543
H	25942	100	95.0	+	0	0	11I100M467I	EF026148	GU322441
L	6671	516	*	*	*	*	*	AY862572	*
H	6671	100	100.0	+	0	0	100M416I	AY862572	AY862572
L	6675	583	*	*	*	*	*	GU322457	*
H	6675	100	80.0	+	0	0	20I15MI50M14I35M448I	AY862572	GU322457
L	6680	567	*	*	*	*	*	GU324735	*
H	6680	100	100.0	+	0	0	11I100M456I	GU324735	GU324735
L	6678	640	*	*	*	*	*	GU322461	*
H	6678	100	86.0	+	0	0	11I24MI55M3D18M531I	GU324735	GU322461
L	65	518	*	*	*	*	*	DQ322131	*
H	65	100	83.0	+	0	0	28I100M390I	GU324735	DQ322131
L	6734	574	*	*	*	*	*	AF137067	*
H	6734	100	100.0	+	0	0	100M474I	AF137067	AF137067
L	12080	561	*	*	*	*	*	AY375446	*
H	12080	100	85.0	+	0	0	14D4MD81M476I	AF137067	AY375446
L	18836	597	*	*	*	*	*	AY913758	*
H	18836	100	81.0	+	0	0	19I20M3D13M2D62M483I	AF137067	AY913758
L	6758	530	*	*	*	*	*	GU973710	*
H	6758	100	100.0	+	0	0	6I100M424I	GU973710	GU973710
L	25258	564	*	*	*	*	*	GU973704	*
H	25258	100	85.0	+	0	0	16I21MD51M3D24M452I	GU973710	GU973704
L	9234	590	*	*	*	*	*	HQ655813	*
H	9234	100	85.0	+	0	0	13I21MD51M3D24M481I	GU973710	HQ655813
L	6761	582	*	*	*	*	*	GU973626	*
H	6761	100	100.0	+	0	0	45I100M437I	GU973626	GU973626
L	3667	544	*	*	*	*	*	EU888927	*
H	3667	100	98.0	+	0	0	26I100M418I	GU973626	EU888927
H	25258	100	98.0	+	0	0	15I100M449I	GU973626	GU973704
L	6781	517	*	*	*	*	*	GU973820	*
H	6781	100	100.0	+	0	0	100M417I	GU973820	GU973820
L	8858	578	*	*	*	*	*	HQ833659	*
H	8858	100	83.0	+	0	0	17I21M3D9M3D64M467I	GU973820	HQ833659
L	26841	514	*	*	*	*	*	JN030986	*
H	26841	100	83.0	+	0	0	3I21M3D9M3D64M417I	GU973820	JN030986
L	6804	1057	*	*	*	*	*	FN428914	*
H	6804	100	100.0	+	0	0	14I100M943I	FN428914	FN428914
L	17978	2187	*	*	*	*	*	AY313028	*
H	17978	100	98.0	+	0	0	1765I100M322I	FN428914	AY313028
L	9031	477	*	*	*	*	*	AF444396	*
H	9031	100	98.0	+	0	0	11I100M366I	FN428914	AF444396
L	6809	399	*	*	*	*	*	EU343837	*
H	6809	100	100.0	+	0	0	18I100M281I	EU343837	EU343837
L	6848	574	*	*	*	*	*	AF009814	*
H	6848	100	100.0	+	0	0	24I100M450I	AF009814	AF009814
L	28219	516	*	*	*	*	*	AF405304	*
H	28219	100	90.0	+	0	0	26I7M2I15M2D52M2D22M392I	AF009814	AF405304
L	8235	1479	*	*	*	*	*	EU552155	*
H	8235	100	90.0	+	0	0	88I7M2I15M2D52M2D22M1293I	AF009814	EU552155
L	6881	571	*	*	*	*	*	HM222951	*
H	6881	100	100.0	+	0	0	12I100M459I	HM222951	HM222951
L	14935	558	*	*	*	*	*	AB509372	*
H	14935	100	98.0	+	0	0	3I100M455I	HM222951	AB509372
L	6767	573	*	*	*	*	*	GU973750	*
H	6767	100	97.0	+	0	0	6I100M467I	HM222951	GU973750
L	6882	551	*	*	*	*	*	DQ272501	*
H	6882	100	100.0	+	0	0	13I100M438I	DQ272501	DQ272501
L	19655	532	*	*	*	*	*	DQ145732	*
H	19655	100	98.0	+	0	0	11I100M421I	DQ272501	DQ145732
L	10722	580	*	*	*	*	*	GQ139521	*
H	10722	100	97.0	+	0	0	11I100M469I	DQ272501	GQ139521
L	6985	651	*	*	*	*	*	EU696881	*
H	6985	100	100.0	+	0	0	13I100M538I	EU696881	EU696881
L	3152	656	*	*	*	*	*	EU696921	*
H	3152	100	94.0	+	0	0	13I55MI45M542I	EU696881	EU696921
H	28471	100	93.0	+	0	0	115I100M658I	EU696881	JQ711917
L	7040	588	*	*	*	*	*	HM016895	*
H	7040	100	100.0	+	0	0	11I100M477I	HM016895	HM016895
L	9237	563	*	*	*	*	*	DQ491517	*
H	9237	100	100.0	+	0	0	21I100M442I	HM016895	DQ491517
L	25529	501	*	*	*	*	*	HQ829093	*
H	25529	100	86.0	+	0	0	14D86M415I	HM016895	HQ829093
L	7069	528	*	*	*	*	*	HM132880	*
H	7069	100	100.0	+	0	0	100M428I	HM132880	HM132880
L	27973	580	*	*	*	*	*	FJ527876	*
H	27973	100	88.0	+	0	0	9I38MI62M470I	HM132880	FJ527876
L	2961	560	*	*	*	*	*	EU816401	*
H	2961	100	87.0	+	0	0	15I38MI62M444I	HM132880	EU816401
L	7079	1841	*	*	*	*	*	GQ927292	*
H	7079	100	100.0	+	0	0	344I100M1397I	GQ927293	GQ927292
L	7080	1807	*	*	*	*	*	GQ927293	*
H	7080	100	100.0	+	0	0	362I100M1345I	GQ927293	GQ927293
L	7078	1836	*	*	*	*	*	GQ927290	*
H	7078	100	97.0	+	0	0	361I100M1375I	GQ927293	GQ927290
L	7097	841	*	*	*	*	*	GU068592	*
H	7097	100	100.0	+	0	0	13I100M728I	GU068592	GU068592
L	17308	687	*	*	*	*	*	AM269784	*
H	17308	100	89.0	+	0	0	3D97M590I	GU068592	AM269784
L	17306	808	*	*	*	*	*	AM269781	*
H	17306	100	89.0	+	0	0	22I86MD13M687I	GU068592	AM269781
L	23856	586	*	*	*	*	*	EF536027	*
H	23856	100	100.0	+	0	0	10I100M476I	EU076926	EF536027
L	28130	551	*	*	*	*	*	EU076956	*
H	28130	100	100.0	+	0	0	25I100M426I	EU076926	EU076956
L	7272	561	*	*	*	*	*	GU565128	*
H	7272	100	100.0	+	0	0	25I100M436I	EU076926	GU565128
L	7120	856	*	*	*	*	*	JQ711893	*
H	7120	100	100.0	+	0	0	117I100M639I	JQ711893	JQ711893
L	7126	915	*	*	*	*	*	EU218894	*
H	7126	100	100.0	+	0	0	27I100M788I	EU218894	EU218894
L	18460	617	*	*	*	*	*	JF912487	*
H	18460	100	81.0	+	0	0	17D40M2I43M532I	EU218894	JF912487
L	16963	664	*	*	*	*	*	DQ979011	*
H	16963	100	85.0	+	0	0	41I57M5D38M528I	EU218894	DQ979011
L	7153	530	*	*	*	*	*	HM103378	*
H	7153	100	100.0	+	0	0	23I100M407I	HM103378	HM103378
L	22593	716	*	*	*	*	*	FN548146	*
H	22593	100	99.0	+	0	0	138I100M478I	HM103378	FN548146
L	4539	617	*	*	*	*	*	DQ132818	*
H	4539	100	98.0	+	0	0	88I64MD35M430I	HM103378	DQ132818
L	7160	759	*	*	*	*	*	JQ889276	*
H	7160	100	100.0	+	0	0	161I100M498I	JQ889276	JQ889276
L	8529	581	*	*	*	*	*	HQ630974	*
H	8529	100	89.0	+	0	0	50I100M431I	JQ889276	HQ630974
L	23653	726	*	*	*	*	*	JQ889282	*
H	23653	100	89.0	+	0	0	161I100M465I	JQ889276	JQ889282
L	7164	186	*	*	*	*	*	HE655479	*
H	7164	100	100.0	+	0	0	100M86I	HE655479	HE655479
H	25613	100	100.0	+	0	0	155I14MI86M681I	HE655479	EU750686
L	10996	564	*	*	*	*	*	GU183371	*
H	10996	100	100.0	+	0	0	30I14MI86M433I	HE655479	GU183371
L	7182	611	*	*	*	*	*	HM582179	*
H	7182	100	100.0	+	0	0	38I100M473I	HM582179	HM582179
L	26744	581	*	*	*	*	*	HQ699628	*
H	26744	100	89.0	+	0	0	51I100M430I	HM582179	HQ699628
L	26753	622	*	*	*	*	*	HQ699658	*
H	26753	100	86.0	+	0	0	49I100M473I	HM582179	HQ699658
L	7187	538	*	*	*	*	*	FJ000405	*
H	7187	100	100.0	+	0	0	100M438I	FJ000405	FJ000405
H	3098	100	94.0	+	0	0	D99M425I	FJ000405	FJ000366
H	3100	100	92.0	+	0	0	32MD67M431I	FJ000405	FJ000376
L	7205	501	*	*	*	*	*	GU827329	*
H	7205	100	100.0	+	0	0	I100M400I	GU827329	GU827329
L	9799	831	*	*	*	*	*	JF923596	*
H	9799	100	96.0	+	0	0	212I100M519I	GU827329	JF923596
L	9804	827	*	*	*	*	*	JF923608	*
H	9804	100	95.0	+	0	0	230I100M497I	GU827329	JF923608
L	7210	506	*	*	*	*	*	EU514294	*
H	7210	100	100.0	+	0	0	11I100M395I	EU514294	EU514294
L	22698	527	*	*	*	*	*	FJ441662	*
H	22698	100	96.0	+	0	0	37I66MI34M389I	EU514294	FJ441662
L	6079	495	*	*	*	*	*	EU514293	*
H	6079	100	88.0	+	0	0	8D92M403I	EU514294	EU514293
L	7226	613	*	*	*	*	*	AJ419216	*
H	7226	100	100.0	+	0	0	100M513I	AJ419216	AJ419216
L	18821	754	*	*	*	*	*	AY898621	*
H	18821	100	99.0	+	0	0	3I100M651I	AJ419216	AY898621
L	13910	722	*	*	*	*	*	GQ267488	*
H	13910	100	92.0	+	0	0	63I33MD22MD17MD8MD16M563I	AJ419216	GQ267488
L	7233	728	*	*	*	*	*	GU187522	*
H	7233	100	100.0	+	0	0	41I100M587I	GU187522	GU187522
L	7244	653	*	*	*	*	*	HM126486	*
H	7244	100	100.0	+	0	0	4I100M549I	HM126486	HM126486
L	10443	578	*	*	*	*	*	JF907845	*
H	10443	100	96.0	+	0	0	47I8MI7MI85M429I	HM126486	JF907845
L	8292	657	*	*	*	*	*	AB097560	*
H	8292	100	90.0	+	0	0	3I70MI30M553I	HM126486	AB097560
L	7259	485	*	*	*	*	*	FN386289	*
H	7259	100	100.0	+	0	0	100M385I	FN386289	FN386289
L	7260	570	*	*	*	*	*	GU934510	*
H	7260	100	98.0	+	0	0	32I100M438I	FN386289	GU934510
L	17327	906	*	*	*	*	*	EU750690	*
H	17327	100	96.0	+	0	0	124I26MI74M681I	FN386289	EU750690
L	7266	551	*	*	*	*	*	FJ430773	*
H	7266	100	100.0	+	0	0	100M451I	FJ430773	FJ430773
L	7885	546	*	*	*	*	*	HQ166381	*
H	7885	100	99.0	+	0	0	14I100M432I	FJ430773	HQ166381
L	21482	573	*	*	*	*	*	EU551202	*
H	21482	100	99.0	+	0	0	44I100M429I	FJ430773	EU551202
H	23856	100	100.0	+	0	0	10I100M476I	GU565128	EF536027
H	28130	100	100.0	+	0	0	25I100M426I	GU565128	EU076956
H	7272	100	100.0	+	0	0	25I100M436I	GU565128	GU565128
L	7278	502	*	*	*	*	*	GU992336	*
H	7278	100	100.0	+	0	0	100M402I	GU992336	GU992336
L	18359	501	*	*	*	*	*	AY581062	*
H	18359	100	95.0	+	0	0	100M401I	GU992336	AY581062
L	11324	501	*	*	*	*	*	AY581063	*
H	11324	100	95.0	+	0	0	9M2I50MI41M398I	GU992336	AY581063
L	7281	605	*	*	*	*	*	FJ545232	*
H	7281	100	100.0	+	0	0	2I100M503I	FJ545232	FJ545232
L	903	591	*	*	*	*	*	AB298704	*
H	903	100	99.0	+	0	0	11I100M480I	FJ545232	AB298704
L	14532	623	*	*	*	*	*	AB128012	*
H	14532	100	96.0	+	0	0	11I85M5I15M507I	FJ545232	AB128012
L	7285	820	*	*	*	*	*	HM538474	*
H	7285	100	100.0	+	0	0	238I100M482I	HM538474	HM538474
L	25796	626	*	*	*	*	*	HM538470	*
H	25796	100	98.0	+	0	0	161I100M365I	HM538474	HM538470
L	25801	625	*	*	*	*	*	HM538571	*
H	25801	100	98.0	+	0	0	39I100M486I	HM538474	HM538571
H	25801	100	100.0	+	0	0	39I100M486I	HM538478	HM538571
L	7288	719	*	*	*	*	*	HM538478	*
H	7288	100	100.0	+	0	0	180I100M439I	HM538478	HM538478
H	25796	100	100.0	+	0	0	161I100M365I	HM538478	HM538470
L	7289	619	*	*	*	*	*	HM538479	*
H	7289	100	100.0	+	0	0	31I100M488I	EU365847	HM538479
L	1984	656	*	*	*	*	*	EU365846	*
H	1984	100	100.0	+	0	0	49I100M507I	EU365847	EU365846
L	7295	614	*	*	*	*	*	EU365847	*
H	7295	100	100.0	+	0	0	50I100M464I	EU365847	EU365847
L	7329	714	*	*	*	*	*	AY263428	*
H	7329	100	100.0	+	0	0	I100M613I	AY263428	AY263428
L	7439	733	*	*	*	*	*	AF505764	*
H	7439	100	99.0	+	0	0	I100M632I	AY263428	AF505764
H	7330	100	95.0	+	0	0	I6MD93M599I	AY263428	AY263431
L	7331	765	*	*	*	*	*	AY263434	*
H	7331	100	100.0	+	0	0	14I100M651I	AY263434	AY263434
H	7439	100	88.0	+	0	0	2I100M631I	AY263434	AF505764
H	7329	100	86.0	+	0	0	2I100M612I	AY263434	AY263428
L	7336	2976	*	*	*	*	*	AY256855	*
H	7336	100	100.0	+	0	0	2421I100M455I	AY256855	AY256855
L	20082	1112	*	*	*	*	*	DQ981400	*
H	20082	100	88.0	+	0	0	12D88M1024I	AY256855	DQ981400
L	18102	610	*	*	*	*	*	AY373919	*
H	18102	100	97.0	+	0	0	11I35MI65M498I	AY256855	AY373919
L	7344	497	*	*	*	*	*	FN435732	*
H	7344	100	100.0	+	0	0	100M397I	FN435732	FN435732
L	2698	506	*	*	*	*	*	FJ884096	*
H	2698	100	97.0	+	0	0	5I64MI9MI10M2I17M397I	FN435732	FJ884096
L	21832	528	*	*	*	*	*	EU781677	*
H	21832	100	94.0	+	0	0	30I37MD25MI10MI27M397I	FN435732	EU781677
L	7418	664	*	*	*	*	*	AF501548	*
H	7418	100	100.0	+	0	0	100M564I	AF501548	AF501548
L	17665	310	*	*	*	*	*	AY129344	*
H	17665	100	99.0	+	0	0	25I79MD20M186I	AF501548	AY129344
L	27717	624	*	*	*	*	*	JN021026	*
H	27717	100	88.0	+	0	0	11D68MD20M536I	AF501548	JN021026
L	7422	480	*	*	*	*	*	AF501564	*
H	7422	100	100.0	+	0	0	100M380I	AF501564	AF501564
L	26799	710	*	*	*	*	*	HQ827182	*
H	26799	100	95.0	+	0	0	196I53MD46M415I	AF501564	HQ827182
L	9787	727	*	*	*	*	*	AY280988	*
H	9787	100	92.0	+	0	0	206I22M2I12MD65M420I	AF501564	AY280988
L	7428	793	*	*	*	*	*	AF505747	*
H	7428	100	100.0	+	0	0	I100M692I	AF505747	AF505747
L	17935	815	*	*	*	*	*	AY263452	*
H	17935	100	87.0	+	0	0	11I62M5I38M699I	AF505747	AY263452
L	7430	748	*	*	*	*	*	AF505749	*
H	7430	100	100.0	+	0	0	3I100M645I	AF505749	AF505749
L	7432	724	*	*	*	*	*	AF505754	*
H	7432	100	100.0	+	0	0	I100M623I	AF505754	AF505754
L	7440	780	*	*	*	*	*	AF505766	*
H	7440	100	100.0	+	0	0	I100M679I	AF505766	AF505766
H	7445	100	100.0	+	0	0	I100M666I	AF505772	AF505772
L	8915	1647	*	*	*	*	*	AY256710	*
H	8915	100	89.0	+	0	0	3I28MI8M4I20M2I17M2I27M1535I	AF505772	AY256710
H	7330	100	88.0	+	0	0	I33MD43MD22M600I	AF505772	AY263431
L	7482	545	*	*	*	*	*	HM997126	*
H	7482	100	100.0	+	0	0	100M445I	HM997126	HM997126
L	14309	592	*	*	*	*	*	GU290228	*
H	14309	100	90.0	+	0	0	12I21MI79M479I	HM997126	GU290228
L	7618	581	*	*	*	*	*	FJ210542	*
H	7618	100	91.0	+	0	0	41I23M2I13M3D61M441I	HM997126	FJ210542
L	7503	552	*	*	*	*	*	HQ157155	*
H	7503	100	100.0	+	0	0	100M452I	HQ157155	HQ157155
H	6005	100	85.0	+	0	0	7D93M441I	HQ157155	FJ889449
H	28012	100	92.0	+	0	0	17I82MD17M442I	HQ157155	JN564476
L	7525	585	*	*	*	*	*	EU343861	*
H	7525	100	100.0	+	0	0	4I100M481I	EU343861	EU343861
L	28129	2961	*	*	*	*	*	GQ458041	*
H	28129	100	98.0	+	0	0	1739I100M1122I	EU343861	GQ458041
L	25215	460	*	*	*	*	*	FJ861384	*
H	25215	100	98.0	+	0	0	45I100M315I	EU343861	FJ861384
L	7526	333	*	*	*	*	*	DQ325461	*
H	7526	100	100.0	+	0	0	100M233I	DQ325461	DQ325461
L	12511	354	*	*	*	*	*	DQ681363	*
H	12511	100	94.0	+	0	0	21I100M233I	DQ325461	DQ681363
L	27945	589	*	*	*	*	*	JN227080	*
H	27945	100	92.0	+	0	0	303I35M2D63M188I	DQ325461	JN227080
L	7530	533	*	*	*	*	*	HM583842	*
H	7530	100	100.0	+	0	0	2I100M431I	HM583842	HM583842
L	23839	667	*	*	*	*	*	AY599566	*
H	23839	100	87.0	+	0	0	38I49M2D31MD6M2D9M534I	HM583842	AY599566
L	16676	678	*	*	*	*	*	AJ006665	*
H	16676	100	87.0	+	0	0	37I47MD43MD8M543I	HM583842	AJ006665
L	7538	352	*	*	*	*	*	HQ117933	*
H	7538	100	100.0	+	0	0	100M252I	HQ117933	HQ117933
L	7552	636	*	*	*	*	*	GQ267499	*
H	7552	100	100.0	+	0	0	49I100M487I	GQ267499	GQ267499
L	24664	597	*	*	*	*	*	DQ069000	*
H	24664	100	100.0	+	0	0	11I100M486I	GQ267499	DQ069000
L	25028	279	*	*	*	*	*	U38637	*
H	25028	100	100.0	+	0	0	88I100M91I	GQ267499	U38637
L	7559	627	*	*	*	*	*	GU234022	*
H	7559	100	100.0	+	0	0	11I100M516I	GU234022	GU234022
L	7590	790	*	*	*	*	*	GU234141	*
H	7590	100	91.0	+	0	0	29I5MD10M2D19MD62M665I	GU234022	GU234141
L	7447	746	*	*	*	*	*	AF505780	*
H	7447	100	80.0	+	0	0	35M2I38M3I27M641I	GU234022	AF505780
L	7593	578	*	*	*	*	*	AM946516	*
H	7593	100	100.0	+	0	0	100M478I	AM946516	AM946516
L	29104	578	*	*	*	*	*	AM946517	*
H	29104	100	100.0	+	0	0	100M478I	AM946516	AM946517
L	29161	576	*	*	*	*	*	AM946511	*
H	29161	100	97.0	+	0	0	100M476I	AM946516	AM946511
L	24328	601	*	*	*	*	*	FN868481	*
H	24328	100	100.0	+	0	0	49I100M452I	HM467685	FN868481
L	7608	552	*	*	*	*	*	HM467652	*
H	7608	100	100.0	+	0	0	13I100M439I	HM467685	HM467652
L	7613	558	*	*	*	*	*	HM467690	*
H	7613	100	100.0	+	0	0	13I100M445I	HM467685	HM467690
L	7640	777	*	*	*	*	*	HQ170519	*
H	7640	100	100.0	+	0	0	5I100M672I	HQ170519	HQ170519
L	18588	751	*	*	*	*	*	AY740071	*
H	18588	100	91.0	+	0	0	2D28M6D64M659I	HQ170519	AY740071
L	18015	720	*	*	*	*	*	AY344969	*
H	18015	100	88.0	+	0	0	4D26M5D42MI8M2I15M626I	HQ170519	AY344969
H	7665	100	100.0	+	0	0	4I100M426I	HQ022487	HQ022487
L	10015	590	*	*	*	*	*	JN198453	*
H	10015	100	91.0	+	0	0	10I100M480I	HQ022487	JN198453
L	16531	688	*	*	*	*	*	HQ339880	*
H	16531	100	98.0	+	0	0	145I9MI91M442I	HQ022487	HQ339880
L	7680	583	*	*	*	*	*	FJ639133	*
H	7680	100	100.0	+	0	0	100M483I	FJ639133	FJ639133
L	7683	585	*	*	*	*	*	GU137887	*
H	7683	100	95.0	+	0	0	35MD64M486I	FJ639133	GU137887
L	7681	579	*	*	*	*	*	GU137891	*
H	7681	100	92.0	+	0	0	4D31MD64M484I	FJ639133	GU137891
L	22113	313	*	*	*	*	*	EU833204	*
H	22113	100	100.0	+	0	0	20I100M193I	FJ489612	EU833204
L	7689	535	*	*	*	*	*	FJ489612	*
H	7689	100	100.0	+	0	0	100M435I	FJ489612	FJ489612
L	21406	1436	*	*	*	*	*	EU514698	*
H	21406	100	99.0	+	0	0	2I100M1334I	FJ489612	EU514698
L	7737	303	*	*	*	*	*	AY558746	*
H	7737	100	100.0	+	0	0	100M203I	AY558746	AY558746
L	29096	657	*	*	*	*	*	AM930987	*
H	29096	100	99.0	+	0	0	100M557I	AY558746	AM930987
L	19240	687	*	*	*	*	*	EF460365	*
H	19240	100	99.0	+	0	0	25I100M562I	AY558746	EF460365
L	7743	688	*	*	*	*	*	AJ272416	*
H	7743	100	100.0	+	0	0	17I100M571I	AJ272416	AJ272416
L	18378	685	*	*	*	*	*	GU222326	*
H	18378	100	99.0	+	0	0	39I100M546I	AJ272416	GU222326
L	16946	275	*	*	*	*	*	AJ416957	*
H	16946	100	99.0	+	0	0	49I100M126I	AJ272416	AJ416957
L	7759	544	*	*	*	*	*	HM770996	*
H	7759	100	100.0	+	0	0	100M444I	HM770996	HM770996
L	7670	537	*	*	*	*	*	HM214453	*
H	7670	100	88.0	+	0	0	14I62MD37M424I	HM770996	HM214453
L	25222	534	*	*	*	*	*	FJ903317	*
H	25222	100	88.0	+	0	0	50I62MD37M385I	HM770996	FJ903317
L	7791	703	*	*	*	*	*	HM856641	*
H	7791	100	100.0	+	0	0	34I100M569I	HM856641	HM856641
L	17664	311	*	*	*	*	*	AY129348	*
H	17664	100	92.0	+	0	0	22I100M189I	HM856641	AY129348
L	17670	673	*	*	*	*	*	AY281007	*
H	17670	100	93.0	+	0	0	50I100M523I	HM856641	AY281007
L	7792	649	*	*	*	*	*	GQ924691	*
H	7792	100	100.0	+	0	0	15I100M534I	GQ924691	GQ924691
L	27428	612	*	*	*	*	*	JF834366	*
H	27428	100	89.0	+	0	0	8D92M520I	GQ924691	JF834366
H	20064	100	88.0	+	0	0	9D91M557I	GQ924691	DQ974761
L	7796	780	*	*	*	*	*	HM190068	*
H	7796	100	100.0	+	0	0	49I100M631I	HM190068	HM190068
L	16235	1657	*	*	*	*	*	AF402140	*
H	16235	100	99.0	+	0	0	32I6MI94M1524I	HM190068	AF402140
H	251	100	94.0	+	0	0	12I35MI8MI57M751I	HM190068	DQ822793
L	28769	871	*	*	*	*	*	UDB000481	*
H	28769	100	100.0	+	0	0	14I100M757I	AJ889931	UDB000481
L	7797	872	*	*	*	*	*	AJ889931	*
H	7797	100	100.0	+	0	0	28I100M744I	AJ889931	AJ889931
L	28770	833	*	*	*	*	*	UDB000482	*
H	28770	100	96.0	+	0	0	D99M734I	AJ889931	UDB000482
L	7814	644	*	*	*	*	*	HQ318229	*
H	7814	100	100.0	+	0	0	37I100M507I	HQ318229	HQ318229
L	7813	659	*	*	*	*	*	AB458891	*
H	7813	100	94.0	+	0	0	27I57M3I43M529I	HQ318229	AB458891
L	26252	615	*	*	*	*	*	HQ318252	*
H	26252	100	94.0	+	0	0	31I56M6I44M478I	HQ318229	HQ318252
L	7816	665	*	*	*	*	*	HQ318247	*
H	7816	100	100.0	+	0	0	37I100M528I	HQ318247	HQ318247
L	26254	664	*	*	*	*	*	HQ318269	*
H	26254	100	96.0	+	0	0	38I61MD38M527I	HQ318247	HQ318269
L	7815	663	*	*	*	*	*	HQ318232	*
H	7815	100	95.0	+	0	0	37I61MD38M527I	HQ318247	HQ318232
L	7830	456	*	*	*	*	*	FN394722	*
H	7830	100	100.0	+	0	0	100M356I	FN394722	FN394722
L	1976	456	*	*	*	*	*	AM921705	*
H	1976	100	94.0	+	0	0	100M356I	FN394722	AM921705
L	704	535	*	*	*	*	*	EF191235	*
H	704	100	89.0	+	0	0	22I76M3I24M410I	FN394722	EF191235
L	7846	667	*	*	*	*	*	HM562103	*
H	7846	100	100.0	+	0	0	17I100M550I	HM562103	HM562103
L	29171	1259	*	*	*	*	*	EU486448	*
H	29171	100	97.0	+	0	0	9I73M2I27M1148I	HM562103	EU486448
L	10569	620	*	*	*	*	*	HM562135	*
H	10569	100	96.0	+	0	0	3D70M2I27M521I	HM562103	HM562135
L	7854	682	*	*	*	*	*	HM562161	*
H	7854	100	100.0	+	0	0	17I100M565I	HM562161	HM562161
L	1050	1243	*	*	*	*	*	EF530926	*
H	1050	100	87.0	+	0	0	4I8MD19MD25M5D33M3I8M1143I	HM562161	EF530926
L	6377	689	*	*	*	*	*	GU551943	*
H	6377	100	90.0	+	0	0	10I25MD28MD23MD21M582I	HM562161	GU551943
L	7861	389	*	*	*	*	*	AM286682	*
H	7861	100	100.0	+	0	0	100M289I	AM286682	AM286682
L	25823	685	*	*	*	*	*	HM562195	*
H	25823	100	93.0	+	0	0	21I30M2I64M4I6M558I	AM286682	HM562195
H	4656	100	88.0	+	0	0	40I9MD19MI35MD35M527I	AM286682	FJ375254
L	7884	515	*	*	*	*	*	HQ166380	*
H	7884	100	100.0	+	0	0	7I100M408I	HQ166380	HQ166380
L	11359	572	*	*	*	*	*	EU255794	*
H	11359	100	99.0	+	0	0	20I100M452I	HQ166380	EU255794
L	20666	580	*	*	*	*	*	EU255793	*
H	20666	100	99.0	+	0	0	19I100M461I	HQ166380	EU255793
L	7914	578	*	*	*	*	*	HQ283076	*
H	7914	100	100.0	+	0	0	49I100M429I	HQ283076	HQ283076
L	8482	535	*	*	*	*	*	AY265326	*
H	8482	100	90.0	+	0	0	11I58MD41M425I	HQ283076	AY265326
L	8481	534	*	*	*	*	*	AY265321	*
H	8481	100	91.0	+	0	0	11I56M2D42M425I	HQ283076	AY265321
L	13602	775	*	*	*	*	*	DQ178645	*
H	13602	100	100.0	+	0	0	40I100M635I	HQ832804	DQ178645
L	11316	752	*	*	*	*	*	AY641557	*
H	11316	100	100.0	+	0	0	11I100M641I	HQ832804	AY641557
L	7923	805	*	*	*	*	*	HQ832804	*
H	7923	100	100.0	+	0	0	36I100M669I	HQ832804	HQ832804
L	7931	868	*	*	*	*	*	JQ711984	*
H	7931	100	100.0	+	0	0	117I100M651I	JQ711984	JQ711984
L	14225	1874	*	*	*	*	*	DQ469288	*
H	14225	100	95.0	+	0	0	34I22MD62MI15M1740I	JQ711984	DQ469288
L	28935	1944	*	*	*	*	*	DQ469291	*
H	28935	100	92.0	+	0	0	107I22MD77M1738I	JQ711984	DQ469291
L	4183	685	*	*	*	*	*	FJ609264	*
H	4183	100	100.0	+	0	0	12I100M573I	FJ609268	FJ609264
L	7946	723	*	*	*	*	*	FJ609268	*
H	7946	100	100.0	+	0	0	50I100M573I	FJ609268	FJ609268
L	16121	600	*	*	*	*	*	AF357041	*
H	16121	100	95.0	+	0	0	10I82M3I18M487I	FJ609268	AF357041
L	7952	600	*	*	*	*	*	AB025694	*
H	7952	100	100.0	+	0	0	100M500I	AB025694	AB025694
L	10818	615	*	*	*	*	*	DQ317636	*
H	10818	100	81.0	+	0	0	10I77M12I23M493I	AB025694	DQ317636
L	10819	643	*	*	*	*	*	DQ317635	*
H	10819	100	83.0	+	0	0	9I35MD42M30I22M505I	AB025694	DQ317635
L	4457	572	*	*	*	*	*	FJ770077	*
H	4457	100	100.0	+	0	0	11I100M461I	HQ316566	FJ770077
L	7978	553	*	*	*	*	*	HQ316566	*
H	7978	100	100.0	+	0	0	50I100M403I	HQ316566	HQ316566
L	7985	1801	*	*	*	*	*	AF539471	*
H	7985	100	100.0	+	0	0	100M1701I	AF539471	AF539471
L	17847	1798	*	*	*	*	*	AY225489	*
H	17847	100	91.0	+	0	0	100M1698I	AF539471	AY225489
L	17848	1808	*	*	*	*	*	AY225493	*
H	17848	100	82.0	+	0	0	100M1708I	AF539471	AY225493
L	8028	978	*	*	*	*	*	FN669198	*
H	8028	100	100.0	+	0	0	100M878I	FN669198	FN669198
L	1262	672	*	*	*	*	*	EU784214	*
H	1262	100	99.0	+	0	0	46I100M526I	FN669198	EU784214
L	21987	693	*	*	*	*	*	EU784216	*
H	21987	100	97.0	+	0	0	43I100M550I	FN669198	EU784216
L	8032	920	*	*	*	*	*	FN669232	*
H	8032	100	100.0	+	0	0	100M820I	FN669232	FN669232
L	8042	293	*	*	*	*	*	FN669175	*
H	8042	100	100.0	+	0	0	100M193I	FN669175	FN669175
L	23490	970	*	*	*	*	*	FN669173	*
H	23490	100	80.0	+	0	0	7MI13MI21M6D53M874I	FN669175	FN669173
L	27949	1617	*	*	*	*	*	JN228224	*
H	27949	100	82.0	+	0	0	46I7MI13MI25MI32MI9M2I14M1465I	FN669175	JN228224
H	8073	100	100.0	+	0	0	492I100M454I	HQ449702	HQ449702
H	8682	100	100.0	+	0	0	35I100M474I	HQ449702	GU002301
H	1562	100	98.0	+	0	0	435I100M470I	HQ449702	EU123800
L	8104	1112	*	*	*	*	*	FJ904683	*
H	8104	100	100.0	+	0	0	100M1012I	FJ904683	FJ904683
L	23458	1114	*	*	*	*	*	FJ904675	*
H	23458	100	92.0	+	0	0	70MD29M1015I	FJ904683	FJ904675
L	5677	1117	*	*	*	*	*	FJ904677	*
H	5677	100	86.0	+	0	0	D99M1018I	FJ904683	FJ904677
L	8179	588	*	*	*	*	*	HQ608055	*
H	8179	100	100.0	+	0	0	35I100M453I	HQ608055	HQ608055
L	26927	563	*	*	*	*	*	AY729073	*
H	26927	100	96.0	+	0	0	27I59MI41M435I	HQ608055	AY729073
L	20446	1991	*	*	*	*	*	EF397557	*
H	20446	100	96.0	+	0	0	1771I55MI21M2I24M117I	HQ608055	EF397557
L	8186	766	*	*	*	*	*	HQ608135	*
H	8186	100	100.0	+	0	0	35I100M631I	HQ608135	HQ608135
L	9435	729	*	*	*	*	*	JF514539	*
H	9435	100	99.0	+	0	0	13I86MI14M615I	HQ608135	JF514539
L	27209	714	*	*	*	*	*	HM488742	*
H	27209	100	99.0	+	0	0	4I86MI14M609I	HQ608135	HM488742
L	8206	293	*	*	*	*	*	HM639267	*
H	8206	100	100.0	+	0	0	50I100M143I	HM639267	HM639267
L	24653	689	*	*	*	*	*	AJ547881	*
H	24653	100	85.0	+	0	0	14D86M603I	HM639267	AJ547881
L	6285	568	*	*	*	*	*	AJ547871	*
H	6285	100	85.0	+	0	0	14D86M482I	HM639267	AJ547871
L	8218	593	*	*	*	*	*	AF511443	*
H	8218	100	100.0	+	0	0	100M493I	AF511443	AF511443
L	8217	663	*	*	*	*	*	EU486443	*
H	8217	100	94.0	+	0	0	28I100M535I	AF511443	EU486443
L	9545	1040	*	*	*	*	*	AF516568	*
H	9545	100	87.0	+	0	0	335I45M3I55M602I	AF511443	AF516568
L	8230	763	*	*	*	*	*	FR687328	*
H	8230	100	100.0	+	0	0	36I100M627I	FR687328	FR687328
L	8233	694	*	*	*	*	*	EU182902	*
H	8233	100	81.0	+	0	0	16D84M610I	FR687328	EU182902
L	8232	755	*	*	*	*	*	FR687330	*
H	8232	100	86.0	+	0	0	36I56MD43M620I	FR687328	FR687330
L	8247	1192	*	*	*	*	*	AY669668	*
H	8247	100	100.0	+	0	0	100M1092I	AY669668	AY669668
L	17963	487	*	*	*	*	*	EU444551	*
H	17963	100	99.0	+	0	0	58MI42M386I	AY669668	EU444551
L	5183	1182	*	*	*	*	*	FJ039571	*
H	5183	100	99.0	+	0	0	20I59MI41M1061I	AY669668	FJ039571
L	8279	593	*	*	*	*	*	HQ215832	*
H	8279	100	100.0	+	0	0	100M493I	HQ215832	HQ215832
L	26172	600	*	*	*	*	*	HQ215830	*
H	26172	100	93.0	+	0	0	47M7I53M493I	HQ215832	HQ215830
L	26173	601	*	*	*	*	*	HQ215831	*
H	26173	100	97.0	+	0	0	47M7I53M494I	HQ215832	HQ215831
H	8292	100	100.0	+	0	0	3I100M554I	AB097560	AB097560
L	14436	711	*	*	*	*	*	AB071793	*
H	14436	100	88.0	+	0	0	35I69MD30M577I	AB097560	AB071793
L	28289	717	*	*	*	*	*	JN943128	*
H	28289	100	93.0	+	0	0	41I5MI64MD30M576I	AB097560	JN943128
L	8293	718	*	*	*	*	*	AB071799	*
H	8293	100	100.0	+	0	0	35I100M583I	AB071799	AB071799
H	28289	100	98.0	+	0	0	41I100M576I	AB071799	JN943128
L	8294	719	*	*	*	*	*	AB097564	*
H	8294	100	97.0	+	0	0	35I100M584I	AB071799	AB097564
L	8303	445	*	*	*	*	*	HQ413281	*
H	8303	100	100.0	+	0	0	202I100M143I	HQ413281	HQ413281
L	20242	267	*	*	*	*	*	EF093197	*
H	20242	100	89.0	+	0	0	9D91M176I	HQ413281	EF093197
L	20244	909	*	*	*	*	*	EF093257	*
H	20244	100	84.0	+	0	0	630I23M3I77M176I	HQ413281	EF093257
L	8311	676	*	*	*	*	*	HQ533010	*
H	8311	100	100.0	+	0	0	39I100M537I	HQ533010	HQ533010
L	26797	675	*	*	*	*	*	HQ827176	*
H	26797	100	97.0	+	0	0	38I100M537I	HQ533010	HQ827176
L	26814	700	*	*	*	*	*	HQ832454	*
H	26814	100	94.0	+	0	0	38I100M562I	HQ533010	HQ832454
H	511	100	100.0	+	0	0	98I100M328I	FJ861408	AB539734
H	8357	100	100.0	+	0	0	63I100M321I	FJ861408	FJ861408
H	7553	100	100.0	+	0	0	166I100M284I	FJ861408	GU067744
L	8361	761	*	*	*	*	*	HQ260336	*
H	8361	100	100.0	+	0	0	14I100M647I	HQ260336	HQ260336
L	8366	553	*	*	*	*	*	HQ287333	*
H	8366	100	100.0	+	0	0	86I100M367I	HQ287333	HQ287333
L	8362	761	*	*	*	*	*	HQ287329	*
H	8362	100	99.0	+	0	0	223I100M438I	HQ287333	HQ287329
L	8369	705	*	*	*	*	*	HQ287349	*
H	8369	100	98.0	+	0	0	166I100M439I	HQ287333	HQ287349
L	8382	1329	*	*	*	*	*	HQ604214	*
H	8382	100	100.0	+	0	0	38I100M1191I	HQ604214	HQ604214
L	8384	1326	*	*	*	*	*	HQ604216	*
H	8384	100	92.0	+	0	0	35I100M1191I	HQ604214	HQ604216
L	26491	1344	*	*	*	*	*	HQ604517	*
H	26491	100	92.0	+	0	0	35I51MI49M1208I	HQ604214	HQ604517
H	8404	100	100.0	+	0	0	38I100M1215I	HQ604625	HQ604625
H	7749	100	84.0	+	0	0	10I54M9D37M552I	HQ604625	HQ215782
L	10434	677	*	*	*	*	*	JF907830	*
H	10434	100	82.0	+	0	0	2D52M7D39M586I	HQ604625	JF907830
L	8430	745	*	*	*	*	*	GQ250406	*
H	8430	100	100.0	+	0	0	100M645I	GQ250406	GQ250406
L	14486	687	*	*	*	*	*	EU525997	*
H	14486	100	97.0	+	0	0	44I35M2I20M4I23M2I22M535I	GQ250406	EU525997
L	8207	283	*	*	*	*	*	HM639271	*
H	8207	100	91.0	+	0	0	21I100M162I	GQ250406	HM639271
L	8436	750	*	*	*	*	*	HQ589217	*
H	8436	100	100.0	+	0	0	25I100M625I	HQ589217	HQ589217
L	3688	813	*	*	*	*	*	FJ860053	*
H	3688	100	95.0	+	0	0	11I16MI15MD68M702I	HQ589217	FJ860053
H	17306	100	92.0	+	0	0	23I16MI15MD11MD42MD13M687I	HQ589217	AM269781
L	9626	455	*	*	*	*	*	AM981247	*
H	9626	47	100.0	+	0	0	69I47M339I	DQ406795	AM981247
L	9624	543	*	*	*	*	*	FJ903373	*
H	9624	47	100.0	+	0	0	257I47M239I	DQ406795	FJ903373
L	16833	483	*	*	*	*	*	AJ293879	*
H	16833	47	100.0	+	0	0	127I47M309I	DQ406795	AJ293879
L	8448	430	*	*	*	*	*	AY100658	*
H	8448	100	100.0	+	0	0	100M330I	AY100658	AY100658
L	27062	749	*	*	*	*	*	JF332166	*
H	27062	100	90.0	+	0	0	262I12MD11M2D74M390I	AY100658	JF332166
L	5961	910	*	*	*	*	*	GU138702	*
H	5961	100	87.0	+	0	0	465I17M3D47M2D31M350I	AY100658	GU138702
L	8466	464	*	*	*	*	*	HM485409	*
H	8466	100	100.0	+	0	0	100M364I	HM485409	HM485409
L	24093	572	*	*	*	*	*	AY830855	*
H	24093	100	96.0	+	0	0	50I38M2I62M420I	HM485409	AY830855
L	24219	760	*	*	*	*	*	GQ379727	*
H	24219	100	96.0	+	0	0	35I38M2I62M623I	HM485409	GQ379727
L	8470	470	*	*	*	*	*	HM485428	*
H	8470	98	100.0	+	0	0	207I98M165I	HM485428	HM485428
L	8475	1297	*	*	*	*	*	DQ167569	*
H	8475	100	100.0	+	0	0	100M1197I	DQ167569	DQ167569
L	29375	678	*	*	*	*	*	AY046192	*
H	29375	100	100.0	+	0	0	4I100M574I	DQ167569	AY046192
L	8489	623	*	*	*	*	*	AY265335	*
H	8489	100	100.0	+	0	0	11I100M512I	AY265335	AY265335
L	8488	618	*	*	*	*	*	AY265334	*
H	8488	100	80.0	+	0	0	11I41MI59M506I	AY265335	AY265334
L	8548	512	*	*	*	*	*	EU254963	*
H	8548	100	100.0	+	0	0	100M412I	EU254963	EU254963
L	2167	520	*	*	*	*	*	EU199190	*
H	2167	100	98.0	+	0	0	100M420I	EU254963	EU199190
L	2335	501	*	*	*	*	*	EU254988	*
H	2335	100	97.0	+	0	0	100M401I	EU254963	EU254988
L	8583	546	*	*	*	*	*	EF641875	*
H	8583	100	100.0	+	0	0	100M446I	EF641875	EF641875
L	14335	614	*	*	*	*	*	FJ810138	*
H	14335	100	99.0	+	0	0	43I100M471I	EF641875	FJ810138
L	13009	262	*	*	*	*	*	AY943967	*
H	13009	100	99.0	+	0	0	19I100M143I	EF641875	AY943967
L	8910	403	*	*	*	*	*	FR822984	*
H	8910	100	100.0	+	0	0	11I100M292I	HQ660503	FR822984
L	8590	262	*	*	*	*	*	HQ660503	*
H	8590	100	100.0	+	0	0	12I100M150I	HQ660503	HQ660503
H	13431	100	99.0	+	0	0	36I100M491I	HQ660503	EU280109
L	8592	597	*	*	*	*	*	AY513227	*
H	8592	100	100.0	+	0	0	100M497I	AY513227	AY513227
L	23338	599	*	*	*	*	*	FJ869342	*
H	23338	100	95.0	+	0	0	51MI35MI14M497I	AY513227	FJ869342
L	18233	614	*	*	*	*	*	AY513225	*
H	18233	100	93.0	+	0	0	51M4I49M510I	AY513227	AY513225
L	8597	588	*	*	*	*	*	AY046208	*
H	8597	100	100.0	+	0	0	100M488I	AY046208	AY046208
L	3347	632	*	*	*	*	*	GQ340441	*
H	3347	100	88.0	+	0	0	5D19MD75M538I	AY046208	GQ340441
L	22353	1265	*	*	*	*	*	GQ411403	*
H	22353	100	95.0	+	0	0	26I85MI15M1138I	AY046208	GQ411403
L	8632	596	*	*	*	*	*	HQ676138	*
H	8632	100	100.0	+	0	0	13I100M483I	HQ676138	HQ676138
L	8630	606	*	*	*	*	*	HQ676142	*
H	8630	100	96.0	+	0	0	13I100M493I	HQ676138	HQ676142
L	3049	593	*	*	*	*	*	EU840673	*
H	3049	100	93.0	+	0	0	12I100M481I	HQ676138	EU840673
L	8654	593	*	*	*	*	*	HQ650728	*
H	8654	100	100.0	+	0	0	5I100M488I	HQ650728	HQ650728
L	2907	503	*	*	*	*	*	EU834202	*
H	2907	100	89.0	+	0	0	6D18MI76M408I	HQ650728	EU834202
L	11814	1247	*	*	*	*	*	FJ627035	*
H	11814	100	85.0	+	0	0	5I26MD27M3I14M2I13M2I19M1136I	HQ650728	FJ627035
L	8655	549	*	*	*	*	*	HQ650731	*
H	8655	100	100.0	+	0	0	6I100M443I	HQ650731	HQ650731
L	27309	628	*	*	*	*	*	JF713080	*
H	27309	100	82.0	+	0	0	37I44M11I15MD40M481I	HQ650731	JF713080
L	27878	624	*	*	*	*	*	JN182921	*
H	27878	100	81.0	+	0	0	16I44M11I13MD42M498I	HQ650731	JN182921
L	8679	1960	*	*	*	*	*	HQ599431	*
H	8679	100	100.0	+	0	0	150I100M1710I	HQ599431	HQ599431
L	26449	1754	*	*	*	*	*	HQ599391	*
H	26449	100	80.0	+	0	0	150I22MI11M3D31M2D31M1508I	HQ599431	HQ599391
L	8680	583	*	*	*	*	*	AB609598	*
H	8680	100	100.0	+	0	0	100M483I	AB609598	AB609598
L	10218	557	*	*	*	*	*	JF263541	*
H	10218	100	100.0	+	0	0	17I100M440I	AB609598	JF263541
L	8681	597	*	*	*	*	*	HQ149045	*
H	8681	100	100.0	+	0	0	49I100M448I	HQ149045	HQ149045
L	17704	486	*	*	*	*	*	AY173386	*
H	17704	100	93.0	+	0	0	2D22MD75M389I	HQ149045	AY173386
L	14671	488	*	*	*	*	*	AY173374	*
H	14671	100	93.0	+	0	0	2D98M390I	HQ149045	AY173374
L	8689	461	*	*	*	*	*	HQ450008	*
H	8689	100	100.0	+	0	0	100M361I	HQ450008	HQ450008
L	8700	651	*	*	*	*	*	EU833649	*
H	8700	100	100.0	+	0	0	100M551I	EU833649	EU833649
L	3645	743	*	*	*	*	*	EU833654	*
H	3645	100	97.0	+	0	0	25I7MI93M617I	EU833649	EU833654
L	3646	732	*	*	*	*	*	EU833666	*
H	3646	100	96.0	+	0	0	22I7MI93M609I	EU833649	EU833666
L	8739	646	*	*	*	*	*	HQ888729	*
H	8739	100	100.0	+	0	0	12I100M534I	HQ888729	HQ888729
L	8735	727	*	*	*	*	*	HQ888724	*
H	8735	100	88.0	+	0	0	51I49M7I7M4I44M565I	HQ888729	HQ888724
L	8732	689	*	*	*	*	*	HQ888720	*
H	8732	100	81.0	+	0	0	39I47MD52M551I	HQ888729	HQ888720
L	8740	722	*	*	*	*	*	HQ888731	*
H	8740	100	100.0	+	0	0	52I100M570I	HQ888731	HQ888731
L	8741	730	*	*	*	*	*	HQ888732	*
H	8741	100	91.0	+	0	0	54I42MD43M5I14M572I	HQ888731	HQ888732
L	8744	731	*	*	*	*	*	HQ888736	*
H	8744	100	85.0	+	0	0	39I42MI14MI17M9I27M581I	HQ888731	HQ888736
L	8743	706	*	*	*	*	*	HQ888735	*
H	8743	100	100.0	+	0	0	39I100M567I	HQ888735	HQ888735
L	8745	526	*	*	*	*	*	HQ888737	*
H	8745	100	99.0	+	0	0	9I33MI5M6I62M410I	HQ888735	HQ888737
H	8744	100	92.0	+	0	0	39I40M3I43M2I17M587I	HQ888735	HQ888736
L	8747	575	*	*	*	*	*	DQ836183	*
H	8747	100	100.0	+	0	0	2I100M473I	DQ836183	DQ836183
L	8753	1531	*	*	*	*	*	HM534893	*
H	8753	100	100.0	+	0	0	132I100M1299I	HM534893	HM534893
L	25736	594	*	*	*	*	*	HM484543	*
H	25736	100	85.0	+	0	0	15D85M509I	HM534893	HM484543
L	8752	1121	*	*	*	*	*	EU715616	*
H	8752	100	95.0	+	0	0	14I56M3I30M4I14M1000I	HM534893	EU715616
L	8775	747	*	*	*	*	*	AB113010	*
H	8775	100	100.0	+	0	0	13I100M634I	AB113010	AB113010
L	8836	874	*	*	*	*	*	HM999967	*
H	8836	100	82.0	+	0	0	12D11MI58MD18M786I	AB113010	HM999967
L	8811	569	*	*	*	*	*	AY313080	*
H	8811	100	100.0	+	0	0	230I100M239I	AY313080	AY313080
L	8807	632	*	*	*	*	*	AY313076	*
H	8807	100	97.0	+	0	0	228I100M304I	AY313080	AY313076
L	8812	537	*	*	*	*	*	AY313081	*
H	8812	100	83.0	+	0	0	12I85M3D12M428I	AY313080	AY313081
L	8821	640	*	*	*	*	*	HQ895838	*
H	8821	100	100.0	+	0	0	36I100M504I	HQ895838	HQ895838
L	15800	576	*	*	*	*	*	AF225442	*
H	15800	100	85.0	+	0	0	11I25MI32MD25M7I17M458I	HQ895838	AF225442
L	21032	586	*	*	*	*	*	EU139153	*
H	21032	100	89.0	+	0	0	11I33M4I24MD14M2I17MI11M469I	HQ895838	EU139153
L	8830	502	*	*	*	*	*	HQ833460	*
H	8830	100	100.0	+	0	0	36I100M366I	HQ833460	HQ833460
L	26839	529	*	*	*	*	*	HQ833452	*
H	26839	100	89.0	+	0	0	38I100M391I	HQ833460	HQ833452
L	8840	487	*	*	*	*	*	AF439467	*
H	8840	100	100.0	+	0	0	100M387I	AF439467	AF439467
L	25260	545	*	*	*	*	*	U04203	*
H	25260	100	92.0	+	0	0	21I100M424I	AF439467	U04203
L	8846	584	*	*	*	*	*	AY174698	*
H	8846	100	100.0	+	0	0	110I100M374I	AY174698	AY174698
L	8845	627	*	*	*	*	*	AY174699	*
H	8845	100	99.0	+	0	0	103I83M2I10MD6M423I	AY174698	AY174699
L	5394	600	*	*	*	*	*	GQ388722	*
H	5394	100	93.0	+	0	0	35I83M2I17M463I	AY174698	GQ388722
L	8891	754	*	*	*	*	*	GU979047	*
H	8891	100	100.0	+	0	0	26I100M628I	GU979047	GU979047
L	8938	573	*	*	*	*	*	AJ504641	*
H	8938	100	100.0	+	0	0	35I100M438I	AJ504641	AJ504641
L	23611	1558	*	*	*	*	*	FM992388	*
H	23611	100	84.0	+	0	0	221I42M2I20MD17MD19M1237I	AJ504641	FM992388
L	13827	506	*	*	*	*	*	AJ973393	*
H	13827	100	85.0	+	0	0	11I42M2I20M2D13MI23M394I	AJ504641	AJ973393
L	8948	584	*	*	*	*	*	AF276677	*
H	8948	100	100.0	+	0	0	100M484I	AF276677	AF276677
L	26738	590	*	*	*	*	*	AF396862	*
H	26738	100	95.0	+	0	0	22M4I78M486I	AF276677	AF396862
L	8946	641	*	*	*	*	*	HQ698149	*
H	8946	100	92.0	+	0	0	48I34MD16MI49M493I	AF276677	HQ698149
L	8960	645	*	*	*	*	*	HQ846986	*
H	8960	100	100.0	+	0	0	100M545I	HQ846986	HQ846986
L	23832	681	*	*	*	*	*	JN159574	*
H	23832	100	99.0	+	0	0	14I48MD51M568I	HQ846986	JN159574
L	18161	646	*	*	*	*	*	AY461818	*
H	18161	100	99.0	+	0	0	18I21M2I27MD51M527I	HQ846986	AY461818
L	8991	520	*	*	*	*	*	FJ614638	*
H	8991	100	100.0	+	0	0	100M420I	FJ614638	FJ614638
L	6714	499	*	*	*	*	*	FJ614639	*
H	6714	100	100.0	+	0	0	100M399I	FJ614638	FJ614639
L	25482	232	*	*	*	*	*	GU253286	*
H	25482	100	100.0	+	0	0	13I100M119I	FJ614638	GU253286
L	9007	187	*	*	*	*	*	AY558774	*
H	9007	100	100.0	+	0	0	100M87I	AY558774	AY558774
L	9000	611	*	*	*	*	*	GU479307	*
H	9000	100	99.0	+	0	0	5I100M506I	AY558774	GU479307
L	9002	604	*	*	*	*	*	GU479314	*
H	9002	100	98.0	+	0	0	6I100M498I	AY558774	GU479314
L	9019	606	*	*	*	*	*	HQ630316	*
H	9019	100	100.0	+	0	0	100M506I	HQ630316	HQ630316
L	9012	618	*	*	*	*	*	HQ630281	*
H	9012	100	84.0	+	0	0	I24MD15MD24M12I19M20I16M487I	HQ630316	HQ630281
L	9022	606	*	*	*	*	*	HQ630353	*
H	9022	100	100.0	+	0	0	100M506I	HQ630353	HQ630353
L	26568	590	*	*	*	*	*	HQ630352	*
H	26568	100	99.0	+	0	0	73MD16M3I10M488I	HQ630353	HQ630352
L	26569	605	*	*	*	*	*	HQ630354	*
H	26569	100	80.0	+	0	0	14MD17MI68M505I	HQ630353	HQ630354
L	9024	591	*	*	*	*	*	HQ592190	*
H	9024	100	100.0	+	0	0	100M491I	HQ592190	HQ592190
L	14807	656	*	*	*	*	*	AB369912	*
H	14807	100	83.0	+	0	0	43I27M2D5M4D62M519I	HQ592190	AB369912
L	23800	624	*	*	*	*	*	FN650654	*
H	23800	100	82.0	+	0	0	44I18MD14M5D62M486I	HQ592190	FN650654
L	22063	578	*	*	*	*	*	HQ832828	*
H	22063	100	100.0	+	0	0	36I100M442I	FJ487918	HQ832828
L	9029	582	*	*	*	*	*	HQ832827	*
H	9029	100	100.0	+	0	0	36I100M446I	FJ487918	HQ832827
L	25127	575	*	*	*	*	*	EU821485	*
H	25127	100	100.0	+	0	0	38I100M437I	FJ487918	EU821485
L	9097	513	*	*	*	*	*	GU994572	*
H	9097	100	100.0	+	0	0	4I100M409I	GU994572	GU994572
L	9100	484	*	*	*	*	*	GU994575	*
H	9100	100	90.0	+	0	0	4I100M380I	GU994572	GU994575
L	9096	492	*	*	*	*	*	GU994571	*
H	9096	100	91.0	+	0	0	3I100M389I	GU994572	GU994571
L	9117	1138	*	*	*	*	*	AF033399	*
H	9117	100	100.0	+	0	0	100M1038I	AF033399	AF033399
L	18605	1136	*	*	*	*	*	AY742705	*
H	18605	100	95.0	+	0	0	54MI46M1035I	AF033399	AY742705
L	16389	1136	*	*	*	*	*	AF454074	*
H	16389	100	87.0	+	0	0	100M1036I	AF033399	AF454074
L	9135	657	*	*	*	*	*	JF701735	*
H	9135	100	100.0	+	0	0	26I100M531I	JF701735	JF701735
L	27781	712	*	*	*	*	*	EF429208	*
H	27781	100	94.0	+	0	0	22I89MI11M589I	JF701735	EF429208
L	3850	701	*	*	*	*	*	FJ440209	*
H	3850	100	94.0	+	0	0	11I100M590I	JF701735	FJ440209
L	23243	525	*	*	*	*	*	FJ824614	*
H	23243	100	100.0	+	0	0	8I100M417I	JF340250	FJ824614
L	9165	528	*	*	*	*	*	JF340250	*
H	9165	100	100.0	+	0	0	38I100M390I	JF340250	JF340250
H	16531	100	94.0	+	0	0	145I100M443I	JF340250	HQ339880
L	9243	517	*	*	*	*	*	JF681970	*
H	9243	100	100.0	+	0	0	100M417I	JF681970	JF681970
L	27243	546	*	*	*	*	*	JF681957	*
H	27243	100	88.0	+	0	0	13MI28MI41M2D16M446I	JF681970	JF681957
L	1097	595	*	*	*	*	*	EF212837	*
H	1097	100	85.0	+	0	0	14I13MI24MI11MD28M2I23M478I	JF681970	EF212837
L	9247	516	*	*	*	*	*	JF907933	*
H	9247	100	100.0	+	0	0	100M416I	JF907933	JF907933
L	27662	681	*	*	*	*	*	GU233324	*
H	27662	100	95.0	+	0	0	55I15MI58M2D25M527I	JF907933	GU233324
L	22332	1271	*	*	*	*	*	FJ039603	*
H	22332	100	95.0	+	0	0	20I15MI58M2D25M1152I	JF907933	FJ039603
L	20968	526	*	*	*	*	*	EU045552	*
H	20968	100	100.0	+	0	0	11I100M415I	HQ402899	EU045552
L	5255	560	*	*	*	*	*	GQ305307	*
H	5255	100	100.0	+	0	0	13I100M447I	HQ402899	GQ305307
L	6275	560	*	*	*	*	*	FJ196770	*
H	6275	100	100.0	+	0	0	13I100M447I	HQ402899	FJ196770
L	9281	607	*	*	*	*	*	JF439468	*
H	9281	100	100.0	+	0	0	49I100M458I	JF439468	JF439468
H	7242	100	94.0	+	0	0	35I37MI21MI42M453I	JF439468	HQ607887
L	28136	539	*	*	*	*	*	JN689974	*
H	28136	100	93.0	+	0	0	7I57M2I22M3I16M5I5M422I	JF439468	JN689974
L	9284	547	*	*	*	*	*	FJ791141	*
H	9284	100	100.0	+	0	0	23I100M424I	FJ791141	FJ791141
L	9698	550	*	*	*	*	*	JF831461	*
H	9698	100	99.0	+	0	0	12I100M438I	FJ791141	JF831461
L	24216	515	*	*	*	*	*	FJ231001	*
H	24216	100	92.0	+	0	0	8D92M423I	FJ791141	FJ231001
L	9285	624	*	*	*	*	*	JF439500	*
H	9285	100	100.0	+	0	0	49I100M475I	JF439500	JF439500
H	9286	100	99.0	+	0	0	49I100M477I	JF439500	JF439501
L	15655	631	*	*	*	*	*	EU301636	*
H	15655	100	98.0	+	0	0	53I61MD38M479I	JF439500	EU301636
H	9286	100	100.0	+	0	0	49I100M477I	JF439501	JF439501
H	26872	100	99.0	+	0	0	37I61MD38M431I	JF439501	GU212865
L	10657	593	*	*	*	*	*	FJ177638	*
H	10657	100	99.0	+	0	0	13I61MD38M481I	JF439501	FJ177638
L	9298	300	*	*	*	*	*	HQ845161	*
H	9298	100	100.0	+	0	0	71I100M129I	HQ845161	HQ845161
L	9297	579	*	*	*	*	*	JN942828	*
H	9297	100	100.0	+	0	0	12I100M467I	HQ845161	JN942828
L	10446	523	*	*	*	*	*	JF907857	*
H	10446	100	99.0	+	0	0	2I100M421I	HQ845161	JF907857
L	9301	693	*	*	*	*	*	HQ845174	*
H	9301	100	100.0	+	0	0	40I100M553I	HQ845174	HQ845174
L	24744	675	*	*	*	*	*	GU222289	*
H	24744	100	96.0	+	0	0	38I24MD62M2D11M540I	HQ845174	GU222289
L	9249	636	*	*	*	*	*	AF389151	*
H	9249	100	96.0	+	0	0	2I24MD62M2D11M537I	HQ845174	AF389151
L	9406	455	*	*	*	*	*	JF693336	*
H	9406	100	100.0	+	0	0	22I100M333I	JF693336	JF693336
L	11647	462	*	*	*	*	*	FJ623600	*
H	11647	100	99.0	+	0	0	13I100M349I	JF693336	FJ623600
L	9413	608	*	*	*	*	*	HQ441576	*
H	9413	100	100.0	+	0	0	34I100M474I	HQ441576	HQ441576
L	5875	556	*	*	*	*	*	AJ427408	*
H	5875	100	91.0	+	0	0	42I35MD55MD8M416I	HQ441576	AJ427408
L	2850	1211	*	*	*	*	*	AF395309	*
H	2850	100	90.0	+	0	0	2I35M3D53MD8M1113I	HQ441576	AF395309
L	9430	502	*	*	*	*	*	HQ699626	*
H	9430	100	100.0	+	0	0	100M402I	HQ699626	HQ699626
L	26748	537	*	*	*	*	*	HQ699634	*
H	26748	100	95.0	+	0	0	10I26MI74M426I	HQ699626	HQ699634
L	26745	574	*	*	*	*	*	JN813390	*
H	26745	100	94.0	+	0	0	10I24M2I76M462I	HQ699626	JN813390
L	9484	514	*	*	*	*	*	GQ368250	*
H	9484	100	100.0	+	0	0	100M414I	GQ368250	GQ368250
H	27744	100	96.0	+	0	0	76I100M376I	GQ368250	FJ827038
L	24347	564	*	*	*	*	*	FJ872066	*
H	24347	100	96.0	+	0	0	92I100M372I	GQ368250	FJ872066
L	9503	575	*	*	*	*	*	FJ860787	*
H	9503	100	100.0	+	0	0	100M475I	FJ860787	FJ860787
L	5751	578	*	*	*	*	*	FJ860852	*
H	5751	100	98.0	+	0	0	100M478I	FJ860787	FJ860852
L	25274	518	*	*	*	*	*	AF414348	*
H	25274	100	93.0	+	0	0	5D17MD77M424I	FJ860787	AF414348
L	9505	583	*	*	*	*	*	AF276676	*
H	9505	100	100.0	+	0	0	100M483I	AF276676	AF276676
H	8946	100	95.0	+	0	0	48I21MD78M494I	AF276676	HQ698149
H	8948	100	93.0	+	0	0	53MD46M485I	AF276676	AF276677
L	18230	624	*	*	*	*	*	AY513135	*
H	18230	100	100.0	+	0	0	280I100M244I	AF506388	AY513135
L	14050	1762	*	*	*	*	*	DQ389662	*
H	14050	100	100.0	+	0	0	6I100M1656I	AF506388	DQ389662
L	87	666	*	*	*	*	*	DQ449944	*
H	87	100	100.0	+	0	0	266I100M300I	AF506388	DQ449944
L	9542	1056	*	*	*	*	*	AF516565	*
H	9542	100	100.0	+	0	0	322I100M634I	AF516565	AF516565
L	16607	986	*	*	*	*	*	AF516557	*
H	16607	100	85.0	+	0	0	321I32MD22M4D23M2D16M572I	AF516565	AF516557
L	9544	1017	*	*	*	*	*	AF516567	*
H	9544	100	86.0	+	0	0	321I32M2D21MD17M3D24M602I	AF516565	AF516567
L	9546	981	*	*	*	*	*	AF516570	*
H	9546	100	100.0	+	0	0	321I100M560I	AF516570	AF516570
L	4847	637	*	*	*	*	*	FJ411092	*
H	4847	100	97.0	+	0	0	2I31MD26MI23M2I19M533I	AF516570	FJ411092
H	12711	100	94.0	+	0	0	2I31MD44MD23M500I	AF516570	AF079584
L	9555	988	*	*	*	*	*	AF516594	*
H	9555	100	100.0	+	0	0	322I100M566I	AF516594	AF516594
L	9553	638	*	*	*	*	*	AY218420	*
H	9553	100	98.0	+	0	0	2I100M536I	AF516594	AY218420
H	8217	100	90.0	+	0	0	21I74MD25M543I	AF516594	EU486443
L	9629	184	*	*	*	*	*	FJ236022	*
H	9629	100	100.0	+	0	0	5I100M79I	FJ236022	FJ236022
L	8789	685	*	*	*	*	*	AY243589	*
H	8789	100	100.0	+	0	0	4I100M581I	FJ236022	AY243589
L	6340	630	*	*	*	*	*	AY243586	*
H	6340	100	99.0	+	0	0	4I100M526I	FJ236022	AY243586
L	9630	1273	*	*	*	*	*	FJ039601	*
H	9630	100	100.0	+	0	0	6I100M1167I	FJ039601	FJ039601
L	28594	675	*	*	*	*	*	U56049	*
H	28594	100	100.0	+	0	0	13I100M562I	FJ039601	U56049
L	13877	834	*	*	*	*	*	DQ328088	*
H	13877	100	99.0	+	0	0	39I100M695I	FJ039601	DQ328088
L	9647	434	*	*	*	*	*	AJ410744	*
H	9647	100	100.0	+	0	0	100M334I	AJ410744	AJ410744
L	15284	449	*	*	*	*	*	AF004685	*
H	15284	100	96.0	+	0	0	D81MD17M351I	AJ410744	AF004685
L	23743	1478	*	*	*	*	*	FN547575	*
H	23743	100	99.0	+	0	0	285I100M1093I	AJ410744	FN547575
L	9653	644	*	*	*	*	*	JF795390	*
H	9653	100	100.0	+	0	0	100M544I	JF795390	JF795390
L	28826	625	*	*	*	*	*	UDB000709	*
H	28826	100	100.0	+	0	0	42I21MI79M482I	JF795390	UDB000709
L	28715	567	*	*	*	*	*	UDB000164	*
H	28715	100	100.0	+	0	0	20I21MI79M446I	JF795390	UDB000164
L	20205	544	*	*	*	*	*	FJ872016	*
H	20205	100	100.0	+	0	0	35I100M409I	AY217021	FJ872016
L	9655	229	*	*	*	*	*	AY217021	*
H	9655	100	100.0	+	0	0	11I100M118I	AY217021	AY217021
L	6609	511	*	*	*	*	*	GQ152293	*
H	6609	100	86.0	+	0	0	11I26MD73M401I	AY217021	GQ152293
L	9773	756	*	*	*	*	*	HQ845057	*
H	9773	100	100.0	+	0	0	7I100M649I	HQ845057	HQ845057
L	24038	573	*	*	*	*	*	GQ166975	*
H	24038	100	100.0	+	0	0	46I100M427I	HM990168	GQ166975
L	9780	422	*	*	*	*	*	HM990168	*
H	9780	100	100.0	+	0	0	10I100M312I	HM990168	HM990168
L	13864	542	*	*	*	*	*	DQ323681	*
H	13864	100	97.0	+	0	0	3D97M445I	HM990168	DQ323681
L	9782	574	*	*	*	*	*	EU401713	*
H	9782	100	100.0	+	0	0	24I100M450I	EU401713	EU401713
L	21308	689	*	*	*	*	*	EU401709	*
H	21308	100	97.0	+	0	0	24I100M565I	EU401713	EU401709
L	2279	641	*	*	*	*	*	EU401714	*
H	2279	100	90.0	+	0	0	4D18MD77M546I	EU401713	EU401714
L	9800	811	*	*	*	*	*	JF923600	*
H	9800	100	100.0	+	0	0	259I100M452I	JF923600	JF923600
L	19010	824	*	*	*	*	*	DQ001297	*
H	19010	100	100.0	+	0	0	233I100M491I	JF923600	DQ001297
L	7206	771	*	*	*	*	*	GU827332	*
H	7206	100	99.0	+	0	0	228I100M443I	JF923600	GU827332
L	9801	697	*	*	*	*	*	DQ001298	*
H	9801	100	100.0	+	0	0	224I100M373I	DQ001298	DQ001298
H	9804	100	99.0	+	0	0	230I100M497I	DQ001298	JF923608
L	25186	777	*	*	*	*	*	GU827325	*
H	25186	100	99.0	+	0	0	252I100M425I	DQ001298	GU827325
H	25186	100	100.0	+	0	0	252I100M425I	JF923608	GU827325
H	9804	100	100.0	+	0	0	230I100M497I	JF923608	JF923608
L	27629	767	*	*	*	*	*	JF923609	*
H	27629	100	99.0	+	0	0	236I100M431I	JF923608	JF923609
L	9807	810	*	*	*	*	*	JF923612	*
H	9807	100	100.0	+	0	0	257I100M453I	JF923612	JF923612
L	25185	779	*	*	*	*	*	GU827324	*
H	25185	100	100.0	+	0	0	254I100M425I	JF923612	GU827324
H	7206	100	99.0	+	0	0	228I100M443I	JF923612	GU827332
L	9808	784	*	*	*	*	*	FJ501572	*
H	9808	100	100.0	+	0	0	13I100M671I	FJ501572	FJ501572
L	15608	815	*	*	*	*	*	FJ869188	*
H	15608	100	99.0	+	0	0	16I65MI35M698I	FJ501572	FJ869188
L	2765	799	*	*	*	*	*	EU520236	*
H	2765	100	96.0	+	0	0	15I100M684I	FJ501572	EU520236
L	9810	314	*	*	*	*	*	JF909527	*
H	9810	100	100.0	+	0	0	100M214I	JF909527	JF909527
L	9811	581	*	*	*	*	*	JF946759	*
H	9811	100	100.0	+	0	0	266I100M215I	JF909527	JF946759
L	18300	637	*	*	*	*	*	AY546711	*
H	18300	100	96.0	+	0	0	293I100M244I	JF909527	AY546711
L	9827	539	*	*	*	*	*	FR799216	*
H	9827	100	100.0	+	0	0	100M439I	FR799216	FR799216
L	9174	539	*	*	*	*	*	FR799215	*
H	9174	100	99.0	+	0	0	100M439I	FR799216	FR799215
L	9173	537	*	*	*	*	*	FR799213	*
H	9173	100	94.0	+	0	0	100M437I	FR799216	FR799213
L	9834	610	*	*	*	*	*	HQ650621	*
H	9834	100	100.0	+	0	0	13I100M497I	HQ650621	HQ650621
L	4747	635	*	*	*	*	*	FJ871065	*
H	4747	100	95.0	+	0	0	37I100M498I	HQ650621	FJ871065
L	4746	791	*	*	*	*	*	FJ871064	*
H	4746	100	96.0	+	0	0	259I100M432I	HQ650621	FJ871064
L	9860	565	*	*	*	*	*	HQ650696	*
H	9860	100	100.0	+	0	0	35I100M430I	HQ650696	HQ650696
L	16088	675	*	*	*	*	*	AF350296	*
H	16088	100	86.0	+	0	0	36I41MD58M540I	HQ650696	AF350296
L	14670	923	*	*	*	*	*	AB245119	*
H	14670	100	88.0	+	0	0	336I24MD75M488I	HQ650696	AB245119
L	9870	615	*	*	*	*	*	GQ118245	*
H	9870	100	100.0	+	0	0	100M515I	GQ118245	GQ118245
L	27282	637	*	*	*	*	*	FJ667262	*
H	27282	100	95.0	+	0	0	9I100M528I	GQ118245	FJ667262
L	21070	620	*	*	*	*	*	GQ118240	*
H	21070	100	95.0	+	0	0	100M520I	GQ118245	GQ118240
L	9917	651	*	*	*	*	*	FR799448	*
H	9917	100	100.0	+	0	0	100M551I	FR799448	FR799448
L	1458	608	*	*	*	*	*	EU076935	*
H	1458	100	81.0	+	0	0	31I21MI18M2D25M7I10M8I24M463I	FR799448	EU076935
L	19105	600	*	*	*	*	*	EF152528	*
H	19105	100	82.0	+	0	0	31I21MI18M2D21M7I16M8I22M455I	FR799448	EF152528
L	9927	584	*	*	*	*	*	JF951148	*
H	9927	100	100.0	+	0	0	34I100M450I	JF951148	JF951148
H	8291	100	97.0	+	0	0	43I25MD11MD62M442I	JF951148	HQ599602
H	23861	100	90.0	+	0	0	128I100M1306I	JF951148	EU707865
L	9955	563	*	*	*	*	*	AY347376	*
H	9955	100	100.0	+	0	0	100M463I	AY347376	AY347376
L	20050	1757	*	*	*	*	*	DQ923539	*
H	20050	100	92.0	+	0	0	15I100M1642I	AY347376	DQ923539
L	21490	1607	*	*	*	*	*	EU552120	*
H	21490	100	92.0	+	0	0	140I100M1367I	AY347376	EU552120
L	9956	559	*	*	*	*	*	AY347351	*
H	9956	100	100.0	+	0	0	100M459I	AY347351	AY347351
H	21490	100	92.0	+	0	0	140I15MD84M1368I	AY347351	EU552120
H	20050	100	92.0	+	0	0	15I15MD84M1643I	AY347351	DQ923539
L	9960	625	*	*	*	*	*	GU067737	*
H	9960	100	100.0	+	0	0	38I100M487I	GU067737	GU067737
L	129	650	*	*	*	*	*	AJ716305	*
H	129	100	98.0	+	0	0	28I100M522I	GU067737	AJ716305
L	16950	621	*	*	*	*	*	AJ419928	*
H	16950	100	89.0	+	0	0	8D27MI65M528I	GU067737	AJ419928
L	9981	618	*	*	*	*	*	HQ825145	*
H	9981	100	100.0	+	0	0	100M518I	HQ825145	HQ825145
L	1496	2316	*	*	*	*	*	EF631613	*
H	1496	100	89.0	+	0	0	1695I32M2D24M2D40M525I	HQ825145	EF631613
L	10036	545	*	*	*	*	*	L36657	*
H	10036	100	100.0	+	0	0	13I100M432I	L36657	L36657
H	25135	100	86.0	+	0	0	240I56M3D20M13I21M618I	L36657	GU722596
L	26941	551	*	*	*	*	*	AF178423	*
H	26941	100	87.0	+	0	0	13I55M2D43M440I	L36657	AF178423
L	10045	560	*	*	*	*	*	JN194158	*
H	10045	100	100.0	+	0	0	100M460I	JN194158	JN194158
L	10066	560	*	*	*	*	*	JN194181	*
H	10066	100	100.0	+	0	0	100M460I	JN194158	JN194181
L	10709	517	*	*	*	*	*	JN105963	*
H	10709	100	92.0	+	0	0	120I100M297I	JN194158	JN105963
L	10055	600	*	*	*	*	*	JN194168	*
H	10055	100	100.0	+	0	0	92I100M408I	JN194168	JN194168
L	10086	548	*	*	*	*	*	HQ725080	*
H	10086	100	100.0	+	0	0	I100M447I	HQ725080	HQ725080
L	8299	522	*	*	*	*	*	HQ680611	*
H	8299	100	99.0	+	0	0	I100M421I	HQ725080	HQ680611
L	8297	547	*	*	*	*	*	HQ725051	*
H	8297	100	98.0	+	0	0	I100M446I	HQ725080	HQ725051
L	10113	693	*	*	*	*	*	AY194541	*
H	10113	100	100.0	+	0	0	100M593I	AY194541	AY194541
L	10436	717	*	*	*	*	*	JF907832	*
H	10436	100	98.0	+	0	0	39I100M578I	AY194541	JF907832
L	10432	629	*	*	*	*	*	JF907828	*
H	10432	100	97.0	+	0	0	48I100M481I	AY194541	JF907828
L	10152	545	*	*	*	*	*	EF042612	*
H	10152	100	100.0	+	0	0	100M445I	EF042612	EF042612
L	81	593	*	*	*	*	*	AF395684	*
H	81	100	97.0	+	0	0	2I50MD49M492I	EF042612	AF395684
L	15350	1593	*	*	*	*	*	AF043604	*
H	15350	100	89.0	+	0	0	7D43MD49M1501I	EF042612	AF043604
L	10172	906	*	*	*	*	*	HQ693875	*
H	10172	100	100.0	+	0	0	5I100M801I	HQ693875	HQ693875
L	9889	818	*	*	*	*	*	GU222301	*
H	9889	100	88.0	+	0	0	17I81M6D13M707I	HQ693875	GU222301
H	10174	100	100.0	+	0	0	11I100M549I	AY588102	AY588102
H	2357	100	100.0	+	0	0	29I96M2I4M519I	AY588102	AY877409
H	13994	100	99.0	+	0	0	50I100M546I	AY588102	DQ366856
L	10193	438	*	*	*	*	*	JN053492	*
H	10193	100	100.0	+	0	0	100M338I	JN053492	JN053492
L	27768	703	*	*	*	*	*	JN053483	*
H	27768	100	83.0	+	0	0	281I29M2D23MD14M3D28M328I	JN053492	JN053483
L	15343	494	*	*	*	*	*	AF042453	*
H	15343	100	83.0	+	0	0	24I29M2D23MD14M3D28M376I	JN053492	AF042453
L	10236	560	*	*	*	*	*	JN225902	*
H	10236	100	100.0	+	0	0	24I100M436I	JN225902	JN225902
L	25214	557	*	*	*	*	*	JN225903	*
H	25214	100	98.0	+	0	0	37I75MD24M421I	JN225902	JN225903
L	11559	577	*	*	*	*	*	JQ044421	*
H	11559	100	94.0	+	0	0	36I74MD18M5I7M437I	JN225902	JQ044421
L	10247	541	*	*	*	*	*	JN225947	*
H	10247	100	100.0	+	0	0	11I100M430I	JN225947	JN225947
L	27940	540	*	*	*	*	*	JN225946	*
H	27940	100	98.0	+	0	0	11I100M429I	JN225947	JN225946
L	7386	531	*	*	*	*	*	FR668015	*
H	7386	100	97.0	+	0	0	88I100M343I	JN225947	FR668015
L	10255	645	*	*	*	*	*	JN182875	*
H	10255	100	100.0	+	0	0	6I100M539I	JN182875	JN182875
L	10261	849	*	*	*	*	*	FJ608589	*
H	10261	100	100.0	+	0	0	9I100M740I	FJ608589	FJ608589
L	21009	2011	*	*	*	*	*	EU118663	*
H	21009	100	88.0	+	0	0	31I18MI19M2I16M7I27M2D9MD8M1873I	FJ608589	EU118663
L	25407	612	*	*	*	*	*	HM008934	*
H	25407	100	81.0	+	0	0	24I24M3D24M2D27M2D9MD8M496I	FJ608589	HM008934
L	10291	534	*	*	*	*	*	AY360401	*
H	10291	100	100.0	+	0	0	100M434I	AY360401	AY360401
L	11729	1143	*	*	*	*	*	AF484409	*
H	11729	100	93.0	+	0	0	33I29MD70M1011I	AY360401	AF484409
L	28176	534	*	*	*	*	*	JN802254	*
H	28176	100	92.0	+	0	0	36I29MD70M399I	AY360401	JN802254
L	10315	448	*	*	*	*	*	HQ905462	*
H	10315	100	100.0	+	0	0	100M348I	HQ905462	HQ905462
L	19815	509	*	*	*	*	*	DQ659337	*
H	19815	100	100.0	+	0	0	32I100M377I	EF569591	DQ659337
L	10336	511	*	*	*	*	*	EF569591	*
H	10336	100	100.0	+	0	0	13I100M398I	EF569591	EF569591
L	6445	533	*	*	*	*	*	AB085803	*
H	6445	100	95.0	+	0	0	35I68MD31M399I	EF569591	AB085803
L	10353	1551	*	*	*	*	*	JF439099	*
H	10353	100	100.0	+	0	0	222I100M1229I	JF439104	JF439099
L	10356	1554	*	*	*	*	*	JF439104	*
H	10356	100	100.0	+	0	0	222I100M1232I	JF439104	JF439104
L	10361	1553	*	*	*	*	*	JF439117	*
H	10361	100	97.0	+	0	0	222I100M1231I	JF439104	JF439117
L	10363	1566	*	*	*	*	*	JF439119	*
H	10363	100	100.0	+	0	0	222I100M1244I	JF439119	JF439119
L	10364	1552	*	*	*	*	*	JF439124	*
H	10364	100	99.0	+	0	0	224I100M1228I	JF439119	JF439124
L	15112	583	*	*	*	*	*	AJ919277	*
H	15112	100	99.0	+	0	0	11I59MI41M471I	JF439119	AJ919277
L	10429	690	*	*	*	*	*	JF907836	*
H	10429	100	100.0	+	0	0	25I100M565I	JF907836	JF907836
L	10433	652	*	*	*	*	*	JF907829	*
H	10433	100	94.0	+	0	0	22I100M530I	JF907836	JF907829
L	13881	739	*	*	*	*	*	DQ328168	*
H	13881	100	83.0	+	0	0	31I47M2D45MD5M611I	JF907836	DQ328168
L	10437	697	*	*	*	*	*	JF907833	*
H	10437	100	100.0	+	0	0	34I100M563I	JF907833	JF907833
L	29291	975	*	*	*	*	*	UDB011743	*
H	29291	100	96.0	+	0	0	5I9M2D89M872I	JF907833	UDB011743
H	10434	100	88.0	+	0	0	2D47M3I51M576I	JF907833	JF907830
L	10451	473	*	*	*	*	*	FN669186	*
H	10451	100	100.0	+	0	0	100M373I	FN669186	FN669186
L	3388	1260	*	*	*	*	*	FJ039657	*
H	3388	100	98.0	+	0	0	12I100M1148I	FN669186	FJ039657
L	24868	1217	*	*	*	*	*	GQ159904	*
H	24868	100	91.0	+	0	0	5D95M1122I	FN669186	GQ159904
H	10479	100	100.0	+	0	0	100M537I	FJ168588	FJ168588
L	25058	577	*	*	*	*	*	GU479288	*
H	25058	100	98.0	+	0	0	23I100M454I	FJ168588	GU479288
L	22397	653	*	*	*	*	*	FJ168574	*
H	22397	100	98.0	+	0	0	100M553I	FJ168588	FJ168574
L	10482	395	*	*	*	*	*	JF908084	*
H	10482	100	100.0	+	0	0	100M295I	JF908084	JF908084
L	1092	517	*	*	*	*	*	EF197088	*
H	1092	100	87.0	+	0	0	17I24MI26MI28M3D19M401I	JF908084	EF197088
L	18979	525	*	*	*	*	*	AY515363	*
H	18979	100	85.0	+	0	0	11I24MI53M3D20M416I	JF908084	AY515363
L	10515	647	*	*	*	*	*	JF908235	*
H	10515	100	100.0	+	0	0	100M547I	JF908235	JF908235
L	7478	1336	*	*	*	*	*	HQ604302	*
H	7478	100	83.0	+	0	0	40I52M10D38M1206I	JF908235	HQ604302
L	8377	1355	*	*	*	*	*	HQ604180	*
H	8377	100	85.0	+	0	0	37I88M3D9M1221I	JF908235	HQ604180
L	10517	666	*	*	*	*	*	JF908248	*
H	10517	100	100.0	+	0	0	7I100M559I	JF908248	JF908248
L	26476	823	*	*	*	*	*	HQ604362	*
H	26476	100	97.0	+	0	0	34I44MD12M3I43M687I	JF908248	HQ604362
L	26472	1338	*	*	*	*	*	HQ604323	*
H	26472	100	81.0	+	0	0	36I22M2I17M2D14M8D13MD23M1211I	JF908248	HQ604323
L	10522	694	*	*	*	*	*	AF454590	*
H	10522	100	100.0	+	0	0	36I100M558I	AF454590	AF454590
L	29168	916	*	*	*	*	*	AF454588	*
H	29168	100	81.0	+	0	0	8I25MD25MD18M6I30M804I	AF454590	AF454588
L	22073	955	*	*	*	*	*	EU819460	*
H	22073	100	81.0	+	0	0	48I27M30I17M2I35M14I15MD5M762I	AF454590	EU819460
L	10572	595	*	*	*	*	*	HM562069	*
H	10572	100	100.0	+	0	0	17I100M478I	HM562069	HM562069
L	25810	651	*	*	*	*	*	HM562089	*
H	25810	100	89.0	+	0	0	17I100M534I	HM562069	HM562089
L	25816	650	*	*	*	*	*	HM562172	*
H	25816	100	94.0	+	0	0	17I40MD27MI32M533I	HM562069	HM562172
L	10583	406	*	*	*	*	*	JF908712	*
H	10583	100	100.0	+	0	0	100M306I	JF908712	JF908712
L	11958	567	*	*	*	*	*	AY220822	*
H	11958	100	93.0	+	0	0	43I69MD30M425I	JF908712	AY220822
L	17844	574	*	*	*	*	*	AY220819	*
H	17844	100	92.0	+	0	0	45I72MD27M430I	JF908712	AY220819
L	10596	630	*	*	*	*	*	JF908764	*
H	10596	100	100.0	+	0	0	10I100M520I	JF908764	JF908764
H	10599	100	100.0	+	0	0	21I100M502I	JF908768	JF908768
H	5518	100	96.0	+	0	0	39I28M2I72M371I	JF908768	GQ981519
H	6327	100	89.0	+	0	0	6D33M12I61M497I	JF908768	GU391570
L	10602	358	*	*	*	*	*	JF908747	*
H	10602	100	100.0	+	0	0	100M258I	JF908747	JF908747
L	10607	414	*	*	*	*	*	JF908762	*
H	10607	100	100.0	+	0	0	71I100M243I	JF908747	JF908762
L	15585	304	*	*	*	*	*	AF133183	*
H	15585	100	95.0	+	0	0	193I77MD22M12I	JF908747	AF133183
L	10610	729	*	*	*	*	*	EU685112	*
H	10610	100	100.0	+	0	0	51I100M578I	EU685112	EU685112
L	10653	538	*	*	*	*	*	DQ084013	*
H	10653	100	100.0	+	0	0	100M438I	DQ084013	DQ084013
L	10654	623	*	*	*	*	*	JF273486	*
H	10654	100	92.0	+	0	0	35I100M488I	DQ084013	JF273486
L	19087	538	*	*	*	*	*	DQ084016	*
H	19087	100	96.0	+	0	0	100M438I	DQ084013	DQ084016
L	19274	510	*	*	*	*	*	DQ247776	*
H	19274	100	100.0	+	0	0	44I100M366I	GU062255	DQ247776
L	10671	506	*	*	*	*	*	GU062255	*
H	10671	100	100.0	+	0	0	50I100M356I	GU062255	GU062255
L	14432	528	*	*	*	*	*	GU062251	*
H	14432	100	100.0	+	0	0	50I100M378I	GU062255	GU062251
L	11132	525	*	*	*	*	*	AJ302440	*
H	11132	100	100.0	+	0	0	100M425I	AJ302443	AJ302440
L	10673	525	*	*	*	*	*	AJ302443	*
H	10673	100	100.0	+	0	0	100M425I	AJ302443	AJ302443
L	25856	523	*	*	*	*	*	HM581946	*
H	25856	100	99.0	+	0	0	100M423I	AJ302443	HM581946
L	10695	577	*	*	*	*	*	HQ850359	*
H	10695	100	100.0	+	0	0	37I100M440I	HQ850359	HQ850359
L	9114	630	*	*	*	*	*	FJ379817	*
H	9114	100	96.0	+	0	0	3D5MD91M534I	HQ850359	FJ379817
L	9643	549	*	*	*	*	*	AY157491	*
H	9643	100	96.0	+	0	0	5I100M444I	HQ850359	AY157491
H	10722	100	100.0	+	0	0	11I100M469I	GQ139521	GQ139521
H	19655	100	99.0	+	0	0	11I100M421I	GQ139521	DQ145732
H	27644	100	99.0	+	0	0	35I100M397I	GQ139521	GU062205
L	10749	690	*	*	*	*	*	JF495043	*
H	10749	100	100.0	+	0	0	100M590I	JF495043	JF495043
H	5115	100	95.0	+	0	0	14I26MD73M575I	JF495043	EF460370
H	12659	100	95.0	+	0	0	16I26MD73M616I	JF495043	FJ223223
L	10755	696	*	*	*	*	*	JF495066	*
H	10755	100	100.0	+	0	0	100M596I	JF495066	JF495066
L	18183	1298	*	*	*	*	*	AY484677	*
H	18183	100	93.0	+	0	0	9I10MD89M1190I	JF495066	AY484677
L	13614	715	*	*	*	*	*	DQ182531	*
H	13614	100	92.0	+	0	0	3D97M618I	JF495066	DQ182531
L	10756	702	*	*	*	*	*	JF495067	*
H	10756	100	100.0	+	0	0	100M602I	JF495067	JF495067
L	27208	734	*	*	*	*	*	JF514519	*
H	27208	100	96.0	+	0	0	16I100M618I	JF495067	JF514519
L	25776	711	*	*	*	*	*	HM488741	*
H	25776	100	97.0	+	0	0	7I100M604I	JF495067	HM488741
L	10763	534	*	*	*	*	*	JN545760	*
H	10763	100	100.0	+	0	0	12I100M422I	JN545760	JN545760
L	16140	608	*	*	*	*	*	AF022786	*
H	16140	100	94.0	+	0	0	80I32M3I68M425I	JN545760	AF022786
L	26618	493	*	*	*	*	*	JN859300	*
H	26618	100	94.0	+	0	0	35I32M3I68M355I	JN545760	JN859300
L	10811	718	*	*	*	*	*	JN003237	*
H	10811	100	100.0	+	0	0	100M618I	JN003237	JN003237
H	10818	100	100.0	+	0	0	100M515I	DQ317636	DQ317636
H	7952	100	85.0	+	0	0	9D17MD60M19I13M491I	DQ317636	AB025694
H	10819	100	89.0	+	0	0	20MD24MD36M4D14M549I	DQ317636	DQ317635
L	10856	417	*	*	*	*	*	JF796328	*
H	10856	100	100.0	+	0	0	100M317I	JF796328	JF796328
L	10873	946	*	*	*	*	*	AY303138	*
H	10873	100	100.0	+	0	0	399I100M447I	AY303138	AY303138
L	18211	674	*	*	*	*	*	AY498674	*
H	18211	100	88.0	+	0	0	35I83M2D15M541I	AY303138	AY498674
L	12244	1012	*	*	*	*	*	AY498673	*
H	12244	100	89.0	+	0	0	384I54MD28M2D15M531I	AY303138	AY498673
L	13114	850	*	*	*	*	*	DQ007031	*
H	13114	100	100.0	+	0	0	249I100M501I	HQ650610	DQ007031
L	10895	565	*	*	*	*	*	HQ650610	*
H	10895	100	100.0	+	0	0	13I100M452I	HQ650610	HQ650610
L	10087	548	*	*	*	*	*	HQ725082	*
H	10087	100	98.0	+	0	0	I100M447I	HQ650610	HQ725082
L	10910	1527	*	*	*	*	*	HE577801	*
H	10910	100	100.0	+	0	0	224I100M1203I	HE577801	HE577801
L	10914	745	*	*	*	*	*	AY313295	*
H	10914	100	100.0	+	0	0	3I100M642I	AY313295	AY313295
L	21391	1373	*	*	*	*	*	EU486454	*
H	21391	100	82.0	+	0	0	5I24MD12M3D36MD23M1273I	AY313295	EU486454
L	10962	543	*	*	*	*	*	JN197292	*
H	10962	100	100.0	+	0	0	24I100M419I	JN197292	JN197292
H	1062	100	89.0	+	0	0	127I31M2D34MI33M414I	JN197292	GQ852764
H	20148	100	92.0	+	0	0	12I31M2D34MI25M3I8M427I	JN197292	EU851936
L	10989	604	*	*	*	*	*	HQ406815	*
H	10989	100	100.0	+	0	0	49I100M455I	HQ406815	HQ406815
L	12657	620	*	*	*	*	*	EU484197	*
H	12657	100	96.0	+	0	0	9I38MI62M510I	HQ406815	EU484197
L	5563	557	*	*	*	*	*	FJ609218	*
H	5563	100	85.0	+	0	0	11D26MI63M467I	HQ406815	FJ609218
L	8195	418	*	*	*	*	*	HQ384399	*
H	8195	100	100.0	+	0	0	34I100M284I	EU835475	HQ384399
L	27897	537	*	*	*	*	*	DQ098906	*
H	27897	100	100.0	+	0	0	26I100M411I	EU835475	DQ098906
L	3212	548	*	*	*	*	*	FJ210605	*
H	3212	100	100.0	+	0	0	87I100M361I	EU835475	FJ210605
L	11025	709	*	*	*	*	*	DQ449983	*
H	11025	100	100.0	+	0	0	100M609I	DQ449983	DQ449983
H	3999	100	98.0	+	0	0	42I25MD41MI33M199I	DQ449983	EU935562
H	13589	100	96.0	+	0	0	49I25MD74M582I	DQ449983	DQ182506
L	11034	439	*	*	*	*	*	AY775701	*
H	11034	100	100.0	+	0	0	100M339I	AY775701	AY775701
L	4593	741	*	*	*	*	*	FJ861987	*
H	4593	100	89.0	+	0	0	249I100M392I	AY775701	FJ861987
H	4591	100	89.0	+	0	0	255I14M3I60MI26M391I	AY775701	FJ861984
L	11045	527	*	*	*	*	*	AY940425	*
H	11045	100	100.0	+	0	0	100M427I	AY940425	AY940425
L	10721	561	*	*	*	*	*	GU066607	*
H	10721	100	97.0	+	0	0	50I9M2D18MD70M414I	AY940425	GU066607
L	4331	550	*	*	*	*	*	EF488422	*
H	4331	100	97.0	+	0	0	60I9M2D18MD70M393I	AY940425	EF488422
L	11054	629	*	*	*	*	*	JF961365	*
H	11054	100	100.0	+	0	0	100M529I	JF961365	JF961365
L	23625	315	*	*	*	*	*	AY129341	*
H	23625	100	93.0	+	0	0	25I100M190I	JF961365	AY129341
L	22501	706	*	*	*	*	*	AY818349	*
H	22501	100	93.0	+	0	0	46I100M560I	JF961365	AY818349
L	11109	575	*	*	*	*	*	AY443531	*
H	11109	100	100.0	+	0	0	100M475I	AY443531	AY443531
L	19049	606	*	*	*	*	*	DQ060097	*
H	19049	100	96.0	+	0	0	60MI40M505I	AY443531	DQ060097
L	26844	833	*	*	*	*	*	FJ608590	*
H	26844	100	96.0	+	0	0	2I100M731I	AY443531	FJ608590
L	11110	620	*	*	*	*	*	HE574654	*
H	11110	100	100.0	+	0	0	11I100M509I	HE574654	HE574654
L	22588	611	*	*	*	*	*	FJ381698	*
H	22588	100	88.0	+	0	0	13I28M3D56M2D11M503I	HE574654	FJ381698
L	20268	849	*	*	*	*	*	EF093386	*
H	20268	100	87.0	-	0	0	9I28M3D55M3D11M746I	HE574654	EF093386
L	11112	541	*	*	*	*	*	JN107736	*
H	11112	100	100.0	+	0	0	46I100M395I	JN107736	JN107736
L	3882	583	*	*	*	*	*	GQ865693	*
H	3882	100	100.0	+	0	0	11I100M472I	JN107736	GQ865693
H	25239	100	100.0	+	0	0	11I100M472I	JN107736	GQ415342
L	11116	667	*	*	*	*	*	AY046157	*
H	11116	100	100.0	+	0	0	100M567I	AY046157	AY046157
L	11136	611	*	*	*	*	*	AY373924	*
H	11136	100	100.0	+	0	0	11I100M500I	AY373924	AY373924
L	4626	569	*	*	*	*	*	FJ824633	*
H	4626	100	99.0	+	0	0	11I10MD89M459I	AY373924	FJ824633
L	20838	540	*	*	*	*	*	GU270576	*
H	20838	100	99.0	+	0	0	11I71MI29M428I	AY373924	GU270576
L	11145	222	*	*	*	*	*	HQ201332	*
H	11145	100	100.0	+	0	0	4I100M118I	HQ201332	HQ201332
L	26131	257	*	*	*	*	*	HQ185703	*
H	26131	100	94.0	+	0	0	39I100M118I	HQ201332	HQ185703
L	4301	551	*	*	*	*	*	FJ596839	*
H	4301	100	90.0	+	0	0	4D96M455I	HQ201332	FJ596839
L	11162	597	*	*	*	*	*	JN545789	*
H	11162	100	100.0	+	0	0	12I100M485I	JN545789	JN545789
L	4672	595	*	*	*	*	*	AF405301	*
H	4672	100	94.0	+	0	0	26I73M5I27M464I	JN545789	AF405301
L	21487	1493	*	*	*	*	*	EU552102	*
H	21487	100	90.0	+	0	0	88I73M5I27M1300I	JN545789	EU552102
L	11186	620	*	*	*	*	*	FJ975596	*
H	11186	100	100.0	+	0	0	11I100M509I	FJ975596	FJ975596
L	28013	601	*	*	*	*	*	FJ442664	*
H	28013	100	100.0	+	0	0	7I100M494I	FJ975596	FJ442664
L	25520	589	*	*	*	*	*	GU479401	*
H	25520	100	100.0	+	0	0	12I100M477I	FJ975596	GU479401
L	11197	401	*	*	*	*	*	JN247812	*
H	11197	78	100.0	+	0	0	160I78M163I	JN247812	JN247812
L	7189	515	*	*	*	*	*	AJ748690	*
H	7189	78	89.7	+	0	0	111I53MD11MD12M328I	JN247812	AJ748690
L	29366	589	*	*	*	*	*	JQ417289	*
H	29366	78	89.7	+	0	0	183I53MD11MD12M330I	JN247812	JQ417289
L	11202	532	*	*	*	*	*	JN247818	*
H	11202	100	100.0	+	0	0	23I100M409I	JN247818	JN247818
L	26406	510	*	*	*	*	*	HQ533860	*
H	26406	100	91.0	+	0	0	4D69MI14MD12M414I	JN247818	HQ533860
L	2216	488	*	*	*	*	*	AF439494	*
H	2216	100	83.0	+	0	0	14D86M402I	JN247818	AF439494
H	11208	100	100.0	+	0	0	100M1082I	EF052276	EF052276
H	20186	100	99.0	+	0	0	91MD8M1083I	EF052276	EF052279
H	1389	100	81.0	+	0	0	4I39MD6M2D20M3D29M443I	EF052276	EF464589
L	11212	577	*	*	*	*	*	U57407	*
H	11212	100	100.0	+	0	0	13I100M464I	U57407	U57407
L	28599	580	*	*	*	*	*	U57406	*
H	28599	100	98.0	+	0	0	13I58MD30MD10M469I	U57407	U57406
L	11255	564	*	*	*	*	*	HQ699639	*
H	11255	100	100.0	+	0	0	100M464I	HQ699639	HQ699639
L	9427	564	*	*	*	*	*	HQ699640	*
H	9427	100	96.0	+	0	0	26I100M438I	HQ699639	HQ699640
H	26748	100	93.0	+	0	0	11I25MI75M425I	HQ699639	HQ699634
L	11270	540	*	*	*	*	*	U51958	*
H	11270	100	100.0	+	0	0	25I100M415I	U51958	U51958
L	1810	486	*	*	*	*	*	EU155145	*
H	1810	100	91.0	+	0	0	43I20M2D11M6I54MD12M340I	U51958	EU155145
L	7974	540	*	*	*	*	*	HM595528	*
H	7974	100	85.0	+	0	0	2I26M3I74M435I	U51958	HM595528
L	9191	667	*	*	*	*	*	JF416788	*
H	9191	100	100.0	+	0	0	185I100M382I	JQ061141	JF416788
L	11276	634	*	*	*	*	*	JQ061141	*
H	11276	100	100.0	+	0	0	411I100M123I	JQ061141	JQ061141
L	11275	397	*	*	*	*	*	JQ061140	*
H	11275	100	100.0	+	0	0	176I100M121I	JQ061141	JQ061140
L	11282	550	*	*	*	*	*	JN209853	*
H	11282	100	100.0	+	0	0	100M450I	JN209853	JN209853
L	13856	580	*	*	*	*	*	AM180951	*
H	13856	100	80.0	+	0	0	146I100M334I	JN209853	AM180951
L	20630	381	*	*	*	*	*	FJ183442	*
H	20630	100	80.0	+	0	0	144I100M137I	JN209853	FJ183442
L	11294	531	*	*	*	*	*	AF444436	*
H	11294	100	100.0	+	0	0	11I100M420I	AF444436	AF444436
L	24903	536	*	*	*	*	*	EU863539	*
H	24903	100	94.0	+	0	0	11I83MI17M424I	AF444436	EU863539
H	16450	100	94.0	+	0	0	27I30MD52MI17M401I	AF444436	FJ439589
L	11312	507	*	*	*	*	*	JN628154	*
H	11312	100	100.0	+	0	0	79I100M328I	JN628154	JN628154
L	8905	1067	*	*	*	*	*	HQ833354	*
H	8905	100	91.0	+	0	0	96I53MD15M3D28M875I	JN628154	HQ833354
L	6310	568	*	*	*	*	*	GU479425	*
H	6310	100	93.0	+	0	0	108I28MI47M2D23M361I	JN628154	GU479425
L	11315	601	*	*	*	*	*	AJ586522	*
H	11315	100	100.0	+	0	0	100M501I	AJ586522	AJ586522
L	9778	278	*	*	*	*	*	AY282530	*
H	9778	100	95.0	+	0	0	19I58M2D40M161I	AJ586522	AY282530
H	25215	100	95.0	+	0	0	53I58M2D40M309I	AJ586522	FJ861384
L	11317	689	*	*	*	*	*	DQ831013	*
H	11317	100	100.0	+	0	0	100M589I	DQ831013	DQ831013
L	18589	718	*	*	*	*	*	AY740072	*
H	18589	100	97.0	+	0	0	11I50MI8MD41M607I	DQ831013	AY740072
L	8884	266	*	*	*	*	*	AB615443	*
H	8884	100	95.0	+	0	0	18I100M148I	DQ831013	AB615443
L	11328	1394	*	*	*	*	*	AB617739	*
H	11328	100	100.0	+	0	0	11I100M1283I	AB617739	AB617739
L	15223	1418	*	*	*	*	*	AB617741	*
H	15223	100	88.0	+	0	0	8I32M3I12M2I40M2I16M1303I	AB617739	AB617741
L	27075	898	*	*	*	*	*	JF412010	*
H	27075	100	88.0	+	0	0	58I32M3I12M2I40M2I16M733I	AB617739	JF412010
L	5648	637	*	*	*	*	*	GQ852796	*
H	5648	100	100.0	+	0	0	121I100M416I	GQ852794	GQ852796
L	1011	1077	*	*	*	*	*	AF309623	*
H	1011	100	100.0	+	0	0	11I100M966I	GQ852794	AF309623
L	11380	499	*	*	*	*	*	GQ852794	*
H	11380	100	100.0	+	0	0	5I100M394I	GQ852794	GQ852794
L	28230	465	*	*	*	*	*	DQ028272	*
H	28230	100	100.0	+	0	0	I100M364I	JN885548	DQ028272
L	11392	550	*	*	*	*	*	JN885548	*
H	11392	100	100.0	+	0	0	100M450I	JN885548	JN885548
L	28231	560	*	*	*	*	*	JN885568	*
H	28231	100	98.0	+	0	0	27I56M2I44M431I	JN885548	JN885568
L	11398	644	*	*	*	*	*	AY739018	*
H	11398	100	100.0	+	0	0	39I100M505I	JN943490	AY739018
L	11400	642	*	*	*	*	*	JN943490	*
H	11400	100	100.0	+	0	0	35I100M507I	JN943490	JN943490
L	28326	568	*	*	*	*	*	JN943491	*
H	28326	100	95.0	+	0	0	4D96M472I	JN943490	JN943491
L	11422	343	*	*	*	*	*	JN943270	*
H	11422	95	100.0	+	0	0	95M248I	JN943270	JN943270
L	22946	436	*	*	*	*	*	FJ623595	*
H	22946	95	92.6	+	0	0	58I30MI65M282I	JN943270	FJ623595
L	11436	758	*	*	*	*	*	GU934591	*
H	11436	100	100.0	+	0	0	48I100M610I	GU934591	GU934591
L	2967	294	*	*	*	*	*	AF296772	*
H	2967	100	92.0	+	0	0	8D92M202I	GU934591	AF296772
L	2969	287	*	*	*	*	*	AF296775	*
H	2969	100	92.0	+	0	0	8D92M195I	GU934591	AF296775
L	11444	748	*	*	*	*	*	JQ889273	*
H	11444	100	100.0	+	0	0	161I100M487I	JQ889273	JQ889273
L	574	530	*	*	*	*	*	EF113977	*
H	574	100	81.0	+	0	0	14I61M2D37M418I	JQ889273	EF113977
L	20532	531	*	*	*	*	*	EF488392	*
H	20532	100	81.0	+	0	0	23I24M2I38MI38M405I	JQ889273	EF488392
L	11452	740	*	*	*	*	*	JN813385	*
H	11452	100	100.0	+	0	0	196I100M444I	JN813385	JN813385
L	11455	630	*	*	*	*	*	JN813397	*
H	11455	100	99.0	+	0	0	236I25MD74M295I	JN813385	JN813397
L	11467	883	*	*	*	*	*	JN813418	*
H	11467	100	98.0	+	0	0	318I25MD74M466I	JN813385	JN813418
L	11464	597	*	*	*	*	*	JN813413	*
H	11464	100	100.0	+	0	0	100M497I	JN813413	JN813413
L	21589	607	*	*	*	*	*	EU563444	*
H	21589	100	99.0	+	0	0	40I6MI94M466I	JN813413	EU563444
L	21580	610	*	*	*	*	*	EU563396	*
H	21580	100	89.0	+	0	0	24I6MI58M4D14MI18M488I	JN813413	EU563396
L	11482	1180	*	*	*	*	*	JN943381	*
H	11482	100	100.0	+	0	0	100M1080I	JN943381	JN943381
L	21553	683	*	*	*	*	*	EU557360	*
H	21553	100	99.0	+	0	0	50I100M533I	JN943381	EU557360
L	2293	635	*	*	*	*	*	EU557359	*
H	2293	100	83.0	+	0	0	13I100M522I	JN943381	EU557359
H	28133	100	100.0	+	0	0	49I100M393I	EU573021	FJ210555
H	22763	100	100.0	+	0	0	51I100M398I	EU573021	FJ487929
H	2619	100	100.0	+	0	0	36I100M108I	EU573021	AF046017
L	11553	682	*	*	*	*	*	AF079718	*
H	11553	100	100.0	+	0	0	7I100M575I	AF079718	AF079718
L	20583	657	*	*	*	*	*	AY176447	*
H	20583	100	97.0	+	0	0	4I100M553I	AF079718	AY176447
L	15467	678	*	*	*	*	*	AF079708	*
H	15467	100	95.0	+	0	0	7I26M2D72M573I	AF079718	AF079708
L	11629	796	*	*	*	*	*	JN617690	*
H	11629	100	100.0	+	0	0	77I100M619I	JN617690	JN617690
L	16673	552	*	*	*	*	*	GQ924907	*
H	16673	100	98.0	+	0	0	16I100M436I	JN617690	GQ924907
L	23646	520	*	*	*	*	*	FJ231019	*
H	23646	100	91.0	+	0	0	8D92M428I	JN617690	FJ231019
L	11656	600	*	*	*	*	*	JQ317489	*
H	11656	100	100.0	+	0	0	100M500I	JQ317489	JQ317489
L	11683	602	*	*	*	*	*	JQ317561	*
H	11683	100	91.0	+	0	0	100M502I	JQ317489	JQ317561
L	28438	601	*	*	*	*	*	JQ317576	*
H	28438	100	84.0	+	0	0	100M501I	JQ317489	JQ317576
L	11694	712	*	*	*	*	*	AY345008	*
H	11694	100	100.0	+	0	0	100M612I	AY345008	AY345008
L	8116	702	*	*	*	*	*	AY740065	*
H	8116	100	95.0	+	0	0	3D19M2I78M603I	AY345008	AY740065
L	18036	717	*	*	*	*	*	AY740035	*
H	18036	100	95.0	+	0	0	6I22MI78M610I	AY345008	AY740035
L	11702	713	*	*	*	*	*	EU244842	*
H	11702	100	100.0	+	0	0	40I100M573I	EU244842	EU244842
L	27297	734	*	*	*	*	*	FJ746974	*
H	27297	100	99.0	+	0	0	36I100M598I	EU244842	FJ746974
L	15771	688	*	*	*	*	*	FJ545235	*
H	15771	100	94.0	+	0	0	3D56MI41M590I	EU244842	FJ545235
L	11705	474	*	*	*	*	*	U82454	*
H	11705	100	100.0	+	0	0	7I100M367I	U82454	U82454
L	28300	613	*	*	*	*	*	JN943157	*
H	28300	100	98.0	+	0	0	131I30MI70M381I	U82454	JN943157
L	28297	472	*	*	*	*	*	U82455	*
H	28297	100	98.0	+	0	0	7I30MI70M364I	U82454	U82455
L	11712	1619	*	*	*	*	*	JN943282	*
H	11712	100	100.0	+	0	0	49I100M1470I	JN943282	JN943282
L	11711	1620	*	*	*	*	*	JN943281	*
H	11711	100	99.0	+	0	0	49I100M1471I	JN943282	JN943281
L	11718	655	*	*	*	*	*	AF325582	*
H	11718	100	100.0	+	0	0	100M555I	AF325582	AF325582
L	13878	682	*	*	*	*	*	DQ328140	*
H	13878	100	99.0	+	0	0	35I100M547I	AF325582	DQ328140
L	26500	708	*	*	*	*	*	HQ604686	*
H	26500	100	99.0	+	0	0	35I100M573I	AF325582	HQ604686
L	11736	2133	*	*	*	*	*	JN710512	*
H	11736	100	100.0	+	0	0	100M2033I	JN710512	JN710512
L	28154	2118	*	*	*	*	*	JN710575	*
H	28154	100	85.0	+	0	0	39I56M6D24MD13M1986I	JN710512	JN710575
L	11750	1849	*	*	*	*	*	JN710545	*
H	11750	100	100.0	+	0	0	12I100M1737I	JN710545	JN710545
L	11547	650	*	*	*	*	*	AJ006670	*
H	11547	100	84.0	+	0	0	36I27M2D23M2I27M4I21M510I	JN710545	AJ006670
L	7236	773	*	*	*	*	*	GU187526	*
H	7236	100	81.0	+	0	0	39I33MI20M3I23M5I24M625I	JN710545	GU187526
L	11754	1948	*	*	*	*	*	JN710558	*
H	11754	100	100.0	+	0	0	12I100M1836I	JN710558	JN710558
L	11545	686	*	*	*	*	*	AJ006674	*
H	11545	100	92.0	+	0	0	35I86MI14M550I	JN710558	AJ006674
L	12473	667	*	*	*	*	*	AF126883	*
H	12473	100	92.0	+	0	0	11I86MI14M555I	JN710558	AF126883
L	7158	536	*	*	*	*	*	GQ169491	*
H	7158	100	100.0	+	0	0	8I100M428I	JN565298	GQ169491
L	11780	593	*	*	*	*	*	JN565298	*
H	11780	100	100.0	+	0	0	26I100M467I	JN565298	JN565298
L	23984	517	*	*	*	*	*	GQ120971	*
H	23984	100	100.0	+	0	0	53I100M364I	JN565298	GQ120971
L	11826	550	*	*	*	*	*	EU285555	*
H	11826	100	100.0	+	0	0	11I100M439I	EU285555	EU285555
L	28449	525	*	*	*	*	*	DQ002549	*
H	28449	100	99.0	+	0	0	2I100M423I	EU285555	DQ002549
L	11827	523	*	*	*	*	*	JQ347290	*
H	11827	100	98.0	+	0	0	13I100M410I	EU285555	JQ347290
H	11827	100	100.0	+	0	0	13I100M410I	JQ347290	JQ347290
H	28449	100	99.0	+	0	0	2I100M423I	JQ347290	DQ002549
L	28182	978	*	*	*	*	*	GQ280551	*
H	28182	100	98.0	+	0	0	174I100M704I	JQ347290	GQ280551
L	11835	675	*	*	*	*	*	EU266563	*
H	11835	100	100.0	+	0	0	5I100M570I	EU266563	EU266563
L	19836	631	*	*	*	*	*	DQ668348	*
H	19836	100	99.0	+	0	0	23I100M508I	EU266563	DQ668348
L	17481	726	*	*	*	*	*	AM901672	*
H	17481	100	99.0	+	0	0	163I100M463I	EU266563	AM901672
L	11845	551	*	*	*	*	*	JN392453	*
H	11845	100	100.0	+	0	0	I100M450I	JN392453	JN392453
L	11843	724	*	*	*	*	*	JF908346	*
H	11843	100	96.0	+	0	0	24I100M600I	JN392453	JF908346
L	11841	481	*	*	*	*	*	UDB011673	*
H	11841	100	92.0	+	0	0	8MD10M2D79M384I	JN392453	UDB011673
L	17463	1847	*	*	*	*	*	AM882927	*
H	17463	100	100.0	+	0	0	19I100M1728I	AJ889955	AM882927
L	11855	748	*	*	*	*	*	AJ889955	*
H	11855	100	100.0	+	0	0	28I100M620I	AJ889955	AJ889955
L	26494	1266	*	*	*	*	*	HQ604560	*
H	26494	100	85.0	+	0	0	38I26M3D6M4I65M1127I	AJ889955	HQ604560
L	11862	1087	*	*	*	*	*	FN824495	*
H	11862	100	100.0	+	0	0	3I100M984I	FN824495	FN824495
L	20933	522	*	*	*	*	*	EU070926	*
H	20933	100	84.0	+	0	0	11I29M9I8M2I40M5I12M3I11M392I	FN824495	EU070926
L	9683	512	*	*	*	*	*	EU266504	*
H	9683	100	81.0	+	0	0	29M9I8M3I40M5I12M2I11M393I	FN824495	EU266504
L	11876	668	*	*	*	*	*	JQ246342	*
H	11876	100	100.0	+	0	0	100M568I	JQ246342	JQ246342
L	11875	748	*	*	*	*	*	FJ481043	*
H	11875	100	97.0	+	0	0	49I100M599I	JQ246342	FJ481043
L	12365	710	*	*	*	*	*	AY558597	*
H	12365	100	93.0	+	0	0	5D95M615I	JQ246342	AY558597
L	11891	630	*	*	*	*	*	AY102860	*
H	11891	100	100.0	+	0	0	I100M529I	AY102860	AY102860
L	11896	597	*	*	*	*	*	AY219348	*
H	11896	100	100.0	+	0	0	100M497I	AY219348	AY219348
H	25128	100	98.0	+	0	0	45I48MD51M527I	AY219348	HQ607891
L	22747	668	*	*	*	*	*	FJ481018	*
H	22747	100	97.0	+	0	0	45I48MD51M524I	AY219348	FJ481018
L	11918	1347	*	*	*	*	*	AY174805	*
H	11918	100	100.0	+	0	0	41I100M1206I	AY174805	AY174805
L	12845	668	*	*	*	*	*	DQ083786	*
H	12845	100	96.0	+	0	0	23I48M4I52M541I	AY174805	DQ083786
L	24813	736	*	*	*	*	*	GU233351	*
H	24813	100	95.0	+	0	0	49I100M587I	AY174805	GU233351
L	11924	1295	*	*	*	*	*	AY669523	*
H	11924	100	100.0	+	0	0	100M1195I	AY669523	AY669523
L	9574	1288	*	*	*	*	*	AY669582	*
H	9574	100	94.0	+	0	0	2D98M1190I	AY669523	AY669582
L	27458	529	*	*	*	*	*	JF907912	*
H	27458	100	98.0	+	0	0	4I6MI58MI36M423I	AY669523	JF907912
L	11939	541	*	*	*	*	*	EF687950	*
H	11939	100	100.0	+	0	0	8I100M433I	EF687950	EF687950
L	7803	524	*	*	*	*	*	EF488395	*
H	7803	100	100.0	+	0	0	24I100M400I	EF687950	EF488395
L	13408	511	*	*	*	*	*	EF687955	*
H	13408	100	100.0	+	0	0	100M411I	EF687950	EF687955
L	11949	589	*	*	*	*	*	AY194980	*
H	11949	100	100.0	+	0	0	100M489I	AY194980	AY194980
L	12325	662	*	*	*	*	*	AB015678	*
H	12325	100	88.0	+	0	0	43I17MI32MD8MD41M520I	AY194980	AB015678
L	14834	568	*	*	*	*	*	AB458888	*
H	14834	100	80.0	+	0	0	35I51M3D31M5I15M431I	AY194980	AB458888
L	11990	701	*	*	*	*	*	AY176428	*
H	11990	100	100.0	+	0	0	4I100M597I	AY176428	AY176428
L	27216	720	*	*	*	*	*	JF514534	*
H	27216	100	90.0	+	0	0	13I32M4I55MI13M602I	AY176428	JF514534
L	7098	732	*	*	*	*	*	GU084262	*
H	7098	100	95.0	+	0	0	40I79MI21M591I	AY176428	GU084262
L	11991	703	*	*	*	*	*	AY176430	*
H	11991	100	100.0	+	0	0	4I100M599I	AY176430	AY176430
L	16478	266	*	*	*	*	*	AF482864	*
H	16478	100	93.0	+	0	0	4I27M3I73M159I	AY176430	AF482864
L	11986	704	*	*	*	*	*	AY176417	*
H	11986	100	93.0	+	0	0	4I28M3I72M597I	AY176430	AY176417
L	12013	545	*	*	*	*	*	GQ996577	*
H	12013	100	100.0	+	0	0	100M445I	GQ996577	GQ996577
L	17696	545	*	*	*	*	*	EF512480	*
H	17696	100	99.0	+	0	0	3I68MD31M443I	GQ996577	EF512480
L	8621	541	*	*	*	*	*	EF512479	*
H	8621	100	94.0	+	0	0	3I67M2D31M440I	GQ996577	EF512479
L	12050	540	*	*	*	*	*	AJ504624	*
H	12050	100	100.0	+	0	0	11I100M429I	AJ518850	AJ504624
L	12048	543	*	*	*	*	*	AJ518850	*
H	12048	100	100.0	+	0	0	11I100M432I	AJ518850	AJ518850
L	9645	538	*	*	*	*	*	AJ518855	*
H	9645	100	99.0	+	0	0	11I100M427I	AJ518850	AJ518855
L	12062	412	*	*	*	*	*	AY456352	*
H	12062	100	100.0	+	0	0	10I100M302I	AY456352	AY456352
L	12063	416	*	*	*	*	*	AY456353	*
H	12063	100	100.0	+	0	0	14I100M302I	AY456352	AY456353
L	12064	416	*	*	*	*	*	AY456354	*
H	12064	100	100.0	+	0	0	14I100M302I	AY456352	AY456354
L	12069	607	*	*	*	*	*	AY456374	*
H	12069	100	100.0	+	0	0	13I100M494I	AY456374	AY456374
L	11884	736	*	*	*	*	*	EU819451	*
H	11884	100	83.0	+	0	0	49I35M2D22M5I17MI17MI7M582I	AY456374	EU819451
L	28765	895	*	*	*	*	*	UDB000464	*
H	28765	100	80.0	+	0	0	15I44M18I34M23I22M739I	AY456374	UDB000464
L	12071	669	*	*	*	*	*	AY456377	*
H	12071	100	100.0	+	0	0	17I100M552I	AY456377	AY456377
L	23295	944	*	*	*	*	*	FJ845415	*
H	23295	100	97.0	+	0	0	106I68MD31M739I	AY456377	FJ845415
L	28809	609	*	*	*	*	*	UDB000630	*
H	28809	100	93.0	+	0	0	13I51MD15MD32M498I	AY456377	UDB000630
L	12077	622	*	*	*	*	*	AY450919	*
H	12077	100	100.0	+	0	0	I100M521I	AY450919	AY450919
L	1557	618	*	*	*	*	*	AB360445	*
H	1557	100	90.0	+	0	0	13I34MD65M506I	AY450919	AB360445
L	4240	611	*	*	*	*	*	FJ623608	*
H	4240	100	87.0	+	0	0	13I100M498I	AY450919	FJ623608
L	12111	686	*	*	*	*	*	AJ419186	*
H	12111	100	100.0	+	0	0	100M586I	AJ419186	AJ419186
L	24032	770	*	*	*	*	*	GQ166877	*
H	24032	100	80.0	+	0	0	57I5MD18MD16MD12M10D36M626I	AJ419186	GQ166877
L	12113	594	*	*	*	*	*	AJ419192	*
H	12113	100	100.0	+	0	0	100M494I	AJ419192	AJ419192
L	12131	979	*	*	*	*	*	AY425664	*
H	12131	100	100.0	+	0	0	464I100M415I	AY425664	AY425664
L	12132	978	*	*	*	*	*	AY425666	*
H	12132	100	96.0	+	0	0	463I100M415I	AY425664	AY425666
L	18122	973	*	*	*	*	*	AY425658	*
H	18122	100	89.0	+	0	0	462I83M2I17M409I	AY425664	AY425658
L	13906	582	*	*	*	*	*	EF394941	*
H	13906	100	100.0	+	0	0	37I100M445I	GQ280291	EF394941
L	12145	534	*	*	*	*	*	GQ280291	*
H	12145	100	100.0	+	0	0	3I100M431I	GQ280291	GQ280291
L	1365	585	*	*	*	*	*	EU017508	*
H	1365	100	96.0	+	0	0	37I6MI15MI12MI6MI61M444I	GQ280291	EU017508
L	12180	647	*	*	*	*	*	AF444362	*
H	12180	100	100.0	+	0	0	11I100M536I	AF444362	AF444362
L	12189	550	*	*	*	*	*	DQ914676	*
H	12189	100	100.0	+	0	0	100M450I	DQ914676	DQ914676
L	27348	546	*	*	*	*	*	JF747053	*
H	27348	100	98.0	+	0	0	2D98M448I	DQ914676	JF747053
L	19906	683	*	*	*	*	*	DQ826737	*
H	19906	100	92.0	+	0	0	96I60MI23MI17M485I	DQ914676	DQ826737
L	4382	605	*	*	*	*	*	DQ682575	*
H	4382	100	100.0	+	0	0	25I100M480I	AY857532	DQ682575
L	12191	556	*	*	*	*	*	AY857532	*
H	12191	100	100.0	+	0	0	100M456I	AY857532	AY857532
L	17695	554	*	*	*	*	*	AY163548	*
H	17695	100	95.0	+	0	0	87M4D9M458I	AY857532	AY163548
L	12192	686	*	*	*	*	*	DQ449026	*
H	12192	100	100.0	+	0	0	I100M585I	DQ449026	DQ449026
L	12205	564	*	*	*	*	*	AY452498	*
H	12205	100	100.0	+	0	0	100M464I	AY452498	AY452498
L	12204	565	*	*	*	*	*	AY452496	*
H	12204	100	94.0	+	0	0	27MI73M464I	AY452498	AY452496
L	14327	526	*	*	*	*	*	AF224352	*
H	14327	100	83.0	+	0	0	2I30MD20M2D29M2I18M425I	AY452498	AF224352
L	12211	501	*	*	*	*	*	AY436464	*
H	12211	100	100.0	+	0	0	17I100M384I	AY436464	AY436464
L	3779	549	*	*	*	*	*	FJ375333	*
H	3779	100	98.0	+	0	0	13I100M436I	AY436464	FJ375333
L	12333	612	*	*	*	*	*	AB015692	*
H	12333	100	97.0	+	0	0	35I100M477I	AY436464	AB015692
L	12224	700	*	*	*	*	*	AY462033	*
H	12224	100	100.0	+	0	0	43I100M557I	AY462033	AY462033
L	29237	965	*	*	*	*	*	UDB011555	*
H	29237	100	95.0	+	0	0	2I10MD89M864I	AY462033	UDB011555
L	26667	650	*	*	*	*	*	HQ650743	*
H	26667	100	93.0	+	0	0	27I52M3D45M526I	AY462033	HQ650743
L	12237	295	*	*	*	*	*	AF059598	*
H	12237	100	100.0	+	0	0	100M195I	AF059598	AF059598
L	15482	295	*	*	*	*	*	AF082579	*
H	15482	100	96.0	+	0	0	I54MD45M195I	AF059598	AF082579
L	23666	674	*	*	*	*	*	AF345817	*
H	23666	100	91.0	+	0	0	100M574I	AF059598	AF345817
L	12241	845	*	*	*	*	*	AY498660	*
H	12241	100	100.0	+	0	0	212I100M533I	AY498660	AY498660
L	12240	847	*	*	*	*	*	AY498663	*
H	12240	100	95.0	+	0	0	213I100M534I	AY498660	AY498663
L	12239	960	*	*	*	*	*	AY498662	*
H	12239	100	95.0	+	0	0	423I100M437I	AY498660	AY498662
H	12265	100	100.0	+	0	0	11I100M1163I	EF409756	EF409756
L	20604	1308	*	*	*	*	*	EF409762	*
H	20604	100	97.0	+	0	0	11I31MI69M1196I	EF409756	EF409762
L	20453	1276	*	*	*	*	*	EF409752	*
H	20453	100	92.0	+	0	0	3I16MD83M1174I	EF409756	EF409752
L	12268	808	*	*	*	*	*	AY534119	*
H	12268	100	100.0	+	0	0	100M708I	AY534119	AY534119
L	24410	751	*	*	*	*	*	FJ596856	*
H	24410	100	88.0	+	0	0	4I54M7D39M654I	AY534119	FJ596856
L	5366	726	*	*	*	*	*	GQ844231	*
H	5366	100	88.0	+	0	0	4I56M7D15MI22M628I	AY534119	GQ844231
L	12282	627	*	*	*	*	*	AY555731	*
H	12282	100	100.0	+	0	0	12I100M515I	AY555731	AY555731
L	23007	597	*	*	*	*	*	FJ664551	*
H	23007	100	96.0	+	0	0	11I95MI5M485I	AY555731	FJ664551
L	25435	640	*	*	*	*	*	HM595540	*
H	25435	100	86.0	+	0	0	3D77M2I20M541I	AY555731	HM595540
L	12292	470	*	*	*	*	*	AY569004	*
H	12292	100	100.0	+	0	0	100M370I	AY569004	AY569004
L	15531	660	*	*	*	*	*	AF109982	*
H	15531	100	100.0	+	0	0	16I100M544I	EF514250	AF109982
L	12305	630	*	*	*	*	*	EF514250	*
H	12305	100	100.0	+	0	0	100M530I	EF514250	EF514250
L	14510	668	*	*	*	*	*	AF109968	*
H	14510	100	99.0	+	0	0	25I100M543I	EF514250	AF109968
L	12306	749	*	*	*	*	*	AF046226	*
H	12306	100	100.0	+	0	0	100M649I	AF046226	AF046226
L	12320	596	*	*	*	*	*	AY513187	*
H	12320	100	100.0	+	0	0	100M496I	AY513187	AY513187
L	12318	609	*	*	*	*	*	AY513175	*
H	12318	100	97.0	+	0	0	19MI53MI28M507I	AY513187	AY513175
L	12321	608	*	*	*	*	*	AY513195	*
H	12321	100	97.0	+	0	0	19MI53MI28M506I	AY513187	AY513195
L	12326	681	*	*	*	*	*	FJ441043	*
H	12326	100	100.0	+	0	0	31I100M550I	FJ441043	FJ441043
L	5955	682	*	*	*	*	*	GU222314	*
H	5955	100	91.0	+	0	0	33I100M549I	FJ441043	GU222314
L	11945	640	*	*	*	*	*	AY194974	*
H	11945	100	88.0	+	0	0	8D29MI51MI12M546I	FJ441043	AY194974
L	12389	665	*	*	*	*	*	AY641432	*
H	12389	100	100.0	+	0	0	100M565I	AY641432	AY641432
L	16645	680	*	*	*	*	*	AF534076	*
H	16645	100	84.0	+	0	0	13D66MI21M592I	AY641432	AF534076
L	9732	633	*	*	*	*	*	JF894114	*
H	9732	100	94.0	+	0	0	2D28MI49MI21M533I	AY641432	JF894114
L	12405	506	*	*	*	*	*	AY398710	*
H	12405	100	100.0	+	0	0	100M406I	AY398710	AY398710
L	20547	472	*	*	*	*	*	EF495166	*
H	20547	100	87.0	+	0	0	100M372I	AY398710	EF495166
L	5234	877	*	*	*	*	*	FJ494924	*
H	5234	100	89.0	+	0	0	327I100M450I	AY398710	FJ494924
L	12411	563	*	*	*	*	*	AY541275	*
H	12411	100	100.0	+	0	0	100M463I	AY541275	AY541275
H	9174	100	96.0	+	0	0	100M439I	AY541275	FR799215
H	9827	100	95.0	+	0	0	100M439I	AY541275	FR799216
L	12450	609	*	*	*	*	*	FJ770080	*
H	12450	100	100.0	+	0	0	49I100M460I	FJ770080	FJ770080
L	6444	199	*	*	*	*	*	AB054050	*
H	6444	100	98.0	+	0	0	22I43MD14MI42M77I	FJ770080	AB054050
L	17258	343	*	*	*	*	*	AM159621	*
H	17258	100	98.0	+	0	0	61I43MD14MI42M182I	FJ770080	AM159621
L	12461	575	*	*	*	*	*	AF058038	*
H	12461	100	100.0	+	0	0	5I100M470I	AF058038	AF058038
L	12462	573	*	*	*	*	*	AF058039	*
H	12462	100	98.0	+	0	0	5I100M468I	AF058038	AF058039
L	15593	722	*	*	*	*	*	AF139031	*
H	15593	100	97.0	+	0	0	220I100M402I	AF058038	AF139031
L	12477	666	*	*	*	*	*	AY562495	*
H	12477	100	100.0	+	0	0	37I100M529I	AY562495	AY562495
L	28515	297	*	*	*	*	*	U04088	*
H	28515	100	98.0	+	0	0	30I100M167I	AY562495	U04088
L	12055	1586	*	*	*	*	*	AY450338	*
H	12055	100	98.0	+	0	0	61MI39M1485I	AY562495	AY450338
L	12483	2124	*	*	*	*	*	EU834287	*
H	12483	100	100.0	+	0	0	38I100M1986I	EU834287	EU834287
L	11056	670	*	*	*	*	*	JF961377	*
H	11056	100	98.0	+	0	0	I88MI12M568I	EU834287	JF961377
L	27579	634	*	*	*	*	*	JF908515	*
H	27579	100	90.0	+	0	0	45I36M2D25M2D12MD22M494I	EU834287	JF908515
L	12490	521	*	*	*	*	*	AF071340	*
H	12490	100	100.0	+	0	0	100M421I	AF071340	AF071340
L	15814	541	*	*	*	*	*	AF229478	*
H	15814	100	95.0	+	0	0	59MI41M440I	AF071340	AF229478
L	19426	2238	*	*	*	*	*	DQ337380	*
H	19426	100	95.0	+	0	0	1726I100M412I	AF071340	DQ337380
L	12503	681	*	*	*	*	*	AY571058	*
H	12503	100	100.0	+	0	0	25I100M556I	AY571058	AY571058
L	12869	1301	*	*	*	*	*	AY669604	*
H	12869	100	85.0	+	0	0	32MI21M2I19M2D26M1200I	AY571058	AY669604
L	2561	672	*	*	*	*	*	U56056	*
H	2561	100	85.0	+	0	0	13I32MI21M2I19M2D26M558I	AY571058	U56056
L	12536	503	*	*	*	*	*	AY611114	*
H	12536	100	100.0	+	0	0	100M403I	AY611114	AY611114
L	8918	505	*	*	*	*	*	AY611098	*
H	8918	100	97.0	+	0	0	100M405I	AY611114	AY611098
L	21966	504	*	*	*	*	*	AY611087	*
H	21966	100	97.0	+	0	0	100M404I	AY611114	AY611087
L	12556	622	*	*	*	*	*	AJ585506	*
H	12556	100	100.0	+	0	0	100M522I	AJ585506	AJ585506
L	4295	634	*	*	*	*	*	FJ596819	*
H	4295	100	95.0	+	0	0	10I46MD53M525I	AJ585506	FJ596819
L	23622	608	*	*	*	*	*	FJ596779	*
H	23622	100	92.0	+	0	0	10I46MD53M499I	AJ585506	FJ596779
L	24019	462	*	*	*	*	*	EU678379	*
H	24019	100	100.0	+	0	0	100M362I	EU678415	EU678379
L	12565	462	*	*	*	*	*	EU678415	*
H	12565	100	100.0	+	0	0	100M362I	EU678415	EU678415
L	24651	484	*	*	*	*	*	AY706327	*
H	24651	100	99.0	+	0	0	5I44MI56M378I	EU678415	AY706327
L	12570	1629	*	*	*	*	*	AF106527	*
H	12570	100	100.0	+	0	0	1044I100M485I	AF106527	AF106527
L	6589	995	*	*	*	*	*	U51965	*
H	6589	100	95.0	+	0	0	420I84MI16M474I	AF106527	U51965
L	6596	603	*	*	*	*	*	U51970	*
H	6596	100	96.0	+	0	0	26I79MI21M476I	AF106527	U51970
L	12573	539	*	*	*	*	*	EU586332	*
H	12573	100	100.0	+	0	0	100M439I	EU586332	EU586332
L	5783	1512	*	*	*	*	*	GU171370	*
H	5783	100	98.0	+	0	0	357I83MI17M1054I	EU586332	GU171370
L	21640	581	*	*	*	*	*	EU586330	*
H	21640	100	97.0	+	0	0	21I7MI17M2I76M457I	EU586332	EU586330
L	12583	268	*	*	*	*	*	AY558743	*
H	12583	100	100.0	+	0	0	100M168I	AY558743	AY558743
L	12596	296	*	*	*	*	*	AY558769	*
H	12596	100	100.0	+	0	0	100M196I	AY558769	AY558769
L	10597	678	*	*	*	*	*	GQ140236	*
H	10597	100	93.0	+	0	0	26I56MI44M551I	AY558769	GQ140236
L	12622	613	*	*	*	*	*	GU322444	*
H	12622	100	100.0	+	0	0	11I100M502I	GU322444	GU322444
H	26047	100	97.0	+	0	0	68I100M440I	GU322444	FJ205450
L	14862	544	*	*	*	*	*	DQ780445	*
H	14862	100	92.0	+	0	0	D99M445I	GU322444	DQ780445
L	12626	690	*	*	*	*	*	UDB000616	*
H	12626	100	100.0	+	0	0	12I100M578I	UDB000616	UDB000616
L	21531	698	*	*	*	*	*	JF908140	*
H	21531	100	97.0	+	0	0	49I100M549I	UDB000616	JF908140
L	8395	1325	*	*	*	*	*	HQ604446	*
H	8395	100	93.0	+	0	0	37I100M1188I	UDB000616	HQ604446
L	12631	701	*	*	*	*	*	AY606973	*
H	12631	100	100.0	+	0	0	43I100M558I	AY606973	AY606973
L	12630	694	*	*	*	*	*	AY606972	*
H	12630	100	97.0	+	0	0	40I100M554I	AY606973	AY606972
L	12632	727	*	*	*	*	*	AY606974	*
H	12632	100	93.0	+	0	0	43I38MI39MI7MI16M581I	AY606973	AY606974
L	12644	629	*	*	*	*	*	AY737753	*
H	12644	100	100.0	+	0	0	I100M528I	AY737753	AY737753
L	12651	594	*	*	*	*	*	AY737766	*
H	12651	100	94.0	+	0	0	2D40MD35MI22M496I	AY737753	AY737766
L	12649	593	*	*	*	*	*	AY737759	*
H	12649	100	93.0	+	0	0	2D40MD35MI22M495I	AY737753	AY737759
L	12679	605	*	*	*	*	*	AJ586528	*
H	12679	100	100.0	+	0	0	100M505I	AJ586528	AJ586528
L	9726	621	*	*	*	*	*	EU343804	*
H	9726	100	90.0	+	0	0	26I23MD23MD28M3I24M494I	AJ586528	EU343804
L	12979	619	*	*	*	*	*	FJ172253	*
H	12979	100	89.0	+	0	0	29I23MD23MD23MD8MD19M494I	AJ586528	FJ172253
L	12697	737	*	*	*	*	*	EU597073	*
H	12697	100	100.0	+	0	0	32I100M605I	EU597073	EU597073
L	375	556	*	*	*	*	*	GU220372	*
H	375	100	95.0	+	0	0	I8MD91M456I	EU597073	GU220372
H	28872	100	93.0	+	0	0	100M457I	EU597073	JF907762
L	12701	996	*	*	*	*	*	AB193713	*
H	12701	100	100.0	+	0	0	11I100M885I	AB193713	AB193713
L	17221	722	*	*	*	*	*	AJ970145	*
H	17221	100	96.0	+	0	0	22I53M2D45M602I	AB193713	AJ970145
H	1496	100	83.0	+	0	0	1683I36MD7M4D28M2D22M540I	AB193713	EF631613
L	12721	667	*	*	*	*	*	AB179774	*
H	12721	100	100.0	+	0	0	34I100M533I	AB179774	AB179774
L	5278	1216	*	*	*	*	*	AB454350	*
H	5278	100	93.0	+	0	0	2D76MD21M1119I	AB179774	AB454350
L	639	607	*	*	*	*	*	FJ538352	*
H	639	100	95.0	+	0	0	24I90MD9M484I	AB179774	FJ538352
L	14704	578	*	*	*	*	*	EU692760	*
H	14704	100	100.0	+	0	0	13I100M465I	EU692761	EU692760
L	12728	578	*	*	*	*	*	EU692761	*
H	12728	100	100.0	+	0	0	13I100M465I	EU692761	EU692761
L	12734	581	*	*	*	*	*	EU692776	*
H	12734	100	81.0	+	0	0	13I24M2I12MI64M465I	EU692761	EU692776
L	12737	525	*	*	*	*	*	AB180364	*
H	12737	100	100.0	+	0	0	100M425I	AB180364	AB180364
L	2716	527	*	*	*	*	*	AB180368	*
H	2716	100	91.0	+	0	0	19M2I81M425I	AB180364	AB180368
L	12732	534	*	*	*	*	*	AB180352	*
H	12732	100	92.0	+	0	0	18MI11M2I8MI63M430I	AB180364	AB180352
L	12747	711	*	*	*	*	*	AY818350	*
H	12747	100	100.0	+	0	0	41I100M570I	AY818350	AY818350
L	29357	671	*	*	*	*	*	UDB011887	*
H	29357	100	95.0	+	0	0	32I100M539I	AY818350	UDB011887
L	17671	317	*	*	*	*	*	AY129368	*
H	17671	100	97.0	+	0	0	22I100M195I	AY818350	AY129368
L	12748	702	*	*	*	*	*	EU570173	*
H	12748	100	100.0	+	0	0	34I100M568I	EU570173	EU570173
L	25707	687	*	*	*	*	*	EF093151	*
H	25707	100	97.0	+	0	0	11I100M576I	EU570173	EF093151
L	19642	1258	*	*	*	*	*	FJ717492	*
H	19642	100	97.0	+	0	0	3I100M1155I	EU570173	FJ717492
L	12763	567	*	*	*	*	*	AB180682	*
H	12763	100	100.0	+	0	0	100M467I	AB180682	AB180682
L	21989	612	*	*	*	*	*	EU784219	*
H	21989	100	99.0	+	0	0	48I100M464I	AB180682	EU784219
L	21848	575	*	*	*	*	*	EU692765	*
H	21848	100	96.0	+	0	0	16I18MI32MI50M457I	AB180682	EU692765
H	9263	100	100.0	+	0	0	28I100M581I	AF145446	JF440959
H	2508	100	100.0	+	0	0	31I100M452I	AF145446	EU552798
L	18077	680	*	*	*	*	*	AY366234	*
H	18077	100	100.0	+	0	0	14I100M566I	AF145446	AY366234
L	12795	741	*	*	*	*	*	AY854067	*
H	12795	100	100.0	+	0	0	42I100M599I	AY854067	AY854067
L	12804	664	*	*	*	*	*	AY854082	*
H	12804	100	100.0	+	0	0	100M564I	AY854082	AY854082
L	12809	743	*	*	*	*	*	AJ698475	*
H	12809	100	100.0	+	0	0	11I100M632I	AJ698475	AJ698475
L	13692	781	*	*	*	*	*	EU600240	*
H	13692	100	83.0	+	0	0	11I45M5D24MI26M674I	AJ698475	EU600240
L	17055	739	*	*	*	*	*	GQ249054	*
H	17055	100	84.0	+	0	0	12I45M5D26MI24M631I	AJ698475	GQ249054
L	12859	1291	*	*	*	*	*	EU056989	*
H	12859	100	100.0	+	0	0	16I100M1175I	EU056989	EU056989
L	21735	1319	*	*	*	*	*	EU056967	*
H	21735	100	99.0	+	0	0	39I100M1180I	EU056989	EU056967
L	26137	1312	*	*	*	*	*	EU655684	*
H	26137	100	98.0	+	0	0	35I100M1177I	EU056989	EU655684
L	12873	1336	*	*	*	*	*	AY669608	*
H	12873	100	100.0	+	0	0	35I100M1201I	AY669608	AY669608
H	26500	100	95.0	+	0	0	33I62MD23M2D12M578I	AY669608	HQ604686
L	71	630	*	*	*	*	*	EU525963	*
H	71	100	95.0	+	0	0	62MD23M2D12M533I	AY669608	EU525963
L	12879	1293	*	*	*	*	*	AY669616	*
H	12879	100	100.0	+	0	0	31I100M1162I	AY669616	AY669616
L	12882	1291	*	*	*	*	*	EU660949	*
H	12882	100	98.0	+	0	0	31I86M2I14M1158I	AY669616	EU660949
H	24813	100	98.0	+	0	0	49I100M587I	AY669616	GU233351
L	12910	513	*	*	*	*	*	AY872281	*
H	12910	100	100.0	+	0	0	100M413I	AY872281	AY872281
L	12924	429	*	*	*	*	*	AY885687	*
H	12924	100	100.0	+	0	0	100M329I	AY885687	AY885687
L	14417	551	*	*	*	*	*	AB049614	*
H	14417	100	88.0	+	0	0	99I18M11I37MI12MI33M339I	AY885687	AB049614
L	27998	491	*	*	*	*	*	JN400813	*
H	27998	100	88.0	+	0	0	19I23M11I32MI12MI33M359I	AY885687	JN400813
L	12925	590	*	*	*	*	*	AF026307	*
H	12925	100	100.0	+	0	0	100M490I	AF026307	AF026307
L	12933	556	*	*	*	*	*	AF169305	*
H	12933	100	100.0	+	0	0	100M456I	AF169305	AF169305
L	12942	546	*	*	*	*	*	AF161054	*
H	12942	100	100.0	+	0	0	100M446I	AF161054	AF161054
L	12941	542	*	*	*	*	*	AF161053	*
H	12941	100	100.0	+	0	0	100M442I	AF161054	AF161053
L	12937	542	*	*	*	*	*	AF161045	*
H	12937	100	99.0	+	0	0	30MD69M443I	AF161054	AF161045
L	12969	735	*	*	*	*	*	EF093169	*
H	12969	100	100.0	+	0	0	343I100M292I	EF093169	EF093169
L	6620	559	*	*	*	*	*	EF093171	*
H	6620	100	99.0	+	0	0	14I100M445I	EF093169	EF093171
L	8022	884	*	*	*	*	*	EF093166	*
H	8022	100	99.0	+	0	0	345I100M439I	EF093169	EF093166
L	12980	536	*	*	*	*	*	AY789280	*
H	12980	100	100.0	+	0	0	6I100M430I	AY789280	AY789280
L	18734	845	*	*	*	*	*	AY789434	*
H	18734	100	97.0	+	0	0	350I100M395I	AY789280	AY789434
L	18718	522	*	*	*	*	*	AY789320	*
H	18718	100	87.0	+	0	0	10D53MI33MI4M430I	AY789280	AY789320
L	12984	528	*	*	*	*	*	AY789342	*
H	12984	100	100.0	+	0	0	100M428I	AY789342	AY789342
L	18723	518	*	*	*	*	*	AY789339	*
H	18723	100	98.0	+	0	0	7I100M411I	AY789342	AY789339
L	10245	545	*	*	*	*	*	JN225944	*
H	10245	100	87.0	+	0	0	12I26MD19MI21MI33M432I	AY789342	JN225944
L	13015	486	*	*	*	*	*	AY853238	*
H	13015	100	100.0	+	0	0	100M386I	AY853238	AY853238
L	13464	199	*	*	*	*	*	U21822	*
H	13464	100	97.0	+	0	0	5I28MI72M93I	AY853238	U21822
L	13465	193	*	*	*	*	*	Z81443	*
H	13465	100	97.0	+	0	0	5I11MD88M89I	AY853238	Z81443
L	13052	589	*	*	*	*	*	AY860559	*
H	13052	100	100.0	+	0	0	2I100M487I	AY860559	AY860559
L	18793	558	*	*	*	*	*	AY860566	*
H	18793	100	97.0	+	0	0	2I100M456I	AY860559	AY860566
L	864	738	*	*	*	*	*	AF224414	*
H	864	100	96.0	+	0	0	243I100M395I	AY860559	AF224414
L	13057	1068	*	*	*	*	*	AY877419	*
H	13057	100	100.0	+	0	0	28I100M940I	AY877419	AY877419
L	12561	672	*	*	*	*	*	AY588109	*
H	12561	100	100.0	+	0	0	5I59M2I41M565I	AY877419	AY588109
L	13993	687	*	*	*	*	*	DQ366855	*
H	13993	100	100.0	+	0	0	12I59M2I41M573I	AY877419	DQ366855
L	13061	689	*	*	*	*	*	AB211276	*
H	13061	100	100.0	+	0	0	14I100M575I	AB211276	AB211276
L	3033	679	*	*	*	*	*	EU819513	*
H	3033	100	94.0	+	0	0	49I100M530I	AB211276	EU819513
L	25376	629	*	*	*	*	*	HE647708	*
H	25376	100	92.0	+	0	0	I52M4I48M524I	AB211276	HE647708
H	9249	100	100.0	+	0	0	2I100M534I	U56046	AF389151
H	24744	100	100.0	+	0	0	38I100M537I	U56046	GU222289
L	13382	684	*	*	*	*	*	DQ083782	*
H	13382	100	100.0	+	0	0	34I100M550I	U56046	DQ083782
L	13100	647	*	*	*	*	*	DQ001401	*
H	13100	100	100.0	+	0	0	12I100M535I	DQ001401	DQ001401
L	12485	1543	*	*	*	*	*	AB158634	*
H	12485	100	92.0	+	0	0	8D92M1451I	DQ001401	AB158634
L	29283	921	*	*	*	*	*	UDB011716	*
H	29283	100	94.0	+	0	0	2I61MD38M820I	DQ001401	UDB011716
L	13112	787	*	*	*	*	*	DQ007029	*
H	13112	100	100.0	+	0	0	245I100M442I	DQ007029	DQ007029
L	13117	839	*	*	*	*	*	DQ007034	*
H	13117	100	98.0	+	0	0	237I100M502I	DQ007029	DQ007034
H	13119	100	98.0	+	0	0	251I59MI41M498I	DQ007029	DQ007036
L	13153	375	*	*	*	*	*	AY923257	*
H	13153	100	100.0	+	0	0	100M275I	AY923257	AY923257
L	13158	633	*	*	*	*	*	AY966450	*
H	13158	100	100.0	+	0	0	100M533I	AY966450	AY966450
L	12195	406	*	*	*	*	*	U85796	*
H	12195	100	98.0	+	0	0	51I100M255I	AY966450	U85796
L	9563	310	*	*	*	*	*	AF527514	*
H	9563	100	97.0	+	0	0	53I49MI51M156I	AY966450	AF527514
L	13166	529	*	*	*	*	*	AJ307020	*
H	13166	100	100.0	+	0	0	5I100M424I	AJ307020	AJ307020
L	16871	515	*	*	*	*	*	AJ307018	*
H	16871	100	96.0	+	0	0	5I100M410I	AJ307020	AJ307018
L	978	522	*	*	*	*	*	AJ307021	*
H	978	100	89.0	+	0	0	5I100M417I	AJ307020	AJ307021
L	13184	709	*	*	*	*	*	AF193389	*
H	13184	100	100.0	+	0	0	11I100M598I	AF193389	AF193389
L	13185	719	*	*	*	*	*	AF193390	*
H	13185	100	98.0	+	0	0	11I100M608I	AF193389	AF193390
L	13192	483	*	*	*	*	*	EF413591	*
H	13192	100	100.0	+	0	0	100M383I	EF413591	EF413591
L	27312	968	*	*	*	*	*	JF714251	*
H	27312	100	99.0	+	0	0	428I100M440I	EF413591	JF714251
L	13196	827	*	*	*	*	*	AF141195	*
H	13196	100	97.0	+	0	0	319I87MD12M409I	EF413591	AF141195
L	13206	551	*	*	*	*	*	DQ018091	*
H	13206	100	100.0	+	0	0	12I100M439I	DQ018091	DQ018091
L	13207	550	*	*	*	*	*	DQ018092	*
H	13207	100	100.0	+	0	0	9I100M441I	DQ018092	DQ018092
L	19020	545	*	*	*	*	*	DQ018085	*
H	19020	100	90.0	+	0	0	12I42MI19MD38M433I	DQ018092	DQ018085
L	4861	518	*	*	*	*	*	FJ456893	*
H	4861	100	87.0	+	0	0	2I42MI19MD38M416I	DQ018092	FJ456893
L	13212	472	*	*	*	*	*	GQ336789	*
H	13212	100	100.0	+	0	0	100M372I	GQ336789	GQ336789
L	5337	536	*	*	*	*	*	FJ900164	*
H	5337	100	100.0	+	0	0	22I100M414I	GQ336789	FJ900164
L	794	541	*	*	*	*	*	GQ495792	*
H	794	100	97.0	+	0	0	21I100M420I	GQ336789	GQ495792
L	13214	620	*	*	*	*	*	AF210826	*
H	13214	100	100.0	+	0	0	30I100M490I	AF210826	AF210826
L	13213	628	*	*	*	*	*	AF210827	*
H	13213	100	96.0	+	0	0	33I6MI21MI73M493I	AF210826	AF210827
L	22722	596	*	*	*	*	*	FJ467355	*
H	22722	100	91.0	+	0	0	2I27MI73M493I	AF210826	FJ467355
L	13229	396	*	*	*	*	*	AF170206	*
H	13229	100	100.0	+	0	0	133I100M163I	AF170206	AF170206
L	11303	674	*	*	*	*	*	JN943055	*
H	11303	100	87.0	+	0	0	11I20MD11MI39M2I29M561I	AF170206	JN943055
L	23195	287	*	*	*	*	*	FJ805253	*
H	23195	100	87.0	+	0	0	12I20MD11MI39M2I29M173I	AF170206	FJ805253
L	13232	674	*	*	*	*	*	AY998101	*
H	13232	100	100.0	+	0	0	100M574I	AY998101	AY998101
H	6037	100	97.0	+	0	0	19I10MD81MD7M671I	AY998101	GU014817
L	26014	761	*	*	*	*	*	HQ013087	*
H	26014	100	96.0	+	0	0	19I10MD89M643I	AY998101	HQ013087
L	13930	633	*	*	*	*	*	DQ356415	*
H	13930	100	100.0	+	0	0	23I100M510I	FJ755858	DQ356415
L	13237	681	*	*	*	*	*	FJ755858	*
H	13237	100	100.0	+	0	0	50I100M531I	FJ755858	FJ755858
L	22685	668	*	*	*	*	*	FJ515886	*
H	22685	100	99.0	+	0	0	35I100M533I	FJ755858	FJ515886
L	13241	951	*	*	*	*	*	FJ845441	*
H	13241	100	100.0	+	0	0	117I100M734I	FJ845441	FJ845441
L	22854	631	*	*	*	*	*	EF458018	*
H	22854	100	100.0	+	0	0	I100M530I	FJ845441	EF458018
L	847	817	*	*	*	*	*	DQ988251	*
H	847	100	99.0	+	0	0	12I100M705I	FJ845441	DQ988251
L	13256	469	*	*	*	*	*	AF169199	*
H	13256	100	100.0	+	0	0	7I100M362I	AF169199	AF169199
L	20606	616	*	*	*	*	*	EF546660	*
H	20606	100	88.0	+	0	0	50I35MI65M465I	AF169199	EF546660
L	20985	618	*	*	*	*	*	GU183172	*
H	20985	100	83.0	+	0	0	35I26M2D15MI7MI32M3I18M480I	AF169199	GU183172
L	13259	534	*	*	*	*	*	AB182266	*
H	13259	100	100.0	+	0	0	10I100M424I	AB182266	AB182266
L	13258	538	*	*	*	*	*	AB182265	*
H	13258	100	91.0	+	0	0	10I37M4I63M424I	AB182266	AB182265
L	28612	547	*	*	*	*	*	U57990	*
H	28612	100	82.0	+	0	0	7I33M5I24M2I43M433I	AB182266	U57990
L	13260	555	*	*	*	*	*	DQ008125	*
H	13260	100	100.0	+	0	0	100M455I	DQ008125	DQ008125
L	17318	591	*	*	*	*	*	AM279681	*
H	17318	100	83.0	+	0	0	24I21M2D36MI21M13I20M455I	DQ008125	AM279681
L	3217	612	*	*	*	*	*	AF486124	*
H	3217	100	84.0	+	0	0	25I25MI75M486I	DQ008125	AF486124
L	13270	685	*	*	*	*	*	AF097755	*
H	13270	100	100.0	+	0	0	100M585I	AF097755	AF097755
L	11983	681	*	*	*	*	*	AY176402	*
H	11983	100	89.0	+	0	0	10I16MD30M2D51M574I	AF097755	AY176402
H	9897	100	91.0	+	0	0	26I16MD30M2D51M537I	AF097755	HQ667592
H	13276	100	100.0	+	0	0	120I100M377I	AJ971406	AJ971406
L	20040	468	*	*	*	*	*	AY843127	*
H	20040	100	83.0	+	0	0	14D86M382I	AJ971406	AY843127
L	9906	545	*	*	*	*	*	JF499851	*
H	9906	100	88.0	+	0	0	21I34MD65M425I	AJ971406	JF499851
L	13339	513	*	*	*	*	*	AY725521	*
H	13339	100	100.0	+	0	0	100M413I	AY725521	AY725521
L	8239	1534	*	*	*	*	*	EU707897	*
H	8239	100	97.0	+	0	0	130I92MD7M1305I	AY725521	EU707897
L	20878	522	*	*	*	*	*	EU041799	*
H	20878	100	81.0	+	0	0	23I100M399I	AY725521	EU041799
L	13366	572	*	*	*	*	*	DQ019362	*
H	13366	100	100.0	+	0	0	100M472I	DQ019362	DQ019362
L	13376	781	*	*	*	*	*	DQ056364	*
H	13376	100	100.0	+	0	0	100M681I	DQ056364	DQ056364
L	19046	829	*	*	*	*	*	DQ056371	*
H	19046	100	86.0	+	0	0	D43M3I15MD40M728I	DQ056364	DQ056371
L	2798	395	*	*	*	*	*	AY456376	*
H	2798	100	80.0	+	0	0	17I19M2D38MD40M281I	DQ056364	AY456376
L	21740	1292	*	*	*	*	*	EU655678	*
H	21740	100	100.0	+	0	0	5I100M1187I	DQ083797	EU655678
L	13381	614	*	*	*	*	*	DQ083797	*
H	13381	100	100.0	+	0	0	18I100M496I	DQ083797	DQ083797
L	18508	1290	*	*	*	*	*	FJ717589	*
H	18508	100	95.0	+	0	0	10I100M1180I	DQ083797	FJ717589
L	13389	683	*	*	*	*	*	DQ083810	*
H	13389	100	100.0	+	0	0	22I100M561I	DQ083810	DQ083810
L	12854	1340	*	*	*	*	*	AY174863	*
H	12854	100	99.0	+	0	0	40I100M1200I	DQ083810	AY174863
L	13386	695	*	*	*	*	*	DQ083793	*
H	13386	100	95.0	+	0	0	20I61MD38M576I	DQ083810	DQ083793
L	13402	884	*	*	*	*	*	DQ097886	*
H	13402	100	100.0	+	0	0	40I100M744I	DQ097886	DQ097886
L	3386	1268	*	*	*	*	*	FJ039604	*
H	3386	100	99.0	+	0	0	6I100M1162I	DQ097886	FJ039604
L	13995	687	*	*	*	*	*	AJ438981	*
H	13995	100	99.0	+	0	0	11I100M576I	DQ097886	AJ438981
L	13407	587	*	*	*	*	*	AB198705	*
H	13407	100	100.0	+	0	0	100M487I	AB198705	AB198705
L	14613	587	*	*	*	*	*	AB198708	*
H	14613	100	84.0	+	0	0	100M487I	AB198705	AB198708
L	10210	687	*	*	*	*	*	JF519834	*
H	10210	100	100.0	+	0	0	51I100M536I	DQ102396	JF519834
L	13410	685	*	*	*	*	*	DQ102396	*
H	13410	100	100.0	+	0	0	35I100M550I	DQ102396	DQ102396
L	10215	657	*	*	*	*	*	JF519842	*
H	10215	100	99.0	+	0	0	11I8MD91M547I	DQ102396	JF519842
L	22748	749	*	*	*	*	*	FJ481030	*
H	22748	100	100.0	+	0	0	35I100M614I	EU833665	FJ481030
L	13417	727	*	*	*	*	*	EU833665	*
H	13417	100	100.0	+	0	0	24I100M603I	EU833665	EU833665
L	6533	712	*	*	*	*	*	GU939632	*
H	6533	100	98.0	+	0	0	I55MI45M610I	EU833665	GU939632
L	13451	431	*	*	*	*	*	AF185692	*
H	13451	100	100.0	+	0	0	40I100M291I	AF185692	AF185692
L	5762	711	*	*	*	*	*	FJ827723	*
H	5762	100	84.0	+	0	0	28I39MD29M7D24M591I	AF185692	FJ827723
L	13463	196	*	*	*	*	*	U21821	*
H	13463	100	100.0	+	0	0	100M96I	U21821	U21821
L	29413	511	*	*	*	*	*	Z81435	*
H	29413	100	91.0	+	0	0	45M2I6MD48M410I	U21821	Z81435
L	13470	602	*	*	*	*	*	AB022358	*
H	13470	100	100.0	+	0	0	100M502I	AB022358	AB022358
H	10932	100	95.0	+	0	0	25I25MI75M463I	AB022358	AB091776
L	4227	721	*	*	*	*	*	AB378738	*
H	4227	100	97.0	+	0	0	50I26MI74M570I	AB022358	AB378738
L	13509	632	*	*	*	*	*	EU913709	*
H	13509	100	100.0	+	0	0	100M532I	EU913709	EU913709
L	22222	602	*	*	*	*	*	EU913713	*
H	22222	100	91.0	+	0	0	4D96M506I	EU913709	EU913713
L	22224	542	*	*	*	*	*	EU913722	*
H	22224	100	94.0	+	0	0	D9MI23MI67M441I	EU913709	EU913722
L	13537	511	*	*	*	*	*	DQ117457	*
H	13537	100	100.0	+	0	0	100M411I	DQ117457	DQ117457
L	13538	513	*	*	*	*	*	DQ117450	*
H	13538	100	99.0	+	0	0	77MD22M414I	DQ117457	DQ117450
L	13535	509	*	*	*	*	*	DQ117447	*
H	13535	100	94.0	+	0	0	100M409I	DQ117457	DQ117447
L	13550	559	*	*	*	*	*	DQ195781	*
H	13550	100	100.0	+	0	0	100M459I	DQ195781	DQ195781
L	13598	483	*	*	*	*	*	DQ200925	*
H	13598	100	100.0	+	0	0	100M383I	DQ200925	DQ200925
L	13610	706	*	*	*	*	*	DQ182511	*
H	13610	100	100.0	+	0	0	100M606I	DQ182511	DQ182511
L	18189	710	*	*	*	*	*	DQ182515	*
H	18189	100	98.0	+	0	0	100M610I	DQ182511	DQ182515
H	27212	100	98.0	+	0	0	19I100M605I	DQ182511	JF514524
H	13614	100	100.0	+	0	0	100M615I	DQ182531	DQ182531
L	662	708	*	*	*	*	*	AY943974	*
H	662	100	99.0	+	0	0	100M608I	DQ182531	AY943974
L	10757	699	*	*	*	*	*	JF495069	*
H	10757	100	98.0	+	0	0	3I100M596I	DQ182531	JF495069
L	13646	587	*	*	*	*	*	AF243133	*
H	13646	100	100.0	+	0	0	11I100M476I	AF243133	AF243133
L	13647	594	*	*	*	*	*	AF243134	*
H	13647	100	96.0	+	0	0	11I100M483I	AF243133	AF243134
L	3058	559	*	*	*	*	*	EU645679	*
H	3058	100	81.0	+	0	0	36I54MI46M422I	AF243133	EU645679
L	13668	390	*	*	*	*	*	DQ234792	*
H	13668	100	100.0	+	0	0	11I100M279I	DQ234792	DQ234792
L	22585	892	*	*	*	*	*	FJ380937	*
H	22585	100	88.0	+	0	0	383I27M30I13MD14M50I11M21I7M5I27M304I	DQ234792	FJ380937
L	4451	866	*	*	*	*	*	FJ185262	*
H	4451	100	84.0	+	0	0	363I28M15I11M12I10M24I13M18I14M35I24M299I	DQ234792	FJ185262
L	13707	531	*	*	*	*	*	AB026144	*
H	13707	100	100.0	+	0	0	15I100M416I	AB026144	AB026144
L	1659	603	*	*	*	*	*	GQ927253	*
H	1659	100	89.0	+	0	0	50I100M453I	AB026144	GQ927253
L	7248	611	*	*	*	*	*	GQ390796	*
H	7248	100	89.0	+	0	0	12I100M499I	AB026144	GQ390796
L	13712	544	*	*	*	*	*	DQ243789	*
H	13712	100	100.0	+	0	0	100M444I	DQ243789	DQ243789
L	15697	543	*	*	*	*	*	EF447409	*
H	15697	100	98.0	+	0	0	83MI17M442I	DQ243789	EF447409
L	6290	530	*	*	*	*	*	EF447381	*
H	6290	100	98.0	+	0	0	83MI17M429I	DQ243789	EF447381
L	13771	423	*	*	*	*	*	DQ241454	*
H	13771	100	100.0	+	0	0	100M323I	DQ241454	DQ241454
L	19266	503	*	*	*	*	*	DQ241455	*
H	19266	100	98.0	+	0	0	100M403I	DQ241454	DQ241455
L	13770	575	*	*	*	*	*	DQ241463	*
H	13770	100	85.0	+	0	0	47I76M2I24M426I	DQ241454	DQ241463
L	13785	643	*	*	*	*	*	DQ278937	*
H	13785	100	100.0	+	0	0	24I100M519I	DQ278937	DQ278937
H	9960	100	93.0	+	0	0	39I9MI12M2I79M483I	DQ278937	GU067737
H	129	100	93.0	+	0	0	29I9MI12M2I79M518I	DQ278937	AJ716305
L	13791	597	*	*	*	*	*	DQ278945	*
H	13791	100	100.0	+	0	0	37I100M460I	DQ278945	DQ278945
L	533	1664	*	*	*	*	*	DQ983815	*
H	533	100	98.0	+	0	0	5I100M1559I	DQ278945	DQ983815
L	532	1709	*	*	*	*	*	DQ983814	*
H	532	100	90.0	+	0	0	50I100M1559I	DQ278945	DQ983814
L	13818	492	*	*	*	*	*	DQ303097	*
H	13818	100	100.0	+	0	0	100M392I	DQ303097	DQ303097
H	6079	100	92.0	+	0	0	100M395I	DQ303097	EU514293
H	22698	100	92.0	+	0	0	45I57MI43M381I	DQ303097	FJ441662
H	13827	100	100.0	+	0	0	11I100M395I	AJ973393	AJ973393
H	23611	100	100.0	+	0	0	221I65MI28M2I7M1234I	AJ973393	FM992388
L	24064	504	*	*	*	*	*	GQ205078	*
H	24064	100	83.0	+	0	0	15D25MD52MI7M419I	AJ973393	GQ205078
L	13835	777	*	*	*	*	*	DQ320561	*
H	13835	100	100.0	+	0	0	201I100M476I	DQ320561	DQ320561
L	19055	638	*	*	*	*	*	DQ066701	*
H	19055	100	86.0	+	0	0	23I100M515I	DQ320561	DQ066701
L	4446	573	*	*	*	*	*	AY124146	*
H	4446	100	92.0	+	0	0	33I70MI30M439I	DQ320561	AY124146
H	13849	100	100.0	+	0	0	42I100M506I	DQ329367	DQ329367
L	8892	648	*	*	*	*	*	FJ455097	*
H	8892	100	95.0	+	0	0	35I100M513I	DQ329367	FJ455097
L	23651	645	*	*	*	*	*	GU979083	*
H	23651	100	90.0	+	0	0	36I100M509I	DQ329367	GU979083
L	13873	643	*	*	*	*	*	DQ328194	*
H	13873	100	100.0	+	0	0	100M543I	DQ328194	DQ328194
L	13879	652	*	*	*	*	*	DQ328208	*
H	13879	100	95.0	+	0	0	3D45M2I52M553I	DQ328194	DQ328208
L	24804	720	*	*	*	*	*	GU233339	*
H	24804	100	92.0	+	0	0	51I6MI46MD47M569I	DQ328194	GU233339
H	13881	100	100.0	+	0	0	31I100M608I	DQ328168	DQ328168
L	13884	699	*	*	*	*	*	DQ328182	*
H	13884	100	97.0	+	0	0	12I100M587I	DQ328168	DQ328182
L	27079	702	*	*	*	*	*	DQ328211	*
H	27079	100	97.0	+	0	0	13I100M589I	DQ328168	DQ328211
L	13883	658	*	*	*	*	*	DQ328160	*
H	13883	100	100.0	+	0	0	18I100M540I	DQ328160	DQ328160
L	24387	684	*	*	*	*	*	DQ328078	*
H	24387	100	98.0	+	0	0	40I100M544I	DQ328160	DQ328078
L	9578	1283	*	*	*	*	*	EU660948	*
H	9578	100	98.0	+	0	0	100M1183I	DQ328160	EU660948
L	13889	1240	*	*	*	*	*	DQ344510	*
H	13889	100	100.0	+	0	0	49I100M1091I	DQ344510	DQ344510
L	13891	1232	*	*	*	*	*	DQ344517	*
H	13891	100	94.0	+	0	0	49I76M2D22M1085I	DQ344510	DQ344517
L	20638	1254	*	*	*	*	*	EF583818	*
H	20638	100	93.0	+	0	0	35I76M2D22M1121I	DQ344510	EF583818
L	13890	1249	*	*	*	*	*	DQ344514	*
H	13890	100	100.0	+	0	0	49I100M1100I	DQ344514	DQ344514
H	13891	100	95.0	+	0	0	49I63MD36M1084I	DQ344514	DQ344517
H	13889	100	95.0	+	0	0	49I63MD13M2I23M1090I	DQ344514	DQ344510
L	13904	347	*	*	*	*	*	AJ876897	*
H	13904	100	100.0	+	0	0	100M247I	AJ876897	AJ876897
L	13945	731	*	*	*	*	*	DQ365605	*
H	13945	100	100.0	+	0	0	51I100M580I	DQ365605	DQ365605
L	11817	1602	*	*	*	*	*	JQ408245	*
H	11817	100	93.0	+	0	0	9I9M3D88M1496I	DQ365605	JQ408245
L	24460	696	*	*	*	*	*	GQ981505	*
H	24460	100	81.0	+	0	0	39I38M2I16M2D19M2D14MD8M560I	DQ365605	GQ981505
L	13949	656	*	*	*	*	*	DQ365611	*
H	13949	100	100.0	+	0	0	14I100M542I	DQ365611	DQ365611
L	13969	675	*	*	*	*	*	EU557325	*
H	13969	100	100.0	+	0	0	5I100M570I	EU557325	EU557325
L	8659	899	*	*	*	*	*	DQ367917	*
H	8659	100	97.0	+	0	0	50I100M749I	EU557325	DQ367917
L	28500	1260	*	*	*	*	*	EU486453	*
H	28500	100	95.0	+	0	0	4I100M1156I	EU557325	EU486453
H	13991	100	100.0	+	0	0	12I100M555I	DQ366856	DQ366853
H	13994	100	100.0	+	0	0	50I100M546I	DQ366856	DQ366856
H	10174	100	99.0	+	0	0	11I100M549I	DQ366856	AY588102
H	13995	100	100.0	+	0	0	11I100M576I	AJ438981	AJ438981
L	19629	1243	*	*	*	*	*	FJ157034	*
H	19629	100	100.0	+	0	0	I100M1142I	AJ438981	FJ157034
H	3386	100	100.0	+	0	0	6I100M1162I	AJ438981	FJ039604
L	14005	524	*	*	*	*	*	DQ374132	*
H	14005	100	100.0	+	0	0	100M424I	DQ374132	DQ374132
L	19474	524	*	*	*	*	*	DQ374128	*
H	19474	100	96.0	+	0	0	18MD81M425I	DQ374132	DQ374128
L	14006	512	*	*	*	*	*	DQ374136	*
H	14006	100	92.0	+	0	0	18MD81M413I	DQ374132	DQ374136
L	14020	587	*	*	*	*	*	EU248590	*
H	14020	100	100.0	+	0	0	100M487I	EU248590	EU248590
L	4064	610	*	*	*	*	*	EU248593	*
H	4064	100	93.0	+	0	0	15MD84M511I	EU248590	EU248593
L	28365	681	*	*	*	*	*	AY061685	*
H	28365	100	90.0	+	0	0	37I17MD82M545I	EU248590	AY061685
L	14029	502	*	*	*	*	*	AY613409	*
H	14029	100	100.0	+	0	0	100M402I	AY613409	AY613409
L	6403	500	*	*	*	*	*	AY773115	*
H	6403	100	90.0	+	0	0	7D93M407I	AY613409	AY773115
L	18682	506	*	*	*	*	*	AY773119	*
H	18682	100	88.0	+	0	0	7D93M413I	AY613409	AY773119
L	14036	672	*	*	*	*	*	DQ394396	*
H	14036	100	100.0	+	0	0	17I100M555I	DQ394396	DQ394396
L	27342	739	*	*	*	*	*	JF744969	*
H	27342	100	89.0	+	0	0	154I13MI21M2D64M486I	DQ394396	JF744969
L	19772	942	*	*	*	*	*	DQ534487	*
H	19772	100	91.0	+	0	0	277I13MI20M13I49MI18M550I	DQ394396	DQ534487
L	14051	1749	*	*	*	*	*	DQ389663	*
H	14051	100	100.0	+	0	0	1634I100M15I	DQ389663	DQ389663
L	15980	1706	*	*	*	*	*	AF310090	*
H	15980	100	97.0	+	0	0	1607I99MD	DQ389663	AF310090
L	16566	1739	*	*	*	*	*	AF506449	*
H	16566	100	97.0	+	0	0	1631I100M8I	DQ389663	AF506449
L	8364	763	*	*	*	*	*	HQ287324	*
H	8364	100	100.0	+	0	0	237I100M426I	DQ401144	HQ287324
L	14065	1687	*	*	*	*	*	DQ401144	*
H	14065	100	100.0	+	0	0	100M1587I	DQ401144	DQ401144
H	8362	100	96.0	+	0	0	237I100M424I	DQ401144	HQ287329
L	14067	541	*	*	*	*	*	DQ399414	*
H	14067	100	100.0	+	0	0	100M441I	DQ399414	DQ399414
L	5772	570	*	*	*	*	*	FJ009555	*
H	5772	100	92.0	+	0	0	50I18M2I9M3I7MI66M414I	DQ399414	FJ009555
L	10089	555	*	*	*	*	*	GU951765	*
H	10089	100	85.0	+	0	0	I29M2I71M452I	DQ399414	GU951765
L	14070	471	*	*	*	*	*	FJ183443	*
H	14070	100	100.0	+	0	0	12I100M359I	FJ183443	FJ183443
L	11435	483	*	*	*	*	*	EU149798	*
H	11435	100	100.0	+	0	0	11I100M372I	FJ183443	EU149798
L	12285	486	*	*	*	*	*	EU070925	*
H	12285	100	99.0	+	0	0	12I59MI41M373I	FJ183443	EU070925
L	14099	620	*	*	*	*	*	DQ411529	*
H	14099	100	100.0	+	0	0	41I100M479I	DQ411529	DQ411529
L	28840	639	*	*	*	*	*	UDB000778	*
H	28840	100	81.0	+	0	0	24I36M2D43MI19M516I	DQ411529	UDB000778
L	14123	1198	*	*	*	*	*	DQ421971	*
H	14123	100	100.0	+	0	0	100M1098I	DQ421971	DQ421971
L	14137	580	*	*	*	*	*	EF493297	*
H	14137	100	100.0	+	0	0	100M480I	EF493297	EF493297
L	29224	719	*	*	*	*	*	AF140260	*
H	29224	100	100.0	+	0	0	10I100M609I	EF493297	AF140260
L	10519	754	*	*	*	*	*	AF140254	*
H	10519	100	100.0	+	0	0	45I100M609I	EF493297	AF140254
L	14155	481	*	*	*	*	*	DQ431177	*
H	14155	100	100.0	+	0	0	100M381I	DQ431177	DQ431177
L	14154	477	*	*	*	*	*	DQ431174	*
H	14154	100	95.0	+	0	0	46MD53M378I	DQ431177	DQ431174
L	20192	462	*	*	*	*	*	EF060304	*
H	20192	100	92.0	+	0	0	2D40MI39MI19M362I	DQ431177	EF060304
L	14157	320	*	*	*	*	*	AM160616	*
H	14157	99	100.0	+	0	0	99M221I	AM160616	AM160616
L	828	357	*	*	*	*	*	EF449525	*
H	828	99	87.9	+	0	0	20I76MD22M239I	AM160616	EF449525
L	21022	377	*	*	*	*	*	EU137672	*
H	21022	99	89.9	+	0	0	19I99M259I	AM160616	EU137672
L	14190	579	*	*	*	*	*	DQ453696	*
H	14190	100	100.0	+	0	0	100M479I	DQ453696	DQ453696
L	14201	563	*	*	*	*	*	AF083191	*
H	14201	100	100.0	+	0	0	35I100M428I	AF083191	AF083191
L	9166	510	*	*	*	*	*	JF340253	*
H	9166	100	92.0	+	0	0	38I100M372I	AF083191	JF340253
L	14814	517	*	*	*	*	*	AB374284	*
H	14814	100	90.0	+	0	0	14I45MD54M404I	AF083191	AB374284
L	14218	525	*	*	*	*	*	DQ491515	*
H	14218	100	100.0	+	0	0	21I100M404I	DQ491515	DQ491515
L	6100	963	*	*	*	*	*	GU214649	*
H	6100	100	98.0	+	0	0	353I24MD18MI21MI36M509I	DQ491515	GU214649
L	24166	618	*	*	*	*	*	GQ303268	*
H	24166	100	94.0	+	0	0	122I24MD38MI28MI9M395I	DQ491515	GQ303268
L	10689	501	*	*	*	*	*	AY354387	*
H	10689	100	100.0	+	0	0	9I100M392I	EF488411	AY354387
L	194	569	*	*	*	*	*	FJ478136	*
H	194	100	100.0	+	0	0	36I100M433I	EF488411	FJ478136
L	24530	526	*	*	*	*	*	FJ196767	*
H	24530	100	100.0	+	0	0	13I100M413I	EF488411	FJ196767
L	14266	560	*	*	*	*	*	HM439635	*
H	14266	100	100.0	+	0	0	13I100M447I	HM439635	HM439635
L	11445	590	*	*	*	*	*	GU462142	*
H	11445	100	100.0	+	0	0	51I100M439I	HM439635	GU462142
L	7968	468	*	*	*	*	*	FJ861450	*
H	7968	100	99.0	+	0	0	D99M369I	HM439635	FJ861450
L	14289	633	*	*	*	*	*	DQ485612	*
H	14289	67	100.0	+	0	0	559I67M7I	DQ485612	DQ485612
L	14347	492	*	*	*	*	*	FN386268	*
H	14347	100	100.0	+	0	0	100M392I	FN386268	FN386268
L	3218	565	*	*	*	*	*	AF486125	*
H	3218	100	95.0	+	0	0	22I100M443I	FN386268	AF486125
L	27938	532	*	*	*	*	*	JN225931	*
H	27938	100	94.0	+	0	0	22I45MD54M411I	FN386268	JN225931
L	14348	584	*	*	*	*	*	DQ521417	*
H	14348	100	100.0	+	0	0	100M484I	DQ521417	DQ521417
L	4135	1750	*	*	*	*	*	U66440	*
H	4135	100	96.0	+	0	0	42I100M1608I	DQ521417	U66440
L	4692	1758	*	*	*	*	*	U66439	*
H	4692	100	90.0	+	0	0	52I75MI25M1605I	DQ521417	U66439
L	14358	756	*	*	*	*	*	AB015681	*
H	14358	100	100.0	+	0	0	35I100M621I	AB015681	AB015681
L	4288	655	*	*	*	*	*	FJ596795	*
H	4288	100	87.0	+	0	0	4D22MD30M5D38M565I	AB015681	FJ596795
H	14397	100	100.0	+	0	0	26I100M396I	AB042227	AB042227
H	3275	100	90.0	+	0	0	11I77M2I23M428I	AB042227	AF444474
L	14398	534	*	*	*	*	*	AF444479	*
H	14398	100	93.0	+	0	0	11I89MD10M424I	AB042227	AF444479
L	14407	647	*	*	*	*	*	AB045707	*
H	14407	100	100.0	+	0	0	41I100M506I	AB045707	AB045707
L	7961	983	*	*	*	*	*	AB025707	*
H	7961	100	96.0	+	0	0	421I18MI76MI6M460I	AB045707	AB025707
L	14411	441	*	*	*	*	*	AB048616	*
H	14411	100	100.0	+	0	0	100M341I	AB048616	AB048616
L	12948	460	*	*	*	*	*	AF162455	*
H	12948	100	96.0	+	0	0	5I70M2D28M357I	AB048616	AF162455
L	15636	462	*	*	*	*	*	AF162465	*
H	15636	100	96.0	+	0	0	5I100M357I	AB048616	AF162465
L	14420	609	*	*	*	*	*	FJ494954	*
H	14420	100	100.0	+	0	0	35I100M474I	FJ494954	FJ494954
L	13330	570	*	*	*	*	*	AF116178	*
H	13330	100	98.0	+	0	0	14I100M456I	FJ494954	AF116178
H	5234	100	96.0	+	0	0	308I100M469I	FJ494954	FJ494924
L	14423	805	*	*	*	*	*	GU001666	*
H	14423	100	100.0	+	0	0	35I100M670I	GU001666	GU001666
L	27343	661	*	*	*	*	*	FJ687269	*
H	27343	100	82.0	+	0	0	24I25M3D11MD14MD10M4D12M2D17M548I	GU001666	FJ687269
L	2005	1319	*	*	*	*	*	AB073519	*
H	2005	100	82.0	+	0	0	13I25M3D11MD14MD10M4D12M2D17M1217I	GU001666	AB073519
L	14424	536	*	*	*	*	*	AF444472	*
H	14424	100	100.0	+	0	0	11I100M425I	AF444472	AF444472
H	14397	100	93.0	+	0	0	26I53MD28MI18M396I	AF444472	AB042227
L	3268	536	*	*	*	*	*	AF444425	*
H	3268	100	92.0	+	0	0	11I82MI18M424I	AF444472	AF444425
L	14427	591	*	*	*	*	*	AB054113	*
H	14427	100	100.0	+	0	0	100M491I	AB054113	AB054113
L	11304	783	*	*	*	*	*	AJ606464	*
H	11304	100	88.0	+	0	0	16I24MI26MI50M665I	AB054113	AJ606464
L	14428	653	*	*	*	*	*	AB513338	*
H	14428	100	88.0	+	0	0	39I24MI26MI50M512I	AB054113	AB513338
L	14448	548	*	*	*	*	*	GQ870342	*
H	14448	100	100.0	+	0	0	100M448I	GQ870342	GQ870342
L	421	441	*	*	*	*	*	EF010914	*
H	421	100	97.0	+	0	0	10I20MI80M330I	GQ870342	EF010914
L	14824	1363	*	*	*	*	*	AB430819	*
H	14824	100	95.0	+	0	0	33I20MI80M1229I	GQ870342	AB430819
L	14479	569	*	*	*	*	*	AF115730	*
H	14479	100	100.0	+	0	0	100M469I	AF115730	AF115730
L	19797	650	*	*	*	*	*	DQ641325	*
H	19797	100	99.0	+	0	0	17I16MI56MI28M531I	AF115730	DQ641325
L	19796	642	*	*	*	*	*	DQ641324	*
H	19796	100	89.0	+	0	0	17I23MI77M524I	AF115730	DQ641324
L	14481	650	*	*	*	*	*	AB097398	*
H	14481	100	100.0	+	0	0	100M550I	AB097398	AB097398
L	14503	542	*	*	*	*	*	EU938595	*
H	14503	100	100.0	+	0	0	100M442I	EU938595	EU938595
L	10972	544	*	*	*	*	*	JF267658	*
H	10972	100	95.0	+	0	0	3D97M447I	EU938595	JF267658
L	10973	526	*	*	*	*	*	JF267659	*
H	10973	100	98.0	+	0	0	85M2I15M424I	EU938595	JF267659
L	14506	665	*	*	*	*	*	AY315788	*
H	14506	100	100.0	+	0	0	4I100M561I	AY315788	AY315788
L	29374	274	*	*	*	*	*	X82505	*
H	29374	100	98.0	+	0	0	D99M175I	AY315788	X82505
L	28107	670	*	*	*	*	*	EU424278	*
H	28107	100	91.0	+	0	0	8D92M578I	AY315788	EU424278
H	3389	100	100.0	+	0	0	301I100M272I	AB188132	L76484
L	14584	325	*	*	*	*	*	AB188132	*
H	14584	100	100.0	+	0	0	100M225I	AB188132	AB188132
L	3391	651	*	*	*	*	*	L76507	*
H	3391	100	99.0	+	0	0	283I100M268I	AB188132	L76507
L	14595	505	*	*	*	*	*	AB190398	*
H	14595	100	100.0	+	0	0	19I100M386I	AB190398	AB190398
L	25139	1843	*	*	*	*	*	GU727562	*
H	25139	100	90.0	+	0	0	10D90M1753I	AB190398	GU727562
L	27755	525	*	*	*	*	*	AJ971456	*
H	27755	100	81.0	+	0	0	12I24MI29MI9M2D22M35I14M378I	AB190398	AJ971456
L	14596	626	*	*	*	*	*	GU212389	*
H	14596	100	100.0	+	0	0	13I100M513I	GU212389	GU212389
L	22128	608	*	*	*	*	*	GU212390	*
H	22128	100	99.0	+	0	0	D99M509I	GU212389	GU212390
L	21968	650	*	*	*	*	*	EU770236	*
H	21968	100	99.0	+	0	0	286I100M264I	GU212389	EU770236
H	3389	100	100.0	+	0	0	301I100M272I	AB192997	L76484
H	14584	100	100.0	+	0	0	100M225I	AB192997	AB188132
H	3391	100	99.0	+	0	0	283I100M268I	AB192997	L76507
L	14608	656	*	*	*	*	*	EU181456	*
H	14608	100	100.0	+	0	0	11I100M545I	EU181456	EU181456
L	17219	716	*	*	*	*	*	AJ970142	*
H	17219	100	96.0	+	0	0	23I100M593I	EU181456	AJ970142
L	17220	554	*	*	*	*	*	EU590654	*
H	17220	100	94.0	+	0	0	19I100M435I	EU181456	EU590654
L	14616	188	*	*	*	*	*	AB199604	*
H	14616	100	100.0	+	0	0	100M88I	AB199604	AB199604
L	17000	186	*	*	*	*	*	AJ495428	*
H	17000	100	94.0	+	0	0	26MD73M87I	AB199604	AJ495428
L	5098	602	*	*	*	*	*	GQ241270	*
H	5098	100	94.0	+	0	0	34I26MD73M469I	AB199604	GQ241270
L	14621	747	*	*	*	*	*	AB210074	*
H	14621	100	100.0	+	0	0	17I100M630I	AB210074	AB210074
L	21004	2063	*	*	*	*	*	EU118656	*
H	21004	100	95.0	+	0	0	44I100M1919I	AB210074	EU118656
L	26211	579	*	*	*	*	*	AB084620	*
H	26211	100	89.0	+	0	0	7D93M486I	AB210074	AB084620
L	4933	2035	*	*	*	*	*	AM882956	*
H	4933	100	100.0	+	0	0	1451I100M484I	AB238648	AM882956
L	14646	851	*	*	*	*	*	AB238649	*
H	14646	100	100.0	+	0	0	684I100M67I	AB238648	AB238649
L	14647	920	*	*	*	*	*	AB238648	*
H	14647	100	100.0	+	0	0	753I100M67I	AB238648	AB238648
L	14657	569	*	*	*	*	*	DQ374649	*
H	14657	100	100.0	+	0	0	100M469I	DQ374649	DQ374649
L	10961	566	*	*	*	*	*	D84381	*
H	10961	100	91.0	+	0	0	4D96M470I	DQ374649	D84381
L	28074	626	*	*	*	*	*	JN638618	*
H	28074	100	82.0	+	0	0	12D88M538I	DQ374649	JN638618
L	14675	1643	*	*	*	*	*	EF211126	*
H	14675	100	100.0	+	0	0	13I100M1530I	EF211126	EF211126
L	14724	2732	*	*	*	*	*	AB278186	*
H	14724	100	98.0	+	0	0	64I47MI53M2567I	EF211126	AB278186
L	21286	1993	*	*	*	*	*	EU375523	*
H	21286	100	96.0	+	0	0	74I47MI53M1818I	EF211126	EU375523
L	14685	1487	*	*	*	*	*	AB252468	*
H	14685	100	100.0	+	0	0	37I100M1350I	AB252468	AB252468
L	14683	1435	*	*	*	*	*	AB252464	*
H	14683	100	94.0	+	0	0	14I38MI62M1320I	AB252468	AB252464
L	792	1499	*	*	*	*	*	AB252472	*
H	792	100	92.0	+	0	0	11I100M1388I	AB252468	AB252472
L	14690	575	*	*	*	*	*	AB255280	*
H	14690	100	100.0	+	0	0	11I100M464I	AB255280	AB255280
L	8987	581	*	*	*	*	*	HQ696069	*
H	8987	100	94.0	+	0	0	17I13M2D85M466I	AB255280	HQ696069
H	14408	100	97.0	+	0	0	13I18MD81M447I	AB255280	FJ236461
L	14697	697	*	*	*	*	*	AB259860	*
H	14697	100	100.0	+	0	0	49I100M548I	AB259860	AB259860
L	11190	631	*	*	*	*	*	AY840570	*
H	11190	100	98.0	+	0	0	11I100M520I	AB259860	AY840570
L	23344	630	*	*	*	*	*	GQ982886	*
H	23344	100	97.0	+	0	0	20I100M510I	AB259860	GQ982886
L	14752	556	*	*	*	*	*	AB297798	*
H	14752	100	100.0	+	0	0	13I100M443I	AB297798	AB297798
L	18436	603	*	*	*	*	*	AY462561	*
H	18436	100	90.0	+	0	0	37I27M2D28MD18M4I24M465I	AB297798	AY462561
L	23440	561	*	*	*	*	*	FJ903370	*
H	23440	100	91.0	+	0	0	50I27M2D28MD18M4I24M410I	AB297798	FJ903370
L	14768	1723	*	*	*	*	*	AB325679	*
H	14768	100	100.0	+	0	0	428I100M1195I	AB325679	AB325679
L	14790	653	*	*	*	*	*	AB361028	*
H	14790	100	100.0	+	0	0	50I100M503I	AB361028	AB361028
L	14792	730	*	*	*	*	*	AB361030	*
H	14792	100	91.0	+	0	0	103I16MI42MD13MI28M526I	AB361028	AB361030
L	14786	610	*	*	*	*	*	AB361024	*
H	14786	100	94.0	+	0	0	11I44MD46MD8M501I	AB361028	AB361024
L	14800	503	*	*	*	*	*	AF153726	*
H	14800	100	100.0	+	0	0	100M403I	AF153726	AF153726
L	15644	511	*	*	*	*	*	AY909006	*
H	15644	100	89.0	+	0	0	5I12M2D86M408I	AF153726	AY909006
L	24927	569	*	*	*	*	*	EF423546	*
H	24927	100	88.0	+	0	0	8I17MD82M462I	AF153726	EF423546
H	14802	100	100.0	+	0	0	13I100M557I	AB368512	AB368512
H	9263	100	100.0	+	0	0	22I100M587I	AB368512	JF440959
H	2508	100	100.0	+	0	0	25I100M458I	AB368512	EU552798
H	22487	100	100.0	+	0	0	44I100M375I	FJ466709	FJ210586
H	22485	100	98.0	+	0	0	46I100M368I	FJ466709	FJ210559
H	18883	100	100.0	+	0	0	40I100M454I	FJ466709	GU056168
L	14816	539	*	*	*	*	*	AB375774	*
H	14816	100	100.0	+	0	0	100M439I	AB375774	AB375774
L	25874	542	*	*	*	*	*	AF042432	*
H	25874	100	86.0	+	0	0	16I45MI16MI13M2D24M426I	AB375774	AF042432
H	3275	100	80.0	+	0	0	19I44M2D19M5I12M2I23M417I	AB375774	AF444474
L	14841	758	*	*	*	*	*	AB453026	*
H	14841	100	100.0	+	0	0	27I100M631I	AB453026	AB453026
L	14844	663	*	*	*	*	*	AB453030	*
H	14844	100	100.0	+	0	0	26I100M537I	AB453030	AB453030
L	3167	695	*	*	*	*	*	EU718126	*
H	3167	100	96.0	+	0	0	39I100M556I	AB453030	EU718126
H	22034	100	84.0	+	0	0	39I47M11I19MD23M11I10M613I	AB453030	EU784408
L	14849	1201	*	*	*	*	*	AB454319	*
H	14849	100	100.0	+	0	0	100M1101I	AB454319	AB454319
L	5274	1262	*	*	*	*	*	AB454302	*
H	5274	100	80.0	+	0	0	22M2I8M2I10M22I15M14I17M8I28M1114I	AB454319	AB454302
L	21920	1205	*	*	*	*	*	EU715688	*
H	21920	100	81.0	+	0	0	16I30M2I27M13I37MI6M1073I	AB454319	EU715688
L	14856	1041	*	*	*	*	*	AB458188	*
H	14856	100	100.0	+	0	0	368I100M573I	AB458188	AB458188
L	12901	674	*	*	*	*	*	EU181453	*
H	12901	100	95.0	+	0	0	11I55MI45M562I	AB458188	EU181453
L	14855	598	*	*	*	*	*	FJ360689	*
H	14855	100	86.0	+	0	0	11D89M509I	AB458188	FJ360689
L	14859	673	*	*	*	*	*	AB459512	*
H	14859	100	100.0	+	0	0	27I100M546I	AB459512	AB459512
L	25657	703	*	*	*	*	*	HM237170	*
H	25657	100	84.0	+	0	0	35I37MI63M567I	AB459512	HM237170
L	14016	759	*	*	*	*	*	JQ685726	*
H	14016	100	81.0	+	0	0	14I100M645I	AB459512	JQ685726
L	14882	637	*	*	*	*	*	FJ667264	*
H	14882	100	100.0	+	0	0	100M537I	FJ667264	FJ667264
L	27649	737	*	*	*	*	*	JF701748	*
H	27649	100	97.0	+	0	0	45I100M592I	FJ667264	JF701748
L	20488	712	*	*	*	*	*	FJ440211	*
H	20488	100	97.0	+	0	0	33I100M579I	FJ667264	FJ440211
L	14895	828	*	*	*	*	*	AB481254	*
H	14895	100	100.0	+	0	0	338I100M390I	AB481254	AB481254
L	28614	515	*	*	*	*	*	U58636	*
H	28614	100	93.0	+	0	0	12I100M403I	AB481254	U58636
L	14903	831	*	*	*	*	*	AB481273	*
H	14903	100	92.0	+	0	0	342I100M389I	AB481254	AB481273
L	14907	804	*	*	*	*	*	AB481281	*
H	14907	100	100.0	+	0	0	305I100M399I	AB481281	AB481281
L	3087	582	*	*	*	*	*	EU887662	*
H	3087	100	91.0	+	0	0	35I64MI22M7I14M439I	AB481281	EU887662
L	14902	498	*	*	*	*	*	AB481271	*
H	14902	100	87.0	+	0	0	92M2I8M396I	AB481281	AB481271
L	14932	846	*	*	*	*	*	AB506801	*
H	14932	100	100.0	+	0	0	100M746I	AB506801	AB506801
H	14935	100	97.0	+	0	0	19I12MI88M438I	AB506801	AB509372
H	6767	100	97.0	+	0	0	22I12MI88M450I	AB506801	GU973750
L	14933	1837	*	*	*	*	*	AB508840	*
H	14933	100	100.0	+	0	0	651I100M1086I	AB508840	AB508840
L	18197	1168	*	*	*	*	*	AY487563	*
H	18197	100	88.0	+	0	0	I28MD32MD23M2D13M1071I	AB508840	AY487563
L	21420	2945	*	*	*	*	*	EU517068	*
H	21420	100	83.0	+	0	0	1768I27M2D27M2D42M1081I	AB508840	EU517068
L	15003	760	*	*	*	*	*	EF141543	*
H	15003	100	100.0	+	0	0	39I100M621I	EF141543	EF141543
H	21890	100	97.0	+	0	0	39I100M604I	EF141543	GU234147
L	623	748	*	*	*	*	*	EF141534	*
H	623	100	96.0	+	0	0	38I100M610I	EF141543	EF141534
L	15107	566	*	*	*	*	*	AB190394	*
H	15107	100	100.0	+	0	0	19I100M447I	AB190394	AB190394
L	26575	622	*	*	*	*	*	HQ630973	*
H	26575	100	89.0	+	0	0	51I50M3I50M468I	AB190394	HQ630973
L	26576	561	*	*	*	*	*	AY428792	*
H	26576	100	87.0	+	0	0	13I50M3I50M445I	AB190394	AY428792
L	15122	536	*	*	*	*	*	AB524795	*
H	15122	100	100.0	+	0	0	5I100M431I	AB524795	AB524795
L	15123	533	*	*	*	*	*	AB524796	*
H	15123	100	93.0	+	0	0	5I57MD42M429I	AB524795	AB524796
L	15121	535	*	*	*	*	*	AB524794	*
H	15121	100	95.0	+	0	0	5I100M430I	AB524795	AB524794
L	15125	538	*	*	*	*	*	AB524807	*
H	15125	100	100.0	+	0	0	5I100M433I	AB524807	AB524807
L	15126	548	*	*	*	*	*	AB524808	*
H	15126	100	95.0	+	0	0	5I37MD30MI32M443I	AB524807	AB524808
L	26526	548	*	*	*	*	*	AB524805	*
H	26526	100	96.0	+	0	0	5I24M3I10M4I12MI22MI6MI26M433I	AB524807	AB524805
L	15140	547	*	*	*	*	*	EU927406	*
H	15140	100	100.0	+	0	0	10I100M437I	EU927406	EU927406
L	9425	563	*	*	*	*	*	FJ501300	*
H	9425	100	90.0	+	0	0	37I63MI37M425I	EU927406	FJ501300
L	16740	472	*	*	*	*	*	AJ244237	*
H	16740	100	80.0	+	0	0	12D51MI37M383I	EU927406	AJ244237
L	15177	360	*	*	*	*	*	AB553456	*
H	15177	80	100.0	+	0	0	80M280I	AB553456	AB553456
L	15181	626	*	*	*	*	*	AB553511	*
H	15181	80	91.2	+	0	0	167I22MD57M380I	AB553456	AB553511
L	25761	637	*	*	*	*	*	HM485401	*
H	25761	80	91.2	+	0	0	162I22MD16MI41M395I	AB553456	HM485401
L	15202	551	*	*	*	*	*	AB594802	*
H	15202	100	100.0	+	0	0	100M451I	AB594802	AB594802
L	28220	604	*	*	*	*	*	JN871203	*
H	28220	100	91.0	+	0	0	36I15MI50M10I11MI24M456I	AB594802	JN871203
L	15203	583	*	*	*	*	*	GU244511	*
H	15203	100	92.0	+	0	0	9I17MI46M10I13MI24M462I	AB594802	GU244511
H	15203	100	100.0	+	0	0	100M483I	GU244511	GU244511
H	8235	100	95.0	+	0	0	90I100M1289I	GU244511	EU552155
H	28219	100	95.0	+	0	0	28I100M388I	GU244511	AF405304
L	15216	631	*	*	*	*	*	FJ792587	*
H	15216	100	100.0	+	0	0	35I100M496I	FJ792587	FJ792587
H	14978	100	95.0	+	0	0	11I9M2D89M496I	FJ792587	FJ617298
L	4315	601	*	*	*	*	*	FJ617302	*
H	4315	100	94.0	+	0	0	13I9M2D89M490I	FJ792587	FJ617302
L	15219	265	*	*	*	*	*	AB615442	*
H	15219	100	100.0	+	0	0	100M165I	AB615442	AB615442
L	17270	730	*	*	*	*	*	EU002890	*
H	17270	100	99.0	+	0	0	7I100M623I	AB615442	EU002890
H	13602	100	99.0	+	0	0	42I100M633I	AB615442	DQ178645
L	15246	714	*	*	*	*	*	DQ407257	*
H	15246	100	100.0	+	0	0	36I100M578I	DQ407257	DQ407257
L	18820	528	*	*	*	*	*	EF493251	*
H	18820	100	81.0	+	0	0	15D34MD50M444I	DQ407257	EF493251
L	28817	643	*	*	*	*	*	L54076	*
H	28817	100	95.0	+	0	0	8I6MI43MD50M535I	DQ407257	L54076
L	15256	389	*	*	*	*	*	AB682912	*
H	15256	100	100.0	+	0	0	100M289I	AB682912	AB682912
L	15257	397	*	*	*	*	*	AB682913	*
H	15257	100	83.0	+	0	0	18M3D19M2D16M2D22M2D16M306I	AB682912	AB682913
H	15305	100	100.0	+	0	0	35I100M484I	AF011309	AF011309
H	7834	100	99.0	+	0	0	360I100M476I	AF011309	AF009176
L	5987	639	*	*	*	*	*	AB077658	*
H	5987	100	99.0	+	0	0	11I100M528I	AF011309	AB077658
L	15328	1179	*	*	*	*	*	EF592151	*
H	15328	100	100.0	+	0	0	100M1079I	EF592151	EF592151
L	18280	276	*	*	*	*	*	AY533557	*
H	18280	100	94.0	+	0	0	21I100M155I	EF592151	AY533557
L	1482	1183	*	*	*	*	*	EF592164	*
H	1482	100	92.0	+	0	0	44MD55M1084I	EF592151	EF592164
L	15333	657	*	*	*	*	*	EF621935	*
H	15333	100	100.0	+	0	0	13I100M544I	EF621935	EF621935
H	13057	100	96.0	+	0	0	28I82MD17M941I	EF621935	AY877419
L	11248	650	*	*	*	*	*	JN942224	*
H	11248	100	93.0	+	0	0	13I9M2D89M539I	EF621935	JN942224
L	15344	548	*	*	*	*	*	AF043476	*
H	15344	100	100.0	+	0	0	100M448I	AF043476	AF043476
L	17565	448	*	*	*	*	*	FJ473373	*
H	17565	100	93.0	+	0	0	3D97M351I	AF043476	FJ473373
L	17495	448	*	*	*	*	*	FJ473374	*
H	17495	100	92.0	+	0	0	4D96M352I	AF043476	FJ473374
L	15363	640	*	*	*	*	*	AF045874	*
H	15363	100	100.0	+	0	0	100M540I	AF045874	AF045874
L	24000	691	*	*	*	*	*	AY588103	*
H	24000	100	98.0	+	0	0	54I100M537I	AF045874	AY588103
H	12561	100	98.0	+	0	0	18I54MI46M553I	AF045874	AY588109
L	15384	1473	*	*	*	*	*	AF050261	*
H	15384	100	100.0	+	0	0	100M1373I	AF050261	AF050261
L	15385	547	*	*	*	*	*	EU137266	*
H	15385	100	100.0	+	0	0	100M447I	EU137266	EU137266
L	6732	545	*	*	*	*	*	EU137295	*
H	6732	100	98.0	+	0	0	100M445I	EU137266	EU137295
L	9288	548	*	*	*	*	*	EU137316	*
H	9288	100	98.0	+	0	0	100M448I	EU137266	EU137316
L	23481	652	*	*	*	*	*	FJ914990	*
H	23481	100	100.0	+	0	0	29I100M523I	AF050276	FJ914990
L	15393	1494	*	*	*	*	*	AF050276	*
H	15393	100	100.0	+	0	0	100M1394I	AF050276	AF050276
L	21195	666	*	*	*	*	*	EF513758	*
H	21195	100	100.0	+	0	0	45I100M521I	AF050276	EF513758
L	15427	522	*	*	*	*	*	AF062816	*
H	15427	100	100.0	+	0	0	100M422I	AF062816	AF062816
L	9211	545	*	*	*	*	*	HQ914870	*
H	9211	100	87.0	+	0	0	11I19MI81M433I	AF062816	HQ914870
L	15425	524	*	*	*	*	*	AF062812	*
H	15425	100	86.0	+	0	0	100M424I	AF062816	AF062812
L	15429	800	*	*	*	*	*	AF062933	*
H	15429	100	100.0	+	0	0	4I100M696I	AF062933	AF062933
L	2457	802	*	*	*	*	*	AF062936	*
H	2457	100	94.0	+	0	0	4I100M698I	AF062933	AF062936
L	24151	804	*	*	*	*	*	EU784397	*
H	24151	100	88.0	+	0	0	29I6MD9MD16MD10MD55M679I	AF062933	EU784397
L	15436	620	*	*	*	*	*	AY548802	*
H	15436	100	100.0	+	0	0	27I100M493I	AY548802	AY548802
L	15437	513	*	*	*	*	*	AF066951	*
H	15437	100	84.0	+	0	0	12D88M425I	AY548802	AF066951
L	15438	512	*	*	*	*	*	AF066956	*
H	15438	100	82.0	+	0	0	12D88M424I	AY548802	AF066956
L	15459	656	*	*	*	*	*	EU417866	*
H	15459	100	100.0	+	0	0	4I100M552I	EU417866	EU417866
L	16944	270	*	*	*	*	*	DQ002923	*
H	16944	100	83.0	+	0	0	49I87M2I13M119I	EU417866	DQ002923
L	5771	701	*	*	*	*	*	EU417874	*
H	5771	100	83.0	+	0	0	4I87M2I13M595I	EU417866	EU417874
L	15468	716	*	*	*	*	*	AF079682	*
H	15468	100	100.0	+	0	0	7I100M609I	AF079682	AF079682
L	15469	708	*	*	*	*	*	AF079684	*
H	15469	100	93.0	+	0	0	7I27M5D68M606I	AF079682	AF079684
L	515	712	*	*	*	*	*	EF080871	*
H	515	100	91.0	+	0	0	4I47MD34M2I18M607I	AF079682	EF080871
L	15475	742	*	*	*	*	*	AF205445	*
H	15475	100	100.0	+	0	0	145I100M497I	AF205445	AF205445
L	21214	608	*	*	*	*	*	FJ792586	*
H	21214	100	100.0	+	0	0	35I100M473I	AF205445	FJ792586
L	10183	1476	*	*	*	*	*	AF081472	*
H	10183	100	93.0	+	0	0	342I100M1034I	AF205445	AF081472
L	15485	645	*	*	*	*	*	AF083207	*
H	15485	100	100.0	+	0	0	35I100M510I	AF083207	AF083207
L	27360	632	*	*	*	*	*	FJ387565	*
H	27360	100	85.0	+	0	0	33I84M7I16M492I	AF083207	FJ387565
L	15619	666	*	*	*	*	*	AF147493	*
H	15619	100	80.0	+	0	0	34I14MI27MD24MD33M533I	AF083207	AF147493
L	15499	750	*	*	*	*	*	AF096207	*
H	15499	100	100.0	+	0	0	197I100M453I	AF096207	AF096207
L	12251	568	*	*	*	*	*	AF096218	*
H	12251	100	92.0	+	0	0	13I100M455I	AF096207	AF096218
L	25607	592	*	*	*	*	*	HM161500	*
H	25607	100	91.0	+	0	0	36I100M456I	AF096207	HM161500
L	15501	689	*	*	*	*	*	AF096982	*
H	15501	100	100.0	+	0	0	100M589I	AF096982	AF096982
L	21862	687	*	*	*	*	*	EF493299	*
H	21862	100	96.0	+	0	0	5I100M582I	AF096982	EF493299
L	3024	755	*	*	*	*	*	EU819486	*
H	3024	100	89.0	+	0	0	55I21MI32M2D45M601I	AF096982	EU819486
L	15541	752	*	*	*	*	*	AF115758	*
H	15541	100	100.0	+	0	0	233I100M419I	AF115758	AF115758
L	13462	565	*	*	*	*	*	AF226661	*
H	13462	100	97.0	+	0	0	14I100M451I	AF115758	AF226661
L	21316	656	*	*	*	*	*	EU401764	*
H	21316	100	97.0	+	0	0	149I100M407I	AF115758	EU401764
L	15583	363	*	*	*	*	*	AF133181	*
H	15583	100	100.0	+	0	0	99I100M164I	AF133181	AF133181
L	20471	684	*	*	*	*	*	AF491556	*
H	20471	100	100.0	+	0	0	36I100M548I	AF133181	AF491556
L	15582	395	*	*	*	*	*	AF133180	*
H	15582	100	97.0	+	0	0	99I73M2D25M198I	AF133181	AF133180
H	15584	100	100.0	+	0	0	99I100M145I	AF133182	AF133182
L	16508	594	*	*	*	*	*	AF491594	*
H	16508	100	99.0	+	0	0	18I100M476I	AF133182	AF491594
L	5136	645	*	*	*	*	*	AF491608	*
H	5136	100	97.0	+	0	0	36I34MD65M510I	AF133182	AF491608
L	15611	784	*	*	*	*	*	AF141369	*
H	15611	100	100.0	+	0	0	233I100M451I	AF141369	AF141369
H	8299	100	94.0	+	0	0	I52MI48M420I	AF141369	HQ680611
H	12462	100	93.0	+	0	0	5I52MI26MI22M466I	AF141369	AF058039
L	15929	1440	*	*	*	*	*	AY394907	*
H	15929	100	100.0	+	0	0	343I100M997I	DQ658887	AY394907
L	20741	554	*	*	*	*	*	EF658745	*
H	20741	100	100.0	+	0	0	24I100M430I	DQ658887	EF658745
L	15621	545	*	*	*	*	*	DQ658887	*
H	15621	100	100.0	+	0	0	23I100M422I	DQ658887	DQ658887
L	15642	569	*	*	*	*	*	AF163034	*
H	15642	100	100.0	+	0	0	100M469I	AF163034	AF163034
L	23395	526	*	*	*	*	*	FJ884194	*
H	23395	100	99.0	+	0	0	3I100M423I	AF163034	FJ884194
L	2692	488	*	*	*	*	*	DQ780439	*
H	2692	100	96.0	+	0	0	100M388I	AF163034	DQ780439
L	15666	1599	*	*	*	*	*	AF178548	*
H	15666	100	100.0	+	0	0	100M1499I	AF178548	AF178548
L	15669	1635	*	*	*	*	*	AF178549	*
H	15669	100	86.0	+	0	0	20MI49M2I31M1532I	AF178548	AF178549
L	15672	1631	*	*	*	*	*	AF178552	*
H	15672	100	87.0	+	0	0	7MD8MI84M1531I	AF178548	AF178552
H	2601	100	100.0	+	0	0	17I100M500I	AF182966	U88223
L	15681	673	*	*	*	*	*	AF182966	*
H	15681	100	100.0	+	0	0	100M573I	AF182966	AF182966
L	15682	729	*	*	*	*	*	AF182998	*
H	15682	100	96.0	+	0	0	85MI15M628I	AF182966	AF182998
L	15691	544	*	*	*	*	*	AF191171	*
H	15691	100	100.0	+	0	0	100M444I	AF191171	AF191171
L	13430	540	*	*	*	*	*	EF447347	*
H	13430	100	99.0	+	0	0	100M440I	AF191171	EF447347
L	1224	540	*	*	*	*	*	EF447406	*
H	1224	100	98.0	+	0	0	100M440I	AF191171	EF447406
L	15693	539	*	*	*	*	*	AF191185	*
H	15693	100	100.0	+	0	0	100M439I	AF191185	AF191185
H	13430	100	100.0	+	0	0	85MI15M439I	AF191185	EF447347
H	1224	100	99.0	+	0	0	85MI15M439I	AF191185	EF447406
L	15703	777	*	*	*	*	*	AF193361	*
H	15703	100	100.0	+	0	0	11I100M666I	AF193361	AF193361
L	15704	776	*	*	*	*	*	AF193365	*
H	15704	100	99.0	+	0	0	11I100M665I	AF193361	AF193365
L	15700	803	*	*	*	*	*	AF193353	*
H	15700	100	99.0	+	0	0	11I100M692I	AF193361	AF193353
L	7459	739	*	*	*	*	*	AY265221	*
H	7459	100	100.0	+	0	0	32I100M607I	AY672925	AY265221
L	15714	642	*	*	*	*	*	AY672925	*
H	15714	100	100.0	+	0	0	100M542I	AY672925	AY672925
L	12382	708	*	*	*	*	*	AY558636	*
H	12382	100	91.0	+	0	0	9D91M617I	AY672925	AY558636
L	15717	616	*	*	*	*	*	AF201710	*
H	15717	100	100.0	+	0	0	29I100M487I	AF201710	AF201710
L	686	627	*	*	*	*	*	EF026139	*
H	686	100	90.0	+	0	0	11I35MD54M3I10M514I	AF201710	EF026139
L	19215	635	*	*	*	*	*	EF026141	*
H	19215	100	82.0	+	0	0	11I86M2D12M526I	AF201710	EF026141
L	15972	567	*	*	*	*	*	AY909003	*
H	15972	100	100.0	+	0	0	100M467I	FJ185303	AY909003
L	15724	511	*	*	*	*	*	FJ185303	*
H	15724	100	100.0	+	0	0	100M411I	FJ185303	FJ185303
L	5601	555	*	*	*	*	*	GU062284	*
H	5601	100	99.0	+	0	0	52I100M403I	FJ185303	GU062284
L	15726	541	*	*	*	*	*	AF201720	*
H	15726	100	100.0	+	0	0	27I100M414I	AF201720	AF201720
L	1991	590	*	*	*	*	*	EU179862	*
H	1991	100	81.0	+	0	0	11I6MI69MD24M479I	AF201720	EU179862
L	6660	623	*	*	*	*	*	GU292822	*
H	6660	100	80.0	+	0	0	11I6MI69M4D21M515I	AF201720	GU292822
L	15737	471	*	*	*	*	*	AF203799	*
H	15737	100	100.0	+	0	0	100M371I	AF203799	AF203799
L	8825	595	*	*	*	*	*	GQ169486	*
H	8825	100	87.0	+	0	0	21I6MD19M2I11MI63M472I	AF203799	GQ169486
L	15738	604	*	*	*	*	*	FJ878633	*
H	15738	100	92.0	+	0	0	49I6MD19M2I11MI44MD18M454I	AF203799	FJ878633
L	15773	507	*	*	*	*	*	AF222836	*
H	15773	100	100.0	+	0	0	11I100M396I	AF222836	AF222836
L	9925	506	*	*	*	*	*	AF309617	*
H	9925	100	100.0	+	0	0	11I100M395I	AF222836	AF309617
L	1355	502	*	*	*	*	*	FJ572056	*
H	1355	100	95.0	+	0	0	8I93M2D5M396I	AF222836	FJ572056
L	15782	512	*	*	*	*	*	AF224357	*
H	15782	100	100.0	+	0	0	100M412I	AF224357	AF224357
L	15798	728	*	*	*	*	*	AF224446	*
H	15798	100	98.0	+	0	0	234I84MI16M393I	AF224357	AF224446
L	21791	793	*	*	*	*	*	EU670215	*
H	21791	100	96.0	+	0	0	441I84MI16M251I	AF224357	EU670215
L	15785	510	*	*	*	*	*	AF224362	*
H	15785	100	100.0	+	0	0	100M410I	AF224362	AF224362
L	15796	742	*	*	*	*	*	AF224429	*
H	15796	100	80.0	+	0	0	261I53M2D23M3D19M386I	AF224362	AF224429
L	25075	575	*	*	*	*	*	GU553293	*
H	25075	100	81.0	+	0	0	156I52MD27M10I20M310I	AF224362	GU553293
L	15803	576	*	*	*	*	*	AF225432	*
H	15803	100	100.0	+	0	0	11I100M465I	AF225432	AF225432
L	15802	580	*	*	*	*	*	AF225430	*
H	15802	100	87.0	+	0	0	11I100M469I	AF225432	AF225430
H	15800	100	85.0	+	0	0	11I100M465I	AF225432	AF225442
L	15805	577	*	*	*	*	*	AF225441	*
H	15805	100	100.0	+	0	0	11I100M466I	AF225441	AF225441
H	15800	100	96.0	+	0	0	11I100M465I	AF225441	AF225442
L	15801	578	*	*	*	*	*	AF225445	*
H	15801	100	95.0	+	0	0	11I65MI35M466I	AF225441	AF225445
L	15813	540	*	*	*	*	*	AF229468	*
H	15813	100	100.0	+	0	0	100M440I	AF229468	AF229468
L	6603	1503	*	*	*	*	*	AY154696	*
H	6603	100	100.0	+	0	0	367I68MI32M1035I	AF229468	AY154696
L	21373	524	*	*	*	*	*	EU807869	*
H	21373	100	99.0	+	0	0	8I48MD51M417I	AF229468	EU807869
L	15894	2462	*	*	*	*	*	AF277035	*
H	15894	100	100.0	+	0	0	1820I100M542I	AF277035	AF277035
L	11707	1556	*	*	*	*	*	JN943277	*
H	11707	100	98.0	+	0	0	49I100M1407I	AF277035	JN943277
L	28304	648	*	*	*	*	*	JN943276	*
H	28304	100	98.0	+	0	0	70I100M478I	AF277035	JN943276
H	15901	100	100.0	+	0	0	436I100M438I	AF278752	AF278752
L	21788	848	*	*	*	*	*	EU670211	*
H	21788	100	93.0	+	0	0	431I46MD27M2D24M320I	AF278752	EU670211
L	21795	785	*	*	*	*	*	EU670226	*
H	21795	100	92.0	+	0	0	241I46MD19MD33M446I	AF278752	EU670226
L	15912	501	*	*	*	*	*	AF282077	*
H	15912	100	100.0	+	0	0	100M401I	AF282077	AF282077
L	17328	580	*	*	*	*	*	AM292664	*
H	17328	100	85.0	+	0	0	41I65M2I17M6I18M431I	AF282077	AM292664
L	12125	964	*	*	*	*	*	AY425631	*
H	12125	100	84.0	+	0	0	481I64M2I18M6I18M375I	AF282077	AY425631
H	15929	100	100.0	+	0	0	343I100M997I	AY394907	AY394907
H	20741	100	100.0	+	0	0	24I100M430I	AY394907	EF658745
H	15621	100	100.0	+	0	0	23I100M422I	AY394907	DQ658887
L	15943	623	*	*	*	*	*	AF289063	*
H	15943	100	100.0	+	0	0	3I100M520I	AF289063	AF289063
L	14	703	*	*	*	*	*	FJ481038	*
H	14	100	96.0	+	0	0	35I32MD29MD37M570I	AF289063	FJ481038
L	15944	518	*	*	*	*	*	EU517523	*
H	15944	100	87.0	+	0	0	6D56MD37M425I	AF289063	EU517523
L	15957	603	*	*	*	*	*	AF297666	*
H	15957	100	100.0	+	0	0	37I100M466I	AF297666	AF297666
L	15497	740	*	*	*	*	*	AF096204	*
H	15497	100	99.0	+	0	0	187I100M453I	AF297666	AF096204
H	12250	100	97.0	+	0	0	204I34MD65M451I	AF297666	AF096211
L	15961	543	*	*	*	*	*	AF297962	*
H	15961	100	100.0	+	0	0	100M443I	AF297962	AF297962
L	16521	545	*	*	*	*	*	AF492387	*
H	16521	100	84.0	+	0	0	20MD30MD48M447I	AF297962	AF492387
L	16246	548	*	*	*	*	*	AF408682	*
H	16246	100	90.0	+	0	0	17MD82M449I	AF297962	AF408682
L	15989	516	*	*	*	*	*	AF317347	*
H	15989	100	100.0	+	0	0	100M416I	AF317347	AF317347
L	15990	471	*	*	*	*	*	AF261744	*
H	15990	100	84.0	+	0	0	5D60MI35M375I	AF317347	AF261744
L	11432	707	*	*	*	*	*	GQ280665	*
H	11432	100	82.0	+	0	0	188I61M4D10M3D22M426I	AF317347	GQ280665
L	16014	641	*	*	*	*	*	AF325666	*
H	16014	100	100.0	+	0	0	2I100M539I	AF325666	AF325666
L	10416	631	*	*	*	*	*	AF325667	*
H	10416	100	97.0	+	0	0	D99M532I	AF325666	AF325667
L	24605	667	*	*	*	*	*	FJ770402	*
H	24605	100	89.0	+	0	0	11I82MD17M557I	AF325666	FJ770402
L	16019	437	*	*	*	*	*	AF329174	*
H	16019	100	100.0	+	0	0	100M337I	AF329174	AF329174
L	23943	508	*	*	*	*	*	FR799246	*
H	23943	100	82.0	+	0	0	5D5MD89M414I	AF329174	FR799246
L	1672	548	*	*	*	*	*	AF332123	*
H	1672	100	83.0	+	0	0	13I7MI93M434I	AF329174	AF332123
L	16036	570	*	*	*	*	*	AF343319	*
H	16036	100	100.0	+	0	0	100M470I	AF343319	AF343319
L	19686	616	*	*	*	*	*	DQ491420	*
H	19686	100	97.0	+	0	0	3D30MI67M518I	AF343319	DQ491420
L	19684	614	*	*	*	*	*	DQ491411	*
H	19684	100	93.0	+	0	0	3D30MI67M516I	AF343319	DQ491411
L	16071	706	*	*	*	*	*	AF347699	*
H	16071	100	100.0	+	0	0	35I100M571I	AF347699	AF347699
L	16074	643	*	*	*	*	*	AF349708	*
H	16074	100	100.0	+	0	0	47I100M496I	AF349708	AF349708
L	23383	722	*	*	*	*	*	AY061719	*
H	23383	100	92.0	+	0	0	29I55M2D43M595I	AF349708	AY061719
L	213	633	*	*	*	*	*	DQ777981	*
H	213	100	92.0	+	0	0	29I53M2D45M506I	AF349708	DQ777981
L	16077	514	*	*	*	*	*	AF350057	*
H	16077	100	100.0	+	0	0	100M414I	AF350057	AF350057
L	10580	688	*	*	*	*	*	JF908700	*
H	10580	100	88.0	+	0	0	44I15MD7MD17MD22MD24M2D9M550I	AF350057	JF908700
L	18871	659	*	*	*	*	*	AY918955	*
H	18871	100	84.0	+	0	0	11I22M3D16M3D17MD38M555I	AF350057	AY918955
L	16081	650	*	*	*	*	*	AF350067	*
H	16081	100	100.0	+	0	0	100M550I	AF350067	AF350067
L	4069	615	*	*	*	*	*	DQ974755	*
H	4069	100	81.0	+	0	0	5I17MI21MI34M4I28M504I	AF350067	DQ974755
L	29106	996	*	*	*	*	*	UDB011194	*
H	29106	100	85.0	+	0	0	15I17MI53M4I30M876I	AF350067	UDB011194
L	16096	640	*	*	*	*	*	AF350309	*
H	16096	100	100.0	+	0	0	I100M539I	AF350309	AF350309
L	15857	586	*	*	*	*	*	AF257183	*
H	15857	100	97.0	+	0	0	42I100M444I	AF350309	AF257183
L	16093	795	*	*	*	*	*	AF350303	*
H	16093	100	97.0	+	0	0	35I100M660I	AF350309	AF350303
L	16106	473	*	*	*	*	*	AF352316	*
H	16106	100	100.0	+	0	0	I100M372I	AF352316	AF352316
L	15519	546	*	*	*	*	*	AF101286	*
H	15519	100	86.0	+	0	0	14D50MI36M459I	AF352316	AF101286
L	6066	474	*	*	*	*	*	AF352320	*
H	6066	100	97.0	+	0	0	I61MI39M372I	AF352316	AF352320
L	16117	589	*	*	*	*	*	AF357032	*
H	16117	100	100.0	+	0	0	11I100M478I	AF357032	AF357032
L	22901	628	*	*	*	*	*	GQ166906	*
H	22901	100	85.0	+	0	0	8I28MD40MD12MD17M523I	AF357032	GQ166906
L	22919	615	*	*	*	*	*	FJ596926	*
H	22919	100	86.0	+	0	0	3D25MD41MD11MD17M521I	AF357032	FJ596926
H	16119	100	100.0	+	0	0	11I100M487I	AF357037	AF357037
L	1267	589	*	*	*	*	*	AF357052	*
H	1267	100	95.0	+	0	0	11I100M478I	AF357037	AF357052
L	16120	595	*	*	*	*	*	AF357038	*
H	16120	100	98.0	+	0	0	11I100M484I	AF357037	AF357038
H	16120	100	100.0	+	0	0	11I100M484I	AF357038	AF357038
H	16119	100	98.0	+	0	0	11I100M487I	AF357038	AF357037
L	7580	534	*	*	*	*	*	GU234101	*
H	7580	100	92.0	+	0	0	22I100M412I	AF357038	GU234101
L	16131	501	*	*	*	*	*	AF362062	*
H	16131	100	100.0	+	0	0	11I100M390I	AF362062	AF362062
H	1355	100	96.0	+	0	0	9I100M393I	AF362062	FJ572056
L	2623	528	*	*	*	*	*	FJ473426	*
H	2623	100	96.0	+	0	0	38I100M390I	AF362062	FJ473426
L	16138	601	*	*	*	*	*	AF368270	*
H	16138	100	100.0	+	0	0	14I100M487I	AF368270	AF368270
L	25868	536	*	*	*	*	*	HM583833	*
H	25868	100	94.0	+	0	0	8I87M2D11M430I	AF368270	HM583833
L	10737	587	*	*	*	*	*	JN559403	*
H	10737	100	88.0	+	0	0	2D77M2I21M487I	AF368270	JN559403
L	22882	541	*	*	*	*	*	FJ582640	*
H	22882	100	100.0	+	0	0	10I100M431I	AF022786	FJ582640
H	16140	100	100.0	+	0	0	80I100M428I	AF022786	AF022786
L	26617	948	*	*	*	*	*	DQ682600	*
H	26617	100	100.0	+	0	0	450I100M398I	AF022786	DQ682600
L	16157	996	*	*	*	*	*	AF377075	*
H	16157	100	100.0	+	0	0	100M896I	AF377075	AF377075
L	16159	1016	*	*	*	*	*	AF377083	*
H	16159	100	96.0	+	0	0	28I100M888I	AF377075	AF377083
L	16105	1033	*	*	*	*	*	AF351878	*
H	16105	100	85.0	+	0	0	16I43MD27M3I29M915I	AF377075	AF351878
L	16186	653	*	*	*	*	*	AF389135	*
H	16186	100	100.0	+	0	0	100M553I	AF389135	AF389135
L	24811	686	*	*	*	*	*	GU233375	*
H	24811	100	99.0	+	0	0	42I100M544I	AF389135	GU233375
L	28827	622	*	*	*	*	*	UDB000669	*
H	28827	100	99.0	+	0	0	2I100M520I	AF389135	UDB000669
L	16189	552	*	*	*	*	*	AF389195	*
H	16189	100	100.0	+	0	0	I100M451I	AF389195	AF389195
L	7969	572	*	*	*	*	*	HM595510	*
H	7969	100	97.0	+	0	0	12I85MD14M461I	AF389195	HM595510
H	23243	100	91.0	+	0	0	8I85M2D13M419I	AF389195	FJ824614
L	16196	645	*	*	*	*	*	AF391038	*
H	16196	100	100.0	+	0	0	4I100M541I	AF391038	AF391038
L	16197	646	*	*	*	*	*	AF391039	*
H	16197	100	93.0	+	0	0	4I100M542I	AF391038	AF391039
H	13881	100	89.0	+	0	0	31I53M2I47M606I	AF391038	DQ328168
L	16198	689	*	*	*	*	*	GQ203808	*
H	16198	100	100.0	+	0	0	4I100M585I	GQ203808	GQ203808
L	4860	719	*	*	*	*	*	GQ141550	*
H	4860	100	95.0	+	0	0	35I100M584I	GQ203808	GQ141550
L	2467	697	*	*	*	*	*	AF391028	*
H	2467	100	95.0	+	0	0	4I100M593I	GQ203808	AF391028
L	16201	1522	*	*	*	*	*	EU707856	*
H	16201	100	100.0	+	0	0	122I100M1300I	EU707856	EU707856
L	1063	496	*	*	*	*	*	EF535692	*
H	1063	100	92.0	+	0	0	8D92M404I	EU707856	EF535692
L	1869	534	*	*	*	*	*	EU853471	*
H	1869	100	98.0	+	0	0	11I100M423I	EU707856	EU853471
L	16253	563	*	*	*	*	*	AF413088	*
H	16253	100	100.0	+	0	0	100M463I	AF413088	AF413088
H	23803	100	94.0	+	0	0	43I62M2D36M486I	AF413088	FJ769289
H	5392	100	95.0	+	0	0	43I62M2D12MD23M464I	AF413088	GQ388715
L	16255	542	*	*	*	*	*	AF413091	*
H	16255	100	100.0	+	0	0	100M442I	AF413091	AF413091
L	17020	616	*	*	*	*	*	AJ517204	*
H	17020	100	90.0	+	0	0	43I21M2D23MD32M5I15M2I6M469I	AF413091	AJ517204
L	17019	564	*	*	*	*	*	AJ416419	*
H	17019	100	86.0	+	0	0	18I21M2D23MD53M449I	AF413091	AJ416419
L	28710	681	*	*	*	*	*	UDB000115	*
H	28710	100	100.0	+	0	0	28I100M553I	AF418630	UDB000115
L	16258	707	*	*	*	*	*	AF418630	*
H	16258	100	100.0	+	0	0	11I100M596I	AF418630	AF418630
H	10580	100	95.0	+	0	0	30I60MI40M557I	AF418630	JF908700
L	16268	421	*	*	*	*	*	AF422980	*
H	16268	100	100.0	+	0	0	18I100M303I	AF422980	AF422980
L	12000	565	*	*	*	*	*	AY254151	*
H	12000	100	97.0	+	0	0	13I18MI8MI62MD11M451I	AF422980	AY254151
L	16859	2898	*	*	*	*	*	AJ301992	*
H	16859	100	87.0	+	0	0	1758I18MI8MI74M1038I	AF422980	AJ301992
L	16281	600	*	*	*	*	*	GQ412728	*
H	16281	100	100.0	+	0	0	13I100M487I	GQ412728	GQ412728
L	11449	565	*	*	*	*	*	GU453166	*
H	11449	100	99.0	+	0	0	49I64MI36M415I	GQ412728	GU453166
L	8120	514	*	*	*	*	*	GQ412723	*
H	8120	100	92.0	+	0	0	8D92M422I	GQ412728	GQ412723
L	16290	533	*	*	*	*	*	AF433154	*
H	16290	100	100.0	+	0	0	15I100M418I	AF433154	AF433154
L	16288	534	*	*	*	*	*	AF433150	*
H	16288	100	93.0	+	0	0	15I100M419I	AF433154	AF433150
H	2117	100	93.0	+	0	0	6I100M417I	AF433154	AF433147
L	16307	578	*	*	*	*	*	FJ545253	*
H	16307	100	100.0	+	0	0	100M478I	FJ545253	FJ545253
L	17488	522	*	*	*	*	*	DQ645522	*
H	17488	100	87.0	+	0	0	13D87M435I	FJ545253	DQ645522
L	17293	627	*	*	*	*	*	AF444317	*
H	17293	100	90.0	+	0	0	17I71M11I7M2I22M497I	FJ545253	AF444317
L	16317	508	*	*	*	*	*	AF444409	*
H	16317	100	100.0	+	0	0	11I100M397I	AF444409	AF444409
L	16355	591	*	*	*	*	*	AF444643	*
H	16355	100	100.0	+	0	0	11I100M480I	AF444643	AF444643
L	26583	631	*	*	*	*	*	HQ631017	*
H	26583	100	100.0	+	0	0	50I90MI10M480I	AF444643	HQ631017
L	23699	1231	*	*	*	*	*	FN428895	*
H	23699	100	100.0	+	0	0	42I90MI10M1088I	AF444643	FN428895
H	16372	100	100.0	+	0	0	217I100M413I	AF451779	AF451779
H	5479	100	95.0	+	0	0	222I100M415I	AF451779	AF451767
L	1081	506	*	*	*	*	*	EF492214	*
H	1081	100	94.0	+	0	0	12I100M394I	AF451779	EF492214
L	16456	577	*	*	*	*	*	AF462429	*
H	16456	100	100.0	+	0	0	50I100M427I	AF462426	AF462429
L	16455	1065	*	*	*	*	*	AF462426	*
H	16455	100	100.0	+	0	0	539I100M426I	AF462426	AF462426
H	28614	100	80.0	+	0	0	12I24MD37M2I38M402I	AF462426	U58636
L	16474	697	*	*	*	*	*	AY083202	*
H	16474	100	100.0	+	0	0	4I100M593I	AY083202	AY083202
L	8790	686	*	*	*	*	*	AY243592	*
H	8790	100	98.0	+	0	0	4I82MI18M581I	AY083202	AY243592
L	28674	685	*	*	*	*	*	U85310	*
H	28674	100	98.0	+	0	0	4I82MI18M580I	AY083202	U85310
L	16492	837	*	*	*	*	*	AF485069	*
H	16492	100	100.0	+	0	0	5I100M732I	AF485069	AF485069
L	2984	853	*	*	*	*	*	EU834222	*
H	2984	100	98.0	+	0	0	32I100M721I	AF485069	EU834222
L	16493	630	*	*	*	*	*	AF485072	*
H	16493	100	100.0	+	0	0	5I100M525I	AF485072	AF485072
L	16494	639	*	*	*	*	*	AF485075	*
H	16494	100	100.0	+	0	0	5I100M534I	AF485075	AF485075
L	21451	620	*	*	*	*	*	EU520212	*
H	21451	100	100.0	+	0	0	128I100M392I	EF191316	EU520212
L	10794	540	*	*	*	*	*	GU176478	*
H	10794	100	100.0	+	0	0	67I100M373I	EF191316	GU176478
L	6859	624	*	*	*	*	*	AY154932	*
H	6859	100	100.0	+	0	0	143I100M381I	EF191316	AY154932
L	16499	553	*	*	*	*	*	AF486131	*
H	16499	100	100.0	+	0	0	35I100M418I	AF486131	AF486131
L	6154	574	*	*	*	*	*	GQ331985	*
H	6154	100	82.0	+	0	0	35I53MD46M440I	AF486131	GQ331985
L	1462	598	*	*	*	*	*	HQ630994	*
H	1462	100	88.0	+	0	0	50I81M33I19M415I	AF486131	HQ630994
L	16505	647	*	*	*	*	*	AF490396	*
H	16505	100	100.0	+	0	0	42I100M505I	AF490396	AF490396
L	16512	583	*	*	*	*	*	AF492078	*
H	16512	100	100.0	+	0	0	100M483I	AF492078	AF492078
L	22157	581	*	*	*	*	*	AY239215	*
H	22157	100	95.0	+	0	0	100M481I	AF492078	AY239215
L	4715	586	*	*	*	*	*	AF492117	*
H	4715	100	94.0	+	0	0	89M3I11M483I	AF492078	AF492117
L	16522	583	*	*	*	*	*	EF493276	*
H	16522	100	100.0	+	0	0	100M483I	EF493276	EF493276
L	6331	401	*	*	*	*	*	DQ469286	*
H	6331	100	89.0	+	0	0	9D91M310I	EF493276	DQ469286
H	28935	100	95.0	+	0	0	115I66MD33M1730I	EF493276	DQ469291
L	16525	674	*	*	*	*	*	AF501567	*
H	16525	100	100.0	+	0	0	100M574I	AF501567	AF501567
L	21181	633	*	*	*	*	*	EU266667	*
H	21181	100	90.0	+	0	0	39I29MD20M2I17MD32M494I	AF501567	EU266667
L	19633	549	*	*	*	*	*	EU266658	*
H	19633	100	89.0	+	0	0	5I29MD20M2I17MD32M444I	AF501567	EU266658
H	16531	100	100.0	+	0	0	145I100M443I	HQ339880	HQ339880
H	23243	100	94.0	+	0	0	8I100M417I	HQ339880	FJ824614
H	9165	100	94.0	+	0	0	38I100M390I	HQ339880	JF340250
L	16534	554	*	*	*	*	*	AY254154	*
H	16534	100	100.0	+	0	0	13I100M441I	EF423537	AY254154
L	16533	558	*	*	*	*	*	EF423537	*
H	16533	100	100.0	+	0	0	35I100M423I	EF423537	EF423537
L	12002	560	*	*	*	*	*	AY254156	*
H	12002	100	100.0	+	0	0	13I100M447I	EF423537	AY254156
L	16580	1545	*	*	*	*	*	AF506472	*
H	16580	100	100.0	+	0	0	1249I100M196I	AF506472	AF506472
L	21000	1472	*	*	*	*	*	EU118650	*
H	21000	100	98.0	+	0	0	1300I100M72I	AF506472	EU118650
L	25895	1691	*	*	*	*	*	HM595611	*
H	25895	100	98.0	+	0	0	1214I100M377I	AF506472	HM595611
L	16617	515	*	*	*	*	*	AF517899	*
H	16617	100	100.0	+	0	0	100M415I	AF517899	AF517899
L	26626	550	*	*	*	*	*	HQ650646	*
H	26626	100	97.0	+	0	0	46I100M404I	AF517899	HQ650646
L	27336	586	*	*	*	*	*	JF739368	*
H	27336	100	96.0	+	0	0	32I100M454I	AF517899	JF739368
L	16654	485	*	*	*	*	*	GU247155	*
H	16654	100	100.0	+	0	0	80I100M305I	GU247155	GU247155
L	24858	484	*	*	*	*	*	GU247153	*
H	24858	100	85.0	+	0	0	80I17MD27M2I55M303I	GU247155	GU247153
L	19944	424	*	*	*	*	*	DQ849298	*
H	19944	100	86.0	+	0	0	80I12MI42MI25MI21M241I	GU247155	DQ849298
L	16675	529	*	*	*	*	*	AY781269	*
H	16675	100	100.0	+	0	0	100M429I	AY781269	AY781269
H	23839	100	85.0	+	0	0	66I19MD33M3D44M505I	AY781269	AY599566
L	14025	1215	*	*	*	*	*	DQ384594	*
H	14025	100	80.0	+	0	0	26I19MD34MD45M1091I	AY781269	DQ384594
L	16680	679	*	*	*	*	*	AJ006683	*
H	16680	100	100.0	+	0	0	41I100M538I	AJ006683	AJ006683
L	22733	660	*	*	*	*	*	FJ478126	*
H	22733	100	83.0	+	0	0	35I31M2D9MD12M5D24MD15M534I	AJ006683	FJ478126
L	4827	606	*	*	*	*	*	GU067738	*
H	4827	100	81.0	+	0	0	39I33MD8MD11M8D22MD15M478I	AJ006683	GU067738
L	16684	684	*	*	*	*	*	AJ007842	*
H	16684	100	100.0	+	0	0	35I100M549I	AJ007842	AJ007842
L	16691	522	*	*	*	*	*	AJ010030	*
H	16691	100	100.0	+	0	0	100M422I	AJ010030	AJ010030
L	16694	545	*	*	*	*	*	AJ012298	*
H	16694	100	100.0	+	0	0	11I100M434I	AJ012298	AJ012298
L	20861	573	*	*	*	*	*	EU035984	*
H	20861	100	93.0	+	0	0	29I18MI82M443I	AJ012298	EU035984
L	22692	535	*	*	*	*	*	FJ441661	*
H	22692	100	97.0	+	0	0	37I86MD13M399I	AJ012298	FJ441661
L	16700	527	*	*	*	*	*	AJ131689	*
H	16700	100	100.0	+	0	0	100M427I	AJ131689	AJ131689
L	634	645	*	*	*	*	*	AJ005368	*
H	634	100	89.0	+	0	0	54I100M491I	AJ131689	AJ005368
L	3639	618	*	*	*	*	*	FJ392561	*
H	3639	100	81.0	+	0	0	56I39M3D58M465I	AJ131689	FJ392561
L	16715	244	*	*	*	*	*	AJ223031	*
H	16715	64	100.0	+	0	0	180I64M	AJ223031	AJ223031
L	13593	728	*	*	*	*	*	AY046164	*
H	13593	64	84.4	+	0	0	665I13MD50M	AJ223031	AY046164
L	17160	375	*	*	*	*	*	AJ871396	*
H	17160	64	84.4	+	0	0	254I13MD50M58I	AJ223031	AJ871396
L	16741	462	*	*	*	*	*	AJ244240	*
H	16741	100	100.0	+	0	0	100M362I	AJ244240	AJ244240
L	6108	556	*	*	*	*	*	HM480490	*
H	6108	100	85.0	+	0	0	36I22M2I23MD37MD16M420I	AJ244240	HM480490
L	20441	650	*	*	*	*	*	EF394846	*
H	20441	100	80.0	+	0	0	134I15MD37M2I27MI20M414I	AJ244240	EF394846
L	16743	568	*	*	*	*	*	FJ000399	*
H	16743	100	100.0	+	0	0	100M468I	FJ000399	FJ000399
L	16745	514	*	*	*	*	*	AY616213	*
H	16745	100	87.0	+	0	0	13D87M427I	FJ000399	AY616213
L	15274	1130	*	*	*	*	*	AY188367	*
H	15274	100	85.0	+	0	0	14D86M1044I	FJ000399	AY188367
L	16750	469	*	*	*	*	*	AY128700	*
H	16750	100	100.0	+	0	0	100M369I	AY128700	AY128700
L	7521	1033	*	*	*	*	*	HQ115663	*
H	7521	100	85.0	+	0	0	14D86M947I	AY128700	HQ115663
L	19993	1441	*	*	*	*	*	DQ885901	*
H	19993	100	95.0	+	0	0	50I21MD24MI42MI12M1290I	AY128700	DQ885901
L	16776	655	*	*	*	*	*	FJ479802	*
H	16776	100	100.0	+	0	0	100M555I	FJ479802	FJ479802
L	14401	290	*	*	*	*	*	DQ860712	*
H	14401	100	92.0	+	0	0	8D92M198I	FJ479802	DQ860712
L	16809	585	*	*	*	*	*	AJ271628	*
H	16809	100	100.0	+	0	0	9I100M476I	AJ271628	AJ271628
L	16813	614	*	*	*	*	*	FM205646	*
H	16813	98	100.0	+	0	0	133I98M383I	FM205646	FM205646
L	13133	608	*	*	*	*	*	FM205689	*
H	13133	98	98.0	+	0	0	131I98M379I	FM205646	FM205689
L	25283	621	*	*	*	*	*	GU979029	*
H	25283	98	98.0	+	0	0	181I98M342I	FM205646	GU979029
L	16820	618	*	*	*	*	*	AJ292290	*
H	16820	100	100.0	+	0	0	100M518I	AJ292290	AJ292290
H	24460	100	91.0	+	0	0	53I24M2I16M5I60M536I	AJ292290	GQ981505
L	13168	621	*	*	*	*	*	FJ596788	*
H	13168	100	89.0	+	0	0	10I41M2I59M509I	AJ292290	FJ596788
L	16849	585	*	*	*	*	*	AJ301901	*
H	16849	100	100.0	+	0	0	100M485I	AJ301901	AJ301901
L	16863	590	*	*	*	*	*	AJ302006	*
H	16863	100	98.0	+	0	0	47MI53M489I	AJ301901	AJ302006
L	19301	442	*	*	*	*	*	DQ885783	*
H	19301	100	88.0	+	0	0	9D25M16I66M335I	AJ301901	DQ885783
L	16858	555	*	*	*	*	*	FJ539187	*
H	16858	100	100.0	+	0	0	100M455I	FJ539187	FJ539187
L	26046	576	*	*	*	*	*	FJ205464	*
H	26046	100	94.0	+	0	0	11I100M465I	FJ539187	FJ205464
L	20128	556	*	*	*	*	*	EF025949	*
H	20128	100	99.0	+	0	0	18I100M438I	FJ539187	EF025949
L	16867	558	*	*	*	*	*	AJ302462	*
H	16867	100	100.0	+	0	0	100M458I	AJ302462	AJ302462
H	1836	100	80.0	+	0	0	30M2D44M4D20M466I	AJ302462	AJ302442
L	21504	1545	*	*	*	*	*	EU552163	*
H	21504	100	86.0	+	0	0	97I34MD13MI14M42I38M1306I	AJ302462	EU552163
L	16869	540	*	*	*	*	*	AJ302467	*
H	16869	100	100.0	+	0	0	100M440I	AJ302467	AJ302467
L	10959	563	*	*	*	*	*	GQ293965	*
H	10959	100	97.0	+	0	0	I36MD5MD57M464I	AJ302467	GQ293965
L	28256	608	*	*	*	*	*	JF894102	*
H	28256	100	96.0	+	0	0	55I19MD14MD7MD57M456I	AJ302467	JF894102
L	16875	645	*	*	*	*	*	AJ309333	*
H	16875	100	100.0	+	0	0	36I100M509I	AJ309333	AJ309333
L	7140	598	*	*	*	*	*	GU453921	*
H	7140	100	87.0	+	0	0	25I43MD20M4D32M478I	AJ309333	GU453921
L	12516	628	*	*	*	*	*	AY646394	*
H	12516	100	88.0	+	0	0	35I59M4D37M497I	AJ309333	AY646394
L	16894	581	*	*	*	*	*	AJ315825	*
H	16894	100	100.0	+	0	0	3I100M478I	AJ315825	AJ315825
L	16792	600	*	*	*	*	*	AJ271562	*
H	16792	100	88.0	+	0	0	8D6MI22MI64M506I	AJ315825	AJ271562
L	16895	582	*	*	*	*	*	AJ315827	*
H	16895	100	94.0	+	0	0	4I14MI86M477I	AJ315825	AJ315827
H	16907	100	100.0	+	0	0	35I100M489I	AF479651	AF479651
H	3642	100	98.0	+	0	0	417I85M2I7MI8M450I	AF479651	FN423701
L	23594	1832	*	*	*	*	*	FM876813	*
H	23594	100	90.0	+	0	0	272I23MD76M1461I	AF479651	FM876813
L	16923	562	*	*	*	*	*	AJ390418	*
H	16923	100	100.0	+	0	0	100M462I	AJ390418	AJ390418
L	679	697	*	*	*	*	*	EF026130	*
H	679	100	94.0	+	0	0	20I20M4I52M4I14MD13M570I	AJ390418	EF026130
L	20797	601	*	*	*	*	*	EU009960	*
H	20797	100	83.0	+	0	0	18I28MD71M484I	AJ390418	EU009960
L	26236	355	*	*	*	*	*	AJ410757	*
H	26236	100	100.0	+	0	0	100M255I	AJ410782	AJ410757
L	16939	601	*	*	*	*	*	AJ410782	*
H	16939	100	100.0	+	0	0	100M501I	AJ410782	AJ410782
L	7656	860	*	*	*	*	*	JQ711898	*
H	7656	100	98.0	+	0	0	167I86MI14M592I	AJ410782	JQ711898
L	16957	466	*	*	*	*	*	AF532168	*
H	16957	100	100.0	+	0	0	I100M365I	AF532168	AF532168
L	6067	468	*	*	*	*	*	AF352321	*
H	6067	100	92.0	+	0	0	I44MD12M2I43M366I	AF532168	AF352321
L	6448	619	*	*	*	*	*	GU553287	*
H	6448	100	91.0	+	0	0	154I100M365I	AF532168	GU553287
L	16977	583	*	*	*	*	*	AJ439433	*
H	16977	100	100.0	+	0	0	10I100M473I	AJ439433	AJ439433
L	5340	632	*	*	*	*	*	GQ376097	*
H	5340	100	93.0	+	0	0	36I60MD39M497I	AJ439433	GQ376097
L	13300	599	*	*	*	*	*	AJ131785	*
H	13300	100	92.0	+	0	0	12I60MD39M488I	AJ439433	AJ131785
L	16986	527	*	*	*	*	*	AJ458187	*
H	16986	100	100.0	+	0	0	100M427I	AJ458187	AJ458187
L	10869	1165	*	*	*	*	*	JN673050	*
H	10869	100	88.0	+	0	0	41I12MD19MD25MD41M1027I	AJ458187	JN673050
L	18982	586	*	*	*	*	*	AY999126	*
H	18982	100	88.0	+	0	0	43I12MD45MD41M445I	AJ458187	AY999126
L	16992	477	*	*	*	*	*	AF229194	*
H	16992	100	100.0	+	0	0	100M377I	AF229194	AF229194
L	26662	566	*	*	*	*	*	HQ650716	*
H	26662	100	93.0	+	0	0	48I16MD53MD29M420I	AF229194	HQ650716
L	12296	493	*	*	*	*	*	AJ508685	*
H	12296	100	88.0	+	0	0	5D48MD46M399I	AF229194	AJ508685
L	16993	527	*	*	*	*	*	AJ458286	*
H	16993	100	100.0	+	0	0	100M427I	AJ458286	AJ458286
L	16994	531	*	*	*	*	*	AJ458287	*
H	16994	100	87.0	+	0	0	21M3D19MD32M2D22M437I	AJ458286	AJ458287
L	809	487	*	*	*	*	*	AF229193	*
H	809	100	86.0	+	0	0	21M3D19MD32M2D22M393I	AJ458286	AF229193
L	17003	760	*	*	*	*	*	AJ496405	*
H	17003	100	100.0	+	0	0	39I100M621I	AJ496405	AJ496405
L	11565	706	*	*	*	*	*	EU077564	*
H	11565	100	100.0	+	0	0	35I64MI36M570I	AJ496405	EU077564
L	17028	560	*	*	*	*	*	AJ534259	*
H	17028	100	100.0	+	0	0	100M460I	AJ534259	AJ534259
L	17027	575	*	*	*	*	*	AJ534250	*
H	17027	100	99.0	+	0	0	100M475I	AJ534259	AJ534250
L	5391	602	*	*	*	*	*	GQ421323	*
H	5391	100	91.0	+	0	0	9I100M493I	AJ534259	GQ421323
L	17064	724	*	*	*	*	*	AJ555510	*
H	17064	100	100.0	+	0	0	100M624I	AJ555510	AJ555510
L	7282	703	*	*	*	*	*	AJ555513	*
H	7282	100	98.0	+	0	0	13MD86M604I	AJ555510	AJ555513
L	125	718	*	*	*	*	*	GQ389623	*
H	125	100	97.0	+	0	0	47I31MD68M572I	AJ555510	GQ389623
L	17074	198	*	*	*	*	*	AJ557745	*
H	17074	100	100.0	+	0	0	100M98I	AJ557745	AJ557745
L	12449	620	*	*	*	*	*	FJ946484	*
H	12449	100	95.0	+	0	0	23I85M3D12M500I	AJ557745	FJ946484
L	3079	613	*	*	*	*	*	FJ914669	*
H	3079	100	92.0	+	0	0	23I86M2I14M488I	AJ557745	FJ914669
L	17075	150	*	*	*	*	*	AJ557748	*
H	17075	100	100.0	+	0	0	100M50I	AJ557748	AJ557748
L	22682	483	*	*	*	*	*	DQ865092	*
H	22682	100	93.0	+	0	0	4I17MI28MD26M2D26M381I	AJ557748	DQ865092
L	20659	488	*	*	*	*	*	EF597242	*
H	20659	100	90.0	+	0	0	3D44MD21MI31M391I	AJ557748	EF597242
L	17081	576	*	*	*	*	*	AJ567739	*
H	17081	100	100.0	+	0	0	35I100M441I	AJ567739	AJ567739
L	10375	1540	*	*	*	*	*	JF439168	*
H	10375	100	95.0	+	0	0	222I59MD40M1219I	AJ567739	JF439168
L	27126	1549	*	*	*	*	*	JF439185	*
H	27126	100	95.0	+	0	0	224I59MD40M1226I	AJ567739	JF439185
L	17091	609	*	*	*	*	*	AJ585431	*
H	17091	100	100.0	+	0	0	100M509I	AJ585431	AJ585431
L	17090	610	*	*	*	*	*	AJ585432	*
H	17090	100	91.0	+	0	0	40M2D28M2D28M514I	AJ585431	AJ585432
L	17667	272	*	*	*	*	*	AY129374	*
H	17667	100	86.0	+	0	0	36I69M2D29M138I	AJ585431	AY129374
L	17113	1171	*	*	*	*	*	AJ605997	*
H	17113	100	100.0	+	0	0	100M1071I	AJ605997	AJ605997
L	26685	624	*	*	*	*	*	HQ661167	*
H	26685	100	87.0	+	0	0	33I31MI42M2I18MI9M487I	AJ605997	HQ661167
L	15903	2415	*	*	*	*	*	AF281176	*
H	15903	100	90.0	+	0	0	2124I27MI40MD19M3I13M188I	AJ605997	AF281176
L	17134	556	*	*	*	*	*	DQ782840	*
H	17134	100	100.0	+	0	0	100M456I	DQ782840	DQ782840
L	17133	621	*	*	*	*	*	AJ634013	*
H	17133	100	80.0	+	0	0	9D7MD83M531I	DQ782840	AJ634013
L	7678	544	*	*	*	*	*	EF081376	*
H	7678	100	83.0	+	0	0	34MD65M445I	DQ782840	EF081376
L	17150	1128	*	*	*	*	*	AJ849467	*
H	17150	100	100.0	+	0	0	171I100M857I	AJ849467	AJ849467
H	17020	100	93.0	+	0	0	35I23MD11MD26M2D36M485I	AJ849467	AJ517204
H	17019	100	85.0	+	0	0	10I23MD11MD26M2D36M458I	AJ849467	AJ416419
L	17154	710	*	*	*	*	*	AJ849892	*
H	17154	100	100.0	+	0	0	129I100M481I	AJ849892	AJ849892
L	13936	539	*	*	*	*	*	AF149870	*
H	13936	100	100.0	+	0	0	67I55MI37MI8M370I	AJ849892	AF149870
H	25386	100	100.0	+	0	0	73I92MI8M926I	AJ849892	HE649453
L	17174	635	*	*	*	*	*	EU484295	*
H	17174	100	100.0	+	0	0	9I100M526I	EU484295	EU484295
L	117	624	*	*	*	*	*	AJ878507	*
H	117	100	88.0	+	0	0	13I46MD24M3D13MI13M514I	EU484295	AJ878507
L	113	643	*	*	*	*	*	AY944877	*
H	113	100	91.0	+	0	0	7I46MD53M537I	EU484295	AY944877
L	17191	701	*	*	*	*	*	AJ887992	*
H	17191	100	100.0	+	0	0	100M601I	AJ887992	AJ887992
L	10750	709	*	*	*	*	*	JF495045	*
H	10750	100	96.0	+	0	0	11I100M598I	AJ887992	JF495045
L	2032	686	*	*	*	*	*	EU244586	*
H	2032	100	95.0	+	0	0	25I100M561I	AJ887992	EU244586
L	17202	640	*	*	*	*	*	EU862227	*
H	17202	100	100.0	+	0	0	3I100M537I	EU862227	EU862227
L	3816	736	*	*	*	*	*	EU862209	*
H	3816	100	99.0	+	0	0	51I100M585I	EU862227	EU862209
L	23961	669	*	*	*	*	*	EU862223	*
H	23961	100	98.0	+	0	0	D99M570I	EU862227	EU862223
L	17208	620	*	*	*	*	*	DQ200838	*
H	17208	100	100.0	+	0	0	100M520I	DQ200838	DQ200838
L	11599	627	*	*	*	*	*	DQ200839	*
H	11599	100	100.0	+	0	0	19I100M508I	DQ200838	DQ200839
L	27588	610	*	*	*	*	*	JF908562	*
H	27588	100	100.0	+	0	0	52I100M458I	DQ200838	JF908562
L	23964	585	*	*	*	*	*	DQ200840	*
H	23964	100	100.0	+	0	0	32I100M453I	UDB000984	DQ200840
L	17218	554	*	*	*	*	*	UDB000984	*
H	17218	100	100.0	+	0	0	100M454I	UDB000984	UDB000984
L	2998	623	*	*	*	*	*	EU819505	*
H	2998	100	94.0	+	0	0	71I67MD11M3D18M456I	UDB000984	EU819505
H	17264	100	100.0	+	0	0	64I100M186I	AM159634	AM159634
H	2306	100	97.0	+	0	0	28I40MD59M377I	AM159634	EU551190
H	3265	100	96.0	+	0	0	11I42MD10MD46M418I	AM159634	AF444397
L	17268	1184	*	*	*	*	*	AM160627	*
H	17268	100	100.0	+	0	0	100M1084I	AM160627	AM160627
L	19830	704	*	*	*	*	*	DQ665264	*
H	19830	100	98.0	+	0	0	135I68M2I32M467I	AM160627	DQ665264
H	28129	100	88.0	+	0	0	1747I19MI26MI38M3I17M1109I	AM160627	GQ458041
L	17291	527	*	*	*	*	*	AM262416	*
H	17291	100	100.0	+	0	0	100M427I	AM262416	AM262416
L	28172	1635	*	*	*	*	*	EU552124	*
H	28172	100	91.0	+	0	0	136I100M1399I	AM262416	EU552124
L	14301	606	*	*	*	*	*	AY004787	*
H	14301	100	91.0	+	0	0	22I60MI40M483I	AM262416	AY004787
L	17297	276	*	*	*	*	*	AM263356	*
H	17297	100	100.0	+	0	0	100M176I	AM263356	AM263356
L	2613	676	*	*	*	*	*	EU622354	*
H	2613	100	91.0	+	0	0	9D91M585I	AM263356	EU622354
L	28974	702	*	*	*	*	*	UDB002199	*
H	28974	100	90.0	+	0	0	27I50M2D48M577I	AM263356	UDB002199
L	17309	571	*	*	*	*	*	AM269787	*
H	17309	100	100.0	+	0	0	12I100M459I	AM269787	AM269787
L	12258	635	*	*	*	*	*	AY534580	*
H	12258	100	98.0	+	0	0	11I8MI11MI81M522I	AM269787	AY534580
L	27104	517	*	*	*	*	*	AM269779	*
H	27104	100	87.0	+	0	0	9I47M3I53M405I	AM269787	AM269779
L	17316	301	*	*	*	*	*	AM279267	*
H	17316	97	100.0	+	0	0	97M204I	AM279267	AM279267
L	152	815	*	*	*	*	*	DQ659347	*
H	152	97	82.5	+	0	0	502I18M2D77M218I	AM279267	DQ659347
L	17349	536	*	*	*	*	*	AM292829	*
H	17349	100	100.0	+	0	0	100M436I	AM292829	AM292829
L	5607	597	*	*	*	*	*	GU080301	*
H	5607	100	82.0	+	0	0	48I42MI42MD15M449I	AM292829	GU080301
L	25966	630	*	*	*	*	*	HM800868	*
H	25966	100	88.0	+	0	0	37I48M2I52M491I	AM292829	HM800868
L	17397	554	*	*	*	*	*	AM697883	*
H	17397	100	100.0	+	0	0	100M454I	AM697883	AM697883
L	17352	553	*	*	*	*	*	AM292858	*
H	17352	100	97.0	+	0	0	100M453I	AM697883	AM292858
L	17401	1537	*	*	*	*	*	AM712260	*
H	17401	100	100.0	+	0	0	100M1437I	AM712260	AM712260
L	14042	1597	*	*	*	*	*	DQ389697	*
H	14042	100	95.0	+	0	0	37I61M2D37M1462I	AM712260	DQ389697
L	14039	1621	*	*	*	*	*	DQ389673	*
H	14039	100	97.0	+	0	0	40I61MD38M1482I	AM712260	DQ389673
L	17409	498	*	*	*	*	*	AM743193	*
H	17409	100	100.0	+	0	0	100M398I	AM743193	AM743193
H	17426	100	100.0	+	0	0	21I100M1804I	AM882731	AM882731
L	5017	608	*	*	*	*	*	EU523566	*
H	5017	100	93.0	+	0	0	4D96M512I	AM882731	EU523566
H	23294	100	97.0	+	0	0	108I51MD28M3I10MI10M777I	AM882731	FJ845414
L	17454	1919	*	*	*	*	*	AM882872	*
H	17454	100	100.0	+	0	0	15I100M1804I	AM882872	AM882872
L	8389	1275	*	*	*	*	*	EU486441	*
H	8389	100	93.0	+	0	0	10I6MI46M2D46M1166I	AM882872	EU486441
H	5017	100	80.0	+	0	0	3D47M4D29M3D14M518I	AM882872	EU523566
L	17473	1938	*	*	*	*	*	AM882967	*
H	17473	100	100.0	+	0	0	23I100M1815I	AM882967	AM882967
L	8372	650	*	*	*	*	*	EU525945	*
H	8372	100	91.0	+	0	0	3I54M8I46M539I	AM882967	EU525945
L	5711	1897	*	*	*	*	*	AM882934	*
H	5711	100	87.0	+	0	0	24I48M4I36M4I16M1765I	AM882967	AM882934
L	176	614	*	*	*	*	*	DQ683018	*
H	176	100	100.0	+	0	0	43I100M471I	FJ210531	DQ683018
L	26876	463	*	*	*	*	*	HQ857742	*
H	26876	100	100.0	+	0	0	36I100M327I	FJ210531	HQ857742
L	26996	602	*	*	*	*	*	FJ515205	*
H	26996	100	100.0	+	0	0	4I100M498I	FJ210531	FJ515205
L	17496	549	*	*	*	*	*	JN040503	*
H	17496	100	100.0	+	0	0	100M449I	JN040503	JN040503
L	27756	549	*	*	*	*	*	JN040510	*
H	27756	100	97.0	+	0	0	100M449I	JN040503	JN040510
L	17008	550	*	*	*	*	*	FJ489613	*
H	17008	100	91.0	+	0	0	2I20M4I11MD56M2D10M447I	JN040503	FJ489613
L	17499	552	*	*	*	*	*	AJ534277	*
H	17499	100	100.0	+	0	0	100M452I	AJ534277	AJ534277
L	7093	570	*	*	*	*	*	GQ409516	*
H	7093	100	84.0	+	0	0	D20MI26MI53M469I	AJ534277	GQ409516
H	17027	100	82.0	+	0	0	21MI79M474I	AJ534277	AJ534250
L	17505	833	*	*	*	*	*	GQ376089	*
H	17505	100	100.0	+	0	0	23I100M710I	GQ376089	GQ376089
L	14580	1268	*	*	*	*	*	AB182326	*
H	14580	100	100.0	-	0	0	2I18MI82M1165I	GQ376089	AB182326
L	27779	812	*	*	*	*	*	GQ376090	*
H	27779	100	98.0	+	0	0	27I9M2I91M683I	GQ376089	GQ376090
L	17528	626	*	*	*	*	*	AM931252	*
H	17528	100	100.0	+	0	0	100M526I	AM931252	AM931252
H	25871	100	97.0	+	0	0	41I73MD26M579I	AM931252	DQ103885
L	12376	653	*	*	*	*	*	AY340062	*
H	12376	100	93.0	+	0	0	2D71MD26M556I	AM931252	AY340062
L	5924	632	*	*	*	*	*	AF440868	*
H	5924	100	100.0	+	0	0	11I100M521I	AM947103	AF440868
H	17538	100	100.0	+	0	0	10I100M496I	AM947103	AM947103
H	16149	100	92.0	+	0	0	8D92M500I	AM947103	AF374667
L	17541	556	*	*	*	*	*	AJ504632	*
H	17541	100	100.0	+	0	0	11I100M445I	AJ504632	AJ504632
L	27406	973	*	*	*	*	*	JF820485	*
H	27406	100	98.0	+	0	0	437I15MD84M437I	AJ504632	JF820485
L	17531	880	*	*	*	*	*	AM980837	*
H	17531	100	98.0	+	0	0	385I15MD84M396I	AJ504632	AM980837
L	17557	565	*	*	*	*	*	AY004778	*
H	17557	100	100.0	+	0	0	4I100M461I	AY004778	AY004778
L	6879	612	*	*	*	*	*	AF212308	*
H	6879	100	82.0	+	0	0	11I52M5D43M506I	AY004778	AF212308
L	27196	531	*	*	*	*	*	JF506092	*
H	27196	100	85.0	+	0	0	3D54M5D38M439I	AY004778	JF506092
L	17564	542	*	*	*	*	*	AY004806	*
H	17564	100	100.0	+	0	0	100M442I	AY004806	AY004806
L	770	562	*	*	*	*	*	AY004807	*
H	770	100	94.0	+	0	0	14I38MI62M447I	AY004806	AY004807
L	24324	592	*	*	*	*	*	FJ907535	*
H	24324	100	89.0	+	0	0	55I100M437I	AY004806	FJ907535
L	17611	705	*	*	*	*	*	AY061672	*
H	17611	100	100.0	+	0	0	29I100M576I	AY061672	AY061672
L	29098	678	*	*	*	*	*	EU557320	*
H	29098	100	90.0	+	0	0	8MD44M2I47M577I	AY061672	EU557320
H	2238	100	94.0	+	0	0	108I37MD15M2I12MI35M748I	AY061672	FJ845435
L	17682	593	*	*	*	*	*	AY144560	*
H	17682	100	100.0	+	0	0	36I100M457I	AY144560	AY144560
L	17681	594	*	*	*	*	*	AY144553	*
H	17681	100	95.0	+	0	0	36I91M2I9M456I	AY144560	AY144553
L	2996	612	*	*	*	*	*	EU819412	*
H	2996	100	94.0	+	0	0	49I90M5I10M458I	AY144560	EU819412
L	17686	533	*	*	*	*	*	AF229473	*
H	17686	100	100.0	+	0	0	100M433I	AF229473	AF229473
L	8612	531	*	*	*	*	*	FJ266490	*
H	8612	100	97.0	+	0	0	14I100M417I	AF229473	FJ266490
L	15765	524	*	*	*	*	*	AY208790	*
H	15765	100	96.0	+	0	0	D99M425I	AF229473	AY208790
L	17703	490	*	*	*	*	*	AY173380	*
H	17703	100	100.0	+	0	0	100M390I	AY173380	AY173380
L	16094	713	*	*	*	*	*	AF350306	*
H	16094	100	97.0	+	0	0	37I100M576I	AY173380	AF350306
H	16093	100	97.0	+	0	0	37I100M658I	AY173380	AF350303
L	17738	692	*	*	*	*	*	AY176479	*
H	17738	100	100.0	+	0	0	4I100M588I	AY176479	AY176479
L	2466	689	*	*	*	*	*	AF391025	*
H	2466	100	95.0	+	0	0	4I100M585I	AY176479	AF391025
L	10283	677	*	*	*	*	*	JN224825	*
H	10283	100	95.0	+	0	0	4I100M573I	AY176479	JN224825
L	17742	619	*	*	*	*	*	AY176483	*
H	17742	100	100.0	+	0	0	4I100M515I	AY176483	AY176483
H	11990	100	85.0	+	0	0	4I26MI33M2D16MI23M597I	AY176483	AY176428
L	27473	668	*	*	*	*	*	JF907983	*
H	27473	100	89.0	+	0	0	21I59M2D23M2D14M551I	AY176483	JF907983
L	17757	583	*	*	*	*	*	DQ008135	*
H	17757	100	100.0	+	0	0	100M483I	DQ008135	DQ008135
L	13261	587	*	*	*	*	*	DQ008138	*
H	13261	100	92.0	+	0	0	100M487I	DQ008135	DQ008138
L	8287	628	*	*	*	*	*	HQ599588	*
H	8287	100	80.0	+	0	0	70I14MD9M5I35M5D20M4I16M455I	DQ008135	HQ599588
H	3469	100	100.0	+	0	0	19I100M429I	FJ000361	FJ205463
L	17785	526	*	*	*	*	*	FJ000361	*
H	17785	100	100.0	+	0	0	100M426I	FJ000361	FJ000361
L	17786	560	*	*	*	*	*	AY204625	*
H	17786	100	96.0	+	0	0	19I100M441I	FJ000361	AY204625
H	17786	100	100.0	+	0	0	15I100M445I	AY204625	AY204625
H	17785	100	92.0	+	0	0	4D96M430I	AY204625	FJ000361
H	3469	100	96.0	+	0	0	15I100M433I	AY204625	FJ205463
L	17813	549	*	*	*	*	*	EU840557	*
H	17813	100	100.0	+	0	0	100M449I	EU840557	EU840557
L	12149	546	*	*	*	*	*	EU402573	*
H	12149	100	96.0	+	0	0	25I100M421I	EU840557	EU402573
L	2813	529	*	*	*	*	*	AB472592	*
H	2813	100	89.0	+	0	0	7D93M436I	EU840557	AB472592
L	17838	2097	*	*	*	*	*	AY219390	*
H	17838	100	100.0	+	0	0	30I100M1967I	AY219390	AY219390
L	17837	2100	*	*	*	*	*	AY219389	*
H	17837	100	94.0	+	0	0	30I33MI24M3I21MI22M1965I	AY219390	AY219389
L	23177	627	*	*	*	*	*	FJ791151	*
H	23177	100	91.0	+	0	0	26I29MD54MI16M501I	AY219390	FJ791151
H	17848	100	100.0	+	0	0	100M1708I	AY225493	AY225493
L	17850	1809	*	*	*	*	*	AY225496	*
H	17850	100	90.0	+	0	0	90MI10M1708I	AY225493	AY225496
H	7985	100	82.0	+	0	0	100M1701I	AY225493	AF539471
L	17861	389	*	*	*	*	*	AY237209	*
H	17861	100	100.0	+	0	0	75I100M214I	AY237209	AY237209
L	17866	586	*	*	*	*	*	AY239218	*
H	17866	100	100.0	+	0	0	100M486I	AY239218	AY239218
H	4715	100	98.0	+	0	0	100M486I	AY239218	AF492117
L	17865	581	*	*	*	*	*	AY239213	*
H	17865	100	93.0	+	0	0	89M5I11M476I	AY239218	AY239213
L	17891	702	*	*	*	*	*	AY251310	*
H	17891	100	100.0	+	0	0	100M602I	AY251310	AY251310
L	24607	716	*	*	*	*	*	GU111924	*
H	24607	100	94.0	+	0	0	15I100M601I	AY251310	GU111924
L	27250	702	*	*	*	*	*	JF692194	*
H	27250	100	87.0	+	0	0	26M7I40M3I8MI26M591I	AY251310	JF692194
L	17917	623	*	*	*	*	*	FJ708913	*
H	17917	100	100.0	+	0	0	15I100M508I	FJ708913	FJ708913
L	23035	641	*	*	*	*	*	FJ709030	*
H	23035	100	93.0	+	0	0	15I70MI30M525I	FJ708913	FJ709030
L	23036	679	*	*	*	*	*	FJ709033	*
H	23036	100	92.0	+	0	0	I35M2I41M2I24M574I	FJ708913	FJ709033
L	17981	717	*	*	*	*	*	AY313273	*
H	17981	100	100.0	+	0	0	3I100M614I	AY313273	AY313273
L	8881	700	*	*	*	*	*	AY313275	*
H	8881	100	92.0	+	0	0	3I32M2D66M599I	AY313273	AY313275
L	17982	703	*	*	*	*	*	AY313283	*
H	17982	100	92.0	+	0	0	3I100M600I	AY313273	AY313283
L	17990	570	*	*	*	*	*	FJ185308	*
H	17990	100	100.0	+	0	0	100M470I	FJ185308	FJ185308
L	24575	563	*	*	*	*	*	HQ008889	*
H	24575	100	98.0	+	0	0	11I100M452I	FJ185308	HQ008889
L	9703	592	*	*	*	*	*	AF153741	*
H	9703	100	90.0	+	0	0	5D95M497I	FJ185308	AF153741
L	17994	608	*	*	*	*	*	AY322494	*
H	17994	100	100.0	+	0	0	11I100M497I	AY322494	AY322494
L	7392	665	*	*	*	*	*	AB237808	*
H	7392	100	96.0	+	0	0	33I100M532I	AY322494	AB237808
L	27643	662	*	*	*	*	*	AB237805	*
H	27643	100	96.0	+	0	0	32I100M530I	AY322494	AB237805
L	18032	704	*	*	*	*	*	AY344980	*
H	18032	100	100.0	+	0	0	2I100M602I	AY344980	AY344980
L	12830	1341	*	*	*	*	*	AY740162	*
H	12830	100	88.0	+	0	0	7D23M4I46MD23M1245I	AY344980	AY740162
L	18593	1371	*	*	*	*	*	AY740153	*
H	18593	100	92.0	+	0	0	2D76MI22M1272I	AY344980	AY740153
L	18038	727	*	*	*	*	*	AY344988	*
H	18038	100	100.0	+	0	0	100M627I	AY344988	AY344988
L	7728	767	*	*	*	*	*	HQ013121	*
H	7728	100	97.0	+	0	0	6I11MI66MI23M659I	AY344988	HQ013121
L	8543	810	*	*	*	*	*	HQ631069	*
H	8543	100	97.0	+	0	0	51I11MI11MI59MI19M656I	AY344988	HQ631069
L	18041	708	*	*	*	*	*	AY344995	*
H	18041	100	100.0	+	0	0	100M608I	AY344995	AY344995
H	7640	100	94.0	+	0	0	8I27M6I73M663I	AY344995	HQ170519
H	18588	100	94.0	+	0	0	I100M650I	AY344995	AY740071
L	18044	558	*	*	*	*	*	AY347320	*
H	18044	100	100.0	+	0	0	100M458I	AY347320	AY347320
L	27136	557	*	*	*	*	*	JF440589	*
H	27136	100	98.0	+	0	0	22I100M435I	AY347320	JF440589
L	542	583	*	*	*	*	*	FJ459970	*
H	542	100	93.0	+	0	0	22I100M461I	AY347320	FJ459970
L	18047	550	*	*	*	*	*	AY347328	*
H	18047	100	100.0	+	0	0	100M450I	AY347328	AY347328
H	6290	100	98.0	+	0	0	I100M429I	AY347328	EF447381
H	15697	100	98.0	+	0	0	I100M442I	AY347328	EF447409
L	18048	536	*	*	*	*	*	AY347330	*
H	18048	100	100.0	+	0	0	100M436I	AY347330	AY347330
L	18050	557	*	*	*	*	*	AY347333	*
H	18050	100	99.0	+	0	0	90MI10M456I	AY347330	AY347333
L	11138	539	*	*	*	*	*	AF191175	*
H	11138	100	100.0	+	0	0	I90MI10M437I	AY347330	AF191175
L	18049	552	*	*	*	*	*	AY347334	*
H	18049	100	100.0	+	0	0	100M452I	AY347334	AY347334
H	18050	100	97.0	+	0	0	100M457I	AY347334	AY347333
H	18048	100	96.0	+	0	0	89MD10M437I	AY347334	AY347330
L	18058	1982	*	*	*	*	*	AY348705	*
H	18058	100	100.0	+	0	0	100M1882I	AY348705	AY348705
L	18074	669	*	*	*	*	*	AY356323	*
H	18074	100	100.0	+	0	0	11I100M558I	AY356323	AY356323
L	24807	727	*	*	*	*	*	GU233343	*
H	24807	100	100.0	+	0	0	49I14MI86M577I	AY356323	GU233343
L	24808	712	*	*	*	*	*	GU233344	*
H	24808	100	99.0	+	0	0	49I14MI86M562I	AY356323	GU233344
L	18080	761	*	*	*	*	*	AY367606	*
H	18080	100	100.0	+	0	0	7I100M654I	AY367606	AY367606
L	18081	747	*	*	*	*	*	AY367612	*
H	18081	100	96.0	+	0	0	7I40M3D19MI30MI8M641I	AY367606	AY367612
L	11052	755	*	*	*	*	*	AY367562	*
H	11052	100	88.0	+	0	0	7I38M7I34M3D14M2D9M646I	AY367606	AY367562
L	18085	617	*	*	*	*	*	AY373266	*
H	18085	100	100.0	+	0	0	15I100M502I	AY373266	AY373266
L	18086	535	*	*	*	*	*	AY373271	*
H	18086	100	98.0	+	0	0	25I100M410I	AY373266	AY373271
L	18087	571	*	*	*	*	*	AY373290	*
H	18087	100	95.0	+	0	0	D99M472I	AY373266	AY373290
L	18109	619	*	*	*	*	*	EU915446	*
H	18109	100	100.0	+	0	0	100M519I	EU915446	EU915446
L	18608	620	*	*	*	*	*	AY743657	*
H	18608	100	92.0	+	0	0	11MD26M2I62M519I	EU915446	AY743657
L	18607	619	*	*	*	*	*	AY743644	*
H	18607	100	82.0	+	0	0	11MD50M2I38M518I	EU915446	AY743644
L	18152	783	*	*	*	*	*	AY456372	*
H	18152	100	100.0	+	0	0	100M683I	AY456372	AY456372
L	18155	442	*	*	*	*	*	AY456336	*
H	18155	100	100.0	+	0	0	25I100M317I	AY456336	AY456336
L	18163	622	*	*	*	*	*	AY461840	*
H	18163	100	100.0	+	0	0	9I100M513I	AY461840	AY461840
L	18162	555	*	*	*	*	*	AY461819	*
H	18162	100	98.0	+	0	0	18I100M437I	AY461840	AY461819
L	18159	646	*	*	*	*	*	AY461814	*
H	18159	100	97.0	+	0	0	5I100M541I	AY461840	AY461814
L	18196	489	*	*	*	*	*	AY487091	*
H	18196	100	100.0	+	0	0	25I100M364I	AY487091	AY487091
L	18539	472	*	*	*	*	*	FJ958330	*
H	18539	100	100.0	+	0	0	11I100M361I	AY487091	FJ958330
L	8603	460	*	*	*	*	*	HQ338472	*
H	8603	100	90.0	+	0	0	19I100M341I	AY487091	HQ338472
H	18197	100	100.0	+	0	0	I100M1067I	AY487563	AY487563
L	18198	521	*	*	*	*	*	AY487565	*
H	18198	100	89.0	+	0	0	I24MD25MD38M2I11M420I	AY487563	AY487565
L	15982	509	*	*	*	*	*	AF314970	*
H	15982	100	92.0	+	0	0	I24MD29MD26MI19M409I	AY487563	AF314970
L	18218	1169	*	*	*	*	*	AY509551	*
H	18218	100	100.0	+	0	0	40I100M1029I	AY509551	AY509551
L	18234	610	*	*	*	*	*	AY513226	*
H	18234	100	100.0	+	0	0	100M510I	AY513226	AY513226
H	18233	100	98.0	+	0	0	15MD30M4I54M511I	AY513226	AY513225
H	23338	100	98.0	+	0	0	15MD30MI41MI13M498I	AY513226	FJ869342
L	18244	725	*	*	*	*	*	AY514636	*
H	18244	100	100.0	+	0	0	100M625I	AY514636	AY514636
L	18245	713	*	*	*	*	*	AY514637	*
H	18245	100	100.0	+	0	0	100M613I	AY514637	AY514637
L	14316	677	*	*	*	*	*	DQ494372	*
H	14316	100	95.0	+	0	0	4D96M581I	AY514637	DQ494372
L	18685	666	*	*	*	*	*	AY776168	*
H	18685	100	89.0	+	0	0	10D7MI83M575I	AY514637	AY776168
L	18268	761	*	*	*	*	*	EU477479	*
H	18268	100	100.0	+	0	0	21I100M640I	GU136204	EU477479
L	18267	740	*	*	*	*	*	GU136204	*
H	18267	100	100.0	+	0	0	100M640I	GU136204	GU136204
L	9106	786	*	*	*	*	*	FJ613649	*
H	9106	100	99.0	+	0	0	19I49M11I51M656I	GU136204	FJ613649
L	18279	2694	*	*	*	*	*	AY532651	*
H	18279	100	100.0	+	0	0	2161I100M433I	AY532651	AY532651
L	18337	568	*	*	*	*	*	AY571028	*
H	18337	100	100.0	+	0	0	13I100M455I	AY571028	AY571028
L	18344	670	*	*	*	*	*	AY571044	*
H	18344	100	100.0	+	0	0	23I100M547I	AY571044	AY571044
L	12499	655	*	*	*	*	*	AY571046	*
H	12499	100	88.0	+	0	0	14I68MI32M540I	AY571044	AY571046
L	18368	500	*	*	*	*	*	AY581095	*
H	18368	100	100.0	+	0	0	100M400I	AY581095	AY581095
L	18367	500	*	*	*	*	*	AY581111	*
H	18367	100	96.0	+	0	0	31MD68M401I	AY581095	AY581111
L	18362	493	*	*	*	*	*	AY581080	*
H	18362	100	92.0	+	0	0	46MI54M392I	AY581095	AY581080
H	18378	100	100.0	+	0	0	39I100M546I	GU222326	GU222326
H	7743	100	99.0	+	0	0	17I100M571I	GU222326	AJ272416
H	16946	100	99.0	+	0	0	49I100M126I	GU222326	AJ416957
L	18396	664	*	*	*	*	*	AY599570	*
H	18396	100	100.0	+	0	0	42I100M522I	AY599570	AY599570
L	8308	647	*	*	*	*	*	HQ533007	*
H	8308	100	97.0	+	0	0	36I100M511I	AY599570	HQ533007
L	8424	665	*	*	*	*	*	AY599575	*
H	8424	100	96.0	+	0	0	37I39MI61M527I	AY599570	AY599575
L	18422	230	*	*	*	*	*	AY613914	*
H	18422	100	100.0	+	0	0	11I100M119I	AY613914	AY613914
L	26111	2440	*	*	*	*	*	HQ168400	*
H	26111	100	89.0	+	0	0	37I55MD13M2I31M2302I	AY613914	HQ168400
L	14622	739	*	*	*	*	*	AB210075	*
H	14622	100	80.0	+	0	0	15I79M2I21M622I	AY613914	AB210075
L	18428	465	*	*	*	*	*	AY618225	*
H	18428	100	100.0	+	0	0	100M365I	AY618225	AY618225
H	1462	100	88.0	+	0	0	87I100M411I	AY618225	HQ630994
L	20676	532	*	*	*	*	*	JN559404	*
H	20676	100	87.0	+	0	0	31I100M401I	AY618225	JN559404
L	18435	760	*	*	*	*	*	GU199446	*
H	18435	100	100.0	+	0	0	11I100M649I	GU199446	GU199446
L	6472	681	*	*	*	*	*	AB551886	*
H	6472	100	89.0	+	0	0	8D92M589I	GU199446	AB551886
L	18445	572	*	*	*	*	*	AY622784	*
H	18445	100	100.0	+	0	0	100M472I	AY622784	AY622784
L	18446	578	*	*	*	*	*	AY622785	*
H	18446	100	86.0	+	0	0	17I19M6D27MI48M466I	AY622784	AY622785
L	2729	659	*	*	*	*	*	EU672822	*
H	2729	100	86.0	+	0	0	13I19M6D27MI48M551I	AY622784	EU672822
L	18455	540	*	*	*	*	*	AY629423	*
H	18455	100	100.0	+	0	0	2I100M438I	AY629423	AY629423
L	25142	570	*	*	*	*	*	AY629418	*
H	25142	100	99.0	+	0	0	2I7MD92M469I	AY629423	AY629418
L	18474	580	*	*	*	*	*	AY645663	*
H	18474	100	100.0	+	0	0	11I100M469I	AY645663	AY645663
L	18490	782	*	*	*	*	*	AY665171	*
H	18490	100	100.0	+	0	0	59I100M623I	AY665171	AY665171
L	9133	692	*	*	*	*	*	JF701730	*
H	9133	100	80.0	+	0	0	22I29MD8M2I16M6D40M575I	AY665171	JF701730
L	18547	228	*	*	*	*	*	AY558788	*
H	18547	100	100.0	+	0	0	100M128I	AY558788	AY558788
L	12593	228	*	*	*	*	*	AY558757	*
H	12593	100	98.0	+	0	0	100M128I	AY558788	AY558757
L	27016	735	*	*	*	*	*	EU819493	*
H	27016	100	94.0	+	0	0	63I46MD23MD29M574I	AY558788	EU819493
L	18571	731	*	*	*	*	*	AY740038	*
H	18571	100	100.0	+	0	0	100M631I	AY740038	AY740038
L	18586	746	*	*	*	*	*	AY740061	*
H	18586	100	87.0	+	0	0	16M2D56M4D22M652I	AY740038	AY740061
H	8116	100	84.0	+	0	0	D73M3D23M606I	AY740038	AY740065
L	18654	513	*	*	*	*	*	AY756466	*
H	18654	100	100.0	+	0	0	100M413I	AY756466	AY756466
L	12953	498	*	*	*	*	*	AY756491	*
H	12953	100	81.0	+	0	0	11MI78M2I11M395I	AY756466	AY756491
L	18671	486	*	*	*	*	*	AY756489	*
H	18671	100	100.0	+	0	0	100M386I	AY756489	AY756489
L	18670	486	*	*	*	*	*	AY756488	*
H	18670	100	98.0	+	0	0	100M386I	AY756489	AY756488
L	20848	1446	*	*	*	*	*	EU035415	*
H	20848	100	80.0	+	0	0	4I53MI28M10I11M10I8M1321I	AY756489	EU035415
L	18684	1027	*	*	*	*	*	AY773465	*
H	18684	100	100.0	+	0	0	430I100M497I	AY773465	AY773465
L	13282	777	*	*	*	*	*	AY773446	*
H	13282	100	100.0	+	0	0	220I100M457I	AY773465	AY773446
L	12574	1246	*	*	*	*	*	AF106535	*
H	12574	100	98.0	+	0	0	648I21MD17MD60M500I	AY773465	AF106535
L	18702	597	*	*	*	*	*	FJ860816	*
H	18702	100	100.0	+	0	0	100M497I	FJ860816	FJ860816
L	19921	587	*	*	*	*	*	FJ860821	*
H	19921	100	90.0	+	0	0	10D90M497I	FJ860816	FJ860821
L	19922	594	*	*	*	*	*	FJ860747	*
H	19922	100	96.0	+	0	0	65MD34M495I	FJ860816	FJ860747
L	18716	580	*	*	*	*	*	AY789311	*
H	18716	100	100.0	+	0	0	41I100M439I	AY789311	AY789311
L	3531	581	*	*	*	*	*	EU784256	*
H	3531	100	94.0	+	0	0	39I70M2D21MI7M443I	AY789311	EU784256
L	3532	895	*	*	*	*	*	EU784257	*
H	3532	100	88.0	+	0	0	420I100M375I	AY789311	EU784257
L	18732	480	*	*	*	*	*	AY789416	*
H	18732	100	100.0	+	0	0	100M380I	AY789416	AY789416
L	20152	540	*	*	*	*	*	EF029188	*
H	20152	100	80.0	+	0	0	4I20M9D16MD31MD22M447I	AY789416	EF029188
L	18752	535	*	*	*	*	*	AY795878	*
H	18752	100	100.0	+	0	0	100M435I	AY795878	AY795878
L	18749	537	*	*	*	*	*	AY795874	*
H	18749	100	83.0	+	0	0	80M2I20M435I	AY795878	AY795874
L	18743	549	*	*	*	*	*	AY795858	*
H	18743	100	81.0	+	0	0	9MD9M3D50M3I17M6I11M444I	AY795878	AY795858
L	23429	501	*	*	*	*	*	FJ903315	*
H	23429	100	100.0	+	0	0	52I100M349I	AY805586	FJ903315
L	18757	488	*	*	*	*	*	AY805586	*
H	18757	100	100.0	+	0	0	100M388I	AY805586	AY805586
H	14908	100	89.0	+	0	0	362I42MI24M2D32M376I	AY805586	AB481282
L	18767	1041	*	*	*	*	*	AY826763	*
H	18767	100	100.0	+	0	0	441I100M500I	AY826763	AY826763
H	11398	100	97.0	+	0	0	39I100M505I	AY826763	AY739018
H	11400	100	97.0	+	0	0	35I100M507I	AY826763	JN943490
L	18768	639	*	*	*	*	*	AY830851	*
H	18768	100	100.0	+	0	0	35I100M504I	AY830851	AY830851
L	20465	512	*	*	*	*	*	DQ974734	*
H	20465	100	86.0	+	0	0	9D91M421I	AY830851	DQ974734
L	22466	629	*	*	*	*	*	FJ197820	*
H	22466	100	82.0	+	0	0	15I27M4D46MD22M519I	AY830851	FJ197820
L	18786	730	*	*	*	*	*	AY854089	*
H	18786	100	100.0	+	0	0	44I100M586I	AY854089	AY854089
L	2502	676	*	*	*	*	*	EU598200	*
H	2502	100	91.0	+	0	0	6D94M582I	AY854089	EU598200
L	12065	652	*	*	*	*	*	AY456364	*
H	12065	100	88.0	+	0	0	13I62MI32MI6M537I	AY854089	AY456364
L	18800	508	*	*	*	*	*	AY879797	*
H	18800	100	100.0	+	0	0	100M408I	AY879797	AY879797
L	17197	722	*	*	*	*	*	AY228115	*
H	17197	100	100.0	+	0	0	225I100M397I	AY879797	AY228115
L	20081	712	*	*	*	*	*	AY228121	*
H	20081	100	90.0	+	0	0	199I65M2I14M5I21M406I	AY879797	AY228121
L	18841	527	*	*	*	*	*	AY916456	*
H	18841	100	100.0	+	0	0	15I100M412I	AY916456	AY916456
L	24372	579	*	*	*	*	*	GQ856142	*
H	24372	100	95.0	+	0	0	15I57MD9M3I27M5I6M457I	AY916456	GQ856142
L	18853	586	*	*	*	*	*	AY916478	*
H	18853	100	90.0	+	0	0	15I57MI37M5I6M465I	AY916456	AY916478
L	18848	530	*	*	*	*	*	AY916467	*
H	18848	100	100.0	+	0	0	15I100M415I	AY916467	AY916467
L	11367	1030	*	*	*	*	*	JN865202	*
H	11367	100	95.0	+	0	0	506I31M2I69M422I	AY916467	JN865202
L	11366	552	*	*	*	*	*	JN865201	*
H	11366	100	88.0	+	0	0	8I9M2D20M2I69M444I	AY916467	JN865201
L	18852	613	*	*	*	*	*	AY916477	*
H	18852	100	100.0	+	0	0	15I100M498I	AY916477	AY916477
L	19439	596	*	*	*	*	*	DQ341095	*
H	19439	100	96.0	+	0	0	15I47MI12MI41M479I	AY916477	DQ341095
L	18847	612	*	*	*	*	*	AY916465	*
H	18847	100	88.0	+	0	0	15I25MD46M2D26M500I	AY916477	AY916465
L	18904	520	*	*	*	*	*	AY943045	*
H	18904	100	100.0	+	0	0	100M420I	AY943045	AY943045
L	4255	545	*	*	*	*	*	FJ624258	*
H	4255	100	99.0	+	0	0	58I100M387I	AY943045	FJ624258
L	6372	529	*	*	*	*	*	AY943050	*
H	6372	100	99.0	+	0	0	9I100M420I	AY943045	AY943050
L	18920	668	*	*	*	*	*	DQ328212	*
H	18920	100	100.0	+	0	0	11I100M557I	DQ328212	DQ328212
L	12749	722	*	*	*	*	*	AY818352	*
H	12749	100	98.0	+	0	0	45I55MI45M576I	DQ328212	AY818352
L	11385	643	*	*	*	*	*	FJ872063	*
H	11385	100	98.0	+	0	0	4I55MI45M538I	DQ328212	FJ872063
L	15821	485	*	*	*	*	*	FJ469915	*
H	15821	100	100.0	+	0	0	87I100M298I	FJ469916	FJ469915
L	18924	485	*	*	*	*	*	FJ469916	*
H	18924	100	100.0	+	0	0	87I100M298I	FJ469916	FJ469916
L	18009	392	*	*	*	*	*	DQ885586	*
H	18009	100	99.0	+	0	0	75I100M217I	FJ469916	DQ885586
L	18949	517	*	*	*	*	*	AY986498	*
H	18949	100	100.0	+	0	0	100M417I	AY986498	AY986498
L	18992	683	*	*	*	*	*	AY046180	*
H	18992	100	100.0	+	0	0	100M583I	AY046180	AY046180
L	18999	635	*	*	*	*	*	DQ001274	*
H	18999	80	100.0	+	0	0	162I80M393I	DQ001274	DQ001274
L	16364	549	*	*	*	*	*	AF448458	*
H	16364	80	92.5	+	0	0	137I8MD71M333I	DQ001274	AF448458
L	19002	724	*	*	*	*	*	DQ001278	*
H	19002	100	100.0	+	0	0	25I100M599I	DQ001278	DQ001278
L	19024	453	*	*	*	*	*	DQ019400	*
H	19024	100	100.0	+	0	0	100M353I	DQ019400	DQ019400
L	22715	481	*	*	*	*	*	AY752138	*
H	22715	100	94.0	+	0	0	4I100M377I	DQ019400	AY752138
H	2623	100	94.0	+	0	0	51I100M377I	DQ019400	FJ473426
L	19033	670	*	*	*	*	*	DQ026243	*
H	19033	100	100.0	+	0	0	100M570I	DQ026243	DQ026243
L	19031	687	*	*	*	*	*	DQ026241	*
H	19031	100	87.0	+	0	0	61M2D37M589I	DQ026243	DQ026241
L	19032	694	*	*	*	*	*	DQ026242	*
H	19032	100	87.0	+	0	0	61M2D37M596I	DQ026243	DQ026242
L	19044	455	*	*	*	*	*	DQ019351	*
H	19044	100	100.0	+	0	0	100M355I	DQ019351	DQ019351
L	7659	495	*	*	*	*	*	HM235405	*
H	7659	100	86.0	+	0	0	6I48MD43M5I8M385I	DQ019351	HM235405
L	20443	592	*	*	*	*	*	EF394856	*
H	20443	100	89.0	+	0	0	119I20M2D27MI51M374I	DQ019351	EF394856
L	13665	533	*	*	*	*	*	DQ202517	*
H	13665	100	100.0	+	0	0	19I100M414I	AY805562	DQ202517
L	22870	547	*	*	*	*	*	EF601602	*
H	22870	100	100.0	+	0	0	60I100M387I	AY805562	EF601602
L	19066	464	*	*	*	*	*	AY805562	*
H	19066	100	100.0	+	0	0	100M364I	AY805562	AY805562
H	19087	100	100.0	+	0	0	100M438I	DQ084016	DQ084016
H	10653	100	96.0	+	0	0	100M438I	DQ084016	DQ084013
L	16537	549	*	*	*	*	*	DQ084019	*
H	16537	100	88.0	+	0	0	81M12I19M437I	DQ084016	DQ084019
L	19095	543	*	*	*	*	*	DQ092541	*
H	19095	100	100.0	+	0	0	100M443I	DQ092541	DQ092541
L	13505	587	*	*	*	*	*	DQ135997	*
H	13505	100	89.0	+	0	0	47I16MI54M4D10M3D13M446I	DQ092541	DQ135997
L	20387	532	*	*	*	*	*	EF194151	*
H	20387	100	81.0	+	0	0	17I16M2I21MD32M4D13M3I13M415I	DQ092541	EF194151
L	19096	553	*	*	*	*	*	DQ092542	*
H	19096	100	100.0	+	0	0	100M453I	DQ092542	DQ092542
H	3058	100	100.0	+	0	0	49I36M2I64M408I	DQ092542	EU645679
H	21724	100	95.0	+	0	0	36I80MD19M511I	DQ092542	EU714394
L	19116	958	*	*	*	*	*	DQ097871	*
H	19116	100	100.0	+	0	0	218I100M640I	DQ097871	DQ097871
L	21763	799	*	*	*	*	*	EU669308	*
H	21763	100	97.0	+	0	0	139I100M560I	DQ097871	EU669308
L	2906	886	*	*	*	*	*	EU669202	*
H	2906	100	94.0	+	0	0	2D77M2I21M786I	DQ097871	EU669202
L	19122	1592	*	*	*	*	*	DQ112601	*
H	19122	100	100.0	+	0	0	100M1492I	DQ112601	DQ112601
H	22748	100	100.0	+	0	0	48I6MI94M600I	DQ112601	FJ481030
H	13417	100	100.0	+	0	0	37I6MI94M589I	DQ112601	EU833665
L	27818	547	*	*	*	*	*	FN396107	*
H	27818	100	99.0	+	0	0	271I100M176I	DQ144617	FN396107
L	21828	604	*	*	*	*	*	FJ461624	*
H	21828	100	99.0	+	0	0	306I100M198I	DQ144617	FJ461624
H	13381	100	99.0	+	0	0	339I100M175I	DQ144617	DQ083797
L	19185	589	*	*	*	*	*	EF105416	*
H	19185	100	100.0	+	0	0	51I100M438I	EF105416	EF105416
L	9098	481	*	*	*	*	*	GU994573	*
H	9098	100	83.0	+	0	0	5I26M15I74M361I	EF105416	GU994573
L	26653	559	*	*	*	*	*	HQ650682	*
H	26653	100	90.0	+	0	0	2I33M17I17MI50M439I	EF105416	HQ650682
L	19200	639	*	*	*	*	*	DQ192180	*
H	19200	100	100.0	+	0	0	50I100M489I	DQ192180	DQ192180
L	28635	2029	*	*	*	*	*	U66430	*
H	28635	100	100.0	+	0	0	30I100M1899I	DQ192180	U66430
L	19226	1233	*	*	*	*	*	DQ206860	*
H	19226	100	100.0	+	0	0	100M1133I	DQ206860	DQ206860
L	13649	640	*	*	*	*	*	DQ206851	*
H	13649	100	97.0	+	0	0	45MI6M2I49M537I	DQ206860	DQ206851
L	19225	689	*	*	*	*	*	DQ218292	*
H	19225	100	83.0	+	0	0	17MI26M3D25MI12MD16M591I	DQ206860	DQ218292
L	19229	528	*	*	*	*	*	DQ218286	*
H	19229	100	100.0	+	0	0	100M428I	DQ218286	DQ218286
L	19224	620	*	*	*	*	*	DQ218288	*
H	19224	100	90.0	+	0	0	82MD17M521I	DQ218286	DQ218288
L	13662	679	*	*	*	*	*	DQ218290	*
H	13662	100	90.0	+	0	0	82MD17M580I	DQ218286	DQ218290
L	22517	595	*	*	*	*	*	FJ228199	*
H	22517	100	100.0	+	0	0	20I100M475I	GQ120969	FJ228199
L	4627	428	*	*	*	*	*	FJ824634	*
H	4627	100	100.0	+	0	0	6I100M322I	GQ120969	FJ824634
L	19237	631	*	*	*	*	*	GQ120969	*
H	19237	100	100.0	+	0	0	51I100M480I	GQ120969	GQ120969
L	19241	581	*	*	*	*	*	DQ233665	*
H	19241	100	100.0	+	0	0	35I100M446I	DQ233665	DQ233665
L	1185	587	*	*	*	*	*	GQ241277	*
H	1185	100	98.0	+	0	0	24I100M463I	DQ233665	GQ241277
L	26531	619	*	*	*	*	*	HQ608081	*
H	26531	100	89.0	+	0	0	35I67M2D21MD9M487I	DQ233665	HQ608081
L	19247	561	*	*	*	*	*	DQ235667	*
H	19247	100	100.0	+	0	0	15I100M446I	DQ235667	DQ235667
L	233	566	*	*	*	*	*	DQ780460	*
H	233	100	99.0	+	0	0	35I100M431I	DQ235667	DQ780460
L	27813	592	*	*	*	*	*	JN153067	*
H	27813	100	95.0	+	0	0	26I32M2I68M464I	DQ235667	JN153067
L	19249	604	*	*	*	*	*	FJ799938	*
H	19249	100	100.0	+	0	0	36I100M468I	FJ799938	FJ799938
L	2229	561	*	*	*	*	*	GQ149764	*
H	2229	100	99.0	+	0	0	13I70MD29M449I	FJ799938	GQ149764
H	11289	100	99.0	+	0	0	39I70MD29M448I	FJ799938	JN695509
L	19269	503	*	*	*	*	*	DQ241774	*
H	19269	100	100.0	+	0	0	100M403I	DQ241774	DQ241774
H	2850	100	94.0	+	0	0	21I100M1090I	DQ241774	AF395309
L	15947	530	*	*	*	*	*	AF291275	*
H	15947	100	88.0	+	0	0	11D48MI41M440I	DQ241774	AF291275
L	19282	578	*	*	*	*	*	DQ257353	*
H	19282	100	100.0	+	0	0	44I100M434I	DQ257353	DQ257353
L	23025	566	*	*	*	*	*	FJ665277	*
H	23025	100	81.0	+	0	0	11I20M11I9M20I12M48I20MD23M7I15M370I	DQ257353	FJ665277
L	19305	481	*	*	*	*	*	DQ279482	*
H	19305	100	100.0	+	0	0	100M381I	DQ279482	DQ279482
H	16372	100	82.0	+	0	0	229I14M17I45M2D20M14I19M372I	DQ279482	AF451779
L	19307	488	*	*	*	*	*	DQ279485	*
H	19307	100	100.0	+	0	0	100M388I	DQ279485	DQ279485
L	19308	494	*	*	*	*	*	DQ279486	*
H	19308	100	100.0	+	0	0	100M394I	DQ279486	DQ279486
L	19310	494	*	*	*	*	*	DQ279489	*
H	19310	100	98.0	+	0	0	100M394I	DQ279486	DQ279489
L	14012	647	*	*	*	*	*	DQ383642	*
H	14012	100	95.0	+	0	0	28I100M519I	DQ279486	DQ383642
L	19325	501	*	*	*	*	*	AY611076	*
H	19325	100	100.0	+	0	0	100M401I	AY611076	AY611076
L	8301	490	*	*	*	*	*	HQ725076	*
H	8301	100	91.0	+	0	0	13I100M377I	AY611076	HQ725076
L	24431	506	*	*	*	*	*	GQ919287	*
H	24431	100	90.0	+	0	0	100M406I	AY611076	GQ919287
L	19327	505	*	*	*	*	*	DQ279510	*
H	19327	100	100.0	+	0	0	100M405I	DQ279510	DQ279510
L	18416	504	*	*	*	*	*	AY611107	*
H	18416	100	95.0	+	0	0	100M404I	DQ279510	AY611107
L	24425	496	*	*	*	*	*	DQ279522	*
H	24425	100	95.0	+	0	0	100M396I	DQ279510	DQ279522
L	19329	509	*	*	*	*	*	DQ279528	*
H	19329	100	100.0	+	0	0	100M409I	DQ279528	DQ279528
L	24423	503	*	*	*	*	*	GQ919270	*
H	24423	100	96.0	+	0	0	74M2D24M405I	DQ279528	GQ919270
H	13117	100	96.0	+	0	0	249I48MD24M2D25M493I	DQ279528	DQ007034
L	19367	722	*	*	*	*	*	AF377157	*
H	19367	100	100.0	+	0	0	37I100M585I	AF377157	AF377157
L	13839	674	*	*	*	*	*	AF377150	*
H	13839	100	98.0	+	0	0	33I100M541I	AF377157	AF377150
L	19574	804	*	*	*	*	*	HQ914304	*
H	19574	100	83.0	+	0	0	16D84M720I	AF377157	HQ914304
L	19400	678	*	*	*	*	*	DQ328201	*
H	19400	100	100.0	+	0	0	15I100M563I	DQ328201	DQ328201
L	23058	1262	*	*	*	*	*	FJ717559	*
H	23058	100	99.0	+	0	0	9I22MI78M1152I	DQ328201	FJ717559
L	18500	676	*	*	*	*	*	GU222270	*
H	18500	100	97.0	+	0	0	37I62MD37M540I	DQ328201	GU222270
L	19420	584	*	*	*	*	*	DQ337320	*
H	19420	100	100.0	+	0	0	51I100M433I	DQ337320	DQ337320
L	6451	624	*	*	*	*	*	GU553290	*
H	6451	100	86.0	+	0	0	161I100M363I	DQ337320	GU553290
L	20895	489	*	*	*	*	*	EU045433	*
H	20895	100	84.0	+	0	0	16I13MD86M374I	DQ337320	EU045433
L	19421	466	*	*	*	*	*	DQ337321	*
H	19421	100	100.0	+	0	0	100M366I	DQ337321	DQ337321
L	19417	506	*	*	*	*	*	DQ337314	*
H	19417	100	87.0	+	0	0	11I100M395I	DQ337321	DQ337314
L	19424	535	*	*	*	*	*	DQ337317	*
H	19424	100	85.0	+	0	0	3I100M432I	DQ337321	DQ337317
L	19435	625	*	*	*	*	*	DQ340333	*
H	19435	100	100.0	+	0	0	100M525I	DQ340333	DQ340333
L	425	2096	*	*	*	*	*	DQ873601	*
H	425	100	85.0	+	0	0	50I20M2I22M4I22MD15MD19M1942I	DQ340333	DQ873601
L	19469	1003	*	*	*	*	*	DQ367904	*
H	19469	100	100.0	+	0	0	218I100M685I	DQ367904	DQ367904
L	18168	784	*	*	*	*	*	AY463488	*
H	18168	100	95.0	+	0	0	10I49MI41MI10M672I	DQ367904	AY463488
L	1129	619	*	*	*	*	*	EF559268	*
H	1129	100	85.0	+	0	0	9D38M2D32MI19M529I	DQ367904	EF559268
L	2401	1265	*	*	*	*	*	AF195601	*
H	2401	100	100.0	+	0	0	286I100M879I	DQ384587	AF195601
L	29248	985	*	*	*	*	*	UDB011590	*
H	29248	100	100.0	+	0	0	618I100M267I	DQ384587	UDB011590
L	19483	649	*	*	*	*	*	DQ384587	*
H	19483	100	100.0	+	0	0	100M549I	DQ384587	DQ384587
L	19488	717	*	*	*	*	*	EU126026	*
H	19488	100	100.0	+	0	0	39I100M578I	EU126026	EU126026
L	14047	686	*	*	*	*	*	DQ389708	*
H	14047	100	98.0	+	0	0	9I100M577I	EU126026	DQ389708
L	19490	1597	*	*	*	*	*	DQ389715	*
H	19490	100	95.0	+	0	0	37I100M1460I	EU126026	DQ389715
L	19495	1599	*	*	*	*	*	DQ389727	*
H	19495	100	100.0	+	0	0	41I100M1458I	DQ389727	DQ389727
L	9676	712	*	*	*	*	*	FN396122	*
H	9676	100	93.0	+	0	0	5I68MI32M606I	DQ389727	FN396122
L	23678	669	*	*	*	*	*	FN396145	*
H	23678	100	92.0	+	0	0	2D69MI29M570I	DQ389727	FN396145
L	19534	591	*	*	*	*	*	DQ400144	*
H	19534	100	100.0	+	0	0	35I100M456I	DQ400144	DQ400144
L	12052	562	*	*	*	*	*	AJ532680	*
H	12052	100	90.0	+	0	0	35I57MI43M426I	DQ400144	AJ532680
L	12051	568	*	*	*	*	*	AJ504634	*
H	12051	100	91.0	+	0	0	35I51MI10MI39M431I	DQ400144	AJ504634
L	19546	313	*	*	*	*	*	DQ401566	*
H	19546	100	100.0	+	0	0	60I100M153I	DQ401566	DQ401566
L	19559	650	*	*	*	*	*	DQ407261	*
H	19559	100	100.0	+	0	0	39I100M511I	DQ407261	DQ407261
L	19575	478	*	*	*	*	*	DQ431167	*
H	19575	100	100.0	+	0	0	100M378I	DQ431167	DQ431167
H	3909	100	95.0	+	0	0	16MI21MI14MD48M378I	DQ431167	FJ005107
L	27942	544	*	*	*	*	*	JN225953	*
H	27942	100	95.0	+	0	0	21I57MI15MI21MI7M420I	DQ431167	JN225953
L	19601	695	*	*	*	*	*	AY874150	*
H	19601	100	100.0	+	0	0	35I100M560I	AY874150	AY874150
L	18928	689	*	*	*	*	*	AY956557	*
H	18928	100	96.0	+	0	0	35I63MI37M553I	AY874150	AY956557
L	19564	710	*	*	*	*	*	EU014045	*
H	19564	100	94.0	+	0	0	49I62M2D36M563I	AY874150	EU014045
H	19642	100	100.0	+	0	0	3I100M1155I	FJ717492	FJ717492
H	25707	100	100.0	+	0	0	11I100M576I	FJ717492	EF093151
H	12748	100	97.0	+	0	0	34I100M568I	FJ717492	EU570173
L	19654	527	*	*	*	*	*	AY485731	*
H	19654	100	100.0	+	0	0	100M427I	AY485731	AY485731
L	18790	567	*	*	*	*	*	AY857867	*
H	18790	100	95.0	+	0	0	45I25MI75M421I	AY485731	AY857867
L	20650	579	*	*	*	*	*	FJ357156	*
H	20650	100	95.0	+	0	0	20I25MI75M458I	AY485731	FJ357156
L	19676	567	*	*	*	*	*	FJ614625	*
H	19676	100	100.0	+	0	0	100M467I	FJ614625	FJ614625
L	25533	587	*	*	*	*	*	DQ490765	*
H	25533	100	94.0	+	0	0	12I100M475I	FJ614625	DQ490765
L	19677	586	*	*	*	*	*	DQ490767	*
H	19677	100	93.0	+	0	0	12I100M474I	FJ614625	DQ490767
L	19695	610	*	*	*	*	*	DQ491497	*
H	19695	100	100.0	+	0	0	36I100M474I	DQ491497	DQ491497
L	15581	339	*	*	*	*	*	AF133179	*
H	15581	100	94.0	+	0	0	99I100M140I	DQ491497	AF133179
L	5320	660	*	*	*	*	*	GQ231752	*
H	5320	100	83.0	+	0	0	30I29MD70M531I	DQ491497	GQ231752
L	19710	484	*	*	*	*	*	DQ494422	*
H	19710	100	100.0	+	0	0	100M384I	DQ494422	DQ494422
L	19712	552	*	*	*	*	*	DQ494435	*
H	19712	100	88.0	+	0	0	2I11M2I17MI6MI5MI10M4I5M2I5M2I9M2I14M5I18M430I	DQ494422	DQ494435
H	19724	100	100.0	+	0	0	420I100M481I	DQ512889	DQ512889
H	28574	100	94.0	+	0	0	419I42MD14MD20MD21M479I	DQ512889	U51952
H	4725	100	87.0	+	0	0	394I43MI26M2I31M463I	DQ512889	FJ380941
L	19728	647	*	*	*	*	*	JQ711864	*
H	19728	100	100.0	+	0	0	50I100M497I	JQ711864	JQ711864
L	23910	673	*	*	*	*	*	GQ415318	*
H	23910	100	95.0	+	0	0	2I32M2D66M573I	JQ711864	GQ415318
L	24067	771	*	*	*	*	*	HM189800	*
H	24067	100	94.0	+	0	0	49I32M2D66M624I	JQ711864	HM189800
L	19744	580	*	*	*	*	*	DQ525528	*
H	19744	100	100.0	+	0	0	35I100M445I	DQ525528	DQ525528
H	19474	100	83.0	+	0	0	14D86M438I	DQ525528	DQ374128
L	24683	515	*	*	*	*	*	DQ374138	*
H	24683	100	82.0	+	0	0	14D86M429I	DQ525528	DQ374138
L	19747	510	*	*	*	*	*	DQ528789	*
H	19747	100	100.0	+	0	0	13I100M397I	DQ528789	DQ528789
L	16692	495	*	*	*	*	*	AJ010041	*
H	16692	100	89.0	+	0	0	10D69MI21M404I	DQ528789	AJ010041
L	9729	538	*	*	*	*	*	JF414828	*
H	9729	100	98.0	+	0	0	37I100M401I	DQ528789	JF414828
L	19798	748	*	*	*	*	*	EU846262	*
H	19798	100	100.0	+	0	0	12I100M636I	EU846262	EU846262
L	23211	705	*	*	*	*	*	FJ810142	*
H	23211	100	93.0	+	0	0	35I60MD23M3D13M574I	EU846262	FJ810142
L	27477	680	*	*	*	*	*	JF907991	*
H	27477	100	91.0	+	0	0	25I60MD11MD11M2D14M559I	EU846262	JF907991
L	19823	826	*	*	*	*	*	DQ660906	*
H	19823	100	100.0	+	0	0	278I100M448I	DQ660906	DQ660906
H	25601	100	98.0	+	0	0	227I100M440I	DQ660906	HM161455
H	12250	100	98.0	+	0	0	204I100M450I	DQ660906	AF096211
L	19870	482	*	*	*	*	*	DQ780374	*
H	19870	100	100.0	+	0	0	100M382I	DQ780374	DQ780374
L	1861	576	*	*	*	*	*	GU183166	*
H	1861	100	85.0	+	0	0	46I7MI81M5I12M424I	DQ780374	GU183166
L	26439	594	*	*	*	*	*	AF035674	*
H	26439	100	85.0	+	0	0	19I7MI81M5I12M469I	DQ780374	AF035674
L	19898	719	*	*	*	*	*	AF157412	*
H	19898	100	100.0	+	0	0	11I100M608I	AF157412	AF157412
L	1855	693	*	*	*	*	*	EF493295	*
H	1855	100	100.0	+	0	0	27I100M566I	AF157412	EF493295
L	6149	725	*	*	*	*	*	JF908299	*
H	6149	100	100.0	+	0	0	24I100M601I	AF157412	JF908299
L	19902	636	*	*	*	*	*	DQ826550	*
H	19902	100	100.0	+	0	0	24I100M512I	DQ826550	DQ826550
L	19903	633	*	*	*	*	*	DQ826556	*
H	19903	100	90.0	+	0	0	25I53MD10MI21MI15M507I	DQ826550	DQ826556
L	19914	207	*	*	*	*	*	DQ834414	*
H	19914	100	100.0	+	0	0	100M107I	DQ834414	DQ834414
L	10350	684	*	*	*	*	*	GU937738	*
H	10350	100	88.0	+	0	0	139I23MD23MD52M447I	DQ834414	GU937738
L	291	187	*	*	*	*	*	DQ858508	*
H	291	100	88.0	+	0	0	48I25M2D20MD52M42I	DQ834414	DQ858508
L	19953	202	*	*	*	*	*	DQ860789	*
H	19953	100	100.0	+	0	0	100M102I	DQ860789	DQ860789
L	1497	535	*	*	*	*	*	FJ428242	*
H	1497	100	99.0	+	0	0	334I100M101I	DQ860789	FJ428242
L	16669	537	*	*	*	*	*	FJ428241	*
H	16669	100	99.0	+	0	0	336I100M101I	DQ860789	FJ428241
L	19954	175	*	*	*	*	*	DQ860824	*
H	19954	100	100.0	+	0	0	100M75I	DQ860824	DQ860824
L	630	651	*	*	*	*	*	EU181451	*
H	630	100	97.0	+	0	0	429I100M122I	DQ860824	EU181451
L	13496	1062	*	*	*	*	*	AJ877216	*
H	13496	100	95.0	+	0	0	590I45M3I55M369I	DQ860824	AJ877216
L	19966	519	*	*	*	*	*	EU030349	*
H	19966	100	100.0	+	0	0	23I100M396I	EU030349	EU030349
L	22704	523	*	*	*	*	*	FN394730	*
H	22704	100	85.0	+	0	0	11D65MD23M435I	EU030349	FN394730
L	11936	491	*	*	*	*	*	AB499791	*
H	11936	100	83.0	+	0	0	13D63MD23M405I	EU030349	AB499791
L	19972	605	*	*	*	*	*	DQ872669	*
H	19972	100	100.0	+	0	0	35I100M470I	DQ872669	DQ872669
H	19249	100	95.0	+	0	0	36I85MD14M469I	DQ872669	FJ799938
L	11375	580	*	*	*	*	*	FJ233186	*
H	11375	100	93.0	+	0	0	11I85MD14M470I	DQ872669	FJ233186
L	19988	629	*	*	*	*	*	DQ875351	*
H	19988	100	100.0	+	0	0	100M529I	DQ875351	DQ875351
L	371	661	*	*	*	*	*	DQ875356	*
H	371	100	81.0	+	0	0	23MD68M3I8M559I	DQ875351	DQ875356
L	20004	1450	*	*	*	*	*	DQ890026	*
H	20004	100	100.0	+	0	0	100M1350I	DQ890026	DQ890026
L	11041	562	*	*	*	*	*	GQ293927	*
H	11041	100	81.0	+	0	0	50MD11MD18M3D16M467I	DQ890026	GQ293927
H	1836	100	82.0	+	0	0	D47MD13MD18M12I19M451I	DQ890026	AJ302442
L	20028	494	*	*	*	*	*	DQ914662	*
H	20028	100	100.0	+	0	0	100M394I	DQ914662	DQ914662
L	12159	499	*	*	*	*	*	AJ621774	*
H	12159	100	86.0	+	0	0	8D16MI56M12I20M394I	DQ914662	AJ621774
L	11390	1065	*	*	*	*	*	HE604173	*
H	11390	100	91.0	+	0	0	2D13MD55MD9M20I19M949I	DQ914662	HE604173
L	20055	990	*	*	*	*	*	GQ159771	*
H	20055	100	100.0	+	0	0	100M890I	GQ159771	GQ159771
L	20907	1311	*	*	*	*	*	EU056991	*
H	20907	100	96.0	+	0	0	48I12MI88M1162I	GQ159771	EU056991
L	21737	1234	*	*	*	*	*	EU056975	*
H	21737	100	97.0	+	0	0	27I47MI53M1106I	GQ159771	EU056975
L	20066	531	*	*	*	*	*	DQ974770	*
H	20066	100	100.0	+	0	0	100M431I	DQ974770	DQ974770
L	23979	553	*	*	*	*	*	EU444538	*
H	23979	100	94.0	+	0	0	5I100M448I	DQ974770	EU444538
L	8277	542	*	*	*	*	*	HQ215803	*
H	8277	100	92.0	+	0	0	8I48MD51M435I	DQ974770	HQ215803
L	24007	552	*	*	*	*	*	Z96990	*
H	24007	100	100.0	+	0	0	6I100M446I	Z96988	Z96990
L	20073	508	*	*	*	*	*	Z96988	*
H	20073	100	100.0	+	0	0	6I100M402I	Z96988	Z96988
H	20081	100	100.0	+	0	0	187I100M425I	AY228121	AY228121
L	7217	593	*	*	*	*	*	EF639862	*
H	7217	100	98.0	+	0	0	22I100M471I	AY228121	EF639862
L	25122	543	*	*	*	*	*	EF568080	*
H	25122	100	87.0	+	0	0	11D89M454I	AY228121	EF568080
L	20085	458	*	*	*	*	*	DQ986482	*
H	20085	60	100.0	+	0	0	117I60M281I	DQ986482	DQ986482
L	643	469	*	*	*	*	*	DQ986481	*
H	643	60	100.0	+	0	0	116I60M293I	DQ986482	DQ986481
L	1795	469	*	*	*	*	*	EU219982	*
H	1795	60	98.3	+	0	0	117I60M292I	DQ986482	EU219982
L	20088	1286	*	*	*	*	*	DQ989496	*
H	20088	100	100.0	+	0	0	100M1186I	DQ989496	DQ989496
L	24227	783	*	*	*	*	*	GQ398242	*
H	24227	100	100.0	+	0	0	35I100M648I	DQ989496	GQ398242
L	885	747	*	*	*	*	*	JQ962944	*
H	885	100	87.0	+	0	0	3D55MI42M649I	DQ989496	JQ962944
L	20141	625	*	*	*	*	*	EF026136	*
H	20141	100	100.0	+	0	0	11I100M514I	EF026136	EF026136
L	10233	627	*	*	*	*	*	JN225897	*
H	10233	100	93.0	+	0	0	34I68MD31M494I	EF026136	JN225897
H	20797	100	92.0	+	0	0	8I8MI22M2D37MD30M495I	EF026136	EU009960
L	20156	532	*	*	*	*	*	EF029196	*
H	20156	100	100.0	+	0	0	100M432I	EF029196	EF029196
L	18727	518	*	*	*	*	*	AY789371	*
H	18727	100	98.0	+	0	0	15I100M403I	EF029196	AY789371
L	8598	560	*	*	*	*	*	GQ152147	*
H	8598	100	99.0	+	0	0	13I60MI40M446I	EF029196	GQ152147
L	20157	573	*	*	*	*	*	EF029198	*
H	20157	100	100.0	+	0	0	100M473I	EF029198	EF029198
L	1539	1438	*	*	*	*	*	EU040222	*
H	1539	100	92.0	+	0	0	7I70MD29M1332I	EF029198	EU040222
L	20048	1727	*	*	*	*	*	DQ923534	*
H	20048	100	92.0	+	0	0	7I70MD29M1621I	EF029198	DQ923534
L	20162	529	*	*	*	*	*	EF029206	*
H	20162	100	100.0	+	0	0	100M429I	EF029206	EF029206
L	27064	477	*	*	*	*	*	FJ903316	*
H	27064	100	89.0	+	0	0	10I34MI20MD45M367I	EF029206	FJ903316
L	20164	530	*	*	*	*	*	EF029210	*
H	20164	100	86.0	+	0	0	34MI20MD45M430I	EF029206	EF029210
L	20171	651	*	*	*	*	*	EF029239	*
H	20171	100	100.0	+	0	0	100M551I	EF029239	EF029239
L	20181	634	*	*	*	*	*	AF230897	*
H	20181	100	100.0	+	0	0	100M534I	AF230897	AF230897
L	29123	631	*	*	*	*	*	EU711748	*
H	29123	100	92.0	+	0	0	3I20MD17M3D59M532I	AF230897	EU711748
H	4069	100	89.0	+	0	0	5I39M2I61M508I	AF230897	DQ974755
H	11208	100	100.0	+	0	0	91MI9M1081I	EF052279	EF052276
H	20186	100	100.0	+	0	0	100M1082I	EF052279	EF052279
H	1389	100	82.0	+	0	0	4I39MD6M2D42M5I10M435I	EF052279	EF464589
L	20189	535	*	*	*	*	*	DQ914685	*
H	20189	100	100.0	+	0	0	100M435I	DQ914685	DQ914685
L	18528	591	*	*	*	*	*	AY681474	*
H	18528	100	96.0	+	0	0	44I74M2D24M449I	DQ914685	AY681474
L	10407	1089	*	*	*	*	*	JN222976	*
H	10407	100	90.0	+	0	0	585I73MI27M403I	DQ914685	JN222976
L	20236	499	*	*	*	*	*	EF090925	*
H	20236	80	100.0	+	0	0	132I80M287I	EF090925	EF090925
L	17986	517	*	*	*	*	*	AY313968	*
H	17986	80	96.2	+	0	0	130I48MI32M306I	EF090925	AY313968
L	531	496	*	*	*	*	*	EF090927	*
H	531	80	91.2	+	0	0	131I52MD27M286I	EF090925	EF090927
L	20241	639	*	*	*	*	*	EF091828	*
H	20241	100	100.0	+	0	0	100M539I	EF091828	EF091828
L	6332	1588	*	*	*	*	*	FJ904126	*
H	6332	100	84.0	+	0	0	12I44M6I26MD29M1471I	EF091828	FJ904126
H	23211	100	83.0	+	0	0	44I24MI43M3D30M563I	EF091828	FJ810142
L	9725	578	*	*	*	*	*	FJ481051	*
H	9725	100	100.0	+	0	0	35I100M443I	EF121859	FJ481051
L	20304	536	*	*	*	*	*	EF121859	*
H	20304	100	100.0	+	0	0	13I100M423I	EF121859	EF121859
L	13989	551	*	*	*	*	*	DQ381951	*
H	13989	100	99.0	+	0	0	11I50MD49M441I	EF121859	DQ381951
L	20327	716	*	*	*	*	*	EF155502	*
H	20327	100	100.0	+	0	0	49I100M567I	EF155502	EF155502
H	8915	100	84.0	+	0	0	3I36M3I20M6I20MI24M1534I	EF155502	AY256710
L	29300	984	*	*	*	*	*	UDB011763	*
H	29300	100	85.0	+	0	0	2I7MD14M2D32M6I16MI28M878I	EF155502	UDB011763
L	20343	879	*	*	*	*	*	EF175513	*
H	20343	100	99.0	+	0	0	50I100M729I	EF175514	EF175513
L	20341	712	*	*	*	*	*	EF175514	*
H	20341	100	100.0	+	0	0	52I100M560I	EF175514	EF175514
H	20356	100	98.0	+	0	0	50I33MD51MD14M714I	EF175514	EF175551
L	20342	814	*	*	*	*	*	EF175515	*
H	20342	100	100.0	+	0	0	18I100M696I	EF175515	EF175515
L	20340	828	*	*	*	*	*	EF175511	*
H	20340	100	96.0	+	0	0	3D97M731I	EF175515	EF175511
L	28336	704	*	*	*	*	*	JN943601	*
H	28336	100	92.0	+	0	0	5D95M609I	EF175515	JN943601
L	20365	811	*	*	*	*	*	EF179801	*
H	20365	100	100.0	+	0	0	293I100M418I	EF179801	EF179801
L	1082	506	*	*	*	*	*	EF492210	*
H	1082	100	99.0	+	0	0	12I100M394I	EF179801	EF492210
L	9830	775	*	*	*	*	*	HQ650617	*
H	9830	100	98.0	+	0	0	362I100M313I	EF179801	HQ650617
L	20390	433	*	*	*	*	*	EF198002	*
H	20390	100	100.0	+	0	0	37I100M296I	DQ681362	EF198002
H	20369	100	100.0	+	0	0	13I100M276I	DQ681362	DQ681362
H	19833	100	95.0	+	0	0	37I100M250I	DQ681362	FJ011540
L	20370	635	*	*	*	*	*	EU409588	*
H	20370	100	100.0	+	0	0	24I100M511I	EU409588	EU409588
L	21326	653	*	*	*	*	*	EU409583	*
H	21326	100	99.0	+	0	0	24I100M529I	EU409588	EU409583
L	20372	624	*	*	*	*	*	EU409581	*
H	20372	100	96.0	+	0	0	24I100M500I	EU409588	EU409581
L	20422	567	*	*	*	*	*	EF369491	*
H	20422	100	100.0	+	0	0	11I100M456I	EF369491	EF369491
L	2492	580	*	*	*	*	*	GQ456160	*
H	2492	100	93.0	+	0	0	11I58MD16M2I13M5I12M463I	EF369491	GQ456160
L	6541	559	*	*	*	*	*	EU003533	*
H	6541	100	95.0	+	0	0	18I100M441I	EF369491	EU003533
L	20423	496	*	*	*	*	*	EF369521	*
H	20423	100	100.0	+	0	0	4I100M392I	EF369521	EF369521
L	20424	499	*	*	*	*	*	EF369522	*
H	20424	100	98.0	+	0	0	13I100M386I	EF369521	EF369522
L	23024	2208	*	*	*	*	*	FJ664885	*
H	23024	100	90.0	+	0	0	204I100M1904I	EF369521	FJ664885
L	20434	636	*	*	*	*	*	EF392535	*
H	20434	100	100.0	+	0	0	100M536I	EF392535	EF392535
L	20431	600	*	*	*	*	*	EF392526	*
H	20431	100	95.0	+	0	0	D99M501I	EF392535	EF392526
L	1028	656	*	*	*	*	*	EF392525	*
H	1028	100	94.0	+	0	0	28I100M528I	EF392535	EF392525
L	20438	597	*	*	*	*	*	EF394833	*
H	20438	100	100.0	+	0	0	105I100M392I	EF394833	EF394833
L	15977	518	*	*	*	*	*	AF309610	*
H	15977	100	90.0	+	0	0	11I65MI25M4I10M402I	EF394833	AF309610
L	6102	498	*	*	*	*	*	GU269765	*
H	6102	100	90.0	+	0	0	I65MI25M4I10M392I	EF394833	GU269765
H	20443	100	100.0	+	0	0	105I100M387I	EF394856	EF394856
L	22777	708	*	*	*	*	*	FJ493187	*
H	22777	100	95.0	+	0	0	122I33M3I15MI14MI38M481I	EF394856	FJ493187
L	19599	538	*	*	*	*	*	DQ631897	*
H	19599	100	90.0	+	0	0	11I61MD38M428I	EF394856	DQ631897
L	5665	1148	*	*	*	*	*	GQ505458	*
H	5665	100	100.0	+	0	0	24I100M1024I	EF397557	GQ505458
H	20446	100	100.0	+	0	0	1771I100M120I	EF397557	EF397557
L	21340	1132	*	*	*	*	*	GQ505758	*
H	21340	100	100.0	+	0	0	24I100M1008I	EF397557	GQ505758
L	20456	657	*	*	*	*	*	DQ974783	*
H	20456	100	100.0	+	0	0	100M557I	DQ974783	DQ974783
L	22499	640	*	*	*	*	*	UDB003278	*
H	22499	100	97.0	+	0	0	100M540I	DQ974783	UDB003278
H	3036	100	97.0	+	0	0	58I100M471I	DQ974783	EU819522
L	20459	531	*	*	*	*	*	AY624200	*
H	20459	100	100.0	+	0	0	100M431I	AY624200	AY624200
L	15566	556	*	*	*	*	*	EU807992	*
H	15566	100	96.0	+	0	0	4D96M460I	AY624200	EU807992
L	28201	584	*	*	*	*	*	EU573342	*
H	28201	100	96.0	+	0	0	13I100M471I	AY624200	EU573342
L	20466	588	*	*	*	*	*	FJ487914	*
H	20466	100	100.0	+	0	0	39I100M449I	FJ487914	FJ487914
L	19160	597	*	*	*	*	*	DQ132820	*
H	19160	100	98.0	+	0	0	39I100M458I	FJ487914	DQ132820
L	18879	606	*	*	*	*	*	GU171385	*
H	18879	100	97.0	+	0	0	11I100M495I	FJ487914	GU171385
L	20477	419	*	*	*	*	*	EF421235	*
H	20477	100	100.0	+	0	0	100M319I	EF421235	EF421235
H	10689	100	99.0	+	0	0	36I100M365I	EF421235	AY354387
L	3093	562	*	*	*	*	*	EU872427	*
H	3093	100	99.0	+	0	0	52I100M410I	EF421235	EU872427
L	20484	635	*	*	*	*	*	EF423621	*
H	20484	100	100.0	+	0	0	50I100M485I	EF423621	EF423621
L	20485	708	*	*	*	*	*	EF423622	*
H	20485	100	100.0	+	0	0	3I100M605I	EF423621	EF423622
L	2769	707	*	*	*	*	*	EU697239	*
H	2769	100	97.0	+	0	0	9I100M598I	EF423621	EU697239
L	20494	480	*	*	*	*	*	AY805569	*
H	20494	100	100.0	+	0	0	100M380I	AY805569	AY805569
L	24579	769	*	*	*	*	*	GU067735	*
H	24579	100	96.0	+	0	0	324I100M345I	AY805569	GU067735
L	5594	539	*	*	*	*	*	FJ903294	*
H	5594	100	96.0	+	0	0	76I100M363I	AY805569	FJ903294
L	20505	550	*	*	*	*	*	EF447377	*
H	20505	100	100.0	+	0	0	100M450I	EF447377	EF447377
L	1223	550	*	*	*	*	*	EF447348	*
H	1223	100	99.0	+	0	0	100M450I	EF447377	EF447348
H	21490	100	91.0	+	0	0	140I100M1367I	EF447377	EU552120
L	20513	504	*	*	*	*	*	EF456775	*
H	20513	100	100.0	+	0	0	34I100M370I	EF456775	EF456775
L	18518	569	*	*	*	*	*	FJ903282	*
H	18518	100	94.0	+	0	0	12I7M2I7MI7MI12MI19M2I14MI9MI25M448I	EF456775	FJ903282
L	24583	579	*	*	*	*	*	GU067766	*
H	24583	100	92.0	+	0	0	45I7M2I8M2I6MI12MI19M2I11M2I12MI25M423I	EF456775	GU067766
L	20523	862	*	*	*	*	*	EF469155	*
H	20523	100	100.0	+	0	0	294I100M468I	EF469155	EF469155
H	23024	100	85.0	+	0	0	204I69MI18M2I13M1901I	EF469155	FJ664885
L	19904	808	*	*	*	*	*	DQ826735	*
H	19904	100	84.0	+	0	0	261I69MI18M2I13M444I	EF469155	DQ826735
L	20525	805	*	*	*	*	*	EF469157	*
H	20525	100	100.0	+	0	0	255I100M450I	EF469157	EF469157
L	2577	553	*	*	*	*	*	AF333156	*
H	2577	100	83.0	+	0	0	14D5MD80M468I	EF469157	AF333156
L	2575	559	*	*	*	*	*	AF333152	*
H	2575	100	81.0	+	0	0	14D86M473I	EF469157	AF333152
L	20537	634	*	*	*	*	*	EF493254	*
H	20537	100	100.0	+	0	0	100M534I	EF493254	EF493254
L	28506	640	*	*	*	*	*	L54102	*
H	28506	100	96.0	+	0	0	37I90M2D8M505I	EF493254	L54102
L	28511	574	*	*	*	*	*	M91611	*
H	28511	100	94.0	+	0	0	5I100M469I	EF493254	M91611
L	20541	564	*	*	*	*	*	EF495097	*
H	20541	100	100.0	+	0	0	100M464I	EF495097	EF495097
L	207	582	*	*	*	*	*	DQ836182	*
H	207	100	95.0	+	0	0	9I100M473I	EF495097	DQ836182
H	11015	100	95.0	+	0	0	39I100M153I	EF495097	JN019378
L	10667	546	*	*	*	*	*	FJ467349	*
H	10667	100	100.0	+	0	0	13I100M433I	GU183167	FJ467349
L	20555	592	*	*	*	*	*	GU183167	*
H	20555	100	100.0	+	0	0	32I100M460I	GU183167	GU183167
H	24347	100	100.0	+	0	0	52I100M412I	GU183167	FJ872066
L	20627	531	*	*	*	*	*	EF591927	*
H	20627	100	100.0	+	0	0	100M431I	EF591927	EF591927
L	20637	519	*	*	*	*	*	EU045430	*
H	20637	100	100.0	+	0	0	15I100M404I	EU045430	EU045430
H	1895	100	89.0	+	0	0	398I13MI87M257I	EU045430	EU266086
L	15787	888	*	*	*	*	*	DQ534478	*
H	15787	100	90.0	+	0	0	268I13MI54MD32M520I	EU045430	DQ534478
H	20638	100	100.0	+	0	0	35I100M1119I	EF583818	EF583818
H	13891	100	99.0	+	0	0	49I100M1083I	EF583818	DQ344517
L	20807	758	*	*	*	*	*	EU014051	*
H	20807	100	99.0	+	0	0	49I65M4I35M605I	EF583818	EU014051
H	20650	100	100.0	+	0	0	12I100M467I	FJ357156	FJ357156
L	25278	602	*	*	*	*	*	GU973825	*
H	25278	100	98.0	+	0	0	53I100M449I	FJ357156	GU973825
H	6780	100	98.0	+	0	0	45I100M450I	FJ357156	GU973815
L	20662	498	*	*	*	*	*	EF600953	*
H	20662	100	100.0	+	0	0	100M398I	EF600953	EF600953
L	5646	516	*	*	*	*	*	FJ427023	*
H	5646	100	84.0	+	0	0	4D28MD51MI16M420I	EF600953	FJ427023
H	4903	100	83.0	+	0	0	4D13MI13M12I54MI16M411I	EF600953	FJ427082
L	20673	601	*	*	*	*	*	EF619576	*
H	20673	100	100.0	+	0	0	27I100M474I	EF619576	EF619576
L	1214	598	*	*	*	*	*	EF619561	*
H	1214	100	95.0	+	0	0	27I100M471I	EF619576	EF619561
L	20675	577	*	*	*	*	*	EF619582	*
H	20675	100	88.0	+	0	0	4I37M2I63M471I	EF619576	EF619582
L	13198	696	*	*	*	*	*	AJ007843	*
H	13198	100	100.0	+	0	0	35I100M561I	EF631622	AJ007843
L	20703	2302	*	*	*	*	*	EF631622	*
H	20703	100	100.0	+	0	0	1684I100M518I	EF631622	EF631622
L	20704	600	*	*	*	*	*	FJ428243	*
H	20704	100	100.0	+	0	0	100M500I	FJ428243	FJ428243
H	14855	100	98.0	+	0	0	13MD86M499I	FJ428243	FJ360689
H	14856	100	97.0	+	0	0	379I13MD86M563I	FJ428243	AB458188
H	15929	100	100.0	+	0	0	343I100M997I	EF658745	AY394907
H	20741	100	100.0	+	0	0	24I100M430I	EF658745	EF658745
H	15621	100	100.0	+	0	0	23I100M422I	EF658745	DQ658887
L	20757	1123	*	*	*	*	*	EF669715	*
H	20757	100	100.0	+	0	0	100M1023I	EF669715	EF669715
L	24083	505	*	*	*	*	*	AF163084	*
H	24083	100	99.0	+	0	0	5I100M400I	EF669715	AF163084
L	26525	525	*	*	*	*	*	FJ571448	*
H	26525	100	85.0	+	0	0	14D86M439I	EF669715	FJ571448
L	23872	466	*	*	*	*	*	FR715997	*
H	23872	76	100.0	+	0	0	57I76M333I	EF672239	FR715997
L	20764	436	*	*	*	*	*	EF672239	*
H	20764	76	100.0	+	0	0	83I76M277I	EF672239	EF672239
L	17697	449	*	*	*	*	*	AM992155	*
H	17697	76	100.0	+	0	0	83I76M290I	EF672239	AM992155
L	20768	576	*	*	*	*	*	EF672324	*
H	20768	100	100.0	+	0	0	27I100M449I	EF672324	EF672324
H	6541	100	88.0	+	0	0	18I79M4I21M437I	EF672324	EU003533
H	18131	100	94.0	+	0	0	22I56MI23MI21M474I	EF672324	EU734583
L	20826	1152	*	*	*	*	*	EU021615	*
H	20826	100	100.0	+	0	0	100M1052I	EU021615	EU021615
L	13375	611	*	*	*	*	*	U18353	*
H	13375	100	93.0	+	0	0	41I25M3D72M473I	EU021615	U18353
L	17178	591	*	*	*	*	*	FJ629333	*
H	17178	100	92.0	+	0	0	19I25M3D60M3I12M472I	EU021615	FJ629333
L	20842	525	*	*	*	*	*	EU137329	*
H	20842	100	100.0	+	0	0	100M425I	EU137329	EU137329
L	20030	529	*	*	*	*	*	DQ914667	*
H	20030	100	87.0	+	0	0	11I84M3D13M421I	EU137329	DQ914667
L	21031	571	*	*	*	*	*	EU139150	*
H	21031	100	88.0	+	0	0	18I21M5I79M448I	EU137329	EU139150
L	20858	547	*	*	*	*	*	FJ903336	*
H	20858	100	100.0	+	0	0	40I100M407I	FJ903336	FJ903336
L	14206	609	*	*	*	*	*	AF083205	*
H	14206	100	97.0	+	0	0	35I100M474I	FJ903336	AF083205
L	25221	549	*	*	*	*	*	FJ903289	*
H	25221	100	97.0	+	0	0	39I100M410I	FJ903336	FJ903289
L	16200	619	*	*	*	*	*	AF393683	*
H	16200	100	100.0	+	0	0	96I100M423I	EU040230	AF393683
L	20866	1400	*	*	*	*	*	EU040230	*
H	20866	100	100.0	+	0	0	100M1300I	EU040230	EU040230
H	24579	100	89.0	+	0	0	307I83M8I17M354I	EU040230	GU067735
L	20872	528	*	*	*	*	*	EU041786	*
H	20872	100	100.0	+	0	0	19I100M409I	EU041786	EU041786
L	20883	619	*	*	*	*	*	EU041804	*
H	20883	100	100.0	+	0	0	20I100M499I	EU041804	EU041804
L	20885	576	*	*	*	*	*	EU041807	*
H	20885	100	93.0	+	0	0	8I94M2I6M466I	EU041804	EU041807
L	12190	1472	*	*	*	*	*	AF050284	*
H	12190	100	85.0	+	0	0	10D90M1382I	EU041804	AF050284
H	20885	100	100.0	+	0	0	8I100M468I	EU041807	EU041807
L	20886	572	*	*	*	*	*	EU041811	*
H	20886	100	84.0	+	0	0	6D94M478I	EU041807	EU041811
H	20883	100	89.0	+	0	0	20I100M499I	EU041807	EU041804
L	20896	492	*	*	*	*	*	EU045435	*
H	20896	100	100.0	+	0	0	16I100M376I	EU045435	EU045435
L	19413	539	*	*	*	*	*	DQ337307	*
H	19413	100	97.0	+	0	0	50I13MI87M388I	EU045435	DQ337307
H	20895	100	85.0	+	0	0	16I100M373I	EU045435	EU045433
L	20897	476	*	*	*	*	*	EU045432	*
H	20897	100	100.0	+	0	0	16I100M360I	EU045432	EU045432
L	1418	489	*	*	*	*	*	EU045422	*
H	1418	100	87.0	+	0	0	17I86M13I14M359I	EU045432	EU045422
L	20894	489	*	*	*	*	*	EU045423	*
H	20894	100	83.0	+	0	0	15I86MI14M373I	EU045432	EU045423
L	20917	1258	*	*	*	*	*	EU057078	*
H	20917	100	100.0	+	0	0	15I100M1143I	EU057078	EU057078
H	23053	100	99.0	+	0	0	9I100M1143I	EU057078	FJ717511
L	20905	1263	*	*	*	*	*	EU655680	*
H	20905	100	99.0	+	0	0	22I100M1141I	EU057078	EU655680
L	20987	2121	*	*	*	*	*	EU118608	*
H	20987	100	100.0	+	0	0	42I100M1979I	EU118608	EU118608
L	18442	679	*	*	*	*	*	AY621791	*
H	18442	100	84.0	+	0	0	45I22MD32M10D35M545I	EU118608	AY621791
L	12431	706	*	*	*	*	*	AY621777	*
H	12431	100	84.0	+	0	0	45I22MD32M9D36M571I	EU118608	AY621777
L	22463	842	*	*	*	*	*	EU569235	*
H	22463	100	100.0	+	0	0	301I100M441I	EU118642	EU569235
L	27706	652	*	*	*	*	*	JN020990	*
H	27706	100	100.0	+	0	0	258I100M294I	EU118642	JN020990
L	25691	668	*	*	*	*	*	AJ419188	*
H	25691	100	100.0	+	0	0	267I100M301I	EU118642	AJ419188
L	20996	1995	*	*	*	*	*	EU118644	*
H	20996	100	100.0	+	0	0	21I100M1874I	EU118644	EU118644
L	7238	692	*	*	*	*	*	GU187529	*
H	7238	100	98.0	+	0	0	40I100M552I	EU118644	GU187529
L	24695	776	*	*	*	*	*	GU187531	*
H	24695	100	83.0	+	0	0	29I29M7I43MI28M639I	EU118644	GU187531
L	8565	626	*	*	*	*	*	AJ537407	*
H	8565	100	100.0	+	0	0	274I100M252I	EU118650	AJ537407
L	378	531	*	*	*	*	*	DQ974701	*
H	378	100	100.0	+	0	0	302I100M129I	EU118650	DQ974701
L	28703	644	*	*	*	*	*	AF377205	*
H	28703	100	100.0	+	0	0	322I100M222I	EU118650	AF377205
L	21002	1984	*	*	*	*	*	EU118654	*
H	21002	100	100.0	+	0	0	44I100M1840I	EU118654	EU118654
L	4106	648	*	*	*	*	*	FJ594063	*
H	4106	100	92.0	+	0	0	11I49M15I51M522I	EU118654	FJ594063
H	12711	100	89.0	+	0	0	2I49M4I30M3D18M497I	EU118654	AF079584
L	21017	349	*	*	*	*	*	EU118826	*
H	21017	50	100.0	+	0	0	50M299I	EU118826	EU118826
L	9115	554	*	*	*	*	*	FJ537082	*
H	9115	50	82.0	+	0	0	155I50M349I	EU118826	FJ537082
L	5715	1156	*	*	*	*	*	AF033398	*
H	5715	50	80.0	+	0	0	174I50M932I	EU118826	AF033398
L	21018	469	*	*	*	*	*	EU131540	*
H	21018	100	100.0	+	0	0	100M369I	EU131540	EU131540
H	1764	100	82.0	+	0	0	77I20M2I50MI14MI16M421I	EU131540	EU240004
H	10777	100	82.0	+	0	0	73I20M2I50MI14MI16M377I	EU131540	JN603595
L	21051	619	*	*	*	*	*	EU142904	*
H	21051	100	100.0	+	0	0	100M519I	EU142904	EU142904
L	7265	513	*	*	*	*	*	FJ231017	*
H	7265	100	92.0	+	0	0	16I18MI12M2D68M398I	EU142904	FJ231017
L	22569	538	*	*	*	*	*	GQ924903	*
H	22569	100	83.0	+	0	0	8D22M2D68M448I	EU142904	GQ924903
L	21067	593	*	*	*	*	*	EU149923	*
H	21067	100	100.0	+	0	0	100M493I	EU149923	EU149923
L	13578	1781	*	*	*	*	*	AB027371	*
H	13578	100	97.0	+	0	0	212I82MI18M1468I	EU149923	AB027371
L	8443	946	*	*	*	*	*	HM856642	*
H	8443	100	93.0	+	0	0	346I83M2D15M502I	EU149923	HM856642
L	21085	557	*	*	*	*	*	EU179867	*
H	21085	100	100.0	+	0	0	11I100M446I	EU179867	EU179867
L	22405	606	*	*	*	*	*	FJ172271	*
H	22405	100	81.0	+	0	0	70I26MD30MI13M17I30M419I	EU179867	FJ172271
L	9886	588	*	*	*	*	*	GQ302677	*
H	9886	100	81.0	+	0	0	11I27M2D26MI20M6I25M472I	EU179867	GQ302677
L	21090	719	*	*	*	*	*	EU186405	*
H	21090	100	100.0	+	0	0	44I100M575I	EU186405	EU186405
L	22566	624	*	*	*	*	*	FJ361040	*
H	22566	100	86.0	+	0	0	39I5M2D50MD15M2D12M2D11M492I	EU186405	FJ361040
L	21092	650	*	*	*	*	*	EU186407	*
H	21092	100	87.0	+	0	0	11I5M2D50MD15M2D12M2D11M546I	EU186405	EU186407
L	21124	779	*	*	*	*	*	EU246950	*
H	21124	100	100.0	+	0	0	50I100M629I	EU246950	EU246950
L	19987	687	*	*	*	*	*	DQ875345	*
H	19987	100	95.0	+	0	0	4D96M591I	EU246950	DQ875345
L	361	435	*	*	*	*	*	DQ875343	*
H	361	100	83.0	+	0	0	10I37M3I63M322I	EU246950	DQ875343
L	21126	538	*	*	*	*	*	EU249476	*
H	21126	100	100.0	+	0	0	12I100M426I	EU249476	EU249476
L	1730	826	*	*	*	*	*	EU010256	*
H	1730	100	88.0	+	0	0	284I62M12I38M430I	EU249476	EU010256
H	4886	100	86.0	+	0	0	267I62M12I38M2223I	EU249476	FJ664859
L	21134	506	*	*	*	*	*	EU254782	*
H	21134	100	100.0	+	0	0	100M406I	EU254782	EU254782
L	2315	504	*	*	*	*	*	EU254778	*
H	2315	100	95.0	+	0	0	47MD14MD37M406I	EU254782	EU254778
L	21138	528	*	*	*	*	*	EU254799	*
H	21138	100	91.0	+	0	0	47MD12MD26M3I13M427I	EU254782	EU254799
L	21135	500	*	*	*	*	*	EU254785	*
H	21135	100	100.0	+	0	0	100M400I	EU254785	EU254785
L	2318	499	*	*	*	*	*	EU254797	*
H	2318	100	89.0	+	0	0	33MI67M398I	EU254785	EU254797
H	2333	100	83.0	+	0	0	22MD61MD15M407I	EU254785	EU254973
L	21139	587	*	*	*	*	*	FJ917745	*
H	21139	100	100.0	+	0	0	100M487I	FJ917745	FJ917745
L	21869	647	*	*	*	*	*	EU707431	*
H	21869	100	95.0	+	0	0	66I100M481I	FJ917745	EU707431
H	21145	100	82.0	+	0	0	14I38MD8M3D26M4I24M401I	FJ917745	EU254965
L	21155	581	*	*	*	*	*	EU259901	*
H	21155	100	100.0	+	0	0	7I100M474I	EU259901	EU259901
L	12506	644	*	*	*	*	*	AY667582	*
H	12506	100	91.0	+	0	0	61I100M483I	EU259901	AY667582
L	21154	577	*	*	*	*	*	EU259900	*
H	21154	100	96.0	+	0	0	5I23MD76M473I	EU259901	EU259900
L	21174	638	*	*	*	*	*	EU266558	*
H	21174	100	100.0	+	0	0	79I100M459I	EU266558	EU266558
L	27236	551	*	*	*	*	*	JF680900	*
H	27236	100	99.0	+	0	0	35I100M416I	EU266558	JF680900
L	25344	215	*	*	*	*	*	HE580151	*
H	25344	100	97.0	+	0	0	2D98M117I	EU266558	HE580151
L	13396	1230	*	*	*	*	*	AY669694	*
H	13396	100	100.0	+	0	0	41I100M1089I	EU266634	AY669694
L	5182	1189	*	*	*	*	*	FJ157122	*
H	5182	100	100.0	+	0	0	10I100M1079I	EU266634	FJ157122
L	21179	588	*	*	*	*	*	EU266634	*
H	21179	100	100.0	+	0	0	4I100M484I	EU266634	EU266634
L	21213	608	*	*	*	*	*	FJ914680	*
H	21213	100	100.0	+	0	0	11I100M497I	FJ914680	FJ914680
L	26837	611	*	*	*	*	*	FJ914687	*
H	26837	100	98.0	+	0	0	11I100M500I	FJ914680	FJ914687
L	12658	606	*	*	*	*	*	FJ914686	*
H	12658	100	98.0	+	0	0	11I100M495I	FJ914680	FJ914686
L	21233	453	*	*	*	*	*	EU326458	*
H	21233	100	100.0	+	0	0	100M353I	EU326458	EU326458
L	21230	453	*	*	*	*	*	EU326451	*
H	21230	100	87.0	+	0	0	D99M354I	EU326458	EU326451
L	1877	458	*	*	*	*	*	EU326452	*
H	1877	100	85.0	+	0	0	I28MI72M356I	EU326458	EU326452
L	21240	388	*	*	*	*	*	EU326479	*
H	21240	100	100.0	+	0	0	100M288I	EU326479	EU326479
L	5440	436	*	*	*	*	*	GQ465775	*
H	5440	100	99.0	+	0	0	34I36MD63M303I	EU326479	GQ465775
L	7502	568	*	*	*	*	*	FJ459973	*
H	7502	100	96.0	+	0	0	65I36MD63M404I	EU326479	FJ459973
L	7916	1165	*	*	*	*	*	HM152009	*
H	7916	100	100.0	+	0	0	112I100M953I	EU326695	HM152009
L	7915	677	*	*	*	*	*	HM151979	*
H	7915	100	100.0	+	0	0	181I100M396I	EU326695	HM151979
L	21241	632	*	*	*	*	*	EU326695	*
H	21241	100	100.0	+	0	0	131I100M401I	EU326695	EU326695
L	21243	706	*	*	*	*	*	EU327036	*
H	21243	100	100.0	+	0	0	100M606I	EU327036	EU327036
L	21252	536	*	*	*	*	*	EF488423	*
H	21252	100	100.0	+	0	0	37I100M399I	EF488423	EF488423
H	4331	100	100.0	+	0	0	22I100M428I	EF488423	EF488422
L	24574	571	*	*	*	*	*	GU066648	*
H	24574	100	99.0	+	0	0	3I100M468I	EF488423	GU066648
L	21254	624	*	*	*	*	*	EU330636	*
H	21254	100	100.0	+	0	0	50I100M474I	EU330636	EU330636
L	22756	597	*	*	*	*	*	FJ487920	*
H	22756	100	98.0	+	0	0	39I100M458I	EU330636	FJ487920
L	21491	617	*	*	*	*	*	JN693509	*
H	21491	100	96.0	+	0	0	34I100M483I	EU330636	JN693509
L	7456	898	*	*	*	*	*	GU048857	*
H	7456	100	100.0	+	0	0	39I100M759I	FJ986607	GU048857
L	24201	649	*	*	*	*	*	GQ374451	*
H	24201	100	100.0	+	0	0	50I100M499I	FJ986607	GQ374451
L	18787	620	*	*	*	*	*	AY857238	*
H	18787	100	100.0	+	0	0	4I100M516I	FJ986607	AY857238
L	21324	592	*	*	*	*	*	EU402556	*
H	21324	100	100.0	+	0	0	13I100M479I	EU402556	EU402556
L	26707	591	*	*	*	*	*	HQ676155	*
H	26707	100	87.0	+	0	0	13I85MI15M477I	EU402556	HQ676155
L	8633	592	*	*	*	*	*	HQ676150	*
H	8633	100	88.0	+	0	0	13I45MD10MD12M3D17M8I11M476I	EU402556	HQ676150
L	21331	855	*	*	*	*	*	FJ719390	*
H	21331	100	100.0	+	0	0	11I100M744I	FJ719390	FJ719390
L	14425	419	*	*	*	*	*	AB054042	*
H	14425	100	100.0	+	0	0	22I100M297I	FJ719390	AB054042
L	24084	859	*	*	*	*	*	FJ719387	*
H	24084	100	98.0	+	0	0	11I45MD54M749I	FJ719390	FJ719387
L	21395	505	*	*	*	*	*	FJ210537	*
H	21395	100	100.0	+	0	0	100M405I	FJ210537	FJ210537
L	11537	499	*	*	*	*	*	AY941256	*
H	11537	100	84.0	+	0	0	9I53MI47M389I	FJ210537	AY941256
L	24325	545	*	*	*	*	*	FJ210527	*
H	24325	100	84.0	+	0	0	70I53MI47M374I	FJ210537	FJ210527
H	1163	100	100.0	+	0	0	29I100M488I	EU514699	AB190380
H	21407	100	100.0	+	0	0	100M1353I	EU514699	EU514699
H	8878	100	96.0	+	0	0	29I23MI40MI27M3I10M493I	EU514699	AB190379
L	21411	556	*	*	*	*	*	FJ025180	*
H	21411	100	100.0	+	0	0	100M456I	FJ025180	FJ025180
L	21443	495	*	*	*	*	*	FJ919673	*
H	21443	100	100.0	+	0	0	100M395I	FJ919673	FJ919673
L	7614	520	*	*	*	*	*	FJ176566	*
H	7614	100	91.0	+	0	0	87M7I13M413I	FJ919673	FJ176566
H	7608	100	91.0	+	0	0	21I87M7I13M424I	FJ919673	HM467652
L	21447	666	*	*	*	*	*	EU520193	*
H	21447	100	100.0	+	0	0	17I100M549I	EU520193	EU520193
H	21451	100	100.0	+	0	0	14I100M506I	EU520212	EU520212
L	25672	286	*	*	*	*	*	HM243161	*
H	25672	100	91.0	+	0	0	11I100M175I	EU520212	HM243161
L	25673	277	*	*	*	*	*	HM243164	*
H	25673	100	91.0	+	0	0	11I100M166I	EU520212	HM243164
L	21475	600	*	*	*	*	*	EU541484	*
H	21475	100	100.0	+	0	0	13I100M487I	EU541484	EU541484
L	21476	603	*	*	*	*	*	EU541485	*
H	21476	100	95.0	+	0	0	13I100M490I	EU541484	EU541485
L	7695	600	*	*	*	*	*	EU759981	*
H	7695	100	89.0	+	0	0	35I34MI20M2D24MD19M467I	EU541484	EU759981
L	21488	700	*	*	*	*	*	EU707892	*
H	21488	100	100.0	+	0	0	122I100M478I	EU707892	EU707892
H	19993	100	98.0	+	0	0	38I100M1303I	EU707892	DQ885901
H	9906	100	89.0	+	0	0	21I100M424I	EU707892	JF499851
L	21496	1576	*	*	*	*	*	EU552143	*
H	21496	100	100.0	+	0	0	196I100M1280I	EU552143	EU552143
L	6350	553	*	*	*	*	*	GU066728	*
H	6350	100	83.0	+	0	0	14I34M3D24MD38M443I	EU552143	GU066728
L	5533	531	*	*	*	*	*	AB524815	*
H	5533	100	85.0	+	0	0	5I62MI38M425I	EU552143	AB524815
L	21516	523	*	*	*	*	*	EU697681	*
H	21516	100	100.0	+	0	0	100M423I	EU697681	EU697681
L	4775	1507	*	*	*	*	*	FJ645263	*
H	4775	100	96.0	+	0	0	23I5MD16MD77M1386I	EU697681	FJ645263
L	21509	520	*	*	*	*	*	EU697680	*
H	21509	100	92.0	+	0	0	35MD64M421I	EU697681	EU697680
L	21517	458	*	*	*	*	*	EU559735	*
H	21517	100	100.0	+	0	0	100M358I	EU559735	EU559735
L	21573	517	*	*	*	*	*	EU559734	*
H	21573	100	98.0	+	0	0	100M417I	EU559735	EU559734
L	2802	495	*	*	*	*	*	EU559740	*
H	2802	100	95.0	+	0	0	78MD21M396I	EU559735	EU559740
L	21518	458	*	*	*	*	*	EU553519	*
H	21518	100	100.0	+	0	0	100M358I	EU553519	EU553519
H	2802	100	93.0	+	0	0	78M2D20M397I	EU553519	EU559740
H	21573	100	93.0	+	0	0	79MD20M418I	EU553519	EU559734
L	21558	523	*	*	*	*	*	EU871507	*
H	21558	100	100.0	+	0	0	12I100M411I	EU871507	EU871507
L	2309	531	*	*	*	*	*	GQ152299	*
H	2309	100	95.0	+	0	0	11I33MD66M421I	EU871507	GQ152299
L	21590	502	*	*	*	*	*	EU563398	*
H	21590	100	100.0	+	0	0	38I100M364I	EU563398	EU563398
L	21591	639	*	*	*	*	*	EU563459	*
H	21591	100	99.0	+	0	0	38I73MD26M502I	EU563398	EU563459
L	2541	611	*	*	*	*	*	EU563469	*
H	2541	100	97.0	+	0	0	13I64M2D34M500I	EU563398	EU563469
L	21659	574	*	*	*	*	*	EU620164	*
H	21659	100	100.0	+	0	0	47I100M427I	EU620164	EU620164
L	6349	568	*	*	*	*	*	GU564156	*
H	6349	100	98.0	+	0	0	36I100M432I	EU620164	GU564156
L	20860	504	*	*	*	*	*	EU770238	*
H	20860	100	93.0	+	0	0	5D95M409I	EU620164	EU770238
L	19335	576	*	*	*	*	*	GU066653	*
H	19335	100	100.0	+	0	0	9I100M467I	FJ233190	GU066653
L	21671	562	*	*	*	*	*	FJ233190	*
H	21671	100	100.0	+	0	0	11I100M451I	FJ233190	FJ233190
L	16882	573	*	*	*	*	*	FJ624257	*
H	16882	100	99.0	+	0	0	50I100M423I	FJ233190	FJ624257
L	21693	716	*	*	*	*	*	EU627604	*
H	21693	100	100.0	+	0	0	100M616I	EU627604	EU627604
L	21715	688	*	*	*	*	*	EU644708	*
H	21715	100	100.0	+	0	0	100M588I	EU644708	EU644708
H	17670	100	85.0	+	0	0	61I11M2D87M514I	EU644708	AY281007
H	15101	100	85.0	+	0	0	18I11M2D87M381I	EU644708	AB512337
L	21720	1234	*	*	*	*	*	GQ159763	*
H	21720	100	100.0	+	0	0	100M1134I	GQ159763	GQ159763
L	24815	727	*	*	*	*	*	GU233354	*
H	24815	100	97.0	+	0	0	63I72M3I28M561I	GQ159763	GU233354
H	25455	100	95.0	+	0	0	12I8MD91M534I	GQ159763	AF325578
L	21761	497	*	*	*	*	*	EU669307	*
H	21761	100	100.0	+	0	0	15I100M382I	EU669307	EU669307
H	19116	100	87.0	+	0	0	218I23MD76M641I	EU669307	DQ097871
H	2906	100	93.0	+	0	0	2D21MD44M2I32M787I	EU669307	EU669202
H	21791	100	100.0	+	0	0	429I100M264I	EU670215	EU670215
H	15798	100	99.0	+	0	0	222I100M406I	EU670215	AF224446
L	12243	1060	*	*	*	*	*	AY498676	*
H	12243	100	99.0	+	0	0	425I71MI29M534I	EU670215	AY498676
L	21807	544	*	*	*	*	*	EU681293	*
H	21807	100	100.0	+	0	0	100M444I	EU681293	EU681293
L	4176	532	*	*	*	*	*	AM697859	*
H	4176	100	93.0	+	0	0	5D95M437I	EU681293	AM697859
L	19996	485	*	*	*	*	*	EU681289	*
H	19996	100	96.0	+	0	0	100M385I	EU681293	EU681289
L	21811	556	*	*	*	*	*	EU681306	*
H	21811	100	100.0	+	0	0	100M456I	EU681306	EU681306
L	21812	534	*	*	*	*	*	EU681307	*
H	21812	100	95.0	+	0	0	100M434I	EU681306	EU681307
L	21813	557	*	*	*	*	*	EU681308	*
H	21813	100	97.0	+	0	0	100M457I	EU681306	EU681308
H	21832	100	100.0	+	0	0	11I100M417I	EU781677	EU781677
L	7554	496	*	*	*	*	*	JF440592	*
H	7554	100	99.0	+	0	0	51I100M345I	EU781677	JF440592
L	16454	523	*	*	*	*	*	HM036593	*
H	16454	100	99.0	+	0	0	8I100M415I	EU781677	HM036593
L	21909	474	*	*	*	*	*	EU714414	*
H	21909	100	100.0	+	0	0	100M374I	EU714414	EU714414
L	13161	505	*	*	*	*	*	AY961602	*
H	13161	100	99.0	+	0	0	46I100M359I	EU714414	AY961602
L	21908	468	*	*	*	*	*	EU714426	*
H	21908	100	98.0	+	0	0	6I100M362I	EU714414	EU714426
L	21910	1131	*	*	*	*	*	EU715636	*
H	21910	100	100.0	+	0	0	14I100M1017I	EU715636	EU715636
L	27825	588	*	*	*	*	*	AB524021	*
H	27825	100	98.0	+	0	0	25I27MD72M464I	EU715636	AB524021
L	1784	569	*	*	*	*	*	EU214585	*
H	1784	100	97.0	+	0	0	36I27MD72M434I	EU715636	EU214585
L	21912	1134	*	*	*	*	*	EU715665	*
H	21912	100	100.0	+	0	0	100M1034I	EU715665	EU715665
H	18528	100	94.0	+	0	0	38I84MI16M452I	EU715665	AY681474
L	3725	595	*	*	*	*	*	AF377282	*
H	3725	100	95.0	+	0	0	8I100M487I	EU715665	AF377282
L	21918	1153	*	*	*	*	*	EU715685	*
H	21918	100	100.0	+	0	0	14I100M1039I	EU715685	EU715685
L	27012	577	*	*	*	*	*	JF273527	*
H	27012	100	98.0	+	0	0	7I78M2I22M468I	EU715685	JF273527
H	7553	100	97.0	+	0	0	49I100M401I	EU715685	GU067744
L	21927	620	*	*	*	*	*	EU718102	*
H	21927	100	100.0	+	0	0	39I100M481I	EU718102	EU718102
L	3026	640	*	*	*	*	*	EU819495	*
H	3026	100	87.0	+	0	0	49I100M491I	EU718102	EU819495
L	28814	573	*	*	*	*	*	UDB000657	*
H	28814	100	88.0	+	0	0	23I14MD38MD46M452I	EU718102	UDB000657
L	21933	671	*	*	*	*	*	EU718108	*
H	21933	100	100.0	+	0	0	49I100M522I	EU718108	EU718108
L	21942	536	*	*	*	*	*	EU721724	*
H	21942	100	100.0	+	0	0	100M436I	EU721724	EU721724
L	91	557	*	*	*	*	*	FJ948133	*
H	91	100	91.0	+	0	0	15I12M9D79M451I	EU721724	FJ948133
L	26729	481	*	*	*	*	*	GQ869899	*
H	26729	100	90.0	+	0	0	I12M9D79M389I	EU721724	GQ869899
L	21943	530	*	*	*	*	*	EU721707	*
H	21943	100	100.0	+	0	0	100M430I	EU721707	EU721707
L	22236	1144	*	*	*	*	*	EU926284	*
H	22236	100	88.0	+	0	0	26I12M9D79M1027I	EU721707	EU926284
L	27106	558	*	*	*	*	*	HQ897787	*
H	27106	100	84.0	+	0	0	26I12M9D63M2D14M443I	EU721707	HQ897787
L	21953	537	*	*	*	*	*	FJ355955	*
H	21953	100	100.0	+	0	0	100M437I	FJ355955	FJ355955
H	17008	100	90.0	+	0	0	20M2I43M2I37M446I	FJ355955	FJ489613
L	26977	609	*	*	*	*	*	HQ914951	*
H	26977	100	87.0	+	0	0	8I20M2I43M2I37M497I	FJ355955	HQ914951
L	21959	552	*	*	*	*	*	EU035802	*
H	21959	100	100.0	+	0	0	8I100M444I	EU035802	EU035802
L	8164	587	*	*	*	*	*	HQ607888	*
H	8164	100	90.0	+	0	0	35I100M452I	EU035802	HQ607888
H	26358	100	92.0	+	0	0	33I62MI38M406I	EU035802	HQ449175
L	21979	620	*	*	*	*	*	EU784203	*
H	21979	100	100.0	+	0	0	8I100M512I	EU784203	EU784203
L	27478	679	*	*	*	*	*	JF907992	*
H	27478	100	95.0	+	0	0	25I8MI68MI24M552I	EU784203	JF907992
L	27482	670	*	*	*	*	*	JF908001	*
H	27482	100	94.0	+	0	0	25I8MI92M544I	EU784203	JF908001
L	22000	685	*	*	*	*	*	EU784278	*
H	22000	100	100.0	+	0	0	39I100M546I	EU784278	EU784278
L	21353	1684	*	*	*	*	*	EU435149	*
H	21353	100	81.0	+	0	0	35I30MD8MD12M3I12M2I20M15I16M1531I	EU784278	EU435149
L	22025	606	*	*	*	*	*	EU784379	*
H	22025	100	100.0	+	0	0	39I100M467I	EU784379	EU784379
L	9966	622	*	*	*	*	*	GU222293	*
H	9966	100	87.0	+	0	0	39I30M8I29MI7M10I34M464I	EU784379	GU222293
L	9891	503	*	*	*	*	*	HQ647144	*
H	9891	100	86.0	+	0	0	4I30M8I29MI7M10I34M380I	EU784379	HQ647144
L	22061	657	*	*	*	*	*	EU816583	*
H	22061	100	100.0	+	0	0	16I100M541I	EU816583	EU816583
L	22080	665	*	*	*	*	*	EU819540	*
H	22080	100	100.0	+	0	0	49I100M516I	EU819540	EU819540
L	28668	683	*	*	*	*	*	U83481	*
H	28668	100	98.0	+	0	0	38I100M545I	EU819540	U83481
L	72	885	*	*	*	*	*	DQ482007	*
H	72	100	99.0	+	0	0	21I100M764I	EU819540	DQ482007
H	25058	100	100.0	+	0	0	23I100M454I	EU819541	GU479288
L	22081	500	*	*	*	*	*	EU819541	*
H	22081	100	100.0	+	0	0	49I100M351I	EU819541	EU819541
L	25053	622	*	*	*	*	*	GU479255	*
H	25053	100	99.0	+	0	0	10I100M512I	EU819541	GU479255
H	22082	100	100.0	+	0	0	37I100M480I	EU821483	EU821483
H	5597	100	99.0	+	0	0	48I100M402I	EU821483	GU062253
H	6420	100	98.0	+	0	0	11I10MD89M489I	EU821483	EF540754
L	22095	512	*	*	*	*	*	EU825201	*
H	22095	100	100.0	+	0	0	100M412I	EU825201	EU825201
L	25262	519	*	*	*	*	*	GU973741	*
H	25262	100	96.0	+	0	0	28I71M3I29M388I	EU825201	GU973741
L	22094	514	*	*	*	*	*	EU825197	*
H	22094	100	95.0	+	0	0	18MI53MI29M412I	EU825201	EU825197
L	22116	762	*	*	*	*	*	EU833651	*
H	22116	100	100.0	+	0	0	29I100M633I	EU833651	EU833651
L	4449	784	*	*	*	*	*	FJ772413	*
H	4449	100	98.0	+	0	0	51I100M633I	EU833651	FJ772413
H	3645	100	97.0	+	0	0	24I100M619I	EU833651	EU833654
L	22118	734	*	*	*	*	*	EU833661	*
H	22118	100	100.0	+	0	0	22I100M612I	EU833661	EU833661
H	22115	100	95.0	+	0	0	7I100M610I	EU833661	FJ438477
H	3645	100	95.0	+	0	0	24I100M619I	EU833661	EU833654
L	22123	684	*	*	*	*	*	EU834214	*
H	22123	100	100.0	+	0	0	12I100M572I	EU834214	EU834214
L	17947	730	*	*	*	*	*	AY281019	*
H	17947	100	93.0	+	0	0	50I38MD9M2I23MD28M580I	EU834214	AY281019
L	23669	679	*	*	*	*	*	FN396126	*
H	23669	100	91.0	+	0	0	D70MD28M581I	EU834214	FN396126
L	22137	706	*	*	*	*	*	GQ165700	*
H	22137	100	100.0	+	0	0	48I100M558I	GQ165700	GQ165700
L	2927	708	*	*	*	*	*	GQ165705	*
H	2927	100	98.0	+	0	0	43I100M565I	GQ165700	GQ165705
L	3046	718	*	*	*	*	*	GQ165684	*
H	3046	100	98.0	+	0	0	50I52M6I48M562I	GQ165700	GQ165684
L	22160	1117	*	*	*	*	*	EU860056	*
H	22160	100	100.0	+	0	0	8I100M1009I	EU860056	EU860056
H	19274	100	92.0	+	0	0	44I43MD6MD22M2I13M2I14M364I	EU860056	DQ247776
H	14432	100	92.0	+	0	0	50I43MD6MD22M2I13M2I14M376I	EU860056	GU062251
L	22169	486	*	*	*	*	*	EU870688	*
H	22169	100	100.0	+	0	0	100M386I	EU870688	EU870688
L	14007	486	*	*	*	*	*	EU870684	*
H	14007	100	98.0	+	0	0	100M386I	EU870688	EU870684
L	13916	487	*	*	*	*	*	EU870690	*
H	13916	100	96.0	+	0	0	100M387I	EU870688	EU870690
L	22210	699	*	*	*	*	*	JQ711842	*
H	22210	100	100.0	+	0	0	100M599I	JQ711842	JQ711842
L	1243	974	*	*	*	*	*	JQ711843	*
H	1243	100	99.0	+	0	0	256I100M618I	JQ711842	JQ711843
L	22211	727	*	*	*	*	*	GQ250405	*
H	22211	100	100.0	+	0	0	100M627I	GQ250405	GQ250405
L	18000	647	*	*	*	*	*	GQ221843	*
H	18000	100	100.0	+	0	0	5I45MI55M541I	GQ250405	GQ221843
L	20496	682	*	*	*	*	*	FJ176730	*
H	20496	100	99.0	+	0	0	20I45MI55M561I	GQ250405	FJ176730
L	22257	650	*	*	*	*	*	EU935532	*
H	22257	100	100.0	+	0	0	15I100M535I	EU935532	EU935532
L	3984	709	*	*	*	*	*	EU935527	*
H	3984	100	99.0	+	0	0	22I100M587I	EU935532	EU935527
L	22256	837	*	*	*	*	*	EU935525	*
H	22256	100	98.0	+	0	0	22I100M715I	EU935532	EU935525
L	22261	638	*	*	*	*	*	EU935538	*
H	22261	100	100.0	+	0	0	100M538I	EU935538	EU935538
L	21709	793	*	*	*	*	*	EU643511	*
H	21709	100	96.0	+	0	0	3D87MI10M695I	EU935538	EU643511
L	22262	829	*	*	*	*	*	EU935539	*
H	22262	100	97.0	+	0	0	48I100M681I	EU935538	EU935539
L	22272	461	*	*	*	*	*	EU940163	*
H	22272	100	100.0	+	0	0	100M361I	EU940163	EU940163
L	8841	525	*	*	*	*	*	AB546939	*
H	8841	100	93.0	+	0	0	16I69MD30M410I	EU940163	AB546939
H	14908	100	82.0	+	0	0	362I43MI25M3I32M371I	EU940163	AB481282
L	22293	574	*	*	*	*	*	AJ567771	*
H	22293	100	100.0	+	0	0	35I100M439I	AJ567771	AJ567771
L	10384	1551	*	*	*	*	*	JF439196	*
H	10384	100	91.0	+	0	0	222I81MI19M1228I	AJ567771	JF439196
L	17540	813	*	*	*	*	*	AM980844	*
H	17540	100	94.0	+	0	0	358I62MD37M356I	AJ567771	AM980844
L	22294	587	*	*	*	*	*	EF989108	*
H	22294	100	100.0	+	0	0	35I100M452I	EF989108	EF989108
L	22303	611	*	*	*	*	*	FJ010207	*
H	22303	100	100.0	+	0	0	100M511I	FJ010207	FJ010207
H	22733	100	90.0	+	0	0	38I100M522I	FJ010207	FJ478126
L	17832	610	*	*	*	*	*	AY219364	*
H	17832	100	80.0	+	0	0	6D19MI75M515I	FJ010207	AY219364
L	8696	572	*	*	*	*	*	U18357	*
H	8696	100	100.0	+	0	0	33I100M439I	FJ489869	U18357
L	22321	513	*	*	*	*	*	FJ489869	*
H	22321	100	100.0	+	0	0	I100M412I	FJ489869	FJ489869
L	28255	208	*	*	*	*	*	HM104685	*
H	28255	100	99.0	+	0	0	11I100M97I	FJ489869	HM104685
L	22367	1189	*	*	*	*	*	FJ157141	*
H	22367	100	100.0	+	0	0	7I100M1082I	FJ157141	FJ157141
L	13071	605	*	*	*	*	*	DQ114744	*
H	13071	100	100.0	+	0	0	38I100M467I	FJ157141	DQ114744
L	9294	574	*	*	*	*	*	HQ845118	*
H	9294	100	99.0	+	0	0	13I22MI78M460I	FJ157141	HQ845118
L	22368	658	*	*	*	*	*	AY750159	*
H	22368	100	100.0	+	0	0	6I100M552I	AY750159	AY750159
L	10658	335	*	*	*	*	*	JN114077	*
H	10658	100	99.0	+	0	0	41I14M2I9MI77M191I	AY750159	JN114077
H	71	100	99.0	+	0	0	14M2I9MI77M527I	AY750159	EU525963
H	71	100	100.0	+	0	0	100M530I	U56074	EU525963
H	26500	100	100.0	+	0	0	33I100M575I	U56074	HQ604686
L	22369	672	*	*	*	*	*	U56074	*
H	22369	100	100.0	+	0	0	13I100M559I	U56074	U56074
L	22388	719	*	*	*	*	*	FJ167663	*
H	22388	100	100.0	+	0	0	100M619I	FJ167663	FJ167663
L	22389	718	*	*	*	*	*	FJ167664	*
H	22389	100	97.0	+	0	0	100M618I	FJ167663	FJ167664
L	12495	741	*	*	*	*	*	AY571032	*
H	12495	100	95.0	+	0	0	47I24MI76M593I	FJ167663	AY571032
L	22408	550	*	*	*	*	*	GQ293950	*
H	22408	100	100.0	+	0	0	100M450I	GQ293950	GQ293950
L	19016	550	*	*	*	*	*	GQ293947	*
H	19016	100	99.0	+	0	0	29MI71M449I	GQ293950	GQ293947
L	1834	518	*	*	*	*	*	AF192323	*
H	1834	100	97.0	+	0	0	2D27MI71M419I	GQ293950	AF192323
L	22413	347	*	*	*	*	*	FJ172528	*
H	22413	99	100.0	+	0	0	16I99M232I	FJ172528	FJ172528
L	9319	300	*	*	*	*	*	HQ857739	*
H	9319	99	93.9	+	0	0	14I99M187I	FJ172528	HQ857739
L	22412	347	*	*	*	*	*	FJ172527	*
H	22412	99	88.9	+	0	0	15I99M233I	FJ172528	FJ172527
L	22422	706	*	*	*	*	*	FJ178363	*
H	22422	100	100.0	+	0	0	32I100M574I	FJ178363	FJ178363
L	3417	696	*	*	*	*	*	FJ178369	*
H	3417	100	95.0	+	0	0	27I7MD9M2D17MD63M573I	FJ178363	FJ178369
L	3415	666	*	*	*	*	*	FJ178364	*
H	3415	100	90.0	+	0	0	31I6MI15MI79M533I	FJ178363	FJ178364
L	22423	527	*	*	*	*	*	FJ179153	*
H	22423	100	100.0	+	0	0	3I100M424I	FJ179153	FJ179153
L	3431	539	*	*	*	*	*	FJ179152	*
H	3431	100	89.0	+	0	0	3I41M12I59M424I	FJ179153	FJ179152
L	22425	578	*	*	*	*	*	EU330951	*
H	22425	100	100.0	+	0	0	100M478I	EU330951	EU330951
L	4251	610	*	*	*	*	*	FJ623268	*
H	4251	100	100.0	+	0	0	23I14MI86M486I	EU330951	FJ623268
L	24135	595	*	*	*	*	*	FJ610288	*
H	24135	100	100.0	+	0	0	41I14MI86M453I	EU330951	FJ610288
L	27857	667	*	*	*	*	*	HM190002	*
H	27857	100	100.0	+	0	0	25I100M542I	UDB003349	HM190002
L	7243	667	*	*	*	*	*	HM190006	*
H	7243	100	100.0	+	0	0	25I100M542I	UDB003349	HM190006
L	23386	516	*	*	*	*	*	EF493288	*
H	23386	100	100.0	+	0	0	38I100M378I	UDB003349	EF493288
L	22443	615	*	*	*	*	*	FJ196772	*
H	22443	100	100.0	+	0	0	13I100M502I	FJ196772	FJ196772
H	26876	100	98.0	+	0	0	36I79MD20M328I	FJ196772	HQ857742
L	17493	600	*	*	*	*	*	FJ210531	*
H	17493	100	98.0	+	0	0	52I79MD20M449I	FJ196772	FJ210531
L	22453	694	*	*	*	*	*	FJ196791	*
H	22453	100	100.0	+	0	0	12I100M582I	FJ196791	FJ196791
L	9754	732	*	*	*	*	*	FJ381696	*
H	9754	100	80.0	+	0	0	13I25MD9M8I50M7I15M605I	FJ196791	FJ381696
L	6112	715	*	*	*	*	*	FJ914927	*
H	6112	100	80.0	+	0	0	13I25MD8M8I52M2I14M593I	FJ196791	FJ914927
L	22497	690	*	*	*	*	*	DQ179127	*
H	22497	100	100.0	+	0	0	14I100M576I	DQ179127	DQ179127
L	16874	681	*	*	*	*	*	DQ068965	*
H	16874	100	96.0	+	0	0	16I100M565I	DQ179127	DQ068965
L	22371	668	*	*	*	*	*	EU379678	*
H	22371	100	95.0	+	0	0	2D86MI12M569I	DQ179127	EU379678
H	22512	100	100.0	+	0	0	19I100M117I	FJ227897	FJ227897
H	13572	100	100.0	+	0	0	16I100M188I	FJ227897	FJ499435
H	5443	100	100.0	+	0	0	15I46MI54M2748I	FJ227897	GQ458034
L	22514	606	*	*	*	*	*	FJ228177	*
H	22514	100	100.0	+	0	0	46I100M460I	FJ228177	FJ228177
L	18357	523	*	*	*	*	*	EU199197	*
H	18357	100	87.0	+	0	0	13D87M436I	FJ228177	EU199197
L	22315	624	*	*	*	*	*	AY577811	*
H	22315	100	98.0	+	0	0	35I100M489I	FJ228177	AY577811
L	22522	497	*	*	*	*	*	FJ232937	*
H	22522	100	100.0	+	0	0	100M397I	FJ232937	FJ232937
L	2788	500	*	*	*	*	*	EU553499	*
H	2788	100	97.0	+	0	0	100M400I	FJ232937	EU553499
L	21861	465	*	*	*	*	*	EU697726	*
H	21861	100	95.0	+	0	0	100M365I	FJ232937	EU697726
L	22529	379	*	*	*	*	*	FJ235149	*
H	22529	100	100.0	+	0	0	100M279I	FJ235149	FJ235149
L	11933	616	*	*	*	*	*	AY176465	*
H	11933	100	99.0	+	0	0	121I100M395I	FJ235149	AY176465
L	16191	610	*	*	*	*	*	AY176361	*
H	16191	100	94.0	+	0	0	122I9MI91M387I	FJ235149	AY176361
L	22538	513	*	*	*	*	*	FJ265759	*
H	22538	100	100.0	+	0	0	11I100M402I	FJ265759	FJ265759
L	22539	499	*	*	*	*	*	FJ265760	*
H	22539	100	94.0	+	0	0	11I9MD15MD42M3D29M393I	FJ265759	FJ265760
L	16269	500	*	*	*	*	*	AF422984	*
H	16269	100	85.0	+	0	0	24I33MD66M377I	FJ265759	AF422984
L	22596	648	*	*	*	*	*	FJ403209	*
H	22596	100	100.0	+	0	0	39I100M509I	FJ403209	FJ403209
L	27842	644	*	*	*	*	*	JN164957	*
H	27842	100	97.0	+	0	0	41I100M503I	FJ403209	JN164957
L	14547	1205	*	*	*	*	*	AB158313	*
H	14547	100	97.0	+	0	0	9I100M1096I	FJ403209	AB158313
L	22599	633	*	*	*	*	*	FJ403212	*
H	22599	100	100.0	+	0	0	31I100M502I	FJ403212	FJ403212
L	22597	665	*	*	*	*	*	FJ403210	*
H	22597	100	98.0	+	0	0	39I100M526I	FJ403212	FJ403210
L	22598	698	*	*	*	*	*	FJ403211	*
H	22598	100	94.0	+	0	0	55I50MD6MD42M545I	FJ403212	FJ403211
L	22605	629	*	*	*	*	*	FJ411100	*
H	22605	100	100.0	+	0	0	2I100M527I	FJ411100	FJ411100
L	4843	608	*	*	*	*	*	FJ411082	*
H	4843	100	97.0	+	0	0	2I100M506I	FJ411100	FJ411082
L	18388	643	*	*	*	*	*	EU021457	*
H	18388	100	97.0	+	0	0	12I100M531I	FJ411100	EU021457
L	11443	590	*	*	*	*	*	GU570536	*
H	11443	100	100.0	+	0	0	101I100M389I	FJ808753	GU570536
L	9957	589	*	*	*	*	*	GU570534	*
H	9957	100	100.0	+	0	0	102I100M387I	FJ808753	GU570534
L	22615	468	*	*	*	*	*	FJ808753	*
H	22615	100	100.0	+	0	0	100M368I	FJ808753	FJ808753
L	22616	515	*	*	*	*	*	FJ425198	*
H	22616	100	100.0	+	0	0	100M415I	FJ425198	FJ425198
H	9957	100	92.0	+	0	0	102I52MD47M388I	FJ425198	GU570534
H	11443	100	92.0	+	0	0	101I52MD47M390I	FJ425198	GU570536
L	22618	537	*	*	*	*	*	FJ425205	*
H	22618	100	100.0	+	0	0	100M437I	FJ425205	FJ425205
L	25364	508	*	*	*	*	*	HE608785	*
H	25364	100	80.0	+	0	0	31I19M2D11M3D28MD36M383I	FJ425205	HE608785
L	22621	534	*	*	*	*	*	AB274815	*
H	22621	100	100.0	+	0	0	22I100M412I	AB274815	AB274815
L	22933	583	*	*	*	*	*	GU292823	*
H	22933	100	88.0	+	0	0	11I24MI14MI11MI26M36I8M10I17M423I	AB274815	GU292823
L	22560	686	*	*	*	*	*	FJ349609	*
H	22560	100	82.0	+	0	0	122I39M3I15M2D14M20I30M443I	AB274815	FJ349609
L	22633	650	*	*	*	*	*	FJ431211	*
H	22633	100	100.0	+	0	0	21I100M529I	FJ431211	FJ431211
L	4955	639	*	*	*	*	*	FJ431275	*
H	4955	100	100.0	+	0	0	20I100M519I	FJ431211	FJ431275
L	4940	645	*	*	*	*	*	FJ431212	*
H	4940	100	100.0	+	0	0	24I100M521I	FJ431211	FJ431212
L	22650	611	*	*	*	*	*	FJ431244	*
H	22650	100	100.0	+	0	0	26I100M485I	FJ431244	FJ431244
L	22649	611	*	*	*	*	*	FJ431242	*
H	22649	100	83.0	+	0	0	26I5M4I38M7D50M488I	FJ431244	FJ431242
L	22648	606	*	*	*	*	*	FJ431241	*
H	22648	100	92.0	+	0	0	27I21M4I6MD72M476I	FJ431244	FJ431241
L	22662	641	*	*	*	*	*	FJ431249	*
H	22662	100	100.0	+	0	0	25I100M516I	FJ431249	FJ431249
H	4955	100	100.0	+	0	0	20I51MI49M518I	FJ431249	FJ431275
H	4940	100	99.0	+	0	0	24I51MI49M520I	FJ431249	FJ431212
L	22678	1028	*	*	*	*	*	FJ438390	*
H	22678	100	100.0	+	0	0	461I100M467I	FJ438390	FJ438390
L	8957	710	*	*	*	*	*	FR716679	*
H	8957	100	98.0	+	0	0	121I100M489I	FJ438390	FR716679
L	8955	706	*	*	*	*	*	FR716677	*
H	8955	100	96.0	+	0	0	117I100M489I	FJ438390	FR716677
L	22694	561	*	*	*	*	*	FJ441625	*
H	22694	100	100.0	+	0	0	37I100M424I	FJ441625	FJ441625
L	22986	560	*	*	*	*	*	FJ441623	*
H	22986	100	99.0	+	0	0	37I100M423I	FJ441625	FJ441623
L	22757	568	*	*	*	*	*	FJ487917	*
H	22757	100	99.0	+	0	0	51I100M417I	FJ441625	FJ487917
H	22721	100	100.0	+	0	0	32I100M735I	FJ467354	FJ467354
L	22738	167	*	*	*	*	*	FJ480437	*
H	22738	100	100.0	+	0	0	100M67I	FJ480437	FJ480437
L	21390	1086	*	*	*	*	*	EU486447	*
H	21390	100	95.0	+	0	0	435I17MD82M552I	FJ480437	EU486447
H	16235	100	94.0	+	0	0	680I100M877I	FJ480437	AF402140
H	22741	100	100.0	+	0	0	100M738I	FJ480444	FJ480444
L	28772	902	*	*	*	*	*	UDB000486	*
H	28772	100	86.0	+	0	0	22I40M3I15MD44M778I	FJ480444	UDB000486
L	12588	251	*	*	*	*	*	AY558749	*
H	12588	100	80.0	+	0	0	6D30MI19M6D39M162I	FJ480444	AY558749
L	22750	746	*	*	*	*	*	FJ481032	*
H	22750	100	100.0	+	0	0	35I100M611I	FJ481032	FJ481032
L	22752	751	*	*	*	*	*	FJ481050	*
H	22752	100	100.0	+	0	0	38I100M613I	FJ481050	FJ481050
L	28371	743	*	*	*	*	*	JN944082	*
H	28371	100	95.0	+	0	0	37I48MD12MI39M606I	FJ481050	JN944082
L	6256	842	*	*	*	*	*	GQ329059	*
H	6256	100	92.0	+	0	0	22I48MD51M721I	FJ481050	GQ329059
H	22986	100	100.0	+	0	0	37I100M423I	FJ487917	FJ441623
H	22757	100	100.0	+	0	0	51I100M417I	FJ487917	FJ487917
L	27742	542	*	*	*	*	*	EF488375	*
H	27742	100	100.0	+	0	0	23I100M419I	FJ487917	EF488375
L	22759	582	*	*	*	*	*	FJ487931	*
H	22759	100	100.0	+	0	0	50I100M432I	FJ487931	FJ487931
H	3667	100	99.0	+	0	0	26I100M418I	FJ487931	EU888927
H	9234	100	99.0	+	0	0	12I100M478I	FJ487931	HQ655813
L	22789	873	*	*	*	*	*	FJ494949	*
H	22789	100	100.0	+	0	0	325I100M448I	FJ494949	FJ494949
L	26702	959	*	*	*	*	*	DQ232664	*
H	26702	100	97.0	+	0	0	371I100M488I	FJ494949	DQ232664
L	10159	551	*	*	*	*	*	JN086282	*
H	10159	100	96.0	+	0	0	39I100M412I	FJ494949	JN086282
H	14334	100	100.0	+	0	0	1771I100M85I	EU307913	AF487273
L	22838	1111	*	*	*	*	*	EU307913	*
H	22838	100	100.0	+	0	0	300I100M711I	EU307913	EU307913
L	5231	1203	*	*	*	*	*	FJ545309	*
H	5231	100	100.0	+	0	0	362I100M741I	EU307913	FJ545309
L	22843	566	*	*	*	*	*	EU644081	*
H	22843	100	100.0	+	0	0	13I100M453I	EU644081	EU644081
H	24332	100	99.0	+	0	0	49I61MD38M390I	EU644081	JQ946395
H	24337	100	99.0	+	0	0	37I61MD38M472I	EU644081	DQ681321
L	22851	608	*	*	*	*	*	EF016376	*
H	22851	100	100.0	+	0	0	86I100M422I	EF016376	EF016376
L	7556	677	*	*	*	*	*	EF016381	*
H	7556	100	100.0	+	0	0	132I100M445I	EF016376	EF016381
L	20843	850	*	*	*	*	*	EU035408	*
H	20843	100	99.0	+	0	0	325I100M425I	EF016376	EU035408
L	22857	662	*	*	*	*	*	JQ711958	*
H	22857	100	100.0	+	0	0	125I100M437I	JQ711958	JQ711958
L	40	922	*	*	*	*	*	JQ711875	*
H	40	100	100.0	+	0	0	117I100M705I	JQ711958	JQ711875
L	28937	961	*	*	*	*	*	UDB001751	*
H	28937	100	83.0	+	0	0	14D86M875I	JQ711958	UDB001751
L	20742	610	*	*	*	*	*	EF658755	*
H	20742	100	100.0	+	0	0	193I100M317I	EF658756	EF658755
L	22863	610	*	*	*	*	*	EF658756	*
H	22863	100	100.0	+	0	0	173I100M337I	EF658756	EF658756
H	15621	100	97.0	+	0	0	23I100M422I	EF658756	DQ658887
H	22882	100	100.0	+	0	0	10I100M431I	FJ582640	FJ582640
H	16140	100	100.0	+	0	0	80I100M428I	FJ582640	AF022786
H	26617	100	100.0	+	0	0	450I100M398I	FJ582640	DQ682600
L	22883	574	*	*	*	*	*	AY194554	*
H	22883	100	100.0	+	0	0	100M474I	AY194554	AY194554
L	10116	708	*	*	*	*	*	AY194555	*
H	10116	100	98.0	+	0	0	59I100M549I	AY194554	AY194555
L	10430	681	*	*	*	*	*	JF907824	*
H	10430	100	91.0	+	0	0	81I70MI30M499I	AY194554	JF907824
L	22890	595	*	*	*	*	*	FJ596770	*
H	22890	100	100.0	+	0	0	100M495I	FJ596770	FJ596770
L	13861	825	*	*	*	*	*	AY817138	*
H	13861	100	98.0	+	0	0	54I24M2I76M669I	FJ596770	AY817138
L	13860	555	*	*	*	*	*	AJ547872	*
H	13860	100	86.0	+	0	0	10D13MI77M464I	FJ596770	AJ547872
L	22897	576	*	*	*	*	*	FJ596861	*
H	22897	100	100.0	+	0	0	100M476I	FJ596861	FJ596861
H	29283	100	99.0	+	0	0	6I100M815I	FJ596861	UDB011716
L	23439	272	*	*	*	*	*	AY129359	*
H	23439	100	98.0	+	0	0	26I21MD78M147I	FJ596861	AY129359
L	22900	696	*	*	*	*	*	FJ596869	*
H	22900	100	100.0	+	0	0	100M596I	FJ596869	FJ596869
L	7804	377	*	*	*	*	*	HQ185699	*
H	7804	100	99.0	+	0	0	52I100M225I	FJ596869	HQ185699
L	25422	639	*	*	*	*	*	HM020683	*
H	25422	100	97.0	+	0	0	30I100M509I	FJ596869	HM020683
H	22931	100	100.0	+	0	0	11I100M489I	GU292816	GU292816
H	4236	100	99.0	+	0	0	88I100M557I	GU292816	FJ172270
H	3242	100	98.0	+	0	0	14I100M1031I	GU292816	EU715607
L	22935	560	*	*	*	*	*	EF423531	*
H	22935	100	100.0	+	0	0	36I100M424I	EF423531	EF423531
L	10351	607	*	*	*	*	*	FJ799949	*
H	10351	100	99.0	+	0	0	36I100M471I	EF423531	FJ799949
L	22064	583	*	*	*	*	*	AB449098	*
H	22064	100	92.0	+	0	0	11I75MI25M471I	EF423531	AB449098
L	22939	554	*	*	*	*	*	AB255278	*
H	22939	100	100.0	+	0	0	12I100M442I	AB255278	AB255278
L	14691	482	*	*	*	*	*	AB255285	*
H	14691	100	94.0	+	0	0	12I45MD54M371I	AB255278	AB255285
L	8455	547	*	*	*	*	*	U51954	*
H	8455	100	86.0	+	0	0	27I26MI18MD55M420I	AB255278	U51954
L	22981	573	*	*	*	*	*	FJ629334	*
H	22981	100	100.0	+	0	0	11I100M462I	FJ629334	FJ629334
H	3059	100	96.0	+	0	0	11I100M464I	FJ629334	FJ549440
H	21724	100	96.0	+	0	0	23I100M523I	FJ629334	EU714394
L	22992	660	*	*	*	*	*	FJ644289	*
H	22992	100	100.0	+	0	0	11I100M549I	FJ644289	FJ644289
H	12258	100	80.0	+	0	0	11I57M8D12MD22M533I	FJ644289	AY534580
L	12453	540	*	*	*	*	*	EF570499	*
H	12453	100	100.0	+	0	0	30I100M410I	FJ648577	EF570499
L	22999	942	*	*	*	*	*	FJ648577	*
H	22999	100	100.0	+	0	0	403I100M439I	FJ648577	FJ648577
L	5591	516	*	*	*	*	*	EF585539	*
H	5591	100	94.0	+	0	0	6D94M422I	FJ648577	EF585539
L	23060	807	*	*	*	*	*	GQ342876	*
H	23060	100	100.0	+	0	0	100M707I	GQ342876	GQ342876
L	9344	860	*	*	*	*	*	FJ719402	*
H	9344	100	96.0	+	0	0	23I17MI13M3I16M3I54M730I	GQ342876	FJ719402
L	5613	850	*	*	*	*	*	FJ719406	*
H	5613	100	93.0	+	0	0	23I36M3D61M730I	GQ342876	FJ719406
L	23074	1363	*	*	*	*	*	FJ755267	*
H	23074	100	100.0	+	0	0	100M1263I	FJ755267	FJ755267
L	23173	556	*	*	*	*	*	FJ791144	*
H	23173	100	99.0	+	0	0	71I100M385I	FJ755267	FJ791144
L	28127	593	*	*	*	*	*	FJ878644	*
H	28127	100	99.0	+	0	0	80I100M413I	FJ755267	FJ878644
L	23079	652	*	*	*	*	*	FJ770079	*
H	23079	100	100.0	+	0	0	11I100M541I	FJ770079	FJ770079
L	16349	647	*	*	*	*	*	AF444553	*
H	16349	100	82.0	+	0	0	11I68M2D17M2D11M540I	FJ770079	AF444553
L	12712	656	*	*	*	*	*	AY789077	*
H	12712	100	82.0	+	0	0	38I68M2D17M2D11M522I	FJ770079	AY789077
L	23151	666	*	*	*	*	*	FJ770394	*
H	23151	100	100.0	+	0	0	11I100M555I	FJ770394	FJ770394
L	25913	615	*	*	*	*	*	HM623128	*
H	25913	100	88.0	+	0	0	10D90M525I	FJ770394	HM623128
L	23154	648	*	*	*	*	*	FJ770398	*
H	23154	100	90.0	+	0	0	8D92M556I	FJ770394	FJ770398
L	23156	840	*	*	*	*	*	FJ774082	*
H	23156	100	100.0	+	0	0	22I100M718I	FJ774082	FJ774082
L	7849	687	*	*	*	*	*	HM562119	*
H	7849	100	100.0	+	0	0	27I100M560I	FJ774082	HM562119
L	7836	673	*	*	*	*	*	HM562044	*
H	7836	100	94.0	+	0	0	17I75MI25M555I	FJ774082	HM562044
L	23162	581	*	*	*	*	*	FJ788412	*
H	23162	100	100.0	+	0	0	100M481I	FJ788412	FJ788412
L	11525	678	*	*	*	*	*	AF527511	*
H	11525	100	97.0	+	0	0	58I100M520I	FJ788412	AF527511
L	25416	275	*	*	*	*	*	GU066834	*
H	25416	100	97.0	+	0	0	21I100M154I	FJ788412	GU066834
L	23166	488	*	*	*	*	*	FJ789622	*
H	23166	100	100.0	+	0	0	100M388I	FJ789622	FJ789622
H	2458	100	95.0	+	0	0	169I26MD60MD12M428I	FJ789622	AF263938
L	20389	643	*	*	*	*	*	AJ810035	*
H	20389	100	95.0	+	0	0	131I26MD60MD12M414I	FJ789622	AJ810035
L	23175	592	*	*	*	*	*	EU821482	*
H	23175	100	100.0	+	0	0	37I100M455I	EU821482	EU821482
L	26197	593	*	*	*	*	*	FJ538594	*
H	26197	100	99.0	+	0	0	38I100M455I	EU821482	FJ538594
L	3240	557	*	*	*	*	*	GU295946	*
H	3240	100	99.0	+	0	0	13I100M444I	EU821482	GU295946
L	23182	581	*	*	*	*	*	FJ798595	*
H	23182	100	100.0	+	0	0	25I100M456I	FJ798595	FJ798595
H	28012	100	98.0	+	0	0	16I100M442I	FJ798595	JN564476
L	13436	558	*	*	*	*	*	DQ093770	*
H	13436	100	96.0	+	0	0	26I100M432I	FJ798595	DQ093770
L	23197	877	*	*	*	*	*	JQ711805	*
H	23197	100	100.0	+	0	0	76I100M701I	JQ711805	JQ711805
L	28823	871	*	*	*	*	*	FJ845442	*
H	28823	100	92.0	+	0	0	22I52MD47M750I	JQ711805	FJ845442
L	16170	1273	*	*	*	*	*	FJ717487	*
H	16170	100	92.0	+	0	0	11I52MD32MD14M1164I	JQ711805	FJ717487
L	23198	928	*	*	*	*	*	GQ397994	*
H	23198	100	100.0	+	0	0	19I100M809I	GQ397994	GQ397994
L	2510	741	*	*	*	*	*	AF377216	*
H	2510	100	89.0	+	0	0	51I69MI31M589I	GQ397994	AF377216
L	7572	630	*	*	*	*	*	GU234073	*
H	7572	100	90.0	+	0	0	24I8MI68M2D22M507I	GQ397994	GU234073
L	23207	722	*	*	*	*	*	FJ810131	*
H	23207	100	100.0	+	0	0	34I100M588I	FJ810131	FJ810131
L	11878	714	*	*	*	*	*	AY194536	*
H	11878	100	99.0	+	0	0	100M614I	FJ810131	AY194536
L	9978	621	*	*	*	*	*	FJ168599	*
H	9978	100	88.0	+	0	0	48M2D50M523I	FJ810131	FJ168599
L	5291	543	*	*	*	*	*	FJ662401	*
H	5291	100	100.0	+	0	0	18I100M425I	FJ810508	FJ662401
L	22942	544	*	*	*	*	*	FJ619278	*
H	22942	100	100.0	+	0	0	19I100M425I	FJ810508	FJ619278
L	14809	560	*	*	*	*	*	GQ376069	*
H	14809	100	100.0	+	0	0	38I100M422I	FJ810508	GQ376069
L	23228	461	*	*	*	*	*	AJ309808	*
H	23228	100	100.0	+	0	0	100M361I	AJ309808	AJ309808
L	2381	894	*	*	*	*	*	EU484271	*
H	2381	100	100.0	+	0	0	28I14M3I47M3I39M760I	AJ309808	EU484271
L	15871	466	*	*	*	*	*	AF267644	*
H	15871	100	84.0	+	0	0	7D53M3I40M370I	AJ309808	AF267644
L	23255	501	*	*	*	*	*	JN995639	*
H	23255	100	100.0	+	0	0	100M401I	JN995639	JN995639
L	14884	820	*	*	*	*	*	AB481235	*
H	14884	100	95.0	+	0	0	355I100M365I	JN995639	AB481235
L	14886	530	*	*	*	*	*	AB481238	*
H	14886	100	82.0	+	0	0	41I92MI8M388I	JN995639	AB481238
L	23277	763	*	*	*	*	*	FJ839637	*
H	23277	100	100.0	+	0	0	106I100M557I	FJ839637	FJ839637
L	5035	670	*	*	*	*	*	FJ839617	*
H	5035	100	82.0	+	0	0	47I36M4D24MD35M528I	FJ839637	FJ839617
L	1576	1655	*	*	*	*	*	EU019265	*
H	1576	100	81.0	+	0	0	183I30M4D8MI17MD7MD32M1377I	FJ839637	EU019265
L	23296	963	*	*	*	*	*	FJ845416	*
H	23296	100	100.0	+	0	0	108I100M755I	FJ845416	FJ845416
L	14631	703	*	*	*	*	*	UDB001493	*
H	14631	100	100.0	+	0	0	31I82MI18M571I	FJ845416	UDB001493
L	4631	632	*	*	*	*	*	FJ168601	*
H	4631	100	99.0	+	0	0	100M532I	FJ845416	FJ168601
L	23313	795	*	*	*	*	*	FJ859339	*
H	23313	100	100.0	+	0	0	19I100M676I	FJ859339	FJ859339
L	23316	602	*	*	*	*	*	FJ860842	*
H	23316	100	100.0	+	0	0	100M502I	FJ860842	FJ860842
L	24134	596	*	*	*	*	*	FJ860720	*
H	24134	100	98.0	+	0	0	67MD32M497I	FJ860842	FJ860720
H	12653	100	93.0	+	0	0	19I67MD32M439I	FJ860842	AY737776
L	23317	598	*	*	*	*	*	FJ860760	*
H	23317	100	100.0	+	0	0	100M498I	FJ860760	FJ860760
H	12644	100	99.0	+	0	0	15I29MI71M513I	FJ860760	AY737753
L	3198	592	*	*	*	*	*	AF359410	*
H	3198	100	98.0	+	0	0	6I29MI71M485I	FJ860760	AF359410
H	23338	100	100.0	+	0	0	100M499I	FJ869342	FJ869342
H	18233	100	97.0	+	0	0	45M3I42MD12M512I	FJ869342	AY513225
H	18234	100	97.0	+	0	0	15MI30MD41MD12M511I	FJ869342	AY513226
L	23369	513	*	*	*	*	*	FJ873575	*
H	23369	100	100.0	+	0	0	100M413I	FJ873575	FJ873575
L	23384	647	*	*	*	*	*	FJ876176	*
H	23384	100	100.0	+	0	0	9I100M538I	FJ876176	FJ876176
L	23790	653	*	*	*	*	*	DQ179130	*
H	23790	100	97.0	+	0	0	16I8MI9MI49MD33M536I	FJ876176	DQ179130
L	28652	651	*	*	*	*	*	U74616	*
H	28652	100	95.0	+	0	0	13I8MI9MI48M2I35M534I	FJ876176	U74616
H	23429	100	100.0	+	0	0	33I100M368I	FJ903315	FJ903315
H	14908	100	92.0	+	0	0	343I61MI24M2D13M395I	FJ903315	AB481282
L	28603	514	*	*	*	*	*	U57495	*
H	28603	100	91.0	+	0	0	4I62MI38M409I	FJ903315	U57495
L	23438	485	*	*	*	*	*	FJ903312	*
H	23438	100	100.0	+	0	0	15I100M370I	FJ903312	FJ903312
L	7973	548	*	*	*	*	*	HM595527	*
H	7973	100	96.0	+	0	0	100M448I	FJ903312	HM595527
L	7972	548	*	*	*	*	*	HM595526	*
H	7972	100	92.0	+	0	0	2I34MD65M447I	FJ903312	HM595526
H	23440	100	100.0	+	0	0	50I100M411I	FJ903370	FJ903370
L	7128	554	*	*	*	*	*	EU835166	*
H	7128	100	92.0	+	0	0	8D92M462I	FJ903370	EU835166
H	18436	100	99.0	+	0	0	37I100M466I	FJ903370	AY462561
L	23454	455	*	*	*	*	*	FJ904496	*
H	23454	100	100.0	+	0	0	100M355I	FJ904496	FJ904496
L	7744	469	*	*	*	*	*	HM853977	*
H	7744	100	97.0	+	0	0	24I100M345I	FJ904496	HM853977
L	4821	457	*	*	*	*	*	FJ904475	*
H	4821	100	96.0	+	0	0	100M357I	FJ904496	FJ904475
H	23463	100	100.0	+	0	0	11I100M748I	FJ904962	FJ904962
L	3976	428	*	*	*	*	*	EU935494	*
H	3976	100	98.0	+	0	0	13I100M315I	FJ904962	EU935494
H	13180	100	95.0	+	0	0	13I100M723I	FJ904962	AY916733
L	13667	591	*	*	*	*	*	EF452453	*
H	13667	100	100.0	+	0	0	27I100M464I	FJ907537	EF452453
L	23471	600	*	*	*	*	*	FJ907537	*
H	23471	100	100.0	+	0	0	51I100M449I	FJ907537	FJ907537
L	23474	525	*	*	*	*	*	FJ911882	*
H	23474	100	100.0	+	0	0	100M425I	FJ911882	FJ911882
L	23492	1338	*	*	*	*	*	HQ604830	*
H	23492	100	100.0	+	0	0	38I100M1200I	HQ604830	HQ604830
L	4068	698	*	*	*	*	*	AY061706	*
H	4068	100	99.0	+	0	0	29I100M569I	HQ604830	AY061706
L	8699	616	*	*	*	*	*	EU303009	*
H	8699	100	92.0	+	0	0	8D92M524I	HQ604830	EU303009
L	23493	660	*	*	*	*	*	FJ948130	*
H	23493	100	100.0	+	0	0	11I100M549I	FJ948130	FJ948130
L	23494	664	*	*	*	*	*	AF079701	*
H	23494	100	100.0	+	0	0	7I100M557I	AF079701	AF079701
H	3646	100	89.0	+	0	0	21I50MD49M612I	AF079701	EU833666
H	11553	100	90.0	+	0	0	7I51MD48M576I	AF079701	AF079718
L	23498	539	*	*	*	*	*	FJ969801	*
H	23498	100	100.0	+	0	0	13I100M426I	FJ969801	FJ969801
L	23530	421	*	*	*	*	*	EU343808	*
H	23530	100	100.0	+	0	0	18I100M303I	EU343808	EU343808
L	23531	495	*	*	*	*	*	EU343818	*
H	23531	100	100.0	+	0	0	12I100M383I	EU343818	EU343818
L	20640	515	*	*	*	*	*	EU343812	*
H	20640	100	82.0	+	0	0	18I39M2I20M3D20MI18M397I	EU343818	EU343812
L	23542	480	*	*	*	*	*	FM180034	*
H	23542	100	100.0	+	0	0	12I100M368I	FM180034	FM180034
L	23541	480	*	*	*	*	*	FM180037	*
H	23541	100	95.0	+	0	0	12I100M368I	FM180034	FM180037
L	10963	537	*	*	*	*	*	GU722316	*
H	10963	100	94.0	+	0	0	21I100M416I	FM180034	GU722316
L	23544	747	*	*	*	*	*	FM199957	*
H	23544	100	100.0	+	0	0	11I100M636I	FM199957	FM199957
L	23548	560	*	*	*	*	*	FJ228203	*
H	23548	100	100.0	+	0	0	18I100M442I	FJ228203	FJ228203
L	6369	554	*	*	*	*	*	AB041243	*
H	6369	100	97.0	+	0	0	34I8MI54MI38M418I	FJ228203	AB041243
L	23552	482	*	*	*	*	*	FJ904499	*
H	23552	100	85.0	+	0	0	13D49MI38M394I	FJ228203	FJ904499
L	23560	878	*	*	*	*	*	FM205659	*
H	23560	100	100.0	+	0	0	100M778I	FM205659	FM205659
L	25704	906	*	*	*	*	*	EU753268	*
H	25704	100	98.0	+	0	0	24I100M782I	FM205659	EU753268
L	5799	966	*	*	*	*	*	FJ748900	*
H	5799	100	98.0	+	0	0	100M866I	FM205659	FJ748900
L	23566	639	*	*	*	*	*	FM206457	*
H	23566	100	100.0	+	0	0	39I100M500I	FM206457	FM206457
L	18459	546	*	*	*	*	*	FM206420	*
H	18459	100	87.0	+	0	0	6D94M452I	FM206457	FM206420
L	11587	645	*	*	*	*	*	JF908766	*
H	11587	100	89.0	+	0	0	32I100M513I	FM206457	JF908766
L	23571	518	*	*	*	*	*	FM209449	*
H	23571	100	100.0	+	0	0	100M418I	FM209449	FM209449
L	16919	559	*	*	*	*	*	AJ390398	*
H	16919	100	98.0	+	0	0	5I100M454I	FM209449	AJ390398
L	619	562	*	*	*	*	*	AJ390408	*
H	619	100	94.0	+	0	0	5I88M2I12M455I	FM209449	AJ390408
L	23580	644	*	*	*	*	*	AF444551	*
H	23580	100	100.0	+	0	0	11I100M533I	AF444551	AF444551
H	12712	100	95.0	+	0	0	38I47MI53M517I	AF444551	AY789077
H	16349	100	95.0	+	0	0	11I47MI53M535I	AF444551	AF444553
L	23582	1762	*	*	*	*	*	FM865546	*
H	23582	100	100.0	+	0	0	272I100M1390I	FM865599	FM865546
L	23584	1548	*	*	*	*	*	FM865599	*
H	23584	100	100.0	+	0	0	224I100M1224I	FM865599	FM865599
L	10674	1600	*	*	*	*	*	FM865564	*
H	10674	100	92.0	+	0	0	272I40MD20MI24M2I15M1226I	FM865599	FM865564
L	23590	597	*	*	*	*	*	AJ890366	*
H	23590	100	100.0	+	0	0	11I100M486I	AJ890366	AJ890366
L	3640	1829	*	*	*	*	*	FM876795	*
H	3640	100	98.0	+	0	0	272I66MI17MD16M1457I	AJ890366	FM876795
L	17112	954	*	*	*	*	*	FN423686	*
H	17112	100	94.0	+	0	0	417I23MI42MD17M2D15M439I	AJ890366	FN423686
L	23606	542	*	*	*	*	*	GQ922544	*
H	23606	100	100.0	+	0	0	100M442I	GQ922544	GQ922544
L	13360	579	*	*	*	*	*	AY999136	*
H	13360	100	91.0	+	0	0	41I81M2D17M440I	GQ922544	AY999136
L	5610	560	*	*	*	*	*	FJ748921	*
H	5610	100	91.0	+	0	0	24I8MD67MD23M438I	GQ922544	FJ748921
H	23646	100	100.0	+	0	0	100M420I	FJ231019	FJ231019
H	11629	100	98.0	+	0	0	85I100M611I	FJ231019	JN617690
H	16673	100	98.0	+	0	0	24I100M428I	FJ231019	GQ924907
L	769	573	*	*	*	*	*	AY004783	*
H	769	100	100.0	+	0	0	21I100M452I	FJ609213	AY004783
L	23652	526	*	*	*	*	*	FJ609213	*
H	23652	100	100.0	+	0	0	100M426I	FJ609213	FJ609213
L	23664	752	*	*	*	*	*	FN396118	*
H	23664	100	100.0	+	0	0	58I100M594I	FN396118	FN396118
L	8966	653	*	*	*	*	*	HQ847040	*
H	8966	100	84.0	+	0	0	14D21MI65M566I	FN396118	HQ847040
H	28289	100	95.0	+	0	0	41I38MD32MD28M578I	FN396118	JN943128
L	23695	1110	*	*	*	*	*	FN428877	*
H	23695	100	100.0	+	0	0	15I100M995I	FN428877	FN428877
L	15679	569	*	*	*	*	*	AF181700	*
H	15679	100	98.0	+	0	0	35I100M434I	FN428877	AF181700
L	26174	500	*	*	*	*	*	GU062240	*
H	26174	100	98.0	+	0	0	38I100M362I	FN428877	GU062240
L	23701	540	*	*	*	*	*	AY074904	*
H	23701	100	100.0	+	0	0	100M440I	AY074904	AY074904
L	732	615	*	*	*	*	*	FJ515194	*
H	732	100	97.0	+	0	0	19I100M496I	AY074904	FJ515194
L	13516	547	*	*	*	*	*	AB073262	*
H	13516	100	95.0	+	0	0	2I100M445I	AY074904	AB073262
L	23709	524	*	*	*	*	*	FN435648	*
H	23709	100	100.0	+	0	0	100M424I	FN435648	FN435648
L	7353	509	*	*	*	*	*	FJ185301	*
H	7353	100	99.0	+	0	0	5I100M404I	FN435648	FJ185301
L	23714	513	*	*	*	*	*	FN435663	*
H	23714	100	99.0	+	0	0	100M413I	FN435648	FN435663
L	23715	515	*	*	*	*	*	FN435666	*
H	23715	100	100.0	+	0	0	100M415I	FN435666	FN435666
L	27937	482	*	*	*	*	*	FR667973	*
H	27937	100	84.0	+	0	0	10I13MD25M2I61M371I	FN435666	FR667973
L	4994	610	*	*	*	*	*	GQ153143	*
H	4994	100	86.0	+	0	0	44I39M2I61M464I	FN435666	GQ153143
L	23723	495	*	*	*	*	*	AY616693	*
H	23723	81	100.0	+	0	0	126I81M288I	AY616693	AY616693
L	7343	496	*	*	*	*	*	AY616700	*
H	7343	81	100.0	+	0	0	126I81M289I	AY616693	AY616700
L	15722	593	*	*	*	*	*	AF201715	*
H	15722	81	98.8	+	0	0	172I81M340I	AY616693	AF201715
L	23728	664	*	*	*	*	*	EF155513	*
H	23728	100	100.0	+	0	0	48I100M516I	EF155513	EF155513
L	23725	666	*	*	*	*	*	EF155526	*
H	23725	100	99.0	+	0	0	49I100M517I	EF155513	EF155526
L	7355	583	*	*	*	*	*	FN435660	*
H	7355	100	93.0	+	0	0	12I100M471I	EF155513	FN435660
L	8941	1486	*	*	*	*	*	FN825912	*
H	8941	100	100.0	+	0	0	222I100M1164I	FN547612	FN825912
L	23749	1446	*	*	*	*	*	FN547612	*
H	23749	100	100.0	+	0	0	225I100M1121I	FN547612	FN547612
L	2874	751	*	*	*	*	*	AM947674	*
H	2874	100	93.0	+	0	0	498I40M3I25MD9MD24M152I	FN547612	AM947674
L	23782	497	*	*	*	*	*	HE652866	*
H	23782	100	100.0	+	0	0	5I100M392I	HE652866	HE652866
L	23781	1593	*	*	*	*	*	FN554897	*
H	23781	100	100.0	+	0	0	8I100M1485I	HE652866	FN554897
L	25390	1132	*	*	*	*	*	EF530929	*
H	25390	100	94.0	+	0	0	18I49M4I51M1010I	HE652866	EF530929
L	23795	602	*	*	*	*	*	FN598959	*
H	23795	100	100.0	+	0	0	100M502I	FN598959	FN598959
L	3350	561	*	*	*	*	*	EF121861	*
H	3350	100	97.0	+	0	0	21I100M440I	FN598959	EF121861
L	20165	558	*	*	*	*	*	EF029211	*
H	20165	100	97.0	+	0	0	6I90MI10M451I	FN598959	EF029211
L	23796	223	*	*	*	*	*	FN600644	*
H	23796	100	100.0	+	0	0	100M123I	FN600644	FN600644
L	12486	578	*	*	*	*	*	FJ528674	*
H	12486	100	100.0	+	0	0	35I100M443I	FN826905	FJ528674
L	23841	560	*	*	*	*	*	FN826905	*
H	23841	100	100.0	+	0	0	11I100M449I	FN826905	FN826905
L	25501	564	*	*	*	*	*	HM060595	*
H	25501	100	96.0	+	0	0	I20M8I80M455I	FN826905	HM060595
L	23844	494	*	*	*	*	*	FN868452	*
H	23844	100	100.0	+	0	0	100M394I	FN868452	FN868452
L	23854	466	*	*	*	*	*	FR667981	*
H	23854	100	100.0	+	0	0	100M366I	FR667981	FR667981
H	7386	100	99.0	+	0	0	99I23MD76M333I	FR667981	FR668015
L	18639	481	*	*	*	*	*	AY755335	*
H	18639	100	93.0	+	0	0	3D20MD76M385I	FR667981	AY755335
L	23859	553	*	*	*	*	*	FR681905	*
H	23859	100	100.0	+	0	0	100M453I	FR681905	FR681905
L	26201	1109	*	*	*	*	*	HQ232963	*
H	26201	100	82.0	+	0	0	15I47MD52M995I	FR681905	HQ232963
L	10672	1138	*	*	*	*	*	HQ232968	*
H	10672	100	84.0	+	0	0	15I19MI28M2D20M6I31M1018I	FR681905	HQ232968
L	17480	724	*	*	*	*	*	AM901671	*
H	17480	100	100.0	+	0	0	177I100M447I	EF652039	AM901671
L	23862	1156	*	*	*	*	*	EF652039	*
H	23862	100	100.0	+	0	0	100M1056I	EF652039	EF652039
L	4432	634	*	*	*	*	*	FJ770067	*
H	4432	100	100.0	+	0	0	57I100M477I	EF652039	FJ770067
L	23906	751	*	*	*	*	*	EF093152	*
H	23906	100	100.0	+	0	0	13I100M638I	EF093152	EF093152
L	27570	793	*	*	*	*	*	JF908479	*
H	27570	100	97.0	+	0	0	30I67MD32M664I	EF093152	JF908479
L	27571	756	*	*	*	*	*	JF908389	*
H	27571	100	97.0	+	0	0	25I67MD32M632I	EF093152	JF908389
L	8439	633	*	*	*	*	*	EU021459	*
H	8439	100	100.0	+	0	0	22I100M511I	GU256764	EU021459
L	25545	793	*	*	*	*	*	HM130706	*
H	25545	100	100.0	+	0	0	220I100M473I	GU256764	HM130706
L	6725	641	*	*	*	*	*	EU021460	*
H	6725	100	100.0	+	0	0	15I100M526I	GU256764	EU021460
L	23930	588	*	*	*	*	*	FR799173	*
H	23930	100	100.0	+	0	0	100M488I	FR799173	FR799173
L	4782	567	*	*	*	*	*	AF455169	*
H	4782	100	96.0	+	0	0	100M467I	FR799173	AF455169
L	23565	817	*	*	*	*	*	FM205886	*
H	23565	100	95.0	+	0	0	251I76MI24M465I	FR799173	FM205886
L	23937	527	*	*	*	*	*	FR799209	*
H	23937	100	100.0	+	0	0	100M427I	FR799209	FR799209
L	13200	505	*	*	*	*	*	AF070025	*
H	13200	100	94.0	+	0	0	15M2D83M407I	FR799209	AF070025
L	1892	777	*	*	*	*	*	EU266081	*
H	1892	100	92.0	+	0	0	228I15M2D83M451I	FR799209	EU266081
L	23952	555	*	*	*	*	*	FR799497	*
H	23952	100	100.0	+	0	0	100M455I	FR799497	FR799497
H	12658	100	96.0	+	0	0	18I100M488I	FR799497	FJ914686
H	26837	100	96.0	+	0	0	18I90MI10M492I	FR799497	FJ914687
H	23960	100	100.0	+	0	0	12I100M562I	FJ876166	FJ876166
H	21890	100	92.0	+	0	0	40I22M3D40MD34M607I	FJ876166	GU234147
H	623	100	92.0	+	0	0	39I22M3D40MD34M613I	FJ876166	EF141534
L	23968	591	*	*	*	*	*	FN594893	*
H	23968	100	100.0	+	0	0	100M491I	FN594893	FN594893
L	21758	648	*	*	*	*	*	UDB003303	*
H	21758	100	100.0	+	0	0	12I47MI53M535I	FN594893	UDB003303
L	24738	593	*	*	*	*	*	HQ215824	*
H	24738	100	99.0	+	0	0	7I100M486I	FN594893	HQ215824
L	23969	634	*	*	*	*	*	UDB003322	*
H	23969	100	100.0	+	0	0	100M534I	UDB003322	UDB003322
L	28730	687	*	*	*	*	*	U83480	*
H	28730	100	100.0	+	0	0	49I100M538I	UDB003322	U83480
L	9640	652	*	*	*	*	*	UDB001657	*
H	9640	100	99.0	+	0	0	33I100M519I	UDB003322	UDB001657
L	24023	1771	*	*	*	*	*	GQ162814	*
H	24023	100	100.0	+	0	0	5I100M1666I	GQ162814	GQ162814
L	23188	922	*	*	*	*	*	JQ711816	*
H	23188	100	86.0	+	0	0	129I36MI12MI16MI13MI7MI16M688I	GQ162814	JQ711816
L	11475	609	*	*	*	*	*	JN943914	*
H	11475	100	87.0	+	0	0	29I36MI12MI16MI13MI7MI16M475I	GQ162814	JN943914
H	24067	100	100.0	+	0	0	49I100M622I	HM189800	HM189800
H	23910	100	98.0	+	0	0	2I100M571I	HM189800	GQ415318
L	25415	206	*	*	*	*	*	HM189813	*
H	25415	100	95.0	+	0	0	13I61MI39M92I	HM189800	HM189813
L	24071	641	*	*	*	*	*	GQ217541	*
H	24071	100	100.0	+	0	0	36I100M505I	GQ217541	GQ217541
L	25130	284	*	*	*	*	*	DQ478655	*
H	25130	100	93.0	+	0	0	73MI27M183I	GQ217541	DQ478655
L	8463	714	*	*	*	*	*	EU837241	*
H	8463	100	81.0	+	0	0	37I20M3D77M580I	GQ217541	EU837241
L	21469	1183	*	*	*	*	*	FJ717563	*
H	21469	100	100.0	+	0	0	10I100M1073I	JQ711860	FJ717563
L	547	1244	*	*	*	*	*	AY669658	*
H	547	100	100.0	+	0	0	41I100M1103I	JQ711860	AY669658
L	28973	616	*	*	*	*	*	EU525967	*
H	28973	100	100.0	+	0	0	30I100M486I	JQ711860	EU525967
L	24089	780	*	*	*	*	*	GQ221451	*
H	24089	100	100.0	+	0	0	100M680I	GQ221451	GQ221451
L	24123	761	*	*	*	*	*	GQ250408	*
H	24123	100	100.0	+	0	0	100M661I	GQ250408	GQ250408
L	12217	609	*	*	*	*	*	AY436473	*
H	12217	100	84.0	+	0	0	11D36M2I39MD13M519I	GQ250408	AY436473
L	12714	283	*	*	*	*	*	EU909451	*
H	12714	100	88.0	+	0	0	23I28M2I19M2I36M2D15M158I	GQ250408	EU909451
L	24125	371	*	*	*	*	*	GQ250411	*
H	24125	100	100.0	+	0	0	100M271I	GQ250411	GQ250411
L	3785	628	*	*	*	*	*	FJ441042	*
H	3785	100	82.0	+	0	0	44I34MI16MI37MI13M481I	GQ250411	FJ441042
L	29229	878	*	*	*	*	*	UDB011541	*
H	29229	100	81.0	+	0	0	11I13M2D19M2I16M2I50M765I	GQ250411	UDB011541
L	24147	540	*	*	*	*	*	GQ266152	*
H	24147	100	100.0	+	0	0	100M440I	GQ266152	GQ266152
L	15327	626	*	*	*	*	*	FJ379812	*
H	15327	100	90.0	+	0	0	9I100M517I	GQ266152	FJ379812
L	17675	516	*	*	*	*	*	FJ230995	*
H	17675	100	90.0	+	0	0	5I100M411I	GQ266152	FJ230995
L	24164	273	*	*	*	*	*	GQ285871	*
H	24164	100	100.0	+	0	0	25I100M148I	GQ285871	GQ285871
L	24162	258	*	*	*	*	*	GQ285863	*
H	24162	100	92.0	+	0	0	25I41MD7MD50M135I	GQ285871	GQ285863
L	24165	272	*	*	*	*	*	GQ285872	*
H	24165	100	90.0	+	0	0	25I100M147I	GQ285871	GQ285872
H	24178	100	100.0	+	0	0	105I100M394I	GQ303288	GQ303288
H	20148	100	95.0	+	0	0	12I100M429I	GQ303288	EU851936
H	1062	100	96.0	+	0	0	127I100M413I	GQ303288	GQ852764
L	24197	514	*	*	*	*	*	GQ344606	*
H	24197	100	100.0	+	0	0	100M414I	GQ344606	GQ344606
L	6878	499	*	*	*	*	*	GQ344612	*
H	6878	100	94.0	+	0	0	30I100M369I	GQ344606	GQ344612
L	6875	516	*	*	*	*	*	GQ344619	*
H	6875	100	94.0	+	0	0	4I100M412I	GQ344606	GQ344619
L	24199	571	*	*	*	*	*	GQ352483	*
H	24199	100	100.0	+	0	0	11I100M460I	GQ352483	GQ352483
L	3209	576	*	*	*	*	*	GQ407101	*
H	3209	100	98.0	+	0	0	11I100M465I	GQ352483	GQ407101
L	10719	523	*	*	*	*	*	GU066643	*
H	10719	100	98.0	+	0	0	9I100M414I	GQ352483	GU066643
L	24205	989	*	*	*	*	*	GQ229080	*
H	24205	100	100.0	+	0	0	172I100M717I	GQ229080	GQ229080
L	5168	546	*	*	*	*	*	GQ229074	*
H	5168	100	100.0	+	0	0	4I9MI91M441I	GQ229080	GQ229074
L	23387	628	*	*	*	*	*	FJ877138	*
H	23387	100	98.0	+	0	0	37I100M491I	GQ229080	FJ877138
L	24212	1180	*	*	*	*	*	GQ377485	*
H	24212	100	100.0	+	0	0	100M1080I	GQ377485	GQ377485
L	24225	528	*	*	*	*	*	GQ387379	*
H	24225	100	100.0	+	0	0	14I100M414I	GQ387379	GQ387379
L	19818	754	*	*	*	*	*	DQ659349	*
H	19818	100	97.0	+	0	0	271I100M383I	GQ387379	DQ659349
L	21643	416	*	*	*	*	*	EU594608	*
H	21643	100	96.0	+	0	0	35I100M281I	GQ387379	EU594608
L	24231	553	*	*	*	*	*	FJ705275	*
H	24231	100	100.0	+	0	0	100M453I	FJ705275	FJ705275
H	375	100	99.0	+	0	0	10I100M446I	FJ705275	GU220372
L	5363	599	*	*	*	*	*	GQ397988	*
H	5363	100	98.0	+	0	0	65I100M434I	FJ705275	GQ397988
L	24258	1057	*	*	*	*	*	GQ428199	*
H	24258	100	100.0	+	0	0	100M957I	GQ428199	GQ428199
L	5174	1082	*	*	*	*	*	GQ167214	*
H	5174	100	91.0	+	0	0	2D7MD14M3I41MI21M3I14M978I	GQ428199	GQ167214
H	20529	100	85.0	+	0	0	34I24M3I41MI35M407I	GQ428199	EF488378
L	24322	576	*	*	*	*	*	EU529996	*
H	24322	100	100.0	+	0	0	11I100M465I	EU529996	EU529996
L	24346	539	*	*	*	*	*	AM231398	*
H	24346	100	86.0	+	0	0	14D86M453I	EU529996	AM231398
L	19478	1163	*	*	*	*	*	DQ384571	*
H	19478	100	82.0	+	0	0	13I83M4I17M1046I	EU529996	DQ384571
H	10667	100	100.0	+	0	0	13I100M433I	AY228764	FJ467349
H	20555	100	100.0	+	0	0	32I100M460I	AY228764	GU183167
H	24347	100	100.0	+	0	0	52I100M412I	AY228764	FJ872066
H	7392	100	100.0	+	0	0	33I100M532I	AB193587	AB237808
H	27643	100	100.0	+	0	0	32I100M530I	AB193587	AB237805
L	24338	611	*	*	*	*	*	AB193587	*
H	24338	100	100.0	+	0	0	3I100M508I	AB193587	AB193587
L	24364	565	*	*	*	*	*	FJ946486	*
H	24364	100	100.0	+	0	0	11I100M454I	FJ946486	FJ946486
L	24411	764	*	*	*	*	*	GQ913370	*
H	24411	100	100.0	+	0	0	100M664I	GQ913370	GQ913370
H	24410	100	87.0	+	0	0	26MD35M4D34M656I	GQ913370	FJ596856
H	5366	100	87.0	+	0	0	26MD36M4D13MI20M630I	GQ913370	GQ844231
L	24428	498	*	*	*	*	*	GQ919281	*
H	24428	100	100.0	+	0	0	100M398I	GQ919281	GQ919281
L	24426	514	*	*	*	*	*	GQ919276	*
H	24426	100	87.0	+	0	0	100M414I	GQ919281	GQ919276
L	20940	706	*	*	*	*	*	EU075539	*
H	20940	100	80.0	+	0	0	204I16MD24MI31MD27M403I	GQ919281	EU075539
H	24431	100	100.0	+	0	0	100M406I	GQ919287	GQ919287
H	18416	100	97.0	+	0	0	100M404I	GQ919287	AY611107
L	11326	495	*	*	*	*	*	DQ279497	*
H	11326	100	96.0	+	0	0	100M395I	GQ919287	DQ279497
L	24437	532	*	*	*	*	*	AF229477	*
H	24437	100	100.0	+	0	0	100M432I	AF229477	AF229477
L	13657	572	*	*	*	*	*	DQ242474	*
H	13657	100	100.0	+	0	0	19I100M453I	AF229477	DQ242474
L	10771	603	*	*	*	*	*	JN207242	*
H	10771	100	100.0	+	0	0	57I100M446I	AF229477	JN207242
L	24441	712	*	*	*	*	*	GQ925393	*
H	24441	100	100.0	+	0	0	51I100M561I	GQ925393	GQ925393
L	5573	715	*	*	*	*	*	GQ925388	*
H	5573	100	90.0	+	0	0	63I53MI10M3I7MI30M547I	GQ925393	GQ925388
L	24445	669	*	*	*	*	*	GQ925397	*
H	24445	100	100.0	+	0	0	59I100M510I	GQ925397	GQ925397
L	24444	663	*	*	*	*	*	GQ925396	*
H	24444	100	99.0	+	0	0	49I100M514I	GQ925397	GQ925396
H	24446	100	93.0	+	0	0	49I26M2D23MI49M514I	GQ925397	GQ925398
L	24468	619	*	*	*	*	*	GQ981522	*
H	24468	100	100.0	+	0	0	39I100M480I	GQ981522	GQ981522
L	24491	567	*	*	*	*	*	GU046841	*
H	24491	100	100.0	+	0	0	18I100M449I	GU046841	GU046841
L	24498	570	*	*	*	*	*	GU046863	*
H	24498	100	99.0	+	0	0	11I100M459I	GU046841	GU046863
L	24488	550	*	*	*	*	*	GU046810	*
H	24488	100	96.0	+	0	0	4D96M454I	GU046841	GU046810
L	24492	567	*	*	*	*	*	GU046843	*
H	24492	100	100.0	+	0	0	17I100M450I	GU046843	GU046843
L	24500	572	*	*	*	*	*	GU046871	*
H	24500	100	95.0	+	0	0	12I100M460I	GU046843	GU046871
L	24497	387	*	*	*	*	*	GU046849	*
H	24497	100	95.0	+	0	0	12I100M275I	GU046843	GU046849
H	24497	100	100.0	+	0	0	12I100M275I	GU046871	GU046849
L	24499	267	*	*	*	*	*	GU046869	*
H	24499	100	100.0	+	0	0	11I100M156I	GU046871	GU046869
L	1483	642	*	*	*	*	*	EF570501	*
H	1483	100	100.0	+	0	0	125I100M417I	GU046871	EF570501
L	26018	453	*	*	*	*	*	AB476613	*
H	26018	100	100.0	+	0	0	281I100M72I	AB031338	AB476613
H	24511	100	100.0	+	0	0	100M74I	AB031338	AB031338
L	27443	453	*	*	*	*	*	AB476612	*
H	27443	100	99.0	+	0	0	281I100M72I	AB031338	AB476612
L	24513	591	*	*	*	*	*	AF085492	*
H	24513	100	100.0	+	0	0	11I100M480I	AF085492	AF085492
H	13213	100	86.0	+	0	0	33I37MI63M494I	AF085492	AF210827
L	25834	677	*	*	*	*	*	HM569614	*
H	25834	100	97.0	+	0	0	42I16MI9M2I46MI29M531I	AF085492	HM569614
L	3659	636	*	*	*	*	*	AY865630	*
H	3659	100	100.0	+	0	0	35I100M501I	FJ610306	AY865630
L	11620	544	*	*	*	*	*	EU082792	*
H	11620	100	100.0	+	0	0	18I100M426I	FJ610306	EU082792
L	11159	585	*	*	*	*	*	FJ998179	*
H	11159	100	100.0	+	0	0	22I100M463I	FJ610306	FJ998179
H	27136	100	100.0	+	0	0	11I100M446I	GU062228	JF440589
L	24557	578	*	*	*	*	*	GU062228	*
H	24557	100	100.0	+	0	0	38I100M440I	GU062228	GU062228
L	8078	601	*	*	*	*	*	GU199417	*
H	8078	100	100.0	+	0	0	51I100M450I	GU062228	GU199417
L	24566	600	*	*	*	*	*	FJ168609	*
H	24566	100	100.0	+	0	0	100M500I	FJ168609	FJ168609
L	14766	708	*	*	*	*	*	EU520256	*
H	14766	100	99.0	+	0	0	26I75M3I25M579I	FJ168609	EU520256
L	2752	670	*	*	*	*	*	EU520144	*
H	2752	100	91.0	+	0	0	3I70M2I30M565I	FJ168609	EU520144
L	24568	599	*	*	*	*	*	GU062324	*
H	24568	100	100.0	+	0	0	39I100M460I	GU062324	GU062324
H	24583	100	100.0	+	0	0	45I100M434I	GU067766	GU067766
H	18518	100	97.0	+	0	0	12I19MD51MD28M459I	GU067766	FJ903282
H	20513	100	81.0	+	0	0	34I7M2D8M2D6MD12MD19M2D11M2D12MD14M381I	GU067766	EF456775
L	24614	960	*	*	*	*	*	HQ439176	*
H	24614	100	100.0	+	0	0	102I100M758I	HQ439176	HQ439176
L	3405	957	*	*	*	*	*	FJ845430	*
H	3405	100	97.0	+	0	0	106I100M751I	HQ439176	FJ845430
L	24637	713	*	*	*	*	*	EU819428	*
H	24637	100	89.0	+	0	0	48I56M4D40M569I	HQ439176	EU819428
L	24619	613	*	*	*	*	*	GU136200	*
H	24619	100	100.0	+	0	0	4I100M509I	GU136200	GU136200
L	24618	694	*	*	*	*	*	GQ258473	*
H	24618	100	93.0	+	0	0	4I100M590I	GU136200	GQ258473
H	6084	100	92.0	+	0	0	4I100M519I	GU136200	GU136182
L	24626	738	*	*	*	*	*	GU138700	*
H	24626	100	100.0	+	0	0	233I100M405I	GU138700	GU138700
H	5965	100	86.0	+	0	0	246I100M415I	GU138700	GU138714
L	4587	724	*	*	*	*	*	FJ861972	*
H	4587	100	80.0	+	0	0	228I40M3I60M393I	GU138700	FJ861972
L	24628	752	*	*	*	*	*	GU138725	*
H	24628	100	100.0	+	0	0	243I100M409I	GU138725	GU138725
L	24632	760	*	*	*	*	*	GU138721	*
H	24632	100	98.0	+	0	0	251I100M409I	GU138725	GU138721
L	5971	780	*	*	*	*	*	GU138726	*
H	5971	100	97.0	+	0	0	250I100M430I	GU138725	GU138726
L	24642	494	*	*	*	*	*	GU166442	*
H	24642	82	100.0	+	0	0	69I82M343I	GU166442	GU166442
L	8097	503	*	*	*	*	*	GU166438	*
H	8097	82	100.0	+	0	0	113I82M308I	GU166442	GU166438
L	13355	536	*	*	*	*	*	GQ922535	*
H	13355	82	98.8	+	0	0	103I32MI50M350I	GU166442	GQ922535
L	24654	1173	*	*	*	*	*	FJ039534	*
H	24654	100	100.0	+	0	0	7I100M1066I	FJ039534	FJ039534
L	21106	581	*	*	*	*	*	AJ889975	*
H	21106	100	99.0	+	0	0	12I100M469I	FJ039534	AJ889975
L	17639	740	*	*	*	*	*	DQ499464	*
H	17639	100	99.0	+	0	0	31I100M609I	FJ039534	DQ499464
L	24676	595	*	*	*	*	*	HQ215826	*
H	24676	100	100.0	+	0	0	100M495I	HQ215826	HQ215826
L	21685	644	*	*	*	*	*	UDB003276	*
H	21685	100	94.0	+	0	0	I100M543I	HQ215826	UDB003276
L	21855	657	*	*	*	*	*	EU696946	*
H	21855	100	90.0	+	0	0	20I100M537I	HQ215826	EU696946
L	24696	676	*	*	*	*	*	GU187532	*
H	24696	100	100.0	+	0	0	38I100M538I	GU187532	GU187532
L	24701	736	*	*	*	*	*	GU187556	*
H	24701	100	100.0	+	0	0	32I100M604I	GU187556	GU187556
H	19047	100	100.0	+	0	0	15I100M546I	GU207250	DQ056860
L	24721	594	*	*	*	*	*	GU207250	*
H	24721	100	100.0	+	0	0	100M494I	GU207250	GU207250
H	12711	100	100.0	+	0	0	6I100M494I	GU207250	AF079584
L	24742	673	*	*	*	*	*	GU222277	*
H	24742	100	100.0	+	0	0	37I100M536I	GU222277	GU222277
L	97	712	*	*	*	*	*	DQ534571	*
H	97	100	99.0	+	0	0	50I100M562I	GU222277	DQ534571
L	98	647	*	*	*	*	*	DQ534572	*
H	98	100	89.0	+	0	0	2D35M3D22MD37M553I	GU222277	DQ534572
H	9249	100	100.0	+	0	0	2I100M534I	GU222289	AF389151
H	24744	100	100.0	+	0	0	38I100M537I	GU222289	GU222289
H	13382	100	100.0	+	0	0	34I100M550I	GU222289	DQ083782
L	24771	426	*	*	*	*	*	GU222373	*
H	24771	100	100.0	+	0	0	100M326I	GU222373	GU222373
L	5933	555	*	*	*	*	*	GU222382	*
H	5933	100	83.0	+	0	0	2I11MI15MD31M2D40M455I	GU222373	GU222382
L	24783	569	*	*	*	*	*	GU225948	*
H	24783	100	100.0	+	0	0	100M469I	GU225948	GU225948
L	15382	1476	*	*	*	*	*	AF050255	*
H	15382	100	90.0	+	0	0	2I100M1374I	GU225948	AF050255
H	19906	100	90.0	+	0	0	98I100M485I	GU225948	DQ826737
L	24805	699	*	*	*	*	*	GU233340	*
H	24805	100	100.0	+	0	0	49I100M550I	GU233340	GU233340
L	11859	696	*	*	*	*	*	UDB002216	*
H	11859	100	99.0	+	0	0	30I100M566I	GU233340	UDB002216
L	2972	1279	*	*	*	*	*	FJ717505	*
H	2972	100	99.0	+	0	0	10I100M1169I	GU233340	FJ717505
L	24814	738	*	*	*	*	*	GU233353	*
H	24814	100	100.0	+	0	0	49I100M589I	GU233353	GU233353
H	24804	100	93.0	+	0	0	49I47M2D51M573I	GU233353	GU233339
L	28593	670	*	*	*	*	*	U56044	*
H	28593	100	94.0	+	0	0	13I22MI27M2D49M558I	GU233353	U56044
L	24830	720	*	*	*	*	*	GU234143	*
H	24830	100	100.0	+	0	0	37I100M583I	GU234143	GU234143
H	23625	100	98.0	+	0	0	22I100M193I	GU234143	AY129341
H	22501	100	98.0	+	0	0	43I100M563I	GU234143	AY818349
L	24847	504	*	*	*	*	*	GU246257	*
H	24847	100	100.0	+	0	0	62I100M342I	GU246257	GU246257
L	24852	534	*	*	*	*	*	GU246286	*
H	24852	100	100.0	+	0	0	100M434I	GU246286	GU246286
L	6026	560	*	*	*	*	*	GU246291	*
H	6026	100	86.0	+	0	0	D21MI78M460I	GU246286	GU246291
H	16998	100	86.0	+	0	0	D21MI78M290I	GU246286	GU246283
L	24853	545	*	*	*	*	*	GU246287	*
H	24853	100	100.0	+	0	0	100M445I	GU246287	GU246287
L	6028	543	*	*	*	*	*	GU246289	*
H	6028	100	91.0	+	0	0	13MI87M442I	GU246287	GU246289
H	6026	100	91.0	+	0	0	13MI87M459I	GU246287	GU246291
L	24869	691	*	*	*	*	*	AJ629408	*
H	24869	100	100.0	+	0	0	100M591I	AJ629408	AJ629408
L	23041	822	*	*	*	*	*	FJ710187	*
H	23041	100	92.0	+	0	0	65I39M2D59M659I	AJ629408	FJ710187
L	4977	652	*	*	*	*	*	AB535105	*
H	4977	100	93.0	+	0	0	10M2I33M2D42MI13M551I	AJ629408	AB535105
L	24874	650	*	*	*	*	*	GU258285	*
H	24874	100	100.0	+	0	0	38I100M512I	GU258285	GU258285
L	24876	619	*	*	*	*	*	GU222290	*
H	24876	100	98.0	+	0	0	31I100M488I	GU258285	GU222290
L	24873	658	*	*	*	*	*	GU258280	*
H	24873	100	97.0	+	0	0	50I100M508I	GU258285	GU258280
L	24882	772	*	*	*	*	*	GU266259	*
H	24882	100	100.0	+	0	0	11I100M661I	GU266259	GU266259
L	24881	770	*	*	*	*	*	GU266258	*
H	24881	100	87.0	+	0	0	13D87M683I	GU266259	GU266258
H	22262	100	92.0	+	0	0	22I12MI88M706I	GU266259	EU935539
L	24892	586	*	*	*	*	*	GU291276	*
H	24892	100	100.0	+	0	0	100M486I	GU291276	GU291276
L	3294	617	*	*	*	*	*	AF444555	*
H	3294	100	88.0	+	0	0	20I100M497I	GU291276	AF444555
L	11967	630	*	*	*	*	*	AY323904	*
H	11967	100	80.0	+	0	0	55I62MI30M2I8M472I	GU291276	AY323904
L	24946	588	*	*	*	*	*	GU324737	*
H	24946	100	100.0	+	0	0	11I100M477I	GU324737	GU324737
L	1698	587	*	*	*	*	*	GU324736	*
H	1698	100	93.0	+	0	0	11I82MI18M475I	GU324737	GU324736
H	1991	100	85.0	+	0	0	11I40M2I16MD43M478I	GU324737	EU179862
L	24953	581	*	*	*	*	*	EU179868	*
H	24953	100	100.0	+	0	0	11I100M470I	EU179868	EU179868
L	15640	581	*	*	*	*	*	AF163027	*
H	15640	100	81.0	+	0	0	24MD75M482I	EU179868	AF163027
L	673	581	*	*	*	*	*	EF026122	*
H	673	100	86.0	+	0	0	11I91M3I9M467I	EU179868	EF026122
L	24964	682	*	*	*	*	*	GU479261	*
H	24964	100	100.0	+	0	0	14I100M568I	GU479261	GU479261
L	9003	651	*	*	*	*	*	GU479296	*
H	9003	100	100.0	+	0	0	2I56M2I44M547I	GU479261	GU479296
L	25056	724	*	*	*	*	*	EU784360	*
H	25056	100	100.0	+	0	0	50I54M2I46M572I	GU479261	EU784360
L	24975	703	*	*	*	*	*	GU327629	*
H	24975	100	100.0	+	0	0	24I100M579I	GU327629	GU327629
L	1386	1327	*	*	*	*	*	EU024553	*
H	1386	100	98.0	+	0	0	7I100M1220I	GU327629	EU024553
L	18026	648	*	*	*	*	*	AY344968	*
H	18026	100	85.0	+	0	0	12I40MD42MD16M538I	GU327629	AY344968
L	25081	706	*	*	*	*	*	EU784414	*
H	25081	100	100.0	+	0	0	50I100M556I	EU784414	EU784414
L	24856	720	*	*	*	*	*	FJ824090	*
H	24856	100	97.0	+	0	0	54I9M2D89M568I	EU784414	FJ824090
L	29296	489	*	*	*	*	*	FM213334	*
H	29296	100	86.0	+	0	0	14D86M403I	EU784414	FM213334
L	25092	570	*	*	*	*	*	HQ631037	*
H	25092	100	100.0	+	0	0	50I100M420I	HQ631037	HQ631037
H	25222	100	93.0	+	0	0	50I100M384I	HQ631037	FJ903317
H	7670	100	97.0	+	0	0	14I100M423I	HQ631037	HM214453
L	25116	506	*	*	*	*	*	GU592003	*
H	25116	100	100.0	+	0	0	100M406I	GU592003	GU592003
L	1745	555	*	*	*	*	*	GU066724	*
H	1745	100	97.0	+	0	0	8I100M447I	GU592003	GU066724
H	22757	100	97.0	+	0	0	59I100M409I	GU592003	FJ487917
L	25146	608	*	*	*	*	*	GU733341	*
H	25146	100	100.0	+	0	0	37I100M471I	GU733341	GU733341
H	28006	100	97.0	+	0	0	25I100M431I	GU733341	GU565135
L	10123	607	*	*	*	*	*	AY373909	*
H	10123	100	97.0	+	0	0	11I100M496I	GU733341	AY373909
L	25148	579	*	*	*	*	*	GU797219	*
H	25148	100	100.0	+	0	0	100M479I	GU797219	GU797219
L	20715	577	*	*	*	*	*	AF198236	*
H	20715	100	88.0	+	0	0	6D5MD88M484I	GU797219	AF198236
L	6179	570	*	*	*	*	*	FJ434957	*
H	6179	100	88.0	+	0	0	6D10M3D81M479I	GU797219	FJ434957
H	25186	100	100.0	+	0	0	252I100M425I	GU827325	GU827325
H	9804	100	100.0	+	0	0	230I100M497I	GU827325	JF923608
H	27629	100	99.0	+	0	0	236I100M431I	GU827325	JF923609
H	4539	100	100.0	+	0	0	98I100M419I	FJ861421	DQ132818
L	25219	494	*	*	*	*	*	FJ861421	*
H	25219	100	100.0	+	0	0	100M394I	FJ861421	FJ861421
H	22593	100	99.0	+	0	0	148I54MI46M467I	FJ861421	FN548146
L	25227	602	*	*	*	*	*	GU934588	*
H	25227	100	100.0	+	0	0	50I100M452I	GU934588	GU934588
L	6343	1883	*	*	*	*	*	GU727553	*
H	6343	100	86.0	+	0	0	10D79M5I11M1788I	GU934588	GU727553
H	5594	100	93.0	+	0	0	51I100M388I	GU934588	FJ903294
L	25235	679	*	*	*	*	*	GU938484	*
H	25235	100	100.0	+	0	0	39I100M540I	GU938484	GU938484
L	25251	549	*	*	*	*	*	FJ424261	*
H	25251	100	100.0	+	0	0	28I100M421I	FJ424261	FJ424261
L	21259	474	*	*	*	*	*	EF589870	*
H	21259	100	99.0	+	0	0	13I100M361I	FJ424261	EF589870
L	16527	548	*	*	*	*	*	FJ424264	*
H	16527	100	99.0	+	0	0	28I100M420I	FJ424261	FJ424264
L	25253	530	*	*	*	*	*	FJ537085	*
H	25253	100	100.0	+	0	0	17I100M413I	FJ537085	FJ537085
L	19092	567	*	*	*	*	*	FJ770064	*
H	19092	100	99.0	+	0	0	11I100M456I	FJ537085	FJ770064
L	1907	567	*	*	*	*	*	FJ556909	*
H	1907	100	98.0	+	0	0	45I100M422I	FJ537085	FJ556909
H	25265	100	100.0	+	0	0	100M394I	GU973746	GU973746
L	24086	531	*	*	*	*	*	GQ221271	*
H	24086	100	95.0	+	0	0	8I100M423I	GU973746	GQ221271
H	577	100	95.0	+	0	0	10I42MI58M444I	GU973746	EF123254
L	25291	404	*	*	*	*	*	GU980613	*
H	25291	100	100.0	+	0	0	47I100M257I	GU980613	GU980613
H	21886	100	97.0	+	0	0	42I62M2D36M597I	GU980613	JF908091
L	25290	813	*	*	*	*	*	EF655685	*
H	25290	100	97.0	+	0	0	2I8MD53M2D36M714I	GU980613	EF655685
L	25300	636	*	*	*	*	*	GU981745	*
H	25300	100	100.0	+	0	0	40I100M496I	GU981745	GU981745
L	29110	671	*	*	*	*	*	UDB011210	*
H	29110	100	97.0	+	0	0	33I53M2I47M536I	GU981745	UDB011210
H	24637	100	97.0	+	0	0	48I53MI47M564I	GU981745	EU819428
L	25309	580	*	*	*	*	*	GU991523	*
H	25309	100	100.0	+	0	0	11I100M469I	GU991523	GU991523
L	8100	603	*	*	*	*	*	GU166447	*
H	8100	100	96.0	+	0	0	4D96M507I	GU991523	GU166447
L	25011	576	*	*	*	*	*	GU373810	*
H	25011	100	96.0	+	0	0	11I91M2D7M467I	GU991523	GU373810
L	28079	491	*	*	*	*	*	JN641786	*
H	28079	32	100.0	+	0	0	195I32M264I	AF127115	JN641786
H	10245	32	100.0	+	0	0	189I32M324I	AF127115	JN225944
L	10246	545	*	*	*	*	*	JN225945	*
H	10246	32	100.0	+	0	0	188I32M325I	AF127115	JN225945
L	25333	870	*	*	*	*	*	DQ367882	*
H	25333	99	100.0	+	0	0	I99M770I	DQ367882	DQ367882
L	17267	320	*	*	*	*	*	AM160619	*
H	17267	99	85.9	+	0	0	8D91M229I	DQ367882	AM160619
H	21022	99	90.9	+	0	0	11I99M267I	DQ367882	EU137672
L	25343	555	*	*	*	*	*	HE574644	*
H	25343	100	100.0	+	0	0	100M455I	HE574644	HE574644
L	25359	546	*	*	*	*	*	EU781658	*
H	25359	100	100.0	+	0	0	100M446I	EU781658	EU781658
L	8061	558	*	*	*	*	*	HQ340001	*
H	8061	100	96.0	+	0	0	14I100M444I	EU781658	HQ340001
L	22170	606	*	*	*	*	*	FJ461574	*
H	22170	100	96.0	+	0	0	5I100M501I	EU781658	FJ461574
L	26601	435	*	*	*	*	*	EU918142	*
H	26601	100	100.0	+	0	0	144I100M191I	FJ884176	EU918142
L	26600	590	*	*	*	*	*	HQ637333	*
H	26600	100	100.0	+	0	0	243I100M247I	FJ884176	HQ637333
L	12144	576	*	*	*	*	*	AJ536575	*
H	12144	100	100.0	+	0	0	240I100M236I	FJ884176	AJ536575
L	25399	737	*	*	*	*	*	HM005076	*
H	25399	100	100.0	+	0	0	100M637I	HM005076	HM005076
L	15258	737	*	*	*	*	*	GQ844244	*
H	15258	100	89.0	+	0	0	18M2I39M4D39M639I	HM005076	GQ844244
L	25400	763	*	*	*	*	*	HM005139	*
H	25400	100	91.0	+	0	0	58M9I22MD19M655I	HM005076	HM005139
H	25422	100	100.0	+	0	0	26I100M513I	HM020683	HM020683
H	7804	100	98.0	+	0	0	48I100M229I	HM020683	HQ185699
H	22900	100	93.0	+	0	0	4D96M600I	HM020683	FJ596869
L	25449	535	*	*	*	*	*	HM037979	*
H	25449	100	100.0	+	0	0	14I100M421I	HM037979	HM037979
H	21504	100	97.0	+	0	0	88I100M1357I	HM037979	EU552163
H	11162	100	98.0	+	0	0	12I59MD14M8I26M478I	HM037979	JN545789
L	25472	703	*	*	*	*	*	HM049580	*
H	25472	100	100.0	+	0	0	20I100M583I	HM049580	HM049580
L	25476	704	*	*	*	*	*	FJ160957	*
H	25476	100	100.0	+	0	0	20I61MI39M583I	HM049580	FJ160957
L	25474	702	*	*	*	*	*	HM049575	*
H	25474	100	94.0	+	0	0	20I100M582I	HM049580	HM049575
L	25513	519	*	*	*	*	*	EU449953	*
H	25513	100	100.0	+	0	0	7I100M412I	EU449953	EU449953
L	24595	549	*	*	*	*	*	GU078451	*
H	24595	100	100.0	+	0	0	14I100M435I	EF408554	GU078451
L	25515	519	*	*	*	*	*	EF408554	*
H	25515	100	100.0	+	0	0	15I100M404I	EF408554	EF408554
L	3248	1085	*	*	*	*	*	EU715633	*
H	3248	88	100.0	+	0	0	92I88M905I	UDB000991	EU715633
L	25531	1067	*	*	*	*	*	UDB000991	*
H	25531	88	100.0	+	0	0	58I88M921I	UDB000991	UDB000991
L	22031	794	*	*	*	*	*	EU784394	*
H	22031	88	88.6	+	0	0	370I88M336I	UDB000991	EU784394
H	25533	100	100.0	+	0	0	11I100M476I	DQ490765	DQ490765
H	19677	100	98.0	+	0	0	11I100M475I	DQ490765	DQ490767
H	19676	100	93.0	+	0	0	D99M468I	DQ490765	FJ614625
L	25565	243	*	*	*	*	*	GU198950	*
H	25565	100	100.0	+	0	0	100M143I	GU198950	GU198950
L	18923	243	*	*	*	*	*	GU198951	*
H	18923	100	99.0	+	0	0	100M143I	GU198950	GU198951
H	18009	100	98.0	+	0	0	94I100M198I	GU198950	DQ885586
L	25569	640	*	*	*	*	*	UDB000043	*
H	25569	100	100.0	+	0	0	28I100M512I	UDB000043	UDB000043
L	21976	638	*	*	*	*	*	EU784198	*
H	21976	100	98.0	+	0	0	50I100M488I	UDB000043	EU784198
L	5918	624	*	*	*	*	*	FJ876188	*
H	5918	100	97.0	+	0	0	I100M523I	UDB000043	FJ876188
L	25570	658	*	*	*	*	*	EU784274	*
H	25570	100	100.0	+	0	0	100M558I	EU784274	EU784274
L	25571	740	*	*	*	*	*	GQ215699	*
H	25571	100	100.0	+	0	0	12I100M628I	GQ215699	GQ215699
L	3537	676	*	*	*	*	*	GQ140240	*
H	3537	100	99.0	+	0	0	12I100M564I	GQ215699	GQ140240
L	5004	777	*	*	*	*	*	GQ149465	*
H	5004	100	97.0	+	0	0	49I100M628I	GQ215699	GQ149465
L	25574	513	*	*	*	*	*	AF274773	*
H	25574	100	100.0	+	0	0	100M413I	AF274773	AF274773
L	23219	721	*	*	*	*	*	GQ267479	*
H	23219	100	82.0	+	0	0	104I73MD26M518I	AF274773	GQ267479
L	11850	598	*	*	*	*	*	AF274769	*
H	11850	100	81.0	+	0	0	73MD26M499I	AF274773	AF274769
L	25604	556	*	*	*	*	*	HM161476	*
H	25604	100	100.0	+	0	0	13I100M443I	HM161476	HM161476
L	7945	618	*	*	*	*	*	HM161487	*
H	7945	100	100.0	+	0	0	50I65MI35M467I	HM161476	HM161487
H	12251	100	95.0	+	0	0	13I100M455I	HM161476	AF096218
H	25607	100	100.0	+	0	0	36I100M456I	HM161500	HM161500
L	25609	583	*	*	*	*	*	FN185983	*
H	25609	100	98.0	+	0	0	30I34MI66M452I	HM161500	FN185983
L	1284	684	*	*	*	*	*	AF297668	*
H	1284	100	96.0	+	0	0	47I30MD69M538I	HM161500	AF297668
L	25623	520	*	*	*	*	*	HM189290	*
H	25623	100	100.0	+	0	0	11I100M409I	HM189290	HM189290
L	6098	595	*	*	*	*	*	GU214644	*
H	6098	100	91.0	+	0	0	105I100M390I	HM189290	GU214644
L	6708	513	*	*	*	*	*	GQ852768	*
H	6708	100	96.0	+	0	0	15I87M15I13M383I	HM189290	GQ852768
L	25637	602	*	*	*	*	*	HM205102	*
H	25637	100	100.0	+	0	0	100M502I	HM205102	HM205102
L	25643	525	*	*	*	*	*	HM209413	*
H	25643	100	100.0	+	0	0	100M425I	HM209413	HM209413
L	13768	520	*	*	*	*	*	DQ241460	*
H	13768	100	96.0	+	0	0	71M3I29M417I	HM209413	DQ241460
L	13761	517	*	*	*	*	*	DQ241449	*
H	13761	100	92.0	+	0	0	68M3I32M414I	HM209413	DQ241449
L	25668	596	*	*	*	*	*	HM484539	*
H	25668	100	100.0	+	0	0	100M496I	HM484539	HM484539
H	8753	100	97.0	+	0	0	147I100M1284I	HM484539	HM534893
H	25736	100	97.0	+	0	0	100M494I	HM484539	HM484543
L	25676	308	*	*	*	*	*	HM243170	*
H	25676	100	100.0	+	0	0	11I100M197I	HM243170	HM243170
H	7456	100	100.0	+	0	0	11I79MI21M786I	HM243170	GU048857
L	21091	648	*	*	*	*	*	EU186406	*
H	21091	100	100.0	+	0	0	15I79MI21M532I	HM243170	EU186406
L	25688	608	*	*	*	*	*	HM246500	*
H	25688	100	100.0	+	0	0	I100M507I	HM246500	HM246500
L	25826	666	*	*	*	*	*	HM562210	*
H	25826	100	91.0	+	0	0	12I40M2I18M2D40M554I	HM246500	HM562210
L	25829	647	*	*	*	*	*	HM562214	*
H	25829	100	83.0	+	0	0	8I34M5I24M2D18M3I22M533I	HM246500	HM562214
H	25704	100	100.0	+	0	0	10I100M796I	EU753268	EU753268
H	5799	100	86.0	+	0	0	14D86M880I	EU753268	FJ748900
H	23560	100	84.0	+	0	0	14D86M792I	EU753268	FM205659
L	25724	628	*	*	*	*	*	HM461630	*
H	25724	100	100.0	+	0	0	100M528I	HM461630	HM461630
H	4240	100	80.0	+	0	0	15I7M2I14M2D35M2D8M2D30M500I	HM461630	FJ623608
L	25735	594	*	*	*	*	*	HM484538	*
H	25735	100	100.0	+	0	0	100M494I	HM484538	HM484538
L	25737	599	*	*	*	*	*	HM484546	*
H	25737	100	97.0	+	0	0	77MI23M498I	HM484538	HM484546
H	8753	100	94.0	+	0	0	147I70MD29M1285I	HM484538	HM534893
H	25737	100	100.0	+	0	0	100M499I	HM484546	HM484546
H	25735	100	96.0	+	0	0	77MD22M495I	HM484546	HM484538
L	10038	544	*	*	*	*	*	EF121863	*
H	10038	100	94.0	+	0	0	28I75M2D23M418I	HM484546	EF121863
L	25752	670	*	*	*	*	*	HM485381	*
H	25752	100	100.0	+	0	0	100M570I	HM485381	HM485381
L	8889	835	*	*	*	*	*	GU979041	*
H	8889	100	86.0	+	0	0	12D88M747I	HM485381	GU979041
L	14632	633	*	*	*	*	*	HM189747	*
H	14632	100	100.0	+	0	0	49I100M484I	JQ724023	HM189747
L	28359	593	*	*	*	*	*	GU234029	*
H	28359	100	100.0	+	0	0	20I100M473I	JQ724023	GU234029
L	18514	1193	*	*	*	*	*	FJ039565	*
H	18514	100	100.0	+	0	0	6I100M1087I	JQ724023	FJ039565
H	25801	100	100.0	+	0	0	39I100M486I	HM538470	HM538571
H	7288	100	100.0	+	0	0	180I100M439I	HM538470	HM538478
H	25796	100	100.0	+	0	0	161I100M365I	HM538470	HM538470
L	25818	646	*	*	*	*	*	HM562173	*
H	25818	100	100.0	+	0	0	100M546I	HM562173	HM562173
L	25820	827	*	*	*	*	*	FJ774073	*
H	25820	100	94.0	+	0	0	27I100M700I	HM562173	FJ774073
L	28040	622	*	*	*	*	*	JN603201	*
H	28040	100	92.0	+	0	0	5D95M527I	HM562173	JN603201
L	25830	602	*	*	*	*	*	HM562187	*
H	25830	100	100.0	+	0	0	9I100M493I	HM562187	HM562187
L	7852	663	*	*	*	*	*	HM562139	*
H	7852	100	96.0	+	0	0	17I25MI26M2D47M547I	HM562187	HM562139
L	28042	627	*	*	*	*	*	HM562142	*
H	28042	100	91.0	+	0	0	17I25MI23M2D50M511I	HM562187	HM562142
L	25850	526	*	*	*	*	*	HM578759	*
H	25850	100	100.0	+	0	0	12I100M414I	HM578759	HM578759
L	26656	624	*	*	*	*	*	EU034671	*
H	26656	100	100.0	+	0	0	8I100M516I	HM578759	EU034671
L	25852	524	*	*	*	*	*	HM578947	*
H	25852	100	100.0	+	0	0	12I100M412I	HM578759	HM578947
L	25853	522	*	*	*	*	*	HM578889	*
H	25853	100	100.0	+	0	0	12I100M410I	HM578889	HM578889
L	25847	513	*	*	*	*	*	HM579016	*
H	25847	100	99.0	+	0	0	12I58M2I42M399I	HM578889	HM579016
H	25850	100	98.0	+	0	0	12I100M414I	HM578889	HM578759
L	25861	540	*	*	*	*	*	HM582192	*
H	25861	100	100.0	+	0	0	50I100M390I	HM582192	HM582192
L	25857	608	*	*	*	*	*	HM582148	*
H	25857	100	82.0	+	0	0	38I100M470I	HM582192	HM582148
L	25860	471	*	*	*	*	*	HM582184	*
H	25860	100	84.0	+	0	0	50I42M2I58M319I	HM582192	HM582184
L	25878	743	*	*	*	*	*	HM590874	*
H	25878	100	100.0	+	0	0	35I100M608I	HM590874	HM590874
L	14390	862	*	*	*	*	*	AB036899	*
H	14390	100	92.0	+	0	0	49I25MD35M2D21MI16M715I	HM590874	AB036899
L	1941	737	*	*	*	*	*	EU186278	*
H	1941	100	86.0	+	0	0	40I52M4D44M601I	HM590874	EU186278
L	25894	1692	*	*	*	*	*	HM595610	*
H	25894	100	100.0	+	0	0	1549I100M43I	HM595610	HM595610
H	25895	100	100.0	+	0	0	1546I100M45I	HM595610	HM595611
L	25896	1682	*	*	*	*	*	AF506425	*
H	25896	100	100.0	+	0	0	1549I100M33I	HM595610	AF506425
L	25902	1799	*	*	*	*	*	HM595622	*
H	25902	100	100.0	+	0	0	1654I100M45I	HM595622	HM595622
H	26111	100	94.0	+	0	0	2332I100M8I	HM595622	HQ168400
L	1514	1778	*	*	*	*	*	EU118603	*
H	1514	100	95.0	+	0	0	1633I100M45I	HM595622	EU118603
L	6197	596	*	*	*	*	*	GU390882	*
H	6197	100	100.0	+	0	0	37I100M459I	HM598678	GU390882
L	25907	605	*	*	*	*	*	HM598678	*
H	25907	100	100.0	+	0	0	13I100M492I	HM598678	HM598678
H	17557	100	90.0	+	0	0	4I58M4I42M457I	HM598678	AY004778
L	25912	555	*	*	*	*	*	HM622152	*
H	25912	100	100.0	+	0	0	100M455I	HM622152	HM622152
H	25942	100	100.0	+	0	0	11I100M467I	GU322441	GU322441
L	24942	581	*	*	*	*	*	GU322439	*
H	24942	100	97.0	+	0	0	11I100M470I	GU322441	GU322439
H	767	100	97.0	+	0	0	38I100M411I	GU322441	EF423543
L	25947	546	*	*	*	*	*	HM769814	*
H	25947	100	100.0	+	0	0	13I100M433I	HM769814	HM769814
L	25946	515	*	*	*	*	*	HM769813	*
H	25946	100	99.0	+	0	0	14I100M401I	HM769814	HM769813
L	25945	553	*	*	*	*	*	HM769810	*
H	25945	100	99.0	+	0	0	15I100M438I	HM769814	HM769810
L	25952	539	*	*	*	*	*	HM770988	*
H	25952	100	100.0	+	0	0	100M439I	HM770988	HM770988
L	20167	543	*	*	*	*	*	EF029217	*
H	20167	100	83.0	+	0	0	37M2D33M22I28M423I	HM770988	EF029217
L	3896	582	*	*	*	*	*	EF026121	*
H	3896	100	82.0	+	0	0	13I22M2I19MD13MI32M12I13M455I	HM770988	EF026121
L	25958	643	*	*	*	*	*	GQ422470	*
H	25958	100	100.0	+	0	0	49I100M494I	GQ422470	GQ422470
L	23441	644	*	*	*	*	*	GQ422467	*
H	23441	100	98.0	+	0	0	49I100M495I	GQ422470	GQ422467
L	17543	554	*	*	*	*	*	AM981212	*
H	17543	100	86.0	+	0	0	14D86M468I	GQ422470	AM981212
L	25973	627	*	*	*	*	*	EF393631	*
H	25973	100	100.0	+	0	0	11I100M516I	EF393631	EF393631
H	16891	100	98.0	+	0	0	11I27MI73M522I	EF393631	EF393622
H	26843	100	98.0	+	0	0	11I38MI62M528I	EF393631	EF393629
L	25985	528	*	*	*	*	*	HM855218	*
H	25985	100	100.0	+	0	0	100M428I	HM855218	HM855218
L	24710	457	*	*	*	*	*	EU983278	*
H	24710	100	88.0	+	0	0	11D89M368I	HM855218	EU983278
L	267	539	*	*	*	*	*	DQ682573	*
H	267	100	97.0	+	0	0	45I100M394I	HM855218	DQ682573
L	26022	627	*	*	*	*	*	JF313714	*
H	26022	100	100.0	+	0	0	100M527I	JF313714	JF313714
L	9306	626	*	*	*	*	*	JF313715	*
H	9306	100	100.0	+	0	0	100M526I	JF313714	JF313715
L	22916	627	*	*	*	*	*	JF313747	*
H	22916	100	93.0	+	0	0	29M4I17MD15MD13MI15M3I9M521I	JF313714	JF313747
L	26059	551	*	*	*	*	*	EF409793	*
H	26059	100	100.0	+	0	0	4I100M447I	EF409793	EF409793
L	25250	576	*	*	*	*	*	GU973659	*
H	25250	100	99.0	+	0	0	23I100M453I	EF409793	GU973659
L	24608	619	*	*	*	*	*	FJ878674	*
H	24608	100	99.0	+	0	0	35I100M484I	EF409793	FJ878674
L	26063	615	*	*	*	*	*	JN207268	*
H	26063	100	100.0	+	0	0	50I100M465I	JN207268	JN207268
L	27696	588	*	*	*	*	*	AY681189	*
H	27696	100	100.0	+	0	0	23I100M465I	JN207268	AY681189
L	4595	569	*	*	*	*	*	JF440595	*
H	4595	100	100.0	+	0	0	39I100M430I	JN207268	JF440595
L	26070	354	*	*	*	*	*	HQ141713	*
H	26070	31	100.0	+	0	0	31M323I	HQ141713	HQ141713
L	28664	453	*	*	*	*	*	U82461	*
H	28664	31	80.6	+	0	0	129I31M293I	HQ141713	U82461
L	15215	545	*	*	*	*	*	AB614131	*
H	15215	31	80.6	+	0	0	137I31M377I	HQ141713	AB614131
L	26083	524	*	*	*	*	*	HQ153423	*
H	26083	100	100.0	+	0	0	100M424I	HQ153423	HQ153423
L	26084	526	*	*	*	*	*	HQ153425	*
H	26084	100	88.0	+	0	0	100M426I	HQ153423	HQ153425
H	26081	100	85.0	+	0	0	D69MI30M500I	HQ153423	HQ153414
L	26088	610	*	*	*	*	*	JF273542	*
H	26088	100	100.0	+	0	0	7I100M503I	JF273542	JF273542
L	14098	596	*	*	*	*	*	GQ166897	*
H	14098	100	82.0	+	0	0	14D39M4I31M5I16M501I	JF273542	GQ166897
L	26273	588	*	*	*	*	*	JF273552	*
H	26273	100	87.0	+	0	0	8D82M4I10M492I	JF273542	JF273552
L	26090	489	*	*	*	*	*	HQ157454	*
H	26090	100	100.0	+	0	0	100M389I	HQ157454	HQ157454
L	26093	711	*	*	*	*	*	HQ157408	*
H	26093	100	90.0	+	0	0	227I23M4I77M380I	HQ157454	HQ157408
L	26097	1823	*	*	*	*	*	AF320310	*
H	26097	100	83.0	+	0	0	1331I17MI10M3I73M388I	HQ157454	AF320310
L	11938	546	*	*	*	*	*	EU151483	*
H	11938	100	100.0	+	0	0	11I100M435I	GU253292	EU151483
L	24206	558	*	*	*	*	*	EU151490	*
H	24206	100	100.0	+	0	0	11I100M447I	GU253292	EU151490
L	26117	230	*	*	*	*	*	GU253292	*
H	26117	100	100.0	+	0	0	12I100M118I	GU253292	GU253292
L	26132	560	*	*	*	*	*	HQ185704	*
H	26132	100	100.0	+	0	0	100M460I	HQ185704	HQ185704
H	22599	100	83.0	+	0	0	31I24MD29M5I31MI15M497I	HQ185704	FJ403212
H	22597	100	82.0	+	0	0	39I24MD29M5I31MI15M521I	HQ185704	FJ403210
L	26142	611	*	*	*	*	*	JF908679	*
H	26142	100	100.0	+	0	0	100M511I	JF908679	JF908679
L	12594	227	*	*	*	*	*	AY558758	*
H	12594	100	95.0	+	0	0	4D96M131I	JF908679	AY558758
L	6386	952	*	*	*	*	*	FJ845427	*
H	6386	100	98.0	+	0	0	118I100M734I	JF908679	FJ845427
L	26150	1004	*	*	*	*	*	UDB011203	*
H	26150	100	100.0	+	0	0	3I100M901I	UDB011203	UDB011203
H	10580	100	97.0	+	0	0	31I7MI93M556I	UDB011203	JF908700
L	7091	636	*	*	*	*	*	UDB011165	*
H	7091	100	93.0	+	0	0	3I87M3I13M530I	UDB011203	UDB011165
L	26160	692	*	*	*	*	*	AY061707	*
H	26160	100	100.0	+	0	0	29I100M563I	AY061707	AY061707
L	22973	1238	*	*	*	*	*	FJ627039	*
H	22973	100	85.0	+	0	0	10D42M2I10MI38M1145I	AY061707	FJ627039
H	2238	100	92.0	+	0	0	108I6MI55M4I21MI18M744I	AY061707	FJ845435
L	26164	580	*	*	*	*	*	HQ213806	*
H	26164	100	100.0	+	0	0	11I100M469I	HQ213806	HQ213806
L	25935	579	*	*	*	*	*	HM747162	*
H	25935	100	86.0	+	0	0	12I26MD29MI16MD15M2I12M466I	HQ213806	HM747162
L	21272	573	*	*	*	*	*	EU344903	*
H	21272	100	81.0	+	0	0	12I43MI43M4I14M456I	HQ213806	EU344903
L	26167	591	*	*	*	*	*	HQ215817	*
H	26167	100	100.0	+	0	0	100M491I	HQ215817	HQ215817
L	26169	594	*	*	*	*	*	HQ215819	*
H	26169	100	97.0	+	0	0	78MI22M493I	HQ215817	HQ215819
L	23886	607	*	*	*	*	*	JF520432	*
H	23886	100	93.0	+	0	0	9I46MD53M499I	HQ215817	JF520432
L	26217	540	*	*	*	*	*	HQ259264	*
H	26217	100	100.0	+	0	0	100M440I	HQ259264	HQ259264
L	9735	551	*	*	*	*	*	HQ259268	*
H	9735	100	92.0	+	0	0	100M451I	HQ259264	HQ259268
L	1613	472	*	*	*	*	*	EU057909	*
H	1613	100	88.0	+	0	0	79MI21M371I	HQ259264	EU057909
L	26218	552	*	*	*	*	*	HQ259270	*
H	26218	100	100.0	+	0	0	100M452I	HQ259270	HQ259270
L	1617	473	*	*	*	*	*	EU057919	*
H	1617	100	98.0	+	0	0	100M373I	HQ259270	EU057919
L	20930	537	*	*	*	*	*	EU057940	*
H	20930	100	94.0	+	0	0	90MI10M436I	HQ259270	EU057940
H	15929	100	100.0	+	0	0	343I100M997I	EF658752	AY394907
H	20741	100	100.0	+	0	0	24I100M430I	EF658752	EF658745
H	15621	100	100.0	+	0	0	23I100M422I	EF658752	DQ658887
L	26228	1411	*	*	*	*	*	HQ270119	*
H	26228	100	100.0	+	0	0	10I100M1301I	HQ270119	HQ270119
L	7399	1401	*	*	*	*	*	HM776721	*
H	7399	100	92.0	+	0	0	10I20M2D78M1293I	HQ270119	HM776721
L	4447	1401	*	*	*	*	*	FJ769255	*
H	4447	100	92.0	+	0	0	10I20M2D78M1293I	HQ270119	FJ769255
L	26232	652	*	*	*	*	*	HQ271432	*
H	26232	100	100.0	+	0	0	100M552I	HQ271432	HQ271432
L	19777	764	*	*	*	*	*	DQ534568	*
H	19777	100	91.0	+	0	0	18I22MI8M2I70M643I	HQ271432	DQ534568
H	26254	100	100.0	+	0	0	38I100M526I	HQ318269	HQ318269
H	7815	100	99.0	+	0	0	37I100M526I	HQ318269	HQ318232
H	7816	100	97.0	+	0	0	37I61MI39M527I	HQ318269	HQ318247
L	26255	660	*	*	*	*	*	HQ318248	*
H	26255	100	100.0	+	0	0	38I100M522I	HQ318248	HQ318248
L	26253	674	*	*	*	*	*	HQ318236	*
H	26253	100	91.0	+	0	0	37I36MD41M2I22M536I	HQ318248	HQ318236
L	7809	672	*	*	*	*	*	HQ318271	*
H	7809	100	91.0	+	0	0	37I35MD20M7I17MI11M2D14M530I	HQ318248	HQ318271
L	26276	555	*	*	*	*	*	HQ331459	*
H	26276	100	100.0	+	0	0	13I100M442I	HQ331459	HQ331459
L	16501	1990	*	*	*	*	*	AF487275	*
H	16501	100	99.0	+	0	0	1771I29MI71M118I	HQ331459	AF487275
L	20469	609	*	*	*	*	*	EU272516	*
H	20469	100	82.0	+	0	0	37I29M2D45M8I24M466I	HQ331459	EU272516
L	26282	649	*	*	*	*	*	JQ446143	*
H	26282	100	100.0	+	0	0	5I100M544I	JQ446143	JQ446143
L	29192	810	*	*	*	*	*	AJ889962	*
H	29192	100	100.0	+	0	0	3I100M707I	JQ446143	AJ889962
H	3025	100	96.0	+	0	0	51I100M588I	JQ446143	EU819487
L	24489	582	*	*	*	*	*	FJ960442	*
H	24489	100	100.0	+	0	0	17I100M465I	EF585506	FJ960442
L	26295	520	*	*	*	*	*	EF585506	*
H	26295	100	100.0	+	0	0	100M420I	EF585506	EF585506
H	24497	100	100.0	+	0	0	18I100M269I	EF585506	GU046849
L	26296	629	*	*	*	*	*	HQ380777	*
H	26296	100	100.0	+	0	0	11I100M518I	HQ380777	HQ380777
L	1134	1514	*	*	*	*	*	EF561640	*
H	1134	100	100.0	+	0	0	351I100M1063I	HQ412646	EF561640
L	7800	707	*	*	*	*	*	GU049429	*
H	7800	100	100.0	+	0	0	606I100MI	HQ412646	GU049429
L	26315	995	*	*	*	*	*	HQ412646	*
H	26315	100	100.0	+	0	0	100M895I	HQ412646	HQ412646
L	24546	1397	*	*	*	*	*	GQ914998	*
H	24546	100	100.0	+	0	0	1258I100M39I	HQ412654	GQ914998
L	24543	1383	*	*	*	*	*	GU058023	*
H	24543	100	100.0	+	0	0	1233I100M50I	HQ412654	GU058023
L	19449	1468	*	*	*	*	*	DQ354516	*
H	19449	100	100.0	+	0	0	1269I100M99I	HQ412654	DQ354516
L	26355	654	*	*	*	*	*	HQ446342	*
H	26355	100	100.0	+	0	0	20I100M534I	HQ446342	HQ446342
L	26378	726	*	*	*	*	*	HQ533030	*
H	26378	100	100.0	+	0	0	37I100M589I	HQ533030	HQ533030
H	12747	100	84.0	+	0	0	41I75MD24M571I	HQ533030	AY818350
L	28991	636	*	*	*	*	*	FJ168594	*
H	28991	100	84.0	+	0	0	88M2D10M538I	HQ533030	FJ168594
L	26381	720	*	*	*	*	*	HQ533035	*
H	26381	100	100.0	+	0	0	37I100M583I	HQ533035	HQ533035
H	13870	100	98.0	+	0	0	25I100M608I	HQ533035	DQ328061
L	13871	729	*	*	*	*	*	DQ328069	*
H	13871	100	98.0	+	0	0	37I100M592I	HQ533035	DQ328069
L	26415	450	*	*	*	*	*	HQ540524	*
H	26415	100	100.0	+	0	0	6I100M344I	HQ540524	HQ540524
L	7948	537	*	*	*	*	*	GU004205	*
H	7948	100	80.0	+	0	0	13I70MI30M423I	HQ540524	GU004205
L	14892	844	*	*	*	*	*	AB481250	*
H	14892	100	89.0	+	0	0	345I24MI30MD11M68I14MI20M330I	HQ540524	AB481250
L	26447	2288	*	*	*	*	*	HQ599408	*
H	26447	100	100.0	+	0	0	137I100M2051I	HQ599408	HQ599408
L	26461	1305	*	*	*	*	*	HQ604068	*
H	26461	100	100.0	+	0	0	35I100M1170I	HQ604068	HQ604068
H	10515	100	90.0	+	0	0	2D41MD10M9I46M541I	HQ604068	JF908235
L	23810	173	*	*	*	*	*	FN669222	*
H	23810	100	89.0	+	0	0	6D37MD11M6I45M74I	HQ604068	FN669222
L	26462	1329	*	*	*	*	*	HQ604084	*
H	26462	100	100.0	+	0	0	38I100M1191I	HQ604084	HQ604084
L	2249	628	*	*	*	*	*	EU523584	*
H	2249	100	96.0	+	0	0	4D96M532I	HQ604084	EU523584
L	24272	650	*	*	*	*	*	UDB011885	*
H	24272	100	93.0	+	0	0	5I49M3D48M548I	HQ604084	UDB011885
L	26467	1190	*	*	*	*	*	HQ604258	*
H	26467	100	100.0	+	0	0	38I100M1052I	HQ604258	HQ604258
L	8386	1234	*	*	*	*	*	HQ604251	*
H	8386	100	90.0	+	0	0	38I51M8D41M1104I	HQ604258	HQ604251
L	17432	1823	*	*	*	*	*	AM882744	*
H	17432	100	88.0	+	0	0	27I51M8D41M1704I	HQ604258	AM882744
L	26470	664	*	*	*	*	*	FJ596850	*
H	26470	100	100.0	+	0	0	100M564I	FJ596850	FJ596850
L	17455	1957	*	*	*	*	*	AM882873	*
H	17455	100	88.0	+	0	0	19I23M2D12MD62M1841I	FJ596850	AM882873
L	26469	1350	*	*	*	*	*	HQ604293	*
H	26469	100	93.0	+	0	0	42I37M2D61M1210I	FJ596850	HQ604293
L	26488	1342	*	*	*	*	*	HQ604476	*
H	26488	100	100.0	+	0	0	38I100M1204I	HQ604476	HQ604476
H	26491	100	94.0	+	0	0	35I51MI49M1208I	HQ604476	HQ604517
H	8382	100	95.0	+	0	0	38I95M2I5M1189I	HQ604476	HQ604214
L	26499	1268	*	*	*	*	*	FJ039694	*
H	26499	100	100.0	+	0	0	8I100M1160I	FJ039694	FJ039694
L	22346	1251	*	*	*	*	*	FJ039696	*
H	22346	100	99.0	+	0	0	6I100M1145I	FJ039694	FJ039696
H	3015	100	99.0	+	0	0	49I100M581I	FJ039694	EU819467
H	71	100	100.0	+	0	0	100M530I	HQ604686	EU525963
H	26500	100	100.0	+	0	0	33I100M575I	HQ604686	HQ604686
H	22369	100	100.0	+	0	0	13I100M559I	HQ604686	U56074
L	7567	557	*	*	*	*	*	AY083189	*
H	7567	100	100.0	+	0	0	8I100M449I	GQ159777	AY083189
L	28964	600	*	*	*	*	*	UDB002177	*
H	28964	100	100.0	+	0	0	40I100M460I	GQ159777	UDB002177
L	28970	584	*	*	*	*	*	U56029	*
H	28970	100	100.0	+	0	0	24I100M460I	GQ159777	U56029
L	26521	559	*	*	*	*	*	HQ605942	*
H	26521	100	100.0	+	0	0	26I100M433I	HQ605942	HQ605942
L	26539	514	*	*	*	*	*	AY618685	*
H	26539	100	100.0	+	0	0	13I100M401I	AY618685	AY618685
L	25406	541	*	*	*	*	*	HM008928	*
H	25406	100	93.0	+	0	0	25I26MI68MI6M414I	AY618685	HM008928
L	8181	658	*	*	*	*	*	HQ608102	*
H	8181	100	87.0	+	0	0	36I26MI39M6I35M515I	AY618685	HQ608102
L	26577	673	*	*	*	*	*	HQ630987	*
H	26577	100	100.0	+	0	0	102I100M471I	HQ630987	HQ630987
H	20858	100	83.0	+	0	0	40I24MI14M4I12M3D14M2I33M403I	HQ630987	FJ903336
H	26575	100	84.0	+	0	0	51I75MD24M472I	HQ630987	HQ630973
L	26632	653	*	*	*	*	*	HQ650654	*
H	26632	100	100.0	+	0	0	29I100M524I	HQ650654	HQ650654
L	26639	601	*	*	*	*	*	HQ650662	*
H	26639	100	100.0	+	0	0	35I100M466I	HQ650662	HQ650662
L	26518	529	*	*	*	*	*	HQ605926	*
H	26518	100	99.0	+	0	0	4I100M425I	HQ650662	HQ605926
L	21160	580	*	*	*	*	*	EU263922	*
H	21160	100	97.0	+	0	0	9I8MD33MD57M473I	HQ650662	EU263922
L	26645	746	*	*	*	*	*	HQ650669	*
H	26645	100	100.0	+	0	0	227I100M419I	HQ650669	HQ650669
L	6054	566	*	*	*	*	*	FJ914798	*
H	6054	100	94.0	+	0	0	14I83MI17M451I	HQ650669	FJ914798
L	23479	565	*	*	*	*	*	FJ914805	*
H	23479	100	92.0	+	0	0	14I83MI17M450I	HQ650669	FJ914805
L	26658	619	*	*	*	*	*	HQ650711	*
H	26658	100	100.0	+	0	0	34I100M485I	HQ650711	HQ650711
H	26685	100	100.0	+	0	0	21I100M503I	HQ661167	HQ661167
H	13578	100	96.0	+	0	0	198I100M1483I	HQ661167	AB027371
H	8443	100	92.0	+	0	0	332I100M514I	HQ661167	HM856642
L	26705	518	*	*	*	*	*	EU402548	*
H	26705	100	100.0	+	0	0	13I100M405I	EU402548	EU402548
L	26706	542	*	*	*	*	*	HQ676154	*
H	26706	100	93.0	+	0	0	13I100M429I	EU402548	HQ676154
H	12149	100	82.0	+	0	0	13I66M23I34M410I	EU402548	EU402573
L	26718	590	*	*	*	*	*	HQ696052	*
H	26718	100	100.0	+	0	0	22I100M468I	HQ696052	HQ696052
L	11243	500	*	*	*	*	*	EU334802	*
H	11243	100	100.0	+	0	0	54I100M346I	FJ798606	EU334802
L	3473	519	*	*	*	*	*	GU074010	*
H	3473	100	100.0	+	0	0	28I100M391I	FJ798606	GU074010
L	26734	404	*	*	*	*	*	FJ798606	*
H	26734	100	100.0	+	0	0	100M304I	FJ798606	FJ798606
L	26750	587	*	*	*	*	*	HQ699645	*
H	26750	100	100.0	+	0	0	12I100M475I	HQ699645	HQ699645
H	26744	100	97.0	+	0	0	51I9M2I12MI47MI32M426I	HQ699645	HQ699628
L	9426	548	*	*	*	*	*	HQ699637	*
H	9426	100	93.0	+	0	0	14I9M2I10M2I49MI32M429I	HQ699645	HQ699637
L	26773	489	*	*	*	*	*	HQ713761	*
H	26773	100	100.0	+	0	0	100M389I	HQ713761	HQ713761
L	27939	572	*	*	*	*	*	JN225939	*
H	27939	100	90.0	+	0	0	51I100M421I	HQ713761	JN225939
L	28601	536	*	*	*	*	*	U57493	*
H	28601	100	83.0	+	0	0	25I50MI25M4I25M406I	HQ713761	U57493
L	26786	479	*	*	*	*	*	AY352584	*
H	26786	100	100.0	+	0	0	100M379I	AY352584	AY352584
L	19447	558	*	*	*	*	*	DQ466083	*
H	19447	100	98.0	+	0	0	47I32MI68M410I	AY352584	DQ466083
L	16129	445	*	*	*	*	*	AY490767	*
H	16129	100	86.0	+	0	0	9D91M354I	AY352584	AY490767
L	26787	706	*	*	*	*	*	HQ728298	*
H	26787	100	100.0	+	0	0	100M606I	HQ728298	HQ728298
H	11547	100	98.0	+	0	0	48I100M502I	HQ728298	AJ006670
L	25682	636	*	*	*	*	*	HM245784	*
H	25682	100	90.0	+	0	0	26I64M2D34M512I	HQ728298	HM245784
L	26796	579	*	*	*	*	*	HQ822056	*
H	26796	100	100.0	+	0	0	14I100M465I	HQ822056	HQ822056
L	23016	1907	*	*	*	*	*	FJ664868	*
H	23016	100	90.0	+	0	0	36I22MD49MI28M1771I	HQ822056	FJ664868
L	21216	482	*	*	*	*	*	EU301649	*
H	21216	100	100.0	+	0	0	52I100M330I	AJ488276	EU301649
L	6156	583	*	*	*	*	*	AY245632	*
H	6156	100	100.0	+	0	0	11I100M472I	AJ488276	AY245632
L	26838	533	*	*	*	*	*	AJ488276	*
H	26838	100	100.0	+	0	0	27I100M406I	AJ488276	AJ488276
L	26857	631	*	*	*	*	*	HQ847011	*
H	26857	100	100.0	+	0	0	100M531I	HQ847011	HQ847011
L	23681	579	*	*	*	*	*	FN396149	*
H	23681	100	97.0	+	0	0	26I100M453I	HQ847011	FN396149
L	10439	668	*	*	*	*	*	JF907837	*
H	10439	100	96.0	+	0	0	39I100M529I	HQ847011	JF907837
L	26877	430	*	*	*	*	*	EU488722	*
H	26877	100	100.0	+	0	0	100M330I	EU488722	EU488722
L	1921	379	*	*	*	*	*	AY168785	*
H	1921	100	96.0	+	0	0	11I100M268I	EU488722	AY168785
L	707	423	*	*	*	*	*	EF203924	*
H	707	100	96.0	+	0	0	14I100M309I	EU488722	EF203924
L	26889	626	*	*	*	*	*	JQ397078	*
H	26889	100	100.0	+	0	0	100M526I	JQ397078	JQ397078
L	4471	625	*	*	*	*	*	FJ769668	*
H	4471	100	86.0	+	0	0	100M525I	JQ397078	FJ769668
L	26882	625	*	*	*	*	*	JQ397118	*
H	26882	100	82.0	+	0	0	I29MD70M525I	JQ397078	JQ397118
L	26907	302	*	*	*	*	*	HQ888869	*
H	26907	100	100.0	+	0	0	100M202I	HQ888869	HQ888869
H	3677	100	94.0	+	0	0	234I100M236I	HQ888869	FJ479746
H	1145	100	94.0	+	0	0	247I100M246I	HQ888869	EF411226
L	26916	621	*	*	*	*	*	GQ906948	*
H	26916	100	100.0	+	0	0	39I100M482I	GQ906948	GQ906948
H	20392	100	82.0	+	0	0	13I18M5D16M2I16MI13MI17M3I15M420I	GQ906948	EF197067
L	11246	561	*	*	*	*	*	FJ946483	*
H	11246	100	82.0	+	0	0	11I18M5D39MD27M5I10M451I	GQ906948	FJ946483
L	26918	1211	*	*	*	*	*	HQ890371	*
H	26918	100	100.0	+	0	0	27I100M1084I	HQ890371	HQ890371
H	18197	100	89.0	+	0	0	I31MD15MD39MD12M1070I	HQ890371	AY487563
H	18198	100	82.0	+	0	0	I26M2D17M2D36MI17M423I	HQ890371	AY487565
L	26935	570	*	*	*	*	*	HQ897804	*
H	26935	100	100.0	+	0	0	25I100M445I	HQ897804	HQ897804
H	26927	100	92.0	+	0	0	27I100M436I	HQ897804	AY729073
L	23523	536	*	*	*	*	*	FJ228162	*
H	23523	100	96.0	+	0	0	22I77MI10MI13M412I	HQ897804	FJ228162
L	26942	570	*	*	*	*	*	HQ897831	*
H	26942	100	100.0	+	0	0	25I100M445I	HQ897831	HQ897831
L	20339	566	*	*	*	*	*	EF160121	*
H	20339	100	83.0	+	0	0	21I43MI57M444I	HQ897831	EF160121
L	26940	579	*	*	*	*	*	HQ897823	*
H	26940	100	92.0	+	0	0	25I75MI19M5I6M448I	HQ897831	HQ897823
L	26964	512	*	*	*	*	*	FJ571451	*
H	26964	100	100.0	+	0	0	100M412I	FJ571451	FJ571451
L	9217	592	*	*	*	*	*	EU045572	*
H	9217	100	99.0	+	0	0	63I63MD36M430I	FJ571451	EU045572
L	8520	485	*	*	*	*	*	DQ865091	*
H	8520	100	99.0	+	0	0	40I63MD36M346I	FJ571451	DQ865091
L	26998	514	*	*	*	*	*	FJ752738	*
H	26998	100	100.0	+	0	0	100M414I	FJ752738	FJ752738
L	24573	521	*	*	*	*	*	EU919704	*
H	24573	100	98.0	+	0	0	2D98M423I	FJ752738	EU919704
L	3362	468	*	*	*	*	*	FJ158131	*
H	3362	100	96.0	+	0	0	2D98M370I	FJ752738	FJ158131
L	27029	675	*	*	*	*	*	JF300144	*
H	27029	100	100.0	+	0	0	84I100M491I	JF300144	JF300144
L	27028	720	*	*	*	*	*	JF300143	*
H	27028	100	99.0	+	0	0	49I100M571I	JF300144	JF300143
L	3512	699	*	*	*	*	*	EU784185	*
H	3512	100	85.0	+	0	0	42I64MD35M558I	JF300144	EU784185
L	27049	552	*	*	*	*	*	JF908217	*
H	27049	100	100.0	+	0	0	100M452I	JF908217	JF908217
L	9418	617	*	*	*	*	*	HQ215791	*
H	9418	100	95.0	+	0	0	20I44M2D54M499I	JF908217	HQ215791
L	8376	1386	*	*	*	*	*	HQ604178	*
H	8376	100	93.0	+	0	0	48I48M7I52M1231I	JF908217	HQ604178
H	8590	100	100.0	+	0	0	20I100M142I	FJ908751	HQ660503
H	3466	100	100.0	+	0	0	35I100M448I	FJ908751	FJ205452
H	25060	100	100.0	+	0	0	38I100M479I	FJ908751	EU280122
L	27074	521	*	*	*	*	*	JF412005	*
H	27074	100	100.0	+	0	0	100M421I	JF412005	JF412005
L	4083	597	*	*	*	*	*	FJ548838	*
H	4083	100	96.0	+	0	0	41I93M2I7M454I	JF412005	FJ548838
L	4084	611	*	*	*	*	*	FJ548839	*
H	4084	100	90.0	+	0	0	42I27MD22M2D29M18I19M454I	JF412005	FJ548839
L	27102	640	*	*	*	*	*	AY534584	*
H	27102	100	100.0	+	0	0	11I100M529I	AY534584	AY534584
H	21996	100	94.0	+	0	0	39I8M10I17M2D62M2D9M525I	AY534584	EU784262
H	27095	100	93.0	+	0	0	13I8M10I17M2D62M2D9M523I	AY534584	JF430065
L	27125	1557	*	*	*	*	*	JF439184	*
H	27125	100	100.0	+	0	0	224I100M1233I	JF439182	JF439184
L	27123	1541	*	*	*	*	*	JF439182	*
H	27123	100	100.0	+	0	0	224I100M1217I	JF439182	JF439182
L	10376	1559	*	*	*	*	*	JF439171	*
H	10376	100	100.0	+	0	0	224I100M1235I	JF439182	JF439171
L	27128	602	*	*	*	*	*	JF439432	*
H	27128	100	100.0	+	0	0	22I100M480I	JF439432	JF439432
L	5797	566	*	*	*	*	*	FJ864712	*
H	5797	100	86.0	+	0	0	3I24MD75M464I	JF439432	FJ864712
L	24334	540	*	*	*	*	*	FJ210503	*
H	24334	100	87.0	+	0	0	50I24MD68MI7M390I	JF439432	FJ210503
L	27129	601	*	*	*	*	*	JF439437	*
H	27129	100	100.0	+	0	0	28I100M473I	JF439437	JF439437
H	20555	100	99.0	+	0	0	32I100M460I	JF439437	GU183167
L	9291	513	*	*	*	*	*	HQ821487	*
H	9291	100	99.0	+	0	0	329I100M84I	JF439437	HQ821487
L	27139	570	*	*	*	*	*	AF351582	*
H	27139	100	100.0	+	0	0	25I100M445I	AF351582	AF351582
L	27141	1622	*	*	*	*	*	JF440983	*
H	27141	100	100.0	+	0	0	150I100M1372I	JF440983	JF440983
L	27140	1864	*	*	*	*	*	JF440982	*
H	27140	100	82.0	+	0	0	150I26MD16MD14MD15M4D22M1621I	JF440983	JF440982
H	2832	100	87.0	+	0	0	88I43MD13MD31M22I11M1313I	JF440983	EU552126
L	27156	514	*	*	*	*	*	AF439480	*
H	27156	100	100.0	+	0	0	100M414I	AF439480	AF439480
L	835	582	*	*	*	*	*	EF452729	*
H	835	100	99.0	+	0	0	25I100M457I	AF439480	EF452729
L	24559	656	*	*	*	*	*	GU062238	*
H	24559	100	99.0	+	0	0	182I100M374I	AF439480	GU062238
L	27158	542	*	*	*	*	*	FJ807686	*
H	27158	100	100.0	+	0	0	100M442I	FJ807686	FJ807686
L	19360	660	*	*	*	*	*	DQ317365	*
H	19360	100	99.0	+	0	0	12I100M548I	FJ807686	DQ317365
L	16354	592	*	*	*	*	*	FJ515191	*
H	16354	100	99.0	+	0	0	22I77MI23M469I	FJ807686	FJ515191
H	27196	100	100.0	+	0	0	100M431I	JF506092	JF506092
H	6879	100	84.0	+	0	0	14I100M498I	JF506092	AF212308
H	17557	100	93.0	+	0	0	7I54M5I46M453I	JF506092	AY004778
L	27233	599	*	*	*	*	*	JF908439	*
H	27233	100	100.0	+	0	0	25I100M474I	JF908439	JF908439
L	27564	658	*	*	*	*	*	JF908420	*
H	27564	100	92.0	+	0	0	37I70M5I30M516I	JF908439	JF908420
L	5219	695	*	*	*	*	*	AB512333	*
H	5219	100	88.0	+	0	0	8I8MD71MI20M587I	JF908439	AB512333
L	27235	651	*	*	*	*	*	EU697259	*
H	27235	100	100.0	+	0	0	8I100M543I	EU697259	EU697259
L	2728	715	*	*	*	*	*	EU708340	*
H	2728	100	98.0	+	0	0	49I24MD47MD27M568I	EU697259	EU708340
L	24482	756	*	*	*	*	*	GU001671	*
H	24482	100	98.0	+	0	0	35I23MI20MI29MD27M620I	EU697259	GU001671
L	27273	724	*	*	*	*	*	JF701758	*
H	27273	100	100.0	+	0	0	48I100M576I	JF701758	JF701758
L	4893	598	*	*	*	*	*	FJ435116	*
H	4893	100	91.0	+	0	0	4I53M2D11MD33M497I	JF701758	FJ435116
L	2367	643	*	*	*	*	*	EU591790	*
H	2367	100	93.0	+	0	0	12I50M3I14MI36M527I	JF701758	EU591790
H	25258	100	100.0	+	0	0	15I100M449I	FJ205465	GU973704
L	27329	574	*	*	*	*	*	FJ205465	*
H	27329	100	100.0	+	0	0	11I100M463I	FJ205465	FJ205465
H	9234	100	100.0	+	0	0	12I100M478I	FJ205465	HQ655813
L	27332	693	*	*	*	*	*	JF730327	*
H	27332	100	100.0	+	0	0	100M593I	JF730327	JF730327
L	4286	651	*	*	*	*	*	FJ596789	*
H	4286	100	96.0	+	0	0	7I23MI22MD54M544I	JF730327	FJ596789
L	13576	730	*	*	*	*	*	DQ192179	*
H	13576	100	96.0	+	0	0	60I23MI22MD54M570I	JF730327	DQ192179
L	27335	279	*	*	*	*	*	EF065131	*
H	27335	100	100.0	+	0	0	100M179I	EF065131	EF065131
H	14809	100	97.0	+	0	0	271I100M189I	EF065131	GQ376069
L	23217	503	*	*	*	*	*	FJ810508	*
H	23217	100	97.0	+	0	0	233I100M170I	EF065131	FJ810508
L	27341	766	*	*	*	*	*	JF744982	*
H	27341	100	100.0	+	0	0	187I100M479I	JF744982	JF744982
H	19772	100	90.0	+	0	0	277I36M15I25MD38M551I	JF744982	DQ534487
H	27342	100	86.0	+	0	0	154I59MD20MD19M487I	JF744982	JF744969
L	27356	510	*	*	*	*	*	JF754490	*
H	27356	100	100.0	+	0	0	100M410I	JF754490	JF754490
L	22699	536	*	*	*	*	*	GU441589	*
H	22699	100	82.0	+	0	0	20I17M4D79M420I	JF754490	GU441589
L	752	1147	*	*	*	*	*	EU715610	*
H	752	100	82.0	+	0	0	84I17M4D79M967I	JF754490	EU715610
L	27359	567	*	*	*	*	*	JF766619	*
H	27359	100	100.0	+	0	0	100M467I	JF766619	JF766619
L	24255	566	*	*	*	*	*	EF025401	*
H	24255	100	97.0	+	0	0	100M466I	JF766619	EF025401
L	15379	1495	*	*	*	*	*	AF050249	*
H	15379	100	89.0	+	0	0	2I83M3I17M1390I	JF766619	AF050249
L	27363	460	*	*	*	*	*	EU853843	*
H	27363	100	100.0	+	0	0	100M360I	EU853843	EU853843
L	29367	501	*	*	*	*	*	FJ746660	*
H	29367	100	99.0	+	0	0	14I100M387I	EU853843	FJ746660
L	540	562	*	*	*	*	*	DQ885387	*
H	540	100	96.0	+	0	0	39I84M2D14M425I	EU853843	DQ885387
L	27368	517	*	*	*	*	*	JF792499	*
H	27368	91	100.0	+	0	0	60I91M366I	JF792499	JF792499
L	6500	533	*	*	*	*	*	AB056138	*
H	6500	91	100.0	+	0	0	96I14MI77M345I	JF792499	AB056138
L	6501	531	*	*	*	*	*	AB056139	*
H	6501	91	89.0	+	0	0	93I19M2I72M345I	JF792499	AB056139
H	27375	100	100.0	+	0	0	234I100M441I	JF794063	JF794063
H	21795	100	97.0	+	0	0	241I100M444I	JF794063	EU670226
L	1901	799	*	*	*	*	*	EU266100	*
H	1901	100	96.0	+	0	0	421I72MD27M279I	JF794063	EU266100
L	27403	593	*	*	*	*	*	JF817313	*
H	27403	100	100.0	+	0	0	11I100M482I	JF817313	JF817313
L	9684	609	*	*	*	*	*	AY015435	*
H	9684	100	98.0	+	0	0	11I25MI63MI12M496I	JF817313	AY015435
L	4381	569	*	*	*	*	*	FJ210642	*
H	4381	100	98.0	+	0	0	44I25MI63MI12M423I	JF817313	FJ210642
L	27405	962	*	*	*	*	*	JF820469	*
H	27405	100	100.0	+	0	0	437I100M425I	JF820469	JF820469
L	27407	2044	*	*	*	*	*	FJ009609	*
H	27407	100	98.0	+	0	0	1503I100M441I	JF820469	FJ009609
L	23901	597	*	*	*	*	*	FJ436025	*
H	23901	100	99.0	+	0	0	22I100M475I	JF820469	FJ436025
L	27409	930	*	*	*	*	*	JF825525	*
H	27409	100	100.0	+	0	0	100M830I	JF825525	JF825525
H	7167	100	81.0	+	0	0	257I59MI30MD10M403I	JF825525	GU289916
L	26301	838	*	*	*	*	*	HQ389194	*
H	26301	100	85.0	+	0	0	285I22M2I37MI13MI17M2I11M447I	JF825525	HQ389194
L	27432	387	*	*	*	*	*	JF836021	*
H	27432	99	100.0	+	0	0	30I99M258I	JF836021	JF836021
L	27450	733	*	*	*	*	*	JF907807	*
H	27450	100	100.0	+	0	0	37I100M596I	JF907807	JF907807
L	25922	661	*	*	*	*	*	HM631724	*
H	25922	100	97.0	+	0	0	9I83MD16M553I	JF907807	HM631724
L	10424	693	*	*	*	*	*	JF907810	*
H	10424	100	93.0	+	0	0	25I56M2I44M566I	JF907807	JF907810
L	27451	697	*	*	*	*	*	JF907809	*
H	27451	100	100.0	+	0	0	25I100M572I	JF907809	JF907809
L	22910	634	*	*	*	*	*	FJ596896	*
H	22910	100	91.0	+	0	0	4D54MD41M539I	JF907809	FJ596896
L	22911	629	*	*	*	*	*	FJ596913	*
H	22911	100	89.0	+	0	0	4D52M2D42M535I	JF907809	FJ596913
L	27454	662	*	*	*	*	*	FN669185	*
H	27454	100	100.0	+	0	0	100M562I	FN669185	FN669185
L	12880	1255	*	*	*	*	*	FJ157140	*
H	12880	100	99.0	+	0	0	13I100M1142I	FN669185	FJ157140
L	12868	1243	*	*	*	*	*	AY669603	*
H	12868	100	98.0	+	0	0	42I100M1101I	FN669185	AY669603
L	27476	630	*	*	*	*	*	JF907990	*
H	27476	100	100.0	+	0	0	25I100M505I	JF907990	JF907990
L	2272	674	*	*	*	*	*	EU526002	*
H	2272	100	92.0	+	0	0	8I24MI37M2I11M3I28M560I	JF907990	EU526002
L	29202	974	*	*	*	*	*	UDB011485	*
H	29202	100	89.0	+	0	0	3I8MD16MI48M3I27M868I	JF907990	UDB011485
L	27480	710	*	*	*	*	*	JF907996	*
H	27480	100	100.0	+	0	0	25I100M585I	JF907996	JF907996
L	29260	1007	*	*	*	*	*	UDB011629	*
H	29260	100	96.0	+	0	0	2I8MD27MD63M907I	JF907996	UDB011629
L	28847	667	*	*	*	*	*	UDB000927	*
H	28847	100	85.0	+	0	0	19I33M2D18M2D19M2D24M554I	JF907996	UDB000927
L	27485	636	*	*	*	*	*	JF908050	*
H	27485	100	100.0	+	0	0	100M536I	JF908050	JF908050
L	19668	631	*	*	*	*	*	DQ490627	*
H	19668	100	82.0	+	0	0	6I20M4D28MI48M528I	JF908050	DQ490627
L	27498	556	*	*	*	*	*	JF908102	*
H	27498	100	100.0	+	0	0	29I100M427I	JF908102	JF908102
L	26465	1383	*	*	*	*	*	HQ604166	*
H	26465	100	91.0	+	0	0	38I55M3I45M1242I	JF908102	HQ604166
L	27505	664	*	*	*	*	*	JF908153	*
H	27505	100	92.0	+	0	0	38I100M526I	JF908102	JF908153
L	27504	604	*	*	*	*	*	JF908152	*
H	27504	100	100.0	+	0	0	100M504I	JF908152	JF908152
L	27442	855	*	*	*	*	*	JF899559	*
H	27442	100	93.0	+	0	0	7I35M4D61M752I	JF908152	JF899559
L	26136	1297	*	*	*	*	*	HQ201364	*
H	26136	100	93.0	+	0	0	D33M3I66M1195I	JF908152	HQ201364
L	27509	654	*	*	*	*	*	JF908159	*
H	27509	100	100.0	+	0	0	50I100M504I	JF908159	JF908159
L	8397	1335	*	*	*	*	*	HQ604520	*
H	8397	100	81.0	+	0	0	38I43M2D7M9D39M1208I	JF908159	HQ604520
H	8377	100	89.0	+	0	0	35I43M2D9M2D44M1224I	JF908159	HQ604180
L	27561	750	*	*	*	*	*	JF908382	*
H	27561	100	100.0	+	0	0	100M650I	JF908382	JF908382
L	27552	690	*	*	*	*	*	JF908381	*
H	27552	100	94.0	+	0	0	37I48M4D48M557I	JF908382	JF908381
L	27577	613	*	*	*	*	*	JF908611	*
H	27577	100	100.0	+	0	0	26I100M487I	JF908611	JF908611
L	7848	812	*	*	*	*	*	FJ774085	*
H	7848	100	95.0	+	0	0	26I8MD91M687I	JF908611	FJ774085
L	25815	685	*	*	*	*	*	HM562148	*
H	25815	100	96.0	+	0	0	17I8MD91M569I	JF908611	HM562148
L	27584	701	*	*	*	*	*	AF491575	*
H	27584	100	100.0	+	0	0	25I100M576I	AF491575	AF491575
L	15580	390	*	*	*	*	*	AF133178	*
H	15580	100	98.0	+	0	0	99I100M191I	AF491575	AF133178
H	15582	100	83.0	+	0	0	99I26M4D20M2I22MD27M199I	AF491575	AF133180
L	7596	711	*	*	*	*	*	GU234152	*
H	7596	100	100.0	+	0	0	37I100M574I	JF908598	GU234152
L	27600	681	*	*	*	*	*	JF908598	*
H	27600	100	100.0	+	0	0	21I100M560I	JF908598	JF908598
H	9294	100	91.0	+	0	0	13I69MI31M460I	JF908598	HQ845118
L	26835	578	*	*	*	*	*	EU645664	*
H	26835	100	100.0	+	0	0	386I100M92I	AF454105	EU645664
L	27623	160	*	*	*	*	*	AF454105	*
H	27623	100	100.0	+	0	0	100M60I	AF454105	AF454105
L	1324	1134	*	*	*	*	*	EF669602	*
H	1324	100	100.0	+	0	0	340I100M694I	AF454105	EF669602
L	27647	571	*	*	*	*	*	GU062312	*
H	27647	100	100.0	+	0	0	35I100M436I	GU062312	GU062312
L	28126	657	*	*	*	*	*	FJ861383	*
H	28126	100	100.0	+	0	0	288I100M269I	GU062312	FJ861383
L	17244	558	*	*	*	*	*	FJ228185	*
H	17244	100	100.0	+	0	0	8I100M450I	GU062312	FJ228185
L	27657	619	*	*	*	*	*	FJ878673	*
H	27657	100	100.0	+	0	0	35I100M484I	FJ878673	FJ878673
L	19171	811	*	*	*	*	*	DQ155287	*
H	19171	100	100.0	+	0	0	581I100M130I	FJ878673	DQ155287
L	24672	728	*	*	*	*	*	GU183169	*
H	24672	100	100.0	+	0	0	35I100M593I	FJ878673	GU183169
L	27688	667	*	*	*	*	*	JF974109	*
H	27688	100	100.0	+	0	0	13I100M554I	JF974109	JF974109
L	13416	529	*	*	*	*	*	FJ501265	*
H	13416	100	90.0	+	0	0	133I39M2I14MI47M293I	JF974109	FJ501265
L	26819	390	*	*	*	*	*	HQ832489	*
H	26819	100	84.0	+	0	0	94I38M3I57M4I5M189I	JF974109	HQ832489
L	27699	552	*	*	*	*	*	FJ534886	*
H	27699	100	100.0	+	0	0	11I100M441I	FJ534886	FJ534886
H	1764	100	94.0	+	0	0	45I100M457I	FJ534886	EU240004
H	10777	100	94.0	+	0	0	41I100M413I	FJ534886	JN603595
L	27741	600	*	*	*	*	*	JN035645	*
H	27741	100	100.0	+	0	0	272I100M228I	JN035645	JN035645
L	4721	1716	*	*	*	*	*	FM876789	*
H	4721	100	88.0	+	0	0	272I100M1344I	JN035645	FM876789
L	27745	454	*	*	*	*	*	JN039040	*
H	27745	100	100.0	+	0	0	113I100M241I	JN039042	JN039040
L	24550	595	*	*	*	*	*	FJ610306	*
H	24550	100	100.0	+	0	0	152I100M343I	JN039042	FJ610306
L	27746	436	*	*	*	*	*	JN039041	*
H	27746	100	100.0	+	0	0	113I100M223I	JN039042	JN039041
L	27750	443	*	*	*	*	*	JN039046	*
H	27750	100	100.0	+	0	0	97I100M246I	JN039046	JN039046
L	5381	603	*	*	*	*	*	GQ426039	*
H	5381	100	98.0	+	0	0	112I100M391I	JN039046	GQ426039
H	5377	100	98.0	+	0	0	107I48MI52M394I	JN039046	GQ426035
L	27764	438	*	*	*	*	*	JN053476	*
H	27764	100	100.0	+	0	0	100M338I	JN053476	JN053476
L	27763	437	*	*	*	*	*	JN053475	*
H	27763	100	97.0	+	0	0	2D98M339I	JN053476	JN053475
L	27765	440	*	*	*	*	*	JN053478	*
H	27765	100	89.0	+	0	0	14M3I86M337I	JN053476	JN053478
H	27768	100	100.0	+	0	0	267I100M336I	JN053483	JN053483
H	15343	100	100.0	+	0	0	10I100M384I	JN053483	AF042453
L	16308	509	*	*	*	*	*	AY866425	*
H	16308	100	81.0	+	0	0	11I23MI20M4I34M5D18M398I	JN053483	AY866425
H	27779	100	100.0	+	0	0	27I100M685I	GQ376090	GQ376090
H	17505	100	96.0	+	0	0	23I9M2D89M712I	GQ376090	GQ376089
H	14580	100	96.0	-	0	0	2I9M2D9MI80M1167I	GQ376090	AB182326
L	27843	618	*	*	*	*	*	FJ372691	*
H	27843	100	100.0	+	0	0	21I100M497I	FJ372691	FJ372691
L	26207	601	*	*	*	*	*	FJ711054	*
H	26207	100	95.0	+	0	0	5D13MI82M505I	FJ372691	FJ711054
H	23344	100	98.0	+	0	0	20I18MI82M509I	FJ372691	GQ982886
L	7597	628	*	*	*	*	*	GU234165	*
H	7597	100	100.0	+	0	0	7I100M521I	JN182202	GU234165
L	27859	626	*	*	*	*	*	JN182202	*
H	27859	100	100.0	+	0	0	100M526I	JN182202	JN182202
L	10544	621	*	*	*	*	*	EU517505	*
H	10544	100	98.0	+	0	0	2D98M523I	JN182202	EU517505
L	21840	1221	*	*	*	*	*	JN943430	*
H	21840	100	100.0	+	0	0	32I100M1089I	AF081447	JN943430
L	27882	561	*	*	*	*	*	AF081447	*
H	27882	100	100.0	+	0	0	100M461I	AF081447	AF081447
L	27888	355	*	*	*	*	*	JN197598	*
H	27888	100	100.0	+	0	0	100M255I	JN197598	JN197598
L	19762	407	*	*	*	*	*	DQ534407	*
H	19762	100	81.0	+	0	0	28I12MI36MD7M2D42M281I	JN197598	DQ534407
L	1236	413	*	*	*	*	*	EF643581	*
H	1236	100	81.0	+	0	0	36I12MI36MD7M2D42M279I	JN197598	EF643581
L	10976	547	*	*	*	*	*	FJ412100	*
H	10976	100	100.0	+	0	0	69I100M378I	GQ203517	FJ412100
L	28312	1173	*	*	*	*	*	FJ430782	*
H	28312	100	100.0	+	0	0	118I100M955I	GQ203517	FJ430782
L	27904	516	*	*	*	*	*	GQ203517	*
H	27904	100	100.0	+	0	0	95I100M321I	GQ203517	GQ203517
L	5128	612	*	*	*	*	*	AF491564	*
H	5128	100	100.0	+	0	0	3I100M509I	AF491565	AF491564
L	15579	348	*	*	*	*	*	AF133177	*
H	15579	100	100.0	+	0	0	111I100M137I	AF491565	AF133177
L	27908	639	*	*	*	*	*	AF491565	*
H	27908	100	100.0	+	0	0	100M539I	AF491565	AF491565
H	27923	100	100.0	+	0	0	49I100M423I	JN207240	JN207240
H	6034	100	99.0	+	0	0	25I100M463I	JN207240	FM955448
H	10766	100	98.0	+	0	0	19I100M459I	JN207240	JF758870
L	27933	683	*	*	*	*	*	JN224828	*
H	27933	100	100.0	+	0	0	5I100M578I	JN224828	JN224828
H	9900	100	97.0	+	0	0	20I100M578I	JN224828	HQ667596
H	17725	100	91.0	+	0	0	4I100M570I	JN224828	AY176388
H	27940	100	100.0	+	0	0	11I100M429I	JN225946	JN225946
H	10247	100	98.0	+	0	0	11I100M430I	JN225946	JN225947
L	18640	480	*	*	*	*	*	AY755336	*
H	18640	100	85.0	+	0	0	14D86M394I	JN225946	AY755336
L	27948	746	*	*	*	*	*	JN228218	*
H	27948	100	100.0	+	0	0	100M646I	JN228218	JN228218
L	9769	664	*	*	*	*	*	HQ680356	*
H	9769	100	94.0	+	0	0	3D97M567I	JN228218	HQ680356
L	27950	1627	*	*	*	*	*	JN228231	*
H	27950	100	95.0	+	0	0	5I100M1522I	JN228218	JN228231
H	27949	100	100.0	+	0	0	40I100M1477I	JN228224	JN228224
L	2997	696	*	*	*	*	*	EU819415	*
H	2997	100	82.0	+	0	0	49I35MI14MD22MD13MD13M549I	JN228224	EU819415
L	23426	943	*	*	*	*	*	AF335456	*
H	23426	100	80.0	+	0	0	7I14MD16MD41MD12MD13M840I	JN228224	AF335456
L	27991	648	*	*	*	*	*	JN392213	*
H	27991	100	100.0	+	0	0	39I100M509I	JN392213	JN392213
L	27999	506	*	*	*	*	*	JN400821	*
H	27999	100	100.0	+	0	0	11I100M395I	JN400821	JN400821
L	14331	473	*	*	*	*	*	AF272664	*
H	14331	100	87.0	+	0	0	9D63MI28M381I	JN400821	AF272664
L	1794	484	*	*	*	*	*	EU266501	*
H	1794	100	88.0	+	0	0	4I49MD50M381I	JN400821	EU266501
L	28009	817	*	*	*	*	*	EU150190	*
H	28009	100	100.0	+	0	0	154I100M563I	EU150190	EU150190
H	23195	100	88.0	+	0	0	12I31M4D65M179I	EU150190	FJ805253
H	11303	100	88.0	+	0	0	11I31M4D65M567I	EU150190	JN943055
L	28050	541	*	*	*	*	*	JN616282	*
H	28050	100	100.0	+	0	0	100M441I	JN616282	JN616282
L	7975	578	*	*	*	*	*	HM595546	*
H	7975	100	83.0	+	0	0	11I39MI38M6I23M460I	JN616282	HM595546
H	28074	100	100.0	+	0	0	100M526I	JN638618	JN638618
H	10961	100	99.0	+	0	0	8I100M458I	JN638618	D84381
H	14657	100	93.0	+	0	0	12I100M457I	JN638618	DQ374649
L	28077	717	*	*	*	*	*	JN641782	*
H	28077	100	100.0	+	0	0	140I100M477I	JN641784	JN641782
L	28078	795	*	*	*	*	*	JN641784	*
H	28078	100	100.0	+	0	0	219I100M476I	JN641784	JN641784
L	21097	802	*	*	*	*	*	EU192156	*
H	21097	100	100.0	+	0	0	248I100M454I	JN641784	EU192156
L	28099	526	*	*	*	*	*	GQ152149	*
H	28099	100	100.0	+	0	0	100M426I	GQ152149	GQ152149
H	22870	100	99.0	+	0	0	30I100M417I	GQ152149	EF601602
H	13665	100	88.0	+	0	0	11D89M444I	GQ152149	DQ202517
L	28265	556	*	*	*	*	*	JN942168	*
H	28265	100	100.0	+	0	0	43I100M413I	JN673037	JN942168
L	28122	1569	*	*	*	*	*	JN673037	*
H	28122	100	100.0	+	0	0	100M1469I	JN673037	JN673037
L	28264	554	*	*	*	*	*	JN942162	*
H	28264	100	86.0	+	0	0	43I19MD30M3D47M415I	JN673037	JN942162
H	28133	100	100.0	+	0	0	49I100M393I	FJ210555	FJ210555
H	22763	100	100.0	+	0	0	51I100M398I	FJ210555	FJ487929
H	2619	100	100.0	+	0	0	36I100M108I	FJ210555	AF046017
L	28138	598	*	*	*	*	*	AF486130	*
H	28138	100	100.0	+	0	0	35I100M463I	AF486130	AF486130
L	24485	548	*	*	*	*	*	GU017519	*
H	24485	100	100.0	+	0	0	83I100M365I	AF484404	GU017519
L	24486	534	*	*	*	*	*	GQ241285	*
H	24486	100	100.0	+	0	0	32I100M402I	AF484404	GQ241285
L	28207	1110	*	*	*	*	*	AF484404	*
H	28207	100	100.0	+	0	0	100M1010I	AF484404	AF484404
L	28240	755	*	*	*	*	*	JN899325	*
H	28240	100	100.0	+	0	0	12I100M643I	JN899325	JN899325
L	28486	543	*	*	*	*	*	EU553344	*
H	28486	100	88.0	+	0	0	6D32MI62M448I	JN899325	EU553344
L	28235	750	*	*	*	*	*	JN899328	*
H	28235	100	92.0	+	0	0	12I38MI21M2D39M639I	JN899325	JN899328
L	28292	751	*	*	*	*	*	JN943136	*
H	28292	100	100.0	+	0	0	53I100M598I	JN943136	JN943136
L	8962	699	*	*	*	*	*	JN943113	*
H	8962	100	96.0	+	0	0	9I100M590I	JN943136	JN943113
L	16123	681	*	*	*	*	*	AF361227	*
H	16123	100	88.0	+	0	0	8D92M589I	JN943136	AF361227
L	28307	580	*	*	*	*	*	JN943306	*
H	28307	100	100.0	+	0	0	13I100M467I	JN943306	JN943306
H	20370	100	85.0	+	0	0	24I54MI5M2I41M508I	JN943306	EU409588
H	21326	100	86.0	+	0	0	24I54MI5M2I41M526I	JN943306	EU409583
L	28311	407	*	*	*	*	*	HM769758	*
H	28311	100	100.0	+	0	0	32I100M275I	HM769758	HM769758
L	28339	664	*	*	*	*	*	JN943616	*
H	28339	100	100.0	+	0	0	109I100M455I	JN943616	JN943616
L	1301	748	*	*	*	*	*	DQ534474	*
H	1301	100	86.0	+	0	0	110I100M538I	JN943616	DQ534474
H	16364	100	87.0	+	0	0	13I31MD58M5I10M432I	JN943616	AF448458
L	28360	675	*	*	*	*	*	JN944002	*
H	28360	100	100.0	+	0	0	100M575I	JN944002	JN944002
L	20094	614	*	*	*	*	*	JF908709	*
H	20094	100	99.0	+	0	0	100M514I	JN944002	JF908709
L	10575	691	*	*	*	*	*	AY061660	*
H	10575	100	95.0	+	0	0	29I66MD33M563I	JN944002	AY061660
L	19290	996	*	*	*	*	*	DQ179119	*
H	19290	100	100.0	+	0	0	534I100M362I	AY112935	DQ179119
L	28374	1095	*	*	*	*	*	AY112935	*
H	28374	100	100.0	+	0	0	100M995I	AY112935	AY112935
L	2591	481	*	*	*	*	*	AF495462	*
H	2591	100	100.0	+	0	0	13I100M368I	AY112935	AF495462
L	28385	394	*	*	*	*	*	JQ026357	*
H	28385	100	100.0	+	0	0	23I100M271I	JQ026357	JQ026357
L	28428	602	*	*	*	*	*	JQ317548	*
H	28428	100	100.0	+	0	0	100M502I	JQ317548	JQ317548
L	11684	602	*	*	*	*	*	JQ317564	*
H	11684	100	82.0	+	0	0	D99M503I	JQ317548	JQ317564
L	28432	603	*	*	*	*	*	JQ317556	*
H	28432	100	86.0	+	0	0	D19MD21MI58M504I	JQ317548	JQ317556
L	28448	604	*	*	*	*	*	JQ317587	*
H	28448	100	100.0	+	0	0	100M504I	JQ317587	JQ317587
H	28432	100	86.0	+	0	0	39M2I9MD39MD11M503I	JQ317587	JQ317556
L	11686	608	*	*	*	*	*	JQ317566	*
H	11686	100	80.0	+	0	0	10MI9M5I69MD11M503I	JQ317587	JQ317566
H	28486	100	100.0	+	0	0	100M443I	EU553344	EU553344
L	24246	529	*	*	*	*	*	FJ160267	*
H	24246	100	97.0	+	0	0	2D98M431I	EU553344	FJ160267
H	28235	100	97.0	+	0	0	18I57M2D32MD8M635I	EU553344	JN899328
L	28487	558	*	*	*	*	*	L14533	*
H	28487	100	100.0	+	0	0	100M458I	L14533	L14533
H	21482	100	96.0	+	0	0	42I100M431I	L14533	EU551202
L	22800	497	*	*	*	*	*	FJ499448	*
H	22800	100	96.0	+	0	0	71I58MI42M325I	L14533	FJ499448
L	28491	283	*	*	*	*	*	L42447	*
H	28491	100	100.0	+	0	0	100M183I	L42447	L42447
L	1454	628	*	*	*	*	*	EF545115	*
H	1454	100	91.0	+	0	0	6D94M534I	L42447	EF545115
H	1936	100	95.0	+	0	0	24I16MD14MI27MD41M544I	L42447	GQ290655
L	28504	644	*	*	*	*	*	AY880940	*
H	28504	100	100.0	+	0	0	8I100M536I	AY880940	AY880940
L	26214	839	*	*	*	*	*	JF899573	*
H	26214	100	85.0	+	0	0	14D86M753I	AY880940	JF899573
H	18378	100	97.0	+	0	0	39I100M546I	AY880940	GU222326
L	23176	602	*	*	*	*	*	FJ791148	*
H	23176	100	100.0	+	0	0	19I100M483I	U38798	FJ791148
L	28548	316	*	*	*	*	*	U38798	*
H	28548	100	100.0	+	0	0	98I100M118I	U38798	U38798
L	4826	614	*	*	*	*	*	FJ872075	*
H	4826	100	100.0	+	0	0	52I100M462I	U38798	FJ872075
L	28576	978	*	*	*	*	*	U51951	*
H	28576	100	100.0	+	0	0	420I100M458I	U51951	U51951
L	28582	579	*	*	*	*	*	U51963	*
H	28582	100	100.0	+	0	0	25I100M454I	U51963	U51963
H	6589	100	95.0	+	0	0	420I100M475I	U51963	U51965
L	13125	559	*	*	*	*	*	AY965759	*
H	13125	100	89.0	+	0	0	I77MI23M457I	U51963	AY965759
H	28593	100	100.0	+	0	0	13I100M557I	U56044	U56044
L	12878	1240	*	*	*	*	*	AY669615	*
H	12878	100	99.0	+	0	0	35I100M1105I	U56044	AY669615
H	24807	100	99.0	+	0	0	49I100M578I	U56044	GU233343
H	28601	100	100.0	+	0	0	11I100M425I	U57493	U57493
L	23851	529	*	*	*	*	*	EF029209	*
H	23851	100	97.0	+	0	0	2D98M431I	U57493	EF029209
L	25711	594	*	*	*	*	*	HQ630988	*
H	25711	100	94.0	+	0	0	50I100M444I	U57493	HQ630988
L	13798	680	*	*	*	*	*	DQ452119	*
H	13798	100	100.0	+	0	0	11I100M569I	U57891	DQ452119
L	4523	682	*	*	*	*	*	FJ492161	*
H	4523	100	100.0	+	0	0	16I100M566I	U57891	FJ492161
L	28611	631	*	*	*	*	*	U57891	*
H	28611	100	100.0	+	0	0	100M531I	U57891	U57891
L	28626	860	*	*	*	*	*	U66017	*
H	28626	100	100.0	+	0	0	27I100M733I	U66017	U66017
L	28629	600	*	*	*	*	*	U66025	*
H	28629	100	100.0	+	0	0	26I100M474I	U66025	U66025
H	19200	100	100.0	+	0	0	50I100M489I	U66430	DQ192180
H	28635	100	100.0	+	0	0	30I100M1899I	U66430	U66430
H	28668	100	100.0	+	0	0	38I100M545I	U83481	U83481
H	72	100	99.0	+	0	0	21I100M764I	U83481	DQ482007
L	19643	801	*	*	*	*	*	DQ482004	*
H	19643	100	98.0	+	0	0	8I8MD91M694I	U83481	DQ482004
H	28703	100	100.0	+	0	0	4I100M540I	AF377205	AF377205
L	21088	723	*	*	*	*	*	EU186280	*
H	21088	100	98.0	+	0	0	51I13MI59MI28M570I	AF377205	EU186280
L	13609	678	*	*	*	*	*	AF241516	*
H	13609	100	95.0	+	0	0	13MI8MI79M576I	AF377205	AF241516
L	28704	841	*	*	*	*	*	UDB000010	*
H	28704	100	100.0	+	0	0	28I100M713I	UDB000010	UDB000010
L	23798	726	*	*	*	*	*	AY061710	*
H	23798	100	100.0	+	0	0	29I100M597I	UDB000010	AY061710
L	28748	914	*	*	*	*	*	UDB000322	*
H	28748	100	92.0	+	0	0	3D52MD44M818I	UDB000010	UDB000322
H	14632	100	100.0	+	0	0	49I100M484I	UDB000164	HM189747
H	28359	100	100.0	+	0	0	20I100M473I	UDB000164	GU234029
H	18514	100	100.0	+	0	0	6I100M1087I	UDB000164	FJ039565
L	28717	561	*	*	*	*	*	UDB000169	*
H	28717	100	100.0	+	0	0	2I100M459I	UDB000169	UDB000169
L	21746	962	*	*	*	*	*	DQ102686	*
H	21746	100	97.0	+	0	0	40I63MD36M823I	UDB000169	DQ102686
L	26335	1249	*	*	*	*	*	AY669690	*
H	26335	100	97.0	+	0	0	39I63MD36M1111I	UDB000169	AY669690
L	28792	640	*	*	*	*	*	EU525982	*
H	28792	100	100.0	+	0	0	50I100M490I	EU525982	EU525982
L	21201	1172	*	*	*	*	*	FJ157146	*
H	21201	100	99.0	+	0	0	2I100M1070I	EU525982	FJ157146
L	4362	1176	*	*	*	*	*	FJ717575	*
H	4362	100	98.0	+	0	0	3I100M1073I	EU525982	FJ717575
H	28823	100	100.0	+	0	0	22I100M749I	FJ845442	FJ845442
H	16170	100	99.0	+	0	0	11I86MD13M1163I	FJ845442	FJ717487
L	29268	286	*	*	*	*	*	DQ517423	*
H	29268	100	96.0	+	0	0	2D6MD77MD13M190I	FJ845442	DQ517423
H	14632	100	100.0	+	0	0	49I100M484I	UDB000709	HM189747
H	28359	100	100.0	+	0	0	20I100M473I	UDB000709	GU234029
H	18514	100	100.0	+	0	0	6I100M1087I	UDB000709	FJ039565
L	28842	725	*	*	*	*	*	JF908298	*
H	28842	100	100.0	+	0	0	25I100M600I	JF908298	JF908298
L	13747	748	*	*	*	*	*	EF141537	*
H	13747	100	97.0	+	0	0	37I100M611I	JF908298	EF141537
L	27200	708	*	*	*	*	*	JF908307	*
H	27200	100	97.0	+	0	0	41MI59M607I	JF908298	JF908307
L	28843	637	*	*	*	*	*	DQ658878	*
H	28843	100	100.0	+	0	0	100M537I	DQ658878	DQ658878
L	15207	673	*	*	*	*	*	FJ596871	*
H	15207	100	97.0	+	0	0	4I100M569I	DQ658878	FJ596871
H	3024	100	94.0	+	0	0	55I16MI84M599I	DQ658878	EU819486
L	28845	711	*	*	*	*	*	AY061693	*
H	28845	100	100.0	+	0	0	29I100M582I	AY061693	AY061693
L	21652	672	*	*	*	*	*	EU598194	*
H	21652	100	90.0	+	0	0	6D94M578I	AY061693	EU598194
H	28363	100	91.0	+	0	0	9I36MD39MD23M537I	AY061693	JN944005
H	28872	100	100.0	+	0	0	100M457I	JF907762	JF907762
H	27447	100	100.0	+	0	0	34I100M436I	JF907762	JF907758
L	29027	771	*	*	*	*	*	UDB003218	*
H	29027	100	98.0	+	0	0	52I58MI32MI10M617I	JF907762	UDB003218
L	20375	635	*	*	*	*	*	EF192106	*
H	20375	100	100.0	+	0	0	48I100M487I	EF493273	EF192106
L	20376	643	*	*	*	*	*	EF192105	*
H	20376	100	100.0	+	0	0	30I22M24I78M489I	EF493273	EF192105
L	28888	609	*	*	*	*	*	EF493273	*
H	28888	100	100.0	+	0	0	100M509I	EF493273	EF493273
L	28910	627	*	*	*	*	*	JF908076	*
H	28910	100	100.0	+	0	0	44I100M483I	JF908076	JF908076
L	23291	930	*	*	*	*	*	FJ845409	*
H	23291	100	96.0	+	0	0	110I6MD50MD42M722I	JF908076	FJ845409
L	25428	546	*	*	*	*	*	HM020693	*
H	25428	100	90.0	+	0	0	8I8M3D46MD23MI19M441I	JF908076	HM020693
L	29298	1151	*	*	*	*	*	DQ533978	*
H	29298	100	100.0	+	0	0	35I100M1016I	DQ534573	DQ533978
L	28921	727	*	*	*	*	*	DQ534573	*
H	28921	100	100.0	+	0	0	50I100M577I	DQ534573	DQ534573
L	24312	841	*	*	*	*	*	GQ503036	*
H	24312	100	81.0	+	0	0	49I42M2I19M2D37M692I	DQ534573	GQ503036
H	28923	100	100.0	+	0	0	15I100M530I	JQ888213	JQ888213
H	9664	100	97.0	+	0	0	27I100M468I	JQ888213	AB634254
H	3029	100	98.0	+	0	0	49I61MI39M457I	JQ888213	EU819501
L	28928	668	*	*	*	*	*	EU622372	*
H	28928	100	100.0	+	0	0	100M568I	EU622372	EU622372
L	28930	271	*	*	*	*	*	FN185815	*
H	28930	100	96.0	+	0	0	2I100M169I	EU622372	FN185815
L	24745	673	*	*	*	*	*	GU222291	*
H	24745	100	82.0	+	0	0	53I46M6I25M3D26M517I	EU622372	GU222291
H	28930	100	100.0	+	0	0	100M171I	FN185815	FN185815
H	28928	100	94.0	+	0	0	2D98M570I	FN185815	EU622372
H	24756	100	89.0	+	0	0	51I40M3I9M5I24M3D24M520I	FN185815	GU222318
L	26104	680	*	*	*	*	*	JQ711951	*
H	26104	100	100.0	+	0	0	131I100M449I	FN669236	JQ711951
L	28934	640	*	*	*	*	*	FN669236	*
H	28934	100	100.0	+	0	0	100M540I	FN669236	FN669236
L	38	525	*	*	*	*	*	DQ365668	*
H	38	100	98.0	+	0	0	3I100M422I	FN669236	DQ365668
L	28938	631	*	*	*	*	*	UDB001761	*
H	28938	100	100.0	+	0	0	100M531I	UDB001761	UDB001761
H	18442	100	90.0	+	0	0	111I78M2D20M470I	UDB001761	AY621791
H	12431	100	90.0	+	0	0	112I78M2D20M496I	UDB001761	AY621777
L	28942	652	*	*	*	*	*	DQ083772	*
H	28942	100	100.0	+	0	0	20I100M532I	DQ083772	DQ083772
L	12852	1213	*	*	*	*	*	AY669541	*
H	12852	100	91.0	+	0	0	34I22MI78M1078I	DQ083772	AY669541
L	29140	1327	*	*	*	*	*	AY174786	*
H	29140	100	90.0	+	0	0	41I22MI78M1185I	DQ083772	AY174786
L	28951	596	*	*	*	*	*	DQ663251	*
H	28951	100	100.0	+	0	0	100M496I	DQ663251	DQ663251
L	1705	1305	*	*	*	*	*	EU056944	*
H	1705	100	100.0	+	0	0	40I100M1165I	DQ663251	EU056944
L	28955	610	*	*	*	*	*	DQ663415	*
H	28955	100	100.0	+	0	0	100M510I	DQ663251	DQ663415
L	28980	748	*	*	*	*	*	UDB002355	*
H	28980	100	100.0	+	0	0	28I100M620I	UDB002355	UDB002355
L	28887	742	*	*	*	*	*	UDB011688	*
H	28887	100	96.0	+	0	0	5I10MD12MD66M4I10M635I	UDB002355	UDB011688
L	28981	808	*	*	*	*	*	UDB002356	*
H	28981	100	92.0	+	0	0	28I10MD34MD10M2I6MI26M10I12M669I	UDB002355	UDB002356
L	28983	1432	*	*	*	*	*	AF454575	*
H	28983	100	100.0	+	0	0	14I100M1318I	AF454575	AF454575
L	5470	1037	*	*	*	*	*	AF454586	*
H	5470	100	98.0	+	0	0	36I100M901I	AF454575	AF454586
L	6284	300	*	*	*	*	*	GU373484	*
H	6284	100	95.0	+	0	0	8MD72M3D16M204I	AF454575	GU373484
L	29017	650	*	*	*	*	*	UDB003294	*
H	29017	100	100.0	+	0	0	2I100M548I	UDB003294	UDB003294
H	9664	100	96.0	+	0	0	28I12MI88M466I	UDB003294	AB634254
H	28923	100	97.0	+	0	0	16I12MI88M528I	UDB003294	JQ888213
L	29028	711	*	*	*	*	*	UDB003221	*
H	29028	100	100.0	+	0	0	51I100M560I	UDB003221	UDB003221
L	20779	667	*	*	*	*	*	AY216474	*
H	20779	100	92.0	+	0	0	23I28M3D56MD12M548I	UDB003221	AY216474
H	23177	100	91.0	+	0	0	26I28M3D20MI35MD13M504I	UDB003221	FJ791151
L	29031	809	*	*	*	*	*	UDB003228	*
H	29031	100	100.0	+	0	0	51I100M658I	UDB003228	UDB003228
L	22462	926	*	*	*	*	*	UDB011623	*
H	22462	100	97.0	+	0	0	2I8MD91M825I	UDB003228	UDB011623
H	2566	100	91.0	+	0	0	46I25M3I52MD11MD10M525I	UDB003228	AF458448
L	29045	270	*	*	*	*	*	FN185819	*
H	29045	100	100.0	+	0	0	100M170I	FN185819	FN185819
L	23630	267	*	*	*	*	*	FN185793	*
H	23630	100	92.0	+	0	0	3D50MD46M171I	FN185819	FN185793
H	28928	100	86.0	+	0	0	2D49MD48M571I	FN185819	EU622372
L	29063	795	*	*	*	*	*	UDB008226	*
H	29063	100	100.0	+	0	0	100M695I	UDB008226	UDB008226
H	7572	100	98.0	+	0	0	31I16MI84M498I	UDB008226	GU234073
L	2719	943	*	*	*	*	*	AB301602	*
H	2719	100	95.0	+	0	0	2D14MI54MD29M845I	UDB008226	AB301602
L	29108	982	*	*	*	*	*	UDB011200	*
H	29108	100	100.0	+	0	0	3I100M879I	UDB011200	UDB011200
L	253	656	*	*	*	*	*	EU598180	*
H	253	100	93.0	+	0	0	4D96M560I	UDB011200	EU598180
H	213	100	97.0	+	0	0	30I7MI93M502I	UDB011200	DQ777981
L	29116	839	*	*	*	*	*	FM993279	*
H	29116	100	100.0	+	0	0	100M739I	FM993279	FM993279
L	29009	1505	*	*	*	*	*	UDB002904	*
H	29009	100	87.0	+	0	0	13D87M1418I	FM993279	UDB002904
L	7833	646	*	*	*	*	*	AY281091	*
H	7833	100	94.0	+	0	0	2D17MD31M7I49M542I	FM993279	AY281091
L	29119	1249	*	*	*	*	*	HQ604694	*
H	29119	100	100.0	+	0	0	38I100M1111I	HQ604694	HQ604694
H	5182	100	99.0	+	0	0	10I100M1079I	HQ604694	FJ157122
L	28961	533	*	*	*	*	*	AF389158	*
H	28961	100	99.0	+	0	0	5I100M428I	HQ604694	AF389158
L	29181	723	*	*	*	*	*	AJ534974	*
H	29181	100	100.0	+	0	0	100M623I	AJ534974	AJ534974
L	12744	847	*	*	*	*	*	AY817135	*
H	12744	100	100.0	+	0	0	64I88MI12M682I	AJ534974	AY817135
L	13859	611	*	*	*	*	*	AJ783968	*
H	13859	100	89.0	+	0	0	10MI51MD38M511I	AJ534974	AJ783968
L	29204	740	*	*	*	*	*	JF797191	*
H	29204	100	100.0	+	0	0	13I100M627I	JF797191	JF797191
L	13697	689	*	*	*	*	*	DQ232649	*
H	13697	100	92.0	+	0	0	11I100M578I	JF797191	DQ232649
H	23623	100	92.0	+	0	0	35I29MI71M629I	JF797191	EU326208
L	29222	1039	*	*	*	*	*	UDB011529	*
H	29222	100	100.0	+	0	0	4I100M935I	UDB011529	UDB011529
L	5215	819	*	*	*	*	*	AB512321	*
H	5215	100	84.0	+	0	0	9I28M3D23MD16MD28M715I	UDB011529	AB512321
H	7439	100	85.0	+	0	0	2I7M2I26M3D16MD19M2D26M635I	UDB011529	AF505764
L	29242	930	*	*	*	*	*	UDB011568	*
H	29242	100	100.0	+	0	0	3I100M827I	UDB011568	UDB011568
L	28889	616	*	*	*	*	*	UDB001221	*
H	28889	100	99.0	+	0	0	34I7MI13MI80M480I	UDB011568	UDB001221
L	29238	984	*	*	*	*	*	UDB011586	*
H	29238	100	85.0	+	0	0	3I24MD29M2D17M2D13MD11M887I	UDB011568	UDB011586
L	29243	976	*	*	*	*	*	UDB011572	*
H	29243	100	100.0	+	0	0	4I100M872I	UDB011572	UDB011572
L	23301	964	*	*	*	*	*	FJ845445	*
H	23301	100	96.0	+	0	0	110I7MI15M2D76M755I	UDB011572	FJ845445
L	3011	698	*	*	*	*	*	EU819448	*
H	3011	100	90.0	+	0	0	50I7MI13MD79M548I	UDB011572	EU819448
L	29253	1014	*	*	*	*	*	UDB011613	*
H	29253	100	100.0	+	0	0	4I100M910I	UDB011613	UDB011613
L	29342	983	*	*	*	*	*	UDB011841	*
H	29342	100	94.0	+	0	0	3I52M2D46M882I	UDB011613	UDB011841
H	26797	100	92.0	+	0	0	39I7MI40M2D51M537I	UDB011613	HQ827176
L	29255	634	*	*	*	*	*	FJ627244	*
H	29255	100	100.0	+	0	0	11I100M523I	FJ627244	FJ627244
H	22733	100	80.0	+	0	0	35I74M2D7M5I17M522I	FJ627244	FJ478126
H	29260	100	100.0	+	0	0	3I100M904I	UDB011629	UDB011629
H	27480	100	99.0	+	0	0	26I7MI27MI66M582I	UDB011629	JF907996
H	28847	100	85.0	+	0	0	20I7MI27MD15M2D19M2D27M551I	UDB011629	UDB000927
L	28707	253	*	*	*	*	*	UDB000055	*
H	28707	100	100.0	+	0	0	7I100M146I	GU590932	UDB000055
L	29274	814	*	*	*	*	*	GU590932	*
H	29274	100	100.0	+	0	0	100M714I	GU590932	GU590932
L	6566	391	*	*	*	*	*	GU982730	*
H	6566	100	81.0	+	0	0	43I39MD9M8D43M257I	GU590932	GU982730
L	29282	954	*	*	*	*	*	UDB011713	*
H	29282	100	100.0	+	0	0	3I100M851I	UDB011713	UDB011713
L	4920	630	*	*	*	*	*	FJ168595	*
H	4920	100	83.0	+	0	0	21M3D11MD21M2D16M2D23M538I	UDB011713	FJ168595
H	9978	100	82.0	+	0	0	I21M3D11MD21M2D16M2D23M528I	UDB011713	FJ168599
H	29283	100	100.0	+	0	0	3I100M818I	UDB011716	UDB011716
H	23439	100	98.0	+	0	0	23I24MD75M150I	UDB011716	AY129359
H	22897	100	96.0	+	0	0	3D97M479I	UDB011716	FJ596861
L	29314	987	*	*	*	*	*	UDB011786	*
H	29314	100	100.0	+	0	0	3I100M884I	UDB011786	UDB011786
L	10415	613	*	*	*	*	*	AF357029	*
H	10415	100	92.0	+	0	0	12I100M501I	UDB011786	AF357029
L	29147	986	*	*	*	*	*	UDB011622	*
H	29147	100	87.0	+	0	0	3I23MD30MD28M5D12M890I	UDB011786	UDB011622
L	29328	362	*	*	*	*	*	FM208885	*
H	29328	100	100.0	+	0	0	100M262I	FM208885	FM208885
H	29342	100	100.0	+	0	0	3I100M880I	UDB011841	UDB011841
H	29253	100	95.0	+	0	0	4I52M2I48M908I	UDB011841	UDB011613
L	29322	998	*	*	*	*	*	UDB011803	*
H	29322	100	91.0	+	0	0	4I100M894I	UDB011841	UDB011803
L	29380	606	*	*	*	*	*	EF989113	*
H	29380	100	100.0	+	0	0	35I100M471I	EF989113	EF989113
H	15112	100	100.0	+	0	0	11I100M472I	EF989113	AJ919277
H	10364	100	99.0	+	0	0	224I62MD37M1229I	EF989113	JF439124
L	29389	341	*	*	*	*	*	FJ263454	*
H	29389	100	100.0	+	0	0	100M241I	FJ263454	FJ263454
L	439	1912	*	*	*	*	*	DQ873660	*
H	439	100	91.0	+	0	0	208I100M1604I	FJ263454	DQ873660
L	436	2102	*	*	*	*	*	DQ873655	*
H	436	100	91.0	+	0	0	296I100M1706I	FJ263454	DQ873655
D	1	2	*	*	*	*	100.0	U33090	*
D	3	2	*	*	*	*	100.0	AY907029	*
D	40	2	*	*	*	*	100.0	JQ711875	*
D	82	2	*	*	*	*	100.0	DQ517365	*
D	85	2	*	*	*	*	100.0	DQ517417	*
D	86	2	*	*	*	*	100.0	DQ449942	*
D	87	2	*	*	*	*	100.0	DQ449944	*
D	100	2	*	*	*	*	100.0	FJ596906	*
D	119	2	*	*	*	*	100.0	AJ972459	*
D	121	2	*	*	*	*	100.0	AB221419	*
D	153	2	*	*	*	*	100.0	AF098411	*
D	161	2	*	*	*	*	100.0	GQ254804	*
D	175	2	*	*	*	*	100.0	DQ782844	*
D	196	2	*	*	*	*	100.0	EU041821	*
D	232	2	*	*	*	*	100.0	GU134901	*
D	238	2	*	*	*	*	100.0	FJ515889	*
D	255	2	*	*	*	*	100.0	AB036894	*
D	279	2	*	*	*	*	100.0	DQ832333	*
D	339	2	*	*	*	*	100.0	AB031346	*
D	354	2	*	*	*	*	100.0	AM397676	*
D	360	2	*	*	*	*	100.0	DQ875342	*
D	364	2	*	*	*	*	100.0	DQ875347	*
D	394	2	*	*	*	*	100.0	AF081483	*
D	424	2	*	*	*	*	100.0	DQ873595	*
D	452	2	*	*	*	*	100.0	EF029238	*
D	468	2	*	*	*	*	100.0	GQ388729	*
D	488	2	*	*	*	*	100.0	DQ911459	*
D	490	2	*	*	*	*	100.0	AM711974	*
D	513	2	*	*	*	*	100.0	AB259844	*
D	517	2	*	*	*	*	100.0	AF085486	*
D	538	2	*	*	*	*	100.0	AF166523	*
D	546	2	*	*	*	*	100.0	JN182869	*
D	577	2	*	*	*	*	100.0	EF123254	*
D	578	2	*	*	*	*	100.0	AY347389	*
D	588	2	*	*	*	*	100.0	AB254189	*
D	599	2	*	*	*	*	100.0	AF250800	*
D	642	2	*	*	*	*	100.0	AF312013	*
D	643	2	*	*	*	*	100.0	DQ986481	*
D	659	2	*	*	*	*	100.0	EF016754	*
D	660	2	*	*	*	*	100.0	EF011654	*
D	683	2	*	*	*	*	100.0	EF026134	*
D	688	2	*	*	*	*	100.0	EF030523	*
D	703	2	*	*	*	*	100.0	AF317541	*
D	708	2	*	*	*	*	100.0	EF203925	*
D	725	2	*	*	*	*	100.0	EF192222	*
D	731	2	*	*	*	*	100.0	EF194842	*
D	744	2	*	*	*	*	100.0	AF177155	*
D	824	2	*	*	*	*	100.0	AB054044	*
D	846	2	*	*	*	*	100.0	AF231469	*
D	859	2	*	*	*	*	100.0	EU682190	*
D	867	2	*	*	*	*	100.0	EU682191	*
D	872	2	*	*	*	*	100.0	U57351	*
D	897	2	*	*	*	*	100.0	AF335457	*
D	908	2	*	*	*	*	100.0	EF121862	*
D	923	2	*	*	*	*	100.0	FJ799941	*
D	935	2	*	*	*	*	100.0	AB041242	*
D	987	2	*	*	*	*	100.0	AF373978	*
D	992	2	*	*	*	*	100.0	AF373991	*
D	1008	2	*	*	*	*	100.0	AF309591	*
D	1013	2	*	*	*	*	100.0	AF018953	*
D	1043	2	*	*	*	*	100.0	EF507254	*
D	1045	2	*	*	*	*	100.0	EF507258	*
D	1052	2	*	*	*	*	100.0	EF530933	*
D	1067	2	*	*	*	*	100.0	EF200022	*
D	1069	2	*	*	*	*	100.0	EF200037	*
D	1125	2	*	*	*	*	100.0	EF420147	*
D	1150	2	*	*	*	*	100.0	EF395370	*
D	1153	2	*	*	*	*	100.0	FN423704	*
D	1160	2	*	*	*	*	100.0	AM292695	*
D	1163	2	*	*	*	*	100.0	AB190380	*
D	1269	2	*	*	*	*	100.0	AF357053	*
D	1273	2	*	*	*	*	100.0	AF357062	*
D	1285	2	*	*	*	*	100.0	AF297669	*
D	1290	2	*	*	*	*	100.0	AF275336	*
D	1324	2	*	*	*	*	100.0	EF669602	*
D	1328	2	*	*	*	*	100.0	AF399886	*
D	1370	2	*	*	*	*	100.0	AF298128	*
D	1374	2	*	*	*	*	100.0	AF298134	*
D	1389	2	*	*	*	*	100.0	EF464589	*
D	1398	2	*	*	*	*	100.0	AB274813	*
D	1405	2	*	*	*	*	100.0	EF685047	*
D	1421	2	*	*	*	*	100.0	AB284446	*
D	1429	2	*	*	*	*	100.0	EF535171	*
D	1435	2	*	*	*	*	100.0	EF535193	*
D	1449	2	*	*	*	*	100.0	EF535218	*
D	1472	2	*	*	*	*	100.0	EF582746	*
D	1483	2	*	*	*	*	100.0	EF570501	*
D	1484	2	*	*	*	*	100.0	JF908138	*
D	1486	2	*	*	*	*	100.0	AB080512	*
D	1489	2	*	*	*	*	100.0	AB080536	*
D	1494	2	*	*	*	*	100.0	EF592171	*
D	1508	2	*	*	*	*	100.0	EF621920	*
D	1509	2	*	*	*	*	100.0	EF621945	*
D	1529	2	*	*	*	*	100.0	EU118629	*
D	1562	2	*	*	*	*	100.0	EU123800	*
D	1567	2	*	*	*	*	100.0	EF635906	*
D	1577	2	*	*	*	*	100.0	EU019276	*
D	1618	2	*	*	*	*	100.0	EU057939	*
D	1620	2	*	*	*	*	100.0	EU139247	*
D	1628	2	*	*	*	*	100.0	EU343863	*
D	1638	2	*	*	*	*	100.0	AB219228	*
D	1648	2	*	*	*	*	100.0	AB361638	*
D	1670	2	*	*	*	*	100.0	AF332118	*
D	1671	2	*	*	*	*	100.0	AF332122	*
D	1685	2	*	*	*	*	100.0	AY035661	*
D	1699	2	*	*	*	*	100.0	FJ039646	*
D	1710	2	*	*	*	*	100.0	EF652086	*
D	1735	2	*	*	*	*	100.0	EU109673	*
D	1739	2	*	*	*	*	100.0	AB365596	*
D	1750	2	*	*	*	*	100.0	EU218891	*
D	1755	2	*	*	*	*	100.0	EU220025	*
D	1764	2	*	*	*	*	100.0	EU240004	*
D	1766	2	*	*	*	*	100.0	EU131883	*
D	1771	2	*	*	*	*	100.0	EU137332	*
D	1791	2	*	*	*	*	100.0	GQ388712	*
D	1821	2	*	*	*	*	100.0	GU062298	*
D	1823	2	*	*	*	*	100.0	FJ462747	*
D	1832	2	*	*	*	*	100.0	AJ302460	*
D	1838	2	*	*	*	*	100.0	AJ302448	*
D	1888	2	*	*	*	*	100.0	EU293061	*
D	1917	2	*	*	*	*	100.0	DQ205681	*
D	1918	2	*	*	*	*	100.0	AY266144	*
D	1936	2	*	*	*	*	100.0	GQ290655	*
D	1962	2	*	*	*	*	100.0	AM882803	*
D	1978	2	*	*	*	*	100.0	AM921708	*
D	2035	2	*	*	*	*	100.0	EU249514	*
D	2036	2	*	*	*	*	100.0	EU249467	*
D	2060	2	*	*	*	*	100.0	EU315763	*
D	2104	2	*	*	*	*	100.0	EU266591	*
D	2105	2	*	*	*	*	100.0	EU427549	*
D	2111	2	*	*	*	*	100.0	EU435008	*
D	2113	2	*	*	*	*	100.0	GQ354261	*
D	2117	2	*	*	*	*	100.0	AF433147	*
D	2129	2	*	*	*	*	100.0	L06431	*
D	2146	2	*	*	*	*	100.0	EU482218	*
D	2169	2	*	*	*	*	100.0	EU314688	*
D	2210	2	*	*	*	*	100.0	AF439460	*
D	2223	2	*	*	*	*	100.0	AF439510	*
D	2260	2	*	*	*	*	100.0	EU543255	*
D	2273	2	*	*	*	*	100.0	EU526004	*
D	2283	2	*	*	*	*	100.0	EF051729	*
D	2306	2	*	*	*	*	100.0	EU551190	*
D	2314	2	*	*	*	*	100.0	EU254771	*
D	2333	2	*	*	*	*	100.0	EU254973	*
D	2348	2	*	*	*	*	100.0	AM743192	*
D	2357	3	*	*	*	*	100.0	AY877409	*
D	2364	2	*	*	*	*	100.0	AF410821	*
D	2368	2	*	*	*	*	100.0	AB044382	*
D	2377	2	*	*	*	*	100.0	FJ440196	*
D	2381	2	*	*	*	*	100.0	EU484271	*
D	2388	2	*	*	*	*	100.0	GU066608	*
D	2421	2	*	*	*	*	100.0	AY016444	*
D	2424	2	*	*	*	*	100.0	GQ924687	*
D	2426	2	*	*	*	*	100.0	AF325644	*
D	2432	2	*	*	*	*	100.0	AF325665	*
D	2445	2	*	*	*	*	100.0	AF454426	*
D	2449	2	*	*	*	*	100.0	AJ309352	*
D	2476	2	*	*	*	*	100.0	FJ710202	*
D	2478	2	*	*	*	*	100.0	AB045105	*
D	2508	3	*	*	*	*	100.0	EU552798	*
D	2566	2	*	*	*	*	100.0	AF458448	*
D	2583	2	*	*	*	*	100.0	AF394029	*
D	2587	2	*	*	*	*	100.0	FJ481033	*
D	2590	2	*	*	*	*	100.0	AB070888	*
D	2591	2	*	*	*	*	100.0	AF495462	*
D	2618	2	*	*	*	*	100.0	JN383484	*
D	2619	4	*	*	*	*	100.0	AF046017	*
D	2626	2	*	*	*	*	100.0	EU233979	*
D	2747	2	*	*	*	*	100.0	EU520136	*
D	2753	2	*	*	*	*	100.0	EU520146	*
D	2767	2	*	*	*	*	100.0	EU520255	*
D	2794	2	*	*	*	*	100.0	AM712293	*
D	2820	2	*	*	*	*	100.0	EU623740	*
D	2828	2	*	*	*	*	100.0	EU552101	*
D	2829	2	*	*	*	*	100.0	EU552114	*
D	2832	2	*	*	*	*	100.0	EU552126	*
D	2884	2	*	*	*	*	100.0	AF351143	*
D	2905	2	*	*	*	*	100.0	AB436773	*
D	2922	2	*	*	*	*	100.0	EU669325	*
D	2928	2	*	*	*	*	100.0	EU669366	*
D	2939	2	*	*	*	*	100.0	EU569260	*
D	2941	2	*	*	*	*	100.0	EU569263	*
D	2948	2	*	*	*	*	100.0	EU569278	*
D	2977	2	*	*	*	*	100.0	EU558740	*
D	2989	2	*	*	*	*	100.0	EU837220	*
D	3002	2	*	*	*	*	100.0	EU819427	*
D	3023	2	*	*	*	*	100.0	EU819485	*
D	3025	2	*	*	*	*	100.0	EU819487	*
D	3029	2	*	*	*	*	100.0	EU819501	*
D	3052	2	*	*	*	*	100.0	EU635979	*
D	3058	2	*	*	*	*	100.0	EU645679	*
D	3059	2	*	*	*	*	100.0	FJ549440	*
D	3084	2	*	*	*	*	100.0	EU863218	*
D	3085	2	*	*	*	*	100.0	EU854436	*
D	3094	2	*	*	*	*	100.0	AF404123	*
D	3100	2	*	*	*	*	100.0	FJ000376	*
D	3122	2	*	*	*	*	100.0	GQ250404	*
D	3143	2	*	*	*	*	100.0	EU681286	*
D	3203	2	*	*	*	*	100.0	FJ037730	*
D	3212	2	*	*	*	*	100.0	FJ210605	*
D	3223	2	*	*	*	*	100.0	AF415227	*
D	3225	2	*	*	*	*	100.0	AF414693	*
D	3236	2	*	*	*	*	100.0	AB167727	*
D	3244	2	*	*	*	*	100.0	EU715609	*
D	3260	2	*	*	*	*	100.0	AF444331	*
D	3265	2	*	*	*	*	100.0	AF444397	*
D	3272	2	*	*	*	*	100.0	AF444664	*
D	3275	2	*	*	*	*	100.0	AF444474	*
D	3310	2	*	*	*	*	100.0	AF444593	*
D	3374	2	*	*	*	*	100.0	AY880934	*
D	3386	2	*	*	*	*	100.0	FJ039604	*
D	3389	2	*	*	*	*	100.0	L76484	*
D	3392	2	*	*	*	*	100.0	L76509	*
D	3423	2	*	*	*	*	100.0	AB435024	*
D	3440	2	*	*	*	*	100.0	AB462498	*
D	3466	2	*	*	*	*	100.0	FJ205452	*
D	3496	2	*	*	*	*	100.0	AM980848	*
D	3499	2	*	*	*	*	100.0	AJ968409	*
D	3502	2	*	*	*	*	100.0	FJ914699	*
D	3509	2	*	*	*	*	100.0	EU784181	*
D	3525	2	*	*	*	*	100.0	EU784247	*
D	3527	2	*	*	*	*	100.0	EU784249	*
D	3535	2	*	*	*	*	100.0	EU784261	*
D	3539	2	*	*	*	*	100.0	EU784294	*
D	3542	2	*	*	*	*	100.0	EU784297	*
D	3544	2	*	*	*	*	100.0	EU784302	*
D	3567	2	*	*	*	*	100.0	EU784374	*
D	3576	2	*	*	*	*	100.0	EU784437	*
D	3594	2	*	*	*	*	100.0	FJ228187	*
D	3606	2	*	*	*	*	100.0	FJ372402	*
D	3608	2	*	*	*	*	100.0	EU823314	*
D	3615	2	*	*	*	*	100.0	FJ515209	*
D	3620	2	*	*	*	*	100.0	FJ372676	*
D	3621	2	*	*	*	*	100.0	AF495461	*
D	3632	2	*	*	*	*	100.0	DQ491486	*
D	3647	2	*	*	*	*	100.0	EU833667	*
D	3677	2	*	*	*	*	100.0	FJ479746	*
D	3700	2	*	*	*	*	100.0	AF377067	*
D	3724	2	*	*	*	*	100.0	AY045519	*
D	3736	2	*	*	*	*	100.0	EU853469	*
D	3737	2	*	*	*	*	100.0	EU853477	*
D	3760	2	*	*	*	*	100.0	FJ430778	*
D	3771	2	*	*	*	*	100.0	U58640	*
D	3777	2	*	*	*	*	100.0	FJ441032	*
D	3787	2	*	*	*	*	100.0	FJ441045	*
D	3802	2	*	*	*	*	100.0	FJ441028	*
D	3849	2	*	*	*	*	100.0	AB073267	*
D	3856	2	*	*	*	*	100.0	EU909471	*
D	3887	2	*	*	*	*	100.0	FJ176723	*
D	3888	2	*	*	*	*	100.0	FJ176725	*
D	3889	2	*	*	*	*	100.0	FJ176728	*
D	3904	2	*	*	*	*	100.0	FJ664871	*
D	3907	2	*	*	*	*	100.0	FJ005095	*
D	3909	2	*	*	*	*	100.0	FJ005107	*
D	3910	2	*	*	*	*	100.0	FJ005115	*
D	3925	2	*	*	*	*	100.0	FJ480136	*
D	3927	3	*	*	*	*	100.0	EU860065	*
D	3943	2	*	*	*	*	100.0	FJ481042	*
D	3952	2	*	*	*	*	100.0	EU878427	*
D	3970	2	*	*	*	*	100.0	EU935483	*
D	3992	2	*	*	*	*	100.0	EU935548	*
D	3997	2	*	*	*	*	100.0	EU935560	*
D	4032	2	*	*	*	*	100.0	AB161063	*
D	4041	2	*	*	*	*	100.0	FJ515182	*
D	4055	2	*	*	*	*	100.0	AY033121	*
D	4105	2	*	*	*	*	100.0	FJ594058	*
D	4123	2	*	*	*	*	100.0	FJ627027	*
D	4130	2	*	*	*	*	100.0	FJ603598	*
D	4142	2	*	*	*	*	100.0	FJ008050	*
D	4163	2	*	*	*	*	100.0	EU681355	*
D	4166	2	*	*	*	*	100.0	AM697818	*
D	4168	2	*	*	*	*	100.0	AM697824	*
D	4182	2	*	*	*	*	100.0	FJ381957	*
D	4222	2	*	*	*	*	100.0	FJ613194	*
D	4226	2	*	*	*	*	100.0	AB378736	*
D	4236	2	*	*	*	*	100.0	FJ172270	*
D	4258	2	*	*	*	*	100.0	FJ356152	*
D	4277	2	*	*	*	*	100.0	FJ467365	*
D	4289	2	*	*	*	*	100.0	FJ596797	*
D	4290	2	*	*	*	*	100.0	FJ596801	*
D	4296	2	*	*	*	*	100.0	FJ596820	*
D	4299	2	*	*	*	*	100.0	FJ596832	*
D	4309	2	*	*	*	*	100.0	FJ627256	*
D	4331	2	*	*	*	*	100.0	EF488422	*
D	4358	2	*	*	*	*	100.0	FJ176919	*
D	4359	2	*	*	*	*	100.0	FJ711635	*
D	4373	2	*	*	*	*	100.0	FJ746639	*
D	4376	2	*	*	*	*	100.0	AJ519795	*
D	4387	2	*	*	*	*	100.0	GU214650	*
D	4389	2	*	*	*	*	100.0	AF335932	*
D	4408	2	*	*	*	*	100.0	EU569271	*
D	4432	2	*	*	*	*	100.0	FJ770067	*
D	4433	2	*	*	*	*	100.0	FJ460589	*
D	4438	2	*	*	*	*	100.0	AF335959	*
D	4448	2	*	*	*	*	100.0	FJ768912	*
D	4483	2	*	*	*	*	100.0	FJ769699	*
D	4492	2	*	*	*	*	100.0	FJ769713	*
D	4544	2	*	*	*	*	100.0	FJ869185	*
D	4554	2	*	*	*	*	100.0	FJ210497	*
D	4562	2	*	*	*	*	100.0	FJ897535	*
D	4566	2	*	*	*	*	100.0	FJ710196	*
D	4578	2	*	*	*	*	100.0	DQ249993	*
D	4588	2	*	*	*	*	100.0	FJ861978	*
D	4590	2	*	*	*	*	100.0	FJ861982	*
D	4591	2	*	*	*	*	100.0	FJ861984	*
D	4595	2	*	*	*	*	100.0	JF440595	*
D	4596	2	*	*	*	*	100.0	FJ601813	*
D	4605	2	*	*	*	*	100.0	EF202593	*
D	4622	2	*	*	*	*	100.0	FJ824623	*
D	4656	2	*	*	*	*	100.0	FJ375254	*
D	4687	2	*	*	*	*	100.0	FJ381697	*
D	4699	2	*	*	*	*	100.0	U66450	*
D	4704	2	*	*	*	*	100.0	U66456	*
D	4725	2	*	*	*	*	100.0	FJ380941	*
D	4739	2	*	*	*	*	100.0	FJ884149	*
D	4806	2	*	*	*	*	100.0	DQ480345	*
D	4811	2	*	*	*	*	100.0	FJ596846	*
D	4814	2	*	*	*	*	100.0	U85323	*
D	4826	2	*	*	*	*	100.0	FJ872075	*
D	4850	2	*	*	*	*	100.0	FJ411096	*
D	4852	2	*	*	*	*	100.0	FJ411099	*
D	4876	2	*	*	*	*	100.0	FJ664839	*
D	4877	2	*	*	*	*	100.0	FJ664842	*
D	4884	2	*	*	*	*	100.0	FJ664851	*
D	4890	2	*	*	*	*	100.0	FJ664880	*
D	4903	2	*	*	*	*	100.0	FJ427082	*
D	4940	2	*	*	*	*	100.0	FJ431212	*
D	4955	2	*	*	*	*	100.0	FJ431275	*
D	4971	2	*	*	*	*	100.0	GQ152143	*
D	4983	2	*	*	*	*	100.0	GQ328756	*
D	4997	2	*	*	*	*	100.0	GQ249878	*
D	5006	2	*	*	*	*	100.0	FJ468409	*
D	5016	2	*	*	*	*	100.0	EU819498	*
D	5066	2	*	*	*	*	100.0	FJ998389	*
D	5084	2	*	*	*	*	100.0	GQ181170	*
D	5092	2	*	*	*	*	100.0	EU343821	*
D	5113	2	*	*	*	*	100.0	GU446638	*
D	5123	2	*	*	*	*	100.0	AF530463	*
D	5133	2	*	*	*	*	100.0	AF491586	*
D	5137	2	*	*	*	*	100.0	AF491621	*
D	5142	2	*	*	*	*	100.0	GQ266162	*
D	5158	2	*	*	*	*	100.0	GQ142025	*
D	5168	2	*	*	*	*	100.0	GQ229074	*
D	5204	2	*	*	*	*	100.0	AB512303	*
D	5205	2	*	*	*	*	100.0	AB512304	*
D	5214	2	*	*	*	*	100.0	AB512319	*
D	5231	2	*	*	*	*	100.0	FJ545309	*
D	5262	2	*	*	*	*	100.0	FJ572252	*
D	5311	2	*	*	*	*	100.0	GQ253465	*
D	5314	2	*	*	*	*	100.0	GQ369959	*
D	5336	2	*	*	*	*	100.0	AB439558	*
D	5337	2	*	*	*	*	100.0	FJ900164	*
D	5338	2	*	*	*	*	100.0	GQ336792	*
D	5368	2	*	*	*	*	100.0	DQ123599	*
D	5402	2	*	*	*	*	100.0	FJ654148	*
D	5417	2	*	*	*	*	100.0	Z14026	*
D	5443	3	*	*	*	*	100.0	GQ458034	*
D	5449	2	*	*	*	*	100.0	GQ479554	*
D	5452	2	*	*	*	*	100.0	AY549469	*
D	5479	2	*	*	*	*	100.0	AF451767	*
D	5484	2	*	*	*	*	100.0	GQ856214	*
D	5564	2	*	*	*	*	100.0	U63475	*
D	5605	2	*	*	*	*	100.0	HQ215821	*
D	5616	2	*	*	*	*	100.0	GU060452	*
D	5621	2	*	*	*	*	100.0	DQ189225	*
D	5626	2	*	*	*	*	100.0	FJ411105	*
D	5637	2	*	*	*	*	100.0	FJ765367	*
D	5641	2	*	*	*	*	100.0	GQ857633	*
D	5651	2	*	*	*	*	100.0	FJ839626	*
D	5663	2	*	*	*	*	100.0	GU084413	*
D	5682	2	*	*	*	*	100.0	AM882747	*
D	5727	2	*	*	*	*	100.0	GU126451	*
D	5753	2	*	*	*	*	100.0	FJ860859	*
D	5777	2	*	*	*	*	100.0	GU136210	*
D	5788	2	*	*	*	*	100.0	FJ809885	*
D	5814	2	*	*	*	*	100.0	GQ913372	*
D	5831	2	*	*	*	*	100.0	AB478882	*
D	5872	2	*	*	*	*	100.0	AB084618	*
D	5874	2	*	*	*	*	100.0	DQ102431	*
D	5894	2	*	*	*	*	100.0	AJ408375	*
D	5898	2	*	*	*	*	100.0	AB099942	*
D	5915	2	*	*	*	*	100.0	GU234098	*
D	5927	2	*	*	*	*	100.0	AY046209	*
D	5944	2	*	*	*	*	100.0	GU222263	*
D	5947	2	*	*	*	*	100.0	GU222269	*
D	5956	2	*	*	*	*	100.0	GU222316	*
D	5977	2	*	*	*	*	100.0	GU138749	*
D	5980	2	*	*	*	*	100.0	GU138754	*
D	5999	2	*	*	*	*	100.0	GU229820	*
D	6003	2	*	*	*	*	100.0	FJ889446	*
D	6005	2	*	*	*	*	100.0	FJ889449	*
D	6006	2	*	*	*	*	100.0	GU229798	*
D	6034	2	*	*	*	*	100.0	FM955448	*
D	6048	2	*	*	*	*	100.0	GU233362	*
D	6090	2	*	*	*	*	100.0	GU324765	*
D	6095	2	*	*	*	*	100.0	GU214634	*
D	6106	2	*	*	*	*	100.0	EF627452	*
D	6109	2	*	*	*	*	100.0	DQ303089	*
D	6149	2	*	*	*	*	100.0	JF908299	*
D	6152	2	*	*	*	*	100.0	GQ302682	*
D	6188	2	*	*	*	*	100.0	AY188358	*
D	6189	2	*	*	*	*	100.0	AY188362	*
D	6205	2	*	*	*	*	100.0	EF568001	*
D	6215	2	*	*	*	*	100.0	GU207310	*
D	6228	2	*	*	*	*	100.0	GQ203780	*
D	6230	2	*	*	*	*	100.0	GQ203784	*
D	6232	2	*	*	*	*	100.0	GQ203789	*
D	6240	2	*	*	*	*	100.0	AY212819	*
D	6247	2	*	*	*	*	100.0	GQ329043	*
D	6255	2	*	*	*	*	100.0	AY243626	*
D	6275	2	*	*	*	*	100.0	FJ196770	*
D	6292	2	*	*	*	*	100.0	GU470885	*
D	6327	2	*	*	*	*	100.0	GU391570	*
D	6334	2	*	*	*	*	100.0	AM882784	*
D	6366	2	*	*	*	*	100.0	JQ229682	*
D	6371	2	*	*	*	*	100.0	GU595027	*
D	6376	2	*	*	*	*	100.0	GU551942	*
D	6388	2	*	*	*	*	100.0	AF044393	*
D	6402	2	*	*	*	*	100.0	AY581055	*
D	6408	2	*	*	*	*	100.0	GU593046	*
D	6420	2	*	*	*	*	100.0	EF540754	*
D	6426	2	*	*	*	*	100.0	AB540577	*
D	6434	2	*	*	*	*	100.0	GU797430	*
D	6456	2	*	*	*	*	100.0	GU553298	*
D	6463	2	*	*	*	*	100.0	GU480101	*
D	6465	2	*	*	*	*	100.0	GU480103	*
D	6476	2	*	*	*	*	100.0	FN298146	*
D	6500	2	*	*	*	*	100.0	AB056138	*
D	6532	2	*	*	*	*	100.0	GU944820	*
D	6534	2	*	*	*	*	100.0	GQ221126	*
D	6536	2	*	*	*	*	100.0	AJ271577	*
D	6538	2	*	*	*	*	100.0	GU966521	*
D	6543	2	*	*	*	*	100.0	GU258221	*
D	6559	2	*	*	*	*	100.0	GU258299	*
D	6584	2	*	*	*	*	100.0	GU968435	*
D	6588	2	*	*	*	*	100.0	U51949	*
D	6601	2	*	*	*	*	100.0	HM007088	*
D	6603	2	*	*	*	*	100.0	AY154696	*
D	6617	2	*	*	*	*	100.0	AY061724	*
D	6630	2	*	*	*	*	100.0	AY266390	*
D	6661	2	*	*	*	*	100.0	GU292824	*
D	6666	2	*	*	*	*	100.0	GU322438	*
D	6667	2	*	*	*	*	100.0	EF026148	*
D	6671	2	*	*	*	*	100.0	AY862572	*
D	6680	2	*	*	*	*	100.0	GU324735	*
D	6725	2	*	*	*	*	100.0	EU021460	*
D	6734	2	*	*	*	*	100.0	AF137067	*
D	6758	2	*	*	*	*	100.0	GU973710	*
D	6761	2	*	*	*	*	100.0	GU973626	*
D	6781	2	*	*	*	*	100.0	GU973820	*
D	6804	2	*	*	*	*	100.0	FN428914	*
D	6809	2	*	*	*	*	100.0	EU343837	*
D	6848	2	*	*	*	*	100.0	AF009814	*
D	6859	2	*	*	*	*	100.0	AY154932	*
D	6881	2	*	*	*	*	100.0	HM222951	*
D	6882	2	*	*	*	*	100.0	DQ272501	*
D	6985	2	*	*	*	*	100.0	EU696881	*
D	7069	2	*	*	*	*	100.0	HM132880	*
D	7080	2	*	*	*	*	100.0	GQ927293	*
D	7097	2	*	*	*	*	100.0	GU068592	*
D	7120	2	*	*	*	*	100.0	JQ711893	*
D	7126	2	*	*	*	*	100.0	EU218894	*
D	7153	2	*	*	*	*	100.0	HM103378	*
D	7160	2	*	*	*	*	100.0	JQ889276	*
D	7182	2	*	*	*	*	100.0	HM582179	*
D	7187	2	*	*	*	*	100.0	FJ000405	*
D	7205	2	*	*	*	*	100.0	GU827329	*
D	7210	2	*	*	*	*	100.0	EU514294	*
D	7226	2	*	*	*	*	100.0	AJ419216	*
D	7233	2	*	*	*	*	100.0	GU187522	*
D	7244	2	*	*	*	*	100.0	HM126486	*
D	7259	2	*	*	*	*	100.0	FN386289	*
D	7266	2	*	*	*	*	100.0	FJ430773	*
D	7272	3	*	*	*	*	100.0	GU565128	*
D	7278	2	*	*	*	*	100.0	GU992336	*
D	7281	2	*	*	*	*	100.0	FJ545232	*
D	7285	2	*	*	*	*	100.0	HM538474	*
D	7295	2	*	*	*	*	100.0	EU365847	*
D	7329	2	*	*	*	*	100.0	AY263428	*
D	7331	2	*	*	*	*	100.0	AY263434	*
D	7336	2	*	*	*	*	100.0	AY256855	*
D	7343	2	*	*	*	*	100.0	AY616700	*
D	7344	2	*	*	*	*	100.0	FN435732	*
D	7418	2	*	*	*	*	100.0	AF501548	*
D	7422	2	*	*	*	*	100.0	AF501564	*
D	7428	2	*	*	*	*	100.0	AF505747	*
D	7430	2	*	*	*	*	100.0	AF505749	*
D	7432	2	*	*	*	*	100.0	AF505754	*
D	7440	2	*	*	*	*	100.0	AF505766	*
D	7445	2	*	*	*	*	100.0	AF505772	*
D	7482	2	*	*	*	*	100.0	HM997126	*
D	7498	2	*	*	*	*	100.0	HM999911	*
D	7503	2	*	*	*	*	100.0	HQ157155	*
D	7525	2	*	*	*	*	100.0	EU343861	*
D	7526	2	*	*	*	*	100.0	DQ325461	*
D	7530	2	*	*	*	*	100.0	HM583842	*
D	7538	2	*	*	*	*	100.0	HQ117933	*
D	7553	3	*	*	*	*	100.0	GU067744	*
D	7556	2	*	*	*	*	100.0	EF016381	*
D	7559	2	*	*	*	*	100.0	GU234022	*
D	7613	2	*	*	*	*	100.0	HM467690	*
D	7640	2	*	*	*	*	100.0	HQ170519	*
D	7648	2	*	*	*	*	100.0	DQ777998	*
D	7665	2	*	*	*	*	100.0	HQ022487	*
D	7680	2	*	*	*	*	100.0	FJ639133	*
D	7689	2	*	*	*	*	100.0	FJ489612	*
D	7737	2	*	*	*	*	100.0	AY558746	*
D	7743	2	*	*	*	*	100.0	AJ272416	*
D	7759	2	*	*	*	*	100.0	HM770996	*
D	7789	2	*	*	*	*	100.0	EU400584	*
D	7791	2	*	*	*	*	100.0	HM856641	*
D	7792	2	*	*	*	*	100.0	GQ924691	*
D	7796	2	*	*	*	*	100.0	HM190068	*
D	7797	2	*	*	*	*	100.0	AJ889931	*
D	7814	2	*	*	*	*	100.0	HQ318229	*
D	7816	2	*	*	*	*	100.0	HQ318247	*
D	7830	2	*	*	*	*	100.0	FN394722	*
D	7834	2	*	*	*	*	100.0	AF009176	*
D	7846	2	*	*	*	*	100.0	HM562103	*
D	7849	2	*	*	*	*	100.0	HM562119	*
D	7854	2	*	*	*	*	100.0	HM562161	*
D	7861	2	*	*	*	*	100.0	AM286682	*
D	7884	2	*	*	*	*	100.0	HQ166380	*
D	7914	2	*	*	*	*	100.0	HQ283076	*
D	7923	2	*	*	*	*	100.0	HQ832804	*
D	7931	2	*	*	*	*	100.0	JQ711984	*
D	7945	2	*	*	*	*	100.0	HM161487	*
D	7946	2	*	*	*	*	100.0	FJ609268	*
D	7952	2	*	*	*	*	100.0	AB025694	*
D	7966	2	*	*	*	*	100.0	FJ237045	*
D	7978	2	*	*	*	*	100.0	HQ316566	*
D	7985	2	*	*	*	*	100.0	AF539471	*
D	8028	2	*	*	*	*	100.0	FN669198	*
D	8032	2	*	*	*	*	100.0	FN669232	*
D	8042	2	*	*	*	*	100.0	FN669175	*
D	8078	2	*	*	*	*	100.0	GU199417	*
D	8097	2	*	*	*	*	100.0	GU166438	*
D	8104	2	*	*	*	*	100.0	FJ904683	*
D	8179	2	*	*	*	*	100.0	HQ608055	*
D	8186	2	*	*	*	*	100.0	HQ608135	*
D	8206	2	*	*	*	*	100.0	HM639267	*
D	8218	2	*	*	*	*	100.0	AF511443	*
D	8230	2	*	*	*	*	100.0	FR687328	*
D	8247	2	*	*	*	*	100.0	AY669668	*
D	8279	2	*	*	*	*	100.0	HQ215832	*
D	8292	2	*	*	*	*	100.0	AB097560	*
D	8293	2	*	*	*	*	100.0	AB071799	*
D	8303	2	*	*	*	*	100.0	HQ413281	*
D	8311	2	*	*	*	*	100.0	HQ533010	*
D	8361	2	*	*	*	*	100.0	HQ260336	*
D	8366	2	*	*	*	*	100.0	HQ287333	*
D	8382	2	*	*	*	*	100.0	HQ604214	*
D	8404	2	*	*	*	*	100.0	HQ604625	*
D	8430	2	*	*	*	*	100.0	GQ250406	*
D	8436	2	*	*	*	*	100.0	HQ589217	*
D	8448	2	*	*	*	*	100.0	AY100658	*
D	8466	2	*	*	*	*	100.0	HM485409	*
D	8470	2	*	*	*	*	100.0	HM485428	*
D	8489	2	*	*	*	*	100.0	AY265335	*
D	8548	2	*	*	*	*	100.0	EU254963	*
D	8583	2	*	*	*	*	100.0	EF641875	*
D	8590	2	*	*	*	*	100.0	HQ660503	*
D	8592	2	*	*	*	*	100.0	AY513227	*
D	8597	2	*	*	*	*	100.0	AY046208	*
D	8632	2	*	*	*	*	100.0	HQ676138	*
D	8654	2	*	*	*	*	100.0	HQ650728	*
D	8655	2	*	*	*	*	100.0	HQ650731	*
D	8679	2	*	*	*	*	100.0	HQ599431	*
D	8681	2	*	*	*	*	100.0	HQ149045	*
D	8682	2	*	*	*	*	100.0	GU002301	*
D	8689	2	*	*	*	*	100.0	HQ450008	*
D	8700	2	*	*	*	*	100.0	EU833649	*
D	8739	2	*	*	*	*	100.0	HQ888729	*
D	8740	2	*	*	*	*	100.0	HQ888731	*
D	8743	2	*	*	*	*	100.0	HQ888735	*
D	8747	2	*	*	*	*	100.0	DQ836183	*
D	8753	2	*	*	*	*	100.0	HM534893	*
D	8775	2	*	*	*	*	100.0	AB113010	*
D	8789	2	*	*	*	*	100.0	AY243589	*
D	8811	2	*	*	*	*	100.0	AY313080	*
D	8821	2	*	*	*	*	100.0	HQ895838	*
D	8830	2	*	*	*	*	100.0	HQ833460	*
D	8840	2	*	*	*	*	100.0	AF439467	*
D	8846	2	*	*	*	*	100.0	AY174698	*
D	8891	2	*	*	*	*	100.0	GU979047	*
D	8938	2	*	*	*	*	100.0	AJ504641	*
D	8948	2	*	*	*	*	100.0	AF276677	*
D	8960	2	*	*	*	*	100.0	HQ846986	*
D	9007	2	*	*	*	*	100.0	AY558774	*
D	9019	2	*	*	*	*	100.0	HQ630316	*
D	9022	2	*	*	*	*	100.0	HQ630353	*
D	9024	2	*	*	*	*	100.0	HQ592190	*
D	9097	2	*	*	*	*	100.0	GU994572	*
D	9117	2	*	*	*	*	100.0	AF033399	*
D	9135	2	*	*	*	*	100.0	JF701735	*
D	9165	2	*	*	*	*	100.0	JF340250	*
D	9234	2	*	*	*	*	100.0	HQ655813	*
D	9237	2	*	*	*	*	100.0	DQ491517	*
D	9243	2	*	*	*	*	100.0	JF681970	*
D	9247	2	*	*	*	*	100.0	JF907933	*
D	9281	2	*	*	*	*	100.0	JF439468	*
D	9284	2	*	*	*	*	100.0	FJ791141	*
D	9285	2	*	*	*	*	100.0	JF439500	*
D	9286	2	*	*	*	*	100.0	JF439501	*
D	9297	2	*	*	*	*	100.0	JN942828	*
D	9301	2	*	*	*	*	100.0	HQ845174	*
D	9306	2	*	*	*	*	100.0	JF313715	*
D	9406	2	*	*	*	*	100.0	JF693336	*
D	9413	2	*	*	*	*	100.0	HQ441576	*
D	9430	2	*	*	*	*	100.0	HQ699626	*
D	9484	2	*	*	*	*	100.0	GQ368250	*
D	9503	2	*	*	*	*	100.0	FJ860787	*
D	9505	2	*	*	*	*	100.0	AF276676	*
D	9542	2	*	*	*	*	100.0	AF516565	*
D	9546	2	*	*	*	*	100.0	AF516570	*
D	9555	2	*	*	*	*	100.0	AF516594	*
D	9647	2	*	*	*	*	100.0	AJ410744	*
D	9655	2	*	*	*	*	100.0	AY217021	*
D	9773	2	*	*	*	*	100.0	HQ845057	*
D	9780	2	*	*	*	*	100.0	HM990168	*
D	9782	2	*	*	*	*	100.0	EU401713	*
D	9801	2	*	*	*	*	100.0	DQ001298	*
D	9804	3	*	*	*	*	100.0	JF923608	*
D	9808	2	*	*	*	*	100.0	FJ501572	*
D	9811	2	*	*	*	*	100.0	JF946759	*
D	9827	2	*	*	*	*	100.0	FR799216	*
D	9834	2	*	*	*	*	100.0	HQ650621	*
D	9860	2	*	*	*	*	100.0	HQ650696	*
D	9870	2	*	*	*	*	100.0	GQ118245	*
D	9917	2	*	*	*	*	100.0	FR799448	*
D	9925	2	*	*	*	*	100.0	AF309617	*
D	9927	2	*	*	*	*	100.0	JF951148	*
D	9955	2	*	*	*	*	100.0	AY347376	*
D	9956	2	*	*	*	*	100.0	AY347351	*
D	9960	2	*	*	*	*	100.0	GU067737	*
D	9981	2	*	*	*	*	100.0	HQ825145	*
D	10036	2	*	*	*	*	100.0	L36657	*
D	10055	2	*	*	*	*	100.0	JN194168	*
D	10066	2	*	*	*	*	100.0	JN194181	*
D	10086	2	*	*	*	*	100.0	HQ725080	*
D	10113	2	*	*	*	*	100.0	AY194541	*
D	10152	2	*	*	*	*	100.0	EF042612	*
D	10172	2	*	*	*	*	100.0	HQ693875	*
D	10193	2	*	*	*	*	100.0	JN053492	*
D	10218	2	*	*	*	*	100.0	JF263541	*
D	10236	2	*	*	*	*	100.0	JN225902	*
D	10246	2	*	*	*	*	100.0	JN225945	*
D	10247	2	*	*	*	*	100.0	JN225947	*
D	10255	2	*	*	*	*	100.0	JN182875	*
D	10261	2	*	*	*	*	100.0	FJ608589	*
D	10291	2	*	*	*	*	100.0	AY360401	*
D	10315	2	*	*	*	*	100.0	HQ905462	*
D	10336	2	*	*	*	*	100.0	EF569591	*
D	10356	2	*	*	*	*	100.0	JF439104	*
D	10363	2	*	*	*	*	100.0	JF439119	*
D	10376	2	*	*	*	*	100.0	JF439171	*
D	10429	2	*	*	*	*	100.0	JF907836	*
D	10437	2	*	*	*	*	100.0	JF907833	*
D	10451	2	*	*	*	*	100.0	FN669186	*
D	10479	2	*	*	*	*	100.0	FJ168588	*
D	10482	2	*	*	*	*	100.0	JF908084	*
D	10515	2	*	*	*	*	100.0	JF908235	*
D	10517	2	*	*	*	*	100.0	JF908248	*
D	10519	2	*	*	*	*	100.0	AF140254	*
D	10522	2	*	*	*	*	100.0	AF454590	*
D	10572	2	*	*	*	*	100.0	HM562069	*
D	10583	2	*	*	*	*	100.0	JF908712	*
D	10596	2	*	*	*	*	100.0	JF908764	*
D	10599	2	*	*	*	*	100.0	JF908768	*
D	10607	2	*	*	*	*	100.0	JF908762	*
D	10610	2	*	*	*	*	100.0	EU685112	*
D	10653	2	*	*	*	*	100.0	DQ084013	*
D	10673	2	*	*	*	*	100.0	AJ302443	*
D	10695	2	*	*	*	*	100.0	HQ850359	*
D	10722	2	*	*	*	*	100.0	GQ139521	*
D	10749	2	*	*	*	*	100.0	JF495043	*
D	10755	2	*	*	*	*	100.0	JF495066	*
D	10756	2	*	*	*	*	100.0	JF495067	*
D	10763	2	*	*	*	*	100.0	JN545760	*
D	10771	2	*	*	*	*	100.0	JN207242	*
D	10811	2	*	*	*	*	100.0	JN003237	*
D	10818	2	*	*	*	*	100.0	DQ317636	*
D	10856	2	*	*	*	*	100.0	JF796328	*
D	10873	2	*	*	*	*	100.0	AY303138	*
D	10895	2	*	*	*	*	100.0	HQ650610	*
D	10910	2	*	*	*	*	100.0	HE577801	*
D	10914	2	*	*	*	*	100.0	AY313295	*
D	10962	2	*	*	*	*	100.0	JN197292	*
D	10989	2	*	*	*	*	100.0	HQ406815	*
D	10996	2	*	*	*	*	100.0	GU183371	*
D	11025	2	*	*	*	*	100.0	DQ449983	*
D	11029	2	*	*	*	*	100.0	JN021538	*
D	11034	2	*	*	*	*	100.0	AY775701	*
D	11045	2	*	*	*	*	100.0	AY940425	*
D	11054	2	*	*	*	*	100.0	JF961365	*
D	11109	2	*	*	*	*	100.0	AY443531	*
D	11110	2	*	*	*	*	100.0	HE574654	*
D	11116	2	*	*	*	*	100.0	AY046157	*
D	11136	2	*	*	*	*	100.0	AY373924	*
D	11138	2	*	*	*	*	100.0	AF191175	*
D	11145	2	*	*	*	*	100.0	HQ201332	*
D	11159	2	*	*	*	*	100.0	FJ998179	*
D	11162	2	*	*	*	*	100.0	JN545789	*
D	11197	2	*	*	*	*	100.0	JN247812	*
D	11202	2	*	*	*	*	100.0	JN247818	*
D	11208	2	*	*	*	*	100.0	EF052276	*
D	11212	2	*	*	*	*	100.0	U57407	*
D	11255	2	*	*	*	*	100.0	HQ699639	*
D	11270	2	*	*	*	*	100.0	U51958	*
D	11275	2	*	*	*	*	100.0	JQ061140	*
D	11282	2	*	*	*	*	100.0	JN209853	*
D	11294	2	*	*	*	*	100.0	AF444436	*
D	11312	2	*	*	*	*	100.0	JN628154	*
D	11315	2	*	*	*	*	100.0	AJ586522	*
D	11317	2	*	*	*	*	100.0	DQ831013	*
D	11328	2	*	*	*	*	100.0	AB617739	*
D	11380	2	*	*	*	*	100.0	GQ852794	*
D	11392	2	*	*	*	*	100.0	JN885548	*
D	11400	2	*	*	*	*	100.0	JN943490	*
D	11422	2	*	*	*	*	100.0	JN943270	*
D	11435	2	*	*	*	*	100.0	EU149798	*
D	11436	2	*	*	*	*	100.0	GU934591	*
D	11444	2	*	*	*	*	100.0	JQ889273	*
D	11445	2	*	*	*	*	100.0	GU462142	*
D	11452	2	*	*	*	*	100.0	JN813385	*
D	11464	2	*	*	*	*	100.0	JN813413	*
D	11482	2	*	*	*	*	100.0	JN943381	*
D	11553	2	*	*	*	*	100.0	AF079718	*
D	11565	2	*	*	*	*	100.0	EU077564	*
D	11629	2	*	*	*	*	100.0	JN617690	*
D	11656	2	*	*	*	*	100.0	JQ317489	*
D	11694	2	*	*	*	*	100.0	AY345008	*
D	11702	2	*	*	*	*	100.0	EU244842	*
D	11705	2	*	*	*	*	100.0	U82454	*
D	11712	2	*	*	*	*	100.0	JN943282	*
D	11718	2	*	*	*	*	100.0	AF325582	*
D	11736	2	*	*	*	*	100.0	JN710512	*
D	11750	2	*	*	*	*	100.0	JN710545	*
D	11754	2	*	*	*	*	100.0	JN710558	*
D	11826	2	*	*	*	*	100.0	EU285555	*
D	11827	2	*	*	*	*	100.0	JQ347290	*
D	11835	2	*	*	*	*	100.0	EU266563	*
D	11845	2	*	*	*	*	100.0	JN392453	*
D	11855	2	*	*	*	*	100.0	AJ889955	*
D	11862	2	*	*	*	*	100.0	FN824495	*
D	11876	2	*	*	*	*	100.0	JQ246342	*
D	11891	2	*	*	*	*	100.0	AY102860	*
D	11896	2	*	*	*	*	100.0	AY219348	*
D	11918	2	*	*	*	*	100.0	AY174805	*
D	11924	2	*	*	*	*	100.0	AY669523	*
D	11949	2	*	*	*	*	100.0	AY194980	*
D	11990	2	*	*	*	*	100.0	AY176428	*
D	11991	2	*	*	*	*	100.0	AY176430	*
D	12002	2	*	*	*	*	100.0	AY254156	*
D	12013	2	*	*	*	*	100.0	GQ996577	*
D	12048	2	*	*	*	*	100.0	AJ518850	*
D	12064	2	*	*	*	*	100.0	AY456354	*
D	12069	2	*	*	*	*	100.0	AY456374	*
D	12071	2	*	*	*	*	100.0	AY456377	*
D	12077	2	*	*	*	*	100.0	AY450919	*
D	12111	2	*	*	*	*	100.0	AJ419186	*
D	12113	2	*	*	*	*	100.0	AJ419192	*
D	12131	2	*	*	*	*	100.0	AY425664	*
D	12144	2	*	*	*	*	100.0	AJ536575	*
D	12145	2	*	*	*	*	100.0	GQ280291	*
D	12180	2	*	*	*	*	100.0	AF444362	*
D	12189	2	*	*	*	*	100.0	DQ914676	*
D	12191	2	*	*	*	*	100.0	AY857532	*
D	12192	2	*	*	*	*	100.0	DQ449026	*
D	12205	2	*	*	*	*	100.0	AY452498	*
D	12211	2	*	*	*	*	100.0	AY436464	*
D	12224	2	*	*	*	*	100.0	AY462033	*
D	12237	2	*	*	*	*	100.0	AF059598	*
D	12241	2	*	*	*	*	100.0	AY498660	*
D	12265	2	*	*	*	*	100.0	EF409756	*
D	12268	2	*	*	*	*	100.0	AY534119	*
D	12282	2	*	*	*	*	100.0	AY555731	*
D	12292	2	*	*	*	*	100.0	AY569004	*
D	12305	2	*	*	*	*	100.0	EF514250	*
D	12306	2	*	*	*	*	100.0	AF046226	*
D	12320	2	*	*	*	*	100.0	AY513187	*
D	12326	2	*	*	*	*	100.0	FJ441043	*
D	12389	2	*	*	*	*	100.0	AY641432	*
D	12405	2	*	*	*	*	100.0	AY398710	*
D	12411	2	*	*	*	*	100.0	AY541275	*
D	12450	2	*	*	*	*	100.0	FJ770080	*
D	12461	2	*	*	*	*	100.0	AF058038	*
D	12477	2	*	*	*	*	100.0	AY562495	*
D	12483	2	*	*	*	*	100.0	EU834287	*
D	12490	2	*	*	*	*	100.0	AF071340	*
D	12503	2	*	*	*	*	100.0	AY571058	*
D	12536	2	*	*	*	*	100.0	AY611114	*
D	12556	2	*	*	*	*	100.0	AJ585506	*
D	12565	2	*	*	*	*	100.0	EU678415	*
D	12570	2	*	*	*	*	100.0	AF106527	*
D	12573	2	*	*	*	*	100.0	EU586332	*
D	12583	2	*	*	*	*	100.0	AY558743	*
D	12596	2	*	*	*	*	100.0	AY558769	*
D	12622	2	*	*	*	*	100.0	GU322444	*
D	12626	2	*	*	*	*	100.0	UDB000616	*
D	12631	2	*	*	*	*	100.0	AY606973	*
D	12644	2	*	*	*	*	100.0	AY737753	*
D	12679	2	*	*	*	*	100.0	AJ586528	*
D	12697	2	*	*	*	*	100.0	EU597073	*
D	12701	2	*	*	*	*	100.0	AB193713	*
D	12711	2	*	*	*	*	100.0	AF079584	*
D	12721	2	*	*	*	*	100.0	AB179774	*
D	12728	2	*	*	*	*	100.0	EU692761	*
D	12737	2	*	*	*	*	100.0	AB180364	*
D	12744	2	*	*	*	*	100.0	AY817135	*
D	12747	2	*	*	*	*	100.0	AY818350	*
D	12748	2	*	*	*	*	100.0	EU570173	*
D	12763	2	*	*	*	*	100.0	AB180682	*
D	12795	2	*	*	*	*	100.0	AY854067	*
D	12804	2	*	*	*	*	100.0	AY854082	*
D	12809	2	*	*	*	*	100.0	AJ698475	*
D	12859	2	*	*	*	*	100.0	EU056989	*
D	12873	2	*	*	*	*	100.0	AY669608	*
D	12879	2	*	*	*	*	100.0	AY669616	*
D	12910	2	*	*	*	*	100.0	AY872281	*
D	12924	2	*	*	*	*	100.0	AY885687	*
D	12925	2	*	*	*	*	100.0	AF026307	*
D	12933	2	*	*	*	*	100.0	AF169305	*
D	12941	2	*	*	*	*	100.0	AF161053	*
D	12969	2	*	*	*	*	100.0	EF093169	*
D	12980	2	*	*	*	*	100.0	AY789280	*
D	12984	2	*	*	*	*	100.0	AY789342	*
D	13015	2	*	*	*	*	100.0	AY853238	*
D	13052	2	*	*	*	*	100.0	AY860559	*
D	13061	2	*	*	*	*	100.0	AB211276	*
D	13071	2	*	*	*	*	100.0	DQ114744	*
D	13100	2	*	*	*	*	100.0	DQ001401	*
D	13112	2	*	*	*	*	100.0	DQ007029	*
D	13153	2	*	*	*	*	100.0	AY923257	*
D	13158	2	*	*	*	*	100.0	AY966450	*
D	13166	2	*	*	*	*	100.0	AJ307020	*
D	13184	2	*	*	*	*	100.0	AF193389	*
D	13192	2	*	*	*	*	100.0	EF413591	*
D	13206	2	*	*	*	*	100.0	DQ018091	*
D	13207	2	*	*	*	*	100.0	DQ018092	*
D	13214	2	*	*	*	*	100.0	AF210826	*
D	13229	2	*	*	*	*	100.0	AF170206	*
D	13232	2	*	*	*	*	100.0	AY998101	*
D	13237	2	*	*	*	*	100.0	FJ755858	*
D	13256	2	*	*	*	*	100.0	AF169199	*
D	13259	2	*	*	*	*	100.0	AB182266	*
D	13260	2	*	*	*	*	100.0	DQ008125	*
D	13270	2	*	*	*	*	100.0	AF097755	*
D	13276	2	*	*	*	*	100.0	AJ971406	*
D	13282	2	*	*	*	*	100.0	AY773446	*
D	13339	2	*	*	*	*	100.0	AY725521	*
D	13366	2	*	*	*	*	100.0	DQ019362	*
D	13376	2	*	*	*	*	100.0	DQ056364	*
D	13381	3	*	*	*	*	99.5	DQ083797	*
D	13382	3	*	*	*	*	100.0	DQ083782	*
D	13389	2	*	*	*	*	100.0	DQ083810	*
D	13402	2	*	*	*	*	100.0	DQ097886	*
D	13407	2	*	*	*	*	100.0	AB198705	*
D	13408	2	*	*	*	*	100.0	EF687955	*
D	13409	2	*	*	*	*	100.0	DQ104714	*
D	13410	2	*	*	*	*	100.0	DQ102396	*
D	13417	3	*	*	*	*	100.0	EU833665	*
D	13430	2	*	*	*	*	100.0	EF447347	*
D	13451	2	*	*	*	*	100.0	AF185692	*
D	13463	2	*	*	*	*	100.0	U21821	*
D	13470	2	*	*	*	*	100.0	AB022358	*
D	13509	2	*	*	*	*	100.0	EU913709	*
D	13537	2	*	*	*	*	100.0	DQ117457	*
D	13550	2	*	*	*	*	100.0	DQ195781	*
D	13598	2	*	*	*	*	100.0	DQ200925	*
D	13610	2	*	*	*	*	100.0	DQ182511	*
D	13614	2	*	*	*	*	100.0	DQ182531	*
D	13646	2	*	*	*	*	100.0	AF243133	*
D	13668	2	*	*	*	*	100.0	DQ234792	*
D	13674	2	*	*	*	*	100.0	AF210664	*
D	13707	2	*	*	*	*	100.0	AB026144	*
D	13712	2	*	*	*	*	100.0	DQ243789	*
D	13771	2	*	*	*	*	100.0	DQ241454	*
D	13785	2	*	*	*	*	100.0	DQ278937	*
D	13791	2	*	*	*	*	100.0	DQ278945	*
D	13818	2	*	*	*	*	100.0	DQ303097	*
D	13835	2	*	*	*	*	100.0	DQ320561	*
D	13849	2	*	*	*	*	100.0	DQ329367	*
D	13873	2	*	*	*	*	100.0	DQ328194	*
D	13881	2	*	*	*	*	100.0	DQ328168	*
D	13883	2	*	*	*	*	100.0	DQ328160	*
D	13889	2	*	*	*	*	100.0	DQ344510	*
D	13890	2	*	*	*	*	100.0	DQ344514	*
D	13904	2	*	*	*	*	100.0	AJ876897	*
D	13945	2	*	*	*	*	100.0	DQ365605	*
D	13949	2	*	*	*	*	100.0	DQ365611	*
D	13969	2	*	*	*	*	100.0	EU557325	*
D	13993	2	*	*	*	*	100.0	DQ366855	*
D	13994	2	*	*	*	*	100.0	DQ366856	*
D	14005	2	*	*	*	*	100.0	DQ374132	*
D	14020	2	*	*	*	*	100.0	EU248590	*
D	14029	2	*	*	*	*	100.0	AY613409	*
D	14036	2	*	*	*	*	100.0	DQ394396	*
D	14051	2	*	*	*	*	100.0	DQ389663	*
D	14065	2	*	*	*	*	100.0	DQ401144	*
D	14067	2	*	*	*	*	100.0	DQ399414	*
D	14099	2	*	*	*	*	100.0	DQ411529	*
D	14123	2	*	*	*	*	100.0	DQ421971	*
D	14155	2	*	*	*	*	100.0	DQ431177	*
D	14157	2	*	*	*	*	100.0	AM160616	*
D	14190	2	*	*	*	*	100.0	DQ453696	*
D	14201	2	*	*	*	*	100.0	AF083191	*
D	14218	2	*	*	*	*	100.0	DQ491515	*
D	14289	2	*	*	*	*	100.0	DQ485612	*
D	14347	2	*	*	*	*	100.0	FN386268	*
D	14348	2	*	*	*	*	100.0	DQ521417	*
D	14358	2	*	*	*	*	100.0	AB015681	*
D	14397	2	*	*	*	*	100.0	AB042227	*
D	14407	2	*	*	*	*	100.0	AB045707	*
D	14411	2	*	*	*	*	100.0	AB048616	*
D	14420	2	*	*	*	*	100.0	FJ494954	*
D	14423	2	*	*	*	*	100.0	GU001666	*
D	14424	2	*	*	*	*	100.0	AF444472	*
D	14425	2	*	*	*	*	100.0	AB054042	*
D	14427	2	*	*	*	*	100.0	AB054113	*
D	14432	2	*	*	*	*	100.0	GU062251	*
D	14448	2	*	*	*	*	100.0	GQ870342	*
D	14479	2	*	*	*	*	100.0	AF115730	*
D	14481	2	*	*	*	*	100.0	AB097398	*
D	14503	2	*	*	*	*	100.0	EU938595	*
D	14506	2	*	*	*	*	100.0	AY315788	*
D	14580	2	*	*	*	*	100.0	AB182326	*
D	14584	3	*	*	*	*	100.0	AB188132	*
D	14595	2	*	*	*	*	100.0	AB190398	*
D	14596	2	*	*	*	*	100.0	GU212389	*
D	14608	2	*	*	*	*	100.0	EU181456	*
D	14616	2	*	*	*	*	100.0	AB199604	*
D	14621	2	*	*	*	*	100.0	AB210074	*
D	14631	2	*	*	*	*	100.0	UDB001493	*
D	14647	2	*	*	*	*	100.0	AB238648	*
D	14657	2	*	*	*	*	100.0	DQ374649	*
D	14675	2	*	*	*	*	100.0	EF211126	*
D	14685	2	*	*	*	*	100.0	AB252468	*
D	14690	2	*	*	*	*	100.0	AB255280	*
D	14697	2	*	*	*	*	100.0	AB259860	*
D	14752	2	*	*	*	*	100.0	AB297798	*
D	14768	2	*	*	*	*	100.0	AB325679	*
D	14790	2	*	*	*	*	100.0	AB361028	*
D	14800	2	*	*	*	*	100.0	AF153726	*
D	14809	2	*	*	*	*	100.0	GQ376069	*
D	14816	2	*	*	*	*	100.0	AB375774	*
D	14841	2	*	*	*	*	100.0	AB453026	*
D	14844	2	*	*	*	*	100.0	AB453030	*
D	14849	2	*	*	*	*	100.0	AB454319	*
D	14856	2	*	*	*	*	100.0	AB458188	*
D	14859	2	*	*	*	*	100.0	AB459512	*
D	14882	2	*	*	*	*	100.0	FJ667264	*
D	14895	2	*	*	*	*	100.0	AB481254	*
D	14907	2	*	*	*	*	100.0	AB481281	*
D	14932	2	*	*	*	*	100.0	AB506801	*
D	14933	2	*	*	*	*	100.0	AB508840	*
D	15003	2	*	*	*	*	100.0	EF141543	*
D	15107	2	*	*	*	*	100.0	AB190394	*
D	15112	2	*	*	*	*	100.0	AJ919277	*
D	15122	2	*	*	*	*	100.0	AB524795	*
D	15125	2	*	*	*	*	100.0	AB524807	*
D	15140	2	*	*	*	*	100.0	EU927406	*
D	15177	2	*	*	*	*	100.0	AB553456	*
D	15202	2	*	*	*	*	100.0	AB594802	*
D	15203	2	*	*	*	*	100.0	GU244511	*
D	15216	2	*	*	*	*	100.0	FJ792587	*
D	15219	2	*	*	*	*	100.0	AB615442	*
D	15246	2	*	*	*	*	100.0	DQ407257	*
D	15256	2	*	*	*	*	100.0	AB682912	*
D	15301	2	*	*	*	*	100.0	DQ359697	*
D	15305	2	*	*	*	*	100.0	AF011309	*
D	15328	2	*	*	*	*	100.0	EF592151	*
D	15333	2	*	*	*	*	100.0	EF621935	*
D	15343	2	*	*	*	*	100.0	AF042453	*
D	15344	2	*	*	*	*	100.0	AF043476	*
D	15363	2	*	*	*	*	100.0	AF045874	*
D	15384	2	*	*	*	*	100.0	AF050261	*
D	15385	2	*	*	*	*	100.0	EU137266	*
D	15427	2	*	*	*	*	100.0	AF062816	*
D	15429	2	*	*	*	*	100.0	AF062933	*
D	15436	2	*	*	*	*	100.0	AY548802	*
D	15459	2	*	*	*	*	100.0	EU417866	*
D	15468	2	*	*	*	*	100.0	AF079682	*
D	15485	2	*	*	*	*	100.0	AF083207	*
D	15499	2	*	*	*	*	100.0	AF096207	*
D	15501	2	*	*	*	*	100.0	AF096982	*
D	15541	2	*	*	*	*	100.0	AF115758	*
D	15584	2	*	*	*	*	100.0	AF133182	*
D	15611	2	*	*	*	*	100.0	AF141369	*
D	15621	5	*	*	*	*	100.0	DQ658887	*
D	15642	2	*	*	*	*	100.0	AF163034	*
D	15666	2	*	*	*	*	100.0	AF178548	*
D	15681	2	*	*	*	*	100.0	AF182966	*
D	15691	2	*	*	*	*	100.0	AF191171	*
D	15703	2	*	*	*	*	100.0	AF193361	*
D	15714	2	*	*	*	*	100.0	AY672925	*
D	15717	2	*	*	*	*	100.0	AF201710	*
D	15724	2	*	*	*	*	100.0	FJ185303	*
D	15726	2	*	*	*	*	100.0	AF201720	*
D	15737	2	*	*	*	*	100.0	AF203799	*
D	15782	2	*	*	*	*	100.0	AF224357	*
D	15785	2	*	*	*	*	100.0	AF224362	*
D	15803	2	*	*	*	*	100.0	AF225432	*
D	15805	2	*	*	*	*	100.0	AF225441	*
D	15894	2	*	*	*	*	100.0	AF277035	*
D	15901	2	*	*	*	*	100.0	AF278752	*
D	15912	2	*	*	*	*	100.0	AF282077	*
D	15943	2	*	*	*	*	100.0	AF289063	*
D	15957	2	*	*	*	*	100.0	AF297666	*
D	15961	2	*	*	*	*	100.0	AF297962	*
D	15989	2	*	*	*	*	100.0	AF317347	*
D	16014	2	*	*	*	*	100.0	AF325666	*
D	16019	2	*	*	*	*	100.0	AF329174	*
D	16036	2	*	*	*	*	100.0	AF343319	*
D	16071	2	*	*	*	*	100.0	AF347699	*
D	16074	2	*	*	*	*	100.0	AF349708	*
D	16077	2	*	*	*	*	100.0	AF350057	*
D	16081	2	*	*	*	*	100.0	AF350067	*
D	16096	2	*	*	*	*	100.0	AF350309	*
D	16106	2	*	*	*	*	100.0	AF352316	*
D	16117	2	*	*	*	*	100.0	AF357032	*
D	16119	2	*	*	*	*	100.0	AF357037	*
D	16120	2	*	*	*	*	100.0	AF357038	*
D	16131	2	*	*	*	*	100.0	AF362062	*
D	16138	2	*	*	*	*	100.0	AF368270	*
D	16157	2	*	*	*	*	100.0	AF377075	*
D	16186	2	*	*	*	*	100.0	AF389135	*
D	16189	2	*	*	*	*	100.0	AF389195	*
D	16196	2	*	*	*	*	100.0	AF391038	*
D	16198	2	*	*	*	*	100.0	GQ203808	*
D	16201	2	*	*	*	*	100.0	EU707856	*
D	16253	2	*	*	*	*	100.0	AF413088	*
D	16255	2	*	*	*	*	100.0	AF413091	*
D	16258	2	*	*	*	*	100.0	AF418630	*
D	16268	2	*	*	*	*	100.0	AF422980	*
D	16281	2	*	*	*	*	100.0	GQ412728	*
D	16290	2	*	*	*	*	100.0	AF433154	*
D	16307	2	*	*	*	*	100.0	FJ545253	*
D	16317	2	*	*	*	*	100.0	AF444409	*
D	16372	2	*	*	*	*	100.0	AF451779	*
D	16455	2	*	*	*	*	100.0	AF462426	*
D	16474	2	*	*	*	*	100.0	AY083202	*
D	16492	2	*	*	*	*	100.0	AF485069	*
D	16493	2	*	*	*	*	100.0	AF485072	*
D	16494	2	*	*	*	*	100.0	AF485075	*
D	16499	2	*	*	*	*	100.0	AF486131	*
D	16505	2	*	*	*	*	100.0	AF490396	*
D	16512	2	*	*	*	*	100.0	AF492078	*
D	16522	2	*	*	*	*	100.0	EF493276	*
D	16525	2	*	*	*	*	100.0	AF501567	*
D	16531	2	*	*	*	*	100.0	HQ339880	*
D	16580	2	*	*	*	*	100.0	AF506472	*
D	16617	2	*	*	*	*	100.0	AF517899	*
D	16654	2	*	*	*	*	100.0	GU247155	*
D	16675	2	*	*	*	*	100.0	AY781269	*
D	16680	2	*	*	*	*	100.0	AJ006683	*
D	16684	2	*	*	*	*	100.0	AJ007842	*
D	16691	2	*	*	*	*	100.0	AJ010030	*
D	16694	2	*	*	*	*	100.0	AJ012298	*
D	16700	2	*	*	*	*	100.0	AJ131689	*
D	16715	2	*	*	*	*	100.0	AJ223031	*
D	16741	2	*	*	*	*	100.0	AJ244240	*
D	16743	2	*	*	*	*	100.0	FJ000399	*
D	16750	2	*	*	*	*	100.0	AY128700	*
D	16776	2	*	*	*	*	100.0	FJ479802	*
D	16809	2	*	*	*	*	100.0	AJ271628	*
D	16813	2	*	*	*	*	100.0	FM205646	*
D	16820	2	*	*	*	*	100.0	AJ292290	*
D	16833	2	*	*	*	*	100.0	AJ293879	*
D	16849	2	*	*	*	*	100.0	AJ301901	*
D	16853	2	*	*	*	*	100.0	EU822805	*
D	16858	2	*	*	*	*	100.0	FJ539187	*
D	16867	2	*	*	*	*	100.0	AJ302462	*
D	16869	2	*	*	*	*	100.0	AJ302467	*
D	16875	2	*	*	*	*	100.0	AJ309333	*
D	16891	2	*	*	*	*	100.0	EF393622	*
D	16894	2	*	*	*	*	100.0	AJ315825	*
D	16907	2	*	*	*	*	100.0	AF479651	*
D	16923	2	*	*	*	*	100.0	AJ390418	*
D	16939	2	*	*	*	*	100.0	AJ410782	*
D	16957	2	*	*	*	*	100.0	AF532168	*
D	16977	2	*	*	*	*	100.0	AJ439433	*
D	16986	2	*	*	*	*	100.0	AJ458187	*
D	16992	2	*	*	*	*	100.0	AF229194	*
D	16993	2	*	*	*	*	100.0	AJ458286	*
D	17028	2	*	*	*	*	100.0	AJ534259	*
D	17064	2	*	*	*	*	100.0	AJ555510	*
D	17074	2	*	*	*	*	100.0	AJ557745	*
D	17075	2	*	*	*	*	100.0	AJ557748	*
D	17081	2	*	*	*	*	100.0	AJ567739	*
D	17091	2	*	*	*	*	100.0	AJ585431	*
D	17113	2	*	*	*	*	100.0	AJ605997	*
D	17134	2	*	*	*	*	100.0	DQ782840	*
D	17150	2	*	*	*	*	100.0	AJ849467	*
D	17174	2	*	*	*	*	100.0	EU484295	*
D	17191	2	*	*	*	*	100.0	AJ887992	*
D	17197	2	*	*	*	*	100.0	AY228115	*
D	17202	2	*	*	*	*	100.0	EU862227	*
D	17218	2	*	*	*	*	100.0	UDB000984	*
D	17244	2	*	*	*	*	100.0	FJ228185	*
D	17264	2	*	*	*	*	100.0	AM159634	*
D	17268	2	*	*	*	*	100.0	AM160627	*
D	17291	2	*	*	*	*	100.0	AM262416	*
D	17297	2	*	*	*	*	100.0	AM263356	*
D	17309	2	*	*	*	*	100.0	AM269787	*
D	17316	2	*	*	*	*	100.0	AM279267	*
D	17349	2	*	*	*	*	100.0	AM292829	*
D	17397	2	*	*	*	*	100.0	AM697883	*
D	17401	2	*	*	*	*	100.0	AM712260	*
D	17409	2	*	*	*	*	100.0	AM743193	*
D	17426	2	*	*	*	*	100.0	AM882731	*
D	17454	2	*	*	*	*	100.0	AM882872	*
D	17473	2	*	*	*	*	100.0	AM882967	*
D	17496	2	*	*	*	*	100.0	JN040503	*
D	17499	2	*	*	*	*	100.0	AJ534277	*
D	17528	2	*	*	*	*	100.0	AM931252	*
D	17538	2	*	*	*	*	100.0	AM947103	*
D	17541	2	*	*	*	*	100.0	AJ504632	*
D	17557	2	*	*	*	*	100.0	AY004778	*
D	17564	2	*	*	*	*	100.0	AY004806	*
D	17611	2	*	*	*	*	100.0	AY061672	*
D	17682	2	*	*	*	*	100.0	AY144560	*
D	17686	2	*	*	*	*	100.0	AF229473	*
D	17697	2	*	*	*	*	100.0	AM992155	*
D	17703	2	*	*	*	*	100.0	AY173380	*
D	17738	2	*	*	*	*	100.0	AY176479	*
D	17742	2	*	*	*	*	100.0	AY176483	*
D	17757	2	*	*	*	*	100.0	DQ008135	*
D	17785	2	*	*	*	*	100.0	FJ000361	*
D	17786	2	*	*	*	*	100.0	AY204625	*
D	17813	2	*	*	*	*	100.0	EU840557	*
D	17838	2	*	*	*	*	100.0	AY219390	*
D	17848	2	*	*	*	*	100.0	AY225493	*
D	17861	2	*	*	*	*	100.0	AY237209	*
D	17866	2	*	*	*	*	100.0	AY239218	*
D	17891	2	*	*	*	*	100.0	AY251310	*
D	17917	2	*	*	*	*	100.0	FJ708913	*
D	17981	2	*	*	*	*	100.0	AY313273	*
D	17990	2	*	*	*	*	100.0	FJ185308	*
D	17994	2	*	*	*	*	100.0	AY322494	*
D	18000	2	*	*	*	*	100.0	GQ221843	*
D	18032	2	*	*	*	*	100.0	AY344980	*
D	18038	2	*	*	*	*	100.0	AY344988	*
D	18041	2	*	*	*	*	100.0	AY344995	*
D	18044	2	*	*	*	*	100.0	AY347320	*
D	18047	2	*	*	*	*	100.0	AY347328	*
D	18049	2	*	*	*	*	100.0	AY347334	*
D	18058	2	*	*	*	*	100.0	AY348705	*
D	18077	2	*	*	*	*	100.0	AY366234	*
D	18080	2	*	*	*	*	100.0	AY367606	*
D	18085	2	*	*	*	*	100.0	AY373266	*
D	18109	2	*	*	*	*	100.0	EU915446	*
D	18152	2	*	*	*	*	100.0	AY456372	*
D	18155	2	*	*	*	*	100.0	AY456336	*
D	18163	2	*	*	*	*	100.0	AY461840	*
D	18197	2	*	*	*	*	100.0	AY487563	*
D	18218	2	*	*	*	*	100.0	AY509551	*
D	18234	2	*	*	*	*	100.0	AY513226	*
D	18244	2	*	*	*	*	100.0	AY514636	*
D	18245	2	*	*	*	*	100.0	AY514637	*
D	18267	2	*	*	*	*	100.0	GU136204	*
D	18279	2	*	*	*	*	100.0	AY532651	*
D	18337	2	*	*	*	*	100.0	AY571028	*
D	18344	2	*	*	*	*	100.0	AY571044	*
D	18368	2	*	*	*	*	100.0	AY581095	*
D	18378	2	*	*	*	*	100.0	GU222326	*
D	18396	2	*	*	*	*	100.0	AY599570	*
D	18422	2	*	*	*	*	100.0	AY613914	*
D	18428	2	*	*	*	*	100.0	AY618225	*
D	18435	2	*	*	*	*	100.0	GU199446	*
D	18445	2	*	*	*	*	100.0	AY622784	*
D	18455	2	*	*	*	*	100.0	AY629423	*
D	18474	2	*	*	*	*	100.0	AY645663	*
D	18490	2	*	*	*	*	100.0	AY665171	*
D	18514	4	*	*	*	*	100.0	FJ039565	*
D	18539	2	*	*	*	*	100.0	FJ958330	*
D	18547	2	*	*	*	*	100.0	AY558788	*
D	18571	2	*	*	*	*	100.0	AY740038	*
D	18654	2	*	*	*	*	100.0	AY756466	*
D	18671	2	*	*	*	*	100.0	AY756489	*
D	18702	2	*	*	*	*	100.0	FJ860816	*
D	18716	2	*	*	*	*	100.0	AY789311	*
D	18732	2	*	*	*	*	100.0	AY789416	*
D	18752	2	*	*	*	*	100.0	AY795878	*
D	18757	2	*	*	*	*	100.0	AY805586	*
D	18764	2	*	*	*	*	100.0	FJ845447	*
D	18767	2	*	*	*	*	100.0	AY826763	*
D	18768	2	*	*	*	*	100.0	AY830851	*
D	18786	2	*	*	*	*	100.0	AY854089	*
D	18787	2	*	*	*	*	100.0	AY857238	*
D	18841	2	*	*	*	*	100.0	AY916456	*
D	18848	2	*	*	*	*	100.0	AY916467	*
D	18852	2	*	*	*	*	100.0	AY916477	*
D	18883	3	*	*	*	*	100.0	GU056168	*
D	18904	2	*	*	*	*	100.0	AY943045	*
D	18920	2	*	*	*	*	100.0	DQ328212	*
D	18924	2	*	*	*	*	100.0	FJ469916	*
D	18949	2	*	*	*	*	100.0	AY986498	*
D	18992	2	*	*	*	*	100.0	AY046180	*
D	18999	2	*	*	*	*	100.0	DQ001274	*
D	19002	2	*	*	*	*	100.0	DQ001278	*
D	19010	2	*	*	*	*	100.0	DQ001297	*
D	19024	2	*	*	*	*	100.0	DQ019400	*
D	19033	2	*	*	*	*	100.0	DQ026243	*
D	19044	2	*	*	*	*	100.0	DQ019351	*
D	19066	2	*	*	*	*	100.0	AY805562	*
D	19087	2	*	*	*	*	100.0	DQ084016	*
D	19095	2	*	*	*	*	100.0	DQ092541	*
D	19116	2	*	*	*	*	100.0	DQ097871	*
D	19138	2	*	*	*	*	100.0	FJ713069	*
D	19185	2	*	*	*	*	100.0	EF105416	*
D	19226	2	*	*	*	*	100.0	DQ206860	*
D	19229	2	*	*	*	*	100.0	DQ218286	*
D	19237	2	*	*	*	*	100.0	GQ120969	*
D	19241	2	*	*	*	*	100.0	DQ233665	*
D	19247	2	*	*	*	*	100.0	DQ235667	*
D	19249	2	*	*	*	*	100.0	FJ799938	*
D	19269	2	*	*	*	*	100.0	DQ241774	*
D	19282	2	*	*	*	*	100.0	DQ257353	*
D	19305	2	*	*	*	*	100.0	DQ279482	*
D	19307	2	*	*	*	*	100.0	DQ279485	*
D	19308	2	*	*	*	*	100.0	DQ279486	*
D	19325	2	*	*	*	*	100.0	AY611076	*
D	19327	2	*	*	*	*	100.0	DQ279510	*
D	19329	2	*	*	*	*	100.0	DQ279528	*
D	19367	2	*	*	*	*	100.0	AF377157	*
D	19400	2	*	*	*	*	100.0	DQ328201	*
D	19420	2	*	*	*	*	100.0	DQ337320	*
D	19421	2	*	*	*	*	100.0	DQ337321	*
D	19435	2	*	*	*	*	100.0	DQ340333	*
D	19449	2	*	*	*	*	100.0	DQ354516	*
D	19469	2	*	*	*	*	100.0	DQ367904	*
D	19483	2	*	*	*	*	100.0	DQ384587	*
D	19488	2	*	*	*	*	100.0	EU126026	*
D	19495	2	*	*	*	*	100.0	DQ389727	*
D	19534	2	*	*	*	*	100.0	DQ400144	*
D	19546	2	*	*	*	*	100.0	DQ401566	*
D	19559	2	*	*	*	*	100.0	DQ407261	*
D	19575	2	*	*	*	*	100.0	DQ431167	*
D	19601	2	*	*	*	*	100.0	AY874150	*
D	19652	2	*	*	*	*	100.0	AY349123	*
D	19654	2	*	*	*	*	100.0	AY485731	*
D	19676	2	*	*	*	*	100.0	FJ614625	*
D	19695	2	*	*	*	*	100.0	DQ491497	*
D	19710	2	*	*	*	*	100.0	DQ494422	*
D	19724	2	*	*	*	*	100.0	DQ512889	*
D	19728	2	*	*	*	*	100.0	JQ711864	*
D	19744	2	*	*	*	*	100.0	DQ525528	*
D	19747	2	*	*	*	*	100.0	DQ528789	*
D	19798	2	*	*	*	*	100.0	EU846262	*
D	19823	2	*	*	*	*	100.0	DQ660906	*
D	19870	2	*	*	*	*	100.0	DQ780374	*
D	19902	2	*	*	*	*	100.0	DQ826550	*
D	19914	2	*	*	*	*	100.0	DQ834414	*
D	19953	2	*	*	*	*	100.0	DQ860789	*
D	19954	2	*	*	*	*	100.0	DQ860824	*
D	19966	2	*	*	*	*	100.0	EU030349	*
D	19972	2	*	*	*	*	100.0	DQ872669	*
D	19988	2	*	*	*	*	100.0	DQ875351	*
D	20004	2	*	*	*	*	100.0	DQ890026	*
D	20028	2	*	*	*	*	100.0	DQ914662	*
D	20055	2	*	*	*	*	100.0	GQ159771	*
D	20066	2	*	*	*	*	100.0	DQ974770	*
D	20073	2	*	*	*	*	100.0	Z96988	*
D	20081	2	*	*	*	*	100.0	AY228121	*
D	20141	2	*	*	*	*	100.0	EF026136	*
D	20156	2	*	*	*	*	100.0	EF029196	*
D	20157	2	*	*	*	*	100.0	EF029198	*
D	20162	2	*	*	*	*	100.0	EF029206	*
D	20171	2	*	*	*	*	100.0	EF029239	*
D	20181	2	*	*	*	*	100.0	AF230897	*
D	20186	2	*	*	*	*	100.0	EF052279	*
D	20189	2	*	*	*	*	100.0	DQ914685	*
D	20236	2	*	*	*	*	100.0	EF090925	*
D	20241	2	*	*	*	*	100.0	EF091828	*
D	20304	2	*	*	*	*	100.0	EF121859	*
D	20327	2	*	*	*	*	100.0	EF155502	*
D	20341	2	*	*	*	*	100.0	EF175514	*
D	20342	2	*	*	*	*	100.0	EF175515	*
D	20365	2	*	*	*	*	100.0	EF179801	*
D	20369	2	*	*	*	*	100.0	DQ681362	*
D	20370	2	*	*	*	*	100.0	EU409588	*
D	20394	2	*	*	*	*	100.0	GU327641	*
D	20422	2	*	*	*	*	100.0	EF369491	*
D	20423	2	*	*	*	*	100.0	EF369521	*
D	20434	2	*	*	*	*	100.0	EF392535	*
D	20438	2	*	*	*	*	100.0	EF394833	*
D	20443	2	*	*	*	*	100.0	EF394856	*
D	20456	2	*	*	*	*	100.0	DQ974783	*
D	20459	2	*	*	*	*	100.0	AY624200	*
D	20466	2	*	*	*	*	100.0	FJ487914	*
D	20471	2	*	*	*	*	100.0	AF491556	*
D	20477	2	*	*	*	*	100.0	EF421235	*
D	20485	2	*	*	*	*	100.0	EF423622	*
D	20494	2	*	*	*	*	100.0	AY805569	*
D	20505	2	*	*	*	*	100.0	EF447377	*
D	20513	2	*	*	*	*	100.0	EF456775	*
D	20523	2	*	*	*	*	100.0	EF469155	*
D	20525	2	*	*	*	*	100.0	EF469157	*
D	20537	2	*	*	*	*	100.0	EF493254	*
D	20541	2	*	*	*	*	100.0	EF495097	*
D	20627	2	*	*	*	*	100.0	EF591927	*
D	20637	2	*	*	*	*	100.0	EU045430	*
D	20638	2	*	*	*	*	100.0	EF583818	*
D	20650	2	*	*	*	*	100.0	FJ357156	*
D	20662	2	*	*	*	*	100.0	EF600953	*
D	20673	2	*	*	*	*	100.0	EF619576	*
D	20703	2	*	*	*	*	100.0	EF631622	*
D	20704	2	*	*	*	*	100.0	FJ428243	*
D	20757	2	*	*	*	*	100.0	EF669715	*
D	20768	2	*	*	*	*	100.0	EF672324	*
D	20826	2	*	*	*	*	100.0	EU021615	*
D	20842	2	*	*	*	*	100.0	EU137329	*
D	20858	2	*	*	*	*	100.0	FJ903336	*
D	20866	2	*	*	*	*	100.0	EU040230	*
D	20872	2	*	*	*	*	100.0	EU041786	*
D	20883	2	*	*	*	*	100.0	EU041804	*
D	20885	2	*	*	*	*	100.0	EU041807	*
D	20896	2	*	*	*	*	100.0	EU045435	*
D	20897	2	*	*	*	*	100.0	EU045432	*
D	20910	2	*	*	*	*	100.0	EU057047	*
D	20917	2	*	*	*	*	100.0	EU057078	*
D	20987	2	*	*	*	*	100.0	EU118608	*
D	20996	2	*	*	*	*	100.0	EU118644	*
D	21002	2	*	*	*	*	100.0	EU118654	*
D	21017	2	*	*	*	*	100.0	EU118826	*
D	21018	2	*	*	*	*	100.0	EU131540	*
D	21051	2	*	*	*	*	100.0	EU142904	*
D	21067	2	*	*	*	*	100.0	EU149923	*
D	21085	2	*	*	*	*	100.0	EU179867	*
D	21090	2	*	*	*	*	100.0	EU186405	*
D	21091	2	*	*	*	*	100.0	EU186406	*
D	21097	2	*	*	*	*	100.0	EU192156	*
D	21124	2	*	*	*	*	100.0	EU246950	*
D	21126	2	*	*	*	*	100.0	EU249476	*
D	21134	2	*	*	*	*	100.0	EU254782	*
D	21135	2	*	*	*	*	100.0	EU254785	*
D	21139	2	*	*	*	*	100.0	FJ917745	*
D	21155	2	*	*	*	*	100.0	EU259901	*
D	21174	2	*	*	*	*	100.0	EU266558	*
D	21179	2	*	*	*	*	100.0	EU266634	*
D	21195	2	*	*	*	*	100.0	EF513758	*
D	21213	2	*	*	*	*	100.0	FJ914680	*
D	21214	2	*	*	*	*	100.0	FJ792586	*
D	21233	2	*	*	*	*	100.0	EU326458	*
D	21240	2	*	*	*	*	100.0	EU326479	*
D	21241	2	*	*	*	*	100.0	EU326695	*
D	21243	2	*	*	*	*	100.0	EU327036	*
D	21254	2	*	*	*	*	100.0	EU330636	*
D	21324	2	*	*	*	*	100.0	EU402556	*
D	21340	2	*	*	*	*	100.0	GQ505758	*
D	21395	2	*	*	*	*	100.0	FJ210537	*
D	21407	2	*	*	*	*	100.0	EU514699	*
D	21411	2	*	*	*	*	100.0	FJ025180	*
D	21443	2	*	*	*	*	100.0	FJ919673	*
D	21447	2	*	*	*	*	100.0	EU520193	*
D	21451	2	*	*	*	*	100.0	EU520212	*
D	21475	2	*	*	*	*	100.0	EU541484	*
D	21488	2	*	*	*	*	100.0	EU707892	*
D	21496	2	*	*	*	*	100.0	EU552143	*
D	21516	2	*	*	*	*	100.0	EU697681	*
D	21517	2	*	*	*	*	100.0	EU559735	*
D	21518	2	*	*	*	*	100.0	EU553519	*
D	21558	2	*	*	*	*	100.0	EU871507	*
D	21590	2	*	*	*	*	100.0	EU563398	*
D	21659	2	*	*	*	*	100.0	EU620164	*
D	21671	2	*	*	*	*	100.0	FJ233190	*
D	21693	2	*	*	*	*	100.0	EU627604	*
D	21715	2	*	*	*	*	100.0	EU644708	*
D	21720	2	*	*	*	*	100.0	GQ159763	*
D	21758	2	*	*	*	*	100.0	UDB003303	*
D	21761	2	*	*	*	*	100.0	EU669307	*
D	21791	2	*	*	*	*	100.0	EU670215	*
D	21807	2	*	*	*	*	100.0	EU681293	*
D	21811	2	*	*	*	*	100.0	EU681306	*
D	21832	2	*	*	*	*	100.0	EU781677	*
D	21909	2	*	*	*	*	100.0	EU714414	*
D	21910	2	*	*	*	*	100.0	EU715636	*
D	21912	2	*	*	*	*	100.0	EU715665	*
D	21918	2	*	*	*	*	100.0	EU715685	*
D	21927	2	*	*	*	*	100.0	EU718102	*
D	21933	2	*	*	*	*	100.0	EU718108	*
D	21942	2	*	*	*	*	100.0	EU721724	*
D	21943	2	*	*	*	*	100.0	EU721707	*
D	21953	2	*	*	*	*	100.0	FJ355955	*
D	21959	2	*	*	*	*	100.0	EU035802	*
D	21979	2	*	*	*	*	100.0	EU784203	*
D	22000	2	*	*	*	*	100.0	EU784278	*
D	22025	2	*	*	*	*	100.0	EU784379	*
D	22061	2	*	*	*	*	100.0	EU816583	*
D	22080	2	*	*	*	*	100.0	EU819540	*
D	22081	2	*	*	*	*	100.0	EU819541	*
D	22082	2	*	*	*	*	100.0	EU821483	*
D	22095	2	*	*	*	*	100.0	EU825201	*
D	22116	2	*	*	*	*	100.0	EU833651	*
D	22118	2	*	*	*	*	100.0	EU833661	*
D	22123	2	*	*	*	*	100.0	EU834214	*
D	22137	2	*	*	*	*	100.0	GQ165700	*
D	22160	2	*	*	*	*	100.0	EU860056	*
D	22169	2	*	*	*	*	100.0	EU870688	*
D	22210	2	*	*	*	*	100.0	JQ711842	*
D	22257	2	*	*	*	*	100.0	EU935532	*
D	22261	2	*	*	*	*	100.0	EU935538	*
D	22272	2	*	*	*	*	100.0	EU940163	*
D	22293	2	*	*	*	*	100.0	AJ567771	*
D	22294	2	*	*	*	*	100.0	EF989108	*
D	22303	2	*	*	*	*	100.0	FJ010207	*
D	22321	2	*	*	*	*	100.0	FJ489869	*
D	22368	2	*	*	*	*	100.0	AY750159	*
D	22369	3	*	*	*	*	100.0	U56074	*
D	22388	2	*	*	*	*	100.0	FJ167663	*
D	22408	2	*	*	*	*	100.0	GQ293950	*
D	22413	2	*	*	*	*	100.0	FJ172528	*
D	22422	2	*	*	*	*	100.0	FJ178363	*
D	22423	2	*	*	*	*	100.0	FJ179153	*
D	22443	2	*	*	*	*	100.0	FJ196772	*
D	22453	2	*	*	*	*	100.0	FJ196791	*
D	22497	2	*	*	*	*	100.0	DQ179127	*
D	22514	2	*	*	*	*	100.0	FJ228177	*
D	22522	2	*	*	*	*	100.0	FJ232937	*
D	22529	2	*	*	*	*	100.0	FJ235149	*
D	22538	2	*	*	*	*	100.0	FJ265759	*
D	22596	2	*	*	*	*	100.0	FJ403209	*
D	22599	2	*	*	*	*	100.0	FJ403212	*
D	22605	2	*	*	*	*	100.0	FJ411100	*
D	22615	2	*	*	*	*	100.0	FJ808753	*
D	22616	2	*	*	*	*	100.0	FJ425198	*
D	22618	2	*	*	*	*	100.0	FJ425205	*
D	22621	2	*	*	*	*	100.0	AB274815	*
D	22650	2	*	*	*	*	100.0	FJ431244	*
D	22678	2	*	*	*	*	100.0	FJ438390	*
D	22694	2	*	*	*	*	100.0	FJ441625	*
D	22721	3	*	*	*	*	100.0	FJ467354	*
D	22738	2	*	*	*	*	100.0	FJ480437	*
D	22741	2	*	*	*	*	100.0	FJ480444	*
D	22750	2	*	*	*	*	100.0	FJ481032	*
D	22752	2	*	*	*	*	100.0	FJ481050	*
D	22759	2	*	*	*	*	100.0	FJ487931	*
D	22789	2	*	*	*	*	100.0	FJ494949	*
D	22843	2	*	*	*	*	100.0	EU644081	*
D	22854	2	*	*	*	*	100.0	EF458018	*
D	22863	2	*	*	*	*	100.0	EF658756	*
D	22883	2	*	*	*	*	100.0	AY194554	*
D	22890	2	*	*	*	*	100.0	FJ596770	*
D	22897	2	*	*	*	*	100.0	FJ596861	*
D	22900	2	*	*	*	*	100.0	FJ596869	*
D	22931	2	*	*	*	*	100.0	GU292816	*
D	22935	2	*	*	*	*	100.0	EF423531	*
D	22939	2	*	*	*	*	100.0	AB255278	*
D	22981	2	*	*	*	*	100.0	FJ629334	*
D	22992	2	*	*	*	*	100.0	FJ644289	*
D	22999	2	*	*	*	*	100.0	FJ648577	*
D	23060	2	*	*	*	*	100.0	GQ342876	*
D	23074	2	*	*	*	*	100.0	FJ755267	*
D	23079	2	*	*	*	*	100.0	FJ770079	*
D	23151	2	*	*	*	*	100.0	FJ770394	*
D	23162	2	*	*	*	*	100.0	FJ788412	*
D	23166	2	*	*	*	*	100.0	FJ789622	*
D	23175	2	*	*	*	*	100.0	EU821482	*
D	23182	2	*	*	*	*	100.0	FJ798595	*
D	23197	2	*	*	*	*	100.0	JQ711805	*
D	23198	2	*	*	*	*	100.0	GQ397994	*
D	23207	2	*	*	*	*	100.0	FJ810131	*
D	23255	2	*	*	*	*	100.0	JN995639	*
D	23277	2	*	*	*	*	100.0	FJ839637	*
D	23313	2	*	*	*	*	100.0	FJ859339	*
D	23316	2	*	*	*	*	100.0	FJ860842	*
D	23317	2	*	*	*	*	100.0	FJ860760	*
D	23320	2	*	*	*	*	100.0	FJ860774	*
D	23338	2	*	*	*	*	100.0	FJ869342	*
D	23369	2	*	*	*	*	100.0	FJ873575	*
D	23384	2	*	*	*	*	100.0	FJ876176	*
D	23386	2	*	*	*	*	100.0	EF493288	*
D	23429	2	*	*	*	*	100.0	FJ903315	*
D	23438	2	*	*	*	*	100.0	FJ903312	*
D	23440	2	*	*	*	*	100.0	FJ903370	*
D	23454	2	*	*	*	*	100.0	FJ904496	*
D	23463	2	*	*	*	*	100.0	FJ904962	*
D	23471	2	*	*	*	*	100.0	FJ907537	*
D	23474	2	*	*	*	*	100.0	FJ911882	*
D	23492	2	*	*	*	*	100.0	HQ604830	*
D	23493	2	*	*	*	*	100.0	FJ948130	*
D	23494	2	*	*	*	*	100.0	AF079701	*
D	23498	2	*	*	*	*	100.0	FJ969801	*
D	23530	2	*	*	*	*	100.0	EU343808	*
D	23531	2	*	*	*	*	100.0	EU343818	*
D	23542	2	*	*	*	*	100.0	FM180034	*
D	23544	2	*	*	*	*	100.0	FM199957	*
D	23548	2	*	*	*	*	100.0	FJ228203	*
D	23560	2	*	*	*	*	100.0	FM205659	*
D	23566	2	*	*	*	*	100.0	FM206457	*
D	23571	2	*	*	*	*	100.0	FM209449	*
D	23580	2	*	*	*	*	100.0	AF444551	*
D	23584	2	*	*	*	*	100.0	FM865599	*
D	23590	2	*	*	*	*	100.0	AJ890366	*
D	23606	2	*	*	*	*	100.0	GQ922544	*
D	23611	2	*	*	*	*	100.0	FM992388	*
D	23646	2	*	*	*	*	100.0	FJ231019	*
D	23652	2	*	*	*	*	100.0	FJ609213	*
D	23664	2	*	*	*	*	100.0	FN396118	*
D	23695	2	*	*	*	*	100.0	FN428877	*
D	23699	2	*	*	*	*	100.0	FN428895	*
D	23701	2	*	*	*	*	100.0	AY074904	*
D	23709	2	*	*	*	*	100.0	FN435648	*
D	23715	2	*	*	*	*	100.0	FN435666	*
D	23728	2	*	*	*	*	100.0	EF155513	*
D	23749	2	*	*	*	*	100.0	FN547612	*
D	23781	2	*	*	*	*	100.0	FN554897	*
D	23795	2	*	*	*	*	100.0	FN598959	*
D	23796	2	*	*	*	*	100.0	FN600644	*
D	23798	2	*	*	*	*	100.0	AY061710	*
D	23803	2	*	*	*	*	100.0	FJ769289	*
D	23841	2	*	*	*	*	100.0	FN826905	*
D	23844	2	*	*	*	*	100.0	FN868452	*
D	23854	2	*	*	*	*	100.0	FR667981	*
D	23859	2	*	*	*	*	100.0	FR681905	*
D	23906	2	*	*	*	*	100.0	EF093152	*
D	23930	2	*	*	*	*	100.0	FR799173	*
D	23937	2	*	*	*	*	100.0	FR799209	*
D	23952	2	*	*	*	*	100.0	FR799497	*
D	23960	2	*	*	*	*	100.0	FJ876166	*
D	23984	2	*	*	*	*	100.0	GQ120971	*
D	24023	2	*	*	*	*	100.0	GQ162814	*
D	24067	2	*	*	*	*	100.0	HM189800	*
D	24071	2	*	*	*	*	100.0	GQ217541	*
D	24089	2	*	*	*	*	100.0	GQ221451	*
D	24123	2	*	*	*	*	100.0	GQ250408	*
D	24125	2	*	*	*	*	100.0	GQ250411	*
D	24130	2	*	*	*	*	100.0	GQ254689	*
D	24135	2	*	*	*	*	100.0	FJ610288	*
D	24147	2	*	*	*	*	100.0	GQ266152	*
D	24164	2	*	*	*	*	100.0	GQ285871	*
D	24178	2	*	*	*	*	100.0	GQ303288	*
D	24197	2	*	*	*	*	100.0	GQ344606	*
D	24199	2	*	*	*	*	100.0	GQ352483	*
D	24212	2	*	*	*	*	100.0	GQ377485	*
D	24225	2	*	*	*	*	100.0	GQ387379	*
D	24227	2	*	*	*	*	100.0	GQ398242	*
D	24231	2	*	*	*	*	100.0	FJ705275	*
D	24258	2	*	*	*	*	100.0	GQ428199	*
D	24322	2	*	*	*	*	100.0	EU529996	*
D	24337	2	*	*	*	*	100.0	DQ681321	*
D	24338	2	*	*	*	*	100.0	AB193587	*
D	24341	2	*	*	*	*	100.0	JN207351	*
D	24347	3	*	*	*	*	100.0	FJ872066	*
D	24364	2	*	*	*	*	100.0	FJ946486	*
D	24411	2	*	*	*	*	100.0	GQ913370	*
D	24428	2	*	*	*	*	100.0	GQ919281	*
D	24431	2	*	*	*	*	100.0	GQ919287	*
D	24441	2	*	*	*	*	100.0	GQ925393	*
D	24445	2	*	*	*	*	100.0	GQ925397	*
D	24468	2	*	*	*	*	100.0	GQ981522	*
D	24491	2	*	*	*	*	100.0	GU046841	*
D	24492	2	*	*	*	*	100.0	GU046843	*
D	24497	2	*	*	*	*	100.0	GU046849	*
D	24511	2	*	*	*	*	100.0	AB031338	*
D	24513	2	*	*	*	*	100.0	AF085492	*
D	24530	2	*	*	*	*	100.0	FJ196767	*
D	24566	2	*	*	*	*	100.0	FJ168609	*
D	24568	2	*	*	*	*	100.0	GU062324	*
D	24583	2	*	*	*	*	100.0	GU067766	*
D	24614	2	*	*	*	*	100.0	HQ439176	*
D	24619	2	*	*	*	*	100.0	GU136200	*
D	24626	2	*	*	*	*	100.0	GU138700	*
D	24628	2	*	*	*	*	100.0	GU138725	*
D	24654	2	*	*	*	*	100.0	FJ039534	*
D	24672	2	*	*	*	*	100.0	GU183169	*
D	24676	2	*	*	*	*	100.0	HQ215826	*
D	24696	2	*	*	*	*	100.0	GU187532	*
D	24701	2	*	*	*	*	100.0	GU187556	*
D	24742	2	*	*	*	*	100.0	GU222277	*
D	24771	2	*	*	*	*	100.0	GU222373	*
D	24783	2	*	*	*	*	100.0	GU225948	*
D	24805	2	*	*	*	*	100.0	GU233340	*
D	24807	2	*	*	*	*	100.0	GU233343	*
D	24814	2	*	*	*	*	100.0	GU233353	*
D	24830	2	*	*	*	*	100.0	GU234143	*
D	24847	2	*	*	*	*	100.0	GU246257	*
D	24852	2	*	*	*	*	100.0	GU246286	*
D	24853	2	*	*	*	*	100.0	GU246287	*
D	24857	2	*	*	*	*	100.0	EU784416	*
D	24869	2	*	*	*	*	100.0	AJ629408	*
D	24874	2	*	*	*	*	100.0	GU258285	*
D	24882	2	*	*	*	*	100.0	GU266259	*
D	24892	2	*	*	*	*	100.0	GU291276	*
D	24946	2	*	*	*	*	100.0	GU324737	*
D	24953	2	*	*	*	*	100.0	EU179868	*
D	24975	2	*	*	*	*	100.0	GU327629	*
D	25028	2	*	*	*	*	100.0	U38637	*
D	25056	2	*	*	*	*	100.0	EU784360	*
D	25060	2	*	*	*	*	100.0	EU280122	*
D	25081	2	*	*	*	*	100.0	EU784414	*
D	25092	2	*	*	*	*	100.0	HQ631037	*
D	25116	2	*	*	*	*	100.0	GU592003	*
D	25127	2	*	*	*	*	100.0	EU821485	*
D	25146	2	*	*	*	*	100.0	GU733341	*
D	25148	2	*	*	*	*	100.0	GU797219	*
D	25185	2	*	*	*	*	100.0	GU827324	*
D	25219	2	*	*	*	*	100.0	FJ861421	*
D	25227	2	*	*	*	*	100.0	GU934588	*
D	25235	2	*	*	*	*	100.0	GU938484	*
D	25239	2	*	*	*	*	100.0	GQ415342	*
D	25251	2	*	*	*	*	100.0	FJ424261	*
D	25253	2	*	*	*	*	100.0	FJ537085	*
D	25265	2	*	*	*	*	100.0	GU973746	*
D	25291	2	*	*	*	*	100.0	GU980613	*
D	25300	2	*	*	*	*	100.0	GU981745	*
D	25309	2	*	*	*	*	100.0	GU991523	*
D	25333	2	*	*	*	*	100.0	DQ367882	*
D	25343	2	*	*	*	*	100.0	HE574644	*
D	25359	2	*	*	*	*	100.0	EU781658	*
D	25386	2	*	*	*	*	100.0	HE649453	*
D	25399	2	*	*	*	*	100.0	HM005076	*
D	25422	2	*	*	*	*	100.0	HM020683	*
D	25449	2	*	*	*	*	100.0	HM037979	*
D	25455	2	*	*	*	*	100.0	AF325578	*
D	25476	2	*	*	*	*	100.0	FJ160957	*
D	25479	2	*	*	*	*	100.0	GU111920	*
D	25482	2	*	*	*	*	100.0	GU253286	*
D	25513	2	*	*	*	*	100.0	EU449953	*
D	25514	2	*	*	*	*	100.0	AM901674	*
D	25515	2	*	*	*	*	100.0	EF408554	*
D	25520	2	*	*	*	*	100.0	GU479401	*
D	25531	2	*	*	*	*	100.0	UDB000991	*
D	25533	2	*	*	*	*	100.0	DQ490765	*
D	25565	2	*	*	*	*	100.0	GU198950	*
D	25569	2	*	*	*	*	100.0	UDB000043	*
D	25570	2	*	*	*	*	100.0	EU784274	*
D	25571	2	*	*	*	*	100.0	GQ215699	*
D	25574	2	*	*	*	*	100.0	AF274773	*
D	25607	2	*	*	*	*	100.0	HM161500	*
D	25623	2	*	*	*	*	100.0	HM189290	*
D	25637	2	*	*	*	*	100.0	HM205102	*
D	25643	2	*	*	*	*	100.0	HM209413	*
D	25668	2	*	*	*	*	100.0	HM484539	*
D	25688	2	*	*	*	*	100.0	HM246500	*
D	25691	2	*	*	*	*	100.0	AJ419188	*
D	25704	2	*	*	*	*	100.0	EU753268	*
D	25707	2	*	*	*	*	100.0	EF093151	*
D	25724	2	*	*	*	*	100.0	HM461630	*
D	25735	2	*	*	*	*	100.0	HM484538	*
D	25737	2	*	*	*	*	100.0	HM484546	*
D	25752	2	*	*	*	*	100.0	HM485381	*
D	25796	3	*	*	*	*	100.0	HM538470	*
D	25818	2	*	*	*	*	100.0	HM562173	*
D	25830	2	*	*	*	*	100.0	HM562187	*
D	25852	2	*	*	*	*	100.0	HM578947	*
D	25853	2	*	*	*	*	100.0	HM578889	*
D	25861	2	*	*	*	*	100.0	HM582192	*
D	25878	2	*	*	*	*	100.0	HM590874	*
D	25896	2	*	*	*	*	100.0	AF506425	*
D	25902	2	*	*	*	*	100.0	HM595622	*
D	25907	2	*	*	*	*	100.0	HM598678	*
D	25912	2	*	*	*	*	100.0	HM622152	*
D	25942	2	*	*	*	*	100.0	GU322441	*
D	25947	2	*	*	*	*	100.0	HM769814	*
D	25952	2	*	*	*	*	100.0	HM770988	*
D	25958	2	*	*	*	*	100.0	GQ422470	*
D	25973	2	*	*	*	*	100.0	EF393631	*
D	25985	2	*	*	*	*	100.0	HM855218	*
D	26059	2	*	*	*	*	100.0	EF409793	*
D	26070	2	*	*	*	*	100.0	HQ141713	*
D	26083	2	*	*	*	*	100.0	HQ153423	*
D	26088	2	*	*	*	*	100.0	JF273542	*
D	26090	2	*	*	*	*	100.0	HQ157454	*
D	26117	2	*	*	*	*	100.0	GU253292	*
D	26132	2	*	*	*	*	100.0	HQ185704	*
D	26142	2	*	*	*	*	100.0	JF908679	*
D	26150	2	*	*	*	*	100.0	UDB011203	*
D	26160	2	*	*	*	*	100.0	AY061707	*
D	26164	2	*	*	*	*	100.0	HQ213806	*
D	26167	2	*	*	*	*	100.0	HQ215817	*
D	26217	2	*	*	*	*	100.0	HQ259264	*
D	26218	2	*	*	*	*	100.0	HQ259270	*
D	26228	2	*	*	*	*	100.0	HQ270119	*
D	26232	2	*	*	*	*	100.0	HQ271432	*
D	26254	2	*	*	*	*	100.0	HQ318269	*
D	26255	2	*	*	*	*	100.0	HQ318248	*
D	26276	2	*	*	*	*	100.0	HQ331459	*
D	26296	2	*	*	*	*	100.0	HQ380777	*
D	26315	2	*	*	*	*	100.0	HQ412646	*
D	26355	2	*	*	*	*	100.0	HQ446342	*
D	26378	2	*	*	*	*	100.0	HQ533030	*
D	26381	2	*	*	*	*	100.0	HQ533035	*
D	26415	2	*	*	*	*	100.0	HQ540524	*
D	26447	2	*	*	*	*	100.0	HQ599408	*
D	26461	2	*	*	*	*	100.0	HQ604068	*
D	26462	2	*	*	*	*	100.0	HQ604084	*
D	26467	2	*	*	*	*	100.0	HQ604258	*
D	26470	2	*	*	*	*	100.0	FJ596850	*
D	26488	2	*	*	*	*	100.0	HQ604476	*
D	26499	2	*	*	*	*	100.0	FJ039694	*
D	26521	2	*	*	*	*	100.0	HQ605942	*
D	26539	2	*	*	*	*	100.0	AY618685	*
D	26577	2	*	*	*	*	100.0	HQ630987	*
D	26617	3	*	*	*	*	100.0	DQ682600	*
D	26632	2	*	*	*	*	100.0	HQ650654	*
D	26639	2	*	*	*	*	100.0	HQ650662	*
D	26645	2	*	*	*	*	100.0	HQ650669	*
D	26658	2	*	*	*	*	100.0	HQ650711	*
D	26685	2	*	*	*	*	100.0	HQ661167	*
D	26705	2	*	*	*	*	100.0	EU402548	*
D	26718	2	*	*	*	*	100.0	HQ696052	*
D	26734	2	*	*	*	*	100.0	FJ798606	*
D	26750	2	*	*	*	*	100.0	HQ699645	*
D	26773	2	*	*	*	*	100.0	HQ713761	*
D	26786	2	*	*	*	*	100.0	AY352584	*
D	26787	2	*	*	*	*	100.0	HQ728298	*
D	26796	2	*	*	*	*	100.0	HQ822056	*
D	26838	2	*	*	*	*	100.0	AJ488276	*
D	26857	2	*	*	*	*	100.0	HQ847011	*
D	26877	2	*	*	*	*	100.0	EU488722	*
D	26889	2	*	*	*	*	100.0	JQ397078	*
D	26907	2	*	*	*	*	100.0	HQ888869	*
D	26916	2	*	*	*	*	100.0	GQ906948	*
D	26918	2	*	*	*	*	100.0	HQ890371	*
D	26935	2	*	*	*	*	100.0	HQ897804	*
D	26942	2	*	*	*	*	100.0	HQ897831	*
D	26964	2	*	*	*	*	100.0	FJ571451	*
D	26996	2	*	*	*	*	100.0	FJ515205	*
D	26998	2	*	*	*	*	100.0	FJ752738	*
D	27029	2	*	*	*	*	100.0	JF300144	*
D	27049	2	*	*	*	*	100.0	JF908217	*
D	27074	2	*	*	*	*	100.0	JF412005	*
D	27102	2	*	*	*	*	100.0	AY534584	*
D	27128	2	*	*	*	*	100.0	JF439432	*
D	27129	2	*	*	*	*	100.0	JF439437	*
D	27139	2	*	*	*	*	100.0	AF351582	*
D	27141	2	*	*	*	*	100.0	JF440983	*
D	27156	2	*	*	*	*	100.0	AF439480	*
D	27158	2	*	*	*	*	100.0	FJ807686	*
D	27196	2	*	*	*	*	100.0	JF506092	*
D	27233	2	*	*	*	*	100.0	JF908439	*
D	27235	2	*	*	*	*	100.0	EU697259	*
D	27273	2	*	*	*	*	100.0	JF701758	*
D	27332	2	*	*	*	*	100.0	JF730327	*
D	27335	2	*	*	*	*	100.0	EF065131	*
D	27341	2	*	*	*	*	100.0	JF744982	*
D	27356	2	*	*	*	*	100.0	JF754490	*
D	27359	2	*	*	*	*	100.0	JF766619	*
D	27363	2	*	*	*	*	100.0	EU853843	*
D	27375	2	*	*	*	*	100.0	JF794063	*
D	27403	2	*	*	*	*	100.0	JF817313	*
D	27405	2	*	*	*	*	100.0	JF820469	*
D	27409	2	*	*	*	*	100.0	JF825525	*
D	27432	2	*	*	*	*	100.0	JF836021	*
D	27447	2	*	*	*	*	100.0	JF907758	*
D	27450	2	*	*	*	*	100.0	JF907807	*
D	27451	2	*	*	*	*	100.0	JF907809	*
D	27454	2	*	*	*	*	100.0	FN669185	*
D	27476	2	*	*	*	*	100.0	JF907990	*
D	27480	2	*	*	*	*	100.0	JF907996	*
D	27485	2	*	*	*	*	100.0	JF908050	*
D	27498	2	*	*	*	*	100.0	JF908102	*
D	27504	2	*	*	*	*	100.0	JF908152	*
D	27509	2	*	*	*	*	100.0	JF908159	*
D	27561	2	*	*	*	*	100.0	JF908382	*
D	27577	2	*	*	*	*	100.0	JF908611	*
D	27584	2	*	*	*	*	100.0	AF491575	*
D	27588	2	*	*	*	*	100.0	JF908562	*
D	27600	2	*	*	*	*	100.0	JF908598	*
D	27688	2	*	*	*	*	100.0	JF974109	*
D	27699	2	*	*	*	*	100.0	FJ534886	*
D	27741	2	*	*	*	*	100.0	JN035645	*
D	27742	2	*	*	*	*	100.0	EF488375	*
D	27746	2	*	*	*	*	100.0	JN039041	*
D	27750	2	*	*	*	*	100.0	JN039046	*
D	27764	2	*	*	*	*	100.0	JN053476	*
D	27779	2	*	*	*	*	100.0	GQ376090	*
D	27843	2	*	*	*	*	100.0	FJ372691	*
D	27859	2	*	*	*	*	100.0	JN182202	*
D	27882	2	*	*	*	*	100.0	AF081447	*
D	27888	2	*	*	*	*	100.0	JN197598	*
D	27904	2	*	*	*	*	100.0	GQ203517	*
D	27908	2	*	*	*	*	100.0	AF491565	*
D	27923	2	*	*	*	*	100.0	JN207240	*
D	27933	2	*	*	*	*	100.0	JN224828	*
D	27940	2	*	*	*	*	100.0	JN225946	*
D	27948	2	*	*	*	*	100.0	JN228218	*
D	27949	2	*	*	*	*	100.0	JN228224	*
D	27991	2	*	*	*	*	100.0	JN392213	*
D	27999	2	*	*	*	*	100.0	JN400821	*
D	28009	2	*	*	*	*	100.0	EU150190	*
D	28050	2	*	*	*	*	100.0	JN616282	*
D	28074	2	*	*	*	*	100.0	JN638618	*
D	28099	2	*	*	*	*	100.0	GQ152149	*
D	28122	2	*	*	*	*	100.0	JN673037	*
D	28138	2	*	*	*	*	100.0	AF486130	*
D	28200	2	*	*	*	*	100.0	FJ770061	*
D	28207	2	*	*	*	*	100.0	AF484404	*
D	28240	2	*	*	*	*	100.0	JN899325	*
D	28292	2	*	*	*	*	100.0	JN943136	*
D	28307	2	*	*	*	*	100.0	JN943306	*
D	28311	2	*	*	*	*	100.0	HM769758	*
D	28339	2	*	*	*	*	100.0	JN943616	*
D	28360	2	*	*	*	*	100.0	JN944002	*
D	28385	2	*	*	*	*	100.0	JQ026357	*
D	28428	2	*	*	*	*	100.0	JQ317548	*
D	28448	2	*	*	*	*	100.0	JQ317587	*
D	28486	2	*	*	*	*	100.0	EU553344	*
D	28487	2	*	*	*	*	100.0	L14533	*
D	28491	2	*	*	*	*	100.0	L42447	*
D	28504	2	*	*	*	*	100.0	AY880940	*
D	28576	2	*	*	*	*	100.0	U51951	*
D	28582	2	*	*	*	*	100.0	U51963	*
D	28593	2	*	*	*	*	100.0	U56044	*
D	28594	2	*	*	*	*	100.0	U56049	*
D	28601	2	*	*	*	*	100.0	U57493	*
D	28611	2	*	*	*	*	100.0	U57891	*
D	28626	2	*	*	*	*	100.0	U66017	*
D	28629	2	*	*	*	*	100.0	U66025	*
D	28635	3	*	*	*	*	100.0	U66430	*
D	28668	2	*	*	*	*	100.0	U83481	*
D	28703	3	*	*	*	*	100.0	AF377205	*
D	28715	2	*	*	*	*	100.0	UDB000164	*
D	28717	2	*	*	*	*	100.0	UDB000169	*
D	28730	2	*	*	*	*	100.0	U83480	*
D	28792	2	*	*	*	*	100.0	EU525982	*
D	28823	2	*	*	*	*	100.0	FJ845442	*
D	28842	2	*	*	*	*	100.0	JF908298	*
D	28843	2	*	*	*	*	100.0	DQ658878	*
D	28845	2	*	*	*	*	100.0	AY061693	*
D	28888	2	*	*	*	*	100.0	EF493273	*
D	28910	2	*	*	*	*	100.0	JF908076	*
D	28921	2	*	*	*	*	100.0	DQ534573	*
D	28923	2	*	*	*	*	100.0	JQ888213	*
D	28928	2	*	*	*	*	100.0	EU622372	*
D	28930	2	*	*	*	*	100.0	FN185815	*
D	28934	2	*	*	*	*	100.0	FN669236	*
D	28938	2	*	*	*	*	100.0	UDB001761	*
D	28942	2	*	*	*	*	100.0	DQ083772	*
D	28955	2	*	*	*	*	100.0	DQ663415	*
D	28970	2	*	*	*	*	100.0	U56029	*
D	28973	2	*	*	*	*	100.0	EU525967	*
D	28980	2	*	*	*	*	100.0	UDB002355	*
D	28983	2	*	*	*	*	100.0	AF454575	*
D	29017	2	*	*	*	*	100.0	UDB003294	*
D	29028	2	*	*	*	*	100.0	UDB003221	*
D	29031	2	*	*	*	*	100.0	UDB003228	*
D	29045	2	*	*	*	*	100.0	FN185819	*
D	29063	2	*	*	*	*	100.0	UDB008226	*
D	29104	2	*	*	*	*	100.0	AM946517	*
D	29108	2	*	*	*	*	100.0	UDB011200	*
D	29116	2	*	*	*	*	100.0	FM993279	*
D	29119	2	*	*	*	*	100.0	HQ604694	*
D	29192	2	*	*	*	*	100.0	AJ889962	*
D	29204	2	*	*	*	*	100.0	JF797191	*
D	29222	2	*	*	*	*	100.0	UDB011529	*
D	29242	2	*	*	*	*	100.0	UDB011568	*
D	29243	2	*	*	*	*	100.0	UDB011572	*
D	29253	2	*	*	*	*	100.0	UDB011613	*
D	29255	2	*	*	*	*	100.0	FJ627244	*
D	29260	2	*	*	*	*	100.0	UDB011629	*
D	29274	2	*	*	*	*	100.0	GU590932	*
D	29282	2	*	*	*	*	100.0	UDB011713	*
D	29283	2	*	*	*	*	100.0	UDB011716	*
D	29314	2	*	*	*	*	100.0	UDB011786	*
D	29328	2	*	*	*	*	100.0	FM208885	*
D	29342	2	*	*	*	*	100.0	UDB011841	*
D	29375	2	*	*	*	*	100.0	AY046192	*
D	29389	2	*	*	*	*	100.0	FJ263454	*
