dataset	level	iteration	method	parameters	seq_id               	observed_taxonomy	expected_taxonomy	result	mismatch_level
F1-REF	6	1	sortmerna	0.51:0.8:5:0.9:1.0	AF224395	Root;Ascomycota;Lecanoromycetes;Teloschistales;Physciaceae;Physcia;Physcia_aipolia	Root;Ascomycota;Lecanoromycetes;Teloschistales;Physciaceae;Physcia;Physcia_aipolia	match	7
F1-REF	6	1	sortmerna	0.51:0.8:5:0.9:1.0	JN943727	Unassigned	Root;Ascomycota;Lecanoromycetes;Lecanorales;Lecanoraceae;Lecanora;Lecanora_caesiorubella	misclassification	0
F1-REF	6	1	sortmerna	0.51:0.8:5:0.9:1.0	AF319423	Unassigned	Root;Basidiomycota;Agaricomycetes;Agaricales;Tricholomataceae;Tricholomopsis;Tricholomopsis_rutilans	misclassification	0
F1-REF	6	1	sortmerna	0.51:0.8:5:0.9:1.0	EF175534	Root;Basidiomycota;Agaricomycetes;Agaricales;Marasmiaceae	Root;Basidiomycota;Agaricomycetes;Agaricales;Marasmiaceae;Tetrapyrgos;Tetrapyrgos_subcinerea	underclassification	5
F1-REF	6	1	sortmerna	0.51:0.8:5:0.9:1.0	EU293816	Root;Basidiomycota;Agaricomycetes;Thelephorales;Bankeraceae;Sarcodon	Root;Basidiomycota;Agaricomycetes;Thelephorales;Bankeraceae;Sarcodon;Sarcodon_aff_imbricatus_VPC_2007	underclassification	6
F1-REF	6	1	sortmerna	0.51:0.8:5:0.9:1.0	AY345000	Root;Basidiomycota;Ustilaginomycetes;Ustilaginales;Ustilaginaceae	Root;Basidiomycota;Ustilaginomycetes;Ustilaginales;Ustilaginaceae;Ustilago;Ustilago_cynodontis	underclassification	5
F1-REF	6	1	sortmerna	0.51:0.8:5:0.9:1.0	GQ241286	Root;Ascomycota;Eurotiomycetes;Eurotiales;Trichocomaceae;Penicillium;Penicillium_janthinellum	Root;Ascomycota;Eurotiomycetes;Eurotiales;Trichocomaceae;Penicillium;Penicillium_janthinellum	match	7
F1-REF	6	1	sortmerna	0.51:0.8:5:0.9:1.0	AM882938	Root;Basidiomycota;Agaricomycetes;Agaricales;Cortinariaceae;Inocybe	Root;Basidiomycota;Agaricomycetes;Agaricales;Cortinariaceae;Inocybe;Inocybe_calamistrata	underclassification	6
F1-REF	6	1	sortmerna	0.51:0.8:5:0.9:1.0	GQ254687	Root;Ascomycota;Dothideomycetes;Pleosporales;Montagnulaceae;Paraconiothyrium;Paraconiothyrium_brasiliense	Root;Ascomycota;Dothideomycetes;Pleosporales;Pleosporaceae;Leptosphaerulina;Leptosphaerulina_chartarum	misclassification	4
F1-REF	6	1	sortmerna	0.51:0.8:5:0.9:1.0	EF094829	Root;Ascomycota;Eurotiomycetes;Eurotiales;Trichocomaceae;Aspergillus	Root;Ascomycota;Eurotiomycetes;Eurotiales;Trichocomaceae;Aspergillus;Aspergillus_niger	underclassification	6
F1-REF	6	1	sortmerna	0.51:0.8:5:0.9:1.0	FJ010207	Root;Basidiomycota;Agaricomycetes;Polyporales;Phanerochaetaceae;Phanerochaete	Root;Basidiomycota;Agaricomycetes;Polyporales;Meruliaceae;Flavodon;Flavodon_flavus	misclassification	4
F1-REF	6	1	sortmerna	0.51:0.8:5:0.9:1.0	EU784333	Root;Basidiomycota;Tremellomycetes;Tremellales;Exidiaceae	Root;Basidiomycota;Agaricomycetes;Agaricales;Hygrophoraceae;Hygrocybe;Hygrocybe_nitrata	misclassification	2
F1-REF	6	1	sortmerna	0.51:0.8:5:0.9:1.0	AF458456	Root;Basidiomycota;Agaricomycetes;Agaricales;Tricholomataceae;Tricholoma;Tricholoma_flavovirens	Root;Basidiomycota;Agaricomycetes;Agaricales;Tricholomataceae;Tricholoma;Tricholoma_flavovirens	match	7
F1-REF	6	1	sortmerna	0.51:0.8:5:0.9:1.0	AF205647	Root;Basidiomycota;Agaricomycetes;Boletales;Gomphidiaceae;Gomphidius	Root;Basidiomycota;Agaricomycetes;Boletales;Gomphidiaceae;Gomphidius;Gomphidius_glutinosus	underclassification	6
F1-REF	6	1	sortmerna	0.51:0.8:5:0.9:1.0	AY303138	Root;Ascomycota;Lecanoromycetes;Teloschistales;Physciaceae;Phaeophyscia	Root;Ascomycota;Lecanoromycetes;Teloschistales;Physciaceae;Phaeophyscia;Phaeophyscia_hispidula	underclassification	6
F1-REF	6	1	sortmerna	0.51:0.8:5:0.9:1.0	FJ545227	Root;Ascomycota;Sordariomycetes;Phyllachorales;Phyllachoraceae;Colletotrichum	Root;Ascomycota;Sordariomycetes;Phyllachorales;Phyllachoraceae;Colletotrichum;Colletotrichum_coccodes	underclassification	6
F1-REF	6	1	sortmerna	0.51:0.8:5:0.9:1.0	FM208871	Root;Basidiomycota;Agaricomycetes;Agaricales;Hygrophoraceae;Hygrocybe	Root;Basidiomycota;Agaricomycetes;Agaricales;Hygrophoraceae;Hygrocybe;Hygrocybe_persistens_var_persistens	underclassification	6
F1-REF	6	1	sortmerna	0.51:0.8:5:0.9:1.0	JN392242	Root;Ascomycota;Pezizomycetes;Pezizales;Tuberaceae;Tuber	Root;Ascomycota;Pezizomycetes;Pezizales;Tuberaceae;Tuber;Tuber_borchii_var_sphaerospermum	underclassification	6
F1-REF	6	1	sortmerna	0.51:0.8:5:0.9:1.0	AY313293	Root;Basidiomycota;Agaricomycetes;Agaricales;Marasmiaceae;Rhodocollybia;Rhodocollybia_butyracea	Root;Basidiomycota;Agaricomycetes;Agaricales;Marasmiaceae;Rhodocollybia;Rhodocollybia_butyracea	match	7
F1-REF	6	1	sortmerna	0.51:0.8:5:0.9:1.0	EF191243	Root;Ascomycota;Leotiomycetes;Rhytismatales;Rhytismataceae;Hypoderma;Hypoderma_rubi	Root;Ascomycota;Leotiomycetes;Rhytismatales;Rhytismataceae;Coccomyces;Coccomyces_australis	misclassification	5
F1-REF	6	1	sortmerna	0.51:0.8:5:0.9:1.0	DQ855274	Root;Ascomycota;Sordariomycetes;Diaporthales;Diaporthaceae;Diaporthe;Phomopsis_vexans	Root;Ascomycota;Sordariomycetes;Diaporthales;Diaporthaceae;Diaporthe;Phomopsis_vexans	match	7
F1-REF	6	1	sortmerna	0.51:0.8:5:0.9:1.0	AF138833	Root;Ascomycota	Root;Ascomycota;Arthoniomycetes;Arthoniales;Arthoniaceae;Sagenidiopsis;Sagenidiopsis_undulata	underclassification	2
F1-REF	6	1	sortmerna	0.51:0.8:5:0.9:1.0	EU819439	Root;Basidiomycota;Agaricomycetes;Boletales;Sclerodermataceae;Scleroderma;Scleroderma_michiganense	Root;Basidiomycota;Agaricomycetes;Boletales;Sclerodermataceae;Scleroderma;Scleroderma_cepa	misclassification	6
F1-REF	6	1	sortmerna	0.51:0.8:5:0.9:1.0	FJ467365	Root;Basidiomycota;Agaricomycetes;Polyporales;Meruliaceae;Phlebia;Phlebia_tremellosa	Root;Basidiomycota;Agaricomycetes;Polyporales;Meruliaceae;Phlebia;Phlebia_tremellosa	match	7
F1-REF	6	1	sortmerna	0.51:0.8:5:0.9:1.0	FR750193	Root;Glomeromycota;Glomeromycetes;Glomerales;Glomeraceae;Glomus;Glomus_intraradices	Root;Glomeromycota;Glomeromycetes;Glomerales;Glomeraceae;Rhizophagus;Rhizophagus_irregularis	misclassification	5
F1-REF	6	1	sortmerna	0.51:0.8:5:0.9:1.0	DQ911605	Root;Basidiomycota;Agaricomycetes	Root;Basidiomycota;Agaricomycetes;Russulales;Albatrellaceae;Jahnoporus;Jahnoporus_hirtus	underclassification	3
F1-REF	6	1	sortmerna	0.51:0.8:5:0.9:1.0	EU837241	Root;Ascomycota;Pezizomycetes;Pezizales;Tuberaceae;Tuber;Tuber_pacificum	Root;Ascomycota;Pezizomycetes;Pezizales;Tuberaceae;Tuber;Tuber_pacificum	match	7
F1-REF	6	1	sortmerna	0.51:0.8:5:0.9:1.0	EU520174	Root;Ascomycota	Root;Ascomycota;Sordariomycetes;Diaporthales;Valsaceae;Phomopsis;Phomopsis_fukushii	underclassification	2
F1-REF	6	1	sortmerna	0.51:0.8:5:0.9:1.0	EF126368	Root;Basidiomycota;Tremellomycetes;Filobasidiales;Filobasidiaceae;Cryptococcus;Cryptococcus_flavescens	Root;Basidiomycota;Tremellomycetes;Filobasidiales;Filobasidiaceae;Cryptococcus;Cryptococcus_flavescens	match	7
F1-REF	6	1	sortmerna	0.51:0.8:5:0.9:1.0	DQ533974	Root;Basidiomycota;Agaricomycetes;Boletales;Gomphidiaceae;Chroogomphus	Root;Basidiomycota;Agaricomycetes;Boletales;Gomphidiaceae;Chroogomphus;Chroogomphus_vinicolor	underclassification	6
F1-REF	6	1	sortmerna	0.51:0.8:5:0.9:1.0	FJ172270	Root;Ascomycota;Sordariomycetes;Xylariales;Xylariaceae	Root;Ascomycota;Sordariomycetes;Xylariales;Xylariaceae;Nemania;Nemania_abortiva	underclassification	5
F1-REF	6	1	sortmerna	0.51:0.8:5:0.9:1.0	HQ845064	Root;Basidiomycota;Agaricomycetes;Hymenochaetales;Hymenochaetaceae;Inonotus	Root;Basidiomycota;Agaricomycetes;Hymenochaetales;Hymenochaetaceae;Inonotus;Inonotus_baumii	underclassification	6
F1-REF	6	1	sortmerna	0.51:0.8:5:0.9:1.0	EU835166	Root;Ascomycota;Sordariomycetes;Xylariales;Diatrypaceae;Eutypa;Eutypa_lata	Root;Ascomycota;Sordariomycetes;Xylariales;Diatrypaceae;Eutypa;Eutypa_lata	match	7
F1-REF	6	1	sortmerna	0.51:0.8:5:0.9:1.0	EU623713	Root;Basidiomycota	Root;Basidiomycota;Agaricomycetes;Agaricales;Marasmiaceae;Megacollybia;Megacollybia_platyphylla	underclassification	2
F1-REF	6	1	sortmerna	0.51:0.8:5:0.9:1.0	AY487965	Root;Basidiomycota;Agaricomycetes;Geastrales;Geastraceae;Sphaerobolus;Sphaerobolus_ingoldii	Root;Basidiomycota;Agaricomycetes;Geastrales;Geastraceae;Sphaerobolus;Sphaerobolus_ingoldii	match	7
F1-REF	6	1	sortmerna	0.51:0.8:5:0.9:1.0	DQ066711	Root;Ascomycota;Lecanoromycetes	Root;Ascomycota;Lecanoromycetes;Peltigerales;Nephromataceae;Nephroma;Nephroma_tropicum	underclassification	3
F1-REF	6	1	sortmerna	0.51:0.8:5:0.9:1.0	AB453024	Unassigned	Root;Basidiomycota;Agaricomycetes;Cantharellales;Cantharellaceae;Cantharellus;Cantharellus_cibarius	misclassification	0
F1-REF	6	1	sortmerna	0.51:0.8:5:0.9:1.0	DQ517384	Root;Basidiomycota;Agaricomycetes;Boletales;Rhizopogonaceae;Rhizopogon	Root;Basidiomycota;Agaricomycetes;Boletales;Rhizopogonaceae;Rhizopogon;Rhizopogon_milleri	underclassification	6
F1-REF	6	1	sortmerna	0.51:0.8:5:0.9:1.0	AB453029	Root;Basidiomycota;Agaricomycetes;Boletales;Sclerodermataceae;Scleroderma;Scleroderma_areolatum	Root;Basidiomycota;Agaricomycetes;Boletales;Sclerodermataceae;Scleroderma;Scleroderma_citrinum	misclassification	6
F1-REF	6	1	sortmerna	0.51:0.8:5:0.9:1.0	AJ223015	Root;Ascomycota;Saccharomycetes;Saccharomycetales;Saccharomycetaceae;Kazachstania;Kazachstania_telluris	Root;Ascomycota;Saccharomycetes;Saccharomycetales;Saccharomycetaceae;Kazachstania;Kazachstania_telluris	match	7
F1-REF	6	1	sortmerna	0.51:0.8:5:0.9:1.0	AJ272416	Root;Basidiomycota;Agaricomycetes;Boletales;Suillaceae;Suillus;Suillus_luteus	Root;Basidiomycota;Agaricomycetes;Boletales;Suillaceae;Suillus;Suillus_luteus	match	7
F1-REF	6	1	sortmerna	0.51:0.8:5:0.9:1.0	HQ833354	Root;Ascomycota;Sordariomycetes;Hypocreales;Hypocreaceae;Hypocrea	Root;Ascomycota;Sordariomycetes;Hypocreales;Hypocreaceae;Trichoderma;Hypocrea_rufa	misclassification	5
F1-REF	6	1	sortmerna	0.51:0.8:5:0.9:1.0	U82455	Root;Ascomycota;Saccharomycetes;Saccharomycetales;Lipomycetaceae;Lipomyces	Root;Ascomycota;Saccharomycetes;Saccharomycetales;Lipomycetaceae;Lipomyces;Lipomyces_spencermartinsiae	underclassification	6
F1-REF	6	1	sortmerna	0.51:0.8:5:0.9:1.0	JN182863	Root;Basidiomycota;Agaricomycetes	Root;Basidiomycota;Agaricomycetes;Polyporales;Hapalopilaceae;Bjerkandera;Bjerkandera_adusta	underclassification	3
F1-REF	6	1	sortmerna	0.51:0.8:5:0.9:1.0	AF472626	Root;Basidiomycota;Tremellomycetes;Tremellales;Tremellaceae	Root;Basidiomycota;Tremellomycetes;Tremellales;Tremellaceae;Papiliotrema;Papiliotrema_bandonii	underclassification	5
F1-REF	6	1	sortmerna	0.51:0.8:5:0.9:1.0	AJ555513	Root;Basidiomycota;Agaricomycetes;Boletales;Melanogastraceae;Melanogaster;Melanogaster_ambiguus	Root;Basidiomycota;Agaricomycetes;Boletales;Melanogastraceae;Melanogaster;Melanogaster_ambiguus	match	7
F1-REF	6	1	sortmerna	0.51:0.8:5:0.9:1.0	FJ236031	Root;Basidiomycota;Agaricomycetes;Boletales;Boletaceae;Boletus;Xerocomus_badius	Root;Basidiomycota;Agaricomycetes;Boletales;Boletaceae;Boletus;Xerocomus_badius	match	7
F1-REF	6	1	sortmerna	0.51:0.8:5:0.9:1.0	JF508429	Root;Ascomycota;Saccharomycetes;Saccharomycetales;Pichiaceae;Pichia;Pichia_guilliermondii	Root;Ascomycota;Saccharomycetes;Saccharomycetales;Debaryomycetaceae;Meyerozyma;Meyerozyma_guilliermondii	misclassification	4
F1-REF	6	1	sortmerna	0.51:0.8:5:0.9:1.0	U88220	Root;Basidiomycota;Pucciniomycetes;Pucciniales;Pucciniaceae;Puccinia	Root;Basidiomycota;Pucciniomycetes;Pucciniales;Pucciniaceae;Puccinia;Puccinia_thlaspeos	underclassification	6
F1-REF	6	1	sortmerna	0.51:0.8:5:0.9:1.0	FJ572242	Root;Basidiomycota;Agaricomycetes;Agaricales;Pleurotaceae;Pleurotus;Pleurotus_ostreatus	Root;Basidiomycota;Agaricomycetes;Agaricales;Pleurotaceae;Pleurotus;Pleurotus_nebrodensis	misclassification	6
F1-REF	6	1	sortmerna	0.51:0.8:5:0.9:1.0	AB609598	Root;Ascomycota;Sordariomycetes;Xylariales;Xylariaceae;Rosellinia;Rosellinia_bunodes	Root;Ascomycota;Sordariomycetes;Xylariales;Xylariaceae;Rosellinia;Rosellinia_bunodes	match	7
F1-REF	6	1	sortmerna	0.51:0.8:5:0.9:1.0	FJ039638	Root;Basidiomycota;Agaricomycetes;Agaricales;Cortinariaceae;Cortinarius	Root;Basidiomycota;Agaricomycetes;Agaricales;Cortinariaceae;Cortinarius;Cortinarius_sodagnitus	underclassification	6
F1-REF	6	1	sortmerna	0.51:0.8:5:0.9:1.0	FM206399	Root;Ascomycota;Pezizomycetes;Pezizales;Pyronemataceae;Geopora	Root;Ascomycota;Pezizomycetes;Pezizales;Pyronemataceae;Geopora;Geopora_tenuis	underclassification	6
F1-REF	6	1	sortmerna	0.51:0.8:5:0.9:1.0	JN032128	Root;Ascomycota;Pezizomycetes;Pezizales;Pezizaceae;Eremiomyces;Eremiomyces_magnisporus	Root;Ascomycota;Pezizomycetes;Pezizales;Pezizaceae;Eremiomyces;Eremiomyces_magnisporus	match	7
F1-REF	6	1	sortmerna	0.51:0.8:5:0.9:1.0	AY313297	Root;Basidiomycota;Agaricomycetes;Agaricales;Marasmiaceae;Rhodocollybia;Rhodocollybia_maculata	Root;Basidiomycota;Agaricomycetes;Agaricales;Marasmiaceae;Rhodocollybia;Rhodocollybia_maculata	match	7
F1-REF	6	1	sortmerna	0.51:0.8:5:0.9:1.0	GQ337914	Root;Basidiomycota;Agaricomycetes;Polyporales;Polyporaceae;Neolentinus	Root;Basidiomycota;Agaricomycetes;Polyporales;Polyporaceae;Neolentinus;Neolentinus_lepideus	underclassification	6
F1-REF	6	1	sortmerna	0.51:0.8:5:0.9:1.0	AF059597	Root;Basidiomycota;Agaricomycetes;Agaricales;Strophariaceae;Stropharia	Root;Basidiomycota;Agaricomycetes;Agaricales;Strophariaceae;Stropharia;Stropharia_rugosoannulata	underclassification	6
F1-REF	6	1	sortmerna	0.51:0.8:5:0.9:1.0	DQ681329	Root;Ascomycota;Eurotiomycetes;Eurotiales;Trichocomaceae;Penicillium	Root;Ascomycota;Eurotiomycetes;Eurotiales;Trichocomaceae;Penicillium;Penicillium_chrysogenum	underclassification	6
F1-REF	6	1	sortmerna	0.51:0.8:5:0.9:1.0	FN396118	Root;Basidiomycota;Agaricomycetes;Agaricales;Psathyrellaceae;Coprinopsis	Root;Basidiomycota;Agaricomycetes;Agaricales;Psathyrellaceae;Coprinopsis;Coprinopsis_episcopalis	underclassification	6
F1-REF	6	1	sortmerna	0.51:0.8:5:0.9:1.0	AB481257	Root;Ascomycota;Leotiomycetes;Helotiales;Hyaloscyphaceae;Lachnum	Root;Ascomycota;Leotiomycetes;Helotiales;Hyaloscyphaceae;Lachnum;Lachnum_nudipes	underclassification	6
F1-REF	6	1	sortmerna	0.51:0.8:5:0.9:1.0	FN550892	Root;Basidiomycota;Agaricomycetes;Agaricales;Cortinariaceae;Inocybe	Root;Basidiomycota;Agaricomycetes;Agaricales;Cortinariaceae;Inocybe;Inocybe_praetervisa	underclassification	6
F1-REF	6	1	sortmerna	0.51:0.8:5:0.9:1.0	FJ491985	Root;Basidiomycota;Agaricomycetes;Polyporales;Ganodermataceae;Ganoderma	Root;Basidiomycota;Agaricomycetes;Polyporales;Ganodermataceae;Ganoderma;Ganoderma_tropicum	underclassification	6
F1-REF	6	1	sortmerna	0.51:0.8:5:0.9:1.0	DQ459083	Root;Ascomycota;Dothideomycetes;Capnodiales;Mycosphaerellaceae;Pseudocercospora	Root;Ascomycota;Dothideomycetes;Capnodiales;Mycosphaerellaceae;Mycosphaerella;Mycosphaerella_areola	misclassification	5
F1-REF	6	1	sortmerna	0.51:0.8:5:0.9:1.0	AF000970	Root;Ascomycota;Pezizomycetes;Pezizales	Root;Ascomycota;Pezizomycetes;Pezizales;Morchellaceae;Morchella;Morchella_angusticeps	underclassification	4
F1-REF	6	1	sortmerna	0.51:0.8:5:0.9:1.0	GQ981527	Root;Basidiomycota;Agaricomycetes;Agaricales;Amanitaceae;Amanita;Amanita_pseudoinculta	Root;Basidiomycota;Agaricomycetes;Agaricales;Amanitaceae;Amanita;Amanita_arenaria	misclassification	6
F1-REF	6	1	sortmerna	0.51:0.8:5:0.9:1.0	GQ409533	Root;Basidiomycota;Agaricomycetes;Polyporales;Hyphodermataceae;Hyphoderma;Hyphoderma_praetermissum	Root;Basidiomycota;Agaricomycetes;Polyporales;Hyphodermataceae;Hyphoderma;Peniophorella_praetermissa	misclassification	6
F1-REF	6	1	sortmerna	0.51:0.8:5:0.9:1.0	FJ999711	Root;Ascomycota;Dothideomycetes;Capnodiales;Mycosphaerellaceae	Root;Ascomycota;Dothideomycetes;Capnodiales;Mycosphaerellaceae;Davidiella;Davidiella_tassiana	underclassification	5
F1-REF	6	1	sortmerna	0.51:0.8:5:0.9:1.0	JF744951	Root;Ascomycota;Lecanoromycetes;Lecanorales;Mycoblastaceae;Mycoblastus	Root;Ascomycota;Lecanoromycetes;Lecanorales;Mycoblastaceae;Mycoblastus;Mycoblastus_sanguinarius	underclassification	6
F1-REF	6	1	sortmerna	0.51:0.8:5:0.9:1.0	AY061723	Root;Basidiomycota;Agaricomycetes;Russulales;Russulaceae;Russula;Russula_vesca	Root;Basidiomycota;Agaricomycetes;Russulales;Russulaceae;Russula;Russula_vesca	match	7
F1-REF	6	1	sortmerna	0.51:0.8:5:0.9:1.0	AY243616	Root;Basidiomycota;Agaricomycetes;Agaricales;Agaricaceae;Chlorophyllum	Root;Basidiomycota;Agaricomycetes;Agaricales;Agaricaceae;Chlorophyllum;Chlorophyllum_agaricoides	underclassification	6
F1-REF	6	1	sortmerna	0.51:0.8:5:0.9:1.0	JN198424	Root;Ascomycota;Eurotiomycetes;Eurotiales;Trichocomaceae	Root;Ascomycota;Eurotiomycetes;Eurotiales;Trichocomaceae;Penicillium;Penicillium_daleae	underclassification	5
F1-REF	6	1	sortmerna	0.51:0.8:5:0.9:1.0	AY695065	Root;Ascomycota;Orbiliomycetes;Orbiliales;Orbiliaceae;Dactylella	Root;Ascomycota;Orbiliomycetes;Orbiliales;Orbiliaceae;Dactylellina;Dactylellina_ellipsospora	misclassification	5
F1-REF	6	1	sortmerna	0.51:0.8:5:0.9:1.0	AF096215	Root;Ascomycota;Lecanoromycetes;Umbilicariales;Umbilicariaceae;Umbilicaria	Root;Ascomycota;Lecanoromycetes;Umbilicariales;Umbilicariaceae;Umbilicaria;Umbilicaria_crustulosa	underclassification	6
F1-REF	6	1	sortmerna	0.51:0.8:5:0.9:1.0	FJ717582	Root;Basidiomycota;Agaricomycetes;Agaricales;Cortinariaceae;Cortinarius	Root;Basidiomycota;Agaricomycetes;Agaricales;Cortinariaceae;Cortinarius;Cortinarius_balaustinus	underclassification	6
F1-REF	6	1	sortmerna	0.51:0.8:5:0.9:1.0	EU563390	Root;Ascomycota;Lecanoromycetes;Teloschistales;Teloschistaceae;Caloplaca	Root;Ascomycota;Lecanoromycetes;Teloschistales;Teloschistaceae;Caloplaca;Caloplaca_flavocitrina	underclassification	6
F1-REF	6	1	sortmerna	0.51:0.8:5:0.9:1.0	EU726293	Root;Basidiomycota;Agaricomycetes;Russulales;Russulaceae;Lactarius;Lactarius_chrysorrheus	Root;Basidiomycota;Agaricomycetes;Russulales;Russulaceae;Lactarius;Lactarius_xanthogalactus	misclassification	6
F1-REF	6	1	sortmerna	0.51:0.8:5:0.9:1.0	AY586560	Root;Ascomycota;Lecanoromycetes;Lecanorales;Parmeliaceae;Flavoparmelia;Flavoparmelia_baltimorensis	Root;Ascomycota;Lecanoromycetes;Lecanorales;Parmeliaceae;Flavoparmelia;Flavoparmelia_baltimorensis	match	7
F1-REF	6	1	sortmerna	0.51:0.8:5:0.9:1.0	DQ365668	Root;Basidiomycota;Agaricomycetes;Atheliales;Atheliaceae;Piloderma;Piloderma_fallax	Root;Basidiomycota;Agaricomycetes;Atheliales;Atheliaceae;Piloderma;Piloderma_fallax	match	7
F1-REF	6	1	sortmerna	0.51:0.8:5:0.9:1.0	EU563469	Root;Ascomycota;Lecanoromycetes;Teloschistales;Teloschistaceae;Caloplaca	Root;Ascomycota;Lecanoromycetes;Teloschistales;Teloschistaceae;Caloplaca;Caloplaca_microthallina	underclassification	6
F1-REF	6	1	sortmerna	0.51:0.8:5:0.9:1.0	EU563398	Root;Ascomycota;Lecanoromycetes;Teloschistales;Teloschistaceae;Caloplaca	Root;Ascomycota;Lecanoromycetes;Teloschistales;Teloschistaceae;Caloplaca;Caloplaca_nigromarina	underclassification	6
F1-REF	6	1	sortmerna	0.51:0.8:5:0.9:1.0	FJ871090	Root;Ascomycota;Lecanoromycetes;Lecanorales;Ramalinaceae;Ramalina;Ramalina_decipiens	Root;Ascomycota;Lecanoromycetes;Lecanorales;Ramalinaceae;Ramalina;Ramalina_maderensis	misclassification	6
F1-REF	6	1	sortmerna	0.51:0.8:5:0.9:1.0	GQ229461	Root;Ascomycota;Saccharomycetes;Saccharomycetales;Trichomonascaceae;Trichomonascus;Trichomonascus_ciferrii	Root;Ascomycota;Saccharomycetes;Saccharomycetales;Trichomonascaceae;Trichomonascus;Trichomonascus_ciferrii	match	7
F1-REF	6	1	sortmerna	0.51:0.8:5:0.9:1.0	JN638261	Root;Ascomycota;Eurotiomycetes;Verrucariales;Verrucariaceae;Hydropunctaria;Hydropunctaria_maura	Root;Ascomycota;Eurotiomycetes;Verrucariales;Verrucariaceae;Hydropunctaria;Hydropunctaria_maura	match	7
F1-REF	6	1	sortmerna	0.51:0.8:5:0.9:1.0	EU591789	Root;Basidiomycota;Agaricomycetes;Cantharellales;Ceratobasidiaceae;Thanatephorus;Rhizoctonia_solani	Root;Basidiomycota;Agaricomycetes;Cantharellales;Ceratobasidiaceae;Thanatephorus;Rhizoctonia_solani	match	7
F1-REF	6	1	sortmerna	0.51:0.8:5:0.9:1.0	AY188362	Root;Basidiomycota;Tremellomycetes;Filobasidiales;Filobasidiaceae;Cryptococcus	Root;Basidiomycota;Tremellomycetes;Filobasidiales;Filobasidiaceae;Cryptococcus;Cryptococcus_oeirensis	underclassification	6
F1-REF	6	1	sortmerna	0.51:0.8:5:0.9:1.0	FJ664871	Root;Ascomycota;Eurotiomycetes;Verrucariales;Verrucariaceae;Verrucaria	Root;Ascomycota;Eurotiomycetes;Verrucariales;Verrucariaceae;Verrucaria;Verrucaria_margacea	underclassification	6
F1-REF	6	1	sortmerna	0.51:0.8:5:0.9:1.0	GU979031	Root;Ascomycota;Pezizomycetes;Pezizales;Tuberaceae;Tuber	Root;Ascomycota;Pezizomycetes;Pezizales;Tuberaceae;Tuber;Tuber_umbilicatum	underclassification	6
F1-REF	6	1	sortmerna	0.51:0.8:5:0.9:1.0	AF389135	Root;Basidiomycota;Agaricomycetes;Agaricales;Cortinariaceae;Cortinarius	Root;Basidiomycota;Agaricomycetes;Agaricales;Cortinariaceae;Cortinarius;Cortinarius_multiformis	underclassification	6
F1-REF	6	1	sortmerna	0.51:0.8:5:0.9:1.0	FJ431226	Root;Basidiomycota;Agaricomycetes;Agaricales;Marasmiaceae;Marasmius	Root;Basidiomycota;Agaricomycetes;Agaricales;Marasmiaceae;Marasmius;Marasmius_berambutanus	underclassification	6
F1-REF	6	1	sortmerna	0.51:0.8:5:0.9:1.0	AF490395	Root;Basidiomycota;Tremellomycetes;Tremellales;Exidiaceae;Sebacina;Sebacina	Root;Basidiomycota;Tremellomycetes;Tremellales;Exidiaceae;Sebacina;Sebacina_incrustans	misclassification	6
F1-REF	6	1	sortmerna	0.51:0.8:5:0.9:1.0	U63476	Root;Basidiomycota;Agaricomycetes;Polyporales;Polyporaceae;Trichaptum	Root;Basidiomycota;Agaricomycetes;Polyporales;Polyporaceae;Trichaptum;Trichaptum_biforme	underclassification	6
F1-REF	6	1	sortmerna	0.51:0.8:5:0.9:1.0	HM489875	Root;Ascomycota;Dothideomycetes;Pleosporales;Pleosporaceae;Alternaria;Alternaria_helianthi	Root;Ascomycota;Dothideomycetes;Pleosporales;Pleosporaceae;Alternaria;Alternaria_helianthi	match	7
F1-REF	6	1	sortmerna	0.51:0.8:5:0.9:1.0	GQ334386	Root;Ascomycota	Root;Ascomycota;Dothideomycetes;Capnodiales;Teratosphaeriaceae;Hortaea;Hortaea_werneckii	underclassification	2
F1-REF	6	1	sortmerna	0.51:0.8:5:0.9:1.0	EU520132	Root;Ascomycota;Dothideomycetes;Botryosphaeriales;Botryosphaeriaceae;Botryosphaeria;Botryosphaeria_dothidea	Root;Ascomycota;Dothideomycetes;Botryosphaeriales;Botryosphaeriaceae;Dothiorella;Dothiorella_gregaria	misclassification	5
F1-REF	6	1	sortmerna	0.51:0.8:5:0.9:1.0	AF096982	Root;Basidiomycota;Agaricomycetes;Russulales;Russulaceae;Lactarius	Root;Basidiomycota;Agaricomycetes;Russulales;Russulaceae;Lactarius;Lactarius_quietus	underclassification	6
F1-REF	6	1	sortmerna	0.51:0.8:5:0.9:1.0	AY194541	Root;Basidiomycota;Agaricomycetes;Agaricales;Bolbitiaceae;Conocybe	Root;Basidiomycota;Agaricomycetes;Agaricales;Bolbitiaceae;Conocybe;Conocybe_rickenii	underclassification	6
F1-REF	6	1	sortmerna	0.51:0.8:5:0.9:1.0	EF513771	Root;Ascomycota;Eurotiomycetes;Chaetothyriales;Herpotrichiellaceae;Fonsecaea;Fonsecaea_monophora	Root;Ascomycota;Eurotiomycetes;Chaetothyriales;Herpotrichiellaceae;Fonsecaea;Fonsecaea_monophora	match	7
F1-REF	6	1	sortmerna	0.51:0.8:5:0.9:1.0	AM882800	Root;Basidiomycota;Agaricomycetes;Agaricales;Cortinariaceae;Inocybe;Inocybe_umbratica	Root;Basidiomycota;Agaricomycetes;Agaricales;Cortinariaceae;Inocybe;Inocybe_ambigua	misclassification	6
F1-REF	6	1	sortmerna	0.51:0.8:5:0.9:1.0	GU062261	Root;Ascomycota;Sordariomycetes;Xylariales;Xylariaceae;Daldinia	Root;Ascomycota;Sordariomycetes;Xylariales;Xylariaceae;Daldinia;Daldinia_petriniae	underclassification	6
F1-REF	6	1	sortmerna	0.51:0.8:5:0.9:1.0	AF309535	Root;Basidiomycota;Agaricomycetes;Agaricales;Tricholomataceae;Tricholoma;Tricholoma_focale	Root;Basidiomycota;Agaricomycetes;Agaricales;Tricholomataceae;Tricholoma;Tricholoma_focale	match	7
F1-REF	6	1	sortmerna	0.51:0.8:5:0.9:1.0	JN194176	Root;Ascomycota	Root;Glomeromycota;Glomeromycetes;Diversisporales;Gigasporaceae;Scutellospora;Scutellospora_calospora	misclassification	1
F1-REF	6	1	sortmerna	0.51:0.8:5:0.9:1.0	EU784262	Root;Basidiomycota;Agaricomycetes;Russulales;Hericiaceae;Hericium;Hericium_erinaceum	Root;Basidiomycota;Agaricomycetes;Russulales;Hericiaceae;Hericium;Hericium_coralloides	misclassification	6
F1-REF	6	1	sortmerna	0.51:0.8:5:0.9:1.0	EU784261	Root;Basidiomycota;Agaricomycetes;Russulales;Hericiaceae;Hericium;Hericium_erinaceum	Root;Basidiomycota;Agaricomycetes;Russulales;Hericiaceae;Creolophus;Creolophus_cirrhatus	misclassification	5
F1-REF	6	1	sortmerna	0.51:0.8:5:0.9:1.0	DQ534460	Root;Ascomycota;Lecanoromycetes;Lecanorales;Cladoniaceae;Cladonia	Root;Ascomycota;Lecanoromycetes;Lecanorales;Cladoniaceae;Cladonia;Cladonia_chlorophaea	underclassification	6
F1-REF	6	1	sortmerna	0.51:0.8:5:0.9:1.0	JN194172	Root	Root;Glomeromycota;Glomeromycetes;Diversisporales;Acaulosporaceae;Acaulospora;Acaulospora_paulinae	underclassification	1
F1-REF	6	1	sortmerna	0.51:0.8:5:0.9:1.0	EU034670	Root;Ascomycota;Lecanoromycetes;Lecanorales;Ramalinaceae;Ramalina	Root;Ascomycota;Lecanoromycetes;Lecanorales;Ramalinaceae;Ramalina;Ramalina_pollinaria	underclassification	6
F1-REF	6	1	sortmerna	0.51:0.8:5:0.9:1.0	FJ919809	Root;Ascomycota;Lecanoromycetes;Acarosporales;Acarosporaceae;Acarospora	Root;Ascomycota;Lecanoromycetes;Acarosporales;Acarosporaceae;Glypholecia;Glypholecia_scabra	misclassification	5
F1-REF	6	1	sortmerna	0.51:0.8:5:0.9:1.0	AF038354	Root;Ascomycota;Eurotiomycetes;Onygenales;Ajellomycetaceae;Ajellomyces;Ajellomyces_capsulatus	Root;Ascomycota;Eurotiomycetes;Onygenales;Ajellomycetaceae;Ajellomyces;Ajellomyces_capsulatus	match	7
F1-REF	6	1	sortmerna	0.51:0.8:5:0.9:1.0	AY533548	Root;Ascomycota;Saccharomycetes;Saccharomycetales;Pichiaceae;Pichia;Pichia_membranifaciens	Root;Ascomycota;Saccharomycetes;Saccharomycetales;Pichiaceae;Pichia;Pichia_fermentans	misclassification	6
F1-REF	6	1	sortmerna	0.51:0.8:5:0.9:1.0	HE611486	Root;Basidiomycota;Agaricomycetes;Cantharellales;Ceratobasidiaceae;Thanatephorus	Root;Basidiomycota;Agaricomycetes;Corticiales;Corticiaceae;Waitea;Rhizoctonia_oryzae	misclassification	3
F1-REF	6	1	sortmerna	0.51:0.8:5:0.9:1.0	FJ710202	Root;Basidiomycota;Agaricomycetes;Boletales;Sclerodermataceae;Pisolithus;Pisolithus_albus	Root;Basidiomycota;Agaricomycetes;Boletales;Sclerodermataceae;Pisolithus;Pisolithus_albus	match	7
F1-REF	6	1	sortmerna	0.51:0.8:5:0.9:1.0	GU214624	Root;Ascomycota;Dothideomycetes;Capnodiales;Mycosphaerellaceae	Root;Ascomycota;Dothideomycetes;Capnodiales;Mycosphaerellaceae;Brunneosphaerella;Brunneosphaerella_protearum	underclassification	5
F1-REF	6	1	sortmerna	0.51:0.8:5:0.9:1.0	FJ654654	Root;Ascomycota;Leotiomycetes;Helotiales;Dermateaceae;Neofabraea;Neofabraea_alba	Root;Ascomycota;Leotiomycetes;Helotiales;Dermateaceae;Neofabraea;Neofabraea_alba	match	7
F1-REF	6	1	sortmerna	0.51:0.8:5:0.9:1.0	AB634268	Root;Basidiomycota;Agaricomycetes;Thelephorales;Thelephoraceae;Tomentella;Tomentella_ellisii	Root;Basidiomycota;Agaricomycetes;Thelephorales;Thelephoraceae;Tomentella;Tomentella_ellisii	match	7
F1-REF	6	1	sortmerna	0.51:0.8:5:0.9:1.0	EU008634	Root;Ascomycota;Lecanoromycetes;Lecanorales;Stereocaulaceae;Stereocaulon	Root;Ascomycota;Lecanoromycetes;Lecanorales;Stereocaulaceae;Stereocaulon;Stereocaulon_tomentosum	underclassification	6
F1-REF	6	1	sortmerna	0.51:0.8:5:0.9:1.0	FJ827715	Root;Chytridiomycota;Chytridiomycetes;Spizellomycetales;Spizellomycetaceae;Spizellomyces;Spizellomyces_pseudodichotomus	Root;Chytridiomycota;Chytridiomycetes;Spizellomycetales;Spizellomycetaceae;Spizellomyces;Spizellomyces_pseudodichotomus	match	7
F1-REF	6	1	sortmerna	0.51:0.8:5:0.9:1.0	AF296789	Unassigned	Root;Basidiomycota;Agaricomycetes;Agaricales;Coprinaceae;Coprinus;Coprinus_comatus	misclassification	0
F1-REF	6	1	sortmerna	0.51:0.8:5:0.9:1.0	EU702434	Root;Ascomycota;Sordariomycetes;Xylariales	Root;Ascomycota;Sordariomycetes;Xylariales;Diatrypaceae;Eutypella;Eutypella_scoparia	underclassification	4
F1-REF	6	1	sortmerna	0.51:0.8:5:0.9:1.0	AF193379	Root;Basidiomycota;Agaricomycetes;Agaricales;Typhulaceae;Typhula;Typhula_incarnata	Root;Basidiomycota;Agaricomycetes;Agaricales;Typhulaceae;Typhula;Typhula_incarnata	match	7
F1-REF	6	1	sortmerna	0.51:0.8:5:0.9:1.0	AB267641	Root;Ascomycota;Sordariomycetes;Xylariales;Xylariaceae	Root;Ascomycota;Leotiomycetes;Helotiales;Hyaloscyphaceae;Lachnum;Lachnum_abnorme	misclassification	2
F1-REF	6	1	sortmerna	0.51:0.8:5:0.9:1.0	EU837210	Root;Ascomycota;Pezizomycetes;Pezizales;Sarcosomataceae;Sarcosoma;Sarcosoma_globosum	Root;Ascomycota;Pezizomycetes;Pezizales;Sarcosomataceae;Plectania;Plectania_milleri	misclassification	5
F1-REF	6	1	sortmerna	0.51:0.8:5:0.9:1.0	FJ627262	Root;Ascomycota;Dothideomycetes;Pleosporales;Montagnulaceae;Paraphaeosphaeria;Paraphaeosphaeria_michotii	Root;Basidiomycota;Agaricomycetes;Polyporales;Polyporaceae;Perenniporia;Perenniporia_medulla_panis	misclassification	1
F1-REF	6	1	sortmerna	0.51:0.8:5:0.9:1.0	EU837217	Root;Basidiomycota;Agaricomycetes;Agaricales;Cortinariaceae;Cortinarius;Cortinarius_boulderensis	Root;Basidiomycota;Agaricomycetes;Agaricales;Cortinariaceae;Cortinarius;Cortinarius_boulderensis	match	7
F1-REF	6	1	sortmerna	0.51:0.8:5:0.9:1.0	EU598200	Root;Basidiomycota;Agaricomycetes;Russulales;Russulaceae;Lactarius;Lactarius_deceptivus	Root;Basidiomycota;Agaricomycetes;Russulales;Russulaceae;Lactarius;Lactarius_deceptivus	match	7
F1-REF	6	1	sortmerna	0.51:0.8:5:0.9:1.0	U19954	Root;Basidiomycota;Agaricomycetes;Cantharellales;Ceratobasidiaceae;Thanatephorus	Root;Basidiomycota;Agaricomycetes;Cantharellales;Ceratobasidiaceae;Thanatephorus;Thanatephorus_cucumeris	underclassification	6
F1-REF	6	1	sortmerna	0.51:0.8:5:0.9:1.0	EU821481	Root;Ascomycota;Sordariomycetes;Diaporthales;Diaporthaceae;Diaporthe;Diaporthe_phaseolorum	Root;Ascomycota;Sordariomycetes;Diaporthales;Diaporthaceae;Diaporthe;Diaporthe_phaseolorum	match	7
F1-REF	6	1	sortmerna	0.51:0.8:5:0.9:1.0	EU266082	Root;Ascomycota;Lecanoromycetes;Lecanorales;Lecanoraceae;Lecidella;Lecidella_elaeochroma	Root;Ascomycota;Lecanoromycetes;Lecanorales;Lecanoraceae;Lecidella;Lecidella_elaeochroma	match	7
F1-REF	6	1	sortmerna	0.51:0.8:5:0.9:1.0	JQ350873	Root;Basidiomycota;Agaricomycetes;Corticiales;Corticiaceae;Waitea;Waitea_circinata_var_circinata	Root;Basidiomycota;Agaricomycetes;Corticiales;Corticiaceae;Waitea;Waitea_circinata_var_circinata	match	7
F1-REF	6	1	sortmerna	0.51:0.8:5:0.9:1.0	FM205886	Root;Ascomycota;Lecanoromycetes;Lecanorales;Cladoniaceae;Cladonia	Root;Ascomycota;Lecanoromycetes;Lecanorales;Cladoniaceae;Cladonia;Cladonia_convoluta	underclassification	6
F1-REF	6	1	sortmerna	0.51:0.8:5:0.9:1.0	UDB000927	Root;Basidiomycota;Agaricomycetes;Agaricales;Entolomataceae;Trichopilus;Trichopilus_porphyrophaeus	Root;Basidiomycota;Agaricomycetes;Agaricales;Entolomataceae;Entoloma;Entoloma	misclassification	5
F1-REF	6	1	sortmerna	0.51:0.8:5:0.9:1.0	EF093316	Root;Ascomycota;Saccharomycetes;Saccharomycetales;Pichiaceae;Pichia;Pichia_americana	Root;Ascomycota;Saccharomycetes;Saccharomycetales;Pichiaceae;Pichia;Pichia_americana	match	7
F1-REF	6	1	sortmerna	0.51:0.8:5:0.9:1.0	EU186402	Root;Ascomycota;Sordariomycetes;Hypocreales;Hypocreaceae	Root;Ascomycota;Sordariomycetes;Hypocreales;Hypocreaceae;Trichoderma;Trichoderma_atroviride	underclassification	5
F1-REF	6	1	sortmerna	0.51:0.8:5:0.9:1.0	GU384881	Root;Ascomycota;Lecanoromycetes;Lecanorales;Parmeliaceae	Root;Ascomycota;Lecanoromycetes;Lecanorales;Parmeliaceae;Punctelia;Punctelia_caseana	underclassification	5
F1-REF	6	1	sortmerna	0.51:0.8:5:0.9:1.0	EU784199	Root;Basidiomycota;Agaricomycetes;Agaricales;Tricholomataceae;Clitocybe	Root;Basidiomycota;Agaricomycetes;Agaricales;Entolomataceae;Entoloma;Entoloma_ameides	misclassification	4
F1-REF	6	1	sortmerna	0.51:0.8:5:0.9:1.0	FJ717505	Root;Basidiomycota;Agaricomycetes;Agaricales;Cortinariaceae;Cortinarius	Root;Basidiomycota;Agaricomycetes;Agaricales;Cortinariaceae;Cortinarius;Cortinarius_camphoratus	underclassification	6
F1-REF	6	1	sortmerna	0.51:0.8:5:0.9:1.0	UDB000583	Root;Basidiomycota;Agaricomycetes;Agaricales	Root;Basidiomycota;Agaricomycetes;Agaricales;Hygrophoraceae;Hygrophorus;Hygrophorus_erubescens	underclassification	4
F1-REF	6	1	sortmerna	0.51:0.8:5:0.9:1.0	FJ845432	Root;Basidiomycota;Agaricomycetes;Russulales;Russulaceae;Russula	Root;Basidiomycota;Agaricomycetes;Russulales;Russulaceae;Russula;Russula_decolorans	underclassification	6
F1-REF	6	1	sortmerna	0.51:0.8:5:0.9:1.0	HM577294	Root;Ascomycota;Lecanoromycetes;Lecanorales;Lecanoraceae	Root;Ascomycota;Lecanoromycetes;Lecanorales;Lecanoraceae;Rhizoplaca;Rhizoplaca_melanophthalma	underclassification	5
F1-REF	6	1	sortmerna	0.51:0.8:5:0.9:1.0	FJ861972	Root;Ascomycota;Leotiomycetes;Rhytismatales;Rhytismataceae;Lophodermium	Root;Ascomycota;Leotiomycetes;Rhytismatales;Rhytismataceae;Lophodermium;Lophodermium_conigenum	underclassification	6
F1-REF	6	1	sortmerna	0.51:0.8:5:0.9:1.0	JN086277	Root;Ascomycota;Lecanoromycetes;Lecanorales;Parmeliaceae;Usnea;Usnea_articulata	Root;Ascomycota;Lecanoromycetes;Lecanorales;Parmeliaceae;Usnea;Usnea_articulata	match	7
F1-REF	6	1	sortmerna	0.51:0.8:5:0.9:1.0	AY382330	Root;Basidiomycota;Tremellomycetes;Filobasidiales;Filobasidiaceae;Cryptococcus	Root;Basidiomycota;Tremellomycetes;Filobasidiales;Filobasidiaceae;Cryptococcus;Cryptococcus_albidus	underclassification	6
F1-REF	6	1	sortmerna	0.51:0.8:5:0.9:1.0	FN435748	Root;Ascomycota;Sordariomycetes;Xylariales;Xylariaceae;Biscogniauxia;Biscogniauxia_nummularia	Root;Ascomycota;Sordariomycetes;Xylariales;Xylariaceae;Biscogniauxia;Biscogniauxia_nummularia	match	7
F1-REF	6	1	sortmerna	0.51:0.8:5:0.9:1.0	AY347389	Root;Ascomycota;Leotiomycetes;Helotiales;Vibrisseaceae;Phialocephala	Root;Ascomycota;Leotiomycetes;Helotiales;Vibrisseaceae;Phialocephala;Phialocephala_turiciensis	underclassification	6
F1-REF	6	1	sortmerna	0.51:0.8:5:0.9:1.0	AF059285	Root;Basidiomycota;Agaricomycetes;Agaricales;Agaricaceae;Podaxis;Podaxis_pistillaris	Root;Basidiomycota;Agaricomycetes;Agaricales;Agaricaceae;Podaxis;Podaxis_pistillaris	match	7
F1-REF	6	1	sortmerna	0.51:0.8:5:0.9:1.0	AF357025	Root;Basidiomycota;Agaricomycetes;Agaricales;Lyophyllaceae	Root;Basidiomycota;Agaricomycetes;Agaricales;Lyophyllaceae;Tephrocybe;Tephrocybe_rancida	underclassification	5
F1-REF	6	1	sortmerna	0.51:0.8:5:0.9:1.0	AF296772	Root;Basidiomycota;Agaricomycetes;Agaricales;Psathyrellaceae;Coprinellus;Coprinellus_disseminatus	Root;Basidiomycota;Agaricomycetes;Agaricales;Psathyrellaceae;Coprinellus;Coprinellus_disseminatus	match	7
F1-REF	6	1	sortmerna	0.51:0.8:5:0.9:1.0	AY219348	Root;Basidiomycota;Agaricomycetes;Polyporales;Phanerochaetaceae;Phanerochaete	Root;Basidiomycota;Agaricomycetes;Polyporales;Phanerochaetaceae;Phanerochaete;Phanerochaete_laevis	underclassification	6
F1-REF	6	1	sortmerna	0.51:0.8:5:0.9:1.0	AF229468	Root;Ascomycota;Dothideomycetes;Pleosporales;Pleosporaceae;Alternaria	Root;Ascomycota;Dothideomycetes;Pleosporales;Pleosporaceae;Alternaria;Alternaria_dauci	underclassification	6
F1-REF	6	1	sortmerna	0.51:0.8:5:0.9:1.0	AY558780	Root;Basidiomycota;Agaricomycetes;Russulales;Albatrellaceae;Leucogaster;Leucogaster_rubescens	Root;Basidiomycota;Agaricomycetes;Russulales;Albatrellaceae;Leucogaster;Leucogaster_rubescens	match	7
F1-REF	6	1	sortmerna	0.51:0.8:5:0.9:1.0	EU597077	Root;Basidiomycota;Agaricomycetes;Gomphales;Gomphaceae;Ramaria	Root;Basidiomycota;Agaricomycetes;Gomphales;Gomphaceae;Ramaria;Ramaria_cystidiophora	underclassification	6
F1-REF	6	1	sortmerna	0.51:0.8:5:0.9:1.0	FM206478	Root;Ascomycota;Pezizomycetes;Pezizales;Pyronemataceae;Tarzetta;Tarzetta_catinus	Root;Ascomycota;Pezizomycetes;Pezizales;Pyronemataceae;Tarzetta;Tarzetta_catinus	match	7
F1-REF	6	1	sortmerna	0.51:0.8:5:0.9:1.0	AF210827	Root;Basidiomycota;Agaricomycetes;Russulales;Peniophoraceae;Peniophora	Root;Basidiomycota;Agaricomycetes;Russulales;Peniophoraceae;Peniophora;Peniophora_aurantiaca	underclassification	6
F1-REF	6	1	sortmerna	0.51:0.8:5:0.9:1.0	FM206477	Root;Ascomycota;Pezizomycetes;Pezizales;Pyronemataceae;Wilcoxina	Root;Ascomycota;Pezizomycetes;Pezizales;Pyronemataceae;Trichophaea;Trichophaea_hybrida	misclassification	5
F1-REF	6	1	sortmerna	0.51:0.8:5:0.9:1.0	AB291742	Root;Basidiomycota;Agaricomycetes;Russulales;Russulaceae;Russula;Russula_eccentrica	Root;Basidiomycota;Agaricomycetes;Russulales;Russulaceae;Russula;Russula_subnigricans	misclassification	6
F1-REF	6	1	sortmerna	0.51:0.8:5:0.9:1.0	AB048632	Root;Glomeromycota;Glomeromycetes;Archaeosporales;Ambisporaceae;Ambispora;Ambispora_appendicula	Root;Glomeromycota;Glomeromycetes;Archaeosporales;Ambisporaceae;Ambispora;Ambispora_leptoticha	misclassification	6
F1-REF	6	1	sortmerna	0.51:0.8:5:0.9:1.0	AF131080	Root;Ascomycota;Dothideomycetes;Myriangiales;Elsinoaceae;Elsinoe;Elsinoe_leucospermi	Root;Ascomycota;Dothideomycetes;Myriangiales;Elsinoaceae;Elsinoe;Elsinoe_leucospermi	match	7
F1-REF	6	1	sortmerna	0.51:0.8:5:0.9:1.0	U66450	Root;Basidiomycota;Agaricomycetes;Agaricales;Tricholomataceae;Omphalina	Root;Basidiomycota;Agaricomycetes;Agaricales;Tricholomataceae;Omphalina;Omphalina_pyxidata	underclassification	6
F1-REF	6	1	sortmerna	0.51:0.8:5:0.9:1.0	HM578955	Root;Ascomycota;Lecanoromycetes;Lecanorales;Parmeliaceae;Xanthoparmelia	Root;Ascomycota;Lecanoromycetes;Lecanorales;Parmeliaceae;Xanthoparmelia;Xanthoparmelia_mexicana	underclassification	6
F1-REF	6	1	sortmerna	0.51:0.8:5:0.9:1.0	GU371297	Root;Basidiomycota;Agaricomycetes;Russulales;Russulaceae;Russula;Russula_pulverulenta	Root;Basidiomycota;Agaricomycetes;Russulales;Russulaceae;Russula;Russula_livescens	misclassification	6
F1-REF	6	1	sortmerna	0.51:0.8:5:0.9:1.0	FJ774081	Root;Basidiomycota;Agaricomycetes;Agaricales;Pluteaceae;Pluteus;Pluteus_phlebophorus	Root;Basidiomycota;Agaricomycetes;Agaricales;Pluteaceae;Pluteus;Pluteus_nanus	misclassification	6
F1-REF	6	1	sortmerna	0.51:0.8:5:0.9:1.0	EF025415	Root;Ascomycota;Eurotiomycetes;Chaetothyriales;Herpotrichiellaceae;Exophiala;Exophiala_oligosperma	Root;Ascomycota;Eurotiomycetes;Chaetothyriales;Herpotrichiellaceae;Exophiala;Exophiala_oligosperma	match	7
F1-REF	6	1	sortmerna	0.51:0.8:5:0.9:1.0	GU973533	Root;Ascomycota;Sordariomycetes;Diaporthales;Pseudoplagiostoma_eucalypti;Pseudoplagiostoma_eucalypti;Pseudoplagiostoma_eucalypti	Root;Ascomycota;Sordariomycetes;Diaporthales;Pseudoplagiostoma_eucalypti;Pseudoplagiostoma_eucalypti;Pseudoplagiostoma_eucalypti	match	7
F1-REF	6	1	sortmerna	0.51:0.8:5:0.9:1.0	FJ491979	Root;Basidiomycota;Agaricomycetes;Polyporales;Ganodermataceae;Ganoderma	Root;Basidiomycota;Agaricomycetes;Polyporales;Ganodermataceae;Ganoderma;Ganoderma_weberianum	underclassification	6
F1-REF	6	1	sortmerna	0.51:0.8:5:0.9:1.0	AM397678	Root;Chytridiomycota;Chytridiomycetes;Olpidiaceae;Olpidium;Olpidium_brassicae;Olpidium_brassicae	Root;Chytridiomycota;Chytridiomycetes;Olpidiaceae;Olpidium;Olpidium_brassicae;Olpidium_brassicae	match	7
F1-REF	6	1	sortmerna	0.51:0.8:5:0.9:1.0	EU435146	Root;Basidiomycota;Agaricomycetes;Agaricales;Hygrophoraceae;Hygrocybe;Hygrocybe_coccinea	Root;Basidiomycota;Agaricomycetes;Agaricales;Hygrophoraceae;Hygrocybe;Hygrocybe_coccinea	match	7
F1-REF	6	1	sortmerna	0.51:0.8:5:0.9:1.0	DQ888741	Root;Ascomycota;Sordariomycetes;Hypocreales;Hypocreaceae;Trichoderma	Root;Ascomycota;Sordariomycetes;Hypocreales;Hypocreaceae;Trichoderma;Trichoderma_viride	underclassification	6
F1-REF	6	1	sortmerna	0.51:0.8:5:0.9:1.0	GQ461905	Root;Ascomycota;Eurotiomycetes;Eurotiales;Trichocomaceae;Aspergillus;Aspergillus_fumigatus	Root;Ascomycota;Eurotiomycetes;Eurotiales;Trichocomaceae;Aspergillus;Aspergillus_fumigatus	match	7
F1-REF	6	1	sortmerna	0.51:0.8:5:0.9:1.0	FJ168592	Root;Basidiomycota;Agaricomycetes;Agaricales;Bolbitiaceae;Hebeloma	Root;Basidiomycota;Agaricomycetes;Agaricales;Bolbitiaceae;Hebeloma;Hebeloma_velutipes	underclassification	6
F1-REF	6	1	sortmerna	0.51:0.8:5:0.9:1.0	DQ494702	Root;Basidiomycota;Agaricomycetes;Agaricales;Mycenaceae;Xeromphalina;Xeromphalina_junipericola	Root;Basidiomycota;Agaricomycetes;Agaricales;Mycenaceae;Xeromphalina;Xeromphalina_campanella	misclassification	6
F1-REF	6	1	sortmerna	0.51:0.8:5:0.9:1.0	GU474783	Root;Ascomycota;Pezizomycetes;Pezizales;Pezizaceae;Terfezia;Terfezia_boudieri	Root;Ascomycota;Pezizomycetes;Pezizales;Pezizaceae;Terfezia;Terfezia_boudieri	match	7
F1-REF	6	1	sortmerna	0.51:0.8:5:0.9:1.0	DQ885897	Root;Ascomycota;Dothideomycetes;Pleosporales;Montagnulaceae;Paraconiothyrium	Root;Ascomycota;Dothideomycetes;Botryosphaeriales;Botryosphaeriaceae;Microdiplodia;Microdiplodia_hawaiiensis	misclassification	3
F1-REF	6	1	sortmerna	0.51:0.8:5:0.9:1.0	AJ133397	Root;Ascomycota;Sordariomycetes;Hypocreales;Clavicipitaceae;Claviceps	Root;Ascomycota;Sordariomycetes;Hypocreales;Clavicipitaceae;Claviceps;Claviceps_sorghicola	underclassification	6
F1-REF	6	1	sortmerna	0.51:0.8:5:0.9:1.0	FJ596767	Root;Basidiomycota;Agaricomycetes;Agaricales;Marasmiaceae;Gymnopus	Root;Basidiomycota;Agaricomycetes;Agaricales;Marasmiaceae;Gymnopus;Gymnopus_dryophilus	underclassification	6
F1-REF	6	1	sortmerna	0.51:0.8:5:0.9:1.0	GU138732	Root;Ascomycota;Leotiomycetes;Rhytismatales;Rhytismataceae	Root;Ascomycota;Leotiomycetes;Rhytismatales;Rhytismataceae;Coccomyces;Coccomyces_mucronatus	underclassification	5
F1-REF	6	1	sortmerna	0.51:0.8:5:0.9:1.0	HQ833361	Root;Ascomycota;Sordariomycetes;Hypocreales;Hypocreaceae;Trichoderma	Root;Ascomycota;Sordariomycetes;Hypocreales;Hypocreaceae;Trichoderma;Trichoderma_koningiopsis	underclassification	6
F1-REF	6	1	sortmerna	0.51:0.8:5:0.9:1.0	AM882923	Root;Basidiomycota;Agaricomycetes;Agaricales;Cortinariaceae;Inocybe;Inocybe_napipes	Root;Basidiomycota;Agaricomycetes;Agaricales;Cortinariaceae;Inocybe;Inocybe_acutella	misclassification	6
F1-REF	6	1	sortmerna	0.51:0.8:5:0.9:1.0	FJ462761	Root;Basidiomycota;Agaricomycetes;Agaricales;Psathyrellaceae;Coprinellus;Coprinellus_radians	Root;Basidiomycota;Agaricomycetes;Agaricales;Psathyrellaceae;Coprinellus;Coprinellus_radians	match	7
F1-REF	6	1	sortmerna	0.51:0.8:5:0.9:1.0	AF343318	Root;Basidiomycota;Agaricomycetes;Polyporales;Meripilaceae;Antrodia;Antrodia_wangii	Root;Basidiomycota;Agaricomycetes;Polyporales;Meripilaceae;Antrodia;Antrodia_sinuosa	misclassification	6
F1-REF	6	1	sortmerna	0.51:0.8:5:0.9:1.0	U18357	Root;Ascomycota;Eurotiomycetes;Eurotiales;Trichocomaceae;Eurotium	Root;Ascomycota;Eurotiomycetes;Eurotiales;Trichocomaceae;Eurotium;Eurotium_rubrum	underclassification	6
F1-REF	6	1	sortmerna	0.51:0.8:5:0.9:1.0	AY513570	Root;Basidiomycota;Agaricomycetes	Root;Basidiomycota;Agaricomycetes;Gloeophyllales;Gloeophyllaceae;Mycobonia;Mycobonia_flava	underclassification	3
F1-REF	6	1	sortmerna	0.51:0.8:5:0.9:1.0	FN185932	Root;Ascomycota;Lecanoromycetes;Umbilicariales;Umbilicariaceae;Umbilicaria	Root;Ascomycota;Lecanoromycetes;Umbilicariales;Umbilicariaceae;Umbilicaria;Umbilicaria_antarctica	underclassification	6
F1-REF	6	1	sortmerna	0.51:0.8:5:0.9:1.0	AY083189	Root;Basidiomycota;Agaricomycetes;Agaricales;Cortinariaceae;Cortinarius	Root;Basidiomycota;Agaricomycetes;Agaricales;Cortinariaceae;Cortinarius;Cortinarius_saturninus	underclassification	6
F1-REF	6	1	sortmerna	0.51:0.8:5:0.9:1.0	FJ890026	Root;Basidiomycota;Agaricomycetes;Agaricales;Amanitaceae;Amanita;Amanita_pantherina	Root;Basidiomycota;Agaricomycetes;Agaricales;Amanitaceae;Amanita;Amanita_muscaria	misclassification	6
F1-REF	6	1	sortmerna	0.51:0.8:5:0.9:1.0	U57351	Root;Basidiomycota;Pucciniomycetes;Pucciniales;Pucciniaceae;Uromyces	Root;Basidiomycota;Pucciniomycetes;Pucciniales;Pucciniaceae;Puccinia;Puccinia_carduorum	misclassification	5
F1-REF	6	1	sortmerna	0.51:0.8:5:0.9:1.0	EU553322	Root;Ascomycota;Sordariomycetes;Hypocreales;Clavicipitaceae;Cordyceps	Root;Ascomycota;Eurotiomycetes;Eurotiales;Trichocomaceae;Paecilomyces;Paecilomyces_marquandii	misclassification	2
F1-REF	6	1	sortmerna	0.51:0.8:5:0.9:1.0	GQ925394	Root;Basidiomycota;Agaricomycetes;Agaricales;Amanitaceae;Amanita;Amanita_pseudoinculta	Root;Basidiomycota;Agaricomycetes;Agaricales;Amanitaceae;Amanita;Amanita_inculta	misclassification	6
F1-REF	6	1	sortmerna	0.51:0.8:5:0.9:1.0	GQ344614	Root;Ascomycota;Eurotiomycetes;Verrucariales;Verrucariaceae;Placidiopsis;Placidiopsis_cinerascens	Root;Ascomycota;Eurotiomycetes;Verrucariales;Verrucariaceae;Placidiopsis;Placidiopsis_cinerascens	match	7
F1-REF	6	1	sortmerna	0.51:0.8:5:0.9:1.0	FJ874774	Root;Ascomycota;Leotiomycetes;Erysiphales;Erysiphaceae;Golovinomyces;Golovinomyces_biocellatus	Root;Ascomycota;Leotiomycetes;Erysiphales;Erysiphaceae;Golovinomyces;Golovinomyces_biocellatus	match	7
F1-REF	6	1	sortmerna	0.51:0.8:5:0.9:1.0	GQ149770	Root;Ascomycota;Sordariomycetes;Hypocreales;Nectriaceae	Root;Ascomycota;Sordariomycetes;Hypocreales;Nectriaceae;Fusarium;Fusarium_chlamydosporum	underclassification	5
F1-REF	6	1	sortmerna	0.51:0.8:5:0.9:1.0	HM622269	Root;Basidiomycota;Agaricomycetes;Agaricales;Tricholomataceae;Melanoleuca	Root;Basidiomycota;Agaricomycetes;Agaricales;Tricholomataceae;Melanoleuca;Melanoleuca_melaleuca	underclassification	6
F1-REF	6	1	sortmerna	0.51:0.8:5:0.9:1.0	DQ401564	Root;Ascomycota;Lecanoromycetes;Lecanorales;Hymeneliaceae;Aspicilia;Aspicilia_esculenta	Root;Ascomycota;Lecanoromycetes;Lecanorales;Hymeneliaceae;Aspicilia;Aspicilia_esculenta	match	7
F1-REF	6	1	sortmerna	0.51:0.8:5:0.9:1.0	AY139785	Root;Ascomycota;Saccharomycetes;Saccharomycetales;Saccharomycetaceae;Kluyveromyces;Kluyveromyces_lactis	Root;Ascomycota;Saccharomycetes;Saccharomycetales;Saccharomycetaceae;Kluyveromyces;Kluyveromyces_marxianus	misclassification	6
F1-REF	6	1	sortmerna	0.51:0.8:5:0.9:1.0	AF231469	Root;Glomeromycota;Glomeromycetes;Glomerales;Glomeraceae;Glomus;Glomus_geosporum	Root;Glomeromycota;Glomeromycetes;Glomerales;Glomeraceae;Glomus;Glomus_geosporum	match	7
F1-REF	6	1	sortmerna	0.51:0.8:5:0.9:1.0	AF492081	Root;Ascomycota;Taphrinomycetes;Taphrinales;Taphrinaceae;Taphrina;Taphrina_caerulescens	Root;Ascomycota;Taphrinomycetes;Taphrinales;Taphrinaceae;Taphrina;Taphrina_caerulescens	match	7
F1-REF	6	1	sortmerna	0.51:0.8:5:0.9:1.0	EU669360	Root;Basidiomycota;Agaricomycetes;Agaricales;Cortinariaceae;Phaeocollybia;Phaeocollybia_radicata	Root;Basidiomycota;Agaricomycetes;Agaricales;Cortinariaceae;Phaeocollybia;Phaeocollybia_radicata	match	7
F1-REF	6	1	sortmerna	0.51:0.8:5:0.9:1.0	DQ383646	Root;Ascomycota;Lecanoromycetes;Lecanorales;Ramalinaceae;Ramalina;Ramalina_sinensis	Root;Ascomycota;Lecanoromycetes;Lecanorales;Ramalinaceae;Ramalina;Ramalina_sinensis	match	7
F1-REF	6	1	sortmerna	0.51:0.8:5:0.9:1.0	AF335932	Root;Basidiomycota;Tremellomycetes;Filobasidiales;Filobasidiaceae;Cryptococcus	Root;Basidiomycota;Tremellomycetes;Filobasidiales;Filobasidiaceae;Cryptococcus;Cryptococcus_diffluens	underclassification	6
F1-REF	6	1	sortmerna	0.51:0.8:5:0.9:1.0	FJ845406	Root;Basidiomycota;Agaricomycetes;Cantharellales;Hydnaceae;Hydnum	Root;Basidiomycota;Agaricomycetes;Cantharellales;Hydnaceae;Hydnum;Hydnum_repandum	underclassification	6
F1-REF	6	1	sortmerna	0.51:0.8:5:0.9:1.0	FJ167356	Root;Basidiomycota;Ustilaginomycetes;Ustilaginales;Ustilaginaceae;Ustilago	Root;Basidiomycota;Ustilaginomycetes;Ustilaginales;Ustilaginaceae;Ustilago;Ustilago_maydis	underclassification	6
F1-REF	6	1	sortmerna	0.51:0.8:5:0.9:1.0	FJ167357	Root;Basidiomycota;Microbotryomycetes;Microbotryales;Microbotryaceae;Sphacelotheca;Sporisorium_reilianum	Root;Basidiomycota;Microbotryomycetes;Microbotryales;Microbotryaceae;Sphacelotheca;Sporisorium_reilianum	match	7
F1-REF	6	1	sortmerna	0.51:0.8:5:0.9:1.0	EF639862	Root;Ascomycota;Sordariomycetes;Microascales;Microascaceae	Root;Ascomycota;Sordariomycetes;Microascales;Microascaceae;Scedosporium;Scedosporium_prolificans	underclassification	5
F1-REF	6	1	sortmerna	0.51:0.8:5:0.9:1.0	EU784355	Unassigned	Root;Basidiomycota;Agaricomycetes;Agaricales;Hygrophoraceae;Hygrocybe;Hygrocybe_vitellina	misclassification	0
F1-REF	6	1	sortmerna	0.51:0.8:5:0.9:1.0	FJ596853	Root;Basidiomycota;Agaricomycetes;Agaricales;Agaricaceae;Echinoderma	Root;Basidiomycota;Agaricomycetes;Agaricales;Agaricaceae;Echinoderma;Lepiota_acutesquamosa	underclassification	6
F1-REF	6	1	sortmerna	0.51:0.8:5:0.9:1.0	GQ844231	Root;Basidiomycota;Agaricomycetes;Agaricales	Root;Basidiomycota;Agaricomycetes;Agaricales;Physalacriaceae;Mucidula;Mucidula_mucida_var_asiatica	underclassification	4
F1-REF	6	1	sortmerna	0.51:0.8:5:0.9:1.0	GQ267499	Root;Ascomycota;Pezizomycetes;Pezizales;Pyronemataceae;Wilcoxina	Root;Ascomycota;Pezizomycetes;Pezizales;Pyronemataceae;Wilcoxina;Wilcoxina_mikolae	underclassification	6
F1-REF	6	1	sortmerna	0.51:0.8:5:0.9:1.0	EU255794	Root;Ascomycota;Sordariomycetes;Hypocreales;Nectriaceae;Gibberella	Root;Ascomycota;Sordariomycetes;Hypocreales;Nectriaceae;Gibberella;Fusarium_avenaceum	underclassification	6
F1-REF	6	1	sortmerna	0.51:0.8:5:0.9:1.0	EU249469	Root;Ascomycota;Eurotiomycetes;Verrucariales;Verrucariaceae;Verrucaria	Root;Ascomycota;Eurotiomycetes;Verrucariales;Verrucariaceae;Thelidium;Thelidium_methorium	misclassification	5
F1-REF	6	1	sortmerna	0.51:0.8:5:0.9:1.0	FJ431269	Root;Basidiomycota;Agaricomycetes;Agaricales;Marasmiaceae;Marasmius	Root;Basidiomycota;Agaricomycetes;Agaricales;Marasmiaceae;Marasmius;Marasmius_ruforotula	underclassification	6
F1-REF	6	1	sortmerna	0.51:0.8:5:0.9:1.0	DQ631941	Unassigned	Root;Ascomycota;Sordariomycetes;Xylariales;Xylariaceae;Nemania;Nemania_maritima	misclassification	0
F1-REF	6	1	sortmerna	0.51:0.8:5:0.9:1.0	HQ605931	Root;Ascomycota;Lecanoromycetes;Lecideales;Lecideaceae;Lecidea	Root;Ascomycota;Lecanoromycetes;Lecideales;Lecideaceae;Lecidea;Lecidea_fuscoatra_var_grisella	underclassification	6
F1-REF	6	1	sortmerna	0.51:0.8:5:0.9:1.0	HQ605935	Unassigned	Root;Ascomycota;Lecanoromycetes;Lecanorales;Lecanoraceae;Lecidella;Lecidella_stigmatea	misclassification	0
F1-REF	6	1	sortmerna	0.51:0.8:5:0.9:1.0	GQ852796	Root;Ascomycota	Root;Ascomycota;Dothideomycetes;Capnodiales;Teratosphaeriaceae;Teratosphaeria;Teratosphaeria_cryptica	underclassification	2
F1-REF	6	1	sortmerna	0.51:0.8:5:0.9:1.0	GU234015	Root;Basidiomycota;Agaricomycetes;Agaricales;Tricholomataceae;Clitocybe	Root;Basidiomycota;Agaricomycetes;Agaricales;Tricholomataceae;Clitocybe;Clitocybe_festiva	underclassification	6
F1-REF	6	1	sortmerna	0.51:0.8:5:0.9:1.0	GQ267474	Root;Basidiomycota;Agaricomycetes;Agaricales;Cortinariaceae;Inocybe	Root;Basidiomycota;Agaricomycetes;Agaricales;Cortinariaceae;Inocybe;Inocybe_sindonia	underclassification	6
F1-REF	6	1	sortmerna	0.51:0.8:5:0.9:1.0	EF445995	Root;Ascomycota;Orbiliomycetes;Orbiliales;Orbiliaceae;Arthrobotrys	Root;Ascomycota;Orbiliomycetes;Orbiliales;Orbiliaceae;Arthrobotrys;Arthrobotrys_flagrans	underclassification	6
F1-REF	6	1	sortmerna	0.51:0.8:5:0.9:1.0	GU068592	Root;Basidiomycota;Agaricomycetes;Hymenochaetales;Hymenochaetaceae;Inonotus;Inonotus_hispidus	Root;Basidiomycota;Agaricomycetes;Hymenochaetales;Hymenochaetaceae;Inonotus;Inonotus_hispidus	match	7
F1-REF	6	1	sortmerna	0.51:0.8:5:0.9:1.0	HM016895	Root;Ascomycota;Pezizomycetes;Pezizales;Pyronemataceae;Pyronema;Pyronema_domesticum	Root;Ascomycota;Pezizomycetes;Pezizales;Pyronemataceae;Pyronema;Pyronema_domesticum	match	7
F1-REF	6	1	sortmerna	0.51:0.8:5:0.9:1.0	GU187533	Unassigned	Root;Basidiomycota;Agaricomycetes;Boletales;Coniophoraceae;Pseudomerulius;Pseudomerulius_curtisii	misclassification	0
F1-REF	6	1	sortmerna	0.51:0.8:5:0.9:1.0	FJ356152	Root;Ascomycota;Lecanoromycetes;Lecanorales;Ramalinaceae	Root;Ascomycota;Lecanoromycetes;Lecanorales;Ramalinaceae;Ramalina;Ramalina_complanata	underclassification	5
F1-REF	6	1	sortmerna	0.51:0.8:5:0.9:1.0	AY010275	Root;Basidiomycota;Agaricomycetes;Thelephorales;Thelephoraceae;Tomentella	Root;Basidiomycota;Agaricomycetes;Thelephorales;Thelephoraceae;Tomentella;Tomentella_subclavigera	underclassification	6
F1-REF	6	1	sortmerna	0.51:0.8:5:0.9:1.0	AY245636	Root;Ascomycota;Sordariomycetes;Hypocreales	Root;Ascomycota;Sordariomycetes;Hypocreales;Clavicipitaceae;Elaphocordyceps;Elaphocordyceps_ophioglossoides	underclassification	4
F1-REF	6	1	sortmerna	0.51:0.8:5:0.9:1.0	EF190279	Root;Ascomycota;Sordariomycetes;Hypocreales;Clavicipitaceae;Hypocrella	Root;Ascomycota;Sordariomycetes;Hypocreales;Clavicipitaceae;Aschersonia;Aschersonia_hypocreoidea	misclassification	5
F1-REF	6	1	sortmerna	0.51:0.8:5:0.9:1.0	GQ388715	Root;Glomeromycota;Glomeromycetes;Glomerales;Glomeraceae;Glomus	Root;Glomeromycota;Glomeromycetes;Glomerales;Glomeraceae;Glomus;Glomus_mosseae	underclassification	6
F1-REF	6	1	sortmerna	0.51:0.8:5:0.9:1.0	AF516796	Root;Ascomycota;Pezizomycetes;Pezizales;Tuberaceae;Tuber	Root;Ascomycota;Pezizomycetes;Pezizales;Tuberaceae;Tuber;Tuber_mesentericum	underclassification	6
F1-REF	6	1	sortmerna	0.51:0.8:5:0.9:1.0	FJ389922	Root;Ascomycota;Eurotiomycetes;Eurotiales;Trichocomaceae;Talaromyces;Talaromyces_byssochlamydoides	Root;Ascomycota;Eurotiomycetes;Eurotiales;Trichocomaceae;Talaromyces;Talaromyces_emersonii	misclassification	6
F1-REF	6	1	sortmerna	0.51:0.8:5:0.9:1.0	FJ572258	Root;Basidiomycota;Agaricomycetes;Agaricales;Pleurotaceae;Pleurotus;Pleurotus_eryngii	Root;Basidiomycota;Agaricomycetes;Agaricales;Pleurotaceae;Pleurotus;Pleurotus_eryngii	match	7
F1-REF	6	1	sortmerna	0.51:0.8:5:0.9:1.0	GU138749	Root;Ascomycota;Leotiomycetes;Rhytismatales;Rhytismataceae;Hypoderma;Hypoderma_rubi	Root;Ascomycota;Leotiomycetes;Rhytismatales;Rhytismataceae;Hypoderma;Hypoderma_rubi	match	7
F1-REF	6	1	sortmerna	0.51:0.8:5:0.9:1.0	AF418630	Root;Basidiomycota;Agaricomycetes;Russulales;Russulaceae;Russula	Root;Basidiomycota;Agaricomycetes;Russulales;Russulaceae;Russula;Russula_veternosa	underclassification	6
F1-REF	6	1	sortmerna	0.51:0.8:5:0.9:1.0	EU681363	Root;Ascomycota	Root;Ascomycota;Lecanoromycetes;Teloschistales;Teloschistaceae;Teloschistes;Teloschistes_flavicans	underclassification	2
F1-REF	6	1	sortmerna	0.51:0.8:5:0.9:1.0	FJ860819	Root;Ascomycota;Sordariomycetes;Hypocreales;Hypocreaceae;Hypocrea	Root;Ascomycota;Sordariomycetes;Hypocreales;Hypocreaceae;Hypocrea;Hypocrea_psychrophila	underclassification	6
F1-REF	6	1	sortmerna	0.51:0.8:5:0.9:1.0	EU424285	Root;Basidiomycota;Agaricomycetes;Agaricales;Pleurotaceae;Pleurotus	Root;Basidiomycota;Agaricomycetes;Agaricales;Pleurotaceae;Pleurotus;Pleurotus_citrinopileatus	underclassification	6
F1-REF	6	1	sortmerna	0.51:0.8:5:0.9:1.0	FN554897	Root;Basidiomycota;Agaricomycetes;Agaricales;Tricholomataceae;Tricholomopsis	Root;Basidiomycota;Agaricomycetes;Agaricales;Tricholomataceae;Tricholomopsis;Tricholomopsis_flammula	underclassification	6
F1-REF	6	1	sortmerna	0.51:0.8:5:0.9:1.0	EU669214	Root;Ascomycota;Pezizomycetes;Pezizales;Pyronemataceae;Aleuria;Sowerbyella_rhenana	Root;Ascomycota;Pezizomycetes;Pezizales;Pyronemataceae;Aleuria;Sowerbyella_rhenana	match	7
F1-REF	6	1	sortmerna	0.51:0.8:5:0.9:1.0	U85329	Root;Basidiomycota;Agaricomycetes;Agaricales;Lycoperdaceae;Lycoperdon;Handkea_utriformis	Root;Basidiomycota;Agaricomycetes;Agaricales;Agaricaceae;Lepiota;Lepiota_subincarnata	misclassification	4
F1-REF	6	1	sortmerna	0.51:0.8:5:0.9:1.0	JN230417	Root;Basidiomycota;Agaricomycetes;Hymenochaetales;Hymenochaetaceae;Hymenochaete	Root;Basidiomycota;Agaricomycetes;Hymenochaetales;Hymenochaetaceae;Hymenochaete;Hymenochaete_corrugata	underclassification	6
F1-REF	6	1	sortmerna	0.51:0.8:5:0.9:1.0	HQ604080	Root;Basidiomycota;Agaricomycetes;Agaricales;Cortinariaceae;Inocybe	Root;Basidiomycota;Agaricomycetes;Agaricales;Cortinariaceae;Inocybe;Inocybe_fuscodisca	underclassification	6
F1-REF	6	1	sortmerna	0.51:0.8:5:0.9:1.0	EU252550	Root;Basidiomycota;Tremellomycetes;Filobasidiales;Filobasidiaceae;Cryptococcus;Cryptococcus_terricola	Root;Basidiomycota;Tremellomycetes;Filobasidiales;Filobasidiaceae;Cryptococcus;Cryptococcus_terricola	match	7
F1-REF	6	1	sortmerna	0.51:0.8:5:0.9:1.0	UDB011278	Root;Basidiomycota;Agaricomycetes;Russulales;Russulaceae;Russula	Root;Basidiomycota;Agaricomycetes;Russulales;Russulaceae;Russula;Russula_emetica	underclassification	6
F1-REF	6	1	sortmerna	0.51:0.8:5:0.9:1.0	HQ711929	Root;Ascomycota;Orbiliomycetes;Orbiliales;Orbiliaceae;Drechslerella	Root;Ascomycota;Orbiliomycetes;Orbiliales;Orbiliaceae;Drechslerella;Drechslerella_brochopaga	underclassification	6
F1-REF	6	1	sortmerna	0.51:0.8:5:0.9:1.0	EF685099	Root;Basidiomycota;Agaricomycetes;Russulales;Russulaceae;Lactarius	Root;Basidiomycota;Agaricomycetes;Russulales;Russulaceae;Lactarius;Lactarius_subpurpureus	underclassification	6
F1-REF	6	1	sortmerna	0.51:0.8:5:0.9:1.0	FJ431241	Root;Basidiomycota;Agaricomycetes;Agaricales;Marasmiaceae;Marasmius;Marasmius_gracilichorda	Root;Basidiomycota;Agaricomycetes;Agaricales;Marasmiaceae;Marasmius;Marasmius_gracilichorda	match	7
F1-REF	6	1	sortmerna	0.51:0.8:5:0.9:1.0	FJ755216	Root;Basidiomycota;Agaricomycetes;Agaricales;Psathyrellaceae;Parasola	Root;Basidiomycota;Agaricomycetes;Agaricales;Psathyrellaceae;Parasola;Parasola_conopila	underclassification	6
F1-REF	6	1	sortmerna	0.51:0.8:5:0.9:1.0	GQ981510	Root;Basidiomycota;Agaricomycetes;Hysterangiales;Mesophelliaceae;Nothocastoreum;Nothocastoreum_cretaceum	Root;Basidiomycota;Agaricomycetes;Hysterangiales;Mesophelliaceae;Mesophellia;Mesophellia_glauca	misclassification	5
F1-REF	6	1	sortmerna	0.51:0.8:5:0.9:1.0	AB378738	Root;Ascomycota;Leotiomycetes;Erysiphales;Erysiphaceae;Erysiphe	Root;Ascomycota;Leotiomycetes;Erysiphales;Erysiphaceae;Erysiphe;Erysiphe_magellanica	underclassification	6
F1-REF	6	1	sortmerna	0.51:0.8:5:0.9:1.0	AY425646	Root;Ascomycota;Lecanoromycetes;Lecanorales;Psoraceae;Protoblastenia;Protoblastenia_calva	Root;Ascomycota;Lecanoromycetes;Lecanorales;Psoraceae;Protoblastenia;Protoblastenia_calvella	misclassification	6
F1-REF	6	1	sortmerna	0.51:0.8:5:0.9:1.0	FM163218	Root;Basidiomycota;Agaricomycetes;Agaricales;Psathyrellaceae;Parasola	Root;Basidiomycota;Agaricomycetes;Agaricales;Psathyrellaceae;Parasola;Parasola_schroeterii	underclassification	6
F1-REF	6	1	sortmerna	0.51:0.8:5:0.9:1.0	AY862572	Root;Ascomycota;Sordariomycetes;Xylariales;Xylariaceae;Xylaria;Xylaria_enteroleuca	Root;Ascomycota;Sordariomycetes;Xylariales;Xylariaceae;Rosellinia;Rosellinia_mirabilis	misclassification	5
F1-REF	6	1	sortmerna	0.51:0.8:5:0.9:1.0	HQ287329	Root;Ascomycota;Lecanoromycetes;Ostropales;Stictidaceae;Schizoxylon;Schizoxylon_albescens	Root;Ascomycota;Lecanoromycetes;Ostropales;Stictidaceae;Schizoxylon;Schizoxylon_albescens	match	7
F1-REF	6	1	sortmerna	0.51:0.8:5:0.9:1.0	FM163215	Root;Basidiomycota;Agaricomycetes;Agaricales;Psathyrellaceae;Parasola	Root;Basidiomycota;Agaricomycetes;Agaricales;Psathyrellaceae;Parasola;Parasola_plicatilis	underclassification	6
F1-REF	6	1	sortmerna	0.51:0.8:5:0.9:1.0	AY916459	Root;Ascomycota;Dothideomycetes;Pleosporales;Tubeufiaceae;Tubeufia	Root;Ascomycota;Dothideomycetes;Pleosporales;Tubeufiaceae;Tubeufia;Tubeufia_helicomyces	underclassification	6
F1-REF	6	1	sortmerna	0.51:0.8:5:0.9:1.0	UDB000396	Root;Basidiomycota;Agaricomycetes;Russulales;Russulaceae	Root;Basidiomycota;Agaricomycetes;Russulales;Russulaceae;Lactifluus;Lactarius_vellereus	underclassification	5
F1-REF	6	1	sortmerna	0.51:0.8:5:0.9:1.0	GQ249887	Root;Basidiomycota;Agaricomycetes;Agaricales;Tulostomataceae;Tulostoma	Root;Basidiomycota;Agaricomycetes;Agaricales;Phelloriniaceae;Phellorinia;Phellorinia_herculea	misclassification	4
F1-REF	6	1	sortmerna	0.51:0.8:5:0.9:1.0	HQ115653	Root;Basidiomycota;Ustilaginomycetes	Root;Basidiomycota;Ustilaginomycetes;Ustilaginales;Ustilaginaceae;Pseudozyma;Pseudozyma_flocculosa	underclassification	3
F1-REF	6	1	sortmerna	0.51:0.8:5:0.9:1.0	FJ160269	Root;Ascomycota;Eurotiomycetes;Eurotiales;Trichocomaceae;Penicillium	Root;Ascomycota;Eurotiomycetes;Eurotiales;Trichocomaceae;Penicillium;Penicillium_minioluteum	underclassification	6
F1-REF	6	1	sortmerna	0.51:0.8:5:0.9:1.0	FM878007	Root;Basidiomycota;Agaricomycetes;Agaricales;Psathyrellaceae;Coprinellus	Root;Basidiomycota;Agaricomycetes;Agaricales;Psathyrellaceae;Coprinellus;Coprinellus_truncorum	underclassification	6
F1-REF	6	1	sortmerna	0.51:0.8:5:0.9:1.0	EU402586	Root;Basidiomycota;Agaricomycetes;Polyporales;Polyporaceae;Phaeolus;Phaeolus_schweinitzii	Root;Basidiomycota;Agaricomycetes;Polyporales;Polyporaceae;Phaeolus;Phaeolus_schweinitzii	match	7
F1-REF	6	1	sortmerna	0.51:0.8:5:0.9:1.0	EU402583	Root;Basidiomycota;Agaricomycetes;Polyporales;Hapalopilaceae;Leptoporus;Leptoporus_mollis	Root;Basidiomycota;Agaricomycetes;Polyporales;Hapalopilaceae;Leptoporus;Leptoporus_mollis	match	7
F1-REF	6	1	sortmerna	0.51:0.8:5:0.9:1.0	EF093428	Root;Ascomycota;Saccharomycetes;Saccharomycetales;Pichiaceae;Pichia	Root;Ascomycota;Saccharomycetes;Saccharomycetales;Pichiaceae;Pichia;Pichia_mexicana	underclassification	6
F1-REF	6	1	sortmerna	0.51:0.8:5:0.9:1.0	AB302832	Root;Ascomycota;Saccharomycetes;Saccharomycetales;Saccharomycetaceae;Zygosaccharomyces;Zygosaccharomyces_rouxii	Root;Ascomycota;Saccharomycetes;Saccharomycetales;Saccharomycetaceae;Zygosaccharomyces;Zygosaccharomyces_rouxii	match	7
F1-REF	6	1	sortmerna	0.51:0.8:5:0.9:1.0	FJ624259	Root;Ascomycota;Sordariomycetes;Diaporthales;Schizoparmaceae;Pilidiella	Root;Ascomycota;Sordariomycetes;Diaporthales;Schizoparmaceae;Pilidiella;Pilidiella_eucalyptorum	underclassification	6
F1-REF	6	1	sortmerna	0.51:0.8:5:0.9:1.0	JQ711898	Root;Basidiomycota;Agaricomycetes;Thelephorales;Thelephoraceae;Tomentellopsis;Tomentellopsis_submollis	Root;Basidiomycota;Agaricomycetes;Thelephorales;Thelephoraceae;Tomentellopsis;Tomentellopsis_submollis	match	7
F1-REF	6	1	sortmerna	0.51:0.8:5:0.9:1.0	AF396864	Root;Ascomycota;Pezizomycetes;Pezizales;Pezizaceae;Terfezia	Root;Ascomycota;Pezizomycetes;Pezizales;Pezizaceae;Terfezia;Terfezia_leptoderma	underclassification	6
F1-REF	6	1	sortmerna	0.51:0.8:5:0.9:1.0	HQ917069	Root;Ascomycota;Lecanoromycetes;Teloschistales;Teloschistaceae;Caloplaca	Root;Ascomycota;Lecanoromycetes;Teloschistales;Teloschistaceae;Caloplaca;Caloplaca_trachyphylla	underclassification	6
F1-REF	6	1	sortmerna	0.51:0.8:5:0.9:1.0	M96663	Root;Ascomycota;Dothideomycetes;Pleosporales;Leptosphaeriaceae;Leptosphaeria	Root;Ascomycota;Dothideomycetes;Pleosporales;Leptosphaeriaceae;Leptosphaeria;Leptosphaeria_maculans	underclassification	6
F1-REF	6	1	sortmerna	0.51:0.8:5:0.9:1.0	FJ431232	Root;Basidiomycota;Agaricomycetes;Agaricales;Marasmiaceae;Marasmius	Root;Basidiomycota;Agaricomycetes;Agaricales;Marasmiaceae;Marasmius;Marasmius_crinis_equi	underclassification	6
F1-REF	6	1	sortmerna	0.51:0.8:5:0.9:1.0	AY348305	Root;Ascomycota;Sordariomycetes;Ophiostomatales;Ophiostomataceae;Grosmannia	Root;Ascomycota;Sordariomycetes;Ophiostomatales;Ophiostomataceae;Leptographium;Leptographium_bistatum	misclassification	5
F1-REF	6	1	sortmerna	0.51:0.8:5:0.9:1.0	FJ411105	Root;Basidiomycota;Agaricomycetes;Polyporales;Polyporaceae;Pyrofomes;Pyrofomes_demidoffii	Root;Basidiomycota;Agaricomycetes;Polyporales;Polyporaceae;Pyrofomes;Pyrofomes_demidoffii	match	7
F1-REF	6	1	sortmerna	0.51:0.8:5:0.9:1.0	AY533559	Root;Ascomycota;Dothideomycetes;Pleosporales;Pleosporaceae;Bipolaris;Bipolaris_spicifera	Root;Ascomycota;Dothideomycetes;Pleosporales;Pleosporaceae;Bipolaris;Bipolaris_spicifera	match	7
F1-REF	6	1	sortmerna	0.51:0.8:5:0.9:1.0	EU784316	Root;Basidiomycota;Agaricomycetes;Agaricales	Root;Basidiomycota;Agaricomycetes;Agaricales;Hygrophoraceae;Hygrocybe;Hygrocybe_ingrata	underclassification	4
F1-REF	6	1	sortmerna	0.51:0.8:5:0.9:1.0	JN194166	Root;Glomeromycota;Glomeromycetes;Diversisporales;Acaulosporaceae;Acaulospora;Acaulospora_laevis	Root;Glomeromycota;Glomeromycetes;Diversisporales;Acaulosporaceae;Acaulospora;Acaulospora_laevis	match	7
F1-REF	6	1	sortmerna	0.51:0.8:5:0.9:1.0	EU784256	Root;Ascomycota;Leotiomycetes;Helotiales;Geoglossaceae;Geoglossum	Root;Ascomycota;Leotiomycetes;Helotiales;Geoglossaceae;Geoglossum;Geoglossum_fallax	underclassification	6
F1-REF	6	1	sortmerna	0.51:0.8:5:0.9:1.0	EF493247	Root;Basidiomycota;Agaricomycetes;Boletales;Boletaceae;Boletus	Root;Basidiomycota;Agaricomycetes;Boletales;Boletaceae;Boletus;Xerocomus_communis	underclassification	6
F1-REF	6	1	sortmerna	0.51:0.8:5:0.9:1.0	AY513227	Root;Basidiomycota;Agaricomycetes;Russulales;Auriscalpiaceae;Lentinellus;Lentinellus_cochleatus	Root;Basidiomycota;Agaricomycetes;Russulales;Auriscalpiaceae;Lentinellus;Lentinellus_cochleatus	match	7
F1-REF	6	1	sortmerna	0.51:0.8:5:0.9:1.0	FJ647181	Root;Ascomycota;Dothideomycetes;Botryosphaeriales;Botryosphaeriaceae;Botryosphaeria	Root;Ascomycota;Dothideomycetes;Botryosphaeriales;Botryosphaeriaceae;Botryosphaeria;Lasiodiplodia_theobromae	underclassification	6
F1-REF	6	1	sortmerna	0.51:0.8:5:0.9:1.0	HQ115660	Root;Ascomycota;Eurotiomycetes;Chaetothyriales;Herpotrichiellaceae;Phialophora;Phialophora_mustea	Root;Ascomycota;Eurotiomycetes;Chaetothyriales;Herpotrichiellaceae;Phialophora;Phialophora_mustea	match	7
F1-REF	6	1	sortmerna	0.51:0.8:5:0.9:1.0	JF908092	Root;Basidiomycota;Agaricomycetes;Agaricales;Cortinariaceae;Inocybe;Inocybe_dunensis	Root;Basidiomycota;Agaricomycetes;Agaricales;Cortinariaceae;Inocybe;Inocybe_dunensis	match	7
F1-REF	6	1	sortmerna	0.51:0.8:5:0.9:1.0	HQ650728	Root;Basidiomycota;Agaricomycetes;Gomphales;Gomphaceae	Root;Basidiomycota;Agaricomycetes;Gomphales;Gomphaceae;Clavariadelphus;Clavariadelphus_truncatus	underclassification	5
F1-REF	6	1	sortmerna	0.51:0.8:5:0.9:1.0	HQ888724	Root;Blastocladiomycota;Blastocladiomycetes;Blastocladiales;Blastocladiaceae;Allomyces	Root;Blastocladiomycota;Blastocladiomycetes;Blastocladiales;Blastocladiaceae;Allomyces;Allomyces_arbuscula	underclassification	6
F1-REF	6	1	sortmerna	0.51:0.8:5:0.9:1.0	FJ184282	Root;Ascomycota;Lecanoromycetes;Lecanorales;Stereocaulaceae;Lepraria;Lepraria_isidiata	Root;Ascomycota;Lecanoromycetes;Lecanorales;Stereocaulaceae;Lepraria;Lepraria_isidiata	match	7
F1-REF	6	1	sortmerna	0.51:0.8:5:0.9:1.0	JF440570	Root;Basidiomycota;Agaricomycetes;Boletales;Coniophoraceae;Coniophora	Root;Basidiomycota;Agaricomycetes;Boletales;Coniophoraceae;Coniophora;Coniophora_puteana	underclassification	6
F1-REF	6	1	sortmerna	0.51:0.8:5:0.9:1.0	JF440575	Root;Basidiomycota;Agaricomycetes;Polyporales;Meruliaceae;Phlebia	Root;Basidiomycota;Agaricomycetes;Polyporales;Meruliaceae;Phlebia;Phlebia_radiata	underclassification	6
F1-REF	6	1	sortmerna	0.51:0.8:5:0.9:1.0	FN423707	Root;Glomeromycota;Glomeromycetes;Diversisporales;Gigasporaceae;Racocetra;Racocetra_fulgida	Root;Glomeromycota;Glomeromycetes;Diversisporales;Gigasporaceae;Scutellospora;Scutellospora_castanea	misclassification	5
F1-REF	6	1	sortmerna	0.51:0.8:5:0.9:1.0	AY061730	Root;Basidiomycota;Agaricomycetes;Russulales;Russulaceae;Russula	Root;Basidiomycota;Agaricomycetes;Russulales;Russulaceae;Russula;Russula_cessans	underclassification	6
F1-REF	6	1	sortmerna	0.51:0.8:5:0.9:1.0	GU136168	Root;Basidiomycota;Agaricomycetes;Agaricales;Agaricaceae	Root;Basidiomycota;Agaricomycetes;Agaricales;Agaricaceae;Lepiota;Lepiota_flammeotincta	underclassification	5
F1-REF	6	1	sortmerna	0.51:0.8:5:0.9:1.0	EU977511	Root;Ascomycota;Orbiliomycetes;Orbiliales;Orbiliaceae;Arthrobotrys;Arthrobotrys_musiformis	Root;Ascomycota;Orbiliomycetes;Orbiliales;Orbiliaceae;Arthrobotrys;Arthrobotrys_musiformis	match	7
F1-REF	6	1	sortmerna	0.51:0.8:5:0.9:1.0	EU692761	Root	Root;Basidiomycota;Exobasidiomycetes;Exobasidiales;Exobasidiaceae;Exobasidium;Exobasidium_gracile	underclassification	1
F1-REF	6	1	sortmerna	0.51:0.8:5:0.9:1.0	AF052558	Root;Basidiomycota;Agaricomycetes;Atheliales;Atheliaceae;Tylospora	Root;Basidiomycota;Agaricomycetes;Atheliales;Atheliaceae;Tylospora;Tylospora_asterophora	underclassification	6
F1-REF	6	1	sortmerna	0.51:0.8:5:0.9:1.0	AF336150	Root;Basidiomycota;Agaricomycetes;Russulales;Auriscalpiaceae;Artomyces;Artomyces_pyxidatus	Root;Basidiomycota;Agaricomycetes;Russulales;Auriscalpiaceae;Artomyces;Artomyces_pyxidatus	match	7
F1-REF	6	1	sortmerna	0.51:0.8:5:0.9:1.0	GU992337	Root;Ascomycota;Lecanoromycetes;Lecanorales;Parmeliaceae	Root;Ascomycota;Lecanoromycetes;Lecanorales;Parmeliaceae;Karoowia;Karoowia_perspersa	underclassification	5
F1-REF	6	1	sortmerna	0.51:0.8:5:0.9:1.0	EF685045	Root;Basidiomycota;Agaricomycetes;Russulales;Russulaceae;Lactarius	Root;Basidiomycota;Agaricomycetes;Russulales;Russulaceae;Lactarius;Lactarius_akahatsu	underclassification	6
F1-REF	6	1	sortmerna	0.51:0.8:5:0.9:1.0	AF015250	Root;Ascomycota;Saccharomycetes;Saccharomycetales;Dipodascaceae;Galactomyces;Galactomyces_geotrichum	Root;Ascomycota;Saccharomycetes;Saccharomycetales;Dipodascaceae;Geotrichum;Geotrichum_klebahnii	misclassification	5
F1-REF	6	1	sortmerna	0.51:0.8:5:0.9:1.0	AJ842332	Root;Ascomycota;Sordariomycetes;Microascales;Microascaceae	Root;Ascomycota;Sordariomycetes;Microascales;Microascaceae;Pseudallescheria;Pseudallescheria_boydii	underclassification	5
F1-REF	6	1	sortmerna	0.51:0.8:5:0.9:1.0	AY854065	Root;Basidiomycota;Agaricomycetes;Agaricales;Pluteaceae;Pluteus	Root;Basidiomycota;Agaricomycetes;Agaricales;Pluteaceae;Pluteus;Pluteus_romellii	underclassification	6
F1-REF	6	1	sortmerna	0.51:0.8:5:0.9:1.0	AF491557	Root;Ascomycota;Pezizomycetes;Pezizales;Pezizaceae;Peziza;Peziza_varia	Root;Ascomycota;Pezizomycetes;Pezizales;Pezizaceae;Peziza;Peziza_varia	match	7
F1-REF	6	1	sortmerna	0.51:0.8:5:0.9:1.0	FJ039644	Root;Basidiomycota;Agaricomycetes;Agaricales;Cortinariaceae;Cortinarius	Root;Basidiomycota;Agaricomycetes;Agaricales;Cortinariaceae;Cortinarius;Cortinarius_aureofulvus	underclassification	6
F1-REF	6	1	sortmerna	0.51:0.8:5:0.9:1.0	JF908329	Root;Basidiomycota;Agaricomycetes;Agaricales;Lyophyllaceae;Lyophyllum	Root;Basidiomycota;Agaricomycetes;Agaricales;Lyophyllaceae;Lyophyllum;Lyophyllum_ochraceum	underclassification	6
F1-REF	6	1	sortmerna	0.51:0.8:5:0.9:1.0	EU639582	Root;Ascomycota;Lecanoromycetes;Lecanorales;Psoraceae;Protoblastenia;Protoblastenia_rupestris	Root;Ascomycota;Lecanoromycetes;Lecanorales;Psoraceae;Protoblastenia;Protoblastenia_rupestris	match	7
F1-REF	6	1	sortmerna	0.51:0.8:5:0.9:1.0	FJ441032	Root;Basidiomycota;Agaricomycetes;Agaricales;Amanitaceae;Amanita;Amanita_virgineoides	Root;Basidiomycota;Agaricomycetes;Agaricales;Amanitaceae;Amanita;Amanita_virgineoides	match	7
F1-REF	6	1	sortmerna	0.51:0.8:5:0.9:1.0	AM418545	Root;Glomeromycota;Glomeromycetes;Glomerales;Glomeraceae;Glomus	Root;Glomeromycota;Glomeromycetes;Glomerales;Glomeraceae;Glomus;Glomus_fulvum	underclassification	6
F1-REF	6	1	sortmerna	0.51:0.8:5:0.9:1.0	FJ861980	Root;Ascomycota;Leotiomycetes;Rhytismatales;Rhytismataceae;Lophodermium;Lophodermium_minor	Root;Ascomycota;Leotiomycetes;Rhytismatales;Rhytismataceae;Lophodermium;Lophodermium_illiciicola	misclassification	6
F1-REF	6	1	sortmerna	0.51:0.8:5:0.9:1.0	AF433147	Root;Ascomycota;Leotiomycetes;Rhytismatales;Cudoniaceae;Cudonia	Root;Ascomycota;Leotiomycetes;Rhytismatales;Cudoniaceae;Cudonia;Cudonia_sichuanensis	underclassification	6
F1-REF	6	1	sortmerna	0.51:0.8:5:0.9:1.0	AF433149	Root;Ascomycota;Leotiomycetes;Rhytismatales;Cudoniaceae;Cudonia	Root;Ascomycota;Leotiomycetes;Rhytismatales;Cudoniaceae;Cudonia;Cudonia_lutea	underclassification	6
F1-REF	6	1	sortmerna	0.51:0.8:5:0.9:1.0	JF908738	Root;Basidiomycota;Agaricomycetes;Agaricales;Tricholomataceae;Tricholoma	Root;Basidiomycota;Agaricomycetes;Agaricales;Tricholomataceae;Tricholoma;Tricholoma_sulphurescens	underclassification	6
F1-REF	6	1	sortmerna	0.51:0.8:5:0.9:1.0	AY456376	Root;Basidiomycota;Agaricomycetes;Cantharellales;Clavulinaceae;Clavulina	Root;Basidiomycota;Agaricomycetes;Cantharellales;Clavulinaceae;Clavulina;Clavulina_cinerea	underclassification	6
F1-REF	6	1	sortmerna	0.51:0.8:5:0.9:1.0	GQ338244	Root;Ascomycota;Eurotiomycetes;Eurotiales;Trichocomaceae;Aspergillus;Aspergillus_terreus	Root;Ascomycota;Eurotiomycetes;Eurotiales;Trichocomaceae;Aspergillus;Aspergillus_terreus	match	7
F1-REF	6	1	sortmerna	0.51:0.8:5:0.9:1.0	GQ140236	Unassigned	Root;Ascomycota;Pezizomycetes;Pezizales;Discinaceae;Hydnotrya;Hydnotrya_cerebriformis	misclassification	0
F1-REF	6	1	sortmerna	0.51:0.8:5:0.9:1.0	FJ903297	Root;Basidiomycota;Agaricomycetes	Root;Basidiomycota;Agaricomycetes;Polyporales;Sistotremataceae;Sistotrema;Sistotrema_brinkmannii	underclassification	3
F1-REF	6	1	sortmerna	0.51:0.8:5:0.9:1.0	AY425630	Root;Ascomycota;Lecanoromycetes;Lecanorales;Psoraceae;Protoblastenia	Root;Ascomycota;Lecanoromycetes;Lecanorales;Psoraceae;Protoblastenia;Protoblastenia_incrustans	underclassification	6
F1-REF	6	1	sortmerna	0.51:0.8:5:0.9:1.0	EU272483	Root;Ascomycota;Dothideomycetes;Dothideales;Dothioraceae;Aureobasidium;Aureobasidium_pullulans	Root;Ascomycota;Dothideomycetes;Dothideales;Dothioraceae;Aureobasidium;Aureobasidium_pullulans	match	7
F1-REF	6	1	sortmerna	0.51:0.8:5:0.9:1.0	EU035984	Root;Ascomycota;Sordariomycetes;Sordariales;Cephalothecaceae;Phialemonium;Phialemonium_dimorphosporum	Root;Ascomycota;Sordariomycetes;Sordariales;Cephalothecaceae;Phialemonium;Phialemonium_curvatum	misclassification	6
F1-REF	6	1	sortmerna	0.51:0.8:5:0.9:1.0	AY194519	Root;Basidiomycota;Agaricomycetes;Agaricales;Bolbitiaceae;Bolbitius	Root;Basidiomycota;Agaricomycetes;Agaricales;Bolbitiaceae;Bolbitius;Bolbitius_vitellinus	underclassification	6
F1-REF	6	1	sortmerna	0.51:0.8:5:0.9:1.0	AF192323	Root;Ascomycota;Sordariomycetes;Xylariales;Diatrypaceae;Diatrype;Diatrype_stigma	Root;Ascomycota;Sordariomycetes;Xylariales;Diatrypaceae;Diatrype;Diatrype_stigma	match	7
F1-REF	6	1	sortmerna	0.51:0.8:5:0.9:1.0	U88223	Root;Basidiomycota;Pucciniomycetes;Pucciniales;Pucciniaceae;Puccinia	Root;Basidiomycota;Pucciniomycetes;Pucciniales;Pucciniaceae;Puccinia;Puccinia_monoica	underclassification	6
F1-REF	6	1	sortmerna	0.51:0.8:5:0.9:1.0	FJ770408	Root;Basidiomycota;Agaricomycetes;Agaricales;Entolomataceae;Clitopilus	Root;Basidiomycota;Agaricomycetes;Agaricales;Entolomataceae;Clitopilus;Clitopilus_prunulus	underclassification	6
F1-REF	6	1	sortmerna	0.51:0.8:5:0.9:1.0	AB378677	Root;Ascomycota;Sordariomycetes;Hypocreales;Ophiocordycipitaceae;Ophiocordyceps	Root;Ascomycota;Sordariomycetes;Hypocreales;Ophiocordycipitaceae;Ophiocordyceps;Ophiocordyceps_prolifica	underclassification	6
F1-REF	6	1	sortmerna	0.51:0.8:5:0.9:1.0	FJ608588	Root;Basidiomycota;Agaricomycetes;Polyporales;Fomitopsidaceae;Fomitopsis;Fomitopsis_pinicola	Root;Basidiomycota;Agaricomycetes;Polyporales;Fomitopsidaceae;Fomitopsis;Fomitopsis_pinicola	match	7
F1-REF	6	1	sortmerna	0.51:0.8:5:0.9:1.0	DQ517417	Root;Basidiomycota;Agaricomycetes;Agaricales;Hygrophoraceae;Hygrophorus;Hygrophorus_gliocyclus	Root;Basidiomycota;Agaricomycetes;Agaricales;Hygrophoraceae;Hygrophorus;Hygrophorus_gliocyclus	match	7
F1-REF	6	1	sortmerna	0.51:0.8:5:0.9:1.0	GQ388729	Root;Glomeromycota;Glomeromycetes;Glomerales;Glomeraceae;Glomus;Glomus_versiforme	Root;Glomeromycota;Glomeromycetes;Glomerales;Glomeraceae;Glomus;Glomus_versiforme	match	7
F1-REF	6	1	sortmerna	0.51:0.8:5:0.9:1.0	EU670217	Root;Ascomycota;Lecanoromycetes;Teloschistales;Physciaceae;Rinodina;Rinodina_capensis	Root;Ascomycota;Lecanoromycetes;Teloschistales;Physciaceae;Dirinaria;Dirinaria_applanata	misclassification	5
F1-REF	6	1	sortmerna	0.51:0.8:5:0.9:1.0	FJ610288	Root;Ascomycota;Sordariomycetes;Hypocreales;Hypocreaceae	Root;Ascomycota;Sordariomycetes;Hypocreales;Hypocreaceae;Trichoderma;Trichoderma_brevicompactum	underclassification	5
F1-REF	6	1	sortmerna	0.51:0.8:5:0.9:1.0	GQ344599	Root;Ascomycota;Eurotiomycetes;Verrucariales;Verrucariaceae;Catapyrenium	Root;Ascomycota;Eurotiomycetes;Verrucariales;Verrucariaceae;Catapyrenium;Catapyrenium_cinereum	underclassification	6
F1-REF	6	1	sortmerna	0.51:0.8:5:0.9:1.0	HM748581	Root;Ascomycota;Eurotiomycetes;Chaetothyriales;Herpotrichiellaceae;Fonsecaea	Root;Ascomycota;Eurotiomycetes;Chaetothyriales;Herpotrichiellaceae;Fonsecaea;Fonsecaea_pedrosoi	underclassification	6
F1-REF	6	1	sortmerna	0.51:0.8:5:0.9:1.0	AF373983	Root;Ascomycota;Eurotiomycetes;Pyrenulales;Xanthopyreniaceae;Pyrenocollema;Pyrenocollema_elegans	Root;Ascomycota;Eurotiomycetes;Pyrenulales;Xanthopyreniaceae;Pyrenocollema;Pyrenocollema_elegans	match	7
F1-REF	6	1	sortmerna	0.51:0.8:5:0.9:1.0	EU118645	Root;Basidiomycota;Agaricomycetes	Root;Basidiomycota;Agaricomycetes;Agaricales;Hygrophoraceae;Lichenomphalia;Lichenomphalia_umbellifera	underclassification	3
F1-REF	6	1	sortmerna	0.51:0.8:5:0.9:1.0	JQ711901	Root;Basidiomycota;Agaricomycetes;Atheliales;Atheliaceae;Piloderma;Piloderma_fallax	Root;Basidiomycota;Agaricomycetes;Atheliales;Atheliaceae;Piloderma;Piloderma_olivaceum	misclassification	6
F1-REF	6	1	sortmerna	0.51:0.8:5:0.9:1.0	EU486439	Root;Basidiomycota;Agaricomycetes;Russulales;Russulaceae;Lactarius	Root;Basidiomycota;Agaricomycetes;Russulales;Russulaceae;Lactarius;Lactarius_pseudomucidus	underclassification	6
F1-REF	6	1	sortmerna	0.51:0.8:5:0.9:1.0	AB077658	Root;Ascomycota;Leotiomycetes;Erysiphales;Erysiphaceae;Golovinomyces	Root;Ascomycota;Leotiomycetes;Erysiphales;Erysiphaceae;Golovinomyces;Golovinomyces_sordidus	underclassification	6
F1-REF	6	1	sortmerna	0.51:0.8:5:0.9:1.0	AY335163	Root;Basidiomycota;Agaricomycetes;Polyporales;Ganodermataceae;Ganoderma;Ganoderma_lucidum	Root;Basidiomycota;Agaricomycetes;Polyporales;Ganodermataceae;Ganoderma;Ganoderma_neojaponicum	misclassification	6
F1-REF	6	1	sortmerna	0.51:0.8:5:0.9:1.0	EU853843	Root;Ascomycota;Sordariomycetes;Hypocreales;Nectriaceae;Fusarium	Root;Ascomycota;Sordariomycetes;Hypocreales;Nectriaceae;Fusarium;Fusarium_venenatum	underclassification	6
F1-REF	6	1	sortmerna	0.51:0.8:5:0.9:1.0	DQ249198	Root;Ascomycota;Saccharomycetes;Saccharomycetales;Pichiaceae;Pichia;Pichia_jadinii	Root;Ascomycota;Saccharomycetes;Saccharomycetales;Pichiaceae;Pichia;Pichia_jadinii	match	7
F1-REF	6	1	sortmerna	0.51:0.8:5:0.9:1.0	EU718112	Root;Basidiomycota;Agaricomycetes;Boletales;Sclerodermataceae;Pisolithus;Pisolithus_aurantioscabrosus	Root;Basidiomycota;Agaricomycetes;Boletales;Sclerodermataceae;Pisolithus;Pisolithus_aurantioscabrosus	match	7
F1-REF	6	1	sortmerna	0.51:0.8:5:0.9:1.0	AY218420	Root;Basidiomycota;Agaricomycetes;Polyporales;Polyporaceae;Polyporus;Polyporus_tuberaster	Root;Basidiomycota;Agaricomycetes;Polyporales;Polyporaceae;Polyporus;Polyporus_tuberaster	match	7
F1-REF	6	1	sortmerna	0.51:0.8:5:0.9:1.0	AB435066	Root;Ascomycota;Dothideomycetes;Capnodiales;Mycosphaerellaceae	Root;Ascomycota;Dothideomycetes;Capnodiales;Mycosphaerellaceae;Mycosphaerella;Mycosphaerella_berkeleyi	underclassification	5
F1-REF	6	1	sortmerna	0.51:0.8:5:0.9:1.0	EU784179	Root;Basidiomycota;Agaricomycetes;Boletales	Root;Basidiomycota;Agaricomycetes;Boletales;Sclerodermataceae;Astraeus;Astraeus_hygrometricus	underclassification	4
F1-REF	6	1	sortmerna	0.51:0.8:5:0.9:1.0	EU519461	Root;Ascomycota;Pezizomycetes;Pezizales;Pezizaceae;Terfezia;Terfezia_boudieri	Root;Ascomycota;Pezizomycetes;Pezizales;Pezizaceae;Terfezia;Terfezia_claveryi	misclassification	6
F1-REF	6	1	sortmerna	0.51:0.8:5:0.9:1.0	FM878008	Root;Basidiomycota;Agaricomycetes;Agaricales;Psathyrellaceae;Coprinellus	Root;Basidiomycota;Agaricomycetes;Agaricales;Psathyrellaceae;Coprinellus;Coprinellus_xanthothrix	underclassification	6
F1-REF	6	1	sortmerna	0.51:0.8:5:0.9:1.0	EU293832	Unassigned	Root;Basidiomycota;Agaricomycetes;Thelephorales;Bankeraceae;Hydnellum;Hydnellum_concrescens	misclassification	0
F1-REF	6	1	sortmerna	0.51:0.8:5:0.9:1.0	FM878001	Root;Basidiomycota;Agaricomycetes;Agaricales;Psathyrellaceae;Psathyrella	Root;Basidiomycota;Agaricomycetes;Agaricales;Psathyrellaceae;Psathyrella;Psathyrella_candolleana	underclassification	6
F1-REF	6	1	sortmerna	0.51:0.8:5:0.9:1.0	DQ407251	Root;Basidiomycota;Agaricomycetes;Boletales;Boletaceae;Boletus;Boletus_magnificus	Root;Basidiomycota;Agaricomycetes;Boletales;Boletaceae;Boletus;Boletus_magnificus	match	7
F1-REF	6	1	sortmerna	0.51:0.8:5:0.9:1.0	GQ426037	Root;Ascomycota;Sordariomycetes;Hypocreales;Hypocreaceae;Trichoderma	Root;Ascomycota;Sordariomycetes;Hypocreales;Hypocreaceae;Trichoderma;Trichoderma_erinaceum	underclassification	6
F1-REF	6	1	sortmerna	0.51:0.8:5:0.9:1.0	EU819469	Root;Basidiomycota;Agaricomycetes;Agaricales;Bolbitiaceae;Hebeloma	Root;Basidiomycota;Agaricomycetes;Agaricales;Bolbitiaceae;Hebeloma;Hebeloma_crustuliniforme	underclassification	6
F1-REF	6	1	sortmerna	0.51:0.8:5:0.9:1.0	GU138726	Root;Ascomycota;Leotiomycetes;Rhytismatales;Rhytismataceae;Coccomyces;Coccomyces_dentatus	Root;Ascomycota;Leotiomycetes;Rhytismatales;Rhytismataceae;Coccomyces;Coccomyces_multangularis	misclassification	6
F1-REF	6	1	sortmerna	0.51:0.8:5:0.9:1.0	AF422983	Root;Ascomycota;Dothideomycetes;Pleosporales;Phaeosphaeriaceae;Phaeosphaeria;Phaeosphaeria_spartinicola	Root;Ascomycota;Dothideomycetes;Pleosporales;Phaeosphaeriaceae;Phaeosphaeria;Phaeosphaeria_spartinicola	match	7
F1-REF	6	1	sortmerna	0.51:0.8:5:0.9:1.0	EU266695	Root;Basidiomycota;Agaricomycetes;Agaricales;Cortinariaceae;Cortinarius	Root;Basidiomycota;Agaricomycetes;Agaricales;Cortinariaceae;Cortinarius;Cortinarius_glandicolor	underclassification	6
F1-REF	6	1	sortmerna	0.51:0.8:5:0.9:1.0	AM882913	Root;Basidiomycota;Agaricomycetes;Agaricales;Cortinariaceae;Inocybe	Root;Basidiomycota;Agaricomycetes;Agaricales;Cortinariaceae;Inocybe;Inocybe_nitidiuscula	underclassification	6
F1-REF	6	1	sortmerna	0.51:0.8:5:0.9:1.0	FJ852597	Root;Ascomycota;Dothideomycetes;Pleosporales;Corynesporascaceae;Corynespora	Root;Ascomycota;Dothideomycetes;Pleosporales;Corynesporascaceae;Corynespora;Corynespora_smithii	underclassification	6
F1-REF	6	1	sortmerna	0.51:0.8:5:0.9:1.0	DQ191249	Root;Basidiomycota;Ustilaginomycetes;Ustilaginales;Ustilaginaceae;Tranzscheliella	Root;Basidiomycota;Ustilaginomycetes;Ustilaginales;Ustilaginaceae;Tranzscheliella;Tranzscheliella_hypodytes	underclassification	6
F1-REF	6	1	sortmerna	0.51:0.8:5:0.9:1.0	EU879155	Root;Ascomycota;Sordariomycetes;Ophiostomatales;Ophiostomataceae	Root;Ascomycota;Sordariomycetes;Ophiostomatales;Ophiostomataceae;Leptographium;Leptographium_wingfieldii	underclassification	5
F1-REF	6	1	sortmerna	0.51:0.8:5:0.9:1.0	HM562135	Root;Basidiomycota;Agaricomycetes;Agaricales;Pluteaceae;Pluteus	Root;Basidiomycota;Agaricomycetes;Agaricales;Pluteaceae;Pluteus;Pluteus_cervinus	underclassification	6
F1-REF	6	1	sortmerna	0.51:0.8:5:0.9:1.0	EU851920	Root;Ascomycota;Dothideomycetes;Capnodiales;Mycosphaerellaceae;Pseudocercospora	Root;Ascomycota;Dothideomycetes;Capnodiales;Mycosphaerellaceae;Pseudocercospora;Pseudocercospora_norchiensis	underclassification	6
F1-REF	6	1	sortmerna	0.51:0.8:5:0.9:1.0	U66444	Root;Basidiomycota;Agaricomycetes;Agaricales;Hygrophoraceae;Chrysomphalina;Chrysomphalina_grossula	Root;Basidiomycota;Agaricomycetes;Agaricales;Hygrophoraceae;Chrysomphalina;Chrysomphalina_grossula	match	7
F1-REF	6	1	sortmerna	0.51:0.8:5:0.9:1.0	AF394042	Root;Ascomycota;Pezizomycetes;Pezizales;Sarcoscyphaceae;Cookeina	Root;Ascomycota;Pezizomycetes;Pezizales;Sarcoscyphaceae;Cookeina;Cookeina_venezuelae	underclassification	6
F1-REF	6	1	sortmerna	0.51:0.8:5:0.9:1.0	FJ478115	Root;Basidiomycota;Agaricomycetes;Agaricales;Psathyrellaceae;Coprinellus;Coprinellus_micaceus	Root;Basidiomycota;Agaricomycetes;Agaricales;Psathyrellaceae;Coprinopsis;Coprinopsis_atramentaria	misclassification	5
F1-REF	6	1	sortmerna	0.51:0.8:5:0.9:1.0	EU526001	Root;Basidiomycota;Agaricomycetes;Agaricales;Hygrophoraceae;Hygrocybe;Hygrocybe_miniata	Root;Basidiomycota;Agaricomycetes;Agaricales;Hygrophoraceae;Hygrocybe;Hygrocybe_miniata	match	7
F1-REF	6	1	sortmerna	0.51:0.8:5:0.9:1.0	U51958	Root;Ascomycota;Leotiomycetes;Helotiales;Vibrisseaceae	Root;Ascomycota;Orbiliomycetes;Orbiliales;Orbiliaceae;Dactylellina;Dactylellina_lobata	misclassification	2
F1-REF	6	1	sortmerna	0.51:0.8:5:0.9:1.0	GQ415317	Root;Basidiomycota;Agaricomycetes;Agaricales;Amanitaceae;Amanita	Root;Basidiomycota;Agaricomycetes;Agaricales;Amanitaceae;Amanita;Amanita_flavoconia	underclassification	6
F1-REF	6	1	sortmerna	0.51:0.8:5:0.9:1.0	HM562131	Root;Basidiomycota;Agaricomycetes;Agaricales;Pluteaceae;Pluteus;Pluteus_glaucotinctus	Root;Basidiomycota;Agaricomycetes;Agaricales;Pluteaceae;Pluteus;Pluteus_glaucotinctus	match	7
F1-REF	6	1	sortmerna	0.51:0.8:5:0.9:1.0	AY243589	Root;Basidiomycota;Agaricomycetes;Agaricales;Agaricaceae;Macrolepiota	Root;Basidiomycota;Agaricomycetes;Agaricales;Agaricaceae;Macrolepiota;Macrolepiota_procera	underclassification	6
F1-REF	6	1	sortmerna	0.51:0.8:5:0.9:1.0	GQ913372	Root;Basidiomycota;Agaricomycetes;Agaricales;Physalacriaceae	Root;Basidiomycota;Agaricomycetes;Agaricales;Physalacriaceae;Hymenopellis_rubrobrunnescens;Hymenopellis_rubrobrunnescens	underclassification	5
F1-REF	6	1	sortmerna	0.51:0.8:5:0.9:1.0	FJ422904	Root;Ascomycota;Dothideomycetes;Botryosphaeriales;Botryosphaeriaceae;Botryosphaeria;Neofusicoccum_australe	Root;Ascomycota;Dothideomycetes;Botryosphaeriales;Botryosphaeriaceae;Botryosphaeria;Neofusicoccum_australe	match	7
F1-REF	6	1	sortmerna	0.51:0.8:5:0.9:1.0	AJ891110	Root;Glomeromycota;Glomeromycetes;Diversisporales;Acaulosporaceae;Acaulospora;Acaulospora_lacunosa	Root;Glomeromycota;Glomeromycetes;Diversisporales;Acaulosporaceae;Acaulospora;Acaulospora_lacunosa	match	7
F1-REF	6	1	sortmerna	0.51:0.8:5:0.9:1.0	EU697242	Root;Basidiomycota;Agaricomycetes;Cantharellales;Ceratobasidiaceae;Thanatephorus;Rhizoctonia_solani	Root;Basidiomycota;Agaricomycetes;Gomphales;Gomphaceae;Gomphus;Gomphus_bonarii	misclassification	3
F1-REF	6	1	sortmerna	0.51:0.8:5:0.9:1.0	GQ369593	Root;Ascomycota;Sordariomycetes;Phyllachorales;Phyllachoraceae;Colletotrichum	Root;Ascomycota;Sordariomycetes;Phyllachorales;Phyllachoraceae;Colletotrichum;Colletotrichum_dematium	underclassification	6
F1-REF	6	1	sortmerna	0.51:0.8:5:0.9:1.0	FJ845430	Root;Basidiomycota;Agaricomycetes;Russulales;Russulaceae;Russula	Root;Basidiomycota;Agaricomycetes;Russulales;Russulaceae;Russula;Russula_densifolia	underclassification	6
F1-REF	6	1	sortmerna	0.51:0.8:5:0.9:1.0	JN943384	Root;Ascomycota;Sordariomycetes;Hypocreales	Root;Ascomycota;Sordariomycetes;Microascales;Halosphaeriaceae;Corollospora;Corollospora_fusca	misclassification	3
F1-REF	6	1	sortmerna	0.51:0.8:5:0.9:1.0	AB439546	Root;Basidiomycota;Agaricomycetes;Russulales;Lachnocladiaceae;Asterostroma;Asterostroma_macrosporum	Root;Basidiomycota;Agaricomycetes;Russulales;Lachnocladiaceae;Asterostroma;Asterostroma_muscicola	misclassification	6
F1-REF	6	1	sortmerna	0.51:0.8:5:0.9:1.0	AF195603	Root;Basidiomycota;Agaricomycetes;Russulales	Root;Basidiomycota;Agaricomycetes;Agaricales;Strophariaceae;Pholiota;Pholiota_aurivella	misclassification	3
F1-REF	6	1	sortmerna	0.51:0.8:5:0.9:1.0	EU669378	Root;Basidiomycota;Agaricomycetes;Gomphales;Gomphaceae;Ramaria;Ramaria_conjunctipes	Root;Basidiomycota;Agaricomycetes;Gomphales;Gomphaceae;Ramaria;Ramaria_conjunctipes	match	7
F1-REF	6	1	sortmerna	0.51:0.8:5:0.9:1.0	JF908007	Root;Basidiomycota;Agaricomycetes;Agaricales;Entolomataceae;Entoloma;Entoloma_abortivum	Root;Basidiomycota;Agaricomycetes;Agaricales;Entolomataceae;Entoloma;Entoloma_undatum	misclassification	6
F1-REF	6	1	sortmerna	0.51:0.8:5:0.9:1.0	GQ267485	Root;Basidiomycota;Agaricomycetes;Boletales;Rhizopogonaceae;Rhizopogon	Root;Basidiomycota;Agaricomycetes;Boletales;Rhizopogonaceae;Rhizopogon;Rhizopogon_rubescens	underclassification	6
F1-REF	6	1	sortmerna	0.51:0.8:5:0.9:1.0	EU623639	Root;Basidiomycota;Agaricomycetes;Agaricales;Marasmiaceae;Gerronema;Gerronema_strombodes	Root;Basidiomycota;Agaricomycetes;Agaricales;Marasmiaceae;Gerronema;Gerronema_strombodes	match	7
F1-REF	6	1	sortmerna	0.51:0.8:5:0.9:1.0	GQ267480	Root;Basidiomycota;Agaricomycetes;Thelephorales;Thelephoraceae;Pseudotomentella;Pseudotomentella_tristis	Root;Basidiomycota;Agaricomycetes;Thelephorales;Thelephoraceae;Pseudotomentella;Pseudotomentella_tristis	match	7
F1-REF	6	1	sortmerna	0.51:0.8:5:0.9:1.0	EU552798	Root;Basidiomycota;Agaricomycetes;Agaricales;Tricholomataceae;Tricholoma;Tricholoma_matsutake	Root;Basidiomycota;Agaricomycetes;Agaricales;Tricholomataceae;Tricholoma;Tricholoma_matsutake	match	7
F1-REF	6	1	sortmerna	0.51:0.8:5:0.9:1.0	AF383952	Root;Ascomycota;Dothideomycetes;Pleosporales;Lophiostomataceae;Lophiostoma	Root;Ascomycota;Dothideomycetes;Pleosporales;Lophiostomataceae;Lophiostoma;Lophiostoma_arundinis	underclassification	6
F1-REF	6	1	sortmerna	0.51:0.8:5:0.9:1.0	AF137067	Root;Ascomycota;Sordariomycetes;Hypocreales;Clavicipitaceae;Metarhizium;Metarhizium_album	Root;Ascomycota;Sordariomycetes;Hypocreales;Clavicipitaceae;Metarhizium;Metarhizium_album	match	7
F1-REF	6	1	sortmerna	0.51:0.8:5:0.9:1.0	HQ605927	Root;Ascomycota;Lecanoromycetes;Lecideales;Lecideaceae;Lecidea	Root;Ascomycota;Lecanoromycetes;Lecideales;Lecideaceae;Lecidea;Lecidea_fuscoatra	underclassification	6
F1-REF	6	1	sortmerna	0.51:0.8:5:0.9:1.0	AF332118	Root;Ascomycota;Lecanoromycetes;Lecideales;Lecideaceae;Lecidea	Root;Ascomycota;Lecanoromycetes;Lecideales;Lecideaceae;Lecidea;Lecidea_lapicida_var_pantherina	underclassification	6
F1-REF	6	1	sortmerna	0.51:0.8:5:0.9:1.0	U33070	Root;Basidiomycota;Agaricomycetes;Agaricales;Marasmiaceae;Lentinula	Root;Basidiomycota;Agaricomycetes;Agaricales;Marasmiaceae;Lentinula;Lentinula_lateritia	underclassification	6
F1-REF	6	1	sortmerna	0.51:0.8:5:0.9:1.0	DQ525500	Root;Ascomycota;Lecanoromycetes;Acarosporales;Acarosporaceae;Pleopsidium	Root;Ascomycota;Lecanoromycetes;Acarosporales;Acarosporaceae;Pleopsidium;Pleopsidium_flavum	underclassification	6
F1-REF	6	1	sortmerna	0.51:0.8:5:0.9:1.0	AY375447	Root;Ascomycota;Sordariomycetes;Hypocreales;Clavicipitaceae;Metarhizium	Root;Ascomycota;Sordariomycetes;Hypocreales;Clavicipitaceae;Metarhizium;Metarhizium_flavoviride	underclassification	6
F1-REF	6	1	sortmerna	0.51:0.8:5:0.9:1.0	FJ010360	Root;Ascomycota;Dothideomycetes;Myriangiales;Elsinoaceae;Sphaceloma	Root;Ascomycota;Dothideomycetes;Myriangiales;Elsinoaceae;Elsinoe;Elsinoe_fawcettii	misclassification	5
F1-REF	6	1	sortmerna	0.51:0.8:5:0.9:1.0	EF026137	Root;Ascomycota;Sordariomycetes;Xylariales;Xylariaceae	Root;Ascomycota;Sordariomycetes;Xylariales;Xylariaceae;Annulohypoxylon;Annulohypoxylon	underclassification	5
F1-REF	6	1	sortmerna	0.51:0.8:5:0.9:1.0	AY213675	Root;Ascomycota;Eurotiomycetes;Eurotiales;Trichocomaceae;Penicillium;Penicillium_pulvillorum	Root;Ascomycota;Eurotiomycetes;Eurotiales;Trichocomaceae;Penicillium;Penicillium_ochrochloron	misclassification	6
F1-REF	6	1	sortmerna	0.51:0.8:5:0.9:1.0	AJ410754	Root;Glomeromycota;Glomeromycetes;Diversisporales;Gigasporaceae;Gigaspora;Gigaspora_margarita	Root;Glomeromycota;Glomeromycetes;Diversisporales;Gigasporaceae;Gigaspora;Gigaspora_gigantea	misclassification	6
F1-REF	6	1	sortmerna	0.51:0.8:5:0.9:1.0	AY156967	Root;Ascomycota;Eurotiomycetes;Chaetothyriales;Herpotrichiellaceae;Exophiala;Exophiala_oligosperma	Root;Ascomycota;Eurotiomycetes;Chaetothyriales;Herpotrichiellaceae;Exophiala;Exophiala_spinifera	misclassification	6
F1-REF	6	1	sortmerna	0.51:0.8:5:0.9:1.0	DQ066706	Root;Ascomycota;Lecanoromycetes;Peltigerales;Nephromataceae;Nephroma;Nephroma_helveticum	Root;Ascomycota;Lecanoromycetes;Peltigerales;Nephromataceae;Nephroma;Nephroma_helveticum	match	7
F1-REF	6	1	sortmerna	0.51:0.8:5:0.9:1.0	AB080531	Root;Ascomycota;Leotiomycetes;Erysiphales;Erysiphaceae;Phyllactinia;Phyllactinia_guttata	Root;Ascomycota;Leotiomycetes;Erysiphales;Erysiphaceae;Phyllactinia;Phyllactinia_juglandis	misclassification	6
F1-REF	6	1	sortmerna	0.51:0.8:5:0.9:1.0	AY089732	Root;Basidiomycota;Agaricomycetes;Gloeophyllales;Gloeophyllaceae;Gloeophyllum;Gloeophyllum_sepiarium	Root;Basidiomycota;Agaricomycetes;Gloeophyllales;Gloeophyllaceae;Gloeophyllum;Gloeophyllum_sepiarium	match	7
F1-REF	6	1	sortmerna	0.51:0.8:5:0.9:1.0	JF908065	Root;Basidiomycota;Agaricomycetes;Agaricales;Hygrophoraceae;Hygrophorus	Root;Basidiomycota;Agaricomycetes;Agaricales;Hygrophoraceae;Hygrophorus;Hygrophorus_russula	underclassification	6
F1-REF	6	1	sortmerna	0.51:0.8:5:0.9:1.0	AF418605	Root;Basidiomycota;Agaricomycetes;Russulales;Russulaceae;Russula	Root;Basidiomycota;Agaricomycetes;Russulales;Russulaceae;Russula;Russula_delica	underclassification	6
F1-REF	6	1	sortmerna	0.51:0.8:5:0.9:1.0	EU401714	Root;Basidiomycota;Agaricomycetes;Agaricales;Cortinariaceae;Gymnopilus	Root;Basidiomycota;Agaricomycetes;Agaricales;Cortinariaceae;Gymnopilus;Gymnopilus_purpureosquamulosus	underclassification	6
F1-REF	6	1	sortmerna	0.51:0.8:5:0.9:1.0	JN942774	Root;Ascomycota;Pezizomycetes;Pezizales;Pyronemataceae	Root;Ascomycota;Pezizomycetes;Pezizales;Pyronemataceae;Flavoscypha;Otidea_concinna	underclassification	5
F1-REF	6	1	sortmerna	0.51:0.8:5:0.9:1.0	JF908704	Root;Basidiomycota;Agaricomycetes;Russulales;Russulaceae;Russula;Russula_xerampelina	Root;Basidiomycota;Agaricomycetes;Russulales;Russulaceae;Russula;Russula_torulosa	misclassification	6
F1-REF	6	1	sortmerna	0.51:0.8:5:0.9:1.0	GQ922916	Root;Ascomycota;Sordariomycetes;Hypocreales;Nectriaceae;Gibberella	Root;Ascomycota;Sordariomycetes;Hypocreales;Nectriaceae;Gibberella;Fusarium_acuminatum	underclassification	6
F1-REF	6	1	sortmerna	0.51:0.8:5:0.9:1.0	JF907996	Root;Basidiomycota;Agaricomycetes;Agaricales;Entolomataceae;Entoloma;Entoloma_excentricum	Root;Basidiomycota;Agaricomycetes;Agaricales;Entolomataceae;Entoloma;Entoloma_excentricum	match	7
F1-REF	6	1	sortmerna	0.51:0.8:5:0.9:1.0	GU130298	Root;Ascomycota;Orbiliomycetes;Orbiliales;Orbiliaceae	Root;Ascomycota;Orbiliomycetes;Orbiliales;Orbiliaceae;Drechslerella;Drechslerella_dactyloides	underclassification	5
F1-REF	6	1	sortmerna	0.51:0.8:5:0.9:1.0	EU424294	Root;Basidiomycota;Agaricomycetes;Agaricales;Pleurotaceae;Pleurotus	Root;Basidiomycota;Agaricomycetes;Agaricales;Pleurotaceae;Pleurotus;Pleurotus_dryinus	underclassification	6
F1-REF	6	1	sortmerna	0.51:0.8:5:0.9:1.0	AB273560	Root;Ascomycota;Leotiomycetes;Erysiphales;Erysiphaceae;Blumeria;Blumeria_graminis	Root;Ascomycota;Leotiomycetes;Erysiphales;Erysiphaceae;Blumeria;Blumeria_graminis	match	7
F1-REF	6	1	sortmerna	0.51:0.8:5:0.9:1.0	EU888927	Root;Ascomycota;Eurotiomycetes;Eurotiales;Trichocomaceae;Penicillium;Penicillium_pinophilum	Root;Ascomycota;Eurotiomycetes;Eurotiales;Trichocomaceae;Penicillium;Penicillium_pinophilum	match	7
F1-REF	6	1	sortmerna	0.51:0.8:5:0.9:1.0	EU669202	Root;Basidiomycota;Agaricomycetes;Gomphales;Gomphaceae;Clavariadelphus	Root;Basidiomycota;Agaricomycetes;Gomphales;Gomphaceae;Clavariadelphus;Clavariadelphus_occidentalis	underclassification	6
F1-REF	6	1	sortmerna	0.51:0.8:5:0.9:1.0	FJ624396	Root;Ascomycota;Sordariomycetes;Hypocreales;Hypocreaceae	Root;Ascomycota;Sordariomycetes;Hypocreales;Hypocreaceae;Hypomyces;Hypomyces_chrysospermus	underclassification	5
F1-REF	6	1	sortmerna	0.51:0.8:5:0.9:1.0	AY509802	Root;Ascomycota;Lecanoromycetes;Lecanorales;Parmeliaceae;Vulpicida	Root;Ascomycota;Lecanoromycetes;Lecanorales;Lecanoraceae;Rhizoplaca;Rhizoplaca_peltata	misclassification	4
F1-REF	6	1	sortmerna	0.51:0.8:5:0.9:1.0	DQ344510	Root;Basidiomycota;Pucciniomycetes;Pucciniales;Pucciniaceae;Puccinia;Puccinia_andropogonis	Root;Basidiomycota;Pucciniomycetes;Pucciniales;Pucciniaceae;Puccinia;Puccinia_andropogonis	match	7
F1-REF	6	1	sortmerna	0.51:0.8:5:0.9:1.0	EF026149	Root;Ascomycota;Sordariomycetes;Xylariales;Xylariaceae;Xylaria	Root;Ascomycota;Sordariomycetes;Xylariales;Xylariaceae;Xylaria;Xylaria_venosula	underclassification	6
F1-REF	6	1	sortmerna	0.51:0.8:5:0.9:1.0	EF121328	Root;Ascomycota;Eurotiomycetes;Eurotiales;Trichocomaceae;Aspergillus	Root;Ascomycota;Eurotiomycetes;Eurotiales;Trichocomaceae;Aspergillus;Aspergillus_carbonarius	underclassification	6
F1-REF	6	1	sortmerna	0.51:0.8:5:0.9:1.0	EU326220	Root;Ascomycota;Sordariomycetes;Hypocreales;Clavicipitaceae;Cordyceps;Cordyceps_militaris	Root;Ascomycota;Sordariomycetes;Hypocreales;Clavicipitaceae;Cordyceps;Cordyceps_militaris	match	7
F1-REF	6	1	sortmerna	0.51:0.8:5:0.9:1.0	AB036894	Root;Basidiomycota;Agaricomycetes;Agaricales;Tricholomataceae;Tricholoma	Root;Basidiomycota;Agaricomycetes;Agaricales;Tricholomataceae;Tricholoma;Tricholoma_ustale	underclassification	6
F1-REF	6	1	sortmerna	0.51:0.8:5:0.9:1.0	AB248964	Root;Ascomycota;Eurotiomycetes;Eurotiales	Root;Ascomycota;Eurotiomycetes;Eurotiales;Trichocomaceae;Emericella;Emericella_aurantiobrunnea	underclassification	4
F1-REF	6	1	sortmerna	0.51:0.8:5:0.9:1.0	FJ468409	Root;Basidiomycota;Pucciniomycetes;Pucciniales;Pucciniaceae;Uromyces	Root;Basidiomycota;Pucciniomycetes;Pucciniales;Pucciniaceae;Uromyces;Uromyces_striatus	underclassification	6
F1-REF	6	1	sortmerna	0.51:0.8:5:0.9:1.0	FJ545249	Root;Basidiomycota;Agaricomycetes	Root;Ascomycota;Saccharomycetes;Saccharomycetales;Pichiaceae;Dekkera;Dekkera_bruxellensis	misclassification	1
F1-REF	6	1	sortmerna	0.51:0.8:5:0.9:1.0	AM882952	Root;Basidiomycota;Agaricomycetes;Agaricales;Cortinariaceae;Inocybe;Inocybe_cookei	Root;Basidiomycota;Agaricomycetes;Agaricales;Cortinariaceae;Inocybe;Inocybe_cookei	match	7
F1-REF	6	1	sortmerna	0.51:0.8:5:0.9:1.0	Z48348	Root;Ascomycota;Saccharomycetes;Saccharomycetales;Saccharomycetaceae;Kazachstania;Kazachstania_telluris	Root;Ascomycota;Saccharomycetes;Saccharomycetales;Saccharomycetaceae;Zygosaccharomyces;Zygotorulaspora_florentina	misclassification	5
F1-REF	6	1	sortmerna	0.51:0.8:5:0.9:1.0	HQ222869	Root;Ascomycota	Root;Ascomycota;Leotiomycetes;Helotiales;Geoglossaceae;Geoglossum;Geoglossum_glutinosum	underclassification	2
F1-REF	6	1	sortmerna	0.51:0.8:5:0.9:1.0	AF034461	Root;Ascomycota;Eurotiomycetes;Eurotiales;Trichocomaceae	Root;Ascomycota;Eurotiomycetes;Eurotiales;Trichocomaceae;Penicillium;Penicillium_spinulosum	underclassification	5
F1-REF	6	1	sortmerna	0.51:0.8:5:0.9:1.0	FJ467358	Root;Ascomycota;Dothideomycetes;Pleosporales;Pleosporaceae;Cochliobolus;Cochliobolus_lunatus	Root;Ascomycota;Dothideomycetes;Pleosporales;Pleosporaceae;Curvularia;Curvularia_affinis	misclassification	5
F1-REF	6	1	sortmerna	0.51:0.8:5:0.9:1.0	FN435815	Root;Ascomycota;Sordariomycetes;Xylariales;Xylariaceae;Annulohypoxylon;Annulohypoxylon_cohaerens	Root;Ascomycota;Sordariomycetes;Xylariales;Xylariaceae;Annulohypoxylon;Annulohypoxylon_cohaerens	match	7
F1-REF	6	1	sortmerna	0.51:0.8:5:0.9:1.0	EU420068	Root;Basidiomycota;Agaricomycetes;Agaricales;Pleurotaceae;Pleurotus;Pleurotus_ostreatus	Root;Basidiomycota;Agaricomycetes;Agaricales;Pleurotaceae;Pleurotus;Pleurotus_ostreatus	match	7
F1-REF	6	1	sortmerna	0.51:0.8:5:0.9:1.0	FN812727	Root;Basidiomycota;Agaricomycetes;Polyporales;Phanerochaetaceae	Root;Basidiomycota;Agaricomycetes;Polyporales;Phanerochaetaceae;Phanerochaete;Phanerochaete_sordida	underclassification	5
F1-REF	6	1	sortmerna	0.51:0.8:5:0.9:1.0	AF079577	Root;Basidiomycota;Agaricomycetes;Agaricales;Marasmiaceae;Lentinula;Lentinula_boryana	Root;Basidiomycota;Agaricomycetes;Agaricales;Marasmiaceae;Lentinula;Lentinula_boryana	match	7
F1-REF	6	1	sortmerna	0.51:0.8:5:0.9:1.0	JF491203	Root;Ascomycota;Dothideomycetes;Pleosporales;Pleosporaceae;Alternaria	Root;Ascomycota;Dothideomycetes;Pleosporales;Pleosporaceae;Alternaria;Alternaria_solani	underclassification	6
F1-REF	6	1	sortmerna	0.51:0.8:5:0.9:1.0	EU681306	Root;Ascomycota;Lecanoromycetes;Teloschistales;Teloschistaceae;Xanthoria;Xanthoria_ligulata	Root;Ascomycota;Lecanoromycetes;Teloschistales;Teloschistaceae;Xanthoria;Xanthoria_streimannii	misclassification	6
F1-REF	6	1	sortmerna	0.51:0.8:5:0.9:1.0	AF065614	Root;Ascomycota;Sordariomycetes;Hypocreales;Clavicipitaceae;Balansia;Balansia_henningsiana	Root;Ascomycota;Sordariomycetes;Hypocreales;Clavicipitaceae;Balansia;Balansia_discoidea	misclassification	6
F1-REF	6	1	sortmerna	0.51:0.8:5:0.9:1.0	GQ241278	Root;Ascomycota;Dothideomycetes;Pleosporales;Pleosporaceae;Epicoccum;Epicoccum_nigrum	Root;Ascomycota;Dothideomycetes;Pleosporales;Pleosporaceae;Epicoccum;Epicoccum_nigrum	match	7
F1-REF	6	1	sortmerna	0.51:0.8:5:0.9:1.0	EU365846	Root;Ascomycota;Lecanoromycetes;Teloschistales;Teloschistaceae;Caloplaca	Root;Ascomycota;Lecanoromycetes;Teloschistales;Teloschistaceae;Caloplaca;Caloplaca_thracopontica	underclassification	6
F1-REF	6	1	sortmerna	0.51:0.8:5:0.9:1.0	HQ604224	Root;Basidiomycota;Agaricomycetes;Agaricales;Cortinariaceae;Inocybe	Root;Basidiomycota;Agaricomycetes;Agaricales;Cortinariaceae;Inocybe;Inocybe_lanuginosa	underclassification	6
F1-REF	6	1	sortmerna	0.51:0.8:5:0.9:1.0	AY606287	Root;Ascomycota;Leotiomycetes;Helotiales;Vibrisseaceae;Phialocephala;Phialocephala_fortinii	Root;Ascomycota;Leotiomycetes;Helotiales;Vibrisseaceae;Phialocephala;Phialocephala_fortinii	match	7
F1-REF	6	1	sortmerna	0.51:0.8:5:0.9:1.0	AF116177	Root;Ascomycota;Lecanoromycetes;Lecanorales;Parmeliaceae	Root;Ascomycota;Lecanoromycetes;Lecanorales;Parmeliaceae;Nodobryoria;Nodobryoria_abbreviata	underclassification	5
F1-REF	6	1	sortmerna	0.51:0.8:5:0.9:1.0	FJ223228	Root;Basidiomycota;Agaricomycetes;Agaricales;Agaricaceae;Agaricus;Agaricus_bisporus	Root;Basidiomycota;Agaricomycetes;Agaricales;Agaricaceae;Agaricus;Agaricus_bisporus	match	7
F1-REF	6	1	sortmerna	0.51:0.8:5:0.9:1.0	GQ253464	Root;Basidiomycota;Agaricomycetes;Hymenochaetales;Hymenochaetaceae;Inonotus	Root;Basidiomycota;Agaricomycetes;Hymenochaetales;Hymenochaetaceae;Inocutis;Inocutis_dryophilus	misclassification	5
F1-REF	6	1	sortmerna	0.51:0.8:5:0.9:1.0	AF186015	Unassigned	Root;Microsporidia;Microsporea;Microsporida;Enterocytozoonidae;Nucleospora;Nucleospora_salmonis	misclassification	0
F1-REF	6	1	sortmerna	0.51:0.8:5:0.9:1.0	EF471307	Root;Basidiomycota;Agaricomycetes;Agaricales;Agaricaceae;Agaricus	Root;Basidiomycota;Agaricomycetes;Agaricales;Agaricaceae;Agaricus;Agaricus_blazei	underclassification	6
F1-REF	6	1	sortmerna	0.51:0.8:5:0.9:1.0	AY061698	Root;Basidiomycota;Agaricomycetes;Russulales;Russulaceae;Russula	Root;Basidiomycota;Agaricomycetes;Russulales;Russulaceae;Russula;Russula_odorata	underclassification	6
F1-REF	6	1	sortmerna	0.51:0.8:5:0.9:1.0	UDB011166	Root;Basidiomycota;Agaricomycetes;Russulales;Russulaceae;Russula	Root;Basidiomycota;Agaricomycetes;Russulales;Russulaceae;Russula;Russula_luteotacta	underclassification	6
F1-REF	6	1	sortmerna	0.51:0.8:5:0.9:1.0	FN185795	Root;Basidiomycota;Agaricomycetes;Thelephorales;Bankeraceae;Phellodon;Phellodon_melaleucus	Root;Basidiomycota;Agaricomycetes;Thelephorales;Bankeraceae;Phellodon;Phellodon_melaleucus	match	7
F1-REF	6	1	sortmerna	0.51:0.8:5:0.9:1.0	DQ826739	Root;Ascomycota;Eurotiomycetes;Chaetothyriales;Herpotrichiellaceae;Exophiala	Root;Ascomycota;Eurotiomycetes;Chaetothyriales;Herpotrichiellaceae;Exophiala;Exophiala_pisciphila	underclassification	6
F1-REF	6	1	sortmerna	0.51:0.8:5:0.9:1.0	DQ872858	Root;Ascomycota;Saccharomycetes;Saccharomycetales;Saccharomycetaceae;Zygosaccharomyces	Root;Ascomycota;Saccharomycetes;Saccharomycetales;Saccharomycetaceae;Zygosaccharomyces;Zygosaccharomyces_bailii	underclassification	6
F1-REF	6	1	sortmerna	0.51:0.8:5:0.9:1.0	EF560606	Root;Ascomycota;Sordariomycetes;Hypocreales;Nectriaceae;Fusarium;Fusarium_oxysporum	Root;Ascomycota;Sordariomycetes;Hypocreales;Nectriaceae;Gibberella;Gibberella_moniliformis	misclassification	5
F1-REF	6	1	sortmerna	0.51:0.8:5:0.9:1.0	EF560604	Root;Ascomycota;Sordariomycetes;Hypocreales;Nectriaceae;Gibberella	Root;Ascomycota;Sordariomycetes;Hypocreales;Nectriaceae;Gibberella;Fusarium_udum	underclassification	6
F1-REF	6	1	sortmerna	0.51:0.8:5:0.9:1.0	EF560605	Root;Ascomycota;Sordariomycetes;Hypocreales;Nectriaceae;Gibberella;Fusarium_equiseti	Root;Ascomycota;Sordariomycetes;Hypocreales;Nectriaceae;Gibberella;Fusarium_lateritium	misclassification	6
F1-REF	6	1	sortmerna	0.51:0.8:5:0.9:1.0	FJ441632	Root;Ascomycota;Sordariomycetes;Diaporthales;Valsaceae;Phomopsis;Phomopsis_phyllanthicola	Root;Ascomycota;Sordariomycetes;Diaporthales;Valsaceae;Phomopsis;Phomopsis_phyllanthicola	match	7
F1-REF	6	1	sortmerna	0.51:0.8:5:0.9:1.0	EU819422	Root;Basidiomycota;Agaricomycetes;Russulales;Russulaceae;Russula;Russula_delica	Root;Basidiomycota;Agaricomycetes;Russulales;Russulaceae;Russula;Russula_brevipes_var_acrior	misclassification	6
F1-REF	6	1	sortmerna	0.51:0.8:5:0.9:1.0	EU833654	Root;Basidiomycota;Agaricomycetes;Agaricales;Lycoperdaceae	Root;Basidiomycota;Agaricomycetes;Agaricales;Agaricaceae;Disciseda;Disciseda_candida	misclassification	4
F1-REF	6	1	sortmerna	0.51:0.8:5:0.9:1.0	HM060317	Root;Basidiomycota;Agaricomycetes;Agaricales;Cortinariaceae;Cortinarius	Root;Basidiomycota;Agaricomycetes;Agaricales;Cortinariaceae;Cortinarius;Cortinarius_rotundisporus	underclassification	6
F1-REF	6	1	sortmerna	0.51:0.8:5:0.9:1.0	GQ411524	Root;Basidiomycota;Agaricomycetes;Hymenochaetales;Schizoporaceae;Hyphodontia	Root;Basidiomycota;Agaricomycetes;Hymenochaetales;Schizoporaceae;Hyphodontia;Hyphodontia_nothofagi	underclassification	6
F1-REF	6	1	sortmerna	0.51:0.8:5:0.9:1.0	EF447409	Root;Ascomycota;Sordariomycetes;Diaporthales;Valsaceae	Root;Ascomycota;Sordariomycetes;Diaporthales;Valsaceae;Valsa;Valsa_ceratosperma	underclassification	5
F1-REF	6	1	sortmerna	0.51:0.8:5:0.9:1.0	FJ827732	Root;Chytridiomycota;Chytridiomycetes;Spizellomycetales;Spizellomycetaceae;Kochiomyces;Kochiomyces_dichotomus	Root;Chytridiomycota;Chytridiomycetes;Spizellomycetales;Spizellomycetaceae;Kochiomyces;Kochiomyces_dichotomus	match	7
F1-REF	6	1	sortmerna	0.51:0.8:5:0.9:1.0	HQ234601	Root;Ascomycota;Lecanoromycetes;Teloschistales;Teloschistaceae;Caloplaca	Root;Ascomycota;Lecanoromycetes;Teloschistales;Teloschistaceae;Caloplaca;Caloplaca_percrocata	underclassification	6
F1-REF	6	1	sortmerna	0.51:0.8:5:0.9:1.0	EF449525	Root;Ascomycota;Saccharomycetes;Saccharomycetales;Metschnikowiaceae;Metschnikowia	Root;Ascomycota;Saccharomycetes;Saccharomycetales;Metschnikowiaceae;Metschnikowia;Metschnikowia_pulcherrima	underclassification	6
F1-REF	6	1	sortmerna	0.51:0.8:5:0.9:1.0	AF325655	Root;Basidiomycota;Agaricomycetes;Agaricales;Cortinariaceae;Descolea	Root;Basidiomycota;Agaricomycetes;Agaricales;Cortinariaceae;Descolea;Descolea_phlebophora	underclassification	6
F1-REF	6	1	sortmerna	0.51:0.8:5:0.9:1.0	AF444664	Root;Basidiomycota;Tremellomycetes;Tremellales;Tremellaceae;Bulleromyces;Bulleromyces_albus	Root;Basidiomycota;Tremellomycetes;Tremellales;Tremellaceae;Bulleromyces;Bulleromyces_albus	match	7
F1-REF	6	1	sortmerna	0.51:0.8:5:0.9:1.0	AB245120	Root;Ascomycota;Lecanoromycetes;Peltigerales;Lobariaceae;Sticta;Sticta_nylanderiana	Root;Ascomycota;Lecanoromycetes;Peltigerales;Lobariaceae;Sticta;Sticta_nylanderiana	match	7
F1-REF	6	1	sortmerna	0.51:0.8:5:0.9:1.0	EU669386	Root;Ascomycota;Pezizomycetes;Pezizales;Pyronemataceae	Root;Ascomycota;Pezizomycetes;Pezizales;Pyronemataceae;Pseudaleuria;Pseudaleuria_quinaultiana	underclassification	5
F1-REF	6	1	sortmerna	0.51:0.8:5:0.9:1.0	AF506449	Root;Basidiomycota;Agaricomycetes;Russulales	Root;Basidiomycota;Agaricomycetes;Russulales;Bondarzewiaceae;Gloiodon;Gloiodon_strigosus	underclassification	4
F1-REF	6	1	sortmerna	0.51:0.8:5:0.9:1.0	JN942174	Root;Ascomycota;Sordariomycetes;Sordariales;Lasiosphaeriaceae	Root;Ascomycota;Sordariomycetes;Sordariales;Lasiosphaeriaceae;Lasiosphaeris;Lasiosphaeris_hispida	underclassification	5
F1-REF	6	1	sortmerna	0.51:0.8:5:0.9:1.0	DQ865101	Root;Ascomycota;Dothideomycetes;Pleosporales;Pleosporaceae;Alternaria	Root;Ascomycota;Dothideomycetes;Pleosporales;Pleosporaceae;Crivellia;Dendryphion_penicillatum	misclassification	5
F1-REF	6	1	sortmerna	0.51:0.8:5:0.9:1.0	FJ468404	Root;Basidiomycota;Pucciniomycetes;Pucciniales;Pucciniaceae	Root;Basidiomycota;Pucciniomycetes;Pucciniales;Pucciniaceae;Uromyces;Uromyces_pisi	underclassification	5
F1-REF	6	1	sortmerna	0.51:0.8:5:0.9:1.0	EU935553	Root;Basidiomycota;Agaricomycetes;Agaricales;Marasmiaceae;Marasmius	Root;Basidiomycota;Agaricomycetes;Agaricales;Marasmiaceae;Marasmius;Marasmius_guyanensis	underclassification	6
F1-REF	6	1	sortmerna	0.51:0.8:5:0.9:1.0	JN194180	Unassigned	Root;Glomeromycota;Glomeromycetes;Diversisporales;Gigasporaceae;Gigaspora;Gigaspora_rosea	misclassification	0
F1-REF	6	1	sortmerna	0.51:0.8:5:0.9:1.0	EU014059	Root;Basidiomycota;Pucciniomycetes;Pucciniales;Pucciniaceae;Puccinia	Root;Basidiomycota;Pucciniomycetes;Pucciniales;Pucciniaceae;Puccinia;Puccinia_tanaceti	underclassification	6
F1-REF	6	1	sortmerna	0.51:0.8:5:0.9:1.0	GQ166873	Root;Basidiomycota;Agaricomycetes;Boletales;Boletaceae;Boletus	Root;Basidiomycota;Agaricomycetes;Boletales;Boletaceae;Boletus;Boletus_rubellus	underclassification	6
F1-REF	6	1	sortmerna	0.51:0.8:5:0.9:1.0	GQ166871	Root;Basidiomycota;Agaricomycetes;Russulales;Russulaceae;Russula	Root;Basidiomycota;Agaricomycetes;Russulales;Russulaceae;Russula;Russula_subtilis	underclassification	6
F1-REF	6	1	sortmerna	0.51:0.8:5:0.9:1.0	AF433152	Root;Ascomycota;Leotiomycetes;Rhytismatales;Cudoniaceae	Root;Ascomycota;Leotiomycetes;Rhytismatales;Cudoniaceae;Spathularia;Spathularia_flavida	underclassification	5
F1-REF	6	1	sortmerna	0.51:0.8:5:0.9:1.0	AY243611	Root;Basidiomycota;Agaricomycetes;Agaricales;Agaricaceae;Chlorophyllum	Root;Basidiomycota;Agaricomycetes;Agaricales;Agaricaceae;Chlorophyllum;Chlorophyllum_hortense	underclassification	6
F1-REF	6	1	sortmerna	0.51:0.8:5:0.9:1.0	AF203472	Root;Ascomycota;Leotiomycetes;Rhytismatales;Rhytismataceae;Tryblidiopsis;Tryblidiopsis_pinastri	Root;Ascomycota;Leotiomycetes;Rhytismatales;Rhytismataceae;Lirula;Lirula_macrospora	misclassification	5
F1-REF	6	1	sortmerna	0.51:0.8:5:0.9:1.0	FJ177464	Root;Ascomycota;Sordariomycetes;Hypocreales;Cordycipitaceae;Isaria	Root;Ascomycota;Sordariomycetes;Hypocreales;Cordycipitaceae;Isaria;Isaria_fumosorosea	underclassification	6
F1-REF	6	1	sortmerna	0.51:0.8:5:0.9:1.0	AY573539	Root;Basidiomycota;Agaricomycetes;Agaricales;Tricholomataceae;Tricholoma	Root;Basidiomycota;Agaricomycetes;Agaricales;Tricholomataceae;Tricholoma;Tricholoma_ustaloides	underclassification	6
F1-REF	6	1	sortmerna	0.51:0.8:5:0.9:1.0	FJ774079	Root;Basidiomycota;Agaricomycetes;Agaricales;Pluteaceae;Pluteus	Root;Basidiomycota;Agaricomycetes;Agaricales;Pluteaceae;Pluteus;Pluteus_leoninus	underclassification	6
F1-REF	6	1	sortmerna	0.51:0.8:5:0.9:1.0	AF071340	Root;Ascomycota;Dothideomycetes;Pleosporales;Pleosporaceae	Root;Ascomycota;Dothideomycetes;Pleosporales;Pleosporaceae;Setosphaeria;Setosphaeria_monoceras	underclassification	5
F1-REF	6	1	sortmerna	0.51:0.8:5:0.9:1.0	FJ897535	Root;Basidiomycota;Pucciniomycetes;Pucciniales;Pucciniaceae;Puccinia;Puccinia_funkiae	Root;Basidiomycota;Pucciniomycetes;Pucciniales;Pucciniaceae;Puccinia;Puccinia_hemerocallidis	misclassification	6
F1-REF	6	1	sortmerna	0.51:0.8:5:0.9:1.0	AB378667	Root;Ascomycota;Sordariomycetes;Hypocreales;Ophiocordycipitaceae;Ophiocordyceps	Root;Ascomycota;Sordariomycetes;Hypocreales;Ophiocordycipitaceae;Ophiocordyceps;Ophiocordyceps_cuboidea	underclassification	6
F1-REF	6	1	sortmerna	0.51:0.8:5:0.9:1.0	EU918698	Root;Basidiomycota;Agaricomycetes;Russulales;Peniophoraceae;Peniophora	Root;Basidiomycota;Agaricomycetes;Russulales;Peniophoraceae;Peniophora;Peniophora_incarnata	underclassification	6
F1-REF	6	1	sortmerna	0.51:0.8:5:0.9:1.0	AM295494	Root;Glomeromycota;Glomeromycetes;Paraglomerales;Paraglomeraceae;Paraglomus;Paraglomus_laccatum	Root;Glomeromycota;Glomeromycetes;Paraglomerales;Paraglomeraceae;Paraglomus;Paraglomus_laccatum	match	7
F1-REF	6	1	sortmerna	0.51:0.8:5:0.9:1.0	AB488487	Root;Ascomycota;Dothideomycetes;Capnodiales;Mycosphaerellaceae;Ramichloridium	Root;Ascomycota;Dothideomycetes;Capnodiales;Mycosphaerellaceae;Ramichloridium;Ramichloridium_strelitziae	underclassification	6
F1-REF	6	1	sortmerna	0.51:0.8:5:0.9:1.0	AM087256	Root;Basidiomycota;Agaricomycetes;Russulales;Russulaceae;Lactarius;Lactarius_camphoratus	Root;Basidiomycota;Agaricomycetes;Russulales;Russulaceae;Lactarius;Lactarius_camphoratus	match	7
F1-REF	6	1	sortmerna	0.51:0.8:5:0.9:1.0	AJ006675	Root;Basidiomycota;Agaricomycetes;Polyporales;Steccherinaceae;Junghuhnia	Root;Basidiomycota;Agaricomycetes;Polyporales;Steccherinaceae;Antrodiella;Antrodiella_semisupina	misclassification	5
F1-REF	6	1	sortmerna	0.51:0.8:5:0.9:1.0	AY965748	Root;Ascomycota;Orbiliomycetes;Orbiliales;Orbiliaceae	Root;Ascomycota;Orbiliomycetes;Orbiliales;Orbiliaceae;Dactylellina;Dactylellina_parvicollis	underclassification	5
F1-REF	6	1	sortmerna	0.51:0.8:5:0.9:1.0	AJ006670	Root;Basidiomycota;Agaricomycetes;Polyporales;Hapalopilaceae;Spongipellis;Spongipellis_pachyodon	Root;Basidiomycota;Agaricomycetes;Polyporales;Hapalopilaceae;Spongipellis;Spongipellis_delectans	misclassification	6
F1-REF	6	1	sortmerna	0.51:0.8:5:0.9:1.0	FJ411092	Root;Basidiomycota;Agaricomycetes;Polyporales;Ganodermataceae;Ganoderma	Root;Basidiomycota;Agaricomycetes;Polyporales;Polyporaceae;Perenniporia;Perenniporia_martius	misclassification	4
F1-REF	6	1	sortmerna	0.51:0.8:5:0.9:1.0	HM997129	Root;Ascomycota;Dothideomycetes;Pleosporales;Pleosporaceae;Edenia;Edenia_gomezpompae	Root;Ascomycota;Dothideomycetes;Pleosporales;Pleosporaceae;Edenia;Edenia_gomezpompae	match	7
F1-REF	6	1	sortmerna	0.51:0.8:5:0.9:1.0	DQ322080	Root;Ascomycota;Sordariomycetes;Xylariales;Xylariaceae;Camillea;Camillea_tinctor	Root;Ascomycota;Sordariomycetes;Xylariales;Xylariaceae;Camillea;Camillea_tinctor	match	7
F1-REF	6	1	sortmerna	0.51:0.8:5:0.9:1.0	FJ501575	Root;Basidiomycota;Agaricomycetes;Agaricales;Tricholomataceae;Lepista	Root;Basidiomycota;Agaricomycetes;Agaricales;Tricholomataceae;Lepista;Lepista_sordida	underclassification	6
F1-REF	6	1	sortmerna	0.51:0.8:5:0.9:1.0	EU486444	Root;Basidiomycota;Agaricomycetes;Agaricales;Tricholomataceae;Tricholoma;Tricholoma_portentosum	Root;Basidiomycota;Agaricomycetes;Agaricales;Tricholomataceae;Tricholoma;Tricholoma_portentosum	match	7
F1-REF	6	1	sortmerna	0.51:0.8:5:0.9:1.0	JF908691	Root;Basidiomycota;Agaricomycetes;Russulales;Russulaceae;Russula;Russula_atropurpurea	Root;Basidiomycota;Agaricomycetes;Russulales;Russulaceae;Russula;Russula_atropurpurea	match	7
F1-REF	6	1	sortmerna	0.51:0.8:5:0.9:1.0	DQ681337	Root;Ascomycota;Eurotiomycetes;Eurotiales;Trichocomaceae;Penicillium;Penicillium_raistrickii	Root;Ascomycota;Eurotiomycetes;Eurotiales;Trichocomaceae;Penicillium;Penicillium_pulvillorum	misclassification	6
F1-REF	6	1	sortmerna	0.51:0.8:5:0.9:1.0	GQ152145	Root;Ascomycota;Leotiomycetes;Helotiales;Helotiaceae	Root;Ascomycota;Leotiomycetes;Helotiales;Helotiaceae;Hymenoscyphus;Articulospora_tetracladia	underclassification	5
F1-REF	6	1	sortmerna	0.51:0.8:5:0.9:1.0	AF389157	Root;Basidiomycota;Agaricomycetes;Agaricales;Cortinariaceae;Cortinarius	Root;Basidiomycota;Agaricomycetes;Agaricales;Cortinariaceae;Cortinarius;Cortinarius_duracinus	underclassification	6
F1-REF	6	1	sortmerna	0.51:0.8:5:0.9:1.0	FJ998413	Root;Ascomycota;Sordariomycetes;Hypocreales;Hypocreaceae;Hypocrea;Hypocrea_jecorina	Root;Ascomycota;Sordariomycetes;Hypocreales;Hypocreaceae;Hypocrea;Hypocrea_jecorina	match	7
F1-REF	6	1	sortmerna	0.51:0.8:5:0.9:1.0	EU113280	Root;Ascomycota;Lecanoromycetes;Lecanorales;Cladoniaceae;Cladonia	Root;Ascomycota;Lecanoromycetes;Lecanorales;Cladoniaceae;Cladonia;Cladonia_homchantarae	underclassification	6
F1-REF	6	1	sortmerna	0.51:0.8:5:0.9:1.0	FJ627027	Root;Basidiomycota;Agaricomycetes;Agaricales;Hygrophoraceae;Hygrocybe	Root;Basidiomycota;Agaricomycetes;Agaricales;Hygrophoraceae;Hygrocybe;Hygrocybe_laeta	underclassification	6
F1-REF	6	1	sortmerna	0.51:0.8:5:0.9:1.0	EF484924	Root;Ascomycota;Sordariomycetes;Hypocreales;Clavicipitaceae;Metarhizium;Metarhizium_anisopliae	Root;Ascomycota;Sordariomycetes;Hypocreales;Clavicipitaceae;Metarhizium;Metarhizium_lepidiotae	misclassification	6
F1-REF	6	1	sortmerna	0.51:0.8:5:0.9:1.0	AM882868	Root;Basidiomycota;Agaricomycetes;Agaricales;Cortinariaceae;Inocybe;Inocybe_posterula	Root;Basidiomycota;Agaricomycetes;Agaricales;Cortinariaceae;Inocybe;Inocybe_posterula	match	7
F1-REF	6	1	sortmerna	0.51:0.8:5:0.9:1.0	FM206390	Root;Ascomycota;Pezizomycetes;Pezizales;Pyronemataceae;Geopora;Geopora_cervina	Root;Ascomycota;Pezizomycetes;Pezizales;Pyronemataceae;Geopora;Geopora_cervina	match	7
F1-REF	6	1	sortmerna	0.51:0.8:5:0.9:1.0	AF272907	Root;Basidiomycota;Agaricomycetes;Thelephorales;Thelephoraceae;Tomentella	Root;Basidiomycota;Agaricomycetes;Thelephorales;Thelephoraceae;Thelephora;Thelephora_pseudoterrestris	misclassification	5
F1-REF	6	1	sortmerna	0.51:0.8:5:0.9:1.0	U89365	Root;Ascomycota;Sordariomycetes;Hypocreales;Clavicipitaceae;Balansia	Root;Ascomycota;Sordariomycetes;Hypocreales;Clavicipitaceae;Balansia;Balansia_claviceps	underclassification	6
F1-REF	6	1	sortmerna	0.51:0.8:5:0.9:1.0	EU833211	Root;Ascomycota;Eurotiomycetes;Eurotiales;Trichocomaceae;Penicillium	Root;Ascomycota;Eurotiomycetes;Eurotiales;Trichocomaceae;Penicillium;Penicillium_brevicompactum	underclassification	6
F1-REF	6	1	sortmerna	0.51:0.8:5:0.9:1.0	AF096204	Root;Ascomycota;Lecanoromycetes;Umbilicariales;Umbilicariaceae;Umbilicaria	Root;Ascomycota;Lecanoromycetes;Umbilicariales;Umbilicariaceae;Umbilicaria;Umbilicaria_muehlenbergii	underclassification	6
F1-REF	6	1	sortmerna	0.51:0.8:5:0.9:1.0	AF085489	Root;Basidiomycota;Agaricomycetes;Agaricales;Amanitaceae;Amanita;Amanita_citrina	Root;Basidiomycota;Agaricomycetes;Agaricales;Amanitaceae;Amanita;Amanita_citrina	match	7
F1-REF	6	1	sortmerna	0.51:0.8:5:0.9:1.0	FJ596909	Root;Basidiomycota;Agaricomycetes;Agaricales;Tricholomataceae;Tricholoma	Root;Basidiomycota;Agaricomycetes;Agaricales;Tricholomataceae;Tricholoma;Tricholoma_columbetta	underclassification	6
F1-REF	6	1	sortmerna	0.51:0.8:5:0.9:1.0	GQ166889	Root;Basidiomycota;Agaricomycetes;Boletales;Boletaceae;Boletus	Root;Basidiomycota;Agaricomycetes;Boletales;Boletaceae;Boletus;Boletus_bicolor	underclassification	6
F1-REF	6	1	sortmerna	0.51:0.8:5:0.9:1.0	GQ166887	Root;Basidiomycota;Agaricomycetes;Boletales;Gyroporaceae;Gyroporus;Gyroporus_castaneus	Root;Basidiomycota;Agaricomycetes;Boletales;Gyroporaceae;Gyroporus;Gyroporus_castaneus	match	7
F1-REF	6	1	sortmerna	0.51:0.8:5:0.9:1.0	EU715651	Root;Ascomycota;Sordariomycetes;Xylariales;Xylariaceae;Biscogniauxia	Root;Ascomycota;Sordariomycetes;Xylariales;Xylariaceae;Biscogniauxia;Biscogniauxia_atropunctata	underclassification	6
F1-REF	6	1	sortmerna	0.51:0.8:5:0.9:1.0	FJ501580	Root;Basidiomycota;Tremellomycetes	Root;Basidiomycota;Tremellomycetes;Tremellales;Tremellaceae;Tremella;Tremella_fuciformis	underclassification	3
F1-REF	6	1	sortmerna	0.51:0.8:5:0.9:1.0	FJ418216	Root;Ascomycota;Sordariomycetes;Hypocreales;Nectriaceae;Gibberella;Fusarium_equiseti	Root;Ascomycota;Sordariomycetes;Hypocreales;Nectriaceae;Gibberella;Fusarium_equiseti	match	7
F1-REF	6	1	sortmerna	0.51:0.8:5:0.9:1.0	FJ477839	Root;Ascomycota;Dothideomycetes;Pleosporales;Pleosporaceae;Alternaria	Root;Ascomycota;Dothideomycetes;Pleosporales;Pleosporaceae;Alternaria;Alternaria_japonica	underclassification	6
F1-REF	6	1	sortmerna	0.51:0.8:5:0.9:1.0	EU551199	Root;Ascomycota;Eurotiomycetes;Eurotiales;Trichocomaceae;Aspergillus	Root;Ascomycota;Eurotiomycetes;Eurotiales;Trichocomaceae;Neosartorya;Neosartorya_fischeri	misclassification	5
F1-REF	6	1	sortmerna	0.51:0.8:5:0.9:1.0	JN813394	Root;Ascomycota;Lecanoromycetes;Teloschistales;Teloschistaceae;Caloplaca	Root;Ascomycota;Lecanoromycetes;Teloschistales;Teloschistaceae;Caloplaca;Caloplaca_marmorata	underclassification	6
F1-REF	6	1	sortmerna	0.51:0.8:5:0.9:1.0	HM635711	Root;Basidiomycota;Agaricomycetes;Hymenochaetales;Hymenochaetaceae	Root;Basidiomycota;Agaricomycetes;Hymenochaetales;Hymenochaetaceae;Phellinus;Phellinus_gabonensis	underclassification	5
F1-REF	6	1	sortmerna	0.51:0.8:5:0.9:1.0	AY245629	Root;Ascomycota;Sordariomycetes;Xylariales;Xylariaceae	Root;Ascomycota;Sordariomycetes;Hypocreales;Ophiocordycipitaceae;Ophiocordyceps;Ophiocordyceps_dipterigena	misclassification	3
F1-REF	6	1	sortmerna	0.51:0.8:5:0.9:1.0	EU732726	Root;Ascomycota	Root;Ascomycota;Sordariomycetes;Phyllachorales;Phyllachoraceae;Colletotrichum;Colletotrichum_lini	underclassification	2
F1-REF	6	1	sortmerna	0.51:0.8:5:0.9:1.0	EU523581	Root;Basidiomycota;Agaricomycetes;Agaricales;Cortinariaceae;Inocybe	Root;Basidiomycota;Agaricomycetes;Agaricales;Cortinariaceae;Inocybe;Inocybe_hirtella	underclassification	6
F1-REF	6	1	sortmerna	0.51:0.8:5:0.9:1.0	DQ131632	Unassigned	Root;Basidiomycota;Agaricomycetes;Boletales;Boletaceae;Boletus;Xerocomus_subtomentosus	misclassification	0
F1-REF	6	1	sortmerna	0.51:0.8:5:0.9:1.0	AF516568	Root;Basidiomycota;Agaricomycetes;Polyporales;Polyporaceae;Polyporus	Root;Basidiomycota;Agaricomycetes;Polyporales;Polyporaceae;Polyporus;Polyporus_melanopus	underclassification	6
F1-REF	6	1	sortmerna	0.51:0.8:5:0.9:1.0	AM882769	Root;Basidiomycota;Agaricomycetes;Agaricales;Cortinariaceae;Inocybe	Root;Basidiomycota;Agaricomycetes;Agaricales;Cortinariaceae;Inocybe;Inocybe_obsoleta	underclassification	6
F1-REF	6	1	sortmerna	0.51:0.8:5:0.9:1.0	FJ845427	Root;Basidiomycota;Agaricomycetes;Russulales;Russulaceae;Russula;Russula_laurocerasi	Root;Basidiomycota;Agaricomycetes;Russulales;Russulaceae;Russula;Russula_foetens	misclassification	6
F1-REF	6	1	sortmerna	0.51:0.8:5:0.9:1.0	FJ416303	Root;Ascomycota;Eurotiomycetes;Onygenales;Arthrodermataceae;Arthroderma	Root;Ascomycota;Eurotiomycetes;Onygenales;Arthrodermataceae;Arthroderma;Arthroderma_uncinatum	underclassification	6
F1-REF	6	1	sortmerna	0.51:0.8:5:0.9:1.0	FJ968757	Root;Basidiomycota;Agaricomycetes;Agaricales;Psathyrellaceae;Psathyrella	Root;Basidiomycota;Agaricomycetes;Agaricales;Psathyrellaceae;Psathyrella;Psathyrella_nitens	underclassification	6
F1-REF	6	1	sortmerna	0.51:0.8:5:0.9:1.0	JF263484	Root;Basidiomycota;Pucciniomycetes;Pucciniales;Uropyxidaceae;Dasyspora	Root;Basidiomycota;Pucciniomycetes;Pucciniales;Uropyxidaceae;Dasyspora;Dasyspora_nitidae	underclassification	6
F1-REF	6	1	sortmerna	0.51:0.8:5:0.9:1.0	AF458445	Root;Basidiomycota;Agaricomycetes;Agaricales;Tricholomataceae;Tricholoma	Root;Basidiomycota;Agaricomycetes;Agaricales;Tricholomataceae;Tricholoma;Tricholoma_mutabile	underclassification	6
F1-REF	6	1	sortmerna	0.51:0.8:5:0.9:1.0	DQ534573	Root;Basidiomycota;Agaricomycetes;Boletales;Hygrophoropsidaceae;Tapinella	Root;Basidiomycota;Agaricomycetes;Boletales;Hygrophoropsidaceae;Tapinella;Tapinella_atrotomentosa	underclassification	6
F1-REF	6	1	sortmerna	0.51:0.8:5:0.9:1.0	EU856062	Root;Ascomycota;Dothideomycetes;Botryosphaeriales;Botryosphaeriaceae;Neofusicoccum	Root;Ascomycota;Dothideomycetes;Botryosphaeriales;Botryosphaeriaceae;Neofusicoccum;Neofusicoccum_arbuti	underclassification	6
F1-REF	6	1	sortmerna	0.51:0.8:5:0.9:1.0	AB070888	Root;Basidiomycota;Agaricomycetes;Polyporales;Polyporaceae;Trametes;Trametes_elegans	Root;Basidiomycota;Agaricomycetes;Polyporales;Polyporaceae;Polyporus;Polyporus_tricholoma	misclassification	5
F1-REF	6	1	sortmerna	0.51:0.8:5:0.9:1.0	EU400136	Root;Ascomycota;Sordariomycetes;Phyllachorales;Phyllachoraceae;Colletotrichum	Root;Ascomycota;Sordariomycetes;Phyllachorales;Phyllachoraceae;Colletotrichum;Colletotrichum_trifolii	underclassification	6
F1-REF	6	1	sortmerna	0.51:0.8:5:0.9:1.0	EU525947	Root;Basidiomycota;Agaricomycetes;Agaricales;Cortinariaceae;Inocybe	Root;Basidiomycota;Agaricomycetes;Agaricales;Cortinariaceae;Inocybe;Inocybe_sororia	underclassification	6
F1-REF	6	1	sortmerna	0.51:0.8:5:0.9:1.0	DQ534477	Root;Ascomycota;Lecanoromycetes;Teloschistales;Physciaceae;Physcia	Root;Ascomycota;Lecanoromycetes;Teloschistales;Physciaceae;Physcia;Physcia_dubia	underclassification	6
F1-REF	6	1	sortmerna	0.51:0.8:5:0.9:1.0	AM930233	Root;Basidiomycota;Agaricomycetes;Russulales;Russulaceae;Lactarius;Lactarius_chrysorrheus	Root;Basidiomycota;Agaricomycetes;Russulales;Russulaceae;Lactarius;Lactarius_chrysorrheus	match	7
F1-REF	6	1	sortmerna	0.51:0.8:5:0.9:1.0	AH008981	Root;Basidiomycota;Agaricomycetes;Agaricales	Root;Basidiomycota;Agaricomycetes;Agaricales;Agaricaceae;Battarrea;Battarrea_stevenii	underclassification	4
F1-REF	6	1	sortmerna	0.51:0.8:5:0.9:1.0	GU067663	Root;Ascomycota;Eurotiomycetes;Chaetothyriales;Herpotrichiellaceae;Racodium;Racodium_rupestre	Root;Ascomycota;Eurotiomycetes;Chaetothyriales;Herpotrichiellaceae;Racodium;Racodium_rupestre	match	7
F1-REF	6	1	sortmerna	0.51:0.8:5:0.9:1.0	EF652495	Root;Ascomycota	Root;Ascomycota;Eurotiomycetes;Eurotiales;Trichocomaceae;Aspergillus;Aspergillus_asperescens	underclassification	2
F1-REF	6	1	sortmerna	0.51:0.8:5:0.9:1.0	FR692351	Root;Glomeromycota;Glomeromycetes;Diversisporales;Acaulosporaceae;Acaulospora	Root;Glomeromycota;Glomeromycetes;Diversisporales;Acaulosporaceae;Acaulospora;Acaulospora_scrobiculata	underclassification	6
F1-REF	6	1	sortmerna	0.51:0.8:5:0.9:1.0	HQ406808	Root;Ascomycota;Sordariomycetes;Sordariales;Lasiosphaeriaceae;Fimetariella;Fimetariella_rabenhorstii	Root;Ascomycota;Sordariomycetes;Sordariales;Lasiosphaeriaceae;Fimetariella;Fimetariella_rabenhorstii	match	7
F1-REF	6	1	sortmerna	0.51:0.8:5:0.9:1.0	FJ441665	Root;Ascomycota;Dothideomycetes;Botryosphaeriales;Botryosphaeriaceae;Botryosphaeria;Botryosphaeria_dothidea	Root;Ascomycota;Dothideomycetes;Botryosphaeriales;Botryosphaeriaceae;Botryosphaeria;Botryosphaeria_berengeriana	misclassification	6
F1-REF	6	1	sortmerna	0.51:0.8:5:0.9:1.0	EU819470	Root;Ascomycota;Pezizomycetes;Pezizales;Pyronemataceae;Humaria;Humaria_hemisphaerica	Root;Ascomycota;Pezizomycetes;Pezizales;Pyronemataceae;Humaria;Humaria_hemisphaerica	match	7
F1-REF	6	1	sortmerna	0.51:0.8:5:0.9:1.0	GQ981514	Root;Ascomycota;Pezizomycetes;Pezizales;Pyronemataceae;Nothojafnea;Nothojafnea_cryptotricha	Root;Ascomycota;Pezizomycetes;Pezizales;Pyronemataceae;Nothojafnea;Nothojafnea_cryptotricha	match	7
F1-REF	6	1	sortmerna	0.51:0.8:5:0.9:1.0	FN423699	Root;Glomeromycota;Glomeromycetes;Glomerales;Glomeraceae;Glomus;Glomus_mosseae	Root;Glomeromycota;Glomeromycetes;Glomerales;Glomeraceae;Glomus;Glomus_caledonium	misclassification	6
F1-REF	6	1	sortmerna	0.51:0.8:5:0.9:1.0	FR799312	Root;Ascomycota;Lecanoromycetes;Rhizocarpales;Catillariaceae;Catillaria;Catillaria_nigroclavata	Root;Ascomycota;Lecanoromycetes;Rhizocarpales;Catillariaceae;Catillaria;Catillaria_nigroclavata	match	7
F1-REF	6	1	sortmerna	0.51:0.8:5:0.9:1.0	JN850990	Root;Ascomycota;Sordariomycetes;Hypocreales;Nectriaceae;Fusarium;Fusarium_oxysporum	Root;Ascomycota;Sordariomycetes;Hypocreales;Nectriaceae;Gibberella;Gibberella_intermedia	misclassification	5
F1-REF	6	1	sortmerna	0.51:0.8:5:0.9:1.0	HQ586862	Root;Basidiomycota;Agaricomycetes;Agaricales;Cortinariaceae;Inocybe;Inocybe_petiginosa	Root;Basidiomycota;Agaricomycetes;Agaricales;Cortinariaceae;Inocybe;Inocybe_petiginosa	match	7
F1-REF	6	1	sortmerna	0.51:0.8:5:0.9:1.0	FM205507	Root;Ascomycota;Pezizomycetes;Pezizales;Tuberaceae;Tuber;Tuber_borchii_var_sphaerospermum	Root;Ascomycota;Pezizomycetes;Pezizales;Tuberaceae;Tuber;Tuber_oligospermum	misclassification	6
F1-REF	6	1	sortmerna	0.51:0.8:5:0.9:1.0	FJ178364	Root;Ascomycota;Sordariomycetes;Ophiostomatales;Ophiostomataceae;Ophiostoma;Ophiostoma_ips	Root;Ascomycota;Sordariomycetes;Ophiostomatales;Ophiostomataceae;Ophiostoma;Ophiostoma_ips	match	7
F1-REF	6	1	sortmerna	0.51:0.8:5:0.9:1.0	FJ157013	Root;Basidiomycota;Agaricomycetes;Agaricales;Cortinariaceae;Cortinarius	Root;Basidiomycota;Agaricomycetes;Agaricales;Cortinariaceae;Cortinarius;Cortinarius_semisanguineus	underclassification	6
F1-REF	6	1	sortmerna	0.51:0.8:5:0.9:1.0	AB084618	Root;Basidiomycota;Agaricomycetes;Polyporales;Meruliaceae;Phlebia;Phlebia_livida_subsp_tuberculata	Root;Basidiomycota;Agaricomycetes;Polyporales;Meruliaceae;Phlebia;Phlebia_livida	misclassification	6
F1-REF	6	1	sortmerna	0.51:0.8:5:0.9:1.0	GU361938	Root;Ascomycota;Sordariomycetes;Hypocreales;Bionectriaceae;Stephanonectria;Stephanonectria_keithii	Root;Ascomycota;Sordariomycetes;Hypocreales;Bionectriaceae;Stephanonectria;Stephanonectria_keithii	match	7
F1-REF	6	1	sortmerna	0.51:0.8:5:0.9:1.0	FJ157018	Root;Basidiomycota;Agaricomycetes;Agaricales;Cortinariaceae;Cortinarius	Root;Basidiomycota;Agaricomycetes;Agaricales;Cortinariaceae;Cortinarius;Cortinarius_caperatus	underclassification	6
F1-REF	6	1	sortmerna	0.51:0.8:5:0.9:1.0	AF325651	Root;Basidiomycota;Agaricomycetes;Agaricales;Cortinariaceae;Descolea	Root;Basidiomycota;Agaricomycetes;Agaricales;Cortinariaceae;Descolea;Descolea_maculata	underclassification	6
F1-REF	6	1	sortmerna	0.51:0.8:5:0.9:1.0	AF325653	Root;Basidiomycota;Agaricomycetes;Agaricales;Cortinariaceae;Descolea;Descolea_gunnii	Root;Basidiomycota;Agaricomycetes;Agaricales;Cortinariaceae;Descolea;Descolea_gunnii	match	7
F1-REF	6	1	sortmerna	0.51:0.8:5:0.9:1.0	EU520236	Root;Basidiomycota;Agaricomycetes;Agaricales	Root;Basidiomycota;Agaricomycetes;Agaricales;Marasmiaceae;Flammulina;Flammulina_velutipes	underclassification	4
F1-REF	6	1	sortmerna	0.51:0.8:5:0.9:1.0	FM993281	Root;Basidiomycota;Agaricomycetes;Agaricales;Cortinariaceae;Cortinarius	Root;Basidiomycota;Agaricomycetes;Agaricales;Cortinariaceae;Cortinarius;Cortinarius_alnetorum	underclassification	6
F1-REF	6	1	sortmerna	0.51:0.8:5:0.9:1.0	AJ891105	Root;Glomeromycota;Glomeromycetes;Diversisporales;Acaulosporaceae;Acaulospora;Acaulospora_alpina	Root;Glomeromycota;Glomeromycetes;Diversisporales;Acaulosporaceae;Acaulospora;Acaulospora_alpina	match	7
F1-REF	6	1	sortmerna	0.51:0.8:5:0.9:1.0	AY773454	Root;Ascomycota;Orbiliomycetes;Orbiliales;Orbiliaceae;Arthrobotrys	Root;Ascomycota;Orbiliomycetes;Orbiliales;Orbiliaceae;Arthrobotrys;Arthrobotrys_vermicola	underclassification	6
F1-REF	6	1	sortmerna	0.51:0.8:5:0.9:1.0	EU375546	Root;Basidiomycota;Agaricomycetes;Cantharellales;Ceratobasidiaceae;Thanatephorus;Rhizoctonia_solani	Root;Basidiomycota;Agaricomycetes;Corticiales;Corticiaceae;Rhizoctonia;Rhizoctonia_bataticola	misclassification	3
F1-REF	6	1	sortmerna	0.51:0.8:5:0.9:1.0	AY461834	Root;Basidiomycota;Agaricomycetes;Agaricales;Psathyrellaceae;Coprinellus	Root;Basidiomycota;Agaricomycetes;Agaricales;Psathyrellaceae;Coprinellus;Coprinellus_curtus	underclassification	6
F1-REF	6	1	sortmerna	0.51:0.8:5:0.9:1.0	AY461833	Root;Basidiomycota;Agaricomycetes;Agaricales;Psathyrellaceae;Coprinopsis	Root;Basidiomycota;Agaricomycetes;Agaricales;Psathyrellaceae;Coprinopsis;Coprinopsis_cothurnata	underclassification	6
F1-REF	6	1	sortmerna	0.51:0.8:5:0.9:1.0	EF212837	Root;Ascomycota;Sordariomycetes;Diaporthales;Gnomoniaceae;Gnomonia	Root;Ascomycota;Sordariomycetes;Diaporthales;Gnomoniaceae;Gnomonia;Gnomonia_fragariae	underclassification	6
F1-REF	6	1	sortmerna	0.51:0.8:5:0.9:1.0	AB378506	Root;Ascomycota;Sordariomycetes;Hypocreales;Clavicipitaceae	Root;Ascomycota;Sordariomycetes;Hypocreales;Cordycipitaceae;Lecanicillium;Lecanicillium_araneicola	misclassification	4
F1-REF	6	1	sortmerna	0.51:0.8:5:0.9:1.0	AJ133431	Root;Ascomycota;Leotiomycetes	Root;Ascomycota;Leotiomycetes;Thelebolales;Thelebolaceae;Antarctomyces;Antarctomyces_psychrotrophicus	underclassification	3
F1-REF	6	1	sortmerna	0.51:0.8:5:0.9:1.0	EU186410	Root;Ascomycota;Sordariomycetes;Hypocreales;Hypocreaceae;Trichoderma;Trichoderma_longibrachiatum	Root;Ascomycota;Sordariomycetes;Hypocreales;Hypocreaceae;Trichoderma;Trichoderma_citrinoviride	misclassification	6
F1-REF	6	1	sortmerna	0.51:0.8:5:0.9:1.0	EU935521	Root;Basidiomycota;Agaricomycetes;Agaricales;Marasmiaceae;Marasmius	Root;Basidiomycota;Agaricomycetes;Agaricales;Marasmiaceae;Marasmius;Marasmius_bambusiniformis	underclassification	6
F1-REF	6	1	sortmerna	0.51:0.8:5:0.9:1.0	AF352318	Root;Ascomycota;Lecanoromycetes;Teloschistales;Physciaceae;Diplotomma	Root;Ascomycota;Lecanoromycetes;Teloschistales;Physciaceae;Diplotomma;Diplotomma_venustum	underclassification	6
F1-REF	6	1	sortmerna	0.51:0.8:5:0.9:1.0	AF439625	Root;Ascomycota;Sordariomycetes;Diaporthales;Valsaceae;Phomopsis	Root;Ascomycota;Sordariomycetes;Diaporthales;Valsaceae;Phomopsis;Phomopsis_columnaris	underclassification	6
F1-REF	6	1	sortmerna	0.51:0.8:5:0.9:1.0	DQ073396	Root;Microsporidia;Microsporea;Microsporida;Nosematidae;Nosema;Nosema_bombycis	Root;Microsporidia;Microsporea;Microsporida;Nosematidae;Nosema;Nosema_antheraeae	misclassification	6
F1-REF	6	1	sortmerna	0.51:0.8:5:0.9:1.0	FJ157122	Root;Basidiomycota;Agaricomycetes;Agaricales;Cortinariaceae;Cortinarius	Root;Basidiomycota;Agaricomycetes;Agaricales;Cortinariaceae;Cortinarius;Cortinarius_pholideus	underclassification	6
F1-REF	6	1	sortmerna	0.51:0.8:5:0.9:1.0	AY830857	Root;Ascomycota;Pezizomycetes;Pezizales;Pyronemataceae;Genea;Genea_gardneri	Root;Ascomycota;Pezizomycetes;Pezizales;Pyronemataceae;Genea;Genea_gardneri	match	7
F1-REF	6	1	sortmerna	0.51:0.8:5:0.9:1.0	EU784185	Root;Ascomycota;Pezizomycetes;Pezizales;Tuberaceae;Choiromyces;Choiromyces_magnusii	Root;Ascomycota;Pezizomycetes;Pezizales;Tuberaceae;Choiromyces;Choiromyces_meandriformis	misclassification	6
F1-REF	6	1	sortmerna	0.51:0.8:5:0.9:1.0	HM191746	Root;Basidiomycota;Agaricomycetes;Agaricales;Marasmiaceae;Clitocybula;Clitocybula_lacerata	Root;Basidiomycota;Agaricomycetes;Agaricales;Marasmiaceae;Clitocybula;Clitocybula_lacerata	match	7
F1-REF	6	1	sortmerna	0.51:0.8:5:0.9:1.0	EU784181	Root;Basidiomycota;Agaricomycetes;Thelephorales;Bankeraceae;Bankera;Bankera_violascens	Root;Basidiomycota;Agaricomycetes;Thelephorales;Bankeraceae;Bankera;Bankera_fuligineoalba	misclassification	6
F1-REF	6	1	sortmerna	0.51:0.8:5:0.9:1.0	EU352771	Root	Root;Chytridiomycota;Chytridiomycetes;Lobulomycetales;Lobulomycetaceae;Lobulomyces;Lobulomyces_poculatus	underclassification	1
F1-REF	6	1	sortmerna	0.51:0.8:5:0.9:1.0	AB180367	Root;Basidiomycota;Exobasidiomycetes;Exobasidiales;Exobasidiaceae;Exobasidium	Root;Basidiomycota;Exobasidiomycetes;Exobasidiales;Exobasidiaceae;Exobasidium;Exobasidium_pieridis_ovalifoliae	underclassification	6
F1-REF	6	1	sortmerna	0.51:0.8:5:0.9:1.0	UDB011213	Root;Basidiomycota;Agaricomycetes;Russulales;Russulaceae;Russula	Root;Basidiomycota;Agaricomycetes;Russulales;Russulaceae;Russula;Russula_aquosa	underclassification	6
F1-REF	6	1	sortmerna	0.51:0.8:5:0.9:1.0	AB454313	Root;Ascomycota;Dothideomycetes;Capnodiales;Mycosphaerellaceae;Guignardia	Root;Ascomycota;Dothideomycetes;Capnodiales;Mycosphaerellaceae;Guignardia;Guignardia_bidwellii	underclassification	6
F1-REF	6	1	sortmerna	0.51:0.8:5:0.9:1.0	JN942348	Root;Ascomycota;Dothideomycetes;Jahnulales;Aliquandostipitaceae;Jahnula;Jahnula_aquatica	Root;Ascomycota;Dothideomycetes;Jahnulales;Aliquandostipitaceae;Jahnula;Jahnula_aquatica	match	7
F1-REF	6	1	sortmerna	0.51:0.8:5:0.9:1.0	JF340250	Root;Ascomycota;Sordariomycetes;Hypocreales;Ophiocordycipitaceae	Root;Ascomycota;Sordariomycetes;Hypocreales;Ophiocordycipitaceae;Chaunopycnis;Chaunopycnis_pustulata	underclassification	5
F1-REF	6	1	sortmerna	0.51:0.8:5:0.9:1.0	EF158023	Root;Ascomycota;Sordariomycetes;Hypocreales;Nectriaceae;Fusarium;Fusarium_sporotrichioides	Root;Ascomycota;Sordariomycetes;Hypocreales;Nectriaceae;Gibberella;Gibberella_zeae	misclassification	5
F1-REF	6	1	sortmerna	0.51:0.8:5:0.9:1.0	EF121334	Root;Ascomycota;Eurotiomycetes;Eurotiales;Trichocomaceae;Emericella;Emericella_nidulans	Root;Ascomycota;Eurotiomycetes;Eurotiales;Trichocomaceae;Emericella;Emericella_nidulans	match	7
F1-REF	6	1	sortmerna	0.51:0.8:5:0.9:1.0	EF121336	Root;Ascomycota;Eurotiomycetes;Eurotiales;Trichocomaceae;Aspergillus;Aspergillus_flavus	Root;Ascomycota;Eurotiomycetes;Eurotiales;Trichocomaceae;Aspergillus;Aspergillus_tamarii	misclassification	6
F1-REF	6	1	sortmerna	0.51:0.8:5:0.9:1.0	AF140254	Root;Basidiomycota;Agaricomycetes;Russulales;Russulaceae;Lactarius	Root;Basidiomycota;Agaricomycetes;Russulales;Russulaceae;Lactarius;Lactarius_subsericatus	underclassification	6
F1-REF	6	1	sortmerna	0.51:0.8:5:0.9:1.0	EU186280	Root;Basidiomycota;Agaricomycetes;Agaricales;Tricholomataceae;Tricholoma;Tricholoma_album	Root;Basidiomycota;Agaricomycetes;Agaricales;Tricholomataceae;Tricholoma;Tricholoma_lascivum	misclassification	6
F1-REF	6	1	sortmerna	0.51:0.8:5:0.9:1.0	DQ365633	Root;Basidiomycota;Agaricomycetes;Hysterangiales;Hysterangiaceae;Hysterangium	Root;Basidiomycota;Agaricomycetes;Hysterangiales;Hysterangiaceae;Hysterangium;Hysterangium_crassirhachis	underclassification	6
F1-REF	6	1	sortmerna	0.51:0.8:5:0.9:1.0	GQ981490	Root;Basidiomycota;Agaricomycetes;Boletales	Root;Basidiomycota;Agaricomycetes;Boletales;Boletaceae;Afroboletus;Afroboletus_luteolus	underclassification	4
F1-REF	6	1	sortmerna	0.51:0.8:5:0.9:1.0	FJ627596	Root;Basidiomycota;Agaricomycetes;Russulales;Bondarzewiaceae;Heterobasidion	Root;Basidiomycota;Agaricomycetes;Russulales;Bondarzewiaceae;Heterobasidion;Heterobasidion_annosum	underclassification	6
F1-REF	6	1	sortmerna	0.51:0.8:5:0.9:1.0	HM595594	Root;Ascomycota;Eurotiomycetes;Eurotiales;Trichocomaceae	Root;Ascomycota;Leotiomycetes;Helotiales;Dermateaceae;Cryptosporiopsis;Cryptosporiopsis_actinidiae	misclassification	2
F1-REF	6	1	sortmerna	0.51:0.8:5:0.9:1.0	AJ419210	Root;Basidiomycota;Agaricomycetes;Boletales;Rhizopogonaceae;Rhizopogon	Root;Basidiomycota;Agaricomycetes;Boletales;Rhizopogonaceae;Rhizopogon;Rhizopogon_roseolus	underclassification	6
F1-REF	6	1	sortmerna	0.51:0.8:5:0.9:1.0	AJ419216	Root;Basidiomycota;Agaricomycetes;Boletales;Suillaceae;Suillus	Root;Basidiomycota;Agaricomycetes;Boletales;Suillaceae;Suillus;Suillus_bellinii	underclassification	6
F1-REF	6	1	sortmerna	0.51:0.8:5:0.9:1.0	AJ874118	Root;Ascomycota;Eurotiomycetes;Eurotiales;Trichocomaceae;Aspergillus	Root;Ascomycota;Eurotiomycetes;Eurotiales;Trichocomaceae;Aspergillus;Aspergillus_cervinus	underclassification	6
F1-REF	6	1	sortmerna	0.51:0.8:5:0.9:1.0	EU681317	Root;Ascomycota;Lecanoromycetes;Teloschistales;Teloschistaceae	Root;Ascomycota;Lecanoromycetes;Teloschistales;Teloschistaceae;Xanthoria;Xanthoria_inflata	underclassification	5
F1-REF	6	1	sortmerna	0.51:0.8:5:0.9:1.0	EU715619	Root;Ascomycota;Sordariomycetes;Xylariales;Xylariaceae;Daldinia	Root;Ascomycota;Sordariomycetes;Xylariales;Xylariaceae;Hypoxylon;Hypoxylon_fragiforme	misclassification	5
F1-REF	6	1	sortmerna	0.51:0.8:5:0.9:1.0	EU819497	Root;Basidiomycota;Agaricomycetes;Thelephorales;Thelephoraceae;Tomentella	Root;Basidiomycota;Agaricomycetes;Thelephorales;Thelephoraceae;Tomentella;Tomentella_ferruginea	underclassification	6
F1-REF	6	1	sortmerna	0.51:0.8:5:0.9:1.0	HQ604216	Root;Basidiomycota;Agaricomycetes;Agaricales;Cortinariaceae;Inocybe	Root;Basidiomycota;Agaricomycetes;Agaricales;Cortinariaceae;Inocybe;Inocybe_glabrescens	underclassification	6
F1-REF	6	1	sortmerna	0.51:0.8:5:0.9:1.0	AY587932	Root;Ascomycota;Sordariomycetes;Sordariales;Lasiosphaeriaceae;Lasiosphaeria	Root;Ascomycota;Sordariomycetes;Sordariales;Lasiosphaeriaceae;Lasiosphaeria;Lasiosphaeria_rugulosa	underclassification	6
F1-REF	6	1	sortmerna	0.51:0.8:5:0.9:1.0	FJ748900	Root;Ascomycota;Pezizomycetes;Pezizales;Tuberaceae;Tuber;Tuber_brumale	Root;Ascomycota;Pezizomycetes;Pezizales;Tuberaceae;Tuber;Tuber_brumale	match	7
F1-REF	6	1	sortmerna	0.51:0.8:5:0.9:1.0	DQ974690	Root;Basidiomycota;Agaricomycetes;Agaricales;Amanitaceae;Amanita	Root;Basidiomycota;Agaricomycetes;Agaricales;Amanitaceae;Amanita;Amanita_novinupta	underclassification	6
F1-REF	6	1	sortmerna	0.51:0.8:5:0.9:1.0	AY035661	Root;Glomeromycota;Glomeromycetes;Diversisporales;Gigasporaceae;Gigaspora;Gigaspora_rosea	Root;Glomeromycota;Glomeromycetes;Diversisporales;Gigasporaceae;Gigaspora;Gigaspora_margarita	misclassification	6