dataset	level	iteration	method	parameters               	observed_taxonomy	expected_taxonomy	result	mismatch_level               	Precision	Recall	F-measure
B1-REF	5	1	blast+	0.001:1:0.51:0.97	k__Bacteria;p__Proteobacteria;c__Gammaproteobacteria;o__Enterobacteriales;f__Enterobacteriaceae;g__Cronobacter;s__sakazakii	k__Bacteria;p__Proteobacteria;c__Gammaproteobacteria;o__Enterobacteriales;f__Enterobacteriaceae;g__Aquamonas	overclassification	5	0.0	0.0	0.0
B1-REF	5	1	blast+	0.001:1:0.51:0.97	Unassigned	k__Bacteria;p__Cyanobacteria;c__Oscillatoriophycideae;o__Chroococcales;f__Xenococcaceae;g__Pleurocapsa	underclassification	0	0.0	0.0	0.0
B1-REF	5	1	blast+	0.001:1:0.51:0.97	k__Bacteria;p__Proteobacteria;c__Gammaproteobacteria;o__Enterobacteriales;f__Enterobacteriaceae;g__Brenneria;s__quercina	k__Bacteria;p__Proteobacteria;c__Gammaproteobacteria;o__Enterobacteriales;f__Enterobacteriaceae;g__Ewingella	overclassification	5	0.0	0.0	0.0
B1-REF	5	1	blast+	0.001:1:0.51:0.97	Unassigned	k__Bacteria;p__Firmicutes;c__Bacilli;o__Lactobacillales;f__Aerococcaceae;g__Alloiococcus	underclassification	0	0.0	0.0	0.0
B1-REF	5	1	blast+	0.001:1:0.51:0.97	k__Bacteria;p__Actinobacteria;c__Actinobacteria;o__Actinomycetales;f__Intrasporangiaceae;g__Oryzihumus;s__leptocrescens	k__Bacteria;p__Actinobacteria;c__Actinobacteria;o__Actinomycetales;f__Intrasporangiaceae;g__Ornithinicoccus	overclassification	5	0.0	0.0	0.0
B1-REF	5	1	blast+	0.001:1:0.51:0.97	Unassigned	k__Bacteria;p__Bacteroidetes;c__Bacteroidia;o__Bacteroidales;f__Porphyromonadaceae;g__Vestibaculum	underclassification	0	0.0	0.0	0.0
B1-REF	5	1	blast+	0.001:1:0.51:0.97	k__Bacteria;p__Proteobacteria;c__Alphaproteobacteria;o__Rhodobacterales;f__Rhodobacteraceae;g__Roseovarius;s__pacificus	k__Bacteria;p__Proteobacteria;c__Alphaproteobacteria;o__Rhodobacterales;f__Rhodobacteraceae;g__Anaerospora	overclassification	5	0.0	0.0	0.0
B1-REF	5	1	blast+	0.001:1:0.51:0.97	Unassigned	k__Bacteria;p__Proteobacteria;c__Deltaproteobacteria;o__Desulfuromonadales;f__Pelobacteraceae;g__Desulfuromonas	underclassification	0	0.0	0.0	0.0
B1-REF	5	1	blast+	0.001:1:0.51:0.97	k__Bacteria;p__Aquificae;c__Aquificae;o__Aquificales;f__Aquificaceae;g__Hydrogenobacter;s__subterraneus	k__Bacteria;p__Aquificae;c__Aquificae;o__Aquificales;f__Aquificaceae;g__Thermothrix	overclassification	5	0.0	0.0	0.0
B1-REF	5	1	blast+	0.001:1:0.51:0.97	Unassigned	k__Bacteria;p__Proteobacteria;c__Alphaproteobacteria;o__Rickettsiales;f__Rickettsiaceae;g__Rickettsia	underclassification	0	0.0	0.0	0.0
B1-REF	5	1	blast+	0.001:1:0.51:0.97	Unassigned	k__Bacteria;p__Proteobacteria;c__Deltaproteobacteria;o__Syntrophobacterales;f__Syntrophobacteraceae;g__Thermodesulforhabdus	underclassification	0	0.0	0.0	0.0
B1-REF	5	1	blast+	0.001:1:0.51:0.97	Unassigned	k__Bacteria;p__Proteobacteria;c__Deltaproteobacteria;o__Desulfobacterales;f__Desulfobulbaceae;g__Desulfocapsa	underclassification	0	0.0	0.0	0.0
B1-REF	5	1	blast+	0.001:1:0.51:0.97	Unassigned	k__Bacteria;p__Actinobacteria;c__Actinobacteria;o__Actinomycetales;f__Propionibacteriaceae;g__Propionibacterium	underclassification	0	0.0	0.0	0.0
B1-REF	5	1	blast+	0.001:1:0.51:0.97	k__Bacteria;p__Proteobacteria;c__Alphaproteobacteria;o__Rhizobiales;f__Hyphomicrobiaceae;g__Polymorphum;s__gilvum	k__Bacteria;p__Proteobacteria;c__Alphaproteobacteria;o__Rhizobiales;f__Hyphomicrobiaceae;g__Labrenzia	overclassification	5	0.0	0.0	0.0
B1-REF	5	1	blast+	0.001:1:0.51:0.97	Unassigned	k__Bacteria;p__Deferribacteres;c__Deferribacteres;o__Deferribacterales;f__Deferribacteraceae;g__Deferribacter	underclassification	0	0.0	0.0	0.0
B1-REF	5	1	blast+	0.001:1:0.51:0.97	Unassigned	k__Bacteria;p__Proteobacteria;c__Gammaproteobacteria;o__Thiotrichales;f__Thiotrichaceae;g__Marithrix	underclassification	0	0.0	0.0	0.0
B1-REF	5	1	blast+	0.001:1:0.51:0.97	Unassigned	k__Bacteria;p__Proteobacteria;c__Alphaproteobacteria;o__Rhizobiales;f__Hyphomicrobiaceae;g__Hyphomicrobium	underclassification	0	0.0	0.0	0.0
B1-REF	5	1	blast+	0.001:1:0.51:0.97	Unassigned	k__Archaea;p__Euryarchaeota;c__Halobacteria;o__Halobacteriales;f__Halobacteriaceae;g__Natronococcus	underclassification	0	0.0	0.0	0.0
B1-REF	5	1	blast+	0.001:1:0.51:0.97	Unassigned	k__Bacteria;p__Firmicutes;c__Bacilli;o__Bacillales;f__Listeriaceae;g__Brochothrix	underclassification	0	0.0	0.0	0.0
B1-REF	5	1	blast+	0.001:1:0.51:0.97	Unassigned	k__Bacteria;p__Proteobacteria;c__Alphaproteobacteria;o__Rhodobacterales;f__Hyphomonadaceae;g__Hellea	underclassification	0	0.0	0.0	0.0
B1-REF	5	1	blast+	0.001:1:0.51:0.97	Unassigned	k__Bacteria;p__Proteobacteria;c__Betaproteobacteria;o__Burkholderiales;f__Comamonadaceae;g__Inhella	underclassification	0	0.0	0.0	0.0
B1-REF	5	1	blast+	0.001:1:0.51:0.97	k__Bacteria;p__Proteobacteria;c__Alphaproteobacteria;o__Rhodobacterales;f__Rhodobacteraceae;g__Jannaschia;s__seosinensis	k__Bacteria;p__Proteobacteria;c__Alphaproteobacteria;o__Rhodobacterales;f__Rhodobacteraceae;g__Palleronia	overclassification	5	0.0	0.0	0.0
B1-REF	5	1	blast+	0.001:1:0.51:0.97	Unassigned	k__Bacteria;p__Proteobacteria;c__Gammaproteobacteria;o__Oceanospirillales;f__Halomonadaceae;g__Modicisalibacter	underclassification	0	0.0	0.0	0.0
B1-REF	5	1	blast+	0.001:1:0.51:0.97	k__Bacteria;p__Proteobacteria;c__Gammaproteobacteria;o__Xanthomonadales;f__Xanthomonadaceae;g__Silanimonas;s__mangrovi	k__Bacteria;p__Proteobacteria;c__Gammaproteobacteria;o__Xanthomonadales;f__Xanthomonadaceae;g__Aquimonas	overclassification	5	0.0	0.0	0.0
B1-REF	5	1	blast+	0.001:1:0.51:0.97	Unassigned	k__Bacteria;p__Proteobacteria;c__Alphaproteobacteria;o__Rhodobacterales;f__Hyphomonadaceae;g__Ponticaulis	underclassification	0	0.0	0.0	0.0
B1-REF	5	1	blast+	0.001:1:0.51:0.97	Unassigned	k__Bacteria;p__Actinobacteria;c__Actinobacteria;o__Actinomycetales;f__Thermomonosporaceae;g__Actinocorallia	underclassification	0	0.0	0.0	0.0
B1-REF	5	1	blast+	0.001:1:0.51:0.97	Unassigned	k__Bacteria;p__Proteobacteria;c__Deltaproteobacteria;o__Desulfobacterales;f__Desulfobulbaceae;g__Desulfopila	underclassification	0	0.0	0.0	0.0
B1-REF	5	1	blast+	0.001:1:0.51:0.97	k__Bacteria;p__Actinobacteria;c__Actinobacteria;o__Actinomycetales;f__Micromonosporaceae;g__Micromonospora;s__chalcea	k__Bacteria;p__Actinobacteria;c__Actinobacteria;o__Actinomycetales;f__Micromonosporaceae;g__Actinoplanes	overclassification	5	0.0	0.0	0.0
B1-REF	5	1	blast+	0.001:1:0.51:0.97	Unassigned	k__Bacteria;p__Proteobacteria;c__Alphaproteobacteria;o__Rhodospirillales;f__Rhodospirillaceae;g__Skermanella	underclassification	0	0.0	0.0	0.0
B1-REF	5	1	blast+	0.001:1:0.51:0.97	k__Bacteria;p__Proteobacteria;c__Alphaproteobacteria;o__Rhizobiales;f__Hyphomicrobiaceae;g__Pseudovibrio;s__japonicus	k__Bacteria;p__Proteobacteria;c__Alphaproteobacteria;o__Rhizobiales;f__Hyphomicrobiaceae;g__Nesiotobacter	overclassification	5	0.0	0.0	0.0
B1-REF	5	1	blast+	0.001:1:0.51:0.97	Unassigned	k__Bacteria;p__Bacteroidetes;c__Cytophagia;o__Cytophagales;f__Flammeovirgaceae;g__Tunicatimonas	underclassification	0	0.0	0.0	0.0
B1-REF	5	1	blast+	0.001:1:0.51:0.97	k__Bacteria;p__Actinobacteria;c__Actinobacteria;o__Actinomycetales;f__Beutenbergiaceae;g__Salana;s__multivorans	k__Bacteria;p__Actinobacteria;c__Actinobacteria;o__Actinomycetales;f__Beutenbergiaceae;g__Serinibacter	overclassification	5	0.0	0.0	0.0
B1-REF	5	1	blast+	0.001:1:0.51:0.97	Unassigned	k__Bacteria;p__Tenericutes;c__Mollicutes;o__Acholeplasmatales;f__Acholeplasmataceae;g__Acholeplasma	underclassification	0	0.0	0.0	0.0
B1-REF	5	1	blast+	0.001:1:0.51:0.97	Unassigned	k__Bacteria;p__Chloroflexi;c__Anaerolineae;o__Anaerolineales;f__Anaerolinaceae;g__Levilinea	underclassification	0	0.0	0.0	0.0
B1-REF	5	1	blast+	0.001:1:0.51:0.97	Unassigned	k__Bacteria;p__Proteobacteria;c__Gammaproteobacteria;o__Legionellales;f__Francisellaceae;g__Caedibacter	underclassification	0	0.0	0.0	0.0
B1-REF	5	1	blast+	0.001:1:0.51:0.97	k__Bacteria;p__Proteobacteria;c__Alphaproteobacteria;o__Rhodobacterales;f__Rhodobacteraceae;g__Pseudoroseobacter;s__euryhalinus	k__Bacteria;p__Proteobacteria;c__Alphaproteobacteria;o__Rhodobacterales;f__Rhodobacteraceae;g__Tateyamaria	overclassification	5	0.0	0.0	0.0
B1-REF	5	1	blast+	0.001:1:0.51:0.97	k__Bacteria;p__Proteobacteria;c__Alphaproteobacteria;o__Rhodobacterales;f__Rhodobacteraceae;g__Oceanicola;s__pacificus	k__Bacteria;p__Proteobacteria;c__Alphaproteobacteria;o__Rhodobacterales;f__Rhodobacteraceae;g__Wenxinia	overclassification	5	0.0	0.0	0.0
B1-REF	5	1	blast+	0.001:1:0.51:0.97	Unassigned	k__Bacteria;p__Firmicutes;c__Clostridia;o__Clostridiales;f__Veillonellaceae;g__Dendrosporobacter	underclassification	0	0.0	0.0	0.0
B1-REF	5	1	blast+	0.001:1:0.51:0.97	Unassigned	k__Bacteria;p__Proteobacteria;c__Gammaproteobacteria;o__Oceanospirillales;f__Oceanospirillaceae;g__Neptuniibacter	underclassification	0	0.0	0.0	0.0
B1-REF	5	1	blast+	0.001:1:0.51:0.97	Unassigned	k__Bacteria;p__Proteobacteria;c__Alphaproteobacteria;o__Rhodospirillales;f__Rhodospirillaceae;g__Roseospirillum	underclassification	0	0.0	0.0	0.0
B1-REF	5	1	blast+	0.001:1:0.51:0.97	k__Bacteria;p__Proteobacteria;c__Alphaproteobacteria;o__Rhodobacterales;f__Rhodobacteraceae;g__Oceanicola;s__pacificus	k__Bacteria;p__Proteobacteria;c__Alphaproteobacteria;o__Rhodobacterales;f__Rhodobacteraceae;g__Lutimaribacter	overclassification	5	0.0	0.0	0.0
B1-REF	5	1	blast+	0.001:1:0.51:0.97	Unassigned	k__Bacteria;p__Cyanobacteria;c__Oscillatoriophycideae;o__Chroococcales;f__Cyanobacteriaceae;g__Rubidibacter	underclassification	0	0.0	0.0	0.0
B1-REF	5	1	blast+	0.001:1:0.51:0.97	Unassigned	k__Bacteria;p__Proteobacteria;c__Alphaproteobacteria;o__Rhodospirillales;f__Rhodospirillaceae;g__Caenispirillum	underclassification	0	0.0	0.0	0.0
B1-REF	5	1	blast+	0.001:1:0.51:0.97	Unassigned	k__Bacteria;p__Bacteroidetes;c__Saprospirae;o__Saprospirales;f__Chitinophagaceae;g__Ferruginibacter	underclassification	0	0.0	0.0	0.0
B1-REF	5	1	blast+	0.001:1:0.51:0.97	Unassigned	k__Bacteria;p__Bacteroidetes;c__Sphingobacteriia;o__Sphingobacteriales;f__Sphingobacteriaceae;g__Olivibacter	underclassification	0	0.0	0.0	0.0
B1-REF	5	1	blast+	0.001:1:0.51:0.97	Unassigned	k__Bacteria;p__Proteobacteria;c__Gammaproteobacteria;o__Enterobacteriales;f__Enterobacteriaceae;g__Thorsellia	underclassification	0	0.0	0.0	0.0
B1-REF	5	1	blast+	0.001:1:0.51:0.97	k__Bacteria;p__Proteobacteria;c__Gammaproteobacteria;o__Pasteurellales;f__Pasteurellaceae;g__Pasteurella;s__multocida	k__Bacteria;p__Proteobacteria;c__Gammaproteobacteria;o__Pasteurellales;f__Pasteurellaceae;g__Nicoletella	overclassification	5	0.0	0.0	0.0
B1-REF	5	1	blast+	0.001:1:0.51:0.97	Unassigned	k__Bacteria;p__Proteobacteria;c__Deltaproteobacteria;o__Thermodesulfobacteriales;f__Thermodesulfobacteriaceae;g__Caldimicrobium	underclassification	0	0.0	0.0	0.0
B1-REF	5	1	blast+	0.001:1:0.51:0.97	Unassigned	k__Bacteria;p__Proteobacteria;c__Alphaproteobacteria;o__Sphingomonadales;f__Sphingomonadaceae;g__Novosphingobium	underclassification	0	0.0	0.0	0.0
B1-REF	5	1	blast+	0.001:1:0.51:0.97	k__Bacteria;p__Proteobacteria;c__Alphaproteobacteria;o__Rhizobiales;f__Xanthobacteraceae;g__Methylorhabdus;s__multivorans	k__Bacteria;p__Proteobacteria;c__Alphaproteobacteria;o__Rhizobiales;f__Xanthobacteraceae;g__Angulomicrobium	overclassification	5	0.0	0.0	0.0
B1-REF	5	1	blast+	0.001:1:0.51:0.97	k__Bacteria;p__Bacteroidetes;c__Flavobacteriia;o__Flavobacteriales;f__Flavobacteriaceae;g__Pibocella;s__ponti	k__Bacteria;p__Bacteroidetes;c__Flavobacteriia;o__Flavobacteriales;f__Flavobacteriaceae;g__Maribacter	overclassification	5	0.0	0.0	0.0
B1-REF	5	1	blast+	0.001:1:0.51:0.97	Unassigned	k__Bacteria;p__Actinobacteria;c__Actinobacteria;o__Bifidobacteriales;f__Bifidobacteriaceae;g__Aeriscardovia	underclassification	0	0.0	0.0	0.0
B1-REF	5	1	blast+	0.001:1:0.51:0.97	Unassigned	k__Bacteria;p__Proteobacteria;c__Betaproteobacteria;o__Neisseriales;f__Neisseriaceae;g__Chitinimonas	underclassification	0	0.0	0.0	0.0
B1-REF	5	1	blast+	0.001:1:0.51:0.97	Unassigned	k__Bacteria;p__Bacteroidetes;c__Cytophagia;o__Cytophagales;f__Cyclobacteriaceae;g__Algoriphagus	underclassification	0	0.0	0.0	0.0
B1-REF	5	1	blast+	0.001:1:0.51:0.97	k__Bacteria;p__Firmicutes;c__Bacilli;o__Bacillales;f__Bacillaceae;g__Bacillus;s__oleronius	k__Bacteria;p__Firmicutes;c__Bacilli;o__Bacillales;f__Bacillaceae;g__Halalkalibacillus	overclassification	5	0.0	0.0	0.0
B1-REF	5	1	blast+	0.001:1:0.51:0.97	k__Bacteria;p__Proteobacteria;c__Betaproteobacteria;o__Rhodocyclales;f__Rhodocyclaceae;g__Azoarcus;s__indigens	k__Bacteria;p__Proteobacteria;c__Betaproteobacteria;o__Rhodocyclales;f__Rhodocyclaceae;g__Denitromonas	overclassification	5	0.0	0.0	0.0
B1-REF	5	1	blast+	0.001:1:0.51:0.97	k__Bacteria;p__Proteobacteria;c__Alphaproteobacteria;o__Rhodobacterales;f__Rhodobacteraceae;g__Paracoccus;s__marcusii	k__Bacteria;p__Proteobacteria;c__Alphaproteobacteria;o__Rhodobacterales;f__Rhodobacteraceae;g__Pseudorhodobacter	overclassification	5	0.0	0.0	0.0
B1-REF	5	1	blast+	0.001:1:0.51:0.97	k__Bacteria;p__Actinobacteria;c__Actinobacteria;o__Actinomycetales;f__Thermomonosporaceae;g__Actinomadura;s__atramentaria	k__Bacteria;p__Actinobacteria;c__Actinobacteria;o__Actinomycetales;f__Thermomonosporaceae;g__Parvopolyspora	overclassification	5	0.0	0.0	0.0
B1-REF	5	1	blast+	0.001:1:0.51:0.97	k__Bacteria;p__Proteobacteria;c__Betaproteobacteria;o__Burkholderiales;f__Alcaligenaceae;g__Alcaligenes;s__faecalis	k__Bacteria;p__Proteobacteria;c__Betaproteobacteria;o__Burkholderiales;f__Alcaligenaceae;g__Rhodopseudomonas	overclassification	5	0.0	0.0	0.0
B1-REF	5	1	blast+	0.001:1:0.51:0.97	k__Bacteria;p__Actinobacteria;c__Actinobacteria;o__Actinomycetales;f__Streptosporangiaceae;g__Microbispora;s__rosea	k__Bacteria;p__Actinobacteria;c__Actinobacteria;o__Actinomycetales;f__Streptosporangiaceae;g__Herbidospora	overclassification	5	0.0	0.0	0.0
B1-REF	5	1	blast+	0.001:1:0.51:0.97	k__Bacteria;p__Actinobacteria;c__Actinobacteria;o__Actinomycetales;f__Intrasporangiaceae;g__Ornithinimicrobium;s__pekingense	k__Bacteria;p__Actinobacteria;c__Actinobacteria;o__Actinomycetales;f__Actinomycetaceae;g__Bogoriella	misclassification	4	0.0	0.0	0.0
B1-REF	5	1	blast+	0.001:1:0.51:0.97	Unassigned	k__Bacteria;p__Actinobacteria;c__Actinobacteria;o__Actinomycetales;f__Pseudonocardiaceae;g__Thermocrispum	underclassification	0	0.0	0.0	0.0
B1-REF	5	1	blast+	0.001:1:0.51:0.97	k__Bacteria;p__Actinobacteria;c__Actinobacteria;o__Actinomycetales;f__Actinosynnemataceae;g__Lechevalieria;s__flava	k__Bacteria;p__Actinobacteria;c__Actinobacteria;o__Actinomycetales;f__Actinosynnemataceae;g__Saccharothrixopsis	overclassification	5	0.0	0.0	0.0
B1-REF	5	1	blast+	0.001:1:0.51:0.97	Unassigned	k__Bacteria;p__Bacteroidetes;c__Cytophagia;o__Cytophagales;f__Cyclobacteriaceae;g__Rhodonellum	underclassification	0	0.0	0.0	0.0
B1-REF	5	1	blast+	0.001:1:0.51:0.97	k__Bacteria;p__Actinobacteria;c__Actinobacteria;o__Actinomycetales;f__Nocardiaceae;g__Rhodococcus;s__ruber	k__Bacteria;p__Actinobacteria;c__Actinobacteria;o__Actinomycetales;f__Nocardiaceae;g__Skermania	overclassification	5	0.0	0.0	0.0
B1-REF	5	1	blast+	0.001:1:0.51:0.97	Unassigned	k__Bacteria;p__Proteobacteria;c__Gammaproteobacteria;o__Xanthomonadales;f__Xanthomonadaceae;g__Xylella	underclassification	0	0.0	0.0	0.0
B1-REF	5	1	blast+	0.001:1:0.51:0.97	k__Bacteria;p__Chlorobi;c__Chlorobia;o__Chlorobiales;f__Chlorobiaceae;g__Pelodictyon;s__luteolum	k__Bacteria;p__Chlorobi;c__Chlorobia;o__Chlorobiales;f__Chlorobiaceae;g__Chlorobium	overclassification	5	0.0	0.0	0.0
B1-REF	5	1	blast+	0.001:1:0.51:0.97	Unassigned	k__Bacteria;p__Proteobacteria;c__Deltaproteobacteria;o__Desulfobacterales;f__Desulfobacteraceae;g__Desulfosalsimonas	underclassification	0	0.0	0.0	0.0
B1-REF	5	1	blast+	0.001:1:0.51:0.97	k__Bacteria;p__Firmicutes;c__Clostridia;o__Clostridiales;f__Veillonellaceae;g__Selenomonas;s__bovis	k__Bacteria;p__Firmicutes;c__Clostridia;o__Clostridiales;f__Veillonellaceae;g__Mitsuokella	overclassification	5	0.0	0.0	0.0
B1-REF	5	1	blast+	0.001:1:0.51:0.97	k__Bacteria;p__Proteobacteria;c__Alphaproteobacteria;o__Rhodospirillales;f__Rhodospirillaceae;g__Rhodospirillum;s__centenum	k__Bacteria;p__Proteobacteria;c__Alphaproteobacteria;o__Rhodospirillales;f__Rhodospirillaceae;g__Rhodocista	overclassification	5	0.0	0.0	0.0
B1-REF	5	1	blast+	0.001:1:0.51:0.97	k__Bacteria;p__Actinobacteria;c__Actinobacteria;o__Actinomycetales;f__Streptomycetaceae;g__Streptomyces;s__serianimatus	k__Bacteria;p__Actinobacteria;c__Actinobacteria;o__Actinomycetales;f__Streptomycetaceae;g__Parastreptomyces	overclassification	5	0.0	0.0	0.0
B1-REF	5	1	blast+	0.001:1:0.51:0.97	k__Bacteria;p__Cyanobacteria;c__Nostocophycideae;o__Nostocales;f__Nostocaceae;g__Nostoc;s__ellipsosporum	k__Bacteria;p__Cyanobacteria;c__Nostocophycideae;o__Nostocales;f__Nostocaceae;g__Dolichospermum	overclassification	5	0.0	0.0	0.0
B1-REF	5	1	blast+	0.001:1:0.51:0.97	k__Bacteria;p__Proteobacteria;c__Gammaproteobacteria;o__Oceanospirillales;f__Halomonadaceae;g__Halomonas;s__nitritophilus	k__Bacteria;p__Proteobacteria;c__Gammaproteobacteria;o__Oceanospirillales;f__Halomonadaceae;g__Haererehalobacter	overclassification	5	0.0	0.0	0.0
B1-REF	5	1	blast+	0.001:1:0.51:0.97	k__Bacteria;p__Firmicutes;c__Bacilli;o__Bacillales;f__Bacillaceae;g__Salimicrobium;s__album	k__Bacteria;p__Firmicutes;c__Bacilli;o__Bacillales;f__Bacillaceae;g__Halobacillus	overclassification	5	0.0	0.0	0.0
B1-REF	5	1	blast+	0.001:1:0.51:0.97	Unassigned	k__Bacteria;p__Bacteroidetes;c__Flavobacteriia;o__Flavobacteriales;f__Flavobacteriaceae;g__Cellulophaga	underclassification	0	0.0	0.0	0.0
B1-REF	5	1	blast+	0.001:1:0.51:0.97	Unassigned	k__Bacteria;p__Cyanobacteria;c__Oscillatoriophycideae;o__Chroococcales;f__Gomphosphaeriaceae;g__Woronichinia	underclassification	0	0.0	0.0	0.0
B1-REF	5	1	blast+	0.001:1:0.51:0.97	k__Bacteria;p__Actinobacteria;c__Actinobacteria;o__Actinomycetales;f__Microbacteriaceae;g__Leifsonia;s__kribbensis	k__Bacteria;p__Actinobacteria;c__Actinobacteria;o__Actinomycetales;f__Microbacteriaceae;g__Agrococcus	overclassification	5	0.0	0.0	0.0
B1-REF	5	1	blast+	0.001:1:0.51:0.97	k__Bacteria;p__Firmicutes;c__Bacilli;o__Lactobacillales;f__Enterococcaceae;g__Enterococcus;s__sulfureus	k__Bacteria;p__Firmicutes;c__Bacilli;o__Lactobacillales;f__Aerococcaceae;g__Granulicatella	misclassification	4	0.0	0.0	0.0
B1-REF	5	1	blast+	0.001:1:0.51:0.97	Unassigned	k__Bacteria;p__Chlamydiae;c__Chlamydiia;o__Chlamydiales;f__Criblamydiaceae;g__Criblamydia	underclassification	0	0.0	0.0	0.0
B1-REF	5	1	blast+	0.001:1:0.51:0.97	Unassigned	k__Bacteria;p__Thermotogae;c__Thermotogae;o__Thermotogales;f__Thermotogaceae;g__Kosmotoga	underclassification	0	0.0	0.0	0.0
B1-REF	5	1	blast+	0.001:1:0.51:0.97	Unassigned	k__Bacteria;p__Planctomycetes;c__Brocadiae;o__Brocadiales;f__Brocadiaceae;g__Kuenenia	underclassification	0	0.0	0.0	0.0
B1-REF	5	1	blast+	0.001:1:0.51:0.97	k__Bacteria;p__Proteobacteria;c__Alphaproteobacteria;o__Rhizobiales;f__Bradyrhizobiaceae;g__Afipia;s__broomeae	k__Bacteria;p__Proteobacteria;c__Alphaproteobacteria;o__Rhizobiales;f__Bradyrhizobiaceae;g__Bosea	overclassification	5	0.0	0.0	0.0
B1-REF	5	1	blast+	0.001:1:0.51:0.97	Unassigned	k__Bacteria;p__Cyanobacteria;c__Nostocophycideae;o__Nostocales;f__Scytonemataceae;g__Brasilonema	underclassification	0	0.0	0.0	0.0
B1-REF	5	1	blast+	0.001:1:0.51:0.97	Unassigned	k__Bacteria;p__Verrucomicrobia;c__Verrucomicrobiae;o__Verrucomicrobiales;f__Verrucomicrobiaceae;g__Verrucomicrobium	underclassification	0	0.0	0.0	0.0
B1-REF	5	1	blast+	0.001:1:0.51:0.97	k__Bacteria;p__Firmicutes;c__Bacilli;o__Bacillales;f__Thermoactinomycetaceae;g__Desmospora;s__activa	k__Bacteria;p__Firmicutes;c__Bacilli;o__Bacillales;f__Thermoactinomycetaceae;g__Trigonala	overclassification	5	0.0	0.0	0.0
B1-REF	5	1	blast+	0.001:1:0.51:0.97	Unassigned	k__Bacteria;p__Proteobacteria;c__Alphaproteobacteria;o__Rhodobacterales;f__Rhodobacteraceae;g__Sulfitobacter	underclassification	0	0.0	0.0	0.0
B1-REF	5	1	blast+	0.001:1:0.51:0.97	k__Bacteria;p__Cyanobacteria;c__Oscillatoriophycideae;o__Chroococcales;f__Xenococcaceae;g__Oscillatoria;s__rosea	k__Bacteria;p__Cyanobacteria;c__Oscillatoriophycideae;o__Chroococcales;f__Xenococcaceae;g__Synechococcus	overclassification	5	0.0	0.0	0.0
B1-REF	5	1	blast+	0.001:1:0.51:0.97	Unassigned	k__Bacteria;p__Actinobacteria;c__Actinobacteria;o__Actinomycetales;f__Microbacteriaceae;g__Agromyces	underclassification	0	0.0	0.0	0.0
B1-REF	5	1	blast+	0.001:1:0.51:0.97	k__Bacteria;p__Firmicutes;c__Clostridia;o__Clostridiales;f__Lachnospiraceae;g__Clostridium;s__xylanolyticum	k__Bacteria;p__Firmicutes;c__Clostridia;o__Clostridiales;f__Lachnospiraceae;g__Bacteroides	overclassification	5	0.0	0.0	0.0
B1-REF	5	1	blast+	0.001:1:0.51:0.97	Unassigned	k__Bacteria;p__Firmicutes;c__Clostridia;o__Clostridiales;f__Ruminococcaceae;g__Sporobacter	underclassification	0	0.0	0.0	0.0
B1-REF	5	1	blast+	0.001:1:0.51:0.97	Unassigned	k__Bacteria;p__Proteobacteria;c__Alphaproteobacteria;o__Rickettsiales;f__mitochondria;g__Coccomyxa	underclassification	0	0.0	0.0	0.0
B1-REF	5	1	blast+	0.001:1:0.51:0.97	Unassigned	k__Bacteria;p__Proteobacteria;c__Gammaproteobacteria;o__Pasteurellales;f__Pasteurellaceae;g__Avibacterium	underclassification	0	0.0	0.0	0.0
B1-REF	5	1	blast+	0.001:1:0.51:0.97	Unassigned	k__Bacteria;p__Actinobacteria;c__Actinobacteria;o__Actinomycetales;f__Pseudonocardiaceae;g__Prauserella	underclassification	0	0.0	0.0	0.0
B1-REF	5	1	blast+	0.001:1:0.51:0.97	k__Bacteria;p__Proteobacteria;c__Alphaproteobacteria;o__Rickettsiales;f__mitochondria;g__Annona;s__muricata	k__Bacteria;p__Proteobacteria;c__Alphaproteobacteria;o__Rickettsiales;f__mitochondria;g__Victoria	overclassification	5	0.0	0.0	0.0
B1-REF	5	1	blast+	0.001:1:0.51:0.97	k__Bacteria;p__Actinobacteria;c__Actinobacteria;o__Actinomycetales;f__Pseudonocardiaceae;g__Actinomycetospora;s__chiangmaiensis	k__Bacteria;p__Actinobacteria;c__Actinobacteria;o__Actinomycetales;f__Pseudonocardiaceae;g__Saccharomonospora	overclassification	5	0.0	0.0	0.0
B1-REF	5	1	blast+	0.001:1:0.51:0.97	k__Bacteria;p__Proteobacteria;c__Alphaproteobacteria;o__Rickettsiales;f__mitochondria;g__Zamia;s__integrifolia	k__Bacteria;p__Proteobacteria;c__Alphaproteobacteria;o__Rickettsiales;f__mitochondria;g__Cycas	overclassification	5	0.0	0.0	0.0
B1-REF	5	1	blast+	0.001:1:0.51:0.97	k__Bacteria;p__Proteobacteria;c__Deltaproteobacteria;o__Myxococcales;f__Cystobacteraceae;g__Archangium;s__gephyra	k__Bacteria;p__Proteobacteria;c__Deltaproteobacteria;o__Myxococcales;f__Cystobacteraceae;g__Angiococcus	overclassification	5	0.0	0.0	0.0
B1-REF	5	1	blast+	0.001:1:0.51:0.97	k__Bacteria;p__Firmicutes;c__Bacilli;o__Bacillales;f__Planococcaceae;g__Lysinibacillus;s__boronitolerans	k__Bacteria;p__Firmicutes;c__Bacilli;o__Bacillales;f__Planococcaceae;g__Kurthia	overclassification	5	0.0	0.0	0.0
B1-REF	5	1	blast+	0.001:1:0.51:0.97	Unassigned	k__Bacteria;p__Firmicutes;c__Clostridia;o__Halanaerobiales;f__Halanaerobiaceae;g__Halanaerobium	underclassification	0	0.0	0.0	0.0
B1-REF	5	1	blast+	0.001:1:0.51:0.97	Unassigned	k__Bacteria;p__Proteobacteria;c__Betaproteobacteria;o__Nitrosomonadales;f__Nitrosomonadaceae;g__Nitrosomonas	underclassification	0	0.0	0.0	0.0
B1-REF	5	1	blast+	0.001:1:0.51:0.97	Unassigned	k__Bacteria;p__Proteobacteria;c__Gammaproteobacteria;o__Oceanospirillales;f__Oceanospirillaceae;g__Marinomonas	underclassification	0	0.0	0.0	0.0
B1-REF	5	1	blast+	0.001:1:0.51:0.97	k__Bacteria;p__Proteobacteria;c__Alphaproteobacteria;o__Rickettsiales;f__mitochondria;g__Citrullus;s__lanatus	k__Bacteria;p__Proteobacteria;c__Alphaproteobacteria;o__Rickettsiales;f__mitochondria;g__Cucurbita	overclassification	5	0.0	0.0	0.0
B1-REF	5	1	blast+	0.001:1:0.51:0.97	k__Bacteria;p__Planctomycetes;c__Planctomycetia;o__Pirellulales;f__Pirellulaceae;g__planctomycete;s__MS30D1	k__Bacteria;p__Planctomycetes;c__Planctomycetia;o__Pirellulales;f__Pirellulaceae;g__Planctomycete	overclassification	5	0.0	0.0	0.0
B1-REF	5	1	blast+	0.001:1:0.51:0.97	k__Bacteria;p__Proteobacteria;c__Alphaproteobacteria;o__Rickettsiales;f__mitochondria;g__Oryza;s__sativa Indica Group	k__Bacteria;p__Proteobacteria;c__Alphaproteobacteria;o__Rickettsiales;f__mitochondria;g__Zea	overclassification	5	0.0	0.0	0.0
B1-REF	5	1	blast+	0.001:1:0.51:0.97	Unassigned	k__Bacteria;p__Bacteroidetes;c__Flavobacteriia;o__Flavobacteriales;f__Cryomorphaceae;g__Coccinistipes	underclassification	0	0.0	0.0	0.0
B1-REF	5	1	blast+	0.001:1:0.51:0.97	k__Bacteria;p__Proteobacteria;c__Alphaproteobacteria;o__Rhodospirillales;f__Acetobacteraceae;g__Gluconacetobacter;s__azotocaptans	k__Bacteria;p__Proteobacteria;c__Alphaproteobacteria;o__Rhodospirillales;f__Acetobacteraceae;g__Kozakia	overclassification	5	0.0	0.0	0.0
B1-REF	5	1	blast+	0.001:1:0.51:0.97	k__Bacteria;p__Proteobacteria;c__Alphaproteobacteria;o__Rickettsiales;f__mitochondria;g__Saccharina;s__angustata	k__Bacteria;p__Proteobacteria;c__Alphaproteobacteria;o__Rickettsiales;f__mitochondria;g__Laminaria	overclassification	5	0.0	0.0	0.0
B1-REF	5	1	blast+	0.001:1:0.51:0.97	Unassigned	k__Archaea;p__Euryarchaeota;c__Halobacteria;o__Halobacteriales;f__Halobacteriaceae;g__Haloterrigena	underclassification	0	0.0	0.0	0.0
B1-REF	5	1	blast+	0.001:1:0.51:0.97	Unassigned	k__Bacteria;p__Firmicutes;c__Bacilli;o__Lactobacillales;f__Leuconostocaceae;g__Oenococcus	underclassification	0	0.0	0.0	0.0
B1-REF	5	1	blast+	0.001:1:0.51:0.97	Unassigned	k__Bacteria;p__Proteobacteria;c__Alphaproteobacteria;o__Rhizobiales;f__Hyphomicrobiaceae;g__Rhodobium	underclassification	0	0.0	0.0	0.0
B1-REF	5	1	blast+	0.001:1:0.51:0.97	k__Bacteria;p__Aquificae;c__Aquificae;o__Aquificales;f__Hydrogenothermaceae;g__Persephonella;s__hydrogeniphila	k__Bacteria;p__Aquificae;c__Aquificae;o__Aquificales;f__Hydrogenothermaceae;g__Hydrogenothermus	overclassification	5	0.0	0.0	0.0
B1-REF	5	1	blast+	0.001:1:0.51:0.97	Unassigned	k__Bacteria;p__Proteobacteria;c__Alphaproteobacteria;o__Rickettsiales;f__mitochondria;g__Glaucocystis	underclassification	0	0.0	0.0	0.0
B1-REF	5	1	blast+	0.001:1:0.51:0.97	Unassigned	k__Bacteria;p__Cyanobacteria;c__Oscillatoriophycideae;o__Oscillatoriales;f__Phormidiaceae;g__Lyngbya	underclassification	0	0.0	0.0	0.0
B1-REF	5	1	blast+	0.001:1:0.51:0.97	k__Bacteria;p__Proteobacteria;c__Alphaproteobacteria;o__Rickettsiales;f__mitochondria;g__Chloranthus;s__multistachys	k__Bacteria;p__Proteobacteria;c__Alphaproteobacteria;o__Rickettsiales;f__mitochondria;g__Atherosperma	overclassification	5	0.0	0.0	0.0
B1-REF	5	1	blast+	0.001:1:0.51:0.97	k__Bacteria;p__Proteobacteria;c__Alphaproteobacteria;o__Rickettsiales;f__mitochondria;g__Carludovica;s__palmata	k__Bacteria;p__Proteobacteria;c__Alphaproteobacteria;o__Rickettsiales;f__mitochondria;g__Croomia	overclassification	5	0.0	0.0	0.0
B1-REF	5	1	blast+	0.001:1:0.51:0.97	Unassigned	k__Bacteria;p__Bacteroidetes;c__Bacteroidia;o__Bacteroidales;f__Marinilabiaceae;g__Alkalitalea	underclassification	0	0.0	0.0	0.0
B1-REF	5	1	blast+	0.001:1:0.51:0.97	Unassigned	k__Bacteria;p__Proteobacteria;c__Alphaproteobacteria;o__Rickettsiales;f__mitochondria;g__Pavlova	underclassification	0	0.0	0.0	0.0
B1-REF	5	1	blast+	0.001:1:0.51:0.97	k__Bacteria;p__Proteobacteria;c__Gammaproteobacteria;o__Enterobacteriales;f__Enterobacteriaceae;g__Enterobacter;s__amnigenus	k__Bacteria;p__Proteobacteria;c__Gammaproteobacteria;o__Enterobacteriales;f__Enterobacteriaceae;g__Leclercia	overclassification	5	0.0	0.0	0.0
B1-REF	5	1	blast+	0.001:1:0.51:0.97	k__Bacteria;p__Proteobacteria;c__Alphaproteobacteria;o__Rhizobiales;f__Rhizobiaceae;g__Ensifer;s__adhaerens	k__Bacteria;p__Proteobacteria;c__Alphaproteobacteria;o__Rhizobiales;f__Rhizobiaceae;g__Amorphomonas	overclassification	5	0.0	0.0	0.0
B1-REF	5	1	blast+	0.001:1:0.51:0.97	k__Bacteria;p__Proteobacteria;c__Alphaproteobacteria;o__Rhodobacterales;f__Rhodobacteraceae;g__Roseovarius;s__pacificus	k__Bacteria;p__Proteobacteria;c__Alphaproteobacteria;o__Rhodobacterales;f__Rhodobacteraceae;g__Thalassococcus	overclassification	5	0.0	0.0	0.0
B1-REF	5	1	blast+	0.001:1:0.51:0.97	Unassigned	k__Bacteria;p__Proteobacteria;c__Alphaproteobacteria;o__Rickettsiales;f__mitochondria;g__Gnetum	underclassification	0	0.0	0.0	0.0
B1-REF	5	1	blast+	0.001:1:0.51:0.97	k__Bacteria;p__Proteobacteria;c__Alphaproteobacteria;o__Rhodobacterales;f__Rhodobacteraceae;g__Phaeobacter;s__caeruleus	k__Bacteria;p__Proteobacteria;c__Alphaproteobacteria;o__Rhodobacterales;f__Rhodobacteraceae;g__Rhodobacter	overclassification	5	0.0	0.0	0.0
B1-REF	5	1	blast+	0.001:1:0.51:0.97	Unassigned	k__Bacteria;p__Cyanobacteria;c__Synechococcophycideae;o__Pseudanabaenales;f__Pseudanabaenaceae;g__Prochlorothrix	underclassification	0	0.0	0.0	0.0
B1-REF	5	1	blast+	0.001:1:0.51:0.97	Unassigned	k__Archaea;p__Euryarchaeota;c__Methanococci;o__Methanococcales;f__Methanococcaceae;g__Methanococcus	underclassification	0	0.0	0.0	0.0
B1-REF	5	1	blast+	0.001:1:0.51:0.97	Unassigned	k__Bacteria;p__Proteobacteria;c__Gammaproteobacteria;o__Cardiobacteriales;f__Cardiobacteriaceae;g__Dichelobacter	underclassification	0	0.0	0.0	0.0
B1-REF	5	1	blast+	0.001:1:0.51:0.97	k__Bacteria;p__Proteobacteria;c__Gammaproteobacteria;o__Vibrionales;f__Pseudoalteromonadaceae;g__Vibrio;s__harveyi	k__Bacteria;p__Proteobacteria;c__Gammaproteobacteria;o__Vibrionales;f__Pseudoalteromonadaceae;g__Aliivibrio	overclassification	5	0.0	0.0	0.0
B1-REF	5	1	blast+	0.001:1:0.51:0.97	k__Bacteria;p__Proteobacteria;c__Betaproteobacteria;o__Burkholderiales;f__Oxalobacteraceae;g__Massilia;s__albidiflava	k__Bacteria;p__Proteobacteria;c__Betaproteobacteria;o__Burkholderiales;f__Oxalobacteraceae;g__Duganella	overclassification	5	0.0	0.0	0.0
B1-REF	5	1	blast+	0.001:1:0.51:0.97	Unassigned	k__Bacteria;p__Proteobacteria;c__Alphaproteobacteria;o__Rickettsiales;f__mitochondria;g__Silene	underclassification	0	0.0	0.0	0.0
B1-REF	5	1	blast+	0.001:1:0.51:0.97	Unassigned	k__Bacteria;p__Proteobacteria;c__Alphaproteobacteria;o__Rickettsiales;f__mitochondria;g__Phaeoceros	underclassification	0	0.0	0.0	0.0
B1-REF	5	1	blast+	0.001:1:0.51:0.97	k__Bacteria;p__Proteobacteria;c__Alphaproteobacteria;o__Rickettsiales;f__mitochondria;g__Annona;s__muricata	k__Bacteria;p__Proteobacteria;c__Alphaproteobacteria;o__Rickettsiales;f__mitochondria;g__Aristolochia	overclassification	5	0.0	0.0	0.0
B1-REF	5	1	blast+	0.001:1:0.51:0.97	Unassigned	k__Bacteria;p__Bacteroidetes;c__Flavobacteriia;o__Flavobacteriales;f__Flavobacteriaceae;g__Tenacibaculum	underclassification	0	0.0	0.0	0.0
B1-REF	5	1	blast+	0.001:1:0.51:0.97	k__Bacteria;p__Proteobacteria;c__Alphaproteobacteria;o__Rickettsiales;f__mitochondria;g__Lupinus;s__luteus	k__Bacteria;p__Proteobacteria;c__Alphaproteobacteria;o__Rickettsiales;f__mitochondria;g__Lotus	overclassification	5	0.0	0.0	0.0
B1-REF	5	1	blast+	0.001:1:0.51:0.97	Unassigned	k__Bacteria;p__Acidobacteria;c__Acidobacteriia;o__Acidobacteriales;f__Acidobacteriaceae;g__Granulicella	underclassification	0	0.0	0.0	0.0
B1-REF	5	1	blast+	0.001:1:0.51:0.97	k__Bacteria;p__Proteobacteria;c__Alphaproteobacteria;o__Rickettsiales;f__mitochondria;g__Polypodium;s__aureum	k__Bacteria;p__Proteobacteria;c__Alphaproteobacteria;o__Rickettsiales;f__mitochondria;g__Azolla	overclassification	5	0.0	0.0	0.0
B1-REF	5	1	blast+	0.001:1:0.51:0.97	Unassigned	k__Bacteria;p__Proteobacteria;c__Alphaproteobacteria;o__Rickettsiales;f__mitochondria;g__Ginkgo	underclassification	0	0.0	0.0	0.0
B1-REF	5	1	blast+	0.001:1:0.51:0.97	k__Bacteria;p__Proteobacteria;c__Alphaproteobacteria;o__Rickettsiales;f__mitochondria;g__Ophioglossum;s__vulgatum	k__Bacteria;p__Proteobacteria;c__Alphaproteobacteria;o__Rickettsiales;f__mitochondria;g__Angiopteris	overclassification	5	0.0	0.0	0.0
B1-REF	5	1	blast+	0.001:1:0.51:0.97	k__Bacteria;p__Proteobacteria;c__Betaproteobacteria;o__Burkholderiales;f__Oxalobacteraceae;g__Massilia;s__timonae	k__Bacteria;p__Proteobacteria;c__Betaproteobacteria;o__Burkholderiales;f__Oxalobacteraceae;g__Glycine	overclassification	5	0.0	0.0	0.0
B1-REF	5	1	blast+	0.001:1:0.51:0.97	Unassigned	k__Bacteria;p__Proteobacteria;c__Gammaproteobacteria;o__Chromatiales;f__Halothiobacillaceae;g__Halothiobacillus	underclassification	0	0.0	0.0	0.0
B1-REF	5	1	blast+	0.001:1:0.51:0.97	k__Bacteria;p__Bacteroidetes;c__Flavobacteriia;o__Flavobacteriales;f__Flavobacteriaceae;g__Pontirhabdus;s__pectinivorans	k__Bacteria;p__Bacteroidetes;c__Flavobacteriia;o__Flavobacteriales;f__Flavobacteriaceae;g__Algibacter	overclassification	5	0.0	0.0	0.0
B1-REF	5	1	blast+	0.001:1:0.51:0.97	k__Bacteria;p__Proteobacteria;c__Alphaproteobacteria;o__Rickettsiales;f__mitochondria;g__Pinus;s__strobus	k__Bacteria;p__Proteobacteria;c__Alphaproteobacteria;o__Rickettsiales;f__mitochondria;g__Abies	overclassification	5	0.0	0.0	0.0
B1-REF	5	1	blast+	0.001:1:0.51:0.97	k__Bacteria;p__Bacteroidetes;c__Flavobacteriia;o__Flavobacteriales;f__Flavobacteriaceae;g__Lacinutrix;s__mariniflava	k__Bacteria;p__Bacteroidetes;c__Flavobacteriia;o__Flavobacteriales;f__Flavobacteriaceae;g__Formosa	overclassification	5	0.0	0.0	0.0
B1-REF	5	1	blast+	0.001:1:0.51:0.97	k__Bacteria;p__Proteobacteria;c__Alphaproteobacteria;o__Rhodobacterales;f__Rhodobacteraceae;g__Roseicyclus;s__mahoneyensis	k__Bacteria;p__Proteobacteria;c__Alphaproteobacteria;o__Rhodobacterales;f__Rhodobacteraceae;g__Rhodovulum	overclassification	5	0.0	0.0	0.0
B1-REF	5	1	blast+	0.001:1:0.51:0.97	Unassigned	k__Bacteria;p__Proteobacteria;c__Alphaproteobacteria;o__Rhizobiales;f__Phyllobacteriaceae;g__Aliihoeflea	underclassification	0	0.0	0.0	0.0
B1-REF	5	1	blast+	0.001:1:0.51:0.97	Unassigned	k__Bacteria;p__Bacteroidetes;c__Sphingobacteriia;o__Sphingobacteriales;f__Sphingobacteriaceae;g__Cytophagales	underclassification	0	0.0	0.0	0.0
B1-REF	5	1	blast+	0.001:1:0.51:0.97	Unassigned	k__Bacteria;p__Bacteroidetes;c__Flavobacteriia;o__Flavobacteriales;f__Flavobacteriaceae;g__Kriegella	underclassification	0	0.0	0.0	0.0
B1-REF	5	1	blast+	0.001:1:0.51:0.97	Unassigned	k__Bacteria;p__Proteobacteria;c__Alphaproteobacteria;o__Rhodospirillales;f__Acetobacteraceae;g__Commensalibacter	underclassification	0	0.0	0.0	0.0
B1-REF	5	1	blast+	0.001:1:0.51:0.97	k__Bacteria;p__Proteobacteria;c__Betaproteobacteria;o__Burkholderiales;f__Oxalobacteraceae;g__Telluria;s__mixta	k__Bacteria;p__Proteobacteria;c__Betaproteobacteria;o__Burkholderiales;f__Oxalobacteraceae;g__Naxibacter	overclassification	5	0.0	0.0	0.0
B1-REF	5	1	blast+	0.001:1:0.51:0.97	k__Bacteria;p__Proteobacteria;c__Alphaproteobacteria;o__Rickettsiales;f__mitochondria;g__Treubia;s__lacunosa	k__Bacteria;p__Proteobacteria;c__Alphaproteobacteria;o__Rickettsiales;f__mitochondria;g__Pleurozia	overclassification	5	0.0	0.0	0.0
B1-REF	5	1	blast+	0.001:1:0.51:0.97	Unassigned	k__Bacteria;p__Chlamydiae;c__Chlamydiia;o__Chlamydiales;f__Simkaniaceae;g__Simkania	underclassification	0	0.0	0.0	0.0
B1-REF	5	1	blast+	0.001:1:0.51:0.97	k__Bacteria;p__Proteobacteria;c__Alphaproteobacteria;o__Rickettsiales;f__mitochondria;g__Platanus;s__occidentalis	k__Bacteria;p__Proteobacteria;c__Alphaproteobacteria;o__Rickettsiales;f__mitochondria;g__Veronica	overclassification	5	0.0	0.0	0.0
B1-REF	5	1	blast+	0.001:1:0.51:0.97	k__Bacteria;p__Actinobacteria;c__Actinobacteria;o__Actinomycetales;f__Microbacteriaceae;g__Rathayibacter;s__caricis	k__Bacteria;p__Actinobacteria;c__Actinobacteria;o__Actinomycetales;f__Microbacteriaceae;g__Planktoluna	overclassification	5	0.0	0.0	0.0
B1-REF	5	1	blast+	0.001:1:0.51:0.97	Unassigned	k__Bacteria;p__Bacteroidetes;c__Flavobacteriia;o__Flavobacteriales;f__Flavobacteriaceae;g__Flavobacterium	underclassification	0	0.0	0.0	0.0
B1-REF	5	1	blast+	0.001:1:0.51:0.97	k__Bacteria;p__Firmicutes;c__Bacilli;o__Bacillales;f__Staphylococcaceae;g__Staphylococcus;s__sciuri	k__Bacteria;p__Firmicutes;c__Bacilli;o__Bacillales;f__Staphylococcaceae;g__Macrococcus	overclassification	5	0.0	0.0	0.0
B1-REF	5	1	blast+	0.001:1:0.51:0.97	Unassigned	k__Bacteria;p__Bacteroidetes;c__Saprospirae;o__Saprospirales;f__Saprospiraceae;g__Lewinella	underclassification	0	0.0	0.0	0.0
B1-REF	5	1	blast+	0.001:1:0.51:0.97	Unassigned	k__Bacteria;p__Proteobacteria;c__Alphaproteobacteria;o__Rhodospirillales;f__Acetobacteraceae;g__Rhodovastum	underclassification	0	0.0	0.0	0.0
B1-REF	5	1	blast+	0.001:1:0.51:0.97	k__Bacteria;p__Firmicutes;c__Bacilli;o__Bacillales;f__Bacillaceae;g__Salirhabdus;s__euzebyi	k__Bacteria;p__Firmicutes;c__Bacilli;o__Bacillales;f__Sporolactobacillaceae;g__Scopulibacillus	misclassification	4	0.0	0.0	0.0
B1-REF	5	1	blast+	0.001:1:0.51:0.97	k__Bacteria;p__Actinobacteria;c__Actinobacteria;o__Actinomycetales;f__Actinosynnemataceae;g__Amycolatopsis;s__fastidiosa	k__Bacteria;p__Actinobacteria;c__Actinobacteria;o__Actinomycetales;f__Pseudonocardiaceae;g__Actinophytocola	misclassification	4	0.0	0.0	0.0
B1-REF	5	1	blast+	0.001:1:0.51:0.97	Unassigned	k__Bacteria;p__Cyanobacteria;c__Chloroplast;o__Chlorophyta;f__Ulvophyceae;g__Codium	underclassification	0	0.0	0.0	0.0
B1-REF	5	1	blast+	0.001:1:0.51:0.97	k__Bacteria;p__Proteobacteria;c__Alphaproteobacteria;o__Rickettsiales;f__mitochondria;g__Carludovica;s__palmata	k__Bacteria;p__Proteobacteria;c__Alphaproteobacteria;o__Rickettsiales;f__mitochondria;g__Podophyllum	overclassification	5	0.0	0.0	0.0
B1-REF	5	1	blast+	0.001:1:0.51:0.97	k__Bacteria;p__Bacteroidetes;c__Flavobacteriia;o__Flavobacteriales;f__Flavobacteriaceae;g__Eudoraea;s__adriatica	k__Bacteria;p__Bacteroidetes;c__Flavobacteriia;o__Flavobacteriales;f__Flavobacteriaceae;g__Muricola	overclassification	5	0.0	0.0	0.0
B1-REF	5	1	blast+	0.001:1:0.51:0.97	k__Bacteria;p__Actinobacteria;c__Actinobacteria;o__Actinomycetales;f__Actinosynnemataceae;g__Amycolatopsis;s__fastidiosa	k__Bacteria;p__Actinobacteria;c__Actinobacteria;o__Actinomycetales;f__Actinosynnemataceae;g__Alloactinosynnema	overclassification	5	0.0	0.0	0.0
B1-REF	5	1	blast+	0.001:1:0.51:0.97	Unassigned	k__Bacteria;p__Proteobacteria;c__Epsilonproteobacteria;o__Campylobacterales;f__Helicobacteraceae;g__Helicobacter	underclassification	0	0.0	0.0	0.0
B1-REF	5	1	blast+	0.001:1:0.51:0.97	Unassigned	k__Bacteria;p__Proteobacteria;c__Gammaproteobacteria;o__Chromatiales;f__Chromatiaceae;g__Thiohalocapsa	underclassification	0	0.0	0.0	0.0
B1-REF	5	1	blast+	0.001:1:0.51:0.97	k__Bacteria;p__Proteobacteria;c__Gammaproteobacteria;o__Xanthomonadales;f__Xanthomonadaceae;g__Thermomonas;s__fusca	k__Bacteria;p__Proteobacteria;c__Gammaproteobacteria;o__Xanthomonadales;f__Xanthomonadaceae;g__Luteimonas	overclassification	5	0.0	0.0	0.0
B1-REF	5	1	blast+	0.001:1:0.51:0.97	k__Bacteria;p__Actinobacteria;c__Actinobacteria;o__Actinomycetales;f__Actinosynnemataceae;g__Amycolatopsis;s__fastidiosa	k__Bacteria;p__Actinobacteria;c__Actinobacteria;o__Actinomycetales;f__Actinosynnemataceae;g__Actinokineospora	overclassification	5	0.0	0.0	0.0
B1-REF	5	1	blast+	0.001:1:0.51:0.97	k__Bacteria;p__Proteobacteria;c__Gammaproteobacteria;o__Enterobacteriales;f__Enterobacteriaceae;g__Brenneria;s__nigrifluens	k__Bacteria;p__Proteobacteria;c__Gammaproteobacteria;o__Enterobacteriales;f__Enterobacteriaceae;g__Dickeya	overclassification	5	0.0	0.0	0.0
B1-REF	5	1	blast+	0.001:1:0.51:0.97	Unassigned	k__Bacteria;p__Proteobacteria;c__Alphaproteobacteria;o__Rhizobiales;f__Phyllobacteriaceae;g__Hoeflea	underclassification	0	0.0	0.0	0.0
B1-REF	5	1	blast+	0.001:1:0.51:0.97	k__Bacteria;p__Proteobacteria;c__Betaproteobacteria;o__Neisseriales;f__Neisseriaceae;g__Pseudogulbenkiania;s__subflava	k__Bacteria;p__Proteobacteria;c__Betaproteobacteria;o__Neisseriales;f__Neisseriaceae;g__Aquitalea	overclassification	5	0.0	0.0	0.0
B1-REF	5	1	blast+	0.001:1:0.51:0.97	k__Bacteria;p__Cyanobacteria;c__Nostocophycideae;o__Nostocales;f__Nostocaceae;g__Trichormus;s__doliolum	k__Bacteria;p__Cyanobacteria;c__Nostocophycideae;o__Nostocales;f__Nostocaceae;g__Anabaenopsis	overclassification	5	0.0	0.0	0.0
B1-REF	5	1	blast+	0.001:1:0.51:0.97	k__Bacteria;p__Cyanobacteria;c__Oscillatoriophycideae;o__Oscillatoriales;f__Phormidiaceae;g__Hydrocoleum;s__glutinosum	k__Bacteria;p__Cyanobacteria;c__Oscillatoriophycideae;o__Oscillatoriales;f__Phormidiaceae;g__Oscillatoria	overclassification	5	0.0	0.0	0.0
B1-REF	5	1	blast+	0.001:1:0.51:0.97	Unassigned	k__Bacteria;p__Proteobacteria;c__Gammaproteobacteria;o__Enterobacteriales;f__Enterobacteriaceae;g__Achromobacter	underclassification	0	0.0	0.0	0.0
B1-REF	5	1	blast+	0.001:1:0.51:0.97	Unassigned	k__Bacteria;p__Actinobacteria;c__Coriobacteriia;o__Coriobacteriales;f__Coriobacteriaceae;g__Collinsella	underclassification	0	0.0	0.0	0.0
B1-REF	5	1	blast+	0.001:1:0.51:0.97	Unassigned	k__Bacteria;p__Cyanobacteria;c__Chloroplast;o__Chlorophyta;f__Mamiellaceae;g__Ostreococcus	underclassification	0	0.0	0.0	0.0
B1-REF	5	1	blast+	0.001:1:0.51:0.97	Unassigned	k__Bacteria;p__Firmicutes;c__Clostridia;o__Clostridiales;f__Clostridiaceae;g__Clostridium	underclassification	0	0.0	0.0	0.0
B1-REF	5	1	blast+	0.001:1:0.51:0.97	Unassigned	k__Bacteria;p__Proteobacteria;c__Epsilonproteobacteria;o__Campylobacterales;f__Helicobacteraceae;g__Nitratifractor	underclassification	0	0.0	0.0	0.0
B1-REF	5	1	blast+	0.001:1:0.51:0.97	Unassigned	k__Bacteria;p__Proteobacteria;c__Alphaproteobacteria;o__Rhodospirillales;f__Rhodospirillaceae;g__marine	underclassification	0	0.0	0.0	0.0
B1-REF	5	1	blast+	0.001:1:0.51:0.97	k__Bacteria;p__Actinobacteria;c__Actinobacteria;o__Actinomycetales;f__Streptosporangiaceae;g__Microbispora;s__rosea	k__Bacteria;p__Actinobacteria;c__Actinobacteria;o__Actinomycetales;f__Streptosporangiaceae;g__Streptosporangiaceae	overclassification	5	0.0	0.0	0.0
B1-REF	5	1	blast+	0.001:1:0.51:0.97	Unassigned	k__Bacteria;p__Proteobacteria;c__Alphaproteobacteria;o__Rickettsiales;f__mitochondria;g__Bigelowiella	underclassification	0	0.0	0.0	0.0
B1-REF	5	1	blast+	0.001:1:0.51:0.97	Unassigned	k__Archaea;p__Crenarchaeota;c__Thaumarchaeota;o__Cenarchaeales;f__Cenarchaeaceae;g__Cenarchaeum	underclassification	0	0.0	0.0	0.0
B1-REF	5	1	blast+	0.001:1:0.51:0.97	Unassigned	k__Bacteria;p__Firmicutes;c__Clostridia;o__Clostridiales;f__Veillonellaceae;g__Acetonema	underclassification	0	0.0	0.0	0.0
B1-REF	5	1	blast+	0.001:1:0.51:0.97	Unassigned	k__Bacteria;p__Firmicutes;c__Clostridia;o__Clostridiales;f__Lachnospiraceae;g__Roseburia	underclassification	0	0.0	0.0	0.0
B1-REF	5	1	blast+	0.001:1:0.51:0.97	k__Bacteria;p__Proteobacteria;c__Alphaproteobacteria;o__Rickettsiales;f__mitochondria;g__Platanus;s__occidentalis	k__Bacteria;p__Proteobacteria;c__Alphaproteobacteria;o__Rickettsiales;f__mitochondria;g__Beta	overclassification	5	0.0	0.0	0.0
B1-REF	5	1	blast+	0.001:1:0.51:0.97	Unassigned	k__Bacteria;p__Proteobacteria;c__Gammaproteobacteria;o__Thiotrichales;f__Thiotrichaceae;g__Thioploca	underclassification	0	0.0	0.0	0.0
B1-REF	5	1	blast+	0.001:1:0.51:0.97	Unassigned	k__Bacteria;p__Proteobacteria;c__Alphaproteobacteria;o__Rickettsiales;f__mitochondria;g__Reclinomonas	underclassification	0	0.0	0.0	0.0
B1-REF	5	1	blast+	0.001:1:0.51:0.97	Unassigned	k__Bacteria;p__Firmicutes;c__Erysipelotrichi;o__Erysipelotrichales;f__Erysipelotrichaceae;g__Bulleidia	underclassification	0	0.0	0.0	0.0
B1-REF	5	1	blast+	0.001:1:0.51:0.97	Unassigned	k__Bacteria;p__Proteobacteria;c__Alphaproteobacteria;o__Rhizobiales;f__Methylocystaceae;g__Pleomorphomonas	underclassification	0	0.0	0.0	0.0
B1-REF	5	1	blast+	0.001:1:0.51:0.97	Unassigned	k__Bacteria;p__Cyanobacteria;c__Synechococcophycideae;o__Pseudanabaenales;f__Pseudanabaenaceae;g__Microcystis	underclassification	0	0.0	0.0	0.0
B1-REF	5	1	blast+	0.001:1:0.51:0.97	Unassigned	k__Bacteria;p__Firmicutes;c__Bacilli;o__Lactobacillales;f__Lactobacillaceae;g__Lactobacillus	underclassification	0	0.0	0.0	0.0
B1-REF	5	1	blast+	0.001:1:0.51:0.97	k__Bacteria;p__Proteobacteria;c__Alphaproteobacteria;o__Rhodobacterales;f__Rhodobacteraceae;g__Phaeobacter;s__daeponensis	k__Bacteria;p__Proteobacteria;c__Alphaproteobacteria;o__Rhodobacterales;f__Rhodobacteraceae;g__Sagittula	overclassification	5	0.0	0.0	0.0
B1-REF	5	1	blast+	0.001:1:0.51:0.97	Unassigned	k__Bacteria;p__Proteobacteria;c__Alphaproteobacteria;o__Rickettsiales;f__mitochondria;g__Synedra	underclassification	0	0.0	0.0	0.0
B1-REF	5	1	blast+	0.001:1:0.51:0.97	k__Bacteria;p__Proteobacteria;c__Alphaproteobacteria;o__Rickettsiales;f__mitochondria;g__Platanus;s__occidentalis	k__Bacteria;p__Proteobacteria;c__Alphaproteobacteria;o__Rickettsiales;f__mitochondria;g__Mimulus	overclassification	5	0.0	0.0	0.0
B1-REF	5	1	blast+	0.001:1:0.51:0.97	Unassigned	k__Bacteria;p__Firmicutes;c__Clostridia;o__Clostridiales;f__Peptococcaceae;g__Desulfonispora	underclassification	0	0.0	0.0	0.0
B1-REF	5	1	blast+	0.001:1:0.51:0.97	Unassigned	k__Bacteria;p__Proteobacteria;c__Alphaproteobacteria;o__Rickettsiales;f__mitochondria;g__Dictyota	underclassification	0	0.0	0.0	0.0
B1-REF	5	1	blast+	0.001:1:0.51:0.97	k__Bacteria;p__Proteobacteria;c__Alphaproteobacteria;o__Rickettsiales;f__mitochondria;g__Platanus;s__occidentalis	k__Bacteria;p__Proteobacteria;c__Alphaproteobacteria;o__Rickettsiales;f__mitochondria;g__Panax	overclassification	5	0.0	0.0	0.0
B1-REF	5	1	blast+	0.001:1:0.51:0.97	k__Bacteria;p__Actinobacteria;c__Actinobacteria;o__Actinomycetales;f__Micromonosporaceae;g__Micromonospora;s__olivasterospora	k__Bacteria;p__Actinobacteria;c__Actinobacteria;o__Actinomycetales;f__Micromonosporaceae;g__Actinaurispora	overclassification	5	0.0	0.0	0.0
B1-REF	5	1	blast+	0.001:1:0.51:0.97	Unassigned	k__Bacteria;p__Firmicutes;c__Clostridia;o__Clostridiales;f__Veillonellaceae;g__Sporomusa	underclassification	0	0.0	0.0	0.0
B1-REF	5	1	blast+	0.001:1:0.51:0.97	k__Bacteria;p__Firmicutes;c__Bacilli;o__Lactobacillales;f__Enterococcaceae;g__Enterococcus;s__sulfureus	k__Bacteria;p__Firmicutes;c__Bacilli;o__Lactobacillales;f__Enterococcaceae;g__Vagococcus	overclassification	5	0.0	0.0	0.0
B1-REF	5	1	blast+	0.001:1:0.51:0.97	Unassigned	k__Bacteria;p__Bacteroidetes;c__Saprospirae;o__Saprospirales;f__Chitinophagaceae;g__Lacibacter	underclassification	0	0.0	0.0	0.0
B1-REF	5	1	blast+	0.001:1:0.51:0.97	k__Bacteria;p__Proteobacteria;c__Betaproteobacteria;o__Neisseriales;f__Neisseriaceae;g__Silvimonas;s__terrae	k__Bacteria;p__Proteobacteria;c__Betaproteobacteria;o__Neisseriales;f__Neisseriaceae;g__Chitiniphilus	overclassification	5	0.0	0.0	0.0
B1-REF	5	1	blast+	0.001:1:0.51:0.97	Unassigned	k__Bacteria;p__Proteobacteria;c__Betaproteobacteria;o__Tremblayales;f__Tremblayaceae;g__Carsonella	underclassification	0	0.0	0.0	0.0
B1-REF	5	1	blast+	0.001:1:0.51:0.97	Unassigned	k__Bacteria;p__Proteobacteria;c__Deltaproteobacteria;o__Desulfovibrionales;f__Desulfohalobiaceae;g__Desulfohalobium	underclassification	0	0.0	0.0	0.0
B1-REF	5	1	blast+	0.001:1:0.51:0.97	k__Bacteria;p__Proteobacteria;c__Alphaproteobacteria;o__Rickettsiales;f__mitochondria;g__Platanus;s__occidentalis	k__Bacteria;p__Proteobacteria;c__Alphaproteobacteria;o__Rickettsiales;f__mitochondria;g__Sambucus	overclassification	5	0.0	0.0	0.0
B1-REF	5	1	blast+	0.001:1:0.51:0.97	Unassigned	k__Bacteria;p__Actinobacteria;c__Actinobacteria;o__Actinomycetales;f__Geodermatophilaceae;g__Blastococcus	underclassification	0	0.0	0.0	0.0
B1-REF	5	1	blast+	0.001:1:0.51:0.97	k__Bacteria;p__Proteobacteria;c__Alphaproteobacteria;o__Rhodobacterales;f__Rhodobacteraceae;g__Oceanicella;s__actignis	k__Bacteria;p__Proteobacteria;c__Alphaproteobacteria;o__Rhodobacterales;f__Rhodobacteraceae;g__Piezobacter	overclassification	5	0.0	0.0	0.0
B1-REF	5	1	blast+	0.001:1:0.51:0.97	k__Bacteria;p__Actinobacteria;c__Actinobacteria;o__Actinomycetales;f__Micromonosporaceae;g__Rugosimonospora;s__acidiphila	k__Bacteria;p__Actinobacteria;c__Actinobacteria;o__Actinomycetales;f__Micromonosporaceae;g__Penicillium	overclassification	5	0.0	0.0	0.0
B1-REF	5	1	blast+	0.001:1:0.51:0.97	Unassigned	k__Bacteria;p__Proteobacteria;c__Alphaproteobacteria;o__Rickettsiales;f__mitochondria;g__Saprolegnia	underclassification	0	0.0	0.0	0.0
B1-REF	5	1	blast+	0.001:1:0.51:0.97	k__Bacteria;p__Proteobacteria;c__Alphaproteobacteria;o__Rickettsiales;f__mitochondria;g__Chloranthus;s__multistachys	k__Bacteria;p__Proteobacteria;c__Alphaproteobacteria;o__Rickettsiales;f__mitochondria;g__Myristica	overclassification	5	0.0	0.0	0.0
B1-REF	5	1	blast+	0.001:1:0.51:0.97	k__Bacteria;p__Actinobacteria;c__Actinobacteria;o__Actinomycetales;f__Microbacteriaceae;g__Microbacterium;s__aurum	k__Bacteria;p__Actinobacteria;c__Actinobacteria;o__Actinomycetales;f__Microbacteriaceae;g__Salinibacterium	overclassification	5	0.0	0.0	0.0
B1-REF	5	1	blast+	0.001:1:0.51:0.97	k__Bacteria;p__Proteobacteria;c__Alphaproteobacteria;o__Rhizobiales;f__Phyllobacteriaceae;g__Aquamicrobium;s__aerolatum	k__Bacteria;p__Proteobacteria;c__Alphaproteobacteria;o__Rhizobiales;f__Phyllobacteriaceae;g__Ahrensia	overclassification	5	0.0	0.0	0.0
B1-REF	5	1	blast+	0.001:1:0.51:0.97	k__Bacteria;p__Actinobacteria;c__Actinobacteria;o__Actinomycetales;f__Nocardiopsaceae;g__Nocardiopsis;s__quinghaiensis	k__Bacteria;p__Actinobacteria;c__Actinobacteria;o__Actinomycetales;f__Nocardiopsaceae;g__actinomycete	overclassification	5	0.0	0.0	0.0
B1-REF	5	1	blast+	0.001:1:0.51:0.97	k__Archaea;p__Crenarchaeota;c__Thermoprotei;o__Desulfurococcales;f__Desulfurococcaceae;g__Staphylothermus;s__hellenicus	k__Archaea;p__Crenarchaeota;c__Thermoprotei;o__Desulfurococcales;f__Desulfurococcaceae;g__Thermosphaera	overclassification	5	0.0	0.0	0.0
B1-REF	5	1	blast+	0.001:1:0.51:0.97	Unassigned	k__Bacteria;p__Proteobacteria;c__Gammaproteobacteria;o__Aeromonadales;f__Aeromonadaceae;g__Oceanimonas	underclassification	0	0.0	0.0	0.0
B1-REF	5	1	blast+	0.001:1:0.51:0.97	Unassigned	k__Bacteria;p__Firmicutes;c__Clostridia;o__Clostridiales;f__Ruminococcaceae;g__Faecalibacterium	underclassification	0	0.0	0.0	0.0
B1-REF	5	1	blast+	0.001:1:0.51:0.97	Unassigned	k__Bacteria;p__Actinobacteria;c__Coriobacteriia;o__Coriobacteriales;f__Coriobacteriaceae;g__Olsenella	underclassification	0	0.0	0.0	0.0
B1-REF	5	1	blast+	0.001:1:0.51:0.97	k__Bacteria;p__Planctomycetes;c__Planctomycetia;o__Pirellulales;f__Pirellulaceae;g__planctomycete;s__MS3332	k__Bacteria;p__Planctomycetes;c__Planctomycetia;o__Pirellulales;f__Pirellulaceae;g__Blastopirellula	overclassification	5	0.0	0.0	0.0
B1-REF	5	1	blast+	0.001:1:0.51:0.97	k__Bacteria;p__Actinobacteria;c__Actinobacteria;o__Actinomycetales;f__Propionibacteriaceae;g__Brooklawnia;s__cerclae	k__Bacteria;p__Actinobacteria;c__Actinobacteria;o__Actinomycetales;f__Propionibacteriaceae;g__Propionimicrobium	overclassification	5	0.0	0.0	0.0
B1-REF	5	1	blast+	0.001:1:0.51:0.97	Unassigned	k__Archaea;p__Euryarchaeota;c__Halobacteria;o__Halobacteriales;f__Halobacteriaceae;g__Halobacteriaceae	underclassification	0	0.0	0.0	0.0
B1-REF	5	1	blast+	0.001:1:0.51:0.97	k__Bacteria;p__Proteobacteria;c__Gammaproteobacteria;o__Enterobacteriales;f__Enterobacteriaceae;g__Brenneria;s__quercina	k__Bacteria;p__Proteobacteria;c__Gammaproteobacteria;o__Enterobacteriales;f__Enterobacteriaceae;g__Rahnella	overclassification	5	0.0	0.0	0.0
B1-REF	5	1	blast+	0.001:1:0.51:0.97	k__Bacteria;p__Firmicutes;c__Bacilli;o__Bacillales;f__Planococcaceae;g__Lysinibacillus;s__massiliensis	k__Bacteria;p__Firmicutes;c__Bacilli;o__Bacillales;f__Planococcaceae;g__Bacillus	overclassification	5	0.0	0.0	0.0
B1-REF	5	1	blast+	0.001:1:0.51:0.97	k__Bacteria;p__Aquificae;c__Aquificae;o__Aquificales;f__Hydrogenothermaceae;g__Sulfurihydrogenibium;s__kristjanssonii	k__Bacteria;p__Aquificae;c__Aquificae;o__Aquificales;f__Hydrogenothermaceae;g__Aquificales	overclassification	5	0.0	0.0	0.0
B1-REF	5	1	blast+	0.001:1:0.51:0.97	Unassigned	k__Bacteria;p__Proteobacteria;c__Alphaproteobacteria;o__Rickettsiales;f__mitochondria;g__Mesostigma	underclassification	0	0.0	0.0	0.0
B1-REF	5	1	blast+	0.001:1:0.51:0.97	Unassigned	k__Bacteria;p__Proteobacteria;c__Alphaproteobacteria;o__Rickettsiales;f__mitochondria;g__Nephroselmis	underclassification	0	0.0	0.0	0.0
B1-REF	5	1	blast+	0.001:1:0.51:0.97	k__Archaea;p__Euryarchaeota;c__Halobacteria;o__Halobacteriales;f__Halobacteriaceae;g__haloarchaeon;s__93dLM4	k__Archaea;p__Euryarchaeota;c__Halobacteria;o__Halobacteriales;f__Halobacteriaceae;g__Halopiger	overclassification	5	0.0	0.0	0.0
B1-REF	5	1	blast+	0.001:1:0.51:0.97	k__Bacteria;p__Proteobacteria;c__Betaproteobacteria;o__Burkholderiales;f__Alcaligenaceae;g__Kerstersia;s__gyiorum	k__Bacteria;p__Proteobacteria;c__Betaproteobacteria;o__Burkholderiales;f__Alcaligenaceae;g__Bordetella	overclassification	5	0.0	0.0	0.0
B1-REF	5	1	blast+	0.001:1:0.51:0.97	k__Bacteria;p__Proteobacteria;c__Alphaproteobacteria;o__Rickettsiales;f__mitochondria;g__Lupinus;s__luteus	k__Bacteria;p__Proteobacteria;c__Alphaproteobacteria;o__Rickettsiales;f__mitochondria;g__Vigna	overclassification	5	0.0	0.0	0.0
B1-REF	5	1	blast+	0.001:1:0.51:0.97	Unassigned	k__Bacteria;p__Proteobacteria;c__Gammaproteobacteria;o__Enterobacteriales;f__Enterobacteriaceae;g__Trabulsiella	underclassification	0	0.0	0.0	0.0
B1-REF	5	1	blast+	0.001:1:0.51:0.97	Unassigned	k__Bacteria;p__Cyanobacteria;c__Chloroplast;o__Chlorophyta;f__Chlamydomonadaceae;g__Hydrodictyon	underclassification	0	0.0	0.0	0.0
B1-REF	5	1	blast+	0.001:1:0.51:0.97	Unassigned	k__Archaea;p__Euryarchaeota;c__Halobacteria;o__Halobacteriales;f__Halobacteriaceae;g__Halogranum	underclassification	0	0.0	0.0	0.0
B1-REF	5	1	blast+	0.001:1:0.51:0.97	k__Bacteria;p__Proteobacteria;c__Betaproteobacteria;o__Burkholderiales;f__Comamonadaceae;g__Rubrivivax;s__gelatinosus	k__Bacteria;p__Proteobacteria;c__Betaproteobacteria;o__Burkholderiales;f__Comamonadaceae;g__Simplicispira	overclassification	5	0.0	0.0	0.0
B1-REF	5	1	blast+	0.001:1:0.51:0.97	k__Bacteria;p__Proteobacteria;c__Alphaproteobacteria;o__Rickettsiales;f__mitochondria;g__Chloranthus;s__multistachys	k__Bacteria;p__Proteobacteria;c__Alphaproteobacteria;o__Rickettsiales;f__mitochondria;g__Cinnamomum	overclassification	5	0.0	0.0	0.0
B1-REF	5	1	blast+	0.001:1:0.51:0.97	k__Bacteria;p__Cyanobacteria;c__Nostocophycideae;o__Nostocales;f__Nostocaceae;g__Nostoc;s__carneum IAM M-35	k__Bacteria;p__Cyanobacteria;c__Nostocophycideae;o__Nostocales;f__Nostocaceae;g__Microchaete	overclassification	5	0.0	0.0	0.0
B1-REF	5	1	blast+	0.001:1:0.51:0.97	Unassigned	k__Archaea;p__Euryarchaeota;c__Halobacteria;o__Halobacteriales;f__Halobacteriaceae;g__Halovivax	underclassification	0	0.0	0.0	0.0
B1-REF	5	1	blast+	0.001:1:0.51:0.97	Unassigned	k__Bacteria;p__Firmicutes;c__Bacilli;o__Bacillales;f__Paenibacillaceae;g__Aneurinibacillus	underclassification	0	0.0	0.0	0.0
B1-REF	5	1	blast+	0.001:1:0.51:0.97	k__Bacteria;p__Proteobacteria;c__Betaproteobacteria;o__Burkholderiales;f__Comamonadaceae;g__Diaphorobacter;s__nitroreducens	k__Bacteria;p__Proteobacteria;c__Betaproteobacteria;o__Burkholderiales;f__Comamonadaceae;g__Methylibium	overclassification	5	0.0	0.0	0.0
B1-REF	5	1	blast+	0.001:1:0.51:0.97	k__Bacteria;p__Actinobacteria;c__Actinobacteria;o__Actinomycetales;f__Actinosynnemataceae;g__Amycolatopsis;s__fastidiosa	k__Bacteria;p__Actinobacteria;c__Actinobacteria;o__Actinomycetales;f__Actinosynnemataceae;g__Streptomyces	overclassification	5	0.0	0.0	0.0
B1-REF	5	1	blast+	0.001:1:0.51:0.97	Unassigned	k__Bacteria;p__Bacteroidetes;c__Saprospirae;o__Saprospirales;f__Chitinophagaceae;g__Terrimonas	underclassification	0	0.0	0.0	0.0
B1-REF	5	1	blast+	0.001:1:0.51:0.97	k__Bacteria;p__Proteobacteria;c__Gammaproteobacteria;o__Pasteurellales;f__Pasteurellaceae;g__Haemophilus;s__influenzae	k__Bacteria;p__Proteobacteria;c__Gammaproteobacteria;o__Pasteurellales;f__Pasteurellaceae;g__Aggregatibacter	overclassification	5	0.0	0.0	0.0
B1-REF	5	1	blast+	0.001:1:0.51:0.97	k__Bacteria;p__Proteobacteria;c__Alphaproteobacteria;o__Rhodospirillales;f__Acetobacteraceae;g__Ameyamaea;s__chiangmaiensis	k__Bacteria;p__Proteobacteria;c__Alphaproteobacteria;o__Rhodospirillales;f__Acetobacteraceae;g__Neoasaia	overclassification	5	0.0	0.0	0.0
B1-REF	5	1	blast+	0.001:1:0.51:0.97	Unassigned	k__Bacteria;p__Bacteroidetes;c__Flavobacteriia;o__Flavobacteriales;f__Flavobacteriaceae;g__Mesoflavibacter	underclassification	0	0.0	0.0	0.0
B1-REF	5	1	blast+	0.001:1:0.51:0.97	Unassigned	k__Bacteria;p__Proteobacteria;c__Gammaproteobacteria;o__Chromatiales;f__Ectothiorhodospiraceae;g__Thioalkalivibrio	underclassification	0	0.0	0.0	0.0
B1-REF	5	1	blast+	0.001:1:0.51:0.97	k__Bacteria;p__Actinobacteria;c__Actinobacteria;o__Actinomycetales;f__Dermatophilaceae;g__Piscicoccus;s__intestinalis	k__Bacteria;p__Actinobacteria;c__Actinobacteria;o__Actinomycetales;f__Dermatophilaceae;g__Kineosphaera	overclassification	5	0.0	0.0	0.0
B1-REF	5	1	blast+	0.001:1:0.51:0.97	k__Bacteria;p__Proteobacteria;c__Gammaproteobacteria;o__Xanthomonadales;f__Xanthomonadaceae;g__Luteibacter;s__rhizovicinus	k__Bacteria;p__Proteobacteria;c__Gammaproteobacteria;o__Xanthomonadales;f__Xanthomonadaceae;g__Frateuria	overclassification	5	0.0	0.0	0.0
B1-REF	5	1	blast+	0.001:1:0.51:0.97	k__Bacteria;p__Proteobacteria;c__Gammaproteobacteria;o__Enterobacteriales;f__Enterobacteriaceae;g__Morganella;s__morganii	k__Bacteria;p__Proteobacteria;c__Gammaproteobacteria;o__Enterobacteriales;f__Enterobacteriaceae;g__Moellerella	overclassification	5	0.0	0.0	0.0
B1-REF	5	1	blast+	0.001:1:0.51:0.97	Unassigned	k__Bacteria;p__Firmicutes;c__Bacilli;o__Bacillales;f__Thermoactinomycetaceae;g__Marina	underclassification	0	0.0	0.0	0.0
B1-REF	5	1	blast+	0.001:1:0.51:0.97	k__Bacteria;p__Proteobacteria;c__Betaproteobacteria;o__Burkholderiales;f__Alcaligenaceae;g__Tetrathiobacter;s__kashmirensis	k__Bacteria;p__Proteobacteria;c__Betaproteobacteria;o__Burkholderiales;f__Alcaligenaceae;g__Pigmentiphaga	overclassification	5	0.0	0.0	0.0
B1-REF	5	1	blast+	0.001:1:0.51:0.97	Unassigned	k__Bacteria;p__Cyanobacteria;c__Synechococcophycideae;o__Pseudanabaenales;f__Pseudanabaenaceae;g__Synechococcus	underclassification	0	0.0	0.0	0.0
B1-REF	5	1	blast+	0.001:1:0.51:0.97	k__Bacteria;p__Actinobacteria;c__Actinobacteria;o__Actinomycetales;f__Micromonosporaceae;g__Catenuloplanes;s__crispus	k__Bacteria;p__Actinobacteria;c__Actinobacteria;o__Actinomycetales;f__Micromonosporaceae;g__Phytohabitans	overclassification	5	0.0	0.0	0.0
B1-REF	5	1	blast+	0.001:1:0.51:0.97	Unassigned	k__Bacteria;p__Proteobacteria;c__Alphaproteobacteria;o__Sphingomonadales;f__Sphingomonadaceae;g__Sandarakinorhabdus	underclassification	0	0.0	0.0	0.0
B1-REF	5	1	blast+	0.001:1:0.51:0.97	Unassigned	k__Bacteria;p__Bacteroidetes;c__Flavobacteriia;o__Flavobacteriales;f__Flavobacteriaceae;g__Sufflavibacter	underclassification	0	0.0	0.0	0.0
B1-REF	5	1	blast+	0.001:1:0.51:0.97	k__Bacteria;p__Proteobacteria;c__Gammaproteobacteria;o__Enterobacteriales;f__Enterobacteriaceae;g__Enterobacter;s__asburiae	k__Bacteria;p__Proteobacteria;c__Gammaproteobacteria;o__Enterobacteriales;f__Enterobacteriaceae;g__Salmonella	overclassification	5	0.0	0.0	0.0
B1-REF	5	1	blast+	0.001:1:0.51:0.97	k__Bacteria;p__Actinobacteria;c__Actinobacteria;o__Actinomycetales;f__Sanguibacteraceae;g__Sanguibacter;s__marinus	k__Bacteria;p__Actinobacteria;c__Actinobacteria;o__Actinomycetales;f__Cellulomonadaceae;g__Paraoerskovia	misclassification	4	0.0	0.0	0.0
B1-REF	5	1	blast+	0.001:1:0.51:0.97	k__Bacteria;p__Proteobacteria;c__Gammaproteobacteria;o__Alteromonadales;f__Alteromonadaceae;g__gas;s__vacuolate	k__Bacteria;p__Proteobacteria;c__Gammaproteobacteria;o__Alteromonadales;f__Alteromonadaceae;g__Glaciecola	overclassification	5	0.0	0.0	0.0
B1-REF	5	1	blast+	0.001:1:0.51:0.97	k__Bacteria;p__Actinobacteria;c__Actinobacteria;o__Actinomycetales;f__Microbacteriaceae;g__Agreia;s__pratensis	k__Bacteria;p__Actinobacteria;c__Actinobacteria;o__Actinomycetales;f__Microbacteriaceae;g__Subtercola	overclassification	5	0.0	0.0	0.0
B1-REF	5	1	blast+	0.001:1:0.51:0.97	k__Bacteria;p__Firmicutes;c__Bacilli;o__Bacillales;f__Planococcaceae;g__Planococcus;s__maitriensis	k__Bacteria;p__Firmicutes;c__Bacilli;o__Bacillales;f__Planococcaceae;g__Planomicrobium	overclassification	5	0.0	0.0	0.0
B1-REF	5	1	blast+	0.001:1:0.51:0.97	k__Bacteria;p__Proteobacteria;c__Alphaproteobacteria;o__Rhodobacterales;f__Rhodobacteraceae;g__Silicibacter;s__lacuscaerulensis	k__Bacteria;p__Proteobacteria;c__Alphaproteobacteria;o__Rhodobacterales;f__Rhodobacteraceae;g__Sediminimonas	overclassification	5	0.0	0.0	0.0
B1-REF	5	1	blast+	0.001:1:0.51:0.97	k__Bacteria;p__Proteobacteria;c__Alphaproteobacteria;o__Rhodobacterales;f__Hyphomonadaceae;g__Henriciella;s__marina	k__Bacteria;p__Proteobacteria;c__Alphaproteobacteria;o__Rhodobacterales;f__Hyphomonadaceae;g__Maribaculum	overclassification	5	0.0	0.0	0.0
B1-REF	5	1	blast+	0.001:1:0.51:0.97	k__Bacteria;p__Proteobacteria;c__Alphaproteobacteria;o__Rhodobacterales;f__Rhodobacteraceae;g__Phaeobacter;s__gallaeciensis	k__Bacteria;p__Proteobacteria;c__Alphaproteobacteria;o__Rhodobacterales;f__Rhodobacteraceae;g__Seohicola	overclassification	5	0.0	0.0	0.0
B1-REF	5	1	blast+	0.001:1:0.51:0.97	Unassigned	k__Bacteria;p__Proteobacteria;c__Gammaproteobacteria;o__Enterobacteriales;f__Enterobacteriaceae;g__Moranella	underclassification	0	0.0	0.0	0.0
B1-REF	5	1	blast+	0.001:1:0.51:0.97	Unassigned	k__Bacteria;p__Proteobacteria;c__Epsilonproteobacteria;o__Nautiliales;f__Nautiliaceae;g__Nautilia	underclassification	0	0.0	0.0	0.0
B1-REF	5	1	blast+	0.001:1:0.51:0.97	k__Bacteria;p__Proteobacteria;c__Alphaproteobacteria;o__Rhizobiales;f__Phyllobacteriaceae;g__Aquamicrobium;s__aerolatum	k__Bacteria;p__Proteobacteria;c__Alphaproteobacteria;o__Rhizobiales;f__Phyllobacteriaceae;g__Pseudaminobacter	overclassification	5	0.0	0.0	0.0
B1-REF	5	1	blast+	0.001:1:0.51:0.97	Unassigned	k__Bacteria;p__Firmicutes;c__Clostridia;o__Clostridiales;f__Peptostreptococcaceae;g__Proteocatella	underclassification	0	0.0	0.0	0.0
B1-REF	5	1	blast+	0.001:1:0.51:0.97	k__Bacteria;p__Proteobacteria;c__Alphaproteobacteria;o__Rhodobacterales;f__Rhodobacteraceae;g__Paracoccus;s__kawasakiensis	k__Bacteria;p__Proteobacteria;c__Alphaproteobacteria;o__Rhodobacterales;f__Rhodobacteraceae;g__Haematobacter	overclassification	5	0.0	0.0	0.0
B1-REF	5	1	blast+	0.001:1:0.51:0.97	k__Bacteria;p__Firmicutes;c__Clostridia;o__Clostridiales;f__Veillonellaceae;g__Propionispira;s__arboris	k__Bacteria;p__Firmicutes;c__Clostridia;o__Clostridiales;f__Veillonellaceae;g__Zymophilus	overclassification	5	0.0	0.0	0.0
B1-REF	5	1	blast+	0.001:1:0.51:0.97	k__Bacteria;p__Actinobacteria;c__Actinobacteria;o__Actinomycetales;f__Microbacteriaceae;g__Agreia;s__pratensis	k__Bacteria;p__Actinobacteria;c__Actinobacteria;o__Actinomycetales;f__Microbacteriaceae;g__Herbiconiux	overclassification	5	0.0	0.0	0.0
B1-REF	5	1	blast+	0.001:1:0.51:0.97	Unassigned	k__Bacteria;p__Proteobacteria;c__Gammaproteobacteria;o__Enterobacteriales;f__Enterobacteriaceae;g__Ishikawaella	underclassification	0	0.0	0.0	0.0
B1-REF	5	1	blast+	0.001:1:0.51:0.97	k__Archaea;p__Euryarchaeota;c__Thermococci;o__Thermococcales;f__Thermococcaceae;g__Thermococcus;s__kodakarensis	k__Archaea;p__Euryarchaeota;c__Thermococci;o__Thermococcales;f__Thermococcaceae;g__Pyrococcus	overclassification	5	0.0	0.0	0.0
B1-REF	5	1	blast+	0.001:1:0.51:0.97	Unassigned	k__Bacteria;p__Proteobacteria;c__Alphaproteobacteria;o__Rhizobiales;f__Phyllobacteriaceae;g__Mesorhizobium	underclassification	0	0.0	0.0	0.0
B1-REF	5	1	blast+	0.001:1:0.51:0.97	Unassigned	k__Bacteria;p__Proteobacteria;c__Alphaproteobacteria;o__Rickettsiales;f__mitochondria;g__Helosis	underclassification	0	0.0	0.0	0.0
B1-REF	5	1	blast+	0.001:1:0.51:0.97	Unassigned	k__Bacteria;p__Firmicutes;c__Clostridia;o__Clostridiales;f__Lachnospiraceae;g__Lactonifactor	underclassification	0	0.0	0.0	0.0
B1-REF	5	1	blast+	0.001:1:0.51:0.97	Unassigned	k__Bacteria;p__Proteobacteria;c__Betaproteobacteria;o__Burkholderiales;f__Comamonadaceae;g__Limnobacter	underclassification	0	0.0	0.0	0.0
B1-REF	5	1	blast+	0.001:1:0.51:0.97	Unassigned	k__Bacteria;p__Proteobacteria;c__Alphaproteobacteria;o__Rhizobiales;f__Rhizobiaceae;g__Liberibacter	underclassification	0	0.0	0.0	0.0
B1-REF	5	1	blast+	0.001:1:0.51:0.97	Unassigned	k__Bacteria;p__Proteobacteria;c__Alphaproteobacteria;o__Rickettsiales;f__mitochondria;g__Asplenium	underclassification	0	0.0	0.0	0.0
B1-REF	5	1	blast+	0.001:1:0.51:0.97	Unassigned	k__Bacteria;p__Bacteroidetes;c__Bacteroidia;o__Bacteroidales;f__Porphyromonadaceae;g__Petrimonas	underclassification	0	0.0	0.0	0.0
B1-REF	5	1	blast+	0.001:1:0.51:0.97	k__Bacteria;p__Actinobacteria;c__Actinobacteria;o__Actinomycetales;f__Nocardiopsaceae;g__Nocardiopsis;s__composta	k__Bacteria;p__Actinobacteria;c__Actinobacteria;o__Actinomycetales;f__Nocardiopsaceae;g__Haloactinospora	overclassification	5	0.0	0.0	0.0
B1-REF	5	1	blast+	0.001:1:0.51:0.97	Unassigned	k__Bacteria;p__Proteobacteria;c__Alphaproteobacteria;o__Rickettsiales;f__mitochondria;g__Porphyra	underclassification	0	0.0	0.0	0.0
B1-REF	5	1	blast+	0.001:1:0.51:0.97	k__Bacteria;p__Actinobacteria;c__Actinobacteria;o__Actinomycetales;f__Propionibacteriaceae;g__Aestuariimicrobium;s__kwangyangense	k__Bacteria;p__Actinobacteria;c__Actinobacteria;o__Actinomycetales;f__Propionibacteriaceae;g__Microlunatus	overclassification	5	0.0	0.0	0.0
B1-REF	5	1	blast+	0.001:1:0.51:0.97	Unassigned	k__Archaea;p__Euryarchaeota;c__Methanomicrobia;o__Methanosarcinales;f__Methanosarcinaceae;g__Methanosarcina	underclassification	0	0.0	0.0	0.0
B1-REF	5	1	blast+	0.001:1:0.51:0.97	Unassigned	k__Bacteria;p__Cyanobacteria;c__Oscillatoriophycideae;o__Chroococcales;f__Xenococcaceae;g__Annamia	underclassification	0	0.0	0.0	0.0
B1-REF	5	1	blast+	0.001:1:0.51:0.97	k__Bacteria;p__Proteobacteria;c__Gammaproteobacteria;o__Enterobacteriales;f__Enterobacteriaceae;g__Brenneria;s__quercina	k__Bacteria;p__Proteobacteria;c__Gammaproteobacteria;o__Enterobacteriales;f__Enterobacteriaceae;g__Hafnia	overclassification	5	0.0	0.0	0.0
B1-REF	5	1	blast+	0.001:1:0.51:0.97	k__Bacteria;p__Actinobacteria;c__Actinobacteria;o__Actinomycetales;f__Nakamurellaceae;g__Nakamurella;s__multipartita	k__Bacteria;p__Actinobacteria;c__Actinobacteria;o__Actinomycetales;f__Nakamurellaceae;g__Humicoccus	overclassification	5	0.0	0.0	0.0
B1-REF	5	1	blast+	0.001:1:0.51:0.97	Unassigned	k__Bacteria;p__Bacteroidetes;c__Flavobacteriia;o__Flavobacteriales;f__Cryomorphaceae;g__Owenweeksia	underclassification	0	0.0	0.0	0.0
B1-REF	5	1	blast+	0.001:1:0.51:0.97	Unassigned	k__Bacteria;p__Firmicutes;c__Clostridia;o__Clostridiales;f__Heliobacteriaceae;g__Heliophilum	underclassification	0	0.0	0.0	0.0
B1-REF	5	1	blast+	0.001:1:0.51:0.97	k__Bacteria;p__Proteobacteria;c__Alphaproteobacteria;o__Caulobacterales;f__Caulobacteraceae;g__Brevundimonas;s__poindexterae	k__Bacteria;p__Proteobacteria;c__Alphaproteobacteria;o__Caulobacterales;f__Caulobacteraceae;g__Streptomyces	overclassification	5	0.0	0.0	0.0
B1-REF	5	1	blast+	0.001:1:0.51:0.97	k__Bacteria;p__Proteobacteria;c__Alphaproteobacteria;o__Rickettsiales;f__mitochondria;g__Polypodium;s__aureum	k__Bacteria;p__Proteobacteria;c__Alphaproteobacteria;o__Rickettsiales;f__mitochondria;g__Phegopteris	overclassification	5	0.0	0.0	0.0
B1-REF	5	1	blast+	0.001:1:0.51:0.97	k__Bacteria;p__Proteobacteria;c__Alphaproteobacteria;o__Rhodobacterales;f__Rhodobacteraceae;g__Phaeobacter;s__daeponensis	k__Bacteria;p__Proteobacteria;c__Alphaproteobacteria;o__Rhodobacterales;f__Rhodobacteraceae;g__Ruegeria	overclassification	5	0.0	0.0	0.0
B1-REF	5	1	blast+	0.001:1:0.51:0.97	k__Bacteria;p__Proteobacteria;c__Alphaproteobacteria;o__Rickettsiales;f__mitochondria;g__Chloranthus;s__multistachys	k__Bacteria;p__Proteobacteria;c__Alphaproteobacteria;o__Rickettsiales;f__mitochondria;g__Galbulimima	overclassification	5	0.0	0.0	0.0
B1-REF	5	1	blast+	0.001:1:0.51:0.97	Unassigned	k__Bacteria;p__Bacteroidetes;c__Flavobacteriia;o__Flavobacteriales;f__Flavobacteriaceae;g__Imtechella	underclassification	0	0.0	0.0	0.0
B1-REF	5	1	blast+	0.001:1:0.51:0.97	Unassigned	k__Bacteria;p__Bacteroidetes;c__Sphingobacteriia;o__Sphingobacteriales;f__Sphingobacteriaceae;g__Solitalea	underclassification	0	0.0	0.0	0.0
B1-REF	5	1	blast+	0.001:1:0.51:0.97	Unassigned	k__Bacteria;p__Proteobacteria;c__Alphaproteobacteria;o__Rickettsiales;f__mitochondria;g__Plantago	underclassification	0	0.0	0.0	0.0
B1-REF	5	1	blast+	0.001:1:0.51:0.97	k__Bacteria;p__Actinobacteria;c__Actinobacteria;o__Actinomycetales;f__Micrococcaceae;g__Arthrobacter;s__oxydans	k__Bacteria;p__Actinobacteria;c__Actinobacteria;o__Actinomycetales;f__Micrococcaceae;g__Bacillus	overclassification	5	0.0	0.0	0.0
B1-REF	5	1	blast+	0.001:1:0.51:0.97	Unassigned	k__Bacteria;p__Bacteroidetes;c__Sphingobacteriia;o__Sphingobacteriales;f__Sphingobacteriaceae;g__Mucilaginibacter	underclassification	0	0.0	0.0	0.0
B1-REF	5	1	blast+	0.001:1:0.51:0.97	k__Bacteria;p__Actinobacteria;c__Actinobacteria;o__Actinomycetales;f__Kineosporiaceae;g__Kineosporia;s__rhamnosa	k__Bacteria;p__Actinobacteria;c__Actinobacteria;o__Actinomycetales;f__Kineosporiaceae;g__Kineococcus	overclassification	5	0.0	0.0	0.0
B1-REF	5	1	blast+	0.001:1:0.51:0.97	k__Bacteria;p__Proteobacteria;c__Alphaproteobacteria;o__Rhizobiales;f__Methylobacteriaceae;g__Magnetospirillum;s__magnetotacticum	k__Bacteria;p__Proteobacteria;c__Alphaproteobacteria;o__Rhizobiales;f__Methylobacteriaceae;g__Bacillus	overclassification	5	0.0	0.0	0.0
B1-REF	5	1	blast+	0.001:1:0.51:0.97	Unassigned	k__Bacteria;p__Proteobacteria;c__Alphaproteobacteria;o__Rhizobiales;f__Rhizobiaceae;g__Prosthecomicrobium	underclassification	0	0.0	0.0	0.0
B1-REF	5	1	blast+	0.001:1:0.51:0.97	k__Bacteria;p__Proteobacteria;c__Alphaproteobacteria;o__Rhizobiales;f__Bradyrhizobiaceae;g__Afipia;s__felis	k__Bacteria;p__Proteobacteria;c__Alphaproteobacteria;o__Rhizobiales;f__Bradyrhizobiaceae;g__Oligotropha	overclassification	5	0.0	0.0	0.0
B1-REF	5	1	blast+	0.001:1:0.51:0.97	Unassigned	k__Archaea;p__Euryarchaeota;c__Thermoplasmata;o__Thermoplasmatales;f__Picrophilaceae;g__Ferroplasmaceae	underclassification	0	0.0	0.0	0.0
B1-REF	5	1	blast+	0.001:1:0.51:0.97	Unassigned	k__Bacteria;p__Bacteroidetes;c__Flavobacteriia;o__Flavobacteriales;f__Flavobacteriaceae;g__Snuella	underclassification	0	0.0	0.0	0.0
B1-REF	5	1	blast+	0.001:1:0.51:0.97	k__Bacteria;p__Actinobacteria;c__Actinobacteria;o__Actinomycetales;f__Microbacteriaceae;g__Microbacterium;s__aurum	k__Bacteria;p__Actinobacteria;c__Actinobacteria;o__Actinomycetales;f__Microbacteriaceae;g__Nocardia	overclassification	5	0.0	0.0	0.0
B1-REF	5	1	blast+	0.001:1:0.51:0.97	Unassigned	k__Bacteria;p__Verrucomicrobia;c__Verrucomicrobiae;o__Verrucomicrobiales;f__Verrucomicrobiaceae;g__Prosthecobacter	underclassification	0	0.0	0.0	0.0
B1-REF	5	1	blast+	0.001:1:0.51:0.97	k__Bacteria;p__Proteobacteria;c__Gammaproteobacteria;o__Alteromonadales;f__Alteromonadaceae;g__unclassified;s__Pseudomonadales	k__Bacteria;p__Proteobacteria;c__Gammaproteobacteria;o__Alteromonadales;f__Alteromonadaceae;g__Teredinibacter	overclassification	5	0.0	0.0	0.0
B1-REF	5	1	blast+	0.001:1:0.51:0.97	k__Bacteria;p__Proteobacteria;c__Alphaproteobacteria;o__Rickettsiales;f__mitochondria;g__Chloranthus;s__multistachys	k__Bacteria;p__Proteobacteria;c__Alphaproteobacteria;o__Rickettsiales;f__mitochondria;g__Sarcandra	overclassification	5	0.0	0.0	0.0
B1-REF	5	1	blast+	0.001:1:0.51:0.97	k__Bacteria;p__Proteobacteria;c__Alphaproteobacteria;o__Rickettsiales;f__mitochondria;g__Platanus;s__occidentalis	k__Bacteria;p__Proteobacteria;c__Alphaproteobacteria;o__Rickettsiales;f__mitochondria;g__Grevillea	overclassification	5	0.0	0.0	0.0
B1-REF	5	1	blast+	0.001:1:0.51:0.97	k__Bacteria;p__Proteobacteria;c__Gammaproteobacteria;o__Vibrionales;f__Vibrionaceae;g__Grimontia;s__hollisae	k__Bacteria;p__Proteobacteria;c__Gammaproteobacteria;o__Vibrionales;f__Vibrionaceae;g__Enterovibrio	overclassification	5	0.0	0.0	0.0
B1-REF	5	1	blast+	0.001:1:0.51:0.97	Unassigned	k__Bacteria;p__Proteobacteria;c__Gammaproteobacteria;o__Enterobacteriales;f__Enterobacteriaceae;g__Schneideria	underclassification	0	0.0	0.0	0.0
B1-REF	5	1	blast+	0.001:1:0.51:0.97	Unassigned	k__Bacteria;p__Bacteroidetes;c__Cytophagia;o__Cytophagales;f__Cytophagaceae;g__Siphonobacter	underclassification	0	0.0	0.0	0.0
B1-REF	5	1	blast+	0.001:1:0.51:0.97	k__Bacteria;p__Proteobacteria;c__Alphaproteobacteria;o__Rickettsiales;f__mitochondria;g__Chloranthus;s__multistachys	k__Bacteria;p__Proteobacteria;c__Alphaproteobacteria;o__Rickettsiales;f__mitochondria;g__Gyrocarpus	overclassification	5	0.0	0.0	0.0
B1-REF	5	1	blast+	0.001:1:0.51:0.97	Unassigned	k__Bacteria;p__Firmicutes;c__Clostridia;o__Clostridiales;f__Lachnospiraceae;g__Ruminococcus	underclassification	0	0.0	0.0	0.0
B1-REF	5	1	blast+	0.001:1:0.51:0.97	Unassigned	k__Bacteria;p__Proteobacteria;c__Gammaproteobacteria;o__Acidithiobacillales;f__Acidithiobacillaceae;g__Thermithiobacillus	underclassification	0	0.0	0.0	0.0
B1-REF	5	1	blast+	0.001:1:0.51:0.97	k__Bacteria;p__Proteobacteria;c__Gammaproteobacteria;o__Legionellales;f__Legionellaceae;g__Legionella;s__maceachernii	k__Bacteria;p__Proteobacteria;c__Gammaproteobacteria;o__Legionellales;f__Legionellaceae;g__Tatlockia	overclassification	5	0.0	0.0	0.0
B1-REF	5	1	blast+	0.001:1:0.51:0.97	k__Bacteria;p__Proteobacteria;c__Gammaproteobacteria;o__Xanthomonadales;f__Sinobacteraceae;g__Solimonas;s__soli	k__Bacteria;p__Proteobacteria;c__Gammaproteobacteria;o__Xanthomonadales;f__Sinobacteraceae;g__Sinobacter	overclassification	5	0.0	0.0	0.0
B1-REF	5	1	blast+	0.001:1:0.51:0.97	Unassigned	k__Bacteria;p__Actinobacteria;c__Actinobacteria;o__Actinomycetales;f__Micrococcaceae;g__Rothia	underclassification	0	0.0	0.0	0.0
B1-REF	5	1	blast+	0.001:1:0.51:0.97	k__Bacteria;p__Proteobacteria;c__Alphaproteobacteria;o__Rickettsiales;f__mitochondria;g__Crossosoma;s__bigelovii	k__Bacteria;p__Proteobacteria;c__Alphaproteobacteria;o__Rickettsiales;f__mitochondria;g__Carica	overclassification	5	0.0	0.0	0.0
B1-REF	5	1	blast+	0.001:1:0.51:0.97	Unassigned	k__Bacteria;p__Proteobacteria;c__Betaproteobacteria;o__Burkholderiales;f__Comamonadaceae;g__Hydrogenophaga	underclassification	0	0.0	0.0	0.0
B1-REF	5	1	blast+	0.001:1:0.51:0.97	Unassigned	k__Bacteria;p__Proteobacteria;c__Alphaproteobacteria;o__Rhodospirillales;f__Rhodospirillaceae;g__Azospirillum	underclassification	0	0.0	0.0	0.0
B1-REF	5	1	blast+	0.001:1:0.51:0.97	k__Bacteria;p__Actinobacteria;c__Actinobacteria;o__Actinomycetales;f__Streptosporangiaceae;g__Planobispora;s__rosea	k__Bacteria;p__Actinobacteria;c__Actinobacteria;o__Actinomycetales;f__Streptosporangiaceae;g__Nonomuraea	overclassification	5	0.0	0.0	0.0
B1-REF	5	1	blast+	0.001:1:0.51:0.97	Unassigned	k__Archaea;p__Crenarchaeota;c__Thermoprotei;o__Sulfolobales;f__Sulfolobaceae;g__Sulfolobus	underclassification	0	0.0	0.0	0.0
B1-REF	5	1	blast+	0.001:1:0.51:0.97	k__Bacteria;p__Proteobacteria;c__Betaproteobacteria;o__Burkholderiales;f__Oxalobacteraceae;g__Herbaspirillum;s__rhizosphaerae	k__Bacteria;p__Proteobacteria;c__Betaproteobacteria;o__Burkholderiales;f__Oxalobacteraceae;g__Oxalobacter	overclassification	5	0.0	0.0	0.0
B1-REF	5	1	blast+	0.001:1:0.51:0.97	k__Bacteria;p__Firmicutes;c__Clostridia;o__Clostridiales;f__Ruminococcaceae;g__Gemmiger;s__formicilis	k__Bacteria;p__Firmicutes;c__Clostridia;o__Clostridiales;f__Ruminococcaceae;g__Subdoligranulum	overclassification	5	0.0	0.0	0.0
B1-REF	5	1	blast+	0.001:1:0.51:0.97	Unassigned	k__Bacteria;p__Synergistetes;c__Synergistia;o__Synergistales;f__Dethiosulfovibrionaceae;g__Jonquetella	underclassification	0	0.0	0.0	0.0
B1-REF	5	1	blast+	0.001:1:0.51:0.97	k__Bacteria;p__Actinobacteria;c__Actinobacteria;o__Actinomycetales;f__Microbacteriaceae;g__Clavibacter;s__michiganensis	k__Bacteria;p__Actinobacteria;c__Actinobacteria;o__Actinomycetales;f__Microbacteriaceae;g__Pseudoclavibacter	overclassification	5	0.0	0.0	0.0
B1-REF	5	1	blast+	0.001:1:0.51:0.97	Unassigned	k__Bacteria;p__Proteobacteria;c__Alphaproteobacteria;o__Rhizobiales;f__Phyllobacteriaceae;g__Biserrula	underclassification	0	0.0	0.0	0.0
B1-REF	5	1	blast+	0.001:1:0.51:0.97	Unassigned	k__Bacteria;p__Bacteroidetes;c__Saprospirae;o__Saprospirales;f__Chitinophagaceae;g__Trachelomonas	underclassification	0	0.0	0.0	0.0
B1-REF	5	1	blast+	0.001:1:0.51:0.97	k__Bacteria;p__Actinobacteria;c__Actinobacteria;o__Actinomycetales;f__Promicromonosporaceae;g__Xylanimicrobium;s__pachnodae	k__Bacteria;p__Actinobacteria;c__Actinobacteria;o__Actinomycetales;f__Promicromonosporaceae;g__Myceligenerans	overclassification	5	0.0	0.0	0.0
B1-REF	5	1	blast+	0.001:1:0.51:0.97	Unassigned	k__Bacteria;p__Proteobacteria;c__Alphaproteobacteria;o__Rhodospirillales;f__Rhodospirillaceae;g__Constrictibacter	underclassification	0	0.0	0.0	0.0
B1-REF	5	1	blast+	0.001:1:0.51:0.97	Unassigned	k__Bacteria;p__Proteobacteria;c__Gammaproteobacteria;o__Legionellales;f__Francisellaceae;g__Francisella	underclassification	0	0.0	0.0	0.0
B1-REF	5	1	blast+	0.001:1:0.51:0.97	k__Bacteria;p__Actinobacteria;c__Actinobacteria;o__Actinomycetales;f__Streptomycetaceae;g__Streptomyces;s__inusitatus	k__Bacteria;p__Actinobacteria;c__Actinobacteria;o__Actinomycetales;f__Streptomycetaceae;g__Amycolatopsis	overclassification	5	0.0	0.0	0.0
B1-REF	5	1	blast+	0.001:1:0.51:0.97	Unassigned	k__Bacteria;p__Firmicutes;c__Clostridia;o__Clostridiales;f__Lachnospiraceae;g__Hespellia	underclassification	0	0.0	0.0	0.0
B1-REF	5	1	blast+	0.001:1:0.51:0.97	k__Bacteria;p__Proteobacteria;c__Alphaproteobacteria;o__Sphingomonadales;f__Erythrobacteraceae;g__Porphyrobacter;s__neustonensis	k__Bacteria;p__Proteobacteria;c__Alphaproteobacteria;o__Sphingomonadales;f__Erythrobacteraceae;g__Erythromicrobium	overclassification	5	0.0	0.0	0.0
B1-REF	5	1	blast+	0.001:1:0.51:0.97	Unassigned	k__Bacteria;p__Proteobacteria;c__Alphaproteobacteria;o__Rickettsiales;f__Anaplasmataceae;g__Candidatus Neoehrlichia	underclassification	0	0.0	0.0	0.0
B1-REF	5	1	blast+	0.001:1:0.51:0.97	Unassigned	k__Bacteria;p__Proteobacteria;c__Deltaproteobacteria;o__Desulfobacterales;f__Desulfobacteraceae;g__Desulfofaba	underclassification	0	0.0	0.0	0.0
B1-REF	5	1	blast+	0.001:1:0.51:0.97	k__Bacteria;p__Proteobacteria;c__Betaproteobacteria;o__Burkholderiales;f__Comamonadaceae;g__Diaphorobacter;s__nitroreducens	k__Bacteria;p__Proteobacteria;c__Betaproteobacteria;o__Burkholderiales;f__Comamonadaceae;g__Comamonas	overclassification	5	0.0	0.0	0.0
B1-REF	5	1	blast+	0.001:1:0.51:0.97	Unassigned	k__Bacteria;p__Proteobacteria;c__Alphaproteobacteria;o__Rhizobiales;f__Beijerinckiaceae;g__Chelatococcus	underclassification	0	0.0	0.0	0.0
B1-REF	5	1	blast+	0.001:1:0.51:0.97	k__Bacteria;p__Proteobacteria;c__Gammaproteobacteria;o__Enterobacteriales;f__Enterobacteriaceae;g__Morganella;s__morganii	k__Bacteria;p__Proteobacteria;c__Gammaproteobacteria;o__Enterobacteriales;f__Enterobacteriaceae;g__Leminorella	overclassification	5	0.0	0.0	0.0
B1-REF	5	1	blast+	0.001:1:0.51:0.97	k__Bacteria;p__Proteobacteria;c__Gammaproteobacteria;o__Vibrionales;f__Vibrionaceae;g__Listonella;s__anguillarum	k__Bacteria;p__Proteobacteria;c__Gammaproteobacteria;o__Vibrionales;f__Vibrionaceae;g__Vibrio	overclassification	5	0.0	0.0	0.0
B1-REF	5	1	blast+	0.001:1:0.51:0.97	Unassigned	k__Archaea;p__Euryarchaeota;c__Halobacteria;o__Halobacteriales;f__Halobacteriaceae;g__Halorientalis	underclassification	0	0.0	0.0	0.0
B1-REF	5	1	blast+	0.001:1:0.51:0.97	Unassigned	k__Bacteria;p__Actinobacteria;c__Actinobacteria;o__Actinomycetales;f__Micromonosporaceae;g__Longispora	underclassification	0	0.0	0.0	0.0
B1-REF	5	1	blast+	0.001:1:0.51:0.97	Unassigned	k__Bacteria;p__Proteobacteria;c__Gammaproteobacteria;o__Pseudomonadales;f__Moraxellaceae;g__Alkanindiges	underclassification	0	0.0	0.0	0.0
B1-REF	5	1	blast+	0.001:1:0.51:0.97	k__Bacteria;p__Proteobacteria;c__Alphaproteobacteria;o__Rhodobacterales;f__Rhodobacteraceae;g__Paracoccus;s__aminovorans	k__Bacteria;p__Proteobacteria;c__Alphaproteobacteria;o__Rhodobacterales;f__Rhodobacteraceae;g__Albidovulum	overclassification	5	0.0	0.0	0.0
B1-REF	5	1	blast+	0.001:1:0.51:0.97	k__Bacteria;p__Actinobacteria;c__Actinobacteria;o__Actinomycetales;f__Micromonosporaceae;g__Polymorphospora;s__rubra	k__Bacteria;p__Actinobacteria;c__Actinobacteria;o__Actinomycetales;f__Micromonosporaceae;g__Spirilliplanes	overclassification	5	0.0	0.0	0.0
B1-REF	5	1	blast+	0.001:1:0.51:0.97	Unassigned	k__Archaea;p__Crenarchaeota;c__Thermoprotei;o__Thermoproteales;f__Thermoproteaceae;g__Vulcanisaeta	underclassification	0	0.0	0.0	0.0
B1-REF	5	1	blast+	0.001:1:0.51:0.97	k__Bacteria;p__Proteobacteria;c__Gammaproteobacteria;o__Enterobacteriales;f__Enterobacteriaceae;g__Cronobacter;s__condimenti	k__Bacteria;p__Proteobacteria;c__Gammaproteobacteria;o__Enterobacteriales;f__Enterobacteriaceae;g__Serratia	overclassification	5	0.0	0.0	0.0
B1-REF	5	1	blast+	0.001:1:0.51:0.97	k__Bacteria;p__Proteobacteria;c__Betaproteobacteria;o__Burkholderiales;f__Comamonadaceae;g__Mitsuaria;s__chitosanitabida	k__Bacteria;p__Proteobacteria;c__Betaproteobacteria;o__Burkholderiales;f__Comamonadaceae;g__Roseateles	overclassification	5	0.0	0.0	0.0
B1-REF	5	1	blast+	0.001:1:0.51:0.97	Unassigned	k__Bacteria;p__Spirochaetes;c__Spirochaetes;o__Spirochaetales;f__Spirochaetaceae;g__Treponema	underclassification	0	0.0	0.0	0.0
B1-REF	5	1	blast+	0.001:1:0.51:0.97	Unassigned	k__Archaea;p__Euryarchaeota;c__Methanobacteria;o__Methanobacteriales;f__Methanobacteriaceae;g__Methanobacterium	underclassification	0	0.0	0.0	0.0
B1-REF	5	1	blast+	0.001:1:0.51:0.97	Unassigned	k__Bacteria;p__Firmicutes;c__Clostridia;o__Halanaerobiales;f__Halobacteroidaceae;g__Halanaerobacter	underclassification	0	0.0	0.0	0.0
B1-REF	5	1	blast+	0.001:1:0.51:0.97	Unassigned	k__Bacteria;p__Proteobacteria;c__Alphaproteobacteria;o__Rhizobiales;f__Brucellaceae;g__Ochrobactrum	underclassification	0	0.0	0.0	0.0
B1-REF	5	1	blast+	0.001:1:0.51:0.97	Unassigned	k__Bacteria;p__Bacteroidetes;c__Cytophagia;o__Cytophagales;f__Cyclobacteriaceae;g__Belliella	underclassification	0	0.0	0.0	0.0
B1-REF	5	1	blast+	0.001:1:0.51:0.97	Unassigned	k__Bacteria;p__Proteobacteria;c__Gammaproteobacteria;o__Chromatiales;f__Chromatiaceae;g__Thiobaca	underclassification	0	0.0	0.0	0.0
B1-REF	5	1	blast+	0.001:1:0.51:0.97	Unassigned	k__Bacteria;p__Proteobacteria;c__Deltaproteobacteria;o__Desulfobacterales;f__Desulfobacteraceae;g__Desulfobotulus	underclassification	0	0.0	0.0	0.0
B1-REF	5	1	blast+	0.001:1:0.51:0.97	Unassigned	k__Bacteria;p__Firmicutes;c__Clostridia;o__Halanaerobiales;f__Halobacteroidaceae;g__Selenihalanaerobacter	underclassification	0	0.0	0.0	0.0
B1-REF	5	1	blast+	0.001:1:0.51:0.97	k__Bacteria;p__Actinobacteria;c__Actinobacteria;o__Actinomycetales;f__Intrasporangiaceae;g__Janibacter;s__melonis	k__Bacteria;p__Actinobacteria;c__Actinobacteria;o__Actinomycetales;f__Intrasporangiaceae;g__Knoellia	overclassification	5	0.0	0.0	0.0
B1-REF	5	1	blast+	0.001:1:0.51:0.97	k__Bacteria;p__Bacteroidetes;c__Cytophagia;o__Cytophagales;f__Flammeovirgaceae;g__Perexilibacter;s__aurantiacus	k__Bacteria;p__Bacteroidetes;c__Cytophagia;o__Cytophagales;f__Flammeovirgaceae;g__Marivirga	overclassification	5	0.0	0.0	0.0
B1-REF	5	1	blast+	0.001:1:0.51:0.97	Unassigned	k__Bacteria;p__Tenericutes;c__Mollicutes;o__Entomoplasmatales;f__Entomoplasmataceae;g__Acholeplasma	underclassification	0	0.0	0.0	0.0
B1-REF	5	1	blast+	0.001:1:0.51:0.97	k__Bacteria;p__Proteobacteria;c__Gammaproteobacteria;o__Enterobacteriales;f__Enterobacteriaceae;g__Averyella;s__dalhousiensis	k__Bacteria;p__Proteobacteria;c__Gammaproteobacteria;o__Enterobacteriales;f__Enterobacteriaceae;g__Buttiauxella	overclassification	5	0.0	0.0	0.0
B1-REF	5	1	blast+	0.001:1:0.51:0.97	k__Bacteria;p__Actinobacteria;c__Actinobacteria;o__Actinomycetales;f__Dermabacteraceae;g__Helcobacillus;s__massiliensis	k__Bacteria;p__Actinobacteria;c__Actinobacteria;o__Actinomycetales;f__Dermabacteraceae;g__Brachybacterium	overclassification	5	0.0	0.0	0.0
B1-REF	5	1	blast+	0.001:1:0.51:0.97	k__Bacteria;p__Proteobacteria;c__Gammaproteobacteria;o__Xanthomonadales;f__Xanthomonadaceae;g__Luteibacter;s__rhizovicinus	k__Bacteria;p__Proteobacteria;c__Gammaproteobacteria;o__Xanthomonadales;f__Xanthomonadaceae;g__Fulvimonas	overclassification	5	0.0	0.0	0.0
B1-REF	5	1	blast+	0.001:1:0.51:0.97	k__Bacteria;p__Proteobacteria;c__Alphaproteobacteria;o__Rhizobiales;f__Xanthobacteraceae;g__Azorhizobium;s__doebereinerae	k__Bacteria;p__Proteobacteria;c__Alphaproteobacteria;o__Rhizobiales;f__Xanthobacteraceae;g__Xanthobacter	overclassification	5	0.0	0.0	0.0
B1-REF	5	1	blast+	0.001:1:0.51:0.97	k__Bacteria;p__Proteobacteria;c__Gammaproteobacteria;o__Enterobacteriales;f__Enterobacteriaceae;g__Cronobacter;s__sakazakii	k__Bacteria;p__Proteobacteria;c__Gammaproteobacteria;o__Enterobacteriales;f__Enterobacteriaceae;g__Shigella	overclassification	5	0.0	0.0	0.0
B1-REF	5	1	blast+	0.001:1:0.51:0.97	k__Bacteria;p__Actinobacteria;c__Actinobacteria;o__Actinomycetales;f__Streptomycetaceae;g__Streptomyces;s__alni	k__Bacteria;p__Actinobacteria;c__Actinobacteria;o__Actinomycetales;f__Streptomycetaceae;g__soil	overclassification	5	0.0	0.0	0.0
B1-REF	5	1	blast+	0.001:1:0.51:0.97	Unassigned	k__Bacteria;p__Proteobacteria;c__Gammaproteobacteria;o__Enterobacteriales;f__Enterobacteriaceae;g__Candidatus Regiella	underclassification	0	0.0	0.0	0.0
B1-REF	5	1	blast+	0.001:1:0.51:0.97	Unassigned	k__Bacteria;p__Proteobacteria;c__Alphaproteobacteria;o__Rickettsiales;f__Rickettsiaceae;g__Cryptoprodotis	underclassification	0	0.0	0.0	0.0
B1-REF	5	1	blast+	0.001:1:0.51:0.97	Unassigned	k__Bacteria;p__Bacteroidetes;c__Flavobacteriia;o__Flavobacteriales;f__Flavobacteriaceae;g__Ascidianibacter	underclassification	0	0.0	0.0	0.0
B1-REF	5	1	blast+	0.001:1:0.51:0.97	k__Archaea;p__Euryarchaeota;c__Halobacteria;o__Halobacteriales;f__Halobacteriaceae;g__haloarchaeon;s__93dLM4	k__Archaea;p__Euryarchaeota;c__Halobacteria;o__Halobacteriales;f__Halobacteriaceae;g__Natronolimnobius	overclassification	5	0.0	0.0	0.0
B1-REF	5	1	blast+	0.001:1:0.51:0.97	k__Bacteria;p__Proteobacteria;c__Gammaproteobacteria;o__Xanthomonadales;f__Xanthomonadaceae;g__Luteibacter;s__rhizovicinus	k__Bacteria;p__Proteobacteria;c__Gammaproteobacteria;o__Xanthomonadales;f__Xanthomonadaceae;g__Dyella	overclassification	5	0.0	0.0	0.0
B1-REF	5	1	blast+	0.001:1:0.51:0.97	Unassigned	k__Bacteria;p__Actinobacteria;c__Actinobacteria;o__Actinomycetales;f__Pseudonocardiaceae;g__Saccharopolyspora	underclassification	0	0.0	0.0	0.0
B1-REF	5	1	blast+	0.001:1:0.51:0.97	k__Bacteria;p__Proteobacteria;c__Betaproteobacteria;o__Burkholderiales;f__Alcaligenaceae;g__Tetrathiobacter;s__kashmirensis	k__Bacteria;p__Proteobacteria;c__Betaproteobacteria;o__Burkholderiales;f__Alcaligenaceae;g__Achromobacter	overclassification	5	0.0	0.0	0.0
B1-REF	5	1	blast+	0.001:1:0.51:0.97	k__Bacteria;p__Bacteroidetes;c__Flavobacteriia;o__Flavobacteriales;f__Flavobacteriaceae;g__Croceimarina;s__litoralis	k__Bacteria;p__Bacteroidetes;c__Flavobacteriia;o__Flavobacteriales;f__Flavobacteriaceae;g__Lutibacter	overclassification	5	0.0	0.0	0.0
B1-REF	5	1	blast+	0.001:1:0.51:0.97	Unassigned	k__Bacteria;p__Chlamydiae;c__Chlamydiia;o__Chlamydiales;f__Parachlamydiaceae;g__Neochlamydia	underclassification	0	0.0	0.0	0.0
B1-REF	5	1	blast+	0.001:1:0.51:0.97	Unassigned	k__Archaea;p__Euryarchaeota;c__Halobacteria;o__Halobacteriales;f__Halobacteriaceae;g__Natronorubrum	underclassification	0	0.0	0.0	0.0
B1-REF	5	1	blast+	0.001:1:0.51:0.97	k__Bacteria;p__Proteobacteria;c__Gammaproteobacteria;o__Enterobacteriales;f__Enterobacteriaceae;g__Photorhabdus;s__temperata	k__Bacteria;p__Proteobacteria;c__Gammaproteobacteria;o__Enterobacteriales;f__Enterobacteriaceae;g__Xenorhabdus	overclassification	5	0.0	0.0	0.0
B1-REF	5	1	blast+	0.001:1:0.51:0.97	k__Bacteria;p__Proteobacteria;c__Alphaproteobacteria;o__Rhodobacterales;f__Rhodobacteraceae;g__Pseudoruegeria;s__indica	k__Bacteria;p__Proteobacteria;c__Alphaproteobacteria;o__Rhodobacterales;f__Rhodobacteraceae;g__Thioclava	overclassification	5	0.0	0.0	0.0
B1-REF	5	1	blast+	0.001:1:0.51:0.97	Unassigned	k__Bacteria;p__Proteobacteria;c__Alphaproteobacteria;o__Rhodospirillales;f__Rhodospirillaceae;g__Phaeospirillum	underclassification	0	0.0	0.0	0.0
B1-REF	5	1	blast+	0.001:1:0.51:0.97	Unassigned	k__Bacteria;p__Proteobacteria;c__Gammaproteobacteria;o__Xanthomonadales;f__Xanthomonadaceae;g__Stenotrophomonas	underclassification	0	0.0	0.0	0.0
B1-REF	5	1	blast+	0.001:1:0.51:0.97	Unassigned	k__Bacteria;p__Firmicutes;c__Erysipelotrichi;o__Erysipelotrichales;f__Erysipelotrichaceae;g__Catenibacterium	underclassification	0	0.0	0.0	0.0
B1-REF	5	1	blast+	0.001:1:0.51:0.97	Unassigned	k__Bacteria;p__Actinobacteria;c__Actinobacteria;o__Actinomycetales;f__Pseudonocardiaceae;g__Thermobispora	underclassification	0	0.0	0.0	0.0
B1-REF	5	1	blast+	0.001:1:0.51:0.97	k__Bacteria;p__Proteobacteria;c__Alphaproteobacteria;o__Rhodobacterales;f__Rhodobacteraceae;g__Phaeobacter;s__gallaeciensis	k__Bacteria;p__Proteobacteria;c__Alphaproteobacteria;o__Rhodobacterales;f__Rhodobacteraceae;g__Marinovum	overclassification	5	0.0	0.0	0.0
B1-REF	5	1	blast+	0.001:1:0.51:0.97	Unassigned	k__Bacteria;p__Proteobacteria;c__Gammaproteobacteria;o__Enterobacteriales;f__Enterobacteriaceae;g__Kleidoceria	underclassification	0	0.0	0.0	0.0
B1-REF	5	1	blast+	0.001:1:0.51:0.97	Unassigned	k__Bacteria;p__Proteobacteria;c__Betaproteobacteria;o__Burkholderiales;f__Burkholderiaceae;g__Candidatus Glomeribacter	underclassification	0	0.0	0.0	0.0
B1-REF	5	1	blast+	0.001:1:0.51:0.97	Unassigned	k__Bacteria;p__Proteobacteria;c__Gammaproteobacteria;o__Chromatiales;f__Chromatiaceae;g__Isochromatium	underclassification	0	0.0	0.0	0.0
B1-REF	5	1	blast+	0.001:1:0.51:0.97	Unassigned	k__Bacteria;p__Actinobacteria;c__Actinobacteria;o__Actinomycetales;f__Actinosynnemataceae;g__Umezawaea	underclassification	0	0.0	0.0	0.0
B1-REF	5	1	blast+	0.001:1:0.51:0.97	k__Bacteria;p__Proteobacteria;c__Betaproteobacteria;o__Burkholderiales;f__Comamonadaceae;g__Acidovorax;s__facilis	k__Bacteria;p__Proteobacteria;c__Betaproteobacteria;o__Burkholderiales;f__Comamonadaceae;g__Leptothrix	overclassification	5	0.0	0.0	0.0
B1-REF	5	1	blast+	0.001:1:0.51:0.97	Unassigned	k__Bacteria;p__Proteobacteria;c__Gammaproteobacteria;o__Thiotrichales;f__Piscirickettsiaceae;g__Piscirickettsia	underclassification	0	0.0	0.0	0.0
B1-REF	5	1	blast+	0.001:1:0.51:0.97	k__Bacteria;p__Proteobacteria;c__Betaproteobacteria;o__Burkholderiales;f__Comamonadaceae;g__Variovorax;s__paradoxus	k__Bacteria;p__Proteobacteria;c__Betaproteobacteria;o__Burkholderiales;f__Comamonadaceae;g__Limnohabitans	overclassification	5	0.0	0.0	0.0
B1-REF	5	1	blast+	0.001:1:0.51:0.97	k__Bacteria;p__Proteobacteria;c__Gammaproteobacteria;o__Enterobacteriales;f__Enterobacteriaceae;g__Brenneria;s__quercina	k__Bacteria;p__Proteobacteria;c__Gammaproteobacteria;o__Enterobacteriales;f__Enterobacteriaceae;g__Yersinia	overclassification	5	0.0	0.0	0.0
B1-REF	5	1	blast+	0.001:1:0.51:0.97	Unassigned	k__Bacteria;p__Proteobacteria;c__Betaproteobacteria;o__Burkholderiales;f__Burkholderiaceae;g__Thiomonas	underclassification	0	0.0	0.0	0.0
B1-REF	5	1	blast+	0.001:1:0.51:0.97	Unassigned	k__Bacteria;p__Bacteroidetes;c__Flavobacteriia;o__Flavobacteriales;f__Flavobacteriaceae;g__Poriferibacter	underclassification	0	0.0	0.0	0.0
B1-REF	5	1	blast+	0.001:1:0.51:0.97	k__Bacteria;p__Proteobacteria;c__Alphaproteobacteria;o__Rhizobiales;f__Hyphomicrobiaceae;g__Pseudovibrio;s__denitrificans	k__Bacteria;p__Proteobacteria;c__Alphaproteobacteria;o__Rhizobiales;f__Hyphomicrobiaceae;g__Roseibium	overclassification	5	0.0	0.0	0.0
B1-REF	5	1	blast+	0.001:1:0.51:0.97	Unassigned	k__Bacteria;p__Firmicutes;c__Clostridia;o__Thermoanaerobacterales;f__Thermoanaerobacteraceae;g__Thermanaeromonas	underclassification	0	0.0	0.0	0.0
B1-REF	5	1	blast+	0.001:1:0.51:0.97	Unassigned	k__Bacteria;p__Planctomycetes;c__Planctomycetia;o__Gemmatales;f__Isosphaeraceae;g__Singulisphaera	underclassification	0	0.0	0.0	0.0
B1-REF	5	1	blast+	0.001:1:0.51:0.97	k__Bacteria;p__Proteobacteria;c__Gammaproteobacteria;o__Enterobacteriales;f__Enterobacteriaceae;g__Raoultella;s__ornithinolytica	k__Bacteria;p__Proteobacteria;c__Gammaproteobacteria;o__Enterobacteriales;f__Enterobacteriaceae;g__Pragia	overclassification	5	0.0	0.0	0.0
B1-REF	5	1	blast+	0.001:1:0.51:0.97	Unassigned	k__Bacteria;p__Tenericutes;c__Mollicutes;o__Entomoplasmatales;f__Entomoplasmataceae;g__Entomoplasma	underclassification	0	0.0	0.0	0.0
B1-REF	5	1	blast+	0.001:1:0.51:0.97	Unassigned	k__Bacteria;p__Firmicutes;c__Bacilli;o__Bacillales;f__Paenibacillaceae;g__Thermobacillus	underclassification	0	0.0	0.0	0.0
B1-REF	5	1	blast+	0.001:1:0.51:0.97	Unassigned	k__Bacteria;p__Firmicutes;c__Bacilli;o__Lactobacillales;f__Streptococcaceae;g__Streptococcus	underclassification	0	0.0	0.0	0.0
B1-REF	5	1	blast+	0.001:1:0.51:0.97	Unassigned	k__Bacteria;p__Proteobacteria;c__Gammaproteobacteria;o__Chromatiales;f__Chromatiaceae;g__Thiolamprovum	underclassification	0	0.0	0.0	0.0
B1-REF	5	1	blast+	0.001:1:0.51:0.97	k__Bacteria;p__Proteobacteria;c__Alphaproteobacteria;o__Rhizobiales;f__Beijerinckiaceae;g__Methylovirgula;s__ligni	k__Bacteria;p__Proteobacteria;c__Alphaproteobacteria;o__Rhizobiales;f__Beijerinckiaceae;g__Methyloferula	overclassification	5	0.0	0.0	0.0
B1-REF	5	1	blast+	0.001:1:0.51:0.97	Unassigned	k__Bacteria;p__Firmicutes;c__Erysipelotrichi;o__Erysipelotrichales;f__Erysipelotrichaceae;g__Anaerorhabdus	underclassification	0	0.0	0.0	0.0
B1-REF	5	1	blast+	0.001:1:0.51:0.97	Unassigned	k__Bacteria;p__Proteobacteria;c__Gammaproteobacteria;o__Xanthomonadales;f__Sinobacteraceae;g__Nevskia	underclassification	0	0.0	0.0	0.0
B1-REF	5	1	blast+	0.001:1:0.51:0.97	Unassigned	k__Bacteria;p__Proteobacteria;c__Gammaproteobacteria;o__Pseudomonadales;f__Pseudomonadaceae;g__Pseudomonas	underclassification	0	0.0	0.0	0.0
B1-REF	5	1	blast+	0.001:1:0.51:0.97	Unassigned	k__Bacteria;p__Proteobacteria;c__Gammaproteobacteria;o__Methylococcales;f__Methylococcaceae;g__Methylobacter	underclassification	0	0.0	0.0	0.0
B1-REF	5	1	blast+	0.001:1:0.51:0.97	Unassigned	k__Bacteria;p__Firmicutes;c__Bacilli;o__Lactobacillales;f__Aerococcaceae;g__Allofustis	underclassification	0	0.0	0.0	0.0
B1-REF	5	1	blast+	0.001:1:0.51:0.97	Unassigned	k__Bacteria;p__Bacteroidetes;c__Flavobacteriia;o__Flavobacteriales;f__Weeksellaceae;g__Elizabethkingia	underclassification	0	0.0	0.0	0.0
B1-REF	5	1	blast+	0.001:1:0.51:0.97	Unassigned	k__Bacteria;p__Firmicutes;c__Bacilli;o__Bacillales;f__Bacillaceae;g__Geomicrobium	underclassification	0	0.0	0.0	0.0
B1-REF	5	1	blast+	0.001:1:0.51:0.97	k__Bacteria;p__Proteobacteria;c__Gammaproteobacteria;o__Alteromonadales;f__Chromatiaceae;g__Bacillus;s__firmus	k__Bacteria;p__Proteobacteria;c__Gammaproteobacteria;o__Alteromonadales;f__Chromatiaceae;g__Rheinheimera	overclassification	5	0.0	0.0	0.0
B1-REF	5	1	blast+	0.001:1:0.51:0.97	Unassigned	k__Bacteria;p__Proteobacteria;c__Deltaproteobacteria;o__Desulfobacterales;f__Desulfobacteraceae;g__Desulfocella	underclassification	0	0.0	0.0	0.0
B1-REF	5	1	blast+	0.001:1:0.51:0.97	k__Bacteria;p__Proteobacteria;c__Betaproteobacteria;o__Burkholderiales;f__Comamonadaceae;g__mine;s__drainage metagenome	k__Bacteria;p__Proteobacteria;c__Betaproteobacteria;o__Burkholderiales;f__Comamonadaceae;g__Thiomonas	overclassification	5	0.0	0.0	0.0
B1-REF	5	1	blast+	0.001:1:0.51:0.97	Unassigned	k__Bacteria;p__Firmicutes;c__Clostridia;o__Thermoanaerobacterales;f__Thermoanaerobacteraceae;g__Thermoanaerobacter	underclassification	0	0.0	0.0	0.0
B1-REF	5	1	blast+	0.001:1:0.51:0.97	Unassigned	k__Bacteria;p__Proteobacteria;c__Alphaproteobacteria;o__Rhodobacterales;f__Rhodobacteraceae;g__Rubrimonas	underclassification	0	0.0	0.0	0.0
B1-REF	5	1	blast+	0.001:1:0.51:0.97	Unassigned	k__Bacteria;p__Proteobacteria;c__Deltaproteobacteria;o__Myxococcales;f__Polyangiaceae;g__Aetherobacter	underclassification	0	0.0	0.0	0.0
B1-REF	5	1	blast+	0.001:1:0.51:0.97	Unassigned	k__Bacteria;p__Bacteroidetes;c__Flavobacteriia;o__Flavobacteriales;f__Flavobacteriaceae;g__Polaribacter	underclassification	0	0.0	0.0	0.0
B1-REF	5	1	blast+	0.001:1:0.51:0.97	Unassigned	k__Bacteria;p__Proteobacteria;c__Alphaproteobacteria;o__Sphingomonadales;f__Sphingomonadaceae;g__Sphingopyxis	underclassification	0	0.0	0.0	0.0
B1-REF	5	1	blast+	0.001:1:0.51:0.97	Unassigned	k__Bacteria;p__Proteobacteria;c__Gammaproteobacteria;o__Oceanospirillales;f__Halomonadaceae;g__Chromohalobacter	underclassification	0	0.0	0.0	0.0
B1-REF	5	1	blast+	0.001:1:0.51:0.97	k__Bacteria;p__Actinobacteria;c__Actinobacteria;o__Actinomycetales;f__Micromonosporaceae;g__Polymorphospora;s__rubra	k__Bacteria;p__Actinobacteria;c__Actinobacteria;o__Actinomycetales;f__Micromonosporaceae;g__Asanoa	overclassification	5	0.0	0.0	0.0
B1-REF	5	1	blast+	0.001:1:0.51:0.97	k__Bacteria;p__Actinobacteria;c__Actinobacteria;o__Actinomycetales;f__Thermomonosporaceae;g__Actinomadura;s__rudentiformis	k__Bacteria;p__Actinobacteria;c__Actinobacteria;o__Actinomycetales;f__Thermomonosporaceae;g__Spirillospora	overclassification	5	0.0	0.0	0.0
B1-REF	5	1	blast+	0.001:1:0.51:0.97	Unassigned	k__Bacteria;p__Cyanobacteria;c__Chloroplast;o__Chlorophyta;f__Chlamydomonadaceae;g__Haematococcus	underclassification	0	0.0	0.0	0.0
B1-REF	5	1	blast+	0.001:1:0.51:0.97	Unassigned	k__Bacteria;p__Actinobacteria;c__Actinobacteria;o__Actinomycetales;f__Microbacteriaceae;g__Candidatus Aquiluna	underclassification	0	0.0	0.0	0.0
B1-REF	5	1	blast+	0.001:1:0.51:0.97	Unassigned	k__Bacteria;p__Proteobacteria;c__Gammaproteobacteria;o__Oceanospirillales;f__Oceanospirillaceae;g__Balneatrix	underclassification	0	0.0	0.0	0.0
B1-REF	5	1	blast+	0.001:1:0.51:0.97	Unassigned	k__Bacteria;p__Proteobacteria;c__Gammaproteobacteria;o__Alteromonadales;f__Colwelliaceae;g__Colwellia	underclassification	0	0.0	0.0	0.0
B1-REF	5	1	blast+	0.001:1:0.51:0.97	k__Bacteria;p__Proteobacteria;c__Gammaproteobacteria;o__Enterobacteriales;f__Enterobacteriaceae;g__Pantoea;s__anthophila	k__Bacteria;p__Proteobacteria;c__Gammaproteobacteria;o__Enterobacteriales;f__Enterobacteriaceae;g__Erwinia	overclassification	5	0.0	0.0	0.0
B1-REF	5	1	blast+	0.001:1:0.51:0.97	Unassigned	k__Bacteria;p__Proteobacteria;c__Alphaproteobacteria;o__Rhizobiales;f__Hyphomicrobiaceae;g__Dichotomicrobium	underclassification	0	0.0	0.0	0.0
B1-REF	5	1	blast+	0.001:1:0.51:0.97	Unassigned	k__Bacteria;p__Proteobacteria;c__Gammaproteobacteria;o__Pasteurellales;f__Pasteurellaceae;g__Volucribacter	underclassification	0	0.0	0.0	0.0
B1-REF	5	1	blast+	0.001:1:0.51:0.97	k__Bacteria;p__Proteobacteria;c__Deltaproteobacteria;o__Desulfuromonadales;f__Desulfuromonadaceae;g__Malonomonas;s__rubra	k__Bacteria;p__Proteobacteria;c__Deltaproteobacteria;o__Desulfuromonadales;f__Desulfuromonadaceae;g__Pelobacter	overclassification	5	0.0	0.0	0.0
B1-REF	5	1	blast+	0.001:1:0.51:0.97	Unassigned	k__Archaea;p__Euryarchaeota;c__Methanomicrobia;o__Methanomicrobiales;f__Methanomicrobiaceae;g__Methanoculleus	underclassification	0	0.0	0.0	0.0
B1-REF	5	1	blast+	0.001:1:0.51:0.97	Unassigned	k__Bacteria;p__Actinobacteria;c__Actinobacteria;o__Actinomycetales;f__Nocardiaceae;g__Segniliparus	underclassification	0	0.0	0.0	0.0
B1-REF	5	1	blast+	0.001:1:0.51:0.97	Unassigned	k__Bacteria;p__Bacteroidetes;c__Bacteroidia;o__Bacteroidales;f__Porphyromonadaceae;g__Porphyromonas	underclassification	0	0.0	0.0	0.0
B1-REF	5	1	blast+	0.001:1:0.51:0.97	Unassigned	k__Bacteria;p__Proteobacteria;c__Gammaproteobacteria;o__Aeromonadales;f__Succinivibrionaceae;g__Succinatimonas	underclassification	0	0.0	0.0	0.0
B1-REF	5	1	blast+	0.001:1:0.51:0.97	Unassigned	k__Bacteria;p__Proteobacteria;c__Gammaproteobacteria;o__Enterobacteriales;f__Enterobacteriaceae;g__Arsenophonus	underclassification	0	0.0	0.0	0.0
B1-REF	5	1	blast+	0.001:1:0.51:0.97	Unassigned	k__Bacteria;p__Bacteroidetes;c__Flavobacteriia;o__Flavobacteriales;f__Blattabacteriaceae;g__Brownia	underclassification	0	0.0	0.0	0.0
B1-REF	5	1	blast+	0.001:1:0.51:0.97	k__Bacteria;p__Firmicutes;c__Bacilli;o__Bacillales;f__Bacillaceae;g__Ornithinibacillus;s__californiensis	k__Bacteria;p__Firmicutes;c__Bacilli;o__Bacillales;f__Bacillaceae;g__Virgibacillus	overclassification	5	0.0	0.0	0.0
B1-REF	5	1	blast+	0.001:1:0.51:0.97	Unassigned	k__Bacteria;p__Proteobacteria;c__Gammaproteobacteria;o__Alteromonadales;f__Alteromonadaceae;g__Alteromonas	underclassification	0	0.0	0.0	0.0
B1-REF	5	1	blast+	0.001:1:0.51:0.97	k__Bacteria;p__Firmicutes;c__Bacilli;o__Bacillales;f__Bacillaceae;g__Bacillus;s__foraminis	k__Bacteria;p__Firmicutes;c__Bacilli;o__Bacillales;f__Bacillaceae;g__Anoxybacillus	overclassification	5	0.0	0.0	0.0
B1-REF	5	1	blast+	0.001:1:0.51:0.97	Unassigned	k__Bacteria;p__Proteobacteria;c__Gammaproteobacteria;o__Enterobacteriales;f__Enterobacteriaceae;g__Candidatus Blochmannia	underclassification	0	0.0	0.0	0.0
B1-REF	5	1	blast+	0.001:1:0.51:0.97	Unassigned	k__Bacteria;p__Bacteroidetes;c__Flavobacteriia;o__Flavobacteriales;f__Flavobacteriaceae;g__Aureitalea	underclassification	0	0.0	0.0	0.0
B1-REF	5	1	blast+	0.001:1:0.51:0.97	Unassigned	k__Bacteria;p__Firmicutes;c__Clostridia;o__Clostridiales;f__Veillonellaceae;g__Anaerospora	underclassification	0	0.0	0.0	0.0
B1-REF	5	1	blast+	0.001:1:0.51:0.97	k__Bacteria;p__Proteobacteria;c__Gammaproteobacteria;o__Pasteurellales;f__Pasteurellaceae;g__Haemophilus;s__influenzae	k__Bacteria;p__Proteobacteria;c__Gammaproteobacteria;o__Pasteurellales;f__Pasteurellaceae;g__Lonepinella	overclassification	5	0.0	0.0	0.0
B1-REF	5	1	blast+	0.001:1:0.51:0.97	k__Bacteria;p__Proteobacteria;c__Betaproteobacteria;o__Neisseriales;f__Neisseriaceae;g__Bergeriella;s__denitrificans	k__Bacteria;p__Proteobacteria;c__Betaproteobacteria;o__Neisseriales;f__Neisseriaceae;g__Conchiformibius	overclassification	5	0.0	0.0	0.0
B1-REF	5	1	blast+	0.001:1:0.51:0.97	Unassigned	k__Bacteria;p__Proteobacteria;c__Betaproteobacteria;o__Neisseriales;f__Neisseriaceae;g__Neisseria	underclassification	0	0.0	0.0	0.0
B1-REF	5	1	blast+	0.001:1:0.51:0.97	Unassigned	k__Bacteria;p__Aquificae;c__Aquificae;o__Aquificales;f__Desulfurobacteriaceae;g__Aquificales	underclassification	0	0.0	0.0	0.0