dataset	level	iteration	method	parameters               	observed_taxonomy	expected_taxonomy	result	mismatch_level               	Precision	Recall	F-measure
B1-REF	6	2	rdp	1.0	k__Bacteria;p__Proteobacteria;c__Gammaproteobacteria	k__Bacteria;p__Proteobacteria;c__Gammaproteobacteria;o__Methylococcales;f__Methylococcaceae;g__Methylomicrobium;s__buryatense	underclassification	3	0.666666666667	0.194366197183	0.300981461287
B1-REF	6	2	rdp	1.0	k__Bacteria;p__Proteobacteria;c__Gammaproteobacteria;o__Enterobacteriales;f__Enterobacteriaceae	k__Bacteria;p__Proteobacteria;c__Gammaproteobacteria;o__Enterobacteriales;f__Enterobacteriaceae;g__Pantoea;s__endophytica	underclassification	5	0.666666666667	0.194366197183	0.300981461287
B1-REF	6	2	rdp	1.0	k__Bacteria;p__Tenericutes;c__Mollicutes;o__Acholeplasmatales;f__Acholeplasmataceae;g__Candidatus Phytoplasma;s__australiense	k__Bacteria;p__Tenericutes;c__Mollicutes;o__Acholeplasmatales;f__Acholeplasmataceae;g__Candidatus Phytoplasma;s__solani	overclassification	6	0.666666666667	0.194366197183	0.300981461287
B1-REF	6	2	rdp	1.0	k__Bacteria;p__Proteobacteria;c__Gammaproteobacteria	k__Bacteria;p__Proteobacteria;c__Gammaproteobacteria;o__Oceanospirillales;f__Halomonadaceae;g__Halomonas;s__anticariensis	underclassification	3	0.666666666667	0.194366197183	0.300981461287
B1-REF	6	2	rdp	1.0	k__Bacteria;p__Firmicutes;c__Bacilli;o__Lactobacillales	k__Bacteria;p__Firmicutes;c__Bacilli;o__Lactobacillales;f__Lactobacillaceae;g__Pediococcus;s__acidilactici	underclassification	4	0.666666666667	0.194366197183	0.300981461287
B1-REF	6	2	rdp	1.0	k__Bacteria;p__Proteobacteria;c__Deltaproteobacteria;o__Desulfuromonadales;f__Desulfuromonadaceae	k__Bacteria;p__Proteobacteria;c__Deltaproteobacteria;o__Desulfuromonadales;f__Desulfuromonadaceae;g__Pelobacter;s__massiliensis	underclassification	5	0.666666666667	0.194366197183	0.300981461287
B1-REF	6	2	rdp	1.0	k__Bacteria;p__Firmicutes;c__Bacilli;o__Bacillales	k__Bacteria;p__Firmicutes;c__Bacilli;o__Bacillales;f__Bacillaceae;g__Bacillus;s__bataviensis	underclassification	4	0.666666666667	0.194366197183	0.300981461287
B1-REF	6	2	rdp	1.0	k__Bacteria;p__Proteobacteria;c__Epsilonproteobacteria;o__Campylobacterales;f__Helicobacteraceae	k__Bacteria;p__Proteobacteria;c__Epsilonproteobacteria;o__Campylobacterales;f__Helicobacteraceae;g__Helicobacter;s__rodentium	underclassification	5	0.666666666667	0.194366197183	0.300981461287
B1-REF	6	2	rdp	1.0	k__Bacteria;p__Acidobacteria;c__Acidobacteriia;o__Acidobacteriales;f__Acidobacteriaceae	k__Bacteria;p__Acidobacteria;c__Acidobacteriia;o__Acidobacteriales;f__Acidobacteriaceae;g__Acidicapsa;s__ligni	underclassification	5	0.666666666667	0.194366197183	0.300981461287
B1-REF	6	2	rdp	1.0	k__Bacteria;p__Proteobacteria;c__Gammaproteobacteria;o__Enterobacteriales;f__Enterobacteriaceae	k__Bacteria;p__Proteobacteria;c__Gammaproteobacteria;o__Enterobacteriales;f__Enterobacteriaceae;g__Xenorhabdus;s__beddingii	underclassification	5	0.666666666667	0.194366197183	0.300981461287
B1-REF	6	2	rdp	1.0	k__Bacteria;p__Proteobacteria;c__Gammaproteobacteria;o__Enterobacteriales;f__Enterobacteriaceae	k__Bacteria;p__Proteobacteria;c__Gammaproteobacteria;o__Enterobacteriales;f__Enterobacteriaceae;g__Brenneria;s__alni	underclassification	5	0.666666666667	0.194366197183	0.300981461287
B1-REF	6	2	rdp	1.0	k__Bacteria;p__Firmicutes;c__Bacilli;o__Bacillales;f__Staphylococcaceae;g__Staphylococcus	k__Bacteria;p__Firmicutes;c__Bacilli;o__Bacillales;f__Staphylococcaceae;g__Staphylococcus;s__epidermidis	match	6	0.666666666667	0.194366197183	0.300981461287
B1-REF	6	2	rdp	1.0	k__Bacteria	k__Bacteria;p__Proteobacteria;c__Deltaproteobacteria;o__Desulfovibrionales;f__Desulfovibrionaceae;g__Desulfovibrio;s__indonesiensis	underclassification	1	0.666666666667	0.194366197183	0.300981461287
B1-REF	6	2	rdp	1.0	k__Bacteria;p__Actinobacteria;c__Actinobacteria;o__Actinomycetales;f__Thermomonosporaceae	k__Bacteria;p__Actinobacteria;c__Actinobacteria;o__Actinomycetales;f__Thermomonosporaceae;g__Actinomadura;s__oligospora	underclassification	5	0.666666666667	0.194366197183	0.300981461287
B1-REF	6	2	rdp	1.0	k__Bacteria;p__Actinobacteria;c__Actinobacteria;o__Actinomycetales;f__Streptomycetaceae	k__Bacteria;p__Actinobacteria;c__Actinobacteria;o__Actinomycetales;f__Streptomycetaceae;g__Streptomyces;s__radiopugnans	underclassification	5	0.666666666667	0.194366197183	0.300981461287
B1-REF	6	2	rdp	1.0	k__Bacteria;p__Firmicutes;c__Bacilli;o__Lactobacillales	k__Bacteria;p__Firmicutes;c__Bacilli;o__Lactobacillales;f__Streptococcaceae;g__Streptococcus;s__agalactiae	underclassification	4	0.666666666667	0.194366197183	0.300981461287
B1-REF	6	2	rdp	1.0	k__Bacteria;p__Proteobacteria;c__Deltaproteobacteria;o__Myxococcales	k__Bacteria;p__Proteobacteria;c__Deltaproteobacteria;o__Myxococcales;f__Cystobacteraceae;g__Cystobacter;s__violaceus	underclassification	4	0.666666666667	0.194366197183	0.300981461287
B1-REF	6	2	rdp	1.0	k__Bacteria;p__Proteobacteria;c__Deltaproteobacteria	k__Bacteria;p__Proteobacteria;c__Deltaproteobacteria;o__Desulfuromonadales;f__Pelobacteraceae;g__Desulfuromonas;s__chloroethenica	underclassification	3	0.666666666667	0.194366197183	0.300981461287
B1-REF	6	2	rdp	1.0	k__Bacteria;p__Proteobacteria;c__Alphaproteobacteria;o__Rhizobiales;f__Bradyrhizobiaceae	k__Bacteria;p__Proteobacteria;c__Alphaproteobacteria;o__Rhizobiales;f__Bradyrhizobiaceae;g__Afipia;s__broomeae	underclassification	5	0.666666666667	0.194366197183	0.300981461287
B1-REF	6	2	rdp	1.0	Unclassified	k__Bacteria;p__Proteobacteria;c__Betaproteobacteria;o__Tremblayales;f__Tremblayaceae;g__Tremblaya;s__phenacola	underclassification	0	0.666666666667	0.194366197183	0.300981461287
B1-REF	6	2	rdp	1.0	k__Bacteria;p__Actinobacteria;c__Actinobacteria;o__Actinomycetales;f__Brevibacteriaceae;g__Brevibacterium;s__aureum	k__Bacteria;p__Actinobacteria;c__Actinobacteria;o__Actinomycetales;f__Brevibacteriaceae;g__Brevibacterium;s__casei	overclassification	6	0.666666666667	0.194366197183	0.300981461287
B1-REF	6	2	rdp	1.0	k__Bacteria;p__Cyanobacteria;c__Nostocophycideae;o__Nostocales;f__Nostocaceae	k__Bacteria;p__Cyanobacteria;c__Nostocophycideae;o__Nostocales;f__Nostocaceae;g__Trichormus;s__azollae	underclassification	5	0.666666666667	0.194366197183	0.300981461287
B1-REF	6	2	rdp	1.0	k__Bacteria;p__Proteobacteria;c__Gammaproteobacteria;o__Oceanospirillales;f__Halomonadaceae	k__Bacteria;p__Proteobacteria;c__Gammaproteobacteria;o__Oceanospirillales;f__Halomonadaceae;g__Chromohalobacter;s__thailandensis	underclassification	5	0.666666666667	0.194366197183	0.300981461287
B1-REF	6	2	rdp	1.0	k__Bacteria;p__Proteobacteria;c__Deltaproteobacteria;o__Syntrophobacterales;f__Syntrophaceae;g__Syntrophus	k__Bacteria;p__Proteobacteria;c__Deltaproteobacteria;o__Syntrophobacterales;f__Syntrophaceae;g__Syntrophus;s__buswellii	match	6	0.666666666667	0.194366197183	0.300981461287
B1-REF	6	2	rdp	1.0	k__Bacteria;p__Proteobacteria;c__Alphaproteobacteria;o__Rhizobiales	k__Bacteria;p__Proteobacteria;c__Alphaproteobacteria;o__Rhizobiales;f__Hyphomicrobiaceae;g__Labrenzia;s__alexandrii	underclassification	4	0.666666666667	0.194366197183	0.300981461287
B1-REF	6	2	rdp	1.0	k__Bacteria;p__Proteobacteria;c__Deltaproteobacteria;o__Desulfobacterales;f__Desulfobacteraceae	k__Bacteria;p__Proteobacteria;c__Deltaproteobacteria;o__Desulfobacterales;f__Desulfobacteraceae;g__Desulfonema;s__limicola	underclassification	5	0.666666666667	0.194366197183	0.300981461287
B1-REF	6	2	rdp	1.0	k__Bacteria;p__Proteobacteria;c__Gammaproteobacteria;o__Vibrionales	k__Bacteria;p__Proteobacteria;c__Gammaproteobacteria;o__Vibrionales;f__Vibrionaceae;g__Vibrio;s__ponticus	underclassification	4	0.666666666667	0.194366197183	0.300981461287
B1-REF	6	2	rdp	1.0	k__Bacteria;p__Actinobacteria;c__Actinobacteria;o__Actinomycetales	k__Bacteria;p__Actinobacteria;c__Actinobacteria;o__Actinomycetales;f__Micromonosporaceae;g__Micromonospora;s__arenincolae	underclassification	4	0.666666666667	0.194366197183	0.300981461287
B1-REF	6	2	rdp	1.0	k__Bacteria;p__Firmicutes;c__Bacilli;o__Bacillales;f__Bacillaceae;g__Bacillus	k__Bacteria;p__Firmicutes;c__Bacilli;o__Bacillales;f__Bacillaceae;g__Bacillus;s__subtilis	match	6	0.666666666667	0.194366197183	0.300981461287
B1-REF	6	2	rdp	1.0	k__Bacteria;p__Firmicutes;c__Bacilli;o__Bacillales	k__Bacteria;p__Firmicutes;c__Bacilli;o__Bacillales;f__Planococcaceae;g__Planococcus;s__maritimus	underclassification	4	0.666666666667	0.194366197183	0.300981461287
B1-REF	6	2	rdp	1.0	k__Bacteria;p__Actinobacteria;c__Actinobacteria;o__Actinomycetales;f__Streptomycetaceae;g__Streptomyces	k__Bacteria;p__Actinobacteria;c__Actinobacteria;o__Actinomycetales;f__Streptomycetaceae;g__Streptomyces;s__werraensis	match	6	0.666666666667	0.194366197183	0.300981461287
B1-REF	6	2	rdp	1.0	k__Bacteria	k__Bacteria;p__Firmicutes;c__Bacilli;o__Bacillales;f__Paenibacillaceae;g__Brevibacillus;s__laterosporus	underclassification	1	0.666666666667	0.194366197183	0.300981461287
B1-REF	6	2	rdp	1.0	k__Bacteria;p__Bacteroidetes;c__Cytophagia;o__Cytophagales;f__Cyclobacteriaceae;g__Algoriphagus	k__Bacteria;p__Bacteroidetes;c__Cytophagia;o__Cytophagales;f__Cyclobacteriaceae;g__Algoriphagus;s__locisalis	match	6	0.666666666667	0.194366197183	0.300981461287
B1-REF	6	2	rdp	1.0	k__Bacteria	k__Bacteria;p__Firmicutes;c__Bacilli;o__Bacillales;f__Paenibacillaceae;g__Paenibacillus;s__chitinolyticus	underclassification	1	0.666666666667	0.194366197183	0.300981461287
B1-REF	6	2	rdp	1.0	k__Bacteria;p__Actinobacteria;c__Actinobacteria;o__Actinomycetales;f__Streptomycetaceae;g__Streptomyces	k__Bacteria;p__Actinobacteria;c__Actinobacteria;o__Actinomycetales;f__Streptomycetaceae;g__Streptomyces;s__xanthocidicus	match	6	0.666666666667	0.194366197183	0.300981461287
B1-REF	6	2	rdp	1.0	k__Archaea;p__Euryarchaeota;c__Halobacteria;o__Halobacteriales;f__Halobacteriaceae	k__Archaea;p__Euryarchaeota;c__Halobacteria;o__Halobacteriales;f__Halobacteriaceae;g__halophilic;s__MK62-1	underclassification	5	0.666666666667	0.194366197183	0.300981461287
B1-REF	6	2	rdp	1.0	k__Bacteria;p__Cyanobacteria;c__Oscillatoriophycideae;o__Oscillatoriales;f__Phormidiaceae;g__Oscillatoria	k__Bacteria;p__Cyanobacteria;c__Oscillatoriophycideae;o__Oscillatoriales;f__Phormidiaceae;g__Hydrocoleum;s__glutinosum	misclassification	5	0.666666666667	0.194366197183	0.300981461287
B1-REF	6	2	rdp	1.0	k__Archaea;p__Euryarchaeota;c__Halobacteria;o__Halobacteriales;f__Halobacteriaceae	k__Archaea;p__Euryarchaeota;c__Halobacteria;o__Halobacteriales;f__Halobacteriaceae;g__halophilic;s__MK206-1	underclassification	5	0.666666666667	0.194366197183	0.300981461287
B1-REF	6	2	rdp	1.0	k__Bacteria;p__Actinobacteria;c__Actinobacteria;o__Actinomycetales	k__Bacteria;p__Actinobacteria;c__Actinobacteria;o__Actinomycetales;f__Streptosporangiaceae;g__Nonomuraea;s__soli	underclassification	4	0.666666666667	0.194366197183	0.300981461287
B1-REF	6	2	rdp	1.0	k__Bacteria;p__Cyanobacteria	k__Bacteria;p__Cyanobacteria;c__Oscillatoriophycideae;o__Oscillatoriales;f__Phormidiaceae;g__Phormidium;s__murrayii	underclassification	2	0.666666666667	0.194366197183	0.300981461287
B1-REF	6	2	rdp	1.0	k__Bacteria;p__Actinobacteria;c__Actinobacteria;o__Actinomycetales;f__Streptomycetaceae;g__Streptomyces	k__Bacteria;p__Actinobacteria;c__Actinobacteria;o__Actinomycetales;f__Streptomycetaceae;g__Streptomyces;s__roseochromogenus	match	6	0.666666666667	0.194366197183	0.300981461287
B1-REF	6	2	rdp	1.0	k__Bacteria;p__Proteobacteria;c__Deltaproteobacteria;o__Desulfobacterales;f__Desulfobacteraceae	k__Bacteria;p__Proteobacteria;c__Deltaproteobacteria;o__Desulfobacterales;f__Desulfobacteraceae;g__Desulfococcus;s__multivorans	underclassification	5	0.666666666667	0.194366197183	0.300981461287
B1-REF	6	2	rdp	1.0	k__Bacteria;p__Proteobacteria;c__Gammaproteobacteria;o__Enterobacteriales;f__Enterobacteriaceae	k__Bacteria;p__Proteobacteria;c__Gammaproteobacteria;o__Enterobacteriales;f__Enterobacteriaceae;g__Xenorhabdus;s__mauleonii	underclassification	5	0.666666666667	0.194366197183	0.300981461287
B1-REF	6	2	rdp	1.0	k__Bacteria;p__Proteobacteria;c__Gammaproteobacteria;o__Enterobacteriales;f__Enterobacteriaceae	k__Bacteria;p__Proteobacteria;c__Gammaproteobacteria;o__Enterobacteriales;f__Enterobacteriaceae;g__Citrobacter;s__youngae	underclassification	5	0.666666666667	0.194366197183	0.300981461287
B1-REF	6	2	rdp	1.0	k__Bacteria;p__Proteobacteria;c__Deltaproteobacteria;o__Desulfuromonadales;f__Desulfuromonadaceae	k__Bacteria;p__Proteobacteria;c__Deltaproteobacteria;o__Desulfuromonadales;f__Desulfuromonadaceae;g__Desulfuromusa;s__ferrireducens	underclassification	5	0.666666666667	0.194366197183	0.300981461287
B1-REF	6	2	rdp	1.0	k__Bacteria;p__Proteobacteria;c__Epsilonproteobacteria;o__Campylobacterales;f__Campylobacteraceae;g__Campylobacter	k__Bacteria;p__Proteobacteria;c__Epsilonproteobacteria;o__Campylobacterales;f__Campylobacteraceae;g__Campylobacter;s__fetus	match	6	0.666666666667	0.194366197183	0.300981461287
B1-REF	6	2	rdp	1.0	k__Bacteria;p__Firmicutes;c__Bacilli;o__Bacillales;f__Paenibacillaceae;g__Paenibacillus	k__Bacteria;p__Firmicutes;c__Bacilli;o__Bacillales;f__Paenibacillaceae;g__Paenibacillus;s__hodogayensis	match	6	0.666666666667	0.194366197183	0.300981461287
B1-REF	6	2	rdp	1.0	k__Bacteria;p__Proteobacteria;c__Alphaproteobacteria;o__Rhizobiales	k__Bacteria;p__Proteobacteria;c__Alphaproteobacteria;o__Rhizobiales;f__Brucellaceae;g__Ochrobactrum;s__oryzae	underclassification	4	0.666666666667	0.194366197183	0.300981461287
B1-REF	6	2	rdp	1.0	k__Bacteria;p__Proteobacteria;c__Alphaproteobacteria;o__Rhodobacterales;f__Rhodobacteraceae	k__Bacteria;p__Proteobacteria;c__Alphaproteobacteria;o__Rhodobacterales;f__Rhodobacteraceae;g__Pseudoruegeria;s__aquimaris	underclassification	5	0.666666666667	0.194366197183	0.300981461287
B1-REF	6	2	rdp	1.0	k__Bacteria;p__Proteobacteria;c__Alphaproteobacteria;o__Sphingomonadales;f__Sphingomonadaceae	k__Bacteria;p__Proteobacteria;c__Alphaproteobacteria;o__Sphingomonadales;f__Sphingomonadaceae;g__Novosphingobium;s__stygium	underclassification	5	0.666666666667	0.194366197183	0.300981461287
B1-REF	6	2	rdp	1.0	k__Bacteria;p__Proteobacteria;c__Gammaproteobacteria;o__Chromatiales;f__Chromatiaceae;g__Thiodictyon;s__syntrophicum	k__Bacteria;p__Proteobacteria;c__Gammaproteobacteria;o__Chromatiales;f__Chromatiaceae;g__Thiodictyon;s__elegans	overclassification	6	0.666666666667	0.194366197183	0.300981461287
B1-REF	6	2	rdp	1.0	k__Bacteria;p__Firmicutes;c__Bacilli	k__Bacteria;p__Firmicutes;c__Bacilli;o__Bacillales;f__Listeriaceae;g__Listeria;s__fleischmannii	underclassification	3	0.666666666667	0.194366197183	0.300981461287
B1-REF	6	2	rdp	1.0	k__Bacteria	k__Bacteria;p__Firmicutes;c__Clostridia;o__Clostridiales;f__Lachnospiraceae;g__Roseburia;s__inulinivorans	underclassification	1	0.666666666667	0.194366197183	0.300981461287
B1-REF	6	2	rdp	1.0	k__Bacteria;p__Proteobacteria;c__Alphaproteobacteria;o__Rhizobiales;f__Hyphomicrobiaceae	k__Bacteria;p__Proteobacteria;c__Alphaproteobacteria;o__Rhizobiales;f__Hyphomicrobiaceae;g__Pseudovibrio;s__ascidiaceicola	underclassification	5	0.666666666667	0.194366197183	0.300981461287
B1-REF	6	2	rdp	1.0	k__Bacteria;p__Actinobacteria;c__Actinobacteria;o__Actinomycetales;f__Streptomycetaceae;g__Streptomyces	k__Bacteria;p__Actinobacteria;c__Actinobacteria;o__Actinomycetales;f__Streptomycetaceae;g__Streptomyces;s__axinellae	match	6	0.666666666667	0.194366197183	0.300981461287
B1-REF	6	2	rdp	1.0	k__Bacteria;p__Proteobacteria;c__Betaproteobacteria	k__Bacteria;p__Proteobacteria;c__Betaproteobacteria;o__Burkholderiales;f__Oxalobacteraceae;g__Herminiimonas;s__glaciei	underclassification	3	0.666666666667	0.194366197183	0.300981461287
B1-REF	6	2	rdp	1.0	k__Bacteria;p__Firmicutes;c__Clostridia;o__Clostridiales;f__Clostridiaceae;g__Clostridium	k__Bacteria;p__Firmicutes;c__Clostridia;o__Clostridiales;f__Clostridiaceae;g__Clostridium;s__carnis	match	6	0.666666666667	0.194366197183	0.300981461287
B1-REF	6	2	rdp	1.0	k__Bacteria;p__Actinobacteria;c__Actinobacteria;o__Actinomycetales;f__Nocardioidaceae;g__Nocardioides	k__Bacteria;p__Actinobacteria;c__Actinobacteria;o__Actinomycetales;f__Nocardioidaceae;g__Nocardioides;s__insulae	match	6	0.666666666667	0.194366197183	0.300981461287
B1-REF	6	2	rdp	1.0	k__Bacteria;p__Actinobacteria;c__Actinobacteria;o__Actinomycetales;f__Nocardioidaceae;g__Nocardioides	k__Bacteria;p__Actinobacteria;c__Actinobacteria;o__Actinomycetales;f__Nocardioidaceae;g__Nocardioides;s__furvisabuli	match	6	0.666666666667	0.194366197183	0.300981461287
B1-REF	6	2	rdp	1.0	k__Bacteria;p__Actinobacteria;c__Actinobacteria;o__Actinomycetales;f__Nocardiopsaceae;g__Nocardiopsis	k__Bacteria;p__Actinobacteria;c__Actinobacteria;o__Actinomycetales;f__Nocardiopsaceae;g__Nocardiopsis;s__rhodophaea	match	6	0.666666666667	0.194366197183	0.300981461287
B1-REF	6	2	rdp	1.0	k__Bacteria;p__Proteobacteria;c__Alphaproteobacteria;o__Rhizobiales	k__Bacteria;p__Proteobacteria;c__Alphaproteobacteria;o__Rhizobiales;f__Hyphomicrobiaceae;g__Filomicrobium;s__insigne	underclassification	4	0.666666666667	0.194366197183	0.300981461287
B1-REF	6	2	rdp	1.0	k__Bacteria;p__Actinobacteria;c__Actinobacteria;o__Actinomycetales	k__Bacteria;p__Actinobacteria;c__Actinobacteria;o__Actinomycetales;f__Thermomonosporaceae;g__Actinomadura;s__alba	underclassification	4	0.666666666667	0.194366197183	0.300981461287
B1-REF	6	2	rdp	1.0	k__Bacteria;p__Proteobacteria;c__Gammaproteobacteria;o__Pseudomonadales;f__Pseudomonadaceae	k__Bacteria;p__Proteobacteria;c__Gammaproteobacteria;o__Pseudomonadales;f__Pseudomonadaceae;g__Pseudomonas;s__pohangensis	underclassification	5	0.666666666667	0.194366197183	0.300981461287
B1-REF	6	2	rdp	1.0	k__Bacteria;p__Proteobacteria;c__Gammaproteobacteria;o__Xanthomonadales;f__Xanthomonadaceae	k__Bacteria;p__Proteobacteria;c__Gammaproteobacteria;o__Xanthomonadales;f__Xanthomonadaceae;g__Pseudoxanthomonas;s__kalamensis	underclassification	5	0.666666666667	0.194366197183	0.300981461287
B1-REF	6	2	rdp	1.0	k__Bacteria;p__Firmicutes;c__Bacilli;o__Lactobacillales;f__Leuconostocaceae;g__Weissella;s__paramesenteroides	k__Bacteria;p__Firmicutes;c__Bacilli;o__Lactobacillales;f__Leuconostocaceae;g__Weissella;s__thailandensis	overclassification	6	0.666666666667	0.194366197183	0.300981461287
B1-REF	6	2	rdp	1.0	k__Bacteria;p__Firmicutes;c__Bacilli;o__Bacillales;f__Alicyclobacillaceae;g__Alicyclobacillus	k__Bacteria;p__Firmicutes;c__Bacilli;o__Bacillales;f__Alicyclobacillaceae;g__Alicyclobacillus;s__fastidiosus	match	6	0.666666666667	0.194366197183	0.300981461287
B1-REF	6	2	rdp	1.0	k__Bacteria;p__Proteobacteria;c__Gammaproteobacteria;o__Enterobacteriales;f__Enterobacteriaceae	k__Bacteria;p__Proteobacteria;c__Gammaproteobacteria;o__Enterobacteriales;f__Enterobacteriaceae;g__Xenorhabdus;s__koppenhoeferi	underclassification	5	0.666666666667	0.194366197183	0.300981461287
B1-REF	6	2	rdp	1.0	k__Bacteria;p__Firmicutes;c__Bacilli;o__Bacillales;f__Alicyclobacillaceae;g__Alicyclobacillus	k__Bacteria;p__Firmicutes;c__Bacilli;o__Bacillales;f__Alicyclobacillaceae;g__Alicyclobacillus;s__macrosporangiidus	match	6	0.666666666667	0.194366197183	0.300981461287
B1-REF	6	2	rdp	1.0	k__Bacteria;p__Actinobacteria;c__Actinobacteria;o__Actinomycetales	k__Bacteria;p__Actinobacteria;c__Actinobacteria;o__Actinomycetales;f__Micromonosporaceae;g__Actinoplanes;s__ferrugineus	underclassification	4	0.666666666667	0.194366197183	0.300981461287
B1-REF	6	2	rdp	1.0	k__Bacteria;p__Bacteroidetes;c__Cytophagia;o__Cytophagales;f__Cyclobacteriaceae;g__Algoriphagus	k__Bacteria;p__Bacteroidetes;c__Cytophagia;o__Cytophagales;f__Cyclobacteriaceae;g__Algoriphagus;s__alkaliphilus	match	6	0.666666666667	0.194366197183	0.300981461287
B1-REF	6	2	rdp	1.0	k__Bacteria;p__Actinobacteria;c__Actinobacteria;o__Actinomycetales;f__Nocardiaceae;g__Rhodococcus;s__equi	k__Bacteria;p__Actinobacteria;c__Actinobacteria;o__Actinomycetales;f__Nocardiaceae;g__Rhodococcus;s__kunmingensis	overclassification	6	0.666666666667	0.194366197183	0.300981461287
B1-REF	6	2	rdp	1.0	k__Bacteria;p__Firmicutes;c__Bacilli	k__Bacteria;p__Firmicutes;c__Bacilli;o__Bacillales;f__Bacillaceae;g__Gracilibacillus;s__boraciitolerans	underclassification	3	0.666666666667	0.194366197183	0.300981461287
B1-REF	6	2	rdp	1.0	k__Bacteria;p__Proteobacteria;c__Alphaproteobacteria;o__Rhizobiales	k__Bacteria;p__Proteobacteria;c__Alphaproteobacteria;o__Rhizobiales;f__Methylocystaceae;g__Rhodoblastus;s__sphagnicola	underclassification	4	0.666666666667	0.194366197183	0.300981461287
B1-REF	6	2	rdp	1.0	k__Bacteria;p__Proteobacteria;c__Gammaproteobacteria;o__Oceanospirillales;f__Halomonadaceae	k__Bacteria;p__Proteobacteria;c__Gammaproteobacteria;o__Oceanospirillales;f__Halomonadaceae;g__Kushneria;s__avicenniae	underclassification	5	0.666666666667	0.194366197183	0.300981461287
B1-REF	6	2	rdp	1.0	k__Bacteria;p__Proteobacteria;c__Deltaproteobacteria;o__Desulfovibrionales	k__Bacteria;p__Proteobacteria;c__Deltaproteobacteria;o__Desulfovibrionales;f__Desulfohalobiaceae;g__Desulfothermus;s__okinawensis	underclassification	4	0.666666666667	0.194366197183	0.300981461287
B1-REF	6	2	rdp	1.0	k__Bacteria;p__Actinobacteria;c__Actinobacteria;o__Actinomycetales	k__Bacteria;p__Actinobacteria;c__Actinobacteria;o__Actinomycetales;f__Micrococcaceae;g__Arthrobacter;s__sanguinis	underclassification	4	0.666666666667	0.194366197183	0.300981461287
B1-REF	6	2	rdp	1.0	k__Archaea;p__Euryarchaeota;c__Methanomicrobia;o__Methanomicrobiales	k__Archaea;p__Euryarchaeota;c__Methanomicrobia;o__Methanomicrobiales;f__Methanomicrobiaceae;g__Methanofollis;s__formosanus	underclassification	4	0.666666666667	0.194366197183	0.300981461287
B1-REF	6	2	rdp	1.0	k__Bacteria;p__Actinobacteria;c__Actinobacteria;o__Actinomycetales	k__Bacteria;p__Actinobacteria;c__Actinobacteria;o__Actinomycetales;f__Micromonosporaceae;g__Actinoplanes;s__durhamensis	underclassification	4	0.666666666667	0.194366197183	0.300981461287
B1-REF	6	2	rdp	1.0	k__Bacteria;p__Proteobacteria;c__Gammaproteobacteria	k__Bacteria;p__Proteobacteria;c__Gammaproteobacteria;o__Alteromonadales;f__Colwelliaceae;g__Colwellia;s__aestuarii	underclassification	3	0.666666666667	0.194366197183	0.300981461287
B1-REF	6	2	rdp	1.0	k__Bacteria;p__Actinobacteria;c__Actinobacteria;o__Actinomycetales	k__Bacteria;p__Actinobacteria;c__Actinobacteria;o__Actinomycetales;f__Nocardioidaceae;g__Nocardioides;s__panacihumi	underclassification	4	0.666666666667	0.194366197183	0.300981461287
B1-REF	6	2	rdp	1.0	k__Bacteria;p__Proteobacteria;c__Gammaproteobacteria;o__Oceanospirillales;f__Endozoicimonaceae	k__Bacteria;p__Proteobacteria;c__Gammaproteobacteria;o__Oceanospirillales;f__Endozoicimonaceae;g__Endozoicomonas;s__elysicola	underclassification	5	0.666666666667	0.194366197183	0.300981461287
B1-REF	6	2	rdp	1.0	k__Bacteria;p__Proteobacteria;c__Deltaproteobacteria;o__Desulfovibrionales;f__Desulfovibrionaceae;g__Desulfovibrio;s__acrylicus	k__Bacteria;p__Proteobacteria;c__Deltaproteobacteria;o__Desulfovibrionales;f__Desulfovibrionaceae;g__Desulfovibrio;s__marinisediminis	overclassification	6	0.666666666667	0.194366197183	0.300981461287
B1-REF	6	2	rdp	1.0	k__Bacteria;p__Proteobacteria;c__Betaproteobacteria;o__Burkholderiales;f__Oxalobacteraceae	k__Bacteria;p__Proteobacteria;c__Betaproteobacteria;o__Burkholderiales;f__Oxalobacteraceae;g__Massilia;s__aurea	underclassification	5	0.666666666667	0.194366197183	0.300981461287
B1-REF	6	2	rdp	1.0	k__Bacteria;p__Proteobacteria;c__Alphaproteobacteria;o__Sphingomonadales	k__Bacteria;p__Proteobacteria;c__Alphaproteobacteria;o__Sphingomonadales;f__Sphingomonadaceae;g__Novosphingobium;s__nitrogenifigens	underclassification	4	0.666666666667	0.194366197183	0.300981461287
B1-REF	6	2	rdp	1.0	k__Bacteria;p__Proteobacteria;c__Alphaproteobacteria;o__Rhodobacterales;f__Rhodobacteraceae	k__Bacteria;p__Proteobacteria;c__Alphaproteobacteria;o__Rhodobacterales;f__Rhodobacteraceae;g__Thalassobius;s__gelatinovorus	underclassification	5	0.666666666667	0.194366197183	0.300981461287
B1-REF	6	2	rdp	1.0	k__Bacteria;p__Proteobacteria;c__Alphaproteobacteria;o__Rhizobiales;f__Brucellaceae;g__Ochrobactrum	k__Bacteria;p__Proteobacteria;c__Alphaproteobacteria;o__Rhizobiales;f__Brucellaceae;g__Ochrobactrum;s__pseudintermedium	match	6	0.666666666667	0.194366197183	0.300981461287
B1-REF	6	2	rdp	1.0	k__Bacteria;p__Firmicutes;c__Bacilli;o__Bacillales	k__Bacteria;p__Firmicutes;c__Bacilli;o__Bacillales;f__Bacillaceae;g__Bacillus;s__mannanilyticus	underclassification	4	0.666666666667	0.194366197183	0.300981461287
B1-REF	6	2	rdp	1.0	k__Bacteria;p__Actinobacteria;c__Actinobacteria;o__Actinomycetales;f__Nocardiopsaceae	k__Bacteria;p__Actinobacteria;c__Actinobacteria;o__Actinomycetales;f__Nocardiopsaceae;g__Nocardiopsis;s__chromatogenes	underclassification	5	0.666666666667	0.194366197183	0.300981461287
B1-REF	6	2	rdp	1.0	k__Bacteria;p__Actinobacteria;c__Actinobacteria;o__Actinomycetales;f__Nocardioidaceae	k__Bacteria;p__Actinobacteria;c__Actinobacteria;o__Actinomycetales;f__Nocardioidaceae;g__Nocardioides;s__jensenii	underclassification	5	0.666666666667	0.194366197183	0.300981461287
B1-REF	6	2	rdp	1.0	k__Bacteria;p__Proteobacteria;c__Gammaproteobacteria;o__Enterobacteriales;f__Enterobacteriaceae	k__Bacteria;p__Proteobacteria;c__Gammaproteobacteria;o__Enterobacteriales;f__Enterobacteriaceae;g__Xenorhabdus;s__miraniensis	underclassification	5	0.666666666667	0.194366197183	0.300981461287
B1-REF	6	2	rdp	1.0	k__Bacteria;p__Firmicutes;c__Bacilli	k__Bacteria;p__Firmicutes;c__Bacilli;o__Bacillales;f__Bacillaceae;g__Lentibacillus;s__halophilus	underclassification	3	0.666666666667	0.194366197183	0.300981461287
B1-REF	6	2	rdp	1.0	k__Bacteria;p__Actinobacteria;c__Actinobacteria;o__Actinomycetales	k__Bacteria;p__Actinobacteria;c__Actinobacteria;o__Actinomycetales;f__Micromonosporaceae;g__Actinoplanes;s__rishiriensis	underclassification	4	0.666666666667	0.194366197183	0.300981461287
B1-REF	6	2	rdp	1.0	k__Bacteria;p__Firmicutes;c__Bacilli;o__Bacillales;f__Alicyclobacillaceae;g__Alicyclobacillus	k__Bacteria;p__Firmicutes;c__Bacilli;o__Bacillales;f__Alicyclobacillaceae;g__Alicyclobacillus;s__contaminans	match	6	0.666666666667	0.194366197183	0.300981461287
B1-REF	6	2	rdp	1.0	k__Bacteria;p__Actinobacteria;c__Actinobacteria;o__Actinomycetales;f__Streptomycetaceae;g__Streptomyces	k__Bacteria;p__Actinobacteria;c__Actinobacteria;o__Actinomycetales;f__Streptomycetaceae;g__Streptomyces;s__parvus	match	6	0.666666666667	0.194366197183	0.300981461287
B1-REF	6	2	rdp	1.0	k__Bacteria;p__Proteobacteria;c__Epsilonproteobacteria;o__Campylobacterales;f__Helicobacteraceae	k__Bacteria;p__Proteobacteria;c__Epsilonproteobacteria;o__Campylobacterales;f__Helicobacteraceae;g__Helicobacter;s__cholecystus	underclassification	5	0.666666666667	0.194366197183	0.300981461287
B1-REF	6	2	rdp	1.0	k__Bacteria;p__Actinobacteria;c__Actinobacteria;o__Actinomycetales;f__Streptomycetaceae;g__Streptomyces	k__Bacteria;p__Actinobacteria;c__Actinobacteria;o__Actinomycetales;f__Streptomycetaceae;g__Streptomyces;s__helvaticus	match	6	0.666666666667	0.194366197183	0.300981461287
B1-REF	6	2	rdp	1.0	k__Bacteria;p__Proteobacteria;c__Alphaproteobacteria;o__Sphingomonadales	k__Bacteria;p__Proteobacteria;c__Alphaproteobacteria;o__Sphingomonadales;f__Erythrobacteraceae;g__Altererythrobacter;s__epoxidivorans	underclassification	4	0.666666666667	0.194366197183	0.300981461287
B1-REF	6	2	rdp	1.0	k__Bacteria;p__Firmicutes;c__Bacilli	k__Bacteria;p__Firmicutes;c__Bacilli;o__Bacillales;f__Bacillaceae;g__Virgibacillus;s__halophilus	underclassification	3	0.666666666667	0.194366197183	0.300981461287
B1-REF	6	2	rdp	1.0	k__Bacteria;p__Firmicutes;c__Bacilli;o__Bacillales;f__Paenibacillaceae;g__Saccharibacillus;s__kuerlensis	k__Bacteria;p__Firmicutes;c__Bacilli;o__Bacillales;f__Paenibacillaceae;g__Saccharibacillus;s__sacchari	overclassification	6	0.666666666667	0.194366197183	0.300981461287
B1-REF	6	2	rdp	1.0	k__Bacteria;p__Proteobacteria;c__Alphaproteobacteria;o__Rhodobacterales;f__Rhodobacteraceae	k__Bacteria;p__Proteobacteria;c__Alphaproteobacteria;o__Rhodobacterales;f__Rhodobacteraceae;g__Roseovarius;s__mucosus	underclassification	5	0.666666666667	0.194366197183	0.300981461287
B1-REF	6	2	rdp	1.0	k__Bacteria;p__Proteobacteria;c__Alphaproteobacteria;o__Rhizobiales	k__Bacteria;p__Proteobacteria;c__Alphaproteobacteria;o__Rhizobiales;f__Rhizobiaceae;g__Rhizobium;s__selenitireducens	underclassification	4	0.666666666667	0.194366197183	0.300981461287
B1-REF	6	2	rdp	1.0	k__Bacteria;p__Proteobacteria;c__Alphaproteobacteria;o__Sphingomonadales;f__Sphingomonadaceae	k__Bacteria;p__Proteobacteria;c__Alphaproteobacteria;o__Sphingomonadales;f__Sphingomonadaceae;g__Sphingomonas;s__asaccharolytica	underclassification	5	0.666666666667	0.194366197183	0.300981461287
B1-REF	6	2	rdp	1.0	k__Bacteria;p__Actinobacteria;c__Actinobacteria;o__Actinomycetales;f__Thermomonosporaceae	k__Bacteria;p__Actinobacteria;c__Actinobacteria;o__Actinomycetales;f__Thermomonosporaceae;g__Actinomadura;s__fibrosa	underclassification	5	0.666666666667	0.194366197183	0.300981461287
B1-REF	6	2	rdp	1.0	k__Bacteria;p__Proteobacteria;c__Gammaproteobacteria;o__Thiotrichales;f__Piscirickettsiaceae;g__Thiomicrospira;s__psychrophila	k__Bacteria;p__Proteobacteria;c__Gammaproteobacteria;o__Thiotrichales;f__Piscirickettsiaceae;g__Thiomicrospira;s__arctica	overclassification	6	0.666666666667	0.194366197183	0.300981461287
B1-REF	6	2	rdp	1.0	k__Bacteria;p__Proteobacteria;c__Gammaproteobacteria;o__Aeromonadales;f__Aeromonadaceae	k__Bacteria;p__Proteobacteria;c__Gammaproteobacteria;o__Aeromonadales;f__Aeromonadaceae;g__Zobellella;s__taiwanensis	underclassification	5	0.666666666667	0.194366197183	0.300981461287
B1-REF	6	2	rdp	1.0	k__Bacteria;p__Proteobacteria;c__Betaproteobacteria;o__Burkholderiales;f__Oxalobacteraceae	k__Bacteria;p__Proteobacteria;c__Betaproteobacteria;o__Burkholderiales;f__Oxalobacteraceae;g__Herbaspirillum;s__rhizosphaerae	underclassification	5	0.666666666667	0.194366197183	0.300981461287
B1-REF	6	2	rdp	1.0	k__Bacteria;p__Proteobacteria;c__Alphaproteobacteria	k__Bacteria;p__Proteobacteria;c__Alphaproteobacteria;o__Rhodobacterales;f__Rhodobacteraceae;g__Rhodobacter;s__maris	underclassification	3	0.666666666667	0.194366197183	0.300981461287
B1-REF	6	2	rdp	1.0	k__Bacteria;p__Bacteroidetes;c__Sphingobacteriia;o__Sphingobacteriales;f__Sphingobacteriaceae;g__Pedobacter	k__Bacteria;p__Bacteroidetes;c__Sphingobacteriia;o__Sphingobacteriales;f__Sphingobacteriaceae;g__Pedobacter;s__lentus	match	6	0.666666666667	0.194366197183	0.300981461287
B1-REF	6	2	rdp	1.0	k__Bacteria;p__Actinobacteria;c__Actinobacteria;o__Actinomycetales;f__Nocardiopsaceae	k__Bacteria;p__Actinobacteria;c__Actinobacteria;o__Actinomycetales;f__Nocardiopsaceae;g__Nocardiopsis;s__rosea	underclassification	5	0.666666666667	0.194366197183	0.300981461287
B1-REF	6	2	rdp	1.0	k__Bacteria;p__Actinobacteria;c__Actinobacteria;o__Actinomycetales;f__Streptomycetaceae;g__Streptomyces	k__Bacteria;p__Actinobacteria;c__Actinobacteria;o__Actinomycetales;f__Streptomycetaceae;g__Streptomyces;s__psammoticus	match	6	0.666666666667	0.194366197183	0.300981461287
B1-REF	6	2	rdp	1.0	k__Bacteria;p__Actinobacteria;c__Actinobacteria;o__Actinomycetales	k__Bacteria;p__Actinobacteria;c__Actinobacteria;o__Actinomycetales;f__Intrasporangiaceae;g__Ornithinimicrobium;s__kibberense	underclassification	4	0.666666666667	0.194366197183	0.300981461287
B1-REF	6	2	rdp	1.0	k__Bacteria;p__Actinobacteria;c__Actinobacteria;o__Actinomycetales;f__Nocardiopsaceae	k__Bacteria;p__Actinobacteria;c__Actinobacteria;o__Actinomycetales;f__Nocardiopsaceae;g__Thermobifida;s__halotolerans	underclassification	5	0.666666666667	0.194366197183	0.300981461287
B1-REF	6	2	rdp	1.0	k__Bacteria;p__Proteobacteria;c__Gammaproteobacteria;o__Alteromonadales;f__Alteromonadaceae;g__Microbulbifer	k__Bacteria;p__Proteobacteria;c__Gammaproteobacteria;o__Alteromonadales;f__Alteromonadaceae;g__Microbulbifer;s__thermotolerans	match	6	0.666666666667	0.194366197183	0.300981461287
B1-REF	6	2	rdp	1.0	k__Bacteria;p__Aquificae;c__Aquificae;o__Aquificales;f__Desulfurobacteriaceae	k__Bacteria;p__Aquificae;c__Aquificae;o__Aquificales;f__Desulfurobacteriaceae;g__Thermovibrio;s__guaymasensis	underclassification	5	0.666666666667	0.194366197183	0.300981461287
B1-REF	6	2	rdp	1.0	k__Bacteria;p__Actinobacteria;c__Actinobacteria;o__Actinomycetales;f__Micrococcaceae;g__Arthrobacter	k__Bacteria;p__Actinobacteria;c__Actinobacteria;o__Actinomycetales;f__Micrococcaceae;g__Arthrobacter;s__dextranolyticus	match	6	0.666666666667	0.194366197183	0.300981461287
B1-REF	6	2	rdp	1.0	k__Bacteria;p__Proteobacteria;c__Gammaproteobacteria;o__Enterobacteriales;f__Enterobacteriaceae	k__Bacteria;p__Proteobacteria;c__Gammaproteobacteria;o__Enterobacteriales;f__Enterobacteriaceae;g__Xenorhabdus;s__ehlersii	underclassification	5	0.666666666667	0.194366197183	0.300981461287
B1-REF	6	2	rdp	1.0	k__Bacteria;p__Proteobacteria;c__Gammaproteobacteria;o__Cardiobacteriales;f__Cardiobacteriaceae	k__Bacteria;p__Proteobacteria;c__Gammaproteobacteria;o__Cardiobacteriales;f__Cardiobacteriaceae;g__Suttonella;s__ornithocola	underclassification	5	0.666666666667	0.194366197183	0.300981461287
B1-REF	6	2	rdp	1.0	k__Bacteria;p__Actinobacteria;c__Actinobacteria;o__Actinomycetales;f__Nocardioidaceae;g__Nocardioides	k__Bacteria;p__Actinobacteria;c__Actinobacteria;o__Actinomycetales;f__Nocardioidaceae;g__Nocardioides;s__bigeumensis	match	6	0.666666666667	0.194366197183	0.300981461287
B1-REF	6	2	rdp	1.0	k__Bacteria;p__Proteobacteria;c__Gammaproteobacteria;o__Legionellales;f__Legionellaceae;g__Legionella	k__Bacteria;p__Proteobacteria;c__Gammaproteobacteria;o__Legionellales;f__Legionellaceae;g__Legionella;s__pneumophila	match	6	0.666666666667	0.194366197183	0.300981461287
B1-REF	6	2	rdp	1.0	k__Bacteria;p__Bacteroidetes;c__Cytophagia;o__Cytophagales;f__Cyclobacteriaceae	k__Bacteria;p__Bacteroidetes;c__Cytophagia;o__Cytophagales;f__Cyclobacteriaceae;g__Echinicola;s__pacifica	underclassification	5	0.666666666667	0.194366197183	0.300981461287
B1-REF	6	2	rdp	1.0	k__Bacteria;p__Proteobacteria;c__Alphaproteobacteria;o__Sphingomonadales;f__Sphingomonadaceae;g__Sphingomonas;s__echinoides	k__Bacteria;p__Proteobacteria;c__Alphaproteobacteria;o__Sphingomonadales;f__Sphingomonadaceae;g__Sphingomonas;s__mali	overclassification	6	0.666666666667	0.194366197183	0.300981461287
B1-REF	6	2	rdp	1.0	k__Bacteria;p__Proteobacteria;c__Gammaproteobacteria	k__Bacteria;p__Proteobacteria;c__Gammaproteobacteria;o__Oceanospirillales;f__Halomonadaceae;g__Halomonas;s__ilicicola	underclassification	3	0.666666666667	0.194366197183	0.300981461287
B1-REF	6	2	rdp	1.0	k__Bacteria;p__Proteobacteria;c__Alphaproteobacteria	k__Bacteria;p__Proteobacteria;c__Alphaproteobacteria;o__Rhodobacterales;f__Rhodobacteraceae;g__Rhodovulum;s__imhoffii	underclassification	3	0.666666666667	0.194366197183	0.300981461287
B1-REF	6	2	rdp	1.0	k__Bacteria;p__Bacteroidetes	k__Bacteria;p__Bacteroidetes;c__Cytophagia;o__Cytophagales;f__Flammeovirgaceae;g__Marinoscillum;s__furvescens	underclassification	2	0.666666666667	0.194366197183	0.300981461287
B1-REF	6	2	rdp	1.0	k__Bacteria;p__Proteobacteria;c__Gammaproteobacteria;o__Enterobacteriales;f__Enterobacteriaceae	k__Bacteria;p__Proteobacteria;c__Gammaproteobacteria;o__Enterobacteriales;f__Enterobacteriaceae;g__Xenorhabdus;s__romanii	underclassification	5	0.666666666667	0.194366197183	0.300981461287
B1-REF	6	2	rdp	1.0	k__Bacteria;p__Proteobacteria;c__Alphaproteobacteria	k__Bacteria;p__Proteobacteria;c__Alphaproteobacteria;o__Sphingomonadales;f__Sphingomonadaceae;g__Novosphingobium;s__naphthalenivorans	underclassification	3	0.666666666667	0.194366197183	0.300981461287
B1-REF	6	2	rdp	1.0	k__Bacteria;p__Proteobacteria;c__Alphaproteobacteria;o__Rhodobacterales;f__Rhodobacteraceae;g__Sulfitobacter;s__japonica	k__Bacteria;p__Proteobacteria;c__Alphaproteobacteria;o__Rhodobacterales;f__Rhodobacteraceae;g__Sulfitobacter;s__marinus	overclassification	6	0.666666666667	0.194366197183	0.300981461287
B1-REF	6	2	rdp	1.0	k__Bacteria;p__Proteobacteria	k__Bacteria;p__Proteobacteria;c__Betaproteobacteria;o__Neisseriales;f__Neisseriaceae;g__Aquaspirillum;s__serpens	underclassification	2	0.666666666667	0.194366197183	0.300981461287
B1-REF	6	2	rdp	1.0	k__Bacteria;p__Proteobacteria;c__Gammaproteobacteria;o__Aeromonadales;f__Aeromonadaceae;g__Aeromonas;s__veronii	k__Bacteria;p__Proteobacteria;c__Gammaproteobacteria;o__Aeromonadales;f__Aeromonadaceae;g__Aeromonas;s__caviae	overclassification	6	0.666666666667	0.194366197183	0.300981461287
B1-REF	6	2	rdp	1.0	k__Bacteria;p__Actinobacteria;c__Actinobacteria;o__Actinomycetales;f__Nocardioidaceae	k__Bacteria;p__Actinobacteria;c__Actinobacteria;o__Actinomycetales;f__Nocardioidaceae;g__Nocardioides;s__daphniae	underclassification	5	0.666666666667	0.194366197183	0.300981461287
B1-REF	6	2	rdp	1.0	k__Bacteria;p__Bacteroidetes;c__Flavobacteriia;o__Flavobacteriales;f__Flavobacteriaceae	k__Bacteria;p__Bacteroidetes;c__Flavobacteriia;o__Flavobacteriales;f__Flavobacteriaceae;g__Yeosuana;s__aromativorans	underclassification	5	0.666666666667	0.194366197183	0.300981461287
B1-REF	6	2	rdp	1.0	k__Bacteria;p__Actinobacteria;c__Actinobacteria;o__Actinomycetales	k__Bacteria;p__Actinobacteria;c__Actinobacteria;o__Actinomycetales;f__Micromonosporaceae;g__Actinoplanes;s__deccanensis	underclassification	4	0.666666666667	0.194366197183	0.300981461287
B1-REF	6	2	rdp	1.0	k__Bacteria;p__Bacteroidetes;c__Cytophagia;o__Cytophagales;f__Cyclobacteriaceae;g__Algoriphagus	k__Bacteria;p__Bacteroidetes;c__Cytophagia;o__Cytophagales;f__Cyclobacteriaceae;g__Algoriphagus;s__terrigena	match	6	0.666666666667	0.194366197183	0.300981461287
B1-REF	6	2	rdp	1.0	k__Bacteria;p__Proteobacteria;c__Alphaproteobacteria;o__Rhodobacterales;f__Rhodobacteraceae	k__Bacteria;p__Proteobacteria;c__Alphaproteobacteria;o__Rhodobacterales;f__Rhodobacteraceae;g__Rhodobacter;s__aestuarii	underclassification	5	0.666666666667	0.194366197183	0.300981461287
B1-REF	6	2	rdp	1.0	k__Bacteria;p__Bacteroidetes;c__Saprospirae;o__Saprospirales;f__Chitinophagaceae	k__Bacteria;p__Bacteroidetes;c__Saprospirae;o__Saprospirales;f__Chitinophagaceae;g__Ferruginibacter;s__alkalilentus	underclassification	5	0.666666666667	0.194366197183	0.300981461287
B1-REF	6	2	rdp	1.0	k__Bacteria;p__Bacteroidetes;c__Flavobacteriia;o__Flavobacteriales;f__Flavobacteriaceae;g__Pibocella;s__ponti	k__Bacteria;p__Bacteroidetes;c__Flavobacteriia;o__Flavobacteriales;f__Flavobacteriaceae;g__Maribacter;s__arcticus	misclassification	5	0.666666666667	0.194366197183	0.300981461287
B1-REF	6	2	rdp	1.0	k__Bacteria;p__Bacteroidetes;c__Flavobacteriia;o__Flavobacteriales;f__Flavobacteriaceae	k__Bacteria;p__Bacteroidetes;c__Flavobacteriia;o__Flavobacteriales;f__Flavobacteriaceae;g__Tamlana;s__crocina	underclassification	5	0.666666666667	0.194366197183	0.300981461287
B1-REF	6	2	rdp	1.0	k__Bacteria;p__Firmicutes;c__Bacilli;o__Bacillales;f__Bacillaceae	k__Bacteria;p__Firmicutes;c__Bacilli;o__Bacillales;f__Bacillaceae;g__Gracilibacillus;s__dipsosauri	underclassification	5	0.666666666667	0.194366197183	0.300981461287
B1-REF	6	2	rdp	1.0	k__Bacteria;p__Actinobacteria;c__Actinobacteria;o__Actinomycetales;f__Nocardioidaceae;g__Nocardioides	k__Bacteria;p__Actinobacteria;c__Actinobacteria;o__Actinomycetales;f__Nocardioidaceae;g__Nocardioides;s__hwasunensis	match	6	0.666666666667	0.194366197183	0.300981461287
B1-REF	6	2	rdp	1.0	k__Bacteria;p__Proteobacteria;c__Betaproteobacteria;o__Burkholderiales;f__Comamonadaceae	k__Bacteria;p__Proteobacteria;c__Betaproteobacteria;o__Burkholderiales;f__Comamonadaceae;g__Acidovorax;s__anthurii	underclassification	5	0.666666666667	0.194366197183	0.300981461287
B1-REF	6	2	rdp	1.0	k__Bacteria;p__Firmicutes;c__Clostridia;o__Clostridiales;f__Lachnospiraceae	k__Bacteria;p__Firmicutes;c__Clostridia;o__Clostridiales;f__Lachnospiraceae;g__Ruminococcus;s__gauvreauii	underclassification	5	0.666666666667	0.194366197183	0.300981461287
B1-REF	6	2	rdp	1.0	k__Bacteria;p__Proteobacteria;c__Epsilonproteobacteria;o__Campylobacterales;f__Helicobacteraceae	k__Bacteria;p__Proteobacteria;c__Epsilonproteobacteria;o__Campylobacterales;f__Helicobacteraceae;g__Helicobacter;s__brantae	underclassification	5	0.666666666667	0.194366197183	0.300981461287
B1-REF	6	2	rdp	1.0	k__Bacteria;p__Actinobacteria;c__Actinobacteria;o__Actinomycetales	k__Bacteria;p__Actinobacteria;c__Actinobacteria;o__Actinomycetales;f__Nocardioidaceae;g__Nocardioides;s__tritolerans	underclassification	4	0.666666666667	0.194366197183	0.300981461287
B1-REF	6	2	rdp	1.0	k__Bacteria;p__Firmicutes;c__Bacilli;o__Bacillales	k__Bacteria;p__Firmicutes;c__Bacilli;o__Bacillales;f__Bacillaceae;g__Bacillus;s__cereus	underclassification	4	0.666666666667	0.194366197183	0.300981461287
B1-REF	6	2	rdp	1.0	k__Bacteria;p__Actinobacteria;c__Actinobacteria;o__Actinomycetales;f__Streptomycetaceae;g__Streptomyces	k__Bacteria;p__Actinobacteria;c__Actinobacteria;o__Actinomycetales;f__Streptomycetaceae;g__Kitasatospora;s__azatica	misclassification	5	0.666666666667	0.194366197183	0.300981461287
B1-REF	6	2	rdp	1.0	k__Bacteria;p__Actinobacteria;c__Actinobacteria;o__Actinomycetales;f__Streptomycetaceae	k__Bacteria;p__Actinobacteria;c__Actinobacteria;o__Actinomycetales;f__Streptomycetaceae;g__Streptacidiphilus;s__neutrinimicus	underclassification	5	0.666666666667	0.194366197183	0.300981461287
B1-REF	6	2	rdp	1.0	k__Bacteria;p__Actinobacteria;c__Actinobacteria;o__Actinomycetales;f__Streptosporangiaceae;g__Nonomuraea;s__dietziae	k__Bacteria;p__Actinobacteria;c__Actinobacteria;o__Actinomycetales;f__Streptosporangiaceae;g__Nonomuraea;s__africana	overclassification	6	0.666666666667	0.194366197183	0.300981461287
B1-REF	6	2	rdp	1.0	k__Bacteria;p__Actinobacteria;c__Actinobacteria;o__Actinomycetales;f__Streptosporangiaceae;g__Nonomuraea	k__Bacteria;p__Actinobacteria;c__Actinobacteria;o__Actinomycetales;f__Streptosporangiaceae;g__Nonomuraea;s__recticatena	match	6	0.666666666667	0.194366197183	0.300981461287
B1-REF	6	2	rdp	1.0	k__Bacteria;p__Actinobacteria;c__Actinobacteria;o__Actinomycetales	k__Bacteria;p__Actinobacteria;c__Actinobacteria;o__Actinomycetales;f__Microbacteriaceae;g__Pseudoclavibacter;s__helvolus	underclassification	4	0.666666666667	0.194366197183	0.300981461287
B1-REF	6	2	rdp	1.0	k__Bacteria;p__Actinobacteria;c__Actinobacteria;o__Actinomycetales;f__Micrococcaceae	k__Bacteria;p__Actinobacteria;c__Actinobacteria;o__Actinomycetales;f__Micrococcaceae;g__Arthrobacter;s__woluwensis	underclassification	5	0.666666666667	0.194366197183	0.300981461287
B1-REF	6	2	rdp	1.0	k__Bacteria;p__Proteobacteria;c__Alphaproteobacteria;o__Rhodospirillales;f__Acetobacteraceae	k__Bacteria;p__Proteobacteria;c__Alphaproteobacteria;o__Rhodospirillales;f__Acetobacteraceae;g__Gluconacetobacter;s__azotocaptans	underclassification	5	0.666666666667	0.194366197183	0.300981461287
B1-REF	6	2	rdp	1.0	k__Bacteria;p__Actinobacteria;c__Actinobacteria;o__Actinomycetales	k__Bacteria;p__Actinobacteria;c__Actinobacteria;o__Actinomycetales;f__Micrococcaceae;g__Arthrobacter;s__ilicis	underclassification	4	0.666666666667	0.194366197183	0.300981461287
B1-REF	6	2	rdp	1.0	k__Bacteria;p__Proteobacteria;c__Betaproteobacteria;o__Burkholderiales;f__Alcaligenaceae	k__Bacteria;p__Proteobacteria;c__Betaproteobacteria;o__Burkholderiales;f__Alcaligenaceae;g__Bordetella;s__ansorpii	underclassification	5	0.666666666667	0.194366197183	0.300981461287
B1-REF	6	2	rdp	1.0	k__Bacteria;p__Actinobacteria;c__Actinobacteria;o__Actinomycetales	k__Bacteria;p__Actinobacteria;c__Actinobacteria;o__Actinomycetales;f__Pseudonocardiaceae;g__Thermocrispum;s__municipale	underclassification	4	0.666666666667	0.194366197183	0.300981461287
B1-REF	6	2	rdp	1.0	k__Bacteria;p__Actinobacteria;c__Actinobacteria;o__Actinomycetales;f__Micromonosporaceae;g__Micromonospora	k__Bacteria;p__Actinobacteria;c__Actinobacteria;o__Actinomycetales;f__Micromonosporaceae;g__Micromonospora;s__brunnescens	match	6	0.666666666667	0.194366197183	0.300981461287
B1-REF	6	2	rdp	1.0	k__Bacteria;p__Actinobacteria;c__Actinobacteria;o__Actinomycetales;f__Micromonosporaceae	k__Bacteria;p__Actinobacteria;c__Actinobacteria;o__Actinomycetales;f__Micromonosporaceae;g__Micromonospora;s__citrea	underclassification	5	0.666666666667	0.194366197183	0.300981461287
B1-REF	6	2	rdp	1.0	k__Bacteria;p__Actinobacteria;c__Actinobacteria;o__Actinomycetales;f__Micromonosporaceae	k__Bacteria;p__Actinobacteria;c__Actinobacteria;o__Actinomycetales;f__Micromonosporaceae;g__Micromonospora;s__coerulea	underclassification	5	0.666666666667	0.194366197183	0.300981461287
B1-REF	6	2	rdp	1.0	k__Bacteria;p__Actinobacteria;c__Actinobacteria;o__Actinomycetales;f__Micromonosporaceae	k__Bacteria;p__Actinobacteria;c__Actinobacteria;o__Actinomycetales;f__Micromonosporaceae;g__Micromonospora;s__inositola	underclassification	5	0.666666666667	0.194366197183	0.300981461287
B1-REF	6	2	rdp	1.0	k__Bacteria;p__Actinobacteria;c__Actinobacteria;o__Actinomycetales;f__Streptomycetaceae;g__Streptomyces	k__Bacteria;p__Actinobacteria;c__Actinobacteria;o__Actinomycetales;f__Streptomycetaceae;g__Streptomyces;s__misakiensis	match	6	0.666666666667	0.194366197183	0.300981461287
B1-REF	6	2	rdp	1.0	k__Bacteria;p__Chlorobi;c__Chlorobia;o__Chlorobiales;f__Chlorobiaceae	k__Bacteria;p__Chlorobi;c__Chlorobia;o__Chlorobiales;f__Chlorobiaceae;g__Pelodictyon;s__phaeoclathratiforme	underclassification	5	0.666666666667	0.194366197183	0.300981461287
B1-REF	6	2	rdp	1.0	k__Bacteria;p__Actinobacteria;c__Actinobacteria;o__Actinomycetales	k__Bacteria;p__Actinobacteria;c__Actinobacteria;o__Actinomycetales;f__Corynebacteriaceae;g__Corynebacterium;s__pilosum	underclassification	4	0.666666666667	0.194366197183	0.300981461287
B1-REF	6	2	rdp	1.0	k__Bacteria;p__Actinobacteria;c__Actinobacteria;o__Actinomycetales	k__Bacteria;p__Actinobacteria;c__Actinobacteria;o__Actinomycetales;f__Nocardiaceae;g__Rhodococcus;s__fascians	underclassification	4	0.666666666667	0.194366197183	0.300981461287
B1-REF	6	2	rdp	1.0	k__Archaea;p__Euryarchaeota;c__Thermococci;o__Thermococcales;f__Thermococcaceae;g__Thermococcus	k__Archaea;p__Euryarchaeota;c__Thermococci;o__Thermococcales;f__Thermococcaceae;g__Thermococcus;s__onnurineus	match	6	0.666666666667	0.194366197183	0.300981461287
B1-REF	6	2	rdp	1.0	k__Bacteria;p__Proteobacteria;c__Alphaproteobacteria	k__Bacteria;p__Proteobacteria;c__Alphaproteobacteria;o__Rhodobacterales;f__Rhodobacteraceae;g__Roseobacter;s__prionitis	underclassification	3	0.666666666667	0.194366197183	0.300981461287
B1-REF	6	2	rdp	1.0	k__Bacteria;p__Firmicutes;c__Clostridia;o__Clostridiales;f__Lachnospiraceae;g__Clostridium;s__celerecrescens	k__Bacteria;p__Firmicutes;c__Clostridia;o__Clostridiales;f__Lachnospiraceae;g__Clostridium;s__sphenoides	overclassification	6	0.666666666667	0.194366197183	0.300981461287
B1-REF	6	2	rdp	1.0	k__Bacteria;p__Proteobacteria;c__Gammaproteobacteria;o__Pseudomonadales;f__Moraxellaceae	k__Bacteria;p__Proteobacteria;c__Gammaproteobacteria;o__Pseudomonadales;f__Moraxellaceae;g__Psychrobacter;s__pulmonis	underclassification	5	0.666666666667	0.194366197183	0.300981461287
B1-REF	6	2	rdp	1.0	k__Bacteria;p__Proteobacteria;c__Alphaproteobacteria	k__Bacteria;p__Proteobacteria;c__Alphaproteobacteria;o__Rhodobacterales;f__Rhodobacteraceae;g__Phaeobacter;s__gallaeciensis	underclassification	3	0.666666666667	0.194366197183	0.300981461287
B1-REF	6	2	rdp	1.0	k__Bacteria	k__Bacteria;p__Firmicutes;c__Clostridia;o__Clostridiales;f__Peptostreptococcaceae;g__Clostridium;s__litorale	underclassification	1	0.666666666667	0.194366197183	0.300981461287
B1-REF	6	2	rdp	1.0	k__Bacteria;p__Firmicutes;c__Clostridia;o__Clostridiales	k__Bacteria;p__Firmicutes;c__Clostridia;o__Clostridiales;f__Peptostreptococcaceae;g__Clostridium;s__irregulare	underclassification	4	0.666666666667	0.194366197183	0.300981461287
B1-REF	6	2	rdp	1.0	k__Bacteria;p__Firmicutes;c__Clostridia;o__Thermoanaerobacterales;f__Thermoanaerobacteraceae;g__Carboxydothermus	k__Bacteria;p__Firmicutes;c__Clostridia;o__Thermoanaerobacterales;f__Thermoanaerobacteraceae;g__Carboxydothermus;s__hydrogenoformans	match	6	0.666666666667	0.194366197183	0.300981461287
B1-REF	6	2	rdp	1.0	Unclassified	k__Bacteria;p__Firmicutes;c__Bacilli;o__Bacillales;f__Bacillaceae;g__Bacillus;s__safensis	underclassification	0	0.666666666667	0.194366197183	0.300981461287
B1-REF	6	2	rdp	1.0	k__Bacteria;p__Firmicutes;c__Clostridia;o__Halanaerobiales;f__Halobacteroidaceae;g__Orenia;s__marismortui	k__Bacteria;p__Firmicutes;c__Clostridia;o__Halanaerobiales;f__Halobacteroidaceae;g__Orenia;s__sivashensis	overclassification	6	0.666666666667	0.194366197183	0.300981461287
B1-REF	6	2	rdp	1.0	k__Bacteria	k__Bacteria;p__Proteobacteria;c__Deltaproteobacteria;o__Desulfovibrionales;f__Desulfovibrionaceae;g__Desulfovibrio;s__alaskensis	underclassification	1	0.666666666667	0.194366197183	0.300981461287
B1-REF	6	2	rdp	1.0	k__Bacteria	k__Bacteria;p__Nitrospirae;c__Nitrospira;o__Nitrospirales;f__Nitrospiraceae;g__Nitrospira;s__marina	underclassification	1	0.666666666667	0.194366197183	0.300981461287
B1-REF	6	2	rdp	1.0	k__Bacteria;p__Proteobacteria;c__Alphaproteobacteria;o__Rhizobiales	k__Bacteria;p__Proteobacteria;c__Alphaproteobacteria;o__Rhizobiales;f__Rhizobiaceae;g__Ensifer;s__adhaerens	underclassification	4	0.666666666667	0.194366197183	0.300981461287
B1-REF	6	2	rdp	1.0	k__Bacteria;p__Firmicutes;c__Bacilli;o__Bacillales	k__Bacteria;p__Firmicutes;c__Bacilli;o__Bacillales;f__Bacillaceae;g__Bacillus;s__vedderi	underclassification	4	0.666666666667	0.194366197183	0.300981461287
B1-REF	6	2	rdp	1.0	k__Bacteria;p__Bacteroidetes;c__Flavobacteriia;o__Flavobacteriales;f__Flavobacteriaceae;g__Krokinobacter;s__eikastus	k__Bacteria;p__Bacteroidetes;c__Flavobacteriia;o__Flavobacteriales;f__Flavobacteriaceae;g__Krokinobacter;s__genikus	overclassification	6	0.666666666667	0.194366197183	0.300981461287
B1-REF	6	2	rdp	1.0	k__Bacteria;p__Firmicutes;c__Bacilli;o__Bacillales	k__Bacteria;p__Firmicutes;c__Bacilli;o__Bacillales;f__Planococcaceae;g__Bacillus;s__thermoalkalophilus	underclassification	4	0.666666666667	0.194366197183	0.300981461287
B1-REF	6	2	rdp	1.0	k__Bacteria;p__Proteobacteria;c__Gammaproteobacteria;o__Pseudomonadales;f__Pseudomonadaceae	k__Bacteria;p__Proteobacteria;c__Gammaproteobacteria;o__Pseudomonadales;f__Pseudomonadaceae;g__Pseudomonas;s__pseudoalcaligenes	underclassification	5	0.666666666667	0.194366197183	0.300981461287
B1-REF	6	2	rdp	1.0	k__Bacteria	k__Bacteria;p__Proteobacteria;c__Gammaproteobacteria;o__Acidithiobacillales;f__Acidithiobacillaceae;g__Acidithiobacillus;s__albertensis	underclassification	1	0.666666666667	0.194366197183	0.300981461287
B1-REF	6	2	rdp	1.0	k__Bacteria;p__Firmicutes;c__Bacilli;o__Bacillales	k__Bacteria;p__Firmicutes;c__Bacilli;o__Bacillales;f__Bacillaceae;g__Bacillus;s__pseudomycoides	underclassification	4	0.666666666667	0.194366197183	0.300981461287
B1-REF	6	2	rdp	1.0	k__Bacteria;p__Proteobacteria;c__Gammaproteobacteria;o__Xanthomonadales;f__Xanthomonadaceae	k__Bacteria;p__Proteobacteria;c__Gammaproteobacteria;o__Xanthomonadales;f__Xanthomonadaceae;g__Lysobacter;s__daecheongensis	underclassification	5	0.666666666667	0.194366197183	0.300981461287
B1-REF	6	2	rdp	1.0	k__Bacteria;p__Firmicutes;c__Clostridia;o__Clostridiales;f__Clostridiaceae;g__Clostridium	k__Bacteria;p__Firmicutes;c__Clostridia;o__Clostridiales;f__Clostridiaceae;g__Clostridium;s__tertium	match	6	0.666666666667	0.194366197183	0.300981461287
B1-REF	6	2	rdp	1.0	k__Bacteria;p__Proteobacteria;c__Gammaproteobacteria;o__Xanthomonadales;f__Xanthomonadaceae	k__Bacteria;p__Proteobacteria;c__Gammaproteobacteria;o__Xanthomonadales;f__Xanthomonadaceae;g__Stenotrophomonas;s__geniculata	underclassification	5	0.666666666667	0.194366197183	0.300981461287
B1-REF	6	2	rdp	1.0	k__Bacteria;p__Firmicutes;c__Bacilli;o__Lactobacillales;f__Streptococcaceae;g__Streptococcus	k__Bacteria;p__Firmicutes;c__Bacilli;o__Lactobacillales;f__Streptococcaceae;g__Streptococcus;s__equi	match	6	0.666666666667	0.194366197183	0.300981461287
B1-REF	6	2	rdp	1.0	k__Bacteria;p__Proteobacteria;c__Alphaproteobacteria	k__Bacteria;p__Proteobacteria;c__Alphaproteobacteria;o__Rhodobacterales;f__Rhodobacteraceae;g__Oceanicola;s__granulosus	underclassification	3	0.666666666667	0.194366197183	0.300981461287
B1-REF	6	2	rdp	1.0	k__Bacteria;p__Proteobacteria;c__Alphaproteobacteria;o__Rhodobacterales;f__Rhodobacteraceae	k__Bacteria;p__Proteobacteria;c__Alphaproteobacteria;o__Rhodobacterales;f__Rhodobacteraceae;g__Octadecabacter;s__orientus	underclassification	5	0.666666666667	0.194366197183	0.300981461287
B1-REF	6	2	rdp	1.0	k__Bacteria;p__Firmicutes;c__Clostridia;o__Clostridiales;f__Lachnospiraceae;g__Clostridium;s__piliforme	k__Bacteria;p__Firmicutes;c__Clostridia;o__Clostridiales;f__Lachnospiraceae;g__Clostridium;s__colinum	overclassification	6	0.666666666667	0.194366197183	0.300981461287
B1-REF	6	2	rdp	1.0	k__Bacteria;p__Tenericutes;c__Mollicutes	k__Bacteria;p__Tenericutes;c__Mollicutes;o__Acholeplasmatales;f__Acholeplasmataceae;g__Acholeplasma;s__laidlawii	underclassification	3	0.666666666667	0.194366197183	0.300981461287
B1-REF	6	2	rdp	1.0	k__Bacteria;p__Firmicutes;c__Erysipelotrichi;o__Erysipelotrichales;f__Erysipelotrichaceae;g__Clostridium	k__Bacteria;p__Firmicutes;c__Erysipelotrichi;o__Erysipelotrichales;f__Erysipelotrichaceae;g__Clostridium;s__cocleatum	match	6	0.666666666667	0.194366197183	0.300981461287
B1-REF	6	2	rdp	1.0	k__Bacteria;p__Tenericutes;c__Mollicutes;o__Mycoplasmatales;f__Mycoplasmataceae;g__Mycoplasma;s__alvi	k__Bacteria;p__Tenericutes;c__Mollicutes;o__Mycoplasmatales;f__Mycoplasmataceae;g__Mycoplasma;s__pirum	overclassification	6	0.666666666667	0.194366197183	0.300981461287
B1-REF	6	2	rdp	1.0	k__Bacteria;p__Firmicutes;c__Bacilli;o__Bacillales;f__Bacillaceae	k__Bacteria;p__Firmicutes;c__Bacilli;o__Bacillales;f__Bacillaceae;g__Bacillus;s__coagulans	underclassification	5	0.666666666667	0.194366197183	0.300981461287
B1-REF	6	2	rdp	1.0	k__Bacteria;p__Actinobacteria;c__Actinobacteria;o__Actinomycetales;f__Streptomycetaceae;g__Streptomyces	k__Bacteria;p__Actinobacteria;c__Actinobacteria;o__Actinomycetales;f__Streptomycetaceae;g__Streptomyces;s__clavuligerus	match	6	0.666666666667	0.194366197183	0.300981461287
B1-REF	6	2	rdp	1.0	k__Bacteria;p__Actinobacteria;c__Actinobacteria;o__Actinomycetales;f__Microbacteriaceae	k__Bacteria;p__Actinobacteria;c__Actinobacteria;o__Actinomycetales;f__Microbacteriaceae;g__Cryocola;s__antiquus	underclassification	5	0.666666666667	0.194366197183	0.300981461287
B1-REF	6	2	rdp	1.0	k__Bacteria;p__Firmicutes;c__Clostridia;o__Clostridiales;f__Clostridiaceae;g__Clostridium	k__Bacteria;p__Firmicutes;c__Clostridia;o__Clostridiales;f__Clostridiaceae;g__Clostridium;s__tyrobutyricum	match	6	0.666666666667	0.194366197183	0.300981461287
B1-REF	6	2	rdp	1.0	k__Bacteria;p__Bacteroidetes	k__Bacteria;p__Bacteroidetes;c__Flavobacteriia;o__Flavobacteriales;f__Flavobacteriaceae;g__Flavobacterium;s__gelidilacus	underclassification	2	0.666666666667	0.194366197183	0.300981461287
B1-REF	6	2	rdp	1.0	k__Archaea;p__Euryarchaeota;c__Methanobacteria;o__Methanobacteriales;f__Methanobacteriaceae	k__Archaea;p__Euryarchaeota;c__Methanobacteria;o__Methanobacteriales;f__Methanobacteriaceae;g__Methanothermobacter;s__thermautotrophicus	underclassification	5	0.666666666667	0.194366197183	0.300981461287
B1-REF	6	2	rdp	1.0	k__Bacteria;p__Proteobacteria;c__Gammaproteobacteria;o__Enterobacteriales;f__Enterobacteriaceae	k__Bacteria;p__Proteobacteria;c__Gammaproteobacteria;o__Enterobacteriales;f__Enterobacteriaceae;g__Xenorhabdus;s__cabanillasii	underclassification	5	0.666666666667	0.194366197183	0.300981461287
B1-REF	6	2	rdp	1.0	k__Bacteria;p__Actinobacteria;c__Actinobacteria;o__Actinomycetales;f__Streptomycetaceae;g__Streptomyces	k__Bacteria;p__Actinobacteria;c__Actinobacteria;o__Actinomycetales;f__Streptomycetaceae;g__Streptomyces;s__tsukubaensis	match	6	0.666666666667	0.194366197183	0.300981461287
B1-REF	6	2	rdp	1.0	k__Bacteria;p__Proteobacteria;c__Gammaproteobacteria;o__Alteromonadales;f__Alteromonadaceae;g__Microbulbifer	k__Bacteria;p__Proteobacteria;c__Gammaproteobacteria;o__Alteromonadales;f__Alteromonadaceae;g__Microbulbifer;s__elongatus	match	6	0.666666666667	0.194366197183	0.300981461287
B1-REF	6	2	rdp	1.0	k__Bacteria;p__Proteobacteria;c__Gammaproteobacteria;o__Enterobacteriales;f__Enterobacteriaceae	k__Bacteria;p__Proteobacteria;c__Gammaproteobacteria;o__Enterobacteriales;f__Enterobacteriaceae;g__Raoultella;s__terrigena	underclassification	5	0.666666666667	0.194366197183	0.300981461287
B1-REF	6	2	rdp	1.0	k__Bacteria;p__Proteobacteria;c__Gammaproteobacteria;o__Aeromonadales;f__Aeromonadaceae;g__Aeromonas;s__veronii	k__Bacteria;p__Proteobacteria;c__Gammaproteobacteria;o__Aeromonadales;f__Aeromonadaceae;g__Aeromonas;s__veronii bv. sobria	overclassification	6	0.666666666667	0.194366197183	0.300981461287
B1-REF	6	2	rdp	1.0	k__Bacteria;p__Proteobacteria;c__Gammaproteobacteria;o__Enterobacteriales;f__Enterobacteriaceae	k__Bacteria;p__Proteobacteria;c__Gammaproteobacteria;o__Enterobacteriales;f__Enterobacteriaceae;g__Xenorhabdus;s__kozodoii	underclassification	5	0.666666666667	0.194366197183	0.300981461287
B1-REF	6	2	rdp	1.0	k__Bacteria;p__Tenericutes;c__Mollicutes;o__Mycoplasmatales;f__Mycoplasmataceae;g__Mycoplasma	k__Bacteria;p__Tenericutes;c__Mollicutes;o__Mycoplasmatales;f__Mycoplasmataceae;g__Mycoplasma;s__iowae	match	6	0.666666666667	0.194366197183	0.300981461287
B1-REF	6	2	rdp	1.0	k__Bacteria;p__Proteobacteria	k__Bacteria;p__Proteobacteria;c__Deltaproteobacteria;o__Desulfovibrionales;f__Desulfovibrionaceae;g__Desulfovibrio;s__vulgaris	underclassification	2	0.666666666667	0.194366197183	0.300981461287
B1-REF	6	2	rdp	1.0	k__Bacteria;p__Proteobacteria;c__Betaproteobacteria	k__Bacteria;p__Proteobacteria;c__Betaproteobacteria;o__Burkholderiales;f__Burkholderiaceae;g__Burkholderia;s__andropogonis	underclassification	3	0.666666666667	0.194366197183	0.300981461287
B1-REF	6	2	rdp	1.0	k__Bacteria;p__Firmicutes;c__Bacilli;o__Bacillales;f__Alicyclobacillaceae;g__Alicyclobacillus	k__Bacteria;p__Firmicutes;c__Bacilli;o__Bacillales;f__Alicyclobacillaceae;g__Alicyclobacillus;s__acidocaldarius	match	6	0.666666666667	0.194366197183	0.300981461287
B1-REF	6	2	rdp	1.0	k__Bacteria;p__Firmicutes;c__Clostridia;o__Clostridiales;f__Lachnospiraceae	k__Bacteria;p__Firmicutes;c__Clostridia;o__Clostridiales;f__Lachnospiraceae;g__Blautia;s__obeum	underclassification	5	0.666666666667	0.194366197183	0.300981461287
B1-REF	6	2	rdp	1.0	k__Bacteria;p__Firmicutes;c__Clostridia;o__Clostridiales;f__Clostridiaceae;g__Clostridium	k__Bacteria;p__Firmicutes;c__Clostridia;o__Clostridiales;f__Clostridiaceae;g__Clostridium;s__ljungdahlii	match	6	0.666666666667	0.194366197183	0.300981461287
B1-REF	6	2	rdp	1.0	k__Bacteria;p__Actinobacteria;c__Actinobacteria;o__Actinomycetales;f__Streptomycetaceae;g__Streptomyces	k__Bacteria;p__Actinobacteria;c__Actinobacteria;o__Actinomycetales;f__Streptomycetaceae;g__Streptomyces;s__roseoviridis	match	6	0.666666666667	0.194366197183	0.300981461287
B1-REF	6	2	rdp	1.0	k__Bacteria	k__Bacteria;p__Firmicutes;c__Clostridia;o__Clostridiales;f__Ruminococcaceae;g__Ruminococcus;s__albus	underclassification	1	0.666666666667	0.194366197183	0.300981461287
B1-REF	6	2	rdp	1.0	k__Bacteria;p__Actinobacteria;c__Actinobacteria;o__Actinomycetales;f__Streptomycetaceae;g__Streptomyces	k__Bacteria;p__Actinobacteria;c__Actinobacteria;o__Actinomycetales;f__Streptomycetaceae;g__Streptomyces;s__olivoverticillatus	match	6	0.666666666667	0.194366197183	0.300981461287
B1-REF	6	2	rdp	1.0	k__Bacteria;p__Cyanobacteria;c__Nostocophycideae;o__Nostocales;f__Nostocaceae	k__Bacteria;p__Cyanobacteria;c__Nostocophycideae;o__Nostocales;f__Nostocaceae;g__Scytonema;s__crispum	underclassification	5	0.666666666667	0.194366197183	0.300981461287
B1-REF	6	2	rdp	1.0	k__Bacteria;p__Actinobacteria;c__Actinobacteria;o__Actinomycetales;f__Micrococcaceae;g__Arthrobacter	k__Bacteria;p__Actinobacteria;c__Actinobacteria;o__Actinomycetales;f__Micrococcaceae;g__Arthrobacter;s__polychromogenes	match	6	0.666666666667	0.194366197183	0.300981461287
B1-REF	6	2	rdp	1.0	k__Bacteria;p__Proteobacteria;c__Alphaproteobacteria;o__Rickettsiales;f__mitochondria;g__Acorus;s__gramineus	k__Bacteria;p__Proteobacteria;c__Alphaproteobacteria;o__Rickettsiales;f__mitochondria;g__Acorus;s__calamus	overclassification	6	0.666666666667	0.194366197183	0.300981461287
B1-REF	6	2	rdp	1.0	k__Bacteria;p__Proteobacteria;c__Alphaproteobacteria;o__Rhizobiales;f__Hyphomicrobiaceae	k__Bacteria;p__Proteobacteria;c__Alphaproteobacteria;o__Rhizobiales;f__Hyphomicrobiaceae;g__Stappia;s__conradae	underclassification	5	0.666666666667	0.194366197183	0.300981461287
B1-REF	6	2	rdp	1.0	k__Bacteria;p__Actinobacteria;c__Actinobacteria;o__Actinomycetales;f__Streptomycetaceae	k__Bacteria;p__Actinobacteria;c__Actinobacteria;o__Actinomycetales;f__Streptomycetaceae;g__Streptomyces;s__mirabilis	underclassification	5	0.666666666667	0.194366197183	0.300981461287
B1-REF	6	2	rdp	1.0	k__Bacteria;p__Proteobacteria;c__Gammaproteobacteria;o__Pseudomonadales;f__Moraxellaceae;g__Psychrobacter	k__Bacteria;p__Proteobacteria;c__Gammaproteobacteria;o__Pseudomonadales;f__Moraxellaceae;g__Psychrobacter;s__pacificensis	match	6	0.666666666667	0.194366197183	0.300981461287
B1-REF	6	2	rdp	1.0	k__Bacteria;p__Proteobacteria	k__Bacteria;p__Proteobacteria;c__Betaproteobacteria;o__Nitrosomonadales;f__Nitrosomonadaceae;g__Nitrosomonas;s__marina	underclassification	2	0.666666666667	0.194366197183	0.300981461287
B1-REF	6	2	rdp	1.0	k__Bacteria;p__Cyanobacteria;c__Synechococcophycideae;o__Pseudanabaenales;f__Pseudanabaenaceae	k__Bacteria;p__Cyanobacteria;c__Synechococcophycideae;o__Pseudanabaenales;f__Pseudanabaenaceae;g__Leptolyngbya;s__antarctica	underclassification	5	0.666666666667	0.194366197183	0.300981461287
B1-REF	6	2	rdp	1.0	k__Bacteria;p__Proteobacteria;c__Alphaproteobacteria	k__Bacteria;p__Proteobacteria;c__Alphaproteobacteria;o__Rhizobiales;f__Bartonellaceae;g__Bartonella;s__bacilliformis	underclassification	3	0.666666666667	0.194366197183	0.300981461287
B1-REF	6	2	rdp	1.0	k__Bacteria;p__Cyanobacteria;c__Nostocophycideae;o__Nostocales;f__Nostocaceae	k__Bacteria;p__Cyanobacteria;c__Nostocophycideae;o__Nostocales;f__Nostocaceae;g__Nostoc;s__verrucosum	underclassification	5	0.666666666667	0.194366197183	0.300981461287
B1-REF	6	2	rdp	1.0	k__Bacteria;p__Actinobacteria;c__Actinobacteria;o__Actinomycetales;f__Micrococcaceae	k__Bacteria;p__Actinobacteria;c__Actinobacteria;o__Actinomycetales;f__Micrococcaceae;g__Arthrobacter;s__sulfureus	underclassification	5	0.666666666667	0.194366197183	0.300981461287
B1-REF	6	2	rdp	1.0	k__Archaea;p__Crenarchaeota;c__Thaumarchaeota	k__Archaea;p__Crenarchaeota;c__Thaumarchaeota;o__Nitrososphaerales;f__Nitrososphaeraceae;g__Candidatus Nitrososphaera;s__gargensis	underclassification	3	0.666666666667	0.194366197183	0.300981461287
B1-REF	6	2	rdp	1.0	k__Archaea;p__Euryarchaeota;c__Halobacteria;o__Halobacteriales;f__Halobacteriaceae	k__Archaea;p__Euryarchaeota;c__Halobacteria;o__Halobacteriales;f__Halobacteriaceae;g__Haloterrigena;s__gari	underclassification	5	0.666666666667	0.194366197183	0.300981461287
B1-REF	6	2	rdp	1.0	k__Bacteria;p__Planctomycetes;c__Planctomycetia;o__Pirellulales;f__Pirellulaceae;g__planctomycete;s__DWL3I2	k__Bacteria;p__Planctomycetes;c__Planctomycetia;o__Pirellulales;f__Pirellulaceae;g__planctomycete;s__MSF146	overclassification	6	0.666666666667	0.194366197183	0.300981461287
B1-REF	6	2	rdp	1.0	k__Bacteria;p__Firmicutes;c__Bacilli;o__Lactobacillales;f__Leuconostocaceae;g__Oenococcus;s__kitaharae	k__Bacteria;p__Firmicutes;c__Bacilli;o__Lactobacillales;f__Leuconostocaceae;g__Oenococcus;s__oeni	overclassification	6	0.666666666667	0.194366197183	0.300981461287
B1-REF	6	2	rdp	1.0	k__Bacteria;p__Proteobacteria;c__Gammaproteobacteria	k__Bacteria;p__Proteobacteria;c__Gammaproteobacteria;o__Pseudomonadales;f__Pseudomonadaceae;g__Pseudomonas;s__fragi	underclassification	3	0.666666666667	0.194366197183	0.300981461287
B1-REF	6	2	rdp	1.0	k__Bacteria	k__Bacteria;p__Firmicutes;c__Clostridia;o__Clostridiales;f__Ruminococcaceae;g__Clostridium;s__islandicum	underclassification	1	0.666666666667	0.194366197183	0.300981461287
B1-REF	6	2	rdp	1.0	k__Bacteria;p__Actinobacteria;c__Actinobacteria;o__Actinomycetales;f__Micrococcaceae	k__Bacteria;p__Actinobacteria;c__Actinobacteria;o__Actinomycetales;f__Micrococcaceae;g__Arthrobacter;s__agilis	underclassification	5	0.666666666667	0.194366197183	0.300981461287
B1-REF	6	2	rdp	1.0	k__Bacteria;p__Actinobacteria;c__Actinobacteria;o__Actinomycetales	k__Bacteria;p__Actinobacteria;c__Actinobacteria;o__Actinomycetales;f__Micrococcaceae;g__Rothia;s__amarae	underclassification	4	0.666666666667	0.194366197183	0.300981461287
B1-REF	6	2	rdp	1.0	k__Bacteria	k__Bacteria;p__Proteobacteria;c__Deltaproteobacteria;o__Desulfovibrionales;f__Desulfovibrionaceae;g__Desulfovibrio;s__capillatus	underclassification	1	0.666666666667	0.194366197183	0.300981461287
B1-REF	6	2	rdp	1.0	k__Bacteria;p__Cyanobacteria;c__Nostocophycideae;o__Nostocales;f__Nostocaceae	k__Bacteria;p__Cyanobacteria;c__Nostocophycideae;o__Nostocales;f__Nostocaceae;g__Anabaena;s__ucrainica	underclassification	5	0.666666666667	0.194366197183	0.300981461287
B1-REF	6	2	rdp	1.0	k__Bacteria;p__Actinobacteria;c__Actinobacteria;o__Actinomycetales;f__Nocardiopsaceae	k__Bacteria;p__Actinobacteria;c__Actinobacteria;o__Actinomycetales;f__Nocardiopsaceae;g__Nocardiopsis;s__lucentensis	underclassification	5	0.666666666667	0.194366197183	0.300981461287
B1-REF	6	2	rdp	1.0	k__Bacteria;p__Proteobacteria;c__Alphaproteobacteria;o__Rickettsiales;f__mitochondria;g__Acanthamoeba	k__Bacteria;p__Proteobacteria;c__Alphaproteobacteria;o__Rickettsiales;f__mitochondria;g__Acanthamoeba;s__palestinensis	match	6	0.666666666667	0.194366197183	0.300981461287
B1-REF	6	2	rdp	1.0	k__Bacteria;p__Proteobacteria;c__Alphaproteobacteria;o__Rickettsiales;f__mitochondria;g__Acanthamoeba	k__Bacteria;p__Proteobacteria;c__Alphaproteobacteria;o__Rickettsiales;f__mitochondria;g__Acanthamoeba;s__castellanii	match	6	0.666666666667	0.194366197183	0.300981461287
B1-REF	6	2	rdp	1.0	k__Bacteria;p__Cyanobacteria;c__Oscillatoriophycideae;o__Oscillatoriales;f__Phormidiaceae;g__Lyngbya	k__Bacteria;p__Cyanobacteria;c__Oscillatoriophycideae;o__Oscillatoriales;f__Phormidiaceae;g__Lyngbya;s__hieronymusii	match	6	0.666666666667	0.194366197183	0.300981461287
B1-REF	6	2	rdp	1.0	k__Bacteria;p__Proteobacteria;c__Alphaproteobacteria	k__Bacteria;p__Proteobacteria;c__Alphaproteobacteria;o__Sphingomonadales;f__Erythrobacteraceae;g__Erythrobacter;s__mathurensis	underclassification	3	0.666666666667	0.194366197183	0.300981461287
B1-REF	6	2	rdp	1.0	k__Bacteria;p__Firmicutes;c__Clostridia;o__Clostridiales	k__Bacteria;p__Firmicutes;c__Clostridia;o__Clostridiales;f__Lachnospiraceae;g__Clostridium;s__hathewayi	underclassification	4	0.666666666667	0.194366197183	0.300981461287
B1-REF	6	2	rdp	1.0	k__Bacteria;p__Proteobacteria;c__Gammaproteobacteria;o__Enterobacteriales;f__Enterobacteriaceae	k__Bacteria;p__Proteobacteria;c__Gammaproteobacteria;o__Enterobacteriales;f__Enterobacteriaceae;g__Shigella;s__sonnei	underclassification	5	0.666666666667	0.194366197183	0.300981461287
B1-REF	6	2	rdp	1.0	k__Archaea;p__Euryarchaeota;c__Halobacteria;o__Halobacteriales;f__Halobacteriaceae	k__Archaea;p__Euryarchaeota;c__Halobacteria;o__Halobacteriales;f__Halobacteriaceae;g__Halobacteriaceae;s__XD48	underclassification	5	0.666666666667	0.194366197183	0.300981461287
B1-REF	6	2	rdp	1.0	k__Bacteria;p__Proteobacteria;c__Gammaproteobacteria;o__Enterobacteriales;f__Enterobacteriaceae	k__Bacteria;p__Proteobacteria;c__Gammaproteobacteria;o__Enterobacteriales;f__Enterobacteriaceae;g__Pantoea;s__dispersa	underclassification	5	0.666666666667	0.194366197183	0.300981461287
B1-REF	6	2	rdp	1.0	k__Bacteria;p__Proteobacteria;c__Betaproteobacteria	k__Bacteria;p__Proteobacteria;c__Betaproteobacteria;o__Burkholderiales;f__Oxalobacteraceae;g__Herminiimonas;s__arsenicoxydans	underclassification	3	0.666666666667	0.194366197183	0.300981461287
B1-REF	6	2	rdp	1.0	k__Bacteria;p__Bacteroidetes;c__Bacteroidia;o__Bacteroidales	k__Bacteria;p__Bacteroidetes;c__Bacteroidia;o__Bacteroidales;f__Bacteroidaceae;g__Bacteroides;s__ovatus	underclassification	4	0.666666666667	0.194366197183	0.300981461287
B1-REF	6	2	rdp	1.0	k__Bacteria;p__Firmicutes;c__Bacilli;o__Bacillales;f__Alicyclobacillaceae;g__Alicyclobacillus	k__Bacteria;p__Firmicutes;c__Bacilli;o__Bacillales;f__Alicyclobacillaceae;g__Alicyclobacillus;s__sendaiensis	match	6	0.666666666667	0.194366197183	0.300981461287
B1-REF	6	2	rdp	1.0	k__Archaea;p__Euryarchaeota;c__Halobacteria;o__Halobacteriales;f__Halobacteriaceae	k__Archaea;p__Euryarchaeota;c__Halobacteria;o__Halobacteriales;f__Halobacteriaceae;g__Natrialba;s__aegyptia	underclassification	5	0.666666666667	0.194366197183	0.300981461287
B1-REF	6	2	rdp	1.0	k__Bacteria;p__Proteobacteria;c__Alphaproteobacteria;o__Rhodobacterales;f__Rhodobacteraceae	k__Bacteria;p__Proteobacteria;c__Alphaproteobacteria;o__Rhodobacterales;f__Rhodobacteraceae;g__Sulfitobacter;s__guttiformis	underclassification	5	0.666666666667	0.194366197183	0.300981461287
B1-REF	6	2	rdp	1.0	k__Bacteria;p__Firmicutes;c__Bacilli;o__Bacillales;f__Alicyclobacillaceae;g__Alicyclobacillus;s__shizuokensis	k__Bacteria;p__Firmicutes;c__Bacilli;o__Bacillales;f__Alicyclobacillaceae;g__Alicyclobacillus;s__kakegawensis	overclassification	6	0.666666666667	0.194366197183	0.300981461287
B1-REF	6	2	rdp	1.0	k__Bacteria;p__Proteobacteria	k__Bacteria;p__Proteobacteria;c__Deltaproteobacteria;o__Desulfovibrionales;f__Desulfovibrionaceae;g__Desulfovibrio;s__aminophilus	underclassification	2	0.666666666667	0.194366197183	0.300981461287
B1-REF	6	2	rdp	1.0	k__Bacteria;p__Proteobacteria;c__Betaproteobacteria	k__Bacteria;p__Proteobacteria;c__Betaproteobacteria;o__Burkholderiales;f__Oxalobacteraceae;g__Duganella;s__nigrescens	underclassification	3	0.666666666667	0.194366197183	0.300981461287
B1-REF	6	2	rdp	1.0	k__Bacteria;p__Bacteroidetes;c__Flavobacteriia;o__Flavobacteriales;f__Flavobacteriaceae	k__Bacteria;p__Bacteroidetes;c__Flavobacteriia;o__Flavobacteriales;f__Flavobacteriaceae;g__Tenacibaculum;s__maritimum	underclassification	5	0.666666666667	0.194366197183	0.300981461287
B1-REF	6	2	rdp	1.0	k__Bacteria;p__Proteobacteria;c__Gammaproteobacteria;o__Enterobacteriales;f__Enterobacteriaceae	k__Bacteria;p__Proteobacteria;c__Gammaproteobacteria;o__Enterobacteriales;f__Enterobacteriaceae;g__Trabulsiella;s__guamensis	underclassification	5	0.666666666667	0.194366197183	0.300981461287
B1-REF	6	2	rdp	1.0	k__Bacteria;p__Proteobacteria;c__Alphaproteobacteria;o__Rhodospirillales;f__Rhodospirillaceae;g__Thalassobaculum;s__litoreum	k__Bacteria;p__Proteobacteria;c__Alphaproteobacteria;o__Rhodospirillales;f__Rhodospirillaceae;g__Thalassobaculum;s__salexigens	overclassification	6	0.666666666667	0.194366197183	0.300981461287
B1-REF	6	2	rdp	1.0	k__Bacteria;p__Proteobacteria;c__Gammaproteobacteria;o__Legionellales;f__Legionellaceae	k__Bacteria;p__Proteobacteria;c__Gammaproteobacteria;o__Legionellales;f__Legionellaceae;g__Legionella;s__dresdenensis	underclassification	5	0.666666666667	0.194366197183	0.300981461287
B1-REF	6	2	rdp	1.0	k__Bacteria;p__Proteobacteria;c__Alphaproteobacteria	k__Bacteria;p__Proteobacteria;c__Alphaproteobacteria;o__Sphingomonadales;f__Sphingomonadaceae;g__Sphingomonas;s__wittichii	underclassification	3	0.666666666667	0.194366197183	0.300981461287
B1-REF	6	2	rdp	1.0	k__Bacteria;p__Acidobacteria;c__Acidobacteriia;o__Acidobacteriales;f__Acidobacteriaceae	k__Bacteria;p__Acidobacteria;c__Acidobacteriia;o__Acidobacteriales;f__Acidobacteriaceae;g__Granulicella;s__paludicola	underclassification	5	0.666666666667	0.194366197183	0.300981461287
B1-REF	6	2	rdp	1.0	k__Bacteria;p__Proteobacteria;c__Gammaproteobacteria;o__Enterobacteriales;f__Enterobacteriaceae	k__Bacteria;p__Proteobacteria;c__Gammaproteobacteria;o__Enterobacteriales;f__Enterobacteriaceae;g__Arsenophonus;s__arthropodicus	underclassification	5	0.666666666667	0.194366197183	0.300981461287
B1-REF	6	2	rdp	1.0	k__Bacteria;p__Actinobacteria;c__Actinobacteria;o__Actinomycetales;f__Micrococcaceae;g__Arthrobacter	k__Bacteria;p__Actinobacteria;c__Actinobacteria;o__Actinomycetales;f__Micrococcaceae;g__Arthrobacter;s__niigatensis	match	6	0.666666666667	0.194366197183	0.300981461287
B1-REF	6	2	rdp	1.0	k__Bacteria;p__Actinobacteria;c__Actinobacteria;o__Actinomycetales;f__Streptomycetaceae;g__Streptomyces	k__Bacteria;p__Actinobacteria;c__Actinobacteria;o__Actinomycetales;f__Streptomycetaceae;g__Streptomyces;s__showdoensis	match	6	0.666666666667	0.194366197183	0.300981461287
B1-REF	6	2	rdp	1.0	k__Bacteria;p__Firmicutes;c__Bacilli;o__Lactobacillales;f__Lactobacillaceae	k__Bacteria;p__Firmicutes;c__Bacilli;o__Lactobacillales;f__Lactobacillaceae;g__Lactobacillus;s__manihotivorans	underclassification	5	0.666666666667	0.194366197183	0.300981461287
B1-REF	6	2	rdp	1.0	k__Archaea;p__Crenarchaeota;c__Thermoprotei;o__Sulfolobales;f__Sulfolobaceae;g__Sulfolobus;s__yangmingensis	k__Archaea;p__Crenarchaeota;c__Thermoprotei;o__Sulfolobales;f__Sulfolobaceae;g__Sulfolobus;s__vallisabyssus	overclassification	6	0.666666666667	0.194366197183	0.300981461287
B1-REF	6	2	rdp	1.0	k__Bacteria;p__Proteobacteria;c__Gammaproteobacteria;o__Enterobacteriales;f__Enterobacteriaceae	k__Bacteria;p__Proteobacteria;c__Gammaproteobacteria;o__Enterobacteriales;f__Enterobacteriaceae;g__Enterobacter;s__pulveris	underclassification	5	0.666666666667	0.194366197183	0.300981461287
B1-REF	6	2	rdp	1.0	k__Bacteria;p__Actinobacteria;c__Actinobacteria;o__Actinomycetales	k__Bacteria;p__Actinobacteria;c__Actinobacteria;o__Actinomycetales;f__Micromonosporaceae;g__Micromonospora;s__pattaloongensis	underclassification	4	0.666666666667	0.194366197183	0.300981461287
B1-REF	6	2	rdp	1.0	k__Bacteria	k__Bacteria;p__Firmicutes;c__Bacilli;o__Bacillales;f__Bacillaceae;g__Bacillus;s__pseudofirmus	underclassification	1	0.666666666667	0.194366197183	0.300981461287
B1-REF	6	2	rdp	1.0	k__Bacteria	k__Bacteria;p__Bacteroidetes;c__Bacteroidia;o__Bacteroidales;f__Bacteroidaceae;g__Bacteroides;s__fragilis	underclassification	1	0.666666666667	0.194366197183	0.300981461287
B1-REF	6	2	rdp	1.0	k__Bacteria;p__Proteobacteria;c__Gammaproteobacteria	k__Bacteria;p__Proteobacteria;c__Gammaproteobacteria;o__Pseudomonadales;f__Pseudomonadaceae;g__Pseudomonas;s__umsongensis	underclassification	3	0.666666666667	0.194366197183	0.300981461287
B1-REF	6	2	rdp	1.0	k__Bacteria;p__Firmicutes;c__Clostridia;o__Clostridiales;f__Veillonellaceae	k__Bacteria;p__Firmicutes;c__Clostridia;o__Clostridiales;f__Veillonellaceae;g__Selenomonas;s__lacticifex	underclassification	5	0.666666666667	0.194366197183	0.300981461287
B1-REF	6	2	rdp	1.0	k__Bacteria;p__Actinobacteria;c__Actinobacteria;o__Actinomycetales;f__Nocardiopsaceae	k__Bacteria;p__Actinobacteria;c__Actinobacteria;o__Actinomycetales;f__Nocardiopsaceae;g__Nocardiopsis;s__kunsanensis	underclassification	5	0.666666666667	0.194366197183	0.300981461287
B1-REF	6	2	rdp	1.0	k__Bacteria;p__Proteobacteria;c__Alphaproteobacteria	k__Bacteria;p__Proteobacteria;c__Alphaproteobacteria;o__Rhizobiales;f__Hyphomicrobiaceae;g__Pseudovibrio;s__axinellae	underclassification	3	0.666666666667	0.194366197183	0.300981461287
B1-REF	6	2	rdp	1.0	k__Bacteria;p__Firmicutes;c__Bacilli;o__Lactobacillales;f__Leuconostocaceae;g__Weissella	k__Bacteria;p__Firmicutes;c__Bacilli;o__Lactobacillales;f__Leuconostocaceae;g__Weissella;s__cibaria	match	6	0.666666666667	0.194366197183	0.300981461287
B1-REF	6	2	rdp	1.0	k__Bacteria;p__Proteobacteria;c__Gammaproteobacteria;o__Xanthomonadales;f__Xanthomonadaceae	k__Bacteria;p__Proteobacteria;c__Gammaproteobacteria;o__Xanthomonadales;f__Xanthomonadaceae;g__Dyella;s__ginsengisoli	underclassification	5	0.666666666667	0.194366197183	0.300981461287
B1-REF	6	2	rdp	1.0	k__Bacteria;p__Firmicutes;c__Bacilli;o__Bacillales;f__Alicyclobacillaceae;g__Alicyclobacillus	k__Bacteria;p__Firmicutes;c__Bacilli;o__Bacillales;f__Alicyclobacillaceae;g__Alicyclobacillus;s__ferripilum	match	6	0.666666666667	0.194366197183	0.300981461287
B1-REF	6	2	rdp	1.0	k__Bacteria;p__Aquificae;c__Aquificae;o__Aquificales;f__Aquificaceae;g__Hydrogenobacter;s__hydrogenophilus	k__Bacteria;p__Aquificae;c__Aquificae;o__Aquificales;f__Aquificaceae;g__Hydrogenobacter;s__thermophilus	overclassification	6	0.666666666667	0.194366197183	0.300981461287
B1-REF	6	2	rdp	1.0	k__Bacteria;p__Proteobacteria;c__Gammaproteobacteria;o__Vibrionales	k__Bacteria;p__Proteobacteria;c__Gammaproteobacteria;o__Vibrionales;f__Vibrionaceae;g__Vibrio;s__tapetis	underclassification	4	0.666666666667	0.194366197183	0.300981461287
B1-REF	6	2	rdp	1.0	k__Bacteria;p__Actinobacteria;c__Actinobacteria;o__Actinomycetales;f__Nocardioidaceae;g__Nocardioides	k__Bacteria;p__Actinobacteria;c__Actinobacteria;o__Actinomycetales;f__Nocardioidaceae;g__Nocardioides;s__oleivorans	match	6	0.666666666667	0.194366197183	0.300981461287
B1-REF	6	2	rdp	1.0	k__Bacteria;p__Nitrospirae;c__Nitrospira;o__Nitrospirales;f__Leptospirillaceae;g__Leptospirillum;s__ferrodiazotrophum	k__Bacteria;p__Nitrospirae;c__Nitrospira;o__Nitrospirales;f__Leptospirillaceae;g__Leptospirillum;s__ferrooxidans	overclassification	6	0.666666666667	0.194366197183	0.300981461287
B1-REF	6	2	rdp	1.0	k__Bacteria;p__Firmicutes;c__Bacilli;o__Bacillales	k__Bacteria;p__Firmicutes;c__Bacilli;o__Bacillales;f__Bacillaceae;g__Bacillus;s__foraminis	underclassification	4	0.666666666667	0.194366197183	0.300981461287
B1-REF	6	2	rdp	1.0	k__Bacteria;p__Proteobacteria;c__Gammaproteobacteria	k__Bacteria;p__Proteobacteria;c__Gammaproteobacteria;o__Vibrionales;f__Pseudoalteromonadaceae;g__Vibrio;s__cholerae	underclassification	3	0.666666666667	0.194366197183	0.300981461287
B1-REF	6	2	rdp	1.0	k__Bacteria;p__Proteobacteria;c__Gammaproteobacteria;o__Enterobacteriales;f__Enterobacteriaceae	k__Bacteria;p__Proteobacteria;c__Gammaproteobacteria;o__Enterobacteriales;f__Enterobacteriaceae;g__Tatumella;s__saanichensis	underclassification	5	0.666666666667	0.194366197183	0.300981461287
B1-REF	6	2	rdp	1.0	k__Bacteria;p__Proteobacteria;c__Alphaproteobacteria;o__Rickettsiales;f__mitochondria;g__Plantago;s__rigida	k__Bacteria;p__Proteobacteria;c__Alphaproteobacteria;o__Rickettsiales;f__mitochondria;g__Plantago;s__australis	overclassification	6	0.666666666667	0.194366197183	0.300981461287
B1-REF	6	2	rdp	1.0	k__Bacteria;p__Proteobacteria;c__Gammaproteobacteria;o__Enterobacteriales;f__Enterobacteriaceae	k__Bacteria;p__Proteobacteria;c__Gammaproteobacteria;o__Enterobacteriales;f__Enterobacteriaceae;g__Shigella;s__dysenteriae	underclassification	5	0.666666666667	0.194366197183	0.300981461287
B1-REF	6	2	rdp	1.0	k__Bacteria	k__Bacteria;p__Firmicutes;c__Bacilli;o__Bacillales;f__Paenibacillaceae;g__Paenibacillus;s__alvei	underclassification	1	0.666666666667	0.194366197183	0.300981461287
B1-REF	6	2	rdp	1.0	k__Bacteria;p__Bacteroidetes;c__Flavobacteriia;o__Flavobacteriales;f__Flavobacteriaceae;g__Flavobacterium	k__Bacteria;p__Bacteroidetes;c__Flavobacteriia;o__Flavobacteriales;f__Flavobacteriaceae;g__Flavobacterium;s__succinicans	match	6	0.666666666667	0.194366197183	0.300981461287
B1-REF	6	2	rdp	1.0	k__Bacteria;p__Proteobacteria;c__Gammaproteobacteria;o__Vibrionales	k__Bacteria;p__Proteobacteria;c__Gammaproteobacteria;o__Vibrionales;f__Vibrionaceae;g__Vibrio;s__breoganii	underclassification	4	0.666666666667	0.194366197183	0.300981461287
B1-REF	6	2	rdp	1.0	k__Bacteria;p__Proteobacteria;c__Betaproteobacteria;o__Burkholderiales	k__Bacteria;p__Proteobacteria;c__Betaproteobacteria;o__Burkholderiales;f__Comamonadaceae;g__Brachymonas;s__denitrificans	underclassification	4	0.666666666667	0.194366197183	0.300981461287
B1-REF	6	2	rdp	1.0	k__Bacteria;p__Actinobacteria;c__Actinobacteria;o__Actinomycetales;f__Actinosynnemataceae	k__Bacteria;p__Actinobacteria;c__Actinobacteria;o__Actinomycetales;f__Actinosynnemataceae;g__Lentzea;s__violacea	underclassification	5	0.666666666667	0.194366197183	0.300981461287
B1-REF	6	2	rdp	1.0	k__Bacteria;p__Cyanobacteria;c__Chloroplast;o__Chlorophyta;f__Ulvophyceae	k__Bacteria;p__Cyanobacteria;c__Chloroplast;o__Chlorophyta;f__Ulvophyceae;g__Codium;s__fragile	underclassification	5	0.666666666667	0.194366197183	0.300981461287
B1-REF	6	2	rdp	1.0	k__Bacteria;p__Firmicutes;c__Bacilli	k__Bacteria;p__Firmicutes;c__Bacilli;o__Bacillales;f__Bacillaceae;g__Bacillus;s__badius	underclassification	3	0.666666666667	0.194366197183	0.300981461287
B1-REF	6	2	rdp	1.0	k__Bacteria;p__Chlorobi;c__Chlorobia;o__Chlorobiales;f__Chlorobiaceae;g__Pelodictyon;s__luteolum	k__Bacteria;p__Chlorobi;c__Chlorobia;o__Chlorobiales;f__Chlorobiaceae;g__Chlorobium;s__phaeovibrioides	misclassification	5	0.666666666667	0.194366197183	0.300981461287
B1-REF	6	2	rdp	1.0	k__Bacteria;p__Actinobacteria;c__Actinobacteria;o__Actinomycetales;f__Streptomycetaceae;g__Streptomyces	k__Bacteria;p__Actinobacteria;c__Actinobacteria;o__Actinomycetales;f__Streptomycetaceae;g__Streptomyces;s__toxytricini	match	6	0.666666666667	0.194366197183	0.300981461287
B1-REF	6	2	rdp	1.0	k__Bacteria;p__Proteobacteria;c__Alphaproteobacteria;o__Rhodobacterales;f__Rhodobacteraceae	k__Bacteria;p__Proteobacteria;c__Alphaproteobacteria;o__Rhodobacterales;f__Rhodobacteraceae;g__Paracoccus;s__kawasakiensis	underclassification	5	0.666666666667	0.194366197183	0.300981461287
B1-REF	6	2	rdp	1.0	k__Bacteria;p__Actinobacteria;c__Actinobacteria;o__Actinomycetales	k__Bacteria;p__Actinobacteria;c__Actinobacteria;o__Actinomycetales;f__Actinosynnemataceae;g__Lechevalieria;s__aerocolonigenes	underclassification	4	0.666666666667	0.194366197183	0.300981461287
B1-REF	6	2	rdp	1.0	k__Bacteria;p__Proteobacteria;c__Alphaproteobacteria;o__Rhizobiales	k__Bacteria;p__Proteobacteria;c__Alphaproteobacteria;o__Rhizobiales;f__Aurantimonadaceae;g__Aurantimonas;s__altamirensis	underclassification	4	0.666666666667	0.194366197183	0.300981461287
B1-REF	6	2	rdp	1.0	k__Bacteria	k__Bacteria;p__Firmicutes;c__Clostridia;o__Clostridiales;f__Clostridiaceae;g__Clostridium;s__kluyveri	underclassification	1	0.666666666667	0.194366197183	0.300981461287
B1-REF	6	2	rdp	1.0	k__Bacteria;p__Actinobacteria;c__Actinobacteria;o__Actinomycetales;f__Propionibacteriaceae;g__Tessaracoccus;s__profundi	k__Bacteria;p__Actinobacteria;c__Actinobacteria;o__Actinomycetales;f__Propionibacteriaceae;g__Brooklawnia;s__massiliensis	misclassification	5	0.666666666667	0.194366197183	0.300981461287
B1-REF	6	2	rdp	1.0	k__Bacteria;p__Cyanobacteria;c__Nostocophycideae;o__Nostocales;f__Nostocaceae	k__Bacteria;p__Cyanobacteria;c__Nostocophycideae;o__Nostocales;f__Nostocaceae;g__Nodularia;s__harveyana	underclassification	5	0.666666666667	0.194366197183	0.300981461287
B1-REF	6	2	rdp	1.0	k__Bacteria;p__Proteobacteria;c__Gammaproteobacteria;o__Vibrionales	k__Bacteria;p__Proteobacteria;c__Gammaproteobacteria;o__Vibrionales;f__Vibrionaceae;g__Vibrio;s__shilonii	underclassification	4	0.666666666667	0.194366197183	0.300981461287
B1-REF	6	2	rdp	1.0	k__Bacteria;p__Proteobacteria;c__Gammaproteobacteria	k__Bacteria;p__Proteobacteria;c__Gammaproteobacteria;o__Alteromonadales;f__Shewanellaceae;g__Shewanella;s__algae	underclassification	3	0.666666666667	0.194366197183	0.300981461287
B1-REF	6	2	rdp	1.0	k__Bacteria;p__Proteobacteria;c__Betaproteobacteria;o__Burkholderiales;f__Alcaligenaceae	k__Bacteria;p__Proteobacteria;c__Betaproteobacteria;o__Burkholderiales;f__Alcaligenaceae;g__Taylorella;s__asinigenitalis	underclassification	5	0.666666666667	0.194366197183	0.300981461287
B1-REF	6	2	rdp	1.0	k__Bacteria;p__Proteobacteria;c__Alphaproteobacteria;o__Rickettsiales;f__mitochondria;g__Pelargonium;s__x hortorum	k__Bacteria;p__Proteobacteria;c__Alphaproteobacteria;o__Rickettsiales;f__mitochondria;g__Pelargonium;s__alchemilloides	overclassification	6	0.666666666667	0.194366197183	0.300981461287
B1-REF	6	2	rdp	1.0	k__Bacteria;p__Planctomycetes;c__Planctomycetia;o__Pirellulales;f__Pirellulaceae	k__Bacteria;p__Planctomycetes;c__Planctomycetia;o__Pirellulales;f__Pirellulaceae;g__planctomycete;s__MS1399	underclassification	5	0.666666666667	0.194366197183	0.300981461287
B1-REF	6	2	rdp	1.0	k__Bacteria;p__Proteobacteria;c__Gammaproteobacteria;o__Alteromonadales;f__Alteromonadaceae;g__Porticoccus;s__hydrocarbonoclasticus	k__Bacteria;p__Proteobacteria;c__Gammaproteobacteria;o__Alteromonadales;f__Alteromonadaceae;g__Porticoccus;s__litoralis	overclassification	6	0.666666666667	0.194366197183	0.300981461287
B1-REF	6	2	rdp	1.0	k__Bacteria;p__Chlamydiae;c__Chlamydiia;o__Chlamydiales;f__Simkaniaceae;g__Simkania;s__negevensis Z	k__Bacteria;p__Chlamydiae;c__Chlamydiia;o__Chlamydiales;f__Simkaniaceae;g__Simkania;s__negevensis	overclassification	6	0.666666666667	0.194366197183	0.300981461287
B1-REF	6	2	rdp	1.0	k__Bacteria;p__Actinobacteria	k__Bacteria;p__Actinobacteria;c__Coriobacteriia;o__Coriobacteriales;f__Coriobacteriaceae;g__Collinsella;s__stercoris	underclassification	2	0.666666666667	0.194366197183	0.300981461287
B1-REF	6	2	rdp	1.0	k__Bacteria;p__Actinobacteria;c__Actinobacteria;o__Actinomycetales;f__Micromonosporaceae	k__Bacteria;p__Actinobacteria;c__Actinobacteria;o__Actinomycetales;f__Micromonosporaceae;g__Micromonospora;s__chersina	underclassification	5	0.666666666667	0.194366197183	0.300981461287
B1-REF	6	2	rdp	1.0	k__Bacteria	k__Bacteria;p__Firmicutes;c__Clostridia;o__Clostridiales;f__Ruminococcaceae;g__Ruminococcus;s__flavefaciens	underclassification	1	0.666666666667	0.194366197183	0.300981461287
B1-REF	6	2	rdp	1.0	k__Bacteria;p__Firmicutes;c__Bacilli;o__Bacillales	k__Bacteria;p__Firmicutes;c__Bacilli;o__Bacillales;f__Planococcaceae;g__Sporosarcina;s__aquimarina	underclassification	4	0.666666666667	0.194366197183	0.300981461287
B1-REF	6	2	rdp	1.0	k__Bacteria;p__Firmicutes;c__Erysipelotrichi;o__Erysipelotrichales;f__Erysipelotrichaceae	k__Bacteria;p__Firmicutes;c__Erysipelotrichi;o__Erysipelotrichales;f__Erysipelotrichaceae;g__Clostridium;s__spiroforme	underclassification	5	0.666666666667	0.194366197183	0.300981461287
B1-REF	6	2	rdp	1.0	Unclassified	k__Bacteria;p__Proteobacteria;c__Deltaproteobacteria;o__Desulfovibrionales;f__Desulfovibrionaceae;g__Desulfovibrio;s__C21_c20	underclassification	0	0.666666666667	0.194366197183	0.300981461287
B1-REF	6	2	rdp	1.0	k__Bacteria;p__Proteobacteria;c__Gammaproteobacteria;o__Xanthomonadales;f__Xanthomonadaceae;g__Dyella	k__Bacteria;p__Proteobacteria;c__Gammaproteobacteria;o__Xanthomonadales;f__Xanthomonadaceae;g__Dyella;s__japonica	match	6	0.666666666667	0.194366197183	0.300981461287
B1-REF	6	2	rdp	1.0	k__Bacteria;p__Bacteroidetes;c__Sphingobacteriia;o__Sphingobacteriales;f__Sphingobacteriaceae	k__Bacteria;p__Bacteroidetes;c__Sphingobacteriia;o__Sphingobacteriales;f__Sphingobacteriaceae;g__Pedobacter;s__xinjiangensis	underclassification	5	0.666666666667	0.194366197183	0.300981461287
B1-REF	6	2	rdp	1.0	k__Bacteria;p__Proteobacteria;c__Gammaproteobacteria	k__Bacteria;p__Proteobacteria;c__Gammaproteobacteria;o__Alteromonadales;f__Chromatiaceae;g__Alkalimonas;s__delamerensis	underclassification	3	0.666666666667	0.194366197183	0.300981461287
B1-REF	6	2	rdp	1.0	k__Bacteria;p__Firmicutes;c__Clostridia;o__Clostridiales;f__Lachnospiraceae	k__Bacteria;p__Firmicutes;c__Clostridia;o__Clostridiales;f__Lachnospiraceae;g__Coprococcus;s__catus	underclassification	5	0.666666666667	0.194366197183	0.300981461287
B1-REF	6	2	rdp	1.0	k__Bacteria;p__Actinobacteria;c__Actinobacteria;o__Bifidobacteriales;f__Bifidobacteriaceae;g__Bifidobacterium	k__Bacteria;p__Actinobacteria;c__Actinobacteria;o__Bifidobacteriales;f__Bifidobacteriaceae;g__Bifidobacterium;s__adolescentis	match	6	0.666666666667	0.194366197183	0.300981461287
B1-REF	6	2	rdp	1.0	k__Bacteria;p__Firmicutes;c__Clostridia;o__Thermoanaerobacterales;f__Thermoanaerobacteraceae;g__Ammonifex;s__thiophilus	k__Bacteria;p__Firmicutes;c__Clostridia;o__Thermoanaerobacterales;f__Thermoanaerobacteraceae;g__Ammonifex;s__degensii	overclassification	6	0.666666666667	0.194366197183	0.300981461287
B1-REF	6	2	rdp	1.0	k__Bacteria;p__Proteobacteria;c__Gammaproteobacteria;o__Pseudomonadales;f__Moraxellaceae;g__Psychrobacter	k__Bacteria;p__Proteobacteria;c__Gammaproteobacteria;o__Pseudomonadales;f__Moraxellaceae;g__Psychrobacter;s__phenylpyruvicus	match	6	0.666666666667	0.194366197183	0.300981461287
B1-REF	6	2	rdp	1.0	k__Bacteria;p__Firmicutes;c__Bacilli	k__Bacteria;p__Firmicutes;c__Bacilli;o__Bacillales;f__Bacillaceae;g__Oceanobacillus;s__caeni	underclassification	3	0.666666666667	0.194366197183	0.300981461287
B1-REF	6	2	rdp	1.0	k__Bacteria;p__Actinobacteria;c__Actinobacteria;o__Actinomycetales	k__Bacteria;p__Actinobacteria;c__Actinobacteria;o__Actinomycetales;f__Nocardioidaceae;g__Marmoricola;s__aurantiacus	underclassification	4	0.666666666667	0.194366197183	0.300981461287
B1-REF	6	2	rdp	1.0	k__Bacteria;p__Proteobacteria;c__Gammaproteobacteria;o__Alteromonadales;f__Chromatiaceae	k__Bacteria;p__Proteobacteria;c__Gammaproteobacteria;o__Alteromonadales;f__Chromatiaceae;g__Rheinheimera;s__nanhaiensis	underclassification	5	0.666666666667	0.194366197183	0.300981461287
B1-REF	6	2	rdp	1.0	k__Bacteria;p__Actinobacteria;c__Actinobacteria;o__Actinomycetales;f__Streptomycetaceae;g__Streptomyces	k__Bacteria;p__Actinobacteria;c__Actinobacteria;o__Actinomycetales;f__Streptomycetaceae;g__Streptomyces;s__tanashiensis	match	6	0.666666666667	0.194366197183	0.300981461287
B1-REF	6	2	rdp	1.0	k__Bacteria;p__Actinobacteria;c__Actinobacteria;o__Actinomycetales	k__Bacteria;p__Actinobacteria;c__Actinobacteria;o__Actinomycetales;f__Thermomonosporaceae;g__Actinomadura;s__atramentaria	underclassification	4	0.666666666667	0.194366197183	0.300981461287
B1-REF	6	2	rdp	1.0	k__Bacteria;p__Actinobacteria;c__Actinobacteria;o__Actinomycetales;f__Micromonosporaceae;g__Micromonospora	k__Bacteria;p__Actinobacteria;c__Actinobacteria;o__Actinomycetales;f__Micromonosporaceae;g__Micromonospora;s__aurantiaca	match	6	0.666666666667	0.194366197183	0.300981461287
B1-REF	6	2	rdp	1.0	k__Bacteria;p__Firmicutes;c__Bacilli;o__Bacillales	k__Bacteria;p__Firmicutes;c__Bacilli;o__Bacillales;f__Bacillaceae;g__Geobacillus;s__thermodenitrificans	underclassification	4	0.666666666667	0.194366197183	0.300981461287
B1-REF	6	2	rdp	1.0	k__Bacteria;p__Proteobacteria;c__Gammaproteobacteria;o__Enterobacteriales;f__Enterobacteriaceae	k__Bacteria;p__Proteobacteria;c__Gammaproteobacteria;o__Enterobacteriales;f__Enterobacteriaceae;g__Kluyvera;s__cryocrescens	underclassification	5	0.666666666667	0.194366197183	0.300981461287
B1-REF	6	2	rdp	1.0	k__Bacteria;p__Cyanobacteria	k__Bacteria;p__Cyanobacteria;c__Synechococcophycideae;o__Pseudanabaenales;f__Pseudanabaenaceae;g__Microcystis;s__holsatica	underclassification	2	0.666666666667	0.194366197183	0.300981461287
B1-REF	6	2	rdp	1.0	k__Bacteria;p__Proteobacteria;c__Alphaproteobacteria;o__Rickettsiales;f__mitochondria	k__Bacteria;p__Proteobacteria;c__Alphaproteobacteria;o__Rickettsiales;f__mitochondria;g__Phytophthora;s__sojae	underclassification	5	0.666666666667	0.194366197183	0.300981461287
B1-REF	6	2	rdp	1.0	k__Bacteria;p__Bacteroidetes	k__Bacteria;p__Bacteroidetes;c__Bacteroidia;o__Bacteroidales;f__Bacteroidaceae;g__Bacteroides;s__acidifaciens	underclassification	2	0.666666666667	0.194366197183	0.300981461287
B1-REF	6	2	rdp	1.0	k__Bacteria;p__Proteobacteria;c__Gammaproteobacteria;o__Enterobacteriales;f__Enterobacteriaceae	k__Bacteria;p__Proteobacteria;c__Gammaproteobacteria;o__Enterobacteriales;f__Enterobacteriaceae;g__Tatumella;s__morbirosei	underclassification	5	0.666666666667	0.194366197183	0.300981461287
B1-REF	6	2	rdp	1.0	k__Bacteria;p__Proteobacteria;c__Gammaproteobacteria;o__Alteromonadales;f__Alteromonadaceae;g__Marinobacter	k__Bacteria;p__Proteobacteria;c__Gammaproteobacteria;o__Alteromonadales;f__Alteromonadaceae;g__Marinobacter;s__bryozoorum	match	6	0.666666666667	0.194366197183	0.300981461287
B1-REF	6	2	rdp	1.0	k__Bacteria;p__Proteobacteria;c__Gammaproteobacteria;o__Pseudomonadales;f__Pseudomonadaceae;g__Pseudomonas	k__Bacteria;p__Proteobacteria;c__Gammaproteobacteria;o__Pseudomonadales;f__Pseudomonadaceae;g__Pseudomonas;s__aeruginosa	match	6	0.666666666667	0.194366197183	0.300981461287
B1-REF	6	2	rdp	1.0	k__Bacteria;p__Proteobacteria;c__Alphaproteobacteria;o__Rhodobacterales;f__Rhodobacteraceae	k__Bacteria;p__Proteobacteria;c__Alphaproteobacteria;o__Rhodobacterales;f__Rhodobacteraceae;g__Loktanella;s__vestfoldensis	underclassification	5	0.666666666667	0.194366197183	0.300981461287
B1-REF	6	2	rdp	1.0	k__Bacteria	k__Bacteria;p__Bacteroidetes;c__Bacteroidia;o__Bacteroidales;f__Bacteroidaceae;g__Bacteroides;s__nordii	underclassification	1	0.666666666667	0.194366197183	0.300981461287
B1-REF	6	2	rdp	1.0	k__Bacteria	k__Bacteria;p__Bacteroidetes;c__Bacteroidia;o__Bacteroidales;f__Prevotellaceae;g__Prevotella;s__copri	underclassification	1	0.666666666667	0.194366197183	0.300981461287
B1-REF	6	2	rdp	1.0	k__Bacteria;p__Actinobacteria;c__Actinobacteria;o__Actinomycetales;f__Actinosynnemataceae	k__Bacteria;p__Actinobacteria;c__Actinobacteria;o__Actinomycetales;f__Actinosynnemataceae;g__Actinokineospora;s__cibodasensis	underclassification	5	0.666666666667	0.194366197183	0.300981461287
B1-REF	6	2	rdp	1.0	k__Bacteria;p__Bacteroidetes	k__Bacteria;p__Bacteroidetes;c__Sphingobacteriia;o__Sphingobacteriales;f__Sphingobacteriaceae;g__Pedobacter;s__saltans	underclassification	2	0.666666666667	0.194366197183	0.300981461287
B1-REF	6	2	rdp	1.0	Unclassified	k__Bacteria;p__Proteobacteria;c__Betaproteobacteria;o__Tremblayales;f__Tremblayaceae;g__Carsonella;s__ruddii	underclassification	0	0.666666666667	0.194366197183	0.300981461287
B1-REF	6	2	rdp	1.0	k__Bacteria;p__Actinobacteria;c__Actinobacteria;o__Bifidobacteriales;f__Bifidobacteriaceae;g__Bifidobacterium	k__Bacteria;p__Actinobacteria;c__Actinobacteria;o__Bifidobacteriales;f__Bifidobacteriaceae;g__Bifidobacterium;s__thermacidophilum	match	6	0.666666666667	0.194366197183	0.300981461287
B1-REF	6	2	rdp	1.0	k__Bacteria;p__Proteobacteria;c__Alphaproteobacteria	k__Bacteria;p__Proteobacteria;c__Alphaproteobacteria;o__Sphingomonadales;f__Sphingomonadaceae;g__Sphingobium;s__xenophagum	underclassification	3	0.666666666667	0.194366197183	0.300981461287
B1-REF	6	2	rdp	1.0	Unclassified	k__Bacteria;p__Firmicutes;c__Bacilli;o__Bacillales;f__Paenibacillaceae;g__Paenibacillus;s__illinoisensis	underclassification	0	0.666666666667	0.194366197183	0.300981461287
B1-REF	6	2	rdp	1.0	k__Bacteria;p__Proteobacteria;c__Betaproteobacteria;o__Burkholderiales;f__Burkholderiaceae;g__Burkholderia	k__Bacteria;p__Proteobacteria;c__Betaproteobacteria;o__Burkholderiales;f__Burkholderiaceae;g__Burkholderia;s__graminis	match	6	0.666666666667	0.194366197183	0.300981461287
B1-REF	6	2	rdp	1.0	k__Bacteria;p__Proteobacteria;c__Gammaproteobacteria;o__Oceanospirillales;f__Halomonadaceae	k__Bacteria;p__Proteobacteria;c__Gammaproteobacteria;o__Oceanospirillales;f__Halomonadaceae;g__Halomonas;s__xianhensis	underclassification	5	0.666666666667	0.194366197183	0.300981461287
B1-REF	6	2	rdp	1.0	k__Bacteria;p__Proteobacteria;c__Gammaproteobacteria	k__Bacteria;p__Proteobacteria;c__Gammaproteobacteria;o__Aeromonadales;f__Aeromonadaceae;g__Aeromonas;s__hydrophila	underclassification	3	0.666666666667	0.194366197183	0.300981461287
B1-REF	6	2	rdp	1.0	k__Bacteria;p__Proteobacteria;c__Gammaproteobacteria;o__Enterobacteriales;f__Enterobacteriaceae	k__Bacteria;p__Proteobacteria;c__Gammaproteobacteria;o__Enterobacteriales;f__Enterobacteriaceae;g__Escherichia;s__coli	underclassification	5	0.666666666667	0.194366197183	0.300981461287
B1-REF	6	2	rdp	1.0	k__Bacteria;p__Actinobacteria;c__Actinobacteria;o__Actinomycetales	k__Bacteria;p__Actinobacteria;c__Actinobacteria;o__Actinomycetales;f__Micromonosporaceae;g__Actinoplanes;s__tereljensis	underclassification	4	0.666666666667	0.194366197183	0.300981461287
B1-REF	6	2	rdp	1.0	k__Bacteria;p__Proteobacteria;c__Gammaproteobacteria;o__Pasteurellales;f__Pasteurellaceae	k__Bacteria;p__Proteobacteria;c__Gammaproteobacteria;o__Pasteurellales;f__Pasteurellaceae;g__Actinobacillus;s__porcinus	underclassification	5	0.666666666667	0.194366197183	0.300981461287
B1-REF	6	2	rdp	1.0	k__Bacteria;p__Actinobacteria;c__Actinobacteria;o__Actinomycetales	k__Bacteria;p__Actinobacteria;c__Actinobacteria;o__Actinomycetales;f__Micromonosporaceae;g__Actinoplanes;s__toevensis	underclassification	4	0.666666666667	0.194366197183	0.300981461287
B1-REF	6	2	rdp	1.0	k__Bacteria;p__Firmicutes;c__Bacilli	k__Bacteria;p__Firmicutes;c__Bacilli;o__Bacillales;f__Bacillaceae;g__Bacillus;s__firmus	underclassification	3	0.666666666667	0.194366197183	0.300981461287
B1-REF	6	2	rdp	1.0	k__Bacteria;p__Actinobacteria;c__Coriobacteriia;o__Coriobacteriales;f__Coriobacteriaceae	k__Bacteria;p__Actinobacteria;c__Coriobacteriia;o__Coriobacteriales;f__Coriobacteriaceae;g__Olsenella;s__uli	underclassification	5	0.666666666667	0.194366197183	0.300981461287
B1-REF	6	2	rdp	1.0	k__Bacteria;p__Firmicutes;c__Clostridia;o__Clostridiales;f__Clostridiaceae;g__Clostridium	k__Bacteria;p__Firmicutes;c__Clostridia;o__Clostridiales;f__Clostridiaceae;g__Clostridium;s__disporicum	match	6	0.666666666667	0.194366197183	0.300981461287
B1-REF	6	2	rdp	1.0	k__Bacteria;p__Planctomycetes;c__Planctomycetia;o__Pirellulales;f__Pirellulaceae;g__planctomycete	k__Bacteria;p__Planctomycetes;c__Planctomycetia;o__Pirellulales;f__Pirellulaceae;g__planctomycete;s__MS30D8	match	6	0.666666666667	0.194366197183	0.300981461287
B1-REF	6	2	rdp	1.0	k__Bacteria;p__Planctomycetes;c__Planctomycetia;o__Pirellulales;f__Pirellulaceae	k__Bacteria;p__Planctomycetes;c__Planctomycetia;o__Pirellulales;f__Pirellulaceae;g__planctomycete;s__MS30D1	underclassification	5	0.666666666667	0.194366197183	0.300981461287
B1-REF	6	2	rdp	1.0	k__Bacteria;p__Proteobacteria;c__Gammaproteobacteria;o__Xanthomonadales;f__Xanthomonadaceae;g__Rhodanobacter	k__Bacteria;p__Proteobacteria;c__Gammaproteobacteria;o__Xanthomonadales;f__Xanthomonadaceae;g__Rhodanobacter;s__ginsengisoli	match	6	0.666666666667	0.194366197183	0.300981461287
B1-REF	6	2	rdp	1.0	k__Bacteria;p__Spirochaetes;c__Spirochaetes;o__Spirochaetales;f__Spirochaetaceae;g__Spirochaeta;s__americana	k__Bacteria;p__Spirochaetes;c__Spirochaetes;o__Spirochaetales;f__Spirochaetaceae;g__Spirochaeta;s__alkalica	overclassification	6	0.666666666667	0.194366197183	0.300981461287
B1-REF	6	2	rdp	1.0	k__Bacteria;p__Firmicutes;c__Bacilli;o__Bacillales;f__Bacillaceae;g__Bacillus;s__agaradhaerens	k__Bacteria;p__Firmicutes;c__Bacilli;o__Bacillales;f__Bacillaceae;g__Bacillus;s__cellulosilyticus	overclassification	6	0.666666666667	0.194366197183	0.300981461287
B1-REF	6	2	rdp	1.0	k__Bacteria;p__Proteobacteria;c__Betaproteobacteria;o__Nitrosomonadales;f__Nitrosomonadaceae;g__Nitrosomonas	k__Bacteria;p__Proteobacteria;c__Betaproteobacteria;o__Nitrosomonadales;f__Nitrosomonadaceae;g__Nitrosomonas;s__eutropha	match	6	0.666666666667	0.194366197183	0.300981461287
B1-REF	6	2	rdp	1.0	k__Bacteria;p__Firmicutes;c__Bacilli;o__Bacillales	k__Bacteria;p__Firmicutes;c__Bacilli;o__Bacillales;f__Planococcaceae;g__Bacillus;s__massiliensis	underclassification	4	0.666666666667	0.194366197183	0.300981461287
B1-REF	6	2	rdp	1.0	Unclassified	k__Bacteria;p__Cyanobacteria;c__Chloroplast;o__Chlorophyta;f__Chlamydomonadaceae;g__Chlamydomonas;s__moewusii	underclassification	0	0.666666666667	0.194366197183	0.300981461287
B1-REF	6	2	rdp	1.0	k__Bacteria;p__Proteobacteria;c__Gammaproteobacteria;o__Enterobacteriales;f__Enterobacteriaceae	k__Bacteria;p__Proteobacteria;c__Gammaproteobacteria;o__Enterobacteriales;f__Enterobacteriaceae;g__Klebsiella;s__pneumoniae	underclassification	5	0.666666666667	0.194366197183	0.300981461287
B1-REF	6	2	rdp	1.0	k__Bacteria;p__Proteobacteria;c__Gammaproteobacteria	k__Bacteria;p__Proteobacteria;c__Gammaproteobacteria;o__Aeromonadales;f__Aeromonadaceae;g__Aeromonas;s__sanarellii	underclassification	3	0.666666666667	0.194366197183	0.300981461287
B1-REF	6	2	rdp	1.0	k__Bacteria;p__Proteobacteria;c__Alphaproteobacteria;o__Rickettsiales;f__mitochondria	k__Bacteria;p__Proteobacteria;c__Alphaproteobacteria;o__Rickettsiales;f__mitochondria;g__Porphyra;s__purpurea	underclassification	5	0.666666666667	0.194366197183	0.300981461287
B1-REF	6	2	rdp	1.0	k__Bacteria;p__Proteobacteria;c__Alphaproteobacteria;o__Rickettsiales;f__mitochondria	k__Bacteria;p__Proteobacteria;c__Alphaproteobacteria;o__Rickettsiales;f__mitochondria;g__Silene;s__vulgaris	underclassification	5	0.666666666667	0.194366197183	0.300981461287
B1-REF	6	2	rdp	1.0	k__Bacteria	k__Bacteria;p__Spirochaetes;c__Spirochaetes;o__Spirochaetales;f__Spirochaetaceae;g__Treponema;s__sp5	underclassification	1	0.666666666667	0.194366197183	0.300981461287
B1-REF	6	2	rdp	1.0	k__Bacteria;p__Proteobacteria;c__Gammaproteobacteria;o__Pasteurellales;f__Pasteurellaceae	k__Bacteria;p__Proteobacteria;c__Gammaproteobacteria;o__Pasteurellales;f__Pasteurellaceae;g__Pasteurella;s__multocida	underclassification	5	0.666666666667	0.194366197183	0.300981461287
B1-REF	6	2	rdp	1.0	k__Bacteria;p__Firmicutes;c__Bacilli;o__Bacillales;f__Paenibacillaceae;g__Paenibacillus	k__Bacteria;p__Firmicutes;c__Bacilli;o__Bacillales;f__Paenibacillaceae;g__Paenibacillus;s__pueri	match	6	0.666666666667	0.194366197183	0.300981461287
B1-REF	6	2	rdp	1.0	k__Bacteria;p__Proteobacteria;c__Betaproteobacteria;o__Methylophilales;f__Methylophilaceae;g__Methylotenera;s__mobilis	k__Bacteria;p__Proteobacteria;c__Betaproteobacteria;o__Methylophilales;f__Methylophilaceae;g__Methylotenera;s__versatilis	overclassification	6	0.666666666667	0.194366197183	0.300981461287
B1-REF	6	2	rdp	1.0	k__Bacteria;p__Proteobacteria;c__Gammaproteobacteria;o__Oceanospirillales;f__Halomonadaceae	k__Bacteria;p__Proteobacteria;c__Gammaproteobacteria;o__Oceanospirillales;f__Halomonadaceae;g__Halomonas;s__taeanensis	underclassification	5	0.666666666667	0.194366197183	0.300981461287
B1-REF	6	2	rdp	1.0	k__Archaea;p__Euryarchaeota;c__Thermococci;o__Thermococcales;f__Thermococcaceae	k__Archaea;p__Euryarchaeota;c__Thermococci;o__Thermococcales;f__Thermococcaceae;g__Thermococcus;s__alcaliphilus	underclassification	5	0.666666666667	0.194366197183	0.300981461287
B1-REF	6	2	rdp	1.0	k__Bacteria;p__Proteobacteria;c__Gammaproteobacteria;o__Enterobacteriales;f__Enterobacteriaceae	k__Bacteria;p__Proteobacteria;c__Gammaproteobacteria;o__Enterobacteriales;f__Enterobacteriaceae;g__Citrobacter;s__freundii	underclassification	5	0.666666666667	0.194366197183	0.300981461287
B1-REF	6	2	rdp	1.0	k__Bacteria;p__Proteobacteria;c__Betaproteobacteria;o__Neisseriales;f__Neisseriaceae	k__Bacteria;p__Proteobacteria;c__Betaproteobacteria;o__Neisseriales;f__Neisseriaceae;g__Neisseria;s__shayeganii	underclassification	5	0.666666666667	0.194366197183	0.300981461287
B1-REF	6	2	rdp	1.0	k__Bacteria;p__Proteobacteria;c__Gammaproteobacteria	k__Bacteria;p__Proteobacteria;c__Gammaproteobacteria;o__Vibrionales;f__Pseudoalteromonadaceae;g__Vibrio;s__mimicus	underclassification	3	0.666666666667	0.194366197183	0.300981461287
B1-REF	6	2	rdp	1.0	k__Bacteria;p__Proteobacteria;c__Gammaproteobacteria	k__Bacteria;p__Proteobacteria;c__Gammaproteobacteria;o__Enterobacteriales;f__Enterobacteriaceae;g__Profftia;s__tarda	underclassification	3	0.666666666667	0.194366197183	0.300981461287
B1-REF	6	2	rdp	1.0	k__Bacteria;p__Actinobacteria;c__Actinobacteria;o__Actinomycetales	k__Bacteria;p__Actinobacteria;c__Actinobacteria;o__Actinomycetales;f__Micrococcaceae;g__Rothia;s__dentocariosa	underclassification	4	0.666666666667	0.194366197183	0.300981461287
B1-REF	6	2	rdp	1.0	k__Bacteria;p__Actinobacteria;c__Actinobacteria;o__Actinomycetales;f__Micrococcaceae;g__Arthrobacter	k__Bacteria;p__Actinobacteria;c__Actinobacteria;o__Actinomycetales;f__Micrococcaceae;g__Arthrobacter;s__tecti	match	6	0.666666666667	0.194366197183	0.300981461287
B1-REF	6	2	rdp	1.0	k__Bacteria;p__Actinobacteria;c__Actinobacteria;o__Actinomycetales;f__Micrococcaceae	k__Bacteria;p__Actinobacteria;c__Actinobacteria;o__Actinomycetales;f__Micrococcaceae;g__Arthrobacter;s__pigmenti	underclassification	5	0.666666666667	0.194366197183	0.300981461287
B1-REF	6	2	rdp	1.0	k__Archaea;p__Euryarchaeota;c__Halobacteria;o__Halobacteriales;f__Halobacteriaceae	k__Archaea;p__Euryarchaeota;c__Halobacteria;o__Halobacteriales;f__Halobacteriaceae;g__Halovivax;s__ruber	underclassification	5	0.666666666667	0.194366197183	0.300981461287
B1-REF	6	2	rdp	1.0	k__Bacteria;p__Bacteroidetes;c__Cytophagia;o__Cytophagales;f__Cyclobacteriaceae;g__Algoriphagus	k__Bacteria;p__Bacteroidetes;c__Cytophagia;o__Cytophagales;f__Cyclobacteriaceae;g__Algoriphagus;s__ornithinivorans	match	6	0.666666666667	0.194366197183	0.300981461287
B1-REF	6	2	rdp	1.0	k__Bacteria;p__Proteobacteria;c__Gammaproteobacteria;o__Xanthomonadales;f__Xanthomonadaceae	k__Bacteria;p__Proteobacteria;c__Gammaproteobacteria;o__Xanthomonadales;f__Xanthomonadaceae;g__Stenotrophomonas;s__maltophilia	underclassification	5	0.666666666667	0.194366197183	0.300981461287
B1-REF	6	2	rdp	1.0	k__Bacteria;p__Firmicutes;c__Bacilli;o__Bacillales	k__Bacteria;p__Firmicutes;c__Bacilli;o__Bacillales;f__Paenibacillaceae;g__Aneurinibacillus;s__migulanus	underclassification	4	0.666666666667	0.194366197183	0.300981461287
B1-REF	6	2	rdp	1.0	k__Bacteria;p__Proteobacteria;c__Alphaproteobacteria;o__Rhizobiales	k__Bacteria;p__Proteobacteria;c__Alphaproteobacteria;o__Rhizobiales;f__Rhizobiaceae;g__Sinorhizobium;s__americanum	underclassification	4	0.666666666667	0.194366197183	0.300981461287
B1-REF	6	2	rdp	1.0	k__Bacteria;p__Proteobacteria;c__Alphaproteobacteria	k__Bacteria;p__Proteobacteria;c__Alphaproteobacteria;o__Rhizobiales;f__Phyllobacteriaceae;g__Nitratireductor;s__pacificus	underclassification	3	0.666666666667	0.194366197183	0.300981461287
B1-REF	6	2	rdp	1.0	k__Bacteria;p__Proteobacteria;c__Betaproteobacteria;o__Burkholderiales;f__Comamonadaceae	k__Bacteria;p__Proteobacteria;c__Betaproteobacteria;o__Burkholderiales;f__Comamonadaceae;g__Acidovorax;s__avenae	underclassification	5	0.666666666667	0.194366197183	0.300981461287
B1-REF	6	2	rdp	1.0	k__Bacteria;p__Firmicutes;c__Bacilli	k__Bacteria;p__Firmicutes;c__Bacilli;o__Bacillales;f__Bacillaceae;g__Bacillus;s__selenatarsenatis	underclassification	3	0.666666666667	0.194366197183	0.300981461287
B1-REF	6	2	rdp	1.0	k__Bacteria;p__Actinobacteria;c__Actinobacteria;o__Actinomycetales;f__Streptomycetaceae;g__Streptomyces	k__Bacteria;p__Actinobacteria;c__Actinobacteria;o__Actinomycetales;f__Streptomycetaceae;g__Streptomyces;s__mashuensis	match	6	0.666666666667	0.194366197183	0.300981461287
B1-REF	6	2	rdp	1.0	k__Bacteria;p__Actinobacteria;c__Actinobacteria;o__Actinomycetales;f__Micrococcaceae	k__Bacteria;p__Actinobacteria;c__Actinobacteria;o__Actinomycetales;f__Micrococcaceae;g__Arthrobacter;s__nicotinovorans	underclassification	5	0.666666666667	0.194366197183	0.300981461287
B1-REF	6	2	rdp	1.0	k__Bacteria;p__Bacteroidetes;c__Cytophagia;o__Cytophagales;f__Cyclobacteriaceae;g__Algoriphagus;s__antarcticus	k__Bacteria;p__Bacteroidetes;c__Cytophagia;o__Cytophagales;f__Cyclobacteriaceae;g__Algoriphagus;s__yeomjeoni	overclassification	6	0.666666666667	0.194366197183	0.300981461287
B1-REF	6	2	rdp	1.0	k__Bacteria;p__Proteobacteria;c__Gammaproteobacteria;o__Chromatiales;f__Ectothiorhodospiraceae;g__Thioalkalivibrio;s__denitrificans	k__Bacteria;p__Proteobacteria;c__Gammaproteobacteria;o__Chromatiales;f__Ectothiorhodospiraceae;g__Thioalkalivibrio;s__sulfidophilus	overclassification	6	0.666666666667	0.194366197183	0.300981461287
B1-REF	6	2	rdp	1.0	k__Bacteria;p__Proteobacteria;c__Gammaproteobacteria;o__Vibrionales;f__Vibrionaceae	k__Bacteria;p__Proteobacteria;c__Gammaproteobacteria;o__Vibrionales;f__Vibrionaceae;g__Vibrio;s__atlanticus	underclassification	5	0.666666666667	0.194366197183	0.300981461287
B1-REF	6	2	rdp	1.0	k__Bacteria;p__Proteobacteria	k__Bacteria;p__Proteobacteria;c__Deltaproteobacteria;o__Desulfovibrionales;f__Desulfomicrobiaceae;g__Desulfomicrobium;s__thermophilum	underclassification	2	0.666666666667	0.194366197183	0.300981461287
B1-REF	6	2	rdp	1.0	k__Archaea;p__Euryarchaeota;c__Halobacteria;o__Halobacteriales;f__Halobacteriaceae	k__Archaea;p__Euryarchaeota;c__Halobacteria;o__Halobacteriales;f__Halobacteriaceae;g__haloarchaeon;s__98NT4	underclassification	5	0.666666666667	0.194366197183	0.300981461287
B1-REF	6	2	rdp	1.0	k__Bacteria;p__Actinobacteria;c__Actinobacteria;o__Actinomycetales;f__Streptosporangiaceae	k__Bacteria;p__Actinobacteria;c__Actinobacteria;o__Actinomycetales;f__Streptosporangiaceae;g__Herbidospora;s__sakaeratensis	underclassification	5	0.666666666667	0.194366197183	0.300981461287
B1-REF	6	2	rdp	1.0	k__Bacteria;p__Bacteroidetes;c__Flavobacteriia;o__Flavobacteriales;f__Flavobacteriaceae	k__Bacteria;p__Bacteroidetes;c__Flavobacteriia;o__Flavobacteriales;f__Flavobacteriaceae;g__Persicivirga;s__dokdonensis	underclassification	5	0.666666666667	0.194366197183	0.300981461287
B1-REF	6	2	rdp	1.0	k__Bacteria;p__Proteobacteria;c__Betaproteobacteria;o__Burkholderiales;f__Oxalobacteraceae	k__Bacteria;p__Proteobacteria;c__Betaproteobacteria;o__Burkholderiales;f__Oxalobacteraceae;g__Massilia;s__albidiflava	underclassification	5	0.666666666667	0.194366197183	0.300981461287
B1-REF	6	2	rdp	1.0	k__Bacteria;p__Proteobacteria;c__Alphaproteobacteria;o__Rhodobacterales;f__Rhodobacteraceae	k__Bacteria;p__Proteobacteria;c__Alphaproteobacteria;o__Rhodobacterales;f__Rhodobacteraceae;g__Paracoccus;s__aminovorans	underclassification	5	0.666666666667	0.194366197183	0.300981461287
B1-REF	6	2	rdp	1.0	k__Bacteria	k__Bacteria;p__Firmicutes;c__Erysipelotrichi;o__Erysipelotrichales;f__Erysipelotrichaceae;g__Bulleidia;s__moorei	underclassification	1	0.666666666667	0.194366197183	0.300981461287
B1-REF	6	2	rdp	1.0	k__Bacteria;p__Proteobacteria;c__Gammaproteobacteria;o__Alteromonadales;f__Colwelliaceae;g__Thalassomonas;s__haliotis	k__Bacteria;p__Proteobacteria;c__Gammaproteobacteria;o__Alteromonadales;f__Colwelliaceae;g__Thalassomonas;s__actiniarum	overclassification	6	0.666666666667	0.194366197183	0.300981461287
B1-REF	6	2	rdp	1.0	k__Bacteria;p__Actinobacteria;c__Actinobacteria;o__Actinomycetales;f__Micromonosporaceae	k__Bacteria;p__Actinobacteria;c__Actinobacteria;o__Actinomycetales;f__Micromonosporaceae;g__Phytohabitans;s__houttuyneae	underclassification	5	0.666666666667	0.194366197183	0.300981461287
B1-REF	6	2	rdp	1.0	k__Bacteria;p__Proteobacteria;c__Alphaproteobacteria;o__Rhizobiales;f__Xanthobacteraceae	k__Bacteria;p__Proteobacteria;c__Alphaproteobacteria;o__Rhizobiales;f__Xanthobacteraceae;g__Ancylobacter;s__oerskovii	underclassification	5	0.666666666667	0.194366197183	0.300981461287
B1-REF	6	2	rdp	1.0	k__Bacteria;p__Bacteroidetes;c__Sphingobacteriia;o__Sphingobacteriales;f__Sphingobacteriaceae;g__Pedobacter	k__Bacteria;p__Bacteroidetes;c__Sphingobacteriia;o__Sphingobacteriales;f__Sphingobacteriaceae;g__Pedobacter;s__daechungensis	match	6	0.666666666667	0.194366197183	0.300981461287
B1-REF	6	2	rdp	1.0	k__Bacteria	k__Bacteria;p__Firmicutes;c__Clostridia;o__Clostridiales;f__Clostridiaceae;g__Clostridium;s__acetobutylicum	underclassification	1	0.666666666667	0.194366197183	0.300981461287
B1-REF	6	2	rdp	1.0	k__Bacteria;p__Proteobacteria;c__Gammaproteobacteria;o__Enterobacteriales;f__Enterobacteriaceae	k__Bacteria;p__Proteobacteria;c__Gammaproteobacteria;o__Enterobacteriales;f__Enterobacteriaceae;g__Enterobacter;s__ludwigii	underclassification	5	0.666666666667	0.194366197183	0.300981461287
B1-REF	6	2	rdp	1.0	k__Bacteria;p__Proteobacteria;c__Deltaproteobacteria;o__Desulfovibrionales;f__Desulfovibrionaceae;g__Desulfovibrio;s__longreachensis	k__Bacteria;p__Proteobacteria;c__Deltaproteobacteria;o__Desulfovibrionales;f__Desulfovibrionaceae;g__Desulfovibrio;s__oxamicus	overclassification	6	0.666666666667	0.194366197183	0.300981461287
B1-REF	6	2	rdp	1.0	k__Bacteria;p__Proteobacteria;c__Alphaproteobacteria;o__Rickettsiales;f__mitochondria;g__Pelargonium;s__x hortorum	k__Bacteria;p__Proteobacteria;c__Alphaproteobacteria;o__Rickettsiales;f__mitochondria;g__Pelargonium;s__candicans	overclassification	6	0.666666666667	0.194366197183	0.300981461287
B1-REF	6	2	rdp	1.0	k__Bacteria;p__Proteobacteria;c__Gammaproteobacteria	k__Bacteria;p__Proteobacteria;c__Gammaproteobacteria;o__Vibrionales;f__Pseudoalteromonadaceae;g__Vibrio;s__alginolyticus	underclassification	3	0.666666666667	0.194366197183	0.300981461287
B1-REF	6	2	rdp	1.0	k__Bacteria;p__Actinobacteria;c__Actinobacteria;o__Actinomycetales;f__Microbacteriaceae	k__Bacteria;p__Actinobacteria;c__Actinobacteria;o__Actinomycetales;f__Microbacteriaceae;g__Subtercola;s__frigoramans	underclassification	5	0.666666666667	0.194366197183	0.300981461287
B1-REF	6	2	rdp	1.0	k__Bacteria;p__Actinobacteria;c__Actinobacteria;o__Actinomycetales	k__Bacteria;p__Actinobacteria;c__Actinobacteria;o__Actinomycetales;f__Micromonosporaceae;g__Micromonospora;s__narathiwatensis	underclassification	4	0.666666666667	0.194366197183	0.300981461287
B1-REF	6	2	rdp	1.0	k__Bacteria;p__Proteobacteria;c__Betaproteobacteria;o__Burkholderiales;f__Oxalobacteraceae	k__Bacteria;p__Proteobacteria;c__Betaproteobacteria;o__Burkholderiales;f__Oxalobacteraceae;g__Massilia;s__haematophila	underclassification	5	0.666666666667	0.194366197183	0.300981461287
B1-REF	6	2	rdp	1.0	k__Bacteria;p__Actinobacteria;c__Actinobacteria;o__Actinomycetales;f__Nocardioidaceae;g__Nocardioides	k__Bacteria;p__Actinobacteria;c__Actinobacteria;o__Actinomycetales;f__Nocardioidaceae;g__Nocardioides;s__ganghwensis	match	6	0.666666666667	0.194366197183	0.300981461287
B1-REF	6	2	rdp	1.0	k__Bacteria;p__Actinobacteria;c__Actinobacteria;o__Actinomycetales;f__Streptomycetaceae;g__Streptomyces	k__Bacteria;p__Actinobacteria;c__Actinobacteria;o__Actinomycetales;f__Streptomycetaceae;g__Streptomyces;s__hypolithicus	match	6	0.666666666667	0.194366197183	0.300981461287
B1-REF	6	2	rdp	1.0	k__Bacteria;p__Actinobacteria;c__Actinobacteria;o__Actinomycetales;f__Streptomycetaceae	k__Bacteria;p__Actinobacteria;c__Actinobacteria;o__Actinomycetales;f__Streptomycetaceae;g__Streptomyces;s__drozdowiczii	underclassification	5	0.666666666667	0.194366197183	0.300981461287
B1-REF	6	2	rdp	1.0	k__Archaea;p__Crenarchaeota;c__Thermoprotei	k__Archaea;p__Crenarchaeota;c__Thermoprotei;o__Desulfurococcales;f__Desulfurococcaceae;g__Desulfurococcus;s__mucosus	underclassification	3	0.666666666667	0.194366197183	0.300981461287
B1-REF	6	2	rdp	1.0	k__Bacteria;p__Firmicutes;c__Bacilli;o__Bacillales	k__Bacteria;p__Firmicutes;c__Bacilli;o__Bacillales;f__Planococcaceae;g__Lysinibacillus;s__odysseyi	underclassification	4	0.666666666667	0.194366197183	0.300981461287
B1-REF	6	2	rdp	1.0	k__Bacteria;p__Proteobacteria;c__Betaproteobacteria;o__Neisseriales;f__Neisseriaceae	k__Bacteria;p__Proteobacteria;c__Betaproteobacteria;o__Neisseriales;f__Neisseriaceae;g__Neisseria;s__zoodegmatis	underclassification	5	0.666666666667	0.194366197183	0.300981461287
B1-REF	6	2	rdp	1.0	k__Bacteria;p__Firmicutes;c__Bacilli;o__Bacillales;f__Bacillaceae	k__Bacteria;p__Firmicutes;c__Bacilli;o__Bacillales;f__Bacillaceae;g__Halobacillus;s__profundi	underclassification	5	0.666666666667	0.194366197183	0.300981461287
B1-REF	6	2	rdp	1.0	k__Bacteria;p__Firmicutes;c__Bacilli;o__Bacillales;f__Bacillaceae	k__Bacteria;p__Firmicutes;c__Bacilli;o__Bacillales;f__Bacillaceae;g__Halobacillus;s__seohaensis	underclassification	5	0.666666666667	0.194366197183	0.300981461287
B1-REF	6	2	rdp	1.0	k__Bacteria;p__Actinobacteria;c__Actinobacteria;o__Actinomycetales;f__Nocardioidaceae;g__Nocardioides	k__Bacteria;p__Actinobacteria;c__Actinobacteria;o__Actinomycetales;f__Nocardioidaceae;g__Nocardioides;s__dokdonensis	match	6	0.666666666667	0.194366197183	0.300981461287
B1-REF	6	2	rdp	1.0	k__Bacteria;p__Proteobacteria;c__Gammaproteobacteria;o__Enterobacteriales;f__Enterobacteriaceae	k__Bacteria;p__Proteobacteria;c__Gammaproteobacteria;o__Enterobacteriales;f__Enterobacteriaceae;g__Salmonella;s__subterranea	underclassification	5	0.666666666667	0.194366197183	0.300981461287
B1-REF	6	2	rdp	1.0	k__Bacteria;p__Bacteroidetes;c__Flavobacteriia;o__Flavobacteriales;f__Flavobacteriaceae	k__Bacteria;p__Bacteroidetes;c__Flavobacteriia;o__Flavobacteriales;f__Flavobacteriaceae;g__Flavivirga;s__amylovorans	underclassification	5	0.666666666667	0.194366197183	0.300981461287
B1-REF	6	2	rdp	1.0	k__Bacteria;p__Proteobacteria;c__Epsilonproteobacteria;o__Nautiliales;f__Nautiliaceae;g__Nautilia;s__profundicola	k__Bacteria;p__Proteobacteria;c__Epsilonproteobacteria;o__Nautiliales;f__Nautiliaceae;g__Nautilia;s__abyssi	overclassification	6	0.666666666667	0.194366197183	0.300981461287
B1-REF	6	2	rdp	1.0	k__Bacteria;p__Firmicutes;c__Bacilli;o__Bacillales	k__Bacteria;p__Firmicutes;c__Bacilli;o__Bacillales;f__Bacillaceae;g__Lentibacillus;s__halodurans	underclassification	4	0.666666666667	0.194366197183	0.300981461287
B1-REF	6	2	rdp	1.0	k__Bacteria;p__Firmicutes;c__Bacilli;o__Bacillales;f__Bacillaceae	k__Bacteria;p__Firmicutes;c__Bacilli;o__Bacillales;f__Bacillaceae;g__Bacillus;s__mycoides	underclassification	5	0.666666666667	0.194366197183	0.300981461287
B1-REF	6	2	rdp	1.0	k__Bacteria;p__Proteobacteria;c__Gammaproteobacteria;o__Enterobacteriales;f__Enterobacteriaceae	k__Bacteria;p__Proteobacteria;c__Gammaproteobacteria;o__Enterobacteriales;f__Enterobacteriaceae;g__Enterobacter;s__gergoviae	underclassification	5	0.666666666667	0.194366197183	0.300981461287
B1-REF	6	2	rdp	1.0	k__Bacteria;p__Actinobacteria;c__Actinobacteria;o__Actinomycetales	k__Bacteria;p__Actinobacteria;c__Actinobacteria;o__Actinomycetales;f__Micrococcaceae;g__Arthrobacter;s__soli	underclassification	4	0.666666666667	0.194366197183	0.300981461287
B1-REF	6	2	rdp	1.0	k__Bacteria;p__Proteobacteria;c__Gammaproteobacteria;o__Vibrionales	k__Bacteria;p__Proteobacteria;c__Gammaproteobacteria;o__Vibrionales;f__Vibrionaceae;g__Vibrio;s__inusitatus	underclassification	4	0.666666666667	0.194366197183	0.300981461287
B1-REF	6	2	rdp	1.0	k__Bacteria;p__Proteobacteria;c__Alphaproteobacteria;o__Rhizobiales	k__Bacteria;p__Proteobacteria;c__Alphaproteobacteria;o__Rhizobiales;f__Rhizobiaceae;g__Rhizobium;s__leguminosarum	underclassification	4	0.666666666667	0.194366197183	0.300981461287
B1-REF	6	2	rdp	1.0	k__Bacteria;p__Firmicutes;c__Bacilli;o__Lactobacillales;f__Lactobacillaceae;g__Lactobacillus	k__Bacteria;p__Firmicutes;c__Bacilli;o__Lactobacillales;f__Lactobacillaceae;g__Lactobacillus;s__pentosus	match	6	0.666666666667	0.194366197183	0.300981461287
B1-REF	6	2	rdp	1.0	k__Bacteria;p__Bacteroidetes;c__Bacteroidia;o__Bacteroidales;f__Rikenellaceae	k__Bacteria;p__Bacteroidetes;c__Bacteroidia;o__Bacteroidales;f__Rikenellaceae;g__Alistipes;s__finegoldii	underclassification	5	0.666666666667	0.194366197183	0.300981461287
B1-REF	6	2	rdp	1.0	k__Bacteria;p__Proteobacteria;c__Alphaproteobacteria;o__Rickettsiales;f__mitochondria;g__Acanthamoeba	k__Bacteria;p__Proteobacteria;c__Alphaproteobacteria;o__Rickettsiales;f__mitochondria;g__Acanthamoeba;s__divionensis	match	6	0.666666666667	0.194366197183	0.300981461287
B1-REF	6	2	rdp	1.0	k__Bacteria;p__Actinobacteria;c__Actinobacteria;o__Actinomycetales;f__Microbacteriaceae	k__Bacteria;p__Actinobacteria;c__Actinobacteria;o__Actinomycetales;f__Microbacteriaceae;g__Herbiconiux;s__ginsengi	underclassification	5	0.666666666667	0.194366197183	0.300981461287
B1-REF	6	2	rdp	1.0	k__Bacteria;p__Proteobacteria;c__Gammaproteobacteria;o__Pseudomonadales;f__Pseudomonadaceae;g__Pseudomonas	k__Bacteria;p__Proteobacteria;c__Gammaproteobacteria;o__Pseudomonadales;f__Pseudomonadaceae;g__Pseudomonas;s__stutzeri	match	6	0.666666666667	0.194366197183	0.300981461287
B1-REF	6	2	rdp	1.0	k__Bacteria;p__Actinobacteria;c__Actinobacteria;o__Actinomycetales;f__Micrococcaceae;g__Arthrobacter	k__Bacteria;p__Actinobacteria;c__Actinobacteria;o__Actinomycetales;f__Micrococcaceae;g__Arthrobacter;s__humicola	match	6	0.666666666667	0.194366197183	0.300981461287
B1-REF	6	2	rdp	1.0	k__Bacteria;p__Proteobacteria;c__Gammaproteobacteria;o__Enterobacteriales;f__Enterobacteriaceae	k__Bacteria;p__Proteobacteria;c__Gammaproteobacteria;o__Enterobacteriales;f__Enterobacteriaceae;g__Enterobacter;s__cancerogenus	underclassification	5	0.666666666667	0.194366197183	0.300981461287
B1-REF	6	2	rdp	1.0	k__Bacteria;p__Actinobacteria;c__Actinobacteria;o__Actinomycetales;f__Micromonosporaceae	k__Bacteria;p__Actinobacteria;c__Actinobacteria;o__Actinomycetales;f__Micromonosporaceae;g__Micromonospora;s__coriariae	underclassification	5	0.666666666667	0.194366197183	0.300981461287
B1-REF	6	2	rdp	1.0	k__Bacteria;p__Bacteroidetes;c__Flavobacteriia;o__Flavobacteriales;f__Flavobacteriaceae	k__Bacteria;p__Bacteroidetes;c__Flavobacteriia;o__Flavobacteriales;f__Flavobacteriaceae;g__Aquimarina;s__brevivitae	underclassification	5	0.666666666667	0.194366197183	0.300981461287
B1-REF	6	2	rdp	1.0	k__Bacteria;p__Proteobacteria;c__Gammaproteobacteria;o__Alteromonadales;f__Chromatiaceae;g__Rheinheimera;s__baltica	k__Bacteria;p__Proteobacteria;c__Gammaproteobacteria;o__Alteromonadales;f__Chromatiaceae;g__Rheinheimera;s__pacifica	overclassification	6	0.666666666667	0.194366197183	0.300981461287
B1-REF	6	2	rdp	1.0	k__Bacteria;p__Actinobacteria;c__Actinobacteria;o__Actinomycetales;f__Micrococcaceae;g__Arthrobacter	k__Bacteria;p__Actinobacteria;c__Actinobacteria;o__Actinomycetales;f__Micrococcaceae;g__Arthrobacter;s__subterraneus	match	6	0.666666666667	0.194366197183	0.300981461287
B1-REF	6	2	rdp	1.0	k__Bacteria;p__Actinobacteria;c__Actinobacteria;o__Actinomycetales	k__Bacteria;p__Actinobacteria;c__Actinobacteria;o__Actinomycetales;f__Corynebacteriaceae;g__Corynebacterium;s__lubricantis	underclassification	4	0.666666666667	0.194366197183	0.300981461287
B1-REF	6	2	rdp	1.0	k__Bacteria;p__Firmicutes;c__Bacilli;o__Bacillales;f__Bacillaceae;g__Halobacillus	k__Bacteria;p__Firmicutes;c__Bacilli;o__Bacillales;f__Bacillaceae;g__Halobacillus;s__yeomjeoni	match	6	0.666666666667	0.194366197183	0.300981461287
B1-REF	6	2	rdp	1.0	k__Bacteria;p__Actinobacteria;c__Actinobacteria;o__Actinomycetales;f__Micromonosporaceae;g__Micromonospora	k__Bacteria;p__Actinobacteria;c__Actinobacteria;o__Actinomycetales;f__Micromonosporaceae;g__Micromonospora;s__lupini	match	6	0.666666666667	0.194366197183	0.300981461287
B1-REF	6	2	rdp	1.0	k__Bacteria;p__Firmicutes;c__Bacilli;o__Lactobacillales	k__Bacteria;p__Firmicutes;c__Bacilli;o__Lactobacillales;f__Streptococcaceae;g__Streptococcus;s__anginosus	underclassification	4	0.666666666667	0.194366197183	0.300981461287
B1-REF	6	2	rdp	1.0	k__Bacteria;p__Actinobacteria;c__Actinobacteria;o__Actinomycetales;f__Streptomycetaceae;g__Streptomyces	k__Bacteria;p__Actinobacteria;c__Actinobacteria;o__Actinomycetales;f__Streptomycetaceae;g__Kitasatospora;s__sampliensis	misclassification	5	0.666666666667	0.194366197183	0.300981461287
B1-REF	6	2	rdp	1.0	k__Bacteria;p__Verrucomicrobia;c__Verrucomicrobiae;o__Verrucomicrobiales;f__Verrucomicrobiaceae;g__Roseibacillus	k__Bacteria;p__Verrucomicrobia;c__Verrucomicrobiae;o__Verrucomicrobiales;f__Verrucomicrobiaceae;g__Roseibacillus;s__ishigakijimensis	match	6	0.666666666667	0.194366197183	0.300981461287
B1-REF	6	2	rdp	1.0	k__Bacteria;p__Bacteroidetes;c__Flavobacteriia;o__Flavobacteriales;f__Flavobacteriaceae	k__Bacteria;p__Bacteroidetes;c__Flavobacteriia;o__Flavobacteriales;f__Flavobacteriaceae;g__Bizionia;s__saleffrena	underclassification	5	0.666666666667	0.194366197183	0.300981461287
B1-REF	6	2	rdp	1.0	k__Bacteria;p__Actinobacteria;c__Actinobacteria;o__Actinomycetales;f__Cellulomonadaceae	k__Bacteria;p__Actinobacteria;c__Actinobacteria;o__Actinomycetales;f__Sanguibacteraceae;g__Sanguibacter;s__marinus	misclassification	4	0.666666666667	0.194366197183	0.300981461287
B1-REF	6	2	rdp	1.0	k__Bacteria	k__Bacteria;p__Actinobacteria;c__Actinobacteria;o__Actinomycetales;f__Propionibacteriaceae;g__Propionibacterium;s__granulosum	underclassification	1	0.666666666667	0.194366197183	0.300981461287
B1-REF	6	2	rdp	1.0	k__Bacteria;p__Firmicutes;c__Clostridia;o__Clostridiales;f__Clostridiaceae;g__Clostridium	k__Bacteria;p__Firmicutes;c__Clostridia;o__Clostridiales;f__Clostridiaceae;g__Clostridium;s__butyricum	match	6	0.666666666667	0.194366197183	0.300981461287
B1-REF	6	2	rdp	1.0	k__Bacteria;p__Firmicutes;c__Clostridia;o__Thermoanaerobacterales;f__Thermoanaerobacteraceae;g__Caldanaerobacter;s__subterraneus	k__Bacteria;p__Firmicutes;c__Clostridia;o__Thermoanaerobacterales;f__Thermoanaerobacteraceae;g__Thermoanaerobacter;s__tengcongensis MB4	misclassification	5	0.666666666667	0.194366197183	0.300981461287
B1-REF	6	2	rdp	1.0	k__Bacteria;p__Proteobacteria;c__Alphaproteobacteria;o__Rhodobacterales;f__Rhodobacteraceae	k__Bacteria;p__Proteobacteria;c__Alphaproteobacteria;o__Rhodobacterales;f__Rhodobacteraceae;g__Tropicibacter;s__phthalicus	underclassification	5	0.666666666667	0.194366197183	0.300981461287
B1-REF	6	2	rdp	1.0	k__Bacteria;p__Proteobacteria;c__Alphaproteobacteria;o__Rhizobiales;f__Hyphomicrobiaceae	k__Bacteria;p__Proteobacteria;c__Alphaproteobacteria;o__Rhizobiales;f__Hyphomicrobiaceae;g__Stappia;s__stellulata	underclassification	5	0.666666666667	0.194366197183	0.300981461287
B1-REF	6	2	rdp	1.0	k__Bacteria;p__Proteobacteria;c__Gammaproteobacteria	k__Bacteria;p__Proteobacteria;c__Gammaproteobacteria;o__Oceanospirillales;f__Hahellaceae;g__Hahella;s__chejuensis	underclassification	3	0.666666666667	0.194366197183	0.300981461287
B1-REF	6	2	rdp	1.0	k__Bacteria;p__Bacteroidetes;c__Sphingobacteriia;o__Sphingobacteriales;f__Sphingobacteriaceae	k__Bacteria;p__Bacteroidetes;c__Sphingobacteriia;o__Sphingobacteriales;f__Sphingobacteriaceae;g__Mucilaginibacter;s__paludis	underclassification	5	0.666666666667	0.194366197183	0.300981461287
B1-REF	6	2	rdp	1.0	k__Bacteria;p__Actinobacteria;c__Actinobacteria;o__Actinomycetales;f__Micrococcaceae;g__Arthrobacter	k__Bacteria;p__Actinobacteria;c__Actinobacteria;o__Actinomycetales;f__Micrococcaceae;g__Arthrobacter;s__alkaliphilus	match	6	0.666666666667	0.194366197183	0.300981461287
B1-REF	6	2	rdp	1.0	k__Bacteria;p__Proteobacteria;c__Betaproteobacteria	k__Bacteria;p__Proteobacteria;c__Betaproteobacteria;o__Methylophilales;f__Methylophilaceae;g__Methylovorus;s__mays	underclassification	3	0.666666666667	0.194366197183	0.300981461287
B1-REF	6	2	rdp	1.0	k__Bacteria;p__Proteobacteria;c__Gammaproteobacteria;o__Enterobacteriales;f__Enterobacteriaceae	k__Bacteria;p__Proteobacteria;c__Gammaproteobacteria;o__Enterobacteriales;f__Enterobacteriaceae;g__Enterobacter;s__turicensis	underclassification	5	0.666666666667	0.194366197183	0.300981461287
B1-REF	6	2	rdp	1.0	k__Bacteria;p__Proteobacteria;c__Gammaproteobacteria;o__Enterobacteriales;f__Enterobacteriaceae	k__Bacteria;p__Proteobacteria;c__Gammaproteobacteria;o__Enterobacteriales;f__Enterobacteriaceae;g__Xenorhabdus;s__innexi	underclassification	5	0.666666666667	0.194366197183	0.300981461287
B1-REF	6	2	rdp	1.0	k__Bacteria;p__Proteobacteria;c__Alphaproteobacteria	k__Bacteria;p__Proteobacteria;c__Alphaproteobacteria;o__Rhizobiales;f__Phyllobacteriaceae;g__Hoeflea;s__alexandrii	underclassification	3	0.666666666667	0.194366197183	0.300981461287
B1-REF	6	2	rdp	1.0	k__Bacteria;p__Cyanobacteria;c__Synechococcophycideae;o__Synechococcales;f__Chamaesiphonaceae;g__Chamaesiphon;s__subglobosus	k__Bacteria;p__Cyanobacteria;c__Synechococcophycideae;o__Synechococcales;f__Chamaesiphonaceae;g__Chamaesiphon;s__minutus	overclassification	6	0.666666666667	0.194366197183	0.300981461287
B1-REF	6	2	rdp	1.0	k__Bacteria;p__Actinobacteria;c__Actinobacteria;o__Actinomycetales;f__Geodermatophilaceae	k__Bacteria;p__Actinobacteria;c__Actinobacteria;o__Actinomycetales;f__Geodermatophilaceae;g__Blastococcus;s__aggregatus	underclassification	5	0.666666666667	0.194366197183	0.300981461287
B1-REF	6	2	rdp	1.0	k__Bacteria;p__Actinobacteria;c__Actinobacteria;o__Actinomycetales;f__Nocardioidaceae;g__Nocardioides	k__Bacteria;p__Actinobacteria;c__Actinobacteria;o__Actinomycetales;f__Nocardioidaceae;g__Nocardioides;s__marinus	match	6	0.666666666667	0.194366197183	0.300981461287
B1-REF	6	2	rdp	1.0	k__Bacteria;p__Firmicutes;c__Bacilli;o__Bacillales;f__Bacillaceae	k__Bacteria;p__Firmicutes;c__Bacilli;o__Bacillales;f__Bacillaceae;g__Sediminibacillus;s__halophilus	underclassification	5	0.666666666667	0.194366197183	0.300981461287
B1-REF	6	2	rdp	1.0	k__Bacteria;p__Proteobacteria;c__Alphaproteobacteria;o__Rhodobacterales;f__Rhodobacteraceae	k__Bacteria;p__Proteobacteria;c__Alphaproteobacteria;o__Rhodobacterales;f__Rhodobacteraceae;g__Ruegeria;s__scottomollicae	underclassification	5	0.666666666667	0.194366197183	0.300981461287
B1-REF	6	2	rdp	1.0	k__Bacteria;p__Cyanobacteria	k__Bacteria;p__Cyanobacteria;c__Synechococcophycideae;o__Pseudanabaenales;f__Pseudanabaenaceae;g__Halomicronema;s__hongdechloris	underclassification	2	0.666666666667	0.194366197183	0.300981461287
B1-REF	6	2	rdp	1.0	k__Bacteria;p__Proteobacteria;c__Gammaproteobacteria;o__Enterobacteriales;f__Enterobacteriaceae	k__Bacteria;p__Proteobacteria;c__Gammaproteobacteria;o__Enterobacteriales;f__Enterobacteriaceae;g__Enterobacter;s__asburiae	underclassification	5	0.666666666667	0.194366197183	0.300981461287
B1-REF	6	2	rdp	1.0	k__Bacteria;p__Planctomycetes;c__Planctomycetia;o__Pirellulales;f__Pirellulaceae	k__Bacteria;p__Planctomycetes;c__Planctomycetia;o__Pirellulales;f__Pirellulaceae;g__planctomycete;s__FF4	underclassification	5	0.666666666667	0.194366197183	0.300981461287
B1-REF	6	2	rdp	1.0	k__Bacteria;p__Proteobacteria;c__Gammaproteobacteria;o__Chromatiales;f__Chromatiaceae	k__Bacteria;p__Proteobacteria;c__Gammaproteobacteria;o__Chromatiales;f__Chromatiaceae;g__Thiorhodococcus;s__bheemlicus	underclassification	5	0.666666666667	0.194366197183	0.300981461287
B1-REF	6	2	rdp	1.0	k__Bacteria;p__Proteobacteria;c__Alphaproteobacteria	k__Bacteria;p__Proteobacteria;c__Alphaproteobacteria;o__Rhizobiales;f__Rhizobiaceae;g__Agrobacterium;s__vitis	underclassification	3	0.666666666667	0.194366197183	0.300981461287
B1-REF	6	2	rdp	1.0	k__Bacteria;p__Bacteroidetes;c__Flavobacteriia;o__Flavobacteriales;f__Flavobacteriaceae	k__Bacteria;p__Bacteroidetes;c__Flavobacteriia;o__Flavobacteriales;f__Flavobacteriaceae;g__Gaetbulibacter;s__saemankumensis	underclassification	5	0.666666666667	0.194366197183	0.300981461287
B1-REF	6	2	rdp	1.0	k__Bacteria;p__Bacteroidetes;c__Flavobacteriia;o__Flavobacteriales;f__Flavobacteriaceae	k__Bacteria;p__Bacteroidetes;c__Flavobacteriia;o__Flavobacteriales;f__Flavobacteriaceae;g__Winogradskyella;s__poriferorum	underclassification	5	0.666666666667	0.194366197183	0.300981461287
B1-REF	6	2	rdp	1.0	k__Bacteria;p__Proteobacteria;c__Alphaproteobacteria;o__Rhizobiales	k__Bacteria;p__Proteobacteria;c__Alphaproteobacteria;o__Rhizobiales;f__Phyllobacteriaceae;g__Mesorhizobium;s__huakuii	underclassification	4	0.666666666667	0.194366197183	0.300981461287
B1-REF	6	2	rdp	1.0	k__Bacteria;p__Firmicutes;c__Bacilli;o__Bacillales;f__Listeriaceae;g__Brochothrix;s__campestris	k__Bacteria;p__Firmicutes;c__Bacilli;o__Bacillales;f__Listeriaceae;g__Brochothrix;s__thermosphacta	overclassification	6	0.666666666667	0.194366197183	0.300981461287
B1-REF	6	2	rdp	1.0	k__Bacteria;p__Firmicutes;c__Bacilli;o__Lactobacillales	k__Bacteria;p__Firmicutes;c__Bacilli;o__Lactobacillales;f__Lactobacillaceae;g__Pediococcus;s__ethanolidurans	underclassification	4	0.666666666667	0.194366197183	0.300981461287
B1-REF	6	2	rdp	1.0	k__Bacteria;p__Actinobacteria;c__Actinobacteria;o__Actinomycetales;f__Streptomycetaceae;g__Streptomyces	k__Bacteria;p__Actinobacteria;c__Actinobacteria;o__Actinomycetales;f__Streptomycetaceae;g__Streptomyces;s__eurocidicus	match	6	0.666666666667	0.194366197183	0.300981461287
B1-REF	6	2	rdp	1.0	k__Bacteria;p__Actinobacteria;c__Actinobacteria;o__Actinomycetales;f__Nocardiopsaceae	k__Bacteria;p__Actinobacteria;c__Actinobacteria;o__Actinomycetales;f__Nocardiopsaceae;g__Nocardiopsis;s__alba	underclassification	5	0.666666666667	0.194366197183	0.300981461287
B1-REF	6	2	rdp	1.0	k__Bacteria;p__Proteobacteria;c__Alphaproteobacteria;o__Rhizobiales;f__Hyphomicrobiaceae	k__Bacteria;p__Proteobacteria;c__Alphaproteobacteria;o__Rhizobiales;f__Hyphomicrobiaceae;g__Roseibium;s__hamelinense	underclassification	5	0.666666666667	0.194366197183	0.300981461287
B1-REF	6	2	rdp	1.0	k__Bacteria;p__Proteobacteria;c__Alphaproteobacteria;o__Rickettsiales;f__mitochondria;g__Plantago	k__Bacteria;p__Proteobacteria;c__Alphaproteobacteria;o__Rickettsiales;f__mitochondria;g__Plantago;s__lanceolata	match	6	0.666666666667	0.194366197183	0.300981461287
B1-REF	6	2	rdp	1.0	k__Bacteria;p__Bacteroidetes;c__Sphingobacteriia;o__Sphingobacteriales;f__Sphingobacteriaceae	k__Bacteria;p__Bacteroidetes;c__Sphingobacteriia;o__Sphingobacteriales;f__Sphingobacteriaceae;g__Mucilaginibacter;s__jinjuensis	underclassification	5	0.666666666667	0.194366197183	0.300981461287
B1-REF	6	2	rdp	1.0	k__Bacteria;p__Proteobacteria;c__Alphaproteobacteria;o__Rhodospirillales;f__Acetobacteraceae;g__Gluconacetobacter;s__diazotrophicus	k__Bacteria;p__Proteobacteria;c__Alphaproteobacteria;o__Rhodospirillales;f__Acetobacteraceae;g__Gluconacetobacter;s__liquefaciens	overclassification	6	0.666666666667	0.194366197183	0.300981461287
B1-REF	6	2	rdp	1.0	k__Bacteria;p__Proteobacteria;c__Gammaproteobacteria;o__Vibrionales;f__Pseudoalteromonadaceae;g__Pseudoalteromonas	k__Bacteria;p__Proteobacteria;c__Gammaproteobacteria;o__Vibrionales;f__Pseudoalteromonadaceae;g__Pseudoalteromonas;s__porphyrae	match	6	0.666666666667	0.194366197183	0.300981461287
B1-REF	6	2	rdp	1.0	k__Bacteria;p__Proteobacteria;c__Gammaproteobacteria;o__Legionellales;f__Legionellaceae;g__Legionella	k__Bacteria;p__Proteobacteria;c__Gammaproteobacteria;o__Legionellales;f__Legionellaceae;g__Legionella;s__impletisoli	match	6	0.666666666667	0.194366197183	0.300981461287
B1-REF	6	2	rdp	1.0	k__Bacteria;p__Bacteroidetes;c__Cytophagia;o__Cytophagales;f__Cyclobacteriaceae	k__Bacteria;p__Bacteroidetes;c__Cytophagia;o__Cytophagales;f__Cyclobacteriaceae;g__Algoriphagus;s__aquatilis	underclassification	5	0.666666666667	0.194366197183	0.300981461287
B1-REF	6	2	rdp	1.0	k__Bacteria	k__Bacteria;p__Firmicutes;c__Bacilli;o__Lactobacillales;f__Leuconostocaceae;g__Weissella;s__ghanensis	underclassification	1	0.666666666667	0.194366197183	0.300981461287
B1-REF	6	2	rdp	1.0	k__Bacteria;p__Proteobacteria;c__Gammaproteobacteria;o__Vibrionales	k__Bacteria;p__Proteobacteria;c__Gammaproteobacteria;o__Vibrionales;f__Vibrionaceae;g__Vibrio;s__neonatus	underclassification	4	0.666666666667	0.194366197183	0.300981461287
B1-REF	6	2	rdp	1.0	k__Bacteria;p__Bacteroidetes;c__Flavobacteriia;o__Flavobacteriales;f__Flavobacteriaceae;g__Nonlabens;s__tegetincola	k__Bacteria;p__Bacteroidetes;c__Flavobacteriia;o__Flavobacteriales;f__Flavobacteriaceae;g__Nonlabens;s__sediminis	overclassification	6	0.666666666667	0.194366197183	0.300981461287
B1-REF	6	2	rdp	1.0	k__Bacteria;p__Proteobacteria;c__Gammaproteobacteria;o__Xanthomonadales;f__Xanthomonadaceae	k__Bacteria;p__Proteobacteria;c__Gammaproteobacteria;o__Xanthomonadales;f__Xanthomonadaceae;g__Lysobacter;s__niabensis	underclassification	5	0.666666666667	0.194366197183	0.300981461287
B1-REF	6	2	rdp	1.0	k__Bacteria;p__Actinobacteria;c__Actinobacteria;o__Actinomycetales;f__Streptomycetaceae;g__Streptomyces	k__Bacteria;p__Actinobacteria;c__Actinobacteria;o__Actinomycetales;f__Streptomycetaceae;g__Streptomyces;s__sanglieri	match	6	0.666666666667	0.194366197183	0.300981461287
B1-REF	6	2	rdp	1.0	k__Bacteria;p__Verrucomicrobia;c__Verrucomicrobiae;o__Verrucomicrobiales;f__Verrucomicrobiaceae	k__Bacteria;p__Verrucomicrobia;c__Verrucomicrobiae;o__Verrucomicrobiales;f__Verrucomicrobiaceae;g__Haloferula;s__sargassicola	underclassification	5	0.666666666667	0.194366197183	0.300981461287
B1-REF	6	2	rdp	1.0	k__Bacteria	k__Bacteria;p__Bacteroidetes;c__Flavobacteriia;o__Flavobacteriales;f__Flavobacteriaceae;g__Capnocytophaga;s__ochracea	underclassification	1	0.666666666667	0.194366197183	0.300981461287
B1-REF	6	2	rdp	1.0	k__Bacteria;p__Proteobacteria;c__Alphaproteobacteria;o__Rhodospirillales;f__Acetobacteraceae;g__Gluconacetobacter;s__diazotrophicus	k__Bacteria;p__Proteobacteria;c__Alphaproteobacteria;o__Rhodospirillales;f__Acetobacteraceae;g__Gluconacetobacter;s__sacchari	overclassification	6	0.666666666667	0.194366197183	0.300981461287
B1-REF	6	2	rdp	1.0	k__Bacteria;p__Planctomycetes;c__Planctomycetia;o__Pirellulales;f__Pirellulaceae;g__Blastopirellula;s__marina	k__Bacteria;p__Planctomycetes;c__Planctomycetia;o__Pirellulales;f__Pirellulaceae;g__planctomycete;s__MS3332	misclassification	5	0.666666666667	0.194366197183	0.300981461287
B1-REF	6	2	rdp	1.0	k__Bacteria;p__Proteobacteria;c__Alphaproteobacteria;o__Sphingomonadales	k__Bacteria;p__Proteobacteria;c__Alphaproteobacteria;o__Sphingomonadales;f__Erythrobacteraceae;g__Erythrobacter;s__aquimaris	underclassification	4	0.666666666667	0.194366197183	0.300981461287
B1-REF	6	2	rdp	1.0	k__Bacteria;p__Bacteroidetes;c__Flavobacteriia;o__Flavobacteriales;f__Flavobacteriaceae	k__Bacteria;p__Bacteroidetes;c__Flavobacteriia;o__Flavobacteriales;f__Flavobacteriaceae;g__Mariniflexile;s__fucanivorans	underclassification	5	0.666666666667	0.194366197183	0.300981461287
B1-REF	6	2	rdp	1.0	k__Bacteria;p__Actinobacteria;c__Actinobacteria;o__Actinomycetales	k__Bacteria;p__Actinobacteria;c__Actinobacteria;o__Actinomycetales;f__Micrococcaceae;g__Kocuria;s__koreensis	underclassification	4	0.666666666667	0.194366197183	0.300981461287
B1-REF	6	2	rdp	1.0	k__Bacteria;p__Proteobacteria;c__Gammaproteobacteria;o__Enterobacteriales;f__Enterobacteriaceae	k__Bacteria;p__Proteobacteria;c__Gammaproteobacteria;o__Enterobacteriales;f__Enterobacteriaceae;g__Cronobacter;s__dublinensis	underclassification	5	0.666666666667	0.194366197183	0.300981461287
B1-REF	6	2	rdp	1.0	k__Bacteria;p__Proteobacteria;c__Alphaproteobacteria;o__Rickettsiales;f__mitochondria	k__Bacteria;p__Proteobacteria;c__Alphaproteobacteria;o__Rickettsiales;f__mitochondria;g__Dictyostelium;s__fasciculatum	underclassification	5	0.666666666667	0.194366197183	0.300981461287
B1-REF	6	2	rdp	1.0	k__Bacteria;p__Proteobacteria	k__Bacteria;p__Proteobacteria;c__Deltaproteobacteria;o__Desulfovibrionales;f__Desulfovibrionaceae;g__Desulfovibrio;s__psychrotolerans	underclassification	2	0.666666666667	0.194366197183	0.300981461287
B1-REF	6	2	rdp	1.0	k__Bacteria;p__Acidobacteria;c__Acidobacteriia;o__Acidobacteriales;f__Acidobacteriaceae	k__Bacteria;p__Acidobacteria;c__Acidobacteriia;o__Acidobacteriales;f__Acidobacteriaceae;g__Granulicella;s__mallensis	underclassification	5	0.666666666667	0.194366197183	0.300981461287
B1-REF	6	2	rdp	1.0	k__Bacteria;p__Proteobacteria;c__Gammaproteobacteria	k__Bacteria;p__Proteobacteria;c__Gammaproteobacteria;o__Alteromonadales;f__Alteromonadaceae;g__Simiduia;s__agarivorans	underclassification	3	0.666666666667	0.194366197183	0.300981461287
B1-REF	6	2	rdp	1.0	k__Bacteria;p__Bacteroidetes;c__Flavobacteriia;o__Flavobacteriales;f__Flavobacteriaceae	k__Bacteria;p__Bacteroidetes;c__Flavobacteriia;o__Flavobacteriales;f__Flavobacteriaceae;g__Cellulophaga;s__tyrosinoxydans	underclassification	5	0.666666666667	0.194366197183	0.300981461287
B1-REF	6	2	rdp	1.0	k__Bacteria;p__Firmicutes	k__Bacteria;p__Firmicutes;c__Bacilli;o__Bacillales;f__Listeriaceae;g__Listeria;s__weihenstephanensis	underclassification	2	0.666666666667	0.194366197183	0.300981461287
B1-REF	6	2	rdp	1.0	k__Bacteria;p__Aquificae;c__Aquificae;o__Aquificales;f__Aquificaceae	k__Bacteria;p__Aquificae;c__Aquificae;o__Aquificales;f__Aquificaceae;g__Thermocrinis;s__albus	underclassification	5	0.666666666667	0.194366197183	0.300981461287
B1-REF	6	2	rdp	1.0	k__Bacteria;p__Chlamydiae;c__Chlamydiia;o__Chlamydiales;f__Chlamydiaceae	k__Bacteria;p__Chlamydiae;c__Chlamydiia;o__Chlamydiales;f__Chlamydiaceae;g__Chlamydia;s__pecorum	underclassification	5	0.666666666667	0.194366197183	0.300981461287
B1-REF	6	2	rdp	1.0	k__Bacteria;p__Firmicutes;c__Clostridia;o__Clostridiales;f__Clostridiaceae;g__Clostridium	k__Bacteria;p__Firmicutes;c__Clostridia;o__Clostridiales;f__Clostridiaceae;g__Clostridium;s__cellulovorans	match	6	0.666666666667	0.194366197183	0.300981461287
B1-REF	6	2	rdp	1.0	k__Bacteria;p__Proteobacteria;c__Betaproteobacteria;o__Neisseriales;f__Neisseriaceae	k__Bacteria;p__Proteobacteria;c__Betaproteobacteria;o__Neisseriales;f__Neisseriaceae;g__Alysiella;s__crassa	underclassification	5	0.666666666667	0.194366197183	0.300981461287
B1-REF	6	2	rdp	1.0	k__Bacteria;p__Proteobacteria;c__Gammaproteobacteria;o__Xanthomonadales;f__Xanthomonadaceae	k__Bacteria;p__Proteobacteria;c__Gammaproteobacteria;o__Xanthomonadales;f__Xanthomonadaceae;g__Xanthomonas;s__oryzae	underclassification	5	0.666666666667	0.194366197183	0.300981461287
B1-REF	6	2	rdp	1.0	k__Archaea;p__Euryarchaeota;c__Halobacteria;o__Halobacteriales;f__Halobacteriaceae	k__Archaea;p__Euryarchaeota;c__Halobacteria;o__Halobacteriales;f__Halobacteriaceae;g__Halobacteriaceae;s__BC5	underclassification	5	0.666666666667	0.194366197183	0.300981461287
B1-REF	6	2	rdp	1.0	k__Bacteria;p__Bacteroidetes	k__Bacteria;p__Bacteroidetes;c__Sphingobacteriia;o__Sphingobacteriales;f__Sphingobacteriaceae;g__Solitalea;s__koreensis	underclassification	2	0.666666666667	0.194366197183	0.300981461287
B1-REF	6	2	rdp	1.0	k__Bacteria;p__Proteobacteria;c__Alphaproteobacteria;o__Sphingomonadales	k__Bacteria;p__Proteobacteria;c__Alphaproteobacteria;o__Sphingomonadales;f__Erythrobacteraceae;g__Porphyrobacter;s__tepidarius	underclassification	4	0.666666666667	0.194366197183	0.300981461287
B1-REF	6	2	rdp	1.0	k__Bacteria;p__Proteobacteria;c__Alphaproteobacteria;o__Rickettsiales;f__mitochondria;g__Acanthamoeba	k__Bacteria;p__Proteobacteria;c__Alphaproteobacteria;o__Rickettsiales;f__mitochondria;g__Acanthamoeba;s__lenticulata	match	6	0.666666666667	0.194366197183	0.300981461287
B1-REF	6	2	rdp	1.0	k__Bacteria;p__Firmicutes;c__Clostridia;o__Halanaerobiales;f__Halanaerobiaceae	k__Bacteria;p__Firmicutes;c__Clostridia;o__Halanaerobiales;f__Halanaerobiaceae;g__Halanaerobium;s__salsuginis	underclassification	5	0.666666666667	0.194366197183	0.300981461287
B1-REF	6	2	rdp	1.0	k__Archaea;p__Euryarchaeota;c__Halobacteria;o__Halobacteriales;f__Halobacteriaceae	k__Archaea;p__Euryarchaeota;c__Halobacteria;o__Halobacteriales;f__Halobacteriaceae;g__Halobacteriaceae;s__YC89	underclassification	5	0.666666666667	0.194366197183	0.300981461287
B1-REF	6	2	rdp	1.0	k__Bacteria;p__Bacteroidetes;c__Flavobacteriia;o__Flavobacteriales;f__Flavobacteriaceae	k__Bacteria;p__Bacteroidetes;c__Flavobacteriia;o__Flavobacteriales;f__Flavobacteriaceae;g__Cellulophaga;s__pacifica	underclassification	5	0.666666666667	0.194366197183	0.300981461287
B1-REF	6	2	rdp	1.0	k__Bacteria;p__Actinobacteria;c__Actinobacteria;o__Actinomycetales;f__Micromonosporaceae	k__Bacteria;p__Actinobacteria;c__Actinobacteria;o__Actinomycetales;f__Micromonosporaceae;g__Micromonospora;s__mirobrigensis	underclassification	5	0.666666666667	0.194366197183	0.300981461287
B1-REF	6	2	rdp	1.0	k__Bacteria;p__Actinobacteria;c__Actinobacteria;o__Actinomycetales;f__Nocardioidaceae;g__Nocardioides	k__Bacteria;p__Actinobacteria;c__Actinobacteria;o__Actinomycetales;f__Nocardioidaceae;g__Nocardioides;s__basaltis	match	6	0.666666666667	0.194366197183	0.300981461287
B1-REF	6	2	rdp	1.0	k__Bacteria;p__Proteobacteria;c__Alphaproteobacteria;o__Rickettsiales;f__mitochondria;g__Acanthamoeba	k__Bacteria;p__Proteobacteria;c__Alphaproteobacteria;o__Rickettsiales;f__mitochondria;g__Acanthamoeba;s__culbertsoni	match	6	0.666666666667	0.194366197183	0.300981461287
B1-REF	6	2	rdp	1.0	k__Bacteria;p__Proteobacteria;c__Betaproteobacteria;o__Burkholderiales;f__Comamonadaceae	k__Bacteria;p__Proteobacteria;c__Betaproteobacteria;o__Burkholderiales;f__Comamonadaceae;g__Variovorax;s__boronicumulans	underclassification	5	0.666666666667	0.194366197183	0.300981461287
B1-REF	6	2	rdp	1.0	k__Bacteria;p__Proteobacteria;c__Alphaproteobacteria;o__Rhodospirillales	k__Bacteria;p__Proteobacteria;c__Alphaproteobacteria;o__Rhodospirillales;f__Rhodospirillaceae;g__Azospirillum;s__brasilense	underclassification	4	0.666666666667	0.194366197183	0.300981461287
B1-REF	6	2	rdp	1.0	k__Archaea;p__Crenarchaeota;c__Thermoprotei;o__Sulfolobales;f__Sulfolobaceae;g__Sulfolobus;s__yangmingensis	k__Archaea;p__Crenarchaeota;c__Thermoprotei;o__Sulfolobales;f__Sulfolobaceae;g__Sulfolobus;s__tokodaii	overclassification	6	0.666666666667	0.194366197183	0.300981461287
B1-REF	6	2	rdp	1.0	k__Bacteria;p__Actinobacteria;c__Actinobacteria;o__Actinomycetales;f__Corynebacteriaceae;g__Corynebacterium	k__Bacteria;p__Actinobacteria;c__Actinobacteria;o__Actinomycetales;f__Corynebacteriaceae;g__Corynebacterium;s__aurimucosum	match	6	0.666666666667	0.194366197183	0.300981461287
B1-REF	6	2	rdp	1.0	k__Bacteria	k__Bacteria;p__Actinobacteria;c__Coriobacteriia;o__Coriobacteriales;f__Coriobacteriaceae;g__Atopobium;s__vaginae	underclassification	1	0.666666666667	0.194366197183	0.300981461287
B1-REF	6	2	rdp	1.0	k__Bacteria;p__Firmicutes;c__Clostridia;o__Clostridiales;f__Lachnospiraceae;g__Ruminococcus;s__gnavus	k__Bacteria;p__Firmicutes;c__Clostridia;o__Clostridiales;f__Lachnospiraceae;g__Dorea;s__longicatena	misclassification	5	0.666666666667	0.194366197183	0.300981461287
B1-REF	6	2	rdp	1.0	k__Bacteria;p__Aquificae;c__Aquificae;o__Aquificales;f__Hydrogenothermaceae	k__Bacteria;p__Aquificae;c__Aquificae;o__Aquificales;f__Hydrogenothermaceae;g__Sulfurihydrogenibium;s__azorense	underclassification	5	0.666666666667	0.194366197183	0.300981461287
B1-REF	6	2	rdp	1.0	k__Bacteria;p__Actinobacteria;c__Actinobacteria;o__Actinomycetales;f__Micrococcaceae	k__Bacteria;p__Actinobacteria;c__Actinobacteria;o__Actinomycetales;f__Micrococcaceae;g__Micrococcus;s__lylae	underclassification	5	0.666666666667	0.194366197183	0.300981461287
B1-REF	6	2	rdp	1.0	k__Bacteria;p__Cyanobacteria;c__Oscillatoriophycideae;o__Oscillatoriales;f__Phormidiaceae;g__Phormidium;s__pseudopriestleyi	k__Bacteria;p__Cyanobacteria;c__Oscillatoriophycideae;o__Oscillatoriales;f__Phormidiaceae;g__Phormidium;s__lumbricale	overclassification	6	0.666666666667	0.194366197183	0.300981461287
B1-REF	6	2	rdp	1.0	k__Bacteria;p__Firmicutes;c__Bacilli;o__Lactobacillales;f__Lactobacillaceae;g__Lactobacillus	k__Bacteria;p__Firmicutes;c__Bacilli;o__Lactobacillales;f__Lactobacillaceae;g__Lactobacillus;s__acidipiscis	match	6	0.666666666667	0.194366197183	0.300981461287
B1-REF	6	2	rdp	1.0	k__Bacteria;p__Actinobacteria;c__Actinobacteria;o__Actinomycetales;f__Streptomycetaceae;g__Streptomyces	k__Bacteria;p__Actinobacteria;c__Actinobacteria;o__Actinomycetales;f__Streptomycetaceae;g__Streptomyces;s__reticuliscabiei	match	6	0.666666666667	0.194366197183	0.300981461287
B1-REF	6	2	rdp	1.0	k__Bacteria;p__Proteobacteria;c__Gammaproteobacteria;o__Pseudomonadales;f__Pseudomonadaceae	k__Bacteria;p__Proteobacteria;c__Gammaproteobacteria;o__Pseudomonadales;f__Pseudomonadaceae;g__Pseudomonas;s__alcaligenes	underclassification	5	0.666666666667	0.194366197183	0.300981461287
B1-REF	6	2	rdp	1.0	k__Bacteria;p__Actinobacteria;c__Actinobacteria;o__Actinomycetales;f__Micromonosporaceae	k__Bacteria;p__Actinobacteria;c__Actinobacteria;o__Actinomycetales;f__Micromonosporaceae;g__Micromonospora;s__purpureochromogenes	underclassification	5	0.666666666667	0.194366197183	0.300981461287
B1-REF	6	2	rdp	1.0	k__Bacteria;p__Actinobacteria;c__Actinobacteria;o__Actinomycetales	k__Bacteria;p__Actinobacteria;c__Actinobacteria;o__Actinomycetales;f__Streptomycetaceae;g__Streptomyces;s__globosus	underclassification	4	0.666666666667	0.194366197183	0.300981461287
B1-REF	6	2	rdp	1.0	k__Bacteria;p__Actinobacteria;c__Actinobacteria;o__Actinomycetales;f__Streptomycetaceae;g__Streptomyces	k__Bacteria;p__Actinobacteria;c__Actinobacteria;o__Actinomycetales;f__Streptomycetaceae;g__Streptomyces;s__cinnamonensis	match	6	0.666666666667	0.194366197183	0.300981461287
B1-REF	6	2	rdp	1.0	k__Bacteria;p__Cyanobacteria;c__Nostocophycideae;o__Nostocales;f__Nostocaceae	k__Bacteria;p__Cyanobacteria;c__Nostocophycideae;o__Nostocales;f__Nostocaceae;g__Anabaena;s__torulosa	underclassification	5	0.666666666667	0.194366197183	0.300981461287
B1-REF	6	2	rdp	1.0	k__Bacteria;p__Firmicutes;c__Bacilli	k__Bacteria;p__Firmicutes;c__Bacilli;o__Bacillales;f__Bacillaceae;g__Bacillus;s__halodurans	underclassification	3	0.666666666667	0.194366197183	0.300981461287
B1-REF	6	2	rdp	1.0	k__Bacteria;p__Planctomycetes;c__Planctomycetia;o__Gemmatales;f__Isosphaeraceae;g__Nostocoida;s__limicola	k__Bacteria;p__Planctomycetes;c__Planctomycetia;o__Gemmatales;f__Isosphaeraceae;g__Nostocoida;s__limicola III	overclassification	6	0.666666666667	0.194366197183	0.300981461287
B1-REF	6	2	rdp	1.0	k__Bacteria;p__Firmicutes;c__Bacilli;o__Lactobacillales;f__Streptococcaceae;g__Streptococcus	k__Bacteria;p__Firmicutes;c__Bacilli;o__Lactobacillales;f__Streptococcaceae;g__Streptococcus;s__luteciae	match	6	0.666666666667	0.194366197183	0.300981461287
B1-REF	6	2	rdp	1.0	k__Bacteria;p__Proteobacteria;c__Alphaproteobacteria	k__Bacteria;p__Proteobacteria;c__Alphaproteobacteria;o__Rhizobiales;f__Rhizobiaceae;g__Sinorhizobium;s__fredii	underclassification	3	0.666666666667	0.194366197183	0.300981461287
B1-REF	6	2	rdp	1.0	k__Bacteria;p__Proteobacteria;c__Alphaproteobacteria;o__Rhizobiales;f__Methylobacteriaceae;g__Methylobacterium	k__Bacteria;p__Proteobacteria;c__Alphaproteobacteria;o__Rhizobiales;f__Methylobacteriaceae;g__Methylobacterium;s__komagatae	match	6	0.666666666667	0.194366197183	0.300981461287
B1-REF	6	2	rdp	1.0	k__Bacteria;p__Actinobacteria;c__Actinobacteria;o__Actinomycetales;f__Streptomycetaceae;g__Streptomyces	k__Bacteria;p__Actinobacteria;c__Actinobacteria;o__Actinomycetales;f__Streptomycetaceae;g__Streptomyces;s__jumonjinensis	match	6	0.666666666667	0.194366197183	0.300981461287
B1-REF	6	2	rdp	1.0	k__Bacteria;p__Proteobacteria;c__Alphaproteobacteria	k__Bacteria;p__Proteobacteria;c__Alphaproteobacteria;o__Rhodobacterales;f__Rhodobacteraceae;g__Rhodobacter;s__sphaeroides	underclassification	3	0.666666666667	0.194366197183	0.300981461287
B1-REF	6	2	rdp	1.0	k__Bacteria;p__Proteobacteria;c__Gammaproteobacteria;o__Vibrionales;f__Pseudoalteromonadaceae;g__Pseudoalteromonas	k__Bacteria;p__Proteobacteria;c__Gammaproteobacteria;o__Vibrionales;f__Pseudoalteromonadaceae;g__Pseudoalteromonas;s__luteoviolacea	match	6	0.666666666667	0.194366197183	0.300981461287
B1-REF	6	2	rdp	1.0	k__Bacteria;p__Actinobacteria;c__Actinobacteria;o__Actinomycetales;f__Nocardiopsaceae;g__Nocardiopsis	k__Bacteria;p__Actinobacteria;c__Actinobacteria;o__Actinomycetales;f__Nocardiopsaceae;g__Nocardiopsis;s__aegyptia	match	6	0.666666666667	0.194366197183	0.300981461287
B1-REF	6	2	rdp	1.0	k__Bacteria;p__Firmicutes;c__Clostridia;o__Clostridiales;f__Lachnospiraceae	k__Bacteria;p__Firmicutes;c__Clostridia;o__Clostridiales;f__Lachnospiraceae;g__Hespellia;s__porcina	underclassification	5	0.666666666667	0.194366197183	0.300981461287
B1-REF	6	2	rdp	1.0	k__Bacteria;p__Proteobacteria;c__Alphaproteobacteria;o__Rhizobiales	k__Bacteria;p__Proteobacteria;c__Alphaproteobacteria;o__Rhizobiales;f__Beijerinckiaceae;g__Methylocapsa;s__acidiphila	underclassification	4	0.666666666667	0.194366197183	0.300981461287
B1-REF	6	2	rdp	1.0	Unclassified	k__Bacteria;p__Bacteroidetes;c__Bacteroidia;o__Bacteroidales;f__Prevotellaceae;g__Prevotella;s__nanceiensis	underclassification	0	0.666666666667	0.194366197183	0.300981461287
B1-REF	6	2	rdp	1.0	k__Bacteria;p__Proteobacteria;c__Betaproteobacteria;o__Neisseriales;f__Neisseriaceae	k__Bacteria;p__Proteobacteria;c__Betaproteobacteria;o__Neisseriales;f__Neisseriaceae;g__Chitinimonas;s__taiwanensis	underclassification	5	0.666666666667	0.194366197183	0.300981461287
B1-REF	6	2	rdp	1.0	k__Bacteria;p__Actinobacteria;c__Actinobacteria;o__Actinomycetales	k__Bacteria;p__Actinobacteria;c__Actinobacteria;o__Actinomycetales;f__Kineosporiaceae;g__Kineosporia;s__rhamnosa	underclassification	4	0.666666666667	0.194366197183	0.300981461287
B1-REF	6	2	rdp	1.0	k__Bacteria;p__Actinobacteria;c__Actinobacteria;o__Actinomycetales;f__Micromonosporaceae	k__Bacteria;p__Actinobacteria;c__Actinobacteria;o__Actinomycetales;f__Micromonosporaceae;g__Catenuloplanes;s__castaneus	underclassification	5	0.666666666667	0.194366197183	0.300981461287
B1-REF	6	2	rdp	1.0	k__Bacteria;p__Actinobacteria;c__Actinobacteria;o__Actinomycetales;f__Intrasporangiaceae;g__Knoellia;s__subterranea	k__Bacteria;p__Actinobacteria;c__Actinobacteria;o__Actinomycetales;f__Intrasporangiaceae;g__Tetrasphaera;s__remsis	misclassification	5	0.666666666667	0.194366197183	0.300981461287
B1-REF	6	2	rdp	1.0	k__Bacteria;p__Actinobacteria;c__Actinobacteria;o__Actinomycetales;f__Nocardiopsaceae	k__Bacteria;p__Actinobacteria;c__Actinobacteria;o__Actinomycetales;f__Nocardiopsaceae;g__Nocardiopsis;s__nikkonensis	underclassification	5	0.666666666667	0.194366197183	0.300981461287
B1-REF	6	2	rdp	1.0	k__Bacteria;p__Actinobacteria;c__Actinobacteria;o__Actinomycetales	k__Bacteria;p__Actinobacteria;c__Actinobacteria;o__Actinomycetales;f__Mycobacteriaceae;g__Mycobacterium;s__llatzerense	underclassification	4	0.666666666667	0.194366197183	0.300981461287
B1-REF	6	2	rdp	1.0	k__Bacteria;p__Proteobacteria;c__Gammaproteobacteria;o__Enterobacteriales;f__Enterobacteriaceae	k__Bacteria;p__Proteobacteria;c__Gammaproteobacteria;o__Enterobacteriales;f__Enterobacteriaceae;g__Xenorhabdus;s__japonica	underclassification	5	0.666666666667	0.194366197183	0.300981461287
B1-REF	6	2	rdp	1.0	k__Bacteria;p__Proteobacteria;c__Alphaproteobacteria;o__Rhodospirillales;f__Acetobacteraceae	k__Bacteria;p__Proteobacteria;c__Alphaproteobacteria;o__Rhodospirillales;f__Acetobacteraceae;g__Roseomonas;s__rosea	underclassification	5	0.666666666667	0.194366197183	0.300981461287
B1-REF	6	2	rdp	1.0	k__Bacteria;p__Proteobacteria;c__Gammaproteobacteria	k__Bacteria;p__Proteobacteria;c__Gammaproteobacteria;o__Alteromonadales;f__Colwelliaceae;g__Colwellia;s__piezophila	underclassification	3	0.666666666667	0.194366197183	0.300981461287
B1-REF	6	2	rdp	1.0	k__Archaea;p__Euryarchaeota;c__Thermococci;o__Thermococcales;f__Thermococcaceae;g__Thermococcus	k__Archaea;p__Euryarchaeota;c__Thermococci;o__Thermococcales;f__Thermococcaceae;g__Thermococcus;s__waiotapuensis	match	6	0.666666666667	0.194366197183	0.300981461287
B1-REF	6	2	rdp	1.0	k__Bacteria;p__Cyanobacteria;c__Nostocophycideae;o__Nostocales;f__Scytonemataceae;g__Brasilonema	k__Bacteria;p__Cyanobacteria;c__Nostocophycideae;o__Nostocales;f__Scytonemataceae;g__Brasilonema;s__roberti-lammi	match	6	0.666666666667	0.194366197183	0.300981461287
B1-REF	6	2	rdp	1.0	k__Bacteria;p__Proteobacteria;c__Gammaproteobacteria;o__Enterobacteriales;f__Enterobacteriaceae	k__Bacteria;p__Proteobacteria;c__Gammaproteobacteria;o__Enterobacteriales;f__Enterobacteriaceae;g__Serratia;s__proteamaculans	underclassification	5	0.666666666667	0.194366197183	0.300981461287
B1-REF	6	2	rdp	1.0	k__Bacteria;p__Actinobacteria;c__Actinobacteria;o__Actinomycetales	k__Bacteria;p__Actinobacteria;c__Actinobacteria;o__Actinomycetales;f__Microbacteriaceae;g__Microbacterium;s__chocolatum	underclassification	4	0.666666666667	0.194366197183	0.300981461287
B1-REF	6	2	rdp	1.0	k__Bacteria;p__Proteobacteria;c__Gammaproteobacteria;o__Oceanospirillales;f__Halomonadaceae	k__Bacteria;p__Proteobacteria;c__Gammaproteobacteria;o__Oceanospirillales;f__Halomonadaceae;g__Halomonas;s__halocynthiae	underclassification	5	0.666666666667	0.194366197183	0.300981461287
B1-REF	6	2	rdp	1.0	k__Bacteria;p__Bacteroidetes	k__Bacteria;p__Bacteroidetes;c__Sphingobacteriia;o__Sphingobacteriales;f__Sphingobacteriaceae;g__Sphingobacterium;s__faecium	underclassification	2	0.666666666667	0.194366197183	0.300981461287
B1-REF	6	2	rdp	1.0	k__Bacteria	k__Bacteria;p__Firmicutes;c__Bacilli;o__Lactobacillales;f__Leuconostocaceae;g__Weissella;s__beninensis	underclassification	1	0.666666666667	0.194366197183	0.300981461287
B1-REF	6	2	rdp	1.0	k__Bacteria;p__Actinobacteria;c__Actinobacteria;o__Actinomycetales;f__Micrococcaceae	k__Bacteria;p__Actinobacteria;c__Actinobacteria;o__Actinomycetales;f__Micrococcaceae;g__Arthrobacter;s__kerguelensis	underclassification	5	0.666666666667	0.194366197183	0.300981461287
B1-REF	6	2	rdp	1.0	k__Bacteria;p__Proteobacteria;c__Gammaproteobacteria;o__Pasteurellales;f__Pasteurellaceae	k__Bacteria;p__Proteobacteria;c__Gammaproteobacteria;o__Pasteurellales;f__Pasteurellaceae;g__Haemophilus;s__parasuis	underclassification	5	0.666666666667	0.194366197183	0.300981461287
B1-REF	6	2	rdp	1.0	k__Bacteria;p__Proteobacteria;c__Gammaproteobacteria;o__Pasteurellales;f__Pasteurellaceae	k__Bacteria;p__Proteobacteria;c__Gammaproteobacteria;o__Pasteurellales;f__Pasteurellaceae;g__Haemophilus;s__felis	underclassification	5	0.666666666667	0.194366197183	0.300981461287
B1-REF	6	2	rdp	1.0	k__Bacteria;p__Proteobacteria;c__Alphaproteobacteria	k__Bacteria;p__Proteobacteria;c__Alphaproteobacteria;o__Caulobacterales;f__Caulobacteraceae;g__Brevundimonas;s__staleyi	underclassification	3	0.666666666667	0.194366197183	0.300981461287
B1-REF	6	2	rdp	1.0	k__Bacteria;p__Proteobacteria;c__Alphaproteobacteria;o__Sphingomonadales	k__Bacteria;p__Proteobacteria;c__Alphaproteobacteria;o__Sphingomonadales;f__Erythrobacteraceae;g__Erythrobacter;s__gaetbuli	underclassification	4	0.666666666667	0.194366197183	0.300981461287
B1-REF	6	2	rdp	1.0	k__Bacteria;p__Proteobacteria;c__Gammaproteobacteria	k__Bacteria;p__Proteobacteria;c__Gammaproteobacteria;o__Xanthomonadales;f__Xanthomonadaceae;g__Pseudoxanthomonas;s__mexicana	underclassification	3	0.666666666667	0.194366197183	0.300981461287
B1-REF	6	2	rdp	1.0	k__Bacteria;p__Proteobacteria;c__Alphaproteobacteria;o__Rhodospirillales;f__Rhodospirillaceae;g__Stella;s__vacuolata	k__Bacteria;p__Proteobacteria;c__Alphaproteobacteria;o__Rhodospirillales;f__Rhodospirillaceae;g__Stella;s__humosa	overclassification	6	0.666666666667	0.194366197183	0.300981461287
B1-REF	6	2	rdp	1.0	k__Bacteria;p__Proteobacteria;c__Betaproteobacteria;o__Burkholderiales	k__Bacteria;p__Proteobacteria;c__Betaproteobacteria;o__Burkholderiales;f__Oxalobacteraceae;g__Herbaspirillum;s__hiltneri	underclassification	4	0.666666666667	0.194366197183	0.300981461287
B1-REF	6	2	rdp	1.0	k__Bacteria;p__Tenericutes;c__Mollicutes;o__Mycoplasmatales;f__Mycoplasmataceae;g__Mycoplasma	k__Bacteria;p__Tenericutes;c__Mollicutes;o__Mycoplasmatales;f__Mycoplasmataceae;g__Mycoplasma;s__microti	match	6	0.666666666667	0.194366197183	0.300981461287
B1-REF	6	2	rdp	1.0	k__Bacteria;p__Proteobacteria;c__Alphaproteobacteria	k__Bacteria;p__Proteobacteria;c__Alphaproteobacteria;o__Rhodobacterales;f__Rhodobacteraceae;g__Roseovarius;s__tolerans	underclassification	3	0.666666666667	0.194366197183	0.300981461287
B1-REF	6	2	rdp	1.0	k__Bacteria;p__Proteobacteria;c__Gammaproteobacteria;o__Vibrionales	k__Bacteria;p__Proteobacteria;c__Gammaproteobacteria;o__Vibrionales;f__Vibrionaceae;g__Vibrio;s__fortis	underclassification	4	0.666666666667	0.194366197183	0.300981461287
B1-REF	6	2	rdp	1.0	k__Bacteria;p__Firmicutes;c__Bacilli;o__Bacillales	k__Bacteria;p__Firmicutes;c__Bacilli;o__Bacillales;f__Planococcaceae;g__Bacillus;s__psychrotolerans	underclassification	4	0.666666666667	0.194366197183	0.300981461287
B1-REF	6	2	rdp	1.0	k__Bacteria;p__Bacteroidetes;c__Cytophagia;o__Cytophagales;f__Cyclobacteriaceae	k__Bacteria;p__Bacteroidetes;c__Cytophagia;o__Cytophagales;f__Cyclobacteriaceae;g__Belliella;s__pelovolcani	underclassification	5	0.666666666667	0.194366197183	0.300981461287
B1-REF	6	2	rdp	1.0	k__Bacteria;p__Proteobacteria;c__Gammaproteobacteria;o__Enterobacteriales;f__Enterobacteriaceae	k__Bacteria;p__Proteobacteria;c__Gammaproteobacteria;o__Enterobacteriales;f__Enterobacteriaceae;g__Cronobacter;s__muytjensii	underclassification	5	0.666666666667	0.194366197183	0.300981461287
B1-REF	6	2	rdp	1.0	k__Bacteria;p__Firmicutes;c__Clostridia;o__Clostridiales;f__Lachnospiraceae;g__Clostridium	k__Bacteria;p__Firmicutes;c__Clostridia;o__Clostridiales;f__Lachnospiraceae;g__Clostridium;s__indolis	match	6	0.666666666667	0.194366197183	0.300981461287
B1-REF	6	2	rdp	1.0	k__Bacteria;p__Firmicutes;c__Bacilli;o__Bacillales	k__Bacteria;p__Firmicutes;c__Bacilli;o__Bacillales;f__Bacillaceae;g__Bacillus;s__horikoshii	underclassification	4	0.666666666667	0.194366197183	0.300981461287
B1-REF	6	2	rdp	1.0	k__Bacteria;p__Actinobacteria;c__Actinobacteria;o__Actinomycetales;f__Streptosporangiaceae	k__Bacteria;p__Actinobacteria;c__Actinobacteria;o__Actinomycetales;f__Streptosporangiaceae;g__Planotetraspora;s__kaengkrachanensis	underclassification	5	0.666666666667	0.194366197183	0.300981461287
B1-REF	6	2	rdp	1.0	k__Bacteria;p__Firmicutes;c__Bacilli;o__Bacillales	k__Bacteria;p__Firmicutes;c__Bacilli;o__Bacillales;f__Staphylococcaceae;g__Staphylococcus;s__haemolyticus	underclassification	4	0.666666666667	0.194366197183	0.300981461287
B1-REF	6	2	rdp	1.0	k__Archaea;p__Euryarchaeota;c__Archaeoglobi;o__Archaeoglobales;f__Archaeoglobaceae;g__Archaeoglobus;s__veneficus	k__Archaea;p__Euryarchaeota;c__Archaeoglobi;o__Archaeoglobales;f__Archaeoglobaceae;g__Archaeoglobus;s__fulgidus	overclassification	6	0.666666666667	0.194366197183	0.300981461287
B1-REF	6	2	rdp	1.0	k__Bacteria;p__Actinobacteria;c__Actinobacteria;o__Actinomycetales	k__Bacteria;p__Actinobacteria;c__Actinobacteria;o__Actinomycetales;f__Micrococcaceae;g__Kocuria;s__palustris	underclassification	4	0.666666666667	0.194366197183	0.300981461287
B1-REF	6	2	rdp	1.0	k__Bacteria;p__Firmicutes;c__Bacilli;o__Bacillales	k__Bacteria;p__Firmicutes;c__Bacilli;o__Bacillales;f__Bacillaceae;g__Bacillus;s__anthracis	underclassification	4	0.666666666667	0.194366197183	0.300981461287
B1-REF	6	2	rdp	1.0	k__Bacteria;p__Proteobacteria;c__Gammaproteobacteria;o__Vibrionales	k__Bacteria;p__Proteobacteria;c__Gammaproteobacteria;o__Vibrionales;f__Pseudoalteromonadaceae;g__Vibrio;s__natriegens	underclassification	4	0.666666666667	0.194366197183	0.300981461287
B1-REF	6	2	rdp	1.0	k__Bacteria;p__Bacteroidetes	k__Bacteria;p__Bacteroidetes;c__Bacteroidia;o__Bacteroidales;f__Porphyromonadaceae;g__Parabacteroides;s__distasonis	underclassification	2	0.666666666667	0.194366197183	0.300981461287
B1-REF	6	2	rdp	1.0	k__Bacteria	k__Bacteria;p__Bacteroidetes;c__Saprospirae;o__Saprospirales;f__Saprospiraceae;g__Lewinella;s__nigricans	underclassification	1	0.666666666667	0.194366197183	0.300981461287
B1-REF	6	2	rdp	1.0	k__Bacteria;p__Proteobacteria;c__Gammaproteobacteria;o__Enterobacteriales;f__Enterobacteriaceae	k__Bacteria;p__Proteobacteria;c__Gammaproteobacteria;o__Enterobacteriales;f__Enterobacteriaceae;g__Buttiauxella;s__noackiae	underclassification	5	0.666666666667	0.194366197183	0.300981461287
B1-REF	6	2	rdp	1.0	k__Bacteria;p__Actinobacteria;c__Actinobacteria;o__Actinomycetales;f__Streptomycetaceae	k__Bacteria;p__Actinobacteria;c__Actinobacteria;o__Actinomycetales;f__Streptomycetaceae;g__Streptomyces;s__aburaviensis	underclassification	5	0.666666666667	0.194366197183	0.300981461287
B1-REF	6	2	rdp	1.0	k__Bacteria;p__Firmicutes;c__Bacilli	k__Bacteria;p__Firmicutes;c__Bacilli;o__Bacillales;f__Bacillaceae;g__Ornithinibacillus;s__bavariensis	underclassification	3	0.666666666667	0.194366197183	0.300981461287
B1-REF	6	2	rdp	1.0	k__Bacteria	k__Bacteria;p__Proteobacteria;c__Deltaproteobacteria;o__Desulfovibrionales;f__Desulfovibrionaceae;g__Desulfovibrio;s__sulfodismutans	underclassification	1	0.666666666667	0.194366197183	0.300981461287
B1-REF	6	2	rdp	1.0	k__Bacteria;p__Firmicutes;c__Bacilli	k__Bacteria;p__Firmicutes;c__Bacilli;o__Lactobacillales;f__Enterococcaceae;g__Enterococcus;s__haemoperoxidus	underclassification	3	0.666666666667	0.194366197183	0.300981461287
B1-REF	6	2	rdp	1.0	k__Bacteria;p__Proteobacteria;c__Alphaproteobacteria;o__Rhizobiales	k__Bacteria;p__Proteobacteria;c__Alphaproteobacteria;o__Rhizobiales;f__Xanthobacteraceae;g__Xanthobacter;s__autotrophicus	underclassification	4	0.666666666667	0.194366197183	0.300981461287
B1-REF	6	2	rdp	1.0	k__Bacteria;p__Proteobacteria;c__Alphaproteobacteria;o__Caulobacterales;f__Caulobacteraceae;g__Brevundimonas	k__Bacteria;p__Proteobacteria;c__Alphaproteobacteria;o__Caulobacterales;f__Caulobacteraceae;g__Brevundimonas;s__aurantiaca	match	6	0.666666666667	0.194366197183	0.300981461287
B1-REF	6	2	rdp	1.0	k__Bacteria;p__Proteobacteria;c__Alphaproteobacteria;o__Sphingomonadales;f__Erythrobacteraceae	k__Bacteria;p__Proteobacteria;c__Alphaproteobacteria;o__Sphingomonadales;f__Erythrobacteraceae;g__Erythrobacter;s__seohaensis	underclassification	5	0.666666666667	0.194366197183	0.300981461287
B1-REF	6	2	rdp	1.0	k__Bacteria;p__Actinobacteria;c__Actinobacteria;o__Actinomycetales;f__Micrococcaceae	k__Bacteria;p__Actinobacteria;c__Actinobacteria;o__Actinomycetales;f__Micrococcaceae;g__Arthrobacter;s__psychrophenolicus	underclassification	5	0.666666666667	0.194366197183	0.300981461287
B1-REF	6	2	rdp	1.0	k__Bacteria;p__Cyanobacteria;c__Oscillatoriophycideae;o__Oscillatoriales;f__Phormidiaceae;g__Oscillatoria	k__Bacteria;p__Cyanobacteria;c__Oscillatoriophycideae;o__Oscillatoriales;f__Phormidiaceae;g__Oscillatoria;s__margaritifera	match	6	0.666666666667	0.194366197183	0.300981461287
B1-REF	6	2	rdp	1.0	k__Bacteria;p__Proteobacteria;c__Gammaproteobacteria;o__Methylococcales;f__Methylococcaceae	k__Bacteria;p__Proteobacteria;c__Gammaproteobacteria;o__Methylococcales;f__Methylococcaceae;g__Methylosarcina;s__fibrata	underclassification	5	0.666666666667	0.194366197183	0.300981461287
B1-REF	6	2	rdp	1.0	k__Bacteria;p__Actinobacteria;c__Actinobacteria;o__Actinomycetales	k__Bacteria;p__Actinobacteria;c__Actinobacteria;o__Actinomycetales;f__Actinosynnemataceae;g__Lentzea;s__albida	underclassification	4	0.666666666667	0.194366197183	0.300981461287
B1-REF	6	2	rdp	1.0	k__Bacteria;p__Proteobacteria;c__Alphaproteobacteria	k__Bacteria;p__Proteobacteria;c__Alphaproteobacteria;o__Sphingomonadales;f__Erythrobacteraceae;g__Erythrobacter;s__longus	underclassification	3	0.666666666667	0.194366197183	0.300981461287
B1-REF	6	2	rdp	1.0	k__Bacteria;p__Actinobacteria;c__Actinobacteria;o__Actinomycetales;f__Micrococcaceae;g__Arthrobacter	k__Bacteria;p__Actinobacteria;c__Actinobacteria;o__Actinomycetales;f__Micrococcaceae;g__Arthrobacter;s__tumbae	match	6	0.666666666667	0.194366197183	0.300981461287
B1-REF	6	2	rdp	1.0	k__Bacteria;p__Proteobacteria;c__Betaproteobacteria;o__Neisseriales;f__Neisseriaceae	k__Bacteria;p__Proteobacteria;c__Betaproteobacteria;o__Neisseriales;f__Neisseriaceae;g__Neisseria;s__elongata	underclassification	5	0.666666666667	0.194366197183	0.300981461287
B1-REF	6	2	rdp	1.0	k__Bacteria;p__Firmicutes;c__Bacilli;o__Bacillales	k__Bacteria;p__Firmicutes;c__Bacilli;o__Bacillales;f__Planococcaceae;g__Bacillus;s__odysseyi	underclassification	4	0.666666666667	0.194366197183	0.300981461287
B1-REF	6	2	rdp	1.0	k__Archaea;p__Euryarchaeota;c__Halobacteria;o__Halobacteriales;f__Halobacteriaceae	k__Archaea;p__Euryarchaeota;c__Halobacteria;o__Halobacteriales;f__Halobacteriaceae;g__Natronolimnobius;s__baerhuensis	underclassification	5	0.666666666667	0.194366197183	0.300981461287
B1-REF	6	2	rdp	1.0	k__Bacteria;p__Proteobacteria;c__Gammaproteobacteria;o__Oceanospirillales;f__Halomonadaceae;g__Halomonas	k__Bacteria;p__Proteobacteria;c__Gammaproteobacteria;o__Oceanospirillales;f__Halomonadaceae;g__Halomonas;s__rifensis	match	6	0.666666666667	0.194366197183	0.300981461287
B1-REF	6	2	rdp	1.0	k__Bacteria;p__Actinobacteria;c__Actinobacteria;o__Actinomycetales;f__Streptomycetaceae	k__Bacteria;p__Actinobacteria;c__Actinobacteria;o__Actinomycetales;f__Streptomycetaceae;g__Streptomyces;s__nashvillensis	underclassification	5	0.666666666667	0.194366197183	0.300981461287
B1-REF	6	2	rdp	1.0	k__Bacteria;p__Proteobacteria;c__Betaproteobacteria	k__Bacteria;p__Proteobacteria;c__Betaproteobacteria;o__Nitrosomonadales;f__Nitrosomonadaceae;g__Nitrosospira;s__briensis	underclassification	3	0.666666666667	0.194366197183	0.300981461287
B1-REF	6	2	rdp	1.0	k__Archaea;p__Euryarchaeota;c__Halobacteria;o__Halobacteriales;f__Halobacteriaceae	k__Archaea;p__Euryarchaeota;c__Halobacteria;o__Halobacteriales;f__Halobacteriaceae;g__Natronorubrum;s__bangense	underclassification	5	0.666666666667	0.194366197183	0.300981461287
B1-REF	6	2	rdp	1.0	k__Bacteria;p__Proteobacteria;c__Alphaproteobacteria	k__Bacteria;p__Proteobacteria;c__Alphaproteobacteria;o__Rhodobacterales;f__Rhodobacteraceae;g__Thioclava;s__VS-127	underclassification	3	0.666666666667	0.194366197183	0.300981461287
B1-REF	6	2	rdp	1.0	k__Bacteria;p__Proteobacteria;c__Gammaproteobacteria;o__Enterobacteriales;f__Enterobacteriaceae	k__Bacteria;p__Proteobacteria;c__Gammaproteobacteria;o__Enterobacteriales;f__Enterobacteriaceae;g__Enterobacter;s__hormaechei	underclassification	5	0.666666666667	0.194366197183	0.300981461287
B1-REF	6	2	rdp	1.0	k__Bacteria;p__Proteobacteria;c__Betaproteobacteria;o__Burkholderiales;f__Alcaligenaceae	k__Bacteria;p__Proteobacteria;c__Betaproteobacteria;o__Burkholderiales;f__Alcaligenaceae;g__Castellaniella;s__denitrificans	underclassification	5	0.666666666667	0.194366197183	0.300981461287
B1-REF	6	2	rdp	1.0	k__Bacteria;p__Actinobacteria;c__Actinobacteria;o__Actinomycetales;f__Streptosporangiaceae	k__Bacteria;p__Actinobacteria;c__Actinobacteria;o__Actinomycetales;f__Streptosporangiaceae;g__Microbispora;s__mesophila	underclassification	5	0.666666666667	0.194366197183	0.300981461287
B1-REF	6	2	rdp	1.0	k__Archaea;p__Euryarchaeota;c__Halobacteria;o__Halobacteriales;f__Halobacteriaceae	k__Archaea;p__Euryarchaeota;c__Halobacteria;o__Halobacteriales;f__Halobacteriaceae;g__Halomicrobium;s__mukohataei	underclassification	5	0.666666666667	0.194366197183	0.300981461287
B1-REF	6	2	rdp	1.0	k__Bacteria	k__Bacteria;p__Tenericutes;c__Mollicutes;o__Mycoplasmatales;f__Mycoplasmataceae;g__Mycoplasma;s__zalophi	underclassification	1	0.666666666667	0.194366197183	0.300981461287
B1-REF	6	2	rdp	1.0	k__Bacteria;p__Proteobacteria;c__Gammaproteobacteria;o__Vibrionales	k__Bacteria;p__Proteobacteria;c__Gammaproteobacteria;o__Vibrionales;f__Pseudoalteromonadaceae;g__Vibrio;s__communis	underclassification	4	0.666666666667	0.194366197183	0.300981461287
B1-REF	6	2	rdp	1.0	k__Archaea;p__Euryarchaeota;c__Halobacteria;o__Halobacteriales;f__Halobacteriaceae	k__Archaea;p__Euryarchaeota;c__Halobacteria;o__Halobacteriales;f__Halobacteriaceae;g__Halobellus;s__clavatus	underclassification	5	0.666666666667	0.194366197183	0.300981461287
B1-REF	6	2	rdp	1.0	k__Bacteria;p__Proteobacteria;c__Gammaproteobacteria	k__Bacteria;p__Proteobacteria;c__Gammaproteobacteria;o__Aeromonadales;f__Aeromonadaceae;g__Aeromonas;s__media	underclassification	3	0.666666666667	0.194366197183	0.300981461287
B1-REF	6	2	rdp	1.0	k__Bacteria;p__Proteobacteria;c__Alphaproteobacteria;o__Rhizobiales;f__Bradyrhizobiaceae	k__Bacteria;p__Proteobacteria;c__Alphaproteobacteria;o__Rhizobiales;f__Bradyrhizobiaceae;g__Afipia;s__massiliensis	underclassification	5	0.666666666667	0.194366197183	0.300981461287
B1-REF	6	2	rdp	1.0	k__Bacteria;p__Proteobacteria;c__Betaproteobacteria;o__Burkholderiales;f__Comamonadaceae	k__Bacteria;p__Proteobacteria;c__Betaproteobacteria;o__Burkholderiales;f__Comamonadaceae;g__Pelomonas;s__saccharophila	underclassification	5	0.666666666667	0.194366197183	0.300981461287
B1-REF	6	2	rdp	1.0	k__Bacteria;p__Proteobacteria;c__Betaproteobacteria;o__Burkholderiales;f__Comamonadaceae	k__Bacteria;p__Proteobacteria;c__Betaproteobacteria;o__Burkholderiales;f__Comamonadaceae;g__Acidovorax;s__defluvii	underclassification	5	0.666666666667	0.194366197183	0.300981461287
B1-REF	6	2	rdp	1.0	k__Bacteria;p__Proteobacteria;c__Betaproteobacteria;o__Burkholderiales;f__Comamonadaceae	k__Bacteria;p__Proteobacteria;c__Betaproteobacteria;o__Burkholderiales;f__Comamonadaceae;g__Simplicispira;s__metamorpha	underclassification	5	0.666666666667	0.194366197183	0.300981461287
B1-REF	6	2	rdp	1.0	k__Bacteria;p__Actinobacteria;c__Actinobacteria;o__Actinomycetales;f__Streptosporangiaceae	k__Bacteria;p__Actinobacteria;c__Actinobacteria;o__Actinomycetales;f__Streptosporangiaceae;g__Planobispora;s__rosea	underclassification	5	0.666666666667	0.194366197183	0.300981461287
B1-REF	6	2	rdp	1.0	k__Bacteria;p__Proteobacteria;c__Betaproteobacteria;o__Burkholderiales;f__Comamonadaceae	k__Bacteria;p__Proteobacteria;c__Betaproteobacteria;o__Burkholderiales;f__Comamonadaceae;g__Leptothrix;s__mobilis	underclassification	5	0.666666666667	0.194366197183	0.300981461287
B1-REF	6	2	rdp	1.0	k__Bacteria;p__Proteobacteria;c__Betaproteobacteria;o__Burkholderiales;f__Comamonadaceae	k__Bacteria;p__Proteobacteria;c__Betaproteobacteria;o__Burkholderiales;f__Comamonadaceae;g__Sphaerotilus;s__montanus	underclassification	5	0.666666666667	0.194366197183	0.300981461287
B1-REF	6	2	rdp	1.0	k__Bacteria;p__Firmicutes;c__Bacilli;o__Bacillales;f__Bacillaceae;g__Bacillus	k__Bacteria;p__Firmicutes;c__Bacilli;o__Bacillales;f__Bacillaceae;g__Bacillus;s__saliphilus	match	6	0.666666666667	0.194366197183	0.300981461287
B1-REF	6	2	rdp	1.0	k__Bacteria;p__Firmicutes;c__Bacilli	k__Bacteria;p__Firmicutes;c__Bacilli;o__Bacillales;f__Bacillaceae;g__Bacillus;s__pichinotyi	underclassification	3	0.666666666667	0.194366197183	0.300981461287
B1-REF	6	2	rdp	1.0	k__Bacteria;p__Tenericutes;c__Mollicutes;o__Entomoplasmatales;f__Entomoplasmataceae;g__Mycoplasma	k__Bacteria;p__Tenericutes;c__Mollicutes;o__Entomoplasmatales;f__Entomoplasmataceae;g__Mycoplasma;s__leachii	match	6	0.666666666667	0.194366197183	0.300981461287
B1-REF	6	2	rdp	1.0	k__Bacteria;p__Proteobacteria;c__Gammaproteobacteria;o__Enterobacteriales;f__Enterobacteriaceae	k__Bacteria;p__Proteobacteria;c__Gammaproteobacteria;o__Enterobacteriales;f__Enterobacteriaceae;g__Serratia;s__ureilytica	underclassification	5	0.666666666667	0.194366197183	0.300981461287
B1-REF	6	2	rdp	1.0	k__Bacteria;p__Proteobacteria;c__Betaproteobacteria	k__Bacteria;p__Proteobacteria;c__Betaproteobacteria;o__Burkholderiales;f__Burkholderiaceae;g__Burkholderia;s__tuberum	underclassification	3	0.666666666667	0.194366197183	0.300981461287
B1-REF	6	2	rdp	1.0	k__Bacteria;p__Firmicutes;c__Bacilli;o__Lactobacillales;f__Lactobacillaceae	k__Bacteria;p__Firmicutes;c__Bacilli;o__Lactobacillales;f__Lactobacillaceae;g__Lactobacillus;s__coleohominis	underclassification	5	0.666666666667	0.194366197183	0.300981461287
B1-REF	6	2	rdp	1.0	k__Bacteria;p__Proteobacteria;c__Gammaproteobacteria;o__Alteromonadales;f__Chromatiaceae	k__Bacteria;p__Proteobacteria;c__Gammaproteobacteria;o__Alteromonadales;f__Chromatiaceae;g__Rheinheimera;s__aquimaris	underclassification	5	0.666666666667	0.194366197183	0.300981461287
B1-REF	6	2	rdp	1.0	k__Bacteria;p__Actinobacteria;c__Actinobacteria;o__Actinomycetales;f__Micromonosporaceae	k__Bacteria;p__Actinobacteria;c__Actinobacteria;o__Actinomycetales;f__Micromonosporaceae;g__Catenuloplanes;s__crispus	underclassification	5	0.666666666667	0.194366197183	0.300981461287
B1-REF	6	2	rdp	1.0	k__Bacteria;p__Actinobacteria;c__Actinobacteria;o__Actinomycetales	k__Bacteria;p__Actinobacteria;c__Actinobacteria;o__Actinomycetales;f__Pseudonocardiaceae;g__Saccharomonospora;s__marina	underclassification	4	0.666666666667	0.194366197183	0.300981461287
B1-REF	6	2	rdp	1.0	k__Bacteria;p__Bacteroidetes;c__Flavobacteriia;o__Flavobacteriales;f__Flavobacteriaceae;g__Poriferibacter;s__numazuense	k__Bacteria;p__Bacteroidetes;c__Flavobacteriia;o__Flavobacteriales;f__Flavobacteriaceae;g__Poriferibacter;s__palauense	overclassification	6	0.666666666667	0.194366197183	0.300981461287
B1-REF	6	2	rdp	1.0	k__Bacteria;p__Actinobacteria;c__Actinobacteria;o__Actinomycetales;f__Propionibacteriaceae;g__Tessaracoccus;s__flavescens	k__Bacteria;p__Actinobacteria;c__Actinobacteria;o__Actinomycetales;f__Propionibacteriaceae;g__Tessaracoccus;s__bendigoensis	overclassification	6	0.666666666667	0.194366197183	0.300981461287
B1-REF	6	2	rdp	1.0	k__Bacteria;p__Actinobacteria;c__Actinobacteria;o__Actinomycetales;f__Streptomycetaceae;g__Streptomyces	k__Bacteria;p__Actinobacteria;c__Actinobacteria;o__Actinomycetales;f__Streptomycetaceae;g__Streptomyces;s__roseolus	match	6	0.666666666667	0.194366197183	0.300981461287
B1-REF	6	2	rdp	1.0	k__Archaea;p__Euryarchaeota;c__Halobacteria;o__Halobacteriales;f__Halobacteriaceae	k__Archaea;p__Euryarchaeota;c__Halobacteria;o__Halobacteriales;f__Halobacteriaceae;g__Halobiforma;s__nitratireducens	underclassification	5	0.666666666667	0.194366197183	0.300981461287
B1-REF	6	2	rdp	1.0	k__Bacteria;p__Proteobacteria;c__Betaproteobacteria;o__Neisseriales;f__Neisseriaceae	k__Bacteria;p__Proteobacteria;c__Betaproteobacteria;o__Neisseriales;f__Neisseriaceae;g__Silvimonas;s__terrae	underclassification	5	0.666666666667	0.194366197183	0.300981461287
B1-REF	6	2	rdp	1.0	k__Bacteria;p__Tenericutes;c__Mollicutes;o__Entomoplasmatales;f__Entomoplasmataceae	k__Bacteria;p__Tenericutes;c__Mollicutes;o__Entomoplasmatales;f__Entomoplasmataceae;g__Entomoplasma;s__somnilux	underclassification	5	0.666666666667	0.194366197183	0.300981461287
B1-REF	6	2	rdp	1.0	k__Bacteria;p__Proteobacteria;c__Gammaproteobacteria;o__Vibrionales	k__Bacteria;p__Proteobacteria;c__Gammaproteobacteria;o__Vibrionales;f__Vibrionaceae;g__Vibrio;s__superstes	underclassification	4	0.666666666667	0.194366197183	0.300981461287
B1-REF	6	2	rdp	1.0	k__Bacteria;p__Proteobacteria;c__Gammaproteobacteria;o__Chromatiales;f__Chromatiaceae	k__Bacteria;p__Proteobacteria;c__Gammaproteobacteria;o__Chromatiales;f__Chromatiaceae;g__Thiocystis;s__minor	underclassification	5	0.666666666667	0.194366197183	0.300981461287
B1-REF	6	2	rdp	1.0	k__Archaea;p__Euryarchaeota;c__Thermococci;o__Thermococcales;f__Thermococcaceae	k__Archaea;p__Euryarchaeota;c__Thermococci;o__Thermococcales;f__Thermococcaceae;g__Thermococcus;s__aggregans	underclassification	5	0.666666666667	0.194366197183	0.300981461287
B1-REF	6	2	rdp	1.0	k__Bacteria;p__Actinobacteria;c__Actinobacteria;o__Actinomycetales;f__Micromonosporaceae	k__Bacteria;p__Actinobacteria;c__Actinobacteria;o__Actinomycetales;f__Micromonosporaceae;g__Catenuloplanes;s__niger	underclassification	5	0.666666666667	0.194366197183	0.300981461287
B1-REF	6	2	rdp	1.0	k__Bacteria;p__Actinobacteria;c__Actinobacteria;o__Actinomycetales;f__Thermomonosporaceae;g__Actinomadura	k__Bacteria;p__Actinobacteria;c__Actinobacteria;o__Actinomycetales;f__Thermomonosporaceae;g__Actinomadura;s__namibiensis	match	6	0.666666666667	0.194366197183	0.300981461287
B1-REF	6	2	rdp	1.0	k__Bacteria;p__Actinobacteria;c__Actinobacteria;o__Actinomycetales;f__Nocardiopsaceae;g__Thermobifida;s__fusca	k__Bacteria;p__Actinobacteria;c__Actinobacteria;o__Actinomycetales;f__Nocardiopsaceae;g__Thermobifida;s__cellulosilytica	overclassification	6	0.666666666667	0.194366197183	0.300981461287
B1-REF	6	2	rdp	1.0	k__Bacteria;p__Firmicutes;c__Clostridia;o__Clostridiales;f__Clostridiaceae;g__Clostridium	k__Bacteria;p__Firmicutes;c__Clostridia;o__Clostridiales;f__Clostridiaceae;g__Clostridium;s__colicanis	match	6	0.666666666667	0.194366197183	0.300981461287
B1-REF	6	2	rdp	1.0	k__Bacteria;p__Proteobacteria;c__Alphaproteobacteria;o__Rhodospirillales;f__Acetobacteraceae	k__Bacteria;p__Proteobacteria;c__Alphaproteobacteria;o__Rhodospirillales;f__Acetobacteraceae;g__Roseomonas;s__genomospecies	underclassification	5	0.666666666667	0.194366197183	0.300981461287
B1-REF	6	2	rdp	1.0	k__Bacteria;p__Proteobacteria;c__Gammaproteobacteria;o__Pasteurellales;f__Pasteurellaceae	k__Bacteria;p__Proteobacteria;c__Gammaproteobacteria;o__Pasteurellales;f__Pasteurellaceae;g__Gallibacterium;s__melopsittaci	underclassification	5	0.666666666667	0.194366197183	0.300981461287
B1-REF	6	2	rdp	1.0	k__Bacteria;p__Firmicutes;c__Bacilli;o__Bacillales;f__Bacillaceae;g__Bacillus	k__Bacteria;p__Firmicutes;c__Bacilli;o__Bacillales;f__Bacillaceae;g__Bacillus;s__qingdaonensis	match	6	0.666666666667	0.194366197183	0.300981461287
B1-REF	6	2	rdp	1.0	k__Bacteria;p__Actinobacteria;c__Actinobacteria;o__Actinomycetales;f__Micrococcaceae;g__Arthrobacter	k__Bacteria;p__Actinobacteria;c__Actinobacteria;o__Actinomycetales;f__Micrococcaceae;g__Arthrobacter;s__chlorophenolicus	match	6	0.666666666667	0.194366197183	0.300981461287
B1-REF	6	2	rdp	1.0	k__Bacteria;p__Firmicutes;c__Bacilli;o__Lactobacillales	k__Bacteria;p__Firmicutes;c__Bacilli;o__Lactobacillales;f__Lactobacillaceae;g__Lactobacillus;s__helveticus	underclassification	4	0.666666666667	0.194366197183	0.300981461287
B1-REF	6	2	rdp	1.0	k__Bacteria;p__Actinobacteria;c__Actinobacteria;o__Actinomycetales;f__Streptosporangiaceae	k__Bacteria;p__Actinobacteria;c__Actinobacteria;o__Actinomycetales;f__Streptosporangiaceae;g__Microtetraspora;s__malaysiensis	underclassification	5	0.666666666667	0.194366197183	0.300981461287
B1-REF	6	2	rdp	1.0	k__Bacteria;p__Actinobacteria;c__Actinobacteria;o__Actinomycetales;f__Streptomycetaceae;g__Streptomyces	k__Bacteria;p__Actinobacteria;c__Actinobacteria;o__Actinomycetales;f__Streptomycetaceae;g__Streptomyces;s__platensis	match	6	0.666666666667	0.194366197183	0.300981461287
B1-REF	6	2	rdp	1.0	k__Bacteria;p__Proteobacteria;c__Gammaproteobacteria;o__Xanthomonadales;f__Xanthomonadaceae	k__Bacteria;p__Proteobacteria;c__Gammaproteobacteria;o__Xanthomonadales;f__Xanthomonadaceae;g__Silanimonas;s__lenta	underclassification	5	0.666666666667	0.194366197183	0.300981461287
B1-REF	6	2	rdp	1.0	k__Bacteria;p__Tenericutes;c__Mollicutes;o__Entomoplasmatales;f__Entomoplasmataceae	k__Bacteria;p__Tenericutes;c__Mollicutes;o__Entomoplasmatales;f__Entomoplasmataceae;g__Mesoplasma;s__photuris	underclassification	5	0.666666666667	0.194366197183	0.300981461287
B1-REF	6	2	rdp	1.0	k__Bacteria;p__Aquificae;c__Aquificae;o__Aquificales;f__Hydrogenothermaceae	k__Bacteria;p__Aquificae;c__Aquificae;o__Aquificales;f__Hydrogenothermaceae;g__Persephonella;s__guaymasensis	underclassification	5	0.666666666667	0.194366197183	0.300981461287
B1-REF	6	2	rdp	1.0	k__Bacteria	k__Bacteria;p__Firmicutes;c__Erysipelotrichi;o__Erysipelotrichales;f__Erysipelotrichaceae;g__Eubacterium;s__cylindroides	underclassification	1	0.666666666667	0.194366197183	0.300981461287
B1-REF	6	2	rdp	1.0	k__Bacteria;p__Proteobacteria;c__Gammaproteobacteria;o__Legionellales;f__Legionellaceae;g__Legionella	k__Bacteria;p__Proteobacteria;c__Gammaproteobacteria;o__Legionellales;f__Legionellaceae;g__Legionella;s__lansingensis	match	6	0.666666666667	0.194366197183	0.300981461287
B1-REF	6	2	rdp	1.0	k__Bacteria;p__Proteobacteria;c__Gammaproteobacteria;o__Legionellales;f__Legionellaceae;g__Legionella	k__Bacteria;p__Proteobacteria;c__Gammaproteobacteria;o__Legionellales;f__Legionellaceae;g__Legionella;s__adelaidensis	match	6	0.666666666667	0.194366197183	0.300981461287
B1-REF	6	2	rdp	1.0	k__Bacteria;p__Proteobacteria;c__Gammaproteobacteria;o__Legionellales;f__Legionellaceae;g__Legionella	k__Bacteria;p__Proteobacteria;c__Gammaproteobacteria;o__Legionellales;f__Legionellaceae;g__Legionella;s__rubrilucens	match	6	0.666666666667	0.194366197183	0.300981461287
B1-REF	6	2	rdp	1.0	k__Bacteria;p__Proteobacteria;c__Gammaproteobacteria;o__Legionellales;f__Legionellaceae;g__Legionella	k__Bacteria;p__Proteobacteria;c__Gammaproteobacteria;o__Legionellales;f__Legionellaceae;g__Legionella;s__jamestowniensis	match	6	0.666666666667	0.194366197183	0.300981461287
B1-REF	6	2	rdp	1.0	k__Bacteria;p__Proteobacteria;c__Gammaproteobacteria	k__Bacteria;p__Proteobacteria;c__Gammaproteobacteria;o__Methylococcales;f__Methylococcaceae;g__Methylococcus;s__capsulatus	underclassification	3	0.666666666667	0.194366197183	0.300981461287
B1-REF	6	2	rdp	1.0	k__Archaea;p__Euryarchaeota;c__Thermococci;o__Thermococcales;f__Thermococcaceae	k__Archaea;p__Euryarchaeota;c__Thermococci;o__Thermococcales;f__Thermococcaceae;g__Thermococcus;s__litoralis	underclassification	5	0.666666666667	0.194366197183	0.300981461287
B1-REF	6	2	rdp	1.0	k__Bacteria;p__Actinobacteria;c__Actinobacteria;o__Actinomycetales;f__Streptosporangiaceae	k__Bacteria;p__Actinobacteria;c__Actinobacteria;o__Actinomycetales;f__Streptosporangiaceae;g__Acrocarpospora;s__pleiomorpha	underclassification	5	0.666666666667	0.194366197183	0.300981461287
B1-REF	6	2	rdp	1.0	k__Bacteria;p__Bacteroidetes;c__Sphingobacteriia;o__Sphingobacteriales;f__Sphingobacteriaceae	k__Bacteria;p__Bacteroidetes;c__Sphingobacteriia;o__Sphingobacteriales;f__Sphingobacteriaceae;g__Mucilaginibacter;s__gossypiicola	underclassification	5	0.666666666667	0.194366197183	0.300981461287
B1-REF	6	2	rdp	1.0	k__Bacteria;p__Proteobacteria;c__Gammaproteobacteria;o__Methylococcales;f__Methylococcaceae	k__Bacteria;p__Proteobacteria;c__Gammaproteobacteria;o__Methylococcales;f__Methylococcaceae;g__Methylobacter;s__luteus	underclassification	5	0.666666666667	0.194366197183	0.300981461287
B1-REF	6	2	rdp	1.0	k__Bacteria;p__Proteobacteria;c__Deltaproteobacteria;o__Myxococcales;f__Polyangiaceae	k__Bacteria;p__Proteobacteria;c__Deltaproteobacteria;o__Myxococcales;f__Polyangiaceae;g__Polyangium;s__fumosum	underclassification	5	0.666666666667	0.194366197183	0.300981461287
B1-REF	6	2	rdp	1.0	k__Bacteria;p__Aquificae;c__Aquificae;o__Aquificales;f__Hydrogenothermaceae	k__Bacteria;p__Aquificae;c__Aquificae;o__Aquificales;f__Hydrogenothermaceae;g__Sulfurihydrogenibium;s__subterraneum	underclassification	5	0.666666666667	0.194366197183	0.300981461287
B1-REF	6	2	rdp	1.0	k__Bacteria;p__Proteobacteria;c__Gammaproteobacteria;o__Methylococcales;f__Methylococcaceae	k__Bacteria;p__Proteobacteria;c__Gammaproteobacteria;o__Methylococcales;f__Methylococcaceae;g__Methylobacter;s__capsulatus	underclassification	5	0.666666666667	0.194366197183	0.300981461287
B1-REF	6	2	rdp	1.0	k__Bacteria;p__Actinobacteria;c__Actinobacteria;o__Actinomycetales;f__Streptomycetaceae	k__Bacteria;p__Actinobacteria;c__Actinobacteria;o__Actinomycetales;f__Streptomycetaceae;g__Streptomyces;s__aureofaciens	underclassification	5	0.666666666667	0.194366197183	0.300981461287
B1-REF	6	2	rdp	1.0	k__Bacteria;p__Firmicutes;c__Bacilli;o__Bacillales;f__Bacillaceae	k__Bacteria;p__Firmicutes;c__Bacilli;o__Bacillales;f__Bacillaceae;g__Gracilibacillus;s__ureilyticus	underclassification	5	0.666666666667	0.194366197183	0.300981461287
B1-REF	6	2	rdp	1.0	k__Bacteria;p__Actinobacteria;c__Actinobacteria;o__Actinomycetales;f__Streptomycetaceae;g__Streptomyces	k__Bacteria;p__Actinobacteria;c__Actinobacteria;o__Actinomycetales;f__Streptomycetaceae;g__Streptomyces;s__goshikiensis	match	6	0.666666666667	0.194366197183	0.300981461287
B1-REF	6	2	rdp	1.0	k__Bacteria;p__Proteobacteria	k__Bacteria;p__Proteobacteria;c__Gammaproteobacteria;o__Oceanospirillales;f__Halomonadaceae;g__Chromohalobacter;s__marismortui	underclassification	2	0.666666666667	0.194366197183	0.300981461287
B1-REF	6	2	rdp	1.0	k__Bacteria;p__Proteobacteria;c__Gammaproteobacteria;o__Oceanospirillales;f__Halomonadaceae;g__Halomonas	k__Bacteria;p__Proteobacteria;c__Gammaproteobacteria;o__Oceanospirillales;f__Halomonadaceae;g__Halomonas;s__pantelleriensis	match	6	0.666666666667	0.194366197183	0.300981461287
B1-REF	6	2	rdp	1.0	k__Bacteria;p__Proteobacteria;c__Gammaproteobacteria;o__Alteromonadales;f__Colwelliaceae;g__Colwellia	k__Bacteria;p__Proteobacteria;c__Gammaproteobacteria;o__Alteromonadales;f__Colwelliaceae;g__Colwellia;s__rossensis	match	6	0.666666666667	0.194366197183	0.300981461287
B1-REF	6	2	rdp	1.0	k__Bacteria;p__Firmicutes;c__Clostridia;o__Clostridiales;f__Clostridiaceae;g__Clostridium	k__Bacteria;p__Firmicutes;c__Clostridia;o__Clostridiales;f__Clostridiaceae;g__Clostridium;s__botulinum	match	6	0.666666666667	0.194366197183	0.300981461287
B1-REF	6	2	rdp	1.0	k__Bacteria;p__Actinobacteria;c__Actinobacteria;o__Actinomycetales;f__Streptomycetaceae;g__Streptomyces	k__Bacteria;p__Actinobacteria;c__Actinobacteria;o__Actinomycetales;f__Streptomycetaceae;g__Streptomyces;s__atratus	match	6	0.666666666667	0.194366197183	0.300981461287
B1-REF	6	2	rdp	1.0	k__Bacteria	k__Bacteria;p__Proteobacteria;c__Gammaproteobacteria;o__Pseudomonadales;f__Moraxellaceae;g__Acinetobacter;s__schindleri	underclassification	1	0.666666666667	0.194366197183	0.300981461287
B1-REF	6	2	rdp	1.0	k__Bacteria	k__Bacteria;p__Proteobacteria;c__Gammaproteobacteria;o__Alteromonadales;f__Alteromonadaceae;g__Glaciecola;s__punicea	underclassification	1	0.666666666667	0.194366197183	0.300981461287
B1-REF	6	2	rdp	1.0	k__Bacteria;p__Actinobacteria;c__Actinobacteria;o__Actinomycetales;f__Streptosporangiaceae	k__Bacteria;p__Actinobacteria;c__Actinobacteria;o__Actinomycetales;f__Streptosporangiaceae;g__Planotetraspora;s__silvatica	underclassification	5	0.666666666667	0.194366197183	0.300981461287
B1-REF	6	2	rdp	1.0	k__Bacteria;p__Actinobacteria;c__Actinobacteria;o__Actinomycetales;f__Streptosporangiaceae;g__Nonomuraea;s__roseola	k__Bacteria;p__Actinobacteria;c__Actinobacteria;o__Actinomycetales;f__Streptosporangiaceae;g__Nonomuraea;s__kuesteri	overclassification	6	0.666666666667	0.194366197183	0.300981461287
B1-REF	6	2	rdp	1.0	k__Bacteria;p__Cyanobacteria;c__Nostocophycideae;o__Nostocales;f__Nostocaceae	k__Bacteria;p__Cyanobacteria;c__Nostocophycideae;o__Nostocales;f__Nostocaceae;g__Nostoc;s__muscorum	underclassification	5	0.666666666667	0.194366197183	0.300981461287
B1-REF	6	2	rdp	1.0	k__Bacteria	k__Bacteria;p__Thermi;c__Deinococci;o__Deinococcales;f__Deinococcaceae;g__Deinococcus;s__alpinitundrae	underclassification	1	0.666666666667	0.194366197183	0.300981461287
B1-REF	6	2	rdp	1.0	k__Bacteria;p__Proteobacteria;c__Gammaproteobacteria;o__Enterobacteriales;f__Enterobacteriaceae	k__Bacteria;p__Proteobacteria;c__Gammaproteobacteria;o__Enterobacteriales;f__Enterobacteriaceae;g__Serratia;s__fonticola	underclassification	5	0.666666666667	0.194366197183	0.300981461287
B1-REF	6	2	rdp	1.0	k__Bacteria;p__Firmicutes;c__Clostridia;o__Clostridiales;f__Peptostreptococcaceae;g__Clostridium	k__Bacteria;p__Firmicutes;c__Clostridia;o__Clostridiales;f__Peptostreptococcaceae;g__Clostridium;s__venationis	match	6	0.666666666667	0.194366197183	0.300981461287
B1-REF	6	2	rdp	1.0	k__Bacteria;p__Actinobacteria;c__Actinobacteria;o__Actinomycetales	k__Bacteria;p__Actinobacteria;c__Actinobacteria;o__Actinomycetales;f__Microbacteriaceae;g__Leifsonia;s__poae	underclassification	4	0.666666666667	0.194366197183	0.300981461287
B1-REF	6	2	rdp	1.0	k__Bacteria;p__Actinobacteria;c__Actinobacteria;o__Actinomycetales	k__Bacteria;p__Actinobacteria;c__Actinobacteria;o__Actinomycetales;f__Cellulomonadaceae;g__Cellulomonas;s__xylanilytica	underclassification	4	0.666666666667	0.194366197183	0.300981461287
B1-REF	6	2	rdp	1.0	k__Archaea;p__Euryarchaeota;c__Halobacteria;o__Halobacteriales;f__Halobacteriaceae	k__Archaea;p__Euryarchaeota;c__Halobacteria;o__Halobacteriales;f__Halobacteriaceae;g__Halobacteriaceae;s__GC6	underclassification	5	0.666666666667	0.194366197183	0.300981461287
B1-REF	6	2	rdp	1.0	k__Archaea;p__Euryarchaeota;c__Halobacteria;o__Halobacteriales;f__Halobacteriaceae	k__Archaea;p__Euryarchaeota;c__Halobacteria;o__Halobacteriales;f__Halobacteriaceae;g__Halobacteriaceae;s__GC9	underclassification	5	0.666666666667	0.194366197183	0.300981461287
B1-REF	6	2	rdp	1.0	k__Bacteria;p__Actinobacteria;c__Actinobacteria;o__Actinomycetales;f__Nocardiaceae;g__Segniliparus;s__rotundus	k__Bacteria;p__Actinobacteria;c__Actinobacteria;o__Actinomycetales;f__Nocardiaceae;g__Segniliparus;s__rugosus	overclassification	6	0.666666666667	0.194366197183	0.300981461287
B1-REF	6	2	rdp	1.0	k__Bacteria;p__Firmicutes;c__Bacilli	k__Bacteria;p__Firmicutes;c__Bacilli;o__Bacillales;f__Listeriaceae;g__Listeria;s__grayi	underclassification	3	0.666666666667	0.194366197183	0.300981461287
B1-REF	6	2	rdp	1.0	k__Bacteria;p__Proteobacteria;c__Betaproteobacteria;o__Neisseriales;f__Neisseriaceae	k__Bacteria;p__Proteobacteria;c__Betaproteobacteria;o__Neisseriales;f__Neisseriaceae;g__Kingella;s__denitrificans	underclassification	5	0.666666666667	0.194366197183	0.300981461287
B1-REF	6	2	rdp	1.0	Unclassified	k__Bacteria;p__Spirochaetes;c__Spirochaetes;o__Spirochaetales;f__Spirochaetaceae;g__Treponema;s__phagedenis	underclassification	0	0.666666666667	0.194366197183	0.300981461287
B1-REF	6	2	rdp	1.0	k__Bacteria;p__Proteobacteria;c__Gammaproteobacteria;o__Enterobacteriales;f__Enterobacteriaceae	k__Bacteria;p__Proteobacteria;c__Gammaproteobacteria;o__Enterobacteriales;f__Enterobacteriaceae;g__Enterobacter;s__oryzae	underclassification	5	0.666666666667	0.194366197183	0.300981461287
B1-REF	6	2	rdp	1.0	k__Bacteria;p__Proteobacteria;c__Alphaproteobacteria;o__Sphingomonadales	k__Bacteria;p__Proteobacteria;c__Alphaproteobacteria;o__Sphingomonadales;f__Erythrobacteraceae;g__Porphyrobacter;s__cryptus	underclassification	4	0.666666666667	0.194366197183	0.300981461287
B1-REF	6	2	rdp	1.0	k__Bacteria;p__Proteobacteria;c__Deltaproteobacteria;o__Desulfobacterales;f__Desulfobulbaceae;g__Desulfobulbus;s__mediterraneus	k__Bacteria;p__Proteobacteria;c__Deltaproteobacteria;o__Desulfobacterales;f__Desulfobulbaceae;g__Desulfobulbus;s__japonicus	overclassification	6	0.666666666667	0.194366197183	0.300981461287
B1-REF	6	2	rdp	1.0	k__Bacteria;p__Proteobacteria;c__Gammaproteobacteria;o__Enterobacteriales;f__Enterobacteriaceae	k__Bacteria;p__Proteobacteria;c__Gammaproteobacteria;o__Enterobacteriales;f__Enterobacteriaceae;g__Xenorhabdus;s__nematophila	underclassification	5	0.666666666667	0.194366197183	0.300981461287
B1-REF	6	2	rdp	1.0	k__Bacteria;p__Firmicutes;c__Bacilli;o__Bacillales	k__Bacteria;p__Firmicutes;c__Bacilli;o__Bacillales;f__Bacillaceae;g__Virgibacillus;s__halodenitrificans	underclassification	4	0.666666666667	0.194366197183	0.300981461287
B1-REF	6	2	rdp	1.0	k__Bacteria;p__Cyanobacteria;c__Synechococcophycideae;o__Pseudanabaenales;f__Pseudanabaenaceae	k__Bacteria;p__Cyanobacteria;c__Synechococcophycideae;o__Pseudanabaenales;f__Pseudanabaenaceae;g__Leptolyngbya;s__margaretheana	underclassification	5	0.666666666667	0.194366197183	0.300981461287
B1-REF	6	2	rdp	1.0	k__Bacteria;p__Proteobacteria;c__Gammaproteobacteria	k__Bacteria;p__Proteobacteria;c__Gammaproteobacteria;o__Alteromonadales;f__Alteromonadaceae;g__Alteromonas;s__macleodii	underclassification	3	0.666666666667	0.194366197183	0.300981461287
B1-REF	6	2	rdp	1.0	k__Bacteria;p__Chlamydiae;c__Chlamydiia;o__Chlamydiales;f__Simkaniaceae;g__Fritschea;s__eriococci	k__Bacteria;p__Chlamydiae;c__Chlamydiia;o__Chlamydiales;f__Simkaniaceae;g__Fritschea;s__bemisiae	overclassification	6	0.666666666667	0.194366197183	0.300981461287
B1-REF	6	2	rdp	1.0	k__Bacteria;p__Firmicutes;c__Bacilli;o__Bacillales	k__Bacteria;p__Firmicutes;c__Bacilli;o__Bacillales;f__Bacillaceae;g__Salinibacillus;s__kushneri	underclassification	4	0.666666666667	0.194366197183	0.300981461287
B1-REF	6	2	rdp	1.0	k__Bacteria;p__Proteobacteria	k__Bacteria;p__Proteobacteria;c__Alphaproteobacteria;o__Rhizobiales;f__Hyphomicrobiaceae;g__Hyphomicrobium;s__sulfonivorans	underclassification	2	0.666666666667	0.194366197183	0.300981461287
B1-REF	6	2	rdp	1.0	k__Bacteria;p__Actinobacteria;c__Actinobacteria;o__Actinomycetales;f__Corynebacteriaceae;g__Corynebacterium	k__Bacteria;p__Actinobacteria;c__Actinobacteria;o__Actinomycetales;f__Corynebacteriaceae;g__Corynebacterium;s__simulans	match	6	0.666666666667	0.194366197183	0.300981461287
B1-REF	6	2	rdp	1.0	k__Bacteria;p__Proteobacteria;c__Gammaproteobacteria	k__Bacteria;p__Proteobacteria;c__Gammaproteobacteria;o__Vibrionales;f__Vibrionaceae;g__Photobacterium;s__angustum	underclassification	3	0.666666666667	0.194366197183	0.300981461287
B1-REF	6	2	rdp	1.0	k__Bacteria;p__Firmicutes;c__Bacilli;o__Bacillales	k__Bacteria;p__Firmicutes;c__Bacilli;o__Bacillales;f__Bacillaceae;g__Bacillus;s__thermoamylovorans	underclassification	4	0.666666666667	0.194366197183	0.300981461287
B1-REF	6	2	rdp	1.0	k__Bacteria;p__Proteobacteria;c__Gammaproteobacteria;o__Aeromonadales;f__Aeromonadaceae;g__Aeromonas;s__veronii	k__Bacteria;p__Proteobacteria;c__Gammaproteobacteria;o__Aeromonadales;f__Aeromonadaceae;g__Aeromonas;s__sobria	overclassification	6	0.666666666667	0.194366197183	0.300981461287
B1-REF	6	2	rdp	1.0	k__Bacteria;p__Actinobacteria;c__Actinobacteria;o__Actinomycetales;f__Streptomycetaceae;g__Streptomyces	k__Bacteria;p__Actinobacteria;c__Actinobacteria;o__Actinomycetales;f__Streptomycetaceae;g__Streptomyces;s__himgiriensis	match	6	0.666666666667	0.194366197183	0.300981461287
B1-REF	6	2	rdp	1.0	k__Bacteria;p__Proteobacteria;c__Gammaproteobacteria;o__Pasteurellales;f__Pasteurellaceae	k__Bacteria;p__Proteobacteria;c__Gammaproteobacteria;o__Pasteurellales;f__Pasteurellaceae;g__Pasteurella;s__aerogenes	underclassification	5	0.666666666667	0.194366197183	0.300981461287
B1-REF	6	2	rdp	1.0	k__Bacteria;p__Proteobacteria;c__Gammaproteobacteria;o__Pasteurellales;f__Pasteurellaceae	k__Bacteria;p__Proteobacteria;c__Gammaproteobacteria;o__Pasteurellales;f__Pasteurellaceae;g__Haemophilus;s__influenzae-murium	underclassification	5	0.666666666667	0.194366197183	0.300981461287
B1-REF	6	2	rdp	1.0	k__Bacteria;p__Actinobacteria;c__Actinobacteria;o__Actinomycetales	k__Bacteria;p__Actinobacteria;c__Actinobacteria;o__Actinomycetales;f__Mycobacteriaceae;g__Mycobacterium;s__vaccae	underclassification	4	0.666666666667	0.194366197183	0.300981461287
B1-REF	6	2	rdp	1.0	k__Bacteria;p__Proteobacteria;c__Gammaproteobacteria;o__Pasteurellales;f__Pasteurellaceae	k__Bacteria;p__Proteobacteria;c__Gammaproteobacteria;o__Pasteurellales;f__Pasteurellaceae;g__Haemophilus;s__haemoglobinophilus	underclassification	5	0.666666666667	0.194366197183	0.300981461287
B1-REF	6	2	rdp	1.0	k__Bacteria;p__Proteobacteria;c__Gammaproteobacteria;o__Enterobacteriales;f__Enterobacteriaceae	k__Bacteria;p__Proteobacteria;c__Gammaproteobacteria;o__Enterobacteriales;f__Enterobacteriaceae;g__Escherichia;s__vulneris	underclassification	5	0.666666666667	0.194366197183	0.300981461287
B1-REF	6	2	rdp	1.0	k__Archaea;p__Euryarchaeota;c__Halobacteria;o__Halobacteriales;f__Halobacteriaceae;g__Halobacteriaceae	k__Archaea;p__Euryarchaeota;c__Halobacteria;o__Halobacteriales;f__Halobacteriaceae;g__Halobacteriaceae;s__EB21	match	6	0.666666666667	0.194366197183	0.300981461287
B1-REF	6	2	rdp	1.0	k__Bacteria;p__Proteobacteria;c__Gammaproteobacteria;o__Enterobacteriales;f__Enterobacteriaceae	k__Bacteria;p__Proteobacteria;c__Gammaproteobacteria;o__Enterobacteriales;f__Enterobacteriaceae;g__Erwinia;s__toletana	underclassification	5	0.666666666667	0.194366197183	0.300981461287
B1-REF	6	2	rdp	1.0	k__Bacteria;p__Proteobacteria;c__Betaproteobacteria;o__Neisseriales;f__Neisseriaceae	k__Bacteria;p__Proteobacteria;c__Betaproteobacteria;o__Neisseriales;f__Neisseriaceae;g__Neisseria;s__cinerea	underclassification	5	0.666666666667	0.194366197183	0.300981461287