dataset	level	iteration	method	parameters	seq_id               	observed_taxonomy	expected_taxonomy	result	mismatch_level
B1-REF	5	1	rdp	0.6	551722	k__Archaea;p__Euryarchaeota;c__Halobacteria;o__Halobacteriales;f__Halobacteriaceae;g__haloarchaeon;s__Cry7_9.1	k__Archaea; p__Euryarchaeota; c__Halobacteria; o__Halobacteriales; f__Halobacteriaceae; g__Halorientalis	overclassification	5
B1-REF	5	1	rdp	0.6	89370	k__Bacteria;p__Firmicutes;c__Bacilli;o__Bacillales;f__Bacillaceae;g__Bacillus	k__Bacteria; p__Firmicutes; c__Bacilli; o__Bacillales; f__Bacillaceae; g__Anoxybacillus	overclassification	5
B1-REF	5	1	rdp	0.6	4388908	k__Bacteria;p__Proteobacteria;c__Alphaproteobacteria;o__Rickettsiales;f__mitochondria;g__Pyropia;s__yezoensis	k__Bacteria; p__Proteobacteria; c__Alphaproteobacteria; o__Rickettsiales; f__mitochondria; g__Porphyra	overclassification	5
B1-REF	5	1	rdp	0.6	370253	k__Bacteria;p__Firmicutes;c__Clostridia;o__Clostridiales;f__Ruminococcaceae;g__Gemmiger;s__formicilis	k__Bacteria; p__Firmicutes; c__Clostridia; o__Clostridiales; f__Ruminococcaceae; g__Faecalibacterium	overclassification	5
B1-REF	5	1	rdp	0.6	192107	k__Bacteria;p__Bacteroidetes;c__Flavobacteriia;o__Flavobacteriales;f__Flavobacteriaceae	k__Bacteria; p__Bacteroidetes; c__Flavobacteriia; o__Flavobacteriales; f__Cryomorphaceae; g__Coccinistipes	misclassification	4
B1-REF	5	1	rdp	0.6	827215	k__Bacteria;p__Proteobacteria;c__Alphaproteobacteria;o__Rhizobiales	k__Bacteria; p__Proteobacteria; c__Alphaproteobacteria; o__Rhizobiales; f__Hyphomicrobiaceae; g__Dichotomicrobium	underclassification	4
B1-REF	5	1	rdp	0.6	4341986	k__Bacteria;p__Actinobacteria;c__Actinobacteria;o__Actinomycetales;f__Micromonosporaceae;g__Verrucosispora;s__gifhornensis	k__Bacteria; p__Actinobacteria; c__Actinobacteria; o__Actinomycetales; f__Micromonosporaceae; g__Phytohabitans	overclassification	5
B1-REF	5	1	rdp	0.6	581352	k__Bacteria;p__Actinobacteria;c__Actinobacteria;o__Actinomycetales;f__Intrasporangiaceae;g__Intrasporangium;s__calvum	k__Bacteria; p__Actinobacteria; c__Actinobacteria; o__Actinomycetales; f__Intrasporangiaceae; g__Knoellia	overclassification	5
B1-REF	5	1	rdp	0.6	289103	k__Bacteria;p__Proteobacteria;c__Gammaproteobacteria;o__Enterobacteriales;f__Enterobacteriaceae;g__Escherichia;s__hermannii	k__Bacteria; p__Proteobacteria; c__Gammaproteobacteria; o__Enterobacteriales; f__Enterobacteriaceae; g__Achromobacter	overclassification	5
B1-REF	5	1	rdp	0.6	3194311	k__Bacteria;p__Proteobacteria;c__Alphaproteobacteria;o__Rickettsiales;f__mitochondria;g__Sanguinaria;s__canadensis	k__Bacteria; p__Proteobacteria; c__Alphaproteobacteria; o__Rickettsiales; f__mitochondria; g__Beta	overclassification	5
B1-REF	5	1	rdp	0.6	265604	k__Bacteria;p__Firmicutes;c__Bacilli;o__Bacillales;f__Bacillaceae	k__Bacteria; p__Firmicutes; c__Bacilli; o__Bacillales; f__Sporolactobacillaceae; g__Scopulibacillus	misclassification	4
B1-REF	5	1	rdp	0.6	71348	k__Bacteria;p__Proteobacteria;c__Gammaproteobacteria	k__Bacteria; p__Proteobacteria; c__Gammaproteobacteria; o__Thiotrichales; f__Piscirickettsiaceae; g__Piscirickettsia	underclassification	3
B1-REF	5	1	rdp	0.6	4445049	k__Archaea;p__Euryarchaeota;c__Thermoplasmata;o__Thermoplasmatales;f__Picrophilaceae;g__Ferroplasma;s__cupricumulans	k__Archaea; p__Euryarchaeota; c__Thermoplasmata; o__Thermoplasmatales; f__Picrophilaceae; g__Ferroplasmaceae	overclassification	5
B1-REF	5	1	rdp	0.6	112074	k__Archaea;p__Euryarchaeota;c__Halobacteria;o__Halobacteriales;f__Halobacteriaceae;g__Halobiforma;s__lacisalsi	k__Archaea; p__Euryarchaeota; c__Halobacteria; o__Halobacteriales; f__Halobacteriaceae; g__Natronococcus	overclassification	5
B1-REF	5	1	rdp	0.6	332919	k__Bacteria;p__Firmicutes;c__Bacilli;o__Lactobacillales;f__Lactobacillaceae;g__Pediococcus	k__Bacteria; p__Firmicutes; c__Bacilli; o__Lactobacillales; f__Lactobacillaceae; g__Lactobacillus	overclassification	5
B1-REF	5	1	rdp	0.6	3064426	k__Bacteria;p__Proteobacteria	k__Bacteria; p__Proteobacteria; c__Alphaproteobacteria; o__Rickettsiales; f__mitochondria; g__Bigelowiella	underclassification	2
B1-REF	5	1	rdp	0.6	12703	k__Bacteria;p__Actinobacteria;c__Actinobacteria;o__Actinomycetales	k__Bacteria; p__Actinobacteria; c__Actinobacteria; o__Actinomycetales; f__Pseudonocardiaceae; g__Thermocrispum	underclassification	4
B1-REF	5	1	rdp	0.6	4407376	k__Bacteria;p__Proteobacteria;c__Alphaproteobacteria;o__Caulobacterales;f__Caulobacteraceae;g__Brevundimonas;s__intermedia	k__Bacteria; p__Proteobacteria; c__Alphaproteobacteria; o__Caulobacterales; f__Caulobacteraceae; g__Streptomyces	overclassification	5
B1-REF	5	1	rdp	0.6	7126	k__Bacteria;p__Proteobacteria;c__Betaproteobacteria;o__Burkholderiales;f__Comamonadaceae;g__Acidovorax;s__facilis	k__Bacteria; p__Proteobacteria; c__Betaproteobacteria; o__Burkholderiales; f__Comamonadaceae; g__Leptothrix	overclassification	5
B1-REF	5	1	rdp	0.6	660959	k__Bacteria;p__Proteobacteria;c__Alphaproteobacteria;o__Rhodobacterales;f__Rhodobacteraceae	k__Bacteria; p__Proteobacteria; c__Alphaproteobacteria; o__Rhodobacterales; f__Rhodobacteraceae; g__Thioclava	match	5
B1-REF	5	1	rdp	0.6	219691	k__Archaea;p__Euryarchaeota;c__Methanococci;o__Methanococcales;f__Methanococcaceae;g__Methanothermococcus;s__okinawensis	k__Archaea; p__Euryarchaeota; c__Methanococci; o__Methanococcales; f__Methanococcaceae; g__Methanococcus	overclassification	5
B1-REF	5	1	rdp	0.6	2397581	k__Bacteria;p__Proteobacteria;c__Alphaproteobacteria;o__Rickettsiales;f__mitochondria	k__Bacteria; p__Proteobacteria; c__Alphaproteobacteria; o__Rickettsiales; f__mitochondria; g__Angiopteris	match	5
B1-REF	5	1	rdp	0.6	4324649	k__Bacteria;p__Proteobacteria;c__Alphaproteobacteria;o__Rhodospirillales;f__Acetobacteraceae	k__Bacteria; p__Proteobacteria; c__Alphaproteobacteria; o__Rhodospirillales; f__Acetobacteraceae; g__Neoasaia	match	5
B1-REF	5	1	rdp	0.6	149643	k__Bacteria;p__Actinobacteria;c__Actinobacteria;o__Actinomycetales;f__Microbacteriaceae	k__Bacteria; p__Actinobacteria; c__Actinobacteria; o__Actinomycetales; f__Microbacteriaceae; g__Agrococcus	match	5
B1-REF	5	1	rdp	0.6	723021	k__Bacteria;p__Proteobacteria;c__Betaproteobacteria;o__Burkholderiales;f__Comamonadaceae	k__Bacteria; p__Proteobacteria; c__Betaproteobacteria; o__Burkholderiales; f__Comamonadaceae; g__Limnohabitans	match	5
B1-REF	5	1	rdp	0.6	132943	k__Bacteria;p__Proteobacteria;c__Gammaproteobacteria;o__Xanthomonadales;f__Xanthomonadaceae	k__Bacteria; p__Proteobacteria; c__Gammaproteobacteria; o__Xanthomonadales; f__Xanthomonadaceae; g__Xylella	match	5
B1-REF	5	1	rdp	0.6	83013	k__Bacteria;p__Proteobacteria;c__Gammaproteobacteria;o__Pasteurellales;f__Pasteurellaceae	k__Bacteria; p__Proteobacteria; c__Gammaproteobacteria; o__Pasteurellales; f__Pasteurellaceae; g__Volucribacter	match	5
B1-REF	5	1	rdp	0.6	1144109	k__Bacteria;p__Bacteroidetes;c__Flavobacteriia;o__Flavobacteriales;f__Flavobacteriaceae;g__Pibocella;s__ponti	k__Bacteria; p__Bacteroidetes; c__Flavobacteriia; o__Flavobacteriales; f__Flavobacteriaceae; g__Maribacter	overclassification	5
B1-REF	5	1	rdp	0.6	549232	k__Bacteria;p__Proteobacteria;c__Gammaproteobacteria;o__Enterobacteriales;f__Enterobacteriaceae	k__Bacteria; p__Proteobacteria; c__Gammaproteobacteria; o__Enterobacteriales; f__Enterobacteriaceae; g__Leminorella	match	5
B1-REF	5	1	rdp	0.6	4319468	k__Bacteria;p__Bacteroidetes;c__Saprospirae;o__Saprospirales;f__Chitinophagaceae;g__Chitinophaga;s__arvensicola	k__Bacteria; p__Bacteroidetes; c__Saprospirae; o__Saprospirales; f__Chitinophagaceae; g__Terrimonas	overclassification	5
B1-REF	5	1	rdp	0.6	12980	k__Bacteria;p__Actinobacteria;c__Actinobacteria;o__Actinomycetales;f__Actinosynnemataceae;g__Lechevalieria;s__aerocolonigenes	k__Bacteria; p__Actinobacteria; c__Actinobacteria; o__Actinomycetales; f__Actinosynnemataceae; g__Saccharothrixopsis	overclassification	5
B1-REF	5	1	rdp	0.6	559851	k__Archaea;p__Crenarchaeota;c__Thermoprotei;o__Desulfurococcales	k__Archaea; p__Crenarchaeota; c__Thermoprotei; o__Thermoproteales; f__Thermoproteaceae; g__Vulcanisaeta	misclassification	3
B1-REF	5	1	rdp	0.6	643724	k__Archaea;p__Euryarchaeota;c__Halobacteria;o__Halobacteriales;f__Halobacteriaceae	k__Archaea; p__Euryarchaeota; c__Halobacteria; o__Halobacteriales; f__Halobacteriaceae; g__Natronolimnobius	match	5
B1-REF	5	1	rdp	0.6	111022	k__Bacteria;p__Deferribacteres;c__Deferribacteres;o__Deferribacterales;f__Deferribacteraceae;g__Geovibrio;s__thiophilus	k__Bacteria; p__Deferribacteres; c__Deferribacteres; o__Deferribacterales; f__Deferribacteraceae; g__Deferribacter	overclassification	5
B1-REF	5	1	rdp	0.6	545968	k__Bacteria;p__Proteobacteria;c__Betaproteobacteria;o__Burkholderiales;f__Comamonadaceae;g__Rubrivivax;s__gelatinosus	k__Bacteria; p__Proteobacteria; c__Betaproteobacteria; o__Burkholderiales; f__Comamonadaceae; g__Comamonas	overclassification	5
B1-REF	5	1	rdp	0.6	147086	k__Bacteria;p__Bacteroidetes;c__Flavobacteriia;o__Flavobacteriales;f__Flavobacteriaceae	k__Bacteria; p__Bacteroidetes; c__Flavobacteriia; o__Flavobacteriales; f__Flavobacteriaceae; g__Cellulophaga	match	5
B1-REF	5	1	rdp	0.6	107531	k__Bacteria;p__Proteobacteria;c__Alphaproteobacteria;o__Rickettsiales;f__Rickettsiaceae;g__Orientia;s__chuto	k__Bacteria; p__Proteobacteria; c__Alphaproteobacteria; o__Rickettsiales; f__Rickettsiaceae; g__Rickettsia	overclassification	5
B1-REF	5	1	rdp	0.6	2426771	k__Bacteria;p__Proteobacteria;c__Alphaproteobacteria;o__Rickettsiales;f__mitochondria;g__Pinus;s__strobus	k__Bacteria; p__Proteobacteria; c__Alphaproteobacteria; o__Rickettsiales; f__mitochondria; g__Abies	overclassification	5
B1-REF	5	1	rdp	0.6	4431590	k__Bacteria;p__Actinobacteria;c__Actinobacteria;o__Actinomycetales;f__Kineosporiaceae;g__Kineosporia;s__rhamnosa	k__Bacteria; p__Actinobacteria; c__Actinobacteria; o__Actinomycetales; f__Kineosporiaceae; g__Kineococcus	overclassification	5
B1-REF	5	1	rdp	0.6	780288	k__Bacteria;p__Proteobacteria;c__Gammaproteobacteria;o__Enterobacteriales;f__Enterobacteriaceae;g__Pseudomonas;s__syringae	k__Bacteria; p__Proteobacteria; c__Gammaproteobacteria; o__Pseudomonadales; f__Pseudomonadaceae; g__Pseudomonas	misclassification	3
B1-REF	5	1	rdp	0.6	8127	k__Bacteria;p__Proteobacteria;c__Gammaproteobacteria;o__Oceanospirillales;f__Halomonadaceae;g__Kushneria;s__aurantia	k__Bacteria; p__Proteobacteria; c__Gammaproteobacteria; o__Oceanospirillales; f__Halomonadaceae; g__Chromohalobacter	overclassification	5
B1-REF	5	1	rdp	0.6	4482804	k__Bacteria;p__Actinobacteria;c__Actinobacteria;o__Actinomycetales	k__Bacteria; p__Actinobacteria; c__Actinobacteria; o__Actinomycetales; f__Micrococcaceae; g__Rothia	underclassification	4
B1-REF	5	1	rdp	0.6	4467220	k__Bacteria;p__Bacteroidetes;c__Cytophagia;o__Cytophagales;f__Flammeovirgaceae	k__Bacteria; p__Bacteroidetes; c__Cytophagia; o__Cytophagales; f__Cytophagaceae; g__Siphonobacter	misclassification	4
B1-REF	5	1	rdp	0.6	2884179	k__Bacteria;p__Cyanobacteria;c__Oscillatoriophycideae;o__Oscillatoriales;f__Phormidiaceae;g__Hydrocoleum;s__glutinosum	k__Bacteria; p__Cyanobacteria; c__Oscillatoriophycideae; o__Oscillatoriales; f__Phormidiaceae; g__Oscillatoria	overclassification	5
B1-REF	5	1	rdp	0.6	544425	k__Bacteria;p__Proteobacteria;c__Deltaproteobacteria;o__Desulfobacterales;f__Desulfobacteraceae	k__Bacteria; p__Proteobacteria; c__Deltaproteobacteria; o__Desulfobacterales; f__Desulfobacteraceae; g__Desulfofaba	match	5
B1-REF	5	1	rdp	0.6	2682867	k__Bacteria;p__Proteobacteria;c__Alphaproteobacteria;o__Rickettsiales;f__mitochondria	k__Bacteria; p__Proteobacteria; c__Alphaproteobacteria; o__Rickettsiales; f__mitochondria; g__Podophyllum	match	5
B1-REF	5	1	rdp	0.6	2919166	k__Bacteria	k__Bacteria; p__Actinobacteria; c__Coriobacteriia; o__Coriobacteriales; f__Coriobacteriaceae; g__Collinsella	underclassification	1
B1-REF	5	1	rdp	0.6	2046080	k__Bacteria;p__Cyanobacteria;c__Oscillatoriophycideae;o__Oscillatoriales;f__Phormidiaceae;g__Arthrospira;s__platensis	k__Bacteria; p__Cyanobacteria; c__Oscillatoriophycideae; o__Oscillatoriales; f__Phormidiaceae; g__Lyngbya	overclassification	5
B1-REF	5	1	rdp	0.6	66229	k__Bacteria;p__Proteobacteria;c__Alphaproteobacteria	k__Bacteria; p__Proteobacteria; c__Alphaproteobacteria; o__Rhodospirillales; f__Rhodospirillaceae; g__Phaeospirillum	underclassification	3
B1-REF	5	1	rdp	0.6	439	k__Archaea;p__Euryarchaeota;c__Methanomicrobia;o__Methanosarcinales;f__Methanosarcinaceae	k__Archaea; p__Euryarchaeota; c__Methanomicrobia; o__Methanosarcinales; f__Methanosarcinaceae; g__Methanosarcina	match	5
B1-REF	5	1	rdp	0.6	1129081	k__Bacteria;p__Actinobacteria;c__Actinobacteria;o__Actinomycetales;f__Beutenbergiaceae;g__Salana;s__multivorans	k__Bacteria; p__Actinobacteria; c__Actinobacteria; o__Actinomycetales; f__Beutenbergiaceae; g__Serinibacter	overclassification	5
B1-REF	5	1	rdp	0.6	4482366	k__Bacteria;p__Proteobacteria;c__Gammaproteobacteria;o__Legionellales;f__Legionellaceae;g__Legionella;s__maceachernii	k__Bacteria; p__Proteobacteria; c__Gammaproteobacteria; o__Legionellales; f__Legionellaceae; g__Tatlockia	overclassification	5
B1-REF	5	1	rdp	0.6	4328084	k__Bacteria;p__Actinobacteria;c__Actinobacteria;o__Actinomycetales;f__Dermatophilaceae;g__Piscicoccus;s__intestinalis	k__Bacteria; p__Actinobacteria; c__Actinobacteria; o__Actinomycetales; f__Dermatophilaceae; g__Kineosphaera	overclassification	5
B1-REF	5	1	rdp	0.6	3363021	k__Bacteria;p__Proteobacteria;c__Alphaproteobacteria;o__Rhodobacterales;f__Rhodobacteraceae;g__Phaeobacter;s__gallaeciensis	k__Bacteria; p__Proteobacteria; c__Alphaproteobacteria; o__Rhodobacterales; f__Rhodobacteraceae; g__Sagittula	overclassification	5
B1-REF	5	1	rdp	0.6	1123638	k__Bacteria;p__Proteobacteria;c__Gammaproteobacteria;o__Oceanospirillales;f__Halomonadaceae	k__Bacteria; p__Proteobacteria; c__Gammaproteobacteria; o__Oceanospirillales; f__Halomonadaceae; g__Modicisalibacter	match	5
B1-REF	5	1	rdp	0.6	5131	k__Bacteria;p__Proteobacteria;c__Alphaproteobacteria;o__Rhizobiales;f__Phyllobacteriaceae	k__Bacteria; p__Proteobacteria; c__Alphaproteobacteria; o__Rhizobiales; f__Phyllobacteriaceae; g__Biserrula	match	5
B1-REF	5	1	rdp	0.6	359367	k__Bacteria;p__Actinobacteria;c__Actinobacteria;o__Actinomycetales;f__Micromonosporaceae;g__Rugosimonospora;s__acidiphila	k__Bacteria; p__Actinobacteria; c__Actinobacteria; o__Actinomycetales; f__Micromonosporaceae; g__Penicillium	overclassification	5
B1-REF	5	1	rdp	0.6	531406	k__Bacteria;p__Proteobacteria;c__Alphaproteobacteria;o__Rhodospirillales;f__Rhodospirillaceae	k__Bacteria; p__Proteobacteria; c__Alphaproteobacteria; o__Rhodospirillales; f__Rhodospirillaceae; g__Constrictibacter	match	5
B1-REF	5	1	rdp	0.6	730054	k__Bacteria;p__Bacteroidetes;c__Flavobacteriia;o__Flavobacteriales;f__Flavobacteriaceae	k__Bacteria; p__Bacteroidetes; c__Flavobacteriia; o__Flavobacteriales; f__Flavobacteriaceae; g__Poriferibacter	match	5
B1-REF	5	1	rdp	0.6	3664773	k__Bacteria;p__Proteobacteria;c__Gammaproteobacteria;o__Aeromonadales;f__Aeromonadaceae;g__Zobellella	k__Bacteria; p__Proteobacteria; c__Gammaproteobacteria; o__Aeromonadales; f__Aeromonadaceae; g__Oceanimonas	overclassification	5
B1-REF	5	1	rdp	0.6	3764940	k__Bacteria;p__Planctomycetes;c__Planctomycetia;o__Pirellulales;f__Pirellulaceae;g__planctomycete;s__MS3332	k__Bacteria; p__Planctomycetes; c__Planctomycetia; o__Pirellulales; f__Pirellulaceae; g__Blastopirellula	overclassification	5
B1-REF	5	1	rdp	0.6	698557	k__Bacteria;p__Proteobacteria;c__Gammaproteobacteria;o__Enterobacteriales;f__Enterobacteriaceae	k__Bacteria; p__Proteobacteria; c__Gammaproteobacteria; o__Enterobacteriales; f__Enterobacteriaceae; g__Kleidoceria	match	5
B1-REF	5	1	rdp	0.6	7260	k__Bacteria;p__Proteobacteria	k__Bacteria; p__Proteobacteria; c__Betaproteobacteria; o__Burkholderiales; f__Burkholderiaceae; g__Thiomonas	underclassification	2
B1-REF	5	1	rdp	0.6	1140341	k__Bacteria;p__Proteobacteria;c__Gammaproteobacteria;o__Enterobacteriales;f__Enterobacteriaceae	k__Bacteria; p__Proteobacteria; c__Gammaproteobacteria; o__Enterobacteriales; f__Enterobacteriaceae; g__Thorsellia	match	5
B1-REF	5	1	rdp	0.6	4395332	k__Bacteria;p__Proteobacteria;c__Gammaproteobacteria;o__Enterobacteriales;f__Enterobacteriaceae	k__Bacteria; p__Proteobacteria; c__Gammaproteobacteria; o__Enterobacteriales; f__Enterobacteriaceae; g__Hafnia	match	5
B1-REF	5	1	rdp	0.6	259900	k__Bacteria;p__Actinobacteria;c__Actinobacteria;o__Actinomycetales	k__Bacteria; p__Actinobacteria; c__Actinobacteria; o__Actinomycetales; f__Microbacteriaceae; g__Planktoluna	underclassification	4
B1-REF	5	1	rdp	0.6	1129723	k__Bacteria;p__Proteobacteria;c__Gammaproteobacteria;o__Legionellales;f__Francisellaceae;g__Fangia;s__hongkongensis	k__Bacteria; p__Proteobacteria; c__Gammaproteobacteria; o__Legionellales; f__Francisellaceae; g__Caedibacter	overclassification	5
B1-REF	5	1	rdp	0.6	1123287	k__Bacteria;p__Proteobacteria;c__Alphaproteobacteria;o__Rhodobacterales;f__Rhodobacteraceae;g__Thalassobius	k__Bacteria; p__Proteobacteria; c__Alphaproteobacteria; o__Rhodobacterales; f__Rhodobacteraceae; g__Palleronia	overclassification	5
B1-REF	5	1	rdp	0.6	4482512	k__Bacteria;p__Proteobacteria;c__Gammaproteobacteria;o__Xanthomonadales;f__Sinobacteraceae;g__Solimonas;s__soli	k__Bacteria; p__Proteobacteria; c__Gammaproteobacteria; o__Xanthomonadales; f__Sinobacteraceae; g__Sinobacter	overclassification	5
B1-REF	5	1	rdp	0.6	2960735	k__Bacteria;p__Cyanobacteria;c__Chloroplast;o__Chlorophyta;f__Mamiellaceae;g__Bathycoccus;s__prasinos	k__Bacteria; p__Cyanobacteria; c__Chloroplast; o__Chlorophyta; f__Mamiellaceae; g__Ostreococcus	overclassification	5
B1-REF	5	1	rdp	0.6	708412	k__Bacteria;p__Actinobacteria;c__Actinobacteria;o__Actinomycetales	k__Bacteria; p__Actinobacteria; c__Actinobacteria; o__Actinomycetales; f__Actinosynnemataceae; g__Umezawaea	underclassification	4
B1-REF	5	1	rdp	0.6	1131621	k__Bacteria;p__Proteobacteria;c__Alphaproteobacteria;o__Rhodobacterales;f__Rhodobacteraceae	k__Bacteria; p__Proteobacteria; c__Alphaproteobacteria; o__Rhodobacterales; f__Rhodobacteraceae; g__Wenxinia	match	5
B1-REF	5	1	rdp	0.6	4217330	k__Archaea;p__Euryarchaeota;c__Halobacteria;o__Halobacteriales;f__Halobacteriaceae	k__Archaea; p__Euryarchaeota; c__Halobacteria; o__Halobacteriales; f__Halobacteriaceae; g__Halogranum	match	5
B1-REF	5	1	rdp	0.6	3942007	k__Bacteria;p__Firmicutes;c__Bacilli;o__Bacillales;f__Planococcaceae;g__Lysinibacillus;s__massiliensis	k__Bacteria; p__Firmicutes; c__Bacilli; o__Bacillales; f__Planococcaceae; g__Bacillus	overclassification	5
B1-REF	5	1	rdp	0.6	4356825	k__Bacteria;p__Proteobacteria;c__Gammaproteobacteria;o__Alteromonadales;f__Alteromonadaceae;g__gas;s__vacuolate	k__Bacteria; p__Proteobacteria; c__Gammaproteobacteria; o__Alteromonadales; f__Alteromonadaceae; g__Glaciecola	overclassification	5
B1-REF	5	1	rdp	0.6	30485	k__Bacteria;p__Actinobacteria;c__Actinobacteria;o__Actinomycetales;f__Streptosporangiaceae;g__Microbispora;s__rosea	k__Bacteria; p__Actinobacteria; c__Actinobacteria; o__Actinomycetales; f__Streptosporangiaceae; g__Streptosporangiaceae	overclassification	5
B1-REF	5	1	rdp	0.6	282575	k__Bacteria;p__Proteobacteria;c__Alphaproteobacteria	k__Bacteria; p__Proteobacteria; c__Alphaproteobacteria; o__Rhizobiales; f__Phyllobacteriaceae; g__Hoeflea	underclassification	3
B1-REF	5	1	rdp	0.6	1884554	k__Bacteria;p__Proteobacteria;c__Gammaproteobacteria	k__Bacteria; p__Proteobacteria; c__Gammaproteobacteria; o__Oceanospirillales; f__Oceanospirillaceae; g__Marinomonas	underclassification	3
B1-REF	5	1	rdp	0.6	812766	k__Bacteria;p__Actinobacteria;c__Actinobacteria;o__Actinomycetales;f__Micromonosporaceae;g__Verrucosispora;s__gifhornensis	k__Bacteria; p__Actinobacteria; c__Actinobacteria; o__Actinomycetales; f__Micromonosporaceae; g__Asanoa	overclassification	5
B1-REF	5	1	rdp	0.6	159833	k__Bacteria;p__Firmicutes;c__Bacilli;o__Bacillales;f__Thermoactinomycetaceae;g__Desmospora;s__activa	k__Bacteria; p__Firmicutes; c__Bacilli; o__Bacillales; f__Thermoactinomycetaceae; g__Trigonala	overclassification	5
B1-REF	5	1	rdp	0.6	1139975	k__Bacteria;p__Bacteroidetes;c__Sphingobacteriia;o__Sphingobacteriales;f__Sphingobacteriaceae;g__Parapedobacter;s__soli	k__Bacteria; p__Bacteroidetes; c__Sphingobacteriia; o__Sphingobacteriales; f__Sphingobacteriaceae; g__Olivibacter	overclassification	5
B1-REF	5	1	rdp	0.6	249383	k__Bacteria;p__Bacteroidetes;c__Flavobacteriia;o__Flavobacteriales;f__Flavobacteriaceae	k__Bacteria; p__Bacteroidetes; c__Flavobacteriia; o__Flavobacteriales; f__Flavobacteriaceae; g__Kriegella	match	5
B1-REF	5	1	rdp	0.6	106723	k__Bacteria;p__Aquificae;c__Aquificae;o__Aquificales;f__Aquificaceae;g__Hydrogenobacter;s__subterraneus	k__Bacteria; p__Aquificae; c__Aquificae; o__Aquificales; f__Aquificaceae; g__Thermothrix	overclassification	5
B1-REF	5	1	rdp	0.6	2584976	k__Bacteria;p__Proteobacteria;c__Alphaproteobacteria;o__Rickettsiales;f__mitochondria;g__Sanguinaria;s__canadensis	k__Bacteria; p__Proteobacteria; c__Alphaproteobacteria; o__Rickettsiales; f__mitochondria; g__Veronica	overclassification	5
B1-REF	5	1	rdp	0.6	422910	k__Bacteria;p__Proteobacteria;c__Betaproteobacteria;o__Burkholderiales;f__Comamonadaceae;g__Rubrivivax;s__gelatinosus	k__Bacteria; p__Proteobacteria; c__Betaproteobacteria; o__Burkholderiales; f__Comamonadaceae; g__Simplicispira	overclassification	5
B1-REF	5	1	rdp	0.6	158785	k__Bacteria;p__Cyanobacteria;c__Nostocophycideae;o__Nostocales;f__Nostocaceae	k__Bacteria; p__Cyanobacteria; c__Nostocophycideae; o__Nostocales; f__Scytonemataceae; g__Brasilonema	misclassification	4
B1-REF	5	1	rdp	0.6	851937	k__Bacteria;p__Proteobacteria;c__Gammaproteobacteria;o__Aeromonadales;f__Succinivibrionaceae;g__Anaerobiospirillum;s__thomasii	k__Bacteria; p__Proteobacteria; c__Gammaproteobacteria; o__Aeromonadales; f__Succinivibrionaceae; g__Succinatimonas	overclassification	5
B1-REF	5	1	rdp	0.6	751671	k__Bacteria;p__Firmicutes;c__Bacilli;o__Lactobacillales	k__Bacteria; p__Firmicutes; c__Bacilli; o__Lactobacillales; f__Streptococcaceae; g__Streptococcus	underclassification	4
B1-REF	5	1	rdp	0.6	694346	k__Bacteria;p__Proteobacteria;c__Alphaproteobacteria;o__Rhodobacterales;f__Rhodobacteraceae;g__Phaeobacter;s__gallaeciensis	k__Bacteria; p__Proteobacteria; c__Alphaproteobacteria; o__Rhodobacterales; f__Rhodobacteraceae; g__Marinovum	overclassification	5
B1-REF	5	1	rdp	0.6	39523	k__Bacteria;p__Aquificae;c__Aquificae;o__Aquificales;f__Hydrogenothermaceae;g__Sulfurihydrogenibium;s__kristjanssonii	k__Bacteria; p__Aquificae; c__Aquificae; o__Aquificales; f__Hydrogenothermaceae; g__Aquificales	overclassification	5
B1-REF	5	1	rdp	0.6	3223797	k__Bacteria;p__Proteobacteria;c__Alphaproteobacteria;o__Rickettsiales;f__mitochondria	k__Bacteria; p__Proteobacteria; c__Alphaproteobacteria; o__Rickettsiales; f__mitochondria; g__Reclinomonas	match	5
B1-REF	5	1	rdp	0.6	46167	k__Archaea;p__Crenarchaeota;c__Thermoprotei	k__Archaea; p__Crenarchaeota; c__Thermoprotei; o__Sulfolobales; f__Sulfolobaceae; g__Sulfolobus	underclassification	3
B1-REF	5	1	rdp	0.6	646494	k__Bacteria;p__Actinobacteria;c__Actinobacteria;o__Actinomycetales	k__Bacteria; p__Actinobacteria; c__Actinobacteria; o__Actinomycetales; f__Pseudonocardiaceae; g__Saccharopolyspora	underclassification	4
B1-REF	5	1	rdp	0.6	4465296	k__Bacteria;p__Proteobacteria;c__Gammaproteobacteria;o__Vibrionales;f__Vibrionaceae;g__Grimontia;s__hollisae	k__Bacteria; p__Proteobacteria; c__Gammaproteobacteria; o__Vibrionales; f__Vibrionaceae; g__Enterovibrio	overclassification	5
B1-REF	5	1	rdp	0.6	655619	k__Bacteria;p__Bacteroidetes;c__Flavobacteriia;o__Flavobacteriales;f__Flavobacteriaceae	k__Bacteria; p__Bacteroidetes; c__Flavobacteriia; o__Flavobacteriales; f__Flavobacteriaceae; g__Lutibacter	match	5
B1-REF	5	1	rdp	0.6	1063320	k__Bacteria;p__Proteobacteria;c__Alphaproteobacteria;o__Rhodobacterales;f__Rhodobacteraceae	k__Bacteria; p__Proteobacteria; c__Alphaproteobacteria; o__Rhodobacterales; f__Rhodobacteraceae; g__Anaerospora	match	5
B1-REF	5	1	rdp	0.6	1132384	k__Bacteria;p__Proteobacteria;c__Gammaproteobacteria	k__Bacteria; p__Proteobacteria; c__Gammaproteobacteria; o__Oceanospirillales; f__Oceanospirillaceae; g__Neptuniibacter	underclassification	3
B1-REF	5	1	rdp	0.6	1141411	k__Bacteria;p__Proteobacteria;c__Alphaproteobacteria;o__Sphingomonadales;f__Sphingomonadaceae;g__Blastomonas;s__natatoria	k__Bacteria; p__Proteobacteria; c__Alphaproteobacteria; o__Sphingomonadales; f__Sphingomonadaceae; g__Novosphingobium	overclassification	5
B1-REF	5	1	rdp	0.6	814161	k__Bacteria;p__Cyanobacteria;c__Chloroplast;o__Chlorophyta;f__Chlamydomonadaceae;g__Dunaliella;s__tertiolecta	k__Bacteria; p__Cyanobacteria; c__Chloroplast; o__Chlorophyta; f__Chlamydomonadaceae; g__Haematococcus	overclassification	5
B1-REF	5	1	rdp	0.6	104613	k__Bacteria;p__Bacteroidetes;c__Bacteroidia;o__Bacteroidales;f__Porphyromonadaceae	k__Bacteria; p__Bacteroidetes; c__Bacteroidia; o__Bacteroidales; f__Porphyromonadaceae; g__Vestibaculum	match	5
B1-REF	5	1	rdp	0.6	4451561	k__Bacteria;p__Verrucomicrobia;c__Verrucomicrobiae;o__Verrucomicrobiales;f__Verrucomicrobiaceae;g__Haloferula	k__Bacteria; p__Verrucomicrobia; c__Verrucomicrobiae; o__Verrucomicrobiales; f__Verrucomicrobiaceae; g__Prosthecobacter	overclassification	5
B1-REF	5	1	rdp	0.6	1124398	k__Bacteria;p__Proteobacteria;c__Gammaproteobacteria;o__Xanthomonadales;f__Xanthomonadaceae;g__Silanimonas;s__mangrovi	k__Bacteria; p__Proteobacteria; c__Gammaproteobacteria; o__Xanthomonadales; f__Xanthomonadaceae; g__Aquimonas	overclassification	5
B1-REF	5	1	rdp	0.6	4316452	k__Bacteria;p__Actinobacteria;c__Actinobacteria;o__Actinomycetales;f__Actinosynnemataceae;g__Amycolatopsis;s__fastidiosa	k__Bacteria; p__Actinobacteria; c__Actinobacteria; o__Actinomycetales; f__Actinosynnemataceae; g__Streptomyces	overclassification	5
B1-REF	5	1	rdp	0.6	1918929	k__Bacteria;p__Proteobacteria;c__Alphaproteobacteria;o__Rickettsiales;f__mitochondria	k__Bacteria; p__Proteobacteria; c__Alphaproteobacteria; o__Rickettsiales; f__mitochondria; g__Zea	match	5
B1-REF	5	1	rdp	0.6	4484060	k__Bacteria;p__Proteobacteria;c__Alphaproteobacteria;o__Rickettsiales;f__mitochondria	k__Bacteria; p__Proteobacteria; c__Alphaproteobacteria; o__Rickettsiales; f__mitochondria; g__Carica	match	5
B1-REF	5	1	rdp	0.6	256632	k__Bacteria;p__Proteobacteria;c__Betaproteobacteria;o__Burkholderiales;f__Oxalobacteraceae;g__Massilia;s__haematophila	k__Bacteria; p__Proteobacteria; c__Betaproteobacteria; o__Burkholderiales; f__Oxalobacteraceae; g__Naxibacter	overclassification	5
B1-REF	5	1	rdp	0.6	81099	k__Bacteria;p__Bacteroidetes;c__Flavobacteriia;o__Flavobacteriales;f__Flavobacteriaceae	k__Bacteria; p__Bacteroidetes; c__Flavobacteriia; o__Flavobacteriales; f__Flavobacteriaceae; g__Polaribacter	match	5
B1-REF	5	1	rdp	0.6	761476	k__Bacteria	k__Bacteria; p__Firmicutes; c__Erysipelotrichi; o__Erysipelotrichales; f__Erysipelotrichaceae; g__Anaerorhabdus	underclassification	1
B1-REF	5	1	rdp	0.6	3568708	k__Bacteria;p__Proteobacteria;c__Alphaproteobacteria;o__Rickettsiales;f__mitochondria;g__Sanguinaria;s__canadensis	k__Bacteria; p__Proteobacteria; c__Alphaproteobacteria; o__Rickettsiales; f__mitochondria; g__Sambucus	overclassification	5
B1-REF	5	1	rdp	0.6	1132790	k__Bacteria;p__Proteobacteria;c__Alphaproteobacteria;o__Rhizobiales	k__Bacteria; p__Proteobacteria; c__Alphaproteobacteria; o__Rhodospirillales; f__Rhodospirillaceae; g__Roseospirillum	misclassification	3
B1-REF	5	1	rdp	0.6	780816	k__Bacteria;p__Proteobacteria;c__Gammaproteobacteria;o__Methylococcales;f__Methylococcaceae;g__Methylosarcina;s__lacus	k__Bacteria; p__Proteobacteria; c__Gammaproteobacteria; o__Methylococcales; f__Methylococcaceae; g__Methylobacter	overclassification	5
B1-REF	5	1	rdp	0.6	4413100	k__Bacteria;p__Proteobacteria;c__Alphaproteobacteria;o__Rickettsiales;f__mitochondria	k__Bacteria; p__Proteobacteria; c__Alphaproteobacteria; o__Rickettsiales; f__mitochondria; g__Galbulimima	match	5
B1-REF	5	1	rdp	0.6	614944	k__Bacteria;p__Proteobacteria;c__Gammaproteobacteria;o__Xanthomonadales;f__Xanthomonadaceae;g__Luteibacter;s__rhizovicinus	k__Bacteria; p__Proteobacteria; c__Gammaproteobacteria; o__Xanthomonadales; f__Xanthomonadaceae; g__Fulvimonas	overclassification	5
B1-REF	5	1	rdp	0.6	284709	k__Bacteria;p__Proteobacteria;c__Betaproteobacteria;o__Neisseriales;f__Neisseriaceae;g__Pseudogulbenkiania;s__subflava	k__Bacteria; p__Proteobacteria; c__Betaproteobacteria; o__Neisseriales; f__Neisseriaceae; g__Aquitalea	overclassification	5
B1-REF	5	1	rdp	0.6	840654	k__Archaea;p__Euryarchaeota;c__Methanomicrobia;o__Methanomicrobiales	k__Archaea; p__Euryarchaeota; c__Methanomicrobia; o__Methanomicrobiales; f__Methanomicrobiaceae; g__Methanoculleus	underclassification	4
B1-REF	5	1	rdp	0.6	300711	k__Bacteria;p__Proteobacteria;c__Alphaproteobacteria;o__Rhodospirillales;f__Rhodospirillaceae	k__Bacteria; p__Proteobacteria; c__Alphaproteobacteria; o__Rhodospirillales; f__Rhodospirillaceae; g__marine	match	5
B1-REF	5	1	rdp	0.6	2760629	k__Bacteria;p__Proteobacteria;c__Gammaproteobacteria;o__Enterobacteriales;f__Enterobacteriaceae;g__Brenneria	k__Bacteria; p__Proteobacteria; c__Gammaproteobacteria; o__Enterobacteriales; f__Enterobacteriaceae; g__Dickeya	overclassification	5
B1-REF	5	1	rdp	0.6	1135155	k__Bacteria;p__Bacteroidetes;c__Saprospirae;o__Saprospirales;f__Chitinophagaceae	k__Bacteria; p__Bacteroidetes; c__Saprospirae; o__Saprospirales; f__Chitinophagaceae; g__Ferruginibacter	match	5
B1-REF	5	1	rdp	0.6	4251078	k__Bacteria;p__Proteobacteria;c__Alphaproteobacteria;o__Rickettsiales;f__mitochondria	k__Bacteria; p__Proteobacteria; c__Alphaproteobacteria; o__Rickettsiales; f__mitochondria; g__Cinnamomum	match	5
B1-REF	5	1	rdp	0.6	4360168	k__Bacteria;p__Proteobacteria;c__Alphaproteobacteria;o__Rhodobacterales;f__Rhodobacteraceae	k__Bacteria; p__Proteobacteria; c__Alphaproteobacteria; o__Rhodobacterales; f__Rhodobacteraceae; g__Sediminimonas	match	5
B1-REF	5	1	rdp	0.6	244920	k__Bacteria;p__Proteobacteria;c__Alphaproteobacteria;o__Rhodobacterales;f__Rhodobacteraceae	k__Bacteria; p__Proteobacteria; c__Alphaproteobacteria; o__Rhodobacterales; f__Rhodobacteraceae; g__Rhodovulum	match	5
B1-REF	5	1	rdp	0.6	538986	k__Bacteria;p__Firmicutes;c__Clostridia;o__Clostridiales;f__Lachnospiraceae;g__Clostridium	k__Bacteria; p__Firmicutes; c__Clostridia; o__Clostridiales; f__Lachnospiraceae; g__Hespellia	overclassification	5
B1-REF	5	1	rdp	0.6	10662	k__Bacteria;p__Proteobacteria;c__Deltaproteobacteria;o__Desulfuromonadales	k__Bacteria; p__Proteobacteria; c__Deltaproteobacteria; o__Desulfuromonadales; f__Pelobacteraceae; g__Desulfuromonas	underclassification	4
B1-REF	5	1	rdp	0.6	4303511	k__Bacteria;p__Cyanobacteria;c__Nostocophycideae;o__Nostocales;f__Nostocaceae;g__Nostoc	k__Bacteria; p__Cyanobacteria; c__Nostocophycideae; o__Nostocales; f__Nostocaceae; g__Microchaete	overclassification	5
B1-REF	5	1	rdp	0.6	159978	k__Bacteria;p__Actinobacteria;c__Actinobacteria;o__Actinomycetales	k__Bacteria; p__Actinobacteria; c__Actinobacteria; o__Actinomycetales; f__Microbacteriaceae; g__Agromyces	underclassification	4
B1-REF	5	1	rdp	0.6	786884	k__Bacteria;p__Firmicutes;c__Bacilli;o__Bacillales;f__Bacillaceae	k__Bacteria; p__Firmicutes; c__Bacilli; o__Bacillales; f__Bacillaceae; g__Geomicrobium	match	5
B1-REF	5	1	rdp	0.6	1122195	k__Bacteria;p__Proteobacteria;c__Alphaproteobacteria;o__Rhodobacterales;f__Hyphomonadaceae	k__Bacteria; p__Proteobacteria; c__Alphaproteobacteria; o__Rhodobacterales; f__Hyphomonadaceae; g__Hellea	match	5
B1-REF	5	1	rdp	0.6	275651	k__Bacteria;p__Proteobacteria;c__Gammaproteobacteria;o__Xanthomonadales;f__Xanthomonadaceae;g__Thermomonas;s__fusca	k__Bacteria; p__Proteobacteria; c__Gammaproteobacteria; o__Xanthomonadales; f__Xanthomonadaceae; g__Luteimonas	overclassification	5
B1-REF	5	1	rdp	0.6	2094423	k__Bacteria;p__Bacteroidetes;c__Bacteroidia;o__Bacteroidales;f__Marinilabiaceae	k__Bacteria; p__Bacteroidetes; c__Bacteroidia; o__Bacteroidales; f__Marinilabiaceae; g__Alkalitalea	match	5
B1-REF	5	1	rdp	0.6	757185	k__Bacteria;p__Proteobacteria;c__Alphaproteobacteria;o__Rhizobiales;f__Beijerinckiaceae	k__Bacteria; p__Proteobacteria; c__Alphaproteobacteria; o__Rhizobiales; f__Beijerinckiaceae; g__Methyloferula	match	5
B1-REF	5	1	rdp	0.6	28828	k__Bacteria;p__Cyanobacteria;c__Nostocophycideae;o__Nostocales;f__Nostocaceae	k__Bacteria; p__Cyanobacteria; c__Nostocophycideae; o__Nostocales; f__Nostocaceae; g__Anabaenopsis	match	5
B1-REF	5	1	rdp	0.6	263857	k__Bacteria;p__Proteobacteria;c__Alphaproteobacteria;o__Rhodospirillales;f__Acetobacteraceae	k__Bacteria; p__Proteobacteria; c__Alphaproteobacteria; o__Rhodospirillales; f__Acetobacteraceae; g__Rhodovastum	match	5
B1-REF	5	1	rdp	0.6	219119	k__Bacteria;p__Cyanobacteria	k__Bacteria; p__Cyanobacteria; c__Synechococcophycideae; o__Pseudanabaenales; f__Pseudanabaenaceae; g__Prochlorothrix	underclassification	2
B1-REF	5	1	rdp	0.6	1125489	k__Bacteria;p__Proteobacteria;c__Deltaproteobacteria;o__Desulfobacterales;f__Desulfobulbaceae;g__Desulfofustis;s__glycolicus	k__Bacteria; p__Proteobacteria; c__Deltaproteobacteria; o__Desulfobacterales; f__Desulfobulbaceae; g__Desulfopila	overclassification	5
B1-REF	5	1	rdp	0.6	1942913	k__Bacteria;p__Proteobacteria;c__Alphaproteobacteria;o__Rickettsiales;f__mitochondria;g__Saccharina;s__angustata	k__Bacteria; p__Proteobacteria; c__Alphaproteobacteria; o__Rickettsiales; f__mitochondria; g__Laminaria	overclassification	5
B1-REF	5	1	rdp	0.6	744029	k__Bacteria;p__Proteobacteria;c__Gammaproteobacteria;o__Enterobacteriales;f__Enterobacteriaceae	k__Bacteria; p__Proteobacteria; c__Gammaproteobacteria; o__Enterobacteriales; f__Enterobacteriaceae; g__Pragia	match	5
B1-REF	5	1	rdp	0.6	1038018	k__Bacteria;p__Firmicutes;c__Bacilli;o__Lactobacillales;f__Aerococcaceae	k__Bacteria; p__Firmicutes; c__Bacilli; o__Lactobacillales; f__Aerococcaceae; g__Alloiococcus	match	5
B1-REF	5	1	rdp	0.6	1773389	k__Bacteria;p__Proteobacteria;c__Deltaproteobacteria;o__Myxococcales;f__Myxococcaceae;g__Corallococcus;s__exiguus	k__Bacteria; p__Proteobacteria; c__Deltaproteobacteria; o__Myxococcales; f__Cystobacteraceae; g__Angiococcus	misclassification	4
B1-REF	5	1	rdp	0.6	2072489	k__Bacteria;p__Proteobacteria;c__Alphaproteobacteria;o__Rickettsiales;f__mitochondria;g__Pleea;s__tenuifolia	k__Bacteria; p__Proteobacteria; c__Alphaproteobacteria; o__Rickettsiales; f__mitochondria; g__Croomia	overclassification	5
B1-REF	5	1	rdp	0.6	581342	k__Bacteria;p__Firmicutes;c__Clostridia;o__Halanaerobiales;f__Halobacteroidaceae;g__Orenia;s__marismortui	k__Bacteria; p__Firmicutes; c__Clostridia; o__Halanaerobiales; f__Halobacteroidaceae; g__Selenihalanaerobacter	overclassification	5
B1-REF	5	1	rdp	0.6	275689	k__Bacteria;p__Actinobacteria;c__Actinobacteria;o__Actinomycetales;f__Actinosynnemataceae;g__Amycolatopsis;s__fastidiosa	k__Bacteria; p__Actinobacteria; c__Actinobacteria; o__Actinomycetales; f__Actinosynnemataceae; g__Actinokineospora	overclassification	5
B1-REF	5	1	rdp	0.6	470759	k__Bacteria;p__Proteobacteria;c__Betaproteobacteria;o__Burkholderiales;f__Oxalobacteraceae	k__Bacteria; p__Proteobacteria; c__Betaproteobacteria; o__Burkholderiales; f__Oxalobacteraceae; g__Oxalobacter	match	5
B1-REF	5	1	rdp	0.6	4410246	k__Bacteria;p__Proteobacteria;c__Alphaproteobacteria;o__Rickettsiales;f__mitochondria	k__Bacteria; p__Proteobacteria; c__Alphaproteobacteria; o__Rickettsiales; f__mitochondria; g__Phegopteris	match	5
B1-REF	5	1	rdp	0.6	2402563	k__Bacteria;p__Proteobacteria;c__Betaproteobacteria;o__Burkholderiales;f__Oxalobacteraceae;g__Massilia;s__timonae	k__Bacteria; p__Proteobacteria; c__Betaproteobacteria; o__Burkholderiales; f__Oxalobacteraceae; g__Glycine	overclassification	5
B1-REF	5	1	rdp	0.6	1129305	k__Bacteria;p__Tenericutes;c__Mollicutes;o__Acholeplasmatales;f__Acholeplasmataceae	k__Bacteria; p__Tenericutes; c__Mollicutes; o__Acholeplasmatales; f__Acholeplasmataceae; g__Acholeplasma	match	5
B1-REF	5	1	rdp	0.6	743801	k__Bacteria;p__Planctomycetes;c__Planctomycetia;o__Gemmatales;f__Isosphaeraceae;g__Nostocoida;s__limicola	k__Bacteria; p__Planctomycetes; c__Planctomycetia; o__Gemmatales; f__Isosphaeraceae; g__Singulisphaera	overclassification	5
B1-REF	5	1	rdp	0.6	631036	k__Bacteria;p__Proteobacteria;c__Alphaproteobacteria	k__Bacteria; p__Proteobacteria; c__Alphaproteobacteria; o__Rickettsiales; f__Rickettsiaceae; g__Cryptoprodotis	underclassification	3
B1-REF	5	1	rdp	0.6	4466885	k__Bacteria;p__Proteobacteria;c__Gammaproteobacteria	k__Bacteria; p__Proteobacteria; c__Gammaproteobacteria; o__Enterobacteriales; f__Enterobacteriaceae; g__Schneideria	underclassification	3
B1-REF	5	1	rdp	0.6	3308	k__Bacteria;p__Cyanobacteria	k__Bacteria; p__Cyanobacteria; c__Synechococcophycideae; o__Pseudanabaenales; f__Pseudanabaenaceae; g__Microcystis	underclassification	2
B1-REF	5	1	rdp	0.6	851793	k__Bacteria;p__Actinobacteria;c__Actinobacteria;o__Actinomycetales	k__Bacteria; p__Actinobacteria; c__Actinobacteria; o__Actinomycetales; f__Nocardiaceae; g__Segniliparus	underclassification	4
B1-REF	5	1	rdp	0.6	658160	k__Bacteria;p__Proteobacteria;c__Gammaproteobacteria;o__Enterobacteriales;f__Enterobacteriaceae;g__Photorhabdus;s__temperata	k__Bacteria; p__Proteobacteria; c__Gammaproteobacteria; o__Enterobacteriales; f__Enterobacteriaceae; g__Xenorhabdus	overclassification	5
B1-REF	5	1	rdp	0.6	197631	k__Bacteria;p__Firmicutes;c__Bacilli;o__Lactobacillales;f__Leuconostocaceae;g__Leuconostoc;s__fallax	k__Bacteria; p__Firmicutes; c__Bacilli; o__Lactobacillales; f__Leuconostocaceae; g__Oenococcus	overclassification	5
B1-REF	5	1	rdp	0.6	624438	k__Bacteria;p__Actinobacteria;c__Actinobacteria;o__Actinomycetales;f__Streptomycetaceae	k__Bacteria; p__Actinobacteria; c__Actinobacteria; o__Actinomycetales; f__Streptomycetaceae; g__soil	match	5
B1-REF	5	1	rdp	0.6	3571256	k__Bacteria;p__Actinobacteria;c__Actinobacteria;o__Actinomycetales;f__Geodermatophilaceae;g__Actinotelluria;s__brasiliensis	k__Bacteria; p__Actinobacteria; c__Actinobacteria; o__Actinomycetales; f__Geodermatophilaceae; g__Blastococcus	overclassification	5
B1-REF	5	1	rdp	0.6	864496	k__Bacteria;p__Bacteroidetes;c__Flavobacteriia;o__Flavobacteriales;f__Flavobacteriaceae	k__Bacteria; p__Bacteroidetes; c__Flavobacteriia; o__Flavobacteriales; f__Blattabacteriaceae; g__Brownia	misclassification	4
B1-REF	5	1	rdp	0.6	3940564	k__Bacteria;p__Proteobacteria;c__Gammaproteobacteria;o__Enterobacteriales;f__Enterobacteriaceae	k__Bacteria; p__Proteobacteria; c__Gammaproteobacteria; o__Enterobacteriales; f__Enterobacteriaceae; g__Rahnella	match	5
B1-REF	5	1	rdp	0.6	4350787	k__Bacteria;p__Proteobacteria;c__Gammaproteobacteria;o__Enterobacteriales;f__Enterobacteriaceae;g__Enterobacter	k__Bacteria; p__Proteobacteria; c__Gammaproteobacteria; o__Enterobacteriales; f__Enterobacteriaceae; g__Salmonella	overclassification	5
B1-REF	5	1	rdp	0.6	2621281	k__Bacteria;p__Bacteroidetes;c__Flavobacteriia;o__Flavobacteriales;f__Flavobacteriaceae	k__Bacteria; p__Bacteroidetes; c__Flavobacteriia; o__Flavobacteriales; f__Flavobacteriaceae; g__Flavobacterium	match	5
B1-REF	5	1	rdp	0.6	552246	k__Bacteria;p__Proteobacteria;c__Gammaproteobacteria;o__Pseudomonadales;f__Moraxellaceae;g__Agitococcus;s__lubricus	k__Bacteria; p__Proteobacteria; c__Gammaproteobacteria; o__Pseudomonadales; f__Moraxellaceae; g__Alkanindiges	overclassification	5
B1-REF	5	1	rdp	0.6	212299	k__Bacteria;p__Proteobacteria;c__Alphaproteobacteria;o__Rhizobiales;f__Rhizobiaceae	k__Bacteria; p__Proteobacteria; c__Alphaproteobacteria; o__Rhizobiales; f__Rhizobiaceae; g__Amorphomonas	match	5
B1-REF	5	1	rdp	0.6	569436	k__Bacteria;p__Proteobacteria;c__Alphaproteobacteria;o__Rhizobiales	k__Bacteria; p__Proteobacteria; c__Alphaproteobacteria; o__Rhizobiales; f__Brucellaceae; g__Ochrobactrum	underclassification	4
B1-REF	5	1	rdp	0.6	1144180	k__Bacteria;p__Actinobacteria;c__Actinobacteria	k__Bacteria; p__Actinobacteria; c__Actinobacteria; o__Bifidobacteriales; f__Bifidobacteriaceae; g__Aeriscardovia	underclassification	3
B1-REF	5	1	rdp	0.6	4439078	k__Bacteria;p__Proteobacteria;c__Alphaproteobacteria;o__Rhizobiales;f__Methylocystaceae;g__Methylosinus;s__sporium	k__Bacteria; p__Proteobacteria; c__Alphaproteobacteria; o__Rhizobiales; f__Rhizobiaceae; g__Prosthecomicrobium	misclassification	4
B1-REF	5	1	rdp	0.6	4386973	k__Bacteria;p__Actinobacteria;c__Actinobacteria;o__Actinomycetales;f__Nocardiopsaceae;g__Nocardiopsis	k__Bacteria; p__Actinobacteria; c__Actinobacteria; o__Actinomycetales; f__Nocardiopsaceae; g__Haloactinospora	overclassification	5
B1-REF	5	1	rdp	0.6	160627	k__Bacteria;p__Proteobacteria;c__Gammaproteobacteria;o__Pasteurellales;f__Pasteurellaceae	k__Bacteria; p__Proteobacteria; c__Gammaproteobacteria; o__Pasteurellales; f__Pasteurellaceae; g__Avibacterium	match	5
B1-REF	5	1	rdp	0.6	981957	k__Bacteria;p__Proteobacteria;c__Betaproteobacteria;o__Neisseriales;f__Neisseriaceae;g__Kingella	k__Bacteria; p__Proteobacteria; c__Betaproteobacteria; o__Neisseriales; f__Neisseriaceae; g__Neisseria	overclassification	5
B1-REF	5	1	rdp	0.6	147523	k__Bacteria;p__Cyanobacteria;c__Oscillatoriophycideae;o__Chroococcales;f__Gomphosphaeriaceae;g__Merismopedia;s__glauca	k__Bacteria; p__Cyanobacteria; c__Oscillatoriophycideae; o__Chroococcales; f__Gomphosphaeriaceae; g__Woronichinia	overclassification	5
B1-REF	5	1	rdp	0.6	1143570	k__Bacteria;p__Proteobacteria;c__Alphaproteobacteria;o__Rhizobiales;f__Xanthobacteraceae	k__Bacteria; p__Proteobacteria; c__Alphaproteobacteria; o__Rhizobiales; f__Xanthobacteraceae; g__Angulomicrobium	match	5
B1-REF	5	1	rdp	0.6	190032	k__Bacteria;p__Planctomycetes;c__Planctomycetia;o__Pirellulales;f__Pirellulaceae	k__Bacteria; p__Planctomycetes; c__Planctomycetia; o__Pirellulales; f__Pirellulaceae; g__Planctomycete	match	5
B1-REF	5	1	rdp	0.6	239649	k__Bacteria;p__Acidobacteria;c__Acidobacteriia;o__Acidobacteriales;f__Acidobacteriaceae;g__Edaphobacter;s__modestum	k__Bacteria; p__Acidobacteria; c__Acidobacteriia; o__Acidobacteriales; f__Acidobacteriaceae; g__Granulicella	overclassification	5
B1-REF	5	1	rdp	0.6	812450	k__Bacteria;p__Proteobacteria;c__Alphaproteobacteria;o__Sphingomonadales;f__Erythrobacteraceae;g__Altererythrobacter;s__indicus	k__Bacteria; p__Proteobacteria; c__Alphaproteobacteria; o__Sphingomonadales; f__Sphingomonadaceae; g__Sphingopyxis	misclassification	4
B1-REF	5	1	rdp	0.6	2499164	k__Bacteria;p__Proteobacteria;c__Alphaproteobacteria;o__Rhodospirillales;f__Acetobacteraceae	k__Bacteria; p__Proteobacteria; c__Alphaproteobacteria; o__Rhodospirillales; f__Acetobacteraceae; g__Commensalibacter	match	5
B1-REF	5	1	rdp	0.6	4416544	k__Bacteria;p__Bacteroidetes;c__Flavobacteriia;o__Flavobacteriales;f__Flavobacteriaceae	k__Bacteria; p__Bacteroidetes; c__Flavobacteriia; o__Flavobacteriales; f__Flavobacteriaceae; g__Imtechella	match	5
B1-REF	5	1	rdp	0.6	586521	k__Bacteria;p__Tenericutes;c__Mollicutes;o__Entomoplasmatales;f__Entomoplasmataceae;g__Mesoplasma;s__seiffertii	k__Bacteria; p__Tenericutes; c__Mollicutes; o__Entomoplasmatales; f__Entomoplasmataceae; g__Acholeplasma	overclassification	5
B1-REF	5	1	rdp	0.6	724802	k__Bacteria;p__Proteobacteria;c__Gammaproteobacteria;o__Enterobacteriales;f__Enterobacteriaceae	k__Bacteria; p__Proteobacteria; c__Gammaproteobacteria; o__Enterobacteriales; f__Enterobacteriaceae; g__Yersinia	match	5
B1-REF	5	1	rdp	0.6	838434	k__Bacteria;p__Proteobacteria;c__Deltaproteobacteria;o__Desulfuromonadales;f__Desulfuromonadaceae;g__Malonomonas;s__rubra	k__Bacteria; p__Proteobacteria; c__Deltaproteobacteria; o__Desulfuromonadales; f__Desulfuromonadaceae; g__Pelobacter	overclassification	5
B1-REF	5	1	rdp	0.6	4343390	k__Bacteria;p__Bacteroidetes;c__Flavobacteriia;o__Flavobacteriales;f__Flavobacteriaceae	k__Bacteria; p__Bacteroidetes; c__Flavobacteriia; o__Flavobacteriales; f__Flavobacteriaceae; g__Sufflavibacter	match	5
B1-REF	5	1	rdp	0.6	657	k__Archaea;p__Euryarchaeota;c__Halobacteria;o__Halobacteriales;f__Halobacteriaceae;g__Natrialba	k__Archaea; p__Euryarchaeota; c__Halobacteria; o__Halobacteriales; f__Halobacteriaceae; g__Natronorubrum	overclassification	5
B1-REF	5	1	rdp	0.6	948029	k__Bacteria;p__Bacteroidetes;c__Flavobacteriia;o__Flavobacteriales;f__Flavobacteriaceae	k__Bacteria; p__Bacteroidetes; c__Flavobacteriia; o__Flavobacteriales; f__Flavobacteriaceae; g__Aureitalea	match	5
B1-REF	5	1	rdp	0.6	4097804	k__Bacteria;p__Proteobacteria;c__Alphaproteobacteria;o__Rickettsiales;f__mitochondria	k__Bacteria; p__Proteobacteria; c__Alphaproteobacteria; o__Rickettsiales; f__mitochondria; g__Nephroselmis	match	5
B1-REF	5	1	rdp	0.6	4191587	k__Bacteria;p__Proteobacteria;c__Alphaproteobacteria;o__Rickettsiales;f__mitochondria	k__Bacteria; p__Proteobacteria; c__Alphaproteobacteria; o__Rickettsiales; f__mitochondria; g__Vigna	match	5
B1-REF	5	1	rdp	0.6	3594973	k__Bacteria;p__Proteobacteria;c__Alphaproteobacteria;o__Rickettsiales;f__mitochondria	k__Bacteria; p__Proteobacteria; c__Alphaproteobacteria; o__Rickettsiales; f__mitochondria; g__Saprolegnia	match	5
B1-REF	5	1	rdp	0.6	343273	k__Bacteria;p__Firmicutes;c__Bacilli;o__Lactobacillales;f__Enterococcaceae;g__Enterococcus	k__Bacteria; p__Firmicutes; c__Bacilli; o__Lactobacillales; f__Enterococcaceae; g__Vagococcus	overclassification	5
B1-REF	5	1	rdp	0.6	4338024	k__Bacteria;p__Proteobacteria;c__Betaproteobacteria;o__Burkholderiales;f__Alcaligenaceae	k__Bacteria; p__Proteobacteria; c__Betaproteobacteria; o__Burkholderiales; f__Alcaligenaceae; g__Pigmentiphaga	match	5
B1-REF	5	1	rdp	0.6	130535	k__Bacteria;p__Bacteroidetes;c__Cytophagia;o__Cytophagales;f__Cyclobacteriaceae;g__Nitritalea;s__halalkaliphila	k__Bacteria; p__Bacteroidetes; c__Cytophagia; o__Cytophagales; f__Cyclobacteriaceae; g__Rhodonellum	overclassification	5
B1-REF	5	1	rdp	0.6	4447123	k__Bacteria;p__Bacteroidetes;c__Flavobacteriia;o__Flavobacteriales;f__Flavobacteriaceae	k__Bacteria; p__Bacteroidetes; c__Flavobacteriia; o__Flavobacteriales; f__Flavobacteriaceae; g__Snuella	match	5
B1-REF	5	1	rdp	0.6	273661	k__Bacteria;p__Proteobacteria;c__Epsilonproteobacteria;o__Campylobacterales;f__Helicobacteraceae;g__Flexispira;s__rappini	k__Bacteria; p__Proteobacteria; c__Epsilonproteobacteria; o__Campylobacterales; f__Helicobacteraceae; g__Helicobacter	overclassification	5
B1-REF	5	1	rdp	0.6	570390	k__Bacteria;p__Bacteroidetes;c__Cytophagia;o__Cytophagales;f__Cyclobacteriaceae;g__Nitritalea;s__halalkaliphila	k__Bacteria; p__Bacteroidetes; c__Cytophagia; o__Cytophagales; f__Cyclobacteriaceae; g__Belliella	overclassification	5
B1-REF	5	1	rdp	0.6	4357383	k__Bacteria;p__Actinobacteria;c__Actinobacteria;o__Actinomycetales;f__Microbacteriaceae;g__Microbacterium;s__aurum	k__Bacteria; p__Actinobacteria; c__Actinobacteria; o__Actinomycetales; f__Microbacteriaceae; g__Subtercola	overclassification	5
B1-REF	5	1	rdp	0.6	115286	k__Bacteria;p__Proteobacteria;c__Betaproteobacteria;o__Rhodocyclales;f__Rhodocyclaceae;g__Azoarcus;s__indigens	k__Bacteria; p__Proteobacteria; c__Betaproteobacteria; o__Rhodocyclales; f__Rhodocyclaceae; g__Denitromonas	overclassification	5
B1-REF	5	1	rdp	0.6	808541	k__Bacteria;p__Firmicutes;c__Clostridia;o__Thermoanaerobacterales;f__Thermoanaerobacteraceae;g__Caldanaerobacter;s__subterraneus	k__Bacteria; p__Firmicutes; c__Clostridia; o__Thermoanaerobacterales; f__Thermoanaerobacteraceae; g__Thermoanaerobacter	overclassification	5
B1-REF	5	1	rdp	0.6	12136	k__Bacteria;p__Actinobacteria;c__Actinobacteria;o__Actinomycetales;f__Streptosporangiaceae	k__Bacteria; p__Actinobacteria; c__Actinobacteria; o__Actinomycetales; f__Streptosporangiaceae; g__Herbidospora	match	5
B1-REF	5	1	rdp	0.6	225045	k__Bacteria;p__Proteobacteria;c__Gammaproteobacteria;o__Cardiobacteriales;f__Cardiobacteriaceae;g__Suttonella;s__ornithocola	k__Bacteria; p__Proteobacteria; c__Gammaproteobacteria; o__Cardiobacteriales; f__Cardiobacteriaceae; g__Dichelobacter	overclassification	5
B1-REF	5	1	rdp	0.6	1021078	k__Bacteria;p__Cyanobacteria;c__Oscillatoriophycideae;o__Chroococcales;f__Xenococcaceae;g__Gloeocapsopsis;s__crepidinum	k__Bacteria; p__Cyanobacteria; c__Oscillatoriophycideae; o__Chroococcales; f__Xenococcaceae; g__Pleurocapsa	overclassification	5
B1-REF	5	1	rdp	0.6	1883795	k__Bacteria;p__Proteobacteria	k__Bacteria; p__Proteobacteria; c__Betaproteobacteria; o__Nitrosomonadales; f__Nitrosomonadaceae; g__Nitrosomonas	underclassification	2
B1-REF	5	1	rdp	0.6	786876	k__Bacteria;p__Bacteroidetes;c__Flavobacteriia;o__Flavobacteriales	k__Bacteria; p__Bacteroidetes; c__Flavobacteriia; o__Flavobacteriales; f__Weeksellaceae; g__Elizabethkingia	underclassification	4
B1-REF	5	1	rdp	0.6	262857	k__Bacteria;p__Firmicutes;c__Bacilli;o__Bacillales;f__Staphylococcaceae;g__Jeotgalicoccus;s__psychrophilus	k__Bacteria; p__Firmicutes; c__Bacilli; o__Bacillales; f__Staphylococcaceae; g__Macrococcus	overclassification	5
B1-REF	5	1	rdp	0.6	1132903	k__Bacteria;p__Proteobacteria;c__Alphaproteobacteria;o__Rhodobacterales;f__Rhodobacteraceae;g__Oceanicola	k__Bacteria; p__Proteobacteria; c__Alphaproteobacteria; o__Rhodobacterales; f__Rhodobacteraceae; g__Lutimaribacter	overclassification	5
B1-REF	5	1	rdp	0.6	2063499	k__Bacteria;p__Proteobacteria;c__Alphaproteobacteria;o__Rickettsiales;f__mitochondria	k__Bacteria; p__Proteobacteria; c__Alphaproteobacteria; o__Rickettsiales; f__mitochondria; g__Atherosperma	match	5
B1-REF	5	1	rdp	0.6	4334113	k__Bacteria;p__Proteobacteria;c__Gammaproteobacteria;o__Enterobacteriales;f__Enterobacteriaceae	k__Bacteria; p__Proteobacteria; c__Gammaproteobacteria; o__Enterobacteriales; f__Enterobacteriaceae; g__Moellerella	match	5
B1-REF	5	1	rdp	0.6	58614	k__Bacteria;p__Bacteroidetes;c__Cytophagia;o__Cytophagales;f__Flammeovirgaceae;g__Perexilibacter;s__aurantiacus	k__Bacteria; p__Bacteroidetes; c__Cytophagia; o__Cytophagales; f__Flammeovirgaceae; g__Marivirga	overclassification	5
B1-REF	5	1	rdp	0.6	4369445	k__Bacteria;p__Firmicutes;c__Clostridia;o__Clostridiales;f__Veillonellaceae;g__Propionispira;s__arboris	k__Bacteria; p__Firmicutes; c__Clostridia; o__Clostridiales; f__Veillonellaceae; g__Zymophilus	overclassification	5
B1-REF	5	1	rdp	0.6	4372372	k__Bacteria;p__Actinobacteria;c__Actinobacteria;o__Actinomycetales;f__Microbacteriaceae;g__Microbacterium;s__aurum	k__Bacteria; p__Actinobacteria; c__Actinobacteria; o__Actinomycetales; f__Microbacteriaceae; g__Herbiconiux	overclassification	5
B1-REF	5	1	rdp	0.6	133739	k__Bacteria;p__Chlorobi;c__Chlorobia;o__Chlorobiales;f__Chlorobiaceae;g__Pelodictyon	k__Bacteria; p__Chlorobi; c__Chlorobia; o__Chlorobiales; f__Chlorobiaceae; g__Chlorobium	overclassification	5
B1-REF	5	1	rdp	0.6	4443912	k__Bacteria;p__Proteobacteria;c__Alphaproteobacteria;o__Rhizobiales;f__Bradyrhizobiaceae;g__Afipia;s__felis	k__Bacteria; p__Proteobacteria; c__Alphaproteobacteria; o__Rhizobiales; f__Bradyrhizobiaceae; g__Oligotropha	overclassification	5
B1-REF	5	1	rdp	0.6	4427644	k__Bacteria;p__Actinobacteria;c__Actinobacteria;o__Actinomycetales;f__Micrococcaceae;g__Arthrobacter;s__psychrolactophilus	k__Bacteria; p__Actinobacteria; c__Actinobacteria; o__Actinomycetales; f__Micrococcaceae; g__Bacillus	overclassification	5
B1-REF	5	1	rdp	0.6	16026	k__Bacteria;p__Firmicutes;c__Clostridia;o__Clostridiales;f__Ruminococcaceae;g__Papillibacter;s__cinnamivorans	k__Bacteria; p__Firmicutes; c__Clostridia; o__Clostridiales; f__Ruminococcaceae; g__Sporobacter	overclassification	5
B1-REF	5	1	rdp	0.6	808058	k__Bacteria;p__Proteobacteria;c__Betaproteobacteria;o__Burkholderiales;f__Comamonadaceae;g__mine;s__drainage metagenome	k__Bacteria; p__Proteobacteria; c__Betaproteobacteria; o__Burkholderiales; f__Comamonadaceae; g__Thiomonas	overclassification	5
B1-REF	5	1	rdp	0.6	4379450	k__Bacteria;p__Firmicutes;c__Clostridia;o__Clostridiales;f__Lachnospiraceae	k__Bacteria; p__Firmicutes; c__Clostridia; o__Clostridiales; f__Lachnospiraceae; g__Lactonifactor	match	5
B1-REF	5	1	rdp	0.6	26799	k__Bacteria;p__Cyanobacteria;c__Chloroplast;o__Chlorophyta;f__Ulvophyceae;g__Bryopsis;s__hypnoides	k__Bacteria; p__Cyanobacteria; c__Chloroplast; o__Chlorophyta; f__Ulvophyceae; g__Codium	overclassification	5
B1-REF	5	1	rdp	0.6	1145893	k__Bacteria;p__Bacteroidetes;c__Cytophagia;o__Cytophagales;f__Cyclobacteriaceae	k__Bacteria; p__Bacteroidetes; c__Cytophagia; o__Cytophagales; f__Cyclobacteriaceae; g__Algoriphagus	match	5
B1-REF	5	1	rdp	0.6	4380180	k__Bacteria;p__Proteobacteria;c__Alphaproteobacteria;o__Rhizobiales	k__Bacteria; p__Proteobacteria; c__Alphaproteobacteria; o__Rhizobiales; f__Rhizobiaceae; g__Liberibacter	underclassification	4
B1-REF	5	1	rdp	0.6	12045	k__Bacteria;p__Actinobacteria;c__Actinobacteria;o__Actinomycetales;f__Thermomonosporaceae;g__Actinomadura;s__atramentaria	k__Bacteria; p__Actinobacteria; c__Actinobacteria; o__Actinomycetales; f__Thermomonosporaceae; g__Parvopolyspora	overclassification	5
B1-REF	5	1	rdp	0.6	3521835	k__Bacteria;p__Proteobacteria	k__Bacteria; p__Proteobacteria; c__Betaproteobacteria; o__Tremblayales; f__Tremblayaceae; g__Carsonella	underclassification	2
B1-REF	5	1	rdp	0.6	240999	k__Bacteria;p__Proteobacteria;c__Gammaproteobacteria	k__Bacteria; p__Proteobacteria; c__Gammaproteobacteria; o__Chromatiales; f__Halothiobacillaceae; g__Halothiobacillus	underclassification	3
B1-REF	5	1	rdp	0.6	746126	k__Bacteria;p__Tenericutes;c__Mollicutes;o__Entomoplasmatales;f__Entomoplasmataceae;g__Mesoplasma	k__Bacteria; p__Tenericutes; c__Mollicutes; o__Entomoplasmatales; f__Entomoplasmataceae; g__Entomoplasma	overclassification	5
B1-REF	5	1	rdp	0.6	529445	k__Bacteria;p__Actinobacteria;c__Actinobacteria;o__Actinomycetales;f__Promicromonosporaceae	k__Bacteria; p__Actinobacteria; c__Actinobacteria; o__Actinomycetales; f__Promicromonosporaceae; g__Myceligenerans	match	5
B1-REF	5	1	rdp	0.6	565906	k__Archaea;p__Euryarchaeota;c__Methanobacteria;o__Methanobacteriales;f__Methanobacteriaceae;g__Methanobrevibacter;s__arboriphilus	k__Archaea; p__Euryarchaeota; c__Methanobacteria; o__Methanobacteriales; f__Methanobacteriaceae; g__Methanobacterium	overclassification	5
B1-REF	5	1	rdp	0.6	357791	k__Bacteria;p__Proteobacteria;c__Alphaproteobacteria;o__Rhodobacterales;f__Rhodobacteraceae	k__Bacteria; p__Proteobacteria; c__Alphaproteobacteria; o__Rhodobacterales; f__Rhodobacteraceae; g__Piezobacter	match	5
B1-REF	5	1	rdp	0.6	2160270	k__Bacteria;p__Proteobacteria;c__Alphaproteobacteria;o__Rhodobacterales;f__Rhodobacteraceae	k__Bacteria; p__Proteobacteria; c__Alphaproteobacteria; o__Rhodobacterales; f__Rhodobacteraceae; g__Thalassococcus	match	5
B1-REF	5	1	rdp	0.6	579101	k__Bacteria;p__Proteobacteria;c__Gammaproteobacteria;o__Chromatiales;f__Chromatiaceae	k__Bacteria; p__Proteobacteria; c__Gammaproteobacteria; o__Chromatiales; f__Chromatiaceae; g__Thiobaca	match	5
B1-REF	5	1	rdp	0.6	4384897	k__Bacteria;p__Proteobacteria;c__Alphaproteobacteria;o__Rickettsiales;f__mitochondria;g__Diplazium;s__pycnocarpon	k__Bacteria; p__Proteobacteria; c__Alphaproteobacteria; o__Rickettsiales; f__mitochondria; g__Asplenium	overclassification	5
B1-REF	5	1	rdp	0.6	471106	k__Bacteria;p__Firmicutes;c__Clostridia;o__Clostridiales;f__Ruminococcaceae;g__Gemmiger;s__formicilis	k__Bacteria; p__Firmicutes; c__Clostridia; o__Clostridiales; f__Ruminococcaceae; g__Subdoligranulum	overclassification	5
B1-REF	5	1	rdp	0.6	543619	k__Bacteria;p__Proteobacteria;c__Alphaproteobacteria;o__Rickettsiales;f__Anaplasmataceae;g__Ehrlichia;s__ruminantium	k__Bacteria; p__Proteobacteria; c__Alphaproteobacteria; o__Rickettsiales; f__Anaplasmataceae; g__Candidatus Neoehrlichia	overclassification	5
B1-REF	5	1	rdp	0.6	4310095	k__Bacteria;p__Firmicutes;c__Bacilli;o__Bacillales	k__Bacteria; p__Firmicutes; c__Bacilli; o__Bacillales; f__Paenibacillaceae; g__Aneurinibacillus	underclassification	4
B1-REF	5	1	rdp	0.6	339813	k__Bacteria;p__Actinobacteria;c__Actinobacteria;o__Actinomycetales;f__Micromonosporaceae	k__Bacteria; p__Actinobacteria; c__Actinobacteria; o__Actinomycetales; f__Micromonosporaceae; g__Actinaurispora	match	5
B1-REF	5	1	rdp	0.6	4453316	k__Bacteria;p__Proteobacteria;c__Alphaproteobacteria;o__Rickettsiales;f__mitochondria	k__Bacteria; p__Proteobacteria; c__Alphaproteobacteria; o__Rickettsiales; f__mitochondria; g__Sarcandra	match	5
B1-REF	5	1	rdp	0.6	4402981	k__Bacteria;p__Bacteroidetes	k__Bacteria; p__Bacteroidetes; c__Flavobacteriia; o__Flavobacteriales; f__Cryomorphaceae; g__Owenweeksia	underclassification	2
B1-REF	5	1	rdp	0.6	2486	k__Bacteria;p__Bacteroidetes;c__Sphingobacteriia;o__Sphingobacteriales;f__Sphingobacteriaceae;g__Pedobacter;s__oryzae	k__Bacteria; p__Bacteroidetes; c__Sphingobacteriia; o__Sphingobacteriales; f__Sphingobacteriaceae; g__Cytophagales	overclassification	5
B1-REF	5	1	rdp	0.6	4453318	k__Bacteria;p__Proteobacteria;c__Alphaproteobacteria;o__Rickettsiales;f__mitochondria	k__Bacteria; p__Proteobacteria; c__Alphaproteobacteria; o__Rickettsiales; f__mitochondria; g__Grevillea	match	5
B1-REF	5	1	rdp	0.6	955678	k__Bacteria;p__Proteobacteria;c__Betaproteobacteria;o__Neisseriales;f__Neisseriaceae	k__Bacteria; p__Proteobacteria; c__Betaproteobacteria; o__Neisseriales; f__Neisseriaceae; g__Conchiformibius	match	5
B1-REF	5	1	rdp	0.6	579858	k__Bacteria;p__Proteobacteria;c__Deltaproteobacteria;o__Desulfobacterales;f__Desulfobacteraceae	k__Bacteria; p__Proteobacteria; c__Deltaproteobacteria; o__Desulfobacterales; f__Desulfobacteraceae; g__Desulfobotulus	match	5
B1-REF	5	1	rdp	0.6	645407	k__Bacteria;p__Proteobacteria;c__Gammaproteobacteria;o__Xanthomonadales;f__Xanthomonadaceae;g__Luteibacter;s__rhizovicinus	k__Bacteria; p__Proteobacteria; c__Gammaproteobacteria; o__Xanthomonadales; f__Xanthomonadaceae; g__Dyella	overclassification	5
B1-REF	5	1	rdp	0.6	1134860	k__Bacteria;p__Proteobacteria;c__Alphaproteobacteria;o__Rhodospirillales;f__Rhodospirillaceae;g__Rhodospirillum;s__rubrum	k__Bacteria; p__Proteobacteria; c__Alphaproteobacteria; o__Rhodospirillales; f__Rhodospirillaceae; g__Caenispirillum	overclassification	5
B1-REF	5	1	rdp	0.6	792531	k__Bacteria;p__Proteobacteria;c__Gammaproteobacteria;o__Alteromonadales;f__Chromatiaceae;g__Bacillus;s__firmus	k__Bacteria; p__Proteobacteria; c__Gammaproteobacteria; o__Alteromonadales; f__Chromatiaceae; g__Rheinheimera	overclassification	5
B1-REF	5	1	rdp	0.6	4350882	k__Bacteria;p__Actinobacteria;c__Actinobacteria;o__Actinomycetales;f__Cellulomonadaceae;g__Sediminihabitans;s__luteus	k__Bacteria; p__Actinobacteria; c__Actinobacteria; o__Actinomycetales; f__Cellulomonadaceae; g__Paraoerskovia	overclassification	5
B1-REF	5	1	rdp	0.6	1128312	k__Bacteria;p__Bacteroidetes;c__Cytophagia;o__Cytophagales;f__Flammeovirgaceae;g__Porifericola;s__rhodea	k__Bacteria; p__Bacteroidetes; c__Cytophagia; o__Cytophagales; f__Flammeovirgaceae; g__Tunicatimonas	overclassification	5
B1-REF	5	1	rdp	0.6	4360170	k__Bacteria;p__Proteobacteria;c__Alphaproteobacteria;o__Rhodobacterales;f__Hyphomonadaceae;g__Henriciella;s__marina	k__Bacteria; p__Proteobacteria; c__Alphaproteobacteria; o__Rhodobacterales; f__Hyphomonadaceae; g__Maribaculum	overclassification	5
B1-REF	5	1	rdp	0.6	99267	k__Bacteria;p__Aquificae;c__Aquificae;o__Aquificales;f__Desulfurobacteriaceae;g__Thermovibrio	k__Bacteria; p__Aquificae; c__Aquificae; o__Aquificales; f__Desulfurobacteriaceae; g__Aquificales	overclassification	5
B1-REF	5	1	rdp	0.6	230076	k__Bacteria;p__Proteobacteria;c__Gammaproteobacteria;o__Vibrionales;f__Pseudoalteromonadaceae;g__Vibrio;s__harveyi	k__Bacteria; p__Proteobacteria; c__Gammaproteobacteria; o__Vibrionales; f__Pseudoalteromonadaceae; g__Aliivibrio	overclassification	5
B1-REF	5	1	rdp	0.6	15059	k__Bacteria;p__Firmicutes;c__Bacilli;o__Lactobacillales	k__Bacteria; p__Firmicutes; c__Bacilli; o__Lactobacillales; f__Aerococcaceae; g__Granulicatella	underclassification	4
B1-REF	5	1	rdp	0.6	299514	k__Bacteria;p__Firmicutes	k__Bacteria; p__Firmicutes; c__Clostridia; o__Clostridiales; f__Clostridiaceae; g__Clostridium	underclassification	2
B1-REF	5	1	rdp	0.6	1120577	k__Bacteria;p__Proteobacteria;c__Alphaproteobacteria;o__Rhizobiales	k__Bacteria; p__Proteobacteria; c__Alphaproteobacteria; o__Rhizobiales; f__Hyphomicrobiaceae; g__Hyphomicrobium	underclassification	4
B1-REF	5	1	rdp	0.6	4372396	k__Bacteria;p__Proteobacteria;c__Gammaproteobacteria	k__Bacteria; p__Proteobacteria; c__Gammaproteobacteria; o__Enterobacteriales; f__Enterobacteriaceae; g__Ishikawaella	underclassification	3
B1-REF	5	1	rdp	0.6	2572567	k__Bacteria;p__Proteobacteria;c__Alphaproteobacteria;o__Rickettsiales;f__mitochondria;g__Treubia;s__lacunosa	k__Bacteria; p__Proteobacteria; c__Alphaproteobacteria; o__Rickettsiales; f__mitochondria; g__Pleurozia	overclassification	5
B1-REF	5	1	rdp	0.6	690063	k__Bacteria;p__Firmicutes;c__Erysipelotrichi;o__Erysipelotrichales;f__Erysipelotrichaceae	k__Bacteria; p__Firmicutes; c__Erysipelotrichi; o__Erysipelotrichales; f__Erysipelotrichaceae; g__Catenibacterium	match	5
B1-REF	5	1	rdp	0.6	793520	k__Bacteria;p__Proteobacteria;c__Deltaproteobacteria	k__Bacteria; p__Proteobacteria; c__Deltaproteobacteria; o__Desulfobacterales; f__Desulfobacteraceae; g__Desulfocella	underclassification	3
B1-REF	5	1	rdp	0.6	1129499	k__Bacteria;p__Chloroflexi;c__Anaerolineae;o__Anaerolineales;f__Anaerolinaceae	k__Bacteria; p__Chloroflexi; c__Anaerolineae; o__Anaerolineales; f__Anaerolinaceae; g__Levilinea	match	5
B1-REF	5	1	rdp	0.6	560465	k__Bacteria;p__Proteobacteria;c__Gammaproteobacteria;o__Enterobacteriales;f__Enterobacteriaceae;g__Cronobacter;s__dublinensis	k__Bacteria; p__Proteobacteria; c__Gammaproteobacteria; o__Enterobacteriales; f__Enterobacteriaceae; g__Serratia	overclassification	5
B1-REF	5	1	rdp	0.6	3509162	k__Bacteria;p__Bacteroidetes;c__Saprospirae;o__Saprospirales;f__Chitinophagaceae;g__Filimonas;s__lacunae	k__Bacteria; p__Bacteroidetes; c__Saprospirae; o__Saprospirales; f__Chitinophagaceae; g__Lacibacter	overclassification	5
B1-REF	5	1	rdp	0.6	7538	k__Bacteria;p__Proteobacteria;c__Gammaproteobacteria;o__Chromatiales;f__Chromatiaceae;g__Thiocapsa;s__imhoffii	k__Bacteria; p__Proteobacteria; c__Gammaproteobacteria; o__Chromatiales; f__Chromatiaceae; g__Thiolamprovum	overclassification	5
B1-REF	5	1	rdp	0.6	2369177	k__Bacteria;p__Proteobacteria;c__Alphaproteobacteria;o__Rickettsiales;f__mitochondria;g__Millettia;s__pinnata	k__Bacteria; p__Proteobacteria; c__Alphaproteobacteria; o__Rickettsiales; f__mitochondria; g__Lotus	overclassification	5
B1-REF	5	1	rdp	0.6	362685	k__Bacteria;p__Actinobacteria;c__Actinobacteria;o__Actinomycetales;f__Nocardiopsaceae;g__Nocardiopsis;s__alba	k__Bacteria; p__Actinobacteria; c__Actinobacteria; o__Actinomycetales; f__Nocardiopsaceae; g__actinomycete	overclassification	5
B1-REF	5	1	rdp	0.6	3509168	k__Bacteria;p__Proteobacteria;c__Betaproteobacteria;o__Neisseriales;f__Neisseriaceae;g__Silvimonas;s__terrae	k__Bacteria; p__Proteobacteria; c__Betaproteobacteria; o__Neisseriales; f__Neisseriaceae; g__Chitiniphilus	overclassification	5
B1-REF	5	1	rdp	0.6	321301	k__Bacteria;p__Proteobacteria;c__Gammaproteobacteria;o__Thiotrichales;f__Thiotrichaceae;g__Thiopilula;s__aggregata	k__Bacteria; p__Proteobacteria; c__Gammaproteobacteria; o__Thiotrichales; f__Thiotrichaceae; g__Thioploca	overclassification	5
B1-REF	5	1	rdp	0.6	4448449	k__Bacteria;p__Actinobacteria;c__Actinobacteria;o__Actinomycetales;f__Microbacteriaceae;g__Microbacterium;s__aurum	k__Bacteria; p__Actinobacteria; c__Actinobacteria; o__Actinomycetales; f__Microbacteriaceae; g__Nocardia	overclassification	5
B1-REF	5	1	rdp	0.6	680394	k__Bacteria;p__Proteobacteria;c__Gammaproteobacteria;o__Xanthomonadales;f__Xanthomonadaceae	k__Bacteria; p__Proteobacteria; c__Gammaproteobacteria; o__Xanthomonadales; f__Xanthomonadaceae; g__Stenotrophomonas	match	5
B1-REF	5	1	rdp	0.6	622460	k__Bacteria;p__Proteobacteria;c__Gammaproteobacteria;o__Enterobacteriales;f__Enterobacteriaceae	k__Bacteria; p__Proteobacteria; c__Gammaproteobacteria; o__Enterobacteriales; f__Enterobacteriaceae; g__Shigella	match	5
B1-REF	5	1	rdp	0.6	33780	k__Bacteria;p__Firmicutes;c__Clostridia	k__Bacteria; p__Firmicutes; c__Clostridia; o__Clostridiales; f__Peptococcaceae; g__Desulfonispora	underclassification	3
B1-REF	5	1	rdp	0.6	10180	k__Bacteria;p__Proteobacteria;c__Gammaproteobacteria;o__Enterobacteriales;f__Enterobacteriaceae	k__Bacteria; p__Proteobacteria; c__Gammaproteobacteria; o__Enterobacteriales; f__Enterobacteriaceae; g__Aquamonas	match	5
B1-REF	5	1	rdp	0.6	555568	k__Bacteria;p__Proteobacteria;c__Alphaproteobacteria;o__Rhodobacterales;f__Rhodobacteraceae;g__Paracoccus	k__Bacteria; p__Proteobacteria; c__Alphaproteobacteria; o__Rhodobacterales; f__Rhodobacteraceae; g__Albidovulum	overclassification	5
B1-REF	5	1	rdp	0.6	2397567	k__Bacteria;p__Proteobacteria;c__Alphaproteobacteria;o__Rickettsiales;f__mitochondria;g__Nageia;s__nagi	k__Bacteria; p__Proteobacteria; c__Alphaproteobacteria; o__Rickettsiales; f__mitochondria; g__Ginkgo	overclassification	5
B1-REF	5	1	rdp	0.6	2397566	k__Bacteria;p__Proteobacteria;c__Alphaproteobacteria;o__Rickettsiales;f__mitochondria	k__Bacteria; p__Proteobacteria; c__Alphaproteobacteria; o__Rickettsiales; f__mitochondria; g__Azolla	match	5
B1-REF	5	1	rdp	0.6	1080702	k__Bacteria;p__Actinobacteria;c__Actinobacteria;o__Actinomycetales;f__Propionibacteriaceae;g__Aestuariimicrobium;s__kwangyangense	k__Bacteria; p__Actinobacteria; c__Actinobacteria; o__Actinomycetales; f__Propionibacteriaceae; g__Propionibacterium	overclassification	5
B1-REF	5	1	rdp	0.6	563323	k__Bacteria;p__Spirochaetes	k__Bacteria; p__Spirochaetes; c__Spirochaetes; o__Spirochaetales; f__Spirochaetaceae; g__Treponema	underclassification	2
B1-REF	5	1	rdp	0.6	607959	k__Bacteria;p__Actinobacteria;c__Actinobacteria;o__Actinomycetales;f__Dermabacteraceae;g__Helcobacillus;s__massiliensis	k__Bacteria; p__Actinobacteria; c__Actinobacteria; o__Actinomycetales; f__Dermabacteraceae; g__Brachybacterium	overclassification	5
B1-REF	5	1	rdp	0.6	808897	k__Bacteria;p__Proteobacteria;c__Alphaproteobacteria;o__Rhodobacterales;f__Rhodobacteraceae	k__Bacteria; p__Proteobacteria; c__Alphaproteobacteria; o__Rhodobacterales; f__Rhodobacteraceae; g__Rubrimonas	match	5
B1-REF	5	1	rdp	0.6	3526876	k__Bacteria;p__Proteobacteria;c__Deltaproteobacteria;o__Desulfovibrionales;f__Desulfohalobiaceae	k__Bacteria; p__Proteobacteria; c__Deltaproteobacteria; o__Desulfovibrionales; f__Desulfohalobiaceae; g__Desulfohalobium	match	5
B1-REF	5	1	rdp	0.6	1604187	k__Bacteria;p__Proteobacteria	k__Bacteria; p__Proteobacteria; c__Alphaproteobacteria; o__Rickettsiales; f__mitochondria; g__Coccomyxa	underclassification	2
B1-REF	5	1	rdp	0.6	4190059	k__Bacteria;p__Proteobacteria;c__Betaproteobacteria;o__Burkholderiales;f__Alcaligenaceae;g__Kerstersia;s__gyiorum	k__Bacteria; p__Proteobacteria; c__Betaproteobacteria; o__Burkholderiales; f__Alcaligenaceae; g__Bordetella	overclassification	5
B1-REF	5	1	rdp	0.6	628484	k__Bacteria;p__Proteobacteria;c__Gammaproteobacteria	k__Bacteria; p__Proteobacteria; c__Gammaproteobacteria; o__Enterobacteriales; f__Enterobacteriaceae; g__Candidatus Regiella	underclassification	3
B1-REF	5	1	rdp	0.6	2033050	k__Bacteria;p__Proteobacteria;c__Alphaproteobacteria;o__Rickettsiales;f__mitochondria;g__Cyanophora;s__paradoxa	k__Bacteria; p__Proteobacteria; c__Alphaproteobacteria; o__Rickettsiales; f__mitochondria; g__Glaucocystis	overclassification	5
B1-REF	5	1	rdp	0.6	1145607	k__Bacteria;p__Proteobacteria;c__Betaproteobacteria;o__Neisseriales;f__Neisseriaceae	k__Bacteria; p__Proteobacteria; c__Betaproteobacteria; o__Neisseriales; f__Neisseriaceae; g__Chitinimonas	match	5
B1-REF	5	1	rdp	0.6	104526	k__Bacteria;p__Actinobacteria;c__Actinobacteria;o__Actinomycetales;f__Intrasporangiaceae	k__Bacteria; p__Actinobacteria; c__Actinobacteria; o__Actinomycetales; f__Intrasporangiaceae; g__Ornithinicoccus	match	5
B1-REF	5	1	rdp	0.6	1127433	k__Bacteria;p__Proteobacteria;c__Alphaproteobacteria;o__Rhodospirillales;f__Rhodospirillaceae	k__Bacteria; p__Proteobacteria; c__Alphaproteobacteria; o__Rhodospirillales; f__Rhodospirillaceae; g__Skermanella	match	5
B1-REF	5	1	rdp	0.6	1598513	k__Bacteria;p__Proteobacteria;c__Alphaproteobacteria;o__Rhodobacterales;f__Rhodobacteraceae;g__Roseobacter	k__Bacteria; p__Proteobacteria; c__Alphaproteobacteria; o__Rhodobacterales; f__Rhodobacteraceae; g__Sulfitobacter	overclassification	5
B1-REF	5	1	rdp	0.6	3386818	k__Bacteria;p__Proteobacteria;c__Alphaproteobacteria;o__Rickettsiales;f__mitochondria	k__Bacteria; p__Proteobacteria; c__Alphaproteobacteria; o__Rickettsiales; f__mitochondria; g__Panax	match	5
B1-REF	5	1	rdp	0.6	4405531	k__Bacteria	k__Bacteria; p__Firmicutes; c__Clostridia; o__Clostridiales; f__Heliobacteriaceae; g__Heliophilum	underclassification	1
B1-REF	5	1	rdp	0.6	4313865	k__Bacteria;p__Proteobacteria;c__Betaproteobacteria;o__Burkholderiales;f__Comamonadaceae	k__Bacteria; p__Proteobacteria; c__Betaproteobacteria; o__Burkholderiales; f__Comamonadaceae; g__Methylibium	match	5
B1-REF	5	1	rdp	0.6	45962	k__Bacteria;p__Actinobacteria;c__Actinobacteria;o__Actinomycetales;f__Streptosporangiaceae;g__Planobispora	k__Bacteria; p__Actinobacteria; c__Actinobacteria; o__Actinomycetales; f__Streptosporangiaceae; g__Nonomuraea	overclassification	5
B1-REF	5	1	rdp	0.6	706818	k__Bacteria;p__Proteobacteria;c__Gammaproteobacteria;o__Chromatiales;f__Chromatiaceae	k__Bacteria; p__Proteobacteria; c__Gammaproteobacteria; o__Chromatiales; f__Chromatiaceae; g__Isochromatium	match	5
B1-REF	5	1	rdp	0.6	1084983	k__Bacteria;p__Proteobacteria;c__Alphaproteobacteria;o__Rhizobiales;f__Hyphomicrobiaceae	k__Bacteria; p__Proteobacteria; c__Alphaproteobacteria; o__Rhizobiales; f__Hyphomicrobiaceae; g__Labrenzia	match	5
B1-REF	5	1	rdp	0.6	4367676	k__Bacteria;p__Proteobacteria;c__Alphaproteobacteria;o__Rhizobiales;f__Phyllobacteriaceae;g__Aquamicrobium;s__aerolatum	k__Bacteria; p__Proteobacteria; c__Alphaproteobacteria; o__Rhizobiales; f__Phyllobacteriaceae; g__Pseudaminobacter	overclassification	5
B1-REF	5	1	rdp	0.6	1842075	k__Bacteria;p__Firmicutes;c__Clostridia;o__Halanaerobiales	k__Bacteria; p__Firmicutes; c__Clostridia; o__Halanaerobiales; f__Halanaerobiaceae; g__Halanaerobium	underclassification	4
B1-REF	5	1	rdp	0.6	263575	k__Bacteria;p__Bacteroidetes;c__Saprospirae;o__Saprospirales;f__Saprospiraceae;g__Portibacter;s__lacus	k__Bacteria; p__Bacteroidetes; c__Saprospirae; o__Saprospirales; f__Saprospiraceae; g__Lewinella	overclassification	5
B1-REF	5	1	rdp	0.6	31020	k__Archaea;p__Crenarchaeota;c__Thaumarchaeota;o__Cenarchaeales;f__Cenarchaeaceae;g__Nitrosopumilus;s__pIVWA5	k__Archaea; p__Crenarchaeota; c__Thaumarchaeota; o__Cenarchaeales; f__Cenarchaeaceae; g__Cenarchaeum	overclassification	5
B1-REF	5	1	rdp	0.6	274061	k__Bacteria;p__Proteobacteria;c__Gammaproteobacteria;o__Chromatiales;f__Chromatiaceae;g__Lamprocystis	k__Bacteria; p__Proteobacteria; c__Gammaproteobacteria; o__Chromatiales; f__Chromatiaceae; g__Thiohalocapsa	overclassification	5
B1-REF	5	1	rdp	0.6	492873	k__Bacteria;p__Actinobacteria;c__Actinobacteria;o__Actinomycetales;f__Microbacteriaceae	k__Bacteria; p__Actinobacteria; c__Actinobacteria; o__Actinomycetales; f__Microbacteriaceae; g__Pseudoclavibacter	match	5
B1-REF	5	1	rdp	0.6	1940173	k__Bacteria;p__Proteobacteria;c__Alphaproteobacteria;o__Rhodospirillales;f__Acetobacteraceae;g__Gluconacetobacter;s__diazotrophicus	k__Bacteria; p__Proteobacteria; c__Alphaproteobacteria; o__Rhodospirillales; f__Acetobacteraceae; g__Kozakia	overclassification	5
B1-REF	5	1	rdp	0.6	4361533	k__Bacteria;p__Proteobacteria;c__Gammaproteobacteria;o__Enterobacteriales;f__Enterobacteriaceae	k__Bacteria; p__Proteobacteria; c__Gammaproteobacteria; o__Enterobacteriales; f__Enterobacteriaceae; g__Moranella	match	5
B1-REF	5	1	rdp	0.6	4471604	k__Bacteria;p__Firmicutes;c__Clostridia;o__Clostridiales;f__Lachnospiraceae;g__Dorea;s__longicatena	k__Bacteria; p__Firmicutes; c__Clostridia; o__Clostridiales; f__Lachnospiraceae; g__Ruminococcus	overclassification	5
B1-REF	5	1	rdp	0.6	2116286	k__Bacteria;p__Proteobacteria;c__Gammaproteobacteria;o__Enterobacteriales;f__Enterobacteriaceae;g__Enterobacter;s__amnigenus	k__Bacteria; p__Proteobacteria; c__Gammaproteobacteria; o__Enterobacteriales; f__Enterobacteriaceae; g__Leclercia	overclassification	5
B1-REF	5	1	rdp	0.6	3862609	k__Archaea;p__Euryarchaeota;c__Halobacteria;o__Halobacteriales;f__Halobacteriaceae;g__Halorussus;s__rarus	k__Archaea; p__Euryarchaeota; c__Halobacteria; o__Halobacteriales; f__Halobacteriaceae; g__Halobacteriaceae	overclassification	5
B1-REF	5	1	rdp	0.6	139597	k__Bacteria;p__Actinobacteria;c__Actinobacteria;o__Actinomycetales;f__Streptomycetaceae;g__Streptomyces	k__Bacteria; p__Actinobacteria; c__Actinobacteria; o__Actinomycetales; f__Streptomycetaceae; g__Parastreptomyces	overclassification	5
B1-REF	5	1	rdp	0.6	1122523	k__Bacteria;p__Proteobacteria;c__Betaproteobacteria;o__Burkholderiales;f__Comamonadaceae	k__Bacteria; p__Proteobacteria; c__Betaproteobacteria; o__Burkholderiales; f__Comamonadaceae; g__Inhella	match	5
B1-REF	5	1	rdp	0.6	735185	k__Bacteria;p__Proteobacteria;c__Alphaproteobacteria;o__Rhizobiales;f__Hyphomicrobiaceae	k__Bacteria; p__Proteobacteria; c__Alphaproteobacteria; o__Rhizobiales; f__Hyphomicrobiaceae; g__Roseibium	match	5
B1-REF	5	1	rdp	0.6	183736	k__Bacteria;p__Firmicutes;c__Bacilli;o__Bacillales;f__Bacillaceae;g__Bacillus;s__muralis	k__Bacteria; p__Firmicutes; c__Bacilli; o__Bacillales; f__Planococcaceae; g__Kurthia	misclassification	4
B1-REF	5	1	rdp	0.6	641748	k__Bacteria;p__Bacteroidetes;c__Flavobacteriia;o__Flavobacteriales;f__Flavobacteriaceae;g__Croceitalea;s__eckloniae	k__Bacteria; p__Bacteroidetes; c__Flavobacteriia; o__Flavobacteriales; f__Flavobacteriaceae; g__Ascidianibacter	overclassification	5
B1-REF	5	1	rdp	0.6	549368	k__Bacteria;p__Proteobacteria;c__Gammaproteobacteria;o__Vibrionales;f__Vibrionaceae;g__Aliivibrio;s__fischeri	k__Bacteria; p__Proteobacteria; c__Gammaproteobacteria; o__Vibrionales; f__Vibrionaceae; g__Vibrio	overclassification	5
B1-REF	5	1	rdp	0.6	328755	k__Bacteria;p__Proteobacteria;c__Alphaproteobacteria;o__Rhizobiales	k__Bacteria; p__Proteobacteria; c__Alphaproteobacteria; o__Rhizobiales; f__Methylocystaceae; g__Pleomorphomonas	underclassification	4
B1-REF	5	1	rdp	0.6	4411367	k__Bacteria;p__Proteobacteria;c__Alphaproteobacteria;o__Rhodobacterales;f__Rhodobacteraceae	k__Bacteria; p__Proteobacteria; c__Alphaproteobacteria; o__Rhodobacterales; f__Rhodobacteraceae; g__Ruegeria	match	5
B1-REF	5	1	rdp	0.6	12542	k__Bacteria;p__Actinobacteria;c__Actinobacteria;o__Actinomycetales	k__Bacteria; p__Actinobacteria; c__Actinobacteria; o__Actinomycetales; f__Actinomycetaceae; g__Bogoriella	underclassification	4
B1-REF	5	1	rdp	0.6	4385903	k__Bacteria;p__Bacteroidetes;c__Bacteroidia;o__Bacteroidales;f__Porphyromonadaceae;g__Proteiniphilum;s__acetatigenes	k__Bacteria; p__Bacteroidetes; c__Bacteroidia; o__Bacteroidales; f__Porphyromonadaceae; g__Petrimonas	overclassification	5
B1-REF	5	1	rdp	0.6	4378218	k__Bacteria;p__Proteobacteria;c__Alphaproteobacteria;o__Rhizobiales;f__Phyllobacteriaceae	k__Bacteria; p__Proteobacteria; c__Alphaproteobacteria; o__Rhizobiales; f__Phyllobacteriaceae; g__Mesorhizobium	match	5
B1-REF	5	1	rdp	0.6	4334615	k__Bacteria;p__Firmicutes;c__Bacilli;o__Bacillales;f__Thermoactinomycetaceae;g__Desmospora;s__activa	k__Bacteria; p__Firmicutes; c__Bacilli; o__Bacillales; f__Thermoactinomycetaceae; g__Marina	overclassification	5
B1-REF	5	1	rdp	0.6	13811	k__Bacteria;p__Firmicutes;c__Clostridia;o__Clostridiales;f__Veillonellaceae;g__Selenomonas;s__bovis	k__Bacteria; p__Firmicutes; c__Clostridia; o__Clostridiales; f__Veillonellaceae; g__Mitsuokella	overclassification	5
B1-REF	5	1	rdp	0.6	160938	k__Bacteria;p__Actinobacteria;c__Actinobacteria;o__Actinomycetales;f__Pseudonocardiaceae;g__Actinomycetospora;s__chiangmaiensis	k__Bacteria; p__Actinobacteria; c__Actinobacteria; o__Actinomycetales; f__Pseudonocardiaceae; g__Prauserella	overclassification	5
B1-REF	5	1	rdp	0.6	2170973	k__Bacteria;p__Proteobacteria;c__Alphaproteobacteria;o__Rickettsiales;f__mitochondria	k__Bacteria; p__Proteobacteria; c__Alphaproteobacteria; o__Rickettsiales; f__mitochondria; g__Gnetum	match	5
B1-REF	5	1	rdp	0.6	4368039	k__Bacteria;p__Proteobacteria;c__Alphaproteobacteria;o__Rhodobacterales;f__Rhodobacteraceae	k__Bacteria; p__Proteobacteria; c__Alphaproteobacteria; o__Rhodobacterales; f__Rhodobacteraceae; g__Haematobacter	match	5
B1-REF	5	1	rdp	0.6	4368038	k__Bacteria	k__Bacteria; p__Firmicutes; c__Clostridia; o__Clostridiales; f__Peptostreptococcaceae; g__Proteocatella	underclassification	1
B1-REF	5	1	rdp	0.6	4326319	k__Bacteria;p__Bacteroidetes;c__Flavobacteriia;o__Flavobacteriales;f__Flavobacteriaceae	k__Bacteria; p__Bacteroidetes; c__Flavobacteriia; o__Flavobacteriales; f__Flavobacteriaceae; g__Mesoflavibacter	match	5
B1-REF	5	1	rdp	0.6	4193312	k__Bacteria;p__Proteobacteria;c__Gammaproteobacteria;o__Enterobacteriales;f__Enterobacteriaceae;g__Enterobacter;s__gergoviae	k__Bacteria; p__Proteobacteria; c__Gammaproteobacteria; o__Enterobacteriales; f__Enterobacteriaceae; g__Trabulsiella	overclassification	5
B1-REF	5	1	rdp	0.6	156705	k__Bacteria;p__Proteobacteria;c__Alphaproteobacteria;o__Rhizobiales;f__Bradyrhizobiaceae;g__Bradyrhizobium;s__elkanii	k__Bacteria; p__Proteobacteria; c__Alphaproteobacteria; o__Rhizobiales; f__Bradyrhizobiaceae; g__Bosea	overclassification	5
B1-REF	5	1	rdp	0.6	10762	k__Bacteria;p__Proteobacteria;c__Deltaproteobacteria	k__Bacteria; p__Proteobacteria; c__Deltaproteobacteria; o__Syntrophobacterales; f__Syntrophobacteraceae; g__Thermodesulforhabdus	underclassification	3
B1-REF	5	1	rdp	0.6	7773	k__Bacteria;p__Proteobacteria;c__Gammaproteobacteria;o__Xanthomonadales;f__Sinobacteraceae;g__Alkanibacter;s__difficilis	k__Bacteria; p__Proteobacteria; c__Gammaproteobacteria; o__Xanthomonadales; f__Sinobacteraceae; g__Nevskia	overclassification	5
B1-REF	5	1	rdp	0.6	820145	k__Bacteria;p__Proteobacteria;c__Gammaproteobacteria;o__Enterobacteriales;f__Enterobacteriaceae;g__Pantoea;s__ananatis	k__Bacteria; p__Proteobacteria; c__Gammaproteobacteria; o__Enterobacteriales; f__Enterobacteriaceae; g__Erwinia	overclassification	5
B1-REF	5	1	rdp	0.6	4484180	k__Bacteria;p__Proteobacteria;c__Betaproteobacteria;o__Burkholderiales;f__Comamonadaceae	k__Bacteria; p__Proteobacteria; c__Betaproteobacteria; o__Burkholderiales; f__Comamonadaceae; g__Hydrogenophaga	match	5
B1-REF	5	1	rdp	0.6	152262	k__Bacteria;p__Chlamydiae;c__Chlamydiia;o__Chlamydiales	k__Bacteria; p__Chlamydiae; c__Chlamydiia; o__Chlamydiales; f__Criblamydiaceae; g__Criblamydia	underclassification	4
B1-REF	5	1	rdp	0.6	4427435	k__Bacteria;p__Proteobacteria;c__Alphaproteobacteria;o__Rickettsiales;f__mitochondria	k__Bacteria; p__Proteobacteria; c__Alphaproteobacteria; o__Rickettsiales; f__mitochondria; g__Plantago	match	5
B1-REF	5	1	rdp	0.6	3789443	k__Bacteria;p__Actinobacteria;c__Actinobacteria;o__Actinomycetales;f__Propionibacteriaceae;g__Brooklawnia;s__cerclae	k__Bacteria; p__Actinobacteria; c__Actinobacteria; o__Actinomycetales; f__Propionibacteriaceae; g__Propionimicrobium	overclassification	5
B1-REF	5	1	rdp	0.6	218406	k__Bacteria;p__Proteobacteria;c__Alphaproteobacteria;o__Rhodobacterales;f__Rhodobacteraceae	k__Bacteria; p__Proteobacteria; c__Alphaproteobacteria; o__Rhodobacterales; f__Rhodobacteraceae; g__Rhodobacter	match	5
B1-REF	5	1	rdp	0.6	1759391	k__Bacteria;p__Actinobacteria;c__Actinobacteria;o__Actinomycetales;f__Pseudonocardiaceae;g__Actinomycetospora;s__chiangmaiensis	k__Bacteria; p__Actinobacteria; c__Actinobacteria; o__Actinomycetales; f__Pseudonocardiaceae; g__Saccharomonospora	overclassification	5
B1-REF	5	1	rdp	0.6	87957	k__Bacteria;p__Firmicutes;c__Bacilli;o__Bacillales;f__Bacillaceae	k__Bacteria; p__Firmicutes; c__Bacilli; o__Bacillales; f__Bacillaceae; g__Virgibacillus	match	5
B1-REF	5	1	rdp	0.6	4338444	k__Bacteria;p__Cyanobacteria	k__Bacteria; p__Cyanobacteria; c__Synechococcophycideae; o__Pseudanabaenales; f__Pseudanabaenaceae; g__Synechococcus	underclassification	2
B1-REF	5	1	rdp	0.6	271782	k__Bacteria;p__Actinobacteria;c__Actinobacteria;o__Actinomycetales;f__Actinosynnemataceae;g__Amycolatopsis;s__fastidiosa	k__Bacteria; p__Actinobacteria; c__Actinobacteria; o__Actinomycetales; f__Actinosynnemataceae; g__Alloactinosynnema	overclassification	5
B1-REF	5	1	rdp	0.6	4176865	k__Archaea;p__Euryarchaeota;c__Halobacteria;o__Halobacteriales;f__Halobacteriaceae;g__haloarchaeon;s__93dLM4	k__Archaea; p__Euryarchaeota; c__Halobacteria; o__Halobacteriales; f__Halobacteriaceae; g__Halopiger	overclassification	5
B1-REF	5	1	rdp	0.6	265971	k__Bacteria;p__Actinobacteria;c__Actinobacteria;o__Actinomycetales;f__Actinosynnemataceae;g__Amycolatopsis;s__fastidiosa	k__Bacteria; p__Actinobacteria; c__Actinobacteria; o__Actinomycetales; f__Pseudonocardiaceae; g__Actinophytocola	misclassification	4
B1-REF	5	1	rdp	0.6	4434972	k__Bacteria;p__Proteobacteria;c__Alphaproteobacteria;o__Rhizobiales;f__Methylobacteriaceae;g__Magnetospirillum;s__magnetotacticum	k__Bacteria; p__Proteobacteria; c__Alphaproteobacteria; o__Rhizobiales; f__Methylobacteriaceae; g__Bacillus	overclassification	5
B1-REF	5	1	rdp	0.6	2410835	k__Bacteria;p__Bacteroidetes;c__Flavobacteriia;o__Flavobacteriales;f__Flavobacteriaceae	k__Bacteria; p__Bacteroidetes; c__Flavobacteriia; o__Flavobacteriales; f__Flavobacteriaceae; g__Algibacter	match	5
B1-REF	5	1	rdp	0.6	4468965	k__Bacteria;p__Proteobacteria;c__Alphaproteobacteria;o__Rickettsiales;f__mitochondria	k__Bacteria; p__Proteobacteria; c__Alphaproteobacteria; o__Rickettsiales; f__mitochondria; g__Gyrocarpus	match	5
B1-REF	5	1	rdp	0.6	65391	k__Bacteria;p__Proteobacteria;c__Betaproteobacteria;o__Burkholderiales;f__Alcaligenaceae;g__Tetrathiobacter;s__kashmirensis	k__Bacteria; p__Proteobacteria; c__Betaproteobacteria; o__Burkholderiales; f__Alcaligenaceae; g__Achromobacter	overclassification	5
B1-REF	5	1	rdp	0.6	159887	k__Bacteria;p__Cyanobacteria;c__Oscillatoriophycideae;o__Chroococcales;f__Xenococcaceae;g__Oscillatoria;s__rosea	k__Bacteria; p__Cyanobacteria; c__Oscillatoriophycideae; o__Chroococcales; f__Xenococcaceae; g__Synechococcus	overclassification	5
B1-REF	5	1	rdp	0.6	160110	k__Bacteria;p__Firmicutes;c__Clostridia;o__Clostridiales;f__Lachnospiraceae;g__Clostridium	k__Bacteria; p__Firmicutes; c__Clostridia; o__Clostridiales; f__Lachnospiraceae; g__Bacteroides	overclassification	5
B1-REF	5	1	rdp	0.6	567510	k__Bacteria;p__Firmicutes;c__Clostridia;o__Halanaerobiales;f__Halobacteroidaceae;g__Orenia	k__Bacteria; p__Firmicutes; c__Clostridia; o__Halanaerobiales; f__Halobacteroidaceae; g__Halanaerobacter	overclassification	5
B1-REF	5	1	rdp	0.6	1131995	k__Bacteria;p__Firmicutes;c__Clostridia;o__Clostridiales;f__Veillonellaceae	k__Bacteria; p__Firmicutes; c__Clostridia; o__Clostridiales; f__Veillonellaceae; g__Dendrosporobacter	match	5
B1-REF	5	1	rdp	0.6	4378624	k__Bacteria;p__Proteobacteria;c__Alphaproteobacteria;o__Rickettsiales;f__mitochondria	k__Bacteria; p__Proteobacteria; c__Alphaproteobacteria; o__Rickettsiales; f__mitochondria; g__Helosis	match	5
B1-REF	5	1	rdp	0.6	3142482	k__Bacteria;p__Firmicutes;c__Clostridia;o__Clostridiales;f__Lachnospiraceae	k__Bacteria; p__Firmicutes; c__Clostridia; o__Clostridiales; f__Lachnospiraceae; g__Roseburia	match	5
B1-REF	5	1	rdp	0.6	202684	k__Bacteria;p__Aquificae;c__Aquificae;o__Aquificales;f__Hydrogenothermaceae;g__Persephonella;s__hydrogeniphila	k__Bacteria; p__Aquificae; c__Aquificae; o__Aquificales; f__Hydrogenothermaceae; g__Hydrogenothermus	overclassification	5
B1-REF	5	1	rdp	0.6	4423885	k__Bacteria;p__Bacteroidetes;c__Sphingobacteriia;o__Sphingobacteriales;f__Sphingobacteriaceae;g__Pedobacter	k__Bacteria; p__Bacteroidetes; c__Sphingobacteriia; o__Sphingobacteriales; f__Sphingobacteriaceae; g__Solitalea	overclassification	5
B1-REF	5	1	rdp	0.6	548469	k__Bacteria;p__Proteobacteria;c__Alphaproteobacteria;o__Rhizobiales	k__Bacteria; p__Proteobacteria; c__Alphaproteobacteria; o__Rhizobiales; f__Beijerinckiaceae; g__Chelatococcus	underclassification	4
B1-REF	5	1	rdp	0.6	4427760	k__Bacteria;p__Bacteroidetes;c__Sphingobacteriia;o__Sphingobacteriales;f__Sphingobacteriaceae;g__Pedobacter;s__oryzae	k__Bacteria; p__Bacteroidetes; c__Sphingobacteriia; o__Sphingobacteriales; f__Sphingobacteriaceae; g__Mucilaginibacter	overclassification	5
B1-REF	5	1	rdp	0.6	361038	k__Bacteria;p__Actinobacteria;c__Actinobacteria;o__Actinomycetales;f__Microbacteriaceae;g__Microbacterium;s__aurum	k__Bacteria; p__Actinobacteria; c__Actinobacteria; o__Actinomycetales; f__Microbacteriaceae; g__Salinibacterium	overclassification	5
B1-REF	5	1	rdp	0.6	115461	k__Bacteria;p__Proteobacteria;c__Alphaproteobacteria;o__Rhodobacterales;f__Rhodobacteraceae;g__Paracoccus	k__Bacteria; p__Proteobacteria; c__Alphaproteobacteria; o__Rhodobacterales; f__Rhodobacteraceae; g__Pseudorhodobacter	overclassification	5
B1-REF	5	1	rdp	0.6	557564	k__Bacteria;p__Actinobacteria;c__Actinobacteria;o__Actinomycetales;f__Micromonosporaceae	k__Bacteria; p__Actinobacteria; c__Actinobacteria; o__Actinomycetales; f__Micromonosporaceae; g__Spirilliplanes	match	5
B1-REF	5	1	rdp	0.6	4327050	k__Bacteria;p__Proteobacteria;c__Gammaproteobacteria	k__Bacteria; p__Proteobacteria; c__Gammaproteobacteria; o__Chromatiales; f__Ectothiorhodospiraceae; g__Thioalkalivibrio	underclassification	3
B1-REF	5	1	rdp	0.6	4392252	k__Bacteria;p__Cyanobacteria;c__Oscillatoriophycideae;o__Chroococcales	k__Bacteria; p__Cyanobacteria; c__Oscillatoriophycideae; o__Chroococcales; f__Xenococcaceae; g__Annamia	underclassification	4
B1-REF	5	1	rdp	0.6	1550344	k__Bacteria	k__Bacteria; p__Thermotogae; c__Thermotogae; o__Thermotogales; f__Thermotogaceae; g__Kosmotoga	underclassification	1
B1-REF	5	1	rdp	0.6	4307029	k__Archaea;p__Euryarchaeota;c__Halobacteria;o__Halobacteriales;f__Halobacteriaceae;g__Halostagnicola;s__larsenii	k__Archaea; p__Euryarchaeota; c__Halobacteria; o__Halobacteriales; f__Halobacteriaceae; g__Halovivax	overclassification	5
B1-REF	5	1	rdp	0.6	814889	k__Bacteria;p__Actinobacteria;c__Actinobacteria;o__Actinomycetales;f__Microbacteriaceae;g__Limnoluna;s__rubra	k__Bacteria; p__Actinobacteria; c__Actinobacteria; o__Actinomycetales; f__Microbacteriaceae; g__Candidatus Aquiluna	overclassification	5
B1-REF	5	1	rdp	0.6	323045	k__Bacteria	k__Bacteria; p__Firmicutes; c__Erysipelotrichi; o__Erysipelotrichales; f__Erysipelotrichaceae; g__Bulleidia	underclassification	1
B1-REF	5	1	rdp	0.6	3366304	k__Bacteria;p__Proteobacteria;c__Alphaproteobacteria;o__Rickettsiales;f__mitochondria	k__Bacteria; p__Proteobacteria; c__Alphaproteobacteria; o__Rickettsiales; f__mitochondria; g__Synedra	match	5
B1-REF	5	1	rdp	0.6	746730	k__Bacteria;p__Firmicutes;c__Bacilli;o__Bacillales	k__Bacteria; p__Firmicutes; c__Bacilli; o__Bacillales; f__Paenibacillaceae; g__Thermobacillus	underclassification	4
B1-REF	5	1	rdp	0.6	656502	k__Bacteria;p__Chlamydiae;c__Chlamydiia;o__Chlamydiales;f__Parachlamydiaceae;g__Parachlamydia;s__acanthamoebae	k__Bacteria; p__Chlamydiae; c__Chlamydiia; o__Chlamydiales; f__Parachlamydiaceae; g__Neochlamydia	overclassification	5
B1-REF	5	1	rdp	0.6	535071	k__Bacteria;p__Proteobacteria;c__Gammaproteobacteria	k__Bacteria; p__Proteobacteria; c__Gammaproteobacteria; o__Legionellales; f__Francisellaceae; g__Francisella	underclassification	3
B1-REF	5	1	rdp	0.6	561204	k__Bacteria;p__Proteobacteria;c__Betaproteobacteria;o__Burkholderiales;f__Comamonadaceae;g__Mitsuaria;s__chitosanitabida	k__Bacteria; p__Proteobacteria; c__Betaproteobacteria; o__Burkholderiales; f__Comamonadaceae; g__Roseateles	overclassification	5
B1-REF	5	1	rdp	0.6	4343297	k__Bacteria;p__Proteobacteria;c__Alphaproteobacteria;o__Sphingomonadales;f__Sphingomonadaceae	k__Bacteria; p__Proteobacteria; c__Alphaproteobacteria; o__Sphingomonadales; f__Sphingomonadaceae; g__Sandarakinorhabdus	match	5
B1-REF	5	1	rdp	0.6	535678	k__Bacteria;p__Actinobacteria;c__Actinobacteria;o__Actinomycetales;f__Streptomycetaceae;g__Streptomyces	k__Bacteria; p__Actinobacteria; c__Actinobacteria; o__Actinomycetales; f__Streptomycetaceae; g__Amycolatopsis	overclassification	5
B1-REF	5	1	rdp	0.6	156688	k__Bacteria;p__Planctomycetes;c__Brocadiae;o__Brocadiales;f__Brocadiaceae;g__Anammoxoglobus;s__propionicus	k__Bacteria; p__Planctomycetes; c__Brocadiae; o__Brocadiales; f__Brocadiaceae; g__Kuenenia	overclassification	5
B1-REF	5	1	rdp	0.6	3383796	k__Bacteria;p__Proteobacteria;c__Alphaproteobacteria;o__Rickettsiales;f__mitochondria	k__Bacteria; p__Proteobacteria; c__Alphaproteobacteria; o__Rickettsiales; f__mitochondria; g__Dictyota	match	5
B1-REF	5	1	rdp	0.6	85254	k__Bacteria;p__Proteobacteria;c__Gammaproteobacteria;o__Enterobacteriales;f__Enterobacteriaceae;g__Providencia;s__stuartii	k__Bacteria; p__Proteobacteria; c__Gammaproteobacteria; o__Enterobacteriales; f__Enterobacteriaceae; g__Arsenophonus	overclassification	5
B1-REF	5	1	rdp	0.6	1771843	k__Bacteria;p__Proteobacteria;c__Alphaproteobacteria;o__Rickettsiales;f__mitochondria;g__Zamia;s__integrifolia	k__Bacteria; p__Proteobacteria; c__Alphaproteobacteria; o__Rickettsiales; f__mitochondria; g__Cycas	overclassification	5
B1-REF	5	1	rdp	0.6	10323	k__Bacteria;p__Proteobacteria;c__Gammaproteobacteria;o__Enterobacteriales;f__Enterobacteriaceae;g__Brenneria;s__quercina	k__Bacteria; p__Proteobacteria; c__Gammaproteobacteria; o__Enterobacteriales; f__Enterobacteriaceae; g__Ewingella	overclassification	5
B1-REF	5	1	rdp	0.6	1124812	k__Bacteria;p__Proteobacteria;c__Alphaproteobacteria;o__Rhodobacterales;f__Hyphomonadaceae	k__Bacteria; p__Proteobacteria; c__Alphaproteobacteria; o__Rhodobacterales; f__Hyphomonadaceae; g__Ponticaulis	match	5
B1-REF	5	1	rdp	0.6	4323428	k__Bacteria;p__Proteobacteria;c__Gammaproteobacteria;o__Pasteurellales;f__Pasteurellaceae	k__Bacteria; p__Proteobacteria; c__Gammaproteobacteria; o__Pasteurellales; f__Pasteurellaceae; g__Aggregatibacter	match	5
B1-REF	5	1	rdp	0.6	4482307	k__Bacteria;p__Proteobacteria;c__Gammaproteobacteria	k__Bacteria; p__Proteobacteria; c__Gammaproteobacteria; o__Acidithiobacillales; f__Acidithiobacillaceae; g__Thermithiobacillus	underclassification	3
B1-REF	5	1	rdp	0.6	4396918	k__Bacteria;p__Actinobacteria;c__Actinobacteria;o__Actinomycetales;f__Nakamurellaceae;g__Saxeibacter;s__lacteus	k__Bacteria; p__Actinobacteria; c__Actinobacteria; o__Actinomycetales; f__Nakamurellaceae; g__Humicoccus	overclassification	5
B1-REF	5	1	rdp	0.6	739471	k__Bacteria;p__Firmicutes;c__Clostridia;o__Thermoanaerobacterales;f__Thermoanaerobacteraceae	k__Bacteria; p__Firmicutes; c__Clostridia; o__Thermoanaerobacterales; f__Thermoanaerobacteraceae; g__Thermanaeromonas	match	5
B1-REF	5	1	rdp	0.6	230108	k__Bacteria;p__Proteobacteria;c__Betaproteobacteria;o__Burkholderiales;f__Oxalobacteraceae;g__Massilia	k__Bacteria; p__Proteobacteria; c__Betaproteobacteria; o__Burkholderiales; f__Oxalobacteraceae; g__Duganella	overclassification	5
B1-REF	5	1	rdp	0.6	10792	k__Bacteria;p__Proteobacteria;c__Deltaproteobacteria;o__Desulfobacterales;f__Desulfobulbaceae;g__Desulfofustis;s__glycolicus	k__Bacteria; p__Proteobacteria; c__Deltaproteobacteria; o__Desulfobacterales; f__Desulfobulbaceae; g__Desulfocapsa	overclassification	5
B1-REF	5	1	rdp	0.6	9548	k__Bacteria;p__Proteobacteria;c__Gammaproteobacteria;o__Pasteurellales;f__Pasteurellaceae;g__Actinobacillus	k__Bacteria; p__Proteobacteria; c__Gammaproteobacteria; o__Pasteurellales; f__Pasteurellaceae; g__Lonepinella	overclassification	5
B1-REF	5	1	rdp	0.6	81749	k__Bacteria;p__Proteobacteria;c__Gammaproteobacteria;o__Alteromonadales;f__Colwelliaceae;g__Thalassomonas;s__haliotis	k__Bacteria; p__Proteobacteria; c__Gammaproteobacteria; o__Alteromonadales; f__Colwelliaceae; g__Colwellia	overclassification	5
B1-REF	5	1	rdp	0.6	521806	k__Bacteria;p__Bacteroidetes;c__Saprospirae;o__Saprospirales;f__Chitinophagaceae;g__Chitinophaga;s__arvensicola	k__Bacteria; p__Bacteroidetes; c__Saprospirae; o__Saprospirales; f__Chitinophagaceae; g__Trachelomonas	overclassification	5
B1-REF	5	1	rdp	0.6	270202	k__Bacteria;p__Bacteroidetes;c__Flavobacteriia;o__Flavobacteriales;f__Flavobacteriaceae;g__Eudoraea;s__adriatica	k__Bacteria; p__Bacteroidetes; c__Flavobacteriia; o__Flavobacteriales; f__Flavobacteriaceae; g__Muricola	overclassification	5
B1-REF	5	1	rdp	0.6	851870	k__Bacteria;p__Bacteroidetes	k__Bacteria; p__Bacteroidetes; c__Bacteroidia; o__Bacteroidales; f__Porphyromonadaceae; g__Porphyromonas	underclassification	2
B1-REF	5	1	rdp	0.6	1130073	k__Bacteria;p__Proteobacteria;c__Alphaproteobacteria;o__Rhodobacterales;f__Rhodobacteraceae	k__Bacteria; p__Proteobacteria; c__Alphaproteobacteria; o__Rhodobacterales; f__Rhodobacteraceae; g__Tateyamaria	match	5
B1-REF	5	1	rdp	0.6	144207	k__Bacteria;p__Proteobacteria;c__Gammaproteobacteria;o__Oceanospirillales;f__Halomonadaceae;g__Halomonas;s__pacifica	k__Bacteria; p__Proteobacteria; c__Gammaproteobacteria; o__Oceanospirillales; f__Halomonadaceae; g__Haererehalobacter	overclassification	5
B1-REF	5	1	rdp	0.6	4375425	k__Archaea;p__Euryarchaeota;c__Thermococci;o__Thermococcales;f__Thermococcaceae;g__Thermococcus	k__Archaea; p__Euryarchaeota; c__Thermococci; o__Thermococcales; f__Thermococcaceae; g__Pyrococcus	overclassification	5
B1-REF	5	1	rdp	0.6	8895	k__Bacteria;p__Proteobacteria;c__Gammaproteobacteria;o__Alteromonadales;f__Alteromonadaceae;g__gas;s__vacuolate	k__Bacteria; p__Proteobacteria; c__Gammaproteobacteria; o__Alteromonadales; f__Alteromonadaceae; g__Alteromonas	overclassification	5
B1-REF	5	1	rdp	0.6	197313	k__Archaea;p__Euryarchaeota;c__Halobacteria;o__Halobacteriales;f__Halobacteriaceae;g__haloarchaeon;s__93dLM4	k__Archaea; p__Euryarchaeota; c__Halobacteria; o__Halobacteriales; f__Halobacteriaceae; g__Haloterrigena	overclassification	5
B1-REF	5	1	rdp	0.6	541199	k__Bacteria;p__Proteobacteria;c__Alphaproteobacteria;o__Sphingomonadales;f__Erythrobacteraceae;g__Porphyrobacter;s__donghaensis	k__Bacteria; p__Proteobacteria; c__Alphaproteobacteria; o__Sphingomonadales; f__Erythrobacteraceae; g__Erythromicrobium	overclassification	5
B1-REF	5	1	rdp	0.6	1140356	k__Bacteria;p__Proteobacteria;c__Gammaproteobacteria;o__Pasteurellales;f__Pasteurellaceae;g__Pasteurella;s__multocida	k__Bacteria; p__Proteobacteria; c__Gammaproteobacteria; o__Pasteurellales; f__Pasteurellaceae; g__Nicoletella	overclassification	5
B1-REF	5	1	rdp	0.6	3614642	k__Bacteria;p__Proteobacteria;c__Alphaproteobacteria	k__Bacteria; p__Proteobacteria; c__Alphaproteobacteria; o__Rhizobiales; f__Phyllobacteriaceae; g__Ahrensia	underclassification	3
B1-REF	5	1	rdp	0.6	341031	k__Bacteria;p__Firmicutes;c__Clostridia;o__Clostridiales;f__Veillonellaceae	k__Bacteria; p__Firmicutes; c__Clostridia; o__Clostridiales; f__Veillonellaceae; g__Sporomusa	match	5
B1-REF	5	1	rdp	0.6	1121955	k__Bacteria;p__Firmicutes;c__Bacilli	k__Bacteria; p__Firmicutes; c__Bacilli; o__Bacillales; f__Listeriaceae; g__Brochothrix	underclassification	3
B1-REF	5	1	rdp	0.6	138132	k__Bacteria;p__Proteobacteria;c__Alphaproteobacteria;o__Rhodospirillales;f__Rhodospirillaceae;g__Rhodospirillum;s__centenum	k__Bacteria; p__Proteobacteria; c__Alphaproteobacteria; o__Rhodospirillales; f__Rhodospirillaceae; g__Rhodocista	overclassification	5
B1-REF	5	1	rdp	0.6	587036	k__Bacteria;p__Proteobacteria;c__Gammaproteobacteria;o__Enterobacteriales;f__Enterobacteriaceae;g__Enterobacter;s__hormaechei	k__Bacteria; p__Proteobacteria; c__Gammaproteobacteria; o__Enterobacteriales; f__Enterobacteriaceae; g__Buttiauxella	overclassification	5
B1-REF	5	1	rdp	0.6	2107103	k__Bacteria;p__Proteobacteria	k__Bacteria; p__Proteobacteria; c__Alphaproteobacteria; o__Rickettsiales; f__mitochondria; g__Pavlova	underclassification	2
B1-REF	5	1	rdp	0.6	702853	k__Bacteria;p__Proteobacteria;c__Betaproteobacteria;o__Rhodocyclales;f__Rhodocyclaceae	k__Bacteria; p__Proteobacteria; c__Betaproteobacteria; o__Burkholderiales; f__Burkholderiaceae; g__Candidatus Glomeribacter	misclassification	3
B1-REF	5	1	rdp	0.6	2344267	k__Bacteria;p__Proteobacteria;c__Alphaproteobacteria;o__Rickettsiales;f__mitochondria	k__Bacteria; p__Proteobacteria; c__Alphaproteobacteria; o__Rickettsiales; f__mitochondria; g__Aristolochia	match	5
B1-REF	5	1	rdp	0.6	3756908	k__Bacteria;p__Actinobacteria;c__Coriobacteriia;o__Coriobacteriales;f__Coriobacteriaceae;g__Atopobium;s__vaginae	k__Bacteria; p__Actinobacteria; c__Coriobacteriia; o__Coriobacteriales; f__Coriobacteriaceae; g__Olsenella	overclassification	5
B1-REF	5	1	rdp	0.6	132913	k__Bacteria;p__Actinobacteria;c__Actinobacteria;o__Actinomycetales	k__Bacteria; p__Actinobacteria; c__Actinobacteria; o__Actinomycetales; f__Nocardiaceae; g__Skermania	underclassification	4
B1-REF	5	1	rdp	0.6	4366349	k__Bacteria;p__Proteobacteria;c__Epsilonproteobacteria;o__Nautiliales;f__Nautiliaceae;g__Lebetimonas;s__acidiphila	k__Bacteria; p__Proteobacteria; c__Epsilonproteobacteria; o__Nautiliales; f__Nautiliaceae; g__Nautilia	overclassification	5
B1-REF	5	1	rdp	0.6	4332796	k__Bacteria;p__Proteobacteria;c__Gammaproteobacteria;o__Xanthomonadales;f__Xanthomonadaceae;g__Luteibacter;s__rhizovicinus	k__Bacteria; p__Proteobacteria; c__Gammaproteobacteria; o__Xanthomonadales; f__Xanthomonadaceae; g__Frateuria	overclassification	5
B1-REF	5	1	rdp	0.6	1886044	k__Bacteria;p__Proteobacteria;c__Alphaproteobacteria;o__Rickettsiales;f__mitochondria;g__Citrullus;s__lanatus	k__Bacteria; p__Proteobacteria; c__Alphaproteobacteria; o__Rickettsiales; f__mitochondria; g__Cucurbita	overclassification	5
B1-REF	5	1	rdp	0.6	784608	k__Bacteria;p__Firmicutes;c__Bacilli	k__Bacteria; p__Firmicutes; c__Bacilli; o__Lactobacillales; f__Aerococcaceae; g__Allofustis	underclassification	3
B1-REF	5	1	rdp	0.6	2318918	k__Bacteria;p__Proteobacteria;c__Alphaproteobacteria;o__Rickettsiales;f__mitochondria;g__Megaceros;s__tosanus	k__Bacteria; p__Proteobacteria; c__Alphaproteobacteria; o__Rickettsiales; f__mitochondria; g__Phaeoceros	overclassification	5
B1-REF	5	1	rdp	0.6	4015030	k__Bacteria;p__Proteobacteria;c__Alphaproteobacteria;o__Rickettsiales;f__mitochondria	k__Bacteria; p__Proteobacteria; c__Alphaproteobacteria; o__Rickettsiales; f__mitochondria; g__Mesostigma	match	5
B1-REF	5	1	rdp	0.6	4379571	k__Bacteria;p__Proteobacteria;c__Betaproteobacteria;o__Burkholderiales;f__Oxalobacteraceae;g__Paucimonas;s__lemoignei	k__Bacteria; p__Proteobacteria; c__Betaproteobacteria; o__Burkholderiales; f__Comamonadaceae; g__Limnobacter	misclassification	4
B1-REF	5	1	rdp	0.6	692654	k__Bacteria	k__Bacteria; p__Actinobacteria; c__Actinobacteria; o__Actinomycetales; f__Pseudonocardiaceae; g__Thermobispora	underclassification	1
B1-REF	5	1	rdp	0.6	136773	k__Bacteria;p__Proteobacteria;c__Deltaproteobacteria;o__Desulfobacterales;f__Desulfobacteraceae	k__Bacteria; p__Proteobacteria; c__Deltaproteobacteria; o__Desulfobacterales; f__Desulfobacteraceae; g__Desulfosalsimonas	match	5
B1-REF	5	1	rdp	0.6	1596	k__Bacteria;p__Verrucomicrobia;c__Verrucomicrobiae;o__Verrucomicrobiales;f__Verrucomicrobiaceae	k__Bacteria; p__Verrucomicrobia; c__Verrucomicrobiae; o__Verrucomicrobiales; f__Verrucomicrobiaceae; g__Verrucomicrobium	match	5
B1-REF	5	1	rdp	0.6	202391	k__Bacteria;p__Proteobacteria;c__Alphaproteobacteria;o__Rhizobiales	k__Bacteria; p__Proteobacteria; c__Alphaproteobacteria; o__Rhizobiales; f__Hyphomicrobiaceae; g__Rhodobium	underclassification	4
B1-REF	5	1	rdp	0.6	1134701	k__Bacteria;p__Cyanobacteria;c__Synechococcophycideae	k__Bacteria; p__Cyanobacteria; c__Oscillatoriophycideae; o__Chroococcales; f__Cyanobacteriaceae; g__Rubidibacter	misclassification	2
B1-REF	5	1	rdp	0.6	2998997	k__Bacteria;p__Proteobacteria;c__Epsilonproteobacteria;o__Campylobacterales;f__Helicobacteraceae;g__Alvinella;s__pompejana epibiont	k__Bacteria; p__Proteobacteria; c__Epsilonproteobacteria; o__Campylobacterales; f__Helicobacteraceae; g__Nitratifractor	overclassification	5
B1-REF	5	1	rdp	0.6	94847	k__Bacteria;p__Firmicutes;c__Clostridia;o__Clostridiales;f__Veillonellaceae;g__Propionispora;s__hippei	k__Bacteria; p__Firmicutes; c__Clostridia; o__Clostridiales; f__Veillonellaceae; g__Anaerospora	overclassification	5
B1-REF	5	1	rdp	0.6	1140636	k__Bacteria;p__Proteobacteria;c__Deltaproteobacteria;o__Thermodesulfobacteriales;f__Thermodesulfobacteriaceae;g__Thermodesulfatator;s__indicus	k__Bacteria; p__Proteobacteria; c__Deltaproteobacteria; o__Thermodesulfobacteriales; f__Thermodesulfobacteriaceae; g__Caldimicrobium	overclassification	5
B1-REF	5	1	rdp	0.6	2358	k__Bacteria;p__Bacteroidetes;c__Flavobacteriia;o__Flavobacteriales;f__Flavobacteriaceae;g__Actibacter;s__sediminis	k__Bacteria; p__Bacteroidetes; c__Flavobacteriia; o__Flavobacteriales; f__Flavobacteriaceae; g__Tenacibaculum	overclassification	5
B1-REF	5	1	rdp	0.6	3107842	k__Bacteria;p__Firmicutes;c__Clostridia;o__Clostridiales;f__Veillonellaceae;g__Succinispira;s__mobilis	k__Bacteria; p__Firmicutes; c__Clostridia; o__Clostridiales; f__Veillonellaceae; g__Acetonema	overclassification	5
B1-REF	5	1	rdp	0.6	143784	k__Bacteria;p__Cyanobacteria;c__Nostocophycideae;o__Nostocales;f__Nostocaceae;g__Nostoc;s__ellipsosporum	k__Bacteria; p__Cyanobacteria; c__Nostocophycideae; o__Nostocales; f__Nostocaceae; g__Dolichospermum	overclassification	5
B1-REF	5	1	rdp	0.6	144943	k__Bacteria;p__Firmicutes;c__Bacilli;o__Bacillales;f__Bacillaceae;g__Salimicrobium;s__album	k__Bacteria; p__Firmicutes; c__Bacilli; o__Bacillales; f__Bacillaceae; g__Halobacillus	overclassification	5
B1-REF	5	1	rdp	0.6	1127860	k__Bacteria;p__Proteobacteria;c__Alphaproteobacteria;o__Rhizobiales;f__Hyphomicrobiaceae	k__Bacteria; p__Proteobacteria; c__Alphaproteobacteria; o__Rhizobiales; f__Hyphomicrobiaceae; g__Nesiotobacter	match	5
B1-REF	5	1	rdp	0.6	8173	k__Bacteria;p__Proteobacteria;c__Gammaproteobacteria	k__Bacteria; p__Proteobacteria; c__Gammaproteobacteria; o__Oceanospirillales; f__Oceanospirillaceae; g__Balneatrix	underclassification	3
B1-REF	5	1	rdp	0.6	616049	k__Bacteria;p__Proteobacteria;c__Alphaproteobacteria;o__Rhizobiales;f__Xanthobacteraceae;g__Azorhizobium;s__doebereinerae	k__Bacteria; p__Proteobacteria; c__Alphaproteobacteria; o__Rhizobiales; f__Xanthobacteraceae; g__Xanthobacter	overclassification	5
B1-REF	5	1	rdp	0.6	4361454	k__Bacteria;p__Proteobacteria;c__Alphaproteobacteria;o__Rhodobacterales;f__Rhodobacteraceae;g__Phaeobacter;s__gallaeciensis	k__Bacteria; p__Proteobacteria; c__Alphaproteobacteria; o__Rhodobacterales; f__Rhodobacteraceae; g__Seohicola	overclassification	5
B1-REF	5	1	rdp	0.6	2313300	k__Bacteria;p__Proteobacteria;c__Alphaproteobacteria;o__Rickettsiales;f__mitochondria	k__Bacteria; p__Proteobacteria; c__Alphaproteobacteria; o__Rickettsiales; f__mitochondria; g__Silene	match	5
B1-REF	5	1	rdp	0.6	4359240	k__Bacteria;p__Firmicutes;c__Bacilli;o__Bacillales;f__Planococcaceae;g__Planococcus	k__Bacteria; p__Firmicutes; c__Bacilli; o__Bacillales; f__Planococcaceae; g__Planomicrobium	overclassification	5
B1-REF	5	1	rdp	0.6	244757	k__Bacteria;p__Bacteroidetes;c__Flavobacteriia;o__Flavobacteriales;f__Flavobacteriaceae	k__Bacteria; p__Bacteroidetes; c__Flavobacteriia; o__Flavobacteriales; f__Flavobacteriaceae; g__Formosa	match	5
B1-REF	5	1	rdp	0.6	1145943	k__Bacteria;p__Firmicutes;c__Bacilli;o__Bacillales;f__Bacillaceae	k__Bacteria; p__Firmicutes; c__Bacilli; o__Bacillales; f__Bacillaceae; g__Halalkalibacillus	match	5
B1-REF	5	1	rdp	0.6	814142	k__Bacteria;p__Actinobacteria;c__Actinobacteria;o__Actinomycetales;f__Thermomonosporaceae;g__Actinomadura;s__vinacea	k__Bacteria; p__Actinobacteria; c__Actinobacteria; o__Actinomycetales; f__Thermomonosporaceae; g__Spirillospora	overclassification	5
B1-REF	5	1	rdp	0.6	1110646	k__Bacteria;p__Proteobacteria;c__Gammaproteobacteria;o__Thiotrichales;f__Thiotrichaceae;g__Thiopilula;s__aggregata	k__Bacteria; p__Proteobacteria; c__Gammaproteobacteria; o__Thiotrichales; f__Thiotrichaceae; g__Marithrix	overclassification	5
B1-REF	5	1	rdp	0.6	3630583	k__Archaea;p__Crenarchaeota;c__Thermoprotei;o__Desulfurococcales;f__Desulfurococcaceae	k__Archaea; p__Crenarchaeota; c__Thermoprotei; o__Desulfurococcales; f__Desulfurococcaceae; g__Thermosphaera	match	5
B1-REF	5	1	rdp	0.6	4453271	k__Bacteria;p__Proteobacteria;c__Gammaproteobacteria;o__Alteromonadales;f__Alteromonadaceae;g__unclassified;s__Pseudomonadales	k__Bacteria; p__Proteobacteria; c__Gammaproteobacteria; o__Alteromonadales; f__Alteromonadaceae; g__Teredinibacter	overclassification	5
B1-REF	5	1	rdp	0.6	552236	k__Bacteria;p__Actinobacteria;c__Actinobacteria;o__Actinomycetales;f__Micromonosporaceae;g__Virgisporangium;s__ochraceum	k__Bacteria; p__Actinobacteria; c__Actinobacteria; o__Actinomycetales; f__Micromonosporaceae; g__Longispora	overclassification	5
B1-REF	5	1	rdp	0.6	2574952	k__Bacteria;p__Chlamydiae;c__Chlamydiia;o__Chlamydiales	k__Bacteria; p__Chlamydiae; c__Chlamydiia; o__Chlamydiales; f__Simkaniaceae; g__Simkania	underclassification	4
B1-REF	5	1	rdp	0.6	247484	k__Bacteria;p__Proteobacteria;c__Alphaproteobacteria	k__Bacteria; p__Proteobacteria; c__Alphaproteobacteria; o__Rhizobiales; f__Phyllobacteriaceae; g__Aliihoeflea	underclassification	3
B1-REF	5	1	rdp	0.6	3368019	k__Bacteria;p__Proteobacteria;c__Alphaproteobacteria;o__Rickettsiales;f__mitochondria;g__Sanguinaria;s__canadensis	k__Bacteria; p__Proteobacteria; c__Alphaproteobacteria; o__Rickettsiales; f__mitochondria; g__Mimulus	overclassification	5
B1-REF	5	1	rdp	0.6	121052	k__Bacteria;p__Proteobacteria;c__Betaproteobacteria;o__Burkholderiales;f__Alcaligenaceae;g__Rhodobacter;s__sphaeroides	k__Bacteria; p__Proteobacteria; c__Betaproteobacteria; o__Burkholderiales; f__Alcaligenaceae; g__Rhodopseudomonas	overclassification	5
B1-REF	5	1	rdp	0.6	4389144	k__Bacteria;p__Actinobacteria;c__Actinobacteria;o__Actinomycetales;f__Propionibacteriaceae;g__Aestuariimicrobium;s__kwangyangense	k__Bacteria; p__Actinobacteria; c__Actinobacteria; o__Actinomycetales; f__Propionibacteriaceae; g__Microlunatus	overclassification	5
B1-REF	5	1	rdp	0.6	91372	k__Bacteria;p__Proteobacteria;c__Gammaproteobacteria;o__Enterobacteriales;f__Enterobacteriaceae	k__Bacteria; p__Proteobacteria; c__Gammaproteobacteria; o__Enterobacteriales; f__Enterobacteriaceae; g__Candidatus Blochmannia	match	5
B1-REF	5	1	rdp	0.6	1646255	k__Bacteria;p__Proteobacteria;c__Alphaproteobacteria;o__Rickettsiales;f__mitochondria	k__Bacteria; p__Proteobacteria; c__Alphaproteobacteria; o__Rickettsiales; f__mitochondria; g__Victoria	match	5
B1-REF	5	1	rdp	0.6	1125353	k__Bacteria;p__Actinobacteria;c__Actinobacteria;o__Actinomycetales;f__Thermomonosporaceae;g__Actinomadura	k__Bacteria; p__Actinobacteria; c__Actinobacteria; o__Actinomycetales; f__Thermomonosporaceae; g__Actinocorallia	overclassification	5
B1-REF	5	1	rdp	0.6	808919	k__Bacteria;p__Proteobacteria;c__Deltaproteobacteria;o__Myxococcales;f__Polyangiaceae	k__Bacteria; p__Proteobacteria; c__Deltaproteobacteria; o__Myxococcales; f__Polyangiaceae; g__Aetherobacter	match	5
B1-REF	5	1	rdp	0.6	4213092	k__Bacteria;p__Cyanobacteria;c__Chloroplast;o__Chlorophyta;f__Chlamydomonadaceae	k__Bacteria; p__Cyanobacteria; c__Chloroplast; o__Chlorophyta; f__Chlamydomonadaceae; g__Hydrodictyon	match	5
B1-REF	5	1	rdp	0.6	484439	k__Bacteria	k__Bacteria; p__Synergistetes; c__Synergistia; o__Synergistales; f__Dethiosulfovibrionaceae; g__Jonquetella	underclassification	1
B1-REF	5	1	rdp	0.6	1126882	k__Bacteria;p__Actinobacteria;c__Actinobacteria;o__Actinomycetales;f__Micromonosporaceae;g__Micromonospora;s__coxensis	k__Bacteria; p__Actinobacteria; c__Actinobacteria; o__Actinomycetales; f__Micromonosporaceae; g__Actinoplanes	overclassification	5
B1-REF	5	1	rdp	0.6	3606810	k__Bacteria;p__Proteobacteria;c__Alphaproteobacteria;o__Rickettsiales;f__mitochondria	k__Bacteria; p__Proteobacteria; c__Alphaproteobacteria; o__Rickettsiales; f__mitochondria; g__Myristica	match	5
B1-REF	5	1	rdp	0.6	4581	k__Bacteria;p__Proteobacteria;c__Alphaproteobacteria;o__Rhodospirillales;f__Rhodospirillaceae	k__Bacteria; p__Proteobacteria; c__Alphaproteobacteria; o__Rhodospirillales; f__Rhodospirillaceae; g__Azospirillum	match	5