dataset	level	iteration	method	parameters	seq_id               	observed_taxonomy	expected_taxonomy	result	mismatch_level
B1-REF	6	1	sortmerna	0.51:0.9:1:0.8:1.0	236913	k__Bacteria; p__Proteobacteria; c__Gammaproteobacteria; o__Legionellales; f__Legionellaceae; g__Legionella; s__fairfieldensis	k__Bacteria; p__Proteobacteria; c__Gammaproteobacteria; o__Legionellales; f__Legionellaceae; g__Legionella; s__dresdenensis	overclassification	6
B1-REF	6	1	sortmerna	0.51:0.9:1:0.8:1.0	4165717	k__Bacteria; p__Bacteroidetes; c__Flavobacteriia; o__Flavobacteriales; f__Flavobacteriaceae; g__Kriegella; s__aquimaris	k__Bacteria; p__Bacteroidetes; c__Flavobacteriia; o__Flavobacteriales; f__Flavobacteriaceae; g__Cellulophaga; s__algicola	misclassification	5
B1-REF	6	1	sortmerna	0.51:0.9:1:0.8:1.0	102064	k__Bacteria; p__Firmicutes; c__Bacilli; o__Lactobacillales; f__Lactobacillaceae; g__Pediococcus; s__damnosus	k__Bacteria; p__Firmicutes; c__Bacilli; o__Lactobacillales; f__Lactobacillaceae; g__Pediococcus; s__acidilactici	overclassification	6
B1-REF	6	1	sortmerna	0.51:0.9:1:0.8:1.0	533624	k__Bacteria; p__Firmicutes; c__Erysipelotrichi; o__Erysipelotrichales; f__Erysipelotrichaceae; g__Catenibacterium; s__mitsuokai	k__Bacteria; p__Firmicutes; c__Erysipelotrichi; o__Erysipelotrichales; f__Erysipelotrichaceae; g__Sharpea; s__azabuensis	misclassification	5
B1-REF	6	1	sortmerna	0.51:0.9:1:0.8:1.0	13730	k__Bacteria; p__Firmicutes; c__Clostridia; o__Thermoanaerobacterales; f__Thermoanaerobacteraceae; g__Carboxydothermus; s__siderophilus	k__Bacteria; p__Firmicutes; c__Clostridia; o__Thermoanaerobacterales; f__Thermoanaerobacteraceae; g__Carboxydothermus; s__ferrireducens	overclassification	6
B1-REF	6	1	sortmerna	0.51:0.9:1:0.8:1.0	144239	k__Bacteria; p__Bacteroidetes; c__Sphingobacteriia; o__Sphingobacteriales; f__Sphingobacteriaceae; g__Sphingobacterium; s__multivorum	k__Bacteria; p__Bacteroidetes; c__Sphingobacteriia; o__Sphingobacteriales; f__Sphingobacteriaceae; g__Sphingobacterium; s__faecium	overclassification	6
B1-REF	6	1	sortmerna	0.51:0.9:1:0.8:1.0	14982	k__Bacteria; p__Firmicutes; c__Bacilli; o__Bacillales; f__Planococcaceae; g__Kurthia; s__gibsonii	k__Bacteria; p__Firmicutes; c__Bacilli; o__Bacillales; f__Planococcaceae; g__Lysinibacillus; s__boronitolerans	misclassification	5
B1-REF	6	1	sortmerna	0.51:0.9:1:0.8:1.0	2874058	k__Bacteria; p__Firmicutes; c__Bacilli; o__Bacillales; f__Paenibacillaceae; g__Paenibacillus; s__macerans	k__Bacteria; p__Firmicutes; c__Bacilli; o__Bacillales; f__Paenibacillaceae; g__Paenibacillus; s__curdlanolyticus	overclassification	6
B1-REF	6	1	sortmerna	0.51:0.9:1:0.8:1.0	134032	k__Bacteria; p__Firmicutes; c__Bacilli; o__Lactobacillales; f__Lactobacillaceae; g__Lactobacillus; s__reuteri	k__Bacteria; p__Firmicutes; c__Bacilli; o__Lactobacillales; f__Lactobacillaceae; g__Lactobacillus; s__pontis	overclassification	6
B1-REF	6	1	sortmerna	0.51:0.9:1:0.8:1.0	261920	k__Bacteria; p__Proteobacteria; c__Gammaproteobacteria; o__Vibrionales; f__Pseudoalteromonadaceae; g__Pseudoalteromonas; s__piscicida	k__Bacteria; p__Proteobacteria; c__Gammaproteobacteria; o__Vibrionales; f__Pseudoalteromonadaceae; g__Pseudoalteromonas; s__ruthenica	overclassification	6
B1-REF	6	1	sortmerna	0.51:0.9:1:0.8:1.0	708264	k__Bacteria; p__Proteobacteria; c__Gammaproteobacteria; o__Pseudomonadales; f__Moraxellaceae; g__Psychrobacter; s__pulmonis	k__Bacteria; p__Proteobacteria; c__Gammaproteobacteria; o__Pseudomonadales; f__Moraxellaceae; g__Psychrobacter; s__marincola	overclassification	6
B1-REF	6	1	sortmerna	0.51:0.9:1:0.8:1.0	455130	Unassigned	k__Bacteria; p__Firmicutes; c__Bacilli; o__Bacillales; f__Bacillaceae; g__Bacillus; s__safensis	underclassification	0
B1-REF	6	1	sortmerna	0.51:0.9:1:0.8:1.0	4457669	k__Bacteria; p__Firmicutes; c__Clostridia; o__Clostridiales; f__Clostridiaceae; g__Clostridium; s__bowmanii	k__Bacteria; p__Firmicutes; c__Clostridia; o__Clostridiales; f__Clostridiaceae; g__Clostridium; s__cellulovorans	overclassification	6
B1-REF	6	1	sortmerna	0.51:0.9:1:0.8:1.0	1714121	k__Bacteria; p__Tenericutes; c__Mollicutes; o__Mycoplasmatales; f__Mycoplasmataceae; g__Mycoplasma; s__muris	k__Bacteria; p__Tenericutes; c__Mollicutes; o__Mycoplasmatales; f__Mycoplasmataceae; g__Mycoplasma; s__iowae	overclassification	6
B1-REF	6	1	sortmerna	0.51:0.9:1:0.8:1.0	10196	k__Bacteria; p__Proteobacteria; c__Gammaproteobacteria; o__Enterobacteriales; f__Enterobacteriaceae; g__Plesiomonas; s__shigelloides	k__Bacteria; p__Proteobacteria; c__Gammaproteobacteria; o__Enterobacteriales; f__Enterobacteriaceae; g__Brenneria; s__quercina	misclassification	5
B1-REF	6	1	sortmerna	0.51:0.9:1:0.8:1.0	201537	k__Bacteria; p__Firmicutes; c__Bacilli; o__Lactobacillales; f__Lactobacillaceae; g__Lactobacillus; s__brevis	k__Bacteria; p__Firmicutes; c__Bacilli; o__Lactobacillales; f__Lactobacillaceae; g__Lactobacillus; s__zeae	overclassification	6
B1-REF	6	1	sortmerna	0.51:0.9:1:0.8:1.0	536986	k__Bacteria; p__Proteobacteria; c__Gammaproteobacteria; o__Vibrionales; f__Vibrionaceae; g__Salinivibrio; s__costicola	k__Bacteria; p__Proteobacteria; c__Gammaproteobacteria; o__Vibrionales; f__Vibrionaceae; g__Photobacterium; s__damselae	misclassification	5
B1-REF	6	1	sortmerna	0.51:0.9:1:0.8:1.0	220715	k__Bacteria; p__Proteobacteria; c__Alphaproteobacteria; o__Rhizobiales; f__Beijerinckiaceae; g__Chelatococcus; s__asaccharovorans	k__Bacteria; p__Proteobacteria; c__Alphaproteobacteria; o__Rhizobiales; f__Methylobacteriaceae; g__Methylobacterium; s__organophilum	misclassification	4
B1-REF	6	1	sortmerna	0.51:0.9:1:0.8:1.0	743649	k__Bacteria; p__Firmicutes; c__Bacilli; o__Bacillales; f__Bacillaceae; g__Bacillus; s__cereus	k__Bacteria; p__Firmicutes; c__Bacilli; o__Bacillales; f__Bacillaceae; g__Geobacillus; s__stearothermophilus	misclassification	5
B1-REF	6	1	sortmerna	0.51:0.9:1:0.8:1.0	1114321	k__Bacteria; p__Actinobacteria; c__Actinobacteria; o__Actinomycetales; f__Streptomycetaceae; g__Streptomyces; s__aureofaciens	k__Bacteria; p__Actinobacteria; c__Actinobacteria; o__Actinomycetales; f__Streptomycetaceae; g__Streptomyces; s__xanthocidicus	overclassification	6
B1-REF	6	1	sortmerna	0.51:0.9:1:0.8:1.0	58866	k__Bacteria; p__Proteobacteria; c__Alphaproteobacteria; o__Sphingomonadales; f__Sphingomonadaceae; g__Sphingomonas; s__wittichii	k__Bacteria; p__Proteobacteria; c__Alphaproteobacteria; o__Sphingomonadales; f__Sphingomonadaceae; g__Sphingomonas; s__yabuuchiae	overclassification	6
B1-REF	6	1	sortmerna	0.51:0.9:1:0.8:1.0	4305519	k__Bacteria; p__Proteobacteria; c__Gammaproteobacteria; o__Vibrionales; f__Vibrionaceae; g__Vibrio; s__rumoiensis	k__Bacteria; p__Proteobacteria; c__Gammaproteobacteria; o__Vibrionales; f__Vibrionaceae; g__Vibrio; s__fortis	overclassification	6
B1-REF	6	1	sortmerna	0.51:0.9:1:0.8:1.0	1134454	k__Bacteria; p__Firmicutes; c__Bacilli; o__Bacillales; f__Paenibacillaceae; g__Saccharibacillus; s__kuerlensis	k__Bacteria; p__Firmicutes; c__Bacilli; o__Bacillales; f__Paenibacillaceae; g__Saccharibacillus; s__sacchari	overclassification	6
B1-REF	6	1	sortmerna	0.51:0.9:1:0.8:1.0	2584970	k__Bacteria; p__Proteobacteria; c__Alphaproteobacteria; o__Rickettsiales; f__mitochondria; g__Plantago; s__sericea	k__Bacteria; p__Proteobacteria; c__Alphaproteobacteria; o__Rickettsiales; f__mitochondria; g__Plantago; s__australis	overclassification	6
B1-REF	6	1	sortmerna	0.51:0.9:1:0.8:1.0	14592	k__Bacteria; p__Firmicutes; c__Bacilli; o__Bacillales; f__Bacillaceae; g__Halalkalibacillus; s__halophilus	k__Bacteria; p__Firmicutes; c__Bacilli; o__Bacillales; f__Bacillaceae; g__Bacillus; s__oleronius	misclassification	5
B1-REF	6	1	sortmerna	0.51:0.9:1:0.8:1.0	694975	k__Bacteria; p__Tenericutes; c__Mollicutes; o__Mycoplasmatales; f__Mycoplasmataceae; g__Mycoplasma; s__alvi	k__Bacteria; p__Tenericutes; c__Mollicutes; o__Mycoplasmatales; f__Mycoplasmataceae; g__Mycoplasma; s__genitalium	overclassification	6
B1-REF	6	1	sortmerna	0.51:0.9:1:0.8:1.0	1042805	k__Bacteria; p__Firmicutes; c__Bacilli; o__Lactobacillales; f__Streptococcaceae; g__Streptococcus; s__equi	k__Bacteria; p__Firmicutes; c__Bacilli; o__Lactobacillales; f__Streptococcaceae; g__Streptococcus; s__infantis	overclassification	6
B1-REF	6	1	sortmerna	0.51:0.9:1:0.8:1.0	520731	k__Bacteria; p__Proteobacteria; c__Gammaproteobacteria; o__Pseudomonadales; f__Pseudomonadaceae; g__Serpens; s__flexibilis	k__Bacteria; p__Proteobacteria; c__Gammaproteobacteria; o__Pseudomonadales; f__Pseudomonadaceae; g__Pseudomonas; s__alcaligenes	misclassification	5
B1-REF	6	1	sortmerna	0.51:0.9:1:0.8:1.0	4315688	k__Bacteria; p__Firmicutes; c__Clostridia; o__Clostridiales; f__Clostridiaceae; g__Clostridium; s__bowmanii	k__Bacteria; p__Firmicutes; c__Clostridia; o__Clostridiales; f__Clostridiaceae; g__Clostridium; s__celatum	overclassification	6
B1-REF	6	1	sortmerna	0.51:0.9:1:0.8:1.0	1133391	k__Bacteria; p__Proteobacteria; c__Betaproteobacteria; o__Neisseriales; f__Neisseriaceae; g__Chitinilyticum; s__litopenaei	k__Bacteria; p__Proteobacteria; c__Betaproteobacteria; o__Neisseriales; f__Neisseriaceae; g__Chitinilyticum; s__aquatile	overclassification	6
B1-REF	6	1	sortmerna	0.51:0.9:1:0.8:1.0	4478591	k__Bacteria; p__Proteobacteria; c__Alphaproteobacteria; o__Rickettsiales; f__mitochondria; g__Dictyostelium; s__discoideum	k__Bacteria; p__Proteobacteria; c__Alphaproteobacteria; o__Rickettsiales; f__mitochondria; g__Dictyostelium; s__citrinum	overclassification	6
B1-REF	6	1	sortmerna	0.51:0.9:1:0.8:1.0	259514	k__Bacteria; p__Proteobacteria; c__Epsilonproteobacteria; o__Campylobacterales; f__Helicobacteraceae; g__Flexispira; s__rappini	k__Bacteria; p__Proteobacteria; c__Epsilonproteobacteria; o__Campylobacterales; f__Helicobacteraceae; g__Helicobacter; s__hepaticus	misclassification	5
B1-REF	6	1	sortmerna	0.51:0.9:1:0.8:1.0	867170	k__Bacteria; p__Actinobacteria; c__Actinobacteria; o__Actinomycetales; f__Corynebacteriaceae; g__Corynebacterium; s__stationis	k__Bacteria; p__Actinobacteria; c__Actinobacteria; o__Actinomycetales; f__Corynebacteriaceae; g__Corynebacterium; s__bovis	overclassification	6
B1-REF	6	1	sortmerna	0.51:0.9:1:0.8:1.0	3307468	k__Bacteria; p__Firmicutes; c__Bacilli; o__Bacillales; f__Paenibacillaceae; g__Paenibacillus; s__ginsengihumi	k__Bacteria; p__Firmicutes; c__Bacilli; o__Bacillales; f__Paenibacillaceae; g__Brevibacillus; s__thermoruber	misclassification	5
B1-REF	6	1	sortmerna	0.51:0.9:1:0.8:1.0	315982	k__Bacteria; p__Firmicutes; c__Clostridia; o__Clostridiales; f__Clostridiaceae; g__Clostridium; s__neonatale	k__Bacteria; p__Firmicutes; c__Clostridia; o__Clostridiales; f__Clostridiaceae; g__Clostridium; s__perfringens	overclassification	6
B1-REF	6	1	sortmerna	0.51:0.9:1:0.8:1.0	1145607	k__Bacteria; p__Proteobacteria; c__Betaproteobacteria; o__Neisseriales; f__Neisseriaceae; g__Gulbenkiania; s__mobilis	k__Bacteria; p__Proteobacteria; c__Betaproteobacteria; o__Neisseriales; f__Neisseriaceae; g__Chitinimonas; s__koreensis	misclassification	5
B1-REF	6	1	sortmerna	0.51:0.9:1:0.8:1.0	8127	k__Bacteria; p__Proteobacteria; c__Gammaproteobacteria; o__Oceanospirillales; f__Halomonadaceae; g__Chromohalobacter; s__thailandensis	k__Bacteria; p__Proteobacteria; c__Gammaproteobacteria; o__Oceanospirillales; f__Halomonadaceae; g__Chromohalobacter; s__marismortui	overclassification	6
B1-REF	6	1	sortmerna	0.51:0.9:1:0.8:1.0	878375	k__Bacteria; p__Proteobacteria; c__Alphaproteobacteria; o__Rhizobiales; f__Methylobacteriaceae; g__Methylobacterium; s__hispanicum	k__Bacteria; p__Proteobacteria; c__Alphaproteobacteria; o__Rhizobiales; f__Methylobacteriaceae; g__Methylobacterium; s__adhaesivum	overclassification	6
B1-REF	6	1	sortmerna	0.51:0.9:1:0.8:1.0	754534	k__Bacteria; p__Firmicutes; c__Bacilli; o__Bacillales; f__Bacillaceae; g__Halalkalibacillus; s__halophilus	k__Bacteria; p__Firmicutes; c__Bacilli; o__Bacillales; f__Bacillaceae; g__Oceanobacillus; s__oncorhynchi	misclassification	5
B1-REF	6	1	sortmerna	0.51:0.9:1:0.8:1.0	439804	k__Bacteria; p__Actinobacteria; c__Actinobacteria; o__Actinomycetales; f__Brevibacteriaceae; g__Brevibacterium; s__aureum	k__Bacteria; p__Actinobacteria; c__Actinobacteria; o__Actinomycetales; f__Brevibacteriaceae; g__Brevibacterium; s__paucivorans	overclassification	6
B1-REF	6	1	sortmerna	0.51:0.9:1:0.8:1.0	186563	k__Bacteria; p__Firmicutes; c__Clostridia; o__Clostridiales; f__Ruminococcaceae; g__Ruminococcus; s__flavefaciens	k__Bacteria; p__Firmicutes; c__Clostridia; o__Clostridiales; f__Ruminococcaceae; g__Ruminococcus; s__callidus	overclassification	6
B1-REF	6	1	sortmerna	0.51:0.9:1:0.8:1.0	2046080	k__Bacteria; p__Cyanobacteria; c__Oscillatoriophycideae; o__Oscillatoriales; f__Phormidiaceae; g__Arthrospira; s__platensis	k__Bacteria; p__Cyanobacteria; c__Oscillatoriophycideae; o__Oscillatoriales; f__Phormidiaceae; g__Lyngbya; s__hieronymusii	misclassification	5
B1-REF	6	1	sortmerna	0.51:0.9:1:0.8:1.0	767448	k__Bacteria; p__Proteobacteria; c__Gammaproteobacteria; o__Pasteurellales; f__Pasteurellaceae; g__Haemophilus; s__influenzae	k__Bacteria; p__Proteobacteria; c__Gammaproteobacteria; o__Pasteurellales; f__Pasteurellaceae; g__Gallibacterium; s__melopsittaci	misclassification	5
B1-REF	6	1	sortmerna	0.51:0.9:1:0.8:1.0	2611	Unassigned	k__Bacteria; p__Bacteroidetes; c__Cytophagia; o__Cytophagales; f__Cyclobacteriaceae; g__Algoriphagus; s__ratkowskyi	underclassification	0
B1-REF	6	1	sortmerna	0.51:0.9:1:0.8:1.0	4348253	k__Bacteria; p__Actinobacteria; c__Actinobacteria; o__Actinomycetales; f__Streptomycetaceae; g__Streptomyces; s__exfoliatus	k__Bacteria; p__Actinobacteria; c__Actinobacteria; o__Actinomycetales; f__Streptomycetaceae; g__Streptomyces; s__laurentii	overclassification	6
B1-REF	6	1	sortmerna	0.51:0.9:1:0.8:1.0	3804	Unassigned	k__Bacteria; p__Spirochaetes; c__Spirochaetes; o__Spirochaetales; f__Spirochaetaceae; g__Spirochaeta; s__alkalica	underclassification	0
B1-REF	6	1	sortmerna	0.51:0.9:1:0.8:1.0	4347834	k__Bacteria; p__Proteobacteria; c__Gammaproteobacteria; o__Alteromonadales; f__Chromatiaceae; g__Alkalimonas; s__amylolytica	k__Bacteria; p__Proteobacteria; c__Gammaproteobacteria; o__Alteromonadales; f__Chromatiaceae; g__Alkalimonas; s__collagenimarina	overclassification	6
B1-REF	6	1	sortmerna	0.51:0.9:1:0.8:1.0	4358096	k__Bacteria; p__Proteobacteria; c__Betaproteobacteria; o__Burkholderiales; f__Oxalobacteraceae; g__Massilia; s__alkalitolerans	k__Bacteria; p__Proteobacteria; c__Betaproteobacteria; o__Burkholderiales; f__Oxalobacteraceae; g__Massilia; s__haematophila	overclassification	6
B1-REF	6	1	sortmerna	0.51:0.9:1:0.8:1.0	1801171	k__Bacteria; p__Cyanobacteria; c__Nostocophycideae; o__Nostocales; f__Nostocaceae; g__Anabaena; s__cylindrica	k__Bacteria; p__Cyanobacteria; c__Nostocophycideae; o__Nostocales; f__Nostocaceae; g__Scytonema; s__crispum	misclassification	5
B1-REF	6	1	sortmerna	0.51:0.9:1:0.8:1.0	2372909	Unassigned	k__Bacteria; p__Proteobacteria; c__Alphaproteobacteria; o__Rickettsiales; f__mitochondria; g__Pelargonium; s__cotyledonis	underclassification	0
B1-REF	6	1	sortmerna	0.51:0.9:1:0.8:1.0	419448	k__Bacteria; p__Proteobacteria; c__Betaproteobacteria; o__Burkholderiales; f__Comamonadaceae; g__Acidovorax; s__defluvii	k__Bacteria; p__Proteobacteria; c__Betaproteobacteria; o__Burkholderiales; f__Comamonadaceae; g__Acidovorax; s__caeni	overclassification	6
B1-REF	6	1	sortmerna	0.51:0.9:1:0.8:1.0	851938	Unassigned	k__Bacteria; p__Firmicutes; c__Erysipelotrichi; o__Erysipelotrichales; f__Erysipelotrichaceae; g__Bulleidia; s__moorei	underclassification	0
B1-REF	6	1	sortmerna	0.51:0.9:1:0.8:1.0	176468	k__Bacteria; p__Proteobacteria; c__Gammaproteobacteria; o__Enterobacteriales; f__Enterobacteriaceae; g__Enterobacter; s__gergoviae	k__Bacteria; p__Proteobacteria; c__Gammaproteobacteria; o__Enterobacteriales; f__Enterobacteriaceae; g__Enterobacter; s__cowanii	overclassification	6
B1-REF	6	1	sortmerna	0.51:0.9:1:0.8:1.0	274900	k__Bacteria; p__Proteobacteria; c__Gammaproteobacteria; o__Aeromonadales; f__Aeromonadaceae; g__Zobellella; s__taiwanensis	k__Bacteria; p__Proteobacteria; c__Gammaproteobacteria; o__Aeromonadales; f__Aeromonadaceae; g__Zobellella; s__denitrificans	overclassification	6
B1-REF	6	1	sortmerna	0.51:0.9:1:0.8:1.0	45363	k__Bacteria; p__Firmicutes; c__Erysipelotrichi; o__Erysipelotrichales; f__Erysipelotrichaceae; g__Coprobacillus; s__cateniformis	k__Bacteria; p__Firmicutes; c__Erysipelotrichi; o__Erysipelotrichales; f__Erysipelotrichaceae; g__Clostridium; s__cocleatum	misclassification	5
B1-REF	6	1	sortmerna	0.51:0.9:1:0.8:1.0	1128592	k__Bacteria; p__Actinobacteria; c__Actinobacteria; o__Actinomycetales; f__Micromonosporaceae; g__Micromonospora; s__carbonacea	k__Bacteria; p__Actinobacteria; c__Actinobacteria; o__Actinomycetales; f__Micromonosporaceae; g__Actinoplanes; s__durhamensis	misclassification	5
B1-REF	6	1	sortmerna	0.51:0.9:1:0.8:1.0	823319	k__Bacteria; p__Proteobacteria; c__Gammaproteobacteria; o__Oceanospirillales; f__Halomonadaceae; g__Halomonas; s__salifodinae	k__Bacteria; p__Proteobacteria; c__Gammaproteobacteria; o__Oceanospirillales; f__Halomonadaceae; g__Halomonas; s__nitritophilus	overclassification	6
B1-REF	6	1	sortmerna	0.51:0.9:1:0.8:1.0	4383165	k__Bacteria; p__Actinobacteria; c__Actinobacteria; o__Actinomycetales; f__Nocardioidaceae; g__Nocardioides; s__furvisabuli	k__Bacteria; p__Actinobacteria; c__Actinobacteria; o__Actinomycetales; f__Nocardioidaceae; g__Nocardioides; s__fonticola	overclassification	6
B1-REF	6	1	sortmerna	0.51:0.9:1:0.8:1.0	761592	k__Bacteria; p__Actinobacteria; c__Actinobacteria; o__Actinomycetales; f__Nocardiopsaceae; g__Thermobifida; s__fusca	k__Bacteria; p__Actinobacteria; c__Actinobacteria; o__Actinomycetales; f__Nocardiopsaceae; g__Thermobifida; s__cellulosilytica	overclassification	6
B1-REF	6	1	sortmerna	0.51:0.9:1:0.8:1.0	82303	k__Bacteria; p__Proteobacteria; c__Gammaproteobacteria; o__Alteromonadales; f__Alteromonadaceae; g__Alteromonas; s__halophila	k__Bacteria; p__Proteobacteria; c__Gammaproteobacteria; o__Alteromonadales; f__Alteromonadaceae; g__Glaciecola; s__punicea	misclassification	5
B1-REF	6	1	sortmerna	0.51:0.9:1:0.8:1.0	1102814	k__Bacteria; p__Actinobacteria; c__Actinobacteria; o__Actinomycetales; f__Propionibacteriaceae; g__Propionibacterium; s__acnes	k__Bacteria; p__Actinobacteria; c__Actinobacteria; o__Actinomycetales; f__Propionibacteriaceae; g__Propionibacterium; s__granulosum	overclassification	6
B1-REF	6	1	sortmerna	0.51:0.9:1:0.8:1.0	1134197	k__Bacteria; p__Firmicutes; c__Bacilli; o__Bacillales; f__Paenibacillaceae; g__Aneurinibacillus; s__migulanus	k__Bacteria; p__Firmicutes; c__Bacilli; o__Bacillales; f__Paenibacillaceae; g__Aneurinibacillus; s__terranovensis	overclassification	6
B1-REF	6	1	sortmerna	0.51:0.9:1:0.8:1.0	1141123	k__Bacteria; p__Proteobacteria; c__Gammaproteobacteria; o__Enterobacteriales; f__Enterobacteriaceae; g__Photorhabdus; s__temperata	k__Bacteria; p__Proteobacteria; c__Gammaproteobacteria; o__Enterobacteriales; f__Enterobacteriaceae; g__Xenorhabdus; s__romanii	misclassification	5
B1-REF	6	1	sortmerna	0.51:0.9:1:0.8:1.0	1132808	k__Archaea; p__Crenarchaeota; c__Thermoprotei; o__Sulfolobales; f__Sulfolobaceae; g__Sulfolobus; s__vallisabyssus	k__Archaea; p__Crenarchaeota; c__Thermoprotei; o__Sulfolobales; f__Sulfolobaceae; g__Sulfolobus; s__yangmingensis	overclassification	6
B1-REF	6	1	sortmerna	0.51:0.9:1:0.8:1.0	4364813	k__Bacteria; p__Proteobacteria; c__Gammaproteobacteria; o__Pseudomonadales; f__Pseudomonadaceae; g__Pseudomonas; s__mendocina	k__Bacteria; p__Proteobacteria; c__Gammaproteobacteria; o__Pseudomonadales; f__Pseudomonadaceae; g__Pseudomonas; s__pseudoalcaligenes	overclassification	6
B1-REF	6	1	sortmerna	0.51:0.9:1:0.8:1.0	1059977	k__Bacteria; p__Firmicutes; c__Bacilli; o__Lactobacillales; f__Streptococcaceae; g__Streptococcus; s__luteciae	k__Bacteria; p__Firmicutes; c__Bacilli; o__Lactobacillales; f__Streptococcaceae; g__Streptococcus; s__agalactiae	overclassification	6
B1-REF	6	1	sortmerna	0.51:0.9:1:0.8:1.0	524865	Unassigned	k__Bacteria; p__Bacteroidetes; c__Bacteroidia; o__Bacteroidales; f__Prevotellaceae; g__Prevotella; s__copri	underclassification	0
B1-REF	6	1	sortmerna	0.51:0.9:1:0.8:1.0	2755928	k__Bacteria; p__Cyanobacteria; c__Chloroplast; o__Chlorophyta; f__Trebouxiophyceae; g__Coccomyxa; s__solorinae-saccatae	k__Bacteria; p__Cyanobacteria; c__Chloroplast; o__Chlorophyta; f__Trebouxiophyceae; g__Coccomyxa; s__subellipsoidea	overclassification	6
B1-REF	6	1	sortmerna	0.51:0.9:1:0.8:1.0	2551318	k__Bacteria; p__Aquificae; c__Aquificae; o__Aquificales; f__Aquificaceae; g__Hydrogenobacter; s__hydrogenophilus	k__Bacteria; p__Aquificae; c__Aquificae; o__Aquificales; f__Aquificaceae; g__Hydrogenobacter; s__thermophilus	overclassification	6
B1-REF	6	1	sortmerna	0.51:0.9:1:0.8:1.0	15785	k__Bacteria; p__Tenericutes; c__Mollicutes; o__Entomoplasmatales; f__Entomoplasmataceae; g__Mycoplasma; s__leachii	k__Bacteria; p__Tenericutes; c__Mollicutes; o__Entomoplasmatales; f__Entomoplasmataceae; g__Mycoplasma; s__yeatsii	overclassification	6
B1-REF	6	1	sortmerna	0.51:0.9:1:0.8:1.0	2398623	k__Bacteria; p__Firmicutes; c__Clostridia; o__Clostridiales; f__Clostridiaceae; g__Alkaliphilus; s__transvaalensis	k__Bacteria; p__Firmicutes; c__Clostridia; o__Clostridiales; f__Peptostreptococcaceae; g__Clostridium; s__sticklandii	misclassification	4
B1-REF	6	1	sortmerna	0.51:0.9:1:0.8:1.0	913867	k__Bacteria; p__Proteobacteria; c__Gammaproteobacteria; o__Pseudomonadales; f__Moraxellaceae; g__Acinetobacter; s__rhizosphaerae	k__Bacteria; p__Proteobacteria; c__Gammaproteobacteria; o__Pseudomonadales; f__Moraxellaceae; g__Acinetobacter; s__schindleri	overclassification	6
B1-REF	6	1	sortmerna	0.51:0.9:1:0.8:1.0	107665	k__Bacteria; p__Firmicutes; c__Bacilli; o__Bacillales; f__Thermicanaceae; g__Bacillus; s__schlegelii	k__Bacteria; p__Firmicutes; c__Bacilli; o__Bacillales; f__Thermicanaceae; g__Bacillus; s__solfatarensis	overclassification	6
B1-REF	6	1	sortmerna	0.51:0.9:1:0.8:1.0	1125670	k__Bacteria; p__Proteobacteria; c__Alphaproteobacteria; o__Sphingomonadales; f__Erythrobacteraceae; g__Erythromicrobium; s__ramosum	k__Bacteria; p__Proteobacteria; c__Alphaproteobacteria; o__Sphingomonadales; f__Erythrobacteraceae; g__Altererythrobacter; s__indicus	misclassification	5
B1-REF	6	1	sortmerna	0.51:0.9:1:0.8:1.0	4098279	k__Bacteria; p__Firmicutes; c__Bacilli; o__Bacillales; f__Bacillaceae; g__Bacillus; s__agaradhaerens	k__Bacteria; p__Firmicutes; c__Bacilli; o__Bacillales; f__Bacillaceae; g__Bacillus; s__cellulosilyticus	overclassification	6
B1-REF	6	1	sortmerna	0.51:0.9:1:0.8:1.0	136508	k__Bacteria; p__Proteobacteria; c__Alphaproteobacteria; o__Rhizobiales; f__Rhizobiaceae; g__Candidatus Liberibacter; s__africanus	k__Bacteria; p__Proteobacteria; c__Alphaproteobacteria; o__Rhizobiales; f__Rhizobiaceae; g__Candidatus Liberibacter; s__americanus	overclassification	6
B1-REF	6	1	sortmerna	0.51:0.9:1:0.8:1.0	1668820	k__Bacteria; p__Firmicutes; c__Bacilli; o__Lactobacillales; f__Lactobacillaceae; g__Lactobacillus; s__delbrueckii	k__Bacteria; p__Firmicutes; c__Bacilli; o__Lactobacillales; f__Lactobacillaceae; g__Lactobacillus; s__helveticus	overclassification	6
B1-REF	6	1	sortmerna	0.51:0.9:1:0.8:1.0	49524	k__Bacteria; p__Proteobacteria; c__Betaproteobacteria; o__Nitrosomonadales; f__Nitrosomonadaceae; g__Nitrosovibrio; s__tenuis	k__Bacteria; p__Proteobacteria; c__Betaproteobacteria; o__Nitrosomonadales; f__Nitrosomonadaceae; g__Nitrosomonas; s__cryotolerans	misclassification	5
B1-REF	6	1	sortmerna	0.51:0.9:1:0.8:1.0	1107152	k__Bacteria; p__Bacteroidetes; c__Flavobacteriia; o__Flavobacteriales; f__Flavobacteriaceae; g__Flavobacterium; s__succinicans	k__Bacteria; p__Bacteroidetes; c__Flavobacteriia; o__Flavobacteriales; f__Flavobacteriaceae; g__Flavobacterium; s__gelidilacus	overclassification	6
B1-REF	6	1	sortmerna	0.51:0.9:1:0.8:1.0	1124905	k__Bacteria; p__Actinobacteria; c__Actinobacteria; o__Actinomycetales; f__Nocardioidaceae; g__Nocardioides; s__dilutus	k__Bacteria; p__Actinobacteria; c__Actinobacteria; o__Actinomycetales; f__Nocardioidaceae; g__Nocardioides; s__insulae	overclassification	6
B1-REF	6	1	sortmerna	0.51:0.9:1:0.8:1.0	26897	k__Bacteria; p__Actinobacteria; c__Actinobacteria; o__Actinomycetales; f__Mycobacteriaceae; g__Mycobacterium; s__celatum	k__Bacteria; p__Actinobacteria; c__Actinobacteria; o__Actinomycetales; f__Mycobacteriaceae; g__Mycobacterium; s__arupense	overclassification	6
B1-REF	6	1	sortmerna	0.51:0.9:1:0.8:1.0	813080	k__Bacteria; p__Bacteroidetes; c__Bacteroidia; o__Bacteroidales; f__Marinilabiaceae; g__Cytophaga; s__xylanolytica	k__Bacteria; p__Bacteroidetes; c__Bacteroidia; o__Bacteroidales; f__Marinilabiaceae; g__Cytophaga; s__fermentans	overclassification	6
B1-REF	6	1	sortmerna	0.51:0.9:1:0.8:1.0	235630	k__Bacteria; p__Proteobacteria; c__Gammaproteobacteria; o__Methylococcales; f__Methylococcaceae; g__Methylomicrobium; s__buryatense	k__Bacteria; p__Proteobacteria; c__Gammaproteobacteria; o__Methylococcales; f__Methylococcaceae; g__Methylomicrobium; s__agile	overclassification	6
B1-REF	6	1	sortmerna	0.51:0.9:1:0.8:1.0	1137360	k__Archaea; p__Euryarchaeota; c__Methanomicrobia; o__Methanomicrobiales; f__Methanomicrobiaceae; g__Methanofollis; s__formosanus	k__Archaea; p__Euryarchaeota; c__Methanomicrobia; o__Methanomicrobiales; f__Methanomicrobiaceae; g__Methanofollis; s__aquaemaris	overclassification	6
B1-REF	6	1	sortmerna	0.51:0.9:1:0.8:1.0	268353	k__Bacteria; p__Proteobacteria; c__Alphaproteobacteria; o__Caulobacterales; f__Caulobacteraceae; g__Nitrobacteria; s__hamadaniensis	k__Bacteria; p__Proteobacteria; c__Alphaproteobacteria; o__Caulobacterales; f__Caulobacteraceae; g__Brevundimonas; s__diminuta	misclassification	5
B1-REF	6	1	sortmerna	0.51:0.9:1:0.8:1.0	94941	k__Bacteria; p__Proteobacteria; c__Epsilonproteobacteria; o__Campylobacterales; f__Helicobacteraceae; g__Alvinella; s__pompejana epibiont	k__Bacteria; p__Proteobacteria; c__Epsilonproteobacteria; o__Campylobacterales; f__Helicobacteraceae; g__Alvinella; s__pompejana	overclassification	6
B1-REF	6	1	sortmerna	0.51:0.9:1:0.8:1.0	1115889	k__Bacteria; p__Actinobacteria; c__Actinobacteria; o__Actinomycetales; f__Streptomycetaceae; g__Streptomyces; s__aureofaciens	k__Bacteria; p__Actinobacteria; c__Actinobacteria; o__Actinomycetales; f__Streptomycetaceae; g__Streptomyces; s__indigoferus	overclassification	6
B1-REF	6	1	sortmerna	0.51:0.9:1:0.8:1.0	194286	k__Bacteria; p__Bacteroidetes; c__Bacteroidia; o__Bacteroidales; f__Porphyromonadaceae; g__Parabacteroides; s__distasonis	k__Bacteria; p__Bacteroidetes; c__Bacteroidia; o__Bacteroidales; f__Porphyromonadaceae; g__Parabacteroides; s__gordonii	overclassification	6
B1-REF	6	1	sortmerna	0.51:0.9:1:0.8:1.0	552143	k__Bacteria; p__Firmicutes; c__Bacilli; o__Bacillales; f__Bacillaceae; g__Bacillus; s__flexus	k__Bacteria; p__Firmicutes; c__Bacilli; o__Bacillales; f__Bacillaceae; g__Bacillus; s__megaterium	overclassification	6
B1-REF	6	1	sortmerna	0.51:0.9:1:0.8:1.0	100578	k__Bacteria; p__Bacteroidetes; c__Flavobacteriia; o__Flavobacteriales; f__Flavobacteriaceae; g__Gillisia; s__illustrilutea	k__Bacteria; p__Bacteroidetes; c__Flavobacteriia; o__Flavobacteriales; f__Flavobacteriaceae; g__Yeosuana; s__yeosuensis	misclassification	5
B1-REF	6	1	sortmerna	0.51:0.9:1:0.8:1.0	54854	k__Bacteria; p__Firmicutes; c__Bacilli; o__Bacillales; f__Paenibacillaceae; g__Paenibacillus; s__ginsengihumi	k__Bacteria; p__Firmicutes; c__Bacilli; o__Bacillales; f__Paenibacillaceae; g__Paenibacillus; s__mucilaginosus	overclassification	6
B1-REF	6	1	sortmerna	0.51:0.9:1:0.8:1.0	234088	k__Bacteria; p__Proteobacteria; c__Gammaproteobacteria; o__Vibrionales; f__Vibrionaceae; g__Vibrio; s__ichthyoenteri	k__Bacteria; p__Proteobacteria; c__Gammaproteobacteria; o__Vibrionales; f__Vibrionaceae; g__Vibrio; s__shilonii	overclassification	6
B1-REF	6	1	sortmerna	0.51:0.9:1:0.8:1.0	105372	Unassigned	k__Bacteria; p__Thermotogae; c__Thermotogae; o__Thermotogales; f__Thermotogaceae; g__Kosmotoga; s__A2	underclassification	0
B1-REF	6	1	sortmerna	0.51:0.9:1:0.8:1.0	575576	k__Bacteria; p__Proteobacteria; c__Gammaproteobacteria; o__Legionellales; f__Legionellaceae; g__Legionella; s__londiniensis	k__Bacteria; p__Proteobacteria; c__Gammaproteobacteria; o__Legionellales; f__Legionellaceae; g__Legionella; s__pneumophila	overclassification	6
B1-REF	6	1	sortmerna	0.51:0.9:1:0.8:1.0	577261	k__Bacteria; p__Proteobacteria; c__Gammaproteobacteria; o__Pseudomonadales; f__Pseudomonadaceae; g__Pseudomonas; s__stutzeri	k__Bacteria; p__Proteobacteria; c__Gammaproteobacteria; o__Pseudomonadales; f__Pseudomonadaceae; g__Pseudomonas; s__balearica	overclassification	6
B1-REF	6	1	sortmerna	0.51:0.9:1:0.8:1.0	162067	k__Bacteria; p__Firmicutes; c__Bacilli; o__Bacillales; f__Bacillaceae; g__Bacillus; s__agaradhaerens	k__Bacteria; p__Firmicutes; c__Bacilli; o__Bacillales; f__Bacillaceae; g__Bacillus; s__aurantiacus	overclassification	6
B1-REF	6	1	sortmerna	0.51:0.9:1:0.8:1.0	798060	k__Archaea; p__Euryarchaeota; c__Halobacteria; o__Halobacteriales; f__Halobacteriaceae; g__Halobacteriaceae; s__tADL	k__Archaea; p__Euryarchaeota; c__Halobacteria; o__Halobacteriales; f__Halobacteriaceae; g__Halobacteriaceae; s__R30	overclassification	6
B1-REF	6	1	sortmerna	0.51:0.9:1:0.8:1.0	3485581	k__Bacteria; p__Bacteroidetes; c__Sphingobacteriia; o__Sphingobacteriales; f__Sphingobacteriaceae; g__Pedobacter; s__terricola	k__Bacteria; p__Bacteroidetes; c__Sphingobacteriia; o__Sphingobacteriales; f__Sphingobacteriaceae; g__Pedobacter; s__saltans	overclassification	6
B1-REF	6	1	sortmerna	0.51:0.9:1:0.8:1.0	327271	k__Bacteria; p__Proteobacteria; c__Gammaproteobacteria; o__Pseudomonadales; f__Pseudomonadaceae; g__Pseudomonas; s__nitroreducens	k__Bacteria; p__Proteobacteria; c__Gammaproteobacteria; o__Pseudomonadales; f__Pseudomonadaceae; g__Pseudomonas; s__citronellolis	overclassification	6
B1-REF	6	1	sortmerna	0.51:0.9:1:0.8:1.0	1126596	k__Archaea; p__Crenarchaeota; c__Thaumarchaeota; o__Nitrososphaerales; f__Nitrososphaeraceae; g__Candidatus Nitrososphaera; s__gargensis	k__Archaea; p__Crenarchaeota; c__Thaumarchaeota; o__Nitrososphaerales; f__Nitrososphaeraceae; g__Candidatus Nitrososphaera; s__SCA1145	overclassification	6
B1-REF	6	1	sortmerna	0.51:0.9:1:0.8:1.0	141021	k__Bacteria; p__Chlorobi; c__Chlorobia; o__Chlorobiales; f__Chlorobiaceae; g__Chlorobium; s__phaeobacteroides	k__Bacteria; p__Chlorobi; c__Chlorobia; o__Chlorobiales; f__Chlorobiaceae; g__Chlorobium; s__chlorochromatii	overclassification	6
B1-REF	6	1	sortmerna	0.51:0.9:1:0.8:1.0	1129461	k__Bacteria; p__Firmicutes; c__Bacilli; o__Lactobacillales; f__Carnobacteriaceae; g__Isobaculum; s__melis	k__Bacteria; p__Firmicutes; c__Bacilli; o__Lactobacillales; f__Enterococcaceae; g__Enterococcus; s__haemoperoxidus	misclassification	4
B1-REF	6	1	sortmerna	0.51:0.9:1:0.8:1.0	175108	k__Bacteria; p__Actinobacteria; c__Actinobacteria; o__Actinomycetales; f__Streptomycetaceae; g__Streptomyces; s__alboverticillatus	k__Bacteria; p__Actinobacteria; c__Actinobacteria; o__Actinomycetales; f__Streptomycetaceae; g__Streptomyces; s__rubrolavendulae	overclassification	6
B1-REF	6	1	sortmerna	0.51:0.9:1:0.8:1.0	7316	k__Bacteria; p__Proteobacteria; c__Betaproteobacteria; o__Burkholderiales; f__Oxalobacteraceae; g__Massilia; s__aerolata	k__Bacteria; p__Proteobacteria; c__Betaproteobacteria; o__Burkholderiales; f__Oxalobacteraceae; g__Telluria; s__mixta	misclassification	5
B1-REF	6	1	sortmerna	0.51:0.9:1:0.8:1.0	4476050	k__Bacteria; p__Proteobacteria; c__Betaproteobacteria; o__Neisseriales; f__Neisseriaceae; g__Neisseria; s__oralis	k__Bacteria; p__Proteobacteria; c__Betaproteobacteria; o__Neisseriales; f__Neisseriaceae; g__Kingella; s__potus	misclassification	5
B1-REF	6	1	sortmerna	0.51:0.9:1:0.8:1.0	1139660	k__Bacteria; p__Actinobacteria; c__Actinobacteria; o__Actinomycetales; f__Nocardioidaceae; g__Nocardioides; s__furvisabuli	k__Bacteria; p__Actinobacteria; c__Actinobacteria; o__Actinomycetales; f__Nocardioidaceae; g__Nocardioides; s__bigeumensis	overclassification	6
B1-REF	6	1	sortmerna	0.51:0.9:1:0.8:1.0	538247	k__Bacteria; p__Actinobacteria; c__Actinobacteria; o__Actinomycetales; f__Micrococcaceae; g__Rothia; s__dentocariosa	k__Bacteria; p__Actinobacteria; c__Actinobacteria; o__Actinomycetales; f__Micrococcaceae; g__Rothia; s__nasimurium	overclassification	6
B1-REF	6	1	sortmerna	0.51:0.9:1:0.8:1.0	346340	k__Bacteria; p__Firmicutes; c__Bacilli; o__Bacillales; f__Bacillaceae; g__Bacillus; s__cohnii	k__Bacteria; p__Firmicutes; c__Bacilli; o__Bacillales; f__Bacillaceae; g__Bacillus; s__halodurans	overclassification	6
B1-REF	6	1	sortmerna	0.51:0.9:1:0.8:1.0	667570	k__Bacteria; p__Proteobacteria; c__Gammaproteobacteria; o__Enterobacteriales; f__Enterobacteriaceae; g__Aquamonas; s__haywardensis	k__Bacteria; p__Proteobacteria; c__Gammaproteobacteria; o__Enterobacteriales; f__Enterobacteriaceae; g__Cronobacter; s__dublinensis	misclassification	5
B1-REF	6	1	sortmerna	0.51:0.9:1:0.8:1.0	4429261	k__Bacteria; p__Firmicutes; c__Bacilli; o__Bacillales; f__Bacillaceae; g__Bacillus; s__muralis	k__Bacteria; p__Firmicutes; c__Bacilli; o__Bacillales; f__Bacillaceae; g__Bacillus; s__horneckiae	overclassification	6
B1-REF	6	1	sortmerna	0.51:0.9:1:0.8:1.0	4466720	k__Bacteria; p__Bacteroidetes; c__Sphingobacteriia; o__Sphingobacteriales; f__Sphingobacteriaceae; g__Solitalea; s__canadensis	k__Bacteria; p__Bacteroidetes; c__Sphingobacteriia; o__Sphingobacteriales; f__Sphingobacteriaceae; g__Solitalea; s__koreensis	overclassification	6
B1-REF	6	1	sortmerna	0.51:0.9:1:0.8:1.0	844567	k__Bacteria; p__Actinobacteria; c__Actinobacteria; o__Actinomycetales; f__Sanguibacteraceae; g__Sanguibacter; s__soli	k__Bacteria; p__Actinobacteria; c__Actinobacteria; o__Actinomycetales; f__Cellulomonadaceae; g__Cellulomonas; s__xylanilytica	misclassification	4
B1-REF	6	1	sortmerna	0.51:0.9:1:0.8:1.0	205122	k__Bacteria; p__Proteobacteria; c__Alphaproteobacteria; o__Sphingomonadales; f__Erythrobacteraceae; g__Altererythrobacter; s__epoxidivorans	k__Bacteria; p__Proteobacteria; c__Alphaproteobacteria; o__Sphingomonadales; f__Erythrobacteraceae; g__Erythrobacter; s__mathurensis	misclassification	5
B1-REF	6	1	sortmerna	0.51:0.9:1:0.8:1.0	534626	k__Bacteria; p__Proteobacteria; c__Alphaproteobacteria; o__Rhodobacterales; f__Rhodobacteraceae; g__Oceanicola; s__batsensis	k__Bacteria; p__Proteobacteria; c__Alphaproteobacteria; o__Rhodobacterales; f__Rhodobacteraceae; g__Oceanicola; s__nanhaiensis	overclassification	6
B1-REF	6	1	sortmerna	0.51:0.9:1:0.8:1.0	719343	k__Bacteria; p__Cyanobacteria; c__Nostocophycideae; o__Nostocales; f__Nostocaceae; g__Nodularia; s__harveyana	k__Bacteria; p__Cyanobacteria; c__Nostocophycideae; o__Nostocales; f__Nostocaceae; g__Nodularia; s__sphaerocarpa	overclassification	6
B1-REF	6	1	sortmerna	0.51:0.9:1:0.8:1.0	16144	k__Bacteria; p__Firmicutes; c__Clostridia; o__Clostridiales; f__Clostridiaceae; g__Clostridium; s__neonatale	k__Bacteria; p__Firmicutes; c__Clostridia; o__Clostridiales; f__Clostridiaceae; g__Clostridium; s__tyrobutyricum	overclassification	6
B1-REF	6	1	sortmerna	0.51:0.9:1:0.8:1.0	1139563	k__Bacteria; p__Proteobacteria; c__Betaproteobacteria; o__Burkholderiales; f__Comamonadaceae; g__Xenophilus; s__aerolatus	k__Bacteria; p__Proteobacteria; c__Betaproteobacteria; o__Burkholderiales; f__Comamonadaceae; g__Acidovorax; s__konjaci	misclassification	5
B1-REF	6	1	sortmerna	0.51:0.9:1:0.8:1.0	305278	k__Bacteria; p__Bacteroidetes; c__Sphingobacteriia; o__Sphingobacteriales; f__Sphingobacteriaceae; g__Pedobacter; s__cryoconitis	k__Bacteria; p__Bacteroidetes; c__Sphingobacteriia; o__Sphingobacteriales; f__Sphingobacteriaceae; g__Pedobacter; s__xinjiangensis	overclassification	6
B1-REF	6	1	sortmerna	0.51:0.9:1:0.8:1.0	4437422	k__Bacteria; p__Proteobacteria; c__Betaproteobacteria; o__Neisseriales; f__Neisseriaceae; g__Kingella; s__denitrificans	k__Bacteria; p__Proteobacteria; c__Betaproteobacteria; o__Neisseriales; f__Neisseriaceae; g__Neisseria; s__animaloris	misclassification	5
B1-REF	6	1	sortmerna	0.51:0.9:1:0.8:1.0	549754	k__Bacteria; p__Actinobacteria; c__Actinobacteria; o__Actinomycetales; f__Thermomonosporaceae; g__Spirillospora; s__rubra	k__Bacteria; p__Actinobacteria; c__Actinobacteria; o__Actinomycetales; f__Thermomonosporaceae; g__Actinomadura; s__vinacea	misclassification	5
B1-REF	6	1	sortmerna	0.51:0.9:1:0.8:1.0	247070	k__Bacteria; p__Nitrospirae; c__Nitrospira; o__Nitrospirales; f__Leptospirillaceae; g__Leptospirillum; s__ferrodiazotrophum	k__Bacteria; p__Nitrospirae; c__Nitrospira; o__Nitrospirales; f__Leptospirillaceae; g__Leptospirillum; s__ferrooxidans	overclassification	6
B1-REF	6	1	sortmerna	0.51:0.9:1:0.8:1.0	4435424	k__Bacteria; p__Verrucomicrobia; c__Verrucomicrobiae; o__Verrucomicrobiales; f__Verrucomicrobiaceae; g__Haloferula; s__helveola	k__Bacteria; p__Verrucomicrobia; c__Verrucomicrobiae; o__Verrucomicrobiales; f__Verrucomicrobiaceae; g__Haloferula; s__rosea	overclassification	6
B1-REF	6	1	sortmerna	0.51:0.9:1:0.8:1.0	4318352	k__Bacteria; p__Proteobacteria; c__Betaproteobacteria; o__Neisseriales; f__Neisseriaceae; g__Neisseria; s__cinerea	k__Bacteria; p__Proteobacteria; c__Betaproteobacteria; o__Neisseriales; f__Neisseriaceae; g__Neisseria; s__subflava	overclassification	6
B1-REF	6	1	sortmerna	0.51:0.9:1:0.8:1.0	656881	k__Bacteria; p__Proteobacteria; c__Gammaproteobacteria; o__Enterobacteriales; f__Enterobacteriaceae; g__Shigella; s__sonnei	k__Bacteria; p__Proteobacteria; c__Gammaproteobacteria; o__Enterobacteriales; f__Enterobacteriaceae; g__Escherichia; s__coli	misclassification	5
B1-REF	6	1	sortmerna	0.51:0.9:1:0.8:1.0	4449321	k__Bacteria; p__Proteobacteria; c__Deltaproteobacteria; o__Desulfovibrionales; f__Desulfovibrionaceae; g__Desulfovibrio; s__vulgaris	k__Bacteria; p__Proteobacteria; c__Deltaproteobacteria; o__Desulfovibrionales; f__Desulfovibrionaceae; g__Desulfovibrio; s__psychrotolerans	overclassification	6
B1-REF	6	1	sortmerna	0.51:0.9:1:0.8:1.0	1139920	k__Bacteria; p__Proteobacteria; c__Alphaproteobacteria; o__Rhodobacterales; f__Rhodobacteraceae; g__Thioclava; s__pacifica	k__Bacteria; p__Proteobacteria; c__Alphaproteobacteria; o__Rhodobacterales; f__Rhodobacteraceae; g__Rhodovulum; s__imhoffii	misclassification	5
B1-REF	6	1	sortmerna	0.51:0.9:1:0.8:1.0	441019	k__Bacteria; p__Proteobacteria; c__Gammaproteobacteria; o__Enterobacteriales; f__Enterobacteriaceae; g__Erwinia; s__dispersa	k__Bacteria; p__Proteobacteria; c__Gammaproteobacteria; o__Enterobacteriales; f__Enterobacteriaceae; g__Pantoea; s__ananatis	misclassification	5
B1-REF	6	1	sortmerna	0.51:0.9:1:0.8:1.0	166235	k__Bacteria; p__Proteobacteria; c__Gammaproteobacteria; o__Enterobacteriales; f__Enterobacteriaceae; g__Enterobacter; s__turicensis	k__Bacteria; p__Proteobacteria; c__Gammaproteobacteria; o__Enterobacteriales; f__Enterobacteriaceae; g__Raoultella; s__terrigena	misclassification	5
B1-REF	6	1	sortmerna	0.51:0.9:1:0.8:1.0	1122031	k__Bacteria; p__Bacteroidetes; c__Sphingobacteriia; o__Sphingobacteriales; f__Sphingobacteriaceae; g__Mucilaginibacter; s__ximonensis	k__Bacteria; p__Bacteroidetes; c__Sphingobacteriia; o__Sphingobacteriales; f__Sphingobacteriaceae; g__Mucilaginibacter; s__kameinonensis	overclassification	6
B1-REF	6	1	sortmerna	0.51:0.9:1:0.8:1.0	344827	k__Bacteria; p__Bacteroidetes; c__Bacteroidia; o__Bacteroidales; f__Bacteroidaceae; g__Bacteroides; s__fragilis	k__Bacteria; p__Bacteroidetes; c__Bacteroidia; o__Bacteroidales; f__Bacteroidaceae; g__Bacteroides; s__nordii	overclassification	6
B1-REF	6	1	sortmerna	0.51:0.9:1:0.8:1.0	2286116	Unassigned	k__Bacteria; p__Proteobacteria; c__Alphaproteobacteria; o__Rickettsiales; f__mitochondria; g__Plantago; s__media	underclassification	0
B1-REF	6	1	sortmerna	0.51:0.9:1:0.8:1.0	63190	k__Bacteria; p__Firmicutes; c__Bacilli; o__Bacillales; f__Alicyclobacillaceae; g__Alicyclobacillus; s__ferripilum	k__Bacteria; p__Firmicutes; c__Bacilli; o__Bacillales; f__Alicyclobacillaceae; g__Alicyclobacillus; s__cycloheptanicus	overclassification	6
B1-REF	6	1	sortmerna	0.51:0.9:1:0.8:1.0	110766	k__Bacteria; p__Actinobacteria; c__Actinobacteria; o__Actinomycetales; f__Micromonosporaceae; g__Micromonospora; s__chalcea	k__Bacteria; p__Actinobacteria; c__Actinobacteria; o__Actinomycetales; f__Micromonosporaceae; g__Micromonospora; s__aquatica	overclassification	6
B1-REF	6	1	sortmerna	0.51:0.9:1:0.8:1.0	1126009	k__Bacteria; p__Firmicutes; c__Bacilli; o__Lactobacillales; f__Leuconostocaceae; g__Weissella; s__paramesenteroides	k__Bacteria; p__Firmicutes; c__Bacilli; o__Lactobacillales; f__Leuconostocaceae; g__Weissella; s__thailandensis	overclassification	6
B1-REF	6	1	sortmerna	0.51:0.9:1:0.8:1.0	2228274	k__Bacteria; p__Proteobacteria; c__Alphaproteobacteria; o__Rhodospirillales; f__Acetobacteraceae; g__Roseomonas; s__mucosa	k__Bacteria; p__Proteobacteria; c__Alphaproteobacteria; o__Rhodospirillales; f__Acetobacteraceae; g__Roseomonas; s__aerilata	overclassification	6
B1-REF	6	1	sortmerna	0.51:0.9:1:0.8:1.0	60017	k__Bacteria; p__Thermi; c__Deinococci; o__Deinococcales; f__Deinococcaceae; g__Deinococcus; s__aquatilis	k__Bacteria; p__Thermi; c__Deinococci; o__Deinococcales; f__Deinococcaceae; g__Deinococcus; s__geothermalis	overclassification	6
B1-REF	6	1	sortmerna	0.51:0.9:1:0.8:1.0	261369	Unassigned	k__Bacteria; p__Proteobacteria; c__Gammaproteobacteria; o__Xanthomonadales; f__Xanthomonadaceae; g__Pseudoxanthomonas; s__mexicana	underclassification	0
B1-REF	6	1	sortmerna	0.51:0.9:1:0.8:1.0	573413	k__Bacteria; p__Proteobacteria; c__Alphaproteobacteria; o__Sphingomonadales; f__Sphingomonadaceae; g__Sphingomonas; s__mali	k__Bacteria; p__Proteobacteria; c__Alphaproteobacteria; o__Sphingomonadales; f__Sphingomonadaceae; g__Sphingomonas; s__azotifigens	overclassification	6
B1-REF	6	1	sortmerna	0.51:0.9:1:0.8:1.0	804579	k__Bacteria; p__Firmicutes; c__Bacilli; o__Lactobacillales; f__Lactobacillaceae; g__Lactobacillus; s__paraplantarum	k__Bacteria; p__Firmicutes; c__Bacilli; o__Lactobacillales; f__Lactobacillaceae; g__Lactobacillus; s__plantarum	overclassification	6
B1-REF	6	1	sortmerna	0.51:0.9:1:0.8:1.0	3132417	k__Bacteria; p__Firmicutes; c__Bacilli; o__Bacillales; f__Bacillaceae; g__Salimicrobium; s__album	k__Bacteria; p__Firmicutes; c__Bacilli; o__Bacillales; f__Bacillaceae; g__Halobacillus; s__dabanensis	misclassification	5
B1-REF	6	1	sortmerna	0.51:0.9:1:0.8:1.0	7983	k__Bacteria; p__Proteobacteria; c__Gammaproteobacteria; o__Legionellales; f__Legionellaceae; g__Legionella; s__londiniensis	k__Bacteria; p__Proteobacteria; c__Gammaproteobacteria; o__Legionellales; f__Legionellaceae; g__Legionella; s__israelensis	overclassification	6
B1-REF	6	1	sortmerna	0.51:0.9:1:0.8:1.0	12133	k__Bacteria; p__Actinobacteria; c__Actinobacteria; o__Actinomycetales; f__Streptosporangiaceae; g__Acrocarpospora; s__pleiomorpha	k__Bacteria; p__Actinobacteria; c__Actinobacteria; o__Actinomycetales; f__Streptosporangiaceae; g__Acrocarpospora; s__corrugata	overclassification	6
B1-REF	6	1	sortmerna	0.51:0.9:1:0.8:1.0	4365006	k__Bacteria; p__Bacteroidetes; c__Flavobacteriia; o__Flavobacteriales; f__Flavobacteriaceae; g__Lacinutrix; s__mariniflava	k__Bacteria; p__Bacteroidetes; c__Flavobacteriia; o__Flavobacteriales; f__Flavobacteriaceae; g__Flavivirga; s__amylovorans	misclassification	5
B1-REF	6	1	sortmerna	0.51:0.9:1:0.8:1.0	4361423	k__Bacteria; p__Proteobacteria; c__Gammaproteobacteria; o__Oceanospirillales; f__Halomonadaceae; g__Halomonas; s__alkalitolerans	k__Bacteria; p__Proteobacteria; c__Gammaproteobacteria; o__Oceanospirillales; f__Halomonadaceae; g__Halomonas; s__kribbensis	overclassification	6
B1-REF	6	1	sortmerna	0.51:0.9:1:0.8:1.0	1144726	k__Bacteria; p__Firmicutes; c__Bacilli; o__Bacillales; f__Bacillaceae; g__Gracilibacillus; s__halotolerans	k__Bacteria; p__Firmicutes; c__Bacilli; o__Bacillales; f__Bacillaceae; g__Gracilibacillus; s__dipsosauri	overclassification	6
B1-REF	6	1	sortmerna	0.51:0.9:1:0.8:1.0	1122081	k__Bacteria; p__Firmicutes; c__Bacilli; o__Bacillales; f__Bacillaceae; g__Lentibacillus; s__salis	k__Bacteria; p__Firmicutes; c__Bacilli; o__Bacillales; f__Bacillaceae; g__Lentibacillus; s__lacisalsi	overclassification	6
B1-REF	6	1	sortmerna	0.51:0.9:1:0.8:1.0	88458	k__Bacteria; p__Proteobacteria; c__Alphaproteobacteria; o__Rhizobiales; f__Aurantimonadaceae; g__Aurantimonas; s__altamirensis	k__Bacteria; p__Proteobacteria; c__Alphaproteobacteria; o__Rhizobiales; f__Rhizobiaceae; g__Agrobacterium; s__vitis	misclassification	4
B1-REF	6	1	sortmerna	0.51:0.9:1:0.8:1.0	4479467	k__Bacteria; p__Proteobacteria; c__Gammaproteobacteria; o__Xanthomonadales; f__Xanthomonadaceae; g__Stenotrophomonas; s__maltophilia	k__Bacteria; p__Proteobacteria; c__Gammaproteobacteria; o__Xanthomonadales; f__Xanthomonadaceae; g__Stenotrophomonas; s__rhizophila	overclassification	6
B1-REF	6	1	sortmerna	0.51:0.9:1:0.8:1.0	4393354	k__Bacteria; p__Proteobacteria; c__Gammaproteobacteria; o__Vibrionales; f__Vibrionaceae; g__Vibrio; s__ichthyoenteri	k__Bacteria; p__Proteobacteria; c__Gammaproteobacteria; o__Vibrionales; f__Pseudoalteromonadaceae; g__Vibrio; s__harveyi	overclassification	4
B1-REF	6	1	sortmerna	0.51:0.9:1:0.8:1.0	1125235	k__Bacteria; p__Actinobacteria; c__Actinobacteria; o__Actinomycetales; f__Microbacteriaceae; g__Cryobacterium; s__psychrophilum	k__Bacteria; p__Actinobacteria; c__Actinobacteria; o__Actinomycetales; f__Microbacteriaceae; g__Pseudoclavibacter; s__soli	misclassification	5
B1-REF	6	1	sortmerna	0.51:0.9:1:0.8:1.0	7214	k__Bacteria; p__Proteobacteria; c__Betaproteobacteria; o__Burkholderiales; f__Burkholderiaceae; g__Salinispora; s__tropica	k__Bacteria; p__Proteobacteria; c__Betaproteobacteria; o__Burkholderiales; f__Burkholderiaceae; g__Burkholderia; s__tuberum	misclassification	5
B1-REF	6	1	sortmerna	0.51:0.9:1:0.8:1.0	181436	k__Bacteria; p__Actinobacteria; c__Actinobacteria; o__Actinomycetales; f__Micrococcaceae; g__Arthrobacter; s__psychrolactophilus	k__Bacteria; p__Actinobacteria; c__Actinobacteria; o__Actinomycetales; f__Micrococcaceae; g__Arthrobacter; s__polychromogenes	overclassification	6
B1-REF	6	1	sortmerna	0.51:0.9:1:0.8:1.0	173486	k__Bacteria; p__Proteobacteria; c__Gammaproteobacteria; o__Pasteurellales; f__Pasteurellaceae; g__Haemophilus; s__paracuniculus	k__Bacteria; p__Proteobacteria; c__Gammaproteobacteria; o__Pasteurellales; f__Pasteurellaceae; g__Actinobacillus; s__capsulatus	misclassification	5
B1-REF	6	1	sortmerna	0.51:0.9:1:0.8:1.0	999477	Unassigned	k__Bacteria; p__Bacteroidetes; c__Bacteroidia; o__Bacteroidales; f__Prevotellaceae; g__Prevotella; s__nanceiensis	underclassification	0
B1-REF	6	1	sortmerna	0.51:0.9:1:0.8:1.0	1145098	k__Bacteria; p__Firmicutes; c__Clostridia; o__Clostridiales; f__Lachnospiraceae; g__Blautia; s__obeum	k__Bacteria; p__Firmicutes; c__Clostridia; o__Clostridiales; f__Lachnospiraceae; g__Ruminococcus; s__gauvreauii	misclassification	5
B1-REF	6	1	sortmerna	0.51:0.9:1:0.8:1.0	1115973	k__Bacteria; p__Actinobacteria; c__Actinobacteria; o__Actinomycetales; f__Streptomycetaceae; g__Streptomyces; s__aureofaciens	k__Bacteria; p__Actinobacteria; c__Actinobacteria; o__Actinomycetales; f__Streptomycetaceae; g__Streptomyces; s__purpeofuscus	overclassification	6
B1-REF	6	1	sortmerna	0.51:0.9:1:0.8:1.0	1135231	k__Bacteria; p__Proteobacteria; c__Gammaproteobacteria; o__Enterobacteriales; f__Enterobacteriaceae; g__Xenorhabdus; s__budapestensis	k__Bacteria; p__Proteobacteria; c__Gammaproteobacteria; o__Enterobacteriales; f__Enterobacteriaceae; g__Xenorhabdus; s__kozodoii	overclassification	6
B1-REF	6	1	sortmerna	0.51:0.9:1:0.8:1.0	74685	k__Bacteria; p__Proteobacteria; c__Betaproteobacteria; o__Burkholderiales; f__Comamonadaceae; g__Limnohabitans; s__curvus	k__Bacteria; p__Proteobacteria; c__Betaproteobacteria; o__Burkholderiales; f__Comamonadaceae; g__Acidovorax; s__wohlfahrtii	misclassification	5
B1-REF	6	1	sortmerna	0.51:0.9:1:0.8:1.0	1141139	k__Bacteria; p__Firmicutes; c__Bacilli; o__Bacillales; f__Bacillaceae; g__Bacillus; s__saliphilus	k__Bacteria; p__Firmicutes; c__Bacilli; o__Bacillales; f__Bacillaceae; g__Bacillus; s__chagannorensis	overclassification	6
B1-REF	6	1	sortmerna	0.51:0.9:1:0.8:1.0	660708	k__Bacteria; p__Proteobacteria; c__Alphaproteobacteria; o__Rhodobacterales; f__Rhodobacteraceae; g__Phaeobacter; s__gallaeciensis	k__Bacteria; p__Proteobacteria; c__Alphaproteobacteria; o__Rhodobacterales; f__Rhodobacteraceae; g__Loktanella; s__salsilacus	misclassification	5
B1-REF	6	1	sortmerna	0.51:0.9:1:0.8:1.0	76821	k__Bacteria; p__Tenericutes; c__Mollicutes; o__Mycoplasmatales; f__Mycoplasmataceae; g__Mycoplasma; s__microti	k__Bacteria; p__Tenericutes; c__Mollicutes; o__Mycoplasmatales; f__Mycoplasmataceae; g__Mycoplasma; s__penetrans	overclassification	6
B1-REF	6	1	sortmerna	0.51:0.9:1:0.8:1.0	99430	k__Bacteria; p__Cyanobacteria; c__Oscillatoriophycideae; o__Oscillatoriales; f__Phormidiaceae; g__Arthrospira; s__platensis	k__Bacteria; p__Cyanobacteria; c__Oscillatoriophycideae; o__Oscillatoriales; f__Phormidiaceae; g__Oscillatoria; s__spongeliae	misclassification	5
B1-REF	6	1	sortmerna	0.51:0.9:1:0.8:1.0	237287	k__Bacteria; p__Bacteroidetes; c__Flavobacteriia; o__Flavobacteriales; f__Flavobacteriaceae; g__Flexibacter; s__echinicida	k__Bacteria; p__Bacteroidetes; c__Flavobacteriia; o__Flavobacteriales; f__Flavobacteriaceae; g__Tenacibaculum; s__marinus	misclassification	5
B1-REF	6	1	sortmerna	0.51:0.9:1:0.8:1.0	1129828	k__Bacteria; p__Proteobacteria; c__Alphaproteobacteria; o__Rhodobacterales; f__Rhodobacteraceae; g__Octadecabacter; s__antarcticus	k__Bacteria; p__Proteobacteria; c__Alphaproteobacteria; o__Rhodobacterales; f__Rhodobacteraceae; g__Thalassobius; s__gelatinovorus	misclassification	5
B1-REF	6	1	sortmerna	0.51:0.9:1:0.8:1.0	3866890	k__Bacteria; p__Proteobacteria; c__Gammaproteobacteria; o__Enterobacteriales; f__Enterobacteriaceae; g__Profftia; s__tarda	k__Bacteria; p__Proteobacteria; c__Gammaproteobacteria; o__Enterobacteriales; f__Enterobacteriaceae; g__Profftia; s__virida	overclassification	6
B1-REF	6	1	sortmerna	0.51:0.9:1:0.8:1.0	26799	k__Bacteria; p__Cyanobacteria; c__Chloroplast; o__Chlorophyta; f__Ulvophyceae; g__Codium; s__arabicum	k__Bacteria; p__Cyanobacteria; c__Chloroplast; o__Chlorophyta; f__Ulvophyceae; g__Codium; s__fragile	overclassification	6
B1-REF	6	1	sortmerna	0.51:0.9:1:0.8:1.0	67615	Unassigned	k__Bacteria; p__Tenericutes; c__Mollicutes; o__Mycoplasmatales; f__Mycoplasmataceae; g__Mycoplasma; s__zalophi	underclassification	0
B1-REF	6	1	sortmerna	0.51:0.9:1:0.8:1.0	829038	k__Bacteria; p__Actinobacteria; c__Actinobacteria; o__Actinomycetales; f__Nocardiaceae; g__Rhodococcus; s__ruber	k__Bacteria; p__Actinobacteria; c__Actinobacteria; o__Actinomycetales; f__Nocardiaceae; g__Rhodococcus; s__fascians	overclassification	6
B1-REF	6	1	sortmerna	0.51:0.9:1:0.8:1.0	268040	k__Bacteria; p__Actinobacteria; c__Actinobacteria; o__Actinomycetales; f__Streptomycetaceae; g__Streptomyces; s__flavotricini	k__Bacteria; p__Actinobacteria; c__Actinobacteria; o__Actinomycetales; f__Streptomycetaceae; g__Streptomyces; s__lanatus	overclassification	6
B1-REF	6	1	sortmerna	0.51:0.9:1:0.8:1.0	4378213	k__Bacteria; p__Proteobacteria; c__Deltaproteobacteria; o__Desulfovibrionales; f__Desulfohalobiaceae; g__Desulfothermus; s__okinawensis	k__Bacteria; p__Proteobacteria; c__Deltaproteobacteria; o__Desulfovibrionales; f__Desulfohalobiaceae; g__Desulfothermus; s__naphthae	overclassification	6
B1-REF	6	1	sortmerna	0.51:0.9:1:0.8:1.0	1137136	k__Bacteria; p__Proteobacteria; c__Gammaproteobacteria; o__Alteromonadales; f__Alteromonadaceae; g__Microbulbifer; s__chitinilyticus	k__Bacteria; p__Proteobacteria; c__Gammaproteobacteria; o__Alteromonadales; f__Alteromonadaceae; g__Microbulbifer; s__halotolerans	overclassification	6
B1-REF	6	1	sortmerna	0.51:0.9:1:0.8:1.0	3953781	Unassigned	k__Bacteria; p__Cyanobacteria; c__Chloroplast; o__Chlorophyta; f__Chlamydomonadaceae; g__Chlamydomonas; s__moewusii	underclassification	0
B1-REF	6	1	sortmerna	0.51:0.9:1:0.8:1.0	154130	k__Bacteria; p__Proteobacteria; c__Alphaproteobacteria; o__Rhodobacterales; f__Rhodobacteraceae; g__Maribius; s__salinus	k__Bacteria; p__Proteobacteria; c__Alphaproteobacteria; o__Rhodobacterales; f__Rhodobacteraceae; g__Oceanicola; s__granulosus	misclassification	5
B1-REF	6	1	sortmerna	0.51:0.9:1:0.8:1.0	10829	k__Bacteria; p__Proteobacteria; c__Deltaproteobacteria; o__Desulfobacterales; f__Desulfobulbaceae; g__Desulfobulbus; s__mediterraneus	k__Bacteria; p__Proteobacteria; c__Deltaproteobacteria; o__Desulfobacterales; f__Desulfobulbaceae; g__Desulfobulbus; s__rhabdoformis	overclassification	6
B1-REF	6	1	sortmerna	0.51:0.9:1:0.8:1.0	4426296	k__Bacteria; p__Proteobacteria; c__Alphaproteobacteria; o__Rhizobiales; f__Hyphomicrobiaceae; g__Roseibium; s__denhamense	k__Bacteria; p__Proteobacteria; c__Alphaproteobacteria; o__Rhizobiales; f__Hyphomicrobiaceae; g__Roseibium; s__hamelinense	overclassification	6
B1-REF	6	1	sortmerna	0.51:0.9:1:0.8:1.0	9475	k__Bacteria; p__Proteobacteria; c__Gammaproteobacteria; o__Pasteurellales; f__Pasteurellaceae; g__Actinobacillus; s__delphinicola	k__Bacteria; p__Proteobacteria; c__Gammaproteobacteria; o__Pasteurellales; f__Pasteurellaceae; g__Actinobacillus; s__scotiae	overclassification	6
B1-REF	6	1	sortmerna	0.51:0.9:1:0.8:1.0	372473	k__Bacteria; p__Proteobacteria; c__Gammaproteobacteria; o__Enterobacteriales; f__Enterobacteriaceae; g__Erwinia; s__dispersa	k__Bacteria; p__Proteobacteria; c__Gammaproteobacteria; o__Enterobacteriales; f__Enterobacteriaceae; g__Erwinia; s__soli	overclassification	6
B1-REF	6	1	sortmerna	0.51:0.9:1:0.8:1.0	532398	Unassigned	k__Bacteria; p__Firmicutes; c__Bacilli; o__Bacillales; f__Staphylococcaceae; g__Macrococcus; s__caseolyticus	underclassification	0
B1-REF	6	1	sortmerna	0.51:0.9:1:0.8:1.0	1136763	k__Bacteria; p__Proteobacteria; c__Gammaproteobacteria; o__Alteromonadales; f__Colwelliaceae; g__Colwellia; s__piezophila	k__Bacteria; p__Proteobacteria; c__Gammaproteobacteria; o__Alteromonadales; f__Colwelliaceae; g__Colwellia; s__hornerae	overclassification	6
B1-REF	6	1	sortmerna	0.51:0.9:1:0.8:1.0	1106734	k__Archaea; p__Euryarchaeota; c__Halobacteria; o__Halobacteriales; f__Halobacteriaceae; g__Halobiforma; s__lacisalsi	k__Archaea; p__Euryarchaeota; c__Halobacteria; o__Halobacteriales; f__Halobacteriaceae; g__Halobacteriales; s__YIM 93588	misclassification	5
B1-REF	6	1	sortmerna	0.51:0.9:1:0.8:1.0	259026	k__Bacteria; p__Bacteroidetes; c__Saprospirae; o__Saprospirales; f__Saprospiraceae; g__Lewinella; s__cohaerens	k__Bacteria; p__Bacteroidetes; c__Saprospirae; o__Saprospirales; f__Saprospiraceae; g__Lewinella; s__persicus	overclassification	6
B1-REF	6	1	sortmerna	0.51:0.9:1:0.8:1.0	257496	k__Bacteria; p__Proteobacteria; c__Deltaproteobacteria; o__Desulfobacterales; f__Desulfobacteraceae; g__Algidimarina; s__propionica	k__Bacteria; p__Proteobacteria; c__Deltaproteobacteria; o__Desulfobacterales; f__Desulfobacteraceae; g__Desulfococcus; s__oleovorans	misclassification	5
B1-REF	6	1	sortmerna	0.51:0.9:1:0.8:1.0	104045	k__Bacteria; p__Aquificae; c__Aquificae; o__Aquificales; f__Desulfurobacteriaceae; g__Thermovibrio; s__guaymasensis	k__Bacteria; p__Aquificae; c__Aquificae; o__Aquificales; f__Desulfurobacteriaceae; g__Thermovibrio; s__ruber	overclassification	6
B1-REF	6	1	sortmerna	0.51:0.9:1:0.8:1.0	63955	Unassigned	k__Bacteria; p__Proteobacteria; c__Betaproteobacteria; o__Tremblayales; f__Tremblayaceae; g__Tremblaya; s__princeps	underclassification	0
B1-REF	6	1	sortmerna	0.51:0.9:1:0.8:1.0	544846	k__Bacteria; p__Cyanobacteria; c__Chloroplast; o__Chlorophyta; f__Ulvophyceae; g__Avrainvillea; s__lacerata	k__Bacteria; p__Cyanobacteria; c__Chloroplast; o__Chlorophyta; f__Ulvophyceae; g__Avrainvillea; s__nigricans	overclassification	6
B1-REF	6	1	sortmerna	0.51:0.9:1:0.8:1.0	1143960	k__Bacteria; p__Spirochaetes; c__Spirochaetes; o__Spirochaetales; f__Spirochaetaceae; g__Spirochaeta; s__africana	k__Bacteria; p__Spirochaetes; c__Spirochaetes; o__Spirochaetales; f__Spirochaetaceae; g__Spirochaeta; s__dissipatitropha	overclassification	6
B1-REF	6	1	sortmerna	0.51:0.9:1:0.8:1.0	580117	Unassigned	k__Bacteria; p__Tenericutes; c__Mollicutes; o__Mycoplasmatales; f__Mycoplasmataceae; g__Mycoplasma; s__hyorhinis	underclassification	0
B1-REF	6	1	sortmerna	0.51:0.9:1:0.8:1.0	328708	k__Bacteria; p__Proteobacteria; c__Gammaproteobacteria; o__Pseudomonadales; f__Moraxellaceae; g__Acinetobacter; s__rhizosphaerae	k__Bacteria; p__Proteobacteria; c__Gammaproteobacteria; o__Pseudomonadales; f__Moraxellaceae; g__Acinetobacter; s__johnsonii	overclassification	6
B1-REF	6	1	sortmerna	0.51:0.9:1:0.8:1.0	99387	k__Bacteria; p__Firmicutes; c__Bacilli; o__Bacillales; f__Paenibacillaceae; g__Paenibacillus; s__amylolyticus	k__Bacteria; p__Firmicutes; c__Bacilli; o__Bacillales; f__Paenibacillaceae; g__Paenibacillus; s__lautus	overclassification	6
B1-REF	6	1	sortmerna	0.51:0.9:1:0.8:1.0	423025	k__Bacteria; p__Proteobacteria; c__Gammaproteobacteria; o__Aeromonadales; f__Aeromonadaceae; g__Aeromonas; s__popoffii	k__Bacteria; p__Proteobacteria; c__Gammaproteobacteria; o__Aeromonadales; f__Aeromonadaceae; g__Aeromonas; s__caviae	overclassification	6
B1-REF	6	1	sortmerna	0.51:0.9:1:0.8:1.0	1137409	k__Bacteria; p__Tenericutes; c__Mollicutes; o__Acholeplasmatales; f__Acholeplasmataceae; g__Acholeplasma; s__morum	k__Bacteria; p__Tenericutes; c__Mollicutes; o__Acholeplasmatales; f__Acholeplasmataceae; g__Acholeplasma; s__brassicae	overclassification	6
B1-REF	6	1	sortmerna	0.51:0.9:1:0.8:1.0	1105450	k__Bacteria; p__Actinobacteria; c__Actinobacteria; o__Actinomycetales; f__Nocardioidaceae; g__Nocardioides; s__furvisabuli	k__Bacteria; p__Actinobacteria; c__Actinobacteria; o__Actinomycetales; f__Nocardioidaceae; g__Nocardioides; s__plantarum	overclassification	6
B1-REF	6	1	sortmerna	0.51:0.9:1:0.8:1.0	605409	k__Bacteria; p__Proteobacteria; c__Betaproteobacteria; o__Burkholderiales; f__Comamonadaceae; g__Acidovorax; s__defluvii	k__Bacteria; p__Proteobacteria; c__Betaproteobacteria; o__Burkholderiales; f__Comamonadaceae; g__Acidovorax; s__facilis	overclassification	6
B1-REF	6	1	sortmerna	0.51:0.9:1:0.8:1.0	419765	k__Bacteria; p__Firmicutes; c__Bacilli; o__Bacillales; f__Bacillaceae; g__Bacillus; s__foraminis	k__Bacteria; p__Firmicutes; c__Bacilli; o__Bacillales; f__Bacillaceae; g__Bacillus; s__asahii	overclassification	6
B1-REF	6	1	sortmerna	0.51:0.9:1:0.8:1.0	3908648	k__Bacteria; p__Proteobacteria; c__Gammaproteobacteria; o__Enterobacteriales; f__Enterobacteriaceae; g__Enterobacter; s__turicensis	k__Bacteria; p__Proteobacteria; c__Gammaproteobacteria; o__Enterobacteriales; f__Enterobacteriaceae; g__Enterobacter; s__ludwigii	overclassification	6
B1-REF	6	1	sortmerna	0.51:0.9:1:0.8:1.0	276567	k__Bacteria; p__Firmicutes; c__Bacilli; o__Bacillales; f__Staphylococcaceae; g__Staphylococcus; s__succinus	k__Bacteria; p__Firmicutes; c__Bacilli; o__Bacillales; f__Staphylococcaceae; g__Staphylococcus; s__equorum	overclassification	6
B1-REF	6	1	sortmerna	0.51:0.9:1:0.8:1.0	354484	k__Bacteria; p__Firmicutes; c__Bacilli; o__Bacillales; f__Paenibacillaceae; g__Paenibacillus; s__amylolyticus	k__Bacteria; p__Firmicutes; c__Bacilli; o__Bacillales; f__Paenibacillaceae; g__Paenibacillus; s__illinoisensis	overclassification	6
B1-REF	6	1	sortmerna	0.51:0.9:1:0.8:1.0	142011	k__Bacteria; p__Actinobacteria; c__Actinobacteria; o__Actinomycetales; f__Microbacteriaceae; g__Microbacterium; s__chocolatum	k__Bacteria; p__Actinobacteria; c__Actinobacteria; o__Actinomycetales; f__Microbacteriaceae; g__Microbacterium; s__maritypicum	overclassification	6
B1-REF	6	1	sortmerna	0.51:0.9:1:0.8:1.0	2325277	k__Bacteria; p__Proteobacteria; c__Alphaproteobacteria; o__Rickettsiales; f__mitochondria; g__Acanthamoeba; s__castellanii	k__Bacteria; p__Proteobacteria; c__Alphaproteobacteria; o__Rickettsiales; f__mitochondria; g__Acanthamoeba; s__polyphaga	overclassification	6
B1-REF	6	1	sortmerna	0.51:0.9:1:0.8:1.0	542410	k__Bacteria; p__Firmicutes; c__Bacilli; o__Bacillales; f__Bacillaceae; g__Virgibacillus; s__siamensis	k__Bacteria; p__Firmicutes; c__Bacilli; o__Bacillales; f__Bacillaceae; g__Virgibacillus; s__picturae	overclassification	6
B1-REF	6	1	sortmerna	0.51:0.9:1:0.8:1.0	637253	k__Bacteria; p__Actinobacteria; c__Actinobacteria; o__Actinomycetales; f__Micrococcaceae; g__Arthrobacter; s__psychrolactophilus	k__Bacteria; p__Actinobacteria; c__Actinobacteria; o__Actinomycetales; f__Micrococcaceae; g__Arthrobacter; s__tumbae	overclassification	6
B1-REF	6	1	sortmerna	0.51:0.9:1:0.8:1.0	4429983	k__Archaea; p__Euryarchaeota; c__Halobacteria; o__Halobacteriales; f__Halobacteriaceae; g__Haloterrigena; s__thermotolerans	k__Archaea; p__Euryarchaeota; c__Halobacteria; o__Halobacteriales; f__Halobacteriaceae; g__Halobacteriaceae; s__tarim 51	misclassification	5
B1-REF	6	1	sortmerna	0.51:0.9:1:0.8:1.0	1142767	Unassigned	k__Bacteria; p__Bacteroidetes; c__Cytophagia; o__Cytophagales; f__Cytophagaceae; g__Flexibacter; s__elegans	underclassification	0
B1-REF	6	1	sortmerna	0.51:0.9:1:0.8:1.0	1133367	k__Bacteria; p__Firmicutes; c__Bacilli; o__Bacillales; f__Bacillaceae; g__Oceanobacillus; s__caeni	k__Bacteria; p__Firmicutes; c__Bacilli; o__Bacillales; f__Bacillaceae; g__Virgibacillus; s__halophilus	misclassification	5
B1-REF	6	1	sortmerna	0.51:0.9:1:0.8:1.0	4347599	k__Bacteria; p__Proteobacteria; c__Gammaproteobacteria; o__Vibrionales; f__Vibrionaceae; g__Vibrio; s__ichthyoenteri	k__Bacteria; p__Proteobacteria; c__Gammaproteobacteria; o__Vibrionales; f__Vibrionaceae; g__Vibrio; s__metschnikovii	overclassification	6
B1-REF	6	1	sortmerna	0.51:0.9:1:0.8:1.0	851811	k__Bacteria; p__Firmicutes; c__Bacilli; o__Lactobacillales; f__Carnobacteriaceae; g__Isobaculum; s__melis	k__Bacteria; p__Firmicutes; c__Bacilli; o__Bacillales; f__Listeriaceae; g__Listeria; s__grayi	misclassification	3
B1-REF	6	1	sortmerna	0.51:0.9:1:0.8:1.0	317124	k__Bacteria; p__Proteobacteria; c__Gammaproteobacteria; o__Oceanospirillales; f__Halomonadaceae; g__Halomonas; s__lutea	k__Bacteria; p__Proteobacteria; c__Gammaproteobacteria; o__Oceanospirillales; f__Halomonadaceae; g__Halomonas; s__xinjiangensis	overclassification	6
B1-REF	6	1	sortmerna	0.51:0.9:1:0.8:1.0	316438	k__Bacteria; p__Firmicutes; c__Bacilli; o__Lactobacillales; f__Lactobacillaceae; g__Lactobacillus; s__acidipiscis	k__Bacteria; p__Firmicutes; c__Bacilli; o__Lactobacillales; f__Lactobacillaceae; g__Lactobacillus; s__agilis	overclassification	6
B1-REF	6	1	sortmerna	0.51:0.9:1:0.8:1.0	203166	k__Bacteria; p__Tenericutes; c__Mollicutes; o__Acholeplasmatales; f__Acholeplasmataceae; g__Candidatus Phytoplasma; s__solani	k__Bacteria; p__Tenericutes; c__Mollicutes; o__Acholeplasmatales; f__Acholeplasmataceae; g__Candidatus Phytoplasma; s__australiense	overclassification	6
B1-REF	6	1	sortmerna	0.51:0.9:1:0.8:1.0	4461879	k__Bacteria; p__Proteobacteria; c__Gammaproteobacteria; o__Xanthomonadales; f__Xanthomonadaceae; g__Xanthomonas; s__axonopodis	k__Bacteria; p__Proteobacteria; c__Gammaproteobacteria; o__Xanthomonadales; f__Xanthomonadaceae; g__Xanthomonas; s__oryzae	overclassification	6
B1-REF	6	1	sortmerna	0.51:0.9:1:0.8:1.0	4297838	k__Bacteria; p__Actinobacteria; c__Actinobacteria; o__Actinomycetales; f__Micrococcaceae; g__Rothia; s__dentocariosa	k__Bacteria; p__Actinobacteria; c__Actinobacteria; o__Actinomycetales; f__Micrococcaceae; g__Rothia; s__aeria	overclassification	6
B1-REF	6	1	sortmerna	0.51:0.9:1:0.8:1.0	1141660	k__Bacteria; p__Proteobacteria; c__Betaproteobacteria; o__Nitrosomonadales; f__Nitrosomonadaceae; g__Nitrosovibrio; s__tenuis	k__Bacteria; p__Proteobacteria; c__Betaproteobacteria; o__Neisseriales; f__Neisseriaceae; g__Aquaspirillum; s__serpens	misclassification	3
B1-REF	6	1	sortmerna	0.51:0.9:1:0.8:1.0	893979	k__Bacteria; p__Proteobacteria; c__Gammaproteobacteria; o__Pasteurellales; f__Pasteurellaceae; g__Haemophilus; s__parainfluenzae	k__Bacteria; p__Proteobacteria; c__Gammaproteobacteria; o__Pasteurellales; f__Pasteurellaceae; g__Actinobacillus; s__parahaemolyticus	misclassification	5
B1-REF	6	1	sortmerna	0.51:0.9:1:0.8:1.0	4419428	k__Bacteria; p__Planctomycetes; c__Planctomycetia; o__Pirellulales; f__Pirellulaceae; g__Rhodopirellula; s__baltica	k__Bacteria; p__Planctomycetes; c__Planctomycetia; o__Pirellulales; f__Pirellulaceae; g__planctomycete; s__DDSW3008	misclassification	5
B1-REF	6	1	sortmerna	0.51:0.9:1:0.8:1.0	4475684	k__Bacteria; p__Proteobacteria; c__Gammaproteobacteria; o__Pasteurellales; f__Pasteurellaceae; g__Haemophilus; s__influenzae	k__Bacteria; p__Proteobacteria; c__Gammaproteobacteria; o__Pasteurellales; f__Pasteurellaceae; g__Pasteurella; s__bettyae	misclassification	5
B1-REF	6	1	sortmerna	0.51:0.9:1:0.8:1.0	933356	k__Bacteria; p__Proteobacteria; c__Alphaproteobacteria; o__Rhizobiales; f__Brucellaceae; g__Ochrobactrum; s__pseudintermedium	k__Bacteria; p__Proteobacteria; c__Alphaproteobacteria; o__Rhizobiales; f__Brucellaceae; g__Ochrobactrum; s__intermedium	overclassification	6
B1-REF	6	1	sortmerna	0.51:0.9:1:0.8:1.0	43283	k__Archaea; p__Euryarchaeota; c__Halobacteria; o__Halobacteriales; f__Halobacteriaceae; g__Halostagnicola; s__larsenii	k__Archaea; p__Euryarchaeota; c__Halobacteria; o__Halobacteriales; f__Halobacteriaceae; g__haloarchaeon; s__98NT4	misclassification	5
B1-REF	6	1	sortmerna	0.51:0.9:1:0.8:1.0	690594	k__Bacteria; p__Firmicutes; c__Clostridia; o__Thermoanaerobacterales; f__Thermoanaerobacteraceae; g__Caldanaerobacter; s__subterraneus	k__Bacteria; p__Firmicutes; c__Clostridia; o__Thermoanaerobacterales; f__Thermoanaerobacteraceae; g__Thermoanaerobacter; s__uzonensis	misclassification	5
B1-REF	6	1	sortmerna	0.51:0.9:1:0.8:1.0	181039	k__Bacteria; p__Cyanobacteria; c__Oscillatoriophycideae; o__Chroococcales; f__Xenococcaceae; g__Gloeocapsopsis; s__crepidinum	k__Bacteria; p__Cyanobacteria; c__Oscillatoriophycideae; o__Oscillatoriales; f__Phormidiaceae; g__Phormidium; s__murrayii	misclassification	3
B1-REF	6	1	sortmerna	0.51:0.9:1:0.8:1.0	3015662	k__Bacteria; p__Proteobacteria; c__Gammaproteobacteria; o__Enterobacteriales; f__Enterobacteriaceae; g__Enterobacter; s__turicensis	k__Bacteria; p__Proteobacteria; c__Gammaproteobacteria; o__Enterobacteriales; f__Enterobacteriaceae; g__Enterobacter; s__cancerogenus	overclassification	6
B1-REF	6	1	sortmerna	0.51:0.9:1:0.8:1.0	4632	k__Bacteria; p__Proteobacteria; c__Alphaproteobacteria; o__Rhizobiales; f__Hyphomicrobiaceae; g__Rhodobium; s__orientis	k__Bacteria; p__Proteobacteria; c__Alphaproteobacteria; o__Rhizobiales; f__Hyphomicrobiaceae; g__Hyphomicrobium; s__zavarzinii	misclassification	5
B1-REF	6	1	sortmerna	0.51:0.9:1:0.8:1.0	1598513	k__Bacteria; p__Proteobacteria; c__Alphaproteobacteria; o__Rhodobacterales; f__Rhodobacteraceae; g__Sulfitobacter; s__marinus	k__Bacteria; p__Proteobacteria; c__Alphaproteobacteria; o__Rhodobacterales; f__Rhodobacteraceae; g__Sulfitobacter; s__mediterraneus	overclassification	6
B1-REF	6	1	sortmerna	0.51:0.9:1:0.8:1.0	978530	k__Archaea; p__Euryarchaeota; c__Halobacteria; o__Halobacteriales; f__Halobacteriaceae; g__Halobacteriaceae; s__GX3	k__Archaea; p__Euryarchaeota; c__Halobacteria; o__Halobacteriales; f__Halobacteriaceae; g__Halobacteriaceae; s__EB21	overclassification	6
B1-REF	6	1	sortmerna	0.51:0.9:1:0.8:1.0	4328035	k__Bacteria; p__Proteobacteria; c__Gammaproteobacteria; o__Vibrionales; f__Vibrionaceae; g__Listonella; s__anguillarum	k__Bacteria; p__Proteobacteria; c__Gammaproteobacteria; o__Vibrionales; f__Vibrionaceae; g__Vibrio; s__atlanticus	misclassification	5
B1-REF	6	1	sortmerna	0.51:0.9:1:0.8:1.0	4459671	Unassigned	k__Bacteria; p__Spirochaetes; c__Spirochaetes; o__Spirochaetales; f__Spirochaetaceae; g__Treponema; s__socranskii	underclassification	0
B1-REF	6	1	sortmerna	0.51:0.9:1:0.8:1.0	4165504	k__Bacteria; p__Proteobacteria; c__Alphaproteobacteria; o__Rhodobacterales; f__Rhodobacteraceae; g__Ruegeria; s__scottomollicae	k__Bacteria; p__Proteobacteria; c__Alphaproteobacteria; o__Rhodobacterales; f__Rhodobacteraceae; g__Sulfitobacter; s__pontiacus	misclassification	5
B1-REF	6	1	sortmerna	0.51:0.9:1:0.8:1.0	16234	k__Bacteria; p__Firmicutes; c__Clostridia; o__Clostridiales; f__Clostridiaceae; g__Clostridium; s__butyricum	k__Bacteria; p__Firmicutes; c__Clostridia; o__Clostridiales; f__Clostridiaceae; g__Clostridium; s__sardiniense	overclassification	6
B1-REF	6	1	sortmerna	0.51:0.9:1:0.8:1.0	4360483	Unassigned	k__Bacteria; p__Proteobacteria; c__Alphaproteobacteria; o__Rickettsiales; f__mitochondria; g__Pelargonium; s__capitatum	underclassification	0
B1-REF	6	1	sortmerna	0.51:0.9:1:0.8:1.0	139137	k__Bacteria; p__Firmicutes; c__Bacilli; o__Bacillales; f__Bacillaceae; g__Bacillus; s__cereus	k__Bacteria; p__Firmicutes; c__Bacilli; o__Bacillales; f__Bacillaceae; g__Bacillus; s__alkalitolerans	overclassification	6
B1-REF	6	1	sortmerna	0.51:0.9:1:0.8:1.0	714797	k__Bacteria; p__Proteobacteria; c__Alphaproteobacteria; o__Rhodospirillales; f__Acetobacteraceae; g__Gluconacetobacter; s__rhaeticus	k__Bacteria; p__Proteobacteria; c__Alphaproteobacteria; o__Rhodospirillales; f__Acetobacteraceae; g__Gluconacetobacter; s__xylinus	overclassification	6
B1-REF	6	1	sortmerna	0.51:0.9:1:0.8:1.0	4479774	k__Bacteria; p__Proteobacteria; c__Alphaproteobacteria; o__Rickettsiales; f__mitochondria; g__Acanthamoeba; s__healyi	k__Bacteria; p__Proteobacteria; c__Alphaproteobacteria; o__Rickettsiales; f__mitochondria; g__Acanthamoeba; s__culbertsoni	overclassification	6
B1-REF	6	1	sortmerna	0.51:0.9:1:0.8:1.0	4438844	k__Bacteria; p__Tenericutes; c__Mollicutes; o__Entomoplasmatales; f__Entomoplasmataceae; g__Mycoplasma; s__leachii	k__Bacteria; p__Tenericutes; c__Mollicutes; o__Entomoplasmatales; f__Entomoplasmataceae; g__Mesoplasma; s__lactucae	misclassification	5
B1-REF	6	1	sortmerna	0.51:0.9:1:0.8:1.0	10672	k__Bacteria; p__Proteobacteria; c__Deltaproteobacteria; o__Desulfuromonadales; f__Pelobacteraceae; g__Desulfuromonas; s__michiganensis	k__Bacteria; p__Proteobacteria; c__Deltaproteobacteria; o__Desulfuromonadales; f__Pelobacteraceae; g__Desulfuromonas; s__chloroethenica	overclassification	6
B1-REF	6	1	sortmerna	0.51:0.9:1:0.8:1.0	8105	k__Bacteria; p__Proteobacteria; c__Gammaproteobacteria; o__Methylococcales; f__Methylococcaceae; g__Methylobacter; s__bovis	k__Bacteria; p__Proteobacteria; c__Gammaproteobacteria; o__Methylococcales; f__Methylococcaceae; g__Methylobacter; s__capsulatus	overclassification	6
B1-REF	6	1	sortmerna	0.51:0.9:1:0.8:1.0	5652	k__Bacteria; p__Proteobacteria; c__Alphaproteobacteria; o__Rhodobacterales; f__Rhodobacteraceae; g__Phaeobacter; s__gallaeciensis	k__Bacteria; p__Proteobacteria; c__Alphaproteobacteria; o__Rhodobacterales; f__Rhodobacteraceae; g__Roseobacter; s__denitrificans	misclassification	5
B1-REF	6	1	sortmerna	0.51:0.9:1:0.8:1.0	4462654	k__Bacteria; p__Firmicutes; c__Clostridia; o__Clostridiales; f__Clostridiaceae; g__Clostridium; s__purinilyticum	k__Bacteria; p__Firmicutes; c__Clostridia; o__Clostridiales; f__Clostridiaceae; g__Clostridium; s__acidurici	overclassification	6
B1-REF	6	1	sortmerna	0.51:0.9:1:0.8:1.0	383023	k__Bacteria; p__Proteobacteria; c__Alphaproteobacteria; o__Rhizobiales; f__Rhizobiaceae; g__Blastobacter; s__capsulatus	k__Bacteria; p__Proteobacteria; c__Alphaproteobacteria; o__Rhizobiales; f__Brucellaceae; g__Ochrobactrum; s__grignonense	misclassification	4
B1-REF	6	1	sortmerna	0.51:0.9:1:0.8:1.0	4381303	k__Bacteria; p__Firmicutes; c__Clostridia; o__Clostridiales; f__Lachnospiraceae; g__Ruminococcus; s__gnavus	k__Bacteria; p__Firmicutes; c__Clostridia; o__Clostridiales; f__Lachnospiraceae; g__Clostridium; s__citroniae	misclassification	5
B1-REF	6	1	sortmerna	0.51:0.9:1:0.8:1.0	553284	Unassigned	k__Archaea; p__Euryarchaeota; c__Archaeoglobi; o__Archaeoglobales; f__Archaeoglobaceae; g__Archaeoglobus; s__fulgidus	underclassification	0
B1-REF	6	1	sortmerna	0.51:0.9:1:0.8:1.0	4482227	k__Bacteria; p__Firmicutes; c__Bacilli; o__Lactobacillales; f__Leuconostocaceae; g__Leuconostoc; s__fallax	k__Bacteria; p__Firmicutes; c__Bacilli; o__Lactobacillales; f__Leuconostocaceae; g__Leuconostoc; s__mesenteroides	overclassification	6
B1-REF	6	1	sortmerna	0.51:0.9:1:0.8:1.0	4352747	k__Bacteria; p__Bacteroidetes; c__Bacteroidia; o__Bacteroidales; f__Bacteroidaceae; g__Bacteroides; s__fragilis	k__Bacteria; p__Bacteroidetes; c__Bacteroidia; o__Bacteroidales; f__Bacteroidaceae; g__Bacteroides; s__ovatus	overclassification	6
B1-REF	6	1	sortmerna	0.51:0.9:1:0.8:1.0	7999	k__Bacteria; p__Proteobacteria; c__Gammaproteobacteria; o__Legionellales; f__Legionellaceae; g__Legionella; s__fairfieldensis	k__Bacteria; p__Proteobacteria; c__Gammaproteobacteria; o__Legionellales; f__Legionellaceae; g__Legionella; s__feeleii	overclassification	6
B1-REF	6	1	sortmerna	0.51:0.9:1:0.8:1.0	1138056	k__Bacteria; p__Proteobacteria; c__Alphaproteobacteria; o__Rhodobacterales; f__Rhodobacteraceae; g__Paracoccus; s__aminovorans	k__Bacteria; p__Proteobacteria; c__Alphaproteobacteria; o__Rhodobacterales; f__Rhodobacteraceae; g__Paracoccus; s__marcusii	overclassification	6
B1-REF	6	1	sortmerna	0.51:0.9:1:0.8:1.0	1107385	k__Bacteria; p__Firmicutes; c__Bacilli; o__Lactobacillales; f__Lactobacillaceae; g__Lactobacillus; s__paraplantarum	k__Bacteria; p__Firmicutes; c__Bacilli; o__Lactobacillales; f__Lactobacillaceae; g__Lactobacillus; s__paralimentarius	overclassification	6
B1-REF	6	1	sortmerna	0.51:0.9:1:0.8:1.0	4410896	k__Bacteria; p__Proteobacteria; c__Alphaproteobacteria; o__Rhizobiales; f__Rhizobiaceae; g__Ensifer; s__adhaerens	k__Bacteria; p__Proteobacteria; c__Alphaproteobacteria; o__Rhizobiales; f__Rhizobiaceae; g__Rhizobium; s__leguminosarum	misclassification	5
B1-REF	6	1	sortmerna	0.51:0.9:1:0.8:1.0	685832	k__Bacteria; p__Firmicutes; c__Clostridia; o__Clostridiales; f__Veillonellaceae; g__Selenomonas; s__ruminantium	k__Bacteria; p__Firmicutes; c__Clostridia; o__Clostridiales; f__Veillonellaceae; g__Selenomonas; s__noxia	overclassification	6
B1-REF	6	1	sortmerna	0.51:0.9:1:0.8:1.0	48874	k__Bacteria; p__Actinobacteria; c__Actinobacteria; o__Actinomycetales; f__Micrococcaceae; g__Citricoccus; s__alkalitolerans	k__Bacteria; p__Actinobacteria; c__Actinobacteria; o__Actinomycetales; f__Micrococcaceae; g__Micrococcus; s__lylae	misclassification	5
B1-REF	6	1	sortmerna	0.51:0.9:1:0.8:1.0	201666	k__Bacteria; p__Proteobacteria; c__Deltaproteobacteria; o__Desulfovibrionales; f__Desulfovibrionaceae; g__Desulfovibrio; s__aminophilus	k__Bacteria; p__Proteobacteria; c__Deltaproteobacteria; o__Desulfovibrionales; f__Desulfovibrionaceae; g__Desulfovibrio; s__capillatus	overclassification	6
B1-REF	6	1	sortmerna	0.51:0.9:1:0.8:1.0	662645	k__Bacteria; p__Actinobacteria; c__Actinobacteria; o__Actinomycetales; f__Streptosporangiaceae; g__Herbidospora; s__cretacea	k__Bacteria; p__Actinobacteria; c__Actinobacteria; o__Actinomycetales; f__Streptosporangiaceae; g__Microbispora; s__mesophila	misclassification	5
B1-REF	6	1	sortmerna	0.51:0.9:1:0.8:1.0	4183921	k__Bacteria; p__Chloroflexi; c__Anaerolineae; o__Anaerolineales; f__Anaerolinaceae; g__Anaerolinea; s__thermolimosa	k__Bacteria; p__Chloroflexi; c__Anaerolineae; o__Anaerolineales; f__Anaerolinaceae; g__Anaerolinea; s__thermophila	overclassification	6
B1-REF	6	1	sortmerna	0.51:0.9:1:0.8:1.0	1125228	k__Bacteria; p__Firmicutes; c__Bacilli; o__Bacillales; f__Bacillaceae; g__Salsuginibacillus; s__halophilus	k__Bacteria; p__Firmicutes; c__Bacilli; o__Bacillales; f__Bacillaceae; g__Salsuginibacillus; s__kocurii	overclassification	6
B1-REF	6	1	sortmerna	0.51:0.9:1:0.8:1.0	1797336	k__Bacteria; p__Actinobacteria; c__Actinobacteria; o__Actinomycetales; f__Streptomycetaceae; g__Streptomyces; s__flavotricini	k__Bacteria; p__Actinobacteria; c__Actinobacteria; o__Actinomycetales; f__Streptomycetaceae; g__Streptomyces; s__vinaceus	overclassification	6
B1-REF	6	1	sortmerna	0.51:0.9:1:0.8:1.0	541894	k__Bacteria; p__Proteobacteria; c__Gammaproteobacteria; o__Alteromonadales; f__Alteromonadaceae; g__Marinobacter; s__zhejiangensis	k__Bacteria; p__Proteobacteria; c__Gammaproteobacteria; o__Alteromonadales; f__Alteromonadaceae; g__Marinobacter; s__bryozoorum	overclassification	6
B1-REF	6	1	sortmerna	0.51:0.9:1:0.8:1.0	589792	k__Bacteria; p__Proteobacteria; c__Gammaproteobacteria; o__Pseudomonadales; f__Moraxellaceae; g__Psychrobacter; s__pacificensis	k__Bacteria; p__Proteobacteria; c__Gammaproteobacteria; o__Pseudomonadales; f__Moraxellaceae; g__Psychrobacter; s__celer	overclassification	6
B1-REF	6	1	sortmerna	0.51:0.9:1:0.8:1.0	4344960	k__Bacteria; p__Proteobacteria; c__Gammaproteobacteria; o__Enterobacteriales; f__Enterobacteriaceae; g__Xenorhabdus; s__beddingii	k__Bacteria; p__Proteobacteria; c__Gammaproteobacteria; o__Enterobacteriales; f__Enterobacteriaceae; g__Xenorhabdus; s__nematophila	overclassification	6
B1-REF	6	1	sortmerna	0.51:0.9:1:0.8:1.0	10486	k__Bacteria; p__Proteobacteria; c__Deltaproteobacteria; o__Desulfovibrionales; f__Desulfovibrionaceae; g__Desulfovibrio; s__litoralis	k__Bacteria; p__Proteobacteria; c__Deltaproteobacteria; o__Desulfovibrionales; f__Desulfovibrionaceae; g__Desulfovibrio; s__cuneatus	overclassification	6
B1-REF	6	1	sortmerna	0.51:0.9:1:0.8:1.0	4402516	k__Bacteria; p__Proteobacteria; c__Alphaproteobacteria; o__Rhodobacterales; f__Rhodobacteraceae; g__Anaerospora; s__hongkongensis	k__Bacteria; p__Proteobacteria; c__Alphaproteobacteria; o__Rhodobacterales; f__Rhodobacteraceae; g__Phaeobacter; s__caeruleus	misclassification	5
B1-REF	6	1	sortmerna	0.51:0.9:1:0.8:1.0	308095	k__Bacteria; p__Firmicutes; c__Bacilli; o__Bacillales; f__Bacillaceae; g__Bacillus; s__muralis	k__Bacteria; p__Firmicutes; c__Bacilli; o__Bacillales; f__Bacillaceae; g__Bacillus; s__coahuilensis	overclassification	6
B1-REF	6	1	sortmerna	0.51:0.9:1:0.8:1.0	555445	k__Bacteria; p__Firmicutes; c__Clostridia; o__Clostridiales; f__Lachnospiraceae; g__Lachnospira; s__pectinoschiza	k__Bacteria; p__Firmicutes; c__Clostridia; o__Clostridiales; f__Lachnospiraceae; g__Clostridium; s__fimetarium	misclassification	5
B1-REF	6	1	sortmerna	0.51:0.9:1:0.8:1.0	4311177	k__Bacteria; p__Firmicutes; c__Bacilli; o__Bacillales; f__Bacillaceae; g__Bacillus; s__cereus	k__Bacteria; p__Firmicutes; c__Bacilli; o__Bacillales; f__Bacillaceae; g__Bacillus; s__weihenstephanensis	overclassification	6
B1-REF	6	1	sortmerna	0.51:0.9:1:0.8:1.0	513773	k__Bacteria; p__Actinobacteria; c__Actinobacteria; o__Actinomycetales; f__Mycobacteriaceae; g__Mycobacterium; s__celatum	k__Bacteria; p__Actinobacteria; c__Actinobacteria; o__Actinomycetales; f__Mycobacteriaceae; g__Mycobacterium; s__gordonae	overclassification	6
B1-REF	6	1	sortmerna	0.51:0.9:1:0.8:1.0	168194	k__Bacteria; p__Firmicutes; c__Bacilli; o__Bacillales; f__Bacillaceae; g__Virgibacillus; s__pantothenticus	k__Bacteria; p__Firmicutes; c__Bacilli; o__Bacillales; f__Bacillaceae; g__Virgibacillus; s__marismortui	overclassification	6
B1-REF	6	1	sortmerna	0.51:0.9:1:0.8:1.0	4467983	k__Bacteria; p__Firmicutes; c__Clostridia; o__Halanaerobiales; f__Halanaerobiaceae; g__Halanaerobium; s__hydrogeniformans	k__Bacteria; p__Firmicutes; c__Clostridia; o__Halanaerobiales; f__Halanaerobiaceae; g__Halanaerobium; s__salsuginis	overclassification	6
B1-REF	6	1	sortmerna	0.51:0.9:1:0.8:1.0	196265	k__Bacteria; p__Actinobacteria; c__Actinobacteria; o__Actinomycetales; f__Micrococcaceae; g__Arthrobacter; s__psychrolactophilus	k__Bacteria; p__Actinobacteria; c__Actinobacteria; o__Actinomycetales; f__Micrococcaceae; g__Arthrobacter; s__sulfureus	overclassification	6
B1-REF	6	1	sortmerna	0.51:0.9:1:0.8:1.0	338355	k__Bacteria; p__Firmicutes; c__Clostridia; o__Clostridiales; f__Lachnospiraceae; g__Blautia; s__obeum	k__Bacteria; p__Firmicutes; c__Clostridia; o__Clostridiales; f__Lachnospiraceae; g__Blautia; s__producta	overclassification	6
B1-REF	6	1	sortmerna	0.51:0.9:1:0.8:1.0	430191	k__Bacteria; p__Proteobacteria; c__Epsilonproteobacteria; o__Campylobacterales; f__Campylobacteraceae; g__Campylobacter; s__ureolyticus	k__Bacteria; p__Proteobacteria; c__Epsilonproteobacteria; o__Campylobacterales; f__Campylobacteraceae; g__Campylobacter; s__rectus	overclassification	6
B1-REF	6	1	sortmerna	0.51:0.9:1:0.8:1.0	1142756	k__Bacteria; p__Actinobacteria; c__Actinobacteria; o__Actinomycetales; f__Nocardioidaceae; g__Nocardioides; s__furvisabuli	k__Bacteria; p__Actinobacteria; c__Actinobacteria; o__Actinomycetales; f__Nocardioidaceae; g__Nocardioides; s__daphniae	overclassification	6
B1-REF	6	1	sortmerna	0.51:0.9:1:0.8:1.0	804	k__Archaea; p__Euryarchaeota; c__Thermococci; o__Thermococcales; f__Thermococcaceae; g__Thermococcus; s__fumicolans	k__Archaea; p__Euryarchaeota; c__Thermococci; o__Thermococcales; f__Thermococcaceae; g__Thermococcus; s__litoralis	overclassification	6
B1-REF	6	1	sortmerna	0.51:0.9:1:0.8:1.0	230360	k__Bacteria; p__Proteobacteria; c__Gammaproteobacteria; o__Vibrionales; f__Vibrionaceae; g__Vibrio; s__halioticoli	k__Bacteria; p__Proteobacteria; c__Gammaproteobacteria; o__Vibrionales; f__Vibrionaceae; g__Vibrio; s__aestuarianus	overclassification	6
B1-REF	6	1	sortmerna	0.51:0.9:1:0.8:1.0	663545	k__Bacteria; p__Cyanobacteria; c__Nostocophycideae; o__Nostocales; f__Nostocaceae; g__Anabaena; s__fertilissima	k__Bacteria; p__Cyanobacteria; c__Nostocophycideae; o__Nostocales; f__Nostocaceae; g__Nostoc; s__spongiaeforme AKM13	misclassification	5
B1-REF	6	1	sortmerna	0.51:0.9:1:0.8:1.0	4379449	k__Bacteria; p__Firmicutes; c__Erysipelotrichi; o__Erysipelotrichales; f__Erysipelotrichaceae; g__Coprobacillus; s__cateniformis	k__Bacteria; p__Firmicutes; c__Erysipelotrichi; o__Erysipelotrichales; f__Erysipelotrichaceae; g__Clostridium; s__saccharogumia	misclassification	5
B1-REF	6	1	sortmerna	0.51:0.9:1:0.8:1.0	14348	k__Bacteria; p__Firmicutes; c__Bacilli; o__Bacillales; f__Alicyclobacillaceae; g__Alicyclobacillus; s__ferrooxydans	k__Bacteria; p__Firmicutes; c__Bacilli; o__Bacillales; f__Alicyclobacillaceae; g__Alicyclobacillus; s__tolerans	overclassification	6
B1-REF	6	1	sortmerna	0.51:0.9:1:0.8:1.0	326714	k__Bacteria; p__Proteobacteria; c__Alphaproteobacteria; o__Rhodospirillales; f__Rhodospirillaceae; g__Azospirillum; s__irakense	k__Bacteria; p__Proteobacteria; c__Alphaproteobacteria; o__Rhodospirillales; f__Rhodospirillaceae; g__Rhodospirillum; s__centenum	misclassification	5
B1-REF	6	1	sortmerna	0.51:0.9:1:0.8:1.0	4435279	k__Bacteria; p__Bacteroidetes; c__Flavobacteriia; o__Flavobacteriales; f__Flavobacteriaceae; g__Nonlabens; s__tegetincola	k__Bacteria; p__Bacteroidetes; c__Flavobacteriia; o__Flavobacteriales; f__Flavobacteriaceae; g__Nonlabens; s__sediminis	overclassification	6
B1-REF	6	1	sortmerna	0.51:0.9:1:0.8:1.0	158859	k__Bacteria; p__Actinobacteria; c__Actinobacteria; o__Actinomycetales; f__Actinosynnemataceae; g__Amycolatopsis; s__fastidiosa	k__Bacteria; p__Actinobacteria; c__Actinobacteria; o__Actinomycetales; f__Pseudonocardiaceae; g__Amycolatopsis; s__lactamdurans	overclassification	4
B1-REF	6	1	sortmerna	0.51:0.9:1:0.8:1.0	410549	k__Bacteria; p__Firmicutes; c__Bacilli; o__Bacillales; f__Paenibacillaceae; g__Paenibacillus; s__ginsengihumi	k__Bacteria; p__Firmicutes; c__Bacilli; o__Bacillales; f__Paenibacillaceae; g__Paenibacillus; s__pueri	overclassification	6
B1-REF	6	1	sortmerna	0.51:0.9:1:0.8:1.0	51778	k__Bacteria; p__Planctomycetes; c__Planctomycetia; o__Gemmatales; f__Isosphaeraceae; g__Nostocoida; s__limicola	k__Bacteria; p__Planctomycetes; c__Planctomycetia; o__Gemmatales; f__Isosphaeraceae; g__Nostocoida; s__limicola III	overclassification	6
B1-REF	6	1	sortmerna	0.51:0.9:1:0.8:1.0	2342005	k__Bacteria; p__Proteobacteria; c__Gammaproteobacteria; o__Enterobacteriales; f__Enterobacteriaceae; g__Xenorhabdus; s__beddingii	k__Bacteria; p__Proteobacteria; c__Gammaproteobacteria; o__Enterobacteriales; f__Enterobacteriaceae; g__Xenorhabdus; s__indica	overclassification	6
B1-REF	6	1	sortmerna	0.51:0.9:1:0.8:1.0	550712	k__Bacteria; p__Actinobacteria; c__Actinobacteria; o__Actinomycetales; f__Mycobacteriaceae; g__Mycobacterium; s__vaccae	k__Bacteria; p__Actinobacteria; c__Actinobacteria; o__Actinomycetales; f__Mycobacteriaceae; g__Mycobacterium; s__llatzerense	overclassification	6
B1-REF	6	1	sortmerna	0.51:0.9:1:0.8:1.0	4390479	k__Bacteria; p__Firmicutes; c__Clostridia; o__Clostridiales; f__Clostridiaceae; g__Clostridium; s__butyricum	k__Bacteria; p__Firmicutes; c__Clostridia; o__Clostridiales; f__Clostridiaceae; g__Clostridium; s__ljungdahlii	overclassification	6
B1-REF	6	1	sortmerna	0.51:0.9:1:0.8:1.0	4378410	k__Bacteria; p__Bacteroidetes; c__Flavobacteriia; o__Flavobacteriales; f__Flavobacteriaceae; g__Aquimarina; s__intermedia	k__Bacteria; p__Bacteroidetes; c__Flavobacteriia; o__Flavobacteriales; f__Flavobacteriaceae; g__Aquimarina; s__brevivitae	overclassification	6
B1-REF	6	1	sortmerna	0.51:0.9:1:0.8:1.0	2749362	k__Bacteria; p__Firmicutes; c__Bacilli; o__Lactobacillales; f__Aerococcaceae; g__Lacticigenium; s__naphtae	k__Bacteria; p__Firmicutes; c__Bacilli; o__Lactobacillales; f__Enterococcaceae; g__Enterococcus; s__sulfureus	misclassification	4
B1-REF	6	1	sortmerna	0.51:0.9:1:0.8:1.0	14583	k__Bacteria; p__Firmicutes; c__Bacilli; o__Bacillales; f__Bacillaceae; g__Bacillus; s__foraminis	k__Bacteria; p__Firmicutes; c__Bacilli; o__Bacillales; f__Bacillaceae; g__Bacillus; s__ginsengihumi	overclassification	6
B1-REF	6	1	sortmerna	0.51:0.9:1:0.8:1.0	14302	k__Bacteria; p__Firmicutes; c__Clostridia; o__Halanaerobiales; f__Halobacteroidaceae; g__Orenia; s__sivashensis	k__Bacteria; p__Firmicutes; c__Clostridia; o__Halanaerobiales; f__Halobacteroidaceae; g__Orenia; s__marismortui	overclassification	6
B1-REF	6	1	sortmerna	0.51:0.9:1:0.8:1.0	4384427	Unassigned	k__Bacteria; p__Firmicutes; c__Bacilli; o__Bacillales; f__Paenibacillaceae; g__Brevibacillus; s__reuszeri	underclassification	0
B1-REF	6	1	sortmerna	0.51:0.9:1:0.8:1.0	323164	k__Bacteria; p__Proteobacteria; c__Alphaproteobacteria; o__Rhizobiales; f__Phyllobacteriaceae; g__Aquamicrobium; s__aerolatum	k__Bacteria; p__Proteobacteria; c__Alphaproteobacteria; o__Rhizobiales; f__Phyllobacteriaceae; g__Mesorhizobium; s__ciceri	misclassification	5
B1-REF	6	1	sortmerna	0.51:0.9:1:0.8:1.0	4331760	Unassigned	k__Bacteria; p__Bacteroidetes; c__Bacteroidia; o__Bacteroidales; f__Rikenellaceae; g__Alistipes; s__indistinctus	underclassification	0
B1-REF	6	1	sortmerna	0.51:0.9:1:0.8:1.0	9498	k__Bacteria; p__Proteobacteria; c__Gammaproteobacteria; o__Pasteurellales; f__Pasteurellaceae; g__Aggregatibacter; s__segnis	k__Bacteria; p__Proteobacteria; c__Gammaproteobacteria; o__Pasteurellales; f__Pasteurellaceae; g__Pasteurella; s__aerogenes	misclassification	5
B1-REF	6	1	sortmerna	0.51:0.9:1:0.8:1.0	570500	k__Bacteria; p__Actinobacteria; c__Actinobacteria; o__Actinomycetales; f__Nocardiopsaceae; g__Nocardiopsis; s__tropica	k__Bacteria; p__Actinobacteria; c__Actinobacteria; o__Actinomycetales; f__Nocardiopsaceae; g__Nocardiopsis; s__trehalosi	overclassification	6
B1-REF	6	1	sortmerna	0.51:0.9:1:0.8:1.0	197265	k__Bacteria; p__Proteobacteria; c__Gammaproteobacteria; o__Alteromonadales; f__Shewanellaceae; g__Shewanella; s__benthica	k__Bacteria; p__Proteobacteria; c__Gammaproteobacteria; o__Alteromonadales; f__Shewanellaceae; g__Shewanella; s__amazonensis	overclassification	6
B1-REF	6	1	sortmerna	0.51:0.9:1:0.8:1.0	569939	k__Bacteria; p__Proteobacteria; c__Gammaproteobacteria; o__Xanthomonadales; f__Xanthomonadaceae; g__Thermomonas; s__fusca	k__Bacteria; p__Proteobacteria; c__Gammaproteobacteria; o__Xanthomonadales; f__Xanthomonadaceae; g__Stenotrophomonas; s__acidaminiphila	misclassification	5
B1-REF	6	1	sortmerna	0.51:0.9:1:0.8:1.0	2938850	k__Bacteria; p__Proteobacteria; c__Alphaproteobacteria; o__Rickettsiales; f__mitochondria; g__Pyropia; s__haitanensis	k__Bacteria; p__Proteobacteria; c__Alphaproteobacteria; o__Rickettsiales; f__mitochondria; g__Pyropia; s__yezoensis	overclassification	6
B1-REF	6	1	sortmerna	0.51:0.9:1:0.8:1.0	551931	k__Bacteria; p__Proteobacteria; c__Gammaproteobacteria; o__Enterobacteriales; f__Enterobacteriaceae; g__Xenorhabdus; s__beddingii	k__Bacteria; p__Proteobacteria; c__Gammaproteobacteria; o__Enterobacteriales; f__Enterobacteriaceae; g__Xenorhabdus; s__japonica	overclassification	6
B1-REF	6	1	sortmerna	0.51:0.9:1:0.8:1.0	99373	k__Bacteria; p__Firmicutes; c__Bacilli; o__Bacillales; f__Paenibacillaceae; g__Paenibacillus; s__amylolyticus	k__Bacteria; p__Firmicutes; c__Bacilli; o__Bacillales; f__Paenibacillaceae; g__Paenibacillus; s__lentimorbus	overclassification	6
B1-REF	6	1	sortmerna	0.51:0.9:1:0.8:1.0	469663	k__Bacteria; p__Actinobacteria; c__Coriobacteriia; o__Coriobacteriales; f__Coriobacteriaceae; g__Atopobium; s__rimae	k__Bacteria; p__Actinobacteria; c__Coriobacteriia; o__Coriobacteriales; f__Coriobacteriaceae; g__Atopobium; s__vaginae	overclassification	6
B1-REF	6	1	sortmerna	0.51:0.9:1:0.8:1.0	912997	k__Bacteria; p__Actinobacteria; c__Actinobacteria; o__Actinomycetales; f__Corynebacteriaceae; g__Corynebacterium; s__stationis	k__Bacteria; p__Actinobacteria; c__Actinobacteria; o__Actinomycetales; f__Corynebacteriaceae; g__Corynebacterium; s__simulans	overclassification	6
B1-REF	6	1	sortmerna	0.51:0.9:1:0.8:1.0	15025	k__Bacteria; p__Firmicutes; c__Bacilli; o__Bacillales; f__Planococcaceae; g__Planococcus; s__maritimus	k__Bacteria; p__Firmicutes; c__Bacilli; o__Bacillales; f__Planococcaceae; g__Planococcus; s__maitriensis	overclassification	6
B1-REF	6	1	sortmerna	0.51:0.9:1:0.8:1.0	4403441	k__Bacteria; p__Proteobacteria; c__Alphaproteobacteria; o__Rhodospirillales; f__Rhodospirillaceae; g__Constrictibacter; s__antarcticus	k__Bacteria; p__Proteobacteria; c__Alphaproteobacteria; o__Rhodospirillales; f__Rhodospirillaceae; g__Azospirillum; s__amazonense	misclassification	5
B1-REF	6	1	sortmerna	0.51:0.9:1:0.8:1.0	113265	k__Bacteria; p__Actinobacteria; c__Actinobacteria; o__Actinomycetales; f__Corynebacteriaceae; g__Corynebacterium; s__stationis	k__Bacteria; p__Actinobacteria; c__Actinobacteria; o__Actinomycetales; f__Corynebacteriaceae; g__Corynebacterium; s__variabile	overclassification	6
B1-REF	6	1	sortmerna	0.51:0.9:1:0.8:1.0	31319	k__Bacteria; p__Firmicutes; c__Clostridia; o__Clostridiales; f__Clostridiaceae; g__Clostridium; s__bowmanii	k__Bacteria; p__Firmicutes; c__Clostridia; o__Clostridiales; f__Clostridiaceae; g__Clostridium; s__subterminale	overclassification	6
B1-REF	6	1	sortmerna	0.51:0.9:1:0.8:1.0	2084902	Unassigned	k__Bacteria; p__Nitrospirae; c__Nitrospira; o__Nitrospirales; f__Nitrospiraceae; g__Nitrospira; s__marina	underclassification	0
B1-REF	6	1	sortmerna	0.51:0.9:1:0.8:1.0	189244	k__Bacteria; p__Proteobacteria; c__Alphaproteobacteria; o__Rhizobiales; f__Phyllobacteriaceae; g__Endowatersipora; s__rubus	k__Bacteria; p__Proteobacteria; c__Alphaproteobacteria; o__Rhizobiales; f__Phyllobacteriaceae; g__Endowatersipora; s__palomitas	overclassification	6
B1-REF	6	1	sortmerna	0.51:0.9:1:0.8:1.0	837640	k__Bacteria; p__Firmicutes; c__Clostridia; o__Clostridiales; f__Peptostreptococcaceae; g__Clostridium; s__difficile	k__Bacteria; p__Firmicutes; c__Clostridia; o__Clostridiales; f__Peptostreptococcaceae; g__Clostridium; s__venationis	overclassification	6
B1-REF	6	1	sortmerna	0.51:0.9:1:0.8:1.0	4454715	k__Bacteria; p__Bacteroidetes; c__Cytophagia; o__Cytophagales; f__Cyclobacteriaceae; g__Echinicola; s__shivajiensis	k__Bacteria; p__Bacteroidetes; c__Cytophagia; o__Cytophagales; f__Cyclobacteriaceae; g__Echinicola; s__vietnamensis	overclassification	6
B1-REF	6	1	sortmerna	0.51:0.9:1:0.8:1.0	184263	k__Bacteria; p__Tenericutes; c__Mollicutes; o__Mycoplasmatales; f__Mycoplasmataceae; g__Mycoplasma; s__haemobos	k__Bacteria; p__Tenericutes; c__Mollicutes; o__Mycoplasmatales; f__Mycoplasmataceae; g__Mycoplasma; s__turicensis	overclassification	6
B1-REF	6	1	sortmerna	0.51:0.9:1:0.8:1.0	107976	k__Bacteria; p__Cyanobacteria; c__Nostocophycideae; o__Nostocales; f__Nostocaceae; g__Anabaena; s__cylindrica	k__Bacteria; p__Cyanobacteria; c__Nostocophycideae; o__Nostocales; f__Nostocaceae; g__Anabaena; s__oscillarioides	overclassification	6
B1-REF	6	1	sortmerna	0.51:0.9:1:0.8:1.0	4028751	k__Bacteria; p__Proteobacteria; c__Alphaproteobacteria; o__Rickettsiales; f__mitochondria; g__Porphyra; s__umbilicalis	k__Bacteria; p__Proteobacteria; c__Alphaproteobacteria; o__Rickettsiales; f__mitochondria; g__Porphyra; s__purpurea	overclassification	6
B1-REF	6	1	sortmerna	0.51:0.9:1:0.8:1.0	4362465	Unassigned	k__Bacteria; p__Spirochaetes; c__Spirochaetes; o__Spirochaetales; f__Spirochaetaceae; g__Spirochaeta; s__halophila	underclassification	0
B1-REF	6	1	sortmerna	0.51:0.9:1:0.8:1.0	871137	k__Bacteria; p__Proteobacteria; c__Gammaproteobacteria; o__Enterobacteriales; f__Enterobacteriaceae; g__Aquamonas; s__haywardensis	k__Bacteria; p__Proteobacteria; c__Gammaproteobacteria; o__Enterobacteriales; f__Enterobacteriaceae; g__Serratia; s__marcescens	misclassification	5
B1-REF	6	1	sortmerna	0.51:0.9:1:0.8:1.0	684018	k__Bacteria; p__Proteobacteria; c__Gammaproteobacteria; o__Vibrionales; f__Pseudoalteromonadaceae; g__Pseudoalteromonas; s__porphyrae	k__Bacteria; p__Proteobacteria; c__Gammaproteobacteria; o__Alteromonadales; f__Shewanellaceae; g__Shewanella; s__algae	misclassification	3
B1-REF	6	1	sortmerna	0.51:0.9:1:0.8:1.0	4412629	k__Bacteria; p__Cyanobacteria; c__Synechococcophycideae; o__Pseudanabaenales; f__Pseudanabaenaceae; g__Haloleptolyngbya; s__alcalis	k__Bacteria; p__Cyanobacteria; c__Synechococcophycideae; o__Pseudanabaenales; f__Pseudanabaenaceae; g__Halomicronema; s__hongdechloris	misclassification	5
B1-REF	6	1	sortmerna	0.51:0.9:1:0.8:1.0	102149	k__Bacteria; p__Proteobacteria; c__Gammaproteobacteria; o__Oceanospirillales; f__Halomonadaceae; g__Halomonas; s__lutea	k__Bacteria; p__Proteobacteria; c__Gammaproteobacteria; o__Oceanospirillales; f__Halomonadaceae; g__Halomonas; s__anticariensis	overclassification	6
B1-REF	6	1	sortmerna	0.51:0.9:1:0.8:1.0	1117631	k__Bacteria; p__Actinobacteria; c__Actinobacteria; o__Actinomycetales; f__Streptosporangiaceae; g__Planomonospora; s__venezuelensis	k__Bacteria; p__Actinobacteria; c__Actinobacteria; o__Actinomycetales; f__Streptosporangiaceae; g__Nonomuraea; s__soli	misclassification	5
B1-REF	6	1	sortmerna	0.51:0.9:1:0.8:1.0	131526	k__Archaea; p__Euryarchaeota; c__Halobacteria; o__Halobacteriales; f__Halobacteriaceae; g__Halopiger; s__xanaduensis	k__Archaea; p__Euryarchaeota; c__Halobacteria; o__Halobacteriales; f__Halobacteriaceae; g__Halobacteriaceae; s__309	misclassification	5
B1-REF	6	1	sortmerna	0.51:0.9:1:0.8:1.0	553146	k__Bacteria; p__Proteobacteria; c__Gammaproteobacteria; o__Oceanospirillales; f__Alcanivoracaceae; g__Alcanivorax; s__dieselolei	k__Bacteria; p__Proteobacteria; c__Gammaproteobacteria; o__Oceanospirillales; f__Alcanivoracaceae; g__Alcanivorax; s__venustensis	overclassification	6
B1-REF	6	1	sortmerna	0.51:0.9:1:0.8:1.0	828524	k__Bacteria; p__Proteobacteria; c__Gammaproteobacteria; o__Enterobacteriales; f__Enterobacteriaceae; g__Aquamonas; s__haywardensis	k__Bacteria; p__Proteobacteria; c__Gammaproteobacteria; o__Enterobacteriales; f__Enterobacteriaceae; g__Serratia; s__rubidaea	misclassification	5
B1-REF	6	1	sortmerna	0.51:0.9:1:0.8:1.0	564045	k__Bacteria; p__Proteobacteria; c__Gammaproteobacteria; o__Thiotrichales; f__Piscirickettsiaceae; g__Thiomicrospira; s__chilensis	k__Bacteria; p__Proteobacteria; c__Gammaproteobacteria; o__Thiotrichales; f__Piscirickettsiaceae; g__Thiomicrospira; s__frisia	overclassification	6
B1-REF	6	1	sortmerna	0.51:0.9:1:0.8:1.0	471412	k__Bacteria; p__Proteobacteria; c__Gammaproteobacteria; o__Pasteurellales; f__Pasteurellaceae; g__Actinobacillus; s__indolicus	k__Bacteria; p__Proteobacteria; c__Gammaproteobacteria; o__Pasteurellales; f__Pasteurellaceae; g__Haemophilus; s__parasuis	misclassification	5
B1-REF	6	1	sortmerna	0.51:0.9:1:0.8:1.0	4339173	k__Bacteria; p__Actinobacteria; c__Actinobacteria; o__Actinomycetales; f__Nocardioidaceae; g__Nocardioides; s__furvisabuli	k__Bacteria; p__Actinobacteria; c__Actinobacteria; o__Actinomycetales; f__Nocardioidaceae; g__Nocardioides; s__lentus	overclassification	6
B1-REF	6	1	sortmerna	0.51:0.9:1:0.8:1.0	554499	k__Bacteria; p__Cyanobacteria; c__Nostocophycideae; o__Nostocales; f__Scytonemataceae; g__Brasilonema; s__bromeliae	k__Bacteria; p__Cyanobacteria; c__Nostocophycideae; o__Nostocales; f__Scytonemataceae; g__Brasilonema; s__roberti-lammi	overclassification	6
B1-REF	6	1	sortmerna	0.51:0.9:1:0.8:1.0	1135947	k__Bacteria; p__Proteobacteria; c__Alphaproteobacteria; o__Rhodobacterales; f__Rhodobacteraceae; g__Thalassococcus; s__halodurans	k__Bacteria; p__Proteobacteria; c__Alphaproteobacteria; o__Rhodobacterales; f__Rhodobacteraceae; g__Rhodobacter; s__veldkampii	misclassification	5
B1-REF	6	1	sortmerna	0.51:0.9:1:0.8:1.0	4374322	k__Bacteria; p__Proteobacteria; c__Gammaproteobacteria; o__Pseudomonadales; f__Moraxellaceae; g__Acinetobacter; s__lwoffii	k__Bacteria; p__Proteobacteria; c__Gammaproteobacteria; o__Pseudomonadales; f__Moraxellaceae; g__Acinetobacter; s__venetianus	overclassification	6
B1-REF	6	1	sortmerna	0.51:0.9:1:0.8:1.0	779391	k__Archaea; p__Euryarchaeota; c__Halobacteria; o__Halobacteriales; f__Halobacteriaceae; g__Halobacteriaceae; s__YC92	k__Archaea; p__Euryarchaeota; c__Halobacteria; o__Halobacteriales; f__Halobacteriaceae; g__Halobacteriaceae; s__GX48	overclassification	6
B1-REF	6	1	sortmerna	0.51:0.9:1:0.8:1.0	3055791	k__Bacteria; p__Proteobacteria; c__Gammaproteobacteria; o__Xanthomonadales; f__Xanthomonadaceae; g__Xanthomonas; s__axonopodis	k__Bacteria; p__Proteobacteria; c__Gammaproteobacteria; o__Xanthomonadales; f__Xanthomonadaceae; g__Stenotrophomonas; s__panacihumi	misclassification	5
B1-REF	6	1	sortmerna	0.51:0.9:1:0.8:1.0	522595	k__Bacteria; p__Bacteroidetes; c__Bacteroidia; o__Bacteroidales; f__Bacteroidaceae; g__Bacteroides; s__barnesiae	k__Bacteria; p__Bacteroidetes; c__Bacteroidia; o__Bacteroidales; f__Bacteroidaceae; g__Bacteroides; s__coprophilus	overclassification	6
B1-REF	6	1	sortmerna	0.51:0.9:1:0.8:1.0	4364469	k__Bacteria; p__Proteobacteria; c__Gammaproteobacteria; o__Enterobacteriales; f__Enterobacteriaceae; g__Erwinia; s__chrysanthemi	k__Bacteria; p__Proteobacteria; c__Gammaproteobacteria; o__Enterobacteriales; f__Enterobacteriaceae; g__Brenneria; s__alni	misclassification	5
B1-REF	6	1	sortmerna	0.51:0.9:1:0.8:1.0	781232	k__Bacteria; p__Proteobacteria; c__Alphaproteobacteria; o__Rhodobacterales; f__Rhodobacteraceae; g__Octadecabacter; s__antarcticus	k__Bacteria; p__Proteobacteria; c__Alphaproteobacteria; o__Rhodobacterales; f__Rhodobacteraceae; g__Thalassobacter; s__stenotrophicus	misclassification	5
B1-REF	6	1	sortmerna	0.51:0.9:1:0.8:1.0	547396	k__Bacteria; p__Proteobacteria; c__Gammaproteobacteria; o__Pasteurellales; f__Pasteurellaceae; g__Phocoenobacter; s__uteri	k__Bacteria; p__Proteobacteria; c__Gammaproteobacteria; o__Pasteurellales; f__Pasteurellaceae; g__Pasteurella; s__skyensis	misclassification	5
B1-REF	6	1	sortmerna	0.51:0.9:1:0.8:1.0	4358883	k__Archaea; p__Euryarchaeota; c__Halobacteria; o__Halobacteriales; f__Halobacteriaceae; g__Halobacteriaceae; s__XD46	k__Archaea; p__Euryarchaeota; c__Halobacteria; o__Halobacteriales; f__Halobacteriaceae; g__Halobacteriaceae; s__XDS2	overclassification	6
B1-REF	6	1	sortmerna	0.51:0.9:1:0.8:1.0	4380413	k__Bacteria; p__Proteobacteria; c__Gammaproteobacteria; o__Alteromonadales; f__Colwelliaceae; g__Thalassomonas; s__viridans	k__Bacteria; p__Proteobacteria; c__Gammaproteobacteria; o__Alteromonadales; f__Colwelliaceae; g__Thalassomonas; s__haliotis	overclassification	6
B1-REF	6	1	sortmerna	0.51:0.9:1:0.8:1.0	550440	k__Bacteria; p__Proteobacteria; c__Gammaproteobacteria; o__Methylococcales; f__Methylococcaceae; g__Methylobacter; s__luteus	k__Bacteria; p__Proteobacteria; c__Gammaproteobacteria; o__Methylococcales; f__Methylococcaceae; g__Methylosarcina; s__quisquiliarum	misclassification	5
B1-REF	6	1	sortmerna	0.51:0.9:1:0.8:1.0	7978	k__Bacteria; p__Proteobacteria; c__Gammaproteobacteria; o__Legionellales; f__Legionellaceae; g__Legionella; s__nautarum	k__Bacteria; p__Proteobacteria; c__Gammaproteobacteria; o__Legionellales; f__Legionellaceae; g__Legionella; s__adelaidensis	overclassification	6
B1-REF	6	1	sortmerna	0.51:0.9:1:0.8:1.0	623190	k__Bacteria; p__Bacteroidetes; c__Cytophagia; o__Cytophagales; f__Cyclobacteriaceae; g__Algoriphagus; s__ornithinivorans	k__Bacteria; p__Bacteroidetes; c__Cytophagia; o__Cytophagales; f__Cyclobacteriaceae; g__Algoriphagus; s__marincola	overclassification	6
B1-REF	6	1	sortmerna	0.51:0.9:1:0.8:1.0	559527	k__Bacteria; p__Actinobacteria; c__Actinobacteria; o__Bifidobacteriales; f__Bifidobacteriaceae; g__Bifidobacterium; s__adolescentis	k__Bacteria; p__Actinobacteria; c__Actinobacteria; o__Bifidobacteriales; f__Bifidobacteriaceae; g__Bifidobacterium; s__longum	overclassification	6
B1-REF	6	1	sortmerna	0.51:0.9:1:0.8:1.0	4361455	k__Bacteria; p__Proteobacteria; c__Gammaproteobacteria; o__Xanthomonadales; f__Xanthomonadaceae; g__Thermomonas; s__fusca	k__Bacteria; p__Proteobacteria; c__Gammaproteobacteria; o__Xanthomonadales; f__Xanthomonadaceae; g__Lysobacter; s__ximonensis	misclassification	5
B1-REF	6	1	sortmerna	0.51:0.9:1:0.8:1.0	13953	Unassigned	k__Bacteria; p__Firmicutes; c__Clostridia; o__Clostridiales; f__Lachnospiraceae; g__Clostridium; s__aminophilum	underclassification	0
B1-REF	6	1	sortmerna	0.51:0.9:1:0.8:1.0	2313300	Unassigned	k__Bacteria; p__Proteobacteria; c__Alphaproteobacteria; o__Rickettsiales; f__mitochondria; g__Silene; s__noctiflora	underclassification	0
B1-REF	6	1	sortmerna	0.51:0.9:1:0.8:1.0	4328299	k__Bacteria; p__Proteobacteria; c__Gammaproteobacteria; o__Enterobacteriales; f__Enterobacteriaceae; g__Xenorhabdus; s__beddingii	k__Bacteria; p__Proteobacteria; c__Gammaproteobacteria; o__Enterobacteriales; f__Enterobacteriaceae; g__Xenorhabdus; s__cabanillasii	overclassification	6
B1-REF	6	1	sortmerna	0.51:0.9:1:0.8:1.0	686537	k__Archaea; p__Euryarchaeota; c__Halobacteria; o__Halobacteriales; f__Halobacteriaceae; g__Halostagnicola; s__larsenii	k__Archaea; p__Euryarchaeota; c__Halobacteria; o__Halobacteriales; f__Halobacteriaceae; g__Natrialba; s__chahannaoensis	misclassification	5
B1-REF	6	1	sortmerna	0.51:0.9:1:0.8:1.0	289216	k__Bacteria; p__Firmicutes; c__Bacilli; o__Bacillales; f__Planococcaceae; g__Sporosarcina; s__aquimarina	k__Bacteria; p__Firmicutes; c__Bacilli; o__Bacillales; f__Planococcaceae; g__Sporosarcina; s__ginsengi	overclassification	6
B1-REF	6	1	sortmerna	0.51:0.9:1:0.8:1.0	4449456	k__Bacteria; p__Proteobacteria; c__Gammaproteobacteria; o__Pseudomonadales; f__Moraxellaceae; g__Acinetobacter; s__rhizosphaerae	k__Bacteria; p__Proteobacteria; c__Gammaproteobacteria; o__Pseudomonadales; f__Moraxellaceae; g__Acinetobacter; s__guillouiae	overclassification	6
B1-REF	6	1	sortmerna	0.51:0.9:1:0.8:1.0	199654	k__Bacteria; p__Firmicutes; c__Clostridia; o__Clostridiales; f__Ruminococcaceae; g__Ruminococcus; s__albus	k__Bacteria; p__Firmicutes; c__Clostridia; o__Clostridiales; f__Ruminococcaceae; g__Clostridium; s__islandicum	misclassification	5
B1-REF	6	1	sortmerna	0.51:0.9:1:0.8:1.0	557875	k__Bacteria; p__Proteobacteria; c__Gammaproteobacteria; o__Oceanospirillales; f__Halomonadaceae; g__Halomonas; s__lutea	k__Bacteria; p__Proteobacteria; c__Gammaproteobacteria; o__Oceanospirillales; f__Halomonadaceae; g__Halomonas; s__halocynthiae	overclassification	6
B1-REF	6	1	sortmerna	0.51:0.9:1:0.8:1.0	953	k__Archaea; p__Crenarchaeota; c__Thermoprotei; o__Sulfolobales; f__Sulfolobaceae; g__Sulfolobus; s__vallisabyssus	k__Archaea; p__Crenarchaeota; c__Thermoprotei; o__Sulfolobales; f__Sulfolobaceae; g__Sulfolobus; s__acidocaldarius	overclassification	6
B1-REF	6	1	sortmerna	0.51:0.9:1:0.8:1.0	818516	k__Bacteria; p__Firmicutes; c__Clostridia; o__Clostridiales; f__Clostridiaceae; g__Clostridium; s__bowmanii	k__Bacteria; p__Firmicutes; c__Clostridia; o__Clostridiales; f__Clostridiaceae; g__Clostridium; s__botulinum	overclassification	6
B1-REF	6	1	sortmerna	0.51:0.9:1:0.8:1.0	260790	k__Bacteria; p__Proteobacteria; c__Gammaproteobacteria; o__Pseudomonadales; f__Pseudomonadaceae; g__Pseudomonas; s__umsongensis	k__Bacteria; p__Proteobacteria; c__Gammaproteobacteria; o__Pseudomonadales; f__Pseudomonadaceae; g__Pseudomonas; s__veronii	overclassification	6
B1-REF	6	1	sortmerna	0.51:0.9:1:0.8:1.0	821464	k__Bacteria; p__Proteobacteria; c__Betaproteobacteria; o__Nitrosomonadales; f__Nitrosomonadaceae; g__Nitrosomonas; s__ureae	k__Bacteria; p__Proteobacteria; c__Betaproteobacteria; o__Nitrosomonadales; f__Nitrosomonadaceae; g__Nitrosomonas; s__marina	overclassification	6
B1-REF	6	1	sortmerna	0.51:0.9:1:0.8:1.0	288677	k__Bacteria; p__Firmicutes; c__Erysipelotrichi; o__Erysipelotrichales; f__Erysipelotrichaceae; g__Eubacterium; s__biforme	k__Bacteria; p__Firmicutes; c__Erysipelotrichi; o__Erysipelotrichales; f__Erysipelotrichaceae; g__Eubacterium; s__cylindroides	overclassification	6
B1-REF	6	1	sortmerna	0.51:0.9:1:0.8:1.0	14205	k__Bacteria; p__Firmicutes; c__Clostridia; o__Clostridiales; f__Clostridiaceae; g__Alkaliphilus; s__transvaalensis	k__Bacteria; p__Firmicutes; c__Clostridia; o__Clostridiales; f__Peptostreptococcaceae; g__Clostridium; s__sordellii	misclassification	4
B1-REF	6	1	sortmerna	0.51:0.9:1:0.8:1.0	4389142	k__Bacteria; p__Firmicutes; c__Bacilli; o__Bacillales; f__Paenibacillaceae; g__Paenibacillus; s__hodogayensis	k__Bacteria; p__Firmicutes; c__Bacilli; o__Bacillales; f__Paenibacillaceae; g__Paenibacillus; s__ginsengarvi	overclassification	6
B1-REF	6	1	sortmerna	0.51:0.9:1:0.8:1.0	99527	k__Bacteria; p__Firmicutes; c__Bacilli; o__Bacillales; f__Paenibacillaceae; g__Paenibacillus; s__ginsengihumi	k__Bacteria; p__Firmicutes; c__Bacilli; o__Bacillales; f__Paenibacillaceae; g__Paenibacillus; s__edaphicus	overclassification	6
B1-REF	6	1	sortmerna	0.51:0.9:1:0.8:1.0	567725	k__Bacteria; p__Firmicutes; c__Bacilli; o__Bacillales; f__Bacillaceae; g__Bacillus; s__cohnii	k__Bacteria; p__Firmicutes; c__Bacilli; o__Bacillales; f__Bacillaceae; g__Bacillus; s__acidicola	overclassification	6
B1-REF	6	1	sortmerna	0.51:0.9:1:0.8:1.0	21214	k__Bacteria; p__Firmicutes; c__Bacilli; o__Bacillales; f__Bacillaceae; g__Bacillus; s__coagulans	k__Bacteria; p__Firmicutes; c__Bacilli; o__Bacillales; f__Bacillaceae; g__Bacillus; s__thermoamylovorans	overclassification	6
B1-REF	6	1	sortmerna	0.51:0.9:1:0.8:1.0	1097955	k__Bacteria; p__Firmicutes; c__Bacilli; o__Bacillales; f__Staphylococcaceae; g__Staphylococcus; s__epidermidis	k__Bacteria; p__Firmicutes; c__Bacilli; o__Bacillales; f__Staphylococcaceae; g__Staphylococcus; s__aureus	overclassification	6
B1-REF	6	1	sortmerna	0.51:0.9:1:0.8:1.0	105593	k__Bacteria; p__Proteobacteria; c__Betaproteobacteria; o__Neisseriales; f__Neisseriaceae; g__Kingella; s__denitrificans	k__Bacteria; p__Proteobacteria; c__Betaproteobacteria; o__Neisseriales; f__Neisseriaceae; g__Neisseria; s__canis	misclassification	5
B1-REF	6	1	sortmerna	0.51:0.9:1:0.8:1.0	4338137	k__Archaea; p__Euryarchaeota; c__Halobacteria; o__Halobacteriales; f__Halobacteriaceae; g__Halobacteriaceae; s__XD48	k__Archaea; p__Euryarchaeota; c__Halobacteria; o__Halobacteriales; f__Halobacteriaceae; g__Halobacteriaceae; s__GX1	overclassification	6
B1-REF	6	1	sortmerna	0.51:0.9:1:0.8:1.0	2041715	k__Bacteria; p__Proteobacteria; c__Alphaproteobacteria; o__Rickettsiales; f__mitochondria; g__Acanthamoeba; s__castellanii	k__Bacteria; p__Proteobacteria; c__Alphaproteobacteria; o__Rickettsiales; f__mitochondria; g__Acanthamoeba; s__palestinensis	overclassification	6
B1-REF	6	1	sortmerna	0.51:0.9:1:0.8:1.0	246846	k__Bacteria; p__Proteobacteria; c__Gammaproteobacteria; o__Enterobacteriales; f__Enterobacteriaceae; g__Xenorhabdus; s__beddingii	k__Bacteria; p__Proteobacteria; c__Gammaproteobacteria; o__Enterobacteriales; f__Enterobacteriaceae; g__Xenorhabdus; s__poinarii	overclassification	6
B1-REF	6	1	sortmerna	0.51:0.9:1:0.8:1.0	192515	k__Bacteria; p__Firmicutes; c__Clostridia; o__Clostridiales; f__Ruminococcaceae; g__Clostridium; s__methylpentosum	k__Bacteria; p__Firmicutes; c__Clostridia; o__Clostridiales; f__Ruminococcaceae; g__Ruminococcus; s__bromii	misclassification	5
B1-REF	6	1	sortmerna	0.51:0.9:1:0.8:1.0	134228	k__Bacteria; p__Firmicutes; c__Bacilli; o__Bacillales; f__Paenibacillaceae; g__Paenibacillus; s__macerans	k__Bacteria; p__Firmicutes; c__Bacilli; o__Bacillales; f__Paenibacillaceae; g__Paenibacillus; s__stellifer	overclassification	6
B1-REF	6	1	sortmerna	0.51:0.9:1:0.8:1.0	1142524	k__Bacteria; p__Firmicutes; c__Bacilli; o__Bacillales; f__Bacillaceae; g__Oceanobacillus; s__profundus	k__Bacteria; p__Firmicutes; c__Bacilli; o__Bacillales; f__Bacillaceae; g__Oceanobacillus; s__chironomi	overclassification	6
B1-REF	6	1	sortmerna	0.51:0.9:1:0.8:1.0	1129599	k__Bacteria; p__Proteobacteria; c__Alphaproteobacteria; o__Sphingomonadales; f__Sphingomonadaceae; g__Novosphingobium; s__capsulatum	k__Bacteria; p__Proteobacteria; c__Alphaproteobacteria; o__Sphingomonadales; f__Sphingomonadaceae; g__Novosphingobium; s__nitrogenifigens	overclassification	6