UclustConsensusTaxonAssigner parameters:
id_to_taxonomy_filepath:/home/nbokulic/gg_13_5/gg_13_5_otus/taxonomy/97_otu_taxonomy_MOD.txt
id_to_taxonomy_fp:/home/nbokulic/gg_13_5/gg_13_5_otus/taxonomy/97_otu_taxonomy_MOD.txt
max_accepts:1
min_consensus_fraction:0.5
reference_sequences_fp:/home/nbokulic/gg_13_5/gg_13_5_otus/rep_set/97_otus.fasta
similarity:0.97
unassignable_label:Unassigned
Result path: "/scratch/assign-tax4xEhgRdf6aMRctZgRMkt.txt"

.uc file contents:

# uclust --input /home/nbokulic/open_reference_otus/Greg/psrotot_gg_13_5/rep_set.fna --id 0.97 --rev --maxaccepts 1 --allhits --libonly --lib /home/nbokulic/gg_13_5/gg_13_5_otus/rep_set/97_otus.fasta --uc /scratch/UclustConsensusTaxonAssigner_6w2Q7I.uc
# version=1.2.22
# Tab-separated fields:
# 1=Type, 2=ClusterNr, 3=SeqLength or ClusterSize, 4=PctId, 5=Strand, 6=QueryStart, 7=SeedStart, 8=Alignment, 9=QueryLabel, 10=TargetLabel
# Record types (field 1): L=LibSeed, S=NewSeed, H=Hit, R=Reject, D=LibCluster, C=NewCluster, N=NoHit
# For C and D types, PctId is average id with seed.
# QueryStart and SeedStart are zero-based relative to start of sequence.
# If minus strand, SeedStart is relative to reverse-complemented seed.
L	55528	1476	*	*	*	*	*	9819	*
H	55528	92	97.8	+	0	0	503I92M881I	100027 Even3_379611	9819
L	25705	1491	*	*	*	*	*	311600	*
H	25705	100	99.0	+	0	0	519I100M872I	1000656 Even1_335301	311600
N	*	83	*	*	*	*	*	1010876 Even1_172765	*
L	993	1366	*	*	*	*	*	1052930	*
H	993	78	100.0	+	0	0	506I78M782I	101320 Even1_310751	1052930
L	20172	1391	*	*	*	*	*	351794	*
H	20172	85	97.6	+	0	0	515I85M791I	1013316 Even3_44698	351794
L	51598	1470	*	*	*	*	*	101868	*
H	51598	100	100.0	+	0	0	517I100M853I	101868 Even2_6992	101868
L	17852	1535	*	*	*	*	*	471180	*
H	17852	100	98.0	+	0	0	517I100M918I	102049 Even2_151299	471180
L	51811	1361	*	*	*	*	*	100027	*
H	51811	93	100.0	+	0	0	471I93M797I	1022184 Even1_16431	100027
L	37483	1401	*	*	*	*	*	222043	*
H	37483	100	99.0	+	0	0	524I100M777I	1028632 Even2_6753	222043
L	59270	1504	*	*	*	*	*	1134377	*
H	59270	82	97.6	+	0	0	514I82M908I	10298 Even3_158622	1134377
L	23641	1378	*	*	*	*	*	326626	*
H	23641	81	100.0	+	0	0	508I81M789I	103730 Even1_366154	326626
L	25970	1522	*	*	*	*	*	309788	*
H	25970	82	97.6	+	0	0	532I82M908I	104216 Even2_110896	309788
L	2439	1325	*	*	*	*	*	890516	*
H	2439	79	98.7	+	0	0	467I79M779I	104265 Even2_344586	890516
L	59649	1473	*	*	*	*	*	1048864	*
H	59649	100	100.0	+	0	0	512I100M861I	1048864 Even1_21069	1048864
L	27521	1382	*	*	*	*	*	299187	*
H	27521	86	97.7	+	0	0	506I86M790I	105411 Even1_37132	299187
L	905	1380	*	*	*	*	*	1063126	*
H	905	100	99.0	+	0	0	446I100M834I	1063126 Even1_3912	1063126
L	63033	1487	*	*	*	*	*	1141864	*
H	63033	78	98.7	+	0	0	518I78M891I	1064410 Even1_199610	1141864
L	21741	1393	*	*	*	*	*	340216	*
H	21741	100	100.0	+	0	0	430I100M863I	106691 Even1_78105	340216
L	50970	1454	*	*	*	*	*	106860	*
H	50970	91	98.9	+	0	0	495I91M868I	106860 Even2_228717	106860
N	*	87	*	*	*	*	*	107098 Even1_283062	*
L	24561	1509	*	*	*	*	*	319944	*
H	24561	79	98.7	+	0	0	529I79M901I	1079393 Even2_68083	319944
L	50825	1493	*	*	*	*	*	108446	*
H	50825	77	100.0	+	0	0	473I77M943I	108446 Even1_64880	108446
L	619	1359	*	*	*	*	*	1094340	*
H	619	81	98.8	+	0	0	502I81M776I	1094340 Even1_65376	1094340
L	52195	1415	*	*	*	*	*	93354	*
H	52195	100	100.0	+	0	0	500I100M815I	109907 Even1_180291	93354
L	73120	1368	*	*	*	*	*	1100972	*
H	73120	100	100.0	+	0	0	513I100M755I	1100972 Even3_194794	1100972
L	27859	1379	*	*	*	*	*	297057	*
H	27859	89	98.9	+	0	0	525I89M765I	1105984 Even1_77871	297057
L	76579	1447	*	*	*	*	*	4028553	*
H	76579	78	97.4	+	0	0	491I78M878I	110625 Even2_313508	4028553
L	68806	1508	*	*	*	*	*	1107230	*
H	68806	81	100.0	+	0	0	530I81M897I	1107230 Even1_111711	1107230
L	38250	1410	*	*	*	*	*	214730	*
H	38250	100	97.0	+	0	0	536I100M774I	1107740 Even2_124460	214730
L	71322	1457	*	*	*	*	*	1134668	*
H	71322	90	100.0	+	0	0	443I90M924I	1108831 Even1_76215	1134668
L	29081	1389	*	*	*	*	*	289379	*
H	29081	76	100.0	+	0	0	515I76M798I	1109178 Even2_176899	289379
L	43440	1390	*	*	*	*	*	179865	*
H	43440	76	98.7	+	0	0	515I76M799I	1109293 Even1_369663	179865
L	77627	1496	*	*	*	*	*	1109297	*
H	77627	81	97.5	+	0	0	517I81M898I	1109297 Even1_239571	1109297
L	71015	1504	*	*	*	*	*	1109454	*
H	71015	100	100.0	+	0	0	526I100M878I	1109454 Even1_28367	1109454
L	35587	1528	*	*	*	*	*	240491	*
H	35587	82	100.0	+	0	0	537I82M909I	1109646 Even1_265130	240491
L	19961	1349	*	*	*	*	*	353292	*
H	19961	81	97.5	+	0	0	485I81M783I	1109864 Even1_211422	353292
L	64751	1396	*	*	*	*	*	1110791	*
H	64751	100	100.0	+	0	0	529I100M767I	1110791 Even2_346314	1110791
L	36708	1459	*	*	*	*	*	230073	*
H	36708	100	100.0	+	0	0	481I100M878I	1111111 Even1_70928	230073
L	3	1402	*	*	*	*	*	1111874	*
H	3	81	100.0	+	0	0	472I81M849I	1111874 Even3_87083	1111874
L	64214	1356	*	*	*	*	*	1116674	*
H	64214	77	97.4	+	0	0	452I77M827I	1116674 Even1_38544	1116674
L	7341	1499	*	*	*	*	*	610462	*
H	7341	100	100.0	+	0	0	524I100M875I	1116679 Even3_69	610462
L	56753	1405	*	*	*	*	*	609704	*
H	56753	76	97.4	+	0	0	471I76M858I	1120420 Even3_94	609704
L	62589	1492	*	*	*	*	*	1121144	*
H	62589	85	98.8	+	0	0	484I85M923I	1121144 Even1_220778	1121144
L	80180	1419	*	*	*	*	*	4309033	*
H	80180	90	98.9	+	0	0	483I90M846I	1122622 Even2_18672	4309033
L	41097	1347	*	*	*	*	*	192419	*
H	41097	100	99.0	+	0	0	502I100M745I	1122673 Even1_21615	192419
L	82707	1464	*	*	*	*	*	4335746	*
H	82707	100	97.0	+	0	0	506I100M858I	1123414 Even2_137033	4335746
L	43023	1475	*	*	*	*	*	182111	*
H	43023	92	100.0	+	0	0	467I92M916I	1125423 Even1_51352	182111
L	66285	1459	*	*	*	*	*	1125638	*
H	66285	90	100.0	+	0	0	500I90M869I	1125638 Even1_327271	1125638
L	67873	1473	*	*	*	*	*	1127719	*
H	67873	76	97.4	+	0	0	527I76M870I	1127719 Even3_381560	1127719
L	57045	1518	*	*	*	*	*	1129328	*
H	57045	100	100.0	+	0	0	521I100M897I	1129328 Even3_104221	1129328
L	67431	1458	*	*	*	*	*	1130478	*
H	67431	81	98.8	+	0	0	445I81M932I	1130478 Even1_140866	1130478
L	76200	1423	*	*	*	*	*	3989856	*
H	76200	100	98.0	+	0	0	508I100M815I	1134151 Even1_49849	3989856
H	51811	91	100.0	+	0	0	471I91M799I	1134377 Even2_167536	100027
L	77227	1434	*	*	*	*	*	1116679	*
H	77227	100	97.0	+	0	0	502I100M832I	1135231 Even3_24296	1116679
L	40333	1393	*	*	*	*	*	196381	*
H	40333	76	98.7	+	0	0	515I76M802I	113581 Even1_383974	196381
L	50375	1414	*	*	*	*	*	111925	*
H	50375	100	98.0	+	0	0	451I100M863I	113588 Even2_68405	111925
L	59379	1515	*	*	*	*	*	813720	*
H	59379	100	97.0	+	0	0	536I100M879I	1136581 Even2_100991	813720
L	31646	1496	*	*	*	*	*	268101	*
H	31646	100	98.0	+	0	0	518I100M878I	1139929 Even3_132439	268101
L	14609	1510	*	*	*	*	*	539496	*
H	14609	84	97.6	+	0	0	529I84M897I	1140514 Even1_300073	539496
L	6661	1455	*	*	*	*	*	658233	*
H	6661	92	100.0	+	0	0	495I92M868I	1140670 Even2_178507	658233
L	36359	1499	*	*	*	*	*	235262	*
H	36359	100	99.0	+	0	0	487I100M912I	1142029 Even3_44	235262
N	*	83	*	*	*	*	*	1146865 Even3_73067	*
N	*	87	*	*	*	*	*	115049 Even1_693	*
L	12377	1375	*	*	*	*	*	557216	*
H	12377	76	100.0	+	0	0	499I76M800I	117948 Even2_369499	557216
L	49738	1363	*	*	*	*	*	123510	*
H	49738	100	99.0	+	0	0	349I100M914I	123510 Even2_85427	123510
L	73523	1490	*	*	*	*	*	3641910	*
H	73523	100	97.0	+	0	0	510I100M880I	126508 Even3_108247	3641910
N	*	84	*	*	*	*	*	130214 Even1_276207	*
L	55270	1361	*	*	*	*	*	13233	*
H	55270	100	99.0	+	0	0	513I100M748I	13034 Even1_283466	13233
L	7082	1406	*	*	*	*	*	628226	*
H	7082	79	97.5	+	0	0	480I79M847I	130402 Even1_311133	628226
L	49443	1475	*	*	*	*	*	132041	*
H	49443	91	100.0	+	0	0	509I91M875I	132041 Even3_226828	132041
L	67173	1450	*	*	*	*	*	134174	*
H	67173	89	98.9	+	0	0	485I12MI77M875I	134174 Even3_324596	134174
L	49048	1417	*	*	*	*	*	136502	*
H	49048	81	100.0	+	0	0	475I81M861I	136502 Even3_41648	136502
L	19039	1353	*	*	*	*	*	364722	*
H	19039	77	97.4	+	0	0	518I77M758I	136526 Even1_46766	364722
L	62461	1466	*	*	*	*	*	1130818	*
H	62461	100	98.0	+	0	0	591I100M775I	13900 Even2_349170	1130818
L	4202	1467	*	*	*	*	*	812381	*
H	4202	100	100.0	+	0	0	506I100M861I	139220 Even2_355672	812381
L	48351	1455	*	*	*	*	*	141972	*
H	48351	100	100.0	+	0	0	492I85MI15M862I	141972 Even1_64566	141972
L	32962	1394	*	*	*	*	*	259816	*
H	32962	77	97.4	+	0	0	521I77M796I	144395 Even3_275221	259816
L	94935	1446	*	*	*	*	*	4464533	*
H	94935	76	100.0	+	0	0	495I76M875I	147085 Even1_2368	4464533
L	43418	1387	*	*	*	*	*	180045	*
H	43418	92	97.8	+	0	0	528I92M767I	148007 Even3_116624	180045
L	20605	1385	*	*	*	*	*	348751	*
H	20605	100	99.0	+	0	0	515I100M770I	148987 Even3_79880	348751
L	47121	1528	*	*	*	*	*	150404	*
H	47121	84	97.6	+	0	0	543I84M901I	150404 Even1_100594	150404
L	46948	1492	*	*	*	*	*	151682	*
H	46948	100	99.0	+	0	0	522I100M870I	151682 Even2_210793	151682
L	36696	1458	*	*	*	*	*	230213	*
H	36696	100	97.0	+	0	0	480I100M878I	1517154 Even3_40932	230213
L	17579	1419	*	*	*	*	*	509578	*
H	17579	78	98.7	+	0	0	458I78M883I	151729 Even1_145363	509578
L	90802	1443	*	*	*	*	*	4420417	*
H	90802	80	98.8	+	0	0	492I80M871I	1521321 Even2_358102	4420417
L	23380	1504	*	*	*	*	*	328458	*
H	23380	85	97.6	+	0	0	533I85M886I	15357 Even2_341702	328458
L	55051	1519	*	*	*	*	*	15432	*
H	55051	80	100.0	+	0	0	515I80M924I	15430 Even1_262739	15432
H	55051	84	100.0	+	0	0	515I84M920I	15432 Even1_23852	15432
L	8324	1460	*	*	*	*	*	588042	*
H	8324	95	97.9	+	0	0	502I95M863I	154604 Even1_359474	588042
L	39187	1378	*	*	*	*	*	204462	*
H	39187	90	98.9	+	0	0	512I90M776I	154822 Even1_143176	204462
L	46525	1432	*	*	*	*	*	155243	*
H	46525	100	99.0	+	0	0	473I100M859I	155216 Even1_34921	155243
L	90245	1492	*	*	*	*	*	4415049	*
H	90245	80	100.0	+	0	0	483I80M929I	156101 Even1_317183	4415049
L	18897	1371	*	*	*	*	*	367215	*
H	18897	100	100.0	+	0	0	511I100M760I	15728 Even3_686	367215
L	19400	1374	*	*	*	*	*	358493	*
H	19400	80	97.5	+	0	0	516I80M778I	157396 Even1_27882	358493
L	85984	1429	*	*	*	*	*	4370025	*
H	85984	80	97.5	+	0	0	494I80M855I	157516 Even1_49887	4370025
L	46082	1450	*	*	*	*	*	158393	*
H	46082	80	100.0	+	0	0	505I80M865I	157748 Even1_44821	158393
L	46158	1450	*	*	*	*	*	157772	*
H	46158	100	100.0	+	0	0	498I100M852I	157772 Even2_78183	157772
L	46149	1397	*	*	*	*	*	157842	*
H	46149	90	100.0	+	0	0	493I90M814I	157842 Even2_36802	157842
L	60861	1534	*	*	*	*	*	2066374	*
H	60861	100	97.0	+	0	0	537I100M897I	158581 Even1_3672	2066374
L	46050	1447	*	*	*	*	*	158625	*
H	46050	80	97.5	+	0	0	495I80M872I	158625 Even3_43415	158625
N	*	100	*	*	*	*	*	158711 Even2_20104	*
L	46140	1457	*	*	*	*	*	157921	*
H	46140	100	97.0	+	0	0	510I100M847I	158967 Even2_100076	157921
L	38594	1335	*	*	*	*	*	210800	*
H	38594	100	100.0	+	0	0	468I100M767I	160432 Even2_27497	210800
L	61012	1447	*	*	*	*	*	2085032	*
H	61012	100	97.0	+	0	0	504I100M843I	160830 Even2_224583	2085032
L	78187	1434	*	*	*	*	*	4234212	*
H	78187	76	98.7	+	0	0	488I76M870I	161007 Even2_25712	4234212
L	45632	1564	*	*	*	*	*	161579	*
H	45632	100	100.0	+	0	0	547I100M917I	161579 Even2_297	161579
L	34261	1348	*	*	*	*	*	250370	*
H	34261	93	100.0	+	0	0	450I93M805I	1616784 Even1_27782	250370
N	*	100	*	*	*	*	*	162491 Even1_37792	*
L	45156	1458	*	*	*	*	*	167187	*
H	45156	82	100.0	+	0	0	515I82M861I	167187 Even1_75217	167187
L	8636	1413	*	*	*	*	*	585701	*
H	8636	85	97.6	+	0	0	480I85M848I	168031 Even2_73671	585701
L	72964	1349	*	*	*	*	*	1110821	*
H	72964	79	100.0	+	0	0	478I79M792I	1690095 Even3_31306	1110821
L	55524	1482	*	*	*	*	*	9870	*
H	55524	85	100.0	+	0	0	504I85M893I	169538 Even1_561	9870
L	46025	1454	*	*	*	*	*	158820	*
H	46025	100	97.0	+	0	0	507I100M847I	1698008 Even2_7330	158820
L	44834	1400	*	*	*	*	*	170775	*
H	44834	83	98.8	+	0	0	412I83M905I	170775 Even2_349444	170775
N	*	96	*	*	*	*	*	171399 Even2_103038	*
L	33742	1421	*	*	*	*	*	254286	*
H	33742	76	100.0	+	0	0	415I76M930I	1715185 Even3_4074	254286
L	30537	1392	*	*	*	*	*	274744	*
H	30537	100	100.0	+	0	0	518I100M774I	171532 Even1_13785	274744
L	33018	1367	*	*	*	*	*	259556	*
H	33018	81	97.5	+	0	0	504I81M782I	171718 Even2_40869	259556
L	21665	1391	*	*	*	*	*	340759	*
H	21665	84	100.0	+	0	0	515I84M792I	1721299 Even1_6424	340759
L	21286	1498	*	*	*	*	*	343667	*
H	21286	83	97.6	+	0	0	524I83M891I	172705 Even1_332215	343667
L	15863	1441	*	*	*	*	*	527988	*
H	15863	100	97.0	+	0	0	494I100M847I	1727150 Even3_9395	527988
L	62162	1459	*	*	*	*	*	1114701	*
H	62162	95	97.9	+	0	0	501I95M863I	172717 Even1_188034	1114701
L	92478	1436	*	*	*	*	*	4437814	*
H	92478	100	99.0	+	0	0	492I100M844I	1733364 Even3_1900	4437814
L	62639	1433	*	*	*	*	*	2280817	*
H	62639	100	100.0	+	0	0	490I100M843I	173565 Even3_211	2280817
L	66564	1510	*	*	*	*	*	2770485	*
H	66564	80	100.0	+	0	0	501I80M929I	1739135 Even3_299854	2770485
L	41873	1391	*	*	*	*	*	188321	*
H	41873	100	99.0	+	0	0	515I100M776I	173945 Even2_8886	188321
L	24495	1354	*	*	*	*	*	320395	*
H	24495	83	98.8	+	0	0	501I83M770I	174036 Even3_14404	320395
L	44518	1390	*	*	*	*	*	174044	*
H	44518	76	100.0	+	0	0	511I76M803I	174044 Even1_252838	174044
L	39976	1387	*	*	*	*	*	198324	*
H	39976	93	98.9	+	0	0	515I93M779I	174332 Even2_20537	198324
L	44460	1397	*	*	*	*	*	174383	*
H	44460	76	100.0	+	0	0	520I76M801I	174383 Even1_1467	174383
L	44446	1383	*	*	*	*	*	174487	*
H	44446	100	100.0	+	0	0	515I100M768I	174487 Even1_213280	174487
L	41467	1391	*	*	*	*	*	190529	*
H	41467	90	97.8	+	0	0	515I90M786I	174588 Even3_346900	190529
L	40895	1382	*	*	*	*	*	193609	*
H	40895	91	100.0	+	0	0	513I91M778I	174712 Even3_92713	193609
L	16098	1398	*	*	*	*	*	524891	*
H	16098	100	100.0	+	0	0	527I100M771I	174831 Even3_76926	524891
L	21655	1387	*	*	*	*	*	340819	*
H	21655	78	97.4	+	0	0	517I78M792I	174845 Even1_29358	340819
L	28031	1389	*	*	*	*	*	296007	*
H	28031	78	97.4	+	0	0	514I78M797I	174911 Even3_300675	296007
L	57043	1453	*	*	*	*	*	1607319	*
H	57043	100	100.0	+	0	0	485I100M868I	174998 Even1_76	1607319
L	44331	1449	*	*	*	*	*	175062	*
H	44331	100	97.0	+	0	0	491I100M858I	175062 Even3_164447	175062
N	*	88	*	*	*	*	*	175145 Even1_327408	*
L	41441	1376	*	*	*	*	*	190649	*
H	41441	100	97.0	+	0	0	507I100M769I	175148 Even2_113199	190649
L	44312	1391	*	*	*	*	*	175168	*
H	44312	76	100.0	+	0	0	516I76M799I	175168 Even2_107978	175168
L	23468	1395	*	*	*	*	*	327826	*
H	23468	100	99.0	+	0	0	519I100M776I	175367 Even1_94067	327826
H	21665	100	99.0	+	0	0	515I100M776I	175474 Even2_60814	340759
L	40169	1392	*	*	*	*	*	197248	*
H	40169	80	98.8	+	0	0	516I80M796I	175960 Even3_128405	197248
L	44169	1393	*	*	*	*	*	175978	*
H	44169	81	98.8	+	0	0	515I81M797I	175978 Even2_288103	175978
L	69851	1450	*	*	*	*	*	3175741	*
H	69851	80	97.5	+	0	0	485I80M885I	176057 Even1_12626	3175741
L	86371	1438	*	*	*	*	*	4374204	*
H	86371	100	99.0	+	0	0	488I100M850I	176080 Even1_63910	4374204
L	44108	1399	*	*	*	*	*	176306	*
H	44108	100	100.0	+	0	0	517I100M782I	176306 Even1_69681	176306
L	42088	1398	*	*	*	*	*	187144	*
H	42088	92	97.8	+	0	0	508I92M798I	176346 Even3_283234	187144
L	22971	1394	*	*	*	*	*	331453	*
H	22971	100	97.0	+	0	0	523I100M771I	176564 Even1_237469	331453
L	29025	1388	*	*	*	*	*	289725	*
H	29025	79	98.7	+	0	0	514I79M795I	176666 Even1_78912	289725
L	18716	1372	*	*	*	*	*	370357	*
H	18716	83	100.0	+	0	0	497I83M792I	176690 Even3_270553	370357
L	44037	1361	*	*	*	*	*	176757	*
H	44037	81	97.5	+	0	0	490I81M790I	176757 Even1_18154	176757
H	57043	76	100.0	+	0	0	485I76M892I	177055 Even1_18212	1607319
L	71975	1445	*	*	*	*	*	3439403	*
H	71975	100	99.0	+	0	0	504I100M841I	177150 Even3_16417	3439403
L	12873	1393	*	*	*	*	*	553245	*
H	12873	100	97.0	+	0	0	520I100M773I	177359 Even2_39197	553245
L	21687	1378	*	*	*	*	*	340642	*
H	21687	81	97.5	+	0	0	501I81M796I	177581 Even2_81752	340642
L	43869	1392	*	*	*	*	*	177618	*
H	43869	100	100.0	+	0	0	517I100M775I	177618 Even3_14213	177618
L	75196	1436	*	*	*	*	*	3857424	*
H	75196	76	100.0	+	0	0	482I76M878I	177702 Even3_49086	3857424
L	40775	1393	*	*	*	*	*	194201	*
H	40775	100	100.0	+	0	0	515I100M778I	178018 Even1_68059	194201
L	40039	1395	*	*	*	*	*	197991	*
H	40039	100	99.0	+	0	0	523I100M772I	178148 Even2_133918	197991
L	32310	1493	*	*	*	*	*	263820	*
H	32310	85	98.8	+	0	0	517I85M891I	178173 Even3_2756	263820
L	75193	1438	*	*	*	*	*	3856406	*
H	75193	84	97.6	+	0	0	485I84M869I	178253 Even3_147109	3856406
L	43737	1390	*	*	*	*	*	178332	*
H	43737	76	98.7	+	0	0	515I76M799I	178332 Even2_205149	178332
L	25275	1396	*	*	*	*	*	314613	*
H	25275	88	97.7	+	0	0	524I88M784I	178387 Even3_310232	314613
L	43720	1385	*	*	*	*	*	178447	*
H	43720	100	100.0	+	0	0	513I100M772I	178447 Even3_3	178447
L	86206	1445	*	*	*	*	*	4372382	*
H	86206	87	97.7	+	0	0	490I87M868I	178465 Even1_258756	4372382
L	28010	1390	*	*	*	*	*	296103	*
H	28010	79	98.7	+	0	0	515I79M796I	178474 Even3_304188	296103
N	*	100	*	*	*	*	*	178615 Even1_159161	*
L	43686	1389	*	*	*	*	*	178616	*
H	43686	95	98.9	+	0	0	514I95M780I	178616 Even1_71511	178616
L	42146	1392	*	*	*	*	*	186858	*
H	42146	100	97.0	+	0	0	515I100M777I	178770 Even3_28414	186858
L	43609	1392	*	*	*	*	*	178977	*
H	43609	78	97.4	+	0	0	517I78M797I	178977 Even1_220979	178977
L	40197	1402	*	*	*	*	*	197105	*
H	40197	100	99.0	+	0	0	537I100M765I	179018 Even3_58346	197105
L	43545	1391	*	*	*	*	*	179384	*
H	43545	100	97.0	+	0	0	514I100M777I	179384 Even1_372330	179384
N	*	93	*	*	*	*	*	179408 Even3_197580	*
L	40313	1393	*	*	*	*	*	196508	*
H	40313	84	97.6	+	0	0	518I84M791I	179665 Even3_42210	196508
L	43459	1389	*	*	*	*	*	179760	*
H	43459	80	100.0	+	0	0	514I80M795I	179760 Even1_118174	179760
L	42959	1400	*	*	*	*	*	182483	*
H	42959	100	100.0	+	0	0	531I100M769I	180112 Even1_121	182483
L	32491	1393	*	*	*	*	*	262766	*
H	32491	81	98.8	+	0	0	515I81M797I	180191 Even1_90448	262766
H	40775	76	98.7	+	0	0	515I76M802I	180289 Even1_100845	194201
L	41004	1389	*	*	*	*	*	192983	*
H	41004	100	97.0	+	0	0	514I100M775I	180414 Even2_89071	192983
L	43651	1390	*	*	*	*	*	178770	*
H	43651	92	98.9	+	0	0	515I92M783I	180577 Even3_2092	178770
L	32870	1399	*	*	*	*	*	260410	*
H	32870	100	100.0	+	0	0	528I100M771I	180606 Even1_179	260410
L	19283	1381	*	*	*	*	*	360518	*
H	19283	100	97.0	+	0	0	511I100M770I	180834 Even2_275488	360518
L	43258	1395	*	*	*	*	*	180842	*
H	43258	100	99.0	+	0	0	517I100M778I	180842 Even3_9464	180842
L	43196	1394	*	*	*	*	*	181204	*
H	43196	100	99.0	+	0	0	527I100M767I	181204 Even2_596	181204
L	44780	1447	*	*	*	*	*	171532	*
H	44780	100	99.0	+	0	0	489I100M858I	181344 Even2_305653	171532
L	75187	1435	*	*	*	*	*	3855886	*
H	75187	84	98.8	+	0	0	474I84M877I	181421 Even2_148463	3855886
L	43114	1389	*	*	*	*	*	181689	*
H	43114	100	100.0	+	0	0	515I100M774I	181689 Even1_3393	181689
L	65560	1439	*	*	*	*	*	2653002	*
H	65560	85	97.6	+	0	0	504I85M850I	181719 Even1_95673	2653002
N	*	81	*	*	*	*	*	181756 Even1_376917	*
L	22703	1381	*	*	*	*	*	333341	*
H	22703	92	100.0	+	0	0	502I92M787I	181871 Even2_213358	333341
L	40448	1399	*	*	*	*	*	195781	*
H	40448	100	99.0	+	0	0	527I100M772I	182117 Even2_34886	195781
L	44254	1400	*	*	*	*	*	175485	*
H	44254	100	99.0	+	0	0	527I100M773I	182157 Even2_56073	175485
N	*	81	*	*	*	*	*	182416 Even3_395759	*
L	42966	1394	*	*	*	*	*	182428	*
H	42966	100	98.0	+	0	0	517I100M777I	182428 Even2_297984	182428
L	8745	1524	*	*	*	*	*	584765	*
H	8745	84	98.8	+	0	0	530I6MD77M911I	182653 Even3_4014	584765
L	21908	1396	*	*	*	*	*	339013	*
H	21908	85	100.0	+	0	0	527I85M784I	182874 Even2_1149	339013
L	24700	1393	*	*	*	*	*	318949	*
H	24700	76	97.4	+	0	0	517I76M800I	183039 Even2_234393	318949
L	42842	1393	*	*	*	*	*	183054	*
H	42842	80	98.8	+	0	0	518I80M795I	183054 Even3_57723	183054
L	42887	1374	*	*	*	*	*	182861	*
H	42887	100	100.0	+	0	0	502I100M772I	183089 Even1_1070	182861
L	21391	1361	*	*	*	*	*	342844	*
H	21391	76	100.0	+	0	0	495I76M790I	183139 Even2_23955	342844
L	43489	1402	*	*	*	*	*	179620	*
H	43489	100	99.0	+	0	0	532I100M770I	183161 Even1_2660	179620
L	41067	1349	*	*	*	*	*	192598	*
H	41067	79	98.7	+	0	0	474I79M796I	183162 Even3_245573	192598
L	57681	1495	*	*	*	*	*	828333	*
H	57681	100	97.0	+	0	0	517I100M878I	183163 Even2_272567	828333
L	40416	1391	*	*	*	*	*	195934	*
H	40416	83	98.8	+	0	0	515I83M793I	183467 Even3_87806	195934
L	87601	1444	*	*	*	*	*	4387250	*
H	87601	76	97.4	+	0	0	490I76M878I	183579 Even3_186697	4387250
L	42693	1370	*	*	*	*	*	183783	*
H	42693	100	98.0	+	0	0	498I100M772I	183783 Even2_35294	183783
L	40493	1397	*	*	*	*	*	195508	*
H	40493	85	97.6	+	0	0	527I85M785I	183817 Even3_2346	195508
H	40169	79	98.7	+	0	0	516I79M797I	183855 Even1_222712	197248
L	41276	1402	*	*	*	*	*	191549	*
H	41276	76	100.0	+	0	0	526I76M800I	183867 Even2_384762	191549
L	42664	1389	*	*	*	*	*	183873	*
H	42664	100	100.0	+	0	0	514I100M775I	183873 Even1_198	183873
L	69112	1435	*	*	*	*	*	3082155	*
H	69112	77	97.4	+	0	0	492I77M866I	184296 Even3_33832	3082155
L	12093	1509	*	*	*	*	*	559499	*
H	12093	84	97.6	+	0	0	502I84M923I	184322 Even1_42942	559499
H	8745	82	98.8	+	0	0	530I6MD75M913I	184497 Even2_967	584765
H	46082	100	97.0	+	0	0	505I100M845I	184567 Even1_143217	158393
L	59048	1447	*	*	*	*	*	1848900	*
H	59048	76	100.0	+	0	0	492I76M879I	1848900 Even3_366952	1848900
L	19366	1372	*	*	*	*	*	359149	*
H	19366	100	98.0	+	0	0	498I100M774I	185232 Even3_143074	359149
L	46039	1422	*	*	*	*	*	158711	*
H	46039	83	97.6	+	0	0	506I83M833I	185730 Even3_346860	158711
L	78374	1437	*	*	*	*	*	4256470	*
H	78374	76	100.0	+	0	0	511I76M850I	185888 Even1_18064	4256470
L	86789	1439	*	*	*	*	*	4378519	*
H	86789	82	98.8	+	0	0	486I82M871I	186471 Even3_168464	4378519
H	40448	77	97.4	+	0	0	527I77M795I	186841 Even3_204447	195781
H	8745	80	98.8	+	0	0	530I6MD73M915I	186858 Even2_761	584765
L	78637	1452	*	*	*	*	*	4289377	*
H	78637	93	97.8	+	0	0	481I93M878I	186888 Even2_45911	4289377
L	42132	1396	*	*	*	*	*	186906	*
H	42132	83	97.6	+	0	0	517I83M796I	186906 Even3_174600	186906
L	26759	1394	*	*	*	*	*	303864	*
H	26759	86	97.7	+	0	0	517I86M791I	186968 Even1_86357	303864
L	28433	1374	*	*	*	*	*	293262	*
H	28433	77	98.7	+	0	0	520I77M777I	1871227 Even1_7752	293262
H	42088	76	100.0	+	0	0	508I76M814I	187144 Even3_15276	187144
L	93501	1450	*	*	*	*	*	4449054	*
H	93501	100	98.0	+	0	0	502I100M848I	187178 Even1_116366	4449054
L	42066	1389	*	*	*	*	*	187248	*
H	42066	100	100.0	+	0	0	514I100M775I	187248 Even3_140968	187248
L	16740	1366	*	*	*	*	*	516553	*
H	16740	81	97.5	+	0	0	517I81M768I	187256 Even3_226998	516553
L	42052	1401	*	*	*	*	*	187324	*
H	42052	100	99.0	+	0	0	527I100M774I	187324 Even1_26465	187324
H	42959	82	98.8	+	0	0	531I82M787I	187336 Even1_327857	182483
H	32870	100	99.0	+	0	0	528I100M771I	187443 Even3_16940	260410
L	42683	1386	*	*	*	*	*	183817	*
H	42683	79	97.5	+	0	0	516I79M791I	187623 Even2_71269	183817
L	41984	1387	*	*	*	*	*	187720	*
H	41984	83	98.8	+	0	0	511I83M793I	187720 Even2_38286	187720
L	44057	1391	*	*	*	*	*	176664	*
H	44057	100	99.0	+	0	0	514I100M777I	187811 Even2_235191	176664
L	38348	1489	*	*	*	*	*	213487	*
H	38348	79	98.7	+	0	0	518I79M892I	187894 Even1_48417	213487
H	40416	80	98.8	+	0	0	515I80M796I	187980 Even2_56682	195934
H	12093	77	97.4	+	0	0	502I77M930I	187989 Even1_396707	559499
L	41801	1389	*	*	*	*	*	188818	*
H	41801	90	98.9	+	0	0	515I90M784I	188321 Even1_93538	188818
L	40352	1373	*	*	*	*	*	196271	*
H	40352	88	100.0	+	0	0	498I88M787I	188574 Even3_294952	196271
L	42230	1397	*	*	*	*	*	186352	*
H	42230	100	99.0	+	0	0	525I100M772I	188735 Even1_114089	186352
L	59343	1448	*	*	*	*	*	1888072	*
H	59343	100	100.0	+	0	0	498I100M850I	1888072 Even1_206600	1888072
L	41783	1400	*	*	*	*	*	188887	*
H	41783	100	100.0	+	0	0	528I100M772I	188887 Even3_77065	188887
N	*	79	*	*	*	*	*	188956 Even1_300706	*
L	19448	1358	*	*	*	*	*	357724	*
H	19448	82	97.6	+	0	0	518I82M758I	189150 Even1_189998	357724
L	41697	1392	*	*	*	*	*	189297	*
H	41697	100	99.0	+	0	0	516I100M776I	189297 Even3_101068	189297
L	41659	1401	*	*	*	*	*	189521	*
H	41659	77	98.7	+	0	0	527I77M797I	189521 Even2_377110	189521
L	41658	1379	*	*	*	*	*	189524	*
H	41658	76	100.0	+	0	0	511I76M792I	189524 Even2_237682	189524
L	73775	1431	*	*	*	*	*	3682570	*
H	73775	80	97.5	+	0	0	483I80M868I	189667 Even1_25153	3682570
L	70858	1434	*	*	*	*	*	3301064	*
H	70858	100	98.0	+	0	0	471I100M863I	189679 Even1_86824	3301064
L	59567	1441	*	*	*	*	*	1914811	*
H	59567	100	100.0	+	0	0	471I100M870I	189754 Even3_121895	1914811
L	26461	1382	*	*	*	*	*	306021	*
H	26461	100	100.0	+	0	0	513I100M769I	189924 Even3_72665	306021
L	93803	1450	*	*	*	*	*	4452400	*
H	93803	82	98.8	+	0	0	490I82M878I	189925 Even1_70052	4452400
L	71550	1434	*	*	*	*	*	3387754	*
H	71550	84	98.8	+	0	0	479I84M871I	190107 Even1_99908	3387754
L	41477	1394	*	*	*	*	*	190502	*
H	41477	77	98.7	+	0	0	515I77M802I	190502 Even3_215313	190502
L	79091	1391	*	*	*	*	*	4298291	*
H	79091	76	97.4	+	0	0	521I76M794I	190526 Even3_161986	4298291
L	28796	1387	*	*	*	*	*	291128	*
H	28796	100	99.0	+	0	0	507I100M780I	190637 Even3_107975	291128
H	41441	100	99.0	+	0	0	507I100M769I	190649 Even3_58138	190649
L	18774	1337	*	*	*	*	*	369429	*
H	18774	100	98.0	+	0	0	473I100M764I	190902 Even2_23182	369429
L	41401	1395	*	*	*	*	*	190913	*
H	41401	100	97.0	+	0	0	525I100M770I	190913 Even1_299758	190913
H	28796	100	99.0	+	0	0	507I100M780I	191218 Even3_4688	291128
L	40773	1393	*	*	*	*	*	194215	*
H	40773	100	99.0	+	0	0	524I100M769I	191393 Even2_1412	194215
L	44239	1370	*	*	*	*	*	175560	*
H	44239	79	97.5	+	0	0	502I79M789I	191442 Even3_179767	175560
L	64235	1431	*	*	*	*	*	2487129	*
H	64235	76	98.7	+	0	0	505I76M850I	191487 Even2_384212	2487129
L	59569	1488	*	*	*	*	*	1915223	*
H	59569	100	100.0	+	0	0	504I100M884I	1915223 Even3_49267	1915223
L	26385	1372	*	*	*	*	*	306633	*
H	26385	100	99.0	+	0	0	504I100M768I	191541 Even3_48120	306633
L	42310	1375	*	*	*	*	*	185939	*
H	42310	100	100.0	+	0	0	500I100M775I	191755 Even3_216594	185939
L	28617	1372	*	*	*	*	*	292145	*
H	28617	93	100.0	+	0	0	498I93M781I	191797 Even1_13434	292145
L	20272	1387	*	*	*	*	*	351095	*
H	20272	100	98.0	+	0	0	515I100M772I	192025 Even1_16059	351095
L	41164	1389	*	*	*	*	*	192093	*
H	41164	100	98.0	+	0	0	514I100M775I	192093 Even1_199156	192093
L	91847	1439	*	*	*	*	*	4431558	*
H	91847	79	98.7	+	0	0	494I79M866I	192133 Even1_46324	4431558
N	*	79	*	*	*	*	*	192396 Even2_120363	*
N	*	90	*	*	*	*	*	192504 Even3_329615	*
H	75196	77	100.0	+	0	0	482I77M877I	192619 Even2_365339	3857424
L	26737	1393	*	*	*	*	*	304047	*
H	26737	76	98.7	+	0	0	527I76M790I	192684 Even1_305050	304047
L	41208	1385	*	*	*	*	*	191872	*
H	41208	100	98.0	+	0	0	517I100M768I	1928156 Even1_216901	191872
H	40773	100	99.0	+	0	0	524I100M769I	192818 Even1_76426	194215
L	46161	1452	*	*	*	*	*	157748	*
H	46161	100	98.0	+	0	0	505I100M847I	193233 Even3_359207	157748
L	28324	1387	*	*	*	*	*	294022	*
H	28324	100	100.0	+	0	0	515I100M772I	193235 Even1_117	294022
L	70757	1391	*	*	*	*	*	796865	*
H	70757	96	97.9	+	0	0	520I96M775I	1932546 Even3_316604	796865
L	40938	1390	*	*	*	*	*	193364	*
H	40938	93	97.8	+	0	0	515I93M782I	193364 Even2_111768	193364
L	21046	1384	*	*	*	*	*	345354	*
H	21046	100	100.0	+	0	0	517I100M767I	193477 Even3_23786	345354
H	40493	100	99.0	+	0	0	527I100M770I	193528 Even1_193035	195508
L	59768	1433	*	*	*	*	*	1935637	*
H	59768	91	100.0	+	0	0	483I91M859I	1935637 Even2_21775	1935637
L	19696	1371	*	*	*	*	*	355307	*
H	19696	76	100.0	+	0	0	502I76M793I	193572 Even2_206849	355307
N	*	100	*	*	*	*	*	193667 Even3_5598	*
H	43720	100	99.0	+	0	0	513I100M772I	193679 Even3_527	178447
L	40844	1390	*	*	*	*	*	193863	*
H	40844	100	98.0	+	0	0	515I100M775I	193863 Even1_69797	193863
H	70858	100	97.0	+	0	0	471I100M863I	194077 Even1_131759	3301064
L	43409	1376	*	*	*	*	*	180090	*
H	43409	100	100.0	+	0	0	504I100M772I	194258 Even2_69820	180090
L	22113	1485	*	*	*	*	*	337580	*
H	22113	83	98.8	+	0	0	516I83M886I	194340 Even3_131846	337580
L	41579	1377	*	*	*	*	*	189911	*
H	41579	78	100.0	+	0	0	502I78M797I	194420 Even3_141374	189911
L	59889	1441	*	*	*	*	*	1944498	*
H	59889	100	100.0	+	0	0	501I100M840I	1944498 Even1_76121	1944498
L	41349	1391	*	*	*	*	*	191148	*
H	41349	90	100.0	+	0	0	511I90M790I	194534 Even1_27791	191148
L	42807	1365	*	*	*	*	*	183202	*
H	42807	100	98.0	+	0	0	493I100M772I	1945397 Even2_261436	183202
L	40682	1390	*	*	*	*	*	194615	*
H	40682	79	98.7	+	0	0	515I79M796I	194615 Even3_275595	194615
L	40671	1399	*	*	*	*	*	194667	*
H	40671	100	100.0	+	0	0	527I100M772I	194667 Even2_22112	194667
L	9714	1488	*	*	*	*	*	578211	*
H	9714	82	98.8	+	0	0	524I82M882I	194872 Even1_122802	578211
L	91012	1446	*	*	*	*	*	4422656	*
H	91012	94	97.9	+	0	0	488I94M864I	195015 Even1_224292	4422656
L	43770	1389	*	*	*	*	*	178142	*
H	43770	76	100.0	+	0	0	514I76M799I	195028 Even2_216487	178142
L	22871	1402	*	*	*	*	*	332168	*
H	22871	79	97.5	+	0	0	527I79M796I	195081 Even3_291827	332168
H	32870	100	99.0	+	0	0	528I100M771I	195157 Even2_109074	260410
L	83803	1438	*	*	*	*	*	4346368	*
H	83803	100	97.0	+	0	0	486I100M852I	195258 Even2_74035	4346368
L	42408	1400	*	*	*	*	*	185476	*
H	42408	81	97.5	+	0	0	529I81M790I	195508 Even1_97878	185476
L	40419	1392	*	*	*	*	*	195929	*
H	40419	100	100.0	+	0	0	517I100M775I	195674 Even1_44986	195929
L	40464	1378	*	*	*	*	*	195704	*
H	40464	77	97.4	+	0	0	515I77M786I	195704 Even3_257568	195704
L	31549	1392	*	*	*	*	*	268620	*
H	31549	80	97.5	+	0	0	516I80M796I	195934 Even1_288586	268620
L	88415	1435	*	*	*	*	*	4395677	*
H	88415	100	100.0	+	0	0	495I100M840I	196176 Even1_125	4395677
H	46161	100	99.0	+	0	0	505I100M847I	196219 Even1_101292	157748
L	42595	1383	*	*	*	*	*	184322	*
H	42595	77	100.0	+	0	0	515I77M791I	196249 Even3_12313	184322
L	20618	1382	*	*	*	*	*	348622	*
H	20618	100	99.0	+	0	0	507I100M775I	196286 Even3_126561	348622
H	28617	81	100.0	+	0	0	498I81M793I	196346 Even1_12819	292145
L	29033	1374	*	*	*	*	*	289679	*
H	29033	100	100.0	+	0	0	500I100M774I	196391 Even2_17442	289679
L	40293	1390	*	*	*	*	*	196604	*
H	40293	100	98.0	+	0	0	525I100M765I	196604 Even1_158428	196604
L	52925	1392	*	*	*	*	*	77458	*
H	52925	93	100.0	+	0	0	411I93M888I	196711 Even1_1403	77458
L	19026	1363	*	*	*	*	*	364926	*
H	19026	100	97.0	+	0	0	505I100M758I	196769 Even1_9286	364926
L	41583	1344	*	*	*	*	*	189896	*
H	41583	100	100.0	+	0	0	504I100M740I	196982 Even1_213882	189896
H	88415	100	99.0	+	0	0	495I100M840I	197050 Even2_33694	4395677
L	40208	1391	*	*	*	*	*	197052	*
H	40208	100	100.0	+	0	0	521I100M770I	197052 Even2_291274	197052
L	41582	1387	*	*	*	*	*	189898	*
H	41582	91	100.0	+	0	0	511I91M785I	197080 Even1_140881	189898
L	43052	1390	*	*	*	*	*	181990	*
H	43052	95	98.9	+	0	0	515I95M780I	197091 Even3_102481	181990
L	20327	1389	*	*	*	*	*	350681	*
H	20327	100	99.0	+	0	0	514I100M775I	197204 Even2_40566	350681
L	63212	1441	*	*	*	*	*	2354022	*
H	63212	77	97.4	+	0	0	482I77M882I	197248 Even3_274027	2354022
H	42230	100	100.0	+	0	0	525I100M772I	197367 Even3_146	186352
L	40105	1395	*	*	*	*	*	197537	*
H	40105	84	100.0	+	0	0	525I84M786I	197537 Even2_149814	197537
L	42087	1380	*	*	*	*	*	187150	*
H	42087	95	98.9	+	0	0	511I95M774I	197750 Even3_255518	187150
L	27347	1392	*	*	*	*	*	300267	*
H	27347	100	98.0	+	0	0	517I100M775I	197765 Even1_63897	300267
N	*	78	*	*	*	*	*	197994 Even2_41982	*
L	67437	1428	*	*	*	*	*	2874602	*
H	67437	100	99.0	+	0	0	512I100M816I	198185 Even2_47881	2874602
H	43196	86	97.7	+	0	0	527I86M781I	198221 Even1_105452	181204
L	31106	1443	*	*	*	*	*	271214	*
H	31106	81	100.0	+	0	0	526I81M836I	198449 Even1_2105	271214
L	26035	1350	*	*	*	*	*	309220	*
H	26035	81	98.8	+	0	0	494I81M775I	198468 Even3_387673	309220
L	39947	1406	*	*	*	*	*	198502	*
H	39947	80	97.5	+	0	0	528I80M798I	198502 Even1_214992	198502
L	40771	1381	*	*	*	*	*	194219	*
H	40771	89	98.9	+	0	0	513I89M779I	198587 Even2_74363	194219
L	40397	1391	*	*	*	*	*	196054	*
H	40397	100	100.0	+	0	0	514I100M777I	198636 Even2_153953	196054
L	28099	1396	*	*	*	*	*	295554	*
H	28099	100	98.0	+	0	0	524I100M772I	198786 Even2_29200	295554
L	42616	1397	*	*	*	*	*	184209	*
H	42616	81	98.8	+	0	0	525I81M791I	198788 Even3_23554	184209
L	39876	1512	*	*	*	*	*	198875	*
H	39876	100	100.0	+	0	0	522I100M890I	198875 Even3_22362	198875
L	45105	1494	*	*	*	*	*	167741	*
H	45105	100	99.0	+	0	0	515I100M879I	199036 Even2_13267	167741
H	46039	100	98.0	+	0	0	506I100M816I	199190 Even1_197600	158711
L	39749	1379	*	*	*	*	*	199528	*
H	39749	100	100.0	+	0	0	504I100M775I	199528 Even3_218512	199528
N	*	81	*	*	*	*	*	199627 Even1_136871	*
L	82033	1493	*	*	*	*	*	4328515	*
H	82033	80	97.5	+	0	0	527I80M886I	199716 Even2_93646	4328515
N	*	100	*	*	*	*	*	2016098 Even1_119862	*
H	39187	100	99.0	+	0	0	512I100M766I	204462 Even1_110419	204462
L	52215	1391	*	*	*	*	*	92573	*
H	52215	81	100.0	+	0	0	433I81M877I	204970 Even2_261006	92573
N	*	83	*	*	*	*	*	205306 Even2_397179	*
L	54814	1440	*	*	*	*	*	20534	*
H	54814	81	97.5	+	0	0	502I81M857I	20534 Even3_169174	20534
L	44204	1382	*	*	*	*	*	175761	*
H	44204	100	100.0	+	0	0	513I100M769I	2056702 Even1_47048	175761
L	59514	1438	*	*	*	*	*	1906483	*
H	59514	100	99.0	+	0	0	489I100M849I	205904 Even3_359	1906483
L	38709	1491	*	*	*	*	*	209685	*
H	38709	83	97.6	+	0	0	526I83M882I	206233 Even3_138400	209685
L	39035	1349	*	*	*	*	*	206278	*
H	39035	87	98.9	+	0	0	495I87M767I	206278 Even1_57230	206278
L	44163	1397	*	*	*	*	*	176034	*
H	44163	100	97.0	+	0	0	527I100M770I	2069039 Even2_172648	176034
L	38954	1476	*	*	*	*	*	207126	*
H	38954	100	99.0	+	0	0	505I100M871I	207126 Even2_46822	207126
H	40313	82	97.6	+	0	0	518I82M793I	208996 Even3_203750	196508
L	9109	1503	*	*	*	*	*	582431	*
H	9109	100	97.0	+	0	0	525I100M878I	209920 Even2_217418	582431
L	40544	1394	*	*	*	*	*	195271	*
H	40544	76	100.0	+	0	0	517I76M801I	2101287 Even2_584	195271
L	41102	1391	*	*	*	*	*	192396	*
H	41102	93	98.9	+	0	0	515I93M783I	2104368 Even1_9120	192396
L	38581	1413	*	*	*	*	*	210904	*
H	38581	76	98.7	+	0	0	544I76M793I	210904 Even1_38695	210904
L	90449	1503	*	*	*	*	*	4417158	*
H	90449	81	97.5	+	0	0	526I81M896I	2113291 Even3_109706	4417158
L	59561	1450	*	*	*	*	*	813109	*
H	59561	83	97.6	+	0	0	502I83M865I	211598 Even2_373956	813109
N	*	87	*	*	*	*	*	2116283 Even2_309866	*
L	38502	1488	*	*	*	*	*	211706	*
H	38502	100	100.0	+	0	0	524I100M864I	211706 Even3_27865	211706
L	41833	1392	*	*	*	*	*	188610	*
H	41833	82	100.0	+	0	0	515I82M795I	212341 Even3_3885	188610
L	61395	1425	*	*	*	*	*	2128807	*
H	61395	100	99.0	+	0	0	477I80MI20M847I	2128807 Even2_39858	2128807
N	*	78	*	*	*	*	*	213804 Even1_290157	*
L	29500	1510	*	*	*	*	*	283225	*
H	29500	76	100.0	+	0	0	537I76M897I	213922 Even1_34527	283225
L	43506	1390	*	*	*	*	*	179562	*
H	43506	76	100.0	+	0	0	513I76M801I	215269 Even1_24369	179562
L	40482	1398	*	*	*	*	*	195574	*
H	40482	85	97.6	+	0	0	526I85M787I	215670 Even1_5272	195574
L	38023	1334	*	*	*	*	*	217201	*
H	38023	100	98.0	+	0	0	466I100M768I	217201 Even1_51974	217201
L	74473	1436	*	*	*	*	*	1133201	*
H	74473	100	100.0	+	0	0	541I100M795I	217410 Even2_188567	1133201
L	58663	1523	*	*	*	*	*	217507	*
H	58663	81	97.5	+	0	0	513I81M929I	217507 Even1_86675	217507
L	40152	1389	*	*	*	*	*	197326	*
H	40152	100	99.0	+	0	0	513I100M776I	2183213 Even3_140220	197326
N	*	100	*	*	*	*	*	2185268 Even1_22585	*
L	27267	1382	*	*	*	*	*	300662	*
H	27267	81	97.5	+	0	0	507I81M794I	2190939 Even3_137684	300662
L	61729	1482	*	*	*	*	*	2172155	*
H	61729	76	100.0	+	0	0	472I76M934I	2194872 Even1_385408	2172155
L	37652	1472	*	*	*	*	*	220524	*
H	37652	91	100.0	+	0	0	481I91M900I	220524 Even2_69769	220524
L	72035	1443	*	*	*	*	*	3449121	*
H	72035	100	98.0	+	0	0	492I100M851I	220679 Even3_333398	3449121
L	15217	1399	*	*	*	*	*	534898	*
H	15217	81	100.0	+	0	0	483I81M835I	221361 Even3_2115	534898
L	42308	1391	*	*	*	*	*	185949	*
H	42308	100	99.0	+	0	0	515I100M776I	221784 Even2_26456	185949
L	37498	1525	*	*	*	*	*	221946	*
H	37498	100	98.0	+	0	0	537I100M888I	221946 Even1_322083	221946
L	91997	1413	*	*	*	*	*	4432891	*
H	91997	100	99.0	+	0	0	477I100M836I	222043 Even2_48789	4432891
L	75878	1437	*	*	*	*	*	3943186	*
H	75878	82	100.0	+	0	0	482I82M873I	2220496 Even1_25995	3943186
L	37423	1409	*	*	*	*	*	222706	*
H	37423	93	98.9	+	0	0	529I93M787I	222706 Even3_328320	222706
H	26385	93	97.8	+	0	0	504I93M775I	2229500 Even2_316230	306633
L	12397	1425	*	*	*	*	*	557093	*
H	12397	81	97.5	+	0	0	481I81M863I	223368 Even3_135372	557093
H	43459	82	97.6	+	0	0	514I82M793I	22371 Even3_251321	179760
L	41447	1374	*	*	*	*	*	190637	*
H	41447	76	100.0	+	0	0	500I76M798I	224155 Even1_89991	190637
H	43869	83	97.6	+	0	0	517I83M792I	2256432 Even2_203736	177618
N	*	81	*	*	*	*	*	225920 Even2_6933	*
L	62565	1446	*	*	*	*	*	2271953	*
H	62565	90	100.0	+	0	0	501I90M855I	2271953 Even3_6529	2271953
L	36812	1455	*	*	*	*	*	228556	*
H	36812	100	100.0	+	0	0	478I100M877I	228556 Even2_78848	228556
L	7653	1487	*	*	*	*	*	592771	*
H	7653	79	97.5	+	0	0	524I79M884I	229462 Even1_53193	592771
L	5495	1485	*	*	*	*	*	744029	*
H	5495	100	100.0	+	0	0	501I100M884I	230213 Even1_41011	744029
H	55528	100	98.0	+	0	0	503I100M873I	2304693 Even1_37930	9819
L	36631	1454	*	*	*	*	*	231205	*
H	36631	100	100.0	+	0	0	476I100M878I	231205 Even2_70633	231205
L	91618	1508	*	*	*	*	*	4428775	*
H	91618	80	100.0	+	0	0	529I80M899I	23209 Even2_56034	4428775
N	*	91	*	*	*	*	*	232319 Even1_60093	*
L	84700	1423	*	*	*	*	*	4356100	*
H	84700	78	98.7	+	0	0	484I6MI72M860I	2342005 Even2_45119	4356100
L	36408	1477	*	*	*	*	*	234488	*
H	36408	100	97.0	+	0	0	502I100M875I	234488 Even2_187536	234488
L	63136	1320	*	*	*	*	*	2345806	*
H	63136	100	97.0	+	0	0	400I100M820I	2345806 Even1_350576	2345806
L	63149	1446	*	*	*	*	*	2346777	*
H	63149	100	100.0	+	0	0	485I100M861I	2346777 Even1_82622	2346777
L	20181	1396	*	*	*	*	*	351734	*
H	20181	85	97.6	+	0	0	520I85M791I	2354022 Even2_21751	351734
L	24492	1421	*	*	*	*	*	320422	*
H	24492	92	100.0	+	0	0	466I92M863I	236718 Even3_315601	320422
L	51117	1399	*	*	*	*	*	105504	*
H	51117	80	100.0	+	0	0	435I80M884I	236776 Even1_42621	105504
L	36142	1481	*	*	*	*	*	236801	*
H	36142	90	100.0	+	0	0	505I90M886I	236801 Even1_138062	236801
L	77476	1454	*	*	*	*	*	4143457	*
H	77476	100	100.0	+	0	0	491I100M863I	237444 Even3_41	4143457
L	35548	1458	*	*	*	*	*	240810	*
H	35548	81	97.5	+	0	0	480I81M897I	238820 Even1_84328	240810
L	41161	1397	*	*	*	*	*	192111	*
H	41161	100	98.0	+	0	0	525I100M772I	2388617 Even2_223100	192111
L	45159	1508	*	*	*	*	*	167120	*
H	45159	100	97.0	+	0	0	527I100M881I	239362 Even3_26482	167120
L	35711	1416	*	*	*	*	*	239619	*
H	35711	86	100.0	+	0	0	482I86M848I	239619 Even2_183170	239619
L	67695	1443	*	*	*	*	*	2907653	*
H	67695	85	97.6	+	0	0	431I85M927I	240087 Even1_12206	2907653
L	34524	1526	*	*	*	*	*	248485	*
H	34524	100	99.0	+	0	0	537I100M889I	240687 Even2_75558	248485
L	37355	1495	*	*	*	*	*	223368	*
H	37355	81	98.8	+	0	0	504I81M910I	240810 Even3_49630	223368
L	35237	1386	*	*	*	*	*	243064	*
H	35237	81	97.5	+	0	0	503I81M802I	243064 Even1_55714	243064
L	35049	1490	*	*	*	*	*	244491	*
H	35049	100	100.0	+	0	0	507I100M883I	244491 Even2_80355	244491
L	34968	1527	*	*	*	*	*	245203	*
H	34968	100	99.0	+	0	0	537I100M890I	245203 Even2_321049	245203
L	41937	1376	*	*	*	*	*	187980	*
H	41937	93	97.8	+	0	0	514I93M769I	24546 Even3_4589	187980
H	7341	100	98.0	+	0	0	524I100M875I	246846 Even1_64711	610462
L	12158	1353	*	*	*	*	*	558911	*
H	12158	76	98.7	+	0	0	496I76M781I	247758 Even3_298420	558911
L	7544	1479	*	*	*	*	*	593492	*
H	7544	87	98.9	+	0	0	497I87M895I	249571 Even3_23658	593492
L	64338	1460	*	*	*	*	*	2499530	*
H	64338	85	98.8	+	0	0	510I85M865I	2499530 Even1_244668	2499530
L	43033	1496	*	*	*	*	*	182065	*
H	43033	100	100.0	+	0	0	516I100M880I	25005 Even2_87410	182065
L	15903	1368	*	*	*	*	*	527507	*
H	15903	82	97.6	+	0	0	440I82M846I	250082 Even1_104153	527507
L	64359	1356	*	*	*	*	*	2502219	*
H	64359	100	100.0	+	0	0	503I100M753I	2502219 Even1_221954	2502219
L	43946	1391	*	*	*	*	*	177224	*
H	43946	84	97.6	+	0	0	516I84M791I	2532173 Even3_280218	177224
H	52925	92	100.0	+	0	0	411I92M889I	253380 Even3_312	77458
L	56056	1410	*	*	*	*	*	2534	*
H	56056	100	98.0	+	0	0	504I100M806I	2534 Even1_185262	2534
L	33735	1437	*	*	*	*	*	254336	*
H	33735	86	97.7	+	0	0	468I86M883I	254336 Even2_350841	254336
L	27088	1396	*	*	*	*	*	301608	*
H	27088	83	98.8	+	0	0	522I83M791I	255359 Even2_779	301608
L	92304	1434	*	*	*	*	*	4436046	*
H	92304	76	98.7	+	0	0	477I76M881I	2555599 Even3_22708	4436046
L	33456	1422	*	*	*	*	*	256400	*
H	33456	78	97.4	+	0	0	461I78M883I	256400 Even1_98759	256400
L	97578	1465	*	*	*	*	*	251062	*
H	97578	93	98.9	+	0	0	495I93M877I	2569437 Even1_131854	251062
L	64869	1458	*	*	*	*	*	2571975	*
H	64869	85	97.6	+	0	0	494I85M879I	2571975 Even3_205049	2571975
L	7257	1420	*	*	*	*	*	615907	*
H	7257	85	98.8	+	0	0	459I85M876I	2584634 Even1_21370	615907
L	65041	1512	*	*	*	*	*	2592671	*
H	65041	92	100.0	+	0	0	507I92M913I	2592671 Even1_306009	2592671
L	43197	1382	*	*	*	*	*	181193	*
H	43197	76	97.4	+	0	0	507I76M799I	259494 Even1_95319	181193
L	65126	1428	*	*	*	*	*	2599028	*
H	65126	100	100.0	+	0	0	492I100M836I	2599028 Even1_5520	2599028
L	65135	1436	*	*	*	*	*	2599837	*
H	65135	100	100.0	+	0	0	487I100M849I	2599837 Even3_2059	2599837
L	46011	1453	*	*	*	*	*	158908	*
H	46011	100	97.0	+	0	0	506I100M847I	2612863 Even2_43093	158908
L	32545	1454	*	*	*	*	*	262433	*
H	32545	100	99.0	+	0	0	493I100M861I	262433 Even1_162183	262433
L	63462	1423	*	*	*	*	*	1031197	*
H	63462	100	98.0	+	0	0	497I100M826I	262661 Even1_137851	1031197
L	32398	1455	*	*	*	*	*	263285	*
H	32398	80	97.5	+	0	0	480I80M895I	263285 Even2_95924	263285
L	32337	1393	*	*	*	*	*	263645	*
H	32337	83	100.0	+	0	0	515I83M795I	263645 Even1_116089	263645
H	42595	76	100.0	+	0	0	515I76M792I	263820 Even2_603	184322
L	13092	1331	*	*	*	*	*	551295	*
H	13092	76	100.0	+	0	0	428I76M827I	264036 Even3_165939	551295
L	65003	1518	*	*	*	*	*	1142107	*
H	65003	100	98.0	+	0	0	487I100M931I	265094 Even3_65762	1142107
L	16993	1388	*	*	*	*	*	513773	*
H	16993	100	99.0	+	0	0	510I100M778I	2651333 Even1_167366	513773
L	47598	1537	*	*	*	*	*	146743	*
H	47598	82	98.8	+	0	0	528I82M927I	2654261 Even2_13319	146743
L	65570	1438	*	*	*	*	*	2654263	*
H	65570	95	98.9	+	0	0	495I95M848I	2654263 Even2_345965	2654263
L	25726	1386	*	*	*	*	*	311499	*
H	25726	83	100.0	+	0	0	514I83M789I	265563 Even1_61965	311499
L	24569	1463	*	*	*	*	*	319898	*
H	24569	83	97.6	+	0	0	506I83M874I	265708 Even2_163066	319898
L	65666	1517	*	*	*	*	*	2663629	*
H	65666	76	100.0	+	0	0	515I76M926I	2663629 Even2_139286	2663629
L	27704	1392	*	*	*	*	*	297970	*
H	27704	76	100.0	+	0	0	516I76M800I	267626 Even3_132181	297970
N	*	78	*	*	*	*	*	268425 Even3_166681	*
L	65869	1449	*	*	*	*	*	2686590	*
H	65869	100	99.0	+	0	0	493I100M856I	2686590 Even2_118794	2686590
L	31536	1397	*	*	*	*	*	268693	*
H	31536	100	99.0	+	0	0	519I100M778I	268693 Even1_72808	268693
L	31422	1444	*	*	*	*	*	269327	*
H	31422	100	100.0	+	0	0	512I100M832I	269327 Even3_47489	269327
L	31407	1480	*	*	*	*	*	269386	*
H	31407	100	100.0	+	0	0	492I100M888I	269386 Even3_35618	269386
L	31357	1392	*	*	*	*	*	269621	*
H	31357	76	97.4	+	0	0	517I76M799I	269716 Even3_323008	269621
L	41958	1395	*	*	*	*	*	187841	*
H	41958	100	98.0	+	0	0	525I100M770I	270094 Even1_196124	187841
L	45073	1507	*	*	*	*	*	168031	*
H	45073	100	99.0	+	0	0	500I100M907I	27032 Even3_43725	168031
N	*	83	*	*	*	*	*	271191 Even1_75679	*
L	31098	1395	*	*	*	*	*	271259	*
H	31098	93	100.0	+	0	0	526I93M776I	271259 Even1_180353	271259
L	9825	1380	*	*	*	*	*	577082	*
H	9825	82	98.8	+	0	0	507I82M791I	271406 Even2_255803	577082
L	16250	1382	*	*	*	*	*	523025	*
H	16250	100	100.0	+	0	0	533I100M749I	272150 Even2_59040	523025
L	26806	1446	*	*	*	*	*	303444	*
H	26806	100	97.0	+	0	0	487I100M859I	272886 Even3_101742	303444
L	16275	1394	*	*	*	*	*	522595	*
H	16275	100	100.0	+	0	0	522I100M772I	2730944 Even3_48	522595
L	22204	1385	*	*	*	*	*	336947	*
H	22204	78	98.7	+	0	0	515I78M792I	273954 Even3_102147	336947
L	23876	1391	*	*	*	*	*	325098	*
H	23876	76	100.0	+	0	0	515I76M800I	274095 Even1_111550	325098
L	85353	1494	*	*	*	*	*	4363442	*
H	85353	90	98.9	+	0	0	522I90M882I	27485 Even2_38471	4363442
L	26841	1390	*	*	*	*	*	303221	*
H	26841	100	97.0	+	0	0	523I100M767I	2750316 Even3_393138	303221
H	71550	83	98.8	+	0	0	479I83M872I	276643 Even3_57480	3387754
L	60051	1433	*	*	*	*	*	914789	*
H	60051	100	100.0	+	0	0	476I100M857I	276678 Even1_65893	914789
L	41746	1377	*	*	*	*	*	189064	*
H	41746	100	99.0	+	0	0	511I100M766I	2771891 Even2_85696	189064
L	62486	1489	*	*	*	*	*	1126190	*
H	62486	100	98.0	+	0	0	524I100M865I	278390 Even1_21772	1126190
L	40675	1389	*	*	*	*	*	194659	*
H	40675	79	98.7	+	0	0	514I79M796I	279235 Even2_9845	194659
L	29678	1493	*	*	*	*	*	279297	*
H	29678	100	97.0	+	0	0	513I100M880I	279297 Even1_181550	279297
N	*	87	*	*	*	*	*	2797559 Even3_342	*
L	8811	1491	*	*	*	*	*	584375	*
H	8811	89	97.8	+	0	0	507I89M895I	28109 Even3_293453	584375
L	59938	1449	*	*	*	*	*	1951826	*
H	59938	100	100.0	+	0	0	498I100M851I	284014 Even3_50813	1951826
L	67383	1435	*	*	*	*	*	2868079	*
H	67383	100	97.0	+	0	0	470I100M865I	2868079 Even3_194562	2868079
L	68116	1454	*	*	*	*	*	2957436	*
H	68116	80	97.5	+	0	0	502I80M872I	287645 Even3_72602	2957436
H	21687	76	100.0	+	0	0	501I76M801I	287755 Even3_31923	340642
H	27088	80	100.0	+	0	0	522I80M794I	287813 Even2_1563	301608
L	25979	1379	*	*	*	*	*	309696	*
H	25979	76	98.7	+	0	0	507I76M796I	288235 Even3_424	309696
H	42088	100	99.0	+	0	0	508I100M790I	288367 Even1_196732	187144
L	29224	1408	*	*	*	*	*	288417	*
H	29224	100	100.0	+	0	0	533I100M775I	288417 Even1_25883	288417
L	41817	1396	*	*	*	*	*	188706	*
H	41817	100	97.0	+	0	0	526I100M770I	288889 Even2_19221	188706
L	29153	1375	*	*	*	*	*	288930	*
H	29153	100	100.0	+	0	0	506I100M769I	288930 Even1_1367	288930
L	43641	1392	*	*	*	*	*	178809	*
H	43641	93	98.9	+	0	0	517I93M782I	288955 Even3_9730	178809
L	20841	1366	*	*	*	*	*	346938	*
H	20841	83	97.6	+	0	0	528I83M755I	289257 Even3_9539	346938
H	28617	80	100.0	+	0	0	498I80M794I	289622 Even3_395	292145
L	60911	1459	*	*	*	*	*	2072645	*
H	60911	100	98.0	+	0	0	452I100M907I	289709 Even3_297431	2072645
L	43541	1392	*	*	*	*	*	179400	*
H	43541	100	98.0	+	0	0	517I100M775I	289725 Even3_322479	179400
L	88026	1444	*	*	*	*	*	4391326	*
H	88026	82	98.8	+	0	0	496I82M866I	289748 Even1_82058	4391326
L	36037	1442	*	*	*	*	*	237444	*
H	36037	80	98.8	+	0	0	484I80M878I	289925 Even3_4181	237444
L	43765	1391	*	*	*	*	*	178173	*
H	43765	78	98.7	+	0	0	515I78M798I	289929 Even3_338047	178173
L	67651	1423	*	*	*	*	*	2902741	*
H	67651	100	100.0	+	0	0	488I100M835I	2902741 Even1_166211	2902741
L	40730	1391	*	*	*	*	*	194416	*
H	40730	100	99.0	+	0	0	515I100M776I	290362 Even3_1675	194416
L	28899	1367	*	*	*	*	*	290468	*
H	28899	100	100.0	+	0	0	513I100M754I	290468 Even1_10169	290468
L	23401	1408	*	*	*	*	*	328283	*
H	23401	89	98.9	+	0	0	533I89M786I	290735 Even1_90101	328283
L	79925	1394	*	*	*	*	*	4306836	*
H	79925	83	98.8	+	0	0	521I83M790I	290759 Even3_59706	4306836
N	*	80	*	*	*	*	*	290900 Even2_333502	*
L	43789	1386	*	*	*	*	*	178042	*
H	43789	76	98.7	+	0	0	513I76M797I	291266 Even3_362188	178042
L	34438	1455	*	*	*	*	*	249142	*
H	34438	100	97.0	+	0	0	497I100M858I	291267 Even2_34138	249142
L	40473	1391	*	*	*	*	*	195646	*
H	40473	82	98.8	+	0	0	515I82M794I	2915091 Even3_14443	195646
L	44357	1391	*	*	*	*	*	174882	*
H	44357	100	98.0	+	0	0	515I100M776I	291794 Even3_91487	174882
H	16098	100	99.0	+	0	0	527I100M771I	292041 Even3_29896	524891
L	28625	1391	*	*	*	*	*	292085	*
H	28625	76	100.0	+	0	0	515I76M800I	292085 Even1_205785	292085
H	23876	88	100.0	+	0	0	515I88M788I	292216 Even2_64800	325098
N	*	77	*	*	*	*	*	292255 Even1_145147	*
L	28590	1397	*	*	*	*	*	292260	*
H	28590	100	99.0	+	0	0	525I100M772I	292260 Even3_73638	292260
L	3082	1464	*	*	*	*	*	835880	*
H	3082	91	97.8	+	0	0	506I91M867I	292289 Even2_186192	835880
L	76302	1493	*	*	*	*	*	792436	*
H	76302	100	100.0	+	0	0	517I100M876I	292399 Even1_8	792436
L	28542	1499	*	*	*	*	*	292521	*
H	28542	91	100.0	+	0	0	498I91M910I	292521 Even3_57807	292521
L	21846	1397	*	*	*	*	*	339457	*
H	21846	84	98.8	+	0	0	526I84M787I	292634 Even3_378602	339457
L	17569	1401	*	*	*	*	*	509636	*
H	17569	100	98.0	+	0	0	528I100M773I	292921 Even1_12	509636
L	41251	1397	*	*	*	*	*	191657	*
H	41251	100	98.0	+	0	0	523I100M774I	2932151 Even3_312344	191657
L	17422	1388	*	*	*	*	*	510780	*
H	17422	84	98.8	+	0	0	515I84M789I	293600 Even2_594	510780
H	42595	79	98.7	+	0	0	515I79M789I	293886 Even3_9254	184322
L	72383	1385	*	*	*	*	*	3487876	*
H	72383	92	98.9	+	0	0	511I92M782I	294022 Even3_31230	3487876
L	22820	1390	*	*	*	*	*	332500	*
H	22820	92	97.8	+	0	0	515I92M783I	294353 Even3_28073	332500
L	28259	1382	*	*	*	*	*	294440	*
H	28259	100	100.0	+	0	0	504I100M778I	294440 Even1_4308	294440
L	40505	1388	*	*	*	*	*	195465	*
H	40505	95	97.9	+	0	0	513I95M780I	294708 Even2_349142	195465
L	24441	1391	*	*	*	*	*	320786	*
H	24441	76	100.0	+	0	0	516I76M799I	295205 Even2_33827	320786
L	30976	1497	*	*	*	*	*	272076	*
H	30976	77	97.4	+	0	0	516I77M904I	295250 Even2_227416	272076
L	42135	1394	*	*	*	*	*	186888	*
H	42135	78	97.4	+	0	0	515I78M801I	295361 Even1_114438	186888
H	28099	100	100.0	+	0	0	524I100M772I	295554 Even2_79390	295554
L	40124	1394	*	*	*	*	*	197458	*
H	40124	95	100.0	+	0	0	517I95M782I	295737 Even1_3580	197458
H	62565	93	100.0	+	0	0	501I93M852I	2957436 Even1_371	2271953
L	40200	1403	*	*	*	*	*	197091	*
H	40200	91	98.9	+	0	0	517I91M795I	296010 Even2_12128	197091
L	23447	1347	*	*	*	*	*	327969	*
H	23447	91	97.8	+	0	0	495I91M761I	296103 Even2_107261	327969
N	*	76	*	*	*	*	*	296222 Even1_237639	*
N	*	100	*	*	*	*	*	296358 Even1_93546	*
H	42887	100	99.0	+	0	0	502I100M772I	296420 Even2_104624	182861
L	44588	1451	*	*	*	*	*	173565	*
H	44588	85	97.6	+	0	0	508I85M858I	296442 Even1_290913	173565
L	27881	1390	*	*	*	*	*	296872	*
H	27881	100	100.0	+	0	0	515I100M775I	296872 Even2_164169	296872
L	42729	1386	*	*	*	*	*	183603	*
H	42729	100	97.0	+	0	0	526I100M760I	297057 Even3_50565	183603
L	27829	1392	*	*	*	*	*	297182	*
H	27829	100	100.0	+	0	0	516I100M776I	297182 Even1_22282	297182
H	40482	88	98.9	+	0	0	526I88M784I	297414 Even1_60725	195574
L	9853	1421	*	*	*	*	*	576914	*
H	9853	83	97.6	+	0	0	483I83M855I	297529 Even1_316393	576914
L	21281	1382	*	*	*	*	*	343699	*
H	21281	84	98.8	+	0	0	507I84M791I	297641 Even3_8630	343699
L	42184	1391	*	*	*	*	*	186624	*
H	42184	93	100.0	+	0	0	516I93M782I	297643 Even2_1760	186624
L	9687	1438	*	*	*	*	*	578401	*
H	9687	100	98.0	+	0	0	509I100M829I	297771 Even1_45282	578401
L	27714	1390	*	*	*	*	*	297917	*
H	27714	100	100.0	+	0	0	515I100M775I	297917 Even1_285	297917
L	68298	1468	*	*	*	*	*	2979308	*
H	68298	84	98.8	+	0	0	510I84M874I	2979308 Even3_386188	2979308
N	*	100	*	*	*	*	*	298379 Even2_139195	*
L	17677	1387	*	*	*	*	*	508984	*
H	17677	100	97.0	+	0	0	514I100M773I	298557 Even3_222616	508984
H	42135	93	97.8	+	0	0	515I93M786I	298562 Even2_209967	186888
L	23212	1365	*	*	*	*	*	329688	*
H	23212	76	98.7	+	0	0	496I76M793I	2990918 Even2_141216	329688
L	88138	1453	*	*	*	*	*	4392549	*
H	88138	77	97.4	+	0	0	500I77M876I	299151 Even3_195277	4392549
L	21423	1401	*	*	*	*	*	342638	*
H	21423	81	98.8	+	0	0	528I81M792I	299882 Even3_29073	342638
L	27357	1389	*	*	*	*	*	300222	*
H	27357	77	100.0	+	0	0	514I77M798I	300222 Even2_183844	300222
L	43079	1390	*	*	*	*	*	181864	*
H	43079	84	100.0	+	0	0	514I84M792I	300517 Even2_6311	181864
N	*	100	*	*	*	*	*	300662 Even3_55830	*
L	19984	1370	*	*	*	*	*	353124	*
H	19984	91	97.8	+	0	0	517I91M762I	300672 Even2_91372	353124
H	28433	76	98.7	+	0	0	520I76M778I	300695 Even3_390832	293262
H	41833	79	100.0	+	0	0	515I79M798I	300716 Even3_891	188610
L	55508	1506	*	*	*	*	*	10212	*
H	55508	100	99.0	+	0	0	513I100M893I	300729 Even1_61505	10212
H	42146	77	98.7	+	0	0	515I77M800I	300766 Even3_8674	186858
L	69832	1368	*	*	*	*	*	842594	*
H	69832	81	98.8	+	0	0	510I81M777I	301033 Even1_338276	842594
L	25477	1401	*	*	*	*	*	313121	*
H	25477	96	99.0	+	0	0	528I96M777I	301253 Even1_3058	313121
L	24533	1392	*	*	*	*	*	320197	*
H	24533	84	97.6	+	0	0	516I84M792I	301306 Even3_95035	320197
L	36138	1421	*	*	*	*	*	236821	*
H	36138	100	98.0	+	0	0	485I100M836I	3015659 Even2_276490	236821
L	42150	1396	*	*	*	*	*	186841	*
H	42150	96	99.0	+	0	0	527I96M773I	301578 Even2_55163	186841
H	27088	100	100.0	+	0	0	522I100M774I	301608 Even1_4274	301608
L	41549	1392	*	*	*	*	*	190076	*
H	41549	100	97.0	+	0	0	517I100M775I	301765 Even1_305535	190076
L	68639	1504	*	*	*	*	*	3020733	*
H	68639	100	99.0	+	0	0	527I100M877I	3020733 Even1_60975	3020733
L	91153	1391	*	*	*	*	*	4424111	*
H	91153	100	97.0	+	0	0	453I100M838I	3021821 Even2_287526	4424111
N	*	80	*	*	*	*	*	302395 Even3_78389	*
L	26890	1427	*	*	*	*	*	302919	*
H	26890	100	98.0	+	0	0	534I100M793I	302919 Even2_33917	302919
H	27088	81	98.8	+	0	0	522I81M793I	303161 Even1_107390	301608
L	23051	1390	*	*	*	*	*	330989	*
H	23051	76	100.0	+	0	0	515I76M799I	303169 Even2_71	330989
L	44112	1390	*	*	*	*	*	176282	*
H	44112	76	98.7	+	0	0	515I76M799I	303452 Even2_275912	176282
H	26759	93	97.8	+	0	0	517I93M784I	303864 Even1_115493	303864
L	83175	1432	*	*	*	*	*	4340358	*
H	83175	88	98.9	+	0	0	484I88M860I	304047 Even2_240926	4340358
L	40302	1389	*	*	*	*	*	196577	*
H	40302	85	97.6	+	0	0	515I85M789I	304568 Even2_118420	196577
L	2227	1357	*	*	*	*	*	912669	*
H	2227	100	100.0	+	0	0	500I100M757I	3047667 Even2_176625	912669
N	*	100	*	*	*	*	*	304871 Even3_50919	*
H	24533	78	98.7	+	0	0	516I78M798I	305272 Even1_274123	320197
H	52925	76	100.0	+	0	0	411I76M905I	305329 Even2_3078	77458
L	26468	1437	*	*	*	*	*	305982	*
H	26468	100	100.0	+	0	0	473I100M864I	305982 Even1_97579	305982
L	22459	1392	*	*	*	*	*	335212	*
H	22459	88	97.7	+	0	0	515I88M789I	306368 Even1_126509	335212
H	43506	80	97.5	+	0	0	513I80M797I	306633 Even1_112708	179562
L	28287	1387	*	*	*	*	*	294270	*
H	28287	100	98.0	+	0	0	523I100M764I	307571 Even2_270932	294270
L	71904	1519	*	*	*	*	*	1133002	*
H	71904	84	97.6	+	0	0	541I84M894I	307872 Even1_375928	1133002
H	43079	82	100.0	+	0	0	514I82M794I	308426 Even3_1562	181864
L	66583	1324	*	*	*	*	*	1133172	*
H	66583	100	99.0	+	0	0	370I100M854I	308502 Even2_27716	1133172
L	26114	1445	*	*	*	*	*	308629	*
H	26114	100	98.0	+	0	0	459I100M886I	308629 Even3_270775	308629
L	2568	1353	*	*	*	*	*	875709	*
H	2568	79	97.5	+	0	0	497I79M777I	3088282 Even1_387247	875709
L	27555	1402	*	*	*	*	*	298988	*
H	27555	100	99.0	+	0	0	533I100M769I	309696 Even3_83568	298988
H	84700	81	97.5	+	0	0	484I6MI75M857I	3101394 Even2_321600	4356100
L	49824	1482	*	*	*	*	*	115049	*
H	49824	82	98.8	+	0	0	515I82M885I	310380 Even2_674	115049
H	72383	76	98.7	+	0	0	511I76M798I	310608 Even3_94503	3487876
L	25853	1389	*	*	*	*	*	310669	*
H	25853	93	97.8	+	0	0	517I93M779I	310669 Even3_327998	310669
L	22264	1393	*	*	*	*	*	336528	*
H	22264	79	97.5	+	0	0	518I79M796I	311423 Even2_178909	336528
L	93585	1458	*	*	*	*	*	4450010	*
H	93585	91	97.8	+	0	0	496I91M871I	311704 Even2_313721	4450010
L	25646	1355	*	*	*	*	*	311950	*
H	25646	100	100.0	+	0	0	504I100M751I	311950 Even1_56926	311950
L	92624	1428	*	*	*	*	*	4439360	*
H	92624	100	97.0	+	0	0	496I100M832I	312140 Even1_22955	4439360
H	22703	79	98.7	+	0	0	502I79M800I	312325 Even3_32041	333341
L	25548	1356	*	*	*	*	*	312586	*
H	25548	100	99.0	+	0	0	498I100M758I	312586 Even3_15693	312586
L	90171	1434	*	*	*	*	*	4414420	*
H	90171	78	97.4	+	0	0	498I78M858I	312770 Even2_299647	4414420
L	41964	1392	*	*	*	*	*	187812	*
H	41964	79	97.5	+	0	0	517I79M796I	313086 Even2_19783	187812
L	25478	1382	*	*	*	*	*	313106	*
H	25478	80	97.5	+	0	0	502I80M800I	313106 Even3_136924	313106
L	27948	1402	*	*	*	*	*	296442	*
H	27948	91	98.9	+	0	0	528I91M783I	313121 Even2_29545	296442
H	20272	76	98.7	+	0	0	515I76M796I	313423 Even1_145247	351095
L	25410	1391	*	*	*	*	*	313593	*
H	25410	82	100.0	+	0	0	516I82M793I	313593 Even2_48992	313593
N	*	86	*	*	*	*	*	3141094 Even1_212388	*
L	75755	1442	*	*	*	*	*	3929758	*
H	75755	83	97.6	+	0	0	493I83M866I	3148447 Even1_312306	3929758
L	69685	1323	*	*	*	*	*	3156804	*
H	69685	100	99.0	+	0	0	418I100M805I	3156804 Even1_120358	3156804
L	74139	1456	*	*	*	*	*	3723096	*
H	74139	93	98.9	+	0	0	501I93M862I	3166216 Even2_335245	3723096
L	40049	1399	*	*	*	*	*	197924	*
H	40049	100	98.0	+	0	0	525I100M774I	316761 Even2_25494	197924
L	44087	1390	*	*	*	*	*	176467	*
H	44087	76	100.0	+	0	0	515I76M799I	317205 Even2_15936	176467
L	84958	1455	*	*	*	*	*	4359056	*
H	84958	83	100.0	+	0	0	517I83M855I	3173413 Even2_241575	4359056
L	83861	1359	*	*	*	*	*	4347159	*
H	83861	79	97.5	+	0	0	499I79M781I	3177392 Even1_22478	4347159
L	24808	1411	*	*	*	*	*	318184	*
H	24808	81	98.8	+	0	0	418I81M912I	318184 Even2_151506	318184
L	40556	1393	*	*	*	*	*	195207	*
H	40556	77	98.7	+	0	0	518I77M798I	318445 Even1_138385	195207
L	96135	1439	*	*	*	*	*	4476751	*
H	96135	100	97.0	+	0	0	482I100M857I	318446 Even2_27520	4476751
L	18714	1359	*	*	*	*	*	370361	*
H	18714	76	97.4	+	0	0	495I76M788I	319165 Even2_384826	370361
L	24655	1392	*	*	*	*	*	319262	*
H	24655	100	98.0	+	0	0	517I100M775I	319262 Even1_344997	319262
L	69833	1433	*	*	*	*	*	3173413	*
H	69833	100	98.0	+	0	0	490I100M843I	319621 Even1_254	3173413
L	43011	1388	*	*	*	*	*	182163	*
H	43011	100	97.0	+	0	0	520I100M768I	319680 Even2_140631	182163
H	15863	100	98.0	+	0	0	494I100M847I	319870 Even1_288	527988
L	95422	1441	*	*	*	*	*	4469302	*
H	95422	83	98.8	+	0	0	478I83M880I	319938 Even3_161270	4469302
L	39814	1392	*	*	*	*	*	199190	*
H	39814	100	99.0	+	0	0	521I100M771I	320120 Even1_33125	199190
L	23273	1351	*	*	*	*	*	329205	*
H	23273	76	97.4	+	0	0	494I76M781I	3203801 Even1_106354	329205
L	454	1493	*	*	*	*	*	1105552	*
H	454	100	100.0	+	0	0	515I100M878I	320430 Even3_4520	1105552
H	85984	76	100.0	+	0	0	494I76M859I	320557 Even1_13208	4370025
H	40416	100	97.0	+	0	0	515I100M776I	320786 Even1_24174	195934
L	42553	1395	*	*	*	*	*	184567	*
H	42553	100	97.0	+	0	0	525I100M770I	3211875 Even1_72426	184567
L	83327	1439	*	*	*	*	*	4341534	*
H	83327	93	98.9	+	0	0	481I93M865I	321693 Even1_228046	4341534
L	82241	1393	*	*	*	*	*	4331006	*
H	82241	83	97.6	+	0	0	522I55MI28M787I	321875 Even2_293401	4331006
L	43108	1389	*	*	*	*	*	181718	*
H	43108	76	98.7	+	0	0	515I76M798I	322087 Even1_245705	181718
L	70265	1444	*	*	*	*	*	3228684	*
H	70265	100	100.0	+	0	0	491I100M853I	3228684 Even1_15182	3228684
H	55508	100	100.0	+	0	0	513I100M893I	3232397 Even2_5	10212
L	40880	1389	*	*	*	*	*	193679	*
H	40880	78	97.4	+	0	0	514I78M797I	3236435 Even3_258100	193679
L	44150	1389	*	*	*	*	*	176080	*
H	44150	100	97.0	+	0	0	514I100M775I	323794 Even1_147128	176080
L	345	1497	*	*	*	*	*	1107029	*
H	345	100	100.0	+	0	0	518I100M879I	3243803 Even1_21019	1107029
H	20605	100	100.0	+	0	0	515I100M770I	3244671 Even3_78	348751
L	23759	1464	*	*	*	*	*	325796	*
H	23759	100	97.0	+	0	0	492I100M872I	325796 Even1_331257	325796
L	39948	1388	*	*	*	*	*	198494	*
H	39948	76	100.0	+	0	0	514I76M798I	326113 Even3_14053	198494
L	42865	1324	*	*	*	*	*	182956	*
H	42865	100	100.0	+	0	0	486I100M738I	326430 Even3_55	182956
H	23641	100	100.0	+	0	0	508I100M770I	326626 Even1_57361	326626
N	*	76	*	*	*	*	*	3267277 Even2_300880	*
L	28254	1332	*	*	*	*	*	294499	*
H	28254	76	100.0	+	0	0	490I76M766I	326850 Even3_9	294499
L	20333	1345	*	*	*	*	*	350626	*
H	20333	78	97.4	+	0	0	504I78M763I	326865 Even1_341683	350626
L	65150	1458	*	*	*	*	*	1129210	*
H	65150	82	98.8	+	0	0	445I82M931I	3270631 Even1_88683	1129210
L	26125	1364	*	*	*	*	*	308502	*
H	26125	76	97.4	+	0	0	486I76M802I	327076 Even1_91531	308502
L	55946	1477	*	*	*	*	*	3439	*
H	55946	100	97.0	+	0	0	475I100M902I	327536 Even1_99813	3439
L	70678	1523	*	*	*	*	*	3276016	*
H	70678	79	100.0	+	0	0	509I79M935I	3276016 Even1_25487	3276016
L	76771	1465	*	*	*	*	*	807226	*
H	76771	100	99.0	+	0	0	488I100M877I	327756 Even2_49458	807226
L	23465	1409	*	*	*	*	*	327851	*
H	23465	100	100.0	+	0	0	535I100M774I	327851 Even1_3527	327851
L	21528	1499	*	*	*	*	*	341853	*
H	21528	96	100.0	+	0	0	520I96M883I	328095 Even1_147835	341853
H	23380	80	100.0	+	0	0	533I80M891I	328458 Even1_102236	328458
L	22128	1442	*	*	*	*	*	337495	*
H	22128	100	97.0	+	0	0	482I100M860I	328466 Even2_168209	337495
H	23051	78	98.7	+	0	0	515I78M797I	328747 Even2_142748	330989
H	42865	79	98.7	+	0	0	486I79M759I	328836 Even3_68742	182956
H	62639	100	98.0	+	0	0	490I100M843I	328936 Even1_14451	2280817
L	25895	1347	*	*	*	*	*	310380	*
H	25895	84	97.6	+	0	0	480I84M783I	329662 Even3_94318	310380
L	23188	1491	*	*	*	*	*	329817	*
H	23188	100	99.0	+	0	0	518I100M873I	329817 Even2_105218	329817
L	39804	1392	*	*	*	*	*	199245	*
H	39804	100	97.0	+	0	0	517I100M775I	330116 Even2_1431	199245
H	41251	100	99.0	+	0	0	523I100M774I	3301187 Even2_67775	191657
L	9221	1506	*	*	*	*	*	581541	*
H	9221	76	97.4	+	0	0	499I76M931I	331093 Even1_248307	581541
L	43076	1391	*	*	*	*	*	181871	*
H	43076	76	100.0	+	0	0	515I76M800I	331491 Even1_6589	181871
L	69924	1455	*	*	*	*	*	3186388	*
H	69924	92	97.8	+	0	0	499I92M864I	3318103 Even1_74206	3186388
H	43076	77	100.0	+	0	0	515I77M799I	332168 Even2_13635	181871
L	26938	1362	*	*	*	*	*	302553	*
H	26938	76	97.4	+	0	0	515I76M771I	332303 Even3_312015	302553
L	85235	1492	*	*	*	*	*	4362165	*
H	85235	80	98.8	+	0	0	518I80M894I	332326 Even3_217361	4362165
L	27761	1400	*	*	*	*	*	297641	*
H	27761	80	97.5	+	0	0	518I80M802I	332500 Even1_88803	297641
L	20569	1408	*	*	*	*	*	349024	*
H	20569	100	98.0	+	0	0	534I100M774I	332718 Even1_55890	349024
L	28381	1364	*	*	*	*	*	293594	*
H	28381	81	98.8	+	0	0	488I81M795I	332764 Even1_8070	293594
L	88834	1508	*	*	*	*	*	4399988	*
H	88834	80	97.5	+	0	0	527I80M901I	332935 Even2_31266	4399988
L	32551	1399	*	*	*	*	*	262410	*
H	32551	83	97.6	+	0	0	521I83M795I	333341 Even2_89202	262410
H	85984	78	97.4	+	0	0	494I78M857I	333351 Even3_125573	4370025
L	89682	1503	*	*	*	*	*	4409025	*
H	89682	100	98.0	+	0	0	520I100M883I	3333615 Even2_57169	4409025
L	21745	1374	*	*	*	*	*	340197	*
H	21745	80	98.8	+	0	0	502I80M792I	333412 Even1_42591	340197
L	71150	1511	*	*	*	*	*	3334374	*
H	71150	91	98.9	+	0	0	527I91M893I	3334374 Even3_91039	3334374
H	27761	82	97.6	+	0	0	518I82M800I	333580 Even3_49362	297641
L	22629	1379	*	*	*	*	*	333859	*
H	22629	100	100.0	+	0	0	508I100M771I	333859 Even2_4939	333859
L	40829	1390	*	*	*	*	*	193946	*
H	40829	85	98.8	+	0	0	514I85M791I	333949 Even3_260305	193946
L	61181	1364	*	*	*	*	*	846127	*
H	61181	76	97.4	+	0	0	495I76M793I	3349140 Even1_272856	846127
L	10807	1372	*	*	*	*	*	569522	*
H	10807	85	97.6	+	0	0	499I85M788I	335212 Even2_222688	569522
L	22392	1370	*	*	*	*	*	335670	*
H	22392	100	100.0	+	0	0	501I100M769I	335670 Even2_37945	335670
L	41741	1399	*	*	*	*	*	189083	*
H	41741	85	97.6	+	0	0	528I85M786I	336372 Even2_371893	189083
L	11752	1492	*	*	*	*	*	562038	*
H	11752	78	98.7	+	0	0	518I78M896I	336528 Even2_7806	562038
L	24705	1385	*	*	*	*	*	318900	*
H	24705	76	97.4	+	0	0	516I76M793I	336947 Even1_299725	318900
L	7822	1513	*	*	*	*	*	591518	*
H	7822	77	98.7	+	0	0	545I77M891I	337365 Even1_371234	591518
H	43765	76	98.7	+	0	0	515I76M800I	337580 Even1_115216	178173
L	46105	1454	*	*	*	*	*	158215	*
H	46105	81	98.8	+	0	0	507I81M866I	338226 Even1_316712	158215
L	49775	1354	*	*	*	*	*	120281	*
H	49775	100	99.0	+	0	0	495I100M759I	338355 Even3_54375	120281
L	18993	1384	*	*	*	*	*	365496	*
H	18993	85	98.8	+	0	0	526I85M773I	338726 Even1_250839	365496
L	21950	1395	*	*	*	*	*	338756	*
H	21950	85	97.6	+	0	0	524I85M786I	338756 Even3_367231	338756
L	24286	1398	*	*	*	*	*	321875	*
H	24286	84	97.6	+	0	0	527I84M787I	339221 Even1_313813	321875
H	25726	79	100.0	+	0	0	514I79M793I	3392840 Even3_89016	311499
H	44588	82	97.6	+	0	0	508I82M861I	339457 Even2_63071	173565
L	18947	1389	*	*	*	*	*	366386	*
H	18947	76	98.7	+	0	0	526I76M787I	339622 Even3_125954	366386
L	22234	1396	*	*	*	*	*	336710	*
H	22234	100	99.0	+	0	0	526I100M770I	340474 Even1_37806	336710
L	21699	1363	*	*	*	*	*	340547	*
H	21699	100	99.0	+	0	0	506I100M757I	340547 Even3_34754	340547
L	26872	1390	*	*	*	*	*	303037	*
H	26872	100	97.0	+	0	0	515I100M775I	340642 Even3_33931	303037
L	44483	1386	*	*	*	*	*	174279	*
H	44483	95	98.9	+	0	0	517I56MI39M773I	340759 Even1_161167	174279
H	44057	100	100.0	+	0	0	514I100M777I	340761 Even1_496	176664
L	87913	1360	*	*	*	*	*	4390365	*
H	87913	100	100.0	+	0	0	422I43MI57M837I	3413566 Even1_1	4390365
L	73547	1454	*	*	*	*	*	3645685	*
H	73547	78	97.4	+	0	0	486I78M890I	341427 Even3_20130	3645685
H	68116	92	98.9	+	0	0	502I92M860I	341622 Even2_261239	2957436
L	40822	1393	*	*	*	*	*	193972	*
H	40822	100	97.0	+	0	0	518I100M775I	341930 Even3_22711	193972
H	454	93	97.8	+	0	0	515I93M885I	342110 Even2_15074	1105552
L	21443	1338	*	*	*	*	*	342487	*
H	21443	77	100.0	+	0	0	502I77M759I	342487 Even1_7274	342487
H	24286	81	100.0	+	0	0	527I81M790I	342638 Even1_2264	321875
N	*	100	*	*	*	*	*	342666 Even1_146363	*
L	93330	1450	*	*	*	*	*	4447176	*
H	93330	84	97.6	+	0	0	497I84M869I	342777 Even3_86682	4447176
H	21391	85	98.8	+	0	0	495I85M781I	342844 Even3_293823	342844
L	21326	1496	*	*	*	*	*	343354	*
H	21326	100	99.0	+	0	0	522I100M874I	343354 Even1_6581	343354
L	21291	1392	*	*	*	*	*	343630	*
H	21291	82	100.0	+	0	0	516I82M794I	343630 Even3_31948	343630
H	21391	79	97.5	+	0	0	495I79M787I	343667 Even3_139992	342844
L	81368	1840	*	*	*	*	*	4321292	*
H	81368	76	100.0	+	0	0	481I76M1283I	3440955 Even2_11472	4321292
L	45314	1447	*	*	*	*	*	165183	*
H	45314	92	97.8	+	0	0	472I92M883I	344118 Even3_183161	165183
L	24247	1381	*	*	*	*	*	322137	*
H	24247	76	97.4	+	0	0	506I76M799I	344198 Even3_269690	322137
H	24286	80	100.0	+	0	0	527I80M791I	344318 Even2_3939	321875
L	72009	1430	*	*	*	*	*	3443818	*
H	72009	92	98.9	+	0	0	504I92M834I	3443818 Even3_138232	3443818
L	72027	1491	*	*	*	*	*	3447863	*
H	72027	100	100.0	+	0	0	522I100M869I	3447863 Even3_2244	3447863
L	40446	1393	*	*	*	*	*	195788	*
H	40446	100	99.0	+	0	0	517I100M776I	345176 Even2_355238	195788
L	21062	1366	*	*	*	*	*	345246	*
H	21062	81	100.0	+	0	0	490I81M795I	345246 Even2_39436	345246
H	41833	85	98.8	+	0	0	515I85M792I	345303 Even3_8424	188610
L	22743	1400	*	*	*	*	*	333028	*
H	22743	76	100.0	+	0	0	528I76M796I	345899 Even1_3866	333028
L	45653	1474	*	*	*	*	*	161423	*
H	45653	100	100.0	+	0	0	507I100M867I	3465233 Even1_56199	161423
L	20877	1388	*	*	*	*	*	346689	*
H	20877	100	100.0	+	0	0	515I100M773I	346689 Even2_21829	346689
L	17653	1392	*	*	*	*	*	509109	*
H	17653	76	98.7	+	0	0	528I76M788I	346938 Even1_366259	509109
L	72244	1399	*	*	*	*	*	3475269	*
H	72244	100	98.0	+	0	0	477I8MI11MI81M820I	3475269 Even3_23963	3475269
L	20721	1380	*	*	*	*	*	347801	*
H	20721	76	98.7	+	0	0	504I76M800I	347801 Even1_93279	347801
L	80867	1403	*	*	*	*	*	4315804	*
H	80867	77	98.7	+	0	0	527I77M799I	347875 Even2_108050	4315804
L	20699	1333	*	*	*	*	*	347965	*
H	20699	100	100.0	+	0	0	487I100M746I	347965 Even3_944	347965
L	20615	1490	*	*	*	*	*	348641	*
H	20615	80	97.5	+	0	0	515I80M895I	348641 Even1_11162	348641
H	30537	93	100.0	+	0	0	518I93M781I	348748 Even2_3211	274744
H	30537	92	100.0	+	0	0	518I92M782I	349482 Even1_327	274744
L	43306	1389	*	*	*	*	*	180606	*
H	43306	77	97.4	+	0	0	521I77M791I	349786 Even1_270653	180606
L	42329	1387	*	*	*	*	*	185834	*
H	42329	77	97.4	+	0	0	516I77M794I	349789 Even1_333000	185834
L	19624	1477	*	*	*	*	*	355847	*
H	19624	100	99.0	+	0	0	499I100M878I	349934 Even3_24424	355847
L	28525	1398	*	*	*	*	*	292634	*
H	28525	76	98.7	+	0	0	526I76M796I	350627 Even3_67217	292634
H	905	76	97.4	+	0	0	446I76M858I	350832 Even1_312009	1063126
L	87063	1426	*	*	*	*	*	4381303	*
H	87063	84	98.8	+	0	0	524I84M818I	3508701 Even3_147741	4381303
L	26524	1354	*	*	*	*	*	305477	*
H	26524	81	98.8	+	0	0	515I81M758I	351084 Even2_13086	305477
L	10191	1369	*	*	*	*	*	574290	*
H	10191	76	98.7	+	0	0	489I76M804I	352215 Even3_186204	574290
L	40075	1378	*	*	*	*	*	197757	*
H	40075	100	100.0	+	0	0	502I100M776I	352347 Even2_14447	197757
L	20083	1364	*	*	*	*	*	352473	*
H	20083	100	100.0	+	0	0	489I100M775I	352473 Even1_85305	352473
H	43541	100	97.0	+	0	0	517I100M775I	352529 Even3_23013	179400
L	23897	1392	*	*	*	*	*	324884	*
H	23897	77	98.7	+	0	0	516I77M799I	352799 Even3_275706	324884
L	72680	1414	*	*	*	*	*	3531225	*
H	72680	100	97.0	+	0	0	478I100M836I	3531225 Even2_341659	3531225
L	43958	1392	*	*	*	*	*	177175	*
H	43958	81	98.8	+	0	0	515I81M796I	353124 Even1_8754	177175
L	19561	1367	*	*	*	*	*	356255	*
H	19561	100	97.0	+	0	0	488I100M779I	353392 Even1_162694	356255
L	19912	1479	*	*	*	*	*	353649	*
H	19912	100	98.0	+	0	0	500I100M879I	353649 Even1_58882	353649
L	19840	1329	*	*	*	*	*	354220	*
H	19840	79	100.0	+	0	0	488I79M762I	354220 Even1_295392	354220
N	*	100	*	*	*	*	*	354247 Even3_158153	*
L	19832	1389	*	*	*	*	*	354258	*
H	19832	82	98.8	+	0	0	515I82M792I	354258 Even2_141987	354258
L	52507	1477	*	*	*	*	*	86170	*
H	52507	100	97.0	+	0	0	503I100M874I	354334 Even1_106827	86170
L	69280	1453	*	*	*	*	*	727507	*
H	69280	100	97.0	+	0	0	495I100M858I	355197 Even2_318682	727507
L	19700	1400	*	*	*	*	*	355277	*
H	19700	100	99.0	+	0	0	527I100M773I	355277 Even3_150673	355277
H	69833	100	97.0	+	0	0	490I100M843I	355291 Even1_261238	3173413
L	41935	1395	*	*	*	*	*	187998	*
H	41935	91	97.8	+	0	0	526I91M778I	355510 Even2_56563	187998
H	42865	100	99.0	+	0	0	486I100M738I	356255 Even2_198584	182956
L	19027	1365	*	*	*	*	*	364903	*
H	19027	100	100.0	+	0	0	498I100M767I	3562626 Even1_23	364903
L	19548	1386	*	*	*	*	*	356360	*
H	19548	100	100.0	+	0	0	516I100M770I	356360 Even2_30336	356360
N	*	83	*	*	*	*	*	356827 Even3_389257	*
L	39959	1388	*	*	*	*	*	198422	*
H	39959	100	98.0	+	0	0	513I100M775I	357002 Even2_20981	198422
L	73212	1437	*	*	*	*	*	3598692	*
H	73212	85	97.6	+	0	0	486I85M866I	357020 Even3_328829	3598692
H	71550	82	100.0	+	0	0	479I82M873I	357412 Even1_852	3387754
H	71550	83	98.8	+	0	0	479I83M872I	357963 Even2_121971	3387754
L	19429	1378	*	*	*	*	*	358016	*
H	19429	76	97.4	+	0	0	517I76M785I	358016 Even1_371199	358016
L	40433	1373	*	*	*	*	*	195855	*
H	40433	92	100.0	+	0	0	502I92M779I	358654 Even1_34338	195855
L	37153	1398	*	*	*	*	*	225187	*
H	37153	79	98.7	+	0	0	446I79M873I	3587033 Even1_225453	225187
L	41948	1388	*	*	*	*	*	187929	*
H	41948	81	98.8	+	0	0	515I81M792I	358798 Even3_126562	187929
H	40829	87	97.7	+	0	0	514I87M789I	359149 Even1_99309	193946
L	43055	1392	*	*	*	*	*	181984	*
H	43055	85	100.0	+	0	0	514I85M793I	359314 Even3_23910	181984
L	43339	1393	*	*	*	*	*	180462	*
H	43339	100	100.0	+	0	0	525I100M768I	359493 Even1_134030	180462
L	30372	1395	*	*	*	*	*	275653	*
H	30372	76	97.4	+	0	0	517I76M802I	359978 Even1_98763	275653
L	40543	1393	*	*	*	*	*	195275	*
H	40543	79	100.0	+	0	0	517I79M797I	360660 Even1_103826	195275
H	20605	100	99.0	+	0	0	515I100M770I	360703 Even3_4745	348751
L	26551	1392	*	*	*	*	*	305329	*
H	26551	95	98.9	+	0	0	515I95M782I	360825 Even2_29729	305329
L	40808	1390	*	*	*	*	*	194041	*
H	40808	81	98.8	+	0	0	515I81M794I	360861 Even2_11142	194041
L	19258	1359	*	*	*	*	*	360962	*
H	19258	100	100.0	+	0	0	495I100M764I	360962 Even3_7935	360962
L	39156	1492	*	*	*	*	*	204864	*
H	39156	100	100.0	+	0	0	491I100M901I	3610691 Even3_36	204864
L	19229	1368	*	*	*	*	*	361507	*
H	19229	76	98.7	+	0	0	508I76M784I	361507 Even2_391548	361507
L	43660	1392	*	*	*	*	*	178751	*
H	43660	84	98.8	+	0	0	519I84M789I	361556 Even3_192992	178751
L	27561	1392	*	*	*	*	*	298942	*
H	27561	100	97.0	+	0	0	517I100M775I	361972 Even2_12602	298942
L	44202	1358	*	*	*	*	*	175776	*
H	44202	77	100.0	+	0	0	487I77M794I	362363 Even1_65834	175776
L	70583	1435	*	*	*	*	*	3265556	*
H	70583	100	97.0	+	0	0	487I100M848I	362947 Even3_237134	3265556
N	*	100	*	*	*	*	*	363321 Even2_333557	*
H	44057	76	98.7	+	0	0	514I76M801I	363494 Even1_393415	176664
L	19095	1369	*	*	*	*	*	363625	*
H	19095	100	100.0	+	0	0	507I100M762I	363625 Even1_89766	363625
L	40631	1390	*	*	*	*	*	194863	*
H	40631	78	97.4	+	0	0	514I78M798I	363856 Even3_342034	194863
L	24764	1388	*	*	*	*	*	318445	*
H	24764	88	100.0	+	0	0	511I57MI20MI11M787I	364092 Even3_315111	318445
H	73547	100	99.0	+	0	0	486I100M868I	3645685 Even1_141585	3645685
L	18999	1372	*	*	*	*	*	365385	*
H	18999	100	100.0	+	0	0	506I100M766I	365385 Even3_19599	365385
L	91626	1442	*	*	*	*	*	4428949	*
H	91626	80	97.5	+	0	0	497I80M865I	365492 Even3_255757	4428949
L	69677	1521	*	*	*	*	*	3156335	*
H	69677	90	97.8	+	0	0	516I90M915I	366161 Even2_350846	3156335
H	43076	78	98.7	+	0	0	515I78M798I	366386 Even1_24354	181871
L	18942	1449	*	*	*	*	*	366451	*
H	18942	100	100.0	+	0	0	438I100M911I	366451 Even3_5946	366451
L	73696	1432	*	*	*	*	*	3667183	*
H	73696	85	100.0	+	0	0	492I85M855I	3667183 Even2_187632	3667183
L	41578	1392	*	*	*	*	*	189914	*
H	41578	93	98.9	+	0	0	517I93M782I	367142 Even3_15830	189914
L	26660	1394	*	*	*	*	*	304563	*
H	26660	94	98.9	+	0	0	522I94M778I	367627 Even3_142997	304563
N	*	78	*	*	*	*	*	367813 Even1_378265	*
H	45156	79	98.7	+	0	0	515I79M864I	3680006 Even3_219088	167187
L	89948	1456	*	*	*	*	*	4412103	*
H	89948	100	99.0	+	0	0	493I53MI47M862I	3682570 Even2_35166	4412103
N	*	80	*	*	*	*	*	368418 Even1_341975	*
H	27521	93	97.8	+	0	0	506I93M783I	3693042 Even1_63038	299187
L	18771	1365	*	*	*	*	*	369449	*
H	18771	100	100.0	+	0	0	506I100M759I	369449 Even3_41582	369449
L	22724	1498	*	*	*	*	*	333173	*
H	22724	100	99.0	+	0	0	521I100M877I	3701019 Even3_59394	333173
L	79341	1410	*	*	*	*	*	4301050	*
H	79341	100	97.0	+	0	0	449I100M861I	3723650 Even3_71075	4301050
L	26885	1392	*	*	*	*	*	302960	*
H	26885	100	98.0	+	0	0	511I100M781I	3747551 Even1_79205	302960
L	44175	1390	*	*	*	*	*	175960	*
H	44175	79	100.0	+	0	0	514I79M797I	3779973 Even1_8463	175960
L	74890	1442	*	*	*	*	*	3818299	*
H	74890	81	100.0	+	0	0	485I81M876I	3818299 Even3_317115	3818299
L	75009	1426	*	*	*	*	*	3833747	*
H	75009	100	99.0	+	0	0	493I100M833I	3833747 Even1_27274	3833747
L	54237	1457	*	*	*	*	*	38357	*
H	54237	83	100.0	+	0	0	492I83M882I	38357 Even3_10518	38357
L	41148	1394	*	*	*	*	*	192204	*
H	41148	100	100.0	+	0	0	517I100M777I	38415 Even2_10985	192204
L	88019	1446	*	*	*	*	*	4391262	*
H	88019	87	97.7	+	0	0	492I87M867I	3867172 Even3_347606	4391262
L	14320	1403	*	*	*	*	*	541691	*
H	14320	100	97.0	+	0	0	425I100M878I	3883044 Even1_191338	541691
L	75422	1449	*	*	*	*	*	3889296	*
H	75422	100	100.0	+	0	0	488I100M861I	3889296 Even3_150003	3889296
L	75431	1403	*	*	*	*	*	3890155	*
H	75431	100	100.0	+	0	0	488I100M815I	3890155 Even2_4195	3890155
L	9285	1378	*	*	*	*	*	581079	*
H	9285	100	100.0	+	0	0	519I100M759I	3903651 Even3_199	581079
N	*	100	*	*	*	*	*	3908638 Even1_55863	*
L	43229	1367	*	*	*	*	*	181008	*
H	43229	84	98.8	+	0	0	497I84M786I	392887 Even1_305594	181008
L	64429	1484	*	*	*	*	*	627587	*
H	64429	100	100.0	+	0	0	525I100M859I	39294 Even3_100749	627587
L	41151	1394	*	*	*	*	*	192182	*
H	41151	100	99.0	+	0	0	518I100M776I	3943186 Even1_154614	192182
L	5120	1453	*	*	*	*	*	768553	*
H	5120	100	97.0	+	0	0	476I100M877I	3944484 Even3_102960	768553
L	75934	1449	*	*	*	*	*	3951715	*
H	75934	90	100.0	+	0	0	502I90M857I	3951715 Even1_112432	3951715
L	76015	1451	*	*	*	*	*	3963289	*
H	76015	87	98.9	+	0	0	504I87M860I	3963289 Even2_58205	3963289
L	2815	1379	*	*	*	*	*	851323	*
H	2815	100	100.0	+	0	0	511I54MI46M767I	3970651 Even3_277627	851323
L	43037	1396	*	*	*	*	*	182052	*
H	43037	100	99.0	+	0	0	526I100M770I	3989856 Even3_454	182052
N	*	76	*	*	*	*	*	4012190 Even3_156796	*
H	44175	82	100.0	+	0	0	514I82M794I	4015729 Even1_3441	175960
L	62143	1444	*	*	*	*	*	2220496	*
H	62143	76	98.7	+	0	0	490I76M878I	40649 Even1_8382	2220496
H	37483	100	99.0	+	0	0	524I100M777I	4067355 Even3_97285	222043
L	77093	1440	*	*	*	*	*	4094259	*
H	77093	100	97.0	+	0	0	470I100M870I	4094259 Even2_3262	4094259
L	57206	1445	*	*	*	*	*	1630017	*
H	57206	100	100.0	+	0	0	477I100M868I	4094866 Even2_222897	1630017
L	77246	1506	*	*	*	*	*	4112171	*
H	77246	100	99.0	+	0	0	496I100M910I	4112171 Even3_17782	4112171
L	77371	1442	*	*	*	*	*	4128381	*
H	77371	100	100.0	+	0	0	472I100M870I	4128381 Even2_1115	4128381
L	43947	1398	*	*	*	*	*	177222	*
H	43947	100	99.0	+	0	0	526I100M772I	4189999 Even1_38550	177222
L	67903	1442	*	*	*	*	*	2932151	*
H	67903	100	99.0	+	0	0	483I100M859I	4201482 Even2_67090	2932151
L	78112	1451	*	*	*	*	*	4225004	*
H	78112	100	100.0	+	0	0	484I100M867I	4225004 Even3_113114	4225004
L	59933	1432	*	*	*	*	*	1950496	*
H	59933	81	98.8	+	0	0	490I81M861I	4226929 Even1_20219	1950496
L	78128	1416	*	*	*	*	*	4227110	*
H	78128	100	100.0	+	0	0	499I100M817I	4227110 Even3_289625	4227110
L	78162	1447	*	*	*	*	*	4232045	*
H	78162	100	100.0	+	0	0	504I100M843I	4232045 Even2_22946	4232045
H	44175	84	100.0	+	0	0	514I84M792I	4232048 Even2_2443	175960
L	20135	1359	*	*	*	*	*	352034	*
H	20135	78	98.7	+	0	0	505I78M776I	4234212 Even3_45737	352034
L	78260	1448	*	*	*	*	*	4245940	*
H	78260	85	100.0	+	0	0	494I85M869I	4245940 Even1_17501	4245940
L	78351	1444	*	*	*	*	*	4254528	*
H	78351	100	100.0	+	0	0	484I100M860I	4254528 Even2_1324	4254528
H	90802	79	98.7	+	0	0	492I79M872I	4268506 Even2_208607	4420417
L	78553	1430	*	*	*	*	*	4278525	*
H	78553	100	100.0	+	0	0	504I100M826I	4278525 Even3_66586	4278525
H	18947	100	100.0	+	0	0	526I100M763I	4281639 Even1_598	366386
L	1296	1346	*	*	*	*	*	1017181	*
H	1296	78	100.0	+	0	0	487I78M781I	4294457 Even2_56724	1017181
L	78789	1379	*	*	*	*	*	4295707	*
H	78789	100	97.0	+	0	0	527I61MI39M751I	4295707 Even1_183496	4295707
H	41833	83	98.8	+	0	0	515I83M794I	4296211 Even2_329754	188610
L	141	1502	*	*	*	*	*	1109766	*
H	141	76	100.0	+	0	0	521I76M905I	4297239 Even1_119911	1109766
L	55214	1511	*	*	*	*	*	13811	*
H	55214	100	99.0	+	0	0	522I100M889I	4300127 Even1_1878	13811
L	55284	1427	*	*	*	*	*	13034	*
H	55284	76	100.0	+	0	0	463I76M888I	4301105 Even1_234302	13034
L	79824	1579	*	*	*	*	*	4305923	*
H	79824	100	100.0	+	0	0	572I100M907I	4305923 Even3_1574	4305923
L	91159	1553	*	*	*	*	*	4424239	*
H	91159	81	98.8	+	0	0	542I81M930I	4307897 Even3_3677	4424239
L	80144	1397	*	*	*	*	*	4308688	*
H	80144	77	98.7	+	0	0	456I23MI54M863I	4308688 Even3_17269	4308688
L	70294	1446	*	*	*	*	*	3232397	*
H	70294	93	100.0	+	0	0	501I93M852I	4309033 Even2_272	3232397
L	80255	1469	*	*	*	*	*	4310013	*
H	80255	78	98.7	+	0	0	508I78M883I	4310013 Even2_300244	4310013
H	7341	81	97.5	+	0	0	524I81M894I	4313261 Even3_7259	610462
L	80617	1407	*	*	*	*	*	4313711	*
H	80617	80	100.0	+	0	0	485I80M842I	4313711 Even3_29822	4313711
L	80756	1451	*	*	*	*	*	4314921	*
H	80756	76	100.0	+	0	0	480I76M895I	4314921 Even1_59924	4314921
L	50022	1423	*	*	*	*	*	113959	*
H	50022	90	97.8	+	0	0	459I90M874I	4314933 Even1_216835	113959
L	41531	1390	*	*	*	*	*	190188	*
H	41531	82	98.8	+	0	0	515I82M793I	4316924 Even1_11980	190188
H	38709	76	98.7	+	0	0	526I76M889I	4317034 Even3_146559	209685
L	78907	1519	*	*	*	*	*	4296626	*
H	78907	100	98.0	+	0	0	539I100M880I	4317826 Even1_60285	4296626
L	9004	1366	*	*	*	*	*	583117	*
H	9004	88	100.0	+	0	0	492I88M786I	4318470 Even2_241114	583117
H	55508	95	97.9	+	0	0	513I95M898I	4318990 Even2_109449	10212
L	81172	1525	*	*	*	*	*	4319212	*
H	81172	83	100.0	+	0	0	521I83M921I	4319212 Even2_139250	4319212
N	*	100	*	*	*	*	*	4320353 Even1_131146	*
L	51093	1502	*	*	*	*	*	105699	*
H	51093	100	99.0	+	0	0	522I100M880I	4321160 Even2_17310	105699
L	85575	1397	*	*	*	*	*	4365687	*
H	85575	100	100.0	+	0	0	525I100M772I	4321559 Even1_61108	4365687
L	80357	1363	*	*	*	*	*	4311216	*
H	80357	80	98.8	+	0	0	452I6MI74M830I	4321724 Even1_43846	4311216
H	62461	100	100.0	+	0	0	591I100M775I	4321932 Even1_67349	1130818
L	81454	1502	*	*	*	*	*	4322321	*
H	81454	100	98.0	+	0	0	491I100M911I	4322321 Even3_301669	4322321
L	81511	1493	*	*	*	*	*	4322981	*
H	81511	85	97.6	+	0	0	497I85M911I	4322981 Even2_333256	4322981
H	84958	100	100.0	+	0	0	517I100M838I	4322986 Even1_41946	4359056
L	85796	1486	*	*	*	*	*	4367975	*
H	85796	79	97.5	+	0	0	518I79M889I	4324314 Even3_313506	4367975
L	81706	1445	*	*	*	*	*	4325003	*
H	81706	100	100.0	+	0	0	467I100M878I	4325003 Even3_101015	4325003
L	18450	1497	*	*	*	*	*	399818	*
H	18450	78	100.0	+	0	0	518I78M901I	4325493 Even1_285681	399818
L	29330	1375	*	*	*	*	*	287755	*
H	29330	79	97.5	+	0	0	500I79M796I	4325725 Even3_212131	287755
L	93309	1474	*	*	*	*	*	4446943	*
H	93309	92	100.0	+	0	0	505I92M877I	4326452 Even2_116349	4446943
L	81962	1445	*	*	*	*	*	4327777	*
H	81962	100	100.0	+	0	0	500I100M845I	4327777 Even3_20021	4327777
H	7341	89	98.9	+	0	0	524I89M886I	4328299 Even2_55171	610462
L	82090	1424	*	*	*	*	*	4329132	*
H	82090	100	100.0	+	0	0	493I100M831I	4329132 Even1_14101	4329132
L	82289	1441	*	*	*	*	*	4331357	*
H	82289	78	100.0	+	0	0	481I78M882I	4331357 Even3_170410	4331357
L	82316	1374	*	*	*	*	*	4331657	*
H	82316	100	98.0	+	0	0	493I100M781I	4331657 Even1_161010	4331657
L	23169	1495	*	*	*	*	*	329997	*
H	23169	100	100.0	+	0	0	487I100M908I	4334049 Even1_164747	329997
L	55506	1497	*	*	*	*	*	10298	*
H	55506	76	100.0	+	0	0	516I76M905I	4334501 Even3_304234	10298
L	65752	1389	*	*	*	*	*	2675747	*
H	65752	82	97.6	+	0	0	460I82M847I	4335077 Even1_397384	2675747
L	82658	1451	*	*	*	*	*	4335293	*
H	82658	100	100.0	+	0	0	509I100M842I	4335293 Even1_63428	4335293
L	12829	1450	*	*	*	*	*	553611	*
H	12829	85	100.0	+	0	0	488I85M877I	4335781 Even1_2677	553611
L	82717	1454	*	*	*	*	*	4335815	*
H	82717	84	100.0	+	0	0	495I84M875I	4335815 Even3_236486	4335815
L	10849	1441	*	*	*	*	*	569116	*
H	10849	100	98.0	+	0	0	463I100M878I	4335883 Even2_324415	569116
L	60474	1363	*	*	*	*	*	1022184	*
H	60474	81	97.5	+	0	0	506I81M776I	4336055 Even2_191221	1022184
L	87688	1522	*	*	*	*	*	4388128	*
H	87688	84	97.6	+	0	0	543I84M895I	4336518 Even1_66457	4388128
L	83134	1432	*	*	*	*	*	4339801	*
H	83134	79	100.0	+	0	0	482I79M871I	4339801 Even1_311191	4339801
L	19253	1473	*	*	*	*	*	361100	*
H	19253	100	99.0	+	0	0	485I100M888I	4340386 Even1_34792	361100
L	83281	1527	*	*	*	*	*	4341176	*
H	83281	100	100.0	+	0	0	542I100M885I	4341176 Even1_35784	4341176
L	11123	1494	*	*	*	*	*	567011	*
H	11123	96	97.9	+	0	0	516I96M882I	4341534 Even1_333492	567011
L	83388	1430	*	*	*	*	*	4342104	*
H	83388	100	100.0	+	0	0	489I100M841I	4342104 Even1_918	4342104
N	*	77	*	*	*	*	*	4342972 Even1_397504	*
H	38502	92	100.0	+	0	0	524I92M872I	4342992 Even1_63695	211706
L	83531	1428	*	*	*	*	*	4343580	*
H	83531	100	100.0	+	0	0	488I100M840I	4343580 Even1_79507	4343580
L	29349	1379	*	*	*	*	*	287597	*
H	29349	100	97.0	+	0	0	504I100M775I	4344643 Even2_200324	287597
L	16022	1358	*	*	*	*	*	525841	*
H	16022	81	100.0	+	0	0	488I81M789I	4345333 Even3_177	525841
L	74940	1444	*	*	*	*	*	3825935	*
H	74940	76	100.0	+	0	0	499I76M869I	4347099 Even3_250278	3825935
L	17850	1547	*	*	*	*	*	484304	*
H	17850	81	100.0	+	0	0	528I81M938I	4347159 Even2_249	484304
L	83919	1362	*	*	*	*	*	4347878	*
H	83919	100	99.0	+	0	0	499I100M763I	4347878 Even1_229781	4347878
L	15236	1482	*	*	*	*	*	534771	*
H	15236	91	98.9	+	0	0	502I91M889I	4349094 Even2_23480	534771
L	45910	1484	*	*	*	*	*	159655	*
H	45910	84	98.8	+	0	0	519I84M881I	4349251 Even1_90481	159655
L	84137	1405	*	*	*	*	*	4350025	*
H	84137	81	100.0	+	0	0	432I81M892I	4350025 Even2_207626	4350025
L	7378	1449	*	*	*	*	*	607386	*
H	7378	83	98.8	+	0	0	479I83M887I	4350498 Even1_224290	607386
L	53577	1460	*	*	*	*	*	60332	*
H	53577	100	99.0	+	0	0	502I100M858I	4350788 Even3_173113	60332
H	54237	100	98.0	+	0	0	492I100M865I	4351284 Even2_61835	38357
L	22642	1389	*	*	*	*	*	333753	*
H	22642	100	97.0	+	0	0	515I100M774I	4352768 Even1_88677	333753
L	46589	1397	*	*	*	*	*	154635	*
H	46589	100	100.0	+	0	0	522I100M775I	4353076 Even1_41478	154635
H	5495	81	98.8	+	0	0	501I81M903I	4354477 Even3_230541	744029
H	28254	76	98.7	+	0	0	490I76M766I	4354577 Even1_40522	294499
L	25021	1369	*	*	*	*	*	316642	*
H	25021	100	97.0	+	0	0	503I100M766I	4356065 Even3_101019	316642
L	66087	1381	*	*	*	*	*	1122622	*
H	66087	81	97.5	+	0	0	466I81M834I	4356100 Even1_271072	1122622
L	85035	1451	*	*	*	*	*	4360055	*
H	85035	100	97.0	+	0	0	505I100M846I	4356331 Even1_34396	4360055
L	74816	1460	*	*	*	*	*	805491	*
H	74816	78	98.7	+	0	0	500I78M882I	4356895 Even3_132024	805491
L	48941	1495	*	*	*	*	*	137108	*
H	48941	76	100.0	+	0	0	522I76M897I	4356937 Even3_299829	137108
H	76015	100	100.0	+	0	0	504I100M847I	4357205 Even3_7626	3963289
L	84798	1445	*	*	*	*	*	4357330	*
H	84798	100	100.0	+	0	0	474I100M871I	4357330 Even3_394102	4357330
L	15041	1368	*	*	*	*	*	536252	*
H	15041	81	97.5	+	0	0	498I81M789I	4357677 Even1_397447	536252
L	291	1472	*	*	*	*	*	1107738	*
H	291	86	100.0	+	0	0	512I86M874I	4357864 Even2_313010	1107738
L	84897	1483	*	*	*	*	*	4358275	*
H	84897	100	97.0	+	0	0	537I100M846I	4358275 Even2_336146	4358275
L	84932	1459	*	*	*	*	*	4358716	*
H	84932	100	97.0	+	0	0	501I100M858I	4358716 Even3_306576	4358716
L	84961	1486	*	*	*	*	*	4359078	*
H	84961	91	100.0	+	0	0	515I91M880I	4359078 Even1_194450	4359078
L	85020	1452	*	*	*	*	*	4359889	*
H	85020	100	98.0	+	0	0	443I100M909I	4359889 Even1_115499	4359889
H	40448	76	97.4	+	0	0	527I76M796I	4360055 Even3_390003	195781
L	85038	1460	*	*	*	*	*	4360128	*
H	85038	90	98.9	+	0	0	510I90M860I	4360128 Even2_243834	4360128
L	94536	1442	*	*	*	*	*	4459708	*
H	94536	80	98.8	+	0	0	495I80M867I	4361093 Even1_168490	4459708
L	85191	1431	*	*	*	*	*	4361727	*
H	85191	100	100.0	+	0	0	492I100M839I	4361727 Even3_32239	4361727
L	33480	1393	*	*	*	*	*	256227	*
H	33480	80	97.5	+	0	0	517I80M796I	4362555 Even2_104386	256227
L	99053	1304	*	*	*	*	*	4362620	*
H	99053	80	97.5	+	0	0	441I80M783I	4362620 Even3_38013	4362620
L	41082	1391	*	*	*	*	*	192504	*
H	41082	93	98.9	+	0	0	515I93M783I	4363553 Even1_137113	192504
L	42046	1393	*	*	*	*	*	187355	*
H	42046	100	98.0	+	0	0	516I100M777I	4364405 Even1_133300	187355
L	64306	1442	*	*	*	*	*	2497335	*
H	64306	100	99.0	+	0	0	494I100M848I	4365130 Even3_220595	2497335
L	85598	1496	*	*	*	*	*	4365868	*
H	85598	78	98.7	+	0	0	531I78M887I	4365868 Even1_60874	4365868
L	22408	1354	*	*	*	*	*	335550	*
H	22408	77	100.0	+	0	0	498I77M779I	4366089 Even3_23717	335550
L	60979	1474	*	*	*	*	*	767447	*
H	60979	100	100.0	+	0	0	496I100M878I	4366287 Even3_45057	767447
L	85676	1408	*	*	*	*	*	4366525	*
H	85676	94	97.9	+	0	0	467I94M847I	4366525 Even2_12541	4366525
H	27761	82	100.0	+	0	0	518I82M800I	4366728 Even3_7890	297641
L	37810	1427	*	*	*	*	*	219058	*
H	37810	100	100.0	+	0	0	467I100M860I	4367783 Even1_76401	219058
L	57818	1440	*	*	*	*	*	1698008	*
H	57818	81	98.8	+	0	0	491I81M868I	4368216 Even2_242233	1698008
H	37423	81	97.5	+	0	0	529I81M799I	4368600 Even1_1080	222706
H	2815	78	98.7	+	0	0	511I78M790I	4369272 Even3_94207	851323
L	85922	1434	*	*	*	*	*	4369434	*
H	85922	82	100.0	+	0	0	482I82M870I	4369434 Even2_212727	4369434
L	85929	1428	*	*	*	*	*	4369504	*
H	85929	100	98.0	+	0	0	466I100M862I	4369504 Even1_43148	4369504
L	30576	1395	*	*	*	*	*	274455	*
H	30576	81	97.5	+	0	0	517I81M797I	4370025 Even2_54125	274455
L	49329	1445	*	*	*	*	*	133380	*
H	49329	78	98.7	+	0	0	469I78M898I	4371349 Even3_366706	133380
L	8726	1417	*	*	*	*	*	584900	*
H	8726	94	98.9	+	0	0	449I94M874I	4371756 Even3_233444	584900
H	39976	100	99.0	+	0	0	515I100M772I	4372382 Even1_11309	198324
L	6231	1479	*	*	*	*	*	689292	*
H	6231	83	97.6	+	0	0	512I83M884I	4373456 Even1_311175	689292
L	106	1501	*	*	*	*	*	1110303	*
H	106	80	98.8	+	0	0	521I80M900I	4373617 Even1_245376	1110303
L	67331	1404	*	*	*	*	*	2862781	*
H	67331	82	100.0	+	0	0	451I82M871I	4374638 Even3_36292	2862781
L	91768	1389	*	*	*	*	*	4430639	*
H	91768	100	100.0	+	0	0	523I100M766I	4375080 Even2_59078	4430639
L	42141	1376	*	*	*	*	*	186876	*
H	42141	76	100.0	+	0	0	506I76M794I	4375887 Even1_383012	186876
L	67269	1445	*	*	*	*	*	2854740	*
H	67269	80	98.8	+	0	0	491I80M874I	4375894 Even3_160781	2854740
L	86552	1508	*	*	*	*	*	4376230	*
H	86552	93	100.0	+	0	0	526I93M889I	4376230 Even1_193090	4376230
L	848	1358	*	*	*	*	*	1068969	*
H	848	100	99.0	+	0	0	501I100M757I	4376272 Even2_129944	1068969
H	18999	80	98.8	+	0	0	506I80M786I	4376828 Even3_75036	365385
H	59933	90	97.8	+	0	0	490I90M852I	4376964 Even2_309957	1950496
H	55214	100	98.0	+	0	0	522I100M889I	4377147 Even1_231518	13811
L	86738	1422	*	*	*	*	*	4378081	*
H	86738	100	100.0	+	0	0	486I100M836I	4378081 Even1_1094	4378081
L	86561	1363	*	*	*	*	*	4376272	*
H	86561	84	100.0	+	0	0	486I84M793I	4378791 Even1_367235	4376272
H	46011	85	98.8	+	0	0	506I85M862I	4379411 Even1_192394	158908
L	86873	1482	*	*	*	*	*	4379449	*
H	86873	100	100.0	+	0	0	519I100M863I	4379449 Even1_31441	4379449
H	41531	80	100.0	+	0	0	515I80M795I	4379646 Even1_12576	190188
L	23291	1504	*	*	*	*	*	329096	*
H	23291	85	97.6	+	0	0	527I85M892I	4380886 Even3_40167	329096
L	50448	1353	*	*	*	*	*	111319	*
H	50448	81	97.5	+	0	0	481I81M791I	4381913 Even3_264582	111319
H	82241	80	100.0	+	0	0	522I80M791I	4382476 Even1_177207	4331006
L	29555	1400	*	*	*	*	*	281015	*
H	29555	80	97.5	+	0	0	526I80M794I	4383958 Even2_26126	281015
L	63254	1450	*	*	*	*	*	2358923	*
H	63254	76	100.0	+	0	0	502I76M872I	4384044 Even3_345368	2358923
L	87323	1447	*	*	*	*	*	4384100	*
H	87323	91	100.0	+	0	0	488I91M868I	4384100 Even1_42989	4384100
L	87435	1443	*	*	*	*	*	4385326	*
H	87435	82	100.0	+	0	0	485I82M876I	4385326 Even2_27738	4385326
L	58195	1467	*	*	*	*	*	1746913	*
H	58195	100	97.0	+	0	0	506I100M861I	4385479 Even1_305668	1746913
N	*	93	*	*	*	*	*	4389289 Even3_49466	*
L	19580	1468	*	*	*	*	*	356083	*
H	19580	79	97.5	+	0	0	484I79M905I	4389972 Even3_2406	356083
L	19496	1353	*	*	*	*	*	356760	*
H	19496	77	98.7	+	0	0	500I77M776I	4390365 Even1_29969	356760
L	4532	1361	*	*	*	*	*	806581	*
H	4532	100	100.0	+	0	0	483I100M778I	4390387 Even1_304336	806581
N	*	100	*	*	*	*	*	4391326 Even1_328166	*
L	80273	1399	*	*	*	*	*	4310208	*
H	80273	100	100.0	+	0	0	523I100M776I	4391625 Even3_308030	4310208
H	90449	100	98.0	+	0	0	526I100M877I	4392183 Even3_4563	4417158
H	95422	100	99.0	+	0	0	478I100M863I	4393073 Even1_769	4469302
L	86109	1443	*	*	*	*	*	4371302	*
H	86109	93	98.9	+	0	0	479I93M871I	4393083 Even3_15931	4371302
L	91318	1347	*	*	*	*	*	4425629	*
H	91318	100	100.0	+	0	0	439I100M808I	4393701 Even1_92489	4425629
L	88257	1443	*	*	*	*	*	4393745	*
H	88257	94	100.0	+	0	0	505I94M844I	4393745 Even2_38335	4393745
L	88270	1382	*	*	*	*	*	4393923	*
H	88270	77	98.7	+	0	0	504I77M801I	4393923 Even1_118955	4393923
L	19080	1488	*	*	*	*	*	363887	*
H	19080	77	100.0	+	0	0	523I77M888I	4394313 Even1_139302	363887
L	24490	1390	*	*	*	*	*	320430	*
H	24490	78	97.4	+	0	0	515I78M797I	4395677 Even1_212463	320430
L	88460	1428	*	*	*	*	*	4396073	*
H	88460	92	100.0	+	0	0	472I92M864I	4396073 Even1_88362	4396073
L	82004	1381	*	*	*	*	*	4328189	*
H	82004	100	97.0	+	0	0	436I100M845I	4397471 Even3_27702	4328189
L	19759	1504	*	*	*	*	*	354863	*
H	19759	92	97.8	+	0	0	524I92M888I	4401465 Even1_170386	354863
L	86509	1377	*	*	*	*	*	4375688	*
H	86509	82	97.6	+	0	0	499I82M796I	4401957 Even1_60645	4375688
L	42017	1385	*	*	*	*	*	187492	*
H	42017	79	100.0	+	0	0	509I79M797I	4402605 Even1_373198	187492
L	10116	1408	*	*	*	*	*	574920	*
H	10116	100	100.0	+	0	0	459I100M849I	4402734 Even1_29556	574920
L	89059	1403	*	*	*	*	*	4402735	*
H	89059	100	100.0	+	0	0	530I100M773I	4402735 Even3_51722	4402735
L	6860	1510	*	*	*	*	*	644244	*
H	6860	100	97.0	+	0	0	501I100M909I	4402903 Even1_123431	644244
L	38933	1393	*	*	*	*	*	207297	*
H	38933	82	97.6	+	0	0	520I82M791I	4403422 Even1_231271	207297
H	41531	82	100.0	+	0	0	515I82M793I	4403689 Even3_970	190188
L	18866	1350	*	*	*	*	*	367813	*
H	18866	100	100.0	+	0	0	487I100M763I	4404187 Even3_127	367813
L	89299	1440	*	*	*	*	*	4405100	*
H	89299	79	100.0	+	0	0	503I79M858I	4405100 Even1_205683	4405100
L	95240	1427	*	*	*	*	*	4467347	*
H	95240	100	97.0	+	0	0	482I100M845I	4406925 Even2_350288	4467347
L	89479	1481	*	*	*	*	*	4407152	*
H	89479	87	100.0	+	0	0	497I87M897I	4407152 Even1_55616	4407152
L	89540	1483	*	*	*	*	*	4407603	*
H	89540	76	98.7	+	0	0	504I76M903I	4407603 Even1_178933	4407603
L	64129	1463	*	*	*	*	*	691423	*
H	64129	100	98.0	+	0	0	504I100M859I	4407939 Even3_3459	691423
L	79928	1395	*	*	*	*	*	4306852	*
H	79928	76	100.0	+	0	0	527I76M792I	4408558 Even3_268711	4306852
L	55974	1431	*	*	*	*	*	3213	*
H	55974	100	100.0	+	0	0	468I100M863I	4408738 Even2_288844	3213
L	90717	1516	*	*	*	*	*	4419617	*
H	90717	100	97.0	+	0	0	511I100M905I	4409025 Even1_323531	4419617
L	78012	1374	*	*	*	*	*	791504	*
H	78012	78	98.7	+	0	0	505I78M791I	4409939 Even1_359632	791504
L	89783	1461	*	*	*	*	*	4410100	*
H	89783	100	98.0	+	0	0	540I100M821I	4410100 Even1_142359	4410100
H	31646	76	98.7	+	0	0	518I76M902I	441019 Even2_137078	268101
L	4906	1507	*	*	*	*	*	786708	*
H	4906	76	98.7	+	0	0	527I76M904I	4410295 Even3_301432	786708
H	42959	100	99.0	+	0	0	531I100M769I	4410938 Even1_70434	182483
L	17340	1515	*	*	*	*	*	511366	*
H	17340	91	100.0	+	0	0	530I91M894I	4411018 Even3_104771	511366
L	89863	1441	*	*	*	*	*	4411088	*
H	89863	80	97.5	+	0	0	478I80M883I	4411088 Even1_197942	4411088
L	16728	1377	*	*	*	*	*	516648	*
H	16728	85	97.6	+	0	0	507I85M785I	4411138 Even3_75046	516648
N	*	100	*	*	*	*	*	4412103 Even2_309790	*
L	89951	1493	*	*	*	*	*	4412141	*
H	89951	100	99.0	+	0	0	484I100M909I	4412141 Even1_125404	4412141
L	89954	1436	*	*	*	*	*	4412168	*
H	89954	100	100.0	+	0	0	493I100M843I	4412168 Even1_70078	4412168
L	84248	1451	*	*	*	*	*	4351228	*
H	84248	86	100.0	+	0	0	494I86M871I	4412546 Even3_106356	4351228
L	53078	1402	*	*	*	*	*	72820	*
H	53078	81	97.5	+	0	0	496I81M825I	4413347 Even3_14749	72820
N	*	100	*	*	*	*	*	4413619 Even2_337500	*
L	42815	1391	*	*	*	*	*	183163	*
H	42815	86	98.8	+	0	0	516I86M789I	4414044 Even1_280159	183163
L	94898	1438	*	*	*	*	*	4464065	*
H	94898	76	97.4	+	0	0	484I76M878I	4414242 Even1_267281	4464065
L	42534	1394	*	*	*	*	*	184725	*
H	42534	100	100.0	+	0	0	524I100M770I	4414420 Even1_13	184725
L	38834	1372	*	*	*	*	*	208315	*
H	38834	78	97.4	+	0	0	482I78M812I	4414439 Even3_312228	208315
N	*	100	*	*	*	*	*	4414488 Even3_186529	*
L	81363	1506	*	*	*	*	*	4321230	*
H	81363	100	99.0	+	0	0	526I100M880I	4414605 Even1_66	4321230
L	49795	1505	*	*	*	*	*	118817	*
H	49795	100	98.0	+	0	0	502I100M903I	4414717 Even3_167345	118817
L	56981	1435	*	*	*	*	*	1600780	*
H	56981	93	98.9	+	0	0	495I93M847I	4415390 Even3_79601	1600780
H	86206	85	98.8	+	0	0	490I85M870I	4415649 Even3_151691	4372382
L	14821	1498	*	*	*	*	*	538000	*
H	14821	100	99.0	+	0	0	527I100M871I	4417158 Even1_80541	538000
L	90458	1419	*	*	*	*	*	4417325	*
H	90458	100	100.0	+	0	0	504I100M815I	4417325 Even3_83012	4417325
L	81916	1340	*	*	*	*	*	4327208	*
H	81916	100	99.0	+	0	0	430I100M810I	4417725 Even2_195576	4327208
L	89521	1417	*	*	*	*	*	4407397	*
H	89521	80	98.8	+	0	0	457I80M880I	4418001 Even1_273847	4407397
L	59228	1525	*	*	*	*	*	1107637	*
H	59228	100	100.0	+	0	0	542I100M883I	4418934 Even1_175996	1107637
L	90643	1485	*	*	*	*	*	4418945	*
H	90643	89	100.0	+	0	0	520I89M876I	4418945 Even2_232324	4418945
L	90712	1474	*	*	*	*	*	4419561	*
H	90712	100	100.0	+	0	0	499I100M875I	4419561 Even2_87718	4419561
H	41531	83	100.0	+	0	0	515I83M792I	4420417 Even2_24761	190188
L	95495	1393	*	*	*	*	*	4470092	*
H	95495	84	98.8	+	0	0	516I84M793I	4421128 Even1_10556	4470092
L	90944	1359	*	*	*	*	*	4421846	*
H	90944	100	100.0	+	0	0	502I100M757I	4421846 Even1_169618	4421846
H	43651	93	98.9	+	0	0	515I93M782I	4422656 Even3_5650	178770
L	25329	1387	*	*	*	*	*	314189	*
H	25329	100	100.0	+	0	0	515I100M772I	4424111 Even3_149851	314189
H	91159	93	98.9	+	0	0	542I93M918I	4424239 Even3_127227	4424239
L	3327	1352	*	*	*	*	*	829240	*
H	3327	83	97.6	+	0	0	389I83M880I	4424508 Even1_18749	829240
L	59227	1468	*	*	*	*	*	1104509	*
H	59227	92	98.9	+	0	0	485I92M891I	4424782 Even1_201460	1104509
L	66054	1369	*	*	*	*	*	910353	*
H	66054	100	100.0	+	0	0	513I100M756I	4425214 Even2_171509	910353
L	42332	1391	*	*	*	*	*	185821	*
H	42332	100	100.0	+	0	0	517I100M774I	4425669 Even1_314651	185821
N	*	100	*	*	*	*	*	4426298 Even2_229372	*
L	71273	1457	*	*	*	*	*	3349140	*
H	71273	80	97.5	+	0	0	512I80M865I	4426873 Even1_242681	3349140
L	91479	1434	*	*	*	*	*	4427332	*
H	91479	81	97.5	+	0	0	470I81M883I	4427332 Even3_277999	4427332
L	85341	1354	*	*	*	*	*	4363269	*
H	85341	100	98.0	+	0	0	497I100M757I	4429536 Even3_137601	4363269
L	91757	1400	*	*	*	*	*	4430581	*
H	91757	100	99.0	+	0	0	528I100M772I	4430581 Even3_104497	4430581
L	99217	1326	*	*	*	*	*	4431375	*
H	99217	100	100.0	+	0	0	442I71MI29M783I	4431375 Even1_234644	4431375
H	42135	100	100.0	+	0	0	515I100M779I	4431558 Even1_1472	186888
L	87524	1344	*	*	*	*	*	4386317	*
H	87524	96	99.0	+	0	0	459I96M789I	4431803 Even1_334673	4386317
L	89378	1375	*	*	*	*	*	4405869	*
H	89378	96	99.0	+	0	0	489I96M790I	4432722 Even1_265418	4405869
H	14821	100	100.0	+	0	0	527I100M871I	4432891 Even2_145	538000
L	92141	1449	*	*	*	*	*	4434294	*
H	92141	100	99.0	+	0	0	502I100M847I	4434294 Even3_38882	4434294
L	15084	1328	*	*	*	*	*	535955	*
H	15084	100	100.0	+	0	0	411I100M817I	4434334 Even3_0	535955
L	65002	1510	*	*	*	*	*	1137749	*
H	65002	90	100.0	+	0	0	500I90M920I	4434807 Even2_268605	1137749
L	72010	1441	*	*	*	*	*	634209	*
H	72010	92	100.0	+	0	0	492I92M857I	4434837 Even1_295208	634209
L	55851	1454	*	*	*	*	*	4614	*
H	55851	100	97.0	+	0	0	462I100M892I	4435098 Even1_197092	4614
L	42362	1407	*	*	*	*	*	185692	*
H	42362	100	97.0	+	0	0	517I93M2I7M788I	4435400 Even3_557	185692
H	43052	76	98.7	+	0	0	515I76M799I	4436046 Even3_237425	181990
L	90284	1522	*	*	*	*	*	4415388	*
H	90284	91	97.8	+	0	0	542I91M889I	4436550 Even2_51594	4415388
L	87212	1440	*	*	*	*	*	4383015	*
H	87212	87	100.0	+	0	0	433I87M920I	4437183 Even3_103998	4383015
L	67059	1461	*	*	*	*	*	2833757	*
H	67059	83	98.8	+	0	0	497I83M881I	4437364 Even1_6797	2833757
L	92435	1427	*	*	*	*	*	4437368	*
H	92435	100	100.0	+	0	0	473I100M854I	4437368 Even1_172018	4437368
L	43920	1387	*	*	*	*	*	177359	*
H	43920	100	100.0	+	0	0	515I100M772I	4437917 Even1_1387	177359
L	27615	1373	*	*	*	*	*	298592	*
H	27615	100	98.0	+	0	0	498I100M775I	4439398 Even3_291315	298592
N	*	96	*	*	*	*	*	4439991 Even2_192529	*
L	73312	1424	*	*	*	*	*	3610691	*
H	73312	100	97.0	+	0	0	483I6MI19MI75M839I	4440497 Even2_11755	3610691
L	46830	1487	*	*	*	*	*	152632	*
H	46830	84	97.6	+	0	0	520I84M883I	4441484 Even1_139915	152632
L	92865	1408	*	*	*	*	*	4441854	*
H	92865	100	100.0	+	0	0	485I100M823I	4441855 Even3_18264	4441854
L	50392	1431	*	*	*	*	*	111806	*
H	50392	79	100.0	+	0	0	468I79M884I	4441987 Even2_82522	111806
L	21398	1509	*	*	*	*	*	342790	*
H	21398	100	99.0	+	0	0	499I100M910I	4442074 Even2_77939	342790
N	*	92	*	*	*	*	*	4442508 Even2_183682	*
L	93045	1480	*	*	*	*	*	4443766	*
H	93045	100	100.0	+	0	0	522I100M858I	4443766 Even3_191400	4443766
L	77611	1524	*	*	*	*	*	4158888	*
H	77611	100	97.0	+	0	0	538I100M886I	4446003 Even3_307228	4158888
H	90802	100	100.0	+	0	0	492I100M851I	4447176 Even2_542	4420417
L	43919	1393	*	*	*	*	*	177360	*
H	43919	100	100.0	+	0	0	523I100M770I	4447188 Even3_164379	177360
L	55727	1497	*	*	*	*	*	7214	*
H	55727	100	99.0	+	0	0	521I100M876I	4448407 Even1_1020	7214
L	93448	1438	*	*	*	*	*	4448492	*
H	93448	100	100.0	+	0	0	495I100M843I	4448492 Even1_281	4448492
L	87434	1449	*	*	*	*	*	4385318	*
H	87434	100	100.0	+	0	0	504I100M845I	4449054 Even1_63	4385318
L	41976	1398	*	*	*	*	*	187751	*
H	41976	100	100.0	+	0	0	526I100M772I	4449055 Even1_65	187751
L	93504	1343	*	*	*	*	*	4449068	*
H	93504	79	97.5	+	0	0	412I79M852I	4449068 Even2_30138	4449068
L	93505	1476	*	*	*	*	*	4449069	*
H	93505	92	97.8	+	0	0	504I92M880I	4449069 Even1_177104	4449069
N	*	100	*	*	*	*	*	4449633 Even3_328160	*
N	*	85	*	*	*	*	*	4450025 Even1_276076	*
L	72939	1449	*	*	*	*	*	3563235	*
H	72939	85	97.6	+	0	0	500I85M864I	4450198 Even1_16589	3563235
L	93692	1460	*	*	*	*	*	4451152	*
H	93692	100	100.0	+	0	0	509I100M851I	4451152 Even3_2348	4451152
L	79622	1409	*	*	*	*	*	4303790	*
H	79622	100	99.0	+	0	0	485I100M824I	4451638 Even2_1807	4303790
L	42259	1384	*	*	*	*	*	186168	*
H	42259	100	100.0	+	0	0	513I100M771I	4451899 Even1_169	186168
L	26428	1455	*	*	*	*	*	306270	*
H	26428	100	100.0	+	0	0	498I100M857I	4451935 Even3_210648	306270
L	93763	1492	*	*	*	*	*	4451945	*
H	93763	77	100.0	+	0	0	498I77M917I	4451945 Even3_123218	4451945
L	54827	1498	*	*	*	*	*	20321	*
H	54827	90	97.8	+	0	0	517I90M891I	4452050 Even3_149595	20321
L	93779	1439	*	*	*	*	*	4452107	*
H	93779	87	100.0	+	0	0	475I87M877I	4452107 Even3_22807	4452107
L	93782	1433	*	*	*	*	*	4452146	*
H	93782	76	100.0	+	0	0	478I76M879I	4452146 Even1_311974	4452146
L	93865	1501	*	*	*	*	*	4452922	*
H	93865	82	98.8	+	0	0	505I82M914I	4452922 Even3_279006	4452922
H	43418	100	100.0	+	0	0	528I100M759I	4453609 Even2_50	180045
L	93728	1375	*	*	*	*	*	4451638	*
H	93728	79	98.7	+	0	0	471I79M825I	4453839 Even2_49377	4451638
L	71981	1400	*	*	*	*	*	3440955	*
H	71981	85	97.6	+	0	0	465I59MI26M849I	4454068 Even2_88413	3440955
L	94014	1464	*	*	*	*	*	4454295	*
H	94014	85	100.0	+	0	0	506I85M873I	4454295 Even3_72371	4454295
H	37483	100	99.0	+	0	0	524I100M777I	4454531 Even1_168141	222043
H	7341	100	99.0	+	0	0	524I100M875I	4455652 Even3_39890	610462
L	94116	1498	*	*	*	*	*	4455686	*
H	94116	100	99.0	+	0	0	524I100M874I	4455686 Even1_76511	4455686
L	32650	1385	*	*	*	*	*	261698	*
H	32650	93	98.9	+	0	0	509I93M783I	44560 Even1_93687	261698
L	21834	1498	*	*	*	*	*	339532	*
H	21834	100	99.0	+	0	0	496I100M902I	4456376 Even1_134260	339532
L	75141	1441	*	*	*	*	*	706728	*
H	75141	94	98.9	+	0	0	431I94M916I	4456622 Even1_257799	706728
L	80267	1487	*	*	*	*	*	4310127	*
H	80267	100	97.0	+	0	0	517I100M870I	4457032 Even2_268899	4310127
H	91997	100	97.0	+	0	0	477I100M836I	4457268 Even3_4367	4432891
L	29657	1524	*	*	*	*	*	279384	*
H	29657	83	98.8	+	0	0	538I83M903I	4457893 Even2_96281	279384
L	94376	1512	*	*	*	*	*	4458222	*
H	94376	100	97.0	+	0	0	536I100M876I	4458222 Even3_204601	4458222
L	94387	1393	*	*	*	*	*	4458304	*
H	94387	78	98.7	+	0	0	527I78M788I	4458304 Even1_278992	4458304
L	89775	1402	*	*	*	*	*	4409962	*
H	89775	100	100.0	+	0	0	526I100M776I	4458306 Even3_114499	4409962
L	74772	1469	*	*	*	*	*	3801267	*
H	74772	100	98.0	+	0	0	513I100M856I	4458959 Even1_312253	3801267
L	40749	1361	*	*	*	*	*	194340	*
H	40749	100	100.0	+	0	0	518I100M743I	4459184 Even3_255819	194340
L	60701	1381	*	*	*	*	*	1105928	*
H	60701	100	100.0	+	0	0	484I100M797I	4460263 Even2_40	1105928
L	96286	1456	*	*	*	*	*	4478282	*
H	96286	100	98.0	+	0	0	497I100M859I	4462001 Even1_353022	4478282
L	94577	1362	*	*	*	*	*	4460263	*
H	94577	86	97.7	+	0	0	431I86M845I	4462446 Even1_205985	4460263
L	9488	1520	*	*	*	*	*	579647	*
H	9488	80	97.5	+	0	0	537I80M903I	4462613 Even1_20794	579647
L	4533	1443	*	*	*	*	*	806568	*
H	4533	87	100.0	+	0	0	431I87M925I	4463047 Even3_80205	806568
H	26806	100	97.0	+	0	0	487I100M859I	4464533 Even2_1838	303444
H	38709	100	99.0	+	0	0	526I100M865I	4467347 Even1_88172	209685
L	85950	1391	*	*	*	*	*	4369693	*
H	85950	93	98.9	+	0	0	473I93M825I	4467425 Even2_10648	4369693
L	42352	1395	*	*	*	*	*	185730	*
H	42352	100	98.0	+	0	0	525I100M770I	4467984 Even1_104450	185730
L	84255	1365	*	*	*	*	*	4351284	*
H	84255	83	100.0	+	0	0	508I83M774I	4468024 Even2_22437	4351284
L	11452	1506	*	*	*	*	*	564301	*
H	11452	100	99.0	+	0	0	524I100M882I	4468101 Even1_11727	564301
L	49970	1389	*	*	*	*	*	114209	*
H	49970	88	98.9	+	0	0	518I88M783I	4468432 Even1_223683	114209
H	95422	100	100.0	+	0	0	478I100M863I	4469302 Even2_243	4469302
L	93704	1382	*	*	*	*	*	4451252	*
H	93704	100	100.0	+	0	0	527I100M755I	4469722 Even1_96310	4451252
L	60282	1378	*	*	*	*	*	1134826	*
H	60282	100	100.0	+	0	0	366I100M912I	4469864 Even1_362965	1134826
L	40426	1392	*	*	*	*	*	195883	*
H	40426	76	100.0	+	0	0	517I76M799I	4470603 Even3_3610	195883
L	28934	1500	*	*	*	*	*	290283	*
H	28934	82	97.6	+	0	0	519I82M899I	4470886 Even1_397457	290283
L	79465	1506	*	*	*	*	*	4302241	*
H	79465	82	97.6	+	0	0	484I82M940I	4471279 Even1_215727	4302241
L	71769	1472	*	*	*	*	*	715758	*
H	71769	85	100.0	+	0	0	512I85M875I	4471435 Even1_124175	715758
L	35199	1528	*	*	*	*	*	243353	*
H	35199	100	99.0	+	0	0	537I100M891I	4471583 Even2_344581	243353
H	18897	92	97.8	+	0	0	511I92M768I	4472240 Even1_13919	367215
L	77109	1421	*	*	*	*	*	4095596	*
H	77109	85	98.8	+	0	0	494I85M842I	4474255 Even1_11661	4095596
L	90205	1489	*	*	*	*	*	4414717	*
H	90205	94	98.9	+	0	0	521I94M874I	4474486 Even1_324387	4414717
L	95939	1552	*	*	*	*	*	4474787	*
H	95939	100	99.0	+	0	0	539I100M913I	4474787 Even1_53698	4474787
L	25485	1451	*	*	*	*	*	313060	*
H	25485	100	98.0	+	0	0	487I100M864I	4475144 Even1_63809	313060
L	29530	1364	*	*	*	*	*	281938	*
H	29530	79	97.5	+	0	0	506I79M779I	4475686 Even1_184894	281938
H	82033	100	100.0	+	0	0	527I100M866I	4476578 Even1_73990	4328515
L	96156	1449	*	*	*	*	*	4476950	*
H	96156	76	98.7	+	0	0	482I76M891I	4476950 Even1_1873	4476950
L	15359	1519	*	*	*	*	*	533650	*
H	15359	77	98.7	+	0	0	542I77M900I	4477307 Even1_38908	533650
H	96135	100	97.0	+	0	0	482I100M857I	4477479 Even1_22501	4476751
L	76503	1449	*	*	*	*	*	4020502	*
H	76503	100	100.0	+	0	0	501I100M848I	4477861 Even3_98	4020502
L	30069	1489	*	*	*	*	*	277521	*
H	30069	100	100.0	+	0	0	517I100M872I	4478148 Even1_45559	277521
L	82876	1484	*	*	*	*	*	4337197	*
H	82876	100	100.0	+	0	0	519I100M865I	4478413 Even3_106877	4337197
L	96400	1443	*	*	*	*	*	4479485	*
H	96400	93	98.9	+	0	0	431I93M919I	4479485 Even1_34158	4479485
H	26841	100	100.0	+	0	0	523I100M767I	4480861 Even3_348	303221
L	44522	1391	*	*	*	*	*	174036	*
H	44522	100	97.0	+	0	0	521I100M770I	4480970 Even2_94001	174036
L	55509	1506	*	*	*	*	*	10211	*
H	55509	100	97.0	+	0	0	513I100M893I	4481244 Even2_313381	10211
L	54025	1471	*	*	*	*	*	44265	*
H	54025	100	100.0	+	0	0	514I100M857I	4481484 Even3_182452	44265
L	96632	1372	*	*	*	*	*	4481624	*
H	96632	100	100.0	+	0	0	500I100M772I	4481624 Even3_311277	4481624
L	9065	1390	*	*	*	*	*	582691	*
H	9065	77	97.4	+	0	0	413I77M900I	4482110 Even3_367335	582691
L	96153	1439	*	*	*	*	*	4476892	*
H	96153	79	98.7	+	0	0	431I79M929I	4483077 Even3_109637	4476892
L	62368	1447	*	*	*	*	*	2250345	*
H	62368	84	98.8	+	0	0	524I84M839I	4483391 Even2_251691	2250345
L	19485	1364	*	*	*	*	*	357046	*
H	19485	76	100.0	+	0	0	505I76M783I	4483570 Even3_43454	357046
L	96826	1423	*	*	*	*	*	4483859	*
H	96826	85	97.6	+	0	0	472I85M866I	4483859 Even1_166839	4483859
L	96842	1371	*	*	*	*	*	4484010	*
H	96842	78	98.7	+	0	0	513I78M780I	4484010 Even3_35098	4484010
L	96858	1490	*	*	*	*	*	4484245	*
H	96858	78	100.0	+	0	0	522I78M890I	4484245 Even2_299827	4484245
L	65569	1437	*	*	*	*	*	2654261	*
H	65569	100	97.0	+	0	0	482I100M855I	4484466 Even1_57084	2654261
L	32599	1387	*	*	*	*	*	262095	*
H	32599	76	97.4	+	0	0	520I76M791I	45363 Even3_72440	262095
L	42289	1394	*	*	*	*	*	186030	*
H	42289	83	98.8	+	0	0	518I83M793I	454363 Even2_197523	186030
N	*	80	*	*	*	*	*	46931 Even3_37558	*
L	17858	1525	*	*	*	*	*	470117	*
H	17858	100	100.0	+	0	0	519I100M906I	470117 Even2_334	470117
H	17852	100	100.0	+	0	0	517I100M918I	471180 Even1_206	471180
L	25684	1383	*	*	*	*	*	311724	*
H	25684	84	98.8	+	0	0	505I84M794I	47477 Even2_22937	311724
L	17719	1349	*	*	*	*	*	505565	*
H	17719	100	98.0	+	0	0	496I100M753I	503372 Even2_15	505565
L	53820	1474	*	*	*	*	*	50530	*
H	53820	100	100.0	+	0	0	517I100M857I	50530 Even1_91160	50530
L	87177	1393	*	*	*	*	*	4382476	*
H	87177	76	97.4	+	0	0	522I76M795I	509109 Even2_376243	4382476
H	40482	85	97.6	+	0	0	526I85M787I	509636 Even2_14788	195574
L	28488	1391	*	*	*	*	*	292909	*
H	28488	100	97.0	+	0	0	515I100M776I	509709 Even3_47124	292909
L	39725	1393	*	*	*	*	*	199677	*
H	39725	92	98.9	+	0	0	517I92M784I	510777 Even2_16632	199677
L	33868	1489	*	*	*	*	*	253380	*
H	33868	85	98.8	+	0	0	507I85M897I	510780 Even3_2420	253380
L	86554	1511	*	*	*	*	*	4376234	*
H	86554	100	100.0	+	0	0	530I100M881I	510870 Even1_1314	4376234
H	52925	92	98.9	+	0	0	411I92M889I	511008 Even3_47815	77458
L	17378	1321	*	*	*	*	*	511074	*
H	17378	78	98.7	+	0	0	455I78M788I	511074 Even2_51321	511074
L	66352	1432	*	*	*	*	*	2740953	*
H	66352	83	98.8	+	0	0	491I83M858I	511386 Even2_107872	2740953
L	68589	1491	*	*	*	*	*	3015659	*
H	68589	100	99.0	+	0	0	499I81MI19M891I	511908 Even3_221420	3015659
L	71211	1469	*	*	*	*	*	1131220	*
H	71211	100	100.0	+	0	0	495I100M874I	514711 Even1_170472	1131220
L	15698	1393	*	*	*	*	*	529873	*
H	15698	100	100.0	+	0	0	516I100M777I	516553 Even1_124605	529873
L	32273	1391	*	*	*	*	*	264009	*
H	32273	96	99.0	+	0	0	514I96M781I	518438 Even1_290353	264009
L	44276	1380	*	*	*	*	*	175367	*
H	44276	100	99.0	+	0	0	505I100M775I	518613 Even1_7693	175367
L	38487	1383	*	*	*	*	*	211848	*
H	38487	79	98.7	+	0	0	521I79M783I	519625 Even2_238016	211848
L	71851	1349	*	*	*	*	*	1024089	*
H	71851	86	97.7	+	0	0	493I86M770I	520587 Even1_251819	1024089
L	27667	1390	*	*	*	*	*	298254	*
H	27667	82	97.6	+	0	0	515I82M793I	52106 Even2_9420	298254
N	*	91	*	*	*	*	*	52163 Even2_289322	*
N	*	86	*	*	*	*	*	522582 Even2_351364	*
L	90404	1399	*	*	*	*	*	4416763	*
H	90404	81	97.5	+	0	0	540I81M778I	523025 Even3_196629	4416763
H	44834	77	98.7	+	0	0	412I77M911I	523934 Even2_255496	170775
L	10555	1489	*	*	*	*	*	571458	*
H	10555	86	98.8	+	0	0	526I86M877I	524661 Even1_21437	571458
L	16059	1389	*	*	*	*	*	525401	*
H	16059	84	100.0	+	0	0	515I84M790I	525401 Even3_123259	525401
N	*	76	*	*	*	*	*	525474 Even1_281896	*
H	15903	100	99.0	+	0	0	440I100M828I	527507 Even1_92307	527507
H	15863	100	98.0	+	0	0	494I100M847I	527988 Even3_18843	527988
L	94650	1442	*	*	*	*	*	4461030	*
H	94650	93	100.0	+	0	0	488I93M861I	528421 Even2_16911	4461030
H	18866	82	97.6	+	0	0	487I82M781I	529377 Even1_102579	367813
L	15715	1391	*	*	*	*	*	529740	*
H	15715	93	100.0	+	0	0	516I93M782I	529740 Even1_80345	529740
L	93340	1396	*	*	*	*	*	4447248	*
H	93340	100	99.0	+	0	0	526I100M770I	530206 Even2_171499	4447248
L	15659	1379	*	*	*	*	*	530379	*
H	15659	82	100.0	+	0	0	504I82M793I	530379 Even3_127650	530379
N	*	85	*	*	*	*	*	530629 Even1_346456	*
L	15400	1492	*	*	*	*	*	533373	*
H	15400	100	100.0	+	0	0	525I100M867I	533373 Even2_47169	533373
L	15296	1524	*	*	*	*	*	534321	*
H	15296	85	100.0	+	0	0	539I85M900I	534321 Even2_140104	534321
L	15210	1464	*	*	*	*	*	534957	*
H	15210	85	100.0	+	0	0	488I85M891I	534957 Even2_158900	534957
L	6255	1421	*	*	*	*	*	687940	*
H	6255	100	99.0	+	0	0	483I100M838I	534965 Even2_67191	687940
H	17850	83	98.8	+	0	0	528I83M936I	535707 Even2_75379	484304
L	14979	1491	*	*	*	*	*	536831	*
H	14979	82	100.0	+	0	0	515I82M894I	536831 Even1_8769	536831
L	67029	1372	*	*	*	*	*	688826	*
H	67029	100	97.0	+	0	0	503I100M769I	537078 Even2_338550	688826
L	45035	1457	*	*	*	*	*	168415	*
H	45035	100	98.0	+	0	0	494I100M863I	537085 Even2_4717	168415
L	14940	1527	*	*	*	*	*	537118	*
H	14940	84	97.6	+	0	0	542I84M901I	537118 Even1_155053	537118
L	44979	1377	*	*	*	*	*	169182	*
H	44979	100	98.0	+	0	0	526I100M751I	538000 Even2_108491	169182
L	14752	1491	*	*	*	*	*	538512	*
H	14752	96	97.9	+	0	0	519I96M876I	538512 Even3_313093	538512
L	14698	1327	*	*	*	*	*	538907	*
H	14698	76	100.0	+	0	0	426I76M825I	538907 Even3_184308	538907
H	94650	92	100.0	+	0	0	488I92M862I	540402 Even2_2265	4461030
L	49637	1480	*	*	*	*	*	128353	*
H	49637	100	99.0	+	0	0	518I100M862I	540508 Even1_167188	128353
L	33147	1402	*	*	*	*	*	258785	*
H	33147	81	100.0	+	0	0	472I81M849I	540793 Even3_2467	258785
N	*	81	*	*	*	*	*	540876 Even3_179945	*
L	38457	1493	*	*	*	*	*	212164	*
H	38457	100	100.0	+	0	0	527I57MI43M865I	540982 Even3_361925	212164
H	33147	80	100.0	+	0	0	472I80M850I	541119 Even1_170	258785
H	44834	78	98.7	+	0	0	412I78M910I	541415 Even3_310269	170775
L	12878	1498	*	*	*	*	*	553208	*
H	12878	100	99.0	+	0	0	518I100M880I	541517 Even3_42907	553208
H	42595	77	98.7	+	0	0	515I77M791I	542096 Even2_89096	184322
H	16022	83	98.8	+	0	0	488I83M787I	542496 Even3_123301	525841
L	21885	1395	*	*	*	*	*	339132	*
H	21885	81	100.0	+	0	0	520I81M794I	542725 Even1_77685	339132
L	14047	1481	*	*	*	*	*	543813	*
H	14047	100	99.0	+	0	0	518I100M863I	543813 Even2_45392	543813
L	72239	1461	*	*	*	*	*	681779	*
H	72239	76	98.7	+	0	0	498I76M887I	544824 Even3_359603	681779
L	27639	1399	*	*	*	*	*	298451	*
H	27639	100	97.0	+	0	0	528I100M771I	545061 Even1_135361	298451
L	12038	1483	*	*	*	*	*	559843	*
H	12038	100	100.0	+	0	0	501I100M882I	545460 Even3_29542	559843
L	91676	1451	*	*	*	*	*	4429608	*
H	91676	100	97.0	+	0	0	493I100M858I	545473 Even3_28216	4429608
H	18942	76	97.4	+	0	0	438I76M935I	546384 Even3_300635	366451
H	93803	100	99.0	+	0	0	490I100M860I	547287 Even1_102215	4452400
L	64362	1378	*	*	*	*	*	813564	*
H	64362	76	98.7	+	0	0	505I76M797I	547304 Even2_385386	813564
H	7082	80	98.8	+	0	0	480I80M846I	547714 Even3_297422	628226
N	*	100	*	*	*	*	*	548503 Even3_333613	*
L	80567	1504	*	*	*	*	*	4313261	*
H	80567	100	99.0	+	0	0	526I100M878I	549232 Even1_3299	4313261
L	73051	1442	*	*	*	*	*	1029559	*
H	73051	100	97.0	+	0	0	475I100M867I	549656 Even1_3363	1029559
L	41068	1393	*	*	*	*	*	192592	*
H	41068	79	97.5	+	0	0	526I79M788I	550013 Even1_102518	192592
L	79048	1377	*	*	*	*	*	4297918	*
H	79048	87	97.7	+	0	0	442I87M848I	552376 Even3_16335	4297918
H	60474	82	98.8	+	0	0	506I82M775I	553208 Even2_128601	1022184
L	12466	1399	*	*	*	*	*	556451	*
H	12466	77	98.7	+	0	0	511I77M811I	556451 Even1_245627	556451
L	12256	1502	*	*	*	*	*	558081	*
H	12256	100	100.0	+	0	0	528I100M874I	558081 Even3_38	558081
L	74973	1499	*	*	*	*	*	812218	*
H	74973	81	97.5	+	0	0	517I81M901I	558531 Even1_93909	812218
L	12131	1418	*	*	*	*	*	559200	*
H	12131	100	100.0	+	0	0	535I100M783I	559200 Even3_282529	559200
L	55530	1421	*	*	*	*	*	9727	*
H	55530	81	98.8	+	0	0	473I81M867I	560465 Even3_172459	9727
L	56602	1456	*	*	*	*	*	827379	*
H	56602	78	100.0	+	0	0	495I78M883I	560685 Even2_87226	827379
L	11778	1370	*	*	*	*	*	561881	*
H	11778	100	99.0	+	0	0	500I100M770I	561881 Even3_131811	561881
L	11620	1454	*	*	*	*	*	563009	*
H	11620	79	97.5	+	0	0	475I79M900I	563009 Even2_102452	563009
L	11477	1332	*	*	*	*	*	564123	*
H	11477	100	100.0	+	0	0	470I100M762I	564123 Even3_61251	564123
L	82261	1485	*	*	*	*	*	4331183	*
H	82261	81	97.5	+	0	0	506I81M898I	566976 Even2_148775	4331183
H	29555	83	97.6	+	0	0	526I83M791I	568293 Even1_213583	281015
L	10772	1388	*	*	*	*	*	569818	*
H	10772	81	98.8	+	0	0	515I81M792I	569522 Even2_234210	569818
H	45632	100	99.0	+	0	0	547I100M917I	573107 Even2_1672	161579
L	41512	1443	*	*	*	*	*	190279	*
H	41512	100	97.0	+	0	0	486I100M857I	574269 Even1_45382	190279
L	39050	1385	*	*	*	*	*	206124	*
H	39050	100	97.0	+	0	0	519I100M766I	575467 Even1_326626	206124
H	28525	78	97.4	+	0	0	526I78M794I	577027 Even2_8252	292634
L	60518	1461	*	*	*	*	*	835182	*
H	60518	76	97.4	+	0	0	502I76M883I	579499 Even3_23178	835182
L	36819	1458	*	*	*	*	*	228494	*
H	36819	82	97.6	+	0	0	480I82M896I	580295 Even2_269180	228494
L	53636	1448	*	*	*	*	*	58374	*
H	53636	100	97.0	+	0	0	500I100M848I	58374 Even1_304751	58374
L	30061	1392	*	*	*	*	*	277584	*
H	30061	100	99.0	+	0	0	520I100M772I	584463 Even1_75941	277584
L	51402	1381	*	*	*	*	*	103400	*
H	51402	80	97.5	+	0	0	497I80M804I	585574 Even2_279727	103400
H	45159	81	97.5	+	0	0	527I81M900I	585701 Even2_66460	167120
L	28869	1374	*	*	*	*	*	290632	*
H	28869	100	97.0	+	0	0	502I100M772I	586920 Even1_40224	290632
L	8420	1370	*	*	*	*	*	587269	*
H	8420	76	100.0	+	0	0	506I76M788I	587269 Even3_217590	587269
H	7378	100	98.0	+	0	0	479I100M870I	587648 Even1_95119	607386
L	8358	1470	*	*	*	*	*	587788	*
H	8358	100	99.0	+	0	0	487I100M883I	587788 Even1_123618	587788
L	53234	1405	*	*	*	*	*	69933	*
H	53234	86	98.8	+	0	0	501I86M818I	591285 Even2_2661	69933
H	56753	100	100.0	+	0	0	471I100M834I	609704 Even3_49577	609704
L	37110	1454	*	*	*	*	*	225522	*
H	37110	94	100.0	+	0	0	511I94M849I	610188 Even1_192281	225522
L	7283	1502	*	*	*	*	*	614504	*
H	7283	100	100.0	+	0	0	523I100M879I	614504 Even2_191354	614504
L	68031	1496	*	*	*	*	*	2947807	*
H	68031	100	97.0	+	0	0	520I100M876I	614969 Even3_49078	2947807
L	36978	1474	*	*	*	*	*	226626	*
H	36978	79	98.7	+	0	0	499I79M896I	616688 Even3_52306	226626
H	26385	91	98.9	+	0	0	504I91M777I	619140 Even2_218749	306633
L	76439	1308	*	*	*	*	*	627321	*
H	76439	84	98.8	+	0	0	449I84M775I	627321 Even3_341313	627321
L	65578	1461	*	*	*	*	*	630172	*
H	65578	100	99.0	+	0	0	483I100M878I	630172 Even1_22993	630172
L	94441	1452	*	*	*	*	*	4458775	*
H	94441	100	100.0	+	0	0	474I100M878I	632346 Even3_23218	4458775
N	*	95	*	*	*	*	*	632692 Even2_393772	*
L	75989	1498	*	*	*	*	*	637546	*
H	75989	100	100.0	+	0	0	518I100M880I	637546 Even2_156209	637546
L	22202	1518	*	*	*	*	*	336977	*
H	22202	100	97.0	+	0	0	540I100M878I	640739 Even1_353408	336977
L	30553	1371	*	*	*	*	*	274627	*
H	30553	100	97.0	+	0	0	516I100M755I	649107 Even1_53427	274627
L	28920	1405	*	*	*	*	*	290343	*
H	28920	79	100.0	+	0	0	522I79M804I	652272 Even3_341384	290343
L	66937	1480	*	*	*	*	*	652696	*
H	66937	81	100.0	+	0	0	488I81M911I	652696 Even1_38745	652696
L	72856	1357	*	*	*	*	*	654696	*
H	72856	100	97.0	+	0	0	490I100M767I	654696 Even2_179550	654696
L	88298	1472	*	*	*	*	*	4394175	*
H	88298	91	97.8	+	0	0	450I91M931I	65683 Even3_31478	4394175
L	55523	1492	*	*	*	*	*	9912	*
H	55523	100	97.0	+	0	0	502I100M890I	656889 Even2_136315	9912
L	1222	1382	*	*	*	*	*	1026261	*
H	1222	100	98.0	+	0	0	521I100M761I	662983 Even1_104666	1026261
L	30210	1415	*	*	*	*	*	276657	*
H	30210	100	100.0	+	0	0	483I100M832I	664205 Even1_182480	276657
H	91997	100	97.0	+	0	0	477I100M836I	665978 Even1_281242	4432891
L	62955	1520	*	*	*	*	*	1126691	*
H	62955	81	98.8	+	0	0	532I81M907I	676211 Even3_57646	1126691
L	16519	1396	*	*	*	*	*	519290	*
H	16519	100	98.0	+	0	0	519I100M777I	681370 Even2_165742	519290
L	7185	1365	*	*	*	*	*	621472	*
H	7185	82	98.8	+	0	0	497I82M786I	683112 Even1_237454	621472
L	81158	1325	*	*	*	*	*	4319059	*
H	81158	100	99.0	+	0	0	410I100M815I	683458 Even1_161052	4319059
N	*	100	*	*	*	*	*	686900 Even3_67894	*
L	6269	1393	*	*	*	*	*	686972	*
H	6269	81	98.8	+	0	0	459I81M853I	686972 Even2_60347	686972
L	61251	1498	*	*	*	*	*	668514	*
H	61251	81	98.8	+	0	0	526I81M891I	687792 Even1_58957	668514
L	68127	1476	*	*	*	*	*	697681	*
H	68127	100	100.0	+	0	0	513I100M863I	697681 Even2_279991	697681
L	60102	1451	*	*	*	*	*	702276	*
H	60102	100	100.0	+	0	0	499I100M852I	702276 Even2_231871	702276
H	94577	81	97.5	+	0	0	431I81M850I	702681 Even3_257475	4460263
H	93782	77	97.4	+	0	0	478I77M878I	714794 Even1_388148	4452146
L	9639	1501	*	*	*	*	*	578649	*
H	9639	100	99.0	+	0	0	524I100M877I	721704 Even2_70625	578649
H	90449	100	98.0	+	0	0	526I100M877I	725048 Even3_50398	4417158
L	51139	1395	*	*	*	*	*	105352	*
H	51139	100	100.0	+	0	0	421I100M874I	726730 Even3_48368	105352
L	5672	1340	*	*	*	*	*	727945	*
H	5672	100	97.0	+	0	0	494I100M746I	727945 Even1_348010	727945
H	66564	100	100.0	+	0	0	501I100M909I	728293 Even1_67509	2770485
L	57525	1352	*	*	*	*	*	1669160	*
H	57525	91	100.0	+	0	0	500I91M761I	729700 Even3_325643	1669160
L	73960	1436	*	*	*	*	*	735476	*
H	73960	100	97.0	+	0	0	475I100M861I	735476 Even1_45506	735476
H	2815	81	98.8	+	0	0	511I81M787I	741298 Even2_15580	851323
L	64739	1434	*	*	*	*	*	2552941	*
H	64739	76	98.7	+	0	0	496I66MI10M861I	744029 Even2_384772	2552941
H	993	76	100.0	+	0	0	506I76M784I	74443 Even3_207774	1052930
L	8650	1356	*	*	*	*	*	585574	*
H	8650	84	98.8	+	0	0	452I84M820I	744941 Even2_90272	585574
H	94650	92	98.9	+	0	0	488I92M862I	746679 Even3_129961	4461030
L	85180	1367	*	*	*	*	*	4361611	*
H	85180	82	100.0	+	0	0	506I82M779I	766120 Even2_66528	4361611
L	5103	1489	*	*	*	*	*	769961	*
H	5103	100	98.0	+	0	0	524I100M865I	769961 Even1_18637	769961
L	27289	1391	*	*	*	*	*	300563	*
H	27289	76	98.7	+	0	0	515I76M800I	777944 Even1_42089	300563
H	16022	76	98.7	+	0	0	488I76M794I	778059 Even1_160036	525841
N	*	77	*	*	*	*	*	788593 Even3_78191	*
L	5290	1475	*	*	*	*	*	756100	*
H	5290	100	100.0	+	0	0	503I100M872I	792520 Even2_316251	756100
L	48740	1507	*	*	*	*	*	138826	*
H	48740	100	99.0	+	0	0	526I100M881I	806143 Even1_2271	138826
L	56880	1324	*	*	*	*	*	806380	*
H	56880	100	100.0	+	0	0	419I100M805I	806380 Even2_3075	806380
L	90977	1567	*	*	*	*	*	4422300	*
H	90977	77	100.0	+	0	0	535I77M955I	807070 Even3_299814	4422300
L	73574	1346	*	*	*	*	*	807821	*
H	73574	76	100.0	+	0	0	486I76M784I	807821 Even3_73592	807821
L	52993	1502	*	*	*	*	*	74443	*
H	52993	100	98.0	+	0	0	525I100M877I	808706 Even3_9557	74443
L	66085	1431	*	*	*	*	*	650615	*
H	66085	86	97.7	+	0	0	494I86M851I	810425 Even2_74980	650615
L	60994	1411	*	*	*	*	*	810700	*
H	60994	100	99.0	+	0	0	451I100M860I	810700 Even2_300202	810700
N	*	84	*	*	*	*	*	812095 Even3_93283	*
L	4217	1379	*	*	*	*	*	812155	*
H	4217	77	100.0	+	0	0	507I56MI21M794I	812155 Even3_140782	812155
N	*	100	*	*	*	*	*	812351 Even3_351528	*
H	70294	100	98.0	+	0	0	501I100M845I	812549 Even1_86325	3232397
L	33612	1353	*	*	*	*	*	255112	*
H	33612	90	97.8	+	0	0	498I90M765I	813195 Even1_17153	255112
L	64825	1513	*	*	*	*	*	813479	*
H	64825	85	97.6	+	0	0	501I85M927I	813479 Even1_211161	813479
L	73095	1431	*	*	*	*	*	807118	*
H	73095	85	98.8	+	0	0	471I85M875I	813564 Even2_131362	807118
H	81368	81	98.8	+	0	0	481I81M1278I	814112 Even1_15502	4321292
L	52702	1490	*	*	*	*	*	81462	*
H	52702	100	98.0	+	0	0	522I100M868I	81462 Even1_9487	81462
L	52269	1503	*	*	*	*	*	91557	*
H	52269	81	97.5	+	0	0	524I81M898I	819636 Even1_318925	91557
N	*	82	*	*	*	*	*	820315 Even1_346658	*
L	55517	1498	*	*	*	*	*	9994	*
H	55517	90	97.8	+	0	0	516I90M892I	820375 Even3_390081	9994
L	46641	1420	*	*	*	*	*	154268	*
H	46641	82	98.8	+	0	0	459I82M879I	821187 Even1_213509	154268
L	73030	1505	*	*	*	*	*	823916	*
H	73030	100	99.0	+	0	0	496I100M909I	823916 Even3_325880	823916
L	11579	1439	*	*	*	*	*	563359	*
H	11579	81	98.8	+	0	0	446I81M912I	824402 Even1_188270	563359
L	44832	1373	*	*	*	*	*	170798	*
H	44832	100	99.0	+	0	0	427I100M846I	824742 Even3_146700	170798
H	17852	100	99.0	+	0	0	517I100M918I	824876 Even3_161203	471180
H	15217	84	98.8	+	0	0	483I84M832I	825033 Even2_146078	534898
H	70294	81	98.8	+	0	0	501I81M864I	825989 Even3_43038	3232397
L	33722	1305	*	*	*	*	*	254401	*
H	33722	100	100.0	+	0	0	447I100M758I	826124 Even3_39763	254401
H	90284	84	97.6	+	0	0	542I84M896I	827943 Even1_3011	4415388
L	358	1495	*	*	*	*	*	1106861	*
H	358	100	97.0	+	0	0	517I100M878I	828333 Even3_347516	1106861
N	*	89	*	*	*	*	*	828474 Even3_334364	*
L	19399	1444	*	*	*	*	*	358538	*
H	19399	93	100.0	+	0	0	474I93M877I	828880 Even2_84993	358538
L	9223	1377	*	*	*	*	*	581514	*
H	9223	100	100.0	+	0	0	502I100M775I	829600 Even2_16708	581514
L	35192	1425	*	*	*	*	*	243374	*
H	35192	76	97.4	+	0	0	508I76M841I	83055 Even2_359849	243374
L	64802	1522	*	*	*	*	*	831386	*
H	64802	91	98.9	+	0	0	539I91M892I	831386 Even1_213164	831386
L	78594	1497	*	*	*	*	*	832540	*
H	78594	100	99.0	+	0	0	528I100M869I	832540 Even1_45387	832540
L	44308	1392	*	*	*	*	*	175193	*
H	44308	76	97.4	+	0	0	518I76M798I	833390 Even2_126675	175193
L	5677	1529	*	*	*	*	*	727692	*
H	5677	93	97.8	+	0	0	521I93M915I	834418 Even1_51642	727692
L	2930	1469	*	*	*	*	*	843189	*
H	2930	89	100.0	+	0	0	487I89M893I	843189 Even1_111525	843189
L	76065	1448	*	*	*	*	*	3970651	*
H	76065	100	99.0	+	0	0	501I100M847I	846127 Even3_14	3970651
L	16277	1395	*	*	*	*	*	522582	*
H	16277	100	97.0	+	0	0	524I100M771I	847228 Even2_290305	522582
L	2800	1537	*	*	*	*	*	851961	*
H	2800	92	97.8	+	0	0	539I92M906I	851961 Even3_79236	851961
H	66087	95	97.9	+	0	0	466I95M820I	85614 Even3_34323	1122622
L	52467	1497	*	*	*	*	*	87839	*
H	52467	100	98.0	+	0	0	516I100M881I	87839 Even2_34881	87839
L	64823	1433	*	*	*	*	*	824876	*
H	64823	78	97.4	+	0	0	420I78M935I	897946 Even1_219383	824876
L	2358	1330	*	*	*	*	*	899404	*
H	2358	93	97.8	+	0	0	473I93M764I	899404 Even1_64267	899404
L	66107	1530	*	*	*	*	*	899619	*
H	66107	78	98.7	+	0	0	541I78M911I	899619 Even1_155814	899619
L	52241	1502	*	*	*	*	*	91962	*
H	52241	92	97.8	+	0	0	526I92M884I	91962 Even3_213671	91962
L	22754	1454	*	*	*	*	*	332935	*
H	22754	87	97.7	+	0	0	506I87M861I	924547 Even1_135592	332935
L	77330	1337	*	*	*	*	*	931593	*
H	77330	100	100.0	+	0	0	478I100M759I	931593 Even1_222623	931593
L	76747	1416	*	*	*	*	*	1145946	*
H	76747	100	98.0	+	0	0	482I100M834I	947308 Even1_185690	1145946
L	52062	1412	*	*	*	*	*	95974	*
H	52062	76	100.0	+	0	0	495I76M841I	95974 Even3_132301	95974
H	64129	100	99.0	+	0	0	504I100M859I	9727 Even1_1386	691423
L	55526	1371	*	*	*	*	*	9846	*
H	55526	100	99.0	+	0	0	456I100M815I	9846 Even1_127912	9846
L	74550	1310	*	*	*	*	*	805432	*
H	74550	100	98.0	+	0	0	449I100M761I	985116 Even3_340671	805432
H	55523	100	100.0	+	0	0	502I100M890I	9912 Even3_168240	9912
L	54626	1460	*	*	*	*	*	27032	*
H	54626	91	97.8	+	0	0	501I91M868I	9918 Even1_318559	27032
L	2537	1486	*	*	*	*	*	879327	*
H	2537	77	100.0	+	0	0	513I77M896I	99566 Even2_115048	879327
L	86599	1529	*	*	*	*	*	4376828	*
H	86599	85	98.8	+	0	0	512I85M932I	997439 Even1_16912	4376828
H	12256	100	98.0	+	0	0	528I100M874I	9994 Even1_19305	558081
N	*	79	*	*	*	*	*	New.ReferenceOTU0 Even1_183684	*
N	*	100	*	*	*	*	*	New.ReferenceOTU1 Even3_388830	*
N	*	82	*	*	*	*	*	New.ReferenceOTU10 Even3_397118	*
N	*	100	*	*	*	*	*	New.ReferenceOTU12 Even1_351195	*
N	*	82	*	*	*	*	*	New.ReferenceOTU14 Even1_216621	*
N	*	96	*	*	*	*	*	New.ReferenceOTU15 Even3_281625	*
N	*	100	*	*	*	*	*	New.ReferenceOTU16 Even3_281251	*
N	*	86	*	*	*	*	*	New.ReferenceOTU17 Even3_314268	*
N	*	86	*	*	*	*	*	New.ReferenceOTU18 Even2_300814	*
N	*	82	*	*	*	*	*	New.ReferenceOTU2 Even2_293854	*
N	*	100	*	*	*	*	*	New.ReferenceOTU20 Even3_297202	*
N	*	100	*	*	*	*	*	New.ReferenceOTU21 Even2_328460	*
N	*	81	*	*	*	*	*	New.ReferenceOTU22 Even2_372103	*
N	*	82	*	*	*	*	*	New.ReferenceOTU23 Even3_260389	*
N	*	100	*	*	*	*	*	New.ReferenceOTU24 Even2_386599	*
N	*	77	*	*	*	*	*	New.ReferenceOTU25 Even3_18315	*
N	*	100	*	*	*	*	*	New.ReferenceOTU27 Even2_278016	*
N	*	96	*	*	*	*	*	New.ReferenceOTU28 Even2_316649	*
N	*	91	*	*	*	*	*	New.ReferenceOTU30 Even3_318770	*
N	*	85	*	*	*	*	*	New.ReferenceOTU31 Even2_219925	*
N	*	100	*	*	*	*	*	New.ReferenceOTU4 Even2_254325	*
N	*	96	*	*	*	*	*	New.ReferenceOTU5 Even1_283662	*
N	*	100	*	*	*	*	*	New.ReferenceOTU6 Even3_297278	*
N	*	100	*	*	*	*	*	New.ReferenceOTU7 Even1_185791	*
N	*	81	*	*	*	*	*	New.ReferenceOTU8 Even2_248328	*
N	*	95	*	*	*	*	*	New.ReferenceOTU9 Even2_395027	*
N	*	100	*	*	*	*	*	New.CleanUp.ReferenceOTU0 Even3_378840	*
N	*	100	*	*	*	*	*	New.CleanUp.ReferenceOTU1 Even1_17943	*
N	*	100	*	*	*	*	*	New.CleanUp.ReferenceOTU10000 Even2_375707	*
N	*	100	*	*	*	*	*	New.CleanUp.ReferenceOTU10001 Even1_356163	*
N	*	100	*	*	*	*	*	New.CleanUp.ReferenceOTU10008 Even1_205139	*
N	*	94	*	*	*	*	*	New.CleanUp.ReferenceOTU10009 Even2_293834	*
N	*	100	*	*	*	*	*	New.CleanUp.ReferenceOTU10013 Even1_166443	*
N	*	100	*	*	*	*	*	New.CleanUp.ReferenceOTU10018 Even3_375721	*
N	*	95	*	*	*	*	*	New.CleanUp.ReferenceOTU1002 Even1_393260	*
N	*	100	*	*	*	*	*	New.CleanUp.ReferenceOTU10023 Even2_392603	*
N	*	100	*	*	*	*	*	New.CleanUp.ReferenceOTU10027 Even3_46054	*
N	*	100	*	*	*	*	*	New.CleanUp.ReferenceOTU10028 Even1_339007	*
N	*	100	*	*	*	*	*	New.CleanUp.ReferenceOTU10029 Even1_19070	*
N	*	100	*	*	*	*	*	New.CleanUp.ReferenceOTU10034 Even2_274233	*
N	*	96	*	*	*	*	*	New.CleanUp.ReferenceOTU10035 Even3_278758	*
N	*	80	*	*	*	*	*	New.CleanUp.ReferenceOTU10037 Even3_278026	*
N	*	100	*	*	*	*	*	New.CleanUp.ReferenceOTU10038 Even3_378719	*
N	*	77	*	*	*	*	*	New.CleanUp.ReferenceOTU1004 Even1_62612	*
N	*	100	*	*	*	*	*	New.CleanUp.ReferenceOTU10043 Even1_368726	*
N	*	100	*	*	*	*	*	New.CleanUp.ReferenceOTU10046 Even1_390560	*
N	*	96	*	*	*	*	*	New.CleanUp.ReferenceOTU10050 Even1_280014	*
N	*	89	*	*	*	*	*	New.CleanUp.ReferenceOTU10051 Even3_395309	*
N	*	95	*	*	*	*	*	New.CleanUp.ReferenceOTU10053 Even3_395306	*
N	*	100	*	*	*	*	*	New.CleanUp.ReferenceOTU10059 Even2_390601	*
N	*	79	*	*	*	*	*	New.CleanUp.ReferenceOTU10062 Even3_276020	*
N	*	90	*	*	*	*	*	New.CleanUp.ReferenceOTU10065 Even3_99849	*
N	*	100	*	*	*	*	*	New.CleanUp.ReferenceOTU10067 Even3_388530	*
N	*	96	*	*	*	*	*	New.CleanUp.ReferenceOTU10068 Even3_388536	*
N	*	81	*	*	*	*	*	New.CleanUp.ReferenceOTU10072 Even1_295328	*
N	*	90	*	*	*	*	*	New.CleanUp.ReferenceOTU10074 Even2_91311	*
N	*	93	*	*	*	*	*	New.CleanUp.ReferenceOTU10078 Even3_371592	*
N	*	100	*	*	*	*	*	New.CleanUp.ReferenceOTU10083 Even2_372042	*
N	*	100	*	*	*	*	*	New.CleanUp.ReferenceOTU10085 Even2_372047	*
N	*	100	*	*	*	*	*	New.CleanUp.ReferenceOTU10087 Even2_372049	*
N	*	87	*	*	*	*	*	New.CleanUp.ReferenceOTU10089 Even3_286764	*
N	*	77	*	*	*	*	*	New.CleanUp.ReferenceOTU10090 Even2_314126	*
N	*	100	*	*	*	*	*	New.CleanUp.ReferenceOTU10099 Even1_392400	*
N	*	88	*	*	*	*	*	New.CleanUp.ReferenceOTU10101 Even2_129068	*
N	*	82	*	*	*	*	*	New.CleanUp.ReferenceOTU10107 Even2_276462	*
N	*	92	*	*	*	*	*	New.CleanUp.ReferenceOTU10108 Even3_84369	*
N	*	87	*	*	*	*	*	New.CleanUp.ReferenceOTU1011 Even2_267987	*
N	*	100	*	*	*	*	*	New.CleanUp.ReferenceOTU10115 Even2_281287	*
N	*	85	*	*	*	*	*	New.CleanUp.ReferenceOTU10117 Even3_302099	*
N	*	100	*	*	*	*	*	New.CleanUp.ReferenceOTU10123 Even1_83481	*
N	*	90	*	*	*	*	*	New.CleanUp.ReferenceOTU10127 Even2_63413	*
N	*	76	*	*	*	*	*	New.CleanUp.ReferenceOTU10129 Even1_218851	*
N	*	84	*	*	*	*	*	New.CleanUp.ReferenceOTU10131 Even1_81882	*
N	*	78	*	*	*	*	*	New.CleanUp.ReferenceOTU10135 Even3_247978	*
N	*	100	*	*	*	*	*	New.CleanUp.ReferenceOTU10136 Even3_271080	*
N	*	89	*	*	*	*	*	New.CleanUp.ReferenceOTU10144 Even2_206799	*
N	*	100	*	*	*	*	*	New.CleanUp.ReferenceOTU10145 Even1_217478	*
N	*	85	*	*	*	*	*	New.CleanUp.ReferenceOTU10150 Even2_105342	*
N	*	94	*	*	*	*	*	New.CleanUp.ReferenceOTU10153 Even2_393987	*
N	*	92	*	*	*	*	*	New.CleanUp.ReferenceOTU10155 Even3_146294	*
N	*	100	*	*	*	*	*	New.CleanUp.ReferenceOTU10156 Even3_381915	*
N	*	76	*	*	*	*	*	New.CleanUp.ReferenceOTU10157 Even3_381264	*
N	*	100	*	*	*	*	*	New.CleanUp.ReferenceOTU10160 Even3_118022	*
N	*	100	*	*	*	*	*	New.CleanUp.ReferenceOTU10167 Even3_341483	*
N	*	92	*	*	*	*	*	New.CleanUp.ReferenceOTU10168 Even3_314282	*
N	*	95	*	*	*	*	*	New.CleanUp.ReferenceOTU1017 Even2_7954	*
N	*	95	*	*	*	*	*	New.CleanUp.ReferenceOTU10171 Even1_367176	*
N	*	76	*	*	*	*	*	New.CleanUp.ReferenceOTU10173 Even1_314271	*
N	*	83	*	*	*	*	*	New.CleanUp.ReferenceOTU10175 Even3_281817	*
N	*	100	*	*	*	*	*	New.CleanUp.ReferenceOTU10178 Even3_290213	*
N	*	100	*	*	*	*	*	New.CleanUp.ReferenceOTU10179 Even3_168478	*
N	*	100	*	*	*	*	*	New.CleanUp.ReferenceOTU1018 Even2_378839	*
N	*	100	*	*	*	*	*	New.CleanUp.ReferenceOTU10183 Even3_351617	*
N	*	86	*	*	*	*	*	New.CleanUp.ReferenceOTU10186 Even2_277326	*
N	*	93	*	*	*	*	*	New.CleanUp.ReferenceOTU10189 Even2_76357	*
N	*	92	*	*	*	*	*	New.CleanUp.ReferenceOTU10190 Even2_284255	*
N	*	100	*	*	*	*	*	New.CleanUp.ReferenceOTU10192 Even1_378421	*
N	*	100	*	*	*	*	*	New.CleanUp.ReferenceOTU10194 Even3_284334	*
N	*	79	*	*	*	*	*	New.CleanUp.ReferenceOTU1020 Even2_17913	*
N	*	100	*	*	*	*	*	New.CleanUp.ReferenceOTU10200 Even3_299620	*
N	*	100	*	*	*	*	*	New.CleanUp.ReferenceOTU10204 Even1_305739	*
N	*	94	*	*	*	*	*	New.CleanUp.ReferenceOTU1021 Even2_378834	*
N	*	91	*	*	*	*	*	New.CleanUp.ReferenceOTU10210 Even1_333601	*
N	*	100	*	*	*	*	*	New.CleanUp.ReferenceOTU10211 Even3_386640	*
N	*	100	*	*	*	*	*	New.CleanUp.ReferenceOTU10213 Even2_299220	*
N	*	100	*	*	*	*	*	New.CleanUp.ReferenceOTU10218 Even2_390989	*
N	*	93	*	*	*	*	*	New.CleanUp.ReferenceOTU10220 Even2_378715	*
N	*	100	*	*	*	*	*	New.CleanUp.ReferenceOTU10223 Even3_378944	*
N	*	100	*	*	*	*	*	New.CleanUp.ReferenceOTU10225 Even3_378946	*
N	*	100	*	*	*	*	*	New.CleanUp.ReferenceOTU10227 Even1_368534	*
N	*	96	*	*	*	*	*	New.CleanUp.ReferenceOTU10229 Even1_356570	*
N	*	100	*	*	*	*	*	New.CleanUp.ReferenceOTU10230 Even2_147227	*
N	*	77	*	*	*	*	*	New.CleanUp.ReferenceOTU10236 Even3_394688	*
N	*	100	*	*	*	*	*	New.CleanUp.ReferenceOTU10239 Even3_6708	*
N	*	100	*	*	*	*	*	New.CleanUp.ReferenceOTU10240 Even3_372111	*
N	*	86	*	*	*	*	*	New.CleanUp.ReferenceOTU10244 Even3_281679	*
N	*	100	*	*	*	*	*	New.CleanUp.ReferenceOTU10247 Even2_132424	*
N	*	100	*	*	*	*	*	New.CleanUp.ReferenceOTU10248 Even3_281674	*
N	*	94	*	*	*	*	*	New.CleanUp.ReferenceOTU1025 Even3_363662	*
N	*	91	*	*	*	*	*	New.CleanUp.ReferenceOTU10250 Even1_346409	*
N	*	96	*	*	*	*	*	New.CleanUp.ReferenceOTU10251 Even2_378578	*
N	*	85	*	*	*	*	*	New.CleanUp.ReferenceOTU10254 Even3_283410	*
N	*	100	*	*	*	*	*	New.CleanUp.ReferenceOTU10255 Even3_15108	*
N	*	81	*	*	*	*	*	New.CleanUp.ReferenceOTU10260 Even1_123044	*
N	*	96	*	*	*	*	*	New.CleanUp.ReferenceOTU10265 Even3_166113	*
N	*	76	*	*	*	*	*	New.CleanUp.ReferenceOTU10273 Even2_314339	*
N	*	84	*	*	*	*	*	New.CleanUp.ReferenceOTU1028 Even1_280696	*
N	*	100	*	*	*	*	*	New.CleanUp.ReferenceOTU10280 Even2_391126	*
N	*	87	*	*	*	*	*	New.CleanUp.ReferenceOTU10282 Even2_112621	*
N	*	83	*	*	*	*	*	New.CleanUp.ReferenceOTU10289 Even3_65060	*
N	*	100	*	*	*	*	*	New.CleanUp.ReferenceOTU10293 Even2_356411	*
N	*	81	*	*	*	*	*	New.CleanUp.ReferenceOTU10302 Even3_343443	*
N	*	95	*	*	*	*	*	New.CleanUp.ReferenceOTU10303 Even1_367824	*
N	*	100	*	*	*	*	*	New.CleanUp.ReferenceOTU10305 Even3_375287	*
N	*	100	*	*	*	*	*	New.CleanUp.ReferenceOTU1031 Even2_287233	*
N	*	100	*	*	*	*	*	New.CleanUp.ReferenceOTU10313 Even1_48372	*
N	*	100	*	*	*	*	*	New.CleanUp.ReferenceOTU10316 Even3_384349	*
N	*	92	*	*	*	*	*	New.CleanUp.ReferenceOTU1032 Even1_9116	*
N	*	100	*	*	*	*	*	New.CleanUp.ReferenceOTU10321 Even2_333050	*
N	*	83	*	*	*	*	*	New.CleanUp.ReferenceOTU10322 Even1_366024	*
N	*	100	*	*	*	*	*	New.CleanUp.ReferenceOTU10332 Even2_390297	*
N	*	93	*	*	*	*	*	New.CleanUp.ReferenceOTU10334 Even3_388704	*
N	*	76	*	*	*	*	*	New.CleanUp.ReferenceOTU1034 Even3_278930	*
N	*	85	*	*	*	*	*	New.CleanUp.ReferenceOTU10348 Even2_355004	*
N	*	100	*	*	*	*	*	New.CleanUp.ReferenceOTU10357 Even1_23512	*
N	*	88	*	*	*	*	*	New.CleanUp.ReferenceOTU1036 Even2_226816	*
N	*	100	*	*	*	*	*	New.CleanUp.ReferenceOTU10360 Even2_12374	*
N	*	81	*	*	*	*	*	New.CleanUp.ReferenceOTU10364 Even1_254995	*
N	*	94	*	*	*	*	*	New.CleanUp.ReferenceOTU10367 Even2_111268	*
N	*	100	*	*	*	*	*	New.CleanUp.ReferenceOTU10377 Even3_157778	*
N	*	93	*	*	*	*	*	New.CleanUp.ReferenceOTU10386 Even3_157480	*
N	*	92	*	*	*	*	*	New.CleanUp.ReferenceOTU10390 Even2_267738	*
N	*	100	*	*	*	*	*	New.CleanUp.ReferenceOTU1040 Even3_333590	*
N	*	96	*	*	*	*	*	New.CleanUp.ReferenceOTU10404 Even1_394472	*
N	*	100	*	*	*	*	*	New.CleanUp.ReferenceOTU10405 Even2_381737	*
N	*	91	*	*	*	*	*	New.CleanUp.ReferenceOTU10407 Even3_93259	*
N	*	92	*	*	*	*	*	New.CleanUp.ReferenceOTU10408 Even2_223666	*
N	*	100	*	*	*	*	*	New.CleanUp.ReferenceOTU10417 Even3_227832	*
N	*	76	*	*	*	*	*	New.CleanUp.ReferenceOTU10418 Even3_386253	*
N	*	81	*	*	*	*	*	New.CleanUp.ReferenceOTU10421 Even2_385345	*
N	*	100	*	*	*	*	*	New.CleanUp.ReferenceOTU10424 Even1_351449	*
N	*	94	*	*	*	*	*	New.CleanUp.ReferenceOTU10426 Even1_318927	*
N	*	100	*	*	*	*	*	New.CleanUp.ReferenceOTU10430 Even2_381886	*
N	*	83	*	*	*	*	*	New.CleanUp.ReferenceOTU10432 Even1_363900	*
N	*	100	*	*	*	*	*	New.CleanUp.ReferenceOTU10440 Even1_204530	*
N	*	95	*	*	*	*	*	New.CleanUp.ReferenceOTU10442 Even3_232635	*
N	*	100	*	*	*	*	*	New.CleanUp.ReferenceOTU10447 Even2_375095	*
N	*	100	*	*	*	*	*	New.CleanUp.ReferenceOTU1045 Even1_102470	*
N	*	92	*	*	*	*	*	New.CleanUp.ReferenceOTU10450 Even2_163235	*
N	*	96	*	*	*	*	*	New.CleanUp.ReferenceOTU10453 Even2_276323	*
N	*	100	*	*	*	*	*	New.CleanUp.ReferenceOTU10454 Even3_381700	*
N	*	100	*	*	*	*	*	New.CleanUp.ReferenceOTU10457 Even2_360525	*
N	*	79	*	*	*	*	*	New.CleanUp.ReferenceOTU10458 Even2_194023	*
N	*	100	*	*	*	*	*	New.CleanUp.ReferenceOTU10460 Even1_341602	*
N	*	95	*	*	*	*	*	New.CleanUp.ReferenceOTU10464 Even1_291224	*
N	*	100	*	*	*	*	*	New.CleanUp.ReferenceOTU10469 Even3_351211	*
N	*	100	*	*	*	*	*	New.CleanUp.ReferenceOTU10470 Even3_9848	*
N	*	100	*	*	*	*	*	New.CleanUp.ReferenceOTU10478 Even2_293813	*
N	*	100	*	*	*	*	*	New.CleanUp.ReferenceOTU10481 Even1_360549	*
N	*	100	*	*	*	*	*	New.CleanUp.ReferenceOTU10485 Even3_158424	*
N	*	86	*	*	*	*	*	New.CleanUp.ReferenceOTU10488 Even1_283613	*
N	*	93	*	*	*	*	*	New.CleanUp.ReferenceOTU10491 Even3_192514	*
N	*	100	*	*	*	*	*	New.CleanUp.ReferenceOTU10492 Even3_375702	*
N	*	100	*	*	*	*	*	New.CleanUp.ReferenceOTU10500 Even1_115532	*
N	*	80	*	*	*	*	*	New.CleanUp.ReferenceOTU10502 Even1_300756	*
N	*	76	*	*	*	*	*	New.CleanUp.ReferenceOTU10511 Even1_393337	*
N	*	77	*	*	*	*	*	New.CleanUp.ReferenceOTU10513 Even2_256230	*
N	*	100	*	*	*	*	*	New.CleanUp.ReferenceOTU10514 Even3_61917	*
N	*	90	*	*	*	*	*	New.CleanUp.ReferenceOTU10519 Even1_275102	*
N	*	90	*	*	*	*	*	New.CleanUp.ReferenceOTU10526 Even2_378965	*
N	*	84	*	*	*	*	*	New.CleanUp.ReferenceOTU10530 Even3_25382	*
N	*	93	*	*	*	*	*	New.CleanUp.ReferenceOTU10537 Even3_390799	*
N	*	86	*	*	*	*	*	New.CleanUp.ReferenceOTU10544 Even3_10837	*
N	*	86	*	*	*	*	*	New.CleanUp.ReferenceOTU10555 Even3_297434	*
N	*	100	*	*	*	*	*	New.CleanUp.ReferenceOTU10560 Even3_135502	*
N	*	92	*	*	*	*	*	New.CleanUp.ReferenceOTU10572 Even2_396830	*
N	*	100	*	*	*	*	*	New.CleanUp.ReferenceOTU10574 Even3_371647	*
N	*	83	*	*	*	*	*	New.CleanUp.ReferenceOTU10575 Even1_33747	*
N	*	84	*	*	*	*	*	New.CleanUp.ReferenceOTU10580 Even1_149727	*
N	*	100	*	*	*	*	*	New.CleanUp.ReferenceOTU10585 Even1_281613	*
N	*	95	*	*	*	*	*	New.CleanUp.ReferenceOTU10588 Even3_355982	*
N	*	100	*	*	*	*	*	New.CleanUp.ReferenceOTU10589 Even1_5532	*
N	*	100	*	*	*	*	*	New.CleanUp.ReferenceOTU10596 Even3_186534	*
N	*	100	*	*	*	*	*	New.CleanUp.ReferenceOTU10599 Even2_128783	*
N	*	100	*	*	*	*	*	New.CleanUp.ReferenceOTU106 Even1_133018	*
N	*	92	*	*	*	*	*	New.CleanUp.ReferenceOTU1060 Even1_386353	*
N	*	89	*	*	*	*	*	New.CleanUp.ReferenceOTU10601 Even2_275697	*
N	*	95	*	*	*	*	*	New.CleanUp.ReferenceOTU10604 Even2_247216	*
N	*	95	*	*	*	*	*	New.CleanUp.ReferenceOTU10608 Even3_280785	*
N	*	95	*	*	*	*	*	New.CleanUp.ReferenceOTU10609 Even1_117055	*
N	*	100	*	*	*	*	*	New.CleanUp.ReferenceOTU1061 Even2_314011	*
N	*	91	*	*	*	*	*	New.CleanUp.ReferenceOTU10617 Even3_287439	*
N	*	96	*	*	*	*	*	New.CleanUp.ReferenceOTU10618 Even1_351055	*
N	*	100	*	*	*	*	*	New.CleanUp.ReferenceOTU10622 Even2_178389	*
N	*	100	*	*	*	*	*	New.CleanUp.ReferenceOTU10624 Even3_287434	*
N	*	100	*	*	*	*	*	New.CleanUp.ReferenceOTU10628 Even1_328446	*
N	*	100	*	*	*	*	*	New.CleanUp.ReferenceOTU10630 Even1_177873	*
N	*	100	*	*	*	*	*	New.CleanUp.ReferenceOTU10633 Even1_299490	*
N	*	100	*	*	*	*	*	New.CleanUp.ReferenceOTU10634 Even1_275377	*
N	*	100	*	*	*	*	*	New.CleanUp.ReferenceOTU10635 Even3_109387	*
N	*	92	*	*	*	*	*	New.CleanUp.ReferenceOTU1064 Even2_314019	*
N	*	96	*	*	*	*	*	New.CleanUp.ReferenceOTU10643 Even3_377617	*
N	*	100	*	*	*	*	*	New.CleanUp.ReferenceOTU10645 Even3_264517	*
N	*	100	*	*	*	*	*	New.CleanUp.ReferenceOTU10646 Even3_264516	*
N	*	91	*	*	*	*	*	New.CleanUp.ReferenceOTU10647 Even2_384134	*
N	*	85	*	*	*	*	*	New.CleanUp.ReferenceOTU10654 Even3_276407	*
N	*	100	*	*	*	*	*	New.CleanUp.ReferenceOTU10655 Even3_281877	*
N	*	100	*	*	*	*	*	New.CleanUp.ReferenceOTU10658 Even1_157276	*
N	*	100	*	*	*	*	*	New.CleanUp.ReferenceOTU10659 Even2_31447	*
N	*	100	*	*	*	*	*	New.CleanUp.ReferenceOTU1066 Even1_23365	*
N	*	100	*	*	*	*	*	New.CleanUp.ReferenceOTU10664 Even1_378193	*
N	*	81	*	*	*	*	*	New.CleanUp.ReferenceOTU10665 Even1_378192	*
N	*	81	*	*	*	*	*	New.CleanUp.ReferenceOTU1067 Even2_388398	*
N	*	100	*	*	*	*	*	New.CleanUp.ReferenceOTU10670 Even3_360357	*
N	*	100	*	*	*	*	*	New.CleanUp.ReferenceOTU10672 Even1_6145	*
N	*	83	*	*	*	*	*	New.CleanUp.ReferenceOTU10674 Even1_216726	*
N	*	100	*	*	*	*	*	New.CleanUp.ReferenceOTU10676 Even3_393542	*
N	*	95	*	*	*	*	*	New.CleanUp.ReferenceOTU10677 Even3_393017	*
N	*	100	*	*	*	*	*	New.CleanUp.ReferenceOTU1068 Even1_51218	*
N	*	96	*	*	*	*	*	New.CleanUp.ReferenceOTU10681 Even1_306297	*
N	*	87	*	*	*	*	*	New.CleanUp.ReferenceOTU10682 Even3_193135	*
N	*	82	*	*	*	*	*	New.CleanUp.ReferenceOTU1069 Even2_281401	*
N	*	83	*	*	*	*	*	New.CleanUp.ReferenceOTU10694 Even2_394751	*
N	*	82	*	*	*	*	*	New.CleanUp.ReferenceOTU10696 Even3_397205	*
N	*	100	*	*	*	*	*	New.CleanUp.ReferenceOTU107 Even3_372007	*
N	*	91	*	*	*	*	*	New.CleanUp.ReferenceOTU10700 Even2_280603	*
N	*	100	*	*	*	*	*	New.CleanUp.ReferenceOTU10702 Even2_378779	*
N	*	100	*	*	*	*	*	New.CleanUp.ReferenceOTU10706 Even2_388672	*
N	*	100	*	*	*	*	*	New.CleanUp.ReferenceOTU10711 Even2_378777	*
N	*	100	*	*	*	*	*	New.CleanUp.ReferenceOTU10712 Even1_59374	*
N	*	100	*	*	*	*	*	New.CleanUp.ReferenceOTU10717 Even1_364449	*
N	*	83	*	*	*	*	*	New.CleanUp.ReferenceOTU10718 Even2_263180	*
N	*	100	*	*	*	*	*	New.CleanUp.ReferenceOTU10722 Even2_381943	*
N	*	85	*	*	*	*	*	New.CleanUp.ReferenceOTU10723 Even2_388736	*
N	*	100	*	*	*	*	*	New.CleanUp.ReferenceOTU10724 Even2_388734	*
N	*	100	*	*	*	*	*	New.CleanUp.ReferenceOTU10725 Even1_320854	*
N	*	96	*	*	*	*	*	New.CleanUp.ReferenceOTU10727 Even2_383542	*
N	*	100	*	*	*	*	*	New.CleanUp.ReferenceOTU10729 Even2_388739	*
N	*	85	*	*	*	*	*	New.CleanUp.ReferenceOTU1073 Even2_281407	*
N	*	76	*	*	*	*	*	New.CleanUp.ReferenceOTU10734 Even2_378593	*
N	*	100	*	*	*	*	*	New.CleanUp.ReferenceOTU10740 Even3_237492	*
N	*	100	*	*	*	*	*	New.CleanUp.ReferenceOTU10743 Even1_186395	*
N	*	88	*	*	*	*	*	New.CleanUp.ReferenceOTU10744 Even1_114834	*
N	*	85	*	*	*	*	*	New.CleanUp.ReferenceOTU10745 Even2_368616	*
N	*	81	*	*	*	*	*	New.CleanUp.ReferenceOTU10746 Even3_311653	*
N	*	92	*	*	*	*	*	New.CleanUp.ReferenceOTU10748 Even2_346348	*
N	*	91	*	*	*	*	*	New.CleanUp.ReferenceOTU10749 Even2_210196	*
N	*	82	*	*	*	*	*	New.CleanUp.ReferenceOTU10750 Even2_356592	*
N	*	100	*	*	*	*	*	New.CleanUp.ReferenceOTU10754 Even1_218573	*
N	*	100	*	*	*	*	*	New.CleanUp.ReferenceOTU10756 Even1_140728	*
N	*	100	*	*	*	*	*	New.CleanUp.ReferenceOTU10760 Even3_277234	*
N	*	100	*	*	*	*	*	New.CleanUp.ReferenceOTU10763 Even2_337809	*
N	*	85	*	*	*	*	*	New.CleanUp.ReferenceOTU10765 Even2_375517	*
N	*	100	*	*	*	*	*	New.CleanUp.ReferenceOTU10770 Even1_380837	*
N	*	86	*	*	*	*	*	New.CleanUp.ReferenceOTU10772 Even1_65694	*
N	*	81	*	*	*	*	*	New.CleanUp.ReferenceOTU10773 Even3_311030	*
N	*	100	*	*	*	*	*	New.CleanUp.ReferenceOTU10778 Even2_310014	*
N	*	92	*	*	*	*	*	New.CleanUp.ReferenceOTU10781 Even3_272062	*
N	*	92	*	*	*	*	*	New.CleanUp.ReferenceOTU1079 Even1_147652	*
N	*	94	*	*	*	*	*	New.CleanUp.ReferenceOTU10790 Even3_318496	*
N	*	100	*	*	*	*	*	New.CleanUp.ReferenceOTU10791 Even2_333072	*
N	*	100	*	*	*	*	*	New.CleanUp.ReferenceOTU10792 Even2_372290	*
N	*	85	*	*	*	*	*	New.CleanUp.ReferenceOTU10793 Even1_40037	*
N	*	78	*	*	*	*	*	New.CleanUp.ReferenceOTU10794 Even2_387623	*
N	*	100	*	*	*	*	*	New.CleanUp.ReferenceOTU10795 Even2_154456	*
N	*	100	*	*	*	*	*	New.CleanUp.ReferenceOTU10810 Even3_388760	*
N	*	100	*	*	*	*	*	New.CleanUp.ReferenceOTU10812 Even1_208531	*
N	*	81	*	*	*	*	*	New.CleanUp.ReferenceOTU10819 Even2_228082	*
N	*	100	*	*	*	*	*	New.CleanUp.ReferenceOTU10821 Even1_364645	*
N	*	100	*	*	*	*	*	New.CleanUp.ReferenceOTU10822 Even1_368114	*
N	*	100	*	*	*	*	*	New.CleanUp.ReferenceOTU10827 Even2_272507	*
N	*	96	*	*	*	*	*	New.CleanUp.ReferenceOTU1083 Even2_384424	*
N	*	87	*	*	*	*	*	New.CleanUp.ReferenceOTU10830 Even2_395178	*
N	*	100	*	*	*	*	*	New.CleanUp.ReferenceOTU10831 Even1_27401	*
N	*	85	*	*	*	*	*	New.CleanUp.ReferenceOTU10834 Even3_318871	*
N	*	94	*	*	*	*	*	New.CleanUp.ReferenceOTU10835 Even3_67231	*
N	*	91	*	*	*	*	*	New.CleanUp.ReferenceOTU10847 Even1_322904	*
N	*	96	*	*	*	*	*	New.CleanUp.ReferenceOTU10850 Even1_394078	*
N	*	77	*	*	*	*	*	New.CleanUp.ReferenceOTU10859 Even3_397460	*
N	*	95	*	*	*	*	*	New.CleanUp.ReferenceOTU1086 Even2_384393	*
N	*	82	*	*	*	*	*	New.CleanUp.ReferenceOTU10865 Even1_54108	*
N	*	77	*	*	*	*	*	New.CleanUp.ReferenceOTU10866 Even3_227219	*
N	*	100	*	*	*	*	*	New.CleanUp.ReferenceOTU10873 Even3_8808	*
N	*	100	*	*	*	*	*	New.CleanUp.ReferenceOTU10874 Even3_162977	*
N	*	100	*	*	*	*	*	New.CleanUp.ReferenceOTU10875 Even1_6557	*
N	*	100	*	*	*	*	*	New.CleanUp.ReferenceOTU10876 Even2_381713	*
N	*	94	*	*	*	*	*	New.CleanUp.ReferenceOTU10880 Even2_371179	*
N	*	89	*	*	*	*	*	New.CleanUp.ReferenceOTU10882 Even1_371800	*
N	*	96	*	*	*	*	*	New.CleanUp.ReferenceOTU10884 Even1_371803	*
N	*	100	*	*	*	*	*	New.CleanUp.ReferenceOTU10886 Even3_104832	*
N	*	87	*	*	*	*	*	New.CleanUp.ReferenceOTU10889 Even3_7753	*
N	*	84	*	*	*	*	*	New.CleanUp.ReferenceOTU10890 Even2_313843	*
N	*	100	*	*	*	*	*	New.CleanUp.ReferenceOTU10893 Even2_393689	*
N	*	88	*	*	*	*	*	New.CleanUp.ReferenceOTU10894 Even3_96936	*
N	*	95	*	*	*	*	*	New.CleanUp.ReferenceOTU10899 Even2_360192	*
N	*	100	*	*	*	*	*	New.CleanUp.ReferenceOTU10903 Even1_281402	*
N	*	79	*	*	*	*	*	New.CleanUp.ReferenceOTU10905 Even3_200824	*
N	*	91	*	*	*	*	*	New.CleanUp.ReferenceOTU10906 Even2_266046	*
N	*	100	*	*	*	*	*	New.CleanUp.ReferenceOTU10908 Even3_224890	*
N	*	93	*	*	*	*	*	New.CleanUp.ReferenceOTU10909 Even3_381890	*
N	*	82	*	*	*	*	*	New.CleanUp.ReferenceOTU10915 Even3_31343	*
N	*	92	*	*	*	*	*	New.CleanUp.ReferenceOTU10917 Even3_23339	*
N	*	77	*	*	*	*	*	New.CleanUp.ReferenceOTU1092 Even3_237834	*
N	*	100	*	*	*	*	*	New.CleanUp.ReferenceOTU10925 Even2_360449	*
N	*	79	*	*	*	*	*	New.CleanUp.ReferenceOTU10929 Even2_63353	*
N	*	85	*	*	*	*	*	New.CleanUp.ReferenceOTU10937 Even3_393544	*
N	*	100	*	*	*	*	*	New.CleanUp.ReferenceOTU10941 Even2_290427	*
N	*	100	*	*	*	*	*	New.CleanUp.ReferenceOTU10942 Even2_290421	*
N	*	100	*	*	*	*	*	New.CleanUp.ReferenceOTU10946 Even2_383717	*
N	*	94	*	*	*	*	*	New.CleanUp.ReferenceOTU10949 Even3_390956	*
N	*	100	*	*	*	*	*	New.CleanUp.ReferenceOTU10955 Even3_314035	*
N	*	100	*	*	*	*	*	New.CleanUp.ReferenceOTU10964 Even3_310242	*
N	*	100	*	*	*	*	*	New.CleanUp.ReferenceOTU10965 Even2_57362	*
N	*	100	*	*	*	*	*	New.CleanUp.ReferenceOTU10966 Even3_79982	*
N	*	96	*	*	*	*	*	New.CleanUp.ReferenceOTU10968 Even2_323690	*
N	*	84	*	*	*	*	*	New.CleanUp.ReferenceOTU10969 Even1_395227	*
N	*	94	*	*	*	*	*	New.CleanUp.ReferenceOTU10974 Even3_79429	*
N	*	84	*	*	*	*	*	New.CleanUp.ReferenceOTU10977 Even1_221109	*
N	*	95	*	*	*	*	*	New.CleanUp.ReferenceOTU1098 Even2_363644	*
N	*	100	*	*	*	*	*	New.CleanUp.ReferenceOTU10983 Even1_351175	*
N	*	100	*	*	*	*	*	New.CleanUp.ReferenceOTU10985 Even2_16408	*
N	*	79	*	*	*	*	*	New.CleanUp.ReferenceOTU10994 Even3_13808	*
N	*	96	*	*	*	*	*	New.CleanUp.ReferenceOTU10995 Even3_369329	*
N	*	84	*	*	*	*	*	New.CleanUp.ReferenceOTU10996 Even1_195552	*
N	*	100	*	*	*	*	*	New.CleanUp.ReferenceOTU10997 Even1_359511	*
N	*	100	*	*	*	*	*	New.CleanUp.ReferenceOTU10999 Even3_96201	*
N	*	100	*	*	*	*	*	New.CleanUp.ReferenceOTU110 Even2_395256	*
N	*	86	*	*	*	*	*	New.CleanUp.ReferenceOTU11000 Even3_375588	*
N	*	96	*	*	*	*	*	New.CleanUp.ReferenceOTU11001 Even2_378907	*
N	*	77	*	*	*	*	*	New.CleanUp.ReferenceOTU11004 Even2_118849	*
N	*	93	*	*	*	*	*	New.CleanUp.ReferenceOTU11007 Even3_281733	*
N	*	100	*	*	*	*	*	New.CleanUp.ReferenceOTU11009 Even3_381715	*
N	*	100	*	*	*	*	*	New.CleanUp.ReferenceOTU1101 Even1_306007	*
N	*	100	*	*	*	*	*	New.CleanUp.ReferenceOTU11012 Even2_234155	*
N	*	95	*	*	*	*	*	New.CleanUp.ReferenceOTU11016 Even1_45350	*
N	*	100	*	*	*	*	*	New.CleanUp.ReferenceOTU1102 Even1_281565	*
N	*	100	*	*	*	*	*	New.CleanUp.ReferenceOTU11021 Even3_384069	*
N	*	100	*	*	*	*	*	New.CleanUp.ReferenceOTU11027 Even1_380997	*
N	*	81	*	*	*	*	*	New.CleanUp.ReferenceOTU11028 Even1_16071	*
N	*	100	*	*	*	*	*	New.CleanUp.ReferenceOTU11033 Even2_162621	*
N	*	93	*	*	*	*	*	New.CleanUp.ReferenceOTU11037 Even3_309831	*
N	*	95	*	*	*	*	*	New.CleanUp.ReferenceOTU11042 Even1_388619	*
N	*	90	*	*	*	*	*	New.CleanUp.ReferenceOTU1106 Even3_389408	*
N	*	80	*	*	*	*	*	New.CleanUp.ReferenceOTU11060 Even1_29830	*
N	*	100	*	*	*	*	*	New.CleanUp.ReferenceOTU11067 Even2_388154	*
N	*	93	*	*	*	*	*	New.CleanUp.ReferenceOTU11071 Even1_253423	*
N	*	100	*	*	*	*	*	New.CleanUp.ReferenceOTU11073 Even2_54039	*
N	*	92	*	*	*	*	*	New.CleanUp.ReferenceOTU11076 Even1_11703	*
N	*	100	*	*	*	*	*	New.CleanUp.ReferenceOTU11077 Even1_351214	*
N	*	100	*	*	*	*	*	New.CleanUp.ReferenceOTU11079 Even2_372086	*
N	*	100	*	*	*	*	*	New.CleanUp.ReferenceOTU11087 Even1_328524	*
N	*	100	*	*	*	*	*	New.CleanUp.ReferenceOTU11088 Even1_328520	*
N	*	85	*	*	*	*	*	New.CleanUp.ReferenceOTU11093 Even1_289578	*
N	*	100	*	*	*	*	*	New.CleanUp.ReferenceOTU11098 Even1_5165	*
N	*	100	*	*	*	*	*	New.CleanUp.ReferenceOTU111 Even2_395254	*
N	*	81	*	*	*	*	*	New.CleanUp.ReferenceOTU11102 Even2_295772	*
N	*	88	*	*	*	*	*	New.CleanUp.ReferenceOTU1111 Even1_363373	*
N	*	92	*	*	*	*	*	New.CleanUp.ReferenceOTU11114 Even3_207616	*
N	*	76	*	*	*	*	*	New.CleanUp.ReferenceOTU11115 Even3_4823	*
N	*	96	*	*	*	*	*	New.CleanUp.ReferenceOTU11121 Even3_162706	*
N	*	100	*	*	*	*	*	New.CleanUp.ReferenceOTU11125 Even3_386741	*
N	*	100	*	*	*	*	*	New.CleanUp.ReferenceOTU11129 Even2_322119	*
N	*	83	*	*	*	*	*	New.CleanUp.ReferenceOTU1113 Even3_263679	*
N	*	94	*	*	*	*	*	New.CleanUp.ReferenceOTU11131 Even2_367416	*
N	*	96	*	*	*	*	*	New.CleanUp.ReferenceOTU11139 Even3_18923	*
N	*	100	*	*	*	*	*	New.CleanUp.ReferenceOTU11142 Even2_267504	*
N	*	92	*	*	*	*	*	New.CleanUp.ReferenceOTU11145 Even2_133454	*
N	*	100	*	*	*	*	*	New.CleanUp.ReferenceOTU11149 Even3_386607	*
N	*	91	*	*	*	*	*	New.CleanUp.ReferenceOTU11157 Even3_360373	*
N	*	90	*	*	*	*	*	New.CleanUp.ReferenceOTU11162 Even2_219299	*
N	*	100	*	*	*	*	*	New.CleanUp.ReferenceOTU11165 Even1_318622	*
N	*	96	*	*	*	*	*	New.CleanUp.ReferenceOTU11169 Even3_393568	*
N	*	100	*	*	*	*	*	New.CleanUp.ReferenceOTU11180 Even3_281500	*
N	*	93	*	*	*	*	*	New.CleanUp.ReferenceOTU11181 Even2_280622	*
N	*	100	*	*	*	*	*	New.CleanUp.ReferenceOTU11188 Even3_397227	*
N	*	95	*	*	*	*	*	New.CleanUp.ReferenceOTU11189 Even2_335973	*
N	*	83	*	*	*	*	*	New.CleanUp.ReferenceOTU11190 Even1_314367	*
N	*	100	*	*	*	*	*	New.CleanUp.ReferenceOTU11192 Even2_388732	*
N	*	83	*	*	*	*	*	New.CleanUp.ReferenceOTU11196 Even2_22964	*
N	*	100	*	*	*	*	*	New.CleanUp.ReferenceOTU11202 Even3_393696	*
N	*	87	*	*	*	*	*	New.CleanUp.ReferenceOTU11204 Even2_299694	*
N	*	100	*	*	*	*	*	New.CleanUp.ReferenceOTU11206 Even1_383853	*
N	*	84	*	*	*	*	*	New.CleanUp.ReferenceOTU11209 Even3_57046	*
N	*	79	*	*	*	*	*	New.CleanUp.ReferenceOTU11210 Even1_371273	*
N	*	100	*	*	*	*	*	New.CleanUp.ReferenceOTU11211 Even2_29952	*
N	*	100	*	*	*	*	*	New.CleanUp.ReferenceOTU11212 Even2_388711	*
N	*	84	*	*	*	*	*	New.CleanUp.ReferenceOTU11216 Even3_148201	*
N	*	95	*	*	*	*	*	New.CleanUp.ReferenceOTU1122 Even1_5765	*
N	*	100	*	*	*	*	*	New.CleanUp.ReferenceOTU11221 Even3_81144	*
N	*	100	*	*	*	*	*	New.CleanUp.ReferenceOTU11230 Even1_391082	*
N	*	100	*	*	*	*	*	New.CleanUp.ReferenceOTU11232 Even3_391123	*
N	*	100	*	*	*	*	*	New.CleanUp.ReferenceOTU11233 Even1_70241	*
N	*	92	*	*	*	*	*	New.CleanUp.ReferenceOTU11238 Even2_375537	*
N	*	90	*	*	*	*	*	New.CleanUp.ReferenceOTU11242 Even2_337829	*
N	*	100	*	*	*	*	*	New.CleanUp.ReferenceOTU11246 Even1_280919	*
N	*	87	*	*	*	*	*	New.CleanUp.ReferenceOTU11253 Even2_34964	*
N	*	100	*	*	*	*	*	New.CleanUp.ReferenceOTU11254 Even2_310033	*
N	*	100	*	*	*	*	*	New.CleanUp.ReferenceOTU11256 Even1_164491	*
N	*	94	*	*	*	*	*	New.CleanUp.ReferenceOTU11257 Even3_388298	*
N	*	100	*	*	*	*	*	New.CleanUp.ReferenceOTU11258 Even3_390885	*
N	*	100	*	*	*	*	*	New.CleanUp.ReferenceOTU11263 Even1_212522	*
N	*	81	*	*	*	*	*	New.CleanUp.ReferenceOTU11270 Even1_62772	*
N	*	92	*	*	*	*	*	New.CleanUp.ReferenceOTU11275 Even3_266167	*
N	*	79	*	*	*	*	*	New.CleanUp.ReferenceOTU11277 Even3_199720	*
N	*	80	*	*	*	*	*	New.CleanUp.ReferenceOTU11278 Even3_260245	*
N	*	85	*	*	*	*	*	New.CleanUp.ReferenceOTU11280 Even2_395376	*
N	*	83	*	*	*	*	*	New.CleanUp.ReferenceOTU11283 Even3_231985	*
N	*	96	*	*	*	*	*	New.CleanUp.ReferenceOTU11289 Even1_275924	*
N	*	100	*	*	*	*	*	New.CleanUp.ReferenceOTU11293 Even2_392878	*
N	*	100	*	*	*	*	*	New.CleanUp.ReferenceOTU11294 Even2_391005	*
N	*	94	*	*	*	*	*	New.CleanUp.ReferenceOTU11296 Even2_278953	*
N	*	100	*	*	*	*	*	New.CleanUp.ReferenceOTU11302 Even3_276309	*
N	*	93	*	*	*	*	*	New.CleanUp.ReferenceOTU11304 Even3_6851	*
N	*	100	*	*	*	*	*	New.CleanUp.ReferenceOTU11305 Even2_368612	*
N	*	80	*	*	*	*	*	New.CleanUp.ReferenceOTU11307 Even3_237499	*
N	*	100	*	*	*	*	*	New.CleanUp.ReferenceOTU11318 Even2_281361	*
N	*	100	*	*	*	*	*	New.CleanUp.ReferenceOTU11320 Even3_388740	*
N	*	100	*	*	*	*	*	New.CleanUp.ReferenceOTU11322 Even2_371754	*
N	*	100	*	*	*	*	*	New.CleanUp.ReferenceOTU11324 Even2_368614	*
N	*	100	*	*	*	*	*	New.CleanUp.ReferenceOTU11325 Even1_104721	*
N	*	100	*	*	*	*	*	New.CleanUp.ReferenceOTU11327 Even3_33067	*
N	*	81	*	*	*	*	*	New.CleanUp.ReferenceOTU11335 Even2_1091	*
N	*	84	*	*	*	*	*	New.CleanUp.ReferenceOTU1134 Even3_103371	*
N	*	81	*	*	*	*	*	New.CleanUp.ReferenceOTU11340 Even2_281506	*
N	*	82	*	*	*	*	*	New.CleanUp.ReferenceOTU11341 Even3_271071	*
N	*	100	*	*	*	*	*	New.CleanUp.ReferenceOTU11343 Even3_35664	*
N	*	100	*	*	*	*	*	New.CleanUp.ReferenceOTU11344 Even1_185427	*
N	*	100	*	*	*	*	*	New.CleanUp.ReferenceOTU11346 Even3_280661	*
N	*	100	*	*	*	*	*	New.CleanUp.ReferenceOTU11348 Even3_264493	*
N	*	84	*	*	*	*	*	New.CleanUp.ReferenceOTU11349 Even1_351158	*
N	*	81	*	*	*	*	*	New.CleanUp.ReferenceOTU11351 Even3_264497	*
N	*	100	*	*	*	*	*	New.CleanUp.ReferenceOTU11352 Even3_264498	*
N	*	100	*	*	*	*	*	New.CleanUp.ReferenceOTU11361 Even1_92998	*
N	*	85	*	*	*	*	*	New.CleanUp.ReferenceOTU11370 Even3_280592	*
N	*	100	*	*	*	*	*	New.CleanUp.ReferenceOTU11380 Even2_360462	*
N	*	84	*	*	*	*	*	New.CleanUp.ReferenceOTU11387 Even2_366605	*
N	*	100	*	*	*	*	*	New.CleanUp.ReferenceOTU11388 Even2_290194	*
N	*	91	*	*	*	*	*	New.CleanUp.ReferenceOTU11395 Even3_279026	*
N	*	100	*	*	*	*	*	New.CleanUp.ReferenceOTU11396 Even2_117225	*
N	*	100	*	*	*	*	*	New.CleanUp.ReferenceOTU11397 Even3_279024	*
N	*	100	*	*	*	*	*	New.CleanUp.ReferenceOTU11399 Even2_48117	*
N	*	81	*	*	*	*	*	New.CleanUp.ReferenceOTU114 Even3_211333	*
N	*	87	*	*	*	*	*	New.CleanUp.ReferenceOTU11401 Even2_364557	*
N	*	93	*	*	*	*	*	New.CleanUp.ReferenceOTU11402 Even3_290270	*
N	*	100	*	*	*	*	*	New.CleanUp.ReferenceOTU11404 Even1_149165	*
N	*	100	*	*	*	*	*	New.CleanUp.ReferenceOTU11408 Even3_315274	*
N	*	100	*	*	*	*	*	New.CleanUp.ReferenceOTU11411 Even3_346538	*
N	*	91	*	*	*	*	*	New.CleanUp.ReferenceOTU11412 Even1_291266	*
N	*	95	*	*	*	*	*	New.CleanUp.ReferenceOTU11414 Even3_381745	*
N	*	83	*	*	*	*	*	New.CleanUp.ReferenceOTU11422 Even3_360491	*
N	*	76	*	*	*	*	*	New.CleanUp.ReferenceOTU11425 Even1_272446	*
N	*	100	*	*	*	*	*	New.CleanUp.ReferenceOTU11428 Even2_80877	*
N	*	76	*	*	*	*	*	New.CleanUp.ReferenceOTU11429 Even2_367956	*
N	*	100	*	*	*	*	*	New.CleanUp.ReferenceOTU11432 Even3_360634	*
N	*	80	*	*	*	*	*	New.CleanUp.ReferenceOTU11434 Even1_301554	*
N	*	100	*	*	*	*	*	New.CleanUp.ReferenceOTU11438 Even2_375510	*
N	*	81	*	*	*	*	*	New.CleanUp.ReferenceOTU11447 Even1_129630	*
N	*	100	*	*	*	*	*	New.CleanUp.ReferenceOTU11452 Even1_390635	*
N	*	80	*	*	*	*	*	New.CleanUp.ReferenceOTU11454 Even1_373431	*
N	*	100	*	*	*	*	*	New.CleanUp.ReferenceOTU11456 Even3_16221	*
N	*	76	*	*	*	*	*	New.CleanUp.ReferenceOTU11460 Even1_197551	*
N	*	95	*	*	*	*	*	New.CleanUp.ReferenceOTU11464 Even1_179007	*
N	*	82	*	*	*	*	*	New.CleanUp.ReferenceOTU11470 Even3_148070	*
N	*	100	*	*	*	*	*	New.CleanUp.ReferenceOTU11471 Even1_364499	*
N	*	76	*	*	*	*	*	New.CleanUp.ReferenceOTU11472 Even3_395104	*
N	*	79	*	*	*	*	*	New.CleanUp.ReferenceOTU11473 Even2_337456	*
N	*	100	*	*	*	*	*	New.CleanUp.ReferenceOTU11475 Even3_375592	*
N	*	100	*	*	*	*	*	New.CleanUp.ReferenceOTU11478 Even2_173193	*
N	*	100	*	*	*	*	*	New.CleanUp.ReferenceOTU1148 Even3_186284	*
N	*	100	*	*	*	*	*	New.CleanUp.ReferenceOTU11481 Even2_173197	*
N	*	100	*	*	*	*	*	New.CleanUp.ReferenceOTU11485 Even2_166389	*
N	*	100	*	*	*	*	*	New.CleanUp.ReferenceOTU11488 Even1_105050	*
N	*	76	*	*	*	*	*	New.CleanUp.ReferenceOTU11494 Even3_278041	*
N	*	76	*	*	*	*	*	New.CleanUp.ReferenceOTU11497 Even1_367678	*
N	*	100	*	*	*	*	*	New.CleanUp.ReferenceOTU11500 Even1_7880	*
N	*	93	*	*	*	*	*	New.CleanUp.ReferenceOTU11501 Even2_35407	*
N	*	100	*	*	*	*	*	New.CleanUp.ReferenceOTU11505 Even2_77470	*
N	*	100	*	*	*	*	*	New.CleanUp.ReferenceOTU11506 Even1_380977	*
N	*	83	*	*	*	*	*	New.CleanUp.ReferenceOTU11510 Even2_388500	*
N	*	86	*	*	*	*	*	New.CleanUp.ReferenceOTU11512 Even3_227750	*
N	*	93	*	*	*	*	*	New.CleanUp.ReferenceOTU11513 Even2_299483	*
N	*	100	*	*	*	*	*	New.CleanUp.ReferenceOTU11514 Even1_74410	*
N	*	76	*	*	*	*	*	New.CleanUp.ReferenceOTU11515 Even2_375140	*
N	*	100	*	*	*	*	*	New.CleanUp.ReferenceOTU11521 Even1_281163	*
N	*	85	*	*	*	*	*	New.CleanUp.ReferenceOTU11529 Even1_11548	*
N	*	100	*	*	*	*	*	New.CleanUp.ReferenceOTU1153 Even1_386171	*
N	*	90	*	*	*	*	*	New.CleanUp.ReferenceOTU11537 Even3_120124	*
N	*	100	*	*	*	*	*	New.CleanUp.ReferenceOTU11538 Even2_281468	*
N	*	96	*	*	*	*	*	New.CleanUp.ReferenceOTU11540 Even3_286297	*
N	*	100	*	*	*	*	*	New.CleanUp.ReferenceOTU11545 Even1_367846	*
N	*	91	*	*	*	*	*	New.CleanUp.ReferenceOTU11547 Even2_258174	*
N	*	96	*	*	*	*	*	New.CleanUp.ReferenceOTU11549 Even2_370809	*
N	*	81	*	*	*	*	*	New.CleanUp.ReferenceOTU11552 Even1_147037	*
N	*	83	*	*	*	*	*	New.CleanUp.ReferenceOTU11554 Even1_355759	*
N	*	93	*	*	*	*	*	New.CleanUp.ReferenceOTU11556 Even3_187400	*
N	*	92	*	*	*	*	*	New.CleanUp.ReferenceOTU11557 Even2_138286	*
N	*	100	*	*	*	*	*	New.CleanUp.ReferenceOTU11559 Even2_39989	*
N	*	100	*	*	*	*	*	New.CleanUp.ReferenceOTU1156 Even1_390116	*
N	*	83	*	*	*	*	*	New.CleanUp.ReferenceOTU11562 Even3_110049	*
N	*	94	*	*	*	*	*	New.CleanUp.ReferenceOTU11563 Even1_168394	*
N	*	100	*	*	*	*	*	New.CleanUp.ReferenceOTU11571 Even3_372083	*
N	*	95	*	*	*	*	*	New.CleanUp.ReferenceOTU11579 Even2_367499	*
N	*	94	*	*	*	*	*	New.CleanUp.ReferenceOTU11584 Even2_281195	*
N	*	76	*	*	*	*	*	New.CleanUp.ReferenceOTU11587 Even2_384242	*
N	*	76	*	*	*	*	*	New.CleanUp.ReferenceOTU11599 Even3_267603	*
N	*	100	*	*	*	*	*	New.CleanUp.ReferenceOTU116 Even2_281307	*
N	*	100	*	*	*	*	*	New.CleanUp.ReferenceOTU1160 Even2_26339	*
N	*	100	*	*	*	*	*	New.CleanUp.ReferenceOTU11600 Even3_386197	*
N	*	89	*	*	*	*	*	New.CleanUp.ReferenceOTU11601 Even1_72922	*
N	*	80	*	*	*	*	*	New.CleanUp.ReferenceOTU11602 Even1_278931	*
N	*	100	*	*	*	*	*	New.CleanUp.ReferenceOTU11603 Even3_280430	*
N	*	76	*	*	*	*	*	New.CleanUp.ReferenceOTU11607 Even2_105329	*
N	*	91	*	*	*	*	*	New.CleanUp.ReferenceOTU11609 Even2_1961	*
N	*	80	*	*	*	*	*	New.CleanUp.ReferenceOTU11624 Even3_388821	*
N	*	100	*	*	*	*	*	New.CleanUp.ReferenceOTU11626 Even2_299559	*
N	*	100	*	*	*	*	*	New.CleanUp.ReferenceOTU1163 Even1_14393	*
N	*	83	*	*	*	*	*	New.CleanUp.ReferenceOTU11631 Even2_7573	*
N	*	88	*	*	*	*	*	New.CleanUp.ReferenceOTU11636 Even3_397427	*
N	*	100	*	*	*	*	*	New.CleanUp.ReferenceOTU11638 Even3_178532	*
N	*	88	*	*	*	*	*	New.CleanUp.ReferenceOTU11639 Even2_283735	*
N	*	100	*	*	*	*	*	New.CleanUp.ReferenceOTU11648 Even2_49452	*
N	*	100	*	*	*	*	*	New.CleanUp.ReferenceOTU1165 Even3_305492	*
N	*	81	*	*	*	*	*	New.CleanUp.ReferenceOTU11652 Even2_133413	*
N	*	95	*	*	*	*	*	New.CleanUp.ReferenceOTU11656 Even3_383820	*
N	*	100	*	*	*	*	*	New.CleanUp.ReferenceOTU11657 Even3_274945	*
N	*	77	*	*	*	*	*	New.CleanUp.ReferenceOTU11667 Even1_337270	*
N	*	86	*	*	*	*	*	New.CleanUp.ReferenceOTU11668 Even3_31734	*
N	*	95	*	*	*	*	*	New.CleanUp.ReferenceOTU11674 Even1_388310	*
N	*	85	*	*	*	*	*	New.CleanUp.ReferenceOTU11677 Even3_388650	*
N	*	100	*	*	*	*	*	New.CleanUp.ReferenceOTU1168 Even2_114837	*
N	*	96	*	*	*	*	*	New.CleanUp.ReferenceOTU11682 Even2_388773	*
N	*	95	*	*	*	*	*	New.CleanUp.ReferenceOTU11688 Even1_388098	*
N	*	76	*	*	*	*	*	New.CleanUp.ReferenceOTU11692 Even1_385750	*
N	*	86	*	*	*	*	*	New.CleanUp.ReferenceOTU11697 Even1_219212	*
N	*	100	*	*	*	*	*	New.CleanUp.ReferenceOTU11705 Even3_81296	*
N	*	100	*	*	*	*	*	New.CleanUp.ReferenceOTU11708 Even1_151802	*
N	*	80	*	*	*	*	*	New.CleanUp.ReferenceOTU11711 Even2_205632	*
N	*	83	*	*	*	*	*	New.CleanUp.ReferenceOTU11715 Even2_375557	*
N	*	93	*	*	*	*	*	New.CleanUp.ReferenceOTU1172 Even3_90428	*
N	*	100	*	*	*	*	*	New.CleanUp.ReferenceOTU11720 Even2_363870	*
N	*	78	*	*	*	*	*	New.CleanUp.ReferenceOTU11726 Even1_280973	*
N	*	82	*	*	*	*	*	New.CleanUp.ReferenceOTU11728 Even1_280974	*
N	*	95	*	*	*	*	*	New.CleanUp.ReferenceOTU11742 Even2_380970	*
N	*	100	*	*	*	*	*	New.CleanUp.ReferenceOTU11746 Even1_261828	*
N	*	100	*	*	*	*	*	New.CleanUp.ReferenceOTU11747 Even3_378653	*
N	*	100	*	*	*	*	*	New.CleanUp.ReferenceOTU11754 Even1_364684	*
N	*	100	*	*	*	*	*	New.CleanUp.ReferenceOTU11759 Even1_364688	*
N	*	100	*	*	*	*	*	New.CleanUp.ReferenceOTU11761 Even3_133385	*
N	*	100	*	*	*	*	*	New.CleanUp.ReferenceOTU11762 Even1_366423	*
N	*	100	*	*	*	*	*	New.CleanUp.ReferenceOTU11765 Even3_341556	*
N	*	77	*	*	*	*	*	New.CleanUp.ReferenceOTU11771 Even1_320540	*
N	*	100	*	*	*	*	*	New.CleanUp.ReferenceOTU11772 Even1_25512	*
N	*	90	*	*	*	*	*	New.CleanUp.ReferenceOTU11777 Even1_280797	*
N	*	100	*	*	*	*	*	New.CleanUp.ReferenceOTU1178 Even1_333156	*
N	*	95	*	*	*	*	*	New.CleanUp.ReferenceOTU11789 Even1_286539	*
N	*	100	*	*	*	*	*	New.CleanUp.ReferenceOTU11796 Even2_281345	*
N	*	92	*	*	*	*	*	New.CleanUp.ReferenceOTU11803 Even2_26533	*
N	*	100	*	*	*	*	*	New.CleanUp.ReferenceOTU11807 Even1_330886	*
N	*	84	*	*	*	*	*	New.CleanUp.ReferenceOTU11809 Even1_66650	*
N	*	80	*	*	*	*	*	New.CleanUp.ReferenceOTU11812 Even1_11376	*
N	*	90	*	*	*	*	*	New.CleanUp.ReferenceOTU11814 Even3_114601	*
N	*	84	*	*	*	*	*	New.CleanUp.ReferenceOTU11816 Even1_275926	*
N	*	100	*	*	*	*	*	New.CleanUp.ReferenceOTU11829 Even3_328096	*
N	*	100	*	*	*	*	*	New.CleanUp.ReferenceOTU1183 Even3_136755	*
N	*	88	*	*	*	*	*	New.CleanUp.ReferenceOTU11833 Even3_40223	*
N	*	94	*	*	*	*	*	New.CleanUp.ReferenceOTU11837 Even3_271676	*
N	*	100	*	*	*	*	*	New.CleanUp.ReferenceOTU11838 Even1_351177	*
N	*	100	*	*	*	*	*	New.CleanUp.ReferenceOTU1184 Even3_378694	*
N	*	85	*	*	*	*	*	New.CleanUp.ReferenceOTU11843 Even2_381753	*
N	*	100	*	*	*	*	*	New.CleanUp.ReferenceOTU11844 Even2_384508	*
N	*	100	*	*	*	*	*	New.CleanUp.ReferenceOTU1185 Even3_378696	*
N	*	100	*	*	*	*	*	New.CleanUp.ReferenceOTU11852 Even2_375316	*
N	*	100	*	*	*	*	*	New.CleanUp.ReferenceOTU11854 Even2_375312	*
N	*	100	*	*	*	*	*	New.CleanUp.ReferenceOTU11862 Even1_96775	*
N	*	100	*	*	*	*	*	New.CleanUp.ReferenceOTU11863 Even2_281831	*
N	*	82	*	*	*	*	*	New.CleanUp.ReferenceOTU11864 Even3_279003	*
N	*	100	*	*	*	*	*	New.CleanUp.ReferenceOTU11883 Even1_102162	*
N	*	100	*	*	*	*	*	New.CleanUp.ReferenceOTU11884 Even3_65981	*
N	*	82	*	*	*	*	*	New.CleanUp.ReferenceOTU11888 Even2_123582	*
N	*	100	*	*	*	*	*	New.CleanUp.ReferenceOTU11897 Even1_305325	*
N	*	96	*	*	*	*	*	New.CleanUp.ReferenceOTU119 Even3_363339	*
N	*	100	*	*	*	*	*	New.CleanUp.ReferenceOTU11904 Even1_381417	*
N	*	83	*	*	*	*	*	New.CleanUp.ReferenceOTU11907 Even3_301928	*
N	*	82	*	*	*	*	*	New.CleanUp.ReferenceOTU1191 Even2_397027	*
N	*	96	*	*	*	*	*	New.CleanUp.ReferenceOTU11910 Even2_367974	*
N	*	100	*	*	*	*	*	New.CleanUp.ReferenceOTU11915 Even2_261903	*
N	*	92	*	*	*	*	*	New.CleanUp.ReferenceOTU11920 Even3_272232	*
N	*	100	*	*	*	*	*	New.CleanUp.ReferenceOTU11923 Even1_384121	*
N	*	95	*	*	*	*	*	New.CleanUp.ReferenceOTU11928 Even1_333505	*
N	*	84	*	*	*	*	*	New.CleanUp.ReferenceOTU11939 Even1_50996	*
N	*	100	*	*	*	*	*	New.CleanUp.ReferenceOTU1194 Even1_368441	*
N	*	100	*	*	*	*	*	New.CleanUp.ReferenceOTU11940 Even3_310206	*
N	*	100	*	*	*	*	*	New.CleanUp.ReferenceOTU11942 Even3_102254	*
N	*	100	*	*	*	*	*	New.CleanUp.ReferenceOTU11946 Even1_149001	*
N	*	100	*	*	*	*	*	New.CleanUp.ReferenceOTU11949 Even3_11623	*
N	*	100	*	*	*	*	*	New.CleanUp.ReferenceOTU11952 Even1_356706	*
N	*	100	*	*	*	*	*	New.CleanUp.ReferenceOTU11960 Even2_187751	*
N	*	100	*	*	*	*	*	New.CleanUp.ReferenceOTU11963 Even3_3079	*
N	*	100	*	*	*	*	*	New.CleanUp.ReferenceOTU11970 Even2_388697	*
N	*	100	*	*	*	*	*	New.CleanUp.ReferenceOTU11975 Even1_367656	*
N	*	100	*	*	*	*	*	New.CleanUp.ReferenceOTU11978 Even2_29584	*
N	*	85	*	*	*	*	*	New.CleanUp.ReferenceOTU11981 Even3_333395	*
N	*	100	*	*	*	*	*	New.CleanUp.ReferenceOTU11983 Even3_395387	*
N	*	80	*	*	*	*	*	New.CleanUp.ReferenceOTU11984 Even1_388808	*
N	*	76	*	*	*	*	*	New.CleanUp.ReferenceOTU11992 Even3_388339	*
N	*	100	*	*	*	*	*	New.CleanUp.ReferenceOTU11996 Even2_1771	*
N	*	82	*	*	*	*	*	New.CleanUp.ReferenceOTU11998 Even3_323513	*
N	*	100	*	*	*	*	*	New.CleanUp.ReferenceOTU12001 Even3_154044	*
N	*	91	*	*	*	*	*	New.CleanUp.ReferenceOTU12004 Even3_323518	*
N	*	96	*	*	*	*	*	New.CleanUp.ReferenceOTU12009 Even3_139081	*
N	*	77	*	*	*	*	*	New.CleanUp.ReferenceOTU12011 Even3_365938	*
N	*	82	*	*	*	*	*	New.CleanUp.ReferenceOTU12015 Even3_25239	*
N	*	89	*	*	*	*	*	New.CleanUp.ReferenceOTU12016 Even2_311075	*
N	*	100	*	*	*	*	*	New.CleanUp.ReferenceOTU12017 Even2_348875	*
N	*	78	*	*	*	*	*	New.CleanUp.ReferenceOTU12024 Even3_368545	*
N	*	89	*	*	*	*	*	New.CleanUp.ReferenceOTU12037 Even2_359147	*
N	*	84	*	*	*	*	*	New.CleanUp.ReferenceOTU12038 Even2_150211	*
N	*	78	*	*	*	*	*	New.CleanUp.ReferenceOTU12044 Even1_169642	*
N	*	95	*	*	*	*	*	New.CleanUp.ReferenceOTU12047 Even3_367631	*
N	*	100	*	*	*	*	*	New.CleanUp.ReferenceOTU1205 Even3_74588	*
N	*	95	*	*	*	*	*	New.CleanUp.ReferenceOTU12053 Even3_333531	*
N	*	100	*	*	*	*	*	New.CleanUp.ReferenceOTU12055 Even3_383695	*
N	*	94	*	*	*	*	*	New.CleanUp.ReferenceOTU12060 Even1_206382	*
N	*	100	*	*	*	*	*	New.CleanUp.ReferenceOTU12063 Even1_58506	*
N	*	92	*	*	*	*	*	New.CleanUp.ReferenceOTU12064 Even1_260835	*
N	*	85	*	*	*	*	*	New.CleanUp.ReferenceOTU12066 Even3_356617	*
N	*	100	*	*	*	*	*	New.CleanUp.ReferenceOTU12069 Even3_129548	*
N	*	81	*	*	*	*	*	New.CleanUp.ReferenceOTU12080 Even1_244911	*
N	*	100	*	*	*	*	*	New.CleanUp.ReferenceOTU12081 Even1_225431	*
N	*	96	*	*	*	*	*	New.CleanUp.ReferenceOTU12082 Even1_374649	*
N	*	100	*	*	*	*	*	New.CleanUp.ReferenceOTU12083 Even1_48303	*
N	*	82	*	*	*	*	*	New.CleanUp.ReferenceOTU12090 Even3_131280	*
N	*	92	*	*	*	*	*	New.CleanUp.ReferenceOTU12095 Even3_278998	*
N	*	100	*	*	*	*	*	New.CleanUp.ReferenceOTU12097 Even3_281015	*
N	*	89	*	*	*	*	*	New.CleanUp.ReferenceOTU12098 Even1_286678	*
N	*	86	*	*	*	*	*	New.CleanUp.ReferenceOTU12101 Even2_10159	*
N	*	92	*	*	*	*	*	New.CleanUp.ReferenceOTU12106 Even1_196043	*
N	*	86	*	*	*	*	*	New.CleanUp.ReferenceOTU12110 Even1_385065	*
N	*	92	*	*	*	*	*	New.CleanUp.ReferenceOTU12112 Even1_293852	*
N	*	83	*	*	*	*	*	New.CleanUp.ReferenceOTU12120 Even3_388809	*
N	*	100	*	*	*	*	*	New.CleanUp.ReferenceOTU12123 Even2_158843	*
N	*	95	*	*	*	*	*	New.CleanUp.ReferenceOTU12133 Even3_393521	*
N	*	100	*	*	*	*	*	New.CleanUp.ReferenceOTU12134 Even2_384992	*
N	*	81	*	*	*	*	*	New.CleanUp.ReferenceOTU12138 Even2_381929	*
N	*	76	*	*	*	*	*	New.CleanUp.ReferenceOTU12141 Even3_319957	*
N	*	85	*	*	*	*	*	New.CleanUp.ReferenceOTU12149 Even2_162397	*
N	*	100	*	*	*	*	*	New.CleanUp.ReferenceOTU12150 Even3_281545	*
N	*	100	*	*	*	*	*	New.CleanUp.ReferenceOTU12152 Even3_309597	*
N	*	96	*	*	*	*	*	New.CleanUp.ReferenceOTU12154 Even2_111141	*
N	*	76	*	*	*	*	*	New.CleanUp.ReferenceOTU12155 Even2_364109	*
N	*	100	*	*	*	*	*	New.CleanUp.ReferenceOTU12159 Even2_122668	*
N	*	76	*	*	*	*	*	New.CleanUp.ReferenceOTU1216 Even3_390180	*
N	*	100	*	*	*	*	*	New.CleanUp.ReferenceOTU12165 Even2_360343	*
N	*	80	*	*	*	*	*	New.CleanUp.ReferenceOTU12170 Even1_233433	*
N	*	100	*	*	*	*	*	New.CleanUp.ReferenceOTU12172 Even3_371983	*
N	*	100	*	*	*	*	*	New.CleanUp.ReferenceOTU12175 Even2_388754	*
N	*	100	*	*	*	*	*	New.CleanUp.ReferenceOTU12180 Even1_210259	*
N	*	91	*	*	*	*	*	New.CleanUp.ReferenceOTU12181 Even1_7785	*
N	*	100	*	*	*	*	*	New.CleanUp.ReferenceOTU12188 Even2_90576	*
N	*	94	*	*	*	*	*	New.CleanUp.ReferenceOTU12190 Even1_14772	*
N	*	94	*	*	*	*	*	New.CleanUp.ReferenceOTU12196 Even3_394713	*
N	*	80	*	*	*	*	*	New.CleanUp.ReferenceOTU12200 Even3_368712	*
N	*	92	*	*	*	*	*	New.CleanUp.ReferenceOTU12202 Even1_39658	*
N	*	100	*	*	*	*	*	New.CleanUp.ReferenceOTU12203 Even3_121155	*
N	*	100	*	*	*	*	*	New.CleanUp.ReferenceOTU1222 Even2_327989	*
N	*	81	*	*	*	*	*	New.CleanUp.ReferenceOTU12221 Even3_360263	*
N	*	100	*	*	*	*	*	New.CleanUp.ReferenceOTU12222 Even3_107541	*
N	*	100	*	*	*	*	*	New.CleanUp.ReferenceOTU12226 Even3_370852	*
N	*	82	*	*	*	*	*	New.CleanUp.ReferenceOTU12229 Even1_62152	*
N	*	100	*	*	*	*	*	New.CleanUp.ReferenceOTU12232 Even3_375176	*
N	*	90	*	*	*	*	*	New.CleanUp.ReferenceOTU12233 Even1_85552	*
N	*	83	*	*	*	*	*	New.CleanUp.ReferenceOTU12234 Even3_79537	*
N	*	94	*	*	*	*	*	New.CleanUp.ReferenceOTU12236 Even3_378671	*
N	*	100	*	*	*	*	*	New.CleanUp.ReferenceOTU12239 Even1_263505	*
N	*	80	*	*	*	*	*	New.CleanUp.ReferenceOTU1224 Even2_12356	*
N	*	100	*	*	*	*	*	New.CleanUp.ReferenceOTU12241 Even2_277192	*
N	*	93	*	*	*	*	*	New.CleanUp.ReferenceOTU12242 Even1_265852	*
N	*	100	*	*	*	*	*	New.CleanUp.ReferenceOTU12243 Even2_371656	*
N	*	100	*	*	*	*	*	New.CleanUp.ReferenceOTU12245 Even1_368178	*
N	*	100	*	*	*	*	*	New.CleanUp.ReferenceOTU12249 Even3_191575	*
N	*	76	*	*	*	*	*	New.CleanUp.ReferenceOTU1225 Even3_279903	*
N	*	100	*	*	*	*	*	New.CleanUp.ReferenceOTU12254 Even1_274666	*
N	*	79	*	*	*	*	*	New.CleanUp.ReferenceOTU12255 Even2_395332	*
N	*	84	*	*	*	*	*	New.CleanUp.ReferenceOTU12256 Even2_395335	*
N	*	87	*	*	*	*	*	New.CleanUp.ReferenceOTU12259 Even3_193714	*
N	*	80	*	*	*	*	*	New.CleanUp.ReferenceOTU12260 Even2_243190	*
N	*	100	*	*	*	*	*	New.CleanUp.ReferenceOTU12262 Even3_272597	*
N	*	100	*	*	*	*	*	New.CleanUp.ReferenceOTU12271 Even1_313962	*
N	*	100	*	*	*	*	*	New.CleanUp.ReferenceOTU12274 Even3_337847	*
N	*	100	*	*	*	*	*	New.CleanUp.ReferenceOTU12276 Even3_276418	*
N	*	100	*	*	*	*	*	New.CleanUp.ReferenceOTU12277 Even1_98328	*
N	*	94	*	*	*	*	*	New.CleanUp.ReferenceOTU12281 Even2_323516	*
N	*	100	*	*	*	*	*	New.CleanUp.ReferenceOTU12284 Even2_287419	*
N	*	95	*	*	*	*	*	New.CleanUp.ReferenceOTU12287 Even3_388078	*
N	*	86	*	*	*	*	*	New.CleanUp.ReferenceOTU1229 Even1_391641	*
N	*	100	*	*	*	*	*	New.CleanUp.ReferenceOTU12294 Even3_276410	*
N	*	100	*	*	*	*	*	New.CleanUp.ReferenceOTU1230 Even3_385090	*
N	*	78	*	*	*	*	*	New.CleanUp.ReferenceOTU12302 Even3_32284	*
N	*	100	*	*	*	*	*	New.CleanUp.ReferenceOTU12312 Even3_52614	*
N	*	81	*	*	*	*	*	New.CleanUp.ReferenceOTU12313 Even2_270356	*
N	*	87	*	*	*	*	*	New.CleanUp.ReferenceOTU12318 Even3_267100	*
N	*	82	*	*	*	*	*	New.CleanUp.ReferenceOTU1232 Even3_10750	*
N	*	100	*	*	*	*	*	New.CleanUp.ReferenceOTU12332 Even1_42470	*
N	*	91	*	*	*	*	*	New.CleanUp.ReferenceOTU12335 Even3_264455	*
N	*	93	*	*	*	*	*	New.CleanUp.ReferenceOTU12344 Even2_333413	*
N	*	94	*	*	*	*	*	New.CleanUp.ReferenceOTU12345 Even2_375372	*
N	*	81	*	*	*	*	*	New.CleanUp.ReferenceOTU12347 Even2_364732	*
N	*	89	*	*	*	*	*	New.CleanUp.ReferenceOTU12349 Even3_143748	*
N	*	80	*	*	*	*	*	New.CleanUp.ReferenceOTU12350 Even2_376682	*
N	*	93	*	*	*	*	*	New.CleanUp.ReferenceOTU12353 Even3_280084	*
N	*	100	*	*	*	*	*	New.CleanUp.ReferenceOTU12362 Even2_49395	*
N	*	82	*	*	*	*	*	New.CleanUp.ReferenceOTU12365 Even1_38742	*
N	*	94	*	*	*	*	*	New.CleanUp.ReferenceOTU12373 Even2_27615	*
N	*	100	*	*	*	*	*	New.CleanUp.ReferenceOTU12375 Even2_393591	*
N	*	94	*	*	*	*	*	New.CleanUp.ReferenceOTU12377 Even3_2010	*
N	*	83	*	*	*	*	*	New.CleanUp.ReferenceOTU12386 Even2_217850	*
N	*	100	*	*	*	*	*	New.CleanUp.ReferenceOTU12388 Even2_393731	*
N	*	95	*	*	*	*	*	New.CleanUp.ReferenceOTU1239 Even3_385896	*
N	*	82	*	*	*	*	*	New.CleanUp.ReferenceOTU12391 Even3_381787	*
N	*	100	*	*	*	*	*	New.CleanUp.ReferenceOTU12392 Even2_318727	*
N	*	95	*	*	*	*	*	New.CleanUp.ReferenceOTU12403 Even1_372189	*
N	*	95	*	*	*	*	*	New.CleanUp.ReferenceOTU12406 Even3_190765	*
N	*	96	*	*	*	*	*	New.CleanUp.ReferenceOTU12408 Even3_386787	*
N	*	100	*	*	*	*	*	New.CleanUp.ReferenceOTU12409 Even3_386786	*
N	*	84	*	*	*	*	*	New.CleanUp.ReferenceOTU1241 Even3_277369	*
N	*	85	*	*	*	*	*	New.CleanUp.ReferenceOTU12411 Even1_243657	*
N	*	96	*	*	*	*	*	New.CleanUp.ReferenceOTU12414 Even1_296608	*
N	*	100	*	*	*	*	*	New.CleanUp.ReferenceOTU12417 Even1_331850	*
N	*	100	*	*	*	*	*	New.CleanUp.ReferenceOTU12428 Even3_123990	*
N	*	94	*	*	*	*	*	New.CleanUp.ReferenceOTU12429 Even3_281280	*
N	*	100	*	*	*	*	*	New.CleanUp.ReferenceOTU12434 Even2_319583	*
N	*	83	*	*	*	*	*	New.CleanUp.ReferenceOTU12436 Even1_257016	*
N	*	100	*	*	*	*	*	New.CleanUp.ReferenceOTU12442 Even2_267819	*
N	*	85	*	*	*	*	*	New.CleanUp.ReferenceOTU12443 Even3_279935	*
N	*	100	*	*	*	*	*	New.CleanUp.ReferenceOTU12444 Even2_111301	*
N	*	100	*	*	*	*	*	New.CleanUp.ReferenceOTU12447 Even3_5304	*
N	*	100	*	*	*	*	*	New.CleanUp.ReferenceOTU12449 Even2_48512	*
N	*	100	*	*	*	*	*	New.CleanUp.ReferenceOTU12450 Even3_297373	*
N	*	94	*	*	*	*	*	New.CleanUp.ReferenceOTU1246 Even3_375550	*
N	*	84	*	*	*	*	*	New.CleanUp.ReferenceOTU12460 Even1_311159	*
N	*	91	*	*	*	*	*	New.CleanUp.ReferenceOTU12461 Even2_270994	*
N	*	100	*	*	*	*	*	New.CleanUp.ReferenceOTU12464 Even2_386781	*
N	*	100	*	*	*	*	*	New.CleanUp.ReferenceOTU12465 Even3_375695	*
N	*	100	*	*	*	*	*	New.CleanUp.ReferenceOTU12468 Even3_397211	*
N	*	96	*	*	*	*	*	New.CleanUp.ReferenceOTU12478 Even2_278696	*
N	*	93	*	*	*	*	*	New.CleanUp.ReferenceOTU12479 Even2_397129	*
N	*	100	*	*	*	*	*	New.CleanUp.ReferenceOTU1248 Even2_225767	*
N	*	100	*	*	*	*	*	New.CleanUp.ReferenceOTU12480 Even1_356398	*
N	*	94	*	*	*	*	*	New.CleanUp.ReferenceOTU12485 Even2_341907	*
N	*	94	*	*	*	*	*	New.CleanUp.ReferenceOTU12487 Even1_391104	*
N	*	100	*	*	*	*	*	New.CleanUp.ReferenceOTU12489 Even1_80256	*
N	*	100	*	*	*	*	*	New.CleanUp.ReferenceOTU12490 Even3_355254	*
N	*	100	*	*	*	*	*	New.CleanUp.ReferenceOTU12491 Even1_291370	*
N	*	87	*	*	*	*	*	New.CleanUp.ReferenceOTU12498 Even3_375439	*
N	*	76	*	*	*	*	*	New.CleanUp.ReferenceOTU125 Even1_200410	*
N	*	100	*	*	*	*	*	New.CleanUp.ReferenceOTU12501 Even3_375345	*
N	*	100	*	*	*	*	*	New.CleanUp.ReferenceOTU12503 Even3_309859	*
N	*	100	*	*	*	*	*	New.CleanUp.ReferenceOTU12509 Even3_337458	*
N	*	100	*	*	*	*	*	New.CleanUp.ReferenceOTU12510 Even2_296885	*
N	*	100	*	*	*	*	*	New.CleanUp.ReferenceOTU12511 Even3_390881	*
N	*	85	*	*	*	*	*	New.CleanUp.ReferenceOTU12512 Even1_77224	*
N	*	100	*	*	*	*	*	New.CleanUp.ReferenceOTU12516 Even3_269419	*
N	*	89	*	*	*	*	*	New.CleanUp.ReferenceOTU12525 Even1_281696	*
N	*	90	*	*	*	*	*	New.CleanUp.ReferenceOTU1253 Even1_321548	*
N	*	94	*	*	*	*	*	New.CleanUp.ReferenceOTU12539 Even2_280868	*
N	*	100	*	*	*	*	*	New.CleanUp.ReferenceOTU1254 Even3_364476	*
N	*	81	*	*	*	*	*	New.CleanUp.ReferenceOTU12542 Even3_325231	*
N	*	82	*	*	*	*	*	New.CleanUp.ReferenceOTU12544 Even1_274493	*
N	*	85	*	*	*	*	*	New.CleanUp.ReferenceOTU12546 Even2_79821	*
N	*	100	*	*	*	*	*	New.CleanUp.ReferenceOTU12548 Even3_290422	*
N	*	100	*	*	*	*	*	New.CleanUp.ReferenceOTU1255 Even3_364479	*
N	*	96	*	*	*	*	*	New.CleanUp.ReferenceOTU12553 Even1_131020	*
N	*	100	*	*	*	*	*	New.CleanUp.ReferenceOTU12555 Even3_306398	*
N	*	83	*	*	*	*	*	New.CleanUp.ReferenceOTU12558 Even1_3761	*
N	*	100	*	*	*	*	*	New.CleanUp.ReferenceOTU1256 Even3_337575	*
N	*	100	*	*	*	*	*	New.CleanUp.ReferenceOTU12562 Even3_313146	*
N	*	95	*	*	*	*	*	New.CleanUp.ReferenceOTU12563 Even2_371460	*
N	*	95	*	*	*	*	*	New.CleanUp.ReferenceOTU12564 Even1_302340	*
N	*	92	*	*	*	*	*	New.CleanUp.ReferenceOTU12571 Even1_75881	*
N	*	100	*	*	*	*	*	New.CleanUp.ReferenceOTU12574 Even3_20133	*
N	*	100	*	*	*	*	*	New.CleanUp.ReferenceOTU12584 Even2_305260	*
N	*	81	*	*	*	*	*	New.CleanUp.ReferenceOTU12591 Even1_283457	*
N	*	85	*	*	*	*	*	New.CleanUp.ReferenceOTU12599 Even3_386840	*
N	*	100	*	*	*	*	*	New.CleanUp.ReferenceOTU126 Even3_375380	*
N	*	100	*	*	*	*	*	New.CleanUp.ReferenceOTU12600 Even1_317405	*
N	*	92	*	*	*	*	*	New.CleanUp.ReferenceOTU12601 Even3_280166	*
N	*	92	*	*	*	*	*	New.CleanUp.ReferenceOTU12602 Even1_110510	*
N	*	89	*	*	*	*	*	New.CleanUp.ReferenceOTU1261 Even3_180286	*
N	*	90	*	*	*	*	*	New.CleanUp.ReferenceOTU12615 Even2_214339	*
N	*	95	*	*	*	*	*	New.CleanUp.ReferenceOTU12619 Even1_309709	*
N	*	100	*	*	*	*	*	New.CleanUp.ReferenceOTU12623 Even2_363312	*
N	*	100	*	*	*	*	*	New.CleanUp.ReferenceOTU12627 Even1_102181	*
N	*	91	*	*	*	*	*	New.CleanUp.ReferenceOTU12629 Even2_360366	*
N	*	100	*	*	*	*	*	New.CleanUp.ReferenceOTU12635 Even3_381648	*
N	*	100	*	*	*	*	*	New.CleanUp.ReferenceOTU12639 Even3_381642	*
N	*	92	*	*	*	*	*	New.CleanUp.ReferenceOTU12641 Even1_84659	*
N	*	100	*	*	*	*	*	New.CleanUp.ReferenceOTU12642 Even3_151792	*
N	*	83	*	*	*	*	*	New.CleanUp.ReferenceOTU12644 Even2_103524	*
N	*	100	*	*	*	*	*	New.CleanUp.ReferenceOTU12645 Even2_56543	*
N	*	82	*	*	*	*	*	New.CleanUp.ReferenceOTU12648 Even2_11339	*
N	*	93	*	*	*	*	*	New.CleanUp.ReferenceOTU12649 Even2_287455	*
N	*	81	*	*	*	*	*	New.CleanUp.ReferenceOTU12657 Even1_5507	*
N	*	91	*	*	*	*	*	New.CleanUp.ReferenceOTU12662 Even1_356001	*
N	*	100	*	*	*	*	*	New.CleanUp.ReferenceOTU12668 Even3_176959	*
N	*	88	*	*	*	*	*	New.CleanUp.ReferenceOTU12669 Even3_12543	*
N	*	100	*	*	*	*	*	New.CleanUp.ReferenceOTU12671 Even3_256738	*
N	*	100	*	*	*	*	*	New.CleanUp.ReferenceOTU12676 Even3_293393	*
N	*	100	*	*	*	*	*	New.CleanUp.ReferenceOTU12677 Even3_256732	*
N	*	84	*	*	*	*	*	New.CleanUp.ReferenceOTU1268 Even1_385907	*
N	*	76	*	*	*	*	*	New.CleanUp.ReferenceOTU12680 Even3_293651	*
N	*	100	*	*	*	*	*	New.CleanUp.ReferenceOTU12682 Even1_243515	*
N	*	82	*	*	*	*	*	New.CleanUp.ReferenceOTU12683 Even1_397419	*
N	*	100	*	*	*	*	*	New.CleanUp.ReferenceOTU12684 Even3_159145	*
N	*	85	*	*	*	*	*	New.CleanUp.ReferenceOTU12687 Even2_69867	*
N	*	84	*	*	*	*	*	New.CleanUp.ReferenceOTU12689 Even2_307029	*
N	*	96	*	*	*	*	*	New.CleanUp.ReferenceOTU12691 Even1_389622	*
N	*	93	*	*	*	*	*	New.CleanUp.ReferenceOTU12694 Even3_266231	*
N	*	81	*	*	*	*	*	New.CleanUp.ReferenceOTU12695 Even3_266236	*
N	*	100	*	*	*	*	*	New.CleanUp.ReferenceOTU1270 Even3_284204	*
N	*	100	*	*	*	*	*	New.CleanUp.ReferenceOTU12700 Even1_364777	*
N	*	100	*	*	*	*	*	New.CleanUp.ReferenceOTU12704 Even2_375698	*
N	*	90	*	*	*	*	*	New.CleanUp.ReferenceOTU12708 Even3_378615	*
N	*	94	*	*	*	*	*	New.CleanUp.ReferenceOTU12715 Even3_289417	*
N	*	84	*	*	*	*	*	New.CleanUp.ReferenceOTU12716 Even3_300784	*
N	*	100	*	*	*	*	*	New.CleanUp.ReferenceOTU12726 Even1_377837	*
N	*	100	*	*	*	*	*	New.CleanUp.ReferenceOTU12732 Even2_392893	*
N	*	100	*	*	*	*	*	New.CleanUp.ReferenceOTU12736 Even3_19373	*
N	*	100	*	*	*	*	*	New.CleanUp.ReferenceOTU12738 Even3_323491	*
N	*	91	*	*	*	*	*	New.CleanUp.ReferenceOTU12742 Even3_35992	*
N	*	100	*	*	*	*	*	New.CleanUp.ReferenceOTU12745 Even3_268951	*
N	*	100	*	*	*	*	*	New.CleanUp.ReferenceOTU12747 Even1_297306	*
N	*	100	*	*	*	*	*	New.CleanUp.ReferenceOTU1275 Even1_8323	*
N	*	100	*	*	*	*	*	New.CleanUp.ReferenceOTU12753 Even2_372160	*
N	*	91	*	*	*	*	*	New.CleanUp.ReferenceOTU12755 Even3_47443	*
N	*	83	*	*	*	*	*	New.CleanUp.ReferenceOTU12759 Even1_68176	*
N	*	94	*	*	*	*	*	New.CleanUp.ReferenceOTU12760 Even3_387945	*
N	*	100	*	*	*	*	*	New.CleanUp.ReferenceOTU12761 Even3_388052	*
N	*	80	*	*	*	*	*	New.CleanUp.ReferenceOTU12764 Even2_281308	*
N	*	95	*	*	*	*	*	New.CleanUp.ReferenceOTU12769 Even3_313680	*
N	*	100	*	*	*	*	*	New.CleanUp.ReferenceOTU12770 Even3_43493	*
N	*	83	*	*	*	*	*	New.CleanUp.ReferenceOTU12771 Even3_345791	*
N	*	95	*	*	*	*	*	New.CleanUp.ReferenceOTU12776 Even1_386218	*
N	*	88	*	*	*	*	*	New.CleanUp.ReferenceOTU12778 Even1_386217	*
N	*	76	*	*	*	*	*	New.CleanUp.ReferenceOTU1278 Even3_388583	*
N	*	100	*	*	*	*	*	New.CleanUp.ReferenceOTU12781 Even3_127385	*
N	*	100	*	*	*	*	*	New.CleanUp.ReferenceOTU12783 Even1_142321	*
N	*	95	*	*	*	*	*	New.CleanUp.ReferenceOTU12786 Even1_387928	*
N	*	100	*	*	*	*	*	New.CleanUp.ReferenceOTU12787 Even3_264471	*
N	*	80	*	*	*	*	*	New.CleanUp.ReferenceOTU12790 Even3_264475	*
N	*	100	*	*	*	*	*	New.CleanUp.ReferenceOTU12791 Even3_223955	*
N	*	93	*	*	*	*	*	New.CleanUp.ReferenceOTU12793 Even1_387925	*
N	*	95	*	*	*	*	*	New.CleanUp.ReferenceOTU12797 Even2_318094	*
N	*	92	*	*	*	*	*	New.CleanUp.ReferenceOTU1280 Even1_320416	*
N	*	83	*	*	*	*	*	New.CleanUp.ReferenceOTU12800 Even3_217205	*
N	*	85	*	*	*	*	*	New.CleanUp.ReferenceOTU12801 Even1_107217	*
N	*	87	*	*	*	*	*	New.CleanUp.ReferenceOTU12802 Even3_168257	*
N	*	92	*	*	*	*	*	New.CleanUp.ReferenceOTU12805 Even1_218854	*
N	*	81	*	*	*	*	*	New.CleanUp.ReferenceOTU1281 Even1_227413	*
N	*	86	*	*	*	*	*	New.CleanUp.ReferenceOTU12811 Even2_36171	*
N	*	100	*	*	*	*	*	New.CleanUp.ReferenceOTU12813 Even2_281878	*
N	*	93	*	*	*	*	*	New.CleanUp.ReferenceOTU12815 Even3_2074	*
N	*	95	*	*	*	*	*	New.CleanUp.ReferenceOTU12817 Even3_381811	*
N	*	100	*	*	*	*	*	New.CleanUp.ReferenceOTU12818 Even2_25199	*
N	*	85	*	*	*	*	*	New.CleanUp.ReferenceOTU12829 Even3_267785	*
N	*	91	*	*	*	*	*	New.CleanUp.ReferenceOTU12832 Even1_302089	*
N	*	100	*	*	*	*	*	New.CleanUp.ReferenceOTU12834 Even2_19018	*
N	*	100	*	*	*	*	*	New.CleanUp.ReferenceOTU12835 Even3_267789	*
N	*	84	*	*	*	*	*	New.CleanUp.ReferenceOTU12837 Even1_302081	*
N	*	93	*	*	*	*	*	New.CleanUp.ReferenceOTU12841 Even2_393712	*
N	*	92	*	*	*	*	*	New.CleanUp.ReferenceOTU12849 Even1_378070	*
N	*	95	*	*	*	*	*	New.CleanUp.ReferenceOTU1285 Even1_372009	*
N	*	89	*	*	*	*	*	New.CleanUp.ReferenceOTU12854 Even1_385291	*
N	*	87	*	*	*	*	*	New.CleanUp.ReferenceOTU12856 Even2_40577	*
N	*	100	*	*	*	*	*	New.CleanUp.ReferenceOTU12857 Even2_192842	*
N	*	100	*	*	*	*	*	New.CleanUp.ReferenceOTU12858 Even1_216061	*
N	*	95	*	*	*	*	*	New.CleanUp.ReferenceOTU12860 Even1_393406	*
N	*	81	*	*	*	*	*	New.CleanUp.ReferenceOTU12865 Even1_221646	*
N	*	95	*	*	*	*	*	New.CleanUp.ReferenceOTU12866 Even1_1739	*
N	*	91	*	*	*	*	*	New.CleanUp.ReferenceOTU12869 Even3_299277	*
N	*	100	*	*	*	*	*	New.CleanUp.ReferenceOTU12871 Even1_381539	*
N	*	90	*	*	*	*	*	New.CleanUp.ReferenceOTU12874 Even1_373103	*
N	*	77	*	*	*	*	*	New.CleanUp.ReferenceOTU12877 Even2_275923	*
N	*	100	*	*	*	*	*	New.CleanUp.ReferenceOTU1288 Even3_281598	*
N	*	82	*	*	*	*	*	New.CleanUp.ReferenceOTU1289 Even3_368375	*
N	*	79	*	*	*	*	*	New.CleanUp.ReferenceOTU12893 Even1_60039	*
N	*	100	*	*	*	*	*	New.CleanUp.ReferenceOTU12896 Even1_283507	*
N	*	100	*	*	*	*	*	New.CleanUp.ReferenceOTU12897 Even2_381681	*
N	*	100	*	*	*	*	*	New.CleanUp.ReferenceOTU12898 Even2_390983	*
N	*	96	*	*	*	*	*	New.CleanUp.ReferenceOTU12908 Even2_378238	*
N	*	81	*	*	*	*	*	New.CleanUp.ReferenceOTU12909 Even1_282638	*
N	*	85	*	*	*	*	*	New.CleanUp.ReferenceOTU12911 Even1_183572	*
N	*	100	*	*	*	*	*	New.CleanUp.ReferenceOTU12914 Even3_335830	*
N	*	83	*	*	*	*	*	New.CleanUp.ReferenceOTU12917 Even3_397390	*
N	*	92	*	*	*	*	*	New.CleanUp.ReferenceOTU12919 Even2_209197	*
N	*	94	*	*	*	*	*	New.CleanUp.ReferenceOTU12924 Even2_368570	*
N	*	81	*	*	*	*	*	New.CleanUp.ReferenceOTU12925 Even3_365685	*
N	*	100	*	*	*	*	*	New.CleanUp.ReferenceOTU12926 Even1_388478	*
N	*	91	*	*	*	*	*	New.CleanUp.ReferenceOTU12928 Even2_200340	*
N	*	80	*	*	*	*	*	New.CleanUp.ReferenceOTU1293 Even2_10581	*
N	*	95	*	*	*	*	*	New.CleanUp.ReferenceOTU12931 Even1_388470	*
N	*	100	*	*	*	*	*	New.CleanUp.ReferenceOTU12933 Even3_386433	*
N	*	100	*	*	*	*	*	New.CleanUp.ReferenceOTU12939 Even1_280856	*
N	*	100	*	*	*	*	*	New.CleanUp.ReferenceOTU12941 Even3_197574	*
N	*	95	*	*	*	*	*	New.CleanUp.ReferenceOTU12942 Even1_280853	*
N	*	100	*	*	*	*	*	New.CleanUp.ReferenceOTU12946 Even2_375431	*
N	*	82	*	*	*	*	*	New.CleanUp.ReferenceOTU12952 Even2_264808	*
N	*	96	*	*	*	*	*	New.CleanUp.ReferenceOTU12953 Even3_269433	*
N	*	77	*	*	*	*	*	New.CleanUp.ReferenceOTU12959 Even3_363685	*
N	*	82	*	*	*	*	*	New.CleanUp.ReferenceOTU12960 Even2_52255	*
N	*	84	*	*	*	*	*	New.CleanUp.ReferenceOTU12962 Even3_60403	*
N	*	95	*	*	*	*	*	New.CleanUp.ReferenceOTU12964 Even2_292692	*
N	*	96	*	*	*	*	*	New.CleanUp.ReferenceOTU12968 Even3_384577	*
N	*	84	*	*	*	*	*	New.CleanUp.ReferenceOTU12973 Even2_155514	*
N	*	93	*	*	*	*	*	New.CleanUp.ReferenceOTU1298 Even3_48976	*
N	*	76	*	*	*	*	*	New.CleanUp.ReferenceOTU12981 Even1_224850	*
N	*	100	*	*	*	*	*	New.CleanUp.ReferenceOTU12982 Even1_312903	*
N	*	100	*	*	*	*	*	New.CleanUp.ReferenceOTU12985 Even3_384063	*
N	*	81	*	*	*	*	*	New.CleanUp.ReferenceOTU1299 Even2_255248	*
N	*	100	*	*	*	*	*	New.CleanUp.ReferenceOTU12990 Even3_333577	*
N	*	93	*	*	*	*	*	New.CleanUp.ReferenceOTU12994 Even1_28223	*
N	*	79	*	*	*	*	*	New.CleanUp.ReferenceOTU12995 Even2_78131	*
N	*	80	*	*	*	*	*	New.CleanUp.ReferenceOTU12996 Even2_225321	*
N	*	100	*	*	*	*	*	New.CleanUp.ReferenceOTU12997 Even3_53046	*
N	*	96	*	*	*	*	*	New.CleanUp.ReferenceOTU12998 Even3_289350	*
N	*	77	*	*	*	*	*	New.CleanUp.ReferenceOTU13002 Even2_444	*
N	*	100	*	*	*	*	*	New.CleanUp.ReferenceOTU13004 Even3_356652	*
N	*	95	*	*	*	*	*	New.CleanUp.ReferenceOTU13006 Even3_274865	*
N	*	100	*	*	*	*	*	New.CleanUp.ReferenceOTU13009 Even3_126552	*
N	*	100	*	*	*	*	*	New.CleanUp.ReferenceOTU13010 Even2_395011	*
N	*	93	*	*	*	*	*	New.CleanUp.ReferenceOTU13014 Even1_204231	*
N	*	100	*	*	*	*	*	New.CleanUp.ReferenceOTU13020 Even3_256448	*
N	*	93	*	*	*	*	*	New.CleanUp.ReferenceOTU13023 Even1_1747	*
N	*	100	*	*	*	*	*	New.CleanUp.ReferenceOTU1303 Even3_10709	*
N	*	95	*	*	*	*	*	New.CleanUp.ReferenceOTU13030 Even3_383747	*
N	*	100	*	*	*	*	*	New.CleanUp.ReferenceOTU13031 Even2_37698	*
N	*	100	*	*	*	*	*	New.CleanUp.ReferenceOTU13034 Even2_337853	*
N	*	94	*	*	*	*	*	New.CleanUp.ReferenceOTU13035 Even3_386133	*
N	*	94	*	*	*	*	*	New.CleanUp.ReferenceOTU13037 Even3_397347	*
N	*	100	*	*	*	*	*	New.CleanUp.ReferenceOTU1304 Even2_323191	*
N	*	100	*	*	*	*	*	New.CleanUp.ReferenceOTU13041 Even1_110752	*
N	*	100	*	*	*	*	*	New.CleanUp.ReferenceOTU13046 Even3_10857	*
N	*	100	*	*	*	*	*	New.CleanUp.ReferenceOTU13047 Even1_197091	*
N	*	100	*	*	*	*	*	New.CleanUp.ReferenceOTU13048 Even1_63091	*
N	*	83	*	*	*	*	*	New.CleanUp.ReferenceOTU13050 Even1_313141	*
N	*	78	*	*	*	*	*	New.CleanUp.ReferenceOTU13052 Even1_233813	*
N	*	82	*	*	*	*	*	New.CleanUp.ReferenceOTU13054 Even2_346443	*
N	*	83	*	*	*	*	*	New.CleanUp.ReferenceOTU13058 Even1_263742	*
N	*	100	*	*	*	*	*	New.CleanUp.ReferenceOTU13061 Even3_388840	*
N	*	100	*	*	*	*	*	New.CleanUp.ReferenceOTU13064 Even2_280519	*
N	*	100	*	*	*	*	*	New.CleanUp.ReferenceOTU13069 Even2_351296	*
N	*	100	*	*	*	*	*	New.CleanUp.ReferenceOTU13070 Even2_44130	*
N	*	93	*	*	*	*	*	New.CleanUp.ReferenceOTU13072 Even3_341553	*
N	*	100	*	*	*	*	*	New.CleanUp.ReferenceOTU13077 Even2_368367	*
N	*	100	*	*	*	*	*	New.CleanUp.ReferenceOTU13079 Even2_368365	*
N	*	84	*	*	*	*	*	New.CleanUp.ReferenceOTU13081 Even2_328208	*
N	*	96	*	*	*	*	*	New.CleanUp.ReferenceOTU13082 Even3_381487	*
N	*	100	*	*	*	*	*	New.CleanUp.ReferenceOTU13085 Even1_372026	*
N	*	100	*	*	*	*	*	New.CleanUp.ReferenceOTU13095 Even2_360305	*
N	*	100	*	*	*	*	*	New.CleanUp.ReferenceOTU1310 Even1_32261	*
N	*	100	*	*	*	*	*	New.CleanUp.ReferenceOTU13102 Even3_153689	*
N	*	100	*	*	*	*	*	New.CleanUp.ReferenceOTU13106 Even1_318779	*
N	*	93	*	*	*	*	*	New.CleanUp.ReferenceOTU13112 Even3_381668	*
N	*	93	*	*	*	*	*	New.CleanUp.ReferenceOTU13117 Even3_305475	*
N	*	94	*	*	*	*	*	New.CleanUp.ReferenceOTU13122 Even3_275439	*
N	*	100	*	*	*	*	*	New.CleanUp.ReferenceOTU13125 Even3_277354	*
N	*	100	*	*	*	*	*	New.CleanUp.ReferenceOTU13127 Even1_230363	*
N	*	100	*	*	*	*	*	New.CleanUp.ReferenceOTU1313 Even2_116506	*
N	*	82	*	*	*	*	*	New.CleanUp.ReferenceOTU13131 Even1_7743	*
N	*	90	*	*	*	*	*	New.CleanUp.ReferenceOTU13135 Even2_184221	*
N	*	100	*	*	*	*	*	New.CleanUp.ReferenceOTU13137 Even3_172654	*
N	*	96	*	*	*	*	*	New.CleanUp.ReferenceOTU13146 Even1_267449	*
N	*	83	*	*	*	*	*	New.CleanUp.ReferenceOTU13151 Even2_11644	*
N	*	100	*	*	*	*	*	New.CleanUp.ReferenceOTU13152 Even2_272658	*
N	*	79	*	*	*	*	*	New.CleanUp.ReferenceOTU13156 Even2_181075	*
N	*	100	*	*	*	*	*	New.CleanUp.ReferenceOTU13157 Even1_258605	*
N	*	85	*	*	*	*	*	New.CleanUp.ReferenceOTU1316 Even2_19098	*
N	*	85	*	*	*	*	*	New.CleanUp.ReferenceOTU13161 Even3_351033	*
N	*	93	*	*	*	*	*	New.CleanUp.ReferenceOTU13163 Even2_342200	*
N	*	100	*	*	*	*	*	New.CleanUp.ReferenceOTU13165 Even2_270745	*
N	*	95	*	*	*	*	*	New.CleanUp.ReferenceOTU13169 Even2_105608	*
N	*	96	*	*	*	*	*	New.CleanUp.ReferenceOTU13171 Even3_292986	*
N	*	92	*	*	*	*	*	New.CleanUp.ReferenceOTU13176 Even1_364555	*
N	*	96	*	*	*	*	*	New.CleanUp.ReferenceOTU13177 Even1_394815	*
N	*	100	*	*	*	*	*	New.CleanUp.ReferenceOTU13179 Even2_9841	*
N	*	80	*	*	*	*	*	New.CleanUp.ReferenceOTU13182 Even3_371219	*
N	*	95	*	*	*	*	*	New.CleanUp.ReferenceOTU13186 Even1_265813	*
N	*	100	*	*	*	*	*	New.CleanUp.ReferenceOTU13187 Even1_69495	*
N	*	89	*	*	*	*	*	New.CleanUp.ReferenceOTU13188 Even2_277154	*
N	*	100	*	*	*	*	*	New.CleanUp.ReferenceOTU1319 Even2_393537	*
N	*	84	*	*	*	*	*	New.CleanUp.ReferenceOTU13197 Even3_283891	*
N	*	91	*	*	*	*	*	New.CleanUp.ReferenceOTU13198 Even3_364417	*
N	*	90	*	*	*	*	*	New.CleanUp.ReferenceOTU13201 Even1_65141	*
N	*	96	*	*	*	*	*	New.CleanUp.ReferenceOTU13203 Even1_1517	*
N	*	100	*	*	*	*	*	New.CleanUp.ReferenceOTU13209 Even3_1802	*
N	*	76	*	*	*	*	*	New.CleanUp.ReferenceOTU1321 Even3_317741	*
N	*	100	*	*	*	*	*	New.CleanUp.ReferenceOTU13213 Even2_386627	*
N	*	94	*	*	*	*	*	New.CleanUp.ReferenceOTU13214 Even2_374267	*
N	*	88	*	*	*	*	*	New.CleanUp.ReferenceOTU13215 Even2_374264	*
N	*	100	*	*	*	*	*	New.CleanUp.ReferenceOTU13218 Even1_275394	*
N	*	96	*	*	*	*	*	New.CleanUp.ReferenceOTU13226 Even3_384216	*
N	*	80	*	*	*	*	*	New.CleanUp.ReferenceOTU13227 Even3_278504	*
N	*	89	*	*	*	*	*	New.CleanUp.ReferenceOTU13231 Even2_102018	*
N	*	96	*	*	*	*	*	New.CleanUp.ReferenceOTU13238 Even1_377812	*
N	*	96	*	*	*	*	*	New.CleanUp.ReferenceOTU13240 Even2_390706	*
N	*	94	*	*	*	*	*	New.CleanUp.ReferenceOTU13242 Even1_333402	*
N	*	100	*	*	*	*	*	New.CleanUp.ReferenceOTU13244 Even3_277384	*
N	*	94	*	*	*	*	*	New.CleanUp.ReferenceOTU1325 Even1_136332	*
N	*	96	*	*	*	*	*	New.CleanUp.ReferenceOTU13259 Even2_281587	*
N	*	100	*	*	*	*	*	New.CleanUp.ReferenceOTU13261 Even2_128376	*
N	*	84	*	*	*	*	*	New.CleanUp.ReferenceOTU13262 Even1_323476	*
N	*	100	*	*	*	*	*	New.CleanUp.ReferenceOTU13275 Even1_289653	*
N	*	93	*	*	*	*	*	New.CleanUp.ReferenceOTU13277 Even3_378144	*
N	*	100	*	*	*	*	*	New.CleanUp.ReferenceOTU13279 Even3_367337	*
N	*	88	*	*	*	*	*	New.CleanUp.ReferenceOTU1328 Even2_289833	*
N	*	100	*	*	*	*	*	New.CleanUp.ReferenceOTU13288 Even2_280989	*
N	*	88	*	*	*	*	*	New.CleanUp.ReferenceOTU1329 Even1_212922	*
N	*	93	*	*	*	*	*	New.CleanUp.ReferenceOTU1330 Even2_236723	*
N	*	79	*	*	*	*	*	New.CleanUp.ReferenceOTU13300 Even3_2058	*
N	*	84	*	*	*	*	*	New.CleanUp.ReferenceOTU13320 Even2_323248	*
N	*	76	*	*	*	*	*	New.CleanUp.ReferenceOTU13324 Even2_280185	*
N	*	95	*	*	*	*	*	New.CleanUp.ReferenceOTU13325 Even2_174457	*
N	*	95	*	*	*	*	*	New.CleanUp.ReferenceOTU13330 Even1_389458	*
N	*	100	*	*	*	*	*	New.CleanUp.ReferenceOTU13331 Even1_384492	*
N	*	85	*	*	*	*	*	New.CleanUp.ReferenceOTU13338 Even1_171056	*
N	*	100	*	*	*	*	*	New.CleanUp.ReferenceOTU1334 Even3_163154	*
N	*	100	*	*	*	*	*	New.CleanUp.ReferenceOTU13342 Even2_190744	*
N	*	100	*	*	*	*	*	New.CleanUp.ReferenceOTU13344 Even3_381877	*
N	*	88	*	*	*	*	*	New.CleanUp.ReferenceOTU13346 Even3_299257	*
N	*	100	*	*	*	*	*	New.CleanUp.ReferenceOTU13347 Even2_33700	*
N	*	100	*	*	*	*	*	New.CleanUp.ReferenceOTU13348 Even3_391018	*
N	*	96	*	*	*	*	*	New.CleanUp.ReferenceOTU13350 Even1_393427	*
N	*	100	*	*	*	*	*	New.CleanUp.ReferenceOTU1339 Even3_287481	*
N	*	100	*	*	*	*	*	New.CleanUp.ReferenceOTU1340 Even1_293764	*
N	*	92	*	*	*	*	*	New.CleanUp.ReferenceOTU1341 Even3_135620	*
N	*	93	*	*	*	*	*	New.CleanUp.ReferenceOTU1347 Even3_386723	*
N	*	85	*	*	*	*	*	New.CleanUp.ReferenceOTU135 Even1_199464	*
N	*	87	*	*	*	*	*	New.CleanUp.ReferenceOTU1353 Even3_293241	*
N	*	95	*	*	*	*	*	New.CleanUp.ReferenceOTU1356 Even1_125503	*
N	*	100	*	*	*	*	*	New.CleanUp.ReferenceOTU1359 Even3_64017	*
N	*	100	*	*	*	*	*	New.CleanUp.ReferenceOTU1360 Even3_277993	*
N	*	80	*	*	*	*	*	New.CleanUp.ReferenceOTU1361 Even2_313955	*
N	*	100	*	*	*	*	*	New.CleanUp.ReferenceOTU1366 Even2_280749	*
N	*	100	*	*	*	*	*	New.CleanUp.ReferenceOTU1368 Even3_281222	*
N	*	83	*	*	*	*	*	New.CleanUp.ReferenceOTU1371 Even1_50955	*
N	*	84	*	*	*	*	*	New.CleanUp.ReferenceOTU1381 Even3_271019	*
N	*	81	*	*	*	*	*	New.CleanUp.ReferenceOTU1382 Even3_84641	*
N	*	93	*	*	*	*	*	New.CleanUp.ReferenceOTU1384 Even3_271012	*
N	*	100	*	*	*	*	*	New.CleanUp.ReferenceOTU1391 Even3_395386	*
N	*	93	*	*	*	*	*	New.CleanUp.ReferenceOTU1392 Even1_68136	*
N	*	89	*	*	*	*	*	New.CleanUp.ReferenceOTU1394 Even1_190892	*
N	*	100	*	*	*	*	*	New.CleanUp.ReferenceOTU1395 Even2_389634	*
N	*	90	*	*	*	*	*	New.CleanUp.ReferenceOTU140 Even1_286435	*
N	*	94	*	*	*	*	*	New.CleanUp.ReferenceOTU1402 Even1_385302	*
N	*	100	*	*	*	*	*	New.CleanUp.ReferenceOTU1403 Even2_375408	*
N	*	100	*	*	*	*	*	New.CleanUp.ReferenceOTU1405 Even3_381800	*
N	*	100	*	*	*	*	*	New.CleanUp.ReferenceOTU1406 Even3_172158	*
N	*	100	*	*	*	*	*	New.CleanUp.ReferenceOTU1408 Even2_56854	*
N	*	96	*	*	*	*	*	New.CleanUp.ReferenceOTU1417 Even1_293938	*
N	*	90	*	*	*	*	*	New.CleanUp.ReferenceOTU1421 Even3_169627	*
N	*	100	*	*	*	*	*	New.CleanUp.ReferenceOTU1426 Even3_149457	*
N	*	100	*	*	*	*	*	New.CleanUp.ReferenceOTU1427 Even3_393644	*
N	*	92	*	*	*	*	*	New.CleanUp.ReferenceOTU1434 Even3_322613	*
N	*	100	*	*	*	*	*	New.CleanUp.ReferenceOTU1436 Even2_298510	*
N	*	92	*	*	*	*	*	New.CleanUp.ReferenceOTU1440 Even3_89649	*
N	*	78	*	*	*	*	*	New.CleanUp.ReferenceOTU1441 Even2_59215	*
N	*	85	*	*	*	*	*	New.CleanUp.ReferenceOTU1450 Even3_368588	*
N	*	100	*	*	*	*	*	New.CleanUp.ReferenceOTU1451 Even1_270756	*
N	*	78	*	*	*	*	*	New.CleanUp.ReferenceOTU1454 Even1_150500	*
N	*	86	*	*	*	*	*	New.CleanUp.ReferenceOTU1456 Even1_129563	*
N	*	84	*	*	*	*	*	New.CleanUp.ReferenceOTU1458 Even2_8588	*
N	*	76	*	*	*	*	*	New.CleanUp.ReferenceOTU1469 Even1_244020	*
N	*	95	*	*	*	*	*	New.CleanUp.ReferenceOTU1474 Even1_371769	*
N	*	87	*	*	*	*	*	New.CleanUp.ReferenceOTU1477 Even3_266774	*
N	*	81	*	*	*	*	*	New.CleanUp.ReferenceOTU1481 Even2_111055	*
N	*	78	*	*	*	*	*	New.CleanUp.ReferenceOTU1482 Even2_8763	*
N	*	89	*	*	*	*	*	New.CleanUp.ReferenceOTU1493 Even3_278684	*
N	*	77	*	*	*	*	*	New.CleanUp.ReferenceOTU1494 Even3_388353	*
N	*	100	*	*	*	*	*	New.CleanUp.ReferenceOTU1495 Even2_272202	*
N	*	90	*	*	*	*	*	New.CleanUp.ReferenceOTU1496 Even2_155331	*
N	*	83	*	*	*	*	*	New.CleanUp.ReferenceOTU15 Even2_48089	*
N	*	100	*	*	*	*	*	New.CleanUp.ReferenceOTU1505 Even1_117554	*
N	*	96	*	*	*	*	*	New.CleanUp.ReferenceOTU1507 Even3_375497	*
N	*	89	*	*	*	*	*	New.CleanUp.ReferenceOTU1511 Even1_371491	*
N	*	100	*	*	*	*	*	New.CleanUp.ReferenceOTU1516 Even2_378706	*
N	*	100	*	*	*	*	*	New.CleanUp.ReferenceOTU1517 Even2_372227	*
N	*	94	*	*	*	*	*	New.CleanUp.ReferenceOTU1519 Even3_383121	*
N	*	81	*	*	*	*	*	New.CleanUp.ReferenceOTU1522 Even1_340640	*
N	*	93	*	*	*	*	*	New.CleanUp.ReferenceOTU1526 Even3_229800	*
N	*	100	*	*	*	*	*	New.CleanUp.ReferenceOTU1527 Even2_287350	*
N	*	81	*	*	*	*	*	New.CleanUp.ReferenceOTU1538 Even1_63543	*
N	*	78	*	*	*	*	*	New.CleanUp.ReferenceOTU1542 Even3_59383	*
N	*	77	*	*	*	*	*	New.CleanUp.ReferenceOTU1545 Even3_384132	*
N	*	93	*	*	*	*	*	New.CleanUp.ReferenceOTU1547 Even3_384319	*
N	*	82	*	*	*	*	*	New.CleanUp.ReferenceOTU1551 Even2_275417	*
N	*	93	*	*	*	*	*	New.CleanUp.ReferenceOTU1554 Even3_245391	*
N	*	100	*	*	*	*	*	New.CleanUp.ReferenceOTU1563 Even1_377914	*
N	*	100	*	*	*	*	*	New.CleanUp.ReferenceOTU1565 Even3_367724	*
N	*	100	*	*	*	*	*	New.CleanUp.ReferenceOTU1566 Even2_351210	*
N	*	93	*	*	*	*	*	New.CleanUp.ReferenceOTU157 Even1_146872	*
N	*	77	*	*	*	*	*	New.CleanUp.ReferenceOTU1570 Even1_392675	*
N	*	92	*	*	*	*	*	New.CleanUp.ReferenceOTU1573 Even2_72226	*
N	*	96	*	*	*	*	*	New.CleanUp.ReferenceOTU1587 Even1_337878	*
N	*	93	*	*	*	*	*	New.CleanUp.ReferenceOTU1596 Even3_123549	*
N	*	79	*	*	*	*	*	New.CleanUp.ReferenceOTU1601 Even3_341624	*
N	*	100	*	*	*	*	*	New.CleanUp.ReferenceOTU1603 Even3_341621	*
N	*	100	*	*	*	*	*	New.CleanUp.ReferenceOTU1608 Even1_333625	*
N	*	100	*	*	*	*	*	New.CleanUp.ReferenceOTU1610 Even2_82778	*
N	*	96	*	*	*	*	*	New.CleanUp.ReferenceOTU1612 Even3_360550	*
N	*	100	*	*	*	*	*	New.CleanUp.ReferenceOTU1619 Even3_280541	*
N	*	100	*	*	*	*	*	New.CleanUp.ReferenceOTU162 Even2_252303	*
N	*	100	*	*	*	*	*	New.CleanUp.ReferenceOTU1625 Even1_305262	*
N	*	100	*	*	*	*	*	New.CleanUp.ReferenceOTU1627 Even2_245249	*
N	*	100	*	*	*	*	*	New.CleanUp.ReferenceOTU1630 Even3_309923	*
N	*	81	*	*	*	*	*	New.CleanUp.ReferenceOTU1634 Even2_23358	*
N	*	100	*	*	*	*	*	New.CleanUp.ReferenceOTU1640 Even1_326384	*
N	*	100	*	*	*	*	*	New.CleanUp.ReferenceOTU1645 Even3_145527	*
N	*	100	*	*	*	*	*	New.CleanUp.ReferenceOTU1647 Even3_310104	*
N	*	83	*	*	*	*	*	New.CleanUp.ReferenceOTU1649 Even3_212357	*
N	*	96	*	*	*	*	*	New.CleanUp.ReferenceOTU1655 Even3_181138	*
N	*	84	*	*	*	*	*	New.CleanUp.ReferenceOTU1659 Even1_212722	*
N	*	100	*	*	*	*	*	New.CleanUp.ReferenceOTU1661 Even2_127901	*
N	*	94	*	*	*	*	*	New.CleanUp.ReferenceOTU1664 Even1_394093	*
N	*	100	*	*	*	*	*	New.CleanUp.ReferenceOTU1670 Even3_336602	*
N	*	100	*	*	*	*	*	New.CleanUp.ReferenceOTU1675 Even1_151067	*
N	*	100	*	*	*	*	*	New.CleanUp.ReferenceOTU1681 Even3_45533	*
N	*	85	*	*	*	*	*	New.CleanUp.ReferenceOTU1683 Even1_219322	*
N	*	100	*	*	*	*	*	New.CleanUp.ReferenceOTU1690 Even1_218334	*
N	*	77	*	*	*	*	*	New.CleanUp.ReferenceOTU1693 Even2_270768	*
N	*	100	*	*	*	*	*	New.CleanUp.ReferenceOTU1697 Even3_390368	*
N	*	92	*	*	*	*	*	New.CleanUp.ReferenceOTU1706 Even2_208701	*
N	*	80	*	*	*	*	*	New.CleanUp.ReferenceOTU1708 Even1_198988	*
N	*	95	*	*	*	*	*	New.CleanUp.ReferenceOTU1709 Even3_297262	*
N	*	81	*	*	*	*	*	New.CleanUp.ReferenceOTU1710 Even3_192515	*
N	*	100	*	*	*	*	*	New.CleanUp.ReferenceOTU1711 Even3_391074	*
N	*	100	*	*	*	*	*	New.CleanUp.ReferenceOTU1712 Even3_391071	*
N	*	100	*	*	*	*	*	New.CleanUp.ReferenceOTU1713 Even3_47201	*
N	*	82	*	*	*	*	*	New.CleanUp.ReferenceOTU172 Even3_73770	*
N	*	100	*	*	*	*	*	New.CleanUp.ReferenceOTU1721 Even2_364770	*
N	*	89	*	*	*	*	*	New.CleanUp.ReferenceOTU1722 Even1_95076	*
N	*	95	*	*	*	*	*	New.CleanUp.ReferenceOTU1723 Even2_390791	*
N	*	80	*	*	*	*	*	New.CleanUp.ReferenceOTU1727 Even1_173684	*
N	*	100	*	*	*	*	*	New.CleanUp.ReferenceOTU173 Even2_377701	*
N	*	100	*	*	*	*	*	New.CleanUp.ReferenceOTU1732 Even3_9416	*
N	*	87	*	*	*	*	*	New.CleanUp.ReferenceOTU1735 Even1_167704	*
N	*	83	*	*	*	*	*	New.CleanUp.ReferenceOTU1736 Even3_207523	*
N	*	76	*	*	*	*	*	New.CleanUp.ReferenceOTU174 Even1_394792	*
N	*	100	*	*	*	*	*	New.CleanUp.ReferenceOTU1741 Even3_1225	*
N	*	78	*	*	*	*	*	New.CleanUp.ReferenceOTU1742 Even3_209537	*
N	*	100	*	*	*	*	*	New.CleanUp.ReferenceOTU1744 Even2_153439	*
N	*	80	*	*	*	*	*	New.CleanUp.ReferenceOTU1745 Even3_279498	*
N	*	79	*	*	*	*	*	New.CleanUp.ReferenceOTU1747 Even1_253500	*
N	*	100	*	*	*	*	*	New.CleanUp.ReferenceOTU1748 Even2_388597	*
N	*	93	*	*	*	*	*	New.CleanUp.ReferenceOTU1751 Even3_368397	*
N	*	100	*	*	*	*	*	New.CleanUp.ReferenceOTU176 Even2_187002	*
N	*	93	*	*	*	*	*	New.CleanUp.ReferenceOTU1762 Even1_393033	*
N	*	100	*	*	*	*	*	New.CleanUp.ReferenceOTU1764 Even1_302164	*
N	*	93	*	*	*	*	*	New.CleanUp.ReferenceOTU1773 Even3_272285	*
N	*	93	*	*	*	*	*	New.CleanUp.ReferenceOTU1774 Even1_252908	*
N	*	100	*	*	*	*	*	New.CleanUp.ReferenceOTU1778 Even1_271061	*
N	*	76	*	*	*	*	*	New.CleanUp.ReferenceOTU1780 Even1_137780	*
N	*	81	*	*	*	*	*	New.CleanUp.ReferenceOTU1792 Even1_352975	*
N	*	86	*	*	*	*	*	New.CleanUp.ReferenceOTU1795 Even1_352606	*
N	*	83	*	*	*	*	*	New.CleanUp.ReferenceOTU1802 Even1_228785	*
N	*	100	*	*	*	*	*	New.CleanUp.ReferenceOTU1808 Even1_49426	*
N	*	100	*	*	*	*	*	New.CleanUp.ReferenceOTU1809 Even3_306459	*
N	*	79	*	*	*	*	*	New.CleanUp.ReferenceOTU181 Even2_303675	*
N	*	85	*	*	*	*	*	New.CleanUp.ReferenceOTU1810 Even3_306458	*
N	*	86	*	*	*	*	*	New.CleanUp.ReferenceOTU1814 Even3_233368	*
N	*	93	*	*	*	*	*	New.CleanUp.ReferenceOTU1815 Even2_135107	*
N	*	93	*	*	*	*	*	New.CleanUp.ReferenceOTU1816 Even3_300851	*
N	*	100	*	*	*	*	*	New.CleanUp.ReferenceOTU1819 Even3_359715	*
N	*	94	*	*	*	*	*	New.CleanUp.ReferenceOTU1820 Even1_293709	*
N	*	100	*	*	*	*	*	New.CleanUp.ReferenceOTU1825 Even2_168922	*
N	*	100	*	*	*	*	*	New.CleanUp.ReferenceOTU1833 Even2_281232	*
N	*	96	*	*	*	*	*	New.CleanUp.ReferenceOTU1841 Even2_209545	*
N	*	77	*	*	*	*	*	New.CleanUp.ReferenceOTU1845 Even1_187852	*
N	*	76	*	*	*	*	*	New.CleanUp.ReferenceOTU1846 Even1_119428	*
N	*	84	*	*	*	*	*	New.CleanUp.ReferenceOTU1849 Even1_318873	*
N	*	91	*	*	*	*	*	New.CleanUp.ReferenceOTU1853 Even3_260934	*
N	*	100	*	*	*	*	*	New.CleanUp.ReferenceOTU1855 Even2_364000	*
N	*	100	*	*	*	*	*	New.CleanUp.ReferenceOTU186 Even2_318915	*
N	*	100	*	*	*	*	*	New.CleanUp.ReferenceOTU1860 Even2_58159	*
N	*	84	*	*	*	*	*	New.CleanUp.ReferenceOTU1861 Even2_237479	*
N	*	100	*	*	*	*	*	New.CleanUp.ReferenceOTU1865 Even3_153746	*
N	*	79	*	*	*	*	*	New.CleanUp.ReferenceOTU1870 Even1_186452	*
N	*	100	*	*	*	*	*	New.CleanUp.ReferenceOTU1872 Even3_298610	*
N	*	100	*	*	*	*	*	New.CleanUp.ReferenceOTU1876 Even1_388765	*
N	*	96	*	*	*	*	*	New.CleanUp.ReferenceOTU1878 Even3_393082	*
N	*	100	*	*	*	*	*	New.CleanUp.ReferenceOTU1880 Even2_264442	*
N	*	81	*	*	*	*	*	New.CleanUp.ReferenceOTU1881 Even2_305394	*
N	*	84	*	*	*	*	*	New.CleanUp.ReferenceOTU1884 Even1_109902	*
N	*	100	*	*	*	*	*	New.CleanUp.ReferenceOTU1887 Even1_165838	*
N	*	94	*	*	*	*	*	New.CleanUp.ReferenceOTU1898 Even1_318520	*
N	*	93	*	*	*	*	*	New.CleanUp.ReferenceOTU1900 Even3_256476	*
N	*	82	*	*	*	*	*	New.CleanUp.ReferenceOTU1903 Even1_314193	*
N	*	100	*	*	*	*	*	New.CleanUp.ReferenceOTU1910 Even2_375491	*
N	*	80	*	*	*	*	*	New.CleanUp.ReferenceOTU1911 Even2_244198	*
N	*	93	*	*	*	*	*	New.CleanUp.ReferenceOTU1913 Even1_75540	*
N	*	96	*	*	*	*	*	New.CleanUp.ReferenceOTU1933 Even1_346329	*
N	*	100	*	*	*	*	*	New.CleanUp.ReferenceOTU1947 Even1_182356	*
N	*	100	*	*	*	*	*	New.CleanUp.ReferenceOTU1951 Even3_381742	*
N	*	82	*	*	*	*	*	New.CleanUp.ReferenceOTU1952 Even3_3670	*
N	*	100	*	*	*	*	*	New.CleanUp.ReferenceOTU1954 Even2_378877	*
N	*	91	*	*	*	*	*	New.CleanUp.ReferenceOTU1956 Even3_388331	*
N	*	100	*	*	*	*	*	New.CleanUp.ReferenceOTU1959 Even1_279265	*
N	*	84	*	*	*	*	*	New.CleanUp.ReferenceOTU1961 Even3_283609	*
N	*	83	*	*	*	*	*	New.CleanUp.ReferenceOTU1963 Even3_62899	*
N	*	89	*	*	*	*	*	New.CleanUp.ReferenceOTU1964 Even1_355976	*
N	*	95	*	*	*	*	*	New.CleanUp.ReferenceOTU1967 Even3_384488	*
N	*	94	*	*	*	*	*	New.CleanUp.ReferenceOTU1970 Even2_304752	*
N	*	100	*	*	*	*	*	New.CleanUp.ReferenceOTU1978 Even3_388483	*
N	*	85	*	*	*	*	*	New.CleanUp.ReferenceOTU198 Even1_156937	*
N	*	82	*	*	*	*	*	New.CleanUp.ReferenceOTU1981 Even2_259866	*
N	*	100	*	*	*	*	*	New.CleanUp.ReferenceOTU1985 Even3_309903	*
N	*	100	*	*	*	*	*	New.CleanUp.ReferenceOTU1988 Even2_348687	*
N	*	100	*	*	*	*	*	New.CleanUp.ReferenceOTU1989 Even3_287381	*
N	*	100	*	*	*	*	*	New.CleanUp.ReferenceOTU1991 Even1_116629	*
N	*	82	*	*	*	*	*	New.CleanUp.ReferenceOTU1993 Even1_199978	*
N	*	96	*	*	*	*	*	New.CleanUp.ReferenceOTU1994 Even2_390595	*
N	*	100	*	*	*	*	*	New.CleanUp.ReferenceOTU2001 Even2_275474	*
N	*	91	*	*	*	*	*	New.CleanUp.ReferenceOTU2002 Even2_229618	*
N	*	84	*	*	*	*	*	New.CleanUp.ReferenceOTU2003 Even2_364823	*
N	*	83	*	*	*	*	*	New.CleanUp.ReferenceOTU2011 Even3_187512	*
N	*	100	*	*	*	*	*	New.CleanUp.ReferenceOTU2014 Even3_14713	*
N	*	100	*	*	*	*	*	New.CleanUp.ReferenceOTU2017 Even2_217045	*
N	*	100	*	*	*	*	*	New.CleanUp.ReferenceOTU202 Even1_372001	*
N	*	100	*	*	*	*	*	New.CleanUp.ReferenceOTU2026 Even1_375283	*
N	*	93	*	*	*	*	*	New.CleanUp.ReferenceOTU2028 Even3_66912	*
N	*	89	*	*	*	*	*	New.CleanUp.ReferenceOTU203 Even3_269218	*
N	*	94	*	*	*	*	*	New.CleanUp.ReferenceOTU2032 Even3_146055	*
N	*	100	*	*	*	*	*	New.CleanUp.ReferenceOTU2034 Even2_393472	*
N	*	100	*	*	*	*	*	New.CleanUp.ReferenceOTU2041 Even1_174923	*
N	*	100	*	*	*	*	*	New.CleanUp.ReferenceOTU2042 Even1_363558	*
N	*	76	*	*	*	*	*	New.CleanUp.ReferenceOTU2044 Even3_299927	*
N	*	100	*	*	*	*	*	New.CleanUp.ReferenceOTU2045 Even2_384465	*
N	*	100	*	*	*	*	*	New.CleanUp.ReferenceOTU2049 Even2_272596	*
N	*	80	*	*	*	*	*	New.CleanUp.ReferenceOTU2054 Even3_11999	*
N	*	100	*	*	*	*	*	New.CleanUp.ReferenceOTU2055 Even2_393618	*
N	*	85	*	*	*	*	*	New.CleanUp.ReferenceOTU2056 Even1_54229	*
N	*	81	*	*	*	*	*	New.CleanUp.ReferenceOTU2060 Even1_54220	*
N	*	87	*	*	*	*	*	New.CleanUp.ReferenceOTU2068 Even2_272599	*
N	*	100	*	*	*	*	*	New.CleanUp.ReferenceOTU207 Even1_153486	*
N	*	90	*	*	*	*	*	New.CleanUp.ReferenceOTU2072 Even2_386825	*
N	*	92	*	*	*	*	*	New.CleanUp.ReferenceOTU2074 Even3_375447	*
N	*	76	*	*	*	*	*	New.CleanUp.ReferenceOTU2083 Even2_280462	*
N	*	100	*	*	*	*	*	New.CleanUp.ReferenceOTU2087 Even1_362062	*
N	*	100	*	*	*	*	*	New.CleanUp.ReferenceOTU2089 Even2_169266	*
N	*	100	*	*	*	*	*	New.CleanUp.ReferenceOTU2090 Even3_381689	*
N	*	100	*	*	*	*	*	New.CleanUp.ReferenceOTU2109 Even1_309875	*
N	*	95	*	*	*	*	*	New.CleanUp.ReferenceOTU2110 Even1_315983	*
N	*	96	*	*	*	*	*	New.CleanUp.ReferenceOTU2112 Even2_377142	*
N	*	100	*	*	*	*	*	New.CleanUp.ReferenceOTU2114 Even1_314036	*
N	*	100	*	*	*	*	*	New.CleanUp.ReferenceOTU2118 Even1_378595	*
N	*	100	*	*	*	*	*	New.CleanUp.ReferenceOTU2123 Even2_161064	*
N	*	100	*	*	*	*	*	New.CleanUp.ReferenceOTU2124 Even2_381817	*
N	*	95	*	*	*	*	*	New.CleanUp.ReferenceOTU2125 Even2_381816	*
N	*	85	*	*	*	*	*	New.CleanUp.ReferenceOTU2126 Even1_141038	*
N	*	100	*	*	*	*	*	New.CleanUp.ReferenceOTU2127 Even2_381810	*
N	*	87	*	*	*	*	*	New.CleanUp.ReferenceOTU2128 Even1_247926	*
N	*	100	*	*	*	*	*	New.CleanUp.ReferenceOTU2133 Even2_46369	*
N	*	93	*	*	*	*	*	New.CleanUp.ReferenceOTU2138 Even1_313983	*
N	*	93	*	*	*	*	*	New.CleanUp.ReferenceOTU2145 Even1_296811	*
N	*	76	*	*	*	*	*	New.CleanUp.ReferenceOTU2146 Even3_94275	*
N	*	85	*	*	*	*	*	New.CleanUp.ReferenceOTU2148 Even1_20117	*
N	*	100	*	*	*	*	*	New.CleanUp.ReferenceOTU2153 Even1_36056	*
N	*	100	*	*	*	*	*	New.CleanUp.ReferenceOTU2161 Even1_341415	*
N	*	83	*	*	*	*	*	New.CleanUp.ReferenceOTU2162 Even3_394007	*
N	*	91	*	*	*	*	*	New.CleanUp.ReferenceOTU2167 Even2_274244	*
N	*	92	*	*	*	*	*	New.CleanUp.ReferenceOTU2169 Even1_132888	*
N	*	100	*	*	*	*	*	New.CleanUp.ReferenceOTU217 Even2_364430	*
N	*	100	*	*	*	*	*	New.CleanUp.ReferenceOTU2171 Even3_391010	*
N	*	100	*	*	*	*	*	New.CleanUp.ReferenceOTU2173 Even3_391015	*
N	*	100	*	*	*	*	*	New.CleanUp.ReferenceOTU2175 Even3_274187	*
N	*	100	*	*	*	*	*	New.CleanUp.ReferenceOTU2176 Even2_167191	*
N	*	100	*	*	*	*	*	New.CleanUp.ReferenceOTU2177 Even1_356483	*
N	*	80	*	*	*	*	*	New.CleanUp.ReferenceOTU2178 Even1_42872	*
N	*	84	*	*	*	*	*	New.CleanUp.ReferenceOTU218 Even3_298597	*
N	*	85	*	*	*	*	*	New.CleanUp.ReferenceOTU2181 Even2_296561	*
N	*	82	*	*	*	*	*	New.CleanUp.ReferenceOTU2184 Even2_293863	*
N	*	100	*	*	*	*	*	New.CleanUp.ReferenceOTU2193 Even2_297166	*
N	*	94	*	*	*	*	*	New.CleanUp.ReferenceOTU2196 Even2_300841	*
N	*	100	*	*	*	*	*	New.CleanUp.ReferenceOTU2198 Even3_168163	*
N	*	81	*	*	*	*	*	New.CleanUp.ReferenceOTU2199 Even1_11406	*
N	*	96	*	*	*	*	*	New.CleanUp.ReferenceOTU2202 Even3_93725	*
N	*	100	*	*	*	*	*	New.CleanUp.ReferenceOTU2207 Even1_394499	*
N	*	100	*	*	*	*	*	New.CleanUp.ReferenceOTU2213 Even1_106517	*
N	*	100	*	*	*	*	*	New.CleanUp.ReferenceOTU2221 Even3_281807	*
N	*	100	*	*	*	*	*	New.CleanUp.ReferenceOTU2222 Even3_277997	*
N	*	84	*	*	*	*	*	New.CleanUp.ReferenceOTU2237 Even3_276271	*
N	*	100	*	*	*	*	*	New.CleanUp.ReferenceOTU224 Even3_109961	*
N	*	100	*	*	*	*	*	New.CleanUp.ReferenceOTU2248 Even3_180932	*
N	*	94	*	*	*	*	*	New.CleanUp.ReferenceOTU2253 Even1_228907	*
N	*	100	*	*	*	*	*	New.CleanUp.ReferenceOTU2262 Even2_127718	*
N	*	85	*	*	*	*	*	New.CleanUp.ReferenceOTU2265 Even3_386761	*
N	*	100	*	*	*	*	*	New.CleanUp.ReferenceOTU2267 Even2_375543	*
N	*	76	*	*	*	*	*	New.CleanUp.ReferenceOTU2275 Even1_281668	*
N	*	100	*	*	*	*	*	New.CleanUp.ReferenceOTU228 Even3_393491	*
N	*	87	*	*	*	*	*	New.CleanUp.ReferenceOTU2290 Even3_58765	*
N	*	80	*	*	*	*	*	New.CleanUp.ReferenceOTU2293 Even2_277995	*
N	*	81	*	*	*	*	*	New.CleanUp.ReferenceOTU2295 Even3_301435	*
N	*	79	*	*	*	*	*	New.CleanUp.ReferenceOTU2297 Even2_251885	*
N	*	100	*	*	*	*	*	New.CleanUp.ReferenceOTU23 Even1_33865	*
N	*	96	*	*	*	*	*	New.CleanUp.ReferenceOTU230 Even3_356119	*
N	*	93	*	*	*	*	*	New.CleanUp.ReferenceOTU2302 Even1_266168	*
N	*	100	*	*	*	*	*	New.CleanUp.ReferenceOTU2303 Even3_206062	*
N	*	88	*	*	*	*	*	New.CleanUp.ReferenceOTU2307 Even2_274879	*
N	*	82	*	*	*	*	*	New.CleanUp.ReferenceOTU2316 Even3_393062	*
N	*	91	*	*	*	*	*	New.CleanUp.ReferenceOTU2318 Even2_270979	*
N	*	100	*	*	*	*	*	New.CleanUp.ReferenceOTU2322 Even1_314207	*
N	*	82	*	*	*	*	*	New.CleanUp.ReferenceOTU2324 Even3_397382	*
N	*	100	*	*	*	*	*	New.CleanUp.ReferenceOTU2331 Even2_256992	*
N	*	77	*	*	*	*	*	New.CleanUp.ReferenceOTU2336 Even1_378472	*
N	*	94	*	*	*	*	*	New.CleanUp.ReferenceOTU2347 Even3_327017	*
N	*	100	*	*	*	*	*	New.CleanUp.ReferenceOTU2348 Even1_53425	*
N	*	93	*	*	*	*	*	New.CleanUp.ReferenceOTU2350 Even3_23999	*
N	*	100	*	*	*	*	*	New.CleanUp.ReferenceOTU2352 Even1_309462	*
N	*	95	*	*	*	*	*	New.CleanUp.ReferenceOTU2357 Even2_277376	*
N	*	87	*	*	*	*	*	New.CleanUp.ReferenceOTU2360 Even2_198011	*
N	*	84	*	*	*	*	*	New.CleanUp.ReferenceOTU2361 Even3_305421	*
N	*	100	*	*	*	*	*	New.CleanUp.ReferenceOTU2367 Even1_310038	*
N	*	90	*	*	*	*	*	New.CleanUp.ReferenceOTU2368 Even2_12231	*
N	*	87	*	*	*	*	*	New.CleanUp.ReferenceOTU238 Even2_381708	*
N	*	86	*	*	*	*	*	New.CleanUp.ReferenceOTU2382 Even2_162348	*
N	*	76	*	*	*	*	*	New.CleanUp.ReferenceOTU2388 Even3_281592	*
N	*	96	*	*	*	*	*	New.CleanUp.ReferenceOTU2390 Even1_371722	*
N	*	100	*	*	*	*	*	New.CleanUp.ReferenceOTU2402 Even2_382307	*
N	*	100	*	*	*	*	*	New.CleanUp.ReferenceOTU2408 Even3_15606	*
N	*	81	*	*	*	*	*	New.CleanUp.ReferenceOTU2409 Even3_173396	*
N	*	82	*	*	*	*	*	New.CleanUp.ReferenceOTU2414 Even3_380766	*
N	*	76	*	*	*	*	*	New.CleanUp.ReferenceOTU2417 Even1_275292	*
N	*	96	*	*	*	*	*	New.CleanUp.ReferenceOTU2418 Even2_224364	*
N	*	95	*	*	*	*	*	New.CleanUp.ReferenceOTU2426 Even1_367742	*
N	*	81	*	*	*	*	*	New.CleanUp.ReferenceOTU2427 Even3_351821	*
N	*	94	*	*	*	*	*	New.CleanUp.ReferenceOTU2439 Even1_295096	*
N	*	100	*	*	*	*	*	New.CleanUp.ReferenceOTU2441 Even3_143295	*
N	*	100	*	*	*	*	*	New.CleanUp.ReferenceOTU2442 Even3_143297	*
N	*	85	*	*	*	*	*	New.CleanUp.ReferenceOTU2445 Even2_314348	*
N	*	100	*	*	*	*	*	New.CleanUp.ReferenceOTU2456 Even2_159849	*
N	*	93	*	*	*	*	*	New.CleanUp.ReferenceOTU246 Even2_22639	*
N	*	96	*	*	*	*	*	New.CleanUp.ReferenceOTU2460 Even1_4679	*
N	*	82	*	*	*	*	*	New.CleanUp.ReferenceOTU2466 Even2_397077	*
N	*	77	*	*	*	*	*	New.CleanUp.ReferenceOTU2467 Even3_151317	*
N	*	93	*	*	*	*	*	New.CleanUp.ReferenceOTU2468 Even1_159533	*
N	*	80	*	*	*	*	*	New.CleanUp.ReferenceOTU247 Even3_256772	*
N	*	96	*	*	*	*	*	New.CleanUp.ReferenceOTU2473 Even3_2272	*
N	*	95	*	*	*	*	*	New.CleanUp.ReferenceOTU2474 Even2_356993	*
N	*	91	*	*	*	*	*	New.CleanUp.ReferenceOTU2478 Even2_279010	*
N	*	93	*	*	*	*	*	New.CleanUp.ReferenceOTU248 Even3_79527	*
N	*	100	*	*	*	*	*	New.CleanUp.ReferenceOTU2484 Even3_323347	*
N	*	92	*	*	*	*	*	New.CleanUp.ReferenceOTU2485 Even3_88308	*
N	*	79	*	*	*	*	*	New.CleanUp.ReferenceOTU2487 Even1_224274	*
N	*	96	*	*	*	*	*	New.CleanUp.ReferenceOTU2492 Even1_310172	*
N	*	100	*	*	*	*	*	New.CleanUp.ReferenceOTU2493 Even1_196903	*
N	*	100	*	*	*	*	*	New.CleanUp.ReferenceOTU2497 Even2_136928	*
N	*	90	*	*	*	*	*	New.CleanUp.ReferenceOTU2498 Even2_393454	*
N	*	92	*	*	*	*	*	New.CleanUp.ReferenceOTU2499 Even2_274435	*
N	*	83	*	*	*	*	*	New.CleanUp.ReferenceOTU2505 Even2_91640	*
N	*	100	*	*	*	*	*	New.CleanUp.ReferenceOTU2507 Even3_375301	*
N	*	100	*	*	*	*	*	New.CleanUp.ReferenceOTU2509 Even3_375300	*
N	*	84	*	*	*	*	*	New.CleanUp.ReferenceOTU251 Even2_62120	*
N	*	100	*	*	*	*	*	New.CleanUp.ReferenceOTU2513 Even2_384445	*
N	*	86	*	*	*	*	*	New.CleanUp.ReferenceOTU2527 Even3_344491	*
N	*	82	*	*	*	*	*	New.CleanUp.ReferenceOTU253 Even3_299759	*
N	*	100	*	*	*	*	*	New.CleanUp.ReferenceOTU2530 Even2_388803	*
N	*	100	*	*	*	*	*	New.CleanUp.ReferenceOTU2532 Even2_393636	*
N	*	94	*	*	*	*	*	New.CleanUp.ReferenceOTU2534 Even2_393635	*
N	*	86	*	*	*	*	*	New.CleanUp.ReferenceOTU2555 Even1_57192	*
N	*	92	*	*	*	*	*	New.CleanUp.ReferenceOTU2557 Even1_282775	*
N	*	100	*	*	*	*	*	New.CleanUp.ReferenceOTU2564 Even1_384596	*
N	*	100	*	*	*	*	*	New.CleanUp.ReferenceOTU2566 Even1_318954	*
N	*	100	*	*	*	*	*	New.CleanUp.ReferenceOTU2572 Even2_346593	*
N	*	100	*	*	*	*	*	New.CleanUp.ReferenceOTU2575 Even2_360086	*
N	*	100	*	*	*	*	*	New.CleanUp.ReferenceOTU258 Even3_299750	*
N	*	77	*	*	*	*	*	New.CleanUp.ReferenceOTU2584 Even1_243688	*
N	*	85	*	*	*	*	*	New.CleanUp.ReferenceOTU2586 Even2_351618	*
N	*	81	*	*	*	*	*	New.CleanUp.ReferenceOTU2588 Even3_224807	*
N	*	100	*	*	*	*	*	New.CleanUp.ReferenceOTU2589 Even2_26394	*
N	*	100	*	*	*	*	*	New.CleanUp.ReferenceOTU2591 Even1_10307	*
N	*	79	*	*	*	*	*	New.CleanUp.ReferenceOTU2592 Even1_10650	*
N	*	94	*	*	*	*	*	New.CleanUp.ReferenceOTU2593 Even1_364224	*
N	*	89	*	*	*	*	*	New.CleanUp.ReferenceOTU2598 Even1_219495	*
N	*	100	*	*	*	*	*	New.CleanUp.ReferenceOTU26 Even2_297386	*
N	*	95	*	*	*	*	*	New.CleanUp.ReferenceOTU2600 Even3_300770	*
N	*	100	*	*	*	*	*	New.CleanUp.ReferenceOTU2602 Even3_183825	*
N	*	100	*	*	*	*	*	New.CleanUp.ReferenceOTU2607 Even1_257823	*
N	*	95	*	*	*	*	*	New.CleanUp.ReferenceOTU2609 Even2_386157	*
N	*	94	*	*	*	*	*	New.CleanUp.ReferenceOTU261 Even3_302023	*
N	*	100	*	*	*	*	*	New.CleanUp.ReferenceOTU2620 Even1_304399	*
N	*	78	*	*	*	*	*	New.CleanUp.ReferenceOTU2627 Even1_17175	*
N	*	78	*	*	*	*	*	New.CleanUp.ReferenceOTU2629 Even2_116900	*
N	*	100	*	*	*	*	*	New.CleanUp.ReferenceOTU263 Even3_371964	*
N	*	88	*	*	*	*	*	New.CleanUp.ReferenceOTU2630 Even1_226291	*
N	*	93	*	*	*	*	*	New.CleanUp.ReferenceOTU2632 Even1_225525	*
N	*	78	*	*	*	*	*	New.CleanUp.ReferenceOTU2635 Even1_323305	*
N	*	100	*	*	*	*	*	New.CleanUp.ReferenceOTU2637 Even1_42859	*
N	*	82	*	*	*	*	*	New.CleanUp.ReferenceOTU2638 Even2_112593	*
N	*	88	*	*	*	*	*	New.CleanUp.ReferenceOTU2641 Even2_225550	*
N	*	89	*	*	*	*	*	New.CleanUp.ReferenceOTU2649 Even3_296792	*
N	*	93	*	*	*	*	*	New.CleanUp.ReferenceOTU2655 Even1_381859	*
N	*	100	*	*	*	*	*	New.CleanUp.ReferenceOTU2657 Even3_375539	*
N	*	100	*	*	*	*	*	New.CleanUp.ReferenceOTU2664 Even3_378723	*
N	*	95	*	*	*	*	*	New.CleanUp.ReferenceOTU2666 Even2_148415	*
N	*	93	*	*	*	*	*	New.CleanUp.ReferenceOTU2668 Even1_357623	*
N	*	100	*	*	*	*	*	New.CleanUp.ReferenceOTU2674 Even3_397121	*
N	*	100	*	*	*	*	*	New.CleanUp.ReferenceOTU2675 Even1_360236	*
N	*	92	*	*	*	*	*	New.CleanUp.ReferenceOTU2680 Even1_280514	*
N	*	100	*	*	*	*	*	New.CleanUp.ReferenceOTU2682 Even1_396271	*
N	*	96	*	*	*	*	*	New.CleanUp.ReferenceOTU2685 Even3_276075	*
N	*	100	*	*	*	*	*	New.CleanUp.ReferenceOTU2688 Even1_265942	*
N	*	81	*	*	*	*	*	New.CleanUp.ReferenceOTU2691 Even3_333614	*
N	*	100	*	*	*	*	*	New.CleanUp.ReferenceOTU2693 Even1_11096	*
N	*	100	*	*	*	*	*	New.CleanUp.ReferenceOTU2702 Even3_359538	*
N	*	94	*	*	*	*	*	New.CleanUp.ReferenceOTU2709 Even2_372013	*
N	*	92	*	*	*	*	*	New.CleanUp.ReferenceOTU271 Even3_75410	*
N	*	100	*	*	*	*	*	New.CleanUp.ReferenceOTU2711 Even2_372011	*
N	*	91	*	*	*	*	*	New.CleanUp.ReferenceOTU2712 Even2_314404	*
N	*	83	*	*	*	*	*	New.CleanUp.ReferenceOTU2724 Even1_228290	*
N	*	96	*	*	*	*	*	New.CleanUp.ReferenceOTU2726 Even3_328217	*
N	*	87	*	*	*	*	*	New.CleanUp.ReferenceOTU2731 Even2_309408	*
N	*	90	*	*	*	*	*	New.CleanUp.ReferenceOTU2732 Even3_323234	*
N	*	81	*	*	*	*	*	New.CleanUp.ReferenceOTU2734 Even2_178867	*
N	*	83	*	*	*	*	*	New.CleanUp.ReferenceOTU2736 Even2_55953	*
N	*	80	*	*	*	*	*	New.CleanUp.ReferenceOTU2738 Even2_1803	*
N	*	92	*	*	*	*	*	New.CleanUp.ReferenceOTU2739 Even2_42112	*
N	*	83	*	*	*	*	*	New.CleanUp.ReferenceOTU2743 Even3_238236	*
N	*	100	*	*	*	*	*	New.CleanUp.ReferenceOTU2744 Even1_280991	*
N	*	85	*	*	*	*	*	New.CleanUp.ReferenceOTU2765 Even2_193506	*
N	*	92	*	*	*	*	*	New.CleanUp.ReferenceOTU2771 Even3_387528	*
N	*	85	*	*	*	*	*	New.CleanUp.ReferenceOTU2772 Even3_173070	*
N	*	100	*	*	*	*	*	New.CleanUp.ReferenceOTU2775 Even1_371380	*
N	*	100	*	*	*	*	*	New.CleanUp.ReferenceOTU2778 Even2_368592	*
N	*	90	*	*	*	*	*	New.CleanUp.ReferenceOTU2780 Even3_10943	*
N	*	85	*	*	*	*	*	New.CleanUp.ReferenceOTU2790 Even1_50243	*
N	*	87	*	*	*	*	*	New.CleanUp.ReferenceOTU2793 Even1_314228	*
N	*	100	*	*	*	*	*	New.CleanUp.ReferenceOTU280 Even1_359929	*
N	*	92	*	*	*	*	*	New.CleanUp.ReferenceOTU2800 Even3_280993	*
N	*	100	*	*	*	*	*	New.CleanUp.ReferenceOTU2803 Even3_71500	*
N	*	100	*	*	*	*	*	New.CleanUp.ReferenceOTU2805 Even3_294939	*
N	*	100	*	*	*	*	*	New.CleanUp.ReferenceOTU2807 Even2_100228	*
N	*	86	*	*	*	*	*	New.CleanUp.ReferenceOTU2811 Even1_305702	*
N	*	87	*	*	*	*	*	New.CleanUp.ReferenceOTU2813 Even1_209993	*
N	*	93	*	*	*	*	*	New.CleanUp.ReferenceOTU2816 Even3_299656	*
N	*	81	*	*	*	*	*	New.CleanUp.ReferenceOTU2821 Even2_338768	*
N	*	82	*	*	*	*	*	New.CleanUp.ReferenceOTU283 Even3_125163	*
N	*	91	*	*	*	*	*	New.CleanUp.ReferenceOTU2833 Even1_10847	*
N	*	100	*	*	*	*	*	New.CleanUp.ReferenceOTU2835 Even2_285180	*
N	*	82	*	*	*	*	*	New.CleanUp.ReferenceOTU2838 Even2_301958	*
N	*	100	*	*	*	*	*	New.CleanUp.ReferenceOTU284 Even2_371966	*
N	*	91	*	*	*	*	*	New.CleanUp.ReferenceOTU2844 Even1_249013	*
N	*	92	*	*	*	*	*	New.CleanUp.ReferenceOTU2847 Even1_287886	*
N	*	86	*	*	*	*	*	New.CleanUp.ReferenceOTU2848 Even2_234314	*
N	*	100	*	*	*	*	*	New.CleanUp.ReferenceOTU2851 Even2_250861	*
N	*	95	*	*	*	*	*	New.CleanUp.ReferenceOTU2853 Even1_376399	*
N	*	86	*	*	*	*	*	New.CleanUp.ReferenceOTU2854 Even2_35660	*
N	*	88	*	*	*	*	*	New.CleanUp.ReferenceOTU2857 Even1_368691	*
N	*	95	*	*	*	*	*	New.CleanUp.ReferenceOTU2859 Even1_368695	*
N	*	100	*	*	*	*	*	New.CleanUp.ReferenceOTU286 Even2_371962	*
N	*	86	*	*	*	*	*	New.CleanUp.ReferenceOTU2866 Even3_281641	*
N	*	95	*	*	*	*	*	New.CleanUp.ReferenceOTU2869 Even3_391992	*
N	*	80	*	*	*	*	*	New.CleanUp.ReferenceOTU2875 Even1_17546	*
N	*	96	*	*	*	*	*	New.CleanUp.ReferenceOTU2876 Even3_227243	*
N	*	100	*	*	*	*	*	New.CleanUp.ReferenceOTU2878 Even3_275423	*
N	*	100	*	*	*	*	*	New.CleanUp.ReferenceOTU2880 Even2_278035	*
N	*	100	*	*	*	*	*	New.CleanUp.ReferenceOTU2883 Even1_360534	*
N	*	100	*	*	*	*	*	New.CleanUp.ReferenceOTU2887 Even2_281482	*
N	*	100	*	*	*	*	*	New.CleanUp.ReferenceOTU2890 Even2_271005	*
N	*	96	*	*	*	*	*	New.CleanUp.ReferenceOTU2899 Even1_394759	*
N	*	76	*	*	*	*	*	New.CleanUp.ReferenceOTU290 Even3_321990	*
N	*	100	*	*	*	*	*	New.CleanUp.ReferenceOTU2901 Even3_280618	*
N	*	94	*	*	*	*	*	New.CleanUp.ReferenceOTU2902 Even3_364797	*
N	*	89	*	*	*	*	*	New.CleanUp.ReferenceOTU2906 Even2_280826	*
N	*	95	*	*	*	*	*	New.CleanUp.ReferenceOTU2921 Even1_364188	*
N	*	83	*	*	*	*	*	New.CleanUp.ReferenceOTU2922 Even1_281257	*
N	*	83	*	*	*	*	*	New.CleanUp.ReferenceOTU2923 Even3_387314	*
N	*	95	*	*	*	*	*	New.CleanUp.ReferenceOTU2927 Even1_397313	*
N	*	100	*	*	*	*	*	New.CleanUp.ReferenceOTU2930 Even3_372154	*
N	*	93	*	*	*	*	*	New.CleanUp.ReferenceOTU2931 Even2_395383	*
N	*	84	*	*	*	*	*	New.CleanUp.ReferenceOTU2934 Even1_95578	*
N	*	100	*	*	*	*	*	New.CleanUp.ReferenceOTU2935 Even3_200183	*
N	*	100	*	*	*	*	*	New.CleanUp.ReferenceOTU2937 Even3_99138	*
N	*	100	*	*	*	*	*	New.CleanUp.ReferenceOTU2938 Even3_378726	*
N	*	100	*	*	*	*	*	New.CleanUp.ReferenceOTU2939 Even1_111978	*
N	*	100	*	*	*	*	*	New.CleanUp.ReferenceOTU2942 Even3_364501	*
N	*	100	*	*	*	*	*	New.CleanUp.ReferenceOTU2945 Even2_136947	*
N	*	96	*	*	*	*	*	New.CleanUp.ReferenceOTU2946 Even1_366144	*
N	*	83	*	*	*	*	*	New.CleanUp.ReferenceOTU2950 Even2_174169	*
N	*	100	*	*	*	*	*	New.CleanUp.ReferenceOTU2951 Even2_217423	*
N	*	100	*	*	*	*	*	New.CleanUp.ReferenceOTU2954 Even3_265918	*
N	*	88	*	*	*	*	*	New.CleanUp.ReferenceOTU2956 Even3_155509	*
N	*	100	*	*	*	*	*	New.CleanUp.ReferenceOTU2957 Even2_367259	*
N	*	100	*	*	*	*	*	New.CleanUp.ReferenceOTU2961 Even2_384314	*
N	*	88	*	*	*	*	*	New.CleanUp.ReferenceOTU2964 Even1_280700	*
N	*	93	*	*	*	*	*	New.CleanUp.ReferenceOTU2972 Even1_323314	*
N	*	92	*	*	*	*	*	New.CleanUp.ReferenceOTU2974 Even1_266084	*
N	*	79	*	*	*	*	*	New.CleanUp.ReferenceOTU2977 Even1_310096	*
N	*	83	*	*	*	*	*	New.CleanUp.ReferenceOTU298 Even1_280460	*
N	*	100	*	*	*	*	*	New.CleanUp.ReferenceOTU2981 Even2_152497	*
N	*	100	*	*	*	*	*	New.CleanUp.ReferenceOTU2984 Even1_203481	*
N	*	100	*	*	*	*	*	New.CleanUp.ReferenceOTU2987 Even1_106245	*
N	*	96	*	*	*	*	*	New.CleanUp.ReferenceOTU299 Even3_364125	*
N	*	100	*	*	*	*	*	New.CleanUp.ReferenceOTU2994 Even3_386265	*
N	*	78	*	*	*	*	*	New.CleanUp.ReferenceOTU2999 Even1_101310	*
N	*	95	*	*	*	*	*	New.CleanUp.ReferenceOTU3 Even1_381514	*
N	*	100	*	*	*	*	*	New.CleanUp.ReferenceOTU3001 Even2_378902	*
N	*	100	*	*	*	*	*	New.CleanUp.ReferenceOTU3007 Even3_320666	*
N	*	100	*	*	*	*	*	New.CleanUp.ReferenceOTU3012 Even1_318796	*
N	*	100	*	*	*	*	*	New.CleanUp.ReferenceOTU3015 Even1_318124	*
N	*	100	*	*	*	*	*	New.CleanUp.ReferenceOTU3019 Even3_393455	*
N	*	100	*	*	*	*	*	New.CleanUp.ReferenceOTU3024 Even2_300622	*
N	*	77	*	*	*	*	*	New.CleanUp.ReferenceOTU3047 Even1_355536	*
N	*	100	*	*	*	*	*	New.CleanUp.ReferenceOTU3048 Even2_395448	*
N	*	93	*	*	*	*	*	New.CleanUp.ReferenceOTU3051 Even3_12025	*
N	*	100	*	*	*	*	*	New.CleanUp.ReferenceOTU3060 Even3_261320	*
N	*	100	*	*	*	*	*	New.CleanUp.ReferenceOTU3061 Even1_341632	*
N	*	100	*	*	*	*	*	New.CleanUp.ReferenceOTU3069 Even3_390906	*
N	*	100	*	*	*	*	*	New.CleanUp.ReferenceOTU3072 Even1_194120	*
N	*	81	*	*	*	*	*	New.CleanUp.ReferenceOTU3077 Even1_312895	*
N	*	91	*	*	*	*	*	New.CleanUp.ReferenceOTU3079 Even2_360570	*
N	*	90	*	*	*	*	*	New.CleanUp.ReferenceOTU3081 Even2_385997	*
N	*	100	*	*	*	*	*	New.CleanUp.ReferenceOTU3085 Even1_173628	*
N	*	100	*	*	*	*	*	New.CleanUp.ReferenceOTU3089 Even1_364394	*
N	*	91	*	*	*	*	*	New.CleanUp.ReferenceOTU3093 Even3_276448	*
N	*	100	*	*	*	*	*	New.CleanUp.ReferenceOTU3099 Even2_81171	*
N	*	100	*	*	*	*	*	New.CleanUp.ReferenceOTU31 Even2_388677	*
N	*	76	*	*	*	*	*	New.CleanUp.ReferenceOTU310 Even3_318324	*
N	*	100	*	*	*	*	*	New.CleanUp.ReferenceOTU3105 Even2_9021	*
N	*	94	*	*	*	*	*	New.CleanUp.ReferenceOTU3110 Even2_26840	*
N	*	100	*	*	*	*	*	New.CleanUp.ReferenceOTU3111 Even2_322997	*
N	*	100	*	*	*	*	*	New.CleanUp.ReferenceOTU3113 Even1_332424	*
N	*	80	*	*	*	*	*	New.CleanUp.ReferenceOTU3116 Even2_45675	*
N	*	79	*	*	*	*	*	New.CleanUp.ReferenceOTU3117 Even2_397503	*
N	*	100	*	*	*	*	*	New.CleanUp.ReferenceOTU3120 Even2_186193	*
N	*	83	*	*	*	*	*	New.CleanUp.ReferenceOTU3122 Even2_397050	*
N	*	100	*	*	*	*	*	New.CleanUp.ReferenceOTU3123 Even2_28914	*
N	*	100	*	*	*	*	*	New.CleanUp.ReferenceOTU3130 Even1_275665	*
N	*	95	*	*	*	*	*	New.CleanUp.ReferenceOTU3131 Even3_375089	*
N	*	100	*	*	*	*	*	New.CleanUp.ReferenceOTU3132 Even1_32435	*
N	*	78	*	*	*	*	*	New.CleanUp.ReferenceOTU3138 Even3_145414	*
N	*	100	*	*	*	*	*	New.CleanUp.ReferenceOTU3140 Even3_395310	*
N	*	100	*	*	*	*	*	New.CleanUp.ReferenceOTU3145 Even2_390144	*
N	*	100	*	*	*	*	*	New.CleanUp.ReferenceOTU315 Even2_386608	*
N	*	94	*	*	*	*	*	New.CleanUp.ReferenceOTU3150 Even3_337785	*
N	*	85	*	*	*	*	*	New.CleanUp.ReferenceOTU3162 Even1_323412	*
N	*	82	*	*	*	*	*	New.CleanUp.ReferenceOTU3164 Even1_293452	*
N	*	94	*	*	*	*	*	New.CleanUp.ReferenceOTU3165 Even3_322987	*
N	*	81	*	*	*	*	*	New.CleanUp.ReferenceOTU3174 Even2_19812	*
N	*	91	*	*	*	*	*	New.CleanUp.ReferenceOTU3176 Even3_181166	*
N	*	100	*	*	*	*	*	New.CleanUp.ReferenceOTU3177 Even1_298484	*
N	*	89	*	*	*	*	*	New.CleanUp.ReferenceOTU318 Even3_371740	*
N	*	79	*	*	*	*	*	New.CleanUp.ReferenceOTU3182 Even1_330489	*
N	*	100	*	*	*	*	*	New.CleanUp.ReferenceOTU3186 Even3_346486	*
N	*	88	*	*	*	*	*	New.CleanUp.ReferenceOTU3194 Even3_58543	*
N	*	95	*	*	*	*	*	New.CleanUp.ReferenceOTU3198 Even3_287409	*
N	*	92	*	*	*	*	*	New.CleanUp.ReferenceOTU3199 Even1_286936	*
N	*	82	*	*	*	*	*	New.CleanUp.ReferenceOTU3200 Even1_229896	*
N	*	100	*	*	*	*	*	New.CleanUp.ReferenceOTU3201 Even2_281295	*
N	*	100	*	*	*	*	*	New.CleanUp.ReferenceOTU3202 Even2_117768	*
N	*	82	*	*	*	*	*	New.CleanUp.ReferenceOTU3212 Even3_17267	*
N	*	85	*	*	*	*	*	New.CleanUp.ReferenceOTU3215 Even3_328493	*
N	*	84	*	*	*	*	*	New.CleanUp.ReferenceOTU3217 Even3_314297	*
N	*	82	*	*	*	*	*	New.CleanUp.ReferenceOTU3221 Even3_264528	*
N	*	93	*	*	*	*	*	New.CleanUp.ReferenceOTU3223 Even2_168325	*
N	*	77	*	*	*	*	*	New.CleanUp.ReferenceOTU3224 Even1_229093	*
N	*	77	*	*	*	*	*	New.CleanUp.ReferenceOTU3226 Even1_170475	*
N	*	81	*	*	*	*	*	New.CleanUp.ReferenceOTU3227 Even3_26681	*
N	*	82	*	*	*	*	*	New.CleanUp.ReferenceOTU3228 Even2_221903	*
N	*	100	*	*	*	*	*	New.CleanUp.ReferenceOTU323 Even3_276422	*
N	*	100	*	*	*	*	*	New.CleanUp.ReferenceOTU3232 Even1_4947	*
N	*	79	*	*	*	*	*	New.CleanUp.ReferenceOTU3233 Even1_124181	*
N	*	100	*	*	*	*	*	New.CleanUp.ReferenceOTU3238 Even3_284187	*
N	*	82	*	*	*	*	*	New.CleanUp.ReferenceOTU3240 Even2_63793	*
N	*	90	*	*	*	*	*	New.CleanUp.ReferenceOTU3243 Even3_245928	*
N	*	92	*	*	*	*	*	New.CleanUp.ReferenceOTU3244 Even3_76729	*
N	*	100	*	*	*	*	*	New.CleanUp.ReferenceOTU3251 Even3_377622	*
N	*	100	*	*	*	*	*	New.CleanUp.ReferenceOTU3260 Even1_389079	*
N	*	96	*	*	*	*	*	New.CleanUp.ReferenceOTU3262 Even3_360300	*
N	*	100	*	*	*	*	*	New.CleanUp.ReferenceOTU3266 Even3_346915	*
N	*	100	*	*	*	*	*	New.CleanUp.ReferenceOTU3272 Even2_145907	*
N	*	100	*	*	*	*	*	New.CleanUp.ReferenceOTU3273 Even3_275738	*
N	*	95	*	*	*	*	*	New.CleanUp.ReferenceOTU3292 Even1_390788	*
N	*	92	*	*	*	*	*	New.CleanUp.ReferenceOTU3311 Even2_390996	*
N	*	100	*	*	*	*	*	New.CleanUp.ReferenceOTU3314 Even1_283415	*
N	*	82	*	*	*	*	*	New.CleanUp.ReferenceOTU3318 Even3_11735	*
N	*	100	*	*	*	*	*	New.CleanUp.ReferenceOTU332 Even2_390724	*
N	*	100	*	*	*	*	*	New.CleanUp.ReferenceOTU3324 Even2_370772	*
N	*	100	*	*	*	*	*	New.CleanUp.ReferenceOTU3326 Even1_346434	*
N	*	96	*	*	*	*	*	New.CleanUp.ReferenceOTU333 Even2_390727	*
N	*	100	*	*	*	*	*	New.CleanUp.ReferenceOTU3337 Even2_356099	*
N	*	81	*	*	*	*	*	New.CleanUp.ReferenceOTU334 Even1_360385	*
N	*	100	*	*	*	*	*	New.CleanUp.ReferenceOTU3342 Even1_334227	*
N	*	100	*	*	*	*	*	New.CleanUp.ReferenceOTU3343 Even3_74064	*
N	*	89	*	*	*	*	*	New.CleanUp.ReferenceOTU3346 Even2_283847	*
N	*	100	*	*	*	*	*	New.CleanUp.ReferenceOTU3347 Even2_391151	*
N	*	95	*	*	*	*	*	New.CleanUp.ReferenceOTU3350 Even1_360084	*
N	*	92	*	*	*	*	*	New.CleanUp.ReferenceOTU3353 Even2_278019	*
N	*	79	*	*	*	*	*	New.CleanUp.ReferenceOTU3368 Even1_341373	*
N	*	91	*	*	*	*	*	New.CleanUp.ReferenceOTU3370 Even2_271068	*
N	*	100	*	*	*	*	*	New.CleanUp.ReferenceOTU3372 Even2_354499	*
N	*	96	*	*	*	*	*	New.CleanUp.ReferenceOTU3373 Even3_363793	*
N	*	82	*	*	*	*	*	New.CleanUp.ReferenceOTU3376 Even1_85259	*
N	*	100	*	*	*	*	*	New.CleanUp.ReferenceOTU3383 Even3_368410	*
N	*	100	*	*	*	*	*	New.CleanUp.ReferenceOTU3384 Even3_384353	*
N	*	100	*	*	*	*	*	New.CleanUp.ReferenceOTU3388 Even3_384428	*
N	*	91	*	*	*	*	*	New.CleanUp.ReferenceOTU339 Even3_143843	*
N	*	100	*	*	*	*	*	New.CleanUp.ReferenceOTU340 Even3_391095	*
N	*	93	*	*	*	*	*	New.CleanUp.ReferenceOTU3405 Even3_388717	*
N	*	92	*	*	*	*	*	New.CleanUp.ReferenceOTU3406 Even3_388714	*
N	*	100	*	*	*	*	*	New.CleanUp.ReferenceOTU341 Even2_287477	*
N	*	100	*	*	*	*	*	New.CleanUp.ReferenceOTU3416 Even3_266119	*
N	*	96	*	*	*	*	*	New.CleanUp.ReferenceOTU3418 Even2_313658	*
N	*	100	*	*	*	*	*	New.CleanUp.ReferenceOTU3427 Even3_267199	*
N	*	100	*	*	*	*	*	New.CleanUp.ReferenceOTU343 Even2_314209	*
N	*	100	*	*	*	*	*	New.CleanUp.ReferenceOTU3430 Even3_356400	*
N	*	100	*	*	*	*	*	New.CleanUp.ReferenceOTU3433 Even3_290375	*
N	*	100	*	*	*	*	*	New.CleanUp.ReferenceOTU3438 Even1_252151	*
N	*	76	*	*	*	*	*	New.CleanUp.ReferenceOTU3441 Even1_390810	*
N	*	96	*	*	*	*	*	New.CleanUp.ReferenceOTU3442 Even2_332660	*
N	*	88	*	*	*	*	*	New.CleanUp.ReferenceOTU3445 Even1_277139	*
N	*	100	*	*	*	*	*	New.CleanUp.ReferenceOTU3449 Even2_323320	*
N	*	82	*	*	*	*	*	New.CleanUp.ReferenceOTU345 Even3_397190	*
N	*	100	*	*	*	*	*	New.CleanUp.ReferenceOTU3450 Even3_351328	*
N	*	94	*	*	*	*	*	New.CleanUp.ReferenceOTU3452 Even2_367275	*
N	*	91	*	*	*	*	*	New.CleanUp.ReferenceOTU3454 Even3_263567	*
N	*	100	*	*	*	*	*	New.CleanUp.ReferenceOTU3455 Even2_384376	*
N	*	83	*	*	*	*	*	New.CleanUp.ReferenceOTU3456 Even3_313527	*
N	*	95	*	*	*	*	*	New.CleanUp.ReferenceOTU3459 Even1_302276	*
N	*	83	*	*	*	*	*	New.CleanUp.ReferenceOTU3463 Even1_106225	*
N	*	81	*	*	*	*	*	New.CleanUp.ReferenceOTU3465 Even3_376720	*
N	*	100	*	*	*	*	*	New.CleanUp.ReferenceOTU3467 Even1_375445	*
N	*	82	*	*	*	*	*	New.CleanUp.ReferenceOTU3468 Even2_267720	*
N	*	92	*	*	*	*	*	New.CleanUp.ReferenceOTU3469 Even2_267722	*
N	*	95	*	*	*	*	*	New.CleanUp.ReferenceOTU3473 Even3_144319	*
N	*	85	*	*	*	*	*	New.CleanUp.ReferenceOTU3482 Even3_102942	*
N	*	89	*	*	*	*	*	New.CleanUp.ReferenceOTU3485 Even2_371140	*
N	*	93	*	*	*	*	*	New.CleanUp.ReferenceOTU3486 Even2_371141	*
N	*	100	*	*	*	*	*	New.CleanUp.ReferenceOTU3489 Even3_341771	*
N	*	76	*	*	*	*	*	New.CleanUp.ReferenceOTU3492 Even1_314583	*
N	*	92	*	*	*	*	*	New.CleanUp.ReferenceOTU3494 Even3_386247	*
N	*	87	*	*	*	*	*	New.CleanUp.ReferenceOTU3495 Even3_281320	*
N	*	100	*	*	*	*	*	New.CleanUp.ReferenceOTU35 Even2_388679	*
N	*	85	*	*	*	*	*	New.CleanUp.ReferenceOTU350 Even2_356705	*
N	*	100	*	*	*	*	*	New.CleanUp.ReferenceOTU3507 Even3_224599	*
N	*	95	*	*	*	*	*	New.CleanUp.ReferenceOTU351 Even1_281738	*
N	*	77	*	*	*	*	*	New.CleanUp.ReferenceOTU3510 Even2_306131	*
N	*	100	*	*	*	*	*	New.CleanUp.ReferenceOTU3511 Even1_146203	*
N	*	100	*	*	*	*	*	New.CleanUp.ReferenceOTU3512 Even2_317487	*
N	*	100	*	*	*	*	*	New.CleanUp.ReferenceOTU3513 Even1_154212	*
N	*	93	*	*	*	*	*	New.CleanUp.ReferenceOTU352 Even1_33575	*
N	*	80	*	*	*	*	*	New.CleanUp.ReferenceOTU3523 Even1_145243	*
N	*	82	*	*	*	*	*	New.CleanUp.ReferenceOTU3526 Even1_101236	*
N	*	100	*	*	*	*	*	New.CleanUp.ReferenceOTU3528 Even1_99877	*
N	*	91	*	*	*	*	*	New.CleanUp.ReferenceOTU353 Even1_33570	*
N	*	100	*	*	*	*	*	New.CleanUp.ReferenceOTU3531 Even1_173296	*
N	*	90	*	*	*	*	*	New.CleanUp.ReferenceOTU3537 Even3_381738	*
N	*	82	*	*	*	*	*	New.CleanUp.ReferenceOTU3539 Even3_12340	*
N	*	100	*	*	*	*	*	New.CleanUp.ReferenceOTU3541 Even2_112004	*
N	*	100	*	*	*	*	*	New.CleanUp.ReferenceOTU355 Even1_351310	*
N	*	83	*	*	*	*	*	New.CleanUp.ReferenceOTU3553 Even2_397086	*
N	*	92	*	*	*	*	*	New.CleanUp.ReferenceOTU3565 Even1_364372	*
N	*	81	*	*	*	*	*	New.CleanUp.ReferenceOTU3569 Even2_397314	*
N	*	94	*	*	*	*	*	New.CleanUp.ReferenceOTU357 Even3_154120	*
N	*	100	*	*	*	*	*	New.CleanUp.ReferenceOTU3570 Even3_101609	*
N	*	83	*	*	*	*	*	New.CleanUp.ReferenceOTU3571 Even1_82066	*
N	*	100	*	*	*	*	*	New.CleanUp.ReferenceOTU3575 Even1_305269	*
N	*	100	*	*	*	*	*	New.CleanUp.ReferenceOTU3577 Even3_375710	*
N	*	100	*	*	*	*	*	New.CleanUp.ReferenceOTU3578 Even3_378896	*
N	*	100	*	*	*	*	*	New.CleanUp.ReferenceOTU3579 Even2_15927	*
N	*	100	*	*	*	*	*	New.CleanUp.ReferenceOTU3581 Even2_3026	*
N	*	100	*	*	*	*	*	New.CleanUp.ReferenceOTU3582 Even2_279021	*
N	*	85	*	*	*	*	*	New.CleanUp.ReferenceOTU3586 Even1_300720	*
N	*	90	*	*	*	*	*	New.CleanUp.ReferenceOTU359 Even3_334232	*
N	*	100	*	*	*	*	*	New.CleanUp.ReferenceOTU3596 Even2_274223	*
N	*	81	*	*	*	*	*	New.CleanUp.ReferenceOTU36 Even1_50286	*
N	*	100	*	*	*	*	*	New.CleanUp.ReferenceOTU361 Even1_61657	*
N	*	100	*	*	*	*	*	New.CleanUp.ReferenceOTU3614 Even1_1402	*
N	*	83	*	*	*	*	*	New.CleanUp.ReferenceOTU3620 Even3_395337	*
N	*	94	*	*	*	*	*	New.CleanUp.ReferenceOTU3621 Even3_395334	*
N	*	100	*	*	*	*	*	New.CleanUp.ReferenceOTU3625 Even3_396832	*
N	*	96	*	*	*	*	*	New.CleanUp.ReferenceOTU3628 Even2_179847	*
N	*	100	*	*	*	*	*	New.CleanUp.ReferenceOTU3632 Even2_267833	*
N	*	100	*	*	*	*	*	New.CleanUp.ReferenceOTU3633 Even2_297498	*
N	*	86	*	*	*	*	*	New.CleanUp.ReferenceOTU3637 Even1_59263	*
N	*	100	*	*	*	*	*	New.CleanUp.ReferenceOTU3639 Even2_356685	*
N	*	80	*	*	*	*	*	New.CleanUp.ReferenceOTU3641 Even2_289609	*
N	*	91	*	*	*	*	*	New.CleanUp.ReferenceOTU3645 Even1_171032	*
N	*	100	*	*	*	*	*	New.CleanUp.ReferenceOTU365 Even3_314060	*
N	*	88	*	*	*	*	*	New.CleanUp.ReferenceOTU3652 Even2_372054	*
N	*	100	*	*	*	*	*	New.CleanUp.ReferenceOTU3653 Even3_384653	*
N	*	96	*	*	*	*	*	New.CleanUp.ReferenceOTU3655 Even2_10523	*
N	*	81	*	*	*	*	*	New.CleanUp.ReferenceOTU3657 Even3_292095	*
N	*	100	*	*	*	*	*	New.CleanUp.ReferenceOTU366 Even3_368330	*
N	*	100	*	*	*	*	*	New.CleanUp.ReferenceOTU3661 Even3_269483	*
N	*	76	*	*	*	*	*	New.CleanUp.ReferenceOTU3662 Even3_371635	*
N	*	80	*	*	*	*	*	New.CleanUp.ReferenceOTU3664 Even3_272199	*
N	*	81	*	*	*	*	*	New.CleanUp.ReferenceOTU3668 Even1_220895	*
N	*	100	*	*	*	*	*	New.CleanUp.ReferenceOTU3671 Even2_314114	*
N	*	100	*	*	*	*	*	New.CleanUp.ReferenceOTU3672 Even3_395177	*
N	*	95	*	*	*	*	*	New.CleanUp.ReferenceOTU3673 Even1_375143	*
N	*	100	*	*	*	*	*	New.CleanUp.ReferenceOTU3679 Even3_127453	*
N	*	96	*	*	*	*	*	New.CleanUp.ReferenceOTU368 Even3_384230	*
N	*	100	*	*	*	*	*	New.CleanUp.ReferenceOTU3682 Even2_394976	*
N	*	93	*	*	*	*	*	New.CleanUp.ReferenceOTU3683 Even2_201839	*
N	*	92	*	*	*	*	*	New.CleanUp.ReferenceOTU3687 Even3_267059	*
N	*	95	*	*	*	*	*	New.CleanUp.ReferenceOTU3688 Even2_333276	*
N	*	85	*	*	*	*	*	New.CleanUp.ReferenceOTU3689 Even1_323432	*
N	*	90	*	*	*	*	*	New.CleanUp.ReferenceOTU3694 Even1_328511	*
N	*	94	*	*	*	*	*	New.CleanUp.ReferenceOTU37 Even1_346507	*
N	*	76	*	*	*	*	*	New.CleanUp.ReferenceOTU3704 Even1_377783	*
N	*	81	*	*	*	*	*	New.CleanUp.ReferenceOTU3712 Even2_368888	*
N	*	79	*	*	*	*	*	New.CleanUp.ReferenceOTU372 Even1_82532	*
N	*	76	*	*	*	*	*	New.CleanUp.ReferenceOTU3721 Even1_124167	*
N	*	88	*	*	*	*	*	New.CleanUp.ReferenceOTU3723 Even1_284803	*
N	*	100	*	*	*	*	*	New.CleanUp.ReferenceOTU3734 Even1_378630	*
N	*	100	*	*	*	*	*	New.CleanUp.ReferenceOTU3736 Even2_224918	*
N	*	94	*	*	*	*	*	New.CleanUp.ReferenceOTU3738 Even2_191380	*
N	*	93	*	*	*	*	*	New.CleanUp.ReferenceOTU3747 Even3_234157	*
N	*	80	*	*	*	*	*	New.CleanUp.ReferenceOTU3748 Even3_12803	*
N	*	95	*	*	*	*	*	New.CleanUp.ReferenceOTU3749 Even1_276053	*
N	*	90	*	*	*	*	*	New.CleanUp.ReferenceOTU3751 Even2_55003	*
N	*	100	*	*	*	*	*	New.CleanUp.ReferenceOTU376 Even2_302119	*
N	*	96	*	*	*	*	*	New.CleanUp.ReferenceOTU3763 Even2_145961	*
N	*	100	*	*	*	*	*	New.CleanUp.ReferenceOTU3766 Even3_393552	*
N	*	91	*	*	*	*	*	New.CleanUp.ReferenceOTU3772 Even3_393445	*
N	*	82	*	*	*	*	*	New.CleanUp.ReferenceOTU3774 Even3_136173	*
N	*	93	*	*	*	*	*	New.CleanUp.ReferenceOTU3777 Even3_299617	*
N	*	82	*	*	*	*	*	New.CleanUp.ReferenceOTU378 Even2_30943	*
N	*	86	*	*	*	*	*	New.CleanUp.ReferenceOTU3790 Even1_368526	*
N	*	77	*	*	*	*	*	New.CleanUp.ReferenceOTU3803 Even1_391428	*
N	*	95	*	*	*	*	*	New.CleanUp.ReferenceOTU3809 Even2_388721	*
N	*	100	*	*	*	*	*	New.CleanUp.ReferenceOTU3810 Even1_150253	*
N	*	96	*	*	*	*	*	New.CleanUp.ReferenceOTU3811 Even2_386077	*
N	*	100	*	*	*	*	*	New.CleanUp.ReferenceOTU3812 Even3_5256	*
N	*	88	*	*	*	*	*	New.CleanUp.ReferenceOTU3813 Even2_378562	*
N	*	100	*	*	*	*	*	New.CleanUp.ReferenceOTU3820 Even3_10897	*
N	*	94	*	*	*	*	*	New.CleanUp.ReferenceOTU3823 Even2_314323	*
N	*	100	*	*	*	*	*	New.CleanUp.ReferenceOTU3827 Even1_367725	*
N	*	100	*	*	*	*	*	New.CleanUp.ReferenceOTU3828 Even1_212556	*
N	*	79	*	*	*	*	*	New.CleanUp.ReferenceOTU383 Even1_372134	*
N	*	100	*	*	*	*	*	New.CleanUp.ReferenceOTU3832 Even1_96499	*
N	*	76	*	*	*	*	*	New.CleanUp.ReferenceOTU3835 Even3_274627	*
N	*	78	*	*	*	*	*	New.CleanUp.ReferenceOTU3836 Even1_280928	*
N	*	77	*	*	*	*	*	New.CleanUp.ReferenceOTU3837 Even3_208785	*
N	*	92	*	*	*	*	*	New.CleanUp.ReferenceOTU3839 Even1_170211	*
N	*	100	*	*	*	*	*	New.CleanUp.ReferenceOTU385 Even2_375412	*
N	*	96	*	*	*	*	*	New.CleanUp.ReferenceOTU3851 Even3_380095	*
N	*	94	*	*	*	*	*	New.CleanUp.ReferenceOTU3852 Even3_119889	*
N	*	96	*	*	*	*	*	New.CleanUp.ReferenceOTU3860 Even2_271042	*
N	*	95	*	*	*	*	*	New.CleanUp.ReferenceOTU3861 Even1_281036	*
N	*	100	*	*	*	*	*	New.CleanUp.ReferenceOTU3863 Even3_19672	*
N	*	77	*	*	*	*	*	New.CleanUp.ReferenceOTU3864 Even3_232833	*
N	*	92	*	*	*	*	*	New.CleanUp.ReferenceOTU3869 Even3_384403	*
N	*	91	*	*	*	*	*	New.CleanUp.ReferenceOTU387 Even1_271075	*
N	*	100	*	*	*	*	*	New.CleanUp.ReferenceOTU3874 Even2_71968	*
N	*	100	*	*	*	*	*	New.CleanUp.ReferenceOTU388 Even1_218497	*
N	*	100	*	*	*	*	*	New.CleanUp.ReferenceOTU3881 Even3_266281	*
N	*	91	*	*	*	*	*	New.CleanUp.ReferenceOTU3883 Even2_395345	*
N	*	91	*	*	*	*	*	New.CleanUp.ReferenceOTU3885 Even2_395347	*
N	*	100	*	*	*	*	*	New.CleanUp.ReferenceOTU3889 Even3_276196	*
N	*	100	*	*	*	*	*	New.CleanUp.ReferenceOTU389 Even2_251919	*
N	*	100	*	*	*	*	*	New.CleanUp.ReferenceOTU3893 Even2_8127	*
N	*	100	*	*	*	*	*	New.CleanUp.ReferenceOTU3894 Even3_388770	*
N	*	95	*	*	*	*	*	New.CleanUp.ReferenceOTU3895 Even1_305703	*
N	*	100	*	*	*	*	*	New.CleanUp.ReferenceOTU3896 Even2_96150	*
N	*	89	*	*	*	*	*	New.CleanUp.ReferenceOTU3899 Even3_82774	*
N	*	100	*	*	*	*	*	New.CleanUp.ReferenceOTU390 Even1_302100	*
N	*	100	*	*	*	*	*	New.CleanUp.ReferenceOTU3906 Even2_263883	*
N	*	93	*	*	*	*	*	New.CleanUp.ReferenceOTU3912 Even2_275745	*
N	*	91	*	*	*	*	*	New.CleanUp.ReferenceOTU3914 Even2_275747	*
N	*	100	*	*	*	*	*	New.CleanUp.ReferenceOTU3921 Even1_143237	*
N	*	84	*	*	*	*	*	New.CleanUp.ReferenceOTU3923 Even2_212414	*
N	*	93	*	*	*	*	*	New.CleanUp.ReferenceOTU3925 Even3_297466	*
N	*	95	*	*	*	*	*	New.CleanUp.ReferenceOTU3926 Even1_371346	*
N	*	89	*	*	*	*	*	New.CleanUp.ReferenceOTU3927 Even2_302051	*
N	*	93	*	*	*	*	*	New.CleanUp.ReferenceOTU393 Even2_290172	*
N	*	76	*	*	*	*	*	New.CleanUp.ReferenceOTU3942 Even3_266188	*
N	*	100	*	*	*	*	*	New.CleanUp.ReferenceOTU3943 Even3_329932	*
N	*	100	*	*	*	*	*	New.CleanUp.ReferenceOTU3945 Even1_92490	*
N	*	76	*	*	*	*	*	New.CleanUp.ReferenceOTU3946 Even1_278868	*
N	*	100	*	*	*	*	*	New.CleanUp.ReferenceOTU3948 Even2_125030	*
N	*	100	*	*	*	*	*	New.CleanUp.ReferenceOTU3949 Even3_126642	*
N	*	100	*	*	*	*	*	New.CleanUp.ReferenceOTU3953 Even3_280657	*
N	*	100	*	*	*	*	*	New.CleanUp.ReferenceOTU3954 Even1_117051	*
N	*	85	*	*	*	*	*	New.CleanUp.ReferenceOTU3955 Even2_281557	*
N	*	94	*	*	*	*	*	New.CleanUp.ReferenceOTU3956 Even2_280908	*
N	*	94	*	*	*	*	*	New.CleanUp.ReferenceOTU3974 Even1_296929	*
N	*	82	*	*	*	*	*	New.CleanUp.ReferenceOTU3976 Even2_37270	*
N	*	94	*	*	*	*	*	New.CleanUp.ReferenceOTU398 Even1_375299	*
N	*	90	*	*	*	*	*	New.CleanUp.ReferenceOTU3980 Even3_156016	*
N	*	80	*	*	*	*	*	New.CleanUp.ReferenceOTU3983 Even3_247590	*
N	*	86	*	*	*	*	*	New.CleanUp.ReferenceOTU3986 Even1_318931	*
N	*	100	*	*	*	*	*	New.CleanUp.ReferenceOTU399 Even2_393577	*
N	*	100	*	*	*	*	*	New.CleanUp.ReferenceOTU3999 Even1_123654	*
N	*	100	*	*	*	*	*	New.CleanUp.ReferenceOTU4003 Even1_159315	*
N	*	84	*	*	*	*	*	New.CleanUp.ReferenceOTU4009 Even3_397061	*
N	*	100	*	*	*	*	*	New.CleanUp.ReferenceOTU4019 Even2_375086	*
N	*	83	*	*	*	*	*	New.CleanUp.ReferenceOTU402 Even1_202763	*
N	*	94	*	*	*	*	*	New.CleanUp.ReferenceOTU4026 Even3_162018	*
N	*	80	*	*	*	*	*	New.CleanUp.ReferenceOTU4028 Even1_149131	*
N	*	80	*	*	*	*	*	New.CleanUp.ReferenceOTU4033 Even1_218392	*
N	*	95	*	*	*	*	*	New.CleanUp.ReferenceOTU4043 Even3_390941	*
N	*	77	*	*	*	*	*	New.CleanUp.ReferenceOTU4045 Even1_364353	*
N	*	89	*	*	*	*	*	New.CleanUp.ReferenceOTU4047 Even1_299312	*
N	*	77	*	*	*	*	*	New.CleanUp.ReferenceOTU4048 Even1_310759	*
N	*	94	*	*	*	*	*	New.CleanUp.ReferenceOTU405 Even3_264433	*
N	*	100	*	*	*	*	*	New.CleanUp.ReferenceOTU4057 Even3_166868	*
N	*	78	*	*	*	*	*	New.CleanUp.ReferenceOTU4059 Even2_310769	*
N	*	94	*	*	*	*	*	New.CleanUp.ReferenceOTU4061 Even1_301563	*
N	*	84	*	*	*	*	*	New.CleanUp.ReferenceOTU4066 Even1_104191	*
N	*	100	*	*	*	*	*	New.CleanUp.ReferenceOTU407 Even3_265818	*
N	*	100	*	*	*	*	*	New.CleanUp.ReferenceOTU4071 Even3_69866	*
N	*	86	*	*	*	*	*	New.CleanUp.ReferenceOTU4075 Even1_104227	*
N	*	100	*	*	*	*	*	New.CleanUp.ReferenceOTU4077 Even3_4815	*
N	*	85	*	*	*	*	*	New.CleanUp.ReferenceOTU4079 Even1_62532	*
N	*	100	*	*	*	*	*	New.CleanUp.ReferenceOTU4080 Even3_61674	*
N	*	94	*	*	*	*	*	New.CleanUp.ReferenceOTU4088 Even3_278010	*
N	*	76	*	*	*	*	*	New.CleanUp.ReferenceOTU4093 Even1_85932	*
N	*	100	*	*	*	*	*	New.CleanUp.ReferenceOTU4095 Even3_378746	*
N	*	100	*	*	*	*	*	New.CleanUp.ReferenceOTU4096 Even1_279121	*
N	*	100	*	*	*	*	*	New.CleanUp.ReferenceOTU4099 Even3_378742	*
N	*	100	*	*	*	*	*	New.CleanUp.ReferenceOTU4101 Even3_378740	*
N	*	100	*	*	*	*	*	New.CleanUp.ReferenceOTU4103 Even2_296873	*
N	*	83	*	*	*	*	*	New.CleanUp.ReferenceOTU4105 Even2_290091	*
N	*	83	*	*	*	*	*	New.CleanUp.ReferenceOTU4109 Even1_47262	*
N	*	85	*	*	*	*	*	New.CleanUp.ReferenceOTU4110 Even3_199693	*
N	*	83	*	*	*	*	*	New.CleanUp.ReferenceOTU4112 Even2_173476	*
N	*	89	*	*	*	*	*	New.CleanUp.ReferenceOTU4113 Even2_185267	*
N	*	93	*	*	*	*	*	New.CleanUp.ReferenceOTU4116 Even3_375526	*
N	*	76	*	*	*	*	*	New.CleanUp.ReferenceOTU4121 Even3_388542	*
N	*	100	*	*	*	*	*	New.CleanUp.ReferenceOTU4123 Even1_303055	*
N	*	100	*	*	*	*	*	New.CleanUp.ReferenceOTU4127 Even1_170539	*
N	*	83	*	*	*	*	*	New.CleanUp.ReferenceOTU4132 Even1_222753	*
N	*	100	*	*	*	*	*	New.CleanUp.ReferenceOTU4142 Even2_281828	*
N	*	84	*	*	*	*	*	New.CleanUp.ReferenceOTU4143 Even1_86793	*
N	*	77	*	*	*	*	*	New.CleanUp.ReferenceOTU4144 Even2_281700	*
N	*	95	*	*	*	*	*	New.CleanUp.ReferenceOTU4149 Even3_11716	*
N	*	100	*	*	*	*	*	New.CleanUp.ReferenceOTU4152 Even1_49198	*
N	*	88	*	*	*	*	*	New.CleanUp.ReferenceOTU4154 Even2_388140	*
N	*	82	*	*	*	*	*	New.CleanUp.ReferenceOTU4156 Even3_187380	*
N	*	100	*	*	*	*	*	New.CleanUp.ReferenceOTU4158 Even2_314289	*
N	*	92	*	*	*	*	*	New.CleanUp.ReferenceOTU416 Even1_333933	*
N	*	100	*	*	*	*	*	New.CleanUp.ReferenceOTU4168 Even2_372075	*
N	*	100	*	*	*	*	*	New.CleanUp.ReferenceOTU4169 Even2_333255	*
N	*	96	*	*	*	*	*	New.CleanUp.ReferenceOTU417 Even1_372253	*
N	*	88	*	*	*	*	*	New.CleanUp.ReferenceOTU4172 Even1_328536	*
N	*	81	*	*	*	*	*	New.CleanUp.ReferenceOTU4174 Even1_217664	*
N	*	95	*	*	*	*	*	New.CleanUp.ReferenceOTU4177 Even2_36406	*
N	*	83	*	*	*	*	*	New.CleanUp.ReferenceOTU418 Even3_6255	*
N	*	100	*	*	*	*	*	New.CleanUp.ReferenceOTU4185 Even2_124536	*
N	*	94	*	*	*	*	*	New.CleanUp.ReferenceOTU4189 Even3_187920	*
N	*	100	*	*	*	*	*	New.CleanUp.ReferenceOTU4198 Even1_272246	*
N	*	84	*	*	*	*	*	New.CleanUp.ReferenceOTU4201 Even1_167060	*
N	*	84	*	*	*	*	*	New.CleanUp.ReferenceOTU4202 Even1_378960	*
N	*	100	*	*	*	*	*	New.CleanUp.ReferenceOTU4206 Even1_223334	*
N	*	100	*	*	*	*	*	New.CleanUp.ReferenceOTU4209 Even1_153019	*
N	*	96	*	*	*	*	*	New.CleanUp.ReferenceOTU4212 Even1_363743	*
N	*	100	*	*	*	*	*	New.CleanUp.ReferenceOTU4213 Even3_313289	*
N	*	85	*	*	*	*	*	New.CleanUp.ReferenceOTU4219 Even3_276417	*
N	*	100	*	*	*	*	*	New.CleanUp.ReferenceOTU4222 Even3_276412	*
N	*	85	*	*	*	*	*	New.CleanUp.ReferenceOTU4227 Even3_284360	*
N	*	80	*	*	*	*	*	New.CleanUp.ReferenceOTU423 Even3_360433	*
N	*	84	*	*	*	*	*	New.CleanUp.ReferenceOTU4230 Even1_70517	*
N	*	85	*	*	*	*	*	New.CleanUp.ReferenceOTU4233 Even3_381940	*
N	*	100	*	*	*	*	*	New.CleanUp.ReferenceOTU4236 Even1_267250	*
N	*	100	*	*	*	*	*	New.CleanUp.ReferenceOTU4238 Even3_386637	*
N	*	78	*	*	*	*	*	New.CleanUp.ReferenceOTU4251 Even3_281511	*
N	*	100	*	*	*	*	*	New.CleanUp.ReferenceOTU4254 Even2_319617	*
N	*	100	*	*	*	*	*	New.CleanUp.ReferenceOTU4258 Even3_390883	*
N	*	100	*	*	*	*	*	New.CleanUp.ReferenceOTU4261 Even1_194579	*
N	*	93	*	*	*	*	*	New.CleanUp.ReferenceOTU4264 Even3_45492	*
N	*	100	*	*	*	*	*	New.CleanUp.ReferenceOTU4265 Even2_378764	*
N	*	100	*	*	*	*	*	New.CleanUp.ReferenceOTU4269 Even1_56673	*
N	*	80	*	*	*	*	*	New.CleanUp.ReferenceOTU427 Even1_152147	*
N	*	92	*	*	*	*	*	New.CleanUp.ReferenceOTU4270 Even2_21908	*
N	*	100	*	*	*	*	*	New.CleanUp.ReferenceOTU4275 Even1_6733	*
N	*	100	*	*	*	*	*	New.CleanUp.ReferenceOTU428 Even3_281466	*
N	*	100	*	*	*	*	*	New.CleanUp.ReferenceOTU4280 Even2_388701	*
N	*	100	*	*	*	*	*	New.CleanUp.ReferenceOTU4283 Even2_299680	*
N	*	100	*	*	*	*	*	New.CleanUp.ReferenceOTU4287 Even2_378582	*
N	*	100	*	*	*	*	*	New.CleanUp.ReferenceOTU4290 Even2_137132	*
N	*	100	*	*	*	*	*	New.CleanUp.ReferenceOTU4298 Even1_65932	*
N	*	100	*	*	*	*	*	New.CleanUp.ReferenceOTU4310 Even2_42695	*
N	*	100	*	*	*	*	*	New.CleanUp.ReferenceOTU4311 Even1_27732	*
N	*	86	*	*	*	*	*	New.CleanUp.ReferenceOTU4313 Even2_391113	*
N	*	81	*	*	*	*	*	New.CleanUp.ReferenceOTU4315 Even1_357922	*
N	*	100	*	*	*	*	*	New.CleanUp.ReferenceOTU432 Even3_381853	*
N	*	93	*	*	*	*	*	New.CleanUp.ReferenceOTU4326 Even3_209392	*
N	*	100	*	*	*	*	*	New.CleanUp.ReferenceOTU4328 Even1_360596	*
N	*	88	*	*	*	*	*	New.CleanUp.ReferenceOTU4333 Even1_19387	*
N	*	100	*	*	*	*	*	New.CleanUp.ReferenceOTU434 Even1_371993	*
N	*	90	*	*	*	*	*	New.CleanUp.ReferenceOTU4340 Even2_297519	*
N	*	84	*	*	*	*	*	New.CleanUp.ReferenceOTU4342 Even1_183469	*
N	*	83	*	*	*	*	*	New.CleanUp.ReferenceOTU4347 Even3_106440	*
N	*	92	*	*	*	*	*	New.CleanUp.ReferenceOTU4352 Even3_346046	*
N	*	91	*	*	*	*	*	New.CleanUp.ReferenceOTU4354 Even3_389884	*
N	*	95	*	*	*	*	*	New.CleanUp.ReferenceOTU4359 Even2_390246	*
N	*	100	*	*	*	*	*	New.CleanUp.ReferenceOTU4367 Even3_165733	*
N	*	100	*	*	*	*	*	New.CleanUp.ReferenceOTU4372 Even1_256868	*
N	*	81	*	*	*	*	*	New.CleanUp.ReferenceOTU4374 Even1_22162	*
N	*	93	*	*	*	*	*	New.CleanUp.ReferenceOTU4381 Even1_222294	*
N	*	100	*	*	*	*	*	New.CleanUp.ReferenceOTU4384 Even1_27419	*
N	*	96	*	*	*	*	*	New.CleanUp.ReferenceOTU439 Even3_281461	*
N	*	84	*	*	*	*	*	New.CleanUp.ReferenceOTU4390 Even1_385935	*
N	*	81	*	*	*	*	*	New.CleanUp.ReferenceOTU4400 Even2_302076	*
N	*	100	*	*	*	*	*	New.CleanUp.ReferenceOTU4402 Even3_367905	*
N	*	100	*	*	*	*	*	New.CleanUp.ReferenceOTU4404 Even2_91532	*
N	*	76	*	*	*	*	*	New.CleanUp.ReferenceOTU4406 Even3_388021	*
N	*	100	*	*	*	*	*	New.CleanUp.ReferenceOTU4413 Even1_76448	*
N	*	85	*	*	*	*	*	New.CleanUp.ReferenceOTU4415 Even1_371367	*
N	*	93	*	*	*	*	*	New.CleanUp.ReferenceOTU4420 Even2_33138	*
N	*	89	*	*	*	*	*	New.CleanUp.ReferenceOTU4428 Even2_266181	*
N	*	100	*	*	*	*	*	New.CleanUp.ReferenceOTU4429 Even2_281570	*
N	*	95	*	*	*	*	*	New.CleanUp.ReferenceOTU4431 Even3_299772	*
N	*	100	*	*	*	*	*	New.CleanUp.ReferenceOTU4432 Even2_281578	*
N	*	100	*	*	*	*	*	New.CleanUp.ReferenceOTU4435 Even2_107773	*
N	*	85	*	*	*	*	*	New.CleanUp.ReferenceOTU4440 Even3_82235	*
N	*	79	*	*	*	*	*	New.CleanUp.ReferenceOTU4446 Even3_87520	*
N	*	91	*	*	*	*	*	New.CleanUp.ReferenceOTU4447 Even2_381704	*
N	*	100	*	*	*	*	*	New.CleanUp.ReferenceOTU4448 Even1_312720	*
N	*	85	*	*	*	*	*	New.CleanUp.ReferenceOTU4449 Even3_88210	*
N	*	100	*	*	*	*	*	New.CleanUp.ReferenceOTU4455 Even2_356420	*
N	*	94	*	*	*	*	*	New.CleanUp.ReferenceOTU4456 Even3_350471	*
N	*	100	*	*	*	*	*	New.CleanUp.ReferenceOTU4459 Even2_281488	*
N	*	100	*	*	*	*	*	New.CleanUp.ReferenceOTU4463 Even1_384518	*
N	*	81	*	*	*	*	*	New.CleanUp.ReferenceOTU4464 Even3_12048	*
N	*	81	*	*	*	*	*	New.CleanUp.ReferenceOTU4468 Even2_157772	*
N	*	93	*	*	*	*	*	New.CleanUp.ReferenceOTU4469 Even3_111403	*
N	*	95	*	*	*	*	*	New.CleanUp.ReferenceOTU4471 Even3_300263	*
N	*	100	*	*	*	*	*	New.CleanUp.ReferenceOTU4474 Even3_188990	*
N	*	100	*	*	*	*	*	New.CleanUp.ReferenceOTU4476 Even2_368456	*
N	*	100	*	*	*	*	*	New.CleanUp.ReferenceOTU4478 Even3_330962	*
N	*	86	*	*	*	*	*	New.CleanUp.ReferenceOTU448 Even3_131182	*
N	*	100	*	*	*	*	*	New.CleanUp.ReferenceOTU4480 Even2_290188	*
N	*	94	*	*	*	*	*	New.CleanUp.ReferenceOTU4483 Even2_364548	*
N	*	100	*	*	*	*	*	New.CleanUp.ReferenceOTU449 Even1_317813	*
N	*	84	*	*	*	*	*	New.CleanUp.ReferenceOTU4490 Even2_318774	*
N	*	76	*	*	*	*	*	New.CleanUp.ReferenceOTU4492 Even1_234429	*
N	*	84	*	*	*	*	*	New.CleanUp.ReferenceOTU4495 Even3_123419	*
N	*	77	*	*	*	*	*	New.CleanUp.ReferenceOTU4497 Even1_314760	*
N	*	100	*	*	*	*	*	New.CleanUp.ReferenceOTU4498 Even1_314094	*
N	*	82	*	*	*	*	*	New.CleanUp.ReferenceOTU4499 Even3_281183	*
N	*	87	*	*	*	*	*	New.CleanUp.ReferenceOTU45 Even2_397258	*
N	*	80	*	*	*	*	*	New.CleanUp.ReferenceOTU4502 Even3_281186	*
N	*	81	*	*	*	*	*	New.CleanUp.ReferenceOTU4505 Even3_252103	*
N	*	100	*	*	*	*	*	New.CleanUp.ReferenceOTU4506 Even1_374993	*
N	*	100	*	*	*	*	*	New.CleanUp.ReferenceOTU4507 Even3_9873	*
N	*	93	*	*	*	*	*	New.CleanUp.ReferenceOTU4508 Even3_351253	*
N	*	100	*	*	*	*	*	New.CleanUp.ReferenceOTU4510 Even1_378396	*
N	*	100	*	*	*	*	*	New.CleanUp.ReferenceOTU4517 Even2_12192	*
N	*	80	*	*	*	*	*	New.CleanUp.ReferenceOTU4520 Even3_173783	*
N	*	76	*	*	*	*	*	New.CleanUp.ReferenceOTU4522 Even1_387512	*
N	*	79	*	*	*	*	*	New.CleanUp.ReferenceOTU4528 Even2_7814	*
N	*	100	*	*	*	*	*	New.CleanUp.ReferenceOTU4529 Even2_378938	*
N	*	100	*	*	*	*	*	New.CleanUp.ReferenceOTU4530 Even1_297064	*
N	*	100	*	*	*	*	*	New.CleanUp.ReferenceOTU4534 Even1_395090	*
N	*	96	*	*	*	*	*	New.CleanUp.ReferenceOTU4537 Even3_364677	*
N	*	100	*	*	*	*	*	New.CleanUp.ReferenceOTU4549 Even1_163420	*
N	*	100	*	*	*	*	*	New.CleanUp.ReferenceOTU4550 Even2_331927	*
N	*	100	*	*	*	*	*	New.CleanUp.ReferenceOTU4551 Even1_52090	*
N	*	100	*	*	*	*	*	New.CleanUp.ReferenceOTU4554 Even3_39005	*
N	*	95	*	*	*	*	*	New.CleanUp.ReferenceOTU4562 Even2_375036	*
N	*	100	*	*	*	*	*	New.CleanUp.ReferenceOTU4563 Even3_296962	*
N	*	82	*	*	*	*	*	New.CleanUp.ReferenceOTU4567 Even3_227766	*
N	*	95	*	*	*	*	*	New.CleanUp.ReferenceOTU4576 Even1_367463	*
N	*	100	*	*	*	*	*	New.CleanUp.ReferenceOTU4579 Even1_275792	*
N	*	84	*	*	*	*	*	New.CleanUp.ReferenceOTU4586 Even1_66452	*
N	*	93	*	*	*	*	*	New.CleanUp.ReferenceOTU4601 Even3_14052	*
N	*	95	*	*	*	*	*	New.CleanUp.ReferenceOTU4609 Even2_327365	*
N	*	85	*	*	*	*	*	New.CleanUp.ReferenceOTU4610 Even3_214575	*
N	*	100	*	*	*	*	*	New.CleanUp.ReferenceOTU4611 Even3_180997	*
N	*	100	*	*	*	*	*	New.CleanUp.ReferenceOTU4613 Even2_333239	*
N	*	76	*	*	*	*	*	New.CleanUp.ReferenceOTU4616 Even1_185411	*
N	*	89	*	*	*	*	*	New.CleanUp.ReferenceOTU4617 Even3_380917	*
N	*	100	*	*	*	*	*	New.CleanUp.ReferenceOTU4619 Even3_372093	*
N	*	83	*	*	*	*	*	New.CleanUp.ReferenceOTU4624 Even1_5110	*
N	*	80	*	*	*	*	*	New.CleanUp.ReferenceOTU4627 Even2_281189	*
N	*	100	*	*	*	*	*	New.CleanUp.ReferenceOTU4628 Even3_49879	*
N	*	92	*	*	*	*	*	New.CleanUp.ReferenceOTU463 Even2_351481	*
N	*	100	*	*	*	*	*	New.CleanUp.ReferenceOTU4631 Even2_302244	*
N	*	100	*	*	*	*	*	New.CleanUp.ReferenceOTU4633 Even3_98699	*
N	*	79	*	*	*	*	*	New.CleanUp.ReferenceOTU4635 Even2_341538	*
N	*	90	*	*	*	*	*	New.CleanUp.ReferenceOTU4637 Even2_269499	*
N	*	89	*	*	*	*	*	New.CleanUp.ReferenceOTU464 Even3_80737	*
N	*	100	*	*	*	*	*	New.CleanUp.ReferenceOTU4646 Even2_102914	*
N	*	95	*	*	*	*	*	New.CleanUp.ReferenceOTU4649 Even1_336025	*
N	*	100	*	*	*	*	*	New.CleanUp.ReferenceOTU4653 Even1_76633	*
N	*	100	*	*	*	*	*	New.CleanUp.ReferenceOTU4655 Even3_276430	*
N	*	100	*	*	*	*	*	New.CleanUp.ReferenceOTU4657 Even1_309159	*
N	*	92	*	*	*	*	*	New.CleanUp.ReferenceOTU4658 Even3_276438	*
N	*	92	*	*	*	*	*	New.CleanUp.ReferenceOTU4659 Even2_323535	*
N	*	100	*	*	*	*	*	New.CleanUp.ReferenceOTU4661 Even1_187016	*
N	*	82	*	*	*	*	*	New.CleanUp.ReferenceOTU4662 Even3_397187	*
N	*	87	*	*	*	*	*	New.CleanUp.ReferenceOTU4665 Even3_386613	*
N	*	96	*	*	*	*	*	New.CleanUp.ReferenceOTU4670 Even3_386340	*
N	*	100	*	*	*	*	*	New.CleanUp.ReferenceOTU4674 Even3_397450	*
N	*	83	*	*	*	*	*	New.CleanUp.ReferenceOTU4677 Even2_381938	*
N	*	100	*	*	*	*	*	New.CleanUp.ReferenceOTU4679 Even1_318875	*
N	*	100	*	*	*	*	*	New.CleanUp.ReferenceOTU4681 Even1_297190	*
N	*	95	*	*	*	*	*	New.CleanUp.ReferenceOTU4685 Even1_216778	*
N	*	100	*	*	*	*	*	New.CleanUp.ReferenceOTU4691 Even1_154192	*
N	*	76	*	*	*	*	*	New.CleanUp.ReferenceOTU4694 Even1_388180	*
N	*	93	*	*	*	*	*	New.CleanUp.ReferenceOTU4697 Even2_351047	*
N	*	100	*	*	*	*	*	New.CleanUp.ReferenceOTU4698 Even1_99391	*
N	*	92	*	*	*	*	*	New.CleanUp.ReferenceOTU470 Even3_393569	*
N	*	100	*	*	*	*	*	New.CleanUp.ReferenceOTU4706 Even3_284344	*
N	*	100	*	*	*	*	*	New.CleanUp.ReferenceOTU4707 Even2_351573	*
N	*	93	*	*	*	*	*	New.CleanUp.ReferenceOTU4708 Even3_284343	*
N	*	84	*	*	*	*	*	New.CleanUp.ReferenceOTU4712 Even3_28671	*
N	*	94	*	*	*	*	*	New.CleanUp.ReferenceOTU4714 Even3_31720	*
N	*	79	*	*	*	*	*	New.CleanUp.ReferenceOTU4719 Even3_299921	*
N	*	100	*	*	*	*	*	New.CleanUp.ReferenceOTU4720 Even3_323713	*
N	*	94	*	*	*	*	*	New.CleanUp.ReferenceOTU4721 Even1_391728	*
N	*	100	*	*	*	*	*	New.CleanUp.ReferenceOTU4727 Even1_78008	*
N	*	94	*	*	*	*	*	New.CleanUp.ReferenceOTU4731 Even3_57704	*
N	*	76	*	*	*	*	*	New.CleanUp.ReferenceOTU4733 Even2_394702	*
N	*	82	*	*	*	*	*	New.CleanUp.ReferenceOTU4734 Even1_109633	*
N	*	83	*	*	*	*	*	New.CleanUp.ReferenceOTU4735 Even2_397300	*
N	*	76	*	*	*	*	*	New.CleanUp.ReferenceOTU474 Even3_196729	*
N	*	100	*	*	*	*	*	New.CleanUp.ReferenceOTU4740 Even2_14605	*
N	*	100	*	*	*	*	*	New.CleanUp.ReferenceOTU4746 Even1_364815	*
N	*	100	*	*	*	*	*	New.CleanUp.ReferenceOTU4751 Even1_391091	*
N	*	100	*	*	*	*	*	New.CleanUp.ReferenceOTU4754 Even3_149507	*
N	*	92	*	*	*	*	*	New.CleanUp.ReferenceOTU476 Even2_305417	*
N	*	80	*	*	*	*	*	New.CleanUp.ReferenceOTU4760 Even3_11872	*
N	*	92	*	*	*	*	*	New.CleanUp.ReferenceOTU4763 Even1_333218	*
N	*	95	*	*	*	*	*	New.CleanUp.ReferenceOTU4767 Even3_391118	*
N	*	100	*	*	*	*	*	New.CleanUp.ReferenceOTU4782 Even2_12385	*
N	*	100	*	*	*	*	*	New.CleanUp.ReferenceOTU4784 Even1_94911	*
N	*	85	*	*	*	*	*	New.CleanUp.ReferenceOTU4787 Even3_297211	*
N	*	100	*	*	*	*	*	New.CleanUp.ReferenceOTU4790 Even3_29234	*
N	*	93	*	*	*	*	*	New.CleanUp.ReferenceOTU4791 Even1_265867	*
N	*	100	*	*	*	*	*	New.CleanUp.ReferenceOTU4799 Even1_48698	*
N	*	91	*	*	*	*	*	New.CleanUp.ReferenceOTU4804 Even2_392848	*
N	*	88	*	*	*	*	*	New.CleanUp.ReferenceOTU4809 Even1_375313	*
N	*	94	*	*	*	*	*	New.CleanUp.ReferenceOTU4810 Even2_395300	*
N	*	79	*	*	*	*	*	New.CleanUp.ReferenceOTU482 Even3_281046	*
N	*	86	*	*	*	*	*	New.CleanUp.ReferenceOTU4823 Even3_313589	*
N	*	100	*	*	*	*	*	New.CleanUp.ReferenceOTU4824 Even1_280780	*
N	*	95	*	*	*	*	*	New.CleanUp.ReferenceOTU4828 Even3_383586	*
N	*	92	*	*	*	*	*	New.CleanUp.ReferenceOTU4830 Even1_79919	*
N	*	100	*	*	*	*	*	New.CleanUp.ReferenceOTU4831 Even3_262417	*
N	*	92	*	*	*	*	*	New.CleanUp.ReferenceOTU4834 Even3_33473	*
N	*	95	*	*	*	*	*	New.CleanUp.ReferenceOTU4837 Even1_9007	*
N	*	100	*	*	*	*	*	New.CleanUp.ReferenceOTU484 Even3_393567	*
N	*	100	*	*	*	*	*	New.CleanUp.ReferenceOTU4843 Even3_372055	*
N	*	100	*	*	*	*	*	New.CleanUp.ReferenceOTU4845 Even3_131157	*
N	*	100	*	*	*	*	*	New.CleanUp.ReferenceOTU4846 Even3_265991	*
N	*	76	*	*	*	*	*	New.CleanUp.ReferenceOTU4851 Even1_197308	*
N	*	100	*	*	*	*	*	New.CleanUp.ReferenceOTU4857 Even3_368136	*
N	*	100	*	*	*	*	*	New.CleanUp.ReferenceOTU4861 Even2_97245	*
N	*	100	*	*	*	*	*	New.CleanUp.ReferenceOTU4862 Even1_172143	*
N	*	81	*	*	*	*	*	New.CleanUp.ReferenceOTU4863 Even2_253617	*
N	*	76	*	*	*	*	*	New.CleanUp.ReferenceOTU4865 Even2_212456	*
N	*	91	*	*	*	*	*	New.CleanUp.ReferenceOTU4866 Even3_318808	*
N	*	100	*	*	*	*	*	New.CleanUp.ReferenceOTU4869 Even1_106303	*
N	*	100	*	*	*	*	*	New.CleanUp.ReferenceOTU4872 Even1_202609	*
N	*	83	*	*	*	*	*	New.CleanUp.ReferenceOTU4875 Even1_66666	*
N	*	100	*	*	*	*	*	New.CleanUp.ReferenceOTU4879 Even2_58298	*
N	*	79	*	*	*	*	*	New.CleanUp.ReferenceOTU488 Even2_249201	*
N	*	100	*	*	*	*	*	New.CleanUp.ReferenceOTU4881 Even3_293686	*
N	*	100	*	*	*	*	*	New.CleanUp.ReferenceOTU4882 Even2_267742	*
N	*	82	*	*	*	*	*	New.CleanUp.ReferenceOTU4885 Even2_337699	*
N	*	87	*	*	*	*	*	New.CleanUp.ReferenceOTU4887 Even3_288964	*
N	*	91	*	*	*	*	*	New.CleanUp.ReferenceOTU4890 Even1_8874	*
N	*	81	*	*	*	*	*	New.CleanUp.ReferenceOTU4892 Even3_314110	*
N	*	100	*	*	*	*	*	New.CleanUp.ReferenceOTU4893 Even3_221169	*
N	*	100	*	*	*	*	*	New.CleanUp.ReferenceOTU4894 Even3_92680	*
N	*	100	*	*	*	*	*	New.CleanUp.ReferenceOTU4897 Even3_135702	*
N	*	100	*	*	*	*	*	New.CleanUp.ReferenceOTU4899 Even1_217366	*
N	*	86	*	*	*	*	*	New.CleanUp.ReferenceOTU490 Even2_351733	*
N	*	100	*	*	*	*	*	New.CleanUp.ReferenceOTU4903 Even2_351361	*
N	*	100	*	*	*	*	*	New.CleanUp.ReferenceOTU4904 Even3_363955	*
N	*	100	*	*	*	*	*	New.CleanUp.ReferenceOTU4912 Even2_360490	*
N	*	100	*	*	*	*	*	New.CleanUp.ReferenceOTU4914 Even2_360492	*
N	*	100	*	*	*	*	*	New.CleanUp.ReferenceOTU4917 Even2_360498	*
N	*	100	*	*	*	*	*	New.CleanUp.ReferenceOTU4918 Even1_372151	*
N	*	100	*	*	*	*	*	New.CleanUp.ReferenceOTU4919 Even1_141749	*
N	*	100	*	*	*	*	*	New.CleanUp.ReferenceOTU492 Even1_360384	*
N	*	79	*	*	*	*	*	New.CleanUp.ReferenceOTU4923 Even3_76044	*
N	*	100	*	*	*	*	*	New.CleanUp.ReferenceOTU4925 Even1_21986	*
N	*	84	*	*	*	*	*	New.CleanUp.ReferenceOTU493 Even1_346740	*
N	*	94	*	*	*	*	*	New.CleanUp.ReferenceOTU4931 Even3_290246	*
N	*	92	*	*	*	*	*	New.CleanUp.ReferenceOTU4932 Even1_318466	*
N	*	100	*	*	*	*	*	New.CleanUp.ReferenceOTU4933 Even1_96608	*
N	*	100	*	*	*	*	*	New.CleanUp.ReferenceOTU4935 Even3_37968	*
N	*	83	*	*	*	*	*	New.CleanUp.ReferenceOTU4939 Even1_131171	*
N	*	83	*	*	*	*	*	New.CleanUp.ReferenceOTU494 Even3_146930	*
N	*	84	*	*	*	*	*	New.CleanUp.ReferenceOTU4942 Even2_949	*
N	*	100	*	*	*	*	*	New.CleanUp.ReferenceOTU4944 Even2_386933	*
N	*	85	*	*	*	*	*	New.CleanUp.ReferenceOTU4946 Even1_305310	*
N	*	100	*	*	*	*	*	New.CleanUp.ReferenceOTU4949 Even2_393072	*
N	*	93	*	*	*	*	*	New.CleanUp.ReferenceOTU4951 Even3_267825	*
N	*	92	*	*	*	*	*	New.CleanUp.ReferenceOTU4954 Even2_290470	*
N	*	95	*	*	*	*	*	New.CleanUp.ReferenceOTU4958 Even2_378488	*
N	*	77	*	*	*	*	*	New.CleanUp.ReferenceOTU4961 Even1_241664	*
N	*	81	*	*	*	*	*	New.CleanUp.ReferenceOTU4965 Even3_148666	*
N	*	100	*	*	*	*	*	New.CleanUp.ReferenceOTU4968 Even1_333510	*
N	*	100	*	*	*	*	*	New.CleanUp.ReferenceOTU4973 Even1_341901	*
N	*	93	*	*	*	*	*	New.CleanUp.ReferenceOTU4974 Even3_145638	*
N	*	100	*	*	*	*	*	New.CleanUp.ReferenceOTU4977 Even2_182807	*
N	*	91	*	*	*	*	*	New.CleanUp.ReferenceOTU4979 Even1_200047	*
N	*	100	*	*	*	*	*	New.CleanUp.ReferenceOTU4981 Even1_381566	*
N	*	100	*	*	*	*	*	New.CleanUp.ReferenceOTU4985 Even3_378828	*
N	*	83	*	*	*	*	*	New.CleanUp.ReferenceOTU4995 Even3_283568	*
N	*	90	*	*	*	*	*	New.CleanUp.ReferenceOTU5 Even2_280728	*
N	*	100	*	*	*	*	*	New.CleanUp.ReferenceOTU500 Even2_293987	*
N	*	92	*	*	*	*	*	New.CleanUp.ReferenceOTU5000 Even2_337445	*
N	*	100	*	*	*	*	*	New.CleanUp.ReferenceOTU5001 Even3_364388	*
N	*	100	*	*	*	*	*	New.CleanUp.ReferenceOTU5005 Even2_337440	*
N	*	100	*	*	*	*	*	New.CleanUp.ReferenceOTU5019 Even1_59971	*
N	*	92	*	*	*	*	*	New.CleanUp.ReferenceOTU5024 Even3_384582	*
N	*	100	*	*	*	*	*	New.CleanUp.ReferenceOTU503 Even2_266115	*
N	*	95	*	*	*	*	*	New.CleanUp.ReferenceOTU5032 Even1_214006	*
N	*	88	*	*	*	*	*	New.CleanUp.ReferenceOTU5034 Even1_12505	*
N	*	100	*	*	*	*	*	New.CleanUp.ReferenceOTU5036 Even2_276482	*
N	*	94	*	*	*	*	*	New.CleanUp.ReferenceOTU5040 Even2_386754	*
N	*	100	*	*	*	*	*	New.CleanUp.ReferenceOTU5044 Even3_302171	*
N	*	100	*	*	*	*	*	New.CleanUp.ReferenceOTU5047 Even3_277412	*
N	*	100	*	*	*	*	*	New.CleanUp.ReferenceOTU5051 Even3_272684	*
N	*	82	*	*	*	*	*	New.CleanUp.ReferenceOTU5053 Even2_279370	*
N	*	100	*	*	*	*	*	New.CleanUp.ReferenceOTU5054 Even2_280424	*
N	*	89	*	*	*	*	*	New.CleanUp.ReferenceOTU5056 Even1_301949	*
N	*	95	*	*	*	*	*	New.CleanUp.ReferenceOTU5058 Even2_372300	*
N	*	94	*	*	*	*	*	New.CleanUp.ReferenceOTU5064 Even2_270550	*
N	*	78	*	*	*	*	*	New.CleanUp.ReferenceOTU5070 Even2_110157	*
N	*	100	*	*	*	*	*	New.CleanUp.ReferenceOTU5072 Even1_169127	*
N	*	100	*	*	*	*	*	New.CleanUp.ReferenceOTU5074 Even3_1138	*
N	*	100	*	*	*	*	*	New.CleanUp.ReferenceOTU5076 Even1_265290	*
N	*	100	*	*	*	*	*	New.CleanUp.ReferenceOTU5077 Even1_281336	*
N	*	85	*	*	*	*	*	New.CleanUp.ReferenceOTU5079 Even1_85023	*
N	*	93	*	*	*	*	*	New.CleanUp.ReferenceOTU5087 Even1_40256	*
N	*	100	*	*	*	*	*	New.CleanUp.ReferenceOTU509 Even1_328017	*
N	*	85	*	*	*	*	*	New.CleanUp.ReferenceOTU5095 Even3_328146	*
N	*	100	*	*	*	*	*	New.CleanUp.ReferenceOTU5096 Even3_328411	*
N	*	90	*	*	*	*	*	New.CleanUp.ReferenceOTU510 Even1_225604	*
N	*	95	*	*	*	*	*	New.CleanUp.ReferenceOTU5101 Even2_384270	*
N	*	100	*	*	*	*	*	New.CleanUp.ReferenceOTU5108 Even1_393724	*
N	*	100	*	*	*	*	*	New.CleanUp.ReferenceOTU511 Even2_375472	*
N	*	86	*	*	*	*	*	New.CleanUp.ReferenceOTU5114 Even2_313407	*
N	*	95	*	*	*	*	*	New.CleanUp.ReferenceOTU5115 Even2_45234	*
N	*	80	*	*	*	*	*	New.CleanUp.ReferenceOTU5116 Even2_275118	*
N	*	81	*	*	*	*	*	New.CleanUp.ReferenceOTU5118 Even1_323235	*
N	*	84	*	*	*	*	*	New.CleanUp.ReferenceOTU5122 Even3_3782	*
N	*	100	*	*	*	*	*	New.CleanUp.ReferenceOTU5130 Even3_280529	*
N	*	92	*	*	*	*	*	New.CleanUp.ReferenceOTU5132 Even1_83398	*
N	*	96	*	*	*	*	*	New.CleanUp.ReferenceOTU5133 Even3_276453	*
N	*	94	*	*	*	*	*	New.CleanUp.ReferenceOTU5139 Even2_299259	*
N	*	100	*	*	*	*	*	New.CleanUp.ReferenceOTU5147 Even3_397431	*
N	*	100	*	*	*	*	*	New.CleanUp.ReferenceOTU5148 Even2_71354	*
N	*	96	*	*	*	*	*	New.CleanUp.ReferenceOTU5152 Even1_318672	*
N	*	92	*	*	*	*	*	New.CleanUp.ReferenceOTU5157 Even3_393534	*
N	*	80	*	*	*	*	*	New.CleanUp.ReferenceOTU5162 Even1_216799	*
N	*	94	*	*	*	*	*	New.CleanUp.ReferenceOTU5174 Even1_384306	*
N	*	95	*	*	*	*	*	New.CleanUp.ReferenceOTU5175 Even1_384302	*
N	*	93	*	*	*	*	*	New.CleanUp.ReferenceOTU518 Even2_397188	*
N	*	100	*	*	*	*	*	New.CleanUp.ReferenceOTU5187 Even1_61145	*
N	*	85	*	*	*	*	*	New.CleanUp.ReferenceOTU5191 Even3_27813	*
N	*	81	*	*	*	*	*	New.CleanUp.ReferenceOTU5194 Even3_45452	*
N	*	95	*	*	*	*	*	New.CleanUp.ReferenceOTU5195 Even2_378017	*
N	*	100	*	*	*	*	*	New.CleanUp.ReferenceOTU5198 Even2_397369	*
N	*	100	*	*	*	*	*	New.CleanUp.ReferenceOTU520 Even3_364334	*
N	*	100	*	*	*	*	*	New.CleanUp.ReferenceOTU5213 Even1_30758	*
N	*	87	*	*	*	*	*	New.CleanUp.ReferenceOTU5216 Even1_395374	*
N	*	100	*	*	*	*	*	New.CleanUp.ReferenceOTU5218 Even2_181027	*
N	*	100	*	*	*	*	*	New.CleanUp.ReferenceOTU5219 Even1_183646	*
N	*	95	*	*	*	*	*	New.CleanUp.ReferenceOTU522 Even3_381144	*
N	*	81	*	*	*	*	*	New.CleanUp.ReferenceOTU5227 Even1_280943	*
N	*	100	*	*	*	*	*	New.CleanUp.ReferenceOTU5228 Even1_378212	*
N	*	100	*	*	*	*	*	New.CleanUp.ReferenceOTU5231 Even1_256705	*
N	*	83	*	*	*	*	*	New.CleanUp.ReferenceOTU5242 Even1_261831	*
N	*	79	*	*	*	*	*	New.CleanUp.ReferenceOTU5243 Even1_275522	*
N	*	93	*	*	*	*	*	New.CleanUp.ReferenceOTU5245 Even1_368491	*
N	*	100	*	*	*	*	*	New.CleanUp.ReferenceOTU5254 Even1_305712	*
N	*	82	*	*	*	*	*	New.CleanUp.ReferenceOTU5256 Even2_244456	*
N	*	100	*	*	*	*	*	New.CleanUp.ReferenceOTU5257 Even1_385898	*
N	*	95	*	*	*	*	*	New.CleanUp.ReferenceOTU5264 Even2_395322	*
N	*	82	*	*	*	*	*	New.CleanUp.ReferenceOTU5271 Even2_395329	*
N	*	91	*	*	*	*	*	New.CleanUp.ReferenceOTU5272 Even1_148014	*
N	*	100	*	*	*	*	*	New.CleanUp.ReferenceOTU5276 Even2_299530	*
N	*	81	*	*	*	*	*	New.CleanUp.ReferenceOTU5277 Even3_29863	*
N	*	96	*	*	*	*	*	New.CleanUp.ReferenceOTU5278 Even2_373246	*
N	*	100	*	*	*	*	*	New.CleanUp.ReferenceOTU5286 Even2_301430	*
N	*	100	*	*	*	*	*	New.CleanUp.ReferenceOTU5289 Even2_364252	*
N	*	81	*	*	*	*	*	New.CleanUp.ReferenceOTU5291 Even1_104776	*
N	*	86	*	*	*	*	*	New.CleanUp.ReferenceOTU5295 Even3_279094	*
N	*	100	*	*	*	*	*	New.CleanUp.ReferenceOTU5300 Even2_372117	*
N	*	100	*	*	*	*	*	New.CleanUp.ReferenceOTU5302 Even1_290396	*
N	*	100	*	*	*	*	*	New.CleanUp.ReferenceOTU5310 Even2_314298	*
N	*	96	*	*	*	*	*	New.CleanUp.ReferenceOTU5318 Even2_377891	*
N	*	96	*	*	*	*	*	New.CleanUp.ReferenceOTU5326 Even1_396132	*
N	*	100	*	*	*	*	*	New.CleanUp.ReferenceOTU533 Even2_28109	*
N	*	94	*	*	*	*	*	New.CleanUp.ReferenceOTU5334 Even1_297270	*
N	*	100	*	*	*	*	*	New.CleanUp.ReferenceOTU5335 Even2_360122	*
N	*	82	*	*	*	*	*	New.CleanUp.ReferenceOTU5337 Even2_222534	*
N	*	89	*	*	*	*	*	New.CleanUp.ReferenceOTU5338 Even1_318996	*
N	*	100	*	*	*	*	*	New.CleanUp.ReferenceOTU5339 Even2_230408	*
N	*	87	*	*	*	*	*	New.CleanUp.ReferenceOTU5345 Even2_381748	*
N	*	81	*	*	*	*	*	New.CleanUp.ReferenceOTU5349 Even1_217304	*
N	*	100	*	*	*	*	*	New.CleanUp.ReferenceOTU536 Even1_341809	*
N	*	100	*	*	*	*	*	New.CleanUp.ReferenceOTU5361 Even2_375369	*
N	*	92	*	*	*	*	*	New.CleanUp.ReferenceOTU5366 Even2_375260	*
N	*	94	*	*	*	*	*	New.CleanUp.ReferenceOTU5367 Even3_384028	*
N	*	86	*	*	*	*	*	New.CleanUp.ReferenceOTU537 Even2_171406	*
N	*	100	*	*	*	*	*	New.CleanUp.ReferenceOTU5384 Even3_356596	*
N	*	95	*	*	*	*	*	New.CleanUp.ReferenceOTU5389 Even2_255741	*
N	*	79	*	*	*	*	*	New.CleanUp.ReferenceOTU5392 Even3_290226	*
N	*	100	*	*	*	*	*	New.CleanUp.ReferenceOTU5393 Even1_390272	*
N	*	85	*	*	*	*	*	New.CleanUp.ReferenceOTU5395 Even3_372014	*
N	*	81	*	*	*	*	*	New.CleanUp.ReferenceOTU5398 Even1_8223	*
N	*	93	*	*	*	*	*	New.CleanUp.ReferenceOTU5400 Even3_360448	*
N	*	87	*	*	*	*	*	New.CleanUp.ReferenceOTU5401 Even3_376853	*
N	*	90	*	*	*	*	*	New.CleanUp.ReferenceOTU5404 Even3_346504	*
N	*	91	*	*	*	*	*	New.CleanUp.ReferenceOTU5408 Even1_50181	*
N	*	100	*	*	*	*	*	New.CleanUp.ReferenceOTU5410 Even1_305627	*
N	*	100	*	*	*	*	*	New.CleanUp.ReferenceOTU5411 Even3_299590	*
N	*	100	*	*	*	*	*	New.CleanUp.ReferenceOTU5415 Even1_372174	*
N	*	100	*	*	*	*	*	New.CleanUp.ReferenceOTU5419 Even3_168611	*
N	*	79	*	*	*	*	*	New.CleanUp.ReferenceOTU5422 Even3_267801	*
N	*	100	*	*	*	*	*	New.CleanUp.ReferenceOTU5423 Even3_154516	*
N	*	94	*	*	*	*	*	New.CleanUp.ReferenceOTU5424 Even1_337430	*
N	*	87	*	*	*	*	*	New.CleanUp.ReferenceOTU5425 Even3_189319	*
N	*	93	*	*	*	*	*	New.CleanUp.ReferenceOTU5429 Even3_122588	*
N	*	100	*	*	*	*	*	New.CleanUp.ReferenceOTU5433 Even2_334481	*
N	*	100	*	*	*	*	*	New.CleanUp.ReferenceOTU5435 Even3_333334	*
N	*	100	*	*	*	*	*	New.CleanUp.ReferenceOTU5436 Even2_275914	*
N	*	94	*	*	*	*	*	New.CleanUp.ReferenceOTU544 Even2_380851	*
N	*	100	*	*	*	*	*	New.CleanUp.ReferenceOTU5447 Even2_267820	*
N	*	100	*	*	*	*	*	New.CleanUp.ReferenceOTU5448 Even3_395155	*
N	*	95	*	*	*	*	*	New.CleanUp.ReferenceOTU545 Even3_351314	*
N	*	79	*	*	*	*	*	New.CleanUp.ReferenceOTU5450 Even2_277	*
N	*	93	*	*	*	*	*	New.CleanUp.ReferenceOTU5459 Even1_123156	*
N	*	96	*	*	*	*	*	New.CleanUp.ReferenceOTU5465 Even2_388680	*
N	*	94	*	*	*	*	*	New.CleanUp.ReferenceOTU5468 Even2_360573	*
N	*	100	*	*	*	*	*	New.CleanUp.ReferenceOTU5469 Even3_281769	*
N	*	85	*	*	*	*	*	New.CleanUp.ReferenceOTU547 Even3_384536	*
N	*	94	*	*	*	*	*	New.CleanUp.ReferenceOTU5470 Even2_270987	*
N	*	100	*	*	*	*	*	New.CleanUp.ReferenceOTU5476 Even3_297196	*
N	*	100	*	*	*	*	*	New.CleanUp.ReferenceOTU5477 Even1_151712	*
N	*	100	*	*	*	*	*	New.CleanUp.ReferenceOTU5479 Even1_88283	*
N	*	96	*	*	*	*	*	New.CleanUp.ReferenceOTU5492 Even3_323525	*
N	*	94	*	*	*	*	*	New.CleanUp.ReferenceOTU5494 Even1_259904	*
N	*	93	*	*	*	*	*	New.CleanUp.ReferenceOTU5496 Even3_355241	*
N	*	100	*	*	*	*	*	New.CleanUp.ReferenceOTU5507 Even3_302157	*
N	*	100	*	*	*	*	*	New.CleanUp.ReferenceOTU5508 Even3_375355	*
N	*	82	*	*	*	*	*	New.CleanUp.ReferenceOTU5509 Even3_309867	*
N	*	100	*	*	*	*	*	New.CleanUp.ReferenceOTU551 Even1_232568	*
N	*	96	*	*	*	*	*	New.CleanUp.ReferenceOTU5510 Even3_375421	*
N	*	100	*	*	*	*	*	New.CleanUp.ReferenceOTU5512 Even3_375351	*
N	*	100	*	*	*	*	*	New.CleanUp.ReferenceOTU5514 Even3_368532	*
N	*	100	*	*	*	*	*	New.CleanUp.ReferenceOTU5518 Even2_372116	*
N	*	81	*	*	*	*	*	New.CleanUp.ReferenceOTU5522 Even1_55589	*
N	*	100	*	*	*	*	*	New.CleanUp.ReferenceOTU553 Even1_393204	*
N	*	96	*	*	*	*	*	New.CleanUp.ReferenceOTU5534 Even3_383682	*
N	*	100	*	*	*	*	*	New.CleanUp.ReferenceOTU5535 Even3_122534	*
N	*	81	*	*	*	*	*	New.CleanUp.ReferenceOTU5541 Even1_196772	*
N	*	94	*	*	*	*	*	New.CleanUp.ReferenceOTU5543 Even1_196770	*
N	*	77	*	*	*	*	*	New.CleanUp.ReferenceOTU5553 Even3_262869	*
N	*	78	*	*	*	*	*	New.CleanUp.ReferenceOTU5554 Even3_220151	*
N	*	80	*	*	*	*	*	New.CleanUp.ReferenceOTU5555 Even3_310845	*
N	*	100	*	*	*	*	*	New.CleanUp.ReferenceOTU5557 Even3_56243	*
N	*	100	*	*	*	*	*	New.CleanUp.ReferenceOTU5559 Even2_340400	*
N	*	95	*	*	*	*	*	New.CleanUp.ReferenceOTU5563 Even2_277405	*
N	*	84	*	*	*	*	*	New.CleanUp.ReferenceOTU5568 Even1_385782	*
N	*	86	*	*	*	*	*	New.CleanUp.ReferenceOTU5573 Even3_336411	*
N	*	86	*	*	*	*	*	New.CleanUp.ReferenceOTU5579 Even1_246442	*
N	*	100	*	*	*	*	*	New.CleanUp.ReferenceOTU5583 Even1_323211	*
N	*	96	*	*	*	*	*	New.CleanUp.ReferenceOTU5585 Even2_313938	*
N	*	82	*	*	*	*	*	New.CleanUp.ReferenceOTU5587 Even1_157156	*
N	*	100	*	*	*	*	*	New.CleanUp.ReferenceOTU5588 Even1_375502	*
N	*	95	*	*	*	*	*	New.CleanUp.ReferenceOTU5591 Even1_358715	*
N	*	95	*	*	*	*	*	New.CleanUp.ReferenceOTU5592 Even2_265530	*
N	*	100	*	*	*	*	*	New.CleanUp.ReferenceOTU5593 Even2_302285	*
N	*	100	*	*	*	*	*	New.CleanUp.ReferenceOTU5603 Even1_221195	*
N	*	100	*	*	*	*	*	New.CleanUp.ReferenceOTU5604 Even1_112650	*
N	*	95	*	*	*	*	*	New.CleanUp.ReferenceOTU5607 Even3_305283	*
N	*	100	*	*	*	*	*	New.CleanUp.ReferenceOTU5611 Even2_117319	*
N	*	100	*	*	*	*	*	New.CleanUp.ReferenceOTU562 Even2_395236	*
N	*	86	*	*	*	*	*	New.CleanUp.ReferenceOTU5621 Even1_175717	*
N	*	78	*	*	*	*	*	New.CleanUp.ReferenceOTU563 Even1_8629	*
N	*	100	*	*	*	*	*	New.CleanUp.ReferenceOTU5641 Even3_319942	*
N	*	90	*	*	*	*	*	New.CleanUp.ReferenceOTU5646 Even1_122396	*
N	*	100	*	*	*	*	*	New.CleanUp.ReferenceOTU5659 Even3_284387	*
N	*	95	*	*	*	*	*	New.CleanUp.ReferenceOTU566 Even3_378171	*
N	*	100	*	*	*	*	*	New.CleanUp.ReferenceOTU5665 Even1_328903	*
N	*	100	*	*	*	*	*	New.CleanUp.ReferenceOTU5668 Even2_266204	*
N	*	89	*	*	*	*	*	New.CleanUp.ReferenceOTU567 Even3_272614	*
N	*	100	*	*	*	*	*	New.CleanUp.ReferenceOTU5670 Even3_381659	*
N	*	76	*	*	*	*	*	New.CleanUp.ReferenceOTU5677 Even1_271287	*
N	*	76	*	*	*	*	*	New.CleanUp.ReferenceOTU5678 Even1_388322	*
N	*	79	*	*	*	*	*	New.CleanUp.ReferenceOTU568 Even3_338032	*
N	*	76	*	*	*	*	*	New.CleanUp.ReferenceOTU5681 Even3_255651	*
N	*	100	*	*	*	*	*	New.CleanUp.ReferenceOTU5683 Even1_177719	*
N	*	80	*	*	*	*	*	New.CleanUp.ReferenceOTU5696 Even3_270989	*
N	*	100	*	*	*	*	*	New.CleanUp.ReferenceOTU5707 Even3_337633	*
N	*	79	*	*	*	*	*	New.CleanUp.ReferenceOTU5712 Even2_16390	*
N	*	82	*	*	*	*	*	New.CleanUp.ReferenceOTU5717 Even3_313971	*
N	*	100	*	*	*	*	*	New.CleanUp.ReferenceOTU5723 Even3_378667	*
N	*	100	*	*	*	*	*	New.CleanUp.ReferenceOTU5724 Even3_378666	*
N	*	76	*	*	*	*	*	New.CleanUp.ReferenceOTU5728 Even2_390822	*
N	*	100	*	*	*	*	*	New.CleanUp.ReferenceOTU5729 Even1_200728	*
N	*	100	*	*	*	*	*	New.CleanUp.ReferenceOTU5731 Even3_235101	*
N	*	95	*	*	*	*	*	New.CleanUp.ReferenceOTU5732 Even3_374731	*
N	*	100	*	*	*	*	*	New.CleanUp.ReferenceOTU5736 Even2_378695	*
N	*	100	*	*	*	*	*	New.CleanUp.ReferenceOTU5737 Even1_390455	*
N	*	100	*	*	*	*	*	New.CleanUp.ReferenceOTU5739 Even1_99027	*
N	*	95	*	*	*	*	*	New.CleanUp.ReferenceOTU575 Even2_223847	*
N	*	100	*	*	*	*	*	New.CleanUp.ReferenceOTU5753 Even2_278024	*
N	*	95	*	*	*	*	*	New.CleanUp.ReferenceOTU5755 Even1_390557	*
N	*	100	*	*	*	*	*	New.CleanUp.ReferenceOTU5756 Even1_360427	*
N	*	100	*	*	*	*	*	New.CleanUp.ReferenceOTU5758 Even1_325218	*
N	*	100	*	*	*	*	*	New.CleanUp.ReferenceOTU5763 Even1_313959	*
N	*	100	*	*	*	*	*	New.CleanUp.ReferenceOTU5764 Even3_210309	*
N	*	100	*	*	*	*	*	New.CleanUp.ReferenceOTU5769 Even2_388633	*
N	*	100	*	*	*	*	*	New.CleanUp.ReferenceOTU577 Even2_114574	*
N	*	100	*	*	*	*	*	New.CleanUp.ReferenceOTU5770 Even3_337857	*
N	*	100	*	*	*	*	*	New.CleanUp.ReferenceOTU5786 Even1_345140	*
N	*	95	*	*	*	*	*	New.CleanUp.ReferenceOTU5788 Even3_96642	*
N	*	90	*	*	*	*	*	New.CleanUp.ReferenceOTU5792 Even1_11324	*
N	*	93	*	*	*	*	*	New.CleanUp.ReferenceOTU5795 Even1_59115	*
N	*	92	*	*	*	*	*	New.CleanUp.ReferenceOTU5797 Even2_132646	*
N	*	77	*	*	*	*	*	New.CleanUp.ReferenceOTU5798 Even1_60406	*
N	*	91	*	*	*	*	*	New.CleanUp.ReferenceOTU5800 Even3_287296	*
N	*	90	*	*	*	*	*	New.CleanUp.ReferenceOTU5802 Even2_302163	*
N	*	93	*	*	*	*	*	New.CleanUp.ReferenceOTU5806 Even3_67809	*
N	*	100	*	*	*	*	*	New.CleanUp.ReferenceOTU5809 Even3_109475	*
N	*	83	*	*	*	*	*	New.CleanUp.ReferenceOTU5814 Even2_302148	*
N	*	100	*	*	*	*	*	New.CleanUp.ReferenceOTU5815 Even2_302149	*
N	*	79	*	*	*	*	*	New.CleanUp.ReferenceOTU5825 Even1_93090	*
N	*	96	*	*	*	*	*	New.CleanUp.ReferenceOTU583 Even3_278913	*
N	*	100	*	*	*	*	*	New.CleanUp.ReferenceOTU5836 Even2_99902	*
N	*	100	*	*	*	*	*	New.CleanUp.ReferenceOTU5837 Even3_395316	*
N	*	84	*	*	*	*	*	New.CleanUp.ReferenceOTU5841 Even3_232685	*
N	*	93	*	*	*	*	*	New.CleanUp.ReferenceOTU5843 Even3_386529	*
N	*	80	*	*	*	*	*	New.CleanUp.ReferenceOTU5845 Even3_290206	*
N	*	100	*	*	*	*	*	New.CleanUp.ReferenceOTU5846 Even2_375008	*
N	*	100	*	*	*	*	*	New.CleanUp.ReferenceOTU5847 Even3_201706	*
N	*	92	*	*	*	*	*	New.CleanUp.ReferenceOTU5851 Even3_381827	*
N	*	91	*	*	*	*	*	New.CleanUp.ReferenceOTU5853 Even1_297038	*
N	*	84	*	*	*	*	*	New.CleanUp.ReferenceOTU5864 Even3_267797	*
N	*	95	*	*	*	*	*	New.CleanUp.ReferenceOTU5865 Even2_394807	*
N	*	79	*	*	*	*	*	New.CleanUp.ReferenceOTU5867 Even2_393709	*
N	*	87	*	*	*	*	*	New.CleanUp.ReferenceOTU5871 Even3_360468	*
N	*	89	*	*	*	*	*	New.CleanUp.ReferenceOTU5874 Even1_56776	*
N	*	100	*	*	*	*	*	New.CleanUp.ReferenceOTU5876 Even2_284364	*
N	*	76	*	*	*	*	*	New.CleanUp.ReferenceOTU588 Even3_388174	*
N	*	100	*	*	*	*	*	New.CleanUp.ReferenceOTU5880 Even3_363780	*
N	*	100	*	*	*	*	*	New.CleanUp.ReferenceOTU5882 Even1_281038	*
N	*	88	*	*	*	*	*	New.CleanUp.ReferenceOTU5884 Even3_305636	*
N	*	95	*	*	*	*	*	New.CleanUp.ReferenceOTU5886 Even2_299570	*
N	*	96	*	*	*	*	*	New.CleanUp.ReferenceOTU5888 Even1_269252	*
N	*	85	*	*	*	*	*	New.CleanUp.ReferenceOTU5891 Even2_125382	*
N	*	84	*	*	*	*	*	New.CleanUp.ReferenceOTU590 Even3_56526	*
N	*	100	*	*	*	*	*	New.CleanUp.ReferenceOTU5901 Even1_14934	*
N	*	100	*	*	*	*	*	New.CleanUp.ReferenceOTU5905 Even2_397285	*
N	*	82	*	*	*	*	*	New.CleanUp.ReferenceOTU5908 Even3_284337	*
N	*	93	*	*	*	*	*	New.CleanUp.ReferenceOTU5909 Even3_176555	*
N	*	100	*	*	*	*	*	New.CleanUp.ReferenceOTU591 Even1_393497	*
N	*	80	*	*	*	*	*	New.CleanUp.ReferenceOTU5913 Even3_281293	*
N	*	100	*	*	*	*	*	New.CleanUp.ReferenceOTU5916 Even3_281290	*
N	*	93	*	*	*	*	*	New.CleanUp.ReferenceOTU5921 Even1_64872	*
N	*	100	*	*	*	*	*	New.CleanUp.ReferenceOTU5922 Even2_267802	*
N	*	100	*	*	*	*	*	New.CleanUp.ReferenceOTU5925 Even1_257000	*
N	*	100	*	*	*	*	*	New.CleanUp.ReferenceOTU5932 Even2_337405	*
N	*	100	*	*	*	*	*	New.CleanUp.ReferenceOTU5936 Even1_48601	*
N	*	100	*	*	*	*	*	New.CleanUp.ReferenceOTU5937 Even2_82734	*
N	*	83	*	*	*	*	*	New.CleanUp.ReferenceOTU5941 Even3_740	*
N	*	100	*	*	*	*	*	New.CleanUp.ReferenceOTU5952 Even2_1728	*
N	*	87	*	*	*	*	*	New.CleanUp.ReferenceOTU5956 Even2_386792	*
N	*	77	*	*	*	*	*	New.CleanUp.ReferenceOTU5957 Even3_323541	*
N	*	96	*	*	*	*	*	New.CleanUp.ReferenceOTU5960 Even1_388461	*
N	*	84	*	*	*	*	*	New.CleanUp.ReferenceOTU5968 Even2_203550	*
N	*	83	*	*	*	*	*	New.CleanUp.ReferenceOTU597 Even1_247716	*
N	*	100	*	*	*	*	*	New.CleanUp.ReferenceOTU5974 Even3_274236	*
N	*	87	*	*	*	*	*	New.CleanUp.ReferenceOTU5977 Even3_397405	*
N	*	95	*	*	*	*	*	New.CleanUp.ReferenceOTU5985 Even2_363958	*
N	*	81	*	*	*	*	*	New.CleanUp.ReferenceOTU5988 Even1_200915	*
N	*	100	*	*	*	*	*	New.CleanUp.ReferenceOTU5989 Even1_281114	*
N	*	95	*	*	*	*	*	New.CleanUp.ReferenceOTU5991 Even1_147207	*
N	*	100	*	*	*	*	*	New.CleanUp.ReferenceOTU5994 Even3_375403	*
N	*	78	*	*	*	*	*	New.CleanUp.ReferenceOTU5995 Even3_378120	*
N	*	100	*	*	*	*	*	New.CleanUp.ReferenceOTU5997 Even3_375407	*
N	*	95	*	*	*	*	*	New.CleanUp.ReferenceOTU5998 Even2_373162	*
N	*	91	*	*	*	*	*	New.CleanUp.ReferenceOTU6006 Even3_269427	*
N	*	79	*	*	*	*	*	New.CleanUp.ReferenceOTU601 Even3_339561	*
N	*	100	*	*	*	*	*	New.CleanUp.ReferenceOTU6018 Even2_375456	*
N	*	100	*	*	*	*	*	New.CleanUp.ReferenceOTU602 Even1_513	*
N	*	92	*	*	*	*	*	New.CleanUp.ReferenceOTU6022 Even2_252824	*
N	*	82	*	*	*	*	*	New.CleanUp.ReferenceOTU6024 Even1_220374	*
N	*	87	*	*	*	*	*	New.CleanUp.ReferenceOTU6027 Even2_277794	*
N	*	100	*	*	*	*	*	New.CleanUp.ReferenceOTU6030 Even1_378933	*
N	*	85	*	*	*	*	*	New.CleanUp.ReferenceOTU6031 Even1_65830	*
N	*	95	*	*	*	*	*	New.CleanUp.ReferenceOTU6032 Even3_163914	*
N	*	100	*	*	*	*	*	New.CleanUp.ReferenceOTU6039 Even1_82879	*
N	*	87	*	*	*	*	*	New.CleanUp.ReferenceOTU6049 Even3_219906	*
N	*	100	*	*	*	*	*	New.CleanUp.ReferenceOTU6055 Even3_367641	*
N	*	93	*	*	*	*	*	New.CleanUp.ReferenceOTU6056 Even3_290222	*
N	*	80	*	*	*	*	*	New.CleanUp.ReferenceOTU6057 Even3_287196	*
N	*	90	*	*	*	*	*	New.CleanUp.ReferenceOTU6059 Even3_185468	*
N	*	87	*	*	*	*	*	New.CleanUp.ReferenceOTU6065 Even1_144090	*
N	*	100	*	*	*	*	*	New.CleanUp.ReferenceOTU6066 Even2_388415	*
N	*	100	*	*	*	*	*	New.CleanUp.ReferenceOTU6068 Even3_276491	*
N	*	92	*	*	*	*	*	New.CleanUp.ReferenceOTU6072 Even2_79746	*
N	*	82	*	*	*	*	*	New.CleanUp.ReferenceOTU6074 Even2_164884	*
N	*	84	*	*	*	*	*	New.CleanUp.ReferenceOTU6075 Even3_16718	*
N	*	100	*	*	*	*	*	New.CleanUp.ReferenceOTU6076 Even1_375569	*
N	*	100	*	*	*	*	*	New.CleanUp.ReferenceOTU6077 Even3_305348	*
N	*	81	*	*	*	*	*	New.CleanUp.ReferenceOTU6081 Even1_223481	*
N	*	100	*	*	*	*	*	New.CleanUp.ReferenceOTU6089 Even2_313338	*
N	*	82	*	*	*	*	*	New.CleanUp.ReferenceOTU609 Even2_314079	*
N	*	76	*	*	*	*	*	New.CleanUp.ReferenceOTU6091 Even2_50927	*
N	*	100	*	*	*	*	*	New.CleanUp.ReferenceOTU6092 Even3_323302	*
N	*	100	*	*	*	*	*	New.CleanUp.ReferenceOTU6094 Even3_385937	*
N	*	82	*	*	*	*	*	New.CleanUp.ReferenceOTU610 Even2_132734	*
N	*	100	*	*	*	*	*	New.CleanUp.ReferenceOTU612 Even1_359672	*
N	*	100	*	*	*	*	*	New.CleanUp.ReferenceOTU6122 Even1_97751	*
N	*	100	*	*	*	*	*	New.CleanUp.ReferenceOTU6127 Even3_247895	*
N	*	100	*	*	*	*	*	New.CleanUp.ReferenceOTU6136 Even3_20423	*
N	*	95	*	*	*	*	*	New.CleanUp.ReferenceOTU6137 Even3_17404	*
N	*	100	*	*	*	*	*	New.CleanUp.ReferenceOTU6143 Even3_381679	*
N	*	100	*	*	*	*	*	New.CleanUp.ReferenceOTU6145 Even3_216774	*
N	*	91	*	*	*	*	*	New.CleanUp.ReferenceOTU6147 Even1_53283	*
N	*	96	*	*	*	*	*	New.CleanUp.ReferenceOTU615 Even1_367215	*
N	*	100	*	*	*	*	*	New.CleanUp.ReferenceOTU6151 Even3_281543	*
N	*	80	*	*	*	*	*	New.CleanUp.ReferenceOTU6155 Even1_375986	*
N	*	100	*	*	*	*	*	New.CleanUp.ReferenceOTU6158 Even2_368680	*
N	*	91	*	*	*	*	*	New.CleanUp.ReferenceOTU616 Even3_32058	*
N	*	100	*	*	*	*	*	New.CleanUp.ReferenceOTU6160 Even1_314319	*
N	*	89	*	*	*	*	*	New.CleanUp.ReferenceOTU6161 Even1_327374	*
N	*	100	*	*	*	*	*	New.CleanUp.ReferenceOTU6162 Even3_75912	*
N	*	88	*	*	*	*	*	New.CleanUp.ReferenceOTU6174 Even1_192938	*
N	*	92	*	*	*	*	*	New.CleanUp.ReferenceOTU6178 Even3_346339	*
N	*	100	*	*	*	*	*	New.CleanUp.ReferenceOTU6185 Even3_129377	*
N	*	83	*	*	*	*	*	New.CleanUp.ReferenceOTU6186 Even3_378466	*
N	*	100	*	*	*	*	*	New.CleanUp.ReferenceOTU6187 Even3_371956	*
N	*	89	*	*	*	*	*	New.CleanUp.ReferenceOTU6195 Even1_183176	*
N	*	100	*	*	*	*	*	New.CleanUp.ReferenceOTU6218 Even1_140061	*
N	*	93	*	*	*	*	*	New.CleanUp.ReferenceOTU6222 Even2_115475	*
N	*	100	*	*	*	*	*	New.CleanUp.ReferenceOTU6228 Even2_21341	*
N	*	80	*	*	*	*	*	New.CleanUp.ReferenceOTU6230 Even2_49935	*
N	*	100	*	*	*	*	*	New.CleanUp.ReferenceOTU6231 Even1_371671	*
N	*	100	*	*	*	*	*	New.CleanUp.ReferenceOTU6232 Even3_364405	*
N	*	82	*	*	*	*	*	New.CleanUp.ReferenceOTU6237 Even3_234959	*
N	*	88	*	*	*	*	*	New.CleanUp.ReferenceOTU6247 Even1_275381	*
N	*	100	*	*	*	*	*	New.CleanUp.ReferenceOTU6248 Even2_386636	*
N	*	91	*	*	*	*	*	New.CleanUp.ReferenceOTU6251 Even1_279354	*
N	*	100	*	*	*	*	*	New.CleanUp.ReferenceOTU6255 Even1_279803	*
N	*	83	*	*	*	*	*	New.CleanUp.ReferenceOTU6259 Even3_205274	*
N	*	100	*	*	*	*	*	New.CleanUp.ReferenceOTU6260 Even2_21001	*
N	*	95	*	*	*	*	*	New.CleanUp.ReferenceOTU6263 Even3_337877	*
N	*	94	*	*	*	*	*	New.CleanUp.ReferenceOTU6264 Even2_371594	*
N	*	93	*	*	*	*	*	New.CleanUp.ReferenceOTU6265 Even2_287425	*
N	*	96	*	*	*	*	*	New.CleanUp.ReferenceOTU6269 Even1_370850	*
N	*	100	*	*	*	*	*	New.CleanUp.ReferenceOTU6277 Even3_293865	*
N	*	79	*	*	*	*	*	New.CleanUp.ReferenceOTU6284 Even2_132662	*
N	*	93	*	*	*	*	*	New.CleanUp.ReferenceOTU6289 Even2_391006	*
N	*	100	*	*	*	*	*	New.CleanUp.ReferenceOTU6298 Even3_345019	*
N	*	100	*	*	*	*	*	New.CleanUp.ReferenceOTU63 Even2_248024	*
N	*	85	*	*	*	*	*	New.CleanUp.ReferenceOTU6305 Even3_127916	*
N	*	83	*	*	*	*	*	New.CleanUp.ReferenceOTU6307 Even1_178725	*
N	*	100	*	*	*	*	*	New.CleanUp.ReferenceOTU631 Even2_375274	*
N	*	100	*	*	*	*	*	New.CleanUp.ReferenceOTU6314 Even3_319463	*
N	*	96	*	*	*	*	*	New.CleanUp.ReferenceOTU6315 Even1_392766	*
N	*	100	*	*	*	*	*	New.CleanUp.ReferenceOTU6318 Even2_386597	*
N	*	85	*	*	*	*	*	New.CleanUp.ReferenceOTU6319 Even1_42116	*
N	*	94	*	*	*	*	*	New.CleanUp.ReferenceOTU632 Even1_355370	*
N	*	78	*	*	*	*	*	New.CleanUp.ReferenceOTU6326 Even3_339319	*
N	*	96	*	*	*	*	*	New.CleanUp.ReferenceOTU6328 Even1_24703	*
N	*	82	*	*	*	*	*	New.CleanUp.ReferenceOTU6332 Even1_181231	*
N	*	77	*	*	*	*	*	New.CleanUp.ReferenceOTU6333 Even1_388842	*
N	*	84	*	*	*	*	*	New.CleanUp.ReferenceOTU6335 Even3_278021	*
N	*	76	*	*	*	*	*	New.CleanUp.ReferenceOTU6336 Even1_375182	*
N	*	100	*	*	*	*	*	New.CleanUp.ReferenceOTU6339 Even2_281861	*
N	*	92	*	*	*	*	*	New.CleanUp.ReferenceOTU6347 Even2_217084	*
N	*	100	*	*	*	*	*	New.CleanUp.ReferenceOTU6352 Even2_194239	*
N	*	81	*	*	*	*	*	New.CleanUp.ReferenceOTU6355 Even2_384559	*
N	*	100	*	*	*	*	*	New.CleanUp.ReferenceOTU6357 Even1_235045	*
N	*	92	*	*	*	*	*	New.CleanUp.ReferenceOTU6379 Even2_142787	*
N	*	81	*	*	*	*	*	New.CleanUp.ReferenceOTU6380 Even1_337383	*
N	*	100	*	*	*	*	*	New.CleanUp.ReferenceOTU6381 Even3_284269	*
N	*	92	*	*	*	*	*	New.CleanUp.ReferenceOTU6389 Even1_267337	*
N	*	100	*	*	*	*	*	New.CleanUp.ReferenceOTU639 Even2_76683	*
N	*	100	*	*	*	*	*	New.CleanUp.ReferenceOTU6400 Even1_376453	*
N	*	81	*	*	*	*	*	New.CleanUp.ReferenceOTU6404 Even1_10217	*
N	*	100	*	*	*	*	*	New.CleanUp.ReferenceOTU6405 Even1_287431	*
N	*	100	*	*	*	*	*	New.CleanUp.ReferenceOTU6411 Even2_284342	*
N	*	96	*	*	*	*	*	New.CleanUp.ReferenceOTU6412 Even1_250671	*
N	*	90	*	*	*	*	*	New.CleanUp.ReferenceOTU6413 Even2_309968	*
N	*	79	*	*	*	*	*	New.CleanUp.ReferenceOTU6416 Even2_381699	*
N	*	96	*	*	*	*	*	New.CleanUp.ReferenceOTU6418 Even2_381695	*
N	*	82	*	*	*	*	*	New.CleanUp.ReferenceOTU6420 Even3_288770	*
N	*	96	*	*	*	*	*	New.CleanUp.ReferenceOTU6421 Even1_359765	*
N	*	100	*	*	*	*	*	New.CleanUp.ReferenceOTU6426 Even2_388642	*
N	*	100	*	*	*	*	*	New.CleanUp.ReferenceOTU6428 Even1_320929	*
N	*	81	*	*	*	*	*	New.CleanUp.ReferenceOTU6429 Even3_58940	*
N	*	88	*	*	*	*	*	New.CleanUp.ReferenceOTU643 Even2_384459	*
N	*	81	*	*	*	*	*	New.CleanUp.ReferenceOTU6435 Even1_346516	*
N	*	80	*	*	*	*	*	New.CleanUp.ReferenceOTU6437 Even3_215092	*
N	*	100	*	*	*	*	*	New.CleanUp.ReferenceOTU6442 Even2_351703	*
N	*	94	*	*	*	*	*	New.CleanUp.ReferenceOTU6445 Even1_134403	*
N	*	96	*	*	*	*	*	New.CleanUp.ReferenceOTU6450 Even1_388486	*
N	*	88	*	*	*	*	*	New.CleanUp.ReferenceOTU6452 Even2_46258	*
N	*	100	*	*	*	*	*	New.CleanUp.ReferenceOTU6463 Even2_375422	*
N	*	95	*	*	*	*	*	New.CleanUp.ReferenceOTU6468 Even1_380908	*
N	*	100	*	*	*	*	*	New.CleanUp.ReferenceOTU6469 Even1_136294	*
N	*	100	*	*	*	*	*	New.CleanUp.ReferenceOTU647 Even1_161854	*
N	*	95	*	*	*	*	*	New.CleanUp.ReferenceOTU6472 Even1_194876	*
N	*	100	*	*	*	*	*	New.CleanUp.ReferenceOTU6479 Even3_375461	*
N	*	81	*	*	*	*	*	New.CleanUp.ReferenceOTU6481 Even1_17794	*
N	*	78	*	*	*	*	*	New.CleanUp.ReferenceOTU6486 Even1_192768	*
N	*	95	*	*	*	*	*	New.CleanUp.ReferenceOTU649 Even3_386822	*
N	*	95	*	*	*	*	*	New.CleanUp.ReferenceOTU6492 Even3_368062	*
N	*	95	*	*	*	*	*	New.CleanUp.ReferenceOTU6497 Even1_232028	*
N	*	84	*	*	*	*	*	New.CleanUp.ReferenceOTU6498 Even3_130789	*
N	*	100	*	*	*	*	*	New.CleanUp.ReferenceOTU65 Even2_388582	*
N	*	100	*	*	*	*	*	New.CleanUp.ReferenceOTU6500 Even3_372010	*
N	*	100	*	*	*	*	*	New.CleanUp.ReferenceOTU6506 Even2_258471	*
N	*	86	*	*	*	*	*	New.CleanUp.ReferenceOTU6507 Even2_155655	*
N	*	76	*	*	*	*	*	New.CleanUp.ReferenceOTU6508 Even3_388435	*
N	*	100	*	*	*	*	*	New.CleanUp.ReferenceOTU6509 Even3_330181	*
N	*	95	*	*	*	*	*	New.CleanUp.ReferenceOTU6512 Even3_380995	*
N	*	89	*	*	*	*	*	New.CleanUp.ReferenceOTU6515 Even1_374361	*
N	*	100	*	*	*	*	*	New.CleanUp.ReferenceOTU6516 Even3_381277	*
N	*	78	*	*	*	*	*	New.CleanUp.ReferenceOTU6518 Even1_390830	*
N	*	83	*	*	*	*	*	New.CleanUp.ReferenceOTU6524 Even1_364775	*
N	*	81	*	*	*	*	*	New.CleanUp.ReferenceOTU6538 Even3_22046	*
N	*	100	*	*	*	*	*	New.CleanUp.ReferenceOTU6542 Even2_224065	*
N	*	96	*	*	*	*	*	New.CleanUp.ReferenceOTU6543 Even3_281335	*
N	*	100	*	*	*	*	*	New.CleanUp.ReferenceOTU6544 Even3_19425	*
N	*	100	*	*	*	*	*	New.CleanUp.ReferenceOTU6545 Even1_1733	*
N	*	82	*	*	*	*	*	New.CleanUp.ReferenceOTU6546 Even2_270988	*
N	*	85	*	*	*	*	*	New.CleanUp.ReferenceOTU6547 Even1_280668	*
N	*	92	*	*	*	*	*	New.CleanUp.ReferenceOTU6548 Even3_131250	*
N	*	100	*	*	*	*	*	New.CleanUp.ReferenceOTU6550 Even1_103202	*
N	*	86	*	*	*	*	*	New.CleanUp.ReferenceOTU6555 Even1_323526	*
N	*	94	*	*	*	*	*	New.CleanUp.ReferenceOTU6557 Even1_323250	*
N	*	93	*	*	*	*	*	New.CleanUp.ReferenceOTU656 Even1_292356	*
N	*	100	*	*	*	*	*	New.CleanUp.ReferenceOTU6561 Even2_281100	*
N	*	88	*	*	*	*	*	New.CleanUp.ReferenceOTU6564 Even2_281451	*
N	*	100	*	*	*	*	*	New.CleanUp.ReferenceOTU6569 Even2_129820	*
N	*	100	*	*	*	*	*	New.CleanUp.ReferenceOTU657 Even3_393620	*
N	*	94	*	*	*	*	*	New.CleanUp.ReferenceOTU6577 Even2_381449	*
N	*	94	*	*	*	*	*	New.CleanUp.ReferenceOTU6578 Even2_309774	*
N	*	84	*	*	*	*	*	New.CleanUp.ReferenceOTU6583 Even3_386696	*
N	*	82	*	*	*	*	*	New.CleanUp.ReferenceOTU6589 Even3_91145	*
N	*	96	*	*	*	*	*	New.CleanUp.ReferenceOTU6590 Even2_364662	*
N	*	94	*	*	*	*	*	New.CleanUp.ReferenceOTU6591 Even1_386411	*
N	*	100	*	*	*	*	*	New.CleanUp.ReferenceOTU6592 Even2_393952	*
N	*	100	*	*	*	*	*	New.CleanUp.ReferenceOTU6599 Even2_44121	*
N	*	81	*	*	*	*	*	New.CleanUp.ReferenceOTU6614 Even3_71703	*
N	*	100	*	*	*	*	*	New.CleanUp.ReferenceOTU662 Even3_360591	*
N	*	85	*	*	*	*	*	New.CleanUp.ReferenceOTU6622 Even2_29601	*
N	*	100	*	*	*	*	*	New.CleanUp.ReferenceOTU6627 Even3_275426	*
N	*	82	*	*	*	*	*	New.CleanUp.ReferenceOTU6628 Even1_388810	*
N	*	100	*	*	*	*	*	New.CleanUp.ReferenceOTU6633 Even3_275429	*
N	*	76	*	*	*	*	*	New.CleanUp.ReferenceOTU6634 Even2_266247	*
N	*	94	*	*	*	*	*	New.CleanUp.ReferenceOTU6637 Even1_309734	*
N	*	100	*	*	*	*	*	New.CleanUp.ReferenceOTU6639 Even2_290378	*
N	*	100	*	*	*	*	*	New.CleanUp.ReferenceOTU6649 Even2_372092	*
N	*	81	*	*	*	*	*	New.CleanUp.ReferenceOTU6650 Even3_208740	*
N	*	95	*	*	*	*	*	New.CleanUp.ReferenceOTU6653 Even3_29546	*
N	*	100	*	*	*	*	*	New.CleanUp.ReferenceOTU6655 Even2_371951	*
N	*	100	*	*	*	*	*	New.CleanUp.ReferenceOTU6659 Even3_103540	*
N	*	81	*	*	*	*	*	New.CleanUp.ReferenceOTU6663 Even2_350625	*
N	*	79	*	*	*	*	*	New.CleanUp.ReferenceOTU6667 Even2_224573	*
N	*	100	*	*	*	*	*	New.CleanUp.ReferenceOTU6669 Even1_19923	*
N	*	94	*	*	*	*	*	New.CleanUp.ReferenceOTU6675 Even1_395109	*
N	*	95	*	*	*	*	*	New.CleanUp.ReferenceOTU6676 Even2_277204	*
N	*	100	*	*	*	*	*	New.CleanUp.ReferenceOTU6680 Even3_395274	*
N	*	100	*	*	*	*	*	New.CleanUp.ReferenceOTU6683 Even3_281481	*
N	*	100	*	*	*	*	*	New.CleanUp.ReferenceOTU6685 Even3_378677	*
N	*	91	*	*	*	*	*	New.CleanUp.ReferenceOTU6687 Even1_309821	*
N	*	96	*	*	*	*	*	New.CleanUp.ReferenceOTU6697 Even2_386416	*
N	*	100	*	*	*	*	*	New.CleanUp.ReferenceOTU6700 Even3_193891	*
N	*	76	*	*	*	*	*	New.CleanUp.ReferenceOTU6701 Even3_242795	*
N	*	100	*	*	*	*	*	New.CleanUp.ReferenceOTU6703 Even2_166521	*
N	*	92	*	*	*	*	*	New.CleanUp.ReferenceOTU6706 Even3_281469	*
N	*	79	*	*	*	*	*	New.CleanUp.ReferenceOTU6709 Even2_52012	*
N	*	82	*	*	*	*	*	New.CleanUp.ReferenceOTU6710 Even2_390860	*
N	*	95	*	*	*	*	*	New.CleanUp.ReferenceOTU6712 Even1_346236	*
N	*	92	*	*	*	*	*	New.CleanUp.ReferenceOTU6715 Even1_313919	*
N	*	91	*	*	*	*	*	New.CleanUp.ReferenceOTU6720 Even3_124574	*
N	*	90	*	*	*	*	*	New.CleanUp.ReferenceOTU6722 Even3_274118	*
N	*	100	*	*	*	*	*	New.CleanUp.ReferenceOTU6724 Even3_364425	*
N	*	84	*	*	*	*	*	New.CleanUp.ReferenceOTU6725 Even1_356412	*
N	*	100	*	*	*	*	*	New.CleanUp.ReferenceOTU6732 Even2_224298	*
N	*	100	*	*	*	*	*	New.CleanUp.ReferenceOTU6735 Even2_386614	*
N	*	92	*	*	*	*	*	New.CleanUp.ReferenceOTU6740 Even2_396297	*
N	*	81	*	*	*	*	*	New.CleanUp.ReferenceOTU6742 Even3_375073	*
N	*	92	*	*	*	*	*	New.CleanUp.ReferenceOTU6748 Even3_116406	*
N	*	84	*	*	*	*	*	New.CleanUp.ReferenceOTU6749 Even1_9889	*
N	*	100	*	*	*	*	*	New.CleanUp.ReferenceOTU6755 Even2_314236	*
N	*	96	*	*	*	*	*	New.CleanUp.ReferenceOTU6757 Even3_391085	*
N	*	81	*	*	*	*	*	New.CleanUp.ReferenceOTU6758 Even2_314546	*
N	*	95	*	*	*	*	*	New.CleanUp.ReferenceOTU6761 Even3_70615	*
N	*	90	*	*	*	*	*	New.CleanUp.ReferenceOTU6763 Even2_203718	*
N	*	100	*	*	*	*	*	New.CleanUp.ReferenceOTU6764 Even2_391021	*
N	*	87	*	*	*	*	*	New.CleanUp.ReferenceOTU6769 Even3_297484	*
N	*	87	*	*	*	*	*	New.CleanUp.ReferenceOTU6771 Even3_279407	*
N	*	100	*	*	*	*	*	New.CleanUp.ReferenceOTU6773 Even3_66468	*
N	*	92	*	*	*	*	*	New.CleanUp.ReferenceOTU6774 Even2_242299	*
N	*	96	*	*	*	*	*	New.CleanUp.ReferenceOTU6775 Even1_351323	*
N	*	100	*	*	*	*	*	New.CleanUp.ReferenceOTU6784 Even3_372182	*
N	*	92	*	*	*	*	*	New.CleanUp.ReferenceOTU6790 Even2_340788	*
N	*	81	*	*	*	*	*	New.CleanUp.ReferenceOTU6791 Even1_281130	*
N	*	87	*	*	*	*	*	New.CleanUp.ReferenceOTU6793 Even2_302106	*
N	*	95	*	*	*	*	*	New.CleanUp.ReferenceOTU6794 Even2_305332	*
N	*	100	*	*	*	*	*	New.CleanUp.ReferenceOTU6796 Even1_293682	*
N	*	91	*	*	*	*	*	New.CleanUp.ReferenceOTU6810 Even2_290169	*
N	*	100	*	*	*	*	*	New.CleanUp.ReferenceOTU6813 Even2_290167	*
N	*	100	*	*	*	*	*	New.CleanUp.ReferenceOTU6824 Even2_384574	*
N	*	94	*	*	*	*	*	New.CleanUp.ReferenceOTU6827 Even3_35129	*
N	*	92	*	*	*	*	*	New.CleanUp.ReferenceOTU6828 Even1_363667	*
N	*	100	*	*	*	*	*	New.CleanUp.ReferenceOTU6829 Even3_341978	*
N	*	100	*	*	*	*	*	New.CleanUp.ReferenceOTU6830 Even1_368394	*
N	*	90	*	*	*	*	*	New.CleanUp.ReferenceOTU6831 Even1_302070	*
N	*	100	*	*	*	*	*	New.CleanUp.ReferenceOTU6832 Even1_302078	*
N	*	100	*	*	*	*	*	New.CleanUp.ReferenceOTU6835 Even3_392851	*
N	*	100	*	*	*	*	*	New.CleanUp.ReferenceOTU6840 Even2_385222	*
N	*	100	*	*	*	*	*	New.CleanUp.ReferenceOTU6843 Even3_284200	*
N	*	86	*	*	*	*	*	New.CleanUp.ReferenceOTU6846 Even3_360421	*
N	*	91	*	*	*	*	*	New.CleanUp.ReferenceOTU6849 Even2_265729	*
N	*	94	*	*	*	*	*	New.CleanUp.ReferenceOTU685 Even1_378288	*
N	*	84	*	*	*	*	*	New.CleanUp.ReferenceOTU6850 Even2_40234	*
N	*	91	*	*	*	*	*	New.CleanUp.ReferenceOTU6851 Even3_8949	*
N	*	100	*	*	*	*	*	New.CleanUp.ReferenceOTU6852 Even1_269215	*
N	*	100	*	*	*	*	*	New.CleanUp.ReferenceOTU6853 Even1_8981	*
N	*	100	*	*	*	*	*	New.CleanUp.ReferenceOTU6854 Even1_93360	*
N	*	84	*	*	*	*	*	New.CleanUp.ReferenceOTU6855 Even3_162327	*
N	*	81	*	*	*	*	*	New.CleanUp.ReferenceOTU6859 Even1_82050	*
N	*	96	*	*	*	*	*	New.CleanUp.ReferenceOTU6863 Even3_104355	*
N	*	95	*	*	*	*	*	New.CleanUp.ReferenceOTU6864 Even1_371607	*
N	*	79	*	*	*	*	*	New.CleanUp.ReferenceOTU687 Even2_215041	*
N	*	100	*	*	*	*	*	New.CleanUp.ReferenceOTU6871 Even3_217612	*
N	*	100	*	*	*	*	*	New.CleanUp.ReferenceOTU6873 Even3_301995	*
N	*	100	*	*	*	*	*	New.CleanUp.ReferenceOTU6875 Even3_397319	*
N	*	84	*	*	*	*	*	New.CleanUp.ReferenceOTU6881 Even1_25538	*
N	*	82	*	*	*	*	*	New.CleanUp.ReferenceOTU6882 Even1_323926	*
N	*	95	*	*	*	*	*	New.CleanUp.ReferenceOTU6887 Even1_309961	*
N	*	100	*	*	*	*	*	New.CleanUp.ReferenceOTU6888 Even3_227480	*
N	*	100	*	*	*	*	*	New.CleanUp.ReferenceOTU6890 Even1_293870	*
N	*	100	*	*	*	*	*	New.CleanUp.ReferenceOTU6897 Even3_351180	*
N	*	100	*	*	*	*	*	New.CleanUp.ReferenceOTU6901 Even2_388661	*
N	*	100	*	*	*	*	*	New.CleanUp.ReferenceOTU6904 Even2_4428	*
N	*	100	*	*	*	*	*	New.CleanUp.ReferenceOTU6906 Even2_351722	*
N	*	100	*	*	*	*	*	New.CleanUp.ReferenceOTU6910 Even2_237621	*
N	*	81	*	*	*	*	*	New.CleanUp.ReferenceOTU6917 Even2_332367	*
N	*	94	*	*	*	*	*	New.CleanUp.ReferenceOTU6920 Even2_287291	*
N	*	96	*	*	*	*	*	New.CleanUp.ReferenceOTU6928 Even2_42797	*
N	*	90	*	*	*	*	*	New.CleanUp.ReferenceOTU6936 Even3_178804	*
N	*	100	*	*	*	*	*	New.CleanUp.ReferenceOTU6937 Even2_313544	*
N	*	82	*	*	*	*	*	New.CleanUp.ReferenceOTU6939 Even3_124969	*
N	*	80	*	*	*	*	*	New.CleanUp.ReferenceOTU6940 Even1_280864	*
N	*	79	*	*	*	*	*	New.CleanUp.ReferenceOTU6948 Even2_216548	*
N	*	85	*	*	*	*	*	New.CleanUp.ReferenceOTU6949 Even3_272602	*
N	*	90	*	*	*	*	*	New.CleanUp.ReferenceOTU695 Even1_326922	*
N	*	92	*	*	*	*	*	New.CleanUp.ReferenceOTU6950 Even2_297256	*
N	*	86	*	*	*	*	*	New.CleanUp.ReferenceOTU6952 Even1_275225	*
N	*	82	*	*	*	*	*	New.CleanUp.ReferenceOTU6958 Even2_88491	*
N	*	100	*	*	*	*	*	New.CleanUp.ReferenceOTU696 Even2_393604	*
N	*	100	*	*	*	*	*	New.CleanUp.ReferenceOTU6963 Even3_384507	*
N	*	95	*	*	*	*	*	New.CleanUp.ReferenceOTU6964 Even3_384506	*
N	*	90	*	*	*	*	*	New.CleanUp.ReferenceOTU6967 Even2_333295	*
N	*	100	*	*	*	*	*	New.CleanUp.ReferenceOTU6969 Even1_364758	*
N	*	83	*	*	*	*	*	New.CleanUp.ReferenceOTU6970 Even1_364024	*
N	*	100	*	*	*	*	*	New.CleanUp.ReferenceOTU6971 Even2_16546	*
N	*	88	*	*	*	*	*	New.CleanUp.ReferenceOTU6980 Even1_314433	*
N	*	100	*	*	*	*	*	New.CleanUp.ReferenceOTU6984 Even3_297350	*
N	*	94	*	*	*	*	*	New.CleanUp.ReferenceOTU6988 Even3_378160	*
N	*	94	*	*	*	*	*	New.CleanUp.ReferenceOTU6989 Even3_268840	*
N	*	95	*	*	*	*	*	New.CleanUp.ReferenceOTU6997 Even1_368665	*
N	*	80	*	*	*	*	*	New.CleanUp.ReferenceOTU70 Even1_280871	*
N	*	96	*	*	*	*	*	New.CleanUp.ReferenceOTU7002 Even1_317588	*
N	*	85	*	*	*	*	*	New.CleanUp.ReferenceOTU7011 Even1_49626	*
N	*	100	*	*	*	*	*	New.CleanUp.ReferenceOTU7014 Even1_43616	*
N	*	100	*	*	*	*	*	New.CleanUp.ReferenceOTU7020 Even1_393293	*
N	*	93	*	*	*	*	*	New.CleanUp.ReferenceOTU7024 Even1_323505	*
N	*	100	*	*	*	*	*	New.CleanUp.ReferenceOTU7025 Even2_281439	*
N	*	100	*	*	*	*	*	New.CleanUp.ReferenceOTU7027 Even2_79560	*
N	*	95	*	*	*	*	*	New.CleanUp.ReferenceOTU7041 Even3_386812	*
N	*	100	*	*	*	*	*	New.CleanUp.ReferenceOTU7042 Even3_386811	*
N	*	80	*	*	*	*	*	New.CleanUp.ReferenceOTU7050 Even1_229679	*
N	*	100	*	*	*	*	*	New.CleanUp.ReferenceOTU7052 Even2_79788	*
N	*	83	*	*	*	*	*	New.CleanUp.ReferenceOTU7055 Even2_207124	*
N	*	100	*	*	*	*	*	New.CleanUp.ReferenceOTU7059 Even2_44105	*
N	*	96	*	*	*	*	*	New.CleanUp.ReferenceOTU7062 Even2_383955	*
N	*	89	*	*	*	*	*	New.CleanUp.ReferenceOTU7065 Even1_304723	*
N	*	95	*	*	*	*	*	New.CleanUp.ReferenceOTU707 Even2_384231	*
N	*	100	*	*	*	*	*	New.CleanUp.ReferenceOTU7071 Even3_31782	*
N	*	100	*	*	*	*	*	New.CleanUp.ReferenceOTU7072 Even1_385124	*
N	*	83	*	*	*	*	*	New.CleanUp.ReferenceOTU7073 Even3_31786	*
N	*	95	*	*	*	*	*	New.CleanUp.ReferenceOTU7076 Even1_124093	*
N	*	96	*	*	*	*	*	New.CleanUp.ReferenceOTU7082 Even2_280526	*
N	*	100	*	*	*	*	*	New.CleanUp.ReferenceOTU7083 Even2_95221	*
N	*	86	*	*	*	*	*	New.CleanUp.ReferenceOTU7085 Even2_280522	*
N	*	93	*	*	*	*	*	New.CleanUp.ReferenceOTU7090 Even1_131709	*
N	*	94	*	*	*	*	*	New.CleanUp.ReferenceOTU7093 Even1_372760	*
N	*	100	*	*	*	*	*	New.CleanUp.ReferenceOTU7094 Even3_328124	*
N	*	92	*	*	*	*	*	New.CleanUp.ReferenceOTU71 Even1_280877	*
N	*	86	*	*	*	*	*	New.CleanUp.ReferenceOTU7107 Even1_225176	*
N	*	94	*	*	*	*	*	New.CleanUp.ReferenceOTU7112 Even2_282964	*
N	*	92	*	*	*	*	*	New.CleanUp.ReferenceOTU7113 Even2_369044	*
N	*	100	*	*	*	*	*	New.CleanUp.ReferenceOTU7115 Even1_76013	*
N	*	85	*	*	*	*	*	New.CleanUp.ReferenceOTU7126 Even2_245212	*
N	*	100	*	*	*	*	*	New.CleanUp.ReferenceOTU7133 Even3_318440	*
N	*	100	*	*	*	*	*	New.CleanUp.ReferenceOTU7139 Even3_395257	*
N	*	93	*	*	*	*	*	New.CleanUp.ReferenceOTU7140 Even2_397051	*
N	*	93	*	*	*	*	*	New.CleanUp.ReferenceOTU7150 Even2_34667	*
N	*	100	*	*	*	*	*	New.CleanUp.ReferenceOTU7151 Even2_390884	*
N	*	95	*	*	*	*	*	New.CleanUp.ReferenceOTU7152 Even3_281448	*
N	*	100	*	*	*	*	*	New.CleanUp.ReferenceOTU7180 Even1_114931	*
N	*	95	*	*	*	*	*	New.CleanUp.ReferenceOTU7182 Even2_388436	*
N	*	100	*	*	*	*	*	New.CleanUp.ReferenceOTU7185 Even2_356365	*
N	*	100	*	*	*	*	*	New.CleanUp.ReferenceOTU7188 Even2_356362	*
N	*	77	*	*	*	*	*	New.CleanUp.ReferenceOTU7189 Even3_96629	*
N	*	100	*	*	*	*	*	New.CleanUp.ReferenceOTU7190 Even1_305436	*
N	*	100	*	*	*	*	*	New.CleanUp.ReferenceOTU7195 Even2_314216	*
N	*	95	*	*	*	*	*	New.CleanUp.ReferenceOTU720 Even1_368465	*
N	*	76	*	*	*	*	*	New.CleanUp.ReferenceOTU7200 Even3_53950	*
N	*	100	*	*	*	*	*	New.CleanUp.ReferenceOTU7205 Even1_213808	*
N	*	80	*	*	*	*	*	New.CleanUp.ReferenceOTU7209 Even2_140196	*
N	*	96	*	*	*	*	*	New.CleanUp.ReferenceOTU721 Even3_390306	*
N	*	95	*	*	*	*	*	New.CleanUp.ReferenceOTU7214 Even1_283853	*
N	*	100	*	*	*	*	*	New.CleanUp.ReferenceOTU7216 Even1_107639	*
N	*	76	*	*	*	*	*	New.CleanUp.ReferenceOTU7221 Even2_370976	*
N	*	79	*	*	*	*	*	New.CleanUp.ReferenceOTU7227 Even3_117595	*
N	*	82	*	*	*	*	*	New.CleanUp.ReferenceOTU7229 Even2_222829	*
N	*	100	*	*	*	*	*	New.CleanUp.ReferenceOTU723 Even3_280575	*
N	*	100	*	*	*	*	*	New.CleanUp.ReferenceOTU7232 Even2_61125	*
N	*	89	*	*	*	*	*	New.CleanUp.ReferenceOTU7245 Even3_383564	*
N	*	100	*	*	*	*	*	New.CleanUp.ReferenceOTU725 Even3_393165	*
N	*	100	*	*	*	*	*	New.CleanUp.ReferenceOTU7252 Even1_290201	*
N	*	100	*	*	*	*	*	New.CleanUp.ReferenceOTU7259 Even1_142398	*
N	*	83	*	*	*	*	*	New.CleanUp.ReferenceOTU7260 Even1_345709	*
N	*	100	*	*	*	*	*	New.CleanUp.ReferenceOTU7261 Even3_328284	*
N	*	100	*	*	*	*	*	New.CleanUp.ReferenceOTU7262 Even3_203649	*
N	*	100	*	*	*	*	*	New.CleanUp.ReferenceOTU7270 Even1_156013	*
N	*	100	*	*	*	*	*	New.CleanUp.ReferenceOTU7278 Even3_44197	*
N	*	100	*	*	*	*	*	New.CleanUp.ReferenceOTU7279 Even2_393501	*
N	*	100	*	*	*	*	*	New.CleanUp.ReferenceOTU7286 Even3_341919	*
N	*	100	*	*	*	*	*	New.CleanUp.ReferenceOTU729 Even3_277830	*
N	*	81	*	*	*	*	*	New.CleanUp.ReferenceOTU7290 Even3_6249	*
N	*	85	*	*	*	*	*	New.CleanUp.ReferenceOTU7297 Even2_272629	*
N	*	100	*	*	*	*	*	New.CleanUp.ReferenceOTU7299 Even1_372245	*
N	*	83	*	*	*	*	*	New.CleanUp.ReferenceOTU7301 Even3_386715	*
N	*	76	*	*	*	*	*	New.CleanUp.ReferenceOTU7306 Even3_196303	*
N	*	85	*	*	*	*	*	New.CleanUp.ReferenceOTU7307 Even1_3832	*
N	*	84	*	*	*	*	*	New.CleanUp.ReferenceOTU7311 Even1_276117	*
N	*	83	*	*	*	*	*	New.CleanUp.ReferenceOTU7313 Even1_217925	*
N	*	92	*	*	*	*	*	New.CleanUp.ReferenceOTU7315 Even1_272124	*
N	*	94	*	*	*	*	*	New.CleanUp.ReferenceOTU7317 Even1_31520	*
N	*	100	*	*	*	*	*	New.CleanUp.ReferenceOTU732 Even2_390899	*
N	*	80	*	*	*	*	*	New.CleanUp.ReferenceOTU7324 Even1_36357	*
N	*	92	*	*	*	*	*	New.CleanUp.ReferenceOTU7325 Even1_190228	*
N	*	100	*	*	*	*	*	New.CleanUp.ReferenceOTU733 Even2_390898	*
N	*	89	*	*	*	*	*	New.CleanUp.ReferenceOTU7335 Even1_296475	*
N	*	84	*	*	*	*	*	New.CleanUp.ReferenceOTU7337 Even3_277340	*
N	*	100	*	*	*	*	*	New.CleanUp.ReferenceOTU7343 Even2_375379	*
N	*	92	*	*	*	*	*	New.CleanUp.ReferenceOTU7345 Even3_284229	*
N	*	89	*	*	*	*	*	New.CleanUp.ReferenceOTU7346 Even2_107374	*
N	*	84	*	*	*	*	*	New.CleanUp.ReferenceOTU7349 Even1_313490	*
N	*	96	*	*	*	*	*	New.CleanUp.ReferenceOTU7350 Even3_284220	*
N	*	86	*	*	*	*	*	New.CleanUp.ReferenceOTU7352 Even1_306241	*
N	*	84	*	*	*	*	*	New.CleanUp.ReferenceOTU7355 Even2_284384	*
N	*	100	*	*	*	*	*	New.CleanUp.ReferenceOTU7357 Even2_284381	*
N	*	92	*	*	*	*	*	New.CleanUp.ReferenceOTU7358 Even2_273572	*
N	*	94	*	*	*	*	*	New.CleanUp.ReferenceOTU7360 Even2_300751	*
N	*	100	*	*	*	*	*	New.CleanUp.ReferenceOTU7365 Even2_397024	*
N	*	82	*	*	*	*	*	New.CleanUp.ReferenceOTU7366 Even3_23908	*
N	*	83	*	*	*	*	*	New.CleanUp.ReferenceOTU7367 Even3_279069	*
N	*	82	*	*	*	*	*	New.CleanUp.ReferenceOTU7369 Even2_240028	*
N	*	100	*	*	*	*	*	New.CleanUp.ReferenceOTU737 Even1_279957	*
N	*	91	*	*	*	*	*	New.CleanUp.ReferenceOTU7372 Even1_314147	*
N	*	95	*	*	*	*	*	New.CleanUp.ReferenceOTU7373 Even2_85394	*
N	*	85	*	*	*	*	*	New.CleanUp.ReferenceOTU7374 Even3_288013	*
N	*	92	*	*	*	*	*	New.CleanUp.ReferenceOTU7375 Even2_70910	*
N	*	84	*	*	*	*	*	New.CleanUp.ReferenceOTU7378 Even3_265488	*
N	*	85	*	*	*	*	*	New.CleanUp.ReferenceOTU738 Even2_9087	*
N	*	91	*	*	*	*	*	New.CleanUp.ReferenceOTU7382 Even3_397283	*
N	*	93	*	*	*	*	*	New.CleanUp.ReferenceOTU7383 Even1_346735	*
N	*	78	*	*	*	*	*	New.CleanUp.ReferenceOTU7385 Even3_185064	*
N	*	100	*	*	*	*	*	New.CleanUp.ReferenceOTU7388 Even2_397264	*
N	*	79	*	*	*	*	*	New.CleanUp.ReferenceOTU739 Even1_64584	*
N	*	100	*	*	*	*	*	New.CleanUp.ReferenceOTU7392 Even2_98662	*
N	*	100	*	*	*	*	*	New.CleanUp.ReferenceOTU7393 Even3_314097	*
N	*	100	*	*	*	*	*	New.CleanUp.ReferenceOTU74 Even2_375413	*
N	*	95	*	*	*	*	*	New.CleanUp.ReferenceOTU740 Even2_337395	*
N	*	100	*	*	*	*	*	New.CleanUp.ReferenceOTU7403 Even1_333311	*
N	*	77	*	*	*	*	*	New.CleanUp.ReferenceOTU7407 Even1_131916	*
N	*	91	*	*	*	*	*	New.CleanUp.ReferenceOTU7415 Even1_277580	*
N	*	79	*	*	*	*	*	New.CleanUp.ReferenceOTU7417 Even2_225044	*
N	*	89	*	*	*	*	*	New.CleanUp.ReferenceOTU7419 Even3_397417	*
N	*	90	*	*	*	*	*	New.CleanUp.ReferenceOTU7421 Even1_278728	*
N	*	94	*	*	*	*	*	New.CleanUp.ReferenceOTU7431 Even3_297119	*
N	*	100	*	*	*	*	*	New.CleanUp.ReferenceOTU7434 Even2_19720	*
N	*	91	*	*	*	*	*	New.CleanUp.ReferenceOTU7438 Even1_162646	*
N	*	100	*	*	*	*	*	New.CleanUp.ReferenceOTU7444 Even3_384529	*
N	*	93	*	*	*	*	*	New.CleanUp.ReferenceOTU7446 Even2_296275	*
N	*	84	*	*	*	*	*	New.CleanUp.ReferenceOTU7447 Even3_33086	*
N	*	78	*	*	*	*	*	New.CleanUp.ReferenceOTU7449 Even2_386395	*
N	*	85	*	*	*	*	*	New.CleanUp.ReferenceOTU7458 Even2_395225	*
N	*	96	*	*	*	*	*	New.CleanUp.ReferenceOTU7461 Even3_388380	*
N	*	89	*	*	*	*	*	New.CleanUp.ReferenceOTU7464 Even1_279587	*
N	*	79	*	*	*	*	*	New.CleanUp.ReferenceOTU7467 Even1_253147	*
N	*	100	*	*	*	*	*	New.CleanUp.ReferenceOTU7478 Even3_384382	*
N	*	81	*	*	*	*	*	New.CleanUp.ReferenceOTU748 Even2_387394	*
N	*	100	*	*	*	*	*	New.CleanUp.ReferenceOTU7481 Even1_323741	*
N	*	95	*	*	*	*	*	New.CleanUp.ReferenceOTU7482 Even2_275351	*
N	*	92	*	*	*	*	*	New.CleanUp.ReferenceOTU7485 Even1_138187	*
N	*	92	*	*	*	*	*	New.CleanUp.ReferenceOTU7489 Even3_388716	*
N	*	100	*	*	*	*	*	New.CleanUp.ReferenceOTU7490 Even3_117104	*
N	*	100	*	*	*	*	*	New.CleanUp.ReferenceOTU7495 Even3_367807	*
N	*	100	*	*	*	*	*	New.CleanUp.ReferenceOTU7496 Even3_100193	*
N	*	81	*	*	*	*	*	New.CleanUp.ReferenceOTU7499 Even3_100199	*
N	*	85	*	*	*	*	*	New.CleanUp.ReferenceOTU75 Even2_375411	*
N	*	87	*	*	*	*	*	New.CleanUp.ReferenceOTU7500 Even1_277984	*
N	*	78	*	*	*	*	*	New.CleanUp.ReferenceOTU7503 Even2_195373	*
N	*	95	*	*	*	*	*	New.CleanUp.ReferenceOTU7511 Even2_314003	*
N	*	87	*	*	*	*	*	New.CleanUp.ReferenceOTU7513 Even3_342021	*
N	*	100	*	*	*	*	*	New.CleanUp.ReferenceOTU7514 Even2_68777	*
N	*	100	*	*	*	*	*	New.CleanUp.ReferenceOTU7521 Even1_281612	*
N	*	100	*	*	*	*	*	New.CleanUp.ReferenceOTU7527 Even3_363851	*
N	*	95	*	*	*	*	*	New.CleanUp.ReferenceOTU7530 Even2_381403	*
N	*	100	*	*	*	*	*	New.CleanUp.ReferenceOTU7532 Even2_318968	*
N	*	100	*	*	*	*	*	New.CleanUp.ReferenceOTU7533 Even3_341618	*
N	*	92	*	*	*	*	*	New.CleanUp.ReferenceOTU7535 Even2_384384	*
N	*	78	*	*	*	*	*	New.CleanUp.ReferenceOTU7539 Even3_280484	*
N	*	100	*	*	*	*	*	New.CleanUp.ReferenceOTU7540 Even3_304945	*
N	*	100	*	*	*	*	*	New.CleanUp.ReferenceOTU7541 Even1_389816	*
N	*	100	*	*	*	*	*	New.CleanUp.ReferenceOTU7542 Even1_297405	*
N	*	80	*	*	*	*	*	New.CleanUp.ReferenceOTU7545 Even2_172871	*
N	*	83	*	*	*	*	*	New.CleanUp.ReferenceOTU7546 Even1_12631	*
N	*	96	*	*	*	*	*	New.CleanUp.ReferenceOTU755 Even1_375863	*
N	*	83	*	*	*	*	*	New.CleanUp.ReferenceOTU7553 Even1_225049	*
N	*	100	*	*	*	*	*	New.CleanUp.ReferenceOTU7557 Even3_266113	*
N	*	100	*	*	*	*	*	New.CleanUp.ReferenceOTU7563 Even1_337803	*
N	*	100	*	*	*	*	*	New.CleanUp.ReferenceOTU7566 Even2_284374	*
N	*	100	*	*	*	*	*	New.CleanUp.ReferenceOTU7567 Even2_227038	*
N	*	100	*	*	*	*	*	New.CleanUp.ReferenceOTU7569 Even2_105224	*
N	*	100	*	*	*	*	*	New.CleanUp.ReferenceOTU7572 Even2_375671	*
N	*	100	*	*	*	*	*	New.CleanUp.ReferenceOTU7582 Even3_280886	*
N	*	96	*	*	*	*	*	New.CleanUp.ReferenceOTU7587 Even2_393331	*
N	*	100	*	*	*	*	*	New.CleanUp.ReferenceOTU7589 Even2_277390	*
N	*	100	*	*	*	*	*	New.CleanUp.ReferenceOTU759 Even3_277344	*
N	*	100	*	*	*	*	*	New.CleanUp.ReferenceOTU7596 Even2_318589	*
N	*	96	*	*	*	*	*	New.CleanUp.ReferenceOTU760 Even2_281637	*
N	*	100	*	*	*	*	*	New.CleanUp.ReferenceOTU7601 Even3_90414	*
N	*	95	*	*	*	*	*	New.CleanUp.ReferenceOTU7604 Even3_275269	*
N	*	83	*	*	*	*	*	New.CleanUp.ReferenceOTU7613 Even3_8486	*
N	*	100	*	*	*	*	*	New.CleanUp.ReferenceOTU7616 Even2_31077	*
N	*	94	*	*	*	*	*	New.CleanUp.ReferenceOTU7625 Even3_395232	*
N	*	85	*	*	*	*	*	New.CleanUp.ReferenceOTU7627 Even2_34642	*
N	*	84	*	*	*	*	*	New.CleanUp.ReferenceOTU7629 Even3_166908	*
N	*	93	*	*	*	*	*	New.CleanUp.ReferenceOTU7631 Even3_327160	*
N	*	100	*	*	*	*	*	New.CleanUp.ReferenceOTU7632 Even2_371998	*
N	*	78	*	*	*	*	*	New.CleanUp.ReferenceOTU7641 Even2_386657	*
N	*	90	*	*	*	*	*	New.CleanUp.ReferenceOTU7645 Even3_274151	*
N	*	100	*	*	*	*	*	New.CleanUp.ReferenceOTU7651 Even1_206256	*
N	*	79	*	*	*	*	*	New.CleanUp.ReferenceOTU7655 Even3_326141	*
N	*	100	*	*	*	*	*	New.CleanUp.ReferenceOTU7656 Even2_360350	*
N	*	96	*	*	*	*	*	New.CleanUp.ReferenceOTU7658 Even1_76443	*
N	*	100	*	*	*	*	*	New.CleanUp.ReferenceOTU7661 Even3_391047	*
N	*	100	*	*	*	*	*	New.CleanUp.ReferenceOTU7664 Even2_314272	*
N	*	100	*	*	*	*	*	New.CleanUp.ReferenceOTU7665 Even2_395209	*
N	*	100	*	*	*	*	*	New.CleanUp.ReferenceOTU7666 Even3_297258	*
N	*	100	*	*	*	*	*	New.CleanUp.ReferenceOTU7667 Even3_297254	*
N	*	89	*	*	*	*	*	New.CleanUp.ReferenceOTU7668 Even1_367052	*
N	*	100	*	*	*	*	*	New.CleanUp.ReferenceOTU7671 Even2_141005	*
N	*	100	*	*	*	*	*	New.CleanUp.ReferenceOTU7673 Even1_70352	*
N	*	87	*	*	*	*	*	New.CleanUp.ReferenceOTU7675 Even3_364467	*
N	*	89	*	*	*	*	*	New.CleanUp.ReferenceOTU7684 Even1_290444	*
N	*	100	*	*	*	*	*	New.CleanUp.ReferenceOTU7687 Even1_328233	*
N	*	88	*	*	*	*	*	New.CleanUp.ReferenceOTU769 Even1_377797	*
N	*	100	*	*	*	*	*	New.CleanUp.ReferenceOTU7701 Even2_301497	*
N	*	96	*	*	*	*	*	New.CleanUp.ReferenceOTU7704 Even3_384268	*
N	*	100	*	*	*	*	*	New.CleanUp.ReferenceOTU7706 Even2_131703	*
N	*	100	*	*	*	*	*	New.CleanUp.ReferenceOTU7710 Even1_62296	*
N	*	100	*	*	*	*	*	New.CleanUp.ReferenceOTU7717 Even2_305370	*
N	*	100	*	*	*	*	*	New.CleanUp.ReferenceOTU7718 Even3_230305	*
N	*	100	*	*	*	*	*	New.CleanUp.ReferenceOTU7719 Even3_388628	*
N	*	100	*	*	*	*	*	New.CleanUp.ReferenceOTU7727 Even3_53608	*
N	*	95	*	*	*	*	*	New.CleanUp.ReferenceOTU7732 Even1_393001	*
N	*	100	*	*	*	*	*	New.CleanUp.ReferenceOTU7735 Even1_302154	*
N	*	100	*	*	*	*	*	New.CleanUp.ReferenceOTU7739 Even1_371777	*
N	*	87	*	*	*	*	*	New.CleanUp.ReferenceOTU774 Even3_364459	*
N	*	95	*	*	*	*	*	New.CleanUp.ReferenceOTU7740 Even1_381136	*
N	*	82	*	*	*	*	*	New.CleanUp.ReferenceOTU7746 Even2_393523	*
N	*	95	*	*	*	*	*	New.CleanUp.ReferenceOTU7758 Even1_372263	*
N	*	93	*	*	*	*	*	New.CleanUp.ReferenceOTU776 Even3_368132	*
N	*	93	*	*	*	*	*	New.CleanUp.ReferenceOTU7762 Even3_264244	*
N	*	100	*	*	*	*	*	New.CleanUp.ReferenceOTU7764 Even3_299578	*
N	*	85	*	*	*	*	*	New.CleanUp.ReferenceOTU7766 Even2_395450	*
N	*	94	*	*	*	*	*	New.CleanUp.ReferenceOTU7767 Even1_305686	*
N	*	79	*	*	*	*	*	New.CleanUp.ReferenceOTU7772 Even2_133601	*
N	*	100	*	*	*	*	*	New.CleanUp.ReferenceOTU7773 Even2_359968	*
N	*	100	*	*	*	*	*	New.CleanUp.ReferenceOTU778 Even1_143564	*
N	*	92	*	*	*	*	*	New.CleanUp.ReferenceOTU7785 Even2_332482	*
N	*	100	*	*	*	*	*	New.CleanUp.ReferenceOTU779 Even1_83215	*
N	*	96	*	*	*	*	*	New.CleanUp.ReferenceOTU7790 Even2_376762	*
N	*	90	*	*	*	*	*	New.CleanUp.ReferenceOTU7794 Even2_280025	*
N	*	100	*	*	*	*	*	New.CleanUp.ReferenceOTU7798 Even1_10417	*
N	*	82	*	*	*	*	*	New.CleanUp.ReferenceOTU7799 Even1_14635	*
N	*	93	*	*	*	*	*	New.CleanUp.ReferenceOTU7803 Even3_265717	*
N	*	100	*	*	*	*	*	New.CleanUp.ReferenceOTU7804 Even2_180507	*
N	*	87	*	*	*	*	*	New.CleanUp.ReferenceOTU7808 Even3_271020	*
N	*	78	*	*	*	*	*	New.CleanUp.ReferenceOTU7810 Even2_38552	*
N	*	88	*	*	*	*	*	New.CleanUp.ReferenceOTU7812 Even3_275854	*
N	*	100	*	*	*	*	*	New.CleanUp.ReferenceOTU7816 Even2_368075	*
N	*	81	*	*	*	*	*	New.CleanUp.ReferenceOTU7819 Even2_388622	*
N	*	100	*	*	*	*	*	New.CleanUp.ReferenceOTU7823 Even2_386469	*
N	*	100	*	*	*	*	*	New.CleanUp.ReferenceOTU7829 Even2_117838	*
N	*	100	*	*	*	*	*	New.CleanUp.ReferenceOTU7835 Even3_137724	*
N	*	100	*	*	*	*	*	New.CleanUp.ReferenceOTU7837 Even3_187893	*
N	*	100	*	*	*	*	*	New.CleanUp.ReferenceOTU7841 Even2_276442	*
N	*	100	*	*	*	*	*	New.CleanUp.ReferenceOTU7843 Even2_276444	*
N	*	82	*	*	*	*	*	New.CleanUp.ReferenceOTU7844 Even2_229203	*
N	*	90	*	*	*	*	*	New.CleanUp.ReferenceOTU785 Even1_290475	*
N	*	100	*	*	*	*	*	New.CleanUp.ReferenceOTU7853 Even3_2996	*
N	*	91	*	*	*	*	*	New.CleanUp.ReferenceOTU7857 Even1_314163	*
N	*	81	*	*	*	*	*	New.CleanUp.ReferenceOTU786 Even1_8475	*
N	*	84	*	*	*	*	*	New.CleanUp.ReferenceOTU7864 Even2_73771	*
N	*	100	*	*	*	*	*	New.CleanUp.ReferenceOTU7869 Even3_368593	*
N	*	78	*	*	*	*	*	New.CleanUp.ReferenceOTU7878 Even1_341859	*
N	*	91	*	*	*	*	*	New.CleanUp.ReferenceOTU788 Even2_300826	*
N	*	100	*	*	*	*	*	New.CleanUp.ReferenceOTU7882 Even3_375624	*
N	*	81	*	*	*	*	*	New.CleanUp.ReferenceOTU7884 Even2_275865	*
N	*	92	*	*	*	*	*	New.CleanUp.ReferenceOTU7886 Even2_390922	*
N	*	100	*	*	*	*	*	New.CleanUp.ReferenceOTU7887 Even1_174024	*
N	*	95	*	*	*	*	*	New.CleanUp.ReferenceOTU7888 Even2_367891	*
N	*	82	*	*	*	*	*	New.CleanUp.ReferenceOTU7895 Even2_203620	*
N	*	84	*	*	*	*	*	New.CleanUp.ReferenceOTU7897 Even3_73469	*
N	*	96	*	*	*	*	*	New.CleanUp.ReferenceOTU7903 Even2_395208	*
N	*	81	*	*	*	*	*	New.CleanUp.ReferenceOTU7905 Even3_375483	*
N	*	100	*	*	*	*	*	New.CleanUp.ReferenceOTU7907 Even3_375487	*
N	*	100	*	*	*	*	*	New.CleanUp.ReferenceOTU791 Even1_290479	*
N	*	100	*	*	*	*	*	New.CleanUp.ReferenceOTU7914 Even3_128586	*
N	*	100	*	*	*	*	*	New.CleanUp.ReferenceOTU7924 Even2_275401	*
N	*	100	*	*	*	*	*	New.CleanUp.ReferenceOTU7925 Even1_280688	*
N	*	100	*	*	*	*	*	New.CleanUp.ReferenceOTU7929 Even2_275409	*
N	*	93	*	*	*	*	*	New.CleanUp.ReferenceOTU793 Even1_66181	*
N	*	100	*	*	*	*	*	New.CleanUp.ReferenceOTU7930 Even3_364703	*
N	*	95	*	*	*	*	*	New.CleanUp.ReferenceOTU7932 Even3_388103	*
N	*	79	*	*	*	*	*	New.CleanUp.ReferenceOTU7942 Even3_283161	*
N	*	95	*	*	*	*	*	New.CleanUp.ReferenceOTU7943 Even3_224080	*
N	*	96	*	*	*	*	*	New.CleanUp.ReferenceOTU795 Even2_391077	*
N	*	91	*	*	*	*	*	New.CleanUp.ReferenceOTU7958 Even2_293243	*
N	*	94	*	*	*	*	*	New.CleanUp.ReferenceOTU7966 Even2_364819	*
N	*	92	*	*	*	*	*	New.CleanUp.ReferenceOTU7970 Even1_375077	*
N	*	100	*	*	*	*	*	New.CleanUp.ReferenceOTU7973 Even1_386343	*
N	*	100	*	*	*	*	*	New.CleanUp.ReferenceOTU7977 Even1_281556	*
N	*	84	*	*	*	*	*	New.CleanUp.ReferenceOTU7979 Even1_281226	*
N	*	100	*	*	*	*	*	New.CleanUp.ReferenceOTU798 Even2_391073	*
N	*	89	*	*	*	*	*	New.CleanUp.ReferenceOTU7980 Even1_281227	*
N	*	100	*	*	*	*	*	New.CleanUp.ReferenceOTU799 Even2_391070	*
N	*	100	*	*	*	*	*	New.CleanUp.ReferenceOTU7994 Even1_224202	*
N	*	95	*	*	*	*	*	New.CleanUp.ReferenceOTU8008 Even3_279330	*
N	*	77	*	*	*	*	*	New.CleanUp.ReferenceOTU8013 Even2_339701	*
N	*	92	*	*	*	*	*	New.CleanUp.ReferenceOTU8014 Even1_299665	*
N	*	100	*	*	*	*	*	New.CleanUp.ReferenceOTU8015 Even1_4052	*
N	*	100	*	*	*	*	*	New.CleanUp.ReferenceOTU802 Even3_368352	*
N	*	82	*	*	*	*	*	New.CleanUp.ReferenceOTU8024 Even1_204626	*
N	*	79	*	*	*	*	*	New.CleanUp.ReferenceOTU8031 Even3_392377	*
N	*	100	*	*	*	*	*	New.CleanUp.ReferenceOTU8033 Even3_360561	*
N	*	100	*	*	*	*	*	New.CleanUp.ReferenceOTU8034 Even1_328894	*
N	*	100	*	*	*	*	*	New.CleanUp.ReferenceOTU8038 Even1_313517	*
N	*	84	*	*	*	*	*	New.CleanUp.ReferenceOTU804 Even3_6896	*
N	*	85	*	*	*	*	*	New.CleanUp.ReferenceOTU8047 Even1_314398	*
N	*	100	*	*	*	*	*	New.CleanUp.ReferenceOTU8048 Even2_386814	*
N	*	100	*	*	*	*	*	New.CleanUp.ReferenceOTU8053 Even1_78253	*
N	*	91	*	*	*	*	*	New.CleanUp.ReferenceOTU8054 Even1_78250	*
N	*	95	*	*	*	*	*	New.CleanUp.ReferenceOTU8057 Even1_270931	*
N	*	79	*	*	*	*	*	New.CleanUp.ReferenceOTU806 Even2_376740	*
N	*	100	*	*	*	*	*	New.CleanUp.ReferenceOTU8065 Even3_327984	*
N	*	92	*	*	*	*	*	New.CleanUp.ReferenceOTU8068 Even3_394438	*
N	*	100	*	*	*	*	*	New.CleanUp.ReferenceOTU8069 Even2_189040	*
N	*	86	*	*	*	*	*	New.CleanUp.ReferenceOTU8072 Even2_173329	*
N	*	100	*	*	*	*	*	New.CleanUp.ReferenceOTU8073 Even3_299729	*
N	*	100	*	*	*	*	*	New.CleanUp.ReferenceOTU8076 Even3_378689	*
N	*	87	*	*	*	*	*	New.CleanUp.ReferenceOTU808 Even2_261233	*
N	*	100	*	*	*	*	*	New.CleanUp.ReferenceOTU8080 Even3_378681	*
N	*	83	*	*	*	*	*	New.CleanUp.ReferenceOTU8081 Even3_360391	*
N	*	83	*	*	*	*	*	New.CleanUp.ReferenceOTU8082 Even3_281403	*
N	*	100	*	*	*	*	*	New.CleanUp.ReferenceOTU8088 Even3_148037	*
N	*	100	*	*	*	*	*	New.CleanUp.ReferenceOTU809 Even3_185655	*
N	*	100	*	*	*	*	*	New.CleanUp.ReferenceOTU8099 Even1_308112	*
N	*	100	*	*	*	*	*	New.CleanUp.ReferenceOTU810 Even2_378934	*
N	*	100	*	*	*	*	*	New.CleanUp.ReferenceOTU8111 Even2_368099	*
N	*	92	*	*	*	*	*	New.CleanUp.ReferenceOTU8113 Even2_133087	*
N	*	100	*	*	*	*	*	New.CleanUp.ReferenceOTU8114 Even2_363894	*
N	*	96	*	*	*	*	*	New.CleanUp.ReferenceOTU8118 Even1_346299	*
N	*	82	*	*	*	*	*	New.CleanUp.ReferenceOTU8125 Even1_360629	*
N	*	93	*	*	*	*	*	New.CleanUp.ReferenceOTU8126 Even3_151612	*
N	*	95	*	*	*	*	*	New.CleanUp.ReferenceOTU8133 Even3_385880	*
N	*	100	*	*	*	*	*	New.CleanUp.ReferenceOTU8137 Even3_375018	*
N	*	81	*	*	*	*	*	New.CleanUp.ReferenceOTU8139 Even3_272258	*
N	*	100	*	*	*	*	*	New.CleanUp.ReferenceOTU8144 Even3_277372	*
N	*	100	*	*	*	*	*	New.CleanUp.ReferenceOTU8145 Even1_138683	*
N	*	80	*	*	*	*	*	New.CleanUp.ReferenceOTU8150 Even3_332043	*
N	*	81	*	*	*	*	*	New.CleanUp.ReferenceOTU8153 Even2_98146	*
N	*	90	*	*	*	*	*	New.CleanUp.ReferenceOTU8154 Even3_269524	*
N	*	100	*	*	*	*	*	New.CleanUp.ReferenceOTU8157 Even1_173941	*
N	*	78	*	*	*	*	*	New.CleanUp.ReferenceOTU8163 Even1_55313	*
N	*	85	*	*	*	*	*	New.CleanUp.ReferenceOTU8166 Even1_281761	*
N	*	100	*	*	*	*	*	New.CleanUp.ReferenceOTU8170 Even1_140055	*
N	*	84	*	*	*	*	*	New.CleanUp.ReferenceOTU8181 Even2_323482	*
N	*	100	*	*	*	*	*	New.CleanUp.ReferenceOTU8185 Even1_393397	*
N	*	76	*	*	*	*	*	New.CleanUp.ReferenceOTU8186 Even1_227426	*
N	*	100	*	*	*	*	*	New.CleanUp.ReferenceOTU8189 Even2_182632	*
N	*	88	*	*	*	*	*	New.CleanUp.ReferenceOTU8190 Even1_227423	*
N	*	100	*	*	*	*	*	New.CleanUp.ReferenceOTU8191 Even3_351741	*
N	*	86	*	*	*	*	*	New.CleanUp.ReferenceOTU8192 Even1_12868	*
N	*	96	*	*	*	*	*	New.CleanUp.ReferenceOTU8193 Even2_390131	*
N	*	81	*	*	*	*	*	New.CleanUp.ReferenceOTU8198 Even2_280914	*
N	*	93	*	*	*	*	*	New.CleanUp.ReferenceOTU8206 Even3_59666	*
N	*	100	*	*	*	*	*	New.CleanUp.ReferenceOTU8209 Even1_371013	*
N	*	100	*	*	*	*	*	New.CleanUp.ReferenceOTU821 Even2_281097	*
N	*	88	*	*	*	*	*	New.CleanUp.ReferenceOTU8211 Even2_279543	*
N	*	96	*	*	*	*	*	New.CleanUp.ReferenceOTU8213 Even1_29920	*
N	*	93	*	*	*	*	*	New.CleanUp.ReferenceOTU8222 Even3_287275	*
N	*	96	*	*	*	*	*	New.CleanUp.ReferenceOTU8227 Even3_142161	*
N	*	95	*	*	*	*	*	New.CleanUp.ReferenceOTU8237 Even3_35056	*
N	*	100	*	*	*	*	*	New.CleanUp.ReferenceOTU8244 Even1_1123	*
N	*	83	*	*	*	*	*	New.CleanUp.ReferenceOTU8246 Even1_368336	*
N	*	91	*	*	*	*	*	New.CleanUp.ReferenceOTU8257 Even3_299558	*
N	*	96	*	*	*	*	*	New.CleanUp.ReferenceOTU8261 Even2_374497	*
N	*	100	*	*	*	*	*	New.CleanUp.ReferenceOTU8262 Even1_109915	*
N	*	83	*	*	*	*	*	New.CleanUp.ReferenceOTU8265 Even2_388197	*
N	*	84	*	*	*	*	*	New.CleanUp.ReferenceOTU8267 Even2_48785	*
N	*	89	*	*	*	*	*	New.CleanUp.ReferenceOTU8268 Even1_313728	*
N	*	100	*	*	*	*	*	New.CleanUp.ReferenceOTU8271 Even2_341672	*
N	*	100	*	*	*	*	*	New.CleanUp.ReferenceOTU8273 Even2_201047	*
N	*	100	*	*	*	*	*	New.CleanUp.ReferenceOTU828 Even2_333490	*
N	*	100	*	*	*	*	*	New.CleanUp.ReferenceOTU8280 Even2_313961	*
N	*	100	*	*	*	*	*	New.CleanUp.ReferenceOTU8285 Even1_362222	*
N	*	100	*	*	*	*	*	New.CleanUp.ReferenceOTU8287 Even3_301463	*
N	*	100	*	*	*	*	*	New.CleanUp.ReferenceOTU8289 Even1_351707	*
N	*	77	*	*	*	*	*	New.CleanUp.ReferenceOTU8295 Even1_205964	*
N	*	100	*	*	*	*	*	New.CleanUp.ReferenceOTU8299 Even1_68143	*
N	*	100	*	*	*	*	*	New.CleanUp.ReferenceOTU8320 Even1_196301	*
N	*	100	*	*	*	*	*	New.CleanUp.ReferenceOTU8325 Even1_196308	*
N	*	81	*	*	*	*	*	New.CleanUp.ReferenceOTU8326 Even3_12210	*
N	*	82	*	*	*	*	*	New.CleanUp.ReferenceOTU833 Even2_67998	*
N	*	85	*	*	*	*	*	New.CleanUp.ReferenceOTU8333 Even3_219450	*
N	*	100	*	*	*	*	*	New.CleanUp.ReferenceOTU8334 Even1_314184	*
N	*	89	*	*	*	*	*	New.CleanUp.ReferenceOTU8337 Even3_281096	*
N	*	85	*	*	*	*	*	New.CleanUp.ReferenceOTU8342 Even1_20771	*
N	*	85	*	*	*	*	*	New.CleanUp.ReferenceOTU8346 Even1_346595	*
N	*	94	*	*	*	*	*	New.CleanUp.ReferenceOTU835 Even3_267727	*
N	*	100	*	*	*	*	*	New.CleanUp.ReferenceOTU8351 Even3_152931	*
N	*	100	*	*	*	*	*	New.CleanUp.ReferenceOTU8366 Even2_378798	*
N	*	81	*	*	*	*	*	New.CleanUp.ReferenceOTU8367 Even2_260796	*
N	*	95	*	*	*	*	*	New.CleanUp.ReferenceOTU8368 Even3_212454	*
N	*	79	*	*	*	*	*	New.CleanUp.ReferenceOTU8372 Even1_285782	*
N	*	85	*	*	*	*	*	New.CleanUp.ReferenceOTU8375 Even3_258171	*
N	*	100	*	*	*	*	*	New.CleanUp.ReferenceOTU838 Even1_58633	*
N	*	100	*	*	*	*	*	New.CleanUp.ReferenceOTU8381 Even3_33514	*
N	*	100	*	*	*	*	*	New.CleanUp.ReferenceOTU8383 Even3_68380	*
N	*	100	*	*	*	*	*	New.CleanUp.ReferenceOTU8384 Even3_364813	*
N	*	100	*	*	*	*	*	New.CleanUp.ReferenceOTU8392 Even2_299659	*
N	*	100	*	*	*	*	*	New.CleanUp.ReferenceOTU8395 Even2_378864	*
N	*	100	*	*	*	*	*	New.CleanUp.ReferenceOTU8402 Even2_48434	*
N	*	76	*	*	*	*	*	New.CleanUp.ReferenceOTU8404 Even2_170378	*
N	*	100	*	*	*	*	*	New.CleanUp.ReferenceOTU8405 Even3_124059	*
N	*	100	*	*	*	*	*	New.CleanUp.ReferenceOTU8407 Even3_364721	*
N	*	100	*	*	*	*	*	New.CleanUp.ReferenceOTU8408 Even2_119545	*
N	*	89	*	*	*	*	*	New.CleanUp.ReferenceOTU8410 Even1_48660	*
N	*	100	*	*	*	*	*	New.CleanUp.ReferenceOTU8416 Even1_346401	*
N	*	89	*	*	*	*	*	New.CleanUp.ReferenceOTU8418 Even2_397048	*
N	*	86	*	*	*	*	*	New.CleanUp.ReferenceOTU842 Even2_390302	*
N	*	95	*	*	*	*	*	New.CleanUp.ReferenceOTU8423 Even3_11295	*
N	*	96	*	*	*	*	*	New.CleanUp.ReferenceOTU8428 Even2_388207	*
N	*	92	*	*	*	*	*	New.CleanUp.ReferenceOTU843 Even1_302027	*
N	*	100	*	*	*	*	*	New.CleanUp.ReferenceOTU8442 Even2_333584	*
N	*	86	*	*	*	*	*	New.CleanUp.ReferenceOTU8443 Even2_275463	*
N	*	90	*	*	*	*	*	New.CleanUp.ReferenceOTU8444 Even2_333349	*
N	*	92	*	*	*	*	*	New.CleanUp.ReferenceOTU8445 Even2_275467	*
N	*	96	*	*	*	*	*	New.CleanUp.ReferenceOTU8450 Even1_386323	*
N	*	100	*	*	*	*	*	New.CleanUp.ReferenceOTU8451 Even3_56286	*
N	*	94	*	*	*	*	*	New.CleanUp.ReferenceOTU8455 Even1_375016	*
N	*	100	*	*	*	*	*	New.CleanUp.ReferenceOTU8461 Even2_363678	*
N	*	96	*	*	*	*	*	New.CleanUp.ReferenceOTU8462 Even1_147113	*
N	*	100	*	*	*	*	*	New.CleanUp.ReferenceOTU8464 Even3_393049	*
N	*	92	*	*	*	*	*	New.CleanUp.ReferenceOTU8470 Even2_397403	*
N	*	76	*	*	*	*	*	New.CleanUp.ReferenceOTU8471 Even3_62718	*
N	*	87	*	*	*	*	*	New.CleanUp.ReferenceOTU8479 Even2_359771	*
N	*	100	*	*	*	*	*	New.CleanUp.ReferenceOTU8480 Even3_172901	*
N	*	100	*	*	*	*	*	New.CleanUp.ReferenceOTU8481 Even3_189904	*
N	*	100	*	*	*	*	*	New.CleanUp.ReferenceOTU8483 Even1_224224	*
N	*	100	*	*	*	*	*	New.CleanUp.ReferenceOTU8487 Even2_364488	*
N	*	96	*	*	*	*	*	New.CleanUp.ReferenceOTU8497 Even3_164297	*
N	*	88	*	*	*	*	*	New.CleanUp.ReferenceOTU8504 Even2_275280	*
N	*	82	*	*	*	*	*	New.CleanUp.ReferenceOTU8508 Even2_393663	*
N	*	84	*	*	*	*	*	New.CleanUp.ReferenceOTU8511 Even2_393669	*
N	*	92	*	*	*	*	*	New.CleanUp.ReferenceOTU8517 Even3_226928	*
N	*	100	*	*	*	*	*	New.CleanUp.ReferenceOTU852 Even2_393514	*
N	*	100	*	*	*	*	*	New.CleanUp.ReferenceOTU8522 Even2_388832	*
N	*	88	*	*	*	*	*	New.CleanUp.ReferenceOTU8525 Even1_385415	*
N	*	100	*	*	*	*	*	New.CleanUp.ReferenceOTU8527 Even1_105295	*
N	*	100	*	*	*	*	*	New.CleanUp.ReferenceOTU853 Even2_367532	*
N	*	84	*	*	*	*	*	New.CleanUp.ReferenceOTU8532 Even2_386830	*
N	*	100	*	*	*	*	*	New.CleanUp.ReferenceOTU8534 Even1_199011	*
N	*	100	*	*	*	*	*	New.CleanUp.ReferenceOTU8549 Even3_381690	*
N	*	94	*	*	*	*	*	New.CleanUp.ReferenceOTU8555 Even2_116245	*
N	*	100	*	*	*	*	*	New.CleanUp.ReferenceOTU8558 Even2_397164	*
N	*	96	*	*	*	*	*	New.CleanUp.ReferenceOTU8569 Even1_309840	*
N	*	79	*	*	*	*	*	New.CleanUp.ReferenceOTU8576 Even3_24219	*
N	*	100	*	*	*	*	*	New.CleanUp.ReferenceOTU858 Even3_118494	*
N	*	94	*	*	*	*	*	New.CleanUp.ReferenceOTU8588 Even2_383405	*
N	*	77	*	*	*	*	*	New.CleanUp.ReferenceOTU8591 Even1_388231	*
N	*	76	*	*	*	*	*	New.CleanUp.ReferenceOTU8596 Even3_272733	*
N	*	92	*	*	*	*	*	New.CleanUp.ReferenceOTU8597 Even3_374787	*
N	*	81	*	*	*	*	*	New.CleanUp.ReferenceOTU8600 Even1_18652	*
N	*	100	*	*	*	*	*	New.CleanUp.ReferenceOTU8602 Even1_356676	*
N	*	100	*	*	*	*	*	New.CleanUp.ReferenceOTU8609 Even3_385861	*
N	*	100	*	*	*	*	*	New.CleanUp.ReferenceOTU8610 Even3_276485	*
N	*	100	*	*	*	*	*	New.CleanUp.ReferenceOTU8617 Even3_391002	*
N	*	82	*	*	*	*	*	New.CleanUp.ReferenceOTU8624 Even3_274198	*
N	*	84	*	*	*	*	*	New.CleanUp.ReferenceOTU863 Even2_347206	*
N	*	85	*	*	*	*	*	New.CleanUp.ReferenceOTU8630 Even3_12492	*
N	*	77	*	*	*	*	*	New.CleanUp.ReferenceOTU8634 Even1_173925	*
N	*	90	*	*	*	*	*	New.CleanUp.ReferenceOTU8639 Even2_123176	*
N	*	83	*	*	*	*	*	New.CleanUp.ReferenceOTU864 Even2_323201	*
N	*	100	*	*	*	*	*	New.CleanUp.ReferenceOTU8641 Even3_333628	*
N	*	93	*	*	*	*	*	New.CleanUp.ReferenceOTU8643 Even2_185522	*
N	*	100	*	*	*	*	*	New.CleanUp.ReferenceOTU8646 Even1_300465	*
N	*	82	*	*	*	*	*	New.CleanUp.ReferenceOTU8649 Even3_169560	*
N	*	100	*	*	*	*	*	New.CleanUp.ReferenceOTU8650 Even2_309685	*
N	*	93	*	*	*	*	*	New.CleanUp.ReferenceOTU8651 Even2_5077	*
N	*	81	*	*	*	*	*	New.CleanUp.ReferenceOTU8662 Even2_275079	*
N	*	100	*	*	*	*	*	New.CleanUp.ReferenceOTU8665 Even3_393358	*
N	*	100	*	*	*	*	*	New.CleanUp.ReferenceOTU8668 Even2_206002	*
N	*	80	*	*	*	*	*	New.CleanUp.ReferenceOTU8673 Even2_115017	*
N	*	100	*	*	*	*	*	New.CleanUp.ReferenceOTU8674 Even1_265934	*
N	*	86	*	*	*	*	*	New.CleanUp.ReferenceOTU8675 Even3_249765	*
N	*	100	*	*	*	*	*	New.CleanUp.ReferenceOTU8678 Even3_68802	*
N	*	100	*	*	*	*	*	New.CleanUp.ReferenceOTU8682 Even1_206144	*
N	*	85	*	*	*	*	*	New.CleanUp.ReferenceOTU8684 Even1_7838	*
N	*	87	*	*	*	*	*	New.CleanUp.ReferenceOTU8686 Even3_356574	*
N	*	96	*	*	*	*	*	New.CleanUp.ReferenceOTU8687 Even2_275615	*
N	*	93	*	*	*	*	*	New.CleanUp.ReferenceOTU8689 Even3_272688	*
N	*	100	*	*	*	*	*	New.CleanUp.ReferenceOTU8694 Even3_262505	*
N	*	100	*	*	*	*	*	New.CleanUp.ReferenceOTU8698 Even1_152285	*
N	*	100	*	*	*	*	*	New.CleanUp.ReferenceOTU870 Even3_386706	*
N	*	100	*	*	*	*	*	New.CleanUp.ReferenceOTU8703 Even2_305403	*
N	*	88	*	*	*	*	*	New.CleanUp.ReferenceOTU8706 Even3_276033	*
N	*	100	*	*	*	*	*	New.CleanUp.ReferenceOTU8707 Even3_388660	*
N	*	94	*	*	*	*	*	New.CleanUp.ReferenceOTU8712 Even3_131517	*
N	*	78	*	*	*	*	*	New.CleanUp.ReferenceOTU8717 Even3_229001	*
N	*	88	*	*	*	*	*	New.CleanUp.ReferenceOTU872 Even3_386704	*
N	*	93	*	*	*	*	*	New.CleanUp.ReferenceOTU8724 Even3_386771	*
N	*	100	*	*	*	*	*	New.CleanUp.ReferenceOTU873 Even1_705	*
N	*	77	*	*	*	*	*	New.CleanUp.ReferenceOTU8732 Even2_393877	*
N	*	100	*	*	*	*	*	New.CleanUp.ReferenceOTU8733 Even1_18010	*
N	*	89	*	*	*	*	*	New.CleanUp.ReferenceOTU8734 Even1_357042	*
N	*	100	*	*	*	*	*	New.CleanUp.ReferenceOTU8736 Even1_114319	*
N	*	92	*	*	*	*	*	New.CleanUp.ReferenceOTU8738 Even1_310021	*
N	*	94	*	*	*	*	*	New.CleanUp.ReferenceOTU8754 Even2_381630	*
N	*	100	*	*	*	*	*	New.CleanUp.ReferenceOTU8755 Even3_377924	*
N	*	92	*	*	*	*	*	New.CleanUp.ReferenceOTU8757 Even1_276174	*
N	*	100	*	*	*	*	*	New.CleanUp.ReferenceOTU8758 Even3_392722	*
N	*	85	*	*	*	*	*	New.CleanUp.ReferenceOTU877 Even2_54695	*
N	*	82	*	*	*	*	*	New.CleanUp.ReferenceOTU8773 Even3_390339	*
N	*	84	*	*	*	*	*	New.CleanUp.ReferenceOTU8781 Even2_290254	*
N	*	100	*	*	*	*	*	New.CleanUp.ReferenceOTU8782 Even1_346828	*
N	*	87	*	*	*	*	*	New.CleanUp.ReferenceOTU8783 Even3_239782	*
N	*	100	*	*	*	*	*	New.CleanUp.ReferenceOTU8789 Even3_12237	*
N	*	100	*	*	*	*	*	New.CleanUp.ReferenceOTU879 Even1_20831	*
N	*	95	*	*	*	*	*	New.CleanUp.ReferenceOTU8800 Even3_393677	*
N	*	100	*	*	*	*	*	New.CleanUp.ReferenceOTU8805 Even2_266164	*
N	*	96	*	*	*	*	*	New.CleanUp.ReferenceOTU8807 Even2_383673	*
N	*	100	*	*	*	*	*	New.CleanUp.ReferenceOTU881 Even2_270971	*
N	*	86	*	*	*	*	*	New.CleanUp.ReferenceOTU8814 Even1_12275	*
N	*	82	*	*	*	*	*	New.CleanUp.ReferenceOTU8816 Even1_308705	*
N	*	94	*	*	*	*	*	New.CleanUp.ReferenceOTU8817 Even1_364204	*
N	*	95	*	*	*	*	*	New.CleanUp.ReferenceOTU8820 Even3_337747	*
N	*	90	*	*	*	*	*	New.CleanUp.ReferenceOTU8821 Even2_374683	*
N	*	100	*	*	*	*	*	New.CleanUp.ReferenceOTU8823 Even2_42866	*
N	*	84	*	*	*	*	*	New.CleanUp.ReferenceOTU8825 Even2_390964	*
N	*	100	*	*	*	*	*	New.CleanUp.ReferenceOTU8832 Even1_223857	*
N	*	82	*	*	*	*	*	New.CleanUp.ReferenceOTU8834 Even3_218254	*
N	*	100	*	*	*	*	*	New.CleanUp.ReferenceOTU8839 Even1_287505	*
N	*	100	*	*	*	*	*	New.CleanUp.ReferenceOTU8848 Even1_163517	*
N	*	95	*	*	*	*	*	New.CleanUp.ReferenceOTU8855 Even3_360381	*
N	*	100	*	*	*	*	*	New.CleanUp.ReferenceOTU886 Even3_355959	*
N	*	91	*	*	*	*	*	New.CleanUp.ReferenceOTU8861 Even1_174062	*
N	*	88	*	*	*	*	*	New.CleanUp.ReferenceOTU8864 Even3_368582	*
N	*	100	*	*	*	*	*	New.CleanUp.ReferenceOTU8869 Even3_384499	*
N	*	84	*	*	*	*	*	New.CleanUp.ReferenceOTU8871 Even3_147461	*
N	*	100	*	*	*	*	*	New.CleanUp.ReferenceOTU8877 Even3_195386	*
N	*	96	*	*	*	*	*	New.CleanUp.ReferenceOTU8879 Even3_388497	*
N	*	91	*	*	*	*	*	New.CleanUp.ReferenceOTU8880 Even1_209247	*
N	*	82	*	*	*	*	*	New.CleanUp.ReferenceOTU8882 Even2_200973	*
N	*	100	*	*	*	*	*	New.CleanUp.ReferenceOTU8888 Even3_39783	*
N	*	100	*	*	*	*	*	New.CleanUp.ReferenceOTU8899 Even3_267790	*
N	*	78	*	*	*	*	*	New.CleanUp.ReferenceOTU89 Even3_4476	*
N	*	100	*	*	*	*	*	New.CleanUp.ReferenceOTU8902 Even2_333562	*
N	*	94	*	*	*	*	*	New.CleanUp.ReferenceOTU8905 Even2_372212	*
N	*	100	*	*	*	*	*	New.CleanUp.ReferenceOTU892 Even2_346615	*
N	*	100	*	*	*	*	*	New.CleanUp.ReferenceOTU8925 Even2_54440	*
N	*	100	*	*	*	*	*	New.CleanUp.ReferenceOTU8933 Even2_58315	*
N	*	90	*	*	*	*	*	New.CleanUp.ReferenceOTU8935 Even1_293542	*
N	*	100	*	*	*	*	*	New.CleanUp.ReferenceOTU8937 Even1_181863	*
N	*	100	*	*	*	*	*	New.CleanUp.ReferenceOTU8949 Even2_393469	*
N	*	100	*	*	*	*	*	New.CleanUp.ReferenceOTU8954 Even2_101832	*
N	*	100	*	*	*	*	*	New.CleanUp.ReferenceOTU8958 Even2_384453	*
N	*	90	*	*	*	*	*	New.CleanUp.ReferenceOTU897 Even1_298840	*
N	*	100	*	*	*	*	*	New.CleanUp.ReferenceOTU8971 Even3_328165	*
N	*	100	*	*	*	*	*	New.CleanUp.ReferenceOTU898 Even1_127542	*
N	*	81	*	*	*	*	*	New.CleanUp.ReferenceOTU8980 Even3_280574	*
N	*	85	*	*	*	*	*	New.CleanUp.ReferenceOTU8991 Even3_95335	*
N	*	78	*	*	*	*	*	New.CleanUp.ReferenceOTU9000 Even1_296731	*
N	*	92	*	*	*	*	*	New.CleanUp.ReferenceOTU9009 Even2_147133	*
N	*	100	*	*	*	*	*	New.CleanUp.ReferenceOTU901 Even1_392844	*
N	*	89	*	*	*	*	*	New.CleanUp.ReferenceOTU9011 Even2_283073	*
N	*	100	*	*	*	*	*	New.CleanUp.ReferenceOTU9013 Even1_171259	*
N	*	100	*	*	*	*	*	New.CleanUp.ReferenceOTU9016 Even2_26105	*
N	*	91	*	*	*	*	*	New.CleanUp.ReferenceOTU9017 Even3_393468	*
N	*	100	*	*	*	*	*	New.CleanUp.ReferenceOTU9020 Even3_393460	*
N	*	100	*	*	*	*	*	New.CleanUp.ReferenceOTU9022 Even1_123921	*
N	*	100	*	*	*	*	*	New.CleanUp.ReferenceOTU9023 Even3_393466	*
N	*	80	*	*	*	*	*	New.CleanUp.ReferenceOTU9028 Even3_37613	*
N	*	100	*	*	*	*	*	New.CleanUp.ReferenceOTU903 Even3_239086	*
N	*	85	*	*	*	*	*	New.CleanUp.ReferenceOTU9034 Even1_314024	*
N	*	92	*	*	*	*	*	New.CleanUp.ReferenceOTU9037 Even3_107820	*
N	*	94	*	*	*	*	*	New.CleanUp.ReferenceOTU9041 Even1_301428	*
N	*	93	*	*	*	*	*	New.CleanUp.ReferenceOTU9043 Even3_308086	*
N	*	100	*	*	*	*	*	New.CleanUp.ReferenceOTU9044 Even1_259637	*
N	*	100	*	*	*	*	*	New.CleanUp.ReferenceOTU9046 Even3_391069	*
N	*	100	*	*	*	*	*	New.CleanUp.ReferenceOTU9047 Even3_393285	*
N	*	100	*	*	*	*	*	New.CleanUp.ReferenceOTU9048 Even2_346131	*
N	*	81	*	*	*	*	*	New.CleanUp.ReferenceOTU905 Even3_271038	*
N	*	100	*	*	*	*	*	New.CleanUp.ReferenceOTU9058 Even1_303375	*
N	*	82	*	*	*	*	*	New.CleanUp.ReferenceOTU906 Even1_291425	*
N	*	84	*	*	*	*	*	New.CleanUp.ReferenceOTU9061 Even1_356653	*
N	*	100	*	*	*	*	*	New.CleanUp.ReferenceOTU9062 Even2_134794	*
N	*	100	*	*	*	*	*	New.CleanUp.ReferenceOTU9068 Even3_308551	*
N	*	90	*	*	*	*	*	New.CleanUp.ReferenceOTU907 Even2_291204	*
N	*	90	*	*	*	*	*	New.CleanUp.ReferenceOTU9071 Even2_360589	*
N	*	100	*	*	*	*	*	New.CleanUp.ReferenceOTU9073 Even2_375690	*
N	*	100	*	*	*	*	*	New.CleanUp.ReferenceOTU9076 Even3_378878	*
N	*	94	*	*	*	*	*	New.CleanUp.ReferenceOTU9077 Even2_221474	*
N	*	100	*	*	*	*	*	New.CleanUp.ReferenceOTU9081 Even3_391025	*
N	*	95	*	*	*	*	*	New.CleanUp.ReferenceOTU9089 Even1_390697	*
N	*	100	*	*	*	*	*	New.CleanUp.ReferenceOTU9092 Even3_346220	*
N	*	100	*	*	*	*	*	New.CleanUp.ReferenceOTU9098 Even1_83284	*
N	*	77	*	*	*	*	*	New.CleanUp.ReferenceOTU9103 Even1_393350	*
N	*	90	*	*	*	*	*	New.CleanUp.ReferenceOTU9111 Even1_182151	*
N	*	77	*	*	*	*	*	New.CleanUp.ReferenceOTU9117 Even2_208751	*
N	*	76	*	*	*	*	*	New.CleanUp.ReferenceOTU9120 Even2_286551	*
N	*	93	*	*	*	*	*	New.CleanUp.ReferenceOTU9122 Even1_37192	*
N	*	92	*	*	*	*	*	New.CleanUp.ReferenceOTU9129 Even1_346798	*
N	*	100	*	*	*	*	*	New.CleanUp.ReferenceOTU913 Even3_271033	*
N	*	100	*	*	*	*	*	New.CleanUp.ReferenceOTU9130 Even1_281688	*
N	*	76	*	*	*	*	*	New.CleanUp.ReferenceOTU9132 Even3_396889	*
N	*	84	*	*	*	*	*	New.CleanUp.ReferenceOTU9134 Even1_281033	*
N	*	85	*	*	*	*	*	New.CleanUp.ReferenceOTU9136 Even2_77940	*
N	*	89	*	*	*	*	*	New.CleanUp.ReferenceOTU9138 Even2_340278	*
N	*	81	*	*	*	*	*	New.CleanUp.ReferenceOTU9140 Even1_274873	*
N	*	100	*	*	*	*	*	New.CleanUp.ReferenceOTU9141 Even1_346795	*
N	*	94	*	*	*	*	*	New.CleanUp.ReferenceOTU9144 Even1_275479	*
N	*	81	*	*	*	*	*	New.CleanUp.ReferenceOTU9147 Even2_274183	*
N	*	87	*	*	*	*	*	New.CleanUp.ReferenceOTU915 Even3_397455	*
N	*	91	*	*	*	*	*	New.CleanUp.ReferenceOTU9154 Even1_293653	*
N	*	92	*	*	*	*	*	New.CleanUp.ReferenceOTU9156 Even3_383305	*
N	*	96	*	*	*	*	*	New.CleanUp.ReferenceOTU9160 Even3_383650	*
N	*	91	*	*	*	*	*	New.CleanUp.ReferenceOTU9161 Even2_301708	*
N	*	100	*	*	*	*	*	New.CleanUp.ReferenceOTU9166 Even3_276248	*
N	*	100	*	*	*	*	*	New.CleanUp.ReferenceOTU9168 Even2_372003	*
N	*	77	*	*	*	*	*	New.CleanUp.ReferenceOTU9187 Even1_251743	*
N	*	81	*	*	*	*	*	New.CleanUp.ReferenceOTU9188 Even2_128897	*
N	*	95	*	*	*	*	*	New.CleanUp.ReferenceOTU9190 Even3_323202	*
N	*	84	*	*	*	*	*	New.CleanUp.ReferenceOTU9192 Even3_164314	*
N	*	100	*	*	*	*	*	New.CleanUp.ReferenceOTU9197 Even3_386070	*
N	*	93	*	*	*	*	*	New.CleanUp.ReferenceOTU9198 Even1_351293	*
N	*	88	*	*	*	*	*	New.CleanUp.ReferenceOTU9199 Even2_323607	*
N	*	100	*	*	*	*	*	New.CleanUp.ReferenceOTU920 Even1_314156	*
N	*	92	*	*	*	*	*	New.CleanUp.ReferenceOTU9201 Even2_209570	*
N	*	100	*	*	*	*	*	New.CleanUp.ReferenceOTU9202 Even2_377984	*
N	*	93	*	*	*	*	*	New.CleanUp.ReferenceOTU9208 Even3_271049	*
N	*	95	*	*	*	*	*	New.CleanUp.ReferenceOTU9211 Even3_367504	*
N	*	77	*	*	*	*	*	New.CleanUp.ReferenceOTU9224 Even1_224728	*
N	*	95	*	*	*	*	*	New.CleanUp.ReferenceOTU9225 Even3_114959	*
N	*	100	*	*	*	*	*	New.CleanUp.ReferenceOTU9226 Even1_5476	*
N	*	100	*	*	*	*	*	New.CleanUp.ReferenceOTU9227 Even3_171804	*
N	*	91	*	*	*	*	*	New.CleanUp.ReferenceOTU9228 Even3_182275	*
N	*	100	*	*	*	*	*	New.CleanUp.ReferenceOTU9231 Even2_63454	*
N	*	100	*	*	*	*	*	New.CleanUp.ReferenceOTU9242 Even2_290237	*
N	*	84	*	*	*	*	*	New.CleanUp.ReferenceOTU9244 Even2_280042	*
N	*	93	*	*	*	*	*	New.CleanUp.ReferenceOTU9248 Even1_310032	*
N	*	77	*	*	*	*	*	New.CleanUp.ReferenceOTU9249 Even2_105387	*
N	*	100	*	*	*	*	*	New.CleanUp.ReferenceOTU925 Even1_364702	*
N	*	100	*	*	*	*	*	New.CleanUp.ReferenceOTU9250 Even1_8441	*
N	*	93	*	*	*	*	*	New.CleanUp.ReferenceOTU9252 Even2_218182	*
N	*	92	*	*	*	*	*	New.CleanUp.ReferenceOTU9253 Even2_264472	*
N	*	93	*	*	*	*	*	New.CleanUp.ReferenceOTU9254 Even3_50401	*
N	*	100	*	*	*	*	*	New.CleanUp.ReferenceOTU9262 Even1_378469	*
N	*	100	*	*	*	*	*	New.CleanUp.ReferenceOTU9267 Even3_4150	*
N	*	100	*	*	*	*	*	New.CleanUp.ReferenceOTU9270 Even2_269517	*
N	*	92	*	*	*	*	*	New.CleanUp.ReferenceOTU9273 Even1_215153	*
N	*	91	*	*	*	*	*	New.CleanUp.ReferenceOTU9274 Even1_333642	*
N	*	86	*	*	*	*	*	New.CleanUp.ReferenceOTU9281 Even2_337796	*
N	*	90	*	*	*	*	*	New.CleanUp.ReferenceOTU9289 Even1_80395	*
N	*	100	*	*	*	*	*	New.CleanUp.ReferenceOTU929 Even3_281724	*
N	*	96	*	*	*	*	*	New.CleanUp.ReferenceOTU9291 Even1_333462	*
N	*	94	*	*	*	*	*	New.CleanUp.ReferenceOTU9294 Even1_359368	*
N	*	92	*	*	*	*	*	New.CleanUp.ReferenceOTU9296 Even1_163684	*
N	*	100	*	*	*	*	*	New.CleanUp.ReferenceOTU9298 Even2_390949	*
N	*	81	*	*	*	*	*	New.CleanUp.ReferenceOTU9299 Even2_390948	*
N	*	83	*	*	*	*	*	New.CleanUp.ReferenceOTU9301 Even3_375370	*
N	*	92	*	*	*	*	*	New.CleanUp.ReferenceOTU9307 Even2_31178	*
N	*	95	*	*	*	*	*	New.CleanUp.ReferenceOTU9308 Even2_279937	*
N	*	90	*	*	*	*	*	New.CleanUp.ReferenceOTU9310 Even3_11707	*
N	*	100	*	*	*	*	*	New.CleanUp.ReferenceOTU9311 Even1_196182	*
N	*	100	*	*	*	*	*	New.CleanUp.ReferenceOTU9315 Even1_360507	*
N	*	100	*	*	*	*	*	New.CleanUp.ReferenceOTU9320 Even3_96771	*
N	*	100	*	*	*	*	*	New.CleanUp.ReferenceOTU9321 Even2_287547	*
N	*	94	*	*	*	*	*	New.CleanUp.ReferenceOTU9322 Even2_287544	*
N	*	100	*	*	*	*	*	New.CleanUp.ReferenceOTU9323 Even1_114855	*
N	*	100	*	*	*	*	*	New.CleanUp.ReferenceOTU9325 Even2_388795	*
N	*	100	*	*	*	*	*	New.CleanUp.ReferenceOTU9328 Even2_388791	*
N	*	100	*	*	*	*	*	New.CleanUp.ReferenceOTU934 Even1_282476	*
N	*	100	*	*	*	*	*	New.CleanUp.ReferenceOTU9343 Even2_35074	*
N	*	100	*	*	*	*	*	New.CleanUp.ReferenceOTU9348 Even3_364506	*
N	*	100	*	*	*	*	*	New.CleanUp.ReferenceOTU9351 Even1_222221	*
N	*	83	*	*	*	*	*	New.CleanUp.ReferenceOTU9352 Even2_346852	*
N	*	86	*	*	*	*	*	New.CleanUp.ReferenceOTU9353 Even2_341802	*
N	*	80	*	*	*	*	*	New.CleanUp.ReferenceOTU9361 Even2_356455	*
N	*	100	*	*	*	*	*	New.CleanUp.ReferenceOTU9366 Even3_66032	*
N	*	93	*	*	*	*	*	New.CleanUp.ReferenceOTU9371 Even3_254918	*
N	*	100	*	*	*	*	*	New.CleanUp.ReferenceOTU9372 Even2_202510	*
N	*	81	*	*	*	*	*	New.CleanUp.ReferenceOTU9380 Even2_182991	*
N	*	93	*	*	*	*	*	New.CleanUp.ReferenceOTU9387 Even2_279064	*
N	*	100	*	*	*	*	*	New.CleanUp.ReferenceOTU9388 Even1_381146	*
N	*	100	*	*	*	*	*	New.CleanUp.ReferenceOTU9394 Even2_172233	*
N	*	83	*	*	*	*	*	New.CleanUp.ReferenceOTU9398 Even2_126648	*
N	*	100	*	*	*	*	*	New.CleanUp.ReferenceOTU9399 Even1_388467	*
N	*	81	*	*	*	*	*	New.CleanUp.ReferenceOTU94 Even3_9176	*
N	*	100	*	*	*	*	*	New.CleanUp.ReferenceOTU940 Even1_364907	*
N	*	77	*	*	*	*	*	New.CleanUp.ReferenceOTU9400 Even1_393166	*
N	*	84	*	*	*	*	*	New.CleanUp.ReferenceOTU9402 Even3_372146	*
N	*	96	*	*	*	*	*	New.CleanUp.ReferenceOTU9404 Even2_120391	*
N	*	95	*	*	*	*	*	New.CleanUp.ReferenceOTU941 Even3_309303	*
N	*	77	*	*	*	*	*	New.CleanUp.ReferenceOTU9412 Even3_280372	*
N	*	100	*	*	*	*	*	New.CleanUp.ReferenceOTU9415 Even1_310202	*
N	*	82	*	*	*	*	*	New.CleanUp.ReferenceOTU9416 Even3_313966	*
N	*	83	*	*	*	*	*	New.CleanUp.ReferenceOTU9418 Even3_312215	*
N	*	100	*	*	*	*	*	New.CleanUp.ReferenceOTU9426 Even2_232094	*
N	*	96	*	*	*	*	*	New.CleanUp.ReferenceOTU9428 Even1_283992	*
N	*	83	*	*	*	*	*	New.CleanUp.ReferenceOTU9430 Even2_213512	*
N	*	92	*	*	*	*	*	New.CleanUp.ReferenceOTU9436 Even1_323308	*
N	*	100	*	*	*	*	*	New.CleanUp.ReferenceOTU9439 Even2_379725	*
N	*	100	*	*	*	*	*	New.CleanUp.ReferenceOTU9440 Even2_321609	*
N	*	94	*	*	*	*	*	New.CleanUp.ReferenceOTU9444 Even1_374837	*
N	*	95	*	*	*	*	*	New.CleanUp.ReferenceOTU9448 Even1_367993	*
N	*	100	*	*	*	*	*	New.CleanUp.ReferenceOTU945 Even3_393484	*
N	*	100	*	*	*	*	*	New.CleanUp.ReferenceOTU9450 Even3_123511	*
N	*	100	*	*	*	*	*	New.CleanUp.ReferenceOTU9452 Even2_314038	*
N	*	88	*	*	*	*	*	New.CleanUp.ReferenceOTU9456 Even1_336138	*
N	*	95	*	*	*	*	*	New.CleanUp.ReferenceOTU9465 Even1_327684	*
N	*	83	*	*	*	*	*	New.CleanUp.ReferenceOTU9468 Even2_364265	*
N	*	100	*	*	*	*	*	New.CleanUp.ReferenceOTU9473 Even3_40281	*
N	*	91	*	*	*	*	*	New.CleanUp.ReferenceOTU9478 Even3_88867	*
N	*	92	*	*	*	*	*	New.CleanUp.ReferenceOTU9487 Even1_309804	*
N	*	96	*	*	*	*	*	New.CleanUp.ReferenceOTU9495 Even2_386305	*
N	*	85	*	*	*	*	*	New.CleanUp.ReferenceOTU9498 Even1_378890	*
N	*	100	*	*	*	*	*	New.CleanUp.ReferenceOTU9499 Even3_298786	*
N	*	96	*	*	*	*	*	New.CleanUp.ReferenceOTU9505 Even1_388271	*
N	*	86	*	*	*	*	*	New.CleanUp.ReferenceOTU9507 Even1_383915	*
N	*	77	*	*	*	*	*	New.CleanUp.ReferenceOTU9509 Even1_307848	*
N	*	95	*	*	*	*	*	New.CleanUp.ReferenceOTU9510 Even3_10724	*
N	*	95	*	*	*	*	*	New.CleanUp.ReferenceOTU9512 Even3_394586	*
N	*	100	*	*	*	*	*	New.CleanUp.ReferenceOTU952 Even2_97317	*
N	*	95	*	*	*	*	*	New.CleanUp.ReferenceOTU9520 Even1_61036	*
N	*	81	*	*	*	*	*	New.CleanUp.ReferenceOTU9524 Even1_215746	*
N	*	100	*	*	*	*	*	New.CleanUp.ReferenceOTU9525 Even1_74587	*
N	*	100	*	*	*	*	*	New.CleanUp.ReferenceOTU9528 Even3_239599	*
N	*	83	*	*	*	*	*	New.CleanUp.ReferenceOTU9533 Even2_276364	*
N	*	100	*	*	*	*	*	New.CleanUp.ReferenceOTU9539 Even2_95952	*
N	*	100	*	*	*	*	*	New.CleanUp.ReferenceOTU9545 Even3_393559	*
N	*	85	*	*	*	*	*	New.CleanUp.ReferenceOTU9547 Even1_283656	*
N	*	100	*	*	*	*	*	New.CleanUp.ReferenceOTU9548 Even3_79121	*
N	*	92	*	*	*	*	*	New.CleanUp.ReferenceOTU9549 Even3_19499	*
N	*	91	*	*	*	*	*	New.CleanUp.ReferenceOTU9552 Even2_134443	*
N	*	100	*	*	*	*	*	New.CleanUp.ReferenceOTU956 Even1_323536	*
N	*	90	*	*	*	*	*	New.CleanUp.ReferenceOTU9560 Even3_130680	*
N	*	94	*	*	*	*	*	New.CleanUp.ReferenceOTU9562 Even1_304832	*
N	*	80	*	*	*	*	*	New.CleanUp.ReferenceOTU9564 Even2_392376	*
N	*	100	*	*	*	*	*	New.CleanUp.ReferenceOTU9577 Even3_395184	*
N	*	100	*	*	*	*	*	New.CleanUp.ReferenceOTU9578 Even3_395187	*
N	*	93	*	*	*	*	*	New.CleanUp.ReferenceOTU958 Even2_230392	*
N	*	95	*	*	*	*	*	New.CleanUp.ReferenceOTU9588 Even1_350370	*
N	*	92	*	*	*	*	*	New.CleanUp.ReferenceOTU9589 Even3_276008	*
N	*	86	*	*	*	*	*	New.CleanUp.ReferenceOTU9590 Even1_393089	*
N	*	100	*	*	*	*	*	New.CleanUp.ReferenceOTU9593 Even1_323682	*
N	*	100	*	*	*	*	*	New.CleanUp.ReferenceOTU9597 Even3_378121	*
N	*	87	*	*	*	*	*	New.CleanUp.ReferenceOTU9599 Even1_279779	*
N	*	82	*	*	*	*	*	New.CleanUp.ReferenceOTU96 Even2_297249	*
N	*	84	*	*	*	*	*	New.CleanUp.ReferenceOTU960 Even3_106867	*
N	*	100	*	*	*	*	*	New.CleanUp.ReferenceOTU9601 Even1_290116	*
N	*	100	*	*	*	*	*	New.CleanUp.ReferenceOTU9605 Even2_314210	*
N	*	93	*	*	*	*	*	New.CleanUp.ReferenceOTU9606 Even1_59250	*
N	*	100	*	*	*	*	*	New.CleanUp.ReferenceOTU961 Even3_41335	*
N	*	81	*	*	*	*	*	New.CleanUp.ReferenceOTU9612 Even2_238172	*
N	*	81	*	*	*	*	*	New.CleanUp.ReferenceOTU9620 Even1_236337	*
N	*	100	*	*	*	*	*	New.CleanUp.ReferenceOTU9621 Even2_388787	*
N	*	100	*	*	*	*	*	New.CleanUp.ReferenceOTU9623 Even1_177222	*
N	*	94	*	*	*	*	*	New.CleanUp.ReferenceOTU9625 Even1_302019	*
N	*	95	*	*	*	*	*	New.CleanUp.ReferenceOTU9626 Even1_367148	*
N	*	96	*	*	*	*	*	New.CleanUp.ReferenceOTU9627 Even2_281008	*
N	*	90	*	*	*	*	*	New.CleanUp.ReferenceOTU9629 Even1_367142	*
N	*	100	*	*	*	*	*	New.CleanUp.ReferenceOTU9631 Even3_309896	*
N	*	100	*	*	*	*	*	New.CleanUp.ReferenceOTU9635 Even3_8985	*
N	*	100	*	*	*	*	*	New.CleanUp.ReferenceOTU9637 Even3_17090	*
N	*	100	*	*	*	*	*	New.CleanUp.ReferenceOTU9639 Even3_299553	*
N	*	100	*	*	*	*	*	New.CleanUp.ReferenceOTU9644 Even2_33083	*
N	*	86	*	*	*	*	*	New.CleanUp.ReferenceOTU9645 Even1_86068	*
N	*	93	*	*	*	*	*	New.CleanUp.ReferenceOTU9656 Even1_281651	*
N	*	84	*	*	*	*	*	New.CleanUp.ReferenceOTU9658 Even1_306400	*
N	*	91	*	*	*	*	*	New.CleanUp.ReferenceOTU9665 Even3_185881	*
N	*	92	*	*	*	*	*	New.CleanUp.ReferenceOTU9670 Even3_264268	*
N	*	100	*	*	*	*	*	New.CleanUp.ReferenceOTU9675 Even1_363262	*
N	*	92	*	*	*	*	*	New.CleanUp.ReferenceOTU9677 Even1_175163	*
N	*	89	*	*	*	*	*	New.CleanUp.ReferenceOTU9680 Even3_366928	*
N	*	100	*	*	*	*	*	New.CleanUp.ReferenceOTU9683 Even1_266156	*
N	*	100	*	*	*	*	*	New.CleanUp.ReferenceOTU9687 Even1_297163	*
N	*	100	*	*	*	*	*	New.CleanUp.ReferenceOTU9689 Even1_310018	*
N	*	94	*	*	*	*	*	New.CleanUp.ReferenceOTU969 Even2_390378	*
N	*	100	*	*	*	*	*	New.CleanUp.ReferenceOTU9696 Even2_284189	*
N	*	82	*	*	*	*	*	New.CleanUp.ReferenceOTU9698 Even1_234080	*
N	*	91	*	*	*	*	*	New.CleanUp.ReferenceOTU970 Even3_279744	*
N	*	100	*	*	*	*	*	New.CleanUp.ReferenceOTU9700 Even2_284181	*
N	*	100	*	*	*	*	*	New.CleanUp.ReferenceOTU9704 Even2_344011	*
N	*	100	*	*	*	*	*	New.CleanUp.ReferenceOTU9708 Even2_264496	*
N	*	89	*	*	*	*	*	New.CleanUp.ReferenceOTU971 Even1_378146	*
N	*	100	*	*	*	*	*	New.CleanUp.ReferenceOTU9713 Even2_290211	*
N	*	100	*	*	*	*	*	New.CleanUp.ReferenceOTU9723 Even3_346439	*
N	*	84	*	*	*	*	*	New.CleanUp.ReferenceOTU973 Even1_280839	*
N	*	93	*	*	*	*	*	New.CleanUp.ReferenceOTU9731 Even1_305718	*
N	*	87	*	*	*	*	*	New.CleanUp.ReferenceOTU9736 Even3_386665	*
N	*	95	*	*	*	*	*	New.CleanUp.ReferenceOTU9738 Even3_386662	*
N	*	100	*	*	*	*	*	New.CleanUp.ReferenceOTU9739 Even2_378736	*
N	*	100	*	*	*	*	*	New.CleanUp.ReferenceOTU9740 Even2_378731	*
N	*	93	*	*	*	*	*	New.CleanUp.ReferenceOTU9741 Even2_378732	*
N	*	89	*	*	*	*	*	New.CleanUp.ReferenceOTU9744 Even2_2588	*
N	*	93	*	*	*	*	*	New.CleanUp.ReferenceOTU9752 Even1_359613	*
N	*	100	*	*	*	*	*	New.CleanUp.ReferenceOTU9753 Even3_368657	*
N	*	76	*	*	*	*	*	New.CleanUp.ReferenceOTU976 Even2_301814	*
N	*	100	*	*	*	*	*	New.CleanUp.ReferenceOTU9761 Even3_378924	*
N	*	100	*	*	*	*	*	New.CleanUp.ReferenceOTU9770 Even3_15122	*
N	*	100	*	*	*	*	*	New.CleanUp.ReferenceOTU9772 Even3_5264	*
N	*	83	*	*	*	*	*	New.CleanUp.ReferenceOTU9779 Even1_301121	*
N	*	100	*	*	*	*	*	New.CleanUp.ReferenceOTU9782 Even3_217955	*
N	*	76	*	*	*	*	*	New.CleanUp.ReferenceOTU9783 Even3_170155	*
N	*	100	*	*	*	*	*	New.CleanUp.ReferenceOTU9784 Even1_386880	*
N	*	84	*	*	*	*	*	New.CleanUp.ReferenceOTU9788 Even2_252028	*
N	*	100	*	*	*	*	*	New.CleanUp.ReferenceOTU980 Even2_310158	*
N	*	85	*	*	*	*	*	New.CleanUp.ReferenceOTU9802 Even2_278020	*
N	*	100	*	*	*	*	*	New.CleanUp.ReferenceOTU9804 Even1_360522	*
N	*	87	*	*	*	*	*	New.CleanUp.ReferenceOTU9806 Even3_120737	*
N	*	100	*	*	*	*	*	New.CleanUp.ReferenceOTU981 Even2_310155	*
N	*	96	*	*	*	*	*	New.CleanUp.ReferenceOTU9814 Even3_367060	*
N	*	100	*	*	*	*	*	New.CleanUp.ReferenceOTU9817 Even3_127703	*
N	*	100	*	*	*	*	*	New.CleanUp.ReferenceOTU9819 Even3_302063	*
N	*	100	*	*	*	*	*	New.CleanUp.ReferenceOTU9822 Even1_185656	*
N	*	92	*	*	*	*	*	New.CleanUp.ReferenceOTU9824 Even1_138438	*
N	*	100	*	*	*	*	*	New.CleanUp.ReferenceOTU9826 Even2_80152	*
N	*	100	*	*	*	*	*	New.CleanUp.ReferenceOTU9829 Even2_281493	*
N	*	100	*	*	*	*	*	New.CleanUp.ReferenceOTU9830 Even3_384364	*
N	*	96	*	*	*	*	*	New.CleanUp.ReferenceOTU9833 Even1_393868	*
N	*	100	*	*	*	*	*	New.CleanUp.ReferenceOTU9836 Even1_290321	*
N	*	86	*	*	*	*	*	New.CleanUp.ReferenceOTU9843 Even1_290638	*
N	*	100	*	*	*	*	*	New.CleanUp.ReferenceOTU9845 Even3_388727	*
N	*	93	*	*	*	*	*	New.CleanUp.ReferenceOTU9847 Even3_388723	*
N	*	100	*	*	*	*	*	New.CleanUp.ReferenceOTU9848 Even3_388722	*
N	*	93	*	*	*	*	*	New.CleanUp.ReferenceOTU9851 Even1_25592	*
N	*	94	*	*	*	*	*	New.CleanUp.ReferenceOTU9858 Even2_395390	*
N	*	77	*	*	*	*	*	New.CleanUp.ReferenceOTU987 Even3_297121	*
N	*	83	*	*	*	*	*	New.CleanUp.ReferenceOTU9882 Even3_55790	*
N	*	78	*	*	*	*	*	New.CleanUp.ReferenceOTU9883 Even3_124612	*
N	*	100	*	*	*	*	*	New.CleanUp.ReferenceOTU9884 Even2_384367	*
N	*	78	*	*	*	*	*	New.CleanUp.ReferenceOTU9885 Even3_181537	*
N	*	82	*	*	*	*	*	New.CleanUp.ReferenceOTU9886 Even3_36685	*
N	*	91	*	*	*	*	*	New.CleanUp.ReferenceOTU9887 Even1_302264	*
N	*	100	*	*	*	*	*	New.CleanUp.ReferenceOTU9890 Even1_91646	*
N	*	94	*	*	*	*	*	New.CleanUp.ReferenceOTU9898 Even2_70742	*
N	*	85	*	*	*	*	*	New.CleanUp.ReferenceOTU9900 Even2_267755	*
N	*	95	*	*	*	*	*	New.CleanUp.ReferenceOTU9902 Even2_63498	*
N	*	81	*	*	*	*	*	New.CleanUp.ReferenceOTU9906 Even2_267752	*
N	*	100	*	*	*	*	*	New.CleanUp.ReferenceOTU9909 Even2_289589	*
N	*	100	*	*	*	*	*	New.CleanUp.ReferenceOTU9913 Even3_299105	*
N	*	92	*	*	*	*	*	New.CleanUp.ReferenceOTU9925 Even3_397035	*
N	*	94	*	*	*	*	*	New.CleanUp.ReferenceOTU9926 Even3_397034	*
N	*	92	*	*	*	*	*	New.CleanUp.ReferenceOTU993 Even1_165194	*
N	*	100	*	*	*	*	*	New.CleanUp.ReferenceOTU9933 Even3_281337	*
N	*	96	*	*	*	*	*	New.CleanUp.ReferenceOTU9945 Even2_66847	*
N	*	96	*	*	*	*	*	New.CleanUp.ReferenceOTU9946 Even1_393333	*
N	*	100	*	*	*	*	*	New.CleanUp.ReferenceOTU9950 Even2_266089	*
N	*	95	*	*	*	*	*	New.CleanUp.ReferenceOTU9953 Even2_381535	*
N	*	96	*	*	*	*	*	New.CleanUp.ReferenceOTU9956 Even2_386321	*
N	*	100	*	*	*	*	*	New.CleanUp.ReferenceOTU9962 Even2_63649	*
N	*	79	*	*	*	*	*	New.CleanUp.ReferenceOTU9972 Even1_8136	*
N	*	100	*	*	*	*	*	New.CleanUp.ReferenceOTU9973 Even3_381724	*
N	*	100	*	*	*	*	*	New.CleanUp.ReferenceOTU9980 Even3_74642	*
N	*	91	*	*	*	*	*	New.CleanUp.ReferenceOTU9983 Even1_341622	*
N	*	93	*	*	*	*	*	New.CleanUp.ReferenceOTU9990 Even2_137317	*
N	*	100	*	*	*	*	*	New.CleanUp.ReferenceOTU9991 Even1_230553	*
N	*	93	*	*	*	*	*	New.CleanUp.ReferenceOTU9992 Even3_8429	*
N	*	90	*	*	*	*	*	New.CleanUp.ReferenceOTU9994 Even1_114741	*
N	*	100	*	*	*	*	*	New.CleanUp.ReferenceOTU9995 Even1_293887	*
N	*	83	*	*	*	*	*	New.CleanUp.ReferenceOTU9996 Even2_397094	*
D	3	2	*	*	*	*	100.0	1111874	*
D	106	2	*	*	*	*	98.8	1110303	*
D	141	2	*	*	*	*	100.0	1109766	*
D	291	2	*	*	*	*	100.0	1107738	*
D	345	2	*	*	*	*	100.0	1107029	*
D	358	2	*	*	*	*	97.0	1106861	*
D	454	3	*	*	*	*	98.9	1105552	*
D	619	2	*	*	*	*	98.8	1094340	*
D	848	2	*	*	*	*	99.0	1068969	*
D	905	3	*	*	*	*	98.2	1063126	*
D	993	3	*	*	*	*	100.0	1052930	*
D	1222	2	*	*	*	*	98.0	1026261	*
D	1296	2	*	*	*	*	100.0	1017181	*
D	2227	2	*	*	*	*	100.0	912669	*
D	2358	2	*	*	*	*	97.8	899404	*
D	2439	2	*	*	*	*	98.7	890516	*
D	2537	2	*	*	*	*	100.0	879327	*
D	2568	2	*	*	*	*	97.5	875709	*
D	2800	2	*	*	*	*	97.8	851961	*
D	2815	4	*	*	*	*	99.2	851323	*
D	2930	2	*	*	*	*	100.0	843189	*
D	3082	2	*	*	*	*	97.8	835880	*
D	3327	2	*	*	*	*	97.6	829240	*
D	4202	2	*	*	*	*	100.0	812381	*
D	4217	2	*	*	*	*	100.0	812155	*
D	4532	2	*	*	*	*	100.0	806581	*
D	4533	2	*	*	*	*	100.0	806568	*
D	4906	2	*	*	*	*	98.7	786708	*
D	5103	2	*	*	*	*	98.0	769961	*
D	5120	2	*	*	*	*	97.0	768553	*
D	5290	2	*	*	*	*	100.0	756100	*
D	5495	3	*	*	*	*	99.4	744029	*
D	5672	2	*	*	*	*	97.0	727945	*
D	5677	2	*	*	*	*	97.8	727692	*
D	6231	2	*	*	*	*	97.6	689292	*
D	6255	2	*	*	*	*	99.0	687940	*
D	6269	2	*	*	*	*	98.8	686972	*
D	6661	2	*	*	*	*	100.0	658233	*
D	6860	2	*	*	*	*	97.0	644244	*
D	7082	3	*	*	*	*	98.1	628226	*
D	7185	2	*	*	*	*	98.8	621472	*
D	7257	2	*	*	*	*	98.8	615907	*
D	7283	2	*	*	*	*	100.0	614504	*
D	7341	6	*	*	*	*	98.7	610462	*
D	7378	3	*	*	*	*	98.4	607386	*
D	7544	2	*	*	*	*	98.9	593492	*
D	7653	2	*	*	*	*	97.5	592771	*
D	7822	2	*	*	*	*	98.7	591518	*
D	8324	2	*	*	*	*	97.9	588042	*
D	8358	2	*	*	*	*	99.0	587788	*
D	8420	2	*	*	*	*	100.0	587269	*
D	8636	2	*	*	*	*	97.6	585701	*
D	8650	2	*	*	*	*	98.8	585574	*
D	8726	2	*	*	*	*	98.9	584900	*
D	8745	4	*	*	*	*	98.8	584765	*
D	8811	2	*	*	*	*	97.8	584375	*
D	9004	2	*	*	*	*	100.0	583117	*
D	9065	2	*	*	*	*	97.4	582691	*
D	9109	2	*	*	*	*	97.0	582431	*
D	9221	2	*	*	*	*	97.4	581541	*
D	9223	2	*	*	*	*	100.0	581514	*
D	9285	2	*	*	*	*	100.0	581079	*
D	9488	2	*	*	*	*	97.5	579647	*
D	9639	2	*	*	*	*	99.0	578649	*
D	9687	2	*	*	*	*	98.0	578401	*
D	9714	2	*	*	*	*	98.8	578211	*
D	9825	2	*	*	*	*	98.8	577082	*
D	9853	2	*	*	*	*	97.6	576914	*
D	10116	2	*	*	*	*	100.0	574920	*
D	10191	2	*	*	*	*	98.7	574290	*
D	10555	2	*	*	*	*	98.8	571458	*
D	10772	2	*	*	*	*	98.8	569818	*
D	10807	2	*	*	*	*	97.6	569522	*
D	10849	2	*	*	*	*	98.0	569116	*
D	11123	2	*	*	*	*	97.9	567011	*
D	11452	2	*	*	*	*	99.0	564301	*
D	11477	2	*	*	*	*	100.0	564123	*
D	11579	2	*	*	*	*	98.8	563359	*
D	11620	2	*	*	*	*	97.5	563009	*
D	11752	2	*	*	*	*	98.7	562038	*
D	11778	2	*	*	*	*	99.0	561881	*
D	12038	2	*	*	*	*	100.0	559843	*
D	12093	3	*	*	*	*	97.5	559499	*
D	12131	2	*	*	*	*	100.0	559200	*
D	12158	2	*	*	*	*	98.7	558911	*
D	12256	3	*	*	*	*	99.0	558081	*
D	12377	2	*	*	*	*	100.0	557216	*
D	12397	2	*	*	*	*	97.5	557093	*
D	12466	2	*	*	*	*	98.7	556451	*
D	12829	2	*	*	*	*	100.0	553611	*
D	12873	2	*	*	*	*	97.0	553245	*
D	12878	2	*	*	*	*	99.0	553208	*
D	13092	2	*	*	*	*	100.0	551295	*
D	14047	2	*	*	*	*	99.0	543813	*
D	14320	2	*	*	*	*	97.0	541691	*
D	14609	2	*	*	*	*	97.6	539496	*
D	14698	2	*	*	*	*	100.0	538907	*
D	14752	2	*	*	*	*	97.9	538512	*
D	14821	3	*	*	*	*	99.5	538000	*
D	14940	2	*	*	*	*	97.6	537118	*
D	14979	2	*	*	*	*	100.0	536831	*
D	15041	2	*	*	*	*	97.5	536252	*
D	15084	2	*	*	*	*	100.0	535955	*
D	15210	2	*	*	*	*	100.0	534957	*
D	15217	3	*	*	*	*	99.4	534898	*
D	15236	2	*	*	*	*	98.9	534771	*
D	15296	2	*	*	*	*	100.0	534321	*
D	15359	2	*	*	*	*	98.7	533650	*
D	15400	2	*	*	*	*	100.0	533373	*
D	15659	2	*	*	*	*	100.0	530379	*
D	15698	2	*	*	*	*	100.0	529873	*
D	15715	2	*	*	*	*	100.0	529740	*
D	15863	4	*	*	*	*	97.7	527988	*
D	15903	3	*	*	*	*	98.3	527507	*
D	16022	4	*	*	*	*	99.2	525841	*
D	16059	2	*	*	*	*	100.0	525401	*
D	16098	3	*	*	*	*	99.5	524891	*
D	16250	2	*	*	*	*	100.0	523025	*
D	16275	2	*	*	*	*	100.0	522595	*
D	16277	2	*	*	*	*	97.0	522582	*
D	16519	2	*	*	*	*	98.0	519290	*
D	16728	2	*	*	*	*	97.6	516648	*
D	16740	2	*	*	*	*	97.5	516553	*
D	16993	2	*	*	*	*	99.0	513773	*
D	17340	2	*	*	*	*	100.0	511366	*
D	17378	2	*	*	*	*	98.7	511074	*
D	17422	2	*	*	*	*	98.8	510780	*
D	17569	2	*	*	*	*	98.0	509636	*
D	17579	2	*	*	*	*	98.7	509578	*
D	17653	2	*	*	*	*	98.7	509109	*
D	17677	2	*	*	*	*	97.0	508984	*
D	17719	2	*	*	*	*	98.0	505565	*
D	17850	3	*	*	*	*	99.4	484304	*
D	17852	4	*	*	*	*	99.0	471180	*
D	17858	2	*	*	*	*	100.0	470117	*
D	18450	2	*	*	*	*	100.0	399818	*
D	18714	2	*	*	*	*	97.4	370361	*
D	18716	2	*	*	*	*	100.0	370357	*
D	18771	2	*	*	*	*	100.0	369449	*
D	18774	2	*	*	*	*	98.0	369429	*
D	18866	3	*	*	*	*	98.8	367813	*
D	18897	3	*	*	*	*	98.9	367215	*
D	18942	3	*	*	*	*	98.7	366451	*
D	18947	3	*	*	*	*	99.3	366386	*
D	18993	2	*	*	*	*	98.8	365496	*
D	18999	3	*	*	*	*	99.4	365385	*
D	19026	2	*	*	*	*	97.0	364926	*
D	19027	2	*	*	*	*	100.0	364903	*
D	19039	2	*	*	*	*	97.4	364722	*
D	19080	2	*	*	*	*	100.0	363887	*
D	19095	2	*	*	*	*	100.0	363625	*
D	19229	2	*	*	*	*	98.7	361507	*
D	19253	2	*	*	*	*	99.0	361100	*
D	19258	2	*	*	*	*	100.0	360962	*
D	19283	2	*	*	*	*	97.0	360518	*
D	19366	2	*	*	*	*	98.0	359149	*
D	19399	2	*	*	*	*	100.0	358538	*
D	19400	2	*	*	*	*	97.5	358493	*
D	19429	2	*	*	*	*	97.4	358016	*
D	19448	2	*	*	*	*	97.6	357724	*
D	19485	2	*	*	*	*	100.0	357046	*
D	19496	2	*	*	*	*	98.7	356760	*
D	19548	2	*	*	*	*	100.0	356360	*
D	19561	2	*	*	*	*	97.0	356255	*
D	19580	2	*	*	*	*	97.5	356083	*
D	19624	2	*	*	*	*	99.0	355847	*
D	19696	2	*	*	*	*	100.0	355307	*
D	19700	2	*	*	*	*	99.0	355277	*
D	19759	2	*	*	*	*	97.8	354863	*
D	19832	2	*	*	*	*	98.8	354258	*
D	19840	2	*	*	*	*	100.0	354220	*
D	19912	2	*	*	*	*	98.0	353649	*
D	19961	2	*	*	*	*	97.5	353292	*
D	19984	2	*	*	*	*	97.8	353124	*
D	20083	2	*	*	*	*	100.0	352473	*
D	20135	2	*	*	*	*	98.7	352034	*
D	20172	2	*	*	*	*	97.6	351794	*
D	20181	2	*	*	*	*	97.6	351734	*
D	20272	3	*	*	*	*	98.3	351095	*
D	20327	2	*	*	*	*	99.0	350681	*
D	20333	2	*	*	*	*	97.4	350626	*
D	20569	2	*	*	*	*	98.0	349024	*
D	20605	4	*	*	*	*	99.3	348751	*
D	20615	2	*	*	*	*	97.5	348641	*
D	20618	2	*	*	*	*	99.0	348622	*
D	20699	2	*	*	*	*	100.0	347965	*
D	20721	2	*	*	*	*	98.7	347801	*
D	20841	2	*	*	*	*	97.6	346938	*
D	20877	2	*	*	*	*	100.0	346689	*
D	21046	2	*	*	*	*	100.0	345354	*
D	21062	2	*	*	*	*	100.0	345246	*
D	21281	2	*	*	*	*	98.8	343699	*
D	21286	2	*	*	*	*	97.6	343667	*
D	21291	2	*	*	*	*	100.0	343630	*
D	21326	2	*	*	*	*	99.0	343354	*
D	21391	4	*	*	*	*	98.8	342844	*
D	21398	2	*	*	*	*	99.0	342790	*
D	21423	2	*	*	*	*	98.8	342638	*
D	21443	2	*	*	*	*	100.0	342487	*
D	21528	2	*	*	*	*	100.0	341853	*
D	21655	2	*	*	*	*	97.4	340819	*
D	21665	3	*	*	*	*	99.5	340759	*
D	21687	3	*	*	*	*	98.8	340642	*
D	21699	2	*	*	*	*	99.0	340547	*
D	21741	2	*	*	*	*	100.0	340216	*
D	21745	2	*	*	*	*	98.8	340197	*
D	21834	2	*	*	*	*	99.0	339532	*
D	21846	2	*	*	*	*	98.8	339457	*
D	21885	2	*	*	*	*	100.0	339132	*
D	21908	2	*	*	*	*	100.0	339013	*
D	21950	2	*	*	*	*	97.6	338756	*
D	22113	2	*	*	*	*	98.8	337580	*
D	22128	2	*	*	*	*	97.0	337495	*
D	22202	2	*	*	*	*	97.0	336977	*
D	22204	2	*	*	*	*	98.7	336947	*
D	22234	2	*	*	*	*	99.0	336710	*
D	22264	2	*	*	*	*	97.5	336528	*
D	22392	2	*	*	*	*	100.0	335670	*
D	22408	2	*	*	*	*	100.0	335550	*
D	22459	2	*	*	*	*	97.7	335212	*
D	22629	2	*	*	*	*	100.0	333859	*
D	22642	2	*	*	*	*	97.0	333753	*
D	22703	3	*	*	*	*	99.4	333341	*
D	22724	2	*	*	*	*	99.0	333173	*
D	22743	2	*	*	*	*	100.0	333028	*
D	22754	2	*	*	*	*	97.7	332935	*
D	22820	2	*	*	*	*	97.8	332500	*
D	22871	2	*	*	*	*	97.5	332168	*
D	22971	2	*	*	*	*	97.0	331453	*
D	23051	3	*	*	*	*	99.4	330989	*
D	23169	2	*	*	*	*	100.0	329997	*
D	23188	2	*	*	*	*	99.0	329817	*
D	23212	2	*	*	*	*	98.7	329688	*
D	23273	2	*	*	*	*	97.4	329205	*
D	23291	2	*	*	*	*	97.6	329096	*
D	23380	3	*	*	*	*	98.8	328458	*
D	23401	2	*	*	*	*	98.9	328283	*
D	23447	2	*	*	*	*	97.8	327969	*
D	23465	2	*	*	*	*	100.0	327851	*
D	23468	2	*	*	*	*	99.0	327826	*
D	23641	3	*	*	*	*	100.0	326626	*
D	23759	2	*	*	*	*	97.0	325796	*
D	23876	3	*	*	*	*	100.0	325098	*
D	23897	2	*	*	*	*	98.7	324884	*
D	24247	2	*	*	*	*	97.4	322137	*
D	24286	4	*	*	*	*	99.2	321875	*
D	24441	2	*	*	*	*	100.0	320786	*
D	24490	2	*	*	*	*	97.4	320430	*
D	24492	2	*	*	*	*	100.0	320422	*
D	24495	2	*	*	*	*	98.8	320395	*
D	24533	3	*	*	*	*	98.2	320197	*
D	24561	2	*	*	*	*	98.7	319944	*
D	24569	2	*	*	*	*	97.6	319898	*
D	24655	2	*	*	*	*	98.0	319262	*
D	24700	2	*	*	*	*	97.4	318949	*
D	24705	2	*	*	*	*	97.4	318900	*
D	24764	2	*	*	*	*	100.0	318445	*
D	24808	2	*	*	*	*	98.8	318184	*
D	25021	2	*	*	*	*	97.0	316642	*
D	25275	2	*	*	*	*	97.7	314613	*
D	25329	2	*	*	*	*	100.0	314189	*
D	25410	2	*	*	*	*	100.0	313593	*
D	25477	2	*	*	*	*	99.0	313121	*
D	25478	2	*	*	*	*	97.5	313106	*
D	25485	2	*	*	*	*	98.0	313060	*
D	25548	2	*	*	*	*	99.0	312586	*
D	25646	2	*	*	*	*	100.0	311950	*
D	25684	2	*	*	*	*	98.8	311724	*
D	25705	2	*	*	*	*	99.0	311600	*
D	25726	3	*	*	*	*	100.0	311499	*
D	25853	2	*	*	*	*	97.8	310669	*
D	25895	2	*	*	*	*	97.6	310380	*
D	25970	2	*	*	*	*	97.6	309788	*
D	25979	2	*	*	*	*	98.7	309696	*
D	26035	2	*	*	*	*	98.8	309220	*
D	26114	2	*	*	*	*	98.0	308629	*
D	26125	2	*	*	*	*	97.4	308502	*
D	26385	4	*	*	*	*	98.6	306633	*
D	26428	2	*	*	*	*	100.0	306270	*
D	26461	2	*	*	*	*	100.0	306021	*
D	26468	2	*	*	*	*	100.0	305982	*
D	26524	2	*	*	*	*	98.8	305477	*
D	26551	2	*	*	*	*	98.9	305329	*
D	26660	2	*	*	*	*	98.9	304563	*
D	26737	2	*	*	*	*	98.7	304047	*
D	26759	3	*	*	*	*	97.8	303864	*
D	26806	3	*	*	*	*	97.0	303444	*
D	26841	3	*	*	*	*	98.5	303221	*
D	26872	2	*	*	*	*	97.0	303037	*
D	26885	2	*	*	*	*	98.0	302960	*
D	26890	2	*	*	*	*	98.0	302919	*
D	26938	2	*	*	*	*	97.4	302553	*
D	27088	5	*	*	*	*	99.4	301608	*
D	27267	2	*	*	*	*	97.5	300662	*
D	27289	2	*	*	*	*	98.7	300563	*
D	27347	2	*	*	*	*	98.0	300267	*
D	27357	2	*	*	*	*	100.0	300222	*
D	27521	3	*	*	*	*	97.8	299187	*
D	27555	2	*	*	*	*	99.0	298988	*
D	27561	2	*	*	*	*	97.0	298942	*
D	27615	2	*	*	*	*	98.0	298592	*
D	27639	2	*	*	*	*	97.0	298451	*
D	27667	2	*	*	*	*	97.6	298254	*
D	27704	2	*	*	*	*	100.0	297970	*
D	27714	2	*	*	*	*	100.0	297917	*
D	27761	4	*	*	*	*	98.4	297641	*
D	27829	2	*	*	*	*	100.0	297182	*
D	27859	2	*	*	*	*	98.9	297057	*
D	27881	2	*	*	*	*	100.0	296872	*
D	27948	2	*	*	*	*	98.9	296442	*
D	28010	2	*	*	*	*	98.7	296103	*
D	28031	2	*	*	*	*	97.4	296007	*
D	28099	3	*	*	*	*	99.0	295554	*
D	28254	3	*	*	*	*	99.3	294499	*
D	28259	2	*	*	*	*	100.0	294440	*
D	28287	2	*	*	*	*	98.0	294270	*
D	28324	2	*	*	*	*	100.0	294022	*
D	28381	2	*	*	*	*	98.8	293594	*
D	28433	3	*	*	*	*	98.7	293262	*
D	28488	2	*	*	*	*	97.0	292909	*
D	28525	3	*	*	*	*	98.1	292634	*
D	28542	2	*	*	*	*	100.0	292521	*
D	28590	2	*	*	*	*	99.0	292260	*
D	28617	4	*	*	*	*	100.0	292145	*
D	28625	2	*	*	*	*	100.0	292085	*
D	28796	3	*	*	*	*	99.0	291128	*
D	28869	2	*	*	*	*	97.0	290632	*
D	28899	2	*	*	*	*	100.0	290468	*
D	28920	2	*	*	*	*	100.0	290343	*
D	28934	2	*	*	*	*	97.6	290283	*
D	29025	2	*	*	*	*	98.7	289725	*
D	29033	2	*	*	*	*	100.0	289679	*
D	29081	2	*	*	*	*	100.0	289379	*
D	29153	2	*	*	*	*	100.0	288930	*
D	29224	2	*	*	*	*	100.0	288417	*
D	29330	2	*	*	*	*	97.5	287755	*
D	29349	2	*	*	*	*	97.0	287597	*
D	29500	2	*	*	*	*	100.0	283225	*
D	29530	2	*	*	*	*	97.5	281938	*
D	29555	3	*	*	*	*	97.5	281015	*
D	29657	2	*	*	*	*	98.8	279384	*
D	29678	2	*	*	*	*	97.0	279297	*
D	30061	2	*	*	*	*	99.0	277584	*
D	30069	2	*	*	*	*	100.0	277521	*
D	30210	2	*	*	*	*	100.0	276657	*
D	30372	2	*	*	*	*	97.4	275653	*
D	30537	4	*	*	*	*	100.0	274744	*
D	30553	2	*	*	*	*	97.0	274627	*
D	30576	2	*	*	*	*	97.5	274455	*
D	30976	2	*	*	*	*	97.4	272076	*
D	31098	2	*	*	*	*	100.0	271259	*
D	31106	2	*	*	*	*	100.0	271214	*
D	31357	2	*	*	*	*	97.4	269621	*
D	31407	2	*	*	*	*	100.0	269386	*
D	31422	2	*	*	*	*	100.0	269327	*
D	31536	2	*	*	*	*	99.0	268693	*
D	31549	2	*	*	*	*	97.5	268620	*
D	31646	3	*	*	*	*	98.3	268101	*
D	32273	2	*	*	*	*	99.0	264009	*
D	32310	2	*	*	*	*	98.8	263820	*
D	32337	2	*	*	*	*	100.0	263645	*
D	32398	2	*	*	*	*	97.5	263285	*
D	32491	2	*	*	*	*	98.8	262766	*
D	32545	2	*	*	*	*	99.0	262433	*
D	32551	2	*	*	*	*	97.6	262410	*
D	32599	2	*	*	*	*	97.4	262095	*
D	32650	2	*	*	*	*	98.9	261698	*
D	32870	4	*	*	*	*	99.3	260410	*
D	32962	2	*	*	*	*	97.4	259816	*
D	33018	2	*	*	*	*	97.5	259556	*
D	33147	3	*	*	*	*	100.0	258785	*
D	33456	2	*	*	*	*	97.4	256400	*
D	33480	2	*	*	*	*	97.5	256227	*
D	33612	2	*	*	*	*	97.8	255112	*
D	33722	2	*	*	*	*	100.0	254401	*
D	33735	2	*	*	*	*	97.7	254336	*
D	33742	2	*	*	*	*	100.0	254286	*
D	33868	2	*	*	*	*	98.8	253380	*
D	34261	2	*	*	*	*	100.0	250370	*
D	34438	2	*	*	*	*	97.0	249142	*
D	34524	2	*	*	*	*	99.0	248485	*
D	34968	2	*	*	*	*	99.0	245203	*
D	35049	2	*	*	*	*	100.0	244491	*
D	35192	2	*	*	*	*	97.4	243374	*
D	35199	2	*	*	*	*	99.0	243353	*
D	35237	2	*	*	*	*	97.5	243064	*
D	35548	2	*	*	*	*	97.5	240810	*
D	35587	2	*	*	*	*	100.0	240491	*
D	35711	2	*	*	*	*	100.0	239619	*
D	36037	2	*	*	*	*	98.8	237444	*
D	36138	2	*	*	*	*	98.0	236821	*
D	36142	2	*	*	*	*	100.0	236801	*
D	36359	2	*	*	*	*	99.0	235262	*
D	36408	2	*	*	*	*	97.0	234488	*
D	36631	2	*	*	*	*	100.0	231205	*
D	36696	2	*	*	*	*	97.0	230213	*
D	36708	2	*	*	*	*	100.0	230073	*
D	36812	2	*	*	*	*	100.0	228556	*
D	36819	2	*	*	*	*	97.6	228494	*
D	36978	2	*	*	*	*	98.7	226626	*
D	37110	2	*	*	*	*	100.0	225522	*
D	37153	2	*	*	*	*	98.7	225187	*
D	37355	2	*	*	*	*	98.8	223368	*
D	37423	3	*	*	*	*	98.2	222706	*
D	37483	4	*	*	*	*	99.0	222043	*
D	37498	2	*	*	*	*	98.0	221946	*
D	37652	2	*	*	*	*	100.0	220524	*
D	37810	2	*	*	*	*	100.0	219058	*
D	38023	2	*	*	*	*	98.0	217201	*
D	38250	2	*	*	*	*	97.0	214730	*
D	38348	2	*	*	*	*	98.7	213487	*
D	38457	2	*	*	*	*	100.0	212164	*
D	38487	2	*	*	*	*	98.7	211848	*
D	38502	3	*	*	*	*	100.0	211706	*
D	38581	2	*	*	*	*	98.7	210904	*
D	38594	2	*	*	*	*	100.0	210800	*
D	38709	4	*	*	*	*	98.4	209685	*
D	38834	2	*	*	*	*	97.4	208315	*
D	38933	2	*	*	*	*	97.6	207297	*
D	38954	2	*	*	*	*	99.0	207126	*
D	39035	2	*	*	*	*	98.9	206278	*
D	39050	2	*	*	*	*	97.0	206124	*
D	39156	2	*	*	*	*	100.0	204864	*
D	39187	3	*	*	*	*	98.9	204462	*
D	39725	2	*	*	*	*	98.9	199677	*
D	39749	2	*	*	*	*	100.0	199528	*
D	39804	2	*	*	*	*	97.0	199245	*
D	39814	2	*	*	*	*	99.0	199190	*
D	39876	2	*	*	*	*	100.0	198875	*
D	39947	2	*	*	*	*	97.5	198502	*
D	39948	2	*	*	*	*	100.0	198494	*
D	39959	2	*	*	*	*	98.0	198422	*
D	39976	3	*	*	*	*	99.0	198324	*
D	40039	2	*	*	*	*	99.0	197991	*
D	40049	2	*	*	*	*	98.0	197924	*
D	40075	2	*	*	*	*	100.0	197757	*
D	40105	2	*	*	*	*	100.0	197537	*
D	40124	2	*	*	*	*	100.0	197458	*
D	40152	2	*	*	*	*	99.0	197326	*
D	40169	3	*	*	*	*	98.7	197248	*
D	40197	2	*	*	*	*	99.0	197105	*
D	40200	2	*	*	*	*	98.9	197091	*
D	40208	2	*	*	*	*	100.0	197052	*
D	40293	2	*	*	*	*	98.0	196604	*
D	40302	2	*	*	*	*	97.6	196577	*
D	40313	3	*	*	*	*	97.6	196508	*
D	40333	2	*	*	*	*	98.7	196381	*
D	40352	2	*	*	*	*	100.0	196271	*
D	40397	2	*	*	*	*	100.0	196054	*
D	40416	4	*	*	*	*	98.2	195934	*
D	40419	2	*	*	*	*	100.0	195929	*
D	40426	2	*	*	*	*	100.0	195883	*
D	40433	2	*	*	*	*	100.0	195855	*
D	40446	2	*	*	*	*	99.0	195788	*
D	40448	4	*	*	*	*	97.9	195781	*
D	40464	2	*	*	*	*	97.4	195704	*
D	40473	2	*	*	*	*	98.8	195646	*
D	40482	4	*	*	*	*	98.1	195574	*
D	40493	3	*	*	*	*	98.3	195508	*
D	40505	2	*	*	*	*	97.9	195465	*
D	40543	2	*	*	*	*	100.0	195275	*
D	40544	2	*	*	*	*	100.0	195271	*
D	40556	2	*	*	*	*	98.7	195207	*
D	40631	2	*	*	*	*	97.4	194863	*
D	40671	2	*	*	*	*	100.0	194667	*
D	40675	2	*	*	*	*	98.7	194659	*
D	40682	2	*	*	*	*	98.7	194615	*
D	40730	2	*	*	*	*	99.0	194416	*
D	40749	2	*	*	*	*	100.0	194340	*
D	40771	2	*	*	*	*	98.9	194219	*
D	40773	3	*	*	*	*	99.0	194215	*
D	40775	3	*	*	*	*	99.3	194201	*
D	40808	2	*	*	*	*	98.8	194041	*
D	40822	2	*	*	*	*	97.0	193972	*
D	40829	3	*	*	*	*	98.3	193946	*
D	40844	2	*	*	*	*	98.0	193863	*
D	40880	2	*	*	*	*	97.4	193679	*
D	40895	2	*	*	*	*	100.0	193609	*
D	40938	2	*	*	*	*	97.8	193364	*
D	41004	2	*	*	*	*	97.0	192983	*
D	41067	2	*	*	*	*	98.7	192598	*
D	41068	2	*	*	*	*	97.5	192592	*
D	41082	2	*	*	*	*	98.9	192504	*
D	41097	2	*	*	*	*	99.0	192419	*
D	41102	2	*	*	*	*	98.9	192396	*
D	41148	2	*	*	*	*	100.0	192204	*
D	41151	2	*	*	*	*	99.0	192182	*
D	41161	2	*	*	*	*	98.0	192111	*
D	41164	2	*	*	*	*	98.0	192093	*
D	41208	2	*	*	*	*	98.0	191872	*
D	41251	3	*	*	*	*	98.5	191657	*
D	41276	2	*	*	*	*	100.0	191549	*
D	41349	2	*	*	*	*	100.0	191148	*
D	41401	2	*	*	*	*	97.0	190913	*
D	41441	3	*	*	*	*	98.0	190649	*
D	41447	2	*	*	*	*	100.0	190637	*
D	41467	2	*	*	*	*	97.8	190529	*
D	41477	2	*	*	*	*	98.7	190502	*
D	41512	2	*	*	*	*	97.0	190279	*
D	41531	5	*	*	*	*	99.7	190188	*
D	41549	2	*	*	*	*	97.0	190076	*
D	41578	2	*	*	*	*	98.9	189914	*
D	41579	2	*	*	*	*	100.0	189911	*
D	41582	2	*	*	*	*	100.0	189898	*
D	41583	2	*	*	*	*	100.0	189896	*
D	41658	2	*	*	*	*	100.0	189524	*
D	41659	2	*	*	*	*	98.7	189521	*
D	41697	2	*	*	*	*	99.0	189297	*
D	41741	2	*	*	*	*	97.6	189083	*
D	41746	2	*	*	*	*	99.0	189064	*
D	41783	2	*	*	*	*	100.0	188887	*
D	41801	2	*	*	*	*	98.9	188818	*
D	41817	2	*	*	*	*	97.0	188706	*
D	41833	5	*	*	*	*	99.4	188610	*
D	41873	2	*	*	*	*	99.0	188321	*
D	41935	2	*	*	*	*	97.8	187998	*
D	41937	2	*	*	*	*	97.8	187980	*
D	41948	2	*	*	*	*	98.8	187929	*
D	41958	2	*	*	*	*	98.0	187841	*
D	41964	2	*	*	*	*	97.5	187812	*
D	41976	2	*	*	*	*	100.0	187751	*
D	41984	2	*	*	*	*	98.8	187720	*
D	42017	2	*	*	*	*	100.0	187492	*
D	42046	2	*	*	*	*	98.0	187355	*
D	42052	2	*	*	*	*	99.0	187324	*
D	42066	2	*	*	*	*	100.0	187248	*
D	42087	2	*	*	*	*	98.9	187150	*
D	42088	4	*	*	*	*	98.9	187144	*
D	42132	2	*	*	*	*	97.6	186906	*
D	42135	4	*	*	*	*	98.4	186888	*
D	42141	2	*	*	*	*	100.0	186876	*
D	42146	3	*	*	*	*	97.9	186858	*
D	42150	2	*	*	*	*	99.0	186841	*
D	42184	2	*	*	*	*	100.0	186624	*
D	42230	3	*	*	*	*	99.5	186352	*
D	42259	2	*	*	*	*	100.0	186168	*
D	42289	2	*	*	*	*	98.8	186030	*
D	42308	2	*	*	*	*	99.0	185949	*
D	42310	2	*	*	*	*	100.0	185939	*
D	42329	2	*	*	*	*	97.4	185834	*
D	42332	2	*	*	*	*	100.0	185821	*
D	42352	2	*	*	*	*	98.0	185730	*
D	42362	2	*	*	*	*	97.0	185692	*
D	42408	2	*	*	*	*	97.5	185476	*
D	42534	2	*	*	*	*	100.0	184725	*
D	42553	2	*	*	*	*	97.0	184567	*
D	42595	5	*	*	*	*	99.4	184322	*
D	42616	2	*	*	*	*	98.8	184209	*
D	42664	2	*	*	*	*	100.0	183873	*
D	42683	2	*	*	*	*	97.5	183817	*
D	42693	2	*	*	*	*	98.0	183783	*
D	42729	2	*	*	*	*	97.0	183603	*
D	42807	2	*	*	*	*	98.0	183202	*
D	42815	2	*	*	*	*	98.8	183163	*
D	42842	2	*	*	*	*	98.8	183054	*
D	42865	4	*	*	*	*	99.2	182956	*
D	42887	3	*	*	*	*	99.5	182861	*
D	42959	4	*	*	*	*	99.3	182483	*
D	42966	2	*	*	*	*	98.0	182428	*
D	43011	2	*	*	*	*	97.0	182163	*
D	43023	2	*	*	*	*	100.0	182111	*
D	43033	2	*	*	*	*	100.0	182065	*
D	43037	2	*	*	*	*	99.0	182052	*
D	43052	3	*	*	*	*	98.8	181990	*
D	43055	2	*	*	*	*	100.0	181984	*
D	43076	4	*	*	*	*	99.6	181871	*
D	43079	3	*	*	*	*	100.0	181864	*
D	43108	2	*	*	*	*	98.7	181718	*
D	43114	2	*	*	*	*	100.0	181689	*
D	43196	3	*	*	*	*	98.3	181204	*
D	43197	2	*	*	*	*	97.4	181193	*
D	43229	2	*	*	*	*	98.8	181008	*
D	43258	2	*	*	*	*	99.0	180842	*
D	43306	2	*	*	*	*	97.4	180606	*
D	43339	2	*	*	*	*	100.0	180462	*
D	43409	2	*	*	*	*	100.0	180090	*
D	43418	3	*	*	*	*	98.9	180045	*
D	43440	2	*	*	*	*	98.7	179865	*
D	43459	3	*	*	*	*	98.8	179760	*
D	43489	2	*	*	*	*	99.0	179620	*
D	43506	3	*	*	*	*	98.8	179562	*
D	43541	3	*	*	*	*	97.5	179400	*
D	43545	2	*	*	*	*	97.0	179384	*
D	43609	2	*	*	*	*	97.4	178977	*
D	43641	2	*	*	*	*	98.9	178809	*
D	43651	3	*	*	*	*	98.9	178770	*
D	43660	2	*	*	*	*	98.8	178751	*
D	43686	2	*	*	*	*	98.9	178616	*
D	43720	3	*	*	*	*	99.5	178447	*
D	43737	2	*	*	*	*	98.7	178332	*
D	43765	3	*	*	*	*	98.7	178173	*
D	43770	2	*	*	*	*	100.0	178142	*
D	43789	2	*	*	*	*	98.7	178042	*
D	43869	3	*	*	*	*	98.8	177618	*
D	43919	2	*	*	*	*	100.0	177360	*
D	43920	2	*	*	*	*	100.0	177359	*
D	43946	2	*	*	*	*	97.6	177224	*
D	43947	2	*	*	*	*	99.0	177222	*
D	43958	2	*	*	*	*	98.8	177175	*
D	44037	2	*	*	*	*	97.5	176757	*
D	44057	4	*	*	*	*	99.2	176664	*
D	44087	2	*	*	*	*	100.0	176467	*
D	44108	2	*	*	*	*	100.0	176306	*
D	44112	2	*	*	*	*	98.7	176282	*
D	44150	2	*	*	*	*	97.0	176080	*
D	44163	2	*	*	*	*	97.0	176034	*
D	44169	2	*	*	*	*	98.8	175978	*
D	44175	4	*	*	*	*	100.0	175960	*
D	44202	2	*	*	*	*	100.0	175776	*
D	44204	2	*	*	*	*	100.0	175761	*
D	44239	2	*	*	*	*	97.5	175560	*
D	44254	2	*	*	*	*	99.0	175485	*
D	44276	2	*	*	*	*	99.0	175367	*
D	44308	2	*	*	*	*	97.4	175193	*
D	44312	2	*	*	*	*	100.0	175168	*
D	44331	2	*	*	*	*	97.0	175062	*
D	44357	2	*	*	*	*	98.0	174882	*
D	44446	2	*	*	*	*	100.0	174487	*
D	44460	2	*	*	*	*	100.0	174383	*
D	44483	2	*	*	*	*	98.9	174279	*
D	44518	2	*	*	*	*	100.0	174044	*
D	44522	2	*	*	*	*	97.0	174036	*
D	44588	3	*	*	*	*	97.6	173565	*
D	44780	2	*	*	*	*	99.0	171532	*
D	44832	2	*	*	*	*	99.0	170798	*
D	44834	4	*	*	*	*	98.7	170775	*
D	44979	2	*	*	*	*	98.0	169182	*
D	45035	2	*	*	*	*	98.0	168415	*
D	45073	2	*	*	*	*	99.0	168031	*
D	45105	2	*	*	*	*	99.0	167741	*
D	45156	3	*	*	*	*	99.4	167187	*
D	45159	3	*	*	*	*	97.3	167120	*
D	45314	2	*	*	*	*	97.8	165183	*
D	45632	3	*	*	*	*	99.5	161579	*
D	45653	2	*	*	*	*	100.0	161423	*
D	45910	2	*	*	*	*	98.8	159655	*
D	46011	3	*	*	*	*	97.9	158908	*
D	46025	2	*	*	*	*	97.0	158820	*
D	46039	3	*	*	*	*	97.8	158711	*
D	46050	2	*	*	*	*	97.5	158625	*
D	46082	3	*	*	*	*	98.5	158393	*
D	46105	2	*	*	*	*	98.8	158215	*
D	46140	2	*	*	*	*	97.0	157921	*
D	46149	2	*	*	*	*	100.0	157842	*
D	46158	2	*	*	*	*	100.0	157772	*
D	46161	3	*	*	*	*	98.5	157748	*
D	46525	2	*	*	*	*	99.0	155243	*
D	46589	2	*	*	*	*	100.0	154635	*
D	46641	2	*	*	*	*	98.8	154268	*
D	46830	2	*	*	*	*	97.6	152632	*
D	46948	2	*	*	*	*	99.0	151682	*
D	47121	2	*	*	*	*	97.6	150404	*
D	47598	2	*	*	*	*	98.8	146743	*
D	48351	2	*	*	*	*	100.0	141972	*
D	48740	2	*	*	*	*	99.0	138826	*
D	48941	2	*	*	*	*	100.0	137108	*
D	49048	2	*	*	*	*	100.0	136502	*
D	49329	2	*	*	*	*	98.7	133380	*
D	49443	2	*	*	*	*	100.0	132041	*
D	49637	2	*	*	*	*	99.0	128353	*
D	49738	2	*	*	*	*	99.0	123510	*
D	49775	2	*	*	*	*	99.0	120281	*
D	49795	2	*	*	*	*	98.0	118817	*
D	49824	2	*	*	*	*	98.8	115049	*
D	49970	2	*	*	*	*	98.9	114209	*
D	50022	2	*	*	*	*	97.8	113959	*
D	50375	2	*	*	*	*	98.0	111925	*
D	50392	2	*	*	*	*	100.0	111806	*
D	50448	2	*	*	*	*	97.5	111319	*
D	50825	2	*	*	*	*	100.0	108446	*
D	50970	2	*	*	*	*	98.9	106860	*
D	51093	2	*	*	*	*	99.0	105699	*
D	51117	2	*	*	*	*	100.0	105504	*
D	51139	2	*	*	*	*	100.0	105352	*
D	51402	2	*	*	*	*	97.5	103400	*
D	51598	2	*	*	*	*	100.0	101868	*
D	51811	3	*	*	*	*	100.0	100027	*
D	52062	2	*	*	*	*	100.0	95974	*
D	52195	2	*	*	*	*	100.0	93354	*
D	52215	2	*	*	*	*	100.0	92573	*
D	52241	2	*	*	*	*	97.8	91962	*
D	52269	2	*	*	*	*	97.5	91557	*
D	52467	2	*	*	*	*	98.0	87839	*
D	52507	2	*	*	*	*	97.0	86170	*
D	52702	2	*	*	*	*	98.0	81462	*
D	52925	5	*	*	*	*	99.7	77458	*
D	52993	2	*	*	*	*	98.0	74443	*
D	53078	2	*	*	*	*	97.5	72820	*
D	53234	2	*	*	*	*	98.8	69933	*
D	53577	2	*	*	*	*	99.0	60332	*
D	53636	2	*	*	*	*	97.0	58374	*
D	53820	2	*	*	*	*	100.0	50530	*
D	54025	2	*	*	*	*	100.0	44265	*
D	54237	3	*	*	*	*	99.0	38357	*
D	54626	2	*	*	*	*	97.8	27032	*
D	54814	2	*	*	*	*	97.5	20534	*
D	54827	2	*	*	*	*	97.8	20321	*
D	55051	3	*	*	*	*	100.0	15432	*
D	55214	3	*	*	*	*	98.5	13811	*
D	55270	2	*	*	*	*	99.0	13233	*
D	55284	2	*	*	*	*	100.0	13034	*
D	55506	2	*	*	*	*	100.0	10298	*
D	55508	4	*	*	*	*	99.0	10212	*
D	55509	2	*	*	*	*	97.0	10211	*
D	55517	2	*	*	*	*	97.8	9994	*
D	55523	3	*	*	*	*	98.5	9912	*
D	55524	2	*	*	*	*	100.0	9870	*
D	55526	2	*	*	*	*	99.0	9846	*
D	55528	3	*	*	*	*	97.9	9819	*
D	55530	2	*	*	*	*	98.8	9727	*
D	55727	2	*	*	*	*	99.0	7214	*
D	55851	2	*	*	*	*	97.0	4614	*
D	55946	2	*	*	*	*	97.0	3439	*
D	55974	2	*	*	*	*	100.0	3213	*
D	56056	2	*	*	*	*	98.0	2534	*
D	56602	2	*	*	*	*	100.0	827379	*
D	56753	3	*	*	*	*	98.7	609704	*
D	56880	2	*	*	*	*	100.0	806380	*
D	56981	2	*	*	*	*	98.9	1600780	*
D	57043	3	*	*	*	*	100.0	1607319	*
D	57045	2	*	*	*	*	100.0	1129328	*
D	57206	2	*	*	*	*	100.0	1630017	*
D	57525	2	*	*	*	*	100.0	1669160	*
D	57681	2	*	*	*	*	97.0	828333	*
D	57818	2	*	*	*	*	98.8	1698008	*
D	58195	2	*	*	*	*	97.0	1746913	*
D	58663	2	*	*	*	*	97.5	217507	*
D	59048	2	*	*	*	*	100.0	1848900	*
D	59227	2	*	*	*	*	98.9	1104509	*
D	59228	2	*	*	*	*	100.0	1107637	*
D	59270	2	*	*	*	*	97.6	1134377	*
D	59343	2	*	*	*	*	100.0	1888072	*
D	59379	2	*	*	*	*	97.0	813720	*
D	59514	2	*	*	*	*	99.0	1906483	*
D	59561	2	*	*	*	*	97.6	813109	*
D	59567	2	*	*	*	*	100.0	1914811	*
D	59569	2	*	*	*	*	100.0	1915223	*
D	59649	2	*	*	*	*	100.0	1048864	*
D	59768	2	*	*	*	*	100.0	1935637	*
D	59889	2	*	*	*	*	100.0	1944498	*
D	59933	3	*	*	*	*	98.3	1950496	*
D	59938	2	*	*	*	*	100.0	1951826	*
D	60051	2	*	*	*	*	100.0	914789	*
D	60102	2	*	*	*	*	100.0	702276	*
D	60282	2	*	*	*	*	100.0	1134826	*
D	60474	3	*	*	*	*	98.2	1022184	*
D	60518	2	*	*	*	*	97.4	835182	*
D	60701	2	*	*	*	*	100.0	1105928	*
D	60861	2	*	*	*	*	97.0	2066374	*
D	60911	2	*	*	*	*	98.0	2072645	*
D	60979	2	*	*	*	*	100.0	767447	*
D	60994	2	*	*	*	*	99.0	810700	*
D	61012	2	*	*	*	*	97.0	2085032	*
D	61181	2	*	*	*	*	97.4	846127	*
D	61251	2	*	*	*	*	98.8	668514	*
D	61395	2	*	*	*	*	99.0	2128807	*
D	61729	2	*	*	*	*	100.0	2172155	*
D	62143	2	*	*	*	*	98.7	2220496	*
D	62162	2	*	*	*	*	97.9	1114701	*
D	62368	2	*	*	*	*	98.8	2250345	*
D	62461	3	*	*	*	*	99.0	1130818	*
D	62486	2	*	*	*	*	98.0	1126190	*
D	62565	3	*	*	*	*	100.0	2271953	*
D	62589	2	*	*	*	*	98.8	1121144	*
D	62639	3	*	*	*	*	99.0	2280817	*
D	62955	2	*	*	*	*	98.8	1126691	*
D	63033	2	*	*	*	*	98.7	1141864	*
D	63136	2	*	*	*	*	97.0	2345806	*
D	63149	2	*	*	*	*	100.0	2346777	*
D	63212	2	*	*	*	*	97.4	2354022	*
D	63254	2	*	*	*	*	100.0	2358923	*
D	63462	2	*	*	*	*	98.0	1031197	*
D	64129	3	*	*	*	*	98.5	691423	*
D	64214	2	*	*	*	*	97.4	1116674	*
D	64235	2	*	*	*	*	98.7	2487129	*
D	64306	2	*	*	*	*	99.0	2497335	*
D	64338	2	*	*	*	*	98.8	2499530	*
D	64359	2	*	*	*	*	100.0	2502219	*
D	64362	2	*	*	*	*	98.7	813564	*
D	64429	2	*	*	*	*	100.0	627587	*
D	64739	2	*	*	*	*	98.7	2552941	*
D	64751	2	*	*	*	*	100.0	1110791	*
D	64802	2	*	*	*	*	98.9	831386	*
D	64823	2	*	*	*	*	97.4	824876	*
D	64825	2	*	*	*	*	97.6	813479	*
D	64869	2	*	*	*	*	97.6	2571975	*
D	65002	2	*	*	*	*	100.0	1137749	*
D	65003	2	*	*	*	*	98.0	1142107	*
D	65041	2	*	*	*	*	100.0	2592671	*
D	65126	2	*	*	*	*	100.0	2599028	*
D	65135	2	*	*	*	*	100.0	2599837	*
D	65150	2	*	*	*	*	98.8	1129210	*
D	65560	2	*	*	*	*	97.6	2653002	*
D	65569	2	*	*	*	*	97.0	2654261	*
D	65570	2	*	*	*	*	98.9	2654263	*
D	65578	2	*	*	*	*	99.0	630172	*
D	65666	2	*	*	*	*	100.0	2663629	*
D	65752	2	*	*	*	*	97.6	2675747	*
D	65869	2	*	*	*	*	99.0	2686590	*
D	66054	2	*	*	*	*	100.0	910353	*
D	66085	2	*	*	*	*	97.7	650615	*
D	66087	3	*	*	*	*	97.7	1122622	*
D	66107	2	*	*	*	*	98.7	899619	*
D	66285	2	*	*	*	*	100.0	1125638	*
D	66352	2	*	*	*	*	98.8	2740953	*
D	66564	3	*	*	*	*	100.0	2770485	*
D	66583	2	*	*	*	*	99.0	1133172	*
D	66937	2	*	*	*	*	100.0	652696	*
D	67029	2	*	*	*	*	97.0	688826	*
D	67059	2	*	*	*	*	98.8	2833757	*
D	67173	2	*	*	*	*	98.9	134174	*
D	67269	2	*	*	*	*	98.8	2854740	*
D	67331	2	*	*	*	*	100.0	2862781	*
D	67383	2	*	*	*	*	97.0	2868079	*
D	67431	2	*	*	*	*	98.8	1130478	*
D	67437	2	*	*	*	*	99.0	2874602	*
D	67651	2	*	*	*	*	100.0	2902741	*
D	67695	2	*	*	*	*	97.6	2907653	*
D	67873	2	*	*	*	*	97.4	1127719	*
D	67903	2	*	*	*	*	99.0	2932151	*
D	68031	2	*	*	*	*	97.0	2947807	*
D	68116	3	*	*	*	*	98.2	2957436	*
D	68127	2	*	*	*	*	100.0	697681	*
D	68298	2	*	*	*	*	98.8	2979308	*
D	68589	2	*	*	*	*	99.0	3015659	*
D	68639	2	*	*	*	*	99.0	3020733	*
D	68806	2	*	*	*	*	100.0	1107230	*
D	69112	2	*	*	*	*	97.4	3082155	*
D	69280	2	*	*	*	*	97.0	727507	*
D	69677	2	*	*	*	*	97.8	3156335	*
D	69685	2	*	*	*	*	99.0	3156804	*
D	69832	2	*	*	*	*	98.8	842594	*
D	69833	3	*	*	*	*	97.5	3173413	*
D	69851	2	*	*	*	*	97.5	3175741	*
D	69924	2	*	*	*	*	97.8	3186388	*
D	70265	2	*	*	*	*	100.0	3228684	*
D	70294	4	*	*	*	*	98.9	3232397	*
D	70583	2	*	*	*	*	97.0	3265556	*
D	70678	2	*	*	*	*	100.0	3276016	*
D	70757	2	*	*	*	*	97.9	796865	*
D	70858	3	*	*	*	*	97.5	3301064	*
D	71015	2	*	*	*	*	100.0	1109454	*
D	71150	2	*	*	*	*	98.9	3334374	*
D	71211	2	*	*	*	*	100.0	1131220	*
D	71273	2	*	*	*	*	97.5	3349140	*
D	71322	2	*	*	*	*	100.0	1134668	*
D	71550	5	*	*	*	*	99.1	3387754	*
D	71769	2	*	*	*	*	100.0	715758	*
D	71851	2	*	*	*	*	97.7	1024089	*
D	71904	2	*	*	*	*	97.6	1133002	*
D	71975	2	*	*	*	*	99.0	3439403	*
D	71981	2	*	*	*	*	97.6	3440955	*
D	72009	2	*	*	*	*	98.9	3443818	*
D	72010	2	*	*	*	*	100.0	634209	*
D	72027	2	*	*	*	*	100.0	3447863	*
D	72035	2	*	*	*	*	98.0	3449121	*
D	72239	2	*	*	*	*	98.7	681779	*
D	72244	2	*	*	*	*	98.0	3475269	*
D	72383	3	*	*	*	*	98.8	3487876	*
D	72680	2	*	*	*	*	97.0	3531225	*
D	72856	2	*	*	*	*	97.0	654696	*
D	72939	2	*	*	*	*	97.6	3563235	*
D	72964	2	*	*	*	*	100.0	1110821	*
D	73030	2	*	*	*	*	99.0	823916	*
D	73051	2	*	*	*	*	97.0	1029559	*
D	73095	2	*	*	*	*	98.8	807118	*
D	73120	2	*	*	*	*	100.0	1100972	*
D	73212	2	*	*	*	*	97.6	3598692	*
D	73312	2	*	*	*	*	97.0	3610691	*
D	73523	2	*	*	*	*	97.0	3641910	*
D	73547	3	*	*	*	*	98.2	3645685	*
D	73574	2	*	*	*	*	100.0	807821	*
D	73696	2	*	*	*	*	100.0	3667183	*
D	73775	2	*	*	*	*	97.5	3682570	*
D	73960	2	*	*	*	*	97.0	735476	*
D	74139	2	*	*	*	*	98.9	3723096	*
D	74473	2	*	*	*	*	100.0	1133201	*
D	74550	2	*	*	*	*	98.0	805432	*
D	74772	2	*	*	*	*	98.0	3801267	*
D	74816	2	*	*	*	*	98.7	805491	*
D	74890	2	*	*	*	*	100.0	3818299	*
D	74940	2	*	*	*	*	100.0	3825935	*
D	74973	2	*	*	*	*	97.5	812218	*
D	75009	2	*	*	*	*	99.0	3833747	*
D	75141	2	*	*	*	*	98.9	706728	*
D	75187	2	*	*	*	*	98.8	3855886	*
D	75193	2	*	*	*	*	97.6	3856406	*
D	75196	3	*	*	*	*	100.0	3857424	*
D	75422	2	*	*	*	*	100.0	3889296	*
D	75431	2	*	*	*	*	100.0	3890155	*
D	75755	2	*	*	*	*	97.6	3929758	*
D	75878	2	*	*	*	*	100.0	3943186	*
D	75934	2	*	*	*	*	100.0	3951715	*
D	75989	2	*	*	*	*	100.0	637546	*
D	76015	3	*	*	*	*	99.4	3963289	*
D	76065	2	*	*	*	*	99.0	3970651	*
D	76200	2	*	*	*	*	98.0	3989856	*
D	76302	2	*	*	*	*	100.0	792436	*
D	76439	2	*	*	*	*	98.8	627321	*
D	76503	2	*	*	*	*	100.0	4020502	*
D	76579	2	*	*	*	*	97.4	4028553	*
D	76747	2	*	*	*	*	98.0	1145946	*
D	76771	2	*	*	*	*	99.0	807226	*
D	77093	2	*	*	*	*	97.0	4094259	*
D	77109	2	*	*	*	*	98.8	4095596	*
D	77227	2	*	*	*	*	97.0	1116679	*
D	77246	2	*	*	*	*	99.0	4112171	*
D	77330	2	*	*	*	*	100.0	931593	*
D	77371	2	*	*	*	*	100.0	4128381	*
D	77476	2	*	*	*	*	100.0	4143457	*
D	77611	2	*	*	*	*	97.0	4158888	*
D	77627	2	*	*	*	*	97.5	1109297	*
D	78012	2	*	*	*	*	98.7	791504	*
D	78112	2	*	*	*	*	100.0	4225004	*
D	78128	2	*	*	*	*	100.0	4227110	*
D	78162	2	*	*	*	*	100.0	4232045	*
D	78187	2	*	*	*	*	98.7	4234212	*
D	78260	2	*	*	*	*	100.0	4245940	*
D	78351	2	*	*	*	*	100.0	4254528	*
D	78374	2	*	*	*	*	100.0	4256470	*
D	78553	2	*	*	*	*	100.0	4278525	*
D	78594	2	*	*	*	*	99.0	832540	*
D	78637	2	*	*	*	*	97.8	4289377	*
D	78789	2	*	*	*	*	97.0	4295707	*
D	78907	2	*	*	*	*	98.0	4296626	*
D	79048	2	*	*	*	*	97.7	4297918	*
D	79091	2	*	*	*	*	97.4	4298291	*
D	79341	2	*	*	*	*	97.0	4301050	*
D	79465	2	*	*	*	*	97.6	4302241	*
D	79622	2	*	*	*	*	99.0	4303790	*
D	79824	2	*	*	*	*	100.0	4305923	*
D	79925	2	*	*	*	*	98.8	4306836	*
D	79928	2	*	*	*	*	100.0	4306852	*
D	80144	2	*	*	*	*	98.7	4308688	*
D	80180	2	*	*	*	*	98.9	4309033	*
D	80255	2	*	*	*	*	98.7	4310013	*
D	80267	2	*	*	*	*	97.0	4310127	*
D	80273	2	*	*	*	*	100.0	4310208	*
D	80357	2	*	*	*	*	98.8	4311216	*
D	80567	2	*	*	*	*	99.0	4313261	*
D	80617	2	*	*	*	*	100.0	4313711	*
D	80756	2	*	*	*	*	100.0	4314921	*
D	80867	2	*	*	*	*	98.7	4315804	*
D	81158	2	*	*	*	*	99.0	4319059	*
D	81172	2	*	*	*	*	100.0	4319212	*
D	81363	2	*	*	*	*	99.0	4321230	*
D	81368	3	*	*	*	*	99.4	4321292	*
D	81454	2	*	*	*	*	98.0	4322321	*
D	81511	2	*	*	*	*	97.6	4322981	*
D	81706	2	*	*	*	*	100.0	4325003	*
D	81916	2	*	*	*	*	99.0	4327208	*
D	81962	2	*	*	*	*	100.0	4327777	*
D	82004	2	*	*	*	*	97.0	4328189	*
D	82033	3	*	*	*	*	98.8	4328515	*
D	82090	2	*	*	*	*	100.0	4329132	*
D	82241	3	*	*	*	*	98.8	4331006	*
D	82261	2	*	*	*	*	97.5	4331183	*
D	82289	2	*	*	*	*	100.0	4331357	*
D	82316	2	*	*	*	*	98.0	4331657	*
D	82658	2	*	*	*	*	100.0	4335293	*
D	82707	2	*	*	*	*	97.0	4335746	*
D	82717	2	*	*	*	*	100.0	4335815	*
D	82876	2	*	*	*	*	100.0	4337197	*
D	83134	2	*	*	*	*	100.0	4339801	*
D	83175	2	*	*	*	*	98.9	4340358	*
D	83281	2	*	*	*	*	100.0	4341176	*
D	83327	2	*	*	*	*	98.9	4341534	*
D	83388	2	*	*	*	*	100.0	4342104	*
D	83531	2	*	*	*	*	100.0	4343580	*
D	83803	2	*	*	*	*	97.0	4346368	*
D	83861	2	*	*	*	*	97.5	4347159	*
D	83919	2	*	*	*	*	99.0	4347878	*
D	84137	2	*	*	*	*	100.0	4350025	*
D	84248	2	*	*	*	*	100.0	4351228	*
D	84255	2	*	*	*	*	100.0	4351284	*
D	84700	3	*	*	*	*	98.1	4356100	*
D	84798	2	*	*	*	*	100.0	4357330	*
D	84897	2	*	*	*	*	97.0	4358275	*
D	84932	2	*	*	*	*	97.0	4358716	*
D	84958	3	*	*	*	*	100.0	4359056	*
D	84961	2	*	*	*	*	100.0	4359078	*
D	85020	2	*	*	*	*	98.0	4359889	*
D	85035	2	*	*	*	*	97.0	4360055	*
D	85038	2	*	*	*	*	98.9	4360128	*
D	85180	2	*	*	*	*	100.0	4361611	*
D	85191	2	*	*	*	*	100.0	4361727	*
D	85235	2	*	*	*	*	98.8	4362165	*
D	85341	2	*	*	*	*	98.0	4363269	*
D	85353	2	*	*	*	*	98.9	4363442	*
D	85575	2	*	*	*	*	100.0	4365687	*
D	85598	2	*	*	*	*	98.7	4365868	*
D	85676	2	*	*	*	*	97.9	4366525	*
D	85796	2	*	*	*	*	97.5	4367975	*
D	85922	2	*	*	*	*	100.0	4369434	*
D	85929	2	*	*	*	*	98.0	4369504	*
D	85950	2	*	*	*	*	98.9	4369693	*
D	85984	4	*	*	*	*	98.3	4370025	*
D	86109	2	*	*	*	*	98.9	4371302	*
D	86206	3	*	*	*	*	98.3	4372382	*
D	86371	2	*	*	*	*	99.0	4374204	*
D	86509	2	*	*	*	*	97.6	4375688	*
D	86552	2	*	*	*	*	100.0	4376230	*
D	86554	2	*	*	*	*	100.0	4376234	*
D	86561	2	*	*	*	*	100.0	4376272	*
D	86599	2	*	*	*	*	98.8	4376828	*
D	86738	2	*	*	*	*	100.0	4378081	*
D	86789	2	*	*	*	*	98.8	4378519	*
D	86873	2	*	*	*	*	100.0	4379449	*
D	87063	2	*	*	*	*	98.8	4381303	*
D	87177	2	*	*	*	*	97.4	4382476	*
D	87212	2	*	*	*	*	100.0	4383015	*
D	87323	2	*	*	*	*	100.0	4384100	*
D	87434	2	*	*	*	*	100.0	4385318	*
D	87435	2	*	*	*	*	100.0	4385326	*
D	87524	2	*	*	*	*	99.0	4386317	*
D	87601	2	*	*	*	*	97.4	4387250	*
D	87688	2	*	*	*	*	97.6	4388128	*
D	87913	2	*	*	*	*	100.0	4390365	*
D	88019	2	*	*	*	*	97.7	4391262	*
D	88026	2	*	*	*	*	98.8	4391326	*
D	88138	2	*	*	*	*	97.4	4392549	*
D	88257	2	*	*	*	*	100.0	4393745	*
D	88270	2	*	*	*	*	98.7	4393923	*
D	88298	2	*	*	*	*	97.8	4394175	*
D	88415	3	*	*	*	*	99.5	4395677	*
D	88460	2	*	*	*	*	100.0	4396073	*
D	88834	2	*	*	*	*	97.5	4399988	*
D	89059	2	*	*	*	*	100.0	4402735	*
D	89299	2	*	*	*	*	100.0	4405100	*
D	89378	2	*	*	*	*	99.0	4405869	*
D	89479	2	*	*	*	*	100.0	4407152	*
D	89521	2	*	*	*	*	98.8	4407397	*
D	89540	2	*	*	*	*	98.7	4407603	*
D	89682	2	*	*	*	*	98.0	4409025	*
D	89775	2	*	*	*	*	100.0	4409962	*
D	89783	2	*	*	*	*	98.0	4410100	*
D	89863	2	*	*	*	*	97.5	4411088	*
D	89948	2	*	*	*	*	99.0	4412103	*
D	89951	2	*	*	*	*	99.0	4412141	*
D	89954	2	*	*	*	*	100.0	4412168	*
D	90171	2	*	*	*	*	97.4	4414420	*
D	90205	2	*	*	*	*	98.9	4414717	*
D	90245	2	*	*	*	*	100.0	4415049	*
D	90284	3	*	*	*	*	97.7	4415388	*
D	90404	2	*	*	*	*	97.5	4416763	*
D	90449	4	*	*	*	*	97.8	4417158	*
D	90458	2	*	*	*	*	100.0	4417325	*
D	90643	2	*	*	*	*	100.0	4418945	*
D	90712	2	*	*	*	*	100.0	4419561	*
D	90717	2	*	*	*	*	97.0	4419617	*
D	90802	4	*	*	*	*	99.2	4420417	*
D	90944	2	*	*	*	*	100.0	4421846	*
D	90977	2	*	*	*	*	100.0	4422300	*
D	91012	2	*	*	*	*	97.9	4422656	*
D	91153	2	*	*	*	*	97.0	4424111	*
D	91159	3	*	*	*	*	98.8	4424239	*
D	91318	2	*	*	*	*	100.0	4425629	*
D	91479	2	*	*	*	*	97.5	4427332	*
D	91618	2	*	*	*	*	100.0	4428775	*
D	91626	2	*	*	*	*	97.5	4428949	*
D	91676	2	*	*	*	*	97.0	4429608	*
D	91757	2	*	*	*	*	99.0	4430581	*
D	91768	2	*	*	*	*	100.0	4430639	*
D	91847	2	*	*	*	*	98.7	4431558	*
D	91997	4	*	*	*	*	97.7	4432891	*
D	92141	2	*	*	*	*	99.0	4434294	*
D	92304	2	*	*	*	*	98.7	4436046	*
D	92435	2	*	*	*	*	100.0	4437368	*
D	92478	2	*	*	*	*	99.0	4437814	*
D	92624	2	*	*	*	*	97.0	4439360	*
D	92865	2	*	*	*	*	100.0	4441854	*
D	93045	2	*	*	*	*	100.0	4443766	*
D	93309	2	*	*	*	*	100.0	4446943	*
D	93330	2	*	*	*	*	97.6	4447176	*
D	93340	2	*	*	*	*	99.0	4447248	*
D	93448	2	*	*	*	*	100.0	4448492	*
D	93501	2	*	*	*	*	98.0	4449054	*
D	93504	2	*	*	*	*	97.5	4449068	*
D	93505	2	*	*	*	*	97.8	4449069	*
D	93585	2	*	*	*	*	97.8	4450010	*
D	93692	2	*	*	*	*	100.0	4451152	*
D	93704	2	*	*	*	*	100.0	4451252	*
D	93728	2	*	*	*	*	98.7	4451638	*
D	93763	2	*	*	*	*	100.0	4451945	*
D	93779	2	*	*	*	*	100.0	4452107	*
D	93782	3	*	*	*	*	98.7	4452146	*
D	93803	3	*	*	*	*	98.9	4452400	*
D	93865	2	*	*	*	*	98.8	4452922	*
D	94014	2	*	*	*	*	100.0	4454295	*
D	94116	2	*	*	*	*	99.0	4455686	*
D	94376	2	*	*	*	*	97.0	4458222	*
D	94387	2	*	*	*	*	98.7	4458304	*
D	94441	2	*	*	*	*	100.0	4458775	*
D	94536	2	*	*	*	*	98.8	4459708	*
D	94577	3	*	*	*	*	97.6	4460263	*
D	94650	4	*	*	*	*	99.6	4461030	*
D	94898	2	*	*	*	*	97.4	4464065	*
D	94935	2	*	*	*	*	100.0	4464533	*
D	95240	2	*	*	*	*	97.0	4467347	*
D	95422	4	*	*	*	*	99.3	4469302	*
D	95495	2	*	*	*	*	98.8	4470092	*
D	95939	2	*	*	*	*	99.0	4474787	*
D	96135	3	*	*	*	*	97.0	4476751	*
D	96153	2	*	*	*	*	98.7	4476892	*
D	96156	2	*	*	*	*	98.7	4476950	*
D	96286	2	*	*	*	*	98.0	4478282	*
D	96400	2	*	*	*	*	98.9	4479485	*
D	96632	2	*	*	*	*	100.0	4481624	*
D	96826	2	*	*	*	*	97.6	4483859	*
D	96842	2	*	*	*	*	98.7	4484010	*
D	96858	2	*	*	*	*	100.0	4484245	*
D	97578	2	*	*	*	*	98.9	251062	*
D	99053	2	*	*	*	*	97.5	4362620	*
D	99217	2	*	*	*	*	100.0	4431375	*
