UclustConsensusTaxonAssigner parameters:
id_to_taxonomy_filepath:/home/ubuntu/data/unite-14.11/97_otu_taxonomy.txt
id_to_taxonomy_fp:/home/ubuntu/data/unite-14.11/97_otu_taxonomy.txt
max_accepts:5
min_consensus_fraction:1.0
reference_sequences_fp:/home/ubuntu/data/unite-14.11/97_otus.fasta
similarity:0.9
unassignable_label:Unassigned
Result path: /tmp/assign-taxwLH_gH

.uc file contents:

# uclust --input /home/ubuntu/data/short-read-tax-assignment/data/simulated-community/F2-iter0/rep_set.fna --id 0.9 --rev --maxaccepts 5 --allhits --libonly --lib /home/ubuntu/data/unite-14.11/97_otus.fasta --uc /home/ubuntu/temp/UclustConsensusTaxonAssigner_wzxP9o.uc
# version=1.2.22
# Tab-separated fields:
# 1=Type, 2=ClusterNr, 3=SeqLength or ClusterSize, 4=PctId, 5=Strand, 6=QueryStart, 7=SeedStart, 8=Alignment, 9=QueryLabel, 10=TargetLabel
# Record types (field 1): L=LibSeed, S=NewSeed, H=Hit, R=Reject, D=LibCluster, C=NewCluster, N=NoHit
# For C and D types, PctId is average id with seed.
# QueryStart and SeedStart are zero-based relative to start of sequence.
# If minus strand, SeedStart is relative to reverse-complemented seed.
L	27	787	*	*	*	*	*	DQ534469	*
H	27	100	100.0	+	0	0	279I100M408I	DQ534469	DQ534469
L	747	612	*	*	*	*	*	EF373565	*
H	747	100	95.0	+	0	0	197I100M315I	DQ534469	EF373565
L	16241	754	*	*	*	*	*	EF373573	*
H	16241	100	92.0	+	0	0	203I100M451I	DQ534469	EF373573
L	25071	613	*	*	*	*	*	GU480121	*
H	25071	100	94.0	+	0	0	117I33MD66M397I	DQ534469	GU480121
L	25	569	*	*	*	*	*	AF116177	*
H	25	100	93.0	+	0	0	14I100M455I	DQ534469	AF116177
L	28	1054	*	*	*	*	*	DQ525490	*
H	28	100	100.0	+	0	0	509I100M445I	DQ525490	DQ525490
L	19732	1004	*	*	*	*	*	DQ525492	*
H	19732	100	100.0	+	0	0	447I100M457I	DQ525494	DQ525492
L	29	990	*	*	*	*	*	DQ525494	*
H	29	100	100.0	+	0	0	466I100M424I	DQ525494	DQ525494
L	30	1126	*	*	*	*	*	DQ525495	*
H	30	100	96.0	+	0	0	582I100M444I	DQ525494	DQ525495
L	79	665	*	*	*	*	*	AY077474	*
H	79	100	100.0	+	0	0	100M565I	AY077474	AY077474
L	19117	1325	*	*	*	*	*	DQ384576	*
H	19117	100	90.0	+	0	0	12I16MI25MI16M15I20MI23M1195I	AY077474	DQ384576
L	21106	581	*	*	*	*	*	AJ889975	*
H	21106	100	99.0	+	0	0	14I100M467I	DQ517403	AJ889975
L	547	1244	*	*	*	*	*	AY669658	*
H	547	100	99.0	+	0	0	43I100M1101I	DQ517403	AY669658
L	28890	601	*	*	*	*	*	AY281024	*
H	28890	100	100.0	+	0	0	14I100M487I	DQ517403	AY281024
L	28891	558	*	*	*	*	*	UDB001233	*
H	28891	100	100.0	+	0	0	100I100M358I	DQ517403	UDB001233
L	17639	740	*	*	*	*	*	DQ499464	*
H	17639	100	99.0	+	0	0	33I100M607I	DQ517403	DQ499464
L	156	584	*	*	*	*	*	AY035657	*
H	156	100	100.0	+	0	0	11I100M473I	AY035657	AY035657
L	8797	672	*	*	*	*	*	AY236327	*
H	8797	100	90.0	+	0	0	102I29M2D59MD9M473I	AY035657	AY236327
L	12054	608	*	*	*	*	*	AJ567741	*
H	12054	100	95.0	+	0	0	34I24MI43MD32M474I	AY035657	AJ567741
L	23086	599	*	*	*	*	*	FJ769303	*
H	23086	100	94.0	+	0	0	35I63MD36M465I	AY035657	FJ769303
L	8796	672	*	*	*	*	*	AY236323	*
H	8796	100	94.0	+	0	0	102I24MI43MD20MD11M471I	AY035657	AY236323
L	2663	412	*	*	*	*	*	DQ286062	*
H	2663	100	100.0	+	0	0	52I100M260I	GQ458022	DQ286062
L	159	332	*	*	*	*	*	GQ458022	*
H	159	100	100.0	+	0	0	100M232I	GQ458022	GQ458022
L	174	623	*	*	*	*	*	EU525976	*
H	174	100	100.0	+	0	0	100M523I	EU525976	EU525976
L	14188	667	*	*	*	*	*	UDB001569	*
H	14188	100	99.0	+	0	0	19I100M548I	EU525976	UDB001569
L	20705	1282	*	*	*	*	*	AY669625	*
H	20705	100	99.0	+	0	0	39I100M1143I	EU525976	AY669625
L	1125	705	*	*	*	*	*	EF420147	*
H	1125	100	99.0	+	0	0	39I100M566I	EU525976	EF420147
L	19390	684	*	*	*	*	*	DQ328183	*
H	19390	100	99.0	+	0	0	23I100M561I	EU525976	DQ328183
L	175	494	*	*	*	*	*	DQ782844	*
H	175	100	100.0	+	0	0	100M394I	DQ782844	DQ782844
L	234	580	*	*	*	*	*	EU009966	*
H	234	100	100.0	+	0	0	15I100M465I	EU009966	EU009966
L	25207	610	*	*	*	*	*	FJ515184	*
H	25207	100	98.0	+	0	0	11I100M499I	EU009966	FJ515184
L	11100	588	*	*	*	*	*	JN246559	*
H	11100	100	98.0	+	0	0	36I100M452I	EU009966	JN246559
L	26017	594	*	*	*	*	*	AY313074	*
H	26017	100	97.0	+	0	0	13I25MD74M482I	EU009966	AY313074
L	8813	590	*	*	*	*	*	AY313082	*
H	8813	100	93.0	+	0	0	11I8MD16MD74M481I	EU009966	AY313082
L	237	590	*	*	*	*	*	DQ839596	*
H	237	100	100.0	+	0	0	100M490I	DQ839596	DQ839596
L	20752	709	*	*	*	*	*	EF667965	*
H	20752	100	97.0	+	0	0	68I23M2I77M539I	DQ839596	EF667965
L	20712	652	*	*	*	*	*	EF635904	*
H	20712	100	94.0	+	0	0	15I23M2I77M535I	DQ839596	EF635904
L	371	661	*	*	*	*	*	DQ875356	*
H	371	100	91.0	+	0	0	15I20M2I47M2I23MD9M543I	DQ839596	DQ875356
L	27982	668	*	*	*	*	*	JN367299	*
H	27982	100	92.0	+	0	0	30I23M2I22M2I55M534I	DQ839596	JN367299
L	275	541	*	*	*	*	*	AM076380	*
H	275	100	100.0	+	0	0	93I100M348I	AM076380	AM076380
L	4722	1701	*	*	*	*	*	FM876792	*
H	4722	100	99.0	+	0	0	272I100M1329I	AM076380	FM876792
L	274	532	*	*	*	*	*	AM076376	*
H	274	100	97.0	+	0	0	82I100M350I	AM076380	AM076376
L	276	555	*	*	*	*	*	AM076382	*
H	276	100	97.0	+	0	0	108I100M347I	AM076380	AM076382
L	14122	535	*	*	*	*	*	AJ891120	*
H	14122	100	91.0	+	0	0	85I23MD35M8I41M343I	AM076380	AJ891120
L	332	653	*	*	*	*	*	AM113956	*
H	332	100	100.0	+	0	0	3I100M550I	AM113956	AM113956
L	253	656	*	*	*	*	*	EU598180	*
H	253	100	90.0	+	0	0	6D45MD48M563I	AM113956	EU598180
L	213	633	*	*	*	*	*	DQ777981	*
H	213	100	95.0	+	0	0	29I51MD48M505I	AM113956	DQ777981
L	2797	799	*	*	*	*	*	EU597082	*
H	2797	100	90.0	+	0	0	32I88MD11M668I	AM113956	EU597082
L	3000	747	*	*	*	*	*	EU819421	*
H	3000	100	94.0	+	0	0	49I56MD43M599I	AM113956	EU819421
L	341	488	*	*	*	*	*	AF243392	*
H	341	100	100.0	+	0	0	4I100M384I	AF243392	AF243392
L	363	757	*	*	*	*	*	DQ875346	*
H	363	100	100.0	+	0	0	100M657I	DQ875346	DQ875346
L	384	1035	*	*	*	*	*	DQ974730	*
H	384	100	100.0	+	0	0	100M935I	DQ974730	DQ974730
L	394	1486	*	*	*	*	*	AF081483	*
H	394	100	100.0	+	0	0	342I100M1044I	AF081483	AF081483
L	10185	947	*	*	*	*	*	AF081482	*
H	10185	100	94.0	+	0	0	342I100M505I	AF081483	AF081482
L	6590	557	*	*	*	*	*	U51979	*
H	6590	100	90.0	+	0	0	25I42MD28MD15M3I13M431I	AF081483	U51979
L	5928	1134	*	*	*	*	*	EU860060	*
H	5928	100	90.0	+	0	0	8I42MD44M2D11M1029I	AF081483	EU860060
L	403	712	*	*	*	*	*	DQ867113	*
H	403	100	100.0	+	0	0	50I100M562I	DQ867113	DQ867113
L	412	581	*	*	*	*	*	GQ241289	*
H	412	100	100.0	+	0	0	24I100M457I	GQ241289	GQ241289
L	1772	561	*	*	*	*	*	EU128043	*
H	1772	100	92.0	+	0	0	8D92M469I	GQ241289	EU128043
L	7696	598	*	*	*	*	*	AB190871	*
H	7696	100	95.0	+	0	0	19I100M479I	GQ241289	AB190871
L	416	1886	*	*	*	*	*	DQ923530	*
H	416	100	100.0	+	0	0	56I100M1730I	DQ923530	DQ923530
L	26451	671	*	*	*	*	*	HQ599577	*
H	26451	100	92.0	+	0	0	54I100M517I	DQ923530	HQ599577
L	438	1761	*	*	*	*	*	DQ873659	*
H	438	100	100.0	+	0	0	1620I100M41I	DQ873659	DQ873659
L	24025	2017	*	*	*	*	*	GQ162818	*
H	24025	100	98.0	+	0	0	1882I28MD32MI39M35I	DQ873659	GQ162818
L	16551	1714	*	*	*	*	*	AF506405	*
H	16551	100	97.0	+	0	0	1574I28MD71M41I	DQ873659	AF506405
L	16550	1732	*	*	*	*	*	AF506404	*
H	16550	100	97.0	+	0	0	1592I28MD71M41I	DQ873659	AF506404
L	15980	1706	*	*	*	*	*	AF310090	*
H	15980	100	97.0	+	0	0	1607I28MD71M	DQ873659	AF310090
L	487	515	*	*	*	*	*	DQ911456	*
H	487	100	100.0	+	0	0	100M415I	DQ911456	DQ911456
L	493	393	*	*	*	*	*	DQ993563	*
H	493	100	100.0	+	0	0	66I100M227I	DQ993563	DQ993563
L	9702	346	*	*	*	*	*	DQ993593	*
H	9702	100	98.0	+	0	0	84I100M162I	DQ993563	DQ993593
L	23995	592	*	*	*	*	*	GQ121325	*
H	23995	100	97.0	+	0	0	98I55MD44M395I	DQ993563	GQ121325
L	5371	589	*	*	*	*	*	DQ083010	*
H	5371	100	97.0	+	0	0	113I55MD44M377I	DQ993563	DQ083010
L	7147	645	*	*	*	*	*	EU280080	*
H	7147	100	97.0	+	0	0	152I55MD44M394I	DQ993563	EU280080
L	505	734	*	*	*	*	*	DQ004573	*
H	505	100	100.0	+	0	0	218I100M416I	DQ004573	DQ004573
L	15809	566	*	*	*	*	*	AF228306	*
H	15809	100	96.0	+	0	0	14I100M452I	DQ004573	AF228306
L	6054	566	*	*	*	*	*	FJ914798	*
H	6054	100	94.0	+	0	0	14I79MD20M453I	DQ004573	FJ914798
L	12462	573	*	*	*	*	*	AF058039	*
H	12462	100	94.0	+	0	0	5I100M468I	DQ004573	AF058039
L	21315	664	*	*	*	*	*	EU401763	*
H	21315	100	94.0	+	0	0	152I81MD18M413I	DQ004573	EU401763
L	509	469	*	*	*	*	*	DQ914689	*
H	509	100	100.0	+	0	0	100M369I	DQ914689	DQ914689
L	517	653	*	*	*	*	*	AF085486	*
H	517	100	100.0	+	0	0	11I100M542I	AF085486	AF085486
L	12335	726	*	*	*	*	*	AB015695	*
H	12335	100	96.0	+	0	0	35I100M591I	AF085486	AB015695
L	23408	661	*	*	*	*	*	FJ890029	*
H	23408	100	92.0	+	0	0	34I100M527I	AF085486	FJ890029
L	17201	663	*	*	*	*	*	FJ890030	*
H	17201	100	96.0	+	0	0	35I33MD66M529I	AF085486	FJ890030
L	25564	676	*	*	*	*	*	FJ375327	*
H	25564	100	96.0	+	0	0	13I100M563I	AF085486	FJ375327
L	531	496	*	*	*	*	*	EF090927	*
H	531	79	100.0	+	0	0	131I79M286I	EF090927	EF090927
L	20237	496	*	*	*	*	*	EF090928	*
H	20237	79	98.7	+	0	0	130I52MI27M286I	EF090927	EF090928
L	20238	499	*	*	*	*	*	EF090930	*
H	20238	79	96.2	+	0	0	133I50MI29M286I	EF090927	EF090930
L	11088	365	*	*	*	*	*	JN641793	*
H	11088	79	93.7	+	0	0	130I21MI31MI27M154I	EF090927	JN641793
L	11085	784	*	*	*	*	*	JN641776	*
H	11085	79	93.7	+	0	0	357I52MI27M347I	EF090927	JN641776
L	544	676	*	*	*	*	*	GQ166898	*
H	544	100	100.0	+	0	0	I100M575I	GQ166898	GQ166898
L	6558	649	*	*	*	*	*	GU258298	*
H	6558	100	98.0	+	0	0	37I28MI29M2I25M6I18M503I	GQ166898	GU258298
L	6559	684	*	*	*	*	*	GU258299	*
H	6559	100	95.0	+	0	0	43I28MI31M2I18M7I23M531I	GQ166898	GU258299
L	24879	674	*	*	*	*	*	GU258297	*
H	24879	100	91.0	+	0	0	34I59MI20M4I6M5I15M530I	GQ166898	GU258297
L	26259	701	*	*	*	*	*	HQ318280	*
H	26259	100	90.0	+	0	0	32I57MI27M7I16M561I	GQ166898	HQ318280
L	597	495	*	*	*	*	*	GU247163	*
H	597	80	100.0	+	0	0	113I80M302I	GU247163	GU247163
L	24860	502	*	*	*	*	*	GU247162	*
H	24860	80	98.8	+	0	0	113I80M309I	GU247163	GU247162
L	21788	848	*	*	*	*	*	EU670211	*
H	21788	80	97.5	+	0	0	563I80M205I	GU247163	EU670211
L	1901	799	*	*	*	*	*	EU266100	*
H	1901	80	93.8	+	0	0	553I53M3D24M169I	GU247163	EU266100
L	21798	776	*	*	*	*	*	EU670224	*
H	21798	80	92.5	+	0	0	351I19MD27MI11MI22M344I	GU247163	EU670224
L	619	562	*	*	*	*	*	AJ390408	*
H	619	100	100.0	+	0	0	100M462I	AJ390408	AJ390408
L	16919	559	*	*	*	*	*	AJ390398	*
H	16919	100	91.0	+	0	0	100M459I	AJ390408	AJ390398
L	639	607	*	*	*	*	*	FJ538352	*
H	639	100	100.0	+	0	0	24I100M483I	FJ538352	FJ538352
L	14478	614	*	*	*	*	*	FJ538353	*
H	14478	100	94.0	+	0	0	24I32MD57MI10M490I	FJ538352	FJ538353
L	12721	667	*	*	*	*	*	AB179774	*
H	12721	100	96.0	+	0	0	34I90MI10M532I	FJ538352	AB179774
L	5278	1216	*	*	*	*	*	AB454350	*
H	5278	100	94.0	+	0	0	2D76MD11MI10M1118I	FJ538352	AB454350
L	22835	613	*	*	*	*	*	FJ538367	*
H	22835	100	93.0	+	0	0	24I34MD55MI10M489I	FJ538352	FJ538367
L	642	643	*	*	*	*	*	AF312013	*
H	642	100	100.0	+	0	0	13I100M530I	AF312013	AF312013
L	8898	644	*	*	*	*	*	FJ538368	*
H	8898	100	90.0	+	0	0	30I54M2D44M516I	AF312013	FJ538368
L	9234	590	*	*	*	*	*	HQ655813	*
H	9234	100	100.0	+	0	0	25I100M465I	EU770240	HQ655813
L	27329	574	*	*	*	*	*	FJ205465	*
H	27329	100	100.0	+	0	0	24I100M450I	EU770240	FJ205465
L	20837	513	*	*	*	*	*	EU030357	*
H	20837	100	100.0	+	0	0	2I100M411I	EU770240	EU030357
L	667	518	*	*	*	*	*	EU770240	*
H	667	100	100.0	+	0	0	100M418I	EU770240	EU770240
L	3667	544	*	*	*	*	*	EU888927	*
H	3667	100	100.0	+	0	0	39I100M405I	EU770240	EU888927
L	683	585	*	*	*	*	*	EF026134	*
H	683	100	100.0	+	0	0	11I100M474I	EF026134	EF026134
L	5188	1117	*	*	*	*	*	EU715648	*
H	5188	100	96.0	+	0	0	4D96M1021I	EF026134	EU715648
L	695	611	*	*	*	*	*	AY461834	*
H	695	100	100.0	+	0	0	13I100M498I	AY461834	AY461834
L	23832	681	*	*	*	*	*	JN159574	*
H	23832	100	98.0	+	0	0	100M581I	AY461834	JN159574
L	18161	646	*	*	*	*	*	AY461818	*
H	18161	100	98.0	+	0	0	4I35M2I65M540I	AY461834	AY461818
L	17514	670	*	*	*	*	*	FJ791132	*
H	17514	100	98.0	+	0	0	21I35M2I65M547I	AY461834	FJ791132
L	26507	706	*	*	*	*	*	EU436684	*
H	26507	100	98.0	+	0	0	37I35M2I65M567I	AY461834	EU436684
L	700	584	*	*	*	*	*	AJ426452	*
H	700	100	100.0	+	0	0	100M484I	AJ426452	AJ426452
L	16782	603	*	*	*	*	*	AJ271423	*
H	16782	100	96.0	+	0	0	4I16MI84M498I	AJ426452	AJ271423
L	16958	574	*	*	*	*	*	AJ426453	*
H	16958	100	92.0	+	0	0	83MI17M473I	AJ426452	AJ426453
L	16961	570	*	*	*	*	*	AJ426457	*
H	16961	100	92.0	+	0	0	12MD87M471I	AJ426452	AJ426457
L	714	423	*	*	*	*	*	EF203931	*
H	714	100	100.0	+	0	0	12I100M311I	EF203930	EF203931
L	713	423	*	*	*	*	*	EF203930	*
H	713	100	100.0	+	0	0	13I100M310I	EF203930	EF203930
L	715	421	*	*	*	*	*	EF203932	*
H	715	100	97.0	+	0	0	13I100M308I	EF203930	EF203932
L	712	425	*	*	*	*	*	EF203929	*
H	712	100	99.0	+	0	0	13I100M312I	EF203930	EF203929
L	709	425	*	*	*	*	*	EF203926	*
H	709	100	98.0	+	0	0	18I100M307I	EF203930	EF203926
L	722	728	*	*	*	*	*	EF197803	*
H	722	100	100.0	+	0	0	19I100M609I	EF197803	EF197803
L	27283	744	*	*	*	*	*	JF701776	*
H	27283	100	95.0	+	0	0	11I10MI51M82I39M550I	EF197803	JF701776
L	9069	745	*	*	*	*	*	FJ746935	*
H	9069	100	92.0	+	0	0	36I63MI37M608I	EF197803	FJ746935
L	740	573	*	*	*	*	*	AF177151	*
H	740	100	100.0	+	0	0	31I100M442I	AF177151	AF177151
L	753	589	*	*	*	*	*	GQ869901	*
H	753	100	100.0	+	0	0	100M489I	GQ869901	GQ869901
L	18879	606	*	*	*	*	*	GU171385	*
H	18879	100	97.0	+	0	0	15I100M491I	GQ869901	GU171385
L	19160	597	*	*	*	*	*	DQ132820	*
H	19160	100	97.0	+	0	0	43I100M454I	GQ869901	DQ132820
L	20466	588	*	*	*	*	*	FJ487914	*
H	20466	100	95.0	+	0	0	43I100M445I	GQ869901	FJ487914
L	4332	778	*	*	*	*	*	GU591998	*
H	4332	100	96.0	+	0	0	244I100M434I	GQ869901	GU591998
L	765	634	*	*	*	*	*	GQ214536	*
H	765	100	100.0	+	0	0	12I100M522I	GQ214536	GQ214536
L	21967	593	*	*	*	*	*	GU062275	*
H	21967	100	100.0	+	0	0	39I100M454I	GQ214536	GU062275
L	21968	650	*	*	*	*	*	EU770236	*
H	21968	100	99.0	+	0	0	286I68MD31M265I	GQ214536	EU770236
L	27645	676	*	*	*	*	*	JN859251	*
H	27645	100	98.0	+	0	0	52I100M524I	GQ214536	JN859251
L	14596	626	*	*	*	*	*	GU212389	*
H	14596	100	98.0	+	0	0	13I68MD31M514I	GQ214536	GU212389
L	770	562	*	*	*	*	*	AY004807	*
H	770	100	100.0	+	0	0	10I100M452I	AY004807	AY004807
L	24324	592	*	*	*	*	*	FJ907535	*
H	24324	100	92.0	+	0	0	51I43MD56M442I	AY004807	FJ907535
L	18566	575	*	*	*	*	*	EF452492	*
H	18566	100	92.0	+	0	0	27I43MD56M449I	AY004807	EF452492
L	774	1226	*	*	*	*	*	EF081003	*
H	774	100	100.0	+	0	0	11I100M1115I	EF081003	EF081003
L	782	767	*	*	*	*	*	AM418550	*
H	782	100	100.0	+	0	0	328I100M339I	AM418550	AM418550
L	781	772	*	*	*	*	*	AM418549	*
H	781	100	95.0	+	0	0	328I23MI77M343I	AM418550	AM418549
L	788	567	*	*	*	*	*	EF194147	*
H	788	100	100.0	+	0	0	9I100M458I	EF194147	EF194147
L	818	561	*	*	*	*	*	AB006430	*
H	818	100	100.0	+	0	0	34I100M427I	AB006430	AB006430
L	24332	538	*	*	*	*	*	JQ946395	*
H	24332	100	100.0	+	0	0	49I93MI7M388I	AB006430	JQ946395
L	24337	608	*	*	*	*	*	DQ681321	*
H	24337	100	100.0	+	0	0	37I93MI7M470I	AB006430	DQ681321
L	8020	538	*	*	*	*	*	GU062288	*
H	8020	100	100.0	+	0	0	39I93MI7M398I	AB006430	GU062288
L	22843	566	*	*	*	*	*	EU644081	*
H	22843	100	100.0	+	0	0	13I61MI32MI7M451I	AB006430	EU644081
L	820	582	*	*	*	*	*	AB006433	*
H	820	100	100.0	+	0	0	34I100M448I	AB006433	AB006433
L	1709	1184	*	*	*	*	*	EF652046	*
H	1709	100	90.0	+	0	0	8D50MD41M1093I	AB006433	EF652046
L	17480	724	*	*	*	*	*	AM901671	*
H	17480	100	92.0	+	0	0	169I59M2D30M5I9M452I	AB006433	AM901671
L	10919	620	*	*	*	*	*	AY373865	*
H	10919	100	92.0	+	0	0	11I59M2D30M5I9M506I	AB006433	AY373865
L	4432	634	*	*	*	*	*	FJ770067	*
H	4432	100	92.0	+	0	0	49I59M2D30M5I9M482I	AB006433	FJ770067
L	858	528	*	*	*	*	*	AF192319	*
H	858	100	100.0	+	0	0	100M428I	AF192319	AF192319
L	15695	529	*	*	*	*	*	AF192320	*
H	15695	100	96.0	+	0	0	84MD15M430I	AF192319	AF192320
L	872	600	*	*	*	*	*	U57351	*
H	872	100	100.0	+	0	0	100M500I	U57351	U57351
L	881	311	*	*	*	*	*	AM259209	*
H	881	100	100.0	+	0	0	100M211I	AM259209	AM259209
L	26708	1520	*	*	*	*	*	HQ680352	*
H	26708	100	98.0	+	0	0	339I100M1081I	AM259209	HQ680352
L	13608	595	*	*	*	*	*	DQ218305	*
H	13608	100	97.0	+	0	0	232I100M263I	AM259209	DQ218305
L	5852	584	*	*	*	*	*	AJ534709	*
H	5852	100	97.0	+	0	0	297I100M187I	AM259209	AJ534709
L	8037	758	*	*	*	*	*	FN669255	*
H	8037	100	98.0	+	0	0	238I100M420I	AM259209	FN669255
L	886	633	*	*	*	*	*	AF336150	*
H	886	100	100.0	+	0	0	12I100M521I	AF336150	AF336150
L	23624	602	*	*	*	*	*	AY513136	*
H	23624	100	91.0	+	0	0	8D92M510I	AF336150	AY513136
L	17961	640	*	*	*	*	*	AF336142	*
H	17961	100	95.0	+	0	0	12I100M528I	AF336150	AF336142
L	12361	626	*	*	*	*	*	AY588248	*
H	12361	100	93.0	+	0	0	2I100M524I	AF336150	AY588248
L	16033	668	*	*	*	*	*	AF336138	*
H	16033	100	95.0	+	0	0	12I84M7I7M4I9M545I	AF336150	AF336138
L	897	854	*	*	*	*	*	AF335457	*
H	897	100	100.0	+	0	0	100M754I	AF335457	AF335457
L	24150	785	*	*	*	*	*	GQ267470	*
H	24150	100	99.0	+	0	0	49I100M636I	AF335457	GQ267470
L	901	597	*	*	*	*	*	GU062198	*
H	901	100	100.0	+	0	0	50I100M447I	EF155499	GU062198
L	900	535	*	*	*	*	*	EF155499	*
H	900	100	100.0	+	0	0	49I100M386I	EF155499	EF155499
L	26210	643	*	*	*	*	*	EU661879	*
H	26210	100	98.0	+	0	0	11I100M532I	EF155499	EU661879
L	22751	657	*	*	*	*	*	FJ481048	*
H	22751	100	99.0	+	0	0	35I100M522I	EF155499	FJ481048
L	12767	645	*	*	*	*	*	FJ810176	*
H	12767	100	97.0	+	0	0	35I100M510I	EF155499	FJ810176
L	903	591	*	*	*	*	*	AB298704	*
H	903	100	100.0	+	0	0	11I100M480I	AB298704	AB298704
L	7281	605	*	*	*	*	*	FJ545232	*
H	7281	100	99.0	+	0	0	2I100M503I	AB298704	FJ545232
L	14532	623	*	*	*	*	*	AB128012	*
H	14532	100	97.0	+	0	0	11I85M5I15M507I	AB298704	AB128012
L	23738	561	*	*	*	*	*	FN546965	*
H	23738	100	90.0	+	0	0	5I9MD18MD71M458I	AB298704	FN546965
L	923	602	*	*	*	*	*	FJ799941	*
H	923	100	100.0	+	0	0	35I100M467I	FJ799941	FJ799941
L	4235	561	*	*	*	*	*	EF423524	*
H	4235	100	97.0	+	0	0	36I100M425I	FJ799941	EF423524
L	13868	531	*	*	*	*	*	DQ272499	*
H	13868	100	94.0	+	0	0	11I100M420I	FJ799941	DQ272499
L	6004	564	*	*	*	*	*	EF687934	*
H	6004	100	93.0	+	0	0	8I67MD32M457I	FJ799941	EF687934
L	18611	526	*	*	*	*	*	AY745019	*
H	18611	100	92.0	+	0	0	2D65MD32M429I	FJ799941	AY745019
L	930	525	*	*	*	*	*	AF350062	*
H	930	100	100.0	+	0	0	100M425I	AF350062	AF350062
L	21936	673	*	*	*	*	*	EU718113	*
H	21936	100	100.0	+	0	0	44I100M529I	AF228650	EU718113
L	942	595	*	*	*	*	*	AF228650	*
H	942	100	100.0	+	0	0	100M495I	AF228650	AF228650
L	2472	701	*	*	*	*	*	FM213365	*
H	2472	100	92.0	+	0	0	8D92M609I	AF228650	FM213365
L	20376	643	*	*	*	*	*	EF192105	*
H	20376	100	94.0	+	0	0	28I22M23I74M2I4M490I	AF228650	EF192105
L	20375	635	*	*	*	*	*	EF192106	*
H	20375	100	95.0	+	0	0	46I22MD73M2I4M488I	AF228650	EF192106
L	24826	556	*	*	*	*	*	AF495463	*
H	24826	100	99.0	+	0	0	256I100M200I	AF347105	AF495463
L	24825	588	*	*	*	*	*	GU234085	*
H	24825	100	99.0	+	0	0	351I100M137I	AF347105	GU234085
L	24824	587	*	*	*	*	*	GU234084	*
H	24824	100	99.0	+	0	0	318I100M169I	AF347105	GU234084
L	24822	526	*	*	*	*	*	GU234012	*
H	24822	100	99.0	+	0	0	187I100M239I	AF347105	GU234012
L	24821	725	*	*	*	*	*	GU233376	*
H	24821	100	99.0	+	0	0	365I100M260I	AF347105	GU233376
L	10652	667	*	*	*	*	*	JF273480	*
H	10652	100	100.0	+	0	0	296I100M271I	AF347109	JF273480
L	4893	598	*	*	*	*	*	FJ435116	*
H	4893	100	100.0	+	0	0	286I100M212I	AF347109	FJ435116
L	4894	588	*	*	*	*	*	FJ435117	*
H	4894	100	100.0	+	0	0	278I100M210I	AF347109	FJ435117
L	4895	572	*	*	*	*	*	FJ435123	*
H	4895	100	100.0	+	0	0	324I100M148I	AF347109	FJ435123
L	4897	632	*	*	*	*	*	FJ435144	*
H	4897	100	100.0	+	0	0	341I100M191I	AF347109	FJ435144
L	992	344	*	*	*	*	*	AF373991	*
H	992	100	100.0	+	0	0	140I100M104I	AF373991	AF373991
L	1006	619	*	*	*	*	*	AF291284	*
H	1006	100	100.0	+	0	0	51I100M468I	AF291284	AF291284
L	18216	1244	*	*	*	*	*	AY509549	*
H	18216	100	91.0	+	0	0	41I27MD10M2D60M1106I	AF291284	AY509549
L	2850	1211	*	*	*	*	*	AF395309	*
H	2850	100	92.0	+	0	0	2I27MD12MD59M1111I	AF291284	AF395309
L	1010	498	*	*	*	*	*	DQ267594	*
H	1010	100	100.0	+	0	0	11I100M387I	DQ267594	DQ267594
L	20049	1679	*	*	*	*	*	DQ923536	*
H	20049	100	100.0	+	0	0	5I100M1574I	DQ267594	DQ923536
L	9957	589	*	*	*	*	*	GU570534	*
H	9957	100	96.0	+	0	0	89I30MI70M399I	DQ267594	GU570534
L	11443	590	*	*	*	*	*	GU570536	*
H	11443	100	96.0	+	0	0	88I30MI70M401I	DQ267594	GU570536
L	22199	655	*	*	*	*	*	EU882112	*
H	22199	100	94.0	+	0	0	128I34MI25M2I32MI9M423I	DQ267594	EU882112
L	1016	642	*	*	*	*	*	EF190271	*
H	1016	100	100.0	+	0	0	51I100M491I	EF190271	EF190271
L	20373	677	*	*	*	*	*	EF190279	*
H	20373	100	96.0	+	0	0	52I89MD10M526I	EF190271	EF190279
L	21328	652	*	*	*	*	*	EU409591	*
H	21328	100	95.0	+	0	0	24I90MD9M529I	EF190271	EU409591
L	1017	684	*	*	*	*	*	EF190282	*
H	1017	100	100.0	+	0	0	51I100M533I	EF190282	EF190282
L	1018	716	*	*	*	*	*	EF190283	*
H	1018	100	100.0	+	0	0	51I100M565I	EF190283	EF190283
L	1044	708	*	*	*	*	*	EF507257	*
H	1044	100	100.0	+	0	0	51I100M557I	EF507257	EF507257
L	22077	651	*	*	*	*	*	EU819524	*
H	22077	100	99.0	+	0	0	49I100M502I	EF507257	EU819524
L	19938	709	*	*	*	*	*	DQ848613	*
H	19938	100	99.0	+	0	0	50I100M559I	EF507257	DQ848613
L	28471	873	*	*	*	*	*	JQ711917	*
H	28471	100	97.0	+	0	0	115I100M658I	EF507257	JQ711917
L	8325	756	*	*	*	*	*	AJ534914	*
H	8325	100	97.0	+	0	0	8I100M648I	EF507257	AJ534914
L	1052	1062	*	*	*	*	*	EF530933	*
H	1052	100	100.0	+	0	0	100M962I	EF530933	EF530933
L	11479	545	*	*	*	*	*	JN943323	*
H	11479	100	99.0	+	0	0	24I80MI9MI11M419I	EF530933	JN943323
L	7665	530	*	*	*	*	*	HQ022487	*
H	7665	100	98.0	+	0	0	14I80MI9MI11M414I	EF530933	HQ022487
L	10015	590	*	*	*	*	*	JN198453	*
H	10015	100	95.0	+	0	0	20I80MI9MI11M468I	EF530933	JN198453
L	9886	588	*	*	*	*	*	GQ302677	*
H	9886	100	98.0	+	0	0	22I80MI9MI11M464I	EF530933	GQ302677
L	1061	496	*	*	*	*	*	EF535688	*
H	1061	100	100.0	+	0	0	100M396I	EF535688	EF535688
L	19447	558	*	*	*	*	*	DQ466083	*
H	19447	100	93.0	+	0	0	45I100M413I	EF535688	DQ466083
L	26030	526	*	*	*	*	*	AY345345	*
H	26030	100	92.0	+	0	0	13I32MD54M2D11M416I	EF535688	AY345345
L	18405	495	*	*	*	*	*	AY607017	*
H	18405	100	91.0	+	0	0	100M395I	EF535688	AY607017
L	23550	499	*	*	*	*	*	AF173310	*
H	23550	100	91.0	+	0	0	19I32MD67M381I	EF535688	AF173310
L	16201	1522	*	*	*	*	*	EU707856	*
H	16201	100	100.0	+	0	0	130I100M1292I	EF535692	EU707856
L	1063	496	*	*	*	*	*	EF535692	*
H	1063	100	100.0	+	0	0	100M396I	EF535692	EF535692
L	1869	534	*	*	*	*	*	EU853471	*
H	1869	100	98.0	+	0	0	19I100M415I	EF535692	EU853471
L	1867	536	*	*	*	*	*	EU853479	*
H	1867	100	98.0	+	0	0	20I100M416I	EF535692	EU853479
L	16124	499	*	*	*	*	*	AF362050	*
H	16124	100	97.0	+	0	0	19I16MD83M381I	EF535692	AF362050
L	1073	543	*	*	*	*	*	AF383955	*
H	1073	100	100.0	+	0	0	100M443I	AF383955	AF383955
L	16180	537	*	*	*	*	*	AF383968	*
H	16180	100	91.0	+	0	0	34I21MI35MI44M401I	AF383955	AF383968
L	1090	550	*	*	*	*	*	EF197082	*
H	1090	100	100.0	+	0	0	13I100M437I	EF197082	EF197082
L	4600	596	*	*	*	*	*	AY999116	*
H	4600	100	90.0	+	0	0	36I100M460I	EF197082	AY999116
L	18423	540	*	*	*	*	*	AY615208	*
H	18423	100	91.0	+	0	0	7I85MI15M432I	EF197082	AY615208
L	16305	549	*	*	*	*	*	AY999115	*
H	16305	100	91.0	+	0	0	4I88MI12M444I	EF197082	AY999115
L	12165	559	*	*	*	*	*	AY515362	*
H	12165	100	92.0	+	0	0	7I84M3I16M449I	EF197082	AY515362
L	1130	672	*	*	*	*	*	EF558546	*
H	1130	100	100.0	+	0	0	36I100M536I	EF558546	EF558546
L	21921	761	*	*	*	*	*	EU716330	*
H	21921	100	98.0	+	0	0	2D98M663I	EF558546	EU716330
L	13530	628	*	*	*	*	*	DQ132829	*
H	13530	100	99.0	+	0	0	39I77MI23M488I	EF558546	DQ132829
L	24135	595	*	*	*	*	*	FJ610288	*
H	24135	100	98.0	+	0	0	36I77MI23M458I	EF558546	FJ610288
L	4251	610	*	*	*	*	*	FJ623268	*
H	4251	100	98.0	+	0	0	18I77MI23M491I	EF558546	FJ623268
L	1147	706	*	*	*	*	*	EU707858	*
H	1147	100	100.0	+	0	0	122I100M484I	EU707858	EU707858
L	18289	539	*	*	*	*	*	AY534233	*
H	18289	100	95.0	+	0	0	13I70M2I30M424I	EU707858	AY534233
L	2730	533	*	*	*	*	*	FJ515724	*
H	2730	100	96.0	+	0	0	13I70MI30M419I	EU707858	FJ515724
L	21881	516	*	*	*	*	*	FJ515705	*
H	21881	100	94.0	+	0	0	2D68MI30M417I	EU707858	FJ515705
L	13318	767	*	*	*	*	*	AJ972852	*
H	13318	100	91.0	+	0	0	568I70MD29M100I	EU707858	AJ972852
L	1153	608	*	*	*	*	*	FN423704	*
H	1153	100	100.0	+	0	0	392I100M116I	FN423704	FN423704
L	11517	1653	*	*	*	*	*	FR750135	*
H	11517	100	91.0	+	0	0	272I42MD18M2I39M1280I	FN423704	FR750135
L	23749	1446	*	*	*	*	*	FN547612	*
H	23749	100	91.0	+	0	0	225I42MI22MI9MI27M1118I	FN423704	FN547612
L	2874	751	*	*	*	*	*	AM947674	*
H	2874	100	91.0	+	0	0	498I40M4I60M149I	FN423704	AM947674
L	23597	1659	*	*	*	*	*	FM876833	*
H	23597	100	93.0	+	0	0	272I42MD34MI23M1287I	FN423704	FM876833
L	1154	490	*	*	*	*	*	AM292666	*
H	1154	100	100.0	+	0	0	100M390I	AM292666	AM292666
L	1193	537	*	*	*	*	*	EF600974	*
H	1193	100	100.0	+	0	0	100M437I	EF600974	EF600974
L	1212	603	*	*	*	*	*	EF619547	*
H	1212	100	100.0	+	0	0	27I100M476I	EF619547	EF619547
L	16614	605	*	*	*	*	*	DQ914542	*
H	16614	100	99.0	+	0	0	27I100M478I	EF619547	DQ914542
L	1213	604	*	*	*	*	*	EF619560	*
H	1213	100	97.0	+	0	0	27I100M477I	EF619547	EF619560
L	1211	595	*	*	*	*	*	EF619542	*
H	1211	100	90.0	+	0	0	27I50M2D48M470I	EF619547	EF619542
L	1214	598	*	*	*	*	*	EF619561	*
H	1214	100	90.0	+	0	0	27I45M2D53M473I	EF619547	EF619561
L	1219	1265	*	*	*	*	*	EF409766	*
H	1219	100	100.0	+	0	0	11I100M1154I	EF409766	EF409766
L	21110	784	*	*	*	*	*	GQ984158	*
H	21110	100	100.0	+	0	0	35I100M649I	DQ131610	GQ984158
L	1238	812	*	*	*	*	*	DQ131610	*
H	1238	100	100.0	+	0	0	38I100M674I	DQ131610	DQ131610
L	16943	218	*	*	*	*	*	AJ416955	*
H	16943	100	100.0	+	0	0	49I100M69I	DQ131610	AJ416955
L	1245	648	*	*	*	*	*	UDB003317	*
H	1245	100	100.0	+	0	0	100M548I	UDB003317	UDB003317
L	18766	913	*	*	*	*	*	AJ534912	*
H	18766	100	98.0	+	0	0	51I100M762I	UDB003317	AJ534912
L	1045	709	*	*	*	*	*	EF507258	*
H	1045	100	97.0	+	0	0	52I100M557I	UDB003317	EF507258
L	24738	593	*	*	*	*	*	HQ215824	*
H	24738	100	92.0	+	0	0	5D95M498I	UDB003317	HQ215824
H	1044	100	95.0	+	0	0	53I100M555I	UDB003317	EF507257
L	1253	508	*	*	*	*	*	EF636921	*
H	1253	100	100.0	+	0	0	100M408I	EF636921	EF636921
L	1251	545	*	*	*	*	*	EF636919	*
H	1251	100	92.0	+	0	0	24I23M3I61M3I16M415I	EF636921	EF636919
L	1252	597	*	*	*	*	*	EF636920	*
H	1252	100	91.0	+	0	0	82I23M2D9MI10MI56M415I	EF636921	EF636920
L	1263	726	*	*	*	*	*	JF907774	*
H	1263	100	100.0	+	0	0	25I100M601I	JF907774	JF907774
H	24825	100	93.0	+	0	0	20I32M3I40MD27M466I	JF907774	GU234085
L	24827	593	*	*	*	*	*	GU234094	*
H	24827	100	93.0	+	0	0	25I8MI23M3I41MD27M465I	JF907774	GU234094
L	1279	775	*	*	*	*	*	AF254930	*
H	1279	100	100.0	+	0	0	11I100M664I	AF254930	AF254930
L	19172	958	*	*	*	*	*	DQ155288	*
H	19172	100	90.0	+	0	0	609I53M4I47M245I	AF254930	DQ155288
L	1282	891	*	*	*	*	*	AF254936	*
H	1282	100	100.0	+	0	0	11I100M780I	AF254936	AF254936
L	2010	897	*	*	*	*	*	AF346407	*
H	2010	100	100.0	+	0	0	11I36MI13MI51M784I	AF254936	AF346407
L	15840	934	*	*	*	*	*	AF346408	*
H	15840	100	99.0	+	0	0	11I36MI11M2I53M820I	AF254936	AF346408
L	15839	910	*	*	*	*	*	AF254937	*
H	15839	100	90.0	+	0	0	11I32M2I17MD50M798I	AF254936	AF254937
L	7935	755	*	*	*	*	*	AF096202	*
H	7935	100	100.0	+	0	0	210I100M445I	EU909462	AF096202
L	1291	515	*	*	*	*	*	EU909462	*
H	1291	100	100.0	+	0	0	100M415I	EU909462	EU909462
L	25608	555	*	*	*	*	*	HM161483	*
H	25608	100	93.0	+	0	0	27I11MD33MD54M430I	EU909462	HM161483
L	25601	767	*	*	*	*	*	HM161455	*
H	25601	100	93.0	+	0	0	241I12MD32MD54M428I	EU909462	HM161455
L	12250	754	*	*	*	*	*	AF096211	*
H	12250	100	93.0	+	0	0	218I12MD32MD54M438I	EU909462	AF096211
L	1295	703	*	*	*	*	*	DQ534457	*
H	1295	100	100.0	+	0	0	65I100M538I	DQ534457	DQ534457
L	1313	584	*	*	*	*	*	GQ906965	*
H	1313	100	100.0	+	0	0	23I100M461I	GQ906965	GQ906965
L	5599	505	*	*	*	*	*	GU062261	*
H	5599	100	96.0	+	0	0	38I37M2I63M365I	GQ906965	GU062261
L	17321	585	*	*	*	*	*	EF026146	*
H	17321	100	95.0	+	0	0	11I35MI65M473I	GQ906965	EF026146
L	15653	598	*	*	*	*	*	FJ205455	*
H	15653	100	95.0	+	0	0	18I37M2I63M478I	GQ906965	FJ205455
L	27068	543	*	*	*	*	*	JF340281	*
H	27068	100	95.0	+	0	0	38I35MI65M404I	GQ906965	JF340281
L	1338	335	*	*	*	*	*	EF524312	*
H	1338	100	100.0	+	0	0	100M235I	EF524312	EF524312
L	7157	600	*	*	*	*	*	D84379	*
H	7157	100	100.0	+	0	0	35I100M465I	AF011285	D84379
L	14711	566	*	*	*	*	*	HM484331	*
H	14711	100	100.0	+	0	0	15I100M451I	AF011285	HM484331
L	1346	566	*	*	*	*	*	AF011285	*
H	1346	100	100.0	+	0	0	12I100M454I	AF011285	AF011285
L	1343	565	*	*	*	*	*	AF011287	*
H	1343	100	99.0	+	0	0	11I100M454I	AF011285	AF011287
L	14708	1295	*	*	*	*	*	AB273535	*
H	14708	100	96.0	+	0	0	15I100M1180I	AF011285	AB273535
L	1353	624	*	*	*	*	*	GQ376103	*
H	1353	100	100.0	+	0	0	35I100M489I	GQ376103	GQ376103
L	24517	637	*	*	*	*	*	FN868458	*
H	24517	100	100.0	+	0	0	49I100M488I	GQ376103	FN868458
L	23524	556	*	*	*	*	*	FJ903347	*
H	23524	100	100.0	+	0	0	40I100M416I	GQ376103	FJ903347
L	4379	583	*	*	*	*	*	EF432284	*
H	4379	100	99.0	+	0	0	37I100M446I	GQ376103	EF432284
L	6604	586	*	*	*	*	*	AY751458	*
H	6604	100	92.0	+	0	0	8D92M494I	GQ376103	AY751458
L	1387	490	*	*	*	*	*	GU237831	*
H	1387	100	100.0	+	0	0	100M390I	GU237831	GU237831
L	4838	548	*	*	*	*	*	EF120412	*
H	4838	100	99.0	+	0	0	24I61MI39M423I	GU237831	EF120412
L	10665	482	*	*	*	*	*	FJ794609	*
H	10665	100	97.0	+	0	0	2I100M380I	GU237831	FJ794609
L	2686	140	*	*	*	*	*	AF495849	*
H	2686	100	90.0	+	0	0	8D92M48I	GU237831	AF495849
L	12182	487	*	*	*	*	*	FJ427085	*
H	12182	100	97.0	+	0	0	100M387I	GU237831	FJ427085
L	1391	584	*	*	*	*	*	EU016102	*
H	1391	100	100.0	+	0	0	5I100M479I	EU016102	EU016102
L	4822	630	*	*	*	*	*	FJ799952	*
H	4822	100	90.0	+	0	0	36I28MI72M493I	EU016102	FJ799952
L	3242	1145	*	*	*	*	*	EU715607	*
H	3242	100	94.0	+	0	0	14I28MI50MD21M1031I	EU016102	EU715607
L	4236	745	*	*	*	*	*	FJ172270	*
H	4236	100	93.0	+	0	0	88I28MI50MD21M557I	EU016102	FJ172270
L	22931	600	*	*	*	*	*	GU292816	*
H	22931	100	92.0	+	0	0	11I28MI50MD21M489I	EU016102	GU292816
L	4608	240	*	*	*	*	*	AB054053	*
H	4608	100	100.0	+	0	0	22I100M118I	AF444418	AB054053
L	1397	620	*	*	*	*	*	AF444418	*
H	1397	100	100.0	+	0	0	11I100M509I	AF444418	AF444418
L	1401	590	*	*	*	*	*	EU020062	*
H	1401	100	100.0	+	0	0	100M490I	EU020062	EU020062
L	1435	476	*	*	*	*	*	EF535193	*
H	1435	100	100.0	+	0	0	100M376I	EF535193	EF535193
L	9040	477	*	*	*	*	*	GU967377	*
H	9040	100	98.0	+	0	0	47MI53M376I	EF535193	GU967377
L	20593	478	*	*	*	*	*	EF535181	*
H	20593	100	96.0	+	0	0	100M378I	EF535193	EF535181
L	20590	480	*	*	*	*	*	EF535169	*
H	20590	100	95.0	+	0	0	42MI58M379I	EF535193	EF535169
L	25210	478	*	*	*	*	*	EF535210	*
H	25210	100	94.0	+	0	0	43MI57M377I	EF535193	EF535210
L	1488	704	*	*	*	*	*	AB080533	*
H	1488	100	100.0	+	0	0	12I100M592I	AB080533	AB080533
L	23482	649	*	*	*	*	*	FJ917410	*
H	23482	100	100.0	+	0	0	36I100M513I	AB080533	FJ917410
L	1491	701	*	*	*	*	*	AB080487	*
H	1491	100	98.0	+	0	0	11I100M590I	AB080533	AB080487
L	9278	684	*	*	*	*	*	AB080531	*
H	9278	100	98.0	+	0	0	15I100M569I	AB080533	AB080531
L	14463	661	*	*	*	*	*	AB080545	*
H	14463	100	97.0	+	0	0	10I100M551I	AB080533	AB080545
H	1491	100	100.0	+	0	0	11I100M590I	AB080487	AB080487
H	23482	100	98.0	+	0	0	36I100M513I	AB080487	FJ917410
H	1488	100	98.0	+	0	0	12I100M592I	AB080487	AB080533
L	1492	705	*	*	*	*	*	AB080530	*
H	1492	100	96.0	+	0	0	12I36M3I64M590I	AB080487	AB080530
H	9278	100	96.0	+	0	0	15I100M569I	AB080487	AB080531
L	1500	571	*	*	*	*	*	EF605270	*
H	1500	100	100.0	+	0	0	50I100M421I	EF605270	EF605270
L	1557	618	*	*	*	*	*	AB360445	*
H	1557	100	100.0	+	0	0	13I100M505I	AB360445	AB360445
L	12171	652	*	*	*	*	*	EF197812	*
H	12171	100	91.0	+	0	0	37I25MD45MD28M517I	AB360445	EF197812
L	12077	622	*	*	*	*	*	AY450919	*
H	12077	100	90.0	+	0	0	I34MI66M520I	AB360445	AY450919
L	26234	726	*	*	*	*	*	HQ283377	*
H	26234	100	90.0	+	0	0	134I25MD45MD28M494I	AB360445	HQ283377
L	22957	619	*	*	*	*	*	FJ623607	*
H	22957	100	90.0	+	0	0	13I25MD45MD28M508I	AB360445	FJ623607
L	1585	547	*	*	*	*	*	EU041783	*
H	1585	100	100.0	+	0	0	33I100M414I	EU041783	EU041783
L	22777	708	*	*	*	*	*	FJ493187	*
H	22777	100	93.0	+	0	0	122I32MI22MI8M2I38M482I	EU041783	FJ493187
L	1592	1709	*	*	*	*	*	EU035401	*
H	1592	100	100.0	+	0	0	121I100M1488I	EU035401	EU035401
L	1595	1490	*	*	*	*	*	EU035423	*
H	1595	100	100.0	+	0	0	38I100M1352I	EU035423	EU035423
L	1598	1517	*	*	*	*	*	EU035457	*
H	1598	100	100.0	+	0	0	118I100M1299I	EU035457	EU035457
L	1597	1522	*	*	*	*	*	EU035455	*
H	1597	100	91.0	+	0	0	118I26M2D14MD43MI14M1306I	EU035457	EU035455
L	25026	1405	*	*	*	*	*	EU035431	*
H	25026	100	90.0	+	0	0	5I18MD67MI14M1300I	EU035457	EU035431
L	9037	679	*	*	*	*	*	JF498579	*
H	9037	100	90.0	+	0	0	413I25M2D16MD42MI14M168I	EU035457	JF498579
L	1600	1522	*	*	*	*	*	EU035476	*
H	1600	100	91.0	+	0	0	118I42MD57M1305I	EU035457	EU035476
L	1605	593	*	*	*	*	*	EF689044	*
H	1605	100	100.0	+	0	0	37I100M456I	EF689044	EF689044
L	1629	760	*	*	*	*	*	AY796027	*
H	1629	100	100.0	+	0	0	2I100M658I	AY796027	AY796027
L	1630	764	*	*	*	*	*	AY796028	*
H	1630	100	97.0	+	0	0	2I24MI76M661I	AY796027	AY796028
L	110	778	*	*	*	*	*	AF514292	*
H	110	100	93.0	+	0	0	2I25M2I21M2I20M2I14MI20M669I	AY796027	AF514292
L	1628	311	*	*	*	*	*	EU343863	*
H	1628	100	91.0	+	0	0	13I24MI21M2I19M4I36M191I	AY796027	EU343863
L	1627	773	*	*	*	*	*	AY796026	*
H	1627	100	92.0	+	0	0	2I24MI21M2I15M6I40M662I	AY796027	AY796026
L	1655	566	*	*	*	*	*	EU002921	*
H	1655	100	100.0	+	0	0	26I100M440I	EU002921	EU002921
H	13868	100	95.0	+	0	0	11I100M420I	EU002921	DQ272499
L	6002	602	*	*	*	*	*	AF000566	*
H	6002	100	96.0	+	0	0	35I33MI67M466I	EU002921	AF000566
L	19247	561	*	*	*	*	*	DQ235667	*
H	19247	100	94.0	+	0	0	15I100M446I	EU002921	DQ235667
L	13436	558	*	*	*	*	*	DQ093770	*
H	13436	100	94.0	+	0	0	26I100M432I	EU002921	DQ093770
L	1665	318	*	*	*	*	*	EU006535	*
H	1665	100	100.0	+	0	0	100M218I	EU006535	EU006535
L	28068	1521	*	*	*	*	*	JN638252	*
H	28068	100	98.0	+	0	0	271I100M1150I	EU006535	JN638252
L	28072	1002	*	*	*	*	*	JN638273	*
H	28072	100	97.0	+	0	0	256I100M646I	EU006535	JN638273
L	28071	1916	*	*	*	*	*	JN638272	*
H	28071	100	97.0	+	0	0	233I100M1583I	EU006535	JN638272
L	28069	789	*	*	*	*	*	JN638260	*
H	28069	100	97.0	+	0	0	491I100M198I	EU006535	JN638260
L	1672	548	*	*	*	*	*	AF332123	*
H	1672	100	100.0	+	0	0	100M448I	AF332123	AF332123
L	1679	517	*	*	*	*	*	EU037894	*
H	1679	100	100.0	+	0	0	12I100M405I	EU037894	EU037894
L	1686	668	*	*	*	*	*	AY035644	*
H	1686	100	100.0	+	0	0	11I100M557I	AY035644	AY035644
L	1699	1252	*	*	*	*	*	FJ039646	*
H	1699	100	100.0	+	0	0	7I100M1145I	FJ039646	FJ039646
L	1704	1260	*	*	*	*	*	EU057046	*
H	1704	100	96.0	+	0	0	15I25MD74M1146I	FJ039646	EU057046
L	12862	1203	*	*	*	*	*	AY669578	*
H	12862	100	96.0	+	0	0	2I25MD74M1102I	FJ039646	AY669578
L	20909	1276	*	*	*	*	*	EU057038	*
H	20909	100	96.0	+	0	0	25MD74M1177I	FJ039646	EU057038
L	19082	464	*	*	*	*	*	DQ083800	*
H	19082	100	96.0	+	0	0	12I25MD74M353I	FJ039646	DQ083800
L	1726	568	*	*	*	*	*	EU037050	*
H	1726	100	100.0	+	0	0	100M468I	EU037050	EU037050
L	4435	596	*	*	*	*	*	FJ487938	*
H	4435	100	95.0	+	0	0	59I100M437I	EU037050	FJ487938
L	2685	587	*	*	*	*	*	EU664484	*
H	2685	100	93.0	+	0	0	8I100M479I	EU037050	EU664484
L	2868	559	*	*	*	*	*	GQ229081	*
H	2868	100	94.0	+	0	0	10I100M449I	EU037050	GQ229081
L	22058	604	*	*	*	*	*	FJ895878	*
H	22058	100	94.0	+	0	0	20I56MD43M485I	EU037050	FJ895878
L	1732	614	*	*	*	*	*	EU081846	*
H	1732	100	100.0	+	0	0	38I100M476I	EU081846	EU081846
L	13580	1733	*	*	*	*	*	AB027373	*
H	13580	100	94.0	+	0	0	198I100M1435I	EU081846	AB027373
L	8788	2694	*	*	*	*	*	AB113352	*
H	8788	100	94.0	+	0	0	2076I100M518I	EU081846	AB113352
L	1751	648	*	*	*	*	*	EU218895	*
H	1751	100	100.0	+	0	0	27I100M521I	EU218895	EU218895
L	24097	688	*	*	*	*	*	HQ441575	*
H	24097	100	91.0	+	0	0	37I100M551I	EU218895	HQ441575
L	27853	957	*	*	*	*	*	JN168664	*
H	27853	11	90.9	+	0	0	118I11M828I	EU247762	JN168664
L	17868	340	*	*	*	*	*	AY239318	*
H	17868	11	100.0	+	0	0	327I11M2I	EU247762	AY239318
L	28853	1161	*	*	*	*	*	UDB000985	*
H	28853	11	90.9	+	0	0	563I11M587I	EU247762	UDB000985
L	19279	362	*	*	*	*	*	FJ515197	*
H	19279	11	100.0	+	0	0	351I11M	EU247762	FJ515197
L	8076	515	*	*	*	*	*	HQ153410	*
H	8076	11	100.0	+	0	0	471I11M33I	EU247762	HQ153410
L	1773	554	*	*	*	*	*	EU128046	*
H	1773	100	100.0	+	0	0	100M454I	EU128046	EU128046
L	21501	1581	*	*	*	*	*	EU552158	*
H	21501	100	97.0	+	0	0	135I70M2I11MI19M1343I	EU128046	EU552158
L	9999	601	*	*	*	*	*	JN198400	*
H	9999	100	91.0	+	0	0	49I78MD21M453I	EU128046	JN198400
L	18699	555	*	*	*	*	*	EU128019	*
H	18699	100	91.0	+	0	0	78MD21M456I	EU128046	EU128019
L	1776	561	*	*	*	*	*	EU128053	*
H	1776	100	91.0	+	0	0	68MI32M460I	EU128046	EU128053
L	1783	610	*	*	*	*	*	EU214584	*
H	1783	100	100.0	+	0	0	37I100M473I	EU214584	EU214584
L	1788	610	*	*	*	*	*	EU140821	*
H	1788	100	100.0	+	0	0	100M510I	EU140821	EU140821
L	1805	568	*	*	*	*	*	EU142883	*
H	1805	100	100.0	+	0	0	100M468I	EU142883	EU142883
L	13643	571	*	*	*	*	*	DQ187954	*
H	13643	100	100.0	+	0	0	81I100M390I	EU142883	DQ187954
L	13531	578	*	*	*	*	*	DQ132832	*
H	13531	100	100.0	+	0	0	128I100M350I	EU142883	DQ132832
L	10008	1010	*	*	*	*	*	JN198424	*
H	10008	100	99.0	+	0	0	545I100M365I	EU142883	JN198424
L	3759	630	*	*	*	*	*	FJ379814	*
H	3759	100	98.0	+	0	0	85I100M445I	EU142883	FJ379814
L	20309	634	*	*	*	*	*	EF127682	*
H	20309	100	100.0	+	0	0	263I100M271I	EF176489	EF127682
L	18471	606	*	*	*	*	*	FJ613256	*
H	18471	100	100.0	+	0	0	248I100M258I	EF176489	FJ613256
L	18458	319	*	*	*	*	*	EF176483	*
H	18458	100	100.0	+	0	0	100M219I	EF176489	EF176483
L	18088	637	*	*	*	*	*	AY373301	*
H	18088	100	100.0	+	0	0	288I100M249I	EF176489	AY373301
L	18087	571	*	*	*	*	*	AY373290	*
H	18087	100	100.0	+	0	0	262I100M209I	EF176489	AY373290
L	1823	598	*	*	*	*	*	FJ462747	*
H	1823	100	100.0	+	0	0	11I100M487I	FJ462747	FJ462747
H	22751	100	99.0	+	0	0	35I100M522I	FJ462747	FJ481048
L	18399	594	*	*	*	*	*	GU062274	*
H	18399	100	99.0	+	0	0	35I100M459I	FJ462747	GU062274
L	16610	993	*	*	*	*	*	AF516556	*
H	16610	100	99.0	+	0	0	323I100M570I	FJ462747	AF516556
H	900	100	98.0	+	0	0	49I100M386I	FJ462747	EF155499
L	1833	552	*	*	*	*	*	DQ006946	*
H	1833	100	100.0	+	0	0	100M452I	DQ006946	DQ006946
L	7128	554	*	*	*	*	*	EU835166	*
H	7128	100	97.0	+	0	0	100M454I	DQ006946	EU835166
L	23440	561	*	*	*	*	*	FJ903370	*
H	23440	100	97.0	+	0	0	58I100M403I	DQ006946	FJ903370
L	15513	552	*	*	*	*	*	GQ293948	*
H	15513	100	97.0	+	0	0	100M452I	DQ006946	GQ293948
L	1839	524	*	*	*	*	*	AJ302455	*
H	1839	100	96.0	+	0	0	D99M425I	DQ006946	AJ302455
L	1861	576	*	*	*	*	*	GU183166	*
H	1861	100	100.0	+	0	0	34I100M442I	GU183166	GU183166
L	26439	594	*	*	*	*	*	AF035674	*
H	26439	100	100.0	+	0	0	7I100M487I	GU183166	AF035674
L	21036	520	*	*	*	*	*	EU139855	*
H	21036	100	92.0	+	0	0	2D98M422I	GU183166	EU139855
L	3905	522	*	*	*	*	*	FJ477086	*
H	3905	100	99.0	+	0	0	39I100M383I	GU183166	FJ477086
L	11780	593	*	*	*	*	*	JN565298	*
H	11780	100	93.0	+	0	0	26I23MD9M2D65M470I	GU183166	JN565298
L	1866	511	*	*	*	*	*	FJ425199	*
H	1866	100	100.0	+	0	0	100M411I	FJ425199	FJ425199
L	19344	492	*	*	*	*	*	DQ303027	*
H	19344	100	98.0	+	0	0	5I100M387I	FJ425199	DQ303027
L	26793	542	*	*	*	*	*	HQ731642	*
H	26793	100	96.0	+	0	0	24I100M418I	FJ425199	HQ731642
L	20880	491	*	*	*	*	*	EU041801	*
H	20880	100	91.0	+	0	0	2I100M389I	FJ425199	EU041801
L	10240	547	*	*	*	*	*	JN225925	*
H	10240	100	91.0	+	0	0	51I21M2D17MD12MI47M398I	FJ425199	JN225925
L	1875	509	*	*	*	*	*	EU326448	*
H	1875	100	100.0	+	0	0	13I100M396I	EU326448	EU326448
L	21233	453	*	*	*	*	*	EU326458	*
H	21233	100	96.0	+	0	0	24I100M329I	EU326448	EU326458
L	21230	453	*	*	*	*	*	EU326451	*
H	21230	100	95.0	+	0	0	23I100M330I	EU326448	EU326451
L	1877	458	*	*	*	*	*	EU326452	*
H	1877	100	96.0	+	0	0	26I100M332I	EU326448	EU326452
L	1888	659	*	*	*	*	*	EU293061	*
H	1888	100	100.0	+	0	0	30I100M529I	EU293061	EU293061
L	1900	633	*	*	*	*	*	EU266096	*
H	1900	100	100.0	+	0	0	8I100M525I	EU266096	EU266096
L	16631	633	*	*	*	*	*	EU266093	*
H	16631	100	95.0	+	0	0	8I100M525I	EU266096	EU266093
L	19771	740	*	*	*	*	*	DQ534486	*
H	19771	100	91.0	+	0	0	50I100M590I	EU266096	DQ534486
L	19233	757	*	*	*	*	*	DQ219308	*
H	19233	100	90.0	+	0	0	49I100M608I	EU266096	DQ219308
H	1901	100	100.0	+	0	0	421I100M278I	EU266100	EU266100
H	21788	100	99.0	+	0	0	431I100M317I	EU266100	EU670211
L	27375	775	*	*	*	*	*	JF794063	*
H	27375	100	97.0	+	0	0	234I72MI28M440I	EU266100	JF794063
L	21795	785	*	*	*	*	*	EU670226	*
H	21795	100	97.0	+	0	0	241I72MI28M443I	EU266100	EU670226
L	18209	1054	*	*	*	*	*	AY498667	*
H	18209	100	95.0	+	0	0	415I45MD23MI31M539I	EU266100	AY498667
L	1919	474	*	*	*	*	*	EU551211	*
H	1919	100	100.0	+	0	0	44I100M330I	EU551211	EU551211
L	28620	1145	*	*	*	*	*	HM802133	*
H	28620	100	94.0	+	0	0	71I100M974I	EU551211	HM802133
L	14577	925	*	*	*	*	*	AB182298	*
H	14577	100	94.0	+	0	0	787I100M38I	EU551211	AB182298
L	11648	541	*	*	*	*	*	EU863579	*
H	11648	100	94.0	+	0	0	68I100M373I	EU551211	EU863579
L	11879	201	*	*	*	*	*	AF335958	*
H	11879	100	94.0	+	0	0	66I100M35I	EU551211	AF335958
L	1948	539	*	*	*	*	*	EU339369	*
H	1948	100	100.0	+	0	0	20I100M419I	EU339369	EU339369
L	1957	617	*	*	*	*	*	HQ586862	*
H	1957	100	100.0	+	0	0	40I100M477I	HQ586862	HQ586862
L	17417	1828	*	*	*	*	*	AM882708	*
H	17417	100	100.0	+	0	0	25I100M1703I	HQ586862	AM882708
L	17418	1822	*	*	*	*	*	AM882711	*
H	17418	100	94.0	+	0	0	28I6MD54MD38M1696I	HQ586862	AM882711
L	1961	601	*	*	*	*	*	AM882792	*
H	1961	100	100.0	+	0	0	100M501I	AM882792	AM882792
L	1962	670	*	*	*	*	*	AM882803	*
H	1962	100	100.0	+	0	0	100M570I	AM882803	AM882803
L	18817	649	*	*	*	*	*	AY884181	*
H	18817	100	100.0	+	0	0	14I100M535I	AM906059	AY884181
L	1975	656	*	*	*	*	*	AM906059	*
H	1975	100	100.0	+	0	0	37I100M519I	AM906059	AM906059
L	5432	692	*	*	*	*	*	FN548165	*
H	5432	100	99.0	+	0	0	122I81MI19M469I	AM906059	FN548165
L	18818	676	*	*	*	*	*	AY884184	*
H	18818	100	99.0	+	0	0	37I81MI19M538I	AM906059	AY884184
L	1974	655	*	*	*	*	*	AY884183	*
H	1974	100	99.0	+	0	0	36I81MI19M518I	AM906059	AY884183
L	1988	677	*	*	*	*	*	EU365860	*
H	1988	100	100.0	+	0	0	166I100M411I	EU365860	EU365860
L	25795	547	*	*	*	*	*	EU681284	*
H	25795	100	95.0	+	0	0	5D95M452I	EU365860	EU681284
L	7292	822	*	*	*	*	*	HM538488	*
H	7292	100	98.0	+	0	0	234I100M488I	EU365860	HM538488
L	7288	719	*	*	*	*	*	HM538478	*
H	7288	100	98.0	+	0	0	180I100M439I	EU365860	HM538478
L	7297	601	*	*	*	*	*	HM538542	*
H	7297	100	98.0	+	0	0	147I100M354I	EU365860	HM538542
L	12281	332	*	*	*	*	*	AJ418742	*
H	12281	100	100.0	+	0	0	100M232I	EU257803	AJ418742
L	2065	703	*	*	*	*	*	EU257803	*
H	2065	100	100.0	+	0	0	100M603I	EU257803	EU257803
L	17526	803	*	*	*	*	*	FJ172289	*
H	17526	100	98.0	+	0	0	77I100M626I	EU257803	FJ172289
L	17190	712	*	*	*	*	*	AF432881	*
H	17190	100	96.0	+	0	0	100M612I	EU257803	AF432881
L	18189	710	*	*	*	*	*	DQ182515	*
H	18189	100	96.0	+	0	0	100M610I	EU257803	DQ182515
L	2137	600	*	*	*	*	*	EU821481	*
H	2137	100	100.0	+	0	0	38I100M462I	EU821481	EU821481
L	11430	599	*	*	*	*	*	EU821472	*
H	11430	100	96.0	+	0	0	38I100M461I	EU821481	EU821472
L	7494	561	*	*	*	*	*	EU002915	*
H	7494	100	91.0	+	0	0	16I100M445I	EU821481	EU002915
L	233	566	*	*	*	*	*	DQ780460	*
H	233	100	94.0	+	0	0	35I83MD16M432I	EU821481	DQ780460
H	19247	100	94.0	+	0	0	15I83MD16M447I	EU821481	DQ235667
L	12647	610	*	*	*	*	*	AY737756	*
H	12647	100	100.0	+	0	0	10I100M500I	EU280089	AY737756
L	2143	644	*	*	*	*	*	EU280089	*
H	2143	100	100.0	+	0	0	36I100M508I	EU280089	EU280089
L	12650	591	*	*	*	*	*	AY737768	*
H	12650	100	97.0	+	0	0	2D98M493I	EU280089	AY737768
L	28217	592	*	*	*	*	*	FJ441021	*
H	28217	100	99.0	+	0	0	12I100M480I	EU280089	FJ441021
H	13530	100	100.0	+	0	0	39I39MI61M488I	EU280089	DQ132829
L	15634	452	*	*	*	*	*	AF162459	*
H	15634	100	98.0	+	0	0	10MD77MD11M354I	AF162464	AF162459
L	6605	1585	*	*	*	*	*	FN547552	*
H	6605	100	100.0	+	0	0	273I100M1212I	AF162464	FN547552
L	2156	462	*	*	*	*	*	AF162464	*
H	2156	100	100.0	+	0	0	100M362I	AF162464	AF162464
L	14412	464	*	*	*	*	*	AB048615	*
H	14412	100	93.0	+	0	0	5D95M369I	AF162464	AB048615
L	12043	319	*	*	*	*	*	AY442360	*
H	12043	100	95.0	+	0	0	30I16MD60MD22M191I	AF162464	AY442360
L	18284	658	*	*	*	*	*	AY534201	*
H	18284	100	99.0	+	0	0	34I100M524I	EU486439	AY534201
L	2164	1315	*	*	*	*	*	EU486439	*
H	2164	100	100.0	+	0	0	3I100M1212I	EU486439	EU486439
L	15003	760	*	*	*	*	*	EF141543	*
H	15003	100	90.0	+	0	0	39I64M2D34M623I	EU486439	EF141543
L	623	748	*	*	*	*	*	EF141534	*
H	623	100	92.0	+	0	0	38I63M2D35M612I	EU486439	EF141534
L	21890	743	*	*	*	*	*	GU234147	*
H	21890	100	92.0	+	0	0	39I63M2D35M606I	EU486439	GU234147
L	2188	498	*	*	*	*	*	AF282093	*
H	2188	100	100.0	+	0	0	100M398I	AF282093	AF282093
L	2189	497	*	*	*	*	*	AF282094	*
H	2189	100	96.0	+	0	0	100M397I	AF282093	AF282094
L	2191	496	*	*	*	*	*	AF282096	*
H	2191	100	95.0	+	0	0	100M396I	AF282093	AF282096
L	2190	495	*	*	*	*	*	AF282095	*
H	2190	100	93.0	+	0	0	100M395I	AF282093	AF282095
L	2206	496	*	*	*	*	*	AF282127	*
H	2206	100	90.0	+	0	0	27M2I30MD8M2I34M393I	AF282093	AF282127
L	2216	488	*	*	*	*	*	AF439494	*
H	2216	100	100.0	+	0	0	100M388I	AF439494	AF439494
L	11202	532	*	*	*	*	*	JN247818	*
H	11202	100	96.0	+	0	0	37I100M395I	AF439494	JN247818
L	2228	652	*	*	*	*	*	AM946763	*
H	2228	100	100.0	+	0	0	13I100M539I	AM946763	AM946763
L	2273	677	*	*	*	*	*	EU526004	*
H	2273	100	100.0	+	0	0	50I100M527I	EU526004	EU526004
L	2288	635	*	*	*	*	*	EU484285	*
H	2288	100	100.0	+	0	0	100M535I	EU484285	EU484285
L	12451	573	*	*	*	*	*	FJ228217	*
H	12451	100	97.0	+	0	0	19I100M454I	EU484285	FJ228217
L	25932	635	*	*	*	*	*	EU798702	*
H	25932	100	99.0	+	0	0	19I100M516I	EU484285	EU798702
L	5342	663	*	*	*	*	*	GQ376119	*
H	5342	100	91.0	+	0	0	42I100M521I	EU484285	GQ376119
L	16758	555	*	*	*	*	*	FJ499457	*
H	16758	100	94.0	+	0	0	21I100M434I	EU484285	FJ499457
L	2299	643	*	*	*	*	*	GU134172	*
H	2299	100	100.0	+	0	0	13I100M530I	GU134172	GU134172
L	26246	633	*	*	*	*	*	AF234834	*
H	26246	100	99.0	+	0	0	8I27MD72M526I	GU134172	AF234834
L	3417	696	*	*	*	*	*	FJ178369	*
H	3417	100	95.0	+	0	0	27I27MD59M5I13M565I	GU134172	FJ178369
L	2307	519	*	*	*	*	*	EU551192	*
H	2307	100	100.0	+	0	0	22I100M397I	EU551192	EU551192
L	11821	512	*	*	*	*	*	AY793466	*
H	11821	100	92.0	+	0	0	8D92M420I	EU551192	AY793466
L	21251	548	*	*	*	*	*	EU330631	*
H	21251	100	98.0	+	0	0	40I56MD43M409I	EU551192	EU330631
L	11333	492	*	*	*	*	*	AY793444	*
H	11333	100	91.0	+	0	0	8D92M400I	EU551192	AY793444
L	11334	512	*	*	*	*	*	AY793449	*
H	11334	100	90.0	+	0	0	8D48MD43M421I	EU551192	AY793449
L	2315	504	*	*	*	*	*	EU254778	*
H	2315	100	100.0	+	0	0	100M404I	EU254778	EU254778
L	2339	508	*	*	*	*	*	EU255033	*
H	2339	100	95.0	+	0	0	63M4I37M404I	EU254778	EU255033
L	17198	514	*	*	*	*	*	DQ994611	*
H	17198	100	92.0	+	0	0	63MI37M413I	EU254778	DQ994611
L	2341	512	*	*	*	*	*	EU255060	*
H	2341	100	91.0	+	0	0	63MI37M411I	EU254778	EU255060
L	21138	528	*	*	*	*	*	EU254799	*
H	21138	100	94.0	+	0	0	89M2I11M426I	EU254778	EU254799
L	2317	503	*	*	*	*	*	EU254786	*
H	2317	100	100.0	+	0	0	100M403I	EU254786	EU254786
L	2324	610	*	*	*	*	*	EU254860	*
H	2324	100	100.0	+	0	0	100M510I	EU254860	EU254860
L	2340	510	*	*	*	*	*	EU255056	*
H	2340	100	90.0	+	0	0	62M3I38M407I	EU254860	EU255056
L	2311	510	*	*	*	*	*	EU254750	*
H	2311	100	92.0	+	0	0	60M4I29M3D8M409I	EU254860	EU254750
L	2325	509	*	*	*	*	*	EU254859	*
H	2325	100	91.0	+	0	0	59M3I41M406I	EU254860	EU254859
H	2339	100	93.0	+	0	0	62M5I27M15I11M388I	EU254860	EU255033
L	2329	504	*	*	*	*	*	EU254939	*
H	2329	100	100.0	+	0	0	100M404I	EU254939	EU254939
L	2334	513	*	*	*	*	*	EU254977	*
H	2334	100	95.0	+	0	0	100M413I	EU254939	EU254977
L	1870	516	*	*	*	*	*	EU254984	*
H	1870	100	94.0	+	0	0	54MI6M3D37M418I	EU254939	EU254984
L	2167	520	*	*	*	*	*	EU199190	*
H	2167	100	93.0	+	0	0	100M420I	EU254939	EU199190
L	8526	583	*	*	*	*	*	GU183864	*
H	8526	100	93.0	+	0	0	11I54MD45M473I	EU254939	GU183864
L	2336	510	*	*	*	*	*	EU254992	*
H	2336	100	100.0	+	0	0	100M410I	EU254992	EU254992
H	2339	100	91.0	+	0	0	60M3I40M405I	EU254992	EU255033
H	17198	100	90.0	+	0	0	100M414I	EU254992	DQ994611
L	2312	507	*	*	*	*	*	EU254753	*
H	2312	100	90.0	+	0	0	52MI13MI12MD22M406I	EU254992	EU254753
H	2341	100	93.0	+	0	0	100M412I	EU254992	EU255060
H	2340	100	100.0	+	0	0	100M410I	EU255056	EU255056
H	2324	100	90.0	+	0	0	62M3D35M513I	EU255056	EU254860
H	2341	100	94.0	+	0	0	64MD35M413I	EU255056	EU255060
H	2311	100	94.0	+	0	0	60MI30M2I10M407I	EU255056	EU254750
H	2339	100	91.0	+	0	0	65M2I35M406I	EU255056	EU255033
L	2431	649	*	*	*	*	*	AF325664	*
H	2431	100	100.0	+	0	0	100M549I	AF325664	AF325664
L	8378	1316	*	*	*	*	*	HQ604206	*
H	8378	100	91.0	+	0	0	47I39M4I61M1165I	AF325664	HQ604206
L	8656	653	*	*	*	*	*	HQ650732	*
H	8656	100	91.0	+	0	0	15I38M2D7M2D51M542I	AF325664	HQ650732
L	17465	1935	*	*	*	*	*	AM882931	*
H	17465	100	91.0	+	0	0	28I40MD36M3I23M1805I	AF325664	AM882931
L	2441	490	*	*	*	*	*	AF340013	*
H	2441	100	100.0	+	0	0	100M390I	AF340013	AF340013
L	2449	624	*	*	*	*	*	AJ309352	*
H	2449	100	100.0	+	0	0	36I100M488I	AJ309352	AJ309352
L	2457	802	*	*	*	*	*	AF062936	*
H	2457	100	100.0	+	0	0	4I100M698I	AF062936	AF062936
L	15429	800	*	*	*	*	*	AF062933	*
H	15429	100	94.0	+	0	0	4I100M696I	AF062936	AF062933
L	24151	804	*	*	*	*	*	EU784397	*
H	24151	100	91.0	+	0	0	29I6MD9MD16MD7MD58M679I	AF062936	EU784397
L	2468	695	*	*	*	*	*	GQ203815	*
H	2468	100	100.0	+	0	0	4I100M591I	GQ203815	GQ203815
L	20957	720	*	*	*	*	*	EU081937	*
H	20957	100	96.0	+	0	0	49I100M571I	GQ203815	EU081937
L	2467	697	*	*	*	*	*	AF391028	*
H	2467	100	97.0	+	0	0	4I100M593I	GQ203815	AF391028
L	5497	688	*	*	*	*	*	AY176466	*
H	5497	100	98.0	+	0	0	4I100M584I	GQ203815	AY176466
L	11980	693	*	*	*	*	*	AY176363	*
H	11980	100	96.0	+	0	0	4I100M589I	GQ203815	AY176363
L	2481	562	*	*	*	*	*	AB054106	*
H	2481	100	100.0	+	0	0	100M462I	AB054106	AB054106
L	9711	565	*	*	*	*	*	AB054107	*
H	9711	100	97.0	+	0	0	79MD20M466I	AB054106	AB054107
L	18332	613	*	*	*	*	*	AY559447	*
H	18332	100	95.0	+	0	0	5MD94M514I	AB054106	AY559447
L	9709	723	*	*	*	*	*	HQ283364	*
H	9709	100	96.0	+	0	0	137I20M2I8MI72M483I	AB054106	HQ283364
L	23527	623	*	*	*	*	*	EU343867	*
H	23527	100	95.0	+	0	0	21I100M502I	AB054106	EU343867
L	2491	437	*	*	*	*	*	EU554131	*
H	2491	84	100.0	+	0	0	90I84M263I	EU554131	EU554131
L	2729	659	*	*	*	*	*	EU672822	*
H	2729	84	97.6	+	0	0	147I84M428I	EU554131	EU672822
L	18446	578	*	*	*	*	*	AY622785	*
H	18446	84	97.6	+	0	0	151I84M343I	EU554131	AY622785
L	18444	599	*	*	*	*	*	AY622782	*
H	18444	84	97.6	+	0	0	153I84M362I	EU554131	AY622782
L	18445	572	*	*	*	*	*	AY622784	*
H	18445	84	97.6	+	0	0	139I18MI66M348I	EU554131	AY622784
L	2496	602	*	*	*	*	*	EU598154	*
H	2496	100	100.0	+	0	0	100M502I	EU598154	EU598154
L	26253	674	*	*	*	*	*	HQ318236	*
H	26253	100	95.0	+	0	0	43I49MD50M532I	EU598154	HQ318236
L	7810	669	*	*	*	*	*	HQ318215	*
H	7810	100	97.0	+	0	0	43I100M526I	EU598154	HQ318215
L	7814	644	*	*	*	*	*	HQ318229	*
H	7814	100	96.0	+	0	0	43I92M3I8M498I	EU598154	HQ318229
L	7813	659	*	*	*	*	*	AB458891	*
H	7813	100	97.0	+	0	0	33I50M3I41M2I9M521I	EU598154	AB458891
L	2501	660	*	*	*	*	*	EU598174	*
H	2501	100	100.0	+	0	0	100M560I	EU598174	EU598174
L	3003	751	*	*	*	*	*	EU819429	*
H	3003	100	96.0	+	0	0	55I100M596I	EU598174	EU819429
L	21649	1629	*	*	*	*	*	EU598159	*
H	21649	100	98.0	+	0	0	100M1529I	EU598174	EU598159
L	28363	644	*	*	*	*	*	JN944005	*
H	28363	100	96.0	+	0	0	15I78M2I22M527I	EU598174	JN944005
L	2499	684	*	*	*	*	*	EU598175	*
H	2499	100	97.0	+	0	0	100M584I	EU598174	EU598175
L	2550	872	*	*	*	*	*	AB078341	*
H	2550	100	100.0	+	0	0	49I100M723I	AB078341	AB078341
L	18764	931	*	*	*	*	*	FJ845447	*
H	18764	100	98.0	+	0	0	76I100M755I	AB078341	FJ845447
L	616	656	*	*	*	*	*	AF309535	*
H	616	100	98.0	+	0	0	8I100M548I	AB078341	AF309535
L	28925	691	*	*	*	*	*	AF377237	*
H	28925	100	97.0	+	0	0	28I100M563I	AB078341	AF377237
L	3715	737	*	*	*	*	*	GQ267492	*
H	3715	100	96.0	+	0	0	49I84MD15M589I	AB078341	GQ267492
L	2554	475	*	*	*	*	*	EU434831	*
H	2554	100	99.0	+	0	0	100M375I	EU434832	EU434831
L	2553	474	*	*	*	*	*	EU434832	*
H	2553	100	100.0	+	0	0	100M374I	EU434832	EU434832
L	25267	457	*	*	*	*	*	GU973728	*
H	25267	100	95.0	+	0	0	21I100M336I	EU434832	GU973728
L	5123	500	*	*	*	*	*	AF530463	*
H	5123	100	93.0	+	0	0	100M400I	EU434832	AF530463
L	26908	551	*	*	*	*	*	HQ889709	*
H	26908	100	93.0	+	0	0	29I100M422I	EU434832	HQ889709
L	2563	605	*	*	*	*	*	AY015430	*
H	2563	100	100.0	+	0	0	11I100M494I	AY015430	AY015430
L	23880	572	*	*	*	*	*	JN246560	*
H	23880	100	95.0	+	0	0	22I100M450I	AY015430	JN246560
L	26203	614	*	*	*	*	*	HQ234290	*
H	26203	100	93.0	+	0	0	14I100M500I	AY015430	HQ234290
H	11100	100	95.0	+	0	0	36I100M452I	AY015430	JN246559
H	26017	100	94.0	+	0	0	13I25MD74M482I	AY015430	AY313074
L	2577	553	*	*	*	*	*	AF333156	*
H	2577	100	100.0	+	0	0	100M453I	AF333156	AF333156
L	20525	805	*	*	*	*	*	EF469157	*
H	20525	100	98.0	+	0	0	269I5MI95M435I	AF333156	EF469157
L	20117	494	*	*	*	*	*	EF014192	*
H	20117	100	92.0	+	0	0	4D96M398I	AF333156	EF014192
L	2575	559	*	*	*	*	*	AF333152	*
H	2575	100	97.0	+	0	0	5MI85MI10M457I	AF333156	AF333152
L	2573	555	*	*	*	*	*	AF333143	*
H	2573	100	93.0	+	0	0	5MI95M454I	AF333156	AF333143
L	2590	558	*	*	*	*	*	AB070888	*
H	2590	82	100.0	+	0	0	125I82M351I	AB070888	AB070888
L	583	645	*	*	*	*	*	EF139861	*
H	583	82	93.9	+	0	0	163I27M3I55M397I	AB070888	EF139861
L	2602	595	*	*	*	*	*	U88225	*
H	2602	100	100.0	+	0	0	100M495I	U88225	U88225
L	2603	606	*	*	*	*	*	U88231	*
H	2603	100	94.0	+	0	0	72MI28M505I	U88225	U88231
L	28683	630	*	*	*	*	*	U88219	*
H	28683	100	92.0	+	0	0	72MI28M529I	U88225	U88219
L	20808	679	*	*	*	*	*	EU014053	*
H	20808	100	92.0	+	0	0	36I59MI15M2D24M544I	U88225	EU014053
L	2600	623	*	*	*	*	*	U88220	*
H	2600	100	91.0	+	0	0	72MI28M522I	U88225	U88220
L	2610	495	*	*	*	*	*	AJ430228	*
H	2610	100	100.0	+	0	0	100M395I	AJ430228	AJ430228
L	13681	632	*	*	*	*	*	EU434834	*
H	13681	100	97.0	+	0	0	132I100M400I	AJ430228	EU434834
L	19696	920	*	*	*	*	*	DQ491498	*
H	19696	100	95.0	+	0	0	444I100M376I	AJ430228	DQ491498
L	2611	494	*	*	*	*	*	AJ430229	*
H	2611	100	100.0	+	0	0	100M394I	AJ430229	AJ430229
L	2658	491	*	*	*	*	*	AM504059	*
H	2658	100	100.0	+	0	0	100M391I	AM504059	AM504059
L	1160	492	*	*	*	*	*	AM292695	*
H	1160	100	93.0	+	0	0	100M392I	AM504059	AM292695
L	2662	454	*	*	*	*	*	EU488738	*
H	2662	100	100.0	+	0	0	100M354I	EU488738	EU488738
L	20532	531	*	*	*	*	*	EF488392	*
H	20532	100	90.0	+	0	0	37I26MI19MI30M10I17MI8M381I	EU488738	EF488392
L	25992	530	*	*	*	*	*	HM992500	*
H	25992	100	90.0	+	0	0	8I26MI19MI35M8I12MI8M411I	EU488738	HM992500
L	2696	491	*	*	*	*	*	AM993110	*
H	2696	100	100.0	+	0	0	100M391I	AM993110	AM993110
L	22474	577	*	*	*	*	*	FJ205469	*
H	22474	100	99.0	+	0	0	51I100M426I	AM993110	FJ205469
L	24926	568	*	*	*	*	*	AF163029	*
H	24926	100	98.0	+	0	0	15I47MD52M454I	AM993110	AF163029
L	17754	522	*	*	*	*	*	EU100011	*
H	17754	100	98.0	+	0	0	16I100M406I	AM993110	EU100011
L	24925	500	*	*	*	*	*	EF584496	*
H	24925	100	91.0	+	0	0	5I8M2D90M397I	AM993110	EF584496
L	2734	702	*	*	*	*	*	EU707900	*
H	2734	100	100.0	+	0	0	122I100M480I	EU707900	EU707900
L	24130	604	*	*	*	*	*	GQ254689	*
H	24130	100	100.0	+	0	0	6I100M498I	EU677810	GQ254689
L	2735	628	*	*	*	*	*	EU677810	*
H	2735	100	100.0	+	0	0	37I100M491I	EU677810	EU677810
L	1863	618	*	*	*	*	*	FJ538351	*
H	1863	100	100.0	+	0	0	24I100M494I	EU677810	FJ538351
L	542	583	*	*	*	*	*	FJ459970	*
H	542	100	100.0	+	0	0	21I100M462I	EF447378	FJ459970
L	2739	543	*	*	*	*	*	EF447378	*
H	2739	100	100.0	+	0	0	100M443I	EF447378	EF447378
L	24557	578	*	*	*	*	*	GU062228	*
H	24557	100	96.0	+	0	0	48I100M430I	EF447378	GU062228
L	27136	557	*	*	*	*	*	JF440589	*
H	27136	100	95.0	+	0	0	21I100M436I	EF447378	JF440589
L	8078	601	*	*	*	*	*	GU199417	*
H	8078	100	95.0	+	0	0	61I100M440I	EF447378	GU199417
L	21323	529	*	*	*	*	*	AB472620	*
H	21323	100	100.0	+	0	0	100M429I	AB472592	AB472620
L	12149	546	*	*	*	*	*	EU402573	*
H	12149	100	100.0	+	0	0	32I100M414I	AB472592	EU402573
L	2813	529	*	*	*	*	*	AB472592	*
H	2813	100	100.0	+	0	0	100M429I	AB472592	AB472592
L	17813	549	*	*	*	*	*	EU840557	*
H	17813	100	96.0	+	0	0	7I100M442I	AB472592	EU840557
L	14181	527	*	*	*	*	*	AB472613	*
H	14181	100	98.0	+	0	0	100M427I	AB472592	AB472613
L	2836	1821	*	*	*	*	*	EU552137	*
H	2836	100	100.0	+	0	0	121I100M1600I	EU552137	EU552137
L	24329	656	*	*	*	*	*	FJ372389	*
H	24329	100	100.0	+	0	0	122I100M434I	EU552139	FJ372389
L	2837	1587	*	*	*	*	*	EU552139	*
H	2837	100	100.0	+	0	0	61I100M1426I	EU552139	EU552139
L	2838	1494	*	*	*	*	*	EU552140	*
H	2838	100	100.0	+	0	0	88I100M1306I	EU552139	EU552140
H	2850	100	100.0	+	0	0	2I100M1109I	AF395309	AF395309
L	5875	556	*	*	*	*	*	AJ427408	*
H	5875	100	96.0	+	0	0	42I41M2I59M412I	AF395309	AJ427408
L	15950	581	*	*	*	*	*	AF291277	*
H	15950	100	94.0	+	0	0	6I45M2I55M473I	AF395309	AF291277
L	9413	608	*	*	*	*	*	HQ441576	*
H	9413	100	93.0	+	0	0	34I35M3I53MI12M470I	AF395309	HQ441576
L	18219	1252	*	*	*	*	*	AY509553	*
H	18219	100	91.0	+	0	0	42I39M3I61M1107I	AF395309	AY509553
L	2892	546	*	*	*	*	*	EU707817	*
H	2892	100	100.0	+	0	0	100M446I	EU707817	EU707817
L	8297	547	*	*	*	*	*	HQ725051	*
H	8297	100	99.0	+	0	0	9I100M438I	EU707817	HQ725051
L	26710	552	*	*	*	*	*	HQ680618	*
H	26710	100	98.0	+	0	0	9I69MD30M444I	EU707817	HQ680618
L	8296	553	*	*	*	*	*	HQ680599	*
H	8296	100	96.0	+	0	0	9I100M444I	EU707817	HQ680599
L	10086	548	*	*	*	*	*	HQ725080	*
H	10086	100	97.0	+	0	0	9I100M439I	EU707817	HQ725080
L	2894	717	*	*	*	*	*	U57882	*
H	2894	100	100.0	+	0	0	34I100M583I	U57882	U57882
L	28610	713	*	*	*	*	*	U57887	*
H	28610	100	94.0	+	0	0	34I100M579I	U57882	U57887
L	2594	648	*	*	*	*	*	FJ435149	*
H	2594	100	90.0	+	0	0	21I58M6D36M533I	U57882	FJ435149
L	2593	720	*	*	*	*	*	U57723	*
H	2593	100	92.0	+	0	0	36I22MI78M583I	U57882	U57723
L	28609	718	*	*	*	*	*	U57878	*
H	28609	100	95.0	+	0	0	32I88M2I12M584I	U57882	U57878
L	20796	581	*	*	*	*	*	EU009958	*
H	20796	100	100.0	+	0	0	26I100M455I	JF773598	EU009958
L	2904	1161	*	*	*	*	*	JF773598	*
H	2904	100	100.0	+	0	0	22I100M1039I	JF773598	JF773598
L	4257	571	*	*	*	*	*	FJ624269	*
H	4257	100	99.0	+	0	0	39I100M432I	JF773598	FJ624269
L	24928	584	*	*	*	*	*	GU300101	*
H	24928	100	98.0	+	0	0	11I100M473I	JF773598	GU300101
H	22474	100	91.0	+	0	0	32I26MI74M444I	JF773598	FJ205469
L	2906	886	*	*	*	*	*	EU669202	*
H	2906	100	100.0	+	0	0	100M786I	EU669202	EU669202
L	19116	958	*	*	*	*	*	DQ097871	*
H	19116	100	94.0	+	0	0	220I77M2D21M640I	EU669202	DQ097871
L	21763	799	*	*	*	*	*	EU669308	*
H	21763	100	91.0	+	0	0	141I77M2D21M560I	EU669202	EU669308
L	21761	497	*	*	*	*	*	EU669307	*
H	21761	100	94.0	+	0	0	17I21MI44M2D33M381I	EU669202	EU669307
L	2908	630	*	*	*	*	*	EU669210	*
H	2908	100	100.0	+	0	0	8I100M522I	EU669210	EU669210
L	2927	708	*	*	*	*	*	GQ165705	*
H	2927	100	100.0	+	0	0	43I100M565I	GQ165705	GQ165705
L	3046	718	*	*	*	*	*	GQ165684	*
H	3046	100	100.0	+	0	0	50I55M6I45M562I	GQ165705	GQ165684
L	4990	696	*	*	*	*	*	GQ165663	*
H	4990	100	99.0	+	0	0	40I55M3I45M553I	GQ165705	GQ165663
L	4991	622	*	*	*	*	*	GQ165672	*
H	4991	100	96.0	+	0	0	3D52M3I45M522I	GQ165705	GQ165672
L	22137	706	*	*	*	*	*	GQ165700	*
H	22137	100	98.0	+	0	0	48I100M558I	GQ165705	GQ165700
L	2968	293	*	*	*	*	*	AF296773	*
H	2968	100	100.0	+	0	0	100M193I	AF296773	AF296773
L	2967	294	*	*	*	*	*	AF296772	*
H	2967	100	99.0	+	0	0	100M194I	AF296773	AF296772
L	11436	758	*	*	*	*	*	GU934591	*
H	11436	100	99.0	+	0	0	56I100M602I	AF296773	GU934591
L	2969	287	*	*	*	*	*	AF296775	*
H	2969	100	99.0	+	0	0	100M187I	AF296773	AF296775
L	10394	628	*	*	*	*	*	AY461838	*
H	10394	100	98.0	+	0	0	8I100M520I	AF296773	AY461838
L	19895	727	*	*	*	*	*	DQ822800	*
H	19895	100	100.0	+	0	0	22I100M605I	FJ039685	DQ822800
L	8412	1188	*	*	*	*	*	FJ039678	*
H	8412	100	100.0	+	0	0	6I100M1082I	FJ039685	FJ039678
H	547	100	100.0	+	0	0	41I100M1103I	FJ039685	AY669658
H	28890	100	100.0	+	0	0	12I100M489I	FJ039685	AY281024
H	28891	100	100.0	+	0	0	98I100M360I	FJ039685	UDB001233
L	2987	748	*	*	*	*	*	EU837202	*
H	2987	100	100.0	+	0	0	37I100M611I	EU837202	EU837202
L	2994	606	*	*	*	*	*	EU837231	*
H	2994	100	100.0	+	0	0	100M506I	EU837231	EU837231
L	13955	596	*	*	*	*	*	DQ365618	*
H	13955	100	90.0	+	0	0	4D21MD19M2I55M499I	EU837231	DQ365618
L	2922	669	*	*	*	*	*	EU669325	*
H	2922	100	91.0	+	0	0	13I21M2I24MI20MD12MI22M553I	EU837231	EU669325
L	3007	710	*	*	*	*	*	EU819439	*
H	3007	100	100.0	+	0	0	49I100M561I	EU819439	EU819439
L	3008	724	*	*	*	*	*	EU819441	*
H	3008	100	91.0	+	0	0	49I44MI34MD21M575I	EU819439	EU819441
H	4990	100	100.0	+	0	0	40I100M556I	EU846268	GQ165663
L	3045	679	*	*	*	*	*	EU846268	*
H	3045	100	100.0	+	0	0	11I100M568I	EU846268	EU846268
L	27794	569	*	*	*	*	*	JN102546	*
H	27794	100	99.0	+	0	0	51I100M418I	EU846268	JN102546
H	4991	100	97.0	+	0	0	3D97M525I	EU846268	GQ165672
L	22138	619	*	*	*	*	*	EU846265	*
H	22138	100	94.0	+	0	0	6D94M525I	EU846268	EU846265
L	3052	501	*	*	*	*	*	EU635979	*
H	3052	82	100.0	+	0	0	124I82M295I	EU635979	EU635979
L	3053	501	*	*	*	*	*	EU635981	*
H	3053	82	91.5	+	0	0	124I82M295I	EU635979	EU635981
L	20905	1263	*	*	*	*	*	EU655680	*
H	20905	100	99.0	+	0	0	36I100M1127I	GQ159803	EU655680
L	28952	587	*	*	*	*	*	DQ663271	*
H	28952	100	99.0	+	0	0	5I100M482I	GQ159803	DQ663271
L	3063	1205	*	*	*	*	*	GQ159803	*
H	3063	100	100.0	+	0	0	100M1105I	GQ159803	GQ159803
L	23053	1252	*	*	*	*	*	FJ717511	*
H	23053	100	100.0	+	0	0	23I100M1129I	GQ159803	FJ717511
L	20910	1221	*	*	*	*	*	EU057047	*
H	20910	100	100.0	+	0	0	47I100M1074I	GQ159803	EU057047
L	3071	558	*	*	*	*	*	EU673336	*
H	3071	100	100.0	+	0	0	11I100M447I	EU673336	EU673336
L	3072	583	*	*	*	*	*	EU673340	*
H	3072	100	90.0	+	0	0	11I100M472I	EU673336	EU673340
L	26134	580	*	*	*	*	*	HQ199224	*
H	26134	100	90.0	+	0	0	36I100M444I	EU673336	HQ199224
L	7608	552	*	*	*	*	*	HM467652	*
H	7608	100	94.0	+	0	0	13I87M9I13M430I	EU673336	HM467652
L	7609	343	*	*	*	*	*	AY159253	*
H	7609	100	94.0	+	0	0	21I87M9I13M213I	EU673336	AY159253
L	3085	704	*	*	*	*	*	EU854436	*
H	3085	100	100.0	+	0	0	12I100M592I	EU854436	EU854436
L	3111	383	*	*	*	*	*	EU884190	*
H	3111	100	100.0	+	0	0	4I100M279I	EU884190	EU884190
L	3139	707	*	*	*	*	*	FJ160956	*
H	3139	100	100.0	+	0	0	20I100M587I	FJ160956	FJ160956
L	3163	629	*	*	*	*	*	EU718116	*
H	3163	100	100.0	+	0	0	37I100M492I	EU718116	EU718116
L	14016	759	*	*	*	*	*	JQ685726	*
H	14016	100	93.0	+	0	0	14I35M19I27MI38M625I	EU718116	JQ685726
L	25657	703	*	*	*	*	*	HM237170	*
H	25657	100	93.0	+	0	0	35I35M20I27MI38M547I	EU718116	HM237170
L	3177	645	*	*	*	*	*	FM208869	*
H	3177	100	100.0	+	0	0	100M545I	FM208869	FM208869
L	3179	656	*	*	*	*	*	FM208873	*
H	3179	100	96.0	+	0	0	100M556I	FM208869	FM208873
L	3542	725	*	*	*	*	*	EU784297	*
H	3542	100	96.0	+	0	0	35I69M2I31M588I	FM208869	EU784297
L	29308	620	*	*	*	*	*	UDB011776	*
H	29308	100	96.0	+	0	0	10I69M2I31M508I	FM208869	UDB011776
L	6045	732	*	*	*	*	*	GU233358	*
H	6045	100	94.0	+	0	0	58I100M574I	FM208869	GU233358
L	3186	622	*	*	*	*	*	FM208893	*
H	3186	100	100.0	+	0	0	100M522I	FM208893	FM208893
L	3199	600	*	*	*	*	*	AF343318	*
H	3199	100	100.0	+	0	0	100M500I	AF343318	AF343318
L	3206	543	*	*	*	*	*	FJ037752	*
H	3206	100	100.0	+	0	0	9I100M434I	FJ037752	FJ037752
L	2870	520	*	*	*	*	*	FJ194521	*
H	2870	100	100.0	+	0	0	10I8MI92M409I	FJ037752	FJ194521
L	6861	522	*	*	*	*	*	FJ210938	*
H	6861	100	100.0	+	0	0	9I8MI92M412I	FJ037752	FJ210938
L	14228	526	*	*	*	*	*	FJ200219	*
H	14228	100	100.0	+	0	0	13I8MI92M412I	FJ037752	FJ200219
L	7927	578	*	*	*	*	*	GU566295	*
H	7927	100	99.0	+	0	0	49I8MI92M428I	FJ037752	GU566295
L	3211	1042	*	*	*	*	*	FJ008986	*
H	3211	100	100.0	+	0	0	27I100M915I	FJ008986	FJ008986
L	2713	891	*	*	*	*	*	FJ848859	*
H	2713	100	100.0	+	0	0	21I12MI88M769I	FJ008986	FJ848859
L	15719	888	*	*	*	*	*	EF488415	*
H	15719	100	98.0	+	0	0	20I12MI88M767I	FJ008986	EF488415
L	3214	552	*	*	*	*	*	GQ146462	*
H	3214	100	100.0	+	0	0	12I100M440I	GQ146462	GQ146462
L	3224	566	*	*	*	*	*	AY091485	*
H	3224	100	100.0	+	0	0	133I100M333I	AY091485	AY091485
L	3233	510	*	*	*	*	*	AF410474	*
H	3233	100	100.0	+	0	0	11I100M399I	AF410474	AF410474
L	21801	696	*	*	*	*	*	EU673082	*
H	21801	100	97.0	+	0	0	210I100M386I	AF410474	EU673082
L	15336	464	*	*	*	*	*	AF042402	*
H	15336	100	92.0	+	0	0	3D97M367I	AF410474	AF042402
L	3247	1086	*	*	*	*	*	EU715628	*
H	3247	100	100.0	+	0	0	14I100M972I	EU715628	EU715628
L	3212	548	*	*	*	*	*	FJ210605	*
H	3212	100	96.0	+	0	0	49I26MD73M400I	EU715628	FJ210605
L	28128	584	*	*	*	*	*	JN681281	*
H	28128	100	96.0	+	0	0	52I26MD73M433I	EU715628	JN681281
L	22175	456	*	*	*	*	*	EF694633	*
H	22175	100	96.0	+	0	0	8I26MD73M349I	EU715628	EF694633
L	22485	514	*	*	*	*	*	FJ210559	*
H	22485	100	94.0	+	0	0	46I26MD73M369I	EU715628	FJ210559
L	3270	461	*	*	*	*	*	AF444429	*
H	3270	100	100.0	+	0	0	11I100M350I	AF444429	AF444429
L	3275	541	*	*	*	*	*	AF444474	*
H	3275	100	100.0	+	0	0	11I100M430I	AF444474	AF444474
L	12385	540	*	*	*	*	*	AJ608668	*
H	12385	100	96.0	+	0	0	11I41MI59M428I	AF444474	AJ608668
L	14398	534	*	*	*	*	*	AF444479	*
H	14398	100	91.0	+	0	0	11I79M2D19M425I	AF444474	AF444479
L	3274	534	*	*	*	*	*	AF444461	*
H	3274	100	91.0	+	0	0	11I66MI10M3D15MD5M426I	AF444474	AF444461
L	14399	533	*	*	*	*	*	AF444475	*
H	14399	100	93.0	+	0	0	11I40M2I38MD21M421I	AF444474	AF444475
L	3278	528	*	*	*	*	*	AY370684	*
H	3278	100	100.0	+	0	0	11I100M417I	AY370684	AY370684
L	16450	528	*	*	*	*	*	FJ439589	*
H	16450	100	91.0	+	0	0	27I41MD10MI48M401I	AY370684	FJ439589
L	21802	481	*	*	*	*	*	EU675994	*
H	21802	100	90.0	+	0	0	12I41MD10MI27MD20M370I	AY370684	EU675994
L	3280	711	*	*	*	*	*	DQ913746	*
H	3280	100	100.0	+	0	0	11I100M600I	DQ913746	DQ913746
L	15594	714	*	*	*	*	*	DQ904246	*
H	15594	100	92.0	+	0	0	11I32M3I19M2I49M598I	DQ913746	DQ904246
L	133	717	*	*	*	*	*	DQ661031	*
H	133	100	91.0	+	0	0	12I36M2I18M2I46M601I	DQ913746	DQ661031
L	3287	1334	*	*	*	*	*	HQ604676	*
H	3287	100	100.0	+	0	0	29I100M1205I	HQ604676	HQ604676
L	22346	1251	*	*	*	*	*	FJ039696	*
H	22346	100	99.0	+	0	0	6I100M1145I	HQ604676	FJ039696
L	26499	1268	*	*	*	*	*	FJ039694	*
H	26499	100	98.0	+	0	0	8I100M1160I	HQ604676	FJ039694
L	3015	730	*	*	*	*	*	EU819467	*
H	3015	100	99.0	+	0	0	49I100M581I	HQ604676	EU819467
L	12868	1243	*	*	*	*	*	AY669603	*
H	12868	100	98.0	+	0	0	35I100M1108I	HQ604676	AY669603
L	3293	564	*	*	*	*	*	EF592116	*
H	3293	100	100.0	+	0	0	100M464I	EF592116	EF592116
L	16352	614	*	*	*	*	*	FJ914884	*
H	16352	100	93.0	+	0	0	21I46MI54M492I	EF592116	FJ914884
L	3299	633	*	*	*	*	*	AF444561	*
H	3299	100	100.0	+	0	0	11I100M522I	AF444561	AF444561
L	14162	590	*	*	*	*	*	AF444538	*
H	14162	100	92.0	+	0	0	11I57MD9M4I33M476I	AF444561	AF444538
L	13517	540	*	*	*	*	*	AB038113	*
H	13517	100	90.0	+	0	0	2D55MD9M4I33M439I	AF444561	AB038113
L	8801	590	*	*	*	*	*	FJ515188	*
H	8801	100	90.0	+	0	0	5I68M2I20MD11M484I	AF444561	FJ515188
L	16326	604	*	*	*	*	*	AF444511	*
H	16326	100	90.0	+	0	0	11I54MD9M2I36M492I	AF444561	AF444511
L	3304	631	*	*	*	*	*	AF444569	*
H	3304	100	100.0	+	0	0	11I100M520I	AF444569	AF444569
L	3324	671	*	*	*	*	*	FJ196777	*
H	3324	100	100.0	+	0	0	13I100M558I	FJ196777	FJ196777
L	9934	636	*	*	*	*	*	GU256765	*
H	9934	100	92.0	+	0	0	5D95M541I	FJ196777	GU256765
L	3362	468	*	*	*	*	*	FJ158131	*
H	3362	100	100.0	+	0	0	100M368I	FJ158131	FJ158131
L	26998	514	*	*	*	*	*	FJ752738	*
H	26998	100	97.0	+	0	0	2I100M412I	FJ158131	FJ752738
L	10297	502	*	*	*	*	*	FJ826610	*
H	10297	100	94.0	+	0	0	6D94M408I	FJ158131	FJ826610
L	24573	521	*	*	*	*	*	EU919704	*
H	24573	100	98.0	+	0	0	100M421I	FJ158131	EU919704
L	3243	1125	*	*	*	*	*	EU715608	*
H	3243	100	96.0	+	0	0	22I100M1003I	FJ158131	EU715608
L	3378	485	*	*	*	*	*	EU930010	*
H	3378	100	100.0	+	0	0	100M385I	EU930010	EU930010
H	19895	100	100.0	+	0	0	22I100M605I	FJ039558	DQ822800
H	8412	100	100.0	+	0	0	6I100M1082I	FJ039558	FJ039678
H	547	100	100.0	+	0	0	41I100M1103I	FJ039558	AY669658
H	28890	100	100.0	+	0	0	12I100M489I	FJ039558	AY281024
H	28891	100	100.0	+	0	0	98I100M360I	FJ039558	UDB001233
L	3413	607	*	*	*	*	*	EU712012	*
H	3413	100	100.0	+	0	0	100M507I	EU712012	EU712012
L	3412	1544	*	*	*	*	*	UDB011109	*
H	3412	100	95.0	+	0	0	19I37MI20M2I43M1422I	EU712012	UDB011109
L	20064	648	*	*	*	*	*	DQ974761	*
H	20064	100	94.0	+	0	0	11I100M537I	EU712012	DQ974761
L	7792	649	*	*	*	*	*	GQ924691	*
H	7792	100	91.0	+	0	0	35I100M514I	EU712012	GQ924691
L	27428	612	*	*	*	*	*	JF834366	*
H	27428	100	92.0	+	0	0	12I100M500I	EU712012	JF834366
L	15141	711	*	*	*	*	*	AB538235	*
H	15141	100	100.0	+	0	0	101I100M510I	EU833203	AB538235
L	11431	365	*	*	*	*	*	EU833199	*
H	11431	100	100.0	+	0	0	102I100M163I	EU833203	EU833199
L	3421	369	*	*	*	*	*	EU833203	*
H	3421	100	100.0	+	0	0	102I100M167I	EU833203	EU833203
L	1767	628	*	*	*	*	*	AF397135	*
H	1767	100	97.0	+	0	0	11I100M517I	EU833203	AF397135
L	7087	666	*	*	*	*	*	AB566325	*
H	7087	100	95.0	+	0	0	35I100M531I	EU833203	AB566325
L	3438	574	*	*	*	*	*	FJ196764	*
H	3438	100	100.0	+	0	0	13I100M461I	FJ196764	FJ196764
L	16271	680	*	*	*	*	*	AF422989	*
H	16271	100	96.0	+	0	0	391I100M189I	FJ196764	AF422989
L	17173	581	*	*	*	*	*	U04234	*
H	17173	100	92.0	+	0	0	7I100M474I	FJ196764	U04234
L	26399	590	*	*	*	*	*	AY035665	*
H	26399	100	91.0	+	0	0	11I100M479I	FJ196764	AY035665
L	3447	634	*	*	*	*	*	FJ888385	*
H	3447	100	100.0	+	0	0	46I100M488I	FJ888385	FJ888385
L	1505	595	*	*	*	*	*	FJ439585	*
H	1505	100	100.0	+	0	0	27I100M468I	FJ888385	FJ439585
L	5325	832	*	*	*	*	*	FJ379830	*
H	5325	100	95.0	+	0	0	2D37MD60M735I	FJ888385	FJ379830
L	28208	628	*	*	*	*	*	AB540565	*
H	28208	100	95.0	+	0	0	35I100M493I	FJ888385	AB540565
L	3475	669	*	*	*	*	*	FM206390	*
H	3475	100	100.0	+	0	0	39I100M530I	FM206390	FM206390
L	3513	645	*	*	*	*	*	EU784186	*
H	3513	100	100.0	+	0	0	50I100M495I	EU784186	EU784186
L	3522	537	*	*	*	*	*	EU784241	*
H	3522	100	100.0	+	0	0	50I100M387I	EU784241	EU784241
L	3527	633	*	*	*	*	*	EU784249	*
H	3527	100	100.0	+	0	0	51I100M482I	EU784249	EU784249
L	21992	612	*	*	*	*	*	EU784231	*
H	21992	100	93.0	+	0	0	39I48MI44M2I8M470I	EU784249	EU784231
L	3526	591	*	*	*	*	*	EU784248	*
H	3526	100	92.0	+	0	0	23I22MI26MI27MI25M465I	EU784249	EU784248
L	3539	679	*	*	*	*	*	EU784294	*
H	3539	100	100.0	+	0	0	49I100M530I	EU784294	EU784294
L	3541	654	*	*	*	*	*	EU784296	*
H	3541	100	99.0	+	0	0	12I13MD86M543I	EU784294	EU784296
L	3540	628	*	*	*	*	*	EU784295	*
H	3540	100	94.0	+	0	0	D12MD10MD75M531I	EU784294	EU784295
L	2614	1600	*	*	*	*	*	EU435146	*
H	2614	100	98.0	+	0	0	13I8MD91M1488I	EU784294	EU435146
H	3540	100	100.0	+	0	0	100M528I	EU784295	EU784295
H	3541	100	94.0	+	0	0	13I22MI78M540I	EU784295	EU784296
H	3539	100	94.0	+	0	0	50I12MI10MI78M527I	EU784295	EU784294
H	2614	100	90.0	+	0	0	14I22MI78M1485I	EU784295	EU435146
L	3544	742	*	*	*	*	*	EU784302	*
H	3544	100	100.0	+	0	0	49I100M593I	EU784302	EU784302
L	3567	437	*	*	*	*	*	EU784374	*
H	3567	73	100.0	+	0	0	125I73M239I	EU784374	EU784374
L	7982	619	*	*	*	*	*	JQ256427	*
H	7982	73	98.6	+	0	0	163I59M2I14M381I	EU784374	JQ256427
L	17678	567	*	*	*	*	*	DQ257360	*
H	17678	73	95.9	+	0	0	157I73M337I	EU784374	DQ257360
L	14900	507	*	*	*	*	*	AB481266	*
H	14900	73	90.4	+	0	0	140I15M4I58M290I	EU784374	AB481266
L	5025	425	*	*	*	*	*	FN394686	*
H	5025	73	93.2	+	0	0	55I17M2I5M3I51M292I	EU784374	FN394686
L	3577	715	*	*	*	*	*	EU784438	*
H	3577	100	100.0	+	0	0	39I100M576I	EU784438	EU784438
L	17671	317	*	*	*	*	*	AY129368	*
H	17671	100	95.0	+	0	0	22I100M195I	EU784438	AY129368
L	24830	720	*	*	*	*	*	GU234143	*
H	24830	100	92.0	+	0	0	37I100M583I	EU784438	GU234143
L	7208	583	*	*	*	*	*	EF120422	*
H	7208	100	100.0	+	0	0	12I100M471I	FJ232892	EF120422
L	1356	599	*	*	*	*	*	EU272483	*
H	1356	100	98.0	+	0	0	38I100M461I	FJ232892	EU272483
L	7555	619	*	*	*	*	*	JF439462	*
H	7555	100	98.0	+	0	0	49I100M470I	FJ232892	JF439462
L	24342	580	*	*	*	*	*	FJ196615	*
H	24342	100	100.0	+	0	0	38I100M442I	FJ232892	FJ196615
L	3609	532	*	*	*	*	*	FJ232892	*
H	3609	100	100.0	+	0	0	11I100M421I	FJ232892	FJ232892
L	3620	645	*	*	*	*	*	FJ372676	*
H	3620	100	100.0	+	0	0	100M545I	FJ372676	FJ372676
L	23193	693	*	*	*	*	*	FJ481041	*
H	23193	100	99.0	+	0	0	38I100M555I	FJ372676	FJ481041
L	11437	707	*	*	*	*	*	JF439471	*
H	11437	100	99.0	+	0	0	52I100M555I	FJ372676	JF439471
L	1056	849	*	*	*	*	*	FJ608588	*
H	1056	100	99.0	+	0	0	5I100M744I	FJ372676	FJ608588
L	22573	661	*	*	*	*	*	FJ617303	*
H	22573	100	91.0	+	0	0	12I6M2D92M551I	FJ372676	FJ617303
L	3621	482	*	*	*	*	*	AF495461	*
H	3621	100	100.0	+	0	0	10I100M372I	AF495461	AF495461
L	15245	1019	*	*	*	*	*	JN943889	*
H	15245	100	99.0	+	0	0	550I100M369I	AF495461	JN943889
L	329	528	*	*	*	*	*	AM087244	*
H	329	100	98.0	+	0	0	14I100M414I	AF495461	AM087244
L	25625	533	*	*	*	*	*	EU427331	*
H	25625	100	97.0	+	0	0	11I100M422I	AF495461	EU427331
L	21335	762	*	*	*	*	*	EU418849	*
H	21335	100	96.0	+	0	0	502I100M160I	AF495461	EU418849
L	3627	472	*	*	*	*	*	AM778030	*
H	3627	100	100.0	+	0	0	350I100M22I	AM778030	AM778030
L	119	1078	*	*	*	*	*	AJ972459	*
H	119	100	96.0	+	0	0	172I88MD11M807I	AM778030	AJ972459
L	3631	582	*	*	*	*	*	U66011	*
H	3631	100	100.0	+	0	0	26I100M456I	U66011	U66011
L	3648	570	*	*	*	*	*	EF672228	*
H	3648	100	100.0	+	0	0	100M470I	EF672228	EF672228
H	14478	100	99.0	+	0	0	38I100M476I	EF672228	FJ538353
H	22835	100	96.0	+	0	0	38I100M475I	EF672228	FJ538367
H	639	100	94.0	+	0	0	38I18MI57MD24M469I	EF672228	FJ538352
L	28175	238	*	*	*	*	*	AY042907	*
H	28175	100	91.0	+	0	0	5D20MD74M144I	EF672228	AY042907
L	13733	591	*	*	*	*	*	FJ605260	*
H	13733	100	100.0	+	0	0	11I100M480I	FJ372393	FJ605260
L	7498	558	*	*	*	*	*	HM999911	*
H	7498	100	100.0	+	0	0	2I100M456I	FJ372393	HM999911
L	3649	552	*	*	*	*	*	FJ372393	*
H	3649	100	100.0	+	0	0	5I100M447I	FJ372393	FJ372393
L	23547	590	*	*	*	*	*	EU520183	*
H	23547	100	94.0	+	0	0	13I100M477I	FJ372393	EU520183
L	12838	609	*	*	*	*	*	JQ318002	*
H	12838	100	93.0	+	0	0	40I100M469I	FJ372393	JQ318002
L	3650	535	*	*	*	*	*	JF740200	*
H	3650	100	100.0	+	0	0	100M435I	JF740200	JF740200
L	3659	636	*	*	*	*	*	AY865630	*
H	3659	100	100.0	+	0	0	35I100M501I	AY865630	AY865630
L	11620	544	*	*	*	*	*	EU082792	*
H	11620	100	100.0	+	0	0	18I100M426I	AY865630	EU082792
L	6136	597	*	*	*	*	*	FJ442276	*
H	6136	100	100.0	+	0	0	9I100M488I	AY865630	FJ442276
L	14694	644	*	*	*	*	*	EU280078	*
H	14694	100	100.0	+	0	0	37I100M507I	AY865630	EU280078
L	11159	585	*	*	*	*	*	FJ998179	*
H	11159	100	100.0	+	0	0	22I100M463I	AY865630	FJ998179
L	3674	482	*	*	*	*	*	Z73793	*
H	3674	100	100.0	+	0	0	100M382I	Z73793	Z73793
L	3673	445	*	*	*	*	*	AB220062	*
H	3673	100	90.0	+	0	0	5D95M350I	Z73793	AB220062
L	3689	696	*	*	*	*	*	AY072026	*
H	3689	100	100.0	+	0	0	100M596I	AY072026	AY072026
L	3688	813	*	*	*	*	*	FJ860053	*
H	3688	100	95.0	+	0	0	25I17M2I83M686I	AY072026	FJ860053
L	8436	750	*	*	*	*	*	HQ589217	*
H	8436	100	90.0	+	0	0	38I17M3I68MI15M608I	AY072026	HQ589217
L	3701	667	*	*	*	*	*	AF377069	*
H	3701	100	100.0	+	0	0	37I100M530I	AF377069	AF377069
L	3718	628	*	*	*	*	*	AF377245	*
H	3718	100	100.0	+	0	0	23I100M505I	AF377245	AF377245
L	26667	650	*	*	*	*	*	HQ650743	*
H	26667	100	97.0	+	0	0	27I25MI27M2D46M524I	AF377245	HQ650743
L	23301	964	*	*	*	*	*	FJ845445	*
H	23301	100	91.0	+	0	0	109I25MI75M754I	AF377245	FJ845445
L	3011	698	*	*	*	*	*	EU819448	*
H	3011	100	93.0	+	0	0	49I25M2I75M547I	AF377245	EU819448
L	12224	700	*	*	*	*	*	AY462033	*
H	12224	100	93.0	+	0	0	43I25MI24MI51M555I	AF377245	AY462033
L	3725	595	*	*	*	*	*	AF377282	*
H	3725	100	100.0	+	0	0	4I100M491I	AF377282	AF377282
L	21912	1134	*	*	*	*	*	EU715665	*
H	21912	100	91.0	+	0	0	4D96M1038I	AF377282	EU715665
L	23253	600	*	*	*	*	*	FJ825373	*
H	23253	100	92.0	+	0	0	24I40MI60M475I	AF377282	FJ825373
H	18879	100	92.0	+	0	0	11I84M3I16M492I	AF377282	GU171385
L	18528	591	*	*	*	*	*	AY681474	*
H	18528	100	90.0	+	0	0	34I87MI13M456I	AF377282	AY681474
L	3726	907	*	*	*	*	*	AF377283	*
H	3726	100	100.0	+	0	0	404I100M403I	AF377283	AF377283
L	15400	2762	*	*	*	*	*	AF053731	*
H	15400	100	100.0	+	0	0	2596I55MI45M65I	AF377283	AF053731
L	8256	978	*	*	*	*	*	HQ441570	*
H	8256	100	93.0	+	0	0	426I100M452I	AF377283	HQ441570
L	3736	533	*	*	*	*	*	EU853469	*
H	3736	100	100.0	+	0	0	11I100M422I	EU853469	EU853469
L	6098	595	*	*	*	*	*	GU214644	*
H	6098	100	91.0	+	0	0	105I100M390I	EU853469	GU214644
L	15976	647	*	*	*	*	*	EU882130	*
H	15976	100	91.0	+	0	0	127I100M420I	EU853469	EU882130
L	16127	539	*	*	*	*	*	EU851920	*
H	16127	100	90.0	+	0	0	11I100M428I	EU853469	EU851920
L	15774	508	*	*	*	*	*	AF222840	*
H	15774	100	91.0	+	0	0	11I100M397I	EU853469	AF222840
L	3777	752	*	*	*	*	*	FJ441032	*
H	3777	100	100.0	+	0	0	36I100M616I	FJ441032	FJ441032
L	14359	756	*	*	*	*	*	AB015686	*
H	14359	100	95.0	+	0	0	35I33MI67M620I	FJ441032	AB015686
L	3787	603	*	*	*	*	*	FJ441045	*
H	3787	100	100.0	+	0	0	35I100M468I	FJ441045	FJ441045
L	28872	557	*	*	*	*	*	JF907762	*
H	28872	100	90.0	+	0	0	66MD11MD21M459I	FJ441045	JF907762
L	27447	570	*	*	*	*	*	JF907758	*
H	27447	100	90.0	+	0	0	34I66MD11MD21M438I	FJ441045	JF907758
L	3792	638	*	*	*	*	*	EU707863	*
H	3792	100	100.0	+	0	0	122I100M416I	EU707863	EU707863
L	448	1684	*	*	*	*	*	DQ885898	*
H	448	100	97.0	+	0	0	15I100M1569I	EU707863	DQ885898
L	6101	500	*	*	*	*	*	EF011652	*
H	6101	100	93.0	+	0	0	11I61MD38M390I	EU707863	EF011652
L	21880	703	*	*	*	*	*	EU707871	*
H	21880	100	97.0	+	0	0	122I100M481I	EU707863	EU707871
L	1882	504	*	*	*	*	*	EU300990	*
H	1882	100	94.0	+	0	0	11I62MD37M394I	EU707863	EU300990
L	3797	562	*	*	*	*	*	FJ441016	*
H	3797	100	100.0	+	0	0	15I100M447I	FJ441016	FJ441016
L	10263	417	*	*	*	*	*	AY513967	*
H	10263	100	95.0	+	0	0	27I42MI58M289I	FJ441016	AY513967
L	20571	563	*	*	*	*	*	FJ515769	*
H	20571	100	93.0	+	0	0	4D5MD32MI58M467I	FJ441016	FJ515769
L	11478	576	*	*	*	*	*	JN943311	*
H	11478	100	91.0	+	0	0	13I42M3I58M460I	FJ441016	JN943311
L	7900	1441	*	*	*	*	*	AB360370	*
H	7900	100	91.0	+	0	0	312I100M1029I	FJ441016	AB360370
L	3832	600	*	*	*	*	*	FJ501278	*
H	3832	100	100.0	+	0	0	35I100M465I	FJ501278	FJ501278
L	3833	669	*	*	*	*	*	FJ501284	*
H	3833	100	100.0	+	0	0	100M569I	FJ501284	FJ501284
L	11376	806	*	*	*	*	*	JN887638	*
H	11376	100	96.0	+	0	0	119I100M587I	FJ501284	JN887638
L	21221	621	*	*	*	*	*	FJ501280	*
H	21221	100	94.0	+	0	0	27M2I73M519I	FJ501284	FJ501280
L	5643	669	*	*	*	*	*	GQ857637	*
H	5643	100	95.0	+	0	0	142I8MD52MD38M429I	FJ501284	GQ857637
L	11065	703	*	*	*	*	*	JF974128	*
H	11065	100	91.0	+	0	0	4I100M599I	FJ501284	JF974128
L	3849	542	*	*	*	*	*	AB073267	*
H	3849	100	100.0	+	0	0	100M442I	AB073267	AB073267
L	3848	600	*	*	*	*	*	FJ183433	*
H	3848	100	94.0	+	0	0	20I100M480I	AB073267	FJ183433
L	3850	701	*	*	*	*	*	FJ440209	*
H	3850	100	100.0	+	0	0	11I100M590I	FJ440209	FJ440209
L	27649	737	*	*	*	*	*	JF701748	*
H	27649	100	97.0	+	0	0	23I100M614I	FJ440209	JF701748
L	20488	712	*	*	*	*	*	FJ440211	*
H	20488	100	97.0	+	0	0	11I100M601I	FJ440209	FJ440211
L	27781	712	*	*	*	*	*	EF429208	*
H	27781	100	97.0	+	0	0	22I84MI16M589I	FJ440209	EF429208
L	22533	682	*	*	*	*	*	FJ236315	*
H	22533	100	97.0	+	0	0	11I84MI16M570I	FJ440209	FJ236315
L	23165	858	*	*	*	*	*	FN663148	*
H	23165	100	100.0	+	0	0	70I100M688I	EU625998	FN663148
L	3881	2297	*	*	*	*	*	EU625998	*
H	3881	100	100.0	+	0	0	596I100M1601I	EU625998	EU625998
L	3882	583	*	*	*	*	*	GQ865693	*
H	3882	100	100.0	+	0	0	11I100M472I	GQ865693	GQ865693
L	25239	583	*	*	*	*	*	GQ415342	*
H	25239	100	100.0	+	0	0	11I100M472I	GQ865693	GQ415342
L	11112	541	*	*	*	*	*	JN107736	*
H	11112	100	100.0	+	0	0	46I100M395I	GQ865693	JN107736
L	9998	978	*	*	*	*	*	JN198399	*
H	9998	100	99.0	+	0	0	410I100M468I	GQ865693	JN198399
L	25237	582	*	*	*	*	*	GQ870285	*
H	25237	100	99.0	+	0	0	11I100M471I	GQ865693	GQ870285
L	3886	631	*	*	*	*	*	FJ176722	*
H	3886	100	100.0	+	0	0	11I100M520I	FJ176722	FJ176722
L	3904	1403	*	*	*	*	*	FJ664871	*
H	3904	100	100.0	+	0	0	263I100M1040I	FJ664871	FJ664871
L	4889	2225	*	*	*	*	*	FJ664870	*
H	4889	100	97.0	+	0	0	286I100M1839I	FJ664871	FJ664870
L	4886	2602	*	*	*	*	*	FJ664859	*
H	4886	100	93.0	+	0	0	267I93M3I7M2232I	FJ664871	FJ664859
L	28067	1871	*	*	*	*	*	FJ664862	*
H	28067	100	91.0	+	0	0	253I92M3I8M1515I	FJ664871	FJ664862
L	23021	2552	*	*	*	*	*	FJ664877	*
H	23021	100	90.0	+	0	0	266I88M2D10M2188I	FJ664871	FJ664877
L	3911	475	*	*	*	*	*	FJ005116	*
H	3911	100	100.0	+	0	0	100M375I	FJ005116	FJ005116
L	14321	479	*	*	*	*	*	FJ005110	*
H	14321	100	91.0	+	0	0	51MI49M378I	FJ005116	FJ005110
L	26408	528	*	*	*	*	*	EF029230	*
H	26408	100	90.0	+	0	0	9I50MI50M418I	FJ005116	EF029230
L	3926	1150	*	*	*	*	*	EU860055	*
H	3926	100	100.0	+	0	0	8I100M1042I	EU860055	EU860055
L	12155	1147	*	*	*	*	*	GQ505465	*
H	12155	100	91.0	+	0	0	24I72M9I7M6I21M1008I	EU860055	GQ505465
L	2387	1101	*	*	*	*	*	EU715672	*
H	2387	100	91.0	+	0	0	14I72M9I7M6I21M972I	EU860055	EU715672
L	26938	575	*	*	*	*	*	HQ897813	*
H	26938	100	90.0	+	0	0	25I80M12I20M438I	EU860055	HQ897813
L	22234	1138	*	*	*	*	*	EU926221	*
H	22234	100	90.0	+	0	0	20I55MI27M12I18M1005I	EU860055	EU926221
L	3939	767	*	*	*	*	*	EU915293	*
H	3939	100	100.0	+	0	0	100M667I	EU915293	EU915293
L	3957	595	*	*	*	*	*	FJ438384	*
H	3957	93	100.0	+	0	0	145I93M357I	FJ438384	FJ438384
L	3985	628	*	*	*	*	*	EU935540	*
H	3985	100	100.0	+	0	0	100M528I	EU935540	EU935540
L	3995	643	*	*	*	*	*	EU935556	*
H	3995	100	100.0	+	0	0	36I100M507I	EU935556	EU935556
L	22264	784	*	*	*	*	*	EU935549	*
H	22264	100	96.0	+	0	0	22I38MD61M663I	EU935556	EU935549
L	3993	599	*	*	*	*	*	EU935553	*
H	3993	100	95.0	+	0	0	35I35MD64M465I	EU935556	EU935553
L	3976	428	*	*	*	*	*	EU935494	*
H	3976	100	93.0	+	0	0	13I36MD63M316I	EU935556	EU935494
L	22257	650	*	*	*	*	*	EU935532	*
H	22257	100	93.0	+	0	0	15I36MD63M536I	EU935556	EU935532
L	3997	883	*	*	*	*	*	EU935560	*
H	3997	100	100.0	+	0	0	22I100M761I	EU935560	EU935560
L	4005	573	*	*	*	*	*	EU935579	*
H	4005	100	100.0	+	0	0	36I100M437I	EU935579	EU935579
L	3984	709	*	*	*	*	*	EU935527	*
H	3984	100	98.0	+	0	0	22I100M587I	EU935579	EU935527
L	26829	841	*	*	*	*	*	HQ607384	*
H	26829	100	95.0	+	0	0	50I100M691I	EU935579	HQ607384
H	22264	100	97.0	+	0	0	22I100M662I	EU935579	EU935549
L	22256	837	*	*	*	*	*	EU935525	*
H	22256	100	97.0	+	0	0	22I100M715I	EU935579	EU935525
L	4029	643	*	*	*	*	*	EU810052	*
H	4029	100	100.0	+	0	0	8I100M535I	EU810052	EU810052
L	4030	652	*	*	*	*	*	EU810048	*
H	4030	100	96.0	+	0	0	8I58M5I42M539I	EU810052	EU810048
L	26209	704	*	*	*	*	*	HQ248215	*
H	26209	100	92.0	+	0	0	11I24MI27M20I49M572I	EU810052	HQ248215
L	238	657	*	*	*	*	*	FJ515889	*
H	238	100	93.0	+	0	0	12I24MI32M5I44M539I	EU810052	FJ515889
L	27281	702	*	*	*	*	*	JF701771	*
H	27281	100	93.0	+	0	0	28I24MI27M10I49M563I	EU810052	JF701771
L	20623	661	*	*	*	*	*	EF560674	*
H	20623	100	100.0	+	0	0	331I100M230I	FN687603	EF560674
L	13746	674	*	*	*	*	*	GU234088	*
H	13746	100	100.0	+	0	0	568I100M6I	FN687603	GU234088
L	20414	829	*	*	*	*	*	DQ093852	*
H	20414	100	100.0	+	0	0	530I100M199I	FN687603	DQ093852
L	4039	770	*	*	*	*	*	FN687603	*
H	4039	100	100.0	+	0	0	100M670I	FN687603	FN687603
L	6557	710	*	*	*	*	*	GU258278	*
H	6557	100	99.0	+	0	0	356I100M254I	FN687603	GU258278
L	4049	356	*	*	*	*	*	FJ537070	*
H	4049	100	100.0	+	0	0	100M256I	FJ537070	FJ537070
L	24741	670	*	*	*	*	*	GU222273	*
H	24741	100	100.0	+	0	0	47I100M523I	AY033098	GU222273
L	4050	632	*	*	*	*	*	AY033098	*
H	4050	100	100.0	+	0	0	100M532I	AY033098	AY033098
L	11921	1217	*	*	*	*	*	GQ159835	*
H	11921	100	96.0	+	0	0	D75M2D22M1120I	AY033098	GQ159835
L	24747	671	*	*	*	*	*	GU222303	*
H	24747	100	96.0	+	0	0	47I76M2D22M526I	AY033098	GU222303
L	12882	1291	*	*	*	*	*	EU660949	*
H	12882	100	97.0	+	0	0	41I100M1150I	AY033098	EU660949
L	4066	702	*	*	*	*	*	AY061687	*
H	4066	100	100.0	+	0	0	29I100M573I	AY061687	AY061687
L	4071	935	*	*	*	*	*	FJ845431	*
H	4071	100	100.0	+	0	0	108I100M727I	FJ845431	FJ845431
L	21898	709	*	*	*	*	*	JQ711997	*
H	21898	100	98.0	+	0	0	37I100M572I	FJ845431	JQ711997
L	17616	705	*	*	*	*	*	AY061698	*
H	17616	100	93.0	+	0	0	29I100M576I	FJ845431	AY061698
L	29132	1329	*	*	*	*	*	HQ604852	*
H	29132	100	94.0	+	0	0	38I85MD14M1192I	FJ845431	HQ604852
L	28748	914	*	*	*	*	*	UDB000322	*
H	28748	100	91.0	+	0	0	3D80MD16M818I	FJ845431	UDB000322
L	4075	711	*	*	*	*	*	AY621802	*
H	4075	100	100.0	+	0	0	52I100M559I	AY621802	AY621802
L	4076	701	*	*	*	*	*	AY061739	*
H	4076	100	100.0	+	0	0	11I100M590I	AY061739	AY061739
L	4081	622	*	*	*	*	*	FJ548834	*
H	4081	100	100.0	+	0	0	35I100M487I	FJ548834	FJ548834
L	20828	1156	*	*	*	*	*	EU021617	*
H	20828	100	92.0	+	0	0	8D92M1064I	FJ548834	EU021617
L	13375	611	*	*	*	*	*	U18353	*
H	13375	100	97.0	+	0	0	33I100M478I	FJ548834	U18353
L	11526	595	*	*	*	*	*	FJ629353	*
H	11526	100	90.0	+	0	0	11I34MD65M485I	FJ548834	FJ629353
L	21724	646	*	*	*	*	*	EU714394	*
H	21724	100	92.0	+	0	0	23I27MI73M522I	FJ548834	EU714394
L	7987	575	*	*	*	*	*	AY856840	*
H	7987	100	100.0	+	0	0	104I100M371I	AF400268	AY856840
L	4092	548	*	*	*	*	*	AF400268	*
H	4092	100	100.0	+	0	0	87I100M361I	AF400268	AF400268
L	11501	687	*	*	*	*	*	FR872735	*
H	11501	100	100.0	+	0	0	76I55M2I45M509I	AF400268	FR872735
H	2143	100	97.0	+	0	0	150I55M2I45M392I	AF400268	EU280089
L	22583	584	*	*	*	*	*	FJ860784	*
H	22583	100	93.0	+	0	0	101I27MD72M384I	AF400268	FJ860784
L	4110	548	*	*	*	*	*	FJ527874	*
H	4110	100	100.0	+	0	0	100M448I	FJ527874	FJ527874
L	13779	539	*	*	*	*	*	FJ440701	*
H	13779	100	95.0	+	0	0	6I13M3I67MI20M429I	FJ527874	FJ440701
L	22277	523	*	*	*	*	*	FJ884148	*
H	22277	100	93.0	+	0	0	13I13M3I79MD7M408I	FJ527874	FJ884148
L	18240	172	*	*	*	*	*	AY705863	*
H	18240	100	91.0	+	0	0	D11MD87M74I	FJ527874	AY705863
L	22696	536	*	*	*	*	*	FJ441631	*
H	22696	100	94.0	+	0	0	36I13M3I78MD8M398I	FJ527874	FJ441631
L	19498	2000	*	*	*	*	*	DQ389734	*
H	19498	100	99.0	+	0	0	292I100M1608I	AF347089	DQ389734
L	29069	766	*	*	*	*	*	UDB008249	*
H	29069	100	100.0	+	0	0	281I100M385I	AF347089	UDB008249
L	6963	335	*	*	*	*	*	AB509759	*
H	6963	100	100.0	+	0	0	7I100M228I	AF347089	AB509759
L	24794	741	*	*	*	*	*	GU233363	*
H	24794	100	99.0	+	0	0	361I100M280I	AF347089	GU233363
L	23452	2058	*	*	*	*	*	FJ904180	*
H	23452	100	98.0	+	0	0	362I100M1596I	AF347089	FJ904180
L	4134	680	*	*	*	*	*	DQ200924	*
H	4134	100	100.0	+	0	0	43I100M537I	DQ200924	DQ200924
L	4168	535	*	*	*	*	*	AM697824	*
H	4168	100	100.0	+	0	0	100M435I	AM697824	AM697824
L	17351	532	*	*	*	*	*	AM292855	*
H	17351	100	90.0	+	0	0	100M432I	AM697824	AM292855
L	17345	544	*	*	*	*	*	AM292807	*
H	17345	100	91.0	+	0	0	34M6I13MI53M437I	AM697824	AM292807
L	21808	559	*	*	*	*	*	EU681303	*
H	21808	100	91.0	+	0	0	4I30M8I18MI52M446I	AM697824	EU681303
L	21809	556	*	*	*	*	*	EU681302	*
H	21809	100	91.0	+	0	0	5I30M6I18MI52M444I	AM697824	EU681302
L	4172	531	*	*	*	*	*	AM697833	*
H	4172	100	100.0	+	0	0	100M431I	AM697833	AM697833
L	4180	532	*	*	*	*	*	AM697874	*
H	4180	100	100.0	+	0	0	100M432I	AM697874	AM697874
L	17348	535	*	*	*	*	*	AM292814	*
H	17348	100	98.0	+	0	0	52M2I48M433I	AM697874	AM292814
L	4243	386	*	*	*	*	*	FJ623613	*
H	4243	100	100.0	+	0	0	13I100M273I	FJ623613	FJ623613
L	4247	419	*	*	*	*	*	FJ623617	*
H	4247	100	100.0	+	0	0	13I100M306I	FJ623617	FJ623617
L	18464	369	*	*	*	*	*	AY640197	*
H	18464	100	95.0	+	0	0	13I81MI19M255I	FJ623617	AY640197
L	4261	480	*	*	*	*	*	FJ601815	*
H	4261	100	100.0	+	0	0	25I100M355I	FJ601815	FJ601815
L	23735	419	*	*	*	*	*	FN545853	*
H	23735	100	91.0	+	0	0	3D24M2I57M5I16M315I	FJ601815	FN545853
L	4281	579	*	*	*	*	*	FJ860794	*
H	4281	100	100.0	+	0	0	97I100M382I	FJ860794	FJ860794
L	20002	602	*	*	*	*	*	DQ888740	*
H	20002	100	100.0	+	0	0	91I100M411I	FJ860794	DQ888740
L	6686	529	*	*	*	*	*	AB539731	*
H	6686	100	99.0	+	0	0	102I36MD63M328I	FJ860794	AB539731
L	511	526	*	*	*	*	*	AB539734	*
H	511	100	99.0	+	0	0	98I100M328I	FJ860794	AB539734
L	7553	550	*	*	*	*	*	GU067744	*
H	7553	100	99.0	+	0	0	166I100M284I	FJ860794	GU067744
L	4334	877	*	*	*	*	*	FJ654654	*
H	4334	100	100.0	+	0	0	651I100M126I	FJ654654	FJ654654
L	13195	537	*	*	*	*	*	FJ228196	*
H	13195	100	100.0	+	0	0	26I100M411I	FJ654654	FJ228196
L	26109	516	*	*	*	*	*	HQ166314	*
H	26109	100	100.0	+	0	0	22I100M394I	FJ654654	HQ166314
L	7889	531	*	*	*	*	*	HQ166396	*
H	7889	100	99.0	+	0	0	37I100M394I	FJ654654	HQ166396
L	7893	488	*	*	*	*	*	HQ166413	*
H	7893	100	99.0	+	0	0	2I100M386I	FJ654654	HQ166413
L	4342	722	*	*	*	*	*	FJ167637	*
H	4342	100	100.0	+	0	0	100M622I	FJ167637	FJ167637
L	4343	613	*	*	*	*	*	FJ167642	*
H	4343	100	100.0	+	0	0	100M513I	FJ167642	FJ167642
L	4351	733	*	*	*	*	*	FJ379273	*
H	4351	100	100.0	+	0	0	17I100M616I	FJ379273	FJ379273
L	12995	728	*	*	*	*	*	U15973	*
H	12995	100	99.0	+	0	0	35I100M593I	FJ379273	U15973
L	4361	1162	*	*	*	*	*	FJ717499	*
H	4361	100	100.0	+	0	0	100M1062I	FJ717499	FJ717499
L	22086	1157	*	*	*	*	*	FJ717573	*
H	22086	100	99.0	+	0	0	11I34MD65M1047I	FJ717499	FJ717573
L	9295	604	*	*	*	*	*	HQ845123	*
H	9295	100	99.0	+	0	0	27I34MD65M478I	FJ717499	HQ845123
L	10446	523	*	*	*	*	*	JF907857	*
H	10446	100	98.0	+	0	0	4I34MD65M420I	FJ717499	JF907857
L	3962	566	*	*	*	*	*	EU266701	*
H	3962	100	99.0	+	0	0	6I34MD65M461I	FJ717499	EU266701
L	19637	1228	*	*	*	*	*	HQ604725	*
H	19637	100	100.0	+	0	0	34I100M1094I	FJ717575	HQ604725
L	19639	576	*	*	*	*	*	UDB002237	*
H	19639	100	100.0	+	0	0	I100M475I	FJ717575	UDB002237
L	4362	1176	*	*	*	*	*	FJ717575	*
H	4362	100	100.0	+	0	0	3I100M1073I	FJ717575	FJ717575
L	25771	605	*	*	*	*	*	JQ724023	*
H	25771	100	100.0	+	0	0	39I100M466I	FJ717575	JQ724023
L	14632	633	*	*	*	*	*	HM189747	*
H	14632	100	100.0	+	0	0	49I100M484I	FJ717575	HM189747
H	4379	100	100.0	+	0	0	37I100M446I	EF432284	EF432284
H	1353	100	99.0	+	0	0	35I100M489I	EF432284	GQ376103
H	24517	100	99.0	+	0	0	49I100M488I	EF432284	FN868458
H	23524	100	99.0	+	0	0	40I100M416I	EF432284	FJ903347
H	6604	100	91.0	+	0	0	8D92M494I	EF432284	AY751458
L	9684	609	*	*	*	*	*	AY015435	*
H	9684	100	100.0	+	0	0	11I100M498I	FJ210642	AY015435
L	4381	569	*	*	*	*	*	FJ210642	*
H	4381	100	100.0	+	0	0	44I100M425I	FJ210642	FJ210642
L	27403	593	*	*	*	*	*	JF817313	*
H	27403	100	96.0	+	0	0	11I25MD63MD10M484I	FJ210642	JF817313
H	16352	100	93.0	+	0	0	13I66MI34M500I	FJ210642	FJ914884
L	27966	607	*	*	*	*	*	EU009967	*
H	27966	100	90.0	+	0	0	34I24MD62M2D11M476I	FJ210642	EU009967
L	22055	621	*	*	*	*	*	AF145330	*
H	22055	100	100.0	+	0	0	11I100M510I	AF335932	AF145330
L	4389	234	*	*	*	*	*	AF335932	*
H	4389	100	100.0	+	0	0	11I100M123I	AF335932	AF335932
L	21173	564	*	*	*	*	*	EU266555	*
H	21173	100	96.0	+	0	0	2D16MD81M467I	AF335932	EU266555
L	3262	621	*	*	*	*	*	AF145320	*
H	3262	100	96.0	+	0	0	11I100M510I	AF335932	AF145320
L	6440	234	*	*	*	*	*	AY382330	*
H	6440	100	95.0	+	0	0	11I100M123I	AF335932	AY382330
L	4398	553	*	*	*	*	*	EU400150	*
H	4398	100	100.0	+	0	0	22I100M431I	EU400150	EU400150
L	3585	498	*	*	*	*	*	FJ196603	*
H	3585	100	100.0	+	0	0	38I100M360I	EU400150	FJ196603
L	3584	556	*	*	*	*	*	FJ196600	*
H	3584	100	100.0	+	0	0	37I100M419I	EU400150	FJ196600
L	587	556	*	*	*	*	*	GQ407099	*
H	587	100	99.0	+	0	0	11I100M445I	EU400150	GQ407099
L	353	219	*	*	*	*	*	AM397674	*
H	353	100	96.0	+	0	0	11I100M108I	EU400150	AM397674
L	4403	579	*	*	*	*	*	EU977545	*
H	4403	100	100.0	+	0	0	22I100M457I	EU977545	EU977545
L	9952	980	*	*	*	*	*	HQ735415	*
H	9952	100	95.0	+	0	0	412I100M468I	EU977545	HQ735415
L	28577	1028	*	*	*	*	*	U51955	*
H	28577	100	94.0	+	0	0	453I100M475I	EU977545	U51955
L	5602	581	*	*	*	*	*	GU062287	*
H	5602	100	94.0	+	0	0	33I100M448I	EU977545	GU062287
L	6594	600	*	*	*	*	*	EU977538	*
H	6594	100	96.0	+	0	0	25I21MI20M2I15MI44M471I	EU977545	EU977538
L	4431	715	*	*	*	*	*	FJ746942	*
H	4431	100	100.0	+	0	0	35I100M580I	FJ746942	FJ746942
L	4462	427	*	*	*	*	*	FJ211864	*
H	4462	100	100.0	+	0	0	100M327I	FJ211864	FJ211864
L	4463	644	*	*	*	*	*	FJ211865	*
H	4463	100	100.0	+	0	0	36I100M508I	FJ211865	FJ211865
L	13410	685	*	*	*	*	*	DQ102396	*
H	13410	100	97.0	+	0	0	35I100M550I	FJ211865	DQ102396
L	10210	687	*	*	*	*	*	JF519834	*
H	10210	100	97.0	+	0	0	51I100M536I	FJ211865	JF519834
L	10216	644	*	*	*	*	*	JF519843	*
H	10216	100	96.0	+	0	0	9I8MD91M536I	FJ211865	JF519843
L	10215	657	*	*	*	*	*	JF519842	*
H	10215	100	96.0	+	0	0	11I8MD91M547I	FJ211865	JF519842
L	4492	637	*	*	*	*	*	FJ769713	*
H	4492	100	100.0	+	0	0	100M537I	FJ769713	FJ769713
L	4509	635	*	*	*	*	*	FJ769739	*
H	4509	100	92.0	+	0	0	I100M534I	FJ769713	FJ769739
L	4493	637	*	*	*	*	*	FJ769714	*
H	4493	100	94.0	+	0	0	I21MI26MI53M534I	FJ769713	FJ769714
L	4490	634	*	*	*	*	*	FJ769709	*
H	4490	100	91.0	+	0	0	16MI15MI62MI7M531I	FJ769713	FJ769709
L	4527	678	*	*	*	*	*	FJ810128	*
H	4527	100	100.0	+	0	0	35I100M543I	FJ810128	FJ810128
L	16607	986	*	*	*	*	*	AF516557	*
H	16607	100	91.0	+	0	0	321I31M2I14MD54M564I	FJ810128	AF516557
L	9556	1001	*	*	*	*	*	AF516601	*
H	9556	100	91.0	+	0	0	321I33M2I19M3I48M575I	FJ810128	AF516601
L	9544	1017	*	*	*	*	*	AF516567	*
H	9544	100	91.0	+	0	0	321I29MI22M2I17MD31M594I	FJ810128	AF516567
L	18236	660	*	*	*	*	*	AY513570	*
H	18236	100	90.0	+	0	0	2D31MI18M6I49M555I	FJ810128	AY513570
L	4533	418	*	*	*	*	*	L08730	*
H	4533	73	100.0	+	0	0	73M345I	L08730	L08730
L	14251	696	*	*	*	*	*	FJ224378	*
H	14251	73	98.6	+	0	0	241I73M382I	L08730	FJ224378
L	20806	710	*	*	*	*	*	EU014047	*
H	20806	73	98.6	+	0	0	245I36MI37M391I	L08730	EU014047
L	7510	1249	*	*	*	*	*	GQ457303	*
H	7510	73	98.6	+	0	0	243I73M933I	L08730	GQ457303
L	26006	576	*	*	*	*	*	HQ012440	*
H	26006	73	98.6	+	0	0	151I36MI37M351I	L08730	HQ012440
L	4554	533	*	*	*	*	*	FJ210497	*
H	4554	100	100.0	+	0	0	46I100M387I	FJ210497	FJ210497
L	10667	546	*	*	*	*	*	FJ467349	*
H	10667	100	98.0	+	0	0	13I100M433I	FJ210497	FJ467349
L	17266	395	*	*	*	*	*	AM159636	*
H	17266	100	98.0	+	0	0	61I100M234I	FJ210497	AM159636
L	20555	592	*	*	*	*	*	GU183167	*
H	20555	100	98.0	+	0	0	32I100M460I	FJ210497	GU183167
L	9291	513	*	*	*	*	*	HQ821487	*
H	9291	100	98.0	+	0	0	329I100M84I	FJ210497	HQ821487
L	4556	555	*	*	*	*	*	FJ210523	*
H	4556	100	100.0	+	0	0	43I100M412I	FJ210523	FJ210523
L	10098	520	*	*	*	*	*	AJ390436	*
H	10098	100	90.0	+	0	0	9D91M429I	FJ210523	AJ390436
L	2694	544	*	*	*	*	*	FJ903321	*
H	2694	100	94.0	+	0	0	38I100M406I	FJ210523	FJ903321
L	8099	631	*	*	*	*	*	GU166482	*
H	8099	100	93.0	+	0	0	36I100M495I	FJ210523	GU166482
L	6660	623	*	*	*	*	*	GU292822	*
H	6660	100	93.0	+	0	0	11I100M512I	FJ210523	GU292822
L	4586	986	*	*	*	*	*	FJ861967	*
H	4586	100	100.0	+	0	0	481I100M405I	FJ861967	FJ861967
L	4585	983	*	*	*	*	*	FJ861965	*
H	4585	100	100.0	+	0	0	476I100M407I	FJ861967	FJ861965
L	6168	995	*	*	*	*	*	FJ861966	*
H	6168	100	100.0	+	0	0	482I100M413I	FJ861967	FJ861966
L	24994	1003	*	*	*	*	*	GU367902	*
H	24994	100	99.0	+	0	0	485I100M418I	FJ861967	GU367902
L	24995	789	*	*	*	*	*	GU367903	*
H	24995	100	98.0	+	0	0	270I100M419I	FJ861967	GU367903
L	5967	546	*	*	*	*	*	FJ861986	*
H	5967	100	100.0	+	0	0	36I100M410I	FJ861985	FJ861986
L	5962	762	*	*	*	*	*	GU138713	*
H	5962	100	100.0	+	0	0	252I100M410I	FJ861985	GU138713
L	4592	753	*	*	*	*	*	FJ861985	*
H	4592	100	100.0	+	0	0	244I100M409I	FJ861985	FJ861985
L	5162	828	*	*	*	*	*	AB511817	*
H	5162	100	99.0	+	0	0	225I100M503I	FJ861985	AB511817
L	4591	750	*	*	*	*	*	FJ861984	*
H	4591	100	97.0	+	0	0	241I25M2I15MI60M406I	FJ861985	FJ861984
L	4607	561	*	*	*	*	*	DQ018098	*
H	4607	100	100.0	+	0	0	12I100M449I	DQ018098	DQ018098
L	13211	561	*	*	*	*	*	DQ018099	*
H	13211	100	97.0	+	0	0	12I100M449I	DQ018098	DQ018099
L	4629	643	*	*	*	*	*	FJ824644	*
H	4629	100	100.0	+	0	0	11I100M532I	FJ824644	FJ824644
L	4630	604	*	*	*	*	*	FJ824647	*
H	4630	100	100.0	+	0	0	48I100M456I	FJ824647	FJ824647
L	21918	1153	*	*	*	*	*	EU715685	*
H	21918	100	91.0	+	0	0	14I9MI6MI7MI11MI13M2I9M2I18M2D25M1033I	FJ824647	EU715685
L	24549	637	*	*	*	*	*	AY865634	*
H	24549	100	92.0	+	0	0	36I9MI6MI7MI11MI13M2I9M2I24MI21M492I	FJ824647	AY865634
L	4648	558	*	*	*	*	*	FJ892749	*
H	4648	100	100.0	+	0	0	35I100M423I	FJ892749	FJ892749
L	4674	648	*	*	*	*	*	FJ403215	*
H	4674	100	100.0	+	0	0	13I100M535I	FJ403215	FJ403215
L	5624	690	*	*	*	*	*	FM872461	*
H	5624	100	95.0	+	0	0	41I8MI82MI10M547I	FJ403215	FM872461
L	29264	613	*	*	*	*	*	AJ415551	*
H	29264	100	92.0	+	0	0	13I8MI92M499I	FJ403215	AJ415551
L	4692	1758	*	*	*	*	*	U66439	*
H	4692	100	100.0	+	0	0	33I100M1625I	U66439	U66439
L	4693	2117	*	*	*	*	*	U66441	*
H	4693	100	100.0	+	0	0	30I100M1987I	U66441	U66441
L	4695	1661	*	*	*	*	*	EU118645	*
H	4695	100	100.0	+	0	0	100M1561I	EU118645	EU118645
L	15942	541	*	*	*	*	*	L43376	*
H	15942	100	98.0	+	0	0	234I100M207I	EU118645	L43376
L	15098	510	*	*	*	*	*	AB512334	*
H	15098	100	98.0	+	0	0	303I78MI22M106I	EU118645	AB512334
L	14195	696	*	*	*	*	*	DQ450005	*
H	14195	100	98.0	+	0	0	301I78MI22M294I	EU118645	DQ450005
L	14090	702	*	*	*	*	*	EU424302	*
H	14090	100	98.0	+	0	0	337I78MI22M264I	EU118645	EU424302
L	4701	2129	*	*	*	*	*	U66452	*
H	4701	100	100.0	+	0	0	23I100M2006I	U66452	U66452
L	4726	562	*	*	*	*	*	FJ380943	*
H	4726	100	100.0	+	0	0	4I100M458I	FJ380943	FJ380943
L	4735	507	*	*	*	*	*	FJ884115	*
H	4735	100	100.0	+	0	0	100M407I	FJ884115	FJ884115
L	9116	513	*	*	*	*	*	FJ884116	*
H	9116	100	94.0	+	0	0	I10M3I21MD38MI30M409I	FJ884115	FJ884116
L	22593	716	*	*	*	*	*	FN548146	*
H	22593	100	91.0	+	0	0	164I13MI18MD13MD23MI31M452I	FJ884115	FN548146
L	1982	610	*	*	*	*	*	EU833211	*
H	1982	100	91.0	+	0	0	62I13MI18MD13MD23MI31M448I	FJ884115	EU833211
L	11782	513	*	*	*	*	*	HE649391	*
H	11782	100	93.0	+	0	0	I10M3I21MD38MI30M409I	FJ884115	HE649391
L	4749	849	*	*	*	*	*	FJ871076	*
H	4749	100	100.0	+	0	0	330I100M419I	FJ871076	FJ871076
L	25188	788	*	*	*	*	*	GU827328	*
H	25188	100	99.0	+	0	0	259I88MI12M428I	FJ871076	GU827328
L	25180	823	*	*	*	*	*	FJ871068	*
H	25180	100	97.0	+	0	0	318I100M405I	FJ871076	FJ871068
L	25182	846	*	*	*	*	*	FJ871089	*
H	25182	100	97.0	+	0	0	328I100M418I	FJ871076	FJ871089
L	4756	744	*	*	*	*	*	FJ871085	*
H	4756	100	97.0	+	0	0	222I100M422I	FJ871076	FJ871085
L	4806	486	*	*	*	*	*	DQ480345	*
H	4806	100	100.0	+	0	0	100M386I	DQ480345	DQ480345
L	9286	626	*	*	*	*	*	JF439501	*
H	9286	100	98.0	+	0	0	55I100M471I	DQ480345	JF439501
L	10657	593	*	*	*	*	*	FJ177638	*
H	10657	100	98.0	+	0	0	19I57MD42M475I	DQ480345	FJ177638
L	26872	567	*	*	*	*	*	GU212865	*
H	26872	100	98.0	+	0	0	43I57MD42M425I	DQ480345	GU212865
L	463	580	*	*	*	*	*	GU066613	*
H	463	100	97.0	+	0	0	9I55MD44M472I	DQ480345	GU066613
L	4811	677	*	*	*	*	*	FJ596846	*
H	4811	100	100.0	+	0	0	100M577I	FJ596846	FJ596846
L	23623	765	*	*	*	*	*	EU326208	*
H	23623	100	100.0	+	0	0	39I100M626I	FJ596846	EU326208
L	27212	724	*	*	*	*	*	JF514524	*
H	27212	100	99.0	+	0	0	17I100M607I	FJ596846	JF514524
L	17249	374	*	*	*	*	*	AM110143	*
H	17249	100	98.0	+	0	0	15I100M259I	FJ596846	AM110143
L	22731	764	*	*	*	*	*	FJ478118	*
H	22731	100	98.0	+	0	0	39I100M625I	FJ596846	FJ478118
L	4819	252	*	*	*	*	*	AB092792	*
H	4819	100	100.0	+	0	0	100M152I	AB092792	AB092792
L	17666	317	*	*	*	*	*	AY129350	*
H	17666	100	96.0	+	0	0	30I100M187I	AB092792	AY129350
L	25436	252	*	*	*	*	*	AF548391	*
H	25436	100	93.0	+	0	0	100M152I	AB092792	AF548391
L	17668	316	*	*	*	*	*	AY129354	*
H	17668	100	93.0	+	0	0	30I100M186I	AB092792	AY129354
L	17669	314	*	*	*	*	*	AY129362	*
H	17669	100	92.0	+	0	0	30I100M184I	AB092792	AY129362
L	4851	622	*	*	*	*	*	FJ411097	*
H	4851	100	100.0	+	0	0	2I100M520I	FJ411097	FJ411097
L	8569	622	*	*	*	*	*	FJ411098	*
H	8569	100	100.0	+	0	0	2I100M520I	FJ411097	FJ411098
L	18388	643	*	*	*	*	*	EU021457	*
H	18388	100	97.0	+	0	0	12I74MD25M532I	FJ411097	EU021457
L	4276	621	*	*	*	*	*	FJ467362	*
H	4276	100	95.0	+	0	0	22I29MI71M498I	FJ411097	FJ467362
H	22751	100	96.0	+	0	0	35I29MI45MD25M522I	FJ411097	FJ481048
L	27203	640	*	*	*	*	*	UDB003316	*
H	27203	100	100.0	+	0	0	45I100M495I	AF272934	UDB003316
L	4863	558	*	*	*	*	*	AF272934	*
H	4863	100	100.0	+	0	0	100M458I	AF272934	AF272934
L	887	643	*	*	*	*	*	UDB003329	*
H	887	100	96.0	+	0	0	48I100M495I	AF272934	UDB003329
L	23965	594	*	*	*	*	*	HQ215811	*
H	23965	100	97.0	+	0	0	48I100M446I	AF272934	HQ215811
H	24738	100	92.0	+	0	0	48I100M445I	AF272934	HQ215824
L	4877	1982	*	*	*	*	*	FJ664842	*
H	4877	100	100.0	+	0	0	374I100M1508I	FJ664842	FJ664842
L	4885	1606	*	*	*	*	*	FJ664852	*
H	4885	100	91.0	+	0	0	49I100M1457I	FJ664842	FJ664852
L	23023	2615	*	*	*	*	*	FJ664883	*
H	23023	100	91.0	+	0	0	269I100M2246I	FJ664842	FJ664883
H	23021	100	92.0	+	0	0	266I100M2186I	FJ664842	FJ664877
H	4886	100	93.0	+	0	0	267I100M2235I	FJ664842	FJ664859
L	4906	720	*	*	*	*	*	FJ544860	*
H	4906	100	100.0	+	0	0	28I100M592I	FJ544860	FJ544860
L	24748	676	*	*	*	*	*	GU222304	*
H	24748	100	91.0	+	0	0	37I18MD81M540I	FJ544860	GU222304
L	4916	678	*	*	*	*	*	FJ770408	*
H	4916	100	100.0	+	0	0	11I100M567I	FJ770408	FJ770408
L	24366	703	*	*	*	*	*	EU273512	*
H	24366	100	96.0	+	0	0	36I100M567I	FJ770408	EU273512
L	24605	667	*	*	*	*	*	FJ770402	*
H	24605	100	96.0	+	0	0	11I100M556I	FJ770408	FJ770402
L	23151	666	*	*	*	*	*	FJ770394	*
H	23151	100	95.0	+	0	0	11I100M555I	FJ770408	FJ770394
L	2772	640	*	*	*	*	*	EU697244	*
H	2772	100	91.0	+	0	0	13I100M527I	FJ770408	EU697244
L	4927	610	*	*	*	*	*	FJ665274	*
H	4927	100	100.0	+	0	0	11I100M499I	FJ665274	FJ665274
L	24534	1659	*	*	*	*	*	AB488490	*
H	24534	100	99.0	+	0	0	140I100M1419I	FJ665274	AB488490
L	26578	625	*	*	*	*	*	AY213652	*
H	26578	100	97.0	+	0	0	11I100M514I	FJ665274	AY213652
L	17486	608	*	*	*	*	*	AB456581	*
H	17486	100	97.0	+	0	0	2I100M506I	FJ665274	AB456581
L	14184	623	*	*	*	*	*	AM176667	*
H	14184	100	97.0	+	0	0	9I100M514I	FJ665274	AM176667
L	4942	640	*	*	*	*	*	FJ431217	*
H	4942	100	100.0	+	0	0	26I100M514I	FJ431217	FJ431217
L	22637	645	*	*	*	*	*	FJ431224	*
H	22637	100	98.0	+	0	0	24I52MD47M522I	FJ431217	FJ431224
L	4955	639	*	*	*	*	*	FJ431275	*
H	4955	100	97.0	+	0	0	20I100M519I	FJ431217	FJ431275
L	22633	650	*	*	*	*	*	FJ431211	*
H	22633	100	97.0	+	0	0	21I100M529I	FJ431217	FJ431211
L	4950	641	*	*	*	*	*	FJ431268	*
H	4950	100	97.0	+	0	0	27I100M514I	FJ431217	FJ431268
H	4950	100	100.0	+	0	0	27I100M514I	FJ431268	FJ431268
L	22652	636	*	*	*	*	*	FJ431248	*
H	22652	100	99.0	+	0	0	20I100M516I	FJ431268	FJ431248
L	22646	651	*	*	*	*	*	FJ431239	*
H	22646	100	98.0	+	0	0	28I100M523I	FJ431268	FJ431239
H	22637	100	97.0	+	0	0	24I55MD44M522I	FJ431268	FJ431224
L	22394	615	*	*	*	*	*	FJ167669	*
H	22394	100	97.0	+	0	0	24I100M491I	FJ431268	FJ167669
L	4954	641	*	*	*	*	*	FJ431272	*
H	4954	100	100.0	+	0	0	22I100M519I	FJ431272	FJ431272
H	22637	100	99.0	+	0	0	24I100M521I	FJ431272	FJ431224
H	22652	100	97.0	+	0	0	20I55MI45M515I	FJ431272	FJ431248
H	4950	100	97.0	+	0	0	27I55MI45M513I	FJ431272	FJ431268
H	4942	100	98.0	+	0	0	26I52MI48M513I	FJ431272	FJ431217
L	4957	640	*	*	*	*	*	FJ431278	*
H	4957	100	100.0	+	0	0	20I100M520I	FJ431278	FJ431278
L	22643	620	*	*	*	*	*	FJ431236	*
H	22643	100	99.0	+	0	0	27I100M493I	FJ431278	FJ431236
L	22657	632	*	*	*	*	*	FJ431255	*
H	22657	100	99.0	+	0	0	24I22MI78M507I	FJ431278	FJ431255
L	22651	640	*	*	*	*	*	FJ431246	*
H	22651	100	98.0	+	0	0	25I22MD77M516I	FJ431278	FJ431246
L	4953	609	*	*	*	*	*	FJ431271	*
H	4953	100	98.0	+	0	0	24I100M485I	FJ431278	FJ431271
L	4958	613	*	*	*	*	*	FJ431279	*
H	4958	100	100.0	+	0	0	20I100M493I	FJ431279	FJ431279
L	4960	630	*	*	*	*	*	FJ431281	*
H	4960	100	98.0	+	0	0	24I82MI18M505I	FJ431279	FJ431281
L	4959	629	*	*	*	*	*	FJ431280	*
H	4959	100	97.0	+	0	0	23I64MD17MI18M506I	FJ431279	FJ431280
L	4945	620	*	*	*	*	*	FJ431232	*
H	4945	100	92.0	+	0	0	24I33M2I12M2I19MI18MI18M490I	FJ431279	FJ431232
H	22657	100	91.0	+	0	0	24I33M2I12M2I19MI18MI18M502I	FJ431279	FJ431255
H	4960	100	100.0	+	0	0	24I100M506I	FJ431281	FJ431281
H	4958	100	98.0	+	0	0	20I82MD17M494I	FJ431281	FJ431279
H	4959	100	98.0	+	0	0	23I64MD35M507I	FJ431281	FJ431280
L	22645	601	*	*	*	*	*	FJ431238	*
H	22645	100	91.0	+	0	0	25I35MD27M2D8MD26M480I	FJ431281	FJ431238
H	4945	100	93.0	+	0	0	24I33M2I12M2I19MI36M491I	FJ431281	FJ431232
L	5012	768	*	*	*	*	*	GQ166878	*
H	5012	100	100.0	+	0	0	41I100M627I	GQ166878	GQ166878
L	5019	658	*	*	*	*	*	GQ166912	*
H	5019	100	100.0	+	0	0	100M558I	GQ166912	GQ166912
L	10505	617	*	*	*	*	*	JF908193	*
H	10505	100	94.0	+	0	0	100M517I	GQ166912	JF908193
L	10512	617	*	*	*	*	*	JF908230	*
H	10512	100	94.0	+	0	0	5I40MI60M511I	GQ166912	JF908230
L	5031	578	*	*	*	*	*	AF466301	*
H	5031	100	100.0	+	0	0	100M478I	AF466301	AF466301
L	5067	795	*	*	*	*	*	FJ998390	*
H	5067	100	100.0	+	0	0	18I100M677I	FJ998390	FJ998390
L	26610	679	*	*	*	*	*	HQ647294	*
H	26610	100	99.0	+	0	0	50I100M529I	FJ998390	HQ647294
L	11932	700	*	*	*	*	*	AF391026	*
H	11932	100	98.0	+	0	0	4I100M596I	FJ998390	AF391026
L	17740	698	*	*	*	*	*	AY176481	*
H	17740	100	95.0	+	0	0	4I100M594I	FJ998390	AY176481
L	24057	674	*	*	*	*	*	GQ203819	*
H	24057	100	92.0	+	0	0	4I82M3D15M573I	FJ998390	GQ203819
L	5087	347	*	*	*	*	*	EU343806	*
H	5087	94	100.0	+	0	0	18I94M235I	EU343806	EU343806
L	5096	446	*	*	*	*	*	EU343865	*
H	5096	100	100.0	+	0	0	18I100M328I	EU343865	EU343865
L	5108	530	*	*	*	*	*	AY143556	*
H	5108	100	100.0	+	0	0	11I100M419I	AY143556	AY143556
L	17264	350	*	*	*	*	*	AM159634	*
H	17264	100	93.0	+	0	0	64I100M186I	AY143556	AM159634
L	3258	529	*	*	*	*	*	EU863541	*
H	3258	100	92.0	+	0	0	11I40MD59M419I	AY143556	EU863541
L	4438	195	*	*	*	*	*	AF335959	*
H	4438	100	90.0	+	0	0	11I40MD59M85I	AY143556	AF335959
L	2306	504	*	*	*	*	*	EU551190	*
H	2306	100	92.0	+	0	0	28I40MD59M377I	AY143556	EU551190
L	5112	800	*	*	*	*	*	EU569236	*
H	5112	100	100.0	+	0	0	100M700I	EU569236	EU569236
L	22741	838	*	*	*	*	*	FJ480444	*
H	22741	100	95.0	+	0	0	21I34M5I42M2I24M710I	EU569236	FJ480444
L	28772	902	*	*	*	*	*	UDB000486	*
H	28772	100	92.0	+	0	0	43I19M3I14M4I45M2I22M750I	EU569236	UDB000486
L	5116	607	*	*	*	*	*	EU569238	*
H	5116	100	100.0	+	0	0	100M507I	EU569238	EU569238
L	100	804	*	*	*	*	*	FJ596906	*
H	100	100	99.0	+	0	0	5I100M699I	EU569238	FJ596906
L	2274	784	*	*	*	*	*	EU526005	*
H	2274	100	91.0	+	0	0	58I100M626I	EU569238	EU526005
L	251	865	*	*	*	*	*	DQ822793	*
H	251	100	91.0	+	0	0	21I100M744I	EU569238	DQ822793
L	16235	1657	*	*	*	*	*	AF402140	*
H	16235	100	92.0	+	0	0	42I38M2D60M1517I	EU569238	AF402140
L	5137	647	*	*	*	*	*	AF491621	*
H	5137	100	100.0	+	0	0	37I100M510I	AF491621	AF491621
L	15578	359	*	*	*	*	*	AF133176	*
H	15578	100	95.0	+	0	0	99I37MD62M161I	AF491621	AF133176
L	5138	626	*	*	*	*	*	AF491622	*
H	5138	100	95.0	+	0	0	20I36MI19M7I45M498I	AF491621	AF491622
L	5140	649	*	*	*	*	*	AF491629	*
H	5140	100	100.0	+	0	0	37I100M512I	AF491629	AF491629
L	5205	717	*	*	*	*	*	AB512304	*
H	5205	100	100.0	+	0	0	218I100M399I	AB512304	AB512304
L	5223	584	*	*	*	*	*	FJ496671	*
H	5223	100	100.0	+	0	0	100M484I	FJ496671	FJ496671
L	5232	558	*	*	*	*	*	FJ177506	*
H	5232	100	100.0	+	0	0	25I100M433I	FJ177506	FJ177506
L	14334	1956	*	*	*	*	*	AF487273	*
H	14334	100	100.0	+	0	0	1771I100M85I	FJ177506	AF487273
L	5231	1203	*	*	*	*	*	FJ545309	*
H	5231	100	100.0	+	0	0	362I100M741I	FJ177506	FJ545309
L	22838	1111	*	*	*	*	*	EU307913	*
H	22838	100	100.0	+	0	0	300I100M711I	FJ177506	EU307913
L	11016	585	*	*	*	*	*	GU909512	*
H	11016	100	99.0	+	0	0	36I100M449I	FJ177506	GU909512
L	21074	2037	*	*	*	*	*	EU157728	*
H	21074	100	99.0	+	0	0	1756I100M181I	FJ572246	EU157728
L	5257	656	*	*	*	*	*	FJ572248	*
H	5257	100	100.0	+	0	0	11I100M545I	FJ572246	FJ572248
L	5259	653	*	*	*	*	*	FJ572246	*
H	5259	100	100.0	+	0	0	13I100M540I	FJ572246	FJ572246
L	14509	336	*	*	*	*	*	FN391588	*
H	14509	100	99.0	+	0	0	15I100M221I	FJ572246	FN391588
L	11446	309	*	*	*	*	*	U04087	*
H	11446	100	98.0	+	0	0	30I100M179I	FJ572246	U04087
L	5274	1262	*	*	*	*	*	AB454302	*
H	5274	100	100.0	+	0	0	100M1162I	AB454302	AB454302
L	5290	532	*	*	*	*	*	GQ280314	*
H	5290	100	100.0	+	0	0	14I100M418I	GQ280314	GQ280314
L	5291	543	*	*	*	*	*	FJ662401	*
H	5291	100	94.0	+	0	0	15I37M2D61M430I	GQ280314	FJ662401
L	4192	530	*	*	*	*	*	GQ280300	*
H	4192	100	92.0	+	0	0	I37M2D61M431I	GQ280314	GQ280300
L	10339	218	*	*	*	*	*	AY139781	*
H	10339	100	94.0	+	0	0	11I37M2D61M109I	GQ280314	AY139781
L	11332	505	*	*	*	*	*	JN942649	*
H	11332	100	94.0	-	0	0	38I37M2D61M369I	GQ280314	JN942649
L	5298	553	*	*	*	*	*	GQ355335	*
H	5298	100	100.0	+	0	0	39I100M414I	GQ355335	GQ355335
L	1023	505	*	*	*	*	*	AB277789	*
H	1023	100	90.0	+	0	0	8I25MD9M2D63M400I	GQ355335	AB277789
H	16127	100	90.0	+	0	0	11I25MD9M2D63M431I	GQ355335	EU851920
H	15774	100	90.0	+	0	0	11I25MD9M2D63M400I	GQ355335	AF222840
L	20148	541	*	*	*	*	*	EU851936	*
H	20148	100	91.0	+	0	0	12I25MD9M2D63M432I	GQ355335	EU851936
L	5304	744	*	*	*	*	*	GQ253457	*
H	5304	100	100.0	+	0	0	21I100M623I	GQ253457	GQ253457
L	18268	761	*	*	*	*	*	EU477479	*
H	18268	100	99.0	+	0	0	13I15MI85M647I	GQ253457	EU477479
L	5306	751	*	*	*	*	*	GQ253459	*
H	5306	100	98.0	+	0	0	22I15MI85M628I	GQ253457	GQ253459
L	9106	786	*	*	*	*	*	FJ613649	*
H	9106	100	98.0	+	0	0	11I15MI41M11I44M663I	GQ253457	FJ613649
L	18267	740	*	*	*	*	*	GU136204	*
H	18267	100	91.0	+	0	0	8D7MI85M647I	GQ253457	GU136204
L	5326	828	*	*	*	*	*	FJ379833	*
H	5326	100	100.0	+	0	0	100M728I	FJ379833	FJ379833
L	5810	535	*	*	*	*	*	GU248334	*
H	5810	100	96.0	+	0	0	43I100M392I	FJ379833	GU248334
L	26794	549	*	*	*	*	*	HQ731649	*
H	26794	100	92.0	+	0	0	16I33MI25MI42M431I	FJ379833	HQ731649
L	7304	825	*	*	*	*	*	FJ379832	*
H	7304	100	91.0	+	0	0	21M4D23MI52M728I	FJ379833	FJ379832
L	5329	578	*	*	*	*	*	FJ807683	*
H	5329	100	100.0	+	0	0	100M478I	FJ807683	FJ807683
H	8801	100	94.0	+	0	0	13I25MI30M4I13MD8MI23M472I	FJ807683	FJ515188
L	120	2792	*	*	*	*	*	AB263122	*
H	120	100	94.0	+	0	0	1723I25MI27MI7MI9MD16MD14M968I	FJ807683	AB263122
L	14557	600	*	*	*	*	*	AF444578	*
H	14557	100	90.0	+	0	0	19I25MI30M4I13MD15M2I16M475I	FJ807683	AF444578
L	400	1166	*	*	*	*	*	AB025999	*
H	400	100	94.0	+	0	0	6I25MI27MI7MI17MD23M1058I	FJ807683	AB025999
L	5331	877	*	*	*	*	*	GQ304960	*
H	5331	100	100.0	+	0	0	100M777I	GQ304960	GQ304960
L	5335	772	*	*	*	*	*	AB439546	*
H	5335	100	100.0	+	0	0	21I100M651I	AB439546	AB439546
L	5334	744	*	*	*	*	*	AB439544	*
H	5334	100	92.0	+	0	0	10I50M2D23MD24M637I	AB439546	AB439544
L	5425	513	*	*	*	*	*	GQ303272	*
H	5425	100	100.0	+	0	0	8I100M405I	GQ303272	GQ303272
L	5426	768	*	*	*	*	*	GQ303274	*
H	5426	100	100.0	+	0	0	122I100M546I	GQ303274	GQ303274
L	1163	617	*	*	*	*	*	AB190380	*
H	1163	100	98.0	+	0	0	19I75MD24M499I	GQ303274	AB190380
L	8878	627	*	*	*	*	*	AB190379	*
H	8878	100	96.0	+	0	0	19I33MI67M507I	GQ303274	AB190379
L	7606	1604	*	*	*	*	*	EU035416	*
H	7606	100	90.0	+	0	0	127I31MD43MD24M1379I	GQ303274	EU035416
L	5429	622	*	*	*	*	*	GQ303294	*
H	5429	100	100.0	+	0	0	100M522I	GQ303294	GQ303294
L	24169	780	*	*	*	*	*	GQ303275	*
H	24169	100	96.0	+	0	0	183I100M497I	GQ303294	GQ303275
L	28329	632	*	*	*	*	*	JN943502	*
H	28329	100	95.0	+	0	0	32I48MI52M499I	GQ303294	JN943502
L	28328	868	*	*	*	*	*	JN943499	*
H	28328	100	95.0	+	0	0	381I100M387I	GQ303294	JN943499
L	28327	601	*	*	*	*	*	JN943497	*
H	28327	100	94.0	+	0	0	26I48MI52M474I	GQ303294	JN943497
H	1974	100	100.0	+	0	0	36I100M519I	FN548165	AY884183
H	18818	100	100.0	+	0	0	37I100M539I	FN548165	AY884184
H	5432	100	100.0	+	0	0	122I100M470I	FN548165	FN548165
H	1975	100	98.0	+	0	0	37I81MD18M520I	FN548165	AM906059
H	18817	100	98.0	+	0	0	14I81MD18M536I	FN548165	AY884181
L	5454	459	*	*	*	*	*	AY549477	*
H	5454	100	100.0	+	0	0	100M359I	AY549477	AY549477
L	5452	511	*	*	*	*	*	AY549469	*
H	5452	100	97.0	+	0	0	14I100M397I	AY549477	AY549469
L	5449	383	*	*	*	*	*	GQ479554	*
H	5449	100	96.0	+	0	0	100M283I	AY549477	GQ479554
L	5448	375	*	*	*	*	*	GQ479544	*
H	5448	100	95.0	+	0	0	9I100M266I	AY549477	GQ479544
L	5447	490	*	*	*	*	*	DQ019399	*
H	5447	100	91.0	+	0	0	7D93M397I	AY549477	DQ019399
L	5467	1038	*	*	*	*	*	AF454570	*
H	5467	100	100.0	+	0	0	100M938I	AF454570	AF454570
L	28983	1432	*	*	*	*	*	AF454575	*
H	28983	100	97.0	+	0	0	28I34M2D33M3I31M1303I	AF454570	AF454575
L	5470	1037	*	*	*	*	*	AF454586	*
H	5470	100	97.0	+	0	0	50I34M2D32M3I32M886I	AF454570	AF454586
L	6284	300	*	*	*	*	*	GU373484	*
H	6284	100	96.0	+	0	0	13I34M2D64M189I	AF454570	GU373484
L	5482	531	*	*	*	*	*	GQ856366	*
H	5482	100	100.0	+	0	0	12I100M419I	GQ856366	GQ856366
L	6763	516	*	*	*	*	*	FJ157216	*
H	6763	100	99.0	+	0	0	12I100M404I	GQ856366	FJ157216
L	23999	493	*	*	*	*	*	FJ449900	*
H	23999	100	99.0	+	0	0	18I100M375I	GQ856366	FJ449900
L	13422	505	*	*	*	*	*	FJ824032	*
H	13422	100	99.0	+	0	0	13I100M392I	GQ856366	FJ824032
L	22358	655	*	*	*	*	*	FJ156282	*
H	22358	100	99.0	+	0	0	164I100M391I	GQ856366	FJ156282
L	5518	512	*	*	*	*	*	GQ981519	*
H	5518	100	100.0	+	0	0	39I100M373I	GQ981519	GQ981519
L	10599	623	*	*	*	*	*	JF908768	*
H	10599	100	96.0	+	0	0	21I28M2D70M504I	GQ981519	JF908768
L	6327	603	*	*	*	*	*	GU391570	*
H	6327	100	91.0	+	0	0	6D22M2D11M12I59M499I	GQ981519	GU391570
L	6323	595	*	*	*	*	*	GU391566	*
H	6323	100	90.0	+	0	0	6D22M2D38M2I32M501I	GQ981519	GU391566
L	6325	601	*	*	*	*	*	GU391568	*
H	6325	100	92.0	+	0	0	6D15M3I7M2D64MI6M505I	GQ981519	GU391568
L	5531	529	*	*	*	*	*	AB524804	*
H	5531	100	100.0	+	0	0	5I100M424I	AB524804	AB524804
L	5533	531	*	*	*	*	*	AB524815	*
H	5533	100	90.0	+	0	0	5I34MD32MI33M426I	AB524804	AB524815
H	5533	100	100.0	+	0	0	5I100M426I	AB524815	AB524815
L	15123	533	*	*	*	*	*	AB524796	*
H	15123	100	95.0	+	0	0	5I58MD41M429I	AB524815	AB524796
L	15128	530	*	*	*	*	*	AB524813	*
H	15128	100	96.0	+	0	0	5I100M425I	AB524815	AB524813
L	15121	535	*	*	*	*	*	AB524794	*
H	15121	100	93.0	+	0	0	5I100M430I	AB524815	AB524794
L	15122	536	*	*	*	*	*	AB524795	*
H	15122	100	91.0	+	0	0	5I100M431I	AB524815	AB524795
L	5558	616	*	*	*	*	*	GQ893026	*
H	5558	100	100.0	+	0	0	100M516I	GQ893026	GQ893026
L	4938	1941	*	*	*	*	*	AM882996	*
H	4938	100	95.0	+	0	0	66I100M1775I	GQ893026	AM882996
L	9977	726	*	*	*	*	*	HQ728537	*
H	9977	100	94.0	+	0	0	57I38MI62M568I	GQ893026	HQ728537
L	5562	534	*	*	*	*	*	FJ590605	*
H	5562	100	100.0	+	0	0	100M434I	FJ590605	FJ590605
L	5564	2515	*	*	*	*	*	U63475	*
H	5564	100	100.0	+	0	0	1745I100M670I	U63475	U63475
L	5571	1969	*	*	*	*	*	Z14025	*
H	5571	100	100.0	+	0	0	1632I100M237I	Z14025	Z14025
L	22834	986	*	*	*	*	*	DQ534464	*
H	22834	100	96.0	+	0	0	275I40M2I33MI27M608I	Z14025	DQ534464
L	19003	776	*	*	*	*	*	EU266112	*
H	19003	100	95.0	+	0	0	219I40M2I20MI13MI27M453I	Z14025	EU266112
L	23926	987	*	*	*	*	*	DQ534461	*
H	23926	100	94.0	+	0	0	292I40M2I33MI27M592I	Z14025	DQ534461
L	21165	766	*	*	*	*	*	EU266092	*
H	21165	100	96.0	+	0	0	230I40M2I16MD43M435I	Z14025	EU266092
L	5574	683	*	*	*	*	*	GQ925392	*
H	5574	100	100.0	+	0	0	57I100M526I	GQ925392	GQ925392
L	24440	678	*	*	*	*	*	GQ925390	*
H	24440	100	96.0	+	0	0	49I26M2I74M527I	GQ925392	GQ925390
L	5521	630	*	*	*	*	*	GQ981527	*
H	5521	100	94.0	+	0	0	50I28MI21MI21MI7MI23M476I	GQ925392	GQ981527
L	24443	675	*	*	*	*	*	GQ925395	*
H	24443	100	91.0	+	0	0	50I73M3D24M528I	GQ925392	GQ925395
L	5584	565	*	*	*	*	*	GQ922537	*
H	5584	100	100.0	+	0	0	100M465I	GQ922537	GQ922537
L	1088	559	*	*	*	*	*	EF197080	*
H	1088	100	100.0	+	0	0	17I100M442I	GQ922537	EF197080
L	5592	538	*	*	*	*	*	GU062197	*
H	5592	100	100.0	+	0	0	47I100M391I	GU062197	GU062197
L	27065	703	*	*	*	*	*	JF340261	*
H	27065	100	98.0	+	0	0	214I100M389I	GU062197	JF340261
L	23428	600	*	*	*	*	*	FJ903314	*
H	23428	100	94.0	+	0	0	143I43MD9MD46M359I	GU062197	FJ903314
L	12676	552	*	*	*	*	*	GQ241290	*
H	12676	100	93.0	+	0	0	24I45M2I55M426I	GU062197	GQ241290
L	5594	539	*	*	*	*	*	FJ903294	*
H	5594	100	100.0	+	0	0	51I100M388I	FJ903294	FJ903294
L	24579	769	*	*	*	*	*	GU067735	*
H	24579	100	98.0	+	0	0	299I100M370I	FJ903294	GU067735
L	25227	602	*	*	*	*	*	GU934588	*
H	25227	100	93.0	+	0	0	50I100M452I	FJ903294	GU934588
H	4334	100	90.0	+	0	0	651I54MD9MD22M9I13M119I	FJ903294	FJ654654
L	7691	551	*	*	*	*	*	AB190385	*
H	7691	100	94.0	+	0	0	19I69MD20M15I10M418I	FJ903294	AB190385
H	5599	100	100.0	+	0	0	38I100M367I	GU062261	GU062261
H	15653	100	99.0	+	0	0	18I100M480I	GU062261	FJ205455
L	17322	614	*	*	*	*	*	AM292039	*
H	17322	100	98.0	+	0	0	37I38MI62M476I	GU062261	AM292039
H	17321	100	96.0	+	0	0	11I38MD61M475I	GU062261	EF026146
L	21911	1119	*	*	*	*	*	EU715652	*
H	21911	100	92.0	+	0	0	4D34MD61M1024I	GU062261	EU715652
L	5613	850	*	*	*	*	*	FJ719406	*
H	5613	100	100.0	+	0	0	11I100M739I	FJ719406	FJ719406
L	9344	860	*	*	*	*	*	FJ719402	*
H	9344	100	91.0	+	0	0	11I34MI20M9I46M739I	FJ719406	FJ719402
L	21331	855	*	*	*	*	*	FJ719390	*
H	21331	100	91.0	+	0	0	11I27M2I28M8I45M734I	FJ719406	FJ719390
L	14425	419	*	*	*	*	*	AB054042	*
H	14425	100	91.0	+	0	0	22I27M2I28M8I45M287I	FJ719406	AB054042
L	24084	859	*	*	*	*	*	FJ719387	*
H	24084	100	91.0	+	0	0	11I29M2I22M7I49M739I	FJ719406	FJ719387
L	5614	591	*	*	*	*	*	AY684178	*
H	5614	100	100.0	+	0	0	100M491I	AY684178	AY684178
H	26210	100	100.0	+	0	0	23I100M520I	AY684178	EU661879
H	900	100	92.0	+	0	0	61I100M374I	AY684178	EF155499
H	901	100	92.0	+	0	0	62I100M435I	AY684178	GU062198
L	27435	596	*	*	*	*	*	JF894106	*
H	27435	100	94.0	+	0	0	4I19MD80M493I	AY684178	JF894106
H	5624	100	100.0	+	0	0	41I100M549I	FM872461	FM872461
H	29264	100	90.0	+	0	0	13I100M500I	FM872461	AJ415551
H	4674	100	93.0	+	0	0	13I8MD82MD8M537I	FM872461	FJ403215
L	11380	499	*	*	*	*	*	GQ852794	*
H	11380	100	100.0	+	0	0	5I100M394I	GQ852796	GQ852794
L	1011	1077	*	*	*	*	*	AF309623	*
H	1011	100	100.0	+	0	0	11I100M966I	GQ852796	AF309623
L	5648	637	*	*	*	*	*	GQ852796	*
H	5648	100	100.0	+	0	0	121I100M416I	GQ852796	GQ852796
H	6101	100	91.0	+	0	0	11I100M389I	GQ852796	EF011652
L	4	503	*	*	*	*	*	DQ530222	*
H	4	100	90.0	+	0	0	11I100M392I	GQ852796	DQ530222
L	5693	1841	*	*	*	*	*	AM882827	*
H	5693	100	100.0	+	0	0	29I100M1712I	AM882827	AM882827
L	6382	584	*	*	*	*	*	HQ586857	*
H	6382	100	100.0	+	0	0	39I25MI75M444I	AM882827	HQ586857
L	26431	655	*	*	*	*	*	HQ586873	*
H	26431	100	98.0	+	0	0	41I25MI41M3I34M510I	AM882827	HQ586873
L	27198	697	*	*	*	*	*	JF908109	*
H	27198	100	97.0	+	0	0	37I25M2I25M15I41MI9M542I	AM882827	JF908109
L	2250	584	*	*	*	*	*	EU523585	*
H	2250	100	92.0	+	0	0	4D21MI26M12I49M475I	AM882827	EU523585
L	5703	1040	*	*	*	*	*	AM882906	*
H	5703	100	100.0	+	0	0	11I100M929I	AM882906	AM882906
L	8388	1384	*	*	*	*	*	HQ604265	*
H	8388	100	90.0	+	0	0	38I8MI15MI28M14I31M3I18M1227I	AM882906	HQ604265
L	5740	584	*	*	*	*	*	FJ860730	*
H	5740	100	100.0	+	0	0	100M484I	FJ860730	FJ860730
L	12653	557	*	*	*	*	*	AY737776	*
H	12653	100	98.0	+	0	0	19I100M438I	FJ860730	AY737776
L	3198	592	*	*	*	*	*	AF359410	*
H	3198	100	98.0	+	0	0	6I100M486I	FJ860730	AF359410
L	5753	597	*	*	*	*	*	FJ860859	*
H	5753	100	98.0	+	0	0	100M497I	FJ860730	FJ860859
L	12682	588	*	*	*	*	*	FJ442607	*
H	12682	100	97.0	+	0	0	23I25MD74M466I	FJ860730	FJ442607
L	5741	594	*	*	*	*	*	FJ860738	*
H	5741	100	100.0	+	0	0	100M494I	FJ860738	FJ860738
L	5749	584	*	*	*	*	*	FJ860849	*
H	5749	100	100.0	+	0	0	100M484I	FJ860849	FJ860849
L	4091	592	*	*	*	*	*	AY865631	*
H	4091	100	90.0	+	0	0	10D90M502I	FJ860849	AY865631
L	1290	550	*	*	*	*	*	AF275336	*
H	1290	100	100.0	+	0	0	25I22MI21MI57M423I	FJ860849	AF275336
H	1130	100	99.0	+	0	0	50I29MI33MD37M522I	FJ860849	EF558546
H	21921	100	99.0	+	0	0	12I29MI33MD37M649I	FJ860849	EU716330
L	5750	611	*	*	*	*	*	FJ860851	*
H	5750	100	100.0	+	0	0	100M511I	FJ860851	FJ860851
L	5768	728	*	*	*	*	*	FJ827732	*
H	5768	100	100.0	+	0	0	39I100M589I	FJ827732	FJ827732
L	5770	752	*	*	*	*	*	FJ827736	*
H	5770	100	100.0	+	0	0	19I100M633I	FJ827736	FJ827736
H	9234	100	99.0	+	0	0	12I100M478I	FJ009555	HQ655813
H	27329	100	99.0	+	0	0	11I100M463I	FJ009555	FJ205465
H	3667	100	99.0	+	0	0	26I100M418I	FJ009555	EU888927
L	5772	570	*	*	*	*	*	FJ009555	*
H	5772	100	100.0	+	0	0	38I100M432I	FJ009555	FJ009555
L	25258	564	*	*	*	*	*	GU973704	*
H	25258	100	99.0	+	0	0	15I100M449I	FJ009555	GU973704
L	5778	691	*	*	*	*	*	GU136220	*
H	5778	100	100.0	+	0	0	100M591I	GU136220	GU136220
H	18268	100	96.0	+	0	0	21I10M10I30MD59M631I	GU136220	EU477479
H	18267	100	96.0	+	0	0	10M10I30MD59M631I	GU136220	GU136204
L	12465	742	*	*	*	*	*	AY340027	*
H	12465	100	96.0	+	0	0	10M10I30MD59M633I	GU136220	AY340027
H	9106	100	97.0	+	0	0	19I10M10I28M10I62M647I	GU136220	FJ613649
L	5788	439	*	*	*	*	*	FJ809885	*
H	5788	75	100.0	+	0	0	75M364I	FJ809885	FJ809885
L	7341	565	*	*	*	*	*	FN433159	*
H	7341	75	100.0	+	0	0	119I75M371I	FJ809885	FN433159
L	14245	191	*	*	*	*	*	DQ478664	*
H	14245	75	96.0	+	0	0	94I75M22I	FJ809885	DQ478664
L	25285	246	*	*	*	*	*	DQ478662	*
H	25285	75	96.0	+	0	0	146I75M25I	FJ809885	DQ478662
L	21745	651	*	*	*	*	*	DQ329375	*
H	21745	75	96.0	+	0	0	197I75M379I	FJ809885	DQ329375
L	5828	757	*	*	*	*	*	FM213343	*
H	5828	100	100.0	+	0	0	100M657I	FM213343	FM213343
L	3164	744	*	*	*	*	*	EU784411	*
H	3164	100	99.0	+	0	0	87I100M557I	FM213343	EU784411
L	21938	738	*	*	*	*	*	EU718115	*
H	21938	100	96.0	+	0	0	105I100M533I	FM213343	EU718115
L	24857	763	*	*	*	*	*	EU784416	*
H	24857	100	97.0	+	0	0	89I79MI21M573I	FM213343	EU784416
L	24662	789	*	*	*	*	*	FM213352	*
H	24662	100	97.0	+	0	0	35I79MI21M653I	FM213343	FM213352
L	5895	604	*	*	*	*	*	AJ408386	*
H	5895	100	100.0	+	0	0	100M504I	AJ408386	AJ408386
L	5897	790	*	*	*	*	*	AJ408394	*
H	5897	100	100.0	+	0	0	100M690I	AJ408394	AJ408394
L	5915	580	*	*	*	*	*	GU234098	*
H	5915	100	100.0	+	0	0	21I100M459I	GU234098	GU234098
L	23976	707	*	*	*	*	*	AJ534898	*
H	23976	100	99.0	+	0	0	49I74MD25M559I	GU234098	AJ534898
L	7733	709	*	*	*	*	*	GU234161	*
H	7733	100	99.0	+	0	0	39I74MD25M571I	GU234098	GU234161
L	14631	703	*	*	*	*	*	UDB001493	*
H	14631	100	98.0	+	0	0	31I74MD25M573I	GU234098	UDB001493
L	1923	630	*	*	*	*	*	FJ168598	*
H	1923	100	98.0	+	0	0	74MD25M531I	GU234098	FJ168598
L	18980	559	*	*	*	*	*	GQ922552	*
H	18980	100	100.0	+	0	0	47I100M412I	GU183117	GQ922552
L	5920	1044	*	*	*	*	*	GU183117	*
H	5920	100	100.0	+	0	0	100M944I	GU183117	GU183117
L	16306	569	*	*	*	*	*	AF443851	*
H	16306	100	94.0	+	0	0	58I100M411I	GU183117	AF443851
L	5954	862	*	*	*	*	*	GU222294	*
H	5954	100	100.0	+	0	0	354I100M408I	GU222294	GU222294
L	6012	720	*	*	*	*	*	GU229805	*
H	6012	100	100.0	+	0	0	240I100M380I	GU229807	GU229805
L	6013	524	*	*	*	*	*	GU229806	*
H	6013	100	100.0	+	0	0	57I100M367I	GU229807	GU229806
L	6014	667	*	*	*	*	*	GU229807	*
H	6014	100	100.0	+	0	0	207I100M360I	GU229807	GU229807
L	6011	738	*	*	*	*	*	GU229803	*
H	6011	100	100.0	+	0	0	260I100M378I	GU229807	GU229803
L	6010	725	*	*	*	*	*	GU229802	*
H	6010	100	100.0	+	0	0	241I100M384I	GU229807	GU229802
L	6016	494	*	*	*	*	*	GU229809	*
H	6016	100	100.0	+	0	0	100M394I	GU229809	GU229809
H	6011	100	98.0	+	0	0	277I100M361I	GU229809	GU229803
H	6014	100	98.0	+	0	0	224I100M343I	GU229809	GU229807
L	5316	682	*	*	*	*	*	AB516663	*
H	5316	100	98.0	+	0	0	30I100M552I	GU229809	AB516663
L	6006	485	*	*	*	*	*	GU229798	*
H	6006	100	98.0	+	0	0	42I100M343I	GU229809	GU229798
L	6020	667	*	*	*	*	*	GU229816	*
H	6020	100	100.0	+	0	0	138I100M429I	GU229816	GU229816
H	5316	100	97.0	+	0	0	13I100M569I	GU229816	AB516663
H	6006	100	97.0	+	0	0	25I100M360I	GU229816	GU229798
L	6007	523	*	*	*	*	*	GU229799	*
H	6007	100	97.0	+	0	0	7I100M416I	GU229816	GU229799
L	6008	714	*	*	*	*	*	GU229800	*
H	6008	100	96.0	+	0	0	247I100M367I	GU229816	GU229800
L	6026	560	*	*	*	*	*	GU246291	*
H	6026	100	100.0	+	0	0	100M460I	GU246296	GU246291
L	6027	560	*	*	*	*	*	GU246296	*
H	6027	100	100.0	+	0	0	100M460I	GU246296	GU246296
L	24851	567	*	*	*	*	*	GU246280	*
H	24851	100	100.0	+	0	0	100M467I	GU246296	GU246280
L	16998	390	*	*	*	*	*	GU246283	*
H	16998	100	100.0	+	0	0	100M290I	GU246296	GU246283
L	6028	543	*	*	*	*	*	GU246289	*
H	6028	100	100.0	+	0	0	100M443I	GU246296	GU246289
L	6030	672	*	*	*	*	*	GU220376	*
H	6030	100	100.0	+	0	0	31I100M541I	GU220376	GU220376
L	7091	636	*	*	*	*	*	UDB011165	*
H	7091	100	92.0	+	0	0	2I52M2I22M2I26M530I	GU220376	UDB011165
L	29138	916	*	*	*	*	*	UDB011325	*
H	29138	100	91.0	+	0	0	2I9MD42M2I22M2I26M811I	GU220376	UDB011325
L	7561	629	*	*	*	*	*	GU234031	*
H	7561	100	91.0	+	0	0	18I8MI92M510I	GU220376	GU234031
L	24076	671	*	*	*	*	*	AF418631	*
H	24076	100	93.0	+	0	0	11I8MI67MI11MD13M559I	GU220376	AF418631
L	6043	743	*	*	*	*	*	GU233355	*
H	6043	100	100.0	+	0	0	49I100M594I	GU233355	GU233355
L	22841	655	*	*	*	*	*	JF908137	*
H	22841	100	93.0	+	0	0	24I68MD31M532I	GU233355	JF908137
L	27501	625	*	*	*	*	*	JF908108	*
H	27501	100	91.0	+	0	0	16I33MI35MD17M5I14M504I	GU233355	JF908108
L	7594	766	*	*	*	*	*	GU234156	*
H	7594	100	92.0	+	0	0	39I51MI49M626I	GU233355	GU234156
L	8390	1321	*	*	*	*	*	HQ604310	*
H	8390	100	91.0	+	0	0	36I41MI13MI46M1183I	GU233355	HQ604310
H	6054	100	100.0	+	0	0	14I100M452I	FJ914798	FJ914798
L	10085	547	*	*	*	*	*	HQ725079	*
H	10085	100	96.0	+	0	0	I100M446I	FJ914798	HQ725079
L	23479	565	*	*	*	*	*	FJ914805	*
H	23479	100	97.0	+	0	0	14I100M451I	FJ914798	FJ914805
L	25301	759	*	*	*	*	*	AF115760	*
H	25301	100	95.0	+	0	0	233I48MI52M425I	FJ914798	AF115760
L	26785	547	*	*	*	*	*	HQ725088	*
H	26785	100	95.0	+	0	0	I100M446I	FJ914798	HQ725088
L	6076	499	*	*	*	*	*	EF394843	*
H	6076	100	100.0	+	0	0	5I100M394I	EF394843	EF394843
L	12309	485	*	*	*	*	*	AY725558	*
H	12309	100	91.0	+	0	0	8D22MD69M394I	EF394843	AY725558
L	20440	548	*	*	*	*	*	EU851934	*
H	20440	100	93.0	+	0	0	11I30MD27MI6MI36M436I	EF394843	EU851934
L	6083	644	*	*	*	*	*	GU136180	*
H	6083	100	100.0	+	0	0	4I100M540I	GU136180	GU136180
L	6258	738	*	*	*	*	*	GQ329064	*
H	6258	100	97.0	+	0	0	25I10MD89M614I	GU136180	GQ329064
L	6084	623	*	*	*	*	*	GU136182	*
H	6084	100	98.0	+	0	0	4I100M519I	GU136180	GU136182
L	11985	693	*	*	*	*	*	AY176415	*
H	11985	100	97.0	+	0	0	4I100M589I	GU136180	AY176415
L	8793	538	*	*	*	*	*	AY243621	*
H	8793	100	96.0	+	0	0	4I100M434I	GU136180	AY243621
L	6112	715	*	*	*	*	*	FJ914927	*
H	6112	100	100.0	+	0	0	13I100M602I	FJ914927	FJ914927
L	6123	498	*	*	*	*	*	AM993100	*
H	6123	100	100.0	+	0	0	100M398I	AM993100	AM993100
L	15644	511	*	*	*	*	*	AY909006	*
H	15644	100	90.0	+	0	0	5I19MD71MD8M408I	AM993100	AY909006
L	24927	569	*	*	*	*	*	EF423546	*
H	24927	100	95.0	+	0	0	8I92MD7M462I	AM993100	EF423546
L	25169	515	*	*	*	*	*	AY909009	*
H	25169	100	94.0	+	0	0	5I92MD7M411I	AM993100	AY909009
H	24928	100	91.0	+	0	0	30I19MD70MD9M456I	AM993100	GU300101
L	6164	566	*	*	*	*	*	DQ458904	*
H	6164	100	100.0	+	0	0	12I100M454I	DQ458904	DQ458904
L	6191	1064	*	*	*	*	*	AY188365	*
H	6191	100	100.0	+	0	0	100M964I	AY188365	AY188365
L	21175	568	*	*	*	*	*	EU266559	*
H	21175	100	93.0	+	0	0	78I37M3I63M387I	AY188365	EU266559
L	6207	589	*	*	*	*	*	GU246261	*
H	6207	100	100.0	+	0	0	138I100M351I	GU246261	GU246261
L	5095	401	*	*	*	*	*	EU343835	*
H	5095	100	92.0	+	0	0	5D95M306I	GU246261	EU343835
L	6244	566	*	*	*	*	*	AY212827	*
H	6244	100	100.0	+	0	0	32I100M434I	AY212827	AY212827
L	19231	676	*	*	*	*	*	DQ219305	*
H	19231	100	92.0	+	0	0	49I100M527I	AY212827	DQ219305
L	1302	692	*	*	*	*	*	DQ534479	*
H	1302	100	90.0	+	0	0	64I100M528I	AY212827	DQ534479
L	6252	736	*	*	*	*	*	GQ329053	*
H	6252	100	100.0	+	0	0	33I100M603I	GQ329053	GQ329053
L	11993	690	*	*	*	*	*	AY176434	*
H	11993	100	99.0	+	0	0	4I100M586I	GQ329053	AY176434
L	5997	691	*	*	*	*	*	AF482869	*
H	5997	100	93.0	+	0	0	4I23M2D75M589I	GQ329053	AF482869
L	3644	735	*	*	*	*	*	EU833653	*
H	3644	100	92.0	+	0	0	26I25MD22MD51M611I	GQ329053	EU833653
L	4449	784	*	*	*	*	*	FJ772413	*
H	4449	100	92.0	+	0	0	51I25MD22MD51M635I	GQ329053	FJ772413
L	15697	543	*	*	*	*	*	EF447409	*
H	15697	100	100.0	+	0	0	100M443I	EF447381	EF447409
L	6290	530	*	*	*	*	*	EF447381	*
H	6290	100	100.0	+	0	0	100M430I	EF447381	EF447381
L	4828	592	*	*	*	*	*	FJ903284	*
H	4828	100	95.0	+	0	0	60I100M432I	EF447381	FJ903284
L	18050	557	*	*	*	*	*	AY347333	*
H	18050	100	94.0	+	0	0	D99M458I	EF447381	AY347333
L	11138	539	*	*	*	*	*	AF191175	*
H	11138	100	98.0	+	0	0	90MD9M440I	EF447381	AF191175
L	21187	676	*	*	*	*	*	EU273525	*
H	21187	100	100.0	+	0	0	36I100M540I	FJ435147	EU273525
L	6296	400	*	*	*	*	*	FJ435147	*
H	6296	100	100.0	+	0	0	23I100M277I	FJ435147	FJ435147
H	13410	100	97.0	+	0	0	35I53M2I47M548I	FJ435147	DQ102396
H	10210	100	97.0	+	0	0	51I53M2I47M534I	FJ435147	JF519834
L	16737	661	*	*	*	*	*	AJ242899	*
H	16737	100	96.0	+	0	0	49I52M4I48M508I	FJ435147	AJ242899
L	6299	445	*	*	*	*	*	FJ515167	*
H	6299	100	100.0	+	0	0	12I100M333I	FJ515167	FJ515167
L	6307	571	*	*	*	*	*	EF202180	*
H	6307	100	100.0	+	0	0	100M471I	EF202180	EF202180
L	3332	775	*	*	*	*	*	FJ025178	*
H	3332	100	92.0	+	0	0	606I68M2D30M71I	EF202180	FJ025178
L	6316	597	*	*	*	*	*	GU391559	*
H	6316	100	100.0	+	0	0	100M497I	GU391559	GU391559
H	6327	100	92.0	+	0	0	18MD15M12I66M492I	GU391559	GU391570
L	6320	589	*	*	*	*	*	GU391563	*
H	6320	100	100.0	+	0	0	100M489I	GU391563	GU391563
L	6326	588	*	*	*	*	*	GU391569	*
H	6326	100	91.0	+	0	0	15MD40MI44M488I	GU391563	GU391569
H	6327	100	100.0	+	0	0	100M503I	GU391570	GU391570
L	6339	646	*	*	*	*	*	GQ390296	*
H	6339	100	100.0	+	0	0	100M546I	GQ390296	GQ390296
L	6336	654	*	*	*	*	*	GQ390284	*
H	6336	100	94.0	+	0	0	15I44MI56M538I	GQ390296	GQ390284
L	6335	649	*	*	*	*	*	GQ390283	*
H	6335	100	92.0	+	0	0	20I43MI57M528I	GQ390296	GQ390283
L	6338	676	*	*	*	*	*	GQ390295	*
H	6338	100	95.0	+	0	0	24I50M2I50M550I	GQ390296	GQ390295
L	11259	667	*	*	*	*	*	HQ446345	*
H	11259	100	92.0	+	0	0	50I100M517I	GQ390296	HQ446345
L	6396	916	*	*	*	*	*	GU590925	*
H	6396	100	100.0	+	0	0	28I100M788I	GU590925	GU590925
L	6397	473	*	*	*	*	*	GU590929	*
H	6397	100	93.0	+	0	0	39I47M3D50M337I	GU590925	GU590929
L	12056	523	*	*	*	*	*	AY456340	*
H	12056	100	91.0	+	0	0	15I13MD34MI19MD32M409I	GU590925	AY456340
L	6399	474	*	*	*	*	*	GU725443	*
H	6399	100	100.0	+	0	0	13I100M361I	GU725443	GU725443
L	6541	559	*	*	*	*	*	EU003533	*
H	6541	100	93.0	+	0	0	18I24MD32MI22MD11M2I9M440I	GU725443	EU003533
L	13753	561	*	*	*	*	*	DQ286148	*
H	13753	100	93.0	+	0	0	12I24MD64M16I11M434I	GU725443	DQ286148
L	2145	574	*	*	*	*	*	FJ441663	*
H	2145	100	90.0	+	0	0	37I24MD32M2I30M14I13M422I	GU725443	FJ441663
L	6402	533	*	*	*	*	*	AY581055	*
H	6402	100	100.0	+	0	0	100M433I	AY581055	AY581055
L	18468	519	*	*	*	*	*	AY642836	*
H	18468	100	96.0	+	0	0	D72MD26M421I	AY581055	AY642836
L	12525	530	*	*	*	*	*	AY581057	*
H	12525	100	96.0	+	0	0	76MD23M431I	AY581055	AY581057
L	12540	529	*	*	*	*	*	AY586557	*
H	12540	100	95.0	+	0	0	73MD26M430I	AY581055	AY586557
L	12521	520	*	*	*	*	*	AY642847	*
H	12521	100	95.0	+	0	0	D72MD26M422I	AY581055	AY642847
L	6404	563	*	*	*	*	*	GU593041	*
H	6404	100	100.0	+	0	0	24I100M439I	GU593041	GU593041
L	9799	831	*	*	*	*	*	JF923596	*
H	9799	100	98.0	+	0	0	212I100M519I	GU593041	JF923596
L	4751	728	*	*	*	*	*	FJ871073	*
H	4751	100	97.0	+	0	0	221I100M407I	GU593041	FJ871073
L	9804	827	*	*	*	*	*	JF923608	*
H	9804	100	96.0	+	0	0	230I100M497I	GU593041	JF923608
L	25186	777	*	*	*	*	*	GU827325	*
H	25186	100	96.0	+	0	0	252I100M425I	GU593041	GU827325
L	6409	591	*	*	*	*	*	DQ132816	*
H	6409	100	100.0	+	0	0	42I100M449I	DQ132816	DQ132816
L	5597	550	*	*	*	*	*	GU062253	*
H	5597	100	94.0	+	0	0	48I27MI73M401I	DQ132816	GU062253
L	22082	617	*	*	*	*	*	EU821483	*
H	22082	100	93.0	+	0	0	37I27MI73M479I	DQ132816	EU821483
L	6420	599	*	*	*	*	*	EF540754	*
H	6420	100	91.0	+	0	0	11I10MD16MI73M488I	DQ132816	EF540754
L	28126	657	*	*	*	*	*	FJ861383	*
H	28126	100	92.0	+	0	0	288I27MD27M20I45M250I	DQ132816	FJ861383
L	6414	632	*	*	*	*	*	AY218430	*
H	6414	100	100.0	+	0	0	2I100M530I	AY218430	AY218430
L	6417	643	*	*	*	*	*	GU138864	*
H	6417	100	91.0	+	0	0	11I100M532I	AY218430	GU138864
L	6413	634	*	*	*	*	*	AY218427	*
H	6413	100	91.0	+	0	0	2I14MI66MD19M532I	AY218430	AY218427
H	6417	100	100.0	+	0	0	11I100M532I	GU138864	GU138864
H	6414	100	91.0	+	0	0	2I100M530I	GU138864	AY218430
H	6413	100	91.0	+	0	0	2I14MI66MD19M532I	GU138864	AY218427
L	6426	606	*	*	*	*	*	AB540577	*
H	6426	100	100.0	+	0	0	35I100M471I	AB540577	AB540577
L	1420	587	*	*	*	*	*	GU189520	*
H	1420	100	91.0	+	0	0	11I66MI34M475I	AB540577	GU189520
L	6775	568	*	*	*	*	*	GU973795	*
H	6775	100	91.0	+	0	0	18I21MI72M2I7M447I	AB540577	GU973795
L	8773	563	*	*	*	*	*	AY303601	*
H	8773	100	91.0	+	0	0	5D16MI71MI8M466I	AB540577	AY303601
L	20617	560	*	*	*	*	*	EU315001	*
H	20617	100	91.0	-	0	0	15I64MI28MI8M443I	AB540577	EU315001
L	6448	619	*	*	*	*	*	GU553287	*
H	6448	100	100.0	+	0	0	154I100M365I	GU553287	GU553287
L	16957	466	*	*	*	*	*	AF532168	*
H	16957	100	91.0	+	0	0	I100M365I	GU553287	AF532168
L	6066	474	*	*	*	*	*	AF352320	*
H	6066	100	92.0	+	0	0	I62MD37M374I	GU553287	AF352320
L	16106	473	*	*	*	*	*	AF352316	*
H	16106	100	92.0	+	0	0	I65M2D33M374I	GU553287	AF352316
L	6067	468	*	*	*	*	*	AF352321	*
H	6067	100	90.0	+	0	0	I41MD15M2I43M366I	GU553287	AF352321
L	6491	510	*	*	*	*	*	FJ228170	*
H	6491	100	100.0	+	0	0	22I100M388I	FJ228170	FJ228170
L	20338	710	*	*	*	*	*	JN712455	*
H	20338	100	99.0	+	0	0	122I73MI27M487I	FJ228170	JN712455
H	6861	100	98.0	+	0	0	9I100M413I	FJ228170	FJ210938
H	14228	100	98.0	+	0	0	13I100M413I	FJ228170	FJ200219
H	2870	100	98.0	+	0	0	10I100M410I	FJ228170	FJ194521
L	6514	641	*	*	*	*	*	GU017495	*
H	6514	100	100.0	+	0	0	33I100M508I	GU017495	GU017495
L	6095	606	*	*	*	*	*	GU214634	*
H	6095	100	95.0	+	0	0	69I34M2I66M435I	GU017495	GU214634
L	23861	1534	*	*	*	*	*	EU707865	*
H	23861	100	97.0	+	0	0	128I33MI67M1305I	GU017495	EU707865
L	8291	583	*	*	*	*	*	HQ599602	*
H	8291	100	95.0	+	0	0	43I36MD63M441I	GU017495	HQ599602
L	9927	584	*	*	*	*	*	JF951148	*
H	9927	100	97.0	+	0	0	34I25MI75M449I	GU017495	JF951148
L	6520	921	*	*	*	*	*	AY089739	*
H	6520	100	100.0	+	0	0	100M821I	AY089739	AY089739
L	23194	616	*	*	*	*	*	FJ411103	*
H	23194	100	98.0	+	0	0	9I100M507I	AY089739	FJ411103
L	4325	617	*	*	*	*	*	FJ613655	*
H	4325	100	96.0	+	0	0	16I6MD93M502I	AY089739	FJ613655
L	6215	621	*	*	*	*	*	GU207310	*
H	6215	100	93.0	+	0	0	3I43MI57M517I	AY089739	GU207310
L	24727	624	*	*	*	*	*	GU207305	*
H	24727	100	92.0	+	0	0	3I51MD48M522I	AY089739	GU207305
L	6534	499	*	*	*	*	*	GQ221126	*
H	6534	100	100.0	+	0	0	100M399I	GQ221126	GQ221126
L	26358	540	*	*	*	*	*	HQ449175	*
H	26358	100	95.0	+	0	0	39I31MD68M402I	GQ221126	HQ449175
L	8164	587	*	*	*	*	*	HQ607888	*
H	8164	100	93.0	+	0	0	41I31MD22MD29MD15M449I	GQ221126	HQ607888
L	27413	530	*	*	*	*	*	JF826007	*
H	27413	100	94.0	+	0	0	19I31MD68M412I	GQ221126	JF826007
L	7242	590	*	*	*	*	*	HQ607887	*
H	7242	100	92.0	+	0	0	41I31MD19MD28M8I20M443I	GQ221126	HQ607887
L	6546	638	*	*	*	*	*	GU258226	*
H	6546	100	100.0	+	0	0	4I100M534I	GU258226	GU258226
L	6543	673	*	*	*	*	*	GU258221	*
H	6543	100	92.0	+	0	0	36I60M2I26MD13M536I	GU258226	GU258221
L	6555	669	*	*	*	*	*	EF560685	*
H	6555	100	91.0	+	0	0	34I59MD40M536I	GU258226	EF560685
L	6549	668	*	*	*	*	*	GU258231	*
H	6549	100	100.0	+	0	0	34I100M534I	GU258231	GU258231
H	6559	100	100.0	+	0	0	43I100M541I	GU258299	GU258299
H	6558	100	93.0	+	0	0	37I81MD18M513I	GU258299	GU258298
L	6577	523	*	*	*	*	*	GU968423	*
H	6577	100	100.0	+	0	0	100M423I	GU968423	GU968423
L	22967	561	*	*	*	*	*	FJ624262	*
H	22967	100	94.0	+	0	0	50I9MD9M2D45MD33M415I	GU968423	FJ624262
L	22231	589	*	*	*	*	*	FJ582636	*
H	22231	100	93.0	+	0	0	37I9MD9M2D45MD33M456I	GU968423	FJ582636
L	7783	556	*	*	*	*	*	GU066630	*
H	7783	100	93.0	+	0	0	10I9MD9M2D79M449I	GU968423	GU066630
L	6578	399	*	*	*	*	*	GU968424	*
H	6578	100	100.0	+	0	0	11I100M288I	GU968424	GU968424
L	6595	591	*	*	*	*	*	U51974	*
H	6595	100	100.0	+	0	0	25I100M466I	U51974	U51974
L	20501	1895	*	*	*	*	*	EF445990	*
H	20501	100	91.0	+	0	0	9D91M1804I	U51974	EF445990
L	6589	995	*	*	*	*	*	U51965	*
H	6589	100	96.0	+	0	0	420I81MI19M474I	U51974	U51965
L	13122	555	*	*	*	*	*	AY965755	*
H	13122	100	94.0	+	0	0	3I100M452I	U51974	AY965755
L	12570	1629	*	*	*	*	*	AF106527	*
H	12570	100	91.0	+	0	0	1044I100M485I	U51974	AF106527
L	6606	449	*	*	*	*	*	AF162470	*
H	6606	100	100.0	+	0	0	100M349I	AF162470	AF162470
L	16731	453	*	*	*	*	*	AJ239119	*
H	16731	100	91.0	+	0	0	7D93M360I	AF162470	AJ239119
L	23743	1478	*	*	*	*	*	FN547575	*
H	23743	100	91.0	+	0	0	280I23MI77M1097I	AF162470	FN547575
L	15636	462	*	*	*	*	*	AF162465	*
H	15636	100	92.0	+	0	0	26MI47M5I27M356I	AF162470	AF162465
L	23747	1479	*	*	*	*	*	FN547588	*
H	23747	100	90.0	+	0	0	280I23MI36M3D38M1101I	AF162470	FN547588
L	6607	1580	*	*	*	*	*	FN547569	*
H	6607	100	100.0	+	0	0	272I100M1208I	FN547569	FN547569
L	23746	1482	*	*	*	*	*	FN547586	*
H	23746	100	93.0	+	0	0	272I62M3I14M2D22M1109I	FN547569	FN547586
H	23743	100	94.0	+	0	0	272I62M3I14M2D22M1105I	FN547569	FN547575
L	11523	1474	*	*	*	*	*	FN547587	*
H	11523	100	90.0	+	0	0	272I18MI61M3D18M1104I	FN547569	FN547587
L	1688	508	*	*	*	*	*	AY035660	*
H	1688	100	98.0	+	0	0	11I18MI46M4I12M8I24M384I	FN547569	AY035660
L	6611	597	*	*	*	*	*	AB505449	*
H	6611	100	100.0	+	0	0	100M497I	AB505449	AB505449
L	4711	598	*	*	*	*	*	AF492090	*
H	4711	100	93.0	+	0	0	24MD75M499I	AB505449	AF492090
L	6610	593	*	*	*	*	*	AB505448	*
H	6610	100	95.0	+	0	0	27MD72M494I	AB505449	AB505448
L	3422	629	*	*	*	*	*	DQ497616	*
H	3422	100	90.0	+	0	0	30I26MI74M498I	AB505449	DQ497616
L	4712	594	*	*	*	*	*	AF492112	*
H	4712	100	93.0	+	0	0	22M2D76M496I	AB505449	AF492112
L	6652	487	*	*	*	*	*	GQ281312	*
H	6652	100	100.0	+	0	0	100M387I	GQ281312	GQ281312
L	10818	615	*	*	*	*	*	DQ317636	*
H	10818	100	100.0	+	0	0	71I100M444I	GQ281312	DQ317636
L	7952	600	*	*	*	*	*	AB025694	*
H	7952	100	93.0	+	0	0	61I16M19I25MI59M419I	GQ281312	AB025694
L	6666	577	*	*	*	*	*	GU322438	*
H	6666	100	100.0	+	0	0	11I100M466I	GU322438	GU322438
L	25942	578	*	*	*	*	*	GU322441	*
H	25942	100	96.0	+	0	0	11I25MI75M466I	GU322438	GU322441
L	6681	577	*	*	*	*	*	GU324739	*
H	6681	100	95.0	+	0	0	11I26MI74M465I	GU322438	GU324739
L	15642	569	*	*	*	*	*	AF163034	*
H	15642	100	92.0	+	0	0	3D23MI74M471I	GU322438	AF163034
L	14862	544	*	*	*	*	*	DQ780445	*
H	14862	100	92.0	+	0	0	D25MI74M444I	GU322438	DQ780445
L	6680	567	*	*	*	*	*	GU324735	*
H	6680	100	100.0	+	0	0	11I100M456I	GU324735	GU324735
L	6699	745	*	*	*	*	*	GU723410	*
H	6699	100	100.0	+	0	0	173I100M472I	GU723410	GU723410
L	11453	716	*	*	*	*	*	GU723407	*
H	11453	100	100.0	+	0	0	195I100M421I	GU723410	GU723407
L	28078	795	*	*	*	*	*	JN641784	*
H	28078	100	97.0	+	0	0	219I51MI49M475I	GU723410	JN641784
L	21097	802	*	*	*	*	*	EU192156	*
H	21097	100	97.0	+	0	0	248I51MI49M453I	GU723410	EU192156
L	25074	688	*	*	*	*	*	GU552277	*
H	25074	100	95.0	+	0	0	207I51MI49M380I	GU723410	GU552277
L	6702	735	*	*	*	*	*	GU723419	*
H	6702	100	100.0	+	0	0	198I100M437I	GU723419	GU723419
L	11081	715	*	*	*	*	*	JN641769	*
H	11081	100	97.0	+	0	0	222I51MD48M394I	GU723419	JN641769
H	11453	100	95.0	+	0	0	195I48M2D50M423I	GU723419	GU723407
H	6699	100	95.0	+	0	0	173I48M2D50M474I	GU723419	GU723410
L	6700	778	*	*	*	*	*	GU723415	*
H	6700	100	94.0	+	0	0	232I49M2D49M448I	GU723419	GU723415
L	6703	715	*	*	*	*	*	GU723421	*
H	6703	100	100.0	+	0	0	198I100M417I	GU723421	GU723421
H	28078	100	96.0	+	0	0	219I100M476I	GU723421	JN641784
L	28077	717	*	*	*	*	*	JN641782	*
H	28077	100	96.0	+	0	0	140I100M477I	GU723421	JN641782
H	21097	100	96.0	+	0	0	248I100M454I	GU723421	EU192156
H	6699	100	96.0	+	0	0	173I51MD48M473I	GU723421	GU723410
L	492	550	*	*	*	*	*	DQ993545	*
H	492	100	100.0	+	0	0	75I100M375I	EU918133	DQ993545
L	27421	632	*	*	*	*	*	EU280133	*
H	27421	100	100.0	+	0	0	150I100M382I	EU918133	EU280133
L	17701	465	*	*	*	*	*	FJ412104	*
H	17701	100	100.0	+	0	0	51I100M314I	EU918133	FJ412104
L	25481	480	*	*	*	*	*	DQ993558	*
H	25481	100	99.0	+	0	0	74I100M306I	EU918133	DQ993558
L	6716	519	*	*	*	*	*	EU918133	*
H	6716	100	100.0	+	0	0	95I100M324I	EU918133	EU918133
L	1708	616	*	*	*	*	*	EU186402	*
H	1708	100	100.0	+	0	0	18I100M498I	FJ861396	EU186402
L	28312	1173	*	*	*	*	*	FJ430782	*
H	28312	100	100.0	+	0	0	11I100M1062I	FJ861396	FJ430782
L	6719	529	*	*	*	*	*	FJ861396	*
H	6719	100	100.0	+	0	0	100M429I	FJ861396	FJ861396
L	15764	588	*	*	*	*	*	FJ442662	*
H	15764	100	100.0	+	0	0	16I100M472I	FJ861396	FJ442662
H	27421	100	100.0	+	0	0	43I100M489I	FJ861396	EU280133
L	6733	542	*	*	*	*	*	FJ436340	*
H	6733	100	100.0	+	0	0	100M442I	FJ436340	FJ436340
L	12515	617	*	*	*	*	*	AY646383	*
H	12515	100	93.0	+	0	0	37I27MI22MI51M478I	FJ436340	AY646383
L	12513	614	*	*	*	*	*	AY646376	*
H	12513	100	91.0	+	0	0	37I27MI22MI51M475I	FJ436340	AY646376
L	6744	586	*	*	*	*	*	GQ352486	*
H	6744	100	100.0	+	0	0	11I100M475I	GQ352486	GQ352486
L	28315	589	*	*	*	*	*	GQ184733	*
H	28315	100	97.0	+	0	0	11I100M478I	GQ352486	GQ184733
L	26531	619	*	*	*	*	*	HQ608081	*
H	26531	100	92.0	+	0	0	35I25MD18M15I13M2D11MD29M473I	GQ352486	HQ608081
L	21840	1221	*	*	*	*	*	JN943430	*
H	21840	100	91.0	+	0	0	23I22MI22M31I13M2D8MI33M1067I	GQ352486	JN943430
L	6755	602	*	*	*	*	*	GU973693	*
H	6755	100	100.0	+	0	0	16I100M486I	GU973693	GU973693
L	6758	530	*	*	*	*	*	GU973710	*
H	6758	100	100.0	+	0	0	6I100M424I	GU973710	GU973710
L	6762	551	*	*	*	*	*	GU973721	*
H	6762	100	100.0	+	0	0	16I100M435I	GU973721	GU973721
L	6761	582	*	*	*	*	*	GU973626	*
H	6761	100	95.0	+	0	0	45I6MD72MI21M437I	GU973721	GU973626
L	22759	582	*	*	*	*	*	FJ487931	*
H	22759	100	95.0	+	0	0	50I6MD72MI21M432I	GU973721	FJ487931
L	2656	782	*	*	*	*	*	EU639449	*
H	2656	100	92.0	+	0	0	273I6MD72MI21M409I	GU973721	EU639449
L	6769	558	*	*	*	*	*	GU973757	*
H	6769	100	95.0	+	0	0	17I6MD55MI17MI21M440I	GU973721	GU973757
L	6774	652	*	*	*	*	*	GU973792	*
H	6774	100	100.0	+	0	0	60I100M492I	GU973792	GU973792
L	7271	631	*	*	*	*	*	GQ120993	*
H	7271	100	94.0	+	0	0	51I8MD27MD14MD32MD8MD6M485I	GU973792	GQ120993
L	10122	586	*	*	*	*	*	JN164553	*
H	10122	100	91.0	+	0	0	11I12M22I24MD14MD32MD8MD6M457I	GU973792	JN164553
L	2509	514	*	*	*	*	*	EU128596	*
H	2509	100	91.0	+	0	0	2I8MD26MD15MD32MD15M416I	GU973792	EU128596
L	19237	631	*	*	*	*	*	GQ120969	*
H	19237	100	94.0	+	0	0	51I8MD27MD14MD32MD8MD6M485I	GU973792	GQ120969
L	6833	720	*	*	*	*	*	HM060318	*
H	6833	100	100.0	+	0	0	39I100M581I	HM060318	HM060318
L	8389	1275	*	*	*	*	*	EU486441	*
H	8389	100	91.0	+	0	0	10I54M2D29M5I15M1162I	HM060318	EU486441
H	6043	100	94.0	+	0	0	49I52M4I41MI7M589I	HM060318	GU233355
H	7594	100	94.0	+	0	0	39I53M5I40MI7M621I	HM060318	GU234156
H	8390	100	96.0	+	0	0	36I41MI9M5I43MI7M1178I	HM060318	HQ604310
H	6861	100	100.0	+	0	0	9I100M413I	FJ210938	FJ210938
H	2870	100	100.0	+	0	0	10I100M410I	FJ210938	FJ194521
H	14228	100	100.0	+	0	0	13I100M413I	FJ210938	FJ200219
L	22763	549	*	*	*	*	*	FJ487929	*
H	22763	100	99.0	+	0	0	51I100M398I	FJ210938	FJ487929
H	7927	100	99.0	+	0	0	49I100M429I	FJ210938	GU566295
L	6872	527	*	*	*	*	*	GQ344601	*
H	6872	100	100.0	+	0	0	100M427I	GQ344601	GQ344601
L	6877	504	*	*	*	*	*	GQ344600	*
H	6877	100	98.0	+	0	0	21I22MD77M384I	GQ344601	GQ344600
L	7075	593	*	*	*	*	*	AB099900	*
H	7075	100	100.0	+	0	0	11I100M482I	AB099900	AB099900
L	24069	650	*	*	*	*	*	EU718123	*
H	24069	100	96.0	+	0	0	38I93MI7M511I	AB099900	EU718123
L	7090	1287	*	*	*	*	*	HQ604525	*
H	7090	100	100.0	+	0	0	38I100M1149I	HQ604525	HQ604525
L	5682	1878	*	*	*	*	*	AM882747	*
H	5682	100	97.0	+	0	0	24I100M1754I	HQ604525	AM882747
L	27040	584	*	*	*	*	*	HQ215793	*
H	27040	100	92.0	+	0	0	10I44MI14M5I42M468I	HQ604525	HQ215793
L	1033	1288	*	*	*	*	*	HQ604224	*
H	1033	100	92.0	+	0	0	38I44MI6M5I50M1144I	HQ604525	HQ604224
L	10491	529	*	*	*	*	*	JF908106	*
H	10491	100	91.0	+	0	0	19I44M2I11MD17MI27M408I	HQ604525	JF908106
L	7095	571	*	*	*	*	*	EU257675	*
H	7095	100	100.0	+	0	0	100M471I	EU257675	EU257675
L	21160	580	*	*	*	*	*	EU263922	*
H	21160	100	97.0	+	0	0	12I100M468I	EU257675	EU263922
L	26518	529	*	*	*	*	*	HQ605926	*
H	26518	100	97.0	+	0	0	7I5MI33MI62M420I	EU257675	HQ605926
L	26639	601	*	*	*	*	*	HQ650662	*
H	26639	100	96.0	+	0	0	38I5MI33MI62M461I	EU257675	HQ650662
L	21155	581	*	*	*	*	*	EU259901	*
H	21155	100	96.0	+	0	0	10I5MI14MI59MI22M468I	EU257675	EU259901
L	7097	841	*	*	*	*	*	GU068592	*
H	7097	100	100.0	+	0	0	13I100M728I	GU068592	GU068592
L	13478	804	*	*	*	*	*	AF237730	*
H	13478	100	91.0	+	0	0	39I9MI91M664I	GU068592	AF237730
L	7100	609	*	*	*	*	*	HM466956	*
H	7100	100	100.0	+	0	0	48I100M461I	HM466956	HM466956
L	25152	461	*	*	*	*	*	FJ900605	*
H	25152	100	93.0	+	0	0	6D23MD70M368I	HM466956	FJ900605
L	1938	502	*	*	*	*	*	FJ941882	*
H	1938	100	96.0	+	0	0	13I29MD70M390I	HM466956	FJ941882
L	4329	427	*	*	*	*	*	FJ647181	*
H	4329	100	92.0	+	0	0	33I100M294I	HM466956	FJ647181
L	24509	524	*	*	*	*	*	FJ790837	*
H	24509	100	96.0	+	0	0	13I29MD70M412I	HM466956	FJ790837
L	7108	629	*	*	*	*	*	AB512335	*
H	7108	100	100.0	+	0	0	3I100M526I	AB512335	AB512335
L	27877	612	*	*	*	*	*	JN182920	*
H	27877	100	99.0	+	0	0	16I8MI92M495I	AB512335	JN182920
L	7111	556	*	*	*	*	*	GU067666	*
H	7111	100	100.0	+	0	0	37I100M419I	GU067666	GU067666
L	7149	230	*	*	*	*	*	EU528675	*
H	7149	100	100.0	+	0	0	12I100M118I	EU528675	EU528675
L	7524	543	*	*	*	*	*	GU256742	*
H	7524	100	97.0	+	0	0	3D97M446I	EU528675	GU256742
L	5737	593	*	*	*	*	*	GU112754	*
H	5737	100	99.0	+	0	0	35I100M458I	EU528675	GU112754
L	4603	607	*	*	*	*	*	GU566253	*
H	4603	100	99.0	+	0	0	49I100M458I	EU528675	GU566253
L	16876	505	*	*	*	*	*	GQ495672	*
H	16876	100	99.0	+	0	0	25I100M380I	EU528675	GQ495672
L	7162	525	*	*	*	*	*	EU327325	*
H	7162	100	100.0	+	0	0	100M425I	EU327325	EU327325
L	12770	538	*	*	*	*	*	AY683041	*
H	12770	100	99.0	+	0	0	D99M439I	EU327325	AY683041
L	20087	588	*	*	*	*	*	DQ987491	*
H	20087	100	98.0	+	0	0	10I14MD85M479I	EU327325	DQ987491
L	15302	625	*	*	*	*	*	AF011303	*
H	15302	100	93.0	+	0	0	50I100M475I	EU327325	AF011303
L	14824	1363	*	*	*	*	*	AB430819	*
H	14824	100	91.0	+	0	0	48I100M1215I	EU327325	AB430819
L	7169	686	*	*	*	*	*	AF516796	*
H	7169	100	100.0	+	0	0	11I100M575I	AF516796	AF516796
L	9557	689	*	*	*	*	*	AF516793	*
H	9557	100	91.0	+	0	0	11I100M578I	AF516796	AF516793
L	1756	637	*	*	*	*	*	DQ388878	*
H	1756	100	93.0	+	0	0	2I30MI16MI54M533I	AF516796	DQ388878
L	7174	703	*	*	*	*	*	EU753266	*
H	7174	100	93.0	+	0	0	11I30MI16MI54M590I	AF516796	EU753266
L	7205	501	*	*	*	*	*	GU827329	*
H	7205	100	100.0	+	0	0	I100M400I	GU827329	GU827329
L	25190	740	*	*	*	*	*	GU827331	*
H	25190	100	96.0	+	0	0	217I100M423I	GU827329	GU827331
H	9799	100	96.0	+	0	0	212I100M519I	GU827329	JF923596
H	9804	100	95.0	+	0	0	230I100M497I	GU827329	JF923608
H	25186	100	95.0	+	0	0	252I100M425I	GU827329	GU827325
L	7254	588	*	*	*	*	*	GQ426980	*
H	7254	100	100.0	+	0	0	100M488I	GQ426980	GQ426980
L	15391	575	*	*	*	*	*	FJ974061	*
H	15391	100	93.0	+	0	0	8MI18MD36MD36M476I	GQ426980	FJ974061
L	7255	525	*	*	*	*	*	EU280093	*
H	7255	100	100.0	+	0	0	100M425I	EU280093	EU280093
L	906	526	*	*	*	*	*	Y17088	*
H	906	100	95.0	+	0	0	5D95M431I	EU280093	Y17088
L	7991	553	*	*	*	*	*	FN859398	*
H	7991	100	92.0	+	0	0	5D95M458I	EU280093	FN859398
L	9372	587	*	*	*	*	*	JF505112	*
H	9372	100	92.0	+	0	0	12I10MD71MI18M475I	EU280093	JF505112
L	7999	633	*	*	*	*	*	FN859444	*
H	7999	100	91.0	+	0	0	65I10MD71MI18M468I	EU280093	FN859444
L	7258	605	*	*	*	*	*	GU934506	*
H	7258	100	100.0	+	0	0	21I100M484I	GU934506	GU934506
L	22595	561	*	*	*	*	*	FJ389933	*
H	22595	100	92.0	+	0	0	7D93M468I	GU934506	FJ389933
L	10347	1176	*	*	*	*	*	DQ322217	*
H	10347	100	93.0	+	0	0	17I8MI92M1058I	GU934506	DQ322217
L	3059	575	*	*	*	*	*	FJ549440	*
H	3059	100	93.0	+	0	0	11I8MI18MI65M12I9M450I	GU934506	FJ549440
L	7275	775	*	*	*	*	*	EU047934	*
H	7275	100	100.0	+	0	0	28I100M647I	EU047934	EU047934
L	1416	785	*	*	*	*	*	EU047935	*
H	1416	100	99.0	+	0	0	42I100M643I	EU047934	EU047935
L	9385	679	*	*	*	*	*	AY317137	*
H	9385	100	99.0	+	0	0	5I100M574I	EU047934	AY317137
L	1417	765	*	*	*	*	*	EU047937	*
H	1417	100	97.0	+	0	0	28I42M2I14M2I44M633I	EU047934	EU047937
L	5633	852	*	*	*	*	*	GU108605	*
H	5633	100	97.0	+	0	0	146I42M2I14M2I44M602I	EU047934	GU108605
L	7284	557	*	*	*	*	*	EU888631	*
H	7284	100	100.0	+	0	0	11I100M446I	EU888631	EU888631
L	10228	530	*	*	*	*	*	JF304942	*
H	10228	100	99.0	+	0	0	13I100M417I	EU888631	JF304942
L	4616	545	*	*	*	*	*	EU888920	*
H	4616	100	98.0	+	0	0	37I100M408I	EU888631	EU888920
L	10182	557	*	*	*	*	*	EU888632	*
H	10182	100	97.0	+	0	0	11I100M446I	EU888631	EU888632
L	12673	601	*	*	*	*	*	AY624310	*
H	12673	100	90.0	+	0	0	107I35MI32MD32M394I	EU888631	AY624310
L	25796	626	*	*	*	*	*	HM538470	*
H	25796	100	100.0	+	0	0	161I100M365I	HM538478	HM538470
H	7288	100	100.0	+	0	0	180I100M439I	HM538478	HM538478
L	25801	625	*	*	*	*	*	HM538571	*
H	25801	100	100.0	+	0	0	39I100M486I	HM538478	HM538571
L	7289	619	*	*	*	*	*	HM538479	*
H	7289	100	99.0	+	0	0	31I100M488I	HM538478	HM538479
H	7292	100	99.0	+	0	0	234I100M488I	HM538478	HM538488
L	7290	628	*	*	*	*	*	HM538483	*
H	7290	100	100.0	+	0	0	40I100M488I	HM538483	HM538483
L	7291	622	*	*	*	*	*	HM538484	*
H	7291	100	100.0	+	0	0	40I100M482I	HM538483	HM538484
L	7294	637	*	*	*	*	*	HM538502	*
H	7294	100	97.0	+	0	0	51I100M486I	HM538483	HM538502
L	1986	837	*	*	*	*	*	EU365854	*
H	1986	100	96.0	+	0	0	239I100M498I	HM538483	EU365854
L	1985	741	*	*	*	*	*	EU365855	*
H	1985	100	96.0	+	0	0	198I100M443I	HM538483	EU365855
H	7294	100	100.0	+	0	0	51I100M486I	HM538502	HM538502
L	7293	839	*	*	*	*	*	HM538494	*
H	7293	100	99.0	+	0	0	254I100M485I	HM538502	HM538494
H	1986	100	99.0	+	0	0	239I100M498I	HM538502	EU365854
H	1985	100	99.0	+	0	0	198I100M443I	HM538502	EU365855
L	7295	614	*	*	*	*	*	EU365847	*
H	7295	100	98.0	+	0	0	50I100M464I	HM538502	EU365847
H	7304	100	100.0	+	0	0	100M725I	FJ379832	FJ379832
L	5595	503	*	*	*	*	*	GU062248	*
H	5595	100	96.0	+	0	0	43I100M360I	FJ379832	GU062248
H	5810	100	92.0	+	0	0	43I21M4I23MD55M389I	FJ379832	GU248334
H	5326	100	94.0	+	0	0	21M4I23MD55M725I	FJ379832	FJ379833
L	7315	573	*	*	*	*	*	GQ249875	*
H	7315	100	100.0	+	0	0	100M473I	GQ249875	GQ249875
L	25128	671	*	*	*	*	*	HQ607891	*
H	25128	100	99.0	+	0	0	37I100M534I	GQ249875	HQ607891
L	1690	651	*	*	*	*	*	EU047803	*
H	1690	100	97.0	+	0	0	15I100M536I	GQ249875	EU047803
L	23171	625	*	*	*	*	*	FJ791134	*
H	23171	100	97.0	+	0	0	23I100M502I	GQ249875	FJ791134
L	22747	668	*	*	*	*	*	FJ481018	*
H	22747	100	98.0	+	0	0	37I100M531I	GQ249875	FJ481018
L	7316	994	*	*	*	*	*	DQ534460	*
H	7316	100	100.0	+	0	0	278I100M616I	DQ534460	DQ534460
L	8552	822	*	*	*	*	*	FM205911	*
H	8552	100	96.0	+	0	0	239I100M483I	DQ534460	FM205911
L	16417	638	*	*	*	*	*	GU207229	*
H	16417	100	94.0	+	0	0	13I100M525I	DQ534460	GU207229
L	24719	807	*	*	*	*	*	GU207230	*
H	24719	100	94.0	+	0	0	205I100M502I	DQ534460	GU207230
L	7319	519	*	*	*	*	*	AY729937	*
H	7319	100	100.0	+	0	0	100M419I	AY729937	AY729937
L	3190	553	*	*	*	*	*	GQ152145	*
H	3190	100	99.0	+	0	0	20I100M433I	AY729937	GQ152145
L	22289	528	*	*	*	*	*	FJ000382	*
H	22289	100	99.0	+	0	0	8I100M420I	AY729937	FJ000382
L	22870	547	*	*	*	*	*	EF601602	*
H	22870	100	95.0	+	0	0	35I100M412I	AY729937	EF601602
L	7186	553	*	*	*	*	*	FJ000401	*
H	7186	100	95.0	+	0	0	19I100M434I	AY729937	FJ000401
L	7337	617	*	*	*	*	*	FM205703	*
H	7337	100	100.0	+	0	0	100M517I	FM205703	FM205703
L	25580	660	*	*	*	*	*	HM151990	*
H	25580	100	94.0	+	0	0	39I25MD74M522I	FM205703	HM151990
L	27636	628	*	*	*	*	*	EU326692	*
H	27636	100	91.0	+	0	0	I25MD74M528I	FM205703	EU326692
L	7351	537	*	*	*	*	*	FJ997287	*
H	7351	100	100.0	+	0	0	100M437I	FJ997287	FJ997287
L	20425	627	*	*	*	*	*	AF013225	*
H	20425	100	99.0	+	0	0	63I100M464I	FJ997287	AF013225
L	24005	922	*	*	*	*	*	GQ153120	*
H	24005	100	97.0	+	0	0	474I100M348I	FJ997287	GQ153120
L	19855	567	*	*	*	*	*	DQ680674	*
H	19855	100	90.0	+	0	0	39I16MD83M429I	FJ997287	DQ680674
L	7371	350	*	*	*	*	*	HM131340	*
H	7371	100	100.0	+	0	0	100M250I	HM131340	HM131340
L	2159	440	*	*	*	*	*	L08732	*
H	2159	100	98.0	+	0	0	77I100M263I	HM131340	L08732
L	2158	702	*	*	*	*	*	GU598069	*
H	2158	100	98.0	+	0	0	306I100M296I	HM131340	GU598069
L	14778	403	*	*	*	*	*	AB354777	*
H	14778	100	98.0	+	0	0	33I100M270I	HM131340	AB354777
L	13929	1247	*	*	*	*	*	DQ355454	*
H	13929	100	98.0	+	0	0	323I100M824I	HM131340	DQ355454
L	7386	531	*	*	*	*	*	FR668015	*
H	7386	100	100.0	+	0	0	88I100M343I	FR668015	FR668015
L	10247	541	*	*	*	*	*	JN225947	*
H	10247	100	97.0	+	0	0	11I100M430I	FR668015	JN225947
L	10246	545	*	*	*	*	*	JN225945	*
H	10246	100	93.0	+	0	0	11I100M434I	FR668015	JN225945
L	27941	538	*	*	*	*	*	JN225951	*
H	27941	100	94.0	+	0	0	11I83MI17M426I	FR668015	JN225951
L	27940	540	*	*	*	*	*	JN225946	*
H	27940	100	95.0	+	0	0	11I100M429I	FR668015	JN225946
L	7393	292	*	*	*	*	*	HM590821	*
H	7393	100	100.0	+	0	0	100M192I	HM590821	HM590821
H	4381	100	98.0	+	0	0	311I100M158I	HM590821	FJ210642
L	14164	571	*	*	*	*	*	FJ591128	*
H	14164	100	98.0	+	0	0	255I100M216I	HM590821	FJ591128
H	9684	100	98.0	+	0	0	277I100M232I	HM590821	AY015435
L	11902	532	*	*	*	*	*	AB093521	*
H	11902	100	97.0	+	0	0	253I100M179I	HM590821	AB093521
L	7398	660	*	*	*	*	*	AY176473	*
H	7398	100	100.0	+	0	0	4I100M556I	AY176473	AY176473
L	2344	655	*	*	*	*	*	AY176490	*
H	2344	100	96.0	+	0	0	4I100M551I	AY176473	AY176490
L	17727	660	*	*	*	*	*	AY176392	*
H	17727	100	94.0	+	0	0	4I60MI40M555I	AY176473	AY176392
L	7397	662	*	*	*	*	*	HM222938	*
H	7397	100	93.0	+	0	0	4I60MI40M557I	AY176473	HM222938
L	28372	667	*	*	*	*	*	JN944088	*
H	28372	100	93.0	+	0	0	37I100M530I	AY176473	JN944088
L	7405	634	*	*	*	*	*	HM046875	*
H	7405	100	100.0	+	0	0	42I100M492I	HM046875	HM046875
L	7424	651	*	*	*	*	*	AF501566	*
H	7424	100	100.0	+	0	0	100M551I	AF501566	AF501566
L	7431	740	*	*	*	*	*	AF505753	*
H	7431	100	100.0	+	0	0	I100M639I	AF505753	AF505753
L	25000	754	*	*	*	*	*	GU369959	*
H	25000	100	98.0	+	0	0	2D78M10I20M646I	AF505753	GU369959
L	7438	700	*	*	*	*	*	AY842957	*
H	7438	100	100.0	+	0	0	100M600I	AY842957	AY842957
L	7329	714	*	*	*	*	*	AY263428	*
H	7329	100	94.0	+	0	0	9I36MI30MI34M603I	AY842957	AY263428
L	7445	767	*	*	*	*	*	AF505772	*
H	7445	100	90.0	+	0	0	8I26MI10MI27M2I37M655I	AY842957	AF505772
L	7439	733	*	*	*	*	*	AF505764	*
H	7439	100	94.0	+	0	0	9I36MI30MI34M622I	AY842957	AF505764
L	7443	774	*	*	*	*	*	AF505770	*
H	7443	100	90.0	+	0	0	10I15MI12M2I17M2I23M3I33M656I	AY842957	AF505770
L	7440	780	*	*	*	*	*	AF505766	*
H	7440	100	100.0	+	0	0	I100M679I	AF505766	AF505766
L	7447	746	*	*	*	*	*	AF505780	*
H	7447	100	100.0	+	0	0	I100M645I	AF505780	AF505780
L	12064	416	*	*	*	*	*	AY456354	*
H	12064	100	95.0	+	0	0	14I76MD23M303I	AF505780	AY456354
L	12063	416	*	*	*	*	*	AY456353	*
H	12063	100	95.0	+	0	0	14I76MD23M303I	AF505780	AY456353
L	12062	412	*	*	*	*	*	AY456352	*
H	12062	100	95.0	+	0	0	10I76MD23M303I	AF505780	AY456352
L	22721	867	*	*	*	*	*	FJ467354	*
H	22721	100	93.0	+	0	0	32I45M58I31MD23M678I	AF505780	FJ467354
L	7460	990	*	*	*	*	*	AY265223	*
H	7460	100	100.0	+	0	0	488I100M402I	AY265223	AY265223
L	22594	557	*	*	*	*	*	FJ389932	*
H	22594	100	92.0	+	0	0	8D92M465I	AY265223	FJ389932
H	10347	100	92.0	+	0	0	17I31MI69M1058I	AY265223	DQ322217
H	4081	100	90.0	+	0	0	35I35MI65M486I	AY265223	FJ548834
L	7481	573	*	*	*	*	*	HM997120	*
H	7481	100	100.0	+	0	0	100M473I	HM997120	HM997120
H	23832	100	99.0	+	0	0	13I5MI6MI89M566I	HM997120	JN159574
H	26507	100	99.0	+	0	0	50I5MI6MI9M2I80M552I	HM997120	EU436684
H	18161	100	99.0	+	0	0	17I5MI6MI9M2I80M525I	HM997120	AY461818
H	17514	100	99.0	+	0	0	34I5MI6MI9M2I80M532I	HM997120	FJ791132
L	7483	507	*	*	*	*	*	HM997129	*
H	7483	100	100.0	+	0	0	2I100M405I	HM997129	HM997129
L	24586	555	*	*	*	*	*	EF565744	*
H	24586	100	99.0	+	0	0	28I100M427I	HM997129	EF565744
L	10743	590	*	*	*	*	*	FJ839619	*
H	10743	100	99.0	+	0	0	67I100M423I	HM997129	FJ839619
H	7494	100	100.0	+	0	0	16I100M445I	EU002915	EU002915
H	11430	100	94.0	+	0	0	38I100M461I	EU002915	EU821472
H	2137	100	91.0	+	0	0	38I100M462I	EU002915	EU821481
L	19947	556	*	*	*	*	*	DQ855274	*
H	19947	100	91.0	+	0	0	26I70MD12MD16M432I	EU002915	DQ855274
L	4356	574	*	*	*	*	*	FJ710810	*
H	4356	100	91.0	+	0	0	36I67MI16MD16M438I	EU002915	FJ710810
L	7499	544	*	*	*	*	*	HM855223	*
H	7499	100	100.0	+	0	0	100M444I	HM855223	HM855223
L	471	360	*	*	*	*	*	DQ123613	*
H	471	84	100.0	+	0	0	61I84M215I	DQ780452	DQ123613
L	10846	572	*	*	*	*	*	JF796313	*
H	10846	84	100.0	+	0	0	148I84M340I	DQ780452	JF796313
L	474	562	*	*	*	*	*	EF025940	*
H	474	84	100.0	+	0	0	137I84M341I	DQ780452	EF025940
L	10845	559	*	*	*	*	*	JF796306	*
H	10845	84	100.0	+	0	0	139I84M336I	DQ780452	JF796306
L	24765	558	*	*	*	*	*	GU222366	*
H	24765	84	100.0	+	0	0	116I84M358I	DQ780452	GU222366
L	7521	1033	*	*	*	*	*	HQ115663	*
H	7521	100	100.0	+	0	0	100M933I	HQ115663	HQ115663
L	16750	469	*	*	*	*	*	AY128700	*
H	16750	100	99.0	+	0	0	14I100M355I	HQ115663	AY128700
L	21877	635	*	*	*	*	*	EU707864	*
H	21877	100	91.0	+	0	0	147I9MD64MI26M388I	HQ115663	EU707864
L	19993	1441	*	*	*	*	*	DQ885901	*
H	19993	100	90.0	+	0	0	63I32MI42MI26M1276I	HQ115663	DQ885901
L	21206	503	*	*	*	*	*	EU301086	*
H	21206	100	93.0	+	0	0	28I9MD64MI20MI6M374I	HQ115663	EU301086
L	7560	580	*	*	*	*	*	GU234028	*
H	7560	100	100.0	+	0	0	19I100M461I	GU234028	GU234028
L	7570	601	*	*	*	*	*	GU234067	*
H	7570	100	100.0	+	0	0	13I100M488I	GU234067	GU234067
L	26503	1247	*	*	*	*	*	AF335450	*
H	26503	100	93.0	+	0	0	9I100M1138I	GU234067	AF335450
H	17671	100	93.0	+	0	0	21I100M196I	GU234067	AY129368
L	7573	638	*	*	*	*	*	GU234078	*
H	7573	100	92.0	+	0	0	26I100M512I	GU234067	GU234078
H	24830	100	92.0	+	0	0	36I100M584I	GU234067	GU234143
L	7585	588	*	*	*	*	*	GU234121	*
H	7585	100	100.0	+	0	0	21I100M467I	GU234121	GU234121
H	7594	100	91.0	+	0	0	39I12MI35MD52M627I	GU234121	GU234156
L	8372	650	*	*	*	*	*	EU525945	*
H	8372	100	92.0	+	0	0	3I12MI35MD11M3D38M550I	GU234121	EU525945
L	8377	1355	*	*	*	*	*	HQ604180	*
H	8377	100	93.0	+	0	0	35I12MI88M1219I	GU234121	HQ604180
L	27509	654	*	*	*	*	*	JF908159	*
H	27509	100	92.0	+	0	0	50I12MI28M2I12M2I48M499I	GU234121	JF908159
L	12347	478	*	*	*	*	*	EU434852	*
H	12347	75	100.0	+	0	0	102I75M301I	HQ157938	EU434852
H	26908	75	100.0	+	0	0	130I75M346I	HQ157938	HQ889709
H	25267	75	100.0	+	0	0	122I75M260I	HQ157938	GU973728
L	18691	452	*	*	*	*	*	AY781242	*
H	18691	75	100.0	+	0	0	78I75M299I	HQ157938	AY781242
L	12439	482	*	*	*	*	*	JN655565	*
H	12439	75	100.0	+	0	0	77I75M330I	HQ157938	JN655565
L	7663	484	*	*	*	*	*	FJ884085	*
H	7663	100	100.0	+	0	0	100M384I	FJ884085	FJ884085
L	16839	785	*	*	*	*	*	AJ301699	*
H	16839	100	100.0	+	0	0	573I100M112I	AB190383	AJ301699
L	7690	541	*	*	*	*	*	AB190383	*
H	7690	100	100.0	+	0	0	19I100M422I	AB190383	AB190383
L	4835	535	*	*	*	*	*	FJ903340	*
H	4835	100	92.0	+	0	0	33I10MI19MI8M29I51MI12M370I	AB190383	FJ903340
L	20858	547	*	*	*	*	*	FJ903336	*
H	20858	100	92.0	+	0	0	40I29MI11M35I43MI17M370I	AB190383	FJ903336
H	7696	100	100.0	+	0	0	19I100M479I	AB190871	AB190871
L	1774	560	*	*	*	*	*	EU128051	*
H	1774	100	90.0	+	0	0	8D92M468I	AB190871	EU128051
H	412	100	95.0	+	0	0	24I100M457I	AB190871	GQ241289
L	7698	634	*	*	*	*	*	GQ888694	*
H	7698	100	100.0	+	0	0	14I100M520I	GQ888694	GQ888694
L	29428	591	*	*	*	*	*	EU519461	*
H	29428	100	92.0	+	0	0	8D92M499I	GQ888694	EU519461
L	7708	737	*	*	*	*	*	HQ013092	*
H	7708	100	100.0	+	0	0	5I100M632I	HQ013092	HQ013092
L	6037	788	*	*	*	*	*	GU014817	*
H	6037	100	99.0	+	0	0	5I30M2I37M2I9MD23M680I	HQ013092	GU014817
L	26014	761	*	*	*	*	*	HQ013087	*
H	26014	100	99.0	+	0	0	5I30M2I37M2I9MD23M653I	HQ013092	HQ013087
L	7707	708	*	*	*	*	*	HQ013090	*
H	7707	100	98.0	+	0	0	5I67M2I9M2D22M603I	HQ013092	HQ013090
L	28221	801	*	*	*	*	*	JN871718	*
H	28221	100	96.0	+	0	0	18I28M29I39M2I33M652I	HQ013092	JN871718
L	7737	303	*	*	*	*	*	AY558746	*
H	7737	100	100.0	+	0	0	100M203I	AY558746	AY558746
L	9435	729	*	*	*	*	*	JF514539	*
H	9435	100	99.0	+	0	0	27I100M602I	AY558746	JF514539
L	29200	669	*	*	*	*	*	EF460373	*
H	29200	100	99.0	+	0	0	7I100M562I	AY558746	EF460373
L	29197	687	*	*	*	*	*	EF460371	*
H	29197	100	99.0	+	0	0	25I100M562I	AY558746	EF460371
L	29096	657	*	*	*	*	*	AM930987	*
H	29096	100	99.0	+	0	0	100M557I	AY558746	AM930987
L	7758	553	*	*	*	*	*	FJ914689	*
H	7758	100	100.0	+	0	0	11I100M442I	FJ914689	FJ914689
L	4622	580	*	*	*	*	*	FJ824623	*
H	4622	100	92.0	+	0	0	11I34M2I46M34I20M433I	FJ914689	FJ824623
L	7767	492	*	*	*	*	*	EU041796	*
H	7767	100	100.0	+	0	0	100M392I	EU041796	EU041796
L	20879	501	*	*	*	*	*	EU041800	*
H	20879	100	98.0	+	0	0	4I100M397I	EU041796	EU041800
L	20876	503	*	*	*	*	*	EU041795	*
H	20876	100	95.0	+	0	0	8I56MD43M396I	EU041796	EU041795
L	13810	485	*	*	*	*	*	DQ302954	*
H	13810	100	90.0	+	0	0	2D98M387I	EU041796	DQ302954
L	20882	622	*	*	*	*	*	EU041803	*
H	20882	100	91.0	+	0	0	100I50MD12MD36M424I	EU041796	EU041803
H	7783	100	100.0	+	0	0	10I100M446I	GU066630	GU066630
H	22967	100	98.0	+	0	0	50I63MD36M412I	GU066630	FJ624262
H	22231	100	97.0	+	0	0	37I63MD36M453I	GU066630	FJ582636
H	6577	100	96.0	+	0	0	9MI9M2I82M420I	GU066630	GU968423
L	7790	694	*	*	*	*	*	EU014043	*
H	7790	100	100.0	+	0	0	49I100M545I	EU014043	EU014043
L	7794	646	*	*	*	*	*	AY606964	*
H	7794	100	100.0	+	0	0	5I100M541I	AY606964	AY606964
H	29132	100	94.0	+	0	0	38I87M2D11M1193I	AY606964	HQ604852
L	14138	721	*	*	*	*	*	UDB002499	*
H	14138	100	92.0	+	0	0	30I87MD12M592I	AY606964	UDB002499
L	18153	651	*	*	*	*	*	GU289649	*
H	18153	100	91.0	+	0	0	34I53M3I47M514I	AY606964	GU289649
H	213	100	93.0	+	0	0	29I82M2D16M506I	AY606964	DQ777981
L	13408	511	*	*	*	*	*	EF687955	*
H	13408	100	100.0	+	0	0	100M411I	EF488395	EF687955
L	11939	541	*	*	*	*	*	EF687950	*
H	11939	100	100.0	+	0	0	8I100M433I	EF488395	EF687950
L	7803	524	*	*	*	*	*	EF488395	*
H	7803	100	100.0	+	0	0	24I100M400I	EF488395	EF488395
L	8606	557	*	*	*	*	*	FJ459977	*
H	8606	100	99.0	+	0	0	11I100M446I	EF488395	FJ459977
L	17810	557	*	*	*	*	*	AY225329	*
H	17810	100	99.0	+	0	0	11I100M446I	EF488395	AY225329
L	7819	676	*	*	*	*	*	HQ318262	*
H	7819	100	100.0	+	0	0	38I100M538I	HQ318262	HQ318262
L	26252	615	*	*	*	*	*	HQ318252	*
H	26252	100	99.0	+	0	0	31I57M6I43M478I	HQ318262	HQ318252
L	14845	674	*	*	*	*	*	AB458892	*
H	14845	100	99.0	+	0	0	27I39MI13MD47M547I	HQ318262	AB458892
H	7813	100	97.0	+	0	0	27I56M3I44M529I	HQ318262	AB458891
L	25430	603	*	*	*	*	*	JQ358919	*
H	25430	100	93.0	+	0	0	4D48MD47M508I	HQ318262	JQ358919
L	7836	673	*	*	*	*	*	HM562044	*
H	7836	100	100.0	+	0	0	17I100M556I	HM562044	HM562044
L	28397	655	*	*	*	*	*	JQ065026	*
H	28397	100	97.0	+	0	0	7I22MI78M547I	HM562044	JQ065026
L	23156	840	*	*	*	*	*	FJ774082	*
H	23156	100	93.0	+	0	0	22I75MD24M719I	HM562044	FJ774082
L	7849	687	*	*	*	*	*	HM562119	*
H	7849	100	93.0	+	0	0	27I75MD24M561I	HM562044	HM562119
L	5396	840	*	*	*	*	*	FJ774074	*
H	5396	100	93.0	+	0	0	26I100M714I	HM562044	FJ774074
L	7839	630	*	*	*	*	*	HM562057	*
H	7839	100	100.0	+	0	0	12I100M518I	HM562057	HM562057
L	4650	661	*	*	*	*	*	FJ375244	*
H	4650	100	92.0	+	0	0	13I52MI32M2I16M545I	HM562057	FJ375244
L	25811	672	*	*	*	*	*	HM562113	*
H	25811	100	93.0	+	0	0	17I8MI78MI14M553I	HM562057	HM562113
L	27604	662	*	*	*	*	*	HM562088	*
H	27604	100	100.0	+	0	0	33I100M529I	HM562125	HM562088
L	7842	623	*	*	*	*	*	HM562125	*
H	7842	100	100.0	+	0	0	I100M522I	HM562125	HM562125
L	6375	599	*	*	*	*	*	GU551941	*
H	6375	100	97.0	+	0	0	2D77M5I21M496I	HM562125	GU551941
L	7837	675	*	*	*	*	*	HM562122	*
H	7837	100	93.0	+	0	0	17I78M6I22M552I	HM562125	HM562122
L	6376	669	*	*	*	*	*	GU551942	*
H	6376	100	95.0	+	0	0	14I37MD14M2I27M5I21M549I	HM562125	GU551942
L	7891	517	*	*	*	*	*	GQ923872	*
H	7891	100	100.0	+	0	0	100M417I	GQ923872	GQ923872
L	14199	522	*	*	*	*	*	FJ228165	*
H	14199	100	95.0	+	0	0	7I100M415I	GQ923872	FJ228165
H	7608	100	93.0	+	0	0	24I78MI22M427I	GQ923872	HM467652
L	24328	601	*	*	*	*	*	FN868481	*
H	24328	100	93.0	+	0	0	60I78MI22M440I	GQ923872	FN868481
H	7609	100	93.0	+	0	0	32I78MI22M210I	GQ923872	AY159253
L	7894	487	*	*	*	*	*	HQ166414	*
H	7894	100	100.0	+	0	0	2I100M385I	HQ166414	HQ166414
H	4334	100	98.0	+	0	0	651I100M126I	HQ166414	FJ654654
H	26109	100	98.0	+	0	0	22I100M394I	HQ166414	HQ166314
H	13195	100	98.0	+	0	0	26I100M411I	HQ166414	FJ228196
L	7892	488	*	*	*	*	*	HQ166412	*
H	7892	100	96.0	+	0	0	2I100M386I	HQ166414	HQ166412
L	7896	488	*	*	*	*	*	HQ166421	*
H	7896	100	100.0	+	0	0	2I100M386I	HQ166421	HQ166421
H	7892	100	97.0	+	0	0	2I100M386I	HQ166421	HQ166412
L	7887	502	*	*	*	*	*	HQ166386	*
H	7887	100	96.0	+	0	0	6I100M396I	HQ166421	HQ166386
H	7894	100	96.0	+	0	0	2I100M385I	HQ166421	HQ166414
H	7893	100	95.0	+	0	0	2I100M386I	HQ166421	HQ166413
L	7934	566	*	*	*	*	*	HM998314	*
H	7934	100	100.0	+	0	0	100M466I	HM998314	HM998314
L	7618	581	*	*	*	*	*	FJ210542	*
H	7618	100	96.0	+	0	0	49I14MI38MI48M430I	HM998314	FJ210542
L	20552	556	*	*	*	*	*	GU256748	*
H	20552	100	96.0	+	0	0	4I13MI14MI73M450I	HM998314	GU256748
L	22483	550	*	*	*	*	*	FJ210544	*
H	22483	100	96.0	+	0	0	49I13MI14MI73M399I	HM998314	FJ210544
L	25960	599	*	*	*	*	*	FJ210545	*
H	25960	100	96.0	+	0	0	29I13MI14MI73M468I	HM998314	FJ210545
L	7936	544	*	*	*	*	*	EU266088	*
H	7936	100	100.0	+	0	0	100M444I	EU266088	EU266088
L	1289	627	*	*	*	*	*	AF297673	*
H	1289	100	92.0	+	0	0	26I100M501I	EU266088	AF297673
L	12251	568	*	*	*	*	*	AF096218	*
H	12251	100	92.0	+	0	0	18I100M450I	EU266088	AF096218
H	12250	100	92.0	+	0	0	209I100M445I	EU266088	AF096211
H	25601	100	92.0	+	0	0	232I100M435I	EU266088	HM161455
L	7957	814	*	*	*	*	*	AB025701	*
H	7957	100	100.0	+	0	0	167I100M547I	AB025701	AB025701
L	13633	654	*	*	*	*	*	DQ025483	*
H	13633	100	97.0	+	0	0	13I86MD13M542I	AB025701	DQ025483
L	13634	625	*	*	*	*	*	EU009973	*
H	13634	100	96.0	+	0	0	5I85MD14M521I	AB025701	EU009973
L	13635	638	*	*	*	*	*	AB025690	*
H	13635	100	90.0	+	0	0	21MD64MD13M540I	AB025701	AB025690
L	7958	599	*	*	*	*	*	AB025703	*
H	7958	100	100.0	+	0	0	100M499I	AB025703	AB025703
L	11413	662	*	*	*	*	*	FJ037727	*
H	11413	100	100.0	+	0	0	22I16MI8MI76M538I	AB025703	FJ037727
L	3859	644	*	*	*	*	*	EU888918	*
H	3859	100	100.0	+	0	0	46I16MI8MI76M496I	AB025703	EU888918
L	7954	603	*	*	*	*	*	AB025697	*
H	7954	100	96.0	+	0	0	13I100M490I	AB025703	AB025697
L	7978	553	*	*	*	*	*	HQ316566	*
H	7978	100	100.0	+	0	0	50I100M403I	HQ316566	HQ316566
L	4457	572	*	*	*	*	*	FJ770077	*
H	4457	100	100.0	+	0	0	11I100M461I	HQ316566	FJ770077
H	7982	100	100.0	+	0	0	49I100M470I	JQ256427	JQ256427
H	17678	100	95.0	+	0	0	40I40M2I49MI11M424I	JQ256427	DQ257360
H	3567	100	94.0	+	0	0	9I8MD29MI25MI37M327I	JQ256427	EU784374
L	3566	723	*	*	*	*	*	EU784373	*
H	3566	100	93.0	+	0	0	269I38MI54M5I8M348I	JQ256427	EU784373
L	7983	698	*	*	*	*	*	AY061682	*
H	7983	100	100.0	+	0	0	29I100M569I	AY061682	AY061682
H	28363	100	90.0	+	0	0	9I55M2D10MI18M2I15M534I	AY061682	JN944005
H	3003	100	90.0	+	0	0	49I55M2D10MI33M603I	AY061682	EU819429
L	7985	1801	*	*	*	*	*	AF539471	*
H	7985	100	100.0	+	0	0	100M1701I	AF539471	AF539471
L	17847	1798	*	*	*	*	*	AY225489	*
H	17847	100	91.0	+	0	0	100M1698I	AF539471	AY225489
L	7990	580	*	*	*	*	*	HQ267947	*
H	7990	100	100.0	+	0	0	11I100M469I	HQ267947	HQ267947
L	8032	920	*	*	*	*	*	FN669232	*
H	8032	100	100.0	+	0	0	100M820I	FN669232	FN669232
L	8046	596	*	*	*	*	*	GU203517	*
H	8046	100	100.0	+	0	0	100M496I	GU203517	GU203517
L	4839	637	*	*	*	*	*	AB470861	*
H	4839	100	100.0	+	0	0	40I100M497I	GU203517	AB470861
L	17265	381	*	*	*	*	*	AM159635	*
H	17265	100	97.0	+	0	0	90I100M191I	GU203517	AM159635
L	12637	641	*	*	*	*	*	HQ327997	*
H	12637	100	97.0	+	0	0	40I100M501I	GU203517	HQ327997
L	4996	636	*	*	*	*	*	FJ462753	*
H	4996	100	97.0	+	0	0	39I100M497I	GU203517	FJ462753
L	10402	574	*	*	*	*	*	JN222968	*
H	10402	100	100.0	+	0	0	20I100M454I	EF608062	JN222968
L	10403	594	*	*	*	*	*	FJ459928	*
H	10403	100	100.0	+	0	0	19I100M475I	EF608062	FJ459928
L	16853	683	*	*	*	*	*	EU822805	*
H	16853	100	100.0	+	0	0	180I100M403I	EF608062	EU822805
L	18131	598	*	*	*	*	*	EU734583	*
H	18131	100	100.0	+	0	0	30I100M468I	EF608062	EU734583
L	8050	555	*	*	*	*	*	EF608062	*
H	8050	100	100.0	+	0	0	100M455I	EF608062	EF608062
L	9641	531	*	*	*	*	*	FJ946317	*
H	9641	100	100.0	+	0	0	4I100M427I	AJ301709	FJ946317
L	9486	589	*	*	*	*	*	JF710512	*
H	9486	100	100.0	+	0	0	64I100M425I	AJ301709	JF710512
H	10667	100	100.0	+	0	0	25I100M421I	AJ301709	FJ467349
L	5797	566	*	*	*	*	*	FJ864712	*
H	5797	100	100.0	+	0	0	15I100M451I	AJ301709	FJ864712
L	2622	594	*	*	*	*	*	EU520187	*
H	2622	100	100.0	+	0	0	46I100M448I	AJ301709	EU520187
L	25678	286	*	*	*	*	*	HM243173	*
H	25678	100	100.0	+	0	0	12I100M174I	HQ340001	HM243173
L	8061	558	*	*	*	*	*	HQ340001	*
H	8061	100	100.0	+	0	0	100M458I	HQ340001	HQ340001
L	25673	277	*	*	*	*	*	HM243164	*
H	25673	100	100.0	+	0	0	12I100M165I	HQ340001	HM243164
L	25672	286	*	*	*	*	*	HM243161	*
H	25672	100	100.0	+	0	0	12I100M174I	HQ340001	HM243161
L	27053	593	*	*	*	*	*	JF304988	*
H	27053	100	100.0	+	0	0	22I100M471I	HQ340001	JF304988
L	27963	647	*	*	*	*	*	EF190221	*
H	27963	100	100.0	+	0	0	39I100M508I	AB054039	EF190221
L	8080	239	*	*	*	*	*	AB054039	*
H	8080	100	100.0	+	0	0	22I100M117I	AB054039	AB054039
L	9764	677	*	*	*	*	*	DQ897649	*
H	9764	100	100.0	+	0	0	138I79MI21M438I	AB054039	DQ897649
L	9026	643	*	*	*	*	*	HQ832796	*
H	9026	100	94.0	+	0	0	35I100M508I	AB054039	HQ832796
H	9764	100	97.0	-	0	0	542I100M35I	AB054039	DQ897649
L	8091	596	*	*	*	*	*	HQ589142	*
H	8091	100	100.0	+	0	0	14I100M482I	HQ589142	HQ589142
L	18097	614	*	*	*	*	*	AY373845	*
H	18097	100	94.0	+	0	0	11I70MI30M502I	HQ589142	AY373845
L	8187	576	*	*	*	*	*	FR733880	*
H	8187	100	92.0	+	0	0	2D68MI30M477I	HQ589142	FR733880
L	7965	624	*	*	*	*	*	GU183170	*
H	7965	100	98.0	+	0	0	34I100M490I	HQ589142	GU183170
L	3194	628	*	*	*	*	*	GQ461906	*
H	3194	100	98.0	+	0	0	35I27MI73M492I	HQ589142	GQ461906
H	8099	100	100.0	+	0	0	36I100M495I	GU166482	GU166482
H	2694	100	96.0	+	0	0	38I100M406I	GU166482	FJ903321
L	27918	608	*	*	*	*	*	JN198525	*
H	27918	100	95.0	+	0	0	7I11MI18MD70M501I	GU166482	JN198525
H	4556	100	93.0	+	0	0	43I100M412I	GU166482	FJ210523
H	6660	100	91.0	+	0	0	11I100M512I	GU166482	GU292822
L	8102	700	*	*	*	*	*	HM488760	*
H	8102	100	100.0	+	0	0	4I100M596I	HM488760	HM488760
L	27215	725	*	*	*	*	*	JF514532	*
H	27215	100	92.0	+	0	0	13I8MD91M613I	HM488760	JF514532
L	8101	730	*	*	*	*	*	HM488758	*
H	8101	100	91.0	+	0	0	I8MD68MI23M629I	HM488760	HM488758
L	25777	743	*	*	*	*	*	HM488751	*
H	25777	100	92.0	+	0	0	4I8MD91M640I	HM488760	HM488751
H	17526	100	90.0	+	0	0	71I8MD91M633I	HM488760	FJ172289
L	8140	691	*	*	*	*	*	HQ423449	*
H	8140	100	100.0	+	0	0	171I100M420I	HQ423449	HQ423449
L	8159	740	*	*	*	*	*	HQ607847	*
H	8159	100	100.0	+	0	0	35I100M605I	HQ607847	HQ607847
L	4858	711	*	*	*	*	*	FJ914704	*
H	4858	100	92.0	+	0	0	11I36MD63M601I	HQ607847	FJ914704
L	9215	675	*	*	*	*	*	AB456579	*
H	9215	100	91.0	+	0	0	8I36MD63M568I	HQ607847	AB456579
L	8162	639	*	*	*	*	*	HQ631054	*
H	8162	100	100.0	+	0	0	50I100M489I	HQ631054	HQ631054
L	9113	1153	*	*	*	*	*	HM469392	*
H	9113	100	98.0	+	0	0	11I65MD34M1043I	HQ631054	HM469392
L	8184	620	*	*	*	*	*	HQ608123	*
H	8184	100	98.0	+	0	0	35I65MD34M486I	HQ631054	HQ608123
L	11026	553	*	*	*	*	*	JN021533	*
H	11026	100	94.0	+	0	0	12I63MD36M442I	HQ631054	JN021533
L	10924	620	*	*	*	*	*	AY373926	*
H	10924	100	95.0	+	0	0	11I65MD34M510I	HQ631054	AY373926
L	8163	533	*	*	*	*	*	AY495433	*
H	8163	100	100.0	+	0	0	100M433I	AY495433	AY495433
L	23736	558	*	*	*	*	*	FN546958	*
H	23736	100	91.0	+	0	0	28I100M430I	AY495433	FN546958
L	8177	568	*	*	*	*	*	FN650647	*
H	8177	100	100.0	+	0	0	13I100M455I	FN650647	FN650647
L	7506	572	*	*	*	*	*	HM623322	*
H	7506	100	95.0	+	0	0	42I10MI90M429I	FN650647	HM623322
L	22711	542	*	*	*	*	*	FJ455873	*
H	22711	100	93.0	+	0	0	6I10MI90M435I	FN650647	FJ455873
L	8183	617	*	*	*	*	*	HQ608111	*
H	8183	100	100.0	+	0	0	35I100M482I	HQ608111	HQ608111
L	3506	620	*	*	*	*	*	GU566287	*
H	3506	100	90.0	+	0	0	49I100M471I	HQ608111	GU566287
H	18097	100	100.0	+	0	0	13I100M501I	FR733880	AY373845
H	8187	100	100.0	+	0	0	100M476I	FR733880	FR733880
H	8091	100	98.0	+	0	0	16I68MD23M6I8M475I	FR733880	HQ589142
L	10123	607	*	*	*	*	*	AY373909	*
H	10123	100	96.0	+	0	0	13I68MD31M495I	FR733880	AY373909
L	21481	577	*	*	*	*	*	EU551199	*
H	21481	100	93.0	+	0	0	39I66MD33M439I	FR733880	EU551199
L	209	779	*	*	*	*	*	DQ777971	*
H	209	100	100.0	+	0	0	29I100M650I	HQ604844	DQ777971
L	3002	744	*	*	*	*	*	EU819427	*
H	3002	100	100.0	+	0	0	49I100M595I	HQ604844	EU819427
L	3372	1282	*	*	*	*	*	EU486452	*
H	3372	100	100.0	+	0	0	5I100M1177I	HQ604844	EU486452
L	8241	1352	*	*	*	*	*	HQ604844	*
H	8241	100	100.0	+	0	0	38I100M1214I	HQ604844	HQ604844
L	13748	616	*	*	*	*	*	GU234011	*
H	13748	100	99.0	+	0	0	2I20MI80M513I	HQ604844	GU234011
L	8252	939	*	*	*	*	*	HQ439175	*
H	8252	100	100.0	+	0	0	100M839I	HQ439175	HQ439175
L	8263	475	*	*	*	*	*	GU570097	*
H	8263	100	100.0	+	0	0	100M375I	GU570097	GU570097
L	8265	476	*	*	*	*	*	GU570114	*
H	8265	100	94.0	+	0	0	34MI66M375I	GU570097	GU570114
L	28935	1944	*	*	*	*	*	DQ469291	*
H	28935	100	100.0	+	0	0	110I100M1734I	DQ365684	DQ469291
L	8271	523	*	*	*	*	*	DQ365684	*
H	8271	100	100.0	+	0	0	100M423I	DQ365684	DQ365684
L	39	525	*	*	*	*	*	DQ365667	*
H	39	100	99.0	+	0	0	100M425I	DQ365684	DQ365667
L	13513	526	*	*	*	*	*	DQ365681	*
H	13513	100	99.0	+	0	0	5MD75MI19M426I	DQ365684	DQ365681
L	26104	680	*	*	*	*	*	JQ711951	*
H	26104	100	98.0	+	0	0	128I100M452I	DQ365684	JQ711951
L	8272	1295	*	*	*	*	*	HQ604805	*
H	8272	100	100.0	+	0	0	36I100M1159I	HQ604805	HQ604805
L	23758	1901	*	*	*	*	*	FN550884	*
H	23758	100	96.0	+	0	0	47I100M1754I	HQ604805	FN550884
L	7750	595	*	*	*	*	*	HQ215784	*
H	7750	100	95.0	+	0	0	10I100M485I	HQ604805	HQ215784
L	17419	1883	*	*	*	*	*	AM882713	*
H	17419	100	95.0	+	0	0	25I8MD48MI43M1758I	HQ604805	AM882713
L	8426	1290	*	*	*	*	*	HQ604807	*
H	8426	100	94.0	+	0	0	38I48MI26MI26M1150I	HQ604805	HQ604807
L	8301	490	*	*	*	*	*	HQ725076	*
H	8301	100	100.0	+	0	0	I100M389I	HQ725076	HQ725076
L	8862	533	*	*	*	*	*	HM578955	*
H	8862	100	97.0	+	0	0	12I100M421I	HQ725076	HM578955
L	26656	624	*	*	*	*	*	EU034671	*
H	26656	100	96.0	+	0	0	8I100M516I	HQ725076	EU034671
L	20365	811	*	*	*	*	*	EF179801	*
H	20365	100	96.0	+	0	0	293I100M418I	HQ725076	EF179801
L	25852	524	*	*	*	*	*	HM578947	*
H	25852	100	96.0	+	0	0	12I100M412I	HQ725076	HM578947
L	8302	423	*	*	*	*	*	HQ413280	*
H	8302	100	100.0	+	0	0	181I100M142I	HQ413280	HQ413280
L	20247	910	*	*	*	*	*	EF093260	*
H	20247	100	90.0	+	0	0	638I100M172I	HQ413280	EF093260
L	8312	756	*	*	*	*	*	HQ533011	*
H	8312	100	100.0	+	0	0	15I100M641I	HQ533011	HQ533011
L	8321	508	*	*	*	*	*	GU300790	*
H	8321	100	100.0	+	0	0	4I100M404I	GU300790	GU300790
L	24931	584	*	*	*	*	*	GU300782	*
H	24931	100	96.0	+	0	0	15I100M469I	GU300790	GU300782
L	13330	570	*	*	*	*	*	AF116178	*
H	13330	100	94.0	+	0	0	13I100M457I	GU300790	AF116178
H	25	100	94.0	+	0	0	13I100M456I	GU300790	AF116177
L	14420	609	*	*	*	*	*	FJ494954	*
H	14420	100	92.0	+	0	0	34I100M475I	GU300790	FJ494954
L	8343	720	*	*	*	*	*	HM005147	*
H	8343	100	100.0	+	0	0	100M620I	HM005148	HM005147
L	8344	719	*	*	*	*	*	HM005148	*
H	8344	100	100.0	+	0	0	100M619I	HM005148	HM005148
L	8345	718	*	*	*	*	*	HM005152	*
H	8345	100	100.0	+	0	0	100M618I	HM005148	HM005152
L	8346	719	*	*	*	*	*	HM005149	*
H	8346	100	97.0	+	0	0	65MI35M618I	HM005148	HM005149
L	24414	757	*	*	*	*	*	GQ913399	*
H	24414	100	93.0	+	0	0	55M2I15M3I30M652I	HM005148	GQ913399
L	8352	509	*	*	*	*	*	FJ571497	*
H	8352	100	100.0	+	0	0	100M409I	FJ571497	FJ571497
L	23997	551	*	*	*	*	*	GQ131880	*
H	23997	100	100.0	+	0	0	52I13MI87M398I	FJ571497	GQ131880
L	19101	479	*	*	*	*	*	AY555967	*
H	19101	100	99.0	+	0	0	17I13MI35MD51M362I	FJ571497	AY555967
L	26616	547	*	*	*	*	*	HQ649867	*
H	26616	100	98.0	+	0	0	56I13MI87M390I	FJ571497	HQ649867
H	7553	100	100.0	+	0	0	166I100M284I	FJ861408	GU067744
H	511	100	100.0	+	0	0	98I100M328I	FJ861408	AB539734
L	8357	484	*	*	*	*	*	FJ861408	*
H	8357	100	100.0	+	0	0	63I100M321I	FJ861408	FJ861408
H	21918	100	99.0	+	0	0	131I36MD63M923I	FJ861408	EU715685
L	27012	577	*	*	*	*	*	JF273527	*
H	27012	100	99.0	+	0	0	126I36MD63M352I	FJ861408	JF273527
L	8370	1316	*	*	*	*	*	HQ604080	*
H	8370	100	100.0	+	0	0	38I100M1178I	HQ604080	HQ604080
L	26462	1329	*	*	*	*	*	HQ604084	*
H	26462	100	97.0	+	0	0	38I51M5I19M2D28M1188I	HQ604080	HQ604084
L	26463	1305	*	*	*	*	*	HQ604090	*
H	26463	100	95.0	+	0	0	38I70M2D28M1169I	HQ604080	HQ604090
L	24272	650	*	*	*	*	*	UDB011885	*
H	24272	100	97.0	+	0	0	5I49M2I21M2D28M545I	HQ604080	UDB011885
L	24269	575	*	*	*	*	*	JF908143	*
H	24269	100	95.0	+	0	0	5I50M10I50M460I	HQ604080	JF908143
H	8378	100	100.0	+	0	0	38I100M1178I	HQ604206	HQ604206
H	8377	100	90.0	+	0	0	35I100M1220I	HQ604206	HQ604180
H	27509	100	93.0	+	0	0	50I41M2I10M2I49M500I	HQ604206	JF908159
L	26465	1383	*	*	*	*	*	HQ604166	*
H	26465	100	90.0	+	0	0	38I51MI9M3D37M1247I	HQ604206	HQ604166
H	7594	100	90.0	+	0	0	39I62MD37M628I	HQ604206	GU234156
L	8381	1087	*	*	*	*	*	HQ604212	*
H	8381	94	100.0	+	0	0	94M993I	HQ604212	HQ604212
H	17465	94	91.5	+	0	0	231I38MD55M1611I	HQ604212	AM882931
L	27514	533	*	*	*	*	*	JF908186	*
H	27514	94	92.6	+	0	0	188I38MD55M252I	HQ604212	JF908186
L	9419	637	*	*	*	*	*	HQ215790	*
H	9419	94	94.7	+	0	0	220I32MI62M322I	HQ604212	HQ215790
L	26484	1350	*	*	*	*	*	HQ604391	*
H	26484	94	92.6	+	0	0	240I38MI16M3I40M1012I	HQ604212	HQ604391
H	8388	100	100.0	+	0	0	38I100M1246I	HQ604265	HQ604265
L	8395	1325	*	*	*	*	*	HQ604446	*
H	8395	100	100.0	+	0	0	38I100M1187I	HQ604446	HQ604446
L	5691	1912	*	*	*	*	*	AM882815	*
H	5691	100	98.0	+	0	0	17I100M1795I	HQ604446	AM882815
L	2354	722	*	*	*	*	*	GQ267473	*
H	2354	100	97.0	+	0	0	49I90MI10M572I	HQ604446	GQ267473
L	25572	648	*	*	*	*	*	AB327181	*
H	25572	100	97.0	+	0	0	52I90MI10M495I	HQ604446	AB327181
L	17032	434	*	*	*	*	*	AJ534716	*
H	17032	100	96.0	+	0	0	10I100M324I	HQ604446	AJ534716
L	8398	1256	*	*	*	*	*	HQ604521	*
H	8398	100	100.0	+	0	0	100M1156I	HQ604521	HQ604521
L	24405	567	*	*	*	*	*	GQ893018	*
H	24405	100	90.0	+	0	0	5D31MD63M473I	HQ604521	GQ893018
L	26429	726	*	*	*	*	*	HQ586855	*
H	26429	100	91.0	+	0	0	48I36MD53MD9M580I	HQ604521	HQ586855
L	8396	1305	*	*	*	*	*	HQ604510	*
H	8396	100	90.0	+	0	0	52I90MD9M1154I	HQ604521	HQ604510
L	9638	686	*	*	*	*	*	EF644109	*
H	9638	100	93.0	+	0	0	2I44MI46MD9M584I	HQ604521	EF644109
L	8404	1353	*	*	*	*	*	HQ604625	*
H	8404	100	100.0	+	0	0	38I100M1215I	HQ604625	HQ604625
H	8426	100	100.0	+	0	0	38I100M1152I	HQ604807	HQ604807
L	7751	593	*	*	*	*	*	HQ215786	*
H	7751	100	96.0	+	0	0	10I50M2D48M485I	HQ604807	HQ215786
H	23758	100	96.0	+	0	0	47I51MD23MD24M1756I	HQ604807	FN550884
L	26497	1354	*	*	*	*	*	HQ604635	*
H	26497	100	90.0	+	0	0	38I54M10I20M2D24M1208I	HQ604807	HQ604635
L	26514	1295	*	*	*	*	*	HQ604808	*
H	26514	100	93.0	+	0	0	35I59MI16MD24M1160I	HQ604807	HQ604808
L	8451	760	*	*	*	*	*	HM005144	*
H	8451	100	100.0	+	0	0	100M660I	HM005144	HM005144
L	8482	535	*	*	*	*	*	AY265326	*
H	8482	100	100.0	+	0	0	11I100M424I	AY265326	AY265326
L	7914	578	*	*	*	*	*	HQ283076	*
H	7914	100	91.0	+	0	0	49I58MI42M428I	AY265326	HQ283076
L	8481	534	*	*	*	*	*	AY265321	*
H	8481	100	93.0	+	0	0	11I59MD29MD10M425I	AY265326	AY265321
L	25279	518	*	*	*	*	*	GU973634	*
H	25279	100	100.0	+	0	0	9I100M409I	HQ693230	GU973634
L	10693	555	*	*	*	*	*	EF488446	*
H	10693	100	100.0	+	0	0	23I100M432I	HQ693230	EF488446
L	8507	559	*	*	*	*	*	HQ693230	*
H	8507	100	100.0	+	0	0	13I100M446I	HQ693230	HQ693230
L	21483	522	*	*	*	*	*	EU551203	*
H	21483	100	98.0	+	0	0	28I100M394I	HQ693230	EU551203
L	28006	556	*	*	*	*	*	GU565135	*
H	28006	100	93.0	+	0	0	25I100M431I	HQ693230	GU565135
H	8526	100	100.0	+	0	0	100M483I	GU183864	GU183864
L	5598	399	*	*	*	*	*	GU062259	*
H	5598	100	95.0	+	0	0	28I69MD30M272I	GU183864	GU062259
L	8559	588	*	*	*	*	*	DQ823420	*
H	8559	100	100.0	+	0	0	100M488I	DQ823420	DQ823420
L	17287	575	*	*	*	*	*	AJ536610	*
H	17287	100	98.0	+	0	0	2D98M477I	DQ823420	AJ536610
L	24176	587	*	*	*	*	*	DQ823421	*
H	24176	100	97.0	+	0	0	87MD12M488I	DQ823420	DQ823421
L	17034	1915	*	*	*	*	*	AJ535501	*
H	17034	100	95.0	+	0	0	1716I47MI39M20I14M78I	DQ823420	AJ535501
L	20486	607	*	*	*	*	*	DQ823428	*
H	20486	100	90.0	+	0	0	100M507I	DQ823420	DQ823428
L	8583	546	*	*	*	*	*	EF641875	*
H	8583	100	100.0	+	0	0	100M446I	EF641875	EF641875
L	14335	614	*	*	*	*	*	FJ810138	*
H	14335	100	99.0	+	0	0	43I100M471I	EF641875	FJ810138
L	13009	262	*	*	*	*	*	AY943967	*
H	13009	100	99.0	+	0	0	19I100M143I	EF641875	AY943967
L	7671	615	*	*	*	*	*	FJ810136	*
H	7671	100	97.0	+	0	0	43I100M472I	EF641875	FJ810136
L	17276	1165	*	*	*	*	*	AB378506	*
H	17276	100	95.0	+	0	0	21I28MI72M1043I	EF641875	AB378506
L	11865	614	*	*	*	*	*	AM888390	*
H	11865	100	100.0	+	0	0	125I100M389I	EF113578	AM888390
L	25520	589	*	*	*	*	*	GU479401	*
H	25520	100	100.0	+	0	0	126I100M363I	EF113578	GU479401
L	5380	576	*	*	*	*	*	GQ426038	*
H	5380	100	100.0	+	0	0	111I100M365I	EF113578	GQ426038
L	5377	602	*	*	*	*	*	GQ426035	*
H	5377	100	100.0	+	0	0	107I55MI45M394I	EF113578	GQ426035
L	5381	603	*	*	*	*	*	GQ426039	*
H	5381	100	100.0	+	0	0	112I100M391I	EF113578	GQ426039
L	8632	596	*	*	*	*	*	HQ676138	*
H	8632	100	100.0	+	0	0	13I100M483I	HQ676138	HQ676138
L	8630	606	*	*	*	*	*	HQ676142	*
H	8630	100	96.0	+	0	0	13I100M493I	HQ676138	HQ676142
L	3049	593	*	*	*	*	*	EU840673	*
H	3049	100	93.0	+	0	0	12I100M481I	HQ676138	EU840673
L	3051	548	*	*	*	*	*	EU840674	*
H	3051	100	93.0	+	0	0	23I18MI82M424I	HQ676138	EU840674
L	3050	596	*	*	*	*	*	EU840676	*
H	3050	100	92.0	+	0	0	4I100M492I	HQ676138	EU840676
H	8656	100	100.0	+	0	0	6I100M547I	HQ650732	HQ650732
L	5017	608	*	*	*	*	*	EU523566	*
H	5017	100	91.0	+	0	0	4D49M2D45M514I	HQ650732	EU523566
L	8397	1335	*	*	*	*	*	HQ604520	*
H	8397	100	98.0	+	0	0	38I55MI39MI6M1195I	HQ650732	HQ604520
H	8377	100	93.0	+	0	0	35I57M8I43M1212I	HQ650732	HQ604180
L	27507	714	*	*	*	*	*	JF908156	*
H	27507	100	95.0	+	0	0	50I57M3I43M561I	HQ650732	JF908156
L	8662	504	*	*	*	*	*	HQ605932	*
H	8662	100	100.0	+	0	0	100M404I	HQ605932	HQ605932
L	9821	584	*	*	*	*	*	HQ650596	*
H	9821	100	92.0	+	0	0	20I100M464I	HQ605932	HQ650596
L	8664	830	*	*	*	*	*	AY667581	*
H	8664	100	100.0	+	0	0	242I100M488I	AY667581	AY667581
L	12410	926	*	*	*	*	*	DQ534471	*
H	12410	100	94.0	+	0	0	284I100M542I	AY667581	DQ534471
L	8667	563	*	*	*	*	*	HQ605937	*
H	8667	100	95.0	+	0	0	17I100M446I	AY667581	HQ605937
L	8670	861	*	*	*	*	*	HM748910	*
H	8670	100	100.0	+	0	0	373I100M388I	HM748910	HM748910
L	9648	570	*	*	*	*	*	AJ504640	*
H	9648	100	100.0	+	0	0	35I100M435I	HM748910	AJ504640
L	11172	545	*	*	*	*	*	EU345429	*
H	11172	100	99.0	+	0	0	13I100M432I	HM748910	EU345429
L	25634	823	*	*	*	*	*	HM195231	*
H	25634	100	100.0	+	0	0	405I100M318I	HM748910	HM195231
L	25633	820	*	*	*	*	*	HM195229	*
H	25633	100	100.0	+	0	0	386I100M334I	HM748910	HM195229
L	8671	510	*	*	*	*	*	AB554112	*
H	8671	100	100.0	+	0	0	100M410I	AB554112	AB554112
L	15182	511	*	*	*	*	*	AB554100	*
H	15182	100	96.0	+	0	0	68MI32M410I	AB554112	AB554100
L	8673	2427	*	*	*	*	*	HQ599379	*
H	8673	100	100.0	+	0	0	132I100M2195I	HQ599379	HQ599379
L	8684	822	*	*	*	*	*	GU733709	*
H	8684	100	100.0	+	0	0	100M722I	GU733709	GU733709
L	22321	513	*	*	*	*	*	FJ489869	*
H	22321	100	100.0	+	0	0	I100M412I	U18357	FJ489869
L	8696	572	*	*	*	*	*	U18357	*
H	8696	100	100.0	+	0	0	33I100M439I	U18357	U18357
L	28255	208	*	*	*	*	*	HM104685	*
H	28255	100	99.0	+	0	0	11I100M97I	U18357	HM104685
L	27816	645	*	*	*	*	*	JN157802	*
H	27816	100	98.0	+	0	0	302I100M243I	U18357	JN157802
L	22317	485	*	*	*	*	*	DQ865096	*
H	22317	100	99.0	+	0	0	100M385I	U18357	DQ865096
L	8719	626	*	*	*	*	*	JQ397115	*
H	8719	100	100.0	+	0	0	100M526I	JQ397115	JQ397115
L	8731	548	*	*	*	*	*	JN813394	*
H	8731	100	100.0	+	0	0	100M448I	JN813394	JN813394
L	26745	574	*	*	*	*	*	JN813390	*
H	26745	100	98.0	+	0	0	7MI25MI68M472I	JN813394	JN813390
L	9429	573	*	*	*	*	*	HQ699644	*
H	9429	100	96.0	+	0	0	I7M2I93M470I	JN813394	HQ699644
L	26979	542	*	*	*	*	*	HQ917070	*
H	26979	100	93.0	+	0	0	I7M2I64MI29M438I	JN813394	HQ917070
L	26753	622	*	*	*	*	*	HQ699658	*
H	26753	100	95.0	+	0	0	51I7M2I85MD7M470I	JN813394	HQ699658
L	8736	701	*	*	*	*	*	HQ888725	*
H	8736	100	100.0	+	0	0	54I100M547I	HQ888725	HQ888725
L	8756	528	*	*	*	*	*	HQ615930	*
H	8756	100	100.0	+	0	0	100M428I	HQ615930	HQ615930
H	13580	100	100.0	+	0	0	198I100M1435I	AB113352	AB027373
H	8788	100	100.0	+	0	0	2076I100M518I	AB113352	AB113352
H	1732	100	94.0	+	0	0	38I100M476I	AB113352	EU081846
H	8793	100	100.0	+	0	0	4I100M434I	AY243621	AY243621
L	6255	704	*	*	*	*	*	AY243626	*
H	6255	100	100.0	+	0	0	4I61MI39M599I	AY243621	AY243626
L	21041	671	*	*	*	*	*	EU141950	*
H	21041	100	98.0	+	0	0	4I80MI20M566I	AY243621	EU141950
H	6084	100	98.0	+	0	0	4I100M519I	AY243621	GU136182
L	6085	655	*	*	*	*	*	GU136184	*
H	6085	100	97.0	+	0	0	4I100M551I	AY243621	GU136184
L	8803	582	*	*	*	*	*	AY313067	*
H	8803	100	100.0	+	0	0	13I100M469I	AY313067	AY313067
H	8801	100	98.0	+	0	0	5I27MI27M2I46M482I	AY313067	FJ515188
H	14557	100	97.0	+	0	0	11I27MI27M2I38M2I8M484I	AY313067	AF444578
L	11775	658	*	*	*	*	*	JN636811	*
H	11775	100	94.0	+	0	0	28I27MI29MI6M2I19MI19M525I	AY313067	JN636811
L	16345	618	*	*	*	*	*	AF444544	*
H	16345	100	95.0	+	0	0	11I27MI27M2I13M2I13MI12M3I8M498I	AY313067	AF444544
L	8804	592	*	*	*	*	*	AY313068	*
H	8804	100	100.0	+	0	0	13I100M479I	AY313068	AY313068
L	12092	2672	*	*	*	*	*	AB112077	*
H	12092	100	93.0	+	0	0	2137I31MD68M436I	AY313068	AB112077
L	12093	2948	*	*	*	*	*	AB112078	*
H	12093	100	92.0	+	0	0	2413I31MD68M436I	AY313068	AB112078
L	8810	513	*	*	*	*	*	AY313079	*
H	8810	100	100.0	+	0	0	12I100M401I	AY313079	AY313079
L	3306	524	*	*	*	*	*	AF444582	*
H	3306	100	98.0	+	0	0	11I8MI72MI20M411I	AY313079	AF444582
L	15247	1159	*	*	*	*	*	AB638334	*
H	15247	100	95.0	+	0	0	26I8MI92M1032I	AY313079	AB638334
L	16350	526	*	*	*	*	*	AF444576	*
H	16350	100	95.0	+	0	0	11I8MI72MI6MI14M412I	AY313079	AF444576
L	8812	537	*	*	*	*	*	AY313081	*
H	8812	100	100.0	+	0	0	12I100M425I	AY313081	AY313081
L	14392	497	*	*	*	*	*	AB038046	*
H	14392	100	93.0	+	0	0	2D56MD5MD12MI23M400I	AY313081	AB038046
L	8820	566	*	*	*	*	*	GQ900529	*
H	8820	100	100.0	+	0	0	100M466I	GQ900529	GQ900529
L	8835	692	*	*	*	*	*	HM999964	*
H	8835	100	100.0	+	0	0	100M592I	HM999964	HM999964
L	18078	598	*	*	*	*	*	FJ545230	*
H	18078	100	100.0	+	0	0	9I100M489I	EU938590	FJ545230
L	8861	559	*	*	*	*	*	EU938590	*
H	8861	100	100.0	+	0	0	100M459I	EU938590	EU938590
L	8860	804	*	*	*	*	*	HM748580	*
H	8860	100	100.0	+	0	0	360I100M344I	EU938590	HM748580
L	21193	936	*	*	*	*	*	EU285266	*
H	21193	100	99.0	+	0	0	469I20MI80M366I	EU938590	EU285266
L	23481	652	*	*	*	*	*	FJ914990	*
H	23481	100	97.0	+	0	0	31I100M521I	EU938590	FJ914990
L	8864	514	*	*	*	*	*	HM579017	*
H	8864	100	100.0	+	0	0	12I100M402I	HM579017	HM579017
H	26656	100	99.0	+	0	0	8I100M516I	HM579017	EU034671
H	25852	100	99.0	+	0	0	12I100M412I	HM579017	HM578947
L	25850	526	*	*	*	*	*	HM578759	*
H	25850	100	99.0	+	0	0	12I100M414I	HM579017	HM578759
L	1897	811	*	*	*	*	*	EU266089	*
H	1897	100	99.0	+	0	0	423I58MI42M287I	HM579017	EU266089
L	8876	510	*	*	*	*	*	FN394721	*
H	8876	100	100.0	+	0	0	100M410I	FN394721	FN394721
L	22680	486	*	*	*	*	*	FJ884130	*
H	22680	100	98.0	+	0	0	9I25MI75M376I	FN394721	FJ884130
L	4594	571	*	*	*	*	*	HQ631025	*
H	4594	100	96.0	+	0	0	61I100M410I	FN394721	HQ631025
L	26247	578	*	*	*	*	*	HQ631068	*
H	26247	100	98.0	+	0	0	61I60MI40M416I	FN394721	HQ631068
L	25256	489	*	*	*	*	*	GU973640	*
H	25256	100	97.0	+	0	0	24I60MI40M364I	FN394721	GU973640
L	496	386	*	*	*	*	*	DQ993594	*
H	496	100	100.0	+	0	0	83I100M203I	FJ710057	DQ993594
L	494	578	*	*	*	*	*	GU176485	*
H	494	100	100.0	+	0	0	111I100M367I	FJ710057	GU176485
L	464	611	*	*	*	*	*	DQ888741	*
H	464	100	100.0	+	0	0	131I100M380I	FJ710057	DQ888741
H	6719	100	100.0	+	0	0	107I100M322I	FJ710057	FJ861396
L	8900	449	*	*	*	*	*	FJ710057	*
H	8900	100	100.0	+	0	0	57I100M292I	FJ710057	FJ710057
L	8937	584	*	*	*	*	*	JF343576	*
H	8937	100	100.0	+	0	0	12I100M472I	JF343576	JF343576
H	23749	100	100.0	+	0	0	225I100M1121I	FN825912	FN547612
L	8941	1486	*	*	*	*	*	FN825912	*
H	8941	100	100.0	+	0	0	222I100M1164I	FN825912	FN825912
H	23597	100	93.0	+	0	0	272I42M2D21MD27MI7M1289I	FN825912	FM876833
H	2874	100	93.0	+	0	0	498I40M3I25MD9MD24M152I	FN825912	AM947674
L	8946	641	*	*	*	*	*	HQ698149	*
H	8946	100	100.0	+	0	0	40I100M501I	HQ698149	HQ698149
L	26740	664	*	*	*	*	*	HQ698118	*
H	26740	100	97.0	+	0	0	49I28M3I30MD41M513I	HQ698149	HQ698118
L	8948	584	*	*	*	*	*	AF276677	*
H	8948	100	90.0	+	0	0	8D21MI29MD41M492I	HQ698149	AF276677
L	26739	653	*	*	*	*	*	HQ698100	*
H	26739	100	91.0	+	0	0	39I27M4I9M3I21MD42M508I	HQ698149	HQ698100
L	28563	307	*	*	*	*	*	U40474	*
H	28563	100	90.0	+	0	0	98I32MD25MD24MI17M110I	HQ698149	U40474
L	8959	1692	*	*	*	*	*	FR750201	*
H	8959	100	100.0	+	0	0	272I100M1320I	FR750201	FR750201
L	8972	654	*	*	*	*	*	HQ847055	*
H	8972	100	100.0	+	0	0	100M554I	HQ847055	HQ847055
L	8984	510	*	*	*	*	*	GQ355934	*
H	8984	100	100.0	+	0	0	100M410I	GQ355934	GQ355934
L	26726	556	*	*	*	*	*	HQ696075	*
H	26726	100	97.0	+	0	0	24I100M432I	GQ355934	HQ696075
L	8982	554	*	*	*	*	*	HQ696035	*
H	8982	100	96.0	+	0	0	32I100M422I	GQ355934	HQ696035
L	26721	572	*	*	*	*	*	EU267793	*
H	26721	100	98.0	+	0	0	43I61MD38M430I	GQ355934	EU267793
L	14689	553	*	*	*	*	*	AB255277	*
H	14689	100	98.0	+	0	0	20I22MI39MD38M433I	GQ355934	AB255277
L	8996	670	*	*	*	*	*	AY918956	*
H	8996	100	100.0	+	0	0	100M570I	AY918956	AY918956
L	8998	697	*	*	*	*	*	GU479265	*
H	8998	100	98.0	+	0	0	17I100M580I	AY918956	GU479265
L	25054	672	*	*	*	*	*	GU479269	*
H	25054	100	96.0	+	0	0	17I100M555I	AY918956	GU479269
L	9004	638	*	*	*	*	*	GU479322	*
H	9004	100	93.0	+	0	0	3D49M2I48M539I	AY918956	GU479322
L	10476	731	*	*	*	*	*	GQ267472	*
H	10476	100	91.0	+	0	0	52I100M579I	AY918956	GQ267472
L	9001	626	*	*	*	*	*	GU479355	*
H	9001	100	100.0	+	0	0	100M526I	GU479355	GU479355
H	25054	100	98.0	+	0	0	22I52MD47M551I	GU479355	GU479269
L	6387	634	*	*	*	*	*	GU479327	*
H	6387	100	98.0	+	0	0	52MD47M535I	GU479355	GU479327
L	25049	689	*	*	*	*	*	GU479236	*
H	25049	100	95.0	+	0	0	30I52MD23M2D22M562I	GU479355	GU479236
L	24965	671	*	*	*	*	*	EU784361	*
H	24965	100	97.0	+	0	0	D46MD52M573I	GU479355	EU784361
L	9009	615	*	*	*	*	*	HQ630276	*
H	9009	100	100.0	+	0	0	100M515I	HQ630276	HQ630276
L	9010	650	*	*	*	*	*	HQ630279	*
H	9010	100	100.0	+	0	0	100M550I	HQ630279	HQ630279
L	9046	571	*	*	*	*	*	HQ633053	*
H	9046	100	100.0	+	0	0	3I100M468I	HQ633053	HQ633053
L	9061	850	*	*	*	*	*	HQ714767	*
H	9061	100	100.0	+	0	0	100M750I	HQ714767	HQ714767
L	26780	850	*	*	*	*	*	HQ714794	*
H	26780	100	90.0	+	0	0	8D92M758I	HQ714767	HQ714794
L	17065	688	*	*	*	*	*	AJ555532	*
H	17065	100	94.0	+	0	0	19I6M3I94M566I	HQ714767	AJ555532
L	17066	684	*	*	*	*	*	AJ555534	*
H	17066	100	95.0	+	0	0	16I8MI92M567I	HQ714767	AJ555534
L	23413	689	*	*	*	*	*	AJ555529	*
H	23413	100	95.0	+	0	0	19I8MI92M569I	HQ714767	AJ555529
L	9085	498	*	*	*	*	*	GU994553	*
H	9085	100	100.0	+	0	0	100M398I	GU994553	GU994553
L	9087	487	*	*	*	*	*	GU994555	*
H	9087	100	100.0	+	0	0	3I100M384I	GU994555	GU994555
H	25301	100	93.0	+	0	0	232I49MI17M2I34M424I	GU994555	AF115760
H	26785	100	93.0	+	0	0	66M2I34M445I	GU994555	HQ725088
L	25853	522	*	*	*	*	*	HM578889	*
H	25853	100	94.0	+	0	0	11I66M2I34M409I	GU994555	HM578889
L	10087	548	*	*	*	*	*	HQ725082	*
H	10087	100	94.0	+	0	0	66M2I34M446I	GU994555	HQ725082
L	9135	657	*	*	*	*	*	JF701735	*
H	9135	100	100.0	+	0	0	26I100M531I	JF701735	JF701735
H	3850	100	94.0	+	0	0	11I100M590I	JF701735	FJ440209
H	27781	100	94.0	+	0	0	22I89MI11M589I	JF701735	EF429208
H	27649	100	91.0	+	0	0	23I100M614I	JF701735	JF701748
H	22533	100	94.0	+	0	0	11I89MI11M570I	JF701735	FJ236315
L	9138	736	*	*	*	*	*	JF701738	*
H	9138	100	100.0	+	0	0	22I100M614I	JF701738	JF701738
H	27649	100	98.0	+	0	0	23I100M614I	JF701738	JF701748
H	20488	100	98.0	+	0	0	11I100M601I	JF701738	FJ440211
H	22533	100	98.0	+	0	0	11I84MI16M570I	JF701738	FJ236315
H	27781	100	98.0	+	0	0	22I84MI16M589I	JF701738	EF429208
L	9146	750	*	*	*	*	*	JF701779	*
H	9146	100	100.0	+	0	0	39I100M611I	JF701779	JF701779
L	9149	623	*	*	*	*	*	HQ876602	*
H	9149	100	100.0	+	0	0	8I100M515I	HQ876602	HQ876602
L	18389	670	*	*	*	*	*	AY593867	*
H	18389	100	91.0	+	0	0	35I9M2I91M533I	HQ876602	AY593867
L	25545	793	*	*	*	*	*	HM130706	*
H	25545	100	94.0	+	0	0	217I9M2I21MD69M475I	HQ876602	HM130706
L	4848	634	*	*	*	*	*	FJ462770	*
H	4848	100	94.0	+	0	0	11I9M2I63MI28M520I	HQ876602	FJ462770
L	6725	641	*	*	*	*	*	EU021460	*
H	6725	100	94.0	+	0	0	12I9M2I21MD69M528I	HQ876602	EU021460
L	9172	528	*	*	*	*	*	FR799208	*
H	9172	100	100.0	+	0	0	100M428I	FR799208	FR799208
L	9174	539	*	*	*	*	*	FR799215	*
H	9174	100	100.0	+	0	0	100M439I	FR799215	FR799215
L	9827	539	*	*	*	*	*	FR799216	*
H	9827	100	99.0	+	0	0	100M439I	FR799215	FR799216
L	12411	563	*	*	*	*	*	AY541275	*
H	12411	100	96.0	+	0	0	100M463I	FR799215	AY541275
L	9173	537	*	*	*	*	*	FR799213	*
H	9173	100	95.0	+	0	0	100M437I	FR799215	FR799213
L	16632	508	*	*	*	*	*	AF517929	*
H	16632	100	90.0	+	0	0	8M2D90M410I	FR799215	AF517929
L	9175	459	*	*	*	*	*	AF282074	*
H	9175	100	100.0	+	0	0	100M359I	AF282074	AF282074
L	9199	579	*	*	*	*	*	GU256759	*
H	9199	100	100.0	+	0	0	100M479I	GU256759	GU256759
L	21723	632	*	*	*	*	*	GQ461911	*
H	21723	100	100.0	+	0	0	38I100M494I	GU256759	GQ461911
L	11028	588	*	*	*	*	*	FJ011536	*
H	11028	100	100.0	+	0	0	40I100M448I	GU256759	FJ011536
L	27306	566	*	*	*	*	*	EF568102	*
H	27306	100	92.0	+	0	0	8D92M474I	GU256759	EF568102
L	1209	2273	*	*	*	*	*	GQ338244	*
H	1209	100	96.0	+	0	0	1721I90MD9M453I	GU256759	GQ338244
L	9239	563	*	*	*	*	*	HQ829140	*
H	9239	100	100.0	+	0	0	6I100M457I	HQ829140	HQ829140
L	4571	578	*	*	*	*	*	GQ376096	*
H	4571	100	96.0	+	0	0	11I100M467I	HQ829140	GQ376096
L	3073	589	*	*	*	*	*	EU847424	*
H	3073	100	95.0	+	0	0	12I100M477I	HQ829140	EU847424
L	2763	581	*	*	*	*	*	EU520226	*
H	2763	100	92.0	+	0	0	13I21M2I79M466I	HQ829140	EU520226
L	20968	526	*	*	*	*	*	EU045552	*
H	20968	100	92.0	+	0	0	11I90MD9M416I	HQ829140	EU045552
L	9241	528	*	*	*	*	*	JF681960	*
H	9241	100	100.0	+	0	0	100M428I	JF681960	JF681960
L	9251	455	*	*	*	*	*	AF389161	*
H	9251	100	100.0	+	0	0	14I100M341I	AF389161	AF389161
L	24819	711	*	*	*	*	*	GU233321	*
H	24819	100	100.0	+	0	0	41I100M570I	AF389161	GU233321
L	24799	723	*	*	*	*	*	GU233333	*
H	24799	100	99.0	+	0	0	49I100M574I	AF389161	GU233333
L	24792	675	*	*	*	*	*	GU233322	*
H	24792	100	99.0	+	0	0	49I100M526I	AF389161	GU233322
L	13877	834	*	*	*	*	*	DQ328088	*
H	13877	100	99.0	+	0	0	39I100M695I	AF389161	DQ328088
L	9252	675	*	*	*	*	*	AF389163	*
H	9252	100	100.0	+	0	0	I100M574I	AF389163	AF389163
H	9251	100	98.0	+	0	0	14I63MD36M342I	AF389163	AF389161
H	24819	100	98.0	+	0	0	41I63MD36M571I	AF389163	GU233321
L	12859	1291	*	*	*	*	*	EU056989	*
H	12859	100	98.0	+	0	0	16I100M1175I	AF389163	EU056989
L	11929	1256	*	*	*	*	*	EU057071	*
H	11929	100	97.0	+	0	0	4I62MD37M1153I	AF389163	EU057071
L	9266	633	*	*	*	*	*	HQ917069	*
H	9266	100	100.0	+	0	0	146I100M387I	HQ917069	HQ917069
H	26979	100	92.0	+	0	0	D99M443I	HQ917069	HQ917070
L	26744	581	*	*	*	*	*	HQ699628	*
H	26744	100	90.0	+	0	0	51I75MD24M431I	HQ917069	HQ699628
H	9278	100	100.0	+	0	0	15I100M569I	AB080531	AB080531
H	23482	100	98.0	+	0	0	36I100M513I	AB080531	FJ917410
H	1488	100	98.0	+	0	0	12I100M592I	AB080531	AB080533
H	1492	100	94.0	+	0	0	12I36M3I64M590I	AB080531	AB080530
H	1491	100	96.0	+	0	0	11I100M590I	AB080531	AB080487
L	9299	736	*	*	*	*	*	HQ845170	*
H	9299	100	100.0	+	0	0	25I100M611I	HQ845170	HQ845170
L	3394	1186	*	*	*	*	*	FJ039535	*
H	3394	100	99.0	+	0	0	7I22MD77M1080I	HQ845170	FJ039535
L	28970	584	*	*	*	*	*	U56029	*
H	28970	100	99.0	+	0	0	13I22MD77M472I	HQ845170	U56029
L	2971	1132	*	*	*	*	*	FJ039685	*
H	2971	100	99.0	+	0	0	3I22MD77M1030I	HQ845170	FJ039685
H	547	100	99.0	+	0	0	41I22MD77M1104I	HQ845170	AY669658
L	9352	646	*	*	*	*	*	AB594842	*
H	9352	100	100.0	+	0	0	100M546I	AB594842	AB594842
L	9974	590	*	*	*	*	*	HQ586874	*
H	9974	100	90.0	+	0	0	48I13MI52MI35M440I	AB594842	HQ586874
L	8400	716	*	*	*	*	*	DQ822809	*
H	8400	100	90.0	+	0	0	31I100M585I	AB594842	DQ822809
L	7219	684	*	*	*	*	*	EU819490	*
H	7219	100	92.0	+	0	0	58I20M6I20M3I21M7I39M510I	AB594842	EU819490
L	26432	680	*	*	*	*	*	HQ586864	*
H	26432	100	92.0	+	0	0	45I18M6I16M2I6M3I21M8I39M516I	AB594842	HQ586864
L	9353	847	*	*	*	*	*	HQ593534	*
H	9353	100	100.0	+	0	0	100M747I	HQ593534	HQ593534
L	9394	2455	*	*	*	*	*	AY325966	*
H	9394	100	100.0	+	0	0	1777I100M578I	AY325966	AY325966
L	9395	444	*	*	*	*	*	AY330994	*
H	9395	100	100.0	+	0	0	100M344I	AY330994	AY330994
L	9397	457	*	*	*	*	*	AY331001	*
H	9397	100	90.0	+	0	0	14I100M343I	AY330994	AY331001
L	9400	617	*	*	*	*	*	HQ148095	*
H	9400	100	100.0	+	0	0	9I100M508I	HQ148095	HQ148095
L	11788	618	*	*	*	*	*	GU220382	*
H	11788	100	99.0	+	0	0	11I100M507I	HQ148095	GU220382
L	6362	586	*	*	*	*	*	GU980696	*
H	6362	100	99.0	+	0	0	30I100M456I	HQ148095	GU980696
L	9426	548	*	*	*	*	*	HQ699637	*
H	9426	100	100.0	+	0	0	14I100M434I	HQ699637	HQ699637
L	26751	623	*	*	*	*	*	HQ699657	*
H	26751	100	100.0	+	0	0	49I100M474I	HQ699637	HQ699657
H	26744	100	98.0	+	0	0	51I27MD72M431I	HQ699637	HQ699628
H	26753	100	95.0	+	0	0	49I27MD72M474I	HQ699637	HQ699658
L	26748	537	*	*	*	*	*	HQ699634	*
H	26748	100	93.0	+	0	0	3D24MD72M441I	HQ699637	HQ699634
L	9433	727	*	*	*	*	*	JF514530	*
H	9433	100	100.0	+	0	0	13I100M614I	JF514530	JF514530
H	17526	100	94.0	+	0	0	71I32MI68M631I	JF514530	FJ172289
L	10335	716	*	*	*	*	*	JF440301	*
H	10335	100	95.0	+	0	0	13I29MI71M602I	JF514530	JF440301
L	25776	711	*	*	*	*	*	HM488741	*
H	25776	100	94.0	+	0	0	4I100M607I	JF514530	HM488741
L	27207	724	*	*	*	*	*	JF514531	*
H	27207	100	94.0	+	0	0	13I29MI71M610I	JF514530	JF514531
L	9488	511	*	*	*	*	*	JF710515	*
H	9488	100	100.0	+	0	0	100M411I	JF710515	JF710515
L	9503	575	*	*	*	*	*	FJ860787	*
H	9503	100	100.0	+	0	0	100M475I	FJ860787	FJ860787
L	5751	578	*	*	*	*	*	FJ860852	*
H	5751	100	98.0	+	0	0	100M478I	FJ860787	FJ860852
H	6719	100	96.0	+	0	0	7I22MD77M423I	FJ860787	FJ861396
H	15764	100	96.0	+	0	0	23I22MD77M466I	FJ860787	FJ442662
L	13431	627	*	*	*	*	*	EU280109	*
H	13431	100	97.0	+	0	0	50I22MD77M478I	FJ860787	EU280109
L	9558	701	*	*	*	*	*	AF516800	*
H	9558	100	100.0	+	0	0	11I100M590I	AF516800	AF516800
L	9572	1217	*	*	*	*	*	AF539717	*
H	9572	100	100.0	+	0	0	100M1117I	AF539717	AF539717
L	21462	723	*	*	*	*	*	EU525980	*
H	21462	100	96.0	+	0	0	72I100M551I	AF539717	EU525980
H	12868	100	96.0	+	0	0	59I100M1084I	AF539717	AY669603
L	5949	727	*	*	*	*	*	GU233359	*
H	5949	100	96.0	+	0	0	73I100M554I	AF539717	GU233359
L	9398	733	*	*	*	*	*	JF742660	*
H	9398	100	96.0	+	0	0	16I100M617I	AF539717	JF742660
L	24744	675	*	*	*	*	*	GU222289	*
H	24744	100	100.0	+	0	0	45I100M530I	AY669582	GU222289
L	13382	684	*	*	*	*	*	DQ083782	*
H	13382	100	100.0	+	0	0	41I100M543I	AY669582	DQ083782
L	13072	668	*	*	*	*	*	U56046	*
H	13072	100	100.0	+	0	0	20I100M548I	AY669582	U56046
L	9249	636	*	*	*	*	*	AF389151	*
H	9249	100	100.0	+	0	0	9I100M527I	AY669582	AF389151
L	9574	1288	*	*	*	*	*	AY669582	*
H	9574	100	100.0	+	0	0	100M1188I	AY669582	AY669582
L	9579	1157	*	*	*	*	*	AF539735	*
H	9579	100	100.0	+	0	0	100M1057I	AF539735	AF539735
L	2268	653	*	*	*	*	*	EU525961	*
H	2268	100	97.0	+	0	0	49I94MI6M503I	AF539735	EU525961
L	12878	1240	*	*	*	*	*	AY669615	*
H	12878	100	94.0	+	0	0	59I100M1081I	AF539735	AY669615
L	2562	295	*	*	*	*	*	U56036	*
H	2562	100	95.0	+	0	0	36I100M159I	AF539735	U56036
L	21611	746	*	*	*	*	*	EU569252	*
H	21611	100	96.0	+	0	0	14I94MI6M631I	AF539735	EU569252
L	9612	2896	*	*	*	*	*	EU267190	*
H	9612	100	100.0	+	0	0	1812I100M984I	EU267190	EU267190
L	9622	589	*	*	*	*	*	JF739382	*
H	9622	100	100.0	+	0	0	13I100M476I	JF739382	JF739382
L	20675	577	*	*	*	*	*	EF619582	*
H	20675	100	93.0	+	0	0	4I100M473I	JF739382	EF619582
L	27337	582	*	*	*	*	*	JF739378	*
H	27337	100	90.0	+	0	0	13I45M2D53M471I	JF739382	JF739378
H	1214	100	90.0	+	0	0	27I45M2D53M473I	JF739382	EF619561
L	9672	476	*	*	*	*	*	JF800097	*
H	9672	100	100.0	+	0	0	100M376I	JF800097	JF800097
L	1894	609	*	*	*	*	*	EU266083	*
H	1894	100	90.0	+	0	0	234I8MI92M274I	JF800097	EU266083
L	9671	586	*	*	*	*	*	JF800096	*
H	9671	100	90.0	+	0	0	32I8MI30MI62M452I	JF800097	JF800096
L	9683	512	*	*	*	*	*	EU266504	*
H	9683	100	100.0	+	0	0	100M412I	EU266504	EU266504
L	20933	522	*	*	*	*	*	EU070926	*
H	20933	100	96.0	+	0	0	11I45MD54M412I	EU266504	EU070926
L	6329	485	*	*	*	*	*	AY885688	*
H	6329	100	90.0	+	0	0	8D21MI16MD54M393I	EU266504	AY885688
L	9734	540	*	*	*	*	*	HQ259265	*
H	9734	100	100.0	+	0	0	100M440I	HQ259265	HQ259265
L	26216	505	*	*	*	*	*	EU057907	*
H	26216	100	97.0	+	0	0	36MD63M406I	HQ259265	EU057907
L	9816	531	*	*	*	*	*	JF703122	*
H	9816	100	95.0	+	0	0	36MD63M432I	HQ259265	JF703122
L	9766	249	*	*	*	*	*	JF916566	*
H	9766	79	100.0	+	0	0	79M170I	JF916566	JF916566
L	15710	797	*	*	*	*	*	EF694976	*
H	15710	100	100.0	+	0	0	11I100M686I	FJ940911	EF694976
L	9569	797	*	*	*	*	*	EF694973	*
H	9569	100	100.0	+	0	0	11I100M686I	FJ940911	EF694973
L	9777	811	*	*	*	*	*	FJ940911	*
H	9777	100	100.0	+	0	0	26I100M685I	FJ940911	FJ940911
L	9776	728	*	*	*	*	*	HQ845064	*
H	9776	100	91.0	+	0	0	2I55M3D42M629I	FJ940911	HQ845064
L	15709	747	*	*	*	*	*	AF200234	*
H	15709	100	90.0	+	0	0	4D20MI69MI7M649I	FJ940911	AF200234
L	9780	422	*	*	*	*	*	HM990168	*
H	9780	100	100.0	+	0	0	10I100M312I	HM990168	HM990168
L	24038	573	*	*	*	*	*	GQ166975	*
H	24038	100	100.0	+	0	0	46I100M427I	HM990168	GQ166975
L	13864	542	*	*	*	*	*	DQ323681	*
H	13864	100	97.0	+	0	0	3D97M445I	HM990168	DQ323681
L	24330	244	*	*	*	*	*	AY228764	*
H	24330	100	99.0	+	0	0	11I100M133I	HM990168	AY228764
L	22476	568	*	*	*	*	*	FJ210494	*
H	22476	100	99.0	+	0	0	50I100M418I	HM990168	FJ210494
L	9785	685	*	*	*	*	*	AY281003	*
H	9785	100	100.0	+	0	0	26I100M559I	AY281003	AY281003
L	29311	662	*	*	*	*	*	AF501557	*
H	29311	100	97.0	+	0	0	3D97M565I	AY281003	AF501557
L	16013	668	*	*	*	*	*	AF325661	*
H	16013	100	95.0	+	0	0	7I100M561I	AY281003	AF325661
L	9787	727	*	*	*	*	*	AY280988	*
H	9787	100	91.0	+	0	0	50I55M2I45M575I	AY281003	AY280988
L	9784	691	*	*	*	*	*	AY280986	*
H	9784	100	90.0	+	0	0	12I60MI12MD27M579I	AY281003	AY280986
L	9795	667	*	*	*	*	*	JQ639156	*
H	9795	100	100.0	+	0	0	12I100M555I	JQ639156	JQ639156
L	9807	810	*	*	*	*	*	JF923612	*
H	9807	100	100.0	+	0	0	257I100M453I	JF923612	JF923612
L	25185	779	*	*	*	*	*	GU827324	*
H	25185	100	100.0	+	0	0	254I100M425I	JF923612	GU827324
L	7206	771	*	*	*	*	*	GU827332	*
H	7206	100	99.0	+	0	0	228I100M443I	JF923612	GU827332
L	4759	574	*	*	*	*	*	FJ871100	*
H	4759	100	98.0	+	0	0	36I100M438I	JF923612	FJ871100
L	7204	730	*	*	*	*	*	FJ871097	*
H	7204	100	98.0	+	0	0	224I100M406I	JF923612	FJ871097
H	9816	100	100.0	+	0	0	100M431I	JF703122	JF703122
H	26216	100	98.0	+	0	0	100M405I	JF703122	EU057907
H	9734	100	96.0	+	0	0	36MI64M439I	JF703122	HQ259265
L	9818	560	*	*	*	*	*	JF703124	*
H	9818	100	100.0	+	0	0	100M460I	JF703124	JF703124
L	9852	638	*	*	*	*	*	HQ650648	*
H	9852	100	100.0	+	0	0	27I100M511I	HQ650648	HQ650648
L	23035	641	*	*	*	*	*	FJ709030	*
H	23035	100	90.0	+	0	0	15I86M3D11M529I	HQ650648	FJ709030
L	17917	623	*	*	*	*	*	FJ708913	*
H	17917	100	90.0	+	0	0	15I70MD18M8I11M501I	HQ650648	FJ708913
L	9867	570	*	*	*	*	*	HQ650708	*
H	9867	100	100.0	+	0	0	34I100M436I	HQ650708	HQ650708
L	9891	503	*	*	*	*	*	HQ647144	*
H	9891	100	100.0	+	0	0	4I100M399I	HQ647144	HQ647144
L	9966	622	*	*	*	*	*	GU222293	*
H	9966	100	99.0	+	0	0	39I100M483I	HQ647144	GU222293
L	11017	553	*	*	*	*	*	GU390580	*
H	11017	100	100.0	+	0	0	37I100M416I	AB027379	GU390580
L	9895	1656	*	*	*	*	*	AB027379	*
H	9895	100	100.0	+	0	0	198I100M1358I	AB027379	AB027379
L	15561	321	*	*	*	*	*	AF122037	*
H	15561	100	99.0	+	0	0	66I100M155I	AB027379	AF122037
L	2564	591	*	*	*	*	*	EU326220	*
H	2564	100	99.0	+	0	0	35I100M456I	AB027379	EU326220
L	11487	525	*	*	*	*	*	EF192416	*
H	11487	100	91.0	+	0	0	9D91M434I	AB027379	EF192416
L	9954	533	*	*	*	*	*	AY347373	*
H	9954	100	100.0	+	0	0	100M433I	AY347373	AY347373
L	21490	1607	*	*	*	*	*	EU552120	*
H	21490	100	100.0	+	0	0	140I100M1367I	AY347373	EU552120
L	20050	1757	*	*	*	*	*	DQ923539	*
H	20050	100	100.0	+	0	0	15I100M1642I	AY347373	DQ923539
L	9953	550	*	*	*	*	*	AY347374	*
H	9953	100	95.0	+	0	0	100M450I	AY347373	AY347374
H	8078	100	99.0	+	0	0	61I100M440I	AY347373	GU199417
L	9962	622	*	*	*	*	*	JF950565	*
H	9962	100	100.0	+	0	0	100M522I	JF950565	JF950565
L	23839	667	*	*	*	*	*	AY599566	*
H	23839	100	92.0	+	0	0	46I34MD11MD53M523I	JF950565	AY599566
L	9965	627	*	*	*	*	*	JF950576	*
H	9965	100	91.0	+	0	0	34MD14MD34MI16M528I	JF950565	JF950576
L	14025	1215	*	*	*	*	*	DQ384594	*
H	14025	100	90.0	+	0	0	6I34MD11MD24MI10MI19M1109I	JF950565	DQ384594
L	9963	616	*	*	*	*	*	JF950566	*
H	9963	100	100.0	+	0	0	100M516I	JF950566	JF950566
L	9967	652	*	*	*	*	*	JN942296	*
H	9967	100	100.0	+	0	0	100M552I	JN942296	JN942296
L	11718	655	*	*	*	*	*	AF325582	*
H	11718	100	100.0	+	0	0	12I100M543I	JN942296	AF325582
L	6489	595	*	*	*	*	*	GQ890325	*
H	6489	100	94.0	+	0	0	5D95M500I	JN942296	GQ890325
L	13878	682	*	*	*	*	*	DQ328140	*
H	13878	100	99.0	+	0	0	47I100M535I	JN942296	DQ328140
L	19640	668	*	*	*	*	*	U56043	*
H	19640	100	99.0	+	0	0	27I100M541I	JN942296	U56043
L	9973	645	*	*	*	*	*	HQ586870	*
H	9973	100	100.0	+	0	0	48I100M497I	HQ586870	HQ586870
L	5694	1852	*	*	*	*	*	AM882836	*
H	5694	100	100.0	+	0	0	24I100M1728I	HQ586870	AM882836
L	26489	625	*	*	*	*	*	EU525952	*
H	26489	100	97.0	+	0	0	31I100M494I	HQ586870	EU525952
L	17448	633	*	*	*	*	*	EU525969	*
H	17448	100	98.0	+	0	0	33I51M4I49M496I	HQ586870	EU525969
L	27503	1268	*	*	*	*	*	HQ604492	*
H	27503	100	98.0	+	0	0	38I51M4I49M1126I	HQ586870	HQ604492
L	9982	625	*	*	*	*	*	AB607029	*
H	9982	100	100.0	+	0	0	13I100M512I	AB607029	AB607029
L	9983	626	*	*	*	*	*	JN942293	*
H	9983	100	100.0	+	0	0	100M526I	JN942293	JN942293
H	11718	100	96.0	+	0	0	12I8MI92M542I	JN942293	AF325582
H	9967	100	96.0	+	0	0	8MI92M551I	JN942293	JN942296
L	24801	721	*	*	*	*	*	GU233335	*
H	24801	100	96.0	+	0	0	63I8MI92M557I	JN942293	GU233335
H	19640	100	95.0	+	0	0	27I8MI92M540I	JN942293	U56043
L	5508	633	*	*	*	*	*	GQ981490	*
H	5508	100	100.0	+	0	0	39I100M494I	GQ981489	GQ981490
L	9986	689	*	*	*	*	*	GQ981489	*
H	9986	100	100.0	+	0	0	6I100M583I	GQ981489	GQ981489
L	9989	587	*	*	*	*	*	FJ496691	*
H	9989	100	100.0	+	0	0	100M487I	FJ496691	FJ496691
L	17831	624	*	*	*	*	*	AY219363	*
H	17831	100	98.0	+	0	0	3I100M521I	FJ496691	AY219363
L	10012	930	*	*	*	*	*	JN198436	*
H	10012	100	100.0	+	0	0	394I100M436I	JN198436	JN198436
L	10014	948	*	*	*	*	*	JN198439	*
H	10014	100	96.0	+	0	0	395I100M453I	JN198436	JN198439
L	27312	968	*	*	*	*	*	JF714251	*
H	27312	100	95.0	+	0	0	420I100M448I	JN198436	JF714251
L	26915	560	*	*	*	*	*	EU880588	*
H	26915	100	94.0	+	0	0	11I100M449I	JN198436	EU880588
L	13196	827	*	*	*	*	*	AF141195	*
H	13196	100	94.0	+	0	0	311I100M416I	JN198436	AF141195
L	10055	600	*	*	*	*	*	JN194168	*
H	10055	100	100.0	+	0	0	92I100M408I	JN194168	JN194168
L	10056	659	*	*	*	*	*	JN194169	*
H	10056	100	100.0	+	0	0	92I100M467I	JN194169	JN194169
L	10065	600	*	*	*	*	*	JN194180	*
H	10065	100	95.0	+	0	0	92I91M3I9M405I	JN194169	JN194180
L	10059	600	*	*	*	*	*	JN194172	*
H	10059	100	100.0	+	0	0	96I100M404I	JN194172	JN194172
L	10077	702	*	*	*	*	*	HM485335	*
H	10077	100	100.0	+	0	0	100M602I	HM485335	HM485335
L	24461	715	*	*	*	*	*	GQ981507	*
H	24461	100	92.0	+	0	0	49I77MI23M565I	HM485335	GQ981507
L	10076	731	*	*	*	*	*	JF300129	*
H	10076	100	90.0	+	0	0	100I38M2I62M529I	HM485335	JF300129
L	10078	708	*	*	*	*	*	HM485336	*
H	10078	100	100.0	+	0	0	100M608I	HM485336	HM485336
L	27026	709	*	*	*	*	*	HM485337	*
H	27026	100	91.0	+	0	0	100M609I	HM485336	HM485337
L	10079	890	*	*	*	*	*	JF300135	*
H	10079	100	93.0	+	0	0	98I7M2I14MI24MD54M690I	HM485336	JF300135
L	27027	893	*	*	*	*	*	JF300139	*
H	27027	100	94.0	+	0	0	98I7MI38MD18MI36M694I	HM485336	JF300139
L	29323	573	*	*	*	*	*	JF907768	*
H	29323	100	98.0	+	0	0	16I100M457I	AY194537	JF907768
L	10109	576	*	*	*	*	*	AY194537	*
H	10109	100	100.0	+	0	0	100M476I	AY194537	AY194537
L	19207	708	*	*	*	*	*	DQ200920	*
H	19207	100	99.0	+	0	0	100I100M508I	AY194537	DQ200920
L	10110	603	*	*	*	*	*	AY194538	*
H	10110	100	99.0	+	0	0	100M503I	AY194537	AY194538
L	10105	730	*	*	*	*	*	AY194519	*
H	10105	100	96.0	+	0	0	57I87MI13M572I	AY194537	AY194519
L	10116	708	*	*	*	*	*	AY194555	*
H	10116	100	100.0	+	0	0	100M608I	AY194555	AY194555
L	10430	681	*	*	*	*	*	JF907824	*
H	10430	100	94.0	+	0	0	24I54M2D44M559I	AY194555	JF907824
L	22749	709	*	*	*	*	*	FJ481031	*
H	22749	100	93.0	+	0	0	35I54M2D44M576I	AY194555	FJ481031
L	10114	683	*	*	*	*	*	AY194546	*
H	10114	100	92.0	+	0	0	54M2D44M585I	AY194555	AY194546
L	10115	566	*	*	*	*	*	AY194548	*
H	10115	100	92.0	+	0	0	54M2D44M468I	AY194555	AY194548
L	10167	551	*	*	*	*	*	JN086325	*
H	10167	100	100.0	+	0	0	39I100M412I	JN086325	JN086325
L	10159	551	*	*	*	*	*	JN086282	*
H	10159	100	98.0	+	0	0	39I100M412I	JN086325	JN086282
L	1081	506	*	*	*	*	*	EF492214	*
H	1081	100	97.0	+	0	0	12I100M394I	JN086325	EF492214
L	9830	775	*	*	*	*	*	HQ650617	*
H	9830	100	97.0	+	0	0	362I100M313I	JN086325	HQ650617
L	1082	506	*	*	*	*	*	EF492210	*
H	1082	100	96.0	+	0	0	12I100M394I	JN086325	EF492210
L	10175	827	*	*	*	*	*	JF744951	*
H	10175	100	100.0	+	0	0	246I100M481I	JF744951	JF744951
L	10184	966	*	*	*	*	*	AF081479	*
H	10184	100	100.0	+	0	0	342I100M524I	AF081479	AF081479
L	10189	460	*	*	*	*	*	JN053487	*
H	10189	100	100.0	+	0	0	23I100M337I	JN053487	JN053487
L	10196	437	*	*	*	*	*	JN053496	*
H	10196	100	100.0	+	0	0	100M337I	JN053496	JN053496
L	10208	358	*	*	*	*	*	JN229413	*
H	10208	100	100.0	+	0	0	12I100M246I	JN229413	JN229413
L	10231	457	*	*	*	*	*	GQ203786	*
H	10231	100	100.0	+	0	0	100M357I	GQ203786	GQ203786
L	22316	519	*	*	*	*	*	EU551212	*
H	22316	100	100.0	+	0	0	43I100M376I	GQ203786	EU551212
L	22478	532	*	*	*	*	*	FJ210519	*
H	22478	100	100.0	+	0	0	66I100M366I	GQ203786	FJ210519
L	24006	1100	*	*	*	*	*	HQ130700	*
H	24006	100	100.0	+	0	0	25I100M975I	GQ203786	HQ130700
L	8175	525	*	*	*	*	*	EU551207	*
H	8175	100	96.0	+	0	0	42I100M383I	GQ203786	EU551207
H	10247	100	100.0	+	0	0	11I100M430I	JN225947	JN225947
H	27940	100	98.0	+	0	0	11I100M429I	JN225947	JN225946
H	7386	100	97.0	+	0	0	88I100M343I	JN225947	FR668015
H	10246	100	94.0	+	0	0	11I100M434I	JN225947	JN225945
H	27941	100	93.0	+	0	0	11I83MI17M426I	JN225947	JN225951
L	10248	523	*	*	*	*	*	JN225948	*
H	10248	100	100.0	+	0	0	11I100M412I	JN225948	JN225948
L	27942	544	*	*	*	*	*	JN225953	*
H	27942	100	90.0	+	0	0	11I83MI17M432I	JN225948	JN225953
L	10261	849	*	*	*	*	*	FJ608589	*
H	10261	100	100.0	+	0	0	9I100M740I	FJ608589	FJ608589
H	10263	100	100.0	+	0	0	27I100M290I	AY513967	AY513967
H	20571	100	95.0	+	0	0	4D5MD90M468I	AY513967	FJ515769
H	3797	100	94.0	+	0	0	15I42MD57M448I	AY513967	FJ441016
L	2808	619	*	*	*	*	*	EU918702	*
H	2808	100	94.0	+	0	0	36I59MI41M482I	AY513967	EU918702
L	24479	547	*	*	*	*	*	JQ764778	*
H	24479	100	92.0	+	0	0	33I100M414I	AY513967	JQ764778
L	10298	655	*	*	*	*	*	GU258235	*
H	10298	100	100.0	+	0	0	34I100M521I	GU258235	GU258235
L	24871	648	*	*	*	*	*	GU258269	*
H	24871	100	92.0	+	0	0	39I28MI72M508I	GU258235	GU258269
L	24875	661	*	*	*	*	*	GU258286	*
H	24875	100	93.0	+	0	0	50I53MI39MI8M509I	GU258235	GU258286
L	10315	448	*	*	*	*	*	HQ905462	*
H	10315	100	100.0	+	0	0	100M348I	HQ905462	HQ905462
L	19815	509	*	*	*	*	*	DQ659337	*
H	19815	100	100.0	+	0	0	32I100M377I	EF569591	DQ659337
L	10336	511	*	*	*	*	*	EF569591	*
H	10336	100	100.0	+	0	0	13I100M398I	EF569591	EF569591
L	23702	531	*	*	*	*	*	FJ515175	*
H	23702	100	95.0	+	0	0	9I68MD31M423I	EF569591	FJ515175
L	555	508	*	*	*	*	*	EF126368	*
H	555	100	95.0	+	0	0	16I68MD31M393I	EF569591	EF126368
L	6445	533	*	*	*	*	*	AB085803	*
H	6445	100	95.0	+	0	0	35I68MD31M399I	EF569591	AB085803
L	10346	512	*	*	*	*	*	EU700364	*
H	10346	100	100.0	+	0	0	23I100M389I	EU700364	EU700364
L	3738	532	*	*	*	*	*	EU851921	*
H	3738	100	97.0	+	0	0	11I100M421I	EU700364	EU851921
L	1057	551	*	*	*	*	*	FJ839632	*
H	1057	100	93.0	+	0	0	56I100M395I	EU700364	FJ839632
L	6570	500	*	*	*	*	*	GU991657	*
H	6570	100	90.0	+	0	0	17I100M383I	EU700364	GU991657
L	9925	506	*	*	*	*	*	AF309617	*
H	9925	100	94.0	+	0	0	11I31M2I63M5I6M388I	EU700364	AF309617
L	10348	497	*	*	*	*	*	FJ225970	*
H	10348	100	100.0	+	0	0	100M397I	FJ225970	FJ225970
L	8831	687	*	*	*	*	*	HQ223035	*
H	8831	100	100.0	+	0	0	79I100M508I	FJ225970	HQ223035
L	8108	582	*	*	*	*	*	FJ852715	*
H	8108	100	100.0	+	0	0	36I100M446I	FJ225970	FJ852715
L	6351	556	*	*	*	*	*	GU461295	*
H	6351	100	100.0	+	0	0	6I100M450I	FJ225970	GU461295
L	6350	553	*	*	*	*	*	GU066728	*
H	6350	100	99.0	+	0	0	16I100M437I	FJ225970	GU066728
L	10356	1554	*	*	*	*	*	JF439104	*
H	10356	100	100.0	+	0	0	222I100M1232I	JF439104	JF439104
L	10353	1551	*	*	*	*	*	JF439099	*
H	10353	100	100.0	+	0	0	222I100M1229I	JF439104	JF439099
L	10361	1553	*	*	*	*	*	JF439117	*
H	10361	100	97.0	+	0	0	222I100M1231I	JF439104	JF439117
L	10360	1549	*	*	*	*	*	JF439116	*
H	10360	100	95.0	+	0	0	222I83M2D15M1229I	JF439104	JF439116
L	10372	1549	*	*	*	*	*	JF439164	*
H	10372	100	95.0	+	0	0	224I83M2D15M1227I	JF439104	JF439164
L	10358	1555	*	*	*	*	*	JF439111	*
H	10358	100	100.0	+	0	0	222I100M1233I	JF439111	JF439111
L	10354	1543	*	*	*	*	*	JF439100	*
H	10354	100	100.0	+	0	0	224I100M1219I	JF439113	JF439100
L	10359	1540	*	*	*	*	*	JF439113	*
H	10359	100	100.0	+	0	0	224I100M1216I	JF439113	JF439113
L	10380	1541	*	*	*	*	*	JF439186	*
H	10380	100	99.0	+	0	0	222I100M1219I	JF439113	JF439186
L	10367	1597	*	*	*	*	*	JF439159	*
H	10367	100	100.0	+	0	0	222I100M1275I	JF439159	JF439159
L	10368	1590	*	*	*	*	*	JF439138	*
H	10368	100	96.0	+	0	0	224I40M2D58M1268I	JF439159	JF439138
L	27119	1595	*	*	*	*	*	JF439178	*
H	27119	100	96.0	+	0	0	224I40MD59M1272I	JF439159	JF439178
L	27118	1593	*	*	*	*	*	JF439177	*
H	27118	100	95.0	+	0	0	224I40MD59M1270I	JF439159	JF439177
L	10371	1579	*	*	*	*	*	JF439190	*
H	10371	100	93.0	+	0	0	222I40M3D47MI10M1259I	JF439159	JF439190
L	10369	1533	*	*	*	*	*	JF439145	*
H	10369	100	100.0	+	0	0	222I100M1211I	JF439145	JF439145
L	9649	566	*	*	*	*	*	AJ504644	*
H	9649	100	93.0	+	0	0	35I18MI36MD45M431I	JF439145	AJ504644
L	19537	557	*	*	*	*	*	GQ388727	*
H	19537	100	95.0	+	0	0	29I49MD10MD19MD19M431I	JF439145	GQ388727
L	3721	1534	*	*	*	*	*	FR865444	*
H	3721	100	96.0	+	0	0	222I18MI36MD45M1212I	JF439145	FR865444
L	10207	1559	*	*	*	*	*	FR686951	*
H	10207	100	96.0	+	0	0	272I18MI36MD45M1187I	JF439145	FR686951
L	10378	1556	*	*	*	*	*	JF439173	*
H	10378	100	100.0	+	0	0	224I100M1232I	JF439173	JF439173
L	10674	1600	*	*	*	*	*	FM865564	*
H	10674	100	97.0	+	0	0	272I40MD59M1229I	JF439173	FM865564
L	5167	1561	*	*	*	*	*	FM865578	*
H	5167	100	97.0	+	0	0	225I40MD59M1237I	JF439173	FM865578
L	3501	468	*	*	*	*	*	AM980861	*
H	3501	100	90.0	+	0	0	6D36MD57M375I	JF439173	AM980861
L	13827	506	*	*	*	*	*	AJ973393	*
H	13827	100	93.0	+	0	0	11I90MD9M396I	JF439173	AJ973393
L	10408	1413	*	*	*	*	*	HE575669	*
H	10408	100	100.0	+	0	0	11I100M1302I	HE575669	HE575669
L	10415	613	*	*	*	*	*	AF357029	*
H	10415	100	100.0	+	0	0	11I100M502I	AF357029	AF357029
L	29314	987	*	*	*	*	*	UDB011786	*
H	29314	100	91.0	+	0	0	2I100M885I	AF357029	UDB011786
H	10430	100	100.0	+	0	0	24I100M557I	JF907824	JF907824
H	10114	100	95.0	+	0	0	100M583I	JF907824	AY194546
H	10115	100	95.0	+	0	0	100M466I	JF907824	AY194548
H	22749	100	95.0	+	0	0	35I100M574I	JF907824	FJ481031
H	10116	100	96.0	+	0	0	54M2I46M606I	JF907824	AY194555
L	10431	712	*	*	*	*	*	JF907826	*
H	10431	100	100.0	+	0	0	34I100M578I	JF907826	JF907826
L	10113	693	*	*	*	*	*	AY194541	*
H	10113	100	96.0	+	0	0	93MD6M594I	JF907826	AY194541
L	10434	677	*	*	*	*	*	JF907830	*
H	10434	100	92.0	+	0	0	2D56MI35MD6M579I	JF907826	JF907830
L	10436	717	*	*	*	*	*	JF907832	*
H	10436	100	96.0	+	0	0	39I93MD6M579I	JF907826	JF907832
L	10432	629	*	*	*	*	*	JF907828	*
H	10432	100	95.0	+	0	0	48I93MD6M482I	JF907826	JF907828
L	10466	684	*	*	*	*	*	JF908006	*
H	10466	100	100.0	+	0	0	25I100M559I	JF908006	JF908006
L	27477	680	*	*	*	*	*	JF907991	*
H	27477	100	98.0	+	0	0	25I77MD22M556I	JF908006	JF907991
L	21987	693	*	*	*	*	*	EU784216	*
H	21987	100	96.0	+	0	0	37I82MD17M557I	JF908006	EU784216
L	7746	608	*	*	*	*	*	HQ215768	*
H	7746	100	95.0	+	0	0	13I100M495I	JF908006	HQ215768
L	10463	674	*	*	*	*	*	JF908007	*
H	10463	100	96.0	+	0	0	25I77MD22M550I	JF908006	JF908007
L	10468	616	*	*	*	*	*	AJ585494	*
H	10468	100	100.0	+	0	0	100M516I	AJ585494	AJ585494
L	12554	622	*	*	*	*	*	AJ585481	*
H	12554	100	94.0	+	0	0	100M522I	AJ585494	AJ585481
L	12555	617	*	*	*	*	*	AJ585505	*
H	12555	100	95.0	+	0	0	100M517I	AJ585494	AJ585505
L	17104	617	*	*	*	*	*	AJ585486	*
H	17104	100	94.0	+	0	0	100M517I	AJ585494	AJ585486
L	12557	618	*	*	*	*	*	AJ585507	*
H	12557	100	95.0	+	0	0	100M518I	AJ585494	AJ585507
L	10485	674	*	*	*	*	*	JF908092	*
H	10485	100	100.0	+	0	0	46I100M528I	JF908092	JF908092
L	27525	548	*	*	*	*	*	JF908093	*
H	27525	100	92.0	+	0	0	7D93M455I	JF908092	JF908093
H	26465	100	90.0	+	0	0	38I48M6I32MD19M1240I	JF908092	HQ604166
L	10486	545	*	*	*	*	*	JF908096	*
H	10486	100	100.0	+	0	0	100M445I	JF908096	JF908096
L	23761	537	*	*	*	*	*	AM882723	*
H	23761	100	95.0	+	0	0	5D95M442I	JF908096	AM882723
L	10494	689	*	*	*	*	*	JF908113	*
H	10494	100	95.0	+	0	0	61I46M5I54M523I	JF908096	JF908113
L	10511	552	*	*	*	*	*	JF908229	*
H	10511	100	91.0	+	0	0	2I41M2D34MI23M451I	JF908096	JF908229
L	10497	630	*	*	*	*	*	JF908168	*
H	10497	100	100.0	+	0	0	100M530I	JF908168	JF908168
L	23970	1962	*	*	*	*	*	FN550907	*
H	23970	100	97.0	+	0	0	44I14M2D84M1820I	JF908168	FN550907
H	9638	100	97.0	+	0	0	I43M2D55M587I	JF908168	EF644109
L	26480	1974	*	*	*	*	*	FN550899	*
H	26480	100	91.0	+	0	0	58I9MD30M6D54M1823I	JF908168	FN550899
H	8372	100	90.0	+	0	0	16I100M534I	JF908168	EU525945
L	10531	704	*	*	*	*	*	JF908438	*
H	10531	100	100.0	+	0	0	100M604I	JF908438	JF908438
L	22865	541	*	*	*	*	*	GU234134	*
H	22865	100	94.0	+	0	0	26I26MD54M2I19M414I	JF908438	GU234134
L	24991	579	*	*	*	*	*	JF908481	*
H	24991	100	100.0	+	0	0	3I100M476I	JF908447	JF908481
L	10543	464	*	*	*	*	*	JF908447	*
H	10543	100	100.0	+	0	0	100M364I	JF908447	JF908447
L	29226	1002	*	*	*	*	*	UDB011537	*
H	29226	100	99.0	+	0	0	10I13MD86M893I	JF908447	UDB011537
L	27562	789	*	*	*	*	*	JF908402	*
H	27562	100	99.0	+	0	0	3I100M686I	JF908447	JF908402
L	21764	530	*	*	*	*	*	EU669309	*
H	21764	100	95.0	+	0	0	4D15MI27MI18MI36M431I	JF908447	EU669309
L	10554	627	*	*	*	*	*	JF908541	*
H	10554	100	100.0	+	0	0	24I100M503I	JF908541	JF908541
L	28564	309	*	*	*	*	*	U40476	*
H	28564	100	95.0	+	0	0	98I35M2I65M109I	JF908541	U40476
L	10556	606	*	*	*	*	*	JF908544	*
H	10556	100	95.0	+	0	0	37I35M3I65M466I	JF908541	JF908544
H	28563	100	94.0	+	0	0	98I32MD55MI12M109I	JF908541	U40474
L	22079	629	*	*	*	*	*	EU819535	*
H	22079	100	93.0	+	0	0	49I32M5I68M475I	JF908541	EU819535
L	10589	548	*	*	*	*	*	JF908721	*
H	10589	100	100.0	+	0	0	11I100M437I	JF908721	JF908721
L	10587	536	*	*	*	*	*	JF908719	*
H	10587	100	92.0	+	0	0	2I100M434I	JF908721	JF908719
L	19691	596	*	*	*	*	*	DQ491492	*
H	19691	100	91.0	+	0	0	37I100M459I	JF908721	DQ491492
L	10638	543	*	*	*	*	*	JF436895	*
H	10638	100	100.0	+	0	0	100M443I	JF436895	JF436895
L	10649	544	*	*	*	*	*	Y17070	*
H	10649	100	100.0	+	0	0	100M444I	GU983658	Y17070
L	2605	542	*	*	*	*	*	AF229470	*
H	2605	100	100.0	+	0	0	11I100M431I	GU983658	AF229470
L	10641	539	*	*	*	*	*	GU983658	*
H	10641	100	100.0	+	0	0	100M439I	GU983658	GU983658
L	6603	1503	*	*	*	*	*	AY154696	*
H	6603	100	99.0	+	0	0	378I100M1025I	GU983658	AY154696
L	15813	540	*	*	*	*	*	AF229468	*
H	15813	100	98.0	+	0	0	11I57MD42M430I	GU983658	AF229468
H	10657	100	100.0	+	0	0	13I100M480I	FJ177638	FJ177638
H	26872	100	100.0	+	0	0	37I100M430I	FJ177638	GU212865
H	13531	100	99.0	+	0	0	38I100M440I	FJ177638	DQ132832
H	9286	100	100.0	+	0	0	49I61MI39M476I	FJ177638	JF439501
H	10008	100	99.0	+	0	0	455I100M455I	FJ177638	JN198424
L	10727	565	*	*	*	*	*	AY302523	*
H	10727	100	100.0	+	0	0	100M465I	AY302523	AY302523
L	10726	562	*	*	*	*	*	AY302522	*
H	10726	100	98.0	+	0	0	100M462I	AY302523	AY302522
L	10749	690	*	*	*	*	*	JF495043	*
H	10749	100	100.0	+	0	0	100M590I	JF495043	JF495043
L	12659	731	*	*	*	*	*	FJ223223	*
H	12659	100	95.0	+	0	0	16I26MD73M616I	JF495043	FJ223223
L	5115	688	*	*	*	*	*	EF460370	*
H	5115	100	95.0	+	0	0	14I26MD73M575I	JF495043	EF460370
L	10751	663	*	*	*	*	*	JF495047	*
H	10751	100	94.0	+	0	0	26MD73M564I	JF495043	JF495047
H	23623	100	95.0	+	0	0	38I100M627I	JF495043	EU326208
L	10782	577	*	*	*	*	*	JN009710	*
H	10782	100	100.0	+	0	0	100M477I	JN009710	JN009710
L	7520	709	*	*	*	*	*	HQ115660	*
H	7520	100	100.0	+	0	0	170I100M439I	GQ241291	HQ115660
L	10825	549	*	*	*	*	*	GQ241291	*
H	10825	100	100.0	+	0	0	24I100M425I	GQ241291	GQ241291
H	25678	100	100.0	+	0	0	13I100M173I	HQ857108	HM243173
H	8061	100	100.0	+	0	0	I100M457I	HQ857108	HQ340001
H	25673	100	100.0	+	0	0	13I100M164I	HQ857108	HM243164
L	28013	601	*	*	*	*	*	FJ442664	*
H	28013	100	100.0	+	0	0	9I100M492I	HQ857108	FJ442664
H	25672	100	100.0	+	0	0	13I100M173I	HQ857108	HM243161
L	10831	564	*	*	*	*	*	HQ260622	*
H	10831	100	100.0	+	0	0	100M464I	HQ260622	HQ260622
L	25675	306	*	*	*	*	*	HM243168	*
H	25675	100	100.0	+	0	0	17I100M189I	HQ260622	HM243168
L	7161	506	*	*	*	*	*	EF552702	*
H	7161	100	100.0	+	0	0	I73MI27M404I	HQ260622	EF552702
L	25676	308	*	*	*	*	*	HM243170	*
H	25676	100	98.0	+	0	0	17I77MI23M190I	HQ260622	HM243170
H	13530	100	99.0	+	0	0	45I100M483I	HQ260622	DQ132829
H	10846	100	100.0	+	0	0	25I100M447I	JF796313	JF796313
H	10845	100	97.0	+	0	0	16I100M443I	JF796313	JF796306
L	10843	557	*	*	*	*	*	JF796307	*
H	10843	100	96.0	+	0	0	14I100M443I	JF796313	JF796307
L	10842	557	*	*	*	*	*	JF796305	*
H	10842	100	95.0	+	0	0	13I100M444I	JF796313	JF796305
L	8730	233	*	*	*	*	*	JN600626	*
H	8730	100	96.0	+	0	0	8I100M125I	JF796313	JN600626
L	10852	572	*	*	*	*	*	JF796321	*
H	10852	100	100.0	+	0	0	27I100M445I	JF796321	JF796321
H	10846	100	96.0	+	0	0	25I100M447I	JF796321	JF796313
L	10850	563	*	*	*	*	*	JF796315	*
H	10850	100	94.0	+	0	0	22I100M441I	JF796321	JF796315
H	8730	100	92.0	+	0	0	8I100M125I	JF796321	JN600626
H	10845	100	93.0	+	0	0	16I100M443I	JF796321	JF796306
H	471	84	100.0	+	0	0	61I84M215I	DQ123612	DQ123613
H	10846	84	100.0	+	0	0	148I84M340I	DQ123612	JF796313
H	474	84	100.0	+	0	0	137I84M341I	DQ123612	EF025940
H	10845	84	100.0	+	0	0	139I84M336I	DQ123612	JF796306
H	24765	84	100.0	+	0	0	116I84M358I	DQ123612	GU222366
L	10868	1139	*	*	*	*	*	JN673047	*
H	10868	100	100.0	+	0	0	39I100M1000I	JN673047	JN673047
L	10873	946	*	*	*	*	*	AY303138	*
H	10873	100	100.0	+	0	0	399I100M447I	AY303138	AY303138
L	10880	698	*	*	*	*	*	DQ974704	*
H	10880	100	100.0	+	0	0	100M598I	DQ974704	DQ974704
H	2274	100	94.0	+	0	0	57I22M3D14MI25M9I36M620I	DQ974704	EU526005
H	251	100	94.0	+	0	0	20I22M3D14MI25M9I36M738I	DQ974704	DQ822793
H	100	100	93.0	+	0	0	4I22M4D17M2I21M9I36M693I	DQ974704	FJ596906
L	28770	833	*	*	*	*	*	UDB000482	*
H	28770	100	94.0	+	0	0	7I22M2D15MD60M729I	DQ974704	UDB000482
L	10886	457	*	*	*	*	*	JF800174	*
H	10886	78	100.0	+	0	0	51I78M328I	JF800174	JF800174
L	17942	595	*	*	*	*	*	AY266169	*
H	17942	78	94.9	+	0	0	205I71MD6M313I	JF800174	AY266169
L	21413	608	*	*	*	*	*	AY713294	*
H	21413	78	94.9	+	0	0	193I71MD6M338I	JF800174	AY713294
L	1918	592	*	*	*	*	*	AY266144	*
H	1918	78	93.6	+	0	0	202I71MD6M313I	JF800174	AY266144
L	4578	602	*	*	*	*	*	DQ249993	*
H	4578	78	93.6	+	0	0	179I71MD6M346I	JF800174	DQ249993
L	10906	465	*	*	*	*	*	JN031058	*
H	10906	100	100.0	+	0	0	100M365I	JN031058	JN031058
L	10915	714	*	*	*	*	*	AY313296	*
H	10915	100	100.0	+	0	0	3I100M611I	AY313296	AY313296
L	10929	514	*	*	*	*	*	JF895509	*
H	10929	100	100.0	+	0	0	100M414I	JF895509	JF895509
L	10985	535	*	*	*	*	*	U68328	*
H	10985	100	100.0	+	0	0	100M435I	U68328	U68328
L	10989	604	*	*	*	*	*	HQ406815	*
H	10989	100	100.0	+	0	0	49I100M455I	HQ406815	HQ406815
L	12657	620	*	*	*	*	*	EU484197	*
H	12657	100	96.0	+	0	0	9I38MI62M510I	HQ406815	EU484197
L	10990	608	*	*	*	*	*	JF741922	*
H	10990	100	100.0	+	0	0	100M508I	JF741922	JF741922
L	25682	636	*	*	*	*	*	HM245784	*
H	25682	100	91.0	+	0	0	25I9MD34M2D54M514I	JF741922	HM245784
H	11017	100	100.0	+	0	0	37I100M416I	GU390580	GU390580
H	9895	100	100.0	+	0	0	198I100M1358I	GU390580	AB027379
H	15561	100	99.0	+	0	0	66I100M155I	GU390580	AF122037
H	2564	100	99.0	+	0	0	35I100M456I	GU390580	EU326220
H	11487	100	91.0	+	0	0	9D91M434I	GU390580	EF192416
L	11033	505	*	*	*	*	*	JN021546	*
H	11033	100	100.0	+	0	0	36I100M369I	JN021546	JN021546
L	11041	562	*	*	*	*	*	GQ293927	*
H	11041	100	100.0	+	0	0	100M462I	GQ293927	GQ293927
L	4870	559	*	*	*	*	*	GQ293943	*
H	4870	100	96.0	+	0	0	100M459I	GQ293927	GQ293943
L	22408	550	*	*	*	*	*	GQ293950	*
H	22408	100	96.0	+	0	0	100M450I	GQ293927	GQ293950
L	1836	560	*	*	*	*	*	AJ302442	*
H	1836	100	94.0	+	0	0	D92M4I7M457I	GQ293927	AJ302442
L	19016	550	*	*	*	*	*	GQ293947	*
H	19016	100	95.0	+	0	0	29MI71M449I	GQ293927	GQ293947
L	11047	824	*	*	*	*	*	HQ542908	*
H	11047	100	100.0	+	0	0	35I100M689I	HQ542908	HQ542908
L	11053	753	*	*	*	*	*	AY367590	*
H	11053	100	100.0	+	0	0	8I100M645I	AY367590	AY367590
L	11052	755	*	*	*	*	*	AY367562	*
H	11052	100	99.0	+	0	0	7I39M5I61M643I	AY367590	AY367562
L	11051	759	*	*	*	*	*	AY367583	*
H	11051	100	99.0	+	0	0	8I100M651I	AY367590	AY367583
L	11050	755	*	*	*	*	*	AY367576	*
H	11050	100	99.0	+	0	0	8I39M2I61M645I	AY367590	AY367576
L	18079	760	*	*	*	*	*	AY367575	*
H	18079	100	96.0	+	0	0	8I48M4I31MI21M647I	AY367590	AY367575
L	11135	526	*	*	*	*	*	EF601622	*
H	11135	100	100.0	+	0	0	37I100M389I	EF601622	EF601622
L	19102	567	*	*	*	*	*	FJ481036	*
H	19102	100	100.0	+	0	0	35I100M432I	EF601622	FJ481036
L	4606	704	*	*	*	*	*	JF735273	*
H	4606	100	99.0	+	0	0	170I57MI43M433I	EF601622	JF735273
L	25381	526	*	*	*	*	*	HE649390	*
H	25381	100	98.0	+	0	0	13I100M413I	EF601622	HE649390
L	24647	521	*	*	*	*	*	EF601593	*
H	24647	100	98.0	+	0	0	35I57MI43M385I	EF601622	EF601593
L	11188	560	*	*	*	*	*	JN164933	*
H	11188	100	100.0	+	0	0	100M460I	JN164933	JN164933
L	22596	648	*	*	*	*	*	FJ403209	*
H	22596	100	98.0	+	0	0	42I100M506I	JN164933	FJ403209
L	23344	630	*	*	*	*	*	GQ982886	*
H	23344	100	95.0	+	0	0	23I100M507I	JN164933	GQ982886
L	11190	631	*	*	*	*	*	AY840570	*
H	11190	100	96.0	+	0	0	14I100M517I	JN164933	AY840570
L	11189	629	*	*	*	*	*	HQ248218	*
H	11189	100	95.0	+	0	0	14I100M515I	JN164933	HQ248218
L	11222	305	*	*	*	*	*	JN049853	*
H	11222	100	100.0	+	0	0	100M205I	JN049853	JN049853
L	11224	632	*	*	*	*	*	JN049856	*
H	11224	100	100.0	+	0	0	100M532I	JN049856	JN049856
L	11228	485	*	*	*	*	*	JN049868	*
H	11228	100	100.0	+	0	0	100M385I	JN049868	JN049868
L	11938	546	*	*	*	*	*	EU151483	*
H	11938	100	100.0	+	0	0	11I100M435I	EU334802	EU151483
L	22355	518	*	*	*	*	*	FJ154074	*
H	22355	100	100.0	+	0	0	12I100M406I	EU334802	FJ154074
L	26117	230	*	*	*	*	*	GU253292	*
H	26117	100	100.0	+	0	0	12I100M118I	EU334802	GU253292
L	11243	500	*	*	*	*	*	EU334802	*
H	11243	100	100.0	+	0	0	18I100M382I	EU334802	EU334802
L	8986	560	*	*	*	*	*	EF680754	*
H	8986	100	100.0	+	0	0	13I100M447I	EU334802	EF680754
L	11253	549	*	*	*	*	*	JN942181	*
H	11253	100	100.0	+	0	0	35I100M414I	JN942181	JN942181
L	11254	542	*	*	*	*	*	JN942165	*
H	11254	100	94.0	+	0	0	31I57M4D39M415I	JN942181	JN942165
L	28266	578	*	*	*	*	*	JN942190	*
H	28266	100	90.0	+	0	0	35I37M3I16M3I47M437I	JN942181	JN942190
L	11281	850	*	*	*	*	*	JN209852	*
H	11281	100	100.0	+	0	0	11I100M739I	JN209852	JN209852
L	11289	586	*	*	*	*	*	JN695509	*
H	11289	100	100.0	+	0	0	39I100M447I	JN695509	JN695509
L	2229	561	*	*	*	*	*	GQ149764	*
H	2229	100	100.0	+	0	0	13I100M448I	JN695509	GQ149764
L	19249	604	*	*	*	*	*	FJ799938	*
H	19249	100	100.0	+	0	0	36I70MI30M467I	JN695509	FJ799938
L	831	539	*	*	*	*	*	EU939732	*
H	831	100	99.0	+	0	0	7I100M432I	JN695509	EU939732
L	21246	511	*	*	*	*	*	FJ785446	*
H	21246	100	92.0	+	0	0	8D92M419I	JN695509	FJ785446
L	11326	495	*	*	*	*	*	DQ279497	*
H	11326	100	100.0	+	0	0	100M395I	DQ279497	DQ279497
L	24425	496	*	*	*	*	*	DQ279522	*
H	24425	100	99.0	+	0	0	100M396I	DQ279497	DQ279522
L	13729	503	*	*	*	*	*	DQ279533	*
H	13729	100	98.0	+	0	0	100M403I	DQ279497	DQ279533
L	18416	504	*	*	*	*	*	AY611107	*
H	18416	100	99.0	+	0	0	100M404I	DQ279497	AY611107
L	18363	495	*	*	*	*	*	DQ279537	*
H	18363	100	99.0	+	0	0	100M395I	DQ279497	DQ279537
L	11341	694	*	*	*	*	*	JN943804	*
H	11341	100	100.0	+	0	0	11I100M583I	JN943804	JN943804
L	11342	697	*	*	*	*	*	JN943805	*
H	11342	100	97.0	+	0	0	2D98M599I	JN943804	JN943805
L	11353	527	*	*	*	*	*	AB433276	*
H	11353	100	100.0	+	0	0	100M427I	AB433276	AB433276
L	1072	509	*	*	*	*	*	AF383953	*
H	1072	100	90.0	+	0	0	21I90MD9M389I	AB433276	AF383953
L	11363	664	*	*	*	*	*	JN214483	*
H	11363	100	100.0	+	0	0	39I100M525I	JN214483	JN214483
L	24755	657	*	*	*	*	*	GU222315	*
H	24755	100	97.0	+	0	0	38I100M519I	JN214483	GU222315
L	12798	620	*	*	*	*	*	AY854071	*
H	12798	100	91.0	+	0	0	47I27MI19MD27MI26M472I	JN214483	AY854071
L	11377	670	*	*	*	*	*	FJ501282	*
H	11377	100	100.0	+	0	0	100M570I	FJ501282	FJ501282
H	11065	100	96.0	+	0	0	4I16MI15MD68M599I	FJ501282	JF974128
H	21221	100	93.0	+	0	0	16MI21MI63M519I	FJ501282	FJ501280
L	11059	716	*	*	*	*	*	JF974077	*
H	11059	100	95.0	+	0	0	26I16MI16MD67M590I	FJ501282	JF974077
L	27675	713	*	*	*	*	*	JF974078	*
H	27675	100	94.0	+	0	0	23I16MI84M589I	FJ501282	JF974078
L	11388	991	*	*	*	*	*	HE604109	*
H	11388	100	100.0	+	0	0	100M891I	HE604109	HE604109
L	11390	1065	*	*	*	*	*	HE604173	*
H	11390	100	100.0	+	0	0	100M965I	HE604173	HE604173
L	1375	1157	*	*	*	*	*	AM421061	*
H	1375	100	95.0	+	0	0	100M1057I	HE604173	AM421061
L	11404	1683	*	*	*	*	*	FR750036	*
H	11404	100	100.0	+	0	0	273I100M1310I	FR750036	FR750036
L	11417	580	*	*	*	*	*	AY436445	*
H	11417	100	100.0	+	0	0	100M480I	AY436445	AY436445
L	8430	745	*	*	*	*	*	GQ250406	*
H	8430	100	90.0	+	0	0	34I17M2D21MD59M614I	AY436445	GQ250406
L	11418	727	*	*	*	*	*	JN943180	*
H	11418	100	100.0	+	0	0	2I100M625I	JN943180	JN943180
L	11439	635	*	*	*	*	*	GQ852748	*
H	11439	100	100.0	+	0	0	122I100M413I	GQ852748	GQ852748
L	17879	536	*	*	*	*	*	EU851930	*
H	17879	100	98.0	+	0	0	11I100M425I	GQ852748	EU851930
L	1769	483	*	*	*	*	*	AY725556	*
H	1769	100	90.0	+	0	0	8D92M391I	GQ852748	AY725556
L	10965	643	*	*	*	*	*	GU214625	*
H	10965	100	94.0	+	0	0	122I33M3I15MI14MI38M416I	GQ852748	GU214625
H	10240	100	94.0	+	0	0	38I100M409I	GQ852748	JN225925
L	1860	507	*	*	*	*	*	FJ903360	*
H	1860	100	100.0	+	0	0	41I100M366I	AF046015	FJ903360
L	2871	847	*	*	*	*	*	EU343173	*
H	2871	100	100.0	+	0	0	169I100M578I	AF046015	EU343173
L	25099	541	*	*	*	*	*	GU233805	*
H	25099	100	100.0	+	0	0	11I100M430I	AF046015	GU233805
L	11448	244	*	*	*	*	*	AF046015	*
H	11448	100	100.0	+	0	0	36I100M108I	AF046015	AF046015
L	28133	542	*	*	*	*	*	FJ210555	*
H	28133	100	98.0	+	0	0	49I100M393I	AF046015	FJ210555
H	6699	100	100.0	+	0	0	173I100M472I	GU723407	GU723410
H	11453	100	100.0	+	0	0	195I100M421I	GU723407	GU723407
H	28078	100	97.0	+	0	0	219I51MI49M475I	GU723407	JN641784
H	21097	100	97.0	+	0	0	248I51MI49M453I	GU723407	EU192156
H	25074	100	95.0	+	0	0	207I51MI49M380I	GU723407	GU552277
L	11466	792	*	*	*	*	*	JN813417	*
H	11466	100	100.0	+	0	0	264I100M428I	JN813417	JN813417
L	11455	630	*	*	*	*	*	JN813397	*
H	11455	100	98.0	+	0	0	236I100M294I	JN813417	JN813397
L	11452	740	*	*	*	*	*	JN813385	*
H	11452	100	98.0	+	0	0	196I25MI75M443I	JN813417	JN813385
L	11467	883	*	*	*	*	*	JN813418	*
H	11467	100	96.0	+	0	0	318I100M465I	JN813417	JN813418
L	11469	586	*	*	*	*	*	JN813421	*
H	11469	100	95.0	+	0	0	2D6MD91M489I	JN813417	JN813421
L	11492	443	*	*	*	*	*	AY818610	*
H	11492	100	100.0	+	0	0	100M343I	AY818610	AY818610
L	13743	1035	*	*	*	*	*	JN943883	*
H	13743	100	100.0	+	0	0	592I100M343I	AY818610	JN943883
H	329	100	95.0	+	0	0	33I100M395I	AY818610	AM087244
L	25626	519	*	*	*	*	*	EU557322	*
H	25626	100	96.0	+	0	0	15I100M404I	AY818610	EU557322
H	3621	100	96.0	+	0	0	29I100M353I	AY818610	AF495461
L	11541	473	*	*	*	*	*	JN573668	*
H	11541	100	100.0	+	0	0	100M373I	JN573668	JN573668
L	11549	691	*	*	*	*	*	AJ006678	*
H	11549	100	100.0	+	0	0	35I100M556I	AJ006678	AJ006678
L	27253	610	*	*	*	*	*	JF692198	*
H	27253	100	90.0	+	0	0	8D18MD61MI12M518I	AJ006678	JF692198
L	23169	629	*	*	*	*	*	FJ791129	*
H	23169	100	93.0	+	0	0	19I24M2D34MD39M513I	AJ006678	FJ791129
L	23427	593	*	*	*	*	*	FJ903307	*
H	23427	100	92.0	+	0	0	28I24M2D35MD26MD11M469I	AJ006678	FJ903307
L	23229	712	*	*	*	*	*	AJ006679	*
H	23229	100	91.0	+	0	0	35I25MD35MD26M4I12M575I	AJ006678	AJ006679
L	11557	546	*	*	*	*	*	U85325	*
H	11557	100	100.0	+	0	0	4I100M442I	U85325	U85325
L	28677	676	*	*	*	*	*	U85331	*
H	28677	100	98.0	+	0	0	4I100M572I	U85325	U85331
L	6086	705	*	*	*	*	*	GU136203	*
H	6086	100	97.0	+	0	0	4I100M601I	U85325	GU136203
L	11986	704	*	*	*	*	*	AY176417	*
H	11986	100	97.0	+	0	0	4I100M600I	U85325	AY176417
L	15466	732	*	*	*	*	*	AF079676	*
H	15466	100	95.0	+	0	0	7I100M625I	U85325	AF079676
L	11565	706	*	*	*	*	*	EU077564	*
H	11565	100	100.0	+	0	0	35I100M571I	EU077564	EU077564
L	17003	760	*	*	*	*	*	AJ496405	*
H	17003	100	99.0	+	0	0	39I64MD35M622I	EU077564	AJ496405
L	11607	519	*	*	*	*	*	FN252454	*
H	11607	88	100.0	+	0	0	121I88M310I	FN252454	FN252454
L	11612	660	*	*	*	*	*	DQ394378	*
H	11612	100	100.0	+	0	0	37I100M523I	DQ394378	DQ394378
L	14011	694	*	*	*	*	*	DQ383641	*
H	14011	100	99.0	+	0	0	16I13MD86M579I	DQ394378	DQ383641
L	19477	687	*	*	*	*	*	EU266094	*
H	19477	100	98.0	+	0	0	8I100M579I	DQ394378	EU266094
L	19235	999	*	*	*	*	*	DQ534459	*
H	19235	100	92.0	+	0	0	299I100M600I	DQ394378	DQ534459
L	11619	633	*	*	*	*	*	AB374533	*
H	11619	100	100.0	+	0	0	37I100M496I	AB374533	AB374533
L	7456	898	*	*	*	*	*	GU048857	*
H	7456	100	99.0	+	0	0	11I59MI41M786I	AB374533	GU048857
L	21091	648	*	*	*	*	*	EU186406	*
H	21091	100	99.0	+	0	0	15I59MI41M532I	AB374533	EU186406
L	24201	649	*	*	*	*	*	GQ374451	*
H	24201	100	99.0	+	0	0	23I12MD46MI41M526I	AB374533	GQ374451
H	25676	100	98.0	+	0	0	11I59MI18MD22M197I	AB374533	HM243170
L	11719	642	*	*	*	*	*	JN661717	*
H	11719	100	100.0	+	0	0	100M542I	JN661717	JN661717
L	28106	726	*	*	*	*	*	FJ746640	*
H	28106	100	95.0	+	0	0	22I100M604I	JN661717	FJ746640
L	28124	801	*	*	*	*	*	EU819416	*
H	28124	100	96.0	+	0	0	60I23MI77M640I	JN661717	EU819416
L	125	718	*	*	*	*	*	GQ389623	*
H	125	100	96.0	+	0	0	48I12MI88M569I	JN661717	GQ389623
L	17205	1350	*	*	*	*	*	EU486436	*
H	17205	100	96.0	+	0	0	15I23MI77M1234I	JN661717	EU486436
L	23435	534	*	*	*	*	*	FJ903342	*
H	23435	100	100.0	+	0	0	62I100M372I	FJ426987	FJ903342
L	11726	503	*	*	*	*	*	FJ426987	*
H	11726	100	100.0	+	0	0	100M403I	FJ426987	FJ426987
L	4902	501	*	*	*	*	*	FJ426985	*
H	4902	100	91.0	+	0	0	85M2D13M403I	FJ426987	FJ426985
L	11727	467	*	*	*	*	*	FJ884104	*
H	11727	86	100.0	+	0	0	113I86M268I	FJ884104	FJ884104
L	19478	1163	*	*	*	*	*	DQ384571	*
H	19478	86	100.0	+	0	0	167I86M910I	FJ884104	DQ384571
L	1906	666	*	*	*	*	*	AM901681	*
H	1906	86	100.0	+	0	0	276I86M304I	FJ884104	AM901681
L	24322	576	*	*	*	*	*	EU529996	*
H	24322	86	100.0	+	0	0	174I86M316I	FJ884104	EU529996
L	24346	539	*	*	*	*	*	AM231398	*
H	24346	86	100.0	+	0	0	149I86M304I	FJ884104	AM231398
L	11735	1690	*	*	*	*	*	JN710511	*
H	11735	100	100.0	+	0	0	34I100M1556I	JN710511	JN710511
L	11739	653	*	*	*	*	*	FJ613651	*
H	11739	100	100.0	+	0	0	11I100M542I	FJ613651	FJ613651
L	15569	653	*	*	*	*	*	AF126891	*
H	15569	100	99.0	+	0	0	11I100M542I	FJ613651	AF126891
L	11545	686	*	*	*	*	*	AJ006674	*
H	11545	100	96.0	+	0	0	35I100M551I	FJ613651	AJ006674
L	12473	667	*	*	*	*	*	AF126883	*
H	12473	100	94.0	+	0	0	11I100M556I	FJ613651	AF126883
L	12472	671	*	*	*	*	*	AF126893	*
H	12472	100	90.0	+	0	0	11I81MI19M559I	FJ613651	AF126893
L	11749	2154	*	*	*	*	*	JN710542	*
H	11749	100	100.0	+	0	0	36I100M2018I	JN710542	JN710542
L	11754	1948	*	*	*	*	*	JN710558	*
H	11754	100	100.0	+	0	0	12I100M1836I	JN710558	JN710558
H	11545	100	92.0	+	0	0	35I86MI14M550I	JN710558	AJ006674
H	15569	100	91.0	+	0	0	11I86MI14M541I	JN710558	AF126891
H	12473	100	92.0	+	0	0	11I86MI14M555I	JN710558	AF126883
H	11739	100	90.0	+	0	0	11I86MI14M541I	JN710558	FJ613651
L	11769	733	*	*	*	*	*	JN899391	*
H	11769	100	100.0	+	0	0	12I100M621I	JN899391	JN899391
H	2656	100	90.0	+	0	0	273I90MD9M410I	JN899391	EU639449
H	6769	100	90.0	+	0	0	17I66MI34M440I	JN899391	GU973757
H	11780	100	100.0	+	0	0	26I100M467I	JN565298	JN565298
L	7158	536	*	*	*	*	*	GQ169491	*
H	7158	100	100.0	+	0	0	8I100M428I	JN565298	GQ169491
L	23984	517	*	*	*	*	*	GQ120971	*
H	23984	100	100.0	+	0	0	53I100M364I	JN565298	GQ120971
L	3839	493	*	*	*	*	*	GU248327	*
H	3839	100	99.0	+	0	0	37I100M356I	JN565298	GU248327
L	5191	563	*	*	*	*	*	GQ249947	*
H	5191	100	97.0	+	0	0	27I100M436I	JN565298	GQ249947
L	11789	216	*	*	*	*	*	AY636067	*
H	11789	100	100.0	+	0	0	100M116I	AY636067	AY636067
L	7046	527	*	*	*	*	*	HM120872	*
H	7046	100	100.0	+	0	0	374I100M53I	AY636067	HM120872
L	11794	332	*	*	*	*	*	JN675331	*
H	11794	100	100.0	+	0	0	100M232I	JN675331	JN675331
L	4978	2683	*	*	*	*	*	GQ458032	*
H	4978	100	100.0	+	0	0	1735I100M848I	JN675331	GQ458032
L	11795	735	*	*	*	*	*	JN675345	*
H	11795	100	100.0	+	0	0	338I100M297I	JN675345	JN675345
L	25091	602	*	*	*	*	*	AB456577	*
H	25091	100	98.0	+	0	0	3I18MD81M500I	JN675345	AB456577
L	1594	1523	*	*	*	*	*	EU035404	*
H	1594	100	93.0	+	0	0	38I18MD81M1386I	JN675345	EU035404
L	20841	1562	*	*	*	*	*	EU035406	*
H	20841	100	93.0	+	0	0	118I18MD81M1345I	JN675345	EU035406
L	21025	571	*	*	*	*	*	EU139133	*
H	21025	100	94.0	+	0	0	2D16MD81M474I	JN675345	EU139133
L	11833	456	*	*	*	*	*	FJ613122	*
H	11833	100	100.0	+	0	0	100M356I	FJ613122	FJ613122
L	17087	541	*	*	*	*	*	JQ247577	*
H	17087	100	100.0	+	0	0	66I100M375I	FJ613122	JQ247577
L	16357	571	*	*	*	*	*	AF444670	*
H	16357	100	95.0	+	0	0	65I15MI15M8I46MI24M396I	FJ613122	AF444670
L	18531	562	*	*	*	*	*	AY686645	*
H	18531	100	92.0	+	0	0	66I15MI15M4I70M391I	FJ613122	AY686645
L	19910	542	*	*	*	*	*	DQ830986	*
H	19910	100	92.0	+	0	0	71I76MI24M370I	FJ613122	DQ830986
L	11837	531	*	*	*	*	*	AB247165	*
H	11837	100	100.0	+	0	0	100M431I	AB247165	AB247165
L	11003	559	*	*	*	*	*	JN638437	*
H	11003	100	98.0	+	0	0	22I87MI13M436I	AB247165	JN638437
L	6373	576	*	*	*	*	*	GU595055	*
H	6373	100	97.0	+	0	0	21I100M455I	AB247165	GU595055
L	10719	523	*	*	*	*	*	GU066643	*
H	10719	100	95.0	+	0	0	19I59MD40M405I	AB247165	GU066643
L	10722	580	*	*	*	*	*	GQ139521	*
H	10722	100	93.0	+	0	0	21I76MI24M458I	AB247165	GQ139521
L	28232	1195	*	*	*	*	*	FJ865436	*
H	28232	100	100.0	+	0	0	2I100M1093I	AY217019	FJ865436
L	27331	560	*	*	*	*	*	AF270936	*
H	27331	100	100.0	+	0	0	I100M459I	AY217019	AF270936
L	25909	641	*	*	*	*	*	GQ376076	*
H	25909	100	100.0	+	0	0	35I100M506I	AY217019	GQ376076
L	17901	1978	*	*	*	*	*	AY251638	*
H	17901	100	100.0	+	0	0	1777I100M101I	AY217019	AY251638
L	11881	262	*	*	*	*	*	AY217019	*
H	11881	100	100.0	+	0	0	11I100M151I	AY217019	AY217019
L	11908	470	*	*	*	*	*	AY152578	*
H	11908	100	100.0	+	0	0	100M370I	AY152578	AY152578
L	13368	462	*	*	*	*	*	DQ019369	*
H	13368	100	94.0	+	0	0	2D98M364I	AY152578	DQ019369
L	11943	639	*	*	*	*	*	AY194972	*
H	11943	100	100.0	+	0	0	I100M538I	AY194972	AY194972
L	11955	580	*	*	*	*	*	AY220807	*
H	11955	100	100.0	+	0	0	100M480I	AY220807	AY220807
H	19691	100	98.0	+	0	0	45I65MD34M452I	AY220807	DQ491492
L	11956	577	*	*	*	*	*	AY220810	*
H	11956	100	93.0	+	0	0	100M477I	AY220807	AY220810
L	17844	574	*	*	*	*	*	AY220819	*
H	17844	100	96.0	+	0	0	41MD21MD28MD7M477I	AY220807	AY220819
L	11957	601	*	*	*	*	*	AY220814	*
H	11957	100	95.0	+	0	0	18M3I27M9I18MD28MD7M491I	AY220807	AY220814
L	11964	568	*	*	*	*	*	EU301049	*
H	11964	100	100.0	+	0	0	3I100M465I	EU301049	EU301049
L	26058	578	*	*	*	*	*	EU301051	*
H	26058	100	93.0	+	0	0	3I72M2D26M477I	EU301049	EU301051
L	4256	602	*	*	*	*	*	FJ624259	*
H	4256	100	94.0	+	0	0	50I100M452I	EU301049	FJ624259
L	24567	575	*	*	*	*	*	GU062317	*
H	24567	100	91.0	+	0	0	39I72M2D26M438I	EU301049	GU062317
L	340	680	*	*	*	*	*	AM400898	*
H	340	100	90.0	+	0	0	11I57MI43M568I	EU301049	AM400898
L	11981	658	*	*	*	*	*	AY176374	*
H	11981	100	100.0	+	0	0	4I100M554I	AY176374	AY176374
L	16476	646	*	*	*	*	*	EU166349	*
H	16476	100	98.0	+	0	0	4I100M542I	AY176374	EU166349
L	29030	714	*	*	*	*	*	AF482868	*
H	29030	100	97.0	+	0	0	4I81MD18M611I	AY176374	AF482868
L	4814	736	*	*	*	*	*	U85323	*
H	4814	100	94.0	+	0	0	2D79MD18M639I	AY176374	U85323
L	6082	696	*	*	*	*	*	GU136168	*
H	6082	100	94.0	+	0	0	4I50MI30MD19M592I	AY176374	GU136168
H	11985	100	100.0	+	0	0	4I100M589I	AY176415	AY176415
H	6083	100	97.0	+	0	0	4I100M540I	AY176415	GU136180
L	24618	694	*	*	*	*	*	GQ258473	*
H	24618	100	96.0	+	0	0	4I100M590I	AY176415	GQ258473
L	24138	701	*	*	*	*	*	GQ258471	*
H	24138	100	95.0	+	0	0	4I100M597I	AY176415	GQ258471
H	6084	100	95.0	+	0	0	4I100M519I	AY176415	GU136182
L	12009	560	*	*	*	*	*	AY347346	*
H	12009	100	100.0	+	0	0	100M460I	AY347346	AY347346
L	12013	545	*	*	*	*	*	GQ996577	*
H	12013	100	100.0	+	0	0	100M445I	GQ996577	GQ996577
L	17696	545	*	*	*	*	*	EF512480	*
H	17696	100	99.0	+	0	0	3I68MD31M443I	GQ996577	EF512480
L	8621	541	*	*	*	*	*	EF512479	*
H	8621	100	94.0	+	0	0	3I67M2D31M440I	GQ996577	EF512479
L	12046	532	*	*	*	*	*	AJ518843	*
H	12046	100	100.0	+	0	0	11I100M421I	AJ518843	AJ518843
L	12051	568	*	*	*	*	*	AJ504634	*
H	12051	100	98.0	+	0	0	35I44MI16M2I40M430I	AJ518843	AJ504634
L	12050	540	*	*	*	*	*	AJ504624	*
H	12050	100	94.0	+	0	0	11I44MI56M428I	AJ518843	AJ504624
L	12048	543	*	*	*	*	*	AJ518850	*
H	12048	100	94.0	+	0	0	11I44MI56M431I	AJ518843	AJ518850
L	12047	541	*	*	*	*	*	AJ518844	*
H	12047	100	91.0	+	0	0	11I49M2I51M428I	AJ518843	AJ518844
H	12050	100	100.0	+	0	0	11I100M429I	AJ504624	AJ504624
H	12048	100	100.0	+	0	0	11I100M432I	AJ504624	AJ518850
L	9645	538	*	*	*	*	*	AJ518855	*
H	9645	100	99.0	+	0	0	11I100M427I	AJ504624	AJ518855
L	27113	1543	*	*	*	*	*	JF439102	*
H	27113	100	95.0	+	0	0	222I22MD72M4I5M1218I	AJ504624	JF439102
H	12047	100	94.0	+	0	0	11I51MI49M429I	AJ504624	AJ518844
L	12055	1586	*	*	*	*	*	AY450338	*
H	12055	100	100.0	+	0	0	100M1486I	AY450338	AY450338
L	28515	297	*	*	*	*	*	U04088	*
H	28515	100	97.0	+	0	0	30I61MD38M168I	AY450338	U04088
L	12477	666	*	*	*	*	*	AY562495	*
H	12477	100	97.0	+	0	0	37I61MD38M530I	AY450338	AY562495
H	14090	100	94.0	+	0	0	11I24M2I20MI14MD24MI17M588I	AY450338	EU424302
L	12069	607	*	*	*	*	*	AY456374	*
H	12069	100	100.0	+	0	0	13I100M494I	AY456374	AY456374
L	12080	561	*	*	*	*	*	AY375446	*
H	12080	94	100.0	+	0	0	106I94M361I	AY375446	AY375446
L	6734	574	*	*	*	*	*	AF137067	*
H	6734	94	100.0	+	0	0	121I94M359I	AY375446	AF137067
L	12099	656	*	*	*	*	*	FJ548825	*
H	12099	100	100.0	+	0	0	35I100M521I	FJ548825	FJ548825
L	18550	2258	*	*	*	*	*	AY706335	*
H	18550	100	96.0	+	0	0	1705I35MD64M454I	FJ548825	AY706335
L	23232	835	*	*	*	*	*	JF412006	*
H	23232	100	94.0	+	0	0	80I35MD64M656I	FJ548825	JF412006
L	5399	648	*	*	*	*	*	FJ548827	*
H	5399	100	95.0	+	0	0	35I12MD19MD67M515I	FJ548825	FJ548827
L	25245	607	*	*	*	*	*	GU953214	*
H	25245	100	94.0	+	0	0	13I31M2D67M496I	FJ548825	GU953214
L	12127	1044	*	*	*	*	*	AY425634	*
H	12127	100	100.0	+	0	0	529I100M415I	AY425634	AY425634
L	12129	872	*	*	*	*	*	AY425637	*
H	12129	100	100.0	+	0	0	463I100M309I	AY425637	AY425637
L	4538	593	*	*	*	*	*	GQ354268	*
H	4538	100	100.0	+	0	0	38I100M455I	EU886742	GQ354268
L	12146	498	*	*	*	*	*	EU886742	*
H	12146	100	100.0	+	0	0	100M398I	EU886742	EU886742
L	326	533	*	*	*	*	*	U35285	*
H	326	100	94.0	+	0	0	6D94M439I	EU886742	U35285
L	29434	570	*	*	*	*	*	GU189519	*
H	29434	100	98.0	+	0	0	15I100M455I	EU886742	GU189519
L	18278	570	*	*	*	*	*	FJ584321	*
H	18278	100	98.0	+	0	0	27I100M443I	EU886742	FJ584321
H	2387	100	100.0	+	0	0	14I100M987I	GQ505465	EU715672
L	20666	580	*	*	*	*	*	EU255793	*
H	20666	100	100.0	+	0	0	19I100M461I	GQ505465	EU255793
L	23523	536	*	*	*	*	*	FJ228162	*
H	23523	100	100.0	+	0	0	22I100M414I	GQ505465	FJ228162
L	11359	572	*	*	*	*	*	EU255794	*
H	11359	100	100.0	+	0	0	20I100M452I	GQ505465	EU255794
H	12155	100	100.0	+	0	0	24I100M1023I	GQ505465	GQ505465
L	12174	550	*	*	*	*	*	AF042451	*
H	12174	100	100.0	+	0	0	2I100M448I	AF042451	AF042451
L	12179	560	*	*	*	*	*	AF097903	*
H	12179	100	100.0	+	0	0	14I100M446I	AF097903	AF097903
L	9096	492	*	*	*	*	*	GU994571	*
H	9096	100	91.0	+	0	0	3I29MI18MD52M389I	AF097903	GU994571
L	12202	542	*	*	*	*	*	AY450583	*
H	12202	100	100.0	+	0	0	100M442I	AY450583	AY450583
L	18150	547	*	*	*	*	*	AY450585	*
H	18150	100	91.0	+	0	0	51MI37MI12M445I	AY450583	AY450585
L	12227	646	*	*	*	*	*	FJ378883	*
H	12227	100	100.0	+	0	0	11I100M535I	FJ378883	FJ378883
L	26351	647	*	*	*	*	*	FJ378880	*
H	26351	100	98.0	+	0	0	11I100M536I	FJ378883	FJ378880
L	19970	779	*	*	*	*	*	DQ866999	*
H	19970	100	97.0	+	0	0	105I100M574I	FJ378883	DQ866999
L	15304	640	*	*	*	*	*	DQ164439	*
H	15304	100	98.0	+	0	0	7I100M533I	FJ378883	DQ164439
L	15303	646	*	*	*	*	*	FJ378879	*
H	15303	100	97.0	+	0	0	11I100M535I	FJ378883	FJ378879
L	12234	301	*	*	*	*	*	AF059595	*
H	12234	100	100.0	+	0	0	100M201I	AF059595	AF059595
L	23681	579	*	*	*	*	*	FN396149	*
H	23681	100	96.0	+	0	0	20I27MD17MD54M461I	AF059595	FN396149
L	23663	594	*	*	*	*	*	FN396117	*
H	23663	100	96.0	+	0	0	20I26MD18MD18MI36M475I	AF059595	FN396117
L	8293	718	*	*	*	*	*	AB071799	*
H	8293	100	93.0	+	0	0	43I27MD17MD54M577I	AF059595	AB071799
L	28289	717	*	*	*	*	*	JN943128	*
H	28289	100	95.0	+	0	0	49I27MD17MD54M570I	AF059595	JN943128
L	12240	847	*	*	*	*	*	AY498663	*
H	12240	100	100.0	+	0	0	213I100M534I	AY498663	AY498663
L	12239	960	*	*	*	*	*	AY498662	*
H	12239	100	98.0	+	0	0	423I100M437I	AY498663	AY498662
L	12241	845	*	*	*	*	*	AY498660	*
H	12241	100	95.0	+	0	0	212I100M533I	AY498663	AY498660
L	18207	1043	*	*	*	*	*	AY498659	*
H	18207	100	98.0	+	0	0	407I100M536I	AY498663	AY498659
L	12243	1060	*	*	*	*	*	AY498676	*
H	12243	100	97.0	+	0	0	425I70MI30M534I	AY498663	AY498676
L	12248	526	*	*	*	*	*	AY498688	*
H	12248	100	100.0	+	0	0	36I100M390I	AY498688	AY498688
L	12258	635	*	*	*	*	*	AY534580	*
H	12258	100	100.0	+	0	0	11I100M524I	AY534580	AY534580
L	17309	571	*	*	*	*	*	AM269787	*
H	17309	100	96.0	+	0	0	12I8MD11MD79M461I	AY534580	AM269787
L	12265	1274	*	*	*	*	*	EF409756	*
H	12265	100	100.0	+	0	0	11I100M1163I	EF409756	EF409756
L	20604	1308	*	*	*	*	*	EF409762	*
H	20604	100	97.0	+	0	0	11I31MI69M1196I	EF409756	EF409762
L	20453	1276	*	*	*	*	*	EF409752	*
H	20453	100	92.0	+	0	0	3I16MD83M1174I	EF409756	EF409752
H	1219	100	93.0	+	0	0	11I28MI12MI11MI20M2I29M1149I	EF409756	EF409766
L	20452	1286	*	*	*	*	*	EF409743	*
H	20452	100	90.0	+	0	0	2I79MI21M1183I	EF409756	EF409743
L	12269	502	*	*	*	*	*	DQ825979	*
H	12269	100	100.0	+	0	0	100M402I	DQ825979	DQ825979
L	5338	471	*	*	*	*	*	GQ336792	*
H	5338	100	95.0	+	0	0	2D12MI33MD52M373I	DQ825979	GQ336792
L	12270	509	*	*	*	*	*	DQ825976	*
H	12270	100	96.0	+	0	0	14MI86M408I	DQ825979	DQ825976
L	794	541	*	*	*	*	*	GQ495792	*
H	794	100	95.0	+	0	0	19I14MI35MD14MI36M421I	DQ825979	GQ495792
L	5337	536	*	*	*	*	*	FJ900164	*
H	5337	100	93.0	+	0	0	20I14MI35MD14MI36M415I	DQ825979	FJ900164
L	12282	627	*	*	*	*	*	AY555731	*
H	12282	100	100.0	+	0	0	12I100M515I	AY555731	AY555731
L	23007	597	*	*	*	*	*	FJ664551	*
H	23007	100	96.0	+	0	0	11I95MI5M485I	AY555731	FJ664551
L	12300	643	*	*	*	*	*	AY569025	*
H	12300	100	100.0	+	0	0	10I100M533I	AY569025	AY569025
L	12302	753	*	*	*	*	*	AY569027	*
H	12302	100	100.0	+	0	0	11I100M642I	AY569027	AY569027
L	12315	586	*	*	*	*	*	AY513137	*
H	12315	100	100.0	+	0	0	100M486I	AY513137	AY513137
L	18231	600	*	*	*	*	*	AY513139	*
H	18231	100	97.0	+	0	0	89M2I11M498I	AY513137	AY513139
L	12316	595	*	*	*	*	*	AY513142	*
H	12316	100	94.0	+	0	0	15MD15MI31MI38M494I	AY513137	AY513142
L	17964	628	*	*	*	*	*	GQ142013	*
H	17964	100	93.0	+	0	0	7I15MD84M522I	AY513137	GQ142013
L	5154	628	*	*	*	*	*	GQ142012	*
H	5154	100	93.0	+	0	0	7I15MD84M522I	AY513137	GQ142012
L	12323	564	*	*	*	*	*	AY513200	*
H	12323	100	100.0	+	0	0	100M464I	AY513200	AY513200
L	12328	783	*	*	*	*	*	AB015685	*
H	12328	100	100.0	+	0	0	35I100M648I	AB015685	AB015685
L	12330	706	*	*	*	*	*	AB015688	*
H	12330	100	100.0	+	0	0	35I100M571I	AB015688	AB015688
L	14486	687	*	*	*	*	*	EU525997	*
H	14486	100	94.0	+	0	0	36I38MI30M3I22M2I10M545I	AB015688	EU525997
L	8207	283	*	*	*	*	*	HM639271	*
H	8207	100	90.0	+	0	0	13I43MD16MD39M172I	AB015688	HM639271
L	26023	712	*	*	*	*	*	AB015701	*
H	26023	100	90.0	+	0	0	35I60MD39M578I	AB015688	AB015701
L	3679	723	*	*	*	*	*	AB096056	*
H	3679	100	91.0	+	0	0	35I22MI16M9I23MD22M10I16M569I	AB015688	AB096056
L	12331	703	*	*	*	*	*	AB015690	*
H	12331	100	100.0	+	0	0	35I100M568I	AB015690	AB015690
H	8207	100	93.0	+	0	0	13I38M2D60M172I	AB015690	HM639271
H	26023	100	93.0	+	0	0	35I45MD54M578I	AB015690	AB015701
L	14469	730	*	*	*	*	*	AB080783	*
H	14469	100	92.0	+	0	0	35I46M3I19M3I25MI10M588I	AB015690	AB080783
L	1931	639	*	*	*	*	*	FJ890026	*
H	1931	100	91.0	+	0	0	37I38M2D60M504I	AB015690	FJ890026
H	12347	100	100.0	+	0	0	100M378I	EU434852	EU434852
L	13683	477	*	*	*	*	*	EU434827	*
H	13683	100	94.0	+	0	0	22MI78M376I	EU434852	EU434827
L	2609	497	*	*	*	*	*	EU314681	*
H	2609	100	91.0	+	0	0	D21MI78M397I	EU434852	EU314681
L	21222	493	*	*	*	*	*	EU314678	*
H	21222	100	90.0	+	0	0	2D20MI78M394I	EU434852	EU314678
L	12420	712	*	*	*	*	*	AF138833	*
H	12420	100	100.0	+	0	0	100M612I	AF138833	AF138833
L	12421	714	*	*	*	*	*	AF138834	*
H	12421	100	92.0	+	0	0	100M614I	AF138833	AF138834
L	12422	558	*	*	*	*	*	AF138836	*
H	12422	100	100.0	+	0	0	100M458I	AF138836	AF138836
L	12433	750	*	*	*	*	*	AY621803	*
H	12433	100	100.0	+	0	0	52I100M598I	AY621803	AY621803
L	12445	487	*	*	*	*	*	AJ244250	*
H	12445	100	100.0	+	0	0	100M387I	AJ244250	AJ244250
L	12449	620	*	*	*	*	*	FJ946484	*
H	12449	100	100.0	+	0	0	11I100M509I	FJ946484	FJ946484
L	3079	613	*	*	*	*	*	FJ914669	*
H	3079	100	93.0	+	0	0	11I100M502I	FJ946484	FJ914669
L	14217	530	*	*	*	*	*	DQ491513	*
H	14217	100	91.0	+	0	0	17I100M413I	FJ946484	DQ491513
L	12453	540	*	*	*	*	*	EF570499	*
H	12453	100	100.0	+	0	0	30I100M410I	EF570499	EF570499
L	22999	942	*	*	*	*	*	FJ648577	*
H	22999	100	100.0	+	0	0	403I100M439I	EF570499	FJ648577
L	5591	516	*	*	*	*	*	EF585539	*
H	5591	100	94.0	+	0	0	6D94M422I	EF570499	EF585539
H	3882	100	99.0	+	0	0	11I100M472I	EF570499	GQ865693
H	11112	100	99.0	+	0	0	46I100M395I	EF570499	JN107736
L	12463	627	*	*	*	*	*	AY444771	*
H	12463	100	100.0	+	0	0	100M527I	AY444771	AY444771
L	2880	793	*	*	*	*	*	GQ328758	*
H	2880	100	95.0	+	0	0	46I100M647I	AY444771	GQ328758
L	4983	823	*	*	*	*	*	GQ328756	*
H	4983	100	95.0	+	0	0	47I100M676I	AY444771	GQ328756
L	24293	889	*	*	*	*	*	GQ479852	*
H	24293	100	95.0	+	0	0	58I100M731I	AY444771	GQ479852
L	24284	627	*	*	*	*	*	AY444770	*
H	24284	100	96.0	+	0	0	100M527I	AY444771	AY444770
H	12465	100	100.0	+	0	0	100M642I	AY340027	AY340027
H	18267	100	98.0	+	0	0	100M640I	AY340027	GU136204
H	18268	100	98.0	+	0	0	21I100M640I	AY340027	EU477479
H	9106	100	97.0	+	0	0	19I49M11I51M656I	AY340027	FJ613649
L	9111	746	*	*	*	*	*	AY340004	*
H	9111	100	95.0	+	0	0	48M15I52M631I	AY340027	AY340004
H	22485	100	98.0	+	0	0	46I100M368I	FJ210573	FJ210559
L	4558	473	*	*	*	*	*	FJ210606	*
H	4558	100	100.0	+	0	0	44I100M329I	FJ210573	FJ210606
L	22487	519	*	*	*	*	*	FJ210586	*
H	22487	100	100.0	+	0	0	44I100M375I	FJ210573	FJ210586
L	4557	468	*	*	*	*	*	FJ210632	*
H	4557	100	98.0	+	0	0	46I100M322I	FJ210573	FJ210632
H	22175	100	100.0	+	0	0	8I100M348I	FJ210573	EF694633
L	12496	767	*	*	*	*	*	AY571036	*
H	12496	100	100.0	+	0	0	23I100M644I	AY571036	AY571036
L	12506	644	*	*	*	*	*	AY667582	*
H	12506	100	100.0	+	0	0	61I100M483I	AY667582	AY667582
H	21155	100	91.0	+	0	0	7I100M474I	AY667582	EU259901
L	24594	573	*	*	*	*	*	EU259898	*
H	24594	100	94.0	+	0	0	2I34M2D64M473I	AY667582	EU259898
L	21164	556	*	*	*	*	*	EU263928	*
H	21164	100	96.0	+	0	0	33I100M423I	AY667582	EU263928
L	8660	580	*	*	*	*	*	HQ605927	*
H	8660	100	94.0	+	0	0	39I34M2D64M443I	AY667582	HQ605927
L	12524	527	*	*	*	*	*	AY581056	*
H	12524	100	100.0	+	0	0	100M427I	AY581056	AY581056
H	12521	100	97.0	+	0	0	D99M421I	AY581056	AY642847
L	14556	532	*	*	*	*	*	AY586570	*
H	14556	100	96.0	+	0	0	100M432I	AY581056	AY586570
L	8926	486	*	*	*	*	*	AY251448	*
H	8926	100	90.0	+	0	0	7D93M393I	AY581056	AY251448
H	18468	100	95.0	+	0	0	D99M420I	AY581056	AY642836
L	12532	500	*	*	*	*	*	AY611094	*
H	12532	100	100.0	+	0	0	100M400I	AY611094	AY611094
L	18411	500	*	*	*	*	*	AY611082	*
H	18411	100	94.0	+	0	0	100M400I	AY611094	AY611082
L	12533	500	*	*	*	*	*	AY611080	*
H	12533	100	94.0	+	0	0	100M400I	AY611094	AY611080
L	28345	499	*	*	*	*	*	AY611120	*
H	28345	100	90.0	+	0	0	100M399I	AY611094	AY611120
H	12462	100	90.0	+	0	0	17I35MI65M455I	AY611094	AF058039
H	12540	100	100.0	+	0	0	100M429I	AY586557	AY586557
H	12521	100	97.0	+	0	0	D99M421I	AY586557	AY642847
H	12525	100	96.0	+	0	0	100M430I	AY586557	AY581057
L	3661	524	*	*	*	*	*	EU853257	*
H	3661	100	94.0	+	0	0	2D98M426I	AY586557	EU853257
H	14556	100	96.0	+	0	0	100M432I	AY586557	AY586570
L	12559	499	*	*	*	*	*	AY613410	*
H	12559	100	100.0	+	0	0	100M399I	AY613410	AY613410
L	27996	543	*	*	*	*	*	AF297740	*
H	27996	100	90.0	+	0	0	3I100M440I	AY613410	AF297740
L	5234	877	*	*	*	*	*	FJ494924	*
H	5234	100	92.0	+	0	0	320I100M457I	AY613410	FJ494924
L	9102	504	*	*	*	*	*	GU994579	*
H	9102	100	91.0	+	0	0	100M404I	AY613410	GU994579
L	14029	502	*	*	*	*	*	AY613409	*
H	14029	100	94.0	+	0	0	100M402I	AY613410	AY613409
L	12560	469	*	*	*	*	*	AY598878	*
H	12560	100	100.0	+	0	0	100M369I	AY598878	AY598878
L	12584	201	*	*	*	*	*	AY558744	*
H	12584	100	100.0	+	0	0	100M101I	AY558744	AY558744
L	4970	496	*	*	*	*	*	FJ668529	*
H	4970	100	93.0	+	0	0	5D5MD89M402I	AY558744	FJ668529
L	13119	850	*	*	*	*	*	DQ007036	*
H	13119	100	91.0	+	0	0	265I10MD89M486I	AY558744	DQ007036
L	12539	502	*	*	*	*	*	AY611124	*
H	12539	100	90.0	+	0	0	2I10MD57MI32M400I	AY558744	AY611124
L	13116	638	*	*	*	*	*	DQ007033	*
H	13116	100	91.0	+	0	0	37I10MD89M502I	AY558744	DQ007033
L	12585	303	*	*	*	*	*	AY558745	*
H	12585	100	100.0	+	0	0	100M203I	AY558745	AY558745
H	29200	100	91.0	+	0	0	7I100M562I	AY558745	EF460373
H	29197	100	91.0	+	0	0	25I100M562I	AY558745	EF460371
H	29096	100	91.0	+	0	0	100M557I	AY558745	AM930987
H	9435	100	91.0	+	0	0	27I100M602I	AY558745	JF514539
L	12593	228	*	*	*	*	*	AY558757	*
H	12593	100	100.0	+	0	0	100M128I	AY558757	AY558757
L	18547	228	*	*	*	*	*	AY558788	*
H	18547	100	98.0	+	0	0	100M128I	AY558757	AY558788
L	29097	986	*	*	*	*	*	UDB011156	*
H	29097	100	92.0	+	0	0	14I46MD23MD29M874I	AY558757	UDB011156
L	27016	735	*	*	*	*	*	EU819493	*
H	27016	100	92.0	+	0	0	63I46MD23MD29M574I	AY558757	EU819493
L	26142	611	*	*	*	*	*	JF908679	*
H	26142	100	90.0	+	0	0	4I46MD23MD29M509I	AY558757	JF908679
L	12623	711	*	*	*	*	*	DQ102438	*
H	12623	100	100.0	+	0	0	35I100M576I	DQ102438	DQ102438
L	27288	735	*	*	*	*	*	JF701784	*
H	27288	100	100.0	+	0	0	71I100M564I	DQ102438	JF701784
L	27265	730	*	*	*	*	*	JF701744	*
H	27265	100	99.0	+	0	0	29I100M601I	DQ102438	JF701744
L	9140	722	*	*	*	*	*	JF701742	*
H	9140	100	98.0	+	0	0	4I100M618I	DQ102438	JF701742
L	3507	631	*	*	*	*	*	FR734296	*
H	3507	100	95.0	+	0	0	2D53MD10MD33M535I	DQ102438	FR734296
L	12633	678	*	*	*	*	*	AY606976	*
H	12633	100	100.0	+	0	0	43I100M535I	AY606976	AY606976
L	12632	727	*	*	*	*	*	AY606974	*
H	12632	100	97.0	+	0	0	43I40MD59M585I	AY606976	AY606974
L	12667	564	*	*	*	*	*	AY729076	*
H	12667	100	100.0	+	0	0	27I100M437I	AY729076	AY729076
L	20446	1991	*	*	*	*	*	EF397557	*
H	20446	100	98.0	+	0	0	1771I100M120I	AY729076	EF397557
L	5665	1148	*	*	*	*	*	GQ505458	*
H	5665	100	98.0	+	0	0	24I100M1024I	AY729076	GQ505458
L	25372	507	*	*	*	*	*	FJ467356	*
H	25372	100	98.0	+	0	0	I100M406I	AY729076	FJ467356
L	7786	412	*	*	*	*	*	AY143086	*
H	7786	100	96.0	+	0	0	2D98M314I	AY729076	AY143086
L	12679	605	*	*	*	*	*	AJ586528	*
H	12679	100	100.0	+	0	0	100M505I	AJ586528	AJ586528
L	9726	621	*	*	*	*	*	EU343804	*
H	9726	100	90.0	+	0	0	26I23MD23MD28M3I24M494I	AJ586528	EU343804
L	163	621	*	*	*	*	*	DQ667978	*
H	163	100	92.0	+	0	0	31I71M2I12MI17M487I	AJ586528	DQ667978
L	160	660	*	*	*	*	*	EF192226	*
H	160	100	92.0	+	0	0	50I71M2I12MI17M507I	AJ586528	EF192226
L	9778	278	*	*	*	*	*	AY282530	*
H	9778	100	91.0	+	0	0	19I71M2I12MI17M156I	AJ586528	AY282530
L	12695	651	*	*	*	*	*	EU882107	*
H	12695	100	100.0	+	0	0	128I100M423I	EU882107	EU882107
L	5247	539	*	*	*	*	*	GQ241720	*
H	5247	100	91.0	+	0	0	14I32M2D66M427I	EU882107	GQ241720
L	6102	498	*	*	*	*	*	GU269765	*
H	6102	100	91.0	+	0	0	I32M2D27MD32M5I6M395I	EU882107	GU269765
H	6098	100	92.0	+	0	0	105I32M2D30MD29M3I6M390I	EU882107	GU214644
L	5650	636	*	*	*	*	*	GQ852839	*
H	5650	100	93.0	+	0	0	122I32M2D66M416I	EU882107	GQ852839
L	12711	600	*	*	*	*	*	AF079584	*
H	12711	100	100.0	+	0	0	2I100M498I	AF079584	AF079584
L	19047	661	*	*	*	*	*	DQ056860	*
H	19047	100	100.0	+	0	0	11I100M550I	AF079584	DQ056860
L	24721	594	*	*	*	*	*	GU207250	*
H	24721	100	96.0	+	0	0	4D96M498I	AF079584	GU207250
H	24727	100	96.0	+	0	0	4D96M528I	AF079584	GU207305
L	24470	583	*	*	*	*	*	GQ982890	*
H	24470	100	99.0	+	0	0	21I100M462I	AF079584	GQ982890
L	12726	443	*	*	*	*	*	AY818602	*
H	12726	100	100.0	+	0	0	100M343I	AY818602	AY818602
L	11867	444	*	*	*	*	*	AY818603	*
H	11867	100	97.0	+	0	0	100M344I	AY818602	AY818603
L	28374	1095	*	*	*	*	*	AY112935	*
H	28374	100	98.0	+	0	0	16I100M979I	AY818602	AY112935
L	2591	481	*	*	*	*	*	AF495462	*
H	2591	100	98.0	+	0	0	29I100M352I	AY818602	AF495462
L	37	520	*	*	*	*	*	AY880936	*
H	37	100	98.0	+	0	0	15I100M405I	AY818602	AY880936
L	12728	578	*	*	*	*	*	EU692761	*
H	12728	100	100.0	+	0	0	13I100M465I	EU692761	EU692761
L	14704	578	*	*	*	*	*	EU692760	*
H	14704	100	100.0	+	0	0	13I100M465I	EU692761	EU692760
L	12733	552	*	*	*	*	*	AB180353	*
H	12733	100	100.0	+	0	0	100M452I	AB180353	AB180353
L	12729	540	*	*	*	*	*	AB180349	*
H	12729	100	90.0	+	0	0	64MI36M439I	AB180353	AB180349
L	21847	593	*	*	*	*	*	EU692764	*
H	21847	100	90.0	+	0	0	23I6M2D10MD45MI36M472I	AB180353	EU692764
L	12736	552	*	*	*	*	*	AB180362	*
H	12736	100	93.0	+	0	0	18MD42MI39M452I	AB180353	AB180362
L	12732	534	*	*	*	*	*	AB180352	*
H	12732	100	90.0	+	0	0	18MD38MD42M436I	AB180353	AB180352
L	12741	710	*	*	*	*	*	FJ501295	*
H	12741	100	100.0	+	0	0	155I100M455I	FJ501295	FJ501295
L	27682	660	*	*	*	*	*	JF974086	*
H	27682	100	98.0	+	0	0	5I100M555I	FJ501295	JF974086
L	22802	629	*	*	*	*	*	FJ501293	*
H	22802	100	93.0	+	0	0	154I100M375I	FJ501295	FJ501293
L	26826	336	*	*	*	*	*	HQ832497	*
H	26826	100	93.0	+	0	0	94I33MI53MI14M140I	FJ501295	HQ832497
L	26822	334	*	*	*	*	*	HQ832492	*
H	26822	100	92.0	+	0	0	94I33MI43MI24M138I	FJ501295	HQ832492
L	12764	714	*	*	*	*	*	AY652759	*
H	12764	100	100.0	+	0	0	100M614I	AY652759	AY652759
L	12765	719	*	*	*	*	*	AY652761	*
H	12765	100	99.0	+	0	0	29MI30M3I41M615I	AY652759	AY652761
H	14251	100	96.0	+	0	0	58I14M3I13MI22M2I51M532I	AY652759	FJ224378
L	11954	1250	*	*	*	*	*	AY217135	*
H	11954	100	92.0	+	0	0	58I14M3I13MI73M1088I	AY652759	AY217135
L	18929	685	*	*	*	*	*	AY956563	*
H	18929	100	94.0	+	0	0	44I14M3I13MI73M537I	AY652759	AY956563
L	18077	680	*	*	*	*	*	AY366234	*
H	18077	100	100.0	+	0	0	14I100M566I	AF145446	AY366234
L	14802	670	*	*	*	*	*	AB368512	*
H	14802	100	100.0	+	0	0	19I100M551I	AF145446	AB368512
L	2508	583	*	*	*	*	*	EU552798	*
H	2508	100	100.0	+	0	0	31I100M452I	AF145446	EU552798
L	12768	777	*	*	*	*	*	AF145446	*
H	12768	100	100.0	+	0	0	100M677I	AF145446	AF145446
L	9263	709	*	*	*	*	*	JF440959	*
H	9263	100	100.0	+	0	0	28I100M581I	AF145446	JF440959
H	12770	100	100.0	+	0	0	100M438I	AY683041	AY683041
H	7162	100	100.0	+	0	0	I100M424I	AY683041	EU327325
H	20087	100	98.0	+	0	0	11I13MD86M478I	AY683041	DQ987491
H	15302	100	93.0	+	0	0	51I100M474I	AY683041	AF011303
L	5059	507	*	*	*	*	*	GU048822	*
H	5059	100	90.0	+	0	0	4D96M411I	AY683041	GU048822
L	12773	331	*	*	*	*	*	AY833058	*
H	12773	100	100.0	+	0	0	11I100M220I	AY833058	AY833058
L	18719	554	*	*	*	*	*	GQ411507	*
H	18719	100	97.0	+	0	0	11I100M443I	AY833058	GQ411507
L	12793	702	*	*	*	*	*	EF451057	*
H	12793	100	100.0	+	0	0	34I100M568I	EF451057	EF451057
L	26229	721	*	*	*	*	*	GQ398240	*
H	26229	100	99.0	+	0	0	30I100M591I	EF451057	GQ398240
L	7578	602	*	*	*	*	*	FJ168580	*
H	7578	100	99.0	+	0	0	100M502I	EF451057	FJ168580
L	10477	636	*	*	*	*	*	FJ168592	*
H	10477	100	97.0	+	0	0	100M536I	EF451057	FJ168592
L	22397	653	*	*	*	*	*	FJ168574	*
H	22397	100	98.0	+	0	0	100M553I	EF451057	FJ168574
L	12834	372	*	*	*	*	*	AF115838	*
H	12834	100	100.0	+	0	0	100M272I	AF115838	AF115838
L	10606	341	*	*	*	*	*	AF115837	*
H	10606	100	99.0	+	0	0	100M241I	AF115838	AF115837
L	12835	372	*	*	*	*	*	AF115839	*
H	12835	100	99.0	+	0	0	100M272I	AF115838	AF115839
L	2993	722	*	*	*	*	*	EU837230	*
H	2993	100	98.0	+	0	0	358I100M264I	AF115838	EU837230
L	2456	672	*	*	*	*	*	EU669373	*
H	2456	100	98.0	+	0	0	403I100M169I	AF115838	EU669373
L	12847	1331	*	*	*	*	*	AY669529	*
H	12847	100	100.0	+	0	0	38I100M1193I	AY669529	AY669529
L	24803	730	*	*	*	*	*	GU233338	*
H	24803	100	95.0	+	0	0	49I22MI63M3D12M583I	AY669529	GU233338
L	3397	1266	*	*	*	*	*	FJ039668	*
H	3397	100	95.0	+	0	0	7I22MI62M3D13M1161I	AY669529	FJ039668
L	18496	1204	*	*	*	*	*	AY174864	*
H	18496	100	94.0	+	0	0	41I22MI64M3D11M1065I	AY669529	AY174864
L	2560	665	*	*	*	*	*	U56033	*
H	2560	100	95.0	+	0	0	13I62MI24M3D11M554I	AY669529	U56033
L	12856	1244	*	*	*	*	*	AY669516	*
H	12856	100	100.0	+	0	0	33I100M1111I	AY669516	AY669516
L	11915	1232	*	*	*	*	*	FJ039702	*
H	11915	100	100.0	+	0	0	100M1132I	AY669516	FJ039702
L	28827	622	*	*	*	*	*	UDB000669	*
H	28827	100	100.0	+	0	0	100M522I	AY669516	UDB000669
L	28829	639	*	*	*	*	*	UDB000733	*
H	28829	100	98.0	+	0	0	31I100M508I	AY669516	UDB000733
L	6044	725	*	*	*	*	*	GU233356	*
H	6044	100	99.0	+	0	0	49I100M576I	AY669516	GU233356
H	12859	100	100.0	+	0	0	16I100M1175I	EU056989	EU056989
L	21735	1319	*	*	*	*	*	EU056967	*
H	21735	100	99.0	+	0	0	39I100M1180I	EU056989	EU056967
H	11929	100	98.0	+	0	0	4I62MD37M1153I	EU056989	EU057071
L	26137	1312	*	*	*	*	*	EU655684	*
H	26137	100	98.0	+	0	0	35I100M1177I	EU056989	EU655684
L	20911	1193	*	*	*	*	*	EU057048	*
H	20911	100	98.0	+	0	0	31I62MD37M1063I	EU056989	EU057048
H	12882	100	100.0	+	0	0	31I100M1160I	EU660949	EU660949
H	19390	100	96.0	+	0	0	19I81M2D17M567I	EU660949	DQ328183
H	20705	100	96.0	+	0	0	35I81M2D17M1149I	EU660949	AY669625
L	22092	1248	*	*	*	*	*	FJ717516	*
H	22092	100	96.0	+	0	0	3I76M2D22M1147I	EU660949	FJ717516
L	12865	1307	*	*	*	*	*	AY669592	*
H	12865	100	96.0	+	0	0	16I76M2D22M1193I	EU660949	AY669592
L	12935	563	*	*	*	*	*	AY753341	*
H	12935	100	100.0	+	0	0	100M463I	AY753341	AY753341
H	10347	100	94.0	+	0	0	23I20M2D78M1055I	AY753341	DQ322217
L	18625	566	*	*	*	*	*	FJ389938	*
H	18625	100	92.0	+	0	0	2D18M2D78M470I	AY753341	FJ389938
L	5100	565	*	*	*	*	*	FJ389950	*
H	5100	100	91.0	+	0	0	2D18M2D78M469I	AY753341	FJ389950
L	5178	564	*	*	*	*	*	FJ389946	*
H	5178	100	91.0	+	0	0	2D18M2D78M468I	AY753341	FJ389946
L	12955	513	*	*	*	*	*	AY756493	*
H	12955	100	100.0	+	0	0	100M413I	AY756493	AY756493
L	12960	543	*	*	*	*	*	AY756498	*
H	12960	100	100.0	+	0	0	100M443I	AY756498	AY756498
L	12963	595	*	*	*	*	*	AY907040	*
H	12963	100	100.0	+	0	0	100M495I	AY907040	AY907040
L	12961	595	*	*	*	*	*	AY907036	*
H	12961	100	95.0	+	0	0	87M2I13M493I	AY907040	AY907036
L	12962	600	*	*	*	*	*	AY907039	*
H	12962	100	94.0	+	0	0	87M2I13M498I	AY907040	AY907039
L	12986	1021	*	*	*	*	*	AY773453	*
H	12986	100	100.0	+	0	0	451I100M470I	AY773453	AY773453
L	12992	627	*	*	*	*	*	FJ210546	*
H	12992	100	100.0	+	0	0	45I100M482I	FJ210546	FJ210546
L	3432	651	*	*	*	*	*	EU871517	*
H	3432	100	99.0	+	0	0	D99M552I	FJ210546	EU871517
L	1752	626	*	*	*	*	*	AF444450	*
H	1752	100	99.0	+	0	0	11I48MD51M516I	FJ210546	AF444450
L	13005	546	*	*	*	*	*	AY795866	*
H	13005	100	100.0	+	0	0	57I100M389I	AY795866	AY795866
H	13009	100	100.0	+	0	0	11I100M151I	AY943967	AY943967
H	14335	100	99.0	+	0	0	35I100M479I	AY943967	FJ810138
H	8583	100	92.0	+	0	0	8D92M454I	AY943967	EF641875
H	7671	100	98.0	+	0	0	35I100M480I	AY943967	FJ810136
H	17276	100	96.0	+	0	0	13I36MI64M1051I	AY943967	AB378506
L	13015	486	*	*	*	*	*	AY853238	*
H	13015	100	100.0	+	0	0	100M386I	AY853238	AY853238
L	13464	199	*	*	*	*	*	U21822	*
H	13464	100	97.0	+	0	0	5I28MI72M93I	AY853238	U21822
L	13465	193	*	*	*	*	*	Z81443	*
H	13465	100	97.0	+	0	0	5I11MD88M89I	AY853238	Z81443
L	13016	507	*	*	*	*	*	AY853243	*
H	13016	100	100.0	+	0	0	100M407I	AY853243	AY853243
L	9198	549	*	*	*	*	*	AB594805	*
H	9198	100	92.0	+	0	0	8I40MD25MD33M443I	AY853243	AB594805
L	1189	560	*	*	*	*	*	EF600969	*
H	1189	100	90.0	+	0	0	11I40MD25MD33M451I	AY853243	EF600969
L	28139	596	*	*	*	*	*	FJ794472	*
H	28139	100	94.0	+	0	0	33I38MD14M13I14M18I33M433I	AY853243	FJ794472
L	15203	583	*	*	*	*	*	GU244511	*
H	15203	100	90.0	+	0	0	17I40MD25MD33M468I	AY853243	GU244511
L	13022	585	*	*	*	*	*	GQ258793	*
H	13022	100	100.0	+	0	0	13I100M472I	GQ258793	GQ258793
L	14502	635	*	*	*	*	*	AB114130	*
H	14502	100	91.0	+	0	0	11I100M524I	GQ258793	AB114130
L	17255	269	*	*	*	*	*	AM114417	*
H	17255	100	90.0	+	0	0	2D98M171I	GQ258793	AM114417
L	21023	614	*	*	*	*	*	EU139131	*
H	21023	100	90.0	+	0	0	12I100M502I	GQ258793	EU139131
L	10119	609	*	*	*	*	*	HQ871875	*
H	10119	100	91.0	+	0	0	38I100M471I	GQ258793	HQ871875
L	14602	323	*	*	*	*	*	AB192997	*
H	14602	100	100.0	+	0	0	100M223I	AB192994	AB192997
L	14584	325	*	*	*	*	*	AB188132	*
H	14584	100	100.0	+	0	0	100M225I	AB192994	AB188132
L	14582	325	*	*	*	*	*	AB188137	*
H	14582	100	100.0	+	0	0	100M225I	AB192994	AB188137
H	28683	100	100.0	+	0	0	270I100M260I	AB192994	U88219
L	5007	618	*	*	*	*	*	FJ468400	*
H	5007	100	100.0	+	0	0	241I100M277I	AB192994	FJ468400
L	13052	589	*	*	*	*	*	AY860559	*
H	13052	100	100.0	+	0	0	2I100M487I	AY860559	AY860559
L	18793	558	*	*	*	*	*	AY860566	*
H	18793	100	97.0	+	0	0	2I100M456I	AY860559	AY860566
L	864	738	*	*	*	*	*	AF224414	*
H	864	100	96.0	+	0	0	243I100M395I	AY860559	AF224414
L	866	736	*	*	*	*	*	AF224420	*
H	866	100	96.0	+	0	0	242I100M394I	AY860559	AF224420
L	18212	827	*	*	*	*	*	AY498689	*
H	18212	100	96.0	+	0	0	216I100M511I	AY860559	AY498689
L	13071	605	*	*	*	*	*	DQ114744	*
H	13071	100	100.0	+	0	0	38I100M467I	DQ114744	DQ114744
L	22367	1189	*	*	*	*	*	FJ157141	*
H	22367	100	100.0	+	0	0	7I100M1082I	DQ114744	FJ157141
L	9294	574	*	*	*	*	*	HQ845118	*
H	9294	100	99.0	+	0	0	13I22MI78M460I	DQ114744	HQ845118
L	9298	300	*	*	*	*	*	HQ845161	*
H	9298	100	99.0	+	0	0	71I22MI78M128I	DQ114744	HQ845161
L	9297	579	*	*	*	*	*	JN942828	*
H	9297	100	99.0	+	0	0	12I22MI78M466I	DQ114744	JN942828
L	13110	747	*	*	*	*	*	DQ001299	*
H	13110	100	100.0	+	0	0	235I100M412I	DQ001299	DQ001299
L	9806	716	*	*	*	*	*	DQ383646	*
H	9806	100	93.0	+	0	0	243I100M373I	DQ001299	DQ383646
H	7206	100	94.0	+	0	0	228I100M443I	DQ001299	GU827332
L	9800	811	*	*	*	*	*	JF923600	*
H	9800	100	93.0	+	0	0	259I100M452I	DQ001299	JF923600
H	4759	100	93.0	+	0	0	36I100M438I	DQ001299	FJ871100
L	13111	609	*	*	*	*	*	DQ007028	*
H	13111	100	100.0	+	0	0	21I100M488I	DQ007028	DQ007028
L	13117	839	*	*	*	*	*	DQ007034	*
H	13117	100	92.0	+	0	0	237I26M17I74M485I	DQ007028	DQ007034
H	747	100	90.0	+	0	0	197I36M18I64M297I	DQ007028	EF373565
H	13119	100	91.0	+	0	0	251I36M18I64M481I	DQ007028	DQ007036
L	13112	787	*	*	*	*	*	DQ007029	*
H	13112	100	95.0	+	0	0	245I26M17I74M425I	DQ007028	DQ007029
L	13120	560	*	*	*	*	*	AY965748	*
H	13120	100	100.0	+	0	0	3I100M457I	AY965748	AY965748
L	13142	512	*	*	*	*	*	AY909004	*
H	13142	100	100.0	+	0	0	100M412I	AY909004	AY909004
L	22932	556	*	*	*	*	*	JN418791	*
H	22932	100	93.0	+	0	0	6I83M3I17M447I	AY909004	JN418791
L	3244	1127	*	*	*	*	*	EU715609	*
H	3244	100	93.0	+	0	0	28I83M3I17M996I	AY909004	EU715609
L	13176	811	*	*	*	*	*	AY916701	*
H	13176	100	100.0	+	0	0	5I100M706I	AY916701	AY916701
L	5212	687	*	*	*	*	*	AB512317	*
H	5212	100	94.0	+	0	0	3I8MD41MD49M586I	AY916701	AB512317
L	18866	735	*	*	*	*	*	AY916692	*
H	18866	100	93.0	+	0	0	31I50M4I50M600I	AY916701	AY916692
L	22254	797	*	*	*	*	*	EU935521	*
H	22254	100	91.0	+	0	0	33I37MI13M4I16MI34M658I	AY916701	EU935521
H	22264	100	93.0	+	0	0	22I34MI16M4I17MI33M656I	AY916701	EU935549
L	13208	548	*	*	*	*	*	DQ018093	*
H	13208	100	100.0	+	0	0	12I100M436I	DQ018093	DQ018093
L	13215	682	*	*	*	*	*	AF210828	*
H	13215	100	100.0	+	0	0	35I100M547I	AF210828	AF210828
L	22722	596	*	*	*	*	*	FJ467355	*
H	22722	100	96.0	+	0	0	I100M495I	AF210828	FJ467355
L	13213	628	*	*	*	*	*	AF210827	*
H	13213	100	96.0	+	0	0	33I100M495I	AF210828	AF210827
L	24513	591	*	*	*	*	*	AF085492	*
H	24513	100	94.0	+	0	0	11I25M2D17MI56M481I	AF210828	AF085492
L	9169	597	*	*	*	*	*	GU062269	*
H	9169	100	95.0	+	0	0	39I100M458I	AF210828	GU062269
L	13219	415	*	*	*	*	*	AF170195	*
H	13219	100	100.0	+	0	0	133I100M182I	AF170195	AF170195
L	13225	422	*	*	*	*	*	GQ355330	*
H	13225	100	95.0	+	0	0	133I79M4I21M185I	AF170195	GQ355330
L	15651	420	*	*	*	*	*	GQ355331	*
H	15651	100	98.0	+	0	0	133I79M5I21M182I	AF170195	GQ355331
L	26818	390	*	*	*	*	*	HQ832488	*
H	26818	100	93.0	+	0	0	94I79M3I21M193I	AF170195	HQ832488
L	13220	429	*	*	*	*	*	AF170196	*
H	13220	100	95.0	+	0	0	133I79MI21M195I	AF170195	AF170196
L	13227	399	*	*	*	*	*	AF170204	*
H	13227	100	100.0	+	0	0	131I100M168I	AF170204	AF170204
L	13230	384	*	*	*	*	*	AF170207	*
H	13230	100	100.0	+	0	0	133I100M151I	AF170207	AF170207
L	13231	596	*	*	*	*	*	AY998100	*
H	13231	100	100.0	+	0	0	100M496I	AY998100	AY998100
L	13246	451	*	*	*	*	*	AJ971448	*
H	13246	100	100.0	+	0	0	100M351I	AJ971448	AJ971448
L	13247	523	*	*	*	*	*	AJ971449	*
H	13247	100	93.0	+	0	0	11I10MD89M413I	AJ971448	AJ971449
L	27755	525	*	*	*	*	*	AJ971456	*
H	27755	100	93.0	+	0	0	77I10MD89M349I	AJ971448	AJ971456
L	13245	658	*	*	*	*	*	AJ971445	*
H	13245	100	93.0	+	0	0	192I10MD17M2I10MI62M364I	AJ971448	AJ971445
L	13252	719	*	*	*	*	*	AH008979	*
H	13252	100	100.0	+	0	0	15I100M604I	AH008979	AH008979
L	3511	620	*	*	*	*	*	EU784183	*
H	3511	100	98.0	+	0	0	33I8MD17MD73M489I	AH008979	EU784183
L	17734	605	*	*	*	*	*	AY176474	*
H	17734	100	94.0	+	0	0	4I25MD24MD49M503I	AH008979	AY176474
L	10283	677	*	*	*	*	*	JN224825	*
H	10283	100	94.0	+	0	0	4I25MD24MD49M575I	AH008979	JN224825
L	17749	697	*	*	*	*	*	AY176493	*
H	17749	100	93.0	+	0	0	4I25MD24MD49M595I	AH008979	AY176493
L	13260	555	*	*	*	*	*	DQ008125	*
H	13260	100	100.0	+	0	0	100M455I	DQ008125	DQ008125
L	13268	643	*	*	*	*	*	AF097752	*
H	13268	100	100.0	+	0	0	100M543I	AF097752	AF097752
L	3573	677	*	*	*	*	*	EU784433	*
H	3573	100	92.0	+	0	0	45I37MI8MI47MD7M531I	AF097752	EU784433
L	13286	545	*	*	*	*	*	U72609	*
H	13286	100	100.0	+	0	0	100M445I	U72609	U72609
L	28575	963	*	*	*	*	*	U51950	*
H	28575	100	99.0	+	0	0	427I100M436I	U72609	U51950
L	13292	753	*	*	*	*	*	AJ247516	*
H	13292	100	100.0	+	0	0	225I100M428I	AJ247516	AJ247516
L	16774	705	*	*	*	*	*	AJ247518	*
H	16774	100	97.0	+	0	0	215I10MI14MI76M388I	AJ247516	AJ247518
L	16772	724	*	*	*	*	*	AJ247571	*
H	16772	100	95.0	+	0	0	201I10MI14MI76M421I	AJ247516	AJ247571
L	16770	744	*	*	*	*	*	AJ247549	*
H	16770	100	95.0	+	0	0	196I10MI14MI76M446I	AJ247516	AJ247549
L	16773	598	*	*	*	*	*	AJ247555	*
H	16773	100	94.0	+	0	0	81I10MI14MI76M415I	AJ247516	AJ247555
L	13310	537	*	*	*	*	*	AF109241	*
H	13310	100	100.0	+	0	0	100M437I	AF109241	AF109241
L	982	555	*	*	*	*	*	AF249905	*
H	982	100	93.0	+	0	0	100M455I	AF109241	AF249905
H	9806	100	93.0	+	0	0	254I100M362I	AF109241	DQ383646
H	13110	100	94.0	+	0	0	246I100M401I	AF109241	DQ001299
L	13314	558	*	*	*	*	*	AF383963	*
H	13314	100	100.0	+	0	0	30I100M428I	AF383963	AF383963
L	13317	656	*	*	*	*	*	AJ972815	*
H	13317	100	100.0	+	0	0	125I100M431I	AJ972815	AJ972815
L	17234	568	*	*	*	*	*	AJ972814	*
H	17234	100	97.0	+	0	0	3D97M471I	AJ972815	AJ972814
L	17233	587	*	*	*	*	*	AJ972810	*
H	17233	100	94.0	+	0	0	14I54M2I40M4I6M467I	AJ972815	AJ972810
L	13376	781	*	*	*	*	*	DQ056364	*
H	13376	100	100.0	+	0	0	100M681I	DQ056364	DQ056364
L	13379	524	*	*	*	*	*	AF120263	*
H	13379	100	100.0	+	0	0	100M424I	AF120263	AF120263
L	13386	695	*	*	*	*	*	DQ083793	*
H	13386	100	100.0	+	0	0	20I100M575I	DQ083793	DQ083793
H	12868	100	98.0	+	0	0	35I100M1108I	DQ083793	AY669603
L	24759	667	*	*	*	*	*	GU222322	*
H	24759	100	98.0	+	0	0	33I100M534I	DQ083793	GU222322
H	6044	100	98.0	+	0	0	49I100M576I	DQ083793	GU233356
L	5952	624	*	*	*	*	*	GU222274	*
H	5952	100	99.0	+	0	0	15I100M509I	DQ083793	GU222274
L	13400	689	*	*	*	*	*	DQ097879	*
H	13400	100	100.0	+	0	0	100M589I	DQ097879	DQ097879
L	28869	650	*	*	*	*	*	UDB001101	*
H	28869	100	97.0	+	0	0	12I100M538I	DQ097879	UDB001101
L	28096	1273	*	*	*	*	*	EU821696	*
H	28096	100	97.0	+	0	0	17I100M1156I	DQ097879	EU821696
L	4364	1265	*	*	*	*	*	FJ717578	*
H	4364	100	96.0	+	0	0	14I100M1151I	DQ097879	FJ717578
L	11925	1310	*	*	*	*	*	EU056990	*
H	11925	100	95.0	+	0	0	43I50MD49M1168I	DQ097879	EU056990
L	13401	955	*	*	*	*	*	DQ097884	*
H	13401	100	100.0	+	0	0	213I100M642I	DQ097884	DQ097884
L	13405	830	*	*	*	*	*	DQ067895	*
H	13405	100	100.0	+	0	0	25I100M705I	DQ067895	DQ067895
L	14391	801	*	*	*	*	*	AB036901	*
H	14391	100	99.0	+	0	0	49I59MI41M651I	DQ067895	AB036901
L	26237	871	*	*	*	*	*	AB036896	*
H	26237	100	94.0	+	0	0	49I25MD54MI20M722I	DQ067895	AB036896
H	18077	100	94.0	+	0	0	8I100M572I	DQ067895	AY366234
L	16643	654	*	*	*	*	*	AF309533	*
H	16643	100	93.0	+	0	0	22I100M532I	DQ067895	AF309533
L	13423	530	*	*	*	*	*	DQ068992	*
H	13423	100	100.0	+	0	0	I100M429I	DQ068992	DQ068992
L	5622	494	*	*	*	*	*	DQ320128	*
H	5622	100	100.0	+	0	0	31M2I69M392I	DQ068992	DQ320128
L	1604	538	*	*	*	*	*	EF093155	*
H	1604	100	99.0	+	0	0	5I31M2I69M431I	DQ068992	EF093155
L	22269	938	*	*	*	*	*	EU938675	*
H	22269	100	99.0	+	0	0	467I31M2I69M369I	DQ068992	EU938675
L	23415	867	*	*	*	*	*	AF486119	*
H	23415	100	99.0	+	0	0	351I31M2I69M414I	DQ068992	AF486119
L	13435	526	*	*	*	*	*	EF029229	*
H	13435	100	100.0	+	0	0	100M426I	EF029229	EF029229
L	22849	500	*	*	*	*	*	FJ903367	*
H	22849	100	99.0	+	0	0	32I100M368I	EF029229	FJ903367
L	27033	552	*	*	*	*	*	DQ093775	*
H	27033	100	97.0	+	0	0	13I60MI40M438I	EF029229	DQ093775
L	13528	550	*	*	*	*	*	DQ132827	*
H	13528	100	97.0	+	0	0	41I60MI40M408I	EF029229	DQ132827
L	13434	552	*	*	*	*	*	DQ093752	*
H	13434	100	96.0	+	0	0	13I61MI39M438I	EF029229	DQ093752
L	13460	699	*	*	*	*	*	EU846245	*
H	13460	100	100.0	+	0	0	36I100M563I	EU846245	EU846245
L	22027	639	*	*	*	*	*	EU784381	*
H	22027	100	94.0	+	0	0	4D96M543I	EU846245	EU784381
L	22026	631	*	*	*	*	*	EU784380	*
H	22026	100	95.0	+	0	0	D17MD30MD50M534I	EU846245	EU784380
L	29172	1113	*	*	*	*	*	UDB011428	*
H	29172	100	95.0	+	0	0	2I8MD60MI31M1011I	EU846245	UDB011428
L	13461	479	*	*	*	*	*	AF072094	*
H	13461	100	100.0	+	0	0	100M379I	AF072094	AF072094
L	15455	479	*	*	*	*	*	AF072087	*
H	15455	100	95.0	+	0	0	100M379I	AF072094	AF072087
L	22030	555	*	*	*	*	*	EU784392	*
H	22030	100	90.0	+	0	0	66I100M389I	AF072094	EU784392
L	13472	527	*	*	*	*	*	AF073358	*
H	13472	99	100.0	+	0	0	110I99M318I	AF073358	AF073358
L	2860	1302	*	*	*	*	*	AB329690	*
H	2860	99	99.0	+	0	0	106I54MD44M1098I	AF073358	AB329690
L	13489	830	*	*	*	*	*	DQ097358	*
H	13489	100	100.0	+	0	0	43I100M687I	DQ097358	DQ097358
L	13494	2310	*	*	*	*	*	DQ102374	*
H	13494	100	100.0	+	0	0	1716I100M494I	DQ102374	DQ102374
L	13496	1062	*	*	*	*	*	AJ877216	*
H	13496	100	100.0	+	0	0	171I100M791I	AJ877216	AJ877216
L	16685	697	*	*	*	*	*	AJ007844	*
H	16685	100	93.0	+	0	0	35I100M562I	AJ877216	AJ007844
L	13506	594	*	*	*	*	*	DQ135999	*
H	13506	100	100.0	+	0	0	35I100M459I	DQ135999	DQ135999
L	16534	554	*	*	*	*	*	AY254154	*
H	16534	100	98.0	+	0	0	13I19MD80M442I	DQ135999	AY254154
L	16533	558	*	*	*	*	*	EF423537	*
H	16533	100	98.0	+	0	0	35I19MD80M424I	DQ135999	EF423537
L	12002	560	*	*	*	*	*	AY254156	*
H	12002	100	98.0	+	0	0	13I19MD80M448I	DQ135999	AY254156
L	26051	1584	*	*	*	*	*	HQ112288	*
H	26051	100	93.0	+	0	0	136I19MD66MI14M1348I	DQ135999	HQ112288
L	13510	476	*	*	*	*	*	FJ808758	*
H	13510	100	100.0	+	0	0	100M376I	FJ808758	FJ808758
L	4025	522	*	*	*	*	*	FJ438380	*
H	4025	100	99.0	+	0	0	100M422I	FJ808758	FJ438380
L	28259	622	*	*	*	*	*	GU570541	*
H	28259	100	98.0	+	0	0	126I82MI18M395I	FJ808758	GU570541
L	19462	475	*	*	*	*	*	DQ363419	*
H	19462	100	96.0	+	0	0	100M375I	FJ808758	DQ363419
H	27033	100	100.0	+	0	0	11I100M441I	DQ132827	DQ093775
H	13528	100	100.0	+	0	0	39I100M411I	DQ132827	DQ132827
H	22849	100	98.0	+	0	0	30I62MD37M371I	DQ132827	FJ903367
H	13435	100	95.0	+	0	0	2D60MD37M429I	DQ132827	EF029229
H	13434	100	97.0	+	0	0	11I100M441I	DQ132827	DQ093752
H	13530	100	100.0	+	0	0	39I100M489I	DQ132829	DQ132829
H	2143	100	99.0	+	0	0	36I39MD60M509I	DQ132829	EU280089
H	12647	100	99.0	+	0	0	10I39MD60M501I	DQ132829	AY737756
H	28217	100	98.0	+	0	0	12I39MD60M481I	DQ132829	FJ441021
H	4251	100	99.0	+	0	0	18I100M492I	DQ132829	FJ623268
L	13538	513	*	*	*	*	*	DQ117450	*
H	13538	100	100.0	+	0	0	100M413I	DQ117450	DQ117450
L	13537	511	*	*	*	*	*	DQ117457	*
H	13537	100	100.0	+	0	0	77MI23M410I	DQ117450	DQ117457
L	13535	509	*	*	*	*	*	DQ117447	*
H	13535	100	98.0	+	0	0	72MI28M408I	DQ117450	DQ117447
L	13617	484	*	*	*	*	*	FJ903339	*
H	13617	100	100.0	+	0	0	50I100M334I	FJ903339	FJ903339
L	9457	504	*	*	*	*	*	FJ474073	*
H	9457	100	98.0	+	0	0	11I58M2D40M395I	FJ903339	FJ474073
L	8751	1585	*	*	*	*	*	HM534896	*
H	8751	100	99.0	+	0	0	150I100M1335I	FJ903339	HM534896
L	27162	570	*	*	*	*	*	HQ897818	*
H	27162	100	96.0	+	0	0	25I56M2D42M447I	FJ903339	HQ897818
L	27055	552	*	*	*	*	*	JF311956	*
H	27055	100	91.0	+	0	0	5D51M2D42M459I	FJ903339	JF311956
L	13623	300	*	*	*	*	*	DQ191315	*
H	13623	100	100.0	+	0	0	10I100M190I	DQ191315	DQ191315
L	13638	620	*	*	*	*	*	DQ200837	*
H	13638	100	100.0	+	0	0	100M520I	DQ200837	DQ200837
H	22079	100	98.0	+	0	0	50I100M479I	DQ200837	EU819535
H	10556	100	93.0	+	0	0	38I38M2D60M470I	DQ200837	JF908544
H	10554	100	90.0	+	0	0	25I31M5D64M507I	DQ200837	JF908541
H	28564	100	91.0	+	0	0	99I35M3D62M113I	DQ200837	U40476
L	13639	577	*	*	*	*	*	DQ200844	*
H	13639	100	100.0	+	0	0	100M477I	DQ200844	DQ200844
L	13686	2243	*	*	*	*	*	AF250820	*
H	13686	100	100.0	+	0	0	1705I100M438I	AF250820	AF250820
L	13692	781	*	*	*	*	*	EU600240	*
H	13692	100	100.0	+	0	0	11I100M670I	EU600240	EU600240
L	22141	695	*	*	*	*	*	EU846299	*
H	22141	100	99.0	+	0	0	25I34MI66M569I	EU600240	EU846299
L	17055	739	*	*	*	*	*	GQ249054	*
H	17055	100	95.0	+	0	0	12I100M627I	EU600240	GQ249054
L	13697	689	*	*	*	*	*	DQ232649	*
H	13697	100	100.0	+	0	0	11I100M578I	DQ232649	DQ232649
L	27868	1288	*	*	*	*	*	AY484688	*
H	27868	100	99.0	+	0	0	7I13MD86M1182I	DQ232649	AY484688
H	5115	100	98.0	+	0	0	11I100M577I	DQ232649	EF460370
L	27220	734	*	*	*	*	*	JF514540	*
H	27220	100	98.0	+	0	0	13I29MI71M620I	DQ232649	JF514540
H	12659	100	98.0	+	0	0	13I100M618I	DQ232649	FJ223223
L	13704	2314	*	*	*	*	*	AB126045	*
H	13704	100	100.0	+	0	0	1765I100M449I	AB126045	AB126045
L	3307	613	*	*	*	*	*	AF444583	*
H	3307	100	91.0	+	0	0	11I75MD24M503I	AB126045	AF444583
L	13732	536	*	*	*	*	*	DQ286765	*
H	13732	100	100.0	+	0	0	100M436I	DQ286765	DQ286765
L	19338	537	*	*	*	*	*	DQ286766	*
H	19338	100	94.0	+	0	0	37MI63M436I	DQ286765	DQ286766
L	13744	682	*	*	*	*	*	JF908124	*
H	13744	100	100.0	+	0	0	30I100M552I	JF908124	JF908124
L	22494	631	*	*	*	*	*	JF908254	*
H	22494	100	96.0	+	0	0	6I100M525I	JF908124	JF908254
L	27516	629	*	*	*	*	*	JF908212	*
H	27516	100	95.0	+	0	0	D99M530I	JF908124	JF908212
L	10490	262	*	*	*	*	*	JF908101	*
H	10490	100	96.0	+	0	0	15I84MI16M146I	JF908124	JF908101
L	26483	1366	*	*	*	*	*	HQ604384	*
H	26483	100	96.0	+	0	0	38I48MI8M2I44M1225I	JF908124	HQ604384
L	13749	609	*	*	*	*	*	EU303008	*
H	13749	100	100.0	+	0	0	100M509I	EU303008	EU303008
L	3405	957	*	*	*	*	*	FJ845430	*
H	3405	100	93.0	+	0	0	114I100M743I	EU303008	FJ845430
L	24614	960	*	*	*	*	*	HQ439176	*
H	24614	100	91.0	+	0	0	110I92MI8M749I	EU303008	HQ439176
L	21645	800	*	*	*	*	*	EU597075	*
H	21645	100	91.0	+	0	0	38I45MI32M6I23M655I	EU303008	EU597075
L	14187	683	*	*	*	*	*	EF126733	*
H	14187	100	91.0	+	0	0	18I78M6I22M559I	EU303008	EF126733
L	13774	531	*	*	*	*	*	DQ241467	*
H	13774	100	100.0	+	0	0	100M431I	DQ241467	DQ241467
L	13756	442	*	*	*	*	*	DQ241441	*
H	13756	100	95.0	+	0	0	100M342I	DQ241467	DQ241441
L	25645	541	*	*	*	*	*	HM209415	*
H	25645	100	96.0	+	0	0	74MI26M440I	DQ241467	HM209415
L	13760	491	*	*	*	*	*	DQ241448	*
H	13760	100	95.0	+	0	0	74MI26M390I	DQ241467	DQ241448
L	25642	540	*	*	*	*	*	HM209412	*
H	25642	100	92.0	+	0	0	10M2I90M438I	DQ241467	HM209412
L	13780	597	*	*	*	*	*	AY292426	*
H	13780	100	100.0	+	0	0	6I100M491I	AY292426	AY292426
L	10104	592	*	*	*	*	*	AY292453	*
H	10104	100	95.0	+	0	0	6I73MD26M487I	AY292426	AY292453
L	17956	580	*	*	*	*	*	AY292451	*
H	17956	100	90.0	+	0	0	6I54M2D14MD29M477I	AY292426	AY292451
L	13786	661	*	*	*	*	*	EU810056	*
H	13786	100	100.0	+	0	0	18I100M543I	EU810056	EU810056
L	13791	597	*	*	*	*	*	DQ278945	*
H	13791	100	100.0	+	0	0	37I100M460I	DQ278945	DQ278945
L	533	1664	*	*	*	*	*	DQ983815	*
H	533	100	98.0	+	0	0	5I100M1559I	DQ278945	DQ983815
L	532	1709	*	*	*	*	*	DQ983814	*
H	532	100	90.0	+	0	0	50I100M1559I	DQ278945	DQ983814
H	13810	100	100.0	+	0	0	100M385I	DQ302954	DQ302954
H	7767	100	91.0	+	0	0	2I100M390I	DQ302954	EU041796
H	20879	100	93.0	+	0	0	6I92MI8M394I	DQ302954	EU041800
L	13816	484	*	*	*	*	*	DQ303050	*
H	13816	100	100.0	+	0	0	100M384I	DQ303050	DQ303050
L	21209	503	*	*	*	*	*	EU301094	*
H	21209	100	99.0	+	0	0	58I100M345I	DQ303050	EU301094
L	3930	497	*	*	*	*	*	AB434912	*
H	3930	100	97.0	+	0	0	100M397I	DQ303050	AB434912
H	5650	100	91.0	+	0	0	130I83MI8M3I9M402I	DQ303050	GQ852839
L	10964	641	*	*	*	*	*	GU214624	*
H	10964	100	94.0	+	0	0	125I23M3I22MI38MI8M3I9M408I	DQ303050	GU214624
L	13820	1156	*	*	*	*	*	EF200075	*
H	13820	100	100.0	+	0	0	100M1056I	EF200075	EF200075
H	9113	100	98.0	+	0	0	29I100M1024I	EF200075	HM469392
H	8162	100	97.0	+	0	0	68I47MI53M470I	EF200075	HQ631054
H	8184	100	96.0	+	0	0	53I80MD19M468I	EF200075	HQ608123
L	21344	1142	*	*	*	*	*	EU427301	*
H	21344	100	92.0	+	0	0	2D74MD23M1045I	EF200075	EU427301
L	13834	559	*	*	*	*	*	GQ352480	*
H	13834	100	100.0	+	0	0	2I100M457I	GQ352480	GQ352480
L	28012	558	*	*	*	*	*	JN564476	*
H	28012	100	95.0	+	0	0	16I100M442I	GQ352480	JN564476
L	7760	544	*	*	*	*	*	AF439625	*
H	7760	100	95.0	+	0	0	5I100M439I	GQ352480	AF439625
H	13436	100	95.0	+	0	0	26I100M432I	GQ352480	DQ093770
L	23182	581	*	*	*	*	*	FJ798595	*
H	23182	100	94.0	+	0	0	25I100M456I	GQ352480	FJ798595
L	13839	674	*	*	*	*	*	AF377150	*
H	13839	100	100.0	+	0	0	33I100M541I	AF377150	AF377150
L	19367	722	*	*	*	*	*	AF377157	*
H	19367	100	98.0	+	0	0	37I100M585I	AF377150	AF377157
L	803	274	*	*	*	*	*	DQ517384	*
H	803	100	95.0	+	0	0	2D6MD80M2D9M179I	AF377150	DQ517384
L	5878	273	*	*	*	*	*	DQ517387	*
H	5878	100	95.0	+	0	0	2D36MD50M2D9M178I	AF377150	DQ517387
L	3707	670	*	*	*	*	*	AY971818	*
H	3707	100	93.0	+	0	0	4I100M566I	AF377150	AY971818
L	25447	600	*	*	*	*	*	HM037965	*
H	25447	100	100.0	+	0	0	9I100M491I	EU484277	HM037965
L	13852	626	*	*	*	*	*	EU484277	*
H	13852	100	100.0	+	0	0	100M526I	EU484277	EU484277
L	13856	580	*	*	*	*	*	AM180951	*
H	13856	100	100.0	+	0	0	10I100M470I	AM180951	AM180951
H	13868	100	100.0	+	0	0	11I100M420I	DQ272499	DQ272499
H	13834	100	97.0	+	0	0	2I100M457I	DQ272499	GQ352480
L	6780	595	*	*	*	*	*	GU973815	*
H	6780	100	95.0	+	0	0	45I33MI67M449I	DQ272499	GU973815
L	25278	602	*	*	*	*	*	GU973825	*
H	25278	100	95.0	+	0	0	53I33MI67M448I	DQ272499	GU973825
L	20650	579	*	*	*	*	*	FJ357156	*
H	20650	100	96.0	+	0	0	12I33MI67M466I	DQ272499	FJ357156
L	13874	712	*	*	*	*	*	DQ328108	*
H	13874	100	100.0	+	0	0	22I100M590I	DQ328108	DQ328108
L	13875	686	*	*	*	*	*	DQ328180	*
H	13875	100	98.0	+	0	0	7I100M579I	DQ328108	DQ328180
L	5947	665	*	*	*	*	*	GU222269	*
H	5947	100	97.0	+	0	0	14I100M551I	DQ328108	GU222269
L	2423	694	*	*	*	*	*	DQ328214	*
H	2423	100	96.0	+	0	0	13I100M581I	DQ328108	DQ328214
L	16011	742	*	*	*	*	*	DQ192181	*
H	16011	100	96.0	+	0	0	43I100M599I	DQ328108	DQ192181
H	13875	100	100.0	+	0	0	7I100M579I	DQ328180	DQ328180
H	13874	100	98.0	+	0	0	22I100M590I	DQ328180	DQ328108
H	5947	100	95.0	+	0	0	14I100M551I	DQ328180	GU222269
H	2423	100	94.0	+	0	0	13I100M581I	DQ328180	DQ328214
H	16011	100	94.0	+	0	0	43I100M599I	DQ328180	DQ192181
H	13878	100	100.0	+	0	0	33I100M549I	DQ328140	DQ328140
L	68	1260	*	*	*	*	*	FJ157013	*
H	68	100	98.0	+	0	0	6I100M1154I	DQ328140	FJ157013
H	11718	100	97.0	+	0	0	2D98M557I	DQ328140	AF325582
L	10658	335	*	*	*	*	*	JN114077	*
H	10658	100	98.0	+	0	0	41I100M194I	DQ328140	JN114077
L	71	630	*	*	*	*	*	EU525963	*
H	71	100	98.0	+	0	0	100M530I	DQ328140	EU525963
L	13888	703	*	*	*	*	*	DQ328173	*
H	13888	100	100.0	+	0	0	20I100M583I	DQ328173	DQ328173
L	27079	702	*	*	*	*	*	DQ328211	*
H	27079	100	97.0	+	0	0	13I10MI90M588I	DQ328173	DQ328211
L	13881	739	*	*	*	*	*	DQ328168	*
H	13881	100	96.0	+	0	0	31I10MI90M607I	DQ328173	DQ328168
L	13884	699	*	*	*	*	*	DQ328182	*
H	13884	100	95.0	+	0	0	12I10MI90M586I	DQ328173	DQ328182
L	12833	671	*	*	*	*	*	DQ328184	*
H	12833	100	95.0	+	0	0	17I10MI90M553I	DQ328173	DQ328184
L	13897	587	*	*	*	*	*	AB540569	*
H	13897	100	100.0	+	0	0	35I100M452I	AB540569	AB540569
L	17952	242	*	*	*	*	*	AY288091	*
H	17952	100	93.0	+	0	0	11I60MD39M132I	AB540569	AY288091
L	14728	2776	*	*	*	*	*	AB278194	*
H	14728	100	93.0	+	0	0	2225I50MI9MD40M451I	AB540569	AB278194
L	12161	573	*	*	*	*	*	AY515357	*
H	12161	100	90.0	+	0	0	7I39MD16M2D27M12I15M457I	AB540569	AY515357
L	13904	347	*	*	*	*	*	AJ876897	*
H	13904	100	100.0	+	0	0	100M247I	AJ876897	AJ876897
L	13910	722	*	*	*	*	*	GQ267488	*
H	13910	100	100.0	+	0	0	49I100M573I	GQ267488	GQ267488
L	22845	642	*	*	*	*	*	AY880941	*
H	22845	100	97.0	+	0	0	8I71M2I29M532I	GQ267488	AY880941
L	254	947	*	*	*	*	*	FJ845440	*
H	254	100	98.0	+	0	0	115I69MI31M731I	GQ267488	FJ845440
L	7743	688	*	*	*	*	*	AJ272416	*
H	7743	100	96.0	+	0	0	17I42MI24M3I27MI7M566I	GQ267488	AJ272416
L	18378	685	*	*	*	*	*	GU222326	*
H	18378	100	96.0	+	0	0	39I42MI22M3I29MI7M541I	GQ267488	GU222326
L	13913	466	*	*	*	*	*	AF203472	*
H	13913	100	100.0	+	0	0	100M366I	AF203472	AF203472
L	10226	546	*	*	*	*	*	JF268773	*
H	10226	100	94.0	+	0	0	20I100M426I	AF203472	JF268773
L	13939	633	*	*	*	*	*	DQ361059	*
H	13939	100	100.0	+	0	0	100M533I	DQ361059	DQ361059
L	13940	634	*	*	*	*	*	DQ361061	*
H	13940	100	96.0	+	0	0	100M534I	DQ361059	DQ361061
H	13940	100	100.0	+	0	0	100M534I	DQ361061	DQ361061
H	13939	100	96.0	+	0	0	100M533I	DQ361061	DQ361059
L	13947	650	*	*	*	*	*	EU837200	*
H	13947	100	100.0	+	0	0	12I100M538I	EU837200	EU837200
L	13951	704	*	*	*	*	*	DQ365614	*
H	13951	100	100.0	+	0	0	40I100M564I	DQ365614	DQ365614
L	13970	669	*	*	*	*	*	EU652343	*
H	13970	100	100.0	+	0	0	2I100M567I	EU652343	EU652343
L	13942	722	*	*	*	*	*	DQ365602	*
H	13942	100	97.0	+	0	0	42I36M2I33M3I16M3I15M572I	EU652343	DQ365602
L	28478	1618	*	*	*	*	*	JQ408240	*
H	28478	100	90.0	+	0	0	9I9M2D16MD72M1512I	EU652343	JQ408240
H	2922	100	91.0	+	0	0	10I51MI34M5I15M553I	EU652343	EU669325
L	2677	884	*	*	*	*	*	EU652344	*
H	2677	100	91.0	+	0	0	9I36M2I25MI16MI7M2I16M769I	EU652343	EU652344
L	13982	895	*	*	*	*	*	DQ367905	*
H	13982	100	100.0	+	0	0	50I100M745I	DQ367905	DQ367905
H	8390	100	98.0	+	0	0	36I100M1185I	DQ367905	HQ604310
H	22841	100	92.0	+	0	0	24I43MD14M2D40M534I	DQ367905	JF908137
H	27509	100	90.0	+	0	0	50I44MI12M3I44M500I	DQ367905	JF908159
L	14000	519	*	*	*	*	*	AF163041	*
H	14000	100	100.0	+	0	0	100M419I	AF163041	AF163041
L	14001	451	*	*	*	*	*	AF163042	*
H	14001	100	99.0	+	0	0	7I64MD35M345I	AF163041	AF163042
L	15643	515	*	*	*	*	*	AF163036	*
H	15643	100	95.0	+	0	0	5I100M410I	AF163041	AF163036
L	21185	596	*	*	*	*	*	EU272539	*
H	21185	100	90.0	+	0	0	46I76MI24M449I	AF163041	EU272539
H	14862	100	90.0	+	0	0	5I76MI24M438I	AF163041	DQ780445
H	14029	100	100.0	+	0	0	100M402I	AY613409	AY613409
L	6403	500	*	*	*	*	*	AY773115	*
H	6403	100	90.0	+	0	0	7D93M407I	AY613409	AY773115
H	12559	100	94.0	+	0	0	100M399I	AY613409	AY613410
H	9102	100	92.0	+	0	0	100M404I	AY613409	GU994579
H	2892	100	90.0	+	0	0	4I100M442I	AY613409	EU707817
L	14039	1621	*	*	*	*	*	DQ389673	*
H	14039	100	100.0	+	0	0	40I100M1481I	DQ389673	DQ389673
L	14047	686	*	*	*	*	*	DQ389708	*
H	14047	100	96.0	+	0	0	9I62MD37M578I	DQ389673	DQ389708
L	17401	1537	*	*	*	*	*	AM712260	*
H	17401	100	98.0	+	0	0	61MI39M1436I	DQ389673	AM712260
L	14042	1597	*	*	*	*	*	DQ389697	*
H	14042	100	96.0	+	0	0	37I61MD38M1461I	DQ389673	DQ389697
L	19490	1597	*	*	*	*	*	DQ389715	*
H	19490	100	94.0	+	0	0	37I61MD38M1461I	DQ389673	DQ389715
L	14043	1621	*	*	*	*	*	DQ389694	*
H	14043	100	100.0	+	0	0	37I100M1484I	DQ389694	DQ389694
L	14081	699	*	*	*	*	*	DQ407250	*
H	14081	100	100.0	+	0	0	28I100M571I	DQ407250	DQ407250
L	2991	716	*	*	*	*	*	EU837225	*
H	2991	100	91.0	+	0	0	9I37M12I15M7I18M13I17MI13M574I	DQ407250	EU837225
L	14088	631	*	*	*	*	*	DQ409168	*
H	14088	100	100.0	+	0	0	11I100M520I	DQ409168	DQ409168
L	28129	2961	*	*	*	*	*	GQ458041	*
H	28129	100	95.0	+	0	0	1739I100M1122I	DQ409168	GQ458041
H	160	100	98.0	+	0	0	42I95MI5M517I	DQ409168	EF192226
L	25215	460	*	*	*	*	*	FJ861384	*
H	25215	100	95.0	+	0	0	45I100M315I	DQ409168	FJ861384
H	9778	100	95.0	+	0	0	11I100M167I	DQ409168	AY282530
H	14090	100	100.0	+	0	0	11I100M591I	EU424302	EU424302
L	2631	679	*	*	*	*	*	EU424303	*
H	2631	100	94.0	+	0	0	10I69MI31M568I	EU424302	EU424303
L	23709	524	*	*	*	*	*	FN435648	*
H	23709	32	100.0	+	0	0	185I32M307I	FJ269225	FN435648
L	9164	564	*	*	*	*	*	HQ317923	*
H	9164	32	100.0	+	0	0	196I32M336I	FJ269225	HQ317923
L	23708	499	*	*	*	*	*	FN435645	*
H	23708	32	100.0	+	0	0	186I32M281I	FJ269225	FN435645
L	9167	568	*	*	*	*	*	GU062285	*
H	9167	32	100.0	+	0	0	256I32M280I	FJ269225	GU062285
L	23706	519	*	*	*	*	*	FN435633	*
H	23706	32	100.0	+	0	0	191I32M296I	FJ269225	FN435633
L	14112	514	*	*	*	*	*	FJ427058	*
H	14112	100	100.0	+	0	0	100M414I	FJ427058	FJ427058
L	3467	587	*	*	*	*	*	FJ205459	*
H	3467	100	99.0	+	0	0	37I100M450I	FJ427058	FJ205459
L	24435	600	*	*	*	*	*	GQ922919	*
H	24435	100	90.0	+	0	0	2D10M2D6MD79M505I	FJ427058	GQ922919
L	14119	560	*	*	*	*	*	AJ891111	*
H	14119	100	100.0	+	0	0	80I100M380I	AJ891111	AJ891111
L	14118	561	*	*	*	*	*	AJ891110	*
H	14118	100	100.0	+	0	0	82I100M379I	AJ891111	AJ891110
L	14121	545	*	*	*	*	*	AJ891113	*
H	14121	100	90.0	+	0	0	72I49MD25M5D20M379I	AJ891111	AJ891113
L	14128	669	*	*	*	*	*	UDB002375	*
H	14128	100	100.0	+	0	0	100M569I	UDB002375	UDB002375
L	25457	1030	*	*	*	*	*	UDB011534	*
H	25457	100	97.0	+	0	0	3I8MD91M928I	UDB002375	UDB011534
L	8657	689	*	*	*	*	*	HQ650733	*
H	8657	100	95.0	+	0	0	4I66M2D32M587I	UDB002375	HQ650733
H	21890	100	94.0	+	0	0	39I66M2D32M606I	UDB002375	GU234147
L	28912	675	*	*	*	*	*	UDB001596	*
H	28912	100	90.0	+	0	0	5I74MI26M569I	UDB002375	UDB001596
L	14150	476	*	*	*	*	*	DQ431178	*
H	14150	100	100.0	+	0	0	100M376I	DQ431178	DQ431178
L	18737	478	*	*	*	*	*	DQ431179	*
H	18737	100	98.0	+	0	0	100M378I	DQ431178	DQ431179
L	14151	478	*	*	*	*	*	DQ431176	*
H	14151	100	96.0	+	0	0	100M378I	DQ431178	DQ431176
L	14154	477	*	*	*	*	*	DQ431174	*
H	14154	100	92.0	+	0	0	79M2I21M375I	DQ431178	DQ431174
L	3596	455	*	*	*	*	*	GU797165	*
H	3596	100	91.0	+	0	0	120I77MI23M234I	DQ431178	GU797165
L	14160	753	*	*	*	*	*	FJ167353	*
H	14160	100	100.0	+	0	0	100M653I	FJ167353	FJ167353
L	92	756	*	*	*	*	*	FJ167356	*
H	92	100	99.0	+	0	0	16I100M640I	FJ167353	FJ167356
H	26014	100	90.0	+	0	0	7I22MD61M4D12M659I	FJ167353	HQ013087
L	2242	694	*	*	*	*	*	EU379942	*
H	2242	100	90.0	+	0	0	10I22MD46MD15M3D12M589I	FJ167353	EU379942
H	6037	100	90.0	+	0	0	7I22MD61M4D12M686I	FJ167353	GU014817
H	14162	100	100.0	+	0	0	11I100M479I	AF444538	AF444538
H	13517	100	98.0	+	0	0	2D98M442I	AF444538	AB038113
H	16345	100	95.0	+	0	0	11I55MI29MI16M505I	AF444538	AF444544
H	16326	100	91.0	+	0	0	11I61M2D37M495I	AF444538	AF444511
L	16328	597	*	*	*	*	*	AF444515	*
H	16328	100	94.0	+	0	0	11I90MD9M487I	AF444538	AF444515
H	14195	100	100.0	+	0	0	100M596I	DQ450005	DQ450005
L	17982	703	*	*	*	*	*	AY313283	*
H	17982	100	90.0	+	0	0	9I28MI43MD28M594I	DQ450005	AY313283
L	14204	584	*	*	*	*	*	AF083199	*
H	14204	100	100.0	+	0	0	35I100M449I	AF083199	AF083199
L	27939	572	*	*	*	*	*	JN225939	*
H	27939	100	94.0	+	0	0	37I32MI21MD46M435I	AF083199	JN225939
L	25221	549	*	*	*	*	*	FJ903289	*
H	25221	100	100.0	+	0	0	39I100M410I	AF083205	FJ903289
L	14206	609	*	*	*	*	*	AF083205	*
H	14206	100	100.0	+	0	0	35I100M474I	AF083205	AF083205
H	20858	100	97.0	+	0	0	40I100M407I	AF083205	FJ903336
L	14209	628	*	*	*	*	*	DQ340323	*
H	14209	100	100.0	+	0	0	100M528I	DQ340323	DQ340323
L	425	2096	*	*	*	*	*	DQ873601	*
H	425	100	93.0	+	0	0	50I16MI12M2I18M6I24M2I22M2I8M1933I	DQ340323	DQ873601
L	12372	631	*	*	*	*	*	EF527210	*
H	12372	100	93.0	+	0	0	17M2I11M3I18M3I13MI35MI6M521I	DQ340323	EF527210
L	12994	679	*	*	*	*	*	AY829342	*
H	12994	100	92.0	+	0	0	43I17M2I11M4I18M3I13MI35MI6M525I	DQ340323	AY829342
L	14208	621	*	*	*	*	*	DQ340310	*
H	14208	100	90.0	+	0	0	31MD13M4I20MI35M517I	DQ340323	DQ340310
L	14216	464	*	*	*	*	*	DQ491512	*
H	14216	100	100.0	+	0	0	100M364I	DQ491512	DQ491512
L	21640	581	*	*	*	*	*	EU586330	*
H	21640	100	96.0	+	0	0	30I20M2I80M449I	DQ491512	EU586330
H	6594	100	98.0	+	0	0	48I19M2I18MI63M449I	DQ491512	EU977538
L	19724	1001	*	*	*	*	*	DQ512889	*
H	19724	100	94.0	+	0	0	443I20MI13MI20MI17MI30M454I	DQ491512	DQ512889
L	22283	584	*	*	*	*	*	EU977535	*
H	22283	100	97.0	+	0	0	9I19M2I18M2I39MI24M470I	DQ491512	EU977535
L	14222	520	*	*	*	*	*	AF231915	*
H	14222	100	100.0	+	0	0	100M420I	AF231915	AF231915
H	6861	100	100.0	+	0	0	9I100M413I	FJ200219	FJ210938
H	2870	100	100.0	+	0	0	10I100M410I	FJ200219	FJ194521
H	14228	100	100.0	+	0	0	13I100M413I	FJ200219	FJ200219
H	22763	100	99.0	+	0	0	51I100M398I	FJ200219	FJ487929
H	7927	100	99.0	+	0	0	49I100M429I	FJ200219	GU566295
L	14317	617	*	*	*	*	*	DQ494374	*
H	14317	100	100.0	+	0	0	100M517I	DQ494374	DQ494374
L	14320	290	*	*	*	*	*	Z48522	*
H	14320	100	100.0	+	0	0	11I100M179I	Z48522	Z48522
H	2591	100	98.0	+	0	0	10I30MI51M2I9MD9M369I	Z48522	AF495462
L	29392	1026	*	*	*	*	*	Z48521	*
H	29392	100	93.0	+	0	0	518I87M2D11M410I	Z48522	Z48521
H	25625	100	98.0	+	0	0	11I30MI51M2I9MD9M420I	Z48522	EU427331
L	19290	996	*	*	*	*	*	DQ179119	*
H	19290	100	98.0	+	0	0	531I30MI51M2I9MD9M363I	Z48522	DQ179119
L	1355	502	*	*	*	*	*	FJ572056	*
H	1355	100	100.0	+	0	0	8I100M394I	EU887131	FJ572056
L	2623	528	*	*	*	*	*	FJ473426	*
H	2623	100	100.0	+	0	0	37I100M391I	EU887131	FJ473426
L	26116	533	*	*	*	*	*	FJ866504	*
H	26116	100	100.0	+	0	0	39I100M394I	EU887131	FJ866504
L	14325	458	*	*	*	*	*	EU887131	*
H	14325	100	100.0	+	0	0	3I100M355I	EU887131	EU887131
L	27346	514	*	*	*	*	*	JF747034	*
H	27346	100	97.0	+	0	0	19I100M395I	EU887131	JF747034
L	14328	482	*	*	*	*	*	EU682206	*
H	14328	100	100.0	+	0	0	100M382I	EU682206	EU682206
L	3490	752	*	*	*	*	*	AY303135	*
H	3490	100	100.0	+	0	0	234I100M418I	EU682206	AY303135
L	17485	482	*	*	*	*	*	EU682197	*
H	17485	100	98.0	+	0	0	100M382I	EU682206	EU682197
L	17968	758	*	*	*	*	*	AY303132	*
H	17968	100	98.0	+	0	0	240I100M418I	EU682206	AY303132
L	861	711	*	*	*	*	*	AF224396	*
H	861	100	98.0	+	0	0	233I100M378I	EU682206	AF224396
L	14343	633	*	*	*	*	*	EF423390	*
H	14343	100	100.0	+	0	0	39I100M494I	EF423390	EF423390
L	2352	552	*	*	*	*	*	EU681337	*
H	2352	100	93.0	+	0	0	5D95M457I	EF423390	EU681337
L	17363	609	*	*	*	*	*	EU569770	*
H	17363	100	96.0	+	0	0	7I100M502I	EF423390	EU569770
L	2351	601	*	*	*	*	*	EU569769	*
H	2351	100	95.0	+	0	0	12MD87M502I	EF423390	EU569769
L	14344	579	*	*	*	*	*	AF279766	*
H	14344	100	94.0	+	0	0	15I100M464I	EF423390	AF279766
L	14355	608	*	*	*	*	*	EU872180	*
H	14355	100	100.0	+	0	0	100M508I	EU872180	EU872180
L	14854	607	*	*	*	*	*	FJ479796	*
H	14854	100	98.0	+	0	0	28MD71M508I	EU872180	FJ479796
L	29424	682	*	*	*	*	*	EU181454	*
H	29424	100	92.0	+	0	0	22I34MD16MI49M560I	EU872180	EU181454
L	20634	700	*	*	*	*	*	EU181448	*
H	20634	100	92.0	+	0	0	22I34MD16MI49M578I	EU872180	EU181448
L	16779	612	*	*	*	*	*	FJ409220	*
H	16779	100	92.0	+	0	0	34MD16MI49M512I	EU872180	FJ409220
L	14384	1681	*	*	*	*	*	AB031196	*
H	14384	100	100.0	+	0	0	198I100M1383I	AB031196	AB031196
L	8974	561	*	*	*	*	*	FJ957892	*
H	8974	100	91.0	+	0	0	37I28MD11MD20MI39M425I	AB031196	FJ957892
L	14393	495	*	*	*	*	*	AB038048	*
H	14393	100	100.0	+	0	0	100M395I	AB038048	AB038048
L	14404	607	*	*	*	*	*	AB044381	*
H	14404	100	100.0	+	0	0	100M507I	AB044381	AB044381
L	2478	568	*	*	*	*	*	AB045105	*
H	2478	100	100.0	+	0	0	100M468I	AB044381	AB045105
L	15254	617	*	*	*	*	*	AB667868	*
H	15254	100	99.0	+	0	0	100M517I	AB044381	AB667868
L	2383	570	*	*	*	*	*	AB044372	*
H	2383	100	99.0	+	0	0	100M470I	AB044381	AB044372
L	14406	558	*	*	*	*	*	AB045156	*
H	14406	100	99.0	+	0	0	100M458I	AB044381	AB045156
H	2383	100	100.0	+	0	0	100M470I	AB045156	AB044372
H	14406	100	100.0	+	0	0	100M458I	AB045156	AB045156
H	2478	100	99.0	+	0	0	100M468I	AB045156	AB045105
L	15252	663	*	*	*	*	*	AB044379	*
H	15252	100	99.0	+	0	0	100M563I	AB045156	AB044379
H	14404	100	99.0	+	0	0	100M507I	AB045156	AB044381
L	14413	556	*	*	*	*	*	AB048632	*
H	14413	100	100.0	+	0	0	100M456I	AB048632	AB048632
L	14414	563	*	*	*	*	*	AB048652	*
H	14414	100	100.0	+	0	0	100M463I	AB048652	AB048652
L	12261	512	*	*	*	*	*	AJ012109	*
H	12261	100	93.0	+	0	0	2D31MD66M415I	AB048652	AJ012109
L	23742	1698	*	*	*	*	*	FN547526	*
H	23742	100	95.0	+	0	0	286I15MI17MD67M1312I	AB048652	FN547526
L	12260	448	*	*	*	*	*	AJ012110	*
H	12260	100	92.0	+	0	0	2D31MD66M351I	AB048652	AJ012110
L	9	563	*	*	*	*	*	AB048643	*
H	9	100	93.0	+	0	0	33MD66M464I	AB048652	AB048643
L	14433	562	*	*	*	*	*	AB067746	*
H	14433	100	100.0	+	0	0	13I100M449I	AB067746	AB067746
L	12308	374	*	*	*	*	*	AF122028	*
H	12308	100	92.0	+	0	0	43I100M231I	AB067746	AF122028
L	5983	604	*	*	*	*	*	GU233806	*
H	5983	100	90.0	+	0	0	35I100M469I	AB067746	GU233806
L	2606	626	*	*	*	*	*	EU592033	*
H	2606	100	92.0	+	0	0	87I67MD20MD11M441I	AB067746	EU592033
L	2447	623	*	*	*	*	*	AJ309335	*
H	2447	100	91.0	+	0	0	34I29M2I30M3I32MI9M483I	AB067746	AJ309335
L	14443	2074	*	*	*	*	*	AB073527	*
H	14443	100	100.0	+	0	0	13I100M1961I	AB073527	AB073527
L	22060	1360	*	*	*	*	*	AB073498	*
H	22060	100	97.0	+	0	0	13I29MI6MI65M1245I	AB073527	AB073498
L	14473	660	*	*	*	*	*	AB089354	*
H	14473	100	100.0	+	0	0	100M560I	AB089354	AB089354
L	26015	753	*	*	*	*	*	HQ013089	*
H	26015	100	96.0	+	0	0	25I10MD40MI8MD40M629I	AB089354	HQ013089
L	14522	1315	*	*	*	*	*	AB117963	*
H	14522	100	93.0	+	0	0	16M2D31MI10MD24MI16M1216I	AB089354	AB117963
L	11317	689	*	*	*	*	*	DQ831013	*
H	11317	100	95.0	+	0	0	10MD77MD11M591I	AB089354	DQ831013
H	26014	100	94.0	+	0	0	25I49MI10MD24MI16M635I	AB089354	HQ013087
L	14857	528	*	*	*	*	*	AB458597	*
H	14857	100	100.0	+	0	0	76I100M352I	EU103986	AB458597
L	14492	551	*	*	*	*	*	EU103986	*
H	14492	100	100.0	+	0	0	100M451I	EU103986	EU103986
L	20973	569	*	*	*	*	*	EU103987	*
H	20973	100	97.0	+	0	0	61MI39M468I	EU103986	EU103987
H	17255	100	93.0	+	0	0	10I100M159I	EU103986	AM114417
L	1623	570	*	*	*	*	*	EU103988	*
H	1623	100	93.0	+	0	0	100M470I	EU103986	EU103988
L	2135	1244	*	*	*	*	*	EU420068	*
H	2135	100	100.0	+	0	0	100M1144I	FN391588	EU420068
L	27606	673	*	*	*	*	*	AY540325	*
H	27606	100	100.0	+	0	0	37I100M536I	FN391588	AY540325
L	4187	661	*	*	*	*	*	FJ501570	*
H	4187	100	100.0	+	0	0	13I100M548I	FN391588	FJ501570
H	14509	100	100.0	+	0	0	15I100M221I	FN391588	FN391588
L	21437	660	*	*	*	*	*	FJ501578	*
H	21437	100	100.0	+	0	0	13I100M547I	FN391588	FJ501578
L	14516	634	*	*	*	*	*	FJ468420	*
H	14516	100	100.0	+	0	0	100M534I	FJ468420	FJ468420
L	14518	640	*	*	*	*	*	AB115734	*
H	14518	100	97.0	+	0	0	100M540I	FJ468420	AB115734
L	12297	639	*	*	*	*	*	AB115728	*
H	12297	100	93.0	+	0	0	62MD37M540I	FJ468420	AB115728
L	14517	630	*	*	*	*	*	AB115732	*
H	14517	100	93.0	+	0	0	62MD37M531I	FJ468420	AB115732
L	14514	635	*	*	*	*	*	AB115719	*
H	14514	100	94.0	+	0	0	4MD17MD38M2D37M539I	FJ468420	AB115719
H	14556	100	100.0	+	0	0	100M432I	AY586570	AY586570
H	12521	100	97.0	+	0	0	D99M421I	AY586570	AY642847
H	3661	100	96.0	+	0	0	2D98M426I	AY586570	EU853257
H	8926	100	92.0	+	0	0	7D93M393I	AY586570	AY251448
H	18468	100	97.0	+	0	0	D99M420I	AY586570	AY642836
L	14560	589	*	*	*	*	*	GQ870276	*
H	14560	100	100.0	+	0	0	12I100M477I	GQ870276	GQ870276
H	7618	100	96.0	+	0	0	40I100M441I	GQ870276	FJ210542
L	4380	627	*	*	*	*	*	HQ631050	*
H	4380	100	97.0	+	0	0	50I62MD37M478I	GQ870276	HQ631050
L	14559	544	*	*	*	*	*	AF158111	*
H	14559	100	98.0	+	0	0	8I62MI38M435I	GQ870276	AF158111
H	25960	100	98.0	+	0	0	20I39MI23MD37M479I	GQ870276	FJ210545
L	14565	543	*	*	*	*	*	AB180320	*
H	14565	100	100.0	+	0	0	100M443I	AB180320	AB180320
H	12729	100	97.0	+	0	0	18MI82M439I	AB180320	AB180349
L	21848	575	*	*	*	*	*	EU692765	*
H	21848	100	95.0	+	0	0	16I100M459I	AB180320	EU692765
L	21989	612	*	*	*	*	*	EU784219	*
H	21989	100	97.0	+	0	0	48I18MD32MD48M466I	AB180320	EU784219
L	12763	567	*	*	*	*	*	AB180682	*
H	12763	100	97.0	+	0	0	18MD32MD48M469I	AB180320	AB180682
L	14569	550	*	*	*	*	*	AB245153	*
H	14569	100	100.0	+	0	0	100M450I	AB245153	AB245153
H	12763	100	98.0	+	0	0	100M467I	AB245153	AB180682
H	21989	100	97.0	+	0	0	48I100M464I	AB245153	EU784219
L	14571	552	*	*	*	*	*	AB180365	*
H	14571	100	98.0	+	0	0	18MI33M2I49M449I	AB245153	AB180365
L	14570	544	*	*	*	*	*	AB180346	*
H	14570	100	98.0	+	0	0	18MI33M2I49M441I	AB245153	AB180346
L	14591	661	*	*	*	*	*	AB190378	*
H	14591	100	100.0	+	0	0	19I100M542I	AB190378	AB190378
H	14602	100	100.0	+	0	0	100M223I	AB192997	AB192997
H	14584	100	100.0	+	0	0	100M225I	AB192997	AB188132
H	14582	100	100.0	+	0	0	100M225I	AB192997	AB188137
H	28683	100	100.0	+	0	0	270I100M260I	AB192997	U88219
H	5007	100	100.0	+	0	0	241I100M277I	AB192997	FJ468400
L	14608	656	*	*	*	*	*	EU181456	*
H	14608	100	100.0	+	0	0	11I100M545I	EU181456	EU181456
L	17219	716	*	*	*	*	*	AJ970142	*
H	17219	100	96.0	+	0	0	23I100M593I	EU181456	AJ970142
L	17220	554	*	*	*	*	*	EU590654	*
H	17220	100	94.0	+	0	0	19I100M435I	EU181456	EU590654
L	17238	702	*	*	*	*	*	AM000035	*
H	17238	100	94.0	+	0	0	23I100M579I	EU181456	AM000035
L	17222	689	*	*	*	*	*	AJ970148	*
H	17222	100	91.0	+	0	0	23I100M566I	EU181456	AJ970148
L	14625	775	*	*	*	*	*	GQ167045	*
H	14625	100	100.0	+	0	0	11I100M664I	GQ167045	GQ167045
L	18602	731	*	*	*	*	*	AY740066	*
H	18602	100	93.0	+	0	0	3D97M634I	GQ167045	AY740066
L	6886	762	*	*	*	*	*	HM143014	*
H	6886	100	97.0	+	0	0	11I37M5I63M646I	GQ167045	HM143014
L	12832	1384	*	*	*	*	*	AY740165	*
H	12832	100	95.0	+	0	0	3I30M3I70M1278I	GQ167045	AY740165
L	4041	779	*	*	*	*	*	FJ515182	*
H	4041	100	95.0	+	0	0	11I30MI70M667I	GQ167045	FJ515182
H	19637	100	100.0	+	0	0	34I100M1094I	HM189747	HQ604725
H	19639	100	100.0	+	0	0	I100M475I	HM189747	UDB002237
H	4362	100	100.0	+	0	0	3I100M1073I	HM189747	FJ717575
H	25771	100	100.0	+	0	0	39I100M466I	HM189747	JQ724023
H	14632	100	100.0	+	0	0	49I100M484I	HM189747	HM189747
L	14637	582	*	*	*	*	*	DQ974740	*
H	14637	100	100.0	+	0	0	100M482I	DQ974740	DQ974740
L	21976	638	*	*	*	*	*	EU784198	*
H	21976	100	95.0	+	0	0	59I100M479I	DQ974740	EU784198
L	5918	624	*	*	*	*	*	FJ876188	*
H	5918	100	95.0	+	0	0	10I100M514I	DQ974740	FJ876188
L	2992	673	*	*	*	*	*	EU846311	*
H	2992	100	93.0	+	0	0	31I34MD65M543I	DQ974740	EU846311
L	8026	929	*	*	*	*	*	FN669195	*
H	8026	100	90.0	+	0	0	3I37MI63M825I	DQ974740	FN669195
L	14657	569	*	*	*	*	*	DQ374649	*
H	14657	100	100.0	+	0	0	100M469I	DQ374649	DQ374649
L	10961	566	*	*	*	*	*	D84381	*
H	10961	100	91.0	+	0	0	4D96M470I	DQ374649	D84381
L	14664	548	*	*	*	*	*	AB245089	*
H	14664	100	100.0	+	0	0	100M448I	AB245089	AB245089
L	14668	1053	*	*	*	*	*	AB245120	*
H	14668	100	100.0	+	0	0	452I100M501I	AB245120	AB245120
L	14669	1022	*	*	*	*	*	AB245121	*
H	14669	100	90.0	+	0	0	457I50M2I7M4I43M459I	AB245120	AB245121
L	14670	923	*	*	*	*	*	AB245119	*
H	14670	100	93.0	+	0	0	336I31M2D67M489I	AB245120	AB245119
L	16088	675	*	*	*	*	*	AF350296	*
H	16088	100	93.0	+	0	0	36I30MD12MD56M541I	AB245120	AF350296
L	14650	648	*	*	*	*	*	AB239340	*
H	14650	100	90.0	+	0	0	47I50M13I50M488I	AB245120	AB239340
L	14692	603	*	*	*	*	*	AB255292	*
H	14692	100	100.0	+	0	0	14I100M489I	AB255292	AB255292
L	14716	420	*	*	*	*	*	AB275190	*
H	14716	100	100.0	+	0	0	297I100M23I	AB275190	AB275190
L	14717	420	*	*	*	*	*	AB275197	*
H	14717	100	91.0	+	0	0	297I100M23I	AB275190	AB275197
L	14725	590	*	*	*	*	*	FJ530943	*
H	14725	100	100.0	+	0	0	3I100M487I	FJ530943	FJ530943
L	6429	650	*	*	*	*	*	AF017652	*
H	6429	100	100.0	+	0	0	74I100M476I	FJ530943	AF017652
L	14752	556	*	*	*	*	*	AB297798	*
H	14752	100	100.0	+	0	0	13I100M443I	AB297798	AB297798
L	21907	611	*	*	*	*	*	EU714405	*
H	21907	100	93.0	+	0	0	17I44MI15MD13M23I27M471I	AB297798	EU714405
L	18436	603	*	*	*	*	*	AY462561	*
H	18436	100	90.0	+	0	0	37I27M2D28MD18M4I24M465I	AB297798	AY462561
H	23440	100	91.0	+	0	0	50I27M2D28MD18M4I24M410I	AB297798	FJ903370
L	21485	1576	*	*	*	*	*	EU552099	*
H	21485	100	90.0	+	0	0	122I27M2D29MD15M3I26M1354I	AB297798	EU552099
L	14790	653	*	*	*	*	*	AB361028	*
H	14790	100	100.0	+	0	0	50I100M503I	AB361028	AB361028
L	14786	610	*	*	*	*	*	AB361024	*
H	14786	100	94.0	+	0	0	11I44MD46MD8M501I	AB361028	AB361024
L	14800	503	*	*	*	*	*	AF153726	*
H	14800	100	100.0	+	0	0	100M403I	AF153726	AF153726
L	14808	540	*	*	*	*	*	GQ466588	*
H	14808	100	100.0	+	0	0	100M440I	GQ466588	GQ466588
L	2667	188	*	*	*	*	*	AJ495423	*
H	2667	100	95.0	+	0	0	8I100M80I	GQ466588	AJ495423
L	14819	1171	*	*	*	*	*	AB378556	*
H	14819	100	100.0	+	0	0	13I100M1058I	AB378556	AB378556
L	5389	1178	*	*	*	*	*	AB378548	*
H	5389	100	92.0	+	0	0	13I62M4I16M3I12M5I10M1053I	AB378556	AB378548
L	24108	590	*	*	*	*	*	GQ241283	*
H	24108	100	91.0	+	0	0	24I43MD36M3I20M464I	AB378556	GQ241283
L	12516	628	*	*	*	*	*	AY646394	*
H	12516	100	93.0	+	0	0	35I79M2I10M6I11M485I	AB378556	AY646394
L	7140	598	*	*	*	*	*	GU453921	*
H	7140	100	91.0	+	0	0	25I43MD36M3I12M3I8M468I	AB378556	GU453921
L	14823	598	*	*	*	*	*	FM986687	*
H	14823	100	100.0	+	0	0	100M498I	FM986687	FM986687
H	14355	100	97.0	+	0	0	I33M10I67M497I	FM986687	EU872180
H	14854	100	96.0	+	0	0	I33M9I67M497I	FM986687	FJ479796
L	12901	674	*	*	*	*	*	EU181453	*
H	12901	100	90.0	+	0	0	23I40M11I33MD26M541I	FM986687	EU181453
L	14856	1041	*	*	*	*	*	AB458188	*
H	14856	100	91.0	+	0	0	380I33M10I41MD25M552I	FM986687	AB458188
L	14831	769	*	*	*	*	*	AB445115	*
H	14831	100	100.0	+	0	0	48I100M621I	AB445115	AB445115
L	14832	799	*	*	*	*	*	AB445116	*
H	14832	100	100.0	+	0	0	49I100M650I	AB445116	AB445116
L	14840	776	*	*	*	*	*	AB453024	*
H	14840	100	100.0	+	0	0	25I100M651I	AB453024	AB453024
H	14845	100	100.0	+	0	0	27I100M547I	AB458892	AB458892
H	7819	100	99.0	+	0	0	38I39MD13MI47M538I	AB458892	HQ318262
H	25430	100	93.0	+	0	0	4D34MD61M508I	AB458892	JQ358919
H	26252	100	97.0	+	0	0	31I39MD16M7I44M478I	AB458892	HQ318252
H	7813	100	96.0	+	0	0	27I38MD17M4I44M529I	AB458892	AB458891
H	14854	100	100.0	+	0	0	100M507I	FJ479796	FJ479796
H	14355	100	99.0	+	0	0	28MI72M507I	FJ479796	EU872180
L	4175	255	*	*	*	*	*	FJ897712	*
H	4175	100	90.0	+	0	0	8D92M163I	FJ479796	FJ897712
H	12901	100	93.0	+	0	0	22I43M2I40MD16M551I	FJ479796	EU181453
L	13591	610	*	*	*	*	*	FJ609216	*
H	13591	100	94.0	+	0	0	50MI50M509I	FJ479796	FJ609216
H	14857	100	100.0	+	0	0	64I100M364I	AB458597	AB458597
H	17255	100	91.0	+	0	0	2D98M171I	AB458597	AM114417
H	21023	100	91.0	+	0	0	12I100M502I	AB458597	EU139131
L	14501	647	*	*	*	*	*	AB114129	*
H	14501	100	93.0	+	0	0	11I100M536I	AB458597	AB114129
H	14502	100	91.0	+	0	0	11I100M524I	AB458597	AB114130
L	14873	744	*	*	*	*	*	AB474394	*
H	14873	100	100.0	+	0	0	27I100M617I	AB474394	AB474394
L	14887	817	*	*	*	*	*	AB481242	*
H	14887	100	100.0	+	0	0	329I100M388I	AB481242	AB481242
L	14891	844	*	*	*	*	*	AB481248	*
H	14891	100	91.0	+	0	0	345I61MD38M400I	AB481242	AB481248
L	3087	582	*	*	*	*	*	EU887662	*
H	3087	100	93.0	+	0	0	35I60M3I10M2D28M446I	AB481242	EU887662
L	6855	561	*	*	*	*	*	AB481263	*
H	6855	100	90.0	+	0	0	35I100M426I	AB481242	AB481263
L	27032	525	*	*	*	*	*	AB481260	*
H	27032	100	90.0	+	0	0	15I61MD38M411I	AB481242	AB481260
L	14893	822	*	*	*	*	*	AB481251	*
H	14893	100	100.0	+	0	0	335I100M387I	AB481251	AB481251
L	3505	574	*	*	*	*	*	EU794910	*
H	3505	100	97.0	+	0	0	39I100M435I	AB481251	EU794910
L	14897	883	*	*	*	*	*	AB481257	*
H	14897	100	96.0	+	0	0	378I33MI67M404I	AB481251	AB481257
H	14900	100	96.0	+	0	0	17I100M390I	AB481251	AB481266
H	3087	100	97.0	+	0	0	35I69MI31M446I	AB481251	EU887662
L	14896	839	*	*	*	*	*	AB481256	*
H	14896	100	100.0	+	0	0	384I100M355I	AB481256	AB481256
L	6853	834	*	*	*	*	*	AB481261	*
H	6853	100	98.0	+	0	0	364I100M370I	AB481256	AB481261
L	6854	531	*	*	*	*	*	AB481262	*
H	6854	100	97.0	+	0	0	33I100M398I	AB481256	AB481262
L	14894	489	*	*	*	*	*	AB481252	*
H	14894	100	91.0	+	0	0	10I88M7I12M372I	AB481256	AB481252
L	14901	921	*	*	*	*	*	AB481267	*
H	14901	100	100.0	+	0	0	420I100M401I	AB481267	AB481267
L	6092	1222	*	*	*	*	*	GU291797	*
H	6092	100	94.0	+	0	0	153I100M969I	AB481267	GU291797
L	19689	499	*	*	*	*	*	DQ491485	*
H	19689	100	90.0	+	0	0	8I25MI75M390I	AB481267	DQ491485
H	3505	100	90.0	+	0	0	39I100M435I	AB481267	EU794910
L	14904	522	*	*	*	*	*	AB481274	*
H	14904	100	90.0	+	0	0	17I87M6I13M399I	AB481267	AB481274
L	14902	498	*	*	*	*	*	AB481271	*
H	14902	100	100.0	+	0	0	100M398I	AB481271	AB481271
L	16538	780	*	*	*	*	*	AF505515	*
H	16538	100	90.0	+	0	0	312I94M2I6M366I	AB481271	AF505515
H	14897	100	90.0	+	0	0	378I37MI63M404I	AB481271	AB481257
L	14930	541	*	*	*	*	*	AB506027	*
H	14930	100	100.0	+	0	0	13I100M428I	AB506027	AB506027
L	11267	570	*	*	*	*	*	JN995644	*
H	11267	100	92.0	+	0	0	38I100M432I	AB506027	JN995644
H	7186	100	90.0	+	0	0	11I100M442I	AB506027	FJ000401
H	3190	100	92.0	+	0	0	12I100M441I	AB506027	GQ152145
H	22289	100	92.0	+	0	0	100M428I	AB506027	FJ000382
L	14933	1837	*	*	*	*	*	AB508840	*
H	14933	100	100.0	+	0	0	651I100M1086I	AB508840	AB508840
L	14935	558	*	*	*	*	*	AB509372	*
H	14935	100	100.0	+	0	0	3I100M455I	AB509372	AB509372
L	6767	573	*	*	*	*	*	GU973750	*
H	6767	100	99.0	+	0	0	6I100M467I	AB509372	GU973750
L	6881	571	*	*	*	*	*	HM222951	*
H	6881	100	98.0	+	0	0	12I100M459I	AB509372	HM222951
L	15104	689	*	*	*	*	*	AB512342	*
H	15104	100	100.0	+	0	0	3I100M586I	AB512342	AB512342
L	29380	606	*	*	*	*	*	EF989113	*
H	29380	100	100.0	+	0	0	35I100M471I	AJ919277	EF989113
L	15112	583	*	*	*	*	*	AJ919277	*
H	15112	100	100.0	+	0	0	11I100M472I	AJ919277	AJ919277
L	10364	1552	*	*	*	*	*	JF439124	*
H	10364	100	99.0	+	0	0	224I62MD37M1229I	AJ919277	JF439124
L	13857	1588	*	*	*	*	*	FN547487	*
H	13857	100	96.0	+	0	0	224I62MD37M1265I	AJ919277	FN547487
L	6199	605	*	*	*	*	*	GQ388719	*
H	6199	100	94.0	+	0	0	35I62MD37M471I	AJ919277	GQ388719
L	15117	699	*	*	*	*	*	AY061733	*
H	15117	100	100.0	+	0	0	29I100M570I	AY061733	AY061733
H	29132	100	100.0	+	0	0	38I66MI34M1190I	AY061733	HQ604852
H	213	100	97.0	+	0	0	29I66MI34M503I	AY061733	DQ777981
H	253	100	92.0	+	0	0	6D60MI34M561I	AY061733	EU598180
L	23383	722	*	*	*	*	*	AY061719	*
H	23383	100	95.0	+	0	0	29I66MI34M592I	AY061733	AY061719
H	15121	100	100.0	+	0	0	5I100M430I	AB524794	AB524794
H	15123	100	94.0	+	0	0	5I57MD42M429I	AB524794	AB524796
H	5533	100	93.0	+	0	0	5I100M426I	AB524794	AB524815
H	15128	100	92.0	+	0	0	5I100M425I	AB524794	AB524813
H	15122	100	95.0	+	0	0	5I100M431I	AB524794	AB524795
H	15141	100	100.0	+	0	0	101I100M510I	AB538235	AB538235
H	11431	100	100.0	+	0	0	102I100M163I	AB538235	EU833199
H	3421	100	100.0	+	0	0	102I100M167I	AB538235	EU833203
H	1767	100	97.0	+	0	0	11I100M517I	AB538235	AF397135
H	7087	100	95.0	+	0	0	35I100M531I	AB538235	AB566325
L	15144	495	*	*	*	*	*	DQ825967	*
H	15144	100	100.0	+	0	0	100M395I	DQ825967	DQ825967
L	15174	574	*	*	*	*	*	AB553411	*
H	15174	97	100.0	+	0	0	82I97M395I	AB553411	AB553411
L	15173	568	*	*	*	*	*	AB553391	*
H	15173	97	94.8	+	0	0	74I97M397I	AB553411	AB553391
L	13849	648	*	*	*	*	*	DQ329367	*
H	13849	97	93.8	+	0	0	154I97M397I	AB553411	DQ329367
L	8892	648	*	*	*	*	*	FJ455097	*
H	8892	97	93.8	+	0	0	147I97M404I	AB553411	FJ455097
L	4358	532	*	*	*	*	*	FJ176919	*
H	4358	97	93.8	+	0	0	93I97M342I	AB553411	FJ176919
L	15191	646	*	*	*	*	*	AJ005369	*
H	15191	100	100.0	+	0	0	35I100M511I	AJ005369	AJ005369
L	3639	618	*	*	*	*	*	FJ392561	*
H	3639	100	100.0	+	0	0	37I100M481I	AJ005369	FJ392561
L	16981	597	*	*	*	*	*	AJ439440	*
H	16981	100	90.0	+	0	0	10I43M2I21M3I36M482I	AJ005369	AJ439440
L	15199	569	*	*	*	*	*	FJ389929	*
H	15199	100	100.0	+	0	0	100M469I	FJ389929	FJ389929
H	22058	100	93.0	+	0	0	19I100M485I	FJ389929	FJ895878
H	4435	100	93.0	+	0	0	58I54MI46M437I	FJ389929	FJ487938
L	12934	585	*	*	*	*	*	GQ241284	*
H	12934	100	92.0	+	0	0	32I100M453I	FJ389929	GQ241284
H	2685	100	93.0	+	0	0	7I54MI46M479I	FJ389929	EU664484
L	15211	437	*	*	*	*	*	AB599964	*
H	15211	100	100.0	+	0	0	100M337I	AB599964	AB599964
L	15222	1348	*	*	*	*	*	AB617740	*
H	15222	100	100.0	+	0	0	8I100M1240I	AB617740	AB617740
L	15242	406	*	*	*	*	*	AF455423	*
H	15242	100	100.0	+	0	0	38I100M268I	AF455423	AF455423
L	17689	616	*	*	*	*	*	AY157634	*
H	17689	100	96.0	+	0	0	416I100M100I	AF455423	AY157634
L	12418	710	*	*	*	*	*	AY533697	*
H	12418	100	96.0	+	0	0	414I100M196I	AF455423	AY533697
L	14555	500	*	*	*	*	*	AB176638	*
H	14555	100	94.0	+	0	0	12I37M2D61M390I	AF455423	AB176638
L	26532	1029	*	*	*	*	*	HQ608057	*
H	26532	100	94.0	+	0	0	524I66MD33M406I	AF455423	HQ608057
H	15254	100	100.0	+	0	0	100M517I	AB667868	AB667868
H	2478	100	99.0	+	0	0	100M468I	AB667868	AB045105
H	14404	100	99.0	+	0	0	100M507I	AB667868	AB044381
H	2383	100	98.0	+	0	0	100M470I	AB667868	AB044372
H	14406	100	98.0	+	0	0	100M458I	AB667868	AB045156
L	15277	642	*	*	*	*	*	AB354209	*
H	15277	100	100.0	+	0	0	13I100M529I	AB354209	AB354209
L	14820	642	*	*	*	*	*	AB427181	*
H	14820	100	94.0	+	0	0	13I100M529I	AB354209	AB427181
H	3324	100	90.0	+	0	0	13I38MI42MI15MI5M555I	AB354209	FJ196777
L	15361	608	*	*	*	*	*	AF045868	*
H	15361	100	100.0	+	0	0	100M508I	AF045868	AF045868
L	15381	1489	*	*	*	*	*	AF050253	*
H	15381	100	100.0	+	0	0	100M1389I	AF050253	AF050253
L	17240	611	*	*	*	*	*	AM048755	*
H	17240	100	90.0	+	0	0	9I34MI18MD35M2D10M504I	AF050253	AM048755
L	1809	669	*	*	*	*	*	EF513771	*
H	1809	100	90.0	+	0	0	45I63MD21M3I7M4I8M518I	AF050253	EF513771
L	14523	645	*	*	*	*	*	FJ595996	*
H	14523	100	90.0	+	0	0	21I63MD21M3I7M4I8M518I	AF050253	FJ595996
L	15402	599	*	*	*	*	*	AF054860	*
H	15402	100	100.0	+	0	0	11I100M488I	AF054860	AF054860
L	15403	595	*	*	*	*	*	AF054861	*
H	15403	100	95.0	+	0	0	11I56M2D42M486I	AF054860	AF054861
L	23208	595	*	*	*	*	*	FJ624396	*
H	23208	100	95.0	+	0	0	11I9MI47MD43M484I	AF054860	FJ624396
L	15404	594	*	*	*	*	*	AF054865	*
H	15404	100	91.0	+	0	0	11I76MI24M482I	AF054860	AF054865
L	15406	301	*	*	*	*	*	AF056583	*
H	15406	100	100.0	+	0	0	100M201I	AF056583	AF056583
L	15600	260	*	*	*	*	*	AF139929	*
H	15600	100	95.0	+	0	0	57I26M2D72M105I	AF056583	AF139929
L	15597	261	*	*	*	*	*	AF139926	*
H	15597	100	92.0	+	0	0	57I26M2D48MI24M105I	AF056583	AF139926
L	27815	490	*	*	*	*	*	JN375589	*
H	27815	100	93.0	+	0	0	218I26M2D22MD9M2D17MI21M176I	AF056583	JN375589
L	22725	562	*	*	*	*	*	FJ472849	*
H	22725	100	93.0	+	0	0	231I26M2D22MD9M2D17MI21M235I	AF056583	FJ472849
L	15439	523	*	*	*	*	*	AF066959	*
H	15439	100	100.0	+	0	0	100M423I	AF066959	AF066959
L	15435	546	*	*	*	*	*	DQ842015	*
H	15435	100	91.0	+	0	0	6D15MD78M453I	AF066959	DQ842015
H	15455	100	100.0	+	0	0	100M379I	AF072087	AF072087
H	22030	100	95.0	+	0	0	66I100M389I	AF072087	EU784392
H	13461	100	95.0	+	0	0	100M379I	AF072087	AF072094
L	15457	770	*	*	*	*	*	AF072235	*
H	15457	100	100.0	+	0	0	219I100M451I	AF072235	AF072235
H	25301	100	95.0	+	0	0	233I7M2I39MI54M423I	AF072235	AF115760
H	26785	100	97.0	+	0	0	I7M2I93M444I	AF072235	HQ725088
L	21318	726	*	*	*	*	*	EU401769	*
H	21318	100	96.0	+	0	0	216I7M2I93M408I	AF072235	EU401769
L	20839	761	*	*	*	*	*	EU034666	*
H	20839	100	96.0	+	0	0	206I7M2I93M453I	AF072235	EU034666
L	15459	656	*	*	*	*	*	EU417866	*
H	15459	100	100.0	+	0	0	4I100M552I	EU417866	EU417866
L	15467	678	*	*	*	*	*	AF079708	*
H	15467	100	100.0	+	0	0	7I100M571I	AF079708	AF079708
L	11553	682	*	*	*	*	*	AF079718	*
H	11553	100	97.0	+	0	0	7I26M2I74M573I	AF079708	AF079718
L	20583	657	*	*	*	*	*	AY176447	*
H	20583	100	96.0	+	0	0	4I26M2I74M551I	AF079708	AY176447
L	11552	680	*	*	*	*	*	AF079678	*
H	11552	100	95.0	+	0	0	7I25M2I75M571I	AF079708	AF079678
L	8792	719	*	*	*	*	*	AY243618	*
H	8792	100	94.0	+	0	0	4I24M20I27MI49M594I	AF079708	AY243618
L	15485	645	*	*	*	*	*	AF083207	*
H	15485	100	100.0	+	0	0	35I100M510I	AF083207	AF083207
L	15501	689	*	*	*	*	*	AF096982	*
H	15501	100	100.0	+	0	0	100M589I	AF096982	AF096982
L	21862	687	*	*	*	*	*	EF493299	*
H	21862	100	96.0	+	0	0	5I100M582I	AF096982	EF493299
L	4767	291	*	*	*	*	*	FM993284	*
H	4767	100	90.0	+	0	0	2I52M6I39MD8M184I	AF096982	FM993284
L	27533	745	*	*	*	*	*	JF908315	*
H	27533	100	91.0	+	0	0	44I49M6I42MD8M596I	AF096982	JF908315
L	28843	637	*	*	*	*	*	DQ658878	*
H	28843	100	91.0	+	0	0	53M2D45M539I	AF096982	DQ658878
L	15521	164	*	*	*	*	*	AF101802	*
H	15521	100	100.0	+	0	0	100M64I	AF101802	AF101802
L	15520	164	*	*	*	*	*	AF101800	*
H	15520	100	97.0	+	0	0	100M64I	AF101802	AF101800
L	4610	164	*	*	*	*	*	AF101807	*
H	4610	100	96.0	+	0	0	100M64I	AF101802	AF101807
L	15531	660	*	*	*	*	*	AF109982	*
H	15531	100	100.0	+	0	0	4I100M556I	AF109982	AF109982
L	14510	668	*	*	*	*	*	AF109968	*
H	14510	100	99.0	+	0	0	13I100M555I	AF109982	AF109968
L	10570	609	*	*	*	*	*	EU424294	*
H	10570	100	98.0	+	0	0	11I82M5I18M493I	AF109982	EU424294
L	12152	600	*	*	*	*	*	AB115044	*
H	12152	100	95.0	+	0	0	2I34M2I48M5I18M491I	AF109982	AB115044
L	21338	684	*	*	*	*	*	EU424317	*
H	21338	100	93.0	+	0	0	11I100M573I	AF109982	EU424317
L	15533	568	*	*	*	*	*	AF110359	*
H	15533	100	100.0	+	0	0	100M468I	AF110359	AF110359
L	12435	1172	*	*	*	*	*	AY548806	*
H	12435	100	95.0	+	0	0	573I16MI84M498I	AF110359	AY548806
L	17132	567	*	*	*	*	*	AF110364	*
H	17132	100	94.0	+	0	0	100M467I	AF110359	AF110364
L	17138	565	*	*	*	*	*	AF110361	*
H	17138	100	93.0	+	0	0	100M465I	AF110359	AF110361
L	15536	646	*	*	*	*	*	AF112143	*
H	15536	100	100.0	+	0	0	100M546I	AF112143	AF112143
L	11834	719	*	*	*	*	*	HQ444267	*
H	11834	100	92.0	+	0	0	49I14MD85M571I	AF112143	HQ444267
L	24797	669	*	*	*	*	*	GU233331	*
H	24797	100	92.0	+	0	0	57I14MD85M513I	AF112143	GU233331
L	24807	727	*	*	*	*	*	GU233343	*
H	24807	100	91.0	+	0	0	57I14MD40MD44M572I	AF112143	GU233343
L	13967	691	*	*	*	*	*	EU525966	*
H	13967	100	91.0	+	0	0	40I100M551I	AF112143	EU525966
L	15537	679	*	*	*	*	*	AF112146	*
H	15537	100	100.0	+	0	0	100M579I	AF112146	AF112146
L	12887	1259	*	*	*	*	*	AY669641	*
H	12887	100	93.0	+	0	0	11I29MD51M2D17M1151I	AF112146	AY669641
L	24809	712	*	*	*	*	*	GU233345	*
H	24809	100	93.0	+	0	0	49I29MD51M2D17M566I	AF112146	GU233345
L	2561	672	*	*	*	*	*	U56056	*
H	2561	100	95.0	+	0	0	21I28MD52M2D17M554I	AF112146	U56056
L	24386	651	*	*	*	*	*	GQ890306	*
H	24386	100	94.0	+	0	0	I29MD49M2D19M553I	AF112146	GQ890306
L	15547	611	*	*	*	*	*	AF117381	*
H	15547	100	100.0	+	0	0	36I100M475I	AF117381	AF117381
L	15584	344	*	*	*	*	*	AF133182	*
H	15584	100	100.0	+	0	0	99I100M145I	AF133182	AF133182
L	16508	594	*	*	*	*	*	AF491594	*
H	16508	100	99.0	+	0	0	18I100M476I	AF133182	AF491594
L	16507	639	*	*	*	*	*	AF491590	*
H	16507	100	97.0	+	0	0	36I34MD65M504I	AF133182	AF491590
L	5136	645	*	*	*	*	*	AF491608	*
H	5136	100	97.0	+	0	0	36I34MD65M510I	AF133182	AF491608
L	6295	619	*	*	*	*	*	JF908536	*
H	6295	100	95.0	+	0	0	16I33MD66M504I	AF133182	JF908536
L	15630	541	*	*	*	*	*	AF156892	*
H	15630	100	100.0	+	0	0	100M441I	AF156892	AF156892
L	16001	608	*	*	*	*	*	AF322377	*
H	16001	100	94.0	+	0	0	33I100M475I	AF156892	AF322377
L	11287	1188	*	*	*	*	*	AF038354	*
H	11287	100	93.0	+	0	0	13I20MD79M1076I	AF156892	AF038354
L	14640	621	*	*	*	*	*	U18363	*
H	14640	100	91.0	+	0	0	54I35M3I65M464I	AF156892	U18363
L	15635	456	*	*	*	*	*	AF162463	*
H	15635	100	100.0	+	0	0	100M356I	AF162463	AF162463
H	6607	100	100.0	+	0	0	280I86MI14M1199I	AF162463	FN547569
H	23746	100	94.0	+	0	0	280I54M3I14MD31M1100I	AF162463	FN547586
H	23747	100	90.0	+	0	0	280I54MD45M1100I	AF162463	FN547588
H	23743	100	95.0	+	0	0	280I54M3I14MD31M1096I	AF162463	FN547575
L	15655	631	*	*	*	*	*	EU301636	*
H	15655	100	100.0	+	0	0	53I100M478I	EU301636	EU301636
L	7104	561	*	*	*	*	*	EU076926	*
H	7104	100	99.0	+	0	0	37I100M424I	EU301636	EU076926
L	7272	561	*	*	*	*	*	GU565128	*
H	7272	100	99.0	+	0	0	25I100M436I	EU301636	GU565128
L	6439	550	*	*	*	*	*	JF819129	*
H	6439	100	99.0	+	0	0	39I100M411I	EU301636	JF819129
L	28130	551	*	*	*	*	*	EU076956	*
H	28130	100	99.0	+	0	0	25I100M426I	EU301636	EU076956
L	15657	543	*	*	*	*	*	AF178514	*
H	15657	100	100.0	+	0	0	100M443I	AF178514	AF178514
L	15661	547	*	*	*	*	*	AF178524	*
H	15661	100	100.0	+	0	0	23MI9MI68M445I	AF178514	AF178524
H	26872	100	100.0	+	0	0	44I23MI9MI68M421I	AF178514	GU212865
H	10657	100	100.0	+	0	0	20I23MI9MI68M471I	AF178514	FJ177638
L	15658	545	*	*	*	*	*	AF178515	*
H	15658	100	99.0	+	0	0	33MI67M444I	AF178514	AF178515
L	15660	1007	*	*	*	*	*	AF178517	*
H	15660	100	100.0	+	0	0	450I100M457I	AF178517	AF178517
H	26872	100	99.0	+	0	0	37I22MD77M431I	AF178517	GU212865
H	10657	100	99.0	+	0	0	13I22MD77M481I	AF178517	FJ177638
L	15663	1003	*	*	*	*	*	AF178527	*
H	15663	100	98.0	+	0	0	445I100M458I	AF178517	AF178527
L	15662	1002	*	*	*	*	*	AF178526	*
H	15662	100	97.0	+	0	0	450I20M2D78M454I	AF178517	AF178526
L	15665	468	*	*	*	*	*	AF178543	*
H	15665	100	100.0	+	0	0	100M368I	AF178543	AF178543
L	21394	453	*	*	*	*	*	EU488737	*
H	21394	100	91.0	+	0	0	4I73MI27M348I	AF178543	EU488737
H	20532	100	90.0	+	0	0	41I22MI20MI29M10I13MI16M377I	AF178543	EF488392
L	15678	589	*	*	*	*	*	AF180198	*
H	15678	100	100.0	+	0	0	100M489I	AF180167	AF180198
L	15677	587	*	*	*	*	*	AF180167	*
H	15677	100	100.0	+	0	0	100M487I	AF180167	AF180167
L	15692	576	*	*	*	*	*	DQ996042	*
H	15692	100	100.0	+	0	0	100M476I	DQ996042	DQ996042
L	13714	537	*	*	*	*	*	EF447404	*
H	13714	100	96.0	+	0	0	2D29MD68M440I	DQ996042	EF447404
H	9167	100	98.0	+	0	0	46I31MD68M423I	DQ996042	GU062285
L	18052	539	*	*	*	*	*	EF447376	*
H	18052	100	96.0	+	0	0	2D29MD68M442I	DQ996042	EF447376
H	11138	100	95.0	+	0	0	2D29MD68M442I	DQ996042	AF191175
L	15700	803	*	*	*	*	*	AF193353	*
H	15700	100	100.0	+	0	0	11I100M692I	AF193353	AF193353
L	15703	777	*	*	*	*	*	AF193361	*
H	15703	100	99.0	+	0	0	11I100M666I	AF193353	AF193361
L	15706	784	*	*	*	*	*	AF193372	*
H	15706	100	98.0	+	0	0	11I55MD44M674I	AF193353	AF193372
L	15704	776	*	*	*	*	*	AF193365	*
H	15704	100	98.0	+	0	0	11I100M665I	AF193353	AF193365
L	15702	769	*	*	*	*	*	AF193360	*
H	15702	100	98.0	+	0	0	11I100M658I	AF193353	AF193360
L	15714	642	*	*	*	*	*	AY672925	*
H	15714	100	100.0	+	0	0	100M542I	AY672925	AY672925
L	7459	739	*	*	*	*	*	AY265221	*
H	7459	100	100.0	+	0	0	32I100M607I	AY672925	AY265221
L	12382	708	*	*	*	*	*	AY558636	*
H	12382	100	91.0	+	0	0	9D91M617I	AY672925	AY558636
L	18130	683	*	*	*	*	*	AY436622	*
H	18130	100	98.0	+	0	0	25I5MD94M559I	AY672925	AY436622
L	17771	707	*	*	*	*	*	AY189706	*
H	17771	100	97.0	+	0	0	14I35MD64M594I	AY672925	AY189706
L	15722	593	*	*	*	*	*	AF201715	*
H	15722	100	100.0	+	0	0	27I100M466I	AF201715	AF201715
L	18426	547	*	*	*	*	*	GU062206	*
H	18426	100	99.0	+	0	0	38I100M409I	AF201715	GU062206
L	15723	554	*	*	*	*	*	AY909026	*
H	15723	100	100.0	+	0	0	100M454I	AY909026	AY909026
L	15638	613	*	*	*	*	*	FJ478107	*
H	15638	100	97.0	+	0	0	50I100M463I	AY909026	FJ478107
L	15740	467	*	*	*	*	*	AF203803	*
H	15740	100	100.0	+	0	0	100M367I	AF203803	AF203803
L	15570	470	*	*	*	*	*	AF128850	*
H	15570	100	91.0	+	0	0	8I25MD74M363I	AF203803	AF128850
L	8825	595	*	*	*	*	*	GQ169486	*
H	8825	100	92.0	+	0	0	24I6MI15M2I65MD13M469I	AF203803	GQ169486
H	15774	100	100.0	+	0	0	11I100M397I	AF222840	AF222840
L	1062	640	*	*	*	*	*	GQ852764	*
H	1062	100	97.0	+	0	0	127I100M413I	AF222840	GQ852764
H	16127	100	98.0	+	0	0	11I100M428I	AF222840	EU851920
H	20148	100	97.0	+	0	0	12I100M429I	AF222840	EU851936
L	6708	513	*	*	*	*	*	GQ852768	*
H	6708	100	97.0	+	0	0	15I93MI7M397I	AF222840	GQ852768
L	15792	741	*	*	*	*	*	AF224377	*
H	15792	100	100.0	+	0	0	246I100M395I	AF224377	AF224377
L	15796	742	*	*	*	*	*	AF224429	*
H	15796	100	97.0	+	0	0	249I100M393I	AF224377	AF224429
L	15793	739	*	*	*	*	*	AF224378	*
H	15793	100	95.0	+	0	0	243I100M396I	AF224377	AF224378
L	15795	726	*	*	*	*	*	AF224392	*
H	15795	100	94.0	+	0	0	235I100M391I	AF224377	AF224392
H	866	100	96.0	+	0	0	242I100M394I	AF224377	AF224420
L	15812	540	*	*	*	*	*	AF229195	*
H	15812	100	100.0	+	0	0	100M440I	AF229195	AF229195
L	15831	491	*	*	*	*	*	EU045425	*
H	15831	100	100.0	+	0	0	16I100M375I	EU045425	EU045425
L	14026	594	*	*	*	*	*	DQ394368	*
H	14026	100	98.0	+	0	0	15I45MD54M480I	EU045425	DQ394368
L	20898	479	*	*	*	*	*	EU045424	*
H	20898	100	93.0	+	0	0	16I88M6I12M357I	EU045425	EU045424
H	15840	100	100.0	+	0	0	11I100M823I	AF346408	AF346408
H	2010	100	99.0	+	0	0	11I43MD56M787I	AF346408	AF346407
H	1282	100	96.0	+	0	0	11I36MD11M2D50M783I	AF346408	AF254936
L	15843	700	*	*	*	*	*	AF254941	*
H	15843	100	100.0	+	0	0	11I100M589I	AF254941	AF254941
L	15857	586	*	*	*	*	*	AF257183	*
H	15857	100	100.0	+	0	0	42I100M444I	AF257183	AF257183
L	16094	713	*	*	*	*	*	AF350306	*
H	16094	100	99.0	+	0	0	35I100M578I	AF257183	AF350306
L	16093	795	*	*	*	*	*	AF350303	*
H	16093	100	99.0	+	0	0	35I100M660I	AF257183	AF350303
L	17703	490	*	*	*	*	*	AY173380	*
H	17703	100	96.0	+	0	0	2D98M392I	AF257183	AY173380
L	16095	748	*	*	*	*	*	AF350307	*
H	16095	100	96.0	+	0	0	31I100M617I	AF257183	AF350307
L	15861	572	*	*	*	*	*	AF260814	*
H	15861	100	100.0	+	0	0	48I100M424I	AF260814	AF260814
L	15867	444	*	*	*	*	*	AF266677	*
H	15867	100	100.0	+	0	0	100M344I	AF266677	AF266677
L	5566	2554	*	*	*	*	*	U63472	*
H	5566	100	97.0	+	0	0	1729I43MD56M726I	AF266677	U63472
L	15901	974	*	*	*	*	*	AF278752	*
H	15901	100	100.0	+	0	0	436I100M438I	AF278752	AF278752
H	21788	100	93.0	+	0	0	431I46MD27M2D24M320I	AF278752	EU670211
H	21795	100	92.0	+	0	0	241I46MD19MD33M446I	AF278752	EU670226
H	1901	100	92.0	+	0	0	421I46MD27M2D24M281I	AF278752	EU266100
L	13539	914	*	*	*	*	*	AF224459	*
H	13539	100	93.0	+	0	0	407I46MD28MD24M409I	AF278752	AF224459
L	15906	504	*	*	*	*	*	AF282069	*
H	15906	100	100.0	+	0	0	100M404I	AF282069	AF282069
L	17330	502	*	*	*	*	*	AM292668	*
H	17330	100	91.0	+	0	0	14MD85M403I	AF282069	AM292668
L	15910	495	*	*	*	*	*	AF282073	*
H	15910	100	100.0	+	0	0	100M395I	AF282073	AF282073
L	15909	498	*	*	*	*	*	AF282072	*
H	15909	100	96.0	+	0	0	58MI42M397I	AF282073	AF282072
L	15908	496	*	*	*	*	*	AF282071	*
H	15908	100	91.0	+	0	0	100M396I	AF282073	AF282071
L	2195	495	*	*	*	*	*	AF282103	*
H	2195	100	91.0	+	0	0	26M2D37MI35M396I	AF282073	AF282103
L	15915	500	*	*	*	*	*	AF282102	*
H	15915	100	100.0	+	0	0	100M400I	AF282102	AF282102
L	15930	253	*	*	*	*	*	AY112921	*
H	15930	100	100.0	+	0	0	100M153I	AY112921	AY112921
L	27228	824	*	*	*	*	*	AF081438	*
H	27228	100	98.0	+	0	0	59I100M665I	AY112921	AF081438
L	20741	554	*	*	*	*	*	EF658745	*
H	20741	100	98.0	+	0	0	313I100M141I	AY112921	EF658745
L	27730	577	*	*	*	*	*	EF658750	*
H	27730	100	98.0	+	0	0	332I100M145I	AY112921	EF658750
L	13830	502	*	*	*	*	*	AF149069	*
H	13830	100	98.0	+	0	0	275I100M127I	AY112921	AF149069
H	16001	100	100.0	+	0	0	12I100M496I	AF322377	AF322377
H	14640	100	98.0	+	0	0	33I58M3I42M485I	AF322377	U18363
H	11287	100	91.0	+	0	0	8D33MD58M1097I	AF322377	AF038354
L	28547	267	*	*	*	*	*	U35645	*
H	28547	100	92.0	+	0	0	36I33MD7MD26M15I32M118I	AF322377	U35645
L	3569	646	*	*	*	*	*	EU784404	*
H	3569	100	99.0	+	0	0	319I100M227I	AF347082	EU784404
L	14099	620	*	*	*	*	*	DQ411529	*
H	14099	100	100.0	+	0	0	314I100M206I	AF347082	DQ411529
H	6963	100	99.0	+	0	0	11I100M224I	AF347082	AB509759
L	16060	1212	*	*	*	*	*	AF347090	*
H	16060	100	100.0	+	0	0	9I100M1103I	AF347082	AF347090
L	16059	1211	*	*	*	*	*	AF347088	*
H	16059	100	100.0	+	0	0	9I100M1102I	AF347082	AF347088
L	16074	643	*	*	*	*	*	AF349708	*
H	16074	100	100.0	+	0	0	47I100M496I	AF349708	AF349708
H	23383	100	92.0	+	0	0	29I55M2D43M595I	AF349708	AY061719
H	213	100	92.0	+	0	0	29I53M2D45M506I	AF349708	DQ777981
L	21897	1349	*	*	*	*	*	HQ604851	*
H	21897	100	94.0	+	0	0	38I55M2D21M2I22M1211I	AF349708	HQ604851
L	4070	744	*	*	*	*	*	AY061717	*
H	4070	100	91.0	+	0	0	29I53M2D45M617I	AF349708	AY061717
L	16075	672	*	*	*	*	*	AF349713	*
H	16075	100	100.0	+	0	0	38I100M534I	AF349713	AF349713
L	13986	1053	*	*	*	*	*	DQ367916	*
H	13986	100	96.0	+	0	0	214I16MI39MD44M739I	AF349713	DQ367916
L	5792	714	*	*	*	*	*	AY061703	*
H	5792	100	96.0	+	0	0	29I16MI38MD11MD33M586I	AF349713	AY061703
L	28753	701	*	*	*	*	*	AF418633	*
H	28753	100	92.0	+	0	0	11I16MI39MD32MI12M589I	AF349713	AF418633
H	28363	100	92.0	+	0	0	9I16MI38MD33MI12M534I	AF349713	JN944005
L	16083	644	*	*	*	*	*	DQ001293	*
H	16083	100	100.0	+	0	0	14I100M530I	DQ001293	DQ001293
L	17660	592	*	*	*	*	*	DQ066711	*
H	17660	100	99.0	+	0	0	22I77MI23M469I	DQ001293	DQ066711
L	19058	649	*	*	*	*	*	DQ066712	*
H	19058	100	93.0	+	0	0	16I21MI79M532I	DQ001293	DQ066712
L	16091	709	*	*	*	*	*	AF350301	*
H	16091	100	100.0	+	0	0	35I100M574I	AF350301	AF350301
H	16094	100	100.0	+	0	0	35I100M578I	AF350303	AF350306
H	16093	100	100.0	+	0	0	35I100M660I	AF350303	AF350303
H	15857	100	99.0	+	0	0	42I100M444I	AF350303	AF257183
H	17703	100	97.0	+	0	0	2D98M392I	AF350303	AY173380
H	16095	100	97.0	+	0	0	31I100M617I	AF350303	AF350307
L	16119	598	*	*	*	*	*	AF357037	*
H	16119	100	100.0	+	0	0	11I100M487I	AF357037	AF357037
L	1267	589	*	*	*	*	*	AF357052	*
H	1267	100	95.0	+	0	0	11I100M478I	AF357037	AF357052
L	16120	595	*	*	*	*	*	AF357038	*
H	16120	100	98.0	+	0	0	11I100M484I	AF357037	AF357038
L	7588	697	*	*	*	*	*	GU234137	*
H	7588	100	94.0	+	0	0	40I100M557I	AF357037	GU234137
L	1268	591	*	*	*	*	*	AF357051	*
H	1268	100	96.0	+	0	0	11I100M480I	AF357037	AF357051
L	16142	392	*	*	*	*	*	AF373986	*
H	16142	100	100.0	+	0	0	100M292I	AF373986	AF373986
L	987	394	*	*	*	*	*	AF373978	*
H	987	100	100.0	+	0	0	40MI60M293I	AF373986	AF373978
L	16152	639	*	*	*	*	*	AF374625	*
H	16152	100	100.0	+	0	0	100M539I	AF374625	AF374625
L	24261	678	*	*	*	*	*	GQ429213	*
H	24261	100	96.0	+	0	0	31I14MI86M546I	AF374625	GQ429213
L	16154	640	*	*	*	*	*	AF374710	*
H	16154	100	99.0	+	0	0	17MI83M539I	AF374625	AF374710
L	6443	645	*	*	*	*	*	AY739178	*
H	6443	100	97.0	+	0	0	22I30MI41M2D27M524I	AF374625	AY739178
L	21937	663	*	*	*	*	*	EU718114	*
H	21937	100	95.0	+	0	0	35I17MI14MI40M2D15MI12M527I	AF374625	EU718114
L	16167	274	*	*	*	*	*	DQ517380	*
H	16167	100	100.0	+	0	0	100M174I	DQ517380	DQ517380
L	16165	811	*	*	*	*	*	EU669318	*
H	16165	100	100.0	+	0	0	15I100M696I	DQ517380	EU669318
L	16166	275	*	*	*	*	*	AF377136	*
H	16166	100	97.0	+	0	0	100M175I	DQ517380	AF377136
L	2462	716	*	*	*	*	*	EU852805	*
H	2462	100	100.0	+	0	0	15I56M6I31M2I13M593I	DQ517380	EU852805
L	19368	895	*	*	*	*	*	AF377126	*
H	19368	100	100.0	+	0	0	49I56M6I31M2I13M738I	DQ517380	AF377126
L	17732	619	*	*	*	*	*	AY176467	*
H	17732	100	100.0	+	0	0	4I100M515I	AY176361	AY176467
L	16191	610	*	*	*	*	*	AY176361	*
H	16191	100	100.0	+	0	0	4I100M506I	AY176361	AY176361
L	2464	637	*	*	*	*	*	AF391012	*
H	2464	100	98.0	+	0	0	4I100M533I	AY176361	AF391012
L	2343	646	*	*	*	*	*	JN944089	*
H	2343	100	98.0	+	0	0	9I100M537I	AY176361	JN944089
L	11933	616	*	*	*	*	*	AY176465	*
H	11933	100	99.0	+	0	0	4I100M512I	AY176361	AY176465
L	16198	689	*	*	*	*	*	GQ203808	*
H	16198	100	100.0	+	0	0	4I100M585I	GQ203808	GQ203808
L	4860	719	*	*	*	*	*	GQ141550	*
H	4860	100	95.0	+	0	0	35I100M584I	GQ203808	GQ141550
H	2467	100	95.0	+	0	0	4I100M593I	GQ203808	AF391028
H	11980	100	94.0	+	0	0	4I100M589I	GQ203808	AY176363
L	5498	692	*	*	*	*	*	GQ203810	*
H	5498	100	96.0	+	0	0	4I100M588I	GQ203808	GQ203810
L	16220	630	*	*	*	*	*	AF394919	*
H	16220	100	100.0	+	0	0	100M530I	AF394919	AF394919
L	16227	1480	*	*	*	*	*	AF397404	*
H	16227	100	100.0	+	0	0	1304I100M76I	AF397404	AF397404
L	16255	542	*	*	*	*	*	AF413091	*
H	16255	100	100.0	+	0	0	100M442I	AF413091	AF413091
L	17083	608	*	*	*	*	*	AJ567799	*
H	17083	100	92.0	+	0	0	43I26MD23MI50M465I	AF413091	AJ567799
L	17020	616	*	*	*	*	*	AJ517204	*
H	17020	100	90.0	+	0	0	43I21M2D23MD32M5I15M2I6M469I	AF413091	AJ517204
L	8795	674	*	*	*	*	*	AY236322	*
H	8795	100	93.0	+	0	0	121I26MD19MD31M3D19M458I	AF413091	AY236322
L	17150	1128	*	*	*	*	*	AJ849467	*
H	17150	100	93.0	+	0	0	179I50MI21M2I7MI22M845I	AF413091	AJ849467
L	16294	310	*	*	*	*	*	AF438558	*
H	16294	100	100.0	+	0	0	100M210I	AF438558	AF438558
L	16308	509	*	*	*	*	*	AY866425	*
H	16308	100	100.0	+	0	0	11I100M398I	AY866425	AY866425
L	16329	620	*	*	*	*	*	AF444516	*
H	16329	100	100.0	+	0	0	11I100M509I	AF444516	AF444516
L	16359	649	*	*	*	*	*	AF444673	*
H	16359	100	91.0	+	0	0	11I28MI56M5I16M532I	AF444516	AF444673
L	3302	629	*	*	*	*	*	AF444565	*
H	3302	100	93.0	+	0	0	11I27MI39MI19M2I15M514I	AF444516	AF444565
L	16360	684	*	*	*	*	*	AF444676	*
H	16360	100	91.0	+	0	0	11I28MI56M2I16M570I	AF444516	AF444676
L	16330	684	*	*	*	*	*	DQ200919	*
H	16330	100	91.0	+	0	0	41I27MI61M12I12M530I	AF444516	DQ200919
H	16330	100	100.0	+	0	0	41I100M543I	DQ200919	DQ200919
L	16358	672	*	*	*	*	*	AF444671	*
H	16358	100	94.0	+	0	0	11I88M5I12M556I	DQ200919	AF444671
H	3302	100	90.0	+	0	0	11I67MI33M517I	DQ200919	AF444565
L	16342	611	*	*	*	*	*	AY313064	*
H	16342	100	100.0	+	0	0	13I100M498I	AY313064	AY313064
L	16335	637	*	*	*	*	*	AF444526	*
H	16335	100	93.0	+	0	0	11I92M4I8M522I	AY313064	AF444526
L	3295	670	*	*	*	*	*	AF444557	*
H	3295	100	90.0	+	0	0	11I38M21I9M3I22MD16M19I14M517I	AY313064	AF444557
L	16348	612	*	*	*	*	*	AF444550	*
H	16348	100	100.0	+	0	0	11I100M501I	AF444550	AF444550
H	3307	100	94.0	+	0	0	11I25MI63MD11M502I	AF444550	AF444583
H	13704	100	93.0	+	0	0	1765I24MI50MI9MD16M448I	AF444550	AB126045
H	16358	100	100.0	+	0	0	11I100M561I	AF444671	AF444671
H	16330	100	92.0	+	0	0	41I88M4I12M539I	AF444671	DQ200919
L	16435	546	*	*	*	*	*	FJ627575	*
H	16435	100	100.0	+	0	0	100M446I	FJ627575	FJ627575
L	14024	546	*	*	*	*	*	FJ627591	*
H	14024	100	99.0	+	0	0	100M446I	FJ627575	FJ627591
L	9311	546	*	*	*	*	*	FJ627596	*
H	9311	100	98.0	+	0	0	100M446I	FJ627575	FJ627596
L	4306	652	*	*	*	*	*	FJ627221	*
H	4306	100	97.0	+	0	0	19I31MI39M2I30M530I	FJ627575	FJ627221
L	22974	649	*	*	*	*	*	FJ627231	*
H	22974	100	97.0	+	0	0	19I31MI36M2I33M527I	FJ627575	FJ627231
H	23709	32	100.0	+	0	0	185I32M307I	AY046222	FN435648
H	9164	32	100.0	+	0	0	196I32M336I	AY046222	HQ317923
H	23708	32	100.0	+	0	0	186I32M281I	AY046222	FN435645
H	9167	32	100.0	+	0	0	256I32M280I	AY046222	GU062285
H	23706	32	100.0	+	0	0	191I32M296I	AY046222	FN435633
L	16455	1065	*	*	*	*	*	AF462426	*
H	16455	100	100.0	+	0	0	539I100M426I	AF462429	AF462426
L	16456	577	*	*	*	*	*	AF462429	*
H	16456	100	100.0	+	0	0	50I100M427I	AF462429	AF462429
L	28689	574	*	*	*	*	*	AF462422	*
H	28689	100	91.0	+	0	0	49I100M425I	AF462429	AF462422
H	16476	100	100.0	+	0	0	4I100M542I	EU166349	EU166349
H	11981	100	98.0	+	0	0	4I100M554I	EU166349	AY176374
H	29030	100	95.0	+	0	0	4I81MD18M611I	EU166349	AF482868
H	6082	100	94.0	+	0	0	4I54MI26MD19M592I	EU166349	GU136168
L	11555	718	*	*	*	*	*	EU561488	*
H	11555	100	93.0	+	0	0	7I79MD20M612I	EU166349	EU561488
L	16477	692	*	*	*	*	*	AF482863	*
H	16477	100	100.0	+	0	0	4I100M588I	AF482863	AF482863
L	11992	700	*	*	*	*	*	AY176432	*
H	11992	100	94.0	+	0	0	4I53MD46M597I	AF482863	AY176432
L	6251	825	*	*	*	*	*	GQ329060	*
H	6251	100	93.0	+	0	0	3D50MD46M729I	AF482863	GQ329060
L	22748	749	*	*	*	*	*	FJ481030	*
H	22748	100	93.0	+	0	0	35I26MD23MD49M616I	AF482863	FJ481030
L	12457	911	*	*	*	*	*	AJ617490	*
H	12457	100	93.0	+	0	0	265I28MD25MD45M548I	AF482863	AJ617490
L	16493	630	*	*	*	*	*	AF485072	*
H	16493	100	100.0	+	0	0	5I100M525I	AF485072	AF485072
H	16508	100	100.0	+	0	0	18I100M476I	AF491594	AF491594
H	15584	100	99.0	+	0	0	99I100M145I	AF491594	AF133182
H	16507	100	96.0	+	0	0	36I34MD65M504I	AF491594	AF491590
H	5136	100	96.0	+	0	0	36I34MD65M510I	AF491594	AF491608
H	6295	100	94.0	+	0	0	16I33MD66M504I	AF491594	JF908536
L	16509	593	*	*	*	*	*	AF491620	*
H	16509	100	100.0	+	0	0	100M493I	AF491620	AF491620
H	16507	100	97.0	+	0	0	48I100M491I	AF491620	AF491590
H	5136	100	97.0	+	0	0	48I100M497I	AF491620	AF491608
H	15584	100	96.0	+	0	0	111I22MI78M132I	AF491620	AF133182
L	5130	614	*	*	*	*	*	AF491576	*
H	5130	100	96.0	+	0	0	45I85MI15M468I	AF491620	AF491576
L	16529	551	*	*	*	*	*	GU214636	*
H	16529	100	100.0	+	0	0	77I100M374I	GU214636	GU214636
H	16533	100	100.0	+	0	0	35I100M423I	AY254154	EF423537
H	16534	100	100.0	+	0	0	13I100M441I	AY254154	AY254154
H	12002	100	100.0	+	0	0	13I100M447I	AY254154	AY254156
H	13506	100	99.0	+	0	0	35I19MI81M458I	AY254154	DQ135999
H	26051	100	94.0	+	0	0	136I85MI15M1347I	AY254154	HQ112288
L	16544	644	*	*	*	*	*	FJ379263	*
H	16544	100	100.0	+	0	0	17I100M527I	FJ379263	FJ379263
L	8879	618	*	*	*	*	*	FJ501577	*
H	8879	100	97.0	+	0	0	13I15MD84M506I	FJ379263	FJ501577
L	12057	622	*	*	*	*	*	AY456341	*
H	12057	100	95.0	+	0	0	13I15MD84M510I	FJ379263	AY456341
H	12711	100	96.0	+	0	0	2I15MD14MI70M498I	FJ379263	AF079584
H	900	100	95.0	+	0	0	49I15MD16MI68M386I	FJ379263	EF155499
L	3814	2110	*	*	*	*	*	EU118616	*
H	3814	58	100.0	+	0	0	1632I58M420I	AF506475	EU118616
L	4135	1750	*	*	*	*	*	U66440	*
H	4135	58	100.0	+	0	0	1572I58M120I	AF506475	U66440
H	4692	58	100.0	+	0	0	1588I58M112I	AF506475	U66439
L	5439	2037	*	*	*	*	*	GQ162819	*
H	5439	58	100.0	+	0	0	1581I58M398I	AF506475	GQ162819
L	16581	1695	*	*	*	*	*	AF506473	*
H	16581	58	100.0	+	0	0	1265I58M372I	AF506475	AF506473
L	16608	751	*	*	*	*	*	AF516561	*
H	16608	100	100.0	+	0	0	100M651I	AF516561	AF516561
L	9562	789	*	*	*	*	*	AF518760	*
H	9562	100	91.0	+	0	0	329I17MD31MD50M362I	AF516561	AF518760
L	16612	511	*	*	*	*	*	AF517890	*
H	16612	100	100.0	+	0	0	100M411I	AF517890	AF517890
L	16617	515	*	*	*	*	*	AF517899	*
H	16617	100	97.0	+	0	0	14MI86M414I	AF517890	AF517899
L	26626	550	*	*	*	*	*	HQ650646	*
H	26626	100	96.0	+	0	0	46I14MI86M403I	AF517890	HQ650646
H	20675	100	95.0	+	0	0	23I14MI86M453I	AF517890	EF619582
L	27336	586	*	*	*	*	*	JF739368	*
H	27336	100	95.0	+	0	0	32I14MI86M453I	AF517890	JF739368
L	16635	748	*	*	*	*	*	AF518759	*
H	16635	100	100.0	+	0	0	321I100M327I	AF518759	AF518759
L	8217	663	*	*	*	*	*	EU486443	*
H	8217	100	93.0	+	0	0	21I83MD16M543I	AF518759	EU486443
L	9545	1040	*	*	*	*	*	AF516568	*
H	9545	100	91.0	+	0	0	328I52M3I31MD16M610I	AF518759	AF516568
L	16642	529	*	*	*	*	*	AF525676	*
H	16642	100	100.0	+	0	0	4I100M425I	AF525676	AF525676
L	16662	197	*	*	*	*	*	AF170012	*
H	16662	100	100.0	+	0	0	100M97I	AF170012	AF170012
H	25545	100	98.0	+	0	0	588I24MD75M106I	AF170012	HM130706
L	25486	626	*	*	*	*	*	GU726929	*
H	25486	100	98.0	+	0	0	397I24MD75M130I	AF170012	GU726929
L	6726	634	*	*	*	*	*	GU726933	*
H	6726	100	98.0	+	0	0	410I24MD75M125I	AF170012	GU726933
L	5000	613	*	*	*	*	*	GQ249885	*
H	5000	100	97.0	+	0	0	368I24MD75M146I	AF170012	GQ249885
L	16676	678	*	*	*	*	*	AJ006665	*
H	16676	100	100.0	+	0	0	37I100M541I	AJ006665	AJ006665
H	14025	100	93.0	+	0	0	2D50MD47M1118I	AJ006665	DQ384594
H	23839	100	93.0	+	0	0	38I52MD25MD10MD10M532I	AJ006665	AY599566
L	16680	679	*	*	*	*	*	AJ006683	*
H	16680	100	100.0	+	0	0	41I100M538I	AJ006683	AJ006683
L	16702	1187	*	*	*	*	*	AJ133394	*
H	16702	100	100.0	+	0	0	100M1087I	AJ133394	AJ133394
L	20190	1178	*	*	*	*	*	EF057428	*
H	20190	100	91.0	+	0	0	17MI13MI46M2D22M1078I	AJ133394	EF057428
L	15903	2415	*	*	*	*	*	AF281176	*
H	15903	100	91.0	+	0	0	2124I17MI9MI20MI35M4D15M192I	AJ133394	AF281176
L	16693	1180	*	*	*	*	*	AJ605994	*
H	16693	100	91.0	+	0	0	17MI9MI20MI35M4D15M1081I	AJ133394	AJ605994
H	16737	100	100.0	+	0	0	49I100M512I	AJ242899	AJ242899
L	16735	649	*	*	*	*	*	AJ242890	*
H	16735	100	99.0	+	0	0	49I81MI19M499I	AJ242899	AJ242890
L	19052	656	*	*	*	*	*	AJ242895	*
H	19052	100	99.0	+	0	0	50I81MI19M505I	AJ242899	AJ242895
H	6296	100	92.0	+	0	0	23I52M4D44M281I	AJ242899	FJ435147
H	21187	100	92.0	+	0	0	36I52M4D44M544I	AJ242899	EU273525
L	16741	462	*	*	*	*	*	AJ244240	*
H	16741	100	100.0	+	0	0	100M362I	AJ244240	AJ244240
L	16751	546	*	*	*	*	*	AJ244270	*
H	16751	100	100.0	+	0	0	100M446I	AJ244270	AJ244270
H	16758	100	100.0	+	0	0	13I100M442I	FJ499457	FJ499457
H	5342	100	99.0	+	0	0	34I100M529I	FJ499457	GQ376119
L	19931	633	*	*	*	*	*	GQ150159	*
H	19931	100	98.0	+	0	0	40I100M493I	FJ499457	GQ150159
L	25218	551	*	*	*	*	*	FJ455872	*
H	25218	100	92.0	+	0	0	5D95M456I	FJ499457	FJ455872
L	27323	631	*	*	*	*	*	HQ285608	*
H	27323	100	93.0	+	0	0	13I100M518I	FJ499457	HQ285608
L	16818	527	*	*	*	*	*	AJ292287	*
H	16818	100	100.0	+	0	0	100M427I	AJ292287	AJ292287
L	3817	645	*	*	*	*	*	EU862218	*
H	3817	100	92.0	+	0	0	13I66MI34M531I	AJ292287	EU862218
L	2997	696	*	*	*	*	*	EU819415	*
H	2997	100	92.0	+	0	0	63I10MI90M532I	AJ292287	EU819415
L	3819	741	*	*	*	*	*	EU862220	*
H	3819	100	91.0	+	0	0	27I100M614I	AJ292287	EU862220
L	3820	679	*	*	*	*	*	EU862219	*
H	3820	100	90.0	+	0	0	11I10MI27MI63M566I	AJ292287	EU862219
L	16819	602	*	*	*	*	*	AJ292289	*
H	16819	100	100.0	+	0	0	100M502I	AJ292289	AJ292289
L	16845	200	*	*	*	*	*	AJ301713	*
H	16845	100	100.0	+	0	0	100M100I	AJ301713	AJ301713
L	16847	199	*	*	*	*	*	AJ301716	*
H	16847	100	93.0	+	0	0	D99M100I	AJ301713	AJ301716
L	21030	617	*	*	*	*	*	EU139142	*
H	21030	100	92.0	+	0	0	9I18MD9M10I72M499I	AJ301713	EU139142
L	16858	555	*	*	*	*	*	FJ539187	*
H	16858	100	100.0	+	0	0	100M455I	FJ539187	FJ539187
L	26046	576	*	*	*	*	*	FJ205464	*
H	26046	100	94.0	+	0	0	11I100M465I	FJ539187	FJ205464
H	8730	100	99.0	+	0	0	11I100M122I	FJ539187	JN600626
L	20128	556	*	*	*	*	*	EF025949	*
H	20128	100	99.0	+	0	0	18I100M438I	FJ539187	EF025949
L	16850	571	*	*	*	*	*	FJ799930	*
H	16850	100	98.0	+	0	0	24I100M447I	FJ539187	FJ799930
L	16863	590	*	*	*	*	*	AJ302006	*
H	16863	100	100.0	+	0	0	100M490I	AJ302006	AJ302006
L	16849	585	*	*	*	*	*	AJ301901	*
H	16849	100	97.0	+	0	0	47MD52M486I	AJ302006	AJ301901
L	27273	724	*	*	*	*	*	JF701758	*
H	27273	100	90.0	+	0	0	67I33M6I14M2D51M553I	AJ302006	JF701758
L	6569	692	*	*	*	*	*	GU937739	*
H	6569	100	93.0	+	0	0	30I34M23I14MD51M540I	AJ302006	GU937739
L	5861	694	*	*	*	*	*	AJ318434	*
H	5861	100	93.0	+	0	0	30I34M15I14MD51M550I	AJ302006	AJ318434
H	5737	100	100.0	+	0	0	35I100M458I	GQ495672	GU112754
H	16876	100	100.0	+	0	0	25I100M380I	GQ495672	GQ495672
H	4603	100	100.0	+	0	0	49I100M458I	GQ495672	GU566253
H	7149	100	99.0	+	0	0	12I100M118I	GQ495672	EU528675
H	7524	100	96.0	+	0	0	3D97M446I	GQ495672	GU256742
L	16886	639	*	*	*	*	*	AJ313437	*
H	16886	100	100.0	+	0	0	11I100M528I	AJ313437	AJ313437
L	7058	630	*	*	*	*	*	AJ313448	*
H	7058	100	99.0	+	0	0	11I100M519I	AJ313437	AJ313448
L	4222	623	*	*	*	*	*	FJ613194	*
H	4222	100	98.0	+	0	0	9I100M514I	AJ313437	FJ613194
L	10889	629	*	*	*	*	*	EF393628	*
H	10889	100	98.0	+	0	0	11I100M518I	AJ313437	EF393628
L	5484	622	*	*	*	*	*	GQ856214	*
H	5484	100	98.0	+	0	0	20I100M502I	AJ313437	GQ856214
L	16905	605	*	*	*	*	*	AJ315842	*
H	16905	100	100.0	+	0	0	4I100M501I	AJ315842	AJ315842
L	16926	383	*	*	*	*	*	AJ408392	*
H	16926	100	100.0	+	0	0	100M283I	AJ408392	AJ408392
L	16932	635	*	*	*	*	*	AJ408381	*
H	16932	100	100.0	+	0	0	100M535I	AJ408381	AJ408381
H	2677	100	95.0	+	0	0	23I24M2D25MI29MI20M761I	AJ408381	EU652344
H	21110	100	100.0	+	0	0	35I100M649I	AJ416955	GQ984158
H	1238	100	100.0	+	0	0	38I100M674I	AJ416955	DQ131610
H	16943	100	100.0	+	0	0	49I100M69I	AJ416955	AJ416955
L	16990	388	*	*	*	*	*	AJ458282	*
H	16990	100	100.0	+	0	0	100M288I	AJ458282	AJ458282
L	16994	531	*	*	*	*	*	AJ458287	*
H	16994	100	100.0	+	0	0	100M431I	AJ458287	AJ458287
L	809	487	*	*	*	*	*	AF229193	*
H	809	100	96.0	+	0	0	100M387I	AJ458287	AF229193
L	808	507	*	*	*	*	*	AF228318	*
H	808	100	95.0	+	0	0	16MD59MI24M407I	AJ458287	AF228318
H	16990	100	91.0	+	0	0	16MI45MI18M2I21M284I	AJ458287	AJ458282
L	16995	528	*	*	*	*	*	AJ458290	*
H	16995	100	92.0	+	0	0	16MI84M427I	AJ458287	AJ458290
L	17024	536	*	*	*	*	*	AJ518849	*
H	17024	100	100.0	+	0	0	11I100M425I	AJ518849	AJ518849
H	17034	100	100.0	+	0	0	1703I100M112I	AJ535501	AJ535501
L	17038	584	*	*	*	*	*	EF495103	*
H	17038	100	100.0	+	0	0	100M484I	EF495103	EF495103
L	11231	609	*	*	*	*	*	JN049879	*
H	11231	100	99.0	+	0	0	44I15MD84M466I	EF495103	JN049879
L	17048	543	*	*	*	*	*	EU343851	*
H	17048	100	100.0	+	0	0	100M443I	EU343851	EU343851
L	22480	624	*	*	*	*	*	FJ210528	*
H	22480	100	96.0	+	0	0	47I65MI35M476I	EU343851	FJ210528
H	9726	100	90.0	+	0	0	22I64M4I36M495I	EU343851	EU343804
L	7525	585	*	*	*	*	*	EU343861	*
H	7525	100	94.0	+	0	0	8I23MI26MI15M2I17M2I19M471I	EU343851	EU343861
L	7963	575	*	*	*	*	*	AB054020	*
H	7963	100	91.0	+	0	0	I23MI35M3I23M2I19M468I	EU343851	AB054020
L	17091	609	*	*	*	*	*	AJ585431	*
H	17091	100	100.0	+	0	0	100M509I	AJ585431	AJ585431
L	17090	610	*	*	*	*	*	AJ585432	*
H	17090	100	91.0	+	0	0	40M2D28M2D28M514I	AJ585431	AJ585432
L	17105	618	*	*	*	*	*	AJ585489	*
H	17105	100	100.0	+	0	0	100M518I	AJ585489	AJ585489
H	17104	100	97.0	+	0	0	100M517I	AJ585489	AJ585486
H	12554	100	96.0	+	0	0	100M522I	AJ585489	AJ585481
L	8417	1344	*	*	*	*	*	HQ604755	*
H	8417	100	96.0	+	0	0	52I100M1192I	AJ585489	HQ604755
H	10468	100	91.0	+	0	0	100M516I	AJ585489	AJ585494
L	17137	587	*	*	*	*	*	AJ634027	*
H	17137	100	100.0	+	0	0	2I100M485I	AJ634027	AJ634027
H	12435	100	90.0	+	0	0	561I66MD33M512I	AJ634027	AY548806
L	17149	792	*	*	*	*	*	AJ849363	*
H	17149	100	100.0	+	0	0	11I100M681I	AJ849363	AJ849363
L	23787	805	*	*	*	*	*	FN556440	*
H	23787	100	96.0	+	0	0	25I36MI13M4I51M675I	AJ849363	FN556440
H	17150	100	100.0	+	0	0	171I100M857I	AJ849467	AJ849467
H	17020	100	93.0	+	0	0	35I23MD11MD26M2D36M485I	AJ849467	AJ517204
L	17021	595	*	*	*	*	*	AJ517199	*
H	17021	100	90.0	+	0	0	11I35M2D63M486I	AJ849467	AJ517199
H	17083	100	93.0	+	0	0	35I34MD45M2D18M476I	AJ849467	AJ567799
L	17166	564	*	*	*	*	*	AJ874115	*
H	17166	100	100.0	+	0	0	31I100M433I	AJ874115	AJ874115
L	17167	573	*	*	*	*	*	AJ874116	*
H	17167	100	100.0	+	0	0	30I100M443I	AJ874116	AJ874116
L	17182	1078	*	*	*	*	*	AJ877220	*
H	17182	100	100.0	+	0	0	172I100M806I	AJ877220	AJ877220
L	17189	694	*	*	*	*	*	AJ884632	*
H	17189	100	100.0	+	0	0	100M594I	AJ884632	AJ884632
L	9473	661	*	*	*	*	*	JF691546	*
H	9473	100	94.0	+	0	0	5D10MD84M567I	AJ884632	JF691546
H	17190	100	98.0	+	0	0	8I38M2I62M602I	AJ884632	AF432881
H	29200	100	98.0	+	0	0	7I15MD25M2I59M561I	AJ884632	EF460373
H	29197	100	98.0	+	0	0	25I15MD25M2I59M561I	AJ884632	EF460371
L	17194	534	*	*	*	*	*	GQ889500	*
H	17194	100	100.0	+	0	0	100M434I	GQ889500	GQ889500
L	17851	697	*	*	*	*	*	AY228111	*
H	17851	100	100.0	+	0	0	166I81MI19M430I	GQ889500	AY228111
L	11506	575	*	*	*	*	*	GU180101	*
H	11506	100	100.0	+	0	0	3I23MI77M471I	GQ889500	GU180101
L	13030	598	*	*	*	*	*	EU551193	*
H	13030	100	100.0	+	0	0	48I68MI32M449I	GQ889500	EU551193
L	17852	559	*	*	*	*	*	AB489089	*
H	17852	100	99.0	+	0	0	46I68MI8MD23M413I	GQ889500	AB489089
L	17195	567	*	*	*	*	*	EU781833	*
H	17195	100	100.0	+	0	0	100M467I	EU781833	EU781833
H	17852	100	95.0	+	0	0	43I70MI12M4I18M411I	EU781833	AB489089
H	13030	100	95.0	+	0	0	45I70MI12M5I18M447I	EU781833	EU551193
H	17851	100	94.0	+	0	0	163I82M6I18M428I	EU781833	AY228111
L	17193	538	*	*	*	*	*	EF151345	*
H	17193	100	91.0	+	0	0	4D66MI12M4I18M437I	EU781833	EF151345
L	17202	640	*	*	*	*	*	EU862227	*
H	17202	100	100.0	+	0	0	3I100M537I	EU862227	EU862227
L	3816	736	*	*	*	*	*	EU862209	*
H	3816	100	99.0	+	0	0	51I100M585I	EU862227	EU862209
L	23961	669	*	*	*	*	*	EU862223	*
H	23961	100	98.0	+	0	0	D99M570I	EU862227	EU862223
L	23962	609	*	*	*	*	*	FN669176	*
H	23962	100	93.0	+	0	0	6D94M515I	EU862227	FN669176
H	2997	100	98.0	+	0	0	49I37MI63M546I	EU862227	EU819415
L	17215	553	*	*	*	*	*	AJ968412	*
H	17215	100	100.0	+	0	0	11I100M442I	AJ968412	AJ968412
L	10362	546	*	*	*	*	*	AJ968411	*
H	10362	100	100.0	+	0	0	11I62MI38M434I	AJ968412	AJ968411
L	27126	1549	*	*	*	*	*	JF439185	*
H	27126	100	100.0	+	0	0	224I62MI38M1224I	AJ968412	JF439185
L	17079	581	*	*	*	*	*	AJ567733	*
H	17079	100	100.0	+	0	0	35I62MI38M445I	AJ968412	AJ567733
L	27124	1562	*	*	*	*	*	JF439183	*
H	27124	100	100.0	+	0	0	224I62MI38M1237I	AJ968412	JF439183
H	17220	100	100.0	+	0	0	19I100M435I	EU590654	EU590654
H	17238	100	98.0	+	0	0	23I100M579I	EU590654	AM000035
H	17219	100	98.0	+	0	0	23I100M593I	EU590654	AJ970142
H	17222	100	92.0	+	0	0	23I100M566I	EU590654	AJ970148
H	14608	100	94.0	+	0	0	11I100M545I	EU590654	EU181456
L	17223	712	*	*	*	*	*	AJ970152	*
H	17223	100	100.0	+	0	0	33I100M579I	AJ970152	AJ970152
L	628	635	*	*	*	*	*	AJ877221	*
H	628	100	92.0	+	0	0	6I40M30I60M499I	AJ970152	AJ877221
L	630	651	*	*	*	*	*	EU181451	*
H	630	100	90.0	+	0	0	11I44M28I56M512I	AJ970152	EU181451
L	3210	716	*	*	*	*	*	AB458161	*
H	3210	100	92.0	+	0	0	35I41M22I7M10I52M549I	AJ970152	AB458161
L	13497	710	*	*	*	*	*	AJ877219	*
H	13497	100	90.0	+	0	0	35I41M21I7M6I52M548I	AJ970152	AJ877219
L	17246	556	*	*	*	*	*	AY259135	*
H	17246	100	100.0	+	0	0	100M456I	AY259135	AY259135
L	8547	557	*	*	*	*	*	AY259137	*
H	8547	100	100.0	+	0	0	100M457I	AY259135	AY259137
L	17245	500	*	*	*	*	*	AJ430224	*
H	17245	100	95.0	+	0	0	4D96M404I	AY259135	AJ430224
L	17254	722	*	*	*	*	*	AM113951	*
H	17254	100	100.0	+	0	0	28I100M594I	AM113951	AM113951
H	14188	100	97.0	+	0	0	15I100M552I	AM113951	UDB001569
H	19390	100	96.0	+	0	0	19I100M565I	AM113951	DQ328183
H	174	100	93.0	+	0	0	4D96M527I	AM113951	EU525976
H	20705	100	96.0	+	0	0	35I100M1147I	AM113951	AY669625
L	17257	981	*	*	*	*	*	UDB011512	*
H	17257	100	100.0	+	0	0	4I100M877I	UDB011512	UDB011512
L	3623	730	*	*	*	*	*	GQ267477	*
H	3623	100	99.0	+	0	0	50I7MI13MI80M578I	UDB011512	GQ267477
L	28926	681	*	*	*	*	*	DQ499640	*
H	28926	100	99.0	+	0	0	51I7MI13MI80M528I	UDB011512	DQ499640
L	22052	662	*	*	*	*	*	DQ499641	*
H	22052	100	99.0	+	0	0	51I7MI13MI80M509I	UDB011512	DQ499641
L	14635	689	*	*	*	*	*	AB211270	*
H	14635	100	97.0	+	0	0	14I7MI10M2I83M572I	UDB011512	AB211270
L	23227	586	*	*	*	*	*	GU062313	*
H	23227	100	100.0	+	0	0	38I100M448I	AM159623	GU062313
L	17260	402	*	*	*	*	*	AM159623	*
H	17260	100	100.0	+	0	0	61I100M241I	AM159623	AM159623
L	5437	604	*	*	*	*	*	FJ903297	*
H	5437	100	100.0	+	0	0	50I100M454I	AM159623	FJ903297
L	19106	579	*	*	*	*	*	EU770230	*
H	19106	100	98.0	+	0	0	2D98M481I	AM159623	EU770230
L	18069	520	*	*	*	*	*	AY354225	*
H	18069	100	100.0	+	0	0	50I72MI28M369I	AM159623	AY354225
L	17304	693	*	*	*	*	*	GQ305011	*
H	17304	100	100.0	+	0	0	100M593I	GQ305011	GQ305011
L	28718	650	*	*	*	*	*	JQ723046	*
H	28718	100	95.0	+	0	0	5D95M555I	GQ305011	JQ723046
L	13693	738	*	*	*	*	*	DQ257337	*
H	13693	100	94.0	+	0	0	25I5MD71MD22M615I	GQ305011	DQ257337
H	17309	100	100.0	+	0	0	12I100M459I	AM269787	AM269787
H	12258	100	98.0	+	0	0	11I8MI11MI81M522I	AM269787	AY534580
L	17311	643	*	*	*	*	*	AY340067	*
H	17311	100	100.0	+	0	0	100M543I	AY340067	AY340067
L	25871	719	*	*	*	*	*	DQ103885	*
H	25871	100	98.0	+	0	0	43I16MD83M577I	AY340067	DQ103885
L	5303	708	*	*	*	*	*	GQ253456	*
H	5303	100	97.0	+	0	0	30I6MD9MD83M580I	AY340067	GQ253456
L	17527	628	*	*	*	*	*	AM931247	*
H	17527	100	96.0	+	0	0	2I6MD9MD83M528I	AY340067	AM931247
L	5311	706	*	*	*	*	*	GQ253465	*
H	5311	100	93.0	+	0	0	38I16MD83M569I	AY340067	GQ253465
L	17315	296	*	*	*	*	*	AM279263	*
H	17315	93	100.0	+	0	0	93M203I	AM279263	AM279263
L	17318	591	*	*	*	*	*	AM279681	*
H	17318	100	100.0	+	0	0	12I100M479I	AM279681	AM279681
L	17232	651	*	*	*	*	*	AJ972806	*
H	17232	100	91.0	+	0	0	12I31M11I14MI14MI7MD24MD8M528I	AM279681	AJ972806
L	17323	505	*	*	*	*	*	FJ185300	*
H	17323	100	100.0	+	0	0	100M405I	FJ185300	FJ185300
H	27068	100	95.0	+	0	0	52I10MD11MI78M391I	FJ185300	JF340281
L	24241	586	*	*	*	*	*	GQ411513	*
H	24241	100	96.0	+	0	0	25I10MD11MI78M461I	FJ185300	GQ411513
L	1318	511	*	*	*	*	*	AM749939	*
H	1318	100	91.0	+	0	0	2D33MD64M414I	FJ185300	AM749939
H	21911	100	95.0	+	0	0	10I10MD11MI78M1009I	FJ185300	EU715652
L	17337	491	*	*	*	*	*	AM292689	*
H	17337	100	100.0	+	0	0	100M391I	AM292689	AM292689
L	17342	486	*	*	*	*	*	AM600967	*
H	17342	100	93.0	+	0	0	11MD88M387I	AM292689	AM600967
L	17380	490	*	*	*	*	*	AM600966	*
H	17380	100	92.0	+	0	0	100M390I	AM292689	AM600966
L	9851	493	*	*	*	*	*	AF282067	*
H	9851	100	91.0	+	0	0	64MI36M392I	AM292689	AF282067
L	17383	490	*	*	*	*	*	AM600968	*
H	17383	100	90.0	+	0	0	100M390I	AM292689	AM600968
H	17345	100	100.0	+	0	0	100M444I	AM292807	AM292807
L	4166	544	*	*	*	*	*	AM697818	*
H	4166	100	96.0	+	0	0	100M444I	AM292807	AM697818
H	21809	100	95.0	+	0	0	5I100M451I	AM292807	EU681302
H	21808	100	94.0	+	0	0	4I30M2I70M453I	AM292807	EU681303
L	21813	557	*	*	*	*	*	EU681308	*
H	21813	100	96.0	+	0	0	5I100M452I	AM292807	EU681308
L	17371	494	*	*	*	*	*	AF220968	*
H	17371	100	100.0	+	0	0	100M394I	AF220968	AF220968
L	26294	476	*	*	*	*	*	AM267272	*
H	26294	100	99.0	+	0	0	2I100M374I	AF220968	AM267272
H	4606	100	96.0	+	0	0	184I100M420I	AF220968	JF735273
L	19073	510	*	*	*	*	*	FJ430732	*
H	19073	100	94.0	+	0	0	D99M411I	AF220968	FJ430732
L	25954	484	*	*	*	*	*	HM770992	*
H	25954	100	93.0	+	0	0	18I43MD56M367I	AF220968	HM770992
H	17401	100	100.0	+	0	0	100M1437I	AM712260	AM712260
H	14042	100	95.0	+	0	0	37I61M2D37M1462I	AM712260	DQ389697
H	14039	100	97.0	+	0	0	40I61MD38M1482I	AM712260	DQ389673
H	14047	100	95.0	+	0	0	9I61M2D37M579I	AM712260	DQ389708
H	19490	100	93.0	+	0	0	37I61M2D37M1462I	AM712260	DQ389715
L	17426	1925	*	*	*	*	*	AM882731	*
H	17426	100	100.0	+	0	0	21I100M1804I	AM882731	AM882731
H	5017	100	93.0	+	0	0	4D96M512I	AM882731	EU523566
L	2249	628	*	*	*	*	*	EU523584	*
H	2249	100	90.0	+	0	0	4D44M3I32M3I20M526I	AM882731	EU523584
L	27523	299	*	*	*	*	*	JF908258	*
H	27523	100	94.0	+	0	0	8I52M6I28M3I20M182I	AM882731	JF908258
H	2250	100	91.0	+	0	0	4D54M3I42M485I	AM882731	EU523585
L	17428	1914	*	*	*	*	*	AM882735	*
H	17428	100	100.0	+	0	0	23I100M1791I	AM882735	AM882735
H	7594	100	90.0	+	0	0	39I25MI15M3D16M3I41M626I	AM882735	GU234156
H	8390	100	90.0	+	0	0	36I25MI15M2D10M3I48M1183I	AM882735	HQ604310
L	17454	1919	*	*	*	*	*	AM882872	*
H	17454	100	100.0	+	0	0	15I100M1804I	AM882872	AM882872
H	8389	100	93.0	+	0	0	10I6MI46M2D46M1166I	AM882872	EU486441
L	17458	1946	*	*	*	*	*	AM882886	*
H	17458	100	100.0	+	0	0	20I100M1826I	AM882886	AM882886
L	6384	611	*	*	*	*	*	JF908166	*
H	6384	100	91.0	+	0	0	7D93M518I	AM882886	JF908166
L	5701	1940	*	*	*	*	*	AM882894	*
H	5701	100	90.0	+	0	0	14I8MD16MD27M5I47M1823I	AM882886	AM882894
L	5196	731	*	*	*	*	*	GQ267474	*
H	5196	100	92.0	+	0	0	49I25M2D29M4I44M580I	AM882886	GQ267474
L	17477	372	*	*	*	*	*	AM882995	*
H	17477	65	100.0	+	0	0	65M307I	AM882995	AM882995
H	26578	100	100.0	+	0	0	11I100M514I	AB456581	AY213652
H	17486	100	100.0	+	0	0	2I100M506I	AB456581	AB456581
H	14184	100	100.0	+	0	0	9I100M514I	AB456581	AM176667
L	26584	664	*	*	*	*	*	HQ631049	*
H	26584	100	97.0	+	0	0	47I100M517I	AB456581	HQ631049
L	9616	636	*	*	*	*	*	GQ302685	*
H	9616	100	98.0	+	0	0	11I44MI56M524I	AB456581	GQ302685
L	17512	529	*	*	*	*	*	FJ903306	*
H	17512	100	100.0	+	0	0	100M429I	FJ903306	FJ903306
L	649	760	*	*	*	*	*	EF174448	*
H	649	100	100.0	+	0	0	17I100M643I	FJ903306	EF174448
L	7154	567	*	*	*	*	*	EF174449	*
H	7154	100	94.0	+	0	0	6D94M473I	FJ903306	EF174449
L	20779	667	*	*	*	*	*	AY216474	*
H	20779	100	93.0	+	0	0	36I40MD20MD38M533I	FJ903306	AY216474
L	17840	2106	*	*	*	*	*	AY219392	*
H	17840	100	94.0	+	0	0	43I16MI21M5I24MD10MI28M1957I	FJ903306	AY219392
L	17532	976	*	*	*	*	*	AM905253	*
H	17532	100	100.0	+	0	0	409I100M467I	AM905253	AM905253
L	17533	659	*	*	*	*	*	AB302828	*
H	17533	100	100.0	+	0	0	100M559I	AB302828	AB302828
L	17320	736	*	*	*	*	*	AM279696	*
H	17320	100	100.0	+	0	0	19I100M617I	AB302828	AM279696
L	17317	690	*	*	*	*	*	AM279464	*
H	17317	100	99.0	+	0	0	19I36MD63M572I	AB302828	AM279464
L	16720	678	*	*	*	*	*	AB302814	*
H	16720	100	98.0	+	0	0	45MD54M579I	AB302828	AB302814
L	17557	565	*	*	*	*	*	AY004778	*
H	17557	100	100.0	+	0	0	4I100M461I	AY004778	AY004778
L	17591	542	*	*	*	*	*	AY045504	*
H	17591	100	100.0	+	0	0	11I100M431I	AY045504	AY045504
L	17593	657	*	*	*	*	*	AY046160	*
H	17593	100	100.0	+	0	0	100M557I	AY046160	AY046160
L	17608	772	*	*	*	*	*	AY048879	*
H	17608	100	100.0	+	0	0	100M672I	AY048879	AY048879
L	14982	391	*	*	*	*	*	AB509637	*
H	14982	100	98.0	+	0	0	7I100M284I	AY048879	AB509637
L	16401	740	*	*	*	*	*	AF454415	*
H	16401	100	98.0	+	0	0	294I100M346I	AY048879	AF454415
L	16394	670	*	*	*	*	*	AF454403	*
H	16394	100	98.0	+	0	0	281I100M289I	AY048879	AF454403
L	16400	658	*	*	*	*	*	AF454413	*
H	16400	100	98.0	+	0	0	287I100M271I	AY048879	AF454413
L	28752	665	*	*	*	*	*	AF418622	*
H	28752	100	100.0	+	0	0	14I100M551I	DQ974759	AF418622
L	17612	597	*	*	*	*	*	DQ974759	*
H	17612	100	100.0	+	0	0	100M497I	DQ974759	DQ974759
L	29136	601	*	*	*	*	*	UDB011168	*
H	29136	100	97.0	+	0	0	8I100M493I	DQ974759	UDB011168
L	2945	447	*	*	*	*	*	EU569272	*
H	2945	100	93.0	+	0	0	D99M348I	DQ974759	EU569272
L	4800	670	*	*	*	*	*	AF418623	*
H	4800	100	95.0	+	0	0	19I48MI52M550I	DQ974759	AF418623
L	17618	687	*	*	*	*	*	AY061714	*
H	17618	100	100.0	+	0	0	29I100M558I	AY061714	AY061714
L	331	657	*	*	*	*	*	UDB011365	*
H	331	100	96.0	+	0	0	33I85M2D13M526I	AY061714	UDB011365
L	17641	529	*	*	*	*	*	AY083188	*
H	17641	100	100.0	+	0	0	6I100M423I	AY083188	AY083188
L	18503	668	*	*	*	*	*	GU222286	*
H	18503	100	98.0	+	0	0	33I100M535I	AY083188	GU222286
H	24797	100	98.0	+	0	0	49I62MI38M519I	AY083188	GU233331
L	10448	582	*	*	*	*	*	AF389154	*
H	10448	100	97.0	+	0	0	4I69MI31M477I	AY083188	AF389154
H	24744	100	97.0	+	0	0	38I100M537I	AY083188	GU222289
L	17645	917	*	*	*	*	*	AY089732	*
H	17645	100	100.0	+	0	0	100M817I	AY089732	AY089732
L	24581	616	*	*	*	*	*	GU067756	*
H	24581	100	98.0	+	0	0	58I100M458I	AY089732	GU067756
L	25787	594	*	*	*	*	*	AY497555	*
H	25787	100	99.0	+	0	0	22I100M472I	AY089732	AY497555
L	25790	668	*	*	*	*	*	HM536096	*
H	25790	100	96.0	+	0	0	57I33MI67M510I	AY089732	HM536096
L	25793	623	*	*	*	*	*	HM536100	*
H	25793	100	94.0	+	0	0	47I24MI76M475I	AY089732	HM536100
L	9987	672	*	*	*	*	*	AJ006682	*
H	9987	100	100.0	+	0	0	45I100M527I	AY089737	AJ006682
L	17648	937	*	*	*	*	*	AY089737	*
H	17648	100	100.0	+	0	0	100M837I	AY089737	AY089737
H	17831	100	94.0	+	0	0	2D65MI22MI11M524I	AY089737	AY219363
L	27069	599	*	*	*	*	*	JF340289	*
H	27069	100	94.0	+	0	0	45I100M454I	AY089737	JF340289
L	16679	669	*	*	*	*	*	AJ006681	*
H	16679	100	93.0	+	0	0	46I75MI16MI9M521I	AY089737	AJ006681
L	17705	491	*	*	*	*	*	AY173389	*
H	17705	100	100.0	+	0	0	100M391I	AY173389	AY173389
L	17713	1269	*	*	*	*	*	EU057034	*
H	17713	100	100.0	+	0	0	15I100M1154I	EU057034	EU057034
H	20910	100	98.0	+	0	0	33I100M1088I	EU057034	EU057047
L	13383	694	*	*	*	*	*	DQ083783	*
H	13383	100	98.0	+	0	0	45I100M549I	EU057034	DQ083783
H	23053	100	98.0	+	0	0	9I100M1143I	EU057034	FJ717511
H	20905	100	98.0	+	0	0	22I100M1141I	EU057034	EU655680
L	17715	755	*	*	*	*	*	EU784164	*
H	17715	100	100.0	+	0	0	3I100M652I	EU784164	EU784164
L	4429	851	*	*	*	*	*	FJ501582	*
H	4429	100	98.0	+	0	0	14I7MI13MI80M735I	EU784164	FJ501582
L	20716	1759	*	*	*	*	*	EF639348	*
H	20716	100	93.0	+	0	0	5I7MI7MI8MI61M2I17M1649I	EU784164	EF639348
L	21974	805	*	*	*	*	*	EU784166	*
H	21974	100	92.0	+	0	0	13I7MI53M2I25MI15M688I	EU784164	EU784166
L	4359	845	*	*	*	*	*	FJ711635	*
H	4359	100	91.0	+	0	0	2D5MI13MI44MD35M746I	EU784164	FJ711635
L	17718	715	*	*	*	*	*	FJ998397	*
H	17718	100	100.0	+	0	0	I100M614I	FJ998397	FJ998397
L	11984	629	*	*	*	*	*	AY176405	*
H	11984	100	90.0	+	0	0	4I27M3D70M528I	FJ998397	AY176405
L	10282	636	*	*	*	*	*	JN224824	*
H	10282	100	92.0	+	0	0	4I24M2D74M534I	FJ998397	JN224824
L	17719	689	*	*	*	*	*	AY176368	*
H	17719	100	100.0	+	0	0	4I100M585I	AY176368	AY176368
L	11982	663	*	*	*	*	*	AY176400	*
H	11982	100	93.0	+	0	0	4I75MI25M558I	AY176368	AY176400
L	17722	715	*	*	*	*	*	AY176377	*
H	17722	100	100.0	+	0	0	4I100M611I	AY176377	AY176377
L	11978	701	*	*	*	*	*	AY176354	*
H	11978	100	94.0	+	0	0	4I100M597I	AY176377	AY176354
L	22894	675	*	*	*	*	*	FJ596853	*
H	22894	100	92.0	+	0	0	4D96M579I	AY176377	FJ596853
L	28678	724	*	*	*	*	*	U85332	*
H	28678	100	92.0	+	0	0	I100M623I	AY176377	U85332
L	17745	502	*	*	*	*	*	AY176487	*
H	17745	100	93.0	+	0	0	4I100M398I	AY176377	AY176487
L	17736	660	*	*	*	*	*	AY176477	*
H	17736	100	100.0	+	0	0	4I100M556I	AY176477	AY176477
L	17742	619	*	*	*	*	*	AY176483	*
H	17742	100	93.0	+	0	0	4I59M2I23M2I18M511I	AY176477	AY176483
L	17748	684	*	*	*	*	*	AY176491	*
H	17748	100	100.0	+	0	0	4I100M580I	AY176491	AY176491
L	10284	720	*	*	*	*	*	JN224826	*
H	10284	100	95.0	+	0	0	51I100M569I	AY176491	JN224826
H	11978	100	95.0	+	0	0	4I100M597I	AY176491	AY176354
L	11983	681	*	*	*	*	*	AY176402	*
H	11983	100	95.0	+	0	0	4I100M577I	AY176491	AY176402
L	2465	684	*	*	*	*	*	AF391024	*
H	2465	100	91.0	+	0	0	4I100M580I	AY176491	AF391024
H	17749	100	100.0	+	0	0	4I100M593I	AY176493	AY176493
H	16198	100	93.0	+	0	0	4I100M585I	AY176493	GQ203808
H	28678	100	94.0	+	0	0	I100M623I	AY176493	U85332
H	11983	100	93.0	+	0	0	4I100M577I	AY176493	AY176402
L	17726	699	*	*	*	*	*	GQ203823	*
H	17726	100	91.0	+	0	0	4I100M595I	AY176493	GQ203823
L	17753	569	*	*	*	*	*	AY183368	*
H	17753	100	100.0	+	0	0	29I100M440I	AY183368	AY183368
L	21280	551	*	*	*	*	*	EU365344	*
H	21280	100	92.0	+	0	0	10I30MD69M442I	AY183368	EU365344
L	17783	680	*	*	*	*	*	AY204594	*
H	17783	100	100.0	+	0	0	192I100M388I	AY204594	AY204594
L	454	516	*	*	*	*	*	EF029241	*
H	454	100	90.0	+	0	0	2D44M3I23MD30M416I	AY204594	EF029241
L	17789	560	*	*	*	*	*	FJ786401	*
H	17789	100	100.0	+	0	0	21I100M439I	FJ786401	FJ786401
L	26999	491	*	*	*	*	*	EU603292	*
H	26999	100	91.0	+	0	0	7D93M398I	FJ786401	EU603292
L	26997	1100	*	*	*	*	*	JF271748	*
H	26997	100	98.0	+	0	0	454I10MI90M545I	FJ786401	JF271748
L	27002	579	*	*	*	*	*	JF271757	*
H	27002	100	93.0	+	0	0	37I100M442I	FJ786401	JF271757
L	11037	1202	*	*	*	*	*	JF271750	*
H	11037	100	92.0	+	0	0	648I10MI90M453I	FJ786401	JF271750
L	17797	579	*	*	*	*	*	EU430266	*
H	17797	100	100.0	+	0	0	11I100M468I	EU430266	EU430266
H	14199	100	92.0	+	0	0	4D96M426I	EU430266	FJ228165
L	6655	601	*	*	*	*	*	HM028640	*
H	6655	100	94.0	+	0	0	47I80M2D18M456I	EU430266	HM028640
L	11038	578	*	*	*	*	*	EU856765	*
H	11038	100	94.0	+	0	0	10I100M468I	EU430266	EU856765
L	6236	691	*	*	*	*	*	EU860383	*
H	6236	100	94.0	+	0	0	12I87MI13M578I	EU430266	EU860383
H	17831	100	100.0	+	0	0	100M524I	AY219363	AY219363
H	9987	100	94.0	+	0	0	47I65MD22MD11M527I	AY219363	AJ006682
H	17648	100	94.0	+	0	0	2I65MD22MD11M837I	AY219363	AY089737
H	9989	100	95.0	+	0	0	3D97M490I	AY219363	FJ496691
L	27254	601	*	*	*	*	*	JF692199	*
H	27254	100	90.0	+	0	0	I13MD50MD9MI26M501I	AY219363	JF692199
L	17836	651	*	*	*	*	*	FJ228210	*
H	17836	100	100.0	+	0	0	18I100M533I	FJ228210	FJ228210
H	22747	100	99.0	+	0	0	35I8MI92M532I	FJ228210	FJ481018
L	17821	583	*	*	*	*	*	AY219347	*
H	17821	100	91.0	+	0	0	5D95M488I	FJ228210	AY219347
L	17834	627	*	*	*	*	*	AY433811	*
H	17834	100	97.0	+	0	0	37I8MI92M489I	FJ228210	AY433811
H	7315	100	95.0	+	0	0	2D6MI92M474I	FJ228210	GQ249875
L	17872	707	*	*	*	*	*	AY243627	*
H	17872	100	100.0	+	0	0	4I100M603I	AY243627	AY243627
L	24617	709	*	*	*	*	*	GU139787	*
H	24617	100	99.0	+	0	0	4I100M605I	AY243627	GU139787
H	6084	100	95.0	+	0	0	4I100M519I	AY243627	GU136182
H	21041	100	94.0	+	0	0	4I79MI21M566I	AY243627	EU141950
L	17873	713	*	*	*	*	*	AY243632	*
H	17873	100	96.0	+	0	0	4I49MI51M608I	AY243627	AY243632
L	17906	407	*	*	*	*	*	AY254879	*
H	17906	100	100.0	+	0	0	49I100M258I	AY254879	AY254879
L	17941	510	*	*	*	*	*	AY266155	*
H	17941	100	100.0	+	0	0	13I100M397I	AY266155	AY266155
L	6657	622	*	*	*	*	*	HM107423	*
H	6657	100	99.0	+	0	0	122I100M400I	AY266155	HM107423
L	6656	750	*	*	*	*	*	HM107422	*
H	6656	100	99.0	+	0	0	258I100M392I	AY266155	HM107422
L	1857	570	*	*	*	*	*	JQ358708	*
H	1857	100	96.0	+	0	0	39I63MD36M432I	AY266155	JQ358708
L	21273	566	*	*	*	*	*	EU346864	*
H	21273	100	93.0	+	0	0	35I74MD25M432I	AY266155	EU346864
L	17947	730	*	*	*	*	*	AY281019	*
H	17947	100	100.0	+	0	0	50I100M580I	AY281019	AY281019
L	17670	673	*	*	*	*	*	AY281007	*
H	17670	100	97.0	+	0	0	50I100M523I	AY281019	AY281007
L	25867	658	*	*	*	*	*	AF501542	*
H	25867	100	95.0	+	0	0	3D97M561I	AY281019	AF501542
L	5847	315	*	*	*	*	*	AY129346	*
H	5847	100	96.0	+	0	0	22I55M2I45M191I	AY281019	AY129346
L	9782	574	*	*	*	*	*	EU401713	*
H	9782	100	96.0	+	0	0	24I41MD58M451I	AY281019	EU401713
L	17958	853	*	*	*	*	*	AY293797	*
H	17958	100	100.0	+	0	0	387I100M366I	AY293797	AY293797
H	5810	100	94.0	+	0	0	38I23M3I69MD7M395I	AY293797	GU248334
L	17971	622	*	*	*	*	*	AF129853	*
H	17971	100	100.0	+	0	0	11I100M511I	AF129853	AF129853
L	16895	582	*	*	*	*	*	AJ315827	*
H	16895	100	100.0	+	0	0	4I100M478I	AF129853	AJ315827
L	16893	580	*	*	*	*	*	AJ315824	*
H	16893	100	93.0	+	0	0	3I14MD33MI36MI16M476I	AF129853	AJ315824
L	16894	581	*	*	*	*	*	AJ315825	*
H	16894	100	93.0	+	0	0	3I14MD85M479I	AF129853	AJ315825
L	17978	2187	*	*	*	*	*	AY313028	*
H	17978	100	100.0	+	0	0	1765I100M322I	AY313028	AY313028
L	9031	477	*	*	*	*	*	AF444396	*
H	9031	100	100.0	+	0	0	11I100M366I	AY313028	AF444396
L	6804	1057	*	*	*	*	*	FN428914	*
H	6804	100	98.0	+	0	0	14I100M943I	AY313028	FN428914
L	18017	359	*	*	*	*	*	AY335163	*
H	18017	100	100.0	+	0	0	100M259I	AY335163	AY335163
H	18389	100	96.0	+	0	0	48I100M522I	AY335163	AY593867
L	15845	486	*	*	*	*	*	AF255098	*
H	15845	100	90.0	+	0	0	3I11MD88M384I	AY335163	AF255098
H	8879	100	90.0	+	0	0	26I11MD88M493I	AY335163	FJ501577
L	21115	589	*	*	*	*	*	EU239388	*
H	21115	100	90.0	+	0	0	2I11MD88M488I	AY335163	EU239388
L	18039	679	*	*	*	*	*	AY344989	*
H	18039	100	100.0	+	0	0	100M579I	AY344989	AY344989
L	18580	701	*	*	*	*	*	AY740046	*
H	18580	100	97.0	+	0	0	29I100M572I	AY344989	AY740046
L	18568	714	*	*	*	*	*	AY740019	*
H	18568	100	97.0	+	0	0	40I100M574I	AY344989	AY740019
L	8457	976	*	*	*	*	*	HQ011381	*
H	8457	100	92.0	+	0	0	321I85M2D13M557I	AY344989	HQ011381
L	3425	711	*	*	*	*	*	FJ167357	*
H	3425	100	92.0	+	0	0	54I85M2D13M559I	AY344989	FJ167357
L	18041	708	*	*	*	*	*	AY344995	*
H	18041	100	100.0	+	0	0	100M608I	AY344995	AY344995
L	18588	751	*	*	*	*	*	AY740071	*
H	18588	100	94.0	+	0	0	I100M650I	AY344995	AY740071
L	7640	777	*	*	*	*	*	HQ170519	*
H	7640	100	94.0	+	0	0	8I27M6I73M663I	AY344995	HQ170519
L	18603	1360	*	*	*	*	*	AY740170	*
H	18603	100	90.0	+	0	0	5I21MI79M1254I	AY344995	AY740170
L	6885	732	*	*	*	*	*	AY345000	*
H	6885	100	90.0	+	0	0	D66MI10M2I23M630I	AY344995	AY345000
L	18055	538	*	*	*	*	*	AY347375	*
H	18055	100	100.0	+	0	0	100M438I	AY347375	AY347375
L	10325	532	*	*	*	*	*	JN402990	*
H	10325	100	98.0	+	0	0	100M432I	AY347375	JN402990
L	27135	578	*	*	*	*	*	JF440588	*
H	27135	100	96.0	+	0	0	49I86MD13M430I	AY347375	JF440588
L	22756	597	*	*	*	*	*	FJ487920	*
H	22756	100	96.0	+	0	0	49I89M2I11M446I	AY347375	FJ487920
L	21254	624	*	*	*	*	*	EU330636	*
H	21254	100	96.0	+	0	0	60I100M464I	AY347375	EU330636
L	18080	761	*	*	*	*	*	AY367606	*
H	18080	100	100.0	+	0	0	7I100M654I	AY367606	AY367606
L	18081	747	*	*	*	*	*	AY367612	*
H	18081	100	96.0	+	0	0	7I40M3D19MI30MI8M641I	AY367606	AY367612
L	18091	636	*	*	*	*	*	AY373312	*
H	18091	100	100.0	+	0	0	25I100M511I	AY373312	AY373312
L	18095	635	*	*	*	*	*	AY373316	*
H	18095	100	94.0	+	0	0	12I100M523I	AY373312	AY373316
L	18092	272	*	*	*	*	*	AY373308	*
H	18092	100	100.0	+	0	0	100M172I	AY373308	AY373308
L	18093	602	*	*	*	*	*	AY373310	*
H	18093	100	98.0	+	0	0	337I100M165I	AY373308	AY373310
H	18093	100	100.0	+	0	0	25I100M477I	AY373310	AY373310
L	18090	578	*	*	*	*	*	AY373304	*
H	18090	100	91.0	+	0	0	13I31MI27M2D40M466I	AY373310	AY373304
L	18106	2908	*	*	*	*	*	AY380314	*
H	18106	100	100.0	+	0	0	1710I100M1098I	AY380314	AY380314
L	18117	938	*	*	*	*	*	AY425642	*
H	18117	100	100.0	+	0	0	462I100M376I	AY425642	AY425642
L	9831	762	*	*	*	*	*	HQ650618	*
H	9831	100	92.0	+	0	0	244I76MD23M419I	AY425642	HQ650618
L	18125	563	*	*	*	*	*	AY428793	*
H	18125	100	100.0	+	0	0	13I100M450I	AY428793	AY428793
H	27162	100	95.0	+	0	0	25I55M2D32MD10M448I	AY428793	HQ897818
H	5928	100	91.0	+	0	0	8I55M2D43M1028I	AY428793	EU860060
H	13617	100	93.0	+	0	0	50I89MD10M335I	AY428793	FJ903339
L	3927	1134	*	*	*	*	*	EU860065	*
H	3927	100	95.0	+	0	0	8I58M2D15MI14MD10M1028I	AY428793	EU860065
H	18150	100	100.0	+	0	0	100M447I	AY450585	AY450585
L	18155	442	*	*	*	*	*	AY456336	*
H	18155	100	100.0	+	0	0	25I100M317I	AY456336	AY456336
L	18163	622	*	*	*	*	*	AY461840	*
H	18163	100	100.0	+	0	0	9I100M513I	AY461840	AY461840
L	18162	555	*	*	*	*	*	AY461819	*
H	18162	100	98.0	+	0	0	18I100M437I	AY461840	AY461819
L	18159	646	*	*	*	*	*	AY461814	*
H	18159	100	97.0	+	0	0	5I100M541I	AY461840	AY461814
L	23683	597	*	*	*	*	*	AY461827	*
H	23683	100	91.0	+	0	0	7D93M504I	AY461840	AY461827
L	18160	679	*	*	*	*	*	AY461837	*
H	18160	100	94.0	+	0	0	39I100M540I	AY461840	AY461837
L	18181	1297	*	*	*	*	*	AY484674	*
H	18181	100	100.0	+	0	0	8I100M1189I	AY484674	AY484674
H	29197	100	98.0	+	0	0	11I13MI87M575I	AY484674	EF460371
H	9435	100	98.0	+	0	0	13I13MI87M615I	AY484674	JF514539
L	19240	687	*	*	*	*	*	EF460365	*
H	19240	100	98.0	+	0	0	11I13MI87M575I	AY484674	EF460365
L	27209	714	*	*	*	*	*	HM488742	*
H	27209	100	98.0	+	0	0	4I13MI87M609I	AY484674	HM488742
H	18216	100	100.0	+	0	0	41I100M1103I	AY509549	AY509549
H	18219	100	90.0	+	0	0	42I39M4I61M1106I	AY509549	AY509553
H	2850	100	95.0	+	0	0	2I39MI61M1108I	AY509549	AF395309
H	5875	100	92.0	+	0	0	42I39M3I61M411I	AY509549	AJ427408
H	15950	100	92.0	+	0	0	6I39M3I61M472I	AY509549	AF291277
H	18219	100	100.0	+	0	0	42I100M1110I	AY509553	AY509553
H	15950	100	90.0	+	0	0	6I34MD65M476I	AY509553	AF291277
H	9413	100	90.0	+	0	0	34I89MI11M473I	AY509553	HQ441576
L	18237	662	*	*	*	*	*	AY513571	*
H	18237	100	100.0	+	0	0	100M562I	AY513571	AY513571
H	18236	100	94.0	+	0	0	46M3I40MD13M558I	AY513571	AY513570
H	9556	100	96.0	+	0	0	323I27MI59MD13M578I	AY513571	AF516601
H	16607	100	90.0	+	0	0	323I30MI17M4D35MD13M567I	AY513571	AF516557
L	18261	1088	*	*	*	*	*	AY527308	*
H	18261	84	100.0	+	0	0	108I84M896I	AY527308	AY527308
L	18263	1144	*	*	*	*	*	AY527336	*
H	18263	100	100.0	+	0	0	100M1044I	AY527336	AY527336
L	18264	1144	*	*	*	*	*	AY527334	*
H	18264	100	96.0	+	0	0	100M1044I	AY527336	AY527334
H	18267	100	100.0	+	0	0	100M640I	GU136204	GU136204
H	18268	100	100.0	+	0	0	21I100M640I	GU136204	EU477479
H	9106	100	99.0	+	0	0	19I49M11I51M656I	GU136204	FJ613649
H	5306	100	98.0	+	0	0	30I100M621I	GU136204	GQ253459
H	9111	100	97.0	+	0	0	48M15I52M631I	GU136204	AY340004
L	829	2459	*	*	*	*	*	EF441995	*
H	829	100	100.0	+	0	0	1786I100M573I	FJ914885	EF441995
L	18303	700	*	*	*	*	*	FJ914885	*
H	18303	100	100.0	+	0	0	13I100M587I	FJ914885	FJ914885
L	830	1045	*	*	*	*	*	EF442000	*
H	830	100	100.0	+	0	0	371I72M2I28M572I	FJ914885	EF442000
L	18326	683	*	*	*	*	*	AY558650	*
H	18326	100	100.0	+	0	0	100M583I	AY558650	AY558650
H	17311	100	98.0	+	0	0	11I100M532I	AY558650	AY340067
H	25871	100	92.0	+	0	0	53I100M566I	AY558650	DQ103885
H	5303	100	92.0	+	0	0	39I100M569I	AY558650	GQ253456
L	12377	687	*	*	*	*	*	AY558631	*
H	12377	100	95.0	+	0	0	5MD94M588I	AY558650	AY558631
L	18336	684	*	*	*	*	*	AY569033	*
H	18336	100	100.0	+	0	0	50I100M534I	AY569033	AY569033
L	18354	512	*	*	*	*	*	AY607023	*
H	18354	100	100.0	+	0	0	100M412I	AY607023	AY607023
H	18363	100	100.0	+	0	0	100M395I	DQ279537	DQ279537
H	11326	100	99.0	+	0	0	100M395I	DQ279537	DQ279497
H	24425	100	98.0	+	0	0	100M396I	DQ279537	DQ279522
H	18416	100	98.0	+	0	0	100M404I	DQ279537	AY611107
H	13729	100	97.0	+	0	0	100M403I	DQ279537	DQ279533
L	18394	521	*	*	*	*	*	FJ425209	*
H	18394	100	100.0	+	0	0	100M421I	FJ425209	FJ425209
L	877	520	*	*	*	*	*	FJ425208	*
H	877	100	92.0	+	0	0	18MD17MI64M420I	FJ425209	FJ425208
L	18401	686	*	*	*	*	*	AY606982	*
H	18401	100	100.0	+	0	0	43I100M543I	AY606982	AY606982
L	18430	481	*	*	*	*	*	AY618667	*
H	18430	100	100.0	+	0	0	13I100M368I	AY618667	AY618667
H	18446	100	100.0	+	0	0	14I100M464I	AY622785	AY622785
H	2729	100	98.0	+	0	0	10I100M549I	AY622785	EU672822
L	2492	580	*	*	*	*	*	GQ456160	*
H	2492	100	97.0	+	0	0	11I100M469I	AY622785	GQ456160
L	1352	527	*	*	*	*	*	GQ369593	*
H	1352	100	95.0	+	0	0	21I74MD25M407I	AY622785	GQ369593
L	14408	559	*	*	*	*	*	FJ236461	*
H	14408	100	95.0	+	0	0	13I74MD25M447I	AY622785	FJ236461
L	18454	710	*	*	*	*	*	AY626984	*
H	18454	100	100.0	+	0	0	34I100M576I	AY626984	AY626984
L	22155	724	*	*	*	*	*	EU851927	*
H	22155	100	100.0	+	0	0	11I100M613I	AY626984	EU851927
L	18455	540	*	*	*	*	*	AY629423	*
H	18455	100	100.0	+	0	0	2I100M438I	AY629423	AY629423
L	25142	570	*	*	*	*	*	AY629418	*
H	25142	100	99.0	+	0	0	2I7MD92M469I	AY629423	AY629418
L	18481	577	*	*	*	*	*	AY649585	*
H	18481	100	100.0	+	0	0	11I100M466I	AY649585	AY649585
L	18530	608	*	*	*	*	*	AY684174	*
H	18530	100	100.0	+	0	0	100M508I	AY684174	AY684174
H	16610	100	98.0	+	0	0	335I100M558I	AY684174	AF516556
H	18399	100	98.0	+	0	0	47I100M447I	AY684174	GU062274
L	4827	606	*	*	*	*	*	GU067738	*
H	4827	100	98.0	+	0	0	51I100M455I	AY684174	GU067738
L	21077	584	*	*	*	*	*	EU771081	*
H	21077	100	98.0	+	0	0	14I100M470I	AY684174	EU771081
L	18575	699	*	*	*	*	*	AY740044	*
H	18575	100	100.0	+	0	0	100M599I	AY740044	AY740044
L	27977	696	*	*	*	*	*	JN367290	*
H	27977	100	92.0	+	0	0	15I4MI24M3I72M577I	AY740044	JN367290
H	6037	100	97.0	+	0	0	7I84MD15M682I	AY740044	GU014817
H	26014	100	97.0	+	0	0	7I84MD15M655I	AY740044	HQ013087
H	4041	100	96.0	+	0	0	13I28MD71M667I	AY740044	FJ515182
H	18580	100	100.0	+	0	0	100M601I	AY740046	AY740046
L	5781	765	*	*	*	*	*	GU139172	*
H	5781	100	96.0	+	0	0	57I100M608I	AY740046	GU139172
L	18598	1357	*	*	*	*	*	AY740161	*
H	18598	100	93.0	+	0	0	I13MI60M3I27M1252I	AY740046	AY740161
H	3425	100	95.0	+	0	0	23I13M2I87M586I	AY740046	FJ167357
H	8457	100	95.0	+	0	0	290I13M2I87M584I	AY740046	HQ011381
L	18586	746	*	*	*	*	*	AY740061	*
H	18586	100	100.0	+	0	0	100M646I	AY740061	AY740061
L	7720	712	*	*	*	*	*	AY740045	*
H	7720	100	97.0	+	0	0	2D92M2I6M612I	AY740061	AY740045
L	12831	1021	*	*	*	*	*	AY740164	*
H	12831	100	96.0	+	0	0	8I74MI26M912I	AY740061	AY740164
H	26014	100	99.0	+	0	0	15I20MI80M645I	AY740061	HQ013087
L	7723	692	*	*	*	*	*	EF185083	*
H	7723	100	95.0	+	0	0	2I20MD79M591I	AY740061	EF185083
H	18588	100	100.0	+	0	0	100M651I	AY740071	AY740071
H	7640	100	99.0	+	0	0	7I28M6I72M664I	AY740071	HQ170519
H	18603	100	96.0	+	0	0	4I22MI78M1255I	AY740071	AY740170
H	18041	100	93.0	+	0	0	D99M609I	AY740071	AY344995
L	18015	720	*	*	*	*	*	AY344969	*
H	18015	100	91.0	+	0	0	2D26MI40MI9M2I23M618I	AY740071	AY344969
L	18592	1360	*	*	*	*	*	AY740152	*
H	18592	100	100.0	+	0	0	100M1260I	AY740152	AY740152
H	12831	100	100.0	+	0	0	8I20MI54MI26M911I	AY740152	AY740164
L	18028	716	*	*	*	*	*	AY740020	*
H	18028	100	99.0	+	0	0	8I20M2I73M3I7M603I	AY740152	AY740020
H	18586	100	99.0	+	0	0	20MI72MI8M644I	AY740152	AY740061
H	7720	100	97.0	+	0	0	2D18MI73M3I7M610I	AY740152	AY740045
L	18596	1366	*	*	*	*	*	AY740157	*
H	18596	100	100.0	+	0	0	100M1266I	AY740157	AY740157
L	18036	717	*	*	*	*	*	AY740035	*
H	18036	100	97.0	+	0	0	I26M2I74M614I	AY740157	AY740035
H	12831	100	99.0	+	0	0	I21MI79M919I	AY740157	AY740164
H	18602	100	95.0	+	0	0	100M631I	AY740157	AY740066
H	7723	100	91.0	+	0	0	5D75MD19M598I	AY740157	EF185083
L	18599	1364	*	*	*	*	*	AY740166	*
H	18599	100	100.0	+	0	0	100M1264I	AY740166	AY740166
H	6885	100	94.0	+	0	0	2D75M2I23M632I	AY740166	AY345000
L	18616	692	*	*	*	*	*	AY747075	*
H	18616	100	93.0	+	0	0	D27M2D70M595I	AY740166	AY747075
L	6730	793	*	*	*	*	*	EF643577	*
H	6730	100	94.0	+	0	0	42I77MI23M650I	AY740166	EF643577
H	18028	100	93.0	+	0	0	100M616I	AY740166	AY740020
L	18605	1136	*	*	*	*	*	AY742705	*
H	18605	100	100.0	+	0	0	100M1036I	AY742705	AY742705
L	27089	574	*	*	*	*	*	JF429680	*
H	27089	100	95.0	+	0	0	9I100M465I	AY742705	JF429680
L	9117	1138	*	*	*	*	*	AF033399	*
H	9117	100	94.0	+	0	0	54MD45M1039I	AY742705	AF033399
H	7965	100	93.0	+	0	0	42I82M5I18M477I	AY742705	GU183170
L	1570	1155	*	*	*	*	*	EF626961	*
H	1570	100	92.0	+	0	0	100M1055I	AY742705	EF626961
L	18606	737	*	*	*	*	*	EU915451	*
H	18606	100	100.0	+	0	0	100M637I	EU915451	EU915451
L	7132	728	*	*	*	*	*	GU373658	*
H	7132	100	99.0	+	0	0	13MI87M627I	EU915451	GU373658
L	7135	248	*	*	*	*	*	EU158828	*
H	7135	100	98.0	+	0	0	D12MI40MI47M147I	EU915451	EU158828
H	18616	100	100.0	+	0	0	100M592I	AY747075	AY747075
L	18589	718	*	*	*	*	*	AY740072	*
H	18589	100	94.0	+	0	0	6D21MI73M623I	AY747075	AY740072
H	6885	100	98.0	+	0	0	D26M2I54M2I19M629I	AY747075	AY345000
H	18599	100	96.0	+	0	0	I27M2I73M1261I	AY747075	AY740166
H	6730	100	97.0	+	0	0	43I25M2I50MI25M647I	AY747075	EF643577
L	18650	513	*	*	*	*	*	AY756461	*
H	18650	100	100.0	+	0	0	100M413I	AY756461	AY756461
L	18648	515	*	*	*	*	*	AY756459	*
H	18648	100	98.0	+	0	0	100M415I	AY756461	AY756459
L	18649	507	*	*	*	*	*	AY756460	*
H	18649	100	91.0	+	0	0	17M3I19MD26MI5MI32M403I	AY756461	AY756460
L	18696	503	*	*	*	*	*	AY785269	*
H	18696	100	100.0	+	0	0	100M403I	AY785269	AY785269
L	18709	163	*	*	*	*	*	AY788345	*
H	18709	100	100.0	+	0	0	100M63I	AY788345	AY788345
L	5443	2864	*	*	*	*	*	GQ458034	*
H	5443	100	100.0	+	0	0	98I15MI29MI9MI16MI7M3I24M2659I	AY788345	GQ458034
L	11272	289	*	*	*	*	*	HM210838	*
H	11272	100	100.0	+	0	0	43I15MI27MI11MI16MI7M3I24M139I	AY788345	HM210838
L	13572	304	*	*	*	*	*	FJ499435	*
H	13572	100	100.0	+	0	0	98I15MI29MI9MI16MI7M3I24M99I	AY788345	FJ499435
L	4375	349	*	*	*	*	*	FJ754318	*
H	4375	100	100.0	+	0	0	98I15MI29MI9MI16MI7M3I24M144I	AY788345	FJ754318
L	18716	580	*	*	*	*	*	AY789311	*
H	18716	100	100.0	+	0	0	41I100M439I	AY789311	AY789311
L	3531	581	*	*	*	*	*	EU784256	*
H	3531	100	94.0	+	0	0	39I70M2D21MI7M443I	AY789311	EU784256
L	26191	1049	*	*	*	*	*	HQ222874	*
H	26191	100	94.0	+	0	0	505I100M444I	AY789311	HQ222874
L	18721	508	*	*	*	*	*	AY789333	*
H	18721	100	100.0	+	0	0	8I100M400I	AY789333	AY789333
L	18734	845	*	*	*	*	*	AY789434	*
H	18734	100	96.0	+	0	0	350I100M395I	AY789333	AY789434
L	12980	536	*	*	*	*	*	AY789280	*
H	12980	100	93.0	+	0	0	6I100M430I	AY789333	AY789280
L	18728	486	*	*	*	*	*	EU434854	*
H	18728	100	100.0	+	0	0	100M386I	EU434854	EU434854
L	2555	485	*	*	*	*	*	EU434855	*
H	2555	100	98.0	+	0	0	100M385I	EU434854	EU434855
L	18735	797	*	*	*	*	*	AY789427	*
H	18735	100	94.0	+	0	0	312I100M385I	EU434854	AY789427
L	18733	532	*	*	*	*	*	AY789285	*
H	18733	100	100.0	+	0	0	5I100M427I	AY789285	AY789285
L	18259	2521	*	*	*	*	*	AY524843	*
H	18259	100	93.0	+	0	0	2013I36MI64M407I	AY789285	AY524843
H	18737	100	100.0	+	0	0	100M378I	DQ431179	DQ431179
H	14150	100	98.0	+	0	0	100M376I	DQ431179	DQ431178
H	14151	100	96.0	+	0	0	100M378I	DQ431179	DQ431176
L	19575	478	*	*	*	*	*	DQ431167	*
H	19575	100	91.0	+	0	0	100M378I	DQ431179	DQ431167
H	14154	100	94.0	+	0	0	77MI6MI17M375I	DQ431179	DQ431174
L	18756	536	*	*	*	*	*	AY805578	*
H	18756	100	100.0	+	0	0	100M436I	AY805578	AY805578
L	18518	569	*	*	*	*	*	FJ903282	*
H	18518	100	98.0	+	0	0	42I83MI17M426I	AY805578	FJ903282
L	24583	579	*	*	*	*	*	GU067766	*
H	24583	100	98.0	+	0	0	76I40MI43MI17M401I	AY805578	GU067766
L	22194	524	*	*	*	*	*	EU879125	*
H	22194	100	90.0	+	0	0	10I70MD22MI7M414I	AY805578	EU879125
L	18779	662	*	*	*	*	*	AY849307	*
H	18779	100	100.0	+	0	0	35I100M527I	AY849307	AY849307
H	25682	100	90.0	+	0	0	14I24MD24MD34MD15M525I	AY849307	HM245784
H	18817	100	100.0	+	0	0	14I100M535I	AY884181	AY884181
H	1975	100	100.0	+	0	0	37I100M519I	AY884181	AM906059
H	5432	100	99.0	+	0	0	122I81MI19M469I	AY884181	FN548165
H	18818	100	99.0	+	0	0	37I81MI19M538I	AY884181	AY884184
H	1974	100	99.0	+	0	0	36I81MI19M518I	AY884181	AY884183
L	18826	539	*	*	*	*	*	AY904051	*
H	18826	100	100.0	+	0	0	100M439I	AY904051	AY904051
L	172	489	*	*	*	*	*	DQ812914	*
H	172	100	97.0	+	0	0	2I100M387I	AY904051	DQ812914
L	18846	602	*	*	*	*	*	AY916464	*
H	18846	100	100.0	+	0	0	15I100M487I	AY916464	AY916464
L	18847	612	*	*	*	*	*	AY916465	*
H	18847	100	96.0	+	0	0	15I40MI60M496I	AY916464	AY916465
L	18865	556	*	*	*	*	*	AY916492	*
H	18865	100	100.0	+	0	0	15I100M441I	AY916492	AY916492
L	18863	547	*	*	*	*	*	AY916489	*
H	18863	100	91.0	+	0	0	15I70MI30M431I	AY916492	AY916489
L	18864	545	*	*	*	*	*	AY916490	*
H	18864	100	91.0	+	0	0	12I100M433I	AY916492	AY916490
H	18866	100	100.0	+	0	0	31I100M604I	AY916692	AY916692
L	10457	686	*	*	*	*	*	JF907968	*
H	10457	100	90.0	+	0	0	8D92M594I	AY916692	JF907968
H	13176	100	90.0	+	0	0	5I50M4D46M710I	AY916692	AY916701
H	5212	100	90.0	+	0	0	3I8MD43M5D43M590I	AY916692	AB512317
H	4005	100	91.0	+	0	0	36I36MI35MI29M435I	AY916692	EU935579
L	18905	532	*	*	*	*	*	AY943046	*
H	18905	100	100.0	+	0	0	9I100M423I	AY943046	AY943046
L	23436	520	*	*	*	*	*	FJ903343	*
H	23436	100	97.0	+	0	0	48I52MD47M373I	AY943046	FJ903343
L	4255	545	*	*	*	*	*	FJ624258	*
H	4255	100	97.0	+	0	0	51I52MD47M395I	AY943046	FJ624258
L	6372	529	*	*	*	*	*	AY943050	*
H	6372	100	97.0	+	0	0	2I52MD47M428I	AY943046	AY943050
L	18916	604	*	*	*	*	*	AY944886	*
H	18916	100	100.0	+	0	0	7I100M497I	AY944886	AY944886
L	18920	668	*	*	*	*	*	DQ328212	*
H	18920	100	100.0	+	0	0	11I100M557I	DQ328212	DQ328212
L	5373	742	*	*	*	*	*	JN943949	*
H	5373	100	97.0	+	0	0	51I54MI46M590I	DQ328212	JN943949
L	11385	643	*	*	*	*	*	FJ872063	*
H	11385	100	98.0	+	0	0	4I55MI45M538I	DQ328212	FJ872063
L	12749	722	*	*	*	*	*	AY818352	*
H	12749	100	98.0	+	0	0	45I55MI45M576I	DQ328212	AY818352
H	22397	100	96.0	+	0	0	54MI46M552I	DQ328212	FJ168574
L	18922	296	*	*	*	*	*	FJ439681	*
H	18922	100	100.0	+	0	0	8I100M188I	FJ439681	FJ439681
L	18009	392	*	*	*	*	*	DQ885586	*
H	18009	100	98.0	+	0	0	75I100M217I	FJ439681	DQ885586
L	18924	485	*	*	*	*	*	FJ469916	*
H	18924	100	99.0	+	0	0	87I100M298I	FJ439681	FJ469916
L	15821	485	*	*	*	*	*	FJ469915	*
H	15821	100	99.0	+	0	0	87I100M298I	FJ439681	FJ469915
L	20751	485	*	*	*	*	*	FJ469914	*
H	20751	100	98.0	+	0	0	87I100M298I	FJ439681	FJ469914
L	18948	779	*	*	*	*	*	DQ778002	*
H	18948	100	100.0	+	0	0	24I100M655I	DQ778002	DQ778002
L	29098	678	*	*	*	*	*	EU557320	*
H	29098	100	91.0	+	0	0	15MI40M3I13MD15M2D14M577I	DQ778002	EU557320
L	2238	958	*	*	*	*	*	FJ845435	*
H	2238	100	93.0	+	0	0	108I8MI7MI19MD16M4I17MD15M2D14M748I	DQ778002	FJ845435
L	5999	726	*	*	*	*	*	GU229820	*
H	5999	100	95.0	+	0	0	38I8MI7MI19MD20M10I13MD14MD16M579I	DQ778002	GU229820
L	8432	1333	*	*	*	*	*	HQ604839	*
H	8432	100	90.0	+	0	0	38I8MI7MI19MD33MD13MD17M1196I	DQ778002	HQ604839
L	18981	597	*	*	*	*	*	AY999125	*
H	18981	100	100.0	+	0	0	37I100M460I	AY999125	AY999125
L	18993	695	*	*	*	*	*	AY046181	*
H	18993	100	100.0	+	0	0	100M595I	AY046181	AY046181
H	19003	100	100.0	+	0	0	219I100M457I	EU266112	EU266112
H	23926	100	99.0	+	0	0	292I68MD31M596I	EU266112	DQ534461
H	22834	100	97.0	+	0	0	275I62MD37M612I	EU266112	DQ534464
L	1395	723	*	*	*	*	*	EU034665	*
H	1395	100	90.0	+	0	0	186I58M2D16MD23M440I	EU266112	EU034665
H	5571	100	91.0	+	0	0	1632I40M2D20MD13MD23M241I	EU266112	Z14025
L	19006	634	*	*	*	*	*	DQ001283	*
H	19006	100	100.0	+	0	0	100M534I	DQ001283	DQ001283
H	9800	100	100.0	+	0	0	259I100M452I	DQ001297	JF923600
L	19010	824	*	*	*	*	*	DQ001297	*
H	19010	100	100.0	+	0	0	233I100M491I	DQ001297	DQ001297
H	7206	100	99.0	+	0	0	228I100M443I	DQ001297	GU827332
H	4759	100	98.0	+	0	0	36I100M438I	DQ001297	FJ871100
L	27628	813	*	*	*	*	*	JF923607	*
H	27628	100	98.0	+	0	0	259I100M454I	DQ001297	JF923607
L	19022	553	*	*	*	*	*	DQ018088	*
H	19022	100	100.0	+	0	0	12I100M441I	DQ018088	DQ018088
L	4861	518	*	*	*	*	*	FJ456893	*
H	4861	100	100.0	+	0	0	2I100M416I	DQ018088	FJ456893
L	19021	730	*	*	*	*	*	FJ839618	*
H	19021	100	99.0	+	0	0	122I100M508I	DQ018088	FJ839618
L	27894	573	*	*	*	*	*	JN198414	*
H	27894	100	95.0	+	0	0	13I13MD86M461I	DQ018088	JN198414
L	19020	545	*	*	*	*	*	DQ018085	*
H	19020	100	94.0	+	0	0	12I100M433I	DQ018088	DQ018085
L	19033	670	*	*	*	*	*	DQ026243	*
H	19033	100	100.0	+	0	0	100M570I	DQ026243	DQ026243
L	19090	576	*	*	*	*	*	DQ092505	*
H	19090	100	100.0	+	0	0	100M476I	DQ092505	DQ092505
L	19114	668	*	*	*	*	*	DQ097365	*
H	19114	100	100.0	+	0	0	100M568I	DQ097365	DQ097365
L	19141	583	*	*	*	*	*	AY916461	*
H	19141	100	100.0	+	0	0	15I100M468I	AY916461	AY916461
L	18844	593	*	*	*	*	*	AY916459	*
H	18844	100	95.0	+	0	0	15I25MI75M477I	AY916461	AY916459
L	19166	1482	*	*	*	*	*	GU058015	*
H	19166	100	100.0	+	0	0	100M1382I	GU058015	GU058015
H	19172	100	100.0	+	0	0	609I100M249I	DQ155288	DQ155288
L	1280	766	*	*	*	*	*	AF254931	*
H	1280	100	98.0	+	0	0	11I87MD12M656I	DQ155288	AF254931
H	1279	100	94.0	+	0	0	11I53MD13M3D30M668I	DQ155288	AF254930
L	19196	485	*	*	*	*	*	FN401332	*
H	19196	100	100.0	+	0	0	100M385I	FN401332	FN401332
L	20191	1129	*	*	*	*	*	EF057431	*
H	20191	100	97.0	+	0	0	2I11M2D73M2I14M1027I	FN401332	EF057431
L	16811	1162	*	*	*	*	*	AJ537576	*
H	16811	100	91.0	+	0	0	2I11M2D56M38I18M2I13M1022I	FN401332	AJ537576
L	16704	1158	*	*	*	*	*	AJ133404	*
H	16704	100	91.0	+	0	0	2I11M2D56M38I19MD11M1021I	FN401332	AJ133404
L	28635	2029	*	*	*	*	*	U66430	*
H	28635	100	100.0	+	0	0	30I100M1899I	DQ192180	U66430
L	19200	639	*	*	*	*	*	DQ192180	*
H	19200	100	100.0	+	0	0	50I100M489I	DQ192180	DQ192180
L	19201	1949	*	*	*	*	*	DQ196435	*
H	19201	100	100.0	+	0	0	38I100M1811I	DQ196435	DQ196435
L	2569	589	*	*	*	*	*	FJ177464	*
H	2569	100	91.0	+	0	0	25I41MD58M465I	DQ196435	FJ177464
L	14705	589	*	*	*	*	*	FJ177456	*
H	14705	100	90.0	+	0	0	25I44MD55M465I	DQ196435	FJ177456
L	19206	633	*	*	*	*	*	DQ200918	*
H	19206	100	100.0	+	0	0	44I100M489I	DQ200918	DQ200918
L	19216	501	*	*	*	*	*	DQ201131	*
H	19216	100	100.0	+	0	0	100M401I	DQ201131	DQ201131
H	21907	100	92.0	+	0	0	36I19MD80M476I	DQ201131	EU714405
L	618	549	*	*	*	*	*	AJ390400	*
H	618	100	93.0	+	0	0	10I7MI19MI53M26I21M411I	DQ201131	AJ390400
L	19220	527	*	*	*	*	*	DQ202512	*
H	19220	100	100.0	+	0	0	100M427I	DQ202512	DQ202512
L	19224	620	*	*	*	*	*	DQ218288	*
H	19224	100	100.0	+	0	0	100M520I	DQ218288	DQ218288
L	13662	679	*	*	*	*	*	DQ218290	*
H	13662	100	96.0	+	0	0	100M579I	DQ218288	DQ218290
L	19229	528	*	*	*	*	*	DQ218286	*
H	19229	100	90.0	+	0	0	82MI18M427I	DQ218288	DQ218286
L	19225	689	*	*	*	*	*	DQ218292	*
H	19225	100	91.0	+	0	0	100M589I	DQ218288	DQ218292
H	29197	100	100.0	+	0	0	11I100M576I	EF460365	EF460371
H	27209	100	100.0	+	0	0	4I100M610I	EF460365	HM488742
H	9435	100	100.0	+	0	0	13I100M616I	EF460365	JF514539
H	19240	100	100.0	+	0	0	11I100M576I	EF460365	EF460365
L	2032	686	*	*	*	*	*	EU244586	*
H	2032	100	99.0	+	0	0	11I100M575I	EF460365	EU244586
L	19245	493	*	*	*	*	*	DQ235482	*
H	19245	100	100.0	+	0	0	100M393I	DQ235482	DQ235482
L	15958	545	*	*	*	*	*	AF297732	*
H	15958	100	99.0	+	0	0	6I100M439I	DQ235482	AF297732
L	15549	553	*	*	*	*	*	AF117996	*
H	15549	100	95.0	+	0	0	4D96M457I	DQ235482	AF117996
H	9830	100	98.0	+	0	0	377I100M298I	DQ235482	HQ650617
H	1081	100	98.0	+	0	0	27I100M379I	DQ235482	EF492214
H	19247	100	100.0	+	0	0	15I100M446I	DQ235667	DQ235667
H	233	100	99.0	+	0	0	35I100M431I	DQ235667	DQ780460
H	13834	100	98.0	+	0	0	2I100M457I	DQ235667	GQ352480
H	13436	100	95.0	+	0	0	26I100M432I	DQ235667	DQ093770
H	7760	100	95.0	+	0	0	5I100M439I	DQ235667	AF439625
L	19251	540	*	*	*	*	*	DQ238719	*
H	19251	100	100.0	+	0	0	12I100M428I	DQ238719	DQ238719
L	19252	591	*	*	*	*	*	DQ238720	*
H	19252	100	92.0	+	0	0	12I100M479I	DQ238719	DQ238720
L	19261	616	*	*	*	*	*	DQ238743	*
H	19261	100	90.0	+	0	0	12I23M2I56M2D19M504I	DQ238719	DQ238743
L	19291	716	*	*	*	*	*	AY569023	*
H	19291	100	100.0	+	0	0	22I100M594I	AY569023	AY569023
L	19293	488	*	*	*	*	*	DQ273846	*
H	19293	100	100.0	+	0	0	100M388I	DQ273846	DQ273846
H	14420	100	95.0	+	0	0	47I100M462I	DQ273846	FJ494954
H	5234	100	95.0	+	0	0	320I100M457I	DQ273846	FJ494924
H	13330	100	94.0	+	0	0	26I100M444I	DQ273846	AF116178
H	27996	100	93.0	+	0	0	3I100M440I	DQ273846	AF297740
L	19313	494	*	*	*	*	*	DQ279501	*
H	19313	100	100.0	+	0	0	100M394I	DQ279501	DQ279501
L	19322	506	*	*	*	*	*	DQ279514	*
H	19322	100	100.0	+	0	0	100M406I	DQ279514	DQ279514
L	19314	494	*	*	*	*	*	DQ279502	*
H	19314	100	96.0	+	0	0	100M394I	DQ279514	DQ279502
L	19321	494	*	*	*	*	*	DQ279513	*
H	19321	100	94.0	+	0	0	100M394I	DQ279514	DQ279513
L	12530	506	*	*	*	*	*	AY611074	*
H	12530	100	90.0	+	0	0	100M406I	DQ279514	AY611074
L	18364	504	*	*	*	*	*	AY611110	*
H	18364	100	91.0	+	0	0	100M404I	DQ279514	AY611110
L	19325	501	*	*	*	*	*	AY611076	*
H	19325	100	100.0	+	0	0	100M401I	AY611076	AY611076
H	13117	100	92.0	+	0	0	249I47MD52M491I	AY611076	DQ007034
H	8301	100	91.0	+	0	0	13I100M377I	AY611076	HQ725076
H	11326	100	91.0	+	0	0	100M395I	AY611076	DQ279497
H	18416	100	92.0	+	0	0	100M404I	AY611076	AY611107
L	19330	443	*	*	*	*	*	DQ279532	*
H	19330	100	100.0	+	0	0	100M343I	DQ279532	DQ279532
L	18415	452	*	*	*	*	*	AY611106	*
H	18415	100	93.0	+	0	0	11MI62M2D25M353I	DQ279532	AY611106
H	19338	100	100.0	+	0	0	100M437I	DQ286766	DQ286766
H	13732	100	93.0	+	0	0	37MD62M437I	DQ286766	DQ286765
L	19346	577	*	*	*	*	*	DQ303039	*
H	19346	100	100.0	+	0	0	100M477I	DQ303039	DQ303039
L	19360	660	*	*	*	*	*	DQ317365	*
H	19360	100	100.0	+	0	0	3I100M557I	DQ317365	DQ317365
L	27158	542	*	*	*	*	*	FJ807686	*
H	27158	100	90.0	+	0	0	9D91M451I	DQ317365	FJ807686
L	16354	592	*	*	*	*	*	FJ515191	*
H	16354	100	96.0	+	0	0	14I7MD78MI14M478I	DQ317365	FJ515191
L	3615	575	*	*	*	*	*	FJ515209	*
H	3615	100	92.0	+	0	0	4I7MD92M472I	DQ317365	FJ515209
L	14375	670	*	*	*	*	*	AB025997	*
H	14375	100	91.0	+	0	0	128I7MD92M443I	DQ317365	AB025997
H	19390	100	100.0	+	0	0	19I100M565I	DQ328183	DQ328183
H	20705	100	100.0	+	0	0	35I100M1147I	DQ328183	AY669625
L	12883	1263	*	*	*	*	*	AY669629	*
H	12883	100	99.0	+	0	0	3I100M1160I	DQ328183	AY669629
H	14188	100	99.0	+	0	0	15I100M552I	DQ328183	UDB001569
H	174	100	95.0	+	0	0	4D96M527I	DQ328183	EU525976
L	19394	704	*	*	*	*	*	DQ328114	*
H	19394	100	100.0	+	0	0	32I100M572I	DQ328114	DQ328114
L	1123	1289	*	*	*	*	*	EF420140	*
H	1123	100	96.0	+	0	0	100M1189I	DQ328114	EF420140
L	28467	690	*	*	*	*	*	DQ083789	*
H	28467	100	96.0	+	0	0	23I100M567I	DQ328114	DQ083789
H	21462	100	96.0	+	0	0	48I100M575I	DQ328114	EU525980
L	24811	686	*	*	*	*	*	GU233375	*
H	24811	100	96.0	+	0	0	40I100M546I	DQ328114	GU233375
L	22170	606	*	*	*	*	*	FJ461574	*
H	22170	100	100.0	+	0	0	367I100M139I	DQ328905	FJ461574
H	6136	100	100.0	+	0	0	386I100M111I	DQ328905	FJ442276
L	7771	479	*	*	*	*	*	HQ023047	*
H	7771	100	100.0	+	0	0	318I100M61I	DQ328905	HQ023047
L	2741	591	*	*	*	*	*	FJ442257	*
H	2741	100	100.0	+	0	0	374I100M117I	DQ328905	FJ442257
L	19404	171	*	*	*	*	*	DQ328905	*
H	19404	100	100.0	+	0	0	100M71I	DQ328905	DQ328905
L	19416	474	*	*	*	*	*	DQ337313	*
H	19416	100	100.0	+	0	0	2I100M372I	DQ337313	DQ337313
L	19424	535	*	*	*	*	*	DQ337317	*
H	19424	100	98.0	+	0	0	2I100M433I	DQ337313	DQ337317
L	19422	498	*	*	*	*	*	DQ337316	*
H	19422	100	98.0	+	0	0	9I8MD43MI48M389I	DQ337313	DQ337316
L	19417	506	*	*	*	*	*	DQ337314	*
H	19417	100	94.0	+	0	0	10I100M396I	DQ337313	DQ337314
L	19418	502	*	*	*	*	*	DQ337327	*
H	19418	100	95.0	+	0	0	12I100M390I	DQ337313	DQ337327
H	19424	100	100.0	+	0	0	2I100M433I	DQ337317	DQ337317
H	19416	100	98.0	+	0	0	2I100M372I	DQ337317	DQ337313
H	19422	100	98.0	+	0	0	9I8MD43MI48M389I	DQ337317	DQ337316
H	19417	100	96.0	+	0	0	10I100M396I	DQ337317	DQ337314
H	19418	100	97.0	+	0	0	12I100M390I	DQ337317	DQ337327
L	27411	793	*	*	*	*	*	AY471633	*
H	27411	100	100.0	+	0	0	319I100M374I	GU058014	AY471633
L	24280	747	*	*	*	*	*	GQ479246	*
H	24280	100	100.0	+	0	0	290I100M357I	GU058014	GQ479246
L	19446	1418	*	*	*	*	*	GU058014	*
H	19446	100	100.0	+	0	0	100M1318I	GU058014	GU058014
L	15249	576	*	*	*	*	*	AB646769	*
H	15249	100	99.0	+	0	0	276I100M200I	GU058014	AB646769
L	4929	614	*	*	*	*	*	GQ120623	*
H	4929	100	99.0	+	0	0	256I100M258I	GU058014	GQ120623
L	19500	646	*	*	*	*	*	DQ394383	*
H	19500	100	100.0	+	0	0	18I100M528I	DQ394383	DQ394383
L	19502	754	*	*	*	*	*	EU266098	*
H	19502	100	97.0	+	0	0	212I13MI27MI60M440I	DQ394383	EU266098
L	19507	577	*	*	*	*	*	DQ394398	*
H	19507	100	93.0	+	0	0	15I38MI62M461I	DQ394383	DQ394398
H	8301	100	94.0	+	0	0	I13MI25MI62M387I	DQ394383	HQ725076
L	5480	734	*	*	*	*	*	AF451790	*
H	5480	100	92.0	+	0	0	222I13MI25MI62M410I	DQ394383	AF451790
L	19506	642	*	*	*	*	*	DQ394389	*
H	19506	100	100.0	+	0	0	18I100M524I	DQ394389	DQ394389
L	19505	686	*	*	*	*	*	DQ394388	*
H	19505	100	97.0	+	0	0	49I26M18I74M519I	DQ394389	DQ394388
L	19504	634	*	*	*	*	*	EF544572	*
H	19504	100	97.0	+	0	0	9I26M18I74M507I	DQ394389	EF544572
L	3448	574	*	*	*	*	*	EU784156	*
H	3448	100	92.0	+	0	0	7I36M17I32MD31M451I	DQ394389	EU784156
L	25013	823	*	*	*	*	*	GU384880	*
H	25013	100	90.0	+	0	0	305I26M17I45MD28M402I	DQ394389	GU384880
L	19538	1517	*	*	*	*	*	FN547537	*
H	19538	100	100.0	+	0	0	223I100M1194I	FN547537	FN547537
L	19552	734	*	*	*	*	*	DQ403804	*
H	19552	100	100.0	+	0	0	29I100M605I	DQ403804	DQ403804
L	5943	707	*	*	*	*	*	GU222260	*
H	5943	100	100.0	+	0	0	37I100M570I	DQ403804	GU222260
L	28710	681	*	*	*	*	*	UDB000115	*
H	28710	100	93.0	+	0	0	28I61MI39M552I	DQ403804	UDB000115
L	16258	707	*	*	*	*	*	AF418630	*
H	16258	100	93.0	+	0	0	11I61MI39M595I	DQ403804	AF418630
H	331	100	91.0	+	0	0	33I53M2I47M522I	DQ403804	UDB011365
L	19559	650	*	*	*	*	*	DQ407261	*
H	19559	100	100.0	+	0	0	39I100M511I	DQ407261	DQ407261
L	19578	701	*	*	*	*	*	DQ448877	*
H	19578	100	100.0	+	0	0	100M601I	DQ448877	DQ448877
L	19601	695	*	*	*	*	*	AY874150	*
H	19601	100	100.0	+	0	0	35I100M560I	AY874150	AY874150
H	11954	100	90.0	+	0	0	49I62M2D16MD19M1104I	AY874150	AY217135
L	18928	689	*	*	*	*	*	AY956557	*
H	18928	100	96.0	+	0	0	35I63MI37M553I	AY874150	AY956557
L	14249	1256	*	*	*	*	*	DQ460720	*
H	14249	100	90.0	+	0	0	49I62M2D36M1109I	AY874150	DQ460720
L	19564	710	*	*	*	*	*	EU014045	*
H	19564	100	94.0	+	0	0	49I62M2D36M563I	AY874150	EU014045
L	19612	472	*	*	*	*	*	DQ468033	*
H	19612	100	100.0	+	0	0	100M372I	DQ468033	DQ468033
L	24729	471	*	*	*	*	*	DQ468032	*
H	24729	100	96.0	+	0	0	100M371I	DQ468033	DQ468032
L	9205	538	*	*	*	*	*	HQ914816	*
H	9205	100	93.0	+	0	0	11I47M2I9MI44M424I	DQ468033	HQ914816
L	10731	387	*	*	*	*	*	JN418771	*
H	10731	100	93.0	+	0	0	50I100M237I	DQ468033	JN418771
L	10732	491	*	*	*	*	*	JN418772	*
H	10732	100	92.0	+	0	0	26I100M365I	DQ468033	JN418772
L	19613	521	*	*	*	*	*	DQ474094	*
H	19613	100	100.0	+	0	0	13I100M408I	DQ474094	DQ474094
L	20447	543	*	*	*	*	*	EF408240	*
H	20447	100	94.0	+	0	0	11I100M432I	DQ474094	EF408240
H	4838	100	94.0	+	0	0	12I69MI31M435I	DQ474094	EF120412
L	8690	796	*	*	*	*	*	EF432291	*
H	8690	100	93.0	+	0	0	29I69MI31M666I	DQ474094	EF432291
L	3765	598	*	*	*	*	*	EU869181	*
H	3765	100	93.0	+	0	0	47I100M451I	DQ474094	EU869181
L	19627	603	*	*	*	*	*	AJ534711	*
H	19627	100	100.0	+	0	0	9I100M494I	AJ534711	AJ534711
L	13561	961	*	*	*	*	*	DQ102653	*
H	13561	100	98.0	+	0	0	43I100M818I	AJ534711	DQ102653
L	19118	953	*	*	*	*	*	DQ102665	*
H	19118	100	98.0	+	0	0	35I100M818I	AJ534711	DQ102665
L	20575	1247	*	*	*	*	*	AY669683	*
H	20575	100	98.0	+	0	0	41I100M1106I	AJ534711	AY669683
L	21152	591	*	*	*	*	*	EU259283	*
H	21152	100	98.0	+	0	0	38I100M453I	AJ534711	EU259283
L	19664	553	*	*	*	*	*	DQ486701	*
H	19664	100	100.0	+	0	0	100M453I	DQ486701	DQ486701
L	19676	567	*	*	*	*	*	FJ614625	*
H	19676	100	100.0	+	0	0	100M467I	FJ614625	FJ614625
L	25533	587	*	*	*	*	*	DQ490765	*
H	25533	100	94.0	+	0	0	12I100M475I	FJ614625	DQ490765
L	19677	586	*	*	*	*	*	DQ490767	*
H	19677	100	93.0	+	0	0	12I100M474I	FJ614625	DQ490767
L	19695	610	*	*	*	*	*	DQ491497	*
H	19695	100	100.0	+	0	0	36I100M474I	DQ491497	DQ491497
L	15581	339	*	*	*	*	*	AF133179	*
H	15581	100	94.0	+	0	0	99I100M140I	DQ491497	AF133179
L	19698	589	*	*	*	*	*	DQ491500	*
H	19698	100	100.0	+	0	0	8I100M481I	DQ491500	DQ491500
L	19700	648	*	*	*	*	*	EU543222	*
H	19700	100	100.0	+	0	0	100M548I	EU543222	EU543222
L	19723	608	*	*	*	*	*	DQ512888	*
H	19723	100	100.0	+	0	0	41I100M467I	DQ512888	DQ512888
L	19735	619	*	*	*	*	*	DQ525506	*
H	19735	100	100.0	+	0	0	74I100M445I	DQ525506	DQ525506
L	19734	935	*	*	*	*	*	DQ525505	*
H	19734	100	98.0	+	0	0	391I100M444I	DQ525506	DQ525505
L	36	578	*	*	*	*	*	DQ525520	*
H	36	100	97.0	+	0	0	35I100M443I	DQ525506	DQ525520
L	19733	885	*	*	*	*	*	DQ525502	*
H	19733	100	96.0	+	0	0	339I100M446I	DQ525506	DQ525502
L	34	585	*	*	*	*	*	DQ525516	*
H	34	100	96.0	+	0	0	36I100M449I	DQ525506	DQ525516
L	19739	556	*	*	*	*	*	DQ525519	*
H	19739	100	100.0	+	0	0	15I100M441I	DQ525519	DQ525519
L	19743	584	*	*	*	*	*	DQ525527	*
H	19743	100	93.0	+	0	0	34I36MD63M451I	DQ525519	DQ525527
L	19731	839	*	*	*	*	*	DQ525473	*
H	19731	100	94.0	+	0	0	282I33MD54MI12M457I	DQ525519	DQ525473
L	9318	530	*	*	*	*	*	JF440614	*
H	9318	100	93.0	+	0	0	13I36MD51MI12M417I	DQ525519	JF440614
L	4832	541	*	*	*	*	*	FJ903295	*
H	4832	100	93.0	+	0	0	51I36MD51MI12M390I	DQ525519	FJ903295
L	19747	510	*	*	*	*	*	DQ528789	*
H	19747	100	100.0	+	0	0	13I100M397I	DQ528789	DQ528789
L	9729	538	*	*	*	*	*	JF414828	*
H	9729	100	98.0	+	0	0	37I100M401I	DQ528789	JF414828
L	9390	529	*	*	*	*	*	DQ528791	*
H	9390	100	94.0	+	0	0	13I81M24I19M392I	DQ528789	DQ528791
L	18123	537	*	*	*	*	*	AY428782	*
H	18123	100	92.0	+	0	0	13I51MD19M15I29M410I	DQ528789	AY428782
L	4046	582	*	*	*	*	*	AY120939	*
H	4046	100	93.0	+	0	0	35I51MD21M13I27M435I	DQ528789	AY120939
L	19796	642	*	*	*	*	*	DQ641324	*
H	19796	100	100.0	+	0	0	11I100M531I	DQ641324	DQ641324
L	19797	650	*	*	*	*	*	DQ641325	*
H	19797	100	100.0	+	0	0	11I100M539I	DQ641325	DQ641325
L	14479	569	*	*	*	*	*	AF115730	*
H	14479	100	91.0	+	0	0	6D16MD56MD20M477I	DQ641325	AF115730
H	17454	10	100.0	+	0	0	1610I10M299I	GU057993	AM882872
L	17455	1957	*	*	*	*	*	AM882873	*
H	17455	10	100.0	+	0	0	1648I10M299I	GU057993	AM882873
H	17458	10	100.0	+	0	0	1637I10M299I	GU057993	AM882886
L	17459	1925	*	*	*	*	*	AM882896	*
H	17459	10	100.0	+	0	0	1616I10M299I	GU057993	AM882896
L	17460	1909	*	*	*	*	*	AM882897	*
H	17460	10	100.0	+	0	0	1601I10M298I	GU057993	AM882897
L	19836	631	*	*	*	*	*	DQ668348	*
H	19836	100	100.0	+	0	0	23I100M508I	DQ668348	DQ668348
L	17481	726	*	*	*	*	*	AM901672	*
H	17481	100	100.0	+	0	0	163I100M463I	DQ668348	AM901672
L	11835	675	*	*	*	*	*	EU266563	*
H	11835	100	99.0	+	0	0	5I100M570I	DQ668348	EU266563
L	19865	609	*	*	*	*	*	DQ683116	*
H	19865	95	100.0	+	0	0	289I95M225I	DQ680673	DQ683116
L	19860	359	*	*	*	*	*	DQ666187	*
H	19860	95	100.0	+	0	0	38I95M226I	DQ680673	DQ666187
L	19859	591	*	*	*	*	*	DQ680678	*
H	19859	95	100.0	+	0	0	269I95M227I	DQ680673	DQ680678
L	19858	564	*	*	*	*	*	DQ680677	*
H	19858	95	100.0	+	0	0	240I95M229I	DQ680673	DQ680677
L	19857	620	*	*	*	*	*	DQ680676	*
H	19857	95	100.0	+	0	0	298I95M227I	DQ680673	DQ680676
L	19868	676	*	*	*	*	*	EU598172	*
H	19868	100	100.0	+	0	0	100M576I	EU598172	EU598172
L	28745	698	*	*	*	*	*	UDB000302	*
H	28745	100	90.0	+	0	0	40I25MD24M2D33MD14M562I	EU598172	UDB000302
H	5999	100	95.0	+	0	0	44I25MD28M4I46M579I	EU598172	GU229820
L	4802	694	*	*	*	*	*	AF418627	*
H	4802	100	90.0	+	0	0	17I25MD24M2D33MD14M581I	EU598172	AF418627
L	28704	841	*	*	*	*	*	UDB000010	*
H	28704	100	90.0	+	0	0	34I25MD25MD33MD14M710I	EU598172	UDB000010
L	19893	606	*	*	*	*	*	DQ015700	*
H	19893	100	100.0	+	0	0	100M506I	DQ015700	DQ015700
H	14249	100	93.0	+	0	0	55I52MD47M1102I	DQ015700	DQ460720
H	18929	100	94.0	+	0	0	41I52MD15MD31M546I	DQ015700	AY956563
L	16596	1341	*	*	*	*	*	AF511081	*
H	16596	100	92.0	+	0	0	56I56MD11MD31M1187I	DQ015700	AF511081
H	11954	100	92.0	+	0	0	55I52MD15MD31M1097I	DQ015700	AY217135
L	19906	683	*	*	*	*	*	DQ826737	*
H	19906	100	100.0	+	0	0	86I100M497I	DQ826737	DQ826737
L	15382	1476	*	*	*	*	*	AF050255	*
H	15382	100	90.0	+	0	0	10D90M1386I	DQ826737	AF050255
L	19907	550	*	*	*	*	*	EU041805	*
H	19907	100	100.0	+	0	0	100M450I	EU041805	EU041805
L	12190	1472	*	*	*	*	*	AF050284	*
H	12190	100	97.0	+	0	0	2I100M1370I	EU041805	AF050284
L	20883	619	*	*	*	*	*	EU041804	*
H	20883	100	90.0	+	0	0	32I100M487I	EU041805	EU041804
L	19988	629	*	*	*	*	*	DQ875351	*
H	19988	100	100.0	+	0	0	100M529I	DQ875351	DQ875351
L	20004	1450	*	*	*	*	*	DQ890026	*
H	20004	100	100.0	+	0	0	100M1350I	DQ890026	DQ890026
L	20013	433	*	*	*	*	*	DQ911441	*
H	20013	100	100.0	+	0	0	100M333I	DQ911441	DQ911441
L	7336	2976	*	*	*	*	*	AY256855	*
H	7336	100	100.0	+	0	0	2433I100M443I	DQ981400	AY256855
L	20082	1112	*	*	*	*	*	DQ981400	*
H	20082	100	100.0	+	0	0	100M1012I	DQ981400	DQ981400
L	8858	578	*	*	*	*	*	HQ833659	*
H	8858	100	97.0	+	0	0	23I100M455I	DQ981400	HQ833659
L	26841	514	*	*	*	*	*	JN030986	*
H	26841	100	97.0	+	0	0	9I100M405I	DQ981400	JN030986
L	18102	610	*	*	*	*	*	AY373919	*
H	18102	100	97.0	+	0	0	23I23MI77M486I	DQ981400	AY373919
H	20087	100	100.0	+	0	0	100M488I	DQ987491	DQ987491
H	15302	100	92.0	+	0	0	39I10MI15MI75M484I	DQ987491	AF011303
L	421	441	*	*	*	*	*	EF010914	*
H	421	100	92.0	+	0	0	14I10MI15MI75M325I	DQ987491	EF010914
H	14824	100	91.0	+	0	0	37I10MI15MI75M1224I	DQ987491	AB430819
L	2224	441	*	*	*	*	*	EU486992	*
H	2224	100	92.0	+	0	0	37I10MI15MI75M302I	DQ987491	EU486992
L	20093	618	*	*	*	*	*	JF908276	*
H	20093	100	100.0	+	0	0	16I100M502I	JF908276	JF908276
L	27021	538	*	*	*	*	*	JF273555	*
H	27021	100	97.0	+	0	0	13I100M425I	JF908276	JF273555
L	2655	688	*	*	*	*	*	EU644702	*
H	2655	100	90.0	+	0	0	8I40MD19M3D37M584I	JF908276	EU644702
L	626	751	*	*	*	*	*	EF141540	*
H	626	100	91.0	+	0	0	34I40MD24M4I35M614I	JF908276	EF141540
L	27200	708	*	*	*	*	*	JF908307	*
H	27200	100	91.0	+	0	0	65M4I35M604I	JF908276	JF908307
L	20094	614	*	*	*	*	*	JF908709	*
H	20094	100	100.0	+	0	0	100M514I	JF908709	JF908709
L	28360	675	*	*	*	*	*	JN944002	*
H	28360	100	99.0	+	0	0	100M575I	JF908709	JN944002
L	10575	691	*	*	*	*	*	AY061660	*
H	10575	100	94.0	+	0	0	29I66MD33M563I	JF908709	AY061660
L	6618	955	*	*	*	*	*	FJ845432	*
H	6618	100	90.0	+	0	0	106I78M2D20M751I	JF908709	FJ845432
H	28363	100	93.0	+	0	0	9I100M535I	JF908709	JN944005
L	20096	624	*	*	*	*	*	UDB001151	*
H	20096	100	100.0	+	0	0	5I100M519I	UDB001151	UDB001151
L	12855	1246	*	*	*	*	*	AY669550	*
H	12855	100	98.0	+	0	0	2D98M1148I	UDB001151	AY669550
L	12880	1255	*	*	*	*	*	FJ157140	*
H	12880	100	97.0	+	0	0	6I100M1149I	UDB001151	FJ157140
L	23059	1254	*	*	*	*	*	FJ717601	*
H	23059	100	98.0	+	0	0	3I100M1151I	UDB001151	FJ717601
L	22334	1229	*	*	*	*	*	FJ039703	*
H	22334	100	97.0	+	0	0	2I100M1127I	UDB001151	FJ039703
L	20112	156	*	*	*	*	*	EF010881	*
H	20112	100	100.0	+	0	0	100M56I	EF010881	EF010881
L	20111	165	*	*	*	*	*	EF010880	*
H	20111	100	91.0	+	0	0	79M2D19M67I	EF010881	EF010880
L	18494	199	*	*	*	*	*	EF010882	*
H	18494	100	90.0	+	0	0	79M2D19M101I	EF010881	EF010882
L	20114	494	*	*	*	*	*	EF014136	*
H	20114	100	100.0	+	0	0	100M394I	EF014136	EF014136
L	1232	490	*	*	*	*	*	EF014149	*
H	1232	100	91.0	+	0	0	5D21MD65MI8M395I	EF014136	EF014149
L	16025	552	*	*	*	*	*	AF333129	*
H	16025	100	95.0	+	0	0	26MD73M453I	EF014136	AF333129
L	2571	558	*	*	*	*	*	AF333130	*
H	2571	100	91.0	+	0	0	10MI90M457I	EF014136	AF333130
L	16026	431	*	*	*	*	*	AF333135	*
H	16026	100	92.0	+	0	0	100M331I	EF014136	AF333135
L	20120	1321	*	*	*	*	*	EF014255	*
H	20120	100	100.0	+	0	0	41I100M1180I	EF014255	EF014255
L	19828	634	*	*	*	*	*	DQ663471	*
H	19828	100	91.0	+	0	0	9D91M543I	EF014255	DQ663471
L	21739	650	*	*	*	*	*	EU655656	*
H	21739	100	97.0	+	0	0	3I100M547I	EF014255	EU655656
L	20122	683	*	*	*	*	*	EF014276	*
H	20122	100	97.0	+	0	0	39I100M544I	EF014255	EF014276
L	20907	1311	*	*	*	*	*	EU056991	*
H	20907	100	98.0	+	0	0	34I26MI74M1176I	EF014255	EU056991
L	20158	560	*	*	*	*	*	EF029201	*
H	20158	100	100.0	+	0	0	100M460I	EF029201	EF029201
L	20172	556	*	*	*	*	*	EF029228	*
H	20172	100	100.0	+	0	0	100M456I	EF029228	EF029228
L	20177	679	*	*	*	*	*	EF030529	*
H	20177	100	100.0	+	0	0	7I100M572I	EF030529	EF030529
L	17217	647	*	*	*	*	*	AJ968561	*
H	17217	100	93.0	+	0	0	5D95M552I	EF030529	AJ968561
L	20181	634	*	*	*	*	*	AF230897	*
H	20181	100	100.0	+	0	0	100M534I	AF230897	AF230897
L	29123	631	*	*	*	*	*	EU711748	*
H	29123	100	92.0	+	0	0	3I20MD17M3D59M532I	AF230897	EU711748
L	3406	986	*	*	*	*	*	UDB011278	*
H	3406	100	91.0	+	0	0	14I20MD17M3D59M876I	AF230897	UDB011278
L	20217	574	*	*	*	*	*	GQ850451	*
H	20217	100	100.0	+	0	0	100M474I	GQ850451	GQ850451
L	19040	574	*	*	*	*	*	GQ405536	*
H	19040	100	95.0	+	0	0	2I100M472I	GQ850451	GQ405536
H	19052	100	94.0	+	0	0	72I100M484I	GQ850451	AJ242895
H	16735	100	91.0	+	0	0	71I100M478I	GQ850451	AJ242890
L	25105	691	*	*	*	*	*	GU586853	*
H	25105	100	90.0	+	0	0	33I45M37I55M521I	GQ850451	GU586853
L	20358	518	*	*	*	*	*	EF175942	*
H	20358	100	100.0	+	0	0	100M418I	EF175942	EF175942
L	6135	574	*	*	*	*	*	GQ407103	*
H	6135	100	91.0	+	0	0	50M15I50M459I	EF175942	GQ407103
L	6879	612	*	*	*	*	*	AF212308	*
H	6879	100	92.0	+	0	0	14I46M28I54M470I	EF175942	AF212308
L	10775	507	*	*	*	*	*	JN207339	*
H	10775	100	95.0	+	0	0	53I19MI15M28I18MD47M326I	EF175942	JN207339
L	27929	517	*	*	*	*	*	JN207330	*
H	27929	100	95.0	+	0	0	40I19MI15M28I18MD47M349I	EF175942	JN207330
L	20360	213	*	*	*	*	*	EF176463	*
H	20360	89	100.0	+	0	0	89M124I	EF176463	EF176463
L	26370	213	*	*	*	*	*	EF176459	*
H	26370	89	96.6	+	0	0	89M124I	EF176463	EF176459
L	2486	641	*	*	*	*	*	AJ242882	*
H	2486	89	92.1	+	0	0	172I14M2I75M378I	EF176463	AJ242882
L	24233	572	*	*	*	*	*	GQ850436	*
H	24233	89	91.0	+	0	0	122I16MI73M360I	EF176463	GQ850436
L	21753	563	*	*	*	*	*	AY805606	*
H	21753	89	91.0	+	0	0	109I13MI22MI54M363I	EF176463	AY805606
H	20376	100	100.0	+	0	0	22I30M24I70M497I	EF192106	EF192105
H	20375	100	100.0	+	0	0	40I100M495I	EF192106	EF192106
L	28888	609	*	*	*	*	*	EF493273	*
H	28888	100	92.0	+	0	0	8D92M517I	EF192106	EF493273
H	21936	100	96.0	+	0	0	38I28MI72M534I	EF192106	EU718113
H	942	100	90.0	+	0	0	6D22MI72M500I	EF192106	AF228650
L	20412	631	*	*	*	*	*	JF961373	*
H	20412	100	100.0	+	0	0	2I100M529I	JF961373	JF961373
L	3017	700	*	*	*	*	*	EU819469	*
H	3017	100	99.0	+	0	0	49I100M551I	JF961373	EU819469
L	22081	500	*	*	*	*	*	EU819541	*
H	22081	100	98.0	+	0	0	49I52MD47M352I	JF961373	EU819541
L	25053	622	*	*	*	*	*	GU479255	*
H	25053	100	98.0	+	0	0	10I52MD47M513I	JF961373	GU479255
L	25058	577	*	*	*	*	*	GU479288	*
H	25058	100	98.0	+	0	0	23I52MD47M455I	JF961373	GU479288
L	20416	838	*	*	*	*	*	JQ711813	*
H	20416	100	100.0	+	0	0	48I100M690I	JQ711813	JQ711813
H	28471	100	97.0	+	0	0	115I100M658I	JQ711813	JQ711917
H	8325	100	95.0	+	0	0	8I100M648I	JQ711813	AJ534914
L	3152	656	*	*	*	*	*	EU696921	*
H	3152	100	97.0	+	0	0	13I61MI39M542I	JQ711813	EU696921
H	1044	100	96.0	+	0	0	51I100M557I	JQ711813	EF507257
L	20433	654	*	*	*	*	*	EF392533	*
H	20433	100	100.0	+	0	0	16I100M538I	EF392533	EF392533
L	1027	666	*	*	*	*	*	EF392522	*
H	1027	100	90.0	+	0	0	17I100M549I	EF392533	EF392522
L	20438	597	*	*	*	*	*	EF394833	*
H	20438	100	100.0	+	0	0	105I100M392I	EF394833	EF394833
L	13166	529	*	*	*	*	*	AJ307020	*
H	13166	100	94.0	+	0	0	5I6MI57M3I27MI10M419I	EF394833	AJ307020
L	15977	518	*	*	*	*	*	AF309610	*
H	15977	100	90.0	+	0	0	11I65MI25M4I10M402I	EF394833	AF309610
H	6102	100	90.0	+	0	0	I65MI25M4I10M392I	EF394833	GU269765
L	16871	515	*	*	*	*	*	AJ307018	*
H	16871	100	93.0	+	0	0	6I63M3I27MI10M405I	EF394833	AJ307018
L	21340	1132	*	*	*	*	*	GQ505758	*
H	21340	100	100.0	+	0	0	24I100M1008I	EF397557	GQ505758
H	20446	100	100.0	+	0	0	1771I100M120I	EF397557	EF397557
H	5665	100	100.0	+	0	0	24I100M1024I	EF397557	GQ505458
L	8106	531	*	*	*	*	*	GQ169492	*
H	8106	100	100.0	+	0	0	8I100M423I	EF397557	GQ169492
L	6772	536	*	*	*	*	*	GU973789	*
H	6772	100	99.0	+	0	0	17I100M419I	EF397557	GU973789
L	20450	1275	*	*	*	*	*	EF409722	*
H	20450	100	100.0	+	0	0	11I100M1164I	EF409722	EF409722
L	20456	657	*	*	*	*	*	DQ974783	*
H	20456	100	100.0	+	0	0	100M557I	DQ974783	DQ974783
L	3036	629	*	*	*	*	*	EU819522	*
H	3036	100	97.0	+	0	0	58I100M471I	DQ974783	EU819522
L	22499	640	*	*	*	*	*	UDB003278	*
H	22499	100	97.0	+	0	0	100M540I	DQ974783	UDB003278
L	28924	641	*	*	*	*	*	UDB001663	*
H	28924	100	98.0	+	0	0	17I78MI22M523I	DQ974783	UDB001663
L	15879	671	*	*	*	*	*	HM189968	*
H	15879	100	97.0	+	0	0	20I46M2I54M549I	DQ974783	HM189968
L	20457	551	*	*	*	*	*	DQ974785	*
H	20457	100	100.0	+	0	0	100M451I	DQ974785	DQ974785
L	28839	575	*	*	*	*	*	GU214812	*
H	28839	100	92.0	+	0	0	37I100M438I	DQ974785	GU214812
L	27045	597	*	*	*	*	*	HQ215804	*
H	27045	100	90.0	+	0	0	2I100M495I	DQ974785	HQ215804
L	22839	591	*	*	*	*	*	HQ215807	*
H	22839	100	92.0	+	0	0	2I100M489I	DQ974785	HQ215807
H	887	100	91.0	+	0	0	2I100M541I	DQ974785	UDB003329
L	20473	1182	*	*	*	*	*	EF420145	*
H	20473	100	100.0	+	0	0	100M1082I	EF420145	EF420145
H	20575	100	95.0	+	0	0	41I55M2D43M1108I	EF420145	AY669683
H	21152	100	95.0	+	0	0	38I55M2D43M455I	EF420145	EU259283
L	28835	584	*	*	*	*	*	JQ888160	*
H	28835	100	95.0	+	0	0	16I55M2D43M470I	EF420145	JQ888160
H	13561	100	95.0	+	0	0	43I55M2D43M820I	EF420145	DQ102653
L	20504	550	*	*	*	*	*	EF447306	*
H	20504	100	100.0	+	0	0	100M450I	EF447306	EF447306
H	24557	100	99.0	+	0	0	48I100M430I	EF447306	GU062228
H	8078	100	95.0	+	0	0	61I100M440I	EF447306	GU199417
H	27136	100	97.0	+	0	0	21I90MI10M435I	EF447306	JF440589
H	542	100	95.0	+	0	0	21I100M462I	EF447306	FJ459970
L	20513	504	*	*	*	*	*	EF456775	*
H	20513	100	100.0	+	0	0	34I100M370I	EF456775	EF456775
H	18518	100	94.0	+	0	0	12I7M2I7MI7MI12MI19M2I14MI9MI25M448I	EF456775	FJ903282
H	24583	100	92.0	+	0	0	45I7M2I8M2I6MI12MI19M2I11M2I12MI25M423I	EF456775	GU067766
L	20516	689	*	*	*	*	*	EF458643	*
H	20516	100	100.0	+	0	0	61I100M528I	EF458643	EF458643
L	15557	498	*	*	*	*	*	AF122024	*
H	15557	100	97.0	+	0	0	104I100M294I	EF458643	AF122024
H	14509	100	97.0	+	0	0	17I100M219I	EF458643	FN391588
H	11446	100	97.0	+	0	0	32I100M177I	EF458643	U04087
H	21074	100	97.0	+	0	0	1758I100M179I	EF458643	EU157728
L	20520	899	*	*	*	*	*	EF458653	*
H	20520	100	100.0	+	0	0	100M799I	EF458653	EF458653
L	20537	634	*	*	*	*	*	EF493254	*
H	20537	100	100.0	+	0	0	100M534I	EF493254	EF493254
L	28506	640	*	*	*	*	*	L54102	*
H	28506	100	96.0	+	0	0	37I90M2D8M505I	EF493254	L54102
L	13987	628	*	*	*	*	*	EF493260	*
H	13987	100	94.0	+	0	0	56I100M472I	EF493254	EF493260
L	28511	574	*	*	*	*	*	M91611	*
H	28511	100	94.0	+	0	0	5I100M469I	EF493254	M91611
L	16945	275	*	*	*	*	*	AJ416958	*
H	16945	100	94.0	+	0	0	78I100M97I	EF493254	AJ416958
L	20550	585	*	*	*	*	*	EU400146	*
H	20550	100	100.0	+	0	0	22I100M463I	EU400146	EU400146
H	14408	100	93.0	+	0	0	13I74MD14M4D7M451I	EU400146	FJ236461
H	2729	100	92.0	+	0	0	10I86M4D10M553I	EU400146	EU672822
H	1352	100	93.0	+	0	0	21I74MD14M4D7M411I	EU400146	GQ369593
H	2492	100	91.0	+	0	0	11I86M4D10M473I	EU400146	GQ456160
H	20583	100	100.0	+	0	0	4I100M553I	AY176447	AY176447
H	11553	100	97.0	+	0	0	7I100M575I	AY176447	AF079718
H	15467	100	94.0	+	0	0	7I26M2D72M573I	AY176447	AF079708
L	22116	762	*	*	*	*	*	EU833651	*
H	22116	100	96.0	+	0	0	29I100M633I	AY176447	EU833651
H	11552	100	94.0	+	0	0	7I100M573I	AY176447	AF079678
L	20621	703	*	*	*	*	*	EF141553	*
H	20621	100	100.0	+	0	0	35I100M568I	EF141553	EF141553
L	20625	717	*	*	*	*	*	EF560680	*
H	20625	100	96.0	+	0	0	34I23MD42M9I34M575I	EF141553	EF560680
L	3025	739	*	*	*	*	*	EU819487	*
H	3025	100	91.0	+	0	0	51I23MD40M8I36M581I	EF141553	EU819487
L	26282	649	*	*	*	*	*	JQ446143	*
H	26282	100	90.0	+	0	0	5I23MD40M8I36M537I	EF141553	JQ446143
L	29192	810	*	*	*	*	*	AJ889962	*
H	29192	100	90.0	+	0	0	3I23MD40M8I36M700I	EF141553	AJ889962
L	20640	515	*	*	*	*	*	EU343812	*
H	20640	100	100.0	+	0	0	18I100M397I	EU343812	EU343812
L	20655	2807	*	*	*	*	*	EF596819	*
H	20655	100	100.0	+	0	0	918I100M1789I	EF596819	EF596819
L	20663	496	*	*	*	*	*	EF600956	*
H	20663	100	100.0	+	0	0	100M396I	EF600956	EF600956
H	19447	100	94.0	+	0	0	45I100M413I	EF600956	DQ466083
H	1061	100	95.0	+	0	0	100M396I	EF600956	EF535688
L	26786	479	*	*	*	*	*	AY352584	*
H	26786	100	91.0	+	0	0	2D32MD65M382I	EF600956	AY352584
L	11451	532	*	*	*	*	*	JN809911	*
H	11451	100	90.0	+	0	0	20I31MD56M2D10M415I	EF600956	JN809911
L	20691	538	*	*	*	*	*	HE603989	*
H	20691	100	100.0	+	0	0	12I100M426I	HE603989	HE603989
L	19107	536	*	*	*	*	*	HM036588	*
H	19107	100	97.0	+	0	0	7I64MI36M428I	HE603989	HM036588
H	13434	100	97.0	+	0	0	11I64MI36M440I	HE603989	DQ093752
L	1589	1480	*	*	*	*	*	EU040232	*
H	1589	100	96.0	+	0	0	83I94MI6M1296I	HE603989	EU040232
L	19161	545	*	*	*	*	*	DQ132821	*
H	19161	100	97.0	+	0	0	39I56MI8MI36M404I	HE603989	DQ132821
L	20698	650	*	*	*	*	*	EF621953	*
H	20698	100	100.0	+	0	0	40I100M510I	EF621953	EF621953
L	20692	688	*	*	*	*	*	EF621923	*
H	20692	100	98.0	+	0	0	10I59M2I25M2I16M574I	EF621953	EF621923
L	20699	702	*	*	*	*	*	EF621954	*
H	20699	100	99.0	+	0	0	34I59M2I13MI28M565I	EF621953	EF621954
L	19254	650	*	*	*	*	*	DQ238727	*
H	19254	100	97.0	+	0	0	12I59M2I41M536I	EF621953	DQ238727
L	20696	682	*	*	*	*	*	EF621942	*
H	20696	100	92.0	+	0	0	12I59M2I41M568I	EF621953	EF621942
L	20708	678	*	*	*	*	*	FJ655867	*
H	20708	100	100.0	+	0	0	36I100M542I	FJ655867	FJ655867
L	5400	669	*	*	*	*	*	FJ655859	*
H	5400	100	98.0	+	0	0	35I100M534I	FJ655867	FJ655859
L	20711	597	*	*	*	*	*	EU659696	*
H	20711	100	100.0	+	0	0	100M497I	EU659696	EU659696
L	1574	600	*	*	*	*	*	EF635898	*
H	1574	100	90.0	+	0	0	28M3I31M2D39M499I	EU659696	EF635898
L	20734	1163	*	*	*	*	*	EF652465	*
H	20734	100	100.0	+	0	0	100M1063I	EF652465	EF652465
L	14677	632	*	*	*	*	*	AB248964	*
H	14677	100	100.0	+	0	0	46I100M486I	EF652465	AB248964
L	20766	579	*	*	*	*	*	EF672246	*
H	20766	100	100.0	+	0	0	11I100M468I	EF672246	EF672246
L	4264	575	*	*	*	*	*	FJ534874	*
H	4264	100	93.0	+	0	0	7I48MD16MI25M2I10M466I	EF672246	FJ534874
L	4263	593	*	*	*	*	*	FJ534873	*
H	4263	100	90.0	+	0	0	7I32M4I6M3I39M4I4MI8M5I11M469I	EF672246	FJ534873
L	20775	759	*	*	*	*	*	EF685090	*
H	20775	100	100.0	+	0	0	29I100M630I	EF685090	EF685090
L	28842	725	*	*	*	*	*	JF908298	*
H	28842	100	91.0	+	0	0	25I40M3D57M603I	EF685090	JF908298
L	20777	491	*	*	*	*	*	FJ884098	*
H	20777	100	100.0	+	0	0	100M391I	FJ884098	FJ884098
L	3232	542	*	*	*	*	*	EF687948	*
H	3232	100	100.0	+	0	0	41I100M401I	FJ884098	EF687948
L	7487	505	*	*	*	*	*	HM999904	*
H	7487	100	94.0	+	0	0	6D94M411I	FJ884098	HM999904
L	21597	1133	*	*	*	*	*	GQ505763	*
H	21597	100	100.0	+	0	0	28I55MI45M1004I	FJ884098	GQ505763
H	8606	100	97.0	+	0	0	15I52MI48M441I	FJ884098	FJ459977
L	20781	584	*	*	*	*	*	EF694663	*
H	20781	100	100.0	+	0	0	8I100M476I	EF694663	EF694663
L	5840	596	*	*	*	*	*	AY158674	*
H	5840	100	95.0	+	0	0	32I100M464I	EF694663	AY158674
L	24416	636	*	*	*	*	*	GQ917051	*
H	24416	100	94.0	+	0	0	11I100M525I	EF694663	GQ917051
L	5841	627	*	*	*	*	*	AB367528	*
H	5841	100	90.0	+	0	0	32I64MD23MI12M495I	EF694663	AB367528
L	25881	609	*	*	*	*	*	EF694664	*
H	25881	100	90.0	+	0	0	8I64MD23MI12M501I	EF694663	EF694664
L	20812	671	*	*	*	*	*	EU014070	*
H	20812	100	100.0	+	0	0	49I100M522I	EU014070	EU014070
H	15678	100	93.0	+	0	0	D26M2I41M6I32M482I	EU014070	AF180198
H	15677	100	93.0	+	0	0	D26M2I41M6I32M480I	EU014070	AF180167
L	5006	621	*	*	*	*	*	FJ468409	*
H	5006	100	90.0	+	0	0	3D62MI5MI30M522I	EU014070	FJ468409
L	21	576	*	*	*	*	*	AF180201	*
H	21	100	94.0	+	0	0	D23M3D25M2I13MI6M3I20M3I9M471I	EU014070	AF180201
L	20846	513	*	*	*	*	*	EU137330	*
H	20846	100	100.0	+	0	0	100M413I	EU137330	EU137330
L	7556	677	*	*	*	*	*	EF016381	*
H	7556	100	93.0	+	0	0	144I23MD76M434I	EU137330	EF016381
L	22851	608	*	*	*	*	*	EF016376	*
H	22851	100	93.0	+	0	0	98I23MD76M411I	EU137330	EF016376
L	1777	565	*	*	*	*	*	EU139144	*
H	1777	100	90.0	+	0	0	14I23MD76M452I	EU137330	EU139144
L	20843	850	*	*	*	*	*	EU035408	*
H	20843	100	92.0	+	0	0	337I23MD76M414I	EU137330	EU035408
L	20863	567	*	*	*	*	*	EU039966	*
H	20863	100	100.0	+	0	0	6I100M461I	EU039966	EU039966
L	20865	1594	*	*	*	*	*	EU040218	*
H	20865	100	100.0	+	0	0	94I100M1400I	EU040218	EU040218
L	20874	497	*	*	*	*	*	EU041789	*
H	20874	100	100.0	+	0	0	25I100M372I	EU041789	EU041789
L	20873	487	*	*	*	*	*	EU041787	*
H	20873	100	92.0	+	0	0	8D92M395I	EU041789	EU041787
L	20875	520	*	*	*	*	*	EU041790	*
H	20875	100	92.0	+	0	0	25I100M395I	EU041789	EU041790
L	20877	586	*	*	*	*	*	EU041797	*
H	20877	100	100.0	+	0	0	95I100M391I	EU041797	EU041797
L	20897	476	*	*	*	*	*	EU045432	*
H	20897	100	100.0	+	0	0	16I100M360I	EU045432	EU045432
L	20931	448	*	*	*	*	*	EU057948	*
H	20931	100	100.0	+	0	0	100M348I	EU057948	EU057948
L	1668	510	*	*	*	*	*	EU057929	*
H	1668	100	93.0	+	0	0	100M410I	EU057948	EU057929
L	20926	449	*	*	*	*	*	EU057925	*
H	20926	100	93.0	+	0	0	100M349I	EU057948	EU057925
L	20942	312	*	*	*	*	*	EU075541	*
H	20942	100	100.0	+	0	0	14I100M198I	EU075541	EU075541
H	6054	100	93.0	+	0	0	14I47M9I53M443I	EU075541	FJ914798
H	26785	100	91.0	+	0	0	I47M9I53M437I	EU075541	HQ725088
H	10085	100	92.0	+	0	0	I47M9I53M437I	EU075541	HQ725079
L	26703	848	*	*	*	*	*	FJ494923	*
H	26703	100	90.0	+	0	0	314I47M9I53M425I	EU075541	FJ494923
L	20943	411	*	*	*	*	*	EU075542	*
H	20943	100	100.0	+	0	0	14I100M297I	EU075542	EU075542
L	20946	415	*	*	*	*	*	EU075545	*
H	20946	100	90.0	+	0	0	14I100M301I	EU075542	EU075545
L	20950	369	*	*	*	*	*	EU075549	*
H	20950	100	100.0	+	0	0	14I100M255I	EU075549	EU075549
L	16370	726	*	*	*	*	*	AF451776	*
H	16370	100	95.0	+	0	0	213I46M7I54M406I	EU075549	AF451776
L	12461	575	*	*	*	*	*	AF058038	*
H	12461	100	93.0	+	0	0	5I46M8I25MI29M461I	EU075549	AF058038
H	23479	100	95.0	+	0	0	14I46M8I54M443I	EU075549	FJ914805
H	10159	100	93.0	+	0	0	39I46M8I54M404I	EU075549	JN086282
L	8083	627	*	*	*	*	*	HQ377275	*
H	8083	100	100.0	+	0	0	268I100M259I	EU118630	HQ377275
L	12194	683	*	*	*	*	*	U85799	*
H	12194	100	100.0	+	0	0	325I100M258I	EU118630	U85799
L	17832	610	*	*	*	*	*	AY219364	*
H	17832	100	100.0	+	0	0	302I100M208I	EU118630	AY219364
L	20991	1351	*	*	*	*	*	EU118630	*
H	20991	100	100.0	+	0	0	100M1251I	EU118630	EU118630
L	8634	602	*	*	*	*	*	FN600382	*
H	8634	100	100.0	+	0	0	247I100M255I	EU118630	FN600382
H	21023	100	100.0	+	0	0	12I100M502I	EU139131	EU139131
L	21024	609	*	*	*	*	*	EU139129	*
H	21024	100	99.0	+	0	0	3I8MD91M507I	EU139131	EU139129
H	14502	100	93.0	+	0	0	11I100M524I	EU139131	AB114130
H	21025	100	95.0	+	0	0	2D98M473I	EU139131	EU139133
H	1594	100	95.0	+	0	0	38I100M1385I	EU139131	EU035404
L	21033	588	*	*	*	*	*	EU139145	*
H	21033	100	100.0	+	0	0	6I100M482I	EU139145	EU139145
L	24245	245	*	*	*	*	*	GQ411538	*
H	24245	100	98.0	+	0	0	47I9M2I91M96I	EU139145	GQ411538
L	21032	586	*	*	*	*	*	EU139153	*
H	21032	100	97.0	+	0	0	11I9M2I83MI8M472I	EU139145	EU139153
L	21031	571	*	*	*	*	*	EU139150	*
H	21031	100	94.0	+	0	0	6I9M2I91M463I	EU139145	EU139150
L	21059	605	*	*	*	*	*	EU142938	*
H	21059	100	100.0	+	0	0	100M505I	EU142938	EU142938
L	21057	599	*	*	*	*	*	EU142933	*
H	21057	100	97.0	+	0	0	100M499I	EU142938	EU142933
L	21058	568	*	*	*	*	*	EU142936	*
H	21058	100	97.0	+	0	0	100M468I	EU142938	EU142936
L	21086	538	*	*	*	*	*	EU179869	*
H	21086	100	100.0	+	0	0	11I100M427I	EU179869	EU179869
L	21109	702	*	*	*	*	*	EU231963	*
H	21109	100	100.0	+	0	0	100M602I	EU231963	EU231963
L	21137	502	*	*	*	*	*	EU254804	*
H	21137	100	100.0	+	0	0	100M402I	EU254804	EU254804
H	17198	100	93.0	+	0	0	22M2I39MI26MD12M412I	EU254804	DQ994611
H	2339	100	93.0	+	0	0	22M2I36M4I42M402I	EU254804	EU255033
L	21099	506	*	*	*	*	*	EU255042	*
H	21099	100	94.0	+	0	0	22M2I37M2I41M402I	EU254804	EU255042
L	2333	505	*	*	*	*	*	EU254973	*
H	2333	100	91.0	+	0	0	22MI36MD28MD12M406I	EU254804	EU254973
L	21139	587	*	*	*	*	*	FJ917745	*
H	21139	100	100.0	+	0	0	100M487I	FJ917745	FJ917745
L	21869	647	*	*	*	*	*	EU707431	*
H	21869	100	95.0	+	0	0	66I100M481I	FJ917745	EU707431
L	21176	608	*	*	*	*	*	EU266560	*
H	21176	100	100.0	+	0	0	35I100M473I	EU266560	EU266560
L	1792	641	*	*	*	*	*	AF145324	*
H	1792	100	92.0	+	0	0	11I10MI90M529I	EU266560	AF145324
H	21187	100	100.0	+	0	0	36I100M540I	EU273525	EU273525
H	6296	100	100.0	+	0	0	23I100M277I	EU273525	FJ435147
H	13410	100	97.0	+	0	0	35I53M2I47M548I	EU273525	DQ102396
H	10210	100	97.0	+	0	0	51I53M2I47M534I	EU273525	JF519834
H	16737	100	96.0	+	0	0	49I52M4I48M508I	EU273525	AJ242899
H	21221	100	100.0	+	0	0	100M521I	FJ501280	FJ501280
H	11376	100	93.0	+	0	0	119I27M2D71M589I	FJ501280	JN887638
H	11065	100	93.0	+	0	0	4I29M2D69M601I	FJ501280	JF974128
H	11377	100	92.0	+	0	0	16MD21MD61M572I	FJ501280	FJ501282
H	11059	100	92.0	+	0	0	26I29M2D69M592I	FJ501280	JF974077
L	21250	637	*	*	*	*	*	EU330630	*
H	21250	100	100.0	+	0	0	52I100M485I	EU330630	EU330630
L	26975	628	*	*	*	*	*	FJ462766	*
H	26975	100	99.0	+	0	0	11I100M517I	EU330630	FJ462766
L	8532	646	*	*	*	*	*	HQ630985	*
H	8532	100	91.0	+	0	0	49I54M2I46M495I	EU330630	HQ630985
L	1844	633	*	*	*	*	*	FJ478101	*
H	1844	100	91.0	+	0	0	35I54M2I46M496I	EU330630	FJ478101
L	6880	640	*	*	*	*	*	AJ279456	*
H	6880	100	90.0	+	0	0	46I54M2I46M492I	EU330630	AJ279456
L	21324	592	*	*	*	*	*	EU402556	*
H	21324	100	100.0	+	0	0	13I100M479I	EU402556	EU402556
L	3048	598	*	*	*	*	*	EU840677	*
H	3048	100	90.0	+	0	0	29I33MI12MD10MD11M3D18M8I11M465I	EU402556	EU840677
L	21330	631	*	*	*	*	*	EU409800	*
H	21330	100	100.0	+	0	0	13I100M518I	EU409800	EU409800
L	980	2371	*	*	*	*	*	U10409	*
H	980	100	99.0	+	0	0	1788I67MD32M484I	EU409800	U10409
L	11283	850	*	*	*	*	*	JN209854	*
H	11283	100	99.0	-	0	0	243I67MD32M508I	EU409800	JN209854
H	21331	100	100.0	+	0	0	11I100M744I	FJ719390	FJ719390
H	14425	100	100.0	+	0	0	22I100M297I	FJ719390	AB054042
H	24084	100	98.0	+	0	0	11I45MD54M749I	FJ719390	FJ719387
H	9344	100	96.0	+	0	0	11I35MD9MI55M749I	FJ719390	FJ719402
L	21332	577	*	*	*	*	*	EU409811	*
H	21332	100	100.0	+	0	0	13I100M464I	EU409811	EU409811
H	21338	100	100.0	+	0	0	11I100M573I	EU424317	EU424317
L	4186	635	*	*	*	*	*	FJ608592	*
H	4186	100	98.0	+	0	0	9I100M526I	EU424317	FJ608592
L	12153	642	*	*	*	*	*	AB115054	*
H	12153	100	91.0	+	0	0	3D97M545I	EU424317	AB115054
L	14506	665	*	*	*	*	*	AY315788	*
H	14506	100	97.0	+	0	0	4I100M561I	EU424317	AY315788
H	15531	100	93.0	+	0	0	4I100M556I	EU424317	AF109982
H	21394	100	100.0	+	0	0	100M353I	EU488737	EU488737
L	21409	725	*	*	*	*	*	EU784300	*
H	21409	100	100.0	+	0	0	36I100M589I	EU784300	EU784300
L	27488	546	*	*	*	*	*	JF908060	*
H	27488	100	96.0	+	0	0	2D58MI40M447I	EU784300	JF908060
L	12801	676	*	*	*	*	*	AY854074	*
H	12801	100	95.0	+	0	0	50I52M2D46M528I	EU784300	AY854074
L	27487	708	*	*	*	*	*	JF908062	*
H	27487	100	91.0	+	0	0	51I71MI29M556I	EU784300	JF908062
L	21463	544	*	*	*	*	*	EU525984	*
H	21463	100	100.0	+	0	0	5I100M439I	EU525984	EU525984
L	21756	501	*	*	*	*	*	UDB000935	*
H	21756	100	96.0	+	0	0	14I100M387I	EU525984	UDB000935
L	28881	517	*	*	*	*	*	UDB001165	*
H	28881	100	96.0	+	0	0	73I100M344I	EU525984	UDB001165
L	28359	593	*	*	*	*	*	GU234029	*
H	28359	100	95.0	+	0	0	19I63MD36M475I	EU525984	GU234029
L	19628	711	*	*	*	*	*	AJ889970	*
H	19628	100	94.0	+	0	0	I63MD36M611I	EU525984	AJ889970
H	19895	100	100.0	+	0	0	22I100M605I	FJ717563	DQ822800
H	8412	100	100.0	+	0	0	6I100M1082I	FJ717563	FJ039678
H	547	100	100.0	+	0	0	41I100M1103I	FJ717563	AY669658
H	28890	100	100.0	+	0	0	12I100M489I	FJ717563	AY281024
H	28891	100	100.0	+	0	0	98I100M360I	FJ717563	UDB001233
L	21516	523	*	*	*	*	*	EU697681	*
H	21516	100	100.0	+	0	0	100M423I	EU697681	EU697681
L	4775	1507	*	*	*	*	*	FJ645263	*
H	4775	100	96.0	+	0	0	23I5MD16MD77M1386I	EU697681	FJ645263
L	21509	520	*	*	*	*	*	EU697680	*
H	21509	100	92.0	+	0	0	35MD64M421I	EU697681	EU697680
L	3169	521	*	*	*	*	*	EU697677	*
H	3169	100	90.0	+	0	0	35MD64M422I	EU697681	EU697677
L	21569	557	*	*	*	*	*	EU558720	*
H	21569	100	100.0	+	0	0	25I100M432I	EU558720	EU558720
L	21585	638	*	*	*	*	*	EU563421	*
H	21585	100	100.0	+	0	0	38I100M500I	EU563421	EU563421
L	21583	637	*	*	*	*	*	EU563415	*
H	21583	100	95.0	+	0	0	39I37MI63M497I	EU563421	EU563415
L	21580	610	*	*	*	*	*	EU563396	*
H	21580	100	91.0	+	0	0	22I58MI22MI20M486I	EU563421	EU563396
L	21589	607	*	*	*	*	*	EU563444	*
H	21589	100	90.0	+	0	0	38I62M5I38M464I	EU563421	EU563444
L	2541	611	*	*	*	*	*	EU563469	*
H	2541	100	91.0	+	0	0	13I58MI32MI10M496I	EU563421	EU563469
L	21586	639	*	*	*	*	*	EU563431	*
H	21586	100	100.0	+	0	0	38I100M501I	EU563431	EU563431
L	21590	502	*	*	*	*	*	EU563398	*
H	21590	100	90.0	+	0	0	38I54MD18M2I18MI9M362I	EU563431	EU563398
L	21606	720	*	*	*	*	*	EU569246	*
H	21606	100	100.0	+	0	0	100M620I	EU569246	EU569246
L	27020	660	*	*	*	*	*	JF273551	*
H	27020	100	95.0	+	0	0	I15MD28M3I56M557I	EU569246	JF273551
L	27008	673	*	*	*	*	*	JF273520	*
H	27008	100	91.0	+	0	0	16I46M3D51M560I	EU569246	JF273520
L	22163	643	*	*	*	*	*	HQ215766	*
H	22163	100	90.0	+	0	0	23I15MD29M3D52M524I	EU569246	HQ215766
H	5852	100	91.0	+	0	0	23I15MD29M3D52M465I	EU569246	AJ534709
L	21607	716	*	*	*	*	*	EU569248	*
H	21607	100	100.0	+	0	0	100M616I	EU569248	EU569248
L	11928	627	*	*	*	*	*	DQ663213	*
H	11928	100	94.0	+	0	0	15MI56MI29M525I	EU569248	DQ663213
H	21739	100	96.0	+	0	0	12I13MI55MI32M536I	EU569248	EU655656
H	20122	100	96.0	+	0	0	48I13MI55MI32M533I	EU569248	EF014276
L	19083	632	*	*	*	*	*	DQ323970	*
H	19083	100	94.0	+	0	0	13MI55MI32M530I	EU569248	DQ323970
L	21608	742	*	*	*	*	*	EU569249	*
H	21608	100	100.0	+	0	0	100M642I	EU569249	EU569249
L	22338	1160	*	*	*	*	*	FJ039684	*
H	22338	100	98.0	+	0	0	16I63MI37M1043I	EU569249	FJ039684
H	4362	100	98.0	+	0	0	12I63MI37M1063I	EU569249	FJ717575
L	5183	1182	*	*	*	*	*	FJ039571	*
H	5183	100	98.0	+	0	0	15I63MI37M1066I	EU569249	FJ039571
L	21746	962	*	*	*	*	*	DQ102686	*
H	21746	100	98.0	+	0	0	49I64MI36M812I	EU569249	DQ102686
H	21611	100	100.0	+	0	0	100M646I	EU569252	EU569252
L	28464	975	*	*	*	*	*	UDB011736	*
H	28464	100	100.0	+	0	0	11I13MI87M863I	EU569252	UDB011736
H	19895	100	100.0	+	0	0	31I13MI48MI39M594I	EU569252	DQ822800
H	17639	100	100.0	+	0	0	40I13MI48MI39M598I	EU569252	DQ499464
H	21106	100	100.0	+	0	0	21I13MI48MI39M458I	EU569252	AJ889975
L	1880	529	*	*	*	*	*	FN652304	*
H	1880	100	100.0	+	0	0	11I100M418I	EU594608	FN652304
L	11505	1065	*	*	*	*	*	GU911469	*
H	11505	100	100.0	+	0	0	14I100M951I	EU594608	GU911469
L	21643	416	*	*	*	*	*	EU594608	*
H	21643	100	100.0	+	0	0	35I100M281I	EU594608	EU594608
L	19832	527	*	*	*	*	*	DQ666190	*
H	19832	100	100.0	+	0	0	41I100M386I	EU594608	DQ666190
L	19831	521	*	*	*	*	*	DQ666193	*
H	19831	100	100.0	+	0	0	39I100M382I	EU594608	DQ666193
L	21660	529	*	*	*	*	*	EU621831	*
H	21660	100	100.0	+	0	0	7I100M422I	EU621831	EU621831
L	21670	622	*	*	*	*	*	EU622277	*
H	21670	100	100.0	+	0	0	14I100M508I	EU622277	EU622277
H	542	100	95.0	+	0	0	11I100M472I	EU622277	FJ459970
H	8078	100	94.0	+	0	0	51I100M450I	EU622277	GU199417
H	24557	100	94.0	+	0	0	38I100M440I	EU622277	GU062228
H	27136	100	94.0	+	0	0	11I100M446I	EU622277	JF440589
L	21671	562	*	*	*	*	*	FJ233190	*
H	21671	100	100.0	+	0	0	11I100M451I	FJ233190	FJ233190
L	19335	576	*	*	*	*	*	GU066653	*
H	19335	100	100.0	+	0	0	9I100M467I	FJ233190	GU066653
L	16882	573	*	*	*	*	*	FJ624257	*
H	16882	100	99.0	+	0	0	50I100M423I	FJ233190	FJ624257
L	2900	558	*	*	*	*	*	GU358453	*
H	2900	100	90.0	+	0	0	10D90M468I	FJ233190	GU358453
L	26075	578	*	*	*	*	*	HQ148106	*
H	26075	100	98.0	+	0	0	10I100M468I	FJ233190	HQ148106
L	21676	634	*	*	*	*	*	EU623636	*
H	21676	100	100.0	+	0	0	100M534I	EU623636	EU623636
L	22913	634	*	*	*	*	*	FJ596916	*
H	22913	100	95.0	+	0	0	67M2I33M532I	EU623636	FJ596916
L	2814	633	*	*	*	*	*	EU623638	*
H	2814	100	91.0	+	0	0	100M533I	EU623636	EU623638
L	21679	653	*	*	*	*	*	EU623690	*
H	21679	100	100.0	+	0	0	100M553I	EU623690	EU623690
L	2818	657	*	*	*	*	*	EU623713	*
H	2818	100	100.0	+	0	0	100M557I	EU623690	EU623713
L	21680	651	*	*	*	*	*	EU623691	*
H	21680	100	95.0	+	0	0	49MI51M550I	EU623690	EU623691
L	21681	693	*	*	*	*	*	EU623724	*
H	21681	100	91.0	+	0	0	52M3D45M596I	EU623690	EU623724
L	21678	646	*	*	*	*	*	EU623685	*
H	21678	100	95.0	+	0	0	28MI23M2D47M547I	EU623690	EU623685
L	21710	769	*	*	*	*	*	EU643513	*
H	21710	100	100.0	+	0	0	100M669I	EU643513	EU643513
L	23467	932	*	*	*	*	*	FJ904978	*
H	23467	100	93.0	+	0	0	51I100M781I	EU643513	FJ904978
H	3984	100	94.0	+	0	0	26I100M583I	EU643513	EU935527
L	13179	790	*	*	*	*	*	AY916725	*
H	13179	100	91.0	+	0	0	2D49MI49M691I	EU643513	AY916725
H	22256	100	93.0	+	0	0	26I100M711I	EU643513	EU935525
H	21723	100	100.0	+	0	0	35I100M497I	GQ461911	GQ461911
H	11028	100	100.0	+	0	0	37I100M451I	GQ461911	FJ011536
H	9199	100	97.0	+	0	0	3D97M482I	GQ461911	GU256759
L	1494	522	*	*	*	*	*	EF592171	*
H	1494	100	95.0	+	0	0	11I100M411I	GQ461911	EF592171
H	1209	100	96.0	+	0	0	1718I93MD6M456I	GQ461911	GQ338244
H	21739	100	100.0	+	0	0	3I100M547I	EU655656	EU655656
H	20122	100	100.0	+	0	0	39I100M544I	EU655656	EF014276
L	28945	1261	*	*	*	*	*	EU056996	*
H	28945	100	97.0	+	0	0	5I100M1156I	EU655656	EU056996
H	1704	100	97.0	+	0	0	15I100M1145I	EU655656	EU057046
H	20909	100	97.0	+	0	0	100M1176I	EU655656	EU057038
L	13381	614	*	*	*	*	*	DQ083797	*
H	13381	100	100.0	+	0	0	18I100M496I	EU655678	DQ083797
L	21740	1292	*	*	*	*	*	EU655678	*
H	21740	100	100.0	+	0	0	5I100M1187I	EU655678	EU655678
L	28965	713	*	*	*	*	*	UDB002178	*
H	28965	100	95.0	+	0	0	32I100M581I	EU655678	UDB002178
L	16186	653	*	*	*	*	*	AF389135	*
H	16186	100	95.0	+	0	0	2D98M555I	EU655678	AF389135
L	18508	1290	*	*	*	*	*	FJ717589	*
H	18508	100	95.0	+	0	0	10I100M1180I	EU655678	FJ717589
H	21763	100	100.0	+	0	0	139I100M560I	EU669308	EU669308
H	19116	100	97.0	+	0	0	218I100M640I	EU669308	DQ097871
H	2906	100	91.0	+	0	0	2D76M2I22M786I	EU669308	EU669202
L	21781	707	*	*	*	*	*	EU669384	*
H	21781	100	100.0	+	0	0	32I100M575I	EU669384	EU669384
L	21791	793	*	*	*	*	*	EU670215	*
H	21791	100	100.0	+	0	0	429I100M264I	EU670215	EU670215
H	12243	100	99.0	+	0	0	425I71MI29M534I	EU670215	AY498676
L	15798	728	*	*	*	*	*	AF224446	*
H	15798	100	99.0	+	0	0	222I100M406I	EU670215	AF224446
H	18207	100	96.0	+	0	0	407I100M536I	EU670215	AY498659
H	12239	100	96.0	+	0	0	423I100M437I	EU670215	AY498662
L	21793	697	*	*	*	*	*	EU266105	*
H	21793	100	100.0	+	0	0	204I100M393I	EU266105	EU266105
L	21794	778	*	*	*	*	*	EU670222	*
H	21794	100	98.0	+	0	0	13MD86M679I	EU266105	EU670222
H	21791	100	95.0	+	0	0	429I100M264I	EU266105	EU670215
H	13539	100	95.0	+	0	0	407I100M407I	EU266105	AF224459
H	15798	100	94.0	+	0	0	222I100M406I	EU266105	AF224446
H	21808	100	100.0	+	0	0	100M459I	EU681303	EU681303
H	21809	100	93.0	+	0	0	I34M2D64M457I	EU681303	EU681302
H	4166	100	92.0	+	0	0	4D30M2D64M450I	EU681303	AM697818
L	21810	421	*	*	*	*	*	EU681305	*
H	21810	100	92.0	+	0	0	35M2D63M323I	EU681303	EU681305
H	21813	100	92.0	+	0	0	I35M2D63M458I	EU681303	EU681308
L	21816	545	*	*	*	*	*	EU681316	*
H	21816	100	100.0	+	0	0	100M445I	EU681316	EU681316
L	21867	720	*	*	*	*	*	EU706328	*
H	21867	100	100.0	+	0	0	40I100M580I	EU706328	EU706328
L	27773	722	*	*	*	*	*	HM049561	*
H	27773	100	97.0	+	0	0	11I56M15I44M596I	EU706328	HM049561
L	22047	534	*	*	*	*	*	EU791581	*
H	22047	100	97.0	+	0	0	51I56M15I44M368I	EU706328	EU791581
L	22754	648	*	*	*	*	*	EU706330	*
H	22754	100	92.0	+	0	0	37I46MI10M13I44M497I	EU706328	EU706330
L	21868	628	*	*	*	*	*	EU706331	*
H	21868	100	92.0	+	0	0	37I46MI10M13I44M477I	EU706328	EU706331
L	21889	787	*	*	*	*	*	UDB002436	*
H	21889	100	100.0	+	0	0	25I100M662I	UDB002436	UDB002436
H	18284	100	92.0	+	0	0	34I45MD21MD32M526I	UDB002436	AY534201
H	2164	100	91.0	+	0	0	3I45MD21MD32M1214I	UDB002436	EU486439
H	623	100	91.0	+	0	0	38I45MD23M3D28M614I	UDB002436	EF141534
H	21890	100	91.0	+	0	0	39I45MD23M3D28M608I	UDB002436	GU234147
H	21890	100	100.0	+	0	0	39I100M604I	GU234147	GU234147
H	623	100	99.0	+	0	0	38I100M610I	GU234147	EF141534
L	27531	711	*	*	*	*	*	JF908295	*
H	27531	100	93.0	+	0	0	35I65M7D16MI12M582I	GU234147	JF908295
H	15003	100	97.0	+	0	0	39I100M621I	GU234147	EF141543
H	8657	100	97.0	+	0	0	4I100M585I	GU234147	HQ650733
H	21897	100	100.0	+	0	0	38I100M1211I	HQ604851	HQ604851
L	28987	718	*	*	*	*	*	AY061667	*
H	28987	100	96.0	+	0	0	29I100M589I	HQ604851	AY061667
L	11077	957	*	*	*	*	*	FJ845433	*
H	11077	100	95.0	+	0	0	108I77M2D21M751I	HQ604851	FJ845433
H	23383	100	91.0	+	0	0	29I88M2D10M595I	HQ604851	AY061719
H	4070	100	90.0	+	0	0	29I88M2D10M617I	HQ604851	AY061717
L	21899	594	*	*	*	*	*	EU712011	*
H	21899	100	100.0	+	0	0	100M494I	EU712011	EU712011
L	21900	652	*	*	*	*	*	AF418612	*
H	21900	100	96.0	+	0	0	31I100M521I	EU712011	AF418612
L	82	268	*	*	*	*	*	DQ517365	*
H	82	100	95.0	+	0	0	18I100M150I	EU712011	DQ517365
L	21901	619	*	*	*	*	*	JF908705	*
H	21901	100	92.0	+	0	0	22I34MI66M496I	EU712011	JF908705
H	20064	100	92.0	+	0	0	11I100M537I	EU712011	DQ974761
H	21907	100	100.0	+	0	0	17I100M494I	EU714405	EU714405
L	21915	1110	*	*	*	*	*	EU715681	*
H	21915	100	100.0	+	0	0	14I100M996I	EU715681	EU715681
H	21921	100	100.0	+	0	0	100M661I	EU716330	EU716330
H	1130	100	100.0	+	0	0	38I100M534I	EU716330	EF558546
H	13530	100	99.0	+	0	0	41I75MI25M486I	EU716330	DQ132829
H	4251	100	98.0	+	0	0	20I75MI25M489I	EU716330	FJ623268
H	24135	100	98.0	+	0	0	38I75MI25M456I	EU716330	FJ610288
L	21926	621	*	*	*	*	*	EU718099	*
H	21926	100	100.0	+	0	0	51I100M470I	EU718099	EU718099
L	29210	922	*	*	*	*	*	UDB011495	*
H	29210	100	92.0	+	0	0	3I8MD14M2D75M822I	EU718099	UDB011495
L	21928	688	*	*	*	*	*	EU718103	*
H	21928	100	100.0	+	0	0	29I100M559I	EU718103	EU718103
L	21953	537	*	*	*	*	*	FJ355955	*
H	21953	100	100.0	+	0	0	100M437I	FJ355955	FJ355955
L	17008	550	*	*	*	*	*	FJ489613	*
H	17008	100	90.0	+	0	0	20M2I43M2I37M446I	FJ355955	FJ489613
L	21966	504	*	*	*	*	*	AY611087	*
H	21966	100	100.0	+	0	0	100M404I	AY611087	AY611087
L	8918	505	*	*	*	*	*	AY611098	*
H	8918	100	100.0	+	0	0	100M405I	AY611087	AY611098
L	9089	504	*	*	*	*	*	EU761218	*
H	9089	100	97.0	+	0	0	100M404I	AY611087	EU761218
L	12546	505	*	*	*	*	*	AY586575	*
H	12546	100	91.0	+	0	0	100M405I	AY611087	AY586575
H	13116	100	95.0	+	0	0	35I69MD30M504I	AY611087	DQ007033
L	21983	725	*	*	*	*	*	EU784210	*
H	21983	100	100.0	+	0	0	48I100M577I	EU784210	EU784210
L	22918	648	*	*	*	*	*	FJ596924	*
H	22918	100	90.0	+	0	0	4D50MD7MD37M554I	EU784210	FJ596924
H	21989	100	100.0	+	0	0	38I100M474I	EU784219	EU784219
H	12763	100	90.0	+	0	0	10D90M477I	EU784219	AB180682
L	21849	576	*	*	*	*	*	EU692771	*
H	21849	100	98.0	+	0	0	13I100M463I	EU784219	EU692771
H	14565	100	90.0	+	0	0	10D18MI32MI40M451I	EU784219	AB180320
L	6022	609	*	*	*	*	*	FJ896135	*
H	6022	100	98.0	+	0	0	20I28M3I72M486I	EU784219	FJ896135
L	21995	851	*	*	*	*	*	EU784255	*
H	21995	100	100.0	+	0	0	341I100M410I	EU784255	EU784255
L	3530	653	*	*	*	*	*	EU784254	*
H	3530	100	97.0	+	0	0	391I100M162I	EU784255	EU784254
L	21998	619	*	*	*	*	*	EU784271	*
H	21998	100	100.0	+	0	0	50I100M469I	EU784271	EU784271
L	22025	606	*	*	*	*	*	EU784379	*
H	22025	100	100.0	+	0	0	39I100M467I	EU784379	EU784379
H	22030	100	100.0	+	0	0	8I100M447I	EU784392	EU784392
L	22053	738	*	*	*	*	*	DQ777996	*
H	22053	100	100.0	+	0	0	29I100M609I	DQ777996	DQ777996
L	7648	737	*	*	*	*	*	DQ777998	*
H	7648	100	100.0	+	0	0	26I100M611I	DQ777996	DQ777998
L	6000	637	*	*	*	*	*	GU229821	*
H	6000	100	99.0	+	0	0	4I8MD91M534I	DQ777996	GU229821
L	2495	599	*	*	*	*	*	GQ452059	*
H	2495	100	91.0	+	0	0	9D91M508I	DQ777996	GQ452059
L	24154	653	*	*	*	*	*	AB458895	*
H	24154	100	92.0	+	0	0	27I51M2I49M524I	DQ777996	AB458895
L	22073	955	*	*	*	*	*	EU819460	*
H	22073	100	100.0	+	0	0	48I100M807I	EU819460	EU819460
L	22075	616	*	*	*	*	*	EU819488	*
H	22075	100	100.0	+	0	0	49I100M467I	EU819488	EU819488
L	17681	594	*	*	*	*	*	AY144553	*
H	17681	100	93.0	+	0	0	36I45M2D53M460I	EU819488	AY144553
L	2996	612	*	*	*	*	*	EU819412	*
H	2996	100	90.0	+	0	0	49I45M2D53M465I	EU819488	EU819412
L	10323	563	*	*	*	*	*	AY144566	*
H	10323	100	93.0	+	0	0	36I29MI23MI39M2I9M423I	EU819488	AY144566
L	22090	1142	*	*	*	*	*	FJ717558	*
H	22090	100	100.0	+	0	0	9I100M1033I	FJ717558	FJ717558
L	9300	737	*	*	*	*	*	HQ845172	*
H	9300	100	99.0	+	0	0	30I94MD5M608I	FJ717558	HQ845172
L	2269	600	*	*	*	*	*	EU525964	*
H	2269	100	98.0	+	0	0	21I29MD64MD5M481I	FJ717558	EU525964
L	1851	750	*	*	*	*	*	EU266695	*
H	1851	100	98.0	+	0	0	37I94MD5M614I	FJ717558	EU266695
L	3838	1377	*	*	*	*	*	AF430287	*
H	3838	100	98.0	+	0	0	I94MD5M1277I	FJ717558	AF430287
L	22097	2055	*	*	*	*	*	EU825953	*
H	22097	100	100.0	+	0	0	35I100M1920I	EU825953	EU825953
L	22101	2092	*	*	*	*	*	EU825961	*
H	22101	100	90.0	+	0	0	36I75M2D23M1958I	EU825953	EU825961
L	22098	2122	*	*	*	*	*	EU825958	*
H	22098	100	100.0	+	0	0	36I100M1986I	EU825958	EU825958
L	22102	2074	*	*	*	*	*	EU825963	*
H	22102	100	96.0	+	0	0	36I57MD7MD34M1940I	EU825958	EU825963
L	3055	2121	*	*	*	*	*	EU825956	*
H	3055	100	92.0	+	0	0	36I65MD34M1986I	EU825958	EU825956
H	22101	100	100.0	+	0	0	36I100M1956I	EU825961	EU825961
H	22097	100	90.0	+	0	0	35I75M2I25M1918I	EU825961	EU825953
H	22102	100	90.0	+	0	0	36I100M1938I	EU825961	EU825963
H	3055	100	90.0	+	0	0	36I57MI43M1984I	EU825961	EU825956
H	22098	100	91.0	+	0	0	36I56MI8MI36M1984I	EU825961	EU825958
H	22102	100	100.0	+	0	0	36I100M1938I	EU825963	EU825963
H	22098	100	98.0	+	0	0	36I57MI7MI36M1984I	EU825963	EU825958
H	3055	100	95.0	+	0	0	36I56MI44M1984I	EU825963	EU825956
H	22101	100	90.0	+	0	0	36I100M1956I	EU825963	EU825961
L	22111	555	*	*	*	*	*	DQ132834	*
H	22111	100	100.0	+	0	0	38I100M417I	DQ132834	DQ132834
L	13536	509	*	*	*	*	*	DQ117449	*
H	13536	100	91.0	+	0	0	8D73MI19M416I	DQ132834	DQ117449
L	25977	997	*	*	*	*	*	AY345348	*
H	25977	100	97.0	+	0	0	442I100M455I	DQ132834	AY345348
L	13534	561	*	*	*	*	*	DQ317339	*
H	13534	100	96.0	+	0	0	6I100M455I	DQ132834	DQ317339
L	5621	566	*	*	*	*	*	DQ189225	*
H	5621	100	96.0	+	0	0	11I100M455I	DQ132834	DQ189225
H	22116	100	100.0	+	0	0	29I100M633I	EU833651	EU833651
H	4449	100	98.0	+	0	0	51I100M633I	EU833651	FJ772413
L	11779	914	*	*	*	*	*	AB067724	*
H	11779	100	97.0	+	0	0	49I100M765I	EU833651	AB067724
L	3645	743	*	*	*	*	*	EU833654	*
H	3645	100	97.0	+	0	0	24I100M619I	EU833651	EU833654
H	3644	100	97.0	+	0	0	26I100M609I	EU833651	EU833653
L	22123	684	*	*	*	*	*	EU834214	*
H	22123	100	100.0	+	0	0	12I100M572I	EU834214	EU834214
H	17947	100	93.0	+	0	0	50I38MD9M2I23MD28M580I	EU834214	AY281019
L	23669	679	*	*	*	*	*	FN396126	*
H	23669	100	91.0	+	0	0	D70MD28M581I	EU834214	FN396126
H	25867	100	90.0	+	0	0	3D35MD10M2I22MD28M561I	EU834214	AF501542
H	5847	100	90.0	+	0	0	22I38MD14M4I18MD28M191I	EU834214	AY129346
L	22127	579	*	*	*	*	*	EU835480	*
H	22127	100	100.0	+	0	0	100M479I	EU835480	EU835480
L	22772	552	*	*	*	*	*	EU795708	*
H	22772	100	98.0	+	0	0	6I100M446I	EU835480	EU795708
L	11128	575	*	*	*	*	*	FJ491803	*
H	11128	100	92.0	+	0	0	13I100M462I	EU835480	FJ491803
H	18454	100	100.0	+	0	0	34I100M576I	EU851927	AY626984
H	22155	100	100.0	+	0	0	11I100M613I	EU851927	EU851927
L	22158	518	*	*	*	*	*	AF439474	*
H	22158	100	100.0	+	0	0	100M418I	AF439474	AF439474
H	22199	100	100.0	+	0	0	128I100M427I	EU882112	EU882112
H	11443	100	93.0	+	0	0	88I61M2D37M404I	EU882112	GU570536
H	9957	100	93.0	+	0	0	89I61M2D37M402I	EU882112	GU570534
L	22200	658	*	*	*	*	*	EU882115	*
H	22200	100	93.0	+	0	0	128I32M2I28M2D38M430I	EU882112	EU882115
H	10240	100	90.0	+	0	0	38I30MD29M2D38M412I	EU882112	JN225925
H	22200	100	100.0	+	0	0	128I100M430I	EU882115	EU882115
H	10240	100	94.0	+	0	0	38I30M3D67M412I	EU882115	JN225925
H	22199	100	93.0	+	0	0	128I32M2D28M2I38M427I	EU882115	EU882112
H	5247	100	90.0	+	0	0	14I30M3D32MI35M427I	EU882115	GQ241720
H	17879	100	91.0	+	0	0	11I30M3D67M428I	EU882115	EU851930
L	22253	297	*	*	*	*	*	EU935519	*
H	22253	100	100.0	+	0	0	22I100M175I	EU935519	EU935519
L	13180	836	*	*	*	*	*	AY916733	*
H	13180	100	90.0	+	0	0	13I60MD39M724I	EU935519	AY916733
L	3970	708	*	*	*	*	*	EU935483	*
H	3970	100	90.0	+	0	0	33I100M575I	EU935519	EU935483
L	23463	859	*	*	*	*	*	FJ904962	*
H	23463	100	90.0	+	0	0	11I52MD47M749I	EU935519	FJ904962
L	22260	473	*	*	*	*	*	EU935536	*
H	22260	100	100.0	+	0	0	100M373I	EU935536	EU935536
H	22257	100	99.0	+	0	0	29I100M521I	EU935536	EU935532
H	3984	100	98.0	+	0	0	36I100M573I	EU935536	EU935527
L	3983	784	*	*	*	*	*	EU935526	*
H	3983	100	98.0	+	0	0	2I100M682I	EU935536	EU935526
H	22256	100	97.0	+	0	0	36I100M701I	EU935536	EU935525
L	22290	541	*	*	*	*	*	FJ000395	*
H	22290	100	100.0	+	0	0	100M441I	FJ000395	FJ000395
L	22295	584	*	*	*	*	*	EF989107	*
H	22295	100	100.0	+	0	0	35I100M449I	EF989107	EF989107
L	27407	2044	*	*	*	*	*	FJ009609	*
H	27407	100	95.0	+	0	0	1503I42M4D54M445I	EF989107	FJ009609
H	9648	100	95.0	+	0	0	35I23MI19M4D54M438I	EF989107	AJ504640
L	27405	962	*	*	*	*	*	JF820469	*
H	27405	100	93.0	+	0	0	437I40M4D56M429I	EF989107	JF820469
L	3499	903	*	*	*	*	*	AJ968409	*
H	3499	100	95.0	+	0	0	393I41M4D55M414I	EF989107	AJ968409
L	22308	630	*	*	*	*	*	FJ023539	*
H	22308	100	100.0	+	0	0	114I100M416I	FJ023539	FJ023539
L	22307	635	*	*	*	*	*	GQ852825	*
H	22307	100	94.0	+	0	0	120I60M2D29MI9M416I	FJ023539	GQ852825
L	22776	641	*	*	*	*	*	FJ493185	*
H	22776	100	93.0	+	0	0	118I57MD34MI8M423I	FJ023539	FJ493185
L	21878	1436	*	*	*	*	*	EU707867	*
H	21878	100	93.0	+	0	0	64I93MI7M1271I	FJ023539	EU707867
L	22154	539	*	*	*	*	*	EU851925	*
H	22154	100	92.0	+	0	0	12I100M427I	FJ023539	EU851925
L	22339	1154	*	*	*	*	*	FJ039687	*
H	22339	100	100.0	+	0	0	100M1054I	FJ039687	FJ039687
L	7418	664	*	*	*	*	*	AF501548	*
H	7418	100	91.0	+	0	0	52I100M512I	FJ039687	AF501548
L	27717	624	*	*	*	*	*	JN021026	*
H	27717	100	95.0	+	0	0	41I16MD83M484I	FJ039687	JN021026
L	17665	310	*	*	*	*	*	AY129344	*
H	17665	100	95.0	+	0	0	77I16MD83M134I	FJ039687	AY129344
L	21426	658	*	*	*	*	*	EU518422	*
H	21426	100	92.0	+	0	0	40I17MD82M519I	FJ039687	EU518422
L	22382	692	*	*	*	*	*	FJ167624	*
H	22382	100	100.0	+	0	0	100M592I	FJ167624	FJ167624
H	13176	100	93.0	+	0	0	22I90MI10M688I	FJ167624	AY916701
L	22390	673	*	*	*	*	*	FJ167665	*
H	22390	100	100.0	+	0	0	100M573I	FJ167665	FJ167665
L	22388	719	*	*	*	*	*	FJ167663	*
H	22388	100	92.0	+	0	0	100M619I	FJ167665	FJ167663
L	12495	741	*	*	*	*	*	AY571032	*
H	12495	100	91.0	+	0	0	47I24MI76M593I	FJ167665	AY571032
L	22389	718	*	*	*	*	*	FJ167664	*
H	22389	100	91.0	+	0	0	100M618I	FJ167665	FJ167664
L	22410	526	*	*	*	*	*	GQ293955	*
H	22410	100	100.0	+	0	0	100M426I	GQ293955	GQ293955
L	8622	511	*	*	*	*	*	AJ302463	*
H	8622	100	97.0	+	0	0	D99M412I	GQ293955	AJ302463
L	23186	515	*	*	*	*	*	FJ800519	*
H	23186	100	91.0	+	0	0	100M415I	GQ293955	FJ800519
L	9623	526	*	*	*	*	*	GQ293958	*
H	9623	100	96.0	+	0	0	100M426I	GQ293955	GQ293958
L	5678	563	*	*	*	*	*	FJ790858	*
H	5678	100	96.0	+	0	0	21I76M10I24M432I	GQ293955	FJ790858
L	22416	545	*	*	*	*	*	FJ746669	*
H	22416	100	100.0	+	0	0	100M445I	FJ746669	FJ746669
L	1834	518	*	*	*	*	*	AF192323	*
H	1834	100	97.0	+	0	0	3I22MD77M416I	FJ746669	AF192323
H	19016	100	97.0	+	0	0	5I22MD77M446I	FJ746669	GQ293947
L	10673	525	*	*	*	*	*	AJ302443	*
H	10673	100	96.0	+	0	0	4I22MD77M422I	FJ746669	AJ302443
H	7128	100	96.0	+	0	0	5I21M2D77M451I	FJ746669	EU835166
L	22422	706	*	*	*	*	*	FJ178363	*
H	22422	100	100.0	+	0	0	32I100M574I	FJ178363	FJ178363
H	3417	100	95.0	+	0	0	27I7MD9M2D17MD63M573I	FJ178363	FJ178369
L	3415	666	*	*	*	*	*	FJ178364	*
H	3415	100	90.0	+	0	0	31I6MI15MI79M533I	FJ178363	FJ178364
L	22447	827	*	*	*	*	*	FJ196781	*
H	22447	100	100.0	+	0	0	12I100M715I	FJ196781	FJ196781
L	22449	734	*	*	*	*	*	FJ196784	*
H	22449	100	100.0	+	0	0	12I100M622I	FJ196784	FJ196784
H	22476	100	100.0	+	0	0	50I100M418I	FJ210494	FJ210494
H	20555	100	100.0	+	0	0	32I100M460I	FJ210494	GU183167
H	17266	100	100.0	+	0	0	61I100M234I	FJ210494	AM159636
H	24330	100	100.0	+	0	0	11I100M133I	FJ210494	AY228764
H	2622	100	100.0	+	0	0	34I100M460I	FJ210494	EU520187
H	8175	100	100.0	+	0	0	28I100M397I	FJ210519	EU551207
H	24006	100	100.0	+	0	0	11I100M989I	FJ210519	HQ130700
H	22478	100	100.0	+	0	0	52I100M380I	FJ210519	FJ210519
H	22316	100	100.0	+	0	0	29I100M390I	FJ210519	EU551212
L	3760	500	*	*	*	*	*	FJ430778	*
H	3760	100	99.0	+	0	0	22I100M378I	FJ210519	FJ430778
H	22480	100	100.0	+	0	0	43I100M481I	FJ210528	FJ210528
H	17048	100	92.0	+	0	0	4D65MD30M448I	FJ210528	EU343851
L	18940	586	*	*	*	*	*	FJ623611	*
H	18940	100	93.0	+	0	0	13I72MD27M474I	FJ210528	FJ623611
H	7525	100	92.0	+	0	0	4I27MI26MI31M3I16M476I	FJ210528	EU343861
L	12979	619	*	*	*	*	*	FJ172253	*
H	12979	100	93.0	+	0	0	21I78M2D20M500I	FJ210528	FJ172253
L	22482	500	*	*	*	*	*	FJ210536	*
H	22482	100	100.0	+	0	0	43I100M357I	FJ210536	FJ210536
L	15639	550	*	*	*	*	*	DQ780444	*
H	15639	100	96.0	+	0	0	4D96M454I	FJ210536	DQ780444
H	14862	100	95.0	+	0	0	D36M2D61M447I	FJ210536	DQ780445
L	23395	526	*	*	*	*	*	FJ884194	*
H	23395	100	95.0	+	0	0	37M2D61M428I	FJ210536	FJ884194
H	15642	100	93.0	+	0	0	3D34M2D61M474I	FJ210536	AF163034
H	22485	100	100.0	+	0	0	46I100M368I	FJ210559	FJ210559
H	4558	100	98.0	+	0	0	44I100M329I	FJ210559	FJ210606
H	22487	100	98.0	+	0	0	44I100M375I	FJ210559	FJ210586
H	4557	100	96.0	+	0	0	46I100M322I	FJ210559	FJ210632
H	22175	100	98.0	+	0	0	8I100M348I	FJ210559	EF694633
H	27781	100	100.0	+	0	0	22I100M590I	FJ236315	EF429208
H	22533	100	100.0	+	0	0	11I100M571I	FJ236315	FJ236315
H	27649	100	99.0	+	0	0	23I84MD15M615I	FJ236315	JF701748
H	20488	100	99.0	+	0	0	11I84MD15M602I	FJ236315	FJ440211
H	3850	100	96.0	+	0	0	11I84MD15M591I	FJ236315	FJ440209
L	22577	688	*	*	*	*	*	FJ375248	*
H	22577	100	100.0	+	0	0	11I100M577I	FJ375248	FJ375248
L	22578	672	*	*	*	*	*	FJ375249	*
H	22578	100	98.0	+	0	0	11I100M561I	FJ375248	FJ375249
L	25820	827	*	*	*	*	*	FJ774073	*
H	25820	100	98.0	+	0	0	26I100M701I	FJ375248	FJ774073
L	22575	682	*	*	*	*	*	FJ375246	*
H	22575	100	97.0	+	0	0	10I53MD34MI12M572I	FJ375248	FJ375246
L	29294	699	*	*	*	*	*	JF908630	*
H	29294	100	97.0	+	0	0	32I100M567I	FJ375248	JF908630
L	22580	665	*	*	*	*	*	JQ801386	*
H	22580	100	100.0	+	0	0	40I100M525I	JQ801386	JQ801386
L	24818	717	*	*	*	*	*	GU233367	*
H	24818	100	92.0	+	0	0	41I50M12I50M564I	JQ801386	GU233367
L	8427	1235	*	*	*	*	*	EU486457	*
H	8427	100	93.0	+	0	0	6I49MI51M1128I	JQ801386	EU486457
L	28886	662	*	*	*	*	*	JF908145	*
H	28886	100	92.0	+	0	0	34I45MD54M529I	JQ801386	JF908145
L	10495	622	*	*	*	*	*	JF908117	*
H	10495	100	92.0	+	0	0	37I26MI74M484I	JQ801386	JF908117
L	22636	646	*	*	*	*	*	FJ431223	*
H	22636	100	100.0	+	0	0	26I100M520I	FJ431223	FJ431223
L	22635	626	*	*	*	*	*	FJ431222	*
H	22635	100	98.0	+	0	0	20I70MD29M507I	FJ431223	FJ431222
L	22647	646	*	*	*	*	*	FJ431240	*
H	22647	100	97.0	+	0	0	26I100M520I	FJ431223	FJ431240
L	4947	649	*	*	*	*	*	FJ431263	*
H	4947	100	98.0	+	0	0	26I100M523I	FJ431223	FJ431263
L	4946	642	*	*	*	*	*	FJ431257	*
H	4946	100	97.0	+	0	0	18I100M524I	FJ431223	FJ431257
L	22678	1028	*	*	*	*	*	FJ438390	*
H	22678	100	100.0	+	0	0	461I100M467I	FJ438390	FJ438390
L	8957	710	*	*	*	*	*	FR716679	*
H	8957	100	98.0	+	0	0	121I100M489I	FJ438390	FR716679
L	8955	706	*	*	*	*	*	FR716677	*
H	8955	100	96.0	+	0	0	117I100M489I	FJ438390	FR716677
L	8958	740	*	*	*	*	*	FR716683	*
H	8958	100	92.0	+	0	0	157I100M483I	FJ438390	FR716683
L	8956	1169	*	*	*	*	*	FR716676	*
H	8956	100	95.0	+	0	0	588I100M481I	FJ438390	FR716676
L	22693	560	*	*	*	*	*	FJ441622	*
H	22693	100	100.0	+	0	0	39I100M421I	FJ441622	FJ441622
L	2684	612	*	*	*	*	*	EU664474	*
H	2684	100	100.0	+	0	0	11I100M501I	FJ441640	EU664474
L	3101	2016	*	*	*	*	*	EU883597	*
H	3101	100	100.0	+	0	0	1770I100M146I	FJ441640	EU883597
L	22697	562	*	*	*	*	*	FJ441640	*
H	22697	100	100.0	+	0	0	23I100M439I	FJ441640	FJ441640
L	11032	549	*	*	*	*	*	JN021545	*
H	11032	100	99.0	+	0	0	36I100M413I	FJ441640	JN021545
L	11031	550	*	*	*	*	*	JN021544	*
H	11031	100	93.0	+	0	0	37I100M413I	FJ441640	JN021544
L	22735	544	*	*	*	*	*	FJ480106	*
H	22735	100	100.0	+	0	0	8I100M436I	FJ480106	FJ480106
L	3924	535	*	*	*	*	*	FJ480127	*
H	3924	100	98.0	+	0	0	7I100M428I	FJ480106	FJ480127
L	28389	532	*	*	*	*	*	FJ480137	*
H	28389	100	98.0	+	0	0	7I100M425I	FJ480106	FJ480137
L	22736	543	*	*	*	*	*	FJ480118	*
H	22736	100	96.0	+	0	0	5I100M438I	FJ480106	FJ480118
L	27934	566	*	*	*	*	*	JN225882	*
H	27934	100	96.0	+	0	0	36I70MI30M429I	FJ480106	JN225882
L	22740	953	*	*	*	*	*	FJ480441	*
H	22740	100	100.0	+	0	0	100M853I	FJ480441	FJ480441
L	22742	840	*	*	*	*	*	FJ480445	*
H	22742	100	100.0	+	0	0	100M740I	FJ480445	FJ480445
H	21110	100	94.0	+	0	0	44I25MD18MD20MI35M641I	FJ480445	GQ984158
H	16943	100	94.0	+	0	0	58I25MD18MD20MI35M61I	FJ480445	AJ416955
H	1238	100	94.0	+	0	0	47I25MD18MD20MI35M666I	FJ480445	DQ131610
L	23410	357	*	*	*	*	*	JF907797	*
H	23410	100	92.0	+	0	0	2D23MD18MD20MI35M260I	FJ480445	JF907797
L	22743	625	*	*	*	*	*	FJ596863	*
H	22743	100	100.0	+	0	0	100M525I	FJ596863	FJ596863
L	16502	2428	*	*	*	*	*	AF487276	*
H	16502	100	100.0	+	0	0	2244I100M84I	FJ177480	AF487276
L	22744	557	*	*	*	*	*	FJ177480	*
H	22744	100	100.0	+	0	0	25I100M432I	FJ177480	FJ177480
H	14334	100	97.0	+	0	0	1771I100M85I	FJ177480	AF487273
H	5231	100	97.0	+	0	0	362I100M741I	FJ177480	FJ545309
H	5232	100	97.0	+	0	0	25I100M433I	FJ177480	FJ177506
H	17834	100	99.0	+	0	0	37I100M490I	FJ481018	AY433811
H	22747	100	100.0	+	0	0	35I100M533I	FJ481018	FJ481018
H	17821	100	94.0	+	0	0	6D94M489I	FJ481018	AY219347
H	17836	100	98.0	+	0	0	18I8MD91M534I	FJ481018	FJ228210
H	23171	100	97.0	+	0	0	21I100M504I	FJ481018	FJ791134
H	22754	100	100.0	+	0	0	37I100M511I	EU706330	EU706330
H	21868	100	100.0	+	0	0	37I100M491I	EU706330	EU706331
H	27773	100	94.0	+	0	0	11I44MD21M2I34M610I	EU706330	HM049561
H	22047	100	94.0	+	0	0	51I44MD21M2I34M382I	EU706330	EU791581
L	19756	1191	*	*	*	*	*	DQ533974	*
H	19756	100	91.0	+	0	0	35I44MD55M1057I	EU706330	DQ533974
L	22778	585	*	*	*	*	*	FJ493188	*
H	22778	100	100.0	+	0	0	53I100M432I	FJ493188	FJ493188
L	22779	633	*	*	*	*	*	FJ493189	*
H	22779	100	99.0	+	0	0	121I100M412I	FJ493188	FJ493189
H	22835	100	100.0	+	0	0	24I100M489I	FJ538367	FJ538367
H	14478	100	95.0	+	0	0	24I100M490I	FJ538367	FJ538353
H	639	100	93.0	+	0	0	24I34MI55MD10M483I	FJ538367	FJ538352
H	12721	100	92.0	+	0	0	34I34MI66M532I	FJ538367	AB179774
H	5278	100	90.0	+	0	0	2D32MI43MD22M1118I	FJ538367	AB454350
L	22850	612	*	*	*	*	*	JQ712009	*
H	22850	100	100.0	+	0	0	50I100M462I	JQ712009	JQ712009
L	22854	631	*	*	*	*	*	EF458018	*
H	22854	100	97.0	+	0	0	I100M530I	JQ712009	EF458018
L	13241	951	*	*	*	*	*	FJ845441	*
H	13241	100	97.0	+	0	0	117I100M734I	JQ712009	FJ845441
L	23790	653	*	*	*	*	*	DQ179130	*
H	23790	100	96.0	+	0	0	16I100M537I	JQ712009	DQ179130
L	847	817	*	*	*	*	*	DQ988251	*
H	847	100	96.0	+	0	0	12I100M705I	JQ712009	DQ988251
L	22867	506	*	*	*	*	*	EF160066	*
H	22867	100	100.0	+	0	0	100M406I	EF160066	EF160066
L	21223	502	*	*	*	*	*	EU314707	*
H	21223	100	94.0	+	0	0	2I18MI29MI53M398I	EF160066	EU314707
L	27592	808	*	*	*	*	*	JF908572	*
H	27592	100	93.0	+	0	0	350I18MI29MI43MI10M355I	EF160066	JF908572
L	26540	474	*	*	*	*	*	AY465471	*
H	26540	100	92.0	+	0	0	D21MI78M374I	EF160066	AY465471
L	18171	473	*	*	*	*	*	AY465455	*
H	18171	100	91.0	+	0	0	D17MI82M373I	EF160066	AY465455
H	22870	100	100.0	+	0	0	27I100M420I	EF601602	EF601602
H	3190	100	98.0	+	0	0	12I100M441I	EF601602	GQ152145
H	22289	100	98.0	+	0	0	100M428I	EF601602	FJ000382
L	28099	526	*	*	*	*	*	GQ152149	*
H	28099	100	96.0	+	0	0	3D97M429I	EF601602	GQ152149
H	11267	100	97.0	+	0	0	38I100M432I	EF601602	JN995644
L	22879	670	*	*	*	*	*	FJ572263	*
H	22879	100	100.0	+	0	0	25I100M545I	FJ572263	FJ572263
L	22887	568	*	*	*	*	*	FJ595483	*
H	22887	100	100.0	+	0	0	15I100M453I	FJ595483	FJ595483
L	22906	631	*	*	*	*	*	FJ596888	*
H	22906	100	100.0	+	0	0	100M531I	FJ596888	FJ596888
L	4439	828	*	*	*	*	*	FJ785523	*
H	4439	100	95.0	+	0	0	14I24MI58MD17M714I	FJ596888	FJ785523
L	27570	793	*	*	*	*	*	JF908479	*
H	27570	100	96.0	+	0	0	34I24MI58MD17M659I	FJ596888	JF908479
L	27571	756	*	*	*	*	*	JF908389	*
H	27571	100	96.0	+	0	0	29I24MI58MD17M627I	FJ596888	JF908389
L	28914	651	*	*	*	*	*	UDB001611	*
H	28914	100	96.0	+	0	0	17I82MD17M535I	FJ596888	UDB001611
L	22909	733	*	*	*	*	*	FJ596894	*
H	22909	100	100.0	+	0	0	100M633I	FJ596894	FJ596894
H	22721	100	90.0	+	0	0	94I21M3I48MD11MD18M672I	FJ596894	FJ467354
L	16542	756	*	*	*	*	*	FJ596766	*
H	16542	100	90.0	+	0	0	21M3I48MD11MD18M655I	FJ596894	FJ596766
L	1928	755	*	*	*	*	*	FJ596767	*
H	1928	100	90.0	+	0	0	21M3I48MD11MD18M654I	FJ596894	FJ596767
L	22914	542	*	*	*	*	*	FJ596917	*
H	22914	100	100.0	+	0	0	100M442I	FJ596917	FJ596917
L	22935	560	*	*	*	*	*	EF423531	*
H	22935	100	100.0	+	0	0	36I100M424I	EF423531	EF423531
L	10351	607	*	*	*	*	*	FJ799949	*
H	10351	100	99.0	+	0	0	36I100M471I	EF423531	FJ799949
L	3896	582	*	*	*	*	*	EF026121	*
H	3896	100	90.0	+	0	0	11I28MI72M470I	EF423531	EF026121
L	22934	604	*	*	*	*	*	FJ799948	*
H	22934	100	91.0	+	0	0	36I81MI19M467I	EF423531	FJ799948
L	22064	583	*	*	*	*	*	AB449098	*
H	22064	100	92.0	+	0	0	11I75MI25M471I	EF423531	AB449098
L	22949	481	*	*	*	*	*	FJ623598	*
H	22949	100	100.0	+	0	0	13I100M368I	FJ623598	FJ623598
L	22953	450	*	*	*	*	*	FJ623603	*
H	22953	100	100.0	+	0	0	13I100M337I	FJ623603	FJ623603
L	22954	452	*	*	*	*	*	FJ623604	*
H	22954	100	90.0	+	0	0	13I49M2I51M337I	FJ623603	FJ623604
L	22956	364	*	*	*	*	*	FJ623606	*
H	22956	100	100.0	+	0	0	13I100M251I	FJ623606	FJ623606
L	22963	542	*	*	*	*	*	FJ623630	*
H	22963	100	100.0	+	0	0	13I100M429I	FJ623630	FJ623630
L	22990	591	*	*	*	*	*	FJ644287	*
H	22990	100	100.0	+	0	0	100M491I	FJ644287	FJ644287
L	22989	621	*	*	*	*	*	FJ644285	*
H	22989	100	95.0	+	0	0	100M521I	FJ644287	FJ644285
L	22993	2524	*	*	*	*	*	FJ645264	*
H	22993	100	100.0	+	0	0	302I100M2122I	FJ645264	FJ645264
H	23007	100	100.0	+	0	0	11I100M486I	FJ664551	FJ664551
H	12282	100	92.0	+	0	0	12I100M515I	FJ664551	AY555731
L	23032	609	*	*	*	*	*	FJ708839	*
H	23032	100	100.0	+	0	0	15I100M494I	FJ708839	FJ708839
L	28651	609	*	*	*	*	*	FJ708870	*
H	28651	100	100.0	+	0	0	15I57MI43M493I	FJ708839	FJ708870
H	23035	100	100.0	+	0	0	15I100M526I	FJ709030	FJ709030
L	17921	636	*	*	*	*	*	FJ708921	*
H	17921	100	96.0	+	0	0	15I71MD28M522I	FJ709030	FJ708921
L	23036	679	*	*	*	*	*	FJ709033	*
H	23036	100	96.0	+	0	0	I36M2I42M2I22M574I	FJ709030	FJ709033
L	17915	633	*	*	*	*	*	FJ708950	*
H	17915	100	94.0	+	0	0	15I71MD28M519I	FJ709030	FJ708950
H	17917	100	93.0	+	0	0	15I70MD29M509I	FJ709030	FJ708913
L	23098	620	*	*	*	*	*	FJ769615	*
H	23098	100	100.0	+	0	0	100M520I	FJ769615	FJ769615
L	23094	619	*	*	*	*	*	FJ769609	*
H	23094	100	94.0	+	0	0	I100M518I	FJ769615	FJ769609
L	28424	598	*	*	*	*	*	JQ317500	*
H	28424	100	93.0	+	0	0	D99M499I	FJ769615	JQ317500
L	4482	622	*	*	*	*	*	FJ769698	*
H	4482	100	92.0	+	0	0	2I100M520I	FJ769615	FJ769698
L	23089	623	*	*	*	*	*	FJ769594	*
H	23089	100	94.0	+	0	0	I14MI86M521I	FJ769615	FJ769594
L	4826	614	*	*	*	*	*	FJ872075	*
H	4826	100	100.0	+	0	0	52I100M462I	FJ791148	FJ872075
L	28548	316	*	*	*	*	*	U38798	*
H	28548	100	100.0	+	0	0	98I100M118I	FJ791148	U38798
L	23176	602	*	*	*	*	*	FJ791148	*
H	23176	100	100.0	+	0	0	19I100M483I	FJ791148	FJ791148
L	28558	312	*	*	*	*	*	U38898	*
H	28558	100	92.0	+	0	0	98I90MD9M115I	FJ791148	U38898
L	23180	573	*	*	*	*	*	FJ797880	*
H	23180	100	100.0	+	0	0	37I100M436I	FJ797880	FJ797880
L	8888	613	*	*	*	*	*	GU979031	*
H	8888	100	98.0	+	0	0	24I100M489I	FJ797880	GU979031
H	25285	100	94.0	+	0	0	11I82MI18M134I	FJ797880	DQ478662
L	23199	518	*	*	*	*	*	AY821864	*
H	23199	100	100.0	+	0	0	50I100M368I	AY821864	AY821864
L	26205	544	*	*	*	*	*	HQ248204	*
H	26205	100	97.0	+	0	0	11I100M433I	AY821864	HQ248204
L	23222	672	*	*	*	*	*	EU350580	*
H	23222	100	100.0	+	0	0	100M572I	EU350580	EU350580
H	8241	100	91.0	+	0	0	40I85MD14M1213I	EU350580	HQ604844
H	209	100	91.0	+	0	0	31I85MD14M649I	EU350580	DQ777971
H	3002	100	91.0	+	0	0	51I85MD14M594I	EU350580	EU819427
H	5999	100	90.0	+	0	0	40I50M7I50M579I	EU350580	GU229820
L	23228	461	*	*	*	*	*	AJ309808	*
H	23228	100	100.0	+	0	0	100M361I	AJ309808	AJ309808
L	2381	894	*	*	*	*	*	EU484271	*
H	2381	100	100.0	+	0	0	28I14M3I47M3I39M760I	AJ309808	EU484271
L	23242	671	*	*	*	*	*	FJ822974	*
H	23242	100	100.0	+	0	0	100M571I	FJ822974	FJ822974
L	23244	447	*	*	*	*	*	FJ824630	*
H	23244	100	100.0	+	0	0	11I100M336I	FJ824630	FJ824630
L	23251	864	*	*	*	*	*	FJ825371	*
H	23251	100	100.0	+	0	0	12I100M752I	FJ825371	FJ825371
L	23250	915	*	*	*	*	*	FJ825370	*
H	23250	100	95.0	+	0	0	411I100M404I	FJ825371	FJ825370
L	23276	588	*	*	*	*	*	FJ839635	*
H	23276	100	100.0	+	0	0	69I100M419I	FJ839635	FJ839635
L	23275	600	*	*	*	*	*	FJ839634	*
H	23275	100	94.0	+	0	0	80I38MI62M419I	FJ839635	FJ839634
L	23294	988	*	*	*	*	*	FJ845414	*
H	23294	100	100.0	+	0	0	108I100M780I	FJ845414	FJ845414
H	26462	100	93.0	+	0	0	38I48M4I45MD6M1188I	FJ845414	HQ604084
H	27523	100	94.0	+	0	0	8I48M7I45MD6M185I	FJ845414	JF908258
H	24272	100	95.0	+	0	0	5I57MI36MD6M545I	FJ845414	UDB011885
H	26463	100	93.0	+	0	0	38I51MD41MD6M1169I	FJ845414	HQ604090
L	23302	740	*	*	*	*	*	FJ845448	*
H	23302	100	100.0	+	0	0	84I100M556I	FJ845448	FJ845448
L	1742	962	*	*	*	*	*	FJ845444	*
H	1742	100	99.0	+	0	0	106I100M756I	FJ845448	FJ845444
L	22690	288	*	*	*	*	*	DQ517422	*
H	22690	100	97.0	+	0	0	2D98M190I	FJ845448	DQ517422
L	3714	623	*	*	*	*	*	AF349705	*
H	3714	100	99.0	+	0	0	3I100M520I	FJ845448	AF349705
L	21594	974	*	*	*	*	*	FJ845446	*
H	21594	100	99.0	+	0	0	106I85MI15M767I	FJ845448	FJ845446
L	23338	599	*	*	*	*	*	FJ869342	*
H	23338	100	100.0	+	0	0	100M499I	FJ869342	FJ869342
L	18234	610	*	*	*	*	*	AY513226	*
H	18234	100	97.0	+	0	0	15MI30MD41MD12M511I	FJ869342	AY513226
L	18233	614	*	*	*	*	*	AY513225	*
H	18233	100	97.0	+	0	0	45M3I42MD12M512I	FJ869342	AY513225
L	18235	615	*	*	*	*	*	AY513231	*
H	18235	100	93.0	+	0	0	21MI31M3D32MD12M518I	FJ869342	AY513231
L	8592	597	*	*	*	*	*	AY513227	*
H	8592	100	93.0	+	0	0	51MD35MD12M499I	FJ869342	AY513227
L	23369	513	*	*	*	*	*	FJ873575	*
H	23369	100	100.0	+	0	0	100M413I	FJ873575	FJ873575
H	23383	100	100.0	+	0	0	29I100M593I	AY061719	AY061719
H	253	100	92.0	+	0	0	6D94M562I	AY061719	EU598180
H	213	100	97.0	+	0	0	29I100M504I	AY061719	DQ777981
L	6622	722	*	*	*	*	*	AY061696	*
H	6622	100	97.0	+	0	0	29I100M593I	AY061719	AY061696
H	11077	100	97.0	+	0	0	108I100M749I	AY061719	FJ845433
L	23403	1363	*	*	*	*	*	FJ888524	*
H	23403	100	100.0	+	0	0	I100M1262I	FJ888524	FJ888524
L	4620	713	*	*	*	*	*	JF908116	*
H	4620	100	100.0	+	0	0	44I100M569I	HM209796	JF908116
L	23412	867	*	*	*	*	*	HM209796	*
H	23412	100	100.0	+	0	0	39I100M728I	HM209796	HM209796
L	10513	632	*	*	*	*	*	JF908233	*
H	10513	100	94.0	+	0	0	3D22MI23MI52M533I	HM209796	JF908233
L	4765	642	*	*	*	*	*	HQ215781	*
H	4765	100	93.0	+	0	0	10I25MD55MD18M534I	HM209796	HQ215781
L	10489	676	*	*	*	*	*	JF908099	*
H	10489	100	91.0	+	0	0	48I25MD55MD18M530I	HM209796	JF908099
L	23426	943	*	*	*	*	*	AF335456	*
H	23426	100	100.0	+	0	0	7I100M836I	AF335456	AF335456
L	2798	395	*	*	*	*	*	AY456376	*
H	2798	100	99.0	+	0	0	9I14MI86M285I	AF335456	AY456376
H	5852	100	97.0	+	0	0	14I14MI20MI17MD48M469I	AF335456	AJ534709
H	22163	100	96.0	+	0	0	14I14MI20MI17MD48M528I	AF335456	HQ215766
H	3819	100	92.0	+	0	0	13I14MI22MI15MD48M627I	AF335456	EU862220
H	23452	100	100.0	+	0	0	42I100M1916I	FJ904180	FJ904180
L	13667	591	*	*	*	*	*	EF452453	*
H	13667	100	100.0	+	0	0	27I100M464I	FJ907537	EF452453
L	23471	600	*	*	*	*	*	FJ907537	*
H	23471	100	100.0	+	0	0	51I100M449I	FJ907537	FJ907537
L	23484	770	*	*	*	*	*	FJ917624	*
H	23484	100	100.0	+	0	0	12I100M658I	FJ917624	FJ917624
L	23522	493	*	*	*	*	*	FJ228181	*
H	23522	100	100.0	+	0	0	22I100M371I	FJ228181	FJ228181
L	23530	421	*	*	*	*	*	EU343808	*
H	23530	100	100.0	+	0	0	18I100M303I	EU343808	EU343808
L	23533	627	*	*	*	*	*	EU343826	*
H	23533	100	100.0	+	0	0	18I100M509I	EU343826	EU343826
L	11305	652	*	*	*	*	*	AB513337	*
H	11305	100	96.0	+	0	0	36I60MI25MI15M514I	EU343826	AB513337
L	23551	495	*	*	*	*	*	FR667997	*
H	23551	100	100.0	+	0	0	100M395I	FR667997	FR667997
L	21143	512	*	*	*	*	*	EU254919	*
H	21143	100	98.0	+	0	0	2D98M414I	FR667997	EU254919
H	2167	100	96.0	+	0	0	2D98M422I	FR667997	EU199190
L	2335	501	*	*	*	*	*	EU254988	*
H	2335	100	95.0	+	0	0	2D98M403I	FR667997	EU254988
L	21141	518	*	*	*	*	*	EU254870	*
H	21141	100	95.0	+	0	0	2D98M420I	FR667997	EU254870
L	23577	734	*	*	*	*	*	FM213348	*
H	23577	100	100.0	+	0	0	100M634I	FM213348	FM213348
H	3008	100	97.0	+	0	0	63I100M561I	FM213348	EU819441
L	23580	644	*	*	*	*	*	AF444551	*
H	23580	100	100.0	+	0	0	11I100M533I	AF444551	AF444551
L	16349	647	*	*	*	*	*	AF444553	*
H	16349	100	95.0	+	0	0	11I47MI53M535I	AF444551	AF444553
L	12712	656	*	*	*	*	*	AY789077	*
H	12712	100	95.0	+	0	0	38I47MI53M517I	AF444551	AY789077
L	23590	597	*	*	*	*	*	AJ890366	*
H	23590	100	100.0	+	0	0	11I100M486I	AJ890366	AJ890366
L	3640	1829	*	*	*	*	*	FM876795	*
H	3640	100	98.0	+	0	0	272I66MI17MD16M1457I	AJ890366	FM876795
L	17112	954	*	*	*	*	*	FN423686	*
H	17112	100	94.0	+	0	0	417I23MI42MD17M2D15M439I	AJ890366	FN423686
L	8798	604	*	*	*	*	*	GQ388717	*
H	8798	100	91.0	+	0	0	35I23MD20MD43M2D10M473I	AJ890366	GQ388717
H	15112	100	92.0	+	0	0	11I23MD20MD16MD26MD11M476I	AJ890366	AJ919277
L	23644	484	*	*	*	*	*	FN293018	*
H	23644	100	100.0	+	0	0	13I100M371I	FN293018	FN293018
L	23651	645	*	*	*	*	*	GU979083	*
H	23651	100	100.0	+	0	0	36I100M509I	GU979083	GU979083
H	8892	100	93.0	+	0	0	35I100M513I	GU979083	FJ455097
H	13849	100	90.0	+	0	0	42I100M506I	GU979083	DQ329367
H	555	100	100.0	+	0	0	16I100M392I	FJ515175	EF126368
H	23702	100	100.0	+	0	0	9I100M422I	FJ515175	FJ515175
H	6445	100	100.0	+	0	0	35I100M398I	FJ515175	AB085803
H	10336	100	96.0	+	0	0	13I68MI32M397I	FJ515175	EF569591
H	19815	100	96.0	+	0	0	32I68MI32M376I	FJ515175	DQ659337
L	23722	511	*	*	*	*	*	FN435734	*
H	23722	100	100.0	+	0	0	100M411I	FN435734	FN435734
L	12273	513	*	*	*	*	*	AY805591	*
H	12273	100	90.0	+	0	0	5D70MI14MI11M416I	FN435734	AY805591
H	23746	100	100.0	+	0	0	272I100M1110I	FN547586	FN547586
H	23743	100	99.0	+	0	0	272I100M1106I	FN547586	FN547575
H	23747	100	94.0	+	0	0	272I68M3D29M1110I	FN547586	FN547588
L	23744	1430	*	*	*	*	*	FN547572	*
H	23744	100	92.0	+	0	0	222I18MI45M4D33M1111I	FN547586	FN547572
H	1688	100	97.0	+	0	0	11I18MI44MI21M10I17M385I	FN547586	AY035660
L	23760	1931	*	*	*	*	*	FN550888	*
H	23760	100	100.0	+	0	0	46I100M1785I	FN550888	FN550888
L	23765	1828	*	*	*	*	*	FN550913	*
H	23765	100	100.0	+	0	0	41I100M1687I	FN550913	FN550913
L	17427	1934	*	*	*	*	*	AM882733	*
H	17427	100	93.0	+	0	0	16I22M2I16M3I14M9I48M1804I	FN550913	AM882733
H	26480	100	93.0	+	0	0	46I23MI27M2I50M1825I	FN550913	FN550899
H	8372	100	93.0	+	0	0	3I8MI14M2I28M8I50M536I	FN550913	EU525945
H	8396	100	92.0	+	0	0	38I8MI14M2I31M5I47M1159I	FN550913	HQ604510
H	23790	100	100.0	+	0	0	16I100M537I	DQ179130	DQ179130
H	22850	100	96.0	+	0	0	50I100M462I	DQ179130	JQ712009
H	22854	100	96.0	+	0	0	I100M530I	DQ179130	EF458018
H	13241	100	96.0	+	0	0	117I100M734I	DQ179130	FJ845441
L	28652	651	*	*	*	*	*	U74616	*
H	28652	100	96.0	+	0	0	13I68M3I32M535I	DQ179130	U74616
L	23800	624	*	*	*	*	*	FN650654	*
H	23800	100	100.0	+	0	0	36I100M488I	FN650654	FN650654
L	14807	656	*	*	*	*	*	AB369912	*
H	14807	100	97.0	+	0	0	35I100M521I	FN650654	AB369912
H	5342	100	90.0	+	0	0	34I100M529I	FN650654	GQ376119
H	26104	63	100.0	-	0	0	542I63M75I	FN669229	JQ711951
L	22571	706	*	*	*	*	*	FJ372391	*
H	22571	63	100.0	-	0	0	571I63M72I	FN669229	FJ372391
L	15887	2213	*	*	*	*	*	AF277007	*
H	15887	63	100.0	-	0	0	365I63M1785I	FN669229	AF277007
L	6209	825	*	*	*	*	*	FJ215865	*
H	6209	63	100.0	-	0	0	655I63M107I	FN669229	FJ215865
L	6211	484	*	*	*	*	*	GU246266	*
H	6211	63	100.0	-	0	0	348I63M73I	FN669229	GU246266
L	23831	245	*	*	*	*	*	FN687661	*
H	23831	100	100.0	+	0	0	100M145I	FN687661	FN687661
L	26166	222	*	*	*	*	*	FN687655	*
H	26166	100	92.0	+	0	0	106I38MI62M15I	FN687661	FN687655
L	23830	360	*	*	*	*	*	FN687654	*
H	23830	100	91.0	+	0	0	106I100M154I	FN687661	FN687654
L	20738	918	*	*	*	*	*	EF655702	*
H	20738	100	93.0	+	0	0	388I41MI39MI20M428I	FN687661	EF655702
H	28924	100	91.0	+	0	0	414I78MI22M126I	FN687661	UDB001663
H	7104	100	100.0	+	0	0	37I100M424I	EF536027	EU076926
H	6439	100	100.0	+	0	0	39I100M411I	EF536027	JF819129
H	7272	100	100.0	+	0	0	25I100M436I	EF536027	GU565128
H	28130	100	100.0	+	0	0	25I100M426I	EF536027	EU076956
L	23856	586	*	*	*	*	*	EF536027	*
H	23856	100	100.0	+	0	0	10I100M476I	EF536027	EF536027
L	23858	592	*	*	*	*	*	GU594654	*
H	23858	100	100.0	+	0	0	14I100M478I	GU594654	GU594654
L	3352	582	*	*	*	*	*	AJ608946	*
H	3352	100	96.0	+	0	0	11I32MD67M472I	GU594654	AJ608946
L	25514	738	*	*	*	*	*	AM901674	*
H	25514	100	96.0	+	0	0	194I32MD67M445I	GU594654	AM901674
H	463	100	98.0	+	0	0	3I32MD67M478I	GU594654	GU066613
L	7753	585	*	*	*	*	*	AY213675	*
H	7753	100	98.0	+	0	0	11I32MD31MD35M476I	GU594654	AY213675
L	23900	573	*	*	*	*	*	AY842566	*
H	23900	100	100.0	+	0	0	11I100M462I	AY842566	AY842566
L	22292	583	*	*	*	*	*	EF989105	*
H	22292	100	92.0	+	0	0	35I36M3D50M19I11M432I	AY842566	EF989105
L	27125	1557	*	*	*	*	*	JF439184	*
H	27125	100	90.0	+	0	0	224I35MD6MD57M1235I	AY842566	JF439184
L	27123	1541	*	*	*	*	*	JF439182	*
H	27123	100	90.0	+	0	0	224I35MD6MD57M1219I	AY842566	JF439182
L	10376	1559	*	*	*	*	*	JF439171	*
H	10376	100	90.0	+	0	0	224I35MD6MD57M1237I	AY842566	JF439171
L	23914	558	*	*	*	*	*	FR751089	*
H	23914	100	100.0	+	0	0	100M458I	FR751089	FR751089
L	23930	588	*	*	*	*	*	FR799173	*
H	23930	100	100.0	+	0	0	100M488I	FR799173	FR799173
L	4782	567	*	*	*	*	*	AF455169	*
H	4782	100	96.0	+	0	0	100M467I	FR799173	AF455169
L	8549	632	*	*	*	*	*	AM922513	*
H	8549	100	95.0	+	0	0	65I76MI24M466I	FR799173	AM922513
L	23565	817	*	*	*	*	*	FM205886	*
H	23565	100	95.0	+	0	0	251I76MI24M465I	FR799173	FM205886
L	20978	577	*	*	*	*	*	EU113285	*
H	20978	100	93.0	+	0	0	3I100M474I	FR799173	EU113285
L	23949	515	*	*	*	*	*	FR799321	*
H	23949	100	100.0	+	0	0	100M415I	FR799321	FR799321
L	23951	578	*	*	*	*	*	FR799494	*
H	23951	100	100.0	+	0	0	51I100M427I	FR799494	FR799494
L	27090	495	*	*	*	*	*	JF429685	*
H	27090	100	99.0	+	0	0	D99M396I	FR799494	JF429685
L	16671	569	*	*	*	*	*	FJ755266	*
H	16671	100	97.0	+	0	0	11I100M458I	FR799494	FJ755266
L	23173	556	*	*	*	*	*	FJ791144	*
H	23173	100	97.0	+	0	0	26I100M430I	FR799494	FJ791144
L	28127	593	*	*	*	*	*	FJ878644	*
H	28127	100	97.0	+	0	0	35I100M458I	FR799494	FJ878644
H	11780	100	100.0	+	0	0	26I100M467I	GQ120971	JN565298
H	7158	100	100.0	+	0	0	8I100M428I	GQ120971	GQ169491
H	23984	100	100.0	+	0	0	53I100M364I	GQ120971	GQ120971
H	3839	100	99.0	+	0	0	37I100M356I	GQ120971	GU248327
H	5191	100	97.0	+	0	0	27I100M436I	GQ120971	GQ249947
H	23997	100	100.0	+	0	0	16I100M435I	GQ131880	GQ131880
H	26616	100	96.0	+	0	0	20I100M427I	GQ131880	HQ649867
L	763	544	*	*	*	*	*	EF377335	*
H	763	100	92.0	+	0	0	4I25MD36MD18M2I19M440I	GQ131880	EF377335
L	24000	691	*	*	*	*	*	AY588103	*
H	24000	100	100.0	+	0	0	41I100M550I	AY588103	AY588103
L	2357	650	*	*	*	*	*	AY877409	*
H	2357	100	91.0	+	0	0	29I100M521I	AY588103	AY877409
L	10174	660	*	*	*	*	*	AY588102	*
H	10174	100	96.0	+	0	0	11I82MD17M550I	AY588103	AY588102
L	13994	696	*	*	*	*	*	DQ366856	*
H	13994	100	95.0	+	0	0	50I82MD17M547I	AY588103	DQ366856
L	13991	667	*	*	*	*	*	DQ366853	*
H	13991	100	95.0	+	0	0	12I82MD17M556I	AY588103	DQ366853
H	24005	100	100.0	+	0	0	460I100M362I	GQ153120	GQ153120
H	20425	100	97.0	+	0	0	49I100M478I	GQ153120	AF013225
H	19855	100	93.0	+	0	0	25I31MD68M443I	GQ153120	DQ680674
L	19787	581	*	*	*	*	*	GQ913346	*
H	19787	100	91.0	+	0	0	11I31MD68M471I	GQ153120	GQ913346
L	9446	1172	*	*	*	*	*	FJ744598	*
H	9446	100	92.0	+	0	0	7I31MD68M1066I	GQ153120	FJ744598
L	24015	1231	*	*	*	*	*	GQ159857	*
H	24015	100	100.0	+	0	0	100M1131I	GQ159857	GQ159857
L	28863	681	*	*	*	*	*	AF389138	*
H	28863	100	99.0	+	0	0	19I22MD77M563I	GQ159857	AF389138
L	12864	1350	*	*	*	*	*	AY669590	*
H	12864	100	90.0	+	0	0	64I22MD17M2D20M2D36M1191I	GQ159857	AY669590
H	11834	100	90.0	+	0	0	64I22MD17M2D20M2D36M560I	GQ159857	HQ444267
L	24029	711	*	*	*	*	*	GQ165696	*
H	24029	100	100.0	+	0	0	39I100M572I	GQ165696	GQ165696
L	21780	869	*	*	*	*	*	EU669360	*
H	21780	100	95.0	+	0	0	5D95M774I	GQ165696	EU669360
L	24042	575	*	*	*	*	*	GQ169315	*
H	24042	100	100.0	+	0	0	100M475I	GQ169315	GQ169315
L	24041	572	*	*	*	*	*	GQ169314	*
H	24041	100	96.0	+	0	0	2D98M474I	GQ169315	GQ169314
L	6750	547	*	*	*	*	*	GU973651	*
H	6750	100	92.0	+	0	0	I92M4I8M442I	GQ169315	GU973651
H	19895	100	100.0	+	0	0	22I100M605I	JQ711860	DQ822800
H	8412	100	100.0	+	0	0	6I100M1082I	JQ711860	FJ039678
H	547	100	100.0	+	0	0	41I100M1103I	JQ711860	AY669658
H	28890	100	100.0	+	0	0	12I100M489I	JQ711860	AY281024
H	28891	100	100.0	+	0	0	98I100M360I	JQ711860	UDB001233
L	24104	574	*	*	*	*	*	GQ231749	*
H	24104	100	100.0	+	0	0	100M474I	GQ231749	GQ231749
L	24125	371	*	*	*	*	*	GQ250411	*
H	24125	100	100.0	+	0	0	100M271I	GQ250411	GQ250411
L	24126	651	*	*	*	*	*	GQ250412	*
H	24126	100	100.0	+	0	0	100M551I	GQ250412	GQ250412
L	28848	551	*	*	*	*	*	UDB001514	*
H	28848	100	96.0	+	0	0	22I100M429I	GQ250412	UDB001514
L	28972	580	*	*	*	*	*	UDB002232	*
H	28972	100	96.0	+	0	0	39I100M441I	GQ250412	UDB002232
L	29186	891	*	*	*	*	*	UDB011451	*
H	29186	100	93.0	+	0	0	10I14M2D84M783I	GQ250412	UDB011451
L	29334	880	*	*	*	*	*	UDB011826	*
H	29334	100	92.0	+	0	0	10I100M770I	GQ250412	UDB011826
H	24130	100	100.0	+	0	0	6I100M498I	GQ254689	GQ254689
H	2735	100	100.0	+	0	0	37I100M491I	GQ254689	EU677810
H	1863	100	100.0	+	0	0	24I100M494I	GQ254689	FJ538351
H	24138	100	100.0	+	0	0	4I100M597I	GQ258471	GQ258471
H	11985	100	95.0	+	0	0	4I100M589I	GQ258471	AY176415
H	6083	100	95.0	+	0	0	4I100M540I	GQ258471	GU136180
L	20303	673	*	*	*	*	*	EF121816	*
H	20303	100	95.0	+	0	0	4I100M569I	GQ258471	EF121816
H	6084	100	94.0	+	0	0	4I100M519I	GQ258471	GU136182
L	24140	701	*	*	*	*	*	GU136174	*
H	24140	100	100.0	+	0	0	4I100M597I	GU136174	GU136174
L	17875	707	*	*	*	*	*	AY243635	*
H	17875	100	95.0	+	0	0	4I100M603I	GU136174	AY243635
H	24618	100	96.0	+	0	0	4I100M590I	GU136174	GQ258473
H	20303	100	96.0	+	0	0	4I100M569I	GU136174	EF121816
H	6084	100	95.0	+	0	0	4I100M519I	GU136174	GU136182
L	24216	515	*	*	*	*	*	FJ231001	*
H	24216	100	100.0	+	0	0	100M415I	FJ231001	FJ231001
L	9284	547	*	*	*	*	*	FJ791141	*
H	9284	100	100.0	+	0	0	31I100M416I	FJ231001	FJ791141
L	9698	550	*	*	*	*	*	JF831461	*
H	9698	100	99.0	+	0	0	20I100M430I	FJ231001	JF831461
L	25654	241	*	*	*	*	*	FJ861419	*
H	25654	100	98.0	+	0	0	9I100M132I	FJ231001	FJ861419
L	7303	624	*	*	*	*	*	FJ379805	*
H	7303	100	97.0	+	0	0	4I6MD27MD65M522I	FJ231001	FJ379805
L	24231	553	*	*	*	*	*	FJ705275	*
H	24231	100	100.0	+	0	0	100M453I	FJ705275	FJ705275
L	375	556	*	*	*	*	*	GU220372	*
H	375	100	99.0	+	0	0	10I100M446I	FJ705275	GU220372
L	5363	599	*	*	*	*	*	GQ397988	*
H	5363	100	98.0	+	0	0	65I100M434I	FJ705275	GQ397988
L	12697	737	*	*	*	*	*	EU597073	*
H	12697	100	95.0	+	0	0	42I100M595I	FJ705275	EU597073
H	28972	100	95.0	+	0	0	40I100M440I	FJ705275	UDB002232
L	24244	649	*	*	*	*	*	GQ411524	*
H	24244	100	100.0	+	0	0	11I100M538I	GQ411524	GQ411524
L	427	639	*	*	*	*	*	DQ873606	*
H	427	100	96.0	+	0	0	4I47M2I53M533I	GQ411524	DQ873606
L	18432	273	*	*	*	*	*	GU066841	*
H	18432	100	94.0	+	0	0	3D47MI30M2D18M177I	GQ411524	GU066841
L	19980	710	*	*	*	*	*	DQ873627	*
H	19980	100	95.0	+	0	0	74I47M2I53M534I	GQ411524	DQ873627
L	23846	1531	*	*	*	*	*	FN907912	*
H	23846	100	91.0	+	0	0	3D44M2I53M1432I	GQ411524	FN907912
L	24256	489	*	*	*	*	*	GQ426974	*
H	24256	100	100.0	+	0	0	100M389I	GQ426974	GQ426974
H	7606	100	91.0	+	0	0	159I19MI81M1344I	GQ426974	EU035416
L	24258	1057	*	*	*	*	*	GQ428199	*
H	24258	100	100.0	+	0	0	100M957I	GQ428199	GQ428199
L	5174	1082	*	*	*	*	*	GQ167214	*
H	5174	100	91.0	+	0	0	2D7MD14M3I41MI21M3I14M978I	GQ428199	GQ167214
L	9209	602	*	*	*	*	*	AF001028	*
H	9209	100	91.0	+	0	0	49I24M3I41MI24M2I11M447I	GQ428199	AF001028
L	24262	2204	*	*	*	*	*	AY313032	*
H	24262	100	100.0	+	0	0	1763I100M341I	AY313032	AY313032
L	24277	747	*	*	*	*	*	GQ479226	*
H	24277	100	100.0	+	0	0	100M647I	GQ479226	GQ479226
L	24275	747	*	*	*	*	*	GQ479207	*
H	24275	100	98.0	+	0	0	100M647I	GQ479226	GQ479207
L	24274	747	*	*	*	*	*	GQ479205	*
H	24274	100	94.0	+	0	0	100M647I	GQ479226	GQ479205
H	24280	100	93.0	+	0	0	100M647I	GQ479226	GQ479246
H	12463	100	94.0	+	0	0	6I25MD6MD27M2D38M525I	GQ479226	AY444771
L	24299	721	*	*	*	*	*	EU014067	*
H	24299	100	100.0	+	0	0	49I100M572I	GQ479835	EU014067
L	24291	736	*	*	*	*	*	GQ479835	*
H	24291	100	100.0	+	0	0	49I100M587I	GQ479835	GQ479835
H	4983	100	92.0	+	0	0	39I56MD14MD28M686I	GQ479835	GQ328756
L	14521	662	*	*	*	*	*	AB116870	*
H	14521	100	93.0	+	0	0	27I57M2D12MD28M538I	GQ479835	AB116870
H	2880	100	92.0	+	0	0	38I56MD14MD28M657I	GQ479835	GQ328758
L	24307	213	*	*	*	*	*	GQ497161	*
H	24307	100	100.0	+	0	0	100M113I	GQ497161	GQ497161
H	24322	100	100.0	+	0	0	11I100M465I	EU529996	EU529996
L	11133	568	*	*	*	*	*	FJ176473	*
H	11133	100	100.0	+	0	0	35I100M433I	FJ903352	FJ176473
L	21259	474	*	*	*	*	*	EF589870	*
H	21259	100	100.0	+	0	0	13I100M361I	FJ903352	EF589870
L	24326	520	*	*	*	*	*	FJ903352	*
H	24326	100	100.0	+	0	0	50I100M370I	FJ903352	FJ903352
L	16527	548	*	*	*	*	*	FJ424264	*
H	16527	100	100.0	+	0	0	28I100M420I	FJ903352	FJ424264
L	25903	479	*	*	*	*	*	HM595726	*
H	25903	100	98.0	+	0	0	15I100M364I	FJ903352	HM595726
H	24329	100	100.0	+	0	0	122I100M434I	FJ372389	FJ372389
H	2837	100	100.0	+	0	0	61I100M1426I	FJ372389	EU552139
H	2838	100	100.0	+	0	0	88I100M1306I	FJ372389	EU552140
L	24362	535	*	*	*	*	*	GQ169764	*
H	24362	100	100.0	+	0	0	11I100M424I	GQ169764	GQ169764
L	19992	1401	*	*	*	*	*	DQ885894	*
H	19992	100	91.0	+	0	0	9D91M1310I	GQ169764	DQ885894
L	6720	474	*	*	*	*	*	HM216208	*
H	6720	100	94.0	+	0	0	18I54MD45M357I	GQ169764	HM216208
L	16266	495	*	*	*	*	*	AF422976	*
H	16266	100	92.0	+	0	0	22I54MD45M374I	GQ169764	AF422976
L	24367	647	*	*	*	*	*	EU882132	*
H	24367	100	100.0	+	0	0	128I100M419I	EU882132	EU882132
H	1011	100	94.0	+	0	0	11I36MD29MD24M2I9M966I	EU882132	AF309623
H	21877	100	90.0	+	0	0	122I30MD33MD35M415I	EU882132	EU707864
H	11380	100	94.0	+	0	0	5I36MD29MD24M2I9M394I	EU882132	GQ852794
H	5648	100	94.0	+	0	0	121I36MD29MD24M2I9M416I	EU882132	GQ852796
L	24371	598	*	*	*	*	*	GQ856139	*
H	24371	100	100.0	+	0	0	4I100M494I	GQ856139	GQ856139
L	18839	602	*	*	*	*	*	AY916454	*
H	18839	100	99.0	+	0	0	15I73MI27M486I	GQ856139	AY916454
L	11368	1016	*	*	*	*	*	JN865203	*
H	11368	100	98.0	+	0	0	465I38MI28MD33M451I	GQ856139	JN865203
L	24374	673	*	*	*	*	*	GQ856690	*
H	24374	100	100.0	+	0	0	93I100M480I	GQ856690	GQ856690
L	15131	492	*	*	*	*	*	AB525929	*
H	15131	100	95.0	+	0	0	38I100M354I	GQ856690	AB525929
L	7248	611	*	*	*	*	*	GQ390796	*
H	7248	100	91.0	+	0	0	12I100M499I	GQ856690	GQ390796
L	1659	603	*	*	*	*	*	GQ927253	*
H	1659	100	91.0	+	0	0	50I100M453I	GQ856690	GQ927253
L	24385	740	*	*	*	*	*	GQ888733	*
H	24385	100	100.0	+	0	0	100M640I	GQ888733	GQ888733
L	24428	498	*	*	*	*	*	GQ919281	*
H	24428	100	100.0	+	0	0	100M398I	GQ919281	GQ919281
L	24457	522	*	*	*	*	*	GQ981488	*
H	24457	100	100.0	+	0	0	148I100M274I	GQ981488	GQ981488
L	24477	168	*	*	*	*	*	U21817	*
H	24477	100	100.0	+	0	0	100M68I	U21817	U21817
L	21431	596	*	*	*	*	*	FJ515894	*
H	21431	100	100.0	+	0	0	50I100M446I	U21817	FJ515894
L	15297	168	*	*	*	*	*	AF010500	*
H	15297	100	100.0	+	0	0	100M68I	U21817	AF010500
L	9950	539	*	*	*	*	*	FJ169667	*
H	9950	100	100.0	+	0	0	25I100M414I	U21817	FJ169667
L	11937	515	*	*	*	*	*	FJ903283	*
H	11937	100	99.0	+	0	0	65I100M350I	U21817	FJ903283
L	24500	572	*	*	*	*	*	GU046871	*
H	24500	100	100.0	+	0	0	12I100M460I	FJ960442	GU046871
L	24496	350	*	*	*	*	*	GU046848	*
H	24496	100	100.0	+	0	0	19I100M231I	FJ960442	GU046848
L	443	587	*	*	*	*	*	EF017208	*
H	443	100	100.0	+	0	0	54I100M433I	FJ960442	EF017208
L	24497	387	*	*	*	*	*	GU046849	*
H	24497	100	100.0	+	0	0	12I100M275I	FJ960442	GU046849
L	24489	582	*	*	*	*	*	FJ960442	*
H	24489	100	100.0	+	0	0	11I100M471I	FJ960442	FJ960442
L	24492	567	*	*	*	*	*	GU046843	*
H	24492	100	100.0	+	0	0	17I100M450I	GU046843	GU046843
H	24500	100	95.0	+	0	0	12I100M460I	GU046843	GU046871
H	24497	100	95.0	+	0	0	12I100M275I	GU046843	GU046849
H	443	100	95.0	+	0	0	54I100M433I	GU046843	EF017208
L	1483	642	*	*	*	*	*	EF570501	*
H	1483	100	95.0	+	0	0	125I100M417I	GU046843	EF570501
L	24510	766	*	*	*	*	*	FJ466720	*
H	24510	100	100.0	+	0	0	38I100M628I	FJ466720	FJ466720
H	7618	100	93.0	+	0	0	40I7MD52M2D38M444I	FJ466720	FJ210542
H	25960	100	94.0	+	0	0	20I7MD32MI23M3D34M482I	FJ466720	FJ210545
H	22483	100	94.0	+	0	0	40I7MD32MI23M3D34M413I	FJ466720	FJ210544
H	14559	100	95.0	+	0	0	8I7MD56MD35M438I	FJ466720	AF158111
L	24522	1140	*	*	*	*	*	HQ115689	*
H	24522	100	100.0	+	0	0	27I100M1013I	HQ115689	HQ115689
L	18551	508	*	*	*	*	*	FJ903333	*
H	18551	100	99.0	+	0	0	32I100M376I	HQ115689	FJ903333
L	11246	561	*	*	*	*	*	FJ946483	*
H	11246	100	98.0	+	0	0	11I100M450I	HQ115689	FJ946483
L	17327	906	*	*	*	*	*	EU750690	*
H	17327	100	97.0	+	0	0	113I37MI44MI19M691I	HQ115689	EU750690
L	7260	570	*	*	*	*	*	GU934510	*
H	7260	100	94.0	+	0	0	22I12MD68MI19M448I	HQ115689	GU934510
L	24532	514	*	*	*	*	*	AB190390	*
H	24532	100	100.0	+	0	0	19I100M395I	AB190390	AB190390
L	24546	1397	*	*	*	*	*	GQ914998	*
H	24546	100	100.0	+	0	0	100M1297I	GQ914998	GQ914998
L	24415	626	*	*	*	*	*	FJ468411	*
H	24415	100	99.0	+	0	0	290I100M236I	GQ914998	FJ468411
L	13044	324	*	*	*	*	*	AB192990	*
H	13044	100	95.0	+	0	0	53I100M171I	GQ914998	AB192990
L	1572	614	*	*	*	*	*	EF635896	*
H	1572	100	96.0	+	0	0	287I100M227I	GQ914998	EF635896
L	20710	604	*	*	*	*	*	EF635902	*
H	20710	100	96.0	+	0	0	280I100M224I	GQ914998	EF635902
H	3659	100	100.0	+	0	0	35I100M501I	FJ610306	AY865630
H	11620	100	100.0	+	0	0	18I100M426I	FJ610306	EU082792
H	6136	100	100.0	+	0	0	9I100M488I	FJ610306	FJ442276
H	14694	100	100.0	+	0	0	37I100M507I	FJ610306	EU280078
H	11159	100	100.0	+	0	0	22I100M463I	FJ610306	FJ998179
L	24551	503	*	*	*	*	*	GU062202	*
H	24551	100	100.0	+	0	0	38I100M365I	GU062202	GU062202
L	12694	1194	*	*	*	*	*	AY219880	*
H	12694	100	93.0	+	0	0	46I88M2I12M1046I	GU062202	AY219880
L	9314	536	*	*	*	*	*	FJ903377	*
H	9314	100	95.0	+	0	0	40I88M4I12M392I	GU062202	FJ903377
L	14592	644	*	*	*	*	*	GQ906942	*
H	14592	100	91.0	+	0	0	37I100M507I	GU062202	GQ906942
L	27795	575	*	*	*	*	*	JQ425384	*
H	27795	100	91.0	+	0	0	15I81MI19M459I	GU062202	JQ425384
L	24552	488	*	*	*	*	*	GU062204	*
H	24552	100	100.0	+	0	0	41I100M347I	GU062204	GU062204
L	28001	538	*	*	*	*	*	FJ210518	*
H	28001	100	91.0	+	0	0	51I57MI43M386I	GU062204	FJ210518
L	10232	495	*	*	*	*	*	EU551208	*
H	10232	100	91.0	+	0	0	19I57MI43M375I	GU062204	EU551208
L	10729	475	*	*	*	*	*	JN418769	*
H	10729	100	98.0	+	0	0	48I69M2I31M325I	GU062204	JN418769
L	10730	506	*	*	*	*	*	EU551184	*
H	10730	100	98.0	+	0	0	22I69M2I31M382I	GU062204	EU551184
H	26998	100	99.0	+	0	0	2I100M412I	EU919704	FJ752738
H	24573	100	100.0	+	0	0	100M421I	EU919704	EU919704
H	3362	100	98.0	+	0	0	100M368I	EU919704	FJ158131
H	10297	100	94.0	+	0	0	6D94M408I	EU919704	FJ826610
L	3088	592	*	*	*	*	*	EU856062	*
H	3088	100	98.0	+	0	0	32I100M460I	EU919704	EU856062
H	24583	100	100.0	+	0	0	45I100M434I	GU067766	GU067766
H	18518	100	97.0	+	0	0	12I19MD51MD28M459I	GU067766	FJ903282
H	8660	100	100.0	+	0	0	39I100M441I	EU259898	HQ605927
L	21153	595	*	*	*	*	*	EU259899	*
H	21153	100	100.0	+	0	0	18I100M477I	EU259898	EU259899
H	24594	100	100.0	+	0	0	2I100M471I	EU259898	EU259898
L	1300	683	*	*	*	*	*	DQ534472	*
H	1300	100	99.0	+	0	0	56I100M527I	EU259898	DQ534472
L	1670	565	*	*	*	*	*	AF332118	*
H	1670	100	95.0	+	0	0	D30MI69M465I	EU259898	AF332118
H	28129	100	100.0	+	0	0	1798I100M1063I	HE799657	GQ458041
H	25215	100	100.0	+	0	0	104I100M256I	HE799657	FJ861384
L	24609	841	*	*	*	*	*	HE799657	*
H	24609	100	100.0	+	0	0	100M741I	HE799657	HE799657
L	266	546	*	*	*	*	*	EU816290	*
H	266	100	100.0	+	0	0	34I100M412I	HE799657	EU816290
L	1979	502	*	*	*	*	*	FJ573095	*
H	1979	100	100.0	+	0	0	27I100M375I	HE799657	FJ573095
L	24613	653	*	*	*	*	*	AB301607	*
H	24613	100	100.0	+	0	0	100M553I	AB301607	AB301607
L	29091	983	*	*	*	*	*	UDB011146	*
H	29091	100	98.0	+	0	0	7I100M876I	AB301607	UDB011146
L	29089	635	*	*	*	*	*	FJ596815	*
H	29089	100	99.0	+	0	0	4I76MI24M530I	AB301607	FJ596815
L	25922	661	*	*	*	*	*	HM631724	*
H	25922	100	96.0	+	0	0	17I16MI60M5I24M538I	AB301607	HM631724
L	4690	2102	*	*	*	*	*	U66431	*
H	4690	100	93.0	+	0	0	9I44M5I56M1988I	AB301607	U66431
L	24622	464	*	*	*	*	*	AY372189	*
H	24622	100	100.0	+	0	0	13I100M351I	AY372189	AY372189
L	17693	442	*	*	*	*	*	FJ491946	*
H	17693	100	100.0	+	0	0	13I100M329I	AY372189	FJ491946
L	24625	731	*	*	*	*	*	GU138709	*
H	24625	100	100.0	+	0	0	214I100M417I	GU138709	GU138709
L	24630	759	*	*	*	*	*	GU138737	*
H	24630	100	93.0	+	0	0	243I61MD38M417I	GU138709	GU138737
L	4588	877	*	*	*	*	*	FJ861978	*
H	4588	100	93.0	+	0	0	346I61MD38M432I	GU138709	FJ861978
L	6169	773	*	*	*	*	*	FJ861983	*
H	6169	100	90.0	+	0	0	247I61MD38M427I	GU138709	FJ861983
L	5206	894	*	*	*	*	*	AB512309	*
H	5206	100	90.0	+	0	0	9I61MD38M786I	GU138709	AB512309
L	24626	738	*	*	*	*	*	GU138700	*
H	24626	100	100.0	+	0	0	233I100M405I	GU138700	GU138700
L	24641	625	*	*	*	*	*	FJ467353	*
H	24641	100	100.0	+	0	0	17I100M508I	FJ467353	FJ467353
L	22977	670	*	*	*	*	*	FJ810184	*
H	22977	100	100.0	+	0	0	35I100M535I	FJ467353	FJ810184
L	26262	372	*	*	*	*	*	HQ323692	*
H	26262	100	99.0	+	0	0	107I100M165I	FJ467353	HQ323692
L	25986	663	*	*	*	*	*	EU918696	*
H	25986	100	98.0	+	0	0	36I100M527I	FJ467353	EU918696
H	12711	100	95.0	+	0	0	2I47M2D51M500I	FJ467353	AF079584
L	24655	651	*	*	*	*	*	AF323109	*
H	24655	100	100.0	+	0	0	19I100M532I	AF323109	AF323109
L	21688	648	*	*	*	*	*	EU819523	*
H	21688	100	97.0	+	0	0	49I55MD44M500I	AF323109	EU819523
L	9664	595	*	*	*	*	*	AB634254	*
H	9664	100	97.0	+	0	0	27I54MD45M469I	AF323109	AB634254
H	1044	100	95.0	+	0	0	51I48MD51M558I	AF323109	EF507257
H	28471	100	94.0	+	0	0	115I50MD49M659I	AF323109	JQ711917
L	24656	489	*	*	*	*	*	GU180625	*
H	24656	100	100.0	+	0	0	100M389I	GU180625	GU180625
L	24657	500	*	*	*	*	*	GU180626	*
H	24657	100	97.0	+	0	0	86M4I14M396I	GU180625	GU180626
L	10126	489	*	*	*	*	*	HQ609488	*
H	10126	100	94.0	+	0	0	80MD19M390I	GU180625	HQ609488
L	24674	1825	*	*	*	*	*	GU183263	*
H	24674	100	100.0	+	0	0	1328I100M397I	GU183263	GU183263
L	24689	651	*	*	*	*	*	GU187506	*
H	24689	100	100.0	+	0	0	36I100M515I	GU187506	GU187506
L	13554	1977	*	*	*	*	*	DQ144611	*
H	13554	100	99.0	+	0	0	54I100M1823I	GU187506	DQ144611
L	24699	840	*	*	*	*	*	FR691860	*
H	24699	100	100.0	+	0	0	11I100M729I	FR691860	FR691860
L	24701	736	*	*	*	*	*	GU187556	*
H	24701	100	100.0	+	0	0	32I100M604I	GU187556	GU187556
L	24704	604	*	*	*	*	*	GU187914	*
H	24704	100	100.0	+	0	0	12I100M492I	GU187914	GU187914
H	3659	100	91.0	+	0	0	35I23MD34MD41M503I	GU187914	AY865630
L	11186	620	*	*	*	*	*	FJ975596	*
H	11186	100	92.0	+	0	0	11I23MD34MD41M511I	GU187914	FJ975596
H	25520	100	92.0	+	0	0	12I23MD34MD41M479I	GU187914	GU479401
L	10829	577	*	*	*	*	*	HQ857108	*
H	10829	100	91.0	+	0	0	2D21MD34MD41M481I	GU187914	HQ857108
L	24725	613	*	*	*	*	*	GU207280	*
H	24725	100	100.0	+	0	0	100M513I	GU207280	GU207280
H	24727	100	98.0	+	0	0	10I8MD91M515I	GU207280	GU207305
L	24726	624	*	*	*	*	*	GU207299	*
H	24726	100	98.0	+	0	0	10I8MD91M515I	GU207280	GU207299
L	24724	618	*	*	*	*	*	GU207278	*
H	24724	100	97.0	+	0	0	10I8MD51MI40M508I	GU207280	GU207278
H	12711	100	94.0	+	0	0	16I8MD91M485I	GU207280	AF079584
H	24741	100	100.0	+	0	0	37I100M533I	GU222273	GU222273
H	4050	100	90.0	+	0	0	10D90M542I	GU222273	AY033098
H	24747	100	96.0	+	0	0	37I86M2D12M536I	GU222273	GU222303
H	12882	100	97.0	+	0	0	31I100M1160I	GU222273	EU660949
L	18500	676	*	*	*	*	*	GU222270	*
H	18500	100	96.0	+	0	0	37I81M2D17M541I	GU222273	GU222270
H	9249	100	100.0	+	0	0	2I100M534I	GU222289	AF389151
H	24744	100	100.0	+	0	0	38I100M537I	GU222289	GU222289
H	13072	100	100.0	+	0	0	13I100M555I	GU222289	U56046
H	13382	100	100.0	+	0	0	34I100M550I	GU222289	DQ083782
H	8412	100	100.0	+	0	0	6I71MI29M1081I	GU222289	FJ039678
L	24757	679	*	*	*	*	*	GU222319	*
H	24757	100	100.0	+	0	0	33I100M546I	GU222319	GU222319
H	23059	100	98.0	+	0	0	3I100M1151I	GU222319	FJ717601
H	12856	100	99.0	+	0	0	33I100M1111I	GU222319	AY669516
H	3397	100	99.0	+	0	0	7I100M1159I	GU222319	FJ039668
H	11915	100	99.0	+	0	0	100M1132I	GU222319	FJ039702
L	24764	673	*	*	*	*	*	GU222328	*
H	24764	100	100.0	+	0	0	37I100M536I	GU222328	GU222328
L	4054	310	*	*	*	*	*	AY033116	*
H	4054	100	99.0	+	0	0	7I100M203I	GU222328	AY033116
H	5949	100	99.0	+	0	0	49I100M578I	GU222328	GU233359
H	6044	100	99.0	+	0	0	49I100M576I	GU222328	GU233356
H	12868	100	99.0	+	0	0	35I100M1108I	GU222328	AY669603
L	24766	368	*	*	*	*	*	GU222367	*
H	24766	100	100.0	+	0	0	100M268I	GU222367	GU222367
L	4200	395	*	*	*	*	*	FJ418194	*
H	4200	100	91.0	+	0	0	8I25M2I10MD64M286I	GU222367	FJ418194
H	24792	100	100.0	+	0	0	49I100M526I	GU233325	GU233322
H	24799	100	100.0	+	0	0	49I100M574I	GU233325	GU233333
H	13877	100	100.0	+	0	0	39I100M695I	GU233325	DQ328088
L	27660	670	*	*	*	*	*	GU222298	*
H	27660	100	100.0	+	0	0	39I100M531I	GU233325	GU222298
L	24793	655	*	*	*	*	*	GU233325	*
H	24793	100	100.0	+	0	0	17I100M538I	GU233325	GU233325
L	24795	798	*	*	*	*	*	GU233328	*
H	24795	100	100.0	+	0	0	41I100M657I	GU233328	GU233328
L	24800	717	*	*	*	*	*	GU233334	*
H	24800	100	100.0	+	0	0	49I100M568I	GU233334	GU233334
L	19389	711	*	*	*	*	*	DQ328094	*
H	19389	100	100.0	+	0	0	32I63MI37M578I	GU233334	DQ328094
L	24808	712	*	*	*	*	*	GU233344	*
H	24808	100	99.0	+	0	0	49I100M563I	GU233334	GU233344
H	24807	100	99.0	+	0	0	49I100M578I	GU233334	GU233343
L	19398	663	*	*	*	*	*	DQ328172	*
H	19398	100	99.0	+	0	0	9I62MI38M553I	GU233334	DQ328172
H	24808	100	100.0	+	0	0	49I100M563I	GU233344	GU233344
H	24807	100	100.0	+	0	0	49I100M578I	GU233344	GU233343
H	19398	100	100.0	+	0	0	9I63MI37M553I	GU233344	DQ328172
L	12852	1213	*	*	*	*	*	AY669541	*
H	12852	100	99.0	+	0	0	34I100M1079I	GU233344	AY669541
L	19393	673	*	*	*	*	*	DQ328144	*
H	19393	100	99.0	+	0	0	35I100M538I	GU233344	DQ328144
L	24820	727	*	*	*	*	*	GU233372	*
H	24820	100	100.0	+	0	0	49I100M578I	GU233372	GU233372
H	13967	100	94.0	+	0	0	32I22MI78M558I	GU233372	EU525966
L	27661	720	*	*	*	*	*	GU233371	*
H	27661	100	93.0	+	0	0	41I100M579I	GU233372	GU233371
L	28821	644	*	*	*	*	*	UDB000688	*
H	28821	100	95.0	+	0	0	16I22MI78M527I	GU233372	UDB000688
L	28870	653	*	*	*	*	*	UDB001105	*
H	28870	100	94.0	+	0	0	29I22MI78M523I	GU233372	UDB001105
H	24822	100	100.0	+	0	0	100M426I	GU234012	GU234012
L	8134	484	*	*	*	*	*	HQ215760	*
H	8134	100	100.0	+	0	0	45I100M339I	GU234012	HQ215760
L	22848	515	*	*	*	*	*	FN429009	*
H	22848	100	99.0	+	0	0	34I100M381I	GU234012	FN429009
L	28832	514	*	*	*	*	*	FN429003	*
H	28832	100	99.0	+	0	0	34I100M380I	GU234012	FN429003
L	28095	516	*	*	*	*	*	GQ159847	*
H	28095	100	98.0	+	0	0	35I94MI6M380I	GU234012	GQ159847
L	24836	544	*	*	*	*	*	EU520054	*
H	24836	100	100.0	+	0	0	11I100M433I	EU520054	EU520054
H	3765	100	98.0	+	0	0	47I26MD73M452I	EU520054	EU869181
L	5600	514	*	*	*	*	*	FJ903371	*
H	5600	100	98.0	+	0	0	50I100M364I	EU520054	FJ903371
L	27399	567	*	*	*	*	*	EU817825	*
H	27399	100	98.0	+	0	0	110I100M357I	EU520054	EU817825
L	13533	534	*	*	*	*	*	DQ132841	*
H	13533	100	98.0	+	0	0	42I100M392I	EU520054	DQ132841
L	24838	486	*	*	*	*	*	GU237887	*
H	24838	100	100.0	+	0	0	100M386I	GU237887	GU237887
L	26400	482	*	*	*	*	*	FJ427048	*
H	26400	100	97.0	+	0	0	100M382I	GU237887	FJ427048
L	13903	544	*	*	*	*	*	FJ228201	*
H	13903	100	94.0	+	0	0	25I100M419I	GU237887	FJ228201
H	23522	100	93.0	+	0	0	34I100M359I	GU237887	FJ228181
L	24842	543	*	*	*	*	*	GU246248	*
H	24842	100	100.0	+	0	0	172I100M271I	GU246248	GU246248
L	23532	376	*	*	*	*	*	EU343848	*
H	23532	100	98.0	+	0	0	10I51M2I31MI18M263I	GU246248	EU343848
L	24844	469	*	*	*	*	*	GU246252	*
H	24844	100	100.0	+	0	0	118I100M251I	GU246252	GU246252
L	24847	504	*	*	*	*	*	GU246257	*
H	24847	100	100.0	+	0	0	62I100M342I	GU246257	GU246257
L	24856	720	*	*	*	*	*	FJ824090	*
H	24856	100	100.0	+	0	0	54I100M566I	FJ824090	FJ824090
L	25081	706	*	*	*	*	*	EU784414	*
H	25081	100	99.0	+	0	0	50I9M2I91M554I	FJ824090	EU784414
H	3007	100	90.0	+	0	0	49I9M2I26M2I46M4I9MD9M554I	FJ824090	EU819439
L	24868	1217	*	*	*	*	*	GQ159904	*
H	24868	100	100.0	+	0	0	100M1117I	GQ159904	GQ159904
L	10451	473	*	*	*	*	*	FN669186	*
H	10451	100	96.0	+	0	0	5I100M368I	GQ159904	FN669186
L	3388	1260	*	*	*	*	*	FJ039657	*
H	3388	100	98.0	+	0	0	17I100M1143I	GQ159904	FJ039657
L	124	640	*	*	*	*	*	DQ652233	*
H	124	100	96.0	+	0	0	14I100M526I	GQ159904	DQ652233
L	383	606	*	*	*	*	*	DQ974719	*
H	383	100	97.0	+	0	0	2I100M504I	GQ159904	DQ974719
L	24873	658	*	*	*	*	*	GU258280	*
H	24873	100	100.0	+	0	0	50I100M508I	GU258280	GU258280
L	24874	650	*	*	*	*	*	GU258285	*
H	24874	100	97.0	+	0	0	38I100M512I	GU258280	GU258285
L	24876	619	*	*	*	*	*	GU222290	*
H	24876	100	95.0	+	0	0	31I100M488I	GU258280	GU222290
L	24888	659	*	*	*	*	*	EU525978	*
H	24888	100	100.0	+	0	0	49I100M510I	EU525978	EU525978
L	1055	1197	*	*	*	*	*	FJ157135	*
H	1055	100	98.0	+	0	0	3I8MD91M1095I	EU525978	FJ157135
L	22085	1236	*	*	*	*	*	EU821672	*
H	22085	100	92.0	+	0	0	6I8MD45M4D42M1135I	EU525978	EU821672
L	28866	659	*	*	*	*	*	UDB001090	*
H	28866	100	91.0	+	0	0	2D6MD45M4D42M566I	EU525978	UDB001090
L	24907	550	*	*	*	*	*	GU300072	*
H	24907	100	100.0	+	0	0	11I100M439I	GU300072	GU300072
L	15720	550	*	*	*	*	*	AF201713	*
H	15720	100	99.0	+	0	0	29I19MI81M420I	GU300072	AF201713
L	11096	530	*	*	*	*	*	FJ172294	*
H	11096	100	93.0	+	0	0	D78M6I21M425I	GU300072	FJ172294
L	24919	578	*	*	*	*	*	GU300084	*
H	24919	100	100.0	+	0	0	11I100M467I	GU300084	GU300084
L	24921	600	*	*	*	*	*	GU300086	*
H	24921	100	100.0	+	0	0	11I100M489I	GU300086	GU300086
L	24922	580	*	*	*	*	*	GU300087	*
H	24922	100	92.0	+	0	0	11I94MI6M468I	GU300086	GU300087
L	24939	502	*	*	*	*	*	GU320818	*
H	24939	100	100.0	+	0	0	100M402I	GU320818	GU320818
L	21132	509	*	*	*	*	*	EU254762	*
H	21132	100	92.0	+	0	0	60MD39M410I	GU320818	EU254762
L	13844	506	*	*	*	*	*	EU254841	*
H	13844	100	95.0	+	0	0	90MI10M405I	GU320818	EU254841
L	2323	518	*	*	*	*	*	EU254846	*
H	2323	100	91.0	+	0	0	59MD40M419I	GU320818	EU254846
L	2320	507	*	*	*	*	*	EU254823	*
H	2320	100	93.0	+	0	0	100M407I	GU320818	EU254823
L	24942	581	*	*	*	*	*	GU322439	*
H	24942	100	100.0	+	0	0	11I100M470I	GU322439	GU322439
H	25942	100	97.0	+	0	0	11I100M467I	GU322439	GU322441
L	767	549	*	*	*	*	*	EF423543	*
H	767	100	94.0	+	0	0	38I100M411I	GU322439	EF423543
H	14862	100	90.0	+	0	0	D99M445I	GU322439	DQ780445
H	15642	100	90.0	+	0	0	3D97M472I	GU322439	AF163034
L	24946	588	*	*	*	*	*	GU324737	*
H	24946	100	100.0	+	0	0	11I100M477I	GU324737	GU324737
L	1698	587	*	*	*	*	*	GU324736	*
H	1698	100	93.0	+	0	0	11I82MI18M475I	GU324737	GU324736
L	24972	2276	*	*	*	*	*	GU327540	*
H	24972	100	100.0	+	0	0	1783I100M393I	GU327540	GU327540
L	25004	716	*	*	*	*	*	GU371295	*
H	25004	100	100.0	+	0	0	52I100M564I	GU371295	GU371295
L	7301	684	*	*	*	*	*	GU371297	*
H	7301	100	90.0	+	0	0	10D90M594I	GU371295	GU371297
L	4617	661	*	*	*	*	*	EU598186	*
H	4617	100	90.0	+	0	0	6D94M567I	GU371295	EU598186
L	17617	708	*	*	*	*	*	AY061736	*
H	17617	100	95.0	+	0	0	29I100M579I	GU371295	AY061736
L	24867	658	*	*	*	*	*	GU222264	*
H	24867	100	93.0	+	0	0	22I100M536I	GU371295	GU222264
L	25005	911	*	*	*	*	*	GU373512	*
H	25005	100	100.0	+	0	0	100M811I	GU373512	GU373512
H	7746	100	96.0	+	0	0	13I8MI75MI17M493I	GU373512	HQ215768
L	7572	630	*	*	*	*	*	GU234073	*
H	7572	100	95.0	+	0	0	24I8M2I92M504I	GU373512	GU234073
L	7747	606	*	*	*	*	*	HQ215770	*
H	7747	100	94.0	+	0	0	13I8MI92M492I	GU373512	HQ215770
L	21977	665	*	*	*	*	*	EU784200	*
H	21977	100	90.0	+	0	0	2I100M563I	GU373512	EU784200
L	25010	548	*	*	*	*	*	FJ971840	*
H	25010	100	100.0	+	0	0	100M448I	FJ971840	FJ971840
L	25838	524	*	*	*	*	*	HM572295	*
H	25838	100	99.0	+	0	0	5I12MI88M418I	FJ971840	HM572295
L	25022	522	*	*	*	*	*	GU396232	*
H	25022	100	100.0	+	0	0	100M422I	GU396232	GU396232
H	5621	100	99.0	+	0	0	18I100M448I	GU396232	DQ189225
L	6300	564	*	*	*	*	*	FJ977924	*
H	6300	100	96.0	+	0	0	18I100M446I	GU396232	FJ977924
L	7508	921	*	*	*	*	*	EU884922	*
H	7508	100	96.0	+	0	0	419I100M402I	GU396232	EU884922
L	8453	842	*	*	*	*	*	EU884923	*
H	8453	100	96.0	+	0	0	401I100M341I	GU396232	EU884923
L	25035	720	*	*	*	*	*	AY340015	*
H	25035	100	100.0	+	0	0	100M620I	AY340015	AY340015
L	9109	715	*	*	*	*	*	AY340032	*
H	9109	100	98.0	+	0	0	100M615I	AY340015	AY340032
H	9106	100	95.0	+	0	0	19I47M11I53M656I	AY340015	FJ613649
H	9111	100	94.0	+	0	0	46M15I54M631I	AY340015	AY340004
H	18268	100	92.0	+	0	0	21I100M640I	AY340015	EU477479
L	25038	769	*	*	*	*	*	GU461970	*
H	25038	100	100.0	+	0	0	11I100M658I	GU461970	GU461970
H	9106	100	94.0	+	0	0	11I61M5I39M670I	GU461970	FJ613649
L	9105	783	*	*	*	*	*	GU461943	*
H	9105	100	95.0	+	0	0	11I72M2I28M670I	GU461970	GU461943
L	9112	770	*	*	*	*	*	GU461958	*
H	9112	100	94.0	+	0	0	11I100M659I	GU461970	GU461958
L	25051	538	*	*	*	*	*	GU479249	*
H	25051	100	100.0	+	0	0	17I100M421I	GU479249	GU479249
H	22397	100	94.0	+	0	0	54M2D24MD19M556I	GU479249	FJ168574
L	10475	639	*	*	*	*	*	FJ168584	*
H	10475	100	94.0	+	0	0	54M2D24MD19M542I	GU479249	FJ168584
H	22081	100	94.0	+	0	0	49I56M2D22MD19M354I	GU479249	EU819541
H	25058	100	94.0	+	0	0	23I56M2D22MD19M457I	GU479249	GU479288
H	13431	100	100.0	+	0	0	36I100M491I	EU280122	EU280109
L	4214	565	*	*	*	*	*	FJ908744	*
H	4214	100	100.0	+	0	0	25I100M440I	EU280122	FJ908744
L	3466	583	*	*	*	*	*	FJ205452	*
H	3466	100	100.0	+	0	0	27I100M456I	EU280122	FJ205452
L	25060	617	*	*	*	*	*	EU280122	*
H	25060	100	100.0	+	0	0	30I100M487I	EU280122	EU280122
L	2097	315	*	*	*	*	*	EU443834	*
H	2097	100	97.0	+	0	0	15I100M200I	EU280122	EU443834
L	25063	526	*	*	*	*	*	FJ437065	*
H	25063	100	100.0	+	0	0	97I100M329I	FJ437065	FJ437065
H	24135	100	100.0	+	0	0	151I100M344I	FJ437065	FJ610288
L	25387	561	*	*	*	*	*	FJ412085	*
H	25387	100	100.0	+	0	0	74I100M387I	FJ437065	FJ412085
L	761	521	*	*	*	*	*	EF417478	*
H	761	100	100.0	+	0	0	143I100M278I	FJ437065	EF417478
L	5745	584	*	*	*	*	*	FJ860825	*
H	5745	100	99.0	+	0	0	101I51MI49M382I	FJ437065	FJ860825
L	25114	705	*	*	*	*	*	GU593317	*
H	25114	100	100.0	+	0	0	100M605I	GU593317	GU593317
L	25120	707	*	*	*	*	*	GU594158	*
H	25120	100	100.0	+	0	0	100M607I	GU594158	GU594158
L	10186	595	*	*	*	*	*	HM635711	*
H	10186	100	98.0	+	0	0	8I30MI20M14I26M2I24M470I	GU594158	HM635711
L	25144	628	*	*	*	*	*	GU733338	*
H	25144	100	100.0	+	0	0	50I100M478I	GU733338	GU733338
L	25158	450	*	*	*	*	*	GU797401	*
H	25158	100	100.0	+	0	0	24I100M326I	GU797401	GU797401
L	25179	726	*	*	*	*	*	FJ871094	*
H	25179	100	100.0	+	0	0	220I100M406I	FJ871094	FJ871094
H	9799	100	97.0	+	0	0	212I80MD6MD12M521I	FJ871094	JF923596
H	25188	100	95.0	+	0	0	259I77MD22M430I	FJ871094	GU827328
L	23339	729	*	*	*	*	*	FJ871083	*
H	23339	100	93.0	+	0	0	221I79M2D19M410I	FJ871094	FJ871083
H	9807	100	93.0	+	0	0	257I79M2D19M455I	FJ871094	JF923612
H	25182	100	100.0	+	0	0	328I100M418I	FJ871089	FJ871089
H	25188	100	98.0	+	0	0	259I88MI12M428I	FJ871089	GU827328
H	4749	100	97.0	+	0	0	330I100M419I	FJ871089	FJ871076
H	4759	100	96.0	+	0	0	36I100M438I	FJ871089	FJ871100
H	9807	100	95.0	+	0	0	257I100M453I	FJ871089	JF923612
H	9807	100	100.0	+	0	0	257I100M453I	GU827324	JF923612
H	25185	100	100.0	+	0	0	254I100M425I	GU827324	GU827324
H	7206	100	99.0	+	0	0	228I100M443I	GU827324	GU827332
H	4759	100	98.0	+	0	0	36I100M438I	GU827324	FJ871100
H	7204	100	98.0	+	0	0	224I100M406I	GU827324	FJ871097
L	25187	584	*	*	*	*	*	GU827326	*
H	25187	100	100.0	+	0	0	39I100M445I	GU827326	GU827326
H	9804	100	98.0	+	0	0	230I100M497I	GU827326	JF923608
H	25186	100	98.0	+	0	0	252I100M425I	GU827326	GU827325
L	27629	767	*	*	*	*	*	JF923609	*
H	27629	100	97.0	+	0	0	236I100M431I	GU827326	JF923609
L	27641	738	*	*	*	*	*	JF937046	*
H	27641	100	97.0	+	0	0	226I100M412I	GU827326	JF937046
L	25202	434	*	*	*	*	*	GU905997	*
H	25202	100	100.0	+	0	0	100M334I	GU905997	GU905997
L	7060	723	*	*	*	*	*	GU327642	*
H	7060	100	100.0	+	0	0	15I100M608I	AF161014	GU327642
L	25213	688	*	*	*	*	*	AF161014	*
H	25213	100	100.0	+	0	0	4I100M584I	AF161014	AF161014
L	11885	721	*	*	*	*	*	FJ223228	*
H	11885	100	100.0	+	0	0	13I100M608I	AF161014	FJ223228
L	12280	1266	*	*	*	*	*	AY484693	*
H	12280	100	96.0	+	0	0	4D96M1170I	AF161014	AY484693
H	23623	100	98.0	+	0	0	35I100M630I	AF161014	EU326208
L	25217	663	*	*	*	*	*	GU934542	*
H	25217	100	100.0	+	0	0	22I100M541I	GU934542	GU934542
L	19105	600	*	*	*	*	*	EF152528	*
H	19105	100	99.0	+	0	0	23I100M477I	GU934542	EF152528
L	1458	608	*	*	*	*	*	EU076935	*
H	1458	100	95.0	+	0	0	23I100M485I	GU934542	EU076935
L	11623	631	*	*	*	*	*	EU484265	*
H	11623	100	90.0	+	0	0	9I45MI30MI25M520I	GU934542	EU484265
L	2233	629	*	*	*	*	*	GQ922555	*
H	2233	100	91.0	+	0	0	4D43MD52M534I	GU934542	GQ922555
H	25218	100	100.0	+	0	0	100M451I	FJ455872	FJ455872
H	19931	100	99.0	+	0	0	45I100M488I	FJ455872	GQ150159
H	16758	100	96.0	+	0	0	18I100M437I	FJ455872	FJ499457
H	5342	100	95.0	+	0	0	39I94MI6M523I	FJ455872	GQ376119
L	22712	552	*	*	*	*	*	FJ455867	*
H	22712	100	94.0	+	0	0	100M452I	FJ455872	FJ455867
L	26059	551	*	*	*	*	*	EF409793	*
H	26059	100	99.0	+	0	0	4I100M447I	GU973659	EF409793
L	25250	576	*	*	*	*	*	GU973659	*
H	25250	100	100.0	+	0	0	23I100M453I	GU973659	GU973659
L	19171	811	*	*	*	*	*	DQ155287	*
H	19171	100	99.0	+	0	0	581I100M130I	GU973659	DQ155287
L	27657	619	*	*	*	*	*	FJ878673	*
H	27657	100	99.0	+	0	0	35I100M484I	GU973659	FJ878673
L	4317	614	*	*	*	*	*	FJ654480	*
H	4317	100	99.0	+	0	0	67I100M447I	GU973659	FJ654480
L	25263	417	*	*	*	*	*	GU973743	*
H	25263	100	100.0	+	0	0	100M317I	GU973743	GU973743
L	18883	594	*	*	*	*	*	GU056168	*
H	18883	100	93.0	+	0	0	41I15M2D83M455I	GU973743	GU056168
L	12492	546	*	*	*	*	*	FJ210573	*
H	12492	100	93.0	+	0	0	47I15M2D83M401I	GU973743	FJ210573
L	24438	559	*	*	*	*	*	EF152433	*
H	24438	100	93.0	+	0	0	12I15M2D83M449I	GU973743	EF152433
L	24206	558	*	*	*	*	*	EU151490	*
H	24206	100	93.0	+	0	0	12I15M2D83M448I	GU973743	EU151490
L	25283	621	*	*	*	*	*	GU979029	*
H	25283	100	100.0	+	0	0	34I100M487I	GU979029	GU979029
L	3570	675	*	*	*	*	*	EU784429	*
H	3570	100	99.0	+	0	0	35I100M540I	GU979029	EU784429
L	17188	669	*	*	*	*	*	EU784424	*
H	17188	100	97.0	+	0	0	39I100M530I	GU979029	EU784424
L	28712	632	*	*	*	*	*	EU784423	*
H	28712	100	94.0	+	0	0	2I8MD91M531I	GU979029	EU784423
L	25303	194	*	*	*	*	*	AY568537	*
H	25303	100	100.0	+	0	0	100M94I	AY568537	AY568537
L	16846	790	*	*	*	*	*	AJ301714	*
H	16846	100	95.0	+	0	0	575I61MD38M116I	AY568537	AJ301714
L	15755	582	*	*	*	*	*	FJ357316	*
H	15755	100	90.0	+	0	0	32I61M2I39M448I	AY568537	FJ357316
L	16840	798	*	*	*	*	*	AJ301700	*
H	16840	100	95.0	+	0	0	592I61MD38M107I	AY568537	AJ301700
L	539	579	*	*	*	*	*	FJ357310	*
H	539	100	95.0	+	0	0	32I22MD38MD38M449I	AY568537	FJ357310
L	25333	870	*	*	*	*	*	DQ367882	*
H	25333	99	100.0	+	0	0	I99M770I	DQ367882	DQ367882
L	21022	377	*	*	*	*	*	EU137672	*
H	21022	99	90.9	+	0	0	11I99M267I	DQ367882	EU137672
L	24835	306	*	*	*	*	*	GU237059	*
H	24835	99	90.9	+	0	0	2I99M205I	DQ367882	GU237059
L	25343	555	*	*	*	*	*	HE574644	*
H	25343	100	100.0	+	0	0	100M455I	HE574644	HE574644
L	25359	546	*	*	*	*	*	EU781658	*
H	25359	100	100.0	+	0	0	100M446I	EU781658	EU781658
H	8061	100	96.0	+	0	0	14I100M444I	EU781658	HQ340001
H	25673	100	96.0	+	0	0	26I100M151I	EU781658	HM243164
L	17153	646	*	*	*	*	*	AJ849889	*
H	17153	100	97.0	+	0	0	36I100M510I	EU781658	AJ849889
H	25520	100	96.0	+	0	0	27I100M462I	EU781658	GU479401
L	25407	612	*	*	*	*	*	HM008934	*
H	25407	100	100.0	+	0	0	24I100M488I	HM008934	HM008934
L	20170	617	*	*	*	*	*	EF029226	*
H	20170	100	95.0	+	0	0	2D27MI71M518I	HM008934	EF029226
H	25682	100	91.0	+	0	0	14I54MI46M521I	HM008934	HM245784
L	25427	658	*	*	*	*	*	HM020692	*
H	25427	100	100.0	+	0	0	50I100M508I	HM020692	HM020692
L	4123	902	*	*	*	*	*	FJ627027	*
H	4123	100	95.0	+	0	0	324I29MI47MI10M2I14M474I	HM020692	FJ627027
L	25485	573	*	*	*	*	*	HM051414	*
H	25485	100	100.0	+	0	0	100M473I	HM051414	HM051414
L	25505	472	*	*	*	*	*	HM060606	*
H	25505	100	100.0	+	0	0	41I100M331I	HM060606	HM060606
L	25512	512	*	*	*	*	*	FJ652102	*
H	25512	100	100.0	+	0	0	11I100M401I	FJ652102	FJ652102
L	24331	213	*	*	*	*	*	AY139791	*
H	24331	100	99.0	+	0	0	11I100M102I	FJ652102	AY139791
L	25515	519	*	*	*	*	*	EF408554	*
H	25515	100	100.0	+	0	0	15I100M404I	EF408554	EF408554
L	24595	549	*	*	*	*	*	GU078451	*
H	24595	100	100.0	+	0	0	14I100M435I	EF408554	GU078451
L	25518	701	*	*	*	*	*	EU819459	*
H	25518	100	100.0	+	0	0	49I100M552I	EU819459	EU819459
L	10601	691	*	*	*	*	*	JF908772	*
H	10601	100	91.0	+	0	0	9I33MD25M2D39M585I	EU819459	JF908772
L	25551	305	*	*	*	*	*	HM131364	*
H	25551	100	100.0	+	0	0	100M205I	HM131364	HM131364
L	13890	1249	*	*	*	*	*	DQ344514	*
H	13890	100	97.0	+	0	0	376I100M773I	HM131364	DQ344514
L	1357	458	*	*	*	*	*	L08734	*
H	1357	100	96.0	+	0	0	125I100M233I	HM131364	L08734
L	3095	621	*	*	*	*	*	EU872159	*
H	3095	100	94.0	+	0	0	316I100M205I	HM131364	EU872159
L	2599	722	*	*	*	*	*	EU014056	*
H	2599	100	97.0	+	0	0	378I100M244I	HM131364	EU014056
L	25611	615	*	*	*	*	*	HM161512	*
H	25611	100	100.0	+	0	0	49I100M466I	HM161512	HM161512
L	11023	578	*	*	*	*	*	HQ455532	*
H	11023	100	93.0	+	0	0	8I100M470I	HM161512	HQ455532
L	25670	313	*	*	*	*	*	HM243159	*
H	25670	100	100.0	+	0	0	11I100M202I	HM243159	HM243159
H	28013	100	98.0	+	0	0	7I77MD22M495I	HM243159	FJ442664
L	25367	248	*	*	*	*	*	DQ092572	*
H	25367	100	98.0	+	0	0	13I77MD22M136I	HM243159	DQ092572
H	25678	100	98.0	+	0	0	11I77MD22M176I	HM243159	HM243173
H	11186	100	98.0	+	0	0	11I77MD22M510I	HM243159	FJ975596
H	25676	100	100.0	+	0	0	11I100M197I	HM243170	HM243170
H	7456	100	100.0	+	0	0	11I79MI21M786I	HM243170	GU048857
H	21091	100	100.0	+	0	0	15I79MI21M532I	HM243170	EU186406
H	25675	100	99.0	+	0	0	11I83MD16M196I	HM243170	HM243168
L	6717	654	*	*	*	*	*	EU186408	*
H	6717	100	99.0	+	0	0	11I79MI21M542I	HM243170	EU186408
L	25680	496	*	*	*	*	*	HM245331	*
H	25680	100	100.0	+	0	0	14I100M382I	HM245331	HM245331
L	25687	561	*	*	*	*	*	JF415137	*
H	25687	100	100.0	+	0	0	100M461I	JF415137	JF415137
L	25828	640	*	*	*	*	*	HM562213	*
H	25828	100	96.0	+	0	0	22I89MI11M517I	JF415137	HM562213
L	25685	552	*	*	*	*	*	JF415139	*
H	25685	100	90.0	+	0	0	5D84MI11M456I	JF415137	JF415139
L	25686	599	*	*	*	*	*	HM246493	*
H	25686	100	92.0	+	0	0	13I89MI11M485I	JF415137	HM246493
L	25691	668	*	*	*	*	*	AJ419188	*
H	25691	100	100.0	+	0	0	100M568I	AJ419188	AJ419188
L	17004	733	*	*	*	*	*	DQ131634	*
H	17004	100	99.0	+	0	0	30I16MI40MD43M603I	AJ419188	DQ131634
L	25693	699	*	*	*	*	*	HM347646	*
H	25693	100	100.0	+	0	0	22I100M577I	HM347646	HM347646
L	25698	567	*	*	*	*	*	HM054136	*
H	25698	100	100.0	+	0	0	13I100M454I	HM054136	HM054136
H	26938	100	96.0	+	0	0	25I88M2I12M448I	HM054136	HQ897813
L	22873	575	*	*	*	*	*	FJ560438	*
H	22873	100	96.0	+	0	0	13I29MI71M461I	HM054136	FJ560438
L	14672	2196	*	*	*	*	*	AB245442	*
H	14672	100	91.0	+	0	0	1733I74MI13M4I13M358I	HM054136	AB245442
L	25704	906	*	*	*	*	*	EU753268	*
H	25704	100	100.0	+	0	0	10I100M796I	EU753268	EU753268
L	25711	594	*	*	*	*	*	HQ630988	*
H	25711	100	100.0	+	0	0	50I100M444I	HQ630988	HQ630988
L	28601	536	*	*	*	*	*	U57493	*
H	28601	100	94.0	+	0	0	11I100M425I	HQ630988	U57493
L	23851	529	*	*	*	*	*	EF029209	*
H	23851	100	91.0	+	0	0	2D98M431I	HQ630988	EF029209
L	25721	518	*	*	*	*	*	HM461577	*
H	25721	100	100.0	+	0	0	35I100M383I	HM461577	HM461577
L	25723	377	*	*	*	*	*	HM461581	*
H	25723	100	100.0	+	0	0	11I100M266I	HM461581	HM461581
L	25729	509	*	*	*	*	*	FJ441010	*
H	25729	100	100.0	+	0	0	I100M408I	FJ441010	FJ441010
L	24864	294	*	*	*	*	*	GU253287	*
H	24864	100	99.0	+	0	0	50I100M144I	FJ441010	GU253287
L	4433	562	*	*	*	*	*	FJ460589	*
H	4433	100	98.0	+	0	0	27I100M435I	FJ441010	FJ460589
L	91	557	*	*	*	*	*	FJ948133	*
H	91	100	94.0	+	0	0	11I100M446I	FJ441010	FJ948133
L	21942	536	*	*	*	*	*	EU721724	*
H	21942	100	92.0	+	0	0	4D12M9I84M431I	FJ441010	EU721724
L	25730	537	*	*	*	*	*	HM466670	*
H	25730	100	100.0	+	0	0	100M437I	HM466670	HM466670
H	7553	100	98.0	+	0	0	55I75MI25M394I	HM466670	GU067744
H	21918	100	97.0	+	0	0	20I71MI29M1032I	HM466670	EU715685
L	21256	589	*	*	*	*	*	EU330953	*
H	21256	100	97.0	+	0	0	36MD63M490I	HM466670	EU330953
H	13530	100	96.0	+	0	0	45I76MD23M484I	HM466670	DQ132829
L	25738	594	*	*	*	*	*	HM484547	*
H	25738	100	100.0	+	0	0	100M494I	HM484547	HM484547
L	22531	539	*	*	*	*	*	EF029185	*
H	22531	100	96.0	+	0	0	13I71MI29M425I	HM484547	EF029185
L	25736	594	*	*	*	*	*	HM484543	*
H	25736	100	95.0	+	0	0	67M2I33M492I	HM484547	HM484543
L	8753	1531	*	*	*	*	*	HM534893	*
H	8753	100	95.0	+	0	0	147I67M2I33M1282I	HM484547	HM534893
L	15479	1510	*	*	*	*	*	AF081478	*
H	15479	100	95.0	+	0	0	357I27M2I41M10I32M1041I	HM484547	AF081478
L	25772	509	*	*	*	*	*	DQ069040	*
H	25772	100	100.0	+	0	0	100M409I	DQ069040	DQ069040
H	25777	100	100.0	+	0	0	4I100M639I	HM488751	HM488751
L	3097	726	*	*	*	*	*	EU363036	*
H	3097	100	97.0	+	0	0	13I100M613I	HM488751	EU363036
H	17526	100	96.0	+	0	0	71I100M632I	HM488751	FJ172289
H	23623	100	96.0	+	0	0	35I100M630I	HM488751	EU326208
H	2032	100	94.0	+	0	0	11I32MD67M576I	HM488751	EU244586
L	25784	686	*	*	*	*	*	HM536085	*
H	25784	100	100.0	+	0	0	51I100M535I	HM536085	HM536085
H	25811	100	100.0	+	0	0	17I100M555I	HM562113	HM562113
H	4650	100	91.0	+	0	0	12I53MI40MI7M547I	HM562113	FJ375244
H	25838	100	100.0	+	0	0	4I100M420I	HM572295	HM572295
H	25010	100	97.0	+	0	0	D12MD86M450I	HM572295	FJ971840
H	25853	100	100.0	+	0	0	12I100M410I	HM578889	HM578889
L	25847	513	*	*	*	*	*	HM579016	*
H	25847	100	99.0	+	0	0	12I58M2I42M399I	HM578889	HM579016
L	25325	514	*	*	*	*	*	GU994582	*
H	25325	100	98.0	+	0	0	3I100M411I	HM578889	GU994582
H	25850	100	98.0	+	0	0	12I100M414I	HM578889	HM578759
H	25852	100	98.0	+	0	0	12I100M412I	HM578889	HM578947
L	25863	588	*	*	*	*	*	HM582198	*
H	25863	100	100.0	+	0	0	38I100M450I	HM582198	HM582198
L	25862	593	*	*	*	*	*	HM582197	*
H	25862	100	92.0	+	0	0	22I61MI39M470I	HM582198	HM582197
L	25864	623	*	*	*	*	*	HM582200	*
H	25864	100	92.0	+	0	0	38I38MI22MI40M483I	HM582198	HM582200
L	25885	1666	*	*	*	*	*	HM595584	*
H	25885	100	100.0	+	0	0	1524I100M42I	HM595584	HM595584
H	20655	100	90.0	+	0	0	2699I100M8I	HM595584	EF596819
L	6343	1883	*	*	*	*	*	GU727553	*
H	6343	100	100.0	+	0	0	1757I100M26I	HM595597	GU727553
L	25890	2091	*	*	*	*	*	HM595597	*
H	25890	100	100.0	+	0	0	1947I100M44I	HM595597	HM595597
L	25889	1657	*	*	*	*	*	HM595595	*
H	25889	100	100.0	+	0	0	1514I100M43I	HM595597	HM595595
L	25888	1659	*	*	*	*	*	HM595594	*
H	25888	100	100.0	+	0	0	1514I100M45I	HM595597	HM595594
L	25887	2079	*	*	*	*	*	HM595593	*
H	25887	100	100.0	+	0	0	1937I100M42I	HM595597	HM595593
L	16577	1712	*	*	*	*	*	AF506469	*
H	16577	100	100.0	+	0	0	1572I100M40I	HM595611	AF506469
L	25894	1692	*	*	*	*	*	HM595610	*
H	25894	100	100.0	+	0	0	1549I100M43I	HM595611	HM595610
L	25895	1691	*	*	*	*	*	HM595611	*
H	25895	100	100.0	+	0	0	1546I100M45I	HM595611	HM595611
L	25896	1682	*	*	*	*	*	AF506425	*
H	25896	100	100.0	+	0	0	1549I100M33I	HM595611	AF506425
L	9512	1715	*	*	*	*	*	AF506384	*
H	9512	100	97.0	+	0	0	1592I100M23I	HM595611	AF506384
L	25905	546	*	*	*	*	*	HM596004	*
H	25905	100	100.0	+	0	0	13I100M433I	HM596004	HM596004
L	11015	292	*	*	*	*	*	JN019378	*
H	11015	100	96.0	+	0	0	36I100M156I	HM596004	JN019378
L	207	582	*	*	*	*	*	DQ836182	*
H	207	100	97.0	+	0	0	7I9MD90M476I	HM596004	DQ836182
L	20541	564	*	*	*	*	*	EF495097	*
H	20541	100	93.0	+	0	0	3D97M467I	HM596004	EF495097
L	25868	536	*	*	*	*	*	HM583833	*
H	25868	100	94.0	+	0	0	8I60MD18M2D19M431I	HM596004	HM583833
L	25973	627	*	*	*	*	*	EF393631	*
H	25973	100	100.0	+	0	0	11I100M516I	EF393631	EF393631
L	26843	640	*	*	*	*	*	EF393629	*
H	26843	100	98.0	+	0	0	11I38MI62M528I	EF393631	EF393629
H	10889	100	98.0	+	0	0	11I39MI61M517I	EF393631	EF393628
L	16891	634	*	*	*	*	*	EF393622	*
H	16891	100	98.0	+	0	0	11I27MI73M522I	EF393631	EF393622
L	16889	629	*	*	*	*	*	AJ313444	*
H	16889	100	96.0	+	0	0	11I38MI62M517I	EF393631	AJ313444
L	25984	564	*	*	*	*	*	AF201756	*
H	25984	100	100.0	+	0	0	100M464I	AF201756	AF201756
L	22937	564	*	*	*	*	*	AF201759	*
H	22937	100	99.0	+	0	0	100M464I	AF201756	AF201759
L	4238	525	*	*	*	*	*	FJ185305	*
H	4238	100	96.0	+	0	0	4D96M429I	AF201756	FJ185305
L	7105	664	*	*	*	*	*	EF694672	*
H	7105	100	94.0	+	0	0	18I76MD16MI7M546I	AF201756	EF694672
L	15728	700	*	*	*	*	*	AF201749	*
H	15728	100	93.0	+	0	0	76MD16MI7M600I	AF201756	AF201749
L	26020	661	*	*	*	*	*	EU598184	*
H	26020	100	100.0	+	0	0	100M561I	EU598184	EU598184
L	18156	615	*	*	*	*	*	EU284011	*
H	18156	100	97.0	+	0	0	2D98M517I	EU598184	EU284011
L	11823	613	*	*	*	*	*	AF418614	*
H	11823	100	91.0	+	0	0	8D92M521I	EU598184	AF418614
L	6386	952	*	*	*	*	*	FJ845427	*
H	6386	100	98.0	+	0	0	114I100M738I	EU598184	FJ845427
L	24739	688	*	*	*	*	*	GU222258	*
H	24739	100	96.0	+	0	0	41I100M547I	EU598184	GU222258
L	26099	564	*	*	*	*	*	U78815	*
H	26099	100	100.0	+	0	0	322I100M142I	AF320310	U78815
L	26097	1823	*	*	*	*	*	AF320310	*
H	26097	100	100.0	+	0	0	1320I100M403I	AF320310	AF320310
L	26093	711	*	*	*	*	*	HQ157408	*
H	26093	100	91.0	+	0	0	216I28MD14MI57M395I	AF320310	HQ157408
L	26100	1158	*	*	*	*	*	HQ157538	*
H	26100	100	100.0	+	0	0	664I100M394I	HQ157538	HQ157538
L	26143	660	*	*	*	*	*	AY308582	*
H	26143	100	100.0	+	0	0	100M560I	AY308582	AY308582
L	13353	709	*	*	*	*	*	EU570177	*
H	13353	100	98.0	+	0	0	43I52MD47M567I	AY308582	EU570177
H	12793	100	96.0	+	0	0	42I52MD47M561I	AY308582	EF451057
H	5373	100	96.0	+	0	0	59I46MD53M584I	AY308582	JN943949
H	7578	100	97.0	+	0	0	8I52MD47M495I	AY308582	FJ168580
L	26170	593	*	*	*	*	*	HQ215825	*
H	26170	100	100.0	+	0	0	100M493I	HQ215825	HQ215825
H	22077	100	96.0	+	0	0	56I48MD51M496I	HQ215825	EU819524
L	385	565	*	*	*	*	*	DQ974777	*
H	385	100	95.0	+	0	0	2D47MD50M468I	HQ215825	DQ974777
L	8275	592	*	*	*	*	*	HQ215810	*
H	8275	100	95.0	+	0	0	48MD51M493I	HQ215825	HQ215810
L	28670	685	*	*	*	*	*	U83483	*
H	28670	100	96.0	+	0	0	45I49MD50M541I	HQ215825	U83483
L	26186	584	*	*	*	*	*	HQ222866	*
H	26186	100	100.0	+	0	0	50I100M434I	HQ222866	HQ222866
L	26185	585	*	*	*	*	*	HQ222863	*
H	26185	100	99.0	+	0	0	50I100M435I	HQ222866	HQ222863
L	21843	682	*	*	*	*	*	JQ256430	*
H	21843	100	93.0	+	0	0	49I33M2I67M531I	HQ222866	JQ256430
L	26187	610	*	*	*	*	*	HQ222868	*
H	26187	100	96.0	+	0	0	50I100M460I	HQ222866	HQ222868
L	26207	601	*	*	*	*	*	FJ711054	*
H	26207	100	100.0	+	0	0	100M501I	FJ711054	FJ711054
L	27843	618	*	*	*	*	*	FJ372691	*
H	27843	100	99.0	+	0	0	26I13MD86M493I	FJ711054	FJ372691
H	23344	100	98.0	+	0	0	25I100M505I	FJ711054	GQ982886
L	10876	684	*	*	*	*	*	EU863192	*
H	10876	100	95.0	+	0	0	61I100M523I	FJ711054	EU863192
H	11190	100	97.0	+	0	0	16I100M515I	FJ711054	AY840570
L	26211	579	*	*	*	*	*	AB084620	*
H	26211	100	100.0	+	0	0	100M479I	AB084620	AB084620
L	21004	2063	*	*	*	*	*	EU118656	*
H	21004	100	100.0	+	0	0	51I100M1912I	AB084620	EU118656
L	25998	588	*	*	*	*	*	HM997135	*
H	25998	100	99.0	+	0	0	4I9MI17MD73M484I	AB084620	HM997135
L	14621	747	*	*	*	*	*	AB210074	*
H	14621	100	96.0	+	0	0	24I100M623I	AB084620	AB210074
L	14622	739	*	*	*	*	*	AB210075	*
H	14622	100	92.0	+	0	0	22I17MD55MD4MD21M620I	AB084620	AB210075
L	26215	469	*	*	*	*	*	EU057933	*
H	26215	100	100.0	+	0	0	100M369I	EU057933	EU057933
L	1615	471	*	*	*	*	*	EU057912	*
H	1615	100	94.0	+	0	0	41MI59M370I	EU057933	EU057912
L	1617	473	*	*	*	*	*	EU057919	*
H	1617	100	92.0	+	0	0	41MI59M372I	EU057933	EU057919
L	20925	536	*	*	*	*	*	EU057922	*
H	20925	100	92.0	+	0	0	41MI52M4I7M431I	EU057933	EU057922
L	20930	537	*	*	*	*	*	EU057940	*
H	20930	100	91.0	+	0	0	41MI48MI11M435I	EU057933	EU057940
H	26216	100	100.0	+	0	0	100M405I	EU057907	EU057907
H	9816	100	98.0	+	0	0	100M431I	EU057907	JF703122
H	9734	100	98.0	+	0	0	36MI64M439I	EU057907	HQ259265
L	26217	540	*	*	*	*	*	HQ259264	*
H	26217	100	100.0	+	0	0	100M440I	HQ259264	HQ259264
L	9735	551	*	*	*	*	*	HQ259268	*
H	9735	100	92.0	+	0	0	100M451I	HQ259264	HQ259268
L	26243	798	*	*	*	*	*	GQ342866	*
H	26243	100	100.0	+	0	0	100M698I	GQ342866	GQ342866
H	21331	100	100.0	+	0	0	23I100M732I	GQ342866	FJ719390
H	14425	100	100.0	+	0	0	34I100M285I	GQ342866	AB054042
L	26241	826	*	*	*	*	*	HQ285651	*
H	26241	100	99.0	+	0	0	6I100M720I	GQ342866	HQ285651
L	26242	838	*	*	*	*	*	HQ285673	*
H	26242	100	91.0	+	0	0	16I18MI82M721I	GQ342866	HQ285673
L	22515	851	*	*	*	*	*	FJ228180	*
H	22515	100	100.0	+	0	0	426I100M325I	GU062245	FJ228180
L	26304	518	*	*	*	*	*	GU062245	*
H	26304	100	100.0	+	0	0	37I100M381I	GU062245	GU062245
H	11037	100	97.0	+	0	0	648I100M454I	GU062245	JF271750
L	26366	504	*	*	*	*	*	EU768878	*
H	26366	100	92.0	+	0	0	8D92M412I	GU062245	EU768878
L	12184	565	*	*	*	*	*	AY513961	*
H	12184	100	97.0	+	0	0	27I89M3I11M435I	GU062245	AY513961
L	26312	535	*	*	*	*	*	HQ403587	*
H	26312	100	100.0	+	0	0	100M435I	HQ403587	HQ403587
L	26313	560	*	*	*	*	*	EU057905	*
H	26313	100	100.0	+	0	0	100M460I	EU057905	EU057905
L	26322	525	*	*	*	*	*	HQ413278	*
H	26322	100	100.0	+	0	0	180I100M245I	HQ413278	HQ413278
L	14091	710	*	*	*	*	*	EU117202	*
H	14091	100	98.0	+	0	0	I100M609I	HQ413278	EU117202
L	26333	1649	*	*	*	*	*	EU552108	*
H	26333	100	100.0	+	0	0	102I100M1447I	EU552108	EU552108
L	10822	1555	*	*	*	*	*	EU552107	*
H	10822	100	99.0	+	0	0	11I100M1444I	EU552108	EU552107
L	20887	555	*	*	*	*	*	EU041812	*
H	20887	100	92.0	+	0	0	6D94M461I	EU552108	EU041812
L	23430	536	*	*	*	*	*	FJ903324	*
H	23430	100	95.0	+	0	0	39I100M397I	EU552108	FJ903324
L	26336	672	*	*	*	*	*	GU327634	*
H	26336	100	100.0	+	0	0	14I100M558I	GU327634	GU327634
H	23681	100	93.0	+	0	0	12I54M2D44M469I	GU327634	FN396149
H	8293	100	90.0	+	0	0	35I50M2D48M585I	GU327634	AB071799
H	23663	100	92.0	+	0	0	12I54M2D16MI28M483I	GU327634	FN396117
L	10441	702	*	*	*	*	*	JF907840	*
H	10441	100	90.0	+	0	0	25I53MI47M576I	GU327634	JF907840
H	13572	59	100.0	+	0	0	75I59M170I	HM999937	FJ499435
L	22512	236	*	*	*	*	*	FJ227897	*
H	22512	59	100.0	+	0	0	78I59M99I	HM999937	FJ227897
L	26342	290	*	*	*	*	*	HM999937	*
H	26342	59	100.0	+	0	0	59M231I	HM999937	HM999937
H	5443	59	100.0	+	0	0	75I59M2730I	HM999937	GQ458034
L	26343	434	*	*	*	*	*	HQ436460	*
H	26343	59	98.3	+	0	0	25I59M350I	HM999937	HQ436460
H	26370	89	100.0	+	0	0	89M124I	EF176459	EF176459
H	20360	89	96.6	+	0	0	89M124I	EF176459	EF176463
H	2486	89	93.3	+	0	0	172I14M2I75M378I	EF176459	AJ242882
L	28014	604	*	*	*	*	*	JN569114	*
H	28014	89	92.1	+	0	0	115I89M400I	EF176459	JN569114
L	5490	605	*	*	*	*	*	AJ419931	*
H	5490	89	91.0	+	0	0	126I22MI67M389I	EF176459	AJ419931
L	26372	698	*	*	*	*	*	HQ533021	*
H	26372	100	100.0	+	0	0	37I100M561I	HQ533021	HQ533021
L	26377	710	*	*	*	*	*	HQ533028	*
H	26377	100	100.0	+	0	0	39I100M571I	HQ533028	HQ533028
L	7528	710	*	*	*	*	*	HQ832446	*
H	7528	100	91.0	+	0	0	35I37MI31MI32M573I	HQ533028	HQ832446
L	22630	1303	*	*	*	*	*	FJ430717	*
H	22630	100	90.0	+	0	0	2I37MI31MI32M1199I	HQ533028	FJ430717
L	7741	719	*	*	*	*	*	FJ481034	*
H	7741	100	90.0	+	0	0	35I37MI31MI32M582I	HQ533028	FJ481034
L	26406	510	*	*	*	*	*	HQ533860	*
H	26406	100	100.0	+	0	0	100M410I	HQ533860	HQ533860
H	11202	100	95.0	+	0	0	27I69MD14MI16M405I	HQ533860	JN247818
H	26462	100	100.0	+	0	0	38I100M1191I	HQ604084	HQ604084
H	2249	100	96.0	+	0	0	4D96M532I	HQ604084	EU523584
H	24272	100	93.0	+	0	0	5I49M3D48M548I	HQ604084	UDB011885
H	26463	100	92.0	+	0	0	38I50M5D45M1172I	HQ604084	HQ604090
H	27523	100	94.0	+	0	0	8I55M3I45M188I	HQ604084	JF908258
L	26508	1328	*	*	*	*	*	HQ604786	*
H	26508	100	100.0	+	0	0	100M1228I	HQ604786	HQ604786
L	21886	737	*	*	*	*	*	JF908091	*
H	21886	100	90.0	+	0	0	56I46M3D51M584I	HQ604786	JF908091
L	17453	2093	*	*	*	*	*	AM882864	*
H	17453	100	90.0	+	0	0	57I16MD29M3D51M1940I	HQ604786	AM882864
L	25290	813	*	*	*	*	*	EF655685	*
H	25290	100	93.0	+	0	0	15I41M2D9MD47M701I	HQ604786	EF655685
L	25291	404	*	*	*	*	*	GU980613	*
H	25291	100	92.0	+	0	0	61I52MD47M244I	HQ604786	GU980613
L	26521	559	*	*	*	*	*	HQ605942	*
H	26521	100	100.0	+	0	0	26I100M433I	HQ605942	HQ605942
L	26538	458	*	*	*	*	*	EU940229	*
H	26538	100	100.0	+	0	0	100M358I	EU940229	EU940229
L	28603	514	*	*	*	*	*	U57495	*
H	28603	100	99.0	+	0	0	23I100M391I	EU940229	U57495
L	18434	468	*	*	*	*	*	AY618678	*
H	18434	100	95.0	+	0	0	8I100M360I	EU940229	AY618678
L	26554	772	*	*	*	*	*	HQ625011	*
H	26554	100	100.0	+	0	0	100M672I	HQ625011	HQ625011
L	26385	753	*	*	*	*	*	HQ533044	*
H	26385	100	98.0	+	0	0	50I7MI26MD66M603I	HQ625011	HQ533044
L	26562	695	*	*	*	*	*	HQ630343	*
H	26562	100	100.0	+	0	0	100M595I	HQ630343	HQ630343
L	26563	721	*	*	*	*	*	HQ630344	*
H	26563	100	96.0	+	0	0	17MI19M2I64M618I	HQ630343	HQ630344
L	26565	589	*	*	*	*	*	HQ630349	*
H	26565	100	100.0	+	0	0	100M489I	HQ630349	HQ630349
L	26567	589	*	*	*	*	*	HQ630351	*
H	26567	100	92.0	+	0	0	100M489I	HQ630349	HQ630351
L	26566	589	*	*	*	*	*	HQ630350	*
H	26566	100	94.0	+	0	0	100M489I	HQ630349	HQ630350
L	22178	587	*	*	*	*	*	HQ630348	*
H	22178	100	92.0	+	0	0	35MD64M488I	HQ630349	HQ630348
L	26579	606	*	*	*	*	*	HQ630992	*
H	26579	100	100.0	+	0	0	50I100M456I	HQ630992	HQ630992
H	26626	100	100.0	+	0	0	27I100M423I	HQ650646	HQ650646
H	27336	100	95.0	+	0	0	13I100M473I	HQ650646	JF739368
H	20675	100	93.0	+	0	0	4I100M473I	HQ650646	EF619582
L	20674	595	*	*	*	*	*	EF619581	*
H	20674	100	91.0	+	0	0	27I100M468I	HQ650646	EF619581
H	9622	100	90.0	+	0	0	13I100M476I	HQ650646	JF739382
L	26707	591	*	*	*	*	*	HQ676155	*
H	26707	100	100.0	+	0	0	13I100M478I	HQ676155	HQ676155
H	26708	100	100.0	+	0	0	50I100M1370I	HQ680352	HQ680352
L	26718	590	*	*	*	*	*	HQ696052	*
H	26718	100	100.0	+	0	0	22I100M468I	HQ696052	HQ696052
H	26739	100	100.0	+	0	0	39I100M514I	HQ698100	HQ698100
L	26768	608	*	*	*	*	*	HQ711924	*
H	26768	100	100.0	+	0	0	39I100M469I	HQ711924	HQ711924
L	26769	534	*	*	*	*	*	HQ711925	*
H	26769	100	92.0	+	0	0	4I100M430I	HQ711924	HQ711925
L	26770	937	*	*	*	*	*	HQ711926	*
H	26770	100	100.0	+	0	0	402I100M435I	HQ711926	HQ711926
L	6591	981	*	*	*	*	*	U51973	*
H	6591	100	90.0	+	0	0	432I57MD42M450I	HQ711926	U51973
L	26821	389	*	*	*	*	*	HQ832491	*
H	26821	100	100.0	+	0	0	94I100M195I	HQ832491	HQ832491
H	26818	100	99.0	+	0	0	94I77MI23M195I	HQ832491	HQ832488
H	15651	100	99.0	+	0	0	133I77MI11M2I12M184I	HQ832491	GQ355331
L	26816	390	*	*	*	*	*	HQ832485	*
H	26816	100	99.0	+	0	0	94I82MI18M195I	HQ832491	HQ832485
H	13225	100	96.0	+	0	0	133I77MI23M188I	HQ832491	GQ355330
L	26928	569	*	*	*	*	*	HQ897790	*
H	26928	100	100.0	+	0	0	25I100M444I	HQ897790	HQ897790
L	22965	561	*	*	*	*	*	FJ624268	*
H	22965	100	91.0	+	0	0	52I75MI14MD10M409I	HQ897790	FJ624268
L	21941	1134	*	*	*	*	*	EU860058	*
H	21941	100	97.0	+	0	0	8I75MI25M1025I	HQ897790	EU860058
L	26942	570	*	*	*	*	*	HQ897831	*
H	26942	100	100.0	+	0	0	25I100M445I	HQ897831	HQ897831
L	26940	579	*	*	*	*	*	HQ897823	*
H	26940	100	92.0	+	0	0	25I75MI19M5I6M448I	HQ897831	HQ897823
L	26980	533	*	*	*	*	*	HQ917071	*
H	26980	100	100.0	+	0	0	100M433I	HQ917071	HQ917071
H	26979	100	95.0	+	0	0	8I100M434I	HQ917071	HQ917070
L	6126	555	*	*	*	*	*	EU681349	*
H	6126	100	94.0	+	0	0	4I100M451I	HQ917071	EU681349
L	11463	576	*	*	*	*	*	JN806217	*
H	11463	100	90.0	+	0	0	2D64MD33M479I	HQ917071	JN806217
H	9266	100	93.0	+	0	0	155I100M378I	HQ917071	HQ917069
L	26987	402	*	*	*	*	*	HQ999979	*
H	26987	100	100.0	+	0	0	26I100M276I	HQ999979	HQ999979
H	26998	100	100.0	+	0	0	100M414I	FJ752738	FJ752738
H	24573	100	98.0	+	0	0	2D98M423I	FJ752738	EU919704
L	10969	515	*	*	*	*	*	EF591910	*
H	10969	100	98.0	+	0	0	100M415I	FJ752738	EF591910
L	27003	560	*	*	*	*	*	FJ441624	*
H	27003	100	98.0	+	0	0	43I100M417I	FJ752738	FJ441624
H	3088	100	99.0	+	0	0	30I100M462I	FJ752738	EU856062
H	26999	100	100.0	+	0	0	100M391I	EU603292	EU603292
H	17789	100	98.0	+	0	0	28I100M432I	EU603292	FJ786401
H	27002	100	98.0	+	0	0	44I100M435I	EU603292	JF271757
H	26997	100	97.0	+	0	0	462I100M538I	EU603292	JF271748
L	5186	1077	*	*	*	*	*	EU715643	*
H	5186	100	90.0	+	0	0	8D92M985I	EU603292	EU715643
L	27006	403	*	*	*	*	*	DQ885782	*
H	27006	100	100.0	+	0	0	100M303I	DQ885782	DQ885782
L	19301	442	*	*	*	*	*	DQ885783	*
H	19301	100	99.0	+	0	0	39I100M303I	DQ885782	DQ885783
H	27021	100	100.0	+	0	0	13I100M425I	JF273555	JF273555
H	20093	100	97.0	+	0	0	16I100M502I	JF273555	JF908276
L	27022	544	*	*	*	*	*	JF275865	*
H	27022	100	100.0	+	0	0	100M444I	JF275865	JF275865
L	14259	621	*	*	*	*	*	U31843	*
H	14259	100	94.0	+	0	0	37I14MD70M2D13M487I	JF275865	U31843
H	7696	100	93.0	+	0	0	21I81MI19M476I	JF275865	AB190871
L	27044	595	*	*	*	*	*	HQ215833	*
H	27044	100	100.0	+	0	0	100M495I	HQ215833	HQ215833
L	28671	687	*	*	*	*	*	U83484	*
H	28671	100	98.0	+	0	0	45I51MI49M541I	HQ215833	U83484
L	5857	820	*	*	*	*	*	AJ534911	*
H	5857	100	98.0	+	0	0	15I51MI49M704I	HQ215833	AJ534911
L	26173	601	*	*	*	*	*	HQ215831	*
H	26173	100	96.0	+	0	0	48MI52M500I	HQ215833	HQ215831
L	28776	575	*	*	*	*	*	UDB000518	*
H	28776	100	92.0	+	0	0	6D94M481I	HQ215833	UDB000518
H	25520	100	100.0	+	0	0	12I100M477I	JF304984	GU479401
H	28013	100	100.0	+	0	0	7I100M494I	JF304984	FJ442664
L	27054	594	*	*	*	*	*	JF304984	*
H	27054	100	100.0	+	0	0	20I100M474I	JF304984	JF304984
H	27053	100	100.0	+	0	0	21I100M472I	JF304984	JF304988
H	25672	100	100.0	+	0	0	11I100M175I	JF304984	HM243161
L	27070	560	*	*	*	*	*	EU770227	*
H	27070	100	100.0	+	0	0	100M460I	EU770227	EU770227
L	4829	534	*	*	*	*	*	FJ903290	*
H	4829	100	99.0	+	0	0	56I100M378I	EU770227	FJ903290
L	15866	542	*	*	*	*	*	AF266651	*
H	15866	100	98.0	+	0	0	10I100M432I	EU770227	AF266651
L	1775	553	*	*	*	*	*	EU128048	*
H	1775	100	94.0	+	0	0	2D98M455I	EU770227	EU128048
H	1776	100	90.0	+	0	0	2D53MI45M462I	EU770227	EU128053
L	27104	517	*	*	*	*	*	AM269779	*
H	27104	100	100.0	+	0	0	9I100M408I	AM269779	AM269779
L	3534	660	*	*	*	*	*	EU784265	*
H	3534	100	98.0	+	0	0	50I8MI92M509I	AM269779	EU784265
L	27099	635	*	*	*	*	*	JF430071	*
H	27099	100	98.0	+	0	0	13I8MI92M521I	AM269779	JF430071
L	21996	670	*	*	*	*	*	EU784262	*
H	21996	100	97.0	+	0	0	39I8MI40MI52M529I	AM269779	EU784262
L	27096	637	*	*	*	*	*	JF430066	*
H	27096	100	98.0	+	0	0	12I8MI20M2I72M522I	AM269779	JF430066
L	27107	414	*	*	*	*	*	EU754899	*
H	27107	100	100.0	+	0	0	I100M313I	EU754899	EU754899
H	13533	100	99.0	+	0	0	42I8MI92M391I	EU754899	DQ132841
H	5600	100	99.0	+	0	0	50I8MI92M363I	EU754899	FJ903371
H	27399	100	99.0	+	0	0	110I8MI92M356I	EU754899	EU817825
L	2152	489	*	*	*	*	*	EU338427	*
H	2152	100	91.0	+	0	0	5D95M394I	EU754899	EU338427
L	27108	490	*	*	*	*	*	HM042314	*
H	27108	100	100.0	+	0	0	12I100M378I	HM042314	HM042314
L	11728	495	*	*	*	*	*	AB693792	*
H	11728	100	92.0	+	0	0	8D92M403I	HM042314	AB693792
H	22680	100	97.0	+	0	0	2D19MI17MI62M386I	HM042314	FJ884130
H	4594	100	95.0	+	0	0	50I21MI79M420I	HM042314	HQ631025
H	26247	100	97.0	+	0	0	50I21MI49MI30M426I	HM042314	HQ631068
L	27114	1563	*	*	*	*	*	JF439139	*
H	27114	100	100.0	+	0	0	224I100M1239I	JF439139	JF439139
H	27119	100	94.0	+	0	0	224I100M1271I	JF439139	JF439178
H	27118	100	93.0	+	0	0	224I100M1269I	JF439139	JF439177
H	10368	100	95.0	+	0	0	224I50MD49M1267I	JF439139	JF439138
H	10367	100	95.0	+	0	0	222I38MI62M1274I	JF439139	JF439159
L	27120	1611	*	*	*	*	*	JF439179	*
H	27120	100	100.0	+	0	0	222I100M1289I	JF439166	JF439179
L	10373	1610	*	*	*	*	*	JF439165	*
H	10373	100	100.0	+	0	0	222I100M1288I	JF439166	JF439165
L	27117	1612	*	*	*	*	*	JF439166	*
H	27117	100	100.0	+	0	0	224I100M1288I	JF439166	JF439166
H	27135	100	100.0	+	0	0	39I100M439I	JF440588	JF440588
L	21491	617	*	*	*	*	*	JN693509	*
H	21491	100	99.0	+	0	0	34I100M483I	JF440588	JN693509
H	22756	100	96.0	+	0	0	39I100M458I	JF440588	FJ487920
H	21254	100	100.0	+	0	0	50I96M5I4M469I	JF440588	EU330636
L	15696	567	*	*	*	*	*	EU301057	*
H	15696	100	97.0	+	0	0	3I100M464I	JF440588	EU301057
L	27141	1622	*	*	*	*	*	JF440983	*
H	27141	100	100.0	+	0	0	150I100M1372I	JF440983	JF440983
L	27156	514	*	*	*	*	*	AF439480	*
H	27156	100	100.0	+	0	0	100M414I	AF439480	AF439480
L	24559	656	*	*	*	*	*	GU062238	*
H	24559	100	99.0	+	0	0	182I100M374I	AF439480	GU062238
L	835	582	*	*	*	*	*	EF452729	*
H	835	100	99.0	+	0	0	25I100M457I	AF439480	EF452729
L	21399	585	*	*	*	*	*	U77357	*
H	21399	100	98.0	+	0	0	25I80MI20M459I	AF439480	U77357
L	13349	568	*	*	*	*	*	GQ922523	*
H	13349	100	97.0	+	0	0	10I81MI19M457I	AF439480	GQ922523
L	27160	621	*	*	*	*	*	HE572530	*
H	27160	100	100.0	+	0	0	100M521I	HE572530	HE572530
L	25769	1238	*	*	*	*	*	AY509552	*
H	25769	100	97.0	+	0	0	559I100M579I	HE572530	AY509552
L	16595	1728	*	*	*	*	*	AF506493	*
H	16595	100	97.0	+	0	0	288I100M1340I	HE572530	AF506493
L	25336	659	*	*	*	*	*	HE572537	*
H	25336	100	99.0	+	0	0	49I100M510I	HE572530	HE572537
L	9617	1034	*	*	*	*	*	JF501394	*
H	9617	100	99.0	+	0	0	480I100M454I	HE572530	JF501394
L	9272	538	*	*	*	*	*	GQ220708	*
H	9272	100	100.0	+	0	0	16I100M422I	FJ379834	GQ220708
H	22476	100	100.0	+	0	0	53I100M415I	FJ379834	FJ210494
H	20555	100	100.0	+	0	0	35I100M457I	FJ379834	GU183167
L	834	555	*	*	*	*	*	EF432280	*
H	834	100	100.0	+	0	0	30I100M425I	FJ379834	EF432280
H	24330	100	100.0	+	0	0	14I100M130I	FJ379834	AY228764
L	27169	1259	*	*	*	*	*	DQ000318	*
H	27169	100	100.0	+	0	0	149I100M1010I	DQ000318	DQ000318
L	11434	521	*	*	*	*	*	JN400818	*
H	11434	100	92.0	+	0	0	11I49MI51M409I	DQ000318	JN400818
L	27170	510	*	*	*	*	*	U82450	*
H	27170	100	100.0	+	0	0	100M410I	U82450	U82450
H	25533	100	100.0	+	0	0	30I26MI74M456I	U82450	DQ490765
H	19677	100	97.0	+	0	0	30I26MI74M455I	U82450	DQ490767
L	27197	545	*	*	*	*	*	UDB001147	*
H	27197	100	100.0	+	0	0	15I100M430I	UDB001147	UDB001147
H	19895	100	99.0	+	0	0	22I100M605I	UDB001147	DQ822800
H	28891	100	99.0	+	0	0	98I100M360I	UDB001147	UDB001233
H	21106	100	99.0	+	0	0	12I100M469I	UDB001147	AJ889975
H	28890	100	99.0	+	0	0	12I100M489I	UDB001147	AY281024
L	27204	531	*	*	*	*	*	FM205691	*
H	27204	100	100.0	+	0	0	100M431I	FM205691	FM205691
L	15282	564	*	*	*	*	*	FJ554516	*
H	15282	100	95.0	+	0	0	41I40MD59M424I	FM205691	FJ554516
L	23201	1414	*	*	*	*	*	FJ809852	*
H	23201	100	92.0	+	0	0	8I6MD33MD59M1308I	FM205691	FJ809852
L	11590	585	*	*	*	*	*	AF132505	*
H	11590	100	90.0	+	0	0	47I21MI79M437I	FM205691	AF132505
L	24870	546	*	*	*	*	*	AY212882	*
H	24870	100	94.0	+	0	0	32I40MD59M415I	FM205691	AY212882
L	27210	735	*	*	*	*	*	JF514521	*
H	27210	100	100.0	+	0	0	13I100M622I	JF514521	JF514521
H	27209	100	97.0	+	0	0	4I100M610I	JF514521	HM488742
H	29197	100	97.0	+	0	0	11I100M576I	JF514521	EF460371
H	9435	100	97.0	+	0	0	13I100M616I	JF514521	JF514539
H	19240	100	97.0	+	0	0	11I100M576I	JF514521	EF460365
L	27256	394	*	*	*	*	*	HM627168	*
H	27256	100	100.0	+	0	0	100M294I	HM627168	HM627168
L	27257	559	*	*	*	*	*	JF693334	*
H	27257	100	100.0	+	0	0	25I100M434I	JF693334	JF693334
L	7313	501	*	*	*	*	*	HM627156	*
H	7313	100	97.0	+	0	0	I52MI48M399I	JF693334	HM627156
L	27300	550	*	*	*	*	*	JF795290	*
H	27300	100	100.0	+	0	0	100M450I	JF795290	JF795290
L	26047	608	*	*	*	*	*	FJ205450	*
H	26047	100	99.0	+	0	0	111I100M397I	JF795290	FJ205450
L	62	526	*	*	*	*	*	DQ322144	*
H	62	100	97.0	+	0	0	24I100M402I	JF795290	DQ322144
L	23078	666	*	*	*	*	*	FJ755828	*
H	23078	100	96.0	+	0	0	92I68MI32M473I	JF795290	FJ755828
L	12622	613	*	*	*	*	*	GU322444	*
H	12622	100	94.0	+	0	0	54I100M459I	JF795290	GU322444
L	12189	550	*	*	*	*	*	DQ914676	*
H	12189	100	100.0	+	0	0	2I100M448I	JF747053	DQ914676
L	27348	546	*	*	*	*	*	JF747053	*
H	27348	100	100.0	+	0	0	100M446I	JF747053	JF747053
H	19906	100	91.0	+	0	0	98I58MI23MI19M483I	JF747053	DQ826737
H	15382	100	91.0	+	0	0	2I58MI23MI19M1372I	JF747053	AF050255
H	21025	100	91.0	+	0	0	10I82MD17M462I	JF747053	EU139133
L	27357	457	*	*	*	*	*	JF756973	*
H	27357	100	100.0	+	0	0	100M357I	JF756973	JF756973
H	14420	100	92.0	+	0	0	53I100M456I	JF756973	FJ494954
L	14030	537	*	*	*	*	*	FJ494931	*
H	14030	100	90.0	+	0	0	2I100M435I	JF756973	FJ494931
L	27372	566	*	*	*	*	*	EU301663	*
H	27372	100	100.0	+	0	0	100M466I	EU301663	EU301663
H	15661	100	99.0	+	0	0	I100M446I	EU301663	AF178524
L	17675	516	*	*	*	*	*	FJ230995	*
H	17675	100	99.0	+	0	0	100M416I	EU301663	FJ230995
L	8072	551	*	*	*	*	*	AB485603	*
H	8072	100	99.0	+	0	0	100M451I	EU301663	AB485603
H	26872	100	99.0	+	0	0	45I100M422I	EU301663	GU212865
L	27377	424	*	*	*	*	*	JF795579	*
H	27377	100	100.0	+	0	0	49I100M275I	JF795579	JF795579
H	27407	100	100.0	+	0	0	1503I100M441I	FJ009609	FJ009609
H	25633	100	100.0	+	0	0	386I23MI77M333I	FJ009609	HM195229
H	9648	100	100.0	+	0	0	35I23MI77M434I	FJ009609	AJ504640
L	20097	816	*	*	*	*	*	DQ993177	*
H	20097	100	100.0	+	0	0	399I23MI77M316I	FJ009609	DQ993177
H	8670	100	100.0	+	0	0	373I23MI77M387I	FJ009609	HM748910
L	27410	587	*	*	*	*	*	JF825548	*
H	27410	100	100.0	+	0	0	12I100M475I	JF825548	JF825548
L	25304	596	*	*	*	*	*	GQ129209	*
H	25304	100	100.0	+	0	0	11I100M485I	JF826010	GQ129209
L	27414	231	*	*	*	*	*	JF826010	*
H	27414	100	100.0	+	0	0	14I100M117I	JF826010	JF826010
L	11689	398	*	*	*	*	*	JQ045334	*
H	11689	100	98.0	+	0	0	2D98M300I	JF826010	JQ045334
L	9058	512	*	*	*	*	*	HQ262500	*
H	9058	100	99.0	+	0	0	13I100M399I	JF826010	HQ262500
L	21725	237	*	*	*	*	*	U03522	*
H	21725	100	99.0	+	0	0	I100M136I	JF826010	U03522
L	27417	162	*	*	*	*	*	AF454106	*
H	27417	100	100.0	+	0	0	100M62I	AF454106	AF454106
L	8824	439	*	*	*	*	*	AY822648	*
H	8824	100	100.0	+	0	0	323I40M3I60M13I	AF454106	AY822648
L	8479	535	*	*	*	*	*	EU624488	*
H	8479	100	100.0	+	0	0	344I40M3I60M88I	AF454106	EU624488
L	1324	1134	*	*	*	*	*	EF669602	*
H	1324	100	98.0	+	0	0	340I41M2D57M696I	AF454106	EF669602
L	26835	578	*	*	*	*	*	EU645664	*
H	26835	100	98.0	+	0	0	386I41M2D57M94I	AF454106	EU645664
L	27423	667	*	*	*	*	*	JF834343	*
H	27423	100	100.0	+	0	0	100M567I	JF834343	JF834343
L	28845	711	*	*	*	*	*	AY061693	*
H	28845	100	92.0	+	0	0	37I27MI41MD31M574I	JF834343	AY061693
L	21652	672	*	*	*	*	*	EU598194	*
H	21652	100	90.0	+	0	0	2I25MI43MD31M570I	JF834343	EU598194
L	27425	646	*	*	*	*	*	JF834349	*
H	27425	100	100.0	+	0	0	100M546I	JF834349	JF834349
L	5856	717	*	*	*	*	*	AY061721	*
H	5856	100	95.0	+	0	0	37I90MI10M579I	JF834349	AY061721
H	21649	100	95.0	+	0	0	2I89MD10M1528I	JF834349	EU598159
H	2499	100	94.0	+	0	0	2I89MD10M583I	JF834349	EU598175
L	27430	633	*	*	*	*	*	JF834368	*
H	27430	100	96.0	+	0	0	89MD10M534I	JF834349	JF834368
L	27442	855	*	*	*	*	*	JF899559	*
H	27442	100	100.0	+	0	0	100M755I	JF899559	JF899559
H	26497	100	96.0	+	0	0	49I43M10I57M1195I	JF899559	HQ604635
L	28911	674	*	*	*	*	*	JQ888174	*
H	28911	100	95.0	+	0	0	24I40M2I40MI20M547I	JF899559	JQ888174
L	26471	1325	*	*	*	*	*	HQ604299	*
H	26471	100	95.0	+	0	0	46I40M2I40MI20M1176I	JF899559	HQ604299
H	27523	100	95.0	+	0	0	19I43M6I57M174I	JF899559	JF908258
L	27450	733	*	*	*	*	*	JF907807	*
H	27450	100	100.0	+	0	0	37I100M596I	JF907807	JF907807
H	25922	100	97.0	+	0	0	9I83MD16M553I	JF907807	HM631724
L	10424	693	*	*	*	*	*	JF907810	*
H	10424	100	93.0	+	0	0	25I56M2I44M566I	JF907807	JF907810
L	27453	690	*	*	*	*	*	JF907819	*
H	27453	100	100.0	+	0	0	25I100M565I	JF907819	JF907819
L	29153	662	*	*	*	*	*	AF241522	*
H	29153	100	95.0	+	0	0	24MD59M2D14M565I	JF907819	AF241522
L	1933	349	*	*	*	*	*	AF438570	*
H	1933	100	93.0	+	0	0	2D22MD59M2D14M254I	JF907819	AF438570
L	7580	534	*	*	*	*	*	GU234101	*
H	7580	100	94.0	+	0	0	21I24MD59M2D14M416I	JF907819	GU234101
L	24752	671	*	*	*	*	*	GU222309	*
H	24752	100	94.0	+	0	0	37I24MD59M2D14M537I	JF907819	GU222309
L	27476	630	*	*	*	*	*	JF907990	*
H	27476	100	100.0	+	0	0	25I100M505I	JF907990	JF907990
L	2272	674	*	*	*	*	*	EU526002	*
H	2272	100	92.0	+	0	0	8I24MI37M2I11M3I28M560I	JF907990	EU526002
L	27480	710	*	*	*	*	*	JF907996	*
H	27480	100	100.0	+	0	0	25I100M585I	JF907996	JF907996
L	29260	1007	*	*	*	*	*	UDB011629	*
H	29260	100	96.0	+	0	0	2I8MD27MD63M907I	JF907996	UDB011629
L	27493	615	*	*	*	*	*	JF908069	*
H	27493	100	100.0	+	0	0	51I100M464I	JF908069	JF908069
L	27505	664	*	*	*	*	*	JF908153	*
H	27505	100	100.0	+	0	0	38I100M526I	JF908153	JF908153
H	26465	100	93.0	+	0	0	38I55M3I45M1242I	JF908153	HQ604166
H	8377	100	96.0	+	0	0	35I55M4I9MI36M1215I	JF908153	HQ604180
H	8372	100	91.0	+	0	0	3I64MI36M546I	JF908153	EU525945
L	27498	556	*	*	*	*	*	JF908102	*
H	27498	100	92.0	+	0	0	29I100M427I	JF908153	JF908102
L	27512	585	*	*	*	*	*	JF908184	*
H	27512	100	100.0	+	0	0	100M485I	JF908184	JF908184
H	27523	100	92.0	+	0	0	22I36M4I32MD31M174I	JF908184	JF908258
H	17465	100	90.0	+	0	0	33I36M3I32MD31M1800I	JF908184	AM882931
H	27523	100	100.0	+	0	0	8I100M191I	JF908258	JF908258
H	26462	100	91.0	+	0	0	38I55M3D42M1194I	JF908258	HQ604084
H	24272	100	90.0	+	0	0	5I49M6D45M551I	JF908258	UDB011885
L	9417	649	*	*	*	*	*	HQ215783	*
H	9417	100	91.0	+	0	0	10I22MI78M538I	JF908258	HQ215783
H	8370	100	90.0	+	0	0	38I50M8D20M2I22M1184I	JF908258	HQ604080
L	27529	713	*	*	*	*	*	HQ318281	*
H	27529	100	100.0	+	0	0	38I100M575I	HQ318281	HQ318281
L	14145	698	*	*	*	*	*	UDB002495	*
H	14145	100	97.0	+	0	0	32I100M566I	HQ318281	UDB002495
H	26259	100	98.0	+	0	0	32I53MI47M568I	HQ318281	HQ318280
L	5488	697	*	*	*	*	*	AB458893	*
H	5488	100	93.0	+	0	0	27I100M570I	HQ318281	AB458893
L	27553	815	*	*	*	*	*	JF908384	*
H	27553	100	100.0	+	0	0	25I100M690I	JF908384	JF908384
L	27573	715	*	*	*	*	*	JF908467	*
H	27573	100	100.0	+	0	0	12I100M603I	JF908467	JF908467
L	10539	803	*	*	*	*	*	JF908435	*
H	10539	100	95.0	+	0	0	21I100M682I	JF908467	JF908435
L	27574	775	*	*	*	*	*	JF908471	*
H	27574	100	95.0	+	0	0	I29MD40MD29M676I	JF908467	JF908471
L	26103	757	*	*	*	*	*	HQ157912	*
H	26103	100	94.0	+	0	0	53I35MD38MI26M604I	JF908467	HQ157912
H	28914	100	93.0	+	0	0	13I32M2D34M2D30M542I	JF908467	UDB001611
L	27594	403	*	*	*	*	*	JF908574	*
H	27594	94	100.0	+	0	0	94M309I	JF908574	JF908574
H	4991	94	93.6	+	0	0	184I21M2D25MD45M347I	JF908574	GQ165672
H	4990	94	93.6	+	0	0	238I21M2D25MD45M367I	JF908574	GQ165663
L	10622	638	*	*	*	*	*	JN102526	*
H	10622	94	91.5	+	0	0	183I19MD28MD45M363I	JF908574	JN102526
H	22137	94	92.6	+	0	0	217I21M2D25M2D44M399I	JF908574	GQ165700
L	27599	684	*	*	*	*	*	JF908597	*
H	27599	100	100.0	+	0	0	24I100M560I	JF908597	JF908597
L	27600	681	*	*	*	*	*	JF908598	*
H	27600	100	100.0	+	0	0	21I100M560I	JF908598	JF908598
L	7596	711	*	*	*	*	*	GU234152	*
H	7596	100	100.0	+	0	0	37I100M574I	JF908598	GU234152
L	19388	672	*	*	*	*	*	DQ328193	*
H	19388	100	91.0	+	0	0	22I22MD77M551I	JF908598	DQ328193
L	19402	714	*	*	*	*	*	DQ328083	*
H	19402	100	90.0	+	0	0	25I22MD77M590I	JF908598	DQ328083
H	12833	100	91.0	+	0	0	17I22MD77M555I	JF908598	DQ328184
H	27629	100	100.0	+	0	0	236I100M431I	JF923609	JF923609
H	25186	100	99.0	+	0	0	252I100M425I	JF923609	GU827325
H	9804	100	99.0	+	0	0	230I100M497I	JF923609	JF923608
H	7206	100	98.0	+	0	0	228I100M443I	JF923609	GU827332
H	9799	100	97.0	+	0	0	212I100M519I	JF923609	JF923596
L	27642	613	*	*	*	*	*	AJ293882	*
H	27642	100	100.0	+	0	0	27I100M486I	AJ293882	AJ293882
L	27643	662	*	*	*	*	*	AB237805	*
H	27643	100	100.0	+	0	0	32I100M530I	AB237805	AB237805
L	24338	611	*	*	*	*	*	AB193587	*
H	24338	100	100.0	+	0	0	3I100M508I	AB237805	AB193587
L	7392	665	*	*	*	*	*	AB237808	*
H	7392	100	100.0	+	0	0	33I100M532I	AB237805	AB237808
H	19970	100	98.0	+	0	0	105I100M574I	AB237805	DQ866999
H	15303	100	98.0	+	0	0	11I100M535I	AB237805	FJ378879
L	27651	553	*	*	*	*	*	JF947185	*
H	27651	100	100.0	+	0	0	12I100M441I	JF947185	JF947185
L	10992	575	*	*	*	*	*	JF947186	*
H	10992	100	95.0	+	0	0	2D33MD26MI13MI13MI12M475I	JF947185	JF947186
L	27656	551	*	*	*	*	*	JF951153	*
H	27656	100	100.0	+	0	0	21I100M430I	JF951153	JF951153
L	9682	606	*	*	*	*	*	HQ631041	*
H	9682	100	92.0	+	0	0	50I36M3I19M2I20M33I17M2I8M416I	JF951153	HQ631041
L	6349	568	*	*	*	*	*	GU564156	*
H	6349	100	90.0	+	0	0	36I36M3I19MI20M44I17MI8M383I	JF951153	GU564156
L	27694	723	*	*	*	*	*	JN003226	*
H	27694	100	100.0	+	0	0	100M623I	JN003226	JN003226
L	27762	457	*	*	*	*	*	JN053470	*
H	27762	100	100.0	+	0	0	100M357I	JN053470	JN053470
L	27761	466	*	*	*	*	*	JN053469	*
H	27761	100	92.0	+	0	0	27M4I49M2I24M360I	JN053470	JN053469
L	10187	470	*	*	*	*	*	JN053468	*
H	10187	100	91.0	+	0	0	27M4I49M2I24M364I	JN053470	JN053468
L	27767	429	*	*	*	*	*	JN053482	*
H	27767	100	100.0	+	0	0	100M329I	JN053482	JN053482
L	27859	626	*	*	*	*	*	JN182202	*
H	27859	100	100.0	+	0	0	100M526I	JN182202	JN182202
L	7597	628	*	*	*	*	*	GU234165	*
H	7597	100	100.0	+	0	0	7I100M521I	JN182202	GU234165
L	10544	621	*	*	*	*	*	EU517505	*
H	10544	100	98.0	+	0	0	2D98M523I	JN182202	EU517505
L	27861	630	*	*	*	*	*	JN182206	*
H	27861	100	98.0	+	0	0	100M530I	JN182202	JN182206
L	27563	628	*	*	*	*	*	EU517504	*
H	27563	100	97.0	+	0	0	2D98M530I	JN182202	EU517504
H	27861	100	100.0	+	0	0	100M530I	JN182206	JN182206
H	27563	100	97.0	+	0	0	2D98M530I	JN182206	EU517504
H	27859	100	98.0	+	0	0	100M526I	JN182206	JN182202
H	7597	100	98.0	+	0	0	7I100M521I	JN182206	GU234165
H	10544	100	96.0	+	0	0	2D98M523I	JN182206	EU517505
H	27868	100	100.0	+	0	0	7I100M1181I	AY484688	AY484688
H	13697	100	100.0	+	0	0	11I13MI87M577I	AY484688	DQ232649
L	18184	1305	*	*	*	*	*	AY484678	*
H	18184	100	97.0	+	0	0	7I56MI44M1197I	AY484688	AY484678
H	5115	100	98.0	+	0	0	11I13MI87M576I	AY484688	EF460370
H	12659	100	98.0	+	0	0	13I13MI87M617I	AY484688	FJ223223
L	27881	647	*	*	*	*	*	AY773455	*
H	27881	100	100.0	+	0	0	20I100M527I	AY773455	AY773455
H	496	100	100.0	+	0	0	83I100M203I	GQ203517	DQ993594
H	494	100	100.0	+	0	0	111I100M367I	GQ203517	GU176485
H	464	100	100.0	+	0	0	131I100M380I	GQ203517	DQ888741
H	6719	100	100.0	+	0	0	107I100M322I	GQ203517	FJ861396
H	8900	100	100.0	+	0	0	57I100M292I	GQ203517	FJ710057
L	27908	639	*	*	*	*	*	AF491565	*
H	27908	100	100.0	+	0	0	100M539I	AF491565	AF491565
L	5128	612	*	*	*	*	*	AF491564	*
H	5128	100	100.0	+	0	0	3I100M509I	AF491565	AF491564
L	15579	348	*	*	*	*	*	AF133177	*
H	15579	100	100.0	+	0	0	111I100M137I	AF491565	AF133177
L	20471	684	*	*	*	*	*	AF491556	*
H	20471	100	94.0	+	0	0	48I100M536I	AF491565	AF491556
L	15583	363	*	*	*	*	*	AF133181	*
H	15583	100	94.0	+	0	0	111I100M152I	AF491565	AF133181
L	27912	963	*	*	*	*	*	JN198487	*
H	27912	100	100.0	+	0	0	409I100M454I	JN198487	JN198487
L	4552	982	*	*	*	*	*	FJ852597	*
H	4552	100	100.0	+	0	0	435I100M447I	JN198487	FJ852597
H	6350	100	96.0	+	0	0	14I100M439I	JN198487	GU066728
H	8831	100	95.0	+	0	0	77I100M510I	JN198487	HQ223035
L	4549	579	*	*	*	*	*	FJ852594	*
H	4549	100	95.0	+	0	0	34I100M445I	JN198487	FJ852594
L	27914	506	*	*	*	*	*	JF508488	*
H	27914	100	100.0	+	0	0	100M406I	JF508488	JF508488
L	28510	746	*	*	*	*	*	M13906	*
H	28510	100	98.0	+	0	0	133I71MD28M514I	JF508488	M13906
L	3616	570	*	*	*	*	*	GU327635	*
H	3616	100	98.0	+	0	0	45I100M425I	JF508488	GU327635
L	21956	565	*	*	*	*	*	EU741055	*
H	21956	100	98.0	+	0	0	42I100M423I	JF508488	EU741055
L	27696	588	*	*	*	*	*	AY681189	*
H	27696	100	96.0	+	0	0	54I60MD10M2D27M437I	JF508488	AY681189
L	27947	627	*	*	*	*	*	AY927362	*
H	27947	100	100.0	+	0	0	100M527I	AY927362	AY927362
L	9171	664	*	*	*	*	*	HQ269822	*
H	9171	100	96.0	+	0	0	19I46MI54M544I	AY927362	HQ269822
L	16361	667	*	*	*	*	*	AF446088	*
H	16361	100	96.0	+	0	0	19I49MI51M547I	AY927362	AF446088
L	25918	631	*	*	*	*	*	EU591782	*
H	25918	100	95.0	+	0	0	20I50M4I28M2I22M505I	AY927362	EU591782
L	13412	682	*	*	*	*	*	FJ440197	*
H	13412	100	95.0	+	0	0	43I49MI51M538I	AY927362	FJ440197
L	27985	610	*	*	*	*	*	FJ946488	*
H	27985	100	100.0	+	0	0	11I100M499I	FJ946488	FJ946488
L	23273	710	*	*	*	*	*	FJ839613	*
H	23273	100	100.0	+	0	0	119I100M491I	FJ946488	FJ839613
L	27988	556	*	*	*	*	*	JN383815	*
H	27988	100	100.0	+	0	0	100M456I	JN383815	JN383815
H	28139	100	95.0	+	0	0	21I30MI70M474I	JN383815	FJ794472
L	11497	463	*	*	*	*	*	JN415754	*
H	11497	100	92.0	+	0	0	2D17MD80M366I	JN383815	JN415754
L	11166	592	*	*	*	*	*	EU342216	*
H	11166	100	94.0	+	0	0	18I30MI70M473I	JN383815	EU342216
L	27993	605	*	*	*	*	*	JN392333	*
H	27993	100	100.0	+	0	0	34I100M471I	JN392333	JN392333
L	27729	766	*	*	*	*	*	JN032128	*
H	27729	100	99.0	+	0	0	3I8MD91M664I	JN392333	JN032128
L	16292	621	*	*	*	*	*	AF435825	*
H	16292	100	93.0	+	0	0	5I22MI70MD7M516I	JN392333	AF435825
L	28005	537	*	*	*	*	*	FR799470	*
H	28005	100	100.0	+	0	0	100M437I	FR799470	FR799470
L	14504	2288	*	*	*	*	*	AB099511	*
H	14504	100	99.0	+	0	0	1731I100M457I	FR799470	AB099511
L	7144	578	*	*	*	*	*	AB244776	*
H	7144	100	99.0	+	0	0	21I100M457I	FR799470	AB244776
L	6160	618	*	*	*	*	*	FJ765026	*
H	6160	100	97.0	+	0	0	33I100M485I	FR799470	FJ765026
H	28012	100	100.0	+	0	0	16I100M442I	JN564476	JN564476
H	23182	100	98.0	+	0	0	25I100M456I	JN564476	FJ798595
H	13834	100	95.0	+	0	0	2I100M457I	JN564476	GQ352480
H	13436	100	94.0	+	0	0	26I100M432I	JN564476	DQ093770
H	7760	100	94.0	+	0	0	5I100M439I	JN564476	AF439625
L	28031	621	*	*	*	*	*	JN592493	*
H	28031	100	100.0	+	0	0	100M521I	JN592493	JN592493
L	28042	627	*	*	*	*	*	HM562142	*
H	28042	100	100.0	+	0	0	17I100M510I	HM562142	HM562142
L	5398	792	*	*	*	*	*	FJ774079	*
H	5398	100	94.0	+	0	0	26I54M4D42M670I	HM562142	FJ774079
L	5397	793	*	*	*	*	*	FJ774077	*
H	5397	100	94.0	+	0	0	26I54M4D42M671I	HM562142	FJ774077
L	25830	602	*	*	*	*	*	HM562187	*
H	25830	100	92.0	+	0	0	9I25MD23M2I51M492I	HM562142	HM562187
L	10572	595	*	*	*	*	*	HM562069	*
H	10572	100	90.0	+	0	0	17I28MD19MD29MD15MI6M480I	HM562142	HM562069
H	28071	100	100.0	+	0	0	8I100M1808I	JN638272	JN638272
L	28088	704	*	*	*	*	*	JN642232	*
H	28088	100	100.0	+	0	0	39I100M565I	JN642232	JN642232
L	28265	556	*	*	*	*	*	JN942168	*
H	28265	100	100.0	+	0	0	43I100M413I	JN673037	JN942168
L	28122	1569	*	*	*	*	*	JN673037	*
H	28122	100	100.0	+	0	0	100M1469I	JN673037	JN673037
H	28133	100	100.0	+	0	0	49I100M393I	FJ210555	FJ210555
L	11538	516	*	*	*	*	*	EU573021	*
H	11538	100	100.0	+	0	0	28I100M388I	FJ210555	EU573021
L	2619	244	*	*	*	*	*	AF046017	*
H	2619	100	100.0	+	0	0	36I100M108I	FJ210555	AF046017
H	22763	100	100.0	+	0	0	51I100M398I	FJ210555	FJ487929
H	7927	100	100.0	+	0	0	49I100M429I	FJ210555	GU566295
L	28179	573	*	*	*	*	*	JN813383	*
H	28179	100	100.0	+	0	0	30I100M443I	JN813383	JN813383
H	11453	100	91.0	+	0	0	195I32MI15M3D50M423I	JN813383	GU723407
H	6703	100	91.0	+	0	0	198I34MI15M2D49M418I	JN813383	GU723421
H	6700	100	90.0	+	0	0	232I32MI16M3D49M448I	JN813383	GU723415
H	6699	100	91.0	+	0	0	173I32MI15M3D50M474I	JN813383	GU723410
L	28191	639	*	*	*	*	*	JN839944	*
H	28191	100	100.0	+	0	0	50I100M489I	JN839944	JN839944
L	1712	1211	*	*	*	*	*	EF652088	*
H	1712	100	92.0	+	0	0	8D92M1119I	JN839944	EF652088
H	28217	100	100.0	+	0	0	12I100M480I	FJ441021	FJ441021
H	12650	100	98.0	+	0	0	2D98M493I	FJ441021	AY737768
H	2143	100	99.0	+	0	0	36I100M508I	FJ441021	EU280089
H	12647	100	99.0	+	0	0	10I100M500I	FJ441021	AY737756
H	28013	100	99.0	+	0	0	7I100M494I	FJ441021	FJ442664
L	28218	589	*	*	*	*	*	JN864881	*
H	28218	100	100.0	+	0	0	11I100M478I	JN864881	JN864881
H	15655	100	93.0	+	0	0	53I90MD9M479I	JN864881	EU301636
H	23856	100	92.0	+	0	0	10I90MD9M477I	JN864881	EF536027
H	6439	100	92.0	+	0	0	39I90MD9M412I	JN864881	JF819129
H	7104	100	92.0	+	0	0	37I90MD9M425I	JN864881	EU076926
L	28228	687	*	*	*	*	*	JN882329	*
H	28228	100	100.0	+	0	0	22I100M565I	JN882329	JN882329
L	28252	1133	*	*	*	*	*	EU021600	*
H	28252	100	100.0	+	0	0	100M1033I	EU021600	EU021600
L	28270	551	*	*	*	*	*	JN942621	*
H	28270	100	100.0	+	0	0	11I100M440I	JN942621	JN942621
H	12002	100	95.0	+	0	0	13I72MI16M2I12M444I	JN942621	AY254156
H	16533	100	95.0	+	0	0	35I72MI16M2I12M420I	JN942621	EF423537
L	20387	532	*	*	*	*	*	EF194151	*
H	20387	100	92.0	+	0	0	4I29MI23MD47M428I	JN942621	EF194151
H	16534	100	95.0	+	0	0	13I72MI16M2I12M438I	JN942621	AY254154
L	28271	572	*	*	*	*	*	EF194144	*
H	28271	100	100.0	+	0	0	13I100M459I	EF194144	EF194144
L	28272	528	*	*	*	*	*	JN942623	*
H	28272	100	100.0	+	0	0	11I100M417I	JN942623	JN942623
L	28296	530	*	*	*	*	*	JN943147	*
H	28296	100	100.0	+	0	0	23I100M407I	JN943147	JN943147
H	1708	100	100.0	+	0	0	11I100M505I	FJ430782	EU186402
H	28312	100	100.0	+	0	0	4I100M1069I	FJ430782	FJ430782
H	27421	100	99.0	+	0	0	36I100M496I	FJ430782	EU280133
H	15764	100	99.0	+	0	0	9I100M479I	FJ430782	FJ442662
H	6719	100	93.0	+	0	0	7D93M436I	FJ430782	FJ861396
H	28345	100	100.0	+	0	0	100M399I	AY611120	AY611120
H	12533	100	92.0	+	0	0	100M400I	AY611120	AY611080
L	12534	501	*	*	*	*	*	AY611081	*
H	12534	100	92.0	+	0	0	100M401I	AY611120	AY611081
H	12532	100	90.0	+	0	0	100M400I	AY611120	AY611094
L	15610	456	*	*	*	*	*	EU707825	*
H	15610	100	90.0	+	0	0	13I35MI31MD33M343I	AY611120	EU707825
L	28362	630	*	*	*	*	*	JF908663	*
H	28362	100	100.0	+	0	0	2I100M528I	JF908663	JF908663
L	28361	715	*	*	*	*	*	AY061715	*
H	28361	100	93.0	+	0	0	29I88M2D10M588I	JF908663	AY061715
H	28363	100	93.0	+	0	0	9I100M535I	JF908663	JN944005
H	3003	100	92.0	+	0	0	49I88M2D10M604I	JF908663	EU819429
L	23798	726	*	*	*	*	*	AY061710	*
H	23798	100	90.0	+	0	0	29I55MI33MD11M597I	JF908663	AY061710
L	28384	558	*	*	*	*	*	JQ015394	*
H	28384	100	100.0	+	0	0	15I100M443I	JQ015394	JQ015394
H	2224	100	93.0	+	0	0	34I52MD47M308I	JQ015394	EU486992
L	14453	614	*	*	*	*	*	AB077675	*
H	14453	100	90.0	+	0	0	36I52MD47M479I	JQ015394	AB077675
L	5986	647	*	*	*	*	*	AB077656	*
H	5986	100	91.0	+	0	0	15I52MD47M533I	JQ015394	AB077656
H	14824	100	91.0	+	0	0	34I52MD47M1230I	JQ015394	AB430819
L	28394	705	*	*	*	*	*	JQ044436	*
H	28394	100	100.0	+	0	0	63I100M542I	JQ044436	JQ044436
H	28397	100	100.0	+	0	0	7I100M548I	JQ065026	JQ065026
H	7836	100	96.0	+	0	0	17I22MD77M557I	JQ065026	HM562044
L	7858	665	*	*	*	*	*	HM562198	*
H	7858	100	96.0	+	0	0	7I22MD77M559I	JQ065026	HM562198
H	5396	100	95.0	+	0	0	26I22MD77M715I	JQ065026	FJ774074
L	7844	678	*	*	*	*	*	HM562076	*
H	7844	100	92.0	+	0	0	17I22MD77M562I	JQ065026	HM562076
L	28448	604	*	*	*	*	*	JQ317587	*
H	28448	100	100.0	+	0	0	100M504I	JQ317587	JQ317587
L	28465	1136	*	*	*	*	*	GQ159884	*
H	28465	100	100.0	+	0	0	100M1036I	GQ159884	GQ159884
L	21755	216	*	*	*	*	*	DQ517404	*
H	21755	100	100.0	+	0	0	8I100M108I	GQ159884	DQ517404
H	21106	100	100.0	+	0	0	23I100M458I	GQ159884	AJ889975
H	19895	100	100.0	+	0	0	33I100M594I	GQ159884	DQ822800
L	13966	587	*	*	*	*	*	DQ365638	*
H	13966	100	100.0	+	0	0	6I100M481I	GQ159884	DQ365638
H	1123	100	100.0	+	0	0	100M1189I	DQ083789	EF420140
H	24811	100	100.0	+	0	0	40I100M546I	DQ083789	GU233375
H	21462	100	100.0	+	0	0	48I100M575I	DQ083789	EU525980
H	28467	100	100.0	+	0	0	23I100M567I	DQ083789	DQ083789
L	24813	736	*	*	*	*	*	GU233351	*
H	24813	100	99.0	+	0	0	49I100M587I	DQ083789	GU233351
L	28497	644	*	*	*	*	*	L54082	*
H	28497	100	100.0	+	0	0	8I100M536I	L54082	L54082
L	27920	635	*	*	*	*	*	JN201973	*
H	27920	100	97.0	+	0	0	8MD91M536I	L54082	JN201973
L	28499	641	*	*	*	*	*	L54094	*
H	28499	100	100.0	+	0	0	8I100M533I	L54094	L54094
H	254	100	94.0	+	0	0	115I68M3D29M735I	L54094	FJ845440
H	18378	100	94.0	+	0	0	39I40MI34MD25M546I	L54094	GU222326
H	7743	100	93.0	+	0	0	17I40MI34MD25M571I	L54094	AJ272416
L	16946	275	*	*	*	*	*	AJ416957	*
H	16946	100	93.0	+	0	0	49I40MI34MD25M126I	L54094	AJ416957
L	28505	670	*	*	*	*	*	GQ397991	*
H	28505	100	100.0	+	0	0	39I100M531I	GQ397991	GQ397991
L	28508	195	*	*	*	*	*	L76179	*
H	28508	100	100.0	+	0	0	100M95I	L76179	L76179
L	15681	673	*	*	*	*	*	AF182966	*
H	15681	100	94.0	+	0	0	6I89MI11M566I	L76179	AF182966
L	2601	617	*	*	*	*	*	U88223	*
H	2601	100	94.0	+	0	0	23I89MI11M493I	L76179	U88223
H	28683	100	92.0	+	0	0	23I89MI11M506I	L76179	U88219
L	15682	729	*	*	*	*	*	AF182998	*
H	15682	100	92.0	+	0	0	6I78MI11MI11M621I	L76179	AF182998
L	28509	551	*	*	*	*	*	L78301	*
H	28509	100	100.0	+	0	0	100M451I	L78301	L78301
L	6313	555	*	*	*	*	*	L07135	*
H	6313	100	98.0	+	0	0	10I100M445I	L78301	L07135
L	12718	579	*	*	*	*	*	DQ119115	*
H	12718	100	97.0	+	0	0	27I37MD62M453I	L78301	DQ119115
L	20010	591	*	*	*	*	*	DQ899096	*
H	20010	100	95.0	+	0	0	36I10MI32M2D56M456I	L78301	DQ899096
L	28481	1149	*	*	*	*	*	L07141	*
H	28481	100	94.0	+	0	0	10I21MI79M1038I	L78301	L07141
L	28512	587	*	*	*	*	*	M96663	*
H	28512	100	100.0	+	0	0	11I100M476I	M96663	M96663
L	28559	187	*	*	*	*	*	U40216	*
H	28559	100	100.0	+	0	0	100M87I	U40216	U40216
L	28562	308	*	*	*	*	*	U40473	*
H	28562	100	100.0	+	0	0	98I100M110I	U40473	U40473
H	10554	100	94.0	+	0	0	24I100M503I	U40473	JF908541
H	10556	100	93.0	+	0	0	37I35M3I65M466I	U40473	JF908544
H	22079	100	90.0	+	0	0	49I34M5I66M475I	U40473	EU819535
L	18768	639	*	*	*	*	*	AY830851	*
H	18768	100	90.0	+	0	0	35I26M2I10M2I21MI13MI14M4I16M494I	U40473	AY830851
H	28563	100	100.0	+	0	0	98I100M109I	U40474	U40474
L	28565	307	*	*	*	*	*	U40477	*
H	28565	100	94.0	+	0	0	98I85M17I15M92I	U40474	U40477
L	6728	632	*	*	*	*	*	GQ888697	*
H	6728	100	92.0	+	0	0	16I32M2I21MI47M513I	U40474	GQ888697
H	22079	100	91.0	+	0	0	49I29M6I58MD12M475I	U40474	EU819535
H	26740	100	91.0	+	0	0	49I33M4I48MD18M512I	U40474	HQ698118
L	28585	592	*	*	*	*	*	U51968	*
H	28585	100	100.0	+	0	0	25I100M467I	U51968	U51968
L	11730	961	*	*	*	*	*	AY773467	*
H	11730	100	99.0	+	0	0	387I100M474I	U51968	AY773467
L	6596	603	*	*	*	*	*	U51970	*
H	6596	100	93.0	+	0	0	26I73MI27M476I	U51968	U51970
L	28579	591	*	*	*	*	*	U51959	*
H	28579	100	92.0	+	0	0	25I25MD74M467I	U51968	U51959
H	12570	100	91.0	+	0	0	1044I100M485I	U51968	AF106527
L	28596	174	*	*	*	*	*	U78055	*
H	28596	100	100.0	+	0	0	100M74I	U78055	U78055
L	11207	583	*	*	*	*	*	JN049815	*
H	11207	100	90.0	+	0	0	17MD28M2I22MI16MI16M480I	U78055	JN049815
L	28607	569	*	*	*	*	*	L78297	*
H	28607	100	100.0	+	0	0	100M469I	L78297	L78297
L	28613	544	*	*	*	*	*	U58635	*
H	28613	100	100.0	+	0	0	2I100M442I	U58635	U58635
L	28623	645	*	*	*	*	*	DQ025481	*
H	28623	100	100.0	+	0	0	13I100M532I	DQ025481	DQ025481
L	8685	698	*	*	*	*	*	AY854978	*
H	8685	100	92.0	+	0	0	49I100M549I	DQ025481	AY854978
L	5838	695	*	*	*	*	*	AY081036	*
H	5838	100	92.0	+	0	0	49I58M2D40M548I	DQ025481	AY081036
L	9154	696	*	*	*	*	*	AY081041	*
H	9154	100	93.0	+	0	0	50I55MD44M547I	DQ025481	AY081041
L	6724	687	*	*	*	*	*	AY854969	*
H	6724	100	93.0	+	0	0	49I55MD44M539I	DQ025481	AY854969
L	28630	618	*	*	*	*	*	AF026308	*
H	28630	100	100.0	+	0	0	37I100M481I	AF026308	AF026308
L	28634	2053	*	*	*	*	*	U66428	*
H	28634	100	100.0	+	0	0	31I100M1922I	U66428	U66428
H	28678	100	100.0	+	0	0	I100M623I	U85332	U85332
L	16197	646	*	*	*	*	*	AF391039	*
H	16197	100	96.0	+	0	0	4I100M542I	U85332	AF391039
L	27473	668	*	*	*	*	*	JF907983	*
H	27473	100	97.0	+	0	0	21I100M547I	U85332	JF907983
H	10284	100	94.0	+	0	0	51I100M569I	U85332	JN224826
H	11983	100	94.0	+	0	0	4I100M577I	U85332	AY176402
L	28703	644	*	*	*	*	*	AF377205	*
H	28703	100	100.0	+	0	0	4I100M540I	AF377205	AF377205
L	21088	723	*	*	*	*	*	EU186280	*
H	21088	100	98.0	+	0	0	51I13MI59MI28M570I	AF377205	EU186280
L	13609	678	*	*	*	*	*	AF241516	*
H	13609	100	95.0	+	0	0	13MI8MI79M576I	AF377205	AF241516
L	28739	626	*	*	*	*	*	UDB000284	*
H	28739	100	100.0	+	0	0	293I100M233I	UDB000286	UDB000284
L	28741	491	*	*	*	*	*	UDB000286	*
H	28741	100	100.0	+	0	0	100M391I	UDB000286	UDB000286
L	24778	583	*	*	*	*	*	AF272942	*
H	24778	100	99.0	+	0	0	220I68MI32M262I	UDB000286	AF272942
L	6985	651	*	*	*	*	*	EU696881	*
H	6985	100	98.0	+	0	0	288I100M263I	UDB000286	EU696881
H	8312	100	96.0	+	0	0	393I100M263I	UDB000286	HQ533011
H	28752	100	100.0	+	0	0	6I100M559I	AF418622	AF418622
H	17612	100	92.0	+	0	0	8D92M505I	AF418622	DQ974759
H	29136	100	96.0	+	0	0	2I9M2D89M501I	AF418622	UDB011168
L	3410	949	*	*	*	*	*	FJ845434	*
H	3410	100	92.0	+	0	0	106I84MI16M742I	AF418622	FJ845434
H	4800	100	95.0	+	0	0	11I56MI44M558I	AF418622	AF418623
L	28769	871	*	*	*	*	*	UDB000481	*
H	28769	100	100.0	+	0	0	14I100M757I	UDB000481	UDB000481
L	7797	872	*	*	*	*	*	AJ889931	*
H	7797	100	100.0	+	0	0	28I100M744I	UDB000481	AJ889931
H	28770	100	96.0	+	0	0	D99M734I	UDB000481	UDB000482
H	2274	100	94.0	+	0	0	49I36MD8M2I24M9I31M625I	UDB000481	EU526005
H	251	100	94.0	+	0	0	12I36MD8M2I24M9I31M743I	UDB000481	DQ822793
L	28813	724	*	*	*	*	*	HM347667	*
H	28813	100	100.0	+	0	0	22I100M602I	HM347667	HM347667
L	28814	573	*	*	*	*	*	UDB000657	*
H	28814	100	100.0	+	0	0	23I100M450I	UDB000657	UDB000657
L	3026	640	*	*	*	*	*	EU819495	*
H	3026	100	90.0	+	0	0	49I14MI45MI41M489I	UDB000657	EU819495
L	28834	512	*	*	*	*	*	JF907927	*
H	28834	100	100.0	+	0	0	100M412I	JF907927	JF907927
L	6330	559	*	*	*	*	*	GU550111	*
H	6330	100	100.0	+	0	0	61I100M398I	JF907927	GU550111
L	21348	735	*	*	*	*	*	EU433388	*
H	21348	100	99.0	+	0	0	46I100M589I	JF907927	EU433388
H	28891	100	99.0	+	0	0	109I100M349I	JF907927	UDB001233
L	3155	763	*	*	*	*	*	JQ711911	*
H	3155	100	99.0	+	0	0	61I100M602I	JF907927	JQ711911
L	28840	639	*	*	*	*	*	UDB000778	*
H	28840	100	100.0	+	0	0	24I100M515I	UDB000778	UDB000778
L	28841	690	*	*	*	*	*	EU160589	*
H	28841	100	100.0	+	0	0	11I100M579I	EU160589	EU160589
L	29233	980	*	*	*	*	*	UDB011575	*
H	29233	100	96.0	+	0	0	2I8MD13MD77M880I	EU160589	UDB011575
H	26237	100	98.0	+	0	0	49I29MI54M2I17M719I	EU160589	AB036896
L	13751	723	*	*	*	*	*	EU186273	*
H	13751	100	97.0	+	0	0	47I29MI54M2I17M573I	EU160589	EU186273
L	1261	669	*	*	*	*	*	AF349687	*
H	1261	100	97.0	+	0	0	11I29MI54M2I17M555I	EU160589	AF349687
L	28861	581	*	*	*	*	*	AF389168	*
H	28861	100	100.0	+	0	0	100M481I	AF389168	AF389168
L	2918	636	*	*	*	*	*	EU669233	*
H	2918	100	93.0	+	0	0	56I8MI58M3D31M482I	AF389168	EU669233
H	1123	100	93.0	+	0	0	54I66M3D16M4I15M1134I	AF389168	EF420140
L	20660	1227	*	*	*	*	*	EF600897	*
H	20660	100	91.0	+	0	0	38I8MI58M3D31M1091I	AF389168	EF600897
H	13967	100	91.0	+	0	0	87I8MI58M3D10M2D19M508I	AF389168	EU525966
L	28868	860	*	*	*	*	*	EU655672	*
H	28868	100	100.0	+	0	0	35I100M725I	EU655672	EU655672
L	17712	1245	*	*	*	*	*	FJ039648	*
H	17712	100	99.0	+	0	0	5I100M1140I	EU655672	FJ039648
H	28945	100	99.0	+	0	0	5I100M1156I	EU655672	EU056996
H	20909	100	99.0	+	0	0	100M1176I	EU655672	EU057038
H	1704	100	99.0	+	0	0	15I100M1145I	EU655672	EU057046
L	22088	1195	*	*	*	*	*	FJ157137	*
H	22088	100	100.0	+	0	0	11I100M1084I	AY669594	FJ157137
L	28871	1249	*	*	*	*	*	AY669594	*
H	28871	100	100.0	+	0	0	35I100M1114I	AY669594	AY669594
L	3385	1178	*	*	*	*	*	FJ157120	*
H	3385	100	99.0	+	0	0	4I100M1074I	AY669594	FJ157120
L	3387	1190	*	*	*	*	*	FJ157127	*
H	3387	100	99.0	+	0	0	7I100M1083I	AY669594	FJ157127
L	27461	1193	*	*	*	*	*	FJ039667	*
H	27461	100	99.0	+	0	0	7I100M1086I	AY669594	FJ039667
L	28876	707	*	*	*	*	*	UDB001119	*
H	28876	100	100.0	+	0	0	51I100M556I	UDB001119	UDB001119
L	28879	536	*	*	*	*	*	UDB001140	*
H	28879	100	100.0	+	0	0	40I100M396I	UDB001140	UDB001140
H	21746	100	98.0	+	0	0	40I100M822I	UDB001140	DQ102686
L	26335	1249	*	*	*	*	*	AY669690	*
H	26335	100	98.0	+	0	0	39I100M1110I	UDB001140	AY669690
H	19895	100	98.0	+	0	0	22I100M605I	UDB001140	DQ822800
H	8412	100	98.0	+	0	0	6I100M1082I	UDB001140	FJ039678
L	28883	691	*	*	*	*	*	UDB001180	*
H	28883	100	100.0	+	0	0	32I100M559I	UDB001180	UDB001180
L	3398	976	*	*	*	*	*	UDB011790	*
H	3398	100	97.0	+	0	0	2I8MD91M875I	UDB001180	UDB011790
H	27197	100	97.0	+	0	0	15I55MD17MI27M430I	UDB001180	UDB001147
H	28891	100	96.0	+	0	0	98I55MD17MI27M360I	UDB001180	UDB001233
H	28890	100	96.0	+	0	0	12I55MD17MI27M489I	UDB001180	AY281024
L	28894	709	*	*	*	*	*	UDB001382	*
H	28894	100	100.0	+	0	0	32I100M577I	UDB001382	UDB001382
L	3399	1188	*	*	*	*	*	FJ039672	*
H	3399	100	99.0	+	0	0	7I100M1081I	UDB001382	FJ039672
L	9296	589	*	*	*	*	*	U56030	*
H	9296	100	97.0	+	0	0	13I100M476I	UDB001382	U56030
L	22366	1197	*	*	*	*	*	FJ039675	*
H	22366	100	97.0	+	0	0	7I100M1090I	UDB001382	FJ039675
L	7230	615	*	*	*	*	*	HM017848	*
H	7230	100	98.0	+	0	0	41I100M474I	UDB001382	HM017848
H	28911	100	100.0	+	0	0	13I100M561I	JQ888174	JQ888174
H	26471	100	100.0	+	0	0	35I100M1190I	JQ888174	HQ604299
L	4291	637	*	*	*	*	*	FJ596807	*
H	4291	100	95.0	+	0	0	4D96M541I	JQ888174	FJ596807
L	8371	1310	*	*	*	*	*	HQ604088	*
H	8371	100	90.0	+	0	0	38I51M3D46M1175I	JQ888174	HQ604088
H	23294	100	92.0	+	0	0	108I51M3D46M783I	JQ888174	FJ845414
L	29182	943	*	*	*	*	*	FJ845439	*
H	29182	100	100.0	+	0	0	106I100M737I	AY880939	FJ845439
L	28920	640	*	*	*	*	*	AY880939	*
H	28920	100	100.0	+	0	0	8I100M532I	AY880939	AY880939
L	28494	660	*	*	*	*	*	GU188434	*
H	28494	100	94.0	+	0	0	37I66MI34M522I	AY880939	GU188434
L	28495	644	*	*	*	*	*	L54075	*
H	28495	100	92.0	+	0	0	8I67MI33M535I	AY880939	L54075
L	28922	655	*	*	*	*	*	JQ888215	*
H	28922	100	100.0	+	0	0	23I100M532I	JQ888215	JQ888215
H	3152	100	94.0	+	0	0	13I100M543I	JQ888215	EU696921
H	22077	100	95.0	+	0	0	49I61MD38M503I	JQ888215	EU819524
H	20416	100	92.0	+	0	0	48I56MD43M691I	JQ888215	JQ711813
L	17522	657	*	*	*	*	*	EU444541	*
H	17522	100	92.0	+	0	0	50I61MD38M508I	JQ888215	EU444541
L	28934	640	*	*	*	*	*	FN669236	*
H	28934	100	100.0	+	0	0	100M540I	FN669236	FN669236
H	26104	100	100.0	+	0	0	131I100M449I	FN669236	JQ711951
H	28935	100	98.0	+	0	0	113I100M1731I	FN669236	DQ469291
H	8271	100	98.0	+	0	0	3I100M420I	FN669236	DQ365684
L	6696	580	*	*	*	*	*	AY010281	*
H	6696	100	98.0	+	0	0	21I100M459I	FN669236	AY010281
L	13162	547	*	*	*	*	*	AY963565	*
H	13162	100	100.0	+	0	0	232I100M215I	FJ439514	AY963565
L	9515	1687	*	*	*	*	*	AF506394	*
H	9515	100	98.0	+	0	0	100M1587I	FJ439514	AF506394
H	4075	100	100.0	+	0	0	316I100M295I	FJ439514	AY621802
L	28822	637	*	*	*	*	*	UDB000691	*
H	28822	100	100.0	+	0	0	310I100M227I	FJ439514	UDB000691
L	28939	356	*	*	*	*	*	FJ439514	*
H	28939	100	100.0	+	0	0	100M256I	FJ439514	FJ439514
L	28943	605	*	*	*	*	*	DQ663239	*
H	28943	100	100.0	+	0	0	100M505I	DQ663239	DQ663239
L	13384	626	*	*	*	*	*	DQ083785	*
H	13384	100	98.0	+	0	0	32I100M494I	DQ663239	DQ083785
L	19825	1195	*	*	*	*	*	EU057018	*
H	19825	100	98.0	+	0	0	6I53MD46M1090I	DQ663239	EU057018
H	21735	100	98.0	+	0	0	48I100M1171I	DQ663239	EU056967
H	17712	100	98.0	+	0	0	14I53MD46M1132I	DQ663239	FJ039648
L	28946	619	*	*	*	*	*	DQ323964	*
H	28946	100	100.0	+	0	0	100M519I	DQ323964	DQ323964
L	21737	1234	*	*	*	*	*	EU056975	*
H	21737	100	100.0	+	0	0	22I100M1112I	DQ323964	EU056975
L	28957	1161	*	*	*	*	*	EU057076	*
H	28957	100	98.0	+	0	0	9I100M1052I	DQ323964	EU057076
H	21735	100	99.0	+	0	0	48I100M1171I	DQ323964	EU056967
L	658	632	*	*	*	*	*	DQ996975	*
H	658	100	98.0	+	0	0	52MD47M533I	DQ323964	DQ996975
L	28948	1182	*	*	*	*	*	EU660941	*
H	28948	100	100.0	+	0	0	6I100M1076I	EU660941	EU660941
H	19082	100	98.0	+	0	0	12I100M352I	EU660941	DQ083800
H	28945	100	98.0	+	0	0	5I100M1156I	EU660941	EU056996
H	1704	100	98.0	+	0	0	15I100M1145I	EU660941	EU057046
H	20909	100	98.0	+	0	0	100M1176I	EU660941	EU057038
L	28954	1253	*	*	*	*	*	EU057041	*
H	28954	100	100.0	+	0	0	25I100M1128I	EU057041	EU057041
L	13385	671	*	*	*	*	*	DQ083788	*
H	13385	100	99.0	+	0	0	22I100M549I	EU057041	DQ083788
H	28957	100	99.0	+	0	0	100M1061I	EU057041	EU057076
H	13384	100	98.0	+	0	0	23I100M503I	EU057041	DQ083785
H	21735	100	98.0	+	0	0	39I100M1180I	EU057041	EU056967
H	28945	100	100.0	+	0	0	14I100M1147I	DQ663418	EU056996
H	19082	100	100.0	+	0	0	21I100M343I	DQ663418	DQ083800
H	20909	100	100.0	+	0	0	9I100M1167I	DQ663418	EU057038
L	28956	531	*	*	*	*	*	DQ663418	*
H	28956	100	100.0	+	0	0	100M431I	DQ663418	DQ663418
H	1704	100	100.0	+	0	0	24I100M1136I	DQ663418	EU057046
L	28982	1012	*	*	*	*	*	UDB011418	*
H	28982	100	100.0	+	0	0	I100M911I	UDB011418	UDB011418
H	28983	100	100.0	+	0	0	14I100M1318I	AF454575	AF454575
H	5470	100	98.0	+	0	0	36I100M901I	AF454575	AF454586
H	6284	100	95.0	+	0	0	8MD72M3D16M204I	AF454575	GU373484
L	29011	1511	*	*	*	*	*	UDB002909	*
H	29011	100	100.0	+	0	0	100M1411I	UDB002909	UDB002909
H	28471	100	94.0	+	0	0	121I100M652I	UDB002909	JQ711917
H	3152	100	95.0	+	0	0	19I50MI50M536I	UDB002909	EU696921
H	23965	100	92.0	+	0	0	D99M495I	UDB002909	HQ215811
H	1245	100	94.0	+	0	0	4I100M544I	UDB002909	UDB003317
L	29025	402	*	*	*	*	*	AM946477	*
H	29025	100	100.0	+	0	0	100M302I	AM946477	AM946477
L	29043	670	*	*	*	*	*	UDB003286	*
H	29043	100	100.0	+	0	0	3I100M567I	UDB003286	UDB003286
L	29054	549	*	*	*	*	*	UDB003338	*
H	29054	100	100.0	+	0	0	100M449I	UDB003338	UDB003338
L	29056	753	*	*	*	*	*	UDB003351	*
H	29056	100	100.0	+	0	0	3I100M650I	UDB003351	UDB003351
L	29019	1391	*	*	*	*	*	UDB002972	*
H	29019	100	92.0	+	0	0	6D94M1297I	UDB003351	UDB002972
L	17962	668	*	*	*	*	*	UDB000120	*
H	17962	100	98.0	+	0	0	26I29MI71M541I	UDB003351	UDB000120
L	1246	703	*	*	*	*	*	HM189969	*
H	1246	100	97.0	+	0	0	49I29MI71M553I	UDB003351	HM189969
L	24228	643	*	*	*	*	*	AM087267	*
H	24228	100	97.0	+	0	0	16I29MI71M526I	UDB003351	AM087267
L	29072	787	*	*	*	*	*	UDB008309	*
H	29072	100	100.0	+	0	0	100M687I	UDB008309	UDB008309
L	19187	612	*	*	*	*	*	JN943926	*
H	19187	100	99.0	+	0	0	35I100M477I	UDB008309	JN943926
L	18356	613	*	*	*	*	*	JN943904	*
H	18356	100	96.0	+	0	0	35I100M478I	UDB008309	JN943904
L	28357	609	*	*	*	*	*	JN943895	*
H	28357	100	94.0	+	0	0	35I55MD44M475I	UDB008309	JN943895
L	13420	623	*	*	*	*	*	AY838271	*
H	13420	100	91.0	+	0	0	51I44M2D54M474I	UDB008309	AY838271
L	29082	594	*	*	*	*	*	UDB011123	*
H	29082	100	100.0	+	0	0	100M494I	UDB011123	UDB011123
L	29141	1273	*	*	*	*	*	FJ157142	*
H	29141	100	100.0	+	0	0	4I100M1169I	FJ157142	FJ157142
H	12865	100	94.0	+	0	0	16I33MD66M1192I	FJ157142	AY669592
H	5952	100	95.0	+	0	0	15I33MD66M510I	FJ157142	GU222274
H	13386	100	94.0	+	0	0	20I33MD66M576I	FJ157142	DQ083793
H	22092	100	94.0	+	0	0	3I33MD66M1146I	FJ157142	FJ717516
L	29142	987	*	*	*	*	*	UDB011342	*
H	29142	100	100.0	+	0	0	114I100M773I	UDB011342	UDB011342
L	3380	1138	*	*	*	*	*	FJ157040	*
H	3380	100	93.0	+	0	0	42I37M4I10MI53M991I	UDB011342	FJ157040
L	29176	980	*	*	*	*	*	UDB011436	*
H	29176	100	100.0	+	0	0	3I100M877I	UDB011436	UDB011436
L	29357	671	*	*	*	*	*	UDB011887	*
H	29357	100	96.0	+	0	0	33I7MI14M2I79M535I	UDB011436	UDB011887
L	22036	677	*	*	*	*	*	EU784417	*
H	22036	100	96.0	+	0	0	9I7MI14M2I79M565I	UDB011436	EU784417
L	12747	711	*	*	*	*	*	AY818350	*
H	12747	100	92.0	+	0	0	42I7MI14M2I79M566I	UDB011436	AY818350
L	29177	960	*	*	*	*	*	UDB011437	*
H	29177	100	100.0	+	0	0	4I100M856I	UDB011437	UDB011437
L	17730	632	*	*	*	*	*	AY176458	*
H	17730	100	97.0	+	0	0	5I7MI13MI25MI55M524I	UDB011437	AY176458
L	27470	674	*	*	*	*	*	JF907980	*
H	27470	100	93.0	+	0	0	26I7MI13MI56MI24M545I	UDB011437	JF907980
H	28678	100	93.0	+	0	0	2I7MI13MI80M620I	UDB011437	U85332
L	11977	698	*	*	*	*	*	AY176350	*
H	11977	100	93.0	+	0	0	5I7MI13MI56MI24M590I	UDB011437	AY176350
L	29181	723	*	*	*	*	*	AJ534974	*
H	29181	100	100.0	+	0	0	100M623I	AJ534974	AJ534974
L	12744	847	*	*	*	*	*	AY817135	*
H	12744	100	100.0	+	0	0	64I88MI12M682I	AJ534974	AY817135
L	4560	926	*	*	*	*	*	FJ845406	*
H	4560	100	92.0	+	0	0	131I10M2I24MD26MD38M695I	AJ534974	FJ845406
L	12778	701	*	*	*	*	*	AJ535302	*
H	12778	100	90.0	+	0	0	10M3I24MD26MD38M600I	AJ534974	AJ535302
L	13980	696	*	*	*	*	*	AJ535301	*
H	13980	100	90.0	+	0	0	10M2I24MD26MD38M596I	AJ534974	AJ535301
L	29219	977	*	*	*	*	*	UDB011522	*
H	29219	100	100.0	+	0	0	4I100M873I	UDB011522	UDB011522
L	10528	725	*	*	*	*	*	JF908362	*
H	10528	100	91.0	+	0	0	32I7MI13MI45M2D11M6I22M587I	UDB011522	JF908362
L	29239	721	*	*	*	*	*	DQ822834	*
H	29239	100	100.0	+	0	0	15I100M606I	DQ822834	DQ822834
L	21089	745	*	*	*	*	*	EU186310	*
H	21089	100	100.0	+	0	0	48I100M597I	DQ822834	EU186310
L	2567	646	*	*	*	*	*	EU186300	*
H	2567	100	100.0	+	0	0	15I100M531I	DQ822834	EU186300
L	2568	632	*	*	*	*	*	AF458454	*
H	2568	100	100.0	+	0	0	46I84MI16M485I	DQ822834	AF458454
L	14853	665	*	*	*	*	*	AB289660	*
H	14853	100	99.0	+	0	0	10I100M555I	DQ822834	AB289660
L	29240	984	*	*	*	*	*	UDB011564	*
H	29240	100	100.0	+	0	0	3I100M881I	UDB011564	UDB011564
L	29230	982	*	*	*	*	*	UDB011542	*
H	29230	100	95.0	+	0	0	3I80M2I20M877I	UDB011564	UDB011542
L	29248	985	*	*	*	*	*	UDB011590	*
H	29248	100	93.0	+	0	0	3I22MD58M2I19M881I	UDB011564	UDB011590
L	29241	628	*	*	*	*	*	UDB011704	*
H	29241	100	93.0	+	0	0	3I100M525I	UDB011564	UDB011704
L	29238	984	*	*	*	*	*	UDB011586	*
H	29238	100	92.0	+	0	0	3I22MI53MI25M879I	UDB011564	UDB011586
L	29247	890	*	*	*	*	*	UDB011589	*
H	29247	100	100.0	+	0	0	3I100M787I	UDB011589	UDB011589
L	28994	642	*	*	*	*	*	FJ596909	*
H	28994	100	93.0	+	0	0	2D18MI80M543I	UDB011589	FJ596909
L	26238	888	*	*	*	*	*	AB036895	*
H	26238	100	96.0	+	0	0	50I7MI13MI80M736I	UDB011589	AB036895
H	29248	100	94.0	+	0	0	3I80MI20M881I	UDB011589	UDB011590
L	29235	980	*	*	*	*	*	UDB011548	*
H	29235	100	95.0	+	0	0	3I49M2I28MI23M874I	UDB011589	UDB011548
H	29294	100	100.0	+	0	0	32I100M567I	JF908630	JF908630
H	25820	100	99.0	+	0	0	26I100M701I	JF908630	FJ774073
H	22575	100	99.0	+	0	0	10I52MD35MI12M572I	JF908630	FJ375246
L	18783	715	*	*	*	*	*	AY854065	*
H	18783	100	97.0	+	0	0	40I100M575I	JF908630	AY854065
L	7853	695	*	*	*	*	*	HM562160	*
H	7853	100	94.0	+	0	0	17I100M578I	JF908630	HM562160
H	29311	100	100.0	+	0	0	100M562I	AF501557	AF501557
H	9785	100	100.0	+	0	0	29I100M556I	AF501557	AY281003
H	16013	100	95.0	+	0	0	10I100M558I	AF501557	AF325661
H	9787	100	90.0	+	0	0	53I52M2I48M572I	AF501557	AY280988
L	29313	1008	*	*	*	*	*	UDB011784	*
H	29313	100	100.0	+	0	0	3I100M905I	UDB011784	UDB011784
L	29302	1011	*	*	*	*	*	UDB011765	*
H	29302	100	96.0	+	0	0	4I28M3I72M904I	UDB011784	UDB011765
L	27538	667	*	*	*	*	*	JF908344	*
H	27538	100	99.0	+	0	0	25I7MI13MI80M540I	UDB011784	JF908344
L	27540	666	*	*	*	*	*	JF908349	*
H	27540	100	99.0	+	0	0	25I7MI13MI80M539I	UDB011784	JF908349
L	11843	724	*	*	*	*	*	JF908346	*
H	11843	100	98.0	+	0	0	25I7MI13MI80M597I	UDB011784	JF908346
L	29318	657	*	*	*	*	*	AF325580	*
H	29318	100	100.0	+	0	0	100M557I	AF325580	AF325580
L	28967	676	*	*	*	*	*	U56025	*
H	28967	100	100.0	+	0	0	21I100M555I	AF325580	U56025
H	22092	100	99.0	+	0	0	11I100M1137I	AF325580	FJ717516
L	7566	543	*	*	*	*	*	GU234056	*
H	7566	100	97.0	+	0	0	42I100M401I	AF325580	GU234056
H	12865	100	98.0	+	0	0	24I100M1183I	AF325580	AY669592
L	29322	998	*	*	*	*	*	UDB011803	*
H	29322	100	100.0	+	0	0	4I100M894I	UDB011803	UDB011803
L	29342	983	*	*	*	*	*	UDB011841	*
H	29342	100	91.0	+	0	0	3I100M880I	UDB011803	UDB011841
H	3398	100	90.0	+	0	0	3I20MI25MI55M871I	UDB011803	UDB011790
L	29253	1014	*	*	*	*	*	UDB011613	*
H	29253	100	90.0	+	0	0	4I52M2I48M908I	UDB011803	UDB011613
L	29374	274	*	*	*	*	*	X82505	*
H	29374	100	100.0	+	0	0	100M174I	X82505	X82505
L	28107	670	*	*	*	*	*	EU424278	*
H	28107	100	93.0	+	0	0	7D93M577I	X82505	EU424278
H	14506	100	99.0	+	0	0	5I100M560I	X82505	AY315788
L	14508	649	*	*	*	*	*	AB115041	*
H	14508	100	91.0	+	0	0	6D49M2I45M553I	X82505	AB115041
H	4186	100	96.0	+	0	0	10I100M525I	X82505	FJ608592
L	29394	1036	*	*	*	*	*	Z48537	*
H	29394	100	100.0	+	0	0	522I100M414I	Z48537	Z48537
H	2591	100	94.0	+	0	0	10I100M371I	Z48537	AF495462
H	19290	100	94.0	+	0	0	531I100M365I	Z48537	DQ179119
L	21289	534	*	*	*	*	*	DQ068980	*
H	21289	100	93.0	+	0	0	52I100M382I	Z48537	DQ068980
H	21335	100	93.0	+	0	0	502I100M160I	Z48537	EU418849
L	29416	194	*	*	*	*	*	Z81438	*
H	29416	100	100.0	+	0	0	100M94I	Z81438	Z81438
L	13467	198	*	*	*	*	*	U21828	*
H	13467	100	95.0	+	0	0	D12MI87M98I	Z81438	U21828
L	23284	565	*	*	*	*	*	GU266273	*
H	23284	100	100.0	+	0	0	16I100M449I	EU664488	GU266273
L	22964	596	*	*	*	*	*	FJ624264	*
H	22964	100	100.0	+	0	0	53I100M443I	EU664488	FJ624264
L	907	621	*	*	*	*	*	GQ461905	*
H	907	100	100.0	+	0	0	38I100M483I	EU664488	GQ461905
L	28010	575	*	*	*	*	*	FJ986602	*
H	28010	100	100.0	+	0	0	I100M474I	EU664488	FJ986602
L	29431	590	*	*	*	*	*	EU664488	*
H	29431	100	100.0	+	0	0	100M490I	EU664488	EU664488
D	27	2	*	*	*	*	100.0	DQ534469	*
D	28	2	*	*	*	*	100.0	DQ525490	*
D	29	2	*	*	*	*	100.0	DQ525494	*
D	79	2	*	*	*	*	100.0	AY077474	*
D	156	2	*	*	*	*	100.0	AY035657	*
D	159	2	*	*	*	*	100.0	GQ458022	*
D	174	2	*	*	*	*	100.0	EU525976	*
D	175	2	*	*	*	*	100.0	DQ782844	*
D	234	2	*	*	*	*	100.0	EU009966	*
D	237	2	*	*	*	*	100.0	DQ839596	*
D	275	2	*	*	*	*	100.0	AM076380	*
D	332	2	*	*	*	*	100.0	AM113956	*
D	341	2	*	*	*	*	100.0	AF243392	*
D	363	2	*	*	*	*	100.0	DQ875346	*
D	384	2	*	*	*	*	100.0	DQ974730	*
D	394	2	*	*	*	*	100.0	AF081483	*
D	403	2	*	*	*	*	100.0	DQ867113	*
D	412	2	*	*	*	*	100.0	GQ241289	*
D	416	2	*	*	*	*	100.0	DQ923530	*
D	438	2	*	*	*	*	100.0	DQ873659	*
D	487	2	*	*	*	*	100.0	DQ911456	*
D	493	2	*	*	*	*	100.0	DQ993563	*
D	505	2	*	*	*	*	100.0	DQ004573	*
D	509	2	*	*	*	*	100.0	DQ914689	*
D	517	2	*	*	*	*	100.0	AF085486	*
D	531	2	*	*	*	*	100.0	EF090927	*
D	544	2	*	*	*	*	100.0	GQ166898	*
D	597	2	*	*	*	*	100.0	GU247163	*
D	619	2	*	*	*	*	100.0	AJ390408	*
D	639	2	*	*	*	*	100.0	FJ538352	*
D	642	2	*	*	*	*	100.0	AF312013	*
D	649	2	*	*	*	*	100.0	EF174448	*
D	683	2	*	*	*	*	100.0	EF026134	*
D	695	2	*	*	*	*	100.0	AY461834	*
D	700	2	*	*	*	*	100.0	AJ426452	*
D	713	2	*	*	*	*	100.0	EF203930	*
D	722	2	*	*	*	*	100.0	EF197803	*
D	740	2	*	*	*	*	100.0	AF177151	*
D	753	2	*	*	*	*	100.0	GQ869901	*
D	761	2	*	*	*	*	100.0	EF417478	*
D	770	2	*	*	*	*	100.0	AY004807	*
D	774	2	*	*	*	*	100.0	EF081003	*
D	782	2	*	*	*	*	100.0	AM418550	*
D	788	2	*	*	*	*	100.0	EF194147	*
D	820	2	*	*	*	*	100.0	AB006433	*
D	830	2	*	*	*	*	100.0	EF442000	*
D	858	2	*	*	*	*	100.0	AF192319	*
D	872	2	*	*	*	*	100.0	U57351	*
D	881	2	*	*	*	*	100.0	AM259209	*
D	886	2	*	*	*	*	100.0	AF336150	*
D	897	2	*	*	*	*	100.0	AF335457	*
D	900	2	*	*	*	*	100.0	EF155499	*
D	903	2	*	*	*	*	100.0	AB298704	*
D	923	2	*	*	*	*	100.0	FJ799941	*
D	930	2	*	*	*	*	100.0	AF350062	*
D	942	2	*	*	*	*	100.0	AF228650	*
D	987	2	*	*	*	*	100.0	AF373978	*
D	992	2	*	*	*	*	100.0	AF373991	*
D	1006	2	*	*	*	*	100.0	AF291284	*
D	1016	2	*	*	*	*	100.0	EF190271	*
D	1017	2	*	*	*	*	100.0	EF190282	*
D	1018	2	*	*	*	*	100.0	EF190283	*
D	1044	2	*	*	*	*	100.0	EF507257	*
D	1052	2	*	*	*	*	100.0	EF530933	*
D	1061	2	*	*	*	*	100.0	EF535688	*
D	1063	2	*	*	*	*	100.0	EF535692	*
D	1073	2	*	*	*	*	100.0	AF383955	*
D	1088	2	*	*	*	*	100.0	EF197080	*
D	1090	2	*	*	*	*	100.0	EF197082	*
D	1130	3	*	*	*	*	100.0	EF558546	*
D	1147	2	*	*	*	*	100.0	EU707858	*
D	1153	2	*	*	*	*	100.0	FN423704	*
D	1154	2	*	*	*	*	100.0	AM292666	*
D	1193	2	*	*	*	*	100.0	EF600974	*
D	1212	2	*	*	*	*	100.0	EF619547	*
D	1219	2	*	*	*	*	100.0	EF409766	*
D	1245	2	*	*	*	*	100.0	UDB003317	*
D	1253	2	*	*	*	*	100.0	EF636921	*
D	1263	2	*	*	*	*	100.0	JF907774	*
D	1279	2	*	*	*	*	100.0	AF254930	*
D	1290	2	*	*	*	*	100.0	AF275336	*
D	1291	2	*	*	*	*	100.0	EU909462	*
D	1295	2	*	*	*	*	100.0	DQ534457	*
D	1313	2	*	*	*	*	100.0	GQ906965	*
D	1338	2	*	*	*	*	100.0	EF524312	*
D	1346	2	*	*	*	*	100.0	AF011285	*
D	1387	2	*	*	*	*	100.0	GU237831	*
D	1391	2	*	*	*	*	100.0	EU016102	*
D	1397	2	*	*	*	*	100.0	AF444418	*
D	1401	2	*	*	*	*	100.0	EU020062	*
D	1435	2	*	*	*	*	100.0	EF535193	*
D	1491	2	*	*	*	*	100.0	AB080487	*
D	1500	2	*	*	*	*	100.0	EF605270	*
D	1505	2	*	*	*	*	100.0	FJ439585	*
D	1557	2	*	*	*	*	100.0	AB360445	*
D	1585	2	*	*	*	*	100.0	EU041783	*
D	1592	2	*	*	*	*	100.0	EU035401	*
D	1595	2	*	*	*	*	100.0	EU035423	*
D	1598	2	*	*	*	*	100.0	EU035457	*
D	1605	2	*	*	*	*	100.0	EF689044	*
D	1629	2	*	*	*	*	100.0	AY796027	*
D	1655	2	*	*	*	*	100.0	EU002921	*
D	1665	2	*	*	*	*	100.0	EU006535	*
D	1672	2	*	*	*	*	100.0	AF332123	*
D	1679	2	*	*	*	*	100.0	EU037894	*
D	1686	2	*	*	*	*	100.0	AY035644	*
D	1699	2	*	*	*	*	100.0	FJ039646	*
D	1704	2	*	*	*	*	100.0	EU057046	*
D	1726	2	*	*	*	*	100.0	EU037050	*
D	1732	2	*	*	*	*	100.0	EU081846	*
D	1751	2	*	*	*	*	100.0	EU218895	*
D	1773	2	*	*	*	*	100.0	EU128046	*
D	1783	2	*	*	*	*	100.0	EU214584	*
D	1788	2	*	*	*	*	100.0	EU140821	*
D	1823	2	*	*	*	*	100.0	FJ462747	*
D	1833	2	*	*	*	*	100.0	DQ006946	*
D	1863	3	*	*	*	*	100.0	FJ538351	*
D	1866	2	*	*	*	*	100.0	FJ425199	*
D	1875	2	*	*	*	*	100.0	EU326448	*
D	1888	2	*	*	*	*	100.0	EU293061	*
D	1900	2	*	*	*	*	100.0	EU266096	*
D	1901	2	*	*	*	*	100.0	EU266100	*
D	1919	2	*	*	*	*	100.0	EU551211	*
D	1948	2	*	*	*	*	100.0	EU339369	*
D	1961	2	*	*	*	*	100.0	AM882792	*
D	1962	2	*	*	*	*	100.0	AM882803	*
D	1975	3	*	*	*	*	100.0	AM906059	*
D	1979	2	*	*	*	*	100.0	FJ573095	*
D	1988	2	*	*	*	*	100.0	EU365860	*
D	2010	2	*	*	*	*	100.0	AF346407	*
D	2065	2	*	*	*	*	100.0	EU257803	*
D	2137	2	*	*	*	*	100.0	EU821481	*
D	2156	2	*	*	*	*	100.0	AF162464	*
D	2164	2	*	*	*	*	100.0	EU486439	*
D	2188	2	*	*	*	*	100.0	AF282093	*
D	2216	2	*	*	*	*	100.0	AF439494	*
D	2228	2	*	*	*	*	100.0	AM946763	*
D	2273	2	*	*	*	*	100.0	EU526004	*
D	2288	2	*	*	*	*	100.0	EU484285	*
D	2299	2	*	*	*	*	100.0	GU134172	*
D	2307	2	*	*	*	*	100.0	EU551192	*
D	2315	2	*	*	*	*	100.0	EU254778	*
D	2317	2	*	*	*	*	100.0	EU254786	*
D	2324	2	*	*	*	*	100.0	EU254860	*
D	2329	2	*	*	*	*	100.0	EU254939	*
D	2336	2	*	*	*	*	100.0	EU254992	*
D	2340	2	*	*	*	*	100.0	EU255056	*
D	2381	2	*	*	*	*	100.0	EU484271	*
D	2431	2	*	*	*	*	100.0	AF325664	*
D	2441	2	*	*	*	*	100.0	AF340013	*
D	2449	2	*	*	*	*	100.0	AJ309352	*
D	2457	2	*	*	*	*	100.0	AF062936	*
D	2468	2	*	*	*	*	100.0	GQ203815	*
D	2478	2	*	*	*	*	100.0	AB045105	*
D	2481	2	*	*	*	*	100.0	AB054106	*
D	2491	2	*	*	*	*	100.0	EU554131	*
D	2496	2	*	*	*	*	100.0	EU598154	*
D	2501	2	*	*	*	*	100.0	EU598174	*
D	2550	2	*	*	*	*	100.0	AB078341	*
D	2553	2	*	*	*	*	100.0	EU434832	*
D	2563	2	*	*	*	*	100.0	AY015430	*
D	2568	2	*	*	*	*	100.0	AF458454	*
D	2577	2	*	*	*	*	100.0	AF333156	*
D	2590	2	*	*	*	*	100.0	AB070888	*
D	2602	2	*	*	*	*	100.0	U88225	*
D	2610	2	*	*	*	*	100.0	AJ430228	*
D	2611	2	*	*	*	*	100.0	AJ430229	*
D	2622	3	*	*	*	*	100.0	EU520187	*
D	2658	2	*	*	*	*	100.0	AM504059	*
D	2662	2	*	*	*	*	100.0	EU488738	*
D	2696	2	*	*	*	*	100.0	AM993110	*
D	2713	2	*	*	*	*	100.0	FJ848859	*
D	2734	2	*	*	*	*	100.0	EU707900	*
D	2739	2	*	*	*	*	100.0	EF447378	*
D	2813	2	*	*	*	*	100.0	AB472592	*
D	2818	2	*	*	*	*	100.0	EU623713	*
D	2836	2	*	*	*	*	100.0	EU552137	*
D	2838	3	*	*	*	*	100.0	EU552140	*
D	2850	2	*	*	*	*	100.0	AF395309	*
D	2892	2	*	*	*	*	100.0	EU707817	*
D	2894	2	*	*	*	*	100.0	U57882	*
D	2904	2	*	*	*	*	100.0	JF773598	*
D	2906	2	*	*	*	*	100.0	EU669202	*
D	2908	2	*	*	*	*	100.0	EU669210	*
D	2968	2	*	*	*	*	100.0	AF296773	*
D	2987	2	*	*	*	*	100.0	EU837202	*
D	2994	2	*	*	*	*	100.0	EU837231	*
D	3007	2	*	*	*	*	100.0	EU819439	*
D	3045	2	*	*	*	*	100.0	EU846268	*
D	3046	2	*	*	*	*	100.0	GQ165684	*
D	3052	2	*	*	*	*	100.0	EU635979	*
D	3071	2	*	*	*	*	100.0	EU673336	*
D	3085	2	*	*	*	*	100.0	EU854436	*
D	3111	2	*	*	*	*	100.0	EU884190	*
D	3139	2	*	*	*	*	100.0	FJ160956	*
D	3163	2	*	*	*	*	100.0	EU718116	*
D	3177	2	*	*	*	*	100.0	FM208869	*
D	3186	2	*	*	*	*	100.0	FM208893	*
D	3199	2	*	*	*	*	100.0	AF343318	*
D	3214	2	*	*	*	*	100.0	GQ146462	*
D	3224	2	*	*	*	*	100.0	AY091485	*
D	3233	2	*	*	*	*	100.0	AF410474	*
D	3247	2	*	*	*	*	100.0	EU715628	*
D	3270	2	*	*	*	*	100.0	AF444429	*
D	3275	2	*	*	*	*	100.0	AF444474	*
D	3278	2	*	*	*	*	100.0	AY370684	*
D	3280	2	*	*	*	*	100.0	DQ913746	*
D	3287	2	*	*	*	*	100.0	HQ604676	*
D	3293	2	*	*	*	*	100.0	EF592116	*
D	3299	2	*	*	*	*	100.0	AF444561	*
D	3304	2	*	*	*	*	100.0	AF444569	*
D	3324	2	*	*	*	*	100.0	FJ196777	*
D	3362	2	*	*	*	*	100.0	FJ158131	*
D	3378	2	*	*	*	*	100.0	EU930010	*
D	3413	2	*	*	*	*	100.0	EU712012	*
D	3421	3	*	*	*	*	100.0	EU833203	*
D	3438	2	*	*	*	*	100.0	FJ196764	*
D	3475	2	*	*	*	*	100.0	FM206390	*
D	3490	2	*	*	*	*	100.0	AY303135	*
D	3513	2	*	*	*	*	100.0	EU784186	*
D	3522	2	*	*	*	*	100.0	EU784241	*
D	3527	2	*	*	*	*	100.0	EU784249	*
D	3539	2	*	*	*	*	100.0	EU784294	*
D	3540	2	*	*	*	*	100.0	EU784295	*
D	3544	2	*	*	*	*	100.0	EU784302	*
D	3567	2	*	*	*	*	100.0	EU784374	*
D	3577	2	*	*	*	*	100.0	EU784438	*
D	3584	2	*	*	*	*	100.0	FJ196600	*
D	3609	2	*	*	*	*	100.0	FJ232892	*
D	3620	2	*	*	*	*	100.0	FJ372676	*
D	3621	2	*	*	*	*	100.0	AF495461	*
D	3627	2	*	*	*	*	100.0	AM778030	*
D	3631	2	*	*	*	*	100.0	U66011	*
D	3639	2	*	*	*	*	100.0	FJ392561	*
D	3648	2	*	*	*	*	100.0	EF672228	*
D	3649	2	*	*	*	*	100.0	FJ372393	*
D	3650	2	*	*	*	*	100.0	JF740200	*
D	3667	2	*	*	*	*	100.0	EU888927	*
D	3674	2	*	*	*	*	100.0	Z73793	*
D	3689	2	*	*	*	*	100.0	AY072026	*
D	3701	2	*	*	*	*	100.0	AF377069	*
D	3718	2	*	*	*	*	100.0	AF377245	*
D	3725	2	*	*	*	*	100.0	AF377282	*
D	3736	2	*	*	*	*	100.0	EU853469	*
D	3777	2	*	*	*	*	100.0	FJ441032	*
D	3787	2	*	*	*	*	100.0	FJ441045	*
D	3792	2	*	*	*	*	100.0	EU707863	*
D	3797	2	*	*	*	*	100.0	FJ441016	*
D	3832	2	*	*	*	*	100.0	FJ501278	*
D	3833	2	*	*	*	*	100.0	FJ501284	*
D	3849	2	*	*	*	*	100.0	AB073267	*
D	3850	2	*	*	*	*	100.0	FJ440209	*
D	3859	2	*	*	*	*	100.0	EU888918	*
D	3881	2	*	*	*	*	100.0	EU625998	*
D	3886	2	*	*	*	*	100.0	FJ176722	*
D	3904	2	*	*	*	*	100.0	FJ664871	*
D	3911	2	*	*	*	*	100.0	FJ005116	*
D	3926	2	*	*	*	*	100.0	EU860055	*
D	3939	2	*	*	*	*	100.0	EU915293	*
D	3957	2	*	*	*	*	100.0	FJ438384	*
D	3985	2	*	*	*	*	100.0	EU935540	*
D	3995	2	*	*	*	*	100.0	EU935556	*
D	3997	2	*	*	*	*	100.0	EU935560	*
D	4005	2	*	*	*	*	100.0	EU935579	*
D	4029	2	*	*	*	*	100.0	EU810052	*
D	4039	2	*	*	*	*	100.0	FN687603	*
D	4049	2	*	*	*	*	100.0	FJ537070	*
D	4050	2	*	*	*	*	100.0	AY033098	*
D	4066	2	*	*	*	*	100.0	AY061687	*
D	4071	2	*	*	*	*	100.0	FJ845431	*
D	4075	2	*	*	*	*	100.0	AY621802	*
D	4076	2	*	*	*	*	100.0	AY061739	*
D	4081	2	*	*	*	*	100.0	FJ548834	*
D	4110	2	*	*	*	*	100.0	FJ527874	*
D	4134	2	*	*	*	*	100.0	DQ200924	*
D	4168	2	*	*	*	*	100.0	AM697824	*
D	4172	2	*	*	*	*	100.0	AM697833	*
D	4180	2	*	*	*	*	100.0	AM697874	*
D	4243	2	*	*	*	*	100.0	FJ623613	*
D	4247	2	*	*	*	*	100.0	FJ623617	*
D	4261	2	*	*	*	*	100.0	FJ601815	*
D	4342	2	*	*	*	*	100.0	FJ167637	*
D	4343	2	*	*	*	*	100.0	FJ167642	*
D	4351	2	*	*	*	*	100.0	FJ379273	*
D	4361	2	*	*	*	*	100.0	FJ717499	*
D	4375	2	*	*	*	*	100.0	FJ754318	*
D	4379	2	*	*	*	*	100.0	EF432284	*
D	4381	2	*	*	*	*	100.0	FJ210642	*
D	4389	2	*	*	*	*	100.0	AF335932	*
D	4403	2	*	*	*	*	100.0	EU977545	*
D	4431	2	*	*	*	*	100.0	FJ746942	*
D	4457	2	*	*	*	*	100.0	FJ770077	*
D	4462	2	*	*	*	*	100.0	FJ211864	*
D	4463	2	*	*	*	*	100.0	FJ211865	*
D	4492	2	*	*	*	*	100.0	FJ769713	*
D	4527	2	*	*	*	*	100.0	FJ810128	*
D	4533	2	*	*	*	*	100.0	L08730	*
D	4552	2	*	*	*	*	100.0	FJ852597	*
D	4554	2	*	*	*	*	100.0	FJ210497	*
D	4556	2	*	*	*	*	100.0	FJ210523	*
D	4592	2	*	*	*	*	100.0	FJ861985	*
D	4603	2	*	*	*	*	100.0	GU566253	*
D	4607	2	*	*	*	*	100.0	DQ018098	*
D	4629	2	*	*	*	*	100.0	FJ824644	*
D	4630	2	*	*	*	*	100.0	FJ824647	*
D	4648	2	*	*	*	*	100.0	FJ892749	*
D	4674	2	*	*	*	*	100.0	FJ403215	*
D	4692	2	*	*	*	*	100.0	U66439	*
D	4693	2	*	*	*	*	100.0	U66441	*
D	4695	2	*	*	*	*	100.0	EU118645	*
D	4701	2	*	*	*	*	100.0	U66452	*
D	4726	2	*	*	*	*	100.0	FJ380943	*
D	4735	2	*	*	*	*	100.0	FJ884115	*
D	4749	2	*	*	*	*	100.0	FJ871076	*
D	4806	2	*	*	*	*	100.0	DQ480345	*
D	4819	2	*	*	*	*	100.0	AB092792	*
D	4839	2	*	*	*	*	100.0	AB470861	*
D	4861	2	*	*	*	*	100.0	FJ456893	*
D	4863	2	*	*	*	*	100.0	AF272934	*
D	4877	2	*	*	*	*	100.0	FJ664842	*
D	4897	2	*	*	*	*	100.0	FJ435144	*
D	4906	2	*	*	*	*	100.0	FJ544860	*
D	4916	2	*	*	*	*	100.0	FJ770408	*
D	4927	2	*	*	*	*	100.0	FJ665274	*
D	4942	2	*	*	*	*	100.0	FJ431217	*
D	4950	2	*	*	*	*	100.0	FJ431268	*
D	4954	2	*	*	*	*	100.0	FJ431272	*
D	4957	2	*	*	*	*	100.0	FJ431278	*
D	4958	2	*	*	*	*	100.0	FJ431279	*
D	4960	2	*	*	*	*	100.0	FJ431281	*
D	4978	2	*	*	*	*	100.0	GQ458032	*
D	5007	3	*	*	*	*	100.0	FJ468400	*
D	5012	2	*	*	*	*	100.0	GQ166878	*
D	5019	2	*	*	*	*	100.0	GQ166912	*
D	5031	2	*	*	*	*	100.0	AF466301	*
D	5067	2	*	*	*	*	100.0	FJ998390	*
D	5087	2	*	*	*	*	100.0	EU343806	*
D	5096	2	*	*	*	*	100.0	EU343865	*
D	5108	2	*	*	*	*	100.0	AY143556	*
D	5112	2	*	*	*	*	100.0	EU569236	*
D	5116	2	*	*	*	*	100.0	EU569238	*
D	5137	2	*	*	*	*	100.0	AF491621	*
D	5140	2	*	*	*	*	100.0	AF491629	*
D	5205	2	*	*	*	*	100.0	AB512304	*
D	5223	2	*	*	*	*	100.0	FJ496671	*
D	5259	2	*	*	*	*	100.0	FJ572246	*
D	5274	2	*	*	*	*	100.0	AB454302	*
D	5290	2	*	*	*	*	100.0	GQ280314	*
D	5298	2	*	*	*	*	100.0	GQ355335	*
D	5304	2	*	*	*	*	100.0	GQ253457	*
D	5326	2	*	*	*	*	100.0	FJ379833	*
D	5329	2	*	*	*	*	100.0	FJ807683	*
D	5331	2	*	*	*	*	100.0	GQ304960	*
D	5335	2	*	*	*	*	100.0	AB439546	*
D	5381	2	*	*	*	*	100.0	GQ426039	*
D	5425	2	*	*	*	*	100.0	GQ303272	*
D	5426	2	*	*	*	*	100.0	GQ303274	*
D	5429	2	*	*	*	*	100.0	GQ303294	*
D	5432	2	*	*	*	*	100.0	FN548165	*
D	5443	2	*	*	*	*	100.0	GQ458034	*
D	5454	2	*	*	*	*	100.0	AY549477	*
D	5467	2	*	*	*	*	100.0	AF454570	*
D	5482	2	*	*	*	*	100.0	GQ856366	*
D	5518	2	*	*	*	*	100.0	GQ981519	*
D	5531	2	*	*	*	*	100.0	AB524804	*
D	5533	2	*	*	*	*	100.0	AB524815	*
D	5558	2	*	*	*	*	100.0	GQ893026	*
D	5562	2	*	*	*	*	100.0	FJ590605	*
D	5564	2	*	*	*	*	100.0	U63475	*
D	5571	2	*	*	*	*	100.0	Z14025	*
D	5574	2	*	*	*	*	100.0	GQ925392	*
D	5592	2	*	*	*	*	100.0	GU062197	*
D	5594	2	*	*	*	*	100.0	FJ903294	*
D	5599	2	*	*	*	*	100.0	GU062261	*
D	5613	2	*	*	*	*	100.0	FJ719406	*
D	5622	2	*	*	*	*	100.0	DQ320128	*
D	5624	2	*	*	*	*	100.0	FM872461	*
D	5648	2	*	*	*	*	100.0	GQ852796	*
D	5694	2	*	*	*	*	100.0	AM882836	*
D	5703	2	*	*	*	*	100.0	AM882906	*
D	5740	2	*	*	*	*	100.0	FJ860730	*
D	5741	2	*	*	*	*	100.0	FJ860738	*
D	5750	2	*	*	*	*	100.0	FJ860851	*
D	5768	2	*	*	*	*	100.0	FJ827732	*
D	5770	2	*	*	*	*	100.0	FJ827736	*
D	5772	2	*	*	*	*	100.0	FJ009555	*
D	5778	2	*	*	*	*	100.0	GU136220	*
D	5828	2	*	*	*	*	100.0	FM213343	*
D	5895	2	*	*	*	*	100.0	AJ408386	*
D	5897	2	*	*	*	*	100.0	AJ408394	*
D	5915	2	*	*	*	*	100.0	GU234098	*
D	5920	2	*	*	*	*	100.0	GU183117	*
D	5943	2	*	*	*	*	100.0	GU222260	*
D	5954	2	*	*	*	*	100.0	GU222294	*
D	6010	2	*	*	*	*	100.0	GU229802	*
D	6016	2	*	*	*	*	100.0	GU229809	*
D	6020	2	*	*	*	*	100.0	GU229816	*
D	6028	2	*	*	*	*	100.0	GU246289	*
D	6030	2	*	*	*	*	100.0	GU220376	*
D	6043	2	*	*	*	*	100.0	GU233355	*
D	6054	2	*	*	*	*	100.0	FJ914798	*
D	6076	2	*	*	*	*	100.0	EF394843	*
D	6083	2	*	*	*	*	100.0	GU136180	*
D	6112	2	*	*	*	*	100.0	FJ914927	*
D	6123	2	*	*	*	*	100.0	AM993100	*
D	6164	2	*	*	*	*	100.0	DQ458904	*
D	6168	2	*	*	*	*	100.0	FJ861966	*
D	6191	2	*	*	*	*	100.0	AY188365	*
D	6207	2	*	*	*	*	100.0	GU246261	*
D	6211	2	*	*	*	*	100.0	GU246266	*
D	6244	2	*	*	*	*	100.0	AY212827	*
D	6252	2	*	*	*	*	100.0	GQ329053	*
D	6255	2	*	*	*	*	100.0	AY243626	*
D	6290	2	*	*	*	*	100.0	EF447381	*
D	6296	3	*	*	*	*	100.0	FJ435147	*
D	6299	2	*	*	*	*	100.0	FJ515167	*
D	6307	2	*	*	*	*	100.0	EF202180	*
D	6316	2	*	*	*	*	100.0	GU391559	*
D	6320	2	*	*	*	*	100.0	GU391563	*
D	6327	2	*	*	*	*	100.0	GU391570	*
D	6330	2	*	*	*	*	100.0	GU550111	*
D	6339	2	*	*	*	*	100.0	GQ390296	*
D	6351	2	*	*	*	*	100.0	GU461295	*
D	6382	2	*	*	*	*	100.0	HQ586857	*
D	6396	2	*	*	*	*	100.0	GU590925	*
D	6399	2	*	*	*	*	100.0	GU725443	*
D	6402	2	*	*	*	*	100.0	AY581055	*
D	6404	2	*	*	*	*	100.0	GU593041	*
D	6409	2	*	*	*	*	100.0	DQ132816	*
D	6414	2	*	*	*	*	100.0	AY218430	*
D	6417	2	*	*	*	*	100.0	GU138864	*
D	6426	2	*	*	*	*	100.0	AB540577	*
D	6429	2	*	*	*	*	100.0	AF017652	*
D	6445	2	*	*	*	*	100.0	AB085803	*
D	6448	2	*	*	*	*	100.0	GU553287	*
D	6491	2	*	*	*	*	100.0	FJ228170	*
D	6514	2	*	*	*	*	100.0	GU017495	*
D	6520	2	*	*	*	*	100.0	AY089739	*
D	6534	2	*	*	*	*	100.0	GQ221126	*
D	6546	2	*	*	*	*	100.0	GU258226	*
D	6549	2	*	*	*	*	100.0	GU258231	*
D	6559	2	*	*	*	*	100.0	GU258299	*
D	6577	2	*	*	*	*	100.0	GU968423	*
D	6578	2	*	*	*	*	100.0	GU968424	*
D	6595	2	*	*	*	*	100.0	U51974	*
D	6606	2	*	*	*	*	100.0	AF162470	*
D	6607	3	*	*	*	*	100.0	FN547569	*
D	6611	2	*	*	*	*	100.0	AB505449	*
D	6666	2	*	*	*	*	100.0	GU322438	*
D	6680	2	*	*	*	*	100.0	GU324735	*
D	6702	2	*	*	*	*	100.0	GU723419	*
D	6703	2	*	*	*	*	100.0	GU723421	*
D	6716	2	*	*	*	*	100.0	EU918133	*
D	6733	2	*	*	*	*	100.0	FJ436340	*
D	6734	2	*	*	*	*	100.0	AF137067	*
D	6744	2	*	*	*	*	100.0	GQ352486	*
D	6755	2	*	*	*	*	100.0	GU973693	*
D	6758	2	*	*	*	*	100.0	GU973710	*
D	6762	2	*	*	*	*	100.0	GU973721	*
D	6774	2	*	*	*	*	100.0	GU973792	*
D	6833	2	*	*	*	*	100.0	HM060318	*
D	6872	2	*	*	*	*	100.0	GQ344601	*
D	6963	2	*	*	*	*	100.0	AB509759	*
D	7046	2	*	*	*	*	100.0	HM120872	*
D	7075	2	*	*	*	*	100.0	AB099900	*
D	7090	2	*	*	*	*	100.0	HQ604525	*
D	7095	2	*	*	*	*	100.0	EU257675	*
D	7097	2	*	*	*	*	100.0	GU068592	*
D	7100	2	*	*	*	*	100.0	HM466956	*
D	7108	2	*	*	*	*	100.0	AB512335	*
D	7111	2	*	*	*	*	100.0	GU067666	*
D	7149	2	*	*	*	*	100.0	EU528675	*
D	7161	2	*	*	*	*	100.0	EF552702	*
D	7162	3	*	*	*	*	100.0	EU327325	*
D	7169	2	*	*	*	*	100.0	AF516796	*
D	7205	2	*	*	*	*	100.0	GU827329	*
D	7254	2	*	*	*	*	100.0	GQ426980	*
D	7255	2	*	*	*	*	100.0	EU280093	*
D	7258	2	*	*	*	*	100.0	GU934506	*
D	7275	2	*	*	*	*	100.0	EU047934	*
D	7284	2	*	*	*	*	100.0	EU888631	*
D	7291	2	*	*	*	*	100.0	HM538484	*
D	7294	2	*	*	*	*	100.0	HM538502	*
D	7304	2	*	*	*	*	100.0	FJ379832	*
D	7315	2	*	*	*	*	100.0	GQ249875	*
D	7316	2	*	*	*	*	100.0	DQ534460	*
D	7319	2	*	*	*	*	100.0	AY729937	*
D	7337	2	*	*	*	*	100.0	FM205703	*
D	7341	2	*	*	*	*	100.0	FN433159	*
D	7351	2	*	*	*	*	100.0	FJ997287	*
D	7371	2	*	*	*	*	100.0	HM131340	*
D	7386	2	*	*	*	*	100.0	FR668015	*
D	7392	2	*	*	*	*	100.0	AB237808	*
D	7393	2	*	*	*	*	100.0	HM590821	*
D	7398	2	*	*	*	*	100.0	AY176473	*
D	7405	2	*	*	*	*	100.0	HM046875	*
D	7424	2	*	*	*	*	100.0	AF501566	*
D	7431	2	*	*	*	*	100.0	AF505753	*
D	7438	2	*	*	*	*	100.0	AY842957	*
D	7440	2	*	*	*	*	100.0	AF505766	*
D	7447	2	*	*	*	*	100.0	AF505780	*
D	7459	2	*	*	*	*	100.0	AY265221	*
D	7460	2	*	*	*	*	100.0	AY265223	*
D	7481	2	*	*	*	*	100.0	HM997120	*
D	7483	2	*	*	*	*	100.0	HM997129	*
D	7494	2	*	*	*	*	100.0	EU002915	*
D	7499	2	*	*	*	*	100.0	HM855223	*
D	7521	2	*	*	*	*	100.0	HQ115663	*
D	7560	2	*	*	*	*	100.0	GU234028	*
D	7570	2	*	*	*	*	100.0	GU234067	*
D	7585	2	*	*	*	*	100.0	GU234121	*
D	7596	2	*	*	*	*	100.0	GU234152	*
D	7597	2	*	*	*	*	100.0	GU234165	*
D	7648	2	*	*	*	*	100.0	DQ777998	*
D	7663	2	*	*	*	*	100.0	FJ884085	*
D	7690	2	*	*	*	*	100.0	AB190383	*
D	7696	2	*	*	*	*	100.0	AB190871	*
D	7698	2	*	*	*	*	100.0	GQ888694	*
D	7708	2	*	*	*	*	100.0	HQ013092	*
D	7737	2	*	*	*	*	100.0	AY558746	*
D	7758	2	*	*	*	*	100.0	FJ914689	*
D	7767	2	*	*	*	*	100.0	EU041796	*
D	7783	2	*	*	*	*	100.0	GU066630	*
D	7790	2	*	*	*	*	100.0	EU014043	*
D	7794	2	*	*	*	*	100.0	AY606964	*
D	7797	2	*	*	*	*	100.0	AJ889931	*
D	7803	2	*	*	*	*	100.0	EF488395	*
D	7819	2	*	*	*	*	100.0	HQ318262	*
D	7836	2	*	*	*	*	100.0	HM562044	*
D	7839	2	*	*	*	*	100.0	HM562057	*
D	7842	2	*	*	*	*	100.0	HM562125	*
D	7891	2	*	*	*	*	100.0	GQ923872	*
D	7894	2	*	*	*	*	100.0	HQ166414	*
D	7896	2	*	*	*	*	100.0	HQ166421	*
D	7927	2	*	*	*	*	100.0	GU566295	*
D	7934	2	*	*	*	*	100.0	HM998314	*
D	7936	2	*	*	*	*	100.0	EU266088	*
D	7957	2	*	*	*	*	100.0	AB025701	*
D	7982	2	*	*	*	*	100.0	JQ256427	*
D	7983	2	*	*	*	*	100.0	AY061682	*
D	7985	2	*	*	*	*	100.0	AF539471	*
D	7990	2	*	*	*	*	100.0	HQ267947	*
D	8032	2	*	*	*	*	100.0	FN669232	*
D	8050	2	*	*	*	*	100.0	EF608062	*
D	8076	2	*	*	*	*	100.0	HQ153410	*
D	8091	2	*	*	*	*	100.0	HQ589142	*
D	8099	2	*	*	*	*	100.0	GU166482	*
D	8102	2	*	*	*	*	100.0	HM488760	*
D	8106	2	*	*	*	*	100.0	GQ169492	*
D	8134	2	*	*	*	*	100.0	HQ215760	*
D	8140	2	*	*	*	*	100.0	HQ423449	*
D	8159	2	*	*	*	*	100.0	HQ607847	*
D	8162	2	*	*	*	*	100.0	HQ631054	*
D	8163	2	*	*	*	*	100.0	AY495433	*
D	8177	2	*	*	*	*	100.0	FN650647	*
D	8183	2	*	*	*	*	100.0	HQ608111	*
D	8187	2	*	*	*	*	100.0	FR733880	*
D	8241	2	*	*	*	*	100.0	HQ604844	*
D	8252	2	*	*	*	*	100.0	HQ439175	*
D	8263	2	*	*	*	*	100.0	GU570097	*
D	8271	2	*	*	*	*	100.0	DQ365684	*
D	8272	2	*	*	*	*	100.0	HQ604805	*
D	8301	2	*	*	*	*	100.0	HQ725076	*
D	8302	2	*	*	*	*	100.0	HQ413280	*
D	8312	2	*	*	*	*	100.0	HQ533011	*
D	8321	2	*	*	*	*	100.0	GU300790	*
D	8345	2	*	*	*	*	100.0	HM005152	*
D	8357	2	*	*	*	*	100.0	FJ861408	*
D	8370	2	*	*	*	*	100.0	HQ604080	*
D	8378	2	*	*	*	*	100.0	HQ604206	*
D	8381	2	*	*	*	*	100.0	HQ604212	*
D	8388	2	*	*	*	*	100.0	HQ604265	*
D	8395	2	*	*	*	*	100.0	HQ604446	*
D	8398	2	*	*	*	*	100.0	HQ604521	*
D	8404	2	*	*	*	*	100.0	HQ604625	*
D	8412	2	*	*	*	*	100.0	FJ039678	*
D	8426	2	*	*	*	*	100.0	HQ604807	*
D	8451	2	*	*	*	*	100.0	HM005144	*
D	8479	2	*	*	*	*	100.0	EU624488	*
D	8482	2	*	*	*	*	100.0	AY265326	*
D	8507	2	*	*	*	*	100.0	HQ693230	*
D	8526	2	*	*	*	*	100.0	GU183864	*
D	8547	2	*	*	*	*	100.0	AY259137	*
D	8559	2	*	*	*	*	100.0	DQ823420	*
D	8569	2	*	*	*	*	100.0	FJ411098	*
D	8583	2	*	*	*	*	100.0	EF641875	*
D	8632	2	*	*	*	*	100.0	HQ676138	*
D	8634	2	*	*	*	*	100.0	FN600382	*
D	8656	2	*	*	*	*	100.0	HQ650732	*
D	8662	2	*	*	*	*	100.0	HQ605932	*
D	8664	2	*	*	*	*	100.0	AY667581	*
D	8670	2	*	*	*	*	100.0	HM748910	*
D	8671	2	*	*	*	*	100.0	AB554112	*
D	8673	2	*	*	*	*	100.0	HQ599379	*
D	8684	2	*	*	*	*	100.0	GU733709	*
D	8696	2	*	*	*	*	100.0	U18357	*
D	8719	2	*	*	*	*	100.0	JQ397115	*
D	8731	2	*	*	*	*	100.0	JN813394	*
D	8736	2	*	*	*	*	100.0	HQ888725	*
D	8756	2	*	*	*	*	100.0	HQ615930	*
D	8788	2	*	*	*	*	100.0	AB113352	*
D	8803	2	*	*	*	*	100.0	AY313067	*
D	8804	2	*	*	*	*	100.0	AY313068	*
D	8810	2	*	*	*	*	100.0	AY313079	*
D	8812	2	*	*	*	*	100.0	AY313081	*
D	8820	2	*	*	*	*	100.0	GQ900529	*
D	8835	2	*	*	*	*	100.0	HM999964	*
D	8860	2	*	*	*	*	100.0	HM748580	*
D	8864	2	*	*	*	*	100.0	HM579017	*
D	8876	2	*	*	*	*	100.0	FN394721	*
D	8900	3	*	*	*	*	100.0	FJ710057	*
D	8918	2	*	*	*	*	100.0	AY611098	*
D	8937	2	*	*	*	*	100.0	JF343576	*
D	8941	2	*	*	*	*	100.0	FN825912	*
D	8946	2	*	*	*	*	100.0	HQ698149	*
D	8959	2	*	*	*	*	100.0	FR750201	*
D	8972	2	*	*	*	*	100.0	HQ847055	*
D	8984	2	*	*	*	*	100.0	GQ355934	*
D	8986	2	*	*	*	*	100.0	EF680754	*
D	8996	2	*	*	*	*	100.0	AY918956	*
D	9001	2	*	*	*	*	100.0	GU479355	*
D	9009	2	*	*	*	*	100.0	HQ630276	*
D	9010	2	*	*	*	*	100.0	HQ630279	*
D	9031	2	*	*	*	*	100.0	AF444396	*
D	9046	2	*	*	*	*	100.0	HQ633053	*
D	9061	2	*	*	*	*	100.0	HQ714767	*
D	9085	2	*	*	*	*	100.0	GU994553	*
D	9087	2	*	*	*	*	100.0	GU994555	*
D	9135	2	*	*	*	*	100.0	JF701735	*
D	9138	2	*	*	*	*	100.0	JF701738	*
D	9146	2	*	*	*	*	100.0	JF701779	*
D	9149	2	*	*	*	*	100.0	HQ876602	*
D	9172	2	*	*	*	*	100.0	FR799208	*
D	9174	2	*	*	*	*	100.0	FR799215	*
D	9175	2	*	*	*	*	100.0	AF282074	*
D	9239	2	*	*	*	*	100.0	HQ829140	*
D	9241	2	*	*	*	*	100.0	JF681960	*
D	9252	2	*	*	*	*	100.0	AF389163	*
D	9263	2	*	*	*	*	100.0	JF440959	*
D	9266	2	*	*	*	*	100.0	HQ917069	*
D	9278	2	*	*	*	*	100.0	AB080531	*
D	9284	2	*	*	*	*	100.0	FJ791141	*
D	9286	2	*	*	*	*	100.0	JF439501	*
D	9299	2	*	*	*	*	100.0	HQ845170	*
D	9352	2	*	*	*	*	100.0	AB594842	*
D	9353	2	*	*	*	*	100.0	HQ593534	*
D	9394	2	*	*	*	*	100.0	AY325966	*
D	9395	2	*	*	*	*	100.0	AY330994	*
D	9400	2	*	*	*	*	100.0	HQ148095	*
D	9433	2	*	*	*	*	100.0	JF514530	*
D	9488	2	*	*	*	*	100.0	JF710515	*
D	9503	2	*	*	*	*	100.0	FJ860787	*
D	9558	2	*	*	*	*	100.0	AF516800	*
D	9572	2	*	*	*	*	100.0	AF539717	*
D	9574	2	*	*	*	*	100.0	AY669582	*
D	9579	2	*	*	*	*	100.0	AF539735	*
D	9612	2	*	*	*	*	100.0	EU267190	*
D	9622	2	*	*	*	*	100.0	JF739382	*
D	9672	2	*	*	*	*	100.0	JF800097	*
D	9683	2	*	*	*	*	100.0	EU266504	*
D	9734	2	*	*	*	*	100.0	HQ259265	*
D	9764	2	*	*	*	*	100.0	DQ897649	*
D	9766	2	*	*	*	*	100.0	JF916566	*
D	9777	2	*	*	*	*	100.0	FJ940911	*
D	9785	3	*	*	*	*	100.0	AY281003	*
D	9795	2	*	*	*	*	100.0	JQ639156	*
D	9816	2	*	*	*	*	100.0	JF703122	*
D	9818	2	*	*	*	*	100.0	JF703124	*
D	9852	2	*	*	*	*	100.0	HQ650648	*
D	9867	2	*	*	*	*	100.0	HQ650708	*
D	9891	2	*	*	*	*	100.0	HQ647144	*
D	9895	3	*	*	*	*	100.0	AB027379	*
D	9950	2	*	*	*	*	100.0	FJ169667	*
D	9962	2	*	*	*	*	100.0	JF950565	*
D	9963	2	*	*	*	*	100.0	JF950566	*
D	9982	2	*	*	*	*	100.0	AB607029	*
D	9983	2	*	*	*	*	100.0	JN942293	*
D	9986	2	*	*	*	*	100.0	GQ981489	*
D	9989	2	*	*	*	*	100.0	FJ496691	*
D	10012	2	*	*	*	*	100.0	JN198436	*
D	10055	2	*	*	*	*	100.0	JN194168	*
D	10056	2	*	*	*	*	100.0	JN194169	*
D	10059	2	*	*	*	*	100.0	JN194172	*
D	10077	2	*	*	*	*	100.0	HM485335	*
D	10078	2	*	*	*	*	100.0	HM485336	*
D	10109	2	*	*	*	*	100.0	AY194537	*
D	10116	2	*	*	*	*	100.0	AY194555	*
D	10167	2	*	*	*	*	100.0	JN086325	*
D	10175	2	*	*	*	*	100.0	JF744951	*
D	10184	2	*	*	*	*	100.0	AF081479	*
D	10189	2	*	*	*	*	100.0	JN053487	*
D	10196	2	*	*	*	*	100.0	JN053496	*
D	10208	2	*	*	*	*	100.0	JN229413	*
D	10247	2	*	*	*	*	100.0	JN225947	*
D	10248	2	*	*	*	*	100.0	JN225948	*
D	10261	2	*	*	*	*	100.0	FJ608589	*
D	10263	2	*	*	*	*	100.0	AY513967	*
D	10298	2	*	*	*	*	100.0	GU258235	*
D	10315	2	*	*	*	*	100.0	HQ905462	*
D	10336	2	*	*	*	*	100.0	EF569591	*
D	10346	2	*	*	*	*	100.0	EU700364	*
D	10353	2	*	*	*	*	100.0	JF439099	*
D	10358	2	*	*	*	*	100.0	JF439111	*
D	10359	2	*	*	*	*	100.0	JF439113	*
D	10367	2	*	*	*	*	100.0	JF439159	*
D	10369	2	*	*	*	*	100.0	JF439145	*
D	10378	2	*	*	*	*	100.0	JF439173	*
D	10408	2	*	*	*	*	100.0	HE575669	*
D	10415	2	*	*	*	*	100.0	AF357029	*
D	10430	2	*	*	*	*	100.0	JF907824	*
D	10431	2	*	*	*	*	100.0	JF907826	*
D	10466	2	*	*	*	*	100.0	JF908006	*
D	10468	2	*	*	*	*	100.0	AJ585494	*
D	10485	2	*	*	*	*	100.0	JF908092	*
D	10486	2	*	*	*	*	100.0	JF908096	*
D	10497	2	*	*	*	*	100.0	JF908168	*
D	10531	2	*	*	*	*	100.0	JF908438	*
D	10543	2	*	*	*	*	100.0	JF908447	*
D	10554	2	*	*	*	*	100.0	JF908541	*
D	10589	2	*	*	*	*	100.0	JF908721	*
D	10638	2	*	*	*	*	100.0	JF436895	*
D	10641	2	*	*	*	*	100.0	GU983658	*
D	10657	2	*	*	*	*	100.0	FJ177638	*
D	10727	2	*	*	*	*	100.0	AY302523	*
D	10749	2	*	*	*	*	100.0	JF495043	*
D	10782	2	*	*	*	*	100.0	JN009710	*
D	10818	2	*	*	*	*	100.0	DQ317636	*
D	10825	2	*	*	*	*	100.0	GQ241291	*
D	10846	2	*	*	*	*	100.0	JF796313	*
D	10852	2	*	*	*	*	100.0	JF796321	*
D	10868	2	*	*	*	*	100.0	JN673047	*
D	10873	2	*	*	*	*	100.0	AY303138	*
D	10880	2	*	*	*	*	100.0	DQ974704	*
D	10886	2	*	*	*	*	100.0	JF800174	*
D	10906	2	*	*	*	*	100.0	JN031058	*
D	10915	2	*	*	*	*	100.0	AY313296	*
D	10929	2	*	*	*	*	100.0	JF895509	*
D	10985	2	*	*	*	*	100.0	U68328	*
D	10989	2	*	*	*	*	100.0	HQ406815	*
D	10990	2	*	*	*	*	100.0	JF741922	*
D	11028	3	*	*	*	*	100.0	FJ011536	*
D	11033	2	*	*	*	*	100.0	JN021546	*
D	11041	2	*	*	*	*	100.0	GQ293927	*
D	11047	2	*	*	*	*	100.0	HQ542908	*
D	11053	2	*	*	*	*	100.0	AY367590	*
D	11112	2	*	*	*	*	100.0	JN107736	*
D	11159	3	*	*	*	*	100.0	FJ998179	*
D	11188	2	*	*	*	*	100.0	JN164933	*
D	11222	2	*	*	*	*	100.0	JN049853	*
D	11224	2	*	*	*	*	100.0	JN049856	*
D	11228	2	*	*	*	*	100.0	JN049868	*
D	11253	2	*	*	*	*	100.0	JN942181	*
D	11281	2	*	*	*	*	100.0	JN209852	*
D	11326	2	*	*	*	*	100.0	DQ279497	*
D	11341	2	*	*	*	*	100.0	JN943804	*
D	11353	2	*	*	*	*	100.0	AB433276	*
D	11363	2	*	*	*	*	100.0	JN214483	*
D	11377	2	*	*	*	*	100.0	FJ501282	*
D	11388	2	*	*	*	*	100.0	HE604109	*
D	11390	2	*	*	*	*	100.0	HE604173	*
D	11404	2	*	*	*	*	100.0	FR750036	*
D	11417	2	*	*	*	*	100.0	AY436445	*
D	11418	2	*	*	*	*	100.0	JN943180	*
D	11439	2	*	*	*	*	100.0	GQ852748	*
D	11448	2	*	*	*	*	100.0	AF046015	*
D	11453	3	*	*	*	*	100.0	GU723407	*
D	11466	2	*	*	*	*	100.0	JN813417	*
D	11501	2	*	*	*	*	100.0	FR872735	*
D	11541	2	*	*	*	*	100.0	JN573668	*
D	11549	2	*	*	*	*	100.0	AJ006678	*
D	11557	2	*	*	*	*	100.0	U85325	*
D	11565	2	*	*	*	*	100.0	EU077564	*
D	11607	2	*	*	*	*	100.0	FN252454	*
D	11612	2	*	*	*	*	100.0	DQ394378	*
D	11619	2	*	*	*	*	100.0	AB374533	*
D	11718	2	*	*	*	*	100.0	AF325582	*
D	11719	2	*	*	*	*	100.0	JN661717	*
D	11726	2	*	*	*	*	100.0	FJ426987	*
D	11735	2	*	*	*	*	100.0	JN710511	*
D	11739	2	*	*	*	*	100.0	FJ613651	*
D	11749	2	*	*	*	*	100.0	JN710542	*
D	11754	2	*	*	*	*	100.0	JN710558	*
D	11769	2	*	*	*	*	100.0	JN899391	*
D	11795	2	*	*	*	*	100.0	JN675345	*
D	11837	2	*	*	*	*	100.0	AB247165	*
D	11881	2	*	*	*	*	100.0	AY217019	*
D	11885	2	*	*	*	*	100.0	FJ223228	*
D	11908	2	*	*	*	*	100.0	AY152578	*
D	11943	2	*	*	*	*	100.0	AY194972	*
D	11955	2	*	*	*	*	100.0	AY220807	*
D	11964	2	*	*	*	*	100.0	EU301049	*
D	11981	2	*	*	*	*	100.0	AY176374	*
D	11985	2	*	*	*	*	100.0	AY176415	*
D	12002	2	*	*	*	*	100.0	AY254156	*
D	12009	2	*	*	*	*	100.0	AY347346	*
D	12013	2	*	*	*	*	100.0	GQ996577	*
D	12046	2	*	*	*	*	100.0	AJ518843	*
D	12048	2	*	*	*	*	100.0	AJ518850	*
D	12055	2	*	*	*	*	100.0	AY450338	*
D	12069	2	*	*	*	*	100.0	AY456374	*
D	12099	2	*	*	*	*	100.0	FJ548825	*
D	12127	2	*	*	*	*	100.0	AY425634	*
D	12129	2	*	*	*	*	100.0	AY425637	*
D	12146	2	*	*	*	*	100.0	EU886742	*
D	12155	2	*	*	*	*	100.0	GQ505465	*
D	12174	2	*	*	*	*	100.0	AF042451	*
D	12179	2	*	*	*	*	100.0	AF097903	*
D	12202	2	*	*	*	*	100.0	AY450583	*
D	12227	2	*	*	*	*	100.0	FJ378883	*
D	12234	2	*	*	*	*	100.0	AF059595	*
D	12240	2	*	*	*	*	100.0	AY498663	*
D	12248	2	*	*	*	*	100.0	AY498688	*
D	12258	2	*	*	*	*	100.0	AY534580	*
D	12265	2	*	*	*	*	100.0	EF409756	*
D	12269	2	*	*	*	*	100.0	DQ825979	*
D	12282	2	*	*	*	*	100.0	AY555731	*
D	12300	2	*	*	*	*	100.0	AY569025	*
D	12302	2	*	*	*	*	100.0	AY569027	*
D	12315	2	*	*	*	*	100.0	AY513137	*
D	12323	2	*	*	*	*	100.0	AY513200	*
D	12328	2	*	*	*	*	100.0	AB015685	*
D	12330	2	*	*	*	*	100.0	AB015688	*
D	12331	2	*	*	*	*	100.0	AB015690	*
D	12347	2	*	*	*	*	100.0	EU434852	*
D	12420	2	*	*	*	*	100.0	AF138833	*
D	12422	2	*	*	*	*	100.0	AF138836	*
D	12433	2	*	*	*	*	100.0	AY621803	*
D	12439	2	*	*	*	*	100.0	JN655565	*
D	12445	2	*	*	*	*	100.0	AJ244250	*
D	12449	2	*	*	*	*	100.0	FJ946484	*
D	12463	2	*	*	*	*	100.0	AY444771	*
D	12465	2	*	*	*	*	100.0	AY340027	*
D	12496	2	*	*	*	*	100.0	AY571036	*
D	12506	2	*	*	*	*	100.0	AY667582	*
D	12524	2	*	*	*	*	100.0	AY581056	*
D	12532	2	*	*	*	*	100.0	AY611094	*
D	12540	2	*	*	*	*	100.0	AY586557	*
D	12559	2	*	*	*	*	100.0	AY613410	*
D	12560	2	*	*	*	*	100.0	AY598878	*
D	12584	2	*	*	*	*	100.0	AY558744	*
D	12585	2	*	*	*	*	100.0	AY558745	*
D	12593	2	*	*	*	*	100.0	AY558757	*
D	12633	2	*	*	*	*	100.0	AY606976	*
D	12667	2	*	*	*	*	100.0	AY729076	*
D	12679	2	*	*	*	*	100.0	AJ586528	*
D	12695	2	*	*	*	*	100.0	EU882107	*
D	12726	2	*	*	*	*	100.0	AY818602	*
D	12733	2	*	*	*	*	100.0	AB180353	*
D	12741	2	*	*	*	*	100.0	FJ501295	*
D	12744	2	*	*	*	*	100.0	AY817135	*
D	12764	2	*	*	*	*	100.0	AY652759	*
D	12773	2	*	*	*	*	100.0	AY833058	*
D	12793	2	*	*	*	*	100.0	EF451057	*
D	12831	2	*	*	*	*	100.0	AY740164	*
D	12834	2	*	*	*	*	100.0	AF115838	*
D	12847	2	*	*	*	*	100.0	AY669529	*
D	12859	2	*	*	*	*	100.0	EU056989	*
D	12882	2	*	*	*	*	100.0	EU660949	*
D	12935	2	*	*	*	*	100.0	AY753341	*
D	12955	2	*	*	*	*	100.0	AY756493	*
D	12960	2	*	*	*	*	100.0	AY756498	*
D	12963	2	*	*	*	*	100.0	AY907040	*
D	12986	2	*	*	*	*	100.0	AY773453	*
D	12992	2	*	*	*	*	100.0	FJ210546	*
D	13005	2	*	*	*	*	100.0	AY795866	*
D	13009	2	*	*	*	*	100.0	AY943967	*
D	13015	2	*	*	*	*	100.0	AY853238	*
D	13016	2	*	*	*	*	100.0	AY853243	*
D	13022	2	*	*	*	*	100.0	GQ258793	*
D	13030	2	*	*	*	*	100.0	EU551193	*
D	13052	2	*	*	*	*	100.0	AY860559	*
D	13110	2	*	*	*	*	100.0	DQ001299	*
D	13111	2	*	*	*	*	100.0	DQ007028	*
D	13120	2	*	*	*	*	100.0	AY965748	*
D	13142	2	*	*	*	*	100.0	AY909004	*
D	13176	2	*	*	*	*	100.0	AY916701	*
D	13208	2	*	*	*	*	100.0	DQ018093	*
D	13215	2	*	*	*	*	100.0	AF210828	*
D	13219	2	*	*	*	*	100.0	AF170195	*
D	13227	2	*	*	*	*	100.0	AF170204	*
D	13230	2	*	*	*	*	100.0	AF170207	*
D	13231	2	*	*	*	*	100.0	AY998100	*
D	13246	2	*	*	*	*	100.0	AJ971448	*
D	13252	2	*	*	*	*	100.0	AH008979	*
D	13260	2	*	*	*	*	100.0	DQ008125	*
D	13268	2	*	*	*	*	100.0	AF097752	*
D	13286	2	*	*	*	*	100.0	U72609	*
D	13292	2	*	*	*	*	100.0	AJ247516	*
D	13310	2	*	*	*	*	100.0	AF109241	*
D	13314	2	*	*	*	*	100.0	AF383963	*
D	13317	2	*	*	*	*	100.0	AJ972815	*
D	13376	2	*	*	*	*	100.0	DQ056364	*
D	13379	2	*	*	*	*	100.0	AF120263	*
D	13386	2	*	*	*	*	100.0	DQ083793	*
D	13400	2	*	*	*	*	100.0	DQ097879	*
D	13401	2	*	*	*	*	100.0	DQ097884	*
D	13405	2	*	*	*	*	100.0	DQ067895	*
D	13435	2	*	*	*	*	100.0	EF029229	*
D	13460	2	*	*	*	*	100.0	EU846245	*
D	13461	2	*	*	*	*	100.0	AF072094	*
D	13472	2	*	*	*	*	100.0	AF073358	*
D	13489	2	*	*	*	*	100.0	DQ097358	*
D	13494	2	*	*	*	*	100.0	DQ102374	*
D	13496	2	*	*	*	*	100.0	AJ877216	*
D	13506	2	*	*	*	*	100.0	DQ135999	*
D	13510	2	*	*	*	*	100.0	FJ808758	*
D	13528	2	*	*	*	*	100.0	DQ132827	*
D	13530	3	*	*	*	*	100.0	DQ132829	*
D	13531	2	*	*	*	*	100.0	DQ132832	*
D	13537	2	*	*	*	*	100.0	DQ117457	*
D	13617	2	*	*	*	*	100.0	FJ903339	*
D	13623	2	*	*	*	*	100.0	DQ191315	*
D	13638	2	*	*	*	*	100.0	DQ200837	*
D	13639	2	*	*	*	*	100.0	DQ200844	*
D	13686	2	*	*	*	*	100.0	AF250820	*
D	13692	2	*	*	*	*	100.0	EU600240	*
D	13697	3	*	*	*	*	100.0	DQ232649	*
D	13704	2	*	*	*	*	100.0	AB126045	*
D	13732	2	*	*	*	*	100.0	DQ286765	*
D	13743	2	*	*	*	*	100.0	JN943883	*
D	13744	2	*	*	*	*	100.0	JF908124	*
D	13749	2	*	*	*	*	100.0	EU303008	*
D	13774	2	*	*	*	*	100.0	DQ241467	*
D	13780	2	*	*	*	*	100.0	AY292426	*
D	13786	2	*	*	*	*	100.0	EU810056	*
D	13791	2	*	*	*	*	100.0	DQ278945	*
D	13810	2	*	*	*	*	100.0	DQ302954	*
D	13816	2	*	*	*	*	100.0	DQ303050	*
D	13820	2	*	*	*	*	100.0	EF200075	*
D	13834	2	*	*	*	*	100.0	GQ352480	*
D	13839	2	*	*	*	*	100.0	AF377150	*
D	13852	2	*	*	*	*	100.0	EU484277	*
D	13856	2	*	*	*	*	100.0	AM180951	*
D	13868	2	*	*	*	*	100.0	DQ272499	*
D	13874	2	*	*	*	*	100.0	DQ328108	*
D	13875	2	*	*	*	*	100.0	DQ328180	*
D	13878	2	*	*	*	*	100.0	DQ328140	*
D	13888	2	*	*	*	*	100.0	DQ328173	*
D	13897	2	*	*	*	*	100.0	AB540569	*
D	13904	2	*	*	*	*	100.0	AJ876897	*
D	13910	2	*	*	*	*	100.0	GQ267488	*
D	13913	2	*	*	*	*	100.0	AF203472	*
D	13939	2	*	*	*	*	100.0	DQ361059	*
D	13940	2	*	*	*	*	100.0	DQ361061	*
D	13947	2	*	*	*	*	100.0	EU837200	*
D	13951	2	*	*	*	*	100.0	DQ365614	*
D	13966	2	*	*	*	*	100.0	DQ365638	*
D	13970	2	*	*	*	*	100.0	EU652343	*
D	13982	2	*	*	*	*	100.0	DQ367905	*
D	14000	2	*	*	*	*	100.0	AF163041	*
D	14029	2	*	*	*	*	100.0	AY613409	*
D	14039	2	*	*	*	*	100.0	DQ389673	*
D	14043	2	*	*	*	*	100.0	DQ389694	*
D	14081	2	*	*	*	*	100.0	DQ407250	*
D	14088	2	*	*	*	*	100.0	DQ409168	*
D	14090	2	*	*	*	*	100.0	EU424302	*
D	14112	2	*	*	*	*	100.0	FJ427058	*
D	14118	2	*	*	*	*	100.0	AJ891110	*
D	14128	2	*	*	*	*	100.0	UDB002375	*
D	14150	2	*	*	*	*	100.0	DQ431178	*
D	14160	2	*	*	*	*	100.0	FJ167353	*
D	14162	2	*	*	*	*	100.0	AF444538	*
D	14184	2	*	*	*	*	100.0	AM176667	*
D	14195	2	*	*	*	*	100.0	DQ450005	*
D	14204	2	*	*	*	*	100.0	AF083199	*
D	14206	2	*	*	*	*	100.0	AF083205	*
D	14209	2	*	*	*	*	100.0	DQ340323	*
D	14216	2	*	*	*	*	100.0	DQ491512	*
D	14222	2	*	*	*	*	100.0	AF231915	*
D	14228	4	*	*	*	*	100.0	FJ200219	*
D	14317	2	*	*	*	*	100.0	DQ494374	*
D	14320	2	*	*	*	*	100.0	Z48522	*
D	14325	2	*	*	*	*	100.0	EU887131	*
D	14343	2	*	*	*	*	100.0	EF423390	*
D	14355	2	*	*	*	*	100.0	EU872180	*
D	14384	2	*	*	*	*	100.0	AB031196	*
D	14393	2	*	*	*	*	100.0	AB038048	*
D	14406	2	*	*	*	*	100.0	AB045156	*
D	14413	2	*	*	*	*	100.0	AB048632	*
D	14414	2	*	*	*	*	100.0	AB048652	*
D	14425	3	*	*	*	*	100.0	AB054042	*
D	14433	2	*	*	*	*	100.0	AB067746	*
D	14443	2	*	*	*	*	100.0	AB073527	*
D	14473	2	*	*	*	*	100.0	AB089354	*
D	14492	2	*	*	*	*	100.0	EU103986	*
D	14516	2	*	*	*	*	100.0	FJ468420	*
D	14556	2	*	*	*	*	100.0	AY586570	*
D	14560	2	*	*	*	*	100.0	GQ870276	*
D	14565	2	*	*	*	*	100.0	AB180320	*
D	14569	2	*	*	*	*	100.0	AB245153	*
D	14591	2	*	*	*	*	100.0	AB190378	*
D	14608	2	*	*	*	*	100.0	EU181456	*
D	14625	2	*	*	*	*	100.0	GQ167045	*
D	14632	3	*	*	*	*	100.0	HM189747	*
D	14637	2	*	*	*	*	100.0	DQ974740	*
D	14657	2	*	*	*	*	100.0	DQ374649	*
D	14664	2	*	*	*	*	100.0	AB245089	*
D	14668	2	*	*	*	*	100.0	AB245120	*
D	14677	2	*	*	*	*	100.0	AB248964	*
D	14692	2	*	*	*	*	100.0	AB255292	*
D	14704	2	*	*	*	*	100.0	EU692760	*
D	14716	2	*	*	*	*	100.0	AB275190	*
D	14752	2	*	*	*	*	100.0	AB297798	*
D	14790	2	*	*	*	*	100.0	AB361028	*
D	14800	2	*	*	*	*	100.0	AF153726	*
D	14808	2	*	*	*	*	100.0	GQ466588	*
D	14819	2	*	*	*	*	100.0	AB378556	*
D	14823	2	*	*	*	*	100.0	FM986687	*
D	14831	2	*	*	*	*	100.0	AB445115	*
D	14832	2	*	*	*	*	100.0	AB445116	*
D	14840	2	*	*	*	*	100.0	AB453024	*
D	14845	2	*	*	*	*	100.0	AB458892	*
D	14854	2	*	*	*	*	100.0	FJ479796	*
D	14857	2	*	*	*	*	100.0	AB458597	*
D	14873	2	*	*	*	*	100.0	AB474394	*
D	14887	2	*	*	*	*	100.0	AB481242	*
D	14893	2	*	*	*	*	100.0	AB481251	*
D	14896	2	*	*	*	*	100.0	AB481256	*
D	14901	2	*	*	*	*	100.0	AB481267	*
D	14902	2	*	*	*	*	100.0	AB481271	*
D	14930	2	*	*	*	*	100.0	AB506027	*
D	14933	2	*	*	*	*	100.0	AB508840	*
D	14935	2	*	*	*	*	100.0	AB509372	*
D	15104	2	*	*	*	*	100.0	AB512342	*
D	15112	2	*	*	*	*	100.0	AJ919277	*
D	15121	2	*	*	*	*	100.0	AB524794	*
D	15144	2	*	*	*	*	100.0	DQ825967	*
D	15174	2	*	*	*	*	100.0	AB553411	*
D	15199	2	*	*	*	*	100.0	FJ389929	*
D	15211	2	*	*	*	*	100.0	AB599964	*
D	15222	2	*	*	*	*	100.0	AB617740	*
D	15242	2	*	*	*	*	100.0	AF455423	*
D	15254	2	*	*	*	*	100.0	AB667868	*
D	15277	2	*	*	*	*	100.0	AB354209	*
D	15361	2	*	*	*	*	100.0	AF045868	*
D	15381	2	*	*	*	*	100.0	AF050253	*
D	15400	2	*	*	*	*	100.0	AF053731	*
D	15402	2	*	*	*	*	100.0	AF054860	*
D	15406	2	*	*	*	*	100.0	AF056583	*
D	15439	2	*	*	*	*	100.0	AF066959	*
D	15455	2	*	*	*	*	100.0	AF072087	*
D	15457	2	*	*	*	*	100.0	AF072235	*
D	15459	2	*	*	*	*	100.0	EU417866	*
D	15467	2	*	*	*	*	100.0	AF079708	*
D	15485	2	*	*	*	*	100.0	AF083207	*
D	15501	2	*	*	*	*	100.0	AF096982	*
D	15521	2	*	*	*	*	100.0	AF101802	*
D	15531	2	*	*	*	*	100.0	AF109982	*
D	15533	2	*	*	*	*	100.0	AF110359	*
D	15536	2	*	*	*	*	100.0	AF112143	*
D	15537	2	*	*	*	*	100.0	AF112146	*
D	15547	2	*	*	*	*	100.0	AF117381	*
D	15579	2	*	*	*	*	100.0	AF133177	*
D	15584	2	*	*	*	*	100.0	AF133182	*
D	15630	2	*	*	*	*	100.0	AF156892	*
D	15655	2	*	*	*	*	100.0	EU301636	*
D	15660	2	*	*	*	*	100.0	AF178517	*
D	15665	2	*	*	*	*	100.0	AF178543	*
D	15677	2	*	*	*	*	100.0	AF180167	*
D	15692	2	*	*	*	*	100.0	DQ996042	*
D	15700	2	*	*	*	*	100.0	AF193353	*
D	15722	2	*	*	*	*	100.0	AF201715	*
D	15723	2	*	*	*	*	100.0	AY909026	*
D	15740	2	*	*	*	*	100.0	AF203803	*
D	15774	2	*	*	*	*	100.0	AF222840	*
D	15792	2	*	*	*	*	100.0	AF224377	*
D	15812	2	*	*	*	*	100.0	AF229195	*
D	15831	2	*	*	*	*	100.0	EU045425	*
D	15840	2	*	*	*	*	100.0	AF346408	*
D	15843	2	*	*	*	*	100.0	AF254941	*
D	15857	2	*	*	*	*	100.0	AF257183	*
D	15861	2	*	*	*	*	100.0	AF260814	*
D	15867	2	*	*	*	*	100.0	AF266677	*
D	15901	2	*	*	*	*	100.0	AF278752	*
D	15906	2	*	*	*	*	100.0	AF282069	*
D	15910	2	*	*	*	*	100.0	AF282073	*
D	15915	2	*	*	*	*	100.0	AF282102	*
D	15930	2	*	*	*	*	100.0	AY112921	*
D	16001	2	*	*	*	*	100.0	AF322377	*
D	16059	2	*	*	*	*	100.0	AF347088	*
D	16074	2	*	*	*	*	100.0	AF349708	*
D	16075	2	*	*	*	*	100.0	AF349713	*
D	16083	2	*	*	*	*	100.0	DQ001293	*
D	16091	2	*	*	*	*	100.0	AF350301	*
D	16093	2	*	*	*	*	100.0	AF350303	*
D	16119	2	*	*	*	*	100.0	AF357037	*
D	16152	2	*	*	*	*	100.0	AF374625	*
D	16191	2	*	*	*	*	100.0	AY176361	*
D	16198	2	*	*	*	*	100.0	GQ203808	*
D	16220	2	*	*	*	*	100.0	AF394919	*
D	16227	2	*	*	*	*	100.0	AF397404	*
D	16255	2	*	*	*	*	100.0	AF413091	*
D	16294	2	*	*	*	*	100.0	AF438558	*
D	16308	2	*	*	*	*	100.0	AY866425	*
D	16329	2	*	*	*	*	100.0	AF444516	*
D	16330	2	*	*	*	*	100.0	DQ200919	*
D	16342	2	*	*	*	*	100.0	AY313064	*
D	16348	2	*	*	*	*	100.0	AF444550	*
D	16358	2	*	*	*	*	100.0	AF444671	*
D	16435	2	*	*	*	*	100.0	FJ627575	*
D	16456	2	*	*	*	*	100.0	AF462429	*
D	16476	2	*	*	*	*	100.0	EU166349	*
D	16477	2	*	*	*	*	100.0	AF482863	*
D	16493	2	*	*	*	*	100.0	AF485072	*
D	16508	2	*	*	*	*	100.0	AF491594	*
D	16509	2	*	*	*	*	100.0	AF491620	*
D	16527	2	*	*	*	*	100.0	FJ424264	*
D	16529	2	*	*	*	*	100.0	GU214636	*
D	16544	2	*	*	*	*	100.0	FJ379263	*
D	16581	2	*	*	*	*	100.0	AF506473	*
D	16608	2	*	*	*	*	100.0	AF516561	*
D	16612	2	*	*	*	*	100.0	AF517890	*
D	16635	2	*	*	*	*	100.0	AF518759	*
D	16642	2	*	*	*	*	100.0	AF525676	*
D	16662	2	*	*	*	*	100.0	AF170012	*
D	16676	2	*	*	*	*	100.0	AJ006665	*
D	16680	2	*	*	*	*	100.0	AJ006683	*
D	16702	2	*	*	*	*	100.0	AJ133394	*
D	16737	2	*	*	*	*	100.0	AJ242899	*
D	16741	2	*	*	*	*	100.0	AJ244240	*
D	16751	2	*	*	*	*	100.0	AJ244270	*
D	16758	2	*	*	*	*	100.0	FJ499457	*
D	16818	2	*	*	*	*	100.0	AJ292287	*
D	16819	2	*	*	*	*	100.0	AJ292289	*
D	16845	2	*	*	*	*	100.0	AJ301713	*
D	16858	2	*	*	*	*	100.0	FJ539187	*
D	16863	2	*	*	*	*	100.0	AJ302006	*
D	16886	2	*	*	*	*	100.0	AJ313437	*
D	16895	2	*	*	*	*	100.0	AJ315827	*
D	16905	2	*	*	*	*	100.0	AJ315842	*
D	16926	2	*	*	*	*	100.0	AJ408392	*
D	16932	2	*	*	*	*	100.0	AJ408381	*
D	16943	3	*	*	*	*	100.0	AJ416955	*
D	16990	2	*	*	*	*	100.0	AJ458282	*
D	16994	2	*	*	*	*	100.0	AJ458287	*
D	17024	2	*	*	*	*	100.0	AJ518849	*
D	17034	2	*	*	*	*	100.0	AJ535501	*
D	17038	2	*	*	*	*	100.0	EF495103	*
D	17048	2	*	*	*	*	100.0	EU343851	*
D	17087	2	*	*	*	*	100.0	JQ247577	*
D	17091	2	*	*	*	*	100.0	AJ585431	*
D	17105	2	*	*	*	*	100.0	AJ585489	*
D	17137	2	*	*	*	*	100.0	AJ634027	*
D	17149	2	*	*	*	*	100.0	AJ849363	*
D	17150	2	*	*	*	*	100.0	AJ849467	*
D	17166	2	*	*	*	*	100.0	AJ874115	*
D	17167	2	*	*	*	*	100.0	AJ874116	*
D	17182	2	*	*	*	*	100.0	AJ877220	*
D	17189	2	*	*	*	*	100.0	AJ884632	*
D	17195	2	*	*	*	*	100.0	EU781833	*
D	17202	2	*	*	*	*	100.0	EU862227	*
D	17220	2	*	*	*	*	100.0	EU590654	*
D	17223	2	*	*	*	*	100.0	AJ970152	*
D	17254	2	*	*	*	*	100.0	AM113951	*
D	17257	2	*	*	*	*	100.0	UDB011512	*
D	17304	2	*	*	*	*	100.0	GQ305011	*
D	17309	2	*	*	*	*	100.0	AM269787	*
D	17311	2	*	*	*	*	100.0	AY340067	*
D	17315	2	*	*	*	*	100.0	AM279263	*
D	17318	2	*	*	*	*	100.0	AM279681	*
D	17320	2	*	*	*	*	100.0	AM279696	*
D	17323	2	*	*	*	*	100.0	FJ185300	*
D	17337	2	*	*	*	*	100.0	AM292689	*
D	17345	2	*	*	*	*	100.0	AM292807	*
D	17371	2	*	*	*	*	100.0	AF220968	*
D	17401	2	*	*	*	*	100.0	AM712260	*
D	17417	2	*	*	*	*	100.0	AM882708	*
D	17426	2	*	*	*	*	100.0	AM882731	*
D	17428	2	*	*	*	*	100.0	AM882735	*
D	17454	2	*	*	*	*	100.0	AM882872	*
D	17458	2	*	*	*	*	100.0	AM882886	*
D	17460	2	*	*	*	*	100.0	AM882897	*
D	17477	2	*	*	*	*	100.0	AM882995	*
D	17481	2	*	*	*	*	100.0	AM901672	*
D	17532	2	*	*	*	*	100.0	AM905253	*
D	17557	2	*	*	*	*	100.0	AY004778	*
D	17591	2	*	*	*	*	100.0	AY045504	*
D	17593	2	*	*	*	*	100.0	AY046160	*
D	17608	2	*	*	*	*	100.0	AY048879	*
D	17612	2	*	*	*	*	100.0	DQ974759	*
D	17618	2	*	*	*	*	100.0	AY061714	*
D	17641	2	*	*	*	*	100.0	AY083188	*
D	17645	2	*	*	*	*	100.0	AY089732	*
D	17648	2	*	*	*	*	100.0	AY089737	*
D	17693	2	*	*	*	*	100.0	FJ491946	*
D	17705	2	*	*	*	*	100.0	AY173389	*
D	17713	2	*	*	*	*	100.0	EU057034	*
D	17715	2	*	*	*	*	100.0	EU784164	*
D	17718	2	*	*	*	*	100.0	FJ998397	*
D	17719	2	*	*	*	*	100.0	AY176368	*
D	17722	2	*	*	*	*	100.0	AY176377	*
D	17736	2	*	*	*	*	100.0	AY176477	*
D	17748	2	*	*	*	*	100.0	AY176491	*
D	17749	2	*	*	*	*	100.0	AY176493	*
D	17753	2	*	*	*	*	100.0	AY183368	*
D	17783	2	*	*	*	*	100.0	AY204594	*
D	17789	2	*	*	*	*	100.0	FJ786401	*
D	17797	2	*	*	*	*	100.0	EU430266	*
D	17831	2	*	*	*	*	100.0	AY219363	*
D	17836	2	*	*	*	*	100.0	FJ228210	*
D	17872	2	*	*	*	*	100.0	AY243627	*
D	17906	2	*	*	*	*	100.0	AY254879	*
D	17941	2	*	*	*	*	100.0	AY266155	*
D	17947	2	*	*	*	*	100.0	AY281019	*
D	17958	2	*	*	*	*	100.0	AY293797	*
D	18017	2	*	*	*	*	100.0	AY335163	*
D	18039	2	*	*	*	*	100.0	AY344989	*
D	18041	2	*	*	*	*	100.0	AY344995	*
D	18055	2	*	*	*	*	100.0	AY347375	*
D	18069	2	*	*	*	*	100.0	AY354225	*
D	18080	2	*	*	*	*	100.0	AY367606	*
D	18087	2	*	*	*	*	100.0	AY373290	*
D	18091	2	*	*	*	*	100.0	AY373312	*
D	18092	2	*	*	*	*	100.0	AY373308	*
D	18093	2	*	*	*	*	100.0	AY373310	*
D	18106	2	*	*	*	*	100.0	AY380314	*
D	18117	2	*	*	*	*	100.0	AY425642	*
D	18125	2	*	*	*	*	100.0	AY428793	*
D	18150	2	*	*	*	*	100.0	AY450585	*
D	18155	2	*	*	*	*	100.0	AY456336	*
D	18163	2	*	*	*	*	100.0	AY461840	*
D	18181	2	*	*	*	*	100.0	AY484674	*
D	18216	2	*	*	*	*	100.0	AY509549	*
D	18219	2	*	*	*	*	100.0	AY509553	*
D	18237	2	*	*	*	*	100.0	AY513571	*
D	18261	2	*	*	*	*	100.0	AY527308	*
D	18263	2	*	*	*	*	100.0	AY527336	*
D	18268	2	*	*	*	*	100.0	EU477479	*
D	18326	2	*	*	*	*	100.0	AY558650	*
D	18336	2	*	*	*	*	100.0	AY569033	*
D	18354	2	*	*	*	*	100.0	AY607023	*
D	18363	2	*	*	*	*	100.0	DQ279537	*
D	18394	2	*	*	*	*	100.0	FJ425209	*
D	18401	2	*	*	*	*	100.0	AY606982	*
D	18430	2	*	*	*	*	100.0	AY618667	*
D	18446	2	*	*	*	*	100.0	AY622785	*
D	18455	2	*	*	*	*	100.0	AY629423	*
D	18481	2	*	*	*	*	100.0	AY649585	*
D	18530	2	*	*	*	*	100.0	AY684174	*
D	18575	2	*	*	*	*	100.0	AY740044	*
D	18580	2	*	*	*	*	100.0	AY740046	*
D	18586	2	*	*	*	*	100.0	AY740061	*
D	18588	2	*	*	*	*	100.0	AY740071	*
D	18596	2	*	*	*	*	100.0	AY740157	*
D	18599	2	*	*	*	*	100.0	AY740166	*
D	18605	2	*	*	*	*	100.0	AY742705	*
D	18606	2	*	*	*	*	100.0	EU915451	*
D	18616	2	*	*	*	*	100.0	AY747075	*
D	18650	2	*	*	*	*	100.0	AY756461	*
D	18696	2	*	*	*	*	100.0	AY785269	*
D	18716	2	*	*	*	*	100.0	AY789311	*
D	18721	2	*	*	*	*	100.0	AY789333	*
D	18728	2	*	*	*	*	100.0	EU434854	*
D	18733	2	*	*	*	*	100.0	AY789285	*
D	18737	2	*	*	*	*	100.0	DQ431179	*
D	18756	2	*	*	*	*	100.0	AY805578	*
D	18779	2	*	*	*	*	100.0	AY849307	*
D	18826	2	*	*	*	*	100.0	AY904051	*
D	18846	2	*	*	*	*	100.0	AY916464	*
D	18865	2	*	*	*	*	100.0	AY916492	*
D	18866	2	*	*	*	*	100.0	AY916692	*
D	18905	2	*	*	*	*	100.0	AY943046	*
D	18916	2	*	*	*	*	100.0	AY944886	*
D	18920	2	*	*	*	*	100.0	DQ328212	*
D	18922	2	*	*	*	*	100.0	FJ439681	*
D	18948	2	*	*	*	*	100.0	DQ778002	*
D	18981	2	*	*	*	*	100.0	AY999125	*
D	18993	2	*	*	*	*	100.0	AY046181	*
D	19003	2	*	*	*	*	100.0	EU266112	*
D	19006	2	*	*	*	*	100.0	DQ001283	*
D	19010	2	*	*	*	*	100.0	DQ001297	*
D	19033	2	*	*	*	*	100.0	DQ026243	*
D	19047	2	*	*	*	*	100.0	DQ056860	*
D	19090	2	*	*	*	*	100.0	DQ092505	*
D	19102	2	*	*	*	*	100.0	FJ481036	*
D	19114	2	*	*	*	*	100.0	DQ097365	*
D	19141	2	*	*	*	*	100.0	AY916461	*
D	19166	2	*	*	*	*	100.0	GU058015	*
D	19172	2	*	*	*	*	100.0	DQ155288	*
D	19196	2	*	*	*	*	100.0	FN401332	*
D	19200	2	*	*	*	*	100.0	DQ192180	*
D	19201	2	*	*	*	*	100.0	DQ196435	*
D	19206	2	*	*	*	*	100.0	DQ200918	*
D	19216	2	*	*	*	*	100.0	DQ201131	*
D	19220	2	*	*	*	*	100.0	DQ202512	*
D	19224	2	*	*	*	*	100.0	DQ218288	*
D	19240	2	*	*	*	*	100.0	EF460365	*
D	19245	2	*	*	*	*	100.0	DQ235482	*
D	19247	2	*	*	*	*	100.0	DQ235667	*
D	19249	2	*	*	*	*	100.0	FJ799938	*
D	19251	2	*	*	*	*	100.0	DQ238719	*
D	19291	2	*	*	*	*	100.0	AY569023	*
D	19293	2	*	*	*	*	100.0	DQ273846	*
D	19313	2	*	*	*	*	100.0	DQ279501	*
D	19322	2	*	*	*	*	100.0	DQ279514	*
D	19325	2	*	*	*	*	100.0	AY611076	*
D	19330	2	*	*	*	*	100.0	DQ279532	*
D	19335	2	*	*	*	*	100.0	GU066653	*
D	19338	2	*	*	*	*	100.0	DQ286766	*
D	19346	2	*	*	*	*	100.0	DQ303039	*
D	19360	2	*	*	*	*	100.0	DQ317365	*
D	19368	2	*	*	*	*	100.0	AF377126	*
D	19389	2	*	*	*	*	100.0	DQ328094	*
D	19394	2	*	*	*	*	100.0	DQ328114	*
D	19398	2	*	*	*	*	100.0	DQ328172	*
D	19404	2	*	*	*	*	100.0	DQ328905	*
D	19416	2	*	*	*	*	100.0	DQ337313	*
D	19424	2	*	*	*	*	100.0	DQ337317	*
D	19446	2	*	*	*	*	100.0	GU058014	*
D	19500	2	*	*	*	*	100.0	DQ394383	*
D	19506	2	*	*	*	*	100.0	DQ394389	*
D	19538	2	*	*	*	*	100.0	FN547537	*
D	19559	2	*	*	*	*	100.0	DQ407261	*
D	19578	2	*	*	*	*	100.0	DQ448877	*
D	19601	2	*	*	*	*	100.0	AY874150	*
D	19612	2	*	*	*	*	100.0	DQ468033	*
D	19613	2	*	*	*	*	100.0	DQ474094	*
D	19627	2	*	*	*	*	100.0	AJ534711	*
D	19664	2	*	*	*	*	100.0	DQ486701	*
D	19676	2	*	*	*	*	100.0	FJ614625	*
D	19695	2	*	*	*	*	100.0	DQ491497	*
D	19698	2	*	*	*	*	100.0	DQ491500	*
D	19700	2	*	*	*	*	100.0	EU543222	*
D	19723	2	*	*	*	*	100.0	DQ512888	*
D	19735	2	*	*	*	*	100.0	DQ525506	*
D	19739	2	*	*	*	*	100.0	DQ525519	*
D	19747	2	*	*	*	*	100.0	DQ528789	*
D	19796	2	*	*	*	*	100.0	DQ641324	*
D	19797	2	*	*	*	*	100.0	DQ641325	*
D	19831	2	*	*	*	*	100.0	DQ666193	*
D	19857	2	*	*	*	*	100.0	DQ680676	*
D	19868	2	*	*	*	*	100.0	EU598172	*
D	19893	2	*	*	*	*	100.0	DQ015700	*
D	19906	2	*	*	*	*	100.0	DQ826737	*
D	19907	2	*	*	*	*	100.0	EU041805	*
D	19988	2	*	*	*	*	100.0	DQ875351	*
D	20002	2	*	*	*	*	100.0	DQ888740	*
D	20004	2	*	*	*	*	100.0	DQ890026	*
D	20013	2	*	*	*	*	100.0	DQ911441	*
D	20049	2	*	*	*	*	100.0	DQ923536	*
D	20050	2	*	*	*	*	100.0	DQ923539	*
D	20082	2	*	*	*	*	100.0	DQ981400	*
D	20087	2	*	*	*	*	100.0	DQ987491	*
D	20093	2	*	*	*	*	100.0	JF908276	*
D	20094	2	*	*	*	*	100.0	JF908709	*
D	20096	2	*	*	*	*	100.0	UDB001151	*
D	20112	2	*	*	*	*	100.0	EF010881	*
D	20114	2	*	*	*	*	100.0	EF014136	*
D	20120	2	*	*	*	*	100.0	EF014255	*
D	20122	2	*	*	*	*	100.0	EF014276	*
D	20158	2	*	*	*	*	100.0	EF029201	*
D	20172	2	*	*	*	*	100.0	EF029228	*
D	20177	2	*	*	*	*	100.0	EF030529	*
D	20181	2	*	*	*	*	100.0	AF230897	*
D	20217	2	*	*	*	*	100.0	GQ850451	*
D	20358	2	*	*	*	*	100.0	EF175942	*
D	20360	2	*	*	*	*	100.0	EF176463	*
D	20375	2	*	*	*	*	100.0	EF192106	*
D	20412	2	*	*	*	*	100.0	JF961373	*
D	20416	2	*	*	*	*	100.0	JQ711813	*
D	20433	2	*	*	*	*	100.0	EF392533	*
D	20438	2	*	*	*	*	100.0	EF394833	*
D	20450	2	*	*	*	*	100.0	EF409722	*
D	20456	2	*	*	*	*	100.0	DQ974783	*
D	20457	2	*	*	*	*	100.0	DQ974785	*
D	20473	2	*	*	*	*	100.0	EF420145	*
D	20504	2	*	*	*	*	100.0	EF447306	*
D	20513	2	*	*	*	*	100.0	EF456775	*
D	20516	2	*	*	*	*	100.0	EF458643	*
D	20520	2	*	*	*	*	100.0	EF458653	*
D	20537	2	*	*	*	*	100.0	EF493254	*
D	20550	2	*	*	*	*	100.0	EU400146	*
D	20583	2	*	*	*	*	100.0	AY176447	*
D	20621	2	*	*	*	*	100.0	EF141553	*
D	20640	2	*	*	*	*	100.0	EU343812	*
D	20655	2	*	*	*	*	100.0	EF596819	*
D	20663	2	*	*	*	*	100.0	EF600956	*
D	20691	2	*	*	*	*	100.0	HE603989	*
D	20698	2	*	*	*	*	100.0	EF621953	*
D	20705	2	*	*	*	*	100.0	AY669625	*
D	20708	2	*	*	*	*	100.0	FJ655867	*
D	20711	2	*	*	*	*	100.0	EU659696	*
D	20766	2	*	*	*	*	100.0	EF672246	*
D	20775	2	*	*	*	*	100.0	EF685090	*
D	20781	2	*	*	*	*	100.0	EF694663	*
D	20812	2	*	*	*	*	100.0	EU014070	*
D	20846	2	*	*	*	*	100.0	EU137330	*
D	20863	2	*	*	*	*	100.0	EU039966	*
D	20865	2	*	*	*	*	100.0	EU040218	*
D	20874	2	*	*	*	*	100.0	EU041789	*
D	20877	2	*	*	*	*	100.0	EU041797	*
D	20897	2	*	*	*	*	100.0	EU045432	*
D	20910	2	*	*	*	*	100.0	EU057047	*
D	20931	2	*	*	*	*	100.0	EU057948	*
D	20942	2	*	*	*	*	100.0	EU075541	*
D	20943	2	*	*	*	*	100.0	EU075542	*
D	20950	2	*	*	*	*	100.0	EU075549	*
D	21004	2	*	*	*	*	100.0	EU118656	*
D	21023	2	*	*	*	*	100.0	EU139131	*
D	21033	2	*	*	*	*	100.0	EU139145	*
D	21059	2	*	*	*	*	100.0	EU142938	*
D	21086	2	*	*	*	*	100.0	EU179869	*
D	21091	2	*	*	*	*	100.0	EU186406	*
D	21106	2	*	*	*	*	100.0	AJ889975	*
D	21109	2	*	*	*	*	100.0	EU231963	*
D	21137	2	*	*	*	*	100.0	EU254804	*
D	21139	2	*	*	*	*	100.0	FJ917745	*
D	21176	2	*	*	*	*	100.0	EU266560	*
D	21221	2	*	*	*	*	100.0	FJ501280	*
D	21250	2	*	*	*	*	100.0	EU330630	*
D	21254	2	*	*	*	*	100.0	EU330636	*
D	21324	2	*	*	*	*	100.0	EU402556	*
D	21330	2	*	*	*	*	100.0	EU409800	*
D	21332	2	*	*	*	*	100.0	EU409811	*
D	21338	2	*	*	*	*	100.0	EU424317	*
D	21394	2	*	*	*	*	100.0	EU488737	*
D	21409	2	*	*	*	*	100.0	EU784300	*
D	21437	2	*	*	*	*	100.0	FJ501578	*
D	21463	2	*	*	*	*	100.0	EU525984	*
D	21516	2	*	*	*	*	100.0	EU697681	*
D	21569	2	*	*	*	*	100.0	EU558720	*
D	21585	2	*	*	*	*	100.0	EU563421	*
D	21586	2	*	*	*	*	100.0	EU563431	*
D	21597	2	*	*	*	*	100.0	GQ505763	*
D	21606	2	*	*	*	*	100.0	EU569246	*
D	21607	2	*	*	*	*	100.0	EU569248	*
D	21608	2	*	*	*	*	100.0	EU569249	*
D	21660	2	*	*	*	*	100.0	EU621831	*
D	21670	2	*	*	*	*	100.0	EU622277	*
D	21676	2	*	*	*	*	100.0	EU623636	*
D	21710	2	*	*	*	*	100.0	EU643513	*
D	21737	2	*	*	*	*	100.0	EU056975	*
D	21740	2	*	*	*	*	100.0	EU655678	*
D	21763	2	*	*	*	*	100.0	EU669308	*
D	21781	2	*	*	*	*	100.0	EU669384	*
D	21791	2	*	*	*	*	100.0	EU670215	*
D	21793	2	*	*	*	*	100.0	EU266105	*
D	21808	2	*	*	*	*	100.0	EU681303	*
D	21816	2	*	*	*	*	100.0	EU681316	*
D	21867	2	*	*	*	*	100.0	EU706328	*
D	21868	2	*	*	*	*	100.0	EU706331	*
D	21889	2	*	*	*	*	100.0	UDB002436	*
D	21890	2	*	*	*	*	100.0	GU234147	*
D	21897	2	*	*	*	*	100.0	HQ604851	*
D	21899	2	*	*	*	*	100.0	EU712011	*
D	21907	2	*	*	*	*	100.0	EU714405	*
D	21915	2	*	*	*	*	100.0	EU715681	*
D	21926	2	*	*	*	*	100.0	EU718099	*
D	21928	2	*	*	*	*	100.0	EU718103	*
D	21953	2	*	*	*	*	100.0	FJ355955	*
D	21967	2	*	*	*	*	100.0	GU062275	*
D	21983	2	*	*	*	*	100.0	EU784210	*
D	21989	2	*	*	*	*	100.0	EU784219	*
D	21995	2	*	*	*	*	100.0	EU784255	*
D	21998	2	*	*	*	*	100.0	EU784271	*
D	22025	2	*	*	*	*	100.0	EU784379	*
D	22030	2	*	*	*	*	100.0	EU784392	*
D	22073	2	*	*	*	*	100.0	EU819460	*
D	22075	2	*	*	*	*	100.0	EU819488	*
D	22090	2	*	*	*	*	100.0	FJ717558	*
D	22097	2	*	*	*	*	100.0	EU825953	*
D	22098	2	*	*	*	*	100.0	EU825958	*
D	22101	2	*	*	*	*	100.0	EU825961	*
D	22102	2	*	*	*	*	100.0	EU825963	*
D	22111	2	*	*	*	*	100.0	DQ132834	*
D	22116	2	*	*	*	*	100.0	EU833651	*
D	22123	2	*	*	*	*	100.0	EU834214	*
D	22127	2	*	*	*	*	100.0	EU835480	*
D	22155	3	*	*	*	*	100.0	EU851927	*
D	22158	2	*	*	*	*	100.0	AF439474	*
D	22175	2	*	*	*	*	100.0	EF694633	*
D	22199	2	*	*	*	*	100.0	EU882112	*
D	22200	2	*	*	*	*	100.0	EU882115	*
D	22253	2	*	*	*	*	100.0	EU935519	*
D	22260	2	*	*	*	*	100.0	EU935536	*
D	22290	2	*	*	*	*	100.0	FJ000395	*
D	22295	2	*	*	*	*	100.0	EF989107	*
D	22308	2	*	*	*	*	100.0	FJ023539	*
D	22316	2	*	*	*	*	100.0	EU551212	*
D	22339	2	*	*	*	*	100.0	FJ039687	*
D	22367	2	*	*	*	*	100.0	FJ157141	*
D	22382	2	*	*	*	*	100.0	FJ167624	*
D	22390	2	*	*	*	*	100.0	FJ167665	*
D	22410	2	*	*	*	*	100.0	GQ293955	*
D	22416	2	*	*	*	*	100.0	FJ746669	*
D	22422	2	*	*	*	*	100.0	FJ178363	*
D	22447	2	*	*	*	*	100.0	FJ196781	*
D	22449	2	*	*	*	*	100.0	FJ196784	*
D	22480	2	*	*	*	*	100.0	FJ210528	*
D	22482	2	*	*	*	*	100.0	FJ210536	*
D	22485	2	*	*	*	*	100.0	FJ210559	*
D	22533	2	*	*	*	*	100.0	FJ236315	*
D	22577	2	*	*	*	*	100.0	FJ375248	*
D	22580	2	*	*	*	*	100.0	JQ801386	*
D	22636	2	*	*	*	*	100.0	FJ431223	*
D	22678	2	*	*	*	*	100.0	FJ438390	*
D	22693	2	*	*	*	*	100.0	FJ441622	*
D	22697	2	*	*	*	*	100.0	FJ441640	*
D	22735	2	*	*	*	*	100.0	FJ480106	*
D	22740	2	*	*	*	*	100.0	FJ480441	*
D	22742	2	*	*	*	*	100.0	FJ480445	*
D	22743	2	*	*	*	*	100.0	FJ596863	*
D	22744	2	*	*	*	*	100.0	FJ177480	*
D	22747	2	*	*	*	*	100.0	FJ481018	*
D	22778	2	*	*	*	*	100.0	FJ493188	*
D	22835	2	*	*	*	*	100.0	FJ538367	*
D	22838	2	*	*	*	*	100.0	EU307913	*
D	22843	2	*	*	*	*	100.0	EU644081	*
D	22850	2	*	*	*	*	100.0	JQ712009	*
D	22867	2	*	*	*	*	100.0	EF160066	*
D	22870	2	*	*	*	*	100.0	EF601602	*
D	22879	2	*	*	*	*	100.0	FJ572263	*
D	22887	2	*	*	*	*	100.0	FJ595483	*
D	22906	2	*	*	*	*	100.0	FJ596888	*
D	22909	2	*	*	*	*	100.0	FJ596894	*
D	22914	2	*	*	*	*	100.0	FJ596917	*
D	22935	2	*	*	*	*	100.0	EF423531	*
D	22949	2	*	*	*	*	100.0	FJ623598	*
D	22953	2	*	*	*	*	100.0	FJ623603	*
D	22956	2	*	*	*	*	100.0	FJ623606	*
D	22963	2	*	*	*	*	100.0	FJ623630	*
D	22977	2	*	*	*	*	100.0	FJ810184	*
D	22990	2	*	*	*	*	100.0	FJ644287	*
D	22993	2	*	*	*	*	100.0	FJ645264	*
D	22999	2	*	*	*	*	100.0	FJ648577	*
D	23007	2	*	*	*	*	100.0	FJ664551	*
D	23035	2	*	*	*	*	100.0	FJ709030	*
D	23098	2	*	*	*	*	100.0	FJ769615	*
D	23176	2	*	*	*	*	100.0	FJ791148	*
D	23180	2	*	*	*	*	100.0	FJ797880	*
D	23199	2	*	*	*	*	100.0	AY821864	*
D	23222	2	*	*	*	*	100.0	EU350580	*
D	23242	2	*	*	*	*	100.0	FJ822974	*
D	23244	2	*	*	*	*	100.0	FJ824630	*
D	23251	2	*	*	*	*	100.0	FJ825371	*
D	23273	2	*	*	*	*	100.0	FJ839613	*
D	23276	2	*	*	*	*	100.0	FJ839635	*
D	23294	2	*	*	*	*	100.0	FJ845414	*
D	23302	2	*	*	*	*	100.0	FJ845448	*
D	23338	2	*	*	*	*	100.0	FJ869342	*
D	23369	2	*	*	*	*	100.0	FJ873575	*
D	23383	2	*	*	*	*	100.0	AY061719	*
D	23403	2	*	*	*	*	100.0	FJ888524	*
D	23412	2	*	*	*	*	100.0	HM209796	*
D	23426	2	*	*	*	*	100.0	AF335456	*
D	23452	2	*	*	*	*	100.0	FJ904180	*
D	23471	2	*	*	*	*	100.0	FJ907537	*
D	23482	2	*	*	*	*	100.0	FJ917410	*
D	23484	2	*	*	*	*	100.0	FJ917624	*
D	23522	2	*	*	*	*	100.0	FJ228181	*
D	23524	2	*	*	*	*	100.0	FJ903347	*
D	23530	2	*	*	*	*	100.0	EU343808	*
D	23533	2	*	*	*	*	100.0	EU343826	*
D	23551	2	*	*	*	*	100.0	FR667997	*
D	23577	2	*	*	*	*	100.0	FM213348	*
D	23580	2	*	*	*	*	100.0	AF444551	*
D	23590	2	*	*	*	*	100.0	AJ890366	*
D	23623	2	*	*	*	*	100.0	EU326208	*
D	23644	2	*	*	*	*	100.0	FN293018	*
D	23651	2	*	*	*	*	100.0	GU979083	*
D	23706	3	*	*	*	*	100.0	FN435633	*
D	23722	2	*	*	*	*	100.0	FN435734	*
D	23746	2	*	*	*	*	100.0	FN547586	*
D	23760	2	*	*	*	*	100.0	FN550888	*
D	23765	2	*	*	*	*	100.0	FN550913	*
D	23790	2	*	*	*	*	100.0	DQ179130	*
D	23800	2	*	*	*	*	100.0	FN650654	*
D	23831	2	*	*	*	*	100.0	FN687661	*
D	23856	2	*	*	*	*	100.0	EF536027	*
D	23858	2	*	*	*	*	100.0	GU594654	*
D	23900	2	*	*	*	*	100.0	AY842566	*
D	23914	2	*	*	*	*	100.0	FR751089	*
D	23930	2	*	*	*	*	100.0	FR799173	*
D	23949	2	*	*	*	*	100.0	FR799321	*
D	23951	2	*	*	*	*	100.0	FR799494	*
D	23984	3	*	*	*	*	100.0	GQ120971	*
D	23997	3	*	*	*	*	100.0	GQ131880	*
D	24000	2	*	*	*	*	100.0	AY588103	*
D	24005	2	*	*	*	*	100.0	GQ153120	*
D	24006	2	*	*	*	*	100.0	HQ130700	*
D	24015	2	*	*	*	*	100.0	GQ159857	*
D	24029	2	*	*	*	*	100.0	GQ165696	*
D	24038	2	*	*	*	*	100.0	GQ166975	*
D	24042	2	*	*	*	*	100.0	GQ169315	*
D	24104	2	*	*	*	*	100.0	GQ231749	*
D	24125	2	*	*	*	*	100.0	GQ250411	*
D	24126	2	*	*	*	*	100.0	GQ250412	*
D	24138	2	*	*	*	*	100.0	GQ258471	*
D	24140	2	*	*	*	*	100.0	GU136174	*
D	24231	2	*	*	*	*	100.0	FJ705275	*
D	24244	2	*	*	*	*	100.0	GQ411524	*
D	24256	2	*	*	*	*	100.0	GQ426974	*
D	24258	2	*	*	*	*	100.0	GQ428199	*
D	24262	2	*	*	*	*	100.0	AY313032	*
D	24277	2	*	*	*	*	100.0	GQ479226	*
D	24291	2	*	*	*	*	100.0	GQ479835	*
D	24307	2	*	*	*	*	100.0	GQ497161	*
D	24322	2	*	*	*	*	100.0	EU529996	*
D	24330	2	*	*	*	*	100.0	AY228764	*
D	24346	2	*	*	*	*	100.0	AM231398	*
D	24362	2	*	*	*	*	100.0	GQ169764	*
D	24367	2	*	*	*	*	100.0	EU882132	*
D	24371	2	*	*	*	*	100.0	GQ856139	*
D	24374	2	*	*	*	*	100.0	GQ856690	*
D	24385	2	*	*	*	*	100.0	GQ888733	*
D	24428	2	*	*	*	*	100.0	GQ919281	*
D	24457	2	*	*	*	*	100.0	GQ981488	*
D	24489	2	*	*	*	*	100.0	FJ960442	*
D	24492	2	*	*	*	*	100.0	GU046843	*
D	24510	2	*	*	*	*	100.0	FJ466720	*
D	24522	2	*	*	*	*	100.0	HQ115689	*
D	24532	2	*	*	*	*	100.0	AB190390	*
D	24546	2	*	*	*	*	100.0	GQ914998	*
D	24551	2	*	*	*	*	100.0	GU062202	*
D	24552	2	*	*	*	*	100.0	GU062204	*
D	24573	2	*	*	*	*	100.0	EU919704	*
D	24583	2	*	*	*	*	100.0	GU067766	*
D	24594	2	*	*	*	*	100.0	EU259898	*
D	24595	2	*	*	*	*	100.0	GU078451	*
D	24613	2	*	*	*	*	100.0	AB301607	*
D	24625	2	*	*	*	*	100.0	GU138709	*
D	24626	2	*	*	*	*	100.0	GU138700	*
D	24655	2	*	*	*	*	100.0	AF323109	*
D	24656	2	*	*	*	*	100.0	GU180625	*
D	24674	2	*	*	*	*	100.0	GU183263	*
D	24689	2	*	*	*	*	100.0	GU187506	*
D	24699	2	*	*	*	*	100.0	FR691860	*
D	24701	2	*	*	*	*	100.0	GU187556	*
D	24704	2	*	*	*	*	100.0	GU187914	*
D	24725	2	*	*	*	*	100.0	GU207280	*
D	24741	2	*	*	*	*	100.0	GU222273	*
D	24757	2	*	*	*	*	100.0	GU222319	*
D	24764	2	*	*	*	*	100.0	GU222328	*
D	24765	3	*	*	*	*	100.0	GU222366	*
D	24766	2	*	*	*	*	100.0	GU222367	*
D	24793	2	*	*	*	*	100.0	GU233325	*
D	24795	2	*	*	*	*	100.0	GU233328	*
D	24819	2	*	*	*	*	100.0	GU233321	*
D	24820	2	*	*	*	*	100.0	GU233372	*
D	24821	2	*	*	*	*	99.0	GU233376	*
D	24836	2	*	*	*	*	100.0	EU520054	*
D	24838	2	*	*	*	*	100.0	GU237887	*
D	24842	2	*	*	*	*	100.0	GU246248	*
D	24844	2	*	*	*	*	100.0	GU246252	*
D	24847	2	*	*	*	*	100.0	GU246257	*
D	24856	2	*	*	*	*	100.0	FJ824090	*
D	24868	2	*	*	*	*	100.0	GQ159904	*
D	24873	2	*	*	*	*	100.0	GU258280	*
D	24888	2	*	*	*	*	100.0	EU525978	*
D	24907	2	*	*	*	*	100.0	GU300072	*
D	24919	2	*	*	*	*	100.0	GU300084	*
D	24921	2	*	*	*	*	100.0	GU300086	*
D	24939	2	*	*	*	*	100.0	GU320818	*
D	24942	2	*	*	*	*	100.0	GU322439	*
D	24946	2	*	*	*	*	100.0	GU324737	*
D	24972	2	*	*	*	*	100.0	GU327540	*
D	25004	2	*	*	*	*	100.0	GU371295	*
D	25005	2	*	*	*	*	100.0	GU373512	*
D	25010	2	*	*	*	*	100.0	FJ971840	*
D	25022	2	*	*	*	*	100.0	GU396232	*
D	25035	2	*	*	*	*	100.0	AY340015	*
D	25038	2	*	*	*	*	100.0	GU461970	*
D	25051	2	*	*	*	*	100.0	GU479249	*
D	25060	2	*	*	*	*	100.0	EU280122	*
D	25114	2	*	*	*	*	100.0	GU593317	*
D	25120	2	*	*	*	*	100.0	GU594158	*
D	25144	2	*	*	*	*	100.0	GU733338	*
D	25158	2	*	*	*	*	100.0	GU797401	*
D	25179	2	*	*	*	*	100.0	FJ871094	*
D	25182	2	*	*	*	*	100.0	FJ871089	*
D	25185	3	*	*	*	*	100.0	GU827324	*
D	25187	2	*	*	*	*	100.0	GU827326	*
D	25202	2	*	*	*	*	100.0	GU905997	*
D	25217	2	*	*	*	*	100.0	GU934542	*
D	25218	2	*	*	*	*	100.0	FJ455872	*
D	25250	2	*	*	*	*	100.0	GU973659	*
D	25263	2	*	*	*	*	100.0	GU973743	*
D	25283	2	*	*	*	*	100.0	GU979029	*
D	25303	2	*	*	*	*	100.0	AY568537	*
D	25333	2	*	*	*	*	100.0	DQ367882	*
D	25343	2	*	*	*	*	100.0	HE574644	*
D	25359	2	*	*	*	*	100.0	EU781658	*
D	25407	2	*	*	*	*	100.0	HM008934	*
D	25427	2	*	*	*	*	100.0	HM020692	*
D	25485	2	*	*	*	*	100.0	HM051414	*
D	25505	2	*	*	*	*	100.0	HM060606	*
D	25512	2	*	*	*	*	100.0	FJ652102	*
D	25518	2	*	*	*	*	100.0	EU819459	*
D	25533	2	*	*	*	*	100.0	DQ490765	*
D	25551	2	*	*	*	*	100.0	HM131364	*
D	25611	2	*	*	*	*	100.0	HM161512	*
D	25633	2	*	*	*	*	100.0	HM195229	*
D	25670	2	*	*	*	*	100.0	HM243159	*
D	25672	3	*	*	*	*	100.0	HM243161	*
D	25680	2	*	*	*	*	100.0	HM245331	*
D	25687	2	*	*	*	*	100.0	JF415137	*
D	25691	2	*	*	*	*	100.0	AJ419188	*
D	25693	2	*	*	*	*	100.0	HM347646	*
D	25698	2	*	*	*	*	100.0	HM054136	*
D	25704	2	*	*	*	*	100.0	EU753268	*
D	25711	2	*	*	*	*	100.0	HQ630988	*
D	25721	2	*	*	*	*	100.0	HM461577	*
D	25723	2	*	*	*	*	100.0	HM461581	*
D	25729	2	*	*	*	*	100.0	FJ441010	*
D	25730	2	*	*	*	*	100.0	HM466670	*
D	25738	2	*	*	*	*	100.0	HM484547	*
D	25772	2	*	*	*	*	100.0	DQ069040	*
D	25777	2	*	*	*	*	100.0	HM488751	*
D	25784	2	*	*	*	*	100.0	HM536085	*
D	25801	2	*	*	*	*	100.0	HM538571	*
D	25811	2	*	*	*	*	100.0	HM562113	*
D	25838	2	*	*	*	*	100.0	HM572295	*
D	25853	2	*	*	*	*	100.0	HM578889	*
D	25863	2	*	*	*	*	100.0	HM582198	*
D	25885	2	*	*	*	*	100.0	HM595584	*
D	25887	2	*	*	*	*	100.0	HM595593	*
D	25896	2	*	*	*	*	100.0	AF506425	*
D	25905	2	*	*	*	*	100.0	HM596004	*
D	25973	2	*	*	*	*	100.0	EF393631	*
D	25984	2	*	*	*	*	100.0	AF201756	*
D	26020	2	*	*	*	*	100.0	EU598184	*
D	26097	2	*	*	*	*	100.0	AF320310	*
D	26100	2	*	*	*	*	100.0	HQ157538	*
D	26104	2	*	*	*	*	100.0	JQ711951	*
D	26109	2	*	*	*	*	100.0	HQ166314	*
D	26143	2	*	*	*	*	100.0	AY308582	*
D	26170	2	*	*	*	*	100.0	HQ215825	*
D	26186	2	*	*	*	*	100.0	HQ222866	*
D	26207	2	*	*	*	*	100.0	FJ711054	*
D	26210	2	*	*	*	*	100.0	EU661879	*
D	26215	2	*	*	*	*	100.0	EU057933	*
D	26216	2	*	*	*	*	100.0	EU057907	*
D	26217	2	*	*	*	*	100.0	HQ259264	*
D	26304	2	*	*	*	*	100.0	GU062245	*
D	26312	2	*	*	*	*	100.0	HQ403587	*
D	26313	2	*	*	*	*	100.0	EU057905	*
D	26322	2	*	*	*	*	100.0	HQ413278	*
D	26333	2	*	*	*	*	100.0	EU552108	*
D	26336	2	*	*	*	*	100.0	GU327634	*
D	26370	2	*	*	*	*	100.0	EF176459	*
D	26372	2	*	*	*	*	100.0	HQ533021	*
D	26377	2	*	*	*	*	100.0	HQ533028	*
D	26406	2	*	*	*	*	100.0	HQ533860	*
D	26439	2	*	*	*	*	100.0	AF035674	*
D	26462	2	*	*	*	*	100.0	HQ604084	*
D	26471	2	*	*	*	*	100.0	HQ604299	*
D	26508	2	*	*	*	*	100.0	HQ604786	*
D	26521	2	*	*	*	*	100.0	HQ605942	*
D	26538	2	*	*	*	*	100.0	EU940229	*
D	26554	2	*	*	*	*	100.0	HQ625011	*
D	26562	2	*	*	*	*	100.0	HQ630343	*
D	26565	2	*	*	*	*	100.0	HQ630349	*
D	26579	2	*	*	*	*	100.0	HQ630992	*
D	26626	2	*	*	*	*	100.0	HQ650646	*
D	26707	2	*	*	*	*	100.0	HQ676155	*
D	26708	2	*	*	*	*	100.0	HQ680352	*
D	26718	2	*	*	*	*	100.0	HQ696052	*
D	26739	2	*	*	*	*	100.0	HQ698100	*
D	26751	2	*	*	*	*	100.0	HQ699657	*
D	26768	2	*	*	*	*	100.0	HQ711924	*
D	26770	2	*	*	*	*	100.0	HQ711926	*
D	26821	2	*	*	*	*	100.0	HQ832491	*
D	26928	2	*	*	*	*	100.0	HQ897790	*
D	26942	2	*	*	*	*	100.0	HQ897831	*
D	26980	2	*	*	*	*	100.0	HQ917071	*
D	26987	2	*	*	*	*	100.0	HQ999979	*
D	26998	2	*	*	*	*	100.0	FJ752738	*
D	26999	2	*	*	*	*	100.0	EU603292	*
D	27006	2	*	*	*	*	100.0	DQ885782	*
D	27021	2	*	*	*	*	100.0	JF273555	*
D	27022	2	*	*	*	*	100.0	JF275865	*
D	27044	2	*	*	*	*	100.0	HQ215833	*
D	27053	2	*	*	*	*	100.0	JF304988	*
D	27070	2	*	*	*	*	100.0	EU770227	*
D	27104	2	*	*	*	*	100.0	AM269779	*
D	27107	2	*	*	*	*	100.0	EU754899	*
D	27108	2	*	*	*	*	100.0	HM042314	*
D	27114	2	*	*	*	*	100.0	JF439139	*
D	27117	2	*	*	*	*	100.0	JF439166	*
D	27124	2	*	*	*	*	100.0	JF439183	*
D	27141	2	*	*	*	*	100.0	JF440983	*
D	27156	2	*	*	*	*	100.0	AF439480	*
D	27160	2	*	*	*	*	100.0	HE572530	*
D	27169	2	*	*	*	*	100.0	DQ000318	*
D	27197	2	*	*	*	*	100.0	UDB001147	*
D	27204	2	*	*	*	*	100.0	FM205691	*
D	27210	2	*	*	*	*	100.0	JF514521	*
D	27256	2	*	*	*	*	100.0	HM627168	*
D	27257	2	*	*	*	*	100.0	JF693334	*
D	27288	2	*	*	*	*	100.0	JF701784	*
D	27300	2	*	*	*	*	100.0	JF795290	*
D	27348	2	*	*	*	*	100.0	JF747053	*
D	27357	2	*	*	*	*	100.0	JF756973	*
D	27372	2	*	*	*	*	100.0	EU301663	*
D	27377	2	*	*	*	*	100.0	JF795579	*
D	27410	2	*	*	*	*	100.0	JF825548	*
D	27414	2	*	*	*	*	100.0	JF826010	*
D	27421	2	*	*	*	*	100.0	EU280133	*
D	27423	2	*	*	*	*	100.0	JF834343	*
D	27425	2	*	*	*	*	100.0	JF834349	*
D	27442	2	*	*	*	*	100.0	JF899559	*
D	27450	2	*	*	*	*	100.0	JF907807	*
D	27453	2	*	*	*	*	100.0	JF907819	*
D	27476	2	*	*	*	*	100.0	JF907990	*
D	27480	2	*	*	*	*	100.0	JF907996	*
D	27493	2	*	*	*	*	100.0	JF908069	*
D	27505	2	*	*	*	*	100.0	JF908153	*
D	27512	2	*	*	*	*	100.0	JF908184	*
D	27523	2	*	*	*	*	100.0	JF908258	*
D	27529	2	*	*	*	*	100.0	HQ318281	*
D	27553	2	*	*	*	*	100.0	JF908384	*
D	27573	2	*	*	*	*	100.0	JF908467	*
D	27594	2	*	*	*	*	100.0	JF908574	*
D	27599	2	*	*	*	*	100.0	JF908597	*
D	27629	2	*	*	*	*	100.0	JF923609	*
D	27642	2	*	*	*	*	100.0	AJ293882	*
D	27651	2	*	*	*	*	100.0	JF947185	*
D	27656	2	*	*	*	*	100.0	JF951153	*
D	27694	2	*	*	*	*	100.0	JN003226	*
D	27762	2	*	*	*	*	100.0	JN053470	*
D	27767	2	*	*	*	*	100.0	JN053482	*
D	27861	2	*	*	*	*	100.0	JN182206	*
D	27881	2	*	*	*	*	100.0	AY773455	*
D	27914	2	*	*	*	*	100.0	JF508488	*
D	27947	2	*	*	*	*	100.0	AY927362	*
D	27988	2	*	*	*	*	100.0	JN383815	*
D	27993	2	*	*	*	*	100.0	JN392333	*
D	28005	2	*	*	*	*	100.0	FR799470	*
D	28012	2	*	*	*	*	100.0	JN564476	*
D	28031	2	*	*	*	*	100.0	JN592493	*
D	28042	2	*	*	*	*	100.0	HM562142	*
D	28071	2	*	*	*	*	100.0	JN638272	*
D	28088	2	*	*	*	*	100.0	JN642232	*
D	28122	2	*	*	*	*	100.0	JN673037	*
D	28179	2	*	*	*	*	100.0	JN813383	*
D	28191	2	*	*	*	*	100.0	JN839944	*
D	28217	2	*	*	*	*	100.0	FJ441021	*
D	28218	2	*	*	*	*	100.0	JN864881	*
D	28228	2	*	*	*	*	100.0	JN882329	*
D	28252	2	*	*	*	*	100.0	EU021600	*
D	28270	2	*	*	*	*	100.0	JN942621	*
D	28271	2	*	*	*	*	100.0	EF194144	*
D	28272	2	*	*	*	*	100.0	JN942623	*
D	28296	2	*	*	*	*	100.0	JN943147	*
D	28312	2	*	*	*	*	100.0	FJ430782	*
D	28345	2	*	*	*	*	100.0	AY611120	*
D	28362	2	*	*	*	*	100.0	JF908663	*
D	28384	2	*	*	*	*	100.0	JQ015394	*
D	28394	2	*	*	*	*	100.0	JQ044436	*
D	28397	2	*	*	*	*	100.0	JQ065026	*
D	28448	2	*	*	*	*	100.0	JQ317587	*
D	28467	2	*	*	*	*	100.0	DQ083789	*
D	28497	2	*	*	*	*	100.0	L54082	*
D	28499	2	*	*	*	*	100.0	L54094	*
D	28505	2	*	*	*	*	100.0	GQ397991	*
D	28508	2	*	*	*	*	100.0	L76179	*
D	28509	2	*	*	*	*	100.0	L78301	*
D	28512	2	*	*	*	*	100.0	M96663	*
D	28559	2	*	*	*	*	100.0	U40216	*
D	28562	2	*	*	*	*	100.0	U40473	*
D	28563	2	*	*	*	*	100.0	U40474	*
D	28585	2	*	*	*	*	100.0	U51968	*
D	28596	2	*	*	*	*	100.0	U78055	*
D	28607	2	*	*	*	*	100.0	L78297	*
D	28613	2	*	*	*	*	100.0	U58635	*
D	28623	2	*	*	*	*	100.0	DQ025481	*
D	28630	2	*	*	*	*	100.0	AF026308	*
D	28634	2	*	*	*	*	100.0	U66428	*
D	28651	2	*	*	*	*	100.0	FJ708870	*
D	28678	2	*	*	*	*	100.0	U85332	*
D	28703	2	*	*	*	*	100.0	AF377205	*
D	28741	2	*	*	*	*	100.0	UDB000286	*
D	28752	2	*	*	*	*	100.0	AF418622	*
D	28813	2	*	*	*	*	100.0	HM347667	*
D	28814	2	*	*	*	*	100.0	UDB000657	*
D	28827	2	*	*	*	*	100.0	UDB000669	*
D	28840	2	*	*	*	*	100.0	UDB000778	*
D	28841	2	*	*	*	*	100.0	EU160589	*
D	28861	2	*	*	*	*	100.0	AF389168	*
D	28868	2	*	*	*	*	100.0	EU655672	*
D	28871	2	*	*	*	*	100.0	AY669594	*
D	28876	2	*	*	*	*	100.0	UDB001119	*
D	28879	2	*	*	*	*	100.0	UDB001140	*
D	28883	2	*	*	*	*	100.0	UDB001180	*
D	28891	6	*	*	*	*	100.0	UDB001233	*
D	28894	2	*	*	*	*	100.0	UDB001382	*
D	28920	2	*	*	*	*	100.0	AY880939	*
D	28922	2	*	*	*	*	100.0	JQ888215	*
D	28939	2	*	*	*	*	100.0	FJ439514	*
D	28943	2	*	*	*	*	100.0	DQ663239	*
D	28948	2	*	*	*	*	100.0	EU660941	*
D	28954	2	*	*	*	*	100.0	EU057041	*
D	28967	2	*	*	*	*	100.0	U56025	*
D	28982	2	*	*	*	*	100.0	UDB011418	*
D	28983	2	*	*	*	*	100.0	AF454575	*
D	29011	2	*	*	*	*	100.0	UDB002909	*
D	29025	2	*	*	*	*	100.0	AM946477	*
D	29043	2	*	*	*	*	100.0	UDB003286	*
D	29054	2	*	*	*	*	100.0	UDB003338	*
D	29056	2	*	*	*	*	100.0	UDB003351	*
D	29072	2	*	*	*	*	100.0	UDB008309	*
D	29082	2	*	*	*	*	100.0	UDB011123	*
D	29132	2	*	*	*	*	100.0	HQ604852	*
D	29141	2	*	*	*	*	100.0	FJ157142	*
D	29142	2	*	*	*	*	100.0	UDB011342	*
D	29176	2	*	*	*	*	100.0	UDB011436	*
D	29177	2	*	*	*	*	100.0	UDB011437	*
D	29219	2	*	*	*	*	100.0	UDB011522	*
D	29240	2	*	*	*	*	100.0	UDB011564	*
D	29247	2	*	*	*	*	100.0	UDB011589	*
D	29294	2	*	*	*	*	100.0	JF908630	*
D	29313	2	*	*	*	*	100.0	UDB011784	*
D	29322	2	*	*	*	*	100.0	UDB011803	*
D	29374	2	*	*	*	*	100.0	X82505	*
D	29394	2	*	*	*	*	100.0	Z48537	*
D	29416	2	*	*	*	*	100.0	Z81438	*
D	29431	2	*	*	*	*	100.0	EU664488	*
