Taxon	blast_100.0	blast_0.0001	blast_1e-06	blast_1.0	blast_1e-10	blast_1e-30	mothur_0.0	mothur_0.1	mothur_0.2	mothur_0.3	mothur_0.4	mothur_0.5	mothur_0.6	mothur_0.7	mothur_0.8	mothur_0.9	mothur_1.0	rdp_0.0	rdp_0.1	rdp_0.2	rdp_0.3	rdp_0.4	rdp_0.5	rdp_0.6	rdp_0.7	rdp_0.8	rdp_0.9	rdp_1.0	rtax_single	rtax_paired	Expected
Even3;k__Bacteria;p__Firmicutes;c__Bacilli;o__Lactobacillales;f__Carnobacteriaceae;g__Granulicatella	0.0	0.0	0.0	0.0	0.0	0	0	0	0	0	0	0	0	0	0	0	0	0	0	0	0	0	0	0	0	0	0	0	0.0	0.0	0	
Even3;k__Bacteria;p__Firmicutes;c__Bacilli;o__Lactobacillales;f__Streptococcaceae;Other	0	0	0	0	0	0	0	0	7.80122479229e-06	0.0	7.80122479229e-06	3.12048991692e-05	0.000117018371884	5.4608573546e-05	0.0001014159223	6.24097983383e-05	0.0186059211296	0	0	0.0	0.0	0	0.0001014159223	3.90061239615e-05	0.000382260014822	7.02110231306e-05	0.0002028318446	0.0293872137926	0	0	0	
Even3;k__Bacteria;p__Proteobacteria;c__Gammaproteobacteria;o__Aeromonadales;f__Aeromonadaceae;g__	0.0259702773335	0.0259702773335	0.0259702773335	0.0259702773335	0.0259702773335	0.0259312712096	1.56024495846e-05	1.56024495846e-05	1.56024495846e-05	1.56024495846e-05	1.56024495846e-05	0	0	0	0	0	0	1.56024495846e-05	1.56024495846e-05	1.56024495846e-05	1.56024495846e-05	1.56024495846e-05	0	0	0	0	0	0	9.36146975075e-05	0.000117018371884	0	
Even3;k__Bacteria;p__Proteobacteria;c__Betaproteobacteria;o__Burkholderiales;f__Burkholderiaceae;g__Burkholderia	0.0	0.0	0.0	0.0	0.0	0.0	0	0	0	0	0	0	0	0	0	0	0	0	0	0	0	0	0	0	0	0	0	0	0.0	0.0	0	
Even3;k__Bacteria;p__Proteobacteria;c__Gammaproteobacteria;o__Chromatiales;f__Ectothiorhodospiraceae;g__Methylonatrum	0	0	0	0	0	0	3.90061239615e-05	3.90061239615e-05	3.12048991692e-05	0	0	0	0	0	0	0	0	3.90061239615e-05	3.90061239615e-05	2.34036743769e-05	0	0	0	0	0	0	0	0	0	0	0	
Even3;k__Bacteria;p__Acidobacteria;c__Acidobacteriia;o__Acidobacteriales;f__Koribacteraceae;g__	0.0	0.0	0.0	0.0	0.0	0.0	0.0	0.0	0.0	0.0	0.0	0.0	0.0	0.0	0.0	0.0	0	0.0	0.0	0.0	0.0	0.0	0.0	0.0	0.0	0.0	0.0	0	0.0	0.0	0	
Even3;k__Bacteria;p__Actinobacteria;Other;Other;Other;Other	0	0	0	0	0	0	0	7.80122479229e-05	0.000132620821469	1.56024495846e-05	7.80122479229e-06	1.56024495846e-05	0.0	7.02110231306e-05	8.58134727152e-05	0.000499278386707	2.34036743769e-05	0	0.000140422046261	6.24097983383e-05	3.12048991692e-05	1.56024495846e-05	9.36146975075e-05	2.34036743769e-05	2.34036743769e-05	4.68073487538e-05	0.000241837968561	3.90061239615e-05	0	0	0	
Even3;k__Archaea;p__Crenarchaeota;c__Thermoprotei;o__Desulfurococcales;Other;Other	0	0	0	0	0	0	0	2.34036743769e-05	0	0	0	0	0	0	0	0	0	0	2.34036743769e-05	0	0	0	0	0	0	0	0	0	0	0	0	
Even3;k__Bacteria;p__Actinobacteria;c__Actinobacteria;o__Actinomycetales;f__Micrococcaceae;g__Rothia	1.56024495846e-05	1.56024495846e-05	1.56024495846e-05	1.56024495846e-05	1.56024495846e-05	1.56024495846e-05	1.56024495846e-05	1.56024495846e-05	1.56024495846e-05	1.56024495846e-05	7.80122479229e-06	7.80122479229e-06	7.80122479229e-06	0	0	0	0	1.56024495846e-05	1.56024495846e-05	1.56024495846e-05	1.56024495846e-05	1.56024495846e-05	7.80122479229e-06	0	0	0	0	0	1.56024495846e-05	1.56024495846e-05	0	
Even3;k__Bacteria;p__Proteobacteria;c__Alphaproteobacteria;o__Caulobacterales;f__Caulobacteraceae;Other	0	0	0	0	0	0	0	0	0	0	0	0	0	0	0	0	7.80122479229e-06	0	0	0	0	0	0	0	0	0	0	7.80122479229e-06	7.80122479229e-06	7.80122479229e-06	0	
Even3;k__Bacteria;p__Firmicutes;c__Bacilli;o__Bacillales;f__Paenibacillaceae;g__Paenibacillus	0.0	0.0	0.0	0.0	0.0	0	0.000156024495846	0	0	0	0	0	0	0	0	0	0	0.000156024495846	0	0	0	0	0	0	0	0	0	0	0	0	0	
Even3;k__Bacteria;p__Actinobacteria;c__Actinobacteria;o__Actinomycetales;f__Corynebacteriaceae;g__Corynebacterium	0.0	0.0	0.0	0.0	0.0	0.0	0.0	0.0	0.0	0.0	0.0	0.0	0.0	0.0	0	0	0	0.0	0.0	0.0	0.0	0.0	0.0	0.0	0	0	0	0	0.0	0.0	0	
Even3;k__Bacteria;p__Proteobacteria;c__Betaproteobacteria;Other;Other;Other	0	0	0	0	0	0	0	2.34036743769e-05	3.12048991692e-05	1.56024495846e-05	3.12048991692e-05	4.68073487538e-05	5.4608573546e-05	7.02110231306e-05	9.36146975075e-05	8.58134727152e-05	3.90061239615e-05	0	3.90061239615e-05	3.12048991692e-05	3.12048991692e-05	4.68073487538e-05	4.68073487538e-05	4.68073487538e-05	7.02110231306e-05	7.80122479229e-05	8.58134727152e-05	4.68073487538e-05	0	0	0	
Even3;k__Bacteria;p__Chloroflexi;c__Ellin6529;o__;f__;g__	0.0	0.0	0.0	0.0	0.0	0.0	0.0	0.0	0.0	0.0	0.0	0.0	0.0	0.0	0.0	0.0	0.0	0.0	0.0	0.0	0.0	0.0	0.0	0.0	0.0	0.0	0.0	0.0	0.0	0.0	0	
Even3;k__Bacteria;p__Bacteroidetes;c__Bacteroidia;o__Bacteroidales;f__Bacteroidaceae;g__BF311	7.80122479229e-06	7.80122479229e-06	7.80122479229e-06	7.80122479229e-06	7.80122479229e-06	0	0	0	0	0	0	0	0	0	0	0	0	0	0	0	0	0	0	0	0	0	0	0	2.34036743769e-05	2.34036743769e-05	0	
Even3;k__Bacteria;p__Actinobacteria;c__Actinobacteria;o__Actinomycetales;f__Mycobacteriaceae;g__Mycobacterium	0.0	0.0	0.0	0.0	0.0	0.0	0.0	0.0	0.0	0.0	0.0	0.0	0.0	0.0	0.0	0.0	0.0	0.0	0.0	0.0	0.0	0.0	0.0	0.0	0.0	0.0	0.0	0.0	0.0	0.0	0	
Even3;k__Bacteria;p__Proteobacteria;c__Gammaproteobacteria;o__Chromatiales;f__Ectothiorhodospiraceae;g__Thiorhodospira	0	0	0	0	0	0	7.80122479229e-06	0	0	0	0	0	0	0	0	0	0	7.80122479229e-06	0	0	0	0	0	0	0	0	0	0	0	0	0	
Even3;k__Bacteria;p__Firmicutes;c__Bacilli;o__Bacillales;Other;Other	0	0	0	0	0	0	0	8.58134727152e-05	1.56024495846e-05	7.80122479229e-06	7.80122479229e-06	0	0	2.34036743769e-05	2.34036743769e-05	2.34036743769e-05	1.56024495846e-05	0	0.000234036743769	2.34036743769e-05	7.80122479229e-06	7.80122479229e-06	0	7.80122479229e-06	2.34036743769e-05	2.34036743769e-05	2.34036743769e-05	2.34036743769e-05	7.80122479229e-06	0	0	
Even3;k__Bacteria;p__WPS-2;c__;o__;f__;g__	0.0	0.0	0.0	0.0	0.0	0.0	0.0	0.0	0.0	0.0	0.0	0.0	0.0	0.0	0	0	0	0.0	0.0	0.0	0.0	0.0	0.0	0.0	0.0	0	0	0	0.0	0.0	0	
Even3;k__Bacteria;p__Proteobacteria;c__Epsilonproteobacteria;o__Campylobacterales;f__Campylobacteraceae;g__Campylobacter	7.80122479229e-06	7.80122479229e-06	7.80122479229e-06	7.80122479229e-06	7.80122479229e-06	7.80122479229e-06	7.80122479229e-05	7.80122479229e-06	7.80122479229e-06	7.80122479229e-06	7.80122479229e-06	7.80122479229e-06	7.80122479229e-06	7.80122479229e-06	7.80122479229e-06	7.80122479229e-06	0	7.80122479229e-05	7.80122479229e-06	7.80122479229e-06	7.80122479229e-06	7.80122479229e-06	7.80122479229e-06	7.80122479229e-06	7.80122479229e-06	7.80122479229e-06	7.80122479229e-06	0	7.80122479229e-06	7.80122479229e-06	0	
Even3;k__Bacteria;p__Bacteroidetes;c__Cytophagia;o__Cytophagales;f__Cytophagaceae;g__	0.0	0.0	0.0	0.0	0.0	0.0	7.80122479229e-06	7.80122479229e-06	0.0	0.0	0.0	0.0	0	0	0	0	0	7.80122479229e-06	0.0	0.0	0.0	0.0	0.0	0	0	0	0	0	0.0	0.0	0	
Even3;k__Bacteria;p__Chloroflexi;c__Anaerolineae;o__envOPS12;f__;g__	0.0	0.0	0.0	0.0	0.0	0.0	0.0	0.0	0.0	0.0	0.0	0.0	0.0	0	0	0	0	0.0	0.0	0.0	0.0	0.0	0.0	0.0	0	0	0	0	0.0	0.0	0	
Even3;Unknown;Other;Other;Other;Other;Other	0	0	0	0	0	0	0	0	4.68073487538e-05	0.000148223271054	0.000397862464407	0.000436868588368	0.000436868588368	0.000444669813161	0.000702110231306	0.0027304286773	0.0314311346881	0	0	0	0	0	0	0	0	0	0	0	0	0	0	
Even3;k__Bacteria;p__Proteobacteria;c__Gammaproteobacteria;o__Alteromonadales;f__[Chromatiaceae];g__	3.12048991692e-05	3.12048991692e-05	3.12048991692e-05	3.12048991692e-05	3.12048991692e-05	3.12048991692e-05	2.34036743769e-05	7.80122479229e-06	7.80122479229e-06	0	0	0	0	0	0	0	0	2.34036743769e-05	7.80122479229e-06	0	0	0	0	0	0	0	0	0	3.12048991692e-05	3.12048991692e-05	0	
Even3;k__Bacteria;p__Actinobacteria;c__Actinobacteria;o__Actinomycetales;f__Frankiaceae;g__	7.80122479229e-06	7.80122479229e-06	7.80122479229e-06	7.80122479229e-06	7.80122479229e-06	7.80122479229e-06	7.80122479229e-06	7.80122479229e-06	7.80122479229e-06	7.80122479229e-06	7.80122479229e-06	7.80122479229e-06	7.80122479229e-06	7.80122479229e-06	7.80122479229e-06	0	0	7.80122479229e-06	7.80122479229e-06	7.80122479229e-06	7.80122479229e-06	7.80122479229e-06	7.80122479229e-06	7.80122479229e-06	7.80122479229e-06	7.80122479229e-06	0	0	7.80122479229e-06	7.80122479229e-06	0	
Even3;k__Bacteria;p__Proteobacteria;c__Gammaproteobacteria;o__Alteromonadales;f__Shewanellaceae;g__Shewanella	0	0	0	0	0	0	1.56024495846e-05	0.0	0	0	0	0	0	0	0	0	0	1.56024495846e-05	0	0	0	0	0	0	0	0	0	0	0	0	0	
Even3;k__Bacteria;p__Planctomycetes;c__[Brocadiae];o__Brocadiales;f__;g__	0	0	0	0	0	0	0.0	0	0	0	0	0	0	0	0	0	0	0.0	0	0	0	0	0	0	0	0	0	0	0	0	0	
Even3;k__Bacteria;p__Bacteroidetes;c__Cytophagia;o__Cytophagales;f__Flammeovirgaceae;g__Persicobacter	0	0	0	0	0	0	5.4608573546e-05	7.80122479229e-06	0	0	0	0	0	0	0	0	0	5.4608573546e-05	7.80122479229e-06	0	0	0	0	0	0	0	0	0	0	0	0	
Even3;k__Bacteria;p__Proteobacteria;c__Gammaproteobacteria;o__Enterobacteriales;f__Enterobacteriaceae;g__Brenneria	0	0	0	0	0	0	4.68073487538e-05	2.34036743769e-05	0	0	0	0	0	0	0	0	0	4.68073487538e-05	2.34036743769e-05	7.80122479229e-06	0	0	0	0	0	0	0	0	0	0	0	
Even3;k__Bacteria;p__Cyanobacteria;c__4C0d-2;Other;Other;Other	0	0	0	0	0	0	0	0	0	0	0	0	0	0	0	0	7.80122479229e-06	0	0	0	0	0	0	0	0	0	0	7.80122479229e-06	0	0	0	
Even3;k__Bacteria;p__Verrucomicrobia;Other;Other;Other;Other	0	0	0	0	0	0	0	0.0	0.0	0.0	0.0	0.0	0	7.80122479229e-06	0	7.80122479229e-06	7.80122479229e-06	0	0.0	0.0	0.0	0.0	0.0	0.0	0.0	0.0	7.80122479229e-06	3.12048991692e-05	0	0	0	
Even3;k__Bacteria;p__Firmicutes;c__Coriobacteriia;o__Coriobacteriales;f__Coriobacteriaceae;g__Collinsella	0	0	0	0	0	0	0	0	0	0	0	0	0	0	0	0	0	0	0	0	0	0	0	0	0	0	0	0	0	0	0.0294	
Even3;k__Bacteria;p__Proteobacteria;c__Gammaproteobacteria;o__Pasteurellales;f__Pasteurellaceae;g__Actinobacillus	0	0	0	0	0	0	0.0	0.0	0.0	0.0	0.0	0.0	0.0	0.0	0	0	0	0.0	0.0	0.0	0.0	0.0	0.0	0.0	0.0	0	0	0	0.0	0.0	0	
Even3;k__Bacteria;p__Firmicutes;c__Clostridia;o__Natranaerobiales;f__Natranaerobiaceae;g__	0	0	0	0	0	0	4.68073487538e-05	7.80122479229e-06	0	0	0	0	0	0	0	0	0	4.68073487538e-05	0	0	0	0	0	0	0	0	0	0	0	0	0	
Even3;k__Archaea;p__Euryarchaeota;c__Thermococci;o__Thermococcales;f__Thermococcaceae;g__Pyrococcus	0	0	0	0	0	0	5.4608573546e-05	0	0	0	0	0	0	0	0	0	0	5.4608573546e-05	1.56024495846e-05	0	0	0	0	0	0	0	0	0	0	0	0	
Even3;k__Bacteria;p__Proteobacteria;c__Deltaproteobacteria;o__Syntrophobacterales;f__Syntrophaceae;Other	0	0	0	0	0	0	0	0	0	0	0	0	0	0	0	0	0	0	0	0	0	0	0	0	0.0	0	0	0	0	0	0	
Even3;k__Bacteria;p__Chloroflexi;c__Chloroflexi;o__Chloroflexales;f__;g__	0	0	0	0	0	0	4.68073487538e-05	0	0	0	0	0	0	0	0	0	0	4.68073487538e-05	0	0	0	0	0	0	0	0	0	0	0	0	0	
Even3;k__Bacteria;p__Firmicutes;c__Clostridia;o__Clostridiales;f__Ruminococcaceae;g__	0.0218668330928	0.0218668330928	0.0218668330928	0.0218668330928	0.0218668330928	0.0216952061474	0.00178648047743	0.00176307680306	0.00130280454031	0.000569489409837	0.000413464913991	0.000296446542107	2.34036743769e-05	0	0	0	0	0.00178648047743	0.00170066700472	0.000741116355268	0.000530483285876	0.000436868588368	0.000304247766899	9.36146975075e-05	0	0	0	0	0.0184108905098	0.0205796310021	0	
Even3;k__Bacteria;p__Actinobacteria;c__Actinobacteria;o__Actinomycetales;f__Microbacteriaceae;g__	0	0	0	0	0	0	7.80122479229e-06	7.80122479229e-06	7.80122479229e-06	7.80122479229e-06	7.80122479229e-06	7.80122479229e-06	7.80122479229e-06	7.80122479229e-06	0	0	0	0	0	0	0	0	0	0	0	0	0	0	7.80122479229e-06	7.80122479229e-06	0	
Even3;k__Bacteria;p__Acidobacteria;c__[Chloracidobacteria];o__[Chloracidobacterales];f__[Chloracidobacteraceae];g__	0	0	0	0	0	0	0.0	0	0	0	0	0	0	0	0	0	0	0.0	0	0	0	0	0	0	0	0	0	0	0	0	0	
Even3;k__Bacteria;p__Firmicutes;c__Erysipelotrichi;o__Erysipelotrichales;f__Erysipelotrichaceae;g__Allobaculum	1.56024495846e-05	1.56024495846e-05	1.56024495846e-05	1.56024495846e-05	1.56024495846e-05	1.56024495846e-05	1.56024495846e-05	1.56024495846e-05	1.56024495846e-05	1.56024495846e-05	1.56024495846e-05	0	0	0	0	0	0	1.56024495846e-05	1.56024495846e-05	1.56024495846e-05	1.56024495846e-05	0	0	0	0	0	0	0	1.56024495846e-05	1.56024495846e-05	0	
Even3;k__Bacteria;p__Cyanobacteria;Other;Other;Other;Other	0	0	0	0	0	0	0	2.34036743769e-05	7.80122479229e-06	7.80122479229e-06	0.0	0	7.80122479229e-06	5.4608573546e-05	5.4608573546e-05	4.68073487538e-05	3.90061239615e-05	0	1.56024495846e-05	7.80122479229e-06	7.80122479229e-06	0.0	0.0	0.0	4.68073487538e-05	5.4608573546e-05	4.68073487538e-05	0.0001014159223	0	0	0	
Even3;k__Bacteria;p__OctSpA1-106;c__;o__;f__;g__	0	0	0	0	0	0	5.4608573546e-05	0	0	0	0	0	0	0	0	0	0	5.4608573546e-05	0	0	0	0	0	0	0	0	0	0	0	0	0	
Even3;k__Bacteria;p__Bacteroidetes;c__Flavobacteriia;o__Flavobacteriales;f__Cryomorphaceae;g__	7.80122479229e-06	7.80122479229e-06	7.80122479229e-06	7.80122479229e-06	7.80122479229e-06	7.80122479229e-06	7.80122479229e-06	7.80122479229e-06	7.80122479229e-06	7.80122479229e-06	7.80122479229e-06	7.80122479229e-06	7.80122479229e-06	7.80122479229e-06	0	0	0	7.80122479229e-06	7.80122479229e-06	7.80122479229e-06	7.80122479229e-06	7.80122479229e-06	7.80122479229e-06	7.80122479229e-06	0	0	0	0	7.80122479229e-06	7.80122479229e-06	0	
Even3;k__Bacteria;p__Actinobacteria;c__Thermoleophilia;o__Solirubrobacterales;f__Solirubrobacteraceae;g__Solirubrobacter	0	0	0	0	0	0	1.56024495846e-05	7.80122479229e-06	7.80122479229e-06	7.80122479229e-06	0	0	0	0	0	0	0	1.56024495846e-05	1.56024495846e-05	7.80122479229e-06	7.80122479229e-06	7.80122479229e-06	0	0	0	0	0	0	0	0	0	
Even3;k__Bacteria;p__Firmicutes;c__Clostridia;o__Clostridiales;f__Ruminococcaceae;g__Anaerotruncus	0.00351835238132	0.00351835238132	0.00351835238132	0.00351835238132	0.00351835238132	0.00351055115653	0.00365097320279	0.00365097320279	0.00365097320279	0.00365097320279	0.00365097320279	0.00359636462925	0.00357296095487	0.0034403401334	0.0034403401334	0.0034403401334	0.00338573155985	0.00365097320279	0.00365097320279	0.00365097320279	0.00365097320279	0.00365097320279	0.00359636462925	0.00345594258299	0.0034403401334	0.0034403401334	0.0034403401334	0.00338573155985	0.00353395483091	0.00353395483091	0.0147	
Even3;k__Bacteria;p__Proteobacteria;c__Betaproteobacteria;o__Burkholderiales;f__Comamonadaceae;g__Comamonas	7.80122479229e-06	7.80122479229e-06	7.80122479229e-06	7.80122479229e-06	7.80122479229e-06	7.80122479229e-06	3.90061239615e-05	0	0	0	0	0	0	0	0	0	0	3.90061239615e-05	0	0	0	0	0	0	0	0	0	0	0	0	0	
Even3;k__Bacteria;p__Proteobacteria;c__Betaproteobacteria;o__A21b;f__UD5;g__	0	0	0	0	0	0	0.0	0	0	0	0	0	0	0	0	0	0	0.0	0	0	0	0	0	0	0	0	0	0	0	0	0	
Even3;k__Bacteria;p__LCP-89;c__;o__;f__;g__	0	0	0	0	0	0	0.0	0.0	0.0	0.0	0	0	0	0	0	0	0	0.0	0.0	0.0	0	0	0	0	0	0	0	0	0	0	0	
Even3;k__Bacteria;p__Actinobacteria;c__Thermoleophilia;o__Gaiellales;f__Gaiellaceae;g__	1.56024495846e-05	1.56024495846e-05	1.56024495846e-05	1.56024495846e-05	1.56024495846e-05	1.56024495846e-05	1.56024495846e-05	1.56024495846e-05	1.56024495846e-05	1.56024495846e-05	1.56024495846e-05	1.56024495846e-05	1.56024495846e-05	1.56024495846e-05	1.56024495846e-05	0	0	1.56024495846e-05	1.56024495846e-05	1.56024495846e-05	1.56024495846e-05	1.56024495846e-05	1.56024495846e-05	1.56024495846e-05	1.56024495846e-05	1.56024495846e-05	0	0	2.34036743769e-05	2.34036743769e-05	0	
Even3;k__Bacteria;p__Bacteroidetes;c__Cytophagia;o__Cytophagales;f__Cytophagaceae;Other	0	0	0	0	0	0	0	0	7.80122479229e-06	0	0	0	0.0	0	0.0	0	0	0	7.80122479229e-06	7.80122479229e-06	0	0	0	0.0	0.0	0	0	0	0	0	0	
Even3;k__Bacteria;p__Bacteroidetes;c__Bacteroidia;o__Bacteroidales;Other;Other	0	0	0	0	0	0	0	0.00054608573546	0.000741116355268	0.00116238249405	0.00131060576511	0.00117798494364	0.0021219331435	0.0028318445996	0.00322970706401	0.00393181729532	0.0510200101416	0	0.00047587471233	0.000795724928814	0.00122479229239	0.0011155751453	0.00125599719156	0.0021297343683	0.00219214416663	0.00347934625736	0.00338573155985	0.0607481374576	0.00974372976557	0.00977493466474	0	
Even3;k__Bacteria;p__Proteobacteria;c__Deltaproteobacteria;o__Myxococcales;f__;g__	7.80122479229e-06	7.80122479229e-06	7.80122479229e-06	7.80122479229e-06	7.80122479229e-06	7.80122479229e-06	0.0	0.0	0.0	0.0	0.0	0.0	0.0	0.0	0.0	0	0	0.0	0.0	0.0	0.0	0.0	0.0	0.0	0.0	0	0	0	7.80122479229e-06	7.80122479229e-06	0	
Even3;k__Bacteria;p__Proteobacteria;c__Alphaproteobacteria;o__Rhodobacterales;f__Rhodobacteraceae;Other	0	0	0	0	0	0	0	0	0	0	0.0	0.0	0.0	0.0	0	0	0	0	0	0	0	0.0	0.0	0.0	0.0	0.0	0	0	0.0	0.0	0	
Even3;k__Bacteria;p__Proteobacteria;c__Betaproteobacteria;o__Neisseriales;f__Neisseriaceae;g__Microvirgula	0	0	0	0	0	0	7.80122479229e-05	7.80122479229e-06	0	0	0	0	0	0	0	0	0	7.80122479229e-05	3.90061239615e-05	0	0	0	0	0	0	0	0	0	0	0	0	
Even3;k__Bacteria;p__Proteobacteria;c__Gammaproteobacteria;o__Xanthomonadales;f__Sinobacteraceae;g__Steroidobacter	1.56024495846e-05	1.56024495846e-05	1.56024495846e-05	1.56024495846e-05	1.56024495846e-05	1.56024495846e-05	1.56024495846e-05	1.56024495846e-05	1.56024495846e-05	1.56024495846e-05	1.56024495846e-05	1.56024495846e-05	1.56024495846e-05	1.56024495846e-05	1.56024495846e-05	1.56024495846e-05	0	1.56024495846e-05	1.56024495846e-05	1.56024495846e-05	1.56024495846e-05	1.56024495846e-05	1.56024495846e-05	1.56024495846e-05	1.56024495846e-05	1.56024495846e-05	1.56024495846e-05	0	1.56024495846e-05	1.56024495846e-05	0	
Even3;k__Bacteria;p__Proteobacteria;c__Alphaproteobacteria;o__Rhodospirillales;Other;Other	0	0	0	0	0	0	0	1.56024495846e-05	0	0	0	0.0	0.0	0	0	0	0	0	0	0	0	0	0	0.0	0.0	0	0	0	0	0	0	
Even3;k__Bacteria;p__Firmicutes;c__Erysipelotrichi;o__Erysipelotrichales;f__Erysipelotrichaceae;Other	0	0	0	0	0	0	0	0.000881538401529	0.00108437024613	0.00170066700472	0.00173187190389	0.00197370987245	0.00210633069392	0.00160705230721	0.0213129461325	0.0205328236533	0.0384366345516	0	0.000553886960253	0.001014159223	0.00133400943948	0.00210633069392	0.0018254866014	0.00158364863284	0.00148223271054	0.0013184069899	0.0213987596053	0.0525724538753	7.80122479229e-06	7.80122479229e-06	0	
Even3;k__Bacteria;p__Proteobacteria;c__Gammaproteobacteria;o__Alteromonadales;f__Moritellaceae;Other	0	0	0	0	0	0	0	7.80122479229e-06	0	0	0	0	0	0	0	0	0	0	0	0	0	0	0	0	0	0	0	0	0	0	0	
Even3;k__Bacteria;p__Planctomycetes;c__Phycisphaerae;o__WD2101;f__;g__	4.68073487538e-05	4.68073487538e-05	4.68073487538e-05	4.68073487538e-05	4.68073487538e-05	3.12048991692e-05	4.68073487538e-05	4.68073487538e-05	4.68073487538e-05	4.68073487538e-05	4.68073487538e-05	4.68073487538e-05	4.68073487538e-05	3.12048991692e-05	3.12048991692e-05	2.34036743769e-05	2.34036743769e-05	4.68073487538e-05	4.68073487538e-05	4.68073487538e-05	4.68073487538e-05	4.68073487538e-05	4.68073487538e-05	4.68073487538e-05	4.68073487538e-05	3.12048991692e-05	2.34036743769e-05	2.34036743769e-05	4.68073487538e-05	4.68073487538e-05	0	
Even3;k__Bacteria;p__Firmicutes;c__Clostridia;o__Clostridiales;f__Ruminococcaceae;g__Anaerofilum	0	0	0	0	0	0	6.24097983383e-05	0	0	0	0	0	0	0	0	0	0	6.24097983383e-05	0	0	0	0	0	0	0	0	0	0	0	0	0	
Even3;k__Bacteria;p__Firmicutes;c__Clostridia;o__Clostridiales;f__Peptococcaceae;g__	0	0	0	0	0	0	0	0	0	0	0	0	0	0	0	0	0	0	0	0	0	0	0	0	0	0	0	0	0	0	0.0147	
Even3;k__Bacteria;p__Proteobacteria;c__Betaproteobacteria;o__Burkholderiales;f__Comamonadaceae;g__Rhodoferax	0	0	0	0	0	0	0.0	0.0	0.0	0.0	0.0	0	0	0	0	0	0	0.0	0.0	0.0	0.0	0.0	0	0	0	0	0	0	0	0	0	
Even3;k__Bacteria;p__Proteobacteria;c__Gammaproteobacteria;o__Enterobacteriales;f__Enterobacteriaceae;g__Gluconacetobacter	0	0	0	0	0	0	7.80122479229e-06	0	0	0	0	0	0	0	0	0	0	7.80122479229e-06	7.80122479229e-06	0	0	0	0	0	0	0	0	0	0	0	0	
Even3;k__Bacteria;p__Cyanobacteria;c__Chloroplast;o__Haptophyceae;f__;g__	1.56024495846e-05	1.56024495846e-05	1.56024495846e-05	1.56024495846e-05	1.56024495846e-05	1.56024495846e-05	1.56024495846e-05	1.56024495846e-05	1.56024495846e-05	1.56024495846e-05	1.56024495846e-05	1.56024495846e-05	1.56024495846e-05	1.56024495846e-05	1.56024495846e-05	1.56024495846e-05	1.56024495846e-05	1.56024495846e-05	1.56024495846e-05	1.56024495846e-05	1.56024495846e-05	1.56024495846e-05	1.56024495846e-05	1.56024495846e-05	1.56024495846e-05	1.56024495846e-05	1.56024495846e-05	1.56024495846e-05	1.56024495846e-05	1.56024495846e-05	0	
Even3;k__Bacteria;p__Proteobacteria;c__Alphaproteobacteria;o__Rhizobiales;f__Bradyrhizobiaceae;Other	0	0	0	0	0	0	0	0	0	0	0	1.56024495846e-05	0	0	0	0	0	0	0	0	0	0	0	0	0	0	0	0	0.0	0.0	0	
Even3;k__Bacteria;p__Acidobacteria;c__Solibacteres;Other;Other;Other	0	0	0	0	0	0	0	0	0.0	0.0	0	0	0	0	0	0	0	0	0	0.0	0	0	0	0	0	0	0.0	0	0	0	0	
Even3;k__Bacteria;p__Actinobacteria;c__Actinobacteria;o__Actinomycetales;f__Micrococcaceae;Other	0	0	0	0	0	0	0	7.80122479229e-06	0	0	0	7.80122479229e-06	0	0	0	0	0	0	0	0	0	0	0	0	0	0	0	0	0	0	0	
Even3;k__Bacteria;p__Planctomycetes;c__Planctomycetia;o__Gemmatales;Other;Other	0	0	0	0	0	0	0	0	0	0	0	0	0	0	0	0	0	0	0	0	0	0	0	0	0	1.56024495846e-05	0	0	0	0	0	
Even3;k__Bacteria;p__Proteobacteria;c__Alphaproteobacteria;o__Sphingomonadales;f__Sphingomonadaceae;g__	0.000109217147092	0.000109217147092	0.000109217147092	0.000109217147092	0.000109217147092	0.000109217147092	4.68073487538e-05	4.68073487538e-05	1.56024495846e-05	1.56024495846e-05	0	0	0	0	0	0	0	4.68073487538e-05	4.68073487538e-05	1.56024495846e-05	1.56024495846e-05	0	0	0	0	0	0	0	7.02110231306e-05	9.36146975075e-05	0	
Even3;k__Bacteria;p__Bacteroidetes;c__Bacteroidia;o__Bacteroidales;f__Bacteroidaceae;g__5-7N15	0.000163825720638	0.000163825720638	0.000163825720638	0.000163825720638	0.000163825720638	0.0001014159223	3.12048991692e-05	3.12048991692e-05	3.12048991692e-05	3.12048991692e-05	3.12048991692e-05	3.12048991692e-05	3.12048991692e-05	0	0	0	0	3.12048991692e-05	3.12048991692e-05	3.12048991692e-05	3.12048991692e-05	3.12048991692e-05	3.12048991692e-05	3.12048991692e-05	0	0	0	0	7.80122479229e-05	7.80122479229e-05	0	
Even3;k__Bacteria;p__Proteobacteria;c__Gammaproteobacteria;o__Oceanospirillales;Other;Other	0	0	0	0	0	0	0	3.12048991692e-05	3.12048991692e-05	0.0	0	0	0	0	0	0	0	0	3.12048991692e-05	3.12048991692e-05	7.80122479229e-06	0	0	0	0	0	0	0	0.0	0.0	0	
Even3;k__Bacteria;p__Acidobacteria;c__[Chloracidobacteria];o__RB41;f__;g__	6.24097983383e-05	6.24097983383e-05	6.24097983383e-05	6.24097983383e-05	6.24097983383e-05	4.68073487538e-05	4.68073487538e-05	4.68073487538e-05	4.68073487538e-05	4.68073487538e-05	4.68073487538e-05	4.68073487538e-05	7.80122479229e-06	7.80122479229e-06	7.80122479229e-06	0	0	4.68073487538e-05	4.68073487538e-05	4.68073487538e-05	4.68073487538e-05	4.68073487538e-05	4.68073487538e-05	4.68073487538e-05	7.80122479229e-06	0	0	0	7.80122479229e-05	7.02110231306e-05	0	
Even3;k__Bacteria;p__Fusobacteria;c__Fusobacteriia;o__Fusobacteriales;f__Fusobacteriaceae;g__	0	0	0	0	0	0	7.80122479229e-06	7.80122479229e-06	7.80122479229e-06	7.80122479229e-06	7.80122479229e-06	0	0	0	0	0	0	7.80122479229e-06	7.80122479229e-06	7.80122479229e-06	7.80122479229e-06	7.80122479229e-06	7.80122479229e-06	0	0	0	0	0	0	0	0	
Even3;k__Bacteria;p__Firmicutes;c__Clostridia;o__Thermoanaerobacterales;f__Caldicellulosiruptoraceae;g__Caldicellulosiruptor	0	0	0	0	0	0	0.000210633069392	5.4608573546e-05	0	0	0	0	0	0	0	0	0	0.000210633069392	2.34036743769e-05	0	0	0	0	0	0	0	0	0	0	0	0	
Even3;k__Bacteria;Other;Other;Other;Other;Other	0	0	0	0	0	0	0	0.00107656902134	0.00184889027577	0.00337012911027	0.00603034676444	0.00913523423177	0.0126301829387	0.0186371260288	0.0305808011858	0.0580879198034	0.142083707142	0	0.00057729063463	0.00205952334517	0.00363537075321	0.0059757381909	0.00946288567305	0.0139641923782	0.0188867652221	0.0424854702188	0.0545617661973	0.155392596638	3.12048991692e-05	3.12048991692e-05	0	
Even3;k__Bacteria;p__Actinobacteria;c__Actinobacteria;o__Bifidobacteriales;f__Bifidobacteriaceae;g__	3.90061239615e-05	3.90061239615e-05	3.90061239615e-05	3.90061239615e-05	3.90061239615e-05	3.90061239615e-05	2.34036743769e-05	2.34036743769e-05	1.56024495846e-05	1.56024495846e-05	1.56024495846e-05	0	0	0	0	0	0	2.34036743769e-05	2.34036743769e-05	1.56024495846e-05	7.80122479229e-06	0	0	0	0	0	0	0	0	7.80122479229e-06	0	
Even3;k__Bacteria;p__Proteobacteria;c__Gammaproteobacteria;o__Enterobacteriales;f__Enterobacteriaceae;g__Providencia	0.0222568943324	0.0222568943324	0.0222568943324	0.0222568943324	0.0222568943324	0.0222490931076	0.110878807973	0.110636970004	0.110449740609	0.110075281819	0.108398018489	0.107695908258	0.10667394781	0.10647891719	0.106049849826	0.0768576666537	0	0.110878807973	0.11061356633	0.110465343059	0.109950462223	0.108398018489	0.107649100909	0.106759761283	0.106432109841	0.0776065842337	0.0767796544057	0	0.0380153684128	0.0373054569567	0.0588	
Even3;k__Bacteria;p__Bacteroidetes;c__[Saprospirae];o__[Saprospirales];Other;Other	0	0	0	0	0	0	0	0	1.56024495846e-05	1.56024495846e-05	1.56024495846e-05	0	0	0.0	0.0	7.80122479229e-06	0	0	0	0	0	0	7.80122479229e-06	7.80122479229e-06	7.80122479229e-06	0.0	0.0	7.80122479229e-06	0	0	0	
Even3;k__Bacteria;p__Proteobacteria;c__Alphaproteobacteria;o__Sphingomonadales;Other;Other	0	0	0	0	0	0	0	4.68073487538e-05	1.56024495846e-05	0	0	0	0	0	7.80122479229e-06	3.90061239615e-05	0	0	1.56024495846e-05	0	0	0	0	0	0	5.4608573546e-05	3.90061239615e-05	0	0	0	0	
Even3;k__Bacteria;p__Firmicutes;c__Bacilli;o__Lactobacillales;f__Streptococcaceae;g__Streptococcus	0.0372352459336	0.0372352459336	0.0372352459336	0.0372352459336	0.0372352459336	0.0369075944923	0.0382806100558	0.0382806100558	0.0382103990326	0.0380621757616	0.037859343917	0.0373210594063	0.0370558177634	0.0369231969419	0.0364005148808	0.0361586769123	0.000312048991692	0.0382806100558	0.0382806100558	0.0381089831103	0.0380309708624	0.0378359402426	0.0376799157468	0.0372664508328	0.0367125638725	0.0363147014081	0.0359402426181	0.000280844092523	0.0371884385849	0.0371572336857	0.0147	
Even3;k__Bacteria;p__Actinobacteria;c__Actinobacteria;o__Actinomycetales;f__Streptomycetaceae;g__Streptomyces	0	0	0	0	0	0	0.000140422046261	0.000132620821469	0	0	0	0	0	0	0	0	0	0.000140422046261	0.000132620821469	0	0	0	0	0	0	0	0	0	0	0	0	
Even3;k__Bacteria;p__Actinobacteria;c__Actinobacteria;Other;Other;Other	0	0	0	0	0	0	0	3.12048991692e-05	0.000132620821469	0.000132620821469	0.000156024495846	0.000109217147092	0.000179428170223	0.000452471037953	0.000990755548621	0.000904942075906	0.00937707220034	0	1.56024495846e-05	6.24097983383e-05	0.000140422046261	0.000132620821469	4.68073487538e-05	0.000218434294184	0.000491477161914	0.00116238249405	0.0011155751453	0.00918204158053	0	0	0	
Even3;k__Archaea;p__Crenarchaeota;c__Thaumarchaeota;o__Nitrososphaerales;f__Nitrososphaeraceae;Other	0	0	0	0	0	0	2.34036743769e-05	2.34036743769e-05	2.34036743769e-05	2.34036743769e-05	2.34036743769e-05	2.34036743769e-05	2.34036743769e-05	2.34036743769e-05	2.34036743769e-05	0	0	0	0	0	0	0	0	0	0	0	0	0	0	0	0	
Even3;k__Bacteria;p__Firmicutes;c__Clostridia;o__Clostridiales;f__Veillonellaceae;g__Mitsuokella	0.00574950267192	0.00574950267192	0.00574950267192	0.00574950267192	0.00574950267192	0.0056636891992	0.00599914186527	0.00589772594297	0.00585871981901	0.00583531614463	0.00580411124547	0.00563248430004	0.00560908062566	0.000132620821469	0	0	0	0.00599914186527	0.00594453329173	0.00585871981901	0.00581971369505	0.00579631002067	0.00565588797441	0.00561688185045	0.00553886960253	0.0	0	0	0.0057651051215	0.00574950267192	0.0147	
Even3;k__Bacteria;p__Bacteroidetes;c__Bacteroidia;o__Bacteroidales;f__Bacteroidaceae;g__Bacteroides	0.190685337598	0.190685337598	0.190685337598	0.190685337598	0.190677536373	0.189764793073	0.191130007411	0.190747747396	0.190529313102	0.189835004096	0.189374731833	0.18893006202	0.187541444007	0.186137223544	0.184498966338	0.154994734173	0.0608885595038	0.191130007411	0.190817958419	0.190521511877	0.189936420018	0.189522955104	0.188594609354	0.187533642782	0.186012403947	0.184693996958	0.155915278699	0.0758747123298	0.191223622109	0.191247025783	0.1617	
Even3;k__Bacteria;p__Proteobacteria;c__Betaproteobacteria;o__Neisseriales;f__Neisseriaceae;Other	0	0	0	0	0	0	0	1.56024495846e-05	0	0	0	7.80122479229e-06	0	7.02110231306e-05	6.24097983383e-05	6.24097983383e-05	0	0	1.56024495846e-05	0	0	0	0	7.80122479229e-06	7.02110231306e-05	6.24097983383e-05	6.24097983383e-05	0	0	0	0	
Even3;k__Bacteria;p__Proteobacteria;c__Gammaproteobacteria;o__Alteromonadales;f__Alteromonadaceae;g__Glaciecola	7.80122479229e-06	7.80122479229e-06	7.80122479229e-06	7.80122479229e-06	7.80122479229e-06	7.80122479229e-06	0	0	0	0	0	0	0	0	0	0	0	0	0	0	0	0	0	0	0	0	0	0	7.80122479229e-06	7.80122479229e-06	0	
Even3;k__Bacteria;p__Chloroflexi;c__Anaerolineae;Other;Other;Other	0	0	0	0	0	0	0	0	0	0.0	0.0	0.0	0	0.0	0.0	0.0	0	0	0	0	0.0	0.0	0.0	0	0.0	0.0	0.0	0	0	0	0	
Even3;k__Bacteria;p__Acidobacteria;c__;o__;f__;g__	0	0	0	0	0	0	0	0	0	0	0	0	0	0	0	0	0	0	0	0	0	0	0	0	0	0	0	0	0	7.80122479229e-06	0	
Even3;k__Bacteria;p__Proteobacteria;c__Alphaproteobacteria;o__Rickettsiales;f__Pelagibacteraceae;g__	3.90061239615e-05	3.90061239615e-05	3.90061239615e-05	3.90061239615e-05	3.90061239615e-05	3.90061239615e-05	3.90061239615e-05	3.90061239615e-05	3.90061239615e-05	3.90061239615e-05	3.90061239615e-05	3.90061239615e-05	3.90061239615e-05	3.90061239615e-05	3.90061239615e-05	3.90061239615e-05	2.34036743769e-05	3.90061239615e-05	3.90061239615e-05	3.90061239615e-05	3.90061239615e-05	3.90061239615e-05	3.90061239615e-05	3.90061239615e-05	3.90061239615e-05	3.90061239615e-05	3.90061239615e-05	2.34036743769e-05	3.90061239615e-05	3.90061239615e-05	0	
Even3;k__Bacteria;p__Actinobacteria;c__Acidimicrobiia;o__Acidimicrobiales;f__;g__	0	0	0	0	0	0	0	0	0	0	0	0	0	0	0	0	0	0	0	0	0	0	0	0	0	0	0	0	0	7.80122479229e-06	0	
Even3;k__Bacteria;p__Gemmatimonadetes;Other;Other;Other;Other	0	0	0	0	0	0	0	0	0	0	0.0	0	0.0	0	0	0	0	0	0	0	0	0	0.0	0.0	0	0	0	0	0	0	0	
Even3;k__Bacteria;p__Proteobacteria;c__Gammaproteobacteria;o__Enterobacteriales;f__Enterobacteriaceae;g__Erwinia	0.00602254553965	0.00602254553965	0.00602254553965	0.00602254553965	0.00602254553965	0.00599914186527	0.0151577797714	0.0150953699731	0.0148457307797	0.0147755197566	0.00616296758591	0.000507079611499	0.000195030619807	7.80122479229e-06	0	0	0	0.015134376097	0.0150875687483	0.0148535320045	0.00634239575613	0.00539064633147	0.000444669813161	1.56024495846e-05	0	0	0	0	0.000319850216484	0.00017162694543	0	
Even3;k__Bacteria;p__Bacteroidetes;c__Bacteroidia;o__Bacteroidales;f__Rikenellaceae;Other	0	0	0	0	0	0	0	0	1.56024495846e-05	1.56024495846e-05	7.80122479229e-06	7.80122479229e-06	3.90061239615e-05	7.80122479229e-05	2.34036743769e-05	0.000631899208176	0	0	0.0	1.56024495846e-05	1.56024495846e-05	1.56024495846e-05	1.56024495846e-05	7.80122479229e-06	0.0001014159223	3.12048991692e-05	3.12048991692e-05	0	0	0	0	
Even3;k__Bacteria;p__Proteobacteria;c__Gammaproteobacteria;o__Pasteurellales;f__Pasteurellaceae;Other	0	0	0	0	0	0	0	0	0	0	0	7.80122479229e-06	7.80122479229e-06	3.12048991692e-05	3.90061239615e-05	7.02110231306e-05	7.02110231306e-05	0	7.80122479229e-06	0	0	7.80122479229e-06	7.80122479229e-06	7.80122479229e-06	3.90061239615e-05	3.90061239615e-05	7.02110231306e-05	7.02110231306e-05	0	0	0	
Even3;k__Bacteria;p__Proteobacteria;c__Betaproteobacteria;o__Burkholderiales;Other;Other	0	0	0	0	0	0	0	0	3.12048991692e-05	1.56024495846e-05	0.0	0.0	0.0	3.12048991692e-05	3.12048991692e-05	3.90061239615e-05	0	0	0.0	1.56024495846e-05	1.56024495846e-05	0.0	0.0	2.34036743769e-05	2.34036743769e-05	3.12048991692e-05	1.56024495846e-05	0	0	0	0	
Even3;k__Bacteria;p__Bacteroidetes;c__Flavobacteriia;o__Flavobacteriales;f__Flavobacteriaceae;g__Winogradskyella	0	0	0	0	0	0	0.0	0.0	0.0	0.0	0.0	0	0	0	0	0	0	0.0	0.0	0.0	0.0	0	0	0	0	0	0	0	0	0	0	
Even3;k__Bacteria;p__[Thermi];c__Deinococci;o__Thermales;f__Thermaceae;g__	0	0	0	0	0	0	0	0	0	0	0	0	0	0	0	0	0	0	0	0	0	0	0	0	0	0	0	0	0	0.0	0	
Even3;k__Bacteria;p__Firmicutes;c__Clostridia;o__Clostridiales;f__Eubacteriaceae;g__Eubacterium	0	0	0	0	0	0	0	0	0	0	0	0	0	0	0	0	0	0	0	0	0	0	0	0	0	0	0	0	0	0	0.0294	
Even3;k__Bacteria;p__Bacteroidetes;c__Flavobacteriia;o__Flavobacteriales;f__Flavobacteriaceae;g__Olleya	0	0	0	0	0	0	7.80122479229e-06	7.80122479229e-06	0	0	0	0	0	0	0	0	0	7.80122479229e-06	7.80122479229e-06	0	0	0	0	0	0	0	0	0	0	0	0	
Even3;k__Bacteria;p__Proteobacteria;c__Epsilonproteobacteria;o__Nautiliales;f__;g__	0	0	0	0	0	0	7.80122479229e-06	0	0	0	0	0	0	0	0	0	0	7.80122479229e-06	0	0	0	0	0	0	0	0	0	0	0	0	0	
Even3;k__Bacteria;p__Acidobacteria;c__Solibacteres;o__Solibacterales;f__[Bryobacteraceae];g__Bryobacter	0	0	0	0	0	0	0.0	0	0	0	0	0	0	0	0	0	0	0.0	0	0	0	0	0	0	0	0	0	0	0	0	0	
Even3;k__Bacteria;p__Proteobacteria;c__Gammaproteobacteria;o__Chromatiales;Other;Other	0	0	0	0	0	0	0	0	8.58134727152e-05	0	0	0	0	0	0	0	0	0	1.56024495846e-05	3.90061239615e-05	0	0	0	0	0	0	0	0	0	0	0	
Even3;k__Bacteria;p__Firmicutes;c__Clostridia;o__Clostridiales;f__Lachnospiraceae;g__Moryella	0	0	0	0	0	0	0.00110777392051	7.02110231306e-05	1.56024495846e-05	1.56024495846e-05	0	0	0	0	0	0	0	0.00109997269571	3.12048991692e-05	1.56024495846e-05	1.56024495846e-05	0.0	0	0	0	0	0	0	0	0	0	
Even3;k__Bacteria;p__Bacteroidetes;c__Bacteroidia;o__Bacteroidales;f__Bacteroidaceae;Other	0	0	0	0	0	0	0	1.56024495846e-05	7.80122479229e-06	0.000109217147092	0.00017162694543	0.000179428170223	0.000319850216484	0.00057729063463	0.000858134727152	0.0286226937629	0.0620977493466	0	1.56024495846e-05	7.80122479229e-06	7.80122479229e-05	0.000187229395015	0.000499278386707	0.000327651441276	0.000631899208176	0.000600694309007	0.0275461247416	0.0471193977454	5.4608573546e-05	2.34036743769e-05	0	
Even3;k__Archaea;p__Euryarchaeota;c__Halobacteria;o__Halobacteriales;f__Halobacteriaceae;g__Halococcus	0	0	0	0	0	0	7.80122479229e-06	0	0	0	0	0	0	0	0	0	0	7.80122479229e-06	0	0	0	0	0	0	0	0	0	0	0	0	0	
Even3;k__Archaea;p__Euryarchaeota;c__Thermoplasmata;o__E2;Other;Other	0	0	0	0	0	0	0	0	0	0	0	0	0	0	0	0	0	0	0	0	0	0	0	0	0	0	0	0.0	0	0	0	
Even3;k__Bacteria;p__Chloroflexi;c__TK17;o__TK18;f__;g__	0	0	0	0	0	0	7.80122479229e-06	7.80122479229e-06	0	0	0	0	0	0	0	0	0	7.80122479229e-06	0	0	0	0	0	0	0	0	0	0	0	0	0	
Even3;k__Archaea;p__Crenarchaeota;c__Thermoprotei;o__Thermoproteales;f__Thermoproteaceae;g__Vulcanisaeta	0	0	0	0	0	0	0.000109217147092	8.58134727152e-05	0	0	0	0	0	0	0	0	0	0.0001014159223	3.90061239615e-05	0	0	0	0	0	0	0	0	0	0	0	0	
Even3;k__Bacteria;p__Proteobacteria;c__Gammaproteobacteria;o__Chromatiales;f__Chromatiaceae;Other	0	0	0	0	0	0	0	0	0	0	0	0	0	0	0	0	0	0	7.80122479229e-06	0	0	0	0	0	0	0	0	0	0	0	0	
Even3;k__Bacteria;p__Proteobacteria;c__Gammaproteobacteria;o__Thiotrichales;f__Thiotrichaceae;g__Thiothrix	7.80122479229e-06	7.80122479229e-06	7.80122479229e-06	7.80122479229e-06	7.80122479229e-06	7.80122479229e-06	7.80122479229e-06	0.0	0	0	0	0	0	0	0	0	0	7.80122479229e-06	0.0	0	0	0	0	0	0	0	0	0	7.80122479229e-06	7.80122479229e-06	0	
Even3;k__Bacteria;p__Proteobacteria;c__Alphaproteobacteria;o__Rickettsiales;Other;Other	0	0	0	0	0	0	0	0	0	0	0	0	0	0	0	0	0	0	0	0	0	0.0	0	0	0	0	0	0	0	0	0	
Even3;k__Bacteria;p__Tenericutes;c__Mollicutes;o__Mycoplasmatales;f__Mycoplasmataceae;g__Mycoplasma	0	0	0	0	0	0	7.80122479229e-06	0	0	0	0	0	0	0	0	0	0	7.80122479229e-06	7.80122479229e-06	0	0	0	0	0	0	0	0	0	0	0	0	
Even3;k__Bacteria;p__Acidobacteria;c__Solibacteres;o__Solibacterales;f__MVS-65;g__	0	0	0	0	0	0	0.0	0.0	0.0	0.0	0.0	0.0	0	0	0	0	0	0.0	0.0	0.0	0.0	0	0	0	0	0	0	0	0	0	0	
Even3;k__Bacteria;p__Proteobacteria;c__Alphaproteobacteria;o__Sphingomonadales;f__Sphingomonadaceae;g__Kaistobacter	4.68073487538e-05	4.68073487538e-05	4.68073487538e-05	4.68073487538e-05	4.68073487538e-05	3.12048991692e-05	0.0	0.0	0.0	0.0	0.0	0	0	0	0	0	0	0.0	0.0	0.0	0.0	0	0	0	0	0	0	0	5.4608573546e-05	3.90061239615e-05	0	
Even3;k__Bacteria;p__Bacteroidetes;c__Flavobacteriia;o__Flavobacteriales;f__Flavobacteriaceae;g__	3.12048991692e-05	3.12048991692e-05	3.12048991692e-05	3.12048991692e-05	3.12048991692e-05	3.12048991692e-05	3.12048991692e-05	3.12048991692e-05	3.12048991692e-05	3.12048991692e-05	0.0	0.0	0	0	0	0	0	3.12048991692e-05	3.12048991692e-05	3.12048991692e-05	2.34036743769e-05	0.0	0.0	0	0	0	0	0	3.12048991692e-05	3.12048991692e-05	0	
Even3;k__Bacteria;p__Firmicutes;c__Clostridia;o__Clostridiales;f__Peptococcaceae;Other	0	0	0	0	0	0	0	0	0	0.0	7.80122479229e-06	7.80122479229e-06	0	0	0	0.0	0	0	0	7.80122479229e-06	7.80122479229e-06	1.56024495846e-05	0.0	0	0	0	0.0	0	0	0	0	
Even3;k__Bacteria;p__Planctomycetes;c__Planctomycetia;o__Gemmatales;f__Gemmataceae;g__	0.0	0.0	0.0	0.0	0.0	0.0	0.0	0.0	0.0	0.0	0.0	0.0	0.0	0.0	0.0	0.0	0	0.0	0.0	0.0	0.0	0.0	0.0	0.0	0.0	0.0	0.0	0	0.0	0.0	0	
Even3;k__Bacteria;p__Proteobacteria;c__Alphaproteobacteria;o__Rhizobiales;f__Methylobacteriaceae;Other	0	0	0	0	0	0	0	0	0	0	0	0	0	0	0	0	0	0	0	1.56024495846e-05	0	0	0	0	0	0	0	0	0	0	0	
Even3;k__Bacteria;p__Proteobacteria;c__Gammaproteobacteria;o__Oceanospirillales;f__Halomonadaceae;g__Kushneria	0	0	0	0	0	0	7.80122479229e-06	0	0	0	0	0	0	0	0	0	0	7.80122479229e-06	0	0	0	0	0	0	0	0	0	0	0	0	0	
Even3;k__Bacteria;p__Proteobacteria;c__Betaproteobacteria;o__Burkholderiales;f__Burkholderiaceae;g__Pandoraea	0	0	0	0	0	0	1.56024495846e-05	1.56024495846e-05	0	0	0	0	0	0	0	0	0	1.56024495846e-05	1.56024495846e-05	0	0	0	0	0	0	0	0	0	0	0	0	
Even3;k__Bacteria;p__Firmicutes;c__Erysipelotrichi;o__Erysipelotrichales;f__Erysipelotrichaceae;g__Erysipelothrix	0	0	0	0	0	0	0	0	0	0	0	0	0	0	0	0	0	0	0	0	0	0	0	0	0	0	0	0	0	7.80122479229e-06	0	
Even3;k__Bacteria;p__Chloroflexi;c__Anaerolineae;o__S0208;f__;g__	0.0	0.0	0.0	0.0	0.0	0.0	0.0	0.0	0.0	0.0	0.0	0.0	0.0	0.0	0.0	0.0	0	0.0	0.0	0.0	0.0	0.0	0.0	0.0	0.0	0.0	0.0	0	0.0	0.0	0	
Even3;k__Bacteria;p__Acidobacteria;c__Acidobacteriia;o__Acidobacteriales;f__Acidobacteriaceae;g__	0.0	0.0	0.0	0.0	0.0	0.0	0.0	0.0	0.0	0.0	0.0	0.0	0.0	0.0	0.0	0.0	0.0	0.0	0.0	0.0	0.0	0.0	0.0	0.0	0.0	0.0	0.0	0.0	0.0	0.0	0	
Even3;k__Bacteria;p__Proteobacteria;c__Gammaproteobacteria;o__Xanthomonadales;Other;Other	0	0	0	0	0	0	0	3.12048991692e-05	0	0	0	0	0	7.80122479229e-06	0	0	0	0	1.56024495846e-05	0	0.000288645317315	0	0	0	0	0	0	0	0	0	0	
Even3;k__Bacteria;p__Actinobacteria;c__Actinobacteria;o__Bifidobacteriales;f__Bifidobacteriaceae;g__Gardnerella	0	0	0	0	0	0	1.56024495846e-05	1.56024495846e-05	1.56024495846e-05	0	0	0	0	0	0	0	0	1.56024495846e-05	1.56024495846e-05	0	0	0	0	0	0	0	0	0	0	0	0	
Even3;k__Bacteria;p__Proteobacteria;c__Deltaproteobacteria;o__Syntrophobacterales;f__Syntrophaceae;g__	0.0	0.0	0.0	0.0	0.0	0.0	0.0	0.0	0.0	0.0	0.0	0.0	0.0	0	0	0	0	0.0	0.0	0.0	0.0	0.0	0.0	0.0	0	0	0	0	0.0	0.0	0	
Even3;k__Bacteria;p__Proteobacteria;c__Deltaproteobacteria;o__Desulfobacterales;f__Desulfobacteraceae;Other	0	0	0	0	0	0	0	0	0	7.80122479229e-06	7.80122479229e-06	0.0	0.0	0.0	0	0	0	0	0	0	0.0	7.80122479229e-06	0.0	0.0	0.0	0	0	0	0.0	0.0	0	
Even3;k__Bacteria;p__Actinobacteria;c__Coriobacteriia;o__Coriobacteriales;f__Coriobacteriaceae;g__Eggerthella	0	0	0	0	0	0	8.58134727152e-05	0	0	0	0	0	0	0	0	0	0	8.58134727152e-05	0	0	0	0	0	0	0	0	0	0	0	0	0	
Even3;k__Bacteria;p__Proteobacteria;c__Gammaproteobacteria;o__Alteromonadales;f__OM60;g__	7.80122479229e-06	7.80122479229e-06	7.80122479229e-06	7.80122479229e-06	7.80122479229e-06	7.80122479229e-06	7.80122479229e-06	7.80122479229e-06	0	0	0	0	0	0	0	0	0	7.80122479229e-06	7.80122479229e-06	0	0	0	0	0	0	0	0	0	7.80122479229e-06	7.80122479229e-06	0	
Even3;k__Bacteria;p__Cyanobacteria;c__Oscillatoriophycideae;o__Chroococcales;f__Cyanobacteriaceae;g__Crocosphaera	0	0	0	0	0	0	7.80122479229e-06	0	0	0	0	0	0	0	0	0	0	7.80122479229e-06	0	0	0	0	0	0	0	0	0	0	0	0	0	
Even3;k__Bacteria;p__Proteobacteria;c__Gammaproteobacteria;o__Pseudomonadales;f__Moraxellaceae;Other	0	0	0	0	0	0	0	0	0	0	0	0	0	0	0	0	0	0	0	0	0	0	0	0	0	0	0	2.34036743769e-05	0	0	0	
Even3;k__Bacteria;p__Bacteroidetes;c__[Saprospirae];o__[Saprospirales];f__Saprospiraceae;Other	0	0	0	0	0	0	0	0	0	0	0	0	0.0	0	0	0	0	0	0	0	0	0	0	0	0	0	0	0	0	0	0	
Even3;k__Bacteria;p__Firmicutes;c__Clostridia;o__Halanaerobiales;Other;Other	0	0	0	0	0	0	0	0	0	0	0	0	0	0	0	0	0	0	0	0.0	0	0	0	0	0	0	0	0	0	0	0	
Even3;k__Bacteria;p__Bacteroidetes;c__Bacteroidia;o__Bacteroidales;f__Porphyromonadaceae;g__Tannerella	0	0	0	0	0	0	7.80122479229e-06	7.80122479229e-06	0	0	0	0	0	0	0	0	0	7.80122479229e-06	7.80122479229e-06	0	0	0	0	0	0	0	0	0	0	0	0	
Even3;k__Bacteria;p__Proteobacteria;c__Gammaproteobacteria;o__Thiotrichales;f__Thiotrichaceae;g__	0.0	0.0	0.0	0.0	0.0	0.0	0	0	0	0	0	0	0	0	0	0	0	0	0	0	0	0	0	0	0	0	0	0	0.0	1.56024495846e-05	0	
Even3;k__Bacteria;p__Planctomycetes;c__Phycisphaerae;o__MSBL9;f__;g__	1.56024495846e-05	1.56024495846e-05	1.56024495846e-05	1.56024495846e-05	1.56024495846e-05	1.56024495846e-05	1.56024495846e-05	1.56024495846e-05	1.56024495846e-05	1.56024495846e-05	1.56024495846e-05	1.56024495846e-05	1.56024495846e-05	1.56024495846e-05	1.56024495846e-05	1.56024495846e-05	7.80122479229e-06	1.56024495846e-05	1.56024495846e-05	1.56024495846e-05	1.56024495846e-05	1.56024495846e-05	1.56024495846e-05	1.56024495846e-05	1.56024495846e-05	1.56024495846e-05	1.56024495846e-05	7.80122479229e-06	1.56024495846e-05	1.56024495846e-05	0	
Even3;k__Bacteria;p__Planctomycetes;c__Planctomycetia;o__Pirellulales;f__Pirellulaceae;Other	0	0	0	0	0	0	0	0	0	0	0	0	0	0	0	1.56024495846e-05	0	0	0	0	0	0	0	0	0	0	1.56024495846e-05	0	0	0	0	
Even3;k__Bacteria;p__Actinobacteria;c__Actinobacteria;o__Actinomycetales;f__Micrococcaceae;g__Nesterenkonia	7.80122479229e-06	7.80122479229e-06	7.80122479229e-06	7.80122479229e-06	7.80122479229e-06	0	0	0	0	0	0	0	0	0	0	0	0	0	0	0	0	0	0	0	0	0	0	0	0	0	0	
Even3;k__Bacteria;p__Verrucomicrobia;c__Verrucomicrobiae;o__Verrucomicrobiales;f__Verrucomicrobiaceae;Other	0	0	0	0	0	0	0	0	0	0	7.80122479229e-06	1.56024495846e-05	1.56024495846e-05	7.80122479229e-06	7.80122479229e-06	7.80122479229e-06	7.80122479229e-06	0	0	0	0	0	7.80122479229e-06	1.56024495846e-05	7.80122479229e-06	7.80122479229e-06	7.80122479229e-06	0	0	0	0	
Even3;k__Bacteria;p__Proteobacteria;c__Alphaproteobacteria;Other;Other;Other	0	0	0	0	0	0	0	0.000163825720638	9.36146975075e-05	0.000109217147092	3.90061239615e-05	3.90061239615e-05	7.80122479229e-06	0.0	1.56024495846e-05	3.12048991692e-05	0.0001014159223	0	0.000195030619807	0.000109217147092	0.0001014159223	7.02110231306e-05	2.34036743769e-05	0.0	0.0	0.0	5.4608573546e-05	7.02110231306e-05	0	0	0	
Even3;k__Bacteria;p__Bacteroidetes;c__Cytophagia;o__Cytophagales;Other;Other	0	0	0	0	0	0	0	0	0	0	0	0.0	0.0	0.0	0.0	0	0	0	2.34036743769e-05	1.56024495846e-05	0	0.0	0.0	0.0	0.0	0.0	0	0	0	0	0	
Even3;k__Bacteria;p__Proteobacteria;Other;Other;Other;Other	0	0	0	0	0	0	0	0.000148223271054	0.000390061239615	0.000460272262745	0.000522682061084	0.000631899208176	0.001014159223	0.00137301556344	0.00195030619807	0.00315169481609	0.120271482623	0	0.000140422046261	0.00037445879003	0.000429067363576	0.000507079611499	0.000725513905683	0.00106096657175	0.00184889027577	0.00215313804267	0.00283964582439	0.1370987245	0.0	0.0	0	
Even3;k__Bacteria;p__Bacteroidetes;c__[Saprospirae];o__[Saprospirales];f__Chitinophagaceae;g__Sediminibacterium	1.56024495846e-05	1.56024495846e-05	1.56024495846e-05	1.56024495846e-05	1.56024495846e-05	1.56024495846e-05	1.56024495846e-05	1.56024495846e-05	1.56024495846e-05	1.56024495846e-05	1.56024495846e-05	1.56024495846e-05	1.56024495846e-05	1.56024495846e-05	1.56024495846e-05	1.56024495846e-05	0	1.56024495846e-05	1.56024495846e-05	1.56024495846e-05	1.56024495846e-05	1.56024495846e-05	1.56024495846e-05	1.56024495846e-05	1.56024495846e-05	1.56024495846e-05	1.56024495846e-05	0	1.56024495846e-05	3.12048991692e-05	0	
Even3;k__Bacteria;p__Proteobacteria;c__Betaproteobacteria;o__Burkholderiales;f__Comamonadaceae;g__Methylibium	0	0	0	0	0	0	1.56024495846e-05	1.56024495846e-05	1.56024495846e-05	1.56024495846e-05	1.56024495846e-05	1.56024495846e-05	1.56024495846e-05	1.56024495846e-05	1.56024495846e-05	0	0	1.56024495846e-05	1.56024495846e-05	1.56024495846e-05	1.56024495846e-05	1.56024495846e-05	1.56024495846e-05	1.56024495846e-05	1.56024495846e-05	0	0	0	0	0	0	
Even3;k__Bacteria;p__Verrucomicrobia;c__[Pedosphaerae];o__[Pedosphaerales];Other;Other	0	0	0	0	0	0	0	0	0	0	0	0	0	0.0	0.0	7.80122479229e-06	0	0	0	0	0	0	0	0	0.0	0.0	7.80122479229e-06	0.0	0	0	0	
Even3;k__Bacteria;p__Proteobacteria;c__Betaproteobacteria;o__Neisseriales;f__Neisseriaceae;g__	7.02110231306e-05	7.02110231306e-05	7.02110231306e-05	7.02110231306e-05	7.02110231306e-05	6.24097983383e-05	0	0	0	0	0	0	0	0	0	0	0	0	0	0	0	0	0	0	0	0	0	0	7.02110231306e-05	7.02110231306e-05	0	
Even3;k__Bacteria;p__Bacteroidetes;c__Bacteroidia;o__Bacteroidales;f__BS11;g__	4.68073487538e-05	4.68073487538e-05	4.68073487538e-05	4.68073487538e-05	4.68073487538e-05	0	0	0	0	0	0	0	0	0	0	0	0	0	0	0	0	0	0	0	0	0	0	0	0	0	0	
Even3;k__Bacteria;p__Proteobacteria;c__Alphaproteobacteria;o__Sphingomonadales;f__Erythrobacteraceae;g__Lutibacterium	0	0	0	0	0	0	1.56024495846e-05	1.56024495846e-05	1.56024495846e-05	1.56024495846e-05	1.56024495846e-05	1.56024495846e-05	0	0	0	0	0	1.56024495846e-05	1.56024495846e-05	1.56024495846e-05	1.56024495846e-05	1.56024495846e-05	1.56024495846e-05	1.56024495846e-05	0	0	0	0	0	0	0	
Even3;k__Bacteria;p__Bacteroidetes;c__Bacteroidia;o__Bacteroidales;f__Prevotellaceae;g__	0	0	0	0	0	0	7.80122479229e-06	7.80122479229e-06	7.80122479229e-06	7.80122479229e-06	0	0	0	0	0	0	0	7.80122479229e-06	7.80122479229e-06	7.80122479229e-06	7.80122479229e-06	0	0	0	0	0	0	0	0	0	0	
Even3;k__Bacteria;p__Proteobacteria;c__Alphaproteobacteria;o__Sphingomonadales;f__;g__	7.80122479229e-06	7.80122479229e-06	7.80122479229e-06	7.80122479229e-06	7.80122479229e-06	7.80122479229e-06	7.80122479229e-06	7.80122479229e-06	7.80122479229e-06	7.80122479229e-06	7.80122479229e-06	7.80122479229e-06	7.80122479229e-06	7.80122479229e-06	0	0	0	7.80122479229e-06	7.80122479229e-06	7.80122479229e-06	7.80122479229e-06	7.80122479229e-06	7.80122479229e-06	7.80122479229e-06	7.80122479229e-06	0	0	0	7.80122479229e-06	7.80122479229e-06	0	
Even3;k__Bacteria;p__Caldithrix;c__Caldithrixae;o__Caldithrixales;f__;g__	0	0	0	0	0	0	1.56024495846e-05	0	0	0	0	0	0	0	0	0	0	1.56024495846e-05	0	0	0	0	0	0	0	0	0	0	0	0	0	
Even3;k__Bacteria;p__Proteobacteria;c__Gammaproteobacteria;o__Oceanospirillales;f__Halomonadaceae;g__	1.56024495846e-05	1.56024495846e-05	1.56024495846e-05	1.56024495846e-05	1.56024495846e-05	0	0	0	0	0	0	0	0	0	0	0	0	0	0	0	0	0	0	0	0	0	0	0	0	0	0	
Even3;k__Bacteria;p__Actinobacteria;c__Actinobacteria;o__Actinomycetales;f__Micromonosporaceae;g__Pilimelia	0.0	0.0	0.0	0.0	0.0	0.0	1.56024495846e-05	7.80122479229e-06	7.80122479229e-06	7.80122479229e-06	0.0	7.80122479229e-06	0.0	0.0	0.0	0	0	1.56024495846e-05	1.56024495846e-05	7.80122479229e-06	7.80122479229e-06	7.80122479229e-06	7.80122479229e-06	0.0	0.0	0.0	0	0	0.0	0.0	0	
Even3;k__Bacteria;p__Actinobacteria;c__Thermoleophilia;o__Gaiellales;Other;Other	0	0	0	0	0	0	0	0	0	0	0	0.0	0	0	0	0	0	0	0	0	0	0	0.0	0	0	0	0	0	0	0	0	
Even3;k__Bacteria;p__Nitrospirae;c__Nitrospira;o__Nitrospirales;f__[Thermodesulfovibrionaceae];Other	0	0	0	0	0	0	0	0	0.0	0.0	0	0	0.0	0.0	0.0	0.0	0	0	0	0.0	0	0	0	0.0	0.0	0.0	0.0	0	0	0	0	
Even3;k__Bacteria;p__Verrucomicrobia;c__Verrucomicrobiae;o__Verrucomicrobiales;f__Verrucomicrobiaceae;g__	0	0	0	0	0	0	7.80122479229e-06	7.80122479229e-06	7.80122479229e-06	7.80122479229e-06	7.80122479229e-06	0	0	0	0	0	0	7.80122479229e-06	7.80122479229e-06	7.80122479229e-06	7.80122479229e-06	7.80122479229e-06	0	0	0	0	0	0	0	0	0	
Even3;k__Bacteria;p__KSB3;c__;o__;f__;g__	0.0	0.0	0.0	0.0	0	0	0	0	0	0	0	0	0	0	0	0	0	0	0	0	0	0	0	0	0	0	0	0	0	0	0	
Even3;k__Bacteria;p__Firmicutes;c__Clostridia;o__Clostridiales;f__Lachnospiraceae;g__[Ruminococcus]	0.0449272535788	0.0449272535788	0.0449272535788	0.0449272535788	0.0449272535788	0.0445683972384	0.0453875258416	0.0453875258416	0.0453407184928	0.0452315013457	0.0450130670515	0.0447790303078	0.0432265865741	0.0411514607793	0.0409252252604	0.0325701135078	7.80122479229e-06	0.0453875258416	0.0453875258416	0.0453875258416	0.0453251160432	0.0450208682763	0.0438740882319	0.0415961305925	0.0430003510551	0.0409252252604	0.0325701135078	0	0.0442485470219	0.0431485743262	0	
Even3;k__Bacteria;p__Bacteroidetes;c__Cytophagia;o__Cytophagales;f__[Amoebophilaceae];g__Candidatus Cardinium	7.80122479229e-06	7.80122479229e-06	7.80122479229e-06	7.80122479229e-06	7.80122479229e-06	0	0	0	0	0	0	0	0	0	0	0	0	0	0	0	0	0	0	0	0	0	0	0	0	0	0	
Even3;k__Bacteria;p__Verrucomicrobia;c__Verrucomicrobiae;o__Verrucomicrobiales;f__Verrucomicrobiaceae;g__Luteolibacter	1.56024495846e-05	1.56024495846e-05	1.56024495846e-05	1.56024495846e-05	1.56024495846e-05	1.56024495846e-05	7.80122479229e-06	7.80122479229e-06	7.80122479229e-06	7.80122479229e-06	0.0	0.0	0	0	0	0	0	7.80122479229e-06	7.80122479229e-06	7.80122479229e-06	7.80122479229e-06	7.80122479229e-06	7.80122479229e-06	0	0	0	0	0	1.56024495846e-05	1.56024495846e-05	0	
Even3;k__Bacteria;p__Proteobacteria;c__Betaproteobacteria;o__Burkholderiales;f__Oxalobacteraceae;Other	0	0	0	0	0	0	0	0	0	0	0	0	0	0	7.80122479229e-06	0	0	0	0	0	0	0	0	0	7.80122479229e-06	0	0	0	0	0	0	
Even3;k__Bacteria;p__Proteobacteria;c__Gammaproteobacteria;o__Enterobacteriales;f__Enterobacteriaceae;g__Arsenophonus	0	0	0	0	0	0	7.80122479229e-06	0	0	0	0	0	0	0	0	0	0	7.80122479229e-06	0	0	0	0	0	0	0	0	0	0	0	0	0	
Even3;k__Bacteria;p__Bacteroidetes;c__[Saprospirae];o__[Saprospirales];f__Chitinophagaceae;g__Niastella	0	0	0	0	0	0	7.80122479229e-06	7.80122479229e-06	7.80122479229e-06	7.80122479229e-06	0	0	0	0	0	0	0	7.80122479229e-06	7.80122479229e-06	7.80122479229e-06	7.80122479229e-06	0	0	0	0	0	0	0	0	0	0	
Even3;k__Bacteria;p__Proteobacteria;c__Gammaproteobacteria;o__Enterobacteriales;f__Enterobacteriaceae;g__Photorhabdus	0	0	0	0	0	0	0.000405663689199	0.000358856340445	0.000296446542107	0.000249639193353	0	0	0	0	0	0	0	0.000405663689199	0.000366657565238	0.00027304286773	0.000249639193353	0	0	0	0	0	0	0	0	0	0	
Even3;k__Bacteria;p__Proteobacteria;c__Gammaproteobacteria;o__[Marinicellales];f__[Marinicellaceae];g__	4.68073487538e-05	4.68073487538e-05	4.68073487538e-05	4.68073487538e-05	4.68073487538e-05	4.68073487538e-05	0	0	0	0	0	0	0	0	0	0	0	0	0	0	0	0	0	0	0	0	0	0	0	0	0	
Even3;k__Bacteria;p__Proteobacteria;c__Deltaproteobacteria;o__Desulfuromonadales;f__Geobacteraceae;g__Geobacter	0.0	0.0	0.0	0.0	0.0	0.0	0	0	0	0	0	0	0	0	0	0	0	0	0	0	0	0	0	0	0	0	0	0	0	0	0	
Even3;k__Bacteria;p__Spirochaetes;c__Spirochaetes;o__Spirochaetales;f__Spirochaetaceae;g__Treponema	0	0	0	0	0	0	0.0	0	0	0	0	0	0	0	0	0	0	0.0	0	0	0	0	0	0	0	0	0	0	0	0	0	
Even3;k__Bacteria;p__Actinobacteria;c__Acidimicrobiia;o__Acidimicrobiales;f__Acidimicrobiaceae;g__Ferrimicrobium	0	0	0	0	0	0	7.80122479229e-06	0	0	0	0	0	0	0	0	0	0	7.80122479229e-06	0	0	0	0	0	0	0	0	0	0	0	0	0	
Even3;k__Bacteria;p__Proteobacteria;c__Betaproteobacteria;o__Neisseriales;f__Neisseriaceae;g__Aquitalea	0	0	0	0	0	0	0.000124819596677	0.000124819596677	7.02110231306e-05	7.80122479229e-06	7.80122479229e-06	0	7.80122479229e-06	0	0	0	0	0.000124819596677	9.36146975075e-05	7.80122479229e-05	7.80122479229e-06	7.80122479229e-06	7.80122479229e-06	0	0	0	0	0	0	0	0	
Even3;k__Bacteria;p__Firmicutes;c__Clostridia;o__Clostridiales;f__Clostridiaceae;g__Clostridium	0.0591410851504	0.0591410851504	0.0591410851504	0.0591410851504	0.0591410851504	0.0585013847174	0.0625190154854	0.0625112142606	0.0624332020127	0.062121153021	0.0618091040293	0.060358076218	0.0460194250497	0.0435464367906	0.043343604946	0.0407457970901	7.80122479229e-05	0.0625190154854	0.0624644069119	0.0624097983383	0.0623629909896	0.0618871162773	0.0473690369388	0.0456527674845	0.0440769200765	0.0408706166868	0.0408316105629	0.000195030619807	0.0155322385615	0.01539961774	0.1764	
Even3;k__Bacteria;p__Proteobacteria;c__Deltaproteobacteria;o__Desulfuromonadales;f__;g__	0	0	0	0	0	0	0.0	0.0	0.0	0.0	0.0	0	0	0	0	0	0	0.0	0.0	0.0	0.0	0	0	0	0	0	0	0	0	0	0	
Even3;k__Bacteria;p__[Caldithrix];c__KSB1;o__Ucn15732;f__;g__	0.0	0.0	0.0	0.0	0.0	0.0	0.0	0.0	0.0	0.0	0.0	0.0	0.0	0	0	0	0	0.0	0.0	0.0	0.0	0.0	0.0	0	0	0	0	0	0.0	0.0	0	
Even3;k__Bacteria;p__Cyanobacteria;c__Chloroplast;o__Stramenopiles;f__;g__	0.000257440418146	0.000257440418146	0.000257440418146	0.000257440418146	0.000257440418146	0.000249639193353	0.000249639193353	0.000249639193353	0.000249639193353	0.000249639193353	0.000249639193353	0.000234036743769	0.000234036743769	0.000234036743769	0.000234036743769	0.000234036743769	2.34036743769e-05	0.000249639193353	0.000249639193353	0.000249639193353	0.000249639193353	0.000249639193353	0.000241837968561	0.000234036743769	0.000234036743769	0.000234036743769	0.000234036743769	1.56024495846e-05	0.000257440418146	0.000257440418146	0	
Even3;k__Bacteria;p__Actinobacteria;c__Actinobacteria;o__Bifidobacteriales;f__Bifidobacteriaceae;g__Bifidobacterium	0.0848539220658	0.0848539220658	0.0848539220658	0.0848539220658	0.0848539220658	0.084432655927	0.0851425673831	0.0851113624839	0.0850021453368	0.0849553379881	0.0849319343137	0.0848383196162	0.0844950657253	0.0838475640676	0.0828334048446	0.0816320162265	0.0716854546164	0.0851425673831	0.0851191637087	0.0850723563599	0.0849787416624	0.0849397355385	0.0846822951203	0.084393649803	0.0838943714163	0.0829192183173	0.0819284627687	0.0292545929711	0.0849631392129	0.0849631392129	0.1176	
Even3;k__Bacteria;p__Armatimonadetes;c__[Fimbriimonadia];o__[Fimbriimonadales];f__[Fimbriimonadaceae];g__Fimbriimonas	0.0	0.0	0.0	0.0	0.0	0.0	0.0	0.0	0.0	0.0	0.0	0.0	0.0	0.0	0	0	0	0.0	0.0	0.0	0.0	0.0	0.0	0.0	0.0	0.0	0	0	0.0	0.0	0	
Even3;k__Bacteria;p__Chloroflexi;c__;o__;f__;g__	0.0	0.0	0.0	0.0	0.0	0	0	0	0	0	0	0	0	0	0	0	0	0	0	0	0	0	0	0	0	0	0	0	0	0	0	
Even3;k__Bacteria;p__Firmicutes;c__Clostridia;o__Thermoanaerobacterales;f__Thermoanaerobacterales Family III. Incertae Sedis;g__	0	0	0	0	0	0	0	0	0	0	0	0	0	0	0	0	0	0.0	0.0	0	0	0	0	0	0	0	0	0	0	0	0	
Even3;k__Bacteria;p__Bacteroidetes;c__Sphingobacteriia;o__Sphingobacteriales;f__Sphingobacteriaceae;g__Sphingobacterium	3.90061239615e-05	3.90061239615e-05	3.90061239615e-05	3.90061239615e-05	3.90061239615e-05	0	3.90061239615e-05	3.90061239615e-05	0	0	0	0	0	0	0	0	0	3.90061239615e-05	3.90061239615e-05	0	0	0	0	0	0	0	0	0	3.90061239615e-05	0	0	
Even3;k__Bacteria;p__Cyanobacteria;c__Synechococcophycideae;o__Synechococcales;f__Synechococcaceae;g__Synechococcus	4.68073487538e-05	4.68073487538e-05	4.68073487538e-05	4.68073487538e-05	4.68073487538e-05	4.68073487538e-05	4.68073487538e-05	4.68073487538e-05	4.68073487538e-05	4.68073487538e-05	4.68073487538e-05	4.68073487538e-05	4.68073487538e-05	4.68073487538e-05	0	0	0	4.68073487538e-05	4.68073487538e-05	4.68073487538e-05	4.68073487538e-05	4.68073487538e-05	4.68073487538e-05	4.68073487538e-05	4.68073487538e-05	4.68073487538e-05	0	0	4.68073487538e-05	4.68073487538e-05	0	
Even3;k__Bacteria;p__Proteobacteria;c__Deltaproteobacteria;o__Desulfobacterales;f__Desulfobulbaceae;g__	2.34036743769e-05	2.34036743769e-05	2.34036743769e-05	2.34036743769e-05	2.34036743769e-05	2.34036743769e-05	2.34036743769e-05	2.34036743769e-05	2.34036743769e-05	0	0	0	0	0	0	0	0	2.34036743769e-05	2.34036743769e-05	0	0	0	0	0	0	0	0	0	2.34036743769e-05	2.34036743769e-05	0	
Even3;k__Bacteria;p__Firmicutes;c__Clostridia;o__Clostridiales;f__Veillonellaceae;g__Propionispora	0	0	0	0	0	0	3.90061239615e-05	2.34036743769e-05	0	0	0	0	0	0	0	0	0	3.90061239615e-05	0	0	0	0	0	0	0	0	0	0	0	0	0	
Even3;k__Bacteria;p__Proteobacteria;c__Deltaproteobacteria;o__Desulfobacterales;Other;Other	0	0	0	0	0	0	0	0	0	0	0	0	0	0	0.0	0	0	0	0	0	0	0	0	0	0	0.0	0	0	0	0	0	
Even3;k__Bacteria;p__Proteobacteria;c__Gammaproteobacteria;o__Xanthomonadales;f__;g__	0	0	0	0	0	0	1.56024495846e-05	0	0	0	0	0	0	0	0	0	0	1.56024495846e-05	0	0	0	0	0	0	0	0	0	0	0	0	0	
Even3;k__Archaea;p__Euryarchaeota;c__Thermoplasmata;o__E2;f__DHVEG-1;g__	0.0	0.0	0.0	0.0	0.0	0.0	0.0	0.0	0.0	0.0	0.0	0.0	0.0	0.0	0.0	0.0	0	0.0	0.0	0.0	0.0	0.0	0.0	0.0	0.0	0.0	0.0	0	0.0	0.0	0	
Even3;k__Bacteria;p__Verrucomicrobia;c__[Spartobacteria];o__[Chthoniobacterales];f__[Chthoniobacteraceae];g__Chthoniobacter	7.80122479229e-06	7.80122479229e-06	7.80122479229e-06	7.80122479229e-06	7.80122479229e-06	7.80122479229e-06	3.90061239615e-05	3.90061239615e-05	3.90061239615e-05	3.90061239615e-05	3.90061239615e-05	3.12048991692e-05	3.12048991692e-05	3.12048991692e-05	2.34036743769e-05	2.34036743769e-05	0	3.12048991692e-05	3.12048991692e-05	3.12048991692e-05	3.12048991692e-05	3.12048991692e-05	3.12048991692e-05	3.12048991692e-05	2.34036743769e-05	2.34036743769e-05	2.34036743769e-05	0	7.80122479229e-06	7.80122479229e-06	0	
Even3;k__Bacteria;p__Chlorobi;c__Ignavibacteria;o__SM1H02;f__;g__	2.34036743769e-05	2.34036743769e-05	2.34036743769e-05	2.34036743769e-05	2.34036743769e-05	0	7.80122479229e-06	0	0	0	0	0	0	0	0	0	0	7.80122479229e-06	0	0	0	0	0	0	0	0	0	0	0	0	0	
Even3;k__Bacteria;p__Firmicutes;c__Clostridia;o__Clostridiales;f__Peptostreptococcaceae;Other	0	0	0	0	0	0	0	4.68073487538e-05	8.58134727152e-05	1.56024495846e-05	0.0	0.0	0	0	0	0	0	0	9.36146975075e-05	4.68073487538e-05	1.56024495846e-05	0.0	0	0	0	0	0	0	0	0	0	
Even3;k__Bacteria;p__Proteobacteria;c__Zetaproteobacteria;o__Mariprofundales;f__Mariprofundaceae;g__Mariprofundus	0.0	0.0	0.0	0.0	0.0	0.0	0.0	0.0	0.0	0.0	0.0	0	0	0	0	0	0	0.0	0.0	0.0	0.0	0.0	0	0	0	0	0	0	0.0	0.0	0	
Even3;k__Bacteria;p__Firmicutes;c__Bacilli;o__Lactobacillales;f__Enterococcaceae;g__Tetragenococcus	0	0	0	0	0	0	0.0	0	0	0	0	0	0	0	0	0	0	0.0	0	0	0	0	0	0	0	0	0	0	0	0	0	
Even3;k__Archaea;p__Crenarchaeota;c__Thermoprotei;Other;Other;Other	0	0	0	0	0	0	0	7.02110231306e-05	1.56024495846e-05	1.56024495846e-05	0	0	0	0	0	0	0	0	0.000124819596677	7.02110231306e-05	1.56024495846e-05	0	0	0	0	0	0	0	0	0	0	
Even3;k__Bacteria;p__Cyanobacteria;c__Oscillatoriophycideae;o__Oscillatoriales;f__Phormidiaceae;g__Oscillatoria	0	0	0	0	0	0	7.80122479229e-06	0	0	0	0	0	0	0	0	0	0	7.80122479229e-06	0	0	0	0	0	0	0	0	0	0	0	0	0	
Even3;k__Bacteria;p__Proteobacteria;c__Gammaproteobacteria;o__Enterobacteriales;f__Enterobacteriaceae;g__Plesiomonas	1.56024495846e-05	1.56024495846e-05	1.56024495846e-05	1.56024495846e-05	1.56024495846e-05	0	3.12048991692e-05	3.12048991692e-05	3.12048991692e-05	7.80122479229e-06	7.80122479229e-06	7.80122479229e-06	0	0	0	0	0	3.12048991692e-05	3.12048991692e-05	2.34036743769e-05	1.56024495846e-05	7.80122479229e-06	7.80122479229e-06	0	0	0	0	0	0	0	0	
Even3;k__Bacteria;p__Proteobacteria;c__Alphaproteobacteria;o__Sphingomonadales;f__Sphingomonadaceae;g__Sphingomonas	0	0	0	0	0	0	9.36146975075e-05	9.36146975075e-05	9.36146975075e-05	9.36146975075e-05	7.80122479229e-05	5.4608573546e-05	5.4608573546e-05	3.90061239615e-05	0	0	0	0.000109217147092	0.000109217147092	9.36146975075e-05	9.36146975075e-05	7.80122479229e-05	5.4608573546e-05	5.4608573546e-05	3.90061239615e-05	0	0	0	0	0	0	
Even3;k__Bacteria;p__Firmicutes;c__Bacilli;o__Bacillales;f__Thermoactinomycetaceae;g__Laceyella	0	0	0	0	0	0	1.56024495846e-05	0	0	0	0	0	0	0	0	0	0	1.56024495846e-05	0	0	0	0	0	0	0	0	0	0	0	0	0	
Even3;k__Bacteria;p__Verrucomicrobia;c__[Pedosphaerae];o__[Pedosphaerales];f__auto67_4W;g__	0.0	0.0	0.0	0.0	0.0	0.0	0.0	0.0	0.0	0.0	0.0	0.0	0.0	0.0	0.0	0	0	0.0	0.0	0.0	0.0	0.0	0.0	0.0	0.0	0	0	0	0.0	0.0	0	
Even3;k__Bacteria;p__Firmicutes;c__Bacilli;Other;Other;Other	0	0	0	0	0	0	0	3.90061239615e-05	9.36146975075e-05	0.00017162694543	0.000210633069392	0.000624097983383	0.000616296758591	0.000452471037953	7.02110231306e-05	0.000109217147092	2.34036743769e-05	0	3.12048991692e-05	0.000304247766899	6.24097983383e-05	0.000210633069392	0.0002028318446	0.000522682061084	3.12048991692e-05	0.000460272262745	0.0001014159223	0.000319850216484	0	0	0	
Even3;k__Bacteria;p__Acidobacteria;c__Solibacteres;o__JH-WHS99;f__;g__	0	0	0	0	0	0	0.0	0.0	0	0	0	0	0	0	0	0	0	0.0	0.0	0	0	0	0	0	0	0	0	0	0	0	0	
Even3;k__Archaea;p__Crenarchaeota;c__Thaumarchaeota;o__Cenarchaeales;f__Cenarchaeaceae;Other	0	0	0	0	0	0	0	0	0	0	0	0	0	0	0	0	0.0	0	0	0	0	0	0	0	0	0	0	0.0	0	0	0	
Even3;k__Bacteria;p__Acidobacteria;c__iii1-8;o__DS-18;f__;g__	0.0	0.0	0.0	0.0	0.0	0.0	0.0	0.0	0.0	0.0	0.0	0.0	0.0	0.0	0.0	0.0	0	0.0	0.0	0.0	0.0	0.0	0.0	0.0	0.0	0.0	0.0	0	0.0	0.0	0	
Even3;k__Archaea;p__Crenarchaeota;c__MCG;o__pGrfC26;f__;g__	7.80122479229e-06	7.80122479229e-06	7.80122479229e-06	7.80122479229e-06	7.80122479229e-06	7.80122479229e-06	7.80122479229e-06	7.80122479229e-06	7.80122479229e-06	7.80122479229e-06	7.80122479229e-06	7.80122479229e-06	7.80122479229e-06	7.80122479229e-06	7.80122479229e-06	7.80122479229e-06	7.80122479229e-06	7.80122479229e-06	7.80122479229e-06	7.80122479229e-06	7.80122479229e-06	7.80122479229e-06	7.80122479229e-06	7.80122479229e-06	7.80122479229e-06	7.80122479229e-06	7.80122479229e-06	7.80122479229e-06	7.80122479229e-06	7.80122479229e-06	0	
Even3;k__Bacteria;p__Proteobacteria;c__Epsilonproteobacteria;o__Campylobacterales;f__Helicobacteraceae;g__	0.000912743300698	0.000912743300698	0.000912743300698	0.000912743300698	0.000912743300698	0	0	0	0	0	0	0	0	0	0	0	0	0	0	0	0	0	0	0	0	0	0	0	0	0	0	
Even3;k__Bacteria;p__Proteobacteria;c__Gammaproteobacteria;o__Chromatiales;f__Ectothiorhodospiraceae;g__	2.34036743769e-05	2.34036743769e-05	2.34036743769e-05	2.34036743769e-05	2.34036743769e-05	2.34036743769e-05	0	0	0	0	0	0	0	0	0	0	0	0	0	0	0	0	0	0	0	0	0	0	0	1.56024495846e-05	0	
Even3;k__Bacteria;p__Proteobacteria;c__Betaproteobacteria;o__A21b;Other;Other	0	0	0	0	0	0	0	0	0	0	0	0	0	0	0	0	0	0	0.0	0	0	0	0	0	0	0	0	0	0	0	0	
Even3;k__Bacteria;p__Firmicutes;c__Clostridia;o__Clostridiales;f__Veillonellaceae;g__G07	1.56024495846e-05	1.56024495846e-05	1.56024495846e-05	1.56024495846e-05	1.56024495846e-05	1.56024495846e-05	0	0	0	0	0	0	0	0	0	0	0	0	0	0	0	0	0	0	0	0	0	0	1.56024495846e-05	1.56024495846e-05	0	
Even3;k__Bacteria;p__Chloroflexi;c__TK10;o__B07_WMSP1;Other;Other	0	0	0	0	0	0	0	0	0	0	0	0	0	0	0	0	0	0	0	0	0	0	0	0	0	0	0.0	0	0	0	0	
Even3;k__Bacteria;p__Bacteroidetes;c__Sphingobacteriia;o__Sphingobacteriales;f__Sphingobacteriaceae;Other	0	0	0	0	0	0	0	0	0	0	0	0.0	7.80122479229e-06	7.80122479229e-06	7.80122479229e-06	7.80122479229e-06	0.0	0	0	3.90061239615e-05	0	0	0	7.80122479229e-06	7.80122479229e-06	7.80122479229e-06	0.0	0.0	0	0	0	
Even3;k__Bacteria;p__Firmicutes;c__Bacilli;o__Bacillales;f__Paenibacillaceae;g__Brevibacillus	0.0	0.0	0.0	0.0	0.0	0	0	0	0	0	0	0	0	0	0	0	0	0	0	0	0	0	0	0	0	0	0	0	0	0	0	
Even3;k__Bacteria;p__Cyanobacteria;c__Oscillatoriophycideae;o__Oscillatoriales;f__Phormidiaceae;Other	0	0	0	0	0	0	0	0	0	4.68073487538e-05	0	0	0	0	0	0	0	0	0	4.68073487538e-05	0	4.68073487538e-05	0	0	0	0	0	0	0	0	0	
Even3;k__Bacteria;p__[Caldithrix];c__KSB1;Other;Other;Other	0	0	0	0	0	0	0	0	0	0	0	0	0	0.0	0	0	0	0	0	0	0	0	0	0.0	0.0	0	0	0	0	0	0	
Even3;k__Bacteria;p__Actinobacteria;c__Actinobacteria;o__Actinomycetales;f__Microbacteriaceae;g__Candidatus Rhodoluna	7.80122479229e-06	7.80122479229e-06	7.80122479229e-06	7.80122479229e-06	7.80122479229e-06	7.80122479229e-06	0	0	0	0	0	0	0	0	0	0	0	7.80122479229e-06	7.80122479229e-06	7.80122479229e-06	7.80122479229e-06	7.80122479229e-06	7.80122479229e-06	7.80122479229e-06	0	0	0	0	0	0	0	
Even3;k__Bacteria;p__Planctomycetes;Other;Other;Other;Other	0	0	0	0	0	0	0	0	0	0	0.0	0.0	0.0	0	0	0	0	0	0	0	0	0.0	0.0	0.0	0	0	0	0	0	0	0	
Even3;k__Bacteria;p__Chlorobi;c__Ignavibacteria;Other;Other;Other	0	0	0	0	0	0	0	7.80122479229e-06	0	0	0	0	0	0	0	0	0	0	7.80122479229e-06	0.0	0	0	0	0	0	0	0	0	0	0	0	
Even3;k__Bacteria;p__Proteobacteria;c__Alphaproteobacteria;o__Sphingomonadales;f__Erythrobacteraceae;Other	0	0	0	0	0	0	0	0	0	0	0	0	1.56024495846e-05	1.56024495846e-05	1.56024495846e-05	0	0	0	0	0	0	0	0	0	1.56024495846e-05	1.56024495846e-05	0	0	0	0	0	
Even3;k__Bacteria;p__Planctomycetes;c__Planctomycetia;Other;Other;Other	0	0	0	0	0	0	0	0	0	0	0	0	0	0	1.56024495846e-05	1.56024495846e-05	0	0	0	0	0	0	0	0	0	0	0	0	0	0	0	
Even3;k__Bacteria;p__Proteobacteria;c__Gammaproteobacteria;o__Alteromonadales;f__Idiomarinaceae;g__	2.34036743769e-05	2.34036743769e-05	2.34036743769e-05	2.34036743769e-05	0	0	0	0	0	0	0	0	0	0	0	0	0	0	0	0	0	0	0	0	0	0	0	0	0	0	0	
Even3;k__Bacteria;p__Proteobacteria;c__Gammaproteobacteria;o__Legionellales;f__Legionellaceae;g__	0	0	0	0	0	0	0	0	0	0	0	0	0	0	0	0	0	0	0	0	0	0	0	0	0	0	0	0	7.80122479229e-06	7.80122479229e-06	0	
Even3;k__Bacteria;p__Proteobacteria;c__Gammaproteobacteria;o__Enterobacteriales;f__Enterobacteriaceae;g__Dickeya	0	0	0	0	0	0	1.56024495846e-05	1.56024495846e-05	1.56024495846e-05	1.56024495846e-05	1.56024495846e-05	1.56024495846e-05	0	0	0	0	0	1.56024495846e-05	1.56024495846e-05	1.56024495846e-05	1.56024495846e-05	1.56024495846e-05	1.56024495846e-05	0	0	0	0	0	0	0	0	
Even3;k__Bacteria;p__Proteobacteria;c__Betaproteobacteria;o__SC-I-84;f__;g__	1.56024495846e-05	1.56024495846e-05	1.56024495846e-05	1.56024495846e-05	1.56024495846e-05	1.56024495846e-05	1.56024495846e-05	1.56024495846e-05	1.56024495846e-05	1.56024495846e-05	1.56024495846e-05	1.56024495846e-05	1.56024495846e-05	7.80122479229e-06	0.0	0	0	1.56024495846e-05	1.56024495846e-05	1.56024495846e-05	1.56024495846e-05	1.56024495846e-05	1.56024495846e-05	1.56024495846e-05	7.80122479229e-06	7.80122479229e-06	0	0	3.90061239615e-05	3.90061239615e-05	0	
Even3;k__Bacteria;p__Firmicutes;c__Bacilli;o__Lactobacillales;f__Enterococcaceae;g__Enterococcus	1.56024495846e-05	1.56024495846e-05	1.56024495846e-05	1.56024495846e-05	1.56024495846e-05	0	0	0	0	0	0	0	0	0	0	0	0	0	0	0	0	0	0	0	0	0	0	0	0	0	0	
Even3;k__Bacteria;p__Cyanobacteria;c__Nostocophycideae;o__Nostocales;f__Nostocaceae;Other	0	0	0	0	0	0	0	0	0	0	0	0	0	0	5.4608573546e-05	5.4608573546e-05	5.4608573546e-05	0	0	0	0	0	0	5.4608573546e-05	5.4608573546e-05	5.4608573546e-05	5.4608573546e-05	0.000390061239615	5.4608573546e-05	5.4608573546e-05	0	
Even3;k__Bacteria;p__Bacteroidetes;Other;Other;Other;Other	0	0	0	0	0	0	0	0.000288645317315	0.000530483285876	0.000585091859422	0.00047587471233	0.000764520029645	0.000842532277568	0.000624097983383	0.000772321254437	0.00134961188907	0.0127394000858	0	0.000741116355268	0.000421266138784	0.000522682061084	0.000553886960253	0.000639700432968	0.000592893084214	0.000865935951944	0.000787923704022	0.00136521433865	0.0200257440418	0	0	0	
Even3;k__Bacteria;p__Nitrospirae;c__Nitrospira;o__Nitrospirales;Other;Other	0	0	0	0	0	0	0	0	0	0	0	0	0	0	0	0	0	0	0	0	0.0	0	0	0	0	0	0	0	0	0	0	
Even3;k__Bacteria;p__Verrucomicrobia;c__[Methylacidiphilae];o__Methylacidiphilales;f__;g__	0	0	0	0	0	0	0.0	0.0	0.0	0	0	0	0	0	0	0	0	0	0	0	0	0	0	0	0	0	0	0	0	0	0	
Even3;k__Bacteria;p__Proteobacteria;c__Alphaproteobacteria;o__Rhizobiales;f__Phyllobacteriaceae;g__Mesorhizobium	0	0	0	0	0	0	3.90061239615e-05	3.90061239615e-05	0	0	0	0	0	0	0	0	0	3.90061239615e-05	3.90061239615e-05	0	0	0	0	0	0	0	0	0	0	0	0	
Even3;k__Bacteria;p__Proteobacteria;c__Gammaproteobacteria;o__Alteromonadales;f__Alteromonadaceae;Other	0	0	0	0	0	0	0	7.80122479229e-06	0	0	0	0	0	0	0	0	0	0	7.80122479229e-06	1.56024495846e-05	0	0.0	0	0	0	0	0	0	0	0	0	
Even3;k__Bacteria;p__Actinobacteria;c__Actinobacteria;o__Actinomycetales;f__Micrococcaceae;g__Renibacterium	0	0	0	0	0	0	3.12048991692e-05	0	0	0	0	0	0	0	0	0	0	3.12048991692e-05	7.80122479229e-06	0	0	0	0	0	0	0	0	0	0	0	0	
Even3;k__Bacteria;p__Firmicutes;c__Bacilli;o__Lactobacillales;f__Streptococcaceae;g__Lactococcus	2.34036743769e-05	2.34036743769e-05	2.34036743769e-05	2.34036743769e-05	2.34036743769e-05	2.34036743769e-05	2.34036743769e-05	2.34036743769e-05	2.34036743769e-05	2.34036743769e-05	2.34036743769e-05	2.34036743769e-05	2.34036743769e-05	2.34036743769e-05	2.34036743769e-05	2.34036743769e-05	2.34036743769e-05	2.34036743769e-05	2.34036743769e-05	2.34036743769e-05	2.34036743769e-05	2.34036743769e-05	2.34036743769e-05	2.34036743769e-05	2.34036743769e-05	2.34036743769e-05	2.34036743769e-05	2.34036743769e-05	2.34036743769e-05	2.34036743769e-05	0	
Even3;k__Bacteria;p__Proteobacteria;c__Deltaproteobacteria;Other;Other;Other	0	0	0	0	0	0	0	3.12048991692e-05	0.0	0.0	2.34036743769e-05	7.80122479229e-06	7.80122479229e-06	1.56024495846e-05	0.0	0.0	0.0	0	1.56024495846e-05	0.0	0.0	0.0	7.80122479229e-06	7.80122479229e-06	7.80122479229e-06	1.56024495846e-05	0.0	0.0	0	0	0	
Even3;k__Bacteria;p__Actinobacteria;c__Rubrobacteria;o__Rubrobacterales;f__Rubrobacteraceae;g__Rubrobacter	1.56024495846e-05	1.56024495846e-05	1.56024495846e-05	1.56024495846e-05	1.56024495846e-05	1.56024495846e-05	1.56024495846e-05	1.56024495846e-05	1.56024495846e-05	1.56024495846e-05	1.56024495846e-05	1.56024495846e-05	1.56024495846e-05	1.56024495846e-05	1.56024495846e-05	1.56024495846e-05	1.56024495846e-05	1.56024495846e-05	1.56024495846e-05	1.56024495846e-05	1.56024495846e-05	1.56024495846e-05	1.56024495846e-05	1.56024495846e-05	1.56024495846e-05	1.56024495846e-05	1.56024495846e-05	1.56024495846e-05	1.56024495846e-05	1.56024495846e-05	0	
Even3;k__Bacteria;p__Firmicutes;c__Erysipelotrichi;o__Erysipelotrichales;f__Erysipelotrichaceae;g__Catenibacterium	0.0151811834458	0.0151811834458	0.0151811834458	0.0151811834458	0.0151811834458	0.0145492842376	0.0152357920193	0.0147677185318	0.0146585013847	0.0145960915864	0.014572687912	0.0145102781137	0.0144244646409	0.0142294340211	0.0141826266724	0.014120216874	0	0.0152357920193	0.0151265748723	0.0146507001599	0.0145960915864	0.014572687912	0.0145024768889	0.0144010609666	0.014346452393	0.0142372352459	0.014159222998	0	0.015212388345	0.015212388345	0.0294	
Even3;k__Bacteria;p__Proteobacteria;c__Alphaproteobacteria;o__Rhizobiales;f__Beijerinckiaceae;g__	1.56024495846e-05	1.56024495846e-05	1.56024495846e-05	1.56024495846e-05	1.56024495846e-05	1.56024495846e-05	0	0	0	0	0	0	0	0	0	0	0	0	0	0	0	0	0	0	0	0	0	0	0	1.56024495846e-05	0	
Even3;k__Bacteria;p__Proteobacteria;c__Gammaproteobacteria;o__Oceanospirillales;f__;g__	0.0	0.0	0.0	0.0	0.0	0.0	0	0	0	0	0	0	0	0	0	0	0	0	0	0	0	0	0	0	0	0	0	0	0	0	0	
Even3;k__Bacteria;p__Verrucomicrobia;c__[Methylacidiphilae];o__;f__;g__	0	0	0	0	0	0	0.0	0.0	0.0	0	0	0	0	0	0	0	0	0.0	0.0	0	0	0	0	0	0	0	0	0	0	0	0	
Even3;k__Bacteria;p__Firmicutes;c__Clostridia;o__Clostridiales;f__Lachnospiraceae;g__Butyrivibrio	6.24097983383e-05	6.24097983383e-05	6.24097983383e-05	6.24097983383e-05	6.24097983383e-05	6.24097983383e-05	5.4608573546e-05	5.4608573546e-05	5.4608573546e-05	5.4608573546e-05	3.12048991692e-05	0	0	0	0	0	0	5.4608573546e-05	5.4608573546e-05	5.4608573546e-05	5.4608573546e-05	4.68073487538e-05	1.56024495846e-05	0	0	0	0	0	5.4608573546e-05	5.4608573546e-05	0.0147	
Even3;k__Bacteria;p__Proteobacteria;c__Alphaproteobacteria;o__Rhodobacterales;f__Rhodobacteraceae;g__Pseudoruegeria	0	0	0	0	0	0	0.0	0.0	0.0	0.0	0	0	0	0	0	0	0	0.0	0.0	0.0	0.0	0	0	0	0	0	0	0	0	0	0	
Even3;k__Bacteria;p__Actinobacteria;c__Actinobacteria;o__Bifidobacteriales;Other;Other	0	0	0	0	0	0	0	0	0	0	0	0	0	0	7.80122479229e-06	0	0	0	0	0	0	0	0	0	0	3.90061239615e-05	0	0	0	0	0	
Even3;k__Bacteria;p__Proteobacteria;c__Deltaproteobacteria;o__Desulfuromonadales;Other;Other	0	0	0	0	0	0	0	0	0	0.0	0.0	0.0	0.0	0.0	0.0	0.0	0	0	0	0	0.0	0.0	0.0	0.0	0.0	0.0	0.0	0	0.0	0.0	0	
Even3;k__Bacteria;p__Proteobacteria;c__Betaproteobacteria;o__Burkholderiales;f__Burkholderiaceae;g__	0.0	0.0	0.0	0.0	0.0	0.0	0	0	0	0	0	0	0	0	0	0	0	0	0	0	0	0	0	0	0	0	0	0	0	0	0	
Even3;k__Bacteria;p__Chloroflexi;c__TK10;o__B07_WMSP1;f__FFCH4570;g__	0.0	0.0	0.0	0.0	0.0	0.0	0.0	0.0	0.0	0.0	0.0	0.0	0.0	0.0	0.0	0.0	0	0.0	0.0	0.0	0.0	0.0	0.0	0.0	0.0	0.0	0	0	0.0	0.0	0	
Even3;k__Bacteria;p__Proteobacteria;c__Alphaproteobacteria;o__Rhizobiales;f__Bradyrhizobiaceae;g__Balneimonas	3.12048991692e-05	3.12048991692e-05	3.12048991692e-05	3.12048991692e-05	3.12048991692e-05	1.56024495846e-05	1.56024495846e-05	1.56024495846e-05	1.56024495846e-05	1.56024495846e-05	1.56024495846e-05	1.56024495846e-05	0	0	0	0	0	1.56024495846e-05	1.56024495846e-05	1.56024495846e-05	1.56024495846e-05	1.56024495846e-05	1.56024495846e-05	0	0	0	0	0	3.12048991692e-05	3.12048991692e-05	0	
Even3;k__Bacteria;p__NC10;c__12-24;o__MIZ17;f__;g__	0	0	0	0	0	0	0.0002028318446	0.000148223271054	4.68073487538e-05	0	0	0	0	0	0	0	0	0.0002028318446	0.000132620821469	3.12048991692e-05	0	0	0	0	0	0	0	0	0	0	0	
Even3;k__Bacteria;p__Gemmatimonadetes;c__Gemm-1;o__;f__;g__	0.0	0.0	0.0	0.0	0.0	0.0	0.0	0.0	0.0	0.0	0	0.0	0	0	0	0	0	0.0	0.0	0.0	0.0	0.0	0	0	0	0	0	0	0.0	0.0	0	
Even3;k__Bacteria;p__Proteobacteria;c__Alphaproteobacteria;o__Rickettsiales;f__Rickettsiaceae;g__Rickettsia	0	0	0	0	0	0	0	0	0	0	0	0	0	0	0	0	0	1.56024495846e-05	0	0	0	0	0	0	0	0	0	0	0	0	0	
Even3;k__Bacteria;p__Actinobacteria;c__Thermoleophilia;o__Solirubrobacterales;Other;Other	0	0	0	0	0	0	0	7.80122479229e-06	7.80122479229e-06	0	0	0	0	0	0	0	0	0	0	0	0	0	0	0	0	0	7.80122479229e-06	0	0	0	0	
Even3;k__Bacteria;p__Proteobacteria;c__Gammaproteobacteria;o__Oceanospirillales;f__Hahellaceae;g__	0	0	0	0	0	0	7.80122479229e-06	7.80122479229e-06	7.80122479229e-06	0	0	0	0	0	0	0	0	7.80122479229e-06	7.80122479229e-06	7.80122479229e-06	0	0	0	0	0	0	0	0	0	0	0	
Even3;k__Bacteria;p__Acidobacteria;c__Acidobacteria-6;o__;f__;g__	0	0	0	0	0	0	0.0	0.0	0	0	0	0	0	0	0	0	0	0.0	0.0	0	0	0	0	0	0	0	0	0	0	0	0	
Even3;k__Bacteria;p__Firmicutes;c__Clostridia;o__Clostridiales;f__Eubacteriaceae;Other	0	0	0	0	0	0	0	0	0	1.56024495846e-05	0	0	0	0	0	0	0	0	0	0.0	3.12048991692e-05	1.56024495846e-05	0.000124819596677	0	0	0	0	0	0	0	0	
Even3;k__Bacteria;p__Firmicutes;c__Bacilli;o__Bacillales;f__Paenibacillaceae;g__Ammoniphilus	0	0	0	0	0	0	7.80122479229e-06	0	0	0	0	0	0	0	0	0	0	7.80122479229e-06	0	0	0	0	0	0	0	0	0	0	0	0	0	
Even3;k__Bacteria;p__Actinobacteria;c__Coriobacteriia;o__Coriobacteriales;f__Coriobacteriaceae;g__Coriobacterium	0	0	0	0	0	0	7.80122479229e-06	0	0	0	0	0	0	0	0	0	0	7.80122479229e-06	0	0	0	0	0	0	0	0	0	0	0	0	0	
Even3;k__Bacteria;p__Firmicutes;c__Clostridia;o__Clostridiales;f__Peptococcaceae;g__Dehalobacter_Syntrophobotulus	0.0	0.0	0.0	0.0	0.0	0	0.0	0.0	0.0	0.0	0	0	0	0	0	0	0	0.0	0.0	0.0	0.0	0	0	0	0	0	0	0	0	0	0	
Even3;k__Bacteria;p__Chloroflexi;c__Anaerolineae;o__Anaerolineales;f__Anaerolinaceae;Other	0	0	0	0	0	0	0	0	0	0	0	0.0	0.0	0.0	0.0	0	0	0	0	0	0	0	0.0	0.0	0.0	0.0	0	0	0	0	0	
Even3;k__Bacteria;p__Actinobacteria;c__Actinobacteria;o__Actinomycetales;f__Microbacteriaceae;g__Salinibacterium	0	0	0	0	0	0	7.80122479229e-06	0	0	0	0	0	0	0	0	0	0	0	0	0	0	0	0	0	0	0	0	0	0	0	0	
Even3;k__Bacteria;p__Proteobacteria;c__Gammaproteobacteria;o__Alteromonadales;f__[Chromatiaceae];Other	0	0	0	0	0	0	0	1.56024495846e-05	0	0	0	0	0	0	0	0	0	0	0.0	0	0	0	0	0	0	0	0	0	0	0	0	
Even3;k__Bacteria;p__Proteobacteria;c__Alphaproteobacteria;o__Rickettsiales;f__mitochondria;g__	0	0	0	0	0	0	1.56024495846e-05	1.56024495846e-05	1.56024495846e-05	1.56024495846e-05	0	0	0	0	0	0	0	1.56024495846e-05	1.56024495846e-05	1.56024495846e-05	1.56024495846e-05	0	0	0	0	0	0	0	1.56024495846e-05	1.56024495846e-05	0	
Even3;k__Bacteria;p__Proteobacteria;c__Betaproteobacteria;o__Neisseriales;f__Neisseriaceae;g__Neisseria	0	0	0	0	0	0	6.24097983383e-05	6.24097983383e-05	6.24097983383e-05	6.24097983383e-05	6.24097983383e-05	6.24097983383e-05	6.24097983383e-05	0	0	0	0	6.24097983383e-05	6.24097983383e-05	6.24097983383e-05	6.24097983383e-05	6.24097983383e-05	6.24097983383e-05	6.24097983383e-05	0	0	0	0	0	0	0	
Even3;k__Bacteria;p__Firmicutes;c__Clostridia;o__Clostridiales;f__Lachnospiraceae;g__Lachnospira	0.0	0.0	0.0	0.0	0.0	0.0	0.00333112298631	0.00333112298631	0.00333112298631	0.00333112298631	0.0001014159223	5.4608573546e-05	0.0	0.0	0.0	0	0	0.00333112298631	0.00333112298631	0.00333112298631	0.00333112298631	0.000117018371884	1.56024495846e-05	0.0	0.0	0.0	0	0	3.90061239615e-05	7.02110231306e-05	0	
Even3;k__Bacteria;p__Proteobacteria;c__Betaproteobacteria;o__MND1;f__;g__	0.0	0.0	0.0	0.0	0.0	0.0	0.0	0.0	0.0	0.0	0.0	0.0	0.0	0.0	0.0	0.0	0	0.0	0.0	0.0	0.0	0.0	0.0	0.0	0.0	0.0	0.0	0	0.0	0.0	0	
Even3;k__Bacteria;p__Firmicutes;c__Erysipelotrichi;o__Erysipelotrichales;f__Erysipelotrichaceae;g__Coprobacillus	0	0	0	0	0	0	0.0001014159223	0.0001014159223	0.0001014159223	0.0001014159223	8.58134727152e-05	7.80122479229e-06	7.80122479229e-06	7.80122479229e-06	0	0	0	0.0001014159223	0.0001014159223	0.0001014159223	8.58134727152e-05	8.58134727152e-05	6.24097983383e-05	7.80122479229e-06	7.80122479229e-06	0	0	0	0	0	0	
Even3;k__Bacteria;p__Actinobacteria;c__Actinobacteria;o__Actinomycetales;f__;g__	8.58134727152e-05	8.58134727152e-05	8.58134727152e-05	8.58134727152e-05	8.58134727152e-05	8.58134727152e-05	2.34036743769e-05	2.34036743769e-05	2.34036743769e-05	2.34036743769e-05	2.34036743769e-05	2.34036743769e-05	0.0	0	0	0	0	2.34036743769e-05	2.34036743769e-05	2.34036743769e-05	2.34036743769e-05	2.34036743769e-05	2.34036743769e-05	0	0	0	0	0	2.34036743769e-05	2.34036743769e-05	0	
Even3;k__Bacteria;p__Firmicutes;c__Clostridia;o__Clostridiales;f__JTB215;g__	0	0	0	0	0	0	3.90061239615e-05	3.12048991692e-05	2.34036743769e-05	7.80122479229e-06	0	0	0	0	0	0	0	3.90061239615e-05	3.90061239615e-05	2.34036743769e-05	0	0	0	0	0	0	0	0	0	0	0	
Even3;k__Bacteria;p__Proteobacteria;c__Gammaproteobacteria;o__Enterobacteriales;f__Enterobacteriaceae;g__Salmonella	7.80122479229e-06	7.80122479229e-06	7.80122479229e-06	7.80122479229e-06	7.80122479229e-06	7.80122479229e-06	2.34036743769e-05	7.80122479229e-06	7.80122479229e-06	7.80122479229e-06	7.80122479229e-06	0	0	0	0	0	0	0.000117018371884	2.34036743769e-05	2.34036743769e-05	7.80122479229e-06	7.80122479229e-06	0	0	0	0	0	0	7.80122479229e-06	0	0	
Even3;k__Bacteria;p__Fusobacteria;c__Fusobacteriia;o__Fusobacteriales;f__Fusobacteriaceae;g__Fusobacterium	1.56024495846e-05	1.56024495846e-05	1.56024495846e-05	1.56024495846e-05	1.56024495846e-05	1.56024495846e-05	7.80122479229e-06	7.80122479229e-06	7.80122479229e-06	7.80122479229e-06	7.80122479229e-06	7.80122479229e-06	7.80122479229e-06	7.80122479229e-06	7.80122479229e-06	7.80122479229e-06	0	7.80122479229e-06	7.80122479229e-06	7.80122479229e-06	7.80122479229e-06	7.80122479229e-06	7.80122479229e-06	7.80122479229e-06	7.80122479229e-06	7.80122479229e-06	7.80122479229e-06	0	1.56024495846e-05	1.56024495846e-05	0	
Even3;k__Bacteria;p__Proteobacteria;c__Gammaproteobacteria;o__Xanthomonadales;f__Xanthomonadaceae;g__Thermomonas	0	0	0	0	0	0	3.12048991692e-05	3.12048991692e-05	3.12048991692e-05	3.12048991692e-05	1.56024495846e-05	0	0	0	0	0	0	3.12048991692e-05	3.12048991692e-05	3.12048991692e-05	3.12048991692e-05	2.34036743769e-05	1.56024495846e-05	0	0	0	0	0	0	0	0	
Even3;k__Bacteria;p__Actinobacteria;c__Actinobacteria;o__Actinomycetales;f__Micromonosporaceae;g__Actinoplanes	0	0	0	0	0	0	3.12048991692e-05	3.12048991692e-05	3.12048991692e-05	3.12048991692e-05	3.12048991692e-05	3.12048991692e-05	3.12048991692e-05	0	0	0	0	3.12048991692e-05	3.12048991692e-05	3.12048991692e-05	3.12048991692e-05	3.12048991692e-05	3.12048991692e-05	0	0	0	0	0	0	0	0	
Even3;k__Bacteria;p__Planctomycetes;c__Planctomycetia;o__Gemmatales;f__Isosphaeraceae;g__	1.56024495846e-05	1.56024495846e-05	1.56024495846e-05	1.56024495846e-05	1.56024495846e-05	0	1.56024495846e-05	1.56024495846e-05	1.56024495846e-05	1.56024495846e-05	1.56024495846e-05	1.56024495846e-05	1.56024495846e-05	0	0	0	0	1.56024495846e-05	1.56024495846e-05	1.56024495846e-05	1.56024495846e-05	1.56024495846e-05	1.56024495846e-05	0	0	0	0	0	1.56024495846e-05	1.56024495846e-05	0	
Even3;k__Bacteria;p__Firmicutes;c__Erysipelotrichi;o__Erysipelotrichales;f__Erysipelotrichaceae;g__Holdemania	0.00406443811678	0.00406443811678	0.00406443811678	0.00406443811678	0.00406443811678	0.00406443811678	0.00411904669033	0.00411904669033	0.00411904669033	0.00411124546554	0.00410344424075	0.00409564301595	0.00406443811678	0.00404103444241	0.00403323321762	0.00393181729532	0	0.00411904669033	0.00411904669033	0.00411904669033	0.00411124546554	0.00409564301595	0.00409564301595	0.00406443811678	0.00404103444241	0.00403323321762	0.00393961852011	0	0.00409564301595	0.00409564301595	0.0147	
Even3;k__Bacteria;p__Actinobacteria;c__Actinobacteria;o__Bifidobacteriales;f__Bifidobacteriaceae;Other	0	0	0	0	0	0	0	1.56024495846e-05	7.80122479229e-06	7.02110231306e-05	5.4608573546e-05	0.000124819596677	0.000304247766899	0.00057729063463	0.000592893084214	0.000452471037953	7.02110231306e-05	0	2.34036743769e-05	3.12048991692e-05	4.68073487538e-05	6.24097983383e-05	0.000265241642938	0.000351055115653	0.000460272262745	0.000444669813161	0.000249639193353	7.02110231306e-05	3.90061239615e-05	3.12048991692e-05	0	
Even3;k__Bacteria;p__Acidobacteria;c__Acidobacteriia;o__Acidobacteriales;f__Acidobacteriaceae;Other	0	0	0	0	0	0	0	0	0	0	0	0.0	0.0	0	0.0	0	0	0	0	0	0.0	0	0.0	0.0	0	0.0	0.0	0	0	0	0	
Even3;k__Bacteria;p__Verrucomicrobia;c__;o__;f__;g__	2.34036743769e-05	2.34036743769e-05	2.34036743769e-05	2.34036743769e-05	2.34036743769e-05	2.34036743769e-05	0	0	0	0	0	0	0	0	0	0	0	0	0	0	0	0	0	0	0	0	0	0	0	2.34036743769e-05	0	
Even3;k__Bacteria;p__Firmicutes;c__Bacilli;o__Bacillales;f__Bacillaceae;Other	0	0	0	0	0	0	0	2.34036743769e-05	0	0	0	0	0	0	0	0	0	0	7.80122479229e-06	0	0	0	0	0	0	0	0	0	0	0	0	
Even3;k__Bacteria;p__Proteobacteria;c__Gammaproteobacteria;o__Vibrionales;f__Vibrionaceae;g__Salinivibrio	0	0	0	0	0	0	7.80122479229e-06	7.80122479229e-06	0	0	0	0	0	0	0	0	0	7.80122479229e-06	7.80122479229e-06	0	0	0	0	0	0	0	0	0	0	0	0	
Even3;k__Bacteria;p__Actinobacteria;c__Actinobacteria;o__Actinomycetales;f__Actinomycetaceae;g__Actinomyces	0	0	0	0	0	0	7.80122479229e-06	7.80122479229e-06	0	0	0	0	0	0	0	0	0	7.80122479229e-06	0	0	0	0	0	0	0	0	0	0	0	0	0	
Even3;k__Bacteria;p__Proteobacteria;c__Alphaproteobacteria;o__Rhizobiales;f__Xanthobacteraceae;g__Ancylobacter	0	0	0	0	0	0	1.56024495846e-05	0	0	0	0	0	0	0	0	0	0	1.56024495846e-05	0	0	0	0	0	0	0	0	0	0	0	0	0	
Even3;k__Bacteria;p__Firmicutes;c__Clostridia;o__Clostridiales;f__Clostridiaceae;g__SMB53	0.000124819596677	0.000124819596677	0.000124819596677	0.000124819596677	0.000124819596677	0.000117018371884	0.0131138588758	0.0130670515271	0.0128408160081	0.0128096111089	0.0127550025354	0.0125521706908	0.0125365682412	0.0125365682412	0.0125365682412	0	0	0.0131138588758	0.0131138588758	0.0128330147833	0.0127862074346	0.0127862074346	0.0127394000858	0.012544369466	0.0125365682412	0	0	0	0.000117018371884	0.0045559152787	0	
Even3;k__Bacteria;p__Proteobacteria;c__Gammaproteobacteria;o__Xanthomonadales;f__Xanthomonadaceae;g__Xylella	0	0	0	0	0	0	0.0	0	0	0	0	0	0	0	0	0	0	0.0	0.0	0	0	0	0	0	0	0	0	0	0	0	0	
Even3;k__Bacteria;p__Proteobacteria;c__Gammaproteobacteria;o__Enterobacteriales;f__Enterobacteriaceae;g__Yersinia	0	0	0	0	0	0	0.000249639193353	8.58134727152e-05	3.12048991692e-05	7.80122479229e-06	0	0	0	0	0	0	0	0.000249639193353	0.000249639193353	3.12048991692e-05	0	0	0	0	0	0	0	0	0	0	0	
Even3;k__Bacteria;p__Proteobacteria;c__Gammaproteobacteria;o__;f__;g__	7.80122479229e-05	7.80122479229e-05	7.80122479229e-05	7.80122479229e-05	7.80122479229e-05	7.80122479229e-05	3.90061239615e-05	1.56024495846e-05	1.56024495846e-05	0	0	0	0	0	0	0	0	3.90061239615e-05	1.56024495846e-05	0	0	0	0	0	0	0	0	0	5.4608573546e-05	5.4608573546e-05	0	
Even3;k__Bacteria;p__Planctomycetes;c__Planctomycetia;o__Gemmatales;f__Gemmataceae;Other	0	0	0	0	0	0	0	0	0	0	0.0	0	0.0	0.0	0.0	0.0	0	0	0	0	0	0	0	0.0	0.0	0.0	0.0	0	0	0	0	
Even3;k__Bacteria;p__Chloroflexi;c__Anaerolineae;o__Caldilineales;f__Caldilineaceae;g__	0.0	0.0	0.0	0.0	0.0	0	0	0	0	0	0	0	0	0	0	0	0	0	0	0	0	0	0	0	0	0	0	0	0	0	0	
Even3;k__Bacteria;p__Cyanobacteria;c__Synechococcophycideae;o__Synechococcales;f__Synechococcaceae;Other	0	0	0	0	0	0	0	0	0	0	0	0	0	0	4.68073487538e-05	4.68073487538e-05	4.68073487538e-05	0	0	0	0	0	0	0	0	0	4.68073487538e-05	4.68073487538e-05	0	0	0	
Even3;k__Bacteria;p__Firmicutes;c__Bacilli;o__Bacillales;f__Bacillaceae;g__Anoxybacillus	0	0	0	0	0	0	0.0	0.0	0	0	0	0	0	0	0	0	0	0.0	0.0	0	0	0	0	0	0	0	0	0	0	0	0	
Even3;k__Bacteria;p__Firmicutes;c__Clostridia;o__Clostridiales;f__Clostridiaceae;g__Alkaliphilus	1.56024495846e-05	1.56024495846e-05	1.56024495846e-05	1.56024495846e-05	1.56024495846e-05	1.56024495846e-05	0	0	0	0	0	0	0	0	0	0	0	0	0	0	0	0	0	0	0	0	0	0	0	0	0	
Even3;k__Bacteria;p__Proteobacteria;c__Alphaproteobacteria;o__Rhizobiales;f__Aurantimonadaceae;g__Martelella	0	0	0	0	0	0	0.0	0	0	0	0	0	0	0	0	0	0	0.0	0	0	0	0	0	0	0	0	0	0	0	0	0	
Even3;k__Bacteria;p__Firmicutes;c__Clostridia;o__Clostridiales;f__Clostridiaceae;g__	0.0164449818622	0.0164449818622	0.0164449818622	0.0164449818622	0.0164449818622	0.016226547568	0.00102196044779	0.000990755548621	0.000982954323829	0.000538284510668	0.000234036743769	7.80122479229e-06	7.80122479229e-06	7.80122479229e-06	0	0	0	0.00102196044779	0.000982954323829	0.000982954323829	0.000249639193353	0.000249639193353	1.56024495846e-05	1.56024495846e-05	0	0	0	0	0.06028006397	0.0199789366931	0	
Even3;k__Bacteria;p__Actinobacteria;c__Actinobacteria;o__Actinomycetales;f__Nakamurellaceae;g__	0.0	0.0	0.0	0.0	0.0	0.0	0.0	0.0	0.0	0.0	0.0	0.0	0.0	0.0	0	0	0	0.0	0.0	0.0	0.0	0.0	0.0	0.0	0.0	0	0	0	0.0	0.0	0	
Even3;k__Bacteria;p__Acidobacteria;c__[Chloracidobacteria];Other;Other;Other	0	0	0	0	0	0	0	0	0	0	0	0	0	0	0	0	0	0	0	0	0	0	0	0	0	0	7.80122479229e-06	0	0	0	0	
Even3;k__Bacteria;p__Firmicutes;c__Clostridia;o__Clostridiales;f__;g__	0.0167180247299	0.0167180247299	0.0167180247299	0.0167180247299	0.0167180247299	0.0161251316457	0.00198931232203	0.000553886960253	0.000156024495846	1.56024495846e-05	0.0	0	0	0	0	0	0	0.00198931232203	0.000483675937122	0.000218434294184	6.24097983383e-05	0	0	0	0	0	0	0	0.0109061122596	0.0144478683153	0	
Even3;k__Bacteria;p__Proteobacteria;c__Alphaproteobacteria;o__Rhizobiales;f__Hyphomicrobiaceae;g__	0.0	0.0	0.0	0.0	0.0	0.0	0	0	0	0	0	0	0	0	0	0	0	0	0	0	0	0	0	0	0	0	0	0	0	0	0	
Even3;k__Bacteria;p__Proteobacteria;c__Gammaproteobacteria;o__Pasteurellales;f__Pasteurellaceae;g__	0.0	0.0	0.0	0.0	0.0	0.0	0	0	0	0	0	0	0	0	0	0	0	0	0	0	0	0	0	0	0	0	0	0	0	0	0	
Even3;k__Bacteria;p__Bacteroidetes;c__Cytophagia;o__Cytophagales;f__Flammeovirgaceae;Other	0	0	0	0	0	0	0	0	0	0	0.0	0	0	0	0	0	0	0	0.0	0	0.0	0	0	0	0	0	0	0	0	0	0	
Even3;k__Bacteria;p__Firmicutes;c__Clostridia;o__Clostridiales;f__Lachnospiraceae;g__Oribacterium	1.56024495846e-05	1.56024495846e-05	1.56024495846e-05	1.56024495846e-05	1.56024495846e-05	1.56024495846e-05	0.00123259351718	0.00123259351718	0.00123259351718	0.00123259351718	0.000959550649452	0.000530483285876	0.000280844092523	0.000226235518976	0.000210633069392	0	0	0.00123259351718	0.00123259351718	0.00123259351718	0.00123259351718	0.00122479229239	0.000561688185045	0.00027304286773	0.000234036743769	0	0	0	1.56024495846e-05	1.56024495846e-05	0	
Even3;k__Bacteria;p__Cyanobacteria;c__Nostocophycideae;o__Nostocales;f__Nostocaceae;g__Dolichospermum	0.000444669813161	0.000444669813161	0.000444669813161	0.000444669813161	0.000444669813161	0.000444669813161	0.000444669813161	0.000444669813161	0.000444669813161	0.000444669813161	0.000444669813161	0.000444669813161	0.000444669813161	0.000444669813161	0.000390061239615	0.000390061239615	0	0.000444669813161	0.000444669813161	0.000444669813161	0.000444669813161	0.000444669813161	0.000444669813161	0.000390061239615	0.000390061239615	0.000390061239615	0.000390061239615	0	0.000390061239615	0.000390061239615	0	
Even3;k__Bacteria;p__Bacteroidetes;c__Bacteroidia;o__Bacteroidales;f__[Paraprevotellaceae];g__[Prevotella]	0.000124819596677	0.000124819596677	0.000124819596677	0.000124819596677	0.000124819596677	0.000109217147092	0.000109217147092	0.000109217147092	0.000109217147092	0.000109217147092	0.0001014159223	9.36146975075e-05	0	0	0	0	0	0.000109217147092	0.000109217147092	0.000109217147092	0.000109217147092	0.0001014159223	9.36146975075e-05	0	0	0	0	0	0.0001014159223	9.36146975075e-05	0	
Even3;k__Bacteria;p__Firmicutes;c__Clostridia;o__Clostridiales;f__Lachnospiraceae;Other	0	0	0	0	0	0	0	0.0021297343683	0.0325701135078	0.0413152865	0.0520263681398	0.0618325077037	0.0639310371728	0.0678082458946	0.0825213558529	0.121090611226	0.157132269766	0	0.0024261809104	0.0345438233803	0.0409174240356	0.046159847096	0.0624410032375	0.0681983071342	0.076920076452	0.0934430705621	0.101603151695	0.146179350158	0.0280063970043	0.0259390724344	0	
Even3;k__Bacteria;p__Firmicutes;c__Clostridia;o__Clostridiales;f__Lachnospiraceae;g__Dorea	0.0623707922144	0.0623707922144	0.0623707922144	0.0623707922144	0.0623707922144	0.0619963334243	0.0858680812888	0.0858680812888	0.0743690759449	0.0711081639817	0.0695635214729	0.0669267074931	0.0638608261497	0.0620587432227	0.0484065998362	0.016413776963	0	0.0858680812888	0.085860280064	0.0722393415766	0.0717400631899	0.0704450598744	0.0673947809806	0.0644459180091	0.0508327807466	0.0374926863518	0.0367827748957	0	0.0665756523774	0.0583843663455	0.0147	
Even3;k__Bacteria;p__Actinobacteria;c__Actinobacteria;o__WCHB1-81;f__;g__	0	0	0	0	0	0	0.0	0.0	0	0	0	0	0	0	0	0	0	0.0	0.0	0	0	0	0	0	0	0	0	0	0	0	0	
Even3;k__Archaea;p__Crenarchaeota;c__Thermoprotei;o__Desulfurococcales;f__;g__	0	0	0	0	0	0	4.68073487538e-05	0	0	0	0	0	0	0	0	0	0	4.68073487538e-05	0	0	0	0	0	0	0	0	0	0	0	0	0	
Even3;k__Bacteria;p__Firmicutes;c__Bacilli;o__Bacillales;f__[Exiguobacteraceae];g__Exiguobacterium	7.80122479229e-06	7.80122479229e-06	7.80122479229e-06	7.80122479229e-06	7.80122479229e-06	0	0	0	0	0	0	0	0	0	0	0	0	0	0	0	0	0	0	0	0	0	0	0	0	0	0	
Even3;k__Bacteria;p__Firmicutes;c__Bacilli;o__Lactobacillales;f__Aerococcaceae;g__Alkalibacterium	0	0	0	0	0	0	0.0	0	0	0	0	0	0	0	0	0	0	0.0	0	0	0	0	0	0	0	0	0	0	0	0	0	
Even3;k__Bacteria;p__Gemmatimonadetes;c__Gemmatimonadetes;Other;Other;Other	0	0	0	0	0	0	0	0	0	0	0	0	0	0	1.56024495846e-05	1.56024495846e-05	0	0	0	0	0	0	0	0	0	1.56024495846e-05	0	0	0	0	0	
Even3;k__Bacteria;p__Proteobacteria;c__Betaproteobacteria;o__;f__;g__	7.80122479229e-06	7.80122479229e-06	7.80122479229e-06	7.80122479229e-06	7.80122479229e-06	7.80122479229e-06	7.80122479229e-06	7.80122479229e-06	7.80122479229e-06	7.80122479229e-06	7.80122479229e-06	7.80122479229e-06	0	0	0	0	0	7.80122479229e-06	7.80122479229e-06	7.80122479229e-06	7.80122479229e-06	7.80122479229e-06	7.80122479229e-06	7.80122479229e-06	0	0	0	0	7.80122479229e-06	7.80122479229e-06	0	
Even3;k__Bacteria;p__Actinobacteria;c__Actinobacteria;o__Actinomycetales;f__Microbacteriaceae;g__Microbacterium	0.0	0.0	0.0	0.0	0.0	0	0.0	0	0	0	0	0	0	0	0	0	0	7.80122479229e-06	0.0	0	0	0	0	0	0	0	0	0	1.56024495846e-05	1.56024495846e-05	0	
Even3;k__Bacteria;p__Proteobacteria;c__Deltaproteobacteria;o__Desulfobacterales;f__Desulfobulbaceae;Other	0	0	0	0	0	0	0	0	0	2.34036743769e-05	0	0	0	0	0	0	0	0	0	2.34036743769e-05	2.34036743769e-05	2.34036743769e-05	0	0	0	0	0	0	0	0	0	
Even3;k__Bacteria;p__Proteobacteria;c__Alphaproteobacteria;o__Rhizobiales;f__Hyphomicrobiaceae;g__Rhodobium	0	0	0	0	0	0	0.0	0	0	0	0	0	0	0	0	0	0	0.0	0	0	0	0	0	0	0	0	0	0	0	0	0	
Even3;k__Bacteria;p__Bacteroidetes;c__Flavobacteriia;o__Flavobacteriales;f__Flavobacteriaceae;g__Capnocytophaga	0	0	0	0	0	0	0.000608495533799	0	0	0	0	0	0	0	0	0	0	0.000608495533799	0	0	0	0	0	0	0	0	0	0	0	0	0	
Even3;k__Bacteria;p__Proteobacteria;c__Deltaproteobacteria;o__Desulfovibrionales;f__Desulfovibrionaceae;g__	7.80122479229e-06	7.80122479229e-06	7.80122479229e-06	7.80122479229e-06	7.80122479229e-06	7.80122479229e-06	0	0	0	0	0	0	0	0	0	0	0	0	0	0	0	0	0	0	0	0	0	0	0	0	0	
Even3;k__Bacteria;p__Chloroflexi;Other;Other;Other;Other	0	0	0	0	0	0	0	0	3.90061239615e-05	0	0	0	0	0	0.0	0	0	0	7.80122479229e-06	4.68073487538e-05	0	0	0	0	0.0	0.0	0	0.0	0	0	0	
Even3;k__Bacteria;p__Firmicutes;c__Clostridia;o__Clostridiales;f__Lachnospiraceae;g__Pseudobutyrivibrio	0	0	0	0	0	0	0.000210633069392	0.000210633069392	0.000124819596677	9.36146975075e-05	0	0	0	0	0	0	0	0.000210633069392	0.000210633069392	0.000117018371884	0.000109217147092	8.58134727152e-05	0	0	0	0	0	0	0	0	0	
Even3;k__Bacteria;p__Firmicutes;c__Erysipelotrichi;o__Erysipelotrichales;f__Erysipelotrichaceae;g__Sharpea	0	0	0	0	0	0	0.000819128603191	0.000694309006514	0.000616296758591	4.68073487538e-05	1.56024495846e-05	0	0.0	0	0	0	0	0.000819128603191	0.000733315130475	0.000631899208176	4.68073487538e-05	1.56024495846e-05	0.0	0	0	0	0	0	0	0	0	
Even3;k__Bacteria;p__Proteobacteria;c__Deltaproteobacteria;o__Syntrophobacterales;f__Syntrophobacteraceae;g__	0.0	0.0	0.0	0.0	0.0	0.0	0.0	0.0	0.0	0.0	0.0	0.0	0.0	0.0	0.0	0	0	0.0	0.0	0.0	0.0	0.0	0.0	0.0	0.0	0.0	0	0	0.0	0.0	0	
Even3;k__Bacteria;p__Proteobacteria;c__Gammaproteobacteria;o__Xanthomonadales;f__Sinobacteraceae;g__	0.0	0.0	0.0	0.0	0.0	0.0	0.0	0.0	0.0	0.0	0.0	0.0	0.0	0.0	0.0	0	0	0.0	0.0	0.0	0.0	0.0	0.0	0.0	0.0	0.0	0	0	0.0	0.0	0	
Even3;k__Bacteria;p__Firmicutes;c__Clostridia;o__Clostridiales;f__[Tissierellaceae];g__Sporanaerobacter	0	0	0	0	0	0	0	0	0	0	0	0	0	0	0	0	0	0	0	0	0	0	0	0	0	0	0	0	0	3.90061239615e-05	0	
Even3;k__Bacteria;p__Bacteroidetes;c__Bacteroidia;o__Bacteroidales;f__Porphyromonadaceae;g__Candidatus Azobacteroides	7.80122479229e-06	7.80122479229e-06	7.80122479229e-06	7.80122479229e-06	7.80122479229e-06	7.80122479229e-06	0	0	0	0	0	0	0	0	0	0	0	0.0	0.0	0.0	0	0	0	0	0	0	0	0	0	0	0	
Even3;k__Bacteria;p__Proteobacteria;c__Gammaproteobacteria;o__Thiotrichales;Other;Other	0	0	0	0	0	0	0	0	0	0	0	0	0	0	0	0	0	0	0	0.0	0	0	0	0	0	0	0	0	0	0	0	
Even3;k__Bacteria;p__Proteobacteria;c__Gammaproteobacteria;o__Methylococcales;f__Methylococcaceae;g__Methylocaldum	2.34036743769e-05	2.34036743769e-05	2.34036743769e-05	2.34036743769e-05	2.34036743769e-05	0	0	0	0	0	0	0	0	0	0	0	0	0	0	0	0	0	0	0	0	0	0	0	0	0	0	
Even3;k__Bacteria;p__Bacteroidetes;c__Bacteroidia;o__Bacteroidales;f__Porphyromonadaceae;g__Porphyromonas	3.12048991692e-05	3.12048991692e-05	3.12048991692e-05	3.12048991692e-05	3.12048991692e-05	0.0	0.0	0.0	0.0	0.0	0.0	0.0	0.0	0.0	0.0	0.0	0.0	0.0	0.0	0.0	0.0	0.0	0.0	0.0	0.0	0.0	0.0	0	1.56024495846e-05	0.0	0	
Even3;k__Bacteria;p__Acidobacteria;c__DA052;o__Ellin6513;f__;g__	0.0	0.0	0.0	0.0	0.0	0.0	0.0	0.0	0.0	0.0	0.0	0.0	0.0	0.0	0.0	0.0	0.0	0.0	0.0	0.0	0.0	0.0	0.0	0.0	0.0	0.0	0.0	0.0	0.0	0.0	0	
Even3;k__Bacteria;p__Proteobacteria;c__Gammaproteobacteria;o__Vibrionales;f__Vibrionaceae;Other	0	0	0	0	0	0	0	0	7.80122479229e-06	7.80122479229e-06	0	0	0	0	0	0	0	0	0	7.80122479229e-06	7.80122479229e-06	0	0	0	0	0	0	0	0	0	0	
Even3;k__Archaea;p__Euryarchaeota;c__Thermoplasmata;o__Thermoplasmatales;f__;g__	0	0	0	0	0	0	0.000132620821469	0.000124819596677	2.34036743769e-05	0	0	0	0	0	0	0	0	0.000124819596677	0.000109217147092	2.34036743769e-05	0	0	0	0	0	0	0	0	0	0	0	
Even3;k__Bacteria;p__Proteobacteria;c__Deltaproteobacteria;o__Desulfuromonadales;f__Pelobacteraceae;g__	0	0	0	0	0	0	0	0	0	0	0	0	0	0	0	0	0	0	0	0	0	0	0	0	0	0	0	0	0	0.0	0	
Even3;k__Bacteria;p__Planctomycetes;c__Planctomycetia;o__Gemmatales;f__Isosphaeraceae;g__Singulisphaera	0	0	0	0	0	0	7.80122479229e-06	0	0	0	0	0	0	0	0	0	0	7.80122479229e-06	0	0	0	0	0	0	0	0	0	0	0	0	0	
Even3;k__Bacteria;p__Proteobacteria;c__Deltaproteobacteria;o__Syntrophobacterales;Other;Other	0	0	0	0	0	0	0	0	0	0	0	0	0	0	0	0	0	0	0	0.0	0	0	0	0	0	0	0	0	0	0	0	
Even3;k__Bacteria;p__Proteobacteria;c__Betaproteobacteria;o__Burkholderiales;f__Alcaligenaceae;g__	5.4608573546e-05	5.4608573546e-05	5.4608573546e-05	5.4608573546e-05	0	0	0	0	0	0	0	0	0	0	0	0	0	0	0	0	0	0	0	0	0	0	0	0	0	0	0	
Even3;k__Bacteria;p__Actinobacteria;c__Actinobacteria;o__Actinomycetales;f__ACK-M1;g__	3.90061239615e-05	3.90061239615e-05	3.90061239615e-05	3.90061239615e-05	3.90061239615e-05	3.90061239615e-05	0.0001014159223	0.0001014159223	0.0001014159223	0.0001014159223	0.0001014159223	0.0001014159223	9.36146975075e-05	9.36146975075e-05	9.36146975075e-05	9.36146975075e-05	7.80122479229e-06	0.0001014159223	0.0001014159223	0.0001014159223	0.0001014159223	0.0001014159223	0.0001014159223	9.36146975075e-05	9.36146975075e-05	9.36146975075e-05	9.36146975075e-05	0	7.80122479229e-05	7.02110231306e-05	0	
Even3;k__Bacteria;p__Proteobacteria;c__Gammaproteobacteria;o__Methylococcales;Other;Other	0	0	0	0	0	0	0	0.0	0.0	0.0	0.0	0	0.0	0	0	0	0	0	0.0	0.0	0.0	0	0	0	0.0	0	0	0	0.0	0	0	
Even3;k__Bacteria;p__Firmicutes;c__Clostridia;o__Clostridiales;f__Lachnospiraceae;g__Blautia	0.00780122479229	0.00780122479229	0.00780122479229	0.00780122479229	0.00780122479229	0.00767640519562	0.00879198034091	0.00879198034091	0.00879198034091	0.00879198034091	0.00863595584507	0.00781682724188	0.00776221866833	0.00752038069977	0.00743456722705	0.00729414518079	0.00301907399462	0.00879198034091	0.00879198034091	0.00879198034091	0.00879198034091	0.00862815462028	0.00784023091625	0.00777782111792	0.00759839294769	0.00741896477747	0.00608495533799	0.00485236182081	0.00645161290323	0.00501618754144	0	
Even3;k__Bacteria;p__Firmicutes;c__Bacilli;o__Lactobacillales;Other;Other	0	0	0	0	0	0	0	0.0	2.34036743769e-05	4.68073487538e-05	0.0	4.68073487538e-05	0.000140422046261	0.000312048991692	0.000678706556929	0.000163825720638	0.0158598900027	0	7.80122479229e-06	0.0	5.4608573546e-05	2.34036743769e-05	3.12048991692e-05	3.90061239615e-05	0.000195030619807	0.000725513905683	0.000132620821469	0.00478995202247	0	0	0	
Even3;Unclassified;Other;Other;Other;Other;Other	0	0	0	0	0	0	0	0	0	0	0	0	0	0	0	0	0	0	0	2.34036743769e-05	0.000140422046261	0.000397862464407	0.000436868588368	0.000436868588368	0.000444669813161	0.000842532277568	0.00317509849046	0.0317197800055	0	0	0	
Even3;k__Bacteria;p__Proteobacteria;c__Gammaproteobacteria;o__Methylococcales;f__;g__	0.0	0.0	0.0	0.0	0.0	0.0	0	0	0	0	0	0	0	0	0	0	0	0	0	0	0	0	0	0	0	0	0	0	0	0	0	
Even3;k__Archaea;p__Euryarchaeota;Other;Other;Other;Other	0	0	0	0	0	0	0	3.90061239615e-05	3.12048991692e-05	0	0	0	0	0	0	0	0.0	0	6.24097983383e-05	2.34036743769e-05	7.80122479229e-06	0	0	0	0	0	0	0	0	0	0	
Even3;k__Bacteria;p__Bacteroidetes;c__Bacteroidia;o__Bacteroidales;f__Porphyromonadaceae;g__Parabacteroides	0.0178960096735	0.0178960096735	0.0178960096735	0.0178960096735	0.0178960096735	0.0177945937512	0.0179350157975	0.0179194133479	0.0178414011	0.0177243827281	0.0175449545579	0.017427936186	0.0172641104653	0.0168896516753	0.0167726333034	0.0167102235051	0.0166478137068	0.0179350157975	0.0179272145727	0.0177867925264	0.017654171705	0.0175917619066	0.0174201349612	0.0172329055662	0.0169676639232	0.0167570308538	0.0167102235051	0	0.0179038108983	0.0179350157975	0.0147	
Even3;k__Bacteria;p__Proteobacteria;c__Deltaproteobacteria;o__;f__;g__	0	0	0	0	0	0	0.0	0	0	0	0	0	0	0	0	0	0	0.0	0	0	0	0	0	0	0	0	0	0	0	0	0	
Even3;k__Bacteria;p__Actinobacteria;c__Thermoleophilia;o__Solirubrobacterales;f__Solirubrobacteraceae;Other	0	0	0	0	0	0	0	0	0	0	7.80122479229e-06	0	0	0	0	0	0	0	0	0	0	0	0	0	0	0	0	0	0	0	0	
Even3;k__Bacteria;p__Bacteroidetes;c__[Saprospirae];o__[Saprospirales];f__Chitinophagaceae;g__Niabella	0	0	0	0	0	0	0.0	0.0	0.0	0.0	0.0	0.0	0.0	0	0	0	0	0.0	0.0	0.0	0.0	0.0	0.0	0.0	0	0	0	0	0	0	0	
Even3;k__Bacteria;p__Proteobacteria;c__Gammaproteobacteria;Other;Other;Other	0	0	0	0	0	0	0	0.000280844092523	0.000943948199867	0.00159144985763	0.00240277723603	0.00326871318797	0.00410344424075	0.00564028552483	0.0424386628701	0.0442251433475	0.0421656200023	0	0.000234036743769	0.000826929827983	0.00156804618325	0.00241057846082	0.00339353278465	0.00408784179116	0.00702110231306	0.0341381596911	0.0417053477396	0.0260092834575	0.0261809104029	0.000561688185045	0	
Even3;k__Bacteria;p__Nitrospirae;c__Nitrospira;o__Nitrospirales;f__0319-6A21;g__	0.0	0.0	0.0	0.0	0.0	0.0	0.0	0.0	0.0	0.0	0.0	0.0	0.0	0.0	0.0	0.0	0	0.0	0.0	0.0	0.0	0.0	0.0	0.0	0.0	0.0	0.0	0	0.0	0.0	0	
Even3;k__Bacteria;p__Proteobacteria;c__Gammaproteobacteria;o__Pseudomonadales;Other;Other	0	0	0	0	0	0	0	0.0	0.0	0	0	0	0	0	0	0	0	0	0	0	0	0	0	0	0	0	0	0	0	0	0	
Even3;k__Bacteria;p__Planctomycetes;c__;o__;f__;g__	0.0	0.0	0.0	0.0	0.0	0	0	0	0	0	0	0	0	0	0	0	0	0	0	0	0	0	0	0	0	0	0	0	0.0	0.0	0	
Even3;k__Bacteria;p__Firmicutes;c__Clostridia;o__Clostridiales;Other;Other	0	0	0	0	0	0	0	0.00166946210555	0.00261341030542	0.00297226664586	0.00235596988727	0.00289425439794	0.00635799820572	0.00656083005032	0.00667004719741	0.00329211686235	0.0141514217732	0	0.00170066700472	0.00254319928229	0.00251979560791	0.00244178335999	0.00224675274018	0.00336232788548	0.00712251823536	0.00894800483676	0.0195264656551	0.0152201895698	0.00978273588953	0.00630338963217	0	
Even3;k__Bacteria;p__Proteobacteria;c__Gammaproteobacteria;o__Xanthomonadales;f__Xanthomonadaceae;g__Luteimonas	0.000335452666069	0.000335452666069	0.000335452666069	0.000335452666069	0.000335452666069	0.000335452666069	8.58134727152e-05	2.34036743769e-05	0	0	0	0	0	0	0	0	0	8.58134727152e-05	0	0	0	0	0	0	0	0	0	0	0	0	0	
Even3;k__Bacteria;p__Proteobacteria;c__Betaproteobacteria;o__A21b;f__;g__	0	0	0	0	0	0	0.0	0.0	0	0	0	0	0	0	0	0	0	0.0	0	0	0	0	0	0	0	0	0	0	0	0	0	
Even3;k__Bacteria;p__Proteobacteria;c__Gammaproteobacteria;o__Xanthomonadales;f__Sinobacteraceae;Other	0	0	0	0	0	0	0	0	0.0	0	0	0	0	0	0.0	0	0	0	0	0	0	0	0	0	0	0	0	0	0	0	0	
Even3;k__Bacteria;p__Proteobacteria;c__Gammaproteobacteria;o__Alteromonadales;f__Alteromonadaceae;g__ND137	0	0	0	0	0	0	7.80122479229e-06	0	0	0	0	0	0	0	0	0	0	7.80122479229e-06	0	0	0	0	0	0	0	0	0	0	0	0	0	
Even3;k__Bacteria;p__Proteobacteria;c__Gammaproteobacteria;o__Alteromonadales;Other;Other	0	0	0	0	0	0	0	0.000163825720638	4.68073487538e-05	2.34036743769e-05	7.80122479229e-06	0.0	0.0	0.0	0	0	0	0	0.000179428170223	4.68073487538e-05	3.90061239615e-05	7.80122479229e-06	0.0	0.0	0	0	0	0	0	0	0	
Even3;k__Bacteria;p__Proteobacteria;c__Betaproteobacteria;o__Burkholderiales;f__Comamonadaceae;g__Hydrogenophaga	0	0	0	0	0	0	4.68073487538e-05	0	0	0	0	0	0	0	0	0	0	4.68073487538e-05	0	0	0	0	0	0	0	0	0	0	0	0	0	
Even3;k__Bacteria;p__Actinobacteria;c__Thermoleophilia;o__Solirubrobacterales;f__;g__	7.80122479229e-06	7.80122479229e-06	7.80122479229e-06	7.80122479229e-06	7.80122479229e-06	7.80122479229e-06	7.80122479229e-06	7.80122479229e-06	7.80122479229e-06	7.80122479229e-06	7.80122479229e-06	7.80122479229e-06	7.80122479229e-06	7.80122479229e-06	7.80122479229e-06	0	0	7.80122479229e-06	7.80122479229e-06	7.80122479229e-06	7.80122479229e-06	7.80122479229e-06	7.80122479229e-06	7.80122479229e-06	7.80122479229e-06	7.80122479229e-06	0	0	7.80122479229e-06	7.80122479229e-06	0	
Even3;k__Bacteria;p__Tenericutes;c__Mollicutes;o__RF39;f__;g__	4.68073487538e-05	4.68073487538e-05	4.68073487538e-05	4.68073487538e-05	4.68073487538e-05	4.68073487538e-05	4.68073487538e-05	4.68073487538e-05	4.68073487538e-05	4.68073487538e-05	4.68073487538e-05	4.68073487538e-05	4.68073487538e-05	4.68073487538e-05	4.68073487538e-05	4.68073487538e-05	0	4.68073487538e-05	4.68073487538e-05	4.68073487538e-05	4.68073487538e-05	4.68073487538e-05	4.68073487538e-05	4.68073487538e-05	4.68073487538e-05	4.68073487538e-05	4.68073487538e-05	0	4.68073487538e-05	4.68073487538e-05	0	
Even3;k__Bacteria;p__Proteobacteria;c__Betaproteobacteria;o__Burkholderiales;f__;g__	7.80122479229e-06	7.80122479229e-06	7.80122479229e-06	7.80122479229e-06	7.80122479229e-06	7.80122479229e-06	0.0	0.0	0	0	0	0	0	0	0	0	0	0.0	0	0	0	0	0	0	0	0	0	0	0	0	0	
Even3;k__Bacteria;p__Verrucomicrobia;c__[Spartobacteria];o__[Chthoniobacterales];f__[Chthoniobacteraceae];g__DA101	2.34036743769e-05	2.34036743769e-05	2.34036743769e-05	2.34036743769e-05	2.34036743769e-05	2.34036743769e-05	2.34036743769e-05	2.34036743769e-05	2.34036743769e-05	2.34036743769e-05	2.34036743769e-05	2.34036743769e-05	2.34036743769e-05	2.34036743769e-05	2.34036743769e-05	7.80122479229e-06	0	2.34036743769e-05	2.34036743769e-05	2.34036743769e-05	2.34036743769e-05	2.34036743769e-05	2.34036743769e-05	2.34036743769e-05	2.34036743769e-05	2.34036743769e-05	7.80122479229e-06	0.0	2.34036743769e-05	2.34036743769e-05	0	
Even3;k__Bacteria;p__Proteobacteria;c__Deltaproteobacteria;o__Myxococcales;f__Polyangiaceae;Other	0	0	0	0	0	0	0	0	7.80122479229e-06	7.80122479229e-06	0	7.80122479229e-06	0	0	0	0	0	0	0	7.80122479229e-06	7.80122479229e-06	7.80122479229e-06	0	0	0	0	0	0	0	0	0	
Even3;k__Bacteria;p__Chloroflexi;c__Anaerolineae;o__Anaerolineales;f__Anaerolinaceae;g__WCHB1-05	1.56024495846e-05	1.56024495846e-05	1.56024495846e-05	1.56024495846e-05	1.56024495846e-05	1.56024495846e-05	1.56024495846e-05	1.56024495846e-05	1.56024495846e-05	1.56024495846e-05	1.56024495846e-05	1.56024495846e-05	1.56024495846e-05	1.56024495846e-05	1.56024495846e-05	1.56024495846e-05	1.56024495846e-05	1.56024495846e-05	1.56024495846e-05	1.56024495846e-05	1.56024495846e-05	1.56024495846e-05	1.56024495846e-05	1.56024495846e-05	1.56024495846e-05	1.56024495846e-05	1.56024495846e-05	1.56024495846e-05	1.56024495846e-05	1.56024495846e-05	0	
Even3;k__Bacteria;p__Proteobacteria;c__Alphaproteobacteria;o__Rhizobiales;f__Bradyrhizobiaceae;g__	0.0	0.0	0.0	0.0	0.0	0.0	1.56024495846e-05	1.56024495846e-05	1.56024495846e-05	1.56024495846e-05	1.56024495846e-05	0	0	0	0	0	0	1.56024495846e-05	1.56024495846e-05	1.56024495846e-05	1.56024495846e-05	1.56024495846e-05	0	0	0	0	0	0	0.0	0.0	0	
Even3;k__Bacteria;p__Proteobacteria;c__Alphaproteobacteria;o__Rhodobacterales;f__Rhodobacteraceae;g__Octadecabacter	0.0	0.0	0.0	0.0	0.0	0.0	0.0	0.0	0.0	0.0	0.0	0.0	0.0	0.0	0.0	0.0	0	0.0	0.0	0.0	0.0	0.0	0.0	0.0	0.0	0.0	0.0	0	0	0	0	
Even3;k__Bacteria;p__Proteobacteria;c__Alphaproteobacteria;o__Rhodospirillales;f__Rhodospirillaceae;g__	0.0	0.0	0.0	0.0	0.0	0.0	0.0	0.0	0.0	0.0	0	0	0	0	0	0	0	0.0	0.0	0.0	0.0	0.0	0	0	0	0	0	0	0.0	0.0	0	
Even3;k__Archaea;p__Crenarchaeota;c__Thaumarchaeota;o__Cenarchaeales;f__Cenarchaeaceae;g__	0	0	0	0	0	0	0	0	0	0	0	0	0	0	0	0	0	0	0	0	0	0	0	0	0	0	0	0	0	0.0	0	
Even3;k__Bacteria;p__Proteobacteria;c__Gammaproteobacteria;o__Xanthomonadales;f__Xanthomonadaceae;g__Stenotrophomonas	0	0	0	0	0	0	7.80122479229e-06	0	0	0	0	0	0	0	0	0	0	7.80122479229e-06	0	0	0	0	0	0	0	0	0	0	0	0	0	
Even3;k__Bacteria;p__Proteobacteria;c__Gammaproteobacteria;o__Xanthomonadales;f__Xanthomonadaceae;g__Dokdonella	2.34036743769e-05	2.34036743769e-05	2.34036743769e-05	2.34036743769e-05	2.34036743769e-05	0	0	0	0	0	0	0	0	0	0	0	0	0	0	0	0	0	0	0	0	0	0	0	0	0	0	
Even3;k__Bacteria;p__Actinobacteria;c__Actinobacteria;o__Actinomycetales;f__Intrasporangiaceae;g__Knoellia	0	0	0	0	0	0	0	0	0	0	0	0	0	0	0	0	0	7.80122479229e-06	7.80122479229e-06	7.80122479229e-06	0	0	0	0	0	0	0	0	0	0	0	
Even3;k__Bacteria;p__Proteobacteria;c__Betaproteobacteria;o__Burkholderiales;f__Comamonadaceae;g__	5.4608573546e-05	5.4608573546e-05	5.4608573546e-05	5.4608573546e-05	5.4608573546e-05	5.4608573546e-05	0	0	0	0	0	0	0	0	0	0	0	0	0	0	0	0	0	0	0	0	0	0	3.90061239615e-05	3.90061239615e-05	0	
Even3;k__Bacteria;p__Firmicutes;c__Clostridia;o__Clostridiales;f__Clostridiaceae;g__02d06	0.000109217147092	0.000109217147092	0.000109217147092	0.000109217147092	0.000109217147092	0.0001014159223	0.0	0.0	0	0	0	0	0	0	0	0	0	0.0	0	0	0	0	0	0	0	0	0	0	6.24097983383e-05	6.24097983383e-05	0	
Even3;k__Bacteria;p__Proteobacteria;c__Gammaproteobacteria;o__Pseudomonadales;f__Moraxellaceae;g__Acinetobacter	1.56024495846e-05	1.56024495846e-05	1.56024495846e-05	1.56024495846e-05	1.56024495846e-05	1.56024495846e-05	1.56024495846e-05	1.56024495846e-05	1.56024495846e-05	1.56024495846e-05	1.56024495846e-05	1.56024495846e-05	1.56024495846e-05	1.56024495846e-05	1.56024495846e-05	1.56024495846e-05	1.56024495846e-05	1.56024495846e-05	1.56024495846e-05	1.56024495846e-05	1.56024495846e-05	1.56024495846e-05	1.56024495846e-05	1.56024495846e-05	1.56024495846e-05	1.56024495846e-05	1.56024495846e-05	1.56024495846e-05	1.56024495846e-05	1.56024495846e-05	0	
Even3;k__Bacteria;p__Cyanobacteria;c__Oscillatoriophycideae;o__Chroococcales;f__Chroococcaceae;g__	2.34036743769e-05	2.34036743769e-05	2.34036743769e-05	2.34036743769e-05	2.34036743769e-05	0	0	0	0	0	0	0	0	0	0	0	0	0	0	0	0	0	0	0	0	0	0	0	0	0	0	
Even3;k__Bacteria;p__Bacteroidetes;c__Flavobacteriia;o__Flavobacteriales;f__Flavobacteriaceae;g__Flavobacterium	7.80122479229e-05	7.80122479229e-05	7.80122479229e-05	7.80122479229e-05	7.80122479229e-05	7.80122479229e-05	6.24097983383e-05	6.24097983383e-05	6.24097983383e-05	6.24097983383e-05	6.24097983383e-05	6.24097983383e-05	6.24097983383e-05	6.24097983383e-05	6.24097983383e-05	6.24097983383e-05	0	6.24097983383e-05	6.24097983383e-05	6.24097983383e-05	6.24097983383e-05	6.24097983383e-05	6.24097983383e-05	6.24097983383e-05	6.24097983383e-05	6.24097983383e-05	6.24097983383e-05	4.68073487538e-05	7.80122479229e-05	7.80122479229e-05	0	
Even3;k__Bacteria;p__Proteobacteria;c__Gammaproteobacteria;o__Alteromonadales;f__Alteromonadaceae;g__	7.80122479229e-06	7.80122479229e-06	7.80122479229e-06	7.80122479229e-06	7.80122479229e-06	7.80122479229e-06	7.80122479229e-06	7.80122479229e-06	0	0	0	0	0	0	0	0	0	7.80122479229e-06	7.80122479229e-06	0	0	0	0	0	0	0	0	0	7.80122479229e-06	0	0	
Even3;k__Bacteria;p__Proteobacteria;c__Alphaproteobacteria;o__Rhizobiales;f__Hyphomicrobiaceae;g__Rhodoplanes	0.0	0.0	0.0	0.0	0.0	0.0	0.0	0.0	0.0	0.0	0.0	0.0	0.0	0.0	0.0	0.0	0	0.0	0.0	0.0	0.0	0.0	0.0	0.0	0.0	0.0	0	0	0.0	0.0	0	
Even3;k__Bacteria;p__Bacteroidetes;c__Flavobacteriia;o__Flavobacteriales;f__Flavobacteriaceae;g__Lutimonas	0	0	0	0	0	0	7.80122479229e-06	7.80122479229e-06	7.80122479229e-06	7.80122479229e-06	7.80122479229e-06	7.80122479229e-06	7.80122479229e-06	7.80122479229e-06	0	0	0	7.80122479229e-06	7.80122479229e-06	7.80122479229e-06	7.80122479229e-06	7.80122479229e-06	7.80122479229e-06	7.80122479229e-06	7.80122479229e-06	0	0	0	0	0	0	
Even3;k__Bacteria;p__Firmicutes;c__Clostridia;o__Clostridiales;f__Lachnospiraceae;g__Coprococcus	3.90061239615e-05	3.90061239615e-05	3.90061239615e-05	3.90061239615e-05	3.90061239615e-05	3.90061239615e-05	0.000842532277568	0.000780122479229	0.000312048991692	0.000288645317315	3.12048991692e-05	3.12048991692e-05	3.12048991692e-05	2.34036743769e-05	2.34036743769e-05	2.34036743769e-05	0	0.000842532277568	0.000553886960253	0.000319850216484	0.000265241642938	5.4608573546e-05	3.12048991692e-05	3.12048991692e-05	2.34036743769e-05	2.34036743769e-05	2.34036743769e-05	7.80122479229e-06	7.80122479229e-06	7.80122479229e-06	0.0147	
Even3;k__Bacteria;p__Firmicutes;c__Clostridia;o__Natranaerobiales;f__;g__	7.80122479229e-06	7.80122479229e-06	7.80122479229e-06	7.80122479229e-06	7.80122479229e-06	0	0	0	0	0	0	0	0	0	0	0	0	0	0	0	0	0	0	0	0	0	0	0	0	0	0	
Even3;k__Bacteria;p__Proteobacteria;c__Gammaproteobacteria;o__Chromatiales;f__;g__	1.56024495846e-05	1.56024495846e-05	1.56024495846e-05	1.56024495846e-05	1.56024495846e-05	1.56024495846e-05	1.56024495846e-05	0.0	0.0	0.0	0.0	0	0	0	0	0	0	1.56024495846e-05	0.0	0.0	0.0	0	0	0	0	0	0	0	1.56024495846e-05	0.0	0	
Even3;k__Bacteria;p__Firmicutes;c__Clostridia;o__Clostridiales;f__Ruminococcaceae;g__Ruminococcus	0.000210633069392	0.000210633069392	0.000210633069392	0.000210633069392	0.000210633069392	0.000163825720638	0.00595233451652	0.00595233451652	0.00593673206693	0.00592893084214	0.00592112961735	0.00589772594297	0.00588212349339	0.00588212349339	0.0058665210438	0.00581191247026	0	0.00595233451652	0.00595233451652	0.00593673206693	0.00593673206693	0.00592893084214	0.00588992471818	0.00589772594297	0.00588212349339	0.0058665210438	0.00583531614463	0	3.12048991692e-05	7.80122479229e-05	0.0735	
Even3;k__Bacteria;p__Proteobacteria;c__Betaproteobacteria;o__Burkholderiales;f__Oxalobacteraceae;g__Polynucleobacter	7.80122479229e-06	7.80122479229e-06	7.80122479229e-06	7.80122479229e-06	7.80122479229e-06	7.80122479229e-06	7.80122479229e-06	7.80122479229e-06	7.80122479229e-06	7.80122479229e-06	7.80122479229e-06	7.80122479229e-06	7.80122479229e-06	7.80122479229e-06	0	0	0	7.80122479229e-06	7.80122479229e-06	7.80122479229e-06	7.80122479229e-06	7.80122479229e-06	7.80122479229e-06	7.80122479229e-06	0	0	0	0	7.80122479229e-06	7.80122479229e-06	0	
Even3;k__Bacteria;p__Proteobacteria;c__Betaproteobacteria;o__Burkholderiales;f__Comamonadaceae;g__Pelomonas	0	0	0	0	0	0	1.56024495846e-05	1.56024495846e-05	0	0	0	0	0	0	0	0	0	1.56024495846e-05	1.56024495846e-05	0	0	0	0	0	0	0	0	0	0	0	0	
Even3;k__Bacteria;p__Firmicutes;c__Clostridia;o__Thermoanaerobacterales;Other;Other	0	0	0	0	0	0	0	0	0	0	0	0	0	0	0	0	0	0	1.56024495846e-05	0	0	0	0	0	0	0	0	0	0	0	0	
Even3;k__Bacteria;p__Bacteroidetes;c__Bacteroidia;o__Bacteroidales;f__[Paraprevotellaceae];g__	0	0	0	0	0	0	7.80122479229e-06	7.80122479229e-06	7.80122479229e-06	0	0	0	0	0	0	0	0	7.80122479229e-06	7.80122479229e-06	7.80122479229e-06	0	0	0	0	0	0	0	0	0	0	0	
Even3;k__Bacteria;p__Proteobacteria;c__Alphaproteobacteria;o__Rhodospirillales;f__Rhodospirillaceae;Other	0	0	0	0	0	0	0	0	0	0.0	0.0	0	0	0	0	0	0	0	0	0	0.0	0.0	0.0	0	0	0	0	0	0	0	0	
Even3;k__Bacteria;p__Spirochaetes;Other;Other;Other;Other	0	0	0	0	0	0	0	0.0	0	0	0	0	0	0	0	0	0	0	0.0	0	0	0	0	0	0	0	0	0	0	0	0	
Even3;k__Bacteria;p__Proteobacteria;c__Gammaproteobacteria;o__Methylococcales;f__Crenotrichaceae;g__Crenothrix	0	0	0	0	0	0	0.0	0.0	0.0	0.0	0.0	0.0	0.0	0	0	0	0	0.0	0.0	0.0	0.0	0.0	0.0	0.0	0	0	0	0	0.0	0.0	0	
Even3;k__Bacteria;p__Proteobacteria;c__Gammaproteobacteria;o__Enterobacteriales;f__Enterobacteriaceae;g__Trabulsiella	0	0	0	0	0	0	0.00027304286773	0.00027304286773	0.000148223271054	0.000148223271054	3.12048991692e-05	3.12048991692e-05	7.80122479229e-06	7.80122479229e-06	0	0	0	0.00027304286773	0.00027304286773	0.000226235518976	0.00017162694543	3.12048991692e-05	7.80122479229e-06	3.12048991692e-05	7.80122479229e-06	0	0	0	0	7.02110231306e-05	0	
Even3;k__Bacteria;p__Proteobacteria;c__Alphaproteobacteria;o__Rickettsiales;f__;g__	3.12048991692e-05	3.12048991692e-05	3.12048991692e-05	3.12048991692e-05	3.12048991692e-05	3.12048991692e-05	0	0	0	0	0	0	0	0	0	0	0	0	0	0	0	0	0	0	0	0	0	0	0	0	0	
Even3;k__Bacteria;p__Bacteroidetes;c__Flavobacteriia;o__Flavobacteriales;f__[Weeksellaceae];Other	0	0	0	0	0	0	0	1.56024495846e-05	0	0	0	0	0	0	0	0	0	0	0	0	0	0	0	0	0	0	0	0	0	0	0	
Even3;k__Bacteria;p__Firmicutes;c__Clostridia;o__Clostridiales;f__Ruminococcaceae;g__Oscillospira	0.00413464913991	0.00413464913991	0.00413464913991	0.00413464913991	0.00413464913991	0.00413464913991	0.00408004056637	0.00408004056637	0.00408004056637	0.00407223934158	0.00404103444241	0.00401763076803	0.00401763076803	0.00396302219448	0.0039474197449	0.0039474197449	0	0.00408004056637	0.00408004056637	0.00408004056637	0.00408004056637	0.00407223934158	0.00403323321762	0.00398642586886	0.0039474197449	0.0039474197449	0.0039474197449	0	0.00416585403908	0.00419705893825	0	
Even3;k__Bacteria;p__Bacteroidetes;c__Bacteroidia;o__Bacteroidales;f__Rikenellaceae;g__Rikenella	0	0	0	0	0	0	7.80122479229e-06	7.80122479229e-06	0.0	0.0	0	0	0	0	0	0	0	7.80122479229e-06	7.80122479229e-06	0.0	0	0	0	0	0	0	0	0	0	0	0	
Even3;k__Bacteria;p__Proteobacteria;c__Gammaproteobacteria;o__Vibrionales;Other;Other	0	0	0	0	0	0	0	0	0	0	0	0	0	0	0	0	0	0	1.56024495846e-05	0	0	0	0	0	0	0	0	0	0	0	0	
Even3;k__Bacteria;p__Firmicutes;c__Erysipelotrichi;o__Erysipelotrichales;f__Erysipelotrichaceae;g__cc_115	0	0	0	0	0	0	5.4608573546e-05	5.4608573546e-05	0.0	0.0	0	0	0	0	0	0	0	5.4608573546e-05	7.80122479229e-06	0.0	0.0	0	0	0	0	0	0	0	0	0	0	
Even3;k__Bacteria;p__Proteobacteria;c__Gammaproteobacteria;o__Vibrionales;f__Pseudoalteromonadaceae;g__Pseudoalteromonas	0	0	0	0	0	0	2.34036743769e-05	2.34036743769e-05	0	0	0	0	0	0	0	0	0	2.34036743769e-05	7.80122479229e-06	0	0	0	0	0	0	0	0	0	0	0	0	
Even3;k__Bacteria;p__Bacteroidetes;c__Bacteroidia;o__Bacteroidales;f__Porphyromonadaceae;Other	0	0	0	0	0	0	0	2.34036743769e-05	6.24097983383e-05	8.58134727152e-05	0.0002028318446	0.000210633069392	0.000163825720638	0.000296446542107	0.0001014159223	2.34036743769e-05	0	0	3.12048991692e-05	0.000117018371884	0.000124819596677	0.000179428170223	0.000117018371884	0.000187229395015	0.000288645317315	0.000195030619807	3.90061239615e-05	0	3.12048991692e-05	0	0	
Even3;k__Bacteria;p__Firmicutes;c__Clostridia;o__Clostridiales;f__Peptococcaceae;g__Desulfosporosinus	0.00755158559894	0.00755158559894	0.00755158559894	0.00755158559894	0.00755158559894	0.00751257947498	0.0073877598783	0.0073877598783	0.0073877598783	0.0073877598783	0.00733315130475	0.00710691578578	0.00709131333619	0.00709131333619	0.00709131333619	0	0	0.0073877598783	0.0073877598783	0.00737995865351	0.00737215742872	0.00712251823536	0.00710691578578	0.00709131333619	0.00709131333619	0.00709131333619	2.34036743769e-05	0	0.00761399539728	0.00759839294769	0	
Even3;k__Bacteria;p__Proteobacteria;c__Gammaproteobacteria;o__Oceanospirillales;f__Hahellaceae;Other	0	0	0	0	0	0	0	0	0	7.80122479229e-06	0	0	0	0	0	0	0	0	0	0	0	0	0	0	0	0	0	0	0	0	0	
Even3;k__Bacteria;p__Proteobacteria;c__Betaproteobacteria;o__Burkholderiales;f__Alcaligenaceae;g__Sutterella	0.0	0.0	0.0	0.0	0.0	0.0	0.0	0.0	0.0	0.0	0	0	0	0	0	0	0	0.0	0.0	0.0	0	0	0	0	0	0	0	0	0.0	0.0	0	
Even3;k__Bacteria;p__Firmicutes;c__Clostridia;o__Clostridiales;f__Lachnospiraceae;g__Anaerostipes	0	0	0	0	0	0	3.12048991692e-05	3.12048991692e-05	0.0	0.0	0.0	0	0	0	0	0	0	3.12048991692e-05	3.12048991692e-05	0.0	0.0	0.0	0	0	0	0	0	0	0	0.000117018371884	0	
Even3;k__Bacteria;p__Bacteroidetes;c__Sphingobacteriia;o__Sphingobacteriales;f__;g__	0.0	0.0	0.0	0.0	0.0	0.0	0.0	0.0	0.0	0.0	0.0	0.0	0.0	0	0	0	0	0.0	0.0	0.0	0.0	0.0	0.0	0.0	0	0	0	0	0.0	7.80122479229e-06	0	
Even3;k__Bacteria;p__Firmicutes;c__Clostridia;o__Clostridiales;f__[Tissierellaceae];g__Tissierella_Soehngenia	7.80122479229e-06	7.80122479229e-06	7.80122479229e-06	7.80122479229e-06	7.80122479229e-06	0	0	0	0	0	0	0	0	0	0	0	0	0	0	0	0	0	0	0	0	0	0	0	0	0	0	
Even3;k__Bacteria;p__Fusobacteria;c__Fusobacteriia;o__Fusobacteriales;f__Fusobacteriaceae;Other	0	0	0	0	0	0	0	0	0	0	0	7.80122479229e-06	7.80122479229e-06	7.80122479229e-06	7.80122479229e-06	7.80122479229e-06	0	0	0	0	0	0	0	7.80122479229e-06	7.80122479229e-06	7.80122479229e-06	7.80122479229e-06	0	0	0	0	
Even3;k__Bacteria;p__Proteobacteria;c__Deltaproteobacteria;o__[Entotheonellales];f__;g__	0.0	0.0	0.0	0.0	0.0	0.0	0.0	0.0	0.0	0.0	0.0	0	0	0	0	0	0	0.0	0.0	0.0	0.0	0	0	0	0	0	0	0	0.0	0.0	0	
Even3;k__Bacteria;p__Acidobacteria;c__Acidobacteriia;o__Acidobacteriales;f__Koribacteraceae;Other	0	0	0	0	0	0	0	0	0	0	0	0	0	0	0	0	0	0	0	0	0	0	0	0.0	0	0	0.0	0	0	0	0	
Even3;k__Bacteria;p__Planctomycetes;c__Phycisphaerae;Other;Other;Other	0	0	0	0	0	0	0	0	0	0	0	0	0	1.56024495846e-05	1.56024495846e-05	2.34036743769e-05	7.80122479229e-06	0	0	0	0	0	0	0	0	1.56024495846e-05	0	7.80122479229e-06	0	0	0	
Even3;k__Bacteria;p__Acidobacteria;c__OS-K;o__;f__;g__	1.56024495846e-05	1.56024495846e-05	1.56024495846e-05	1.56024495846e-05	1.56024495846e-05	0	0	0	0	0	0	0	0	0	0	0	0	0	0	0	0	0	0	0	0	0	0	0	0	0	0	
Even3;k__Bacteria;p__Nitrospirae;c__Nitrospira;o__Nitrospirales;f__[Thermodesulfovibrionaceae];g__	0.0	0.0	0.0	0.0	0.0	0.0	0.0	0.0	0.0	0.0	0.0	0.0	0.0	0.0	0	0	0	0.0	0.0	0.0	0.0	0.0	0.0	0.0	0.0	0.0	0	0	0.0	0.0	0	
Even3;k__Bacteria;p__Firmicutes;c__Clostridia;o__Clostridiales;f__Eubacteriaceae;g__	0	0	0	0	0	0	0	0	0	0	0	0	0	0	0	0	0	0	0	0	0	0	0	0	0	0	0	0	0	7.80122479229e-06	0	
Even3;k__Bacteria;p__Firmicutes;c__Bacilli;o__Bacillales;f__Sporolactobacillaceae;g__Sporolactobacillus	7.80122479229e-06	7.80122479229e-06	7.80122479229e-06	7.80122479229e-06	7.80122479229e-06	7.80122479229e-06	2.34036743769e-05	2.34036743769e-05	2.34036743769e-05	2.34036743769e-05	2.34036743769e-05	2.34036743769e-05	2.34036743769e-05	0	0	0	0	2.34036743769e-05	2.34036743769e-05	2.34036743769e-05	2.34036743769e-05	2.34036743769e-05	2.34036743769e-05	1.56024495846e-05	0	0	0	0	0	0	0	
Even3;k__Bacteria;p__Firmicutes;c__Bacilli;o__Bacillales;f__Bacillaceae;g__Terribacillus	0	0	0	0	0	0	2.34036743769e-05	0	0	0	0	0	0	0	0	0	0	2.34036743769e-05	0	0	0	0	0	0	0	0	0	0	0	0	0	
Even3;k__Bacteria;p__Cyanobacteria;c__Nostocophycideae;o__Nostocales;Other;Other	0	0	0	0	0	0	0	0	0	0	0	0	0	0	0	0	0.000390061239615	0	0	0	0	0	0	0	0	0	0	0	0	0	0	
Even3;k__Bacteria;p__Firmicutes;c__Clostridia;o__Clostridiales;f__Clostridiaceae;g__Anaerococcus	0	0	0	0	0	0	0	0	0	0	0	0	0	0	0	0	0	0	0	0	0	0	0	0	0	0	0	0	0	0	0.0147	
Even3;k__Bacteria;p__Bacteroidetes;c__Bacteroidia;o__Bacteroidales;f__Prevotellaceae;Other	0	0	0	0	0	0	0	0	0	2.34036743769e-05	2.34036743769e-05	2.34036743769e-05	0.00017162694543	2.34036743769e-05	0.000639700432968	5.4608573546e-05	3.12048991692e-05	0	0	1.56024495846e-05	5.4608573546e-05	7.80122479229e-06	1.56024495846e-05	0.0001014159223	3.12048991692e-05	3.12048991692e-05	0.000631899208176	0.000124819596677	0	0	0	
Even3;k__Bacteria;p__Cyanobacteria;c__4C0d-2;o__YS2;f__;g__	7.80122479229e-06	7.80122479229e-06	7.80122479229e-06	7.80122479229e-06	7.80122479229e-06	7.80122479229e-06	7.80122479229e-06	7.80122479229e-06	7.80122479229e-06	7.80122479229e-06	7.80122479229e-06	7.80122479229e-06	7.80122479229e-06	7.80122479229e-06	7.80122479229e-06	7.80122479229e-06	0	7.80122479229e-06	7.80122479229e-06	7.80122479229e-06	7.80122479229e-06	7.80122479229e-06	7.80122479229e-06	7.80122479229e-06	7.80122479229e-06	7.80122479229e-06	7.80122479229e-06	0	7.80122479229e-06	7.80122479229e-06	0	
Even3;k__Bacteria;p__Proteobacteria;c__Deltaproteobacteria;o__Desulfarculales;f__Desulfarculaceae;g__	0.0	0.0	0.0	0.0	0.0	0.0	0	0	0	0	0	0	0	0	0	0	0	0	0	0	0	0	0	0	0	0	0	0	0.0	0.0	0	
Even3;k__Bacteria;p__Proteobacteria;c__Betaproteobacteria;o__Ellin6067;f__;g__	7.80122479229e-06	7.80122479229e-06	7.80122479229e-06	7.80122479229e-06	7.80122479229e-06	7.80122479229e-06	7.80122479229e-06	7.80122479229e-06	7.80122479229e-06	0.0	0.0	0.0	0.0	0	0	0	0	7.80122479229e-06	7.80122479229e-06	7.80122479229e-06	0.0	0.0	0.0	0	0	0	0	0	7.80122479229e-06	7.80122479229e-06	0	
Even3;k__Bacteria;p__Firmicutes;c__Clostridia;o__Clostridiales;f__Clostridiaceae;g__Caloramator	7.80122479229e-06	7.80122479229e-06	7.80122479229e-06	7.80122479229e-06	7.80122479229e-06	7.80122479229e-06	0	0	0	0	0	0	0	0	0	0	0	0	0	0	0	0	0	0	0	0	0	0	1.56024495846e-05	7.80122479229e-06	0	
Even3;k__Bacteria;p__Proteobacteria;c__Gammaproteobacteria;o__Thiotrichales;f__Thiotrichaceae;Other	0	0	0	0	0	0	0	0	0.0	0	0	0	0	0	0	0	0	0	0	0	0	0	0	0	0	0	0	0	0	0	0	
Even3;k__Bacteria;p__Proteobacteria;c__Gammaproteobacteria;o__Xanthomonadales;f__Xanthomonadaceae;g__Wohlfahrtiimonas	0	0	0	0	0	0	7.80122479229e-06	7.80122479229e-06	7.80122479229e-06	0	0	0	0	0	0	0	0	7.80122479229e-06	7.80122479229e-06	7.80122479229e-06	0	0	0	0	0	0	0	0	0	0	0	
Even3;k__Bacteria;p__Firmicutes;c__Clostridia;o__Clostridiales;f__Lachnospiraceae;g__Lachnobacterium	0.000241837968561	0.000241837968561	0.000241837968561	0.000241837968561	0.000241837968561	0.000226235518976	0.000343253890861	0.000343253890861	0.000343253890861	0.000319850216484	0.000319850216484	0.000296446542107	0.000234036743769	0.000226235518976	0.000210633069392	0.0002028318446	0	0.000343253890861	0.000343253890861	0.000327651441276	0.000319850216484	0.000319850216484	0.000312048991692	0.000234036743769	0.000234036743769	0.000210633069392	0	0	0	0	0	
Even3;k__Bacteria;p__Proteobacteria;c__Gammaproteobacteria;o__Xanthomonadales;f__Xanthomonadaceae;g__	0.000226235518976	0.000226235518976	0.000226235518976	0.000226235518976	0.000226235518976	0.0	3.90061239615e-05	3.90061239615e-05	3.12048991692e-05	0.0	0.0	0	0	0	0	0	0	3.90061239615e-05	3.90061239615e-05	3.12048991692e-05	0.0	0	0	0	0	0	0	0	0.0	0.0	0	
Even3;k__Archaea;p__Crenarchaeota;c__Thaumarchaeota;o__Nitrososphaerales;f__Nitrososphaeraceae;g__Candidatus Nitrososphaera	2.34036743769e-05	2.34036743769e-05	2.34036743769e-05	2.34036743769e-05	2.34036743769e-05	2.34036743769e-05	0	0	0	0	0	0	0	0	0	0	0	2.34036743769e-05	2.34036743769e-05	2.34036743769e-05	2.34036743769e-05	2.34036743769e-05	2.34036743769e-05	2.34036743769e-05	2.34036743769e-05	2.34036743769e-05	2.34036743769e-05	0	2.34036743769e-05	2.34036743769e-05	0	
Even3;k__Bacteria;p__Firmicutes;c__Clostridia;o__Clostridiales;f__[Mogibacteriaceae];g__	0.000507079611499	0.000507079611499	0.000507079611499	0.000507079611499	0.000507079611499	0.000499278386707	0	0	0	0	0	0	0	0	0	0	0	0	0	0	0	0	0	0	0	0	0	0	0.000429067363576	2.34036743769e-05	0	
Even3;k__Bacteria;p__Cyanobacteria;c__Synechococcophycideae;o__Pseudanabaenales;f__Pseudanabaenaceae;g__Pseudanabaena	1.56024495846e-05	1.56024495846e-05	1.56024495846e-05	1.56024495846e-05	1.56024495846e-05	1.56024495846e-05	1.56024495846e-05	1.56024495846e-05	1.56024495846e-05	1.56024495846e-05	1.56024495846e-05	1.56024495846e-05	1.56024495846e-05	1.56024495846e-05	1.56024495846e-05	1.56024495846e-05	0	1.56024495846e-05	1.56024495846e-05	1.56024495846e-05	1.56024495846e-05	1.56024495846e-05	1.56024495846e-05	1.56024495846e-05	1.56024495846e-05	1.56024495846e-05	1.56024495846e-05	0	1.56024495846e-05	1.56024495846e-05	0	
Even3;k__Bacteria;p__Acidobacteria;c__Acidobacteria-6;Other;Other;Other	0	0	0	0	0	0	0	0	0	0	1.56024495846e-05	1.56024495846e-05	1.56024495846e-05	1.56024495846e-05	1.56024495846e-05	0	0	0	0	0	0	1.56024495846e-05	1.56024495846e-05	1.56024495846e-05	1.56024495846e-05	1.56024495846e-05	0	1.56024495846e-05	0	0	0	
Even3;k__Bacteria;p__Cyanobacteria;c__Nostocophycideae;o__Nostocales;f__Nostocaceae;g__Aphanizomenon	0	0	0	0	0	0	0.0	0	0	0	0	0	0	0	0	0	0	0.0	0	0	0	0	0	0	0	0	0	0	0	0	0	
Even3;k__Archaea;p__Crenarchaeota;c__Thermoprotei;o__Thermoproteales;f__Thermoproteaceae;Other	0	0	0	0	0	0	0	7.80122479229e-06	0	0	0	0	0	0	0	0	0	0	0.0	1.56024495846e-05	0	0	0	0	0	0	0	0	0	0	0	
Even3;k__Bacteria;p__Acidobacteria;c__Acidobacteria-6;o__iii1-15;f__;g__	5.4608573546e-05	5.4608573546e-05	5.4608573546e-05	5.4608573546e-05	5.4608573546e-05	5.4608573546e-05	4.68073487538e-05	4.68073487538e-05	3.90061239615e-05	3.90061239615e-05	2.34036743769e-05	2.34036743769e-05	2.34036743769e-05	2.34036743769e-05	2.34036743769e-05	1.56024495846e-05	0	4.68073487538e-05	4.68073487538e-05	4.68073487538e-05	3.90061239615e-05	2.34036743769e-05	2.34036743769e-05	2.34036743769e-05	2.34036743769e-05	2.34036743769e-05	0.0	0	5.4608573546e-05	5.4608573546e-05	0	
Even3;k__Bacteria;p__Proteobacteria;c__Gammaproteobacteria;o__Enterobacteriales;f__Enterobacteriaceae;g__Enterobacter	7.80122479229e-06	7.80122479229e-06	7.80122479229e-06	7.80122479229e-06	7.80122479229e-06	7.80122479229e-06	0.000709911456099	0.000460272262745	0.0001014159223	2.34036743769e-05	0.0	7.80122479229e-06	0	0	0	0	0	0.000624097983383	0.000288645317315	3.12048991692e-05	7.80122479229e-06	7.80122479229e-06	0	0	0	0	0	0	7.80122479229e-06	7.80122479229e-06	0.0147	
Even3;k__Bacteria;p__Firmicutes;c__Clostridia;o__Clostridiales;f__Clostridiaceae;Other	0	0	0	0	0	0	0	8.58134727152e-05	0.000304247766899	0.000998556773413	0.00116238249405	0.00269142255334	0.0156648593829	0.0171704957678	0.0160861255217	0.0155166361119	0.0413386901744	0	9.36146975075e-05	0.000343253890861	0.00115458126926	0.00103756289737	0.0155400397862	0.0156804618325	0.0157272691813	0.0164683855365	0.00280063970043	0.0408862191364	0.000163825720638	0.0365955455006	0	
Even3;k__Bacteria;p__Bacteroidetes;c__[Saprospirae];o__[Saprospirales];f__Chitinophagaceae;g__	7.80122479229e-05	7.80122479229e-05	7.80122479229e-05	7.80122479229e-05	7.80122479229e-05	7.80122479229e-05	7.02110231306e-05	7.02110231306e-05	4.68073487538e-05	4.68073487538e-05	3.90061239615e-05	3.12048991692e-05	7.80122479229e-06	7.80122479229e-06	7.80122479229e-06	0	0	5.4608573546e-05	5.4608573546e-05	5.4608573546e-05	4.68073487538e-05	3.12048991692e-05	3.12048991692e-05	7.80122479229e-06	7.80122479229e-06	7.80122479229e-06	0	0	7.80122479229e-05	6.24097983383e-05	0	
Even3;k__Bacteria;p__Planctomycetes;c__OM190;Other;Other;Other	0	0	0	0	0	0	0	0	0	0	0	0	0	0	0	0	0	0	0	0	0.0	0	0	0	0	0	0	0	0	0	0	
Even3;k__Bacteria;p__Proteobacteria;c__Alphaproteobacteria;o__Ellin329;f__;g__	0.0	0.0	0.0	0.0	0.0	0.0	0.0	0.0	0.0	0.0	0.0	0.0	0.0	0.0	0	0	0	0.0	0.0	0.0	0.0	0.0	0.0	0.0	0.0	0	0	0	0.0	0.0	0	
Even3;k__Bacteria;p__Firmicutes;c__Clostridia;o__Clostridiales;f__[Tissierellaceae];g__Anaerococcus	0.0303623668916	0.0303623668916	0.0303623668916	0.0303623668916	0.0303623668916	0.0293872137926	0.0294886297149	0.0294886297149	0.0294886297149	0.0294808284901	0.0293950150174	0.0290673635761	0.0287007060108	0.0278113663845	0.0271326598276	0.0269376292078	1.56024495846e-05	0.0294886297149	0.0294886297149	0.0294886297149	0.0294574248157	0.0294106174669	0.0290595623513	0.028770917034	0.0284120606935	0.0271794671763	0.0269766353317	0.0268986230838	0.0302219448453	0.0303389632172	0	
Even3;k__Bacteria;p__Proteobacteria;c__Deltaproteobacteria;o__Myxococcales;f__Haliangiaceae;g__	7.80122479229e-06	7.80122479229e-06	7.80122479229e-06	7.80122479229e-06	7.80122479229e-06	0	0	0	0	0	0	0	0	0	0	0	0	0	0	0	0	0	0	0	0	0	0	0	7.80122479229e-06	7.80122479229e-06	0	
Even3;k__Bacteria;p__Firmicutes;c__Erysipelotrichi;o__Erysipelotrichales;f__Erysipelotrichaceae;g__Bulleidia	0	0	0	0	0	0	0.000312048991692	0	0	0	0	0	0	0	0	0	0	0.000312048991692	0	0	0	0	0	0	0	0	0	0	0	0	0	
Even3;k__Bacteria;p__Chrysiogenetes;c__Chrysiogenetes;o__Chrysiogenales;f__Chrysiogenaceae;g__Desulfurispirillum	0	0	0	0	0	0	0.000179428170223	7.80122479229e-06	7.80122479229e-06	0	0	0	0	0	0	0	0	0.000179428170223	7.80122479229e-06	7.80122479229e-06	0	0	0	0	0	0	0	0	0	0	0	
Even3;k__Bacteria;p__Proteobacteria;c__Gammaproteobacteria;o__Chromatiales;f__Chromatiaceae;g__Thiocystis	0	0	0	0	0	0	0.000117018371884	0.000117018371884	0	0	0	0	0	0	0	0	0	0.000117018371884	0.000109217147092	8.58134727152e-05	0	0	0	0	0	0	0	0	0	0	0	
Even3;k__Bacteria;p__Proteobacteria;c__Gammaproteobacteria;o__Alteromonadales;f__Alteromonadaceae;g__Spongiibacter	0	0	0	0	0	0	0.0	0.0	0.0	0.0	0	0	0	0	0	0	0	0.0	0.0	0.0	0.0	0	0	0	0	0	0	0	0	0	0	
Even3;k__Bacteria;p__Proteobacteria;c__Alphaproteobacteria;o__Rhizobiales;f__Phyllobacteriaceae;g__Pseudaminobacter	0	0	0	0	0	0	1.56024495846e-05	0	0	0	0	0	0	0	0	0	0	1.56024495846e-05	0	0	0	0	0	0	0	0	0	0	0	0	0	
Even3;k__Bacteria;p__Firmicutes;c__Clostridia;o__Clostridiales;f__Ruminococcaceae;Other	0	0	0	0	0	0	0	8.58134727152e-05	0.000491477161914	0.00112337637009	0.00140422046261	0.00152904005929	0.00150563638491	0.000826929827983	0.0105628583688	0.0102820142762	0.0	0	0.000140422046261	0.00107656902134	0.00117798494364	0.00134181066427	0.00147443148574	0.00155244373367	0.0112727698249	0.0106174669423	0.0101649959044	0.000148223271054	0.000187229395015	0.000187229395015	0	
Even3;k__Bacteria;p__Proteobacteria;c__Gammaproteobacteria;o__Alteromonadales;f__Moritellaceae;g__	0	0	0	0	0	0	0.000312048991692	2.34036743769e-05	0	0	0	0	0	0	0	0	0	0.000312048991692	3.12048991692e-05	0	0	0	0	0	0	0	0	0	0	0	0	
Even3;k__Bacteria;p__Actinobacteria;c__Actinobacteria;o__Actinomycetales;f__Intrasporangiaceae;Other	0	0	0	0	0	0	0	0	7.80122479229e-06	0	0	0	0	0	0	0	0	0	0	0	0	0	0	0	0	0	0	0	0	0	0	
Even3;k__Bacteria;p__Acidobacteria;c__Acidobacteriia;o__Acidobacteriales;Other;Other	0	0	0	0	0	0	0	0	0	0	0.0	0.0	0	0	0	0.0	0	0	0	0	0	0	0	0	0.0	0.0	0	0	0	0	0	
Even3;k__Bacteria;p__Firmicutes;c__Clostridia;o__Clostridiales;f__Lachnospiraceae;g__Shuttleworthia	0	0	0	0	0	0	0.000390061239615	0.000390061239615	0.000390061239615	0.000335452666069	0.000366657565238	0	0	0	0	0	0	0.000390061239615	0.000390061239615	0.000390061239615	0.000366657565238	0.000366657565238	0	0	0	0	0	0	0	0	0	
Even3;k__Bacteria;p__Bacteroidetes;c__Sphingobacteriia;o__Sphingobacteriales;f__Sphingobacteriaceae;g__	7.80122479229e-06	7.80122479229e-06	7.80122479229e-06	7.80122479229e-06	7.80122479229e-06	7.80122479229e-06	7.80122479229e-06	7.80122479229e-06	7.80122479229e-06	7.80122479229e-06	7.80122479229e-06	7.80122479229e-06	0.0	0	0	0	0	7.80122479229e-06	7.80122479229e-06	7.80122479229e-06	7.80122479229e-06	7.80122479229e-06	7.80122479229e-06	0	0	0	0	0	7.80122479229e-06	7.80122479229e-06	0	
Even3;k__Bacteria;p__Proteobacteria;c__Alphaproteobacteria;o__Rhodobacterales;f__Rhodobacteraceae;g__	0.0	0.0	0.0	0.0	0.0	0.0	0	0	0	0	0	0	0	0	0	0	0	0	0	0	0	0	0	0	0	0	0	0	0.0	0.0	0	
Even3;k__Bacteria;p__Planctomycetes;c__[Brocadiae];o__Brocadiales;Other;Other	0	0	0	0	0	0	0	0.0	0	0	0	0	0	0	0	0	0	0	0	0	0	0	0	0	0	0	0	0	0	0	0	
Even3;k__Bacteria;p__Acidobacteria;c__Solibacteres;o__Solibacterales;Other;Other	0	0	0	0	0	0	0	0	2.34036743769e-05	2.34036743769e-05	2.34036743769e-05	2.34036743769e-05	2.34036743769e-05	2.34036743769e-05	0.0	0.0	0	0	0	2.34036743769e-05	2.34036743769e-05	2.34036743769e-05	2.34036743769e-05	2.34036743769e-05	2.34036743769e-05	0.0	0	0	0	0	0	
Even3;k__Bacteria;p__Chloroflexi;c__Chloroflexi;o__Chloroflexales;Other;Other	0	0	0	0	0	0	0	3.90061239615e-05	0	0	0	0	0	0	0	0	0	0	3.90061239615e-05	0	0	0	0	0	0	0	0	0	0	0	0	
Even3;k__Bacteria;p__OD1;c__ABY1;o__;f__;g__	8.58134727152e-05	8.58134727152e-05	8.58134727152e-05	8.58134727152e-05	8.58134727152e-05	0	0	0	0	0	0	0	0	0	0	0	0	0	0	0	0	0	0	0	0	0	0	0	0	0	0	
Even3;k__Bacteria;p__Proteobacteria;c__Gammaproteobacteria;o__Alteromonadales;f__[Chromatiaceae];g__Alishewanella	0	0	0	0	0	0	7.80122479229e-06	7.80122479229e-06	7.80122479229e-06	7.80122479229e-06	7.80122479229e-06	0	0	0	0	0	0	7.80122479229e-06	7.80122479229e-06	7.80122479229e-06	7.80122479229e-06	0	0	0	0	0	0	0	0	0	0	
Even3;k__Bacteria;p__Firmicutes;c__Erysipelotrichi;o__Erysipelotrichales;f__Erysipelotrichaceae;g__[Eubacterium]	0.0156024495846	0.0156024495846	0.0156024495846	0.0156024495846	0.0156024495846	0.0155088348871	0.015212388345	0.015212388345	0.0152045871202	0.0151889846706	0.015173382221	0.0151031711979	0.0149003393533	0.0147521160822	0.014572687912	0.0144868744393	0.0142216327963	0.015212388345	0.015212388345	0.015212388345	0.0151889846706	0.0151031711979	0.0150875687483	0.0149081405781	0.0146975075087	0.014533681788	0.0144946756641	2.34036743769e-05	0.0156336544838	0.0156414557085	0	
Even3;k__Bacteria;p__Bacteroidetes;c__Flavobacteriia;o__Flavobacteriales;f__Flavobacteriaceae;g__Leeuwenhoekiella	0	0	0	0	0	0	2.34036743769e-05	0	0	0	0	0	0	0	0	0	0	2.34036743769e-05	0	0	0	0	0	0	0	0	0	0	0	0	0	
Even3;k__Bacteria;p__Firmicutes;c__Clostridia;o__Clostridiales;f__EtOH8;g__	0	0	0	0	0	0	7.80122479229e-06	0	0	0	0	0	0	0	0	0	0	7.80122479229e-06	7.80122479229e-06	0	0	0	0	0	0	0	0	0	0	0	0	
Even3;k__Bacteria;p__Bacteroidetes;c__Bacteroidia;o__Bacteroidales;f__Prevotellaceae;g__Prevotella	0.026516363069	0.026516363069	0.026516363069	0.026516363069	0.026516363069	0.0260794944806	0.0267503998128	0.0266021765417	0.0265631704178	0.0264851581698	0.0264617544955	0.0264383508211	0.0261887116277	0.026063892031	0.025314974451	0.0250185279089	0.0200725513906	0.0267503998128	0.0266021765417	0.0265475679682	0.0264929593946	0.0264695557202	0.0264461520459	0.0262277177517	0.0261106993798	0.02591566876	0.0249639193353	0.0191051995163	0.0265787728673	0.0265319655186	0.0147	
Even3;k__Bacteria;p__Acidobacteria;Other;Other;Other;Other	0	0	0	0	0	0	0	0.0	0.0	0	0.0	0.0	0.0	7.80122479229e-06	0	0	1.56024495846e-05	0	0.0	0.0	0.0	0.0	0.0	0.0	7.80122479229e-06	2.34036743769e-05	0.0	0.0	0	0	0	
Even3;k__Bacteria;p__Firmicutes;c__Clostridia;o__Clostridiales;f__Veillonellaceae;g__	0.000148223271054	0.000148223271054	0.000148223271054	0.000148223271054	0.000148223271054	0.0001014159223	0.0	0.0	0.0	0.0	0.0	0	0	0	0	0	0	0.0	0.0	0.0	0.0	0.0	0.0	0	0	0	0	0	0.000117018371884	0.000117018371884	0	
Even3;k__Bacteria;p__Actinobacteria;c__Coriobacteriia;o__Coriobacteriales;f__Coriobacteriaceae;Other	0	0	0	0	0	0	0	4.68073487538e-05	0	0	0	7.80122479229e-06	7.80122479229e-06	0	0	0.0	0	0	4.68073487538e-05	0	0	0	0	0	0	0	0.000109217147092	0	0	0	0	
Even3;k__Bacteria;p__Cyanobacteria;c__Synechococcophycideae;o__Pseudanabaenales;Other;Other	0	0	0	0	0	0	0	0	0	0	0	0	0	0	0	0	1.56024495846e-05	0	0	0	0	0	0	0	0	0	0	0	0	0	0	
Even3;k__Bacteria;p__SAR406;c__AB16;o__Arctic96B-7;f__A714017;g__SGSH944	7.80122479229e-06	7.80122479229e-06	7.80122479229e-06	7.80122479229e-06	7.80122479229e-06	7.80122479229e-06	7.80122479229e-06	7.80122479229e-06	7.80122479229e-06	7.80122479229e-06	7.80122479229e-06	7.80122479229e-06	0	0	0	0	0	7.80122479229e-06	7.80122479229e-06	7.80122479229e-06	7.80122479229e-06	7.80122479229e-06	7.80122479229e-06	7.80122479229e-06	0	0	0	0	7.80122479229e-06	7.80122479229e-06	0	
Even3;k__Bacteria;p__Actinobacteria;c__Coriobacteriia;o__Coriobacteriales;f__Coriobacteriaceae;g__Atopobium	0	0	0	0	0	0	3.12048991692e-05	0	0	0	0	0	0	0	0	0	0	3.90061239615e-05	3.12048991692e-05	0	0	0	0	0	0	0	0	0	0	0	0	
Even3;k__Bacteria;p__Firmicutes;c__Bacilli;o__Lactobacillales;f__Lactobacillaceae;g__Lactobacillus	0.000639700432968	0.000639700432968	0.000639700432968	0.000639700432968	0.000639700432968	0.000468073487538	2.34036743769e-05	2.34036743769e-05	1.56024495846e-05	0	0	0	0	0	0	0	0	2.34036743769e-05	1.56024495846e-05	1.56024495846e-05	0	0	0	0	0	0	0	0	0.000678706556929	0.000686507781722	0	
Even3;k__Bacteria;p__Proteobacteria;c__Alphaproteobacteria;o__Caulobacterales;f__Caulobacteraceae;g__Brevundimonas	0	0	0	0	0	0	0.0	0	0	0	0	0	0	0	0	0	0	0	0	0	0	0	0	0	0	0	0	0	0	0	0	
Even3;k__Bacteria;p__Actinobacteria;c__Actinobacteria;o__Actinomycetales;f__Microbacteriaceae;Other	0	0	0	0	0	0	0	0.0	0.0	0	0	0	0	0	7.80122479229e-06	7.80122479229e-06	0	0	0.0	0	0	0	0	0	7.80122479229e-06	7.80122479229e-06	7.80122479229e-06	0	0	0	0	
Even3;k__Bacteria;p__Firmicutes;c__Clostridia;o__Natranaerobiales;Other;Other	0	0	0	0	0	0	0	0.0	0	0	0	0	0	0	0	0	0	0	0	0	0	0	0	0	0	0	0	0	0	0	0	
Even3;k__Bacteria;p__Bacteroidetes;c__Bacteroidia;o__Bacteroidales;f__Rikenellaceae;g__PW3	0.0	0.0	0.0	0.0	0.0	0	1.56024495846e-05	1.56024495846e-05	7.80122479229e-06	0	0	0	0	0	0	0	0	1.56024495846e-05	1.56024495846e-05	7.80122479229e-06	0	0	0	0	0	0	0	0	0	0	0	
Even3;k__Archaea;Other;Other;Other;Other;Other	0	0	0	0	0	0	0	3.90061239615e-05	0.0002028318446	0.000187229395015	3.90061239615e-05	0	0	0	0	0	2.34036743769e-05	0	1.56024495846e-05	0.000132620821469	0.000187229395015	3.90061239615e-05	0	0	0	0	7.80122479229e-06	7.80122479229e-06	0	0	0	
Even3;k__Bacteria;p__Actinobacteria;c__Acidimicrobiia;o__Acidimicrobiales;f__Acidimicrobiaceae;Other	0	0	0	0	0	0	0	0	0	0	0	0	0	0	0	0	0	0	7.80122479229e-06	0	0	0	0	0	0	0	0	0	0	0	0	
Even3;k__Bacteria;p__Firmicutes;c__Clostridia;o__Clostridiales;f__[Tissierellaceae];Other	0	0	0	0	0	0	0	0	0	0.0	4.68073487538e-05	0.000148223271054	0.000187229395015	0.000764520029645	0.000195030619807	7.80122479229e-06	0	0	0	0	0	4.68073487538e-05	0.000140422046261	0.000187229395015	0.000132620821469	0.00027304286773	1.56024495846e-05	0	0	0	0	
Even3;k__Bacteria;p__Proteobacteria;c__Gammaproteobacteria;o__Enterobacteriales;f__Enterobacteriaceae;Other	0	0	0	0	0	0	0	0.00428287241097	0.00584311736943	0.00669345087179	0.017201700667	0.0538050473924	0.056527674845	0.0546787845692	0.0171314896439	0.041541522019	0	0	0.00414245036471	0.00585871981901	0.0152201895698	0.0188789639973	0.0537036314701	0.0550844482584	0.0529625151149	0.0537348363693	0.0465967156844	0	0.0781838748684	0.0786987557046	0	
Even3;k__Bacteria;p__Actinobacteria;c__Actinobacteria;o__Actinomycetales;f__Thermomonosporaceae;g__Actinoallomurus	0	0	0	0	0	0	5.4608573546e-05	0	0	0	0	0	0	0	0	0	0	5.4608573546e-05	0	0	0	0	0	0	0	0	0	0	0	0	0	
Even3;k__Bacteria;p__SAR406;c__AB16;o__Arctic96B-7;f__A714017;Other	0	0	0	0	0	0	0	0	0	0	0	0	7.80122479229e-06	7.80122479229e-06	0	0	0	0	0	0	0	0	0	0	7.80122479229e-06	0	0	0	0	0	0	
Even3;k__Bacteria;p__Verrucomicrobia;c__[Pedosphaerae];o__[Pedosphaerales];f__[Pedosphaeraceae];g__Pedosphaera	0.0	0.0	0.0	0.0	0.0	0.0	0.0	0.0	0.0	0.0	0.0	0.0	0.0	0	0	0	0	0.0	0.0	0.0	0.0	0.0	0.0	0.0	0	0	0	0	0.0	0.0	0	
Even3;k__Bacteria;p__Spirochaetes;c__Spirochaetes;o__Spirochaetales;f__Spirochaetaceae;g__HAW-RM37	0	0	0	0	0	0	7.80122479229e-06	7.80122479229e-06	7.80122479229e-06	7.80122479229e-06	7.80122479229e-06	0	0	0	0	0	0	7.80122479229e-06	7.80122479229e-06	7.80122479229e-06	7.80122479229e-06	7.80122479229e-06	0	0	0	0	0	0	0	0	0	
Even3;k__Bacteria;p__Proteobacteria;c__Deltaproteobacteria;o__Desulfuromonadales;f__Desulfuromonadaceae;g__	0.0	0.0	0.0	0.0	0.0	0.0	0.0	0.0	0.0	0.0	0.0	0.0	0	0	0	0	0	0.0	0.0	0.0	0.0	0.0	0.0	0	0	0	0	0	0.0	0.0	0	
Even3;k__Bacteria;p__TM6;c__SJA-4;o__;f__;g__	7.80122479229e-06	7.80122479229e-06	7.80122479229e-06	7.80122479229e-06	7.80122479229e-06	0	0	0	0	0	0	0	0	0	0	0	0	0	0	0	0	0	0	0	0	0	0	0	0.0	0.0	0	
Even3;k__Bacteria;p__Bacteroidetes;c__Cytophagia;o__Cytophagales;f__Flammeovirgaceae;g__	0.0	0.0	0.0	0.0	0.0	0.0	0.0	0.0	0.0	0.0	0	0	0	0	0	0	0	0.0	0.0	0.0	0	0	0	0	0	0	0	0	0.0	0.0	0	
Even3;k__Bacteria;p__Firmicutes;c__Clostridia;o__Halanaerobiales;f__Halobacteroidaceae;g__Natroniella	0	0	0	0	0	0	2.34036743769e-05	7.80122479229e-06	0	0	0	0	0	0	0	0	0	2.34036743769e-05	1.56024495846e-05	0	0	0	0	0	0	0	0	0	0	0	0	
Even3;k__Bacteria;p__Verrucomicrobia;c__[Spartobacteria];o__[Chthoniobacterales];f__[Chthoniobacteraceae];g__heteroC45_4W	0	0	0	0	0	0	0.0	0	0	0	0	0	0	0	0	0	0	0.0	0	0	0	0	0	0	0	0	0	0	0	0	0	
Even3;k__Bacteria;p__Verrucomicrobia;c__[Spartobacteria];o__[Chthoniobacterales];f__[Chthoniobacteraceae];Other	0	0	0	0	0	0	0	0.0	0.0	0.0	0.0	7.80122479229e-06	0.0	0.0	0.0	1.56024495846e-05	1.56024495846e-05	0	0.0	0.0	0.0	0.0	0.0	7.80122479229e-06	1.56024495846e-05	1.56024495846e-05	1.56024495846e-05	1.56024495846e-05	2.34036743769e-05	0	0	
Even3;k__Bacteria;p__BRC1;c__PRR-11;o__;f__;g__	2.34036743769e-05	2.34036743769e-05	2.34036743769e-05	2.34036743769e-05	0	0	0	0	0	0	0	0	0	0	0	0	0	0	0	0	0	0	0	0	0	0	0	0	0	0	0	
Even3;k__Bacteria;p__Bacteroidetes;c__Bacteroidia;o__Bacteroidales;f__S24-7;g__	6.24097983383e-05	6.24097983383e-05	6.24097983383e-05	6.24097983383e-05	6.24097983383e-05	7.80122479229e-06	2.34036743769e-05	2.34036743769e-05	2.34036743769e-05	0	0	0	0	0	0	0	0	2.34036743769e-05	2.34036743769e-05	2.34036743769e-05	7.80122479229e-06	0	0	0	0	0	0	0	7.80122479229e-06	5.4608573546e-05	0	
Even3;k__Bacteria;p__Actinobacteria;c__Actinobacteria;o__Actinomycetales;f__Micromonosporaceae;g__Virgisporangium	0	0	0	0	0	0	7.80122479229e-06	0	0	0	0	0	0	0	0	0	0	7.80122479229e-06	0	0	0	0	0	0	0	0	0	0	0	0	0	
Even3;k__Bacteria;p__Proteobacteria;c__Gammaproteobacteria;o__Oceanospirillales;f__Halomonadaceae;g__Candidatus Portiera	0.0	0.0	0.0	0.0	0.0	0.0	0	0	0	0	0	0	0	0	0	0	0	0.0	0.0	0.0	0.0	0.0	0	0	0	0	0	0	0.0	0.0	0	
Even3;k__Archaea;p__Crenarchaeota;c__Thermoprotei;o__Sulfolobales;f__Sulfolobaceae;g__Sulfolobus	0	0	0	0	0	0	5.4608573546e-05	7.80122479229e-06	0	0	0	0	0	0	0	0	0	5.4608573546e-05	0	0	0	0	0	0	0	0	0	0	0	0	0	
Even3;k__Bacteria;p__Acidobacteria;c__Acidobacteria-6;o__iii1-15;f__RB40;g__	0	0	0	0	0	0	7.80122479229e-06	7.80122479229e-06	7.80122479229e-06	7.80122479229e-06	7.80122479229e-06	7.80122479229e-06	0	0	0	0	0	7.80122479229e-06	7.80122479229e-06	7.80122479229e-06	7.80122479229e-06	7.80122479229e-06	7.80122479229e-06	7.80122479229e-06	0	0	0	0	0	0	0	
Even3;k__Bacteria;p__Gemmatimonadetes;c__Gemm-2;o__;f__;g__	6.24097983383e-05	6.24097983383e-05	6.24097983383e-05	6.24097983383e-05	6.24097983383e-05	0	0	0	0	0	0	0	0	0	0	0	0	0	0	0	0	0	0	0	0	0	0	0	0	0	0	
Even3;k__Bacteria;p__Proteobacteria;c__Alphaproteobacteria;o__Sphingomonadales;f__Erythrobacteraceae;g__	1.56024495846e-05	1.56024495846e-05	1.56024495846e-05	1.56024495846e-05	1.56024495846e-05	1.56024495846e-05	0	0	0	0	0	0	0	0	0	0	0	0	0	0	0	0	0	0	0	0	0	0	1.56024495846e-05	1.56024495846e-05	0	
Even3;k__Bacteria;p__Firmicutes;c__Erysipelotrichi;o__Erysipelotrichales;f__Erysipelotrichaceae;g__	0.0224441237274	0.0224441237274	0.0224441237274	0.0224441237274	0.0224441237274	0.0217264110465	0.0214923743028	0.0214767718532	0.0214533681788	0.0213831571557	0.0205874322269	0.0204002028318	0.0203611967079	0.0203533954831	0.000249639193353	0.000249639193353	0	0.0214923743028	0.0214767718532	0.0214611694036	0.0213207473573	0.0206030346764	0.0204782150798	0.0203611967079	0.0203533954831	0.0203533954831	0	0	0.0224363225026	0.022420720053	0	
Even3;k__Bacteria;p__Proteobacteria;c__Deltaproteobacteria;o__Myxococcales;f__Polyangiaceae;g__Chondromyces	0	0	0	0	0	0	7.80122479229e-06	7.80122479229e-06	0	0	0	0	0	0	0	0	0	7.80122479229e-06	7.80122479229e-06	0	0	0	0	0	0	0	0	0	0	0	0	
Even3;k__Bacteria;p__Firmicutes;c__Clostridia;o__Clostridiales;f__Veillonellaceae;g__Dialister	0	0	0	0	0	0	0	0	0	0	0	0	0	0	0	0	0	0	0	0	0	0	0	0	0	0	0	0	0	1.56024495846e-05	0	
Even3;k__Bacteria;p__Firmicutes;c__Clostridia;o__Clostridiales;f__Lachnospiraceae;g__Roseburia	0.00642040800406	0.00642040800406	0.00642040800406	0.00642040800406	0.00642040800406	0.00640480555447	0.0329211686235	0.0329211686235	0.0328977649491	0.0328353551508	0.0326715294301	0.0322892694153	0.0317587861294	0.030760229356	0.0244802433982	0.0231072278348	0.0142528376955	0.0329211686235	0.0329211686235	0.0328977649491	0.0328353551508	0.0327651441276	0.0322580645161	0.0315793579592	0.0308460428287	0.0244802433982	0.024074579709	7.80122479229e-06	0.000163825720638	0.00402543199282	0.0441	
Even3;k__Bacteria;p__Firmicutes;c__Clostridia;o__Clostridiales;f__Clostridiaceae;g__Sarcina	7.80122479229e-05	7.80122479229e-05	7.80122479229e-05	7.80122479229e-05	7.80122479229e-05	7.80122479229e-05	0	0	0	0	0	0	0	0	0	0	0	0	0	0	0	0	0	0	0	0	0	0	7.80122479229e-05	8.58134727152e-05	0	
Even3;k__Bacteria;p__Bacteroidetes;c__Flavobacteriia;o__Flavobacteriales;f__Flavobacteriaceae;g__Polaribacter	0.0	0.0	0.0	0.0	0.0	0.0	0.0	0.0	0.0	0.0	0.0	0.0	0.0	0.0	0	0	0	0.0	0.0	0.0	0.0	0.0	0.0	0.0	0.0	0.0	0	0	0.0	0.0	0	
Even3;k__Bacteria;p__Actinobacteria;c__Actinobacteria;o__Actinomycetales;f__Micromonosporaceae;g__	3.90061239615e-05	3.90061239615e-05	3.90061239615e-05	3.90061239615e-05	3.90061239615e-05	3.90061239615e-05	0	0	0	0	0	0	0	0	0	0	0	0	0	0	0	0	0	0	0	0	0	0	3.90061239615e-05	3.90061239615e-05	0	
Even3;k__Bacteria;p__Bacteroidetes;c__Flavobacteriia;o__Flavobacteriales;f__Flavobacteriaceae;g__Bizionia	0	0	0	0	0	0	0.0	0	0	0	0	0	0	0	0	0	0	0.0	0.0	0	0	0	0	0	0	0	0	0	0	0	0	
Even3;k__Bacteria;p__Bacteroidetes;c__Cytophagia;o__Cytophagales;f__Flammeovirgaceae;g__Flexithrix	0	0	0	0	0	0	1.56024495846e-05	0	0	0	0	0	0	0	0	0	0	1.56024495846e-05	0	0	0	0	0	0	0	0	0	0	0	0	0	
Even3;k__Bacteria;p__Verrucomicrobia;c__[Methylacidiphilae];Other;Other;Other	0	0	0	0	0	0	0	0	0	0.0	0	0	0	0	0	0	0	0	0	0.0	0	0	0	0	0	0	0	0	0	0	0	
Even3;k__Bacteria;p__Firmicutes;c__Clostridia;o__Clostridiales;f__Christensenellaceae;g__	7.80122479229e-06	7.80122479229e-06	7.80122479229e-06	7.80122479229e-06	7.80122479229e-06	0.0	0.0	0.0	0.0	0.0	0.0	0.0	0	0	0	0	0	0.0	0.0	0.0	0.0	0.0	0.0	0.0	0	0	0	0	0.0	0.0	0	
Even3;k__Bacteria;p__Actinobacteria;c__Actinobacteria;o__Actinomycetales;f__Nocardioidaceae;Other	0	0	0	0	0	0	0	0	0	0	0	0	0	1.56024495846e-05	1.56024495846e-05	0	0	0	0	0	0	0	1.56024495846e-05	1.56024495846e-05	1.56024495846e-05	1.56024495846e-05	1.56024495846e-05	0	0	0	0	
Even3;k__Archaea;p__Crenarchaeota;c__Thaumarchaeota;o__Cenarchaeales;f__Cenarchaeaceae;g__Nitrosopumilus	0.0	0.0	0.0	0.0	0.0	0.0	0.0	0.0	0.0	0.0	0.0	0.0	0.0	0.0	0.0	0.0	0	0.0	0.0	0.0	0.0	0.0	0.0	0.0	0.0	0.0	0.0	0	0.0	0	0	
Even3;k__Bacteria;p__Proteobacteria;c__Gammaproteobacteria;o__Enterobacteriales;f__Enterobacteriaceae;g__Edwardsiella	0	0	0	0	0	0	0.0258142528377	0.025728439365	0.0256582283418	0.0255100050708	0.0254085891485	6.24097983383e-05	0.000132620821469	0	0	0	0	0.0258142528377	0.025728439365	0.0256192222179	0.0254788001716	0.0254007879237	0.000132620821469	7.02110231306e-05	0	0	0	0	0	0.025728439365	0.0147	
Even3;k__Bacteria;p__Cyanobacteria;c__4C0d-2;o__;f__;g__	0	0	0	0	0	0	8.58134727152e-05	0	0	0	0	0	0	0	0	0	0	8.58134727152e-05	3.90061239615e-05	0	0	0	0	0	0	0	0	0	0	0	0	
Even3;k__Bacteria;p__Proteobacteria;c__Gammaproteobacteria;o__Chromatiales;f__Halothiobacillaceae;g__Halothiobacillus	0	0	0	0	0	0	4.68073487538e-05	4.68073487538e-05	0	0	0	0	0	0	0	0	0	4.68073487538e-05	4.68073487538e-05	4.68073487538e-05	0	0	0	0	0	0	0	0	0	0	0	
Even3;k__Bacteria;p__Chlorobi;c__Ignavibacteria;o__Ignavibacteriales;f__OTUb7;g__	0	0	0	0	0	0	0.0	0.0	0.0	0	0	0	0	0	0	0	0	0.0	0.0	0	0	0	0	0	0	0	0	0	0	0	0	
Even3;k__Bacteria;p__Bacteroidetes;c__Bacteroidia;o__Bacteroidales;f__[Paraprevotellaceae];Other	0	0	0	0	0	0	0	0	0	7.80122479229e-06	0	0	3.90061239615e-05	0	0	0	0	0	0	0	7.80122479229e-06	0	0	7.80122479229e-06	0	0	0	0	0	0	0	
Even3;k__Bacteria;p__Proteobacteria;c__Alphaproteobacteria;o__Caulobacterales;f__Caulobacteraceae;g__Phenylobacterium	7.80122479229e-06	7.80122479229e-06	7.80122479229e-06	7.80122479229e-06	7.80122479229e-06	7.80122479229e-06	7.80122479229e-06	7.80122479229e-06	7.80122479229e-06	7.80122479229e-06	7.80122479229e-06	7.80122479229e-06	7.80122479229e-06	7.80122479229e-06	7.80122479229e-06	7.80122479229e-06	0	7.80122479229e-06	7.80122479229e-06	7.80122479229e-06	7.80122479229e-06	7.80122479229e-06	7.80122479229e-06	7.80122479229e-06	7.80122479229e-06	7.80122479229e-06	7.80122479229e-06	0	0	0	0	
Even3;k__Bacteria;p__Proteobacteria;c__Betaproteobacteria;o__Burkholderiales;f__Comamonadaceae;g__Leptothrix	0	0	0	0	0	0	7.80122479229e-06	7.80122479229e-06	7.80122479229e-06	0	0	0	0	0	0	0	0	7.80122479229e-06	7.80122479229e-06	7.80122479229e-06	0	0	0	0	0	0	0	0	0	0	0	
Even3;k__Bacteria;p__Proteobacteria;c__Alphaproteobacteria;o__Rhizobiales;f__;g__	2.34036743769e-05	2.34036743769e-05	2.34036743769e-05	2.34036743769e-05	2.34036743769e-05	0.0	0	0	0	0	0	0	0	0	0	0	0	0	0	0	0	0	0	0	0	0	0	0	0	0	0	
Even3;k__Bacteria;p__Proteobacteria;c__Gammaproteobacteria;o__Acidithiobacillales;f__Acidithiobacillaceae;g__	0	0	0	0	0	0	0.0	0.0	0	0	0	0	0	0	0	0	0	0.0	0	0	0	0	0	0	0	0	0	0	0	0	0	
Even3;k__Bacteria;p__Proteobacteria;c__Gammaproteobacteria;o__Oceanospirillales;f__Saccharospirillaceae;g__Reinekea	0	0	0	0	0	0	6.24097983383e-05	0	0	0	0	0	0	0	0	0	0	6.24097983383e-05	3.12048991692e-05	0	0	0	0	0	0	0	0	0	0	0	0	
Even3;k__Bacteria;p__Planctomycetes;c__Planctomycetia;o__Gemmatales;f__Isosphaeraceae;Other	0	0	0	0	0	0	0	0	0	0	0	0	0	1.56024495846e-05	0	0	0	0	0	0	0	0	0	1.56024495846e-05	1.56024495846e-05	0	0	0	0	0	0	
Even3;k__Bacteria;p__Firmicutes;c__Clostridia;o__Clostridiales;f__Lachnospiraceae;g__	0.0852829894293	0.0852829894293	0.0852829894293	0.0852829894293	0.0852829894293	0.0844560596014	0.0362366891602	0.0350274993174	0.0165073916605	0.0109217147092	0.00570269532317	0.000312048991692	0	0	0	0	0	0.0362366891602	0.035004095643	0.0166946210555	0.0106642742911	0.0101727971291	5.4608573546e-05	0	0	0	0	0	0.0614346452393	0.0609821742013	0	
Even3;k__Bacteria;p__Bacteroidetes;c__[Saprospirae];o__[Saprospirales];f__Saprospiraceae;g__	0.0	0.0	0.0	0.0	0.0	0.0	0.0	0.0	0.0	0.0	0.0	0.0	0	0	0	0	0	0.0	0.0	0.0	0.0	0.0	0.0	0	0	0	0	0	0.0	0.0	0	
Even3;k__Bacteria;p__Planctomycetes;c__OM190;o__agg27;f__;g__	0.0	0.0	0.0	0.0	0.0	0.0	0.0	0.0	0.0	0.0	0	0	0	0	0	0	0	0.0	0.0	0.0	0	0	0	0	0	0	0	0	0.0	0.0	0	
Even3;k__Bacteria;p__Proteobacteria;c__Alphaproteobacteria;o__Sphingomonadales;f__Sphingomonadaceae;Other	0	0	0	0	0	0	0	0	3.12048991692e-05	3.12048991692e-05	6.24097983383e-05	8.58134727152e-05	8.58134727152e-05	0.0001014159223	0.000140422046261	7.02110231306e-05	1.56024495846e-05	0	0	3.12048991692e-05	3.12048991692e-05	6.24097983383e-05	8.58134727152e-05	8.58134727152e-05	0.0001014159223	9.36146975075e-05	7.02110231306e-05	1.56024495846e-05	9.36146975075e-05	8.58134727152e-05	0	
Even3;k__Bacteria;p__Proteobacteria;c__Gammaproteobacteria;o__Enterobacteriales;f__Enterobacteriaceae;g__Morganella	7.80122479229e-06	7.80122479229e-06	7.80122479229e-06	7.80122479229e-06	7.80122479229e-06	7.80122479229e-06	0.000163825720638	0.000117018371884	5.4608573546e-05	1.56024495846e-05	1.56024495846e-05	0.0	0	0	0	0	0	0.000163825720638	0.000140422046261	2.34036743769e-05	1.56024495846e-05	1.56024495846e-05	0.0	0	0	0	0	0	7.80122479229e-06	7.80122479229e-06	0	
Even3;k__Bacteria;p__Proteobacteria;c__Betaproteobacteria;o__Methylophilales;f__Methylophilaceae;g__	4.68073487538e-05	4.68073487538e-05	4.68073487538e-05	4.68073487538e-05	4.68073487538e-05	4.68073487538e-05	3.90061239615e-05	3.90061239615e-05	3.90061239615e-05	3.90061239615e-05	3.90061239615e-05	2.34036743769e-05	2.34036743769e-05	0	0	0	0	3.90061239615e-05	3.90061239615e-05	3.90061239615e-05	3.90061239615e-05	2.34036743769e-05	2.34036743769e-05	2.34036743769e-05	0	0	0	0	3.90061239615e-05	3.90061239615e-05	0	
Even3;k__Bacteria;p__Proteobacteria;c__Deltaproteobacteria;o__Desulfobacterales;f__Desulfobacteraceae;g__Desulfococcus	5.4608573546e-05	5.4608573546e-05	5.4608573546e-05	5.4608573546e-05	5.4608573546e-05	0.0	0.0	0.0	0.0	0	0	0	0	0	0	0	0	0.0	0.0	0.0	0	0	0	0	0	0	0	0	7.80122479229e-06	7.80122479229e-06	0	
Even3;k__Bacteria;p__Verrucomicrobia;c__[Spartobacteria];o__[Chthoniobacterales];Other;Other	0	0	0	0	0	0	0	0	0	0	0.0	0	7.80122479229e-06	0.0	7.80122479229e-06	0	0	0	0	0	0	0.0	0	0	0	0.0	0	0.0	0	0	0	
Even3;k__Bacteria;p__Actinobacteria;c__Coriobacteriia;o__Coriobacteriales;f__Coriobacteriaceae;g__Collinsella	0.000117018371884	0.000117018371884	0.000117018371884	0.000117018371884	0.000117018371884	0.000109217147092	0.000117018371884	0.000117018371884	0.000117018371884	0.000117018371884	0.000117018371884	0.000109217147092	0.000109217147092	0.000109217147092	0.000109217147092	0.000109217147092	0	0.000117018371884	0.000117018371884	0.000117018371884	0.000117018371884	0.000117018371884	0.000117018371884	0.000109217147092	0.000109217147092	0.000109217147092	0.0	0	0.000117018371884	0.000117018371884	0	
Even3;k__Bacteria;p__Actinobacteria;c__Actinobacteria;o__Actinomycetales;f__Micromonosporaceae;Other	0	0	0	0	0	0	0	0	0	0	7.80122479229e-06	0	7.80122479229e-06	3.90061239615e-05	3.90061239615e-05	7.80122479229e-06	0.0	0	0	0	0	0	0	3.90061239615e-05	3.90061239615e-05	3.90061239615e-05	3.90061239615e-05	0	0	0	0	
Even3;k__Bacteria;p__Cyanobacteria;c__Oscillatoriophycideae;o__Oscillatoriales;f__Phormidiaceae;g__Phormidium	7.80122479229e-05	7.80122479229e-05	7.80122479229e-05	7.80122479229e-05	7.80122479229e-05	7.80122479229e-05	7.80122479229e-05	7.80122479229e-05	7.80122479229e-05	3.12048991692e-05	3.12048991692e-05	3.12048991692e-05	3.12048991692e-05	3.12048991692e-05	3.12048991692e-05	0	0	7.80122479229e-05	7.80122479229e-05	3.12048991692e-05	3.12048991692e-05	3.12048991692e-05	3.12048991692e-05	3.12048991692e-05	3.12048991692e-05	3.12048991692e-05	0	0	7.80122479229e-05	7.80122479229e-05	0	
Even3;k__Bacteria;p__Cyanobacteria;c__Oscillatoriophycideae;o__Chroococcales;Other;Other	0	0	0	0	0	0	0	0	0	0	0	0	0	0	0	0	0	0	7.80122479229e-06	0	0	0	0	0	0	0	0	0	0	0	0	
Even3;k__Bacteria;p__Actinobacteria;c__Thermoleophilia;Other;Other;Other	0	0	0	0	0	0	0	0	0	0	0	0.0	0.0	0	0	0	0	0	0	0	0	0	0.0	0.0	0	0	0	0	0	0	0	
Even3;k__Bacteria;p__Bacteroidetes;c__Flavobacteriia;o__Flavobacteriales;f__;g__	2.34036743769e-05	2.34036743769e-05	2.34036743769e-05	2.34036743769e-05	2.34036743769e-05	2.34036743769e-05	2.34036743769e-05	2.34036743769e-05	2.34036743769e-05	2.34036743769e-05	2.34036743769e-05	0	0	0	0	0	0	2.34036743769e-05	2.34036743769e-05	2.34036743769e-05	2.34036743769e-05	2.34036743769e-05	0	0	0	0	0	0	2.34036743769e-05	2.34036743769e-05	0	
Even3;k__Bacteria;p__Proteobacteria;c__Alphaproteobacteria;o__Rhizobiales;f__Beijerinckiaceae;g__Methylocella	0	0	0	0	0	0	7.80122479229e-06	0	0	0	0	0	0	0	0	0	0	7.80122479229e-06	0	0	0	0	0	0	0	0	0	0	0	0	0	
Even3;k__Bacteria;p__Acidobacteria;c__Solibacteres;o__Solibacterales;f__PK34;g__	0	0	0	0	0	0	2.34036743769e-05	2.34036743769e-05	0	0	0	0	0	0	0	0	0	2.34036743769e-05	2.34036743769e-05	0	0	0	0	0	0	0	0	0	0	0	0	
Even3;k__Bacteria;p__Bacteroidetes;c__Cytophagia;o__Cytophagales;f__[Amoebophilaceae];g__Candidatus Amoebophilus	0	0	0	0	0	0	0	0	0	0	0	0	0	0	0	0	0	1.56024495846e-05	0	0	0	0	0	0	0	0	0	0	0	0	0	
Even3;k__Bacteria;p__Actinobacteria;c__Acidimicrobiia;o__Acidimicrobiales;f__OCS155;g__	2.34036743769e-05	2.34036743769e-05	2.34036743769e-05	2.34036743769e-05	2.34036743769e-05	2.34036743769e-05	2.34036743769e-05	2.34036743769e-05	2.34036743769e-05	2.34036743769e-05	2.34036743769e-05	2.34036743769e-05	2.34036743769e-05	2.34036743769e-05	2.34036743769e-05	2.34036743769e-05	2.34036743769e-05	2.34036743769e-05	2.34036743769e-05	2.34036743769e-05	2.34036743769e-05	2.34036743769e-05	2.34036743769e-05	2.34036743769e-05	2.34036743769e-05	2.34036743769e-05	2.34036743769e-05	0	2.34036743769e-05	2.34036743769e-05	0	
Even3;k__Bacteria;p__Proteobacteria;c__Deltaproteobacteria;o__Myxococcales;f__Myxococcaceae;g__	7.80122479229e-06	7.80122479229e-06	7.80122479229e-06	7.80122479229e-06	7.80122479229e-06	7.80122479229e-06	7.80122479229e-06	7.80122479229e-06	7.80122479229e-06	7.80122479229e-06	7.80122479229e-06	7.80122479229e-06	7.80122479229e-06	7.80122479229e-06	7.80122479229e-06	7.80122479229e-06	0	7.80122479229e-06	7.80122479229e-06	7.80122479229e-06	7.80122479229e-06	7.80122479229e-06	7.80122479229e-06	7.80122479229e-06	7.80122479229e-06	7.80122479229e-06	0	0	7.80122479229e-06	7.80122479229e-06	0	
Even3;k__Bacteria;p__Firmicutes;c__Clostridia;o__Clostridiales;f__[Acidaminobacteraceae];g__WH1-8	0	0	0	0	0	0	7.80122479229e-06	7.80122479229e-06	7.80122479229e-06	7.80122479229e-06	7.80122479229e-06	7.80122479229e-06	0	0	0	0	0	7.80122479229e-06	7.80122479229e-06	7.80122479229e-06	7.80122479229e-06	7.80122479229e-06	0	0	0	0	0	0	0	0	0	
Even3;k__Bacteria;p__Proteobacteria;c__Gammaproteobacteria;o__Enterobacteriales;f__Enterobacteriaceae;g__Klebsiella	0.000210633069392	0.000210633069392	0.000210633069392	0.000210633069392	0.000210633069392	0.000195030619807	0.00861255217069	0.00861255217069	0.00861255217069	0.00847213012443	0.00844092522526	0.00281624215002	0.0	0	0	0	0	0.00861255217069	0.00861255217069	0.00861255217069	0.00853453992277	0.00768420642041	0.00277723602606	0.00170846822951	0	0	0	0	7.80122479229e-06	0.0	0	
Even3;k__Bacteria;p__Firmicutes;c__Clostridia;o__Clostridiales;f__Peptostreptococcaceae;g__Peptostreptococcus	0	0	0	0	0	0	0.000592893084214	0.00047587471233	0.000163825720638	5.4608573546e-05	7.80122479229e-06	0	0	0	0	0	0	0.000553886960253	0.000483675937122	9.36146975075e-05	1.56024495846e-05	7.80122479229e-06	0	0	0	0	0	0	0	0	0	
Even3;k__Archaea;p__Euryarchaeota;c__Methanopyri;o__Methanopyrales;f__Methanopyraceae;g__Methanopyrus	0	0	0	0	0	0	3.12048991692e-05	2.34036743769e-05	0	0	0	0	0	0	0	0	0	4.68073487538e-05	2.34036743769e-05	0	0	0	0	0	0	0	0	0	0	0	0	
Even3;k__Bacteria;p__Proteobacteria;c__Deltaproteobacteria;o__Desulfurellales;f__Desulfurellaceae;g__Desulfurella	0	0	0	0	0	0	3.12048991692e-05	0	0	0	0	0	0	0	0	0	0	3.12048991692e-05	0	0	0	0	0	0	0	0	0	0	0	0	0	
Even3;k__Bacteria;p__Planctomycetes;c__Planctomycetia;o__Pirellulales;f__Pirellulaceae;g__	1.56024495846e-05	1.56024495846e-05	1.56024495846e-05	1.56024495846e-05	1.56024495846e-05	1.56024495846e-05	1.56024495846e-05	1.56024495846e-05	1.56024495846e-05	1.56024495846e-05	1.56024495846e-05	1.56024495846e-05	1.56024495846e-05	1.56024495846e-05	1.56024495846e-05	0	0	1.56024495846e-05	1.56024495846e-05	1.56024495846e-05	1.56024495846e-05	1.56024495846e-05	1.56024495846e-05	1.56024495846e-05	1.56024495846e-05	1.56024495846e-05	0	0	1.56024495846e-05	1.56024495846e-05	0	
Even3;k__Bacteria;p__Firmicutes;c__Clostridia;o__Clostridiales;f__Ruminococcaceae;g__Faecalibacterium	9.36146975075e-05	9.36146975075e-05	9.36146975075e-05	9.36146975075e-05	9.36146975075e-05	9.36146975075e-05	0.0104302375473	0.0104146350977	0.0104146350977	0.0103834301985	0.0102976167258	0.0102664118267	0.0102118032531	0.0101103873308	0.000187229395015	7.02110231306e-05	5.4608573546e-05	0.0104302375473	0.0104146350977	0.0104146350977	0.0104146350977	0.0103054179506	0.0102742130514	0.0100401763077	0.000210633069392	0.0002028318446	7.80122479229e-05	5.4608573546e-05	3.12048991692e-05	3.90061239615e-05	0	
Even3;k__Bacteria;p__Actinobacteria;c__Actinobacteria;o__Actinomycetales;f__Microbacteriaceae;g__Agrococcus	7.80122479229e-06	7.80122479229e-06	7.80122479229e-06	7.80122479229e-06	7.80122479229e-06	0	0	0	0	0	0	0	0	0	0	0	0	0	0	0	0	0	0	0	0	0	0	0	0	0	0	
Even3;k__Bacteria;p__Acidobacteria;c__[Chloracidobacteria];o__RB41;Other;Other	0	0	0	0	0	0	0	0	0	0	0	0	0	0	0.0	7.80122479229e-06	0	0	0	0	0	0.0	0	0	0	7.80122479229e-06	0.0	0	0	0	0	
Even3;k__Bacteria;p__Proteobacteria;c__Betaproteobacteria;o__IS-44;f__;g__	0	0	0	0	0	0	0.0	0	0	0	0	0	0	0	0	0	0	0.0	0.0	0	0	0	0	0	0	0	0	0	0	0	0	
Even3;k__Bacteria;p__Proteobacteria;c__Betaproteobacteria;o__Burkholderiales;f__Burkholderiaceae;g__Salinispora	0	0	0	0	0	0	0.0	0.0	0.0	0.0	0.0	0.0	0	0	0	0	0	0.0	0.0	0.0	0.0	0.0	0	0	0	0	0	0	0	0	0	
Even3;k__Bacteria;p__Proteobacteria;c__Gammaproteobacteria;o__Enterobacteriales;f__Enterobacteriaceae;g__Serratia	6.24097983383e-05	6.24097983383e-05	6.24097983383e-05	6.24097983383e-05	6.24097983383e-05	5.4608573546e-05	0.000616296758591	0.000499278386707	0.000366657565238	0.000163825720638	0.0	0	0	0	0	0	0	0.000631899208176	0.000483675937122	0.000358856340445	0.000179428170223	3.90061239615e-05	0	0	0	0	0	0	3.12048991692e-05	3.12048991692e-05	0	
Even3;k__Bacteria;p__Proteobacteria;c__Gammaproteobacteria;o__Alteromonadales;f__[Chromatiaceae];g__Rheinheimera	0	0	0	0	0	0	1.56024495846e-05	0	0	0	0	0	0	0	0	0	0	1.56024495846e-05	1.56024495846e-05	0	0	0	0	0	0	0	0	0	0	0	0	
Even3;k__Bacteria;p__Firmicutes;c__Bacilli;o__Bacillales;f__Bacillaceae;g__Bacillus	0.000140422046261	0.000140422046261	0.000140422046261	0.000140422046261	0.000140422046261	1.56024495846e-05	0.000117018371884	0.000109217147092	0	0	0	0	0	0	0	0	0	0.000117018371884	0	0	0	0	0	0	0	0	0	0	1.56024495846e-05	3.12048991692e-05	0	
Even3;k__Bacteria;p__Firmicutes;c__AHT28;o__;f__;g__	0	0	0	0	0	0	0.0	0.0	0	0	0	0	0	0	0	0	0	0.0	0.0	0	0.0	0	0	0	0	0	0	0	0	0	0	
Even3;k__Bacteria;p__SAR406;c__AB16;o__Arctic96B-7;Other;Other	0	0	0	0	0	0	0	0	0	0	0	0	0	0	7.80122479229e-06	0	0	0	0	0	0	0	0	0	0	7.80122479229e-06	0	0	0	0	0	
Even3;k__Bacteria;p__Proteobacteria;c__Gammaproteobacteria;o__Xanthomonadales;f__Xanthomonadaceae;Other	0	0	0	0	0	0	0	7.80122479229e-05	0.000444669813161	0.000405663689199	5.4608573546e-05	7.02110231306e-05	8.58134727152e-05	0.000304247766899	0.000358856340445	0.000358856340445	0.000195030619807	0	9.36146975075e-05	0.000468073487538	0.0001014159223	4.68073487538e-05	5.4608573546e-05	0.0001014159223	0.000312048991692	0.000304247766899	0.000327651441276	0.000241837968561	0.000335452666069	0.000132620821469	0	
Even3;k__Bacteria;p__Bacteroidetes;c__[Saprospirae];o__[Saprospirales];f__Chitinophagaceae;g__Flavisolibacter	7.80122479229e-06	7.80122479229e-06	7.80122479229e-06	7.80122479229e-06	7.80122479229e-06	7.80122479229e-06	7.80122479229e-06	7.80122479229e-06	7.80122479229e-06	7.80122479229e-06	0	0	0	0	0	0	0	7.80122479229e-06	7.80122479229e-06	7.80122479229e-06	7.80122479229e-06	7.80122479229e-06	0	0	0	0	0	0	0	0	0	
Even3;k__Bacteria;p__Actinobacteria;c__Actinobacteria;o__Bifidobacteriales;f__Bifidobacteriaceae;g__Alloscardovia	0	0	0	0	0	0	1.56024495846e-05	0	0	0	0	0	0	0	0	0	0	1.56024495846e-05	0	0	0	0	0	0	0	0	0	0	0	0	0	
Even3;k__Bacteria;p__Verrucomicrobia;c__[Spartobacteria];o__[Chthoniobacterales];f__[Chthoniobacteraceae];g__Candidatus Xiphinematobacter	7.80122479229e-06	7.80122479229e-06	7.80122479229e-06	7.80122479229e-06	7.80122479229e-06	7.80122479229e-06	0	0	0	0	0	0	0	0	0	0	0	7.80122479229e-06	7.80122479229e-06	7.80122479229e-06	7.80122479229e-06	7.80122479229e-06	7.80122479229e-06	0.0	0.0	0.0	0.0	0	7.80122479229e-06	7.80122479229e-06	0	
Even3;k__Bacteria;p__Proteobacteria;c__Alphaproteobacteria;o__;f__;g__	2.34036743769e-05	2.34036743769e-05	2.34036743769e-05	2.34036743769e-05	2.34036743769e-05	2.34036743769e-05	2.34036743769e-05	1.56024495846e-05	0	0	0	0	0	0	0	0	0	2.34036743769e-05	1.56024495846e-05	0	0	0	0	0	0	0	0	0	2.34036743769e-05	2.34036743769e-05	0	
Even3;k__Bacteria;p__Bacteroidetes;c__Flavobacteriia;o__Flavobacteriales;Other;Other	0	0	0	0	0	0	0	4.68073487538e-05	4.68073487538e-05	0	0	2.34036743769e-05	0.0	2.34036743769e-05	1.56024495846e-05	2.34036743769e-05	0	0	3.12048991692e-05	0	0	0	2.34036743769e-05	0.0	5.4608573546e-05	7.80122479229e-06	1.56024495846e-05	0	0	0	0	
Even3;k__Bacteria;p__Proteobacteria;c__Gammaproteobacteria;o__Chromatiales;f__Chromatiaceae;g__Chromatium	0	0	0	0	0	0	2.34036743769e-05	0	0	0	0	0	0	0	0	0	0	2.34036743769e-05	2.34036743769e-05	2.34036743769e-05	0	0	0	0	0	0	0	0	0	0	0	
Even3;k__Bacteria;p__Bacteroidetes;c__Bacteroidia;o__Bacteroidales;f__[Odoribacteraceae];g__Butyricimonas	7.80122479229e-05	7.80122479229e-05	7.80122479229e-05	7.80122479229e-05	7.80122479229e-05	0	0	0	0	0	0	0	0	0	0	0	0	0	0	0	0	0	0	0	0	0	0	0	0	0	0	
Even3;k__Bacteria;p__Proteobacteria;c__Betaproteobacteria;o__Methylophilales;f__;g__	0	0	0	0	0	0	7.80122479229e-06	7.80122479229e-06	0	0	0	0	0	0	0	0	0	7.80122479229e-06	7.80122479229e-06	0	0	0	0	0	0	0	0	0	0	0	0	
Even3;k__Bacteria;p__Proteobacteria;c__Alphaproteobacteria;o__Rhodospirillales;f__Acetobacteraceae;g__Acetobacter	0	0	0	0	0	0	1.56024495846e-05	0	0	0	0	0	0	0	0	0	0	1.56024495846e-05	0	0	0	0	0	0	0	0	0	0	0	0	0	
Even3;k__Bacteria;p__Planctomycetes;c__Planctomycetia;o__Planctomycetales;f__Planctomycetaceae;g__Planctomyces	7.80122479229e-06	7.80122479229e-06	7.80122479229e-06	7.80122479229e-06	7.80122479229e-06	7.80122479229e-06	7.80122479229e-06	7.80122479229e-06	7.80122479229e-06	7.80122479229e-06	7.80122479229e-06	7.80122479229e-06	7.80122479229e-06	7.80122479229e-06	7.80122479229e-06	7.80122479229e-06	7.80122479229e-06	7.80122479229e-06	7.80122479229e-06	7.80122479229e-06	7.80122479229e-06	7.80122479229e-06	7.80122479229e-06	7.80122479229e-06	7.80122479229e-06	7.80122479229e-06	7.80122479229e-06	0	7.80122479229e-06	7.80122479229e-06	0	
Even3;k__Bacteria;p__Cyanobacteria;c__Chloroplast;o__Streptophyta;f__;g__	0.0	0.0	0.0	0.0	0.0	0.0	0.0	0.0	0.0	0.0	0.0	0.0	0.0	0.0	0.0	0.0	0	0.0	0.0	0.0	0.0	0.0	0.0	0.0	0.0	0.0	0.0	0	0.0	0.0	0	
Even3;k__Bacteria;p__Verrucomicrobia;c__[Pedosphaerae];o__[Pedosphaerales];f__Ellin517;g__	7.80122479229e-06	7.80122479229e-06	7.80122479229e-06	7.80122479229e-06	7.80122479229e-06	7.80122479229e-06	7.80122479229e-06	7.80122479229e-06	7.80122479229e-06	7.80122479229e-06	7.80122479229e-06	7.80122479229e-06	7.80122479229e-06	7.80122479229e-06	7.80122479229e-06	0	0	7.80122479229e-06	7.80122479229e-06	7.80122479229e-06	7.80122479229e-06	7.80122479229e-06	7.80122479229e-06	7.80122479229e-06	7.80122479229e-06	7.80122479229e-06	0	0	7.80122479229e-06	7.80122479229e-06	0	
Even3;k__Bacteria;p__Firmicutes;Other;Other;Other;Other	0	0	0	0	0	0	0	0.000195030619807	0.000444669813161	0.000772321254437	0.00186449272536	0.00108437024613	0.00157584740804	0.00195030619807	0.00205952334517	0.00889339626321	0.000522682061084	0	7.80122479229e-05	0.000390061239615	0.00129500331552	0.00145882903616	0.00158364863284	0.00132620821469	0.00231696376331	0.00155244373367	0.00835511175255	0.0183640831611	7.80122479229e-06	0	0	
Even3;k__Archaea;p__Euryarchaeota;c__Halobacteria;o__Halobacteriales;f__Halobacteriaceae;Other	0	0	0	0	0	0	0	7.80122479229e-06	0	0	0	0	0	0	0	0	0	0	7.80122479229e-06	0	0	0	0	0	0	0	0	0	0	0	0	
Even3;k__Bacteria;p__Proteobacteria;c__Gammaproteobacteria;o__Pseudomonadales;f__Moraxellaceae;g__Enhydrobacter	2.34036743769e-05	2.34036743769e-05	2.34036743769e-05	2.34036743769e-05	2.34036743769e-05	2.34036743769e-05	2.34036743769e-05	2.34036743769e-05	2.34036743769e-05	2.34036743769e-05	2.34036743769e-05	2.34036743769e-05	2.34036743769e-05	2.34036743769e-05	2.34036743769e-05	2.34036743769e-05	0	2.34036743769e-05	2.34036743769e-05	2.34036743769e-05	2.34036743769e-05	2.34036743769e-05	2.34036743769e-05	2.34036743769e-05	2.34036743769e-05	2.34036743769e-05	2.34036743769e-05	0	2.34036743769e-05	2.34036743769e-05	0	
Even3;k__Bacteria;p__Proteobacteria;c__Gammaproteobacteria;o__Oceanospirillales;f__Oceanospirillaceae;g__	7.80122479229e-06	7.80122479229e-06	7.80122479229e-06	7.80122479229e-06	7.80122479229e-06	7.80122479229e-06	0	0	0	0	0	0	0	0	0	0	0	0	0	0	0	0	0	0	0	0	0	0	0	0	0	
Even3;k__Bacteria;p__Proteobacteria;c__Gammaproteobacteria;o__Xanthomonadales;f__Xanthomonadaceae;g__Lysobacter	3.12048991692e-05	3.12048991692e-05	3.12048991692e-05	3.12048991692e-05	3.12048991692e-05	3.12048991692e-05	0.000296446542107	0.000296446542107	0.000296446542107	0.000296446542107	0.000296446542107	0.000296446542107	0.000280844092523	5.4608573546e-05	0	0	0	0.000296446542107	0.000296446542107	0.000296446542107	0.000296446542107	0.000296446542107	0.000296446542107	0.000265241642938	5.4608573546e-05	5.4608573546e-05	0	0	3.12048991692e-05	0.000234036743769	0	
Even3;k__Bacteria;p__Proteobacteria;c__Betaproteobacteria;o__Burkholderiales;f__Comamonadaceae;g__Diaphorobacter	0	0	0	0	0	0	7.80122479229e-06	7.80122479229e-06	7.80122479229e-06	7.80122479229e-06	0	0	0	0	0	0	0	7.80122479229e-06	7.80122479229e-06	7.80122479229e-06	0	0	0	0	0	0	0	0	0	0	0	
Even3;k__Bacteria;p__Acidobacteria;c__[Chloracidobacteria];o__RB41;f__Ellin6075;g__	0.0	0.0	0.0	0.0	0.0	0.0	0	0	0	0	0	0	0	0	0	0	0	0	0	0	0	0	0	0	0	0	0	0	0.0	0.0	0	
Even3;k__Bacteria;p__Bacteroidetes;c__[Saprospirae];Other;Other;Other	0	0	0	0	0	0	0	0	0	0	0	0	0	0.0	0	0	0	0	0	0	0	0	0	0	0	0	0	0	0	0	0	
Even3;k__Bacteria;p__Firmicutes;c__Clostridia;o__Clostridiales;f__Veillonellaceae;g__Veillonella	3.90061239615e-05	3.90061239615e-05	3.90061239615e-05	3.90061239615e-05	3.90061239615e-05	3.90061239615e-05	3.90061239615e-05	3.90061239615e-05	3.90061239615e-05	3.90061239615e-05	3.90061239615e-05	3.90061239615e-05	3.90061239615e-05	3.90061239615e-05	3.90061239615e-05	3.90061239615e-05	3.12048991692e-05	3.90061239615e-05	3.90061239615e-05	3.90061239615e-05	3.90061239615e-05	3.90061239615e-05	3.90061239615e-05	3.90061239615e-05	3.90061239615e-05	3.90061239615e-05	3.90061239615e-05	3.90061239615e-05	3.90061239615e-05	7.80122479229e-06	0	
Even3;k__Bacteria;p__Proteobacteria;c__Alphaproteobacteria;o__Rhodobacterales;Other;Other	0	0	0	0	0	0	0	0	0	0	0	0	0	0	0.0	0	0.0	0	0	0	0	0	0	0	0	0	0	0	0	0	0	
Even3;k__Bacteria;p__Actinobacteria;c__Thermoleophilia;o__Solirubrobacterales;f__Solirubrobacteraceae;g__	0	0	0	0	0	0	0	0	0	0	0	0	0	0	0	0	0	0	0	0	0	0	0	0	0	0	0	0	7.80122479229e-06	7.80122479229e-06	0	
Even3;k__Bacteria;p__Bacteroidetes;c__Bacteroidia;o__Bacteroidales;f__RF16;g__	7.80122479229e-06	7.80122479229e-06	7.80122479229e-06	7.80122479229e-06	7.80122479229e-06	0	0	0	0	0	0	0	0	0	0	0	0	0	0	0	0	0	0	0	0	0	0	0	7.80122479229e-06	7.80122479229e-06	0	
Even3;k__Bacteria;p__Proteobacteria;c__Alphaproteobacteria;o__Sphingomonadales;f__Erythrobacteraceae;g__Erythromicrobium	0	0	0	0	0	0	0.000179428170223	0	0	0	0	0	0	0	0	0	0	0.000187229395015	0	0	0	0	0	0	0	0	0	0	0	0	0	
Even3;k__Bacteria;p__Proteobacteria;c__Alphaproteobacteria;o__Rhizobiales;f__Hyphomicrobiaceae;Other	0	0	0	0	0	0	0	0	0	0	0	0	0	0	0	0.0	0	0	0	0	0	0	0	0	0	0	0	0	0	0	0	
Even3;k__Bacteria;p__Firmicutes;c__Bacilli;o__Bacillales;f__Planococcaceae;g__	1.56024495846e-05	1.56024495846e-05	1.56024495846e-05	1.56024495846e-05	1.56024495846e-05	0	0	0	0	0	0	0	0	0	0	0	0	0	0	0	0	0	0	0	0	0	0	0	0	0	0	
Even3;k__Bacteria;p__Proteobacteria;c__Betaproteobacteria;o__Burkholderiales;f__Oxalobacteraceae;g__	2.34036743769e-05	2.34036743769e-05	2.34036743769e-05	2.34036743769e-05	2.34036743769e-05	2.34036743769e-05	0	0	0	0	0	0	0	0	0	0	0	0	0	0	0	0	0	0	0	0	0	0	3.12048991692e-05	3.12048991692e-05	0	
Even3;k__Bacteria;p__Proteobacteria;c__Gammaproteobacteria;o__Alteromonadales;f__Alteromonadaceae;g__Umboniibacter	0	0	0	0	0	0	7.80122479229e-06	0	0	0	0	0	0	0	0	0	0	7.80122479229e-06	7.80122479229e-06	0	0	0	0	0	0	0	0	0	0	0	0	
Even3;k__Bacteria;p__Proteobacteria;c__Gammaproteobacteria;o__Aeromonadales;f__Aeromonadaceae;Other	0	0	0	0	0	0	0	0	0	0	0.0	0	0	0	0	0	0	0	0	0	0	0.0	0	0	0	0	0	0	0	0	0	
Even3;k__Archaea;p__Crenarchaeota;Other;Other;Other;Other	0	0	0	0	0	0	0	0	3.12048991692e-05	0	0	0	0	0	0	2.34036743769e-05	0	0	0	6.24097983383e-05	0	0	0	0	0	0	0	2.34036743769e-05	0	0	0	
Even3;k__Bacteria;p__Firmicutes;c__Clostridia;o__Halanaerobiales;f__Halobacteroidaceae;Other	0	0	0	0	0	0	0	0	7.80122479229e-06	0	0	0	0	0	0	0	0	0	0	7.80122479229e-06	0	0	0	0	0	0	0	0	0	0	0	
Even3;k__Bacteria;p__Proteobacteria;c__Deltaproteobacteria;o__Desulfobacterales;f__Desulfobacteraceae;g__	0.0	0.0	0.0	0.0	0.0	0.0	7.80122479229e-06	7.80122479229e-06	7.80122479229e-06	0	0	0	0	0	0	0	0	7.80122479229e-06	7.80122479229e-06	7.80122479229e-06	7.80122479229e-06	0	0	0	0	0	0	0	0	0	0	
Even3;k__Bacteria;p__Acidobacteria;c__Solibacteres;o__Solibacterales;f__Solibacteraceae;g__Candidatus Solibacter	0.0	0.0	0.0	0.0	0.0	0.0	0	0	0	0	0	0	0	0	0	0	0	0.0	0.0	0.0	0.0	0.0	0.0	0.0	0.0	0.0	0.0	0	0.0	0.0	0	
Even3;k__Bacteria;p__Acidobacteria;c__Solibacteres;o__Solibacterales;f__;g__	2.34036743769e-05	2.34036743769e-05	2.34036743769e-05	2.34036743769e-05	2.34036743769e-05	2.34036743769e-05	0.0	0.0	0.0	0.0	0	0	0	0	0	0	0	0.0	0.0	0.0	0.0	0	0	0	0	0	0	0	2.34036743769e-05	2.34036743769e-05	0	
Even3;k__Bacteria;p__Firmicutes;c__Bacilli;o__Bacillales;f__;g__	7.80122479229e-06	7.80122479229e-06	7.80122479229e-06	7.80122479229e-06	7.80122479229e-06	0	0	0	0	0	0	0	0	0	0	0	0	0	0	0	0	0	0	0	0	0	0	0	0	0	0	
Even3;k__Bacteria;p__Proteobacteria;c__Deltaproteobacteria;o__Desulfuromonadales;f__Geobacteraceae;g__	0.0	0.0	0.0	0.0	0.0	0.0	0	0	0	0	0	0	0	0	0	0	0	0	0	0	0	0	0	0	0	0	0	0	0.0	0.0	0	
Even3;k__Bacteria;p__Proteobacteria;c__Alphaproteobacteria;o__Rhizobiales;f__Bradyrhizobiaceae;g__Bradyrhizobium	0.0	0.0	0.0	0.0	0	0	0.0	0.0	0.0	0.0	0.0	0.0	0.0	0.0	0.0	0.0	0	0.0	0.0	0.0	0.0	0.0	0.0	0.0	0.0	0.0	0.0	0	0	0	0	
Even3;k__Bacteria;p__Acidobacteria;c__Solibacteres;o__Solibacterales;f__Solibacteraceae;Other	0	0	0	0	0	0	0.0	0.0	0.0	0.0	0.0	0.0	0.0	0.0	0.0	0	0	0	0	0	0	0	0	0	0	0	0	0	0	0	0	
Even3;k__Bacteria;p__Actinobacteria;c__Actinobacteria;o__Actinomycetales;f__Yaniellaceae;g__	0	0	0	0	0	0	7.80122479229e-06	0	0	0	0	0	0	0	0	0	0	7.80122479229e-06	0	0	0	0	0	0	0	0	0	0	0	0	0	
Even3;k__Bacteria;p__Bacteroidetes;c__Bacteroidia;o__Bacteroidales;f__Porphyromonadaceae;g__Dysgonomonas	1.56024495846e-05	1.56024495846e-05	1.56024495846e-05	1.56024495846e-05	1.56024495846e-05	1.56024495846e-05	4.68073487538e-05	3.12048991692e-05	1.56024495846e-05	7.80122479229e-06	7.80122479229e-06	0	0	0	0	0	0	4.68073487538e-05	1.56024495846e-05	1.56024495846e-05	7.80122479229e-06	7.80122479229e-06	0	0	0	0	0	0	7.80122479229e-06	7.80122479229e-06	0	
Even3;k__Bacteria;p__Proteobacteria;c__Alphaproteobacteria;o__Rhizobiales;f__Beijerinckiaceae;g__Chelatococcus	0	0	0	0	0	0	0.0	0	0	0	0	0	0	0	0	0	0	0.0	0	0	0	0	0	0	0	0	0	0	0	0	0	
Even3;k__Bacteria;p__Proteobacteria;c__Gammaproteobacteria;o__Enterobacteriales;f__Enterobacteriaceae;g__Proteus	0.0250731364824	0.0250731364824	0.0250731364824	0.0250731364824	0.0250731364824	0.0249483168858	0.0246986776924	0.0246986776924	0.0246206654445	0.0245894605453	0.0244958458478	0.0241993993057	0.0241291882826	0.0240901821586	0.023926356438	0.0239185552132	0.021445566954	0.0246986776924	0.0246986776924	0.0246908764676	0.0246128642197	0.024339821352	0.0242228029801	0.024074579709	0.0240121699107	0.0239419588875	0.021445566954	0.021445566954	0.0251901548543	0.0252681671022	0.0147	
Even3;k__Bacteria;p__Proteobacteria;c__Betaproteobacteria;o__Burkholderiales;f__Burkholderiaceae;Other	0	0	0	0	0	0	0	0	0	0	0	0	0.0	0.0	0	0	0	0	0	0	0	0	0.0	0.0	0.0	0	0	0	0.0	0.0	0	
Even3;k__Bacteria;p__Bacteroidetes;c__[Saprospirae];o__[Saprospirales];f__Chitinophagaceae;Other	0	0	0	0	0	0	0	0	7.80122479229e-06	7.80122479229e-06	3.12048991692e-05	3.90061239615e-05	5.4608573546e-05	5.4608573546e-05	5.4608573546e-05	5.4608573546e-05	3.12048991692e-05	0	0	0	7.80122479229e-06	3.12048991692e-05	3.12048991692e-05	5.4608573546e-05	4.68073487538e-05	5.4608573546e-05	5.4608573546e-05	1.56024495846e-05	7.80122479229e-06	7.80122479229e-06	0	
Even3;k__Bacteria;p__Firmicutes;c__Bacilli;o__Lactobacillales;f__Aerococcaceae;g__Aerococcus	0	0	0	0	0	0	0	0	0	0	0	0	0	0	0	0	0	0	0	0	0	0	0	0	0	0	0	0	0	7.80122479229e-06	0	
Even3;k__Bacteria;p__Actinobacteria;c__Actinobacteria;o__Actinomycetales;f__Actinomycetaceae;Other	0	0	0	0	0	0	0	0	0	0	0	0	0	0	0	0	0	0	7.80122479229e-06	7.80122479229e-06	0	0	0	0	0	0	0	0	0	0	0	
Even3;k__Bacteria;p__Armatimonadetes;c__0319-6E2;o__;f__;g__	2.34036743769e-05	2.34036743769e-05	2.34036743769e-05	2.34036743769e-05	1.56024495846e-05	1.56024495846e-05	1.56024495846e-05	1.56024495846e-05	1.56024495846e-05	1.56024495846e-05	0	0	0	0	0	0	0	1.56024495846e-05	1.56024495846e-05	1.56024495846e-05	1.56024495846e-05	0	0	0	0	0	0	0	1.56024495846e-05	1.56024495846e-05	0	
Even3;k__Bacteria;p__Proteobacteria;c__Betaproteobacteria;o__Methylophilales;f__Methylophilaceae;Other	0	0	0	0	0	0	0	0	0	0	0	0	0	2.34036743769e-05	0	0	0	0	0	0	0	0	0	0	2.34036743769e-05	0	2.34036743769e-05	0	0	0	0	
Even3;k__Bacteria;p__Proteobacteria;c__Gammaproteobacteria;o__Alteromonadales;f__OM60;g__Congregibacter	3.12048991692e-05	3.12048991692e-05	3.12048991692e-05	3.12048991692e-05	3.12048991692e-05	3.12048991692e-05	0	0	0	0	0	0	0	0	0	0	0	0	0	0	0	0	0	0	0	0	0	0	0	0	0	
Even3;k__Bacteria;p__Bacteroidetes;c__Flavobacteriia;o__Flavobacteriales;f__Flavobacteriaceae;g__Psychroserpens	0	0	0	0	0	0	0.0	0.0	0.0	0	0	0	0	0	0	0	0	0.0	0.0	0.0	0.0	0	0	0	0	0	0	0	0	0	0	
Even3;k__Bacteria;p__Proteobacteria;c__Gammaproteobacteria;o__Pasteurellales;f__Pasteurellaceae;g__Bibersteinia	0	0	0	0	0	0	1.56024495846e-05	1.56024495846e-05	0	0	0	0	0	0	0	0	0	1.56024495846e-05	0.0	0	0	0	0	0	0	0	0	0	0	0	0	
Even3;k__Bacteria;p__Cyanobacteria;c__Oscillatoriophycideae;o__Chroococcales;f__Microcystaceae;g__Microcystis	7.80122479229e-06	7.80122479229e-06	7.80122479229e-06	7.80122479229e-06	7.80122479229e-06	7.80122479229e-06	7.80122479229e-06	7.80122479229e-06	7.80122479229e-06	7.80122479229e-06	7.80122479229e-06	7.80122479229e-06	7.80122479229e-06	7.80122479229e-06	7.80122479229e-06	7.80122479229e-06	0	7.80122479229e-06	7.80122479229e-06	7.80122479229e-06	7.80122479229e-06	7.80122479229e-06	7.80122479229e-06	7.80122479229e-06	7.80122479229e-06	7.80122479229e-06	7.80122479229e-06	7.80122479229e-06	7.80122479229e-06	7.80122479229e-06	0	
Even3;k__Bacteria;p__Proteobacteria;c__Betaproteobacteria;o__Burkholderiales;f__Oxalobacteraceae;g__Janthinobacterium	0	0	0	0	0	0	7.80122479229e-06	7.80122479229e-06	7.80122479229e-06	7.80122479229e-06	7.80122479229e-06	7.80122479229e-06	7.80122479229e-06	7.80122479229e-06	7.80122479229e-06	7.80122479229e-06	0	7.80122479229e-06	7.80122479229e-06	7.80122479229e-06	7.80122479229e-06	7.80122479229e-06	7.80122479229e-06	7.80122479229e-06	7.80122479229e-06	7.80122479229e-06	7.80122479229e-06	0	7.80122479229e-06	7.80122479229e-06	0	
Even3;k__Bacteria;p__Caldithrix;c__Caldithrixae;o__Caldithrixales;f__Caldithrixaceae;g__	7.80122479229e-06	7.80122479229e-06	7.80122479229e-06	7.80122479229e-06	7.80122479229e-06	7.80122479229e-06	7.80122479229e-06	7.80122479229e-06	7.80122479229e-06	7.80122479229e-06	0	7.80122479229e-06	0	0	0	0	0	7.80122479229e-06	7.80122479229e-06	7.80122479229e-06	7.80122479229e-06	7.80122479229e-06	7.80122479229e-06	0	0	0	0	0	7.80122479229e-06	2.34036743769e-05	0	
Even3;k__Archaea;p__[Parvarchaeota];c__[Parvarchaea];o__WCHD3-30;f__;g__	7.80122479229e-06	7.80122479229e-06	7.80122479229e-06	7.80122479229e-06	7.80122479229e-06	0	7.80122479229e-06	7.80122479229e-06	7.80122479229e-06	7.80122479229e-06	7.80122479229e-06	7.80122479229e-06	7.80122479229e-06	7.80122479229e-06	7.80122479229e-06	7.80122479229e-06	0	7.80122479229e-06	7.80122479229e-06	7.80122479229e-06	7.80122479229e-06	7.80122479229e-06	7.80122479229e-06	7.80122479229e-06	7.80122479229e-06	7.80122479229e-06	0	0	7.80122479229e-06	7.80122479229e-06	0	
Even3;k__Bacteria;p__Cyanobacteria;c__Chloroplast;Other;Other;Other	0	0	0	0	0	0	0	0	0.0	0.0	0.0	1.56024495846e-05	7.80122479229e-06	0.0	0.0	0.0	7.80122479229e-06	0	0	0.0	0.0	0.0	7.80122479229e-06	7.80122479229e-06	7.80122479229e-06	0.0	0.0	0	0	0	0	
Even3;k__Bacteria;p__Firmicutes;c__Clostridia;o__Clostridiales;f__Sulfobacillaceae;g__Sulfobacillus	0	0	0	0	0	0	3.12048991692e-05	0	0	0	0	0	0	0	0	0	0	3.12048991692e-05	0	0	0	0	0	0	0	0	0	0	0	0	0	
Even3;k__Bacteria;p__Armatimonadetes;c__[Fimbriimonadia];o__[Fimbriimonadales];f__[Fimbriimonadaceae];Other	0	0	0	0	0	0	0	0	0	0	0	0	0	0	0.0	0	0	0	0	0	0	0	0	0	0	0	0	0	0	0	0	
Even3;k__Bacteria;p__Proteobacteria;c__Gammaproteobacteria;o__Enterobacteriales;f__Enterobacteriaceae;g__	0.111510707181	0.111510707181	0.111510707181	0.111510707181	0.111510707181	0.110847603074	0.00379139524905	0.000569489409837	0.000117018371884	0	0	0	0	0	0	0	0	0.00379139524905	0.000686507781722	0.000109217147092	0.0	0	0	0	0	0	0	0	0.0246674727932	0.0249717205601	0.0147	
Even3;k__Bacteria;p__FBP;c__;o__;f__;g__	7.80122479229e-06	7.80122479229e-06	7.80122479229e-06	7.80122479229e-06	7.80122479229e-06	0	0	0	0	0	0	0	0	0	0	0	0	0	0	0	0	0	0	0	0	0	0	0	0	0	0	
Even3;k__Bacteria;p__Proteobacteria;c__Deltaproteobacteria;o__Syntrophobacterales;f__;g__	0	0	0	0	0	0	0.0	0	0	0	0	0	0	0	0	0	0	0.0	0	0	0	0	0	0	0	0	0	0	0	0	0	
Even3;k__Bacteria;p__Firmicutes;c__Clostridia;Other;Other;Other	0	0	0	0	0	0	0	0.000187229395015	0.000195030619807	0.000187229395015	0.000148223271054	0.000163825720638	0.000156024495846	0.000148223271054	0.000304247766899	0.000803526153606	0.00560127940087	0	0.000226235518976	0.000218434294184	0.000163825720638	0.000358856340445	0.000140422046261	0.000249639193353	0.000312048991692	0.000140422046261	0.000390061239615	7.02110231306e-05	0	0	0	
Even3;k__Bacteria;p__Actinobacteria;c__Actinobacteria;o__Actinomycetales;f__Nocardioidaceae;g__Kribbella	1.56024495846e-05	1.56024495846e-05	1.56024495846e-05	1.56024495846e-05	1.56024495846e-05	1.56024495846e-05	1.56024495846e-05	1.56024495846e-05	1.56024495846e-05	1.56024495846e-05	1.56024495846e-05	1.56024495846e-05	1.56024495846e-05	0	0	0	0	1.56024495846e-05	1.56024495846e-05	1.56024495846e-05	1.56024495846e-05	1.56024495846e-05	0	0	0	0	0	0	1.56024495846e-05	1.56024495846e-05	0	
Even3;k__Bacteria;p__Firmicutes;c__Clostridia;o__Clostridiales;f__Eubacteriaceae;g__Anaerofustis	0.000288645317315	0.000288645317315	0.000288645317315	0.000288645317315	0.000288645317315	0.000234036743769	0.00751257947498	0.00751257947498	0.0074891758006	0.0073877598783	0.00732535007996	0.00709911456099	0.00705230721223	0.00700549986348	0.00681046924367	0.00681046924367	0	0.00751257947498	0.00750477825019	0.0074891758006	0.00737995865351	0.00734095252955	0.00709131333619	0.00705230721223	0.00702110231306	0.00681827046846	0.00677146311971	0.00675586067013	0.000413464913991	0.00730194640559	0.0147	
Even3;k__Bacteria;p__Actinobacteria;c__Acidimicrobiia;o__Acidimicrobiales;Other;Other	0	0	0	0	0	0	0	7.80122479229e-06	0	0	0	0	0	0	0	0	0	0	0	0	0	0	0	0	0	0	0	0	0	7.80122479229e-06	0	
Even3;k__Bacteria;p__Armatimonadetes;c__[Fimbriimonadia];o__[Fimbriimonadales];Other;Other	0	0	0	0	0	0	0	0	0	0	0	0	0	0	0	0.0	0	0	0	0	0	0	0	0	0	0	0.0	0	0	0	0	
Even3;k__Bacteria;p__Proteobacteria;c__Deltaproteobacteria;o__Myxococcales;Other;Other	0	0	0	0	0	0	0	0	0	0	7.80122479229e-06	0	7.80122479229e-06	0.0	0.0	0	0	0	0	0	0	0	7.80122479229e-06	7.80122479229e-06	0.0	0	0	0	0	0	0	
Even3;k__Bacteria;p__Proteobacteria;c__Alphaproteobacteria;o__Rhizobiales;f__Hyphomicrobiaceae;g__Pedomicrobium	0.0	0.0	0.0	0.0	0.0	0.0	0.0	0.0	0.0	0.0	0.0	0.0	0.0	0.0	0.0	0.0	0	0.0	0.0	0.0	0.0	0.0	0.0	0.0	0.0	0.0	0.0	0	0.0	0.0	0	
Even3;k__Bacteria;p__Proteobacteria;c__Gammaproteobacteria;o__Xanthomonadales;f__Xanthomonadaceae;g__Rhodanobacter	0.0	0.0	0.0	0.0	0.0	0	0.000397862464407	0.000390061239615	0.0	0	0	0	0	0	0	0	0	0.000397862464407	0.000397862464407	0.0	0	0	0	0	0	0	0	0	0.0	0.0	0	
Even3;k__Bacteria;p__Proteobacteria;c__Betaproteobacteria;o__Burkholderiales;f__Comamonadaceae;g__Simplicispira	0	0	0	0	0	0	3.90061239615e-05	3.90061239615e-05	3.90061239615e-05	3.90061239615e-05	0	0	0	0	0	0	0	3.90061239615e-05	3.90061239615e-05	3.90061239615e-05	3.90061239615e-05	3.12048991692e-05	0	0	0	0	0	0	0	0	0	
Even3;k__Bacteria;p__Actinobacteria;c__Actinobacteria;o__Actinomycetales;Other;Other	0	0	0	0	0	0	0	0.000132620821469	0.000296446542107	0.000234036743769	0.000210633069392	4.68073487538e-05	4.68073487538e-05	3.90061239615e-05	3.90061239615e-05	7.02110231306e-05	8.58134727152e-05	0	0.000117018371884	0.000288645317315	0.000195030619807	0.000179428170223	5.4608573546e-05	4.68073487538e-05	3.90061239615e-05	3.90061239615e-05	2.34036743769e-05	0.000117018371884	2.34036743769e-05	2.34036743769e-05	0	
Even3;k__Bacteria;p__Firmicutes;c__Clostridia;o__Clostridiales;f__Veillonellaceae;Other	0	0	0	0	0	0	0	0.0001014159223	0.000140422046261	7.02110231306e-05	5.4608573546e-05	0.0002028318446	0.000226235518976	0.00564028552483	0.00559347817607	0.0054686585794	7.80122479229e-06	0	7.80122479229e-05	0.000124819596677	7.02110231306e-05	6.24097983383e-05	0.000179428170223	0.000218434294184	0.000265241642938	0.00563248430004	0.0054608573546	0.00541405000585	0	3.12048991692e-05	0	
Even3;k__Archaea;p__Euryarchaeota;c__Thermoplasmata;o__Thermoplasmatales;Other;Other	0	0	0	0	0	0	0	7.80122479229e-06	8.58134727152e-05	8.58134727152e-05	0	0	0	0	0	0	0	0	1.56024495846e-05	8.58134727152e-05	8.58134727152e-05	0	0	0	0	0	0	0	0	0	0	
Even3;NO_HIT	0.0	0.0	0.0	0.0	0.0	0.0	0.0	0.0	0.0	0.0	0.0	0	0	0	0	0	0	0.0	0.0	0.0	0.0	0.0	0.0	0	0	0	0	0	0.00170846822951	0.00137301556344	0	
Even3;k__Bacteria;p__Bacteroidetes;c__Flavobacteriia;o__Flavobacteriales;f__[Weeksellaceae];g__Elizabethkingia	0	0	0	0	0	0	0.00027304286773	0	0	0	0	0	0	0	0	0	0	0.00027304286773	4.68073487538e-05	0	0	0	0	0	0	0	0	0	0	0	0	
Even3;k__Bacteria;p__OD1;c__;o__;f__;g__	6.24097983383e-05	6.24097983383e-05	6.24097983383e-05	6.24097983383e-05	6.24097983383e-05	0	0	0	0	0	0	0	0	0	0	0	0	0	0	0	0	0	0	0	0	0	0	0	0	0	0	
Even3;k__Bacteria;p__Gemmatimonadetes;c__Gemmatimonadetes;o__;f__;g__	1.56024495846e-05	1.56024495846e-05	1.56024495846e-05	1.56024495846e-05	1.56024495846e-05	1.56024495846e-05	1.56024495846e-05	1.56024495846e-05	1.56024495846e-05	1.56024495846e-05	1.56024495846e-05	1.56024495846e-05	1.56024495846e-05	1.56024495846e-05	0	0	0	1.56024495846e-05	1.56024495846e-05	1.56024495846e-05	1.56024495846e-05	1.56024495846e-05	1.56024495846e-05	1.56024495846e-05	1.56024495846e-05	0	0	0	1.56024495846e-05	1.56024495846e-05	0	
Even3;k__Bacteria;p__Proteobacteria;c__Gammaproteobacteria;o__Pasteurellales;f__Pasteurellaceae;g__Chelonobacter	0	0	0	0	0	0	0.0	0.0	0	0	0	0	0	0	0	0	0	0.0	0.0	0	0	0	0	0	0	0	0	0	0	0	0	
Even3;k__Bacteria;p__Armatimonadetes;Other;Other;Other;Other	0	0	0	0	0	0	0	0	0	0	1.56024495846e-05	0	0	0	0	0	0	0	0	0	0	1.56024495846e-05	1.56024495846e-05	0	0	0	0	0	0	0	0	
Even3;k__Bacteria;p__Proteobacteria;c__Gammaproteobacteria;o__Pasteurellales;f__Pasteurellaceae;g__Haemophilus	7.80122479229e-05	7.80122479229e-05	7.80122479229e-05	7.80122479229e-05	7.80122479229e-05	7.80122479229e-05	7.80122479229e-05	7.80122479229e-05	7.80122479229e-05	7.80122479229e-05	7.80122479229e-05	7.02110231306e-05	7.02110231306e-05	4.68073487538e-05	3.12048991692e-05	0	0	7.80122479229e-05	7.80122479229e-05	7.80122479229e-05	7.80122479229e-05	7.02110231306e-05	7.02110231306e-05	7.02110231306e-05	3.12048991692e-05	3.12048991692e-05	0	0	7.80122479229e-05	7.80122479229e-05	0	
Even3;k__Bacteria;p__Cyanobacteria;c__Gloeobacterophycideae;o__Gloeobacterales;f__Gloeobacteraceae;g__Gloeobacter	0	0	0	0	0	0	7.80122479229e-06	0	0	0	0	0	0	0	0	0	0	7.80122479229e-06	0	0	0	0	0	0	0	0	0	0	0	0	0	
Even3;k__Bacteria;p__Verrucomicrobia;c__[Pedosphaerae];o__[Pedosphaerales];f__Ellin515;g__	0.0	0.0	0.0	0.0	0.0	0.0	0.0	0.0	0.0	0.0	0.0	0.0	0.0	0.0	0.0	0.0	0.0	0.0	0.0	0.0	0.0	0.0	0.0	0.0	0.0	0.0	0.0	0	0.0	0.0	0	
Even3;k__Bacteria;p__Cyanobacteria;c__Oscillatoriophycideae;Other;Other;Other	0	0	0	0	0	0	0	0	0	0	4.68073487538e-05	4.68073487538e-05	4.68073487538e-05	0	0	3.12048991692e-05	0	0	0	0	4.68073487538e-05	0	4.68073487538e-05	4.68073487538e-05	0	0	3.12048991692e-05	0	0	0	0	
Even3;k__Bacteria;p__Firmicutes;c__Bacilli;o__Bacillales;f__Bacillaceae;g__	0.0	0.0	0.0	0.0	0.0	0	0	0	0	0	0	0	0	0	0	0	0	0	0	0	0	0	0	0	0	0	0	0	0	2.34036743769e-05	0	
Even3;k__Bacteria;p__Actinobacteria;c__Actinobacteria;o__Actinomycetales;f__Actinopolysporaceae;g__	0	0	0	0	0	0	0.000117018371884	8.58134727152e-05	3.90061239615e-05	3.12048991692e-05	0	0	0	0	0	0	0	0.000117018371884	9.36146975075e-05	3.90061239615e-05	3.90061239615e-05	7.80122479229e-06	0	0	0	0	0	0	0	0	0	
Even3;k__Bacteria;p__Bacteroidetes;c__Bacteroidia;o__Bacteroidales;f__Rikenellaceae;g__	0.010367827749	0.010367827749	0.010367827749	0.010367827749	0.010367827749	0.0103444240746	0.0102196044779	0.0102196044779	0.0102196044779	0.0102196044779	0.0102118032531	0.0101962008035	0.0101571946796	0.0101103873308	0.0100245738581	0.0094160783243	0.0094160783243	0.0102196044779	0.0102196044779	0.0102196044779	0.0102196044779	0.0102040020283	0.0101883995787	0.0101883995787	0.0100947848812	0.0100245738581	0.0100167726333	0.0094160783243	0.000678706556929	0.000631899208176	0.0147	
Even3;k__Bacteria;p__Bacteroidetes;c__Bacteroidia;o__Bacteroidales;f__;g__	7.80122479229e-06	7.80122479229e-06	7.80122479229e-06	7.80122479229e-06	7.80122479229e-06	7.80122479229e-06	3.12048991692e-05	7.80122479229e-06	7.80122479229e-06	7.80122479229e-06	0	0	0	0	0	0	0	3.12048991692e-05	7.80122479229e-06	7.80122479229e-06	7.80122479229e-06	0	0	0	0	0	0	0	3.12048991692e-05	4.68073487538e-05	0	
Even3;k__Bacteria;p__Proteobacteria;c__Gammaproteobacteria;o__Enterobacteriales;f__Enterobacteriaceae;g__Citrobacter	7.80122479229e-06	7.80122479229e-06	7.80122479229e-06	7.80122479229e-06	7.80122479229e-06	7.80122479229e-06	4.68073487538e-05	4.68073487538e-05	4.68073487538e-05	4.68073487538e-05	3.12048991692e-05	1.56024495846e-05	0	0	0	0	0	4.68073487538e-05	4.68073487538e-05	4.68073487538e-05	4.68073487538e-05	3.12048991692e-05	2.34036743769e-05	0	0	0	0	0	7.80122479229e-06	0	0.0147	
Even3;k__Bacteria;p__Chloroflexi;c__Dehalococcoidetes;o__Dehalococcoidales;f__Dehalococcoidaceae;g__	7.80122479229e-06	7.80122479229e-06	7.80122479229e-06	7.80122479229e-06	7.80122479229e-06	0	0	0	0	0	0	0	0	0	0	0	0	0	0	0	0	0	0	0	0	0	0	0	0	0	0	
Even3;k__Bacteria;p__Proteobacteria;c__Alphaproteobacteria;o__Rhizobiales;f__Methylobacteriaceae;g__Methylobacterium	0	0	0	0	0	0	1.56024495846e-05	1.56024495846e-05	1.56024495846e-05	0	0	0	0	0	0	0	0	1.56024495846e-05	1.56024495846e-05	0	0	0	0	0	0	0	0	0	0	0	0	
Even3;k__Bacteria;p__Proteobacteria;c__Gammaproteobacteria;o__Pseudomonadales;f__Pseudomonadaceae;g__Pseudomonas	7.80122479229e-06	7.80122479229e-06	7.80122479229e-06	7.80122479229e-06	7.80122479229e-06	7.80122479229e-06	7.80122479229e-06	7.80122479229e-06	7.80122479229e-06	7.80122479229e-06	7.80122479229e-06	7.80122479229e-06	7.80122479229e-06	7.80122479229e-06	0	0	0	7.80122479229e-06	7.80122479229e-06	7.80122479229e-06	7.80122479229e-06	7.80122479229e-06	7.80122479229e-06	7.80122479229e-06	7.80122479229e-06	0	0	0	7.80122479229e-06	7.80122479229e-06	0	
Even3;k__Bacteria;p__Caldithrix;c__Caldithrixae;o__Caldithrixales;f__Caldithrixaceae;Other	0	0	0	0	0	0	0	0	0	0	7.80122479229e-06	0	0	0	0	0	0	0	0	0	0	0	0	0	0	0	0	0	0	0	0	
Even3;k__Bacteria;p__Acidobacteria;c__Acidobacteria-6;o__iii1-15;Other;Other	0	0	0	0	0	0	0	0	7.80122479229e-06	7.80122479229e-06	7.80122479229e-06	7.80122479229e-06	1.56024495846e-05	7.80122479229e-06	7.80122479229e-06	1.56024495846e-05	0	0	0	0	7.80122479229e-06	7.80122479229e-06	7.80122479229e-06	7.80122479229e-06	7.80122479229e-06	7.80122479229e-06	3.12048991692e-05	0	0	0	0	
Even3;k__Bacteria;p__Proteobacteria;c__Betaproteobacteria;o__A21b;f__EB1003;g__	7.80122479229e-06	7.80122479229e-06	7.80122479229e-06	7.80122479229e-06	7.80122479229e-06	7.80122479229e-06	7.80122479229e-06	7.80122479229e-06	7.80122479229e-06	7.80122479229e-06	7.80122479229e-06	7.80122479229e-06	7.80122479229e-06	0.0	0.0	0	0	7.80122479229e-06	7.80122479229e-06	7.80122479229e-06	7.80122479229e-06	7.80122479229e-06	7.80122479229e-06	7.80122479229e-06	0.0	0.0	0	0	7.80122479229e-06	7.80122479229e-06	0	
Even3;k__Bacteria;p__Proteobacteria;c__Gammaproteobacteria;o__Xanthomonadales;f__Sinobacteraceae;g__Hydrocarboniphaga	0	0	0	0	0	0	1.56024495846e-05	0	0	0	0	0	0	0	0	0	0	1.56024495846e-05	0	0	0	0	0	0	0	0	0	0	0	0	0	
Even3;k__Bacteria;p__Proteobacteria;c__Gammaproteobacteria;o__Methylococcales;f__Methylococcaceae;g__Methylomicrobium	0	0	0	0	0	0	3.12048991692e-05	3.12048991692e-05	2.34036743769e-05	0	0	0	0	0	0	0	0	3.12048991692e-05	3.12048991692e-05	0.0	0	0	0	0	0	0	0	0	0	0	0	
Even3;k__Bacteria;p__Proteobacteria;c__Gammaproteobacteria;o__Pseudomonadales;f__Pseudomonadaceae;g__	0.000117018371884	0.000117018371884	0.000117018371884	0.000117018371884	0.000117018371884	0	0	0	0	0	0	0	0	0	0	0	0	0	0	0	0	0	0	0	0	0	0	0	0	0	0	
Even3;k__Bacteria;p__Synergistetes;c__Synergistia;o__Synergistales;f__Aminiphilaceae;g__Aminiphilus	7.80122479229e-06	7.80122479229e-06	7.80122479229e-06	7.80122479229e-06	7.80122479229e-06	0	0	0	0	0	0	0	0	0	0	0	0	0	0	0	0	0	0	0	0	0	0	0	0	0	0	
Even3;k__Bacteria;p__Proteobacteria;c__Gammaproteobacteria;o__Thiohalorhabdales;f__;g__	4.68073487538e-05	4.68073487538e-05	4.68073487538e-05	4.68073487538e-05	4.68073487538e-05	4.68073487538e-05	0.0	0.0	0	0	0	0	0	0	0	0	0	0.0	0	0	0	0	0	0	0	0	0	0	4.68073487538e-05	4.68073487538e-05	0	
Even3;k__Bacteria;p__Proteobacteria;c__Betaproteobacteria;o__Burkholderiales;f__Comamonadaceae;Other	0	0	0	0	0	0	0	4.68073487538e-05	7.80122479229e-06	7.80122479229e-06	5.4608573546e-05	5.4608573546e-05	5.4608573546e-05	2.34036743769e-05	7.80122479229e-06	1.56024495846e-05	0	0	7.80122479229e-05	0.0	1.56024495846e-05	2.34036743769e-05	5.4608573546e-05	3.12048991692e-05	3.12048991692e-05	3.90061239615e-05	2.34036743769e-05	0	3.12048991692e-05	3.12048991692e-05	0	
Even3;k__Bacteria;p__Proteobacteria;c__Gammaproteobacteria;o__Cardiobacteriales;f__Cardiobacteriaceae;g__Cardiobacterium	7.80122479229e-06	7.80122479229e-06	7.80122479229e-06	7.80122479229e-06	7.80122479229e-06	0	0	0	0	0	0	0	0	0	0	0	0	0	0	0	0	0	0	0	0	0	0	0	0	0	0	
Even3;k__Bacteria;p__Actinobacteria;c__Actinobacteria;o__Actinomycetales;f__Intrasporangiaceae;g__Tetrasphaera	0	0	0	0	0	0	7.80122479229e-06	7.80122479229e-06	0	0	0	0	0	0	0	0	0	0	0	0	0	0	0	0	0	0	0	0	0	0	0	
Even3;k__Bacteria;p__Actinobacteria;c__Acidimicrobiia;o__Acidimicrobiales;f__Acidimicrobiaceae;g__Acidimicrobium	0	0	0	0	0	0	8.58134727152e-05	8.58134727152e-05	0	0	0	0	0	0	0	0	0	8.58134727152e-05	7.80122479229e-06	0	0	0	0	0	0	0	0	0	0	0	0	
Even3;k__Bacteria;p__Firmicutes;c__Clostridia;o__Clostridiales;f__[Tissierellaceae];g__	0	0	0	0	0	0	0	0	0	0	0	0	0	0	0	0	0	0	0	0	0	0	0	0	0	0	0	0	0	1.56024495846e-05	0	
Even3;k__Bacteria;p__Firmicutes;c__Clostridia;o__Clostridiales;f__Peptostreptococcaceae;g__	0.000319850216484	0.000319850216484	0.000319850216484	0.000319850216484	0.000319850216484	0.000296446542107	0.000109217147092	0.000109217147092	7.02110231306e-05	3.12048991692e-05	3.12048991692e-05	2.34036743769e-05	0	0	0	0	0	0.000109217147092	7.80122479229e-05	7.80122479229e-05	5.4608573546e-05	2.34036743769e-05	0	0	0	0	0	0	0.000296446542107	0.00027304286773	0	
Even3;k__Bacteria;p__Proteobacteria;c__Gammaproteobacteria;o__Pseudomonadales;f__Moraxellaceae;g__Alkanindiges	0	0	0	0	0	0	0.0	0	0	0	0	0	0	0	0	0	0	0	0	0	0	0	0	0	0	0	0	0	0	0	0	
Even3;k__Bacteria;p__WS2;c__;o__;f__;g__	0	0	0	0	0	0	9.36146975075e-05	0	0	0	0	0	0	0	0	0	0	9.36146975075e-05	0	0	0	0	0	0	0	0	0	0	0	0	0	
Even3;k__Bacteria;p__Actinobacteria;c__Actinobacteria;o__Actinomycetales;f__Actinomycetaceae;g__Candidatus Ancillula	0	0	0	0	0	0	0	0	0	0	0	0	0	0	0	0	0	0	0	0	0	0	0	0	0	0	0	0	7.80122479229e-06	7.80122479229e-06	0	
Even3;k__Bacteria;p__Bacteroidetes;c__Flavobacteriia;o__Flavobacteriales;f__Flavobacteriaceae;Other	0	0	0	0	0	0	0	7.80122479229e-05	1.56024495846e-05	7.80122479229e-06	3.90061239615e-05	3.90061239615e-05	3.90061239615e-05	1.56024495846e-05	1.56024495846e-05	7.80122479229e-06	6.24097983383e-05	0	8.58134727152e-05	7.80122479229e-06	1.56024495846e-05	3.90061239615e-05	3.90061239615e-05	3.90061239615e-05	1.56024495846e-05	2.34036743769e-05	1.56024495846e-05	1.56024495846e-05	0.0	0.0	0	
Even3;k__Bacteria;p__Proteobacteria;c__Alphaproteobacteria;o__Rhizobiales;Other;Other	0	0	0	0	0	0	0	1.56024495846e-05	0.0	1.56024495846e-05	1.56024495846e-05	0	3.12048991692e-05	3.12048991692e-05	1.56024495846e-05	1.56024495846e-05	0.0	0	3.12048991692e-05	0.0	0.0	0	1.56024495846e-05	3.12048991692e-05	3.12048991692e-05	3.12048991692e-05	1.56024495846e-05	0.0	1.56024495846e-05	0	0	
Even3;k__Bacteria;p__Acidobacteria;c__Acidobacteriia;o__Acidobacteriales;f__Koribacteraceae;g__Candidatus Koribacter	0.0	0.0	0.0	0.0	0.0	0.0	0	0	0	0	0	0	0	0	0	0	0	0.0	0.0	0.0	0.0	0.0	0.0	0.0	0.0	0	0	0	0.0	0.0	0	
Even3;k__Bacteria;p__Verrucomicrobia;c__[Spartobacteria];o__[Chthoniobacterales];f__[Chthoniobacteraceae];g__	0	0	0	0	0	0	0.0	0.0	0.0	0.0	0.0	0	0	0	0	0	0	0	0	0	0	0	0	0	0	0	0	0	0	0	0	
Even2;k__Bacteria;p__Firmicutes;c__Bacilli;o__Lactobacillales;f__Carnobacteriaceae;g__Granulicatella	2.60889982694e-05	2.60889982694e-05	2.60889982694e-05	2.60889982694e-05	2.60889982694e-05	0	0	0	0	0	0	0	0	0	0	0	0	0	0	0	0	0	0	0	0	0	0	0	8.69633275648e-06	8.69633275648e-06	0	
Even2;k__Bacteria;p__Firmicutes;c__Bacilli;o__Lactobacillales;f__Streptococcaceae;Other	0	0	0	0	0	0	0	0	3.47853310259e-05	1.7392665513e-05	8.69633275648e-06	0.0	6.95706620518e-05	1.7392665513e-05	4.34816637824e-05	6.08743292953e-05	0.0150098703377	0	0	1.7392665513e-05	0.0	0	6.95706620518e-05	8.69633275648e-06	0.00029567531372	6.08743292953e-05	0.000243497317181	0.0239236114131	0	0	0	
Even2;k__Bacteria;p__Proteobacteria;c__Gammaproteobacteria;o__Aeromonadales;f__Aeromonadaceae;g__	0.0266977415624	0.0266977415624	0.0266977415624	0.0266977415624	0.0266977415624	0.0266803488969	5.21779965389e-05	5.21779965389e-05	5.21779965389e-05	3.47853310259e-05	0.0	0	0	0	0	0	0	5.21779965389e-05	5.21779965389e-05	5.21779965389e-05	5.21779965389e-05	8.69633275648e-06	0	0	0	0	0	0	0.00014783765686	0.000113052325834	0	
Even2;k__Bacteria;p__Proteobacteria;c__Betaproteobacteria;o__Burkholderiales;f__Burkholderiaceae;g__Burkholderia	0.0	0.0	0.0	0.0	0.0	0.0	0	0	0	0	0	0	0	0	0	0	0	0	0	0	0	0	0	0	0	0	0	0	0.0	0.0	0	
Even2;k__Bacteria;p__Proteobacteria;c__Gammaproteobacteria;o__Chromatiales;f__Ectothiorhodospiraceae;g__Methylonatrum	0	0	0	0	0	0	6.95706620518e-05	6.95706620518e-05	6.95706620518e-05	0	0	0	0	0	0	0	0	6.95706620518e-05	6.95706620518e-05	6.08743292953e-05	0	0	0	0	0	0	0	0	0	0	0	
Even2;k__Bacteria;p__Acidobacteria;c__Acidobacteriia;o__Acidobacteriales;f__Koribacteraceae;g__	8.69633275648e-06	8.69633275648e-06	8.69633275648e-06	8.69633275648e-06	8.69633275648e-06	8.69633275648e-06	8.69633275648e-06	8.69633275648e-06	8.69633275648e-06	8.69633275648e-06	8.69633275648e-06	8.69633275648e-06	8.69633275648e-06	8.69633275648e-06	8.69633275648e-06	8.69633275648e-06	0	8.69633275648e-06	8.69633275648e-06	8.69633275648e-06	8.69633275648e-06	8.69633275648e-06	8.69633275648e-06	8.69633275648e-06	8.69633275648e-06	8.69633275648e-06	8.69633275648e-06	0	8.69633275648e-06	8.69633275648e-06	0	
Even2;k__Bacteria;p__Actinobacteria;Other;Other;Other;Other	0	0	0	0	0	0	0	0.000104355993078	0.000113052325834	3.47853310259e-05	8.69633275648e-06	3.47853310259e-05	1.7392665513e-05	6.95706620518e-05	8.69633275648e-05	0.000521779965389	2.60889982694e-05	0	0.000191319320642	5.21779965389e-05	4.34816637824e-05	1.7392665513e-05	9.56596603212e-05	6.95706620518e-05	5.21779965389e-05	6.95706620518e-05	0.000234800984425	4.34816637824e-05	0	0	0	
Even2;k__Archaea;p__Crenarchaeota;c__Thermoprotei;o__Desulfurococcales;Other;Other	0	0	0	0	0	0	0	8.69633275648e-06	0	0	0	0	0	0	0	0	0	0	8.69633275648e-06	0	0	0	0	0	0	0	0	0	0	0	0	
Even2;k__Bacteria;p__Actinobacteria;c__Actinobacteria;o__Actinomycetales;f__Micrococcaceae;g__Rothia	1.7392665513e-05	1.7392665513e-05	1.7392665513e-05	1.7392665513e-05	1.7392665513e-05	1.7392665513e-05	1.7392665513e-05	1.7392665513e-05	1.7392665513e-05	1.7392665513e-05	0.0	0.0	0.0	0	0	0	0	1.7392665513e-05	1.7392665513e-05	1.7392665513e-05	1.7392665513e-05	1.7392665513e-05	0.0	0	0	0	0	0	1.7392665513e-05	1.7392665513e-05	0	
Even2;k__Bacteria;p__Proteobacteria;c__Alphaproteobacteria;o__Caulobacterales;f__Caulobacteraceae;Other	0	0	0	0	0	0	0	0	0	0	0	0	0	0	0	0	0.0	0	0	0	0	0	0	0	0	0	0	0.0	0.0	0.0	0	
Even2;k__Bacteria;p__Firmicutes;c__Bacilli;o__Bacillales;f__Paenibacillaceae;g__Paenibacillus	0.0	0.0	0.0	0.0	0.0	0	0.000121748658591	0	0	0	0	0	0	0	0	0	0	0.000121748658591	0	0	0	0	0	0	0	0	0	0	0	0	0	
Even2;k__Bacteria;p__Actinobacteria;c__Actinobacteria;o__Actinomycetales;f__Corynebacteriaceae;g__Corynebacterium	8.69633275648e-06	8.69633275648e-06	8.69633275648e-06	8.69633275648e-06	8.69633275648e-06	8.69633275648e-06	8.69633275648e-06	8.69633275648e-06	8.69633275648e-06	8.69633275648e-06	8.69633275648e-06	8.69633275648e-06	8.69633275648e-06	8.69633275648e-06	0	0	0	8.69633275648e-06	8.69633275648e-06	8.69633275648e-06	8.69633275648e-06	8.69633275648e-06	8.69633275648e-06	8.69633275648e-06	0	0	0	0	8.69633275648e-06	8.69633275648e-06	0	
Even2;k__Bacteria;p__Proteobacteria;c__Betaproteobacteria;Other;Other;Other	0	0	0	0	0	0	0	4.34816637824e-05	5.21779965389e-05	5.21779965389e-05	6.95706620518e-05	6.08743292953e-05	7.82669948083e-05	8.69633275648e-05	9.56596603212e-05	0.000113052325834	3.47853310259e-05	0	6.95706620518e-05	5.21779965389e-05	8.69633275648e-05	6.08743292953e-05	6.08743292953e-05	6.08743292953e-05	9.56596603212e-05	0.000104355993078	9.56596603212e-05	4.34816637824e-05	0	0	0	
Even2;k__Bacteria;p__Chloroflexi;c__Ellin6529;o__;f__;g__	8.69633275648e-06	8.69633275648e-06	8.69633275648e-06	8.69633275648e-06	8.69633275648e-06	8.69633275648e-06	8.69633275648e-06	8.69633275648e-06	8.69633275648e-06	8.69633275648e-06	8.69633275648e-06	8.69633275648e-06	8.69633275648e-06	8.69633275648e-06	0.0	0.0	0.0	8.69633275648e-06	8.69633275648e-06	8.69633275648e-06	8.69633275648e-06	8.69633275648e-06	8.69633275648e-06	8.69633275648e-06	0.0	0.0	0.0	0.0	8.69633275648e-06	8.69633275648e-06	0	
Even2;k__Bacteria;p__Bacteroidetes;c__Bacteroidia;o__Bacteroidales;f__Bacteroidaceae;g__BF311	8.69633275648e-06	8.69633275648e-06	8.69633275648e-06	8.69633275648e-06	8.69633275648e-06	0	0	0	0	0	0	0	0	0	0	0	0	0	0	0	0	0	0	0	0	0	0	0	2.60889982694e-05	2.60889982694e-05	0	
Even2;k__Bacteria;p__Actinobacteria;c__Actinobacteria;o__Actinomycetales;f__Mycobacteriaceae;g__Mycobacterium	8.69633275648e-06	8.69633275648e-06	8.69633275648e-06	8.69633275648e-06	8.69633275648e-06	8.69633275648e-06	2.60889982694e-05	8.69633275648e-06	8.69633275648e-06	8.69633275648e-06	8.69633275648e-06	8.69633275648e-06	8.69633275648e-06	8.69633275648e-06	8.69633275648e-06	8.69633275648e-06	0.0	2.60889982694e-05	8.69633275648e-06	8.69633275648e-06	8.69633275648e-06	8.69633275648e-06	8.69633275648e-06	8.69633275648e-06	8.69633275648e-06	8.69633275648e-06	8.69633275648e-06	0.0	8.69633275648e-06	8.69633275648e-06	0	
Even2;k__Bacteria;p__Proteobacteria;c__Gammaproteobacteria;o__Chromatiales;f__Ectothiorhodospiraceae;g__Thiorhodospira	0	0	0	0	0	0	0.0	0	0	0	0	0	0	0	0	0	0	0.0	0	0	0	0	0	0	0	0	0	0	0	0	0	
Even2;k__Bacteria;p__Firmicutes;c__Bacilli;o__Bacillales;Other;Other	0	0	0	0	0	0	0	5.21779965389e-05	8.69633275648e-06	0.0	0.0	0	0	8.69633275648e-06	8.69633275648e-06	8.69633275648e-06	8.69633275648e-06	0	0.000165230322373	8.69633275648e-06	0.0	0.0	0	0.0	8.69633275648e-06	8.69633275648e-06	8.69633275648e-06	8.69633275648e-06	0.0	0	0	
Even2;k__Bacteria;p__WPS-2;c__;o__;f__;g__	0.0	0.0	0.0	0.0	0.0	0.0	0.0	0.0	0.0	0.0	0.0	0.0	0.0	0.0	0	0	0	0.0	0.0	0.0	0.0	0.0	0.0	0.0	0.0	0	0	0	0.0	0.0	0	
Even2;k__Bacteria;p__Proteobacteria;c__Epsilonproteobacteria;o__Campylobacterales;f__Campylobacteraceae;g__Campylobacter	0.0	0.0	0.0	0.0	0.0	0.0	8.69633275648e-05	0.0	0.0	0.0	0.0	0.0	0.0	0.0	0.0	0.0	0	8.69633275648e-05	0.0	0.0	0.0	0.0	0.0	0.0	0.0	0.0	0.0	0	0.0	0.0	0	
Even2;k__Bacteria;p__Bacteroidetes;c__Cytophagia;o__Cytophagales;f__Cytophagaceae;g__	0.0	0.0	0.0	0.0	0.0	0.0	0.0	0.0	0.0	0.0	0.0	0.0	0	0	0	0	0	0.0	0.0	0.0	0.0	0.0	0.0	0	0	0	0	0	0.0	0.0	0	
Even2;k__Bacteria;p__Chloroflexi;c__Anaerolineae;o__envOPS12;f__;g__	0.0	0.0	0.0	0.0	0.0	0.0	0.0	0.0	0.0	0.0	0.0	0.0	0.0	0	0	0	0	0.0	0.0	0.0	0.0	0.0	0.0	0.0	0	0	0	0	0.0	0.0	0	
Even2;Unknown;Other;Other;Other;Other;Other	0	0	0	0	0	0	0	0	1.7392665513e-05	5.21779965389e-05	0.000208711986155	0.000234800984425	0.000234800984425	0.000260889982694	0.00061743962571	0.00270455948726	0.0321851275317	0	0	0	0	0	0	0	0	0	0	0	0	0	0	
Even2;k__Bacteria;p__Proteobacteria;c__Gammaproteobacteria;o__Alteromonadales;f__[Chromatiaceae];g__	7.82669948083e-05	7.82669948083e-05	7.82669948083e-05	7.82669948083e-05	7.82669948083e-05	7.82669948083e-05	3.47853310259e-05	8.69633275648e-06	8.69633275648e-06	0	0	0	0	0	0	0	0	3.47853310259e-05	8.69633275648e-06	0	0	0	0	0	0	0	0	0	4.34816637824e-05	4.34816637824e-05	0	
Even2;k__Bacteria;p__Actinobacteria;c__Actinobacteria;o__Actinomycetales;f__Frankiaceae;g__	8.69633275648e-06	8.69633275648e-06	8.69633275648e-06	8.69633275648e-06	8.69633275648e-06	8.69633275648e-06	8.69633275648e-06	8.69633275648e-06	8.69633275648e-06	8.69633275648e-06	8.69633275648e-06	8.69633275648e-06	8.69633275648e-06	8.69633275648e-06	8.69633275648e-06	0	0	8.69633275648e-06	8.69633275648e-06	8.69633275648e-06	8.69633275648e-06	8.69633275648e-06	8.69633275648e-06	8.69633275648e-06	8.69633275648e-06	8.69633275648e-06	0	0	8.69633275648e-06	8.69633275648e-06	0	
Even2;k__Bacteria;p__Proteobacteria;c__Gammaproteobacteria;o__Alteromonadales;f__Shewanellaceae;g__Shewanella	0	0	0	0	0	0	3.47853310259e-05	8.69633275648e-06	0	0	0	0	0	0	0	0	0	3.47853310259e-05	0	0	0	0	0	0	0	0	0	0	0	0	0	
Even2;k__Bacteria;p__Planctomycetes;c__[Brocadiae];o__Brocadiales;f__;g__	0	0	0	0	0	0	8.69633275648e-06	0	0	0	0	0	0	0	0	0	0	8.69633275648e-06	0	0	0	0	0	0	0	0	0	0	0	0	0	
Even2;k__Bacteria;p__Bacteroidetes;c__Cytophagia;o__Cytophagales;f__Flammeovirgaceae;g__Persicobacter	0	0	0	0	0	0	7.82669948083e-05	3.47853310259e-05	0	0	0	0	0	0	0	0	0	7.82669948083e-05	2.60889982694e-05	0	0	0	0	0	0	0	0	0	0	0	0	
Even2;k__Bacteria;p__Proteobacteria;c__Gammaproteobacteria;o__Enterobacteriales;f__Enterobacteriaceae;g__Brenneria	0	0	0	0	0	0	6.95706620518e-05	1.7392665513e-05	0	0	0	0	0	0	0	0	0	6.95706620518e-05	1.7392665513e-05	1.7392665513e-05	0	0	0	0	0	0	0	0	0	0	0	
Even2;k__Bacteria;p__Cyanobacteria;c__4C0d-2;Other;Other;Other	0	0	0	0	0	0	0	0	0	0	0	0	0	0	0	0	0.0	0	0	0	0	0	0	0	0	0	0	0.0	0	0	0	
Even2;k__Bacteria;p__Verrucomicrobia;Other;Other;Other;Other	0	0	0	0	0	0	0	1.7392665513e-05	5.21779965389e-05	3.47853310259e-05	1.7392665513e-05	2.60889982694e-05	0	1.7392665513e-05	0	1.7392665513e-05	6.95706620518e-05	0	5.21779965389e-05	3.47853310259e-05	1.7392665513e-05	1.7392665513e-05	2.60889982694e-05	2.60889982694e-05	3.47853310259e-05	1.7392665513e-05	1.7392665513e-05	2.60889982694e-05	0	0	0	
Even2;k__Bacteria;p__Firmicutes;c__Coriobacteriia;o__Coriobacteriales;f__Coriobacteriaceae;g__Collinsella	0	0	0	0	0	0	0	0	0	0	0	0	0	0	0	0	0	0	0	0	0	0	0	0	0	0	0	0	0	0	0.0294	
Even2;k__Bacteria;p__Proteobacteria;c__Gammaproteobacteria;o__Pasteurellales;f__Pasteurellaceae;g__Actinobacillus	0	0	0	0	0	0	8.69633275648e-06	8.69633275648e-06	8.69633275648e-06	8.69633275648e-06	8.69633275648e-06	8.69633275648e-06	8.69633275648e-06	8.69633275648e-06	0	0	0	8.69633275648e-06	8.69633275648e-06	8.69633275648e-06	8.69633275648e-06	8.69633275648e-06	8.69633275648e-06	8.69633275648e-06	8.69633275648e-06	0	0	0	8.69633275648e-06	8.69633275648e-06	0	
Even2;k__Bacteria;p__Firmicutes;c__Clostridia;o__Natranaerobiales;f__Natranaerobiaceae;g__	0	0	0	0	0	0	0.00014783765686	0.0	0	0	0	0	0	0	0	0	0	0.00014783765686	0	0	0	0	0	0	0	0	0	0	0	0	0	
Even2;k__Archaea;p__Euryarchaeota;c__Thermococci;o__Thermococcales;f__Thermococcaceae;g__Pyrococcus	0	0	0	0	0	0	8.69633275648e-06	0	0	0	0	0	0	0	0	0	0	8.69633275648e-06	8.69633275648e-06	0	0	0	0	0	0	0	0	0	0	0	0	
Even2;k__Bacteria;p__Proteobacteria;c__Deltaproteobacteria;o__Syntrophobacterales;f__Syntrophaceae;Other	0	0	0	0	0	0	0	0	0	0	0	0	0	0	0	0	0	0	0	0	0	0	0	0	0.0	0	0	0	0	0	0	
Even2;k__Bacteria;p__Chloroflexi;c__Chloroflexi;o__Chloroflexales;f__;g__	0	0	0	0	0	0	0.000104355993078	0	0	0	0	0	0	0	0	0	0	0.000104355993078	0	0	0	0	0	0	0	0	0	0	0	0	0	
Even2;k__Bacteria;p__Firmicutes;c__Clostridia;o__Clostridiales;f__Ruminococcaceae;g__	0.0232279047925	0.0232279047925	0.0232279047925	0.0232279047925	0.0232279047925	0.0229409258116	0.00200885286675	0.00194797853745	0.00155664356341	0.000582654294684	0.000426120305067	0.000330460644746	8.69633275648e-06	0	0	0	0	0.00200885286675	0.00197406753572	0.00076527728257	0.000547868963658	0.000547868963658	0.000330460644746	6.95706620518e-05	0	0	0	0	0.0202537589898	0.0225061091738	0	
Even2;k__Bacteria;p__Actinobacteria;c__Actinobacteria;o__Actinomycetales;f__Microbacteriaceae;g__	0	0	0	0	0	0	0.0	0.0	0.0	0.0	0.0	0.0	0.0	0.0	0	0	0	0	0	0	0	0	0	0	0	0	0	0	0.0	0.0	0	
Even2;k__Bacteria;p__Acidobacteria;c__[Chloracidobacteria];o__[Chloracidobacterales];f__[Chloracidobacteraceae];g__	0	0	0	0	0	0	1.7392665513e-05	0	0	0	0	0	0	0	0	0	0	1.7392665513e-05	0	0	0	0	0	0	0	0	0	0	0	0	0	
Even2;k__Bacteria;p__Firmicutes;c__Erysipelotrichi;o__Erysipelotrichales;f__Erysipelotrichaceae;g__Allobaculum	0.0	0.0	0.0	0.0	0.0	0.0	8.69633275648e-06	8.69633275648e-06	8.69633275648e-06	8.69633275648e-06	8.69633275648e-06	0	0	0	0	0	0	8.69633275648e-06	8.69633275648e-06	8.69633275648e-06	8.69633275648e-06	0	0	0	0	0	0	0	0.0	0.0	0	
Even2;k__Bacteria;p__Cyanobacteria;Other;Other;Other;Other	0	0	0	0	0	0	0	8.69633275648e-06	0.0	0.0	0.0	0	0.0	0.0	0.0	0.0	8.69633275648e-06	0	0.0	0.0	0.0	0.0	0.0	0.0	0.0	0.0	8.69633275648e-06	8.69633275648e-06	0	0	0	
Even2;k__Bacteria;p__OctSpA1-106;c__;o__;f__;g__	0	0	0	0	0	0	2.60889982694e-05	0	0	0	0	0	0	0	0	0	0	2.60889982694e-05	0	0	0	0	0	0	0	0	0	0	0	0	0	
Even2;k__Bacteria;p__Bacteroidetes;c__Flavobacteriia;o__Flavobacteriales;f__Cryomorphaceae;g__	3.47853310259e-05	3.47853310259e-05	3.47853310259e-05	3.47853310259e-05	3.47853310259e-05	3.47853310259e-05	1.7392665513e-05	1.7392665513e-05	1.7392665513e-05	1.7392665513e-05	1.7392665513e-05	1.7392665513e-05	1.7392665513e-05	1.7392665513e-05	0	0	0	1.7392665513e-05	1.7392665513e-05	1.7392665513e-05	1.7392665513e-05	1.7392665513e-05	1.7392665513e-05	1.7392665513e-05	0	0	0	0	1.7392665513e-05	1.7392665513e-05	0	
Even2;k__Bacteria;p__Actinobacteria;c__Thermoleophilia;o__Solirubrobacterales;f__Solirubrobacteraceae;g__Solirubrobacter	0	0	0	0	0	0	2.60889982694e-05	1.7392665513e-05	1.7392665513e-05	1.7392665513e-05	0	0	0	0	0	0	0	2.60889982694e-05	2.60889982694e-05	1.7392665513e-05	1.7392665513e-05	1.7392665513e-05	0	0	0	0	0	0	0	0	0	
Even2;k__Bacteria;p__Firmicutes;c__Clostridia;o__Clostridiales;f__Ruminococcaceae;g__Anaerotruncus	0.00394813507144	0.00394813507144	0.00394813507144	0.00394813507144	0.00394813507144	0.00393943873868	0.00405249106452	0.00405249106452	0.00405249106452	0.00404379473176	0.00404379473176	0.00393074240593	0.00390465340766	0.00380899374734	0.00380899374734	0.00380899374734	0.0037568157508	0.00405249106452	0.00405249106452	0.00405249106452	0.00404379473176	0.00404379473176	0.00393074240593	0.00381769008009	0.00380899374734	0.00380899374734	0.00380899374734	0.0037568157508	0.00397422406971	0.00397422406971	0.0147	
Even2;k__Bacteria;p__Proteobacteria;c__Betaproteobacteria;o__Burkholderiales;f__Comamonadaceae;g__Comamonas	0.0	0.0	0.0	0.0	0.0	0.0	8.69633275648e-06	0	0	0	0	0	0	0	0	0	0	8.69633275648e-06	0	0	0	0	0	0	0	0	0	0	0	0	0	
Even2;k__Bacteria;p__Proteobacteria;c__Betaproteobacteria;o__A21b;f__UD5;g__	0	0	0	0	0	0	2.60889982694e-05	0	0	0	0	0	0	0	0	0	0	2.60889982694e-05	0	0	0	0	0	0	0	0	0	0	0	0	0	
Even2;k__Bacteria;p__LCP-89;c__;o__;f__;g__	0	0	0	0	0	0	1.7392665513e-05	1.7392665513e-05	1.7392665513e-05	1.7392665513e-05	0	0	0	0	0	0	0	1.7392665513e-05	1.7392665513e-05	1.7392665513e-05	0	0	0	0	0	0	0	0	0	0	0	
Even2;k__Bacteria;p__Actinobacteria;c__Thermoleophilia;o__Gaiellales;f__Gaiellaceae;g__	3.47853310259e-05	3.47853310259e-05	3.47853310259e-05	3.47853310259e-05	3.47853310259e-05	3.47853310259e-05	3.47853310259e-05	3.47853310259e-05	3.47853310259e-05	3.47853310259e-05	3.47853310259e-05	0.0	0.0	0.0	0.0	0	0	3.47853310259e-05	3.47853310259e-05	3.47853310259e-05	3.47853310259e-05	3.47853310259e-05	0.0	0.0	0.0	0.0	0	0	4.34816637824e-05	4.34816637824e-05	0	
Even2;k__Bacteria;p__Bacteroidetes;c__Cytophagia;o__Cytophagales;f__Cytophagaceae;Other	0	0	0	0	0	0	0	0	0.0	0	0	0	0.0	0	0.0	0	0	0	0.0	0.0	0	0	0	0.0	0.0	0	0	0	0	0	0	
Even2;k__Bacteria;p__Bacteroidetes;c__Bacteroidia;o__Bacteroidales;Other;Other	0	0	0	0	0	0	0	0.000486994634363	0.000687010287762	0.00124357558418	0.00151316189963	0.00128705724796	0.00234800984425	0.00296544946996	0.00302632379925	0.00379160108182	0.0519431955544	0	0.00044351297058	0.000652224956736	0.00121748658591	0.00125227191693	0.00140880590655	0.00216538685636	0.00211320885982	0.0035568000974	0.00346983676983	0.0611613082763	0.011392195911	0.0114095885765	0	
Even2;k__Bacteria;p__Proteobacteria;c__Deltaproteobacteria;o__Myxococcales;f__;g__	1.7392665513e-05	1.7392665513e-05	1.7392665513e-05	1.7392665513e-05	1.7392665513e-05	1.7392665513e-05	8.69633275648e-06	8.69633275648e-06	8.69633275648e-06	8.69633275648e-06	8.69633275648e-06	8.69633275648e-06	0.0	0.0	0.0	0	0	8.69633275648e-06	8.69633275648e-06	8.69633275648e-06	8.69633275648e-06	8.69633275648e-06	0.0	0.0	0.0	0	0	0	1.7392665513e-05	1.7392665513e-05	0	
Even2;k__Bacteria;p__Proteobacteria;c__Alphaproteobacteria;o__Rhodobacterales;f__Rhodobacteraceae;Other	0	0	0	0	0	0	0	0	0	0	3.47853310259e-05	3.47853310259e-05	3.47853310259e-05	3.47853310259e-05	0	0	0	0	0	0	0	3.47853310259e-05	3.47853310259e-05	3.47853310259e-05	3.47853310259e-05	3.47853310259e-05	0	0	1.7392665513e-05	1.7392665513e-05	0	
Even2;k__Bacteria;p__Proteobacteria;c__Betaproteobacteria;o__Neisseriales;f__Neisseriaceae;g__Microvirgula	0	0	0	0	0	0	2.60889982694e-05	0.0	0	0	0	0	0	0	0	0	0	2.60889982694e-05	1.7392665513e-05	0	0	0	0	0	0	0	0	0	0	0	0	
Even2;k__Bacteria;p__Proteobacteria;c__Gammaproteobacteria;o__Xanthomonadales;f__Sinobacteraceae;g__Steroidobacter	8.69633275648e-06	8.69633275648e-06	8.69633275648e-06	8.69633275648e-06	8.69633275648e-06	8.69633275648e-06	8.69633275648e-06	8.69633275648e-06	8.69633275648e-06	8.69633275648e-06	8.69633275648e-06	8.69633275648e-06	8.69633275648e-06	8.69633275648e-06	8.69633275648e-06	8.69633275648e-06	0	8.69633275648e-06	8.69633275648e-06	8.69633275648e-06	8.69633275648e-06	8.69633275648e-06	8.69633275648e-06	8.69633275648e-06	8.69633275648e-06	8.69633275648e-06	8.69633275648e-06	0	8.69633275648e-06	8.69633275648e-06	0	
Even2;k__Bacteria;p__Proteobacteria;c__Alphaproteobacteria;o__Rhodospirillales;Other;Other	0	0	0	0	0	0	0	0.0	0	0	0	0.0	0.0	0	0	0	0	0	0	0	0	0	0	0.0	0.0	0	0	0	0	0	0	
Even2;k__Bacteria;p__Firmicutes;c__Erysipelotrichi;o__Erysipelotrichales;f__Erysipelotrichaceae;Other	0	0	0	0	0	0	0	0.000756580949813	0.000869633275648	0.00130444991347	0.00118270125488	0.00143489490482	0.00151316189963	0.00118270125488	0.0146794096929	0.0140097920707	0.0266281709003	0	0.000495690967119	0.000852240610135	0.00101747093251	0.00153055456514	0.00128705724796	0.00115661225661	0.00114791592385	0.00103486359802	0.0147576766877	0.0367072205651	0.0	0.0	0	
Even2;k__Bacteria;p__Proteobacteria;c__Gammaproteobacteria;o__Alteromonadales;f__Moritellaceae;Other	0	0	0	0	0	0	0	1.7392665513e-05	0	0	0	0	0	0	0	0	0	0	0	0	0	0	0	0	0	0	0	0	0	0	0	
Even2;k__Bacteria;p__Planctomycetes;c__Phycisphaerae;o__WD2101;f__;g__	1.7392665513e-05	1.7392665513e-05	1.7392665513e-05	1.7392665513e-05	1.7392665513e-05	1.7392665513e-05	1.7392665513e-05	1.7392665513e-05	1.7392665513e-05	1.7392665513e-05	1.7392665513e-05	1.7392665513e-05	1.7392665513e-05	1.7392665513e-05	1.7392665513e-05	1.7392665513e-05	0.0	1.7392665513e-05	1.7392665513e-05	1.7392665513e-05	1.7392665513e-05	1.7392665513e-05	1.7392665513e-05	1.7392665513e-05	1.7392665513e-05	1.7392665513e-05	1.7392665513e-05	0.0	1.7392665513e-05	1.7392665513e-05	0	
Even2;k__Bacteria;p__Firmicutes;c__Clostridia;o__Clostridiales;f__Ruminococcaceae;g__Anaerofilum	0	0	0	0	0	0	5.21779965389e-05	0	0	0	0	0	0	0	0	0	0	5.21779965389e-05	0	0	0	0	0	0	0	0	0	0	0	0	0	
Even2;k__Bacteria;p__Firmicutes;c__Clostridia;o__Clostridiales;f__Peptococcaceae;g__	0	0	0	0	0	0	0	0	0	0	0	0	0	0	0	0	0	0	0	0	0	0	0	0	0	0	0	0	0	0	0.0147	
Even2;k__Bacteria;p__Proteobacteria;c__Betaproteobacteria;o__Burkholderiales;f__Comamonadaceae;g__Rhodoferax	0	0	0	0	0	0	1.7392665513e-05	1.7392665513e-05	1.7392665513e-05	1.7392665513e-05	1.7392665513e-05	0	0	0	0	0	0	1.7392665513e-05	1.7392665513e-05	1.7392665513e-05	1.7392665513e-05	1.7392665513e-05	0	0	0	0	0	0	0	0	0	
Even2;k__Bacteria;p__Proteobacteria;c__Gammaproteobacteria;o__Enterobacteriales;f__Enterobacteriaceae;g__Gluconacetobacter	0	0	0	0	0	0	8.69633275648e-06	0	0	0	0	0	0	0	0	0	0	8.69633275648e-06	8.69633275648e-06	0	0	0	0	0	0	0	0	0	0	0	0	
Even2;k__Bacteria;p__Cyanobacteria;c__Chloroplast;o__Haptophyceae;f__;g__	2.60889982694e-05	2.60889982694e-05	2.60889982694e-05	2.60889982694e-05	2.60889982694e-05	2.60889982694e-05	2.60889982694e-05	2.60889982694e-05	2.60889982694e-05	2.60889982694e-05	2.60889982694e-05	2.60889982694e-05	2.60889982694e-05	2.60889982694e-05	2.60889982694e-05	2.60889982694e-05	2.60889982694e-05	2.60889982694e-05	2.60889982694e-05	2.60889982694e-05	2.60889982694e-05	2.60889982694e-05	2.60889982694e-05	2.60889982694e-05	2.60889982694e-05	2.60889982694e-05	2.60889982694e-05	2.60889982694e-05	2.60889982694e-05	2.60889982694e-05	0	
Even2;k__Bacteria;p__Proteobacteria;c__Alphaproteobacteria;o__Rhizobiales;f__Bradyrhizobiaceae;Other	0	0	0	0	0	0	0	0	0	0	0	0.0	0	0	0	0	0	0	0	0	0	0	0	0	0	0	0	0	3.47853310259e-05	1.7392665513e-05	0	
Even2;k__Bacteria;p__Acidobacteria;c__Solibacteres;Other;Other;Other	0	0	0	0	0	0	0	0	0.0	0.0	0	0	0	0	0	0	0	0	0	0.0	0	0	0	0	0	0	8.69633275648e-06	0	0	0	0	
Even2;k__Bacteria;p__Actinobacteria;c__Actinobacteria;o__Actinomycetales;f__Micrococcaceae;Other	0	0	0	0	0	0	0	8.69633275648e-06	0	0	0	1.7392665513e-05	0	0	0	0	0	0	0	0	0	0	0	0	0	0	0	0	0	0	0	
Even2;k__Bacteria;p__Planctomycetes;c__Planctomycetia;o__Gemmatales;Other;Other	0	0	0	0	0	0	0	0	0	0	0	0	0	0	0	0	0	0	0	0	0	0	0	0	0	0.0	0	0	0	0	0	
Even2;k__Bacteria;p__Proteobacteria;c__Alphaproteobacteria;o__Sphingomonadales;f__Sphingomonadaceae;g__	8.69633275648e-06	8.69633275648e-06	8.69633275648e-06	8.69633275648e-06	8.69633275648e-06	8.69633275648e-06	0.0	0.0	0.0	0.0	0	0	0	0	0	0	0	0.0	0.0	0.0	0.0	0	0	0	0	0	0	0	0.0	0.0	0	
Even2;k__Bacteria;p__Bacteroidetes;c__Bacteroidia;o__Bacteroidales;f__Bacteroidaceae;g__5-7N15	0.000121748658591	0.000121748658591	0.000121748658591	0.000121748658591	0.000121748658591	0.000121748658591	8.69633275648e-06	8.69633275648e-06	8.69633275648e-06	8.69633275648e-06	8.69633275648e-06	8.69633275648e-06	8.69633275648e-06	0	0	0	0	8.69633275648e-06	8.69633275648e-06	8.69633275648e-06	8.69633275648e-06	8.69633275648e-06	8.69633275648e-06	8.69633275648e-06	0	0	0	0	0.000113052325834	0.000113052325834	0	
Even2;k__Bacteria;p__Proteobacteria;c__Gammaproteobacteria;o__Oceanospirillales;Other;Other	0	0	0	0	0	0	0	0.0	4.34816637824e-05	0.0	0	0	0	0	0	0	0	0	0.0	4.34816637824e-05	8.69633275648e-06	0	0	0	0	0	0	0	8.69633275648e-06	8.69633275648e-06	0	
Even2;k__Bacteria;p__Acidobacteria;c__[Chloracidobacteria];o__RB41;f__;g__	2.60889982694e-05	2.60889982694e-05	2.60889982694e-05	2.60889982694e-05	2.60889982694e-05	2.60889982694e-05	2.60889982694e-05	2.60889982694e-05	2.60889982694e-05	2.60889982694e-05	1.7392665513e-05	2.60889982694e-05	1.7392665513e-05	1.7392665513e-05	0.0	0	0	2.60889982694e-05	2.60889982694e-05	2.60889982694e-05	2.60889982694e-05	1.7392665513e-05	1.7392665513e-05	1.7392665513e-05	1.7392665513e-05	0	0	0	2.60889982694e-05	2.60889982694e-05	0	
Even2;k__Bacteria;p__Fusobacteria;c__Fusobacteriia;o__Fusobacteriales;f__Fusobacteriaceae;g__	0	0	0	0	0	0	0.0	0.0	0.0	0.0	0.0	0	0	0	0	0	0	0.0	0.0	0.0	0.0	0.0	0.0	0	0	0	0	0	0	0	0	
Even2;k__Bacteria;p__Firmicutes;c__Clostridia;o__Thermoanaerobacterales;f__Caldicellulosiruptoraceae;g__Caldicellulosiruptor	0	0	0	0	0	0	0.000208711986155	5.21779965389e-05	0	0	0	0	0	0	0	0	0	0.000208711986155	1.7392665513e-05	0	0	0	0	0	0	0	0	0	0	0	0	
Even2;k__Bacteria;Other;Other;Other;Other;Other	0	0	0	0	0	0	0	0.00119139758764	0.0022175648529	0.00394813507144	0.00648746423633	0.0097311963545	0.0133314781157	0.019462392709	0.0314111539164	0.0617352662382	0.148602934143	0	0.000739188284301	0.00249584750111	0.00426989938343	0.00632223391396	0.00962684036142	0.0143576453809	0.0191580210625	0.0454644276509	0.0591437590768	0.153907697124	6.95706620518e-05	4.34816637824e-05	0	
Even2;k__Bacteria;p__Actinobacteria;c__Actinobacteria;o__Bifidobacteriales;f__Bifidobacteriaceae;g__	0.000139141324104	0.000139141324104	0.000139141324104	0.000139141324104	0.000139141324104	0.000139141324104	5.21779965389e-05	5.21779965389e-05	4.34816637824e-05	4.34816637824e-05	4.34816637824e-05	0	0	0	0	0	0	5.21779965389e-05	4.34816637824e-05	4.34816637824e-05	4.34816637824e-05	0	0	0	0	0	0	0	0	0.0	0	
Even2;k__Bacteria;p__Proteobacteria;c__Gammaproteobacteria;o__Enterobacteriales;f__Enterobacteriaceae;g__Providencia	0.0224365385117	0.0224365385117	0.0224365385117	0.0224365385117	0.0224365385117	0.0224191458462	0.11332191215	0.113087111165	0.112895791845	0.112513153203	0.11095650964	0.110182536025	0.109225939421	0.108956353106	0.108408484142	0.0779713194946	0	0.11332191215	0.1130697185	0.112939273508	0.112400100877	0.111017383969	0.110234714021	0.109338991747	0.108904175109	0.0786409371168	0.0778756598342	0	0.038637806437	0.0379507961493	0.0588	
Even2;k__Bacteria;p__Bacteroidetes;c__[Saprospirae];o__[Saprospirales];Other;Other	0	0	0	0	0	0	0	0	0.0	0.0	0.0	0	0	1.7392665513e-05	1.7392665513e-05	5.21779965389e-05	0	0	0	0	0	0	0.0	0.0	4.34816637824e-05	6.08743292953e-05	1.7392665513e-05	0.0	0	0	0	
Even2;k__Bacteria;p__Proteobacteria;c__Alphaproteobacteria;o__Sphingomonadales;Other;Other	0	0	0	0	0	0	0	0.0	0.0	0	0	0	0	0	0.0	0.0	0	0	0.0	0	0	0	0	0	0	0.0	0.0	0	0	0	0	
Even2;k__Bacteria;p__Firmicutes;c__Bacilli;o__Lactobacillales;f__Streptococcaceae;g__Streptococcus	0.0304197719822	0.0304197719822	0.0304197719822	0.0304197719822	0.0304197719822	0.0301327930012	0.0314111539164	0.0314111539164	0.0313241905888	0.031211138263	0.0310198189424	0.0305936986373	0.0304284683149	0.0302893269908	0.029819725022	0.0296371020341	0.000208711986155	0.0314111539164	0.0314111539164	0.0313067979233	0.0311937455975	0.0310198189424	0.0308719812855	0.0305502169735	0.0301154003357	0.0297936360237	0.0293936047169	0.000165230322373	0.0304197719822	0.0304197719822	0.0147	
Even2;k__Bacteria;p__Actinobacteria;c__Actinobacteria;o__Actinomycetales;f__Streptomycetaceae;g__Streptomyces	0	0	0	0	0	0	5.21779965389e-05	4.34816637824e-05	0	0	0	0	0	0	0	0	0	5.21779965389e-05	4.34816637824e-05	0	0	0	0	0	0	0	0	0	0	0	0	
Even2;k__Bacteria;p__Actinobacteria;c__Actinobacteria;Other;Other;Other	0	0	0	0	0	0	0	3.47853310259e-05	0.000139141324104	0.000156533989617	0.000139141324104	0.000121748658591	0.000217408318912	0.000408727639554	0.00105225626353	0.00101747093251	0.00998339000444	0	8.69633275648e-06	6.08743292953e-05	0.000113052325834	0.000182622987886	4.34816637824e-05	0.000165230322373	0.000521779965389	0.00112182692559	0.00116530858937	0.00982685601482	0	0	0	
Even2;k__Archaea;p__Crenarchaeota;c__Thaumarchaeota;o__Nitrososphaerales;f__Nitrososphaeraceae;Other	0	0	0	0	0	0	0.0	0.0	0.0	0.0	0.0	0.0	0.0	0.0	0.0	0	0	0	0	0	0	0	0	0	0	0	0	0	0	0	0	
Even2;k__Bacteria;p__Firmicutes;c__Clostridia;o__Clostridiales;f__Veillonellaceae;g__Mitsuokella	0.00627875225018	0.00627875225018	0.00627875225018	0.00627875225018	0.00627875225018	0.00621787792088	0.00643528623979	0.00640919724152	0.0063744119105	0.0063744119105	0.00635701924498	0.0061743962571	0.00610482559505	0.000121748658591	0	0	0	0.00641789357428	0.00640919724152	0.0063744119105	0.00636571557774	0.00633962657947	0.00616569992434	0.00613091459332	0.00600046960197	8.69633275648e-06	0	0	0.00628744858293	0.00627875225018	0.0147	
Even2;k__Bacteria;p__Bacteroidetes;c__Bacteroidia;o__Bacteroidales;f__Bacteroidaceae;g__Bacteroides	0.199728674418	0.199728674418	0.199728674418	0.199728674418	0.199719978085	0.198832952144	0.20039829204	0.19995477907	0.199772156082	0.198989486134	0.198563365829	0.197972015201	0.196345800976	0.195119618057	0.193389047839	0.168143593846	0.0574479741893	0.20039829204	0.200015653399	0.19979824508	0.199180805454	0.198711203485	0.197580680227	0.196397978972	0.195154403388	0.193380351506	0.168752337139	0.0755189536572	0.200180883721	0.200189580054	0.1617	
Even2;k__Bacteria;p__Proteobacteria;c__Betaproteobacteria;o__Neisseriales;f__Neisseriaceae;Other	0	0	0	0	0	0	0	0.0	0	0	0	8.69633275648e-06	0	6.95706620518e-05	6.08743292953e-05	6.08743292953e-05	0	0	0.0	0	0	0	0	8.69633275648e-06	6.95706620518e-05	6.08743292953e-05	6.08743292953e-05	0	0	0	0	
Even2;k__Bacteria;p__Proteobacteria;c__Gammaproteobacteria;o__Alteromonadales;f__Alteromonadaceae;g__Glaciecola	2.60889982694e-05	2.60889982694e-05	2.60889982694e-05	2.60889982694e-05	2.60889982694e-05	2.60889982694e-05	0	0	0	0	0	0	0	0	0	0	0	0	0	0	0	0	0	0	0	0	0	0	0.0	0.0	0	
Even2;k__Bacteria;p__Chloroflexi;c__Anaerolineae;Other;Other;Other	0	0	0	0	0	0	0	0	0	0.0	0.0	0.0	0	0.0	0.0	0.0	0	0	0	0	0.0	0.0	0.0	0	0.0	0.0	0.0	0	0	0	0	
Even2;k__Bacteria;p__Acidobacteria;c__;o__;f__;g__	0	0	0	0	0	0	0	0	0	0	0	0	0	0	0	0	0	0	0	0	0	0	0	0	0	0	0	0	0	0.0	0	
Even2;k__Bacteria;p__Proteobacteria;c__Alphaproteobacteria;o__Rickettsiales;f__Pelagibacteraceae;g__	0.0	0.0	0.0	0.0	0.0	0.0	0.0	0.0	0.0	0.0	0.0	0.0	0.0	0.0	0.0	0.0	0.0	0.0	0.0	0.0	0.0	0.0	0.0	0.0	0.0	0.0	0.0	0.0	0.0	0.0	0	
Even2;k__Bacteria;p__Actinobacteria;c__Acidimicrobiia;o__Acidimicrobiales;f__;g__	0	0	0	0	0	0	0	0	0	0	0	0	0	0	0	0	0	0	0	0	0	0	0	0	0	0	0	0	0	8.69633275648e-06	0	
Even2;k__Bacteria;p__Gemmatimonadetes;Other;Other;Other;Other	0	0	0	0	0	0	0	0	0	0	0.0	0	0.0	0	0	0	0	0	0	0	0	0	0.0	0.0	0	0	0	0	0	0	0	
Even2;k__Bacteria;p__Proteobacteria;c__Gammaproteobacteria;o__Enterobacteriales;f__Enterobacteriaceae;g__Erwinia	0.00506126566427	0.00506126566427	0.00506126566427	0.00506126566427	0.00506126566427	0.00504387299876	0.0139228287431	0.0138706507466	0.0136445460949	0.0135923680984	0.0055743492969	0.000495690967119	0.000200015653399	8.69633275648e-06	0	0	0	0.0138880434121	0.0138793470793	0.0136358497622	0.00574827595203	0.00487864267638	0.000365245975772	1.7392665513e-05	0	0	0	0	0.000330460644746	0.000243497317181	0	
Even2;k__Bacteria;p__Bacteroidetes;c__Bacteroidia;o__Bacteroidales;f__Rikenellaceae;Other	0	0	0	0	0	0	0	0	1.7392665513e-05	4.34816637824e-05	3.47853310259e-05	1.7392665513e-05	3.47853310259e-05	8.69633275648e-05	3.47853310259e-05	0.00061743962571	0	0	8.69633275648e-06	1.7392665513e-05	4.34816637824e-05	6.08743292953e-05	3.47853310259e-05	8.69633275648e-06	0.000104355993078	2.60889982694e-05	2.60889982694e-05	0	0	0	0	
Even2;k__Bacteria;p__Proteobacteria;c__Gammaproteobacteria;o__Pasteurellales;f__Pasteurellaceae;Other	0	0	0	0	0	0	0	0	0	0	0	8.69633275648e-06	8.69633275648e-06	1.7392665513e-05	4.34816637824e-05	0.000113052325834	0.000113052325834	0	0.0	0	0	8.69633275648e-06	8.69633275648e-06	8.69633275648e-06	3.47853310259e-05	4.34816637824e-05	0.000113052325834	0.000113052325834	0	0	0	
Even2;k__Bacteria;p__Proteobacteria;c__Betaproteobacteria;o__Burkholderiales;Other;Other	0	0	0	0	0	0	0	0	8.69633275648e-06	8.69633275648e-06	0.0	0.0	0.0	8.69633275648e-06	8.69633275648e-06	2.60889982694e-05	0	0	1.7392665513e-05	8.69633275648e-06	0.0	1.7392665513e-05	0.0	0.0	8.69633275648e-06	8.69633275648e-06	8.69633275648e-06	0	0	0	0	
Even2;k__Bacteria;p__Bacteroidetes;c__Flavobacteriia;o__Flavobacteriales;f__Flavobacteriaceae;g__Winogradskyella	0	0	0	0	0	0	8.69633275648e-06	8.69633275648e-06	8.69633275648e-06	8.69633275648e-06	8.69633275648e-06	0	0	0	0	0	0	8.69633275648e-06	8.69633275648e-06	8.69633275648e-06	8.69633275648e-06	0	0	0	0	0	0	0	0	0	0	
Even2;k__Bacteria;p__[Thermi];c__Deinococci;o__Thermales;f__Thermaceae;g__	0	0	0	0	0	0	0	0	0	0	0	0	0	0	0	0	0	0	0	0	0	0	0	0	0	0	0	0	0	8.69633275648e-06	0	
Even2;k__Bacteria;p__Firmicutes;c__Clostridia;o__Clostridiales;f__Eubacteriaceae;g__Eubacterium	0	0	0	0	0	0	0	0	0	0	0	0	0	0	0	0	0	0	0	0	0	0	0	0	0	0	0	0	0	0	0.0294	
Even2;k__Bacteria;p__Bacteroidetes;c__Flavobacteriia;o__Flavobacteriales;f__Flavobacteriaceae;g__Olleya	0	0	0	0	0	0	8.69633275648e-06	8.69633275648e-06	0	0	0	0	0	0	0	0	0	8.69633275648e-06	8.69633275648e-06	0	0	0	0	0	0	0	0	0	0	0	0	
Even2;k__Bacteria;p__Proteobacteria;c__Epsilonproteobacteria;o__Nautiliales;f__;g__	0	0	0	0	0	0	1.7392665513e-05	0	0	0	0	0	0	0	0	0	0	1.7392665513e-05	0	0	0	0	0	0	0	0	0	0	0	0	0	
Even2;k__Bacteria;p__Acidobacteria;c__Solibacteres;o__Solibacterales;f__[Bryobacteraceae];g__Bryobacter	0	0	0	0	0	0	1.7392665513e-05	0	0	0	0	0	0	0	0	0	0	1.7392665513e-05	0	0	0	0	0	0	0	0	0	0	0	0	0	
Even2;k__Bacteria;p__Proteobacteria;c__Gammaproteobacteria;o__Chromatiales;Other;Other	0	0	0	0	0	0	0	0	0.000104355993078	0	0	0	0	0	0	0	0	0	0.0	2.60889982694e-05	0	0	0	0	0	0	0	0	0	0	0	
Even2;k__Bacteria;p__Firmicutes;c__Clostridia;o__Clostridiales;f__Lachnospiraceae;g__Moryella	0	0	0	0	0	0	0.00105225626353	0.000165230322373	3.47853310259e-05	8.69633275648e-06	0	0	0	0	0	0	0	0.00104355993078	8.69633275648e-05	3.47853310259e-05	3.47853310259e-05	8.69633275648e-06	0	0	0	0	0	0	0	0	0	
Even2;k__Bacteria;p__Bacteroidetes;c__Bacteroidia;o__Bacteroidales;f__Bacteroidaceae;Other	0	0	0	0	0	0	0	2.60889982694e-05	8.69633275648e-06	0.000121748658591	0.000113052325834	0.000182622987886	0.00029567531372	0.000452209303337	0.000895722273917	0.0244540877112	0.0732666034733	0	0.0	8.69633275648e-06	6.95706620518e-05	0.000139141324104	0.000495690967119	0.000382638641285	0.000460905636093	0.000721795618788	0.0234453131115	0.0554043359915	8.69633275648e-06	0.0	0	
Even2;k__Archaea;p__Euryarchaeota;c__Halobacteria;o__Halobacteriales;f__Halobacteriaceae;g__Halococcus	0	0	0	0	0	0	8.69633275648e-06	0	0	0	0	0	0	0	0	0	0	8.69633275648e-06	0	0	0	0	0	0	0	0	0	0	0	0	0	
Even2;k__Archaea;p__Euryarchaeota;c__Thermoplasmata;o__E2;Other;Other	0	0	0	0	0	0	0	0	0	0	0	0	0	0	0	0	0	0	0	0	0	0	0	0	0	0	0	8.69633275648e-06	0	0	0	
Even2;k__Bacteria;p__Chloroflexi;c__TK17;o__TK18;f__;g__	0	0	0	0	0	0	0.0	0.0	0	0	0	0	0	0	0	0	0	0.0	0	0	0	0	0	0	0	0	0	0	0	0	0	
Even2;k__Archaea;p__Crenarchaeota;c__Thermoprotei;o__Thermoproteales;f__Thermoproteaceae;g__Vulcanisaeta	0	0	0	0	0	0	3.47853310259e-05	0.0	0	0	0	0	0	0	0	0	0	2.60889982694e-05	0.0	0	0	0	0	0	0	0	0	0	0	0	0	
Even2;k__Bacteria;p__Proteobacteria;c__Gammaproteobacteria;o__Chromatiales;f__Chromatiaceae;Other	0	0	0	0	0	0	0	0	0	0	0	0	0	0	0	0	0	0	3.47853310259e-05	0	0	0	0	0	0	0	0	0	0	0	0	
Even2;k__Bacteria;p__Proteobacteria;c__Gammaproteobacteria;o__Thiotrichales;f__Thiotrichaceae;g__Thiothrix	8.69633275648e-06	8.69633275648e-06	8.69633275648e-06	8.69633275648e-06	8.69633275648e-06	8.69633275648e-06	2.60889982694e-05	8.69633275648e-06	0	0	0	0	0	0	0	0	0	2.60889982694e-05	8.69633275648e-06	0	0	0	0	0	0	0	0	0	8.69633275648e-06	8.69633275648e-06	0	
Even2;k__Bacteria;p__Proteobacteria;c__Alphaproteobacteria;o__Rickettsiales;Other;Other	0	0	0	0	0	0	0	0	0	0	0	0	0	0	0	0	0	0	0	0	0	0.0	0	0	0	0	0	0	0	0	0	
Even2;k__Bacteria;p__Tenericutes;c__Mollicutes;o__Mycoplasmatales;f__Mycoplasmataceae;g__Mycoplasma	0	0	0	0	0	0	3.47853310259e-05	0	0	0	0	0	0	0	0	0	0	3.47853310259e-05	3.47853310259e-05	0	0	0	0	0	0	0	0	0	0	0	0	
Even2;k__Bacteria;p__Acidobacteria;c__Solibacteres;o__Solibacterales;f__MVS-65;g__	0	0	0	0	0	0	1.7392665513e-05	1.7392665513e-05	1.7392665513e-05	1.7392665513e-05	1.7392665513e-05	1.7392665513e-05	0	0	0	0	0	1.7392665513e-05	1.7392665513e-05	1.7392665513e-05	1.7392665513e-05	0	0	0	0	0	0	0	0	0	0	
Even2;k__Bacteria;p__Proteobacteria;c__Alphaproteobacteria;o__Sphingomonadales;f__Sphingomonadaceae;g__Kaistobacter	0.0	0.0	0.0	0.0	0.0	0.0	8.69633275648e-06	8.69633275648e-06	8.69633275648e-06	8.69633275648e-06	8.69633275648e-06	0	0	0	0	0	0	8.69633275648e-06	8.69633275648e-06	8.69633275648e-06	8.69633275648e-06	0	0	0	0	0	0	0	8.69633275648e-06	8.69633275648e-06	0	
Even2;k__Bacteria;p__Bacteroidetes;c__Flavobacteriia;o__Flavobacteriales;f__Flavobacteriaceae;g__	6.95706620518e-05	6.95706620518e-05	6.95706620518e-05	6.95706620518e-05	6.95706620518e-05	6.95706620518e-05	2.60889982694e-05	2.60889982694e-05	1.7392665513e-05	1.7392665513e-05	8.69633275648e-06	0.0	0	0	0	0	0	2.60889982694e-05	2.60889982694e-05	1.7392665513e-05	1.7392665513e-05	8.69633275648e-06	0.0	0	0	0	0	0	6.95706620518e-05	6.95706620518e-05	0	
Even2;k__Bacteria;p__Firmicutes;c__Clostridia;o__Clostridiales;f__Peptococcaceae;Other	0	0	0	0	0	0	0	0	0	1.7392665513e-05	0.0	4.34816637824e-05	0	0	0	8.69633275648e-06	0	0	0	2.60889982694e-05	8.69633275648e-06	8.69633275648e-06	4.34816637824e-05	0	0	0	8.69633275648e-06	0	0	0	0	
Even2;k__Bacteria;p__Planctomycetes;c__Planctomycetia;o__Gemmatales;f__Gemmataceae;g__	1.7392665513e-05	1.7392665513e-05	1.7392665513e-05	1.7392665513e-05	1.7392665513e-05	1.7392665513e-05	1.7392665513e-05	1.7392665513e-05	1.7392665513e-05	1.7392665513e-05	0.0	1.7392665513e-05	0.0	0.0	0.0	0.0	0	1.7392665513e-05	1.7392665513e-05	1.7392665513e-05	1.7392665513e-05	1.7392665513e-05	1.7392665513e-05	0.0	0.0	0.0	0.0	0	1.7392665513e-05	1.7392665513e-05	0	
Even2;k__Bacteria;p__Proteobacteria;c__Alphaproteobacteria;o__Rhizobiales;f__Methylobacteriaceae;Other	0	0	0	0	0	0	0	0	0	0	0	0	0	0	0	0	0	0	0	0.0	0	0	0	0	0	0	0	0	0	0	0	
Even2;k__Bacteria;p__Proteobacteria;c__Gammaproteobacteria;o__Oceanospirillales;f__Halomonadaceae;g__Kushneria	0	0	0	0	0	0	8.69633275648e-06	0	0	0	0	0	0	0	0	0	0	8.69633275648e-06	0	0	0	0	0	0	0	0	0	0	0	0	0	
Even2;k__Bacteria;p__Proteobacteria;c__Betaproteobacteria;o__Burkholderiales;f__Burkholderiaceae;g__Pandoraea	0	0	0	0	0	0	8.69633275648e-06	8.69633275648e-06	0	0	0	0	0	0	0	0	0	8.69633275648e-06	8.69633275648e-06	0	0	0	0	0	0	0	0	0	0	0	0	
Even2;k__Bacteria;p__Firmicutes;c__Erysipelotrichi;o__Erysipelotrichales;f__Erysipelotrichaceae;g__Erysipelothrix	0	0	0	0	0	0	0	0	0	0	0	0	0	0	0	0	0	0	0	0	0	0	0	0	0	0	0	0	0	8.69633275648e-06	0	
Even2;k__Bacteria;p__Chloroflexi;c__Anaerolineae;o__S0208;f__;g__	0.0	0.0	0.0	0.0	0.0	0.0	0.0	0.0	0.0	0.0	0.0	0.0	0.0	0.0	0.0	0.0	0	0.0	0.0	0.0	0.0	0.0	0.0	0.0	0.0	0.0	0.0	0	0.0	0.0	0	
Even2;k__Bacteria;p__Acidobacteria;c__Acidobacteriia;o__Acidobacteriales;f__Acidobacteriaceae;g__	0.0	0.0	0.0	0.0	0.0	0.0	0.0	0.0	0.0	0.0	0.0	0.0	0.0	0.0	0.0	0.0	0.0	0.0	0.0	0.0	0.0	0.0	0.0	0.0	0.0	0.0	0.0	0.0	0.0	0.0	0	
Even2;k__Bacteria;p__Proteobacteria;c__Gammaproteobacteria;o__Xanthomonadales;Other;Other	0	0	0	0	0	0	0	6.08743292953e-05	0	0	0	0	0	1.7392665513e-05	0	0	0	0	5.21779965389e-05	0	0.00029567531372	0	0	0	0	0	0	0	0	0	0	
Even2;k__Bacteria;p__Actinobacteria;c__Actinobacteria;o__Bifidobacteriales;f__Bifidobacteriaceae;g__Gardnerella	0	0	0	0	0	0	8.69633275648e-06	8.69633275648e-06	0.0	0	0	0	0	0	0	0	0	8.69633275648e-06	0.0	0	0	0	0	0	0	0	0	0	0	0	0	
Even2;k__Bacteria;p__Proteobacteria;c__Deltaproteobacteria;o__Syntrophobacterales;f__Syntrophaceae;g__	0.0	0.0	0.0	0.0	0.0	0.0	0.0	0.0	0.0	0.0	0.0	0.0	0.0	0	0	0	0	0.0	0.0	0.0	0.0	0.0	0.0	0.0	0	0	0	0	0.0	0.0	0	
Even2;k__Bacteria;p__Proteobacteria;c__Deltaproteobacteria;o__Desulfobacterales;f__Desulfobacteraceae;Other	0	0	0	0	0	0	0	0	0	0.0	0.0	0.0	0.0	0.0	0	0	0	0	0	0	0.0	0.0	0.0	0.0	0.0	0	0	0	0.0	0.0	0	
Even2;k__Bacteria;p__Actinobacteria;c__Coriobacteriia;o__Coriobacteriales;f__Coriobacteriaceae;g__Eggerthella	0	0	0	0	0	0	6.08743292953e-05	0	0	0	0	0	0	0	0	0	0	6.08743292953e-05	0	0	0	0	0	0	0	0	0	0	0	0	0	
Even2;k__Bacteria;p__Proteobacteria;c__Gammaproteobacteria;o__Alteromonadales;f__OM60;g__	0.0	0.0	0.0	0.0	0.0	0.0	0.0	0.0	0	0	0	0	0	0	0	0	0	0.0	0.0	0	0	0	0	0	0	0	0	0	0.0	0.0	0	
Even2;k__Bacteria;p__Cyanobacteria;c__Oscillatoriophycideae;o__Chroococcales;f__Cyanobacteriaceae;g__Crocosphaera	0	0	0	0	0	0	8.69633275648e-06	0	0	0	0	0	0	0	0	0	0	8.69633275648e-06	0	0	0	0	0	0	0	0	0	0	0	0	0	
Even2;k__Bacteria;p__Proteobacteria;c__Gammaproteobacteria;o__Pseudomonadales;f__Moraxellaceae;Other	0	0	0	0	0	0	0	0	0	0	0	0	0	0	0	0	0	0	0	0	0	0	0	0	0	0	0	0.0	0	0	0	
Even2;k__Bacteria;p__Bacteroidetes;c__[Saprospirae];o__[Saprospirales];f__Saprospiraceae;Other	0	0	0	0	0	0	0	0	0	0	0	0	0.0	0	0	0	0	0	0	0	0	0	0	0	0	0	0	0	0	0	0	
Even2;k__Bacteria;p__Firmicutes;c__Clostridia;o__Halanaerobiales;Other;Other	0	0	0	0	0	0	0	0	0	0	0	0	0	0	0	0	0	0	0	8.69633275648e-06	0	0	0	0	0	0	0	0	0	0	0	
Even2;k__Bacteria;p__Bacteroidetes;c__Bacteroidia;o__Bacteroidales;f__Porphyromonadaceae;g__Tannerella	0	0	0	0	0	0	1.7392665513e-05	1.7392665513e-05	0	0	0	0	0	0	0	0	0	1.7392665513e-05	1.7392665513e-05	0	0	0	0	0	0	0	0	0	0	0	0	
Even2;k__Bacteria;p__Proteobacteria;c__Gammaproteobacteria;o__Thiotrichales;f__Thiotrichaceae;g__	0.0	0.0	0.0	0.0	0.0	0.0	0	0	0	0	0	0	0	0	0	0	0	0	0	0	0	0	0	0	0	0	0	0	0.0	0.0	0	
Even2;k__Bacteria;p__Planctomycetes;c__Phycisphaerae;o__MSBL9;f__;g__	0.0	0.0	0.0	0.0	0.0	0.0	0.0	0.0	0.0	0.0	0.0	0.0	0.0	0.0	0.0	0.0	0.0	0.0	0.0	0.0	0.0	0.0	0.0	0.0	0.0	0.0	0.0	0.0	0.0	0.0	0	
Even2;k__Bacteria;p__Planctomycetes;c__Planctomycetia;o__Pirellulales;f__Pirellulaceae;Other	0	0	0	0	0	0	0	0	0	0	0	0	0	0	0	0.0	0	0	0	0	0	0	0	0	0	0	0.0	0	0	0	0	
Even2;k__Bacteria;p__Actinobacteria;c__Actinobacteria;o__Actinomycetales;f__Micrococcaceae;g__Nesterenkonia	8.69633275648e-06	8.69633275648e-06	8.69633275648e-06	8.69633275648e-06	8.69633275648e-06	0	0	0	0	0	0	0	0	0	0	0	0	0	0	0	0	0	0	0	0	0	0	0	0	0	0	
Even2;k__Bacteria;p__Verrucomicrobia;c__Verrucomicrobiae;o__Verrucomicrobiales;f__Verrucomicrobiaceae;Other	0	0	0	0	0	0	0	0	0	0	0.0	0.0	0.0	0.0	0.0	0.0	0.0	0	0	0	0	0	0.0	0.0	0.0	0.0	0.0	0	0	0	0	
Even2;k__Bacteria;p__Proteobacteria;c__Alphaproteobacteria;Other;Other;Other	0	0	0	0	0	0	0	0.000313067979233	2.60889982694e-05	6.08743292953e-05	5.21779965389e-05	5.21779965389e-05	3.47853310259e-05	8.69633275648e-06	8.69633275648e-06	4.34816637824e-05	1.7392665513e-05	0	0.00029567531372	5.21779965389e-05	7.82669948083e-05	0.000104355993078	2.60889982694e-05	1.7392665513e-05	8.69633275648e-06	8.69633275648e-06	8.69633275648e-06	3.47853310259e-05	0	0	0	
Even2;k__Bacteria;p__Bacteroidetes;c__Cytophagia;o__Cytophagales;Other;Other	0	0	0	0	0	0	0	0	0	0	0	0.0	0.0	0.0	0.0	0	0	0	8.69633275648e-06	0.0	0	0.0	0.0	0.0	0.0	0.0	0	0	0	0	0	
Even2;k__Bacteria;p__Proteobacteria;Other;Other;Other;Other	0	0	0	0	0	0	0	0.000130444991347	0.000460905636093	0.000313067979233	0.00046960196885	0.000539172630902	0.000878329608404	0.00115661225661	0.00193928220469	0.00337417710951	0.120461601343	0	0.00014783765686	0.000304371646477	0.000252193649938	0.000426120305067	0.00061743962571	0.00101747093251	0.00157403622892	0.00213060152534	0.00279152281483	0.137523806211	3.47853310259e-05	8.69633275648e-06	0	
Even2;k__Bacteria;p__Bacteroidetes;c__[Saprospirae];o__[Saprospirales];f__Chitinophagaceae;g__Sediminibacterium	0.0	0.0	0.0	0.0	0.0	0.0	0.0	0.0	0.0	0.0	0.0	0.0	0.0	0.0	0.0	0.0	0	0.0	0.0	0.0	0.0	0.0	0.0	0.0	0.0	0.0	0.0	0	0.0	0.0	0	
Even2;k__Bacteria;p__Proteobacteria;c__Betaproteobacteria;o__Burkholderiales;f__Comamonadaceae;g__Methylibium	0	0	0	0	0	0	2.60889982694e-05	2.60889982694e-05	2.60889982694e-05	2.60889982694e-05	2.60889982694e-05	2.60889982694e-05	2.60889982694e-05	2.60889982694e-05	2.60889982694e-05	0	0	2.60889982694e-05	2.60889982694e-05	2.60889982694e-05	2.60889982694e-05	2.60889982694e-05	2.60889982694e-05	2.60889982694e-05	2.60889982694e-05	0	0	0	0	0	0	
Even2;k__Bacteria;p__Verrucomicrobia;c__[Pedosphaerae];o__[Pedosphaerales];Other;Other	0	0	0	0	0	0	0	0	0	0	0	0	0	8.69633275648e-06	8.69633275648e-06	1.7392665513e-05	0	0	0	0	0	0	0	0	8.69633275648e-06	8.69633275648e-06	1.7392665513e-05	0.0	0	0	0	
Even2;k__Bacteria;p__Proteobacteria;c__Betaproteobacteria;o__Neisseriales;f__Neisseriaceae;g__	8.69633275648e-05	8.69633275648e-05	8.69633275648e-05	8.69633275648e-05	8.69633275648e-05	7.82669948083e-05	0	0	0	0	0	0	0	0	0	0	0	0	0	0	0	0	0	0	0	0	0	0	8.69633275648e-05	8.69633275648e-05	0	
Even2;k__Bacteria;p__Bacteroidetes;c__Bacteroidia;o__Bacteroidales;f__BS11;g__	6.95706620518e-05	6.95706620518e-05	6.95706620518e-05	6.95706620518e-05	6.95706620518e-05	0	0	0	0	0	0	0	0	0	0	0	0	0	0	0	0	0	0	0	0	0	0	0	0	0	0	
Even2;k__Bacteria;p__Proteobacteria;c__Alphaproteobacteria;o__Sphingomonadales;f__Erythrobacteraceae;g__Lutibacterium	0	0	0	0	0	0	0.0	0.0	0.0	0.0	0.0	0.0	0	0	0	0	0	0.0	0.0	0.0	0.0	0.0	0.0	0.0	0	0	0	0	0	0	0	
Even2;k__Bacteria;p__Bacteroidetes;c__Bacteroidia;o__Bacteroidales;f__Prevotellaceae;g__	0	0	0	0	0	0	0.0	0.0	0.0	0.0	0	0	0	0	0	0	0	0.0	0.0	0.0	0.0	0	0	0	0	0	0	0	0	0	0	
Even2;k__Bacteria;p__Proteobacteria;c__Alphaproteobacteria;o__Sphingomonadales;f__;g__	0.0	0.0	0.0	0.0	0.0	0.0	0.0	0.0	0.0	0.0	0.0	0.0	0.0	0.0	0	0	0	0.0	0.0	0.0	0.0	0.0	0.0	0.0	0.0	0	0	0	0.0	0.0	0	
Even2;k__Bacteria;p__Caldithrix;c__Caldithrixae;o__Caldithrixales;f__;g__	0	0	0	0	0	0	0.0	0	0	0	0	0	0	0	0	0	0	0.0	0	0	0	0	0	0	0	0	0	0	0	0	0	
Even2;k__Bacteria;p__Proteobacteria;c__Gammaproteobacteria;o__Oceanospirillales;f__Halomonadaceae;g__	8.69633275648e-06	8.69633275648e-06	8.69633275648e-06	8.69633275648e-06	8.69633275648e-06	0	0	0	0	0	0	0	0	0	0	0	0	0	0	0	0	0	0	0	0	0	0	0	0	0	0	
Even2;k__Bacteria;p__Actinobacteria;c__Actinobacteria;o__Actinomycetales;f__Micromonosporaceae;g__Pilimelia	8.69633275648e-06	8.69633275648e-06	8.69633275648e-06	8.69633275648e-06	8.69633275648e-06	8.69633275648e-06	3.47853310259e-05	2.60889982694e-05	2.60889982694e-05	2.60889982694e-05	1.7392665513e-05	2.60889982694e-05	8.69633275648e-06	8.69633275648e-06	8.69633275648e-06	0	0	3.47853310259e-05	3.47853310259e-05	2.60889982694e-05	2.60889982694e-05	2.60889982694e-05	2.60889982694e-05	8.69633275648e-06	8.69633275648e-06	8.69633275648e-06	0	0	8.69633275648e-06	8.69633275648e-06	0	
Even2;k__Bacteria;p__Actinobacteria;c__Thermoleophilia;o__Gaiellales;Other;Other	0	0	0	0	0	0	0	0	0	0	0	1.7392665513e-05	0	0	0	0	0	0	0	0	0	0	1.7392665513e-05	0	0	0	0	0	0	0	0	
Even2;k__Bacteria;p__Nitrospirae;c__Nitrospira;o__Nitrospirales;f__[Thermodesulfovibrionaceae];Other	0	0	0	0	0	0	0	0	0.0	0.0	0	0	8.69633275648e-06	8.69633275648e-06	8.69633275648e-06	8.69633275648e-06	0	0	0	0.0	0	0	0	8.69633275648e-06	8.69633275648e-06	8.69633275648e-06	8.69633275648e-06	0	0	0	0	
Even2;k__Bacteria;p__Verrucomicrobia;c__Verrucomicrobiae;o__Verrucomicrobiales;f__Verrucomicrobiaceae;g__	0	0	0	0	0	0	0.0	0.0	0.0	0.0	0.0	0	0	0	0	0	0	0.0	0.0	0.0	0.0	0.0	0	0	0	0	0	0	0	0	0	
Even2;k__Bacteria;p__KSB3;c__;o__;f__;g__	1.7392665513e-05	1.7392665513e-05	1.7392665513e-05	1.7392665513e-05	0	0	0	0	0	0	0	0	0	0	0	0	0	0	0	0	0	0	0	0	0	0	0	0	0	0	0	
Even2;k__Bacteria;p__Firmicutes;c__Clostridia;o__Clostridiales;f__Lachnospiraceae;g__[Ruminococcus]	0.0279500134793	0.0279500134793	0.0279500134793	0.0279500134793	0.0279500134793	0.0276021601691	0.0283500447861	0.0283500447861	0.0283152594551	0.028245688793	0.0281239401344	0.0278630501518	0.0270803802037	0.0255759146368	0.0254019879817	0.0202624553226	8.69633275648e-06	0.0283500447861	0.0283500447861	0.0283500447861	0.0283152594551	0.0280978511362	0.0272890921898	0.025854197285	0.0269847205433	0.0254106843144	0.0203146333191	0	0.027463018845	0.0264890295762	0	
Even2;k__Bacteria;p__Bacteroidetes;c__Cytophagia;o__Cytophagales;f__[Amoebophilaceae];g__Candidatus Cardinium	2.60889982694e-05	2.60889982694e-05	2.60889982694e-05	2.60889982694e-05	2.60889982694e-05	0	0	0	0	0	0	0	0	0	0	0	0	0	0	0	0	0	0	0	0	0	0	0	0	0	0	
Even2;k__Bacteria;p__Verrucomicrobia;c__Verrucomicrobiae;o__Verrucomicrobiales;f__Verrucomicrobiaceae;g__Luteolibacter	0.0	0.0	0.0	0.0	0.0	0.0	0.0	0.0	0.0	0.0	0.0	0.0	0	0	0	0	0	0.0	0.0	0.0	0.0	0.0	0.0	0	0	0	0	0	0.0	0.0	0	
Even2;k__Bacteria;p__Proteobacteria;c__Betaproteobacteria;o__Burkholderiales;f__Oxalobacteraceae;Other	0	0	0	0	0	0	0	0	0	0	0	0	0	0	8.69633275648e-06	0	0	0	0	0	0	0	0	0	8.69633275648e-06	0	0	0	0	0	0	
Even2;k__Bacteria;p__Proteobacteria;c__Gammaproteobacteria;o__Enterobacteriales;f__Enterobacteriaceae;g__Arsenophonus	0	0	0	0	0	0	4.34816637824e-05	0	0	0	0	0	0	0	0	0	0	4.34816637824e-05	0	0	0	0	0	0	0	0	0	0	0	0	0	
Even2;k__Bacteria;p__Bacteroidetes;c__[Saprospirae];o__[Saprospirales];f__Chitinophagaceae;g__Niastella	0	0	0	0	0	0	8.69633275648e-06	8.69633275648e-06	8.69633275648e-06	8.69633275648e-06	0	0	0	0	0	0	0	8.69633275648e-06	8.69633275648e-06	8.69633275648e-06	8.69633275648e-06	0	0	0	0	0	0	0	0	0	0	
Even2;k__Bacteria;p__Proteobacteria;c__Gammaproteobacteria;o__Enterobacteriales;f__Enterobacteriaceae;g__Photorhabdus	0	0	0	0	0	0	0.000417423972311	0.000382638641285	0.000234800984425	0.000217408318912	0	0	0	0	0	0	0	0.000417423972311	0.000391334974041	0.000260889982694	0.000217408318912	0	0	0	0	0	0	0	0	0	0	
Even2;k__Bacteria;p__Proteobacteria;c__Gammaproteobacteria;o__[Marinicellales];f__[Marinicellaceae];g__	5.21779965389e-05	5.21779965389e-05	5.21779965389e-05	5.21779965389e-05	5.21779965389e-05	5.21779965389e-05	0	0	0	0	0	0	0	0	0	0	0	0	0	0	0	0	0	0	0	0	0	0	0	0	0	
Even2;k__Bacteria;p__Proteobacteria;c__Deltaproteobacteria;o__Desulfuromonadales;f__Geobacteraceae;g__Geobacter	0.0	0.0	0.0	0.0	0.0	0.0	0	0	0	0	0	0	0	0	0	0	0	0	0	0	0	0	0	0	0	0	0	0	0	0	0	
Even2;k__Bacteria;p__Spirochaetes;c__Spirochaetes;o__Spirochaetales;f__Spirochaetaceae;g__Treponema	0	0	0	0	0	0	1.7392665513e-05	0	0	0	0	0	0	0	0	0	0	1.7392665513e-05	0	0	0	0	0	0	0	0	0	0	0	0	0	
Even2;k__Bacteria;p__Actinobacteria;c__Acidimicrobiia;o__Acidimicrobiales;f__Acidimicrobiaceae;g__Ferrimicrobium	0	0	0	0	0	0	0.0	0	0	0	0	0	0	0	0	0	0	0.0	0	0	0	0	0	0	0	0	0	0	0	0	0	
Even2;k__Bacteria;p__Proteobacteria;c__Betaproteobacteria;o__Neisseriales;f__Neisseriaceae;g__Aquitalea	0	0	0	0	0	0	0.000113052325834	0.000113052325834	3.47853310259e-05	1.7392665513e-05	8.69633275648e-06	0	8.69633275648e-06	0	0	0	0	0.000113052325834	8.69633275648e-05	2.60889982694e-05	8.69633275648e-06	8.69633275648e-06	8.69633275648e-06	0	0	0	0	0	0	0	0	
Even2;k__Bacteria;p__Firmicutes;c__Clostridia;o__Clostridiales;f__Clostridiaceae;g__Clostridium	0.0904418606674	0.0904418606674	0.0904418606674	0.0904418606674	0.0904418606674	0.0896070127227	0.0953291996765	0.095311807011	0.0952596290144	0.0948595977076	0.0945117443974	0.0922159125497	0.0749102103643	0.0709620752928	0.0707533633067	0.0672661338713	0.000182622987886	0.0953291996765	0.0952944143455	0.0952335400162	0.0950943986921	0.0944334774026	0.0770147228914	0.0744145193972	0.0717621379064	0.0674487568592	0.0673009192024	0.000243497317181	0.0186884190937	0.0184797071075	0.1764	
Even2;k__Bacteria;p__Proteobacteria;c__Deltaproteobacteria;o__Desulfuromonadales;f__;g__	0	0	0	0	0	0	0.0	0.0	0.0	0.0	0.0	0	0	0	0	0	0	0.0	0.0	0.0	0.0	0	0	0	0	0	0	0	0	0	0	
Even2;k__Bacteria;p__[Caldithrix];c__KSB1;o__Ucn15732;f__;g__	0.0	0.0	0.0	0.0	0.0	0.0	0.0	0.0	0.0	0.0	0.0	0.0	0.0	0	0	0	0	0.0	0.0	0.0	0.0	0.0	0.0	0	0	0	0	0	0.0	0.0	0	
Even2;k__Bacteria;p__Cyanobacteria;c__Chloroplast;o__Stramenopiles;f__;g__	0.000200015653399	0.000200015653399	0.000200015653399	0.000200015653399	0.000200015653399	0.000200015653399	0.000200015653399	0.000200015653399	0.000200015653399	0.000200015653399	0.000200015653399	0.000200015653399	0.000200015653399	0.000200015653399	0.000191319320642	0.000182622987886	3.47853310259e-05	0.000200015653399	0.000200015653399	0.000200015653399	0.000200015653399	0.000200015653399	0.000200015653399	0.000200015653399	0.000200015653399	0.000191319320642	0.000182622987886	2.60889982694e-05	0.000200015653399	0.000200015653399	0	
Even2;k__Bacteria;p__Actinobacteria;c__Actinobacteria;o__Bifidobacteriales;f__Bifidobacteriaceae;g__Bifidobacterium	0.0814237635989	0.0814237635989	0.0814237635989	0.0814237635989	0.0814237635989	0.0811106956197	0.0817629205764	0.0817281352454	0.0816237792523	0.0816150829195	0.0815455122575	0.0814672452627	0.0811280882852	0.0806237009853	0.0796236227183	0.0784757067944	0.067848788166	0.0817629205764	0.0817455279109	0.0817020462471	0.0816063865868	0.0815368159247	0.0813020149403	0.0810585176231	0.0806323973181	0.0798323347045	0.0788670417685	0.0273412701864	0.0815802975885	0.081632475585	0.1176	
Even2;k__Bacteria;p__Armatimonadetes;c__[Fimbriimonadia];o__[Fimbriimonadales];f__[Fimbriimonadaceae];g__Fimbriimonas	8.69633275648e-06	8.69633275648e-06	8.69633275648e-06	8.69633275648e-06	8.69633275648e-06	8.69633275648e-06	8.69633275648e-06	8.69633275648e-06	8.69633275648e-06	8.69633275648e-06	8.69633275648e-06	8.69633275648e-06	8.69633275648e-06	8.69633275648e-06	0	0	0	8.69633275648e-06	8.69633275648e-06	8.69633275648e-06	8.69633275648e-06	8.69633275648e-06	8.69633275648e-06	8.69633275648e-06	8.69633275648e-06	8.69633275648e-06	0	0	8.69633275648e-06	8.69633275648e-06	0	
Even2;k__Bacteria;p__Chloroflexi;c__;o__;f__;g__	1.7392665513e-05	1.7392665513e-05	1.7392665513e-05	1.7392665513e-05	1.7392665513e-05	0	0	0	0	0	0	0	0	0	0	0	0	0	0	0	0	0	0	0	0	0	0	0	0	0	0	
Even2;k__Bacteria;p__Firmicutes;c__Clostridia;o__Thermoanaerobacterales;f__Thermoanaerobacterales Family III. Incertae Sedis;g__	0	0	0	0	0	0	0	0	0	0	0	0	0	0	0	0	0	3.47853310259e-05	3.47853310259e-05	0	0	0	0	0	0	0	0	0	0	0	0	
Even2;k__Bacteria;p__Bacteroidetes;c__Sphingobacteriia;o__Sphingobacteriales;f__Sphingobacteriaceae;g__Sphingobacterium	6.95706620518e-05	6.95706620518e-05	6.95706620518e-05	6.95706620518e-05	6.95706620518e-05	0	6.95706620518e-05	6.95706620518e-05	0	0	0	0	0	0	0	0	0	6.95706620518e-05	6.95706620518e-05	0	0	0	0	0	0	0	0	0	6.95706620518e-05	0	0	
Even2;k__Bacteria;p__Cyanobacteria;c__Synechococcophycideae;o__Synechococcales;f__Synechococcaceae;g__Synechococcus	1.7392665513e-05	1.7392665513e-05	1.7392665513e-05	1.7392665513e-05	1.7392665513e-05	1.7392665513e-05	1.7392665513e-05	1.7392665513e-05	1.7392665513e-05	1.7392665513e-05	1.7392665513e-05	1.7392665513e-05	1.7392665513e-05	1.7392665513e-05	0	0	0	1.7392665513e-05	1.7392665513e-05	1.7392665513e-05	1.7392665513e-05	1.7392665513e-05	1.7392665513e-05	1.7392665513e-05	1.7392665513e-05	1.7392665513e-05	0	0	1.7392665513e-05	1.7392665513e-05	0	
Even2;k__Bacteria;p__Proteobacteria;c__Deltaproteobacteria;o__Desulfobacterales;f__Desulfobulbaceae;g__	0.0	0.0	0.0	0.0	0.0	0.0	0.0	0.0	0.0	0	0	0	0	0	0	0	0	0.0	0.0	0	0	0	0	0	0	0	0	0	0.0	0.0	0	
Even2;k__Bacteria;p__Firmicutes;c__Clostridia;o__Clostridiales;f__Veillonellaceae;g__Propionispora	0	0	0	0	0	0	1.7392665513e-05	0.0	0	0	0	0	0	0	0	0	0	3.47853310259e-05	0	0	0	0	0	0	0	0	0	0	0	0	0	
Even2;k__Bacteria;p__Proteobacteria;c__Deltaproteobacteria;o__Desulfobacterales;Other;Other	0	0	0	0	0	0	0	0	0	0	0	0	0	0	0.0	0	0	0	0	0	0	0	0	0	0	0.0	0	0	0	0	0	
Even2;k__Bacteria;p__Proteobacteria;c__Gammaproteobacteria;o__Xanthomonadales;f__;g__	0	0	0	0	0	0	5.21779965389e-05	0	0	0	0	0	0	0	0	0	0	5.21779965389e-05	0	0	0	0	0	0	0	0	0	0	0	0	0	
Even2;k__Archaea;p__Euryarchaeota;c__Thermoplasmata;o__E2;f__DHVEG-1;g__	8.69633275648e-06	8.69633275648e-06	8.69633275648e-06	8.69633275648e-06	8.69633275648e-06	8.69633275648e-06	8.69633275648e-06	8.69633275648e-06	8.69633275648e-06	8.69633275648e-06	8.69633275648e-06	8.69633275648e-06	8.69633275648e-06	8.69633275648e-06	8.69633275648e-06	8.69633275648e-06	0	8.69633275648e-06	8.69633275648e-06	8.69633275648e-06	8.69633275648e-06	8.69633275648e-06	8.69633275648e-06	8.69633275648e-06	8.69633275648e-06	8.69633275648e-06	8.69633275648e-06	0	8.69633275648e-06	8.69633275648e-06	0	
Even2;k__Bacteria;p__Verrucomicrobia;c__[Spartobacteria];o__[Chthoniobacterales];f__[Chthoniobacteraceae];g__Chthoniobacter	0.0	0.0	0.0	0.0	0.0	0.0	8.69633275648e-06	8.69633275648e-06	8.69633275648e-06	8.69633275648e-06	8.69633275648e-06	8.69633275648e-06	0.0	0.0	0.0	0.0	0	0.0	0.0	0.0	0.0	0.0	0.0	0.0	0.0	0.0	0.0	0	0.0	0.0	0	
Even2;k__Bacteria;p__Chlorobi;c__Ignavibacteria;o__SM1H02;f__;g__	4.34816637824e-05	4.34816637824e-05	4.34816637824e-05	4.34816637824e-05	4.34816637824e-05	0	2.60889982694e-05	0	0	0	0	0	0	0	0	0	0	2.60889982694e-05	0	0	0	0	0	0	0	0	0	0	0	0	0	
Even2;k__Bacteria;p__Firmicutes;c__Clostridia;o__Clostridiales;f__Peptostreptococcaceae;Other	0	0	0	0	0	0	0	4.34816637824e-05	0.00014783765686	2.60889982694e-05	8.69633275648e-06	8.69633275648e-06	0	0	0	0	0	0	0.000156533989617	0.000121748658591	3.47853310259e-05	8.69633275648e-06	0	0	0	0	0	0	0	0	0	
Even2;k__Bacteria;p__Proteobacteria;c__Zetaproteobacteria;o__Mariprofundales;f__Mariprofundaceae;g__Mariprofundus	0.0	0.0	0.0	0.0	0.0	0.0	0.0	0.0	0.0	0.0	0.0	0	0	0	0	0	0	0.0	0.0	0.0	0.0	0.0	0	0	0	0	0	0	0.0	0.0	0	
Even2;k__Bacteria;p__Firmicutes;c__Bacilli;o__Lactobacillales;f__Enterococcaceae;g__Tetragenococcus	0	0	0	0	0	0	8.69633275648e-06	0	0	0	0	0	0	0	0	0	0	8.69633275648e-06	0	0	0	0	0	0	0	0	0	0	0	0	0	
Even2;k__Archaea;p__Crenarchaeota;c__Thermoprotei;Other;Other;Other	0	0	0	0	0	0	0	6.95706620518e-05	0.0	0.0	0	0	0	0	0	0	0	0	7.82669948083e-05	0.0	0.0	0	0	0	0	0	0	0	0	0	0	
Even2;k__Bacteria;p__Cyanobacteria;c__Oscillatoriophycideae;o__Oscillatoriales;f__Phormidiaceae;g__Oscillatoria	0	0	0	0	0	0	0.0	0	0	0	0	0	0	0	0	0	0	0.0	0	0	0	0	0	0	0	0	0	0	0	0	0	
Even2;k__Bacteria;p__Proteobacteria;c__Gammaproteobacteria;o__Enterobacteriales;f__Enterobacteriaceae;g__Plesiomonas	8.69633275648e-06	8.69633275648e-06	8.69633275648e-06	8.69633275648e-06	8.69633275648e-06	0	4.34816637824e-05	4.34816637824e-05	4.34816637824e-05	4.34816637824e-05	4.34816637824e-05	2.60889982694e-05	0	0	0	0	0	4.34816637824e-05	4.34816637824e-05	4.34816637824e-05	4.34816637824e-05	4.34816637824e-05	2.60889982694e-05	0	0	0	0	0	0	0	0	
Even2;k__Bacteria;p__Proteobacteria;c__Alphaproteobacteria;o__Sphingomonadales;f__Sphingomonadaceae;g__Sphingomonas	0	0	0	0	0	0	0.0	0.0	0.0	0.0	0.0	0.0	0.0	0.0	0	0	0	0.0	0.0	0.0	0.0	0.0	0.0	0.0	0.0	0	0	0	0	0	0	
Even2;k__Bacteria;p__Firmicutes;c__Bacilli;o__Bacillales;f__Thermoactinomycetaceae;g__Laceyella	0	0	0	0	0	0	4.34816637824e-05	0	0	0	0	0	0	0	0	0	0	4.34816637824e-05	0	0	0	0	0	0	0	0	0	0	0	0	0	
Even2;k__Bacteria;p__Verrucomicrobia;c__[Pedosphaerae];o__[Pedosphaerales];f__auto67_4W;g__	0.0	0.0	0.0	0.0	0.0	0.0	0.0	0.0	0.0	0.0	0.0	0.0	0.0	0.0	0.0	0	0	0.0	0.0	0.0	0.0	0.0	0.0	0.0	0.0	0	0	0	0.0	0.0	0	
Even2;k__Bacteria;p__Firmicutes;c__Bacilli;Other;Other;Other	0	0	0	0	0	0	0	6.08743292953e-05	4.34816637824e-05	0.000156533989617	0.000182622987886	0.000573957961927	0.000556565296415	0.000382638641285	7.82669948083e-05	6.95706620518e-05	3.47853310259e-05	0	5.21779965389e-05	0.000182622987886	0.000121748658591	0.000217408318912	0.000200015653399	0.00044351297058	6.95706620518e-05	0.000426120305067	7.82669948083e-05	0.000330460644746	0	0	0	
Even2;k__Bacteria;p__Acidobacteria;c__Solibacteres;o__JH-WHS99;f__;g__	0	0	0	0	0	0	0.0	0.0	0	0	0	0	0	0	0	0	0	0.0	0.0	0	0	0	0	0	0	0	0	0	0	0	0	
Even2;k__Archaea;p__Crenarchaeota;c__Thaumarchaeota;o__Cenarchaeales;f__Cenarchaeaceae;Other	0	0	0	0	0	0	0	0	0	0	0	0	0	0	0	0	0.0	0	0	0	0	0	0	0	0	0	0	0.0	0	0	0	
Even2;k__Bacteria;p__Acidobacteria;c__iii1-8;o__DS-18;f__;g__	1.7392665513e-05	1.7392665513e-05	1.7392665513e-05	1.7392665513e-05	1.7392665513e-05	1.7392665513e-05	1.7392665513e-05	1.7392665513e-05	1.7392665513e-05	1.7392665513e-05	1.7392665513e-05	1.7392665513e-05	1.7392665513e-05	1.7392665513e-05	1.7392665513e-05	1.7392665513e-05	0	1.7392665513e-05	1.7392665513e-05	1.7392665513e-05	1.7392665513e-05	1.7392665513e-05	1.7392665513e-05	1.7392665513e-05	1.7392665513e-05	1.7392665513e-05	1.7392665513e-05	0	1.7392665513e-05	1.7392665513e-05	0	
Even2;k__Archaea;p__Crenarchaeota;c__MCG;o__pGrfC26;f__;g__	0.0	0.0	0.0	0.0	0.0	0.0	0.0	0.0	0.0	0.0	0.0	0.0	0.0	0.0	0.0	0.0	0.0	0.0	0.0	0.0	0.0	0.0	0.0	0.0	0.0	0.0	0.0	0.0	0.0	0.0	0	
Even2;k__Bacteria;p__Proteobacteria;c__Epsilonproteobacteria;o__Campylobacterales;f__Helicobacteraceae;g__	0.000904418606674	0.000904418606674	0.000904418606674	0.000904418606674	0.000904418606674	0	0	0	0	0	0	0	0	0	0	0	0	0	0	0	0	0	0	0	0	0	0	0	0	0	0	
Even2;k__Bacteria;p__Proteobacteria;c__Gammaproteobacteria;o__Chromatiales;f__Ectothiorhodospiraceae;g__	0.0	0.0	0.0	0.0	0.0	0.0	0	0	0	0	0	0	0	0	0	0	0	0	0	0	0	0	0	0	0	0	0	0	0	8.69633275648e-06	0	
Even2;k__Bacteria;p__Proteobacteria;c__Betaproteobacteria;o__A21b;Other;Other	0	0	0	0	0	0	0	0	0	0	0	0	0	0	0	0	0	0	8.69633275648e-06	0	0	0	0	0	0	0	0	0	0	0	0	
Even2;k__Bacteria;p__Firmicutes;c__Clostridia;o__Clostridiales;f__Veillonellaceae;g__G07	0.0	0.0	0.0	0.0	0.0	0.0	0	0	0	0	0	0	0	0	0	0	0	0	0	0	0	0	0	0	0	0	0	0	0.0	0.0	0	
Even2;k__Bacteria;p__Chloroflexi;c__TK10;o__B07_WMSP1;Other;Other	0	0	0	0	0	0	0	0	0	0	0	0	0	0	0	0	0	0	0	0	0	0	0	0	0	0	8.69633275648e-06	0	0	0	0	
Even2;k__Bacteria;p__Bacteroidetes;c__Sphingobacteriia;o__Sphingobacteriales;f__Sphingobacteriaceae;Other	0	0	0	0	0	0	0	0	0	0	0	8.69633275648e-06	0.0	0.0	0.0	0.0	0.0	0	0	6.95706620518e-05	0	0	0	8.69633275648e-06	0.0	0.0	0.0	0.0	0	0	0	
Even2;k__Bacteria;p__Firmicutes;c__Bacilli;o__Bacillales;f__Paenibacillaceae;g__Brevibacillus	1.7392665513e-05	1.7392665513e-05	1.7392665513e-05	1.7392665513e-05	1.7392665513e-05	0	0	0	0	0	0	0	0	0	0	0	0	0	0	0	0	0	0	0	0	0	0	0	0	0	0	
Even2;k__Bacteria;p__Cyanobacteria;c__Oscillatoriophycideae;o__Oscillatoriales;f__Phormidiaceae;Other	0	0	0	0	0	0	0	0	0	0.0	0	0	0	0	0	0	0	0	0	0.0	0	0.0	0	0	0	0	0	0	0	0	0	
Even2;k__Bacteria;p__[Caldithrix];c__KSB1;Other;Other;Other	0	0	0	0	0	0	0	0	0	0	0	0	0	0.0	0	0	0	0	0	0	0	0	0	0.0	0.0	0	0	0	0	0	0	
Even2;k__Bacteria;p__Actinobacteria;c__Actinobacteria;o__Actinomycetales;f__Microbacteriaceae;g__Candidatus Rhodoluna	0.0	0.0	0.0	0.0	0.0	0.0	0	0	0	0	0	0	0	0	0	0	0	0.0	0.0	0.0	0.0	0.0	0.0	0.0	0	0	0	0	0	0	0	
Even2;k__Bacteria;p__Planctomycetes;Other;Other;Other;Other	0	0	0	0	0	0	0	0	0	0	8.69633275648e-06	8.69633275648e-06	8.69633275648e-06	0	0	0	0	0	0	0	0	8.69633275648e-06	8.69633275648e-06	8.69633275648e-06	0	0	0	0	0	0	0	
Even2;k__Bacteria;p__Chlorobi;c__Ignavibacteria;Other;Other;Other	0	0	0	0	0	0	0	2.60889982694e-05	0	0	0	0	0	0	0	0	0	0	2.60889982694e-05	1.7392665513e-05	0	0	0	0	0	0	0	0	0	0	0	
Even2;k__Bacteria;p__Proteobacteria;c__Alphaproteobacteria;o__Sphingomonadales;f__Erythrobacteraceae;Other	0	0	0	0	0	0	0	0	0	0	0	0	0.0	0.0	0.0	0	0	0	0	0	0	0	0	0	0.0	0.0	0	0	0	0	0	
Even2;k__Bacteria;p__Planctomycetes;c__Planctomycetia;Other;Other;Other	0	0	0	0	0	0	0	0	0	0	0	0	0	0	0.0	0.0	0	0	0	0	0	0	0	0	0	0	0	0	0	0	0	
Even2;k__Bacteria;p__Proteobacteria;c__Gammaproteobacteria;o__Alteromonadales;f__Idiomarinaceae;g__	8.69633275648e-06	8.69633275648e-06	8.69633275648e-06	8.69633275648e-06	0	0	0	0	0	0	0	0	0	0	0	0	0	0	0	0	0	0	0	0	0	0	0	0	0	0	0	
Even2;k__Bacteria;p__Proteobacteria;c__Gammaproteobacteria;o__Legionellales;f__Legionellaceae;g__	0	0	0	0	0	0	0	0	0	0	0	0	0	0	0	0	0	0	0	0	0	0	0	0	0	0	0	0	1.7392665513e-05	1.7392665513e-05	0	
Even2;k__Bacteria;p__Proteobacteria;c__Gammaproteobacteria;o__Enterobacteriales;f__Enterobacteriaceae;g__Dickeya	0	0	0	0	0	0	6.08743292953e-05	6.08743292953e-05	6.08743292953e-05	6.08743292953e-05	6.08743292953e-05	3.47853310259e-05	0	0	0	0	0	6.08743292953e-05	6.08743292953e-05	6.08743292953e-05	6.08743292953e-05	6.08743292953e-05	3.47853310259e-05	0	0	0	0	0	0	0	0	
Even2;k__Bacteria;p__Proteobacteria;c__Betaproteobacteria;o__SC-I-84;f__;g__	6.95706620518e-05	6.95706620518e-05	6.95706620518e-05	6.95706620518e-05	6.95706620518e-05	6.95706620518e-05	3.47853310259e-05	3.47853310259e-05	3.47853310259e-05	3.47853310259e-05	3.47853310259e-05	3.47853310259e-05	3.47853310259e-05	2.60889982694e-05	2.60889982694e-05	0	0	3.47853310259e-05	3.47853310259e-05	3.47853310259e-05	3.47853310259e-05	3.47853310259e-05	3.47853310259e-05	3.47853310259e-05	2.60889982694e-05	2.60889982694e-05	0	0	0.000104355993078	0.000104355993078	0	
Even2;k__Bacteria;p__Firmicutes;c__Bacilli;o__Lactobacillales;f__Enterococcaceae;g__Enterococcus	3.47853310259e-05	3.47853310259e-05	3.47853310259e-05	3.47853310259e-05	3.47853310259e-05	0	0	0	0	0	0	0	0	0	0	0	0	0	0	0	0	0	0	0	0	0	0	0	0	0	0	
Even2;k__Bacteria;p__Cyanobacteria;c__Nostocophycideae;o__Nostocales;f__Nostocaceae;Other	0	0	0	0	0	0	0	0	0	0	0	0	0	0	8.69633275648e-06	8.69633275648e-06	8.69633275648e-06	0	0	0	0	0	0	8.69633275648e-06	8.69633275648e-06	8.69633275648e-06	8.69633275648e-06	7.82669948083e-05	8.69633275648e-06	8.69633275648e-06	0	
Even2;k__Bacteria;p__Bacteroidetes;Other;Other;Other;Other	0	0	0	0	0	0	0	0.000278282648207	0.000530476298145	0.000608743292953	0.000452209303337	0.000939203937699	0.00106964892905	0.000773973615326	0.00104355993078	0.00148707290136	0.0138010800845	0	0.000678313955005	0.00046960196885	0.000530476298145	0.000600046960197	0.00091311493943	0.000713099286031	0.00121748658591	0.000982685601482	0.00145228757033	0.0208364132845	0	0	0	
Even2;k__Bacteria;p__Nitrospirae;c__Nitrospira;o__Nitrospirales;Other;Other	0	0	0	0	0	0	0	0	0	0	0	0	0	0	0	0	0	0	0	0	0.0	0	0	0	0	0	0	0	0	0	0	
Even2;k__Bacteria;p__Verrucomicrobia;c__[Methylacidiphilae];o__Methylacidiphilales;f__;g__	0	0	0	0	0	0	1.7392665513e-05	1.7392665513e-05	1.7392665513e-05	0	0	0	0	0	0	0	0	0	0	0	0	0	0	0	0	0	0	0	0	0	0	
Even2;k__Bacteria;p__Proteobacteria;c__Alphaproteobacteria;o__Rhizobiales;f__Phyllobacteriaceae;g__Mesorhizobium	0	0	0	0	0	0	8.69633275648e-06	8.69633275648e-06	0	0	0	0	0	0	0	0	0	8.69633275648e-06	8.69633275648e-06	0	0	0	0	0	0	0	0	0	0	0	0	
Even2;k__Bacteria;p__Proteobacteria;c__Gammaproteobacteria;o__Alteromonadales;f__Alteromonadaceae;Other	0	0	0	0	0	0	0	0.0	0	0	0	0	0	0	0	0	0	0	0.0	8.69633275648e-06	0	0.0	0	0	0	0	0	0	0	0	0	
Even2;k__Bacteria;p__Actinobacteria;c__Actinobacteria;o__Actinomycetales;f__Micrococcaceae;g__Renibacterium	0	0	0	0	0	0	2.60889982694e-05	0	0	0	0	0	0	0	0	0	0	2.60889982694e-05	0.0	0	0	0	0	0	0	0	0	0	0	0	0	
Even2;k__Bacteria;p__Firmicutes;c__Bacilli;o__Lactobacillales;f__Streptococcaceae;g__Lactococcus	0.0	0.0	0.0	0.0	0.0	0.0	0.0	0.0	0.0	0.0	0.0	0.0	0.0	0.0	0.0	0.0	0.0	0.0	0.0	0.0	0.0	0.0	0.0	0.0	0.0	0.0	0.0	0.0	0.0	0.0	0	
Even2;k__Bacteria;p__Proteobacteria;c__Deltaproteobacteria;Other;Other;Other	0	0	0	0	0	0	0	8.69633275648e-06	8.69633275648e-06	8.69633275648e-06	8.69633275648e-06	0.0	0.0	8.69633275648e-06	0.0	8.69633275648e-06	0.0	0	0.0	8.69633275648e-06	8.69633275648e-06	0.0	0.0	0.0	0.0	1.7392665513e-05	0.0	0.0	0	0	0	
Even2;k__Bacteria;p__Actinobacteria;c__Rubrobacteria;o__Rubrobacterales;f__Rubrobacteraceae;g__Rubrobacter	0.0	0.0	0.0	0.0	0.0	0.0	0.0	0.0	0.0	0.0	0.0	0.0	0.0	0.0	0.0	0.0	0.0	0.0	0.0	0.0	0.0	0.0	0.0	0.0	0.0	0.0	0.0	0.0	0.0	0.0	0	
Even2;k__Bacteria;p__Firmicutes;c__Erysipelotrichi;o__Erysipelotrichales;f__Erysipelotrichaceae;g__Catenibacterium	0.0108095416163	0.0108095416163	0.0108095416163	0.0108095416163	0.0108095416163	0.0103834213112	0.0108878086111	0.0105573479664	0.0104877773043	0.0104442956405	0.0104182066423	0.0103399396475	0.0103138506492	0.0102268873216	0.0101573166596	0.010105138663	0	0.0108878086111	0.0108182379491	0.0104790809716	0.0104442956405	0.0104095103095	0.0103486359802	0.0103051543164	0.0102442799871	0.0102007983233	0.0101486203268	0	0.0108443269473	0.0108443269473	0.0294	
Even2;k__Bacteria;p__Proteobacteria;c__Alphaproteobacteria;o__Rhizobiales;f__Beijerinckiaceae;g__	0.0	0.0	0.0	0.0	0.0	0.0	0	0	0	0	0	0	0	0	0	0	0	0	0	0	0	0	0	0	0	0	0	0	0	0.0	0	
Even2;k__Bacteria;p__Proteobacteria;c__Gammaproteobacteria;o__Oceanospirillales;f__;g__	8.69633275648e-06	8.69633275648e-06	8.69633275648e-06	8.69633275648e-06	8.69633275648e-06	8.69633275648e-06	0	0	0	0	0	0	0	0	0	0	0	0	0	0	0	0	0	0	0	0	0	0	0	0	0	
Even2;k__Bacteria;p__Verrucomicrobia;c__[Methylacidiphilae];o__;f__;g__	0	0	0	0	0	0	0.000121748658591	5.21779965389e-05	1.7392665513e-05	0	0	0	0	0	0	0	0	0.000121748658591	3.47853310259e-05	0	0	0	0	0	0	0	0	0	0	0	0	
Even2;k__Bacteria;p__Firmicutes;c__Clostridia;o__Clostridiales;f__Lachnospiraceae;g__Butyrivibrio	7.82669948083e-05	7.82669948083e-05	7.82669948083e-05	7.82669948083e-05	7.82669948083e-05	7.82669948083e-05	3.47853310259e-05	3.47853310259e-05	3.47853310259e-05	3.47853310259e-05	8.69633275648e-06	0	0	0	0	0	0	3.47853310259e-05	3.47853310259e-05	3.47853310259e-05	3.47853310259e-05	1.7392665513e-05	8.69633275648e-06	0	0	0	0	0	7.82669948083e-05	7.82669948083e-05	0.0147	
Even2;k__Bacteria;p__Proteobacteria;c__Alphaproteobacteria;o__Rhodobacterales;f__Rhodobacteraceae;g__Pseudoruegeria	0	0	0	0	0	0	3.47853310259e-05	3.47853310259e-05	3.47853310259e-05	3.47853310259e-05	0	0	0	0	0	0	0	3.47853310259e-05	3.47853310259e-05	3.47853310259e-05	3.47853310259e-05	0	0	0	0	0	0	0	0	0	0	
Even2;k__Bacteria;p__Actinobacteria;c__Actinobacteria;o__Bifidobacteriales;Other;Other	0	0	0	0	0	0	0	0	0	0	0	0	0	0	8.69633275648e-06	0	0	0	0	0	0	0	0	0	0	1.7392665513e-05	0	0	0	0	0	
Even2;k__Bacteria;p__Proteobacteria;c__Deltaproteobacteria;o__Desulfuromonadales;Other;Other	0	0	0	0	0	0	0	0	0	0.0	0.0	0.0	0.0	0.0	0.0	0.0	0	0	0	0	0.0	0.0	0.0	0.0	0.0	0.0	0.0	0	0.0	0.0	0	
Even2;k__Bacteria;p__Proteobacteria;c__Betaproteobacteria;o__Burkholderiales;f__Burkholderiaceae;g__	0.0	0.0	0.0	0.0	0.0	0.0	0	0	0	0	0	0	0	0	0	0	0	0	0	0	0	0	0	0	0	0	0	0	0	0	0	
Even2;k__Bacteria;p__Chloroflexi;c__TK10;o__B07_WMSP1;f__FFCH4570;g__	8.69633275648e-06	8.69633275648e-06	8.69633275648e-06	8.69633275648e-06	8.69633275648e-06	8.69633275648e-06	8.69633275648e-06	8.69633275648e-06	8.69633275648e-06	8.69633275648e-06	8.69633275648e-06	8.69633275648e-06	8.69633275648e-06	8.69633275648e-06	8.69633275648e-06	8.69633275648e-06	0	8.69633275648e-06	8.69633275648e-06	8.69633275648e-06	8.69633275648e-06	8.69633275648e-06	8.69633275648e-06	8.69633275648e-06	8.69633275648e-06	8.69633275648e-06	0	0	8.69633275648e-06	8.69633275648e-06	0	
Even2;k__Bacteria;p__Proteobacteria;c__Alphaproteobacteria;o__Rhizobiales;f__Bradyrhizobiaceae;g__Balneimonas	0.0	0.0	0.0	0.0	0.0	0.0	0.0	0.0	0.0	0.0	0.0	0.0	0	0	0	0	0	0.0	0.0	0.0	0.0	0.0	0.0	0	0	0	0	0	0.0	0.0	0	
Even2;k__Bacteria;p__NC10;c__12-24;o__MIZ17;f__;g__	0	0	0	0	0	0	0.000156533989617	0.000139141324104	8.69633275648e-06	0	0	0	0	0	0	0	0	0.000156533989617	9.56596603212e-05	8.69633275648e-06	0	0	0	0	0	0	0	0	0	0	0	
Even2;k__Bacteria;p__Gemmatimonadetes;c__Gemm-1;o__;f__;g__	0.0	0.0	0.0	0.0	0.0	0.0	0.0	0.0	0.0	0.0	0	0.0	0	0	0	0	0	0.0	0.0	0.0	0.0	0.0	0	0	0	0	0	0	0.0	0.0	0	
Even2;k__Bacteria;p__Proteobacteria;c__Alphaproteobacteria;o__Rickettsiales;f__Rickettsiaceae;g__Rickettsia	0	0	0	0	0	0	0	0	0	0	0	0	0	0	0	0	0	0.0	0	0	0	0	0	0	0	0	0	0	0	0	0	
Even2;k__Bacteria;p__Actinobacteria;c__Thermoleophilia;o__Solirubrobacterales;Other;Other	0	0	0	0	0	0	0	8.69633275648e-06	8.69633275648e-06	0	0	0	0	0	0	0	0	0	0	0	0	0	0	0	0	0	8.69633275648e-06	0	0	0	0	
Even2;k__Bacteria;p__Proteobacteria;c__Gammaproteobacteria;o__Oceanospirillales;f__Hahellaceae;g__	0	0	0	0	0	0	8.69633275648e-06	8.69633275648e-06	8.69633275648e-06	0	0	0	0	0	0	0	0	8.69633275648e-06	8.69633275648e-06	8.69633275648e-06	0	0	0	0	0	0	0	0	0	0	0	
Even2;k__Bacteria;p__Acidobacteria;c__Acidobacteria-6;o__;f__;g__	0	0	0	0	0	0	8.69633275648e-06	8.69633275648e-06	0	0	0	0	0	0	0	0	0	8.69633275648e-06	8.69633275648e-06	0	0	0	0	0	0	0	0	0	0	0	0	
Even2;k__Bacteria;p__Firmicutes;c__Clostridia;o__Clostridiales;f__Eubacteriaceae;Other	0	0	0	0	0	0	0	0	0	8.69633275648e-06	0	0	0	0	0	0	0	0	0	1.7392665513e-05	1.7392665513e-05	2.60889982694e-05	0.000182622987886	0	0	0	0	0	0	0	0	
Even2;k__Bacteria;p__Firmicutes;c__Bacilli;o__Bacillales;f__Paenibacillaceae;g__Ammoniphilus	0	0	0	0	0	0	0.0	0	0	0	0	0	0	0	0	0	0	0.0	0	0	0	0	0	0	0	0	0	0	0	0	0	
Even2;k__Bacteria;p__Actinobacteria;c__Coriobacteriia;o__Coriobacteriales;f__Coriobacteriaceae;g__Coriobacterium	0	0	0	0	0	0	2.60889982694e-05	0	0	0	0	0	0	0	0	0	0	2.60889982694e-05	0	0	0	0	0	0	0	0	0	0	0	0	0	
Even2;k__Bacteria;p__Firmicutes;c__Clostridia;o__Clostridiales;f__Peptococcaceae;g__Dehalobacter_Syntrophobotulus	8.69633275648e-06	8.69633275648e-06	8.69633275648e-06	8.69633275648e-06	8.69633275648e-06	0	8.69633275648e-06	8.69633275648e-06	8.69633275648e-06	8.69633275648e-06	0	0	0	0	0	0	0	8.69633275648e-06	8.69633275648e-06	8.69633275648e-06	8.69633275648e-06	0	0	0	0	0	0	0	0	0	0	
Even2;k__Bacteria;p__Chloroflexi;c__Anaerolineae;o__Anaerolineales;f__Anaerolinaceae;Other	0	0	0	0	0	0	0	0	0	0	0	8.69633275648e-06	8.69633275648e-06	8.69633275648e-06	8.69633275648e-06	0	0	0	0	0	0	0	8.69633275648e-06	8.69633275648e-06	8.69633275648e-06	8.69633275648e-06	0	0	0	0	0	
Even2;k__Bacteria;p__Actinobacteria;c__Actinobacteria;o__Actinomycetales;f__Microbacteriaceae;g__Salinibacterium	0	0	0	0	0	0	3.47853310259e-05	0	0	0	0	0	0	0	0	0	0	0	0	0	0	0	0	0	0	0	0	0	0	0	0	
Even2;k__Bacteria;p__Proteobacteria;c__Gammaproteobacteria;o__Alteromonadales;f__[Chromatiaceae];Other	0	0	0	0	0	0	0	2.60889982694e-05	0	0	0	0	0	0	0	0	0	0	1.7392665513e-05	0	0	0	0	0	0	0	0	0	0	0	0	
Even2;k__Bacteria;p__Proteobacteria;c__Alphaproteobacteria;o__Rickettsiales;f__mitochondria;g__	0	0	0	0	0	0	2.60889982694e-05	2.60889982694e-05	2.60889982694e-05	2.60889982694e-05	0	0	0	0	0	0	0	2.60889982694e-05	2.60889982694e-05	2.60889982694e-05	2.60889982694e-05	0	0	0	0	0	0	0	2.60889982694e-05	2.60889982694e-05	0	
Even2;k__Bacteria;p__Proteobacteria;c__Betaproteobacteria;o__Neisseriales;f__Neisseriaceae;g__Neisseria	0	0	0	0	0	0	6.08743292953e-05	6.08743292953e-05	6.08743292953e-05	6.08743292953e-05	6.08743292953e-05	6.08743292953e-05	6.08743292953e-05	0	0	0	0	6.08743292953e-05	6.08743292953e-05	6.08743292953e-05	6.08743292953e-05	6.08743292953e-05	6.08743292953e-05	6.08743292953e-05	0	0	0	0	0	0	0	
Even2;k__Bacteria;p__Firmicutes;c__Clostridia;o__Clostridiales;f__Lachnospiraceae;g__Lachnospira	8.69633275648e-06	8.69633275648e-06	8.69633275648e-06	8.69633275648e-06	8.69633275648e-06	8.69633275648e-06	0.00283500447861	0.00283500447861	0.00283500447861	0.00283500447861	8.69633275648e-05	3.47853310259e-05	8.69633275648e-06	8.69633275648e-06	8.69633275648e-06	0	0	0.00283500447861	0.00283500447861	0.00283500447861	0.00283500447861	9.56596603212e-05	2.60889982694e-05	8.69633275648e-06	8.69633275648e-06	8.69633275648e-06	0	0	3.47853310259e-05	6.95706620518e-05	0	
Even2;k__Bacteria;p__Proteobacteria;c__Betaproteobacteria;o__MND1;f__;g__	0.0	0.0	0.0	0.0	0.0	0.0	0.0	0.0	0.0	0.0	0.0	0.0	0.0	0.0	0.0	0.0	0	0.0	0.0	0.0	0.0	0.0	0.0	0.0	0.0	0.0	0.0	0	0.0	0.0	0	
Even2;k__Bacteria;p__Firmicutes;c__Erysipelotrichi;o__Erysipelotrichales;f__Erysipelotrichaceae;g__Coprobacillus	0	0	0	0	0	0	0.000104355993078	0.000104355993078	0.000104355993078	0.000104355993078	6.08743292953e-05	0.0	0.0	0.0	0	0	0	0.000104355993078	0.000104355993078	0.000104355993078	6.08743292953e-05	6.08743292953e-05	5.21779965389e-05	0.0	0.0	0	0	0	0	0	0	
Even2;k__Bacteria;p__Actinobacteria;c__Actinobacteria;o__Actinomycetales;f__;g__	6.95706620518e-05	6.95706620518e-05	6.95706620518e-05	6.95706620518e-05	6.95706620518e-05	6.95706620518e-05	8.69633275648e-06	8.69633275648e-06	8.69633275648e-06	8.69633275648e-06	8.69633275648e-06	8.69633275648e-06	0.0	0	0	0	0	8.69633275648e-06	8.69633275648e-06	8.69633275648e-06	8.69633275648e-06	8.69633275648e-06	8.69633275648e-06	0	0	0	0	0	8.69633275648e-06	8.69633275648e-06	0	
Even2;k__Bacteria;p__Firmicutes;c__Clostridia;o__Clostridiales;f__JTB215;g__	0	0	0	0	0	0	4.34816637824e-05	2.60889982694e-05	1.7392665513e-05	1.7392665513e-05	0	0	0	0	0	0	0	4.34816637824e-05	4.34816637824e-05	1.7392665513e-05	0	0	0	0	0	0	0	0	0	0	0	
Even2;k__Bacteria;p__Proteobacteria;c__Gammaproteobacteria;o__Enterobacteriales;f__Enterobacteriaceae;g__Salmonella	0.0	0.0	0.0	0.0	0.0	0.0	4.34816637824e-05	8.69633275648e-06	8.69633275648e-06	8.69633275648e-06	8.69633275648e-06	0	0	0	0	0	0	8.69633275648e-05	2.60889982694e-05	8.69633275648e-06	8.69633275648e-06	8.69633275648e-06	0	0	0	0	0	0	0.0	0	0	
Even2;k__Bacteria;p__Fusobacteria;c__Fusobacteriia;o__Fusobacteriales;f__Fusobacteriaceae;g__Fusobacterium	8.69633275648e-06	8.69633275648e-06	8.69633275648e-06	8.69633275648e-06	8.69633275648e-06	8.69633275648e-06	8.69633275648e-06	8.69633275648e-06	8.69633275648e-06	8.69633275648e-06	8.69633275648e-06	8.69633275648e-06	8.69633275648e-06	8.69633275648e-06	8.69633275648e-06	8.69633275648e-06	0	8.69633275648e-06	8.69633275648e-06	8.69633275648e-06	8.69633275648e-06	8.69633275648e-06	8.69633275648e-06	8.69633275648e-06	8.69633275648e-06	8.69633275648e-06	8.69633275648e-06	0	8.69633275648e-06	8.69633275648e-06	0	
Even2;k__Bacteria;p__Proteobacteria;c__Gammaproteobacteria;o__Xanthomonadales;f__Xanthomonadaceae;g__Thermomonas	0	0	0	0	0	0	2.60889982694e-05	2.60889982694e-05	2.60889982694e-05	2.60889982694e-05	8.69633275648e-06	0	0	0	0	0	0	2.60889982694e-05	2.60889982694e-05	2.60889982694e-05	1.7392665513e-05	8.69633275648e-06	8.69633275648e-06	0	0	0	0	0	0	0	0	
Even2;k__Bacteria;p__Actinobacteria;c__Actinobacteria;o__Actinomycetales;f__Micromonosporaceae;g__Actinoplanes	0	0	0	0	0	0	0.0	0.0	0.0	0.0	0.0	0.0	0.0	0	0	0	0	0.0	0.0	0.0	0.0	0.0	0.0	0	0	0	0	0	0	0	0	
Even2;k__Bacteria;p__Planctomycetes;c__Planctomycetia;o__Gemmatales;f__Isosphaeraceae;g__	0.0	0.0	0.0	0.0	0.0	0	0.0	0.0	0.0	0.0	0.0	0.0	0.0	0	0	0	0	0.0	0.0	0.0	0.0	0.0	0.0	0	0	0	0	0	0.0	0.0	0	
Even2;k__Bacteria;p__Firmicutes;c__Erysipelotrichi;o__Erysipelotrichales;f__Erysipelotrichaceae;g__Holdemania	0.00256541816316	0.00256541816316	0.00256541816316	0.00256541816316	0.00256541816316	0.00256541816316	0.00259150716143	0.00259150716143	0.00259150716143	0.00259150716143	0.00258281082867	0.00258281082867	0.00256541816316	0.0025567218304	0.00254802549765	0.00250454383387	0	0.00259150716143	0.00259150716143	0.00259150716143	0.00259150716143	0.00258281082867	0.00258281082867	0.00256541816316	0.0025567218304	0.00254802549765	0.00251324016662	0	0.00258281082867	0.00258281082867	0.0147	
Even2;k__Bacteria;p__Actinobacteria;c__Actinobacteria;o__Bifidobacteriales;f__Bifidobacteriaceae;Other	0	0	0	0	0	0	0	1.7392665513e-05	1.7392665513e-05	2.60889982694e-05	7.82669948083e-05	0.000165230322373	0.000313067979233	0.000565261629171	0.000660921289492	0.000400031306798	5.21779965389e-05	0	4.34816637824e-05	1.7392665513e-05	3.47853310259e-05	0.000121748658591	0.000330460644746	0.000434816637824	0.000460905636093	0.000391334974041	0.000200015653399	5.21779965389e-05	0.000104355993078	6.08743292953e-05	0	
Even2;k__Bacteria;p__Acidobacteria;c__Acidobacteriia;o__Acidobacteriales;f__Acidobacteriaceae;Other	0	0	0	0	0	0	0	0	0	0	0	0.0	0.0	0	0.0	0	0	0	0	0	0.0	0	0.0	0.0	0	0.0	0.0	0	0	0	0	
Even2;k__Bacteria;p__Verrucomicrobia;c__;o__;f__;g__	0.0	0.0	0.0	0.0	0.0	0.0	0	0	0	0	0	0	0	0	0	0	0	0	0	0	0	0	0	0	0	0	0	0	0	0.0	0	
Even2;k__Bacteria;p__Firmicutes;c__Bacilli;o__Bacillales;f__Bacillaceae;Other	0	0	0	0	0	0	0	8.69633275648e-06	0	0	0	0	0	0	0	0	0	0	8.69633275648e-06	0	0	0	0	0	0	0	0	0	0	0	0	
Even2;k__Bacteria;p__Proteobacteria;c__Gammaproteobacteria;o__Vibrionales;f__Vibrionaceae;g__Salinivibrio	0	0	0	0	0	0	8.69633275648e-06	8.69633275648e-06	0	0	0	0	0	0	0	0	0	8.69633275648e-06	8.69633275648e-06	0	0	0	0	0	0	0	0	0	0	0	0	
Even2;k__Bacteria;p__Actinobacteria;c__Actinobacteria;o__Actinomycetales;f__Actinomycetaceae;g__Actinomyces	0	0	0	0	0	0	8.69633275648e-06	8.69633275648e-06	0	0	0	0	0	0	0	0	0	8.69633275648e-06	0	0	0	0	0	0	0	0	0	0	0	0	0	
Even2;k__Bacteria;p__Proteobacteria;c__Alphaproteobacteria;o__Rhizobiales;f__Xanthobacteraceae;g__Ancylobacter	0	0	0	0	0	0	0.0	0	0	0	0	0	0	0	0	0	0	0.0	0	0	0	0	0	0	0	0	0	0	0	0	0	
Even2;k__Bacteria;p__Firmicutes;c__Clostridia;o__Clostridiales;f__Clostridiaceae;g__SMB53	0.000165230322373	0.000165230322373	0.000165230322373	0.000165230322373	0.000165230322373	0.000165230322373	0.0156273099634	0.0155925246324	0.0153490273152	0.0152620639876	0.015105529998	0.0148794253463	0.0147750693533	0.0147750693533	0.0147750693533	0	0	0.0156273099634	0.0156273099634	0.0153142419842	0.0152185823238	0.0152011896583	0.0150794409997	0.0147750693533	0.0147750693533	0	0	0	0.000165230322373	0.00722665252063	0	
Even2;k__Bacteria;p__Proteobacteria;c__Gammaproteobacteria;o__Xanthomonadales;f__Xanthomonadaceae;g__Xylella	0	0	0	0	0	0	8.69633275648e-06	0	0	0	0	0	0	0	0	0	0	8.69633275648e-06	8.69633275648e-06	0	0	0	0	0	0	0	0	0	0	0	0	
Even2;k__Bacteria;p__Proteobacteria;c__Gammaproteobacteria;o__Enterobacteriales;f__Enterobacteriaceae;g__Yersinia	0	0	0	0	0	0	0.000243497317181	8.69633275648e-05	3.47853310259e-05	2.60889982694e-05	0	0	0	0	0	0	0	0.000243497317181	0.000243497317181	3.47853310259e-05	0	0	0	0	0	0	0	0	0	0	0	
Even2;k__Bacteria;p__Proteobacteria;c__Gammaproteobacteria;o__;f__;g__	5.21779965389e-05	5.21779965389e-05	5.21779965389e-05	5.21779965389e-05	5.21779965389e-05	5.21779965389e-05	0.0	0.0	0.0	0	0	0	0	0	0	0	0	0.0	0.0	0	0	0	0	0	0	0	0	0	0.0	0.0	0	
Even2;k__Bacteria;p__Planctomycetes;c__Planctomycetia;o__Gemmatales;f__Gemmataceae;Other	0	0	0	0	0	0	0	0	0	0	1.7392665513e-05	0	1.7392665513e-05	1.7392665513e-05	1.7392665513e-05	1.7392665513e-05	0	0	0	0	0	0	0	1.7392665513e-05	1.7392665513e-05	1.7392665513e-05	1.7392665513e-05	0	0	0	0	
Even2;k__Bacteria;p__Chloroflexi;c__Anaerolineae;o__Caldilineales;f__Caldilineaceae;g__	8.69633275648e-06	8.69633275648e-06	8.69633275648e-06	8.69633275648e-06	8.69633275648e-06	0	0	0	0	0	0	0	0	0	0	0	0	0	0	0	0	0	0	0	0	0	0	0	0	0	0	
Even2;k__Bacteria;p__Cyanobacteria;c__Synechococcophycideae;o__Synechococcales;f__Synechococcaceae;Other	0	0	0	0	0	0	0	0	0	0	0	0	0	0	1.7392665513e-05	1.7392665513e-05	1.7392665513e-05	0	0	0	0	0	0	0	0	0	1.7392665513e-05	1.7392665513e-05	0	0	0	
Even2;k__Bacteria;p__Firmicutes;c__Bacilli;o__Bacillales;f__Bacillaceae;g__Anoxybacillus	0	0	0	0	0	0	8.69633275648e-06	8.69633275648e-06	0	0	0	0	0	0	0	0	0	8.69633275648e-06	8.69633275648e-06	0	0	0	0	0	0	0	0	0	0	0	0	
Even2;k__Bacteria;p__Firmicutes;c__Clostridia;o__Clostridiales;f__Clostridiaceae;g__Alkaliphilus	8.69633275648e-06	8.69633275648e-06	8.69633275648e-06	8.69633275648e-06	8.69633275648e-06	8.69633275648e-06	0	0	0	0	0	0	0	0	0	0	0	0	0	0	0	0	0	0	0	0	0	0	0	0	0	
Even2;k__Bacteria;p__Proteobacteria;c__Alphaproteobacteria;o__Rhizobiales;f__Aurantimonadaceae;g__Martelella	0	0	0	0	0	0	2.60889982694e-05	0	0	0	0	0	0	0	0	0	0	2.60889982694e-05	0	0	0	0	0	0	0	0	0	0	0	0	0	
Even2;k__Bacteria;p__Firmicutes;c__Clostridia;o__Clostridiales;f__Clostridiaceae;g__	0.0193580367159	0.0193580367159	0.0193580367159	0.0193580367159	0.0193580367159	0.019105843066	0.000982685601482	0.00091311493943	0.000904418606674	0.000452209303337	0.000234800984425	0.0	0.0	0.0	0	0	0	0.000982685601482	0.000904418606674	0.000904418606674	0.000234800984425	0.000234800984425	0.0	0.0	0	0	0	0	0.0912332269482	0.0247758520232	0	
Even2;k__Bacteria;p__Actinobacteria;c__Actinobacteria;o__Actinomycetales;f__Nakamurellaceae;g__	1.7392665513e-05	1.7392665513e-05	1.7392665513e-05	1.7392665513e-05	1.7392665513e-05	1.7392665513e-05	1.7392665513e-05	1.7392665513e-05	1.7392665513e-05	1.7392665513e-05	1.7392665513e-05	1.7392665513e-05	1.7392665513e-05	1.7392665513e-05	0	0	0	1.7392665513e-05	1.7392665513e-05	1.7392665513e-05	1.7392665513e-05	1.7392665513e-05	1.7392665513e-05	1.7392665513e-05	1.7392665513e-05	0	0	0	1.7392665513e-05	1.7392665513e-05	0	
Even2;k__Bacteria;p__Acidobacteria;c__[Chloracidobacteria];Other;Other;Other	0	0	0	0	0	0	0	0	0	0	0	0	0	0	0	0	0	0	0	0	0	0	0	0	0	0	0.0	0	0	0	0	
Even2;k__Bacteria;p__Firmicutes;c__Clostridia;o__Clostridiales;f__;g__	0.0181318537973	0.0181318537973	0.0181318537973	0.0181318537973	0.0181318537973	0.017462236175	0.00177405188232	0.000643528623979	0.00014783765686	1.7392665513e-05	0.0	0	0	0	0	0	0	0.00177405188232	0.00061743962571	0.000226104651668	6.95706620518e-05	0	0	0	0	0	0	0	0.0115226409023	0.0132706037864	0	
Even2;k__Bacteria;p__Proteobacteria;c__Alphaproteobacteria;o__Rhizobiales;f__Hyphomicrobiaceae;g__	1.7392665513e-05	1.7392665513e-05	1.7392665513e-05	1.7392665513e-05	1.7392665513e-05	1.7392665513e-05	0	0	0	0	0	0	0	0	0	0	0	0	0	0	0	0	0	0	0	0	0	0	0	0	0	
Even2;k__Bacteria;p__Proteobacteria;c__Gammaproteobacteria;o__Pasteurellales;f__Pasteurellaceae;g__	8.69633275648e-06	8.69633275648e-06	8.69633275648e-06	8.69633275648e-06	8.69633275648e-06	8.69633275648e-06	0	0	0	0	0	0	0	0	0	0	0	0	0	0	0	0	0	0	0	0	0	0	0	0	0	
Even2;k__Bacteria;p__Bacteroidetes;c__Cytophagia;o__Cytophagales;f__Flammeovirgaceae;Other	0	0	0	0	0	0	0	0	0	0	0.0	0	0	0	0	0	0	0	8.69633275648e-06	0	0.0	0	0	0	0	0	0	0	0	0	0	
Even2;k__Bacteria;p__Firmicutes;c__Clostridia;o__Clostridiales;f__Lachnospiraceae;g__Oribacterium	2.60889982694e-05	2.60889982694e-05	2.60889982694e-05	2.60889982694e-05	2.60889982694e-05	2.60889982694e-05	0.00136532424277	0.00136532424277	0.00136532424277	0.00136532424277	0.0011392195911	0.00061743962571	0.000391334974041	0.000330460644746	0.00029567531372	0	0	0.00136532424277	0.00136532424277	0.00136532424277	0.00136532424277	0.00136532424277	0.000730491951544	0.000382638641285	0.000313067979233	0	0	0	1.7392665513e-05	1.7392665513e-05	0	
Even2;k__Bacteria;p__Cyanobacteria;c__Nostocophycideae;o__Nostocales;f__Nostocaceae;g__Dolichospermum	8.69633275648e-05	8.69633275648e-05	8.69633275648e-05	8.69633275648e-05	8.69633275648e-05	8.69633275648e-05	8.69633275648e-05	8.69633275648e-05	8.69633275648e-05	8.69633275648e-05	8.69633275648e-05	8.69633275648e-05	8.69633275648e-05	8.69633275648e-05	7.82669948083e-05	7.82669948083e-05	0	8.69633275648e-05	8.69633275648e-05	8.69633275648e-05	8.69633275648e-05	8.69633275648e-05	8.69633275648e-05	7.82669948083e-05	7.82669948083e-05	7.82669948083e-05	7.82669948083e-05	0	7.82669948083e-05	7.82669948083e-05	0	
Even2;k__Bacteria;p__Bacteroidetes;c__Bacteroidia;o__Bacteroidales;f__[Paraprevotellaceae];g__[Prevotella]	8.69633275648e-05	8.69633275648e-05	8.69633275648e-05	8.69633275648e-05	8.69633275648e-05	8.69633275648e-05	0.000113052325834	0.000113052325834	0.000113052325834	0.000113052325834	8.69633275648e-05	7.82669948083e-05	0	0	0	0	0	0.000113052325834	0.000113052325834	0.000113052325834	0.000113052325834	8.69633275648e-05	7.82669948083e-05	0	0	0	0	0	7.82669948083e-05	7.82669948083e-05	0	
Even2;k__Bacteria;p__Firmicutes;c__Clostridia;o__Clostridiales;f__Lachnospiraceae;Other	0	0	0	0	0	0	0	0.0018175335461	0.0354636449809	0.0438208207599	0.0535607134471	0.0640310980859	0.0656138306476	0.068848866433	0.0779887121601	0.107599725196	0.133688723465	0	0.00208711986155	0.0375246758442	0.0437512500978	0.0483690027915	0.0641093650807	0.0689445260933	0.0743014670713	0.087632945187	0.0909375516345	0.120531172005	0.0283674374516	0.0261498725987	0	
Even2;k__Bacteria;p__Firmicutes;c__Clostridia;o__Clostridiales;f__Lachnospiraceae;g__Dorea	0.0485690184449	0.0485690184449	0.0485690184449	0.0485690184449	0.0485690184449	0.0483255211277	0.0724491481942	0.0724404518615	0.0608569366298	0.0575001521858	0.0560130792845	0.05331721613	0.0506300493082	0.049029924081	0.0394987433799	0.0135401901018	0	0.0724491481942	0.0724404518615	0.0586828534407	0.0582306441374	0.0569174978911	0.0538476924281	0.0512474889339	0.0417163082328	0.0301240966684	0.0311067822699	0	0.0522040855371	0.0461688306041	0.0147	
Even2;k__Bacteria;p__Actinobacteria;c__Actinobacteria;o__WCHB1-81;f__;g__	0	0	0	0	0	0	0.0	0.0	0	0	0	0	0	0	0	0	0	0.0	0.0	0	0	0	0	0	0	0	0	0	0	0	0	
Even2;k__Archaea;p__Crenarchaeota;c__Thermoprotei;o__Desulfurococcales;f__;g__	0	0	0	0	0	0	8.69633275648e-06	0	0	0	0	0	0	0	0	0	0	8.69633275648e-06	0	0	0	0	0	0	0	0	0	0	0	0	0	
Even2;k__Bacteria;p__Firmicutes;c__Bacilli;o__Bacillales;f__[Exiguobacteraceae];g__Exiguobacterium	0.0	0.0	0.0	0.0	0.0	0	0	0	0	0	0	0	0	0	0	0	0	0	0	0	0	0	0	0	0	0	0	0	0	0	0	
Even2;k__Bacteria;p__Firmicutes;c__Bacilli;o__Lactobacillales;f__Aerococcaceae;g__Alkalibacterium	0	0	0	0	0	0	1.7392665513e-05	0	0	0	0	0	0	0	0	0	0	1.7392665513e-05	0	0	0	0	0	0	0	0	0	0	0	0	0	
Even2;k__Bacteria;p__Gemmatimonadetes;c__Gemmatimonadetes;Other;Other;Other	0	0	0	0	0	0	0	0	0	0	0	0	0	0	0.0	0.0	0	0	0	0	0	0	0	0	0	0.0	0	0	0	0	0	
Even2;k__Bacteria;p__Proteobacteria;c__Betaproteobacteria;o__;f__;g__	8.69633275648e-06	8.69633275648e-06	8.69633275648e-06	8.69633275648e-06	8.69633275648e-06	8.69633275648e-06	8.69633275648e-06	8.69633275648e-06	8.69633275648e-06	8.69633275648e-06	0.0	8.69633275648e-06	0	0	0	0	0	8.69633275648e-06	8.69633275648e-06	8.69633275648e-06	8.69633275648e-06	8.69633275648e-06	8.69633275648e-06	0.0	0	0	0	0	8.69633275648e-06	8.69633275648e-06	0	
Even2;k__Bacteria;p__Actinobacteria;c__Actinobacteria;o__Actinomycetales;f__Microbacteriaceae;g__Microbacterium	8.69633275648e-06	8.69633275648e-06	8.69633275648e-06	8.69633275648e-06	8.69633275648e-06	0	1.7392665513e-05	0	0	0	0	0	0	0	0	0	0	5.21779965389e-05	1.7392665513e-05	0	0	0	0	0	0	0	0	0	0.0	0.0	0	
Even2;k__Bacteria;p__Proteobacteria;c__Deltaproteobacteria;o__Desulfobacterales;f__Desulfobulbaceae;Other	0	0	0	0	0	0	0	0	0	0.0	0	0	0	0	0	0	0	0	0	0.0	0.0	0.0	0	0	0	0	0	0	0	0	0	
Even2;k__Bacteria;p__Proteobacteria;c__Alphaproteobacteria;o__Rhizobiales;f__Hyphomicrobiaceae;g__Rhodobium	0	0	0	0	0	0	1.7392665513e-05	0	0	0	0	0	0	0	0	0	0	1.7392665513e-05	0	0	0	0	0	0	0	0	0	0	0	0	0	
Even2;k__Bacteria;p__Bacteroidetes;c__Flavobacteriia;o__Flavobacteriales;f__Flavobacteriaceae;g__Capnocytophaga	0	0	0	0	0	0	0.00061743962571	0	0	0	0	0	0	0	0	0	0	0.00061743962571	0	0	0	0	0	0	0	0	0	0	0	0	0	
Even2;k__Bacteria;p__Proteobacteria;c__Deltaproteobacteria;o__Desulfovibrionales;f__Desulfovibrionaceae;g__	8.69633275648e-06	8.69633275648e-06	8.69633275648e-06	8.69633275648e-06	8.69633275648e-06	8.69633275648e-06	0	0	0	0	0	0	0	0	0	0	0	0	0	0	0	0	0	0	0	0	0	0	0	0	0	
Even2;k__Bacteria;p__Chloroflexi;Other;Other;Other;Other	0	0	0	0	0	0	0	0	8.69633275648e-05	0	0	0	0	0	8.69633275648e-06	0	0	0	0.0	8.69633275648e-05	0	0	0	0	8.69633275648e-06	8.69633275648e-06	0	0.0	0	0	0	
Even2;k__Bacteria;p__Firmicutes;c__Clostridia;o__Clostridiales;f__Lachnospiraceae;g__Pseudobutyrivibrio	0	0	0	0	0	0	0.000217408318912	0.000217408318912	0.000156533989617	0.000104355993078	0	0	0	0	0	0	0	0.000217408318912	0.000217408318912	0.000121748658591	0.000104355993078	8.69633275648e-05	0	0	0	0	0	0	0	0	0	
Even2;k__Bacteria;p__Firmicutes;c__Erysipelotrichi;o__Erysipelotrichales;f__Erysipelotrichaceae;g__Sharpea	0	0	0	0	0	0	0.000556565296415	0.000486994634363	0.000426120305067	3.47853310259e-05	8.69633275648e-06	0	8.69633275648e-06	0	0	0	0	0.000556565296415	0.000504387299876	0.00044351297058	3.47853310259e-05	8.69633275648e-06	8.69633275648e-06	0	0	0	0	0	0	0	0	
Even2;k__Bacteria;p__Proteobacteria;c__Deltaproteobacteria;o__Syntrophobacterales;f__Syntrophobacteraceae;g__	2.60889982694e-05	2.60889982694e-05	2.60889982694e-05	2.60889982694e-05	2.60889982694e-05	1.7392665513e-05	1.7392665513e-05	1.7392665513e-05	8.69633275648e-06	8.69633275648e-06	8.69633275648e-06	8.69633275648e-06	8.69633275648e-06	8.69633275648e-06	8.69633275648e-06	0	0	1.7392665513e-05	1.7392665513e-05	8.69633275648e-06	8.69633275648e-06	8.69633275648e-06	8.69633275648e-06	8.69633275648e-06	8.69633275648e-06	8.69633275648e-06	0	0	1.7392665513e-05	1.7392665513e-05	0	
Even2;k__Bacteria;p__Proteobacteria;c__Gammaproteobacteria;o__Xanthomonadales;f__Sinobacteraceae;g__	8.69633275648e-05	8.69633275648e-05	8.69633275648e-05	8.69633275648e-05	8.69633275648e-05	8.69633275648e-05	8.69633275648e-05	8.69633275648e-05	8.69633275648e-05	8.69633275648e-05	6.95706620518e-05	3.47853310259e-05	3.47853310259e-05	2.60889982694e-05	8.69633275648e-06	0	0	8.69633275648e-05	8.69633275648e-05	8.69633275648e-05	8.69633275648e-05	5.21779965389e-05	3.47853310259e-05	3.47853310259e-05	2.60889982694e-05	1.7392665513e-05	0	0	8.69633275648e-05	8.69633275648e-05	0	
Even2;k__Bacteria;p__Firmicutes;c__Clostridia;o__Clostridiales;f__[Tissierellaceae];g__Sporanaerobacter	0	0	0	0	0	0	0	0	0	0	0	0	0	0	0	0	0	0	0	0	0	0	0	0	0	0	0	0	0	8.69633275648e-05	0	
Even2;k__Bacteria;p__Bacteroidetes;c__Bacteroidia;o__Bacteroidales;f__Porphyromonadaceae;g__Candidatus Azobacteroides	1.7392665513e-05	1.7392665513e-05	1.7392665513e-05	1.7392665513e-05	1.7392665513e-05	1.7392665513e-05	0	0	0	0	0	0	0	0	0	0	0	0.0	0.0	0.0	0	0	0	0	0	0	0	0	0	0	0	
Even2;k__Bacteria;p__Proteobacteria;c__Gammaproteobacteria;o__Thiotrichales;Other;Other	0	0	0	0	0	0	0	0	0	0	0	0	0	0	0	0	0	0	0	8.69633275648e-06	0	0	0	0	0	0	0	0	0	0	0	
Even2;k__Bacteria;p__Proteobacteria;c__Gammaproteobacteria;o__Methylococcales;f__Methylococcaceae;g__Methylocaldum	8.69633275648e-06	8.69633275648e-06	8.69633275648e-06	8.69633275648e-06	8.69633275648e-06	0	0	0	0	0	0	0	0	0	0	0	0	0	0	0	0	0	0	0	0	0	0	0	0	0	0	
Even2;k__Bacteria;p__Bacteroidetes;c__Bacteroidia;o__Bacteroidales;f__Porphyromonadaceae;g__Porphyromonas	2.60889982694e-05	2.60889982694e-05	2.60889982694e-05	2.60889982694e-05	2.60889982694e-05	0.0	0.0	0.0	0.0	0.0	0.0	0.0	0.0	0.0	0.0	0.0	0.0	0.0	0.0	0.0	0.0	0.0	0.0	0.0	0.0	0.0	0.0	0	2.60889982694e-05	0.0	0	
Even2;k__Bacteria;p__Acidobacteria;c__DA052;o__Ellin6513;f__;g__	3.47853310259e-05	3.47853310259e-05	3.47853310259e-05	3.47853310259e-05	3.47853310259e-05	3.47853310259e-05	3.47853310259e-05	3.47853310259e-05	3.47853310259e-05	3.47853310259e-05	3.47853310259e-05	3.47853310259e-05	3.47853310259e-05	3.47853310259e-05	3.47853310259e-05	3.47853310259e-05	1.7392665513e-05	3.47853310259e-05	3.47853310259e-05	3.47853310259e-05	3.47853310259e-05	3.47853310259e-05	3.47853310259e-05	3.47853310259e-05	3.47853310259e-05	3.47853310259e-05	3.47853310259e-05	1.7392665513e-05	3.47853310259e-05	3.47853310259e-05	0	
Even2;k__Bacteria;p__Proteobacteria;c__Gammaproteobacteria;o__Vibrionales;f__Vibrionaceae;Other	0	0	0	0	0	0	0	0	8.69633275648e-06	8.69633275648e-06	0	0	0	0	0	0	0	0	0	8.69633275648e-06	8.69633275648e-06	0	0	0	0	0	0	0	0	0	0	
Even2;k__Archaea;p__Euryarchaeota;c__Thermoplasmata;o__Thermoplasmatales;f__;g__	0	0	0	0	0	0	8.69633275648e-05	6.95706620518e-05	2.60889982694e-05	0	0	0	0	0	0	0	0	6.95706620518e-05	6.95706620518e-05	2.60889982694e-05	0	0	0	0	0	0	0	0	0	0	0	
Even2;k__Bacteria;p__Proteobacteria;c__Deltaproteobacteria;o__Desulfuromonadales;f__Pelobacteraceae;g__	0	0	0	0	0	0	0	0	0	0	0	0	0	0	0	0	0	0	0	0	0	0	0	0	0	0	0	0	0	0.0	0	
Even2;k__Bacteria;p__Planctomycetes;c__Planctomycetia;o__Gemmatales;f__Isosphaeraceae;g__Singulisphaera	0	0	0	0	0	0	8.69633275648e-06	0	0	0	0	0	0	0	0	0	0	8.69633275648e-06	0	0	0	0	0	0	0	0	0	0	0	0	0	
Even2;k__Bacteria;p__Proteobacteria;c__Deltaproteobacteria;o__Syntrophobacterales;Other;Other	0	0	0	0	0	0	0	0	0	0	0	0	0	0	0	0	0	0	0	0.0	0	0	0	0	0	0	0	0	0	0	0	
Even2;k__Bacteria;p__Proteobacteria;c__Betaproteobacteria;o__Burkholderiales;f__Alcaligenaceae;g__	3.47853310259e-05	3.47853310259e-05	3.47853310259e-05	3.47853310259e-05	0	0	0	0	0	0	0	0	0	0	0	0	0	0	0	0	0	0	0	0	0	0	0	0	0	0	0	
Even2;k__Bacteria;p__Actinobacteria;c__Actinobacteria;o__Actinomycetales;f__ACK-M1;g__	3.47853310259e-05	3.47853310259e-05	3.47853310259e-05	3.47853310259e-05	3.47853310259e-05	3.47853310259e-05	9.56596603212e-05	9.56596603212e-05	9.56596603212e-05	9.56596603212e-05	9.56596603212e-05	9.56596603212e-05	9.56596603212e-05	9.56596603212e-05	9.56596603212e-05	9.56596603212e-05	8.69633275648e-06	9.56596603212e-05	9.56596603212e-05	9.56596603212e-05	9.56596603212e-05	9.56596603212e-05	9.56596603212e-05	9.56596603212e-05	9.56596603212e-05	9.56596603212e-05	9.56596603212e-05	0	6.95706620518e-05	6.95706620518e-05	0	
Even2;k__Bacteria;p__Proteobacteria;c__Gammaproteobacteria;o__Methylococcales;Other;Other	0	0	0	0	0	0	0	0.0	0.0	0.0	0.0	0	0.0	0	0	0	0	0	0.0	0.0	0.0	0	0	0	8.69633275648e-06	0	0	0	8.69633275648e-06	0	0	
Even2;k__Bacteria;p__Firmicutes;c__Clostridia;o__Clostridiales;f__Lachnospiraceae;g__Blautia	0.00727883051717	0.00727883051717	0.00727883051717	0.00727883051717	0.00727883051717	0.00718317085685	0.00818324912384	0.00818324912384	0.00818324912384	0.00818324912384	0.00798323347045	0.00735709751198	0.00730491951544	0.00713099286031	0.0070527258655	0.00687879921037	0.00262629249246	0.00818324912384	0.00818324912384	0.00818324912384	0.00817455279109	0.00798323347045	0.00744406083954	0.00735709751198	0.00718317085685	0.0070527258655	0.00585263194511	0.00458296736266	0.00614830725883	0.00460036002818	0	
Even2;k__Bacteria;p__Firmicutes;c__Bacilli;o__Lactobacillales;Other;Other	0	0	0	0	0	0	0	2.60889982694e-05	6.95706620518e-05	4.34816637824e-05	6.95706620518e-05	6.95706620518e-05	0.000121748658591	0.000278282648207	0.000556565296415	0.000113052325834	0.0130010174709	0	2.60889982694e-05	2.60889982694e-05	3.47853310259e-05	5.21779965389e-05	8.69633275648e-05	7.82669948083e-05	0.00014783765686	0.000556565296415	0.000113052325834	0.00402640206625	0	0	0	
Even2;Unclassified;Other;Other;Other;Other;Other	0	0	0	0	0	0	0	0	0	0	0	0	0	0	0	0	0	0	0	0.0	4.34816637824e-05	0.000208711986155	0.000226104651668	0.000226104651668	0.000252193649938	0.000756580949813	0.00282630814585	0.0314720282457	0	0	0	
Even2;k__Bacteria;p__Proteobacteria;c__Gammaproteobacteria;o__Methylococcales;f__;g__	8.69633275648e-06	8.69633275648e-06	8.69633275648e-06	8.69633275648e-06	8.69633275648e-06	8.69633275648e-06	0	0	0	0	0	0	0	0	0	0	0	0	0	0	0	0	0	0	0	0	0	0	0	0	0	
Even2;k__Archaea;p__Euryarchaeota;Other;Other;Other;Other	0	0	0	0	0	0	0	1.7392665513e-05	2.60889982694e-05	0	0	0	0	0	0	0	8.69633275648e-06	0	2.60889982694e-05	1.7392665513e-05	8.69633275648e-06	0	0	0	0	0	0	0	0	0	0	
Even2;k__Bacteria;p__Bacteroidetes;c__Bacteroidia;o__Bacteroidales;f__Porphyromonadaceae;g__Parabacteroides	0.0176013774991	0.0176013774991	0.0176013774991	0.0176013774991	0.0176013774991	0.0175057178388	0.0176100738319	0.0176100738319	0.0175318068371	0.0173839691802	0.0172361315233	0.0171317755303	0.0169752415406	0.0165665139011	0.0164795505735	0.0164360689097	0.0163578019149	0.0176100738319	0.0175839848336	0.017497021506	0.0173665765147	0.0173143985181	0.0171317755303	0.0169839378734	0.0166447808959	0.0164534615753	0.0164360689097	0	0.0175926811664	0.0176535554956	0.0147	
Even2;k__Bacteria;p__Proteobacteria;c__Deltaproteobacteria;o__;f__;g__	0	0	0	0	0	0	0.0	0	0	0	0	0	0	0	0	0	0	0.0	0	0	0	0	0	0	0	0	0	0	0	0	0	
Even2;k__Bacteria;p__Actinobacteria;c__Thermoleophilia;o__Solirubrobacterales;f__Solirubrobacteraceae;Other	0	0	0	0	0	0	0	0	0	0	1.7392665513e-05	0	0	0	0	0	0	0	0	0	0	0	0	0	0	0	0	0	0	0	0	
Even2;k__Bacteria;p__Bacteroidetes;c__[Saprospirae];o__[Saprospirales];f__Chitinophagaceae;g__Niabella	0	0	0	0	0	0	0.0	0.0	0.0	0.0	0.0	0.0	0.0	0	0	0	0	0.0	0.0	0.0	0.0	0.0	0.0	0.0	0	0	0	0	0	0	0	
Even2;k__Bacteria;p__Proteobacteria;c__Gammaproteobacteria;Other;Other;Other	0	0	0	0	0	0	0	0.000278282648207	0.000965292935969	0.00172187388578	0.00258281082867	0.00366985242323	0.00431338104721	0.00599177326921	0.0432903444617	0.0445687053769	0.042316355193	0	0.000234800984425	0.000817455279109	0.00178274821508	0.00259150716143	0.0036959414215	0.00446121870407	0.00767886182397	0.0354810376464	0.0426555121705	0.0257063596281	0.0270108095416	0.000730491951544	0	
Even2;k__Bacteria;p__Nitrospirae;c__Nitrospira;o__Nitrospirales;f__0319-6A21;g__	2.60889982694e-05	2.60889982694e-05	2.60889982694e-05	2.60889982694e-05	2.60889982694e-05	2.60889982694e-05	2.60889982694e-05	2.60889982694e-05	2.60889982694e-05	2.60889982694e-05	2.60889982694e-05	2.60889982694e-05	2.60889982694e-05	2.60889982694e-05	2.60889982694e-05	2.60889982694e-05	0	2.60889982694e-05	2.60889982694e-05	2.60889982694e-05	2.60889982694e-05	2.60889982694e-05	2.60889982694e-05	2.60889982694e-05	2.60889982694e-05	2.60889982694e-05	2.60889982694e-05	0	2.60889982694e-05	2.60889982694e-05	0	
Even2;k__Bacteria;p__Proteobacteria;c__Gammaproteobacteria;o__Pseudomonadales;Other;Other	0	0	0	0	0	0	0	0.0	0.0	0	0	0	0	0	0	0	0	0	0	0	0	0	0	0	0	0	0	0	0	0	0	
Even2;k__Bacteria;p__Planctomycetes;c__;o__;f__;g__	0.0	0.0	0.0	0.0	0.0	0	0	0	0	0	0	0	0	0	0	0	0	0	0	0	0	0	0	0	0	0	0	0	0.0	0.0	0	
Even2;k__Bacteria;p__Firmicutes;c__Clostridia;o__Clostridiales;Other;Other	0	0	0	0	0	0	0	0.00138271690828	0.00228713551495	0.00265238149073	0.00267847048899	0.00293066413893	0.00667008722422	0.006713568888	0.00727883051717	0.00385247541112	0.0164708542408	0	0.00128705724796	0.00212190519258	0.00233931351149	0.00273934481829	0.00240888417354	0.00393074240593	0.00787887747737	0.0104182066423	0.0219756328756	0.0172709168544	0.0101138349958	0.00602655860024	0	
Even2;k__Bacteria;p__Proteobacteria;c__Gammaproteobacteria;o__Xanthomonadales;f__Xanthomonadaceae;g__Luteimonas	0.00029567531372	0.00029567531372	0.00029567531372	0.00029567531372	0.00029567531372	0.00029567531372	9.56596603212e-05	2.60889982694e-05	0	0	0	0	0	0	0	0	0	9.56596603212e-05	0	0	0	0	0	0	0	0	0	0	0	0	0	
Even2;k__Bacteria;p__Proteobacteria;c__Betaproteobacteria;o__A21b;f__;g__	0	0	0	0	0	0	2.60889982694e-05	1.7392665513e-05	0	0	0	0	0	0	0	0	0	2.60889982694e-05	0	0	0	0	0	0	0	0	0	0	0	0	0	
Even2;k__Bacteria;p__Proteobacteria;c__Gammaproteobacteria;o__Xanthomonadales;f__Sinobacteraceae;Other	0	0	0	0	0	0	0	0	0.0	0	0	0	0	0	8.69633275648e-06	0	0	0	0	0	0	0	0	0	0	0	0	0	0	0	0	
Even2;k__Bacteria;p__Proteobacteria;c__Gammaproteobacteria;o__Alteromonadales;f__Alteromonadaceae;g__ND137	0	0	0	0	0	0	0.0	0	0	0	0	0	0	0	0	0	0	0.0	0	0	0	0	0	0	0	0	0	0	0	0	0	
Even2;k__Bacteria;p__Proteobacteria;c__Gammaproteobacteria;o__Alteromonadales;Other;Other	0	0	0	0	0	0	0	0.000208711986155	7.82669948083e-05	4.34816637824e-05	8.69633275648e-06	0.0	0.0	0.0	0	0	0	0	0.00017392665513	7.82669948083e-05	6.08743292953e-05	8.69633275648e-06	0.0	0.0	0	0	0	0	0	0	0	
Even2;k__Bacteria;p__Proteobacteria;c__Betaproteobacteria;o__Burkholderiales;f__Comamonadaceae;g__Hydrogenophaga	0	0	0	0	0	0	0.0	0	0	0	0	0	0	0	0	0	0	0.0	0	0	0	0	0	0	0	0	0	0	0	0	0	
Even2;k__Bacteria;p__Actinobacteria;c__Thermoleophilia;o__Solirubrobacterales;f__;g__	8.69633275648e-06	8.69633275648e-06	8.69633275648e-06	8.69633275648e-06	8.69633275648e-06	8.69633275648e-06	8.69633275648e-06	8.69633275648e-06	8.69633275648e-06	8.69633275648e-06	8.69633275648e-06	8.69633275648e-06	8.69633275648e-06	8.69633275648e-06	8.69633275648e-06	0	0	8.69633275648e-06	8.69633275648e-06	8.69633275648e-06	8.69633275648e-06	8.69633275648e-06	8.69633275648e-06	8.69633275648e-06	8.69633275648e-06	8.69633275648e-06	0	0	8.69633275648e-06	8.69633275648e-06	0	
Even2;k__Bacteria;p__Tenericutes;c__Mollicutes;o__RF39;f__;g__	1.7392665513e-05	1.7392665513e-05	1.7392665513e-05	1.7392665513e-05	1.7392665513e-05	0.0	0.0	0.0	0.0	0.0	0.0	0.0	0.0	0.0	0.0	0.0	0	0.0	0.0	0.0	0.0	0.0	0.0	0.0	0.0	0.0	0.0	0	0.0	0.0	0	
Even2;k__Bacteria;p__Proteobacteria;c__Betaproteobacteria;o__Burkholderiales;f__;g__	8.69633275648e-06	8.69633275648e-06	8.69633275648e-06	8.69633275648e-06	8.69633275648e-06	8.69633275648e-06	0.0	0.0	0	0	0	0	0	0	0	0	0	0.0	0	0	0	0	0	0	0	0	0	0	0	0	0	
Even2;k__Bacteria;p__Verrucomicrobia;c__[Spartobacteria];o__[Chthoniobacterales];f__[Chthoniobacteraceae];g__DA101	0.000452209303337	0.000452209303337	0.000452209303337	0.000452209303337	0.000452209303337	0.000391334974041	0.000373942308528	0.000373942308528	0.000373942308528	0.000373942308528	0.000356549643016	0.000339156977503	0.000339156977503	0.00032176431199	0.000269586315451	0.000260889982694	0	0.000373942308528	0.000373942308528	0.000373942308528	0.000373942308528	0.000339156977503	0.000339156977503	0.000339156977503	0.000286978980964	0.000269586315451	0.000226104651668	5.21779965389e-05	0.000486994634363	0.000486994634363	0	
Even2;k__Bacteria;p__Proteobacteria;c__Deltaproteobacteria;o__Myxococcales;f__Polyangiaceae;Other	0	0	0	0	0	0	0	0	8.69633275648e-06	8.69633275648e-06	0	8.69633275648e-06	0	0	0	0	0	0	0	8.69633275648e-06	8.69633275648e-06	8.69633275648e-06	0	0	0	0	0	0	0	0	0	
Even2;k__Bacteria;p__Chloroflexi;c__Anaerolineae;o__Anaerolineales;f__Anaerolinaceae;g__WCHB1-05	8.69633275648e-06	8.69633275648e-06	8.69633275648e-06	8.69633275648e-06	8.69633275648e-06	8.69633275648e-06	8.69633275648e-06	8.69633275648e-06	8.69633275648e-06	8.69633275648e-06	8.69633275648e-06	0.0	0.0	0.0	0.0	0.0	0.0	8.69633275648e-06	8.69633275648e-06	8.69633275648e-06	8.69633275648e-06	8.69633275648e-06	0.0	0.0	0.0	0.0	0.0	0.0	8.69633275648e-06	8.69633275648e-06	0	
Even2;k__Bacteria;p__Proteobacteria;c__Alphaproteobacteria;o__Rhizobiales;f__Bradyrhizobiaceae;g__	6.08743292953e-05	6.08743292953e-05	6.08743292953e-05	6.08743292953e-05	6.08743292953e-05	3.47853310259e-05	0.0	0.0	0.0	0.0	0.0	0	0	0	0	0	0	0.0	0.0	0.0	0.0	0.0	0	0	0	0	0	0	2.60889982694e-05	4.34816637824e-05	0	
Even2;k__Bacteria;p__Proteobacteria;c__Alphaproteobacteria;o__Rhodobacterales;f__Rhodobacteraceae;g__Octadecabacter	1.7392665513e-05	1.7392665513e-05	1.7392665513e-05	1.7392665513e-05	1.7392665513e-05	1.7392665513e-05	1.7392665513e-05	1.7392665513e-05	1.7392665513e-05	1.7392665513e-05	1.7392665513e-05	1.7392665513e-05	1.7392665513e-05	1.7392665513e-05	1.7392665513e-05	1.7392665513e-05	0	1.7392665513e-05	1.7392665513e-05	1.7392665513e-05	1.7392665513e-05	1.7392665513e-05	1.7392665513e-05	1.7392665513e-05	1.7392665513e-05	1.7392665513e-05	1.7392665513e-05	0	0	0	0	
Even2;k__Bacteria;p__Proteobacteria;c__Alphaproteobacteria;o__Rhodospirillales;f__Rhodospirillaceae;g__	2.60889982694e-05	2.60889982694e-05	2.60889982694e-05	2.60889982694e-05	2.60889982694e-05	2.60889982694e-05	2.60889982694e-05	2.60889982694e-05	2.60889982694e-05	0.0	0	0	0	0	0	0	0	2.60889982694e-05	2.60889982694e-05	2.60889982694e-05	0.0	0.0	0	0	0	0	0	0	2.60889982694e-05	2.60889982694e-05	0	
Even2;k__Archaea;p__Crenarchaeota;c__Thaumarchaeota;o__Cenarchaeales;f__Cenarchaeaceae;g__	0	0	0	0	0	0	0	0	0	0	0	0	0	0	0	0	0	0	0	0	0	0	0	0	0	0	0	0	0	0.0	0	
Even2;k__Bacteria;p__Proteobacteria;c__Gammaproteobacteria;o__Xanthomonadales;f__Xanthomonadaceae;g__Stenotrophomonas	0	0	0	0	0	0	1.7392665513e-05	0	0	0	0	0	0	0	0	0	0	1.7392665513e-05	0	0	0	0	0	0	0	0	0	0	0	0	0	
Even2;k__Bacteria;p__Proteobacteria;c__Gammaproteobacteria;o__Xanthomonadales;f__Xanthomonadaceae;g__Dokdonella	1.7392665513e-05	1.7392665513e-05	1.7392665513e-05	1.7392665513e-05	1.7392665513e-05	0	0	0	0	0	0	0	0	0	0	0	0	0	0	0	0	0	0	0	0	0	0	0	0	0	0	
Even2;k__Bacteria;p__Actinobacteria;c__Actinobacteria;o__Actinomycetales;f__Intrasporangiaceae;g__Knoellia	0	0	0	0	0	0	0	0	0	0	0	0	0	0	0	0	0	8.69633275648e-06	8.69633275648e-06	8.69633275648e-06	0	0	0	0	0	0	0	0	0	0	0	
Even2;k__Bacteria;p__Proteobacteria;c__Betaproteobacteria;o__Burkholderiales;f__Comamonadaceae;g__	6.08743292953e-05	6.08743292953e-05	6.08743292953e-05	6.08743292953e-05	6.08743292953e-05	6.08743292953e-05	0	0	0	0	0	0	0	0	0	0	0	0	0	0	0	0	0	0	0	0	0	0	2.60889982694e-05	2.60889982694e-05	0	
Even2;k__Bacteria;p__Firmicutes;c__Clostridia;o__Clostridiales;f__Clostridiaceae;g__02d06	0.000139141324104	0.000139141324104	0.000139141324104	0.000139141324104	0.000139141324104	0.000130444991347	8.69633275648e-06	8.69633275648e-06	0	0	0	0	0	0	0	0	0	8.69633275648e-06	0	0	0	0	0	0	0	0	0	0	0.000104355993078	9.56596603212e-05	0	
Even2;k__Bacteria;p__Proteobacteria;c__Gammaproteobacteria;o__Pseudomonadales;f__Moraxellaceae;g__Acinetobacter	8.69633275648e-06	8.69633275648e-06	8.69633275648e-06	8.69633275648e-06	8.69633275648e-06	8.69633275648e-06	8.69633275648e-06	8.69633275648e-06	8.69633275648e-06	8.69633275648e-06	8.69633275648e-06	8.69633275648e-06	8.69633275648e-06	8.69633275648e-06	8.69633275648e-06	8.69633275648e-06	8.69633275648e-06	8.69633275648e-06	8.69633275648e-06	8.69633275648e-06	8.69633275648e-06	8.69633275648e-06	8.69633275648e-06	8.69633275648e-06	8.69633275648e-06	8.69633275648e-06	8.69633275648e-06	8.69633275648e-06	8.69633275648e-06	8.69633275648e-06	0	
Even2;k__Bacteria;p__Cyanobacteria;c__Oscillatoriophycideae;o__Chroococcales;f__Chroococcaceae;g__	2.60889982694e-05	2.60889982694e-05	2.60889982694e-05	2.60889982694e-05	2.60889982694e-05	0	0	0	0	0	0	0	0	0	0	0	0	0	0	0	0	0	0	0	0	0	0	0	0	0	0	
Even2;k__Bacteria;p__Bacteroidetes;c__Flavobacteriia;o__Flavobacteriales;f__Flavobacteriaceae;g__Flavobacterium	8.69633275648e-06	8.69633275648e-06	8.69633275648e-06	8.69633275648e-06	8.69633275648e-06	8.69633275648e-06	0.0	0.0	0.0	0.0	0.0	0.0	0.0	0.0	0.0	0.0	0	0.0	0.0	0.0	0.0	0.0	0.0	0.0	0.0	0.0	0.0	0.0	8.69633275648e-06	8.69633275648e-06	0	
Even2;k__Bacteria;p__Proteobacteria;c__Gammaproteobacteria;o__Alteromonadales;f__Alteromonadaceae;g__	8.69633275648e-06	8.69633275648e-06	8.69633275648e-06	8.69633275648e-06	8.69633275648e-06	8.69633275648e-06	8.69633275648e-06	8.69633275648e-06	0	0	0	0	0	0	0	0	0	8.69633275648e-06	8.69633275648e-06	0	0	0	0	0	0	0	0	0	8.69633275648e-06	0	0	
Even2;k__Bacteria;p__Proteobacteria;c__Alphaproteobacteria;o__Rhizobiales;f__Hyphomicrobiaceae;g__Rhodoplanes	2.60889982694e-05	2.60889982694e-05	2.60889982694e-05	2.60889982694e-05	2.60889982694e-05	2.60889982694e-05	6.08743292953e-05	6.08743292953e-05	6.08743292953e-05	6.08743292953e-05	6.08743292953e-05	6.08743292953e-05	3.47853310259e-05	3.47853310259e-05	3.47853310259e-05	0.0	0	6.08743292953e-05	6.08743292953e-05	6.08743292953e-05	6.08743292953e-05	6.08743292953e-05	3.47853310259e-05	3.47853310259e-05	3.47853310259e-05	1.7392665513e-05	0	0	6.08743292953e-05	6.08743292953e-05	0	
Even2;k__Bacteria;p__Bacteroidetes;c__Flavobacteriia;o__Flavobacteriales;f__Flavobacteriaceae;g__Lutimonas	0	0	0	0	0	0	0.0	0.0	0.0	0.0	0.0	0.0	0.0	0.0	0	0	0	0.0	0.0	0.0	0.0	0.0	0.0	0.0	0.0	0	0	0	0	0	0	
Even2;k__Bacteria;p__Firmicutes;c__Clostridia;o__Clostridiales;f__Lachnospiraceae;g__Coprococcus	1.7392665513e-05	1.7392665513e-05	1.7392665513e-05	1.7392665513e-05	1.7392665513e-05	1.7392665513e-05	0.000791366280839	0.000730491951544	0.000243497317181	0.000226104651668	0.0	0.0	0.0	0.0	0.0	0.0	0	0.000791366280839	0.00059135062744	0.000243497317181	0.000226104651668	0.0	0.0	0.0	0.0	0.0	0.0	0.0	0.0	0.0	0.0147	
Even2;k__Bacteria;p__Firmicutes;c__Clostridia;o__Natranaerobiales;f__;g__	8.69633275648e-06	8.69633275648e-06	8.69633275648e-06	8.69633275648e-06	8.69633275648e-06	0	0	0	0	0	0	0	0	0	0	0	0	0	0	0	0	0	0	0	0	0	0	0	0	0	0	
Even2;k__Bacteria;p__Proteobacteria;c__Gammaproteobacteria;o__Chromatiales;f__;g__	3.47853310259e-05	3.47853310259e-05	3.47853310259e-05	3.47853310259e-05	3.47853310259e-05	3.47853310259e-05	8.69633275648e-06	8.69633275648e-06	8.69633275648e-06	0.0	0.0	0	0	0	0	0	0	8.69633275648e-06	8.69633275648e-06	0.0	0.0	0	0	0	0	0	0	0	8.69633275648e-06	8.69633275648e-06	0	
Even2;k__Bacteria;p__Firmicutes;c__Clostridia;o__Clostridiales;f__Ruminococcaceae;g__Ruminococcus	0.000121748658591	0.000121748658591	0.000121748658591	0.000121748658591	0.000121748658591	7.82669948083e-05	0.00579175761581	0.00578306128306	0.0057743649503	0.00576566861754	0.00575697228479	0.00573957961927	0.00572218695376	0.00571349062101	0.00570479428825	0.00562652729344	0	0.00579175761581	0.00579175761581	0.0057743649503	0.00576566861754	0.00575697228479	0.00573957961927	0.00572218695376	0.00571349062101	0.00570479428825	0.00566131262447	0	4.34816637824e-05	3.47853310259e-05	0.0735	
Even2;k__Bacteria;p__Proteobacteria;c__Betaproteobacteria;o__Burkholderiales;f__Oxalobacteraceae;g__Polynucleobacter	8.69633275648e-06	8.69633275648e-06	8.69633275648e-06	8.69633275648e-06	8.69633275648e-06	8.69633275648e-06	8.69633275648e-06	8.69633275648e-06	8.69633275648e-06	8.69633275648e-06	8.69633275648e-06	8.69633275648e-06	8.69633275648e-06	8.69633275648e-06	0	0	0	8.69633275648e-06	8.69633275648e-06	8.69633275648e-06	8.69633275648e-06	8.69633275648e-06	8.69633275648e-06	8.69633275648e-06	0	0	0	0	8.69633275648e-06	8.69633275648e-06	0	
Even2;k__Bacteria;p__Proteobacteria;c__Betaproteobacteria;o__Burkholderiales;f__Comamonadaceae;g__Pelomonas	0	0	0	0	0	0	1.7392665513e-05	0.0	0	0	0	0	0	0	0	0	0	1.7392665513e-05	0.0	0	0	0	0	0	0	0	0	0	0	0	0	
Even2;k__Bacteria;p__Firmicutes;c__Clostridia;o__Thermoanaerobacterales;Other;Other	0	0	0	0	0	0	0	0	0	0	0	0	0	0	0	0	0	0	1.7392665513e-05	0	0	0	0	0	0	0	0	0	0	0	0	
Even2;k__Bacteria;p__Bacteroidetes;c__Bacteroidia;o__Bacteroidales;f__[Paraprevotellaceae];g__	0	0	0	0	0	0	0.0	0.0	0.0	0	0	0	0	0	0	0	0	0.0	0.0	0.0	0	0	0	0	0	0	0	0	0	0	0	
Even2;k__Bacteria;p__Proteobacteria;c__Alphaproteobacteria;o__Rhodospirillales;f__Rhodospirillaceae;Other	0	0	0	0	0	0	0	0	0	8.69633275648e-06	0.0	0	0	0	0	0	0	0	0	0	8.69633275648e-06	0.0	0.0	0	0	0	0	0	0	0	0	
Even2;k__Bacteria;p__Spirochaetes;Other;Other;Other;Other	0	0	0	0	0	0	0	1.7392665513e-05	0	0	0	0	0	0	0	0	0	0	1.7392665513e-05	0	0	0	0	0	0	0	0	0	0	0	0	
Even2;k__Bacteria;p__Proteobacteria;c__Gammaproteobacteria;o__Methylococcales;f__Crenotrichaceae;g__Crenothrix	0	0	0	0	0	0	8.69633275648e-06	8.69633275648e-06	8.69633275648e-06	8.69633275648e-06	8.69633275648e-06	8.69633275648e-06	8.69633275648e-06	0	0	0	0	8.69633275648e-06	8.69633275648e-06	8.69633275648e-06	8.69633275648e-06	8.69633275648e-06	8.69633275648e-06	8.69633275648e-06	0	0	0	0	0.0	8.69633275648e-06	0	
Even2;k__Bacteria;p__Proteobacteria;c__Gammaproteobacteria;o__Enterobacteriales;f__Enterobacteriaceae;g__Trabulsiella	0	0	0	0	0	0	0.000226104651668	0.000226104651668	9.56596603212e-05	0.000104355993078	1.7392665513e-05	1.7392665513e-05	0.0	0.0	0	0	0	0.000226104651668	0.000226104651668	0.00014783765686	0.000121748658591	1.7392665513e-05	0.0	1.7392665513e-05	0.0	0	0	0	0	4.34816637824e-05	0	
Even2;k__Bacteria;p__Proteobacteria;c__Alphaproteobacteria;o__Rickettsiales;f__;g__	2.60889982694e-05	2.60889982694e-05	2.60889982694e-05	2.60889982694e-05	2.60889982694e-05	8.69633275648e-06	0	0	0	0	0	0	0	0	0	0	0	0	0	0	0	0	0	0	0	0	0	0	0	0	0	
Even2;k__Bacteria;p__Bacteroidetes;c__Flavobacteriia;o__Flavobacteriales;f__[Weeksellaceae];Other	0	0	0	0	0	0	0	8.69633275648e-06	0	0	0	0	0	0	0	0	0	0	0	0	0	0	0	0	0	0	0	0	0	0	0	
Even2;k__Bacteria;p__Firmicutes;c__Clostridia;o__Clostridiales;f__Ruminococcaceae;g__Oscillospira	0.00162621422546	0.00162621422546	0.00162621422546	0.00162621422546	0.00162621422546	0.00162621422546	0.00160882155995	0.00160882155995	0.00160882155995	0.00160882155995	0.00159142889444	0.00159142889444	0.00158273256168	0.00158273256168	0.00158273256168	0.00157403622892	0	0.00160882155995	0.00160882155995	0.00160882155995	0.00160882155995	0.00159142889444	0.00158273256168	0.00159142889444	0.00158273256168	0.00158273256168	0.00156533989617	0	0.00163491055822	0.00164360689097	0	
Even2;k__Bacteria;p__Bacteroidetes;c__Bacteroidia;o__Bacteroidales;f__Rikenellaceae;g__Rikenella	0	0	0	0	0	0	2.60889982694e-05	2.60889982694e-05	1.7392665513e-05	1.7392665513e-05	0	0	0	0	0	0	0	2.60889982694e-05	1.7392665513e-05	1.7392665513e-05	0	0	0	0	0	0	0	0	0	0	0	
Even2;k__Bacteria;p__Proteobacteria;c__Gammaproteobacteria;o__Vibrionales;Other;Other	0	0	0	0	0	0	0	0	0	0	0	0	0	0	0	0	0	0	0.0	0	0	0	0	0	0	0	0	0	0	0	0	
Even2;k__Bacteria;p__Firmicutes;c__Erysipelotrichi;o__Erysipelotrichales;f__Erysipelotrichaceae;g__cc_115	0	0	0	0	0	0	3.47853310259e-05	3.47853310259e-05	1.7392665513e-05	1.7392665513e-05	0	0	0	0	0	0	0	3.47853310259e-05	1.7392665513e-05	1.7392665513e-05	1.7392665513e-05	0	0	0	0	0	0	0	0	0	0	
Even2;k__Bacteria;p__Proteobacteria;c__Gammaproteobacteria;o__Vibrionales;f__Pseudoalteromonadaceae;g__Pseudoalteromonas	0	0	0	0	0	0	1.7392665513e-05	0.0	0	0	0	0	0	0	0	0	0	1.7392665513e-05	1.7392665513e-05	0	0	0	0	0	0	0	0	0	0	0	0	
Even2;k__Bacteria;p__Bacteroidetes;c__Bacteroidia;o__Bacteroidales;f__Porphyromonadaceae;Other	0	0	0	0	0	0	0	8.69633275648e-06	5.21779965389e-05	7.82669948083e-05	0.000200015653399	0.000252193649938	0.000165230322373	0.000347853310259	6.95706620518e-05	1.7392665513e-05	0	0	3.47853310259e-05	8.69633275648e-05	9.56596603212e-05	0.00014783765686	0.000113052325834	0.000182622987886	0.000339156977503	0.00017392665513	3.47853310259e-05	0	2.60889982694e-05	0	0	
Even2;k__Bacteria;p__Firmicutes;c__Clostridia;o__Clostridiales;f__Peptococcaceae;g__Desulfosporosinus	0.00791366280839	0.00791366280839	0.00791366280839	0.00791366280839	0.00791366280839	0.00789627014288	0.00780930681532	0.00780930681532	0.00780930681532	0.0077919141498	0.00770495082224	0.00753972049987	0.00752232783435	0.00752232783435	0.00752232783435	0	0	0.00780930681532	0.00780930681532	0.00778321781705	0.00777452148429	0.00760059482916	0.00753972049987	0.00752232783435	0.00752232783435	0.00752232783435	8.69633275648e-06	0	0.00796584080493	0.00795714447218	0	
Even2;k__Bacteria;p__Proteobacteria;c__Gammaproteobacteria;o__Oceanospirillales;f__Hahellaceae;Other	0	0	0	0	0	0	0	0	0	8.69633275648e-06	0	0	0	0	0	0	0	0	0	0	0	0	0	0	0	0	0	0	0	0	0	
Even2;k__Bacteria;p__Proteobacteria;c__Betaproteobacteria;o__Burkholderiales;f__Alcaligenaceae;g__Sutterella	1.7392665513e-05	1.7392665513e-05	1.7392665513e-05	1.7392665513e-05	1.7392665513e-05	1.7392665513e-05	1.7392665513e-05	1.7392665513e-05	1.7392665513e-05	1.7392665513e-05	0	0	0	0	0	0	0	1.7392665513e-05	1.7392665513e-05	1.7392665513e-05	0	0	0	0	0	0	0	0	1.7392665513e-05	1.7392665513e-05	0	
Even2;k__Bacteria;p__Firmicutes;c__Clostridia;o__Clostridiales;f__Lachnospiraceae;g__Anaerostipes	0	0	0	0	0	0	8.69633275648e-06	8.69633275648e-06	8.69633275648e-06	8.69633275648e-06	8.69633275648e-06	0	0	0	0	0	0	8.69633275648e-06	8.69633275648e-06	8.69633275648e-06	8.69633275648e-06	8.69633275648e-06	0	0	0	0	0	0	0	8.69633275648e-05	0	
Even2;k__Bacteria;p__Bacteroidetes;c__Sphingobacteriia;o__Sphingobacteriales;f__;g__	2.60889982694e-05	2.60889982694e-05	2.60889982694e-05	2.60889982694e-05	2.60889982694e-05	2.60889982694e-05	2.60889982694e-05	2.60889982694e-05	2.60889982694e-05	2.60889982694e-05	2.60889982694e-05	2.60889982694e-05	2.60889982694e-05	0	0	0	0	2.60889982694e-05	2.60889982694e-05	2.60889982694e-05	2.60889982694e-05	2.60889982694e-05	2.60889982694e-05	2.60889982694e-05	0	0	0	0	2.60889982694e-05	5.21779965389e-05	0	
Even2;k__Bacteria;p__Firmicutes;c__Clostridia;o__Clostridiales;f__[Tissierellaceae];g__Tissierella_Soehngenia	1.7392665513e-05	1.7392665513e-05	1.7392665513e-05	1.7392665513e-05	1.7392665513e-05	0	0	0	0	0	0	0	0	0	0	0	0	0	0	0	0	0	0	0	0	0	0	0	0	0	0	
Even2;k__Bacteria;p__Fusobacteria;c__Fusobacteriia;o__Fusobacteriales;f__Fusobacteriaceae;Other	0	0	0	0	0	0	0	0	0	0	0	0.0	0.0	0.0	0.0	0.0	0	0	0	0	0	0	0	0.0	0.0	0.0	0.0	0	0	0	0	
Even2;k__Bacteria;p__Proteobacteria;c__Deltaproteobacteria;o__[Entotheonellales];f__;g__	0.0	0.0	0.0	0.0	0.0	0.0	0.0	0.0	0.0	0.0	0.0	0	0	0	0	0	0	0.0	0.0	0.0	0.0	0	0	0	0	0	0	0	0.0	0.0	0	
Even2;k__Bacteria;p__Acidobacteria;c__Acidobacteriia;o__Acidobacteriales;f__Koribacteraceae;Other	0	0	0	0	0	0	0	0	0	0	0	0	0	0	0	0	0	0	0	0	0	0	0	0.0	0	0	0.0	0	0	0	0	
Even2;k__Bacteria;p__Planctomycetes;c__Phycisphaerae;Other;Other;Other	0	0	0	0	0	0	0	0	0	0	0	0	0	0.0	0.0	0.0	0.0	0	0	0	0	0	0	0	0	0.0	0	0.0	0	0	0	
Even2;k__Bacteria;p__Acidobacteria;c__OS-K;o__;f__;g__	0.0	0.0	0.0	0.0	0.0	0	0	0	0	0	0	0	0	0	0	0	0	0	0	0	0	0	0	0	0	0	0	0	0	0	0	
Even2;k__Bacteria;p__Nitrospirae;c__Nitrospira;o__Nitrospirales;f__[Thermodesulfovibrionaceae];g__	8.69633275648e-06	8.69633275648e-06	8.69633275648e-06	8.69633275648e-06	8.69633275648e-06	8.69633275648e-06	8.69633275648e-06	8.69633275648e-06	8.69633275648e-06	8.69633275648e-06	8.69633275648e-06	8.69633275648e-06	0.0	0.0	0	0	0	8.69633275648e-06	8.69633275648e-06	8.69633275648e-06	8.69633275648e-06	8.69633275648e-06	8.69633275648e-06	0.0	0.0	0.0	0	0	8.69633275648e-06	8.69633275648e-06	0	
Even2;k__Bacteria;p__Firmicutes;c__Clostridia;o__Clostridiales;f__Eubacteriaceae;g__	0	0	0	0	0	0	0	0	0	0	0	0	0	0	0	0	0	0	0	0	0	0	0	0	0	0	0	0	0	8.69633275648e-06	0	
Even2;k__Bacteria;p__Firmicutes;c__Bacilli;o__Bacillales;f__Sporolactobacillaceae;g__Sporolactobacillus	0.0	0.0	0.0	0.0	0.0	0.0	8.69633275648e-06	8.69633275648e-06	8.69633275648e-06	8.69633275648e-06	8.69633275648e-06	8.69633275648e-06	8.69633275648e-06	0	0	0	0	8.69633275648e-06	8.69633275648e-06	8.69633275648e-06	8.69633275648e-06	8.69633275648e-06	8.69633275648e-06	8.69633275648e-06	0	0	0	0	0	0	0	
Even2;k__Bacteria;p__Firmicutes;c__Bacilli;o__Bacillales;f__Bacillaceae;g__Terribacillus	0	0	0	0	0	0	8.69633275648e-06	0	0	0	0	0	0	0	0	0	0	8.69633275648e-06	0	0	0	0	0	0	0	0	0	0	0	0	0	
Even2;k__Bacteria;p__Cyanobacteria;c__Nostocophycideae;o__Nostocales;Other;Other	0	0	0	0	0	0	0	0	0	0	0	0	0	0	0	0	7.82669948083e-05	0	0	0	0	0	0	0	0	0	0	0	0	0	0	
Even2;k__Bacteria;p__Firmicutes;c__Clostridia;o__Clostridiales;f__Clostridiaceae;g__Anaerococcus	0	0	0	0	0	0	0	0	0	0	0	0	0	0	0	0	0	0	0	0	0	0	0	0	0	0	0	0	0	0	0.0147	
Even2;k__Bacteria;p__Bacteroidetes;c__Bacteroidia;o__Bacteroidales;f__Prevotellaceae;Other	0	0	0	0	0	0	0	0	0	8.69633275648e-06	1.7392665513e-05	8.69633275648e-06	0.000156533989617	1.7392665513e-05	0.000730491951544	2.60889982694e-05	2.60889982694e-05	0	0	1.7392665513e-05	3.47853310259e-05	0.0	1.7392665513e-05	8.69633275648e-05	3.47853310259e-05	4.34816637824e-05	0.000669617622249	0.000200015653399	0	0	0	
Even2;k__Bacteria;p__Cyanobacteria;c__4C0d-2;o__YS2;f__;g__	0.0	0.0	0.0	0.0	0.0	0.0	0.0	0.0	0.0	0.0	0.0	0.0	0.0	0.0	0.0	0.0	0	0.0	0.0	0.0	0.0	0.0	0.0	0.0	0.0	0.0	0.0	0	0.0	0.0	0	
Even2;k__Bacteria;p__Proteobacteria;c__Deltaproteobacteria;o__Desulfarculales;f__Desulfarculaceae;g__	0.0	0.0	0.0	0.0	0.0	0.0	0	0	0	0	0	0	0	0	0	0	0	0	0	0	0	0	0	0	0	0	0	0	0.0	0.0	0	
Even2;k__Bacteria;p__Proteobacteria;c__Betaproteobacteria;o__Ellin6067;f__;g__	0.0	0.0	0.0	0.0	0.0	0.0	0.0	0.0	0.0	0.0	0.0	0.0	0.0	0	0	0	0	0.0	0.0	0.0	0.0	0.0	0.0	0	0	0	0	0	1.7392665513e-05	1.7392665513e-05	0	
Even2;k__Bacteria;p__Firmicutes;c__Clostridia;o__Clostridiales;f__Clostridiaceae;g__Caloramator	0.0	0.0	0.0	0.0	0.0	0.0	0	0	0	0	0	0	0	0	0	0	0	0	0	0	0	0	0	0	0	0	0	0	3.47853310259e-05	3.47853310259e-05	0	
Even2;k__Bacteria;p__Proteobacteria;c__Gammaproteobacteria;o__Thiotrichales;f__Thiotrichaceae;Other	0	0	0	0	0	0	0	0	8.69633275648e-06	0	0	0	0	0	0	0	0	0	0	0	0	0	0	0	0	0	0	0	0	0	0	
Even2;k__Bacteria;p__Proteobacteria;c__Gammaproteobacteria;o__Xanthomonadales;f__Xanthomonadaceae;g__Wohlfahrtiimonas	0	0	0	0	0	0	0.0	0.0	0.0	0	0	0	0	0	0	0	0	0.0	0.0	0.0	0	0	0	0	0	0	0	0	0	0	0	
Even2;k__Bacteria;p__Firmicutes;c__Clostridia;o__Clostridiales;f__Lachnospiraceae;g__Lachnobacterium	0.000269586315451	0.000269586315451	0.000269586315451	0.000269586315451	0.000269586315451	0.000260889982694	0.000434816637824	0.000434816637824	0.000426120305067	0.000391334974041	0.000391334974041	0.000330460644746	0.000252193649938	0.000243497317181	0.000234800984425	0.000208711986155	0	0.000434816637824	0.000426120305067	0.000400031306798	0.000391334974041	0.000373942308528	0.000356549643016	0.000252193649938	0.000252193649938	0.000234800984425	0	0	0	0	0	
Even2;k__Bacteria;p__Proteobacteria;c__Gammaproteobacteria;o__Xanthomonadales;f__Xanthomonadaceae;g__	0.000200015653399	0.000200015653399	0.000200015653399	0.000200015653399	0.000200015653399	1.7392665513e-05	2.60889982694e-05	2.60889982694e-05	1.7392665513e-05	0.0	0.0	0	0	0	0	0	0	2.60889982694e-05	2.60889982694e-05	1.7392665513e-05	0.0	0	0	0	0	0	0	0	1.7392665513e-05	1.7392665513e-05	0	
Even2;k__Archaea;p__Crenarchaeota;c__Thaumarchaeota;o__Nitrososphaerales;f__Nitrososphaeraceae;g__Candidatus Nitrososphaera	0.0	0.0	0.0	0.0	0.0	0.0	0	0	0	0	0	0	0	0	0	0	0	0.0	0.0	0.0	0.0	0.0	0.0	0.0	0.0	0.0	0.0	0	0.0	0.0	0	
Even2;k__Bacteria;p__Firmicutes;c__Clostridia;o__Clostridiales;f__[Mogibacteriaceae];g__	0.000808758946352	0.000808758946352	0.000808758946352	0.000808758946352	0.000808758946352	0.00076527728257	0	0	0	0	0	0	0	0	0	0	0	0	0	0	0	0	0	0	0	0	0	0	0.000634832291223	6.08743292953e-05	0	
Even2;k__Bacteria;p__Cyanobacteria;c__Synechococcophycideae;o__Pseudanabaenales;f__Pseudanabaenaceae;g__Pseudanabaena	0.0	0.0	0.0	0.0	0.0	0.0	0.0	0.0	0.0	0.0	0.0	0.0	0.0	0.0	0.0	0.0	0	0.0	0.0	0.0	0.0	0.0	0.0	0.0	0.0	0.0	0.0	0	0.0	0.0	0	
Even2;k__Bacteria;p__Acidobacteria;c__Acidobacteria-6;Other;Other;Other	0	0	0	0	0	0	0	0	0	0	0.0	0.0	0.0	0.0	0.0	0	0	0	0	0	0	0.0	0.0	0.0	0.0	0.0	0	8.69633275648e-06	0	0	0	
Even2;k__Bacteria;p__Cyanobacteria;c__Nostocophycideae;o__Nostocales;f__Nostocaceae;g__Aphanizomenon	0	0	0	0	0	0	2.60889982694e-05	0	0	0	0	0	0	0	0	0	0	2.60889982694e-05	0	0	0	0	0	0	0	0	0	0	0	0	0	
Even2;k__Archaea;p__Crenarchaeota;c__Thermoprotei;o__Thermoproteales;f__Thermoproteaceae;Other	0	0	0	0	0	0	0	3.47853310259e-05	0	0	0	0	0	0	0	0	0	0	2.60889982694e-05	0.0	0	0	0	0	0	0	0	0	0	0	0	
Even2;k__Bacteria;p__Acidobacteria;c__Acidobacteria-6;o__iii1-15;f__;g__	5.21779965389e-05	5.21779965389e-05	5.21779965389e-05	5.21779965389e-05	5.21779965389e-05	3.47853310259e-05	2.60889982694e-05	2.60889982694e-05	2.60889982694e-05	2.60889982694e-05	2.60889982694e-05	2.60889982694e-05	2.60889982694e-05	2.60889982694e-05	1.7392665513e-05	8.69633275648e-06	0	2.60889982694e-05	2.60889982694e-05	2.60889982694e-05	2.60889982694e-05	2.60889982694e-05	2.60889982694e-05	2.60889982694e-05	1.7392665513e-05	1.7392665513e-05	0.0	0	5.21779965389e-05	5.21779965389e-05	0	
Even2;k__Bacteria;p__Proteobacteria;c__Gammaproteobacteria;o__Enterobacteriales;f__Enterobacteriaceae;g__Enterobacter	3.47853310259e-05	3.47853310259e-05	3.47853310259e-05	3.47853310259e-05	3.47853310259e-05	3.47853310259e-05	0.00044351297058	0.000286978980964	9.56596603212e-05	4.34816637824e-05	2.60889982694e-05	1.7392665513e-05	0	0	0	0	0	0.000417423972311	0.000226104651668	5.21779965389e-05	4.34816637824e-05	4.34816637824e-05	0	0	0	0	0	0	8.69633275648e-06	8.69633275648e-06	0.0147	
Even2;k__Bacteria;p__Firmicutes;c__Clostridia;o__Clostridiales;f__Clostridiaceae;Other	0	0	0	0	0	0	0	0.000121748658591	0.000356549643016	0.00115661225661	0.00124357558418	0.00348722943535	0.0187666860885	0.0214190675792	0.01949717804	0.0185753667678	0.0680922854832	0	0.000121748658591	0.000417423972311	0.00124357558418	0.00120009392039	0.0185318851041	0.0189145237453	0.0191580210625	0.0197754606882	0.00364376342496	0.0676574688454	0.000217408318912	0.0605699576489	0	
Even2;k__Bacteria;p__Bacteroidetes;c__[Saprospirae];o__[Saprospirales];f__Chitinophagaceae;g__	0.000130444991347	0.000130444991347	0.000130444991347	0.000130444991347	0.000130444991347	0.000130444991347	0.000104355993078	0.000104355993078	0.000104355993078	0.000104355993078	6.08743292953e-05	4.34816637824e-05	1.7392665513e-05	1.7392665513e-05	8.69633275648e-06	0	0	0.000104355993078	0.000104355993078	0.000104355993078	7.82669948083e-05	6.08743292953e-05	4.34816637824e-05	2.60889982694e-05	8.69633275648e-06	8.69633275648e-06	0	0	0.00014783765686	0.000139141324104	0	
Even2;k__Bacteria;p__Planctomycetes;c__OM190;Other;Other;Other	0	0	0	0	0	0	0	0	0	0	0	0	0	0	0	0	0	0	0	0	8.69633275648e-06	0	0	0	0	0	0	0	0	0	0	
Even2;k__Bacteria;p__Proteobacteria;c__Alphaproteobacteria;o__Ellin329;f__;g__	0.0	0.0	0.0	0.0	0.0	0.0	0.0	0.0	0.0	0.0	0.0	0.0	0.0	0.0	0	0	0	0.0	0.0	0.0	0.0	0.0	0.0	0.0	0.0	0	0	0	0.0	0.0	0	
Even2;k__Bacteria;p__Firmicutes;c__Clostridia;o__Clostridiales;f__[Tissierellaceae];g__Anaerococcus	0.0384203981181	0.0384203981181	0.0384203981181	0.0384203981181	0.0384203981181	0.0373681418546	0.0372898748598	0.0372898748598	0.0372898748598	0.0372724821943	0.0371159482046	0.0368115765582	0.036315885591	0.0350114356776	0.0341939803985	0.0339678757468	0.0	0.0372898748598	0.0372898748598	0.0372898748598	0.0372290005305	0.0371420372029	0.0368115765582	0.0364550269151	0.035924550617	0.0342287657295	0.0340113574106	0.0339330904158	0.0381421154699	0.0383856127871	0	
Even2;k__Bacteria;p__Proteobacteria;c__Deltaproteobacteria;o__Myxococcales;f__Haliangiaceae;g__	0.0	0.0	0.0	0.0	0.0	0	0	0	0	0	0	0	0	0	0	0	0	0	0	0	0	0	0	0	0	0	0	0	0.0	0.0	0	
Even2;k__Bacteria;p__Firmicutes;c__Erysipelotrichi;o__Erysipelotrichales;f__Erysipelotrichaceae;g__Bulleidia	0	0	0	0	0	0	0.000365245975772	0	0	0	0	0	0	0	0	0	0	0.000365245975772	0	0	0	0	0	0	0	0	0	0	0	0	0	
Even2;k__Bacteria;p__Chrysiogenetes;c__Chrysiogenetes;o__Chrysiogenales;f__Chrysiogenaceae;g__Desulfurispirillum	0	0	0	0	0	0	0.000313067979233	8.69633275648e-06	8.69633275648e-06	0	0	0	0	0	0	0	0	0.000313067979233	8.69633275648e-06	8.69633275648e-06	0	0	0	0	0	0	0	0	0	0	0	
Even2;k__Bacteria;p__Proteobacteria;c__Gammaproteobacteria;o__Chromatiales;f__Chromatiaceae;g__Thiocystis	0	0	0	0	0	0	0.00014783765686	0.00014783765686	0	0	0	0	0	0	0	0	0	0.00014783765686	0.000113052325834	0.000104355993078	0	0	0	0	0	0	0	0	0	0	0	
Even2;k__Bacteria;p__Proteobacteria;c__Gammaproteobacteria;o__Alteromonadales;f__Alteromonadaceae;g__Spongiibacter	0	0	0	0	0	0	0.0	0.0	0.0	0.0	0	0	0	0	0	0	0	0.0	0.0	0.0	0.0	0	0	0	0	0	0	0	0	0	0	
Even2;k__Bacteria;p__Proteobacteria;c__Alphaproteobacteria;o__Rhizobiales;f__Phyllobacteriaceae;g__Pseudaminobacter	0	0	0	0	0	0	0.0	0	0	0	0	0	0	0	0	0	0	0.0	0	0	0	0	0	0	0	0	0	0	0	0	0	
Even2;k__Bacteria;p__Firmicutes;c__Clostridia;o__Clostridiales;f__Ruminococcaceae;Other	0	0	0	0	0	0	0	0.000121748658591	0.000495690967119	0.00140880590655	0.00157403622892	0.00174796288405	0.00166969588924	0.000808758946352	0.0123748815125	0.0120792061987	8.69633275648e-06	0	8.69633275648e-05	0.00130444991347	0.00143489490482	0.00143489490482	0.00166969588924	0.00192188953918	0.0131488551278	0.0124009705107	0.0118965832109	0.00014783765686	0.000191319320642	0.000191319320642	0	
Even2;k__Bacteria;p__Proteobacteria;c__Gammaproteobacteria;o__Alteromonadales;f__Moritellaceae;g__	0	0	0	0	0	0	0.000347853310259	3.47853310259e-05	0	0	0	0	0	0	0	0	0	0.000347853310259	5.21779965389e-05	0	0	0	0	0	0	0	0	0	0	0	0	
Even2;k__Bacteria;p__Actinobacteria;c__Actinobacteria;o__Actinomycetales;f__Intrasporangiaceae;Other	0	0	0	0	0	0	0	0	8.69633275648e-06	0	0	0	0	0	0	0	0	0	0	0	0	0	0	0	0	0	0	0	0	0	0	
Even2;k__Bacteria;p__Acidobacteria;c__Acidobacteriia;o__Acidobacteriales;Other;Other	0	0	0	0	0	0	0	0	0	0	0.0	0.0	0	0	0	0.0	0	0	0	0	0	0	0	0	0.0	0.0	0	0	0	0	0	
Even2;k__Bacteria;p__Firmicutes;c__Clostridia;o__Clostridiales;f__Lachnospiraceae;g__Shuttleworthia	0	0	0	0	0	0	0.00046960196885	0.00046960196885	0.00046960196885	0.000408727639554	0.00046960196885	0	0	0	0	0	0	0.00046960196885	0.00046960196885	0.00046960196885	0.00046960196885	0.00046960196885	0	0	0	0	0	0	0	0	0	
Even2;k__Bacteria;p__Bacteroidetes;c__Sphingobacteriia;o__Sphingobacteriales;f__Sphingobacteriaceae;g__	8.69633275648e-06	8.69633275648e-06	8.69633275648e-06	8.69633275648e-06	8.69633275648e-06	8.69633275648e-06	8.69633275648e-06	8.69633275648e-06	8.69633275648e-06	8.69633275648e-06	8.69633275648e-06	0.0	8.69633275648e-06	0	0	0	0	8.69633275648e-06	8.69633275648e-06	8.69633275648e-06	8.69633275648e-06	8.69633275648e-06	8.69633275648e-06	0	0	0	0	0	1.7392665513e-05	1.7392665513e-05	0	
Even2;k__Bacteria;p__Proteobacteria;c__Alphaproteobacteria;o__Rhodobacterales;f__Rhodobacteraceae;g__	3.47853310259e-05	3.47853310259e-05	3.47853310259e-05	3.47853310259e-05	3.47853310259e-05	3.47853310259e-05	0	0	0	0	0	0	0	0	0	0	0	0	0	0	0	0	0	0	0	0	0	0	3.47853310259e-05	3.47853310259e-05	0	
Even2;k__Bacteria;p__Planctomycetes;c__[Brocadiae];o__Brocadiales;Other;Other	0	0	0	0	0	0	0	8.69633275648e-06	0	0	0	0	0	0	0	0	0	0	0	0	0	0	0	0	0	0	0	0	0	0	0	
Even2;k__Bacteria;p__Acidobacteria;c__Solibacteres;o__Solibacterales;Other;Other	0	0	0	0	0	0	0	0	0.0	0.0	8.69633275648e-06	8.69633275648e-06	3.47853310259e-05	3.47853310259e-05	3.47853310259e-05	0.0	0	0	0	0.0	0.0	2.60889982694e-05	2.60889982694e-05	3.47853310259e-05	3.47853310259e-05	3.47853310259e-05	0	0	0	0	0	
Even2;k__Bacteria;p__Chloroflexi;c__Chloroflexi;o__Chloroflexales;Other;Other	0	0	0	0	0	0	0	8.69633275648e-05	0	0	0	0	0	0	0	0	0	0	8.69633275648e-05	0	0	0	0	0	0	0	0	0	0	0	0	
Even2;k__Bacteria;p__OD1;c__ABY1;o__;f__;g__	0.000130444991347	0.000130444991347	0.000130444991347	0.000130444991347	0.000130444991347	0	0	0	0	0	0	0	0	0	0	0	0	0	0	0	0	0	0	0	0	0	0	0	0	0	0	
Even2;k__Bacteria;p__Proteobacteria;c__Gammaproteobacteria;o__Alteromonadales;f__[Chromatiaceae];g__Alishewanella	0	0	0	0	0	0	8.69633275648e-06	8.69633275648e-06	8.69633275648e-06	8.69633275648e-06	8.69633275648e-06	0	0	0	0	0	0	8.69633275648e-06	8.69633275648e-06	8.69633275648e-06	8.69633275648e-06	0	0	0	0	0	0	0	0	0	0	
Even2;k__Bacteria;p__Firmicutes;c__Erysipelotrichi;o__Erysipelotrichales;f__Erysipelotrichaceae;g__[Eubacterium]	0.0112269655886	0.0112269655886	0.0112269655886	0.0112269655886	0.0112269655886	0.0111486985938	0.0108269342818	0.0108269342818	0.0108269342818	0.0108182379491	0.0108008452835	0.0107747562853	0.0106443112939	0.0105660442991	0.0104877773043	0.010357332313	0.0102007983233	0.0108269342818	0.0108269342818	0.0108269342818	0.0108182379491	0.0107747562853	0.0107747562853	0.0107051856232	0.0105921332974	0.0103747249785	0.010357332313	2.60889982694e-05	0.0112704472524	0.0112704472524	0	
Even2;k__Bacteria;p__Bacteroidetes;c__Flavobacteriia;o__Flavobacteriales;f__Flavobacteriaceae;g__Leeuwenhoekiella	0	0	0	0	0	0	6.08743292953e-05	0	0	0	0	0	0	0	0	0	0	6.08743292953e-05	0	0	0	0	0	0	0	0	0	0	0	0	0	
Even2;k__Bacteria;p__Firmicutes;c__Clostridia;o__Clostridiales;f__EtOH8;g__	0	0	0	0	0	0	0.0	0	0	0	0	0	0	0	0	0	0	0.0	0.0	0	0	0	0	0	0	0	0	0	0	0	0	
Even2;k__Bacteria;p__Bacteroidetes;c__Bacteroidia;o__Bacteroidales;f__Prevotellaceae;g__Prevotella	0.029567531372	0.029567531372	0.029567531372	0.029567531372	0.029567531372	0.0291935890635	0.0296979763634	0.0296457983668	0.0296284057013	0.029567531372	0.0295240497082	0.02949796071	0.0292544633928	0.0290979294032	0.0282978667896	0.0280369768069	0.0222191301928	0.0296979763634	0.0296457983668	0.0296284057013	0.0295762277048	0.0295501387065	0.0295153533755	0.0293153377221	0.0291327147342	0.0290109660756	0.027923924481	0.0211842665948	0.0296892800306	0.0296284057013	0.0147	
Even2;k__Bacteria;p__Acidobacteria;Other;Other;Other;Other	0	0	0	0	0	0	0	3.47853310259e-05	3.47853310259e-05	0	8.69633275648e-06	0.0	0.0	0.0	0	0	3.47853310259e-05	0	3.47853310259e-05	4.34816637824e-05	0.0	0.0	8.69633275648e-06	0.0	0.0	0.0	0.0	8.69633275648e-06	0	0	0	
Even2;k__Bacteria;p__Firmicutes;c__Clostridia;o__Clostridiales;f__Veillonellaceae;g__	0.000121748658591	0.000121748658591	0.000121748658591	0.000121748658591	0.000121748658591	0.000121748658591	8.69633275648e-06	8.69633275648e-06	8.69633275648e-06	8.69633275648e-06	8.69633275648e-06	0	0	0	0	0	0	8.69633275648e-06	8.69633275648e-06	8.69633275648e-06	8.69633275648e-06	8.69633275648e-06	8.69633275648e-06	0	0	0	0	0	0.000139141324104	0.000139141324104	0	
Even2;k__Bacteria;p__Actinobacteria;c__Coriobacteriia;o__Coriobacteriales;f__Coriobacteriaceae;Other	0	0	0	0	0	0	0	8.69633275648e-06	0	0	0	8.69633275648e-06	8.69633275648e-06	0	0	8.69633275648e-06	0	0	1.7392665513e-05	0	0	0	0	0	0	0	0.000200015653399	0	0	0	0	
Even2;k__Bacteria;p__Cyanobacteria;c__Synechococcophycideae;o__Pseudanabaenales;Other;Other	0	0	0	0	0	0	0	0	0	0	0	0	0	0	0	0	0.0	0	0	0	0	0	0	0	0	0	0	0	0	0	0	
Even2;k__Bacteria;p__SAR406;c__AB16;o__Arctic96B-7;f__A714017;g__SGSH944	0.0	0.0	0.0	0.0	0.0	0.0	0.0	0.0	0.0	0.0	0.0	0.0	0	0	0	0	0	0.0	0.0	0.0	0.0	0.0	0.0	0.0	0	0	0	0	0.0	0.0	0	
Even2;k__Bacteria;p__Actinobacteria;c__Coriobacteriia;o__Coriobacteriales;f__Coriobacteriaceae;g__Atopobium	0	0	0	0	0	0	8.69633275648e-06	0	0	0	0	0	0	0	0	0	0	8.69633275648e-06	8.69633275648e-06	0	0	0	0	0	0	0	0	0	0	0	0	
Even2;k__Bacteria;p__Firmicutes;c__Bacilli;o__Lactobacillales;f__Lactobacillaceae;g__Lactobacillus	0.000669617622249	0.000669617622249	0.000669617622249	0.000669617622249	0.000669617622249	0.000565261629171	0.0	0.0	0.0	0	0	0	0	0	0	0	0	0.0	0.0	0.0	0	0	0	0	0	0	0	0	0.000704402953275	0.000713099286031	0	
Even2;k__Bacteria;p__Proteobacteria;c__Alphaproteobacteria;o__Caulobacterales;f__Caulobacteraceae;g__Brevundimonas	0	0	0	0	0	0	3.47853310259e-05	0	0	0	0	0	0	0	0	0	0	0	0	0	0	0	0	0	0	0	0	0	0	0	0	
Even2;k__Bacteria;p__Actinobacteria;c__Actinobacteria;o__Actinomycetales;f__Microbacteriaceae;Other	0	0	0	0	0	0	0	8.69633275648e-06	8.69633275648e-06	0	0	0	0	0	0.0	0.0	0	0	8.69633275648e-06	0	0	0	0	0	0.0	0.0	0.0	0	0	0	0	
Even2;k__Bacteria;p__Firmicutes;c__Clostridia;o__Natranaerobiales;Other;Other	0	0	0	0	0	0	0	1.7392665513e-05	0	0	0	0	0	0	0	0	0	0	0	0	0	0	0	0	0	0	0	0	0	0	0	
Even2;k__Bacteria;p__Bacteroidetes;c__Bacteroidia;o__Bacteroidales;f__Rikenellaceae;g__PW3	8.69633275648e-06	8.69633275648e-06	8.69633275648e-06	8.69633275648e-06	8.69633275648e-06	0	5.21779965389e-05	5.21779965389e-05	4.34816637824e-05	0	0	0	0	0	0	0	0	5.21779965389e-05	5.21779965389e-05	4.34816637824e-05	0	0	0	0	0	0	0	0	0	0	0	
Even2;k__Archaea;Other;Other;Other;Other;Other	0	0	0	0	0	0	0	0.0	0.000121748658591	0.000139141324104	2.60889982694e-05	0	0	0	0	0	0.0	0	0.0	6.08743292953e-05	0.000130444991347	1.7392665513e-05	0	0	0	0	0.0	0.0	0	0	0	
Even2;k__Bacteria;p__Actinobacteria;c__Acidimicrobiia;o__Acidimicrobiales;f__Acidimicrobiaceae;Other	0	0	0	0	0	0	0	0	0	0	0	0	0	0	0	0	0	0	0.0	0	0	0	0	0	0	0	0	0	0	0	0	
Even2;k__Bacteria;p__Firmicutes;c__Clostridia;o__Clostridiales;f__[Tissierellaceae];Other	0	0	0	0	0	0	0	0	0	8.69633275648e-06	8.69633275648e-05	0.000130444991347	0.000182622987886	0.00104355993078	0.000226104651668	0.0	0	0	0	0	0	7.82669948083e-05	0.00017392665513	0.000313067979233	0.000200015653399	0.000330460644746	0.0	0	0	0	0	
Even2;k__Bacteria;p__Proteobacteria;c__Gammaproteobacteria;o__Enterobacteriales;f__Enterobacteriaceae;Other	0	0	0	0	0	0	0	0.00433947004548	0.0059743806037	0.00673965788627	0.0165143359045	0.0519084102234	0.0544303467228	0.0525258498491	0.0146620170274	0.0407162299658	0	0	0.00420032872138	0.00589611360889	0.0147054986912	0.0180101051387	0.0520388552148	0.0528215251628	0.0506909236375	0.0519866772182	0.0452296266664	0	0.0792496804098	0.0798149420389	0	
Even2;k__Bacteria;p__Actinobacteria;c__Actinobacteria;o__Actinomycetales;f__Thermomonosporaceae;g__Actinoallomurus	0	0	0	0	0	0	6.95706620518e-05	0	0	0	0	0	0	0	0	0	0	6.95706620518e-05	0	0	0	0	0	0	0	0	0	0	0	0	0	
Even2;k__Bacteria;p__SAR406;c__AB16;o__Arctic96B-7;f__A714017;Other	0	0	0	0	0	0	0	0	0	0	0	0	0.0	0.0	0	0	0	0	0	0	0	0	0	0	0.0	0	0	0	0	0	0	
Even2;k__Bacteria;p__Verrucomicrobia;c__[Pedosphaerae];o__[Pedosphaerales];f__[Pedosphaeraceae];g__Pedosphaera	8.69633275648e-06	8.69633275648e-06	8.69633275648e-06	8.69633275648e-06	8.69633275648e-06	8.69633275648e-06	8.69633275648e-06	8.69633275648e-06	8.69633275648e-06	8.69633275648e-06	8.69633275648e-06	8.69633275648e-06	8.69633275648e-06	0	0	0	0	8.69633275648e-06	8.69633275648e-06	8.69633275648e-06	8.69633275648e-06	8.69633275648e-06	8.69633275648e-06	8.69633275648e-06	0	0	0	0	8.69633275648e-06	8.69633275648e-06	0	
Even2;k__Bacteria;p__Spirochaetes;c__Spirochaetes;o__Spirochaetales;f__Spirochaetaceae;g__HAW-RM37	0	0	0	0	0	0	8.69633275648e-06	8.69633275648e-06	8.69633275648e-06	8.69633275648e-06	8.69633275648e-06	0	0	0	0	0	0	8.69633275648e-06	8.69633275648e-06	8.69633275648e-06	8.69633275648e-06	8.69633275648e-06	0	0	0	0	0	0	0	0	0	
Even2;k__Bacteria;p__Proteobacteria;c__Deltaproteobacteria;o__Desulfuromonadales;f__Desulfuromonadaceae;g__	0.0	0.0	0.0	0.0	0.0	0.0	0.0	0.0	0.0	0.0	0.0	0.0	0	0	0	0	0	0.0	0.0	0.0	0.0	0.0	0.0	0	0	0	0	0	0.0	0.0	0	
Even2;k__Bacteria;p__TM6;c__SJA-4;o__;f__;g__	0.0	0.0	0.0	0.0	0.0	0	0	0	0	0	0	0	0	0	0	0	0	0	0	0	0	0	0	0	0	0	0	0	1.7392665513e-05	1.7392665513e-05	0	
Even2;k__Bacteria;p__Bacteroidetes;c__Cytophagia;o__Cytophagales;f__Flammeovirgaceae;g__	0.0	0.0	0.0	0.0	0.0	0.0	0.0	0.0	0.0	0.0	0	0	0	0	0	0	0	0.0	0.0	0.0	0	0	0	0	0	0	0	0	0.0	0.0	0	
Even2;k__Bacteria;p__Firmicutes;c__Clostridia;o__Halanaerobiales;f__Halobacteroidaceae;g__Natroniella	0	0	0	0	0	0	7.82669948083e-05	1.7392665513e-05	0	0	0	0	0	0	0	0	0	7.82669948083e-05	2.60889982694e-05	0	0	0	0	0	0	0	0	0	0	0	0	
Even2;k__Bacteria;p__Verrucomicrobia;c__[Spartobacteria];o__[Chthoniobacterales];f__[Chthoniobacteraceae];g__heteroC45_4W	0	0	0	0	0	0	2.60889982694e-05	0	0	0	0	0	0	0	0	0	0	2.60889982694e-05	0	0	0	0	0	0	0	0	0	0	0	0	0	
Even2;k__Bacteria;p__Verrucomicrobia;c__[Spartobacteria];o__[Chthoniobacterales];f__[Chthoniobacteraceae];Other	0	0	0	0	0	0	0	2.60889982694e-05	2.60889982694e-05	2.60889982694e-05	1.7392665513e-05	5.21779965389e-05	6.08743292953e-05	4.34816637824e-05	8.69633275648e-05	2.60889982694e-05	0.000121748658591	0	2.60889982694e-05	2.60889982694e-05	4.34816637824e-05	3.47853310259e-05	5.21779965389e-05	5.21779965389e-05	6.95706620518e-05	1.7392665513e-05	5.21779965389e-05	0.0	0.0	0	0	
Even2;k__Bacteria;p__BRC1;c__PRR-11;o__;f__;g__	5.21779965389e-05	5.21779965389e-05	5.21779965389e-05	5.21779965389e-05	0	0	0	0	0	0	0	0	0	0	0	0	0	0	0	0	0	0	0	0	0	0	0	0	0	0	0	
Even2;k__Bacteria;p__Bacteroidetes;c__Bacteroidia;o__Bacteroidales;f__S24-7;g__	5.21779965389e-05	5.21779965389e-05	5.21779965389e-05	5.21779965389e-05	5.21779965389e-05	8.69633275648e-06	8.69633275648e-06	8.69633275648e-06	8.69633275648e-06	0	0	0	0	0	0	0	0	8.69633275648e-06	8.69633275648e-06	8.69633275648e-06	8.69633275648e-06	0	0	0	0	0	0	0	8.69633275648e-06	4.34816637824e-05	0	
Even2;k__Bacteria;p__Actinobacteria;c__Actinobacteria;o__Actinomycetales;f__Micromonosporaceae;g__Virgisporangium	0	0	0	0	0	0	2.60889982694e-05	0	0	0	0	0	0	0	0	0	0	2.60889982694e-05	0	0	0	0	0	0	0	0	0	0	0	0	0	
Even2;k__Bacteria;p__Proteobacteria;c__Gammaproteobacteria;o__Oceanospirillales;f__Halomonadaceae;g__Candidatus Portiera	0.0	0.0	0.0	0.0	0.0	0.0	0	0	0	0	0	0	0	0	0	0	0	0.0	0.0	0.0	0.0	0.0	0	0	0	0	0	0	0.0	0.0	0	
Even2;k__Archaea;p__Crenarchaeota;c__Thermoprotei;o__Sulfolobales;f__Sulfolobaceae;g__Sulfolobus	0	0	0	0	0	0	7.82669948083e-05	8.69633275648e-06	0	0	0	0	0	0	0	0	0	7.82669948083e-05	0	0	0	0	0	0	0	0	0	0	0	0	0	
Even2;k__Bacteria;p__Acidobacteria;c__Acidobacteria-6;o__iii1-15;f__RB40;g__	0	0	0	0	0	0	8.69633275648e-06	8.69633275648e-06	8.69633275648e-06	8.69633275648e-06	8.69633275648e-06	8.69633275648e-06	0	0	0	0	0	8.69633275648e-06	8.69633275648e-06	8.69633275648e-06	8.69633275648e-06	8.69633275648e-06	8.69633275648e-06	8.69633275648e-06	0	0	0	0	0	0	0	
Even2;k__Bacteria;p__Gemmatimonadetes;c__Gemm-2;o__;f__;g__	6.95706620518e-05	6.95706620518e-05	6.95706620518e-05	6.95706620518e-05	6.95706620518e-05	0	0	0	0	0	0	0	0	0	0	0	0	0	0	0	0	0	0	0	0	0	0	0	0	0	0	
Even2;k__Bacteria;p__Proteobacteria;c__Alphaproteobacteria;o__Sphingomonadales;f__Erythrobacteraceae;g__	0.0	0.0	0.0	0.0	0.0	0.0	0	0	0	0	0	0	0	0	0	0	0	0	0	0	0	0	0	0	0	0	0	0	0.0	0.0	0	
Even2;k__Bacteria;p__Firmicutes;c__Erysipelotrichi;o__Erysipelotrichales;f__Erysipelotrichaceae;g__	0.0155055613048	0.0155055613048	0.0155055613048	0.0155055613048	0.0155055613048	0.0149750850067	0.0147228913567	0.0147228913567	0.0147228913567	0.0146707133602	0.0141228443965	0.0139663104069	0.0139402214086	0.0139141324104	0.000182622987886	0.000182622987886	0	0.0147228913567	0.0147228913567	0.014714195024	0.0146446243619	0.014140237062	0.0140271847362	0.0139489177414	0.0139141324104	0.0139141324104	0	0	0.0154533833083	0.0154446869755	0	
Even2;k__Bacteria;p__Proteobacteria;c__Deltaproteobacteria;o__Myxococcales;f__Polyangiaceae;g__Chondromyces	0	0	0	0	0	0	8.69633275648e-06	8.69633275648e-06	0	0	0	0	0	0	0	0	0	8.69633275648e-06	8.69633275648e-06	0	0	0	0	0	0	0	0	0	0	0	0	
Even2;k__Bacteria;p__Firmicutes;c__Clostridia;o__Clostridiales;f__Veillonellaceae;g__Dialister	0	0	0	0	0	0	0	0	0	0	0	0	0	0	0	0	0	0	0	0	0	0	0	0	0	0	0	0	0	8.69633275648e-06	0	
Even2;k__Bacteria;p__Firmicutes;c__Clostridia;o__Clostridiales;f__Lachnospiraceae;g__Roseburia	0.00668747988973	0.00668747988973	0.00668747988973	0.00668747988973	0.00668747988973	0.00668747988973	0.0321242532024	0.0321242532024	0.0321068605369	0.0320546825404	0.0319068448835	0.0314894209112	0.0309067666165	0.0299327773478	0.0253411136524	0.0242540720578	0.0152620639876	0.0321242532024	0.0321242532024	0.0321068605369	0.0320459862076	0.0319938082111	0.0314285465819	0.0307589289597	0.0302806306581	0.0253498099851	0.0250019566749	0.0	0.000156533989617	0.00408727639554	0.0441	
Even2;k__Bacteria;p__Firmicutes;c__Clostridia;o__Clostridiales;f__Clostridiaceae;g__Sarcina	0.000139141324104	0.000139141324104	0.000139141324104	0.000139141324104	0.000139141324104	0.000139141324104	0	0	0	0	0	0	0	0	0	0	0	0	0	0	0	0	0	0	0	0	0	0	0.000139141324104	0.000139141324104	0	
Even2;k__Bacteria;p__Bacteroidetes;c__Flavobacteriia;o__Flavobacteriales;f__Flavobacteriaceae;g__Polaribacter	2.60889982694e-05	2.60889982694e-05	2.60889982694e-05	2.60889982694e-05	2.60889982694e-05	2.60889982694e-05	4.34816637824e-05	4.34816637824e-05	3.47853310259e-05	4.34816637824e-05	3.47853310259e-05	3.47853310259e-05	1.7392665513e-05	1.7392665513e-05	0	0	0	4.34816637824e-05	4.34816637824e-05	4.34816637824e-05	3.47853310259e-05	3.47853310259e-05	3.47853310259e-05	3.47853310259e-05	1.7392665513e-05	1.7392665513e-05	0	0	4.34816637824e-05	4.34816637824e-05	0	
Even2;k__Bacteria;p__Actinobacteria;c__Actinobacteria;o__Actinomycetales;f__Micromonosporaceae;g__	1.7392665513e-05	1.7392665513e-05	1.7392665513e-05	1.7392665513e-05	1.7392665513e-05	1.7392665513e-05	0	0	0	0	0	0	0	0	0	0	0	0	0	0	0	0	0	0	0	0	0	0	1.7392665513e-05	1.7392665513e-05	0	
Even2;k__Bacteria;p__Bacteroidetes;c__Flavobacteriia;o__Flavobacteriales;f__Flavobacteriaceae;g__Bizionia	0	0	0	0	0	0	8.69633275648e-06	0	0	0	0	0	0	0	0	0	0	8.69633275648e-06	8.69633275648e-06	0	0	0	0	0	0	0	0	0	0	0	0	
Even2;k__Bacteria;p__Bacteroidetes;c__Cytophagia;o__Cytophagales;f__Flammeovirgaceae;g__Flexithrix	0	0	0	0	0	0	1.7392665513e-05	0	0	0	0	0	0	0	0	0	0	1.7392665513e-05	0	0	0	0	0	0	0	0	0	0	0	0	0	
Even2;k__Bacteria;p__Verrucomicrobia;c__[Methylacidiphilae];Other;Other;Other	0	0	0	0	0	0	0	0	0	1.7392665513e-05	0	0	0	0	0	0	0	0	0	1.7392665513e-05	0	0	0	0	0	0	0	0	0	0	0	
Even2;k__Bacteria;p__Firmicutes;c__Clostridia;o__Clostridiales;f__Christensenellaceae;g__	8.69633275648e-06	8.69633275648e-06	8.69633275648e-06	8.69633275648e-06	8.69633275648e-06	8.69633275648e-06	2.60889982694e-05	2.60889982694e-05	2.60889982694e-05	2.60889982694e-05	2.60889982694e-05	2.60889982694e-05	0	0	0	0	0	2.60889982694e-05	2.60889982694e-05	2.60889982694e-05	2.60889982694e-05	2.60889982694e-05	8.69633275648e-06	8.69633275648e-06	0	0	0	0	8.69633275648e-06	8.69633275648e-06	0	
Even2;k__Bacteria;p__Actinobacteria;c__Actinobacteria;o__Actinomycetales;f__Nocardioidaceae;Other	0	0	0	0	0	0	0	0	0	0	0	0	0	0.0	0.0	0	0	0	0	0	0	0	0.0	0.0	0.0	0.0	0.0	0	0	0	0	
Even2;k__Archaea;p__Crenarchaeota;c__Thaumarchaeota;o__Cenarchaeales;f__Cenarchaeaceae;g__Nitrosopumilus	0.0	0.0	0.0	0.0	0.0	0.0	0.0	0.0	0.0	0.0	0.0	0.0	0.0	0.0	0.0	0.0	0	0.0	0.0	0.0	0.0	0.0	0.0	0.0	0.0	0.0	0.0	0	0.0	0	0	
Even2;k__Bacteria;p__Proteobacteria;c__Gammaproteobacteria;o__Enterobacteriales;f__Enterobacteriaceae;g__Edwardsiella	0	0	0	0	0	0	0.0266020819021	0.0265064222417	0.0263672809176	0.0261585689315	0.0260107312746	3.47853310259e-05	4.34816637824e-05	0	0	0	0	0.0266020819021	0.0264890295762	0.0262977102556	0.0261063909349	0.0260107312746	4.34816637824e-05	1.7392665513e-05	0	0	0	0	0	0.0263498882521	0.0147	
Even2;k__Bacteria;p__Cyanobacteria;c__4C0d-2;o__;f__;g__	0	0	0	0	0	0	0.000104355993078	0	0	0	0	0	0	0	0	0	0	0.000104355993078	6.08743292953e-05	0	0	0	0	0	0	0	0	0	0	0	0	
Even2;k__Bacteria;p__Proteobacteria;c__Gammaproteobacteria;o__Chromatiales;f__Halothiobacillaceae;g__Halothiobacillus	0	0	0	0	0	0	5.21779965389e-05	5.21779965389e-05	0	0	0	0	0	0	0	0	0	5.21779965389e-05	5.21779965389e-05	5.21779965389e-05	0	0	0	0	0	0	0	0	0	0	0	
Even2;k__Bacteria;p__Chlorobi;c__Ignavibacteria;o__Ignavibacteriales;f__OTUb7;g__	0	0	0	0	0	0	1.7392665513e-05	1.7392665513e-05	1.7392665513e-05	0	0	0	0	0	0	0	0	1.7392665513e-05	1.7392665513e-05	0	0	0	0	0	0	0	0	0	0	0	0	
Even2;k__Bacteria;p__Bacteroidetes;c__Bacteroidia;o__Bacteroidales;f__[Paraprevotellaceae];Other	0	0	0	0	0	0	0	0	0	0.0	0	0	3.47853310259e-05	0	0	0	0	0	0	0	0.0	0	0	2.60889982694e-05	0	0	0	0	0	0	0	
Even2;k__Bacteria;p__Proteobacteria;c__Alphaproteobacteria;o__Caulobacterales;f__Caulobacteraceae;g__Phenylobacterium	0.0	0.0	0.0	0.0	0.0	0.0	0.0	0.0	0.0	0.0	0.0	0.0	0.0	0.0	0.0	0.0	0	0.0	0.0	0.0	0.0	0.0	0.0	0.0	0.0	0.0	0.0	0	0	0	0	
Even2;k__Bacteria;p__Proteobacteria;c__Betaproteobacteria;o__Burkholderiales;f__Comamonadaceae;g__Leptothrix	0	0	0	0	0	0	1.7392665513e-05	1.7392665513e-05	1.7392665513e-05	0	0	0	0	0	0	0	0	1.7392665513e-05	1.7392665513e-05	1.7392665513e-05	0	0	0	0	0	0	0	0	0	0	0	
Even2;k__Bacteria;p__Proteobacteria;c__Alphaproteobacteria;o__Rhizobiales;f__;g__	1.7392665513e-05	1.7392665513e-05	1.7392665513e-05	1.7392665513e-05	1.7392665513e-05	1.7392665513e-05	0	0	0	0	0	0	0	0	0	0	0	0	0	0	0	0	0	0	0	0	0	0	0	0	0	
Even2;k__Bacteria;p__Proteobacteria;c__Gammaproteobacteria;o__Acidithiobacillales;f__Acidithiobacillaceae;g__	0	0	0	0	0	0	0.0	0.0	0	0	0	0	0	0	0	0	0	0.0	0	0	0	0	0	0	0	0	0	0	0	0	0	
Even2;k__Bacteria;p__Proteobacteria;c__Gammaproteobacteria;o__Oceanospirillales;f__Saccharospirillaceae;g__Reinekea	0	0	0	0	0	0	4.34816637824e-05	0	0	0	0	0	0	0	0	0	0	4.34816637824e-05	4.34816637824e-05	0	0	0	0	0	0	0	0	0	0	0	0	
Even2;k__Bacteria;p__Planctomycetes;c__Planctomycetia;o__Gemmatales;f__Isosphaeraceae;Other	0	0	0	0	0	0	0	0	0	0	0	0	0	0.0	0	0	0	0	0	0	0	0	0	0.0	0.0	0	0	0	0	0	0	
Even2;k__Bacteria;p__Firmicutes;c__Clostridia;o__Clostridiales;f__Lachnospiraceae;g__	0.0867111339148	0.0867111339148	0.0867111339148	0.0867111339148	0.0867111339148	0.0859023749685	0.038924785418	0.0378986181527	0.0162708385874	0.0112269655886	0.00620918158812	0.000278282648207	0	0	0	0	0	0.038924785418	0.0378986181527	0.0164708542408	0.0105747406319	0.0101312276613	4.34816637824e-05	0	0	0	0	0	0.0631092868138	0.0625701141828	0	
Even2;k__Bacteria;p__Bacteroidetes;c__[Saprospirae];o__[Saprospirales];f__Saprospiraceae;g__	0.0	0.0	0.0	0.0	0.0	0.0	0.0	0.0	0.0	0.0	0.0	0.0	0	0	0	0	0	0.0	0.0	0.0	0.0	0.0	0.0	0	0	0	0	0	0.0	0.0	0	
Even2;k__Bacteria;p__Planctomycetes;c__OM190;o__agg27;f__;g__	8.69633275648e-06	8.69633275648e-06	8.69633275648e-06	8.69633275648e-06	8.69633275648e-06	8.69633275648e-06	8.69633275648e-06	8.69633275648e-06	8.69633275648e-06	8.69633275648e-06	0	0	0	0	0	0	0	8.69633275648e-06	8.69633275648e-06	8.69633275648e-06	0	0	0	0	0	0	0	0	8.69633275648e-06	8.69633275648e-06	0	
Even2;k__Bacteria;p__Proteobacteria;c__Alphaproteobacteria;o__Sphingomonadales;f__Sphingomonadaceae;Other	0	0	0	0	0	0	0	0	0.0	0.0	0.0	8.69633275648e-06	8.69633275648e-06	0.0	0.0	0.0	0.0	0	0	0.0	0.0	8.69633275648e-06	8.69633275648e-06	0.0	0.0	0.0	0.0	0.0	0.0	0.0	0	
Even2;k__Bacteria;p__Proteobacteria;c__Gammaproteobacteria;o__Enterobacteriales;f__Enterobacteriaceae;g__Morganella	8.69633275648e-06	8.69633275648e-06	8.69633275648e-06	8.69633275648e-06	8.69633275648e-06	8.69633275648e-06	0.00014783765686	0.000104355993078	5.21779965389e-05	2.60889982694e-05	2.60889982694e-05	1.7392665513e-05	0	0	0	0	0	0.00014783765686	0.000121748658591	6.08743292953e-05	2.60889982694e-05	2.60889982694e-05	0.0	0	0	0	0	0	8.69633275648e-06	1.7392665513e-05	0	
Even2;k__Bacteria;p__Proteobacteria;c__Betaproteobacteria;o__Methylophilales;f__Methylophilaceae;g__	2.60889982694e-05	2.60889982694e-05	2.60889982694e-05	2.60889982694e-05	2.60889982694e-05	2.60889982694e-05	2.60889982694e-05	2.60889982694e-05	2.60889982694e-05	2.60889982694e-05	2.60889982694e-05	2.60889982694e-05	2.60889982694e-05	0	0	0	0	2.60889982694e-05	2.60889982694e-05	2.60889982694e-05	2.60889982694e-05	2.60889982694e-05	2.60889982694e-05	2.60889982694e-05	0	0	0	0	2.60889982694e-05	2.60889982694e-05	0	
Even2;k__Bacteria;p__Proteobacteria;c__Deltaproteobacteria;o__Desulfobacterales;f__Desulfobacteraceae;g__Desulfococcus	1.7392665513e-05	1.7392665513e-05	1.7392665513e-05	1.7392665513e-05	1.7392665513e-05	0.0	0.0	0.0	0.0	0	0	0	0	0	0	0	0	0.0	0.0	0.0	0	0	0	0	0	0	0	0	1.7392665513e-05	1.7392665513e-05	0	
Even2;k__Bacteria;p__Verrucomicrobia;c__[Spartobacteria];o__[Chthoniobacterales];Other;Other	0	0	0	0	0	0	0	0	0	0	2.60889982694e-05	0	0.0	1.7392665513e-05	0.0	0	0	0	0	0	0	2.60889982694e-05	0	0	0	5.21779965389e-05	0	0.000104355993078	0	0	0	
Even2;k__Bacteria;p__Actinobacteria;c__Coriobacteriia;o__Coriobacteriales;f__Coriobacteriaceae;g__Collinsella	0.000217408318912	0.000217408318912	0.000217408318912	0.000217408318912	0.000217408318912	0.000208711986155	0.000217408318912	0.000217408318912	0.000217408318912	0.000217408318912	0.000217408318912	0.000208711986155	0.000208711986155	0.000208711986155	0.000208711986155	0.000200015653399	0	0.000217408318912	0.000217408318912	0.000217408318912	0.000217408318912	0.000217408318912	0.000217408318912	0.000208711986155	0.000208711986155	0.000208711986155	8.69633275648e-06	0	0.000217408318912	0.000217408318912	0	
Even2;k__Bacteria;p__Actinobacteria;c__Actinobacteria;o__Actinomycetales;f__Micromonosporaceae;Other	0	0	0	0	0	0	0	0	0	0	8.69633275648e-06	0	1.7392665513e-05	1.7392665513e-05	1.7392665513e-05	2.60889982694e-05	8.69633275648e-06	0	0	0	0	0	0	1.7392665513e-05	1.7392665513e-05	1.7392665513e-05	2.60889982694e-05	0	0	0	0	
Even2;k__Bacteria;p__Cyanobacteria;c__Oscillatoriophycideae;o__Oscillatoriales;f__Phormidiaceae;g__Phormidium	0.0	0.0	0.0	0.0	0.0	0.0	0.0	0.0	0.0	0.0	0.0	0.0	0.0	0.0	0.0	0	0	0.0	0.0	0.0	0.0	0.0	0.0	0.0	0.0	0.0	0	0	0.0	0.0	0	
Even2;k__Bacteria;p__Cyanobacteria;c__Oscillatoriophycideae;o__Chroococcales;Other;Other	0	0	0	0	0	0	0	0	0	0	0	0	0	0	0	0	0	0	8.69633275648e-06	0	0	0	0	0	0	0	0	0	0	0	0	
Even2;k__Bacteria;p__Actinobacteria;c__Thermoleophilia;Other;Other;Other	0	0	0	0	0	0	0	0	0	0	0	1.7392665513e-05	1.7392665513e-05	0	0	0	0	0	0	0	0	0	1.7392665513e-05	1.7392665513e-05	0	0	0	0	0	0	0	
Even2;k__Bacteria;p__Bacteroidetes;c__Flavobacteriia;o__Flavobacteriales;f__;g__	2.60889982694e-05	2.60889982694e-05	2.60889982694e-05	2.60889982694e-05	2.60889982694e-05	1.7392665513e-05	1.7392665513e-05	1.7392665513e-05	1.7392665513e-05	1.7392665513e-05	1.7392665513e-05	0	0	0	0	0	0	1.7392665513e-05	1.7392665513e-05	1.7392665513e-05	1.7392665513e-05	1.7392665513e-05	0	0	0	0	0	0	2.60889982694e-05	2.60889982694e-05	0	
Even2;k__Bacteria;p__Proteobacteria;c__Alphaproteobacteria;o__Rhizobiales;f__Beijerinckiaceae;g__Methylocella	0	0	0	0	0	0	8.69633275648e-06	0	0	0	0	0	0	0	0	0	0	8.69633275648e-06	0	0	0	0	0	0	0	0	0	0	0	0	0	
Even2;k__Bacteria;p__Acidobacteria;c__Solibacteres;o__Solibacterales;f__PK34;g__	0	0	0	0	0	0	0.0	0.0	0	0	0	0	0	0	0	0	0	0.0	0.0	0	0	0	0	0	0	0	0	0	0	0	0	
Even2;k__Bacteria;p__Bacteroidetes;c__Cytophagia;o__Cytophagales;f__[Amoebophilaceae];g__Candidatus Amoebophilus	0	0	0	0	0	0	0	0	0	0	0	0	0	0	0	0	0	0.0	0	0	0	0	0	0	0	0	0	0	0	0	0	
Even2;k__Bacteria;p__Actinobacteria;c__Acidimicrobiia;o__Acidimicrobiales;f__OCS155;g__	8.69633275648e-06	8.69633275648e-06	8.69633275648e-06	8.69633275648e-06	8.69633275648e-06	8.69633275648e-06	8.69633275648e-06	8.69633275648e-06	8.69633275648e-06	8.69633275648e-06	8.69633275648e-06	8.69633275648e-06	8.69633275648e-06	8.69633275648e-06	8.69633275648e-06	8.69633275648e-06	8.69633275648e-06	8.69633275648e-06	8.69633275648e-06	8.69633275648e-06	8.69633275648e-06	8.69633275648e-06	8.69633275648e-06	8.69633275648e-06	8.69633275648e-06	8.69633275648e-06	8.69633275648e-06	0	8.69633275648e-06	8.69633275648e-06	0	
Even2;k__Bacteria;p__Proteobacteria;c__Deltaproteobacteria;o__Myxococcales;f__Myxococcaceae;g__	8.69633275648e-06	8.69633275648e-06	8.69633275648e-06	8.69633275648e-06	8.69633275648e-06	8.69633275648e-06	8.69633275648e-06	8.69633275648e-06	8.69633275648e-06	8.69633275648e-06	8.69633275648e-06	8.69633275648e-06	8.69633275648e-06	8.69633275648e-06	8.69633275648e-06	8.69633275648e-06	0	8.69633275648e-06	8.69633275648e-06	8.69633275648e-06	8.69633275648e-06	8.69633275648e-06	8.69633275648e-06	8.69633275648e-06	8.69633275648e-06	8.69633275648e-06	0	0	8.69633275648e-06	8.69633275648e-06	0	
Even2;k__Bacteria;p__Firmicutes;c__Clostridia;o__Clostridiales;f__[Acidaminobacteraceae];g__WH1-8	0	0	0	0	0	0	8.69633275648e-06	8.69633275648e-06	8.69633275648e-06	8.69633275648e-06	8.69633275648e-06	8.69633275648e-06	0	0	0	0	0	8.69633275648e-06	8.69633275648e-06	8.69633275648e-06	8.69633275648e-06	8.69633275648e-06	0	0	0	0	0	0	0	0	0	
Even2;k__Bacteria;p__Proteobacteria;c__Gammaproteobacteria;o__Enterobacteriales;f__Enterobacteriaceae;g__Klebsiella	0.000260889982694	0.000260889982694	0.000260889982694	0.000260889982694	0.000260889982694	0.000260889982694	0.0069135845414	0.0069135845414	0.0069135845414	0.00676574688454	0.00673965788627	0.00228713551495	1.7392665513e-05	0	0	0	0	0.0069135845414	0.0069135845414	0.0069135845414	0.00679183588281	0.00606134393126	0.00226974284944	0.0015392508979	0	0	0	0	4.34816637824e-05	1.7392665513e-05	0	
Even2;k__Bacteria;p__Firmicutes;c__Clostridia;o__Clostridiales;f__Peptostreptococcaceae;g__Peptostreptococcus	0	0	0	0	0	0	0.000678313955005	0.000547868963658	0.000217408318912	9.56596603212e-05	8.69633275648e-06	0	0	0	0	0	0	0.000660921289492	0.000521779965389	0.000165230322373	1.7392665513e-05	8.69633275648e-06	0	0	0	0	0	0	0	0	0	
Even2;k__Archaea;p__Euryarchaeota;c__Methanopyri;o__Methanopyrales;f__Methanopyraceae;g__Methanopyrus	0	0	0	0	0	0	8.69633275648e-06	0.0	0	0	0	0	0	0	0	0	0	2.60889982694e-05	0.0	0	0	0	0	0	0	0	0	0	0	0	0	
Even2;k__Bacteria;p__Proteobacteria;c__Deltaproteobacteria;o__Desulfurellales;f__Desulfurellaceae;g__Desulfurella	0	0	0	0	0	0	8.69633275648e-06	0	0	0	0	0	0	0	0	0	0	8.69633275648e-06	0	0	0	0	0	0	0	0	0	0	0	0	0	
Even2;k__Bacteria;p__Planctomycetes;c__Planctomycetia;o__Pirellulales;f__Pirellulaceae;g__	0.0	0.0	0.0	0.0	0.0	0.0	0.0	0.0	0.0	0.0	0.0	0.0	0.0	0.0	0.0	0	0	0.0	0.0	0.0	0.0	0.0	0.0	0.0	0.0	0.0	0	0	0.0	0.0	0	
Even2;k__Bacteria;p__Firmicutes;c__Clostridia;o__Clostridiales;f__Ruminococcaceae;g__Faecalibacterium	0.000104355993078	0.000104355993078	0.000104355993078	0.000104355993078	0.000104355993078	0.000104355993078	0.0121661695263	0.0121574731936	0.0121487768608	0.0121313841953	0.0120618135332	0.0120096355367	0.0120096355367	0.0118704942126	0.00017392665513	0.000104355993078	9.56596603212e-05	0.0121661695263	0.0121574731936	0.0121487768608	0.0121487768608	0.0120618135332	0.0120444208677	0.0116965675575	0.000182622987886	0.000182622987886	0.000104355993078	9.56596603212e-05	8.69633275648e-06	1.7392665513e-05	0	
Even2;k__Bacteria;p__Actinobacteria;c__Actinobacteria;o__Actinomycetales;f__Microbacteriaceae;g__Agrococcus	0.0	0.0	0.0	0.0	0.0	0	0	0	0	0	0	0	0	0	0	0	0	0	0	0	0	0	0	0	0	0	0	0	0	0	0	
Even2;k__Bacteria;p__Acidobacteria;c__[Chloracidobacteria];o__RB41;Other;Other	0	0	0	0	0	0	0	0	0	0	0	0	0	0	1.7392665513e-05	1.7392665513e-05	0	0	0	0	0	8.69633275648e-06	0	0	0	1.7392665513e-05	1.7392665513e-05	0	0	0	0	
Even2;k__Bacteria;p__Proteobacteria;c__Betaproteobacteria;o__IS-44;f__;g__	0	0	0	0	0	0	0.0	0	0	0	0	0	0	0	0	0	0	0.0	0.0	0	0	0	0	0	0	0	0	0	0	0	0	
Even2;k__Bacteria;p__Proteobacteria;c__Betaproteobacteria;o__Burkholderiales;f__Burkholderiaceae;g__Salinispora	0	0	0	0	0	0	0.0	0.0	0.0	0.0	0.0	0.0	0	0	0	0	0	0.0	0.0	0.0	0.0	0.0	0	0	0	0	0	0	0	0	0	
Even2;k__Bacteria;p__Proteobacteria;c__Gammaproteobacteria;o__Enterobacteriales;f__Enterobacteriaceae;g__Serratia	0.000104355993078	0.000104355993078	0.000104355993078	0.000104355993078	0.000104355993078	9.56596603212e-05	0.000556565296415	0.000478298301606	0.000365245975772	0.000165230322373	8.69633275648e-06	0	0	0	0	0	0	0.000573957961927	0.000478298301606	0.000356549643016	0.00017392665513	3.47853310259e-05	0	0	0	0	0	0	6.08743292953e-05	6.08743292953e-05	0	
Even2;k__Bacteria;p__Proteobacteria;c__Gammaproteobacteria;o__Alteromonadales;f__[Chromatiaceae];g__Rheinheimera	0	0	0	0	0	0	2.60889982694e-05	0	0	0	0	0	0	0	0	0	0	2.60889982694e-05	2.60889982694e-05	0	0	0	0	0	0	0	0	0	0	0	0	
Even2;k__Bacteria;p__Firmicutes;c__Bacilli;o__Bacillales;f__Bacillaceae;g__Bacillus	0.00014783765686	0.00014783765686	0.00014783765686	0.00014783765686	0.00014783765686	8.69633275648e-06	0.000113052325834	9.56596603212e-05	0	0	0	0	0	0	0	0	0	0.000113052325834	0	0	0	0	0	0	0	0	0	0	8.69633275648e-06	8.69633275648e-06	0	
Even2;k__Bacteria;p__Firmicutes;c__AHT28;o__;f__;g__	0	0	0	0	0	0	8.69633275648e-06	8.69633275648e-06	0	0	0	0	0	0	0	0	0	8.69633275648e-06	8.69633275648e-06	0	8.69633275648e-06	0	0	0	0	0	0	0	0	0	0	
Even2;k__Bacteria;p__SAR406;c__AB16;o__Arctic96B-7;Other;Other	0	0	0	0	0	0	0	0	0	0	0	0	0	0	0.0	0	0	0	0	0	0	0	0	0	0	0.0	0	0	0	0	0	
Even2;k__Bacteria;p__Proteobacteria;c__Gammaproteobacteria;o__Xanthomonadales;f__Xanthomonadaceae;Other	0	0	0	0	0	0	0	0.000121748658591	0.000452209303337	0.000417423972311	4.34816637824e-05	5.21779965389e-05	6.95706620518e-05	0.000243497317181	0.000304371646477	0.00029567531372	0.000130444991347	0	0.000113052325834	0.000460905636093	9.56596603212e-05	4.34816637824e-05	4.34816637824e-05	7.82669948083e-05	0.000252193649938	0.000243497317181	0.00029567531372	0.000191319320642	0.00029567531372	0.000156533989617	0	
Even2;k__Bacteria;p__Bacteroidetes;c__[Saprospirae];o__[Saprospirales];f__Chitinophagaceae;g__Flavisolibacter	0.0	0.0	0.0	0.0	0.0	0.0	0.0	0.0	0.0	0.0	0	0	0	0	0	0	0	0.0	0.0	0.0	0.0	0.0	0	0	0	0	0	0	0	0	0	
Even2;k__Bacteria;p__Actinobacteria;c__Actinobacteria;o__Bifidobacteriales;f__Bifidobacteriaceae;g__Alloscardovia	0	0	0	0	0	0	1.7392665513e-05	0	0	0	0	0	0	0	0	0	0	1.7392665513e-05	0	0	0	0	0	0	0	0	0	0	0	0	0	
Even2;k__Bacteria;p__Verrucomicrobia;c__[Spartobacteria];o__[Chthoniobacterales];f__[Chthoniobacteraceae];g__Candidatus Xiphinematobacter	4.34816637824e-05	4.34816637824e-05	4.34816637824e-05	4.34816637824e-05	4.34816637824e-05	2.60889982694e-05	0	0	0	0	0	0	0	0	0	0	0	4.34816637824e-05	4.34816637824e-05	4.34816637824e-05	2.60889982694e-05	4.34816637824e-05	2.60889982694e-05	2.60889982694e-05	2.60889982694e-05	8.69633275648e-06	8.69633275648e-06	0	4.34816637824e-05	4.34816637824e-05	0	
Even2;k__Bacteria;p__Proteobacteria;c__Alphaproteobacteria;o__;f__;g__	8.69633275648e-06	8.69633275648e-06	8.69633275648e-06	8.69633275648e-06	8.69633275648e-06	0.0	0.0	0.0	0	0	0	0	0	0	0	0	0	0.0	0.0	0	0	0	0	0	0	0	0	0	0.0	0.0	0	
Even2;k__Bacteria;p__Bacteroidetes;c__Flavobacteriia;o__Flavobacteriales;Other;Other	0	0	0	0	0	0	0	7.82669948083e-05	9.56596603212e-05	0	0	1.7392665513e-05	8.69633275648e-06	8.69633275648e-06	2.60889982694e-05	1.7392665513e-05	0	0	2.60889982694e-05	0	0	0	2.60889982694e-05	8.69633275648e-06	5.21779965389e-05	1.7392665513e-05	1.7392665513e-05	0	0	0	0	
Even2;k__Bacteria;p__Proteobacteria;c__Gammaproteobacteria;o__Chromatiales;f__Chromatiaceae;g__Chromatium	0	0	0	0	0	0	3.47853310259e-05	0	0	0	0	0	0	0	0	0	0	3.47853310259e-05	3.47853310259e-05	3.47853310259e-05	0	0	0	0	0	0	0	0	0	0	0	
Even2;k__Bacteria;p__Bacteroidetes;c__Bacteroidia;o__Bacteroidales;f__[Odoribacteraceae];g__Butyricimonas	6.95706620518e-05	6.95706620518e-05	6.95706620518e-05	6.95706620518e-05	6.95706620518e-05	0	0	0	0	0	0	0	0	0	0	0	0	0	0	0	0	0	0	0	0	0	0	0	0	0	0	
Even2;k__Bacteria;p__Proteobacteria;c__Betaproteobacteria;o__Methylophilales;f__;g__	0	0	0	0	0	0	0.0	0.0	0	0	0	0	0	0	0	0	0	0.0	0.0	0	0	0	0	0	0	0	0	0	0	0	0	
Even2;k__Bacteria;p__Proteobacteria;c__Alphaproteobacteria;o__Rhodospirillales;f__Acetobacteraceae;g__Acetobacter	0	0	0	0	0	0	2.60889982694e-05	0	0	0	0	0	0	0	0	0	0	2.60889982694e-05	0	0	0	0	0	0	0	0	0	0	0	0	0	
Even2;k__Bacteria;p__Planctomycetes;c__Planctomycetia;o__Planctomycetales;f__Planctomycetaceae;g__Planctomyces	0.0	0.0	0.0	0.0	0.0	0.0	0.0	0.0	0.0	0.0	0.0	0.0	0.0	0.0	0.0	0.0	0.0	0.0	0.0	0.0	0.0	0.0	0.0	0.0	0.0	0.0	0.0	0	0.0	0.0	0	
Even2;k__Bacteria;p__Cyanobacteria;c__Chloroplast;o__Streptophyta;f__;g__	8.69633275648e-06	8.69633275648e-06	8.69633275648e-06	8.69633275648e-06	8.69633275648e-06	8.69633275648e-06	8.69633275648e-06	8.69633275648e-06	8.69633275648e-06	8.69633275648e-06	8.69633275648e-06	8.69633275648e-06	8.69633275648e-06	8.69633275648e-06	8.69633275648e-06	0.0	0	8.69633275648e-06	8.69633275648e-06	8.69633275648e-06	8.69633275648e-06	8.69633275648e-06	8.69633275648e-06	8.69633275648e-06	8.69633275648e-06	0.0	0.0	0	8.69633275648e-06	8.69633275648e-06	0	
Even2;k__Bacteria;p__Verrucomicrobia;c__[Pedosphaerae];o__[Pedosphaerales];f__Ellin517;g__	8.69633275648e-06	8.69633275648e-06	8.69633275648e-06	8.69633275648e-06	8.69633275648e-06	8.69633275648e-06	8.69633275648e-06	8.69633275648e-06	8.69633275648e-06	8.69633275648e-06	8.69633275648e-06	8.69633275648e-06	8.69633275648e-06	8.69633275648e-06	8.69633275648e-06	0	0	8.69633275648e-06	8.69633275648e-06	8.69633275648e-06	8.69633275648e-06	8.69633275648e-06	8.69633275648e-06	8.69633275648e-06	8.69633275648e-06	8.69633275648e-06	0	0	8.69633275648e-06	8.69633275648e-06	0	
Even2;k__Bacteria;p__Firmicutes;Other;Other;Other;Other	0	0	0	0	0	0	0	0.000156533989617	0.000391334974041	0.000643528623979	0.00153055456514	0.000800062613596	0.00131314624623	0.00178274821508	0.00180883721335	0.00900070440295	0.000434816637824	0	4.34816637824e-05	0.000434816637824	0.00100007826699	0.00113052325834	0.00144359123758	0.00100877459975	0.00199146020123	0.00140010957379	0.00884417041334	0.0214538529102	8.69633275648e-06	0	0	
Even2;k__Archaea;p__Euryarchaeota;c__Halobacteria;o__Halobacteriales;f__Halobacteriaceae;Other	0	0	0	0	0	0	0	8.69633275648e-06	0	0	0	0	0	0	0	0	0	0	8.69633275648e-06	0	0	0	0	0	0	0	0	0	0	0	0	
Even2;k__Bacteria;p__Proteobacteria;c__Gammaproteobacteria;o__Pseudomonadales;f__Moraxellaceae;g__Enhydrobacter	0.0	0.0	0.0	0.0	0.0	0.0	0.0	0.0	0.0	0.0	0.0	0.0	0.0	0.0	0.0	0.0	0	0.0	0.0	0.0	0.0	0.0	0.0	0.0	0.0	0.0	0.0	0	0.0	0.0	0	
Even2;k__Bacteria;p__Proteobacteria;c__Gammaproteobacteria;o__Oceanospirillales;f__Oceanospirillaceae;g__	0.0	0.0	0.0	0.0	0.0	0.0	0	0	0	0	0	0	0	0	0	0	0	0	0	0	0	0	0	0	0	0	0	0	0	0	0	
Even2;k__Bacteria;p__Proteobacteria;c__Gammaproteobacteria;o__Xanthomonadales;f__Xanthomonadaceae;g__Lysobacter	0.0	0.0	0.0	0.0	0.0	0.0	0.000260889982694	0.000260889982694	0.000260889982694	0.000260889982694	0.000260889982694	0.000260889982694	0.000243497317181	6.08743292953e-05	0	0	0	0.000260889982694	0.000260889982694	0.000260889982694	0.000260889982694	0.000260889982694	0.000260889982694	0.000234800984425	6.08743292953e-05	6.08743292953e-05	0	0	0.0	0.000139141324104	0	
Even2;k__Bacteria;p__Proteobacteria;c__Betaproteobacteria;o__Burkholderiales;f__Comamonadaceae;g__Diaphorobacter	0	0	0	0	0	0	0.0	0.0	0.0	0.0	0	0	0	0	0	0	0	0.0	0.0	0.0	0	0	0	0	0	0	0	0	0	0	0	
Even2;k__Bacteria;p__Acidobacteria;c__[Chloracidobacteria];o__RB41;f__Ellin6075;g__	1.7392665513e-05	1.7392665513e-05	1.7392665513e-05	1.7392665513e-05	1.7392665513e-05	1.7392665513e-05	0	0	0	0	0	0	0	0	0	0	0	0	0	0	0	0	0	0	0	0	0	0	1.7392665513e-05	1.7392665513e-05	0	
Even2;k__Bacteria;p__Bacteroidetes;c__[Saprospirae];Other;Other;Other	0	0	0	0	0	0	0	0	0	0	0	0	0	1.7392665513e-05	0	0	0	0	0	0	0	0	0	0	0	0	0	0	0	0	0	
Even2;k__Bacteria;p__Firmicutes;c__Clostridia;o__Clostridiales;f__Veillonellaceae;g__Veillonella	5.21779965389e-05	5.21779965389e-05	5.21779965389e-05	5.21779965389e-05	5.21779965389e-05	5.21779965389e-05	5.21779965389e-05	5.21779965389e-05	5.21779965389e-05	5.21779965389e-05	5.21779965389e-05	5.21779965389e-05	5.21779965389e-05	5.21779965389e-05	5.21779965389e-05	5.21779965389e-05	4.34816637824e-05	5.21779965389e-05	5.21779965389e-05	5.21779965389e-05	5.21779965389e-05	5.21779965389e-05	5.21779965389e-05	5.21779965389e-05	5.21779965389e-05	5.21779965389e-05	5.21779965389e-05	3.47853310259e-05	5.21779965389e-05	2.60889982694e-05	0	
Even2;k__Bacteria;p__Proteobacteria;c__Alphaproteobacteria;o__Rhodobacterales;Other;Other	0	0	0	0	0	0	0	0	0	0	0	0	0	0	3.47853310259e-05	0	1.7392665513e-05	0	0	0	0	0	0	0	0	0	0	0	0	0	0	
Even2;k__Bacteria;p__Actinobacteria;c__Thermoleophilia;o__Solirubrobacterales;f__Solirubrobacteraceae;g__	0	0	0	0	0	0	0	0	0	0	0	0	0	0	0	0	0	0	0	0	0	0	0	0	0	0	0	0	1.7392665513e-05	1.7392665513e-05	0	
Even2;k__Bacteria;p__Bacteroidetes;c__Bacteroidia;o__Bacteroidales;f__RF16;g__	8.69633275648e-06	8.69633275648e-06	8.69633275648e-06	8.69633275648e-06	8.69633275648e-06	0	0	0	0	0	0	0	0	0	0	0	0	0	0	0	0	0	0	0	0	0	0	0	8.69633275648e-06	8.69633275648e-06	0	
Even2;k__Bacteria;p__Proteobacteria;c__Alphaproteobacteria;o__Sphingomonadales;f__Erythrobacteraceae;g__Erythromicrobium	0	0	0	0	0	0	0.000217408318912	0	0	0	0	0	0	0	0	0	0	0.000252193649938	0	0	0	0	0	0	0	0	0	0	0	0	0	
Even2;k__Bacteria;p__Proteobacteria;c__Alphaproteobacteria;o__Rhizobiales;f__Hyphomicrobiaceae;Other	0	0	0	0	0	0	0	0	0	0	0	0	0	0	0	1.7392665513e-05	0	0	0	0	0	0	0	0	0	0	0	0	0	0	0	
Even2;k__Bacteria;p__Firmicutes;c__Bacilli;o__Bacillales;f__Planococcaceae;g__	1.7392665513e-05	1.7392665513e-05	1.7392665513e-05	1.7392665513e-05	1.7392665513e-05	0	0	0	0	0	0	0	0	0	0	0	0	0	0	0	0	0	0	0	0	0	0	0	0	0	0	
Even2;k__Bacteria;p__Proteobacteria;c__Betaproteobacteria;o__Burkholderiales;f__Oxalobacteraceae;g__	8.69633275648e-06	8.69633275648e-06	8.69633275648e-06	8.69633275648e-06	8.69633275648e-06	8.69633275648e-06	0	0	0	0	0	0	0	0	0	0	0	0	0	0	0	0	0	0	0	0	0	0	3.47853310259e-05	3.47853310259e-05	0	
Even2;k__Bacteria;p__Proteobacteria;c__Gammaproteobacteria;o__Alteromonadales;f__Alteromonadaceae;g__Umboniibacter	0	0	0	0	0	0	0.0	0	0	0	0	0	0	0	0	0	0	0.0	0.0	0	0	0	0	0	0	0	0	0	0	0	0	
Even2;k__Bacteria;p__Proteobacteria;c__Gammaproteobacteria;o__Aeromonadales;f__Aeromonadaceae;Other	0	0	0	0	0	0	0	0	0	0	2.60889982694e-05	0	0	0	0	0	0	0	0	0	0	2.60889982694e-05	0	0	0	0	0	0	0	0	0	
Even2;k__Archaea;p__Crenarchaeota;Other;Other;Other;Other	0	0	0	0	0	0	0	0	0.0	0	0	0	0	0	0	0.0	0	0	0	7.82669948083e-05	0	0	0	0	0	0	0	0.0	0	0	0	
Even2;k__Bacteria;p__Firmicutes;c__Clostridia;o__Halanaerobiales;f__Halobacteroidaceae;Other	0	0	0	0	0	0	0	0	8.69633275648e-06	0	0	0	0	0	0	0	0	0	0	8.69633275648e-06	0	0	0	0	0	0	0	0	0	0	0	
Even2;k__Bacteria;p__Proteobacteria;c__Deltaproteobacteria;o__Desulfobacterales;f__Desulfobacteraceae;g__	0.0	0.0	0.0	0.0	0.0	0.0	0.0	0.0	0.0	0	0	0	0	0	0	0	0	0.0	0.0	0.0	0.0	0	0	0	0	0	0	0	0	0	0	
Even2;k__Bacteria;p__Acidobacteria;c__Solibacteres;o__Solibacterales;f__Solibacteraceae;g__Candidatus Solibacter	8.69633275648e-06	8.69633275648e-06	8.69633275648e-06	8.69633275648e-06	8.69633275648e-06	8.69633275648e-06	0	0	0	0	0	0	0	0	0	0	0	8.69633275648e-06	8.69633275648e-06	8.69633275648e-06	8.69633275648e-06	8.69633275648e-06	8.69633275648e-06	0.0	0.0	0.0	0.0	0	8.69633275648e-06	8.69633275648e-06	0	
Even2;k__Bacteria;p__Acidobacteria;c__Solibacteres;o__Solibacterales;f__;g__	2.60889982694e-05	2.60889982694e-05	2.60889982694e-05	2.60889982694e-05	2.60889982694e-05	2.60889982694e-05	8.69633275648e-06	8.69633275648e-06	8.69633275648e-06	8.69633275648e-06	0	0	0	0	0	0	0	8.69633275648e-06	8.69633275648e-06	8.69633275648e-06	8.69633275648e-06	0	0	0	0	0	0	0	2.60889982694e-05	2.60889982694e-05	0	
Even2;k__Bacteria;p__Firmicutes;c__Bacilli;o__Bacillales;f__;g__	8.69633275648e-06	8.69633275648e-06	8.69633275648e-06	8.69633275648e-06	8.69633275648e-06	0	0	0	0	0	0	0	0	0	0	0	0	0	0	0	0	0	0	0	0	0	0	0	0	0	0	
Even2;k__Bacteria;p__Proteobacteria;c__Deltaproteobacteria;o__Desulfuromonadales;f__Geobacteraceae;g__	0.0	0.0	0.0	0.0	0.0	0.0	0	0	0	0	0	0	0	0	0	0	0	0	0	0	0	0	0	0	0	0	0	0	0.0	0.0	0	
Even2;k__Bacteria;p__Proteobacteria;c__Alphaproteobacteria;o__Rhizobiales;f__Bradyrhizobiaceae;g__Bradyrhizobium	1.7392665513e-05	1.7392665513e-05	1.7392665513e-05	1.7392665513e-05	0	0	3.47853310259e-05	3.47853310259e-05	3.47853310259e-05	3.47853310259e-05	3.47853310259e-05	3.47853310259e-05	3.47853310259e-05	3.47853310259e-05	3.47853310259e-05	3.47853310259e-05	0	3.47853310259e-05	3.47853310259e-05	3.47853310259e-05	3.47853310259e-05	3.47853310259e-05	3.47853310259e-05	3.47853310259e-05	3.47853310259e-05	3.47853310259e-05	3.47853310259e-05	0	0	0	0	
Even2;k__Bacteria;p__Acidobacteria;c__Solibacteres;o__Solibacterales;f__Solibacteraceae;Other	0	0	0	0	0	0	8.69633275648e-06	8.69633275648e-06	8.69633275648e-06	8.69633275648e-06	8.69633275648e-06	8.69633275648e-06	0.0	0.0	0.0	0	0	0	0	0	0	0	0	0	0	0	0	0	0	0	0	
Even2;k__Bacteria;p__Actinobacteria;c__Actinobacteria;o__Actinomycetales;f__Yaniellaceae;g__	0	0	0	0	0	0	0.0	0	0	0	0	0	0	0	0	0	0	0.0	0	0	0	0	0	0	0	0	0	0	0	0	0	
Even2;k__Bacteria;p__Bacteroidetes;c__Bacteroidia;o__Bacteroidales;f__Porphyromonadaceae;g__Dysgonomonas	1.7392665513e-05	1.7392665513e-05	1.7392665513e-05	1.7392665513e-05	1.7392665513e-05	1.7392665513e-05	3.47853310259e-05	1.7392665513e-05	1.7392665513e-05	8.69633275648e-06	8.69633275648e-06	0	0	0	0	0	0	3.47853310259e-05	1.7392665513e-05	1.7392665513e-05	8.69633275648e-06	8.69633275648e-06	0	0	0	0	0	0	8.69633275648e-06	8.69633275648e-06	0	
Even2;k__Bacteria;p__Proteobacteria;c__Alphaproteobacteria;o__Rhizobiales;f__Beijerinckiaceae;g__Chelatococcus	0	0	0	0	0	0	4.34816637824e-05	0	0	0	0	0	0	0	0	0	0	4.34816637824e-05	0	0	0	0	0	0	0	0	0	0	0	0	0	
Even2;k__Bacteria;p__Proteobacteria;c__Gammaproteobacteria;o__Enterobacteriales;f__Enterobacteriaceae;g__Proteus	0.023532276439	0.023532276439	0.023532276439	0.023532276439	0.023532276439	0.0233931351149	0.0231670304633	0.0231670304633	0.0230713708029	0.0230365854719	0.0229496221443	0.0226365541651	0.0225061091738	0.02246262751	0.0222800045221	0.0222713081893	0.0198015496865	0.0231670304633	0.0231670304633	0.0231583341305	0.0230278891392	0.0227409101582	0.0225930725013	0.02246262751	0.0223408788514	0.0223060935204	0.0198015496865	0.0198015496865	0.0235757581028	0.0237583810907	0.0147	
Even2;k__Bacteria;p__Proteobacteria;c__Betaproteobacteria;o__Burkholderiales;f__Burkholderiaceae;Other	0	0	0	0	0	0	0	0	0	0	0	0	0.0	0.0	0	0	0	0	0	0	0	0	0.0	0.0	0.0	0	0	0	0.0	0.0	0	
Even2;k__Bacteria;p__Bacteroidetes;c__[Saprospirae];o__[Saprospirales];f__Chitinophagaceae;Other	0	0	0	0	0	0	0	0	0.0	0.0	5.21779965389e-05	0.000104355993078	0.000130444991347	9.56596603212e-05	8.69633275648e-05	5.21779965389e-05	0.0	0	0	0	2.60889982694e-05	5.21779965389e-05	0.000104355993078	0.000121748658591	9.56596603212e-05	6.08743292953e-05	6.95706620518e-05	8.69633275648e-06	0.0	8.69633275648e-06	0	
Even2;k__Bacteria;p__Firmicutes;c__Bacilli;o__Lactobacillales;f__Aerococcaceae;g__Aerococcus	0	0	0	0	0	0	0	0	0	0	0	0	0	0	0	0	0	0	0	0	0	0	0	0	0	0	0	0	0	0.0	0	
Even2;k__Bacteria;p__Actinobacteria;c__Actinobacteria;o__Actinomycetales;f__Actinomycetaceae;Other	0	0	0	0	0	0	0	0	0	0	0	0	0	0	0	0	0	0	8.69633275648e-06	8.69633275648e-06	0	0	0	0	0	0	0	0	0	0	0	
Even2;k__Bacteria;p__Armatimonadetes;c__0319-6E2;o__;f__;g__	2.60889982694e-05	2.60889982694e-05	2.60889982694e-05	2.60889982694e-05	0.0	0.0	0.0	0.0	0.0	0.0	0	0	0	0	0	0	0	0.0	0.0	0.0	0.0	0	0	0	0	0	0	0	0.0	0.0	0	
Even2;k__Bacteria;p__Proteobacteria;c__Betaproteobacteria;o__Methylophilales;f__Methylophilaceae;Other	0	0	0	0	0	0	0	0	0	0	0	0	0	2.60889982694e-05	0	0	0	0	0	0	0	0	0	0	2.60889982694e-05	0	2.60889982694e-05	0	0	0	0	
Even2;k__Bacteria;p__Proteobacteria;c__Gammaproteobacteria;o__Alteromonadales;f__OM60;g__Congregibacter	0.0	0.0	0.0	0.0	0.0	0.0	0	0	0	0	0	0	0	0	0	0	0	0	0	0	0	0	0	0	0	0	0	0	0	0	0	
Even2;k__Bacteria;p__Bacteroidetes;c__Flavobacteriia;o__Flavobacteriales;f__Flavobacteriaceae;g__Psychroserpens	0	0	0	0	0	0	2.60889982694e-05	2.60889982694e-05	2.60889982694e-05	0	0	0	0	0	0	0	0	2.60889982694e-05	2.60889982694e-05	2.60889982694e-05	2.60889982694e-05	0	0	0	0	0	0	0	0	0	0	
Even2;k__Bacteria;p__Proteobacteria;c__Gammaproteobacteria;o__Pasteurellales;f__Pasteurellaceae;g__Bibersteinia	0	0	0	0	0	0	3.47853310259e-05	2.60889982694e-05	0	0	0	0	0	0	0	0	0	3.47853310259e-05	1.7392665513e-05	0	0	0	0	0	0	0	0	0	0	0	0	
Even2;k__Bacteria;p__Cyanobacteria;c__Oscillatoriophycideae;o__Chroococcales;f__Microcystaceae;g__Microcystis	8.69633275648e-06	8.69633275648e-06	8.69633275648e-06	8.69633275648e-06	8.69633275648e-06	8.69633275648e-06	8.69633275648e-06	8.69633275648e-06	8.69633275648e-06	8.69633275648e-06	8.69633275648e-06	8.69633275648e-06	8.69633275648e-06	8.69633275648e-06	8.69633275648e-06	8.69633275648e-06	0	8.69633275648e-06	8.69633275648e-06	8.69633275648e-06	8.69633275648e-06	8.69633275648e-06	8.69633275648e-06	8.69633275648e-06	8.69633275648e-06	8.69633275648e-06	8.69633275648e-06	8.69633275648e-06	8.69633275648e-06	8.69633275648e-06	0	
Even2;k__Bacteria;p__Proteobacteria;c__Betaproteobacteria;o__Burkholderiales;f__Oxalobacteraceae;g__Janthinobacterium	0	0	0	0	0	0	0.0	0.0	0.0	0.0	0.0	0.0	0.0	0.0	0.0	0.0	0	0.0	0.0	0.0	0.0	0.0	0.0	0.0	0.0	0.0	0.0	0	0.0	0.0	0	
Even2;k__Bacteria;p__Caldithrix;c__Caldithrixae;o__Caldithrixales;f__Caldithrixaceae;g__	0.0	0.0	0.0	0.0	0.0	0.0	0.0	0.0	0.0	0.0	0	0.0	0	0	0	0	0	0.0	0.0	0.0	0.0	0.0	0.0	0	0	0	0	0	0.0	0.0	0	
Even2;k__Archaea;p__[Parvarchaeota];c__[Parvarchaea];o__WCHD3-30;f__;g__	0.0	0.0	0.0	0.0	0.0	0	0.0	0.0	0.0	0.0	0.0	0.0	0.0	0.0	0.0	0.0	0	0.0	0.0	0.0	0.0	0.0	0.0	0.0	0.0	0.0	0	0	0.0	0.0	0	
Even2;k__Bacteria;p__Cyanobacteria;c__Chloroplast;Other;Other;Other	0	0	0	0	0	0	0	0	0.0	0.0	0.0	0.0	0.0	0.0	8.69633275648e-06	1.7392665513e-05	8.69633275648e-06	0	0	0.0	0.0	0.0	0.0	0.0	0.0	8.69633275648e-06	8.69633275648e-06	0	0	0	0	
Even2;k__Bacteria;p__Firmicutes;c__Clostridia;o__Clostridiales;f__Sulfobacillaceae;g__Sulfobacillus	0	0	0	0	0	0	1.7392665513e-05	0	0	0	0	0	0	0	0	0	0	1.7392665513e-05	0	0	0	0	0	0	0	0	0	0	0	0	0	
Even2;k__Bacteria;p__Armatimonadetes;c__[Fimbriimonadia];o__[Fimbriimonadales];f__[Fimbriimonadaceae];Other	0	0	0	0	0	0	0	0	0	0	0	0	0	0	8.69633275648e-06	0	0	0	0	0	0	0	0	0	0	0	0	0	0	0	0	
Even2;k__Bacteria;p__Proteobacteria;c__Gammaproteobacteria;o__Enterobacteriales;f__Enterobacteriaceae;g__	0.111878320912	0.111878320912	0.111878320912	0.111878320912	0.111878320912	0.111226095955	0.00403509839901	0.000678313955005	0.000121748658591	0	0	0	0	0	0	0	0	0.00403509839901	0.000704402953275	0.000113052325834	8.69633275648e-06	0	0	0	0	0	0	0	0.0223756641824	0.0225843761686	0.0147	
Even2;k__Bacteria;p__FBP;c__;o__;f__;g__	3.47853310259e-05	3.47853310259e-05	3.47853310259e-05	3.47853310259e-05	3.47853310259e-05	0	0	0	0	0	0	0	0	0	0	0	0	0	0	0	0	0	0	0	0	0	0	0	0	0	0	
Even2;k__Bacteria;p__Proteobacteria;c__Deltaproteobacteria;o__Syntrophobacterales;f__;g__	0	0	0	0	0	0	0.0	0	0	0	0	0	0	0	0	0	0	0.0	0	0	0	0	0	0	0	0	0	0	0	0	0	
Even2;k__Bacteria;p__Firmicutes;c__Clostridia;Other;Other;Other	0	0	0	0	0	0	0	0.000339156977503	0.000365245975772	0.000260889982694	0.000191319320642	0.000200015653399	0.000191319320642	0.00029567531372	0.000330460644746	0.00103486359802	0.00605264759851	0	0.000408727639554	0.000391334974041	0.000260889982694	0.000339156977503	0.000182622987886	0.000382638641285	0.000417423972311	0.000260889982694	0.00029567531372	6.08743292953e-05	0	0	0	
Even2;k__Bacteria;p__Actinobacteria;c__Actinobacteria;o__Actinomycetales;f__Nocardioidaceae;g__Kribbella	0.0	0.0	0.0	0.0	0.0	0.0	0.0	0.0	0.0	0.0	0.0	0.0	0.0	0	0	0	0	0.0	0.0	0.0	0.0	0.0	0	0	0	0	0	0	0.0	0.0	0	
Even2;k__Bacteria;p__Firmicutes;c__Clostridia;o__Clostridiales;f__Eubacteriaceae;g__Anaerofustis	0.000373942308528	0.000373942308528	0.000373942308528	0.000373942308528	0.000373942308528	0.000269586315451	0.00814846379282	0.00814846379282	0.00813976746006	0.00806150046525	0.00798323347045	0.00773103982051	0.00764407649294	0.00760059482916	0.00729622318268	0.00729622318268	0	0.00814846379282	0.00813976746006	0.00812237479455	0.00802671513423	0.00794844813942	0.00769625448948	0.00766146915846	0.00762668382743	0.00730491951544	0.00727013418441	0.00726143785166	0.000504387299876	0.00783539581359	0.0147	
Even2;k__Bacteria;p__Actinobacteria;c__Acidimicrobiia;o__Acidimicrobiales;Other;Other	0	0	0	0	0	0	0	0.0	0	0	0	0	0	0	0	0	0	0	0	0	0	0	0	0	0	0	0	0	0	0.0	0	
Even2;k__Bacteria;p__Armatimonadetes;c__[Fimbriimonadia];o__[Fimbriimonadales];Other;Other	0	0	0	0	0	0	0	0	0	0	0	0	0	0	0	8.69633275648e-06	0	0	0	0	0	0	0	0	0	0	8.69633275648e-06	0	0	0	0	
Even2;k__Bacteria;p__Proteobacteria;c__Deltaproteobacteria;o__Myxococcales;Other;Other	0	0	0	0	0	0	0	0	0	0	8.69633275648e-06	0	1.7392665513e-05	8.69633275648e-06	8.69633275648e-06	0	0	0	0	0	0	0	1.7392665513e-05	1.7392665513e-05	8.69633275648e-06	0	0	0	0	0	0	
Even2;k__Bacteria;p__Proteobacteria;c__Alphaproteobacteria;o__Rhizobiales;f__Hyphomicrobiaceae;g__Pedomicrobium	8.69633275648e-06	8.69633275648e-06	8.69633275648e-06	8.69633275648e-06	8.69633275648e-06	8.69633275648e-06	8.69633275648e-06	8.69633275648e-06	8.69633275648e-06	8.69633275648e-06	8.69633275648e-06	8.69633275648e-06	8.69633275648e-06	8.69633275648e-06	8.69633275648e-06	8.69633275648e-06	0	8.69633275648e-06	8.69633275648e-06	8.69633275648e-06	8.69633275648e-06	8.69633275648e-06	8.69633275648e-06	8.69633275648e-06	8.69633275648e-06	8.69633275648e-06	8.69633275648e-06	0	8.69633275648e-06	8.69633275648e-06	0	
Even2;k__Bacteria;p__Proteobacteria;c__Gammaproteobacteria;o__Xanthomonadales;f__Xanthomonadaceae;g__Rhodanobacter	2.60889982694e-05	2.60889982694e-05	2.60889982694e-05	2.60889982694e-05	2.60889982694e-05	0	0.000426120305067	0.000400031306798	2.60889982694e-05	0	0	0	0	0	0	0	0	0.000426120305067	0.000426120305067	2.60889982694e-05	0	0	0	0	0	0	0	0	2.60889982694e-05	2.60889982694e-05	0	
Even2;k__Bacteria;p__Proteobacteria;c__Betaproteobacteria;o__Burkholderiales;f__Comamonadaceae;g__Simplicispira	0	0	0	0	0	0	8.69633275648e-06	8.69633275648e-06	8.69633275648e-06	8.69633275648e-06	0	0	0	0	0	0	0	8.69633275648e-06	8.69633275648e-06	8.69633275648e-06	8.69633275648e-06	0.0	0	0	0	0	0	0	0	0	0	
Even2;k__Bacteria;p__Actinobacteria;c__Actinobacteria;o__Actinomycetales;Other;Other	0	0	0	0	0	0	0	0.000208711986155	0.000234800984425	0.00017392665513	0.00017392665513	8.69633275648e-05	3.47853310259e-05	2.60889982694e-05	5.21779965389e-05	4.34816637824e-05	9.56596603212e-05	0	0.000156533989617	0.000234800984425	0.00014783765686	0.000113052325834	0.000113052325834	3.47853310259e-05	3.47853310259e-05	5.21779965389e-05	4.34816637824e-05	0.000156533989617	2.60889982694e-05	2.60889982694e-05	0	
Even2;k__Bacteria;p__Firmicutes;c__Clostridia;o__Clostridiales;f__Veillonellaceae;Other	0	0	0	0	0	0	0	8.69633275648e-06	4.34816637824e-05	1.7392665513e-05	3.47853310259e-05	0.000208711986155	0.000278282648207	0.00620048525537	0.00620918158812	0.00599177326921	8.69633275648e-06	0	2.60889982694e-05	2.60889982694e-05	2.60889982694e-05	5.21779965389e-05	0.000208711986155	0.000252193649938	0.000356549643016	0.00622657425364	0.0059743806037	0.00587872094338	0	2.60889982694e-05	0	
Even2;k__Archaea;p__Euryarchaeota;c__Thermoplasmata;o__Thermoplasmatales;Other;Other	0	0	0	0	0	0	0	1.7392665513e-05	4.34816637824e-05	4.34816637824e-05	0	0	0	0	0	0	0	0	0.0	4.34816637824e-05	4.34816637824e-05	0	0	0	0	0	0	0	0	0	0	
Even2;NO_HIT	1.7392665513e-05	1.7392665513e-05	1.7392665513e-05	1.7392665513e-05	1.7392665513e-05	1.7392665513e-05	3.47853310259e-05	3.47853310259e-05	3.47853310259e-05	3.47853310259e-05	3.47853310259e-05	0	0	0	0	0	0	3.47853310259e-05	3.47853310259e-05	3.47853310259e-05	3.47853310259e-05	3.47853310259e-05	0.0	0	0	0	0	0	0.00184362254437	0.00126096824969	0	
Even2;k__Bacteria;p__Bacteroidetes;c__Flavobacteriia;o__Flavobacteriales;f__[Weeksellaceae];g__Elizabethkingia	0	0	0	0	0	0	0.000286978980964	0	0	0	0	0	0	0	0	0	0	0.000286978980964	0.000104355993078	0	0	0	0	0	0	0	0	0	0	0	0	
Even2;k__Bacteria;p__OD1;c__;o__;f__;g__	0.000104355993078	0.000104355993078	0.000104355993078	0.000104355993078	0.000104355993078	0	0	0	0	0	0	0	0	0	0	0	0	0	0	0	0	0	0	0	0	0	0	0	0	0	0	
Even2;k__Bacteria;p__Gemmatimonadetes;c__Gemmatimonadetes;o__;f__;g__	0.0	0.0	0.0	0.0	0.0	0.0	0.0	0.0	0.0	0.0	0.0	0.0	0.0	0.0	0	0	0	0.0	0.0	0.0	0.0	0.0	0.0	0.0	0.0	0	0	0	0.0	0.0	0	
Even2;k__Bacteria;p__Proteobacteria;c__Gammaproteobacteria;o__Pasteurellales;f__Pasteurellaceae;g__Chelonobacter	0	0	0	0	0	0	0.0	0.0	0	0	0	0	0	0	0	0	0	0.0	0.0	0	0	0	0	0	0	0	0	0	0	0	0	
Even2;k__Bacteria;p__Armatimonadetes;Other;Other;Other;Other	0	0	0	0	0	0	0	0	0	0	0.0	0	0	0	0	0	0	0	0	0	0	0.0	0.0	0	0	0	0	0	0	0	0	
Even2;k__Bacteria;p__Proteobacteria;c__Gammaproteobacteria;o__Pasteurellales;f__Pasteurellaceae;g__Haemophilus	0.000113052325834	0.000113052325834	0.000113052325834	0.000113052325834	0.000113052325834	0.000113052325834	0.000113052325834	0.000113052325834	0.000113052325834	0.000113052325834	0.000113052325834	0.000104355993078	0.000104355993078	9.56596603212e-05	6.95706620518e-05	0	0	0.000113052325834	0.000113052325834	0.000113052325834	0.000113052325834	0.000104355993078	0.000104355993078	0.000104355993078	6.95706620518e-05	6.95706620518e-05	0	0	0.000113052325834	0.000113052325834	0	
Even2;k__Bacteria;p__Cyanobacteria;c__Gloeobacterophycideae;o__Gloeobacterales;f__Gloeobacteraceae;g__Gloeobacter	0	0	0	0	0	0	0.0	0	0	0	0	0	0	0	0	0	0	0.0	0	0	0	0	0	0	0	0	0	0	0	0	0	
Even2;k__Bacteria;p__Verrucomicrobia;c__[Pedosphaerae];o__[Pedosphaerales];f__Ellin515;g__	0.0	0.0	0.0	0.0	0.0	0.0	0.0	0.0	0.0	0.0	0.0	0.0	0.0	0.0	0.0	0.0	0.0	0.0	0.0	0.0	0.0	0.0	0.0	0.0	0.0	0.0	0.0	0	0.0	0.0	0	
Even2;k__Bacteria;p__Cyanobacteria;c__Oscillatoriophycideae;Other;Other;Other	0	0	0	0	0	0	0	0	0	0	0.0	0.0	0.0	0	0	0.0	0	0	0	0	0.0	0	0.0	0.0	0	0	0.0	0	0	0	0	
Even2;k__Bacteria;p__Firmicutes;c__Bacilli;o__Bacillales;f__Bacillaceae;g__	8.69633275648e-06	8.69633275648e-06	8.69633275648e-06	8.69633275648e-06	8.69633275648e-06	0	0	0	0	0	0	0	0	0	0	0	0	0	0	0	0	0	0	0	0	0	0	0	0	0.0	0	
Even2;k__Bacteria;p__Actinobacteria;c__Actinobacteria;o__Actinomycetales;f__Actinopolysporaceae;g__	0	0	0	0	0	0	0.000191319320642	0.000130444991347	7.82669948083e-05	5.21779965389e-05	0	0	0	0	0	0	0	0.000191319320642	0.000130444991347	7.82669948083e-05	7.82669948083e-05	2.60889982694e-05	0	0	0	0	0	0	0	0	0	
Even2;k__Bacteria;p__Bacteroidetes;c__Bacteroidia;o__Bacteroidales;f__Rikenellaceae;g__	0.0119661538729	0.0119661538729	0.0119661538729	0.0119661538729	0.0119661538729	0.0119313685419	0.0117052638902	0.0117052638902	0.0117052638902	0.0117052638902	0.0116791748919	0.0116617822264	0.0116269968954	0.0115661225661	0.0114791592385	0.0108878086111	0.0108878086111	0.0117052638902	0.0117052638902	0.0117052638902	0.0117052638902	0.0116704785592	0.0116530858937	0.0116530858937	0.0115574262334	0.0114965519041	0.0114791592385	0.0108878086111	0.000660921289492	0.000608743292953	0.0147	
Even2;k__Bacteria;p__Bacteroidetes;c__Bacteroidia;o__Bacteroidales;f__;g__	8.69633275648e-06	8.69633275648e-06	8.69633275648e-06	8.69633275648e-06	8.69633275648e-06	8.69633275648e-06	1.7392665513e-05	8.69633275648e-06	8.69633275648e-06	0.0	0	0	0	0	0	0	0	1.7392665513e-05	1.7392665513e-05	8.69633275648e-06	0.0	0	0	0	0	0	0	0	3.47853310259e-05	4.34816637824e-05	0	
Even2;k__Bacteria;p__Proteobacteria;c__Gammaproteobacteria;o__Enterobacteriales;f__Enterobacteriaceae;g__Citrobacter	0.0	0.0	0.0	0.0	0.0	0.0	5.21779965389e-05	5.21779965389e-05	5.21779965389e-05	5.21779965389e-05	2.60889982694e-05	2.60889982694e-05	0	0	0	0	0	5.21779965389e-05	5.21779965389e-05	5.21779965389e-05	5.21779965389e-05	2.60889982694e-05	2.60889982694e-05	0	0	0	0	0	0.0	0	0.0147	
Even2;k__Bacteria;p__Chloroflexi;c__Dehalococcoidetes;o__Dehalococcoidales;f__Dehalococcoidaceae;g__	0.0	0.0	0.0	0.0	0.0	0	0	0	0	0	0	0	0	0	0	0	0	0	0	0	0	0	0	0	0	0	0	0	0	0	0	
Even2;k__Bacteria;p__Proteobacteria;c__Alphaproteobacteria;o__Rhizobiales;f__Methylobacteriaceae;g__Methylobacterium	0	0	0	0	0	0	0.0	0.0	0.0	0	0	0	0	0	0	0	0	0.0	0.0	0	0	0	0	0	0	0	0	0	0	0	0	
Even2;k__Bacteria;p__Proteobacteria;c__Gammaproteobacteria;o__Pseudomonadales;f__Pseudomonadaceae;g__Pseudomonas	8.69633275648e-06	8.69633275648e-06	8.69633275648e-06	8.69633275648e-06	8.69633275648e-06	8.69633275648e-06	8.69633275648e-06	8.69633275648e-06	8.69633275648e-06	8.69633275648e-06	8.69633275648e-06	8.69633275648e-06	8.69633275648e-06	8.69633275648e-06	0	0	0	8.69633275648e-06	8.69633275648e-06	8.69633275648e-06	8.69633275648e-06	8.69633275648e-06	8.69633275648e-06	8.69633275648e-06	8.69633275648e-06	0	0	0	8.69633275648e-06	8.69633275648e-06	0	
Even2;k__Bacteria;p__Caldithrix;c__Caldithrixae;o__Caldithrixales;f__Caldithrixaceae;Other	0	0	0	0	0	0	0	0	0	0	0.0	0	0	0	0	0	0	0	0	0	0	0	0	0	0	0	0	0	0	0	0	
Even2;k__Bacteria;p__Acidobacteria;c__Acidobacteria-6;o__iii1-15;Other;Other	0	0	0	0	0	0	0	0	0.0	0.0	0.0	0.0	8.69633275648e-06	8.69633275648e-06	1.7392665513e-05	2.60889982694e-05	0	0	0	0	0.0	0.0	0.0	0.0	1.7392665513e-05	1.7392665513e-05	3.47853310259e-05	0	0	0	0	
Even2;k__Bacteria;p__Proteobacteria;c__Betaproteobacteria;o__A21b;f__EB1003;g__	2.60889982694e-05	2.60889982694e-05	2.60889982694e-05	2.60889982694e-05	2.60889982694e-05	2.60889982694e-05	2.60889982694e-05	2.60889982694e-05	2.60889982694e-05	2.60889982694e-05	2.60889982694e-05	2.60889982694e-05	2.60889982694e-05	1.7392665513e-05	1.7392665513e-05	0	0	2.60889982694e-05	2.60889982694e-05	2.60889982694e-05	2.60889982694e-05	2.60889982694e-05	2.60889982694e-05	2.60889982694e-05	1.7392665513e-05	1.7392665513e-05	0	0	2.60889982694e-05	2.60889982694e-05	0	
Even2;k__Bacteria;p__Proteobacteria;c__Gammaproteobacteria;o__Xanthomonadales;f__Sinobacteraceae;g__Hydrocarboniphaga	0	0	0	0	0	0	8.69633275648e-06	0	0	0	0	0	0	0	0	0	0	8.69633275648e-06	0	0	0	0	0	0	0	0	0	0	0	0	0	
Even2;k__Bacteria;p__Proteobacteria;c__Gammaproteobacteria;o__Methylococcales;f__Methylococcaceae;g__Methylomicrobium	0	0	0	0	0	0	1.7392665513e-05	1.7392665513e-05	8.69633275648e-06	0	0	0	0	0	0	0	0	1.7392665513e-05	1.7392665513e-05	8.69633275648e-06	0	0	0	0	0	0	0	0	0	0	0	
Even2;k__Bacteria;p__Proteobacteria;c__Gammaproteobacteria;o__Pseudomonadales;f__Pseudomonadaceae;g__	0.000104355993078	0.000104355993078	0.000104355993078	0.000104355993078	0.000104355993078	0	0	0	0	0	0	0	0	0	0	0	0	0	0	0	0	0	0	0	0	0	0	0	0	0	0	
Even2;k__Bacteria;p__Synergistetes;c__Synergistia;o__Synergistales;f__Aminiphilaceae;g__Aminiphilus	8.69633275648e-06	8.69633275648e-06	8.69633275648e-06	8.69633275648e-06	8.69633275648e-06	0	0	0	0	0	0	0	0	0	0	0	0	0	0	0	0	0	0	0	0	0	0	0	0	0	0	
Even2;k__Bacteria;p__Proteobacteria;c__Gammaproteobacteria;o__Thiohalorhabdales;f__;g__	3.47853310259e-05	3.47853310259e-05	3.47853310259e-05	3.47853310259e-05	3.47853310259e-05	3.47853310259e-05	1.7392665513e-05	1.7392665513e-05	0	0	0	0	0	0	0	0	0	1.7392665513e-05	0	0	0	0	0	0	0	0	0	0	3.47853310259e-05	3.47853310259e-05	0	
Even2;k__Bacteria;p__Proteobacteria;c__Betaproteobacteria;o__Burkholderiales;f__Comamonadaceae;Other	0	0	0	0	0	0	0	1.7392665513e-05	8.69633275648e-06	1.7392665513e-05	2.60889982694e-05	4.34816637824e-05	2.60889982694e-05	1.7392665513e-05	1.7392665513e-05	2.60889982694e-05	0	0	0.0	0.0	1.7392665513e-05	2.60889982694e-05	4.34816637824e-05	4.34816637824e-05	1.7392665513e-05	4.34816637824e-05	4.34816637824e-05	0	4.34816637824e-05	4.34816637824e-05	0	
Even2;k__Bacteria;p__Proteobacteria;c__Gammaproteobacteria;o__Cardiobacteriales;f__Cardiobacteriaceae;g__Cardiobacterium	0.0	0.0	0.0	0.0	0.0	0	0	0	0	0	0	0	0	0	0	0	0	0	0	0	0	0	0	0	0	0	0	0	0	0	0	
Even2;k__Bacteria;p__Actinobacteria;c__Actinobacteria;o__Actinomycetales;f__Intrasporangiaceae;g__Tetrasphaera	0	0	0	0	0	0	8.69633275648e-06	8.69633275648e-06	0	0	0	0	0	0	0	0	0	0	0	0	0	0	0	0	0	0	0	0	0	0	0	
Even2;k__Bacteria;p__Actinobacteria;c__Acidimicrobiia;o__Acidimicrobiales;f__Acidimicrobiaceae;g__Acidimicrobium	0	0	0	0	0	0	8.69633275648e-05	8.69633275648e-05	0	0	0	0	0	0	0	0	0	8.69633275648e-05	1.7392665513e-05	0	0	0	0	0	0	0	0	0	0	0	0	
Even2;k__Bacteria;p__Firmicutes;c__Clostridia;o__Clostridiales;f__[Tissierellaceae];g__	0	0	0	0	0	0	0	0	0	0	0	0	0	0	0	0	0	0	0	0	0	0	0	0	0	0	0	0	0	0.0	0	
Even2;k__Bacteria;p__Firmicutes;c__Clostridia;o__Clostridiales;f__Peptostreptococcaceae;g__	0.000573957961927	0.000573957961927	0.000573957961927	0.000573957961927	0.000573957961927	0.000565261629171	0.000182622987886	0.000182622987886	6.95706620518e-05	5.21779965389e-05	3.47853310259e-05	2.60889982694e-05	0	0	0	0	0	0.000182622987886	0.00014783765686	0.000139141324104	5.21779965389e-05	2.60889982694e-05	0	0	0	0	0	0	0.000556565296415	0.000521779965389	0	
Even2;k__Bacteria;p__Proteobacteria;c__Gammaproteobacteria;o__Pseudomonadales;f__Moraxellaceae;g__Alkanindiges	0	0	0	0	0	0	0.0	0	0	0	0	0	0	0	0	0	0	0	0	0	0	0	0	0	0	0	0	0	0	0	0	
Even2;k__Bacteria;p__WS2;c__;o__;f__;g__	0	0	0	0	0	0	0.000113052325834	0	0	0	0	0	0	0	0	0	0	0.000113052325834	0	0	0	0	0	0	0	0	0	0	0	0	0	
Even2;k__Bacteria;p__Actinobacteria;c__Actinobacteria;o__Actinomycetales;f__Actinomycetaceae;g__Candidatus Ancillula	0	0	0	0	0	0	0	0	0	0	0	0	0	0	0	0	0	0	0	0	0	0	0	0	0	0	0	0	0.0	0.0	0	
Even2;k__Bacteria;p__Bacteroidetes;c__Flavobacteriia;o__Flavobacteriales;f__Flavobacteriaceae;Other	0	0	0	0	0	0	0	0.000217408318912	6.08743292953e-05	5.21779965389e-05	6.95706620518e-05	8.69633275648e-05	8.69633275648e-05	7.82669948083e-05	8.69633275648e-05	8.69633275648e-05	3.47853310259e-05	0	0.000182622987886	2.60889982694e-05	3.47853310259e-05	7.82669948083e-05	7.82669948083e-05	6.95706620518e-05	7.82669948083e-05	7.82669948083e-05	8.69633275648e-05	5.21779965389e-05	0.0	0.0	0	
Even2;k__Bacteria;p__Proteobacteria;c__Alphaproteobacteria;o__Rhizobiales;Other;Other	0	0	0	0	0	0	0	6.08743292953e-05	6.08743292953e-05	2.60889982694e-05	2.60889982694e-05	0	2.60889982694e-05	2.60889982694e-05	2.60889982694e-05	4.34816637824e-05	3.47853310259e-05	0	6.08743292953e-05	6.08743292953e-05	2.60889982694e-05	0	2.60889982694e-05	2.60889982694e-05	2.60889982694e-05	4.34816637824e-05	6.08743292953e-05	3.47853310259e-05	0.0	0	0	
Even2;k__Bacteria;p__Acidobacteria;c__Acidobacteriia;o__Acidobacteriales;f__Koribacteraceae;g__Candidatus Koribacter	0.0	0.0	0.0	0.0	0.0	0.0	0	0	0	0	0	0	0	0	0	0	0	0.0	0.0	0.0	0.0	0.0	0.0	0.0	0.0	0	0	0	0.0	0.0	0	
Even2;k__Bacteria;p__Verrucomicrobia;c__[Spartobacteria];o__[Chthoniobacterales];f__[Chthoniobacteraceae];g__	0	0	0	0	0	0	1.7392665513e-05	1.7392665513e-05	1.7392665513e-05	1.7392665513e-05	1.7392665513e-05	0	0	0	0	0	0	0	0	0	0	0	0	0	0	0	0	0	0	0	0	
Even1;k__Bacteria;p__Firmicutes;c__Bacilli;o__Lactobacillales;f__Carnobacteriaceae;g__Granulicatella	1.39995240162e-05	1.39995240162e-05	1.39995240162e-05	1.39995240162e-05	1.39995240162e-05	0	0	0	0	0	0	0	0	0	0	0	0	0	0	0	0	0	0	0	0	0	0	0	1.39995240162e-05	1.39995240162e-05	0	
Even1;k__Bacteria;p__Firmicutes;c__Bacilli;o__Lactobacillales;f__Streptococcaceae;Other	0	0	0	0	0	0	0	0	4.19985720486e-05	0.0	6.99976200809e-06	0.0	2.09992860243e-05	6.99976200809e-06	9.79966681133e-05	6.99976200809e-05	0.0140065237782	0	0	1.39995240162e-05	1.39995240162e-05	0	2.09992860243e-05	1.39995240162e-05	0.000307989528356	0.000104996430121	0.000237991908275	0.0231552127228	0	0	0	
Even1;k__Bacteria;p__Proteobacteria;c__Gammaproteobacteria;o__Aeromonadales;f__Aeromonadaceae;g__	0.0257521244278	0.0257521244278	0.0257521244278	0.0257521244278	0.0257521244278	0.0257241253797	5.59980960647e-05	5.59980960647e-05	5.59980960647e-05	3.49988100405e-05	6.99976200809e-06	0	0	0	0	0	0	5.59980960647e-05	5.59980960647e-05	5.59980960647e-05	5.59980960647e-05	1.39995240162e-05	0	0	0	0	0	0	0.000118995954138	0.000111996192129	0	
Even1;k__Bacteria;p__Proteobacteria;c__Betaproteobacteria;o__Burkholderiales;f__Burkholderiaceae;g__Burkholderia	2.79990480324e-05	2.79990480324e-05	2.79990480324e-05	2.79990480324e-05	2.79990480324e-05	2.79990480324e-05	0	0	0	0	0	0	0	0	0	0	0	0	0	0	0	0	0	0	0	0	0	0	2.79990480324e-05	2.79990480324e-05	0	
Even1;k__Bacteria;p__Proteobacteria;c__Gammaproteobacteria;o__Chromatiales;f__Ectothiorhodospiraceae;g__Methylonatrum	0	0	0	0	0	0	4.19985720486e-05	4.19985720486e-05	2.79990480324e-05	0	0	0	0	0	0	0	0	4.19985720486e-05	4.19985720486e-05	2.79990480324e-05	0	0	0	0	0	0	0	0	0	0	0	
Even1;k__Bacteria;p__Acidobacteria;c__Acidobacteriia;o__Acidobacteriales;f__Koribacteraceae;g__	0.000153994764178	0.000153994764178	0.000153994764178	0.000153994764178	0.000153994764178	0.000153994764178	0.000167994288194	0.000167994288194	0.000167994288194	0.000167994288194	0.000139995240162	0.000139995240162	0.000139995240162	8.39971440971e-05	8.39971440971e-05	6.99976200809e-05	0	0.000139995240162	0.000139995240162	0.000139995240162	0.000139995240162	0.000139995240162	0.000139995240162	0.000139995240162	8.39971440971e-05	6.99976200809e-05	4.19985720486e-05	0	0.000153994764178	0.000153994764178	0	
Even1;k__Bacteria;p__Actinobacteria;Other;Other;Other;Other	0	0	0	0	0	0	0	6.99976200809e-06	6.99976200809e-06	0.0	0.0	2.09992860243e-05	1.39995240162e-05	2.09992860243e-05	4.19985720486e-05	0.000349988100405	0.0	0	6.99976200809e-06	6.99976200809e-06	6.99976200809e-06	6.99976200809e-06	6.99976200809e-05	6.99976200809e-06	4.19985720486e-05	2.09992860243e-05	0.000132995478154	3.49988100405e-05	0	0	0	
Even1;k__Archaea;p__Crenarchaeota;c__Thermoprotei;o__Desulfurococcales;Other;Other	0	0	0	0	0	0	0	6.99976200809e-06	0	0	0	0	0	0	0	0	0	0	6.99976200809e-06	0	0	0	0	0	0	0	0	0	0	0	0	
Even1;k__Bacteria;p__Actinobacteria;c__Actinobacteria;o__Actinomycetales;f__Micrococcaceae;g__Rothia	1.39995240162e-05	1.39995240162e-05	1.39995240162e-05	1.39995240162e-05	1.39995240162e-05	1.39995240162e-05	1.39995240162e-05	1.39995240162e-05	1.39995240162e-05	1.39995240162e-05	1.39995240162e-05	1.39995240162e-05	1.39995240162e-05	0	0	0	0	1.39995240162e-05	1.39995240162e-05	1.39995240162e-05	1.39995240162e-05	1.39995240162e-05	1.39995240162e-05	0	0	0	0	0	1.39995240162e-05	1.39995240162e-05	0	
Even1;k__Bacteria;p__Proteobacteria;c__Alphaproteobacteria;o__Caulobacterales;f__Caulobacteraceae;Other	0	0	0	0	0	0	0	0	0	0	0	0	0	0	0	0	6.99976200809e-06	0	0	0	0	0	0	0	0	0	0	6.99976200809e-06	6.99976200809e-06	6.99976200809e-06	0	
Even1;k__Bacteria;p__Firmicutes;c__Bacilli;o__Bacillales;f__Paenibacillaceae;g__Paenibacillus	1.39995240162e-05	1.39995240162e-05	1.39995240162e-05	1.39995240162e-05	1.39995240162e-05	0	3.49988100405e-05	0	0	0	0	0	0	0	0	0	0	3.49988100405e-05	0	0	0	0	0	0	0	0	0	0	0	0	0	
Even1;k__Bacteria;p__Actinobacteria;c__Actinobacteria;o__Actinomycetales;f__Corynebacteriaceae;g__Corynebacterium	6.99976200809e-06	6.99976200809e-06	6.99976200809e-06	6.99976200809e-06	6.99976200809e-06	6.99976200809e-06	6.99976200809e-06	6.99976200809e-06	6.99976200809e-06	6.99976200809e-06	6.99976200809e-06	6.99976200809e-06	6.99976200809e-06	6.99976200809e-06	0	0	0	6.99976200809e-06	6.99976200809e-06	6.99976200809e-06	6.99976200809e-06	6.99976200809e-06	6.99976200809e-06	6.99976200809e-06	0	0	0	0	6.99976200809e-06	6.99976200809e-06	0	
Even1;k__Bacteria;p__Proteobacteria;c__Betaproteobacteria;Other;Other;Other	0	0	0	0	0	0	0	4.89983340566e-05	4.19985720486e-05	4.19985720486e-05	7.6997382089e-05	6.99976200809e-05	6.99976200809e-05	9.09969061052e-05	0.000111996192129	0.000118995954138	6.29978580728e-05	0	2.09992860243e-05	4.19985720486e-05	7.6997382089e-05	6.29978580728e-05	6.99976200809e-05	9.09969061052e-05	9.79966681133e-05	0.000104996430121	0.000118995954138	9.79966681133e-05	0	0	0	
Even1;k__Bacteria;p__Chloroflexi;c__Ellin6529;o__;f__;g__	5.59980960647e-05	5.59980960647e-05	5.59980960647e-05	5.59980960647e-05	5.59980960647e-05	5.59980960647e-05	5.59980960647e-05	5.59980960647e-05	5.59980960647e-05	5.59980960647e-05	5.59980960647e-05	5.59980960647e-05	5.59980960647e-05	5.59980960647e-05	3.49988100405e-05	3.49988100405e-05	3.49988100405e-05	5.59980960647e-05	5.59980960647e-05	5.59980960647e-05	5.59980960647e-05	5.59980960647e-05	5.59980960647e-05	5.59980960647e-05	3.49988100405e-05	3.49988100405e-05	3.49988100405e-05	3.49988100405e-05	5.59980960647e-05	5.59980960647e-05	0	
Even1;k__Bacteria;p__Bacteroidetes;c__Bacteroidia;o__Bacteroidales;f__Bacteroidaceae;g__BF311	2.09992860243e-05	2.09992860243e-05	2.09992860243e-05	2.09992860243e-05	2.09992860243e-05	0	0	0	0	0	0	0	0	0	0	0	0	0	0	0	0	0	0	0	0	0	0	0	2.79990480324e-05	2.79990480324e-05	0	
Even1;k__Bacteria;p__Actinobacteria;c__Actinobacteria;o__Actinomycetales;f__Mycobacteriaceae;g__Mycobacterium	7.6997382089e-05	7.6997382089e-05	7.6997382089e-05	7.6997382089e-05	7.6997382089e-05	7.6997382089e-05	7.6997382089e-05	7.6997382089e-05	7.6997382089e-05	7.6997382089e-05	7.6997382089e-05	7.6997382089e-05	7.6997382089e-05	7.6997382089e-05	7.6997382089e-05	7.6997382089e-05	2.79990480324e-05	7.6997382089e-05	7.6997382089e-05	7.6997382089e-05	7.6997382089e-05	7.6997382089e-05	7.6997382089e-05	7.6997382089e-05	7.6997382089e-05	7.6997382089e-05	7.6997382089e-05	2.79990480324e-05	7.6997382089e-05	7.6997382089e-05	0	
Even1;k__Bacteria;p__Proteobacteria;c__Gammaproteobacteria;o__Chromatiales;f__Ectothiorhodospiraceae;g__Thiorhodospira	0	0	0	0	0	0	6.99976200809e-06	0	0	0	0	0	0	0	0	0	0	6.99976200809e-06	0	0	0	0	0	0	0	0	0	0	0	0	0	
Even1;k__Bacteria;p__Firmicutes;c__Bacilli;o__Bacillales;Other;Other	0	0	0	0	0	0	0	3.49988100405e-05	6.99976200809e-06	6.99976200809e-06	6.99976200809e-06	0	0	2.79990480324e-05	2.79990480324e-05	2.79990480324e-05	6.99976200809e-06	0	4.89983340566e-05	1.39995240162e-05	6.99976200809e-06	6.99976200809e-06	0	2.09992860243e-05	2.79990480324e-05	2.79990480324e-05	2.79990480324e-05	2.79990480324e-05	2.09992860243e-05	0	0	
Even1;k__Bacteria;p__WPS-2;c__;o__;f__;g__	1.39995240162e-05	1.39995240162e-05	1.39995240162e-05	1.39995240162e-05	1.39995240162e-05	1.39995240162e-05	1.39995240162e-05	1.39995240162e-05	1.39995240162e-05	1.39995240162e-05	1.39995240162e-05	1.39995240162e-05	1.39995240162e-05	1.39995240162e-05	0	0	0	1.39995240162e-05	1.39995240162e-05	1.39995240162e-05	1.39995240162e-05	1.39995240162e-05	1.39995240162e-05	1.39995240162e-05	1.39995240162e-05	0	0	0	1.39995240162e-05	1.39995240162e-05	0	
Even1;k__Bacteria;p__Proteobacteria;c__Epsilonproteobacteria;o__Campylobacterales;f__Campylobacteraceae;g__Campylobacter	6.99976200809e-06	6.99976200809e-06	6.99976200809e-06	6.99976200809e-06	6.99976200809e-06	6.99976200809e-06	6.99976200809e-06	6.99976200809e-06	6.99976200809e-06	6.99976200809e-06	6.99976200809e-06	6.99976200809e-06	6.99976200809e-06	6.99976200809e-06	6.99976200809e-06	6.99976200809e-06	0	6.99976200809e-06	6.99976200809e-06	6.99976200809e-06	6.99976200809e-06	6.99976200809e-06	6.99976200809e-06	6.99976200809e-06	6.99976200809e-06	6.99976200809e-06	6.99976200809e-06	0	6.99976200809e-06	6.99976200809e-06	0	
Even1;k__Bacteria;p__Bacteroidetes;c__Cytophagia;o__Cytophagales;f__Cytophagaceae;g__	1.39995240162e-05	1.39995240162e-05	1.39995240162e-05	1.39995240162e-05	1.39995240162e-05	1.39995240162e-05	2.09992860243e-05	2.09992860243e-05	1.39995240162e-05	1.39995240162e-05	1.39995240162e-05	1.39995240162e-05	0	0	0	0	0	2.09992860243e-05	1.39995240162e-05	1.39995240162e-05	1.39995240162e-05	1.39995240162e-05	1.39995240162e-05	0	0	0	0	0	1.39995240162e-05	1.39995240162e-05	0	
Even1;k__Bacteria;p__Chloroflexi;c__Anaerolineae;o__envOPS12;f__;g__	1.39995240162e-05	1.39995240162e-05	1.39995240162e-05	1.39995240162e-05	1.39995240162e-05	1.39995240162e-05	1.39995240162e-05	1.39995240162e-05	1.39995240162e-05	1.39995240162e-05	1.39995240162e-05	1.39995240162e-05	1.39995240162e-05	0	0	0	0	1.39995240162e-05	1.39995240162e-05	1.39995240162e-05	1.39995240162e-05	1.39995240162e-05	1.39995240162e-05	1.39995240162e-05	0	0	0	0	1.39995240162e-05	1.39995240162e-05	0	
Even1;Unknown;Other;Other;Other;Other;Other	0	0	0	0	0	0	0	0	0.0	1.39995240162e-05	2.09992860243e-05	2.09992860243e-05	2.09992860243e-05	2.09992860243e-05	5.59980960647e-05	0.000545981436631	0.0214472707928	0	0	0	0	0	0	0	0	0	0	0	0	0	0	
Even1;k__Bacteria;p__Proteobacteria;c__Gammaproteobacteria;o__Alteromonadales;f__[Chromatiaceae];g__	4.19985720486e-05	4.19985720486e-05	4.19985720486e-05	4.19985720486e-05	4.19985720486e-05	4.19985720486e-05	3.49988100405e-05	0.0	0.0	0	0	0	0	0	0	0	0	3.49988100405e-05	0.0	0	0	0	0	0	0	0	0	0	2.79990480324e-05	4.19985720486e-05	0	
Even1;k__Bacteria;p__Actinobacteria;c__Actinobacteria;o__Actinomycetales;f__Frankiaceae;g__	0.0	0.0	0.0	0.0	0.0	0.0	0.0	0.0	0.0	0.0	0.0	0.0	0.0	0.0	0.0	0	0	0.0	0.0	0.0	0.0	0.0	0.0	0.0	0.0	0.0	0	0	0.0	0.0	0	
Even1;k__Bacteria;p__Proteobacteria;c__Gammaproteobacteria;o__Alteromonadales;f__Shewanellaceae;g__Shewanella	0	0	0	0	0	0	2.79990480324e-05	6.99976200809e-06	0	0	0	0	0	0	0	0	0	2.79990480324e-05	0	0	0	0	0	0	0	0	0	0	0	0	0	
Even1;k__Bacteria;p__Planctomycetes;c__[Brocadiae];o__Brocadiales;f__;g__	0	0	0	0	0	0	6.99976200809e-06	0	0	0	0	0	0	0	0	0	0	6.99976200809e-06	0	0	0	0	0	0	0	0	0	0	0	0	0	
Even1;k__Bacteria;p__Bacteroidetes;c__Cytophagia;o__Cytophagales;f__Flammeovirgaceae;g__Persicobacter	0	0	0	0	0	0	1.39995240162e-05	6.99976200809e-06	0	0	0	0	0	0	0	0	0	1.39995240162e-05	0.0	0	0	0	0	0	0	0	0	0	0	0	0	
Even1;k__Bacteria;p__Proteobacteria;c__Gammaproteobacteria;o__Enterobacteriales;f__Enterobacteriaceae;g__Brenneria	0	0	0	0	0	0	6.99976200809e-06	0.0	0	0	0	0	0	0	0	0	0	6.99976200809e-06	0.0	0.0	0	0	0	0	0	0	0	0	0	0	0	
Even1;k__Bacteria;p__Cyanobacteria;c__4C0d-2;Other;Other;Other	0	0	0	0	0	0	0	0	0	0	0	0	0	0	0	0	6.99976200809e-06	0	0	0	0	0	0	0	0	0	0	6.99976200809e-06	0	0	0	
Even1;k__Bacteria;p__Verrucomicrobia;Other;Other;Other;Other	0	0	0	0	0	0	0	0.0	0.0	0.0	0.0	0.0	0	3.49988100405e-05	0	6.99976200809e-06	2.09992860243e-05	0	0.0	0.0	0.0	0.0	0.0	0.0	1.39995240162e-05	0.0	2.09992860243e-05	7.6997382089e-05	0	0	0	
Even1;k__Bacteria;p__Firmicutes;c__Coriobacteriia;o__Coriobacteriales;f__Coriobacteriaceae;g__Collinsella	0	0	0	0	0	0	0	0	0	0	0	0	0	0	0	0	0	0	0	0	0	0	0	0	0	0	0	0	0	0	0.0294	
Even1;k__Bacteria;p__Proteobacteria;c__Gammaproteobacteria;o__Pasteurellales;f__Pasteurellaceae;g__Actinobacillus	0	0	0	0	0	0	1.39995240162e-05	1.39995240162e-05	1.39995240162e-05	1.39995240162e-05	1.39995240162e-05	1.39995240162e-05	1.39995240162e-05	1.39995240162e-05	0	0	0	1.39995240162e-05	1.39995240162e-05	1.39995240162e-05	1.39995240162e-05	1.39995240162e-05	1.39995240162e-05	1.39995240162e-05	1.39995240162e-05	0	0	0	1.39995240162e-05	1.39995240162e-05	0	
Even1;k__Bacteria;p__Firmicutes;c__Clostridia;o__Natranaerobiales;f__Natranaerobiaceae;g__	0	0	0	0	0	0	3.49988100405e-05	6.99976200809e-06	0	0	0	0	0	0	0	0	0	3.49988100405e-05	0	0	0	0	0	0	0	0	0	0	0	0	0	
Even1;k__Archaea;p__Euryarchaeota;c__Thermococci;o__Thermococcales;f__Thermococcaceae;g__Pyrococcus	0	0	0	0	0	0	0.0	0	0	0	0	0	0	0	0	0	0	0.0	0.0	0	0	0	0	0	0	0	0	0	0	0	0	
Even1;k__Bacteria;p__Proteobacteria;c__Deltaproteobacteria;o__Syntrophobacterales;f__Syntrophaceae;Other	0	0	0	0	0	0	0	0	0	0	0	0	0	0	0	0	0	0	0	0	0	0	0	0	1.39995240162e-05	0	0	0	0	0	0	
Even1;k__Bacteria;p__Chloroflexi;c__Chloroflexi;o__Chloroflexales;f__;g__	0	0	0	0	0	0	6.99976200809e-06	0	0	0	0	0	0	0	0	0	0	6.99976200809e-06	0	0	0	0	0	0	0	0	0	0	0	0	0	
Even1;k__Bacteria;p__Firmicutes;c__Clostridia;o__Clostridiales;f__Ruminococcaceae;g__	0.024219176548	0.024219176548	0.024219176548	0.024219176548	0.024219176548	0.0240861810698	0.00179893883608	0.001728941216	0.00128795620949	0.000552981198639	0.000419985720486	0.00032898881438	1.39995240162e-05	0	0	0	0	0.00179893883608	0.00169394240596	0.00073497501085	0.000559980960647	0.00044098500651	0.000349988100405	0.000111996192129	0	0	0	0	0.0206142991138	0.0231832117708	0	
Even1;k__Bacteria;p__Actinobacteria;c__Actinobacteria;o__Actinomycetales;f__Microbacteriaceae;g__	0	0	0	0	0	0	6.99976200809e-06	6.99976200809e-06	6.99976200809e-06	6.99976200809e-06	6.99976200809e-06	6.99976200809e-06	6.99976200809e-06	6.99976200809e-06	0	0	0	0	0	0	0	0	0	0	0	0	0	0	6.99976200809e-06	6.99976200809e-06	0	
Even1;k__Bacteria;p__Acidobacteria;c__[Chloracidobacteria];o__[Chloracidobacterales];f__[Chloracidobacteraceae];g__	0	0	0	0	0	0	0.0	0	0	0	0	0	0	0	0	0	0	0.0	0	0	0	0	0	0	0	0	0	0	0	0	0	
Even1;k__Bacteria;p__Firmicutes;c__Erysipelotrichi;o__Erysipelotrichales;f__Erysipelotrichaceae;g__Allobaculum	0.0	0.0	0.0	0.0	0.0	0.0	0.0	0.0	0.0	0.0	0.0	0	0	0	0	0	0	0.0	0.0	0.0	0.0	0	0	0	0	0	0	0	0.0	0.0	0	
Even1;k__Bacteria;p__Cyanobacteria;Other;Other;Other;Other	0	0	0	0	0	0	0	2.79990480324e-05	2.09992860243e-05	2.09992860243e-05	1.39995240162e-05	0	3.49988100405e-05	4.19985720486e-05	2.79990480324e-05	2.09992860243e-05	0.0	0	2.79990480324e-05	2.09992860243e-05	2.09992860243e-05	1.39995240162e-05	1.39995240162e-05	1.39995240162e-05	0.0	9.09969061052e-05	3.49988100405e-05	2.09992860243e-05	0	0	0	
Even1;k__Bacteria;p__OctSpA1-106;c__;o__;f__;g__	0	0	0	0	0	0	0.0	0	0	0	0	0	0	0	0	0	0	0.0	0	0	0	0	0	0	0	0	0	0	0	0	0	
Even1;k__Bacteria;p__Bacteroidetes;c__Flavobacteriia;o__Flavobacteriales;f__Cryomorphaceae;g__	1.39995240162e-05	1.39995240162e-05	1.39995240162e-05	1.39995240162e-05	1.39995240162e-05	1.39995240162e-05	6.99976200809e-06	6.99976200809e-06	6.99976200809e-06	6.99976200809e-06	6.99976200809e-06	6.99976200809e-06	6.99976200809e-06	6.99976200809e-06	0	0	0	6.99976200809e-06	6.99976200809e-06	6.99976200809e-06	6.99976200809e-06	6.99976200809e-06	6.99976200809e-06	6.99976200809e-06	0	0	0	0	6.99976200809e-06	6.99976200809e-06	0	
Even1;k__Bacteria;p__Actinobacteria;c__Thermoleophilia;o__Solirubrobacterales;f__Solirubrobacteraceae;g__Solirubrobacter	0	0	0	0	0	0	0.0	0.0	0.0	0.0	0	0	0	0	0	0	0	0.0	0.0	0.0	0.0	0.0	0	0	0	0	0	0	0	0	0	
Even1;k__Bacteria;p__Firmicutes;c__Clostridia;o__Clostridiales;f__Ruminococcaceae;g__Anaerotruncus	0.00428385434895	0.00428385434895	0.00428385434895	0.00428385434895	0.00428385434895	0.00426285506293	0.00441684982711	0.00441684982711	0.00441684982711	0.00440285030309	0.00440285030309	0.004325852921	0.00431185339698	0.00419285744285	0.00417185815682	0.00417185815682	0.00412985958477	0.00441684982711	0.00441684982711	0.00441684982711	0.00440285030309	0.00440285030309	0.004325852921	0.00419285744285	0.00419285744285	0.00417185815682	0.00417185815682	0.00412985958477	0.00426985482494	0.00426985482494	0.0147	
Even1;k__Bacteria;p__Proteobacteria;c__Betaproteobacteria;o__Burkholderiales;f__Comamonadaceae;g__Comamonas	6.99976200809e-06	6.99976200809e-06	6.99976200809e-06	6.99976200809e-06	6.99976200809e-06	6.99976200809e-06	0.0	0	0	0	0	0	0	0	0	0	0	0.0	0	0	0	0	0	0	0	0	0	0	0	0	0	
Even1;k__Bacteria;p__Proteobacteria;c__Betaproteobacteria;o__A21b;f__UD5;g__	0	0	0	0	0	0	0.0	0	0	0	0	0	0	0	0	0	0	0.0	0	0	0	0	0	0	0	0	0	0	0	0	0	
Even1;k__Bacteria;p__LCP-89;c__;o__;f__;g__	0	0	0	0	0	0	0.0	0.0	0.0	0.0	0	0	0	0	0	0	0	0.0	0.0	0.0	0	0	0	0	0	0	0	0	0	0	0	
Even1;k__Bacteria;p__Actinobacteria;c__Thermoleophilia;o__Gaiellales;f__Gaiellaceae;g__	0.0	0.0	0.0	0.0	0.0	0.0	0.0	0.0	0.0	0.0	0.0	0.0	0.0	0.0	0.0	0	0	0.0	0.0	0.0	0.0	0.0	0.0	0.0	0.0	0.0	0	0	0.0	0.0	0	
Even1;k__Bacteria;p__Bacteroidetes;c__Cytophagia;o__Cytophagales;f__Cytophagaceae;Other	0	0	0	0	0	0	0	0	6.99976200809e-06	0	0	0	1.39995240162e-05	0	1.39995240162e-05	0	0	0	6.99976200809e-06	6.99976200809e-06	0	0	0	1.39995240162e-05	1.39995240162e-05	0	0	0	0	0	0	
Even1;k__Bacteria;p__Bacteroidetes;c__Bacteroidia;o__Bacteroidales;Other;Other	0	0	0	0	0	0	0	0.000111996192129	0.000202993098235	0.000615979056712	0.00076997382089	0.000720975486833	0.00160294549985	0.00240791813078	0.00282090408926	0.0038078705324	0.051049264325	0	0.000104996430121	0.000195993336227	0.000496983102575	0.000727975248842	0.000748974534866	0.00160294549985	0.00208592907841	0.00317089218967	0.00334588623987	0.0615839061472	0.0108076325405	0.0107936330165	0	
Even1;k__Bacteria;p__Proteobacteria;c__Deltaproteobacteria;o__Myxococcales;f__;g__	3.49988100405e-05	3.49988100405e-05	3.49988100405e-05	3.49988100405e-05	3.49988100405e-05	3.49988100405e-05	2.09992860243e-05	2.09992860243e-05	2.09992860243e-05	2.09992860243e-05	2.09992860243e-05	2.09992860243e-05	1.39995240162e-05	1.39995240162e-05	1.39995240162e-05	0	0	2.09992860243e-05	2.09992860243e-05	2.09992860243e-05	2.09992860243e-05	2.09992860243e-05	1.39995240162e-05	1.39995240162e-05	1.39995240162e-05	0	0	0	3.49988100405e-05	3.49988100405e-05	0	
Even1;k__Bacteria;p__Proteobacteria;c__Alphaproteobacteria;o__Rhodobacterales;f__Rhodobacteraceae;Other	0	0	0	0	0	0	0	0	0	0	0.0	0.0	0.0	0.0	0	0	0	0	0	0	0	0.0	0.0	0.0	0.0	0.0	0	0	0.0	0.0	0	
Even1;k__Bacteria;p__Proteobacteria;c__Betaproteobacteria;o__Neisseriales;f__Neisseriaceae;g__Microvirgula	0	0	0	0	0	0	3.49988100405e-05	6.99976200809e-06	0	0	0	0	0	0	0	0	0	3.49988100405e-05	1.39995240162e-05	0	0	0	0	0	0	0	0	0	0	0	0	
Even1;k__Bacteria;p__Proteobacteria;c__Gammaproteobacteria;o__Xanthomonadales;f__Sinobacteraceae;g__Steroidobacter	6.99976200809e-06	6.99976200809e-06	6.99976200809e-06	6.99976200809e-06	6.99976200809e-06	6.99976200809e-06	6.99976200809e-06	6.99976200809e-06	6.99976200809e-06	6.99976200809e-06	6.99976200809e-06	6.99976200809e-06	6.99976200809e-06	6.99976200809e-06	6.99976200809e-06	6.99976200809e-06	0	6.99976200809e-06	6.99976200809e-06	6.99976200809e-06	6.99976200809e-06	6.99976200809e-06	6.99976200809e-06	6.99976200809e-06	6.99976200809e-06	6.99976200809e-06	6.99976200809e-06	0	6.99976200809e-06	6.99976200809e-06	0	
Even1;k__Bacteria;p__Proteobacteria;c__Alphaproteobacteria;o__Rhodospirillales;Other;Other	0	0	0	0	0	0	0	0.0	0	0	0	2.79990480324e-05	1.39995240162e-05	0	0	0	0	0	0	0	0	0	0	2.79990480324e-05	1.39995240162e-05	0	0	0	0	0	0	
Even1;k__Bacteria;p__Firmicutes;c__Erysipelotrichi;o__Erysipelotrichales;f__Erysipelotrichaceae;Other	0	0	0	0	0	0	0	0.000650977866753	0.000825971916955	0.00125295739945	0.00167994288194	0.00201593145833	0.00225392336661	0.00199493217231	0.0234772017751	0.022490235332	0.0401856336885	0	0.000377987148437	0.000783973344906	0.000923968585068	0.00182693788411	0.00178493931206	0.00191093502821	0.00185493693214	0.00173594097801	0.0235122005852	0.0554661141521	2.09992860243e-05	2.09992860243e-05	0	
Even1;k__Bacteria;p__Proteobacteria;c__Gammaproteobacteria;o__Alteromonadales;f__Moritellaceae;Other	0	0	0	0	0	0	0	0.0	0	0	0	0	0	0	0	0	0	0	0	0	0	0	0	0	0	0	0	0	0	0	0	
Even1;k__Bacteria;p__Planctomycetes;c__Phycisphaerae;o__WD2101;f__;g__	2.09992860243e-05	2.09992860243e-05	2.09992860243e-05	2.09992860243e-05	2.09992860243e-05	2.09992860243e-05	2.09992860243e-05	2.09992860243e-05	2.09992860243e-05	2.09992860243e-05	2.09992860243e-05	2.09992860243e-05	2.09992860243e-05	2.09992860243e-05	2.09992860243e-05	6.99976200809e-06	6.99976200809e-06	2.09992860243e-05	2.09992860243e-05	2.09992860243e-05	2.09992860243e-05	2.09992860243e-05	2.09992860243e-05	2.09992860243e-05	2.09992860243e-05	2.09992860243e-05	6.99976200809e-06	6.99976200809e-06	2.09992860243e-05	2.09992860243e-05	0	
Even1;k__Bacteria;p__Firmicutes;c__Clostridia;o__Clostridiales;f__Ruminococcaceae;g__Anaerofilum	0	0	0	0	0	0	2.09992860243e-05	0	0	0	0	0	0	0	0	0	0	2.09992860243e-05	0	0	0	0	0	0	0	0	0	0	0	0	0	
Even1;k__Bacteria;p__Firmicutes;c__Clostridia;o__Clostridiales;f__Peptococcaceae;g__	0	0	0	0	0	0	0	0	0	0	0	0	0	0	0	0	0	0	0	0	0	0	0	0	0	0	0	0	0	0	0.0147	
Even1;k__Bacteria;p__Proteobacteria;c__Betaproteobacteria;o__Burkholderiales;f__Comamonadaceae;g__Rhodoferax	0	0	0	0	0	0	0.0	0.0	0.0	0.0	0.0	0	0	0	0	0	0	0.0	0.0	0.0	0.0	0.0	0	0	0	0	0	0	0	0	0	
Even1;k__Bacteria;p__Proteobacteria;c__Gammaproteobacteria;o__Enterobacteriales;f__Enterobacteriaceae;g__Gluconacetobacter	0	0	0	0	0	0	0.0	0	0	0	0	0	0	0	0	0	0	0.0	0.0	0	0	0	0	0	0	0	0	0	0	0	0	
Even1;k__Bacteria;p__Cyanobacteria;c__Chloroplast;o__Haptophyceae;f__;g__	0.0	0.0	0.0	0.0	0.0	0.0	0.0	0.0	0.0	0.0	0.0	0.0	0.0	0.0	0.0	0.0	0.0	0.0	0.0	0.0	0.0	0.0	0.0	0.0	0.0	0.0	0.0	0.0	0.0	0.0	0	
Even1;k__Bacteria;p__Proteobacteria;c__Alphaproteobacteria;o__Rhizobiales;f__Bradyrhizobiaceae;Other	0	0	0	0	0	0	0	0	0	0	0	0.0	0	0	0	0	0	0	0	0	0	0	0	0	0	0	0	0	4.19985720486e-05	1.39995240162e-05	0	
Even1;k__Bacteria;p__Acidobacteria;c__Solibacteres;Other;Other;Other	0	0	0	0	0	0	0	0	1.39995240162e-05	1.39995240162e-05	0	0	0	0	0	0	0	0	0	1.39995240162e-05	0	0	0	0	0	0	6.99976200809e-06	0	0	0	0	
Even1;k__Bacteria;p__Actinobacteria;c__Actinobacteria;o__Actinomycetales;f__Micrococcaceae;Other	0	0	0	0	0	0	0	1.39995240162e-05	0	0	0	0.0	0	0	0	0	0	0	0	0	0	0	0	0	0	0	0	0	0	0	0	
Even1;k__Bacteria;p__Planctomycetes;c__Planctomycetia;o__Gemmatales;Other;Other	0	0	0	0	0	0	0	0	0	0	0	0	0	0	0	0	0	0	0	0	0	0	0	0	0	0.0	0	0	0	0	0	
Even1;k__Bacteria;p__Proteobacteria;c__Alphaproteobacteria;o__Sphingomonadales;f__Sphingomonadaceae;g__	1.39995240162e-05	1.39995240162e-05	1.39995240162e-05	1.39995240162e-05	1.39995240162e-05	1.39995240162e-05	0.0	0.0	0.0	0.0	0	0	0	0	0	0	0	0.0	0.0	0.0	0.0	0	0	0	0	0	0	0	6.99976200809e-06	6.99976200809e-06	0	
Even1;k__Bacteria;p__Bacteroidetes;c__Bacteroidia;o__Bacteroidales;f__Bacteroidaceae;g__5-7N15	7.6997382089e-05	7.6997382089e-05	7.6997382089e-05	7.6997382089e-05	7.6997382089e-05	6.99976200809e-05	1.39995240162e-05	1.39995240162e-05	1.39995240162e-05	1.39995240162e-05	1.39995240162e-05	1.39995240162e-05	1.39995240162e-05	0	0	0	0	1.39995240162e-05	1.39995240162e-05	1.39995240162e-05	1.39995240162e-05	1.39995240162e-05	1.39995240162e-05	1.39995240162e-05	0	0	0	0	6.29978580728e-05	6.29978580728e-05	0	
Even1;k__Bacteria;p__Proteobacteria;c__Gammaproteobacteria;o__Oceanospirillales;Other;Other	0	0	0	0	0	0	0	2.09992860243e-05	2.79990480324e-05	1.39995240162e-05	0	0	0	0	0	0	0	0	2.09992860243e-05	2.79990480324e-05	6.99976200809e-06	0	0	0	0	0	0	0	6.99976200809e-06	6.99976200809e-06	0	
Even1;k__Bacteria;p__Acidobacteria;c__[Chloracidobacteria];o__RB41;f__;g__	1.39995240162e-05	1.39995240162e-05	1.39995240162e-05	1.39995240162e-05	1.39995240162e-05	1.39995240162e-05	1.39995240162e-05	1.39995240162e-05	1.39995240162e-05	1.39995240162e-05	6.99976200809e-06	1.39995240162e-05	6.99976200809e-06	6.99976200809e-06	6.99976200809e-06	0	0	1.39995240162e-05	1.39995240162e-05	1.39995240162e-05	1.39995240162e-05	6.99976200809e-06	6.99976200809e-06	6.99976200809e-06	6.99976200809e-06	0	0	0	1.39995240162e-05	6.99976200809e-06	0	
Even1;k__Bacteria;p__Fusobacteria;c__Fusobacteriia;o__Fusobacteriales;f__Fusobacteriaceae;g__	0	0	0	0	0	0	6.99976200809e-06	6.99976200809e-06	6.99976200809e-06	6.99976200809e-06	6.99976200809e-06	0	0	0	0	0	0	6.99976200809e-06	6.99976200809e-06	6.99976200809e-06	6.99976200809e-06	6.99976200809e-06	6.99976200809e-06	0	0	0	0	0	0	0	0	
Even1;k__Bacteria;p__Firmicutes;c__Clostridia;o__Thermoanaerobacterales;f__Caldicellulosiruptoraceae;g__Caldicellulosiruptor	0	0	0	0	0	0	9.09969061052e-05	6.29978580728e-05	0	0	0	0	0	0	0	0	0	9.09969061052e-05	6.99976200809e-06	0	0	0	0	0	0	0	0	0	0	0	0	
Even1;k__Bacteria;Other;Other;Other;Other;Other	0	0	0	0	0	0	0	0.000594979770688	0.000797972868922	0.00125995716146	0.00235891979673	0.00444484887514	0.00689476557797	0.0119205946998	0.0229942181966	0.0553051196259	0.149115930058	0	0.00018199381221	0.000860970726995	0.00135095406756	0.00237991908275	0.00454984530526	0.00782573392505	0.0117246013636	0.0391776679593	0.0513082555193	0.162086489059	8.39971440971e-05	4.89983340566e-05	0	
Even1;k__Bacteria;p__Actinobacteria;c__Actinobacteria;o__Bifidobacteriales;f__Bifidobacteriaceae;g__	0.00014699500217	0.00014699500217	0.00014699500217	0.00014699500217	0.00014699500217	0.00014699500217	9.09969061052e-05	7.6997382089e-05	6.29978580728e-05	6.29978580728e-05	6.29978580728e-05	0	0	0	0	0	0	9.09969061052e-05	6.99976200809e-05	6.29978580728e-05	5.59980960647e-05	0	0	0	0	0	0	0	0	6.99976200809e-06	0	
Even1;k__Bacteria;p__Proteobacteria;c__Gammaproteobacteria;o__Enterobacteriales;f__Enterobacteriaceae;g__Providencia	0.025080147275	0.025080147275	0.025080147275	0.025080147275	0.025080147275	0.0250381487029	0.112885161904	0.112710167854	0.112542173566	0.11203119094	0.110526242108	0.109924262575	0.108657305652	0.108419313743	0.107943329927	0.076101412552	0	0.112885161904	0.112682168806	0.112528174042	0.112010191653	0.110519242346	0.109805266621	0.108783301368	0.108314317313	0.0767523904187	0.0760034158839	0	0.0348588148003	0.0341868376475	0.0588	
Even1;k__Bacteria;p__Bacteroidetes;c__[Saprospirae];o__[Saprospirales];Other;Other	0	0	0	0	0	0	0	0	0.0	0.0	0.0	0	0	0.0	0.0	2.09992860243e-05	0	0	0	0	0	0	6.99976200809e-06	6.99976200809e-06	0.0	6.99976200809e-06	0.0	1.39995240162e-05	0	0	0	
Even1;k__Bacteria;p__Proteobacteria;c__Alphaproteobacteria;o__Sphingomonadales;Other;Other	0	0	0	0	0	0	0	0.0	0.0	0	0	0	0	0	6.99976200809e-06	6.99976200809e-06	0	0	0.0	0	0	0	0	0	0	6.99976200809e-06	6.99976200809e-06	0	0	0	0	
Even1;k__Bacteria;p__Firmicutes;c__Bacilli;o__Lactobacillales;f__Streptococcaceae;g__Streptococcus	0.02941999972	0.02941999972	0.02941999972	0.02941999972	0.02941999972	0.0293010037659	0.0301969733029	0.0301969733029	0.0301409752068	0.0301199759208	0.0300569780627	0.0298959835366	0.0297559882964	0.0296439921043	0.0291050104296	0.0288390194733	0.000188993574218	0.0301969733029	0.0301969733029	0.0301759740169	0.0301129761588	0.0300499783007	0.0299939802047	0.0298609847265	0.029433999244	0.0290210132855	0.0286500258991	0.00018199381221	0.029371001386	0.029406000196	0.0147	
Even1;k__Bacteria;p__Actinobacteria;c__Actinobacteria;o__Actinomycetales;f__Streptomycetaceae;g__Streptomyces	0	0	0	0	0	0	0.000139995240162	0.000139995240162	0	0	0	0	0	0	0	0	0	0.000139995240162	0.000139995240162	0	0	0	0	0	0	0	0	0	0	0	0	
Even1;k__Bacteria;p__Actinobacteria;c__Actinobacteria;Other;Other;Other	0	0	0	0	0	0	0	6.99976200809e-06	8.39971440971e-05	0.000111996192129	0.00014699500217	0.000125995716146	0.000195993336227	0.000517982388599	0.000930968347076	0.000727975248842	0.0103316487239	0	0.0	2.09992860243e-05	0.000111996192129	0.000153994764178	6.99976200809e-05	0.000188993574218	0.000510982626591	0.000993966205149	0.0010359647772	0.0101216558637	0	0	0	
Even1;k__Archaea;p__Crenarchaeota;c__Thaumarchaeota;o__Nitrososphaerales;f__Nitrososphaeraceae;Other	0	0	0	0	0	0	6.99976200809e-06	6.99976200809e-06	6.99976200809e-06	6.99976200809e-06	6.99976200809e-06	6.99976200809e-06	6.99976200809e-06	6.99976200809e-06	6.99976200809e-06	0	0	0	0	0	0	0	0	0	0	0	0	0	0	0	0	
Even1;k__Bacteria;p__Firmicutes;c__Clostridia;o__Clostridiales;f__Veillonellaceae;g__Mitsuokella	0.0061387912811	0.0061387912811	0.0061387912811	0.0061387912811	0.0061387912811	0.00607579342302	0.0063137853313	0.00628578628327	0.00627178675925	0.00625078747323	0.0062297881872	0.00604079461298	0.00595679746889	8.39971440971e-05	0	0	0	0.0063137853313	0.00630678556929	0.00627178675925	0.00624378771122	0.00620878890118	0.00601979532696	0.00595679746889	0.00585880080077	6.99976200809e-06	0	0	0.00615279080511	0.00612479175708	0.0147	
Even1;k__Bacteria;p__Bacteroidetes;c__Bacteroidia;o__Bacteroidales;f__Bacteroidaceae;g__Bacteroides	0.199276224608	0.199276224608	0.199276224608	0.199276224608	0.199276224608	0.198772241744	0.199591213899	0.199507216755	0.199395220563	0.19893323627	0.198716243648	0.198408254119	0.197372289342	0.196189329563	0.194712379779	0.173664095421	0.0624098780641	0.199591213899	0.199514216517	0.199402220325	0.199024233176	0.198716243648	0.198303257689	0.197393288628	0.196203329087	0.194586384063	0.17446206829	0.0775993616217	0.19928322437	0.199367221514	0.1617	
Even1;k__Bacteria;p__Proteobacteria;c__Betaproteobacteria;o__Neisseriales;f__Neisseriaceae;Other	0	0	0	0	0	0	0	0.0	0	0	0	0.0	0	4.19985720486e-05	4.19985720486e-05	4.19985720486e-05	0	0	0.0	0	0	0	0	0.0	4.19985720486e-05	4.19985720486e-05	4.19985720486e-05	0	0	0	0	
Even1;k__Bacteria;p__Proteobacteria;c__Gammaproteobacteria;o__Alteromonadales;f__Alteromonadaceae;g__Glaciecola	4.19985720486e-05	4.19985720486e-05	4.19985720486e-05	4.19985720486e-05	4.19985720486e-05	4.19985720486e-05	0	0	0	0	0	0	0	0	0	0	0	0	0	0	0	0	0	0	0	0	0	0	1.39995240162e-05	1.39995240162e-05	0	
Even1;k__Bacteria;p__Chloroflexi;c__Anaerolineae;Other;Other;Other	0	0	0	0	0	0	0	0	0	1.39995240162e-05	1.39995240162e-05	1.39995240162e-05	0	2.79990480324e-05	2.79990480324e-05	2.79990480324e-05	0	0	0	0	1.39995240162e-05	1.39995240162e-05	1.39995240162e-05	0	1.39995240162e-05	2.79990480324e-05	2.79990480324e-05	0	0	0	0	
Even1;k__Bacteria;p__Acidobacteria;c__;o__;f__;g__	0	0	0	0	0	0	0	0	0	0	0	0	0	0	0	0	0	0	0	0	0	0	0	0	0	0	0	0	0	6.99976200809e-06	0	
Even1;k__Bacteria;p__Proteobacteria;c__Alphaproteobacteria;o__Rickettsiales;f__Pelagibacteraceae;g__	3.49988100405e-05	3.49988100405e-05	3.49988100405e-05	3.49988100405e-05	3.49988100405e-05	3.49988100405e-05	1.39995240162e-05	1.39995240162e-05	1.39995240162e-05	1.39995240162e-05	1.39995240162e-05	1.39995240162e-05	1.39995240162e-05	1.39995240162e-05	1.39995240162e-05	1.39995240162e-05	0.0	1.39995240162e-05	1.39995240162e-05	1.39995240162e-05	1.39995240162e-05	1.39995240162e-05	1.39995240162e-05	1.39995240162e-05	1.39995240162e-05	1.39995240162e-05	1.39995240162e-05	0.0	3.49988100405e-05	3.49988100405e-05	0	
Even1;k__Bacteria;p__Actinobacteria;c__Acidimicrobiia;o__Acidimicrobiales;f__;g__	0	0	0	0	0	0	0	0	0	0	0	0	0	0	0	0	0	0	0	0	0	0	0	0	0	0	0	0	0	0.0	0	
Even1;k__Bacteria;p__Gemmatimonadetes;Other;Other;Other;Other	0	0	0	0	0	0	0	0	0	0	1.39995240162e-05	0	1.39995240162e-05	0	0	0	0	0	0	0	0	0	1.39995240162e-05	1.39995240162e-05	0	0	0	0	0	0	0	
Even1;k__Bacteria;p__Proteobacteria;c__Gammaproteobacteria;o__Enterobacteriales;f__Enterobacteriaceae;g__Erwinia	0.00557181055844	0.00557181055844	0.00557181055844	0.00557181055844	0.00557181055844	0.00555081127242	0.0139435259201	0.0138945275861	0.0137195335359	0.0136495359158	0.00580980246672	0.000468984054542	0.000216992622251	0.0	0	0	0	0.0139085271101	0.013880528062	0.0137195335359	0.00599179627893	0.00519382341	0.000433985244502	0.0	0	0	0	0	0.000265990956307	0.00018199381221	0	
Even1;k__Bacteria;p__Bacteroidetes;c__Bacteroidia;o__Bacteroidales;f__Rikenellaceae;Other	0	0	0	0	0	0	0	0	2.09992860243e-05	2.79990480324e-05	6.99976200809e-06	1.39995240162e-05	3.49988100405e-05	7.6997382089e-05	6.99976200809e-06	0.000650977866753	0	0	6.99976200809e-06	2.09992860243e-05	2.79990480324e-05	2.09992860243e-05	6.99976200809e-06	0.0	9.79966681133e-05	1.39995240162e-05	6.99976200809e-06	0	0	0	0	
Even1;k__Bacteria;p__Proteobacteria;c__Gammaproteobacteria;o__Pasteurellales;f__Pasteurellaceae;Other	0	0	0	0	0	0	0	0	0	0	0	6.99976200809e-06	6.99976200809e-06	1.39995240162e-05	4.89983340566e-05	0.000111996192129	0.000111996192129	0	6.99976200809e-06	0	0	6.99976200809e-06	6.99976200809e-06	6.99976200809e-06	3.49988100405e-05	4.89983340566e-05	0.000111996192129	0.000111996192129	0	0	0	
Even1;k__Bacteria;p__Proteobacteria;c__Betaproteobacteria;o__Burkholderiales;Other;Other	0	0	0	0	0	0	0	0	2.09992860243e-05	2.09992860243e-05	2.79990480324e-05	2.79990480324e-05	2.79990480324e-05	2.09992860243e-05	2.79990480324e-05	1.39995240162e-05	0	0	1.39995240162e-05	2.09992860243e-05	1.39995240162e-05	2.09992860243e-05	2.79990480324e-05	2.09992860243e-05	1.39995240162e-05	2.09992860243e-05	2.09992860243e-05	0	0	0	0	
Even1;k__Bacteria;p__Bacteroidetes;c__Flavobacteriia;o__Flavobacteriales;f__Flavobacteriaceae;g__Winogradskyella	0	0	0	0	0	0	6.99976200809e-06	6.99976200809e-06	6.99976200809e-06	6.99976200809e-06	6.99976200809e-06	0	0	0	0	0	0	6.99976200809e-06	6.99976200809e-06	6.99976200809e-06	6.99976200809e-06	0	0	0	0	0	0	0	0	0	0	
Even1;k__Bacteria;p__[Thermi];c__Deinococci;o__Thermales;f__Thermaceae;g__	0	0	0	0	0	0	0	0	0	0	0	0	0	0	0	0	0	0	0	0	0	0	0	0	0	0	0	0	0	1.39995240162e-05	0	
Even1;k__Bacteria;p__Firmicutes;c__Clostridia;o__Clostridiales;f__Eubacteriaceae;g__Eubacterium	0	0	0	0	0	0	0	0	0	0	0	0	0	0	0	0	0	0	0	0	0	0	0	0	0	0	0	0	0	0	0.0294	
Even1;k__Bacteria;p__Bacteroidetes;c__Flavobacteriia;o__Flavobacteriales;f__Flavobacteriaceae;g__Olleya	0	0	0	0	0	0	1.39995240162e-05	1.39995240162e-05	0	0	0	0	0	0	0	0	0	1.39995240162e-05	1.39995240162e-05	0	0	0	0	0	0	0	0	0	0	0	0	
Even1;k__Bacteria;p__Proteobacteria;c__Epsilonproteobacteria;o__Nautiliales;f__;g__	0	0	0	0	0	0	0.0	0	0	0	0	0	0	0	0	0	0	0.0	0	0	0	0	0	0	0	0	0	0	0	0	0	
Even1;k__Bacteria;p__Acidobacteria;c__Solibacteres;o__Solibacterales;f__[Bryobacteraceae];g__Bryobacter	0	0	0	0	0	0	0.0	0	0	0	0	0	0	0	0	0	0	0.0	0	0	0	0	0	0	0	0	0	0	0	0	0	
Even1;k__Bacteria;p__Proteobacteria;c__Gammaproteobacteria;o__Chromatiales;Other;Other	0	0	0	0	0	0	0	0	6.99976200809e-06	0	0	0	0	0	0	0	0	0	3.49988100405e-05	6.99976200809e-05	0	0	0	0	0	0	0	0	0	0	0	
Even1;k__Bacteria;p__Firmicutes;c__Clostridia;o__Clostridiales;f__Lachnospiraceae;g__Moryella	0	0	0	0	0	0	0.000419985720486	8.39971440971e-05	2.09992860243e-05	1.39995240162e-05	0	0	0	0	0	0	0	0.000419985720486	6.99976200809e-05	2.09992860243e-05	2.09992860243e-05	6.99976200809e-06	0	0	0	0	0	0	0	0	0	
Even1;k__Bacteria;p__Bacteroidetes;c__Bacteroidia;o__Bacteroidales;f__Bacteroidaceae;Other	0	0	0	0	0	0	0	6.99976200809e-06	2.09992860243e-05	9.09969061052e-05	5.59980960647e-05	0.00014699500217	0.000321989052372	0.000489983340566	0.000720975486833	0.0201803138693	0.0680796852907	0	0.0	2.09992860243e-05	0.000125995716146	0.000153994764178	0.000223992384259	0.000251991432291	0.000391986672453	0.000664977390769	0.0191233498061	0.0532471895956	2.79990480324e-05	1.39995240162e-05	0	
Even1;k__Archaea;p__Euryarchaeota;c__Halobacteria;o__Halobacteriales;f__Halobacteriaceae;g__Halococcus	0	0	0	0	0	0	6.99976200809e-06	0	0	0	0	0	0	0	0	0	0	6.99976200809e-06	0	0	0	0	0	0	0	0	0	0	0	0	0	
Even1;k__Archaea;p__Euryarchaeota;c__Thermoplasmata;o__E2;Other;Other	0	0	0	0	0	0	0	0	0	0	0	0	0	0	0	0	0	0	0	0	0	0	0	0	0	0	0	6.99976200809e-06	0	0	0	
Even1;k__Bacteria;p__Chloroflexi;c__TK17;o__TK18;f__;g__	0	0	0	0	0	0	6.99976200809e-06	6.99976200809e-06	0	0	0	0	0	0	0	0	0	6.99976200809e-06	0	0	0	0	0	0	0	0	0	0	0	0	0	
Even1;k__Archaea;p__Crenarchaeota;c__Thermoprotei;o__Thermoproteales;f__Thermoproteaceae;g__Vulcanisaeta	0	0	0	0	0	0	0.0	0.0	0	0	0	0	0	0	0	0	0	0.0	0.0	0	0	0	0	0	0	0	0	0	0	0	0	
Even1;k__Bacteria;p__Proteobacteria;c__Gammaproteobacteria;o__Chromatiales;f__Chromatiaceae;Other	0	0	0	0	0	0	0	0	0	0	0	0	0	0	0	0	0	0	0.0	0	0	0	0	0	0	0	0	0	0	0	0	
Even1;k__Bacteria;p__Proteobacteria;c__Gammaproteobacteria;o__Thiotrichales;f__Thiotrichaceae;g__Thiothrix	0.0	0.0	0.0	0.0	0.0	0.0	6.99976200809e-06	6.99976200809e-06	0	0	0	0	0	0	0	0	0	6.99976200809e-06	6.99976200809e-06	0	0	0	0	0	0	0	0	0	0.0	0.0	0	
Even1;k__Bacteria;p__Proteobacteria;c__Alphaproteobacteria;o__Rickettsiales;Other;Other	0	0	0	0	0	0	0	0	0	0	0	0	0	0	0	0	0	0	0	0	0	1.39995240162e-05	0	0	0	0	0	0	0	0	0	
Even1;k__Bacteria;p__Tenericutes;c__Mollicutes;o__Mycoplasmatales;f__Mycoplasmataceae;g__Mycoplasma	0	0	0	0	0	0	0.0	0	0	0	0	0	0	0	0	0	0	0.0	0.0	0	0	0	0	0	0	0	0	0	0	0	0	
Even1;k__Bacteria;p__Acidobacteria;c__Solibacteres;o__Solibacterales;f__MVS-65;g__	0	0	0	0	0	0	0.0	0.0	0.0	0.0	0.0	0.0	0	0	0	0	0	0.0	0.0	0.0	0.0	0	0	0	0	0	0	0	0	0	0	
Even1;k__Bacteria;p__Proteobacteria;c__Alphaproteobacteria;o__Sphingomonadales;f__Sphingomonadaceae;g__Kaistobacter	0.0	0.0	0.0	0.0	0.0	0.0	6.99976200809e-06	6.99976200809e-06	6.99976200809e-06	6.99976200809e-06	6.99976200809e-06	0	0	0	0	0	0	6.99976200809e-06	6.99976200809e-06	6.99976200809e-06	6.99976200809e-06	0	0	0	0	0	0	0	6.99976200809e-06	6.99976200809e-06	0	
Even1;k__Bacteria;p__Bacteroidetes;c__Flavobacteriia;o__Flavobacteriales;f__Flavobacteriaceae;g__	9.79966681133e-05	9.79966681133e-05	9.79966681133e-05	9.79966681133e-05	9.79966681133e-05	9.79966681133e-05	6.99976200809e-05	6.99976200809e-05	5.59980960647e-05	5.59980960647e-05	2.09992860243e-05	1.39995240162e-05	0	0	0	0	0	6.99976200809e-05	6.99976200809e-05	5.59980960647e-05	4.89983340566e-05	3.49988100405e-05	1.39995240162e-05	0	0	0	0	0	8.39971440971e-05	8.39971440971e-05	0	
Even1;k__Bacteria;p__Firmicutes;c__Clostridia;o__Clostridiales;f__Peptococcaceae;Other	0	0	0	0	0	0	0	0	0	0.0	6.99976200809e-06	5.59980960647e-05	0	0	0	6.99976200809e-06	0	0	0	6.99976200809e-06	1.39995240162e-05	2.09992860243e-05	4.89983340566e-05	0	0	0	6.99976200809e-06	0	0	0	0	
Even1;k__Bacteria;p__Planctomycetes;c__Planctomycetia;o__Gemmatales;f__Gemmataceae;g__	1.39995240162e-05	1.39995240162e-05	1.39995240162e-05	1.39995240162e-05	1.39995240162e-05	1.39995240162e-05	1.39995240162e-05	1.39995240162e-05	1.39995240162e-05	1.39995240162e-05	1.39995240162e-05	1.39995240162e-05	1.39995240162e-05	1.39995240162e-05	1.39995240162e-05	1.39995240162e-05	0	1.39995240162e-05	1.39995240162e-05	1.39995240162e-05	1.39995240162e-05	1.39995240162e-05	1.39995240162e-05	1.39995240162e-05	1.39995240162e-05	1.39995240162e-05	1.39995240162e-05	0	1.39995240162e-05	1.39995240162e-05	0	
Even1;k__Bacteria;p__Proteobacteria;c__Alphaproteobacteria;o__Rhizobiales;f__Methylobacteriaceae;Other	0	0	0	0	0	0	0	0	0	0	0	0	0	0	0	0	0	0	0	0.0	0	0	0	0	0	0	0	0	0	0	0	
Even1;k__Bacteria;p__Proteobacteria;c__Gammaproteobacteria;o__Oceanospirillales;f__Halomonadaceae;g__Kushneria	0	0	0	0	0	0	0.0	0	0	0	0	0	0	0	0	0	0	0.0	0	0	0	0	0	0	0	0	0	0	0	0	0	
Even1;k__Bacteria;p__Proteobacteria;c__Betaproteobacteria;o__Burkholderiales;f__Burkholderiaceae;g__Pandoraea	0	0	0	0	0	0	6.99976200809e-06	6.99976200809e-06	0	0	0	0	0	0	0	0	0	6.99976200809e-06	6.99976200809e-06	0	0	0	0	0	0	0	0	0	0	0	0	
Even1;k__Bacteria;p__Firmicutes;c__Erysipelotrichi;o__Erysipelotrichales;f__Erysipelotrichaceae;g__Erysipelothrix	0	0	0	0	0	0	0	0	0	0	0	0	0	0	0	0	0	0	0	0	0	0	0	0	0	0	0	0	0	0.0	0	
Even1;k__Bacteria;p__Chloroflexi;c__Anaerolineae;o__S0208;f__;g__	4.19985720486e-05	4.19985720486e-05	4.19985720486e-05	4.19985720486e-05	4.19985720486e-05	4.19985720486e-05	4.19985720486e-05	4.19985720486e-05	4.19985720486e-05	2.79990480324e-05	2.79990480324e-05	2.79990480324e-05	2.79990480324e-05	1.39995240162e-05	1.39995240162e-05	1.39995240162e-05	0	4.19985720486e-05	4.19985720486e-05	4.19985720486e-05	2.79990480324e-05	2.79990480324e-05	2.79990480324e-05	2.79990480324e-05	2.79990480324e-05	1.39995240162e-05	1.39995240162e-05	0	4.19985720486e-05	4.19985720486e-05	0	
Even1;k__Bacteria;p__Acidobacteria;c__Acidobacteriia;o__Acidobacteriales;f__Acidobacteriaceae;g__	5.59980960647e-05	5.59980960647e-05	5.59980960647e-05	5.59980960647e-05	5.59980960647e-05	5.59980960647e-05	5.59980960647e-05	5.59980960647e-05	5.59980960647e-05	5.59980960647e-05	5.59980960647e-05	4.19985720486e-05	4.19985720486e-05	4.19985720486e-05	1.39995240162e-05	1.39995240162e-05	1.39995240162e-05	5.59980960647e-05	5.59980960647e-05	5.59980960647e-05	4.19985720486e-05	5.59980960647e-05	4.19985720486e-05	4.19985720486e-05	4.19985720486e-05	1.39995240162e-05	1.39995240162e-05	1.39995240162e-05	5.59980960647e-05	5.59980960647e-05	0	
Even1;k__Bacteria;p__Proteobacteria;c__Gammaproteobacteria;o__Xanthomonadales;Other;Other	0	0	0	0	0	0	0	0.0	0	0	0	0	0	3.49988100405e-05	0	0	0	0	0.0	0	0.000216992622251	0	0	0	0	0	0	0	0	0	0	
Even1;k__Bacteria;p__Actinobacteria;c__Actinobacteria;o__Bifidobacteriales;f__Bifidobacteriaceae;g__Gardnerella	0	0	0	0	0	0	6.99976200809e-06	6.99976200809e-06	0.0	0	0	0	0	0	0	0	0	6.99976200809e-06	0.0	0	0	0	0	0	0	0	0	0	0	0	0	
Even1;k__Bacteria;p__Proteobacteria;c__Deltaproteobacteria;o__Syntrophobacterales;f__Syntrophaceae;g__	1.39995240162e-05	1.39995240162e-05	1.39995240162e-05	1.39995240162e-05	1.39995240162e-05	1.39995240162e-05	1.39995240162e-05	1.39995240162e-05	1.39995240162e-05	1.39995240162e-05	1.39995240162e-05	1.39995240162e-05	1.39995240162e-05	0	0	0	0	1.39995240162e-05	1.39995240162e-05	1.39995240162e-05	1.39995240162e-05	1.39995240162e-05	1.39995240162e-05	1.39995240162e-05	0	0	0	0	1.39995240162e-05	1.39995240162e-05	0	
Even1;k__Bacteria;p__Proteobacteria;c__Deltaproteobacteria;o__Desulfobacterales;f__Desulfobacteraceae;Other	0	0	0	0	0	0	0	0	0	8.39971440971e-05	8.39971440971e-05	7.6997382089e-05	7.6997382089e-05	6.29978580728e-05	0	0	0	0	0	0	7.6997382089e-05	8.39971440971e-05	7.6997382089e-05	7.6997382089e-05	6.29978580728e-05	0	0	0	6.29978580728e-05	6.29978580728e-05	0	
Even1;k__Bacteria;p__Actinobacteria;c__Coriobacteriia;o__Coriobacteriales;f__Coriobacteriaceae;g__Eggerthella	0	0	0	0	0	0	6.99976200809e-06	0	0	0	0	0	0	0	0	0	0	6.99976200809e-06	0	0	0	0	0	0	0	0	0	0	0	0	0	
Even1;k__Bacteria;p__Proteobacteria;c__Gammaproteobacteria;o__Alteromonadales;f__OM60;g__	6.99976200809e-06	6.99976200809e-06	6.99976200809e-06	6.99976200809e-06	6.99976200809e-06	6.99976200809e-06	6.99976200809e-06	6.99976200809e-06	0	0	0	0	0	0	0	0	0	6.99976200809e-06	6.99976200809e-06	0	0	0	0	0	0	0	0	0	2.09992860243e-05	2.09992860243e-05	0	
Even1;k__Bacteria;p__Cyanobacteria;c__Oscillatoriophycideae;o__Chroococcales;f__Cyanobacteriaceae;g__Crocosphaera	0	0	0	0	0	0	0.0	0	0	0	0	0	0	0	0	0	0	0.0	0	0	0	0	0	0	0	0	0	0	0	0	0	
Even1;k__Bacteria;p__Proteobacteria;c__Gammaproteobacteria;o__Pseudomonadales;f__Moraxellaceae;Other	0	0	0	0	0	0	0	0	0	0	0	0	0	0	0	0	0	0	0	0	0	0	0	0	0	0	0	6.99976200809e-06	0	0	0	
Even1;k__Bacteria;p__Bacteroidetes;c__[Saprospirae];o__[Saprospirales];f__Saprospiraceae;Other	0	0	0	0	0	0	0	0	0	0	0	0	1.39995240162e-05	0	0	0	0	0	0	0	0	0	0	0	0	0	0	0	0	0	0	
Even1;k__Bacteria;p__Firmicutes;c__Clostridia;o__Halanaerobiales;Other;Other	0	0	0	0	0	0	0	0	0	0	0	0	0	0	0	0	0	0	0	6.99976200809e-06	0	0	0	0	0	0	0	0	0	0	0	
Even1;k__Bacteria;p__Bacteroidetes;c__Bacteroidia;o__Bacteroidales;f__Porphyromonadaceae;g__Tannerella	0	0	0	0	0	0	6.99976200809e-06	6.99976200809e-06	0	0	0	0	0	0	0	0	0	6.99976200809e-06	6.99976200809e-06	0	0	0	0	0	0	0	0	0	0	0	0	
Even1;k__Bacteria;p__Proteobacteria;c__Gammaproteobacteria;o__Thiotrichales;f__Thiotrichaceae;g__	4.19985720486e-05	4.19985720486e-05	4.19985720486e-05	4.19985720486e-05	4.19985720486e-05	4.19985720486e-05	0	0	0	0	0	0	0	0	0	0	0	0	0	0	0	0	0	0	0	0	0	0	1.39995240162e-05	4.89983340566e-05	0	
Even1;k__Bacteria;p__Planctomycetes;c__Phycisphaerae;o__MSBL9;f__;g__	3.49988100405e-05	3.49988100405e-05	3.49988100405e-05	3.49988100405e-05	3.49988100405e-05	3.49988100405e-05	3.49988100405e-05	3.49988100405e-05	3.49988100405e-05	3.49988100405e-05	3.49988100405e-05	3.49988100405e-05	3.49988100405e-05	3.49988100405e-05	3.49988100405e-05	3.49988100405e-05	2.79990480324e-05	3.49988100405e-05	3.49988100405e-05	3.49988100405e-05	3.49988100405e-05	3.49988100405e-05	3.49988100405e-05	3.49988100405e-05	3.49988100405e-05	3.49988100405e-05	3.49988100405e-05	2.79990480324e-05	3.49988100405e-05	3.49988100405e-05	0	
Even1;k__Bacteria;p__Planctomycetes;c__Planctomycetia;o__Pirellulales;f__Pirellulaceae;Other	0	0	0	0	0	0	0	0	0	0	0	0	0	0	0	3.49988100405e-05	0	0	0	0	0	0	0	0	0	0	3.49988100405e-05	0	0	0	0	
Even1;k__Bacteria;p__Actinobacteria;c__Actinobacteria;o__Actinomycetales;f__Micrococcaceae;g__Nesterenkonia	6.99976200809e-06	6.99976200809e-06	6.99976200809e-06	6.99976200809e-06	6.99976200809e-06	0	0	0	0	0	0	0	0	0	0	0	0	0	0	0	0	0	0	0	0	0	0	0	0	0	0	
Even1;k__Bacteria;p__Verrucomicrobia;c__Verrucomicrobiae;o__Verrucomicrobiales;f__Verrucomicrobiaceae;Other	0	0	0	0	0	0	0	0	0	0	4.19985720486e-05	9.79966681133e-05	0.000111996192129	6.99976200809e-05	6.99976200809e-05	6.99976200809e-05	5.59980960647e-05	0	0	0	0	0	5.59980960647e-05	0.000111996192129	6.99976200809e-05	6.99976200809e-05	6.99976200809e-05	0	0	0	0	
Even1;k__Bacteria;p__Proteobacteria;c__Alphaproteobacteria;Other;Other;Other	0	0	0	0	0	0	0	3.49988100405e-05	6.29978580728e-05	7.6997382089e-05	8.39971440971e-05	6.99976200809e-05	3.49988100405e-05	2.09992860243e-05	3.49988100405e-05	2.09992860243e-05	4.19985720486e-05	0	1.39995240162e-05	6.29978580728e-05	6.29978580728e-05	0.000125995716146	6.99976200809e-05	1.39995240162e-05	6.99976200809e-06	3.49988100405e-05	2.79990480324e-05	4.19985720486e-05	0	0	0	
Even1;k__Bacteria;p__Bacteroidetes;c__Cytophagia;o__Cytophagales;Other;Other	0	0	0	0	0	0	0	0	0	0	0	2.09992860243e-05	2.09992860243e-05	3.49988100405e-05	2.09992860243e-05	0	0	0	0.0	0.0	0	2.09992860243e-05	2.09992860243e-05	2.09992860243e-05	2.09992860243e-05	2.09992860243e-05	0	0	0	0	0	
Even1;k__Bacteria;p__Proteobacteria;Other;Other;Other;Other	0	0	0	0	0	0	0	2.09992860243e-05	0.000202993098235	0.000195993336227	0.000230992146267	0.000461984292534	0.000755974296874	0.00130195573351	0.00174994050202	0.00333888647786	0.123426803489	0	2.79990480324e-05	0.000202993098235	0.000223992384259	0.000174994050202	0.000454984530526	0.000762974058882	0.00160294549985	0.00220492503255	0.0030308969495	0.134010443645	1.39995240162e-05	6.99976200809e-06	0	
Even1;k__Bacteria;p__Bacteroidetes;c__[Saprospirae];o__[Saprospirales];f__Chitinophagaceae;g__Sediminibacterium	6.99976200809e-06	6.99976200809e-06	6.99976200809e-06	6.99976200809e-06	6.99976200809e-06	6.99976200809e-06	6.99976200809e-06	6.99976200809e-06	6.99976200809e-06	6.99976200809e-06	6.99976200809e-06	6.99976200809e-06	6.99976200809e-06	6.99976200809e-06	6.99976200809e-06	6.99976200809e-06	0	6.99976200809e-06	6.99976200809e-06	6.99976200809e-06	6.99976200809e-06	6.99976200809e-06	6.99976200809e-06	6.99976200809e-06	6.99976200809e-06	6.99976200809e-06	6.99976200809e-06	0	6.99976200809e-06	6.99976200809e-06	0	
Even1;k__Bacteria;p__Proteobacteria;c__Betaproteobacteria;o__Burkholderiales;f__Comamonadaceae;g__Methylibium	0	0	0	0	0	0	3.49988100405e-05	3.49988100405e-05	3.49988100405e-05	3.49988100405e-05	3.49988100405e-05	3.49988100405e-05	3.49988100405e-05	3.49988100405e-05	3.49988100405e-05	0	0	3.49988100405e-05	3.49988100405e-05	3.49988100405e-05	3.49988100405e-05	3.49988100405e-05	3.49988100405e-05	3.49988100405e-05	3.49988100405e-05	0	0	0	0	0	0	
Even1;k__Bacteria;p__Verrucomicrobia;c__[Pedosphaerae];o__[Pedosphaerales];Other;Other	0	0	0	0	0	0	0	0	0	0	0	0	0	1.39995240162e-05	1.39995240162e-05	1.39995240162e-05	0	0	0	0	0	0	0	0	1.39995240162e-05	2.79990480324e-05	1.39995240162e-05	2.09992860243e-05	0	0	0	
Even1;k__Bacteria;p__Proteobacteria;c__Betaproteobacteria;o__Neisseriales;f__Neisseriaceae;g__	4.19985720486e-05	4.19985720486e-05	4.19985720486e-05	4.19985720486e-05	4.19985720486e-05	4.19985720486e-05	0	0	0	0	0	0	0	0	0	0	0	0	0	0	0	0	0	0	0	0	0	0	4.19985720486e-05	4.19985720486e-05	0	
Even1;k__Bacteria;p__Bacteroidetes;c__Bacteroidia;o__Bacteroidales;f__BS11;g__	0.0	0.0	0.0	0.0	0.0	0	0	0	0	0	0	0	0	0	0	0	0	0	0	0	0	0	0	0	0	0	0	0	0	0	0	
Even1;k__Bacteria;p__Proteobacteria;c__Alphaproteobacteria;o__Sphingomonadales;f__Erythrobacteraceae;g__Lutibacterium	0	0	0	0	0	0	0.0	0.0	0.0	0.0	0.0	0.0	0	0	0	0	0	0.0	0.0	0.0	0.0	0.0	0.0	0.0	0	0	0	0	0	0	0	
Even1;k__Bacteria;p__Bacteroidetes;c__Bacteroidia;o__Bacteroidales;f__Prevotellaceae;g__	0	0	0	0	0	0	6.99976200809e-06	6.99976200809e-06	6.99976200809e-06	6.99976200809e-06	0	0	0	0	0	0	0	6.99976200809e-06	6.99976200809e-06	6.99976200809e-06	6.99976200809e-06	0	0	0	0	0	0	0	0	0	0	
Even1;k__Bacteria;p__Proteobacteria;c__Alphaproteobacteria;o__Sphingomonadales;f__;g__	6.99976200809e-06	6.99976200809e-06	6.99976200809e-06	6.99976200809e-06	6.99976200809e-06	6.99976200809e-06	6.99976200809e-06	6.99976200809e-06	6.99976200809e-06	6.99976200809e-06	6.99976200809e-06	6.99976200809e-06	6.99976200809e-06	6.99976200809e-06	0	0	0	6.99976200809e-06	6.99976200809e-06	6.99976200809e-06	6.99976200809e-06	6.99976200809e-06	6.99976200809e-06	6.99976200809e-06	6.99976200809e-06	0	0	0	6.99976200809e-06	6.99976200809e-06	0	
Even1;k__Bacteria;p__Caldithrix;c__Caldithrixae;o__Caldithrixales;f__;g__	0	0	0	0	0	0	0.0	0	0	0	0	0	0	0	0	0	0	0.0	0	0	0	0	0	0	0	0	0	0	0	0	0	
Even1;k__Bacteria;p__Proteobacteria;c__Gammaproteobacteria;o__Oceanospirillales;f__Halomonadaceae;g__	1.39995240162e-05	1.39995240162e-05	1.39995240162e-05	1.39995240162e-05	1.39995240162e-05	0	0	0	0	0	0	0	0	0	0	0	0	0	0	0	0	0	0	0	0	0	0	0	0	0	0	
Even1;k__Bacteria;p__Actinobacteria;c__Actinobacteria;o__Actinomycetales;f__Micromonosporaceae;g__Pilimelia	6.99976200809e-06	6.99976200809e-06	6.99976200809e-06	6.99976200809e-06	6.99976200809e-06	6.99976200809e-06	2.09992860243e-05	2.09992860243e-05	2.09992860243e-05	2.09992860243e-05	2.09992860243e-05	2.09992860243e-05	6.99976200809e-06	6.99976200809e-06	6.99976200809e-06	0	0	2.09992860243e-05	2.09992860243e-05	2.09992860243e-05	2.09992860243e-05	2.09992860243e-05	2.09992860243e-05	6.99976200809e-06	6.99976200809e-06	6.99976200809e-06	0	0	6.99976200809e-06	6.99976200809e-06	0	
Even1;k__Bacteria;p__Actinobacteria;c__Thermoleophilia;o__Gaiellales;Other;Other	0	0	0	0	0	0	0	0	0	0	0	0.0	0	0	0	0	0	0	0	0	0	0	0.0	0	0	0	0	0	0	0	0	
Even1;k__Bacteria;p__Nitrospirae;c__Nitrospira;o__Nitrospirales;f__[Thermodesulfovibrionaceae];Other	0	0	0	0	0	0	0	0	4.89983340566e-05	4.89983340566e-05	0	0	1.39995240162e-05	1.39995240162e-05	0.000167994288194	0.000153994764178	0	0	0	4.89983340566e-05	0	0	0	1.39995240162e-05	0.000167994288194	0.000167994288194	0.000153994764178	0	0	0	0	
Even1;k__Bacteria;p__Verrucomicrobia;c__Verrucomicrobiae;o__Verrucomicrobiales;f__Verrucomicrobiaceae;g__	0	0	0	0	0	0	5.59980960647e-05	5.59980960647e-05	5.59980960647e-05	5.59980960647e-05	5.59980960647e-05	0	0	0	0	0	0	5.59980960647e-05	5.59980960647e-05	5.59980960647e-05	5.59980960647e-05	5.59980960647e-05	0	0	0	0	0	0	0	0	0	
Even1;k__Bacteria;p__KSB3;c__;o__;f__;g__	0.0	0.0	0.0	0.0	0	0	0	0	0	0	0	0	0	0	0	0	0	0	0	0	0	0	0	0	0	0	0	0	0	0	0	
Even1;k__Bacteria;p__Firmicutes;c__Clostridia;o__Clostridiales;f__Lachnospiraceae;g__[Ruminococcus]	0.03283588358	0.03283588358	0.03283588358	0.03283588358	0.03283588358	0.0326888885778	0.0338088504991	0.0338088504991	0.0337808514511	0.033759852165	0.0335988576388	0.0333888647786	0.0323598997634	0.0305259621173	0.0303299687811	0.0238621886856	0.0	0.0338088504991	0.0338088504991	0.0338088504991	0.0337808514511	0.0335918578768	0.0327378869118	0.0309529475998	0.0321499069032	0.0303509680671	0.0239531855917	0	0.0324788957175	0.0314499307024	0	
Even1;k__Bacteria;p__Bacteroidetes;c__Cytophagia;o__Cytophagales;f__[Amoebophilaceae];g__Candidatus Cardinium	6.99976200809e-06	6.99976200809e-06	6.99976200809e-06	6.99976200809e-06	6.99976200809e-06	0	0	0	0	0	0	0	0	0	0	0	0	0	0	0	0	0	0	0	0	0	0	0	0	0	0	
Even1;k__Bacteria;p__Verrucomicrobia;c__Verrucomicrobiae;o__Verrucomicrobiales;f__Verrucomicrobiaceae;g__Luteolibacter	0.000125995716146	0.000125995716146	0.000125995716146	0.000125995716146	0.000125995716146	0.000111996192129	5.59980960647e-05	5.59980960647e-05	5.59980960647e-05	5.59980960647e-05	1.39995240162e-05	1.39995240162e-05	0	0	0	0	0	5.59980960647e-05	5.59980960647e-05	5.59980960647e-05	5.59980960647e-05	5.59980960647e-05	5.59980960647e-05	0	0	0	0	0	0.000125995716146	0.000125995716146	0	
Even1;k__Bacteria;p__Proteobacteria;c__Betaproteobacteria;o__Burkholderiales;f__Oxalobacteraceae;Other	0	0	0	0	0	0	0	0	0	0	0	0	0	0	0.0	0	0	0	0	0	0	0	0	0	0.0	0	0	0	0	0	0	
Even1;k__Bacteria;p__Proteobacteria;c__Gammaproteobacteria;o__Enterobacteriales;f__Enterobacteriaceae;g__Arsenophonus	0	0	0	0	0	0	0.0	0	0	0	0	0	0	0	0	0	0	0.0	0	0	0	0	0	0	0	0	0	0	0	0	0	
Even1;k__Bacteria;p__Bacteroidetes;c__[Saprospirae];o__[Saprospirales];f__Chitinophagaceae;g__Niastella	0	0	0	0	0	0	0.0	0.0	0.0	0.0	0	0	0	0	0	0	0	0.0	0.0	0.0	0.0	0	0	0	0	0	0	0	0	0	0	
Even1;k__Bacteria;p__Proteobacteria;c__Gammaproteobacteria;o__Enterobacteriales;f__Enterobacteriaceae;g__Photorhabdus	0	0	0	0	0	0	0.000363987624421	0.000321989052372	0.000279990480324	0.000265990956307	0	0	0	0	0	0	0	0.000363987624421	0.000321989052372	0.000286990242332	0.000265990956307	0	0	0	0	0	0	0	0	0	0	
Even1;k__Bacteria;p__Proteobacteria;c__Gammaproteobacteria;o__[Marinicellales];f__[Marinicellaceae];g__	9.09969061052e-05	9.09969061052e-05	9.09969061052e-05	9.09969061052e-05	9.09969061052e-05	9.09969061052e-05	0	0	0	0	0	0	0	0	0	0	0	0	0	0	0	0	0	0	0	0	0	0	0	0	0	
Even1;k__Bacteria;p__Proteobacteria;c__Deltaproteobacteria;o__Desulfuromonadales;f__Geobacteraceae;g__Geobacter	1.39995240162e-05	1.39995240162e-05	1.39995240162e-05	1.39995240162e-05	1.39995240162e-05	1.39995240162e-05	0	0	0	0	0	0	0	0	0	0	0	0	0	0	0	0	0	0	0	0	0	0	0	0	0	
Even1;k__Bacteria;p__Spirochaetes;c__Spirochaetes;o__Spirochaetales;f__Spirochaetaceae;g__Treponema	0	0	0	0	0	0	0.0	0	0	0	0	0	0	0	0	0	0	0.0	0	0	0	0	0	0	0	0	0	0	0	0	0	
Even1;k__Bacteria;p__Actinobacteria;c__Acidimicrobiia;o__Acidimicrobiales;f__Acidimicrobiaceae;g__Ferrimicrobium	0	0	0	0	0	0	6.99976200809e-06	0	0	0	0	0	0	0	0	0	0	6.99976200809e-06	0	0	0	0	0	0	0	0	0	0	0	0	0	
Even1;k__Bacteria;p__Proteobacteria;c__Betaproteobacteria;o__Neisseriales;f__Neisseriaceae;g__Aquitalea	0	0	0	0	0	0	0.000111996192129	0.000111996192129	4.19985720486e-05	6.99976200809e-06	0.0	0	0.0	0	0	0	0	0.000111996192129	9.79966681133e-05	4.19985720486e-05	0.0	0.0	0.0	0	0	0	0	0	0	0	0	
Even1;k__Bacteria;p__Firmicutes;c__Clostridia;o__Clostridiales;f__Clostridiaceae;g__Clostridium	0.0563550839271	0.0563550839271	0.0563550839271	0.0563550839271	0.0563550839271	0.0559910963027	0.0604009463678	0.0604009463678	0.0603519480338	0.0600649577914	0.0598269658832	0.0587770015819	0.040647617981	0.0382047010402	0.038050706276	0.0351528048046	0.000111996192129	0.0604009463678	0.0603659475578	0.0603379485098	0.0602609511277	0.0598339656452	0.04148058966	0.0402556313085	0.038925676527	0.0352858002828	0.0352018031387	8.39971440971e-05	0.0192003471882	0.019053352186	0.1764	
Even1;k__Bacteria;p__Proteobacteria;c__Deltaproteobacteria;o__Desulfuromonadales;f__;g__	0	0	0	0	0	0	4.89983340566e-05	4.89983340566e-05	4.89983340566e-05	3.49988100405e-05	3.49988100405e-05	0	0	0	0	0	0	4.89983340566e-05	4.89983340566e-05	4.89983340566e-05	3.49988100405e-05	0	0	0	0	0	0	0	0	0	0	
Even1;k__Bacteria;p__[Caldithrix];c__KSB1;o__Ucn15732;f__;g__	1.39995240162e-05	1.39995240162e-05	1.39995240162e-05	1.39995240162e-05	1.39995240162e-05	1.39995240162e-05	1.39995240162e-05	1.39995240162e-05	1.39995240162e-05	1.39995240162e-05	1.39995240162e-05	1.39995240162e-05	1.39995240162e-05	0	0	0	0	1.39995240162e-05	1.39995240162e-05	1.39995240162e-05	1.39995240162e-05	1.39995240162e-05	1.39995240162e-05	0	0	0	0	0	1.39995240162e-05	1.39995240162e-05	0	
Even1;k__Bacteria;p__Cyanobacteria;c__Chloroplast;o__Stramenopiles;f__;g__	0.00154694740379	0.00154694740379	0.00154694740379	0.00154694740379	0.00154694740379	0.00153994764178	0.00152594811776	0.00152594811776	0.00151194859375	0.00149794906973	0.00149794906973	0.00142795144965	0.00141395192563	0.00139995240162	0.00136495359158	0.00125995716146	9.79966681133e-05	0.00152594811776	0.00152594811776	0.00151194859375	0.00151194859375	0.00149794906973	0.00144195097367	0.00141395192563	0.00137195335359	0.00128795620949	0.00125995716146	8.39971440971e-05	0.00154694740379	0.00154694740379	0	
Even1;k__Bacteria;p__Actinobacteria;c__Actinobacteria;o__Bifidobacteriales;f__Bifidobacteriaceae;g__Bifidobacterium	0.0882879982081	0.0882879982081	0.0882879982081	0.0882879982081	0.0882879982081	0.0879100110596	0.0883789951142	0.0883719953522	0.0883089974941	0.088273998684	0.088238999874	0.0881550027299	0.0877700158195	0.0872800324789	0.0865520572301	0.0854950931668	0.074393470622	0.0883789951142	0.0883719953522	0.0883439963041	0.088266998922	0.088245999636	0.0879590093937	0.0876440201033	0.0873010317649	0.0866010555641	0.0856910865031	0.0301479749689	0.088238999874	0.0883299967801	0.1176	
Even1;k__Bacteria;p__Armatimonadetes;c__[Fimbriimonadia];o__[Fimbriimonadales];f__[Fimbriimonadaceae];g__Fimbriimonas	6.99976200809e-06	6.99976200809e-06	6.99976200809e-06	6.99976200809e-06	6.99976200809e-06	6.99976200809e-06	6.99976200809e-06	6.99976200809e-06	6.99976200809e-06	6.99976200809e-06	6.99976200809e-06	6.99976200809e-06	6.99976200809e-06	6.99976200809e-06	0	0	0	6.99976200809e-06	6.99976200809e-06	6.99976200809e-06	6.99976200809e-06	6.99976200809e-06	6.99976200809e-06	6.99976200809e-06	6.99976200809e-06	6.99976200809e-06	0	0	6.99976200809e-06	6.99976200809e-06	0	
Even1;k__Bacteria;p__Chloroflexi;c__;o__;f__;g__	0.0	0.0	0.0	0.0	0.0	0	0	0	0	0	0	0	0	0	0	0	0	0	0	0	0	0	0	0	0	0	0	0	0	0	0	
Even1;k__Bacteria;p__Firmicutes;c__Clostridia;o__Thermoanaerobacterales;f__Thermoanaerobacterales Family III. Incertae Sedis;g__	0	0	0	0	0	0	0	0	0	0	0	0	0	0	0	0	0	0.0	0.0	0	0	0	0	0	0	0	0	0	0	0	0	
Even1;k__Bacteria;p__Bacteroidetes;c__Sphingobacteriia;o__Sphingobacteriales;f__Sphingobacteriaceae;g__Sphingobacterium	3.49988100405e-05	3.49988100405e-05	3.49988100405e-05	3.49988100405e-05	3.49988100405e-05	0	3.49988100405e-05	3.49988100405e-05	0	0	0	0	0	0	0	0	0	3.49988100405e-05	3.49988100405e-05	0	0	0	0	0	0	0	0	0	3.49988100405e-05	0	0	
Even1;k__Bacteria;p__Cyanobacteria;c__Synechococcophycideae;o__Synechococcales;f__Synechococcaceae;g__Synechococcus	2.09992860243e-05	2.09992860243e-05	2.09992860243e-05	2.09992860243e-05	2.09992860243e-05	2.09992860243e-05	2.09992860243e-05	2.09992860243e-05	2.09992860243e-05	2.09992860243e-05	2.09992860243e-05	2.09992860243e-05	2.09992860243e-05	2.09992860243e-05	0	0	0	2.09992860243e-05	2.09992860243e-05	2.09992860243e-05	2.09992860243e-05	2.09992860243e-05	2.09992860243e-05	2.09992860243e-05	2.09992860243e-05	2.09992860243e-05	0	0	2.09992860243e-05	2.09992860243e-05	0	
Even1;k__Bacteria;p__Proteobacteria;c__Deltaproteobacteria;o__Desulfobacterales;f__Desulfobulbaceae;g__	0.00014699500217	0.00014699500217	0.00014699500217	0.00014699500217	0.00014699500217	0.00014699500217	0.00014699500217	9.79966681133e-05	9.79966681133e-05	0	0	0	0	0	0	0	0	0.00014699500217	9.79966681133e-05	0	0	0	0	0	0	0	0	0	0.00014699500217	0.00014699500217	0	
Even1;k__Bacteria;p__Firmicutes;c__Clostridia;o__Clostridiales;f__Veillonellaceae;g__Propionispora	0	0	0	0	0	0	0.0	0.0	0	0	0	0	0	0	0	0	0	0.0	0	0	0	0	0	0	0	0	0	0	0	0	0	
Even1;k__Bacteria;p__Proteobacteria;c__Deltaproteobacteria;o__Desulfobacterales;Other;Other	0	0	0	0	0	0	0	0	0	0	0	0	0	0	6.29978580728e-05	0	0	0	0	0	0	0	0	0	0	6.29978580728e-05	0	0	0	0	0	
Even1;k__Bacteria;p__Proteobacteria;c__Gammaproteobacteria;o__Xanthomonadales;f__;g__	0	0	0	0	0	0	0.0	0	0	0	0	0	0	0	0	0	0	0.0	0	0	0	0	0	0	0	0	0	0	0	0	0	
Even1;k__Archaea;p__Euryarchaeota;c__Thermoplasmata;o__E2;f__DHVEG-1;g__	6.99976200809e-06	6.99976200809e-06	6.99976200809e-06	6.99976200809e-06	6.99976200809e-06	6.99976200809e-06	6.99976200809e-06	6.99976200809e-06	6.99976200809e-06	6.99976200809e-06	6.99976200809e-06	6.99976200809e-06	6.99976200809e-06	6.99976200809e-06	6.99976200809e-06	6.99976200809e-06	0	6.99976200809e-06	6.99976200809e-06	6.99976200809e-06	6.99976200809e-06	6.99976200809e-06	6.99976200809e-06	6.99976200809e-06	6.99976200809e-06	6.99976200809e-06	6.99976200809e-06	0	6.99976200809e-06	6.99976200809e-06	0	
Even1;k__Bacteria;p__Verrucomicrobia;c__[Spartobacteria];o__[Chthoniobacterales];f__[Chthoniobacteraceae];g__Chthoniobacter	6.99976200809e-06	6.99976200809e-06	6.99976200809e-06	6.99976200809e-06	6.99976200809e-06	6.99976200809e-06	4.19985720486e-05	4.19985720486e-05	4.19985720486e-05	4.19985720486e-05	4.19985720486e-05	2.09992860243e-05	6.99976200809e-06	6.99976200809e-06	0.0	0.0	0	6.99976200809e-06	6.99976200809e-06	6.99976200809e-06	6.99976200809e-06	6.99976200809e-06	6.99976200809e-06	6.99976200809e-06	0.0	0.0	0.0	0	6.99976200809e-06	6.99976200809e-06	0	
Even1;k__Bacteria;p__Chlorobi;c__Ignavibacteria;o__SM1H02;f__;g__	0.0	0.0	0.0	0.0	0.0	0	0.0	0	0	0	0	0	0	0	0	0	0	0.0	0	0	0	0	0	0	0	0	0	0	0	0	0	
Even1;k__Bacteria;p__Firmicutes;c__Clostridia;o__Clostridiales;f__Peptostreptococcaceae;Other	0	0	0	0	0	0	0	1.39995240162e-05	2.79990480324e-05	1.39995240162e-05	6.99976200809e-06	6.99976200809e-06	0	0	0	0	0	0	2.09992860243e-05	6.99976200809e-06	0.0	6.99976200809e-06	0	0	0	0	0	0	0	0	0	
Even1;k__Bacteria;p__Proteobacteria;c__Zetaproteobacteria;o__Mariprofundales;f__Mariprofundaceae;g__Mariprofundus	2.09992860243e-05	2.09992860243e-05	2.09992860243e-05	2.09992860243e-05	2.09992860243e-05	2.09992860243e-05	2.09992860243e-05	2.09992860243e-05	2.09992860243e-05	2.09992860243e-05	2.09992860243e-05	0	0	0	0	0	0	2.09992860243e-05	2.09992860243e-05	2.09992860243e-05	2.09992860243e-05	2.09992860243e-05	0	0	0	0	0	0	2.09992860243e-05	2.09992860243e-05	0	
Even1;k__Bacteria;p__Firmicutes;c__Bacilli;o__Lactobacillales;f__Enterococcaceae;g__Tetragenococcus	0	0	0	0	0	0	6.99976200809e-06	0	0	0	0	0	0	0	0	0	0	6.99976200809e-06	0	0	0	0	0	0	0	0	0	0	0	0	0	
Even1;k__Archaea;p__Crenarchaeota;c__Thermoprotei;Other;Other;Other	0	0	0	0	0	0	0	0.0	0.0	0.0	0	0	0	0	0	0	0	0	0.0	0.0	0.0	0	0	0	0	0	0	0	0	0	0	
Even1;k__Bacteria;p__Cyanobacteria;c__Oscillatoriophycideae;o__Oscillatoriales;f__Phormidiaceae;g__Oscillatoria	0	0	0	0	0	0	6.99976200809e-06	0	0	0	0	0	0	0	0	0	0	6.99976200809e-06	0	0	0	0	0	0	0	0	0	0	0	0	0	
Even1;k__Bacteria;p__Proteobacteria;c__Gammaproteobacteria;o__Enterobacteriales;f__Enterobacteriaceae;g__Plesiomonas	6.99976200809e-06	6.99976200809e-06	6.99976200809e-06	6.99976200809e-06	6.99976200809e-06	0	6.29978580728e-05	6.29978580728e-05	6.29978580728e-05	4.19985720486e-05	4.19985720486e-05	4.19985720486e-05	0	0	0	0	0	6.29978580728e-05	6.29978580728e-05	5.59980960647e-05	4.89983340566e-05	4.19985720486e-05	4.19985720486e-05	0	0	0	0	0	0	0	0	
Even1;k__Bacteria;p__Proteobacteria;c__Alphaproteobacteria;o__Sphingomonadales;f__Sphingomonadaceae;g__Sphingomonas	0	0	0	0	0	0	6.99976200809e-06	6.99976200809e-06	6.99976200809e-06	6.99976200809e-06	6.99976200809e-06	0.0	0.0	0.0	0	0	0	6.99976200809e-06	6.99976200809e-06	6.99976200809e-06	6.99976200809e-06	6.99976200809e-06	0.0	0.0	0.0	0	0	0	0	0	0	
Even1;k__Bacteria;p__Firmicutes;c__Bacilli;o__Bacillales;f__Thermoactinomycetaceae;g__Laceyella	0	0	0	0	0	0	0.0	0	0	0	0	0	0	0	0	0	0	0.0	0	0	0	0	0	0	0	0	0	0	0	0	0	
Even1;k__Bacteria;p__Verrucomicrobia;c__[Pedosphaerae];o__[Pedosphaerales];f__auto67_4W;g__	1.39995240162e-05	1.39995240162e-05	1.39995240162e-05	1.39995240162e-05	1.39995240162e-05	1.39995240162e-05	1.39995240162e-05	1.39995240162e-05	1.39995240162e-05	1.39995240162e-05	1.39995240162e-05	1.39995240162e-05	1.39995240162e-05	1.39995240162e-05	1.39995240162e-05	0	0	1.39995240162e-05	1.39995240162e-05	1.39995240162e-05	1.39995240162e-05	1.39995240162e-05	1.39995240162e-05	1.39995240162e-05	1.39995240162e-05	0	0	0	1.39995240162e-05	1.39995240162e-05	0	
Even1;k__Bacteria;p__Firmicutes;c__Bacilli;Other;Other;Other	0	0	0	0	0	0	0	6.99976200809e-06	6.99976200809e-06	3.49988100405e-05	6.99976200809e-05	0.000209992860243	0.000209992860243	0.000167994288194	6.29978580728e-05	0.000153994764178	2.79990480324e-05	0	0.0	2.09992860243e-05	2.79990480324e-05	6.99976200809e-05	7.6997382089e-05	0.000167994288194	5.59980960647e-05	0.000167994288194	0.000153994764178	0.000272990718316	0	0	0	
Even1;k__Bacteria;p__Acidobacteria;c__Solibacteres;o__JH-WHS99;f__;g__	0	0	0	0	0	0	1.39995240162e-05	1.39995240162e-05	0	0	0	0	0	0	0	0	0	1.39995240162e-05	1.39995240162e-05	0	0	0	0	0	0	0	0	0	0	0	0	
Even1;k__Archaea;p__Crenarchaeota;c__Thaumarchaeota;o__Cenarchaeales;f__Cenarchaeaceae;Other	0	0	0	0	0	0	0	0	0	0	0	0	0	0	0	0	2.09992860243e-05	0	0	0	0	0	0	0	0	0	0	2.09992860243e-05	0	0	0	
Even1;k__Bacteria;p__Acidobacteria;c__iii1-8;o__DS-18;f__;g__	0.0	0.0	0.0	0.0	0.0	0.0	0.0	0.0	0.0	0.0	0.0	0.0	0.0	0.0	0.0	0.0	0	0.0	0.0	0.0	0.0	0.0	0.0	0.0	0.0	0.0	0.0	0	0.0	0.0	0	
Even1;k__Archaea;p__Crenarchaeota;c__MCG;o__pGrfC26;f__;g__	6.99976200809e-06	6.99976200809e-06	6.99976200809e-06	6.99976200809e-06	6.99976200809e-06	6.99976200809e-06	6.99976200809e-06	6.99976200809e-06	6.99976200809e-06	6.99976200809e-06	6.99976200809e-06	6.99976200809e-06	6.99976200809e-06	6.99976200809e-06	6.99976200809e-06	6.99976200809e-06	6.99976200809e-06	6.99976200809e-06	6.99976200809e-06	6.99976200809e-06	6.99976200809e-06	6.99976200809e-06	6.99976200809e-06	6.99976200809e-06	6.99976200809e-06	6.99976200809e-06	6.99976200809e-06	6.99976200809e-06	6.99976200809e-06	6.99976200809e-06	0	
Even1;k__Bacteria;p__Proteobacteria;c__Epsilonproteobacteria;o__Campylobacterales;f__Helicobacteraceae;g__	0.000454984530526	0.000454984530526	0.000454984530526	0.000454984530526	0.000454984530526	0	0	0	0	0	0	0	0	0	0	0	0	0	0	0	0	0	0	0	0	0	0	0	0	0	0	
Even1;k__Bacteria;p__Proteobacteria;c__Gammaproteobacteria;o__Chromatiales;f__Ectothiorhodospiraceae;g__	2.79990480324e-05	2.79990480324e-05	2.79990480324e-05	2.79990480324e-05	2.79990480324e-05	2.79990480324e-05	0	0	0	0	0	0	0	0	0	0	0	0	0	0	0	0	0	0	0	0	0	0	0	0.0	0	
Even1;k__Bacteria;p__Proteobacteria;c__Betaproteobacteria;o__A21b;Other;Other	0	0	0	0	0	0	0	0	0	0	0	0	0	0	0	0	0	0	1.39995240162e-05	0	0	0	0	0	0	0	0	0	0	0	0	
Even1;k__Bacteria;p__Firmicutes;c__Clostridia;o__Clostridiales;f__Veillonellaceae;g__G07	6.99976200809e-06	6.99976200809e-06	6.99976200809e-06	6.99976200809e-06	6.99976200809e-06	6.99976200809e-06	0	0	0	0	0	0	0	0	0	0	0	0	0	0	0	0	0	0	0	0	0	0	6.99976200809e-06	6.99976200809e-06	0	
Even1;k__Bacteria;p__Chloroflexi;c__TK10;o__B07_WMSP1;Other;Other	0	0	0	0	0	0	0	0	0	0	0	0	0	0	0	0	0	0	0	0	0	0	0	0	0	0	6.99976200809e-06	0	0	0	0	
Even1;k__Bacteria;p__Bacteroidetes;c__Sphingobacteriia;o__Sphingobacteriales;f__Sphingobacteriaceae;Other	0	0	0	0	0	0	0	0	0	0	0	1.39995240162e-05	3.49988100405e-05	3.49988100405e-05	3.49988100405e-05	3.49988100405e-05	1.39995240162e-05	0	0	3.49988100405e-05	0	0	0	4.89983340566e-05	3.49988100405e-05	3.49988100405e-05	1.39995240162e-05	1.39995240162e-05	0	0	0	
Even1;k__Bacteria;p__Firmicutes;c__Bacilli;o__Bacillales;f__Paenibacillaceae;g__Brevibacillus	0.0	0.0	0.0	0.0	0.0	0	0	0	0	0	0	0	0	0	0	0	0	0	0	0	0	0	0	0	0	0	0	0	0	0	0	
Even1;k__Bacteria;p__Cyanobacteria;c__Oscillatoriophycideae;o__Oscillatoriales;f__Phormidiaceae;Other	0	0	0	0	0	0	0	0	0	0.0	0	0	0	0	0	0	0	0	0	0.0	0	0.0	0	0	0	0	0	0	0	0	0	
Even1;k__Bacteria;p__[Caldithrix];c__KSB1;Other;Other;Other	0	0	0	0	0	0	0	0	0	0	0	0	0	1.39995240162e-05	0	0	0	0	0	0	0	0	0	1.39995240162e-05	1.39995240162e-05	0	0	0	0	0	0	
Even1;k__Bacteria;p__Actinobacteria;c__Actinobacteria;o__Actinomycetales;f__Microbacteriaceae;g__Candidatus Rhodoluna	6.99976200809e-06	6.99976200809e-06	6.99976200809e-06	6.99976200809e-06	6.99976200809e-06	6.99976200809e-06	0	0	0	0	0	0	0	0	0	0	0	6.99976200809e-06	6.99976200809e-06	6.99976200809e-06	6.99976200809e-06	6.99976200809e-06	6.99976200809e-06	6.99976200809e-06	0	0	0	0	0	0	0	
Even1;k__Bacteria;p__Planctomycetes;Other;Other;Other;Other	0	0	0	0	0	0	0	0	0	0	6.99976200809e-06	6.99976200809e-06	6.99976200809e-06	0	0	0	0	0	0	0	0	6.99976200809e-06	6.99976200809e-06	6.99976200809e-06	0	0	0	0	0	0	0	
Even1;k__Bacteria;p__Chlorobi;c__Ignavibacteria;Other;Other;Other	0	0	0	0	0	0	0	0.0	0	0	0	0	0	0	0	0	0	0	0.0	6.99976200809e-06	0	0	0	0	0	0	0	0	0	0	0	
Even1;k__Bacteria;p__Proteobacteria;c__Alphaproteobacteria;o__Sphingomonadales;f__Erythrobacteraceae;Other	0	0	0	0	0	0	0	0	0	0	0	0	0.0	0.0	0.0	0	0	0	0	0	0	0	0	0	0.0	0.0	0	0	0	0	0	
Even1;k__Bacteria;p__Planctomycetes;c__Planctomycetia;Other;Other;Other	0	0	0	0	0	0	0	0	0	0	0	0	0	0	0.0	0.0	0	0	0	0	0	0	0	0	0	0	0	0	0	0	0	
Even1;k__Bacteria;p__Proteobacteria;c__Gammaproteobacteria;o__Alteromonadales;f__Idiomarinaceae;g__	0.0	0.0	0.0	0.0	0	0	0	0	0	0	0	0	0	0	0	0	0	0	0	0	0	0	0	0	0	0	0	0	0	0	0	
Even1;k__Bacteria;p__Proteobacteria;c__Gammaproteobacteria;o__Legionellales;f__Legionellaceae;g__	0	0	0	0	0	0	0	0	0	0	0	0	0	0	0	0	0	0	0	0	0	0	0	0	0	0	0	0	0.0	0.0	0	
Even1;k__Bacteria;p__Proteobacteria;c__Gammaproteobacteria;o__Enterobacteriales;f__Enterobacteriaceae;g__Dickeya	0	0	0	0	0	0	4.19985720486e-05	4.19985720486e-05	4.19985720486e-05	4.19985720486e-05	4.19985720486e-05	4.19985720486e-05	0	0	0	0	0	4.19985720486e-05	4.19985720486e-05	4.19985720486e-05	4.19985720486e-05	4.19985720486e-05	4.19985720486e-05	0	0	0	0	0	0	0	0	
Even1;k__Bacteria;p__Proteobacteria;c__Betaproteobacteria;o__SC-I-84;f__;g__	3.49988100405e-05	3.49988100405e-05	3.49988100405e-05	3.49988100405e-05	3.49988100405e-05	3.49988100405e-05	2.09992860243e-05	2.09992860243e-05	2.09992860243e-05	2.09992860243e-05	2.09992860243e-05	2.09992860243e-05	2.09992860243e-05	6.99976200809e-06	0.0	0	0	2.09992860243e-05	2.09992860243e-05	2.09992860243e-05	2.09992860243e-05	2.09992860243e-05	2.09992860243e-05	2.09992860243e-05	6.99976200809e-06	6.99976200809e-06	0	0	9.09969061052e-05	9.09969061052e-05	0	
Even1;k__Bacteria;p__Firmicutes;c__Bacilli;o__Lactobacillales;f__Enterococcaceae;g__Enterococcus	6.99976200809e-06	6.99976200809e-06	6.99976200809e-06	6.99976200809e-06	6.99976200809e-06	0	0	0	0	0	0	0	0	0	0	0	0	0	0	0	0	0	0	0	0	0	0	0	0	0	0	
Even1;k__Bacteria;p__Cyanobacteria;c__Nostocophycideae;o__Nostocales;f__Nostocaceae;Other	0	0	0	0	0	0	0	0	0	0	0	0	0	0	2.09992860243e-05	2.09992860243e-05	2.09992860243e-05	0	0	0	0	0	0	2.09992860243e-05	2.09992860243e-05	2.09992860243e-05	2.09992860243e-05	4.19985720486e-05	2.09992860243e-05	2.09992860243e-05	0	
Even1;k__Bacteria;p__Bacteroidetes;Other;Other;Other;Other	0	0	0	0	0	0	0	6.29978580728e-05	0.000139995240162	0.00018199381221	0.000258991194299	0.000363987624421	0.000405986196469	0.000538981674623	0.000902969299044	0.00135095406756	0.0156514678501	0	0.000356987862413	0.000118995954138	0.000167994288194	0.000244991670283	0.00032898881438	0.000370987386429	0.00073497501085	0.000804972630931	0.00142095168764	0.0239321863057	0	0	0	
Even1;k__Bacteria;p__Nitrospirae;c__Nitrospira;o__Nitrospirales;Other;Other	0	0	0	0	0	0	0	0	0	0	0	0	0	0	0	0	0	0	0	0	4.89983340566e-05	0	0	0	0	0	0	0	0	0	0	
Even1;k__Bacteria;p__Verrucomicrobia;c__[Methylacidiphilae];o__Methylacidiphilales;f__;g__	0	0	0	0	0	0	0.0	0.0	0.0	0	0	0	0	0	0	0	0	0	0	0	0	0	0	0	0	0	0	0	0	0	0	
Even1;k__Bacteria;p__Proteobacteria;c__Alphaproteobacteria;o__Rhizobiales;f__Phyllobacteriaceae;g__Mesorhizobium	0	0	0	0	0	0	2.09992860243e-05	2.09992860243e-05	0	0	0	0	0	0	0	0	0	2.09992860243e-05	2.09992860243e-05	0	0	0	0	0	0	0	0	0	0	0	0	
Even1;k__Bacteria;p__Proteobacteria;c__Gammaproteobacteria;o__Alteromonadales;f__Alteromonadaceae;Other	0	0	0	0	0	0	0	6.99976200809e-06	0	0	0	0	0	0	0	0	0	0	6.99976200809e-06	6.99976200809e-06	0	1.39995240162e-05	0	0	0	0	0	0	0	0	0	
Even1;k__Bacteria;p__Actinobacteria;c__Actinobacteria;o__Actinomycetales;f__Micrococcaceae;g__Renibacterium	0	0	0	0	0	0	4.89983340566e-05	0	0	0	0	0	0	0	0	0	0	4.89983340566e-05	6.99976200809e-06	0	0	0	0	0	0	0	0	0	0	0	0	
Even1;k__Bacteria;p__Firmicutes;c__Bacilli;o__Lactobacillales;f__Streptococcaceae;g__Lactococcus	6.99976200809e-06	6.99976200809e-06	6.99976200809e-06	6.99976200809e-06	6.99976200809e-06	6.99976200809e-06	6.99976200809e-06	6.99976200809e-06	6.99976200809e-06	6.99976200809e-06	6.99976200809e-06	6.99976200809e-06	6.99976200809e-06	6.99976200809e-06	6.99976200809e-06	6.99976200809e-06	6.99976200809e-06	6.99976200809e-06	6.99976200809e-06	6.99976200809e-06	6.99976200809e-06	6.99976200809e-06	6.99976200809e-06	6.99976200809e-06	6.99976200809e-06	6.99976200809e-06	6.99976200809e-06	6.99976200809e-06	6.99976200809e-06	6.99976200809e-06	0	
Even1;k__Bacteria;p__Proteobacteria;c__Deltaproteobacteria;Other;Other;Other	0	0	0	0	0	0	0	0.000118995954138	2.09992860243e-05	3.49988100405e-05	0.000132995478154	7.6997382089e-05	2.09992860243e-05	4.89983340566e-05	1.39995240162e-05	6.99976200809e-05	6.99976200809e-05	0	0.000111996192129	6.99976200809e-05	2.09992860243e-05	6.99976200809e-05	7.6997382089e-05	3.49988100405e-05	2.09992860243e-05	6.99976200809e-05	4.89983340566e-05	3.49988100405e-05	0	0	0	
Even1;k__Bacteria;p__Actinobacteria;c__Rubrobacteria;o__Rubrobacterales;f__Rubrobacteraceae;g__Rubrobacter	0.0	0.0	0.0	0.0	0.0	0.0	0.0	0.0	0.0	0.0	0.0	0.0	0.0	0.0	0.0	0.0	0.0	0.0	0.0	0.0	0.0	0.0	0.0	0.0	0.0	0.0	0.0	0.0	0.0	0.0	0	
Even1;k__Bacteria;p__Firmicutes;c__Erysipelotrichi;o__Erysipelotrichales;f__Erysipelotrichaceae;g__Catenibacterium	0.014699500217	0.014699500217	0.014699500217	0.014699500217	0.014699500217	0.0143075135445	0.0148324956951	0.0144405090227	0.0143985104506	0.0143635116406	0.0143495121166	0.0142585152105	0.0141605185424	0.0140275230642	0.0139295263961	0.013880528062	0	0.0148324956951	0.0147834973611	0.0143985104506	0.0143635116406	0.0143495121166	0.0142515154485	0.0141605185424	0.0140695216363	0.0139715249682	0.0139295263961	0	0.014748498551	0.014748498551	0.0294	
Even1;k__Bacteria;p__Proteobacteria;c__Alphaproteobacteria;o__Rhizobiales;f__Beijerinckiaceae;g__	0.0	0.0	0.0	0.0	0.0	0.0	0	0	0	0	0	0	0	0	0	0	0	0	0	0	0	0	0	0	0	0	0	0	0	0.0	0	
Even1;k__Bacteria;p__Proteobacteria;c__Gammaproteobacteria;o__Oceanospirillales;f__;g__	6.99976200809e-06	6.99976200809e-06	6.99976200809e-06	6.99976200809e-06	6.99976200809e-06	6.99976200809e-06	0	0	0	0	0	0	0	0	0	0	0	0	0	0	0	0	0	0	0	0	0	0	0	0	0	
Even1;k__Bacteria;p__Verrucomicrobia;c__[Methylacidiphilae];o__;f__;g__	0	0	0	0	0	0	0.0	0.0	0.0	0	0	0	0	0	0	0	0	0.0	0.0	0	0	0	0	0	0	0	0	0	0	0	0	
Even1;k__Bacteria;p__Firmicutes;c__Clostridia;o__Clostridiales;f__Lachnospiraceae;g__Butyrivibrio	5.59980960647e-05	5.59980960647e-05	5.59980960647e-05	5.59980960647e-05	5.59980960647e-05	5.59980960647e-05	6.29978580728e-05	6.29978580728e-05	6.29978580728e-05	4.89983340566e-05	6.99976200809e-06	0	0	0	0	0	0	6.29978580728e-05	6.29978580728e-05	6.29978580728e-05	6.29978580728e-05	5.59980960647e-05	6.99976200809e-06	0	0	0	0	0	4.89983340566e-05	4.89983340566e-05	0.0147	
Even1;k__Bacteria;p__Proteobacteria;c__Alphaproteobacteria;o__Rhodobacterales;f__Rhodobacteraceae;g__Pseudoruegeria	0	0	0	0	0	0	0.0	0.0	0.0	0.0	0	0	0	0	0	0	0	0.0	0.0	0.0	0.0	0	0	0	0	0	0	0	0	0	0	
Even1;k__Bacteria;p__Actinobacteria;c__Actinobacteria;o__Bifidobacteriales;Other;Other	0	0	0	0	0	0	0	0	0	0	0	0	0	0	0.0	0	0	0	0	0	0	0	0	0	0	3.49988100405e-05	0	0	0	0	0	
Even1;k__Bacteria;p__Proteobacteria;c__Deltaproteobacteria;o__Desulfuromonadales;Other;Other	0	0	0	0	0	0	0	0	0	8.39971440971e-05	8.39971440971e-05	0.000118995954138	0.000132995478154	0.000132995478154	0.000118995954138	8.39971440971e-05	0	0	0	0	4.89983340566e-05	0.000118995954138	0.000118995954138	0.000132995478154	0.000132995478154	0.000118995954138	8.39971440971e-05	0	1.39995240162e-05	1.39995240162e-05	0	
Even1;k__Bacteria;p__Proteobacteria;c__Betaproteobacteria;o__Burkholderiales;f__Burkholderiaceae;g__	1.39995240162e-05	1.39995240162e-05	1.39995240162e-05	1.39995240162e-05	1.39995240162e-05	1.39995240162e-05	0	0	0	0	0	0	0	0	0	0	0	0	0	0	0	0	0	0	0	0	0	0	0	0	0	
Even1;k__Bacteria;p__Chloroflexi;c__TK10;o__B07_WMSP1;f__FFCH4570;g__	6.99976200809e-06	6.99976200809e-06	6.99976200809e-06	6.99976200809e-06	6.99976200809e-06	6.99976200809e-06	6.99976200809e-06	6.99976200809e-06	6.99976200809e-06	6.99976200809e-06	6.99976200809e-06	6.99976200809e-06	6.99976200809e-06	6.99976200809e-06	6.99976200809e-06	6.99976200809e-06	0	6.99976200809e-06	6.99976200809e-06	6.99976200809e-06	6.99976200809e-06	6.99976200809e-06	6.99976200809e-06	6.99976200809e-06	6.99976200809e-06	6.99976200809e-06	0	0	6.99976200809e-06	6.99976200809e-06	0	
Even1;k__Bacteria;p__Proteobacteria;c__Alphaproteobacteria;o__Rhizobiales;f__Bradyrhizobiaceae;g__Balneimonas	0.0	0.0	0.0	0.0	0.0	0.0	0.0	0.0	0.0	0.0	0.0	0.0	0	0	0	0	0	0.0	0.0	0.0	0.0	0.0	0.0	0	0	0	0	0	0.0	0.0	0	
Even1;k__Bacteria;p__NC10;c__12-24;o__MIZ17;f__;g__	0	0	0	0	0	0	3.49988100405e-05	3.49988100405e-05	6.99976200809e-06	0	0	0	0	0	0	0	0	3.49988100405e-05	3.49988100405e-05	0.0	0	0	0	0	0	0	0	0	0	0	0	
Even1;k__Bacteria;p__Gemmatimonadetes;c__Gemm-1;o__;f__;g__	1.39995240162e-05	1.39995240162e-05	1.39995240162e-05	1.39995240162e-05	1.39995240162e-05	1.39995240162e-05	1.39995240162e-05	1.39995240162e-05	1.39995240162e-05	1.39995240162e-05	0	1.39995240162e-05	0	0	0	0	0	1.39995240162e-05	1.39995240162e-05	1.39995240162e-05	1.39995240162e-05	1.39995240162e-05	0	0	0	0	0	0	1.39995240162e-05	1.39995240162e-05	0	
Even1;k__Bacteria;p__Proteobacteria;c__Alphaproteobacteria;o__Rickettsiales;f__Rickettsiaceae;g__Rickettsia	0	0	0	0	0	0	0	0	0	0	0	0	0	0	0	0	0	6.99976200809e-06	0	0	0	0	0	0	0	0	0	0	0	0	0	
Even1;k__Bacteria;p__Actinobacteria;c__Thermoleophilia;o__Solirubrobacterales;Other;Other	0	0	0	0	0	0	0	0.0	0.0	0	0	0	0	0	0	0	0	0	0	0	0	0	0	0	0	0	0.0	0	0	0	0	
Even1;k__Bacteria;p__Proteobacteria;c__Gammaproteobacteria;o__Oceanospirillales;f__Hahellaceae;g__	0	0	0	0	0	0	2.09992860243e-05	2.09992860243e-05	2.09992860243e-05	0	0	0	0	0	0	0	0	2.09992860243e-05	2.09992860243e-05	2.09992860243e-05	0	0	0	0	0	0	0	0	0	0	0	
Even1;k__Bacteria;p__Acidobacteria;c__Acidobacteria-6;o__;f__;g__	0	0	0	0	0	0	6.99976200809e-06	6.99976200809e-06	0	0	0	0	0	0	0	0	0	6.99976200809e-06	6.99976200809e-06	0	0	0	0	0	0	0	0	0	0	0	0	
Even1;k__Bacteria;p__Firmicutes;c__Clostridia;o__Clostridiales;f__Eubacteriaceae;Other	0	0	0	0	0	0	0	0	0	2.09992860243e-05	0	0	0	0	0	0	0	0	0	0.0	2.09992860243e-05	6.99976200809e-06	9.09969061052e-05	0	0	0	0	0	0	0	0	
Even1;k__Bacteria;p__Firmicutes;c__Bacilli;o__Bacillales;f__Paenibacillaceae;g__Ammoniphilus	0	0	0	0	0	0	6.99976200809e-06	0	0	0	0	0	0	0	0	0	0	6.99976200809e-06	0	0	0	0	0	0	0	0	0	0	0	0	0	
Even1;k__Bacteria;p__Actinobacteria;c__Coriobacteriia;o__Coriobacteriales;f__Coriobacteriaceae;g__Coriobacterium	0	0	0	0	0	0	0.0	0	0	0	0	0	0	0	0	0	0	0.0	0	0	0	0	0	0	0	0	0	0	0	0	0	
Even1;k__Bacteria;p__Firmicutes;c__Clostridia;o__Clostridiales;f__Peptococcaceae;g__Dehalobacter_Syntrophobotulus	6.99976200809e-06	6.99976200809e-06	6.99976200809e-06	6.99976200809e-06	6.99976200809e-06	0	6.99976200809e-06	6.99976200809e-06	6.99976200809e-06	6.99976200809e-06	0	0	0	0	0	0	0	6.99976200809e-06	6.99976200809e-06	6.99976200809e-06	6.99976200809e-06	0	0	0	0	0	0	0	0	0	0	
Even1;k__Bacteria;p__Chloroflexi;c__Anaerolineae;o__Anaerolineales;f__Anaerolinaceae;Other	0	0	0	0	0	0	0	0	0	0	0	6.99976200809e-06	6.99976200809e-06	6.99976200809e-06	6.99976200809e-06	0	0	0	0	0	0	0	6.99976200809e-06	6.99976200809e-06	6.99976200809e-06	6.99976200809e-06	0	0	0	0	0	
Even1;k__Bacteria;p__Actinobacteria;c__Actinobacteria;o__Actinomycetales;f__Microbacteriaceae;g__Salinibacterium	0	0	0	0	0	0	2.79990480324e-05	0	0	0	0	0	0	0	0	0	0	0	0	0	0	0	0	0	0	0	0	0	0	0	0	
Even1;k__Bacteria;p__Proteobacteria;c__Gammaproteobacteria;o__Alteromonadales;f__[Chromatiaceae];Other	0	0	0	0	0	0	0	6.99976200809e-06	0	0	0	0	0	0	0	0	0	0	6.99976200809e-06	0	0	0	0	0	0	0	0	0	0	0	0	
Even1;k__Bacteria;p__Proteobacteria;c__Alphaproteobacteria;o__Rickettsiales;f__mitochondria;g__	0	0	0	0	0	0	6.99976200809e-05	6.99976200809e-05	6.99976200809e-05	6.99976200809e-05	0	0	0	0	0	0	0	6.99976200809e-05	6.99976200809e-05	6.99976200809e-05	6.99976200809e-05	0	0	0	0	0	0	0	6.99976200809e-05	6.99976200809e-05	0	
Even1;k__Bacteria;p__Proteobacteria;c__Betaproteobacteria;o__Neisseriales;f__Neisseriaceae;g__Neisseria	0	0	0	0	0	0	4.19985720486e-05	4.19985720486e-05	4.19985720486e-05	4.19985720486e-05	4.19985720486e-05	4.19985720486e-05	4.19985720486e-05	0	0	0	0	4.19985720486e-05	4.19985720486e-05	4.19985720486e-05	4.19985720486e-05	4.19985720486e-05	4.19985720486e-05	4.19985720486e-05	0	0	0	0	0	0	0	
Even1;k__Bacteria;p__Firmicutes;c__Clostridia;o__Clostridiales;f__Lachnospiraceae;g__Lachnospira	6.99976200809e-06	6.99976200809e-06	6.99976200809e-06	6.99976200809e-06	6.99976200809e-06	6.99976200809e-06	0.00348588148003	0.00348588148003	0.00348588148003	0.00348588148003	0.00014699500217	8.39971440971e-05	6.99976200809e-06	6.99976200809e-06	6.99976200809e-06	0	0	0.00348588148003	0.00348588148003	0.00348588148003	0.00348588148003	0.000139995240162	2.09992860243e-05	6.99976200809e-06	6.99976200809e-06	6.99976200809e-06	0	0	5.59980960647e-05	0.000104996430121	0	
Even1;k__Bacteria;p__Proteobacteria;c__Betaproteobacteria;o__MND1;f__;g__	2.79990480324e-05	2.79990480324e-05	2.79990480324e-05	2.79990480324e-05	2.79990480324e-05	2.79990480324e-05	2.79990480324e-05	2.79990480324e-05	2.79990480324e-05	2.79990480324e-05	2.79990480324e-05	2.79990480324e-05	2.79990480324e-05	2.79990480324e-05	2.79990480324e-05	2.79990480324e-05	0	2.79990480324e-05	2.79990480324e-05	2.79990480324e-05	2.79990480324e-05	2.79990480324e-05	2.79990480324e-05	2.79990480324e-05	2.79990480324e-05	2.79990480324e-05	2.79990480324e-05	0	2.79990480324e-05	2.79990480324e-05	0	
Even1;k__Bacteria;p__Firmicutes;c__Erysipelotrichi;o__Erysipelotrichales;f__Erysipelotrichaceae;g__Coprobacillus	0	0	0	0	0	0	0.000125995716146	0.000125995716146	0.000125995716146	0.000104996430121	9.79966681133e-05	2.79990480324e-05	2.79990480324e-05	6.99976200809e-06	0	0	0	0.000125995716146	0.000125995716146	0.000125995716146	0.000118995954138	9.79966681133e-05	8.39971440971e-05	2.79990480324e-05	6.99976200809e-06	0	0	0	0	0	0	
Even1;k__Bacteria;p__Actinobacteria;c__Actinobacteria;o__Actinomycetales;f__;g__	0.000139995240162	0.000139995240162	0.000139995240162	0.000139995240162	0.000139995240162	0.000139995240162	5.59980960647e-05	5.59980960647e-05	5.59980960647e-05	4.19985720486e-05	2.79990480324e-05	2.79990480324e-05	1.39995240162e-05	0	0	0	0	5.59980960647e-05	5.59980960647e-05	5.59980960647e-05	4.19985720486e-05	4.19985720486e-05	2.79990480324e-05	0	0	0	0	0	5.59980960647e-05	5.59980960647e-05	0	
Even1;k__Bacteria;p__Firmicutes;c__Clostridia;o__Clostridiales;f__JTB215;g__	0	0	0	0	0	0	6.99976200809e-05	4.19985720486e-05	2.79990480324e-05	1.39995240162e-05	0	0	0	0	0	0	0	6.99976200809e-05	6.99976200809e-05	2.79990480324e-05	0	0	0	0	0	0	0	0	0	0	0	
Even1;k__Bacteria;p__Proteobacteria;c__Gammaproteobacteria;o__Enterobacteriales;f__Enterobacteriaceae;g__Salmonella	1.39995240162e-05	1.39995240162e-05	1.39995240162e-05	1.39995240162e-05	1.39995240162e-05	1.39995240162e-05	2.79990480324e-05	1.39995240162e-05	1.39995240162e-05	1.39995240162e-05	1.39995240162e-05	0	0	0	0	0	0	6.29978580728e-05	2.79990480324e-05	1.39995240162e-05	1.39995240162e-05	1.39995240162e-05	0	0	0	0	0	0	1.39995240162e-05	0	0	
Even1;k__Bacteria;p__Fusobacteria;c__Fusobacteriia;o__Fusobacteriales;f__Fusobacteriaceae;g__Fusobacterium	2.09992860243e-05	2.09992860243e-05	2.09992860243e-05	2.09992860243e-05	2.09992860243e-05	2.09992860243e-05	1.39995240162e-05	1.39995240162e-05	1.39995240162e-05	1.39995240162e-05	1.39995240162e-05	1.39995240162e-05	1.39995240162e-05	1.39995240162e-05	1.39995240162e-05	1.39995240162e-05	0	1.39995240162e-05	1.39995240162e-05	1.39995240162e-05	1.39995240162e-05	1.39995240162e-05	1.39995240162e-05	1.39995240162e-05	1.39995240162e-05	1.39995240162e-05	1.39995240162e-05	0	2.09992860243e-05	2.09992860243e-05	0	
Even1;k__Bacteria;p__Proteobacteria;c__Gammaproteobacteria;o__Xanthomonadales;f__Xanthomonadaceae;g__Thermomonas	0	0	0	0	0	0	4.89983340566e-05	4.89983340566e-05	4.89983340566e-05	4.89983340566e-05	1.39995240162e-05	0	0	0	0	0	0	4.89983340566e-05	4.89983340566e-05	4.89983340566e-05	2.79990480324e-05	2.79990480324e-05	1.39995240162e-05	0	0	0	0	0	0	0	0	
Even1;k__Bacteria;p__Actinobacteria;c__Actinobacteria;o__Actinomycetales;f__Micromonosporaceae;g__Actinoplanes	0	0	0	0	0	0	0.0	0.0	0.0	0.0	0.0	0.0	0.0	0	0	0	0	0.0	0.0	0.0	0.0	0.0	0.0	0	0	0	0	0	0	0	0	
Even1;k__Bacteria;p__Planctomycetes;c__Planctomycetia;o__Gemmatales;f__Isosphaeraceae;g__	0.0	0.0	0.0	0.0	0.0	0	0.0	0.0	0.0	0.0	0.0	0.0	0.0	0	0	0	0	0.0	0.0	0.0	0.0	0.0	0.0	0	0	0	0	0	0.0	0.0	0	
Even1;k__Bacteria;p__Firmicutes;c__Erysipelotrichi;o__Erysipelotrichales;f__Erysipelotrichaceae;g__Holdemania	0.00417885791883	0.00417885791883	0.00417885791883	0.00417885791883	0.00417885791883	0.00416485839481	0.00420685696686	0.00420685696686	0.00420685696686	0.00419985720486	0.00417185815682	0.00416485839481	0.00412985958477	0.00410186053674	0.00410186053674	0.00391986672453	0	0.00420685696686	0.00420685696686	0.00420685696686	0.00419985720486	0.00416485839481	0.00416485839481	0.00411586006076	0.00410186053674	0.00403186291666	0.00391986672453	0	0.00417885791883	0.00417885791883	0.0147	
Even1;k__Bacteria;p__Actinobacteria;c__Actinobacteria;o__Bifidobacteriales;f__Bifidobacteriaceae;Other	0	0	0	0	0	0	0	1.39995240162e-05	3.49988100405e-05	6.99976200809e-05	6.29978580728e-05	0.000167994288194	0.000391986672453	0.000496983102575	0.00044098500651	0.000405986196469	6.99976200809e-05	0	3.49988100405e-05	6.29978580728e-05	5.59980960647e-05	0.000111996192129	0.00032898881438	0.000510982626591	0.000412985958477	0.000370987386429	0.000258991194299	6.99976200809e-05	0.000153994764178	6.99976200809e-05	0	
Even1;k__Bacteria;p__Acidobacteria;c__Acidobacteriia;o__Acidobacteriales;f__Acidobacteriaceae;Other	0	0	0	0	0	0	0	0	0	0	0	1.39995240162e-05	1.39995240162e-05	0	2.79990480324e-05	0	0	0	0	0	1.39995240162e-05	0	1.39995240162e-05	1.39995240162e-05	0	1.39995240162e-05	1.39995240162e-05	0	0	0	0	
Even1;k__Bacteria;p__Verrucomicrobia;c__;o__;f__;g__	0.0	0.0	0.0	0.0	0.0	0.0	0	0	0	0	0	0	0	0	0	0	0	0	0	0	0	0	0	0	0	0	0	0	0	0.0	0	
Even1;k__Bacteria;p__Firmicutes;c__Bacilli;o__Bacillales;f__Bacillaceae;Other	0	0	0	0	0	0	0	0.0	0	0	0	0	0	0	0	0	0	0	0.0	0	0	0	0	0	0	0	0	0	0	0	0	
Even1;k__Bacteria;p__Proteobacteria;c__Gammaproteobacteria;o__Vibrionales;f__Vibrionaceae;g__Salinivibrio	0	0	0	0	0	0	6.99976200809e-06	6.99976200809e-06	0	0	0	0	0	0	0	0	0	6.99976200809e-06	6.99976200809e-06	0	0	0	0	0	0	0	0	0	0	0	0	
Even1;k__Bacteria;p__Actinobacteria;c__Actinobacteria;o__Actinomycetales;f__Actinomycetaceae;g__Actinomyces	0	0	0	0	0	0	0.0	0.0	0	0	0	0	0	0	0	0	0	0.0	0	0	0	0	0	0	0	0	0	0	0	0	0	
Even1;k__Bacteria;p__Proteobacteria;c__Alphaproteobacteria;o__Rhizobiales;f__Xanthobacteraceae;g__Ancylobacter	0	0	0	0	0	0	0.0	0	0	0	0	0	0	0	0	0	0	0.0	0	0	0	0	0	0	0	0	0	0	0	0	0	
Even1;k__Bacteria;p__Firmicutes;c__Clostridia;o__Clostridiales;f__Clostridiaceae;g__SMB53	9.09969061052e-05	9.09969061052e-05	9.09969061052e-05	9.09969061052e-05	9.09969061052e-05	8.39971440971e-05	0.0146085033109	0.0145805042629	0.0145035068808	0.0144615083087	0.0143285128306	0.0141255197323	0.0140555221122	0.0140555221122	0.0140555221122	0	0	0.0146085033109	0.0146085033109	0.0144895073567	0.0144265094987	0.0143635116406	0.0143005137825	0.0140625218743	0.0140555221122	0	0	0	8.39971440971e-05	0.00390586720052	0	
Even1;k__Bacteria;p__Proteobacteria;c__Gammaproteobacteria;o__Xanthomonadales;f__Xanthomonadaceae;g__Xylella	0	0	0	0	0	0	6.99976200809e-06	0	0	0	0	0	0	0	0	0	0	6.99976200809e-06	6.99976200809e-06	0	0	0	0	0	0	0	0	0	0	0	0	
Even1;k__Bacteria;p__Proteobacteria;c__Gammaproteobacteria;o__Enterobacteriales;f__Enterobacteriaceae;g__Yersinia	0	0	0	0	0	0	0.000251991432291	6.29978580728e-05	1.39995240162e-05	1.39995240162e-05	0	0	0	0	0	0	0	0.000251991432291	0.000251991432291	1.39995240162e-05	0	0	0	0	0	0	0	0	0	0	0	
Even1;k__Bacteria;p__Proteobacteria;c__Gammaproteobacteria;o__;f__;g__	9.79966681133e-05	9.79966681133e-05	9.79966681133e-05	9.79966681133e-05	9.79966681133e-05	9.79966681133e-05	2.79990480324e-05	1.39995240162e-05	1.39995240162e-05	0	0	0	0	0	0	0	0	2.79990480324e-05	1.39995240162e-05	0	0	0	0	0	0	0	0	0	3.49988100405e-05	3.49988100405e-05	0	
Even1;k__Bacteria;p__Planctomycetes;c__Planctomycetia;o__Gemmatales;f__Gemmataceae;Other	0	0	0	0	0	0	0	0	0	0	0.0	0	0.0	0.0	0.0	0.0	0	0	0	0	0	0	0	0.0	0.0	0.0	0.0	0	0	0	0	
Even1;k__Bacteria;p__Chloroflexi;c__Anaerolineae;o__Caldilineales;f__Caldilineaceae;g__	2.09992860243e-05	2.09992860243e-05	2.09992860243e-05	2.09992860243e-05	2.09992860243e-05	0	0	0	0	0	0	0	0	0	0	0	0	0	0	0	0	0	0	0	0	0	0	0	0	0	0	
Even1;k__Bacteria;p__Cyanobacteria;c__Synechococcophycideae;o__Synechococcales;f__Synechococcaceae;Other	0	0	0	0	0	0	0	0	0	0	0	0	0	0	2.09992860243e-05	2.09992860243e-05	2.09992860243e-05	0	0	0	0	0	0	0	0	0	2.09992860243e-05	2.09992860243e-05	0	0	0	
Even1;k__Bacteria;p__Firmicutes;c__Bacilli;o__Bacillales;f__Bacillaceae;g__Anoxybacillus	0	0	0	0	0	0	6.99976200809e-06	6.99976200809e-06	0	0	0	0	0	0	0	0	0	6.99976200809e-06	6.99976200809e-06	0	0	0	0	0	0	0	0	0	0	0	0	
Even1;k__Bacteria;p__Firmicutes;c__Clostridia;o__Clostridiales;f__Clostridiaceae;g__Alkaliphilus	6.99976200809e-06	6.99976200809e-06	6.99976200809e-06	6.99976200809e-06	6.99976200809e-06	6.99976200809e-06	0	0	0	0	0	0	0	0	0	0	0	0	0	0	0	0	0	0	0	0	0	0	0	0	0	
Even1;k__Bacteria;p__Proteobacteria;c__Alphaproteobacteria;o__Rhizobiales;f__Aurantimonadaceae;g__Martelella	0	0	0	0	0	0	0.0	0	0	0	0	0	0	0	0	0	0	0.0	0	0	0	0	0	0	0	0	0	0	0	0	0	
Even1;k__Bacteria;p__Firmicutes;c__Clostridia;o__Clostridiales;f__Clostridiaceae;g__	0.0183323766992	0.0183323766992	0.0183323766992	0.0183323766992	0.0183323766992	0.0182273802691	0.00118995954138	0.00110596239728	0.00108496311125	0.000594979770688	0.000258991194299	6.99976200809e-06	6.99976200809e-06	6.99976200809e-06	0	0	0	0.00118995954138	0.00108496311125	0.00108496311125	0.000265990956307	0.000265990956307	1.39995240162e-05	1.39995240162e-05	0	0	0	0	0.0553191191499	0.0206772969719	0	
Even1;k__Bacteria;p__Actinobacteria;c__Actinobacteria;o__Actinomycetales;f__Nakamurellaceae;g__	0.0	0.0	0.0	0.0	0.0	0.0	0.0	0.0	0.0	0.0	0.0	0.0	0.0	0.0	0	0	0	0.0	0.0	0.0	0.0	0.0	0.0	0.0	0.0	0	0	0	0.0	0.0	0	
Even1;k__Bacteria;p__Acidobacteria;c__[Chloracidobacteria];Other;Other;Other	0	0	0	0	0	0	0	0	0	0	0	0	0	0	0	0	0	0	0	0	0	0	0	0	0	0	6.99976200809e-06	0	0	0	0	
Even1;k__Bacteria;p__Firmicutes;c__Clostridia;o__Clostridiales;f__;g__	0.0180593859809	0.0180593859809	0.0180593859809	0.0180593859809	0.0180593859809	0.0176184009744	0.00115496073134	0.000538981674623	0.000202993098235	5.59980960647e-05	1.39995240162e-05	0	0	0	0	0	0	0.00115496073134	0.000538981674623	0.000223992384259	6.99976200809e-05	0	0	0	0	0	0	0	0.0109616273047	0.0131245537652	0	
Even1;k__Bacteria;p__Proteobacteria;c__Alphaproteobacteria;o__Rhizobiales;f__Hyphomicrobiaceae;g__	0.0	0.0	0.0	0.0	0.0	0.0	0	0	0	0	0	0	0	0	0	0	0	0	0	0	0	0	0	0	0	0	0	0	0	0	0	
Even1;k__Bacteria;p__Proteobacteria;c__Gammaproteobacteria;o__Pasteurellales;f__Pasteurellaceae;g__	1.39995240162e-05	1.39995240162e-05	1.39995240162e-05	1.39995240162e-05	1.39995240162e-05	1.39995240162e-05	0	0	0	0	0	0	0	0	0	0	0	0	0	0	0	0	0	0	0	0	0	0	0	0	0	
Even1;k__Bacteria;p__Bacteroidetes;c__Cytophagia;o__Cytophagales;f__Flammeovirgaceae;Other	0	0	0	0	0	0	0	0	0	0	2.09992860243e-05	0	0	0	0	0	0	0	6.99976200809e-06	0	2.09992860243e-05	0	0	0	0	0	0	0	0	0	0	
Even1;k__Bacteria;p__Firmicutes;c__Clostridia;o__Clostridiales;f__Lachnospiraceae;g__Oribacterium	3.49988100405e-05	3.49988100405e-05	3.49988100405e-05	3.49988100405e-05	3.49988100405e-05	3.49988100405e-05	0.00145595049768	0.00145595049768	0.00145595049768	0.00144195097367	0.00116896025535	0.000566980722655	0.000307989528356	0.000272990718316	0.000244991670283	0	0	0.00145595049768	0.00145595049768	0.00145595049768	0.00144195097367	0.00142795144965	0.000671977152777	0.000300989766348	0.000258991194299	0	0	0	2.79990480324e-05	2.79990480324e-05	0	
Even1;k__Bacteria;p__Cyanobacteria;c__Nostocophycideae;o__Nostocales;f__Nostocaceae;g__Dolichospermum	6.29978580728e-05	6.29978580728e-05	6.29978580728e-05	6.29978580728e-05	6.29978580728e-05	6.29978580728e-05	6.29978580728e-05	6.29978580728e-05	6.29978580728e-05	6.29978580728e-05	6.29978580728e-05	6.29978580728e-05	6.29978580728e-05	6.29978580728e-05	4.19985720486e-05	4.19985720486e-05	0	6.29978580728e-05	6.29978580728e-05	6.29978580728e-05	6.29978580728e-05	6.29978580728e-05	6.29978580728e-05	4.19985720486e-05	4.19985720486e-05	4.19985720486e-05	4.19985720486e-05	0	4.19985720486e-05	4.19985720486e-05	0	
Even1;k__Bacteria;p__Bacteroidetes;c__Bacteroidia;o__Bacteroidales;f__[Paraprevotellaceae];g__[Prevotella]	0.000118995954138	0.000118995954138	0.000118995954138	0.000118995954138	0.000118995954138	0.000111996192129	0.000139995240162	0.000139995240162	0.000139995240162	0.000139995240162	0.000104996430121	0.000104996430121	0	0	0	0	0	0.000139995240162	0.000139995240162	0.000139995240162	0.000139995240162	0.000104996430121	0.000104996430121	0	0	0	0	0	0.000111996192129	0.000104996430121	0	
Even1;k__Bacteria;p__Firmicutes;c__Clostridia;o__Clostridiales;f__Lachnospiraceae;Other	0	0	0	0	0	0	0	0.00128795620949	0.0355167924291	0.0454424549565	0.0572230544161	0.0677506964763	0.0694026403102	0.0734205037029	0.0858520810292	0.11914294914	0.147988968375	0	0.00145595049768	0.0376797188896	0.0448964735199	0.0504052862203	0.0677716957623	0.0734135039409	0.0805322619031	0.0958897397488	0.101552547213	0.134668421274	0.0295249961501	0.02764206017	0	
Even1;k__Bacteria;p__Firmicutes;c__Clostridia;o__Clostridiales;f__Lachnospiraceae;g__Dorea	0.0525612129188	0.0525612129188	0.0525612129188	0.0525612129188	0.0525612129188	0.0524632162506	0.0800002799905	0.0799932802285	0.0667147316991	0.0632428497431	0.0613459142389	0.0586580056278	0.0555851101063	0.0537161736501	0.042362559673	0.0142375159245	0	0.0800002799905	0.0799932802285	0.0644118099985	0.063970824992	0.0625498733043	0.0591899875404	0.0563550839271	0.0446654813736	0.0326818888158	0.0324648961935	0	0.0567680698856	0.0502372919321	0.0147	
Even1;k__Bacteria;p__Actinobacteria;c__Actinobacteria;o__WCHB1-81;f__;g__	0	0	0	0	0	0	1.39995240162e-05	1.39995240162e-05	0	0	0	0	0	0	0	0	0	1.39995240162e-05	1.39995240162e-05	0	0	0	0	0	0	0	0	0	0	0	0	
Even1;k__Archaea;p__Crenarchaeota;c__Thermoprotei;o__Desulfurococcales;f__;g__	0	0	0	0	0	0	6.99976200809e-06	0	0	0	0	0	0	0	0	0	0	6.99976200809e-06	0	0	0	0	0	0	0	0	0	0	0	0	0	
Even1;k__Bacteria;p__Firmicutes;c__Bacilli;o__Bacillales;f__[Exiguobacteraceae];g__Exiguobacterium	6.99976200809e-06	6.99976200809e-06	6.99976200809e-06	6.99976200809e-06	6.99976200809e-06	0	0	0	0	0	0	0	0	0	0	0	0	0	0	0	0	0	0	0	0	0	0	0	0	0	0	
Even1;k__Bacteria;p__Firmicutes;c__Bacilli;o__Lactobacillales;f__Aerococcaceae;g__Alkalibacterium	0	0	0	0	0	0	0.0	0	0	0	0	0	0	0	0	0	0	0.0	0	0	0	0	0	0	0	0	0	0	0	0	0	
Even1;k__Bacteria;p__Gemmatimonadetes;c__Gemmatimonadetes;Other;Other;Other	0	0	0	0	0	0	0	0	0	0	0	0	0	0	0.0	0.0	0	0	0	0	0	0	0	0	0	0.0	0	0	0	0	0	
Even1;k__Bacteria;p__Proteobacteria;c__Betaproteobacteria;o__;f__;g__	2.79990480324e-05	2.79990480324e-05	2.79990480324e-05	2.79990480324e-05	2.79990480324e-05	2.79990480324e-05	2.79990480324e-05	2.79990480324e-05	2.79990480324e-05	2.79990480324e-05	6.99976200809e-06	1.39995240162e-05	0	0	0	0	0	2.79990480324e-05	2.79990480324e-05	2.79990480324e-05	1.39995240162e-05	1.39995240162e-05	1.39995240162e-05	6.99976200809e-06	0	0	0	0	2.79990480324e-05	2.79990480324e-05	0	
Even1;k__Bacteria;p__Actinobacteria;c__Actinobacteria;o__Actinomycetales;f__Microbacteriaceae;g__Microbacterium	6.99976200809e-06	6.99976200809e-06	6.99976200809e-06	6.99976200809e-06	6.99976200809e-06	0	2.09992860243e-05	0	0	0	0	0	0	0	0	0	0	4.89983340566e-05	6.99976200809e-06	0	0	0	0	0	0	0	0	0	6.99976200809e-06	6.99976200809e-06	0	
Even1;k__Bacteria;p__Proteobacteria;c__Deltaproteobacteria;o__Desulfobacterales;f__Desulfobulbaceae;Other	0	0	0	0	0	0	0	0	0	9.79966681133e-05	0	0	0	0	0	0	0	0	0	9.79966681133e-05	9.79966681133e-05	9.79966681133e-05	0	0	0	0	0	0	0	0	0	
Even1;k__Bacteria;p__Proteobacteria;c__Alphaproteobacteria;o__Rhizobiales;f__Hyphomicrobiaceae;g__Rhodobium	0	0	0	0	0	0	0.0	0	0	0	0	0	0	0	0	0	0	0.0	0	0	0	0	0	0	0	0	0	0	0	0	0	
Even1;k__Bacteria;p__Bacteroidetes;c__Flavobacteriia;o__Flavobacteriales;f__Flavobacteriaceae;g__Capnocytophaga	0	0	0	0	0	0	0.00044098500651	0	0	0	0	0	0	0	0	0	0	0.00044098500651	0	0	0	0	0	0	0	0	0	0	0	0	0	
Even1;k__Bacteria;p__Proteobacteria;c__Deltaproteobacteria;o__Desulfovibrionales;f__Desulfovibrionaceae;g__	6.99976200809e-06	6.99976200809e-06	6.99976200809e-06	6.99976200809e-06	6.99976200809e-06	6.99976200809e-06	0	0	0	0	0	0	0	0	0	0	0	0	0	0	0	0	0	0	0	0	0	0	0	0	0	
Even1;k__Bacteria;p__Chloroflexi;Other;Other;Other;Other	0	0	0	0	0	0	0	0	6.99976200809e-06	0	0	0	0	0	2.09992860243e-05	0	0	0	6.99976200809e-06	1.39995240162e-05	0	0	0	0	2.09992860243e-05	2.09992860243e-05	0	1.39995240162e-05	0	0	0	
Even1;k__Bacteria;p__Firmicutes;c__Clostridia;o__Clostridiales;f__Lachnospiraceae;g__Pseudobutyrivibrio	0	0	0	0	0	0	0.000153994764178	0.000153994764178	0.000111996192129	7.6997382089e-05	0	0	0	0	0	0	0	0.000153994764178	0.000153994764178	9.09969061052e-05	8.39971440971e-05	6.99976200809e-05	0	0	0	0	0	0	0	0	0	
Even1;k__Bacteria;p__Firmicutes;c__Erysipelotrichi;o__Erysipelotrichales;f__Erysipelotrichaceae;g__Sharpea	0	0	0	0	0	0	0.000461984292534	0.000447984768518	0.000412985958477	6.99976200809e-05	2.79990480324e-05	0	2.79990480324e-05	0	0	0	0	0.000447984768518	0.000447984768518	0.000412985958477	9.79966681133e-05	4.89983340566e-05	2.79990480324e-05	0	0	0	0	0	0	0	0	
Even1;k__Bacteria;p__Proteobacteria;c__Deltaproteobacteria;o__Syntrophobacterales;f__Syntrophobacteraceae;g__	6.29978580728e-05	6.29978580728e-05	6.29978580728e-05	6.29978580728e-05	6.29978580728e-05	5.59980960647e-05	5.59980960647e-05	5.59980960647e-05	4.89983340566e-05	2.09992860243e-05	2.09992860243e-05	6.99976200809e-06	6.99976200809e-06	6.99976200809e-06	6.99976200809e-06	0	0	5.59980960647e-05	5.59980960647e-05	3.49988100405e-05	3.49988100405e-05	6.99976200809e-06	6.99976200809e-06	6.99976200809e-06	6.99976200809e-06	6.99976200809e-06	0	0	5.59980960647e-05	5.59980960647e-05	0	
Even1;k__Bacteria;p__Proteobacteria;c__Gammaproteobacteria;o__Xanthomonadales;f__Sinobacteraceae;g__	0.000237991908275	0.000237991908275	0.000237991908275	0.000237991908275	0.000237991908275	0.000237991908275	0.000237991908275	0.000237991908275	0.000223992384259	0.000223992384259	0.000104996430121	6.29978580728e-05	6.29978580728e-05	2.79990480324e-05	6.99976200809e-06	0	0	0.000237991908275	0.000237991908275	0.000237991908275	0.000237991908275	0.000118995954138	6.29978580728e-05	6.29978580728e-05	2.79990480324e-05	2.09992860243e-05	0	0	0.000237991908275	0.000237991908275	0	
Even1;k__Bacteria;p__Firmicutes;c__Clostridia;o__Clostridiales;f__[Tissierellaceae];g__Sporanaerobacter	0	0	0	0	0	0	0	0	0	0	0	0	0	0	0	0	0	0	0	0	0	0	0	0	0	0	0	0	0	6.99976200809e-06	0	
Even1;k__Bacteria;p__Bacteroidetes;c__Bacteroidia;o__Bacteroidales;f__Porphyromonadaceae;g__Candidatus Azobacteroides	6.99976200809e-06	6.99976200809e-06	6.99976200809e-06	6.99976200809e-06	6.99976200809e-06	6.99976200809e-06	0	0	0	0	0	0	0	0	0	0	0	2.09992860243e-05	2.09992860243e-05	2.09992860243e-05	0	0	0	0	0	0	0	0	0	0	0	
Even1;k__Bacteria;p__Proteobacteria;c__Gammaproteobacteria;o__Thiotrichales;Other;Other	0	0	0	0	0	0	0	0	0	0	0	0	0	0	0	0	0	0	0	6.99976200809e-06	0	0	0	0	0	0	0	0	0	0	0	
Even1;k__Bacteria;p__Proteobacteria;c__Gammaproteobacteria;o__Methylococcales;f__Methylococcaceae;g__Methylocaldum	2.79990480324e-05	2.79990480324e-05	2.79990480324e-05	2.79990480324e-05	2.79990480324e-05	0	0	0	0	0	0	0	0	0	0	0	0	0	0	0	0	0	0	0	0	0	0	0	0	0	0	
Even1;k__Bacteria;p__Bacteroidetes;c__Bacteroidia;o__Bacteroidales;f__Porphyromonadaceae;g__Porphyromonas	2.09992860243e-05	2.09992860243e-05	2.09992860243e-05	2.09992860243e-05	2.09992860243e-05	1.39995240162e-05	1.39995240162e-05	1.39995240162e-05	1.39995240162e-05	1.39995240162e-05	1.39995240162e-05	1.39995240162e-05	1.39995240162e-05	1.39995240162e-05	1.39995240162e-05	1.39995240162e-05	1.39995240162e-05	1.39995240162e-05	1.39995240162e-05	1.39995240162e-05	1.39995240162e-05	1.39995240162e-05	1.39995240162e-05	1.39995240162e-05	1.39995240162e-05	1.39995240162e-05	1.39995240162e-05	0	2.09992860243e-05	1.39995240162e-05	0	
Even1;k__Bacteria;p__Acidobacteria;c__DA052;o__Ellin6513;f__;g__	0.00029399000434	0.00029399000434	0.00029399000434	0.00029399000434	0.00029399000434	0.000279990480324	0.000279990480324	0.000279990480324	0.000279990480324	0.000279990480324	0.000279990480324	0.000279990480324	0.000265990956307	0.000265990956307	0.000265990956307	0.000237991908275	0.000125995716146	0.000279990480324	0.000279990480324	0.000279990480324	0.000279990480324	0.000279990480324	0.000279990480324	0.000279990480324	0.000265990956307	0.000265990956307	0.000237991908275	0.000125995716146	0.00029399000434	0.00029399000434	0	
Even1;k__Bacteria;p__Proteobacteria;c__Gammaproteobacteria;o__Vibrionales;f__Vibrionaceae;Other	0	0	0	0	0	0	0	0	6.99976200809e-06	6.99976200809e-06	0	0	0	0	0	0	0	0	0	6.99976200809e-06	6.99976200809e-06	0	0	0	0	0	0	0	0	0	0	
Even1;k__Archaea;p__Euryarchaeota;c__Thermoplasmata;o__Thermoplasmatales;f__;g__	0	0	0	0	0	0	6.99976200809e-06	6.99976200809e-06	6.99976200809e-06	0	0	0	0	0	0	0	0	6.99976200809e-06	6.99976200809e-06	6.99976200809e-06	0	0	0	0	0	0	0	0	0	0	0	
Even1;k__Bacteria;p__Proteobacteria;c__Deltaproteobacteria;o__Desulfuromonadales;f__Pelobacteraceae;g__	0	0	0	0	0	0	0	0	0	0	0	0	0	0	0	0	0	0	0	0	0	0	0	0	0	0	0	0	0	3.49988100405e-05	0	
Even1;k__Bacteria;p__Planctomycetes;c__Planctomycetia;o__Gemmatales;f__Isosphaeraceae;g__Singulisphaera	0	0	0	0	0	0	0.0	0	0	0	0	0	0	0	0	0	0	0.0	0	0	0	0	0	0	0	0	0	0	0	0	0	
Even1;k__Bacteria;p__Proteobacteria;c__Deltaproteobacteria;o__Syntrophobacterales;Other;Other	0	0	0	0	0	0	0	0	0	0	0	0	0	0	0	0	0	0	0	1.39995240162e-05	0	0	0	0	0	0	0	0	0	0	0	
Even1;k__Bacteria;p__Proteobacteria;c__Betaproteobacteria;o__Burkholderiales;f__Alcaligenaceae;g__	0.0	0.0	0.0	0.0	0	0	0	0	0	0	0	0	0	0	0	0	0	0	0	0	0	0	0	0	0	0	0	0	0	0	0	
Even1;k__Bacteria;p__Actinobacteria;c__Actinobacteria;o__Actinomycetales;f__ACK-M1;g__	2.09992860243e-05	2.09992860243e-05	2.09992860243e-05	2.09992860243e-05	2.09992860243e-05	2.09992860243e-05	0.000104996430121	0.000104996430121	0.000104996430121	0.000104996430121	0.000104996430121	0.000104996430121	9.79966681133e-05	9.79966681133e-05	9.79966681133e-05	9.79966681133e-05	0.0	0.000104996430121	0.000104996430121	0.000104996430121	0.000104996430121	0.000104996430121	0.000104996430121	9.79966681133e-05	9.79966681133e-05	9.79966681133e-05	9.79966681133e-05	0	9.09969061052e-05	8.39971440971e-05	0	
Even1;k__Bacteria;p__Proteobacteria;c__Gammaproteobacteria;o__Methylococcales;Other;Other	0	0	0	0	0	0	0	1.39995240162e-05	1.39995240162e-05	1.39995240162e-05	1.39995240162e-05	0	2.79990480324e-05	0	0	0	0	0	1.39995240162e-05	1.39995240162e-05	1.39995240162e-05	0	0	0	3.49988100405e-05	0	0	0	6.99976200809e-06	0	0	
Even1;k__Bacteria;p__Firmicutes;c__Clostridia;o__Clostridiales;f__Lachnospiraceae;g__Blautia	0.00876370203413	0.00876370203413	0.00876370203413	0.00876370203413	0.00876370203413	0.00871470370007	0.00953367585502	0.00953367585502	0.00953367585502	0.00953367585502	0.00942167966289	0.00888969775028	0.00879870084417	0.00850471083983	0.00844171298176	0.0083017177416	0.00345088266999	0.00953367585502	0.00953367585502	0.00953367585502	0.009519676331	0.00939368061486	0.00889669751228	0.0087357029861	0.00859570774594	0.00844171298176	0.00718875558231	0.00590779913483	0.00742674749059	0.00524282174406	0	
Even1;k__Bacteria;p__Firmicutes;c__Bacilli;o__Lactobacillales;Other;Other	0	0	0	0	0	0	0	6.99976200809e-06	1.39995240162e-05	3.49988100405e-05	2.09992860243e-05	2.79990480324e-05	0.000139995240162	0.000216992622251	0.000524982150607	9.79966681133e-05	0.0135585390097	0	1.39995240162e-05	6.99976200809e-06	4.19985720486e-05	2.79990480324e-05	4.19985720486e-05	4.19985720486e-05	0.000139995240162	0.000545981436631	0.000104996430121	0.00424885553891	0	0	0	
Even1;Unclassified;Other;Other;Other;Other;Other	0	0	0	0	0	0	0	0	0	0	0	0	0	0	0	0	0	0	0	0.0	6.99976200809e-06	1.39995240162e-05	2.09992860243e-05	2.09992860243e-05	2.09992860243e-05	9.09969061052e-05	0.000531981912615	0.0229172208145	0	0	0	
Even1;k__Bacteria;p__Proteobacteria;c__Gammaproteobacteria;o__Methylococcales;f__;g__	6.99976200809e-06	6.99976200809e-06	6.99976200809e-06	6.99976200809e-06	6.99976200809e-06	6.99976200809e-06	0	0	0	0	0	0	0	0	0	0	0	0	0	0	0	0	0	0	0	0	0	0	0	0	0	
Even1;k__Archaea;p__Euryarchaeota;Other;Other;Other;Other	0	0	0	0	0	0	0	0.0	6.99976200809e-06	0	0	0	0	0	0	0	6.99976200809e-06	0	0.0	6.99976200809e-06	6.99976200809e-06	0	0	0	0	0	0	0	0	0	0	
Even1;k__Bacteria;p__Bacteroidetes;c__Bacteroidia;o__Bacteroidales;f__Porphyromonadaceae;g__Parabacteroides	0.0196553317187	0.0196553317187	0.0196553317187	0.0196553317187	0.0196553317187	0.0196203329087	0.0196483319567	0.0196483319567	0.0196343324327	0.0195293360026	0.0193893407624	0.0193333426663	0.0191443490921	0.0188153602778	0.0186753650376	0.0185353697974	0.0184093740813	0.0196483319567	0.0196483319567	0.0196133331467	0.0195293360026	0.0194733379065	0.0192913440943	0.0191093502821	0.0188783581358	0.0186193669415	0.0185353697974	0	0.0195643348126	0.0196833307668	0.0147	
Even1;k__Bacteria;p__Proteobacteria;c__Deltaproteobacteria;o__;f__;g__	0	0	0	0	0	0	1.39995240162e-05	0	0	0	0	0	0	0	0	0	0	1.39995240162e-05	0	0	0	0	0	0	0	0	0	0	0	0	0	
Even1;k__Bacteria;p__Actinobacteria;c__Thermoleophilia;o__Solirubrobacterales;f__Solirubrobacteraceae;Other	0	0	0	0	0	0	0	0	0	0	0.0	0	0	0	0	0	0	0	0	0	0	0	0	0	0	0	0	0	0	0	0	
Even1;k__Bacteria;p__Bacteroidetes;c__[Saprospirae];o__[Saprospirales];f__Chitinophagaceae;g__Niabella	0	0	0	0	0	0	1.39995240162e-05	1.39995240162e-05	1.39995240162e-05	1.39995240162e-05	1.39995240162e-05	1.39995240162e-05	1.39995240162e-05	0	0	0	0	1.39995240162e-05	1.39995240162e-05	1.39995240162e-05	1.39995240162e-05	1.39995240162e-05	1.39995240162e-05	1.39995240162e-05	0	0	0	0	0	0	0	
Even1;k__Bacteria;p__Proteobacteria;c__Gammaproteobacteria;Other;Other;Other	0	0	0	0	0	0	0	0.000209992860243	0.000713975724825	0.00128095644748	0.00214892693648	0.00307289552155	0.00395486553457	0.00576780389467	0.0417605801403	0.0431045344458	0.0387226834288	0	0.000132995478154	0.000531981912615	0.00119695930338	0.0021629264605	0.00313589337963	0.00402486315465	0.00703476081813	0.0339768447873	0.0410816032255	0.0287130237572	0.0259061191919	0.000608979294704	0	
Even1;k__Bacteria;p__Nitrospirae;c__Nitrospira;o__Nitrospirales;f__0319-6A21;g__	1.39995240162e-05	1.39995240162e-05	1.39995240162e-05	1.39995240162e-05	1.39995240162e-05	1.39995240162e-05	1.39995240162e-05	1.39995240162e-05	1.39995240162e-05	1.39995240162e-05	1.39995240162e-05	1.39995240162e-05	1.39995240162e-05	0.0	0.0	0.0	0	1.39995240162e-05	1.39995240162e-05	1.39995240162e-05	1.39995240162e-05	1.39995240162e-05	1.39995240162e-05	1.39995240162e-05	0.0	0.0	0.0	0	1.39995240162e-05	1.39995240162e-05	0	
Even1;k__Bacteria;p__Proteobacteria;c__Gammaproteobacteria;o__Pseudomonadales;Other;Other	0	0	0	0	0	0	0	1.39995240162e-05	1.39995240162e-05	0	0	0	0	0	0	0	0	0	0	0	0	0	0	0	0	0	0	0	0	0	0	
Even1;k__Bacteria;p__Planctomycetes;c__;o__;f__;g__	4.89983340566e-05	4.89983340566e-05	4.89983340566e-05	4.89983340566e-05	4.89983340566e-05	0	0	0	0	0	0	0	0	0	0	0	0	0	0	0	0	0	0	0	0	0	0	0	4.89983340566e-05	4.89983340566e-05	0	
Even1;k__Bacteria;p__Firmicutes;c__Clostridia;o__Clostridiales;Other;Other	0	0	0	0	0	0	0	0.000685976676793	0.00127395668547	0.00177093978805	0.00200893169632	0.00239391860677	0.00594279794487	0.00597779675491	0.00710475843821	0.00324788957175	0.0152944799877	0	0.000636978342736	0.00123895787543	0.00156794668981	0.00206492979239	0.00228892217665	0.00289790147135	0.00645378057146	0.00846971202979	0.0217482605591	0.0166384342932	0.0113046156431	0.0066567736697	0	
Even1;k__Bacteria;p__Proteobacteria;c__Gammaproteobacteria;o__Xanthomonadales;f__Xanthomonadaceae;g__Luteimonas	0.000279990480324	0.000279990480324	0.000279990480324	0.000279990480324	0.000279990480324	0.000279990480324	0.0	0.0	0	0	0	0	0	0	0	0	0	0.0	0	0	0	0	0	0	0	0	0	0	0	0	0	
Even1;k__Bacteria;p__Proteobacteria;c__Betaproteobacteria;o__A21b;f__;g__	0	0	0	0	0	0	1.39995240162e-05	0.0	0	0	0	0	0	0	0	0	0	1.39995240162e-05	0	0	0	0	0	0	0	0	0	0	0	0	0	
Even1;k__Bacteria;p__Proteobacteria;c__Gammaproteobacteria;o__Xanthomonadales;f__Sinobacteraceae;Other	0	0	0	0	0	0	0	0	1.39995240162e-05	0	0	0	0	0	1.39995240162e-05	0	0	0	0	0	0	0	0	0	0	0	0	0	0	0	0	
Even1;k__Bacteria;p__Proteobacteria;c__Gammaproteobacteria;o__Alteromonadales;f__Alteromonadaceae;g__ND137	0	0	0	0	0	0	6.99976200809e-06	0	0	0	0	0	0	0	0	0	0	6.99976200809e-06	0	0	0	0	0	0	0	0	0	0	0	0	0	
Even1;k__Bacteria;p__Proteobacteria;c__Gammaproteobacteria;o__Alteromonadales;Other;Other	0	0	0	0	0	0	0	9.79966681133e-05	6.29978580728e-05	2.79990480324e-05	1.39995240162e-05	1.39995240162e-05	1.39995240162e-05	1.39995240162e-05	0	0	0	0	0.000104996430121	5.59980960647e-05	4.19985720486e-05	0.0	1.39995240162e-05	1.39995240162e-05	0	0	0	0	0	0	0	
Even1;k__Bacteria;p__Proteobacteria;c__Betaproteobacteria;o__Burkholderiales;f__Comamonadaceae;g__Hydrogenophaga	0	0	0	0	0	0	0.0	0	0	0	0	0	0	0	0	0	0	0.0	0	0	0	0	0	0	0	0	0	0	0	0	0	
Even1;k__Bacteria;p__Actinobacteria;c__Thermoleophilia;o__Solirubrobacterales;f__;g__	0.0	0.0	0.0	0.0	0.0	0.0	0.0	0.0	0.0	0.0	0.0	0.0	0.0	0.0	0.0	0	0	0.0	0.0	0.0	0.0	0.0	0.0	0.0	0.0	0.0	0	0	0.0	0.0	0	
Even1;k__Bacteria;p__Tenericutes;c__Mollicutes;o__RF39;f__;g__	3.49988100405e-05	3.49988100405e-05	3.49988100405e-05	3.49988100405e-05	3.49988100405e-05	3.49988100405e-05	3.49988100405e-05	3.49988100405e-05	3.49988100405e-05	3.49988100405e-05	3.49988100405e-05	3.49988100405e-05	3.49988100405e-05	3.49988100405e-05	3.49988100405e-05	3.49988100405e-05	0	3.49988100405e-05	3.49988100405e-05	3.49988100405e-05	3.49988100405e-05	3.49988100405e-05	3.49988100405e-05	3.49988100405e-05	3.49988100405e-05	3.49988100405e-05	3.49988100405e-05	0	3.49988100405e-05	3.49988100405e-05	0	
Even1;k__Bacteria;p__Proteobacteria;c__Betaproteobacteria;o__Burkholderiales;f__;g__	0.0	0.0	0.0	0.0	0.0	0.0	1.39995240162e-05	1.39995240162e-05	0	0	0	0	0	0	0	0	0	1.39995240162e-05	0	0	0	0	0	0	0	0	0	0	0	0	0	
Even1;k__Bacteria;p__Verrucomicrobia;c__[Spartobacteria];o__[Chthoniobacterales];f__[Chthoniobacteraceae];g__DA101	8.39971440971e-05	8.39971440971e-05	8.39971440971e-05	8.39971440971e-05	8.39971440971e-05	8.39971440971e-05	8.39971440971e-05	8.39971440971e-05	8.39971440971e-05	8.39971440971e-05	8.39971440971e-05	6.99976200809e-05	6.99976200809e-05	6.99976200809e-05	5.59980960647e-05	4.89983340566e-05	0	8.39971440971e-05	8.39971440971e-05	8.39971440971e-05	8.39971440971e-05	6.99976200809e-05	6.99976200809e-05	6.99976200809e-05	5.59980960647e-05	5.59980960647e-05	3.49988100405e-05	6.99976200809e-06	8.39971440971e-05	8.39971440971e-05	0	
Even1;k__Bacteria;p__Proteobacteria;c__Deltaproteobacteria;o__Myxococcales;f__Polyangiaceae;Other	0	0	0	0	0	0	0	0	1.39995240162e-05	1.39995240162e-05	0	1.39995240162e-05	0	0	0	0	0	0	0	1.39995240162e-05	1.39995240162e-05	1.39995240162e-05	0	0	0	0	0	0	0	0	0	
Even1;k__Bacteria;p__Chloroflexi;c__Anaerolineae;o__Anaerolineales;f__Anaerolinaceae;g__WCHB1-05	6.99976200809e-06	6.99976200809e-06	6.99976200809e-06	6.99976200809e-06	6.99976200809e-06	6.99976200809e-06	6.99976200809e-06	6.99976200809e-06	6.99976200809e-06	6.99976200809e-06	6.99976200809e-06	0.0	0.0	0.0	0.0	0.0	0.0	6.99976200809e-06	6.99976200809e-06	6.99976200809e-06	6.99976200809e-06	6.99976200809e-06	0.0	0.0	0.0	0.0	0.0	0.0	6.99976200809e-06	6.99976200809e-06	0	
Even1;k__Bacteria;p__Proteobacteria;c__Alphaproteobacteria;o__Rhizobiales;f__Bradyrhizobiaceae;g__	4.19985720486e-05	4.19985720486e-05	4.19985720486e-05	4.19985720486e-05	4.19985720486e-05	4.19985720486e-05	0.0	0.0	0.0	0.0	0.0	0	0	0	0	0	0	0.0	0.0	0.0	0.0	0.0	0	0	0	0	0	0	0.0	2.79990480324e-05	0	
Even1;k__Bacteria;p__Proteobacteria;c__Alphaproteobacteria;o__Rhodobacterales;f__Rhodobacteraceae;g__Octadecabacter	0.0	0.0	0.0	0.0	0.0	0.0	0.0	0.0	0.0	0.0	0.0	0.0	0.0	0.0	0.0	0.0	0	0.0	0.0	0.0	0.0	0.0	0.0	0.0	0.0	0.0	0.0	0	0	0	0	
Even1;k__Bacteria;p__Proteobacteria;c__Alphaproteobacteria;o__Rhodospirillales;f__Rhodospirillaceae;g__	4.89983340566e-05	4.89983340566e-05	4.89983340566e-05	4.89983340566e-05	4.89983340566e-05	4.89983340566e-05	4.89983340566e-05	4.89983340566e-05	4.89983340566e-05	1.39995240162e-05	0	0	0	0	0	0	0	4.89983340566e-05	4.89983340566e-05	4.89983340566e-05	2.79990480324e-05	1.39995240162e-05	0	0	0	0	0	0	4.89983340566e-05	4.89983340566e-05	0	
Even1;k__Archaea;p__Crenarchaeota;c__Thaumarchaeota;o__Cenarchaeales;f__Cenarchaeaceae;g__	0	0	0	0	0	0	0	0	0	0	0	0	0	0	0	0	0	0	0	0	0	0	0	0	0	0	0	0	0	2.09992860243e-05	0	
Even1;k__Bacteria;p__Proteobacteria;c__Gammaproteobacteria;o__Xanthomonadales;f__Xanthomonadaceae;g__Stenotrophomonas	0	0	0	0	0	0	0.0	0	0	0	0	0	0	0	0	0	0	0.0	0	0	0	0	0	0	0	0	0	0	0	0	0	
Even1;k__Bacteria;p__Proteobacteria;c__Gammaproteobacteria;o__Xanthomonadales;f__Xanthomonadaceae;g__Dokdonella	6.99976200809e-06	6.99976200809e-06	6.99976200809e-06	6.99976200809e-06	6.99976200809e-06	0	0	0	0	0	0	0	0	0	0	0	0	0	0	0	0	0	0	0	0	0	0	0	0	0	0	
Even1;k__Bacteria;p__Actinobacteria;c__Actinobacteria;o__Actinomycetales;f__Intrasporangiaceae;g__Knoellia	0	0	0	0	0	0	0	0	0	0	0	0	0	0	0	0	0	0.0	0.0	0.0	0	0	0	0	0	0	0	0	0	0	0	
Even1;k__Bacteria;p__Proteobacteria;c__Betaproteobacteria;o__Burkholderiales;f__Comamonadaceae;g__	6.99976200809e-05	6.99976200809e-05	6.99976200809e-05	6.99976200809e-05	6.99976200809e-05	6.99976200809e-05	0	0	0	0	0	0	0	0	0	0	0	0	0	0	0	0	0	0	0	0	0	0	2.09992860243e-05	2.09992860243e-05	0	
Even1;k__Bacteria;p__Firmicutes;c__Clostridia;o__Clostridiales;f__Clostridiaceae;g__02d06	0.000167994288194	0.000167994288194	0.000167994288194	0.000167994288194	0.000167994288194	0.000167994288194	6.99976200809e-06	6.99976200809e-06	0	0	0	0	0	0	0	0	0	6.99976200809e-06	0	0	0	0	0	0	0	0	0	0	0.000125995716146	0.000111996192129	0	
Even1;k__Bacteria;p__Proteobacteria;c__Gammaproteobacteria;o__Pseudomonadales;f__Moraxellaceae;g__Acinetobacter	3.49988100405e-05	3.49988100405e-05	3.49988100405e-05	3.49988100405e-05	3.49988100405e-05	3.49988100405e-05	3.49988100405e-05	3.49988100405e-05	3.49988100405e-05	3.49988100405e-05	3.49988100405e-05	3.49988100405e-05	3.49988100405e-05	3.49988100405e-05	3.49988100405e-05	3.49988100405e-05	3.49988100405e-05	3.49988100405e-05	3.49988100405e-05	3.49988100405e-05	3.49988100405e-05	3.49988100405e-05	3.49988100405e-05	3.49988100405e-05	3.49988100405e-05	3.49988100405e-05	3.49988100405e-05	3.49988100405e-05	3.49988100405e-05	3.49988100405e-05	0	
Even1;k__Bacteria;p__Cyanobacteria;c__Oscillatoriophycideae;o__Chroococcales;f__Chroococcaceae;g__	0.0	0.0	0.0	0.0	0.0	0	0	0	0	0	0	0	0	0	0	0	0	0	0	0	0	0	0	0	0	0	0	0	0	0	0	
Even1;k__Bacteria;p__Bacteroidetes;c__Flavobacteriia;o__Flavobacteriales;f__Flavobacteriaceae;g__Flavobacterium	6.99976200809e-06	6.99976200809e-06	6.99976200809e-06	6.99976200809e-06	6.99976200809e-06	6.99976200809e-06	0.0	0.0	0.0	0.0	0.0	0.0	0.0	0.0	0.0	0.0	0	0.0	0.0	0.0	0.0	0.0	0.0	0.0	0.0	0.0	0.0	0.0	6.99976200809e-06	6.99976200809e-06	0	
Even1;k__Bacteria;p__Proteobacteria;c__Gammaproteobacteria;o__Alteromonadales;f__Alteromonadaceae;g__	0.0	0.0	0.0	0.0	0.0	0.0	0.0	0.0	0	0	0	0	0	0	0	0	0	0.0	0.0	0	0	0	0	0	0	0	0	0	0.0	0	0	
Even1;k__Bacteria;p__Proteobacteria;c__Alphaproteobacteria;o__Rhizobiales;f__Hyphomicrobiaceae;g__Rhodoplanes	1.39995240162e-05	1.39995240162e-05	1.39995240162e-05	1.39995240162e-05	1.39995240162e-05	1.39995240162e-05	1.39995240162e-05	1.39995240162e-05	1.39995240162e-05	1.39995240162e-05	1.39995240162e-05	1.39995240162e-05	1.39995240162e-05	1.39995240162e-05	1.39995240162e-05	1.39995240162e-05	0	1.39995240162e-05	1.39995240162e-05	1.39995240162e-05	1.39995240162e-05	1.39995240162e-05	1.39995240162e-05	1.39995240162e-05	1.39995240162e-05	1.39995240162e-05	0	0	1.39995240162e-05	1.39995240162e-05	0	
Even1;k__Bacteria;p__Bacteroidetes;c__Flavobacteriia;o__Flavobacteriales;f__Flavobacteriaceae;g__Lutimonas	0	0	0	0	0	0	6.99976200809e-06	6.99976200809e-06	6.99976200809e-06	6.99976200809e-06	6.99976200809e-06	6.99976200809e-06	6.99976200809e-06	6.99976200809e-06	0	0	0	6.99976200809e-06	6.99976200809e-06	6.99976200809e-06	6.99976200809e-06	6.99976200809e-06	6.99976200809e-06	6.99976200809e-06	6.99976200809e-06	0	0	0	0	0	0	
Even1;k__Bacteria;p__Firmicutes;c__Clostridia;o__Clostridiales;f__Lachnospiraceae;g__Coprococcus	3.49988100405e-05	3.49988100405e-05	3.49988100405e-05	3.49988100405e-05	3.49988100405e-05	3.49988100405e-05	0.000615979056712	0.000538981674623	0.00029399000434	0.000251991432291	4.19985720486e-05	4.19985720486e-05	4.19985720486e-05	2.79990480324e-05	2.79990480324e-05	2.79990480324e-05	0	0.000615979056712	0.000419985720486	0.00029399000434	0.000244991670283	4.19985720486e-05	4.19985720486e-05	4.19985720486e-05	2.79990480324e-05	2.79990480324e-05	2.79990480324e-05	2.09992860243e-05	2.09992860243e-05	2.09992860243e-05	0.0147	
Even1;k__Bacteria;p__Firmicutes;c__Clostridia;o__Natranaerobiales;f__;g__	0.0	0.0	0.0	0.0	0.0	0	0	0	0	0	0	0	0	0	0	0	0	0	0	0	0	0	0	0	0	0	0	0	0	0	0	
Even1;k__Bacteria;p__Proteobacteria;c__Gammaproteobacteria;o__Chromatiales;f__;g__	6.99976200809e-05	6.99976200809e-05	6.99976200809e-05	6.99976200809e-05	6.99976200809e-05	6.99976200809e-05	9.09969061052e-05	5.59980960647e-05	4.19985720486e-05	1.39995240162e-05	1.39995240162e-05	0	0	0	0	0	0	9.09969061052e-05	4.19985720486e-05	1.39995240162e-05	1.39995240162e-05	0	0	0	0	0	0	0	0.000104996430121	6.99976200809e-05	0	
Even1;k__Bacteria;p__Firmicutes;c__Clostridia;o__Clostridiales;f__Ruminococcaceae;g__Ruminococcus	0.00018199381221	0.00018199381221	0.00018199381221	0.00018199381221	0.00018199381221	0.000167994288194	0.00713975724825	0.00713275748625	0.00713275748625	0.00710475843821	0.0070907589142	0.00706975962817	0.00706275986616	0.00704176058014	0.00703476081813	0.00695076367404	0	0.00713975724825	0.00713975724825	0.00713275748625	0.00711175820022	0.00709775867621	0.00708375915219	0.00705576010416	0.00704176058014	0.00703476081813	0.00701376153211	0	4.89983340566e-05	7.6997382089e-05	0.0735	
Even1;k__Bacteria;p__Proteobacteria;c__Betaproteobacteria;o__Burkholderiales;f__Oxalobacteraceae;g__Polynucleobacter	0.0	0.0	0.0	0.0	0.0	0.0	0.0	0.0	0.0	0.0	0.0	0.0	0.0	0.0	0	0	0	0.0	0.0	0.0	0.0	0.0	0.0	0.0	0	0	0	0	0.0	0.0	0	
Even1;k__Bacteria;p__Proteobacteria;c__Betaproteobacteria;o__Burkholderiales;f__Comamonadaceae;g__Pelomonas	0	0	0	0	0	0	0.0	0.0	0	0	0	0	0	0	0	0	0	0.0	0.0	0	0	0	0	0	0	0	0	0	0	0	0	
Even1;k__Bacteria;p__Firmicutes;c__Clostridia;o__Thermoanaerobacterales;Other;Other	0	0	0	0	0	0	0	0	0	0	0	0	0	0	0	0	0	0	0.0	0	0	0	0	0	0	0	0	0	0	0	0	
Even1;k__Bacteria;p__Bacteroidetes;c__Bacteroidia;o__Bacteroidales;f__[Paraprevotellaceae];g__	0	0	0	0	0	0	1.39995240162e-05	1.39995240162e-05	1.39995240162e-05	0	0	0	0	0	0	0	0	1.39995240162e-05	1.39995240162e-05	1.39995240162e-05	0	0	0	0	0	0	0	0	0	0	0	
Even1;k__Bacteria;p__Proteobacteria;c__Alphaproteobacteria;o__Rhodospirillales;f__Rhodospirillaceae;Other	0	0	0	0	0	0	0	0	0	2.09992860243e-05	2.79990480324e-05	0	0	0	0	0	0	0	0	0	6.99976200809e-06	1.39995240162e-05	2.79990480324e-05	0	0	0	0	0	0	0	0	
Even1;k__Bacteria;p__Spirochaetes;Other;Other;Other;Other	0	0	0	0	0	0	0	0.0	0	0	0	0	0	0	0	0	0	0	0.0	0	0	0	0	0	0	0	0	0	0	0	0	
Even1;k__Bacteria;p__Proteobacteria;c__Gammaproteobacteria;o__Methylococcales;f__Crenotrichaceae;g__Crenothrix	0	0	0	0	0	0	4.89983340566e-05	3.49988100405e-05	3.49988100405e-05	3.49988100405e-05	3.49988100405e-05	3.49988100405e-05	6.99976200809e-06	0	0	0	0	4.89983340566e-05	3.49988100405e-05	3.49988100405e-05	3.49988100405e-05	3.49988100405e-05	3.49988100405e-05	3.49988100405e-05	0	0	0	0	2.79990480324e-05	3.49988100405e-05	0	
Even1;k__Bacteria;p__Proteobacteria;c__Gammaproteobacteria;o__Enterobacteriales;f__Enterobacteriaceae;g__Trabulsiella	0	0	0	0	0	0	0.000363987624421	0.000363987624421	0.000188993574218	0.000223992384259	5.59980960647e-05	5.59980960647e-05	2.79990480324e-05	2.79990480324e-05	0	0	0	0.000363987624421	0.000363987624421	0.000286990242332	0.000216992622251	5.59980960647e-05	2.79990480324e-05	5.59980960647e-05	2.79990480324e-05	0	0	0	0	6.99976200809e-05	0	
Even1;k__Bacteria;p__Proteobacteria;c__Alphaproteobacteria;o__Rickettsiales;f__;g__	6.99976200809e-06	6.99976200809e-06	6.99976200809e-06	6.99976200809e-06	6.99976200809e-06	6.99976200809e-06	0	0	0	0	0	0	0	0	0	0	0	0	0	0	0	0	0	0	0	0	0	0	0	0	0	
Even1;k__Bacteria;p__Bacteroidetes;c__Flavobacteriia;o__Flavobacteriales;f__[Weeksellaceae];Other	0	0	0	0	0	0	0	0.0	0	0	0	0	0	0	0	0	0	0	0	0	0	0	0	0	0	0	0	0	0	0	0	
Even1;k__Bacteria;p__Firmicutes;c__Clostridia;o__Clostridiales;f__Ruminococcaceae;g__Oscillospira	0.00158194621383	0.00158194621383	0.00158194621383	0.00158194621383	0.00158194621383	0.00158194621383	0.0015609469278	0.0015609469278	0.0015609469278	0.0015539471658	0.00153994764178	0.00152594811776	0.00151194859375	0.00150494883174	0.00150494883174	0.00149794906973	0	0.0015609469278	0.0015609469278	0.0015609469278	0.0015609469278	0.00153994764178	0.00151194859375	0.00152594811776	0.00150494883174	0.00150494883174	0.00149094930772	0	0.00160994526186	0.00163094454789	0	
Even1;k__Bacteria;p__Bacteroidetes;c__Bacteroidia;o__Bacteroidales;f__Rikenellaceae;g__Rikenella	0	0	0	0	0	0	2.79990480324e-05	2.79990480324e-05	6.99976200809e-06	6.99976200809e-06	0	0	0	0	0	0	0	2.79990480324e-05	2.09992860243e-05	6.99976200809e-06	0	0	0	0	0	0	0	0	0	0	0	
Even1;k__Bacteria;p__Proteobacteria;c__Gammaproteobacteria;o__Vibrionales;Other;Other	0	0	0	0	0	0	0	0	0	0	0	0	0	0	0	0	0	0	6.99976200809e-06	0	0	0	0	0	0	0	0	0	0	0	0	
Even1;k__Bacteria;p__Firmicutes;c__Erysipelotrichi;o__Erysipelotrichales;f__Erysipelotrichaceae;g__cc_115	0	0	0	0	0	0	9.09969061052e-05	9.09969061052e-05	0.0	0.0	0	0	0	0	0	0	0	9.09969061052e-05	6.99976200809e-06	0.0	0.0	0	0	0	0	0	0	0	0	0	0	
Even1;k__Bacteria;p__Proteobacteria;c__Gammaproteobacteria;o__Vibrionales;f__Pseudoalteromonadaceae;g__Pseudoalteromonas	0	0	0	0	0	0	3.49988100405e-05	2.09992860243e-05	0	0	0	0	0	0	0	0	0	3.49988100405e-05	2.79990480324e-05	0	0	0	0	0	0	0	0	0	0	0	0	
Even1;k__Bacteria;p__Bacteroidetes;c__Bacteroidia;o__Bacteroidales;f__Porphyromonadaceae;Other	0	0	0	0	0	0	0	0.0	4.19985720486e-05	0.000104996430121	0.000244991670283	0.000251991432291	0.000160994526186	0.000272990718316	0.000153994764178	4.19985720486e-05	0	0	6.99976200809e-06	4.19985720486e-05	0.000111996192129	0.000139995240162	0.000188993574218	0.000209992860243	0.000258991194299	0.000244991670283	4.89983340566e-05	0	6.29978580728e-05	0	0	
Even1;k__Bacteria;p__Firmicutes;c__Clostridia;o__Clostridiales;f__Peptococcaceae;g__Desulfosporosinus	0.00757374249276	0.00757374249276	0.00757374249276	0.00757374249276	0.00757374249276	0.0075247441587	0.00747574582464	0.00747574582464	0.00747574582464	0.00745474653862	0.00736374963251	0.00715375677227	0.00715375677227	0.00715375677227	0.00715375677227	0	0	0.00747574582464	0.00747574582464	0.00746874606263	0.00745474653862	0.00725175344038	0.00715375677227	0.00715375677227	0.00715375677227	0.00715375677227	5.59980960647e-05	0	0.00760174154079	0.00758774201677	0	
Even1;k__Bacteria;p__Proteobacteria;c__Gammaproteobacteria;o__Oceanospirillales;f__Hahellaceae;Other	0	0	0	0	0	0	0	0	0	6.99976200809e-06	0	0	0	0	0	0	0	0	0	0	0	0	0	0	0	0	0	0	0	0	0	
Even1;k__Bacteria;p__Proteobacteria;c__Betaproteobacteria;o__Burkholderiales;f__Alcaligenaceae;g__Sutterella	6.99976200809e-06	6.99976200809e-06	6.99976200809e-06	6.99976200809e-06	6.99976200809e-06	6.99976200809e-06	6.99976200809e-06	6.99976200809e-06	6.99976200809e-06	6.99976200809e-06	0	0	0	0	0	0	0	6.99976200809e-06	6.99976200809e-06	6.99976200809e-06	0	0	0	0	0	0	0	0	6.99976200809e-06	6.99976200809e-06	0	
Even1;k__Bacteria;p__Firmicutes;c__Clostridia;o__Clostridiales;f__Lachnospiraceae;g__Anaerostipes	0	0	0	0	0	0	6.29978580728e-05	6.29978580728e-05	1.39995240162e-05	1.39995240162e-05	1.39995240162e-05	0	0	0	0	0	0	6.29978580728e-05	6.29978580728e-05	1.39995240162e-05	1.39995240162e-05	1.39995240162e-05	0	0	0	0	0	0	0	7.6997382089e-05	0	
Even1;k__Bacteria;p__Bacteroidetes;c__Sphingobacteriia;o__Sphingobacteriales;f__;g__	0.0	0.0	0.0	0.0	0.0	0.0	0.0	0.0	0.0	0.0	0.0	0.0	0.0	0	0	0	0	0.0	0.0	0.0	0.0	0.0	0.0	0.0	0	0	0	0	0.0	6.99976200809e-06	0	
Even1;k__Bacteria;p__Firmicutes;c__Clostridia;o__Clostridiales;f__[Tissierellaceae];g__Tissierella_Soehngenia	0.0	0.0	0.0	0.0	0.0	0	0	0	0	0	0	0	0	0	0	0	0	0	0	0	0	0	0	0	0	0	0	0	0	0	0	
Even1;k__Bacteria;p__Fusobacteria;c__Fusobacteriia;o__Fusobacteriales;f__Fusobacteriaceae;Other	0	0	0	0	0	0	0	0	0	0	0	6.99976200809e-06	6.99976200809e-06	6.99976200809e-06	6.99976200809e-06	6.99976200809e-06	0	0	0	0	0	0	0	6.99976200809e-06	6.99976200809e-06	6.99976200809e-06	6.99976200809e-06	0	0	0	0	
Even1;k__Bacteria;p__Proteobacteria;c__Deltaproteobacteria;o__[Entotheonellales];f__;g__	2.79990480324e-05	2.79990480324e-05	2.79990480324e-05	2.79990480324e-05	2.79990480324e-05	2.79990480324e-05	2.79990480324e-05	2.79990480324e-05	2.79990480324e-05	2.79990480324e-05	2.79990480324e-05	0	0	0	0	0	0	2.79990480324e-05	2.79990480324e-05	2.79990480324e-05	2.79990480324e-05	0	0	0	0	0	0	0	2.79990480324e-05	2.79990480324e-05	0	
Even1;k__Bacteria;p__Acidobacteria;c__Acidobacteriia;o__Acidobacteriales;f__Koribacteraceae;Other	0	0	0	0	0	0	0	0	0	0	0	0	0	0	0	0	0	0	0	0	0	0	0	1.39995240162e-05	0	0	1.39995240162e-05	0	0	0	0	
Even1;k__Bacteria;p__Planctomycetes;c__Phycisphaerae;Other;Other;Other	0	0	0	0	0	0	0	0	0	0	0	0	0	0.0	0.0	1.39995240162e-05	6.99976200809e-06	0	0	0	0	0	0	0	0	0.0	0	6.99976200809e-06	0	0	0	
Even1;k__Bacteria;p__Acidobacteria;c__OS-K;o__;f__;g__	0.0	0.0	0.0	0.0	0.0	0	0	0	0	0	0	0	0	0	0	0	0	0	0	0	0	0	0	0	0	0	0	0	0	0	0	
Even1;k__Bacteria;p__Nitrospirae;c__Nitrospira;o__Nitrospirales;f__[Thermodesulfovibrionaceae];g__	0.000195993336227	0.000195993336227	0.000195993336227	0.000195993336227	0.000195993336227	0.00018199381221	0.000244991670283	0.000244991670283	0.000195993336227	0.000195993336227	0.000195993336227	0.000195993336227	0.00018199381221	0.00018199381221	0	0	0	0.000244991670283	0.000244991670283	0.000195993336227	0.000195993336227	0.000195993336227	0.000195993336227	0.00018199381221	2.79990480324e-05	2.79990480324e-05	0	0	0.000195993336227	0.000195993336227	0	
Even1;k__Bacteria;p__Firmicutes;c__Clostridia;o__Clostridiales;f__Eubacteriaceae;g__	0	0	0	0	0	0	0	0	0	0	0	0	0	0	0	0	0	0	0	0	0	0	0	0	0	0	0	0	0	6.99976200809e-06	0	
Even1;k__Bacteria;p__Firmicutes;c__Bacilli;o__Bacillales;f__Sporolactobacillaceae;g__Sporolactobacillus	2.09992860243e-05	2.09992860243e-05	2.09992860243e-05	2.09992860243e-05	2.09992860243e-05	2.09992860243e-05	2.79990480324e-05	2.79990480324e-05	2.79990480324e-05	2.79990480324e-05	2.79990480324e-05	2.79990480324e-05	2.79990480324e-05	0	0	0	0	2.79990480324e-05	2.79990480324e-05	2.79990480324e-05	2.79990480324e-05	2.79990480324e-05	2.79990480324e-05	6.99976200809e-06	0	0	0	0	0	0	0	
Even1;k__Bacteria;p__Firmicutes;c__Bacilli;o__Bacillales;f__Bacillaceae;g__Terribacillus	0	0	0	0	0	0	0.0	0	0	0	0	0	0	0	0	0	0	0.0	0	0	0	0	0	0	0	0	0	0	0	0	0	
Even1;k__Bacteria;p__Cyanobacteria;c__Nostocophycideae;o__Nostocales;Other;Other	0	0	0	0	0	0	0	0	0	0	0	0	0	0	0	0	4.19985720486e-05	0	0	0	0	0	0	0	0	0	0	0	0	0	0	
Even1;k__Bacteria;p__Firmicutes;c__Clostridia;o__Clostridiales;f__Clostridiaceae;g__Anaerococcus	0	0	0	0	0	0	0	0	0	0	0	0	0	0	0	0	0	0	0	0	0	0	0	0	0	0	0	0	0	0	0.0147	
Even1;k__Bacteria;p__Bacteroidetes;c__Bacteroidia;o__Bacteroidales;f__Prevotellaceae;Other	0	0	0	0	0	0	0	0	0	0.0	6.99976200809e-06	3.49988100405e-05	9.79966681133e-05	1.39995240162e-05	0.000615979056712	5.59980960647e-05	1.39995240162e-05	0	0	0.0	6.99976200809e-06	2.09992860243e-05	2.79990480324e-05	0.000104996430121	2.09992860243e-05	3.49988100405e-05	0.00058798000868	0.000139995240162	0	0	0	
Even1;k__Bacteria;p__Cyanobacteria;c__4C0d-2;o__YS2;f__;g__	6.99976200809e-06	6.99976200809e-06	6.99976200809e-06	6.99976200809e-06	6.99976200809e-06	6.99976200809e-06	6.99976200809e-06	6.99976200809e-06	6.99976200809e-06	6.99976200809e-06	6.99976200809e-06	6.99976200809e-06	6.99976200809e-06	6.99976200809e-06	6.99976200809e-06	6.99976200809e-06	0	6.99976200809e-06	6.99976200809e-06	6.99976200809e-06	6.99976200809e-06	6.99976200809e-06	6.99976200809e-06	6.99976200809e-06	6.99976200809e-06	6.99976200809e-06	6.99976200809e-06	0	6.99976200809e-06	6.99976200809e-06	0	
Even1;k__Bacteria;p__Proteobacteria;c__Deltaproteobacteria;o__Desulfarculales;f__Desulfarculaceae;g__	1.39995240162e-05	1.39995240162e-05	1.39995240162e-05	1.39995240162e-05	1.39995240162e-05	1.39995240162e-05	0	0	0	0	0	0	0	0	0	0	0	0	0	0	0	0	0	0	0	0	0	0	1.39995240162e-05	1.39995240162e-05	0	
Even1;k__Bacteria;p__Proteobacteria;c__Betaproteobacteria;o__Ellin6067;f__;g__	2.09992860243e-05	2.09992860243e-05	2.09992860243e-05	2.09992860243e-05	2.09992860243e-05	2.09992860243e-05	2.09992860243e-05	2.09992860243e-05	2.09992860243e-05	1.39995240162e-05	1.39995240162e-05	1.39995240162e-05	1.39995240162e-05	0	0	0	0	2.09992860243e-05	2.09992860243e-05	2.09992860243e-05	1.39995240162e-05	1.39995240162e-05	1.39995240162e-05	0	0	0	0	0	2.09992860243e-05	2.09992860243e-05	0	
Even1;k__Bacteria;p__Firmicutes;c__Clostridia;o__Clostridiales;f__Clostridiaceae;g__Caloramator	6.99976200809e-06	6.99976200809e-06	6.99976200809e-06	6.99976200809e-06	6.99976200809e-06	6.99976200809e-06	0	0	0	0	0	0	0	0	0	0	0	0	0	0	0	0	0	0	0	0	0	0	2.79990480324e-05	6.99976200809e-06	0	
Even1;k__Bacteria;p__Proteobacteria;c__Gammaproteobacteria;o__Thiotrichales;f__Thiotrichaceae;Other	0	0	0	0	0	0	0	0	6.99976200809e-06	0	0	0	0	0	0	0	0	0	0	0	0	0	0	0	0	0	0	0	0	0	0	
Even1;k__Bacteria;p__Proteobacteria;c__Gammaproteobacteria;o__Xanthomonadales;f__Xanthomonadaceae;g__Wohlfahrtiimonas	0	0	0	0	0	0	2.09992860243e-05	2.09992860243e-05	2.09992860243e-05	0	0	0	0	0	0	0	0	2.09992860243e-05	2.09992860243e-05	2.09992860243e-05	0	0	0	0	0	0	0	0	0	0	0	
Even1;k__Bacteria;p__Firmicutes;c__Clostridia;o__Clostridiales;f__Lachnospiraceae;g__Lachnobacterium	0.000349988100405	0.000349988100405	0.000349988100405	0.000349988100405	0.000349988100405	0.000349988100405	0.000482983578558	0.000482983578558	0.000468984054542	0.000426985482494	0.000426985482494	0.000398986434461	0.000370987386429	0.000356987862413	0.000335988576388	0.000314989290364	0	0.000482983578558	0.000468984054542	0.000433985244502	0.000426985482494	0.000412985958477	0.000412985958477	0.000370987386429	0.000370987386429	0.000335988576388	0	0	0	0	0	
Even1;k__Bacteria;p__Proteobacteria;c__Gammaproteobacteria;o__Xanthomonadales;f__Xanthomonadaceae;g__	0.000118995954138	0.000118995954138	0.000118995954138	0.000118995954138	0.000118995954138	1.39995240162e-05	1.39995240162e-05	1.39995240162e-05	1.39995240162e-05	1.39995240162e-05	1.39995240162e-05	0	0	0	0	0	0	1.39995240162e-05	1.39995240162e-05	1.39995240162e-05	1.39995240162e-05	0	0	0	0	0	0	0	1.39995240162e-05	1.39995240162e-05	0	
Even1;k__Archaea;p__Crenarchaeota;c__Thaumarchaeota;o__Nitrososphaerales;f__Nitrososphaeraceae;g__Candidatus Nitrososphaera	6.99976200809e-06	6.99976200809e-06	6.99976200809e-06	6.99976200809e-06	6.99976200809e-06	6.99976200809e-06	0	0	0	0	0	0	0	0	0	0	0	6.99976200809e-06	6.99976200809e-06	6.99976200809e-06	6.99976200809e-06	6.99976200809e-06	6.99976200809e-06	6.99976200809e-06	6.99976200809e-06	6.99976200809e-06	6.99976200809e-06	0	6.99976200809e-06	6.99976200809e-06	0	
Even1;k__Bacteria;p__Firmicutes;c__Clostridia;o__Clostridiales;f__[Mogibacteriaceae];g__	0.000643978104744	0.000643978104744	0.000643978104744	0.000643978104744	0.000643978104744	0.000545981436631	0	0	0	0	0	0	0	0	0	0	0	0	0	0	0	0	0	0	0	0	0	0	0.000517982388599	9.09969061052e-05	0	
Even1;k__Bacteria;p__Cyanobacteria;c__Synechococcophycideae;o__Pseudanabaenales;f__Pseudanabaenaceae;g__Pseudanabaena	0.0	0.0	0.0	0.0	0.0	0.0	0.0	0.0	0.0	0.0	0.0	0.0	0.0	0.0	0.0	0.0	0	0.0	0.0	0.0	0.0	0.0	0.0	0.0	0.0	0.0	0.0	0	0.0	0.0	0	
Even1;k__Bacteria;p__Acidobacteria;c__Acidobacteria-6;Other;Other;Other	0	0	0	0	0	0	0	0	0	0	0.0	0.0	0.0	0.0	0.0	0	0	0	0	0	0	0.0	0.0	0.0	0.0	0.0	0	0.0	0	0	0	
Even1;k__Bacteria;p__Cyanobacteria;c__Nostocophycideae;o__Nostocales;f__Nostocaceae;g__Aphanizomenon	0	0	0	0	0	0	0.0	0	0	0	0	0	0	0	0	0	0	0.0	0	0	0	0	0	0	0	0	0	0	0	0	0	
Even1;k__Archaea;p__Crenarchaeota;c__Thermoprotei;o__Thermoproteales;f__Thermoproteaceae;Other	0	0	0	0	0	0	0	0.0	0	0	0	0	0	0	0	0	0	0	0.0	0.0	0	0	0	0	0	0	0	0	0	0	0	
Even1;k__Bacteria;p__Acidobacteria;c__Acidobacteria-6;o__iii1-15;f__;g__	4.89983340566e-05	4.89983340566e-05	4.89983340566e-05	4.89983340566e-05	4.89983340566e-05	4.89983340566e-05	4.89983340566e-05	4.89983340566e-05	4.19985720486e-05	4.19985720486e-05	4.19985720486e-05	4.19985720486e-05	4.19985720486e-05	4.19985720486e-05	3.49988100405e-05	2.79990480324e-05	0	4.89983340566e-05	4.89983340566e-05	4.89983340566e-05	4.19985720486e-05	4.19985720486e-05	4.19985720486e-05	4.19985720486e-05	3.49988100405e-05	3.49988100405e-05	2.79990480324e-05	0	4.89983340566e-05	4.89983340566e-05	0	
Even1;k__Bacteria;p__Proteobacteria;c__Gammaproteobacteria;o__Enterobacteriales;f__Enterobacteriaceae;g__Enterobacter	0.0	0.0	0.0	0.0	0.0	0.0	0.000531981912615	0.000356987862413	0.000104996430121	2.09992860243e-05	1.39995240162e-05	6.99976200809e-06	0	0	0	0	0	0.000503982864583	0.000265990956307	3.49988100405e-05	6.99976200809e-06	6.99976200809e-06	0	0	0	0	0	0	0.0	0.0	0.0147	
Even1;k__Bacteria;p__Firmicutes;c__Clostridia;o__Clostridiales;f__Clostridiaceae;Other	0	0	0	0	0	0	0	0.000111996192129	0.000202993098235	0.0009519676331	0.00123195811342	0.00237991908275	0.0196483319567	0.0210552841203	0.0200823172012	0.0176533997844	0.0358597807675	0	0.00014699500217	0.000237991908275	0.00116196049334	0.00114796096933	0.0194873374305	0.0195923338606	0.0196553317187	0.0185983676555	0.00340888409794	0.0354117959989	0.000153994764178	0.0315969257045	0	
Even1;k__Bacteria;p__Bacteroidetes;c__[Saprospirae];o__[Saprospirales];f__Chitinophagaceae;g__	0.000118995954138	0.000118995954138	0.000118995954138	0.000118995954138	0.000118995954138	0.000118995954138	0.000104996430121	0.000104996430121	9.79966681133e-05	9.79966681133e-05	7.6997382089e-05	5.59980960647e-05	1.39995240162e-05	1.39995240162e-05	0.0	0	0	0.000104996430121	0.000104996430121	0.000104996430121	9.09969061052e-05	5.59980960647e-05	5.59980960647e-05	2.79990480324e-05	0.0	0.0	0	0	0.000118995954138	0.000104996430121	0	
Even1;k__Bacteria;p__Planctomycetes;c__OM190;Other;Other;Other	0	0	0	0	0	0	0	0	0	0	0	0	0	0	0	0	0	0	0	0	6.99976200809e-06	0	0	0	0	0	0	0	0	0	0	
Even1;k__Bacteria;p__Proteobacteria;c__Alphaproteobacteria;o__Ellin329;f__;g__	1.39995240162e-05	1.39995240162e-05	1.39995240162e-05	1.39995240162e-05	1.39995240162e-05	1.39995240162e-05	1.39995240162e-05	1.39995240162e-05	1.39995240162e-05	1.39995240162e-05	1.39995240162e-05	1.39995240162e-05	1.39995240162e-05	1.39995240162e-05	0	0	0	1.39995240162e-05	1.39995240162e-05	1.39995240162e-05	1.39995240162e-05	1.39995240162e-05	1.39995240162e-05	1.39995240162e-05	1.39995240162e-05	0	0	0	1.39995240162e-05	1.39995240162e-05	0	
Even1;k__Bacteria;p__Firmicutes;c__Clostridia;o__Clostridiales;f__[Tissierellaceae];g__Anaerococcus	0.0316459240386	0.0316459240386	0.0316459240386	0.0316459240386	0.0316459240386	0.0310509442679	0.0310299449819	0.0310299449819	0.0310299449819	0.0309949461718	0.0308899497417	0.0305679606893	0.0301759740169	0.0289790147135	0.0282930380367	0.0280690456524	0.0	0.0310299449819	0.0310299449819	0.0310299449819	0.0309879464098	0.0309459478378	0.0305889599754	0.030294969971	0.0298679844885	0.0284120339908	0.0281460430345	0.0280550461284	0.0315759264185	0.0316669233246	0	
Even1;k__Bacteria;p__Proteobacteria;c__Deltaproteobacteria;o__Myxococcales;f__Haliangiaceae;g__	6.99976200809e-06	6.99976200809e-06	6.99976200809e-06	6.99976200809e-06	6.99976200809e-06	0	0	0	0	0	0	0	0	0	0	0	0	0	0	0	0	0	0	0	0	0	0	0	6.99976200809e-06	6.99976200809e-06	0	
Even1;k__Bacteria;p__Firmicutes;c__Erysipelotrichi;o__Erysipelotrichales;f__Erysipelotrichaceae;g__Bulleidia	0	0	0	0	0	0	0.000237991908275	0	0	0	0	0	0	0	0	0	0	0.000237991908275	0	0	0	0	0	0	0	0	0	0	0	0	0	
Even1;k__Bacteria;p__Chrysiogenetes;c__Chrysiogenetes;o__Chrysiogenales;f__Chrysiogenaceae;g__Desulfurispirillum	0	0	0	0	0	0	0.000104996430121	0.0	0.0	0	0	0	0	0	0	0	0	0.000104996430121	0.0	0.0	0	0	0	0	0	0	0	0	0	0	0	
Even1;k__Bacteria;p__Proteobacteria;c__Gammaproteobacteria;o__Chromatiales;f__Chromatiaceae;g__Thiocystis	0	0	0	0	0	0	3.49988100405e-05	3.49988100405e-05	0	0	0	0	0	0	0	0	0	3.49988100405e-05	3.49988100405e-05	6.99976200809e-06	0	0	0	0	0	0	0	0	0	0	0	
Even1;k__Bacteria;p__Proteobacteria;c__Gammaproteobacteria;o__Alteromonadales;f__Alteromonadaceae;g__Spongiibacter	0	0	0	0	0	0	1.39995240162e-05	1.39995240162e-05	1.39995240162e-05	1.39995240162e-05	0	0	0	0	0	0	0	1.39995240162e-05	1.39995240162e-05	1.39995240162e-05	1.39995240162e-05	0	0	0	0	0	0	0	0	0	0	
Even1;k__Bacteria;p__Proteobacteria;c__Alphaproteobacteria;o__Rhizobiales;f__Phyllobacteriaceae;g__Pseudaminobacter	0	0	0	0	0	0	0.0	0	0	0	0	0	0	0	0	0	0	0.0	0	0	0	0	0	0	0	0	0	0	0	0	0	
Even1;k__Bacteria;p__Firmicutes;c__Clostridia;o__Clostridiales;f__Ruminococcaceae;Other	0	0	0	0	0	0	0	0.000111996192129	0.000496983102575	0.00118995954138	0.00137195335359	0.00148394954572	0.00137895311559	0.000762974058882	0.0116476039815	0.0113746132631	6.99976200809e-06	0	0.000132995478154	0.00111296215929	0.00114096120732	0.00131595525752	0.0013859528776	0.00148394954572	0.0123125813722	0.0116896025535	0.0111996192129	7.6997382089e-05	0.00029399000434	0.000300989766348	0	
Even1;k__Bacteria;p__Proteobacteria;c__Gammaproteobacteria;o__Alteromonadales;f__Moritellaceae;g__	0	0	0	0	0	0	0.000104996430121	2.09992860243e-05	0	0	0	0	0	0	0	0	0	0.000104996430121	2.09992860243e-05	0	0	0	0	0	0	0	0	0	0	0	0	
Even1;k__Bacteria;p__Actinobacteria;c__Actinobacteria;o__Actinomycetales;f__Intrasporangiaceae;Other	0	0	0	0	0	0	0	0	0.0	0	0	0	0	0	0	0	0	0	0	0	0	0	0	0	0	0	0	0	0	0	0	
Even1;k__Bacteria;p__Acidobacteria;c__Acidobacteriia;o__Acidobacteriales;Other;Other	0	0	0	0	0	0	0	0	0	0	1.39995240162e-05	1.39995240162e-05	0	0	0	1.39995240162e-05	0	0	0	0	0	0	0	0	1.39995240162e-05	2.79990480324e-05	0	0	0	0	0	
Even1;k__Bacteria;p__Firmicutes;c__Clostridia;o__Clostridiales;f__Lachnospiraceae;g__Shuttleworthia	0	0	0	0	0	0	0.000573980484664	0.000573980484664	0.000573980484664	0.000510982626591	0.000566980722655	0	0	0	0	0	0	0.000573980484664	0.000573980484664	0.000573980484664	0.000566980722655	0.000566980722655	0	0	0	0	0	0	0	0	0	
Even1;k__Bacteria;p__Bacteroidetes;c__Sphingobacteriia;o__Sphingobacteriales;f__Sphingobacteriaceae;g__	4.89983340566e-05	4.89983340566e-05	4.89983340566e-05	4.89983340566e-05	4.89983340566e-05	4.89983340566e-05	4.89983340566e-05	4.89983340566e-05	4.89983340566e-05	4.89983340566e-05	4.89983340566e-05	3.49988100405e-05	1.39995240162e-05	0	0	0	0	4.89983340566e-05	4.89983340566e-05	4.89983340566e-05	4.89983340566e-05	4.89983340566e-05	4.89983340566e-05	0	0	0	0	0	5.59980960647e-05	5.59980960647e-05	0	
Even1;k__Bacteria;p__Proteobacteria;c__Alphaproteobacteria;o__Rhodobacterales;f__Rhodobacteraceae;g__	4.89983340566e-05	4.89983340566e-05	4.89983340566e-05	4.89983340566e-05	4.89983340566e-05	0.0	0	0	0	0	0	0	0	0	0	0	0	0	0	0	0	0	0	0	0	0	0	0	4.89983340566e-05	4.89983340566e-05	0	
Even1;k__Bacteria;p__Planctomycetes;c__[Brocadiae];o__Brocadiales;Other;Other	0	0	0	0	0	0	0	6.99976200809e-06	0	0	0	0	0	0	0	0	0	0	0	0	0	0	0	0	0	0	0	0	0	0	0	
Even1;k__Bacteria;p__Acidobacteria;c__Solibacteres;o__Solibacterales;Other;Other	0	0	0	0	0	0	0	0	0.0	0.0	6.99976200809e-06	6.99976200809e-06	1.39995240162e-05	1.39995240162e-05	1.39995240162e-05	1.39995240162e-05	0	0	0	0.0	0.0	6.99976200809e-06	6.99976200809e-06	1.39995240162e-05	1.39995240162e-05	1.39995240162e-05	0	0	0	0	0	
Even1;k__Bacteria;p__Chloroflexi;c__Chloroflexi;o__Chloroflexales;Other;Other	0	0	0	0	0	0	0	6.99976200809e-06	0	0	0	0	0	0	0	0	0	0	6.99976200809e-06	0	0	0	0	0	0	0	0	0	0	0	0	
Even1;k__Bacteria;p__OD1;c__ABY1;o__;f__;g__	2.79990480324e-05	2.79990480324e-05	2.79990480324e-05	2.79990480324e-05	2.79990480324e-05	0	0	0	0	0	0	0	0	0	0	0	0	0	0	0	0	0	0	0	0	0	0	0	0	0	0	
Even1;k__Bacteria;p__Proteobacteria;c__Gammaproteobacteria;o__Alteromonadales;f__[Chromatiaceae];g__Alishewanella	0	0	0	0	0	0	0.0	0.0	0.0	0.0	0.0	0	0	0	0	0	0	0.0	0.0	0.0	0.0	0	0	0	0	0	0	0	0	0	0	
Even1;k__Bacteria;p__Firmicutes;c__Erysipelotrichi;o__Erysipelotrichales;f__Erysipelotrichaceae;g__[Eubacterium]	0.0169044252495	0.0169044252495	0.0169044252495	0.0169044252495	0.0169044252495	0.0167644300094	0.0165614369111	0.0165614369111	0.0165544371491	0.0165404376251	0.0165124385771	0.016442440957	0.0162534473828	0.0161344514287	0.0160504542846	0.0158754602344	0.0154904733239	0.0165754364352	0.0165754364352	0.0165754364352	0.0165544371491	0.016477439767	0.016414441909	0.0162744466688	0.0161904495247	0.0159244585684	0.0158824599964	2.79990480324e-05	0.0169044252495	0.0169114250115	0	
Even1;k__Bacteria;p__Bacteroidetes;c__Flavobacteriia;o__Flavobacteriales;f__Flavobacteriaceae;g__Leeuwenhoekiella	0	0	0	0	0	0	3.49988100405e-05	0	0	0	0	0	0	0	0	0	0	3.49988100405e-05	0	0	0	0	0	0	0	0	0	0	0	0	0	
Even1;k__Bacteria;p__Firmicutes;c__Clostridia;o__Clostridiales;f__EtOH8;g__	0	0	0	0	0	0	6.99976200809e-06	0	0	0	0	0	0	0	0	0	0	6.99976200809e-06	6.99976200809e-06	0	0	0	0	0	0	0	0	0	0	0	0	
Even1;k__Bacteria;p__Bacteroidetes;c__Bacteroidia;o__Bacteroidales;f__Prevotellaceae;g__Prevotella	0.0278800520782	0.0278800520782	0.0278800520782	0.0278800520782	0.0278800520782	0.0276140611219	0.0278380535062	0.0278170542202	0.0278170542202	0.0278100544581	0.0278100544581	0.0277680558861	0.027663059456	0.0274950651678	0.026816088253	0.0264451008666	0.0211112822164	0.0278380535062	0.0278170542202	0.0278170542202	0.0278100544581	0.0277960549341	0.0277890551721	0.0276210608839	0.0275300639778	0.0274040682617	0.0263681034845	0.0199983200571	0.0279010513643	0.0278310537442	0.0147	
Even1;k__Bacteria;p__Acidobacteria;Other;Other;Other;Other	0	0	0	0	0	0	0	0.0	0.0	0	2.09992860243e-05	1.39995240162e-05	2.79990480324e-05	6.99976200809e-06	0	0	2.09992860243e-05	0	0.0	6.99976200809e-06	1.39995240162e-05	1.39995240162e-05	2.09992860243e-05	1.39995240162e-05	6.99976200809e-06	1.39995240162e-05	2.79990480324e-05	0.000132995478154	0	0	0	
Even1;k__Bacteria;p__Firmicutes;c__Clostridia;o__Clostridiales;f__Veillonellaceae;g__	9.79966681133e-05	9.79966681133e-05	9.79966681133e-05	9.79966681133e-05	9.79966681133e-05	8.39971440971e-05	6.99976200809e-06	6.99976200809e-06	6.99976200809e-06	6.99976200809e-06	6.99976200809e-06	0	0	0	0	0	0	6.99976200809e-06	6.99976200809e-06	6.99976200809e-06	6.99976200809e-06	6.99976200809e-06	6.99976200809e-06	0	0	0	0	0	9.79966681133e-05	0.000118995954138	0	
Even1;k__Bacteria;p__Actinobacteria;c__Coriobacteriia;o__Coriobacteriales;f__Coriobacteriaceae;Other	0	0	0	0	0	0	0	0.0	0	0	0	6.99976200809e-06	6.99976200809e-06	0	0	6.99976200809e-06	0	0	6.99976200809e-06	0	0	0	0	0	0	0	0.000118995954138	0	0	0	0	
Even1;k__Bacteria;p__Cyanobacteria;c__Synechococcophycideae;o__Pseudanabaenales;Other;Other	0	0	0	0	0	0	0	0	0	0	0	0	0	0	0	0	0.0	0	0	0	0	0	0	0	0	0	0	0	0	0	0	
Even1;k__Bacteria;p__SAR406;c__AB16;o__Arctic96B-7;f__A714017;g__SGSH944	6.99976200809e-06	6.99976200809e-06	6.99976200809e-06	6.99976200809e-06	6.99976200809e-06	6.99976200809e-06	6.99976200809e-06	6.99976200809e-06	6.99976200809e-06	6.99976200809e-06	6.99976200809e-06	6.99976200809e-06	0	0	0	0	0	6.99976200809e-06	6.99976200809e-06	6.99976200809e-06	6.99976200809e-06	6.99976200809e-06	6.99976200809e-06	6.99976200809e-06	0	0	0	0	6.99976200809e-06	6.99976200809e-06	0	
Even1;k__Bacteria;p__Actinobacteria;c__Coriobacteriia;o__Coriobacteriales;f__Coriobacteriaceae;g__Atopobium	0	0	0	0	0	0	0.0	0	0	0	0	0	0	0	0	0	0	6.99976200809e-06	0.0	0	0	0	0	0	0	0	0	0	0	0	0	
Even1;k__Bacteria;p__Firmicutes;c__Bacilli;o__Lactobacillales;f__Lactobacillaceae;g__Lactobacillus	0.000573980484664	0.000573980484664	0.000573980484664	0.000573980484664	0.000573980484664	0.000503982864583	6.99976200809e-06	6.99976200809e-06	0.0	0	0	0	0	0	0	0	0	6.99976200809e-06	0.0	0.0	0	0	0	0	0	0	0	0	0.000636978342736	0.000643978104744	0	
Even1;k__Bacteria;p__Proteobacteria;c__Alphaproteobacteria;o__Caulobacterales;f__Caulobacteraceae;g__Brevundimonas	0	0	0	0	0	0	0.0	0	0	0	0	0	0	0	0	0	0	0	0	0	0	0	0	0	0	0	0	0	0	0	0	
Even1;k__Bacteria;p__Actinobacteria;c__Actinobacteria;o__Actinomycetales;f__Microbacteriaceae;Other	0	0	0	0	0	0	0	6.99976200809e-06	6.99976200809e-06	0	0	0	0	0	6.99976200809e-06	6.99976200809e-06	0	0	2.09992860243e-05	0	0	0	0	0	6.99976200809e-06	6.99976200809e-06	6.99976200809e-06	0	0	0	0	
Even1;k__Bacteria;p__Firmicutes;c__Clostridia;o__Natranaerobiales;Other;Other	0	0	0	0	0	0	0	0.0	0	0	0	0	0	0	0	0	0	0	0	0	0	0	0	0	0	0	0	0	0	0	0	
Even1;k__Bacteria;p__Bacteroidetes;c__Bacteroidia;o__Bacteroidales;f__Rikenellaceae;g__PW3	6.99976200809e-06	6.99976200809e-06	6.99976200809e-06	6.99976200809e-06	6.99976200809e-06	0	4.89983340566e-05	4.89983340566e-05	4.89983340566e-05	0	0	0	0	0	0	0	0	4.89983340566e-05	4.89983340566e-05	4.89983340566e-05	0	0	0	0	0	0	0	0	0	0	0	
Even1;k__Archaea;Other;Other;Other;Other;Other	0	0	0	0	0	0	0	0.0	0.0	6.99976200809e-06	0.0	0	0	0	0	0	6.99976200809e-06	0	0.0	6.99976200809e-06	6.99976200809e-06	6.99976200809e-06	0	0	0	0	6.99976200809e-06	6.99976200809e-06	0	0	0	
Even1;k__Bacteria;p__Actinobacteria;c__Acidimicrobiia;o__Acidimicrobiales;f__Acidimicrobiaceae;Other	0	0	0	0	0	0	0	0	0	0	0	0	0	0	0	0	0	0	6.99976200809e-06	0	0	0	0	0	0	0	0	0	0	0	0	
Even1;k__Bacteria;p__Firmicutes;c__Clostridia;o__Clostridiales;f__[Tissierellaceae];Other	0	0	0	0	0	0	0	0	0	2.09992860243e-05	6.29978580728e-05	0.000174994050202	0.00018199381221	0.00107096358724	0.000251991432291	6.99976200809e-06	0	0	0	0	0	6.99976200809e-06	9.79966681133e-05	0.000244991670283	0.000160994526186	0.000286990242332	0.0	0	0	0	0	
Even1;k__Bacteria;p__Proteobacteria;c__Gammaproteobacteria;o__Enterobacteriales;f__Enterobacteriaceae;Other	0	0	0	0	0	0	0	0.00366787529224	0.00513082555193	0.006054794137	0.0158124623763	0.051056264087	0.0539051672243	0.0520712295782	0.0157424647562	0.0431885315899	0	0	0.00349988100405	0.00506782769386	0.0137895311559	0.0171844157299	0.0512242583752	0.0524632162506	0.0507482745587	0.0542971538968	0.0479343702314	0	0.0825201943134	0.083003177892	0	
Even1;k__Bacteria;p__Actinobacteria;c__Actinobacteria;o__Actinomycetales;f__Thermomonosporaceae;g__Actinoallomurus	0	0	0	0	0	0	2.09992860243e-05	0	0	0	0	0	0	0	0	0	0	2.09992860243e-05	0	0	0	0	0	0	0	0	0	0	0	0	0	
Even1;k__Bacteria;p__SAR406;c__AB16;o__Arctic96B-7;f__A714017;Other	0	0	0	0	0	0	0	0	0	0	0	0	6.99976200809e-06	6.99976200809e-06	0	0	0	0	0	0	0	0	0	0	6.99976200809e-06	0	0	0	0	0	0	
Even1;k__Bacteria;p__Verrucomicrobia;c__[Pedosphaerae];o__[Pedosphaerales];f__[Pedosphaeraceae];g__Pedosphaera	1.39995240162e-05	1.39995240162e-05	1.39995240162e-05	1.39995240162e-05	1.39995240162e-05	1.39995240162e-05	1.39995240162e-05	1.39995240162e-05	1.39995240162e-05	1.39995240162e-05	1.39995240162e-05	1.39995240162e-05	1.39995240162e-05	0	0	0	0	1.39995240162e-05	1.39995240162e-05	1.39995240162e-05	1.39995240162e-05	1.39995240162e-05	1.39995240162e-05	1.39995240162e-05	0	0	0	0	1.39995240162e-05	1.39995240162e-05	0	
Even1;k__Bacteria;p__Spirochaetes;c__Spirochaetes;o__Spirochaetales;f__Spirochaetaceae;g__HAW-RM37	0	0	0	0	0	0	0.0	0.0	0.0	0.0	0.0	0	0	0	0	0	0	0.0	0.0	0.0	0.0	0.0	0	0	0	0	0	0	0	0	0	
Even1;k__Bacteria;p__Proteobacteria;c__Deltaproteobacteria;o__Desulfuromonadales;f__Desulfuromonadaceae;g__	6.99976200809e-05	6.99976200809e-05	6.99976200809e-05	6.99976200809e-05	6.99976200809e-05	6.99976200809e-05	8.39971440971e-05	8.39971440971e-05	8.39971440971e-05	1.39995240162e-05	1.39995240162e-05	1.39995240162e-05	0	0	0	0	0	8.39971440971e-05	8.39971440971e-05	8.39971440971e-05	4.89983340566e-05	1.39995240162e-05	1.39995240162e-05	0	0	0	0	0	6.99976200809e-05	3.49988100405e-05	0	
Even1;k__Bacteria;p__TM6;c__SJA-4;o__;f__;g__	2.79990480324e-05	2.79990480324e-05	2.79990480324e-05	2.79990480324e-05	2.79990480324e-05	0	0	0	0	0	0	0	0	0	0	0	0	0	0	0	0	0	0	0	0	0	0	0	0.0	0.0	0	
Even1;k__Bacteria;p__Bacteroidetes;c__Cytophagia;o__Cytophagales;f__Flammeovirgaceae;g__	2.09992860243e-05	2.09992860243e-05	2.09992860243e-05	2.09992860243e-05	2.09992860243e-05	2.09992860243e-05	2.09992860243e-05	2.09992860243e-05	2.09992860243e-05	2.09992860243e-05	0	0	0	0	0	0	0	2.09992860243e-05	2.09992860243e-05	2.09992860243e-05	0	0	0	0	0	0	0	0	2.09992860243e-05	2.09992860243e-05	0	
Even1;k__Bacteria;p__Firmicutes;c__Clostridia;o__Halanaerobiales;f__Halobacteroidaceae;g__Natroniella	0	0	0	0	0	0	2.79990480324e-05	6.99976200809e-06	0	0	0	0	0	0	0	0	0	2.79990480324e-05	1.39995240162e-05	0	0	0	0	0	0	0	0	0	0	0	0	
Even1;k__Bacteria;p__Verrucomicrobia;c__[Spartobacteria];o__[Chthoniobacterales];f__[Chthoniobacteraceae];g__heteroC45_4W	0	0	0	0	0	0	0.0	0	0	0	0	0	0	0	0	0	0	0.0	0	0	0	0	0	0	0	0	0	0	0	0	0	
Even1;k__Bacteria;p__Verrucomicrobia;c__[Spartobacteria];o__[Chthoniobacterales];f__[Chthoniobacteraceae];Other	0	0	0	0	0	0	0	0.0	0.0	0.0	0.0	3.49988100405e-05	2.79990480324e-05	1.39995240162e-05	1.39995240162e-05	6.99976200809e-06	2.09992860243e-05	0	0.0	0.0	0.0	1.39995240162e-05	1.39995240162e-05	3.49988100405e-05	4.19985720486e-05	2.79990480324e-05	1.39995240162e-05	0.0	0.0	0	0	
Even1;k__Bacteria;p__BRC1;c__PRR-11;o__;f__;g__	0.0	0.0	0.0	0.0	0	0	0	0	0	0	0	0	0	0	0	0	0	0	0	0	0	0	0	0	0	0	0	0	0	0	0	
Even1;k__Bacteria;p__Bacteroidetes;c__Bacteroidia;o__Bacteroidales;f__S24-7;g__	4.89983340566e-05	4.89983340566e-05	4.89983340566e-05	4.89983340566e-05	4.89983340566e-05	0.0	0.0	0.0	0.0	0	0	0	0	0	0	0	0	0.0	0.0	0.0	0.0	0	0	0	0	0	0	0	2.79990480324e-05	4.19985720486e-05	0	
Even1;k__Bacteria;p__Actinobacteria;c__Actinobacteria;o__Actinomycetales;f__Micromonosporaceae;g__Virgisporangium	0	0	0	0	0	0	0.0	0	0	0	0	0	0	0	0	0	0	0.0	0	0	0	0	0	0	0	0	0	0	0	0	0	
Even1;k__Bacteria;p__Proteobacteria;c__Gammaproteobacteria;o__Oceanospirillales;f__Halomonadaceae;g__Candidatus Portiera	1.39995240162e-05	1.39995240162e-05	1.39995240162e-05	1.39995240162e-05	1.39995240162e-05	1.39995240162e-05	0	0	0	0	0	0	0	0	0	0	0	1.39995240162e-05	1.39995240162e-05	1.39995240162e-05	1.39995240162e-05	1.39995240162e-05	0	0	0	0	0	0	1.39995240162e-05	1.39995240162e-05	0	
Even1;k__Archaea;p__Crenarchaeota;c__Thermoprotei;o__Sulfolobales;f__Sulfolobaceae;g__Sulfolobus	0	0	0	0	0	0	0.0	0.0	0	0	0	0	0	0	0	0	0	0.0	0	0	0	0	0	0	0	0	0	0	0	0	0	
Even1;k__Bacteria;p__Acidobacteria;c__Acidobacteria-6;o__iii1-15;f__RB40;g__	0	0	0	0	0	0	0.0	0.0	0.0	0.0	0.0	0.0	0	0	0	0	0	0.0	0.0	0.0	0.0	0.0	0.0	0.0	0	0	0	0	0	0	0	
Even1;k__Bacteria;p__Gemmatimonadetes;c__Gemm-2;o__;f__;g__	4.89983340566e-05	4.89983340566e-05	4.89983340566e-05	4.89983340566e-05	4.89983340566e-05	0	0	0	0	0	0	0	0	0	0	0	0	0	0	0	0	0	0	0	0	0	0	0	0	0	0	
Even1;k__Bacteria;p__Proteobacteria;c__Alphaproteobacteria;o__Sphingomonadales;f__Erythrobacteraceae;g__	0.0	0.0	0.0	0.0	0.0	0.0	0	0	0	0	0	0	0	0	0	0	0	0	0	0	0	0	0	0	0	0	0	0	0.0	0.0	0	
Even1;k__Bacteria;p__Firmicutes;c__Erysipelotrichi;o__Erysipelotrichales;f__Erysipelotrichaceae;g__	0.0243311727401	0.0243311727401	0.0243311727401	0.0243311727401	0.0243311727401	0.0238621886856	0.0235961977293	0.0235891979673	0.0235821982053	0.0235192003472	0.0225602329521	0.0223502400918	0.0222802424718	0.0222172446137	0.000209992860243	0.000209992860243	0	0.0235961977293	0.0235891979673	0.0235751984433	0.0234282034411	0.0226232308102	0.022490235332	0.0222942419958	0.0222312441377	0.0221892455657	0	0	0.024240175834	0.024219176548	0	
Even1;k__Bacteria;p__Proteobacteria;c__Deltaproteobacteria;o__Myxococcales;f__Polyangiaceae;g__Chondromyces	0	0	0	0	0	0	1.39995240162e-05	1.39995240162e-05	0	0	0	0	0	0	0	0	0	1.39995240162e-05	1.39995240162e-05	0	0	0	0	0	0	0	0	0	0	0	0	
Even1;k__Bacteria;p__Firmicutes;c__Clostridia;o__Clostridiales;f__Veillonellaceae;g__Dialister	0	0	0	0	0	0	0	0	0	0	0	0	0	0	0	0	0	0	0	0	0	0	0	0	0	0	0	0	0	6.99976200809e-06	0	
Even1;k__Bacteria;p__Firmicutes;c__Clostridia;o__Clostridiales;f__Lachnospiraceae;g__Roseburia	0.00657977628761	0.00657977628761	0.00657977628761	0.00657977628761	0.00657977628761	0.0065727765256	0.0356077893352	0.0356077893352	0.0356007895732	0.0355657907631	0.0354047962369	0.0349568114684	0.0344388290798	0.0333468662065	0.0265850961067	0.025045148465	0.0158124623763	0.0356077893352	0.0356077893352	0.0356007895732	0.035509792667	0.035467794095	0.0350758074225	0.0342918340776	0.0336548557349	0.0265920958687	0.0262351080063	6.99976200809e-06	0.000132995478154	0.00414385910879	0.0441	
Even1;k__Bacteria;p__Firmicutes;c__Clostridia;o__Clostridiales;f__Clostridiaceae;g__Sarcina	8.39971440971e-05	8.39971440971e-05	8.39971440971e-05	8.39971440971e-05	8.39971440971e-05	8.39971440971e-05	0	0	0	0	0	0	0	0	0	0	0	0	0	0	0	0	0	0	0	0	0	0	8.39971440971e-05	9.09969061052e-05	0	
Even1;k__Bacteria;p__Bacteroidetes;c__Flavobacteriia;o__Flavobacteriales;f__Flavobacteriaceae;g__Polaribacter	6.99976200809e-06	6.99976200809e-06	6.99976200809e-06	6.99976200809e-06	6.99976200809e-06	6.99976200809e-06	1.39995240162e-05	1.39995240162e-05	6.99976200809e-06	1.39995240162e-05	6.99976200809e-06	6.99976200809e-06	6.99976200809e-06	6.99976200809e-06	0	0	0	1.39995240162e-05	1.39995240162e-05	1.39995240162e-05	6.99976200809e-06	6.99976200809e-06	6.99976200809e-06	6.99976200809e-06	6.99976200809e-06	6.99976200809e-06	0	0	1.39995240162e-05	1.39995240162e-05	0	
Even1;k__Bacteria;p__Actinobacteria;c__Actinobacteria;o__Actinomycetales;f__Micromonosporaceae;g__	1.39995240162e-05	1.39995240162e-05	1.39995240162e-05	1.39995240162e-05	1.39995240162e-05	1.39995240162e-05	0	0	0	0	0	0	0	0	0	0	0	0	0	0	0	0	0	0	0	0	0	0	1.39995240162e-05	1.39995240162e-05	0	
Even1;k__Bacteria;p__Bacteroidetes;c__Flavobacteriia;o__Flavobacteriales;f__Flavobacteriaceae;g__Bizionia	0	0	0	0	0	0	6.99976200809e-06	0	0	0	0	0	0	0	0	0	0	6.99976200809e-06	6.99976200809e-06	0	0	0	0	0	0	0	0	0	0	0	0	
Even1;k__Bacteria;p__Bacteroidetes;c__Cytophagia;o__Cytophagales;f__Flammeovirgaceae;g__Flexithrix	0	0	0	0	0	0	0.0	0	0	0	0	0	0	0	0	0	0	0.0	0	0	0	0	0	0	0	0	0	0	0	0	0	
Even1;k__Bacteria;p__Verrucomicrobia;c__[Methylacidiphilae];Other;Other;Other	0	0	0	0	0	0	0	0	0	0.0	0	0	0	0	0	0	0	0	0	0.0	0	0	0	0	0	0	0	0	0	0	0	
Even1;k__Bacteria;p__Firmicutes;c__Clostridia;o__Clostridiales;f__Christensenellaceae;g__	2.79990480324e-05	2.79990480324e-05	2.79990480324e-05	2.79990480324e-05	2.79990480324e-05	6.99976200809e-06	2.09992860243e-05	2.09992860243e-05	2.09992860243e-05	2.09992860243e-05	2.09992860243e-05	2.09992860243e-05	0	0	0	0	0	2.09992860243e-05	2.09992860243e-05	2.09992860243e-05	2.09992860243e-05	2.09992860243e-05	6.99976200809e-06	6.99976200809e-06	0	0	0	0	6.99976200809e-06	6.99976200809e-06	0	
Even1;k__Bacteria;p__Actinobacteria;c__Actinobacteria;o__Actinomycetales;f__Nocardioidaceae;Other	0	0	0	0	0	0	0	0	0	0	0	0	0	0.0	0.0	0	0	0	0	0	0	0	0.0	0.0	0.0	0.0	0.0	0	0	0	0	
Even1;k__Archaea;p__Crenarchaeota;c__Thaumarchaeota;o__Cenarchaeales;f__Cenarchaeaceae;g__Nitrosopumilus	2.09992860243e-05	2.09992860243e-05	2.09992860243e-05	2.09992860243e-05	2.09992860243e-05	2.09992860243e-05	2.09992860243e-05	2.09992860243e-05	2.09992860243e-05	2.09992860243e-05	2.09992860243e-05	2.09992860243e-05	2.09992860243e-05	2.09992860243e-05	2.09992860243e-05	2.09992860243e-05	0	2.09992860243e-05	2.09992860243e-05	2.09992860243e-05	2.09992860243e-05	2.09992860243e-05	2.09992860243e-05	2.09992860243e-05	2.09992860243e-05	2.09992860243e-05	2.09992860243e-05	0	2.09992860243e-05	0	0	
Even1;k__Bacteria;p__Proteobacteria;c__Gammaproteobacteria;o__Enterobacteriales;f__Enterobacteriaceae;g__Edwardsiella	0	0	0	0	0	0	0.0256401282356	0.0255561310915	0.0254651341854	0.0253461382313	0.0251431451331	2.79990480324e-05	7.6997382089e-05	0	0	0	0	0.0256401282356	0.0255491313295	0.0254371351374	0.0252621410872	0.0251501448951	7.6997382089e-05	5.59980960647e-05	0	0	0	0	0	0.0254511346614	0.0147	
Even1;k__Bacteria;p__Cyanobacteria;c__4C0d-2;o__;f__;g__	0	0	0	0	0	0	7.6997382089e-05	0	0	0	0	0	0	0	0	0	0	7.6997382089e-05	6.99976200809e-05	0	0	0	0	0	0	0	0	0	0	0	0	
Even1;k__Bacteria;p__Proteobacteria;c__Gammaproteobacteria;o__Chromatiales;f__Halothiobacillaceae;g__Halothiobacillus	0	0	0	0	0	0	9.09969061052e-05	9.09969061052e-05	0	0	0	0	0	0	0	0	0	9.09969061052e-05	9.09969061052e-05	9.09969061052e-05	0	0	0	0	0	0	0	0	0	0	0	
Even1;k__Bacteria;p__Chlorobi;c__Ignavibacteria;o__Ignavibacteriales;f__OTUb7;g__	0	0	0	0	0	0	6.99976200809e-06	6.99976200809e-06	6.99976200809e-06	0	0	0	0	0	0	0	0	6.99976200809e-06	6.99976200809e-06	0	0	0	0	0	0	0	0	0	0	0	0	
Even1;k__Bacteria;p__Bacteroidetes;c__Bacteroidia;o__Bacteroidales;f__[Paraprevotellaceae];Other	0	0	0	0	0	0	0	0	0	1.39995240162e-05	0	0	6.99976200809e-06	0	0	0	0	0	0	0	1.39995240162e-05	0	0	1.39995240162e-05	0	0	0	0	0	0	0	
Even1;k__Bacteria;p__Proteobacteria;c__Alphaproteobacteria;o__Caulobacterales;f__Caulobacteraceae;g__Phenylobacterium	6.99976200809e-06	6.99976200809e-06	6.99976200809e-06	6.99976200809e-06	6.99976200809e-06	6.99976200809e-06	6.99976200809e-06	6.99976200809e-06	6.99976200809e-06	6.99976200809e-06	6.99976200809e-06	6.99976200809e-06	6.99976200809e-06	6.99976200809e-06	6.99976200809e-06	6.99976200809e-06	0	6.99976200809e-06	6.99976200809e-06	6.99976200809e-06	6.99976200809e-06	6.99976200809e-06	6.99976200809e-06	6.99976200809e-06	6.99976200809e-06	6.99976200809e-06	6.99976200809e-06	0	0	0	0	
Even1;k__Bacteria;p__Proteobacteria;c__Betaproteobacteria;o__Burkholderiales;f__Comamonadaceae;g__Leptothrix	0	0	0	0	0	0	0.0	0.0	0.0	0	0	0	0	0	0	0	0	0.0	0.0	0.0	0	0	0	0	0	0	0	0	0	0	0	
Even1;k__Bacteria;p__Proteobacteria;c__Alphaproteobacteria;o__Rhizobiales;f__;g__	0.0	0.0	0.0	0.0	0.0	0.0	0	0	0	0	0	0	0	0	0	0	0	0	0	0	0	0	0	0	0	0	0	0	0	0	0	
Even1;k__Bacteria;p__Proteobacteria;c__Gammaproteobacteria;o__Acidithiobacillales;f__Acidithiobacillaceae;g__	0	0	0	0	0	0	1.39995240162e-05	1.39995240162e-05	0	0	0	0	0	0	0	0	0	1.39995240162e-05	0	0	0	0	0	0	0	0	0	0	0	0	0	
Even1;k__Bacteria;p__Proteobacteria;c__Gammaproteobacteria;o__Oceanospirillales;f__Saccharospirillaceae;g__Reinekea	0	0	0	0	0	0	4.89983340566e-05	0	0	0	0	0	0	0	0	0	0	4.89983340566e-05	2.79990480324e-05	0	0	0	0	0	0	0	0	0	0	0	0	
Even1;k__Bacteria;p__Planctomycetes;c__Planctomycetia;o__Gemmatales;f__Isosphaeraceae;Other	0	0	0	0	0	0	0	0	0	0	0	0	0	0.0	0	0	0	0	0	0	0	0	0	0.0	0.0	0	0	0	0	0	0	
Even1;k__Bacteria;p__Firmicutes;c__Clostridia;o__Clostridiales;f__Lachnospiraceae;g__	0.09345382257	0.09345382257	0.09345382257	0.09345382257	0.09345382257	0.0929008413714	0.0396886505859	0.0388066805729	0.0182483795551	0.0118715963657	0.00602679508897	0.000286990242332	0	0	0	0	0	0.0396886505859	0.0387856812868	0.0184023743193	0.0117176016015	0.011276616595	8.39971440971e-05	0	0	0	0	0	0.0678276938584	0.0675897019501	0	
Even1;k__Bacteria;p__Bacteroidetes;c__[Saprospirae];o__[Saprospirales];f__Saprospiraceae;g__	1.39995240162e-05	1.39995240162e-05	1.39995240162e-05	1.39995240162e-05	1.39995240162e-05	1.39995240162e-05	1.39995240162e-05	1.39995240162e-05	1.39995240162e-05	1.39995240162e-05	1.39995240162e-05	1.39995240162e-05	0	0	0	0	0	1.39995240162e-05	1.39995240162e-05	1.39995240162e-05	1.39995240162e-05	1.39995240162e-05	1.39995240162e-05	0	0	0	0	0	1.39995240162e-05	1.39995240162e-05	0	
Even1;k__Bacteria;p__Planctomycetes;c__OM190;o__agg27;f__;g__	6.99976200809e-06	6.99976200809e-06	6.99976200809e-06	6.99976200809e-06	6.99976200809e-06	6.99976200809e-06	6.99976200809e-06	6.99976200809e-06	6.99976200809e-06	6.99976200809e-06	0	0	0	0	0	0	0	6.99976200809e-06	6.99976200809e-06	6.99976200809e-06	0	0	0	0	0	0	0	0	6.99976200809e-06	6.99976200809e-06	0	
Even1;k__Bacteria;p__Proteobacteria;c__Alphaproteobacteria;o__Sphingomonadales;f__Sphingomonadaceae;Other	0	0	0	0	0	0	0	0	0.0	0.0	0.0	1.39995240162e-05	1.39995240162e-05	6.99976200809e-06	6.99976200809e-06	0.0	0.0	0	0	0.0	0.0	6.99976200809e-06	1.39995240162e-05	6.99976200809e-06	6.99976200809e-06	6.99976200809e-06	0.0	0.0	0.0	0.0	0	
Even1;k__Bacteria;p__Proteobacteria;c__Gammaproteobacteria;o__Enterobacteriales;f__Enterobacteriaceae;g__Morganella	6.99976200809e-06	6.99976200809e-06	6.99976200809e-06	6.99976200809e-06	6.99976200809e-06	6.99976200809e-06	0.000160994526186	9.79966681133e-05	6.99976200809e-05	4.19985720486e-05	4.19985720486e-05	2.09992860243e-05	0	0	0	0	0	0.000160994526186	0.000118995954138	6.29978580728e-05	4.19985720486e-05	4.19985720486e-05	2.09992860243e-05	0	0	0	0	0	6.99976200809e-06	2.79990480324e-05	0	
Even1;k__Bacteria;p__Proteobacteria;c__Betaproteobacteria;o__Methylophilales;f__Methylophilaceae;g__	1.39995240162e-05	1.39995240162e-05	1.39995240162e-05	1.39995240162e-05	1.39995240162e-05	1.39995240162e-05	6.99976200809e-06	6.99976200809e-06	6.99976200809e-06	6.99976200809e-06	6.99976200809e-06	6.99976200809e-06	6.99976200809e-06	0	0	0	0	6.99976200809e-06	6.99976200809e-06	6.99976200809e-06	6.99976200809e-06	6.99976200809e-06	6.99976200809e-06	6.99976200809e-06	0	0	0	0	6.99976200809e-06	6.99976200809e-06	0	
Even1;k__Bacteria;p__Proteobacteria;c__Deltaproteobacteria;o__Desulfobacterales;f__Desulfobacteraceae;g__Desulfococcus	7.6997382089e-05	7.6997382089e-05	7.6997382089e-05	7.6997382089e-05	7.6997382089e-05	1.39995240162e-05	7.6997382089e-05	7.6997382089e-05	7.6997382089e-05	0	0	0	0	0	0	0	0	7.6997382089e-05	7.6997382089e-05	7.6997382089e-05	0	0	0	0	0	0	0	0	3.49988100405e-05	3.49988100405e-05	0	
Even1;k__Bacteria;p__Verrucomicrobia;c__[Spartobacteria];o__[Chthoniobacterales];Other;Other	0	0	0	0	0	0	0	0	0	0	0.0	0	2.09992860243e-05	0.0	6.99976200809e-06	0	0	0	0	0	0	0.0	0	0	0	1.39995240162e-05	0	1.39995240162e-05	0	0	0	
Even1;k__Bacteria;p__Actinobacteria;c__Coriobacteriia;o__Coriobacteriales;f__Coriobacteriaceae;g__Collinsella	0.000132995478154	0.000132995478154	0.000132995478154	0.000132995478154	0.000132995478154	0.000125995716146	0.000132995478154	0.000132995478154	0.000132995478154	0.000132995478154	0.000132995478154	0.000125995716146	0.000125995716146	0.000125995716146	0.000125995716146	0.000118995954138	0	0.000132995478154	0.000132995478154	0.000132995478154	0.000132995478154	0.000132995478154	0.000132995478154	0.000125995716146	0.000125995716146	0.000125995716146	6.99976200809e-06	0	0.000132995478154	0.000132995478154	0	
Even1;k__Bacteria;p__Actinobacteria;c__Actinobacteria;o__Actinomycetales;f__Micromonosporaceae;Other	0	0	0	0	0	0	0	0	0	0	0.0	0	1.39995240162e-05	1.39995240162e-05	1.39995240162e-05	2.09992860243e-05	1.39995240162e-05	0	0	0	0	0	0	1.39995240162e-05	1.39995240162e-05	1.39995240162e-05	2.09992860243e-05	0	0	0	0	
Even1;k__Bacteria;p__Cyanobacteria;c__Oscillatoriophycideae;o__Oscillatoriales;f__Phormidiaceae;g__Phormidium	0.0	0.0	0.0	0.0	0.0	0.0	0.0	0.0	0.0	0.0	0.0	0.0	0.0	0.0	0.0	0	0	0.0	0.0	0.0	0.0	0.0	0.0	0.0	0.0	0.0	0	0	0.0	0.0	0	
Even1;k__Bacteria;p__Cyanobacteria;c__Oscillatoriophycideae;o__Chroococcales;Other;Other	0	0	0	0	0	0	0	0	0	0	0	0	0	0	0	0	0	0	0.0	0	0	0	0	0	0	0	0	0	0	0	0	
Even1;k__Bacteria;p__Actinobacteria;c__Thermoleophilia;Other;Other;Other	0	0	0	0	0	0	0	0	0	0	0	0.0	0.0	0	0	0	0	0	0	0	0	0	0.0	0.0	0	0	0	0	0	0	0	
Even1;k__Bacteria;p__Bacteroidetes;c__Flavobacteriia;o__Flavobacteriales;f__;g__	6.99976200809e-06	6.99976200809e-06	6.99976200809e-06	6.99976200809e-06	6.99976200809e-06	0.0	0.0	0.0	0.0	0.0	0.0	0	0	0	0	0	0	0.0	0.0	0.0	0.0	0.0	0	0	0	0	0	0	6.99976200809e-06	6.99976200809e-06	0	
Even1;k__Bacteria;p__Proteobacteria;c__Alphaproteobacteria;o__Rhizobiales;f__Beijerinckiaceae;g__Methylocella	0	0	0	0	0	0	0.0	0	0	0	0	0	0	0	0	0	0	0.0	0	0	0	0	0	0	0	0	0	0	0	0	0	
Even1;k__Bacteria;p__Acidobacteria;c__Solibacteres;o__Solibacterales;f__PK34;g__	0	0	0	0	0	0	0.0	0.0	0	0	0	0	0	0	0	0	0	0.0	0.0	0	0	0	0	0	0	0	0	0	0	0	0	
Even1;k__Bacteria;p__Bacteroidetes;c__Cytophagia;o__Cytophagales;f__[Amoebophilaceae];g__Candidatus Amoebophilus	0	0	0	0	0	0	0	0	0	0	0	0	0	0	0	0	0	0.0	0	0	0	0	0	0	0	0	0	0	0	0	0	
Even1;k__Bacteria;p__Actinobacteria;c__Acidimicrobiia;o__Acidimicrobiales;f__OCS155;g__	0.0	0.0	0.0	0.0	0.0	0.0	0.0	0.0	0.0	0.0	0.0	0.0	0.0	0.0	0.0	0.0	0.0	0.0	0.0	0.0	0.0	0.0	0.0	0.0	0.0	0.0	0.0	0	0.0	0.0	0	
Even1;k__Bacteria;p__Proteobacteria;c__Deltaproteobacteria;o__Myxococcales;f__Myxococcaceae;g__	0.0	0.0	0.0	0.0	0.0	0.0	0.0	0.0	0.0	0.0	0.0	0.0	0.0	0.0	0.0	0.0	0	0.0	0.0	0.0	0.0	0.0	0.0	0.0	0.0	0.0	0	0	0.0	0.0	0	
Even1;k__Bacteria;p__Firmicutes;c__Clostridia;o__Clostridiales;f__[Acidaminobacteraceae];g__WH1-8	0	0	0	0	0	0	0.0	0.0	0.0	0.0	0.0	0.0	0	0	0	0	0	0.0	0.0	0.0	0.0	0.0	0	0	0	0	0	0	0	0	0	
Even1;k__Bacteria;p__Proteobacteria;c__Gammaproteobacteria;o__Enterobacteriales;f__Enterobacteriaceae;g__Klebsiella	0.000195993336227	0.000195993336227	0.000195993336227	0.000195993336227	0.000195993336227	0.000195993336227	0.00747574582464	0.00747574582464	0.00747574582464	0.00739174868054	0.0073567498705	0.0025129145609	2.09992860243e-05	0	0	0	0	0.00747574582464	0.00747574582464	0.00747574582464	0.00741974772858	0.00672677128978	0.00249191527488	0.00159594573784	0	0	0	0	4.19985720486e-05	2.09992860243e-05	0	
Even1;k__Bacteria;p__Firmicutes;c__Clostridia;o__Clostridiales;f__Peptostreptococcaceae;g__Peptostreptococcus	0	0	0	0	0	0	0.000174994050202	0.000139995240162	9.79966681133e-05	3.49988100405e-05	0.0	0	0	0	0	0	0	0.000160994526186	0.000153994764178	4.89983340566e-05	3.49988100405e-05	0.0	0	0	0	0	0	0	0	0	0	
Even1;k__Archaea;p__Euryarchaeota;c__Methanopyri;o__Methanopyrales;f__Methanopyraceae;g__Methanopyrus	0	0	0	0	0	0	0.0	0.0	0	0	0	0	0	0	0	0	0	0.0	0.0	0	0	0	0	0	0	0	0	0	0	0	0	
Even1;k__Bacteria;p__Proteobacteria;c__Deltaproteobacteria;o__Desulfurellales;f__Desulfurellaceae;g__Desulfurella	0	0	0	0	0	0	6.99976200809e-06	0	0	0	0	0	0	0	0	0	0	6.99976200809e-06	0	0	0	0	0	0	0	0	0	0	0	0	0	
Even1;k__Bacteria;p__Planctomycetes;c__Planctomycetia;o__Pirellulales;f__Pirellulaceae;g__	3.49988100405e-05	3.49988100405e-05	3.49988100405e-05	3.49988100405e-05	3.49988100405e-05	3.49988100405e-05	3.49988100405e-05	3.49988100405e-05	3.49988100405e-05	3.49988100405e-05	3.49988100405e-05	3.49988100405e-05	3.49988100405e-05	3.49988100405e-05	3.49988100405e-05	0	0	3.49988100405e-05	3.49988100405e-05	3.49988100405e-05	3.49988100405e-05	3.49988100405e-05	3.49988100405e-05	3.49988100405e-05	3.49988100405e-05	3.49988100405e-05	0	0	3.49988100405e-05	3.49988100405e-05	0	
Even1;k__Bacteria;p__Firmicutes;c__Clostridia;o__Clostridiales;f__Ruminococcaceae;g__Faecalibacterium	0.000265990956307	0.000265990956307	0.000265990956307	0.000265990956307	0.000265990956307	0.000265990956307	0.0117036020775	0.0116896025535	0.0116686032675	0.0116336044574	0.0115356077893	0.0115006089793	0.0114866094553	0.0113606137391	0.00032898881438	0.000237991908275	0.000202993098235	0.0117036020775	0.0116896025535	0.0116686032675	0.0116686032675	0.0115636068374	0.0115216082653	0.0112906161191	0.000356987862413	0.000342988338396	0.000244991670283	0.000202993098235	5.59980960647e-05	6.99976200809e-05	0	
Even1;k__Bacteria;p__Actinobacteria;c__Actinobacteria;o__Actinomycetales;f__Microbacteriaceae;g__Agrococcus	6.99976200809e-06	6.99976200809e-06	6.99976200809e-06	6.99976200809e-06	6.99976200809e-06	0	0	0	0	0	0	0	0	0	0	0	0	0	0	0	0	0	0	0	0	0	0	0	0	0	0	
Even1;k__Bacteria;p__Acidobacteria;c__[Chloracidobacteria];o__RB41;Other;Other	0	0	0	0	0	0	0	0	0	0	0	0	0	0	0.0	6.99976200809e-06	0	0	0	0	0	6.99976200809e-06	0	0	0	6.99976200809e-06	0.0	0	0	0	0	
Even1;k__Bacteria;p__Proteobacteria;c__Betaproteobacteria;o__IS-44;f__;g__	0	0	0	0	0	0	1.39995240162e-05	0	0	0	0	0	0	0	0	0	0	1.39995240162e-05	1.39995240162e-05	0	0	0	0	0	0	0	0	0	0	0	0	
Even1;k__Bacteria;p__Proteobacteria;c__Betaproteobacteria;o__Burkholderiales;f__Burkholderiaceae;g__Salinispora	0	0	0	0	0	0	1.39995240162e-05	1.39995240162e-05	1.39995240162e-05	1.39995240162e-05	1.39995240162e-05	1.39995240162e-05	0	0	0	0	0	1.39995240162e-05	1.39995240162e-05	1.39995240162e-05	1.39995240162e-05	1.39995240162e-05	0	0	0	0	0	0	0	0	0	
Even1;k__Bacteria;p__Proteobacteria;c__Gammaproteobacteria;o__Enterobacteriales;f__Enterobacteriaceae;g__Serratia	9.79966681133e-05	9.79966681133e-05	9.79966681133e-05	9.79966681133e-05	9.79966681133e-05	9.79966681133e-05	0.000496983102575	0.00044098500651	0.000349988100405	0.000111996192129	6.99976200809e-06	0	0	0	0	0	0	0.000524982150607	0.000412985958477	0.000349988100405	0.000139995240162	3.49988100405e-05	0	0	0	0	0	0	6.99976200809e-05	6.99976200809e-05	0	
Even1;k__Bacteria;p__Proteobacteria;c__Gammaproteobacteria;o__Alteromonadales;f__[Chromatiaceae];g__Rheinheimera	0	0	0	0	0	0	6.99976200809e-06	0	0	0	0	0	0	0	0	0	0	6.99976200809e-06	6.99976200809e-06	0	0	0	0	0	0	0	0	0	0	0	0	
Even1;k__Bacteria;p__Firmicutes;c__Bacilli;o__Bacillales;f__Bacillaceae;g__Bacillus	2.09992860243e-05	2.09992860243e-05	2.09992860243e-05	2.09992860243e-05	2.09992860243e-05	6.99976200809e-06	1.39995240162e-05	6.99976200809e-06	0	0	0	0	0	0	0	0	0	1.39995240162e-05	0	0	0	0	0	0	0	0	0	0	6.99976200809e-06	3.49988100405e-05	0	
Even1;k__Bacteria;p__Firmicutes;c__AHT28;o__;f__;g__	0	0	0	0	0	0	6.99976200809e-06	6.99976200809e-06	0	0	0	0	0	0	0	0	0	6.99976200809e-06	6.99976200809e-06	0	6.99976200809e-06	0	0	0	0	0	0	0	0	0	0	
Even1;k__Bacteria;p__SAR406;c__AB16;o__Arctic96B-7;Other;Other	0	0	0	0	0	0	0	0	0	0	0	0	0	0	6.99976200809e-06	0	0	0	0	0	0	0	0	0	0	6.99976200809e-06	0	0	0	0	0	
Even1;k__Bacteria;p__Proteobacteria;c__Gammaproteobacteria;o__Xanthomonadales;f__Xanthomonadaceae;Other	0	0	0	0	0	0	0	6.99976200809e-06	0.000230992146267	0.000216992622251	3.49988100405e-05	6.29978580728e-05	6.29978580728e-05	0.000244991670283	0.000307989528356	0.000286990242332	0.000167994288194	0	0.0	0.000230992146267	2.09992860243e-05	3.49988100405e-05	4.89983340566e-05	6.99976200809e-05	0.000244991670283	0.000244991670283	0.000286990242332	0.000209992860243	0.00029399000434	0.000132995478154	0	
Even1;k__Bacteria;p__Bacteroidetes;c__[Saprospirae];o__[Saprospirales];f__Chitinophagaceae;g__Flavisolibacter	6.99976200809e-06	6.99976200809e-06	6.99976200809e-06	6.99976200809e-06	6.99976200809e-06	6.99976200809e-06	6.99976200809e-06	6.99976200809e-06	6.99976200809e-06	6.99976200809e-06	0	0	0	0	0	0	0	6.99976200809e-06	6.99976200809e-06	6.99976200809e-06	6.99976200809e-06	6.99976200809e-06	0	0	0	0	0	0	0	0	0	
Even1;k__Bacteria;p__Actinobacteria;c__Actinobacteria;o__Bifidobacteriales;f__Bifidobacteriaceae;g__Alloscardovia	0	0	0	0	0	0	0.0	0	0	0	0	0	0	0	0	0	0	0.0	0	0	0	0	0	0	0	0	0	0	0	0	0	
Even1;k__Bacteria;p__Verrucomicrobia;c__[Spartobacteria];o__[Chthoniobacterales];f__[Chthoniobacteraceae];g__Candidatus Xiphinematobacter	3.49988100405e-05	3.49988100405e-05	3.49988100405e-05	3.49988100405e-05	3.49988100405e-05	3.49988100405e-05	0	0	0	0	0	0	0	0	0	0	0	3.49988100405e-05	3.49988100405e-05	3.49988100405e-05	3.49988100405e-05	3.49988100405e-05	3.49988100405e-05	1.39995240162e-05	1.39995240162e-05	1.39995240162e-05	1.39995240162e-05	0	3.49988100405e-05	3.49988100405e-05	0	
Even1;k__Bacteria;p__Proteobacteria;c__Alphaproteobacteria;o__;f__;g__	4.89983340566e-05	4.89983340566e-05	4.89983340566e-05	4.89983340566e-05	4.89983340566e-05	4.19985720486e-05	6.29978580728e-05	3.49988100405e-05	0	0	0	0	0	0	0	0	0	6.29978580728e-05	5.59980960647e-05	0	0	0	0	0	0	0	0	0	4.19985720486e-05	4.19985720486e-05	0	
Even1;k__Bacteria;p__Bacteroidetes;c__Flavobacteriia;o__Flavobacteriales;Other;Other	0	0	0	0	0	0	0	2.79990480324e-05	6.99976200809e-05	0	0	0.0	6.99976200809e-06	1.39995240162e-05	3.49988100405e-05	3.49988100405e-05	0	0	4.19985720486e-05	0	0	0	6.99976200809e-06	6.99976200809e-06	2.79990480324e-05	2.09992860243e-05	4.19985720486e-05	0	0	0	0	
Even1;k__Bacteria;p__Proteobacteria;c__Gammaproteobacteria;o__Chromatiales;f__Chromatiaceae;g__Chromatium	0	0	0	0	0	0	5.59980960647e-05	0	0	0	0	0	0	0	0	0	0	5.59980960647e-05	5.59980960647e-05	5.59980960647e-05	0	0	0	0	0	0	0	0	0	0	0	
Even1;k__Bacteria;p__Bacteroidetes;c__Bacteroidia;o__Bacteroidales;f__[Odoribacteraceae];g__Butyricimonas	2.09992860243e-05	2.09992860243e-05	2.09992860243e-05	2.09992860243e-05	2.09992860243e-05	0	0	0	0	0	0	0	0	0	0	0	0	0	0	0	0	0	0	0	0	0	0	0	0	0	0	
Even1;k__Bacteria;p__Proteobacteria;c__Betaproteobacteria;o__Methylophilales;f__;g__	0	0	0	0	0	0	6.99976200809e-06	6.99976200809e-06	0	0	0	0	0	0	0	0	0	6.99976200809e-06	6.99976200809e-06	0	0	0	0	0	0	0	0	0	0	0	0	
Even1;k__Bacteria;p__Proteobacteria;c__Alphaproteobacteria;o__Rhodospirillales;f__Acetobacteraceae;g__Acetobacter	0	0	0	0	0	0	0.0	0	0	0	0	0	0	0	0	0	0	0.0	0	0	0	0	0	0	0	0	0	0	0	0	0	
Even1;k__Bacteria;p__Planctomycetes;c__Planctomycetia;o__Planctomycetales;f__Planctomycetaceae;g__Planctomyces	6.99976200809e-06	6.99976200809e-06	6.99976200809e-06	6.99976200809e-06	6.99976200809e-06	6.99976200809e-06	6.99976200809e-06	6.99976200809e-06	6.99976200809e-06	6.99976200809e-06	6.99976200809e-06	6.99976200809e-06	6.99976200809e-06	6.99976200809e-06	6.99976200809e-06	6.99976200809e-06	6.99976200809e-06	6.99976200809e-06	6.99976200809e-06	6.99976200809e-06	6.99976200809e-06	6.99976200809e-06	6.99976200809e-06	6.99976200809e-06	6.99976200809e-06	6.99976200809e-06	6.99976200809e-06	0	6.99976200809e-06	6.99976200809e-06	0	
Even1;k__Bacteria;p__Cyanobacteria;c__Chloroplast;o__Streptophyta;f__;g__	2.09992860243e-05	2.09992860243e-05	2.09992860243e-05	2.09992860243e-05	2.09992860243e-05	2.09992860243e-05	2.09992860243e-05	2.09992860243e-05	2.09992860243e-05	2.09992860243e-05	2.09992860243e-05	2.09992860243e-05	2.09992860243e-05	2.09992860243e-05	2.09992860243e-05	1.39995240162e-05	0	2.09992860243e-05	2.09992860243e-05	2.09992860243e-05	2.09992860243e-05	2.09992860243e-05	2.09992860243e-05	2.09992860243e-05	2.09992860243e-05	1.39995240162e-05	1.39995240162e-05	0	2.09992860243e-05	2.09992860243e-05	0	
Even1;k__Bacteria;p__Verrucomicrobia;c__[Pedosphaerae];o__[Pedosphaerales];f__Ellin517;g__	0.0	0.0	0.0	0.0	0.0	0.0	0.0	0.0	0.0	0.0	0.0	0.0	0.0	0.0	0.0	0	0	0.0	0.0	0.0	0.0	0.0	0.0	0.0	0.0	0.0	0	0	0.0	0.0	0	
Even1;k__Bacteria;p__Firmicutes;Other;Other;Other;Other	0	0	0	0	0	0	0	1.39995240162e-05	9.09969061052e-05	0.000279990480324	0.00114796096933	0.000762974058882	0.00148394954572	0.001728941216	0.00163794430989	0.0092536853747	0.000405986196469	0	6.99976200809e-06	0.000104996430121	0.000699976200809	0.000888969775028	0.00109896263527	0.0011269616833	0.0016449440719	0.00169394240596	0.00850471083983	0.0204883033977	2.09992860243e-05	0	0	
Even1;k__Archaea;p__Euryarchaeota;c__Halobacteria;o__Halobacteriales;f__Halobacteriaceae;Other	0	0	0	0	0	0	0	6.99976200809e-06	0	0	0	0	0	0	0	0	0	0	6.99976200809e-06	0	0	0	0	0	0	0	0	0	0	0	0	
Even1;k__Bacteria;p__Proteobacteria;c__Gammaproteobacteria;o__Pseudomonadales;f__Moraxellaceae;g__Enhydrobacter	6.99976200809e-06	6.99976200809e-06	6.99976200809e-06	6.99976200809e-06	6.99976200809e-06	6.99976200809e-06	6.99976200809e-06	6.99976200809e-06	6.99976200809e-06	6.99976200809e-06	6.99976200809e-06	6.99976200809e-06	6.99976200809e-06	6.99976200809e-06	6.99976200809e-06	6.99976200809e-06	0	6.99976200809e-06	6.99976200809e-06	6.99976200809e-06	6.99976200809e-06	6.99976200809e-06	6.99976200809e-06	6.99976200809e-06	6.99976200809e-06	6.99976200809e-06	6.99976200809e-06	0	6.99976200809e-06	6.99976200809e-06	0	
Even1;k__Bacteria;p__Proteobacteria;c__Gammaproteobacteria;o__Oceanospirillales;f__Oceanospirillaceae;g__	6.99976200809e-06	6.99976200809e-06	6.99976200809e-06	6.99976200809e-06	6.99976200809e-06	6.99976200809e-06	0	0	0	0	0	0	0	0	0	0	0	0	0	0	0	0	0	0	0	0	0	0	0	0	0	
Even1;k__Bacteria;p__Proteobacteria;c__Gammaproteobacteria;o__Xanthomonadales;f__Xanthomonadaceae;g__Lysobacter	1.39995240162e-05	1.39995240162e-05	1.39995240162e-05	1.39995240162e-05	1.39995240162e-05	1.39995240162e-05	0.000244991670283	0.000244991670283	0.000244991670283	0.000244991670283	0.000244991670283	0.000244991670283	0.000244991670283	6.29978580728e-05	0	0	0	0.000244991670283	0.000244991670283	0.000244991670283	0.000244991670283	0.000244991670283	0.000244991670283	0.000237991908275	6.29978580728e-05	6.29978580728e-05	0	0	0.0	0.000160994526186	0	
Even1;k__Bacteria;p__Proteobacteria;c__Betaproteobacteria;o__Burkholderiales;f__Comamonadaceae;g__Diaphorobacter	0	0	0	0	0	0	6.99976200809e-06	6.99976200809e-06	6.99976200809e-06	6.99976200809e-06	0	0	0	0	0	0	0	6.99976200809e-06	6.99976200809e-06	6.99976200809e-06	0	0	0	0	0	0	0	0	0	0	0	
Even1;k__Bacteria;p__Acidobacteria;c__[Chloracidobacteria];o__RB41;f__Ellin6075;g__	0.0	0.0	0.0	0.0	0.0	0.0	0	0	0	0	0	0	0	0	0	0	0	0	0	0	0	0	0	0	0	0	0	0	0.0	0.0	0	
Even1;k__Bacteria;p__Bacteroidetes;c__[Saprospirae];Other;Other;Other	0	0	0	0	0	0	0	0	0	0	0	0	0	0.0	0	0	0	0	0	0	0	0	0	0	0	0	0	0	0	0	0	
Even1;k__Bacteria;p__Firmicutes;c__Clostridia;o__Clostridiales;f__Veillonellaceae;g__Veillonella	3.49988100405e-05	3.49988100405e-05	3.49988100405e-05	3.49988100405e-05	3.49988100405e-05	3.49988100405e-05	3.49988100405e-05	3.49988100405e-05	3.49988100405e-05	3.49988100405e-05	3.49988100405e-05	3.49988100405e-05	3.49988100405e-05	3.49988100405e-05	3.49988100405e-05	2.09992860243e-05	1.39995240162e-05	3.49988100405e-05	3.49988100405e-05	3.49988100405e-05	3.49988100405e-05	3.49988100405e-05	3.49988100405e-05	3.49988100405e-05	3.49988100405e-05	3.49988100405e-05	2.09992860243e-05	2.09992860243e-05	3.49988100405e-05	2.09992860243e-05	0	
Even1;k__Bacteria;p__Proteobacteria;c__Alphaproteobacteria;o__Rhodobacterales;Other;Other	0	0	0	0	0	0	0	0	0	0	0	0	0	0	0.0	0	0.0	0	0	0	0	0	0	0	0	0	0	0	0	0	0	
Even1;k__Bacteria;p__Actinobacteria;c__Thermoleophilia;o__Solirubrobacterales;f__Solirubrobacteraceae;g__	0	0	0	0	0	0	0	0	0	0	0	0	0	0	0	0	0	0	0	0	0	0	0	0	0	0	0	0	0.0	0.0	0	
Even1;k__Bacteria;p__Bacteroidetes;c__Bacteroidia;o__Bacteroidales;f__RF16;g__	1.39995240162e-05	1.39995240162e-05	1.39995240162e-05	1.39995240162e-05	1.39995240162e-05	0	0	0	0	0	0	0	0	0	0	0	0	0	0	0	0	0	0	0	0	0	0	0	1.39995240162e-05	1.39995240162e-05	0	
Even1;k__Bacteria;p__Proteobacteria;c__Alphaproteobacteria;o__Sphingomonadales;f__Erythrobacteraceae;g__Erythromicrobium	0	0	0	0	0	0	6.99976200809e-06	0	0	0	0	0	0	0	0	0	0	6.99976200809e-06	0	0	0	0	0	0	0	0	0	0	0	0	0	
Even1;k__Bacteria;p__Proteobacteria;c__Alphaproteobacteria;o__Rhizobiales;f__Hyphomicrobiaceae;Other	0	0	0	0	0	0	0	0	0	0	0	0	0	0	0	0.0	0	0	0	0	0	0	0	0	0	0	0	0	0	0	0	
Even1;k__Bacteria;p__Firmicutes;c__Bacilli;o__Bacillales;f__Planococcaceae;g__	0.0	0.0	0.0	0.0	0.0	0	0	0	0	0	0	0	0	0	0	0	0	0	0	0	0	0	0	0	0	0	0	0	0	0	0	
Even1;k__Bacteria;p__Proteobacteria;c__Betaproteobacteria;o__Burkholderiales;f__Oxalobacteraceae;g__	1.39995240162e-05	1.39995240162e-05	1.39995240162e-05	1.39995240162e-05	1.39995240162e-05	1.39995240162e-05	0	0	0	0	0	0	0	0	0	0	0	0	0	0	0	0	0	0	0	0	0	0	2.09992860243e-05	4.19985720486e-05	0	
Even1;k__Bacteria;p__Proteobacteria;c__Gammaproteobacteria;o__Alteromonadales;f__Alteromonadaceae;g__Umboniibacter	0	0	0	0	0	0	6.99976200809e-06	0	0	0	0	0	0	0	0	0	0	6.99976200809e-06	6.99976200809e-06	0	0	0	0	0	0	0	0	0	0	0	0	
Even1;k__Bacteria;p__Proteobacteria;c__Gammaproteobacteria;o__Aeromonadales;f__Aeromonadaceae;Other	0	0	0	0	0	0	0	0	0	0	2.09992860243e-05	0	0	0	0	0	0	0	0	0	0	2.09992860243e-05	0	0	0	0	0	0	0	0	0	
Even1;k__Archaea;p__Crenarchaeota;Other;Other;Other;Other	0	0	0	0	0	0	0	0	6.99976200809e-06	0	0	0	0	0	0	6.99976200809e-06	0	0	0	0.0	0	0	0	0	0	0	0	6.99976200809e-06	0	0	0	
Even1;k__Bacteria;p__Firmicutes;c__Clostridia;o__Halanaerobiales;f__Halobacteroidaceae;Other	0	0	0	0	0	0	0	0	0.0	0	0	0	0	0	0	0	0	0	0	0.0	0	0	0	0	0	0	0	0	0	0	0	
Even1;k__Bacteria;p__Proteobacteria;c__Deltaproteobacteria;o__Desulfobacterales;f__Desulfobacteraceae;g__	6.29978580728e-05	6.29978580728e-05	6.29978580728e-05	6.29978580728e-05	6.29978580728e-05	6.29978580728e-05	6.99976200809e-06	6.99976200809e-06	6.99976200809e-06	0	0	0	0	0	0	0	0	6.99976200809e-06	6.99976200809e-06	6.99976200809e-06	6.99976200809e-06	0	0	0	0	0	0	0	0	0	0	
Even1;k__Bacteria;p__Acidobacteria;c__Solibacteres;o__Solibacterales;f__Solibacteraceae;g__Candidatus Solibacter	2.09992860243e-05	2.09992860243e-05	2.09992860243e-05	2.09992860243e-05	2.09992860243e-05	2.09992860243e-05	0	0	0	0	0	0	0	0	0	0	0	2.09992860243e-05	2.09992860243e-05	2.09992860243e-05	2.09992860243e-05	2.09992860243e-05	2.09992860243e-05	1.39995240162e-05	1.39995240162e-05	1.39995240162e-05	1.39995240162e-05	0	2.09992860243e-05	2.09992860243e-05	0	
Even1;k__Bacteria;p__Acidobacteria;c__Solibacteres;o__Solibacterales;f__;g__	6.99976200809e-06	6.99976200809e-06	6.99976200809e-06	6.99976200809e-06	6.99976200809e-06	6.99976200809e-06	6.99976200809e-06	6.99976200809e-06	6.99976200809e-06	6.99976200809e-06	0	0	0	0	0	0	0	6.99976200809e-06	6.99976200809e-06	6.99976200809e-06	6.99976200809e-06	0	0	0	0	0	0	0	6.99976200809e-06	6.99976200809e-06	0	
Even1;k__Bacteria;p__Firmicutes;c__Bacilli;o__Bacillales;f__;g__	0.0	0.0	0.0	0.0	0.0	0	0	0	0	0	0	0	0	0	0	0	0	0	0	0	0	0	0	0	0	0	0	0	0	0	0	
Even1;k__Bacteria;p__Proteobacteria;c__Deltaproteobacteria;o__Desulfuromonadales;f__Geobacteraceae;g__	4.89983340566e-05	4.89983340566e-05	4.89983340566e-05	4.89983340566e-05	4.89983340566e-05	4.89983340566e-05	0	0	0	0	0	0	0	0	0	0	0	0	0	0	0	0	0	0	0	0	0	0	4.89983340566e-05	4.89983340566e-05	0	
Even1;k__Bacteria;p__Proteobacteria;c__Alphaproteobacteria;o__Rhizobiales;f__Bradyrhizobiaceae;g__Bradyrhizobium	0.0	0.0	0.0	0.0	0	0	4.19985720486e-05	4.19985720486e-05	4.19985720486e-05	4.19985720486e-05	4.19985720486e-05	4.19985720486e-05	4.19985720486e-05	4.19985720486e-05	4.19985720486e-05	4.19985720486e-05	0	4.19985720486e-05	4.19985720486e-05	4.19985720486e-05	4.19985720486e-05	4.19985720486e-05	4.19985720486e-05	4.19985720486e-05	4.19985720486e-05	4.19985720486e-05	4.19985720486e-05	0	0	0	0	
Even1;k__Bacteria;p__Acidobacteria;c__Solibacteres;o__Solibacterales;f__Solibacteraceae;Other	0	0	0	0	0	0	2.09992860243e-05	2.09992860243e-05	2.09992860243e-05	2.09992860243e-05	2.09992860243e-05	2.09992860243e-05	1.39995240162e-05	1.39995240162e-05	1.39995240162e-05	0	0	0	0	0	0	0	0	0	0	0	0	0	0	0	0	
Even1;k__Bacteria;p__Actinobacteria;c__Actinobacteria;o__Actinomycetales;f__Yaniellaceae;g__	0	0	0	0	0	0	6.99976200809e-06	0	0	0	0	0	0	0	0	0	0	6.99976200809e-06	0	0	0	0	0	0	0	0	0	0	0	0	0	
Even1;k__Bacteria;p__Bacteroidetes;c__Bacteroidia;o__Bacteroidales;f__Porphyromonadaceae;g__Dysgonomonas	6.99976200809e-06	6.99976200809e-06	6.99976200809e-06	6.99976200809e-06	6.99976200809e-06	6.99976200809e-06	3.49988100405e-05	3.49988100405e-05	6.99976200809e-06	6.99976200809e-06	6.99976200809e-06	0	0	0	0	0	0	1.39995240162e-05	6.99976200809e-06	6.99976200809e-06	6.99976200809e-06	6.99976200809e-06	0	0	0	0	0	0	6.99976200809e-06	6.99976200809e-06	0	
Even1;k__Bacteria;p__Proteobacteria;c__Alphaproteobacteria;o__Rhizobiales;f__Beijerinckiaceae;g__Chelatococcus	0	0	0	0	0	0	1.39995240162e-05	0	0	0	0	0	0	0	0	0	0	1.39995240162e-05	0	0	0	0	0	0	0	0	0	0	0	0	0	
Even1;k__Bacteria;p__Proteobacteria;c__Gammaproteobacteria;o__Enterobacteriales;f__Enterobacteriaceae;g__Proteus	0.0249331522728	0.0249331522728	0.0249331522728	0.0249331522728	0.0249331522728	0.0247651579846	0.0245761644104	0.0245761644104	0.0245201663143	0.0244501686943	0.0243101734541	0.0240301829738	0.0239531855917	0.0238411893996	0.0236941943974	0.0236941943974	0.0210272850723	0.0245761644104	0.0245761644104	0.0245621648864	0.0244781677423	0.0241491789279	0.0240231832118	0.0238971874956	0.0237641920175	0.0237291932074	0.0210272850723	0.0210272850723	0.0249191527488	0.025045148465	0.0147	
Even1;k__Bacteria;p__Proteobacteria;c__Betaproteobacteria;o__Burkholderiales;f__Burkholderiaceae;Other	0	0	0	0	0	0	0	0	0	0	0	0	1.39995240162e-05	1.39995240162e-05	0	0	0	0	0	0	0	0	1.39995240162e-05	1.39995240162e-05	1.39995240162e-05	0	0	0	1.39995240162e-05	1.39995240162e-05	0	
Even1;k__Bacteria;p__Bacteroidetes;c__[Saprospirae];o__[Saprospirales];f__Chitinophagaceae;Other	0	0	0	0	0	0	0	0	6.99976200809e-06	6.99976200809e-06	3.49988100405e-05	6.99976200809e-05	0.000104996430121	0.000118995954138	0.000132995478154	0.000104996430121	3.49988100405e-05	0	0	0	1.39995240162e-05	4.89983340566e-05	4.89983340566e-05	9.09969061052e-05	0.000132995478154	0.000125995716146	0.000118995954138	4.19985720486e-05	2.09992860243e-05	3.49988100405e-05	0	
Even1;k__Bacteria;p__Firmicutes;c__Bacilli;o__Lactobacillales;f__Aerococcaceae;g__Aerococcus	0	0	0	0	0	0	0	0	0	0	0	0	0	0	0	0	0	0	0	0	0	0	0	0	0	0	0	0	0	6.99976200809e-06	0	
Even1;k__Bacteria;p__Actinobacteria;c__Actinobacteria;o__Actinomycetales;f__Actinomycetaceae;Other	0	0	0	0	0	0	0	0	0	0	0	0	0	0	0	0	0	0	0.0	0.0	0	0	0	0	0	0	0	0	0	0	0	
Even1;k__Bacteria;p__Armatimonadetes;c__0319-6E2;o__;f__;g__	0.0	0.0	0.0	0.0	0.0	0.0	0.0	0.0	0.0	0.0	0	0	0	0	0	0	0	0.0	0.0	0.0	0.0	0	0	0	0	0	0	0	0.0	0.0	0	
Even1;k__Bacteria;p__Proteobacteria;c__Betaproteobacteria;o__Methylophilales;f__Methylophilaceae;Other	0	0	0	0	0	0	0	0	0	0	0	0	0	6.99976200809e-06	0	0	0	0	0	0	0	0	0	0	6.99976200809e-06	0	6.99976200809e-06	0	0	0	0	
Even1;k__Bacteria;p__Proteobacteria;c__Gammaproteobacteria;o__Alteromonadales;f__OM60;g__Congregibacter	4.19985720486e-05	4.19985720486e-05	4.19985720486e-05	4.19985720486e-05	4.19985720486e-05	4.19985720486e-05	0	0	0	0	0	0	0	0	0	0	0	0	0	0	0	0	0	0	0	0	0	0	0	0	0	
Even1;k__Bacteria;p__Bacteroidetes;c__Flavobacteriia;o__Flavobacteriales;f__Flavobacteriaceae;g__Psychroserpens	0	0	0	0	0	0	0.0	0.0	0.0	0	0	0	0	0	0	0	0	0.0	0.0	0.0	0.0	0	0	0	0	0	0	0	0	0	0	
Even1;k__Bacteria;p__Proteobacteria;c__Gammaproteobacteria;o__Pasteurellales;f__Pasteurellaceae;g__Bibersteinia	0	0	0	0	0	0	4.19985720486e-05	3.49988100405e-05	0	0	0	0	0	0	0	0	0	4.19985720486e-05	0.0	0	0	0	0	0	0	0	0	0	0	0	0	
Even1;k__Bacteria;p__Cyanobacteria;c__Oscillatoriophycideae;o__Chroococcales;f__Microcystaceae;g__Microcystis	0.0	0.0	0.0	0.0	0.0	0.0	0.0	0.0	0.0	0.0	0.0	0.0	0.0	0.0	0.0	0.0	0	0.0	0.0	0.0	0.0	0.0	0.0	0.0	0.0	0.0	0.0	0.0	0.0	0.0	0	
Even1;k__Bacteria;p__Proteobacteria;c__Betaproteobacteria;o__Burkholderiales;f__Oxalobacteraceae;g__Janthinobacterium	0	0	0	0	0	0	6.99976200809e-06	6.99976200809e-06	6.99976200809e-06	6.99976200809e-06	6.99976200809e-06	6.99976200809e-06	6.99976200809e-06	6.99976200809e-06	6.99976200809e-06	6.99976200809e-06	0	6.99976200809e-06	6.99976200809e-06	6.99976200809e-06	6.99976200809e-06	6.99976200809e-06	6.99976200809e-06	6.99976200809e-06	6.99976200809e-06	6.99976200809e-06	6.99976200809e-06	0	6.99976200809e-06	6.99976200809e-06	0	
Even1;k__Bacteria;p__Caldithrix;c__Caldithrixae;o__Caldithrixales;f__Caldithrixaceae;g__	1.39995240162e-05	1.39995240162e-05	1.39995240162e-05	1.39995240162e-05	1.39995240162e-05	1.39995240162e-05	1.39995240162e-05	1.39995240162e-05	1.39995240162e-05	1.39995240162e-05	0	1.39995240162e-05	0	0	0	0	0	1.39995240162e-05	1.39995240162e-05	1.39995240162e-05	1.39995240162e-05	1.39995240162e-05	1.39995240162e-05	0	0	0	0	0	1.39995240162e-05	1.39995240162e-05	0	
Even1;k__Archaea;p__[Parvarchaeota];c__[Parvarchaea];o__WCHD3-30;f__;g__	6.99976200809e-06	6.99976200809e-06	6.99976200809e-06	6.99976200809e-06	6.99976200809e-06	0	6.99976200809e-06	6.99976200809e-06	6.99976200809e-06	6.99976200809e-06	6.99976200809e-06	6.99976200809e-06	6.99976200809e-06	6.99976200809e-06	6.99976200809e-06	6.99976200809e-06	0	6.99976200809e-06	6.99976200809e-06	6.99976200809e-06	6.99976200809e-06	6.99976200809e-06	6.99976200809e-06	6.99976200809e-06	6.99976200809e-06	6.99976200809e-06	0	0	6.99976200809e-06	6.99976200809e-06	0	
Even1;k__Bacteria;p__Cyanobacteria;c__Chloroplast;Other;Other;Other	0	0	0	0	0	0	0	0	1.39995240162e-05	2.79990480324e-05	1.39995240162e-05	8.39971440971e-05	6.29978580728e-05	3.49988100405e-05	2.79990480324e-05	4.19985720486e-05	3.49988100405e-05	0	0	1.39995240162e-05	1.39995240162e-05	1.39995240162e-05	6.99976200809e-05	4.89983340566e-05	9.09969061052e-05	7.6997382089e-05	6.99976200809e-05	0	0	0	0	
Even1;k__Bacteria;p__Firmicutes;c__Clostridia;o__Clostridiales;f__Sulfobacillaceae;g__Sulfobacillus	0	0	0	0	0	0	0.0	0	0	0	0	0	0	0	0	0	0	0.0	0	0	0	0	0	0	0	0	0	0	0	0	0	
Even1;k__Bacteria;p__Armatimonadetes;c__[Fimbriimonadia];o__[Fimbriimonadales];f__[Fimbriimonadaceae];Other	0	0	0	0	0	0	0	0	0	0	0	0	0	0	6.99976200809e-06	0	0	0	0	0	0	0	0	0	0	0	0	0	0	0	0	
Even1;k__Bacteria;p__Proteobacteria;c__Gammaproteobacteria;o__Enterobacteriales;f__Enterobacteriaceae;g__	0.108272318741	0.108272318741	0.108272318741	0.108272318741	0.108272318741	0.107957329451	0.00340888409794	0.000594979770688	0.000125995716146	0	0	0	0	0	0	0	0	0.00340888409794	0.000706975962817	0.000125995716146	6.99976200809e-06	0	0	0	0	0	0	0	0.0221472469936	0.0222592431857	0.0147	
Even1;k__Bacteria;p__FBP;c__;o__;f__;g__	6.99976200809e-06	6.99976200809e-06	6.99976200809e-06	6.99976200809e-06	6.99976200809e-06	0	0	0	0	0	0	0	0	0	0	0	0	0	0	0	0	0	0	0	0	0	0	0	0	0	0	
Even1;k__Bacteria;p__Proteobacteria;c__Deltaproteobacteria;o__Syntrophobacterales;f__;g__	0	0	0	0	0	0	4.89983340566e-05	0	0	0	0	0	0	0	0	0	0	4.89983340566e-05	0	0	0	0	0	0	0	0	0	0	0	0	0	
Even1;k__Bacteria;p__Firmicutes;c__Clostridia;Other;Other;Other	0	0	0	0	0	0	0	6.99976200809e-05	0.000139995240162	0.000167994288194	0.000125995716146	0.000209992860243	0.000167994288194	0.00032898881438	0.000349988100405	0.000930968347076	0.00602679508897	0	0.000132995478154	0.000125995716146	9.79966681133e-05	0.000216992622251	0.000195993336227	0.000321989052372	0.000335988576388	0.000153994764178	0.000461984292534	4.19985720486e-05	0	0	0	
Even1;k__Bacteria;p__Actinobacteria;c__Actinobacteria;o__Actinomycetales;f__Nocardioidaceae;g__Kribbella	0.0	0.0	0.0	0.0	0.0	0.0	0.0	0.0	0.0	0.0	0.0	0.0	0.0	0	0	0	0	0.0	0.0	0.0	0.0	0.0	0	0	0	0	0	0	0.0	0.0	0	
Even1;k__Bacteria;p__Firmicutes;c__Clostridia;o__Clostridiales;f__Eubacteriaceae;g__Anaerofustis	0.00029399000434	0.00029399000434	0.00029399000434	0.00029399000434	0.00029399000434	0.000244991670283	0.00804972630931	0.00804972630931	0.00804972630931	0.00793773011718	0.00789573154513	0.00771373773292	0.0076157410648	0.00750374487267	0.00732175106046	0.00732175106046	0	0.00804972630931	0.00804972630931	0.00804972630931	0.00795172964119	0.0078677324971	0.00771373773292	0.00759474177878	0.00755974296874	0.00732175106046	0.00730775153645	0.00730075177444	0.000377987148437	0.00779773487701	0.0147	
Even1;k__Bacteria;p__Actinobacteria;c__Acidimicrobiia;o__Acidimicrobiales;Other;Other	0	0	0	0	0	0	0	6.99976200809e-06	0	0	0	0	0	0	0	0	0	0	0	0	0	0	0	0	0	0	0	0	0	6.99976200809e-06	0	
Even1;k__Bacteria;p__Armatimonadetes;c__[Fimbriimonadia];o__[Fimbriimonadales];Other;Other	0	0	0	0	0	0	0	0	0	0	0	0	0	0	0	6.99976200809e-06	0	0	0	0	0	0	0	0	0	0	6.99976200809e-06	0	0	0	0	
Even1;k__Bacteria;p__Proteobacteria;c__Deltaproteobacteria;o__Myxococcales;Other;Other	0	0	0	0	0	0	0	0	0	0	1.39995240162e-05	0	2.09992860243e-05	6.99976200809e-06	6.99976200809e-06	0	0	0	0	0	0	0	2.09992860243e-05	2.09992860243e-05	6.99976200809e-06	0	0	0	0	0	0	
Even1;k__Bacteria;p__Proteobacteria;c__Alphaproteobacteria;o__Rhizobiales;f__Hyphomicrobiaceae;g__Pedomicrobium	6.99976200809e-06	6.99976200809e-06	6.99976200809e-06	6.99976200809e-06	6.99976200809e-06	6.99976200809e-06	6.99976200809e-06	6.99976200809e-06	6.99976200809e-06	6.99976200809e-06	6.99976200809e-06	6.99976200809e-06	6.99976200809e-06	6.99976200809e-06	6.99976200809e-06	6.99976200809e-06	0	6.99976200809e-06	6.99976200809e-06	6.99976200809e-06	6.99976200809e-06	6.99976200809e-06	6.99976200809e-06	6.99976200809e-06	6.99976200809e-06	6.99976200809e-06	6.99976200809e-06	0	6.99976200809e-06	6.99976200809e-06	0	
Even1;k__Bacteria;p__Proteobacteria;c__Gammaproteobacteria;o__Xanthomonadales;f__Xanthomonadaceae;g__Rhodanobacter	0.0	0.0	0.0	0.0	0.0	0	0.000244991670283	0.000244991670283	0.0	0	0	0	0	0	0	0	0	0.000244991670283	0.000244991670283	0.0	0	0	0	0	0	0	0	0	0.0	0.0	0	
Even1;k__Bacteria;p__Proteobacteria;c__Betaproteobacteria;o__Burkholderiales;f__Comamonadaceae;g__Simplicispira	0	0	0	0	0	0	3.49988100405e-05	2.09992860243e-05	2.09992860243e-05	2.09992860243e-05	0	0	0	0	0	0	0	3.49988100405e-05	2.09992860243e-05	2.09992860243e-05	2.09992860243e-05	6.99976200809e-06	0	0	0	0	0	0	0	0	0	
Even1;k__Bacteria;p__Actinobacteria;c__Actinobacteria;o__Actinomycetales;Other;Other	0	0	0	0	0	0	0	9.79966681133e-05	0.000237991908275	0.000209992860243	0.000202993098235	4.89983340566e-05	6.29978580728e-05	6.99976200809e-05	7.6997382089e-05	5.59980960647e-05	0.000111996192129	0	8.39971440971e-05	0.000244991670283	0.000237991908275	0.000188993574218	5.59980960647e-05	8.39971440971e-05	7.6997382089e-05	7.6997382089e-05	4.19985720486e-05	0.00014699500217	1.39995240162e-05	1.39995240162e-05	0	
Even1;k__Bacteria;p__Firmicutes;c__Clostridia;o__Clostridiales;f__Veillonellaceae;Other	0	0	0	0	0	0	0	2.79990480324e-05	3.49988100405e-05	3.49988100405e-05	5.59980960647e-05	0.000216992622251	0.000286990242332	0.00606879366102	0.00608279318503	0.00594279794487	2.79990480324e-05	0	6.99976200809e-06	4.19985720486e-05	4.19985720486e-05	7.6997382089e-05	0.000230992146267	0.000286990242332	0.000349988100405	0.00608279318503	0.00590779913483	0.00580980246672	0	1.39995240162e-05	0	
Even1;k__Archaea;p__Euryarchaeota;c__Thermoplasmata;o__Thermoplasmatales;Other;Other	0	0	0	0	0	0	0	0.0	0.0	0.0	0	0	0	0	0	0	0	0	0.0	0.0	0.0	0	0	0	0	0	0	0	0	0	0	
Even1;NO_HIT	1.39995240162e-05	1.39995240162e-05	1.39995240162e-05	1.39995240162e-05	1.39995240162e-05	1.39995240162e-05	1.39995240162e-05	1.39995240162e-05	1.39995240162e-05	1.39995240162e-05	1.39995240162e-05	0	0	0	0	0	0	1.39995240162e-05	1.39995240162e-05	1.39995240162e-05	1.39995240162e-05	1.39995240162e-05	1.39995240162e-05	0	0	0	0	0	0.000195993336227	8.39971440971e-05	0	
Even1;k__Bacteria;p__Bacteroidetes;c__Flavobacteriia;o__Flavobacteriales;f__[Weeksellaceae];g__Elizabethkingia	0	0	0	0	0	0	8.39971440971e-05	0	0	0	0	0	0	0	0	0	0	8.39971440971e-05	2.79990480324e-05	0	0	0	0	0	0	0	0	0	0	0	0	
Even1;k__Bacteria;p__OD1;c__;o__;f__;g__	6.99976200809e-06	6.99976200809e-06	6.99976200809e-06	6.99976200809e-06	6.99976200809e-06	0	0	0	0	0	0	0	0	0	0	0	0	0	0	0	0	0	0	0	0	0	0	0	0	0	0	
Even1;k__Bacteria;p__Gemmatimonadetes;c__Gemmatimonadetes;o__;f__;g__	0.0	0.0	0.0	0.0	0.0	0.0	0.0	0.0	0.0	0.0	0.0	0.0	0.0	0.0	0	0	0	0.0	0.0	0.0	0.0	0.0	0.0	0.0	0.0	0	0	0	0.0	0.0	0	
Even1;k__Bacteria;p__Proteobacteria;c__Gammaproteobacteria;o__Pasteurellales;f__Pasteurellaceae;g__Chelonobacter	0	0	0	0	0	0	1.39995240162e-05	1.39995240162e-05	0	0	0	0	0	0	0	0	0	1.39995240162e-05	1.39995240162e-05	0	0	0	0	0	0	0	0	0	0	0	0	
Even1;k__Bacteria;p__Armatimonadetes;Other;Other;Other;Other	0	0	0	0	0	0	0	0	0	0	0.0	0	0	0	0	0	0	0	0	0	0	0.0	0.0	0	0	0	0	0	0	0	0	
Even1;k__Bacteria;p__Proteobacteria;c__Gammaproteobacteria;o__Pasteurellales;f__Pasteurellaceae;g__Haemophilus	0.000104996430121	0.000104996430121	0.000104996430121	0.000104996430121	0.000104996430121	0.000104996430121	0.000104996430121	0.000104996430121	0.000104996430121	0.000104996430121	0.000104996430121	9.79966681133e-05	9.79966681133e-05	9.09969061052e-05	6.29978580728e-05	0	0	0.000104996430121	0.000104996430121	0.000104996430121	0.000104996430121	9.79966681133e-05	9.79966681133e-05	9.79966681133e-05	6.29978580728e-05	6.29978580728e-05	0	0	0.000104996430121	0.000104996430121	0	
Even1;k__Bacteria;p__Cyanobacteria;c__Gloeobacterophycideae;o__Gloeobacterales;f__Gloeobacteraceae;g__Gloeobacter	0	0	0	0	0	0	2.09992860243e-05	0	0	0	0	0	0	0	0	0	0	2.09992860243e-05	0	0	0	0	0	0	0	0	0	0	0	0	0	
Even1;k__Bacteria;p__Verrucomicrobia;c__[Pedosphaerae];o__[Pedosphaerales];f__Ellin515;g__	2.09992860243e-05	2.09992860243e-05	2.09992860243e-05	2.09992860243e-05	2.09992860243e-05	2.09992860243e-05	2.09992860243e-05	2.09992860243e-05	2.09992860243e-05	2.09992860243e-05	2.09992860243e-05	2.09992860243e-05	2.09992860243e-05	2.09992860243e-05	2.09992860243e-05	2.09992860243e-05	2.09992860243e-05	2.09992860243e-05	2.09992860243e-05	2.09992860243e-05	2.09992860243e-05	2.09992860243e-05	2.09992860243e-05	2.09992860243e-05	2.09992860243e-05	2.09992860243e-05	2.09992860243e-05	0	2.09992860243e-05	2.09992860243e-05	0	
Even1;k__Bacteria;p__Cyanobacteria;c__Oscillatoriophycideae;Other;Other;Other	0	0	0	0	0	0	0	0	0	0	0.0	0.0	0.0	0	0	0.0	0	0	0	0	0.0	0	0.0	0.0	0	0	0.0	0	0	0	0	
Even1;k__Bacteria;p__Firmicutes;c__Bacilli;o__Bacillales;f__Bacillaceae;g__	6.99976200809e-06	6.99976200809e-06	6.99976200809e-06	6.99976200809e-06	6.99976200809e-06	0	0	0	0	0	0	0	0	0	0	0	0	0	0	0	0	0	0	0	0	0	0	0	0	0.0	0	
Even1;k__Bacteria;p__Actinobacteria;c__Actinobacteria;o__Actinomycetales;f__Actinopolysporaceae;g__	0	0	0	0	0	0	2.09992860243e-05	6.99976200809e-06	6.99976200809e-06	6.99976200809e-06	0	0	0	0	0	0	0	2.09992860243e-05	2.09992860243e-05	6.99976200809e-06	6.99976200809e-06	0.0	0	0	0	0	0	0	0	0	0	
Even1;k__Bacteria;p__Bacteroidetes;c__Bacteroidia;o__Bacteroidales;f__Rikenellaceae;g__	0.0114796096933	0.0114796096933	0.0114796096933	0.0114796096933	0.0114796096933	0.0114516106452	0.0113886127872	0.0113886127872	0.0113886127872	0.0113886127872	0.0113746132631	0.0113676135011	0.0113326146911	0.0112906161191	0.011220618499	0.0105696406322	0.0105696406322	0.0113886127872	0.0113886127872	0.0113886127872	0.0113886127872	0.0113746132631	0.0113676135011	0.0113676135011	0.011269616833	0.011220618499	0.011213618737	0.0105696406322	0.000720975486833	0.000671977152777	0.0147	
Even1;k__Bacteria;p__Bacteroidetes;c__Bacteroidia;o__Bacteroidales;f__;g__	1.39995240162e-05	1.39995240162e-05	1.39995240162e-05	1.39995240162e-05	1.39995240162e-05	1.39995240162e-05	2.79990480324e-05	1.39995240162e-05	1.39995240162e-05	6.99976200809e-06	0	0	0	0	0	0	0	2.79990480324e-05	2.09992860243e-05	1.39995240162e-05	6.99976200809e-06	0	0	0	0	0	0	0	2.79990480324e-05	3.49988100405e-05	0	
Even1;k__Bacteria;p__Proteobacteria;c__Gammaproteobacteria;o__Enterobacteriales;f__Enterobacteriaceae;g__Citrobacter	1.39995240162e-05	1.39995240162e-05	1.39995240162e-05	1.39995240162e-05	1.39995240162e-05	1.39995240162e-05	4.19985720486e-05	4.19985720486e-05	4.19985720486e-05	4.19985720486e-05	2.79990480324e-05	0.0	0	0	0	0	0	4.19985720486e-05	4.19985720486e-05	4.19985720486e-05	4.19985720486e-05	2.79990480324e-05	1.39995240162e-05	0	0	0	0	0	1.39995240162e-05	0	0.0147	
Even1;k__Bacteria;p__Chloroflexi;c__Dehalococcoidetes;o__Dehalococcoidales;f__Dehalococcoidaceae;g__	6.99976200809e-06	6.99976200809e-06	6.99976200809e-06	6.99976200809e-06	6.99976200809e-06	0	0	0	0	0	0	0	0	0	0	0	0	0	0	0	0	0	0	0	0	0	0	0	0	0	0	
Even1;k__Bacteria;p__Proteobacteria;c__Alphaproteobacteria;o__Rhizobiales;f__Methylobacteriaceae;g__Methylobacterium	0	0	0	0	0	0	0.0	0.0	0.0	0	0	0	0	0	0	0	0	0.0	0.0	0	0	0	0	0	0	0	0	0	0	0	0	
Even1;k__Bacteria;p__Proteobacteria;c__Gammaproteobacteria;o__Pseudomonadales;f__Pseudomonadaceae;g__Pseudomonas	1.39995240162e-05	1.39995240162e-05	1.39995240162e-05	1.39995240162e-05	1.39995240162e-05	1.39995240162e-05	1.39995240162e-05	1.39995240162e-05	1.39995240162e-05	1.39995240162e-05	1.39995240162e-05	1.39995240162e-05	1.39995240162e-05	1.39995240162e-05	0	0	0	1.39995240162e-05	1.39995240162e-05	1.39995240162e-05	1.39995240162e-05	1.39995240162e-05	1.39995240162e-05	1.39995240162e-05	1.39995240162e-05	0	0	0	1.39995240162e-05	1.39995240162e-05	0	
Even1;k__Bacteria;p__Caldithrix;c__Caldithrixae;o__Caldithrixales;f__Caldithrixaceae;Other	0	0	0	0	0	0	0	0	0	0	1.39995240162e-05	0	0	0	0	0	0	0	0	0	0	0	0	0	0	0	0	0	0	0	0	
Even1;k__Bacteria;p__Acidobacteria;c__Acidobacteria-6;o__iii1-15;Other;Other	0	0	0	0	0	0	0	0	6.99976200809e-06	6.99976200809e-06	6.99976200809e-06	6.99976200809e-06	6.99976200809e-06	0.0	6.99976200809e-06	1.39995240162e-05	0	0	0	0	6.99976200809e-06	6.99976200809e-06	6.99976200809e-06	6.99976200809e-06	6.99976200809e-06	6.99976200809e-06	1.39995240162e-05	0	0	0	0	
Even1;k__Bacteria;p__Proteobacteria;c__Betaproteobacteria;o__A21b;f__EB1003;g__	0.0	0.0	0.0	0.0	0.0	0.0	0.0	0.0	0.0	0.0	0.0	0.0	0.0	0.0	0.0	0	0	0.0	0.0	0.0	0.0	0.0	0.0	0.0	0.0	0.0	0	0	0.0	0.0	0	
Even1;k__Bacteria;p__Proteobacteria;c__Gammaproteobacteria;o__Xanthomonadales;f__Sinobacteraceae;g__Hydrocarboniphaga	0	0	0	0	0	0	0.0	0	0	0	0	0	0	0	0	0	0	0.0	0	0	0	0	0	0	0	0	0	0	0	0	0	
Even1;k__Bacteria;p__Proteobacteria;c__Gammaproteobacteria;o__Methylococcales;f__Methylococcaceae;g__Methylomicrobium	0	0	0	0	0	0	3.49988100405e-05	3.49988100405e-05	6.99976200809e-06	0	0	0	0	0	0	0	0	3.49988100405e-05	3.49988100405e-05	6.99976200809e-06	0	0	0	0	0	0	0	0	0	0	0	
Even1;k__Bacteria;p__Proteobacteria;c__Gammaproteobacteria;o__Pseudomonadales;f__Pseudomonadaceae;g__	2.09992860243e-05	2.09992860243e-05	2.09992860243e-05	2.09992860243e-05	2.09992860243e-05	0	0	0	0	0	0	0	0	0	0	0	0	0	0	0	0	0	0	0	0	0	0	0	0	0	0	
Even1;k__Bacteria;p__Synergistetes;c__Synergistia;o__Synergistales;f__Aminiphilaceae;g__Aminiphilus	6.99976200809e-06	6.99976200809e-06	6.99976200809e-06	6.99976200809e-06	6.99976200809e-06	0	0	0	0	0	0	0	0	0	0	0	0	0	0	0	0	0	0	0	0	0	0	0	0	0	0	
Even1;k__Bacteria;p__Proteobacteria;c__Gammaproteobacteria;o__Thiohalorhabdales;f__;g__	4.19985720486e-05	4.19985720486e-05	4.19985720486e-05	4.19985720486e-05	4.19985720486e-05	4.19985720486e-05	1.39995240162e-05	1.39995240162e-05	0	0	0	0	0	0	0	0	0	1.39995240162e-05	0	0	0	0	0	0	0	0	0	0	4.19985720486e-05	4.19985720486e-05	0	
Even1;k__Bacteria;p__Proteobacteria;c__Betaproteobacteria;o__Burkholderiales;f__Comamonadaceae;Other	0	0	0	0	0	0	0	1.39995240162e-05	1.39995240162e-05	1.39995240162e-05	2.79990480324e-05	2.79990480324e-05	2.79990480324e-05	2.09992860243e-05	1.39995240162e-05	4.89983340566e-05	0	0	1.39995240162e-05	1.39995240162e-05	2.09992860243e-05	3.49988100405e-05	2.79990480324e-05	2.09992860243e-05	2.79990480324e-05	5.59980960647e-05	3.49988100405e-05	0	5.59980960647e-05	5.59980960647e-05	0	
Even1;k__Bacteria;p__Proteobacteria;c__Gammaproteobacteria;o__Cardiobacteriales;f__Cardiobacteriaceae;g__Cardiobacterium	6.99976200809e-06	6.99976200809e-06	6.99976200809e-06	6.99976200809e-06	6.99976200809e-06	0	0	0	0	0	0	0	0	0	0	0	0	0	0	0	0	0	0	0	0	0	0	0	0	0	0	
Even1;k__Bacteria;p__Actinobacteria;c__Actinobacteria;o__Actinomycetales;f__Intrasporangiaceae;g__Tetrasphaera	0	0	0	0	0	0	0.0	0.0	0	0	0	0	0	0	0	0	0	0	0	0	0	0	0	0	0	0	0	0	0	0	0	
Even1;k__Bacteria;p__Actinobacteria;c__Acidimicrobiia;o__Acidimicrobiales;f__Acidimicrobiaceae;g__Acidimicrobium	0	0	0	0	0	0	0.0	0.0	0	0	0	0	0	0	0	0	0	0.0	0.0	0	0	0	0	0	0	0	0	0	0	0	0	
Even1;k__Bacteria;p__Firmicutes;c__Clostridia;o__Clostridiales;f__[Tissierellaceae];g__	0	0	0	0	0	0	0	0	0	0	0	0	0	0	0	0	0	0	0	0	0	0	0	0	0	0	0	0	0	1.39995240162e-05	0	
Even1;k__Bacteria;p__Firmicutes;c__Clostridia;o__Clostridiales;f__Peptostreptococcaceae;g__	0.000307989528356	0.000307989528356	0.000307989528356	0.000307989528356	0.000307989528356	0.000307989528356	0.000125995716146	0.000125995716146	9.09969061052e-05	6.29978580728e-05	4.89983340566e-05	4.19985720486e-05	0	0	0	0	0	0.000125995716146	0.000111996192129	9.79966681133e-05	6.29978580728e-05	4.19985720486e-05	0	0	0	0	0	0	0.000300989766348	0.000272990718316	0	
Even1;k__Bacteria;p__Proteobacteria;c__Gammaproteobacteria;o__Pseudomonadales;f__Moraxellaceae;g__Alkanindiges	0	0	0	0	0	0	1.39995240162e-05	0	0	0	0	0	0	0	0	0	0	0	0	0	0	0	0	0	0	0	0	0	0	0	0	
Even1;k__Bacteria;p__WS2;c__;o__;f__;g__	0	0	0	0	0	0	3.49988100405e-05	0	0	0	0	0	0	0	0	0	0	3.49988100405e-05	0	0	0	0	0	0	0	0	0	0	0	0	0	
Even1;k__Bacteria;p__Actinobacteria;c__Actinobacteria;o__Actinomycetales;f__Actinomycetaceae;g__Candidatus Ancillula	0	0	0	0	0	0	0	0	0	0	0	0	0	0	0	0	0	0	0	0	0	0	0	0	0	0	0	0	2.79990480324e-05	2.79990480324e-05	0	
Even1;k__Bacteria;p__Bacteroidetes;c__Flavobacteriia;o__Flavobacteriales;f__Flavobacteriaceae;Other	0	0	0	0	0	0	0	0.000125995716146	4.19985720486e-05	3.49988100405e-05	7.6997382089e-05	9.09969061052e-05	9.09969061052e-05	7.6997382089e-05	6.29978580728e-05	5.59980960647e-05	6.99976200809e-06	0	0.000118995954138	3.49988100405e-05	4.89983340566e-05	6.99976200809e-05	8.39971440971e-05	9.09969061052e-05	7.6997382089e-05	6.99976200809e-05	4.89983340566e-05	3.49988100405e-05	1.39995240162e-05	1.39995240162e-05	0	
Even1;k__Bacteria;p__Proteobacteria;c__Alphaproteobacteria;o__Rhizobiales;Other;Other	0	0	0	0	0	0	0	0.0	0.0	0.0	0.0	0	0.0	0.0	0.0	0.0	1.39995240162e-05	0	1.39995240162e-05	0.0	0.0	0	0.0	0.0	0.0	0.0	1.39995240162e-05	1.39995240162e-05	0.0	0	0	
Even1;k__Bacteria;p__Acidobacteria;c__Acidobacteriia;o__Acidobacteriales;f__Koribacteraceae;g__Candidatus Koribacter	1.39995240162e-05	1.39995240162e-05	1.39995240162e-05	1.39995240162e-05	1.39995240162e-05	1.39995240162e-05	0	0	0	0	0	0	0	0	0	0	0	2.79990480324e-05	2.79990480324e-05	2.79990480324e-05	2.79990480324e-05	2.79990480324e-05	2.79990480324e-05	1.39995240162e-05	1.39995240162e-05	0	0	0	1.39995240162e-05	1.39995240162e-05	0	
Even1;k__Bacteria;p__Verrucomicrobia;c__[Spartobacteria];o__[Chthoniobacterales];f__[Chthoniobacteraceae];g__	0	0	0	0	0	0	0.0	0.0	0.0	0.0	0.0	0	0	0	0	0	0	0	0	0	0	0	0	0	0	0	0	0	0	0	0	
