dataset	level	iteration	method	parameters               	observed_taxonomy	expected_taxonomy	result	mismatch_level               	Precision	Recall	F-measure
F1-REF	5	2	vsearch	10:0.51:0.8	k__Fungi;p__Ascomycota	k__Fungi;p__Ascomycota;c__Sordariomycetes;o__Magnaporthales;f__Magnaporthaceae;g__Gaeumannomyces	underclassification	2	0.367924528302	0.0778443113772	0.128500823723
F1-REF	5	2	vsearch	10:0.51:0.8	k__Fungi;p__Basidiomycota;c__Agaricomycetes;o__Agaricales	k__Fungi;p__Basidiomycota;c__Agaricomycetes;o__Agaricales;f__Mycenaceae;g__Mycena	underclassification	4	0.367924528302	0.0778443113772	0.128500823723
F1-REF	5	2	vsearch	10:0.51:0.8	k__Fungi;p__Ascomycota;c__Sordariomycetes	k__Fungi;p__Ascomycota;c__Sordariomycetes;o__Hypocreomycetidae_ord_Incertae_sedis;f__Plectosphaerellaceae;g__Lectera	underclassification	3	0.367924528302	0.0778443113772	0.128500823723
F1-REF	5	2	vsearch	10:0.51:0.8	k__Fungi;p__Ascomycota;c__Leotiomycetes;o__Helotiales	k__Fungi;p__Ascomycota;c__Leotiomycetes;o__Helotiales;f__Helotiaceae;g__Hymenoscyphus	underclassification	4	0.367924528302	0.0778443113772	0.128500823723
F1-REF	5	2	vsearch	10:0.51:0.8	k__Fungi	k__Fungi;p__Glomeromycota;c__Glomeromycetes;o__Diversisporales;f__Diversisporaceae;g__Corymbiglomus	underclassification	1	0.367924528302	0.0778443113772	0.128500823723
F1-REF	5	2	vsearch	10:0.51:0.8	Unassigned	k__Fungi;p__Ascomycota;c__Lecanoromycetes;o__Peltigerales;f__Collemataceae;g__Leptogium	underclassification	0	0.367924528302	0.0778443113772	0.128500823723
F1-REF	5	2	vsearch	10:0.51:0.8	k__Fungi;p__Basidiomycota;c__Agaricomycetes	k__Fungi;p__Basidiomycota;c__Agaricomycetes;o__Russulales;f__Hericiaceae;g__Hericium	underclassification	3	0.367924528302	0.0778443113772	0.128500823723
F1-REF	5	2	vsearch	10:0.51:0.8	Unassigned	k__Fungi;p__Basidiomycota;c__Agaricomycetes;o__Agaricales;f__Pluteaceae;g__Volvariella	underclassification	0	0.367924528302	0.0778443113772	0.128500823723
F1-REF	5	2	vsearch	10:0.51:0.8	k__Fungi;p__Basidiomycota;c__Agaricomycetes;o__Agaricales;f__Omphalotaceae;g__Gymnopus;s__Gymnopus_biformis	k__Fungi;p__Basidiomycota;c__Agaricomycetes;o__Agaricales;f__Omphalotaceae;g__Lentinula	overclassification	5	0.367924528302	0.0778443113772	0.128500823723
F1-REF	5	2	vsearch	10:0.51:0.8	k__Fungi;p__Ascomycota	k__Fungi;p__Ascomycota;c__Leotiomycetes;o__Helotiales;f__Helotiales_fam_Incertae_sedis;g__Tiarosporella	underclassification	2	0.367924528302	0.0778443113772	0.128500823723
F1-REF	5	2	vsearch	10:0.51:0.8	k__Fungi;p__Basidiomycota;c__Agaricomycetes;o__Agaricales;f__Agaricaceae	k__Fungi;p__Basidiomycota;c__Agaricomycetes;o__Agaricales;f__Agaricaceae;g__Agaricus	match	5	0.367924528302	0.0778443113772	0.128500823723
F1-REF	5	2	vsearch	10:0.51:0.8	Unassigned	k__Fungi;p__Ascomycota;c__Sordariomycetes;o__Microascales;f__Ceratocystidaceae;g__Huntiella	underclassification	0	0.367924528302	0.0778443113772	0.128500823723
F1-REF	5	2	vsearch	10:0.51:0.8	k__Fungi;p__Ascomycota	k__Fungi;p__Ascomycota;c__Saccharomycetes;o__Saccharomycetales;f__Saccharomycetaceae;g__Naumovozyma	underclassification	2	0.367924528302	0.0778443113772	0.128500823723
F1-REF	5	2	vsearch	10:0.51:0.8	k__Fungi;p__Basidiomycota;c__Agaricomycetes	k__Fungi;p__Basidiomycota;c__Agaricomycetes;o__Agaricales;f__Entolomataceae;g__Entoloma	underclassification	3	0.367924528302	0.0778443113772	0.128500823723
F1-REF	5	2	vsearch	10:0.51:0.8	Unassigned	k__Fungi;p__Basidiomycota;c__Agaricomycetes;o__Boletales;f__Boletaceae;g__Xerocomus	underclassification	0	0.367924528302	0.0778443113772	0.128500823723
F1-REF	5	2	vsearch	10:0.51:0.8	k__Fungi;p__Basidiomycota;c__Agaricomycetes;o__Polyporales;f__Ganodermataceae;g__Ganoderma	k__Fungi;p__Basidiomycota;c__Agaricomycetes;o__Polyporales;f__Polyporaceae;g__Perenniporia	misclassification	4	0.367924528302	0.0778443113772	0.128500823723
F1-REF	5	2	vsearch	10:0.51:0.8	Unassigned	k__Fungi;p__Ascomycota;c__Pezizomycetes;o__Pezizales;f__Helvellaceae;g__Helvella	underclassification	0	0.367924528302	0.0778443113772	0.128500823723
F1-REF	5	2	vsearch	10:0.51:0.8	k__Fungi;p__Ascomycota	k__Fungi;p__Ascomycota;c__Lecanoromycetes;o__Teloschistales;f__Physciaceae;g__Buellia	underclassification	2	0.367924528302	0.0778443113772	0.128500823723
F1-REF	5	2	vsearch	10:0.51:0.8	k__Fungi;p__Basidiomycota;c__Agaricomycetes;o__Agaricales;f__Psathyrellaceae;g__Coprinellus	k__Fungi;p__Basidiomycota;c__Agaricomycetes;o__Agaricales;f__Psathyrellaceae;g__Psathyrella	overclassification	5	0.367924528302	0.0778443113772	0.128500823723
F1-REF	5	2	vsearch	10:0.51:0.8	k__Fungi;p__Ascomycota;c__Sordariomycetes	k__Fungi;p__Ascomycota;c__Sordariomycetes;o__Hypocreales;f__Nectriaceae;g__Fusicolla	underclassification	3	0.367924528302	0.0778443113772	0.128500823723
F1-REF	5	2	vsearch	10:0.51:0.8	Unassigned	k__Fungi;p__Basidiomycota;c__Agaricomycetes;o__Boletales;f__Boletaceae;g__Phylloporus	underclassification	0	0.367924528302	0.0778443113772	0.128500823723
F1-REF	5	2	vsearch	10:0.51:0.8	Unassigned	k__Fungi;p__Basidiomycota;c__Agaricomycetes;o__Polyporales;f__Meruliaceae;g__Merulius	underclassification	0	0.367924528302	0.0778443113772	0.128500823723
F1-REF	5	2	vsearch	10:0.51:0.8	k__Fungi;p__Ascomycota	k__Fungi;p__Ascomycota;c__Leotiomycetes;o__Rhytismatales;f__Rhytismataceae;g__Coccomyces	underclassification	2	0.367924528302	0.0778443113772	0.128500823723
F1-REF	5	2	vsearch	10:0.51:0.8	k__Fungi;p__Basidiomycota;c__Agaricomycetes;o__Agaricales;f__Lyophyllaceae	k__Fungi;p__Basidiomycota;c__Agaricomycetes;o__Agaricales;f__Lyophyllaceae;g__Lyophyllum	match	5	0.367924528302	0.0778443113772	0.128500823723
F1-REF	5	2	vsearch	10:0.51:0.8	k__Fungi;p__Basidiomycota;c__Agaricomycetes;o__Agaricales;f__Lyophyllaceae	k__Fungi;p__Basidiomycota;c__Agaricomycetes;o__Agaricales;f__Agaricales_fam_Incertae_sedis;g__Atractosporocybe	misclassification	4	0.367924528302	0.0778443113772	0.128500823723
F1-REF	5	2	vsearch	10:0.51:0.8	k__Fungi;p__Basidiomycota;c__Agaricomycetes;o__Agaricales;f__Lyophyllaceae	k__Fungi;p__Basidiomycota;c__Agaricomycetes;o__Agaricomycetes_ord_Incertae_sedis;f__Agaricomycetes_fam_Incertae_sedis;g__Fibulochlamys	misclassification	3	0.367924528302	0.0778443113772	0.128500823723
F1-REF	5	2	vsearch	10:0.51:0.8	k__Fungi;p__Ascomycota	k__Fungi;p__Ascomycota;c__Leotiomycetes;o__Helotiales;f__Helotiales_fam_Incertae_sedis;g__Trimmatostroma	underclassification	2	0.367924528302	0.0778443113772	0.128500823723
F1-REF	5	2	vsearch	10:0.51:0.8	k__Fungi;p__Basidiomycota	k__Fungi;p__Basidiomycota;c__Agaricomycetes;o__Agaricales;f__Agaricaceae;g__Lycoperdon	underclassification	2	0.367924528302	0.0778443113772	0.128500823723
F1-REF	5	2	vsearch	10:0.51:0.8	k__Fungi;p__Basidiomycota;c__Agaricomycetes	k__Fungi;p__Basidiomycota;c__Agaricomycetes;o__Agaricales;f__Agaricaceae;g__Bovista	underclassification	3	0.367924528302	0.0778443113772	0.128500823723
F1-REF	5	2	vsearch	10:0.51:0.8	k__Fungi;p__Ascomycota	k__Fungi;p__Ascomycota;c__Lecanoromycetes;o__Peltigerales;f__Pannariaceae;g__Fuscopannaria	underclassification	2	0.367924528302	0.0778443113772	0.128500823723
F1-REF	5	2	vsearch	10:0.51:0.8	Unassigned	k__Fungi;p__Basidiomycota;c__Agaricomycetes;o__Boletales;f__Boletaceae;g__Chalciporus	underclassification	0	0.367924528302	0.0778443113772	0.128500823723
F1-REF	5	2	vsearch	10:0.51:0.8	k__Fungi	k__Fungi;p__Basidiomycota;c__Microbotryomycetes;o__Sporidiobolales;f__Sporidiobolales_fam_Incertae_sedis;g__Rhodotorula	underclassification	1	0.367924528302	0.0778443113772	0.128500823723
F1-REF	5	2	vsearch	10:0.51:0.8	k__Fungi;p__Ascomycota	k__Fungi;p__Ascomycota;c__Saccharomycetes;o__Saccharomycetales;f__Saccharomycetales_fam_Incertae_sedis;g__Candida	underclassification	2	0.367924528302	0.0778443113772	0.128500823723
F1-REF	5	2	vsearch	10:0.51:0.8	k__Fungi;p__Ascomycota;c__Eurotiomycetes;o__Eurotiales;f__Trichocomaceae;g__Penicillium	k__Fungi;p__Ascomycota;c__Eurotiomycetes;o__Onygenales;f__Onygenaceae;g__Paranannizziopsis	misclassification	3	0.367924528302	0.0778443113772	0.128500823723
F1-REF	5	2	vsearch	10:0.51:0.8	k__Fungi;p__Ascomycota	k__Fungi;p__Ascomycota;c__Sordariomycetes;o__Sordariales;f__Lasiosphaeriaceae;g__Podospora	underclassification	2	0.367924528302	0.0778443113772	0.128500823723
F1-REF	5	2	vsearch	10:0.51:0.8	k__Fungi;p__Basidiomycota;c__Agaricomycetes;o__Boletales;f__Suillaceae;g__Suillus	k__Fungi;p__Basidiomycota;c__Agaricomycetes;o__Boletales;f__Suillaceae;g__Boletinus	overclassification	5	0.367924528302	0.0778443113772	0.128500823723
F1-REF	5	2	vsearch	10:0.51:0.8	k__Fungi;p__Ascomycota	k__Fungi;p__Ascomycota;c__Sordariomycetes;o__Sordariales;f__Chaetomiaceae;g__Thielavia	underclassification	2	0.367924528302	0.0778443113772	0.128500823723
F1-REF	5	2	vsearch	10:0.51:0.8	Unassigned	k__Fungi;p__Basidiomycota;c__Agaricomycetes;o__Agaricales;f__Hygrophoraceae;g__Hygrocybe	underclassification	0	0.367924528302	0.0778443113772	0.128500823723
F1-REF	5	2	vsearch	10:0.51:0.8	k__Fungi;p__Ascomycota	k__Fungi;p__Basidiomycota;c__Tremellomycetes;o__Tremellales;f__Tremellales_fam_Incertae_sedis;g__Trimorphomyces	misclassification	1	0.367924528302	0.0778443113772	0.128500823723
F1-REF	5	2	vsearch	10:0.51:0.8	Unassigned	k__Fungi;p__Ascomycota;c__Pezizomycetes;o__Pezizales;f__Pyronemataceae;g__Genea	underclassification	0	0.367924528302	0.0778443113772	0.128500823723
F1-REF	5	2	vsearch	10:0.51:0.8	k__Fungi;p__Basidiomycota;c__Agaricomycetes;o__Hymenochaetales;f__Hymenochaetaceae;g__Phellinus;s__Phellinus_hartigii	k__Fungi;p__Basidiomycota;c__Agaricomycetes;o__Hymenochaetales;f__Hymenochaetaceae;g__Fomitiporia	overclassification	5	0.367924528302	0.0778443113772	0.128500823723
F1-REF	5	2	vsearch	10:0.51:0.8	k__Fungi;p__Basidiomycota;c__Agaricomycetes;o__Agaricales;f__Strophariaceae	k__Fungi;p__Basidiomycota;c__Agaricomycetes;o__Agaricales;f__Strophariaceae;g__Agrocybe	match	5	0.367924528302	0.0778443113772	0.128500823723
F1-REF	5	2	vsearch	10:0.51:0.8	Unassigned	k__Fungi;p__Basidiomycota;c__Agaricomycetes;o__Cantharellales;f__Cantharellaceae;g__Craterellus	underclassification	0	0.367924528302	0.0778443113772	0.128500823723
F1-REF	5	2	vsearch	10:0.51:0.8	Unassigned	k__Fungi;p__Zygomycota;c__Kickxellomycotina_cls_Incertae_sedis;o__Kickxellales;f__Kickxellaceae;g__Linderina	underclassification	0	0.367924528302	0.0778443113772	0.128500823723
F1-REF	5	2	vsearch	10:0.51:0.8	Unassigned	k__Fungi;p__Basidiomycota;c__Agaricomycetes;o__Agaricales;f__Pleurotaceae;g__Pleurotus	underclassification	0	0.367924528302	0.0778443113772	0.128500823723
F1-REF	5	2	vsearch	10:0.51:0.8	k__Fungi;p__Ascomycota	k__Fungi;p__Ascomycota;c__Pezizomycetes;o__Pezizales;f__Morchellaceae;g__Verpa	underclassification	2	0.367924528302	0.0778443113772	0.128500823723
F1-REF	5	2	vsearch	10:0.51:0.8	k__Fungi;p__Ascomycota	k__Fungi;p__Ascomycota;c__Pezizomycotina_cls_Incertae_sedis;o__Pezizomycotina_ord_Incertae_sedis;f__Pezizomycotina_fam_Incertae_sedis;g__Scolecobasidium	underclassification	2	0.367924528302	0.0778443113772	0.128500823723
F1-REF	5	2	vsearch	10:0.51:0.8	Unassigned	k__Fungi;p__Ascomycota;c__Eurotiomycetes;o__Eurotiales;f__Trichocomaceae;g__Aspergillus	underclassification	0	0.367924528302	0.0778443113772	0.128500823723
F1-REF	5	2	vsearch	10:0.51:0.8	k__Fungi;p__Ascomycota;c__Leotiomycetes;o__Helotiales	k__Fungi;p__Ascomycota;c__Leotiomycetes;o__Helotiales;f__Sclerotiniaceae;g__Valdensinia	underclassification	4	0.367924528302	0.0778443113772	0.128500823723
F1-REF	5	2	vsearch	10:0.51:0.8	k__Fungi;p__Ascomycota;c__Leotiomycetes;o__Helotiales	k__Fungi;p__Ascomycota;c__Leotiomycetes;o__Helotiales;f__Helotiaceae;g__Heyderia	underclassification	4	0.367924528302	0.0778443113772	0.128500823723
F1-REF	5	2	vsearch	10:0.51:0.8	k__Fungi;p__Ascomycota	k__Fungi;p__Ascomycota;c__Leotiomycetes;o__Helotiales;f__Hemiphacidiaceae;g__Sarcotrochila	underclassification	2	0.367924528302	0.0778443113772	0.128500823723
F1-REF	5	2	vsearch	10:0.51:0.8	k__Fungi;p__Basidiomycota;c__Agaricomycetes;o__Agaricales;f__Strophariaceae	k__Fungi;p__Basidiomycota;c__Agaricomycetes;o__Agaricales;f__Strophariaceae;g__Stropharia	match	5	0.367924528302	0.0778443113772	0.128500823723
F1-REF	5	2	vsearch	10:0.51:0.8	k__Fungi;p__Basidiomycota;c__Agaricomycetes;o__Agaricales;f__Strophariaceae	k__Fungi;p__Basidiomycota;c__Agaricomycetes;o__Agaricales;f__Strophariaceae;g__Hypholoma	match	5	0.367924528302	0.0778443113772	0.128500823723
F1-REF	5	2	vsearch	10:0.51:0.8	Unassigned	k__Fungi;p__Basidiomycota;c__Agaricomycetes;o__Thelephorales;f__Thelephoraceae;g__Amaurodon	underclassification	0	0.367924528302	0.0778443113772	0.128500823723
F1-REF	5	2	vsearch	10:0.51:0.8	k__Fungi;p__Ascomycota	k__Fungi;p__Basidiomycota;c__Agaricomycetes;o__Russulales;f__Auriscalpiaceae;g__Artomyces	misclassification	1	0.367924528302	0.0778443113772	0.128500823723
F1-REF	5	2	vsearch	10:0.51:0.8	k__Fungi;p__Ascomycota	k__Fungi;p__Ascomycota;c__Sordariomycetes;o__Hypocreales;f__Hypocreaceae;g__Trichoderma	underclassification	2	0.367924528302	0.0778443113772	0.128500823723
F1-REF	5	2	vsearch	10:0.51:0.8	k__Fungi;p__Basidiomycota;c__Agaricomycetes	k__Fungi;p__Basidiomycota;c__Agaricomycetes;o__Russulales;f__Russulaceae;g__Lactifluus	underclassification	3	0.367924528302	0.0778443113772	0.128500823723
F1-REF	5	2	vsearch	10:0.51:0.8	Unassigned	k__Fungi;p__Basidiomycota;c__Agaricomycetes;o__Agaricales;f__Cortinariaceae;g__Gigasperma	underclassification	0	0.367924528302	0.0778443113772	0.128500823723
F1-REF	5	2	vsearch	10:0.51:0.8	k__Fungi;p__Zygomycota;c__Mucoromycotina_cls_Incertae_sedis;o__Mucorales;f__Mucoraceae;g__Mucor	k__Fungi;p__Zygomycota;c__Mucoromycotina_cls_Incertae_sedis;o__Mucorales;f__Mucoraceae;g__Pilaira	overclassification	5	0.367924528302	0.0778443113772	0.128500823723
F1-REF	5	2	vsearch	10:0.51:0.8	k__Fungi;p__Zygomycota;c__Mucoromycotina_cls_Incertae_sedis;o__Mucorales;f__Mucoraceae;g__Mucor	k__Fungi;p__Zygomycota;c__Mucoromycotina_cls_Incertae_sedis;o__Mucorales;f__Mucoraceae;g__Thamnidium	overclassification	5	0.367924528302	0.0778443113772	0.128500823723
F1-REF	5	2	vsearch	10:0.51:0.8	k__Fungi;p__Basidiomycota;c__Agaricomycetes;o__Hymenochaetales;f__Schizoporaceae;g__Hyphodontia	k__Fungi;p__Basidiomycota;c__Agaricomycetes;o__Hymenochaetales;f__Repetobasidiaceae;g__Rickenella	misclassification	4	0.367924528302	0.0778443113772	0.128500823723
F1-REF	5	2	vsearch	10:0.51:0.8	Unassigned	k__Fungi;p__Neocallimastigomycota;c__Neocallimastigomycetes;o__Neocallimastigales;f__Neocallimastigaceae;g__Piromyces	underclassification	0	0.367924528302	0.0778443113772	0.128500823723
F1-REF	5	2	vsearch	10:0.51:0.8	k__Fungi;p__Ascomycota;c__Sordariomycetes	k__Fungi;p__Ascomycota;c__Leotiomycetes;o__Erysiphales;f__Erysiphaceae;g__Podosphaera	misclassification	2	0.367924528302	0.0778443113772	0.128500823723
F1-REF	5	2	vsearch	10:0.51:0.8	Unassigned	k__Fungi;p__Ascomycota;c__Pezizomycetes;o__Pezizales;f__Pezizaceae;g__Mattirolomyces	underclassification	0	0.367924528302	0.0778443113772	0.128500823723
F1-REF	5	2	vsearch	10:0.51:0.8	Unassigned	k__Fungi;p__Basidiomycota;c__Agaricomycetes;o__Hymenochaetales;f__Hymenochaetales_fam_Incertae_sedis;g__Trichaptum	underclassification	0	0.367924528302	0.0778443113772	0.128500823723
F1-REF	5	2	vsearch	10:0.51:0.8	k__Fungi;p__Basidiomycota;c__Agaricomycetes	k__Fungi;p__Basidiomycota;c__Agaricomycetes;o__Polyporales;f__Fomitopsidaceae;g__Fibroporia	underclassification	3	0.367924528302	0.0778443113772	0.128500823723
F1-REF	5	2	vsearch	10:0.51:0.8	k__Fungi;p__Basidiomycota;c__Agaricomycetes;o__Agaricales;f__Strophariaceae;g__Hebeloma	k__Fungi;p__Basidiomycota;c__Agaricomycetes;o__Agaricales;f__Strophariaceae;g__Gymnopilus	overclassification	5	0.367924528302	0.0778443113772	0.128500823723
F1-REF	5	2	vsearch	10:0.51:0.8	Unassigned	k__Fungi;p__Basidiomycota;c__Agaricomycetes;o__Agaricales;f__Bolbitiaceae;g__Conocybe	underclassification	0	0.367924528302	0.0778443113772	0.128500823723
F1-REF	5	2	vsearch	10:0.51:0.8	k__Fungi;p__Basidiomycota;c__Agaricomycetes;o__Agaricales;f__Tricholomataceae;g__Clitocybe;s__Clitocybe_alexandri	k__Fungi;p__Basidiomycota;c__Agaricomycetes;o__Agaricales;f__Tricholomataceae;g__Pseudoclitocybe	overclassification	5	0.367924528302	0.0778443113772	0.128500823723
F1-REF	5	2	vsearch	10:0.51:0.8	Unassigned	k__Fungi;p__Basidiomycota;c__Agaricomycetes;o__Thelephorales;f__Bankeraceae;g__Boletopsis	underclassification	0	0.367924528302	0.0778443113772	0.128500823723
F1-REF	5	2	vsearch	10:0.51:0.8	k__Fungi;p__Ascomycota	k__Fungi;p__Basidiomycota;c__Agaricomycetes;o__Gomphales;f__Lentariaceae;g__Lentaria	misclassification	1	0.367924528302	0.0778443113772	0.128500823723
F1-REF	5	2	vsearch	10:0.51:0.8	k__Fungi;p__Basidiomycota;c__Agaricomycetes;o__Boletales	k__Fungi;p__Basidiomycota;c__Agaricomycetes;o__Boletales;f__Sclerodermataceae;g__Scleroderma	underclassification	4	0.367924528302	0.0778443113772	0.128500823723
F1-REF	5	2	vsearch	10:0.51:0.8	k__Fungi;p__Basidiomycota;c__Agaricomycetes;o__Russulales	k__Fungi;p__Basidiomycota;c__Agaricomycetes;o__Thelephorales;f__Thelephoraceae;g__Odontia	misclassification	3	0.367924528302	0.0778443113772	0.128500823723
F1-REF	5	2	vsearch	10:0.51:0.8	Unassigned	k__Fungi;p__Basidiomycota;c__Agaricomycetes;o__Boletales;f__Serpulaceae;g__Austropaxillus	underclassification	0	0.367924528302	0.0778443113772	0.128500823723
F1-REF	5	2	vsearch	10:0.51:0.8	k__Fungi;p__Ascomycota	k__Fungi;p__Ascomycota;c__Lecanoromycetes;o__Lecanorales;f__Parmeliaceae;g__Parmelina	underclassification	2	0.367924528302	0.0778443113772	0.128500823723
F1-REF	5	2	vsearch	10:0.51:0.8	k__Fungi;p__Ascomycota;c__Lecanoromycetes;o__Lecanorales;f__Parmeliaceae	k__Fungi;p__Ascomycota;c__Lecanoromycetes;o__Lecanorales;f__Parmeliaceae;g__Asahinea	match	5	0.367924528302	0.0778443113772	0.128500823723
F1-REF	5	2	vsearch	10:0.51:0.8	k__Fungi;p__Basidiomycota;c__Agaricomycetes;o__Agaricales;f__Agaricaceae;g__Lepiota	k__Fungi;p__Basidiomycota;c__Agaricomycetes;o__Agaricales;f__Agaricaceae;g__Cystolepiota	overclassification	5	0.367924528302	0.0778443113772	0.128500823723
F1-REF	5	2	vsearch	10:0.51:0.8	k__Fungi;p__Basidiomycota;c__Agaricomycetes;o__Agaricales	k__Fungi;p__Basidiomycota;c__Agaricomycetes;o__Agaricales;f__Marasmiaceae;g__Marasmius	underclassification	4	0.367924528302	0.0778443113772	0.128500823723
F1-REF	5	2	vsearch	10:0.51:0.8	k__Fungi;p__Glomeromycota;c__Glomeromycetes;o__Glomerales;f__Glomeraceae;g__Septoglomus	k__Fungi;p__Glomeromycota;c__Glomeromycetes;o__Glomerales;f__Glomeraceae;g__Funneliformis	overclassification	5	0.367924528302	0.0778443113772	0.128500823723
F1-REF	5	2	vsearch	10:0.51:0.8	k__Fungi;p__Basidiomycota;c__Agaricomycetes	k__Fungi;p__Basidiomycota;c__Agaricomycetes;o__Trechisporales;f__Hydnodontaceae;g__Luellia	underclassification	3	0.367924528302	0.0778443113772	0.128500823723
F1-REF	5	2	vsearch	10:0.51:0.8	k__Fungi;p__Basidiomycota;c__Agaricomycetes;o__Agaricales;f__Lyophyllaceae	k__Fungi;p__Basidiomycota;c__Agaricomycetes;o__Agaricales;f__Tricholomataceae;g__Tricholoma	misclassification	4	0.367924528302	0.0778443113772	0.128500823723
F1-REF	5	2	vsearch	10:0.51:0.8	k__Fungi;p__Ascomycota	k__Fungi;p__Ascomycota;c__Lecanoromycetes;o__Lecanorales;f__Parmeliaceae;g__Remototrachyna	underclassification	2	0.367924528302	0.0778443113772	0.128500823723
F1-REF	5	2	vsearch	10:0.51:0.8	Unassigned	k__Fungi;p__Ascomycota;c__Saccharomycetes;o__Saccharomycetales;f__Pichiaceae;g__Dekkera	underclassification	0	0.367924528302	0.0778443113772	0.128500823723
F1-REF	5	2	vsearch	10:0.51:0.8	k__Fungi;p__Ascomycota	k__Fungi;p__Ascomycota;c__Saccharomycetes;o__Saccharomycetales;f__Dipodascaceae;g__Geotrichum	underclassification	2	0.367924528302	0.0778443113772	0.128500823723
F1-REF	5	2	vsearch	10:0.51:0.8	k__Fungi;p__Ascomycota	k__Fungi;p__Ascomycota;c__Dothideomycetes;o__Pleosporales;f__Lophiostomataceae;g__Lophiostoma	underclassification	2	0.367924528302	0.0778443113772	0.128500823723
F1-REF	5	2	vsearch	10:0.51:0.8	k__Fungi	k__Fungi;p__Glomeromycota;c__Glomeromycetes;o__Diversisporales;f__Gigasporaceae;g__Gigaspora	underclassification	1	0.367924528302	0.0778443113772	0.128500823723
F1-REF	5	2	vsearch	10:0.51:0.8	Unassigned	k__Fungi;p__Basidiomycota;c__Agaricomycetes;o__Hymenochaetales;f__Hymenochaetaceae;g__Coltricia	underclassification	0	0.367924528302	0.0778443113772	0.128500823723
F1-REF	5	2	vsearch	10:0.51:0.8	Unassigned	k__Fungi;p__Ascomycota;c__Leotiomycetes;o__Helotiales;f__Helotiales_fam_Incertae_sedis;g__Spirosphaera	underclassification	0	0.367924528302	0.0778443113772	0.128500823723
F1-REF	5	2	vsearch	10:0.51:0.8	Unassigned	k__Fungi;p__Ascomycota;c__Saccharomycetes;o__Saccharomycetales;f__Saccharomycetaceae;g__Saccharomyces	underclassification	0	0.367924528302	0.0778443113772	0.128500823723
F1-REF	5	2	vsearch	10:0.51:0.8	Unassigned	k__Fungi;p__Zygomycota;c__Mucoromycotina_cls_Incertae_sedis;o__Mucorales;f__Lichtheimiaceae;g__Lichtheimia	underclassification	0	0.367924528302	0.0778443113772	0.128500823723
F1-REF	5	2	vsearch	10:0.51:0.8	Unassigned	k__Fungi;p__Basidiomycota;c__Agaricomycetes;o__Boletales;f__Boletaceae;g__Leccinum	underclassification	0	0.367924528302	0.0778443113772	0.128500823723
F1-REF	5	2	vsearch	10:0.51:0.8	k__Fungi;p__Basidiomycota;c__Agaricomycetes;o__Russulales;f__Russulaceae;g__Russula;s__Russula_queletii	k__Fungi;p__Ascomycota;c__Dothideomycetes;o__Pleosporales;f__Pleosporales_fam_Incertae_sedis;g__Periconia	misclassification	1	0.367924528302	0.0778443113772	0.128500823723
F1-REF	5	2	vsearch	10:0.51:0.8	k__Fungi;p__Ascomycota	k__Fungi;p__Ascomycota;c__Sordariomycetes;o__Chaetosphaeriales;f__Chaetosphaeriaceae;g__Chloridium	underclassification	2	0.367924528302	0.0778443113772	0.128500823723
F1-REF	5	2	vsearch	10:0.51:0.8	k__Fungi;p__Ascomycota;c__Sordariomycetes	k__Fungi;p__Ascomycota;c__Pezizomycotina_cls_Incertae_sedis;o__Pezizomycotina_ord_Incertae_sedis;f__Pezizomycotina_fam_Incertae_sedis;g__Polyscytalum	misclassification	2	0.367924528302	0.0778443113772	0.128500823723
F1-REF	5	2	vsearch	10:0.51:0.8	k__Fungi;p__Ascomycota;c__Eurotiomycetes;o__Chaetothyriales;f__Herpotrichiellaceae	k__Fungi;p__Ascomycota;c__Eurotiomycetes;o__Chaetothyriales;f__Herpotrichiellaceae;g__Exophiala	match	5	0.367924528302	0.0778443113772	0.128500823723
F1-REF	5	2	vsearch	10:0.51:0.8	k__Fungi;p__Ascomycota;c__Dothideomycetes;o__Pleosporales;f__Phaeosphaeriaceae	k__Fungi;p__Ascomycota;c__Dothideomycetes;o__Pleosporales;f__Phaeosphaeriaceae;g__Sclerostagonospora	match	5	0.367924528302	0.0778443113772	0.128500823723
F1-REF	5	2	vsearch	10:0.51:0.8	k__Fungi;p__Ascomycota	k__Fungi;p__Ascomycota;c__Leotiomycetes;o__Helotiales;f__Sclerotiniaceae;g__Zoellneria	underclassification	2	0.367924528302	0.0778443113772	0.128500823723
F1-REF	5	2	vsearch	10:0.51:0.8	k__Fungi;p__Basidiomycota;c__Agaricomycetes	k__Fungi;p__Basidiomycota;c__Tremellomycetes;o__Tremellales;f__Tremellales_fam_Incertae_sedis;g__Dioszegia	misclassification	2	0.367924528302	0.0778443113772	0.128500823723
F1-REF	5	2	vsearch	10:0.51:0.8	k__Fungi;p__Ascomycota	k__Fungi;p__Ascomycota;c__Lecanoromycetes;o__Teloschistales;f__Megalosporaceae;g__Megalospora	underclassification	2	0.367924528302	0.0778443113772	0.128500823723
F1-REF	5	2	vsearch	10:0.51:0.8	k__Fungi;p__Basidiomycota;c__Agaricomycetes;o__Agaricales	k__Fungi;p__Basidiomycota;c__Agaricomycetes;o__Agaricales;f__Inocybaceae;g__Tubariomyces	underclassification	4	0.367924528302	0.0778443113772	0.128500823723
F1-REF	5	2	vsearch	10:0.51:0.8	k__Fungi;p__Basidiomycota;c__Agaricomycetes;o__Thelephorales	k__Fungi;p__Basidiomycota;c__Agaricomycetes;o__Thelephorales;f__Thelephoraceae;g__Pseudotomentella	underclassification	4	0.367924528302	0.0778443113772	0.128500823723
F1-REF	5	2	vsearch	10:0.51:0.8	Unassigned	k__Fungi;p__Ascomycota;c__Pezizomycetes;o__Pezizales;f__Tuberaceae;g__Nothojafnea	underclassification	0	0.367924528302	0.0778443113772	0.128500823723
F1-REF	5	2	vsearch	10:0.51:0.8	Unassigned	k__Fungi;p__Basidiomycota;c__Ustilaginomycetes;o__Ustilaginales;f__Ustilaginaceae;g__Pseudozyma	underclassification	0	0.367924528302	0.0778443113772	0.128500823723
F1-REF	5	2	vsearch	10:0.51:0.8	k__Fungi;p__Ascomycota	k__Fungi;p__Ascomycota;c__Dothideomycetes;o__Botryosphaeriales;f__Botryosphaeriaceae;g__Neoscytalidium	underclassification	2	0.367924528302	0.0778443113772	0.128500823723
F1-REF	5	2	vsearch	10:0.51:0.8	k__Fungi;p__Ascomycota;c__Sordariomycetes;o__Hypocreales	k__Fungi;p__Ascomycota;c__Sordariomycetes;o__Hypocreales;f__Bionectriaceae;g__Clonostachys	underclassification	4	0.367924528302	0.0778443113772	0.128500823723
F1-REF	5	2	vsearch	10:0.51:0.8	k__Fungi;p__Basidiomycota;c__Agaricomycetes;o__Agaricales	k__Fungi;p__Basidiomycota;c__Agaricomycetes;o__Agaricales;f__Marasmiaceae;g__Moniliophthora	underclassification	4	0.367924528302	0.0778443113772	0.128500823723
F1-REF	5	2	vsearch	10:0.51:0.8	k__Fungi;p__Ascomycota;c__Sordariomycetes;o__Hypocreales	k__Fungi;p__Ascomycota;c__Sordariomycetes;o__Hypocreales;f__Nectriaceae;g__Neonectria	underclassification	4	0.367924528302	0.0778443113772	0.128500823723
F1-REF	5	2	vsearch	10:0.51:0.8	k__Fungi;p__Basidiomycota;c__Agaricomycetes;o__Agaricales	k__Fungi;p__Basidiomycota;c__Agaricomycetes;o__Agaricales;f__Agaricaceae;g__Cystoderma	underclassification	4	0.367924528302	0.0778443113772	0.128500823723
F1-REF	5	2	vsearch	10:0.51:0.8	k__Fungi;p__Ascomycota	k__Fungi;p__Ascomycota;c__Dothideomycetes;o__Capnodiales;f__Mycosphaerellaceae;g__Septoria	underclassification	2	0.367924528302	0.0778443113772	0.128500823723
F1-REF	5	2	vsearch	10:0.51:0.8	k__Fungi;p__Basidiomycota;c__Agaricomycetes;o__Boletales;f__Gomphidiaceae;g__Chroogomphus	k__Fungi;p__Basidiomycota;c__Agaricomycetes;o__Boletales;f__Gomphidiaceae;g__Gomphidius	overclassification	5	0.367924528302	0.0778443113772	0.128500823723
F1-REF	5	2	vsearch	10:0.51:0.8	Unassigned	k__Fungi;p__Basidiomycota;c__Agaricomycetes;o__Hymenochaetales;f__Hymenochaetaceae;g__Tropicoporus	underclassification	0	0.367924528302	0.0778443113772	0.128500823723
F1-REF	5	2	vsearch	10:0.51:0.8	k__Fungi;p__Ascomycota	k__Fungi;p__Ascomycota;c__Sordariomycetes;o__Ophiostomatales;f__Ophiostomataceae;g__Ophiostoma	underclassification	2	0.367924528302	0.0778443113772	0.128500823723
F1-REF	5	2	vsearch	10:0.51:0.8	k__Fungi;p__Basidiomycota;c__Agaricomycetes;o__Agaricales;f__Physalacriaceae	k__Fungi;p__Basidiomycota;c__Agaricomycetes;o__Agaricales;f__Physalacriaceae;g__Hymenopellis	match	5	0.367924528302	0.0778443113772	0.128500823723
F1-REF	5	2	vsearch	10:0.51:0.8	k__Fungi;p__Basidiomycota;c__Agaricomycetes;o__Agaricales;f__Physalacriaceae;g__Dactylosporina;s__Dactylosporina_steffenii	k__Fungi;p__Basidiomycota;c__Agaricomycetes;o__Agaricales;f__Physalacriaceae;g__Ponticulomyces	overclassification	5	0.367924528302	0.0778443113772	0.128500823723
F1-REF	5	2	vsearch	10:0.51:0.8	Unassigned	k__Fungi;p__Ascomycota;c__Sordariomycetes;o__Xylariales;f__Xylariaceae;g__Annulohypoxylon	underclassification	0	0.367924528302	0.0778443113772	0.128500823723
F1-REF	5	2	vsearch	10:0.51:0.8	k__Fungi;p__Ascomycota;c__Lecanoromycetes	k__Fungi;p__Ascomycota;c__Lecanoromycetes;o__Lecanorales;f__Lecanoraceae;g__Rhizoplaca	underclassification	3	0.367924528302	0.0778443113772	0.128500823723
F1-REF	5	2	vsearch	10:0.51:0.8	k__Fungi;p__Ascomycota	k__Fungi;p__Ascomycota;c__Lecanoromycetes;o__Rhizocarpales;f__Catillariaceae;g__Austrolecia	underclassification	2	0.367924528302	0.0778443113772	0.128500823723
F1-REF	5	2	vsearch	10:0.51:0.8	k__Fungi;p__Ascomycota	k__Fungi;p__Ascomycota;c__Leotiomycetes;o__Helotiales;f__Sclerotiniaceae;g__Sclerotinia	underclassification	2	0.367924528302	0.0778443113772	0.128500823723
F1-REF	5	2	vsearch	10:0.51:0.8	k__Fungi;p__Ascomycota;c__Leotiomycetes;o__Helotiales	k__Fungi;p__Ascomycota;c__Leotiomycetes;o__Helotiales;f__Rutstroemiaceae;g__Poculum	underclassification	4	0.367924528302	0.0778443113772	0.128500823723
F1-REF	5	2	vsearch	10:0.51:0.8	k__Fungi;p__Ascomycota;c__Dothideomycetes;o__Pleosporales	k__Fungi;p__Ascomycota;c__Leotiomycetes;o__Helotiales;f__Helotiales_fam_Incertae_sedis;g__Hyalodendriella	misclassification	2	0.367924528302	0.0778443113772	0.128500823723
F1-REF	5	2	vsearch	10:0.51:0.8	k__Fungi;p__Ascomycota;c__Dothideomycetes;o__Pleosporales	k__Fungi;p__Ascomycota;c__Dothideomycetes;o__Pleosporales;f__Leptosphaeriaceae;g__Leptosphaeria	underclassification	4	0.367924528302	0.0778443113772	0.128500823723
F1-REF	5	2	vsearch	10:0.51:0.8	k__Fungi;p__Ascomycota	k__Fungi;p__Ascomycota;c__Dothideomycetes;o__Capnodiales;f__Teratosphaeriaceae;g__Parapenidiella	underclassification	2	0.367924528302	0.0778443113772	0.128500823723
F1-REF	5	2	vsearch	10:0.51:0.8	Unassigned	k__Fungi;p__Chytridiomycota;c__Chytridiomycetes;o__Spizellomycetales;f__Spizellomycetaceae;g__Powellomyces	underclassification	0	0.367924528302	0.0778443113772	0.128500823723
F1-REF	5	2	vsearch	10:0.51:0.8	k__Fungi;p__Ascomycota;c__Saccharomycetes;o__Saccharomycetales;f__Saccharomycodaceae;g__Hanseniaspora	k__Fungi;p__Ascomycota;c__Saccharomycetes;o__Saccharomycetales;f__Saccharomycodaceae;g__Kloeckera	overclassification	5	0.367924528302	0.0778443113772	0.128500823723
F1-REF	5	2	vsearch	10:0.51:0.8	k__Fungi;p__Basidiomycota;c__Agaricomycetes;o__Agaricales;f__Omphalotaceae;g__Gymnopus;s__Gymnopus_ocior	k__Fungi;p__Basidiomycota;c__Agaricomycetes;o__Agaricales;f__Omphalotaceae;g__Mycetinis	overclassification	5	0.367924528302	0.0778443113772	0.128500823723
F1-REF	5	2	vsearch	10:0.51:0.8	Unassigned	k__Fungi;p__Basidiomycota;c__Agaricomycetes;o__Hymenochaetales;f__Hymenochaetaceae;g__Fuscoporia	underclassification	0	0.367924528302	0.0778443113772	0.128500823723
F1-REF	5	2	vsearch	10:0.51:0.8	k__Fungi;p__Ascomycota	k__Fungi;p__Ascomycota;c__Dothideomycetes;o__Pleosporales;f__Sporormiaceae;g__Sporormiella	underclassification	2	0.367924528302	0.0778443113772	0.128500823723
F1-REF	5	2	vsearch	10:0.51:0.8	k__Fungi;p__Basidiomycota;c__Agaricomycetes;o__Agaricales	k__Fungi;p__Basidiomycota;c__Agaricomycetes;o__Agaricales;f__Agaricaceae;g__Phaeolepiota	underclassification	4	0.367924528302	0.0778443113772	0.128500823723
F1-REF	5	2	vsearch	10:0.51:0.8	k__Fungi;p__Ascomycota	k__Fungi;p__Ascomycota;c__Leotiomycetes;o__Helotiales;f__Helotiales_fam_Incertae_sedis;g__Lemonniera	underclassification	2	0.367924528302	0.0778443113772	0.128500823723
F1-REF	5	2	vsearch	10:0.51:0.8	k__Fungi;p__Ascomycota	k__Fungi;p__Ascomycota;c__Leotiomycetes;o__Helotiales;f__Helotiales_fam_Incertae_sedis;g__Acidea	underclassification	2	0.367924528302	0.0778443113772	0.128500823723
F1-REF	5	2	vsearch	10:0.51:0.8	k__Fungi;p__Ascomycota	k__Fungi;p__Ascomycota;c__Pezizomycotina_cls_Incertae_sedis;o__Pezizomycotina_ord_Incertae_sedis;f__Pezizomycotina_fam_Incertae_sedis;g__Gyoerffyella	underclassification	2	0.367924528302	0.0778443113772	0.128500823723
F1-REF	5	2	vsearch	10:0.51:0.8	k__Fungi;p__Ascomycota	k__Fungi;p__Ascomycota;c__Leotiomycetes;o__Helotiales;f__Helotiaceae;g__Articulospora	underclassification	2	0.367924528302	0.0778443113772	0.128500823723
F1-REF	5	2	vsearch	10:0.51:0.8	Unassigned	k__Fungi;p__Basidiomycota;c__Agaricomycetes;o__Gloeophyllales;f__Gloeophyllaceae;g__Hispidaedalea	underclassification	0	0.367924528302	0.0778443113772	0.128500823723
F1-REF	5	2	vsearch	10:0.51:0.8	k__Fungi;p__Basidiomycota;c__Agaricomycetes;o__Russulales;f__Russulaceae;g__Russula;s__Russula_queletii	k__Fungi;p__Basidiomycota;c__Agaricomycetes;o__Thelephorales;f__Thelephoraceae;g__Tomentellopsis	misclassification	3	0.367924528302	0.0778443113772	0.128500823723
F1-REF	5	2	vsearch	10:0.51:0.8	k__Fungi;p__Ascomycota	k__Fungi;p__Ascomycota;c__Sordariomycetes;o__Hypocreales;f__Clavicipitaceae;g__Metarhiziopsis	underclassification	2	0.367924528302	0.0778443113772	0.128500823723
F1-REF	5	2	vsearch	10:0.51:0.8	k__Fungi;p__Basidiomycota;c__Agaricomycetes;o__Polyporales;f__Phanerochaetaceae	k__Fungi;p__Basidiomycota;c__Agaricomycetes;o__Polyporales;f__Meruliaceae;g__Irpex	misclassification	4	0.367924528302	0.0778443113772	0.128500823723
F1-REF	5	2	vsearch	10:0.51:0.8	k__Fungi;p__Basidiomycota;c__Agaricomycetes;o__Polyporales	k__Fungi;p__Basidiomycota;c__Agaricomycetes;o__Polyporales;f__Phanerochaetaceae;g__Ceriporia	underclassification	4	0.367924528302	0.0778443113772	0.128500823723
F1-REF	5	2	vsearch	10:0.51:0.8	k__Fungi;p__Basidiomycota;c__Agaricomycetes	k__Fungi;p__Basidiomycota;c__Agaricomycetes;o__Polyporales;f__Meruliaceae;g__Phlebia	underclassification	3	0.367924528302	0.0778443113772	0.128500823723
F1-REF	5	2	vsearch	10:0.51:0.8	k__Fungi;p__Basidiomycota;c__Agaricomycetes;o__Agaricales	k__Fungi;p__Basidiomycota;c__Agaricomycetes;o__Agaricales;f__Mycenaceae;g__Panellus	underclassification	4	0.367924528302	0.0778443113772	0.128500823723
F1-REF	5	2	vsearch	10:0.51:0.8	k__Fungi;p__Basidiomycota;c__Agaricomycetes;o__Atheliales;f__Atheliaceae;g__Cora;s__Cora_sp	k__Fungi;p__Basidiomycota;c__Agaricomycetes;o__Atheliales;f__Atheliaceae;g__Corella	overclassification	5	0.367924528302	0.0778443113772	0.128500823723
F1-REF	5	2	vsearch	10:0.51:0.8	k__Fungi;p__Basidiomycota;c__Ustilaginomycetes;o__Urocystidales;f__Urocystidaceae;g__Urocystis	k__Fungi;p__Basidiomycota;c__Ustilaginomycetes;o__Urocystidales;f__Urocystidaceae;g__Vankya	overclassification	5	0.367924528302	0.0778443113772	0.128500823723
F1-REF	5	2	vsearch	10:0.51:0.8	k__Fungi	k__Fungi;p__Zygomycota;c__Mucoromycotina_cls_Incertae_sedis;o__Mucorales;f__Mucoraceae;g__Ellisomyces	underclassification	1	0.367924528302	0.0778443113772	0.128500823723
F1-REF	5	2	vsearch	10:0.51:0.8	k__Fungi;p__Ascomycota	k__Fungi;p__Basidiomycota;c__Agaricomycetes;o__Cantharellales;f__Ceratobasidiaceae;g__Rhizoctonia	misclassification	1	0.367924528302	0.0778443113772	0.128500823723
F1-REF	5	2	vsearch	10:0.51:0.8	k__Fungi;p__Ascomycota;c__Eurotiomycetes;o__Onygenales;f__Arthrodermataceae;g__Arthroderma	k__Fungi;p__Ascomycota;c__Eurotiomycetes;o__Onygenales;f__Arthrodermataceae;g__Trichophyton	overclassification	5	0.367924528302	0.0778443113772	0.128500823723
F1-REF	5	2	vsearch	10:0.51:0.8	k__Fungi;p__Ascomycota	k__Fungi;p__Ascomycota;c__Lecanoromycetes;o__Peltigerales;f__Lobariaceae;g__Pseudocyphellaria	underclassification	2	0.367924528302	0.0778443113772	0.128500823723
F1-REF	5	2	vsearch	10:0.51:0.8	k__Fungi	k__Fungi;p__Ascomycota;c__Saccharomycetes;o__Saccharomycetales;f__Pichiaceae;g__Pichia	underclassification	1	0.367924528302	0.0778443113772	0.128500823723
F1-REF	5	2	vsearch	10:0.51:0.8	k__Fungi;p__Ascomycota	k__Fungi;p__Basidiomycota;c__Agaricomycetes;o__Polyporales;f__Meruliaceae;g__Hyphoderma	misclassification	1	0.367924528302	0.0778443113772	0.128500823723
F1-REF	5	2	vsearch	10:0.51:0.8	k__Fungi;p__Basidiomycota;c__Agaricomycetes;o__Russulales;f__Russulaceae;g__Russula	k__Fungi;p__Basidiomycota;c__Agaricomycetes;o__Russulales;f__Russulaceae;g__Gymnomyces	overclassification	5	0.367924528302	0.0778443113772	0.128500823723
F1-REF	5	2	vsearch	10:0.51:0.8	k__Fungi;p__Ascomycota;c__Sordariomycetes	k__Fungi;p__Ascomycota;c__Sordariomycetes;o__Xylariales;f__Xylariaceae;g__Biscogniauxia	underclassification	3	0.367924528302	0.0778443113772	0.128500823723
F1-REF	5	2	vsearch	10:0.51:0.8	k__Fungi;p__Ascomycota;c__Dothideomycetes;o__Pleosporales	k__Fungi;p__Ascomycota;c__Dothideomycetes;o__Pleosporales;f__Pleosporales_fam_Incertae_sedis;g__Didymella	underclassification	4	0.367924528302	0.0778443113772	0.128500823723
F1-REF	5	2	vsearch	10:0.51:0.8	k__Fungi;p__Basidiomycota;c__Agaricomycetes	k__Fungi;p__Basidiomycota;c__Agaricomycetes;o__Polyporales;f__Polyporaceae;g__Datronia	underclassification	3	0.367924528302	0.0778443113772	0.128500823723
F1-REF	5	2	vsearch	10:0.51:0.8	Unassigned	k__Fungi;p__Ascomycota;c__Dothideomycetes;o__Capnodiales;f__Capnodiaceae;g__Trichomerium	underclassification	0	0.367924528302	0.0778443113772	0.128500823723
F1-REF	5	2	vsearch	10:0.51:0.8	k__Fungi;p__Ascomycota;c__Leotiomycetes;o__Helotiales;f__Helotiales_fam_Incertae_sedis	k__Fungi;p__Ascomycota;c__Pezizomycotina_cls_Incertae_sedis;o__Pezizomycotina_ord_Incertae_sedis;f__Pezizomycotina_fam_Incertae_sedis;g__Mycochaetophora	misclassification	2	0.367924528302	0.0778443113772	0.128500823723
F1-REF	5	2	vsearch	10:0.51:0.8	Unassigned	k__Fungi;p__Basidiomycota;c__Agaricomycetes;o__Agaricales;f__Tricholomataceae;g__Cantharellula	underclassification	0	0.367924528302	0.0778443113772	0.128500823723
F1-REF	5	2	vsearch	10:0.51:0.8	Unassigned	k__Fungi;p__Ascomycota;c__Dothideomycetes;o__Pleosporales;f__Montagnulaceae;g__Paraconiothyrium	underclassification	0	0.367924528302	0.0778443113772	0.128500823723
F1-REF	5	2	vsearch	10:0.51:0.8	k__Fungi;p__Ascomycota	k__Fungi;p__Ascomycota;c__Leotiomycetes;o__Helotiales;f__Dermateaceae;g__Diplocarpon	underclassification	2	0.367924528302	0.0778443113772	0.128500823723
F1-REF	5	2	vsearch	10:0.51:0.8	k__Fungi;p__Basidiomycota;c__Agaricomycetes;o__Polyporales;f__Ganodermataceae;g__Ganoderma	k__Fungi;p__Basidiomycota;c__Agaricomycetes;o__Polyporales;f__Ganodermataceae;g__Amauroderma	overclassification	5	0.367924528302	0.0778443113772	0.128500823723
F1-REF	5	2	vsearch	10:0.51:0.8	Unassigned	k__Fungi;p__Ascomycota;c__Pezizomycetes;o__Pezizales;f__Pyronemataceae;g__Trichophaea	underclassification	0	0.367924528302	0.0778443113772	0.128500823723
F1-REF	5	2	vsearch	10:0.51:0.8	k__Fungi;p__Ascomycota	k__Fungi;p__Ascomycota;c__Eurotiomycetes;o__Verrucariales;f__Verrucariaceae;g__Verrucaria	underclassification	2	0.367924528302	0.0778443113772	0.128500823723
F1-REF	5	2	vsearch	10:0.51:0.8	k__Fungi;p__Ascomycota	k__Fungi;p__Ascomycota;c__Sordariomycetes;o__Microascales;f__Microascaceae;g__Scedosporium	underclassification	2	0.367924528302	0.0778443113772	0.128500823723
F1-REF	5	2	vsearch	10:0.51:0.8	k__Fungi;p__Basidiomycota;c__Agaricomycetes;o__Polyporales;f__Phanerochaetaceae	k__Fungi;p__Basidiomycota;c__Agaricomycetes;o__Polyporales;f__Meruliaceae;g__Pirex	misclassification	4	0.367924528302	0.0778443113772	0.128500823723
F1-REF	5	2	vsearch	10:0.51:0.8	k__Fungi;p__Ascomycota	k__Fungi;p__Ascomycota;c__Dothideomycetes;o__Pleosporales;f__Pleosporaceae;g__Curvularia	underclassification	2	0.367924528302	0.0778443113772	0.128500823723
F1-REF	5	2	vsearch	10:0.51:0.8	k__Fungi;p__Ascomycota	k__Fungi;p__Ascomycota;c__Arthoniomycetes;o__Arthoniales;f__Roccellaceae;g__Dirina	underclassification	2	0.367924528302	0.0778443113772	0.128500823723
F1-REF	5	2	vsearch	10:0.51:0.8	Unassigned	k__Fungi;p__Basidiomycota;c__Agaricomycetes;o__Corticiales;f__Corticiaceae;g__Laetisaria	underclassification	0	0.367924528302	0.0778443113772	0.128500823723
F1-REF	5	2	vsearch	10:0.51:0.8	Unassigned	k__Fungi;p__Basidiomycota;c__Agaricomycetes;o__Polyporales;f__Meripilaceae;g__Rigidoporus	underclassification	0	0.367924528302	0.0778443113772	0.128500823723
F1-REF	5	2	vsearch	10:0.51:0.8	Unassigned	k__Fungi;p__Neocallimastigomycota;c__Neocallimastigomycetes;o__Neocallimastigales;f__Neocallimastigaceae;g__Orpinomyces	underclassification	0	0.367924528302	0.0778443113772	0.128500823723
F1-REF	5	2	vsearch	10:0.51:0.8	Unassigned	k__Fungi;p__Basidiomycota;c__Agaricomycetes;o__Agaricales;f__Marasmiaceae;g__Baeospora	underclassification	0	0.367924528302	0.0778443113772	0.128500823723
F1-REF	5	2	vsearch	10:0.51:0.8	k__Fungi;p__Basidiomycota;c__Agaricomycetes;o__Polyporales	k__Fungi;p__Basidiomycota;c__Agaricomycetes;o__Polyporales;f__Polyporaceae;g__Lentinus	underclassification	4	0.367924528302	0.0778443113772	0.128500823723
F1-REF	5	2	vsearch	10:0.51:0.8	k__Fungi	k__Fungi;p__Basidiomycota;c__Agaricomycetes;o__Cantharellales;f__Tulasnellaceae;g__Tulasnella	underclassification	1	0.367924528302	0.0778443113772	0.128500823723
F1-REF	5	2	vsearch	10:0.51:0.8	k__Fungi;p__Chytridiomycota;c__Chytridiomycetes;o__Rhizophydiales	k__Fungi;p__Basidiomycota;c__Exobasidiomycetes;o__Exobasidiomycetidae_ord_Incertae_sedis;f__Exobasidiomycetidae_fam_Incertae_sedis;g__Meira	misclassification	1	0.367924528302	0.0778443113772	0.128500823723
F1-REF	5	2	vsearch	10:0.51:0.8	Unassigned	k__Fungi;p__Basidiomycota;c__Agaricomycetes;o__Polyporales;f__Fomitopsidaceae;g__Climacocystis	underclassification	0	0.367924528302	0.0778443113772	0.128500823723
F1-REF	5	2	vsearch	10:0.51:0.8	k__Fungi;p__Basidiomycota;c__Agaricomycetes	k__Fungi;p__Basidiomycota;c__Agaricomycetes;o__Polyporales;f__Polyporaceae;g__Skeletocutis	underclassification	3	0.367924528302	0.0778443113772	0.128500823723
F1-REF	5	2	vsearch	10:0.51:0.8	k__Fungi;p__Basidiomycota;c__Agaricomycetes	k__Fungi;p__Basidiomycota;c__Agaricomycetes;o__Polyporales;f__Polyporaceae;g__Tyromyces	underclassification	3	0.367924528302	0.0778443113772	0.128500823723
F1-REF	5	2	vsearch	10:0.51:0.8	k__Fungi;p__Basidiomycota;c__Agaricomycetes;o__Russulales;f__Peniophoraceae;g__Peniophora	k__Fungi;p__Basidiomycota;c__Agaricomycetes;o__Russulales;f__Peniophoraceae;g__Entomocorticium	overclassification	5	0.367924528302	0.0778443113772	0.128500823723
F1-REF	5	2	vsearch	10:0.51:0.8	k__Fungi;p__Basidiomycota;c__Agaricomycetes	k__Fungi;p__Basidiomycota;c__Agaricomycetes;o__Russulales;f__Albatrellaceae;g__Albatrellus	underclassification	3	0.367924528302	0.0778443113772	0.128500823723
F1-REF	5	2	vsearch	10:0.51:0.8	k__Fungi;p__Ascomycota;c__Sordariomycetes;o__Sordariomycetidae_ord_Incertae_sedis;f__Glomerellaceae;g__Glomerella	k__Fungi;p__Ascomycota;c__Sordariomycetes;o__Sordariomycetidae_ord_Incertae_sedis;f__Glomerellaceae;g__Colletotrichum	overclassification	5	0.367924528302	0.0778443113772	0.128500823723
F1-REF	5	2	vsearch	10:0.51:0.8	Unassigned	k__Fungi;p__Ascomycota;c__Pezizomycetes;o__Pezizales;f__Sarcosomataceae;g__Pseudoplectania	underclassification	0	0.367924528302	0.0778443113772	0.128500823723
F1-REF	5	2	vsearch	10:0.51:0.8	k__Fungi;p__Ascomycota	k__Fungi;p__Zygomycota;c__Mortierellomycotina_cls_Incertae_sedis;o__Mortierellales;f__Mortierellaceae;g__Dissophora	misclassification	1	0.367924528302	0.0778443113772	0.128500823723
F1-REF	5	2	vsearch	10:0.51:0.8	k__Fungi;p__Ascomycota;c__Saccharomycetes;o__Saccharomycetales	k__Fungi;p__Ascomycota;c__Saccharomycetes;o__Saccharomycetales;f__Saccharomycetales_fam_Incertae_sedis;g__Debaryomyces	underclassification	4	0.367924528302	0.0778443113772	0.128500823723
F1-REF	5	2	vsearch	10:0.51:0.8	k__Fungi;p__Zygomycota;c__Mucoromycotina_cls_Incertae_sedis;o__Mucorales;f__Choanephoraceae;g__Choanephora	k__Fungi;p__Zygomycota;c__Mucoromycotina_cls_Incertae_sedis;o__Mucorales;f__Choanephoraceae;g__Blakeslea	overclassification	5	0.367924528302	0.0778443113772	0.128500823723
F1-REF	5	2	vsearch	10:0.51:0.8	k__Fungi;p__Basidiomycota;c__Agaricomycetes;o__Agaricales;f__Marasmiaceae;g__Gerronema;s__Gerronema_xanthophyllum	k__Fungi;p__Basidiomycota;c__Agaricomycetes;o__Agaricales;f__Tricholomataceae;g__Delicatula	misclassification	4	0.367924528302	0.0778443113772	0.128500823723
F1-REF	5	2	vsearch	10:0.51:0.8	k__Fungi;p__Ascomycota;c__Sordariomycetes	k__Fungi;p__Ascomycota;c__Sordariomycetes;o__Hypocreomycetidae_ord_Incertae_sedis;f__Plectosphaerellaceae;g__Plectosphaerella	underclassification	3	0.367924528302	0.0778443113772	0.128500823723
F1-REF	5	2	vsearch	10:0.51:0.8	Unassigned	k__Fungi;p__Basidiomycota;c__Agaricomycetes;o__Agaricales;f__Marasmiaceae;g__Clitocybula	underclassification	0	0.367924528302	0.0778443113772	0.128500823723
F1-REF	5	2	vsearch	10:0.51:0.8	Unassigned	k__Fungi;p__Basidiomycota;c__Ustilaginomycetes;o__Ustilaginales;f__Ustilaginaceae;g__Anthracocystis	underclassification	0	0.367924528302	0.0778443113772	0.128500823723
F1-REF	5	2	vsearch	10:0.51:0.8	k__Fungi;p__Ascomycota;c__Sordariomycetes	k__Fungi;p__Ascomycota;c__Sordariomycetes;o__Hypocreales;f__Cordycipitaceae;g__Simplicillium	underclassification	3	0.367924528302	0.0778443113772	0.128500823723
F1-REF	5	2	vsearch	10:0.51:0.8	k__Fungi;p__Ascomycota	k__Fungi;p__Ascomycota;c__Saccharomycetes;o__Saccharomycetales;f__Saccharomycetales_fam_Incertae_sedis;g__Cyberlindnera	underclassification	2	0.367924528302	0.0778443113772	0.128500823723
F1-REF	5	2	vsearch	10:0.51:0.8	k__Fungi;p__Ascomycota;c__Sordariomycetes	k__Fungi;p__Ascomycota;c__Sordariomycetes;o__Sordariales;f__Sordariaceae;g__Gelasinospora	underclassification	3	0.367924528302	0.0778443113772	0.128500823723
F1-REF	5	2	vsearch	10:0.51:0.8	Unassigned	k__Fungi;p__Ascomycota;c__Lecanoromycetes;o__Pertusariales;f__Megasporaceae;g__Aspicilia	underclassification	0	0.367924528302	0.0778443113772	0.128500823723
F1-REF	5	2	vsearch	10:0.51:0.8	k__Fungi;p__Ascomycota	k__Fungi;p__Ascomycota;c__Lecanoromycetes;o__Candelariales;f__Candelariaceae;g__Candelaria	underclassification	2	0.367924528302	0.0778443113772	0.128500823723
F1-REF	5	2	vsearch	10:0.51:0.8	k__Fungi	k__Fungi;p__Basidiomycota;c__Cystobasidiomycetes;o__Erythrobasidiales;f__Erythrobasidiales_fam_Incertae_sedis;g__Hasegawazyma	underclassification	1	0.367924528302	0.0778443113772	0.128500823723
F1-REF	5	2	vsearch	10:0.51:0.8	Unassigned	k__Fungi;p__Basidiomycota;c__Agaricomycetes;o__Agaricales;f__Lyophyllaceae;g__Rugosomyces	underclassification	0	0.367924528302	0.0778443113772	0.128500823723
F1-REF	5	2	vsearch	10:0.51:0.8	k__Fungi;p__Ascomycota;c__Lecanoromycetes	k__Fungi;p__Basidiomycota;c__Tremellomycetes;o__Cystofilobasidiales;f__Cystofilobasidiaceae;g__Udeniomyces	misclassification	1	0.367924528302	0.0778443113772	0.128500823723
F1-REF	5	2	vsearch	10:0.51:0.8	k__Fungi;p__Ascomycota;c__Dothideomycetes;o__Pleosporales;f__Leptosphaeriaceae;g__Coniothyrium;s__Coniothyrium_dolichi	k__Fungi;p__Ascomycota;c__Dothideomycetes;o__Botryosphaeriales;f__Botryosphaeriaceae;g__Macrophoma	misclassification	3	0.367924528302	0.0778443113772	0.128500823723
F1-REF	5	2	vsearch	10:0.51:0.8	Unassigned	k__Fungi;p__Basidiomycota;c__Agaricomycetes;o__Polyporales;f__Phanerochaetaceae;g__Ceriporiopsis	underclassification	0	0.367924528302	0.0778443113772	0.128500823723
F1-REF	5	2	vsearch	10:0.51:0.8	Unassigned	k__Fungi;p__Ascomycota;c__Leotiomycetes;o__Helotiales;f__Helotiales_fam_Incertae_sedis;g__Helicodendron	underclassification	0	0.367924528302	0.0778443113772	0.128500823723
F1-REF	5	2	vsearch	10:0.51:0.8	k__Fungi;p__Ascomycota	k__Fungi;p__Ascomycota;c__Lecanoromycetes;o__Umbilicariales;f__Umbilicariaceae;g__Umbilicaria	underclassification	2	0.367924528302	0.0778443113772	0.128500823723
F1-REF	5	2	vsearch	10:0.51:0.8	k__Fungi	k__Fungi;p__Basidiomycota;c__Agaricomycetes;o__Polyporales;f__Polyporaceae;g__Neolentinus	underclassification	1	0.367924528302	0.0778443113772	0.128500823723
F1-REF	5	2	vsearch	10:0.51:0.8	k__Fungi;p__Ascomycota	k__Fungi;p__Ascomycota;c__Lecanoromycetes;o__Teloschistales;f__Teloschistaceae;g__Xanthoria	underclassification	2	0.367924528302	0.0778443113772	0.128500823723
F1-REF	5	2	vsearch	10:0.51:0.8	k__Fungi;p__Ascomycota	k__Fungi;p__Ascomycota;c__Orbiliomycetes;o__Orbiliales;f__Orbiliaceae;g__Dactylella	underclassification	2	0.367924528302	0.0778443113772	0.128500823723
F1-REF	5	2	vsearch	10:0.51:0.8	k__Fungi;p__Ascomycota;c__Leotiomycetes;o__Helotiales	k__Fungi;p__Ascomycota;c__Leotiomycetes;o__Helotiales;f__Helotiales_fam_Incertae_sedis;g__Ascocoryne	underclassification	4	0.367924528302	0.0778443113772	0.128500823723
F1-REF	5	2	vsearch	10:0.51:0.8	k__Fungi;p__Basidiomycota;c__Agaricomycetes;o__Geastrales;f__Geastraceae;g__Geastrum	k__Fungi;p__Basidiomycota;c__Agaricomycetes;o__Geastrales;f__Geastraceae;g__Schenella	overclassification	5	0.367924528302	0.0778443113772	0.128500823723
F1-REF	5	2	vsearch	10:0.51:0.8	k__Fungi	k__Fungi;p__Ascomycota;c__Lecanoromycetes;o__Teloschistales;f__Physciaceae;g__Anaptychia	underclassification	1	0.367924528302	0.0778443113772	0.128500823723
F1-REF	5	2	vsearch	10:0.51:0.8	k__Fungi;p__Ascomycota;c__Lecanoromycetes;o__Lecanorales;f__Parmeliaceae	k__Fungi;p__Ascomycota;c__Lecanoromycetes;o__Lecanorales;f__Parmeliaceae;g__Cetrelia	match	5	0.367924528302	0.0778443113772	0.128500823723
F1-REF	5	2	vsearch	10:0.51:0.8	k__Fungi;p__Ascomycota	k__Fungi;p__Ascomycota;c__Eurotiomycetes;o__Eurotiales;f__Trichocomaceae;g__Rasamsonia	underclassification	2	0.367924528302	0.0778443113772	0.128500823723
F1-REF	5	2	vsearch	10:0.51:0.8	k__Fungi;p__Ascomycota;c__Sordariomycetes	k__Fungi;p__Ascomycota;c__Lecanoromycetes;o__Ostropales;f__Stictidaceae;g__Schizoxylon	misclassification	2	0.367924528302	0.0778443113772	0.128500823723
F1-REF	5	2	vsearch	10:0.51:0.8	k__Fungi;p__Ascomycota;c__Sordariomycetes;o__Hypocreales	k__Fungi;p__Ascomycota;c__Sordariomycetes;o__Hypocreales;f__Hypocreales_fam_Incertae_sedis;g__Geosmithia	underclassification	4	0.367924528302	0.0778443113772	0.128500823723
F1-REF	5	2	vsearch	10:0.51:0.8	Unassigned	k__Fungi;p__Ascomycota;c__Dothideomycetes;o__Pleosporales;f__Pleosporaceae;g__Pyrenophora	underclassification	0	0.367924528302	0.0778443113772	0.128500823723
F1-REF	5	2	vsearch	10:0.51:0.8	k__Fungi;p__Basidiomycota;c__Agaricomycetes	k__Fungi;p__Basidiomycota;c__Agaricomycetes;o__Polyporales;f__Meruliaceae;g__Mycoacia	underclassification	3	0.367924528302	0.0778443113772	0.128500823723
F1-REF	5	2	vsearch	10:0.51:0.8	k__Fungi;p__Ascomycota;c__Leotiomycetes;o__Helotiales	k__Fungi;p__Ascomycota;c__Leotiomycetes;o__Helotiales;f__Rutstroemiaceae;g__Moellerodiscus	underclassification	4	0.367924528302	0.0778443113772	0.128500823723
F1-REF	5	2	vsearch	10:0.51:0.8	Unassigned	k__Fungi;p__Ascomycota;c__Eurotiomycetes;o__Onygenales;f__Gymnoascaceae;g__Gymnascella	underclassification	0	0.367924528302	0.0778443113772	0.128500823723
F1-REF	5	2	vsearch	10:0.51:0.8	k__Fungi;p__Ascomycota;c__Sordariomycetes;o__Hypocreales	k__Fungi;p__Ascomycota;c__Sordariomycetes;o__Hypocreales;f__Clavicipitaceae;g__Metacordyceps	underclassification	4	0.367924528302	0.0778443113772	0.128500823723
F1-REF	5	2	vsearch	10:0.51:0.8	k__Fungi;p__Ascomycota	k__Fungi;p__Ascomycota;c__Pezizomycetes;o__Pezizales;f__Pyronemataceae;g__Scutellinia	underclassification	2	0.367924528302	0.0778443113772	0.128500823723
F1-REF	5	2	vsearch	10:0.51:0.8	k__Fungi;p__Ascomycota	k__Fungi;p__Ascomycota;c__Sordariomycetes;o__Xylariales;f__Xylariaceae;g__Rosellinia	underclassification	2	0.367924528302	0.0778443113772	0.128500823723
F1-REF	5	2	vsearch	10:0.51:0.8	k__Fungi;p__Ascomycota;c__Lecanoromycetes;o__Lecanorales;f__Parmeliaceae	k__Fungi;p__Ascomycota;c__Lecanoromycetes;o__Lecanorales;f__Parmeliaceae;g__Parmotrema	match	5	0.367924528302	0.0778443113772	0.128500823723
F1-REF	5	2	vsearch	10:0.51:0.8	k__Fungi;p__Ascomycota	k__Fungi;p__Ascomycota;c__Eurotiomycetes;o__Onygenales;f__Arthrodermataceae;g__Ctenomyces	underclassification	2	0.367924528302	0.0778443113772	0.128500823723
F1-REF	5	2	vsearch	10:0.51:0.8	Unassigned	k__Fungi;p__Ascomycota;c__Pezizomycetes;o__Pezizales;f__Pezizaceae;g__Terfezia	underclassification	0	0.367924528302	0.0778443113772	0.128500823723
F1-REF	5	2	vsearch	10:0.51:0.8	k__Fungi;p__Ascomycota;c__Pezizomycetes;o__Pezizales;f__Pyronemataceae;g__Tricharina	k__Fungi;p__Ascomycota;c__Pezizomycetes;o__Pezizales;f__Pyronemataceae;g__Ascorhizoctonia	overclassification	5	0.367924528302	0.0778443113772	0.128500823723
F1-REF	5	2	vsearch	10:0.51:0.8	k__Fungi;p__Ascomycota;c__Sordariomycetes;o__Diaporthales	k__Fungi;p__Ascomycota;c__Sordariomycetes;o__Diaporthales;f__Diaporthales_fam_Incertae_sedis;g__Stegonsporium	underclassification	4	0.367924528302	0.0778443113772	0.128500823723
F1-REF	5	2	vsearch	10:0.51:0.8	k__Fungi;p__Ascomycota;c__Sordariomycetes;o__Xylariales	k__Fungi;p__Ascomycota;c__Sordariomycetes;o__Xylariales;f__Xylariales_fam_Incertae_sedis;g__Monosporascus	underclassification	4	0.367924528302	0.0778443113772	0.128500823723
F1-REF	5	2	vsearch	10:0.51:0.8	k__Fungi;p__Ascomycota;c__Sordariomycetes;o__Hypocreales	k__Fungi;p__Ascomycota;c__Sordariomycetes;o__Hypocreales;f__Nectriaceae;g__Corallonectria	underclassification	4	0.367924528302	0.0778443113772	0.128500823723
F1-REF	5	2	vsearch	10:0.51:0.8	k__Fungi;p__Basidiomycota;c__Agaricomycetes	k__Fungi;p__Basidiomycota;c__Agaricomycetes;o__Auriculariales;f__Auriculariales_fam_Incertae_sedis;g__Exidia	underclassification	3	0.367924528302	0.0778443113772	0.128500823723
F1-REF	5	2	vsearch	10:0.51:0.8	k__Fungi;p__Ascomycota;c__Sordariomycetes;o__Diaporthales	k__Fungi;p__Ascomycota;c__Sordariomycetes;o__Diaporthales;f__Diaporthales_fam_Incertae_sedis;g__Ophiognomonia	underclassification	4	0.367924528302	0.0778443113772	0.128500823723
F1-REF	5	2	vsearch	10:0.51:0.8	k__Fungi;p__Ascomycota	k__Fungi;p__Ascomycota;c__Lecanoromycetes;o__Lecanorales;f__Lecanoraceae;g__Protoparmeliopsis	underclassification	2	0.367924528302	0.0778443113772	0.128500823723
F1-REF	5	2	vsearch	10:0.51:0.8	Unassigned	k__Fungi;p__Ascomycota;c__Lecanoromycetes;o__Lecanorales;f__Parmeliaceae;g__Anzia	underclassification	0	0.367924528302	0.0778443113772	0.128500823723
F1-REF	5	2	vsearch	10:0.51:0.8	Unassigned	k__Fungi;p__Basidiomycota;c__Agaricomycetes;o__Gomphales;f__Gomphaceae;g__Gomphus	underclassification	0	0.367924528302	0.0778443113772	0.128500823723
F1-REF	5	2	vsearch	10:0.51:0.8	k__Fungi;p__Ascomycota;c__Leotiomycetes	k__Fungi;p__Ascomycota;c__Leotiomycetes;o__Rhytismatales;f__Cudoniaceae;g__Spathularia	underclassification	3	0.367924528302	0.0778443113772	0.128500823723
F1-REF	5	2	vsearch	10:0.51:0.8	k__Fungi;p__Ascomycota	k__Fungi;p__Ascomycota;c__Dothideomycetes;o__Botryosphaeriales;f__Botryosphaeriaceae;g__Neofusicoccum	underclassification	2	0.367924528302	0.0778443113772	0.128500823723
F1-REF	5	2	vsearch	10:0.51:0.8	k__Fungi;p__Ascomycota;c__Dothideomycetes;o__Botryosphaeriales;f__Botryosphaeriaceae;g__Pseudofusicoccum	k__Fungi;p__Ascomycota;c__Dothideomycetes;o__Botryosphaeriales;f__Botryosphaeriaceae;g__Endomelanconiopsis	overclassification	5	0.367924528302	0.0778443113772	0.128500823723
F1-REF	5	2	vsearch	10:0.51:0.8	k__Fungi;p__Ascomycota	k__Fungi;p__Ascomycota;c__Dothideomycetes;o__Botryosphaeriales;f__Botryosphaeriaceae;g__Dothiorella	underclassification	2	0.367924528302	0.0778443113772	0.128500823723
F1-REF	5	2	vsearch	10:0.51:0.8	k__Fungi	k__Fungi;p__Basidiomycota;c__Tremellomycetes;o__Trichosporonales;f__Trichosporonaceae;g__Trichosporon	underclassification	1	0.367924528302	0.0778443113772	0.128500823723
F1-REF	5	2	vsearch	10:0.51:0.8	k__Fungi	k__Fungi;p__Ascomycota;c__Eurotiomycetes;o__Onygenales;f__Onygenaceae;g__Auxarthron	underclassification	1	0.367924528302	0.0778443113772	0.128500823723
F1-REF	5	2	vsearch	10:0.51:0.8	k__Fungi;p__Ascomycota;c__Dothideomycetes	k__Fungi;p__Ascomycota;c__Dothideomycetes;o__Dothideomycetes_ord_Incertae_sedis;f__Dothideomycetes_fam_Incertae_sedis;g__Zymoseptoria	underclassification	3	0.367924528302	0.0778443113772	0.128500823723
F1-REF	5	2	vsearch	10:0.51:0.8	k__Fungi;p__Ascomycota;c__Dothideomycetes;o__Capnodiales;f__Mycosphaerellaceae	k__Fungi;p__Ascomycota;c__Dothideomycetes;o__Capnodiales;f__Mycosphaerellaceae;g__Ramichloridium	match	5	0.367924528302	0.0778443113772	0.128500823723
F1-REF	5	2	vsearch	10:0.51:0.8	k__Fungi;p__Ascomycota;c__Sordariomycetes;o__Xylariales;f__Diatrypaceae	k__Fungi;p__Ascomycota;c__Sordariomycetes;o__Xylariales;f__Diatrypaceae;g__Diatrypella	match	5	0.367924528302	0.0778443113772	0.128500823723
F1-REF	5	2	vsearch	10:0.51:0.8	k__Fungi;p__Ascomycota;c__Sordariomycetes	k__Fungi;p__Ascomycota;c__Sordariomycetes;o__Xylariales;f__Diatrypaceae;g__Eutypa	underclassification	3	0.367924528302	0.0778443113772	0.128500823723
F1-REF	5	2	vsearch	10:0.51:0.8	k__Fungi;p__Ascomycota	k__Fungi;p__Ascomycota;c__Leotiomycetes;o__Leotiales;f__Leotiaceae;g__Leotia	underclassification	2	0.367924528302	0.0778443113772	0.128500823723
F1-REF	5	2	vsearch	10:0.51:0.8	k__Fungi;p__Basidiomycota;c__Agaricomycetes	k__Fungi;p__Basidiomycota;c__Agaricomycetes;o__Polyporales;f__Polyporales_fam_Incertae_sedis;g__Obba	underclassification	3	0.367924528302	0.0778443113772	0.128500823723
F1-REF	5	2	vsearch	10:0.51:0.8	Unassigned	k__Fungi;p__Basidiomycota;c__Agaricostilbomycetes;o__Agaricostilbales;f__Agaricostilbaceae;g__Sterigmatomyces	underclassification	0	0.367924528302	0.0778443113772	0.128500823723
F1-REF	5	2	vsearch	10:0.51:0.8	k__Fungi;p__Ascomycota;c__Leotiomycetes;o__Helotiales	k__Fungi;p__Ascomycota;c__Leotiomycetes;o__Helotiales;f__Hyaloscyphaceae;g__Dasyscyphella	underclassification	4	0.367924528302	0.0778443113772	0.128500823723
F1-REF	5	2	vsearch	10:0.51:0.8	k__Fungi;p__Ascomycota;c__Leotiomycetes;o__Helotiales	k__Fungi;p__Ascomycota;c__Leotiomycetes;o__Helotiales;f__Hyaloscyphaceae;g__Proliferodiscus	underclassification	4	0.367924528302	0.0778443113772	0.128500823723
F1-REF	5	2	vsearch	10:0.51:0.8	k__Fungi;p__Ascomycota;c__Leotiomycetes;o__Helotiales	k__Fungi;p__Ascomycota;c__Leotiomycetes;o__Helotiales;f__Hyaloscyphaceae;g__Albotricha	underclassification	4	0.367924528302	0.0778443113772	0.128500823723
F1-REF	5	2	vsearch	10:0.51:0.8	k__Fungi;p__Ascomycota;c__Pezizomycetes;o__Pezizales;f__Pezizaceae	k__Fungi;p__Ascomycota;c__Pezizomycetes;o__Pezizales;f__Pezizaceae;g__Pachyphloeus	match	5	0.367924528302	0.0778443113772	0.128500823723
F1-REF	5	2	vsearch	10:0.51:0.8	k__Fungi;p__Ascomycota;c__Dothideomycetes;o__Pleosporales;f__Morosphaeriaceae;g__Morosphaeria;s__Morosphaeria_velatispora	k__Fungi;p__Ascomycota;c__Dothideomycetes;o__Pleosporales;f__Massarinaceae;g__Massarina	misclassification	4	0.367924528302	0.0778443113772	0.128500823723
F1-REF	5	2	vsearch	10:0.51:0.8	k__Fungi;p__Basidiomycota;c__Agaricomycetes;o__Polyporales	k__Fungi;p__Basidiomycota;c__Agaricomycetes;o__Polyporales;f__Fomitopsidaceae;g__Daedalea	underclassification	4	0.367924528302	0.0778443113772	0.128500823723
F1-REF	5	2	vsearch	10:0.51:0.8	k__Fungi;p__Basidiomycota;c__Agaricomycetes;o__Agaricales;f__Strophariaceae;g__Hymenogaster;s__Hymenogaster_behrii	k__Fungi;p__Basidiomycota;c__Agaricomycetes;o__Boletales;f__Boletaceae;g__Xerocomellus	misclassification	3	0.367924528302	0.0778443113772	0.128500823723
F1-REF	5	2	vsearch	10:0.51:0.8	k__Fungi;p__Basidiomycota;c__Agaricomycetes	k__Fungi;p__Basidiomycota;c__Agaricomycetes;o__Agaricales;f__Clavariaceae;g__Clavulinopsis	underclassification	3	0.367924528302	0.0778443113772	0.128500823723
F1-REF	5	2	vsearch	10:0.51:0.8	k__Fungi;p__Basidiomycota;c__Agaricomycetes	k__Fungi;p__Basidiomycota;c__Agaricomycetes;o__Atheliales;f__Atheliaceae;g__Amphinema	underclassification	3	0.367924528302	0.0778443113772	0.128500823723
F1-REF	5	2	vsearch	10:0.51:0.8	k__Fungi;p__Ascomycota	k__Fungi;p__Ascomycota;c__Pezizomycetes;o__Pezizales;f__Sarcoscyphaceae;g__Sarcoscypha	underclassification	2	0.367924528302	0.0778443113772	0.128500823723
F1-REF	5	2	vsearch	10:0.51:0.8	k__Fungi;p__Basidiomycota;c__Agaricomycetes	k__Fungi;p__Basidiomycota;c__Agaricomycetes;o__Hymenochaetales;f__Hymenochaetaceae;g__Porodaedalea	underclassification	3	0.367924528302	0.0778443113772	0.128500823723
F1-REF	5	2	vsearch	10:0.51:0.8	k__Fungi;p__Ascomycota;c__Sordariomycetes;o__Xylariales;f__Amphisphaeriaceae	k__Fungi;p__Ascomycota;c__Sordariomycetes;o__Xylariales;f__Amphisphaeriaceae;g__Morinia	match	5	0.367924528302	0.0778443113772	0.128500823723
F1-REF	5	2	vsearch	10:0.51:0.8	k__Fungi;p__Basidiomycota;c__Agaricomycetes;o__Polyporales;f__Polyporaceae	k__Fungi;p__Basidiomycota;c__Agaricomycetes;o__Polyporales;f__Polyporaceae;g__Fomes	match	5	0.367924528302	0.0778443113772	0.128500823723
F1-REF	5	2	vsearch	10:0.51:0.8	k__Fungi;p__Basidiomycota;c__Agaricomycetes;o__Polyporales;f__Polyporaceae	k__Fungi;p__Basidiomycota;c__Agaricomycetes;o__Polyporales;f__Polyporaceae;g__Grammothele	match	5	0.367924528302	0.0778443113772	0.128500823723
F1-REF	5	2	vsearch	10:0.51:0.8	k__Fungi;p__Basidiomycota;c__Agaricomycetes;o__Hymenochaetales;f__Schizoporaceae;g__Hyphodontia	k__Fungi;p__Basidiomycota;c__Agaricomycetes;o__Hymenochaetales;f__Hymenochaetaceae;g__Hastodontia	misclassification	4	0.367924528302	0.0778443113772	0.128500823723
F1-REF	5	2	vsearch	10:0.51:0.8	k__Fungi;p__Basidiomycota;c__Agaricomycetes	k__Fungi;p__Basidiomycota;c__Tremellomycetes;o__Filobasidiales;f__Filobasidiaceae;g__Goffeauzyma	misclassification	2	0.367924528302	0.0778443113772	0.128500823723
F1-REF	5	2	vsearch	10:0.51:0.8	k__Fungi;p__Ascomycota;c__Leotiomycetes;o__Helotiales	k__Fungi;p__Ascomycota;c__Leotiomycetes;o__Helotiales;f__Helotiaceae;g__Cudoniella	underclassification	4	0.367924528302	0.0778443113772	0.128500823723
F1-REF	5	2	vsearch	10:0.51:0.8	k__Fungi;p__Ascomycota;c__Leotiomycetes;o__Helotiales	k__Fungi;p__Ascomycota;c__Pezizomycotina_cls_Incertae_sedis;o__Pezizomycotina_ord_Incertae_sedis;f__Pezizomycotina_fam_Incertae_sedis;g__Dendrospora	misclassification	2	0.367924528302	0.0778443113772	0.128500823723
F1-REF	5	2	vsearch	10:0.51:0.8	k__Fungi;p__Ascomycota;c__Leotiomycetes;o__Helotiales	k__Fungi;p__Ascomycota;c__Leotiomycetes;o__Helotiales;f__Helotiales_fam_Incertae_sedis;g__Glarea	underclassification	4	0.367924528302	0.0778443113772	0.128500823723
F1-REF	5	2	vsearch	10:0.51:0.8	k__Fungi;p__Ascomycota	k__Fungi;p__Ascomycota;c__Pezizomycetes;o__Pezizales;f__Pyronemataceae;g__Micronematobotrys	underclassification	2	0.367924528302	0.0778443113772	0.128500823723
F1-REF	5	2	vsearch	10:0.51:0.8	k__Fungi;p__Ascomycota	k__Fungi;p__Ascomycota;c__Eurotiomycetes;o__Onygenales;f__Ajellomycetaceae;g__Ajellomyces	underclassification	2	0.367924528302	0.0778443113772	0.128500823723
F1-REF	5	2	vsearch	10:0.51:0.8	k__Fungi;p__Ascomycota	k__Fungi;p__Ascomycota;c__Lecanoromycetes;o__Teloschistales;f__Teloschistaceae;g__Xanthomendoza	underclassification	2	0.367924528302	0.0778443113772	0.128500823723
F1-REF	5	2	vsearch	10:0.51:0.8	k__Fungi;p__Ascomycota	k__Fungi;p__Ascomycota;c__Pezizomycotina_cls_Incertae_sedis;o__Pezizomycotina_ord_Incertae_sedis;f__Pezizomycotina_fam_Incertae_sedis;g__Sporendonema	underclassification	2	0.367924528302	0.0778443113772	0.128500823723
F1-REF	5	2	vsearch	10:0.51:0.8	k__Fungi;p__Ascomycota;c__Leotiomycetes	k__Fungi;p__Ascomycota;c__Eurotiomycetes;o__Eurotiomycetes_ord_Incertae_sedis;f__Eurotiomycetes_fam_Incertae_sedis;g__Calyptrozyma	misclassification	2	0.367924528302	0.0778443113772	0.128500823723
F1-REF	5	2	vsearch	10:0.51:0.8	k__Fungi;p__Basidiomycota;c__Agaricomycetes;o__Sebacinales	k__Fungi;p__Zygomycota;c__Mucoromycotina_cls_Incertae_sedis;o__Mucorales;f__Syncephalastraceae;g__Syncephalastrum	misclassification	1	0.367924528302	0.0778443113772	0.128500823723
F1-REF	5	2	vsearch	10:0.51:0.8	k__Fungi;p__Basidiomycota;c__Agaricomycetes;o__Agaricales;f__Lyophyllaceae	k__Fungi;p__Basidiomycota;c__Agaricomycetes;o__Agaricales;f__Agaricales_fam_Incertae_sedis;g__Leucocybe	misclassification	4	0.367924528302	0.0778443113772	0.128500823723
F1-REF	5	2	vsearch	10:0.51:0.8	k__Fungi;p__Ascomycota	k__Fungi;p__Ascomycota;c__Pezizomycetes;o__Pezizales;f__Pezizales_fam_Incertae_sedis;g__Picoa	underclassification	2	0.367924528302	0.0778443113772	0.128500823723
F1-REF	5	2	vsearch	10:0.51:0.8	Unassigned	k__Fungi;p__Basidiomycota;c__Agaricomycetes;o__Cantharellales;f__Hydnaceae;g__Burgoa	underclassification	0	0.367924528302	0.0778443113772	0.128500823723
F1-REF	5	2	vsearch	10:0.51:0.8	k__Fungi;p__Basidiomycota;c__Agaricomycetes	k__Fungi;p__Basidiomycota;c__Agaricomycetes;o__Sebacinales;f__Sebacinaceae;g__Helvellosebacina	underclassification	3	0.367924528302	0.0778443113772	0.128500823723
F1-REF	5	2	vsearch	10:0.51:0.8	k__Fungi;p__Basidiomycota;c__Agaricomycetes;o__Polyporales;f__Ganodermataceae;g__Ganoderma	k__Fungi;p__Basidiomycota;c__Agaricomycetes;o__Polyporales;f__Fomitopsidaceae;g__Donkioporia	misclassification	4	0.367924528302	0.0778443113772	0.128500823723
F1-REF	5	2	vsearch	10:0.51:0.8	k__Fungi;p__Ascomycota;c__Dothideomycetes;o__Pleosporales	k__Fungi;p__Ascomycota;c__Dothideomycetes;o__Pleosporales;f__Phaeosphaeriaceae;g__Phaeosphaeriopsis	underclassification	4	0.367924528302	0.0778443113772	0.128500823723
F1-REF	5	2	vsearch	10:0.51:0.8	k__Fungi;p__Ascomycota	k__Fungi;p__Ascomycota;c__Sordariomycetes;o__Diaporthales;f__Diaporthaceae;g__Phomopsis	underclassification	2	0.367924528302	0.0778443113772	0.128500823723
F1-REF	5	2	vsearch	10:0.51:0.8	k__Fungi;p__Ascomycota;c__Eurotiomycetes;o__Eurotiales;f__Trichocomaceae;g__Penicillium	k__Fungi;p__Ascomycota;c__Eurotiomycetes;o__Eurotiales;f__Trichocomaceae;g__Byssochlamys	overclassification	5	0.367924528302	0.0778443113772	0.128500823723
F1-REF	5	2	vsearch	10:0.51:0.8	k__Fungi;p__Ascomycota	k__Fungi;p__Ascomycota;c__Sordariomycetes;o__Diaporthales;f__Gnomoniaceae;g__Gnomonia	underclassification	2	0.367924528302	0.0778443113772	0.128500823723
F1-REF	5	2	vsearch	10:0.51:0.8	k__Fungi;p__Ascomycota	k__Fungi;p__Ascomycota;c__Sordariomycetes;o__Diaporthales;f__Melanconidaceae;g__Prosthecium	underclassification	2	0.367924528302	0.0778443113772	0.128500823723
F1-REF	5	2	vsearch	10:0.51:0.8	k__Fungi;p__Ascomycota	k__Fungi;p__Ascomycota;c__Sordariomycetes;o__Ophiostomatales;f__Ophiostomataceae;g__Sporothrix	underclassification	2	0.367924528302	0.0778443113772	0.128500823723
F1-REF	5	2	vsearch	10:0.51:0.8	k__Fungi;p__Ascomycota	k__Fungi;p__Ascomycota;c__Dothideomycetes;o__Capnodiales;f__Teratosphaeriaceae;g__Pseudoteratosphaeria	underclassification	2	0.367924528302	0.0778443113772	0.128500823723
F1-REF	5	2	vsearch	10:0.51:0.8	k__Fungi;p__Ascomycota	k__Fungi;p__Ascomycota;c__Sordariomycetes;o__Xylariales;f__Xylariaceae;g__Astrocystis	underclassification	2	0.367924528302	0.0778443113772	0.128500823723
F1-REF	5	2	vsearch	10:0.51:0.8	k__Fungi;p__Basidiomycota;c__Agaricomycetes;o__Agaricales	k__Fungi;p__Basidiomycota;c__Agaricomycetes;o__Agaricales;f__Agaricaceae;g__Cystodermella	underclassification	4	0.367924528302	0.0778443113772	0.128500823723
F1-REF	5	2	vsearch	10:0.51:0.8	k__Fungi;p__Basidiomycota;c__Agaricomycetes;o__Agaricales;f__Psathyrellaceae;g__Coprinellus	k__Fungi;p__Basidiomycota;c__Agaricomycetes;o__Agaricales;f__Agaricaceae;g__Coprinus	misclassification	4	0.367924528302	0.0778443113772	0.128500823723
F1-REF	5	2	vsearch	10:0.51:0.8	k__Fungi;p__Basidiomycota;c__Agaricomycetes;o__Agaricales;f__Psathyrellaceae;g__Coprinellus	k__Fungi;p__Basidiomycota;c__Agaricomycetes;o__Agaricales;f__Psathyrellaceae;g__Coprinopsis	overclassification	5	0.367924528302	0.0778443113772	0.128500823723
F1-REF	5	2	vsearch	10:0.51:0.8	k__Fungi;p__Ascomycota;c__Dothideomycetes;o__Pleosporales;f__Leptosphaeriaceae;g__Coniothyrium;s__Coniothyrium_carteri	k__Fungi;p__Ascomycota;c__Dothideomycetes;o__Pleosporales;f__Lophiostomataceae;g__Acrocalymma	misclassification	4	0.367924528302	0.0778443113772	0.128500823723
F1-REF	5	2	vsearch	10:0.51:0.8	Unassigned	k__Fungi;p__Ascomycota;c__Saccharomycetes;o__Saccharomycetales;f__Debaryomycetaceae;g__Millerozyma	underclassification	0	0.367924528302	0.0778443113772	0.128500823723
F1-REF	5	2	vsearch	10:0.51:0.8	Unassigned	k__Fungi;p__Basidiomycota;c__Agaricomycetes;o__Agaricales;f__Entolomataceae;g__Clitocella	underclassification	0	0.367924528302	0.0778443113772	0.128500823723
F1-REF	5	2	vsearch	10:0.51:0.8	k__Fungi;p__Ascomycota;c__Leotiomycetes;o__Helotiales	k__Fungi;p__Ascomycota;c__Leotiomycetes;o__Helotiales;f__Dermateaceae;g__Pezicula	underclassification	4	0.367924528302	0.0778443113772	0.128500823723
F1-REF	5	2	vsearch	10:0.51:0.8	k__Fungi;p__Basidiomycota;c__Pucciniomycetes;o__Pucciniales;f__Pucciniaceae;g__Puccinia	k__Fungi;p__Basidiomycota;c__Pucciniomycetes;o__Pucciniales;f__Pucciniaceae;g__Gymnosporangium	overclassification	5	0.367924528302	0.0778443113772	0.128500823723
F1-REF	5	2	vsearch	10:0.51:0.8	k__Fungi;p__Basidiomycota;c__Agaricomycetes	k__Fungi;p__Basidiomycota;c__Agaricomycetes;o__Polyporales;f__Meruliaceae;g__Gloeoporus	underclassification	3	0.367924528302	0.0778443113772	0.128500823723
F1-REF	5	2	vsearch	10:0.51:0.8	k__Fungi;p__Ascomycota;c__Lecanoromycetes;o__Teloschistales;f__Physciaceae	k__Fungi;p__Ascomycota;c__Lecanoromycetes;o__Teloschistales;f__Physciaceae;g__Rinodina	match	5	0.367924528302	0.0778443113772	0.128500823723
F1-REF	5	2	vsearch	10:0.51:0.8	k__Fungi;p__Ascomycota;c__Dothideomycetes;o__Pleosporales	k__Fungi;p__Ascomycota;c__Dothideomycetes;o__Pleosporales;f__Pleosporales_fam_Incertae_sedis;g__Phaeomycocentrospora	underclassification	4	0.367924528302	0.0778443113772	0.128500823723
F1-REF	5	2	vsearch	10:0.51:0.8	k__Fungi;p__Ascomycota	k__Fungi;p__Ascomycota;c__Sordariomycetes;o__Hypocreales;f__Cordycipitaceae;g__Cordyceps	underclassification	2	0.367924528302	0.0778443113772	0.128500823723
F1-REF	5	2	vsearch	10:0.51:0.8	Unassigned	k__Fungi;p__Ascomycota;c__Leotiomycetes;o__Erysiphales;f__Erysiphaceae;g__Phyllactinia	underclassification	0	0.367924528302	0.0778443113772	0.128500823723
F1-REF	5	2	vsearch	10:0.51:0.8	k__Fungi;p__Ascomycota;c__Lecanoromycetes;o__Lecanorales;f__Parmeliaceae	k__Fungi;p__Ascomycota;c__Lecanoromycetes;o__Lecanorales;f__Parmeliaceae;g__Letharia	match	5	0.367924528302	0.0778443113772	0.128500823723
F1-REF	5	2	vsearch	10:0.51:0.8	k__Fungi;p__Ascomycota;c__Leotiomycetes;o__Helotiales	k__Fungi;p__Ascomycota;c__Leotiomycetes;o__Helotiales;f__Hyaloscyphaceae;g__Hyalopeziza	underclassification	4	0.367924528302	0.0778443113772	0.128500823723
F1-REF	5	2	vsearch	10:0.51:0.8	Unassigned	k__Fungi;p__Basidiomycota;c__Agaricomycetes;o__Polyporales;f__Polyporaceae;g__Favolus	underclassification	0	0.367924528302	0.0778443113772	0.128500823723
F1-REF	5	2	vsearch	10:0.51:0.8	k__Fungi;p__Ascomycota	k__Fungi;p__Ascomycota;c__Lecanoromycetes;o__Peltigerales;f__Pannariaceae;g__Parmeliella	underclassification	2	0.367924528302	0.0778443113772	0.128500823723
F1-REF	5	2	vsearch	10:0.51:0.8	Unassigned	k__Fungi;p__Basidiomycota;c__Agaricomycetes;o__Boletales;f__Hygrophoropsidaceae;g__Leucogyrophana	underclassification	0	0.367924528302	0.0778443113772	0.128500823723
F1-REF	5	2	vsearch	10:0.51:0.8	k__Fungi;p__Ascomycota	k__Fungi;p__Ascomycota;c__Leotiomycetes;o__Helotiales;f__Hyaloscyphaceae;g__Microscypha	underclassification	2	0.367924528302	0.0778443113772	0.128500823723
F1-REF	5	2	vsearch	10:0.51:0.8	k__Fungi;p__Ascomycota;c__Leotiomycetes;o__Helotiales	k__Fungi;p__Ascomycota;c__Pezizomycotina_cls_Incertae_sedis;o__Pezizomycotina_ord_Incertae_sedis;f__Pezizomycotina_fam_Incertae_sedis;g__Filosporella	misclassification	2	0.367924528302	0.0778443113772	0.128500823723
F1-REF	5	2	vsearch	10:0.51:0.8	k__Fungi;p__Ascomycota;c__Sordariomycetes	k__Fungi;p__Ascomycota;c__Sordariomycetes;o__Hypocreales;f__Nectriaceae;g__Cylindrocladiella	underclassification	3	0.367924528302	0.0778443113772	0.128500823723
F1-REF	5	2	vsearch	10:0.51:0.8	Unassigned	k__Fungi;p__Ascomycota;c__Sordariomycetes;o__Hypocreales;f__Hypocreales_fam_Incertae_sedis;g__Ilyonectria	underclassification	0	0.367924528302	0.0778443113772	0.128500823723
F1-REF	5	2	vsearch	10:0.51:0.8	k__Fungi;p__Ascomycota	k__Fungi;p__Basidiomycota;c__Tremellomycetes;o__Tremellales;f__Tremellales_fam_Incertae_sedis;g__Biatoropsis	misclassification	1	0.367924528302	0.0778443113772	0.128500823723
F1-REF	5	2	vsearch	10:0.51:0.8	k__Fungi;p__Ascomycota	k__Fungi;p__Ascomycota;c__Saccharomycetes;o__Saccharomycetales;f__Trichomonascaceae;g__Blastobotrys	underclassification	2	0.367924528302	0.0778443113772	0.128500823723
F1-REF	5	2	vsearch	10:0.51:0.8	k__Fungi;p__Ascomycota;c__Lecanoromycetes;o__Lecanorales;f__Lecanorales_fam_Incertae_sedis;g__Solenopsora	k__Fungi;p__Ascomycota;c__Lecanoromycetes;o__Lecanorales;f__Lecanorales_fam_Incertae_sedis;g__Leprocaulon	overclassification	5	0.367924528302	0.0778443113772	0.128500823723
F1-REF	5	2	vsearch	10:0.51:0.8	k__Fungi;p__Ascomycota	k__Fungi;p__Ascomycota;c__Leotiomycetes;o__Helotiales;f__Helotiaceae;g__Dimorphospora	underclassification	2	0.367924528302	0.0778443113772	0.128500823723
F1-REF	5	2	vsearch	10:0.51:0.8	k__Fungi;p__Ascomycota	k__Fungi;p__Ascomycota;c__Lecanoromycetes;o__Peltigerales;f__Pannariaceae;g__Xanthopsoroma	underclassification	2	0.367924528302	0.0778443113772	0.128500823723
F1-REF	5	2	vsearch	10:0.51:0.8	k__Fungi;p__Ascomycota	k__Fungi;p__Ascomycota;c__Dothideomycetes;o__Pleosporales;f__Tetraplosphaeriaceae;g__Polyplosphaeria	underclassification	2	0.367924528302	0.0778443113772	0.128500823723
F1-REF	5	2	vsearch	10:0.51:0.8	Unassigned	k__Fungi;p__Ascomycota;c__Pezizomycotina_cls_Incertae_sedis;o__Pezizomycotina_ord_Incertae_sedis;f__Pezizomycotina_fam_Incertae_sedis;g__Radulidium	underclassification	0	0.367924528302	0.0778443113772	0.128500823723
F1-REF	5	2	vsearch	10:0.51:0.8	k__Fungi;p__Ascomycota;c__Leotiomycetes;o__Helotiales	k__Fungi;p__Ascomycota;c__Leotiomycetes;o__Helotiales;f__Helotiales_fam_Incertae_sedis;g__Chlorociboria	underclassification	4	0.367924528302	0.0778443113772	0.128500823723
F1-REF	5	2	vsearch	10:0.51:0.8	k__Fungi	k__Fungi;p__Ascomycota;c__Sordariomycetes;o__Xylariales;f__Hyponectriaceae;g__Physalospora	underclassification	1	0.367924528302	0.0778443113772	0.128500823723
F1-REF	5	2	vsearch	10:0.51:0.8	Unassigned	k__Fungi;p__Basidiomycota;c__Agaricomycetes;o__Russulales;f__Stereaceae;g__Gloeocystidiellum	underclassification	0	0.367924528302	0.0778443113772	0.128500823723
F1-REF	5	2	vsearch	10:0.51:0.8	k__Fungi;p__Ascomycota	k__Fungi;p__Ascomycota;c__Lecanoromycetes;o__Lecanorales;f__Parmeliaceae;g__Relicina	underclassification	2	0.367924528302	0.0778443113772	0.128500823723
F1-REF	5	2	vsearch	10:0.51:0.8	k__Fungi;p__Basidiomycota	k__Fungi;p__Basidiomycota;c__Tremellomycetes;o__Tremellales;f__Tremellales_fam_Incertae_sedis;g__Bullera	underclassification	2	0.367924528302	0.0778443113772	0.128500823723
F1-REF	5	2	vsearch	10:0.51:0.8	k__Fungi;p__Ascomycota	k__Fungi;p__Basidiomycota;c__Agaricomycetes;o__Trechisporales;f__Hydnodontaceae;g__Sistotremastrum	misclassification	1	0.367924528302	0.0778443113772	0.128500823723
F1-REF	5	2	vsearch	10:0.51:0.8	k__Fungi;p__Ascomycota;c__Sordariomycetes	k__Fungi;p__Ascomycota;c__Pezizomycotina_cls_Incertae_sedis;o__Pezizomycotina_ord_Incertae_sedis;f__Pezizomycotina_fam_Incertae_sedis;g__Liberomyces	misclassification	2	0.367924528302	0.0778443113772	0.128500823723
F1-REF	5	2	vsearch	10:0.51:0.8	k__Fungi;p__Ascomycota	k__Fungi;p__Ascomycota;c__Lecanoromycetes;o__Teloschistales;f__Caliciaceae;g__Tholurna	underclassification	2	0.367924528302	0.0778443113772	0.128500823723
F1-REF	5	2	vsearch	10:0.51:0.8	k__Fungi;p__Ascomycota;c__Lecanoromycetes;o__Lecanorales;f__Lecanorales_fam_Incertae_sedis;g__Mycobilimbia;s__Mycobilimbia_tetramera	k__Fungi;p__Ascomycota;c__Lecanoromycetes;o__Lecanorales;f__Ramalinaceae;g__Biatora	misclassification	4	0.367924528302	0.0778443113772	0.128500823723
F1-REF	5	2	vsearch	10:0.51:0.8	k__Fungi;p__Ascomycota	k__Fungi;p__Ascomycota;c__Lecanoromycetes;o__Lecanorales;f__Psoraceae;g__Protoblastenia	underclassification	2	0.367924528302	0.0778443113772	0.128500823723
F1-REF	5	2	vsearch	10:0.51:0.8	k__Fungi;p__Ascomycota	k__Fungi;p__Ascomycota;c__Dothideomycetes;o__Dothideomycetes_ord_Incertae_sedis;f__Dothideomycetes_fam_Incertae_sedis;g__Cryomyces	underclassification	2	0.367924528302	0.0778443113772	0.128500823723
F1-REF	5	2	vsearch	10:0.51:0.8	k__Fungi;p__Ascomycota;c__Lecanoromycetes;o__Lecanorales;f__Parmeliaceae	k__Fungi;p__Ascomycota;c__Lecanoromycetes;o__Lecanorales;f__Parmeliaceae;g__Lethariella	match	5	0.367924528302	0.0778443113772	0.128500823723
F1-REF	5	2	vsearch	10:0.51:0.8	k__Fungi;p__Ascomycota;c__Lecanoromycetes;o__Lecanorales;f__Parmeliaceae	k__Fungi;p__Ascomycota;c__Lecanoromycetes;o__Lecanorales;f__Parmeliaceae;g__Phacopsis	match	5	0.367924528302	0.0778443113772	0.128500823723
F1-REF	5	2	vsearch	10:0.51:0.8	k__Fungi;p__Ascomycota;c__Lecanoromycetes;o__Lecanorales;f__Parmeliaceae	k__Fungi;p__Ascomycota;c__Lecanoromycetes;o__Lecanorales;f__Parmeliaceae;g__Usnocetraria	match	5	0.367924528302	0.0778443113772	0.128500823723
F1-REF	5	2	vsearch	10:0.51:0.8	k__Fungi;p__Ascomycota;c__Sordariomycetes	k__Fungi;p__Ascomycota;c__Dothideomycetes;o__Pleosporales;f__Lophiostomataceae;g__Lophiotrema	misclassification	2	0.367924528302	0.0778443113772	0.128500823723
F1-REF	5	2	vsearch	10:0.51:0.8	k__Fungi;p__Ascomycota	k__Fungi;p__Ascomycota;c__Dothideomycetes;o__Capnodiales;f__Mycosphaerellaceae;g__Sphaerulina	underclassification	2	0.367924528302	0.0778443113772	0.128500823723
F1-REF	5	2	vsearch	10:0.51:0.8	Unassigned	k__Fungi;p__Ascomycota;c__Eurotiomycetes;o__Onygenales;f__Onygenales_fam_Incertae_sedis;g__Lacazia	underclassification	0	0.367924528302	0.0778443113772	0.128500823723
F1-REF	5	2	vsearch	10:0.51:0.8	k__Fungi	k__Fungi;p__Chytridiomycota;c__Chytridiomycetes;o__Rhizophydiales;f__Terramycetaceae;g__Terramyces	underclassification	1	0.367924528302	0.0778443113772	0.128500823723
F1-REF	5	2	vsearch	10:0.51:0.8	k__Fungi;p__Basidiomycota;c__Agaricomycetes	k__Fungi;p__Basidiomycota;c__Agaricomycetes;o__Sebacinales;f__Sebacinaceae;g__Efibulobasidium	underclassification	3	0.367924528302	0.0778443113772	0.128500823723
F1-REF	5	2	vsearch	10:0.51:0.8	k__Fungi;p__Ascomycota;c__Leotiomycetes;o__Helotiales	k__Fungi;p__Ascomycota;c__Leotiomycetes;o__Leotiomycetes_ord_Incertae_sedis;f__Leotiomycetes_fam_Incertae_sedis;g__Geniculospora	misclassification	3	0.367924528302	0.0778443113772	0.128500823723
F1-REF	5	2	vsearch	10:0.51:0.8	k__Fungi;p__Ascomycota;c__Leotiomycetes;o__Helotiales	k__Fungi;p__Ascomycota;c__Leotiomycetes;o__Helotiales;f__Vibrisseaceae;g__Chlorovibrissea	underclassification	4	0.367924528302	0.0778443113772	0.128500823723
F1-REF	5	2	vsearch	10:0.51:0.8	k__Fungi;p__Ascomycota;c__Lecanoromycetes;o__Teloschistales;f__Teloschistaceae	k__Fungi;p__Ascomycota;c__Lecanoromycetes;o__Teloschistales;f__Teloschistaceae;g__Variospora	match	5	0.367924528302	0.0778443113772	0.128500823723
F1-REF	5	2	vsearch	10:0.51:0.8	k__Fungi;p__Ascomycota	k__Fungi;p__Ascomycota;c__Dothideomycetes;o__Dothideales;f__Dothioraceae;g__Hormonema	underclassification	2	0.367924528302	0.0778443113772	0.128500823723
F1-REF	5	2	vsearch	10:0.51:0.8	k__Fungi;p__Ascomycota	k__Fungi;p__Ascomycota;c__Dothideomycetes;o__Dothideales;f__Dothioraceae;g__Kabatiella	underclassification	2	0.367924528302	0.0778443113772	0.128500823723
F1-REF	5	2	vsearch	10:0.51:0.8	k__Fungi;p__Ascomycota;c__Sordariomycetes;o__Xylariales;f__Amphisphaeriaceae	k__Fungi;p__Ascomycota;c__Sordariomycetes;o__Xylariales;f__Amphisphaeriaceae;g__Adisciso	match	5	0.367924528302	0.0778443113772	0.128500823723
F1-REF	5	2	vsearch	10:0.51:0.8	k__Fungi;p__Ascomycota;c__Sordariomycetes;o__Xylariales;f__Amphisphaeriaceae	k__Fungi;p__Ascomycota;c__Sordariomycetes;o__Xylariales;f__Amphisphaeriaceae;g__Discosia	match	5	0.367924528302	0.0778443113772	0.128500823723
F1-REF	5	2	vsearch	10:0.51:0.8	k__Fungi;p__Ascomycota;c__Dothideomycetes;o__Capnodiales;f__Mycosphaerellaceae	k__Fungi;p__Ascomycota;c__Pezizomycotina_cls_Incertae_sedis;o__Pezizomycotina_ord_Incertae_sedis;f__Pezizomycotina_fam_Incertae_sedis;g__Trochophora	misclassification	2	0.367924528302	0.0778443113772	0.128500823723
F1-REF	5	2	vsearch	10:0.51:0.8	k__Fungi;p__Ascomycota;c__Dothideomycetes;o__Capnodiales;f__Mycosphaerellaceae	k__Fungi;p__Ascomycota;c__Dothideomycetes;o__Capnodiales;f__Mycosphaerellaceae;g__Cercospora	match	5	0.367924528302	0.0778443113772	0.128500823723
F1-REF	5	2	vsearch	10:0.51:0.8	k__Fungi;p__Ascomycota;c__Dothideomycetes;o__Capnodiales;f__Mycosphaerellaceae	k__Fungi;p__Ascomycota;c__Dothideomycetes;o__Capnodiales;f__Mycosphaerellaceae;g__Passalora	match	5	0.367924528302	0.0778443113772	0.128500823723
F1-REF	5	2	vsearch	10:0.51:0.8	k__Fungi;p__Ascomycota;c__Dothideomycetes;o__Capnodiales;f__Mycosphaerellaceae	k__Fungi;p__Ascomycota;c__Dothideomycetes;o__Capnodiales;f__Capnodiales_fam_Incertae_sedis;g__Scolecostigmina	misclassification	4	0.367924528302	0.0778443113772	0.128500823723
F1-REF	5	2	vsearch	10:0.51:0.8	k__Fungi;p__Ascomycota	k__Fungi;p__Basidiomycota;c__Agaricomycetes;o__Agaricales;f__Clavariaceae;g__Mucronella	misclassification	1	0.367924528302	0.0778443113772	0.128500823723
F1-REF	5	2	vsearch	10:0.51:0.8	k__Fungi	k__Fungi;p__Glomeromycota;c__Glomeromycetes;o__Archaeosporales;f__Archaeosporaceae;g__Archaeospora	underclassification	1	0.367924528302	0.0778443113772	0.128500823723
F1-REF	5	2	vsearch	10:0.51:0.8	k__Fungi;p__Ascomycota;c__Sordariomycetes;o__Diaporthales	k__Fungi;p__Ascomycota;c__Sordariomycetes;o__Diaporthales;f__Gnomoniaceae;g__Amphiporthe	underclassification	4	0.367924528302	0.0778443113772	0.128500823723
F1-REF	5	2	vsearch	10:0.51:0.8	k__Fungi;p__Ascomycota	k__Fungi;p__Ascomycota;c__Pezizomycetes;o__Pezizales;f__Chorioactidaceae;g__Pseudosarcosoma	underclassification	2	0.367924528302	0.0778443113772	0.128500823723
F1-REF	5	2	vsearch	10:0.51:0.8	k__Fungi;p__Ascomycota	k__Fungi;p__Ascomycota;c__Dothideomycetes;o__Pleosporales;f__Phaeosphaeriaceae;g__Sphaerellopsis	underclassification	2	0.367924528302	0.0778443113772	0.128500823723
F1-REF	5	2	vsearch	10:0.51:0.8	k__Fungi;p__Ascomycota	k__Fungi;p__Ascomycota;c__Lecanoromycetes;o__Teloschistales;f__Teloschistaceae;g__Gondwania	underclassification	2	0.367924528302	0.0778443113772	0.128500823723
F1-REF	5	2	vsearch	10:0.51:0.8	k__Fungi;p__Ascomycota	k__Fungi;p__Ascomycota;c__Saccharomycetes;o__Saccharomycetales;f__Trichomonascaceae;g__Trichomonascus	underclassification	2	0.367924528302	0.0778443113772	0.128500823723
F1-REF	5	2	vsearch	10:0.51:0.8	k__Fungi;p__Ascomycota	k__Fungi;p__Ascomycota;c__Pezizomycotina_cls_Incertae_sedis;o__Pezizomycotina_ord_Incertae_sedis;f__Pezizomycotina_fam_Incertae_sedis;g__Satchmopsis	underclassification	2	0.367924528302	0.0778443113772	0.128500823723
F1-REF	5	2	vsearch	10:0.51:0.8	k__Fungi;p__Ascomycota	k__Fungi;p__Ascomycota;c__Pezizomycetes;o__Pezizales;f__Pezizaceae;g__Ruhlandiella	underclassification	2	0.367924528302	0.0778443113772	0.128500823723
F1-REF	5	2	vsearch	10:0.51:0.8	k__Fungi;p__Ascomycota;c__Sordariomycetes	k__Fungi;p__Basidiomycota;c__Exobasidiomycetes;o__Microstromatales;f__Microstromataceae;g__Sympodiomycopsis	misclassification	1	0.367924528302	0.0778443113772	0.128500823723
F1-REF	5	2	vsearch	10:0.51:0.8	k__Fungi;p__Ascomycota	k__Fungi;p__Ascomycota;c__Lecanoromycetes;o__Lecanorales;f__Parmeliaceae;g__Flavocetraria	underclassification	2	0.367924528302	0.0778443113772	0.128500823723
F1-REF	5	2	vsearch	10:0.51:0.8	k__Fungi;p__Ascomycota;c__Lecanoromycetes;o__Lecanorales;f__Parmeliaceae	k__Fungi;p__Ascomycota;c__Lecanoromycetes;o__Lecanorales;f__Parmeliaceae;g__Platismatia	match	5	0.367924528302	0.0778443113772	0.128500823723
F1-REF	5	2	vsearch	10:0.51:0.8	k__Fungi;p__Ascomycota;c__Lecanoromycetes;o__Lecanorales;f__Parmeliaceae	k__Fungi;p__Ascomycota;c__Lecanoromycetes;o__Lecanorales;f__Parmeliaceae;g__Melanelixia	match	5	0.367924528302	0.0778443113772	0.128500823723
F1-REF	5	2	vsearch	10:0.51:0.8	k__Fungi;p__Ascomycota;c__Lecanoromycetes;o__Lecanorales;f__Parmeliaceae	k__Fungi;p__Ascomycota;c__Lecanoromycetes;o__Lecanorales;f__Parmeliaceae;g__Arctocetraria	match	5	0.367924528302	0.0778443113772	0.128500823723
F1-REF	5	2	vsearch	10:0.51:0.8	k__Fungi;p__Ascomycota;c__Lecanoromycetes;o__Lecanorales;f__Parmeliaceae	k__Fungi;p__Ascomycota;c__Lecanoromycetes;o__Lecanorales;f__Parmeliaceae;g__Tuckermanella	match	5	0.367924528302	0.0778443113772	0.128500823723
F1-REF	5	2	vsearch	10:0.51:0.8	k__Fungi;p__Ascomycota;c__Lecanoromycetes;o__Lecanorales;f__Parmeliaceae	k__Fungi;p__Ascomycota;c__Lecanoromycetes;o__Lecanorales;f__Parmeliaceae;g__Tuckneraria	match	5	0.367924528302	0.0778443113772	0.128500823723
F1-REF	5	2	vsearch	10:0.51:0.8	k__Fungi;p__Ascomycota	k__Fungi;p__Ascomycota;c__Lecanoromycetes;o__Lecanorales;f__Parmeliaceae;g__Esslingeriana	underclassification	2	0.367924528302	0.0778443113772	0.128500823723
F1-REF	5	2	vsearch	10:0.51:0.8	k__Fungi;p__Basidiomycota;c__Pucciniomycetes;o__Pucciniales	k__Fungi;p__Basidiomycota;c__Pucciniomycetes;o__Pucciniales;f__Phakopsoraceae;g__Batistopsora	underclassification	4	0.367924528302	0.0778443113772	0.128500823723
F1-REF	5	2	vsearch	10:0.51:0.8	Unassigned	k__Fungi;p__Ascomycota;c__Pezizomycetes;o__Pezizales;f__Pyronemataceae;g__Rhodoscypha	underclassification	0	0.367924528302	0.0778443113772	0.128500823723
F1-REF	5	2	vsearch	10:0.51:0.8	Unassigned	k__Fungi;p__Basidiomycota;c__Agaricomycetes;o__Agaricales;f__Lyophyllaceae;g__Termitomyces	underclassification	0	0.367924528302	0.0778443113772	0.128500823723
F1-REF	5	2	vsearch	10:0.51:0.8	k__Fungi;p__Basidiomycota;c__Agaricomycetes	k__Fungi;p__Basidiomycota;c__Agaricomycetes;o__Polyporales;f__Fomitopsidaceae;g__Auriporia	underclassification	3	0.367924528302	0.0778443113772	0.128500823723
F1-REF	5	2	vsearch	10:0.51:0.8	k__Fungi;p__Ascomycota;c__Dothideomycetes;o__Pleosporales;f__Phaeosphaeriaceae	k__Fungi;p__Ascomycota;c__Dothideomycetes;o__Pleosporales;f__Pleosporales_fam_Incertae_sedis;g__Paraphoma	misclassification	4	0.367924528302	0.0778443113772	0.128500823723
F1-REF	5	2	vsearch	10:0.51:0.8	k__Fungi;p__Ascomycota	k__Fungi;p__Ascomycota;c__Sordariomycetes;o__Calosphaeriales;f__Calosphaeriaceae;g__Calosphaeria	underclassification	2	0.367924528302	0.0778443113772	0.128500823723
F1-REF	5	2	vsearch	10:0.51:0.8	Unassigned	k__Fungi;p__Basidiomycota;c__Agaricomycetes;o__Agaricales;f__Lyophyllaceae;g__Calocybe	underclassification	0	0.367924528302	0.0778443113772	0.128500823723
F1-REF	5	2	vsearch	10:0.51:0.8	Unassigned	k__Fungi;p__Ascomycota;c__Dothideomycetes;o__Pleosporales;f__Lentitheciaceae;g__Setoseptoria	underclassification	0	0.367924528302	0.0778443113772	0.128500823723
F1-REF	5	2	vsearch	10:0.51:0.8	k__Fungi;p__Ascomycota;c__Sordariomycetes;o__Diaporthales	k__Fungi;p__Ascomycota;c__Sordariomycetes;o__Diaporthales;f__Valsaceae;g__Valsa	underclassification	4	0.367924528302	0.0778443113772	0.128500823723
F1-REF	5	2	vsearch	10:0.51:0.8	Unassigned	k__Fungi;p__Ascomycota;c__Pezizomycotina_cls_Incertae_sedis;o__Pezizomycotina_ord_Incertae_sedis;f__Pezizomycotina_fam_Incertae_sedis;g__Triscelophorus	underclassification	0	0.367924528302	0.0778443113772	0.128500823723
F1-REF	5	2	vsearch	10:0.51:0.8	k__Fungi;p__Basidiomycota;c__Agaricomycetes	k__Fungi;p__Basidiomycota;c__Agaricomycetes;o__Hymenochaetales;f__Hymenochaetaceae;g__Phellinopsis	underclassification	3	0.367924528302	0.0778443113772	0.128500823723
F1-REF	5	2	vsearch	10:0.51:0.8	Unassigned	k__Fungi;p__Basidiomycota;c__Agaricomycetes;o__Russulales;f__Stephanosporaceae;g__Cristinia	underclassification	0	0.367924528302	0.0778443113772	0.128500823723
F1-REF	5	2	vsearch	10:0.51:0.8	Unassigned	k__Fungi;p__Basidiomycota;c__Agaricomycetes;o__Agaricales;f__Agaricaceae;g__Clarkeinda	underclassification	0	0.367924528302	0.0778443113772	0.128500823723
F1-REF	5	2	vsearch	10:0.51:0.8	k__Fungi;p__Basidiomycota	k__Fungi;p__Basidiomycota;c__Pucciniomycetes;o__Pucciniales;f__Pucciniales_fam_Incertae_sedis;g__Hemileia	underclassification	2	0.367924528302	0.0778443113772	0.128500823723
F1-REF	5	2	vsearch	10:0.51:0.8	k__Fungi;p__Basidiomycota;c__Agaricomycetes	k__Fungi;p__Basidiomycota;c__Agaricomycetes;o__Boletales;f__Boletaceae;g__Rossbeevera	underclassification	3	0.367924528302	0.0778443113772	0.128500823723
F1-REF	5	2	vsearch	10:0.51:0.8	Unassigned	k__Fungi;p__Ascomycota;c__Lecanoromycetes;o__Lecanorales;f__Cladoniaceae;g__Cladonia	underclassification	0	0.367924528302	0.0778443113772	0.128500823723
F1-REF	5	2	vsearch	10:0.51:0.8	k__Fungi;p__Basidiomycota;c__Agaricomycetes;o__Agaricales;f__Cortinariaceae;g__Cortinarius	k__Fungi;p__Basidiomycota;c__Agaricomycetes;o__Agaricales;f__Tricholomataceae;g__Leucopaxillus	misclassification	4	0.367924528302	0.0778443113772	0.128500823723
F1-REF	5	2	vsearch	10:0.51:0.8	Unassigned	k__Fungi;p__Basidiomycota;c__Agaricomycetes;o__Agaricales;f__Hygrophoraceae;g__Camarophyllus	underclassification	0	0.367924528302	0.0778443113772	0.128500823723
F1-REF	5	2	vsearch	10:0.51:0.8	k__Fungi;p__Ascomycota;c__Dothideomycetes;o__Botryosphaeriales;f__Botryosphaeriaceae;g__Phyllosticta	k__Fungi;p__Ascomycota;c__Dothideomycetes;o__Botryosphaeriales;f__Botryosphaeriaceae;g__Guignardia	overclassification	5	0.367924528302	0.0778443113772	0.128500823723
F1-REF	5	2	vsearch	10:0.51:0.8	k__Fungi;p__Ascomycota	k__Fungi;p__Ascomycota;c__Lecanoromycetes;o__Peltigerales;f__Pannariaceae;g__Physma	underclassification	2	0.367924528302	0.0778443113772	0.128500823723
F1-REF	5	2	vsearch	10:0.51:0.8	Unassigned	k__Fungi;p__Ascomycota;c__Pezizomycetes;o__Pezizales;f__Discinaceae;g__Hydnotrya	underclassification	0	0.367924528302	0.0778443113772	0.128500823723
F1-REF	5	2	vsearch	10:0.51:0.8	k__Fungi;p__Ascomycota;c__Sordariomycetes;o__Hypocreales	k__Fungi;p__Ascomycota;c__Sordariomycetes;o__Hypocreales;f__Ophiocordycipitaceae;g__Hirsutella	underclassification	4	0.367924528302	0.0778443113772	0.128500823723
F1-REF	5	2	vsearch	10:0.51:0.8	k__Fungi;p__Ascomycota	k__Fungi;p__Ascomycota;c__Leotiomycetes;o__Erysiphales;f__Erysiphaceae;g__Pseudoidium	underclassification	2	0.367924528302	0.0778443113772	0.128500823723
F1-REF	5	2	vsearch	10:0.51:0.8	Unassigned	k__Fungi;p__Basidiomycota;c__Agaricomycetes;o__Polyporales;f__Meruliaceae;g__Flaviporus	underclassification	0	0.367924528302	0.0778443113772	0.128500823723
F1-REF	5	2	vsearch	10:0.51:0.8	k__Fungi;p__Ascomycota;c__Sordariomycetes;o__Hypocreales;f__Ophiocordycipitaceae;g__Tolypocladium;s__Tolypocladium_pustulatum	k__Fungi;p__Ascomycota;c__Dothideomycetes;o__Pleosporales;f__Didymosphaeriaceae;g__Roussoella	misclassification	2	0.367924528302	0.0778443113772	0.128500823723
F1-REF	5	2	vsearch	10:0.51:0.8	k__Fungi;p__Ascomycota	k__Fungi;p__Ascomycota;c__Leotiomycetes;o__Helotiales;f__Hyaloscyphaceae;g__Hyaloscypha	underclassification	2	0.367924528302	0.0778443113772	0.128500823723
F1-REF	5	2	vsearch	10:0.51:0.8	k__Fungi;p__Ascomycota;c__Sordariomycetes	k__Fungi;p__Ascomycota;c__Dothideomycetes;o__Valsariales;f__Valsariaceae;g__Valsaria	misclassification	2	0.367924528302	0.0778443113772	0.128500823723
F1-REF	5	2	vsearch	10:0.51:0.8	k__Fungi;p__Ascomycota;c__Leotiomycetes;o__Helotiales	k__Fungi;p__Ascomycota;c__Leotiomycetes;o__Helotiales;f__Helotiales_fam_Incertae_sedis;g__Xylogone	underclassification	4	0.367924528302	0.0778443113772	0.128500823723
F1-REF	5	2	vsearch	10:0.51:0.8	k__Fungi;p__Ascomycota	k__Fungi;p__Ascomycota;c__Pezizomycetes;o__Pezizales;f__Pyronemataceae;g__Geopyxis	underclassification	2	0.367924528302	0.0778443113772	0.128500823723
F1-REF	5	2	vsearch	10:0.51:0.8	k__Fungi;p__Ascomycota;c__Sordariomycetes	k__Fungi;p__Ascomycota;c__Lecanoromycetes;o__Teloschistales;f__Teloschistaceae;g__Austroplaca	misclassification	2	0.367924528302	0.0778443113772	0.128500823723
F1-REF	5	2	vsearch	10:0.51:0.8	k__Fungi;p__Ascomycota	k__Fungi;p__Ascomycota;c__Leotiomycetes;o__Helotiales;f__Helotiales_fam_Incertae_sedis;g__Mitrula	underclassification	2	0.367924528302	0.0778443113772	0.128500823723
F1-REF	5	2	vsearch	10:0.51:0.8	k__Fungi;p__Ascomycota;c__Dothideomycetes;o__Botryosphaeriales;f__Botryosphaeriaceae	k__Fungi;p__Ascomycota;c__Dothideomycetes;o__Botryosphaeriales;f__Botryosphaeriaceae;g__Diplodia	match	5	0.367924528302	0.0778443113772	0.128500823723
F1-REF	5	2	vsearch	10:0.51:0.8	Unassigned	k__Fungi;p__Ascomycota;c__Pezizomycetes;o__Pezizales;f__Pyronemataceae;g__Sphaerosporella	underclassification	0	0.367924528302	0.0778443113772	0.128500823723
F1-REF	5	2	vsearch	10:0.51:0.8	k__Fungi;p__Basidiomycota;c__Agaricomycetes;o__Sebacinales;f__Sebacinaceae;g__Sebacina	k__Fungi;p__Basidiomycota;c__Agaricomycetes;o__Sebacinales;f__Sebacinaceae;g__Paulisebacina	overclassification	5	0.367924528302	0.0778443113772	0.128500823723
F1-REF	5	2	vsearch	10:0.51:0.8	k__Fungi;p__Ascomycota	k__Fungi;p__Ascomycota;c__Saccharomycetes;o__Saccharomycetales;f__Saccharomycetales_fam_Incertae_sedis;g__Sporopachydermia	underclassification	2	0.367924528302	0.0778443113772	0.128500823723
F1-REF	5	2	vsearch	10:0.51:0.8	k__Fungi;p__Ascomycota;c__Leotiomycetes;o__Helotiales	k__Fungi;p__Ascomycota;c__Leotiomycetes;o__Helotiales;f__Vibrisseaceae;g__Vibrissea	underclassification	4	0.367924528302	0.0778443113772	0.128500823723
F1-REF	5	2	vsearch	10:0.51:0.8	k__Fungi	k__Fungi;p__Ascomycota;c__Sordariomycetes;o__Sordariales;f__Cephalothecaceae;g__Cryptendoxyla	underclassification	1	0.367924528302	0.0778443113772	0.128500823723
F1-REF	5	2	vsearch	10:0.51:0.8	k__Fungi;p__Basidiomycota;c__Agaricomycetes;o__Agaricales;f__Strophariaceae	k__Fungi;p__Basidiomycota;c__Agaricomycetes;o__Agaricales;f__Strophariaceae;g__Kuehneromyces	match	5	0.367924528302	0.0778443113772	0.128500823723
F1-REF	5	2	vsearch	10:0.51:0.8	k__Fungi;p__Ascomycota	k__Fungi;p__Ascomycota;c__Sordariomycetes;o__Magnaporthales;f__Magnaporthaceae;g__Pseudophialophora	underclassification	2	0.367924528302	0.0778443113772	0.128500823723
F1-REF	5	2	vsearch	10:0.51:0.8	k__Fungi;p__Ascomycota	k__Fungi;p__Ascomycota;c__Sordariomycetes;o__Magnaporthales;f__Magnaporthaceae;g__Budhanggurabania	underclassification	2	0.367924528302	0.0778443113772	0.128500823723
F1-REF	5	2	vsearch	10:0.51:0.8	k__Fungi;p__Basidiomycota;c__Agaricomycetes	k__Fungi;p__Basidiomycota;c__Agaricomycetes;o__Agaricales;f__Agaricales_fam_Incertae_sedis;g__Plicaturopsis	underclassification	3	0.367924528302	0.0778443113772	0.128500823723
F1-REF	5	2	vsearch	10:0.51:0.8	k__Fungi;p__Ascomycota;c__Sordariomycetes	k__Fungi;p__Ascomycota;c__Sordariomycetes;o__Hypocreales;f__Nectriaceae;g__Gibberella	underclassification	3	0.367924528302	0.0778443113772	0.128500823723
F1-REF	5	2	vsearch	10:0.51:0.8	k__Fungi;p__Ascomycota	k__Fungi;p__Ascomycota;c__Orbiliomycetes;o__Orbiliales;f__Orbiliaceae;g__Duddingtonia	underclassification	2	0.367924528302	0.0778443113772	0.128500823723
F1-REF	5	2	vsearch	10:0.51:0.8	k__Fungi;p__Ascomycota;c__Sordariomycetes	k__Fungi;p__Ascomycota;c__Sordariomycetes;o__Xylariales;f__Xylariaceae;g__Obolarina	underclassification	3	0.367924528302	0.0778443113772	0.128500823723
F1-REF	5	2	vsearch	10:0.51:0.8	k__Fungi;p__Ascomycota	k__Fungi;p__Ascomycota;c__Dothideomycetes;o__Venturiales;f__Venturiaceae;g__Fusicladium	underclassification	2	0.367924528302	0.0778443113772	0.128500823723
F1-REF	5	2	vsearch	10:0.51:0.8	k__Fungi;p__Ascomycota	k__Fungi;p__Ascomycota;c__Pezizomycotina_cls_Incertae_sedis;o__Pezizomycotina_ord_Incertae_sedis;f__Pezizomycotina_fam_Incertae_sedis;g__Myriodontium	underclassification	2	0.367924528302	0.0778443113772	0.128500823723
F1-REF	5	2	vsearch	10:0.51:0.8	k__Fungi;p__Ascomycota	k__Fungi;p__Ascomycota;c__Dothideomycetes;o__Botryosphaeriales;f__Botryosphaeriaceae;g__Saccharata	underclassification	2	0.367924528302	0.0778443113772	0.128500823723
F1-REF	5	2	vsearch	10:0.51:0.8	k__Fungi;p__Ascomycota	k__Fungi;p__Ascomycota;c__Pezizomycetes;o__Pezizales;f__Sarcosomataceae;g__Sarcosoma	underclassification	2	0.367924528302	0.0778443113772	0.128500823723
F1-REF	5	2	vsearch	10:0.51:0.8	k__Fungi;p__Ascomycota	k__Fungi;p__Ascomycota;c__Eurotiomycetes;o__Onygenales;f__Ajellomycetaceae;g__Spiromastix	underclassification	2	0.367924528302	0.0778443113772	0.128500823723
F1-REF	5	2	vsearch	10:0.51:0.8	k__Fungi;p__Ascomycota	k__Fungi;p__Ascomycota;c__Pezizomycetes;o__Pezizales;f__Sarcoscyphaceae;g__Nanoscypha	underclassification	2	0.367924528302	0.0778443113772	0.128500823723
F1-REF	5	2	vsearch	10:0.51:0.8	k__Fungi;p__Ascomycota;c__Dothideomycetes;o__Capnodiales;f__Teratosphaeriaceae	k__Fungi;p__Ascomycota;c__Dothideomycetes;o__Capnodiales;f__Teratosphaeriaceae;g__Myrtapenidiella	match	5	0.367924528302	0.0778443113772	0.128500823723
F1-REF	5	2	vsearch	10:0.51:0.8	Unassigned	k__Fungi;p__Ascomycota;c__Saccharomycetes;o__Saccharomycetales;f__Saccharomycetaceae;g__Yueomyces	underclassification	0	0.367924528302	0.0778443113772	0.128500823723
F1-REF	5	2	vsearch	10:0.51:0.8	Unassigned	k__Fungi;p__Basidiomycota;c__Agaricomycetes;o__Boletales;f__Tapinellaceae;g__Tapinella	underclassification	0	0.367924528302	0.0778443113772	0.128500823723
F1-REF	5	2	vsearch	10:0.51:0.8	Unassigned	k__Fungi;p__Basidiomycota;c__Agaricomycetes;o__Agaricales;f__Tricholomataceae;g__Tricholomopsis	underclassification	0	0.367924528302	0.0778443113772	0.128500823723
F1-REF	5	2	vsearch	10:0.51:0.8	k__Fungi;p__Ascomycota;c__Sordariomycetes;o__Hypocreales	k__Fungi;p__Ascomycota;c__Sordariomycetes;o__Hypocreales;f__Nectriaceae;g__Volutella	underclassification	4	0.367924528302	0.0778443113772	0.128500823723
F1-REF	5	2	vsearch	10:0.51:0.8	k__Fungi;p__Ascomycota	k__Fungi;p__Ascomycota;c__Geoglossomycetes;o__Geoglossales;f__Geoglossaceae;g__Geoglossum	underclassification	2	0.367924528302	0.0778443113772	0.128500823723
F1-REF	5	2	vsearch	10:0.51:0.8	k__Fungi;p__Ascomycota	k__Fungi;p__Ascomycota;c__Lecanoromycetes;o__Teloschistales;f__Physciaceae;g__Tornabea	underclassification	2	0.367924528302	0.0778443113772	0.128500823723
F1-REF	5	2	vsearch	10:0.51:0.8	k__Fungi;p__Ascomycota;c__Sordariomycetes	k__Fungi;p__Ascomycota;c__Sordariomycetes;o__Chaetosphaeriales;f__Chaetosphaeriaceae;g__Codinaeopsis	underclassification	3	0.367924528302	0.0778443113772	0.128500823723
F1-REF	5	2	vsearch	10:0.51:0.8	k__Fungi;p__Basidiomycota;c__Agaricomycetes;o__Hymenochaetales;f__Hymenochaetaceae;g__Inonotus;s__Inonotus_levis	k__Fungi;p__Basidiomycota;c__Agaricomycetes;o__Hymenochaetales;f__Hymenochaetaceae;g__Fomitiporella	overclassification	5	0.367924528302	0.0778443113772	0.128500823723
F1-REF	5	2	vsearch	10:0.51:0.8	Unassigned	k__Fungi;p__Basidiomycota;c__Agaricomycetes;o__Agaricales;f__Entolomataceae;g__Rhodocybe	underclassification	0	0.367924528302	0.0778443113772	0.128500823723
F1-REF	5	2	vsearch	10:0.51:0.8	Unassigned	k__Fungi;p__Ascomycota;c__Pezizomycetes;o__Pezizales;f__Pyronemataceae;g__Aleuria	underclassification	0	0.367924528302	0.0778443113772	0.128500823723
F1-REF	5	2	vsearch	10:0.51:0.8	k__Fungi;p__Ascomycota	k__Fungi;p__Ascomycota;c__Pezizomycetes;o__Pezizales;f__Pyronemataceae;g__Cheilymenia	underclassification	2	0.367924528302	0.0778443113772	0.128500823723
F1-REF	5	2	vsearch	10:0.51:0.8	k__Fungi;p__Ascomycota	k__Fungi;p__Ascomycota;c__Pezizomycetes;o__Pezizales;f__Pyronemataceae;g__Byssonectria	underclassification	2	0.367924528302	0.0778443113772	0.128500823723
F1-REF	5	2	vsearch	10:0.51:0.8	k__Fungi;p__Basidiomycota;c__Agaricomycetes;o__Boletales;f__Boletaceae	k__Fungi;p__Basidiomycota;c__Agaricomycetes;o__Boletales;f__Boletaceae;g__Jimtrappea	match	5	0.367924528302	0.0778443113772	0.128500823723
F1-REF	5	2	vsearch	10:0.51:0.8	k__Fungi;p__Ascomycota;c__Sordariomycetes;o__Hypocreales	k__Fungi;p__Ascomycota;c__Sordariomycetes;o__Hypocreales;f__Nectriaceae;g__Microcera	underclassification	4	0.367924528302	0.0778443113772	0.128500823723
F1-REF	5	2	vsearch	10:0.51:0.8	k__Fungi;p__Ascomycota	k__Fungi;p__Ascomycota;c__Lecanoromycetes;o__Lecanorales;f__Stereocaulaceae;g__Lepraria	underclassification	2	0.367924528302	0.0778443113772	0.128500823723
F1-REF	5	2	vsearch	10:0.51:0.8	k__Fungi;p__Ascomycota;c__Sordariomycetes	k__Fungi;p__Ascomycota;c__Dothideomycetes;o__Pleosporales;f__Pleosporaceae;g__Stemphylium	misclassification	2	0.367924528302	0.0778443113772	0.128500823723
F1-REF	5	2	vsearch	10:0.51:0.8	Unassigned	k__Fungi;p__Ascomycota;c__Ascomycota_cls_Incertae_sedis;o__Ascomycota_ord_Incertae_sedis;f__Ascomycota_fam_Incertae_sedis;g__Verruconis	underclassification	0	0.367924528302	0.0778443113772	0.128500823723
F1-REF	5	2	vsearch	10:0.51:0.8	Unassigned	k__Fungi;p__Basidiomycota;c__Agaricomycetes;o__Agaricales;f__Tricholomataceae;g__Phyllotopsis	underclassification	0	0.367924528302	0.0778443113772	0.128500823723
F1-REF	5	2	vsearch	10:0.51:0.8	k__Fungi;p__Ascomycota	k__Fungi;p__Ascomycota;c__Sordariomycetes;o__Microascales;f__Microascaceae;g__Graphium	underclassification	2	0.367924528302	0.0778443113772	0.128500823723
F1-REF	5	2	vsearch	10:0.51:0.8	k__Fungi	k__Fungi;p__Basidiomycota;c__Agaricomycetes;o__Boletales;f__Rhizopogonaceae;g__Fevansia	underclassification	1	0.367924528302	0.0778443113772	0.128500823723
F1-REF	5	2	vsearch	10:0.51:0.8	k__Fungi;p__Basidiomycota;c__Pucciniomycetes;o__Pucciniales;f__Pucciniaceae;g__Puccinia	k__Fungi;p__Basidiomycota;c__Pucciniomycetes;o__Pucciniales;f__Pucciniastraceae;g__Melampsoridium	misclassification	4	0.367924528302	0.0778443113772	0.128500823723
F1-REF	5	2	vsearch	10:0.51:0.8	Unassigned	k__Fungi;p__Zygomycota;c__Mucoromycotina_cls_Incertae_sedis;o__Mucorales;f__Phycomycetaceae;g__Phycomyces	underclassification	0	0.367924528302	0.0778443113772	0.128500823723
F1-REF	5	2	vsearch	10:0.51:0.8	Unassigned	k__Fungi;p__Basidiomycota;c__Agaricomycetes;o__Agaricales;f__Tricholomataceae;g__Dendrocollybia	underclassification	0	0.367924528302	0.0778443113772	0.128500823723
F1-REF	5	2	vsearch	10:0.51:0.8	k__Fungi;p__Ascomycota;c__Sordariomycetes;o__Hypocreales;f__Nectriaceae	k__Fungi;p__Ascomycota;c__Sordariomycetes;o__Sordariomycetes_ord_Incertae_sedis;f__Sordariomycetes_fam_Incertae_sedis;g__Thyronectria	misclassification	3	0.367924528302	0.0778443113772	0.128500823723
F1-REF	5	2	vsearch	10:0.51:0.8	k__Fungi;p__Basidiomycota;c__Agaricomycetes	k__Fungi;p__Basidiomycota;c__Agaricomycetes;o__Hymenochaetales;f__Hymenochaetaceae;g__Phellopilus	underclassification	3	0.367924528302	0.0778443113772	0.128500823723
F1-REF	5	2	vsearch	10:0.51:0.8	Unassigned	k__Fungi;p__Ascomycota;c__Pezizomycetes;o__Pezizales;f__Pezizaceae;g__Elderia	underclassification	0	0.367924528302	0.0778443113772	0.128500823723
F1-REF	5	2	vsearch	10:0.51:0.8	Unassigned	k__Fungi;p__Ascomycota;c__Eurotiomycetes;o__Chaetothyriales;f__Herpotrichiellaceae;g__Phialophora	underclassification	0	0.367924528302	0.0778443113772	0.128500823723
F1-REF	5	2	vsearch	10:0.51:0.8	k__Fungi;p__Basidiomycota;c__Agaricomycetes;o__Russulales	k__Fungi;p__Basidiomycota;c__Agaricomycetes;o__Russulales;f__Bondarzewiaceae;g__Gloiodon	underclassification	4	0.367924528302	0.0778443113772	0.128500823723
F1-REF	5	2	vsearch	10:0.51:0.8	k__Fungi;p__Basidiomycota;c__Agaricomycetes;o__Agaricales;f__Tricholomataceae	k__Fungi;p__Basidiomycota;c__Agaricomycetes;o__Agaricales;f__Tricholomataceae;g__Collybia	match	5	0.367924528302	0.0778443113772	0.128500823723
F1-REF	5	2	vsearch	10:0.51:0.8	k__Fungi;p__Basidiomycota;c__Agaricomycetes;o__Agaricales	k__Fungi;p__Basidiomycota;c__Agaricomycetes;o__Agaricales;f__Tricholomataceae;g__Fayodia	underclassification	4	0.367924528302	0.0778443113772	0.128500823723
F1-REF	5	2	vsearch	10:0.51:0.8	k__Fungi;p__Basidiomycota;c__Agaricomycetes;o__Agaricales	k__Fungi;p__Basidiomycota;c__Agaricomycetes;o__Agaricales;f__Tricholomataceae;g__Ripartites	underclassification	4	0.367924528302	0.0778443113772	0.128500823723
F1-REF	5	2	vsearch	10:0.51:0.8	k__Fungi;p__Basidiomycota;c__Agaricomycetes;o__Agaricales	k__Fungi;p__Basidiomycota;c__Basidiomycota_cls_Incertae_sedis;o__Basidiomycota_ord_Incertae_sedis;f__Basidiomycota_fam_Incertae_sedis;g__Cleistocybe	misclassification	2	0.367924528302	0.0778443113772	0.128500823723
F1-REF	5	2	vsearch	10:0.51:0.8	k__Fungi;p__Ascomycota;c__Sordariomycetes	k__Fungi;p__Ascomycota;c__Sordariomycetes;o__Xylariales;f__Xylariaceae;g__Hypocopra	underclassification	3	0.367924528302	0.0778443113772	0.128500823723
F1-REF	5	2	vsearch	10:0.51:0.8	k__Fungi;p__Basidiomycota;c__Agaricomycetes;o__Agaricales	k__Fungi;p__Basidiomycota;c__Agaricomycetes;o__Agaricales;f__Strophariaceae;g__Naucoria	underclassification	4	0.367924528302	0.0778443113772	0.128500823723
F1-REF	5	2	vsearch	10:0.51:0.8	k__Fungi;p__Ascomycota	k__Fungi;p__Ascomycota;c__Eurotiomycetes;o__Chaetothyriales;f__Chaetothyriales_fam_Incertae_sedis;g__Staninwardia	underclassification	2	0.367924528302	0.0778443113772	0.128500823723
F1-REF	5	2	vsearch	10:0.51:0.8	k__Fungi;p__Ascomycota	k__Fungi;p__Ascomycota;c__Dothideomycetes;o__Venturiales;f__Venturiaceae;g__Veronaeopsis	underclassification	2	0.367924528302	0.0778443113772	0.128500823723
F1-REF	5	2	vsearch	10:0.51:0.8	k__Fungi;p__Basidiomycota	k__Fungi;p__Basidiomycota;c__Tremellomycetes;o__Tremellales;f__Tremellales_fam_Incertae_sedis;g__Hannaella	underclassification	2	0.367924528302	0.0778443113772	0.128500823723
F1-REF	5	2	vsearch	10:0.51:0.8	k__Fungi;p__Basidiomycota;c__Agaricomycetes;o__Agaricales	k__Fungi;p__Basidiomycota;c__Agaricomycetes;o__Agaricales;f__Hygrophoraceae;g__Chrysomphalina	underclassification	4	0.367924528302	0.0778443113772	0.128500823723
F1-REF	5	2	vsearch	10:0.51:0.8	k__Fungi;p__Basidiomycota;c__Agaricomycetes;o__Agaricales	k__Fungi;p__Basidiomycota;c__Agaricomycetes;o__Agaricales;f__Cortinariaceae;g__Descolea	underclassification	4	0.367924528302	0.0778443113772	0.128500823723
F1-REF	5	2	vsearch	10:0.51:0.8	k__Fungi	k__Fungi;p__Basidiomycota;c__Agaricomycetes;o__Polyporales;f__Fomitopsidaceae;g__Anomoloma	underclassification	1	0.367924528302	0.0778443113772	0.128500823723
F1-REF	5	2	vsearch	10:0.51:0.8	k__Fungi;p__Basidiomycota;c__Agaricomycetes	k__Fungi;p__Basidiomycota;c__Agaricomycetes;o__Russulales;f__Bondarzewiaceae;g__Bondarzewia	underclassification	3	0.367924528302	0.0778443113772	0.128500823723
F1-REF	5	2	vsearch	10:0.51:0.8	Unassigned	k__Fungi;p__Ascomycota;c__Sordariomycetes;o__Ophiostomatales;f__Ophiostomataceae;g__Raffaelea	underclassification	0	0.367924528302	0.0778443113772	0.128500823723
F1-REF	5	2	vsearch	10:0.51:0.8	k__Fungi;p__Basidiomycota	k__Fungi;p__Basidiomycota;c__Pucciniomycetes;o__Pucciniales;f__Pileolariaceae;g__Pileolaria	underclassification	2	0.367924528302	0.0778443113772	0.128500823723
F1-REF	5	2	vsearch	10:0.51:0.8	k__Fungi;p__Ascomycota;c__Eurotiomycetes;o__Eurotiales;f__Trichocomaceae;g__Penicillium	k__Fungi;p__Ascomycota;c__Eurotiomycetes;o__Eurotiales;f__Trichocomaceae;g__Penicilliopsis	overclassification	5	0.367924528302	0.0778443113772	0.128500823723
F1-REF	5	2	vsearch	10:0.51:0.8	k__Fungi;p__Basidiomycota;c__Agaricomycetes	k__Fungi;p__Basidiomycota;c__Agaricomycetes;o__Agaricales;f__Marasmiaceae;g__Hydropus	underclassification	3	0.367924528302	0.0778443113772	0.128500823723
F1-REF	5	2	vsearch	10:0.51:0.8	k__Fungi;p__Basidiomycota;c__Agaricomycetes;o__Agaricales;f__Hydnangiaceae;g__Laccaria	k__Fungi;p__Basidiomycota;c__Agaricomycetes;o__Agaricales;f__Hydnangiaceae;g__Hydnangium	overclassification	5	0.367924528302	0.0778443113772	0.128500823723
F1-REF	5	2	vsearch	10:0.51:0.8	k__Fungi;p__Basidiomycota;c__Agaricomycetes	k__Fungi;p__Zygomycota;c__Mucoromycotina_cls_Incertae_sedis;o__Mucorales;f__Cunninghamellaceae;g__Gongronella	misclassification	1	0.367924528302	0.0778443113772	0.128500823723
F1-REF	5	2	vsearch	10:0.51:0.8	Unassigned	k__Fungi;p__Basidiomycota;c__Agaricomycetes;o__Boletales;f__Boletaceae;g__Buchwaldoboletus	underclassification	0	0.367924528302	0.0778443113772	0.128500823723
F1-REF	5	2	vsearch	10:0.51:0.8	Unassigned	k__Fungi;p__Basidiomycota;c__Agaricomycetes;o__Agaricales;f__Hygrophoraceae;g__Neohygrophorus	underclassification	0	0.367924528302	0.0778443113772	0.128500823723
F1-REF	5	2	vsearch	10:0.51:0.8	k__Fungi;p__Basidiomycota;c__Agaricomycetes	k__Fungi;p__Basidiomycota;c__Agaricomycetes;o__Russulales;f__Albatrellaceae;g__Scutiger	underclassification	3	0.367924528302	0.0778443113772	0.128500823723
F1-REF	5	2	vsearch	10:0.51:0.8	k__Fungi;p__Basidiomycota	k__Fungi;p__Zygomycota;c__Mucoromycotina_cls_Incertae_sedis;o__Mucorales;f__Pilobolaceae;g__Utharomyces	misclassification	1	0.367924528302	0.0778443113772	0.128500823723
F1-REF	5	2	vsearch	10:0.51:0.8	k__Fungi;p__Basidiomycota;c__Agaricomycetes;o__Agaricales;f__Psathyrellaceae;g__Homophron	k__Fungi;p__Basidiomycota;c__Agaricomycetes;o__Agaricales;f__Psathyrellaceae;g__Lacrymaria	overclassification	5	0.367924528302	0.0778443113772	0.128500823723
F1-REF	5	2	vsearch	10:0.51:0.8	k__Fungi;p__Basidiomycota;c__Agaricomycetes	k__Fungi;p__Basidiomycota;c__Agaricomycetes;o__Boletales;f__Paxillaceae;g__Alpova	underclassification	3	0.367924528302	0.0778443113772	0.128500823723
F1-REF	5	2	vsearch	10:0.51:0.8	k__Fungi;p__Ascomycota;c__Sordariomycetes	k__Fungi;p__Ascomycota;c__Sordariomycetes;o__Sordariomycetidae_ord_Incertae_sedis;f__Sordariomycetidae_fam_Incertae_sedis;g__Savoryella	underclassification	3	0.367924528302	0.0778443113772	0.128500823723
F1-REF	5	2	vsearch	10:0.51:0.8	Unassigned	k__Fungi;p__Ascomycota;c__Pezizomycetes;o__Pezizales;f__Pezizaceae;g__Mycoclelandia	underclassification	0	0.367924528302	0.0778443113772	0.128500823723
F1-REF	5	2	vsearch	10:0.51:0.8	k__Fungi;p__Basidiomycota;c__Agaricomycetes;o__Hymenochaetales;f__Schizoporaceae;g__Hyphodontia	k__Fungi;p__Basidiomycota;c__Agaricomycetes;o__Hymenochaetales;f__Schizoporaceae;g__Schizopora	overclassification	5	0.367924528302	0.0778443113772	0.128500823723
F1-REF	5	2	vsearch	10:0.51:0.8	k__Fungi;p__Ascomycota	k__Fungi;p__Ascomycota;c__Lecanoromycetes;o__Teloschistales;f__Caliciaceae;g__Diploicia	underclassification	2	0.367924528302	0.0778443113772	0.128500823723
F1-REF	5	2	vsearch	10:0.51:0.8	k__Fungi;p__Basidiomycota;c__Agaricomycetes;o__Agaricales;f__Cortinariaceae;g__Cortinarius	k__Fungi;p__Basidiomycota;c__Agaricomycetes;o__Agaricales;f__Cortinariaceae;g__Hemistropharia	overclassification	5	0.367924528302	0.0778443113772	0.128500823723
F1-REF	5	2	vsearch	10:0.51:0.8	k__Fungi;p__Basidiomycota;c__Agaricomycetes	k__Fungi;p__Basidiomycota;c__Agaricomycetes;o__Agaricales;f__Omphalotaceae;g__Neonothopanus	underclassification	3	0.367924528302	0.0778443113772	0.128500823723
F1-REF	5	2	vsearch	10:0.51:0.8	k__Fungi;p__Basidiomycota;c__Agaricomycetes	k__Fungi;p__Basidiomycota;c__Agaricomycetes;o__Agaricales;f__Tricholomataceae;g__Macrocybe	underclassification	3	0.367924528302	0.0778443113772	0.128500823723
F1-REF	5	2	vsearch	10:0.51:0.8	Unassigned	k__Fungi;p__Basidiomycota;c__Agaricomycetes;o__Agaricales;f__Physalacriaceae;g__Cylindrobasidium	underclassification	0	0.367924528302	0.0778443113772	0.128500823723
F1-REF	5	2	vsearch	10:0.51:0.8	k__Fungi;p__Ascomycota;c__Leotiomycetes;o__Helotiales	k__Fungi;p__Ascomycota;c__Leotiomycetes;o__Helotiales;f__Helotiales_fam_Incertae_sedis;g__Xenopolyscytalum	underclassification	4	0.367924528302	0.0778443113772	0.128500823723
F1-REF	5	2	vsearch	10:0.51:0.8	Unassigned	k__Fungi;p__Basidiomycota;c__Agaricomycetes;o__Agaricales;f__Tricholomataceae;g__Pseudoomphalina	underclassification	0	0.367924528302	0.0778443113772	0.128500823723
F1-REF	5	2	vsearch	10:0.51:0.8	k__Fungi;p__Basidiomycota;c__Agaricomycetes	k__Fungi;p__Basidiomycota;c__Agaricomycetes;o__Atheliales;f__Atheliaceae;g__Fibulorhizoctonia	underclassification	3	0.367924528302	0.0778443113772	0.128500823723
F1-REF	5	2	vsearch	10:0.51:0.8	k__Fungi;p__Ascomycota	k__Fungi;p__Ascomycota;c__Lecanoromycetes;o__Acarosporales;f__Acarosporaceae;g__Polysporina	underclassification	2	0.367924528302	0.0778443113772	0.128500823723
F1-REF	5	2	vsearch	10:0.51:0.8	k__Fungi;p__Ascomycota	k__Fungi;p__Ascomycota;c__Lecanoromycetes;o__Lecanorales;f__Parmeliaceae;g__Hypotrachyna	underclassification	2	0.367924528302	0.0778443113772	0.128500823723
F1-REF	5	2	vsearch	10:0.51:0.8	k__Fungi;p__Ascomycota	k__Fungi;p__Basidiomycota;c__Agaricomycetes;o__Polyporales;f__Phanerochaetaceae;g__Terana	misclassification	1	0.367924528302	0.0778443113772	0.128500823723
F1-REF	5	2	vsearch	10:0.51:0.8	k__Fungi;p__Ascomycota	k__Fungi;p__Ascomycota;c__Pezizomycotina_cls_Incertae_sedis;o__Pezizomycotina_ord_Incertae_sedis;f__Pezizomycotina_fam_Incertae_sedis;g__Desertella	underclassification	2	0.367924528302	0.0778443113772	0.128500823723
F1-REF	5	2	vsearch	10:0.51:0.8	k__Fungi;p__Ascomycota;c__Leotiomycetes;o__Helotiales	k__Fungi;p__Ascomycota;c__Leotiomycetes;o__Helotiales;f__Helotiales_fam_Incertae_sedis;g__Chlorencoelia	underclassification	4	0.367924528302	0.0778443113772	0.128500823723
F1-REF	5	2	vsearch	10:0.51:0.8	k__Fungi;p__Basidiomycota;c__Agaricomycetes;o__Polyporales;f__Fomitopsidaceae;g__Fomitopsis	k__Fungi;p__Basidiomycota;c__Agaricomycetes;o__Polyporales;f__Polyporaceae;g__Melanoporia	misclassification	4	0.367924528302	0.0778443113772	0.128500823723
F1-REF	5	2	vsearch	10:0.51:0.8	Unassigned	k__Fungi;p__Ascomycota;c__Lecanoromycetes;o__Teloschistales;f__Caliciaceae;g__Pyxine	underclassification	0	0.367924528302	0.0778443113772	0.128500823723
F1-REF	5	2	vsearch	10:0.51:0.8	k__Fungi;p__Basidiomycota	k__Fungi;p__Basidiomycota;c__Dacrymycetes;o__Dacrymycetales;f__Dacrymycetaceae;g__Calocera	underclassification	2	0.367924528302	0.0778443113772	0.128500823723
F1-REF	5	2	vsearch	10:0.51:0.8	k__Fungi;p__Ascomycota;c__Sordariomycetes	k__Fungi;p__Ascomycota;c__Dothideomycetes;o__Hysteriales;f__Hysteriaceae;g__Hysteropatella	misclassification	2	0.367924528302	0.0778443113772	0.128500823723
F1-REF	5	2	vsearch	10:0.51:0.8	k__Fungi	k__Fungi;p__Glomeromycota;c__Glomeromycetes;o__Glomerales;f__Glomeraceae;g__Dominikia	underclassification	1	0.367924528302	0.0778443113772	0.128500823723
F1-REF	5	2	vsearch	10:0.51:0.8	k__Fungi;p__Ascomycota;c__Sordariomycetes	k__Fungi;p__Ascomycota;c__Sordariomycetes;o__Hypocreales;f__Nectriaceae;g__Cylindrodendrum	underclassification	3	0.367924528302	0.0778443113772	0.128500823723
F1-REF	5	2	vsearch	10:0.51:0.8	k__Fungi;p__Ascomycota	k__Fungi;p__Ascomycota;c__Leotiomycetes;o__Helotiales;f__Helotiales_fam_Incertae_sedis;g__Dactylaria	underclassification	2	0.367924528302	0.0778443113772	0.128500823723
F1-REF	5	2	vsearch	10:0.51:0.8	k__Fungi;p__Ascomycota	k__Fungi;p__Ascomycota;c__Lecanoromycetes;o__Lecanorales;f__Parmeliaceae;g__Protoparmelia	underclassification	2	0.367924528302	0.0778443113772	0.128500823723
F1-REF	5	2	vsearch	10:0.51:0.8	k__Fungi;p__Basidiomycota;c__Agaricomycetes;o__Agaricales	k__Fungi;p__Basidiomycota;c__Agaricomycetes;o__Agaricales;f__Entolomataceae;g__Richoniella	underclassification	4	0.367924528302	0.0778443113772	0.128500823723
F1-REF	5	2	vsearch	10:0.51:0.8	Unassigned	k__Fungi;p__Ascomycota;c__Eurotiomycetes;o__Coryneliales;f__Coryneliaceae;g__Tripospora	underclassification	0	0.367924528302	0.0778443113772	0.128500823723
F1-REF	5	2	vsearch	10:0.51:0.8	k__Fungi;p__Ascomycota	k__Fungi;p__Basidiomycota;c__Agaricomycetes;o__Cantharellales;f__Clavulinaceae;g__Multiclavula	misclassification	1	0.367924528302	0.0778443113772	0.128500823723
F1-REF	5	2	vsearch	10:0.51:0.8	Unassigned	k__Fungi;p__Basidiomycota;c__Agaricomycetes;o__Agaricales;f__Tricholomataceae;g__Albomagister	underclassification	0	0.367924528302	0.0778443113772	0.128500823723
F1-REF	5	2	vsearch	10:0.51:0.8	k__Fungi	k__Fungi;p__Basidiomycota;c__Agaricomycetes;o__Agaricales;f__Physalacriaceae;g__Cyptotrama	underclassification	1	0.367924528302	0.0778443113772	0.128500823723
F1-REF	5	2	vsearch	10:0.51:0.8	k__Fungi;p__Ascomycota;c__Eurotiomycetes;o__Verrucariales;f__Verrucariaceae	k__Fungi;p__Ascomycota;c__Eurotiomycetes;o__Verrucariales;f__Verrucariaceae;g__Bagliettoa	match	5	0.367924528302	0.0778443113772	0.128500823723
F1-REF	5	2	vsearch	10:0.51:0.8	k__Fungi;p__Basidiomycota;c__Agaricomycetes	k__Fungi;p__Basidiomycota;c__Agaricomycetes;o__Agaricales;f__Tricholomataceae;g__Infundibulicybe	underclassification	3	0.367924528302	0.0778443113772	0.128500823723
F1-REF	5	2	vsearch	10:0.51:0.8	k__Fungi;p__Ascomycota;c__Lecanoromycetes;o__Agyriales;f__Agyriaceae;g__Ptychographa;s__Ptychographa_xylographoides	k__Fungi;p__Ascomycota;c__Lecanoromycetes;o__Agyriales;f__Agyriaceae;g__Xylographa	overclassification	5	0.367924528302	0.0778443113772	0.128500823723
F1-REF	5	2	vsearch	10:0.51:0.8	k__Fungi;p__Ascomycota	k__Fungi;p__Ascomycota;c__Lecanoromycetes;o__Agyriales;f__Trapeliaceae;g__Lambiella	underclassification	2	0.367924528302	0.0778443113772	0.128500823723
F1-REF	5	2	vsearch	10:0.51:0.8	k__Fungi;p__Ascomycota	k__Fungi;p__Ascomycota;c__Lecanoromycetes;o__Lecideales;f__Porpidiaceae;g__Immersaria	underclassification	2	0.367924528302	0.0778443113772	0.128500823723
F1-REF	5	2	vsearch	10:0.51:0.8	Unassigned	k__Fungi;p__Ascomycota;c__Dothideomycetes;o__Pleosporales;f__Lophiostomataceae;g__Paucispora	underclassification	0	0.367924528302	0.0778443113772	0.128500823723
F1-REF	5	2	vsearch	10:0.51:0.8	Unassigned	k__Fungi;p__Basidiomycota;c__Agaricomycetes;o__Polyporales;f__Polyporaceae;g__Flammeopellis	underclassification	0	0.367924528302	0.0778443113772	0.128500823723
F1-REF	5	2	vsearch	10:0.51:0.8	k__Fungi;p__Basidiomycota;c__Agaricomycetes	k__Fungi;p__Basidiomycota;c__Agaricomycetes;o__Atheliales;f__Atheliaceae;g__Leptosporomyces	underclassification	3	0.367924528302	0.0778443113772	0.128500823723
F1-REF	5	2	vsearch	10:0.51:0.8	k__Fungi;p__Ascomycota;c__Lecanoromycetes;o__Lecanorales;f__Parmeliaceae	k__Fungi;p__Ascomycota;c__Lecanoromycetes;o__Lecanorales;f__Parmeliaceae;g__Montanelia	match	5	0.367924528302	0.0778443113772	0.128500823723
F1-REF	5	2	vsearch	10:0.51:0.8	Unassigned	k__Fungi;p__Basidiomycota;c__Agaricomycetes;o__Hymenochaetales;f__Hymenochaetaceae;g__Coltriciella	underclassification	0	0.367924528302	0.0778443113772	0.128500823723
F1-REF	5	2	vsearch	10:0.51:0.8	k__Fungi;p__Ascomycota;c__Leotiomycetes;o__Helotiales	k__Fungi;p__Ascomycota;c__Leotiomycetes;o__Helotiales;f__Sclerotiniaceae;g__Ciboria	underclassification	4	0.367924528302	0.0778443113772	0.128500823723
F1-REF	5	2	vsearch	10:0.51:0.8	k__Fungi;p__Ascomycota	k__Fungi;p__Ascomycota;c__Sordariomycetes;o__Hypocreales;f__Hypocreales_fam_Incertae_sedis;g__Escovopsis	underclassification	2	0.367924528302	0.0778443113772	0.128500823723
F1-REF	5	2	vsearch	10:0.51:0.8	k__Fungi;p__Ascomycota	k__Fungi;p__Ascomycota;c__Lecanoromycetes;o__Lecanorales;f__Parmeliaceae;g__Relicinopsis	underclassification	2	0.367924528302	0.0778443113772	0.128500823723
F1-REF	5	2	vsearch	10:0.51:0.8	k__Fungi;p__Basidiomycota;c__Agaricomycetes	k__Fungi;p__Chytridiomycota;c__Blastocladiomycetes;o__Blastocladiales;f__Blastocladiaceae;g__Allomyces	misclassification	1	0.367924528302	0.0778443113772	0.128500823723
F1-REF	5	2	vsearch	10:0.51:0.8	k__Fungi;p__Basidiomycota;c__Agaricomycetes;o__Agaricales	k__Fungi;p__Ascomycota;c__Lecanoromycetes;o__Teloschistales;f__Teloschistaceae;g__Ovealmbornia	misclassification	1	0.367924528302	0.0778443113772	0.128500823723
F1-REF	5	2	vsearch	10:0.51:0.8	k__Fungi;p__Basidiomycota;c__Agaricomycetes	k__Fungi;p__Basidiomycota;c__Agaricomycetes;o__Russulales;f__Lachnocladiaceae;g__Scytinostroma	underclassification	3	0.367924528302	0.0778443113772	0.128500823723