DQ530224	Root;Ascomycota;Dothideomycetes;Capnodiales;Teratosphaeriaceae;Teratosphaeria;Teratosphaeria_multiseptata
AF289074	Root;Ascomycota;Pezizomycetes;Pezizales;Pyronemataceae;Pulvinula;Pulvinula_constellatio
FJ481038	Root;Basidiomycota;Agaricomycetes;Agaricales;Mycenaceae;Panellus;Panellus_stypticus
AF178417	Root;Ascomycota;Sordariomycetes;Hypocreales;Nectriaceae;Nectria;Nectria_plagianthi
DQ521585	Root;Basidiomycota;Pucciniomycetes;Pucciniales;Pucciniaceae;Uromyces;Uromyces_pisi_sativi
AF180201	Root;Basidiomycota;Pucciniomycetes;Pucciniales;Pucciniaceae;Uromyces;Uromyces_striolatus
AF116177	Root;Ascomycota;Lecanoromycetes;Lecanorales;Parmeliaceae;Nodobryoria;Nodobryoria_abbreviata
AF297745	Root;Ascomycota;Lecanoromycetes;Lecanorales;Parmeliaceae;Lethariella;Lethariella_canariensis
DQ534469	Root;Ascomycota;Lecanoromycetes;Lecanorales;Lecanoraceae;Lecanora;Lecanora_epibryon
DQ525490	Root;Ascomycota;Lecanoromycetes;Acarosporales;Acarosporaceae;Pleopsidium;Pleopsidium_gobiense
DQ525494	Root;Ascomycota;Lecanoromycetes;Acarosporales;Acarosporaceae;Pleopsidium;Pleopsidium_gobiense
DQ525495	Root;Ascomycota;Lecanoromycetes;Acarosporales;Acarosporaceae;Pleopsidium;Pleopsidium_gobiense
DQ525498	Root;Ascomycota;Lecanoromycetes;Acarosporales;Acarosporaceae;Pleopsidium;Pleopsidium_chlorophanum
DQ525499	Root;Ascomycota;Lecanoromycetes;Acarosporales;Acarosporaceae;Pleopsidium;Pleopsidium_chlorophanum
DQ525500	Root;Ascomycota;Lecanoromycetes;Acarosporales;Acarosporaceae;Pleopsidium;Pleopsidium_flavum
DQ525516	Root;Ascomycota;Lecanoromycetes;Acarosporales;Acarosporaceae;Pleopsidium;Pleopsidium_flavum
DQ525514	Root;Ascomycota;Lecanoromycetes;Acarosporales;Acarosporaceae;Pleopsidium;Pleopsidium_flavum
DQ525520	Root;Ascomycota;Lecanoromycetes;Acarosporales;Acarosporaceae;Pleopsidium;Pleopsidium_chlorophanum
DQ365668	Root;Basidiomycota;Agaricomycetes;Atheliales;Atheliaceae;Piloderma;Piloderma_fallax
DQ365667	Root;Basidiomycota;Agaricomycetes;Atheliales;Atheliaceae;Piloderma;Piloderma_fallax
JQ711875	Root;Basidiomycota;Agaricomycetes;Atheliales;Atheliaceae;Piloderma;Piloderma_sphaerosporum
DQ322080	Root;Ascomycota;Sordariomycetes;Xylariales;Xylariaceae;Camillea;Camillea_tinctor
DQ322097	Root;Ascomycota;Sordariomycetes;Xylariales;Xylariaceae;Hypoxylon;Hypoxylon_leptascum_var_macrosporum
DQ322098	Root;Ascomycota;Sordariomycetes;Xylariales;Xylariaceae;Annulohypoxylon;Annulohypoxylon_nitens
DQ322129	Root;Ascomycota;Sordariomycetes;Xylariales;Xylariaceae;Annulohypoxylon;Annulohypoxylon_moriforme
EU525946	Root;Basidiomycota;Agaricomycetes;Agaricales;Cortinariaceae;Cortinarius;Dermocybe_sanguinea
FJ157013	Root;Basidiomycota;Agaricomycetes;Agaricales;Cortinariaceae;Cortinarius;Cortinarius_semisanguineus
DQ481942	Root;Basidiomycota;Agaricomycetes;Agaricales;Cortinariaceae;Cortinarius;Dermocybe_semisanguinea
DQ481940	Root;Basidiomycota;Agaricomycetes;Agaricales;Cortinariaceae;Cortinarius;Dermocybe_semisanguinea
EU525963	Root;Basidiomycota;Agaricomycetes;Agaricales;Cortinariaceae;Cortinarius;Cortinarius_cinnamomeus
AF205647	Root;Basidiomycota;Agaricomycetes;Boletales;Gomphidiaceae;Gomphidius;Gomphidius_glutinosus
AY077474	Root;Basidiomycota;Agaricomycetes;Boletales;Gomphidiaceae;Gomphidius;Gomphidius_nigricans
AH009861	Root;Basidiomycota;Agaricomycetes;Boletales;Gomphidiaceae;Chroogomphus;Chroogomphus_asiaticus
AF395684	Root;Ascomycota;Sordariomycetes;Microascales;Ceratocystidaceae;Ceratocystis;Ceratocystis_fimbriata
DQ517408	Root;Basidiomycota;Agaricomycetes;Agaricales;Cortinariaceae;Cortinarius;Cortinarius_calochrous
AB260936	Root;Basidiomycota;Tremellomycetes;Filobasidiales;Filobasidiaceae;Cryptococcus;Cryptococcus_arboriformis
FJ948133	Root;Ascomycota;Sordariomycetes;Hypocreales;Nectriaceae;Haematonectria;Fusarium_solani
FJ167356	Root;Basidiomycota;Ustilaginomycetes;Ustilaginales;Ustilaginaceae;Ustilago;Ustilago_maydis
DQ534567	Root;Basidiomycota;Agaricomycetes;Boletales;Boletaceae;Boletus;Boletus_satanas
FJ596906	Root;Basidiomycota;Agaricomycetes;Boletales;Boletaceae;Boletus;Boletus_chrysenteron
DQ641634	Root;Ascomycota;Sordariomycetes;Xylariales;Xylariaceae;Nemania;Nemania_plumbea
DQ520639	Root;Ascomycota;Sordariomycetes;Microascales;Ceratocystidaceae;Ceratocystis;Ceratocystis_virescens
AF514292	Root;Ascomycota;Saccharomycetes;Saccharomycetales;Metschnikowiaceae;Metschnikowia;Metschnikowia_santaceciliae
AJ972459	Root;Glomeromycota;Glomeromycetes;Glomerales;Glomeraceae;Glomus;Glomus_diaphanum
DQ652233	Root;Basidiomycota;Agaricomycetes;Agaricales;Cortinariaceae;Cortinarius;Cortinarius_lustrabilis
AJ716305	Root;Ascomycota;Leotiomycetes;Helotiales;Sclerotiniaceae;Sclerotinia;Sclerotinia_spermophila
DQ658238	Root;Ascomycota;Sordariomycetes;Xylariales;Xylariaceae;Nemania;Nemania_diffusa
U19954	Root;Basidiomycota;Agaricomycetes;Cantharellales;Ceratobasidiaceae;Thanatephorus;Thanatephorus_cucumeris
DQ661031	Root;Basidiomycota;Tremellomycetes;Cystofilobasidiales;Cystofilobasidiaceae;Xanthophyllomyces;Xanthophyllomyces_dendrorhous
AJ421007	Root;Basidiomycota;Agaricomycetes;Polyporales;Polyporaceae;Fibroporia;Antrodia_vaillantii
DQ104734	Root;Ascomycota;Saccharomycetes;Saccharomycetales;Pichiaceae;Pichia;Pichia_fluxuum
AY035657	Root;Glomeromycota;Glomeromycetes;Glomerales;Glomeraceae;Glomus;Glomus_claroideum
EF192226	Root;Ascomycota;Saccharomycetes;Saccharomycetales;Saccharomycetaceae;Debaryomyces;Debaryomyces_hansenii
GQ254804	Root;Ascomycota;Saccharomycetes;Saccharomycetales;Pichiaceae;Pichia;Pichia_kudriavzevii
DQ667978	Root;Ascomycota;Saccharomycetes;Saccharomycetales;Saccharomycetaceae;Debaryomyces;Debaryomyces_hansenii
DQ683018	Root;Ascomycota;Saccharomycetes;Saccharomycetales;Pichiaceae;Pichia;Pichia_guilliermondii
DQ831010	Root;Basidiomycota;Mixiomycetes;Mixiales;Mixiaceae;Mixia;Mixia_osmundae
DQ681328	Root;Ascomycota;Eurotiomycetes;Eurotiales;Trichocomaceae;Penicillium;Penicillium_purpurogenum
DQ681329	Root;Ascomycota;Eurotiomycetes;Eurotiales;Trichocomaceae;Penicillium;Penicillium_chrysogenum
DQ681335	Root;Ascomycota;Eurotiomycetes;Eurotiales;Trichocomaceae;Penicillium;Penicillium_oxalicum
DQ681337	Root;Ascomycota;Eurotiomycetes;Eurotiales;Trichocomaceae;Penicillium;Penicillium_pulvillorum
FJ478136	Root;Ascomycota;Sordariomycetes;Hypocreales;Nectriaceae;Fusarium;Fusarium_oxysporum
EU041821	Root;Ascomycota;Dothideomycetes;Capnodiales;Mycosphaerellaceae;Zasmidium;Zasmidium_cellare
DQ631933	Root;Ascomycota;Sordariomycetes;Xylariales;Xylariaceae;Biscogniauxia;Biscogniauxia_capnodes
DQ631941	Root;Ascomycota;Sordariomycetes;Xylariales;Xylariaceae;Nemania;Nemania_maritima
DQ631942	Root;Ascomycota;Sordariomycetes;Xylariales;Xylariaceae;Nemania;Nemania_serpens
DQ631943	Root;Ascomycota;Sordariomycetes;Xylariales;Xylariaceae;Rostrohypoxylon;Rostrohypoxylon_terebratum
DQ784689	Root;Ascomycota;Dothideomycetes;Capnodiales;Mycosphaerellaceae;Mycosphaerella;Mycosphaerella_tasmaniensis
DQ827707	Root;Basidiomycota;Exobasidiomycetes;Tilletiales;Tilletiaceae;Tilletia;Tilletia_horrida
DQ836182	Root;Ascomycota;Eurotiomycetes;Eurotiales;Trichocomaceae;Paecilomyces;Paecilomyces_verticillatus
AF166504	Root;Basidiomycota;Agaricomycetes;Boletales;Suillaceae;Suillus;Suillus_asiaticus
AF166508	Root;Basidiomycota;Agaricomycetes;Boletales;Suillaceae;Suillus;Suillus_decipiens
DQ780456	Root;Ascomycota;Dothideomycetes;Capnodiales;Mycosphaerellaceae;Guignardia;Guignardia_mangiferae
DQ822793	Root;Basidiomycota;Agaricomycetes;Boletales;Boletaceae;Boletus;Xerocomus_chrysenteron
FJ845440	Root;Basidiomycota;Agaricomycetes;Boletales;Suillaceae;Suillus;Suillus_brevipes
AB036894	Root;Basidiomycota;Agaricomycetes;Agaricales;Tricholomataceae;Tricholoma;Tricholoma_ustale
DQ846890	Root;Basidiomycota;Ustilaginomycetes;Ustilaginales;Cintractiaceae;Ustanciosporium;Ustanciosporium_standleyanum
U34582	Root;Ascomycota;Sordariomycetes;Hypocreales;Nectriaceae;Fusarium;Fusarium_beomiforme
DQ826538	Root;Basidiomycota;Agaricomycetes;Polyporales;Meruliaceae;Resinicium;Resinicium_confertum
DQ836786	Root;Ascomycota;Dothideomycetes;Pleosporales;Leptosphaeriaceae;Leptosphaeria;Leptosphaeria_senegalensis
DQ836790	Root;Ascomycota;Dothideomycetes;Pleosporales;Leptosphaeriaceae;Leptosphaeria;Leptosphaeria_tompkinsii
DQ832329	Root;Ascomycota;Lichinomycetes;Lichinales;Peltulaceae;Peltula;Peltula_auriculata
DQ832333	Root;Ascomycota;Lichinomycetes;Lichinales;Peltulaceae;Peltula;Peltula_umbilicata
GQ169763	Root;Ascomycota;Dothideomycetes;Capnodiales;Mycosphaerellaceae;Mycosphaerella;Mycosphaerella_fijiensis
AB015696	Root;Basidiomycota;Agaricomycetes;Agaricales;Amanitaceae;Amanita;Amanita_flavipes
DQ872858	Root;Ascomycota;Saccharomycetes;Saccharomycetales;Saccharomycetaceae;Zygosaccharomyces;Zygosaccharomyces_bailii
DQ789093	Root;Ascomycota;Lecanoromycetes;Teloschistales;Caliciaceae;Calicium;Calicium_lenticulare
EU427035	Root;Basidiomycota;Agaricomycetes;Polyporales;Fomitopsidaceae;Sporotrichum;Sporotrichum_columbiense
FJ462759	Root;Ascomycota;Sordariomycetes;Diaporthales;Valsaceae;Phomopsis;Phomopsis_longicolla
DQ849302	Root;Ascomycota;Lecanoromycetes;Teloschistales;Physciaceae;Rinodina;Rinodina_insularis
DQ849304	Root;Ascomycota;Lecanoromycetes;Teloschistales;Physciaceae;Rinodina;Rinodina_luridata
DQ849314	Root;Ascomycota;Lecanoromycetes;Teloschistales;Physciaceae;Rinodina;Rinodina_peloleuca
DQ849319	Root;Ascomycota;Lecanoromycetes;Teloschistales;Physciaceae;Buellia;Buellia_decedens
U35307	Root;Ascomycota;Sordariomycetes;Hypocreales;Ophiocordycipitaceae;Tolypocladium;Tolypocladium_geodes
U35308	Root;Ascomycota;Sordariomycetes;Hypocreales;Ophiocordycipitaceae;Tolypocladium;Tolypocladium_inflatum
U35305	Root;Ascomycota;Sordariomycetes;Hypocreales;Ophiocordycipitaceae;Tolypocladium;Tolypocladium_parasiticum
U35304	Root;Ascomycota;Sordariomycetes;Hypocreales;Ophiocordycipitaceae;Tolypocladium;Tolypocladium_nubicola
U35285	Root;Ascomycota;Sordariomycetes;Hypocreales;Ophiocordycipitaceae;Tolypocladium;Tolypocladium_cylindrosporum
FJ010336	Root;Ascomycota;Dothideomycetes;Myriangiales;Elsinoaceae;Elsinoe;Elsinoe_australis
FJ010360	Root;Ascomycota;Dothideomycetes;Myriangiales;Elsinoaceae;Elsinoe;Elsinoe_fawcettii
DQ887774	Root;Ascomycota;Dothideomycetes;Pleosporales;Venturiaceae;Venturia;Venturia_inaequalis
AF243392	Root;Ascomycota;Dothideomycetes;Capnodiales;Mycosphaerellaceae;Mycosphaerella;Mycosphaerella_populorum
AF243398	Root;Ascomycota;Dothideomycetes;Botryosphaeriales;Botryosphaeriaceae;Sphaeropsis;Sphaeropsis_ulmicola
DQ911605	Root;Basidiomycota;Agaricomycetes;Russulales;Albatrellaceae;Jahnoporus;Jahnoporus_hirtus
AB246766	Root;Ascomycota;Leotiomycetes;Erysiphales;Erysiphaceae;Golovinomyces;Golovinomyces_leuceriae
DQ870206	Root;Basidiomycota;Tremellomycetes;Cystofilobasidiales;Cystofilobasidiaceae;Xanthophyllomyces;Xanthophyllomyces_dendrorhous
AM397678	Root;Chytridiomycota;Chytridiomycetes;Olpidiaceae;Olpidium;Olpidium_brassicae;Olpidium_brassicae
DQ917653	Root;Basidiomycota;Agaricomycetes;Agaricales;Lyophyllaceae;Hypsizygus;Hypsizygus_tessulatus
DQ875342	Root;Basidiomycota;Ustilaginomycetes;Ustilaginales;Cintractiaceae;Cintractia;Cintractia_amazonica
DQ875343	Root;Basidiomycota;Ustilaginomycetes;Ustilaginales;Anthracoideaceae;Dermatosorus;Dermatosorus_cyperi
DQ875344	Root;Basidiomycota;Ustilaginomycetes;Urocystidales;Doassansiopsidaceae;Doassansiopsis;Doassansiopsis_limnocharidis
DQ875346	Root;Basidiomycota;Ustilaginomycetes;Ustilaginales;Anthracoideaceae;Leucocintractia;Leucocintractia_leucodermoides
DQ875353	Root;Basidiomycota;Ustilaginomycetes;Ustilaginales;Ustilaginaceae;Stegocintractia;Stegocintractia_luzulae
DQ875354	Root;Basidiomycota;Ustilaginomycetes;Ustilaginales;Anthracoideaceae;Trichocintractia;Trichocintractia_utriculicola
DQ875355	Root;Basidiomycota;Ustilaginomycetes;Urocystidales;Urocystidaceae;Urocystis;Urocystis_colchici
DQ875356	Root;Basidiomycota;Ustilaginomycetes;Urocystidales;Urocystidaceae;Ustacystis;Ustacystis_waldsteiniae
DQ974688	Root;Basidiomycota;Agaricomycetes;Cantharellales;Cantharellaceae;Cantharellus;Cantharellus_californicus
GU220372	Root;Basidiomycota;Agaricomycetes;Agaricales;Amanitaceae;Amanita;Amanita_vaginata
DQ974701	Root;Basidiomycota;Agaricomycetes;Agaricales;Tricholomataceae;Tricholoma;Tricholoma_saponaceum
DQ974702	Root;Basidiomycota;Agaricomycetes;Agaricales;Tricholomataceae;Tricholoma;Tricholoma_ustale
DQ872370	Root;Ascomycota;Sordariomycetes;Hypocreales;Cordycipitaceae;Engyodontium;Engyodontium_album
DQ867113	Root;Basidiomycota;Agaricomycetes;Boletales;Boletaceae;Bothia;Bothia_castanella
DQ988249	Root;Basidiomycota;Agaricomycetes;Boletales;Suillaceae;Suillus;Suillus_tomentosus
AY139789	Root;Ascomycota;Saccharomycetes;Saccharomycetales;Pichiaceae;Pichia;Pichia_norvegensis
GQ241289	Root;Ascomycota;Sordariomycetes;Diaporthales;Togniniaceae;Phaeoacremonium;Phaeoacremonium_rubrigenum
DQ923530	Root;Ascomycota;Dothideomycetes;Myriangiales;Elsinoaceae;Elsinoe;Elsinoe_eucalyptorum
DQ985380	Root;Ascomycota;Sordariomycetes;Xylariales;Xylariaceae;Hypoxylon;Hypoxylon_diatrypeoides
AB257586	Root;Basidiomycota;Agaricomycetes;Agaricales;Strophariaceae;Psilocybe;Psilocybe_samuiensis
AF272836	Root;Microsporidia;Microsporea;Microsporida;Encephalitozoonidae;Encephalitozoon;Encephalitozoon_hellem
EF010914	Root;Ascomycota;Leotiomycetes;Erysiphales;Erysiphaceae;Golovinomyces;Golovinomyces_cichoracearum
DQ873595	Root;Basidiomycota;Agaricomycetes;Agaricales;Cyphellaceae;Globulicium;Globulicium_hiemale
DQ873601	Root;Basidiomycota;Agaricomycetes;Hymenochaetales;Schizoporaceae;Hyphodontia;Hyphodontia_abieticola
DQ873605	Root;Basidiomycota;Agaricomycetes;Hymenochaetales;Schizoporaceae;Hyphodontia;Hyphodontia_arguta
DQ873606	Root;Basidiomycota;Agaricomycetes;Hymenochaetales;Schizoporaceae;Hyphodontia;Hyphodontia_aspera
DQ873609	Root;Basidiomycota;Agaricomycetes;Hymenochaetales;Schizoporaceae;Hyphodontia;Hyphodontia_barba_jovis
DQ873647	Root;Basidiomycota;Agaricomycetes;Polyporales;Sistotremataceae;Repetobasidium;Repetobasidium_conicum
DQ873651	Root;Basidiomycota;Agaricomycetes;Hymenochaetales;Schizoporaceae;Rogersella;Rogersella_griseliniae
DQ873655	Root;Basidiomycota;Agaricomycetes;Polyporales;Tubulicrinaceae;Tubulicrinis;Tubulicrinis_globisporus
DQ873657	Root;Basidiomycota;Agaricomycetes;Polyporales;Tubulicrinaceae;Tubulicrinis;Tubulicrinis_hirtellus
DQ873660	Root;Basidiomycota;Tremellomycetes;Tremellales;Exidiaceae;Protodontia;Protodontia_piceicola
EF017208	Root;Ascomycota;Dothideomycetes;Botryosphaeriales;Botryosphaeriaceae;Macrophomina;Macrophomina_phaseolina
DQ885897	Root;Ascomycota;Dothideomycetes;Botryosphaeriales;Botryosphaeriaceae;Microdiplodia;Microdiplodia_hawaiiensis
DQ885898	Root;Ascomycota;Dothideomycetes;Capnodiales;Teratosphaeriaceae;Teratosphaeria;Teratosphaeria_maxii
EF029224	Root;Ascomycota;Leotiomycetes;Helotiales;Hyaloscyphaceae;Pseudaegerita;Pseudaegerita_corticalis
EF029241	Root;Ascomycota;Sordariomycetes;Chaetosphaeriales;Chaetosphaeriaceae;Dictyochaeta;Dictyochaeta_simplex
GQ388708	Root;Glomeromycota;Glomeromycetes;Glomerales;Glomeraceae;Glomus;Glomus_claroideum
EF989120	Root;Glomeromycota;Glomeromycetes;Glomerales;Glomeraceae;Glomus;Glomus_claroideum
GQ388729	Root;Glomeromycota;Glomeromycetes;Glomerales;Glomeraceae;Glomus;Glomus_versiforme
AM711974	Root;Ascomycota;Dothideomycetes;Patellariales;Patellariaceae;Rhytidhysteron;Rhytidhysteron_rufulum
FJ805250	Root;Basidiomycota;Agaricomycetes;Polyporales;Ganodermataceae;Ganoderma;Ganoderma_resinaceum
EF061129	Root;Ascomycota;Saccharomycetes;Saccharomycetales;Pichiaceae;Pichia;Pichia_membranifaciens
DQ004572	Root;Ascomycota;Lecanoromycetes;Lecanorales;Parmeliaceae;Tuckermannopsis;Tuckermannopsis_orbata
DQ004573	Root;Ascomycota;Lecanoromycetes;Lecanorales;Parmeliaceae;Vulpicida;Vulpicida_viridis
AB259844	Root;Glomeromycota;Glomeromycetes;Archaeosporales;Ambisporaceae;Ambispora;Ambispora_callosa
FJ236031	Root;Basidiomycota;Agaricomycetes;Boletales;Boletaceae;Boletus;Xerocomus_badius
AF085486	Root;Basidiomycota;Agaricomycetes;Agaricales;Amanitaceae;Amanita;Amanita_spissa
DQ983814	Root;Basidiomycota;Tremellomycetes;Tremellales;Exidiaceae;Sebacina;Sebacina_vermifera
DQ983815	Root;Basidiomycota;Tremellomycetes;Tremellales;Exidiaceae;Sebacina;Sebacina_vermifera
DQ983816	Root;Basidiomycota;Tremellomycetes;Tremellales;Exidiaceae;Sebacina;Sebacina_vermifera
EF121328	Root;Ascomycota;Eurotiomycetes;Eurotiales;Trichocomaceae;Aspergillus;Aspergillus_carbonarius
EF121334	Root;Ascomycota;Eurotiomycetes;Eurotiales;Trichocomaceae;Emericella;Emericella_nidulans
EF121336	Root;Ascomycota;Eurotiomycetes;Eurotiales;Trichocomaceae;Aspergillus;Aspergillus_tamarii
AF166523	Root;Basidiomycota;Agaricomycetes;Boletales;Suillaceae;Suillus;Suillus_spraguei
DQ414541	Root;Ascomycota;Saccharomycetes;Saccharomycetales;Pichiaceae;Pichia;Pichia_amylophila
JN182869	Root;Basidiomycota;Agaricomycetes;Boletales;Boletaceae;Tylopilus;Tylopilus_felleus
AY669658	Root;Basidiomycota;Agaricomycetes;Agaricales;Cortinariaceae;Cortinarius;Cortinarius_umbrinolens
L54085	Root;Basidiomycota;Agaricomycetes;Boletales;Suillaceae;Suillus;Suillus_cavipes
EF126366	Root;Basidiomycota;Tremellomycetes;Filobasidiales;Filobasidiaceae;Cryptococcus;Cryptococcus_magnus
EF126367	Root;Ascomycota;Saccharomycetes;Saccharomycetales;Pichiaceae;Pichia;Pichia_kudriavzevii
EF126368	Root;Basidiomycota;Tremellomycetes;Filobasidiales;Filobasidiaceae;Cryptococcus;Cryptococcus_flavescens
AF159932	Root;Ascomycota;Lecanoromycetes;Lecanorales;Lecanoraceae;Lecanora;Lecanora_bipruinosa
AB254189	Root;Ascomycota;Leotiomycetes;Helotiales;Sclerotiniaceae;Mycopappus;Mycopappus_alni
AF250780	Root;Ascomycota;Lecanoromycetes;Teloschistales;Physciaceae;Amandinea;Amandinea_punctata
AF250791	Root;Ascomycota;Lecanoromycetes;Teloschistales;Physciaceae;Buellia;Buellia_schaereri
AF250801	Root;Ascomycota;Lecanoromycetes;Teloschistales;Physciaceae;Phaeorrhiza;Phaeorrhiza_sareptana
EU673370	Root;Ascomycota;Sordariomycetes;Hypocreales;Clavicipitaceae;Cordyceps;Cordyceps_brongniartii
AF309519	Root;Basidiomycota;Agaricomycetes;Agaricales;Tricholomataceae;Tricholoma;Tricholoma_caligatum
AF309535	Root;Basidiomycota;Agaricomycetes;Agaricales;Tricholomataceae;Tricholoma;Tricholoma_focale
AF284388	Root;Ascomycota;Dothideomycetes;Capnodiales;Mycosphaerellaceae;Cercospora;Cercospora_caricis
AJ390400	Root;Ascomycota;Sordariomycetes;Xylariales;Xylariaceae;Hypoxylon;Hypoxylon_fendleri
AJ390408	Root;Ascomycota;Sordariomycetes;Xylariales;Xylariaceae;Hypoxylon;Hypoxylon_rickii
AJ390422	Root;Ascomycota;Sordariomycetes;Xylariales;Xylariaceae;Camillea;Camillea_tinctor
AJ390430	Root;Ascomycota;Sordariomycetes;Xylariales;Xylariaceae;Nemania;Nemania_chestersii
AJ877221	Root;Ascomycota;Eurotiomycetes;Onygenales;Arthrodermataceae;Arthroderma;Arthroderma_tuberculatum
EU181451	Root;Ascomycota;Eurotiomycetes;Onygenales;Arthrodermataceae;Arthroderma;Arthroderma_quadrifidum
EF014264	Root;Basidiomycota;Agaricomycetes;Agaricales;Cortinariaceae;Cortinarius;Cortinarius_olearioides
AJ005367	Root;Ascomycota;Eurotiomycetes;Onygenales;Onygenaceae;Chrysosporium;Chrysosporium_fluviale
AJ005368	Root;Ascomycota;Eurotiomycetes;Onygenales;Onygenaceae;Chrysosporium;Chrysosporium_evolceanui
FJ538352	Root;Ascomycota;Dothideomycetes;Botryosphaeriales;Botryosphaeriaceae;Phyllosticta;Phyllosticta_citribraziliensis
AF312010	Root;Ascomycota;Dothideomycetes;Botryosphaeriales;Botryosphaeriaceae;Phyllosticta;Phyllosticta_pyrolae
AF312013	Root;Ascomycota;Dothideomycetes;Botryosphaeriales;Botryosphaeriaceae;Phyllosticta;Phyllosticta_podocarpi
EF042608	Root;Ascomycota;Sordariomycetes;Microascales;Ceratocystidaceae;Ceratocystis;Ceratocystis_laricicola
EF011655	Root;Ascomycota;Dothideomycetes;Capnodiales;Mycosphaerellaceae;Kirramyces;Kirramyces_lilianiae
EF026118	Root;Ascomycota;Sordariomycetes;Xylariales;Xylariaceae;Rosellinia;Rosellinia_lamprostoma
EF026120	Root;Ascomycota;Sordariomycetes;Xylariales;Xylariaceae;Stilbohypoxylon;Stilbohypoxylon_quisquiliarum
EF026122	Root;Ascomycota;Sordariomycetes;Xylariales;Xylariaceae;Nemania;Nemania_illita
EF026124	Root;Ascomycota;Sordariomycetes;Xylariales;Xylariaceae;Kretzschmaria;Kretzschmaria_megalospora
EF026125	Root;Ascomycota;Sordariomycetes;Xylariales;Xylariaceae;Kretzschmaria;Kretzschmaria_lucidula
EF026126	Root;Ascomycota;Sordariomycetes;Xylariales;Xylariaceae;Kretzschmaria;Kretzschmaria_clavus
FJ416301	Root;Ascomycota;Sordariomycetes;Xylariales;Xylariaceae;Whalleya;Whalleya_microplaca
EF026130	Root;Ascomycota;Sordariomycetes;Xylariales;Xylariaceae;Biscogniauxia;Biscogniauxia_simplicior
EF026131	Root;Ascomycota;Sordariomycetes;Xylariales;Xylariaceae;Biscogniauxia;Biscogniauxia_capnodes
EF026132	Root;Ascomycota;Sordariomycetes;Xylariales;Xylariaceae;Biscogniauxia;Biscogniauxia_anceps
EF026133	Root;Ascomycota;Sordariomycetes;Xylariales;Xylariaceae;Biscogniauxia;Biscogniauxia_cylindrispora
EF026134	Root;Ascomycota;Sordariomycetes;Xylariales;Xylariaceae;Biscogniauxia;Biscogniauxia_mediterranea
EF026135	Root;Ascomycota;Sordariomycetes;Xylariales;Xylariaceae;Biscogniauxia;Biscogniauxia_latirima
EF026137	Root;Ascomycota;Sordariomycetes;Xylariales;Xylariaceae;Annulohypoxylon;Annulohypoxylon
EF026139	Root;Ascomycota;Sordariomycetes;Xylariales;Xylariaceae;Annulohypoxylon;Annulohypoxylon_squamulosum
EF026150	Root;Ascomycota;Sordariomycetes;Xylariales;Xylariaceae;Biscogniauxia;Biscogniauxia_arima
AJ271422	Root;Ascomycota;Eurotiomycetes;Onygenales;Onygenaceae;Auxarthron;Auxarthron_kuehnii
EU497950	Root;Ascomycota;Eurotiomycetes;Eurotiales;Trichocomaceae;Talaromyces;Talaromyces_rotundus
EF191235	Root;Ascomycota;Leotiomycetes;Rhytismatales;Rhytismataceae;Lophodermium;Lophodermium_eucalypti
EF191239	Root;Ascomycota;Leotiomycetes;Rhytismatales;Rhytismataceae;Lophodermium;Lophodermium_gamundiae
EF191243	Root;Ascomycota;Leotiomycetes;Rhytismatales;Rhytismataceae;Coccomyces;Coccomyces_australis
EF203924	Root;Ascomycota;Saccharomycetes;Saccharomycetales;Pichiaceae;Pichia;Pichia_kluyveri
EF203925	Root;Ascomycota;Saccharomycetes;Saccharomycetales;Pichiaceae;Pichia;Pichia_kluyveri
EF203926	Root;Ascomycota;Saccharomycetes;Saccharomycetales;Pichiaceae;Pichia;Pichia_kluyveri
EF203927	Root;Ascomycota;Saccharomycetes;Saccharomycetales;Pichiaceae;Pichia;Pichia_kluyveri
EF203928	Root;Ascomycota;Saccharomycetes;Saccharomycetales;Pichiaceae;Pichia;Pichia_kluyveri
EF203929	Root;Ascomycota;Saccharomycetes;Saccharomycetales;Pichiaceae;Pichia;Pichia_kluyveri
EF203930	Root;Ascomycota;Saccharomycetes;Saccharomycetales;Pichiaceae;Pichia;Pichia_kluyveri
EF203931	Root;Ascomycota;Saccharomycetes;Saccharomycetales;Pichiaceae;Pichia;Pichia_kluyveri
EF203932	Root;Ascomycota;Saccharomycetes;Saccharomycetales;Pichiaceae;Pichia;Pichia_kluyveri
EF203938	Root;Ascomycota;Saccharomycetes;Saccharomycetales;Pichiaceae;Pichia;Pichia_kudriavzevii
EF203939	Root;Ascomycota;Saccharomycetes;Saccharomycetales;Pichiaceae;Pichia;Pichia_kudriavzevii
EF204936	Root;Basidiomycota;Exobasidiomycetes;Tilletiales;Tilletiaceae;Tilletia;Tilletia_buchloeana
EF197803	Root;Basidiomycota;Agaricomycetes;Cantharellales;Ceratobasidiaceae;Thanatephorus;Thanatephorus_cucumeris
AY130309	Root;Ascomycota;Saccharomycetes;Saccharomycetales;Saccharomycetaceae;Saccharomyces;Saccharomyces_cariocanus
EF369523	Root;Ascomycota;Eurotiomycetes;Verrucariales;Verrucariaceae;Verrucaria;Verrucaria_marmorea
EF373565	Root;Ascomycota;Lecanoromycetes;Lecanorales;Parmeliaceae;Kaernefeltia;Kaernefeltia_merrillii
EF373566	Root;Ascomycota;Lecanoromycetes;Lecanorales;Parmeliaceae;Cetraria;Cetraria_australiensis
EF373567	Root;Ascomycota;Lecanoromycetes;Lecanorales;Parmeliaceae;Cetraria;Cetraria_islandica
EF373570	Root;Ascomycota;Lecanoromycetes;Lecanorales;Parmeliaceae;Arctocetraria;Arctocetraria_andrejevii
AJ271578	Root;Ascomycota;Sordariomycetes;Sordariales;Chaetomiaceae;Thielavia;Thielavia_fragilis
AJ271579	Root;Ascomycota;Sordariomycetes;Sordariales;Chaetomiaceae;Thielavia;Thielavia_terricola
AJ271581	Root;Ascomycota;Sordariomycetes;Sordariales;Chaetomiaceae;Thielavia;Thielavia_hyrcaniae
AJ271593	Root;Ascomycota;Sordariomycetes;Sordariales;Chaetomiaceae;Thielavia;Thielavia_ovispora
EU591789	Root;Basidiomycota;Agaricomycetes;Cantharellales;Ceratobasidiaceae;Thanatephorus;Rhizoctonia_solani
EF423543	Root;Ascomycota;Sordariomycetes;Xylariales;Xylariaceae;Rosellinia;Rosellinia_necatrix
EF081003	Root;Ascomycota;Pezizomycetes;Pezizales;Morchellaceae;Morchella;Morchella_crassipes
AB294737	Root;Ascomycota;Sordariomycetes;Ophiostomatales;Ophiostomataceae;Ophiostoma;Ophiostoma_nigrocarpum
AM418545	Root;Glomeromycota;Glomeromycetes;Glomerales;Glomeraceae;Glomus;Glomus_fulvum
AM418547	Root;Glomeromycota;Glomeromycetes;Glomerales;Glomeraceae;Glomus;Glomus_fulvum
AM418549	Root;Glomeromycota;Glomeromycetes;Glomerales;Glomeraceae;Glomus;Glomus_pulvinatum
AM418550	Root;Glomeromycota;Glomeromycetes;Glomerales;Glomeraceae;Glomus;Glomus_pulvinatum
AM418551	Root;Glomeromycota;Glomeromycetes;Glomerales;Glomeraceae;Glomus;Glomus_megalocarpum
AM418552	Root;Glomeromycota;Glomeromycetes;Glomerales;Glomeraceae;Glomus;Glomus_megalocarpum
EF194147	Root;Ascomycota;Sordariomycetes;Hypocreales;Ophiocordycipitaceae;Hirsutella;Hirsutella_thompsonii
EF457901	Root;Basidiomycota;Agaricomycetes;Thelephorales;Bankeraceae;Boletopsis;Boletopsis_grisea
AB252471	Root;Ascomycota;Leotiomycetes;Erysiphales;Erysiphaceae;Erysiphe;Erysiphe_carpini_laxiflorae
AB252472	Root;Ascomycota;Leotiomycetes;Erysiphales;Erysiphaceae;Erysiphe;Erysiphe_carpinicola
AJ292464	Root;Ascomycota;Sordariomycetes;Hypocreales;Cordycipitaceae;Torrubiella;Torrubiella_alba
AF224333	Root;Ascomycota;Sordariomycetes;Ophiostomatales;Ophiostomataceae;Grosmannia;Grosmannia_dryocoetidis
EU879155	Root;Ascomycota;Sordariomycetes;Ophiostomatales;Ophiostomataceae;Leptographium;Leptographium_wingfieldii
AB378667	Root;Ascomycota;Sordariomycetes;Hypocreales;Ophiocordycipitaceae;Ophiocordyceps;Ophiocordyceps_cuboidea
DQ517384	Root;Basidiomycota;Agaricomycetes;Boletales;Rhizopogonaceae;Rhizopogon;Rhizopogon_milleri
AF319423	Root;Basidiomycota;Agaricomycetes;Agaricales;Tricholomataceae;Tricholomopsis;Tricholomopsis_rutilans
AF319427	Root;Basidiomycota;Agaricomycetes;Agaricales;Tricholomataceae;Tricholoma;Tricholoma_pardinum
EF081374	Root;Ascomycota;Arthoniomycetes;Arthoniales;Roccellaceae;Hubbsia;Hubbsia_langei
AB006429	Root;Ascomycota;Eurotiomycetes;Eurotiales;Trichocomaceae;Aspergillus;Aspergillus_penicillioides
AB006430	Root;Ascomycota;Eurotiomycetes;Eurotiales;Trichocomaceae;Aspergillus;Aspergillus_penicillioides
GU017496	Root;Ascomycota;Eurotiomycetes;Eurotiales;Trichocomaceae;Aspergillus;Aspergillus_penicillioides
AB006433	Root;Ascomycota;Eurotiomycetes;Eurotiales;Trichocomaceae;Aspergillus;Aspergillus_penicillioides
AB054036	Root;Ascomycota;Saccharomycetes;Saccharomycetales;Pichiaceae;Pichia;Pichia_manshurica
AB054041	Root;Ascomycota;Schizosaccharomycetes;Schizosaccharomycetales;Schizosaccharomycetaceae;Schizosaccharomyces;Schizosaccharomyces_pombe
EF449525	Root;Ascomycota;Saccharomycetes;Saccharomycetales;Metschnikowiaceae;Metschnikowia;Metschnikowia_pulcherrima
EF441995	Root;Ascomycota;Pezizomycetes;Pezizales;Rhizinaceae;Phymatotrichopsis;Phymatotrichopsis_omnivora
EF442000	Root;Ascomycota;Pezizomycetes;Pezizales;Rhizinaceae;Phymatotrichopsis;Phymatotrichopsis_omnivora
JQ723114	Root;Ascomycota;Pezizomycetes;Pezizales;Morchellaceae;Morchella;Morchella_virginiana
EF452729	Root;Ascomycota;Dothideomycetes;Pleosporales;Phaeosphaeriaceae;Phaeosphaeria;Phaeosphaeria_avenaria_f._sp._triticae
AF324254	Root;Basidiomycota;Agaricomycetes;Polyporales;Polyporaceae;Polyporus;Grifola_umbellata
AJ292391	Root;Ascomycota;Sordariomycetes;Hypocreales;Cordycipitaceae;Lecanicillium;Lecanicillium_tenuipes
AJ292415	Root;Ascomycota;Sordariomycetes;Hypocreales;Ophiocordycipitaceae;Haptocillium;Haptocillium_sinense
AF444634	Root;Basidiomycota;Agaricostilbomycetes;Agaricostilbales;Agaricostilbaceae;Bensingtonia;Bensingtonia_yamatoana
AF231469	Root;Glomeromycota;Glomeromycetes;Glomerales;Glomeraceae;Glomus;Glomus_geosporum
DQ988251	Root;Basidiomycota;Agaricomycetes;Boletales;Suillaceae;Suillus;Suillus_tomentosus
AF192317	Root;Ascomycota;Sordariomycetes;Diaporthales;Valsaceae;Cytospora;Cytospora_eucalyptina
AF224395	Root;Ascomycota;Lecanoromycetes;Teloschistales;Physciaceae;Physcia;Physcia_aipolia
AF224396	Root;Ascomycota;Lecanoromycetes;Teloschistales;Physciaceae;Physcia;Physcia_aipolia
DQ534477	Root;Ascomycota;Lecanoromycetes;Teloschistales;Physciaceae;Physcia;Physcia_dubia
AF224409	Root;Ascomycota;Lecanoromycetes;Teloschistales;Physciaceae;Physcia;Physcia_stellaris
AF224414	Root;Ascomycota;Lecanoromycetes;Teloschistales;Physciaceae;Physcia;Physcia_dimidiata_var_ornata
AF224417	Root;Ascomycota;Lecanoromycetes;Teloschistales;Physciaceae;Physcia;Physcia_biziana
AF224420	Root;Ascomycota;Lecanoromycetes;Teloschistales;Physciaceae;Physcia;Physcia_dubia
AF224433	Root;Ascomycota;Lecanoromycetes;Teloschistales;Physciaceae;Physcia;Physcia_albinea
U57351	Root;Basidiomycota;Pucciniomycetes;Pucciniales;Pucciniaceae;Puccinia;Puccinia_carduorum
EF446288	Root;Ascomycota;Dothideomycetes;Botryosphaeriales;Botryosphaeriaceae;Macrophomina;Macrophomina_phaseolina
AY228347	Root;Basidiomycota;Agaricomycetes;Agaricales;Cortinariaceae;Galerina;Galerina_marginata
AF336150	Root;Basidiomycota;Agaricomycetes;Russulales;Auriscalpiaceae;Artomyces;Artomyces_pyxidatus
DQ384578	Root;Basidiomycota;Agaricomycetes;Boletales;Boletaceae;Boletellus;Boletellus_mirabilis
AF335457	Root;Basidiomycota;Agaricomycetes;Boletales;Boletaceae;Chalciporus;Chalciporus_piperatus
EF155483	Root;Ascomycota;Sordariomycetes;Xylariales;Diatrypaceae;Eutypa;Eutypa_spinosa
EF155485	Root;Ascomycota;Sordariomycetes;Xylariales;Diatrypaceae;Eutypa;Eutypa_spinosa
EF155499	Root;Basidiomycota;Agaricomycetes;Polyporales;Polyporaceae;Fomes;Fomes_fomentarius
GU062198	Root;Basidiomycota;Agaricomycetes;Polyporales;Polyporaceae;Fomes;Fomes_fomentarius
AB298704	Root;Ascomycota;Sordariomycetes;Ophiostomatales;Ophiostomataceae;Sporothrix;Sporothrix_schenckii
GQ461905	Root;Ascomycota;Eurotiomycetes;Eurotiales;Trichocomaceae;Aspergillus;Aspergillus_fumigatus
EF121862	Root;Ascomycota;Sordariomycetes;Hypocreales;Nectriaceae;Lanatonectria;Lanatonectria_flavolanata
EF445991	Root;Ascomycota;Orbiliomycetes;Orbiliales;Orbiliaceae;Arthrobotrys;Arthrobotrys_paucispora
EF445992	Root;Ascomycota;Orbiliomycetes;Orbiliales;Orbiliaceae;Drechslerella;Drechslerella_doedycoides
EF445995	Root;Ascomycota;Orbiliomycetes;Orbiliales;Orbiliaceae;Arthrobotrys;Arthrobotrys_flagrans
EF446017	Root;Ascomycota;Orbiliomycetes;Orbiliales;Orbiliaceae;Dactylellina;Dactylellina_leptospora
EF158023	Root;Ascomycota;Sordariomycetes;Hypocreales;Nectriaceae;Gibberella;Gibberella_zeae
EF158025	Root;Ascomycota;Sordariomycetes;Hypocreales;Nectriaceae;Gibberella;Gibberella_zeae
DQ830803	Root;Basidiomycota;Agaricomycetes;Agaricales;Tricholomataceae;Collybia;Collybia_cookei
AF310169	Root;Basidiomycota;Exobasidiomycetes;Tilletiales;Tilletiaceae;Tilletia;Tilletia_barclayana
EU257567	Root;Basidiomycota;Exobasidiomycetes;Tilletiales;Tilletiaceae;Tilletia;Tilletia_fusca
AB041242	Root;Ascomycota;Dothideomycetes;Botryosphaeriales;Botryosphaeriaceae;Phyllosticta;Phyllosticta_pyrolae
AF228650	Root;Basidiomycota;Agaricomycetes;Boletales;Sclerodermataceae;Pisolithus;Pisolithus_tinctorius
AM882939	Root;Basidiomycota;Agaricomycetes;Agaricales;Cortinariaceae;Inocybe;Inocybe_cervicolor
AJ307021	Root;Ascomycota;Dothideomycetes;Capnodiales;Mycosphaerellaceae;Phloeospora;Phloeospora_mimosae_pigrae
U10409	Root;Ascomycota;Saccharomycetes;Saccharomycetales;Saccharomycopsidaceae;Saccharomycopsis;Saccharomycopsis_fibuligera
AF373978	Root;Ascomycota;Eurotiomycetes;Pyrenulales;Xanthopyreniaceae;Pyrenocollema;Pyrenocollema_halodytes
AF373977	Root;Ascomycota;Eurotiomycetes;Pyrenulales;Xanthopyreniaceae;Pyrenocollema;Pyrenocollema_halodytes
AF373983	Root;Ascomycota;Eurotiomycetes;Pyrenulales;Xanthopyreniaceae;Pyrenocollema;Pyrenocollema_elegans
AF373985	Root;Ascomycota;Eurotiomycetes;Pyrenulales;Xanthopyreniaceae;Collemopsidium;Collemopsidium_foveolata
AF373987	Root;Ascomycota;Eurotiomycetes;Pyrenulales;Xanthopyreniaceae;Collemopsidium;Collemopsidium_foveolata
AF373991	Root;Ascomycota;Eurotiomycetes;Pyrenulales;Xanthopyreniaceae;Pyrenocollema;Pyrenocollema_elegans
AF373992	Root;Ascomycota;Eurotiomycetes;Pyrenulales;Xanthopyreniaceae;Pyrenocollema;Pyrenocollema_halodytes
AF373993	Root;Ascomycota;Eurotiomycetes;Pyrenulales;Xanthopyreniaceae;Pyrenocollema;Pyrenocollema_elegans
EF136366	Root;Ascomycota;Eurotiomycetes;Eurotiales;Trichocomaceae;Penicillium;Penicillium_thiersii
AF291269	Root;Basidiomycota;Agaricomycetes;Auriculariales;Auriculariaceae;Auricularia;Auricularia_delicata
AF291284	Root;Basidiomycota;Tremellomycetes;Tremellales;Exidiaceae;Heterochaete;Heterochaete_shearii
AF309591	Root;Ascomycota;Dothideomycetes;Capnodiales;Mycosphaerellaceae;Mycosphaerella;Mycosphaerella_marasasii
AF309613	Root;Ascomycota;Dothideomycetes;Capnodiales;Mycosphaerellaceae;Phaeophleospora;Phaeophleospora_eugeniae
DQ267594	Root;Ascomycota;Dothideomycetes;Capnodiales;Mycosphaerellaceae;Mycosphaerella;Mycosphaerella_walkeri
AF309623	Root;Ascomycota;Dothideomycetes;Capnodiales;Mycosphaerellaceae;Mycosphaerella;Mycosphaerella_cryptica
AB289669	Root;Basidiomycota;Agaricomycetes;Boletales;Boletaceae;Tylopilus;Tylopilus_castaneiceps
EF432241	Root;Ascomycota;Sordariomycetes;Hypocreales;Nectriaceae;Haematonectria;Fusarium_solani
EF190271	Root;Ascomycota;Sordariomycetes;Hypocreales;Clavicipitaceae;Hypocrella;Hypocrella_tubulata
EF190282	Root;Ascomycota;Sordariomycetes;Hypocreales;Clavicipitaceae;Moelleriella;Aschersonia_basicystis
EF190283	Root;Ascomycota;Sordariomycetes;Hypocreales;Clavicipitaceae;Moelleriella;Aschersonia_turbinata
AB277789	Root;Ascomycota;Dothideomycetes;Capnodiales;Mycosphaerellaceae;Cercospora;Cercospora_cryptomeriicola
EF183540	Root;Basidiomycota;Agaricomycetes;Boletales;Boletaceae;Heliogaster;Heliogaster_columellifer
HQ604224	Root;Basidiomycota;Agaricomycetes;Agaricales;Cortinariaceae;Inocybe;Inocybe_lanuginosa
EF530926	Root;Basidiomycota;Agaricomycetes;Agaricales;Pluteaceae;Pluteus;Pluteus_atromarginatus
EF530937	Root;Basidiomycota;Agaricomycetes;Agaricales;Entolomataceae;Nolanea;Nolanea_aff_bicoloripes_UBC_F65266
FJ157135	Root;Basidiomycota;Agaricomycetes;Agaricales;Cortinariaceae;Cortinarius;Cortinarius_causticus
FJ608588	Root;Basidiomycota;Agaricomycetes;Polyporales;Fomitopsidaceae;Fomitopsis;Fomitopsis_pinicola
EF535657	Root;Ascomycota;Dothideomycetes;Capnodiales;Mycosphaerellaceae;Phaeoramularia;Phaeoramularia_weigelicola
EF535663	Root;Ascomycota;Dothideomycetes;Capnodiales;Mycosphaerellaceae;Septoria;Septoria_lycopicola
EF535688	Root;Ascomycota;Dothideomycetes;Capnodiales;Mycosphaerellaceae;Ramularia;Ramularia_lamii_var_lamii
GQ852764	Root;Ascomycota;Dothideomycetes;Capnodiales;Mycosphaerellaceae;Pseudocercospora;Pseudocercospora_pseudoeucalyptorum
EF535692	Root;Ascomycota;Dothideomycetes;Capnodiales;Mycosphaerellaceae;Mycovellosiella;Mycovellosiella_passalorioides
EF535666	Root;Ascomycota;Dothideomycetes;Capnodiales;Mycosphaerellaceae;Septoria;Septoria_violae_patrinii
EF529622	Root;Basidiomycota;Agaricomycetes;Boletales;Sclerodermataceae;Pisolithus;Pisolithus_tinctorius
AF383953	Root;Ascomycota;Dothideomycetes;Pleosporales;Lophiostomataceae;Lophiostoma;Lophiostoma_caulium
AF383956	Root;Ascomycota;Dothideomycetes;Pleosporales;Lophiostomataceae;Massarina;Massarina_bipolaris
AF383957	Root;Ascomycota;Dothideomycetes;Pleosporales;Lophiostomataceae;Massarina;Massarina_corticola
AF383959	Root;Ascomycota;Dothideomycetes;Pleosporales;Lophiostomataceae;Massarina;Massarina_eburnea
EF492210	Root;Ascomycota;Lecanoromycetes;Lecanorales;Parmeliaceae;Usnea;Usnea_ushuaiensis
EF197068	Root;Ascomycota;Sordariomycetes;Sordariales;Lasiosphaeriaceae;Cercophora;Cercophora_coronata
EF197069	Root;Ascomycota;Sordariomycetes;Sordariales;Lasiosphaeriaceae;Cercophora;Cercophora_mirabilis
EF197080	Root;Ascomycota;Sordariomycetes;Sordariales;Lasiosphaeriaceae;Podospora;Podospora_inflatula
EF197081	Root;Ascomycota;Sordariomycetes;Sordariales;Lasiosphaeriaceae;Podospora;Podospora_longicaudata
EF197082	Root;Ascomycota;Sordariomycetes;Sordariales;Lasiosphaeriaceae;Podospora;Podospora_multipilosa
EF197085	Root;Ascomycota;Sordariomycetes;Sordariales;Lasiosphaeriaceae;Podospora;Podospora_prethopodalis
EF197088	Root;Ascomycota;Sordariomycetes;Sordariales;Lasiosphaeriaceae;Zygopleurage;Zygopleurage_zygospora
FJ903374	Root;Ascomycota;Sordariomycetes;Hypocreales;Nectriaceae;Nectria;Nectria_haematococca
EF212837	Root;Ascomycota;Sordariomycetes;Diaporthales;Gnomoniaceae;Gnomonia;Gnomonia_fragariae
EF212840	Root;Ascomycota;Sordariomycetes;Diaporthales;Gnomoniaceae;Gnomonia;Gnomonia_fragariae
EF212847	Root;Ascomycota;Sordariomycetes;Diaporthales;Gnomoniaceae;Gnomonia;Gnomonia_rubi
AY569028	Root;Basidiomycota;Agaricomycetes;Thelephorales;Bankeraceae;Hydnellum;Hydnellum_ferrugineum
AY041172	Root;Basidiomycota;Agaricomycetes;Cantharellales;Cantharellaceae;Cantharellus;Cantharellus_cibarius_var_roseocanus
EF546655	Root;Ascomycota;Sordariomycetes;Hypocreales;Ophiocordycipitaceae;Hirsutella;Hirsutella_rhossiliensis
EF524038	Root;Basidiomycota;Agaricomycetes;Polyporales;Polyporaceae;Lentinus;Lentinus_cyathiformis
EU314973	Root;Ascomycota;Sordariomycetes;Hypocreales;Nectriaceae;Fusarium;Fusarium_oxysporum
EF420140	Root;Basidiomycota;Agaricomycetes;Agaricales;Cortinariaceae;Cortinarius;Cortinarius_aureopigmentatus
EF420147	Root;Basidiomycota;Agaricomycetes;Agaricales;Cortinariaceae;Cortinarius;Cortinarius_costaricensis
EF420154	Root;Basidiomycota;Agaricomycetes;Agaricales;Cortinariaceae;Cortinarius;Cortinarius_ovreboii
EU295634	Root;Ascomycota;Dothideomycetes;Pleosporales;Montagnulaceae;Paraconiothyrium;Paraconiothyrium_brasiliense
AF387653	Root;Ascomycota;Pezizomycetes;Pezizales;Pyronemataceae;Phaeangium;Phaeangium_lefebvrei
EF561640	Root;Basidiomycota;Pucciniomycetes;Pucciniales;Coleosporiaceae;Chrysomyxa;Chrysomyxa_arctostaphyli
EU709777	Root;Ascomycota;Sordariomycetes;Hypocreales;Nectriaceae;Fusarium;Fusarium_sporotrichioides
EU784188	Root;Basidiomycota;Agaricomycetes;Agaricales;Nidulariaceae;Crucibulum;Crucibulum_laeve
EF411225	Root;Ascomycota;Sordariomycetes;Hypocreales;Cordycipitaceae;Isaria;Isaria_tenuipes
EF411226	Root;Ascomycota;Sordariomycetes;Hypocreales;Cordycipitaceae;Phytocordyceps;Phytocordyceps_ninchukispora
EU707858	Root;Ascomycota;Dothideomycetes;Capnodiales;Teratosphaeriaceae;Teratosphaeria;Teratosphaeria_associata
EF394865	Root;Ascomycota;Dothideomycetes;Capnodiales;Mycosphaerellaceae;Stenella;Stenella_eucalypti
EF394866	Root;Ascomycota;Dothideomycetes;Capnodiales;Teratosphaeriaceae;Batcheloromyces;Batcheloromyces_eucalypti
EF568065	Root;Ascomycota;Saccharomycetes;Saccharomycetales;Saccharomycetaceae;Kuraishia;Kuraishia_capsulata
FN423704	Root;Glomeromycota;Glomeromycetes;Diversisporales;Gigasporaceae;Scutellospora;Scutellospora_verrucosa
AM292667	Root;Ascomycota;Lecanoromycetes;Lecideales;Lecideaceae;Lecidea;Biatora_meiocarpa
EF592046	Root;Ascomycota;Leotiomycetes;Rhytismatales;Rhytismataceae;Lophodermium;Lophodermium_piceae
EF421109	Root;Basidiomycota;Agaricomycetes;Agaricales;Entolomataceae;Nolanea;Nolanea_strictior
EF421110	Root;Basidiomycota;Agaricomycetes;Agaricales;Entolomataceae;Rhodocybe;Rhodocybe_truncata
EF421111	Root;Basidiomycota;Agaricomycetes;Agaricales;Entolomataceae;Trichopilus;Trichopilus_porphyrophaeus
EU597299	Root;Ascomycota;Sordariomycetes;Hypocreales;Nectriaceae;Cylindrocarpon;Cylindrocarpon_olidum
GU269788	Root;Ascomycota;Dothideomycetes;Capnodiales;Mycosphaerellaceae;Pseudocercospora;Pseudocercospora_sambucigena
EF600943	Root;Ascomycota;Dothideomycetes;Myriangiales;Elsinoaceae;Sphaceloma;Sphaceloma_araliae
EF600974	Root;Ascomycota;Dothideomycetes;Pleosporales;Phaeosphaeriaceae;Eudarluca;Eudarluca_caricis
EF560604	Root;Ascomycota;Sordariomycetes;Hypocreales;Nectriaceae;Gibberella;Fusarium_udum
EF560605	Root;Ascomycota;Sordariomycetes;Hypocreales;Nectriaceae;Gibberella;Fusarium_lateritium
EF560606	Root;Ascomycota;Sordariomycetes;Hypocreales;Nectriaceae;Gibberella;Gibberella_moniliformis
GQ338244	Root;Ascomycota;Eurotiomycetes;Eurotiales;Trichocomaceae;Aspergillus;Aspergillus_terreus
EF447422	Root;Ascomycota;Eurotiomycetes;Eurotiales;Trichocomaceae;Petromyces;Petromyces_alliaceus
EF433765	Root;Ascomycota;Eurotiomycetes;Eurotiales;Trichocomaceae;Penicillium;Penicillium_ramusculum
EF447406	Root;Ascomycota;Sordariomycetes;Diaporthales;Valsaceae;Leucostoma;Leucostoma_cinctum
EF447370	Root;Ascomycota;Sordariomycetes;Diaporthales;Valsaceae;Valsa;Valsa_ambiens_subsp_ambiens
EF643581	Root;Ascomycota;Saccharomycetes;Saccharomycetales;Metschnikowiaceae;Metschnikowia;Metschnikowia_bicuspidata
DQ131610	Root;Basidiomycota;Agaricomycetes;Boletales;Boletaceae;Boletus;Boletus_aestivalis
AJ133397	Root;Ascomycota;Sordariomycetes;Hypocreales;Clavicipitaceae;Claviceps;Claviceps_sorghicola
JQ711843	Root;Basidiomycota;Tremellomycetes;Tremellales;Exidiaceae;Sebacina;Sebacina_vermifera
EF636923	Root;Basidiomycota;Agaricomycetes;Agaricales;Lyophyllaceae;Termitomyces;Termitomyces_DKA_2007
AF284447	Root;Ascomycota;Lecanoromycetes;Umbilicariales;Umbilicariaceae;Umbilicaria;Umbilicaria_esculenta
EU784214	Root;Basidiomycota;Agaricomycetes;Agaricales;Entolomataceae;Entoloma;Entoloma_chalybaeum_var_lazulinum
JF907774	Root;Basidiomycota;Agaricomycetes;Agaricales;Lyophyllaceae;Calocybe;Calocybe_fallax
AF357043	Root;Basidiomycota;Agaricomycetes;Agaricales;Lyophyllaceae;Tephrocybe;Tephrocybe_palustris
AF357045	Root;Basidiomycota;Agaricomycetes;Agaricales;Lyophyllaceae;Tephrocybe;Tephrocybe_inolens
AF357052	Root;Basidiomycota;Agaricomycetes;Agaricales;Lyophyllaceae;Lyophyllum;Lyophyllum_caerulescens
AF357051	Root;Basidiomycota;Agaricomycetes;Agaricales;Lyophyllaceae;Lyophyllum;Lyophyllum_sykosporum
AF357053	Root;Basidiomycota;Agaricomycetes;Agaricales;Lyophyllaceae;Tephrocybe;Lyophyllum_atratum
AF357056	Root;Basidiomycota;Agaricomycetes;Agaricales;Lyophyllaceae;Lyophyllum;Lyophyllum_anthracophilum
AF357058	Root;Basidiomycota;Agaricomycetes;Agaricales;Lyophyllaceae;Tephrocybe;Lyophyllum_ambustum
AF357062	Root;Basidiomycota;Agaricomycetes;Agaricales;Tricholomataceae;Lepista;Lepista_nuda
AF297668	Root;Ascomycota;Lecanoromycetes;Umbilicariales;Umbilicariaceae;Umbilicaria;Umbilicaria_vellea
AF297669	Root;Ascomycota;Lecanoromycetes;Umbilicariales;Umbilicariaceae;Umbilicaria;Umbilicaria_lyngei
AF297670	Root;Ascomycota;Lecanoromycetes;Umbilicariales;Umbilicariaceae;Umbilicaria;Umbilicaria_flocculosa
AF297671	Root;Ascomycota;Lecanoromycetes;Umbilicariales;Umbilicariaceae;Umbilicaria;Umbilicaria_loboperipherica
AF297672	Root;Ascomycota;Lecanoromycetes;Umbilicariales;Umbilicariaceae;Umbilicaria;Umbilicaria_subglabra
AF297673	Root;Ascomycota;Lecanoromycetes;Umbilicariales;Umbilicariaceae;Umbilicaria;Umbilicaria_virginis
DQ534454	Root;Ascomycota;Lecanoromycetes;Teloschistales;Physciaceae;Buellia;Buellia_russa
DQ534463	Root;Ascomycota;Lecanoromycetes;Lecanorales;Cladoniaceae;Cladonia;Cladonia_pyxidata
DQ534465	Root;Ascomycota;Lecanoromycetes;Lecanorales;Haematommataceae;Haematomma;Haematomma_erythromma
DQ534467	Root;Ascomycota;Lecanoromycetes;Lecanorales;Ramalinaceae;Lecania;Lecania_brialmontii
DQ534470	Root;Ascomycota;Lecanoromycetes;Lecanorales;Lecanoraceae;Lecanora;Lecanora_polytropa
DQ534472	Root;Ascomycota;Lecanoromycetes;Lecideales;Lecideaceae;Lecidea;Lecidea_cancriformis
DQ534474	Root;Ascomycota;Lecanoromycetes;Pertusariales;Pertusariaceae;Ochrolechia;Ochrolechia_frigida
EF989122	Root;Basidiomycota;Agaricomycetes;Hysterangiales;Mesophelliaceae;Chondrogaster;Chondrogaster_angustisporus
EU003916	Root;Ascomycota;Sordariomycetes;Hypocreales;Nectriaceae;Haematonectria;Fusarium_solani
EF488829	Root;Glomeromycota;Glomeromycetes;Glomerales;Glomeraceae;Glomus;Glomus_intraradices
AM749919	Root;Ascomycota;Sordariomycetes;Xylariales;Xylariaceae;Phylacia;Phylacia_sagrana
EF026144	Root;Ascomycota;Sordariomycetes;Xylariales;Xylariaceae;Daldinia;Daldinia_caldariorum
AM749938	Root;Ascomycota;Sordariomycetes;Xylariales;Xylariaceae;Annulohypoxylon;Annulohypoxylon_annulatum
EF669990	Root;Ascomycota;Eurotiomycetes;Eurotiales;Trichocomaceae;Dichotomomyces;Dichotomomyces_cejpii
AF399884	Root;Basidiomycota;Exobasidiomycetes;Tilletiales;Tilletiaceae;Tilletia;Tilletia_opaca
AF399885	Root;Basidiomycota;Exobasidiomycetes;Tilletiales;Tilletiaceae;Tilletia;Tilletia_savilei
AF399886	Root;Basidiomycota;Exobasidiomycetes;Tilletiales;Tilletiaceae;Tilletia;Tilletia_sumatii
AF399891	Root;Basidiomycota;Exobasidiomycetes;Tilletiales;Tilletiaceae;Tilletia;Tilletia_hyalospora
AF399894	Root;Basidiomycota;Exobasidiomycetes;Tilletiales;Tilletiaceae;Tilletia;Tilletia_barclayana
AB273560	Root;Ascomycota;Leotiomycetes;Erysiphales;Erysiphaceae;Blumeria;Blumeria_graminis
GQ369593	Root;Ascomycota;Sordariomycetes;Phyllachorales;Phyllachoraceae;Colletotrichum;Colletotrichum_dematium
FJ572056	Root;Ascomycota;Dothideomycetes;Capnodiales;Mycosphaerellaceae;Cercospora;Cercospora_punctiformis
EU272483	Root;Ascomycota;Dothideomycetes;Dothideales;Dothioraceae;Aureobasidium;Aureobasidium_pullulans
AB046984	Root;Ascomycota;Leotiomycetes;Erysiphales;Erysiphaceae;Erysiphe;Erysiphe_prunastri
AB267641	Root;Ascomycota;Leotiomycetes;Helotiales;Hyaloscyphaceae;Lachnum;Lachnum_abnorme
AB267649	Root;Ascomycota;Leotiomycetes;Helotiales;Hyaloscyphaceae;Lachnum;Lachnum_pulverulentum
DQ342253	Root;Ascomycota;Sordariomycetes;Hypocreales;Clavicipitaceae;Cordyceps;Cordyceps_pruinosa
AB304155	Root;Ascomycota;Saccharomycetes;Saccharomycetales;Saccharomycetaceae;Torulaspora;Torulaspora_maleeae
EU030360	Root;Ascomycota;Eurotiomycetes;Eurotiales;Trichocomaceae;Eupenicillium;Eupenicillium_lapidosum
EU034665	Root;Ascomycota;Lecanoromycetes;Lecanorales;Cladoniaceae;Cladonia;Cladonia_pyxidata
EU034667	Root;Ascomycota;Lecanoromycetes;Lecanorales;Parmeliaceae;Melanelixia;Melanelixia_fuliginosa
AF444418	Root;Basidiomycota;Tremellomycetes;Cystofilobasidiales;Cystofilobasidiaceae;Guehomyces;Guehomyces_pullulans
AB274813	Root;Ascomycota;Sordariomycetes;Xylariales;Xylariaceae;Geniculisynnema;Geniculisynnema_termiticola
EU020031	Root;Ascomycota;Dothideomycetes;Patellariales;Patellariaceae;Rhytidhysteron;Rhytidhysteron_rufulum
EU020062	Root;Ascomycota;Dothideomycetes;Patellariales;Patellariaceae;Rhytidhysteron;Rhytidhysteron_rufulum
EU020065	Root;Ascomycota;Dothideomycetes;Patellariales;Patellariaceae;Rhytidhysteron;Rhytidhysteron_rufulum
EU045422	Root;Ascomycota;Lecanoromycetes;Teloschistales;Physciaceae;Heterodermia;Heterodermia_boryi
AB284446	Root;Basidiomycota;Agaricomycetes;Boletales;Suillaceae;Suillus;Suillus_bovinus
AB271785	Root;Ascomycota;Leotiomycetes;Erysiphales;Erysiphaceae;Erysiphe;Erysiphe_abbreviata
FJ861426	Root;Ascomycota;Eurotiomycetes;Eurotiales;Trichocomaceae;Penicillium;Penicillium_herquei
EU086434	Root;Ascomycota;Sordariomycetes;Hypocreales;Ophiocordycipitaceae;Haptocillium;Haptocillium_balanoides
EU086776	Root;Ascomycota;Pezizomycetes;Pezizales;Morchellaceae;Morchella;Morchella_esculenta
EU181457	Root;Ascomycota;Eurotiomycetes;Onygenales;Arthrodermataceae;Microsporum;Microsporum_persicolor
EF570501	Root;Ascomycota;Dothideomycetes;Botryosphaeriales;Botryosphaeriaceae;Macrophomina;Macrophomina_phaseolina
JF908138	Root;Basidiomycota;Agaricomycetes;Agaricales;Cortinariaceae;Inocybe;Inocybe_langei
AB080512	Root;Ascomycota;Leotiomycetes;Erysiphales;Erysiphaceae;Phyllactinia;Phyllactinia_guttata
AB080523	Root;Ascomycota;Leotiomycetes;Erysiphales;Erysiphaceae;Phyllactinia;Phyllactinia_guttata
AB080533	Root;Ascomycota;Leotiomycetes;Erysiphales;Erysiphaceae;Phyllactinia;Phyllactinia_guttata
AB080536	Root;Ascomycota;Leotiomycetes;Erysiphales;Erysiphaceae;Phyllactinia;Phyllactinia_guttata
AB080487	Root;Ascomycota;Leotiomycetes;Erysiphales;Erysiphaceae;Phyllactinia;Phyllactinia_guttata
AB080530	Root;Ascomycota;Leotiomycetes;Erysiphales;Erysiphaceae;Phyllactinia;Phyllactinia_guttata
EU037994	Root;Ascomycota;Saccharomycetes;Saccharomycetales;Metschnikowiaceae;Metschnikowia;Metschnikowia_pulcherrima
EF592171	Root;Ascomycota;Eurotiomycetes;Eurotiales;Trichocomaceae;Aspergillus;Aspergillus_terreus
EF631613	Root;Ascomycota;Eurotiomycetes;Onygenales;Arthrodermataceae;Arthroderma;Arthroderma_racemosum
FJ897717	Root;Ascomycota;Eurotiomycetes;Onygenales;Arthrodermataceae;Arthroderma;Microsporum_gypseum
FJ416303	Root;Ascomycota;Eurotiomycetes;Onygenales;Arthrodermataceae;Arthroderma;Arthroderma_uncinatum
EF493302	Root;Basidiomycota;Agaricomycetes;Agaricales;Tricholomataceae;Tricholoma;Tricholoma_pardinum
EU118620	Root;Basidiomycota;Agaricomycetes;Atheliales;Atheliaceae;Cristinia;Cristinia_helvetica
EU118629	Root;Basidiomycota;Agaricomycetes;Cantharellales;Botryobasidiaceae;Haplotrichum;Haplotrichum_curtisii
EU040212	Root;Ascomycota;Dothideomycetes;Capnodiales;Mycosphaerellaceae;Mycosphaerella;Mycosphaerella_elaeocarpi
EU069498	Root;Basidiomycota;Exobasidiomycetes;Microstromatales;Microstromataceae;Microstroma;Microstroma_juglandis
EF585663	Root;Chytridiomycota;Chytridiomycetes;Rhizophydiales;Aquamycetaceae;Alphamyces;Alphamyces_chaetifer
EU123800	Root;Ascomycota;Leotiomycetes;Helotiales;Sclerotiniaceae;Sclerotinia;Sclerotinia_homoeocarpa
EU123803	Root;Ascomycota;Leotiomycetes;Helotiales;Sclerotiniaceae;Sclerotinia;Sclerotinia_homoeocarpa
EF626961	Root;Ascomycota;Eurotiomycetes;Eurotiales;Trichocomaceae;Eupenicillium;Eupenicillium_ochrosalmoneum
EU019265	Root;Ascomycota;Eurotiomycetes;Chaetothyriales;Coccodiniaceae;Coccodinium;Coccodinium_bartschii
EU041780	Root;Ascomycota;Dothideomycetes;Capnodiales;Mycosphaerellaceae;Periconiella;Periconiella_levispora
EU041783	Root;Ascomycota;Dothideomycetes;Capnodiales;Mycosphaerellaceae;Periconiella;Periconiella_velutina
EU035401	Root;Ascomycota;Dothideomycetes;Pleosporales;Venturiaceae;Anungitopsis;Anungitopsis_speciosa
EU035423	Root;Ascomycota;Dothideomycetes;Pleosporales;Venturiaceae;Fusicladium;Fusicladium_africanum
EU035425	Root;Ascomycota;Dothideomycetes;Pleosporales;Venturiaceae;Fusicladium;Fusicladium_amoenum
EU035455	Root;Ascomycota;Dothideomycetes;Pleosporales;Venturiaceae;Venturia;Venturia_crataegi
EU035457	Root;Ascomycota;Dothideomycetes;Pleosporales;Venturiaceae;Venturia;Venturia_fraxini
EU035438	Root;Ascomycota;Dothideomycetes;Pleosporales;Venturiaceae;Venturia;Venturia_tremulae
EU035476	Root;Ascomycota;Dothideomycetes;Pleosporales;Venturiaceae;Venturia;Venturia_viennotii
EF689044	Root;Ascomycota;Sordariomycetes;Hypocreales;Clavicipitaceae;Cordyceps;Cordyceps_formosana
EU057897	Root;Ascomycota;Lecanoromycetes;Lecanorales;Hymeneliaceae;Aspicilia;Aspicilia_caesiocinerea
EU057910	Root;Ascomycota;Lecanoromycetes;Lecanorales;Hymeneliaceae;Aspicilia;Aspicilia_laevata
EU142931	Root;Ascomycota;Lecanoromycetes;Peltigerales;Coccocarpiaceae;Coccocarpia;Coccocarpia_erythroxyli
EU092657	Root;Ascomycota;Sordariomycetes;Hypocreales;Nectriaceae;Haematonectria;Fusarium_solani
AY796026	Root;Ascomycota;Saccharomycetes;Saccharomycetales;Metschnikowiaceae;Metschnikowia;Metschnikowia_hamakuensis
EU343863	Root;Ascomycota;Saccharomycetes;Saccharomycetales;Metschnikowiaceae;Metschnikowia;Metschnikowia_hawaiiensis
AB219228	Root;Ascomycota;Eurotiomycetes;Onygenales;Onygenaceae;Chrysosporium;Chrysosporium_queenslandicum
AB361654	Root;Ascomycota;Eurotiomycetes;Onygenales;Onygenaceae;Uncinocarpus;Uncinocarpus_reesii
EU149926	Root;Ascomycota;Sordariomycetes;Hypocreales;Ophiocordycipitaceae;Ophiocordyceps;Ophiocordyceps_crinalis
EU075198	Root;Ascomycota;Saccharomycetes;Saccharomycetales;Saccharomycetaceae;Kazachstania;Kazachstania_gamospora
EU075199	Root;Ascomycota;Saccharomycetes;Saccharomycetales;Saccharomycetaceae;Kazachstania;Kazachstania_zonata
FJ810522	Root;Ascomycota;Saccharomycetes;Saccharomycetales;Saccharomycetaceae;Kazachstania;Kazachstania_hellenica
GQ927253	Root;Ascomycota;Leotiomycetes;Erysiphales;Erysiphaceae;Podosphaera;Podosphaera_phaseoli
EU006532	Root;Ascomycota;Eurotiomycetes;Verrucariales;Verrucariaceae;Placocarpus;Placocarpus_schaereri
EU006541	Root;Ascomycota;Eurotiomycetes;Verrucariales;Verrucariaceae;Verrucula;Verrucula_helvetica
AF332112	Root;Ascomycota;Lecanoromycetes;Lecanorales;Hymeneliaceae;Aspicilia;Aspicilia_cinerea
AF332117	Root;Ascomycota;Lecanoromycetes;Lecideales;Porpidiaceae;Bellemerea;Bellemerea_alpina
AF332118	Root;Ascomycota;Lecanoromycetes;Lecideales;Lecideaceae;Lecidea;Lecidea_lapicida_var_pantherina
AF332123	Root;Ascomycota;Lecanoromycetes;Pertusariales;Pertusariaceae;Ochrolechia;Ochrolechia_parella
AF332127	Root;Ascomycota;Lecanoromycetes;Pertusariales;Pertusariaceae;Pertusaria;Pertusaria_pertusa
EU037891	Root;Ascomycota;Sordariomycetes;Chaetosphaeriales;Chaetosphaeriaceae;Chaetosphaeria;Chaetosphaeria_albida
EU037894	Root;Ascomycota;Sordariomycetes;Chaetosphaeriales;Chaetosphaeriaceae;Chaetosphaeria;Chaetosphaeria_metallicans
EU037895	Root;Ascomycota;Sordariomycetes;Chaetosphaeriales;Chaetosphaeriaceae;Chaetosphaeria;Chaetosphaeria_raciborskii
AY035661	Root;Glomeromycota;Glomeromycetes;Diversisporales;Gigasporaceae;Gigaspora;Gigaspora_margarita
AY035660	Root;Glomeromycota;Glomeromycetes;Diversisporales;Gigasporaceae;Gigaspora;Gigaspora_margarita
GU324736	Root;Ascomycota;Sordariomycetes;Xylariales;Xylariaceae;Xylaria;Xylaria_enterogena
FJ039646	Root;Basidiomycota;Agaricomycetes;Agaricales;Cortinariaceae;Cortinarius;Cortinarius_guttatus
EU057001	Root;Basidiomycota;Agaricomycetes;Agaricales;Cortinariaceae;Cortinarius;Cortinarius_jardinensis
EU057028	Root;Basidiomycota;Agaricomycetes;Agaricales;Cortinariaceae;Cortinarius;Cortinarius_saxamontanus
FJ039638	Root;Basidiomycota;Agaricomycetes;Agaricales;Cortinariaceae;Cortinarius;Cortinarius_sodagnitus
EU057046	Root;Basidiomycota;Agaricomycetes;Agaricales;Cortinariaceae;Cortinarius;Cortinarius_flavobulbus
EU056944	Root;Basidiomycota;Agaricomycetes;Agaricales;Cortinariaceae;Cortinarius;Cortinarius_caroviolaceus
EF652046	Root;Ascomycota;Eurotiomycetes;Eurotiales;Trichocomaceae;Aspergillus;Aspergillus_vitricola
EF652086	Root;Ascomycota;Eurotiomycetes;Eurotiales;Trichocomaceae;Eurotium;Eurotium_xerophilum
EF652087	Root;Ascomycota;Eurotiomycetes;Eurotiales;Trichocomaceae;Eurotium;Eurotium_leucocarpum
EF652088	Root;Ascomycota;Eurotiomycetes;Eurotiales;Trichocomaceae;Eurotium;Eurotium_halophilicum
FJ531043	Root;Ascomycota;Eurotiomycetes;Eurotiales;Trichocomaceae;Aspergillus;Aspergillus_itaconicus
EF652509	Root;Ascomycota;Eurotiomycetes;Eurotiales;Trichocomaceae;Aspergillus;Aspergillus_unguis
EF652448	Root;Ascomycota;Eurotiomycetes;Eurotiales;Trichocomaceae;Aspergillus;Aspergillus_sylvaticus
EF652496	Root;Ascomycota;Eurotiomycetes;Eurotiales;Trichocomaceae;Aspergillus;Aspergillus_raperi
EF652498	Root;Ascomycota;Eurotiomycetes;Eurotiales;Trichocomaceae;Aspergillus;Aspergillus_puniceus
EU014059	Root;Basidiomycota;Pucciniomycetes;Pucciniales;Pucciniaceae;Puccinia;Puccinia_tanaceti
EU010254	Root;Ascomycota;Eurotiomycetes;Verrucariales;Verrucariaceae;Verrucaria;Verrucaria_subcrustosa
EU010256	Root;Ascomycota;Eurotiomycetes;Verrucariales;Verrucariaceae;Verrucaria;Verrucaria_lecideoides
EU081846	Root;Ascomycota;Sordariomycetes;Hypocreales;Ophiocordycipitaceae;Ophiocordyceps;Ophiocordyceps_heteropoda_var_langyashanensis
EU040217	Root;Ascomycota;Sordariomycetes;Hypocreales;Nectriaceae;Falcocladium;Falcocladium_multivesiculatum
FJ903322	Root;Basidiomycota;Agaricomycetes;Russulales;Stereaceae;Stereum;Stereum_sanguinolentum
FJ845444	Root;Basidiomycota;Agaricomycetes;Agaricales;Tricholomataceae;Tricholoma;Tricholoma_vaccinum
EF190233	Root;Ascomycota;Saccharomycetes;Saccharomycetales;Pichiaceae;Pichia;Pichia_guilliermondii
EU113295	Root;Ascomycota;Lecanoromycetes;Lecanorales;Cladoniaceae;Cladonia;Cladonia_macilenta
AF444450	Root;Basidiomycota;Tremellomycetes;Filobasidiales;Filobasidiaceae;Cryptococcus;Cryptococcus_magnus
EU233809	Root;Basidiomycota;Exobasidiomycetes;Entylomatales;Entylomataceae;Entyloma;Entyloma_leontodontis
EU220025	Root;Ascomycota;Saccharomycetes;Saccharomycetales;Metschnikowiaceae;Metschnikowia;Metschnikowia_hibisci
AF254628	Root;Ascomycota;Lecanoromycetes;Lecanorales;Parmeliaceae;Arctocetraria;Arctocetraria_nigricascens
EF608061	Root;Ascomycota;Sordariomycetes;Phyllachorales;Phyllachoraceae;Colletotrichum;Colletotrichum_sp
AY725577	Root;Ascomycota;Dothideomycetes;Capnodiales;Teratosphaeriaceae;Teratosphaeria;Readeriella_readeriellophora
AY725556	Root;Ascomycota;Dothideomycetes;Capnodiales;Mycosphaerellaceae;Mycosphaerella;Mycosphaerella_marksii
EU128043	Root;Ascomycota;Sordariomycetes;Diaporthales;Togniniaceae;Phaeoacremonium;Phaeoacremonium_scolyti
EU128051	Root;Ascomycota;Sordariomycetes;Diaporthales;Togniniaceae;Phaeoacremonium;Phaeoacremonium_fuscum
EU214584	Root;Ascomycota;Sordariomycetes;Xylariales;Xylariaceae;Daldinia;Daldinia_concentrica
GQ388712	Root;Glomeromycota;Glomeromycetes;Glomerales;Glomeraceae;Glomus;Glomus_claroideum
AF145324	Root;Basidiomycota;Tremellomycetes;Filobasidiales;Filobasidiaceae;Cryptococcus;Cryptococcus_aerius
EU252550	Root;Basidiomycota;Tremellomycetes;Filobasidiales;Filobasidiaceae;Cryptococcus;Cryptococcus_terricola
AB369268	Root;Ascomycota;Dothideomycetes;Pleosporales;Lophiostomataceae;Lophiostoma;Lophiostoma_sagittiforme
AB097450	Root;Basidiomycota;Pucciniomycetes;Pucciniales;Uropyxidaceae;Leucotelium;Leucotelium_pruni_persicae
EU144054	Root;Ascomycota;Dothideomycetes;Botryosphaeriales;Botryosphaeriaceae;Dothiorella;Dothiorella_longicollis
FJ878631	Root;Ascomycota;Eurotiomycetes;Eurotiales;Trichocomaceae;Aspergillus;Aspergillus_ochraceus
FJ462747	Root;Basidiomycota;Agaricomycetes;Polyporales;Polyporaceae;Trametes;Trametes_hirsuta
EU293816	Root;Basidiomycota;Agaricomycetes;Thelephorales;Bankeraceae;Sarcodon;Sarcodon_aff_imbricatus_VPC_2007
EU293827	Root;Basidiomycota;Agaricomycetes;Thelephorales;Bankeraceae;Sarcodon;Sarcodon_aff_imbricatus_VPC_2007
EU293828	Root;Basidiomycota;Agaricomycetes;Thelephorales;Bankeraceae;Sarcodon;Sarcodon_leucopus
EU293830	Root;Basidiomycota;Agaricomycetes;Thelephorales;Bankeraceae;Sarcodon;Sarcodon_fulgineoviolaceus
EU293832	Root;Basidiomycota;Agaricomycetes;Thelephorales;Bankeraceae;Hydnellum;Hydnellum_concrescens
AJ302460	Root;Ascomycota;Sordariomycetes;Xylariales;Diatrypaceae;Eutypella;Eutypella_caricae
DQ006946	Root;Ascomycota;Sordariomycetes;Xylariales;Diatrypaceae;Diatrype;Diatrype_bullata
AF192323	Root;Ascomycota;Sordariomycetes;Xylariales;Diatrypaceae;Diatrype;Diatrype_stigma
AJ302438	Root;Ascomycota;Sordariomycetes;Xylariales;Diatrypaceae;Diatrype;Diatrype_stigma
AJ302442	Root;Ascomycota;Sordariomycetes;Xylariales;Diatrypaceae;Diatrype;Diatrype_prominens
AJ302444	Root;Ascomycota;Sordariomycetes;Xylariales;Diatrypaceae;Diatrypella;Diatrypella_quercina
AJ302455	Root;Ascomycota;Sordariomycetes;Xylariales;Diatrypaceae;Eutypa;Eutypa_petrakii_var_petrakii
AJ302468	Root;Ascomycota;Sordariomycetes;Xylariales;Diatrypaceae;Eutypella;Eutypella_cerviculata
AJ302469	Root;Ascomycota;Sordariomycetes;Xylariales;Diatrypaceae;Eutypella;Eutypella_quaternata
FJ861375	Root;Ascomycota;Sordariomycetes;Hypocreales;Cordycipitaceae;Simplicillium;Simplicillium_lanosoniveum
GQ996574	Root;Ascomycota;Sordariomycetes;Sordariales;Chaetomiaceae;Chaetomium;Chaetomium_funicola
HQ604773	Root;Basidiomycota;Agaricomycetes;Agaricales;Mycenaceae;Mycena;Mycena_leptocephala
EU266695	Root;Basidiomycota;Agaricomycetes;Agaricales;Cortinariaceae;Cortinarius;Cortinarius_glandicolor
GU234052	Root;Basidiomycota;Agaricomycetes;Agaricales;Cortinariaceae;Cortinarius;Cortinarius_obtusus
EU707873	Root;Ascomycota;Dothideomycetes;Capnodiales;Teratosphaeriaceae;Teratosphaeria;Teratosphaeria_microspora
FJ538351	Root;Ascomycota;Dothideomycetes;Capnodiales;Mycosphaerellaceae;Guignardia;Guignardia_psidii
AY251088	Root;Ascomycota;Dothideomycetes;Capnodiales;Mycosphaerellaceae;Mycosphaerella;Mycosphaerella_iridis
GU214632	Root;Ascomycota;Dothideomycetes;Capnodiales;Mycosphaerellaceae;Mycosphaerella;Mycosphaerella_rosigena
EU853479	Root;Ascomycota;Dothideomycetes;Capnodiales;Mycosphaerellaceae;Passalora;Passalora_loranthi
EU853471	Root;Ascomycota;Dothideomycetes;Capnodiales;Mycosphaerellaceae;Mycosphaerella;Mycosphaerella_aurantia
EF512983	Root;Ascomycota;Sordariomycetes;Hypocreales;Cordycipitaceae;Lecanicillium;Lecanicillium_muscarium
EU266078	Root;Ascomycota;Lecanoromycetes;Lecanorales;Ramalinaceae;Bacidia;Bacidia_rubella
EU266079	Root;Ascomycota;Lecanoromycetes;Lecanorales;Parmeliaceae;Evernia;Evernia_prunastri
EU266080	Root;Ascomycota;Lecanoromycetes;Lecanorales;Cladoniaceae;Cladonia;Cladonia_furcata
EU266081	Root;Ascomycota;Lecanoromycetes;Lecanorales;Lecanoraceae;Lecanora;Lecanora_dispersa
EU266082	Root;Ascomycota;Lecanoromycetes;Lecanorales;Lecanoraceae;Lecidella;Lecidella_elaeochroma
EU266083	Root;Ascomycota;Lecanoromycetes;Lecanorales;Parmeliaceae;Xanthoparmelia;Xanthoparmelia_pulla
EU266086	Root;Ascomycota;Lecanoromycetes;Teloschistales;Physciaceae;Physconia;Physconia_distorta
EU266087	Root;Ascomycota;Lecanoromycetes;Acarosporales;Acarosporaceae;Sarcogyne;Sarcogyne_regularis
EU266090	Root;Ascomycota;Lecanoromycetes;Lecanorales;Lecanoraceae;Protoparmeliopsis;Lecanora_muralis
EU266100	Root;Ascomycota;Lecanoromycetes;Teloschistales;Physciaceae;Phaeophyscia;Phaeophyscia_melanchra
EU266103	Root;Ascomycota;Lecanoromycetes;Lecanorales;Parmeliaceae;Parmelia;Parmelia_omphalodes
EU266104	Root;Ascomycota;Lecanoromycetes;Teloschistales;Physciaceae;Heterodermia;Heterodermia_hypoleuca
EU266107	Root;Ascomycota;Lecanoromycetes;Peltigerales;Pannariaceae;Pannaria;Pannaria_leucosticta
FJ556909	Root;Ascomycota;Eurotiomycetes;Eurotiales;Trichocomaceae;Aspergillus;Aspergillus_versicolor
GU062212	Root;Ascomycota;Eurotiomycetes;Eurotiales;Trichocomaceae;Aspergillus;Aspergillus_ochraceus
AF455401	Root;Ascomycota;Saccharomycetes;Saccharomycetales;Pichiaceae;Pichia;Pichia_kudriavzevii
EU551211	Root;Basidiomycota;Tremellomycetes;Tremellales;Trichosporonaceae;Trichosporon;Trichosporon_faecale
AY168785	Root;Ascomycota;Saccharomycetes;Saccharomycetales;Pichiaceae;Pichia;Pichia_kluyveri
EF077495	Root;Basidiomycota;Agaricomycetes;Agaricales;Cortinariaceae;Cortinarius;Cortinarius_croceus
FJ596780	Root;Basidiomycota;Agaricomycetes;Agaricales;Strophariaceae;Hypholoma;Hypholoma_capnoides
FJ890026	Root;Basidiomycota;Agaricomycetes;Agaricales;Amanitaceae;Amanita;Amanita_muscaria
AF438570	Root;Basidiomycota;Agaricomycetes;Agaricales;Cortinariaceae;Cortinarius;Cortinarius_caninus
EU200408	Root;Ascomycota;Eurotiomycetes;Onygenales;Arthrodermataceae;Arthroderma;Microsporum_gypseum
FJ941882	Root;Ascomycota;Dothideomycetes;Botryosphaeriales;Botryosphaeriaceae;Botryosphaeria;Botryosphaeria_rhodina
EU186278	Root;Basidiomycota;Agaricomycetes;Agaricales;Tricholomataceae;Tricholoma;Tricholoma_equestre
GQ465045	Root;Basidiomycota;Exobasidiomycetes;Microstromatales;Microstromataceae;Sympodiomycopsis;Sympodiomycopsis_kandeliae
EU352771	Root;Chytridiomycota;Chytridiomycetes;Lobulomycetales;Lobulomycetaceae;Lobulomyces;Lobulomyces_poculatus
EU352773	Root;Chytridiomycota;Chytridiomycetes;Lobulomycetales;Lobulomycetaceae;Clydaea;Clydaea_vesicula
EU330178	Root;Neocallimastigomycota;Neocallimastigomycetes;Neocallimastigales;Neocallimastigaceae;Piromyces;Piromyces_polycephalus
AM085519	Root;Basidiomycota;Agaricomycetes;Boletales;Rhizopogonaceae;Rhizopogon;Rhizopogon_albidus
AM085525	Root;Basidiomycota;Agaricomycetes;Boletales;Rhizopogonaceae;Rhizopogon;Rhizopogon_ochraceorubens
AM085526	Root;Basidiomycota;Agaricomycetes;Boletales;Rhizopogonaceae;Rhizopogon;Rhizopogon_odoratus
AM085529	Root;Basidiomycota;Agaricomycetes;Boletales;Rhizopogonaceae;Rhizopogon;Rhizopogon_sardous
HQ586862	Root;Basidiomycota;Agaricomycetes;Agaricales;Cortinariaceae;Inocybe;Inocybe_petiginosa
AY884183	Root;Basidiomycota;Agaricomycetes;Polyporales;Ganodermataceae;Ganoderma;Ganoderma_australe
AM906059	Root;Basidiomycota;Agaricomycetes;Polyporales;Ganodermataceae;Ganoderma;Ganoderma_pfeifferi
EU833211	Root;Ascomycota;Eurotiomycetes;Eurotiales;Trichocomaceae;Penicillium;Penicillium_brevicompactum
EU179862	Root;Ascomycota;Sordariomycetes;Xylariales;Xylariaceae;Xylaria;Xylaria_brunneovinosa
EU179865	Root;Ascomycota;Sordariomycetes;Xylariales;Xylariaceae;Xylaria;Xylaria_griseosepiacea
AF310101	Root;Basidiomycota;Agaricomycetes;Russulales;Gloeocystidiellaceae;Gloeocystidiellum;Gloeocystidiellum_porosum
AF310102	Root;Basidiomycota;Agaricomycetes;Russulales;Stereaceae;Laxitextum;Laxitextum_bicolor
AJ300158	Root;Basidiomycota;Agaricomycetes;Agaricales;Cortinariaceae;Galerina;Galerina_pseudomycenopsis
EU249467	Root;Ascomycota;Eurotiomycetes;Verrucariales;Verrucariaceae;Verrucaria;Verrucaria_latebrosa
EU249469	Root;Ascomycota;Eurotiomycetes;Verrucariales;Verrucariaceae;Thelidium;Thelidium_methorium
EU249478	Root;Ascomycota;Eurotiomycetes;Verrucariales;Verrucariaceae;Thelidium;Thelidium_minutulum
EU379209	Root;Chytridiomycota;Chytridiomycetes;Rhizophlyctidales;Rhizophlyctidaceae;Rhizophlyctis;Rhizophlyctis_rosea
EU379231	Root;Chytridiomycota;Chytridiomycetes;Rhizophlyctidales;Rhizophlyctidaceae;Rhizophlyctis;Rhizophlyctis_rosea
EU379238	Root;Chytridiomycota;Chytridiomycetes;Rhizophlyctidales;Rhizophlyctidaceae;Rhizophlyctis;Rhizophlyctis_rosea
EU379239	Root;Chytridiomycota;Chytridiomycetes;Rhizophlyctidales;Rhizophlyctidaceae;Rhizophlyctis;Rhizophlyctis_rosea
AY485779	Root;Ascomycota;Sordariomycetes;Diaporthales;Valsaceae;Phomopsis;Phomopsis_viticola
EU315753	Root;Ascomycota;Saccharomycetes;Saccharomycetales;Pichiaceae;Pichia;Pichia_kudriavzevii
FJ231419	Root;Ascomycota;Saccharomycetes;Saccharomycetales;Pichiaceae;Pichia;Pichia_kudriavzevii
FJ697171	Root;Ascomycota;Saccharomycetes;Saccharomycetales;Pichiaceae;Pichia;Pichia_kudriavzevii
EU315763	Root;Ascomycota;Saccharomycetes;Saccharomycetales;Pichiaceae;Pichia;Pichia_sporocuriosa
EU315764	Root;Ascomycota;Saccharomycetes;Saccharomycetales;Pichiaceae;Pichia;Pichia_cecembensis
AF126877	Root;Basidiomycota;Agaricomycetes;Polyporales;Steccherinaceae;Antrodiella;Antrodiella_americana
EU232219	Root;Basidiomycota;Agaricomycetes;Polyporales;Ganodermataceae;Ganoderma;Ganoderma_applanatum
AF422983	Root;Ascomycota;Dothideomycetes;Pleosporales;Phaeosphaeriaceae;Phaeosphaeria;Phaeosphaeria_spartinicola
AF422970	Root;Ascomycota;Leotiomycetes;Helotiales;Hyaloscyphaceae;Lachnum;Lachnum_spartinae
EU402586	Root;Basidiomycota;Agaricomycetes;Polyporales;Polyporaceae;Phaeolus;Phaeolus_schweinitzii
EU402589	Root;Basidiomycota;Agaricomycetes;Polyporales;Polyporaceae;Pycnoporellus;Pycnoporellus_alboluteus
EU402593	Root;Basidiomycota;Agaricomycetes;Polyporales;Polyporaceae;Pycnoporellus;Pycnoporellus_fulgens
EU402595	Root;Basidiomycota;Agaricomycetes;Polyporales;Polyporaceae;Wolfiporia;Wolfiporia_cocos
EU417853	Root;Basidiomycota;Agaricomycetes;Boletales;Boletaceae;Boletus;Boletus_edulis
EU282475	Root;Ascomycota;Dothideomycetes;Pleosporales;Venturiaceae;Fusicladium;Fusicladium_eriobotryae
EU423189	Root;Basidiomycota;Agaricomycetes;Agaricales;Fistulinaceae;Porodisculus;Porodisculus_pendulus
EU266591	Root;Ascomycota;Sordariomycetes;Hypocreales;Clavicipitaceae;Pochonia;Pochonia_chlamydosporia_var_catenulata
EU326165	Root;Basidiomycota;Agaricomycetes;Agaricales;Cortinariaceae;Inocybe;Inocybe_ochroalba
FJ177450	Root;Ascomycota;Sordariomycetes;Hypocreales;Clavicipitaceae;Beauveria;Beauveria_bassiana
AF433147	Root;Ascomycota;Leotiomycetes;Rhytismatales;Cudoniaceae;Cudonia;Cudonia_sichuanensis
AF433148	Root;Ascomycota;Leotiomycetes;Rhytismatales;Cudoniaceae;Cudonia;Cudonia_sichuanensis
AF433149	Root;Ascomycota;Leotiomycetes;Rhytismatales;Cudoniaceae;Cudonia;Cudonia_lutea
EU439453	Root;Basidiomycota;Agaricomycetes;Agaricales;Cortinariaceae;Inocybe;Inocybe_tubarioides
GU205260	Root;Ascomycota;Dothideomycetes;Pleosporales;Leptosphaeriaceae;Leptosphaeria;Leptosphaeria_maculans_brassicae_group
EU327195	Root;Ascomycota;Pezizomycetes;Pezizales;Morchellaceae;Imaia;Imaia_gigantea
EU327193	Root;Ascomycota;Pezizomycetes;Pezizales;Morchellaceae;Imaia;Imaia_gigantea
EU821481	Root;Ascomycota;Sordariomycetes;Diaporthales;Diaporthaceae;Diaporthe;Diaporthe_phaseolorum
GQ149774	Root;Ascomycota;Sordariomycetes;Hypocreales;Nectriaceae;Gibberella;Fusarium_nygamai
FJ441663	Root;Ascomycota;Sordariomycetes;Phyllachorales;Phyllachoraceae;Colletotrichum;Colletotrichum_boninense
AJ236065	Root;Basidiomycota;Agaricomycetes;Agaricales;Cortinariaceae;Cortinarius;Cortinarius_delibutus
EU486158	Root;Ascomycota;Saccharomycetes;Saccharomycetales;Saccharomycetaceae;Saccharomyces;Saccharomyces_cerevisiae
AF162464	Root;Glomeromycota;Glomeromycetes;Diversisporales;Gigasporaceae;Gigaspora;Gigaspora_margarita
AJ410754	Root;Glomeromycota;Glomeromycetes;Diversisporales;Gigasporaceae;Gigaspora;Gigaspora_gigantea
GU598069	Root;Basidiomycota;Pucciniomycetes;Pucciniales;Pucciniaceae;Puccinia;Puccinia_coronata
AJ534933	Root;Basidiomycota;Agaricomycetes;Agaricales;Cortinariaceae;Inocybe;Inocybe_maculata
EU486435	Root;Basidiomycota;Agaricomycetes;Agaricales;Tricholomataceae;Pleurotopsis;Pleurotopsis_longinqua
U57668	Root;Ascomycota;Sordariomycetes;Hypocreales;Clavicipitaceae;Elaphocordyceps;Elaphocordyceps_capitata
AF282108	Root;Ascomycota;Lecanoromycetes;Lecanorales;Ramalinaceae;Toninia;Toninia_talparum
AF282116	Root;Ascomycota;Lecanoromycetes;Lecanorales;Ramalinaceae;Toninia;Toninia_alutacea
AF439458	Root;Ascomycota;Dothideomycetes;Pleosporales;Leptosphaeriaceae;Leptosphaeria;Leptosphaeria_bellynckii
AF439486	Root;Ascomycota;Dothideomycetes;Pleosporales;Phaeosphaeriaceae;Phaeosphaeria;Phaeosphaeria_juncicola
AF439498	Root;Ascomycota;Dothideomycetes;Pleosporales;Phaeosphaeriaceae;Phaeosphaeria;Phaeosphaeria_pleurospora
AF439499	Root;Ascomycota;Dothideomycetes;Pleosporales;Phaeosphaeriaceae;Phaeosphaeria;Phaeosphaeria_pontiformis
AF439501	Root;Ascomycota;Dothideomycetes;Pleosporales;Phaeosphaeriaceae;Phaeosphaeria;Phaeosphaeria_silenes_acaulis
EU486992	Root;Ascomycota;Leotiomycetes;Erysiphales;Erysiphaceae;Golovinomyces;Golovinomyces_cichoracearum
EU515146	Root;Ascomycota;Eurotiomycetes;Eurotiales;Trichocomaceae;Talaromyces;Talaromyces_trachyspermus
GQ149764	Root;Ascomycota;Sordariomycetes;Diaporthales;Diaporthaceae;Diaporthe;Diaporthe_phaseolorum
AF440867	Root;Basidiomycota;Agaricomycetes;Boletales;Sclerodermataceae;Pisolithus;Pisolithus_microcarpus
EU523561	Root;Basidiomycota;Agaricomycetes;Agaricales;Cortinariaceae;Inocybe;Inocybe_intricata
EU523562	Root;Basidiomycota;Agaricomycetes;Agaricales;Cortinariaceae;Inocybe;Inocybe_rimosa
EU523575	Root;Basidiomycota;Agaricomycetes;Agaricales;Cortinariaceae;Inocybe;Inocybe_mutata
EU523581	Root;Basidiomycota;Agaricomycetes;Agaricales;Cortinariaceae;Inocybe;Inocybe_hirtella
EU523584	Root;Basidiomycota;Agaricomycetes;Agaricales;Cortinariaceae;Inocybe;Inocybe_nemorosa
EU523585	Root;Basidiomycota;Agaricomycetes;Agaricales;Cortinariaceae;Inocybe;Inocybe_subochracea
EU523587	Root;Basidiomycota;Agaricomycetes;Agaricales;Cortinariaceae;Inocybe;Inocybe_griseolilacina
EU523589	Root;Basidiomycota;Agaricomycetes;Agaricales;Cortinariaceae;Inocybe;Inocybe_fuligineoatra
GQ149770	Root;Ascomycota;Sordariomycetes;Hypocreales;Nectriaceae;Fusarium;Fusarium_chlamydosporum
EU545148	Root;Ascomycota;Eurotiomycetes;Eurotiales;Trichocomaceae;Paecilomyces;Paecilomyces_cateniannulatus
EU719545	Root;Ascomycota;Dothideomycetes;Dothideales;Dothioraceae;Aureobasidium;Aureobasidium_pullulans
DQ367896	Root;Basidiomycota;Agaricomycetes;Agaricales;Cortinariaceae;Cortinarius;Cortinarius_collinitus
EU526002	Root;Basidiomycota;Agaricomycetes;Agaricales;Entolomataceae;Entoloma;Entoloma_madidum
EU526005	Root;Basidiomycota;Agaricomycetes;Boletales;Boletaceae;Boletus;Boletus_subtomentosus
EU401714	Root;Basidiomycota;Agaricomycetes;Agaricales;Cortinariaceae;Gymnopilus;Gymnopilus_purpureosquamulosus
EF051729	Root;Ascomycota;Sordariomycetes;Hypocreales;Clavicipitaceae;Metarhizium;Metarhizium_anisopliae
EU343869	Root;Ascomycota;Saccharomycetes;Saccharomycetales;Pichiaceae;Yamadazyma;Yamadazyma_triangularis
EU231970	Root;Basidiomycota;Agaricomycetes;Boletales;Boletaceae;Boletus;Boletus_fibrillosus
GU134172	Root;Ascomycota;Sordariomycetes;Ophiostomatales;Ophiostomataceae;Ophiostoma;Ophiostoma_minus
EU551179	Root;Ascomycota;Eurotiomycetes;Eurotiales;Trichocomaceae;Penicillium;Penicillium_concentricum
EU551189	Root;Ascomycota;Sordariomycetes;Sordariales;Sordariaceae;Neurospora;Neurospora_cerealis
EU551192	Root;Ascomycota;Sordariomycetes;Hypocreales;Nectriaceae;Cylindrocladiella;Cylindrocladiella_peruviana
EU551205	Root;Ascomycota;Sordariomycetes;Sordariales;Sordariaceae;Gelasinospora;Gelasinospora_cratophora
EU254750	Root;Ascomycota;Sordariomycetes;Diaporthales;Gnomoniaceae;Apioplagiostoma;Apioplagiostoma_aceriferum
EU254778	Root;Ascomycota;Sordariomycetes;Diaporthales;Gnomoniaceae;Gnomonia;Gnomonia_emarginata
EU254786	Root;Ascomycota;Sordariomycetes;Diaporthales;Gnomoniaceae;Gnomonia;Gnomonia_neognomon
EU254860	Root;Ascomycota;Sordariomycetes;Diaporthales;Gnomoniaceae;Linospora;Linospora_ceuthocarpa
EU254889	Root;Ascomycota;Sordariomycetes;Diaporthales;Valsaceae;Ophiognomonia;Ophiognomonia_intermedia
EU254918	Root;Ascomycota;Sordariomycetes;Diaporthales;Gnomoniaceae;Plagiostoma;Plagiostoma_micromegalum
EU254941	Root;Ascomycota;Sordariomycetes;Diaporthales;Valsaceae;Ophiognomonia;Ophiognomonia_sassafras
EU254977	Root;Ascomycota;Sordariomycetes;Diaporthales;Valsaceae;Ophiognomonia;Ophiognomonia_vasiljevae
EU254992	Root;Ascomycota;Sordariomycetes;Diaporthales;Gnomoniaceae;Plagiostoma;Plagiostoma_acerophilum
EU255009	Root;Ascomycota;Sordariomycetes;Diaporthales;Gnomoniaceae;Plagiostoma;Plagiostoma_geranii
EU255045	Root;Ascomycota;Sordariomycetes;Diaporthales;Gnomoniaceae;Plagiostoma;Plagiostoma_rhododendri
EU255033	Root;Ascomycota;Sordariomycetes;Diaporthales;Gnomoniaceae;Apiognomonia;Apiognomonia_hystrix
EF026117	Root;Ascomycota;Sordariomycetes;Xylariales;Xylariaceae;Rosellinia;Rosellinia_necatrix
GQ267473	Root;Basidiomycota;Agaricomycetes;Agaricales;Cortinariaceae;Inocybe;Inocybe_lacera
AF410819	Root;Ascomycota;Lecanoromycetes;Lecanorales;Parmeliaceae;Imshaugia;Imshaugia_aleurites
AF410820	Root;Ascomycota;Lecanoromycetes;Lecanorales;Parmeliaceae;Parmeliopsis;Parmeliopsis_hyperopta
AF410821	Root;Ascomycota;Lecanoromycetes;Lecanorales;Parmeliaceae;Parmeliopsis;Parmeliopsis_hyperopta
EU591790	Root;Basidiomycota;Agaricomycetes;Cantharellales;Ceratobasidiaceae;Thanatephorus;Rhizoctonia_solani
EU400136	Root;Ascomycota;Sordariomycetes;Phyllachorales;Phyllachoraceae;Colletotrichum;Colletotrichum_trifolii
FJ459919	Root;Ascomycota;Sordariomycetes;Phyllachorales;Phyllachoraceae;Colletotrichum;Colletotrichum_orbiculare
AJ301962	Root;Ascomycota;Sordariomycetes;Hypocreales;Nectriaceae;Volutella;Volutella_colletotrichoides
DQ914740	Root;Ascomycota;Sordariomycetes;Hypocreales;Nectriaceae;Volutella;Volutella_ciliata
AJ301967	Root;Ascomycota;Sordariomycetes;Hypocreales;Nectriaceae;Volutella;Volutella_ciliata
EU484271	Root;Basidiomycota;Agaricomycetes;Polyporales;Polyporaceae;Trichaptum;Trichaptum_abietinum
EU598203	Root;Basidiomycota;Agaricomycetes;Agaricales;Physalacriaceae;Mucidula;Mucidula_mucida
EU715672	Root;Ascomycota;Sordariomycetes;Hypocreales;Nectriaceae;Gibberella;Fusarium_lateritium
EU520518	Root;Chytridiomycota;Chytridiomycetes;Rhizophlyctidales;Rhizophlyctidaceae;Rhizophlyctis;Rhizophlyctis_rosea
AF251178	Root;Basidiomycota;Agaricomycetes;Agaricales;Cortinariaceae;Galerina;Galerina_venenata
AF195603	Root;Basidiomycota;Agaricomycetes;Agaricales;Strophariaceae;Pholiota;Pholiota_aurivella
FJ746949	Root;Basidiomycota;Agaricomycetes;Cantharellales;Ceratobasidiaceae;Thanatephorus;Rhizoctonia_solani
AF325646	Root;Basidiomycota;Agaricomycetes;Agaricales;Cortinariaceae;Descolea;Descolea_antarctica
AF325651	Root;Basidiomycota;Agaricomycetes;Agaricales;Cortinariaceae;Descolea;Descolea_maculata
AF325653	Root;Basidiomycota;Agaricomycetes;Agaricales;Cortinariaceae;Descolea;Descolea_gunnii
AF501559	Root;Basidiomycota;Agaricomycetes;Agaricales;Cortinariaceae;Gymnopilus;Gymnopilus_sapineus
AF325664	Root;Basidiomycota;Agaricomycetes;Agaricales;Cortinariaceae;Inocybe;Inocybe_relicina
AF325665	Root;Basidiomycota;Agaricomycetes;Agaricales;Cortinariaceae;Inocybe;Inocybe_calospora
AF325599	Root;Basidiomycota;Agaricomycetes;Agaricales;Cortinariaceae;Thaxterogaster;Thaxterogaster_albocanus
AF325605	Root;Basidiomycota;Agaricomycetes;Agaricales;Cortinariaceae;Cortinarius;Cortinarius_fraudulosus
AF325607	Root;Basidiomycota;Agaricomycetes;Agaricales;Cortinariaceae;Cortinarius;Cortinarius_citriolens
AF454421	Root;Basidiomycota;Agaricomycetes;Russulales;Auriscalpiaceae;Artomyces;Artomyces_cristatus
AF454424	Root;Basidiomycota;Agaricomycetes;Russulales;Auriscalpiaceae;Artomyces;Artomyces_colensoi
AF454425	Root;Basidiomycota;Agaricomycetes;Russulales;Auriscalpiaceae;Artomyces;Artomyces_stephenii
AF454426	Root;Basidiomycota;Agaricomycetes;Russulales;Auriscalpiaceae;Artomyces;Artomyces_stephenii
AF454429	Root;Basidiomycota;Agaricomycetes;Russulales;Auriscalpiaceae;Auriscalpium;Auriscalpium_villipes
AJ309335	Root;Ascomycota;Sordariomycetes;Hypocreales;Ophiocordycipitaceae;Ophiocordyceps;Ophiocordyceps_robertsii
AJ309341	Root;Ascomycota;Sordariomycetes;Hypocreales;Clavicipitaceae;Cordyceps;Cordyceps_gunnii
AJ309352	Root;Ascomycota;Sordariomycetes;Hypocreales;Ophiocordycipitaceae;Ophiocordyceps;Ophiocordyceps_sobolifera
AJ309363	Root;Ascomycota;Sordariomycetes;Hypocreales;Ophiocordycipitaceae;Ophiocordyceps;Ophiocordyceps_cantharelloides
AJ309364	Root;Ascomycota;Sordariomycetes;Hypocreales;Ophiocordycipitaceae;Ophiocordyceps;Ophiocordyceps_tricentri
AJ309365	Root;Ascomycota;Sordariomycetes;Hypocreales;Ophiocordycipitaceae;Ophiocordyceps;Ophiocordyceps_bicephala
AJ309366	Root;Ascomycota;Sordariomycetes;Hypocreales;Ophiocordycipitaceae;Ophiocordyceps;Ophiocordyceps_nutans
AJ309367	Root;Ascomycota;Sordariomycetes;Hypocreales;Ophiocordycipitaceae;Ophiocordyceps;Ophiocordyceps_nutans
AJ309350	Root;Ascomycota;Sordariomycetes;Xylariales;Xylariaceae;Xylaria;Xylaria_hypoxylon
EU669373	Root;Basidiomycota;Agaricomycetes;Boletales;Rhizopogonaceae;Rhizopogon;Rhizopogon_burlinghamii
AF062936	Root;Basidiomycota;Agaricomycetes;Boletales;Rhizopogonaceae;Rhizopogon;Rhizopogon_luteolus
AF263938	Root;Basidiomycota;Agaricomycetes;Boletales;Rhizopogonaceae;Rhizopogon;Rhizopogon_vinicolor
AH011348	Root;Basidiomycota;Agaricomycetes;Boletales;Rhizopogonaceae;Rhizopogon;Rhizopogon_colossus
AF071444	Root;Basidiomycota;Agaricomycetes;Boletales;Rhizopogonaceae;Rhizopogon;Rhizopogon_diabolicus
EU852805	Root;Basidiomycota;Agaricomycetes;Boletales;Rhizopogonaceae;Rhizopogon;Rhizopogon_semireticulatus
AF362070	Root;Ascomycota;Dothideomycetes;Capnodiales;Mycosphaerellaceae;Mycosphaerella;Mycosphaerella_dearnessii
FM213365	Root;Basidiomycota;Agaricomycetes;Boletales;Sclerodermataceae;Pisolithus;Pisolithus_arhizus
AF228656	Root;Basidiomycota;Agaricomycetes;Boletales;Sclerodermataceae;Pisolithus;Pisolithus_tinctorius
AF004735	Root;Basidiomycota;Agaricomycetes;Boletales;Sclerodermataceae;Pisolithus;Pisolithus_tinctorius
AF374706	Root;Basidiomycota;Agaricomycetes;Boletales;Sclerodermataceae;Pisolithus;Pisolithus_tinctorius
FJ710202	Root;Basidiomycota;Agaricomycetes;Boletales;Sclerodermataceae;Pisolithus;Pisolithus_albus
AJ586521	Root;Ascomycota;Saccharomycetes;Saccharomycetales;Saccharomycetaceae;Debaryomyces;Debaryomyces_carsonii
AB054106	Root;Ascomycota;Saccharomycetes;Saccharomycetales;Pichiaceae;Pichia;Pichia_nakazawae_var_akitaensis
EU554070	Root;Ascomycota;Sordariomycetes;Phyllachorales;Phyllachoraceae;Colletotrichum;Colletotrichum_nicholsonii
FJ602965	Root;Ascomycota;Sordariomycetes;Hypocreales;Nectriaceae;Gibberella;Gibberella_avenacea
EU589152	Root;Ascomycota;Sordariomycetes;Hypocreales;Bionectriaceae;Bionectria;Bionectria_ochroleuca
EU552798	Root;Basidiomycota;Agaricomycetes;Agaricales;Tricholomataceae;Tricholoma;Tricholoma_matsutake
EU128596	Root;Ascomycota;Eurotiomycetes;Eurotiales;Trichocomaceae;Penicillium;Penicillium_polonicum
AB078341	Root;Basidiomycota;Agaricomycetes;Agaricales;Tricholomataceae;Tricholoma;Tricholoma_robustum
EU583422	Root;Basidiomycota;Agaricomycetes;Hymenochaetales;Schizoporaceae;Hyphodontia;Hyphodontia_niemelaei
EU433390	Root;Basidiomycota;Agaricomycetes;Agaricales;Cortinariaceae;Cortinarius;Cortinarius_fuscoperonatus
EU448272	Root;Ascomycota;Eurotiomycetes;Eurotiales;Trichocomaceae;Emericella;Emericella_discophora
AF458456	Root;Basidiomycota;Agaricomycetes;Agaricales;Tricholomataceae;Tricholoma;Tricholoma_flavovirens
U56033	Root;Basidiomycota;Agaricomycetes;Agaricales;Cortinariaceae;Cortinarius;Cortinarius_vibratilis
U56056	Root;Basidiomycota;Agaricomycetes;Agaricales;Cortinariaceae;Cortinarius;Dermocybe_sanguinea
U56036	Root;Basidiomycota;Agaricomycetes;Agaricales;Cortinariaceae;Dermocybe_aspenensis;Dermocybe_aspenensis
EU326220	Root;Ascomycota;Sordariomycetes;Hypocreales;Clavicipitaceae;Cordyceps;Cordyceps_militaris
AF458445	Root;Basidiomycota;Agaricomycetes;Agaricales;Tricholomataceae;Tricholoma;Tricholoma_mutabile
AF458448	Root;Basidiomycota;Agaricomycetes;Agaricales;Tricholomataceae;Tricholoma;Tricholoma_luteomaculosum
EU186300	Root;Basidiomycota;Agaricomycetes;Agaricales;Tricholomataceae;Tricholoma;Tricholoma_flavovirens
AF458454	Root;Basidiomycota;Agaricomycetes;Agaricales;Tricholomataceae;Tricholoma;Tricholoma_flavovirens
FJ177464	Root;Ascomycota;Sordariomycetes;Hypocreales;Cordycipitaceae;Isaria;Isaria_fumosorosea
AF394020	Root;Ascomycota;Pezizomycetes;Pezizales;Sarcoscyphaceae;Cookeina;Cookeina_tricholoma
AF394027	Root;Ascomycota;Pezizomycetes;Pezizales;Sarcoscyphaceae;Cookeina;Cookeina_sinensis
AF394029	Root;Ascomycota;Pezizomycetes;Pezizales;Sarcoscyphaceae;Cookeina;Cookeina_indica
AF394042	Root;Ascomycota;Pezizomycetes;Pezizales;Sarcoscyphaceae;Cookeina;Cookeina_venezuelae
AF394044	Root;Ascomycota;Pezizomycetes;Pezizales;Sarcoscyphaceae;Cookeina;Cookeina_venezuelae
AF394046	Root;Ascomycota;Pezizomycetes;Pezizales;Sarcoscyphaceae;Microstoma;Microstoma_floccosum
FJ481033	Root;Basidiomycota;Agaricomycetes;Agaricales;Lycoperdaceae;Vascellum;Vascellum_pratense
AB070888	Root;Basidiomycota;Agaricomycetes;Polyporales;Polyporaceae;Polyporus;Polyporus_tricholoma
EU670232	Root;Ascomycota;Lecanoromycetes;Teloschistales;Physciaceae;Physconia;Physconia_detersa
U57723	Root;Basidiomycota;Agaricomycetes;Cantharellales;Ceratobasidiaceae;Thanatephorus;Thanatephorus_cucumeris
FJ435149	Root;Basidiomycota;Agaricomycetes;Cantharellales;Ceratobasidiaceae;Thanatephorus;Rhizoctonia_solani
FJ435129	Root;Basidiomycota;Agaricomycetes;Cantharellales;Ceratobasidiaceae;Thanatephorus;Rhizoctonia_solani
U57742	Root;Basidiomycota;Agaricomycetes;Cantharellales;Ceratobasidiaceae;Thanatephorus;Thanatephorus_cucumeris
U57743	Root;Basidiomycota;Agaricomycetes;Cantharellales;Ceratobasidiaceae;Thanatephorus;Thanatephorus_cucumeris
EU014056	Root;Basidiomycota;Pucciniomycetes;Pucciniales;Pucciniaceae;Puccinia;Puccinia_drabae
U88220	Root;Basidiomycota;Pucciniomycetes;Pucciniales;Pucciniaceae;Puccinia;Puccinia_thlaspeos
U88223	Root;Basidiomycota;Pucciniomycetes;Pucciniales;Pucciniaceae;Puccinia;Puccinia_monoica
U88225	Root;Basidiomycota;Pucciniomycetes;Pucciniales;Pucciniaceae;Puccinia;Puccinia_monoica
U88231	Root;Basidiomycota;Pucciniomycetes;Pucciniales;Pucciniaceae;Puccinia;Puccinia_aberrans
EU592033	Root;Ascomycota;Sordariomycetes;Hypocreales;Ophiocordycipitaceae;Ophiocordyceps;Ophiocordyceps_sinensis
EU621832	Root;Ascomycota;Sordariomycetes;Sordariales;Lasiosphaeriaceae;Podospora;Podospora_excentrica
FJ473426	Root;Ascomycota;Dothideomycetes;Capnodiales;Mycosphaerellaceae;Cercospora;Cercospora_beticola
AF350033	Root;Ascomycota;Lecanoromycetes;Lecanorales;Parmeliaceae;Parmelia;Parmelia_saxatilis
AF350027	Root;Ascomycota;Lecanoromycetes;Lecanorales;Parmeliaceae;Parmelia;Parmelia_saxatilis
AJ842332	Root;Ascomycota;Sordariomycetes;Microascales;Microascaceae;Pseudallescheria;Pseudallescheria_boydii
EU258606	Root;Ascomycota;Eurotiomycetes;Eurotiales;Trichocomaceae;Aspergillus;Aspergillus_fumigatus
EF094829	Root;Ascomycota;Eurotiomycetes;Eurotiales;Trichocomaceae;Aspergillus;Aspergillus_niger
EU622257	Root;Basidiomycota;Agaricomycetes;Agaricales;Lycoperdaceae;Lycoperdon;Lycoperdon_perlatum
EU652341	Root;Basidiomycota;Agaricomycetes;Gomphales;Gomphaceae;Ramaria;Ramaria_botrytis_var_aurantiiramosa
EU652342	Root;Basidiomycota;Agaricomycetes;Gomphales;Gomphaceae;Ramaria;Ramaria_largentii
EU652344	Root;Basidiomycota;Agaricomycetes;Gomphales;Gomphaceae;Ramaria;Ramaria_largentii
EU652348	Root;Ascomycota;Leotiomycetes;Rhytismatales;Cudoniaceae;Cudonia;Cudonia_monticola
EU652349	Root;Ascomycota;Leotiomycetes;Helotiales;Helotiaceae;Gelatinodiscus;Gelatinodiscus_flavidus
EU664474	Root;Ascomycota;Eurotiomycetes;Eurotiales;Trichocomaceae;Aspergillus;Aspergillus_candidus
GU934596	Root;Basidiomycota;Agaricomycetes;Agaricales;Strophariaceae;Pholiota;Pholiota_carbonaria
FJ903321	Root;Ascomycota;Sordariomycetes;Xylariales;Xylariaceae;Nemania;Hypoxylon_serpens
AF201707	Root;Ascomycota;Sordariomycetes;Xylariales;Xylariaceae;Nemania;Nemania_serpens
EU715623	Root;Ascomycota;Sordariomycetes;Xylariales;Xylariaceae;Xylaria;Xylaria_curta
FJ848859	Root;Ascomycota;Sordariomycetes;Xylariales;Xylariaceae;Annulohypoxylon;Annulohypoxylon_stygium
AB180368	Root;Basidiomycota;Exobasidiomycetes;Exobasidiales;Exobasidiaceae;Exobasidium;Exobasidium_bisporum
AB301602	Root;Basidiomycota;Agaricomycetes;Agaricales;Entolomataceae;Entoloma;Entoloma_rhodopolium
AB301603	Root;Basidiomycota;Agaricomycetes;Agaricales;Entolomataceae;Entoloma;Entoloma_crassipes
AB301606	Root;Basidiomycota;Agaricomycetes;Agaricales;Tricholomataceae;Clitocybe;Clitocybe_acromelalga
EU708338	Root;Basidiomycota;Agaricomycetes;Agaricales;Tricholomataceae;Arthromyces;Arthromyces_matolae
EU708340	Root;Basidiomycota;Agaricomycetes;Agaricales;Lyophyllaceae;Blastosporella;Blastosporella_zonata
FJ515724	Root;Ascomycota;Dothideomycetes;Capnodiales;Teratosphaeriaceae;Teratosphaeria;Teratosphaeria_parva
EU707893	Root;Ascomycota;Dothideomycetes;Capnodiales;Teratosphaeriaceae;Batcheloromyces;Batcheloromyces_sedgefieldii
EU707898	Root;Ascomycota;Dothideomycetes;Capnodiales;Mycosphaerellaceae;Phaeothecoidea;Phaeothecoidea_proteae
EU707900	Root;Ascomycota;Dothideomycetes;Capnodiales;Teratosphaeriaceae;Readeriella;Readeriella_guyanensis
EU677810	Root;Ascomycota;Dothideomycetes;Capnodiales;Mycosphaerellaceae;Guignardia;Guignardia_mangiferae
AY636061	Root;Basidiomycota;Agaricomycetes;Polyporales;Polyporaceae;Tyromyces;Tyromyces_chioneus
EF447378	Root;Ascomycota;Sordariomycetes;Diaporthales;Valsaceae;Valsa;Cytospora_nivea
EU520120	Root;Ascomycota;Dothideomycetes;Botryosphaeriales;Botryosphaeriaceae;Macrophoma;Macrophoma_sophoricola
EU520128	Root;Ascomycota;Dothideomycetes;Botryosphaeriales;Botryosphaeriaceae;Phyllosticta;Phyllosticta_heveae
EU520132	Root;Ascomycota;Dothideomycetes;Botryosphaeriales;Botryosphaeriaceae;Dothiorella;Dothiorella_gregaria
EU520137	Root;Basidiomycota;Agaricomycetes;Polyporales;Ganodermataceae;Ganoderma;Ganoderma_lucidum
EU520144	Root;Basidiomycota;Agaricomycetes;Agaricales;Coprinaceae;Coprinus;Coprinus_silvaticus
EU520146	Root;Ascomycota;Sordariomycetes;Hypocreales;Nectriaceae;Gibberella;Gibberella_moniliformis
FJ462754	Root;Basidiomycota;Agaricomycetes;Auriculariales;Auriculariaceae;Auricularia;Auricularia_auricula_judae
EU520172	Root;Ascomycota;Sordariomycetes;Hypocreales;Nectriaceae;Fusarium;Fusarium_incarnatum
EU520174	Root;Ascomycota;Sordariomycetes;Diaporthales;Valsaceae;Phomopsis;Phomopsis_fukushii
FJ515002	Root;Ascomycota;Sordariomycetes;Diaporthales;Valsaceae;Valsa;Valsa_sordida
EU520226	Root;Ascomycota;Sordariomycetes;Diaporthales;Valsaceae;Valsa;Valsa_ambiens
EU520237	Root;Basidiomycota;Agaricomycetes;Auriculariales;Auriculariaceae;Auricularia;Auricularia_auricula_judae
EU697239	Root;Basidiomycota;Agaricomycetes;Boletales;Gomphidiaceae;Brauniellula;Brauniellula_albipes
EU697242	Root;Basidiomycota;Agaricomycetes;Gomphales;Gomphaceae;Gomphus;Gomphus_bonarii
EU697244	Root;Basidiomycota;Agaricomycetes;Agaricales;Tricholomataceae;Clitocybe;Clitocybe_subditopoda
EU697272	Root;Basidiomycota;Agaricomycetes;Boletales;Suillaceae;Truncocolumella;Truncocolumella_rubra
EU553494	Root;Ascomycota;Eurotiomycetes;Verrucariales;Verrucariaceae;Polyblastia;Polyblastia_hyperborea
AY456376	Root;Basidiomycota;Agaricomycetes;Cantharellales;Clavulinaceae;Clavulina;Clavulina_cinerea
EU918702	Root;Ascomycota;Sordariomycetes;Hypocreales;Cordycipitaceae;Lecanicillium;Lecanicillium_psalliotae
FJ874774	Root;Ascomycota;Leotiomycetes;Erysiphales;Erysiphaceae;Golovinomyces;Golovinomyces_biocellatus
JN228359	Root;Ascomycota;Leotiomycetes;Erysiphales;Erysiphaceae;Golovinomyces;Golovinomyces_biocellatus
EU552101	Root;Ascomycota;Sordariomycetes;Xylariales;Xylariaceae;Anthostomella;Anthostomella_proteae
EU552126	Root;Ascomycota;Sordariomycetes;Xylariales;Diatrypaceae;Eutypa;Eutypa_consobrina
EU552133	Root;Ascomycota;Dothideomycetes;Hysteriales;Hysteriaceae;Gloniopsis;Gloniopsis_praelonga
EU660447	Root;Ascomycota;Sordariomycetes;Microascales;Ceratocystidaceae;Gondwanamyces;Gondwanamyces_capensis
EU552137	Root;Ascomycota;Dothideomycetes;Hysteriales;Hysteriaceae;Hysterium;Hysterium_pulicare
EU552139	Root;Ascomycota;Dothideomycetes;Pleosporales;Lophiostomataceae;Lophiostoma;Lophiostoma_fuckelii
EU552140	Root;Ascomycota;Dothideomycetes;Pleosporales;Lophiostomataceae;Lophiostoma;Lophiostoma_macrostomum
EU552141	Root;Ascomycota;Dothideomycetes;Pleosporales;Lophiostomataceae;Lophiostoma;Lophiostoma_macrostomum
AF351868	Root;Basidiomycota;Agaricomycetes;Thelephorales;Bankeraceae;Hydnellum;Hydnellum_geogenium
AF395309	Root;Basidiomycota;Tremellomycetes;Tremellales;Exidiaceae;Exidiopsis;Exidiopsis_plumbescens
EU573321	Root;Ascomycota;Sordariomycetes;Hypocreales;Clavicipitaceae;Cordyceps;Cordyceps_militaris
EU573322	Root;Ascomycota;Sordariomycetes;Hypocreales;Clavicipitaceae;Cordyceps;Beauveria_brongniartii
EU573333	Root;Ascomycota;Sordariomycetes;Hypocreales;Cordycipitaceae;Isaria;Isaria_cicadae
EU573334	Root;Ascomycota;Sordariomycetes;Hypocreales;Cordycipitaceae;Isaria;Isaria_tenuipes
EU573335	Root;Ascomycota;Sordariomycetes;Hypocreales;Cordycipitaceae;Isaria;Isaria_tenuipes
EU573336	Root;Ascomycota;Sordariomycetes;Hypocreales;Cordycipitaceae;Isaria;Isaria_tenuipes
AB329690	Root;Ascomycota;Leotiomycetes;Erysiphales;Erysiphaceae;Arthrocladiella;Arthrocladiella_mougeotii
EU553322	Root;Ascomycota;Eurotiomycetes;Eurotiales;Trichocomaceae;Paecilomyces;Paecilomyces_marquandii
EU553340	Root;Ascomycota;Sordariomycetes;Hypocreales;Clavicipitaceae;Nomuraea;Nomuraea_anemonoides
GQ229081	Root;Ascomycota;Eurotiomycetes;Eurotiales;Trichocomaceae;Talaromyces;Talaromyces_spectabilis
FJ194521	Root;Ascomycota;Dothideomycetes;Capnodiales;Mycosphaerellaceae;Mycosphaerella;Ascochyta_pinodes
HQ604512	Root;Basidiomycota;Agaricomycetes;Agaricales;Cortinariaceae;Inocybe;Inocybe_abjecta
AM947674	Root;Glomeromycota;Glomeromycetes;Diversisporales;Gigasporaceae;Scutellospora;Scutellospora_pellucida
EU683062	Root;Ascomycota;Sordariomycetes;Diaporthales;Valsaceae;Anisogramma;Anisogramma_virgultorum
GQ328758	Root;Basidiomycota;Pucciniomycetes;Pucciniales;Melampsoraceae;Melampsora;Melampsora_magnusiana
HQ604377	Root;Basidiomycota;Agaricomycetes;Agaricales;Cortinariaceae;Inocybe;Inocybe_olympiana
EU770613	Root;Basidiomycota;Pucciniomycetes;Pucciniales;Pucciniaceae;Puccinia;Puccinia_trebouxi
EU781486	Root;Ascomycota;Dothideomycetes;Capnodiales;Mycosphaerellaceae;Guignardia;Guignardia_mangiferae
EU707822	Root;Ascomycota;Lecanoromycetes;Lecanorales;Parmeliaceae;Hypogymnia;Hypogymnia_occidentalis
EU707817	Root;Ascomycota;Lecanoromycetes;Lecanorales;Parmeliaceae;Hypogymnia;Hypogymnia_imshaugii
FJ435124	Root;Basidiomycota;Agaricomycetes;Cantharellales;Ceratobasidiaceae;Thanatephorus;Rhizoctonia_solani
U57882	Root;Basidiomycota;Agaricomycetes;Cantharellales;Ceratobasidiaceae;Thanatephorus;Thanatephorus_cucumeris
EU791921	Root;Ascomycota;Leotiomycetes;Erysiphales;Erysiphaceae;Golovinomyces;Golovinomyces_cichoracearum
GQ354271	Root;Basidiomycota;Agaricomycetes;Gloeophyllales;Gloeophyllaceae;Gloeophyllum;Gloeophyllum_abietinum
JF773598	Root;Ascomycota;Sordariomycetes;Xylariales;Xylariaceae;Xylaria;Xylaria_curta
EU669202	Root;Basidiomycota;Agaricomycetes;Gomphales;Gomphaceae;Clavariadelphus;Clavariadelphus_occidentalis
EU834202	Root;Basidiomycota;Agaricomycetes;Gomphales;Gomphaceae;Clavariadelphus;Clavariadelphus_occidentalis
EU669210	Root;Basidiomycota;Agaricomycetes;Cantharellales;Clavulinaceae;Clavulina;Clavulina_castaneipes
EU846244	Root;Basidiomycota;Agaricomycetes;Gomphales;Gomphaceae;Gomphus;Gomphus_bonarii
EU852799	Root;Ascomycota;Pezizomycetes;Pezizales;Pyronemataceae;Otidea;Otidea_smithii
EU669214	Root;Ascomycota;Pezizomycetes;Pezizales;Pyronemataceae;Aleuria;Sowerbyella_rhenana
EU669227	Root;Basidiomycota;Agaricomycetes;Thelephorales;Bankeraceae;Sarcodon;Sarcodon_fuscoindicus
EU669230	Root;Basidiomycota;Agaricomycetes;Thelephorales;Bankeraceae;Sarcodon;Sarcodon_fuscoindicus
EU669233	Root;Basidiomycota;Agaricomycetes;Agaricales;Cortinariaceae;Dermocybe_humboldtensis;Dermocybe_humboldtensis
EU669324	Root;Basidiomycota;Agaricomycetes;Boletales;Rhizopogonaceae;Rhizopogon;Rhizopogon_bacillisporus
EU669325	Root;Basidiomycota;Agaricomycetes;Gomphales;Gomphaceae;Ramaria;Ramaria_coulterae
EU669331	Root;Basidiomycota;Agaricomycetes;Agaricales;Tricholomataceae;Catathelasma;Catathelasma_ventricosum
GQ165705	Root;Basidiomycota;Agaricomycetes;Agaricales;Cortinariaceae;Phaeocollybia;Phaeocollybia_spadicea
EU669366	Root;Basidiomycota;Agaricomycetes;Agaricales;Cortinariaceae;Phaeocollybia;Phaeocollybia_fallax
EU669369	Root;Basidiomycota;Agaricomycetes;Gomphales;Gomphaceae;Ramaria;Ramaria_rainierensis
EU669376	Root;Basidiomycota;Agaricomycetes;Boletales;Boletaceae;Boletus;Boletus_pulcherrimus
EU669378	Root;Basidiomycota;Agaricomycetes;Gomphales;Gomphaceae;Ramaria;Ramaria_conjunctipes
EU846304	Root;Basidiomycota;Agaricomycetes;Gomphales;Gomphaceae;Ramaria;Ramaria_conjunctipes
EU669382	Root;Basidiomycota;Agaricomycetes;Agaricales;Tricholomataceae;Gamundia;Gamundia_leucophylla
EU669394	Root;Basidiomycota;Agaricomycetes;Russulales;Albatrellaceae;Albatrellus;Albatrellus_avellaneus
FN561807	Root;Basidiomycota;Tremellomycetes;Filobasidiales;Filobasidiaceae;Cryptococcus;Cryptococcus_laurentii
GU361938	Root;Ascomycota;Sordariomycetes;Hypocreales;Bionectriaceae;Stephanonectria;Stephanonectria_keithii
EU625991	Root;Basidiomycota;Tremellomycetes;Tremellales;Exidiaceae;Sebacina;Sebacina_vermifera
EU841913	Root;Basidiomycota;Agaricomycetes;Polyporales;Ganodermataceae;Ganoderma;Ganoderma_boninense
FJ717505	Root;Basidiomycota;Agaricomycetes;Agaricales;Cortinariaceae;Cortinarius;Cortinarius_camphoratus
EU834195	Root;Basidiomycota;Agaricomycetes;Gomphales;Gomphaceae;Clavariadelphus;Clavariadelphus_occidentalis
EU834208	Root;Ascomycota;Pezizomycetes;Pezizales;Pyronemataceae;Otidea;Otidea_smithii
EU649783	Root;Ascomycota;Sordariomycetes;Xylariales;Diatrypaceae;Eutypa;Eutypa_leptoplaca
EU837199	Root;Basidiomycota;Agaricomycetes;Gomphales;Gomphaceae;Ramaria;Ramaria_aurantiisiccescens
EU837206	Root;Ascomycota;Leotiomycetes;Rhytismatales;Cudoniaceae;Cudonia;Cudonia_monticola
EU837220	Root;Basidiomycota;Agaricomycetes;Boletales;Rhizopogonaceae;Rhizopogon;Rhizopogon_flavofibrillosus
EU837225	Root;Basidiomycota;Agaricomycetes;Boletales;Suillaceae;Truncocolumella;Truncocolumella_rubra
EU837230	Root;Basidiomycota;Agaricomycetes;Boletales;Rhizopogonaceae;Rhizopogon;Rhizopogon_bacillisporus
EU837231	Root;Basidiomycota;Agaricomycetes;Gomphales;Gomphaceae;Ramaria;Ramaria_rubribrunnescens
EU819415	Root;Basidiomycota;Agaricomycetes;Cantharellales;Clavulinaceae;Clavulina;Clavulina_cristata
EU819418	Root;Basidiomycota;Agaricomycetes;Atheliales;Atheliaceae;Piloderma;Piloderma_byssinum
EU819439	Root;Basidiomycota;Agaricomycetes;Boletales;Sclerodermataceae;Scleroderma;Scleroderma_cepa
EU819441	Root;Basidiomycota;Agaricomycetes;Boletales;Sclerodermataceae;Scleroderma;Scleroderma_michiganense
EU819445	Root;Basidiomycota;Tremellomycetes;Tremellales;Exidiaceae;Tremellodendron;Tremellodendron_pallidum
EU819446	Root;Basidiomycota;Agaricomycetes;Agaricales;Tricholomataceae;Tricholoma;Tricholoma_populinum
EU819448	Root;Basidiomycota;Agaricomycetes;Agaricales;Tricholomataceae;Tricholoma;Tricholoma_sulphureum
GQ166902	Root;Basidiomycota;Agaricomycetes;Agaricales;Amanitaceae;Amanita;Amanita_flavorubescens
EU819470	Root;Ascomycota;Pezizomycetes;Pezizales;Pyronemataceae;Humaria;Humaria_hemisphaerica
EU819472	Root;Basidiomycota;Agaricomycetes;Agaricales;Cortinariaceae;Inocybe;Inocybe_calospora
EU819489	Root;Basidiomycota;Agaricomycetes;Agaricales;Amanitaceae;Amanita;Amanita_vaginata
EU819499	Root;Basidiomycota;Agaricomycetes;Agaricales;Cortinariaceae;Cortinarius;Cortinarius_subsertipes
EU819453	Root;Basidiomycota;Agaricomycetes;Boletales;Boletaceae;Boletus;Boletus_pulverulentus
EU819506	Root;Ascomycota;Pezizomycetes;Pezizales;Pyronemataceae;Humaria;Humaria_hemisphaerica
EU819537	Root;Basidiomycota;Tremellomycetes;Tremellales;Exidiaceae;Sebacina;Sebacina_epigaea
EU819538	Root;Ascomycota;Pezizomycetes;Pezizales;Pyronemataceae;Humaria;Humaria_hemisphaerica
EU846259	Root;Basidiomycota;Agaricomycetes;Russulales;Albatrellaceae;Leucogaster;Leucogaster_citrinus
EU846268	Root;Basidiomycota;Agaricomycetes;Agaricales;Cortinariaceae;Phaeocollybia;Phaeocollybia_piceae
GQ165684	Root;Basidiomycota;Agaricomycetes;Agaricales;Cortinariaceae;Phaeocollybia;Phaeocollybia_oregonensis
EU635979	Root;Ascomycota;Lecanoromycetes;Teloschistales;Caliciaceae;Calicium;Calicium_sequoiae
EU645679	Root;Ascomycota;Eurotiomycetes;Eurotiales;Trichocomaceae;Aspergillus;Aspergillus_japonicus
FJ549440	Root;Ascomycota;Eurotiomycetes;Eurotiales;Trichocomaceae;Aspergillus;Aspergillus_aculeatus
EU655679	Root;Basidiomycota;Agaricomycetes;Agaricales;Cortinariaceae;Cortinarius;Cortinarius_rapaceotomentosus
FJ039637	Root;Basidiomycota;Agaricomycetes;Agaricales;Cortinariaceae;Cortinarius;Cortinarius_pinophilus
EU660946	Root;Basidiomycota;Agaricomycetes;Agaricales;Cortinariaceae;Cortinarius;Cortinarius_memoria_annae
EU660951	Root;Basidiomycota;Agaricomycetes;Agaricales;Cortinariaceae;Cortinarius;Cortinarius_lacteus
EU673336	Root;Ascomycota;Dothideomycetes;Botryosphaeriales;Botryosphaeriaceae;Phaeobotryon;Phaeobotryon_mamane
EU673340	Root;Ascomycota;Dothideomycetes;Botryosphaeriales;Botryosphaeriaceae;Neodeightonia;Neodeightonia_phoenicum
AM774155	Root;Ascomycota;Sordariomycetes;Microascales;Microascaceae;Wardomyces;Wardomyces_inflatus
AM774156	Root;Ascomycota;Sordariomycetes;Microascales;Microascaceae;Microascus;Microascus_trigonosporus_var_trigonosporus
AM774157	Root;Ascomycota;Sordariomycetes;Microascales;Microascaceae;Wardomyces;Wardomyces_humicola
FJ914669	Root;Ascomycota;Sordariomycetes;Microascales;Microascaceae;Graphium;Graphium_dubautiae
EU863218	Root;Basidiomycota;Agaricomycetes;Atheliales;Atheliaceae;Athelia;Athelia_rolfsii
EU854436	Root;Basidiomycota;Agaricomycetes;Polyporales;Fomitopsidaceae;Fomitopsis;Fomitopsis_officinalis
EU856062	Root;Ascomycota;Dothideomycetes;Botryosphaeriales;Botryosphaeriaceae;Neofusicoccum;Neofusicoccum_arbuti
EU872427	Root;Ascomycota;Sordariomycetes;Hypocreales;Nectriaceae;Fusarium;Fusarium_oxysporum
AF404123	Root;Ascomycota;Lecanoromycetes;Lecanorales;Parmeliaceae;Nephromopsis;Nephromopsis_ahtii
EU883597	Root;Ascomycota;Eurotiomycetes;Eurotiales;Trichocomaceae;Aspergillus;Aspergillus_candidus
FJ478111	Root;Basidiomycota;Tremellomycetes;Tremellales;Exidiaceae;Guepinia;Guepinia_spathularia
FJ478127	Root;Basidiomycota;Agaricomycetes;Polyporales;Ganodermataceae;Ganoderma;Ganoderma_ramosissimum
EU913701	Root;Ascomycota;Sordariomycetes;Ophiostomatales;Ophiostomataceae;Ceratocystiopsis;Ceratocystiopsis_minima
EU913706	Root;Ascomycota;Sordariomycetes;Ophiostomatales;Ophiostomataceae;Ceratocystiopsis;Ceratocystiopsis_minima
EU909445	Root;Basidiomycota;Agaricomycetes;Agaricales;Amanitaceae;Amanita;Amanita_ocreata
GQ250404	Root;Basidiomycota;Agaricomycetes;Agaricales;Amanitaceae;Amanita;Amanita_ocreata
EU685111	Root;Basidiomycota;Agaricomycetes;Boletales;Boletaceae;Chalciporus;Chalciporus_rubinellus
EU685114	Root;Basidiomycota;Agaricomycetes;Boletales;Boletaceae;Tylopilus;Tylopilus_atronicotianus
AY725528	Root;Ascomycota;Dothideomycetes;Capnodiales;Mycosphaerellaceae;Pseudocercospora;Pseudocercospora_pseudoeucalyptorum
EU683655	Root;Ascomycota;Dothideomycetes;Botryosphaeriales;Botryosphaeriaceae;Endomelanconiopsis;Endomelanconiopsis_microspora
EU920673	Root;Basidiomycota;Agaricomycetes;Agaricales;Pluteaceae;Volvariella;Volvariella_bombycina
EU730860	Root;Basidiomycota;Agaricomycetes;Cantharellales;Ceratobasidiaceae;Thanatephorus;Rhizoctonia_solani
EU837217	Root;Basidiomycota;Agaricomycetes;Agaricales;Cortinariaceae;Cortinarius;Cortinarius_boulderensis
EU681281	Root;Ascomycota;Lecanoromycetes;Teloschistales;Physciaceae;Anaptychia;Anaptychia_ciliaris
EU934759	Root;Ascomycota;Dothideomycetes;Dothideales;Dothioraceae;Aureobasidium;Aureobasidium_pullulans
FJ157143	Root;Basidiomycota;Agaricomycetes;Agaricales;Cortinariaceae;Cortinarius;Cortinarius_herpeticus
EU718092	Root;Basidiomycota;Agaricomycetes;Boletales;Calostomataceae;Calostoma;Calostoma_insignis
EU718112	Root;Basidiomycota;Agaricomycetes;Boletales;Sclerodermataceae;Pisolithus;Pisolithus_aurantioscabrosus
EU718116	Root;Basidiomycota;Agaricomycetes;Boletales;Sclerodermataceae;Scleroderma;Scleroderma_areolatum
EU784411	Root;Basidiomycota;Agaricomycetes;Boletales;Sclerodermataceae;Scleroderma;Scleroderma_cepa
EU718126	Root;Basidiomycota;Agaricomycetes;Boletales;Sclerodermataceae;Scleroderma;Scleroderma_xanthochroum
GQ922920	Root;Ascomycota;Sordariomycetes;Hypocreales;Nectriaceae;Haematonectria;Fusarium_solani
EU702434	Root;Ascomycota;Sordariomycetes;Xylariales;Diatrypaceae;Eutypella;Eutypella_scoparia
EU702437	Root;Ascomycota;Sordariomycetes;Xylariales;Diatrypaceae;Eutypella;Eutypella_scoparia
FJ000402	Root;Ascomycota;Leotiomycetes;Helotiales;Helotiaceae;Articulospora;Articulospora_atra
GQ152145	Root;Ascomycota;Leotiomycetes;Helotiales;Helotiaceae;Hymenoscyphus;Articulospora_tetracladia
EU706334	Root;Basidiomycota;Agaricomycetes;Boletales;Gomphidiaceae;Chroogomphus;Chroogomphus_pseudotomentosus
GQ461906	Root;Ascomycota;Eurotiomycetes;Eurotiales;Trichocomaceae;Neosartorya;Neosartorya_hiratsukae
EU714323	Root;Ascomycota;Saccharomycetes;Saccharomycetales;Pichiaceae;Pichia;Pichia_burtonii
FJ545392	Root;Ascomycota;Sordariomycetes;Hypocreales;Nectriaceae;Fusarium;Fusarium_chlamydosporum
FJ037730	Root;Ascomycota;Sordariomycetes;Xylariales;Xylariaceae;Xylaria;Xylaria_psidii
FJ617293	Root;Basidiomycota;Agaricomycetes;Auriculariales;Auriculariaceae;Auricularia;Auricularia_polytricha
FJ008986	Root;Ascomycota;Sordariomycetes;Xylariales;Xylariaceae;Annulohypoxylon;Annulohypoxylon_stygium
EU930087	Root;Basidiomycota;Pucciniomycetes;Pucciniales;Phakopsoraceae;Phakopsora;Phakopsora_pachyrhizi
GQ146462	Root;Basidiomycota;Pucciniomycetes;Pucciniales;Phakopsoraceae;Phakopsora;Phakopsora_meibomiae
AF396864	Root;Ascomycota;Pezizomycetes;Pezizales;Pezizaceae;Terfezia;Terfezia_leptoderma
AF415226	Root;Basidiomycota;Agaricomycetes;Boletales;Sclerodermataceae;Pisolithus;Pisolithus_aurantioscabrosus
AF415227	Root;Basidiomycota;Agaricomycetes;Boletales;Sclerodermataceae;Pisolithus;Pisolithus_aurantioscabrosus
AF414693	Root;Basidiomycota;Tremellomycetes;Tremellales;Trichosporonaceae;Trichosporon;Trichosporon_veenhuisii
AB167727	Root;Basidiomycota;Agaricomycetes;Agaricales;Amanitaceae;Amanita;Amanita_areolata
AB167728	Root;Basidiomycota;Agaricomycetes;Agaricales;Amanitaceae;Amanita;Amanita_griseoturcosa
EU715596	Root;Ascomycota;Pezizomycetes;Pezizales;Pyronemataceae;Trichophaea;Trichophaea_abundans
GU295946	Root;Ascomycota;Sordariomycetes;Sordariales;Chaetomiaceae;Chaetomium;Chaetomium_globosum
EU715604	Root;Ascomycota;Sordariomycetes;Sordariales;Chaetomiaceae;Achaetomium;Achaetomium_strumarium
EU715607	Root;Ascomycota;Sordariomycetes;Xylariales;Xylariaceae;Rosellinia;Rosellinia_necatrix
EU715619	Root;Ascomycota;Sordariomycetes;Xylariales;Xylariaceae;Hypoxylon;Hypoxylon_fragiforme
EU715633	Root;Ascomycota;Pezizomycetes;Pezizales;Pyronemataceae;Geopyxis;Geopyxis_majalis
EU715670	Root;Ascomycota;Sordariomycetes;Xylariales;Xylariaceae;Xylaria;Xylaria_hypoxylon
AF444299	Root;Basidiomycota;Tremellomycetes;Cystofilobasidiales;Cystofilobasidiaceae;Cystofilobasidium;Cystofilobasidium_bisporidii
AF444320	Root;Basidiomycota;Tremellomycetes;Tremellales;Cuniculitremaceae;Cuniculitrema;Cuniculitrema_polymorpha
AF444322	Root;Basidiomycota;Tremellomycetes;Filobasidiales;Filobasidiaceae;Cryptococcus;Cryptococcus_huempii
EU863541	Root;Basidiomycota;Tremellomycetes;Tremellales;Trichosporonaceae;Trichosporon;Trichosporon_cutaneum
AF444445	Root;Basidiomycota;Tremellomycetes;Cystofilobasidiales;Cystofilobasidiaceae;Cystofilobasidium;Cystofilobasidium_ferigula
EF532830	Root;Basidiomycota;Tremellomycetes;Filobasidiales;Filobasidiaceae;Filobasidium;Filobasidium_capsuligenum
AF145320	Root;Basidiomycota;Tremellomycetes;Filobasidiales;Filobasidiaceae;Cryptococcus;Cryptococcus_vishniacii
AF444400	Root;Basidiomycota;Tremellomycetes;Cystofilobasidiales;Cystofilobasidiaceae;Cystofilobasidium;Cystofilobasidium_infirmominiatum
AF444408	Root;Basidiomycota;Tremellomycetes;Cystofilobasidiales;Cystofilobasidiaceae;Udeniomyces;Udeniomyces_megalosporus
AF444425	Root;Basidiomycota;Tremellomycetes;Tremellales;Cuniculitremaceae;Kockovaella;Kockovaella_imperatae
AF444426	Root;Basidiomycota;Tremellomycetes;Tremellales;Cuniculitremaceae;Kockovaella;Kockovaella_thailandica
AF444461	Root;Basidiomycota;Tremellomycetes;Tremellales;Cuniculitremaceae;Fellomyces;Fellomyces_sichuanensis
AF444474	Root;Basidiomycota;Tremellomycetes;Tremellales;Cuniculitremaceae;Fellomyces;Fellomyces_ogasawarensis
AF444477	Root;Basidiomycota;Tremellomycetes;Tremellales;Cuniculitremaceae;Kockovaella;Kockovaella_machilophila
AF444478	Root;Basidiomycota;Tremellomycetes;Tremellales;Cuniculitremaceae;Kockovaella;Kockovaella_phaffii
AY370684	Root;Basidiomycota;Tremellomycetes;Tremellales;Trichosporonaceae;Trichosporon;Trichosporon_lignicola_var_lignicola
DQ913746	Root;Basidiomycota;Tremellomycetes;Cystofilobasidiales;Cystofilobasidiaceae;Xanthophyllomyces;Xanthophyllomyces_dendrorhous
AF368802	Root;Ascomycota;Eurotiomycetes;Eurotiales;Trichocomaceae;Paecilomyces;Paecilomyces_cateniannulatus
AF368803	Root;Ascomycota;Sordariomycetes;Hypocreales;Clavicipitaceae;Cordyceps;Cordyceps_gunnii_var._minor
AY624206	Root;Ascomycota;Sordariomycetes;Hypocreales;Cordycipitaceae;Torrubiella;Torrubiella_luteorostrata
HQ604676	Root;Basidiomycota;Agaricomycetes;Agaricales;Cortinariaceae;Cortinarius;Cortinarius_obtusus
GQ465774	Root;Ascomycota;Sordariomycetes;Hypocreales;Nectriaceae;Haematonectria;Fusarium_solani
AF444494	Root;Basidiomycota;Agaricostilbomycetes;Agaricostilbales;Chionosphaeraceae;Kurtzmanomyces;Kurtzmanomyces_nectairei
EF592116	Root;Basidiomycota;Microbotryomycetes;Sporidiobolales;Sporidiobolaceae;Sporidiobolus;Sporidiobolus_salmonicolor
AF444555	Root;Basidiomycota;Microbotryomycetes;Heterogastridiales;Heterogastridiaceae;Hyalopycnis;Hyalopycnis_blepharistoma
AF444558	Root;Basidiomycota;Agaricostilbomycetes;Agaricostilbales;Agaricostilbaceae;Bensingtonia;Bensingtonia_naganoensis
AF444563	Root;Basidiomycota;Agaricostilbomycetes;Agaricostilbales;Agaricostilbaceae;Bensingtonia;Bensingtonia_ciliata
AF444630	Root;Basidiomycota;Microbotryomycetes;Leucosporidiales;Leucosporidiaceae;Mastigobasidium;Mastigobasidium_intermedium
AF444565	Root;Basidiomycota;Agaricostilbomycetes;Agaricostilbales;Agaricostilbaceae;Bensingtonia;Bensingtonia_subrosea
AF444566	Root;Basidiomycota;Agaricostilbomycetes;Agaricostilbales;Chionosphaeraceae;Kurtzmanomyces;Kurtzmanomyces_tardus
AF444569	Root;Basidiomycota;Agaricostilbomycetes;Agaricostilbales;Agaricostilbaceae;Bensingtonia;Bensingtonia_musae
DQ202270	Root;Basidiomycota;Microbotryomycetes;Heterogastridiales;Heterogastridiaceae;Colacogloea;Colacogloea_peniophorae
AF444594	Root;Basidiomycota;Agaricostilbomycetes;Agaricostilbales;Chionosphaeraceae;Kurtzmanomyces;Kurtzmanomyces_insolitus
AF444626	Root;Basidiomycota;Agaricostilbomycetes;Agaricostilbales;Agaricostilbaceae;Bensingtonia;Bensingtonia_sakaguchii
FJ196777	Root;Ascomycota;Saccharomycetes;Saccharomycetales;Pichiaceae;Pichia;Pichia_farinosa_var_farinosa
AY591353	Root;Basidiomycota;Tremellomycetes;Filobasidiales;Filobasidiaceae;Cryptococcus;Cryptococcus_laurentii
FJ153216	Root;Ascomycota;Saccharomycetes;Saccharomycetales;Saccharomycetaceae;Kazachstania;Kazachstania_exigua
GQ340441	Root;Ascomycota;Saccharomycetes;Saccharomycetales;Saccharomycetaceae;Lachancea;Lachancea_thermotolerans
AF210669	Root;Ascomycota;Sordariomycetes;Hypocreales;Bionectriaceae;Bionectria;Bionectria_setosa
FN868469	Root;Ascomycota;Sordariomycetes;Hypocreales;Nectriaceae;Fusarium;Fusarium_larvarum
EF121861	Root;Ascomycota;Sordariomycetes;Hypocreales;Nectriaceae;Cosmospora;Cosmospora_consors
AJ608946	Root;Ascomycota;Eurotiomycetes;Eurotiales;Trichocomaceae;Penicillium;Penicillium_swiecickii
FJ158123	Root;Ascomycota;Sordariomycetes;Hypocreales;Nectriaceae;Gibberella;Gibberella_moniliformis
FJ158132	Root;Ascomycota;Sordariomycetes;Hypocreales;Nectriaceae;Fusarium;Fusarium_beomiforme
FJ158134	Root;Ascomycota;Sordariomycetes;Hypocreales;Nectriaceae;Fusarium;Fusarium_oxysporum
FJ158138	Root;Ascomycota;Sordariomycetes;Hypocreales;Nectriaceae;Fusarium;Fusarium_oxysporum_f_cubense
FJ643507	Root;Ascomycota;Sordariomycetes;Hypocreales;Nectriaceae;Fusarium;Fusarium_oxysporum
FJ157040	Root;Basidiomycota;Agaricomycetes;Agaricales;Cortinariaceae;Cortinarius;Cortinarius_cyanites
FJ717568	Root;Basidiomycota;Agaricomycetes;Agaricales;Cortinariaceae;Cortinarius;Cortinarius_mutabilis
FJ717529	Root;Basidiomycota;Agaricomycetes;Agaricales;Cortinariaceae;Cortinarius;Cortinarius_semisanguineus
FJ157120	Root;Basidiomycota;Agaricomycetes;Agaricales;Cortinariaceae;Cortinarius;Cortinarius_subfoetidus
FJ039604	Root;Basidiomycota;Agaricomycetes;Agaricales;Cortinariaceae;Cortinarius;Cortinarius_ochrophyllus
FJ157127	Root;Basidiomycota;Agaricomycetes;Agaricales;Cortinariaceae;Cortinarius;Cortinarius_callisteus
DQ190735	Root;Basidiomycota;Pucciniomycetes;Pucciniales;Cronartiaceae;Cronartium;Cronartium_quercuum
FJ039535	Root;Basidiomycota;Agaricomycetes;Agaricales;Cortinariaceae;Cortinarius;Cortinarius_colus
FJ039558	Root;Basidiomycota;Agaricomycetes;Agaricales;Cortinariaceae;Cortinarius;Cortinarius_boulderensis
FJ039668	Root;Basidiomycota;Agaricomycetes;Agaricales;Cortinariaceae;Cortinarius;Cortinarius_papulosus
UDB011790	Root;Basidiomycota;Agaricomycetes;Agaricales;Cortinariaceae;Cortinarius;Cortinarius_spilomeus
FJ039672	Root;Basidiomycota;Agaricomycetes;Agaricales;Cortinariaceae;Cortinarius;Cortinarius_brunneus
FJ178364	Root;Ascomycota;Sordariomycetes;Ophiostomatales;Ophiostomataceae;Ophiostoma;Ophiostoma_ips
FJ178366	Root;Ascomycota;Sordariomycetes;Ophiostomatales;Ophiostomataceae;Ophiostoma;Ophiostoma_ips
FJ178369	Root;Ascomycota;Sordariomycetes;Ophiostomatales;Ophiostomataceae;Ophiostoma;Ophiostoma_ips
DQ497616	Root;Ascomycota;Taphrinomycetes;Taphrinales;Taphrinaceae;Taphrina;Taphrina_wiesneri
AB435024	Root;Ascomycota;Taphrinomycetes;Taphrinales;Taphrinaceae;Taphrina;Taphrina_wiesneri
AB435050	Root;Ascomycota;Taphrinomycetes;Taphrinales;Taphrinaceae;Taphrina;Taphrina_wiesneri
FJ172292	Root;Ascomycota;Eurotiomycetes;Ascosphaerales;Ascosphaeraceae;Ascosphaera;Ascosphaera_apis
FJ172293	Root;Ascomycota;Eurotiomycetes;Ascosphaerales;Ascosphaeraceae;Ascosphaera;Ascosphaera_apis
EU871517	Root;Basidiomycota;Tremellomycetes;Filobasidiales;Filobasidiaceae;Cryptococcus;Cryptococcus_magnus
FM212666	Root;Basidiomycota;Ustilaginomycetes;Ustilaginales;Ustilaginaceae;Schizonella;Schizonella_cocconii
FJ195752	Root;Basidiomycota;Dacrymycetes;Dacrymycetales;Dacrymycetaceae;Calocera;Calocera_cornea
EU784156	Root;Ascomycota;Lecanoromycetes;Lecanorales;Parmeliaceae;Melanelia;Melanelia_tominii
FJ231422	Root;Ascomycota;Saccharomycetes;Saccharomycetales;Pichiaceae;Pichia;Pichia_kudriavzevii
FJ231423	Root;Ascomycota;Saccharomycetes;Saccharomycetales;Pichiaceae;Pichia;Pichia_kudriavzevii
FJ231440	Root;Ascomycota;Saccharomycetes;Saccharomycetales;Saccharomycodaceae;Hanseniaspora;Hanseniaspora_vineae
FJ231441	Root;Ascomycota;Saccharomycetes;Saccharomycetales;Saccharomycodaceae;Hanseniaspora;Hanseniaspora_vineae
FJ231454	Root;Ascomycota;Saccharomycetes;Saccharomycetales;Saccharomycodaceae;Hanseniaspora;Hanseniaspora_guilliermondii
FJ205447	Root;Ascomycota;Sordariomycetes;Xylariales;Xylariaceae;Xylaria;Xylaria_enteroleuca
FJ205467	Root;Ascomycota;Sordariomycetes;Xylariales;Xylariaceae;Xylaria;Xylaria_enteroleuca
FJ205468	Root;Ascomycota;Sordariomycetes;Xylariales;Xylariaceae;Xylaria;Xylaria_hypoxylon
FJ205471	Root;Ascomycota;Sordariomycetes;Xylariales;Xylariaceae;Xylaria;Xylaria_enteroleuca
GU074010	Root;Ascomycota;Sordariomycetes;Hypocreales;Nectriaceae;Gibberella;Fusarium_proliferatum
FM206390	Root;Ascomycota;Pezizomycetes;Pezizales;Pyronemataceae;Geopora;Geopora_cervina
FM206399	Root;Ascomycota;Pezizomycetes;Pezizales;Pyronemataceae;Geopora;Geopora_tenuis
FM206401	Root;Ascomycota;Pezizomycetes;Pezizales;Pyronemataceae;Geopora;Geopora_tenuis
FM206406	Root;Ascomycota;Pezizomycetes;Pezizales;Pyronemataceae;Geopora;Geopora_cervina
FM206413	Root;Ascomycota;Pezizomycetes;Pezizales;Pyronemataceae;Geopora;Geopora_cervina
FM206431	Root;Ascomycota;Pezizomycetes;Pezizales;Pyronemataceae;Geopora;Geopora_sepulta
FM206478	Root;Ascomycota;Pezizomycetes;Pezizales;Pyronemataceae;Tarzetta;Tarzetta_catinus
GU062254	Root;Ascomycota;Dothideomycetes;Pleosporales;Leptosphaeriaceae;Peyronellaea;Peyronellaea_glomerata
AY303135	Root;Ascomycota;Lecanoromycetes;Teloschistales;Physciaceae;Physcia;Physcia_aipolia
JN790939	Root;Basidiomycota;Agaricomycetes;Cantharellales;Ceratobasidiaceae;Thanatephorus;Rhizoctonia_solani
AY035639	Root;Glomeromycota;Glomeromycetes;Glomerales;Glomeraceae;Glomus;Glomus_intraradices
AF394765	Root;Glomeromycota;Glomeromycetes;Glomerales;Glomeraceae;Glomus;Glomus_intraradices
AM980846	Root;Glomeromycota;Glomeromycetes;Glomerales;Glomeraceae;Glomus;Glomus_intraradices
AM980842	Root;Glomeromycota;Glomeromycetes;Glomerales;Glomeraceae;Glomus;Glomus_intraradices
AM980848	Root;Glomeromycota;Glomeromycetes;Glomerales;Glomeraceae;Glomus;Glomus_intraradices
AJ968409	Root;Glomeromycota;Glomeromycetes;Glomerales;Glomeraceae;Glomus;Glomus_intraradices
AM980856	Root;Glomeromycota;Glomeromycetes;Glomerales;Glomeraceae;Glomus;Glomus_intraradices
AM980861	Root;Glomeromycota;Glomeromycetes;Glomerales;Glomeraceae;Glomus;Glomus_intraradices
EU784181	Root;Basidiomycota;Agaricomycetes;Thelephorales;Bankeraceae;Bankera;Bankera_fuligineoalba
EU784182	Root;Basidiomycota;Agaricomycetes;Thelephorales;Bankeraceae;Bankera;Bankera_violascens
EU784186	Root;Basidiomycota;Agaricomycetes;Agaricales;Clavariaceae;Clavaria;Clavaria_asperulospora
EU784190	Root;Ascomycota;Leotiomycetes;Rhytismatales;Cudoniaceae;Cudonia;Cudonia_circinans
EU784192	Root;Basidiomycota;Agaricomycetes;Agaricales;Nidulariaceae;Cyathus;Cyathus_stercoreus
EU784195	Root;Basidiomycota;Agaricomycetes;Agaricales;Nidulariaceae;Cyathus;Cyathus_striatus
EU784223	Root;Basidiomycota;Agaricomycetes;Geastrales;Geastraceae;Geastrum;Geastrum_corollinum
EU784233	Root;Basidiomycota;Agaricomycetes;Geastrales;Geastraceae;Geastrum;Geastrum_fornicatum
EU784226	Root;Basidiomycota;Agaricomycetes;Geastrales;Geastraceae;Geastrum;Geastrum_minimum
EU784241	Root;Basidiomycota;Agaricomycetes;Geastrales;Geastraceae;Geastrum;Geastrum_pectinatum
EU784244	Root;Basidiomycota;Agaricomycetes;Geastrales;Geastraceae;Geastrum;Geastrum_quadrifidum
EU784221	Root;Basidiomycota;Agaricomycetes;Geastrales;Geastraceae;Geastrum;Geastrum_campestre
EU784247	Root;Basidiomycota;Agaricomycetes;Geastrales;Geastraceae;Geastrum;Geastrum_schmidelii
EU784248	Root;Basidiomycota;Agaricomycetes;Geastrales;Geastraceae;Geastrum;Geastrum_rufescens
EU784249	Root;Basidiomycota;Agaricomycetes;Geastrales;Geastraceae;Geastrum;Geastrum_striatum
EU784254	Root;Ascomycota;Leotiomycetes;Helotiales;Geoglossaceae;Geoglossum;Geoglossum_cookeanum
EU784256	Root;Ascomycota;Leotiomycetes;Helotiales;Geoglossaceae;Geoglossum;Geoglossum_fallax
EU784257	Root;Ascomycota;Leotiomycetes;Helotiales;Geoglossaceae;Geoglossum;Geoglossum_umbratile
EU784258	Root;Ascomycota;Leotiomycetes;Helotiales;Geoglossaceae;Geoglossum;Geoglossum_umbratile
EU784265	Root;Basidiomycota;Agaricomycetes;Russulales;Hericiaceae;Hericium;Hericium_erinaceum
EU784261	Root;Basidiomycota;Agaricomycetes;Russulales;Hericiaceae;Creolophus;Creolophus_cirrhatus
EU784267	Root;Basidiomycota;Agaricomycetes;Thelephorales;Bankeraceae;Hydnellum;Hydnellum_concrescens
EU784373	Root;Ascomycota;Leotiomycetes;Helotiales;Geoglossaceae;Microglossum;Microglossum_olivaceum
EU784374	Root;Ascomycota;Leotiomycetes;Helotiales;Geoglossaceae;Microglossum;Microglossum_olivaceum
EU784375	Root;Ascomycota;Leotiomycetes;Helotiales;Geoglossaceae;Microglossum;Microglossum_viride
EU784404	Root;Basidiomycota;Agaricomycetes;Thelephorales;Bankeraceae;Sarcodon;Sarcodon_scabrosus
EU784433	Root;Basidiomycota;Agaricomycetes;Agaricales;Tulostomataceae;Tulostoma;Tulostoma_brumale
EU784437	Root;Basidiomycota;Agaricomycetes;Agaricales;Tulostomataceae;Tulostoma;Tulostoma_niveum
EU784438	Root;Basidiomycota;Agaricomycetes;Agaricales;Strophariaceae;Weraroa;Weraroa_virescens
EU784442	Root;Ascomycota;Leotiomycetes;Helotiales;Geoglossaceae;Trichoglossum;Trichoglossum_hirsutum
FJ228187	Root;Ascomycota;Sordariomycetes;Diaporthales;Diaporthaceae;Diaporthe;Diaporthe_helianthi
FJ238110	Root;Ascomycota;Sordariomycetes;Hypocreales;Nectriaceae;Fusarium;Fusarium_sporotrichioides
FJ238111	Root;Ascomycota;Sordariomycetes;Hypocreales;Nectriaceae;Fusarium;Fusarium_tricinctum
FJ150707	Root;Ascomycota;Dothideomycetes;Botryosphaeriales;Botryosphaeriaceae;Saccharata;Saccharata_proteae
FJ232892	Root;Ascomycota;Dothideomycetes;Dothideales;Dothioraceae;Aureobasidium;Aureobasidium_pullulans
GU327635	Root;Ascomycota;Sordariomycetes;Sordariales;Sordariaceae;Neurospora;Neurospora_crassa
EU807993	Root;Ascomycota;Sordariomycetes;Hypocreales;Cordycipitaceae;Isaria;Isaria_tenuipes
EU807994	Root;Ascomycota;Sordariomycetes;Hypocreales;Clavicipitaceae;Cordyceps;Cordyceps_takaomontana
UDB001146	Root;Basidiomycota;Agaricomycetes;Agaricales;Cortinariaceae;Cortinarius;Cortinarius_hinnuleus
FJ392282	Root;Basidiomycota;Agaricomycetes;Polyporales;Ganodermataceae;Ganoderma;Ganoderma_pseudoferreum
U66009	Root;Ascomycota;Pezizomycetes;Pezizales;Sarcoscyphaceae;Pithya;Pithya_cupressina
U66011	Root;Ascomycota;Pezizomycetes;Pezizales;Sarcoscyphaceae;Sarcoscypha;Sarcoscypha_austriaca
DQ491486	Root;Ascomycota;Pezizomycetes;Pezizales;Sarcoscyphaceae;Sarcoscypha;Sarcoscypha_coccinea
U66019	Root;Ascomycota;Pezizomycetes;Pezizales;Sarcoscyphaceae;Sarcoscypha;Sarcoscypha_dudleyi
U66016	Root;Ascomycota;Pezizomycetes;Pezizales;Sarcoscyphaceae;Nanoscypha;Nanoscypha_striatispora
FJ375330	Root;Basidiomycota;Agaricomycetes;Agaricales;Amanitaceae;Amanita;Amanita_parvipantherina
FJ375331	Root;Basidiomycota;Agaricomycetes;Agaricales;Amanitaceae;Amanita;Amanita_clarisquamosa
FJ375332	Root;Basidiomycota;Agaricomycetes;Agaricales;Amanitaceae;Amanita;Amanita_subjunquillea_var_alba
FJ392561	Root;Ascomycota;Eurotiomycetes;Onygenales;Onygenaceae;Chrysosporium;Chrysosporium_linfenense
FM876795	Root;Glomeromycota;Glomeromycetes;Glomerales;Glomeraceae;Glomus;Glomus_coronatum
FN423701	Root;Glomeromycota;Glomeromycetes;Glomerales;Glomeraceae;Glomus;Glomus_geosporum
AF510710	Root;Basidiomycota;Agaricomycetes;Boletales;Gomphidiaceae;Gomphidius;Gomphidius_pseudoflavipes
EU833653	Root;Basidiomycota;Agaricomycetes;Agaricales;Lycoperdaceae;Calvatia;Calvatia_pachydermica
EU833667	Root;Basidiomycota;Agaricomycetes;Agaricales;Lycoperdaceae;Vascellum;Vascellum_intermedium
FJ861418	Root;Ascomycota;Dothideomycetes;Pleosporales;Montagnulaceae;Paraconiothyrium;Paraconiothyrium_brasiliense
AB469378	Root;Ascomycota;Saccharomycetes;Saccharomycetales;Saccharomycetaceae;Torulaspora;Torulaspora_delbrueckii
AB236919	Root;Ascomycota;Saccharomycetes;Saccharomycetales;Metschnikowiaceae;Metschnikowia;Metschnikowia_cibodasensis
AM419063	Root;Ascomycota;Sordariomycetes;Hypocreales;Nectriaceae;Neonectria;Cylindrocarpon_destructans_var_destructans
EU888927	Root;Ascomycota;Eurotiomycetes;Eurotiales;Trichocomaceae;Penicillium;Penicillium_pinophilum
FJ479746	Root;Ascomycota;Sordariomycetes;Hypocreales;Cordycipitaceae;Isaria;Isaria_xylariiformis
AB096055	Root;Basidiomycota;Agaricomycetes;Agaricales;Amanitaceae;Amanita;Amanita_rubrovolvata
AB096056	Root;Basidiomycota;Agaricomycetes;Agaricales;Amanitaceae;Amanita;Amanita_sinensis
AY036976	Root;Ascomycota;Lecanoromycetes;Lecanorales;Parmeliaceae;Parmelia;Parmelia_squarrosa
AF377055	Root;Basidiomycota;Agaricomycetes;Gomphales;Gomphaceae;Ramaria;Ramaria_botrytis
AF377057	Root;Basidiomycota;Agaricomycetes;Gomphales;Gomphaceae;Gautieria;Gautieria_caudata
AF377058	Root;Basidiomycota;Agaricomycetes;Gomphales;Gomphaceae;Gautieria;Gautieria_magnicellaris
AF377059	Root;Basidiomycota;Agaricomycetes;Gomphales;Gomphaceae;Gautieria;Gautieria_parksiana
AF377062	Root;Basidiomycota;Agaricomycetes;Gomphales;Gomphaceae;Gautieria;Gautieria_gautierioides
AF377067	Root;Basidiomycota;Agaricomycetes;Gomphales;Gomphaceae;Gautieria;Gautieria_morchelliformis
AF377069	Root;Basidiomycota;Agaricomycetes;Gomphales;Gomphaceae;Gautieria;Gautieria_chilensis
AF377073	Root;Basidiomycota;Agaricomycetes;Gomphales;Gomphaceae;Gautieria;Gautieria_otthii
AY971818	Root;Basidiomycota;Agaricomycetes;Boletales;Rhizopogonaceae;Rhizopogon;Rhizopogon_brunsii
EU486444	Root;Basidiomycota;Agaricomycetes;Agaricales;Tricholomataceae;Tricholoma;Tricholoma_portentosum
FJ596911	Root;Basidiomycota;Agaricomycetes;Agaricales;Tricholomataceae;Tricholoma;Tricholoma_aff_sejunctum_TENN61805
AF377203	Root;Basidiomycota;Agaricomycetes;Agaricales;Tricholomataceae;Tricholoma;Tricholoma_vernaticum
AF377232	Root;Basidiomycota;Agaricomycetes;Agaricales;Tricholomataceae;Tricholoma;Tricholoma_muricatum
AY573539	Root;Basidiomycota;Agaricomycetes;Agaricales;Tricholomataceae;Tricholoma;Tricholoma_ustaloides
AF377245	Root;Basidiomycota;Agaricomycetes;Agaricales;Tricholomataceae;Tricholoma;Tricholoma_sulphureum
AF377247	Root;Basidiomycota;Agaricomycetes;Agaricales;Tricholomataceae;Tricholoma;Tricholoma_acerbum
FR865444	Root;Glomeromycota;Glomeromycetes;Diversisporales;Diversisporaceae;Otospora;Otospora_bareae
AY045496	Root;Ascomycota;Dothideomycetes;Capnodiales;Mycosphaerellaceae;Mycosphaerella;Mycosphaerella_cryptica
AY045519	Root;Ascomycota;Dothideomycetes;Capnodiales;Mycosphaerellaceae;Mycosphaerella;Mycosphaerella_suttoniae
EF363683	Root;Ascomycota;Sordariomycetes;Hypocreales;Clavicipitaceae;Aciculosporium;Aciculosporium_take
AF003989	Root;Ascomycota;Sordariomycetes;Hypocreales;Clavicipitaceae;Parepichloe;Parepichloe_cinerea
AB065429	Root;Ascomycota;Sordariomycetes;Hypocreales;Clavicipitaceae;Heteroepichloe;Heteroepichloe_bambusae
AB065431	Root;Ascomycota;Sordariomycetes;Hypocreales;Clavicipitaceae;Heteroepichloe;Heteroepichloe_sasae
EU853477	Root;Ascomycota;Dothideomycetes;Capnodiales;Mycosphaerellaceae;Mycosphaerella;Mycosphaerella_yunnanensis
EU851921	Root;Ascomycota;Dothideomycetes;Capnodiales;Mycosphaerellaceae;Mycosphaerella;Mycosphaerella_heimii
AM947098	Root;Basidiomycota;Agaricomycetes;Boletales;Sclerodermataceae;Pisolithus;Pisolithus_albus
HQ687220	Root;Basidiomycota;Agaricomycetes;Boletales;Sclerodermataceae;Pisolithus;Pisolithus_albus
AM947080	Root;Basidiomycota;Agaricomycetes;Boletales;Sclerodermataceae;Pisolithus;Pisolithus_albus
AM947097	Root;Basidiomycota;Agaricomycetes;Boletales;Sclerodermataceae;Pisolithus;Pisolithus_albus
FN390950	Root;Basidiomycota;Agaricomycetes;Boletales;Sclerodermataceae;Pisolithus;Pisolithus_albus
AF004737	Root;Basidiomycota;Agaricomycetes;Boletales;Sclerodermataceae;Pisolithus;Pisolithus_tinctorius
GQ340556	Root;Ascomycota;Eurotiomycetes;Eurotiales;Trichocomaceae;Penicillium;Penicillium_crustosum
EU869181	Root;Ascomycota;Eurotiomycetes;Eurotiales;Trichocomaceae;Penicillium;Penicillium_chrysogenum
U57089	Root;Ascomycota;Leotiomycetes;Helotiales;Hyaloscyphaceae;Discocistella;Cistella_grevillei
U57812	Root;Ascomycota;Leotiomycetes;Helotiales;Hyaloscyphaceae;Lachnum;Lachnum_cerinum
U57988	Root;Ascomycota;Leotiomycetes;Helotiales;Hyaloscyphaceae;Perrotia;Perrotia_flammea
U57991	Root;Ascomycota;Leotiomycetes;Helotiales;Hyaloscyphaceae;Solenopezia;Solenopezia_solenia
U58640	Root;Ascomycota;Leotiomycetes;Helotiales;Hyaloscyphaceae;Lachnum;Lachnum_euterpes
U59145	Root;Ascomycota;Leotiomycetes;Helotiales;Hyaloscyphaceae;Lachnellula;Lachnellula_calyciformis
FJ441032	Root;Basidiomycota;Agaricomycetes;Agaricales;Amanitaceae;Amanita;Amanita_virgineoides
FJ441033	Root;Basidiomycota;Agaricomycetes;Agaricales;Amanitaceae;Amanita;Amanita_crocea
FJ375333	Root;Basidiomycota;Agaricomycetes;Agaricales;Amanitaceae;Amanita;Amanita_orientifulva
FJ441036	Root;Basidiomycota;Agaricomycetes;Agaricales;Amanitaceae;Amanita;Amanita_farinosa
FJ441037	Root;Basidiomycota;Agaricomycetes;Agaricales;Amanitaceae;Amanita;Amanita_alboflavescens
FJ441039	Root;Basidiomycota;Agaricomycetes;Agaricales;Amanitaceae;Amanita;Amanita_eijii
FJ441040	Root;Basidiomycota;Agaricomycetes;Agaricales;Amanitaceae;Amanita;Amanita_neo_ovoidea
FJ441041	Root;Basidiomycota;Agaricomycetes;Agaricales;Amanitaceae;Amanita;Amanita_ovalispora
FJ441042	Root;Basidiomycota;Agaricomycetes;Agaricales;Amanitaceae;Amanita;Amanita_pseudovaginata
FJ441044	Root;Basidiomycota;Agaricomycetes;Agaricales;Amanitaceae;Amanita;Amanita_griseoverrucosa
FJ441045	Root;Basidiomycota;Agaricomycetes;Agaricales;Amanitaceae;Amanita;Amanita_lignitincta
FJ439517	Root;Basidiomycota;Agaricomycetes;Russulales;Albatrellaceae;Jahnoporus;Jahnoporus_hirtus
DQ674362	Root;Ascomycota;Sordariomycetes;Ophiostomatales;Ophiostomataceae;Grosmannia;Grosmannia_huntii
EU707863	Root;Ascomycota;Dothideomycetes;Capnodiales;Teratosphaeriaceae;Teratosphaeria;Teratosphaeria_fibrillosa
EU707899	Root;Ascomycota;Dothideomycetes;Capnodiales;Mycosphaerellaceae;Ramularia;Ramularia_proteae
FJ441012	Root;Ascomycota;Sordariomycetes;Hypocreales;Nectriaceae;Fusarium;Fusarium_oxysporum
FJ441013	Root;Ascomycota;Sordariomycetes;Hypocreales;Nectriaceae;Fusarium;Fusarium_redolens
FJ441014	Root;Ascomycota;Sordariomycetes;Hypocreales;Nectriaceae;Haematonectria;Fusarium_solani
FJ441016	Root;Ascomycota;Sordariomycetes;Hypocreales;Cordycipitaceae;Lecanicillium;Lecanicillium_psalliotae
FJ441023	Root;Ascomycota;Sordariomycetes;Hypocreales;Nectriaceae;Gibberella;Gibberella_moniliformis
FJ441028	Root;Basidiomycota;Agaricomycetes;Agaricales;Lycoperdaceae;Bovistella;Bovistella_radicata
EU118616	Root;Basidiomycota;Agaricomycetes;Cantharellales;Clavulinaceae;Clavulina;Clavulina_cinerea
EU862209	Root;Basidiomycota;Agaricomycetes;Cantharellales;Clavulinaceae;Clavulina;Clavulina_cinerea
EU862218	Root;Basidiomycota;Agaricomycetes;Cantharellales;Clavulinaceae;Clavulina;Clavulina_rugosa
EU862220	Root;Basidiomycota;Agaricomycetes;Cantharellales;Clavulinaceae;Clavulina;Clavulina_rugosa
EU862219	Root;Basidiomycota;Agaricomycetes;Cantharellales;Clavulinaceae;Clavulina;Clavulina_cristata
FJ499445	Root;Ascomycota;Eurotiomycetes;Eurotiales;Trichocomaceae;Penicillium;Penicillium_chrysogenum
AF430287	Root;Basidiomycota;Agaricomycetes;Agaricales;Cortinariaceae;Cortinarius;Cortinarius_brunneus
GU248327	Root;Ascomycota;Dothideomycetes;Capnodiales;Mycosphaerellaceae;Cladosporium;Cladosporium_cladosporioides
FJ440209	Root;Basidiomycota;Agaricomycetes;Cantharellales;Ceratobasidiaceae;Thanatephorus;Thanatephorus_cucumeris
FJ459982	Root;Ascomycota;Sordariomycetes;Hypocreales;Nectriaceae;Gibberella;Fusarium_lateritium
FJ571455	Root;Ascomycota;Sordariomycetes;Hypocreales;Nectriaceae;Gibberella;Fusarium_proliferatum
DQ641266	Root;Ascomycota;Sordariomycetes;Hypocreales;Nectriaceae;Gibberella;Fusarium_udum
JN850990	Root;Ascomycota;Sordariomycetes;Hypocreales;Nectriaceae;Gibberella;Gibberella_intermedia
GQ121320	Root;Ascomycota;Sordariomycetes;Hypocreales;Nectriaceae;Fusarium;Fusarium_oxysporum
EU118823	Root;Ascomycota;Sordariomycetes;Hypocreales;Nectriaceae;Fusarium;Fusarium_oxysporum
FJ999711	Root;Ascomycota;Dothideomycetes;Capnodiales;Mycosphaerellaceae;Davidiella;Davidiella_tassiana
FJ464594	Root;Basidiomycota;Ustilaginomycetes;Ustilaginales;Ustilaginaceae;Pseudozyma;Pseudozyma_rugulosa
FJ464595	Root;Basidiomycota;Agaricomycetes;Agaricales;Strophariaceae;Pholiota;Pholiota_adiposa
EU625998	Root;Basidiomycota;Tremellomycetes;Tremellales;Exidiaceae;Sebacina;Sebacina_vermifera
GQ865693	Root;Ascomycota;Dothideomycetes;Botryosphaeriales;Botryosphaeriaceae;Botryosphaeria;Botryosphaeria_dothidea
FJ176718	Root;Basidiomycota;Agaricomycetes;Agaricales;Amanitaceae;Amanita;Amanita_fuliginea
FJ176719	Root;Basidiomycota;Agaricomycetes;Agaricales;Amanitaceae;Amanita;Amanita_fuliginea
FJ176722	Root;Basidiomycota;Agaricomycetes;Agaricales;Amanitaceae;Amanita;Amanita_kotohiraensis
FJ176723	Root;Basidiomycota;Agaricomycetes;Agaricales;Amanitaceae;Amanita;Amanita_kotohiraensis
FJ176725	Root;Basidiomycota;Agaricomycetes;Agaricales;Amanitaceae;Amanita;Amanita_oberwinklerana
EF026121	Root;Ascomycota;Sordariomycetes;Xylariales;Xylariaceae;Nemania;Nemania_primolutea
FJ467490	Root;Basidiomycota;Agaricomycetes;Cantharellales;Ceratobasidiaceae;Thanatephorus;Rhizoctonia_solani
FJ479635	Root;Ascomycota;Eurotiomycetes;Verrucariales;Verrucariaceae;Placopyrenium;Placopyrenium_cinereoatratum
FJ479631	Root;Ascomycota;Eurotiomycetes;Verrucariales;Verrucariaceae;Placopyrenium;Placopyrenium_formosum
FJ479632	Root;Ascomycota;Eurotiomycetes;Verrucariales;Verrucariaceae;Placopyrenium;Placopyrenium_formosum
FJ479636	Root;Ascomycota;Eurotiomycetes;Verrucariales;Verrucariaceae;Placopyrenium;Placopyrenium_fuscellum
FJ664871	Root;Ascomycota;Eurotiomycetes;Verrucariales;Verrucariaceae;Verrucaria;Verrucaria_margacea
FJ005092	Root;Ascomycota;Leotiomycetes;Helotiales;Helotiaceae;Crocicreas;Crocicreas_amenti
FJ005104	Root;Ascomycota;Leotiomycetes;Helotiales;Helotiaceae;Crocicreas;Crocicreas_cyathoideum
FJ005107	Root;Ascomycota;Leotiomycetes;Helotiales;Helotiaceae;Crocicreas;Crocicreas_cacaliae
FJ005115	Root;Ascomycota;Leotiomycetes;Helotiales;Helotiaceae;Crocicreas;Crocicreas_tomentosum
FJ005116	Root;Ascomycota;Leotiomycetes;Helotiales;Helotiaceae;Crocicreas;Crocicreas_pallidum
FJ005121	Root;Ascomycota;Leotiomycetes;Helotiales;Helotiaceae;Crocicreas;Crocicreas_culmicola
FJ175161	Root;Ascomycota;Sordariomycetes;Sordariales;Lasiosphaeriaceae;Zopfiella;Zopfiella_longicaudata
EU860055	Root;Ascomycota;Sordariomycetes;Hypocreales;Nectriaceae;Viridispora;Viridispora_alata
EU860065	Root;Ascomycota;Sordariomycetes;Hypocreales;Nectriaceae;Fusarium;Fusarium_larvarum_var_larvarum
EU860077	Root;Ascomycota;Sordariomycetes;Hypocreales;Nectriaceae;Fusarium;Fusarium_ciliatum
AB434912	Root;Ascomycota;Dothideomycetes;Capnodiales;Mycosphaerellaceae;Mycosphaerella;Mycosphaerella_polygoni_cuspidati
EU885304	Root;Ascomycota;Lecanoromycetes;Peltigerales;Pannariaceae;Psoroma;Psoroma_hispidulum
EU915293	Root;Basidiomycota;Exobasidiomycetes;Tilletiales;Tilletiaceae;Tilletia;Tilletia_pulcherrima
EU878427	Root;Ascomycota;Sordariomycetes;Diaporthales;Diaporthaceae;Diaporthe;Diaporthe_helianthi
DQ139996	Root;Basidiomycota;Agaricomycetes;Agaricales;Cortinariaceae;Cortinarius;Cortinarius_neofurvolaesus
EU266701	Root;Basidiomycota;Agaricomycetes;Agaricales;Cortinariaceae;Cortinarius;Cortinarius_glandicolor
FJ481159	Root;Ascomycota;Sordariomycetes;Xylariales;Xylariaceae;Annulohypoxylon;Annulohypoxylon_annulatum
FJ492130	Root;Basidiomycota;Agaricomycetes;Cantharellales;Ceratobasidiaceae;Thanatephorus;Rhizoctonia_solani
DQ913077	Root;Basidiomycota;Agaricomycetes;Cantharellales;Ceratobasidiaceae;Thanatephorus;Thanatephorus_cucumeris
FJ492125	Root;Basidiomycota;Agaricomycetes;Cantharellales;Ceratobasidiaceae;Thanatephorus;Rhizoctonia_solani
FJ492132	Root;Basidiomycota;Agaricomycetes;Cantharellales;Ceratobasidiaceae;Thanatephorus;Rhizoctonia_solani
FJ493249	Root;Ascomycota;Leotiomycetes;Helotiales;Dermateaceae;Diplocarpon;Marssonina_rosae
EU819552	Root;Ascomycota;Leotiomycetes;Erysiphales;Erysiphaceae;Golovinomyces;Golovinomyces_cichoracearum
FJ515182	Root;Basidiomycota;Ustilaginomycetes;Ustilaginales;Ustilaginaceae;Pseudozyma;Pseudozyma_shanxiensis
FJ515891	Root;Ascomycota;Leotiomycetes;Helotiales;Sclerotiniaceae;Monilinia;Monilinia_fructigena
AY033098	Root;Basidiomycota;Agaricomycetes;Agaricales;Cortinariaceae;Cortinarius;Cortinarius_alboroseus
AY033108	Root;Basidiomycota;Agaricomycetes;Agaricales;Cortinariaceae;Cortinarius;Cortinarius_paradoxus
AY033106	Root;Basidiomycota;Agaricomycetes;Agaricales;Cortinariaceae;Cortinarius;Cortinarius_taylorianus
AY033113	Root;Basidiomycota;Agaricomycetes;Agaricales;Cortinariaceae;Cortinarius;Cortinarius_dulciolens
AY033116	Root;Basidiomycota;Agaricomycetes;Agaricales;Cortinariaceae;Cortinarius;Cortinarius_collariatus
AY033121	Root;Basidiomycota;Agaricomycetes;Agaricales;Cortinariaceae;Cortinarius;Cortinarius_purpurellus
AY621802	Root;Basidiomycota;Agaricomycetes;Russulales;Albatrellaceae;Albatrellus;Albatrellus_flettii
AY061739	Root;Basidiomycota;Agaricomycetes;Russulales;Gloeocystidiellaceae;Gloeocystidiellum;Gloeocystidiellum_aculeatum
AF310087	Root;Basidiomycota;Agaricomycetes;Russulales;Gloeocystidiellaceae;Gloeocystidiellum;Gloeocystidiellum_clavuligerum
FJ548826	Root;Ascomycota;Eurotiomycetes;Eurotiales;Trichocomaceae;Talaromyces;Talaromyces_byssochlamydoides
FJ548834	Root;Ascomycota;Eurotiomycetes;Eurotiales;Thermoascaceae;Thermoascus;Thermoascus_aurantiacus_var_levisporus
FJ532370	Root;Ascomycota;Lecanoromycetes;Lecanorales;Hymeneliaceae;Aspicilia;Aspicilia_aquatica
FJ532371	Root;Ascomycota;Lecanoromycetes;Lecanorales;Hymeneliaceae;Aspicilia;Aspicilia_aquatica
FJ532372	Root;Ascomycota;Lecanoromycetes;Lecanorales;Hymeneliaceae;Aspicilia;Aspicilia_caesiocinerea
FJ594063	Root;Basidiomycota;Agaricomycetes;Polyporales;Meruliaceae;Phlebia;Phlebia_lindtneri
FJ545249	Root;Ascomycota;Saccharomycetes;Saccharomycetales;Pichiaceae;Dekkera;Dekkera_bruxellensis
FJ603575	Root;Ascomycota;Dothideomycetes;Botryosphaeriales;Botryosphaeriaceae;Phyllosticta;Phyllosticta_vaccinii
FJ603589	Root;Ascomycota;Dothideomycetes;Botryosphaeriales;Botryosphaeriaceae;Phyllosticta;Phyllosticta_vaccinii
DQ200924	Root;Basidiomycota;Agaricomycetes;Cantharellales;Botryobasidiaceae;Botryobasidium;Botryobasidium_subcoronatum
U66440	Root;Basidiomycota;Agaricomycetes;Agaricales;Clavariaceae;Multiclavula;Multiclavula_corynoides
FJ598616	Root;Ascomycota;Sordariomycetes;Diaporthales;Melanconidaceae;Dicarpella;Dicarpella_dryina
FJ602996	Root;Ascomycota;Sordariomycetes;Hypocreales;Nectriaceae;Gibberella;Gibberella_avenacea
FJ602999	Root;Ascomycota;Sordariomycetes;Hypocreales;Nectriaceae;Gibberella;Gibberella_avenacea
FJ603008	Root;Ascomycota;Sordariomycetes;Hypocreales;Nectriaceae;Gibberella;Gibberella_avenacea
FJ603009	Root;Ascomycota;Sordariomycetes;Hypocreales;Nectriaceae;Gibberella;Gibberella_avenacea
FJ603021	Root;Ascomycota;Sordariomycetes;Hypocreales;Nectriaceae;Gibberella;Gibberella_avenacea
JQ711901	Root;Basidiomycota;Agaricomycetes;Atheliales;Atheliaceae;Piloderma;Piloderma_olivaceum
FJ897712	Root;Ascomycota;Eurotiomycetes;Onygenales;Arthrodermataceae;Trichophyton;Trichophyton_mentagrophytes
FJ381957	Root;Basidiomycota;Agaricomycetes;Polyporales;Ganodermataceae;Ganoderma;Ganoderma_lucidum
FJ609264	Root;Basidiomycota;Agaricomycetes;Agaricales;Lyophyllaceae;Hypsizygus;Hypsizygus_marmoreus
FJ608591	Root;Basidiomycota;Agaricomycetes;Polyporales;Polyporaceae;Phaeolus;Phaeolus_schweinitzii
FJ501570	Root;Basidiomycota;Agaricomycetes;Agaricales;Lepista_sordida/Armillaria_mellea_fusant;Lepista_sordida/Armillaria_mellea_fusant;Lepista_sordida/Armillaria_mellea_fusant
GQ924898	Root;Ascomycota;Sordariomycetes;Hypocreales;Nectriaceae;Gibberella;Fusarium_proliferatum
FJ418216	Root;Ascomycota;Sordariomycetes;Hypocreales;Nectriaceae;Gibberella;Fusarium_equiseti
EU982643	Root;Ascomycota;Lecanoromycetes;Peltigerales;Collemataceae;Leptogium;Leptogium_furfuraceum
FJ599809	Root;Ascomycota;Orbiliomycetes;Orbiliales;Orbiliaceae;Orbilia;Orbilia_fici
AB378736	Root;Ascomycota;Leotiomycetes;Erysiphales;Erysiphaceae;Erysiphe;Erysiphe_nothofagi
AB378738	Root;Ascomycota;Leotiomycetes;Erysiphales;Erysiphaceae;Erysiphe;Erysiphe_magellanica
AB378748	Root;Ascomycota;Leotiomycetes;Erysiphales;Erysiphaceae;Erysiphe;Erysiphe_magellanica
AB378741	Root;Ascomycota;Leotiomycetes;Erysiphales;Erysiphaceae;Erysiphe;Erysiphe_nothofagi
FJ538318	Root;Ascomycota;Dothideomycetes;Capnodiales;Mycosphaerellaceae;Guignardia;Guignardia_citricarpa
GU797372	Root;Ascomycota;Dothideomycetes;Botryosphaeriales;Botryosphaeriaceae;Botryosphaeria;Botryosphaeria_rhodina
FJ172270	Root;Ascomycota;Sordariomycetes;Xylariales;Xylariaceae;Nemania;Nemania_abortiva
FJ009526	Root;Ascomycota;Sordariomycetes;Diaporthales;Valsaceae;Phomopsis;Phomopsis_theicola
FJ623271	Root;Ascomycota;Dothideomycetes;Pleosporales;Phaeosphaeriaceae;Phaeosphaeria;Phaeosphaeria_avenaria
FJ624254	Root;Ascomycota;Eurotiomycetes;Eurotiales;Trichocomaceae;Penicillium;Penicillium_pimiteouiense
FJ624258	Root;Ascomycota;Dothideomycetes;Pleosporales;Sporormiaceae;Westerdykella;Westerdykella_purpurea
FJ356152	Root;Ascomycota;Lecanoromycetes;Lecanorales;Ramalinaceae;Ramalina;Ramalina_complanata
FJ534873	Root;Basidiomycota;Tremellomycetes;Filobasidiales;Filobasidiaceae;Cryptococcus;Cryptococcus_bestiolae
FJ534874	Root;Basidiomycota;Tremellomycetes;Filobasidiales;Filobasidiaceae;Cryptococcus;Cryptococcus_dejecticola
FJ483845	Root;Neocallimastigomycota;Neocallimastigomycetes;Neocallimastigales;Neocallimastigaceae;Cyllamyces;Cyllamyces_aberensis
FJ467362	Root;Basidiomycota;Agaricomycetes;Polyporales;Polyporaceae;Daedaleopsis;Daedaleopsis_confragosa
FJ467365	Root;Basidiomycota;Agaricomycetes;Polyporales;Meruliaceae;Phlebia;Phlebia_tremellosa
FJ467368	Root;Ascomycota;Sordariomycetes;Hypocreales;Nectriaceae;Gibberella;Fusarium_proliferatum
FJ596775	Root;Basidiomycota;Agaricomycetes;Agaricales;Amanitaceae;Amanita;Amanita_aff_fulva_TENN60329
FJ596777	Root;Basidiomycota;Agaricomycetes;Agaricales;Strophariaceae;Hypholoma;Hypholoma_fasciculare
FJ596791	Root;Basidiomycota;Agaricomycetes;Gomphales;Gomphaceae;Ramariopsis;Ramariopsis_fusiformis
FJ596795	Root;Basidiomycota;Agaricomycetes;Agaricales;Amanitaceae;Amanita;Amanita_aff_volvata_TENN61187
FJ596801	Root;Basidiomycota;Agaricomycetes;Agaricales;Cortinariaceae;Crepidotus;Crepidotus_applanatus
FJ596814	Root;Basidiomycota;Agaricomycetes;Agaricales;Amanitaceae;Amanita;Amanita_stranella
FJ596819	Root;Basidiomycota;Agaricomycetes;Agaricales;Cortinariaceae;Galerina;Galerina_autumnalis
FJ596824	Root;Basidiomycota;Agaricomycetes;Agaricales;Cortinariaceae;Crepidotus;Crepidotus_crocophyllus
FJ596832	Root;Basidiomycota;Agaricomycetes;Agaricales;Amanitaceae;Amanita;Amanita_longipes
FJ596837	Root;Basidiomycota;Agaricomycetes;Agaricales;Amanitaceae;Amanita;Amanita_cinereopannosa
FJ596893	Root;Basidiomycota;Agaricomycetes;Agaricales;Tricholomataceae;Resupinatus;Resupinatus_alboniger
FJ643076	Root;Ascomycota;Sordariomycetes;Hypocreales;Cordycipitaceae;Torrubiella;Lecanicillium_lecanii
FJ643077	Root;Ascomycota;Sordariomycetes;Hypocreales;Cordycipitaceae;Torrubiella;Lecanicillium_lecanii
FJ627256	Root;Basidiomycota;Agaricomycetes;Polyporales;Polyporaceae;Daedaleopsis;Daedaleopsis_sinensis
FJ627257	Root;Basidiomycota;Agaricomycetes;Gloeophyllales;Gloeophyllaceae;Gloeophyllum;Gloeophyllum_carbonarium
FJ654480	Root;Ascomycota;Eurotiomycetes;Eurotiales;Trichocomaceae;Aspergillus;Aspergillus_flavus
EF194150	Root;Ascomycota;Sordariomycetes;Hypocreales;Ophiocordycipitaceae;Hirsutella;Hirsutella_rostrata
FJ613653	Root;Basidiomycota;Agaricomycetes;Polyporales;Steccherinaceae;Antrodiella;Antrodiella_aurantilaeta
FJ647181	Root;Ascomycota;Dothideomycetes;Botryosphaeriales;Botryosphaeriaceae;Botryosphaeria;Lasiodiplodia_theobromae
EF488422	Root;Ascomycota;Sordariomycetes;Diaporthales;Diaporthaceae;Diaporthe;Diaporthe_phaseolorum
FJ654654	Root;Ascomycota;Leotiomycetes;Helotiales;Dermateaceae;Neofabraea;Neofabraea_alba
FJ379273	Root;Basidiomycota;Agaricomycetes;Agaricales;Pluteaceae;Volvariella;Volvariella_volvacea
FJ710810	Root;Ascomycota;Sordariomycetes;Diaporthales;Valsaceae;Phomopsis;Phomopsis_convolvuli
FJ717575	Root;Basidiomycota;Agaricomycetes;Agaricales;Cortinariaceae;Cortinarius;Cortinarius_laniger
FJ717578	Root;Basidiomycota;Agaricomycetes;Agaricales;Cortinariaceae;Cortinarius;Cortinarius_vibratilis
FJ717583	Root;Basidiomycota;Agaricomycetes;Agaricales;Cortinariaceae;Cortinarius;Cortinarius_fillionii
FJ765414	Root;Ascomycota;Eurotiomycetes;Eurotiales;Trichocomaceae;Aspergillus;Aspergillus_fumigatus
FJ627262	Root;Basidiomycota;Agaricomycetes;Polyporales;Polyporaceae;Perenniporia;Perenniporia_medulla_panis
AJ519795	Root;Basidiomycota;Agaricomycetes;Agaricales;Strophariaceae;Psilocybe;Psilocybe_coprophila
AF444514	Root;Basidiomycota;Agaricostilbomycetes;Agaricostilbales;Agaricostilbaceae;Bensingtonia;Bensingtonia_phyllada
AF335932	Root;Basidiomycota;Tremellomycetes;Filobasidiales;Filobasidiaceae;Cryptococcus;Cryptococcus_diffluens
EU400150	Root;Ascomycota;Sordariomycetes;Phyllachorales;Phyllachoraceae;Colletotrichum;Colletotrichum_pisi
EU977511	Root;Ascomycota;Orbiliomycetes;Orbiliales;Orbiliaceae;Arthrobotrys;Arthrobotrys_musiformis
EU977545	Root;Ascomycota;Orbiliomycetes;Orbiliales;Orbiliaceae;Arthrobotrys;Arthrobotrys_thaumasia
AY174089	Root;Ascomycota;Saccharomycetes;Saccharomycetales;Metschnikowiaceae;Clavispora;Clavispora_lusitaniae
FJ789599	Root;Ascomycota;Pezizomycetes;Pezizales;Pyronemataceae;Gilkeya;Gilkeya_compacta
FJ746942	Root;Basidiomycota;Agaricomycetes;Cantharellales;Ceratobasidiaceae;Thanatephorus;Rhizoctonia_solani
FJ460589	Root;Ascomycota;Sordariomycetes;Hypocreales;Nectriaceae;Haematonectria;Fusarium_solani
FJ487938	Root;Ascomycota;Eurotiomycetes;Eurotiales;Trichocomaceae;Paecilomyces;Paecilomyces_variotii
AF335959	Root;Basidiomycota;Tremellomycetes;Tremellales;Trichosporonaceae;Trichosporon;Trichosporon_jirovecii
DQ066710	Root;Ascomycota;Lecanoromycetes;Peltigerales;Nephromataceae;Nephroma;Nephroma_resupinatum
AY124154	Root;Ascomycota;Lecanoromycetes;Peltigerales;Nephromataceae;Nephroma;Nephroma_tangeriense
AY124146	Root;Ascomycota;Lecanoromycetes;Peltigerales;Nephromataceae;Nephroma;Nephroma_sulcatum
FJ772413	Root;Basidiomycota;Agaricomycetes;Agaricales;Lycoperdaceae;Calvatia;Calvatia_fenzlii
FJ798601	Root;Ascomycota;Sordariomycetes;Hypocreales;Nectriaceae;Gibberella;Fusarium_proliferatum
FJ798604	Root;Ascomycota;Sordariomycetes;Hypocreales;Nectriaceae;Gibberella;Gibberella_moniliformis
HQ328028	Root;Ascomycota;Sordariomycetes;Hypocreales;Nectriaceae;Nectria;Nectria_mauritiicola
FJ807564	Root;Basidiomycota;Agaricomycetes;Boletales;Calostomataceae;Calostoma;Calostoma_retisporum
FJ769682	Root;Ascomycota;Dothideomycetes;Capnodiales;Mycosphaerellaceae;Guignardia;Guignardia_citricarpa
FJ769668	Root;Ascomycota;Dothideomycetes;Capnodiales;Mycosphaerellaceae;Guignardia;Guignardia_citricarpa
FJ769660	Root;Ascomycota;Dothideomycetes;Capnodiales;Mycosphaerellaceae;Guignardia;Guignardia_citricarpa
FJ769768	Root;Ascomycota;Dothideomycetes;Capnodiales;Mycosphaerellaceae;Guignardia;Guignardia_mangiferae
FJ816655	Root;Basidiomycota;Agaricomycetes;Agaricales;Pluteaceae;Pluteus;Pluteus_fluminensis
FJ810128	Root;Basidiomycota;Agaricomycetes;Polyporales;Polyporaceae;Favolus;Favolus_squamosus
FJ810158	Root;Basidiomycota;Agaricomycetes;Russulales;Stereaceae;Stereum;Stereum_sanguinolentum
FJ810174	Root;Basidiomycota;Agaricomycetes;Agaricales;Strophariaceae;Pholiota;Pholiota_nameko
AB192987	Root;Basidiomycota;Pucciniomycetes;Pucciniales;Pucciniaceae;Puccinia;Puccinia_tanaceti
AM981250	Root;Basidiomycota;Agaricomycetes;Polyporales;Polyporaceae;Trametes;Trametes_versicolor
DQ132818	Root;Ascomycota;Eurotiomycetes;Eurotiales;Trichocomaceae;Penicillium;Penicillium_brevicompactum
FJ869185	Root;Basidiomycota;Agaricomycetes;Auriculariales;Auriculariaceae;Auricularia;Auricularia_polytricha
FJ869186	Root;Ascomycota;Sordariomycetes;Hypocreales;Clavicipitaceae;Cordyceps;Cordyceps_militaris
FJ869187	Root;Ascomycota;Sordariomycetes;Hypocreales;Clavicipitaceae;Cordyceps;Cordyceps_militaris
FJ790271	Root;Ascomycota;Dothideomycetes;Capnodiales;Teratosphaeriaceae;Teratosphaeria;Teratosphaeria_hortaea
FJ845400	Root;Basidiomycota;Agaricomycetes;Russulales;Albatrellaceae;Albatrellus;Albatrellus_ovinus
FJ845443	Root;Basidiomycota;Agaricomycetes;Agaricales;Tricholomataceae;Tricholoma;Tricholoma_myomyces
FJ897535	Root;Basidiomycota;Pucciniomycetes;Pucciniales;Pucciniaceae;Puccinia;Puccinia_hemerocallidis
FJ710192	Root;Basidiomycota;Agaricomycetes;Boletales;Calostomataceae;Calostoma;Calostoma_lutescens
FJ710194	Root;Basidiomycota;Agaricomycetes;Boletales;Calostomataceae;Calostoma;Calostoma_miniata
FJ710195	Root;Basidiomycota;Agaricomycetes;Boletales;Calostomataceae;Calostoma;Calostoma_orirubrum
FJ710196	Root;Basidiomycota;Agaricomycetes;Boletales;Calostomataceae;Calostoma;Calostoma_orirubrum
FJ710198	Root;Basidiomycota;Agaricomycetes;Boletales;Calostomataceae;Calostoma;Calostoma_rodwayi
FJ807562	Root;Basidiomycota;Agaricomycetes;Boletales;Calostomataceae;Calostoma;Calostoma_sarasinii
FJ710190	Root;Basidiomycota;Agaricomycetes;Boletales;Calostomataceae;Calostoma;Calostoma_fuscum
FJ851083	Root;Basidiomycota;Agaricomycetes;Cantharellales;Ceratobasidiaceae;Thanatephorus;Rhizoctonia_solani
HM190016	Root;Basidiomycota;Agaricomycetes;Boletales;Boletaceae;Tylopilus;Tylopilus_felleus
FJ861965	Root;Ascomycota;Leotiomycetes;Rhytismatales;Rhytismataceae;Lophodermium;Lophodermium_agathidis
FJ861967	Root;Ascomycota;Leotiomycetes;Rhytismatales;Rhytismataceae;Lophodermium;Lophodermium_agathidis
FJ861972	Root;Ascomycota;Leotiomycetes;Rhytismatales;Rhytismataceae;Lophodermium;Lophodermium_conigenum
FJ861980	Root;Ascomycota;Leotiomycetes;Rhytismatales;Rhytismataceae;Lophodermium;Lophodermium_illiciicola
FJ861982	Root;Ascomycota;Leotiomycetes;Rhytismatales;Rhytismataceae;Lophodermium;Lophodermium_minor
FJ861984	Root;Ascomycota;Leotiomycetes;Rhytismatales;Rhytismataceae;Lophodermium;Lophodermium_petrakii
FJ861985	Root;Ascomycota;Leotiomycetes;Rhytismatales;Rhytismataceae;Lophodermium;Lophodermium_pinastri
FJ861987	Root;Ascomycota;Leotiomycetes;Rhytismatales;Rhytismataceae;Lophodermium;Lophodermium_pini_excelsae
FJ601813	Root;Basidiomycota;Agaricomycetes;Agaricales;Cortinariaceae;Inocybe;Inocybe_jurana
GU062273	Root;Ascomycota;Leotiomycetes;Helotiales;Dermateaceae;Cryptosporiopsis;Cryptosporiopsis_radicicola
AY999116	Root;Ascomycota;Sordariomycetes;Sordariales;Lasiosphaeriaceae;Schizothecium;Schizothecium_glutinans
AY695065	Root;Ascomycota;Orbiliomycetes;Orbiliales;Orbiliaceae;Dactylellina;Dactylellina_ellipsospora
GU566253	Root;Ascomycota;Sordariomycetes;Hypocreales;Bionectriaceae;Bionectria;Bionectria_ochroleuca
AB054053	Root;Basidiomycota;Tremellomycetes;Cystofilobasidiales;Cystofilobasidiaceae;Guehomyces;Guehomyces_pullulans
EU784407	Root;Basidiomycota;Agaricomycetes;Boletales;Sclerodermataceae;Scleroderma;Scleroderma_areolatum
EU863522	Root;Ascomycota;Sordariomycetes;Diaporthales;Togniniaceae;Phaeoacremonium;Phaeoacremonium_tuscanum
GQ166873	Root;Basidiomycota;Agaricomycetes;Boletales;Boletaceae;Boletus;Boletus_rubellus
JF908116	Root;Basidiomycota;Agaricomycetes;Agaricales;Cortinariaceae;Inocybe;Inocybe_umbrinella
FJ824623	Root;Ascomycota;Sordariomycetes;Microascales;Microascaceae;Graphium;Graphium_pseudormiticum
EU860057	Root;Ascomycota;Sordariomycetes;Hypocreales;Nectriaceae;Fusarium;Fusarium_merismoides_var_merismoides
FJ824644	Root;Basidiomycota;Agaricomycetes;Polyporales;Polyporaceae;Trichaptum;Trichaptum_abietinum
FJ869341	Root;Basidiomycota;Agaricomycetes;Russulales;Auriscalpiaceae;Lentinellus;Lentinellus_brunnescens
AF503607	Root;Ascomycota;Sordariomycetes;Hypocreales;Nectriaceae;Gibberella;Gibberella_avenacea
FJ862995	Root;Basidiomycota;Exobasidiomycetes;Tilletiales;Tilletiaceae;Tilletia;Tilletia_micrairae
FJ375243	Root;Basidiomycota;Agaricomycetes;Agaricales;Pluteaceae;Pluteus;Pluteus_pellitus
FJ375244	Root;Basidiomycota;Agaricomycetes;Agaricales;Pluteaceae;Pluteus;Pluteus_albostipitatus_var_poliobasis
FJ375245	Root;Basidiomycota;Agaricomycetes;Agaricales;Pluteaceae;Pluteus;Pluteus_nigrolineatus
FJ375252	Root;Basidiomycota;Agaricomycetes;Agaricales;Pluteaceae;Pluteus;Pluteus_thomsonii
FJ375253	Root;Basidiomycota;Agaricomycetes;Agaricales;Pluteaceae;Pluteus;Pluteus_thomsonii
FJ375254	Root;Basidiomycota;Agaricomycetes;Agaricales;Pluteaceae;Volvopluteus;Volvariella_gloiocephala
FJ403215	Root;Basidiomycota;Agaricomycetes;Polyporales;Fomitopsidaceae;Daedalea;Daedalea_stereoides
FJ403218	Root;Basidiomycota;Agaricomycetes;Polyporales;Fomitopsidaceae;Daedalea;Daedalea_neotropica
FJ876298	Root;Ascomycota;Sordariomycetes;Hypocreales;Clavicipitaceae;Metarhizium;Metarhizium_anisopliae
FJ381693	Root;Ascomycota;Saccharomycetes;Saccharomycetales;Saccharomycopsidaceae;Saccharomycopsis;Saccharomycopsis_microspora
FJ381695	Root;Ascomycota;Saccharomycetes;Saccharomycetales;Pichiaceae;Pichia;Pichia_hampshirensis
FJ380871	Root;Basidiomycota;Agaricomycetes;Polyporales;Polyporaceae;Lignosus;Lignosus_rhinocerus
GU234033	Root;Basidiomycota;Agaricomycetes;Agaricales;Tricholomataceae;Arrhenia;Arrhenia_lobata
U66431	Root;Basidiomycota;Agaricomycetes;Agaricales;Tricholomataceae;Clitocybe;Clitocybe_lateritia
U66439	Root;Basidiomycota;Agaricomycetes;Agaricales;Clavariaceae;Multiclavula;Multiclavula_vernalis
EU664488	Root;Ascomycota;Eurotiomycetes;Eurotiales;Trichocomaceae;Aspergillus;Aspergillus_fumigatus
U66450	Root;Basidiomycota;Agaricomycetes;Agaricales;Tricholomataceae;Omphalina;Omphalina_pyxidata
U66451	Root;Basidiomycota;Agaricomycetes;Agaricales;Tricholomataceae;Omphalina;Omphalina_rivulicola
U66453	Root;Basidiomycota;Agaricomycetes;Agaricales;Tricholomataceae;Arrhenia;Arrhenia_sphagnicola
U66455	Root;Basidiomycota;Agaricomycetes;Agaricales;Tricholomataceae;Arrhenia;Arrhenia_velutipes
U66456	Root;Basidiomycota;Agaricomycetes;Agaricales;Tricholomataceae;Omphalina;Omphalina_viridis
U66436	Root;Basidiomycota;Agaricomycetes;Agaricales;Tricholomataceae;Omphalina;Phaeotellus_griseopallidus
AF492081	Root;Ascomycota;Taphrinomycetes;Taphrinales;Taphrinaceae;Taphrina;Taphrina_caerulescens
AF492082	Root;Ascomycota;Taphrinomycetes;Taphrinales;Taphrinaceae;Taphrina;Taphrina_caerulescens
AF492090	Root;Ascomycota;Taphrinomycetes;Taphrinales;Taphrinaceae;Taphrina;Taphrina_confusa
AF492112	Root;Ascomycota;Taphrinomycetes;Taphrinales;Taphrinaceae;Taphrina;Taphrina_pruni
AF492113	Root;Ascomycota;Taphrinomycetes;Taphrinales;Taphrinaceae;Taphrina;Taphrina_populi_salicis
AF492079	Root;Ascomycota;Taphrinomycetes;Taphrinales;Taphrinaceae;Taphrina;Taphrina_betulina
AF492117	Root;Ascomycota;Taphrinomycetes;Taphrinales;Taphrinaceae;Taphrina;Taphrina_sacchari
U89375	Root;Ascomycota;Sordariomycetes;Hypocreales;Clavicipitaceae;Balansia;Balansia_asperata
U89365	Root;Ascomycota;Sordariomycetes;Hypocreales;Clavicipitaceae;Balansia;Balansia_claviceps
U89366	Root;Ascomycota;Sordariomycetes;Hypocreales;Clavicipitaceae;Balansia;Balansia_claviceps
DQ119112	Root;Ascomycota;Sordariomycetes;Hypocreales;Clavicipitaceae;Balansia;Balansia_cyperi
FJ888383	Root;Ascomycota;Sordariomycetes;Hypocreales;Nectriaceae;Gibberella;Fusarium_equiseti
FJ380935	Root;Ascomycota;Sordariomycetes;Hypocreales;Clavicipitaceae;Harposporium;Harposporium_bysmatosporum
FJ380941	Root;Ascomycota;Orbiliomycetes;Orbiliales;Orbiliaceae;Monacrosporium;Monacrosporium_eudermatum
FJ380943	Root;Ascomycota;Orbiliomycetes;Orbiliales;Orbiliaceae;Dactylellina;Dactylellina_haptotyla
FJ380944	Root;Ascomycota;Orbiliomycetes;Orbiliales;Orbiliaceae;Dactylella;Dactylella_lysipaga
FJ477044	Root;Ascomycota;Orbiliomycetes;Orbiliales;Orbiliaceae;Dactylella;Dactylella_alba
FJ884097	Root;Ascomycota;Sordariomycetes;Hypocreales;Nectriaceae;Fusarium;Fusarium_polyphialidicum
JF907862	Root;Basidiomycota;Agaricomycetes;Agaricales;Cortinariaceae;Cortinarius;Cortinarius_moserianus
FJ871064	Root;Ascomycota;Lecanoromycetes;Lecanorales;Ramalinaceae;Niebla;Niebla_ceruchis
FJ871065	Root;Ascomycota;Lecanoromycetes;Lecanorales;Ramalinaceae;Niebla;Niebla_homalea
FJ871066	Root;Ascomycota;Lecanoromycetes;Lecanorales;Ramalinaceae;Niebla;Niebla_laevigata
FJ871076	Root;Ascomycota;Lecanoromycetes;Lecanorales;Ramalinaceae;Ramalina;Ramalina_crispatula
FJ871071	Root;Ascomycota;Lecanoromycetes;Lecanorales;Ramalinaceae;Ramalina;Ramalina_bourgaeana
FJ871073	Root;Ascomycota;Lecanoromycetes;Lecanorales;Ramalinaceae;Ramalina;Ramalina_canariensis
FJ871074	Root;Ascomycota;Lecanoromycetes;Lecanorales;Ramalinaceae;Ramalina;Ramalina_chondrina
FJ871078	Root;Ascomycota;Lecanoromycetes;Lecanorales;Ramalinaceae;Ramalina;Ramalina_decipiens
FJ871080	Root;Ascomycota;Lecanoromycetes;Lecanorales;Ramalinaceae;Ramalina;Ramalina_glaucescens
FJ871082	Root;Ascomycota;Lecanoromycetes;Lecanorales;Ramalinaceae;Ramalina;Ramalina_hierrensis
FJ871085	Root;Ascomycota;Lecanoromycetes;Lecanorales;Ramalinaceae;Ramalina;Ramalina_lacera
FJ871088	Root;Ascomycota;Lecanoromycetes;Lecanorales;Ramalinaceae;Ramalina;Ramalina_leiodea
FJ871090	Root;Ascomycota;Lecanoromycetes;Lecanorales;Ramalinaceae;Ramalina;Ramalina_maderensis
FJ871100	Root;Ascomycota;Lecanoromycetes;Lecanorales;Ramalinaceae;Ramalina;Ramalina_pusilla
FJ871103	Root;Ascomycota;Lecanoromycetes;Lecanorales;Ramalinaceae;Ramalina;Ramalina_stevensiae
FJ871104	Root;Ascomycota;Lecanoromycetes;Lecanorales;Ramalinaceae;Ramalina;Ramalina_tortuosa
FJ871107	Root;Ascomycota;Lecanoromycetes;Lecanorales;Ramalinaceae;Trichoramalina;Trichoramalina_melanothrix
FJ906815	Root;Neocallimastigomycota;Neocallimastigomycetes;Neocallimastigales;Neocallimastigaceae;Neocallimastix;Neocallimastix_frontalis
FJ645260	Root;Ascomycota;Eurotiomycetes;Verrucariales;Verrucariaceae;Verrucaria;Verrucaria_csernaensis
FJ645261	Root;Ascomycota;Eurotiomycetes;Verrucariales;Verrucariaceae;Bagliettoa;Verrucaria_baldensis
FJ645263	Root;Ascomycota;Eurotiomycetes;Verrucariales;Verrucariaceae;Sporodictyon;Sporodictyon_cruentum
AF455175	Root;Ascomycota;Lecanoromycetes;Lecanorales;Cladoniaceae;Cladonia;Cladonia_subchordalis
AF456394	Root;Ascomycota;Lecanoromycetes;Lecanorales;Cladoniaceae;Cladonia;Cladonia_uncialis_subsp_biuncialis
DQ480345	Root;Ascomycota;Eurotiomycetes;Eurotiales;Trichocomaceae;Penicillium;Penicillium_paxilli
AF345821	Root;Basidiomycota;Agaricomycetes;Agaricales;Coprinaceae;Coprinus;Coprinus_sterquilinus
AB092792	Root;Basidiomycota;Agaricomycetes;Agaricales;Strophariaceae;Psilocybe;Psilocybe_argentipes
AB092793	Root;Basidiomycota;Agaricomycetes;Agaricales;Strophariaceae;Psilocybe;Psilocybe_subaeruginascens
FJ872071	Root;Ascomycota;Eurotiomycetes;Eurotiales;Trichocomaceae;Penicillium;Penicillium_islandicum
FJ872075	Root;Ascomycota;Pezizomycetes;Pezizales;Pezizaceae;Chromelosporium;Chromelosporium_carneum
GU067738	Root;Basidiomycota;Agaricomycetes;Polyporales;Polyporaceae;Trametes;Trametes_ochracea
AB470862	Root;Ascomycota;Sordariomycetes;Diaporthales;Diaporthaceae;Diaporthe;Diaporthe_phaseolorum
AB470888	Root;Basidiomycota;Agaricomycetes;Agaricales;Strophariaceae;Pholiota;Pholiota_adiposa
FJ411082	Root;Basidiomycota;Agaricomycetes;Polyporales;Polyporaceae;Perenniporiella;Perenniporiella_pendula
FJ411086	Root;Basidiomycota;Agaricomycetes;Polyporales;Polyporaceae;Perenniporiella;Perenniporiella_micropora
FJ411092	Root;Basidiomycota;Agaricomycetes;Polyporales;Polyporaceae;Perenniporia;Perenniporia_martius
FJ462770	Root;Basidiomycota;Agaricomycetes;Polyporales;Polyporaceae;Perenniporia;Perenniporia_fraxinea
FJ411095	Root;Basidiomycota;Agaricomycetes;Polyporales;Polyporaceae;Vanderbylia;Vanderbylia_vicina
FJ411096	Root;Basidiomycota;Agaricomycetes;Polyporales;Polyporaceae;Perenniporia;Perenniporia_ohiensis
FJ411097	Root;Basidiomycota;Agaricomycetes;Polyporales;Polyporaceae;Perenniporia;Perenniporia_ochroleuca
FJ411099	Root;Basidiomycota;Agaricomycetes;Polyporales;Polyporaceae;Perenniporia;Perenniporia_detrita
FJ914883	Root;Ascomycota;Saccharomycetes;Saccharomycetales;Saccharomycetaceae;Zygosaccharomyces;Zygosaccharomyces_bailii
GQ293943	Root;Ascomycota;Sordariomycetes;Xylariales;Diatrypaceae;Diatrype;Diatrype_oregonensis
GQ293954	Root;Ascomycota;Sordariomycetes;Xylariales;Diatrypaceae;Diatrype;Diatrype_whitmanensis
FJ430596	Root;Ascomycota;Sordariomycetes;Xylariales;Diatrypaceae;Diatrype;Diatrype_stigma
FJ664822	Root;Ascomycota;Eurotiomycetes;Verrucariales;Verrucariaceae;Verrucaria;Verrucaria_viridula
FJ664833	Root;Ascomycota;Eurotiomycetes;Verrucariales;Verrucariaceae;Verrucaria;Verrucaria_anziana
FJ664837	Root;Ascomycota;Eurotiomycetes;Verrucariales;Verrucariaceae;Verrucaria;Verrucaria_caerulea
FJ664839	Root;Ascomycota;Eurotiomycetes;Verrucariales;Verrucariaceae;Verrucaria;Verrucaria_cyanea
FJ664842	Root;Ascomycota;Eurotiomycetes;Verrucariales;Verrucariaceae;Verrucaria;Verrucaria_denudata
FJ664845	Root;Ascomycota;Eurotiomycetes;Verrucariales;Verrucariaceae;Verrucaria;Verrucaria_ditmarsica
FJ664847	Root;Ascomycota;Eurotiomycetes;Verrucariales;Verrucariaceae;Verrucaria;Verrucaria_dolosa
FJ664848	Root;Ascomycota;Eurotiomycetes;Verrucariales;Verrucariaceae;Parabagliettoa;Parabagliettoa_dufourii
FJ664849	Root;Ascomycota;Eurotiomycetes;Verrucariales;Verrucariaceae;Verrucaria;Verrucaria_elaeina
FJ664850	Root;Ascomycota;Eurotiomycetes;Verrucariales;Verrucariaceae;Verrucaria;Verrucaria_elaeina
FJ664870	Root;Ascomycota;Eurotiomycetes;Verrucariales;Verrucariaceae;Verrucaria;Verrucaria_margacea
FJ435096	Root;Basidiomycota;Agaricomycetes;Cantharellales;Ceratobasidiaceae;Thanatephorus;Rhizoctonia_solani
FJ435116	Root;Basidiomycota;Agaricomycetes;Cantharellales;Ceratobasidiaceae;Thanatephorus;Rhizoctonia_solani
FJ435117	Root;Basidiomycota;Agaricomycetes;Cantharellales;Ceratobasidiaceae;Thanatephorus;Rhizoctonia_solani
FJ435123	Root;Basidiomycota;Agaricomycetes;Cantharellales;Ceratobasidiaceae;Thanatephorus;Rhizoctonia_solani
FJ435143	Root;Basidiomycota;Agaricomycetes;Cantharellales;Ceratobasidiaceae;Thanatephorus;Rhizoctonia_solani
FJ435146	Root;Basidiomycota;Agaricomycetes;Cantharellales;Ceratobasidiaceae;Ceratobasidium;Ceratobasidium_gramineum
FJ426985	Root;Ascomycota;Dothideomycetes;Pleosporales;Leptosphaeriaceae;Paraphoma;Paraphoma_chrysanthemicola
FJ544860	Root;Basidiomycota;Agaricomycetes;Agaricales;Tricholomataceae;Tricholoma;Tricholoma_guldeniae
FJ810501	Root;Ascomycota;Eurotiomycetes;Eurotiales;Trichocomaceae;Aspergillus;Aspergillus_niger
FJ982798	Root;Basidiomycota;Agaricomycetes;Polyporales;Ganodermataceae;Ganoderma;Ganoderma_lucidum
EF531229	Root;Ascomycota;Sordariomycetes;Hypocreales;Nectriaceae;Fusarium;Fusarium_sinensis
FJ770392	Root;Basidiomycota;Agaricomycetes;Agaricales;Entolomataceae;Clitopilopsis;Clitopilopsis_hirneola
FJ770400	Root;Basidiomycota;Agaricomycetes;Agaricales;Entolomataceae;Clitopilus;Clitopilus_popinalis
FJ770408	Root;Basidiomycota;Agaricomycetes;Agaricales;Entolomataceae;Clitopilus;Clitopilus_prunulus
AM087270	Root;Basidiomycota;Agaricomycetes;Boletales;Boletaceae;Boletus;Xerocomus_badius
AJ416416	Root;Glomeromycota;Glomeromycetes;Glomerales;Glomeraceae;Glomus;Glomus_intraradices
AY348305	Root;Ascomycota;Sordariomycetes;Ophiostomatales;Ophiostomataceae;Leptographium;Leptographium_bistatum
FJ588711	Root;Ascomycota;Lecanoromycetes;Ostropales;Stictidaceae;Petractis;Petractis_nodispora
AM882951	Root;Basidiomycota;Agaricomycetes;Agaricales;Cortinariaceae;Inocybe;Inocybe_erubescens
AM882952	Root;Basidiomycota;Agaricomycetes;Agaricales;Cortinariaceae;Inocybe;Inocybe_cookei
AM882956	Root;Basidiomycota;Agaricomycetes;Agaricales;Cortinariaceae;Inocybe;Inocybe_cookei
AM882959	Root;Basidiomycota;Agaricomycetes;Agaricales;Cortinariaceae;Inocybe;Inocybe_maculata
AM882960	Root;Basidiomycota;Agaricomycetes;Agaricales;Cortinariaceae;Inocybe;Inocybe_quietiodor
AM882964	Root;Basidiomycota;Agaricomycetes;Agaricales;Cortinariaceae;Inocybe;Inocybe_maculata
AM882996	Root;Basidiomycota;Agaricomycetes;Agaricales;Cortinariaceae;Crepidotus;Crepidotus_mollis
GQ121284	Root;Ascomycota;Sordariomycetes;Hypocreales;Nectriaceae;Gibberella;Gibberella_intermedia
GQ121285	Root;Ascomycota;Sordariomycetes;Hypocreales;Nectriaceae;Fusarium;Fusarium_oxysporum
GQ121288	Root;Ascomycota;Sordariomycetes;Hypocreales;Nectriaceae;Fusarium;Fusarium_oxysporum
GQ121305	Root;Ascomycota;Sordariomycetes;Hypocreales;Nectriaceae;Fusarium;Fusarium_oxysporum
FJ467370	Root;Ascomycota;Sordariomycetes;Hypocreales;Nectriaceae;Fusarium;Fusarium_redolens
GQ121310	Root;Ascomycota;Sordariomycetes;Hypocreales;Nectriaceae;Fusarium;Fusarium_oxysporum
GQ121312	Root;Ascomycota;Sordariomycetes;Hypocreales;Nectriaceae;Fusarium;Fusarium_chlamydosporum
AB507400	Root;Basidiomycota;Agaricomycetes;Boletales;Sclerodermataceae;Astraeus;Astraeus_odoratus
AB507406	Root;Basidiomycota;Agaricomycetes;Boletales;Sclerodermataceae;Astraeus;Astraeus_odoratus
GQ328756	Root;Basidiomycota;Pucciniomycetes;Pucciniales;Melampsoraceae;Melampsora;Melampsora_magnusiana
GQ165627	Root;Basidiomycota;Agaricomycetes;Agaricales;Cortinariaceae;Phaeocollybia;Phaeocollybia_ammiratii
GQ165647	Root;Basidiomycota;Agaricomycetes;Agaricales;Cortinariaceae;Phaeocollybia;Phaeocollybia_californica
GQ165678	Root;Basidiomycota;Agaricomycetes;Agaricales;Cortinariaceae;Phaeocollybia;Phaeocollybia_olivacea
GQ165657	Root;Basidiomycota;Agaricomycetes;Agaricales;Cortinariaceae;Phaeocollybia;Phaeocollybia_lilacifolia
GQ165663	Root;Basidiomycota;Agaricomycetes;Agaricales;Cortinariaceae;Phaeocollybia;Phaeocollybia_luteosquamulosa
GQ165672	Root;Basidiomycota;Agaricomycetes;Agaricales;Cortinariaceae;Phaeocollybia;Phaeocollybia_ochraceocana
GQ249878	Root;Ascomycota;Sordariomycetes;Hypocreales;Clavicipitaceae;Metarhizium;Metarhizium_anisopliae
GQ249885	Root;Basidiomycota;Agaricomycetes;Polyporales;Ganodermataceae;Ganoderma;Ganoderma_lucidum
FJ468404	Root;Basidiomycota;Pucciniomycetes;Pucciniales;Pucciniaceae;Uromyces;Uromyces_pisi
FJ468409	Root;Basidiomycota;Pucciniomycetes;Pucciniales;Pucciniaceae;Uromyces;Uromyces_striatus
FJ468400	Root;Basidiomycota;Pucciniomycetes;Pucciniales;Pucciniaceae;Uromyces;Uromyces_viciae_fabae
GQ166875	Root;Basidiomycota;Agaricomycetes;Boletales;Boletaceae;Boletus;Boletus_subtomentosus
GQ166878	Root;Basidiomycota;Agaricomycetes;Boletales;Boletaceae;Tylopilus;Tylopilus_felleus
GQ166889	Root;Basidiomycota;Agaricomycetes;Boletales;Boletaceae;Boletus;Boletus_bicolor
EU819498	Root;Basidiomycota;Agaricomycetes;Agaricales;Cortinariaceae;Inocybe;Inocybe_caesariata
EU523566	Root;Basidiomycota;Agaricomycetes;Agaricales;Cortinariaceae;Inocybe;Inocybe_aff_fraudans_PBM_2613
GQ166912	Root;Basidiomycota;Agaricomycetes;Agaricales;Cortinariaceae;Inocybe;Inocybe_aff_lacera_PRL5348
GQ149771	Root;Ascomycota;Sordariomycetes;Hypocreales;Nectriaceae;Gibberella;Gibberella_intermedia
GQ149775	Root;Ascomycota;Sordariomycetes;Hypocreales;Nectriaceae;Fusarium;Fusarium_oxysporum
DQ424998	Root;Basidiomycota;Agaricomycetes;Polyporales;Ganodermataceae;Ganoderma;Ganoderma_lucidum
FJ839617	Root;Ascomycota;Eurotiomycetes;Chaetothyriales;Chaetothyriaceae;Cyphellophora;Cyphellophora_eugeniae
FJ839620	Root;Ascomycota;Leotiomycetes;Helotiales;Hyaloscyphaceae;Haplographium;Haplographium_catenatum
FJ839621	Root;Ascomycota;Leotiomycetes;Helotiales;Hyaloscyphaceae;Haplographium;Haplographium_catenatum
FJ839622	Root;Ascomycota;Leotiomycetes;Helotiales;Hyaloscyphaceae;Haplographium;Haplographium_catenatum
AF429267	Root;Ascomycota;Lecanoromycetes;Lecideales;Porpidiaceae;Porpidia;Porpidia_hydrophila
EU343817	Root;Ascomycota;Saccharomycetes;Saccharomycetales;Trichomonascaceae;Blastobotrys;Blastobotrys_nivea
EU343865	Root;Ascomycota;Saccharomycetes;Saccharomycetales;Metschnikowiaceae;Metschnikowia;Metschnikowia_agaves
EU343805	Root;Ascomycota;Saccharomycetes;Saccharomycetales;Metschnikowiaceae;Metschnikowia;Metschnikowia_drosophilae
FJ389950	Root;Ascomycota;Eurotiomycetes;Eurotiales;Trichocomaceae;Paecilomyces;Paecilomyces_saturatus
GQ250004	Root;Ascomycota;Sordariomycetes;Hypocreales;Clavicipitaceae;Akanthomyces;Akanthomyces_novoguineensis
GU184101	Root;Ascomycota;Pezizomycetes;Pezizales;Pyronemataceae;Geopora;Geopora_cooperi
AY143556	Root;Basidiomycota;Tremellomycetes;Tremellales;Trichosporonaceae;Trichosporon;Trichosporon_debeurmannianum
AF511444	Root;Basidiomycota;Agaricomycetes;Polyporales;Polyporaceae;Polyporus;Polyporus_badius
U92306	Root;Ascomycota;Leotiomycetes;Rhytismatales;Rhytismataceae;Colpoma;Colpoma_quercinum
AF491557	Root;Ascomycota;Pezizomycetes;Pezizales;Pezizaceae;Peziza;Peziza_varia
AF491564	Root;Ascomycota;Pezizomycetes;Pezizales;Pezizaceae;Peziza;Peziza_varia
AF491576	Root;Ascomycota;Pezizomycetes;Pezizales;Pezizaceae;Peziza;Peziza_lohjaoensis
AF491580	Root;Ascomycota;Pezizomycetes;Pezizales;Pezizaceae;Peziza;Peziza_arvernensis
AF491610	Root;Ascomycota;Pezizomycetes;Pezizales;Pezizaceae;Peziza;Peziza_alcis
AF491621	Root;Ascomycota;Pezizomycetes;Pezizales;Pezizaceae;Peziza;Peziza_ammophila
AF491622	Root;Ascomycota;Pezizomycetes;Pezizales;Pezizaceae;Peziza;Peziza_ammophila
DQ491509	Root;Ascomycota;Pezizomycetes;Pezizales;Pezizaceae;Peziza;Peziza_vesiculosa
AF491629	Root;Ascomycota;Pezizomycetes;Pezizales;Pezizaceae;Peziza;Peziza_ampelina
EU700370	Root;Ascomycota;Dothideomycetes;Pleosporales;Venturiaceae;Rhizosphaera;Rhizosphaera_pini
GQ142012	Root;Basidiomycota;Agaricomycetes;Russulales;Auriscalpiaceae;Lentinellus;Lentinellus_flabelliformis
AB511817	Root;Ascomycota;Leotiomycetes;Rhytismatales;Rhytismataceae;Lophodermium;Lophodermium_pinastri
FM865578	Root;Glomeromycota;Glomeromycetes;Glomerales;Glomeraceae;Glomus;Glomus_intraradices
GQ229074	Root;Ascomycota;Eurotiomycetes;Eurotiales;Trichocomaceae;Paecilomyces;Paecilomyces_lilacinus
FJ491985	Root;Basidiomycota;Agaricomycetes;Polyporales;Ganodermataceae;Ganoderma;Ganoderma_tropicum
FJ491979	Root;Basidiomycota;Agaricomycetes;Polyporales;Ganodermataceae;Ganoderma;Ganoderma_weberianum
GQ229461	Root;Ascomycota;Saccharomycetes;Saccharomycetales;Trichomonascaceae;Trichomonascus;Trichomonascus_ciferrii
GQ254805	Root;Ascomycota;Saccharomycetes;Saccharomycetales;Pichiaceae;Pichia;Pichia_occidentalis
GQ254806	Root;Ascomycota;Saccharomycetes;Saccharomycetales;Pichiaceae;Issatchenkia;Issatchenkia_terricola
GQ254808	Root;Ascomycota;Saccharomycetes;Saccharomycetales;Saccharomycetaceae;Saccharomyces;Saccharomyces_cerevisiae
FJ389946	Root;Ascomycota;Eurotiomycetes;Eurotiales;Trichocomaceae;Byssochlamys;Byssochlamys_lagunculariae
FJ717534	Root;Basidiomycota;Agaricomycetes;Agaricales;Cortinariaceae;Cortinarius;Cortinarius_angelesianus
FJ157122	Root;Basidiomycota;Agaricomycetes;Agaricales;Cortinariaceae;Cortinarius;Cortinarius_pholideus
FJ039571	Root;Basidiomycota;Agaricomycetes;Agaricales;Cortinariaceae;Cortinarius;Cortinarius_venustus
EU715605	Root;Ascomycota;Sordariomycetes;Xylariales;Xylariaceae;Xylaria;Xylaria_curta
EU715651	Root;Ascomycota;Sordariomycetes;Xylariales;Xylariaceae;Biscogniauxia;Biscogniauxia_atropunctata
GQ267468	Root;Basidiomycota;Agaricomycetes;Agaricales;Amanitaceae;Amanita;Amanita_muscaria
GQ267474	Root;Basidiomycota;Agaricomycetes;Agaricales;Cortinariaceae;Inocybe;Inocybe_sindonia
GQ267485	Root;Basidiomycota;Agaricomycetes;Boletales;Rhizopogonaceae;Rhizopogon;Rhizopogon_rubescens
AB512312	Root;Basidiomycota;Agaricomycetes;Agaricales;Mycenaceae;Mycena;Mycena_chlorophos
AB512313	Root;Basidiomycota;Agaricomycetes;Agaricales;Mycenaceae;Mycena;Mycena_luteopallens
EF484924	Root;Ascomycota;Sordariomycetes;Hypocreales;Clavicipitaceae;Metarhizium;Metarhizium_lepidiotae
FJ545309	Root;Ascomycota;Sordariomycetes;Hypocreales;Clavicipitaceae;Metarhizium;Metarhizium_anisopliae
FJ177506	Root;Ascomycota;Sordariomycetes;Hypocreales;Clavicipitaceae;Metarhizium;Metarhizium_anisopliae
FJ494924	Root;Ascomycota;Lecanoromycetes;Lecanorales;Parmeliaceae;Usnea;Usnea_baileyi
FJ494946	Root;Ascomycota;Lecanoromycetes;Lecanorales;Parmeliaceae;Usnea;Usnea_pectinata
FJ494950	Root;Ascomycota;Lecanoromycetes;Lecanorales;Parmeliaceae;Usnea;Usnea_rubrotincta
GQ355327	Root;Neocallimastigomycota;Neocallimastigomycetes;Neocallimastigales;Neocallimastigaceae;Neocallimastix;Neocallimastix_hurleyensis
GQ340442	Root;Ascomycota;Saccharomycetes;Saccharomycetales;Saccharomycetaceae;Lachancea;Lachancea_fermentati
EU149802	Root;Basidiomycota;Microbotryomycetes;Glaciozyma_watsonii;Glaciozyma_watsonii;Glaciozyma_watsonii;Glaciozyma_watsonii
GQ410776	Root;Ascomycota;Sordariomycetes;Hypocreales;Nectriaceae;Haematonectria;Fusarium_solani
FN433523	Root;Ascomycota;Saccharomycetes;Saccharomycetales;Metschnikowiaceae;Clavispora;Clavispora_reshetovae
AB378672	Root;Ascomycota;Sordariomycetes;Hypocreales;Ophiocordycipitaceae;Ophiocordyceps;Ophiocordyceps_cuboidea
AB454314	Root;Ascomycota;Dothideomycetes;Botryosphaeriales;Botryosphaeriaceae;Phyllosticta;Phyllosticta_aspidistricola
AB454328	Root;Ascomycota;Dothideomycetes;Botryosphaeriales;Botryosphaeriaceae;Phyllosticta;Phyllosticta_minima
AB454313	Root;Ascomycota;Dothideomycetes;Capnodiales;Mycosphaerellaceae;Guignardia;Guignardia_bidwellii
FJ422904	Root;Ascomycota;Dothideomycetes;Botryosphaeriales;Botryosphaeriaceae;Botryosphaeria;Neofusicoccum_australe
AB454302	Root;Ascomycota;Dothideomycetes;Botryosphaeriales;Botryosphaeriaceae;Phyllosticta;Phyllosticta_azevinhi
AB454310	Root;Ascomycota;Dothideomycetes;Botryosphaeriales;Botryosphaeriaceae;Phyllosticta;Phyllosticta_gardeniicola
AB454325	Root;Ascomycota;Dothideomycetes;Botryosphaeriales;Botryosphaeriaceae;Phyllosticta;Phyllosticta_hamamelidis
AB454357	Root;Ascomycota;Dothideomycetes;Botryosphaeriales;Botryosphaeriaceae;Phyllosticta;Phyllosticta_cordylinophila
GQ355335	Root;Ascomycota;Dothideomycetes;Pleosporales;Venturiaceae;Rosenscheldiella;Rosenscheldiella_brachyglottidis
EF051727	Root;Ascomycota;Sordariomycetes;Hypocreales;Clavicipitaceae;Metacordyceps;Metarhizium_majus
GQ369959	Root;Ascomycota;Sordariomycetes;Hypocreales;Clavicipitaceae;Pochonia;Pochonia_chlamydosporia
AB516668	Root;Ascomycota;Leotiomycetes;Helotiales;Sclerotiniaceae;Dumontinia;Dumontinia_tuberosa
AB516663	Root;Ascomycota;Leotiomycetes;Helotiales;Sclerotiniaceae;Sclerotinia;Sclerotinia_sclerotiorum
GQ231733	Root;Ascomycota;Pezizomycetes;Pezizales;Pezizaceae;Elderia;Elderia_arenivaga
GQ231739	Root;Ascomycota;Pezizomycetes;Pezizales;Pezizaceae;Mattirolomyces;Mattirolomyces_mulpu
GQ231742	Root;Ascomycota;Pezizomycetes;Pezizales;Pezizaceae;Mycoclelandia;Mycoclelandia_arenacea
GQ231752	Root;Ascomycota;Pezizomycetes;Pezizales;Pezizaceae;Mattirolomyces;Mattirolomyces_austroafricanus
FN423707	Root;Glomeromycota;Glomeromycetes;Diversisporales;Gigasporaceae;Scutellospora;Scutellospora_castanea
GQ358518	Root;Basidiomycota;Agaricomycetes;Atheliales;Atheliaceae;Athelia;Athelia_rolfsii
GQ924924	Root;Ascomycota;Leotiomycetes;Helotiales;Sclerotiniaceae;Sclerotinia;Sclerotinia_homoeocarpa
GQ376097	Root;Ascomycota;Eurotiomycetes;Onygenales;Onygenaceae;Chrysosporium;Chrysosporium_articulatum
GQ395813	Root;Ascomycota;Dothideomycetes;Capnodiales;Mycosphaerellaceae;Cladosporium;Cladosporium_paeoniae
FJ641061	Root;Ascomycota;Dothideomycetes;Capnodiales;Teratosphaeriaceae;Teratosphaeria;Teratosphaeria_callophylla
FJ639141	Root;Ascomycota;Arthoniomycetes;Arthoniales;Roccellaceae;Roccella;Roccella_verruculosa
JF509174	Root;Ascomycota;Eurotiomycetes;Verrucariales;Verrucariaceae;Agonimia;Agonimia_vouauxii
GQ411509	Root;Basidiomycota;Agaricomycetes;Russulales;Auriscalpiaceae;Artomyces;Artomyces_candelabrus
GQ411511	Root;Basidiomycota;Agaricomycetes;Polyporales;Meruliaceae;Mycoacia;Mycoacia_nothofagi
GQ411518	Root;Basidiomycota;Agaricomycetes;Cantharellales;Botryobasidiaceae;Botryobasidium;Botryobasidium_vagum
GQ397988	Root;Basidiomycota;Agaricomycetes;Agaricales;Amanitaceae;Amanita;Amanita_vaginata
EF591921	Root;Ascomycota;Dothideomycetes;Botryosphaeriales;Botryosphaeriaceae;Dothiorella;Dothiorella_moneti
GQ844231	Root;Basidiomycota;Agaricomycetes;Agaricales;Physalacriaceae;Mucidula;Mucidula_mucida_var_asiatica
GQ844240	Root;Basidiomycota;Agaricomycetes;Agaricales;Physalacriaceae;Mucidula;Mucidula_mucida_var_asiatica
GQ415317	Root;Basidiomycota;Agaricomycetes;Agaricales;Amanitaceae;Amanita;Amanita_flavoconia
FJ627527	Root;Basidiomycota;Agaricomycetes;Russulales;Bondarzewiaceae;Heterobasidion;Heterobasidion_araucariae
GQ359404	Root;Ascomycota;Eurotiomycetes;Eurotiales;Trichocomaceae;Aspergillus;Aspergillus_carbonarius
AB378548	Root;Ascomycota;Sordariomycetes;Hypocreales;Clavicipitaceae;Cordyceps;Cordyceps_chlamydosporia
GQ388715	Root;Glomeromycota;Glomeromycetes;Glomerales;Glomeraceae;Glomus;Glomus_mosseae
GQ388716	Root;Glomeromycota;Glomeromycetes;Glomerales;Glomeraceae;Glomus;Glomus_mosseae
GQ388722	Root;Glomeromycota;Glomeromycetes;Glomerales;Glomeraceae;Glomus;Glomus_mosseae
FJ774074	Root;Basidiomycota;Agaricomycetes;Agaricales;Pluteaceae;Pluteus;Pluteus_ephebeus
FJ774077	Root;Basidiomycota;Agaricomycetes;Agaricales;Pluteaceae;Pluteus;Pluteus_aurantiorugosus
FJ774079	Root;Basidiomycota;Agaricomycetes;Agaricales;Pluteaceae;Pluteus;Pluteus_leoninus
FJ655873	Root;Basidiomycota;Pucciniomycetes;Pucciniales;Pucciniaceae;Puccinia;Puccinia_obscura
Z14026	Root;Ascomycota;Lecanoromycetes;Lecanorales;Cladoniaceae;Cladonia;Cladonia_grayi
AF003984	Root;Ascomycota;Sordariomycetes;Hypocreales;Clavicipitaceae;Parepichloe;Parepichloe_sclerotica
AF003988	Root;Ascomycota;Sordariomycetes;Hypocreales;Clavicipitaceae;Parepichloe;Parepichloe_cynodontis
U61390	Root;Ascomycota;Pezizomycetes;Pezizales;Morchellaceae;Morchella;Morchella_elata
GQ303274	Root;Ascomycota;Eurotiomycetes;Chaetothyriales;Chaetothyriaceae;Cyphellophora;Cyphellophora_eucalypti
GQ303293	Root;Ascomycota;Dothideomycetes;Capnodiales;Mycosphaerellaceae;Selenophoma;Selenophoma_australiensis
GQ303294	Root;Ascomycota;Dothideomycetes;Myriangiales;Elsinoaceae;Sphaceloma;Sphaceloma_tectificae
GQ303296	Root;Ascomycota;Dothideomycetes;Dothideales;Dothioraceae;Sydowia;Sydowia_eucalypti
FJ903297	Root;Basidiomycota;Agaricomycetes;Polyporales;Sistotremataceae;Sistotrema;Sistotrema_brinkmannii
AY533548	Root;Ascomycota;Saccharomycetes;Saccharomycetales;Pichiaceae;Pichia;Pichia_fermentans
GQ479544	Root;Ascomycota;Dothideomycetes;Capnodiales;Mycosphaerellaceae;Mycosphaerella;Mycosphaerella_populicola
GQ479554	Root;Ascomycota;Dothideomycetes;Capnodiales;Mycosphaerellaceae;Mycosphaerella;Mycosphaerella_populicola
AY549469	Root;Ascomycota;Dothideomycetes;Capnodiales;Mycosphaerellaceae;Mycosphaerella;Mycosphaerella_populicola
AY549477	Root;Ascomycota;Dothideomycetes;Capnodiales;Mycosphaerellaceae;Mycosphaerella;Mycosphaerella_populicola
FJ150704	Root;Ascomycota;Dothideomycetes;Botryosphaeriales;Botryosphaeriaceae;Neofusicoccum;Neofusicoccum_protearum
AF454086	Root;Ascomycota;Eurotiomycetes;Eurotiales;Trichocomaceae;Thysanophora;Thysanophora_penicillioides
AF454576	Root;Basidiomycota;Agaricomycetes;Boletales;Boletaceae;Leccinum;Leccinum_duriusculum
AF454586	Root;Basidiomycota;Agaricomycetes;Boletales;Boletaceae;Leccinum;Leccinum_palustre
AY581058	Root;Ascomycota;Lecanoromycetes;Lecanorales;Parmeliaceae;Xanthoparmelia;Xanthoparmelia_semiviridis
AY586560	Root;Ascomycota;Lecanoromycetes;Lecanorales;Parmeliaceae;Flavoparmelia;Flavoparmelia_baltimorensis
AF451767	Root;Ascomycota;Lecanoromycetes;Lecanorales;Parmeliaceae;Asahinea;Asahinea_chrysantha
AF451790	Root;Ascomycota;Lecanoromycetes;Lecanorales;Parmeliaceae;Tuckermanella;Tuckermanella_fendleri
FJ707474	Root;Ascomycota;Sordariomycetes;Xylariales;Xylariaceae;Xylaria;Xylaria_sibirica
GQ500919	Root;Ascomycota;Lecanoromycetes;Lecanorales;Cladoniaceae;Cladia;Cladia_schizopora
GQ981490	Root;Basidiomycota;Agaricomycetes;Boletales;Boletaceae;Afroboletus;Afroboletus_luteolus
GQ981492	Root;Basidiomycota;Agaricomycetes;Hysterangiales;Gallaceaceae;Austrogautieria;Austrogautieria_macrospora
GQ981494	Root;Basidiomycota;Agaricomycetes;Agaricales;Tricholomataceae;Cantharellula;Cantharellula_umbonata
GQ981497	Root;Basidiomycota;Agaricomycetes;Hysterangiales;Mesophelliaceae;Nothocastoreum;Nothocastoreum_cretaceum
GQ981502	Root;Basidiomycota;Agaricomycetes;Russulales;Auriscalpiaceae;Clavicorona;Clavicorona_taxophila
GQ981503	Root;Basidiomycota;Agaricomycetes;Boletales;Boletaceae;Fistulinella;Fistulinella_gloeocarpa
GQ981514	Root;Ascomycota;Pezizomycetes;Pezizales;Pyronemataceae;Nothojafnea;Nothojafnea_cryptotricha
GQ981516	Root;Basidiomycota;Agaricomycetes;Hysterangiales;Mesophelliaceae;Nothocastoreum;Nothocastoreum_cretaceum
GQ981517	Root;Basidiomycota;Agaricomycetes;Hysterangiales;Mesophelliaceae;Nothocastoreum;Nothocastoreum_cretaceum
GQ981518	Root;Ascomycota;Pezizomycetes;Pezizales;Pyronemataceae;Phaeangium;Phaeangium_lefebvrei
GQ981519	Root;Ascomycota;Pezizomycetes;Pezizales;Pyronemataceae;Phaeangium;Phaeangium_lefebvrei
GQ981520	Root;Basidiomycota;Agaricomycetes;Hysterangiales;Phallogastraceae;Protubera;Protubera_canescens
GQ981527	Root;Basidiomycota;Agaricomycetes;Agaricales;Amanitaceae;Amanita;Amanita_arenaria
FJ919809	Root;Ascomycota;Lecanoromycetes;Acarosporales;Acarosporaceae;Glypholecia;Glypholecia_scabra
GQ924894	Root;Ascomycota;Sordariomycetes;Hypocreales;Nectriaceae;Gibberella;Gibberella_fujikuroi
GQ893017	Root;Basidiomycota;Agaricomycetes;Agaricales;Cortinariaceae;Inocybe;Inocybe_hydrocybiformis
U63475	Root;Basidiomycota;Agaricomycetes;Polyporales;Polyporaceae;Trichaptum;Trichaptum_abietinum
U63476	Root;Basidiomycota;Agaricomycetes;Polyporales;Polyporaceae;Trichaptum;Trichaptum_biforme
U63472	Root;Basidiomycota;Agaricomycetes;Polyporales;Polyporaceae;Trichaptum;Trichaptum_fusco_violaceum
U63471	Root;Basidiomycota;Agaricomycetes;Polyporales;Polyporaceae;Trichaptum;Trichaptum_laricinum
U63477	Root;Basidiomycota;Agaricomycetes;Polyporales;Polyporaceae;Trichaptum;Trichaptum_laricinum
Z14025	Root;Ascomycota;Lecanoromycetes;Lecanorales;Cladoniaceae;Cladonia;Cladonia_merochlorophaea
GQ925387	Root;Basidiomycota;Agaricomycetes;Agaricales;Amanitaceae;Amanita;Amanita_torrendii
GQ925388	Root;Basidiomycota;Agaricomycetes;Agaricales;Amanitaceae;Amanita;Amanita_arenaria
GQ925392	Root;Basidiomycota;Agaricomycetes;Agaricales;Amanitaceae;Amanita;Amanita_pseudoinculta
AY525773	Root;Ascomycota;Sordariomycetes;Sordariales;Lasiosphaeriaceae;Podospora;Podospora_anserina
GQ922520	Root;Ascomycota;Sordariomycetes;Sordariales;Lasiosphaeriaceae;Apiosordaria;Apiosordaria_backusii
GQ922522	Root;Ascomycota;Sordariomycetes;Coniochaetales;Coniochaetaceae;Coniochaeta;Coniochaeta_savoryi
GQ922524	Root;Ascomycota;Sordariomycetes;Sordariales;Lasiosphaeriaceae;Apiosordaria;Apiosordaria_otanii
GQ922536	Root;Ascomycota;Sordariomycetes;Sordariales;Lasiosphaeriaceae;Podospora;Podospora_fibrinocaudata
GQ922537	Root;Ascomycota;Sordariomycetes;Sordariales;Lasiosphaeriaceae;Podospora;Podospora_inflatula
GQ922540	Root;Ascomycota;Sordariomycetes;Sordariales;Lasiosphaeriaceae;Podospora;Podospora_prethopodalis
GQ922534	Root;Ascomycota;Sordariomycetes;Sordariales;Lasiosphaeriaceae;Podospora;Podospora_ampullacea
EF585539	Root;Ascomycota;Dothideomycetes;Botryosphaeriales;Botryosphaeriaceae;Neoscytalidium;Neoscytalidium_novaehollandiae
GU062253	Root;Ascomycota;Dothideomycetes;Pleosporales;Montagnulaceae;Paraconiothyrium;Paraconiothyrium_sporulosum
GU062261	Root;Ascomycota;Sordariomycetes;Xylariales;Xylariaceae;Daldinia;Daldinia_petriniae
GU062284	Root;Ascomycota;Sordariomycetes;Xylariales;Xylariaceae;Annulohypoxylon;Annulohypoxylon_multiforme
GU062297	Root;Ascomycota;Sordariomycetes;Diaporthales;Melanconidaceae;Melanconis;Melanconis_stilbostoma
FJ748921	Root;Ascomycota;Sordariomycetes;Melanosporales;Ceratostomataceae;Melanospora;Melanospora_tiffanii
AY684178	Root;Basidiomycota;Agaricomycetes;Polyporales;Polyporaceae;Trametes;Trametes_elegans
GU060452	Root;Ascomycota;Dothideomycetes;Capnodiales;Mycosphaerellaceae;Guignardia;Guignardia_citricarpa
GU060455	Root;Ascomycota;Dothideomycetes;Capnodiales;Mycosphaerellaceae;Guignardia;Guignardia_citricarpa
FJ411105	Root;Basidiomycota;Agaricomycetes;Polyporales;Polyporaceae;Pyrofomes;Pyrofomes_demidoffii
HQ530561	Root;Ascomycota;Sordariomycetes;Hypocreales;Nectriaceae;Fusarium;Fusarium_oxysporum
AY725552	Root;Ascomycota;Dothideomycetes;Capnodiales;Mycosphaerellaceae;Dissoconium;Dissoconium_dekkeri
GQ852796	Root;Ascomycota;Dothideomycetes;Capnodiales;Teratosphaeriaceae;Teratosphaeria;Teratosphaeria_cryptica
GQ852835	Root;Ascomycota;Dothideomycetes;Capnodiales;Teratosphaeriaceae;Teratosphaeria;Teratosphaeria_suberosa
GQ852839	Root;Ascomycota;Dothideomycetes;Capnodiales;Mycosphaerellaceae;Zasmidium;Zasmidium_aerohyalinosporum
FJ839626	Root;Ascomycota;Dothideomycetes;Capnodiales;Mycosphaerellaceae;Zasmidium;Zasmidium_anthuriicola
GQ852841	Root;Ascomycota;Dothideomycetes;Capnodiales;Mycosphaerellaceae;Zasmidium;Zasmidium_nabiacense
AF145329	Root;Basidiomycota;Tremellomycetes;Filobasidiales;Filobasidiaceae;Cryptococcus;Cryptococcus_albidus_var_ovalis
FJ904677	Root;Ascomycota;Lecanoromycetes;Ostropales;Stictidaceae;Cryptodiscus;Cryptodiscus_pallidus
FJ790858	Root;Ascomycota;Sordariomycetes;Xylariales;Diatrypaceae;Eutypella;Eutypella_vitis
GQ497893	Root;Basidiomycota;Exobasidiomycetes;Tilletiales;Tilletiaceae;Tilletia;Tilletia_challinorae
AM882737	Root;Basidiomycota;Agaricomycetes;Agaricales;Cortinariaceae;Inocybe;Inocybe_haemacta
AM882747	Root;Basidiomycota;Agaricomycetes;Agaricales;Cortinariaceae;Inocybe;Inocybe_stellatospora
AM882810	Root;Basidiomycota;Agaricomycetes;Agaricales;Cortinariaceae;Inocybe;Inocybe_hystrix
AM882815	Root;Basidiomycota;Agaricomycetes;Agaricales;Cortinariaceae;Inocybe;Inocybe_lacera_var_helobia
AM882821	Root;Basidiomycota;Agaricomycetes;Agaricales;Cortinariaceae;Inocybe;Inocybe_impexa
AM882827	Root;Basidiomycota;Agaricomycetes;Agaricales;Cortinariaceae;Inocybe;Inocybe_fibrosoides
AM882836	Root;Basidiomycota;Agaricomycetes;Agaricales;Cortinariaceae;Inocybe;Inocybe_mixtilis
AM882868	Root;Basidiomycota;Agaricomycetes;Agaricales;Cortinariaceae;Inocybe;Inocybe_posterula
AM882870	Root;Basidiomycota;Agaricomycetes;Agaricales;Cortinariaceae;Inocybe;Inocybe_geophylla
AM882877	Root;Basidiomycota;Agaricomycetes;Agaricales;Cortinariaceae;Inocybe;Inocybe_geophylla
AM882894	Root;Basidiomycota;Agaricomycetes;Agaricales;Cortinariaceae;Inocybe;Inocybe_fuscidula
AM882905	Root;Basidiomycota;Agaricomycetes;Agaricales;Cortinariaceae;Inocybe;Inocybe_phaeodisca
AM882906	Root;Basidiomycota;Agaricomycetes;Agaricales;Cortinariaceae;Inocybe;Inocybe_cryptocystis
AM882908	Root;Basidiomycota;Agaricomycetes;Agaricales;Cortinariaceae;Inocybe;Inocybe_amblyspora
AM882913	Root;Basidiomycota;Agaricomycetes;Agaricales;Cortinariaceae;Inocybe;Inocybe_nitidiuscula
AM882915	Root;Basidiomycota;Agaricomycetes;Agaricales;Cortinariaceae;Inocybe;Inocybe_muricellata
AM882921	Root;Basidiomycota;Agaricomycetes;Agaricales;Cortinariaceae;Inocybe;Inocybe_pseudoasterospora
AM882923	Root;Basidiomycota;Agaricomycetes;Agaricales;Cortinariaceae;Inocybe;Inocybe_acutella
HQ604553	Root;Basidiomycota;Agaricomycetes;Agaricales;Cortinariaceae;Inocybe;Inocybe_soluta
AM882934	Root;Basidiomycota;Agaricomycetes;Agaricales;Cortinariaceae;Inocybe;Inocybe_hirtella
FJ389922	Root;Ascomycota;Eurotiomycetes;Eurotiales;Trichocomaceae;Talaromyces;Talaromyces_emersonii
AY313613	Root;Ascomycota;Eurotiomycetes;Eurotiales;Trichocomaceae;Penicillium;Penicillium_angulare
FJ231014	Root;Ascomycota;Eurotiomycetes;Eurotiales;Trichocomaceae;Eupenicillium;Eupenicillium_hirayamae
AF033430	Root;Ascomycota;Eurotiomycetes;Eurotiales;Trichocomaceae;Eupenicillium;Eupenicillium_lassenii
AF033431	Root;Ascomycota;Eurotiomycetes;Eurotiales;Trichocomaceae;Eupenicillium;Eupenicillium_inusitatum
AF033494	Root;Ascomycota;Eurotiomycetes;Eurotiales;Trichocomaceae;Penicillium;Penicillium_megasporum
GU112754	Root;Ascomycota;Sordariomycetes;Hypocreales;Bionectriaceae;Bionectria;Bionectria_ochroleuca
AB531500	Root;Ascomycota;Dothideomycetes;Capnodiales;Mycosphaerellaceae;Passalora;Passalora_nattrassii
FJ827711	Root;Chytridiomycota;Chytridiomycetes;Spizellomycetales;Spizellomycetaceae;Powellomyces;Powellomyces_hirtus
FJ827713	Root;Chytridiomycota;Chytridiomycetes;Spizellomycetales;Spizellomycetaceae;Gaertneriomyces;Gaertneriomyces_tenuis
FJ827714	Root;Chytridiomycota;Chytridiomycetes;Spizellomycetales;Spizellomycetaceae;Spizellomyces;Spizellomyces_dolichospermus
FJ827715	Root;Chytridiomycota;Chytridiomycetes;Spizellomycetales;Spizellomycetaceae;Spizellomyces;Spizellomyces_pseudodichotomus
FJ827723	Root;Chytridiomycota;Chytridiomycetes;Spizellomycetales;Spizellomycetaceae;Spizellomyces;Spizellomyces_palustris
FJ827724	Root;Chytridiomycota;Chytridiomycetes;Spizellomycetales;Spizellomycetaceae;Spizellomyces;Spizellomyces_lactosolyticus
FJ827732	Root;Chytridiomycota;Chytridiomycetes;Spizellomycetales;Spizellomycetaceae;Kochiomyces;Kochiomyces_dichotomus
FJ827734	Root;Chytridiomycota;Chytridiomycetes;Spizellomycetales;Spizellomycetaceae;Kochiomyces;Kochiomyces_dichotomus
EU417874	Root;Basidiomycota;Agaricomycetes;Boletales;Boletaceae;Boletus;Boletus_edulis
FJ009555	Root;Ascomycota;Eurotiomycetes;Eurotiales;Trichocomaceae;Penicillium;Penicillium_marneffei
GU949592	Root;Basidiomycota;Agaricomycetes;Agaricales;Cortinariaceae;Inocybe;Inocybe_aeruginascens
GU139172	Root;Basidiomycota;Ustilaginomycetes;Ustilaginales;Ustilaginaceae;Sporisorium;Sporisorium_spinulosum
GU171370	Root;Ascomycota;Orbiliomycetes;Orbiliales;Orbiliaceae;Arthrobotrys;Arthrobotrys_scaphoides
GU207243	Root;Ascomycota;Lecanoromycetes;Lecanorales;Cladoniaceae;Cladonia;Cladonia_stipitata
GQ913350	Root;Basidiomycota;Agaricomycetes;Agaricales;Physalacriaceae;Hymenopellis_sinapicolor;Hymenopellis_sinapicolor
GQ913359	Root;Basidiomycota;Agaricomycetes;Agaricales;Physalacriaceae;Hymenopellis_gigaspora;Hymenopellis_gigaspora
GQ913372	Root;Basidiomycota;Agaricomycetes;Agaricales;Physalacriaceae;Hymenopellis_rubrobrunnescens;Hymenopellis_rubrobrunnescens
GQ913373	Root;Basidiomycota;Agaricomycetes;Agaricales;Physalacriaceae;Hymenopellis_rubrobrunnescens;Hymenopellis_rubrobrunnescens
GQ913395	Root;Basidiomycota;Agaricomycetes;Agaricales;Physalacriaceae;Hymenopellis_rugosoceps;Hymenopellis_rugosoceps
GQ913398	Root;Basidiomycota;Agaricomycetes;Agaricales;Physalacriaceae;Hymenopellis_orientalis;Hymenopellis_orientalis
GQ913410	Root;Basidiomycota;Agaricomycetes;Agaricales;Physalacriaceae;Hymenopellis_megalospora;Hymenopellis_megalospora
AB506674	Root;Ascomycota;Sordariomycetes;Ophiostomatales;Ophiostomataceae;Ophiostoma;Ophiostoma_nikkoense
EU034670	Root;Ascomycota;Lecanoromycetes;Lecanorales;Ramalinaceae;Ramalina;Ramalina_pollinaria
GU174551	Root;Ascomycota;Sordariomycetes;Phyllachorales;Phyllachoraceae;Colletotrichum;Colletotrichum_xanthorrhoeae
AY081036	Root;Basidiomycota;Exobasidiomycetes;Entylomatales;Entylomataceae;Entyloma;Entyloma_fuscum
AF009215	Root;Ascomycota;Saccharomycetes;Saccharomycetales;Metschnikowiaceae;Clavispora;Clavispora_lusitaniae
AF019636	Root;Basidiomycota;Agaricomycetes;Sebacinales;Serendipitaceae;Piriformospora;Piriformospora_indica
AB478991	Root;Ascomycota;Leotiomycetes;Erysiphales;Erysiphaceae;Erysiphe;Erysiphe_corylopsidis
AY114359	Root;Ascomycota;Lecanoromycetes;Lecanorales;Parmeliaceae;Parmelia;Parmelia_saxatilis
AY129346	Root;Basidiomycota;Agaricomycetes;Agaricales;Tricholomataceae;Phaeolepiota;Gymnopilus_spectabilis
AY129372	Root;Basidiomycota;Agaricomycetes;Agaricales;Strophariaceae;Psilocybe;Psilocybe_merdaria
AY129373	Root;Basidiomycota;Agaricomycetes;Agaricales;Strophariaceae;Psilocybe;Psilocybe_quebecensis
AJ318434	Root;Basidiomycota;Agaricomycetes;Cantharellales;Ceratobasidiaceae;Thanatephorus;Thanatephorus_cucumeris
EU343816	Root;Ascomycota;Saccharomycetes;Saccharomycetales;Trichomonascaceae;Blastobotrys;Blastobotrys_terrestris
AB084614	Root;Basidiomycota;Agaricomycetes;Polyporales;Meruliaceae;Phlebia;Phlebia_brevispora
AB084618	Root;Basidiomycota;Agaricomycetes;Polyporales;Meruliaceae;Phlebia;Phlebia_livida
AJ427402	Root;Basidiomycota;Agaricomycetes;Cantharellales;Ceratobasidiaceae;Ceratobasidium;Ceratobasidium_anceps
AJ427408	Root;Basidiomycota;Tremellomycetes;Tremellales;Exidiaceae;Sebacina;Sebacina_calcea
DQ517387	Root;Basidiomycota;Agaricomycetes;Boletales;Rhizopogonaceae;Rhizopogon;Rhizopogon_milleri
AY880943	Root;Basidiomycota;Agaricomycetes;Boletales;Rhizopogonaceae;Rhizopogon;Rhizopogon_fuscorubens
AJ408386	Root;Basidiomycota;Agaricomycetes;Gomphales;Gomphaceae;Ramaria;Ramaria_ignicolor
AJ408394	Root;Basidiomycota;Agaricomycetes;Gomphales;Gomphaceae;Ramaria;Ramaria_broomei
AB099942	Root;Ascomycota;Sordariomycetes;Hypocreales;Clavicipitaceae;Cordyceps;Cordyceps_cylindrica
AF440868	Root;Basidiomycota;Agaricomycetes;Boletales;Sclerodermataceae;Pisolithus;Pisolithus_albus
AY046209	Root;Ascomycota;Saccharomycetes;Saccharomycetales;Saccharomycetaceae;Lachancea;Lachancea_kluyveri
EU860060	Root;Ascomycota;Sordariomycetes;Hypocreales;Nectriaceae;Fusarium;Fusarium_merismoides_var_violaceum
GU219471	Root;Ascomycota;Sordariomycetes;Hypocreales;Bionectriaceae;Sesquicillium;Sesquicillium_microsporum
GU222269	Root;Basidiomycota;Agaricomycetes;Agaricales;Cortinariaceae;Descolea;Descolea_gunnii
GU222271	Root;Basidiomycota;Agaricomycetes;Agaricales;Cortinariaceae;Cortinarius;Cortinarius_castoreus
GU222274	Root;Basidiomycota;Agaricomycetes;Agaricales;Cortinariaceae;Cortinarius;Cortinarius_peraureus
JQ287674	Root;Basidiomycota;Agaricomycetes;Agaricales;Cortinariaceae;Cortinarius;Cortinarius_laquellus
GU222294	Root;Ascomycota;Leotiomycetes;Helotiales;Helotiaceae;Discinella;Discinella_terrestris
GU222314	Root;Basidiomycota;Agaricomycetes;Agaricales;Amanitaceae;Amanita;Amanita_australis
GU222329	Root;Basidiomycota;Agaricomycetes;Boletales;Serpulaceae;Austropaxillus;Austropaxillus_macnabbii
FJ887922	Root;Ascomycota;Dothideomycetes;Jahnulales;Aliquandostipitaceae;Brachiosphaera;Brachiosphaera_tropicalis
GU138702	Root;Ascomycota;Leotiomycetes;Rhytismatales;Rhytismataceae;Lophodermium;Lophodermium_kumaunicum
GU138713	Root;Ascomycota;Leotiomycetes;Rhytismatales;Rhytismataceae;Lophodermium;Lophodermium_pinastri
GU138705	Root;Ascomycota;Leotiomycetes;Rhytismatales;Rhytismataceae;Lophodermium;Lophodermium_minor
GU138714	Root;Ascomycota;Leotiomycetes;Rhytismatales;Rhytismataceae;Lophodermium;Lophodermium_jiangnanense
FJ861986	Root;Ascomycota;Leotiomycetes;Rhytismatales;Rhytismataceae;Lophodermium;Lophodermium_pinastri
GU138722	Root;Ascomycota;Leotiomycetes;Rhytismatales;Rhytismataceae;Coccomyces;Coccomyces_circinatus
GU138717	Root;Ascomycota;Leotiomycetes;Rhytismatales;Rhytismataceae;Lophodermium;Lophodermium_agathidis
GU138724	Root;Ascomycota;Leotiomycetes;Rhytismatales;Rhytismataceae;Coccomyces;Coccomyces_dentatus
GU138726	Root;Ascomycota;Leotiomycetes;Rhytismatales;Rhytismataceae;Coccomyces;Coccomyces_multangularis
GU138727	Root;Ascomycota;Leotiomycetes;Rhytismatales;Rhytismataceae;Coccomyces;Coccomyces_leptideus
GU138731	Root;Ascomycota;Leotiomycetes;Rhytismatales;Rhytismataceae;Coccomyces;Coccomyces_delta
GU138732	Root;Ascomycota;Leotiomycetes;Rhytismatales;Rhytismataceae;Coccomyces;Coccomyces_mucronatus
GU138733	Root;Ascomycota;Leotiomycetes;Rhytismatales;Rhytismataceae;Coccomyces;Coccomyces_huangshanensis
GU138734	Root;Ascomycota;Leotiomycetes;Rhytismatales;Rhytismataceae;Coccomyces;Coccomyces_mucronatus
GU138749	Root;Ascomycota;Leotiomycetes;Rhytismatales;Rhytismataceae;Hypoderma;Hypoderma_rubi
GU138752	Root;Ascomycota;Leotiomycetes;Rhytismatales;Rhytismataceae;Hypoderma;Hypoderma_caricis
GU138754	Root;Ascomycota;Leotiomycetes;Rhytismatales;Rhytismataceae;Hypoderma;Hypoderma_junipericola
GU138755	Root;Ascomycota;Leotiomycetes;Rhytismatales;Rhytismataceae;Soleella;Soleella_chinensis
GU138756	Root;Ascomycota;Leotiomycetes;Rhytismatales;Rhytismataceae;Ploioderma;Ploioderma_destruens
GU233806	Root;Ascomycota;Sordariomycetes;Hypocreales;Ophiocordycipitaceae;Ophiocordyceps;Ophiocordyceps_sinensis
FJ900601	Root;Ascomycota;Dothideomycetes;Botryosphaeriales;Botryosphaeriaceae;Lasiodiplodia;Lasiodiplodia_pseudotheobromae
AB077621	Root;Ascomycota;Leotiomycetes;Erysiphales;Erysiphaceae;Golovinomyces;Golovinomyces_magnicellulatus
AB077656	Root;Ascomycota;Leotiomycetes;Erysiphales;Erysiphaceae;Golovinomyces;Golovinomyces_cichoracearum
AB077658	Root;Ascomycota;Leotiomycetes;Erysiphales;Erysiphaceae;Golovinomyces;Golovinomyces_sordidus
AF000566	Root;Ascomycota;Sordariomycetes;Diaporthales;Diaporthaceae;Diaporthe;Diaporthe_meridionalis
FJ889446	Root;Ascomycota;Sordariomycetes;Diaporthales;Diaporthaceae;Diaporthe;Diaporthe_hickoriae
FJ889449	Root;Ascomycota;Sordariomycetes;Diaporthales;Diaporthaceae;Diaporthe;Diaporthe_strumella_var_longispora
GU229798	Root;Ascomycota;Leotiomycetes;Helotiales;Sclerotiniaceae;Sclerotinia;Sclerotinia_sclerotiorum
GU229799	Root;Ascomycota;Leotiomycetes;Helotiales;Sclerotiniaceae;Sclerotinia;Sclerotinia_sclerotiorum
GU229800	Root;Ascomycota;Leotiomycetes;Helotiales;Sclerotiniaceae;Sclerotinia;Sclerotinia_sclerotiorum
GU229801	Root;Ascomycota;Leotiomycetes;Helotiales;Sclerotiniaceae;Sclerotinia;Sclerotinia_sclerotiorum
GU229802	Root;Ascomycota;Leotiomycetes;Helotiales;Sclerotiniaceae;Sclerotinia;Sclerotinia_sclerotiorum
GU229803	Root;Ascomycota;Leotiomycetes;Helotiales;Sclerotiniaceae;Sclerotinia;Sclerotinia_sclerotiorum
GU229805	Root;Ascomycota;Leotiomycetes;Helotiales;Sclerotiniaceae;Sclerotinia;Sclerotinia_sclerotiorum
GU229806	Root;Ascomycota;Leotiomycetes;Helotiales;Sclerotiniaceae;Sclerotinia;Sclerotinia_sclerotiorum
GU229807	Root;Ascomycota;Leotiomycetes;Helotiales;Sclerotiniaceae;Sclerotinia;Sclerotinia_sclerotiorum
GU229808	Root;Ascomycota;Leotiomycetes;Helotiales;Sclerotiniaceae;Sclerotinia;Sclerotinia_sclerotiorum
GU229810	Root;Ascomycota;Leotiomycetes;Helotiales;Sclerotiniaceae;Sclerotinia;Sclerotinia_sclerotiorum
GU229811	Root;Ascomycota;Leotiomycetes;Helotiales;Sclerotiniaceae;Sclerotinia;Sclerotinia_sclerotiorum
GU229816	Root;Ascomycota;Leotiomycetes;Helotiales;Sclerotiniaceae;Sclerotinia;Sclerotinia_sclerotiorum
FJ896135	Root;Basidiomycota;Exobasidiomycetes;Exobasidiales;Exobasidiaceae;Exobasidium;Exobasidium_arescens
GU229888	Root;Ascomycota;Dothideomycetes;Botryosphaeriales;Botryosphaeriaceae;Saccharata;Saccharata_intermedia
GU246291	Root;Ascomycota;Sordariomycetes;Hypocreales;Ophiocordycipitaceae;Ophiocordyceps;Ophiocordyceps_sinensis
GU246296	Root;Ascomycota;Sordariomycetes;Hypocreales;Ophiocordycipitaceae;Ophiocordyceps;Ophiocordyceps_sinensis
GU246289	Root;Ascomycota;Sordariomycetes;Hypocreales;Ophiocordycipitaceae;Ophiocordyceps;Ophiocordyceps_sinensis
FM955446	Root;Ascomycota;Sordariomycetes;Sordariales;Lasiosphaeriaceae;Cladorrhinum;Cladorrhinum_brunnescens
FM955447	Root;Ascomycota;Sordariomycetes;Sordariales;Lasiosphaeriaceae;Cladorrhinum;Cladorrhinum_samala
FM955448	Root;Ascomycota;Sordariomycetes;Sordariales;Lasiosphaeriaceae;Cladorrhinum;Cladorrhinum_bulbillosum
GU134898	Root;Ascomycota;Eurotiomycetes;Eurotiales;Trichocomaceae;Penicillium;Penicillium_camemberti
GU014817	Root;Basidiomycota;Ustilaginomycetes;Ustilaginales;Ustilaginaceae;Macalpinomyces;Macalpinomyces_mackinlayi
GQ253100	Root;Ascomycota;Leotiomycetes;Rhytismatales;Rhytismataceae;Rhytisma;Rhytisma_acerinum
GQ253101	Root;Ascomycota;Leotiomycetes;Rhytismatales;Rhytismataceae;Rhytisma;Rhytisma_huangshanense
GU233352	Root;Basidiomycota;Agaricomycetes;Agaricales;Cortinariaceae;Cortinarius;Cortinarius_rattinus
GU233355	Root;Basidiomycota;Agaricomycetes;Agaricales;Cortinariaceae;Inocybe;Inocybe_umbrosa
GU233356	Root;Basidiomycota;Agaricomycetes;Agaricales;Cortinariaceae;Cortinarius;Cortinarius_caryotis
GU233360	Root;Basidiomycota;Agaricomycetes;Agaricales;Cortinariaceae;Astrosporina;Astrosporina_subclavata
GU233361	Root;Basidiomycota;Agaricomycetes;Agaricales;Cortinariaceae;Inocybe;Inocybe_destruens
FJ914798	Root;Ascomycota;Lecanoromycetes;Lecanorales;Parmeliaceae;Flavocetraria;Flavocetraria_cucullata
FN185985	Root;Ascomycota;Lecanoromycetes;Umbilicariales;Umbilicariaceae;Lasallia;Lasallia_pustulata
AF352318	Root;Ascomycota;Lecanoromycetes;Teloschistales;Physciaceae;Diplotomma;Diplotomma_venustum
AF352319	Root;Ascomycota;Lecanoromycetes;Teloschistales;Physciaceae;Diplotomma;Diplotomma_venustum
AF352320	Root;Ascomycota;Lecanoromycetes;Teloschistales;Physciaceae;Diplotomma;Diplotomma_venustum
AF352321	Root;Ascomycota;Lecanoromycetes;Teloschistales;Physciaceae;Diploicia;Diploicia_canescens
AF352322	Root;Ascomycota;Lecanoromycetes;Teloschistales;Physciaceae;Diploicia;Diploicia_subcanescens
AF352323	Root;Ascomycota;Lecanoromycetes;Teloschistales;Physciaceae;Buellia;Buellia_subdisciformis
JF908123	Root;Basidiomycota;Agaricomycetes;Agaricales;Cortinariaceae;Inocybe;Inocybe_amethystina
DQ787326	Root;Ascomycota;Dothideomycetes;Capnodiales;Mycosphaerellaceae;Mycosphaerella;Mycosphaerella_suttoniae
EF394843	Root;Ascomycota;Dothideomycetes;Capnodiales;Teratosphaeriaceae;Teratosphaeria;Teratosphaeria_mexicana
GU324765	Root;Ascomycota;Leotiomycetes;Helotiales;Geoglossaceae;Thuemenidium;Thuemenidium_arenarium
GU214627	Root;Ascomycota;Dothideomycetes;Capnodiales;Teratosphaeriaceae;Catenulostroma;Catenulostroma_protearum
GU214634	Root;Ascomycota;Dothideomycetes;Capnodiales;Teratosphaeriaceae;Devriesia;Devriesia_lagerstroemiae
GU214635	Root;Ascomycota;Dothideomycetes;Capnodiales;Teratosphaeriaceae;Devriesia;Devriesia_strelitziicola
GU214641	Root;Ascomycota;Dothideomycetes;Capnodiales;Mycosphaerellaceae;Passalora;Passalora_dodonaea
GU214644	Root;Ascomycota;Dothideomycetes;Capnodiales;Mycosphaerellaceae;Phaeophleospora;Phaeophleospora_atkinsonii
GU214649	Root;Ascomycota;Dothideomycetes;Capnodiales;Capnodiaceae;Polychaeton;Polychaeton_citri
GU269765	Root;Ascomycota;Dothideomycetes;Capnodiales;Mycosphaerellaceae;Pseudocercospora;Pseudocercospora_punctata
HM480490	Root;Ascomycota;Dothideomycetes;Capnodiales;Capnodiaceae;Scorias;Scorias_spongiosa
FJ493186	Root;Ascomycota;Dothideomycetes;Capnodiales;Mycosphaerellaceae;Kirramyces;Kirramyces_viscidus
EF064155	Root;Ascomycota;Saccharomycetes;Saccharomycetales;Pichiaceae;Ogataea;Ogataea_thermophila
FJ914927	Root;Ascomycota;Saccharomycetes;Saccharomycetales;Pichiaceae;Ogataea;Ogataea_thermomethanolica
FJ914926	Root;Ascomycota;Saccharomycetes;Saccharomycetales;Pichiaceae;Ogataea;Ogataea_siamensis
DQ054534	Root;Basidiomycota;Tremellomycetes;Filobasidiales;Filobasidiaceae;Cryptococcus;Cryptococcus_fagi
AY083174	Root;Basidiomycota;Agaricomycetes;Agaricales;Cortinariaceae;Cortinarius;Cortinarius_acutovelatus
FM993281	Root;Basidiomycota;Agaricomycetes;Agaricales;Cortinariaceae;Cortinarius;Cortinarius_alnetorum
EF026149	Root;Ascomycota;Sordariomycetes;Xylariales;Xylariaceae;Xylaria;Xylaria_venosula
AY245632	Root;Ascomycota;Sordariomycetes;Hypocreales;Clavicipitaceae;Cordyceps;Cordyceps_memorabilis
FJ765026	Root;Ascomycota;Eurotiomycetes;Eurotiales;Trichocomaceae;Paecilomyces;Paecilomyces_marquandii
EU164801	Root;Ascomycota;Sordariomycetes;Hypocreales;Nectriaceae;Fusidium;Ramularia_coccinea
FJ861966	Root;Ascomycota;Leotiomycetes;Rhytismatales;Rhytismataceae;Lophodermium;Lophodermium_agathidis
FJ861983	Root;Ascomycota;Leotiomycetes;Rhytismatales;Rhytismataceae;Lophodermium;Lophodermium_minor
GU138728	Root;Ascomycota;Leotiomycetes;Rhytismatales;Rhytismataceae;Coccomyces;Coccomyces_multangularis
GQ241286	Root;Ascomycota;Eurotiomycetes;Eurotiales;Trichocomaceae;Penicillium;Penicillium_janthinellum
EU913721	Root;Ascomycota;Sordariomycetes;Ophiostomatales;Ophiostomataceae;Ceratocystiopsis;Ceratocystiopsis_collifera
FJ411338	Root;Ascomycota;Sordariomycetes;Microascales;Ceratocystidaceae;Ceratocystis;Ceratocystis_radicicola
GU199447	Root;Ascomycota;Saccharomycetes;Saccharomycetales;Saccharomycetaceae;Nakaseomyces;Candida_glabrata
AY046166	Root;Ascomycota;Saccharomycetes;Saccharomycetales;Saccharomycetaceae;Nakaseomyces;Nakaseomyces_delphensis
AB104725	Root;Ascomycota;Sordariomycetes;Hypocreales;Ophiocordycipitaceae;Hymenostilbe;Hymenostilbe_odonatae
AY188362	Root;Basidiomycota;Tremellomycetes;Filobasidiales;Filobasidiaceae;Cryptococcus;Cryptococcus_oeirensis
FJ769310	Root;Glomeromycota;Glomeromycetes;Glomerales;Glomeraceae;Glomus;Glomus_intraradices
GQ388719	Root;Glomeromycota;Glomeromycetes;Glomerales;Glomeraceae;Glomus;Glomus_mosseae
AB075319	Root;Basidiomycota;Agaricomycetes;Atheliales;Atheliaceae;Athelia;Sclerotium_coffeicola
EU916982	Root;Ascomycota;Schizosaccharomycetes;Schizosaccharomycetales;Schizosaccharomycetaceae;Schizosaccharomyces;Schizosaccharomyces_pombe
EU635728	Root;Ascomycota;Eurotiomycetes;Eurotiales;Trichocomaceae;Penicillium;Penicillium_pinophilum
GU207310	Root;Basidiomycota;Agaricomycetes;Polyporales;Polyporaceae;Lentinus;Lentinus_scleropus
GQ203758	Root;Ascomycota;Dothideomycetes;Pleosporales;Sporormiaceae;Westerdykella;Westerdykella_angulata
GQ203770	Root;Ascomycota;Dothideomycetes;Pleosporales;Sporormiaceae;Sporormiella;Sporormiella_affinis
GQ203782	Root;Ascomycota;Dothideomycetes;Pleosporales;Sporormiaceae;Sporormiella;Sporormiella_leporina
EU860383	Root;Ascomycota;Dothideomycetes;Botryosphaeriales;Botryosphaeriaceae;Diplodia;Diplodia_pseudoseriata
GU075856	Root;Ascomycota;Sordariomycetes;Hypocreales;Nectriaceae;Cosmospora;Cosmospora_henanensis
AF027763	Root;Ascomycota;Dothideomycetes;Dothideales;Dothideaceae;Dothidea;Dothidea_hippophaeos
AF027764	Root;Ascomycota;Dothideomycetes;Dothideales;Dothideaceae;Dothidea;Dothidea_insculpta
GU373520	Root;Basidiomycota;Agaricomycetes;Agaricales;Cortinariaceae;Inocybe;Inocybe_erubescens
GU391420	Root;Ascomycota;Sordariomycetes;Xylariales;Xylariaceae;Hypocopra;Hypocopra_anomala
EF447381	Root;Ascomycota;Sordariomycetes;Diaporthales;Valsaceae;Valsa;Cytospora_pruinosa
GU470885	Root;Ascomycota;Schizosaccharomycetes;Schizosaccharomycetales;Schizosaccharomycetaceae;Schizosaccharomyces;Schizosaccharomyces_cryophilus
AF210682	Root;Ascomycota;Sordariomycetes;Hypocreales;Bionectriaceae;Clonostachys;Clonostachys_intermedia
JF908536	Root;Ascomycota;Pezizomycetes;Pezizales;Pezizaceae;Peziza;Peziza_ninguis
AY183364	Root;Ascomycota;Leotiomycetes;Rhytismatales;Rhytismataceae;Lophodermium;Lophodermium_conigenum
AY204610	Root;Ascomycota;Leotiomycetes;Helotiales;Helotiaceae;Tricladium;Tricladium_angulatum
AJ439439	Root;Ascomycota;Eurotiomycetes;Onygenales;Onygenaceae;Aphanoascus;Aphanoascus_mephitalis
L07135	Root;Ascomycota;Sordariomycetes;Hypocreales;Clavicipitaceae;Neotyphodium;Neotyphodium_uncinatum
GU391563	Root;Ascomycota;Pezizomycetes;Pezizales;Pyronemataceae;Phaeangium;Phaeangium_lefebvrei
GU391570	Root;Ascomycota;Pezizomycetes;Pezizales;Pyronemataceae;Phaeangium;Phaeangium_lefebvrei
GU550111	Root;Basidiomycota;Agaricomycetes;Agaricales;Cortinariaceae;Cortinarius;Cortinarius_flexipes_var_flabellus
FJ904126	Root;Basidiomycota;Agaricomycetes;Agaricales;Cortinariaceae;Inocybe;Inocybe_dulcamaroides
AM882784	Root;Basidiomycota;Agaricomycetes;Agaricales;Cortinariaceae;Inocybe;Inocybe_spuria
GU594161	Root;Basidiomycota;Agaricomycetes;Russulales;Bondarzewiaceae;Wrightoporia;Wrightoporia_cylindrospora
GU564156	Root;Ascomycota;Sordariomycetes;Sordariales;Chaetomiaceae;Chaetomium;Chaetomium_globosum
EU559631	Root;Basidiomycota;Agaricomycetes;Boletales;Sclerodermataceae;Pisolithus;Pisolithus_tinctorius
GQ154539	Root;Ascomycota;Sordariomycetes;Coniochaetales;Coniochaetaceae;Coniochaeta;Coniochaeta_africana
GQ154541	Root;Ascomycota;Sordariomycetes;Coniochaetales;Coniochaetaceae;Coniochaeta;Coniochaeta_prunicola
FJ573143	Root;Basidiomycota;Tremellomycetes;Filobasidiales;Filobasidiaceae;Cryptococcus;Cryptococcus_carnescens
AY943050	Root;Ascomycota;Dothideomycetes;Pleosporales;Sporormiaceae;Westerdykella;Westerdykella_purpurea
AF000970	Root;Ascomycota;Pezizomycetes;Pezizales;Morchellaceae;Morchella;Morchella_angusticeps
GU551943	Root;Basidiomycota;Agaricomycetes;Agaricales;Pluteaceae;Pluteus;Pluteus_pulverulentus
AM882958	Root;Basidiomycota;Agaricomycetes;Agaricales;Cortinariaceae;Inocybe;Inocybe_maculata
HQ586857	Root;Basidiomycota;Agaricomycetes;Agaricales;Cortinariaceae;Inocybe;Inocybe_fibrosoides
JF908166	Root;Basidiomycota;Agaricomycetes;Agaricales;Cortinariaceae;Inocybe;Inocybe_fuscidula
GQ355958	Root;Basidiomycota;Agaricomycetes;Polyporales;Polyporaceae;Oligoporus;Postia_stiptica
GU590925	Root;Basidiomycota;Agaricomycetes;Cantharellales;Cantharellaceae;Craterellus;Craterellus_fallax
GU590931	Root;Basidiomycota;Agaricomycetes;Cantharellales;Cantharellaceae;Craterellus;Craterellus_hesleri
GU593036	Root;Ascomycota;Lecanoromycetes;Lecanorales;Parmeliaceae;Usnea;Usnea_bismolliuscula
GU593041	Root;Ascomycota;Lecanoromycetes;Lecanorales;Ramalinaceae;Ramalina;Ramalina_farinacea
AB213454	Root;Ascomycota;Sordariomycetes;Microascales;Microascaceae;Pithoascus;Pithoascus_langeronii
EF540754	Root;Ascomycota;Dothideomycetes;Pleosporales;Leptosphaeriaceae;Leptosphaeria;Coniothyrium_fuckelii
EF634420	Root;Ascomycota;Eurotiomycetes;Eurotiales;Trichocomaceae;Hamigera;Hamigera_insecticola
AF017652	Root;Ascomycota;Sordariomycetes;Diaporthales;Togniniaceae;Phaeoacremonium;Phaeoacremonium_chlamydosporum
AY382330	Root;Basidiomycota;Tremellomycetes;Filobasidiales;Filobasidiaceae;Cryptococcus;Cryptococcus_albidus
AY739178	Root;Basidiomycota;Agaricomycetes;Boletales;Sclerodermataceae;Pisolithus;Pisolithus_tinctorius
AB054050	Root;Basidiomycota;Wallemiomycetes;Wallemiales;Wallemiaceae;Wallemia;Wallemia_sebi
AB085803	Root;Basidiomycota;Tremellomycetes;Filobasidiales;Filobasidiaceae;Cryptococcus;Cryptococcus_flavescens
GU553286	Root;Ascomycota;Lecanoromycetes;Teloschistales;Physciaceae;Amandinea;Amandinea_punctata
GU553287	Root;Ascomycota;Lecanoromycetes;Teloschistales;Physciaceae;Diplotomma;Diplotomma_alboatrum
GU553288	Root;Ascomycota;Lecanoromycetes;Teloschistales;Physciaceae;Buellia;Buellia_schaereri
GU553289	Root;Ascomycota;Lecanoromycetes;Teloschistales;Physciaceae;Buellia;Buellia_erubescens
GU553290	Root;Ascomycota;Lecanoromycetes;Teloschistales;Physciaceae;Rinodina;Rinodina_alba
GU553292	Root;Ascomycota;Lecanoromycetes;Teloschistales;Physciaceae;Rinodina;Rinodina_calcarea
GU553294	Root;Ascomycota;Lecanoromycetes;Teloschistales;Physciaceae;Rinodina;Rinodina_exigua
GU553295	Root;Ascomycota;Lecanoromycetes;Teloschistales;Physciaceae;Rinodina;Rinodina_glauca
GU553298	Root;Ascomycota;Lecanoromycetes;Teloschistales;Physciaceae;Rinodina;Rinodina_lecanorina
GU553303	Root;Ascomycota;Lecanoromycetes;Teloschistales;Physciaceae;Rinodina;Rinodina_septentrionalis
GU553304	Root;Ascomycota;Lecanoromycetes;Teloschistales;Physciaceae;Rinodina;Rinodina_sophodes
GU553305	Root;Ascomycota;Lecanoromycetes;Teloschistales;Physciaceae;Rinodina;Rinodina_teichophila
GU213880	Root;Microsporidia;Microsporea;Microsporida;Encephalitozoonidae;Encephalitozoon;Encephalitozoon_cuniculi
FN298146	Root;Basidiomycota;Pucciniomycetes;Pucciniales;Pucciniaceae;Puccinia;Puccinia_dichondrae
FN550879	Root;Basidiomycota;Agaricomycetes;Agaricales;Cortinariaceae;Inocybe;Inocybe_lanuginosa_var_alpina
FN550892	Root;Basidiomycota;Agaricomycetes;Agaricales;Cortinariaceae;Inocybe;Inocybe_praetervisa
FN550895	Root;Basidiomycota;Agaricomycetes;Agaricales;Cortinariaceae;Inocybe;Inocybe_xanthomelas
FN550896	Root;Basidiomycota;Agaricomycetes;Agaricales;Cortinariaceae;Inocybe;Inocybe_diabolica
GQ890308	Root;Basidiomycota;Agaricomycetes;Agaricales;Cortinariaceae;Cortinarius;Cortinarius_kaputarensis
GQ890325	Root;Basidiomycota;Agaricomycetes;Agaricales;Cortinariaceae;Dermocybe_kula;Dermocybe_kula
AF490393	Root;Basidiomycota;Tremellomycetes;Tremellales;Exidiaceae;Sebacina;Sebacina_aff_epigaea_MW_526
AB056132	Root;Ascomycota;Saccharomycetes;Saccharomycetales;Saccharomycodaceae;Saccharomycodes;Saccharomycodes_sinensis
EU443767	Root;Ascomycota;Sordariomycetes;Hypocreales;Bionectriaceae;Bionectria;Bionectria_zelandiaenovae
FN423706	Root;Glomeromycota;Glomeromycetes;Diversisporales;Gigasporaceae;Scutellospora;Scutellospora_castanea
GQ225699	Root;Ascomycota;Sordariomycetes;Ophiostomatales;Ophiostomataceae;Raffaelea;Raffaelea_canadensis
AB508118	Root;Ascomycota;Leotiomycetes;Helotiales;Hyaloscyphaceae;Dasyscyphella;Dasyscyphella_longistipitata
EU661873	Root;Basidiomycota;Agaricomycetes;Polyporales;Polyporaceae;Trametes;Trametes_palisotii
JQ723022	Root;Ascomycota;Pezizomycetes;Pezizales;Morchellaceae;Morchella;Morchella_frustrata
AY089731	Root;Basidiomycota;Agaricomycetes;Polyporales;Fomitopsidaceae;Fomitopsis;Fomitopsis_pinicola
AY089739	Root;Basidiomycota;Agaricomycetes;Polyporales;Polyporaceae;Perenniporia;Perenniporia_subacida
AY089745	Root;Basidiomycota;Agaricomycetes;Polyporales;Polyporaceae;Trichaptum;Trichaptum_abietinum
AF286258	Root;Ascomycota;Dothideomycetes;Botryosphaeriales;Botryosphaeriaceae;Botryosphaeria;Botryosphaeria_obtusa
GU944808	Root;Ascomycota;Dothideomycetes;Botryosphaeriales;Botryosphaeriaceae;Neofusicoccum;Neofusicoccum_parvum
GU944809	Root;Ascomycota;Dothideomycetes;Botryosphaeriales;Botryosphaeriaceae;Neofusicoccum;Neofusicoccum_parvum
GU944820	Root;Ascomycota;Dothideomycetes;Botryosphaeriales;Botryosphaeriaceae;Botryosphaeria;Botryosphaeria_dothidea
GU939632	Root;Basidiomycota;Agaricomycetes;Agaricales;Lycoperdaceae;Calvatia;Calvatia_candida
GQ221126	Root;Ascomycota;Sordariomycetes;Sordariales;Chaetomiaceae;Corynascus;Corynascus_kuwaitiensis
AJ458185	Root;Ascomycota;Sordariomycetes;Sordariales;Chaetomiaceae;Chaetomium;Chaetomium_nigricolor
AJ271577	Root;Ascomycota;Sordariomycetes;Sordariales;Chaetomiaceae;Thielavia;Thielavia_microspora
GQ996575	Root;Ascomycota;Sordariomycetes;Sordariales;Sordariaceae;Sordaria;Sordaria_alcina
GU966521	Root;Ascomycota;Dothideomycetes;Pleosporales;Mytilinidiaceae;Taeniolella;Taeniolella_phialosperma
EU003533	Root;Ascomycota;Sordariomycetes;Phyllachorales;Phyllachoraceae;Colletotrichum;Colletotrichum_dracaenophilum
GQ255472	Root;Ascomycota;Leotiomycetes;Erysiphales;Erysiphaceae;Erysiphe;Erysiphe_necator_var_ampelopsidis
AY739108	Root;Ascomycota;Leotiomycetes;Erysiphales;Erysiphaceae;Neoerysiphe;Neoerysiphe_cumminsiana
GU982730	Root;Basidiomycota;Agaricomycetes;Cantharellales;Cantharellaceae;Craterellus;Craterellus_carolinensis
GU991657	Root;Ascomycota;Dothideomycetes;Capnodiales;Mycosphaerellaceae;Pseudocercospora;Pseudocercospora_cornicola
GU968423	Root;Ascomycota;Sordariomycetes;Hypocreales;Nectriaceae;Albonectria;Albonectria_rigidiuscula
GU968424	Root;Ascomycota;Dothideomycetes;Botryosphaeriales;Botryosphaeriaceae;Neofusicoccum;Neofusicoccum_parvum
GU968425	Root;Ascomycota;Dothideomycetes;Botryosphaeriales;Botryosphaeriaceae;Neofusicoccum;Neofusicoccum_parvum
GU968431	Root;Ascomycota;Dothideomycetes;Botryosphaeriales;Botryosphaeriaceae;Neofusicoccum;Neofusicoccum_parvum
FJ904915	Root;Ascomycota;Dothideomycetes;Botryosphaeriales;Botryosphaeriaceae;Neofusicoccum;Neofusicoccum_parvum
GU968435	Root;Ascomycota;Dothideomycetes;Botryosphaeriales;Botryosphaeriaceae;Neofusicoccum;Neofusicoccum_parvum
EU519461	Root;Ascomycota;Pezizomycetes;Pezizales;Pezizaceae;Terfezia;Terfezia_claveryi
U51947	Root;Ascomycota;Orbiliomycetes;Orbiliales;Orbiliaceae;Arthrobotrys;Arthrobotrys_javanica
EU977517	Root;Ascomycota;Orbiliomycetes;Orbiliales;Orbiliaceae;Arthrobotrys;Arthrobotrys_musiformis
U51949	Root;Ascomycota;Orbiliomycetes;Orbiliales;Orbiliaceae;Arthrobotrys;Arthrobotrys_superba
U51965	Root;Ascomycota;Orbiliomycetes;Orbiliales;Orbiliaceae;Dactylella;Dactylella_huisuniana
U51973	Root;Ascomycota;Orbiliomycetes;Orbiliales;Orbiliaceae;Monacrosporium;Monacrosporium_polybrochum
U51967	Root;Ascomycota;Orbiliomycetes;Orbiliales;Orbiliaceae;Geniculifera;Geniculifera_effusa
U51976	Root;Ascomycota;Orbiliomycetes;Orbiliales;Orbiliaceae;Monacrosporium;Monacrosporium_bembicodes
EU977538	Root;Ascomycota;Orbiliomycetes;Orbiliales;Orbiliaceae;Arthrobotrys;Arthrobotrys_thaumasia
U51974	Root;Ascomycota;Orbiliomycetes;Orbiliales;Orbiliaceae;Arthrobotrys;Arthrobotrys_gephyropaga
U51970	Root;Ascomycota;Orbiliomycetes;Orbiliales;Orbiliaceae;Dactylellina;Dactylellina_phymatopaga
JN248540	Root;Basidiomycota;Agaricomycetes;Cantharellales;Ceratobasidiaceae;Thanatephorus;Thanatephorus_cucumeris
AB080521	Root;Ascomycota;Leotiomycetes;Erysiphales;Erysiphaceae;Phyllactinia;Phyllactinia_guttata
FN547552	Root;Glomeromycota;Glomeromycetes;Diversisporales;Gigasporaceae;Gigaspora;Gigaspora_margarita
AF162470	Root;Glomeromycota;Glomeromycetes;Diversisporales;Gigasporaceae;Gigaspora;Gigaspora_margarita
FN547569	Root;Glomeromycota;Glomeromycetes;Diversisporales;Gigasporaceae;Gigaspora;Gigaspora_margarita
GQ388714	Root;Glomeromycota;Glomeromycetes;Glomerales;Glomeraceae;Glomus;Glomus_claroideum
AB505448	Root;Ascomycota;Taphrinomycetes;Taphrinales;Taphrinaceae;Taphrina;Taphrina_mume
AB505449	Root;Ascomycota;Taphrinomycetes;Taphrinales;Taphrinaceae;Taphrina;Taphrina_pruni
GU931705	Root;Ascomycota;Saccharomycetes;Saccharomycetales;Metschnikowiaceae;Metschnikowia;Metschnikowia_noctiluminum
EF568086	Root;Ascomycota;Eurotiomycetes;Onygenales;Arthrodermataceae;Arthroderma;Arthroderma_uncinatum
AJ877208	Root;Ascomycota;Eurotiomycetes;Onygenales;Arthrodermataceae;Arthroderma;Arthroderma_cuniculi
EU181455	Root;Ascomycota;Eurotiomycetes;Onygenales;Arthrodermataceae;Epidermophyton;Epidermophyton_floccosum
AY230867	Root;Basidiomycota;Agaricomycetes;Agaricales;Cyphellaceae;Campanophyllum;Campanophyllum_proboscideum
EF192187	Root;Ascomycota;Sordariomycetes;Hypocreales;Nectriaceae;Fusarium;Fusarium_oxysporum
HM102506	Root;Ascomycota;Sordariomycetes;Hypocreales;Nectriaceae;Fusarium;Fusarium_chlamydosporum
GU361964	Root;Ascomycota;Dothideomycetes;Capnodiales;Mycosphaerellaceae;Septoria;Septoria_arundinacea
EU552138	Root;Ascomycota;Dothideomycetes;Pleosporales;Lophiostomataceae;Lophiostoma;Lophiostoma_cynaroidis
FN821965	Root;Ascomycota;Sordariomycetes;Xylariales;Xylariaceae;Rhopalostroma;Rhopalostroma_angolense
HM028640	Root;Ascomycota;Dothideomycetes;Botryosphaeriales;Botryosphaeriaceae;Botryosphaeria;Botryosphaeria_stevensii
HM107422	Root;Ascomycota;Dothideomycetes;Botryosphaeriales;Botryosphaeriaceae;Thyrostroma;Thyrostroma_carpophilum
HM107423	Root;Ascomycota;Dothideomycetes;Botryosphaeriales;Botryosphaeriaceae;Thyrostroma;Thyrostroma_carpophilum
GU292822	Root;Ascomycota;Sordariomycetes;Xylariales;Xylariaceae;Nemania;Nemania_maritima
GU292824	Root;Ascomycota;Sordariomycetes;Xylariales;Xylariaceae;Rosellinia;Rosellinia_sanctae_cruciana
GU322434	Root;Ascomycota;Sordariomycetes;Xylariales;Xylariaceae;Xylaria;Xylaria_oxyacanthae
GU322436	Root;Ascomycota;Sordariomycetes;Xylariales;Xylariaceae;Xylaria;Xylaria_palmicola
GU322437	Root;Ascomycota;Sordariomycetes;Xylariales;Xylariaceae;Xylaria;Xylaria_apoda
EF026148	Root;Ascomycota;Sordariomycetes;Xylariales;Xylariaceae;Stilbohypoxylon;Stilbohypoxylon_elaeicola
GU322445	Root;Ascomycota;Sordariomycetes;Xylariales;Xylariaceae;Xylaria;Xylaria_phyllocharis
GU322447	Root;Ascomycota;Sordariomycetes;Xylariales;Xylariaceae;Astrocystis;Astrocystis_sublimbata
AY862572	Root;Ascomycota;Sordariomycetes;Xylariales;Xylariaceae;Rosellinia;Rosellinia_mirabilis
AY862573	Root;Ascomycota;Sordariomycetes;Xylariales;Xylariaceae;Rosellinia;Rosellinia_bambusae
GU322450	Root;Ascomycota;Sordariomycetes;Xylariales;Xylariaceae;Xylaria;Xylaria_frustulosa
GU322457	Root;Ascomycota;Sordariomycetes;Xylariales;Xylariaceae;Amphirosellinia;Amphirosellinia_nigrospora
GU322458	Root;Ascomycota;Sordariomycetes;Xylariales;Xylariaceae;Xylaria;Xylaria_scruposa
GU322461	Root;Ascomycota;Sordariomycetes;Xylariales;Xylariaceae;Xylaria;Xylaria_ophiopoda
GU324735	Root;Ascomycota;Sordariomycetes;Xylariales;Xylariaceae;Xylaria;Xylaria_globosa
GU324739	Root;Ascomycota;Sordariomycetes;Xylariales;Xylariaceae;Xylaria;Xylaria_luteostromata_var_macrospora
GU324760	Root;Ascomycota;Sordariomycetes;Xylariales;Xylariaceae;Poronia;Poronia_pileiformis
GU324761	Root;Ascomycota;Sordariomycetes;Xylariales;Xylariaceae;Podosordaria;Podosordaria_muli
GU324762	Root;Ascomycota;Sordariomycetes;Xylariales;Xylariaceae;Podosordaria;Podosordaria_mexicana
GU339496	Root;Ascomycota;Sordariomycetes;Xylariales;Xylariaceae;Amphirosellinia;Amphirosellinia_fushanensis
AY046173	Root;Ascomycota;Saccharomycetes;Saccharomycetales;Saccharomycetaceae;Kazachstania;Kazachstania_barnettii
EU798699	Root;Ascomycota;Saccharomycetes;Saccharomycetales;Saccharomycetaceae;Torulaspora;Torulaspora_delbrueckii
AY010281	Root;Basidiomycota;Agaricomycetes;Atheliales;Atheliaceae;Piloderma;Piloderma_fallax
GQ292749	Root;Ascomycota;Dothideomycetes;Pleosporales;Sporormiaceae;Preussia;Preussia_polymorpha
GU168027	Root;Ascomycota;Dothideomycetes;Capnodiales;Mycosphaerellaceae;Mycosphaerella;Mycosphaerella_eumusae
GQ852768	Root;Ascomycota;Dothideomycetes;Capnodiales;Mycosphaerellaceae;Pseudocercospora;Pseudocercospora_tereticornis
FJ153222	Root;Ascomycota;Saccharomycetes;Saccharomycetales;Saccharomycetaceae;Torulaspora;Torulaspora_franciscae
FJ614639	Root;Ascomycota;Sordariomycetes;Hypocreales;Nectriaceae;Fusarium;Fusarium_sporotrichioides
AF191181	Root;Ascomycota;Sordariomycetes;Diaporthales;Valsaceae;Leucostoma;Leucostoma_persoonii
AF205649	Root;Basidiomycota;Agaricomycetes;Boletales;Gomphidiaceae;Chroogomphus;Chroogomphus_rutilus
AY854969	Root;Basidiomycota;Exobasidiomycetes;Entylomatales;Entylomataceae;Entyloma;Entyloma_ficariae
EU021460	Root;Basidiomycota;Agaricomycetes;Polyporales;Ganodermataceae;Ganoderma;Ganoderma_lucidum
GU726933	Root;Basidiomycota;Agaricomycetes;Polyporales;Ganodermataceae;Ganoderma;Ganoderma_lucidum
X78743	Root;Basidiomycota;Agaricomycetes;Polyporales;Ganodermataceae;Ganoderma;Ganoderma_lucidum
GQ888697	Root;Ascomycota;Pezizomycetes;Pezizales;Pezizaceae;Tirmania;Tirmania_pinoyi
HM051078	Root;Ascomycota;Dothideomycetes;Pleosporales;Montagnulaceae;Paraconiothyrium;Paraconiothyrium_sporulosum
FJ436340	Root;Ascomycota;Sordariomycetes;Hypocreales;Clavicipitaceae;Metarhizium;Metarhizium_flavoviride_var_pemphigi
AF137067	Root;Ascomycota;Sordariomycetes;Hypocreales;Clavicipitaceae;Metarhizium;Metarhizium_album
AF138272	Root;Ascomycota;Sordariomycetes;Hypocreales;Clavicipitaceae;Metarhizium;Metarhizium_flavoviride_var_minus
FJ157216	Root;Ascomycota;Sordariomycetes;Hypocreales;Nectriaceae;Fusarium;Fusarium_oxysporum
FJ629324	Root;Ascomycota;Eurotiomycetes;Eurotiales;Trichocomaceae;Aspergillus;Aspergillus_brasiliensis
FJ184276	Root;Ascomycota;Sordariomycetes;Hypocreales;Nectriaceae;Fusarium;Fusarium_oxysporum
U38556	Root;Ascomycota;Sordariomycetes;Hypocreales;Nectriaceae;Gibberella;Fusarium_subglutinans
DQ826549	Root;Basidiomycota;Agaricomycetes;Polyporales;Meruliaceae;Resinicium;Resinicium_saccharicola
DQ361050	Root;Ascomycota;Saccharomycetes;Saccharomycetales;Saccharomycopsidaceae;Arthroascus;Arthroascus_schoenii
FJ582638	Root;Basidiomycota;Agaricomycetes;Polyporales;Ganodermataceae;Ganoderma;Ganoderma_gibbosum
HM104180	Root;Ascomycota;Dothideomycetes;Botryosphaeriales;Botryosphaeriaceae;Botryosphaeria;Botryosphaeria_corticola
AF444442	Root;Basidiomycota;Tremellomycetes;Filobasidiales;Filobasidiaceae;Cryptococcus;Cryptococcus_cellulolyticus
FN428914	Root;Basidiomycota;Tremellomycetes;Filobasidiales;Filobasidiaceae;Cryptococcus;Cryptococcus_aff_luteolus_IMUFRJ_51981
FN428893	Root;Basidiomycota;Tremellomycetes;Filobasidiales;Filobasidiaceae;Cryptococcus;Cryptococcus_aff_gilvescens_IMUFRJ_51978
EU266099	Root;Ascomycota;Lecanoromycetes;Lecanorales;Parmeliaceae;Parmotrema;Parmotrema_reticulatum
HM060317	Root;Basidiomycota;Agaricomycetes;Agaricales;Cortinariaceae;Cortinarius;Cortinarius_rotundisporus
HM060318	Root;Basidiomycota;Agaricomycetes;Agaricales;Cortinariaceae;Inocybe;Inocybe_luteobulbosa_var_luteobulbosa
DQ411548	Root;Ascomycota;Eurotiomycetes;Eurotiales;Trichocomaceae;Aspergillus;Aspergillus_tamarii
HM346870	Root;Ascomycota;Dothideomycetes;Botryosphaeriales;Botryosphaeriaceae;Lasiodiplodia;Lasiodiplodia_theobromae
HM346872	Root;Ascomycota;Dothideomycetes;Botryosphaeriales;Botryosphaeriaceae;Lasiodiplodia;Lasiodiplodia_theobromae
AF009807	Root;Ascomycota;Sordariomycetes;Xylariales;Cainiaceae;Atrotorquata;Atrotorquata_lineata
AB481261	Root;Ascomycota;Leotiomycetes;Helotiales;Hyaloscyphaceae;Incrucipulum;Incrucipulum_radiatum
AB481262	Root;Ascomycota;Leotiomycetes;Helotiales;Hyaloscyphaceae;Incrucipulum;Incrucipulum_radiatum
AB481263	Root;Ascomycota;Leotiomycetes;Helotiales;Hyaloscyphaceae;Lachnum;Lachnum_rhytismatis
AB481265	Root;Ascomycota;Leotiomycetes;Helotiales;Hyaloscyphaceae;Lachnum;Lachnum_soppittii
AB481291	Root;Ascomycota;Leotiomycetes;Helotiales;Helotiaceae;Hymenoscyphus;Hymenoscyphus_varicosporoides
FJ210938	Root;Ascomycota;Dothideomycetes;Capnodiales;Mycosphaerellaceae;Mycosphaerella;Ascochyta_pinodes
HM208605	Root;Ascomycota;Saccharomycetes;Saccharomycetales;Trichomonascaceae;Sugiyamaella;Sugiyamaella_americana
GQ344601	Root;Ascomycota;Eurotiomycetes;Verrucariales;Verrucariaceae;Catapyrenium;Catapyrenium_exaratum
GQ344614	Root;Ascomycota;Eurotiomycetes;Verrucariales;Verrucariaceae;Placidiopsis;Placidiopsis_cinerascens
GQ344619	Root;Ascomycota;Eurotiomycetes;Verrucariales;Verrucariaceae;Placidiopsis;Placidiopsis_pseudocinerea
GQ344599	Root;Ascomycota;Eurotiomycetes;Verrucariales;Verrucariaceae;Catapyrenium;Catapyrenium_cinereum
GQ344600	Root;Ascomycota;Eurotiomycetes;Verrucariales;Verrucariaceae;Catapyrenium;Catapyrenium_exaratum
GQ344612	Root;Ascomycota;Eurotiomycetes;Verrucariales;Verrucariaceae;Placidiopsis;Placidiopsis_tenella
AY345000	Root;Basidiomycota;Ustilaginomycetes;Ustilaginales;Ustilaginaceae;Ustilago;Ustilago_cynodontis
HM143014	Root;Basidiomycota;Ustilaginomycetes;Ustilaginales;Ustilaginaceae;Ustilago;Ustilago_kamerunensis
AB509471	Root;Basidiomycota;Agaricomycetes;Agaricales;Entolomataceae;Entoloma;Entoloma_aff_cyanoniger_185_8
AB509501	Root;Basidiomycota;Agaricomycetes;Russulales;Stereaceae;Stereum;Stereum_aff_gausapatum_254_45
AB509535	Root;Basidiomycota;Agaricomycetes;Russulales;Stereaceae;Stereum;Stereum_ostrea
AB509927	Root;Basidiomycota;Agaricomycetes;Boletales;Boletaceae;Boletellus;Boletellus_longicollis
AB509670	Root;Basidiomycota;Agaricomycetes;Russulales;Stereaceae;Stereum;Stereum_aff_gausapatum_254_285
AB509921	Root;Basidiomycota;Agaricomycetes;Boletales;Boletaceae;Phylloporus;Phylloporus_aff_bellus_133_715
EU295648	Root;Ascomycota;Dothideomycetes;Pleosporales;Montagnulaceae;Paraconiothyrium;Paraconiothyrium_variabile
U92307	Root;Ascomycota;Leotiomycetes;Rhytismatales;Rhytismataceae;Tryblidiopsis;Tryblidiopsis_pinastri
FN868464	Root;Ascomycota;Leotiomycetes;Rhytismatales;Rhytismataceae;Lophodermium;Lophodermium_pinastri
DQ116558	Root;Ascomycota;Leotiomycetes;Helotiales;Helotiaceae;Gremmeniella;Ascocalyx_abietina
FN868472	Root;Ascomycota;Pezizomycetes;Pezizales;Pezizaceae;Peziza;Peziza_varia
HM016895	Root;Ascomycota;Pezizomycetes;Pezizales;Pyronemataceae;Pyronema;Pyronema_domesticum
AF483616	Root;Ascomycota;Lecanoromycetes;Rhizocarpales;Rhizocarpaceae;Rhizocarpon;Rhizocarpon_polycarpum
GQ396263	Root;Ascomycota;Lecanoromycetes;Peltigerales;Collemataceae;Collema;Collema_furfuraceum
FN424103	Root;Basidiomycota;Tremellomycetes;Filobasidiales;Filobasidiaceae;Cryptococcus;Cryptococcus_aff_laurentii_IMUFRJ_51948
EF585519	Root;Ascomycota;Dothideomycetes;Botryosphaeriales;Botryosphaeriaceae;Neofusicoccum;Neofusicoccum_mangiferae
GQ500107	Root;Ascomycota;Leotiomycetes;Helotiales;Helotiaceae;Ascocoryne;Ascocoryne_sarcoides
HM237175	Root;Basidiomycota;Agaricomycetes;Boletales;Sclerodermataceae;Scleroderma;Scleroderma_bovista
GQ927290	Root;Ascomycota;Lecanoromycetes;Peltigerales;Pannariaceae;Psoroma;Psoroma_tenue
GQ927292	Root;Ascomycota;Lecanoromycetes;Peltigerales;Pannariaceae;Psoroma;Psoroma_cinnamomeum
GQ927293	Root;Ascomycota;Lecanoromycetes;Peltigerales;Pannariaceae;Psoroma;Psoroma_cinnamomeum
HQ604525	Root;Basidiomycota;Agaricomycetes;Agaricales;Cortinariaceae;Inocybe;Inocybe_lanuginosa
EU257675	Root;Ascomycota;Lecanoromycetes;Lecideales;Lecideaceae;Lecidea;Lecidea_cancriformis
HM466956	Root;Ascomycota;Dothideomycetes;Botryosphaeriales;Botryosphaeriaceae;Lasiodiplodia;Lasiodiplodia_theobromae
HM466957	Root;Ascomycota;Dothideomycetes;Botryosphaeriales;Botryosphaeriaceae;Lasiodiplodia;Lasiodiplodia_theobromae
EU076926	Root;Ascomycota;Eurotiomycetes;Eurotiales;Trichocomaceae;Penicillium;Penicillium_sclerotiorum
DQ860780	Root;Ascomycota;Eurotiomycetes;Onygenales;Arthrodermataceae;Arthroderma;Arthroderma_cajetani
JQ711893	Root;Ascomycota;Leotiomycetes;Helotiales;Helotiaceae;Rhizoscyphus;Rhizoscyphus_ericae
FJ160269	Root;Ascomycota;Eurotiomycetes;Eurotiales;Trichocomaceae;Penicillium;Penicillium_minioluteum
EU835166	Root;Ascomycota;Sordariomycetes;Xylariales;Diatrypaceae;Eutypa;Eutypa_lata
AB244776	Root;Ascomycota;Eurotiomycetes;Eurotiales;Trichocomaceae;Paecilomyces;Paecilomyces_marquandii
AM269766	Root;Basidiomycota;Agaricomycetes;Polyporales;Polyporaceae;Fomes;Fomes_fasciatus
AB072233	Root;Basidiomycota;Tremellomycetes;Cystofilobasidiales;Cystofilobasidiaceae;Itersonilia;Itersonilia_perplexans
D84379	Root;Ascomycota;Leotiomycetes;Erysiphales;Erysiphaceae;Blumeria;Blumeria_graminis
EU214566	Root;Ascomycota;Sordariomycetes;Hypocreales;Nectriaceae;Gibberella;Fusarium_udum
GU289916	Root;Ascomycota;Lecanoromycetes;Lecanorales;Hymeneliaceae;Aspicilia;Aspicilia_aschabadensis
GU980122	Root;Basidiomycota;Agaricomycetes;Agaricales;Physalacriaceae;Hymenopellis_chiangmaiae;Hymenopellis_chiangmaiae
GU980127	Root;Basidiomycota;Agaricomycetes;Agaricales;Physalacriaceae;Hymenopellis_chiangmaiae;Hymenopellis_chiangmaiae
FJ871092	Root;Ascomycota;Lecanoromycetes;Lecanorales;Ramalinaceae;Ramalina;Ramalina_mollis
GU827295	Root;Ascomycota;Lecanoromycetes;Lecanorales;Ramalinaceae;Ramalina;Ramalina_celastri
GU827309	Root;Ascomycota;Lecanoromycetes;Lecanorales;Ramalinaceae;Ramalina;Ramalina_decipiens
FJ871097	Root;Ascomycota;Lecanoromycetes;Lecanorales;Ramalinaceae;Ramalina;Ramalina_pitardii
GU827329	Root;Ascomycota;Lecanoromycetes;Lecanorales;Ramalinaceae;Ramalina;Ramalina_breviuscula
GU827332	Root;Ascomycota;Lecanoromycetes;Lecanorales;Ramalinaceae;Ramalina;Ramalina_hamulosa
GU827334	Root;Ascomycota;Lecanoromycetes;Lecanorales;Ramalinaceae;Niebla;Niebla_procera
EF120422	Root;Ascomycota;Dothideomycetes;Dothideales;Dothioraceae;Aureobasidium;Aureobasidium_pullulans
EU514294	Root;Ascomycota;Dothideomycetes;Capnodiales;Mycosphaerellaceae;Stenella;Stenella_musicola
AY725540	Root;Ascomycota;Dothideomycetes;Capnodiales;Mycosphaerellaceae;Dissoconium;Dissoconium_commune
AY228112	Root;Ascomycota;Sordariomycetes;Microascales;Microascaceae;Pseudallescheria;Pseudallescheria_boydii
EF639862	Root;Ascomycota;Sordariomycetes;Microascales;Microascaceae;Scedosporium;Scedosporium_prolificans
EU819490	Root;Basidiomycota;Agaricomycetes;Agaricales;Cortinariaceae;Inocybe;Inocybe_radiata
FJ480438	Root;Basidiomycota;Agaricomycetes;Boletales;Boletaceae;Boletus;Xerocomus_chrysenteron
HM347653	Root;Basidiomycota;Agaricomycetes;Boletales;Boletaceae;Boletus;Boletus_subappendiculatus
AJ419216	Root;Basidiomycota;Agaricomycetes;Boletales;Suillaceae;Suillus;Suillus_bellinii
HM347657	Root;Basidiomycota;Agaricomycetes;Boletales;Suillaceae;Suillus;Suillus_mediterraneensis
HM347662	Root;Basidiomycota;Agaricomycetes;Boletales;Boletaceae;Boletus;Boletus_luridus
HM017848	Root;Basidiomycota;Agaricomycetes;Agaricales;Cortinariaceae;Cortinarius;Cortinarius_badiolaevis
GU187508	Root;Basidiomycota;Agaricomycetes;Polyporales;Fomitopsidaceae;Anomoporia;Anomoporia_bombycina
GU187552	Root;Basidiomycota;Agaricomycetes;Gomphales;Gomphaceae;Ramariopsis;Ramariopsis_kunzei
GU187555	Root;Basidiomycota;Agaricomycetes;Amylocorticiales;Amylocorticiaceae;Podoserpula;Podoserpula_pusio
DQ139434	Root;Ascomycota;Leotiomycetes;Erysiphales;Erysiphaceae;Podosphaera;Podosphaera_clandestina
AB026141	Root;Ascomycota;Leotiomycetes;Erysiphales;Erysiphaceae;Podosphaera;Podosphaera_aphanis_var._aphanis
AB525921	Root;Ascomycota;Leotiomycetes;Erysiphales;Erysiphaceae;Podosphaera;Podosphaera_negeri
AB026134	Root;Ascomycota;Leotiomycetes;Erysiphales;Erysiphaceae;Podosphaera;Podosphaera_fugax
AB046986	Root;Ascomycota;Leotiomycetes;Erysiphales;Erysiphaceae;Podosphaera;Podosphaera_fuliginea
AF468043	Root;Basidiomycota;Pucciniomycetes;Pucciniales;Pucciniaceae;Puccinia;Puccinia_poarum
GU934506	Root;Ascomycota;Eurotiomycetes;Eurotiales;Trichocomaceae;Byssochlamys;Byssochlamys_nivea
U38278	Root;Ascomycota;Sordariomycetes;Hypocreales;Nectriaceae;Gibberella;Gibberella_pulicaris
FJ231017	Root;Ascomycota;Eurotiomycetes;Eurotiales;Trichocomaceae;Penicillium;Penicillium_toxicarium
FJ430773	Root;Ascomycota;Eurotiomycetes;Eurotiales;Trichocomaceae;Penicillium;Penicillium_coprobium
GU565128	Root;Ascomycota;Eurotiomycetes;Eurotiales;Trichocomaceae;Penicillium;Penicillium_herquei
GU992334	Root;Ascomycota;Lecanoromycetes;Lecanorales;Parmeliaceae;Xanthoparmelia;Xanthoparmelia_neopropaguloides
GU992337	Root;Ascomycota;Lecanoromycetes;Lecanorales;Parmeliaceae;Karoowia;Karoowia_perspersa
GU903338	Root;Ascomycota;Lecanoromycetes;Lecanorales;Parmeliaceae;Karoowia;Karoowia_perspersa
FJ545232	Root;Ascomycota;Sordariomycetes;Ophiostomatales;Ophiostomataceae;Sporothrix;Sporothrix_schenckii
AB481269	Root;Ascomycota;Leotiomycetes;Helotiales;Hyaloscyphaceae;Lachnum;Lachnum_virgineum
DQ534460	Root;Ascomycota;Lecanoromycetes;Lecanorales;Cladoniaceae;Cladonia;Cladonia_chlorophaea
EU683064	Root;Ascomycota;Sordariomycetes;Diaporthales;Valsaceae;Anisogramma;Anisogramma_anomala
AY256855	Root;Ascomycota;Eurotiomycetes;Eurotiales;Trichocomaceae;Penicillium;Penicillium_radicum
AY616700	Root;Ascomycota;Sordariomycetes;Xylariales;Xylariaceae;Hypoxylon;Hypoxylon_fuscum
FN435769	Root;Ascomycota;Sordariomycetes;Xylariales;Xylariaceae;Hypoxylon;Hypoxylon_fragiforme
EU673327	Root;Ascomycota;Dothideomycetes;Botryosphaeriales;Botryosphaeriaceae;Phaeobotryosphaeria;Phaeobotryosphaeria_visci
FN435748	Root;Ascomycota;Sordariomycetes;Xylariales;Xylariaceae;Biscogniauxia;Biscogniauxia_nummularia
FN435814	Root;Ascomycota;Sordariomycetes;Xylariales;Xylariaceae;Biscogniauxia;Biscogniauxia_nummularia
FN435815	Root;Ascomycota;Sordariomycetes;Xylariales;Xylariaceae;Annulohypoxylon;Annulohypoxylon_cohaerens
FN435822	Root;Ascomycota;Sordariomycetes;Xylariales;Xylariaceae;Hypoxylon;Hypoxylon_fragiforme
FJ185301	Root;Ascomycota;Sordariomycetes;Xylariales;Xylariaceae;Annulohypoxylon;Annulohypoxylon_cohaerens
AJ390415	Root;Ascomycota;Sordariomycetes;Xylariales;Xylariaceae;Biscogniauxia;Biscogniauxia_nummularia
FN435660	Root;Ascomycota;Sordariomycetes;Xylariales;Xylariaceae;Hypoxylon;Hypoxylon_fragiforme
AY616688	Root;Ascomycota;Sordariomycetes;Xylariales;Xylariaceae;Annulohypoxylon;Annulohypoxylon_cohaerens
FN435702	Root;Ascomycota;Sordariomycetes;Xylariales;Xylariaceae;Nemania;Nemania_serpens
FN435705	Root;Ascomycota;Sordariomycetes;Xylariales;Xylariaceae;Hypoxylon;Hypoxylon_fragiforme
HM012878	Root;Ascomycota;Dothideomycetes;Capnodiales;Teratosphaeriaceae;Teratosphaeria;Teratosphaeria_keanei
HM131322	Root;Basidiomycota;Pucciniomycetes;Pucciniales;Pucciniaceae;Puccinia;Puccinia_coronati_agrostidis
HM131333	Root;Basidiomycota;Pucciniomycetes;Pucciniales;Pucciniaceae;Puccinia;Puccinia_coronata_var_gibberosa
HM131337	Root;Basidiomycota;Pucciniomycetes;Pucciniales;Pucciniaceae;Puccinia;Puccinia_coronata
HM131344	Root;Basidiomycota;Pucciniomycetes;Pucciniales;Pucciniaceae;Puccinia;Puccinia_coronata
HM131365	Root;Basidiomycota;Pucciniomycetes;Pucciniales;Pucciniaceae;Uromyces;Uromyces_coronatus
FJ481020	Root;Basidiomycota;Agaricomycetes;Agaricales;Strophariaceae;Hypholoma;Hypholoma_fasciculare
AM749928	Root;Ascomycota;Sordariomycetes;Xylariales;Xylariaceae;Hypoxylon;Hypoxylon_howeanum
FR668015	Root;Ascomycota;Leotiomycetes;Helotiales;Sclerotiniaceae;Torrendiella;Torrendiella_eucalypti
EU057002	Root;Basidiomycota;Agaricomycetes;Agaricales;Cortinariaceae;Cortinarius;Cortinarius_lilaciotinctus
HM802273	Root;Ascomycota;Sordariomycetes;Hypocreales;Nectriaceae;Fusarium;Fusarium_oxysporum
HM046875	Root;Basidiomycota;Agaricomycetes;Corticiales;Australovuilleminia_coccinea;Australovuilleminia_coccinea;Australovuilleminia_coccinea
AF501548	Root;Basidiomycota;Agaricomycetes;Agaricales;Cortinariaceae;Gymnopilus;Gymnopilus_hybridus
AF501565	Root;Basidiomycota;Agaricomycetes;Agaricales;Cortinariaceae;Galerina;Galerina_subcerina
AF501566	Root;Basidiomycota;Agaricomycetes;Agaricales;Cortinariaceae;Galerina;Galerina_tibiiformis
HM209239	Root;Ascomycota;Lecanoromycetes;Lecanorales;Lecanoraceae;Protoparmeliopsis;Lecanora_muralis
GQ428317	Root;Ascomycota;Sordariomycetes;Xylariales;Xylariaceae;Obolarina;Obolarina_dryophila
U85789	Root;Basidiomycota;Agaricomycetes;Atheliales;Atheliaceae;Fibulorhizoctonia;Fibulorhizoctonia_carotae
AY265223	Root;Ascomycota;Eurotiomycetes;Eurotiales;Trichocomaceae;Byssochlamys;Byssochlamys_nivea
HQ604302	Root;Basidiomycota;Agaricomycetes;Agaricales;Cortinariaceae;Inocybe;Inocybe_abjecta
HM999904	Root;Ascomycota;Sordariomycetes;Hypocreales;Nectriaceae;Fusarium;Fusarium_polyphialidicum
HM992808	Root;Ascomycota;Sordariomycetes;Xylariales;Xylariaceae;Xylaria;Xylaria_feejeensis
FJ459973	Root;Ascomycota;Sordariomycetes;Hypocreales;Nectriaceae;Haematonectria;Fusarium_solani
GQ457303	Root;Basidiomycota;Pucciniomycetes;Pucciniales;Pucciniaceae;Puccinia;Puccinia_brachypodii
HQ115653	Root;Basidiomycota;Ustilaginomycetes;Ustilaginales;Ustilaginaceae;Pseudozyma;Pseudozyma_flocculosa
GU256742	Root;Ascomycota;Sordariomycetes;Hypocreales;Bionectriaceae;Bionectria;Clonostachys_rosea_f_catenulata
HQ832446	Root;Basidiomycota;Agaricomycetes;Agaricales;Strophariaceae;Hypholoma;Hypholoma_australe
HQ406808	Root;Ascomycota;Sordariomycetes;Sordariales;Lasiosphaeriaceae;Fimetariella;Fimetariella_rabenhorstii
HM583842	Root;Basidiomycota;Agaricomycetes;Polyporales;Fomitopsidaceae;Postia;Postia_pelliculosa
AJ486966	Root;Basidiomycota;Agaricomycetes;Agaricales;Lycoperdaceae;Calvatia;Calvatia_chilensis
HM215520	Root;Ascomycota;Orbiliomycetes;Orbiliales;Orbiliaceae;Brachyphoris;Brachyphoris_brevistipitata
AY195573	Root;Basidiomycota;Agaricomycetes;Cantharellales;Cantharellaceae;Craterellus;Craterellus_tubaeformis
GQ267499	Root;Ascomycota;Pezizomycetes;Pezizales;Pyronemataceae;Wilcoxina;Wilcoxina_mikolae
JF440592	Root;Ascomycota;Sordariomycetes;Sordariales;Lasiosphaeriaceae;Fimetariella;Fimetariella_rabenhorstii
JF439462	Root;Ascomycota;Dothideomycetes;Dothideales;Dothioraceae;Aureobasidium;Aureobasidium_pullulans
GU234028	Root;Basidiomycota;Agaricomycetes;Agaricales;Tricholomataceae;Cystoderma;Cystoderma_arcticum
GU234032	Root;Basidiomycota;Agaricomycetes;Agaricales;Cortinariaceae;Cortinarius;Cortinarius_rufostriatus
GU234048	Root;Basidiomycota;Agaricomycetes;Agaricales;Tricholomataceae;Arrhenia;Arrhenia_acerosa
GU234056	Root;Basidiomycota;Agaricomycetes;Agaricales;Cortinariaceae;Cortinarius;Cortinarius_delibutus
AY083189	Root;Basidiomycota;Agaricomycetes;Agaricales;Cortinariaceae;Cortinarius;Cortinarius_saturninus
GU234110	Root;Basidiomycota;Agaricomycetes;Agaricales;Tricholomataceae;Clitocybe;Clitocybe_paxillus
GU234077	Root;Basidiomycota;Agaricomycetes;Agaricales;Tricholomataceae;Melanoleuca;Melanoleuca_cognata
GU234067	Root;Basidiomycota;Agaricomycetes;Agaricales;Strophariaceae;Hypholoma;Hypholoma_elongatipes
GU234072	Root;Basidiomycota;Agaricomycetes;Agaricales;Cortinariaceae;Inocybe;Inocybe_rimosa
GU234073	Root;Basidiomycota;Agaricomycetes;Agaricales;Entolomataceae;Entoloma;Entoloma_alpicola
GU234078	Root;Basidiomycota;Agaricomycetes;Agaricales;Strophariaceae;Hypholoma;Hypholoma_myosotis
GU234093	Root;Basidiomycota;Agaricomycetes;Agaricales;Tricholomataceae;Omphalina;Omphalina_rustica
GU234101	Root;Basidiomycota;Agaricomycetes;Agaricales;Tricholomataceae;Clitocybe;Clitocybe_dryadicola
GU234105	Root;Basidiomycota;Agaricomycetes;Agaricales;Cortinariaceae;Inocybe;Inocybe_lacera
GU234117	Root;Basidiomycota;Agaricomycetes;Agaricales;Tricholomataceae;Omphalina;Omphalina_rivulicola
GU234121	Root;Basidiomycota;Agaricomycetes;Agaricales;Cortinariaceae;Inocybe;Inocybe_lacera
GU234123	Root;Basidiomycota;Agaricomycetes;Agaricales;Cortinariaceae;Galerina;Galerina_arctica
GU234140	Root;Basidiomycota;Agaricomycetes;Agaricales;Strophariaceae;Psilocybe;Psilocybe_magnivelaris
GU234144	Root;Basidiomycota;Agaricomycetes;Agaricales;Tricholomataceae;Omphalina;Omphalina_chionophila
GU234165	Root;Basidiomycota;Agaricomycetes;Agaricales;Mycenaceae;Mycena;Mycena_pura
AF166505	Root;Basidiomycota;Agaricomycetes;Boletales;Suillaceae;Suillus;Suillus_cavipes
AB488487	Root;Ascomycota;Dothideomycetes;Capnodiales;Mycosphaerellaceae;Ramichloridium;Ramichloridium_strelitziae
EU035416	Root;Ascomycota;Eurotiomycetes;Chaetothyriales;Chaetothyriaceae;Cyphellophora;Cyphellophora_laciniata
HM467652	Root;Ascomycota;Dothideomycetes;Botryosphaeriales;Botryosphaeriaceae;Sphaeropsis;Sphaeropsis_sapinea
AY159253	Root;Ascomycota;Dothideomycetes;Botryosphaeriales;Botryosphaeriaceae;Sphaeropsis;Sphaeropsis_sapinea
HM467685	Root;Ascomycota;Dothideomycetes;Botryosphaeriales;Botryosphaeriaceae;Sphaeropsis;Sphaeropsis_sapinea
HM467690	Root;Ascomycota;Dothideomycetes;Botryosphaeriales;Botryosphaeriaceae;Sphaeropsis;Sphaeropsis_sapinea
HM449049	Root;Ascomycota;Sordariomycetes;Sordariales;Chaetomiaceae;Chaetomium;Chaetomium_dolichotrichum
DQ345569	Root;Ascomycota;Sordariomycetes;Hypocreales;Ophiocordycipitaceae;Hirsutella;Hirsutella_rhossiliensis
FN400936	Root;Basidiomycota;Tremellomycetes;Filobasidiales;Filobasidiaceae;Cryptococcus;Cryptococcus_chernovii
AF444645	Root;Basidiomycota;Tremellomycetes;Filobasidiales;Filobasidiaceae;Cryptococcus;Cryptococcus_victoriae
HQ170519	Root;Basidiomycota;Ustilaginomycetes;Ustilaginales;Ustilaginaceae;Ustilago;Ustilago_panici_gracilis
HQ108033	Root;Ascomycota;Dothideomycetes;Pleosporales;Phaeosphaeriaceae;Ampelomyces;Ampelomyces_quisqualis
HQ108037	Root;Ascomycota;Dothideomycetes;Pleosporales;Phaeosphaeriaceae;Ampelomyces;Ampelomyces_quisqualis
HQ026233	Root;Ascomycota;Lecanoromycetes;Lecanorales;Parmeliaceae;Parmelia;Parmelia_omphalodes
EU070911	Root;Ascomycota;Sordariomycetes;Phyllachorales;Phyllachoraceae;Colletotrichum;Colletotrichum_destructivum
JQ676189	Root;Ascomycota;Sordariomycetes;Diaporthales;Valsaceae;Phomopsis;Phomopsis_vaccinii
HM235405	Root;Ascomycota;Dothideomycetes;Capnodiales;Mycosphaerellaceae;Cercospora;Cercospora_eremochloae
AY854970	Root;Basidiomycota;Exobasidiomycetes;Entylomatales;Entylomataceae;Entyloma;Entyloma_fergussonii
AB190871	Root;Ascomycota;Sordariomycetes;Calosphaeriales;Pleurostomataceae;Pleurostomophora;Pleurostomophora_repens
GQ888694	Root;Ascomycota;Pezizomycetes;Pezizales;Pezizaceae;Terfezia;Terfezia_claveryi
HQ013088	Root;Basidiomycota;Ustilaginomycetes;Ustilaginales;Ustilaginaceae;Macalpinomyces;Macalpinomyces_tubiformis
HQ013090	Root;Basidiomycota;Ustilaginomycetes;Ustilaginales;Ustilaginaceae;Sporisorium;Sporisorium_absconditum
HQ013092	Root;Basidiomycota;Ustilaginomycetes;Ustilaginales;Ustilaginaceae;Sporisorium;Sporisorium_bothriochloae
HQ013098	Root;Basidiomycota;Ustilaginomycetes;Ustilaginales;Ustilaginaceae;Sporisorium;Sporisorium_consanguineum
HQ013103	Root;Basidiomycota;Ustilaginomycetes;Ustilaginales;Ustilaginaceae;Sporisorium;Sporisorium_lanigeri
AY740021	Root;Basidiomycota;Ustilaginomycetes;Ustilaginales;Ustilaginaceae;Sporisorium;Sporisorium_sorghi
HQ013112	Root;Basidiomycota;Ustilaginomycetes;Ustilaginales;Ustilaginaceae;Sporisorium;Sporisorium_tenue
EF185083	Root;Basidiomycota;Ustilaginomycetes;Ustilaginales;Ustilaginaceae;Sporisorium;Sporisorium_scitamineum
HQ013114	Root;Basidiomycota;Ustilaginomycetes;Ustilaginales;Ustilaginaceae;Sporisorium;Sporisorium_vermiculum
HQ013116	Root;Basidiomycota;Ustilaginomycetes;Ustilaginales;Ustilaginaceae;Sporisorium;Sporisorium_wynaadense
HQ013117	Root;Basidiomycota;Ustilaginomycetes;Ustilaginales;Ustilaginaceae;Sporisorium;Sporisorium_xerofasciculatum
HQ013120	Root;Basidiomycota;Ustilaginomycetes;Ustilaginales;Ustilaginaceae;Ustilago;Ustilago_porosa
HQ013121	Root;Basidiomycota;Ustilaginomycetes;Ustilaginales;Ustilaginaceae;Ustilago;Ustilago_schmidtiae
AF438560	Root;Basidiomycota;Agaricomycetes;Agaricales;Amanitaceae;Amanita;Amanita_phalloides
AF438562	Root;Basidiomycota;Agaricomycetes;Agaricales;Amanitaceae;Amanita;Amanita_vaginata
AF438567	Root;Basidiomycota;Agaricomycetes;Thelephorales;Bankeraceae;Boletopsis;Boletopsis_leucomelaena
AF438599	Root;Basidiomycota;Agaricomycetes;Agaricales;Entolomataceae;Rhodophyllus;Rhodophyllus_crassipes
FJ481034	Root;Basidiomycota;Agaricomycetes;Agaricales;Strophariaceae;Hypholoma;Hypholoma_fasciculare
AJ272416	Root;Basidiomycota;Agaricomycetes;Boletales;Suillaceae;Suillus;Suillus_luteus
HM853977	Root;Ascomycota;Dothideomycetes;Pleosporales;Lophiostomataceae;Herpotrichia;Herpotrichia_juniperi
AY213675	Root;Ascomycota;Eurotiomycetes;Eurotiales;Trichocomaceae;Penicillium;Penicillium_ochrochloron
AF439625	Root;Ascomycota;Sordariomycetes;Diaporthales;Valsaceae;Phomopsis;Phomopsis_columnaris
EU041796	Root;Ascomycota;Dothideomycetes;Capnodiales;Mycosphaerellaceae;Ramichloridium;Ramichloridium_biverticillatum
EU816926	Root;Basidiomycota;Pucciniomycetes;Pucciniales;Pucciniaceae;Puccinia;Puccinia_chrysanthemi
EU400584	Root;Basidiomycota;Pucciniomycetes;Pucciniales;Pucciniaceae;Puccinia;Puccinia_tanaceti
HM856641	Root;Basidiomycota;Agaricomycetes;Agaricales;Cortinariaceae;Galerina;Galerina_paludosa
HM190068	Root;Basidiomycota;Agaricomycetes;Boletales;Boletaceae;Boletus;Xerocomus_cisalpinus
AJ889931	Root;Basidiomycota;Agaricomycetes;Boletales;Boletaceae;Boletus;Boletus_pruinatus
HQ225484	Root;Basidiomycota;Agaricomycetes;Polyporales;Polyporaceae;Polyporus;Polyporus_umbellatus
HQ225509	Root;Basidiomycota;Agaricomycetes;Polyporales;Polyporaceae;Polyporus;Polyporus_umbellatus
HM473069	Root;Ascomycota;Sordariomycetes;Hypocreales;Nectriaceae;Gibberella;Fusarium_proliferatum
FJ878682	Root;Ascomycota;Eurotiomycetes;Eurotiales;Trichocomaceae;Aspergillus;Aspergillus_fumigatiaffinis
EU814479	Root;Ascomycota;Sordariomycetes;Diaporthales;Diaporthaceae;Diaporthe;Diaporthe_ambigua
AY247752	Root;Ascomycota;Leotiomycetes;Rhytismatales;Rhytismataceae;Lophodermium;Lophodermium_molitoris
AY277912	Root;Ascomycota;Sordariomycetes;Sordariales;Lasiosphaeriaceae;Strattonia;Strattonia_insignis
AF009176	Root;Ascomycota;Leotiomycetes;Erysiphales;Erysiphaceae;Golovinomyces;Golovinomyces_orontii
HM562044	Root;Basidiomycota;Agaricomycetes;Agaricales;Pluteaceae;Pluteus;Pluteus_ephebeus
HM562122	Root;Basidiomycota;Agaricomycetes;Agaricales;Pluteaceae;Pluteus;Pluteus_podospileus
FJ774076	Root;Basidiomycota;Agaricomycetes;Agaricales;Pluteaceae;Pluteus;Pluteus_plautus
HM562057	Root;Basidiomycota;Agaricomycetes;Agaricales;Pluteaceae;Pluteus;Pluteus_albostipitatus
HM562058	Root;Basidiomycota;Agaricomycetes;Agaricales;Pluteaceae;Pluteus;Pluteus_heteromarginatus
FJ774075	Root;Basidiomycota;Agaricomycetes;Agaricales;Pluteaceae;Pluteus;Pluteus_atromarginatus
HM562125	Root;Basidiomycota;Agaricomycetes;Agaricales;Pluteaceae;Pluteus;Pluteus_chrysophlebius
HM562066	Root;Basidiomycota;Agaricomycetes;Agaricales;Pluteaceae;Pluteus;Pluteus_thomsonii
HM562076	Root;Basidiomycota;Agaricomycetes;Agaricales;Pluteaceae;Pluteus;Pluteus_eliae
HM562079	Root;Basidiomycota;Agaricomycetes;Agaricales;Pluteaceae;Pluteus;Pluteus_rugosidiscus
HM562103	Root;Basidiomycota;Agaricomycetes;Agaricales;Pluteaceae;Pluteus;Pluteus_aff_cervinus_TNSF12370
FJ774085	Root;Basidiomycota;Agaricomycetes;Agaricales;Pluteaceae;Pluteus;Pluteus_podospileus
HM562119	Root;Basidiomycota;Agaricomycetes;Agaricales;Pluteaceae;Pluteus;Pluteus_mammillatus
HM562129	Root;Basidiomycota;Agaricomycetes;Agaricales;Pluteaceae;Pluteus;Pluteus_losulus
HM562131	Root;Basidiomycota;Agaricomycetes;Agaricales;Pluteaceae;Pluteus;Pluteus_glaucotinctus
HM562139	Root;Basidiomycota;Agaricomycetes;Agaricales;Pluteaceae;Pluteus;Pluteus_aff_leoninus_II_TNSF11908
HM562160	Root;Basidiomycota;Agaricomycetes;Agaricales;Pluteaceae;Pluteus;Pluteus_aureovenatus
HM562162	Root;Basidiomycota;Agaricomycetes;Agaricales;Pluteaceae;Pluteus;Pluteus_riberaltensis_var_conquistensis
HM562050	Root;Basidiomycota;Agaricomycetes;Agaricales;Pluteaceae;Pluteus;Pluteus_pouzarianus
HM562198	Root;Basidiomycota;Agaricomycetes;Agaricales;Pluteaceae;Pluteus;Pluteus_aff_ephebeus_Pearson_sn
HM562199	Root;Basidiomycota;Agaricomycetes;Agaricales;Pluteaceae;Pluteus;Pluteus_seticeps
HM562201	Root;Basidiomycota;Agaricomycetes;Agaricales;Pluteaceae;Pluteus;Pluteus_multiformis
HM562206	Root;Basidiomycota;Agaricomycetes;Agaricales;Pluteaceae;Volvopluteus;Volvopluteus_asiaticus
HM562211	Root;Basidiomycota;Agaricomycetes;Agaricales;Pluteaceae;Volvariella;Volvariella_caesiotincta
HQ231216	Root;Ascomycota;Dothideomycetes;Capnodiales;Mycosphaerellaceae;Passalora;Passalora_bougainvilleae
HQ270121	Root;Basidiomycota;Agaricomycetes;Cantharellales;Cantharellaceae;Cantharellus;Cantharellus_lateritius
HQ270122	Root;Basidiomycota;Agaricomycetes;Cantharellales;Cantharellaceae;Cantharellus;Cantharellus_cibarius_var_longipes
HQ270128	Root;Basidiomycota;Agaricomycetes;Cantharellales;Cantharellaceae;Cantharellus;Cantharellus_cibarius_var_multiramis
EF585533	Root;Ascomycota;Dothideomycetes;Botryosphaeriales;Botryosphaeriaceae;Pseudofusicoccum;Pseudofusicoccum_adansoniae
AY485751	Root;Ascomycota;Sordariomycetes;Diaporthales;Diaporthaceae;Diaporthe;Diaporthe_viticola
AB360370	Root;Ascomycota;Sordariomycetes;Hypocreales;Cordycipitaceae;Lecanicillium;Lecanicillium_fusisporum
GU184114	Root;Ascomycota;Lecanoromycetes;Acarosporales;Acarosporaceae;Acarospora;Acarospora_bullata
EU551472	Root;Ascomycota;Saccharomycetes;Saccharomycetales;Saccharomycetaceae;Saccharomyces;Saccharomyces_cerevisiae
HQ832804	Root;Basidiomycota;Ustilaginomycetes;Ustilaginales;Ustilaginaceae;Pseudozyma;Pseudozyma_aphidis
GU234138	Root;Basidiomycota;Agaricomycetes;Agaricales;Mycenaceae;Mycena;Mycena_simia
AF096202	Root;Ascomycota;Lecanoromycetes;Umbilicariales;Umbilicariaceae;Lasallia;Lasallia_pennsylvanica
EU266088	Root;Ascomycota;Lecanoromycetes;Umbilicariales;Umbilicariaceae;Umbilicaria;Umbilicaria_hirsuta
AF096215	Root;Ascomycota;Lecanoromycetes;Umbilicariales;Umbilicariaceae;Umbilicaria;Umbilicaria_crustulosa
HM161506	Root;Ascomycota;Lecanoromycetes;Umbilicariales;Umbilicariaceae;Umbilicaria;Umbilicaria_calvescens
HM161507	Root;Ascomycota;Lecanoromycetes;Umbilicariales;Umbilicariaceae;Umbilicaria;Umbilicaria_calvescens
HM161508	Root;Ascomycota;Lecanoromycetes;Umbilicariales;Umbilicariaceae;Umbilicaria;Umbilicaria_calvescens
HM161482	Root;Ascomycota;Lecanoromycetes;Umbilicariales;Umbilicariaceae;Umbilicaria;Umbilicaria_africana
HM161486	Root;Ascomycota;Lecanoromycetes;Umbilicariales;Umbilicariaceae;Umbilicaria;Umbilicaria_calvescens
FN185974	Root;Ascomycota;Lecanoromycetes;Umbilicariales;Umbilicariaceae;Umbilicaria;Umbilicaria_nylanderiana
HM161460	Root;Ascomycota;Lecanoromycetes;Umbilicariales;Umbilicariaceae;Umbilicaria;Umbilicaria_calvescens
HM161487	Root;Ascomycota;Lecanoromycetes;Umbilicariales;Umbilicariaceae;Umbilicaria;Umbilicaria_haplocarpa
FJ609268	Root;Basidiomycota;Agaricomycetes;Agaricales;Lyophyllaceae;Hypsizygus;Hypsizygus_marmoreus
AB054020	Root;Ascomycota;Saccharomycetes;Saccharomycetales;Saccharomycetaceae;Debaryomyces;Debaryomyces_occidentalis_var_persoonii
GU183170	Root;Ascomycota;Eurotiomycetes;Eurotiales;Trichocomaceae;Aspergillus;Aspergillus_clavatus
AY046159	Root;Ascomycota;Saccharomycetes;Saccharomycetales;Saccharomycetaceae;Kluyveromyces;Kluyveromyces_piceae
GQ334386	Root;Ascomycota;Dothideomycetes;Capnodiales;Teratosphaeriaceae;Hortaea;Hortaea_werneckii
JQ256427	Root;Ascomycota;Leotiomycetes;Helotiales;Geoglossaceae;Thuemenidium;Thuemenidium_atropurpureum
GU187992	Root;Ascomycota;Dothideomycetes;Botryosphaeriales;Botryosphaeriaceae;Neofusicoccum;Neofusicoccum_parvum
AY139785	Root;Ascomycota;Saccharomycetes;Saccharomycetales;Saccharomycetaceae;Kluyveromyces;Kluyveromyces_marxianus
HQ380848	Root;Ascomycota;Sordariomycetes;Hypocreales;Clavicipitaceae;Beauveria;Beauveria_bassiana
FR717868	Root;Basidiomycota;Tremellomycetes;Filobasidiales;Filobasidiaceae;Cryptococcus;Cryptococcus_macerans
EF608062	Root;Ascomycota;Sordariomycetes;Phyllachorales;Phyllachoraceae;Colletotrichum;Colletotrichum_sp
FJ654672	Root;Ascomycota;Sordariomycetes;Hypocreales;Bionectriaceae;Bionectria;Bionectria_ochroleuca
HQ339992	Root;Ascomycota;Sordariomycetes;Hypocreales;Nectriaceae;Fusarium;Fusarium_brachygibbosum
FJ411410	Root;Ascomycota;Sordariomycetes;Hypocreales;Ophiocordycipitaceae;Tolypocladium;Tolypocladium_cylindrosporum
FJ441616	Root;Ascomycota;Eurotiomycetes;Eurotiales;Trichocomaceae;Penicillium;Penicillium_griseofulvum
FR717911	Root;Ascomycota;Eurotiomycetes;Eurotiales;Trichocomaceae;Penicillium;Penicillium_melinii
AB485603	Root;Ascomycota;Eurotiomycetes;Eurotiales;Trichocomaceae;Penicillium;Penicillium_oxalicum
HQ449702	Root;Ascomycota;Leotiomycetes;Helotiales;Sclerotiniaceae;Sclerotinia;Sclerotinia_homoeocarpa
HQ153422	Root;Basidiomycota;Agaricomycetes;Polyporales;Meruliaceae;Phlebia;Phlebia_livida_subsp_tuberculata
GU199417	Root;Ascomycota;Sordariomycetes;Diaporthales;Valsaceae;Cytospora;Cytospora_eucalypticola
HQ589142	Root;Ascomycota;Eurotiomycetes;Eurotiales;Trichocomaceae;Aspergillus;Aspergillus_clavatus
HQ589148	Root;Ascomycota;Eurotiomycetes;Eurotiales;Trichocomaceae;Penicillium;Penicillium_aculeatum
HQ589149	Root;Ascomycota;Eurotiomycetes;Eurotiales;Trichocomaceae;Penicillium;Penicillium_aculeatum
GQ922525	Root;Ascomycota;Sordariomycetes;Sordariales;Chaetomiaceae;Chaetomium;Chaetomium_longicolleum
FJ904683	Root;Ascomycota;Lecanoromycetes;Ostropales;Stictidaceae;Cryptodiscus;Cryptodiscus_pini
HM535376	Root;Basidiomycota;Agaricomycetes;Polyporales;Sistotremataceae;Sistotrema;Sistotrema_brinkmannii
FJ797613	Root;Ascomycota;Dothideomycetes;Capnodiales;Mycosphaerellaceae;Cladosporium;Cladosporium_cladosporioides
GQ203765	Root;Ascomycota;Dothideomycetes;Pleosporales;Sporormiaceae;Preussia;Preussia_terricola
EU833659	Root;Basidiomycota;Agaricomycetes;Agaricales;Lycoperdaceae;Lycoperdon;Handkea_utriformis
GQ412720	Root;Ascomycota;Dothideomycetes;Dothideales;Dothioraceae;Sydowia;Sydowia_polyspora
GQ412723	Root;Ascomycota;Dothideomycetes;Dothideales;Dothioraceae;Sydowia;Sydowia_polyspora
AB599963	Root;Basidiomycota;Pucciniomycetes;Pucciniales;Pucciniaceae;Puccinia;Puccinia_polysora
AB599976	Root;Basidiomycota;Pucciniomycetes;Pucciniales;Pucciniaceae;Puccinia;Puccinia_polysora
HQ607851	Root;Ascomycota;Eurotiomycetes;Eurotiales;Trichocomaceae;Paecilomyces;Paecilomyces_marquandii
FJ940902	Root;Ascomycota;Sordariomycetes;Hypocreales;Nectriaceae;Neocosmospora;Neocosmospora_vasinfecta
EU551207	Root;Ascomycota;Dothideomycetes;Pleosporales;Sporormiaceae;Preussia;Preussia_australis
HQ608123	Root;Ascomycota;Eurotiomycetes;Eurotiales;Trichocomaceae;Penicillium;Penicillium_purpurogenum
FR733880	Root;Ascomycota;Eurotiomycetes;Eurotiales;Trichocomaceae;Aspergillus;Aspergillus_kanagawaensis
HQ384388	Root;Ascomycota;Sordariomycetes;Hypocreales;Nectriaceae;Fusarium;Fusarium_incarnatum
HQ530564	Root;Ascomycota;Sordariomycetes;Hypocreales;Nectriaceae;Fusarium;Fusarium_oxysporum
HQ384399	Root;Ascomycota;Sordariomycetes;Hypocreales;Nectriaceae;Haematonectria;Fusarium_solani
HM639271	Root;Basidiomycota;Agaricomycetes;Agaricales;Amanitaceae;Amanita;Amanita_muscaria
EU486443	Root;Basidiomycota;Agaricomycetes;Polyporales;Polyporaceae;Polyporus;Polyporus_leptocephalus
AF511443	Root;Basidiomycota;Agaricomycetes;Polyporales;Polyporaceae;Polyporus;Polyporus_tubiformis
AF034461	Root;Ascomycota;Eurotiomycetes;Eurotiales;Trichocomaceae;Penicillium;Penicillium_spinulosum
EU707897	Root;Ascomycota;Dothideomycetes;Capnodiales;Mycosphaerellaceae;Dissoconium;Dissoconium_proteae
AY669692	Root;Basidiomycota;Agaricomycetes;Agaricales;Cortinariaceae;Cortinarius;Cortinarius_subbalaustinus
HQ436120	Root;Basidiomycota;Agaricomycetes;Agaricales;Lyophyllaceae;Hypsizygus;Hypsizygus_tessulatus
EU819413	Root;Basidiomycota;Agaricomycetes;Agaricales;Tricholomataceae;Leucopaxillus;Leucopaxillus_tricolor
GU570110	Root;Ascomycota;Lecanoromycetes;Peltigerales;Pannariaceae;Parmeliella;Parmeliella_parvula
HQ655815	Root;Ascomycota;Eurotiomycetes;Eurotiales;Trichocomaceae;Penicillium;Penicillium_simplicissimum
HQ655817	Root;Ascomycota;Eurotiomycetes;Eurotiales;Trichocomaceae;Penicillium;Penicillium_ochrochloron
HQ655818	Root;Ascomycota;Eurotiomycetes;Eurotiales;Trichocomaceae;Penicillium;Penicillium_ochrochloron
DQ365684	Root;Basidiomycota;Agaricomycetes;Atheliales;Atheliaceae;Piloderma;Piloderma_fallax
HQ604805	Root;Basidiomycota;Agaricomycetes;Agaricales;Cortinariaceae;Inocybe;Inocybe_jacobi
HQ654103	Root;Basidiomycota;Agaricomycetes;Polyporales;Polyporaceae;Perenniporia;Perenniporia_ohiensis
HQ654107	Root;Basidiomycota;Agaricomycetes;Polyporales;Polyporaceae;Perenniporia;Perenniporia_rhizomorpha
GU973504	Root;Ascomycota;Leotiomycetes;Helotiales;Dermateaceae;Cryptosporiopsis;Cryptosporiopsis_californiae
GU973505	Root;Ascomycota;Leotiomycetes;Helotiales;Dermateaceae;Cryptosporiopsis;Cryptosporiopsis_caliginosa
GU973533	Root;Ascomycota;Sordariomycetes;Diaporthales;Pseudoplagiostoma_eucalypti;Pseudoplagiostoma_eucalypti;Pseudoplagiostoma_eucalypti
EU882127	Root;Ascomycota;Dothideomycetes;Capnodiales;Mycosphaerellaceae;Mycosphaerella;Mycosphaerella_quasiparkii
HQ599594	Root;Ascomycota;Dothideomycetes;Capnodiales;Mycosphaerellaceae;Phaeothecoidea;Phaeothecoidea_melaleuca
HQ599600	Root;Ascomycota;Dothideomycetes;Pleosporales;Venturiaceae;Fusicladium;Fusicladium_eucalypti
HQ599602	Root;Ascomycota;Dothideomycetes;Capnodiales;Teratosphaeriaceae;Devriesia;Devriesia_fraseriae
AY138847	Root;Ascomycota;Sordariomycetes;Hypocreales;Nectriaceae;Nectria;Nectria_mauritiicola
HQ680599	Root;Ascomycota;Lecanoromycetes;Lecanorales;Parmeliaceae;Hypogymnia;Hypogymnia_imshaugii
HQ725051	Root;Ascomycota;Lecanoromycetes;Lecanorales;Parmeliaceae;Hypogymnia;Hypogymnia_imshaugii
HQ680610	Root;Ascomycota;Lecanoromycetes;Lecanorales;Parmeliaceae;Hypogymnia;Hypogymnia_duplicata
HQ680611	Root;Ascomycota;Lecanoromycetes;Lecanorales;Parmeliaceae;Hypogymnia;Hypogymnia_austerodes
AY245093	Root;Ascomycota;Lecanoromycetes;Lecanorales;Cladoniaceae;Cladia;Cladia_aggregata
HQ725076	Root;Ascomycota;Lecanoromycetes;Lecanorales;Parmeliaceae;Hypogymnia;Hypogymnia_antarctica
HQ413280	Root;Ascomycota;Saccharomycetes;Saccharomycetales;Saccharomycetaceae;Kuraishia;Kuraishia_capsulata
HQ533007	Root;Basidiomycota;Agaricomycetes;Polyporales;Fomitopsidaceae;Postia;Postia_subcaesia
HQ533010	Root;Basidiomycota;Agaricomycetes;Agaricales;Cortinariaceae;Flammulaster;Flammulaster_pulveraceus
HQ533029	Root;Basidiomycota;Agaricomycetes;Agaricales;Strophariaceae;Pholiota;Pholiota_multicingulata
GU300776	Root;Ascomycota;Lecanoromycetes;Lecanorales;Parmeliaceae;Hypogymnia;Hypogymnia_farinacea
GU300790	Root;Ascomycota;Lecanoromycetes;Lecanorales;Parmeliaceae;Pseudevernia;Pseudevernia_furfuracea
GU300792	Root;Ascomycota;Lecanoromycetes;Lecanorales;Parmeliaceae;Pseudevernia;Pseudevernia_intensa
AM882971	Root;Basidiomycota;Agaricomycetes;Agaricales;Cortinariaceae;Inocybe;Inocybe_glabripes
HM005147	Root;Basidiomycota;Agaricomycetes;Agaricales;Physalacriaceae;Protoxerula_flavo_olivacea;Protoxerula_flavo_olivacea
HM005148	Root;Basidiomycota;Agaricomycetes;Agaricales;Physalacriaceae;Protoxerula_flavo_olivacea;Protoxerula_flavo_olivacea
HM005152	Root;Basidiomycota;Agaricomycetes;Agaricales;Physalacriaceae;Protoxerula_flavo_olivacea;Protoxerula_flavo_olivacea
HM005149	Root;Basidiomycota;Agaricomycetes;Agaricales;Physalacriaceae;Protoxerula_flavo_olivacea;Protoxerula_flavo_olivacea
GU903336	Root;Ascomycota;Lecanoromycetes;Lecanorales;Parmeliaceae;Karoowia;Karoowia_subchalybaeizans
HQ260336	Root;Ascomycota;Saccharomycetes;Saccharomycetales;Saccharomycetaceae;Kazachstania;Kazachstania_intestinalis
HQ287329	Root;Ascomycota;Lecanoromycetes;Ostropales;Stictidaceae;Schizoxylon;Schizoxylon_albescens
HQ287315	Root;Ascomycota;Lecanoromycetes;Ostropales;Stictidaceae;Schizoxylon;Schizoxylon_albescens
HQ287324	Root;Ascomycota;Lecanoromycetes;Ostropales;Stictidaceae;Schizoxylon;Schizoxylon_albescens
HQ287330	Root;Ascomycota;Lecanoromycetes;Ostropales;Stictidaceae;Schizoxylon;Schizoxylon_albescens
HQ287333	Root;Ascomycota;Lecanoromycetes;Ostropales;Stictidaceae;Schizoxylon;Schizoxylon_albescens
HQ287336	Root;Ascomycota;Lecanoromycetes;Ostropales;Stictidaceae;Schizoxylon;Schizoxylon_albescens
HQ287338	Root;Ascomycota;Lecanoromycetes;Ostropales;Stictidaceae;Schizoxylon;Schizoxylon_albescens
HQ287349	Root;Ascomycota;Lecanoromycetes;Ostropales;Stictidaceae;Schizoxylon;Schizoxylon_albescens
HQ604080	Root;Basidiomycota;Agaricomycetes;Agaricales;Cortinariaceae;Inocybe;Inocybe_fuscodisca
HQ604088	Root;Basidiomycota;Agaricomycetes;Agaricales;Cortinariaceae;Inocybe;Inocybe_nitidiuscula
EU525945	Root;Basidiomycota;Agaricomycetes;Agaricales;Cortinariaceae;Inocybe;Inocybe_pyriodora
HQ604111	Root;Basidiomycota;Agaricomycetes;Agaricales;Cortinariaceae;Inocybe;Inocybe_griseolilacina
EU525947	Root;Basidiomycota;Agaricomycetes;Agaricales;Cortinariaceae;Inocybe;Inocybe_sororia
HQ604171	Root;Basidiomycota;Agaricomycetes;Agaricales;Cortinariaceae;Inocybe;Inocybe_nitidiuscula
HQ604178	Root;Basidiomycota;Agaricomycetes;Agaricales;Cortinariaceae;Inocybe;Inocybe_lacera_var_lacera
HQ604180	Root;Basidiomycota;Agaricomycetes;Agaricales;Cortinariaceae;Inocybe;Inocybe_pseudodestricta
HQ604206	Root;Basidiomycota;Agaricomycetes;Agaricales;Cortinariaceae;Inocybe;Inocybe_nitidiuscula
HQ604207	Root;Basidiomycota;Agaricomycetes;Agaricales;Cortinariaceae;Inocybe;Inocybe_rimosa
HQ604209	Root;Basidiomycota;Agaricomycetes;Agaricales;Cortinariaceae;Inocybe;Inocybe_subcarpta
HQ604214	Root;Basidiomycota;Agaricomycetes;Agaricales;Cortinariaceae;Inocybe;Inocybe_nitidiuscula
HQ604215	Root;Basidiomycota;Agaricomycetes;Agaricales;Cortinariaceae;Inocybe;Inocybe_fuscidula_var_fuscidula
HQ604216	Root;Basidiomycota;Agaricomycetes;Agaricales;Cortinariaceae;Inocybe;Inocybe_glabrescens
HQ604259	Root;Basidiomycota;Agaricomycetes;Agaricales;Cortinariaceae;Inocybe;Inocybe_nitidiuscula
HQ604265	Root;Basidiomycota;Agaricomycetes;Agaricales;Cortinariaceae;Inocybe;Inocybe_kauffmanii
EU486441	Root;Basidiomycota;Agaricomycetes;Agaricales;Cortinariaceae;Inocybe;Inocybe_whitei
HQ604310	Root;Basidiomycota;Agaricomycetes;Agaricales;Cortinariaceae;Inocybe;Inocybe_lanuginosa_var_ovatocystis
HQ604325	Root;Basidiomycota;Agaricomycetes;Agaricales;Cortinariaceae;Inocybe;Inocybe_nitidiuscula
FN550886	Root;Basidiomycota;Agaricomycetes;Agaricales;Cortinariaceae;Inocybe;Inocybe_favrei
HQ604446	Root;Basidiomycota;Agaricomycetes;Agaricales;Cortinariaceae;Inocybe;Inocybe_lacera_var_lacera
HQ604510	Root;Basidiomycota;Agaricomycetes;Agaricales;Cortinariaceae;Inocybe;Inocybe_amblyspora
HQ604520	Root;Basidiomycota;Agaricomycetes;Agaricales;Cortinariaceae;Inocybe;Inocybe_inodora
HQ604591	Root;Basidiomycota;Agaricomycetes;Agaricales;Cortinariaceae;Inocybe;Inocybe_mixtilis
HQ604600	Root;Basidiomycota;Agaricomycetes;Agaricales;Cortinariaceae;Inocybe;Inocybe_nitidiuscula
HQ604601	Root;Basidiomycota;Agaricomycetes;Agaricales;Cortinariaceae;Inocybe;Inocybe_lacera_var_lacera
HQ604625	Root;Basidiomycota;Agaricomycetes;Agaricales;Cortinariaceae;Inocybe;Inocybe_sororia
HQ604626	Root;Basidiomycota;Agaricomycetes;Agaricales;Cortinariaceae;Inocybe;Inocybe_sororia
HQ604629	Root;Basidiomycota;Agaricomycetes;Agaricales;Cortinariaceae;Inocybe;Inocybe_posterula
FJ039697	Root;Basidiomycota;Agaricomycetes;Agaricales;Cortinariaceae;Cortinarius;Cortinarius_obtusus
HQ604693	Root;Basidiomycota;Agaricomycetes;Agaricales;Cortinariaceae;Cortinarius;Cortinarius_cyanites
FJ039543	Root;Basidiomycota;Agaricomycetes;Agaricales;Cortinariaceae;Cortinarius;Cortinarius_comptulus
FJ039678	Root;Basidiomycota;Agaricomycetes;Agaricales;Cortinariaceae;Cortinarius;Cortinarius_californicus
HQ604750	Root;Basidiomycota;Agaricomycetes;Agaricales;Strophariaceae;Leratiomyces;Leratiomyces_ceres
HQ604755	Root;Basidiomycota;Agaricomycetes;Agaricales;Cortinariaceae;Galerina;Galerina_vittiformis
AY599575	Root;Basidiomycota;Agaricomycetes;Polyporales;Fomitopsidaceae;Postia;Postia_subcaesia
AF384861	Root;Basidiomycota;Tremellomycetes;Tremellales;Exidiaceae;Pseudohydnum;Pseudohydnum_gelatinosum
HQ604807	Root;Basidiomycota;Agaricomycetes;Agaricales;Cortinariaceae;Inocybe;Inocybe_jacobi
EU486457	Root;Basidiomycota;Agaricomycetes;Agaricales;Cortinariaceae;Inocybe;Inocybe_aff_lanuginosa_UBC_F16300
GQ250406	Root;Basidiomycota;Agaricomycetes;Agaricales;Amanitaceae;Amanita;Amanita_aff_pantherina_08001
EU021459	Root;Basidiomycota;Agaricomycetes;Polyporales;Ganodermataceae;Ganoderma;Ganoderma_lucidum
HM856642	Root;Ascomycota;Sordariomycetes;Hypocreales;Ophiocordycipitaceae;Ophiocordyceps;Ophiocordyceps_neovolkiana
HM005141	Root;Basidiomycota;Agaricomycetes;Agaricales;Physalacriaceae;Paraxerula_americana;Paraxerula_americana
HM005143	Root;Basidiomycota;Agaricomycetes;Agaricales;Physalacriaceae;Paraxerula_americana;Paraxerula_americana
HM005144	Root;Basidiomycota;Agaricomycetes;Agaricales;Physalacriaceae;Paraxerula_hongoi;Paraxerula_hongoi
U51954	Root;Ascomycota;Orbiliomycetes;Orbiliales;Orbiliaceae;Arthrobotrys;Arthrobotrys_foliicola
HQ660442	Root;Ascomycota;Eurotiomycetes;Eurotiales;Trichocomaceae;Paecilomyces;Paecilomyces_carneus
AJ229069	Root;Ascomycota;Saccharomycetes;Saccharomycetales;Saccharomycetaceae;Kluyveromyces;Kluyveromyces_lactis
HQ625015	Root;Basidiomycota;Agaricomycetes;Agaricales;Amanitaceae;Amanita;Amanita_prairiicola
HQ625016	Root;Basidiomycota;Agaricomycetes;Agaricales;Amanitaceae;Amanita;Amanita_silvifuga
AF145322	Root;Basidiomycota;Tremellomycetes;Filobasidiales;Filobasidiaceae;Cryptococcus;Cryptococcus_friedmannii
HQ693230	Root;Ascomycota;Eurotiomycetes;Eurotiales;Trichocomaceae;Penicillium;Penicillium_janthinellum
GU553328	Root;Ascomycota;Sordariomycetes;Xylariales;Xylariaceae;Coniolariella;Coniolariella_ershadii
FJ537092	Root;Ascomycota;Eurotiomycetes;Eurotiales;Trichocomaceae;Aspergillus;Aspergillus_flavus
GU248326	Root;Ascomycota;Dothideomycetes;Capnodiales;Mycosphaerellaceae;Cladosporium;Cladosporium_cucumerinum
GU183864	Root;Ascomycota;Sordariomycetes;Diaporthales;Valsaceae;Ophiognomonia;Ophiognomonia_clavigignenti_juglandacearum
HM536088	Root;Basidiomycota;Agaricomycetes;Gloeophyllales;Gloeophyllaceae;Gloeophyllum;Gloeophyllum_mexicanum
AB607172	Root;Basidiomycota;Agaricomycetes;Agaricales;Physalacriaceae;Ponticulomyces_orientalis;Ponticulomyces_orientalis
AY259137	Root;Ascomycota;Leotiomycetes;Helotiales;Dermateaceae;Mollisia;Mollisia_fusca
EU254963	Root;Ascomycota;Sordariomycetes;Diaporthales;Gnomoniaceae;Gnomonia;Gnomonia_aff_setacea_BPI_878212A
AM922513	Root;Ascomycota;Lecanoromycetes;Lecanorales;Cladoniaceae;Cladonia;Cladonia_foliacea
FM205734	Root;Ascomycota;Lecanoromycetes;Lecanorales;Cladoniaceae;Cladonia;Cladonia_cervicornis
FM205911	Root;Ascomycota;Lecanoromycetes;Lecanorales;Cladoniaceae;Cladonia;Cladonia_pulvinata
AJ009263	Root;Ascomycota;Sordariomycetes;Hypocreales;Nectriaceae;Cylindrocarpon;Cylindrocarpon_obtusisporum
EF444842	Root;Basidiomycota;Exobasidiomycetes;Microstromatales;Quambalariaceae;Quambalaria;Quambalaria_eucalypti
AJ537405	Root;Basidiomycota;Agaricomycetes;Polyporales;Polyporaceae;Microporus;Microporus_ochrotinctus
AJ537407	Root;Basidiomycota;Agaricomycetes;Polyporales;Polyporaceae;Perenniporia;Perenniporia_grammothele
FJ411098	Root;Basidiomycota;Agaricomycetes;Polyporales;Polyporaceae;Perenniporia;Perenniporia_ochroleuca
AJ537397	Root;Basidiomycota;Dacrymycetes;Dacrymycetales;Dacrymycetaceae;Dacryopinax;Dacryopinax_spathularia
AY513227	Root;Basidiomycota;Agaricomycetes;Russulales;Auriscalpiaceae;Lentinellus;Lentinellus_cochleatus
AY046183	Root;Ascomycota;Saccharomycetes;Saccharomycetales;Saccharomycetaceae;Kluyveromyces;Kluyveromyces_yarrowii
AY046194	Root;Ascomycota;Saccharomycetes;Saccharomycetales;Saccharomycetaceae;Zygosaccharomyces;Zygosaccharomyces_lentus
AY046196	Root;Ascomycota;Saccharomycetes;Saccharomycetales;Saccharomycetaceae;Nakaseomyces;Candida_castellii
AY046208	Root;Ascomycota;Saccharomycetes;Saccharomycetales;Saccharomycetaceae;Lachancea;Lachancea_waltii
GQ152147	Root;Ascomycota;Leotiomycetes;Helotiales;Helotiaceae;Tricladium;Tricladium_splendens
AF033434	Root;Ascomycota;Eurotiomycetes;Eurotiales;Trichocomaceae;Penicillium;Penicillium_janthinellum
FJ459977	Root;Ascomycota;Sordariomycetes;Hypocreales;Nectriaceae;Gibberella;Fusarium_lateritium
AY212987	Root;Basidiomycota;Microbotryomycetes;Leucosporidiales;Leucosporidiaceae;Leucosporidium;Leucosporidium_golubevii
AY212990	Root;Basidiomycota;Microbotryomycetes;Microbotryales;Ustilentylomataceae;Ustilentyloma;Ustilentyloma_fluitans
AY301025	Root;Basidiomycota;Tremellomycetes;Filobasidiales;Filobasidiaceae;Cryptococcus;Cryptococcus_victoriae
EF512479	Root;Ascomycota;Sordariomycetes;Diaporthales;Gnomoniaceae;Sirococcus;Sirococcus_tsugae
AJ302463	Root;Ascomycota;Sordariomycetes;Xylariales;Diatrypaceae;Eutypella;Eutypella_leprosa
HQ676140	Root;Basidiomycota;Agaricomycetes;Polyporales;Polyporaceae;Laetiporus;Laetiporus_cincinnatus
EU402560	Root;Basidiomycota;Agaricomycetes;Polyporales;Polyporaceae;Laetiporus;Laetiporus_cincinnatus
HQ676142	Root;Basidiomycota;Agaricomycetes;Polyporales;Polyporaceae;Laetiporus;Laetiporus_cincinnatus
AM269786	Root;Basidiomycota;Agaricomycetes;Polyporales;Polyporaceae;Laetiporus;Laetiporus_cincinnatus
HQ676138	Root;Basidiomycota;Agaricomycetes;Polyporales;Polyporaceae;Laetiporus;Laetiporus_cincinnatus
HQ676150	Root;Basidiomycota;Agaricomycetes;Polyporales;Polyporaceae;Laetiporus;Laetiporus_cincinnatus
HQ696883	Root;Ascomycota;Sordariomycetes;Hypocreales;Nectriaceae;Haematonectria;Fusarium_solani
HQ696891	Root;Ascomycota;Sordariomycetes;Hypocreales;Nectriaceae;Fusarium;Fusarium_oxysporum
HQ696892	Root;Ascomycota;Sordariomycetes;Hypocreales;Nectriaceae;Fusarium;Fusarium_oxysporum
AY387705	Root;Ascomycota;Sordariomycetes;Hypocreales;Nectriaceae;Fusarium;Fusarium_oxysporum
HQ650724	Root;Basidiomycota;Agaricomycetes;Agaricales;Amanitaceae;Amanita;Amanita_constricta
HQ650728	Root;Basidiomycota;Agaricomycetes;Gomphales;Gomphaceae;Clavariadelphus;Clavariadelphus_truncatus
HQ650732	Root;Basidiomycota;Agaricomycetes;Agaricales;Cortinariaceae;Inocybe;Inocybe_griseolilacina
DQ367917	Root;Basidiomycota;Agaricomycetes;Boletales;Suillaceae;Suillus;Suillus_lakei
HQ605927	Root;Ascomycota;Lecanoromycetes;Lecideales;Lecideaceae;Lecidea;Lecidea_fuscoatra
HQ605931	Root;Ascomycota;Lecanoromycetes;Lecideales;Lecideaceae;Lecidea;Lecidea_fuscoatra_var_grisella
HQ605932	Root;Ascomycota;Lecanoromycetes;Lecanorales;Lecanoraceae;Lecidella;Lecidella_patavina
HQ605935	Root;Ascomycota;Lecanoromycetes;Lecanorales;Lecanoraceae;Lecidella;Lecidella_stigmatea
HQ605936	Root;Ascomycota;Lecanoromycetes;Lecanorales;Lecanoraceae;Lecidella;Lecidella_elaeochroma
HQ605937	Root;Ascomycota;Lecanoromycetes;Lecanorales;Lecanoraceae;Lecidella;Lecidella_stigmatea
HQ605938	Root;Ascomycota;Lecanoromycetes;Lecanorales;Lecanoraceae;Lecidella;Lecidella_elaeochroma
HQ605939	Root;Ascomycota;Lecanoromycetes;Lecideales;Porpidiaceae;Porpidia;Porpidia_musiva
HQ599379	Root;Ascomycota;Eurotiomycetes;Pyrenulales;Massariaceae;Massaria;Massaria_anomia
HQ599381	Root;Ascomycota;Eurotiomycetes;Pyrenulales;Massariaceae;Massaria;Massaria_ariae
HQ599383	Root;Ascomycota;Eurotiomycetes;Pyrenulales;Massariaceae;Massaria;Massaria_aucupariae
HQ599395	Root;Ascomycota;Eurotiomycetes;Pyrenulales;Massariaceae;Massaria;Massaria_gigantispora
HQ599425	Root;Ascomycota;Eurotiomycetes;Pyrenulales;Massariaceae;Massaria;Massaria_pyri
HQ599427	Root;Ascomycota;Eurotiomycetes;Pyrenulales;Massariaceae;Massaria;Massaria_ulmi
HQ599431	Root;Ascomycota;Eurotiomycetes;Pyrenulales;Massariaceae;Massaria;Massaria_vindobonensis
AB609598	Root;Ascomycota;Sordariomycetes;Xylariales;Xylariaceae;Rosellinia;Rosellinia_bunodes
GU002301	Root;Ascomycota;Leotiomycetes;Helotiales;Sclerotiniaceae;Sclerotinia;Sclerotinia_homoeocarpa
FJ617296	Root;Basidiomycota;Agaricomycetes;Auriculariales;Auriculariaceae;Auricularia;Auricularia_polytricha
AY854978	Root;Basidiomycota;Exobasidiomycetes;Entylomatales;Entylomataceae;Entyloma;Entyloma_microsporum
U18357	Root;Ascomycota;Eurotiomycetes;Eurotiales;Trichocomaceae;Eurotium;Eurotium_rubrum
EF535707	Root;Ascomycota;Dothideomycetes;Capnodiales;Mycosphaerellaceae;Phaeoisariopsis;Phaeoisariopsis_griseola
EU218892	Root;Basidiomycota;Agaricomycetes;Cantharellales;Ceratobasidiaceae;Thanatephorus;Thanatephorus_ochraceus
JQ397057	Root;Ascomycota;Dothideomycetes;Capnodiales;Mycosphaerellaceae;Guignardia;Guignardia_citricarpa
HQ874692	Root;Ascomycota;Dothideomycetes;Capnodiales;Mycosphaerellaceae;Guignardia;Guignardia_citricarpa
HQ874697	Root;Ascomycota;Dothideomycetes;Capnodiales;Mycosphaerellaceae;Guignardia;Guignardia_citricarpa
JQ397064	Root;Ascomycota;Dothideomycetes;Capnodiales;Mycosphaerellaceae;Guignardia;Guignardia_citricarpa
JQ397065	Root;Ascomycota;Dothideomycetes;Capnodiales;Mycosphaerellaceae;Guignardia;Guignardia_citricarpa
HQ874706	Root;Ascomycota;Dothideomycetes;Capnodiales;Mycosphaerellaceae;Guignardia;Guignardia_citricarpa
HQ874715	Root;Ascomycota;Dothideomycetes;Capnodiales;Mycosphaerellaceae;Guignardia;Guignardia_citricarpa
HQ874720	Root;Ascomycota;Dothideomycetes;Capnodiales;Mycosphaerellaceae;Guignardia;Guignardia_citricarpa
HQ874727	Root;Ascomycota;Dothideomycetes;Capnodiales;Mycosphaerellaceae;Guignardia;Guignardia_citricarpa
JQ397022	Root;Ascomycota;Dothideomycetes;Capnodiales;Mycosphaerellaceae;Guignardia;Guignardia_citricarpa
HQ888732	Root;Blastocladiomycota;Blastocladiomycetes;Blastocladiales;Catenariaceae;Catenaria;Catenaria_anguillulae
HQ888736	Root;Blastocladiomycota;Blastocladiomycetes;Blastocladiales;Catenariaceae;Catenaria;Catenaria_anguillulae
DQ836183	Root;Ascomycota;Eurotiomycetes;Eurotiales;Trichocomaceae;Paecilomyces;Paecilomyces_carneus
HM534891	Root;Ascomycota;Sordariomycetes;Hypocreales;Nectriaceae;Nectria;Nectria_aquifolii
HM534892	Root;Ascomycota;Sordariomycetes;Hypocreales;Nectriaceae;Nectria;Nectria_aurantiaca
AF163025	Root;Ascomycota;Sordariomycetes;Hypocreales;Nectriaceae;Nectria;Nectria_cinnabarina
HM534896	Root;Ascomycota;Sordariomycetes;Hypocreales;Nectriaceae;Nectria;Nectria_eustromatica
EU715616	Root;Ascomycota;Sordariomycetes;Hypocreales;Nectriaceae;Nectria;Nectria_pseudotrichia
AJ567763	Root;Glomeromycota;Glomeromycetes;Glomerales;Glomeraceae;Glomus;Glomus_intraradices
HQ179669	Root;Basidiomycota;Agaricomycetes;Agaricales;Tricholomataceae;Cystoderma;Cystoderma_ponderosum
AY303604	Root;Ascomycota;Sordariomycetes;Sordariales;Chaetomiaceae;Thielavia;Thielavia_fragilis
HQ882200	Root;Basidiomycota;Agaricomycetes;Boletales;Boletaceae;Boletus;Boletus_speciosus
HQ882203	Root;Basidiomycota;Agaricomycetes;Boletales;Boletaceae;Boletus;Boletus_speciosus
HQ882205	Root;Basidiomycota;Agaricomycetes;Boletales;Boletaceae;Boletus;Boletus_speciosus
EF658742	Root;Ascomycota;Leotiomycetes;Helotiales;Helotiaceae;Rhizoscyphus;Rhizoscyphus_ericae
AB113352	Root;Ascomycota;Sordariomycetes;Hypocreales;Ophiocordycipitaceae;Ophiocordyceps;Ophiocordyceps_heteropoda
EF989119	Root;Glomeromycota;Glomeromycetes;Glomerales;Glomeraceae;Glomus;Glomus_claroideum
AY236323	Root;Glomeromycota;Glomeromycetes;Glomerales;Glomeraceae;Glomus;Glomus_etunicatum
AY236327	Root;Glomeromycota;Glomeromycetes;Glomerales;Glomeraceae;Glomus;Glomus_etunicatum
GQ388717	Root;Glomeromycota;Glomeromycetes;Glomerales;Glomeraceae;Glomus;Glomus_mosseae
AB015682	Root;Basidiomycota;Agaricomycetes;Agaricales;Amanitaceae;Amanita;Amanita_rubescens
AB509814	Root;Basidiomycota;Agaricomycetes;Boletales;Boletaceae;Boletus;Boletus_umbriniporus
HQ833460	Root;Ascomycota;Leotiomycetes;Helotiales;Sclerotiniaceae;Ciboria;Ciboria_shiraiana
AB546939	Root;Ascomycota;Leotiomycetes;Helotiales;Hyaloscyphaceae;Hyaloscypha;Hyaloscypha_albohyalina_var_albohyalina
AB546941	Root;Ascomycota;Leotiomycetes;Helotiales;Hyaloscyphaceae;Hyaloscypha;Hyaloscypha_albohyalina_var_spiralis
AB546949	Root;Ascomycota;Leotiomycetes;Helotiales;Hyaloscyphaceae;Hyphodiscus;Hyphodiscus_otanii
AY604526	Root;Ascomycota;Dothideomycetes;Dothideales;Dothideaceae;Endoconidioma;Endoconidioma_populi
EU153545	Root;Basidiomycota;Agaricomycetes;Polyporales;Polyporaceae;Trametes;Trametes_pubescens
HM578955	Root;Ascomycota;Lecanoromycetes;Lecanorales;Parmeliaceae;Xanthoparmelia;Xanthoparmelia_mexicana
HM579017	Root;Ascomycota;Lecanoromycetes;Lecanorales;Parmeliaceae;Xanthoparmelia;Xanthoparmelia_coloradoensis
AF201704	Root;Ascomycota;Sordariomycetes;Xylariales;Xylariaceae;Nemania;Nemania_aenea
EF589887	Root;Ascomycota;Sordariomycetes;Xylariales;Xylariaceae;Nemania;Nemania_aenea
FJ501577	Root;Basidiomycota;Agaricomycetes;Polyporales;Ganodermataceae;Ganoderma;Ganoderma_lucidum/Ganoderma_lucidum_fusant
AY313962	Root;Ascomycota;Saccharomycetes;Saccharomycetales;Metschnikowiaceae;Metschnikowia;Metschnikowia_similis
FJ538368	Root;Ascomycota;Dothideomycetes;Botryosphaeriales;Botryosphaeriaceae;Phyllosticta;Phyllosticta_owaniana
JF343565	Root;Ascomycota;Dothideomycetes;Botryosphaeriales;Botryosphaeriaceae;Phyllosticta;Phyllosticta_bifrenariae
JF343576	Root;Ascomycota;Dothideomycetes;Botryosphaeriales;Botryosphaeriaceae;Phyllosticta;Phyllosticta_brazilianiae
AY035663	Root;Glomeromycota;Glomeromycetes;Diversisporales;Gigasporaceae;Scutellospora;Scutellospora_pellucida
FJ468000	Root;Ascomycota;Sordariomycetes;Hypocreales;Clavicipitaceae;Beauveria;Beauveria_bassiana
AF276675	Root;Ascomycota;Pezizomycetes;Pezizales;Pezizaceae;Terfezia;Terfezia_arenaria
HQ698149	Root;Ascomycota;Pezizomycetes;Pezizales;Pezizaceae;Terfezia;Terfezia_aff_olbiensis_TLO_1
AF276679	Root;Ascomycota;Pezizomycetes;Pezizales;Pezizaceae;Terfezia;Terfezia_leptoderma
AF276677	Root;Ascomycota;Pezizomycetes;Pezizales;Pezizaceae;Terfezia;Terfezia_trappei
AY361999	Root;Ascomycota;Dothideomycetes;Pleosporales;Venturiaceae;Fusicladium;Fusicladium_caryigenum
FR716677	Root;Ascomycota;Dothideomycetes;Scleroramularia_asiminae;Scleroramularia_asiminae;Scleroramularia_asiminae;Scleroramularia_asiminae
FR716676	Root;Ascomycota;Dothideomycetes;Scleroramularia_abundans;Scleroramularia_abundans;Scleroramularia_abundans;Scleroramularia_abundans
FR716679	Root;Ascomycota;Dothideomycetes;Scleroramularia_henaniensis;Scleroramularia_henaniensis;Scleroramularia_henaniensis;Scleroramularia_henaniensis
FR716683	Root;Ascomycota;Dothideomycetes;Scleroramularia_shaanxiensis;Scleroramularia_shaanxiensis;Scleroramularia_shaanxiensis;Scleroramularia_shaanxiensis
HQ846986	Root;Basidiomycota;Agaricomycetes;Agaricales;Coprinaceae;Coprinus;Coprinus_silvaticus
JN049823	Root;Ascomycota;Sordariomycetes;Hypocreales;Ophiocordycipitaceae;Ophiocordyceps;Ophiocordyceps_irangiensis
FJ957892	Root;Ascomycota;Sordariomycetes;Hypocreales;Ophiocordycipitaceae;Hirsutella;Hirsutella_liboensis
JN943348	Root;Ascomycota;Sordariomycetes;Hypocreales;Ophiocordycipitaceae;Ophiocordyceps;Ophiocordyceps_sphecocephala
EF194153	Root;Ascomycota;Sordariomycetes;Hypocreales;Ophiocordycipitaceae;Hirsutella;Hirsutella_thompsonii
FJ614638	Root;Ascomycota;Sordariomycetes;Hypocreales;Nectriaceae;Fusarium;Fusarium_sporotrichioides
GU479307	Root;Basidiomycota;Agaricomycetes;Agaricales;Cortinariaceae;Protoglossum;Hymenogaster_niveus
GU479314	Root;Basidiomycota;Agaricomycetes;Agaricales;Cortinariaceae;Protoglossum;Hymenogaster_niveus
EU276010	Root;Basidiomycota;Microbotryomycetes;Sporidiobolales;Sporidiobolaceae;Sporidiobolus;Sporobolomyces_koalae
AM262325	Root;Basidiomycota;Tremellomycetes;Filobasidiales;Filobasidiaceae;Cryptococcus;Cryptococcus_rajasthanensis
JF498578	Root;Ascomycota;Dothideomycetes;Pleosporales;Venturiaceae;Venturia;Venturia_inaequalis
JF498579	Root;Ascomycota;Dothideomycetes;Pleosporales;Venturiaceae;Venturia;Venturia_inaequalis
JF498587	Root;Ascomycota;Dothideomycetes;Pleosporales;Venturiaceae;Venturia;Venturia_inaequalis
HQ262500	Root;Ascomycota;Eurotiomycetes;Eurotiales;Trichocomaceae;Aspergillus;Aspergillus_tubingensis
FJ746935	Root;Basidiomycota;Agaricomycetes;Cantharellales;Ceratobasidiaceae;Thanatephorus;Rhizoctonia_solani
AJ567738	Root;Glomeromycota;Glomeromycetes;Glomerales;Glomeraceae;Glomus;Glomus_intraradices
GU994546	Root;Ascomycota;Lecanoromycetes;Lecanorales;Parmeliaceae;Canoparmelia;Canoparmelia_schelpei
GU994545	Root;Ascomycota;Lecanoromycetes;Lecanorales;Parmeliaceae;Canoparmelia;Canoparmelia_nairobiensis
GU994547	Root;Ascomycota;Lecanoromycetes;Lecanorales;Parmeliaceae;Canoparmelia;Canoparmelia_texana
GU994552	Root;Ascomycota;Lecanoromycetes;Lecanorales;Parmeliaceae;Hypotrachyna;Hypotrachyna_aff_partita_Ertz_11036
GU994553	Root;Ascomycota;Lecanoromycetes;Lecanorales;Parmeliaceae;Hypotrachyna;Hypotrachyna_leiophylla
GU994555	Root;Ascomycota;Lecanoromycetes;Lecanorales;Parmeliaceae;Melanelia;Melanelia_commixta
GU994564	Root;Ascomycota;Lecanoromycetes;Lecanorales;Parmeliaceae;Melanelixia;Melanelixia_subglabra
GU994566	Root;Ascomycota;Lecanoromycetes;Lecanorales;Parmeliaceae;Melanohalea;Melanohalea_aff_olivacea_UPS_388154
DQ980019	Root;Ascomycota;Lecanoromycetes;Lecanorales;Parmeliaceae;Menegazzia;Menegazzia_terebrata
GU994571	Root;Ascomycota;Lecanoromycetes;Lecanorales;Parmeliaceae;Parmelia;Parmelia_crambidiocarpa
GU994572	Root;Ascomycota;Lecanoromycetes;Lecanorales;Parmeliaceae;Parmelia;Parmelia_cunninghamii
GU994573	Root;Ascomycota;Lecanoromycetes;Lecanorales;Parmeliaceae;Parmelia;Parmelia_subtestacea
GU994575	Root;Ascomycota;Lecanoromycetes;Lecanorales;Parmeliaceae;Parmelia;Parmelia_tenuirima
EU315003	Root;Ascomycota;Sordariomycetes;Hypocreales;Clavicipitaceae;Cordyceps;Cordyceps_bassiana
HM469392	Root;Ascomycota;Eurotiomycetes;Eurotiales;Trichocomaceae;Penicillium;Penicillium_diversum
AF033399	Root;Ascomycota;Eurotiomycetes;Eurotiales;Trichocomaceae;Penicillium;Penicillium_fellutanum
JF701708	Root;Basidiomycota;Agaricomycetes;Cantharellales;Ceratobasidiaceae;Thanatephorus;Rhizoctonia_solani
JF701710	Root;Basidiomycota;Agaricomycetes;Cantharellales;Ceratobasidiaceae;Thanatephorus;Rhizoctonia_solani
DQ408294	Root;Basidiomycota;Agaricomycetes;Cantharellales;Ceratobasidiaceae;Thanatephorus;Rhizoctonia_solani
JF701719	Root;Basidiomycota;Agaricomycetes;Cantharellales;Ceratobasidiaceae;Thanatephorus;Rhizoctonia_solani
JF701729	Root;Basidiomycota;Agaricomycetes;Cantharellales;Ceratobasidiaceae;Thanatephorus;Rhizoctonia_solani
JF701730	Root;Basidiomycota;Agaricomycetes;Cantharellales;Ceratobasidiaceae;Thanatephorus;Rhizoctonia_solani
JF701735	Root;Basidiomycota;Agaricomycetes;Cantharellales;Ceratobasidiaceae;Thanatephorus;Rhizoctonia_solani
JF701738	Root;Basidiomycota;Agaricomycetes;Cantharellales;Ceratobasidiaceae;Thanatephorus;Rhizoctonia_solani
JF701742	Root;Basidiomycota;Agaricomycetes;Cantharellales;Ceratobasidiaceae;Thanatephorus;Rhizoctonia_solani
JF701769	Root;Basidiomycota;Agaricomycetes;Cantharellales;Ceratobasidiaceae;Thanatephorus;Rhizoctonia_solani
JF701778	Root;Basidiomycota;Agaricomycetes;Cantharellales;Ceratobasidiaceae;Thanatephorus;Rhizoctonia_solani
JF701779	Root;Basidiomycota;Agaricomycetes;Cantharellales;Ceratobasidiaceae;Thanatephorus;Rhizoctonia_solani
HQ876602	Root;Basidiomycota;Agaricomycetes;Polyporales;Polyporaceae;Perenniporia;Perenniporia_minutissima
HQ876603	Root;Basidiomycota;Agaricomycetes;Polyporales;Polyporaceae;Perenniporia;Perenniporia_martius
HQ876604	Root;Basidiomycota;Agaricomycetes;Polyporales;Polyporaceae;Perenniporia;Perenniporia_latissima
AY081041	Root;Basidiomycota;Exobasidiomycetes;Entylomatales;Entylomataceae;Entyloma;Entyloma_linariae
AY260089	Root;Ascomycota;Dothideomycetes;Capnodiales;Mycosphaerellaceae;Pseudocercospora;Pseudocercospora_protearum_var_leucadendri
AY854968	Root;Basidiomycota;Exobasidiomycetes;Entylomatales;Entylomataceae;Entyloma;Entyloma_gaillardianum
JF340250	Root;Ascomycota;Sordariomycetes;Hypocreales;Ophiocordycipitaceae;Chaunopycnis;Chaunopycnis_pustulata
JF340253	Root;Ascomycota;Sordariomycetes;Chaetosphaeriales;Chaetosphaeriaceae;Chaetosphaeria;Chaetosphaeria_myriocarpa
GU062285	Root;Ascomycota;Sordariomycetes;Diaporthales;Valsaceae;Leucostoma;Leucostoma_persoonii
AF096214	Root;Ascomycota;Lecanoromycetes;Umbilicariales;Umbilicariaceae;Umbilicaria;Umbilicaria_decussata
AF096209	Root;Ascomycota;Lecanoromycetes;Umbilicariales;Umbilicariaceae;Umbilicaria;Umbilicaria_cylindrica
GU256759	Root;Ascomycota;Eurotiomycetes;Eurotiales;Trichocomaceae;Aspergillus;Aspergillus_terreus
DQ681339	Root;Ascomycota;Eurotiomycetes;Eurotiales;Trichocomaceae;Penicillium;Penicillium_raistrickii
JF415140	Root;Basidiomycota;Agaricomycetes;Agaricales;Pluteaceae;Volvariella;Volvariella_dunensis
JF415141	Root;Basidiomycota;Agaricomycetes;Agaricales;Pluteaceae;Volvariella;Volvariella_terrea
AF001028	Root;Ascomycota;Sordariomycetes;Diaporthales;Diaporthaceae;Diaporthe;Diaporthe_phaseolorum
HM577230	Root;Ascomycota;Lecanoromycetes;Lecanorales;Lecanoraceae;Rhizoplaca;Rhizoplaca_subdiscrepans
AY509793	Root;Ascomycota;Lecanoromycetes;Lecanorales;Lecanoraceae;Rhizoplaca;Rhizoplaca_chrysoleuca
HM577294	Root;Ascomycota;Lecanoromycetes;Lecanorales;Lecanoraceae;Rhizoplaca;Rhizoplaca_melanophthalma
HM049170	Root;Ascomycota;Dothideomycetes;Capnodiales;Mycosphaerellaceae;Guignardia;Guignardia_bidwellii
FJ798603	Root;Ascomycota;Dothideomycetes;Pleosporales;Montagnulaceae;Microsphaeropsis;Microsphaeropsis_arundinis
HQ589152	Root;Ascomycota;Eurotiomycetes;Eurotiales;Trichocomaceae;Penicillium;Penicillium_pinophilum
HQ655813	Root;Ascomycota;Eurotiomycetes;Eurotiales;Trichocomaceae;Penicillium;Penicillium_aculeatum
HQ655816	Root;Ascomycota;Eurotiomycetes;Eurotiales;Trichocomaceae;Penicillium;Penicillium_simplicissimum
DQ491517	Root;Ascomycota;Pezizomycetes;Pezizales;Pyronemataceae;Pyronema;Pyronema_domesticum
AY999120	Root;Ascomycota;Sordariomycetes;Sordariales;Lasiosphaeriaceae;Schizothecium;Schizothecium_aloides
JF681960	Root;Ascomycota;Sordariomycetes;Diaporthales;Valsaceae;Winterella;Winterella_aurantiaca
JF681966	Root;Ascomycota;Sordariomycetes;Diaporthales;Melanconidaceae;Prosthecium;Prosthecium_innesii
AF389127	Root;Basidiomycota;Agaricomycetes;Agaricales;Cortinariaceae;Cortinarius;Cortinarius_rotundisporus
AF389129	Root;Basidiomycota;Agaricomycetes;Agaricales;Cortinariaceae;Cortinarius;Cortinarius_amazonicus
AF389151	Root;Basidiomycota;Agaricomycetes;Agaricales;Cortinariaceae;Cortinarius;Cortinarius_teraturgus
AF389152	Root;Basidiomycota;Agaricomycetes;Agaricales;Cortinariaceae;Cortinarius;Cortinarius_badiovinaceus
AF389161	Root;Basidiomycota;Agaricomycetes;Agaricales;Cortinariaceae;Dermocybe_austronanceiensis;Dermocybe_austronanceiensis
AF389163	Root;Basidiomycota;Agaricomycetes;Agaricales;Cortinariaceae;Cortinarius;Cortinarius_firmus
JF440959	Root;Basidiomycota;Agaricomycetes;Agaricales;Tricholomataceae;Tricholoma;Tricholoma_matsutake
JF440963	Root;Basidiomycota;Agaricomycetes;Agaricales;Tricholomataceae;Tricholoma;Tricholoma_matsutake
JF495091	Root;Ascomycota;Sordariomycetes;Hypocreales;Nectriaceae;Gibberella;Fusarium_lateritium
AF072224	Root;Ascomycota;Lecanoromycetes;Lecanorales;Parmeliaceae;Ahtiana;Ahtiana_sphaerosporella
AF072237	Root;Ascomycota;Lecanoromycetes;Lecanorales;Parmeliaceae;Tuckermannopsis;Tuckermannopsis_subalpina
AB080531	Root;Ascomycota;Leotiomycetes;Erysiphales;Erysiphaceae;Phyllactinia;Phyllactinia_juglandis
HM585020	Root;Ascomycota;Sordariomycetes;Xylariales;Xylariaceae;Xylaria;Xylaria_coprinicola
GQ922570	Root;Ascomycota;Sordariomycetes;Sordariales;Chaetomiaceae;Chaetomium;Chaetomium_nigricolor
FJ791141	Root;Ascomycota;Eurotiomycetes;Eurotiales;Trichocomaceae;Penicillium;Penicillium_canescens
DQ233663	Root;Ascomycota;Dothideomycetes;Botryosphaeriales;Botryosphaeriaceae;Macrophomina;Macrophomina_phaseolina
U56030	Root;Basidiomycota;Agaricomycetes;Agaricales;Cortinariaceae;Cortinarius;Cortinarius_paragaudis
JN942828	Root;Basidiomycota;Agaricomycetes;Agaricales;Cortinariaceae;Cortinarius;Cortinarius_paragaudis
HQ845161	Root;Basidiomycota;Agaricomycetes;Agaricales;Cortinariaceae;Cortinarius;Cortinarius_vaccinochelis
HQ845170	Root;Basidiomycota;Agaricomycetes;Agaricales;Cortinariaceae;Cortinarius;Cortinarius_caput_medusae
HQ845172	Root;Basidiomycota;Agaricomycetes;Agaricales;Cortinariaceae;Cortinarius;Cortinarius_suberi
HQ845174	Root;Basidiomycota;Agaricomycetes;Agaricales;Cortinariaceae;Cortinarius;Cortinarius_veregregius
FJ627596	Root;Basidiomycota;Agaricomycetes;Russulales;Bondarzewiaceae;Heterobasidion;Heterobasidion_annosum
GU062266	Root;Basidiomycota;Agaricomycetes;Polyporales;Meruliaceae;Phlebia;Phlebia_tremellosa
FJ903377	Root;Ascomycota;Sordariomycetes;Coniochaetales;Coniochaetaceae;Lecythophora;Lecythophora_hoffmannii
AF141194	Root;Ascomycota;Leotiomycetes;Helotiales;Dermateaceae;Pezicula;Pezicula_eucrita
AB594837	Root;Basidiomycota;Agaricomycetes;Agaricales;Cortinariaceae;Inocybe;Inocybe_calospora
JF427909	Root;Ascomycota;Sordariomycetes;Hypocreales;Cordycipitaceae;Lecanicillium;Lecanicillium_fusisporum
JF261459	Root;Ascomycota;Dothideomycetes;Capnodiales;Mycosphaerellaceae;Guignardia;Guignardia_mangiferae
GU138735	Root;Ascomycota;Leotiomycetes;Rhytismatales;Rhytismataceae;Hypoderma;Hypoderma_rubi
JF683419	Root;Ascomycota;Leotiomycetes;Rhytismatales;Rhytismataceae;Hypoderma;Hypoderma_rubi
EU442276	Root;Basidiomycota;Agaricomycetes;Polyporales;Polyporaceae;Polyporus;Polyporus_umbellatus
JF692201	Root;Basidiomycota;Agaricomycetes;Russulales;Bondarzewiaceae;Amylosporus;Amylosporus_campbellii
AY325966	Root;Ascomycota;Saccharomycetes;Saccharomycetales;Saccharomycetaceae;Kluyveromyces;Kluyveromyces_hubeiensis
JF742660	Root;Basidiomycota;Agaricomycetes;Agaricales;Cortinariaceae;Cortinarius;Cortinarius_callimorphus
HQ148093	Root;Ascomycota;Sordariomycetes;Hypocreales;Nectriaceae;Fusarium;Fusarium_oxysporum
HQ148103	Root;Ascomycota;Sordariomycetes;Phyllachorales;Phyllachoraceae;Colletotrichum;Colletotrichum_trifolii
JF263466	Root;Basidiomycota;Pucciniomycetes;Pucciniales;Uropyxidaceae;Dasyspora;Dasyspora_ferrugineae
JF263484	Root;Basidiomycota;Pucciniomycetes;Pucciniales;Uropyxidaceae;Dasyspora;Dasyspora_nitidae
JF263485	Root;Basidiomycota;Pucciniomycetes;Pucciniales;Uropyxidaceae;Dasyspora;Dasyspora_nitidae
HQ222013	Root;Basidiomycota;Agaricomycetes;Agaricales;Strophariaceae;Pachylepyrium;Pachylepyrium_carbonicola
HM484551	Root;Ascomycota;Sordariomycetes;Hypocreales;Nectriaceae;Nectria;Nectria_aurigera
HM484556	Root;Ascomycota;Sordariomycetes;Hypocreales;Nectriaceae;Nectria;Nectria_antarctica
FJ810160	Root;Basidiomycota;Agaricomycetes;Agaricales;Lyophyllaceae;Lyophyllum;Lyophyllum_decastes
JF505278	Root;Ascomycota;Saccharomycetes;Saccharomycetales;Saccharomycetaceae;Saccharomyces;Saccharomyces_cerevisiae
JF737031	Root;Ascomycota;Leotiomycetes;Helotiales;Sclerotiniaceae;Stromatinia;Stromatinia_gladioli
FJ744598	Root;Ascomycota;Dothideomycetes;Dothideales;Dothioraceae;Aureobasidium;Aureobasidium_pullulans
JN998125	Root;Ascomycota;Eurotiomycetes;Coryneliales;Coryneliaceae;Corynelia;Corynelia_uberata
AY177309	Root;Ascomycota;Eurotiomycetes;Onygenales;Onygenaceae;Auxarthron;Auxarthron_umbrinum
FJ474073	Root;Ascomycota;Sordariomycetes;Hypocreales;Nectriaceae;Nectria;Cosmospora_episphaeria
AF442095	Root;Basidiomycota;Agaricomycetes;Gomphales;Gomphaceae;Ramaria;Ramaria_comitis
AF442097	Root;Basidiomycota;Agaricomycetes;Gomphales;Gomphaceae;Ramaria;Ramaria_stricta
AF506379	Root;Basidiomycota;Agaricomycetes;Russulales;Stereaceae;Boidinia;Boidinia_propinqua
AF506380	Root;Basidiomycota;Agaricomycetes;Russulales;Auriscalpiaceae;Artomyces;Artomyces_pyxidatus
AF506383	Root;Basidiomycota;Agaricomycetes;Russulales;Stereaceae;Conferticium;Conferticium_ochraceum
AF506389	Root;Basidiomycota;Agaricomycetes;Russulales;Hericiaceae;Dentipratulum;Dentipratulum_bialoviesense
AF506394	Root;Basidiomycota;Agaricomycetes;Russulales;Albatrellaceae;Albatrellus;Albatrellus_pes_caprae
AF506430	Root;Basidiomycota;Agaricomycetes;Russulales;Echinodontiaceae;Echinodontium;Echinodontium_tinctorium
AF506439	Root;Basidiomycota;Agaricomycetes;Russulales;Gloeocystidiellaceae;Gloeocystidiellum;Gloeocystidiellum_formosanum
AF506433	Root;Basidiomycota;Agaricomycetes;Russulales;Gloeocystidiellaceae;Gloeocystidiellum;Gloeocystidiellum_aculeatum
AF506441	Root;Basidiomycota;Agaricomycetes;Russulales;Stereaceae;Megalocystidium;Megalocystidium_chelidonium
AF506442	Root;Basidiomycota;Agaricomycetes;Russulales;Gloeocystidiellaceae;Gloeocystidiellum;Gloeocystidiellum_triste
AF506444	Root;Basidiomycota;Agaricomycetes;Russulales;Bondarzewiaceae;Gloeodontia;Gloeodontia_columbiensis
AF506445	Root;Basidiomycota;Agaricomycetes;Russulales;Bondarzewiaceae;Gloeodontia;Gloeodontia_discolor
AF506385	Root;Basidiomycota;Agaricomycetes;Russulales;Hericiaceae;Creolophus;Creolophus_cirrhatus
AF516540	Root;Basidiomycota;Agaricomycetes;Polyporales;Polyporaceae;Polyporus;Polyporus_tricholoma
AF516565	Root;Basidiomycota;Agaricomycetes;Polyporales;Polyporaceae;Polyporus;Polyporus_guianensis
AF516566	Root;Basidiomycota;Agaricomycetes;Polyporales;Polyporaceae;Polyporus;Polyporus_guianensis
AF516567	Root;Basidiomycota;Agaricomycetes;Polyporales;Polyporaceae;Polyporus;Polyporus_leprieurii
AF516568	Root;Basidiomycota;Agaricomycetes;Polyporales;Polyporaceae;Polyporus;Polyporus_melanopus
AF516570	Root;Basidiomycota;Agaricomycetes;Polyporales;Polyporaceae;Polyporus;Polyporus_mikawai
AF516571	Root;Basidiomycota;Agaricomycetes;Polyporales;Polyporaceae;Polyporus;Polyporus_pseudobetulinus
AF516573	Root;Basidiomycota;Agaricomycetes;Polyporales;Polyporaceae;Polyporus;Polyporus_squamosus
AF516578	Root;Basidiomycota;Agaricomycetes;Polyporales;Polyporaceae;Polyporus;Polyporus_varius
AF516581	Root;Basidiomycota;Agaricomycetes;Polyporales;Polyporaceae;Polyporus;Polyporus_virgatus
AF516582	Root;Basidiomycota;Agaricomycetes;Polyporales;Polyporaceae;Polyporus;Polyporus_virgatus
AF516583	Root;Basidiomycota;Agaricomycetes;Polyporales;Polyporaceae;Polyporus;Polyporus_radicatus
AY218420	Root;Basidiomycota;Agaricomycetes;Polyporales;Polyporaceae;Polyporus;Polyporus_tuberaster
AF516594	Root;Basidiomycota;Agaricomycetes;Polyporales;Polyporaceae;Polyporus;Polyporus_tuberaster
AF516601	Root;Basidiomycota;Agaricomycetes;Polyporales;Polyporaceae;Pseudofavolus;Pseudofavolus_cucullatus
AF518753	Root;Basidiomycota;Agaricomycetes;Polyporales;Polyporaceae;Polyporus;Polyporus_tricholoma
AF518760	Root;Basidiomycota;Agaricomycetes;Polyporales;Polyporaceae;Polyporus;Polyporus_dictyopus
AF532167	Root;Ascomycota;Lecanoromycetes;Teloschistales;Physciaceae;Diploicia;Diploicia_subcanescens
AF539717	Root;Basidiomycota;Agaricomycetes;Agaricales;Cortinariaceae;Cortinarius;Cortinarius_viridibasalis
AY669582	Root;Basidiomycota;Agaricomycetes;Agaricales;Cortinariaceae;Cortinarius;Cortinarius_sanguineus
EU660948	Root;Basidiomycota;Agaricomycetes;Agaricales;Cortinariaceae;Cortinarius;Cortinarius_iringa
AF540505	Root;Ascomycota;Lecanoromycetes;Teloschistales;Physciaceae;Buellia;Buellia_triphragmoides
AF540507	Root;Ascomycota;Lecanoromycetes;Teloschistales;Caliciaceae;Dermatiscum;Dermatiscum_thunbergii
AF540514	Root;Ascomycota;Lecanoromycetes;Teloschistales;Physciaceae;Dirinaria;Dirinaria_picta
AF224445	Root;Ascomycota;Lecanoromycetes;Teloschistales;Physciaceae;Phaeophyscia;Phaeophyscia_endophoenicea
FJ039634	Root;Basidiomycota;Agaricomycetes;Agaricales;Cortinariaceae;Cortinarius;Cortinarius_allutus
FJ903373	Root;Ascomycota;Leotiomycetes;Helotiales;Helotiaceae;Ascocoryne;Ascocoryne_cylichnium
EF512977	Root;Ascomycota;Sordariomycetes;Hypocreales;Cordycipitaceae;Torrubiella;Lecanicillium_lecanii
FJ039601	Root;Basidiomycota;Agaricomycetes;Agaricales;Cortinariaceae;Cortinarius;Cortinarius_olivaceopictus
AJ504629	Root;Glomeromycota;Glomeromycetes;Glomerales;Glomeraceae;Glomus;Glomus_intraradices
AJ504644	Root;Glomeromycota;Glomeromycetes;Glomerales;Glomeraceae;Glomus;Glomus_versiforme
EF585502	Root;Ascomycota;Dothideomycetes;Botryosphaeriales;Botryosphaeriaceae;Lasiodiplodia;Lasiodiplodia_theobromae
JF800092	Root;Ascomycota;Lecanoromycetes;Lecanorales;Ramalinaceae;Ramalina;Ramalina_fastigiata
JF800093	Root;Ascomycota;Lecanoromycetes;Lecanorales;Ramalinaceae;Ramalina;Ramalina_capitata
JF800094	Root;Ascomycota;Lecanoromycetes;Lecanorales;Parmeliaceae;Hypogymnia;Hypogymnia_physodes
JF800096	Root;Ascomycota;Lecanoromycetes;Lecanorales;Parmeliaceae;Xanthoparmelia;Xanthoparmelia_pulla
FN396122	Root;Basidiomycota;Agaricomycetes;Agaricales;Coprinaceae;Coprinus;Coprinus_coniophorus
AB054107	Root;Ascomycota;Saccharomycetes;Saccharomycetales;Pichiaceae;Pichia;Pichia_philogaea
JF894109	Root;Basidiomycota;Agaricomycetes;Polyporales;Polyporaceae;Megasporoporia;Megasporoporia_setulosa
HQ259265	Root;Ascomycota;Lecanoromycetes;Lecanorales;Hymeneliaceae;Aspicilia;Aspicilia_granulosa
HQ259268	Root;Ascomycota;Lecanoromycetes;Lecanorales;Hymeneliaceae;Aspicilia;Aspicilia_subradians
DQ897649	Root;Ascomycota;Dothideomycetes;Capnodiales;Mycosphaerellaceae;Septoria;Septoria_citricola
HQ680357	Root;Basidiomycota;Agaricomycetes;Cantharellales;Clavulinaceae;Clavulina;Clavulina_tepurumenga
EU401713	Root;Basidiomycota;Agaricomycetes;Agaricales;Cortinariaceae;Gymnopilus;Gymnopilus_purpureosquamulosus
AY280982	Root;Basidiomycota;Agaricomycetes;Agaricales;Cortinariaceae;Gymnopilus;Gymnopilus_fulvosquamulosus
AY280986	Root;Basidiomycota;Agaricomycetes;Agaricales;Cortinariaceae;Gymnopilus;Gymnopilus_imperialis
AY281003	Root;Basidiomycota;Agaricomycetes;Agaricales;Cortinariaceae;Gymnopilus;Gymnopilus_picreus
AY280988	Root;Basidiomycota;Agaricomycetes;Agaricales;Cortinariaceae;Gymnopilus;Gymnopilus_junonius
AY281017	Root;Basidiomycota;Agaricomycetes;Agaricales;Cortinariaceae;Gymnopilus;Gymnopilus_underwoodii
HQ660455	Root;Ascomycota;Dothideomycetes;Botryosphaeriales;Botryosphaeriaceae;Botryosphaeria;Botryosphaeria_dothidea
HQ660457	Root;Ascomycota;Dothideomycetes;Botryosphaeriales;Botryosphaeriaceae;Botryosphaeria;Botryosphaeria_dothidea
JQ639156	Root;Basidiomycota;Agaricomycetes;Agaricales;Tricholomataceae;Leucopaxillus;Leucopaxillus_monticola
JF923600	Root;Ascomycota;Lecanoromycetes;Lecanorales;Ramalinaceae;Ramalina;Ramalina_conduplicans
DQ001298	Root;Ascomycota;Lecanoromycetes;Lecanorales;Ramalinaceae;Ramalina;Ramalina_farinacea
DQ383647	Root;Ascomycota;Lecanoromycetes;Lecanorales;Parmeliaceae;Usnea;Usnea_longissima
JF923608	Root;Ascomycota;Lecanoromycetes;Lecanorales;Ramalinaceae;Ramalina;Ramalina_calicaris
DQ383645	Root;Ascomycota;Lecanoromycetes;Lecanorales;Ramalinaceae;Ramalina;Ramalina_intermedia
DQ383646	Root;Ascomycota;Lecanoromycetes;Lecanorales;Ramalinaceae;Ramalina;Ramalina_sinensis
JF923612	Root;Ascomycota;Lecanoromycetes;Lecanorales;Ramalinaceae;Ramalina;Ramalina_yasudae
FJ501572	Root;Basidiomycota;Agaricomycetes;Agaricales;Flammulina_velutipes/Pleurotus_ostreatus_fusant;Flammulina_velutipes/Pleurotus_ostreatus_fusant;Flammulina_velutipes/Pleurotus_ostreatus_fusant
AF332110	Root;Ascomycota;Lecanoromycetes;Lecanorales;Hymeneliaceae;Aspicilia;Aspicilia_cinerea
HQ650596	Root;Ascomycota;Lecanoromycetes;Lecanorales;Lecanoraceae;Lecidella;Lecidella_euphorea
HQ650601	Root;Ascomycota;Lecanoromycetes;Ostropales;Stictidaceae;Stictis;Stictis_urceolatum
HQ650602	Root;Ascomycota;Lecanoromycetes;Lecanorales;Lecanoraceae;Candelariella;Candelariella_terrigena
HQ650607	Root;Ascomycota;Lecanoromycetes;Lecanorales;Ramalinaceae;Tephromela;Tephromela_atra
HQ650617	Root;Ascomycota;Lecanoromycetes;Lecanorales;Parmeliaceae;Usnea;Usnea_sphacelata
HQ650621	Root;Ascomycota;Lecanoromycetes;Lecanorales;Ramalinaceae;Niebla;Niebla_cephalota
HQ650626	Root;Ascomycota;Lecanoromycetes;Peltigerales;Placynthiaceae;Polychidium;Polychidium_muscicola
AF224353	Root;Ascomycota;Lecanoromycetes;Teloschistales;Physciaceae;Amandinea;Amandinea_punctata
HQ650628	Root;Ascomycota;Lecanoromycetes;Teloschistales;Physciaceae;Buellia;Buellia_frigida
HQ650629	Root;Ascomycota;Lecanoromycetes;Lecideales;Lecideaceae;Lecidea;Lecidea_silacea
HQ650631	Root;Ascomycota;Lecanoromycetes;Lecideales;Porpidiaceae;Porpidia;Porpidia_speirea
HQ650635	Root;Ascomycota;Lecanoromycetes;Baeomycetales;Baeomycetaceae;Phyllobaeis;Phyllobaeis_imbricata
HQ650636	Root;Ascomycota;Lecanoromycetes;Lecanorales;Hymeneliaceae;Aspicilia;Aspicilia_caesiocinerea
HQ650637	Root;Ascomycota;Lecanoromycetes;Lecanorales;Hymeneliaceae;Aspicilia;Aspicilia_cinerea
HQ650638	Root;Ascomycota;Lecanoromycetes;Lecanorales;Lecanoraceae;Circinaria;Circinaria_contorta
HQ650687	Root;Ascomycota;Lecanoromycetes;Lecanorales;Parmeliaceae;Usnea;Usnea_strigosa
HQ650692	Root;Ascomycota;Lecanoromycetes;Peltigerales;Coccocarpiaceae;Coccocarpia;Coccocarpia_domingensis
HQ650699	Root;Ascomycota;Lecanoromycetes;Peltigerales;Placynthiaceae;Placynthium;Placynthium_nigrum
HQ650705	Root;Ascomycota;Lecanoromycetes;Teloschistales;Physciaceae;Pyxine;Pyxine_subcinerea
HQ650708	Root;Ascomycota;Lecanoromycetes;Rhizocarpales;Rhizocarpaceae;Rhizocarpon;Rhizocarpon_disporum
HQ650721	Root;Ascomycota;Lecanoromycetes;Acarosporales;Acarosporaceae;Acarospora;Acarospora_schleicheri
EF413597	Root;Ascomycota;Leotiomycetes;Helotiales;Dermateaceae;Cryptosporiopsis;Cryptosporiopsis_radicicola
GU222301	Root;Basidiomycota;Agaricomycetes;Boletales;Boletaceae;Chamonixia;Chamonixia_pachydermis
HQ647144	Root;Basidiomycota;Agaricomycetes;Boletales;Boletaceae;Octaviania;Octaviania_tasmanica
AY491995	Root;Ascomycota;Sordariomycetes;Hypocreales;Clavicipitaceae;Cordyceps;Cordyceps_pruinosa
AB027379	Root;Ascomycota;Sordariomycetes;Hypocreales;Clavicipitaceae;Cordyceps;Cordyceps_militaris
HQ667592	Root;Basidiomycota;Agaricomycetes;Agaricales;Tulostomataceae;Tulostoma;Tulostoma_xerophilum
HQ667593	Root;Basidiomycota;Agaricomycetes;Agaricales;Tulostomataceae;Tulostoma;Tulostoma_domingueziae
HQ667594	Root;Basidiomycota;Agaricomycetes;Agaricales;Tulostomataceae;Tulostoma;Tulostoma_domingueziae
JF499840	Root;Ascomycota;Dothideomycetes;Capnodiales;Teratosphaeriaceae;Devriesia;Devriesia_tardicrescens
JF499842	Root;Ascomycota;Dothideomycetes;Capnodiales;Teratosphaeriaceae;Penidiella;Penidiella_aggregata
EU707881	Root;Ascomycota;Dothideomycetes;Capnodiales;Teratosphaeriaceae;Teratosphaeria;Teratosphaeria_persoonii
JF499851	Root;Ascomycota;Dothideomycetes;Capnodiales;Teratosphaeriaceae;Teratosphaeriaceae;Teratosphaeriaceae
FJ654695	Root;Ascomycota;Sordariomycetes;Hypocreales;Nectriaceae;Fusarium;Fusarium_oxysporum
AF362053	Root;Ascomycota;Dothideomycetes;Capnodiales;Mycosphaerellaceae;Passalora;Passalora_ampelopsidis
JF951136	Root;Ascomycota;Dothideomycetes;Pleosporales;Funbolia_dimorpha;Funbolia_dimorpha;Funbolia_dimorpha
JF951140	Root;Ascomycota;Sordariomycetes;Diaporthales;Diaporthaceae;Diaporthe;Diaporthe_acaciigena
JF951143	Root;Ascomycota;Dothideomycetes;Capnodiales;Mycosphaerellaceae;Mycosphaerella;Mycosphaerella_wachendorfiae
AF309617	Root;Ascomycota;Dothideomycetes;Capnodiales;Mycosphaerellaceae;Passalora;Passalora_eucalypti
JF951148	Root;Ascomycota;Dothideomycetes;Capnodiales;Teratosphaeriaceae;Devriesia;Devriesia_queenslandica
GU256765	Root;Ascomycota;Saccharomycetes;Saccharomycetales;Pichiaceae;Pichia;Pichia_farinosa
FJ441621	Root;Ascomycota;Dothideomycetes;Botryosphaeriales;Botryosphaeriaceae;Pseudofusicoccum;Pseudofusicoccum_stromaticum
AB245073	Root;Ascomycota;Sordariomycetes;Diaporthales;Diaporthaceae;Diaporthe;Diaporthe_medusaea
FJ169667	Root;Ascomycota;Leotiomycetes;Helotiales;Sclerotiniaceae;Botryotinia;Botryotinia_fuckeliana
AY347374	Root;Ascomycota;Sordariomycetes;Diaporthales;Valsaceae;Cytospora;Cytospora_disciformis
AY347351	Root;Ascomycota;Sordariomycetes;Diaporthales;Valsaceae;Cytospora;Cytospora_berkeleyi
AB054038	Root;Ascomycota;Saccharomycetes;Saccharomycetales;Saccharomycodaceae;Hanseniaspora;Hanseniaspora_uvarum
JF950565	Root;Basidiomycota;Agaricomycetes;Polyporales;Fomitopsidaceae;Postia;Postia_folliculocystidiata
JF950566	Root;Basidiomycota;Agaricomycetes;Polyporales;Fomitopsidaceae;Postia;Postia_lateritia
JF950573	Root;Basidiomycota;Agaricomycetes;Polyporales;Fomitopsidaceae;Postia;Postia_fragilis
JF950576	Root;Basidiomycota;Agaricomycetes;Polyporales;Polyporaceae;Oligoporus;Postia_ptychogaster
GU222293	Root;Basidiomycota;Agaricomycetes;Boletales;Boletaceae;Octaviania;Octaviania_tasmanica
HQ586852	Root;Basidiomycota;Agaricomycetes;Agaricales;Cortinariaceae;Inocybe;Inocybe_calospora
HQ586861	Root;Basidiomycota;Agaricomycetes;Agaricales;Cortinariaceae;Inocybe;Inocybe_aff_xanthomelas_PAM07062202
FJ755800	Root;Basidiomycota;Agaricomycetes;Agaricales;Cortinariaceae;Inocybe;Inocybe_obtusiuscula
HQ586870	Root;Basidiomycota;Agaricomycetes;Agaricales;Cortinariaceae;Inocybe;Inocybe_mixtilis
HQ586874	Root;Basidiomycota;Agaricomycetes;Agaricales;Cortinariaceae;Inocybe;Inocybe_aff_straminipes_AWW269
GQ981489	Root;Basidiomycota;Agaricomycetes;Boletales;Boletaceae;Afroboletus;Afroboletus_luteolus
AJ006682	Root;Basidiomycota;Agaricomycetes;Polyporales;Steccherinaceae;Cinereomyces;Diplomitoporus_lindbladii
JN198397	Root;Ascomycota;Dothideomycetes;Botryosphaeriales;Botryosphaeriaceae;Phyllosticta;Phyllosticta_cryptomeriae
JN198423	Root;Ascomycota;Eurotiomycetes;Eurotiales;Trichocomaceae;Penicillium;Penicillium_miczynskii
JN198424	Root;Ascomycota;Eurotiomycetes;Eurotiales;Trichocomaceae;Penicillium;Penicillium_daleae
AB462323	Root;Basidiomycota;Agaricomycetes;Polyporales;Polyporaceae;Perenniporia;Perenniporia_tephropora
GQ922543	Root;Ascomycota;Sordariomycetes;Sordariales;Sordariaceae;Gelasinospora;Gelasinospora_tetrasperma
HQ897807	Root;Ascomycota;Sordariomycetes;Hypocreales;Nectriaceae;Pseudonectria;Pseudonectria_pachysandricola
L36657	Root;Ascomycota;Sordariomycetes;Hypocreales;Nectriaceae;Nectria;Nectria_ventricosa
HQ897817	Root;Ascomycota;Sordariomycetes;Hypocreales;Nectriaceae;Microcera;Microcera_diploa
EF121863	Root;Ascomycota;Sordariomycetes;Hypocreales;Nectriaceae;Cosmospora;Cosmospora_gigas
JN194152	Root;Glomeromycota;Glomeromycetes;Glomerales;Glomeraceae;Rhizophagus;Rhizophagus_intraradices
JN194153	Root;Glomeromycota;Glomeromycetes;Glomerales;Glomeraceae;Rhizophagus;Rhizophagus_intraradices
JN194154	Root;Glomeromycota;Glomeromycetes;Glomerales;Glomeraceae;Funneliformis;Funneliformis_mosseae
JN194155	Root;Glomeromycota;Glomeromycetes;Glomerales;Glomeraceae;Glomus;Glomus_etunicatum
JN194156	Root;Glomeromycota;Glomeromycetes;Glomerales;Glomeraceae;Glomus;Glomus_etunicatum
JN194161	Root;Glomeromycota;Glomeromycetes;Glomerales;Claroideoglomeraceae;Claroideoglomus;Claroideoglomus_claroideum
JN194169	Root;Glomeromycota;Glomeromycetes;Diversisporales;Gigasporaceae;Gigaspora;Gigaspora_gigantea
JN194176	Root;Glomeromycota;Glomeromycetes;Diversisporales;Gigasporaceae;Scutellospora;Scutellospora_calospora
JN194180	Root;Glomeromycota;Glomeromycetes;Diversisporales;Gigasporaceae;Gigaspora;Gigaspora_rosea
JN194181	Root;Glomeromycota;Glomeromycetes;Glomerales;Glomeraceae;Glomus;Glomus_luteum
EF104236	Root;Ascomycota;Dothideomycetes;Capnodiales;Mycosphaerellaceae;Davidiella;Davidiella_tassiana
JF770455	Root;Ascomycota;Dothideomycetes;Capnodiales;Mycosphaerellaceae;Sphaerulina;Sphaerulina_myriadea
JF770458	Root;Ascomycota;Dothideomycetes;Capnodiales;Teratosphaeriaceae;Teratosphaeria;Teratosphaeria_agapanthi
HQ725079	Root;Ascomycota;Lecanoromycetes;Lecanorales;Parmeliaceae;Hypogymnia;Hypogymnia_fujisanensis
HQ725080	Root;Ascomycota;Lecanoromycetes;Lecanorales;Parmeliaceae;Hypogymnia;Hypogymnia_macrospora
HQ725082	Root;Ascomycota;Lecanoromycetes;Lecanorales;Parmeliaceae;Hypogymnia;Hypogymnia_macrospora
EU448274	Root;Ascomycota;Eurotiomycetes;Eurotiales;Trichocomaceae;Emericella;Emericella_foeniculicola
AJ390436	Root;Ascomycota;Sordariomycetes;Xylariales;Xylariaceae;Nemania;Nemania_serpens
AY292453	Root;Basidiomycota;Pucciniomycetes;Platygloeales;Platygloeaceae;Helicobasidium;Helicobasidium_longisporum_II
AY194533	Root;Basidiomycota;Agaricomycetes;Agaricales;Strophariaceae;Weraroa;Weraroa_cucullata
AY373909	Root;Ascomycota;Eurotiomycetes;Eurotiales;Trichocomaceae;Penicillium;Penicillium_decumbens
HQ909091	Root;Ascomycota;Saccharomycetes;Saccharomycetales;Saccharomycodaceae;Hanseniaspora;Hanseniaspora_uvarum
JF504648	Root;Basidiomycota;Agaricomycetes;Agaricales;Tricholomataceae;Tricholoma;Tricholoma_matsutake
AY035654	Root;Glomeromycota;Glomeromycetes;Glomerales;Glomeraceae;Glomus;Glomus_clarum
HQ918168	Root;Ascomycota;Leotiomycetes;Erysiphales;Erysiphaceae;Podosphaera;Podosphaera
JN086277	Root;Ascomycota;Lecanoromycetes;Lecanorales;Parmeliaceae;Usnea;Usnea_articulata
JN086278	Root;Ascomycota;Lecanoromycetes;Lecanorales;Parmeliaceae;Usnea;Usnea_articulata
JN086279	Root;Ascomycota;Lecanoromycetes;Lecanorales;Parmeliaceae;Usnea;Usnea_articulata
JN086280	Root;Ascomycota;Lecanoromycetes;Lecanorales;Parmeliaceae;Usnea;Usnea_articulata
JN086282	Root;Ascomycota;Lecanoromycetes;Lecanorales;Parmeliaceae;Usnea;Usnea_cornuta
JN086283	Root;Ascomycota;Lecanoromycetes;Lecanorales;Parmeliaceae;Usnea;Usnea_dasaea
JN086319	Root;Ascomycota;Lecanoromycetes;Lecanorales;Parmeliaceae;Usnea;Usnea_mutabilis
JN086325	Root;Ascomycota;Lecanoromycetes;Lecanorales;Parmeliaceae;Usnea;Usnea_subcornuta
GU004260	Root;Ascomycota;Dothideomycetes;Dothideales;Dothioraceae;Aureobasidium;Aureobasidium_pullulans
HQ693875	Root;Basidiomycota;Agaricomycetes;Boletales;Boletaceae;Rossbeevera_eucyanea;Rossbeevera_eucyanea
HQ693878	Root;Basidiomycota;Agaricomycetes;Boletales;Boletaceae;Rossbeevera_griseovelutina;Rossbeevera_griseovelutina
JN053487	Root;Basidiomycota;Pucciniomycetes;Platygloeales;Platygloeaceae;Biatoropsis;Biatoropsis_usnearum
JN053509	Root;Basidiomycota;Tremellomycetes;Tremellales;Syzygosporaceae;Syzygospora;Syzygospora_alba
JN229413	Root;Ascomycota;Saccharomycetes;Saccharomycetales;Metschnikowiaceae;Metschnikowia;Metschnikowia_pulcherrima
JF519844	Root;Basidiomycota;Agaricomycetes;Cantharellales;Ceratobasidiaceae;Thanatephorus;Rhizoctonia_solani_AG_6
JF263541	Root;Ascomycota;Sordariomycetes;Xylariales;Xylariaceae;Rosellinia;Rosellinia_bunodes
HQ999975	Root;Ascomycota;Saccharomycetes;Saccharomycetales;Saccharomycetaceae;Kazachstania;Kazachstania_wufongensis
HQ020412	Root;Basidiomycota;Agaricomycetes;Agaricales;Gigaspermaceae;Gigasperma;Gigasperma_americanum
JF268773	Root;Ascomycota;Leotiomycetes;Rhytismatales;Rhytismataceae;Tryblidiopsis;Tryblidiopsis_pinastri
HQ443207	Root;Ascomycota;Sordariomycetes;Hypocreales;Nectriaceae;Fusarium;Fusarium_redolens
EU551208	Root;Ascomycota;Dothideomycetes;Pleosporales;Sporormiaceae;Preussia;Preussia_africana
JN225906	Root;Ascomycota;Sordariomycetes;Xylariales;Xylariaceae;Annulohypoxylon;Annulohypoxylon_bovei
EF413599	Root;Ascomycota;Leotiomycetes;Helotiales;Dermateaceae;Cryptosporiopsis;Cryptosporiopsis_radicicola
JN225945	Root;Ascomycota;Leotiomycetes;Helotiales;Sclerotiniaceae;Torrendiella;Torrendiella_dingleyae
JN225947	Root;Ascomycota;Leotiomycetes;Helotiales;Sclerotiniaceae;Torrendiella;Torrendiella_cannibalensis
HQ414538	Root;Basidiomycota;Agaricomycetes;Phallales;Phallaceae;Dictyophora;Dictyophora_indusiata_f_lutea
JN182892	Root;Ascomycota;Sordariomycetes;Xylariales;Xylariaceae;Xylaria;Xylaria_venosula
JF310737	Root;Ascomycota;Sordariomycetes;Hypocreales;Clavicipitaceae;Cordyceps;Cordyceps_confragosa
JF311952	Root;Ascomycota;Sordariomycetes;Hypocreales;Bionectriaceae;Clonostachys;Clonostachys_phyllophila
HQ654894	Root;Ascomycota;Sordariomycetes;Diaporthales;Valsaceae;Valsa;Valsa_kunzei
JF332165	Root;Ascomycota;Leotiomycetes;Rhytismatales;Rhytismataceae;Lophodermium;Lophodermium_pini_mugonis
HQ325003	Root;Basidiomycota;Agaricomycetes;Boletales;Boletaceae;Boletellus;Boletellus_projectellus
HQ325004	Root;Basidiomycota;Agaricomycetes;Boletales;Boletaceae;Chalciporus;Chalciporus_aff_rubinellus_Garcia_18025
JN217235	Root;Ascomycota;Eurotiomycetes;Eurotiales;Trichocomaceae;Aspergillus;Aspergillus_tubingensis
JF430078	Root;Basidiomycota;Agaricomycetes;Polyporales;Meruliaceae;Mycoleptodonoides;Mycoleptodonoides_aitchisonii
HQ905456	Root;Ascomycota;Sordariomycetes;Hypocreales;Nectriaceae;Fusarium;Fusarium_chlamydosporum
HQ905479	Root;Ascomycota;Eurotiomycetes;Eurotiales;Trichocomaceae;Penicillium;Penicillium_polonicum
U72259	Root;Ascomycota;Leotiomycetes;Helotiales;Helotiaceae;Gremmeniella;Ascocalyx_abietina
Z81447	Root;Ascomycota;Leotiomycetes;Helotiales;Sclerotiniaceae;Valdensinia;Valdensinia_heterodoxa
EF569591	Root;Basidiomycota;Tremellomycetes;Filobasidiales;Filobasidiaceae;Cryptococcus;Cryptococcus_aureus
EU700364	Root;Ascomycota;Dothideomycetes;Pleosporales;Venturiaceae;Phaeocryptopus;Phaeocryptopus_gaeumannii
DQ322217	Root;Ascomycota;Eurotiomycetes;Eurotiales;Trichocomaceae;Byssochlamys;Byssochlamys_nivea
GU361942	Root;Ascomycota;Sordariomycetes;Hypocreales;Nectriaceae;Cosmospora;Cosmospora_vilior
JF439094	Root;Glomeromycota;Glomeromycetes;Glomerales;Glomeraceae;Glomus;Glomus_tortuosum
AM980843	Root;Glomeromycota;Glomeromycetes;Glomerales;Glomeraceae;Glomus;Glomus_intraradices
AJ968411	Root;Glomeromycota;Glomeromycetes;Glomerales;Glomeraceae;Glomus;Glomus_intraradices
AM713415	Root;Glomeromycota;Glomeromycetes;Glomerales;Glomeraceae;Glomus;Glomus_eburneum
JF439159	Root;Glomeromycota;Glomeromycetes;Glomerales;Glomeraceae;Glomus;Glomus_aggregatum
JF439138	Root;Glomeromycota;Glomeromycetes;Glomerales;Glomeraceae;Glomus;Glomus_aggregatum
JF439190	Root;Glomeromycota;Glomeromycetes;Glomerales;Glomeraceae;Glomus;Glomus_aggregatum
JF439171	Root;Glomeromycota;Glomeromycetes;Glomerales;Glomeraceae;Rhizophagus;Rhizophagus_intraradices
JF439173	Root;Glomeromycota;Glomeromycetes;Glomerales;Glomeraceae;Rhizophagus;Rhizophagus_intraradices
JF439196	Root;Glomeromycota;Glomeromycetes;Glomerales;Glomeraceae;Rhizophagus;Rhizophagus_intraradices
JF439212	Root;Glomeromycota;Glomeromycetes;Glomerales;Glomeraceae;Rhizophagus;Rhizophagus_intraradices
AY903605	Root;Ascomycota;Sordariomycetes;Hypocreales;Clavicipitaceae;Pochonia;Pochonia_chlamydosporia
JN222968	Root;Ascomycota;Sordariomycetes;Phyllachorales;Phyllachoraceae;Colletotrichum;Colletotrichum_boninense
AF357027	Root;Basidiomycota;Agaricomycetes;Agaricales;Lyophyllaceae;Calocybe;Calocybe_gambosa
AF357029	Root;Basidiomycota;Agaricomycetes;Agaricales;Lyophyllaceae;Calocybe;Calocybe_ionides
AF325667	Root;Basidiomycota;Agaricomycetes;Agaricales;Tricholomataceae;Callistosporium;Callistosporium_xanthophyllum
DQ131632	Root;Basidiomycota;Agaricomycetes;Boletales;Boletaceae;Boletus;Xerocomus_subtomentosus
JF907804	Root;Basidiomycota;Agaricomycetes;Agaricales;Tricholomataceae;Clitocybe;Clitocybe_dealbata
JF907810	Root;Basidiomycota;Agaricomycetes;Agaricales;Tricholomataceae;Clitocybe;Clitocybe_bresadoliana
JF907812	Root;Basidiomycota;Agaricomycetes;Agaricales;Tricholomataceae;Clitocybe;Clitocybe_rhizophora
FJ596772	Root;Basidiomycota;Agaricomycetes;Agaricales;Tricholomataceae;Clitocybe;Clitocybe_truncicola
JF907816	Root;Basidiomycota;Agaricomycetes;Agaricales;Tricholomataceae;Clitocybe;Clitocybe_alexandri
AY669689	Root;Basidiomycota;Agaricomycetes;Agaricales;Cortinariaceae;Cortinarius;Cortinarius_turgidus
AF389157	Root;Basidiomycota;Agaricomycetes;Agaricales;Cortinariaceae;Cortinarius;Cortinarius_duracinus
AF389154	Root;Basidiomycota;Agaricomycetes;Agaricales;Cortinariaceae;Cortinarius;Cortinarius_bulliardii
U56024	Root;Basidiomycota;Agaricomycetes;Agaricales;Cortinariaceae;Cortinarius;Cortinarius_caninus
JF907876	Root;Basidiomycota;Agaricomycetes;Agaricales;Cortinariaceae;Cortinarius;Cortinarius_scaurus
JF907967	Root;Basidiomycota;Agaricomycetes;Cantharellales;Cantharellaceae;Craterellus;Craterellus_cornucopioides
AF335449	Root;Basidiomycota;Agaricomycetes;Agaricales;Entolomataceae;Entoloma;Entoloma_nitidum
JF907995	Root;Basidiomycota;Agaricomycetes;Agaricales;Entolomataceae;Entoloma;Entoloma_chalybaeum
JF908002	Root;Basidiomycota;Agaricomycetes;Agaricales;Entolomataceae;Entoloma;Entoloma_plebejum
JF908007	Root;Basidiomycota;Agaricomycetes;Agaricales;Entolomataceae;Entoloma;Entoloma_undatum
JF908004	Root;Basidiomycota;Agaricomycetes;Agaricales;Entolomataceae;Entoloma;Entoloma_strigosissimum
EU784199	Root;Basidiomycota;Agaricomycetes;Agaricales;Entolomataceae;Entoloma;Entoloma_ameides
JF908006	Root;Basidiomycota;Agaricomycetes;Agaricales;Entolomataceae;Entoloma;Entoloma_sericeoides
JF908008	Root;Basidiomycota;Agaricomycetes;Agaricales;Entolomataceae;Entoloma;Entoloma_dichroum
JF908018	Root;Ascomycota;Pezizomycetes;Pezizales;Pyronemataceae;Genea;Genea_fragrans
JF908022	Root;Ascomycota;Pezizomycetes;Pezizales;Pyronemataceae;Geopora;Geopora_nicaeensis
JF908024	Root;Ascomycota;Pezizomycetes;Pezizales;Pyronemataceae;Geopora;Geopora_sumneriana
JF908084	Root;Ascomycota;Sordariomycetes;Xylariales;Xylariaceae;Hypoxylon;Hypoxylon_rutilum
JF908092	Root;Basidiomycota;Agaricomycetes;Agaricales;Cortinariaceae;Inocybe;Inocybe_dunensis
JF908096	Root;Basidiomycota;Agaricomycetes;Agaricales;Cortinariaceae;Inocybe;Inocybe_salicis_herbaceae
JF908097	Root;Basidiomycota;Agaricomycetes;Agaricales;Cortinariaceae;Inocybe;Inocybe_albovelutipes
JF908098	Root;Basidiomycota;Agaricomycetes;Agaricales;Cortinariaceae;Inocybe;Inocybe_canescens
JF908099	Root;Basidiomycota;Agaricomycetes;Agaricales;Cortinariaceae;Inocybe;Inocybe_godfrinioides
JF908106	Root;Basidiomycota;Agaricomycetes;Agaricales;Cortinariaceae;Inocybe;Inocybe_juniperina
JF908110	Root;Basidiomycota;Agaricomycetes;Agaricales;Cortinariaceae;Inocybe;Inocybe_arenicola
JF908113	Root;Basidiomycota;Agaricomycetes;Agaricales;Cortinariaceae;Inocybe;Inocybe_pseudohiulca
JF908117	Root;Basidiomycota;Agaricomycetes;Agaricales;Cortinariaceae;Inocybe;Inocybe_geraniodora
JF908118	Root;Basidiomycota;Agaricomycetes;Agaricales;Cortinariaceae;Inocybe;Inocybe_rimosa
JF908126	Root;Basidiomycota;Agaricomycetes;Agaricales;Cortinariaceae;Inocybe;Inocybe_piceae
JF908135	Root;Basidiomycota;Agaricomycetes;Agaricales;Cortinariaceae;Inocybe;Inocybe_paludinella
JF908144	Root;Basidiomycota;Agaricomycetes;Agaricales;Cortinariaceae;Inocybe;Inocybe_psammophila
JF908164	Root;Basidiomycota;Agaricomycetes;Agaricales;Cortinariaceae;Inocybe;Inocybe_griseolilacina
JF908165	Root;Basidiomycota;Agaricomycetes;Agaricales;Cortinariaceae;Inocybe;Inocybe_splendens
JF908240	Root;Basidiomycota;Agaricomycetes;Agaricales;Cortinariaceae;Inocybe;Inocybe_brunneotomentosa
JF908248	Root;Basidiomycota;Agaricomycetes;Agaricales;Cortinariaceae;Inocybe;Inocybe_rufula
JF908252	Root;Basidiomycota;Agaricomycetes;Agaricales;Cortinariaceae;Inocybe;Inocybe_pelargonium
AF454590	Root;Basidiomycota;Agaricomycetes;Boletales;Boletaceae;Leccinum;Leccinum_crocipodium
JF908326	Root;Basidiomycota;Agaricomycetes;Agaricales;Tricholomataceae;Leucopaxillus;Leucopaxillus_nauseosodulcis
JF908329	Root;Basidiomycota;Agaricomycetes;Agaricales;Lyophyllaceae;Lyophyllum;Lyophyllum_ochraceum
JF908362	Root;Basidiomycota;Agaricomycetes;Agaricales;Tricholomataceae;Melanoleuca;Melanoleuca_phaeopodia
JF908486	Root;Basidiomycota;Agaricomycetes;Agaricales;Mycenaceae;Mycena;Mycena_cicognanii
JF908374	Root;Basidiomycota;Agaricomycetes;Agaricales;Mycenaceae;Mycena;Mycena_belliae
JF908438	Root;Basidiomycota;Agaricomycetes;Agaricales;Mycenaceae;Mycena;Mycena_speirea
GU062319	Root;Basidiomycota;Agaricomycetes;Agaricales;Mycenaceae;Mycena;Mycena_galericulata
JF908428	Root;Basidiomycota;Agaricomycetes;Agaricales;Mycenaceae;Mycena;Mycena_meliigena
JF908427	Root;Basidiomycota;Agaricomycetes;Agaricales;Mycenaceae;Mycena;Mycena_calceata
JF908432	Root;Basidiomycota;Agaricomycetes;Agaricales;Mycenaceae;Mycena;Mycena_aetites
JF908435	Root;Basidiomycota;Agaricomycetes;Agaricales;Mycenaceae;Mycena;Mycena_vulgaris
JF908441	Root;Basidiomycota;Agaricomycetes;Agaricales;Mycenaceae;Mycena;Mycena_galericulata
JF908443	Root;Basidiomycota;Agaricomycetes;Agaricales;Mycenaceae;Mycena;Mycena_capillaris
JF908447	Root;Basidiomycota;Agaricomycetes;Agaricales;Mycenaceae;Mycena;Mycena_urania
EU517505	Root;Basidiomycota;Agaricomycetes;Agaricales;Mycenaceae;Mycena;Mycena_pura
JF908452	Root;Basidiomycota;Agaricomycetes;Agaricales;Mycenaceae;Mycena;Mycena_silvae_nigrae
JF908456	Root;Basidiomycota;Agaricomycetes;Agaricales;Mycenaceae;Mycena;Mycena_polyadelpha
JF908485	Root;Basidiomycota;Agaricomycetes;Agaricales;Mycenaceae;Mycena;Mycena_latifolia
JF908491	Root;Basidiomycota;Agaricomycetes;Agaricales;Mycenaceae;Mycena;Mycena_pachyderma
JF908497	Root;Basidiomycota;Agaricomycetes;Agaricales;Tricholomataceae;Mycenella;Mycenella_salicina
JF908541	Root;Ascomycota;Pezizomycetes;Pezizales;Pezizaceae;Peziza;Peziza_saccardoana
JF908543	Root;Ascomycota;Pezizomycetes;Pezizales;Pezizaceae;Peziza;Peziza_kallioi
JF908544	Root;Ascomycota;Pezizomycetes;Pezizales;Pezizaceae;Peziza;Peziza_badia
JF908545	Root;Ascomycota;Pezizomycetes;Pezizales;Pezizaceae;Peziza;Peziza_lividula
JF908548	Root;Ascomycota;Pezizomycetes;Pezizales;Pezizaceae;Peziza;Peziza_limnaea
JF908555	Root;Ascomycota;Pezizomycetes;Pezizales;Pezizaceae;Peziza;Peziza_bovina
JF908576	Root;Basidiomycota;Agaricomycetes;Agaricales;Strophariaceae;Pholiota;Pholiota_flavida
JF908579	Root;Basidiomycota;Agaricomycetes;Agaricales;Strophariaceae;Pholiota;Pholiota_squarrosa
JF908575	Root;Basidiomycota;Agaricomycetes;Agaricales;Strophariaceae;Pholiota;Pholiota_conissans
FJ596859	Root;Basidiomycota;Agaricomycetes;Agaricales;Strophariaceae;Pholiota;Pholiota_squarrosoides
HM562135	Root;Basidiomycota;Agaricomycetes;Agaricales;Pluteaceae;Pluteus;Pluteus_cervinus
HM562069	Root;Basidiomycota;Agaricomycetes;Agaricales;Pluteaceae;Pluteus;Pluteus_granularis
JF908626	Root;Basidiomycota;Agaricomycetes;Agaricales;Pluteaceae;Pluteus;Pluteus_insidiosus
JF908722	Root;Ascomycota;Pezizomycetes;Pezizales;Pyronemataceae;Scutellinia;Scutellinia_ampullacea
JF908719	Root;Ascomycota;Pezizomycetes;Pezizales;Pyronemataceae;Ramsbottomia;Ramsbottomia_asperior
JF908720	Root;Ascomycota;Pezizomycetes;Pezizales;Pyronemataceae;Scutellinia;Scutellinia_patagonica
JF908721	Root;Ascomycota;Pezizomycetes;Pezizales;Pyronemataceae;Scutellinia;Scutellinia_heterosculpturata
JF908730	Root;Basidiomycota;Agaricomycetes;Agaricales;Tricholomataceae;Tricholoma;Tricholoma_pardinum
JF908738	Root;Basidiomycota;Agaricomycetes;Agaricales;Tricholomataceae;Tricholoma;Tricholoma_sulphurescens
JF908763	Root;Ascomycota;Pezizomycetes;Pezizales;Pyronemataceae;Genabea;Genabea_fragilis
JF908764	Root;Ascomycota;Pezizomycetes;Pezizales;Pyronemataceae;Genabea;Genabea_sphaerospora
JF908767	Root;Ascomycota;Pezizomycetes;Pezizales;Pyronemataceae;Hydnocystis;Hydnocystis_piligera
JF908768	Root;Ascomycota;Pezizomycetes;Pezizales;Pyronemataceae;Phaeangium;Phaeangium_lefebvrei
JF908772	Root;Ascomycota;Pezizomycetes;Pezizales;Pezizaceae;Pachyphloeus;Pachyphloeus_melanoxanthus
JF908754	Root;Ascomycota;Pezizomycetes;Pezizales;Morchellaceae;Verpa;Verpa_conica
EU685112	Root;Basidiomycota;Agaricomycetes;Boletales;Boletaceae;Porphyrellus;Porphyrellus_pseudoscaber
JF908789	Root;Basidiomycota;Agaricomycetes;Boletales;Boletaceae;Tylopilus;Tylopilus_leucomycelinus
JF908791	Root;Basidiomycota;Agaricomycetes;Boletales;Boletaceae;Tubosaeta;Tubosaeta_brunneosetosa
EU586515	Root;Ascomycota;Lecanoromycetes;Lecanorales;Lecanoraceae;Rhizoplaca;Rhizoplaca_chrysoleuca
JN114077	Root;Basidiomycota;Agaricomycetes;Agaricales;Cortinariaceae;Cortinarius;Cortinarius_mirandus
EF190227	Root;Ascomycota;Saccharomycetes;Saccharomycetales;Pichiaceae;Pichia;Pichia_guilliermondii
EF488427	Root;Ascomycota;Sordariomycetes;Diaporthales;Diaporthaceae;Diaporthe;Diaporthe_phaseolorum
HQ232968	Root;Ascomycota;Sordariomycetes;Xylariales;Liberomyces_macrosporus;Liberomyces_macrosporus;Liberomyces_macrosporus
AJ302443	Root;Ascomycota;Sordariomycetes;Xylariales;Diatrypaceae;Diatrypella;Diatrypella_pulvinata
FM865564	Root;Glomeromycota;Glomeromycetes;Glomerales;Glomeraceae;Glomus;Glomus_intraradices
GU327636	Root;Ascomycota;Sordariomycetes;Hypocreales;Nectriaceae;Gibberella;Gibberella_zeae
AY304436	Root;Ascomycota;Sordariomycetes;Ophiostomatales;Ophiostomataceae;Ophiostoma;Ophiostoma_kryptum
EF488446	Root;Ascomycota;Eurotiomycetes;Eurotiales;Trichocomaceae;Eupenicillium;Eupenicillium_brefeldianum
JN035634	Root;Glomeromycota;Glomeromycetes;Glomerales;Glomeraceae;Glomus;Glomus_macrocarpum
JN035635	Root;Glomeromycota;Glomeromycetes;Glomerales;Glomeraceae;Glomus;Glomus_macrocarpum
JN035637	Root;Glomeromycota;Glomeromycetes;Glomerales;Glomeraceae;Glomus;Glomus_etunicatum
JN035638	Root;Glomeromycota;Glomeromycetes;Glomerales;Glomeraceae;Glomus;Glomus_etunicatum
JN035639	Root;Glomeromycota;Glomeromycetes;Glomerales;Claroideoglomeraceae;Claroideoglomus;Claroideoglomus_claroideum
JN105965	Root;Glomeromycota;Glomeromycetes;Glomerales;Glomeraceae;Glomus;Glomus_macrocarpum
JN036556	Root;Ascomycota;Sordariomycetes;Hypocreales;Cordycipitaceae;Lecanicillium;Lecanicillium_tenuipes
HM992503	Root;Ascomycota;Sordariomycetes;Diaporthales;Diaporthaceae;Diaporthe;Diaporthe_phaseolorum
EU551184	Root;Ascomycota;Dothideomycetes;Pleosporales;Sporormiaceae;Preussia;Sporormiella_isomera
JN594608	Root;Ascomycota;Leotiomycetes;Erysiphales;Erysiphaceae;Golovinomyces;Golovinomyces_biocellatus
EU826971	Root;Basidiomycota;Pucciniomycetes;Pucciniales;Cronartiaceae;Cronartium;Cronartium_ribicola
JF758870	Root;Ascomycota;Sordariomycetes;Sordariales;Lasiosphaeriaceae;Cladorrhinum;Cladorrhinum_bulbillosum
JN596330	Root;Basidiomycota;Agaricomycetes;Polyporales;Ganodermataceae;Ganoderma;Ganoderma_mastoporum
JN596332	Root;Basidiomycota;Agaricomycetes;Polyporales;Ganodermataceae;Ganoderma;Ganoderma_weberianum
JN009708	Root;Ascomycota;Lecanoromycetes;Lecanorales;Tephromelataceae;Calvitimela;Calvitimela_armeniaca
JN009709	Root;Ascomycota;Lecanoromycetes;Lecanorales;Tephromelataceae;Calvitimela;Calvitimela_armeniaca
JN009710	Root;Ascomycota;Lecanoromycetes;Lecanorales;Tephromelataceae;Calvitimela;Calvitimela_armeniaca
JN009712	Root;Ascomycota;Lecanoromycetes;Lecanorales;Tephromelataceae;Calvitimela;Calvitimela_armeniaca
JN009716	Root;Ascomycota;Lecanoromycetes;Lecanorales;Ramalinaceae;Japewia;Japewia_subaurifera
JN009720	Root;Ascomycota;Lecanoromycetes;Lecanorales;Lecanoraceae;Miriquidica;Miriquidica_instrata
JN009730	Root;Ascomycota;Lecanoromycetes;Lecanorales;Ramalinaceae;Tephromela;Tephromela_pertusarioides
JN009733	Root;Ascomycota;Lecanoromycetes;Lecanorales;Tephromelataceae;Violella_fucata;Violella_fucata
GU188276	Root;Ascomycota;Orbiliomycetes;Orbiliales;Orbiliaceae;Orbilia;Orbilia_luteorubella
JN003221	Root;Ascomycota;Dothideomycetes;Pleosporales;Leptosphaeriaceae;Peyronellaea;Peyronellaea_arachidicola
EU233810	Root;Basidiomycota;Exobasidiomycetes;Entylomatales;Entylomataceae;Entyloma;Entyloma_hieracii
AF141171	Root;Ascomycota;Leotiomycetes;Helotiales;Dermateaceae;Pezicula;Pezicula_subcarnea
JF796259	Root;Ascomycota;Sordariomycetes;Phyllachorales;Phyllachoraceae;Colletotrichum;Colletotrichum_capsici
JN673047	Root;Ascomycota;Sordariomycetes;Xylariales;Xylariaceae;Hypoxylon;Hypoxylon_crocopeplum
JN673050	Root;Ascomycota;Sordariomycetes;Sordariales;Lasiosphaeriaceae;Lasiosphaeria;Lasiosphaeria_ovina
AY303138	Root;Ascomycota;Lecanoromycetes;Teloschistales;Physciaceae;Phaeophyscia;Phaeophyscia_hispidula
JQ801401	Root;Basidiomycota;Agaricomycetes;Agaricales;Cortinariaceae;Inocybe;Inocybe_aff_lanatodisca_PBM3051
GU479320	Root;Basidiomycota;Agaricomycetes;Agaricales;Cortinariaceae;Protoglossum;Hymenogaster_niveus
DQ974704	Root;Basidiomycota;Agaricomycetes;Boletales;Boletaceae;Boletus;Boletus_zelleri
DQ534480	Root;Ascomycota;Lecanoromycetes;Lecanorales;Parmeliaceae;Pseudephebe;Pseudephebe_pubescens
HQ650610	Root;Ascomycota;Lecanoromycetes;Lecanorales;Parmeliaceae;Bryoria;Bryoria_trichodes
AY373861	Root;Ascomycota;Eurotiomycetes;Eurotiales;Trichocomaceae;Aspergillus;Aspergillus_penicillioides
AY373865	Root;Ascomycota;Eurotiomycetes;Eurotiales;Trichocomaceae;Aspergillus;Aspergillus_caesiellus
AY373926	Root;Ascomycota;Eurotiomycetes;Eurotiales;Trichocomaceae;Penicillium;Penicillium_purpurogenum
AY303969	Root;Ascomycota;Dothideomycetes;Capnodiales;Mycosphaerellaceae;Phaeoramularia;Phaeoramularia_calotropidis
JN654921	Root;Ascomycota;Dothideomycetes;Pleosporales;Phaeosphaeriaceae;Phaeosphaeriopsis;Phaeosphaeriopsis_glauco_punctata
AB091774	Root;Ascomycota;Leotiomycetes;Erysiphales;Erysiphaceae;Erysiphe;Erysiphe_flexuosa
AB091775	Root;Ascomycota;Leotiomycetes;Erysiphales;Erysiphaceae;Erysiphe;Erysiphe_togashiana
AB091776	Root;Ascomycota;Leotiomycetes;Erysiphales;Erysiphaceae;Erysiphe;Erysiphe_wadae
AY035648	Root;Glomeromycota;Glomeromycetes;Glomerales;Glomeraceae;Glomus;Glomus_claroideum
JF692724	Root;Glomeromycota;Glomeromycetes;Glomerales;Glomeraceae;Glomus;Glomus_cubense
JF821182	Root;Ascomycota;Lecanoromycetes;Lecanorales;Lecanoraceae;Maronina;Maronina_orientalis_var_orientalis
D84381	Root;Ascomycota;Leotiomycetes;Erysiphales;Erysiphaceae;Pleochaeta;Pleochaeta_shiraiana
JN197292	Root;Ascomycota;Dothideomycetes;Dothideales;Dothideaceae;Scirrhia;Scirrhia_braziliensis
GU214624	Root;Ascomycota;Dothideomycetes;Capnodiales;Mycosphaerellaceae;Brunneosphaerella;Brunneosphaerella_protearum
GU214625	Root;Ascomycota;Dothideomycetes;Capnodiales;Mycosphaerellaceae;Brunneosphaerella;Brunneosphaerella_protearum
JN712451	Root;Ascomycota;Leotiomycetes;Rhytismatales;Rhytismataceae;Coccomyces;Coccomyces_proteae
JN712502	Root;Ascomycota;Dothideomycetes;Capnodiales;Teratosphaeriaceae;Xenoconiothyrium_catenata;Xenoconiothyrium_catenata
EF591910	Root;Ascomycota;Dothideomycetes;Botryosphaeriales;Botryosphaeriaceae;Botryosphaeria;Neofusicoccum_australe
AF065611	Root;Ascomycota;Sordariomycetes;Hypocreales;Clavicipitaceae;Balansia;Balansia_pilulaeformis
AF333445	Root;Ascomycota;Dothideomycetes;Pleosporales;Venturiaceae;Venturia;Venturia_pirina
U68321	Root;Ascomycota;Eurotiomycetes;Ascosphaerales;Ascosphaeraceae;Ascosphaera;Ascosphaera_acerosa
U68322	Root;Ascomycota;Eurotiomycetes;Ascosphaerales;Ascosphaeraceae;Ascosphaera;Ascosphaera_asterophora
U68332	Root;Ascomycota;Eurotiomycetes;Ascosphaerales;Ascosphaeraceae;Ascosphaera;Ascosphaera_flava
U68330	Root;Ascomycota;Eurotiomycetes;Ascosphaerales;Ascosphaeraceae;Ascosphaera;Ascosphaera_larvis
U68331	Root;Ascomycota;Eurotiomycetes;Ascosphaerales;Ascosphaeraceae;Ascosphaera;Ascosphaera_subcuticulata
JF908198	Root;Basidiomycota;Agaricomycetes;Agaricales;Cortinariaceae;Inocybe;Inocybe_pallida
JN232143	Root;Ascomycota;Sordariomycetes;Hypocreales;Nectriaceae;Haematonectria;Fusarium_solani
U21835	Root;Ascomycota;Leotiomycetes;Helotiales;Sclerotiniaceae;Botryotinia;Botryotinia_calthae
JN638437	Root;Ascomycota;Sordariomycetes;Diaporthales;Valsaceae;Phomopsis;Phomopsis_averrhoae
JN638438	Root;Ascomycota;Sordariomycetes;Diaporthales;Valsaceae;Phomopsis;Phomopsis_theae
EU835475	Root;Ascomycota;Sordariomycetes;Hypocreales;Nectriaceae;Gibberella;Gibberella_moniliformis
GU909512	Root;Ascomycota;Sordariomycetes;Hypocreales;Clavicipitaceae;Metarhizium;Metarhizium_anisopliae
GU390580	Root;Ascomycota;Sordariomycetes;Hypocreales;Clavicipitaceae;Cordyceps;Cordyceps_militaris
JN019381	Root;Ascomycota;Sordariomycetes;Hypocreales;Clavicipitaceae;Cordyceps;Cordyceps_gunnii
AJ309343	Root;Ascomycota;Sordariomycetes;Hypocreales;Clavicipitaceae;Cordyceps;Cordyceps_gunnii
HQ455532	Root;Ascomycota;Lecanoromycetes;Umbilicariales;Ophioparmaceae;Boreoplaca;Boreoplaca_ultrafrigida
FJ011536	Root;Ascomycota;Eurotiomycetes;Eurotiales;Trichocomaceae;Aspergillus;Aspergillus_terreus
JN021544	Root;Ascomycota;Eurotiomycetes;Eurotiales;Trichocomaceae;Aspergillus;Aspergillus_candidus
JN021545	Root;Ascomycota;Eurotiomycetes;Eurotiales;Trichocomaceae;Aspergillus;Aspergillus_candidus
JN021546	Root;Ascomycota;Dothideomycetes;Pleosporales;Montagnulaceae;Paraconiothyrium;Paraconiothyrium_cyclothyrioides
JF271750	Root;Ascomycota;Dothideomycetes;Botryosphaeriales;Botryosphaeriaceae;Botryosphaeria;Botryosphaeria_iberica
EU856765	Root;Ascomycota;Dothideomycetes;Botryosphaeriales;Botryosphaeriaceae;Botryosphaeria;Botryosphaeria_stevensii
EU919693	Root;Ascomycota;Dothideomycetes;Botryosphaeriales;Botryosphaeriaceae;Diplodia;Diplodia_mutila
GQ293927	Root;Ascomycota;Sordariomycetes;Xylariales;Diatrypaceae;Diatrypella;Diatrypella_verruciformis
HQ654093	Root;Basidiomycota;Agaricomycetes;Polyporales;Polyporaceae;Perenniporia;Perenniporia_corticola
HQ654098	Root;Basidiomycota;Agaricomycetes;Polyporales;Polyporaceae;Perenniporia;Perenniporia_truncatospora
AY367583	Root;Basidiomycota;Agaricomycetes;Agaricales;Tricholomataceae;Apterostigma_pilosum_cp1_fungal_symbiont_pv412;Apterostigma_pilosum_cp1_fungal_symbiont_pv412
AY367562	Root;Basidiomycota;Agaricomycetes;Agaricales;Tricholomataceae;Apterostigma_pilosum_cp1_fungal_symbiont_g32;Apterostigma_pilosum_cp1_fungal_symbiont_g32
AY367590	Root;Basidiomycota;Agaricomycetes;Agaricales;Tricholomataceae;Apterostigma_urichii_fungal_symbiont_g56;Apterostigma_urichii_fungal_symbiont_g56
JF961365	Root;Basidiomycota;Agaricomycetes;Agaricales;Strophariaceae;Hypholoma;Hypholoma_myosotis
FJ172294	Root;Ascomycota;Sordariomycetes;Xylariales;Xylariaceae;Coniolariella;Coniolariella_hispanica
AF001027	Root;Ascomycota;Sordariomycetes;Diaporthales;Diaporthaceae;Diaporthe;Diaporthe_phaseolorum
GU441596	Root;Ascomycota;Sordariomycetes;Hypocreales;Nectriaceae;Fusarium;Fusarium_tricinctum
JN819278	Root;Ascomycota;Dothideomycetes;Jahnulales;Aliquandostipitaceae;Aliquandostipite;Aliquandostipite_khaoyaiensis
JN819280	Root;Ascomycota;Dothideomycetes;Jahnulales;Aliquandostipitaceae;Jahnula;Jahnula_appendiculata
JN819281	Root;Ascomycota;Dothideomycetes;Jahnulales;Aliquandostipitaceae;Jahnula;Jahnula_bipolaris
JN819283	Root;Ascomycota;Dothideomycetes;Jahnulales;Aliquandostipitaceae;Manglicola;Manglicola_guatemalensis
JN107736	Root;Ascomycota;Dothideomycetes;Botryosphaeriales;Botryosphaeriaceae;Botryosphaeria;Botryosphaeria_dothidea
FJ713088	Root;Ascomycota;Saccharomycetes;Saccharomycetales;Saccharomycetaceae;Kluyveromyces;Kluyveromyces_nonfermentans
AY046158	Root;Ascomycota;Saccharomycetes;Saccharomycetales;Saccharomycetaceae;Saccharomyces;Saccharomyces_rosinii
AJ302440	Root;Ascomycota;Sordariomycetes;Xylariales;Diatrypaceae;Diatrypella;Diatrypella_favacea
AY373924	Root;Ascomycota;Eurotiomycetes;Eurotiales;Trichocomaceae;Penicillium;Penicillium_miczynskii
GU174578	Root;Ascomycota;Sordariomycetes;Diaporthales;Valsaceae;Valsa;Valsa_malicola
AF191175	Root;Ascomycota;Sordariomycetes;Diaporthales;Valsaceae;Leucostoma;Leucostoma_persoonii
FJ537107	Root;Ascomycota;Eurotiomycetes;Eurotiales;Trichocomaceae;Talaromyces;Talaromyces_flavus
AY046156	Root;Ascomycota;Saccharomycetes;Saccharomycetales;Saccharomycetaceae;Saccharomyces;Saccharomyces_transvaalensis
JN164673	Root;Ascomycota;Pezizomycetes;Pezizales;Pyronemataceae;Phaeangium;Phaeangium_lefebvrei
HQ201346	Root;Basidiomycota;Agaricomycetes;Agaricales;Cortinariaceae;Inocybe;Inocybe_curreyi
HQ201351	Root;Basidiomycota;Agaricomycetes;Agaricales;Cortinariaceae;Inocybe;Inocybe_jurana
HQ201354	Root;Basidiomycota;Agaricomycetes;Agaricales;Cortinariaceae;Inocybe;Inocybe_laetior
EF530936	Root;Basidiomycota;Agaricomycetes;Agaricales;Cortinariaceae;Inocybe;Inocybe_geophylla
EU345429	Root;Glomeromycota;Glomeromycetes;Glomerales;Glomeraceae;Glomus;Glomus_hoi
FR750193	Root;Glomeromycota;Glomeromycetes;Glomerales;Glomeraceae;Rhizophagus;Rhizophagus_irregularis
FR750197	Root;Glomeromycota;Glomeromycetes;Glomerales;Glomeraceae;Rhizophagus;Rhizophagus_irregularis
JF922031	Root;Ascomycota;Eurotiomycetes;Eurotiales;Thermoascaceae;Thermoascus;Thermoascus_crustaceus
JF922038	Root;Ascomycota;Eurotiomycetes;Eurotiales;Trichocomaceae;Hamigera;Hamigera_avellanea
JF922039	Root;Ascomycota;Eurotiomycetes;Eurotiales;Trichocomaceae;Aspergillus;Aspergillus_penicillioides
GQ337914	Root;Basidiomycota;Agaricomycetes;Polyporales;Polyporaceae;Neolentinus;Neolentinus_lepideus
JN164933	Root;Basidiomycota;Agaricomycetes;Polyporales;Polyporaceae;Trametes;Trametes_aff_maxima_FPRI101
HQ248218	Root;Basidiomycota;Agaricomycetes;Polyporales;Polyporaceae;Trametes;Trametes_hirsuta
JN247808	Root;Ascomycota;Dothideomycetes;Pleosporales;Phaeosphaeriaceae;Phaeosphaeria;Phaeosphaeria_herpotrichoides
JN049828	Root;Ascomycota;Sordariomycetes;Hypocreales;Ophiocordycipitaceae;Ophiocordyceps;Ophiocordyceps_stylophora
JN049830	Root;Ascomycota;Sordariomycetes;Hypocreales;Clavicipitaceae;Cordyceps;Cordyceps_tuberculata
U57407	Root;Ascomycota;Sordariomycetes;Hypocreales;Clavicipitaceae;Myriogenospora;Myriogenospora_atramentosa
JN049837	Root;Ascomycota;Sordariomycetes;Hypocreales;Cordycipitaceae;Torrubiella;Torrubiella_ratticaudata
JN049841	Root;Ascomycota;Sordariomycetes;Hypocreales;Clavicipitaceae;Hypocrella;Aschersonia_confluens
JN049842	Root;Ascomycota;Sordariomycetes;Hypocreales;Clavicipitaceae;Hypocrella;Aschersonia_placenta
JN049843	Root;Ascomycota;Sordariomycetes;Hypocreales;Clavicipitaceae;Cordyceps;Cordyceps_cardinalis
JN049851	Root;Ascomycota;Sordariomycetes;Hypocreales;Ophiocordycipitaceae;Ophiocordyceps;Ophiocordyceps_gracilis
JN049853	Root;Ascomycota;Sordariomycetes;Hypocreales;Ophiocordycipitaceae;Ophiocordyceps;Ophiocordyceps_nigrella
EU149928	Root;Ascomycota;Sordariomycetes;Hypocreales;Ophiocordycipitaceae;Ophiocordyceps;Ophiocordyceps_sinensis
JN049856	Root;Ascomycota;Sordariomycetes;Hypocreales;Clavicipitaceae;Metacordyceps;Metacordyceps_yongmunensis
JN049866	Root;Ascomycota;Sordariomycetes;Hypocreales;Nectriaceae;Septofusidium;Septofusidium_herbarum
JN049868	Root;Ascomycota;Sordariomycetes;Hypocreales;Clavicipitaceae;Metacordyceps;Metacordyceps_khaoyaiensis
JN049870	Root;Ascomycota;Sordariomycetes;Hypocreales;Clavicipitaceae;Metacordyceps;Metacordyceps_pseudoatrovirens
JN049873	Root;Ascomycota;Sordariomycetes;Hypocreales;Clavicipitaceae;Metacordyceps;Metacordyceps_kusanagiensis
JN049881	Root;Ascomycota;Sordariomycetes;Hypocreales;Clavicipitaceae;Metacordyceps;Metacordyceps_martialis
JN049882	Root;Ascomycota;Sordariomycetes;Hypocreales;Clavicipitaceae;Metacordyceps;Metacordyceps_atrovirens
JN022507	Root;Ascomycota;Pezizomycetes;Pezizales;Pyronemataceae;Genabea;Genabea_cerebriformis
EU697274	Root;Basidiomycota;Agaricomycetes;Boletales;Rhizopogonaceae;Rhizopogon;Rhizopogon_rogersii
JN115322	Root;Ascomycota;Lecanoromycetes;Lecanorales;Cladoniaceae;Cladia;Cladia_aggregata
U51958	Root;Ascomycota;Orbiliomycetes;Orbiliales;Orbiliaceae;Dactylellina;Dactylellina_lobata
JN209849	Root;Ascomycota;Saccharomycetes;Saccharomycetales;Pichiaceae;Ogataea;Ogataea_polymorpha
JN209852	Root;Ascomycota;Saccharomycetes;Saccharomycetales;Saccharomycetaceae;Nakaseomyces;Candida_glabrata
JN209853	Root;Ascomycota;Saccharomycetes;Saccharomycetales;Metschnikowiaceae;Clavispora;Clavispora_lusitaniae
AF038321	Root;Ascomycota;Eurotiomycetes;Onygenales;Ajellomycetaceae;Emmonsia;Emmonsia_parva
AF038354	Root;Ascomycota;Eurotiomycetes;Onygenales;Ajellomycetaceae;Ajellomyces;Ajellomyces_capsulatus
JN695509	Root;Ascomycota;Sordariomycetes;Diaporthales;Valsaceae;Phomopsis;Phomopsis_malvacearum
AF444436	Root;Basidiomycota;Tremellomycetes;Tremellales;Trichosporonaceae;Trichosporon;Trichosporon_brassicae
AJ586522	Root;Ascomycota;Saccharomycetes;Saccharomycetales;Saccharomycetaceae;Debaryomyces;Debaryomyces_robertsiae
AY641557	Root;Basidiomycota;Ustilaginomycetes;Ustilaginales;Ustilaginaceae;Pseudozyma;Pseudozyma_antarctica
JN943717	Root;Ascomycota;Lecanoromycetes;Lecanorales;Lecanoraceae;Lecanora;Lecanora_vainioi
JN943727	Root;Ascomycota;Lecanoromycetes;Lecanorales;Lecanoraceae;Lecanora;Lecanora_caesiorubella
JN943728	Root;Ascomycota;Lecanoromycetes;Lecanorales;Lecanoraceae;Lecanora;Lecanora_caesiorubella
GQ919274	Root;Ascomycota;Lecanoromycetes;Lecanorales;Parmeliaceae;Remototrachyna_costaricensis;Remototrachyna_costaricensis
JN942643	Root;Ascomycota;Saccharomycetes;Saccharomycetales;Saccharomycetaceae;Nakaseomyces;Candida_glabrata
AY793444	Root;Ascomycota;Sordariomycetes;Hypocreales;Nectriaceae;Cylindrocladiella;Cylindrocladiella_elegans
AY793449	Root;Ascomycota;Sordariomycetes;Hypocreales;Nectriaceae;Cylindrocladiella;Cylindrocladiella_lageniformis
JN942348	Root;Ascomycota;Dothideomycetes;Jahnulales;Aliquandostipitaceae;Jahnula;Jahnula_aquatica
JN942349	Root;Ascomycota;Dothideomycetes;Jahnulales;Aliquandostipitaceae;Jahnula;Jahnula_sangamonensis
JN942353	Root;Ascomycota;Dothideomycetes;Jahnulales;Aliquandostipitaceae;Jahnula;Jahnula_bipileata
JN942354	Root;Ascomycota;Dothideomycetes;Jahnulales;Aliquandostipitaceae;Jahnula;Jahnula_aquatica
JN942355	Root;Ascomycota;Dothideomycetes;Jahnulales;Aliquandostipitaceae;Jahnula;Jahnula_sangamonensis
AF201728	Root;Ascomycota;Dothideomycetes;Jahnulales;Aliquandostipitaceae;Aliquandostipite;Aliquandostipite_khaoyaiensis
JN942357	Root;Ascomycota;Dothideomycetes;Jahnulales;Aliquandostipitaceae;Aliquandostipite;Aliquandostipite_khaoyaiensis
AB433276	Root;Ascomycota;Dothideomycetes;Pleosporales;Lophiostomataceae;Lophiostoma;Lophiostoma_macrostomum
AF383952	Root;Ascomycota;Dothideomycetes;Pleosporales;Lophiostomataceae;Lophiostoma;Lophiostoma_arundinis
EF056307	Root;Basidiomycota;Tremellomycetes;Filobasidiales;Filobasidiaceae;Cryptococcus;Cryptococcus_laurentii
EU177576	Root;Basidiomycota;Tremellomycetes;Filobasidiales;Filobasidiaceae;Cryptococcus;Cryptococcus_flavus
EU255794	Root;Ascomycota;Sordariomycetes;Hypocreales;Nectriaceae;Gibberella;Fusarium_avenaceum
JN241996	Root;Ascomycota;Dothideomycetes;Botryosphaeriales;Botryosphaeriaceae;Macrophomina;Macrophomina_phaseolina
JN214483	Root;Basidiomycota;Agaricomycetes;Agaricales;Clavariaceae;Clavaria;Clavaria_fumosa
GQ852794	Root;Ascomycota;Dothideomycetes;Capnodiales;Teratosphaeriaceae;Teratosphaeria;Teratosphaeria_cryptica
JN942768	Root;Ascomycota;Pezizomycetes;Pezizales;Pyronemataceae;Otidea;Otidea_mirabilis
AY739018	Root;Ascomycota;Dothideomycetes;Myriangiales;Elsinoaceae;Sphaceloma;Sphaceloma_manihoticola
JN943490	Root;Ascomycota;Dothideomycetes;Myriangiales;Elsinoaceae;Sphaceloma;Sphaceloma_krugii
FM876839	Root;Glomeromycota;Glomeromycetes;Diversisporales;Gigasporaceae;Scutellospora;Scutellospora_heterogama
FN547490	Root;Glomeromycota;Glomeromycetes;Glomerales;Glomeraceae;Glomus;Glomus_mosseae
AM980862	Root;Glomeromycota;Glomeromycetes;Glomerales;Glomeraceae;Glomus;Glomus_intraradices
FR750134	Root;Glomeromycota;Glomeromycetes;Diversisporales;Gigasporaceae;Racocetra;Racocetra_weresubiae
JN943180	Root;Basidiomycota;Agaricomycetes;Agaricales;Amanitaceae;Amanita;Amanita_aff_farinosa_HKAS_56186
FJ827728	Root;Chytridiomycota;Chytridiomycetes;Spizellomycetales;Spizellomycetaceae;Spizellomyces;Spizellomyces_acuminatus
EU821472	Root;Ascomycota;Sordariomycetes;Diaporthales;Diaporthaceae;Diaporthe;Diaporthe_phaseolorum
GQ280665	Root;Ascomycota;Sordariomycetes;Hypocreales;Nectriaceae;Calonectria;Calonectria_zuluensis
JF439471	Root;Basidiomycota;Agaricomycetes;Polyporales;Fomitopsidaceae;Fomitopsis;Fomitopsis_pinicola
AY129365	Root;Basidiomycota;Agaricomycetes;Agaricales;Strophariaceae;Melanotus;Melanotus_caricicola
GQ852748	Root;Ascomycota;Dothideomycetes;Capnodiales;Mycosphaerellaceae;Mycosphaerella;Mycosphaerella_marksii
GU570527	Root;Ascomycota;Dothideomycetes;Capnodiales;Teratosphaeriaceae;Devriesia;Devriesia_pseudoamericana
AJ006675	Root;Basidiomycota;Agaricomycetes;Polyporales;Steccherinaceae;Antrodiella;Antrodiella_semisupina
GU453166	Root;Ascomycota;Dothideomycetes;Dothideales;Dothioraceae;Sydowia;Sydowia_polyspora
JF440575	Root;Basidiomycota;Agaricomycetes;Polyporales;Meruliaceae;Phlebia;Phlebia_radiata
JN638251	Root;Ascomycota;Eurotiomycetes;Verrucariales;Verrucariaceae;Hydropunctaria;Hydropunctaria_adriatica
JN638261	Root;Ascomycota;Eurotiomycetes;Verrucariales;Verrucariaceae;Hydropunctaria;Hydropunctaria_maura
JN638287	Root;Ascomycota;Eurotiomycetes;Verrucariales;Verrucariaceae;Hydropunctaria;Hydropunctaria_orae
JN943307	Root;Ascomycota;Sordariomycetes;Hypocreales;Clavicipitaceae;Cordyceps;Cordyceps_pseudomilitaris
JN943311	Root;Ascomycota;Sordariomycetes;Hypocreales;Clavicipitaceae;Cordyceps;Cordyceps_tuberculata
JN943323	Root;Ascomycota;Sordariomycetes;Hypocreales;Clavicipitaceae;Elaphocordyceps;Elaphocordyceps_paradoxa
JN943324	Root;Ascomycota;Sordariomycetes;Hypocreales;Clavicipitaceae;Elaphocordyceps;Elaphocordyceps_paradoxa
JN943353	Root;Ascomycota;Sordariomycetes;Hypocreales;Ophiocordycipitaceae;Ophiocordyceps;Ophiocordyceps_stylophora
EF192416	Root;Ascomycota;Sordariomycetes;Hypocreales;Clavicipitaceae;Cordyceps;Cordyceps_militaris
JN943438	Root;Ascomycota;Eurotiomycetes;Onygenales;Onygenaceae;Aphanoascus;Aphanoascus_terreus
EF185858	Root;Basidiomycota;Pucciniomycetes;Pucciniales;Cronartiaceae;Cronartium;Cronartium_coleosporioides
JN415754	Root;Ascomycota;Sordariomycetes;Hypocreales;Clavicipitaceae;Cordyceps;Cordyceps_kurijimeansis
JN717228	Root;Ascomycota;Sordariomycetes;Phyllachorales;Phyllachoraceae;Colletotrichum;Colletotrichum_capsici
GU180101	Root;Ascomycota;Sordariomycetes;Microascales;Microascaceae;Pseudallescheria;Pseudallescheria_boydii
FR750135	Root;Glomeromycota;Glomeromycetes;Diversisporales;Gigasporaceae;Racocetra;Racocetra_weresubiae
FR750143	Root;Glomeromycota;Glomeromycetes;Diversisporales;Gigasporaceae;Racocetra;Racocetra_fulgida
FR750184	Root;Glomeromycota;Glomeromycetes;Diversisporales;Gigasporaceae;Gigaspora;Gigaspora_rosea
FN547587	Root;Glomeromycota;Glomeromycetes;Diversisporales;Gigasporaceae;Gigaspora;Gigaspora_rosea
FJ629353	Root;Ascomycota;Eurotiomycetes;Eurotiales;Trichocomaceae;Aspergillus;Aspergillus_sclerotioniger
JN565297	Root;Ascomycota;Eurotiomycetes;Eurotiales;Trichocomaceae;Aspergillus;Aspergillus_ochraceus
JN692271	Root;Basidiomycota;Agaricomycetes;Polyporales;Polyporaceae;Lentinus;Lentinus_crinitus
JN692272	Root;Basidiomycota;Agaricomycetes;Polyporales;Ganodermataceae;Ganoderma;Ganoderma_lucidum
FJ538364	Root;Ascomycota;Dothideomycetes;Botryosphaeriales;Botryosphaeriaceae;Phyllosticta;Phyllosticta_citriasiana
AJ006674	Root;Basidiomycota;Agaricomycetes;Polyporales;Steccherinaceae;Antrodiella;Antrodiella_onychoides
AJ006677	Root;Basidiomycota;Agaricomycetes;Polyporales;Polyporaceae;Skeletocutis;Skeletocutis_amorpha
AJ006678	Root;Basidiomycota;Agaricomycetes;Polyporales;Polyporaceae;Skeletocutis;Skeletocutis_kuehneri
FJ441632	Root;Ascomycota;Sordariomycetes;Diaporthales;Valsaceae;Phomopsis;Phomopsis_phyllanthicola
JQ044421	Root;Ascomycota;Sordariomycetes;Hypocreales;Nectriaceae;Pseudoidriella_syzygii;Pseudoidriella_syzygii
JN241551	Root;Basidiomycota;Agaricomycetes;Atheliales;Atheliaceae;Athelia;Sclerotium_delphinii
JN048890	Root;Ascomycota;Pezizomycetes;Pezizales;Pyronemataceae;Hydnocystis;Hydnocystis_piligera
JF908766	Root;Ascomycota;Pezizomycetes;Pezizales;Pyronemataceae;Geopora;Geopora_clausa
DQ200839	Root;Ascomycota;Pezizomycetes;Pezizales;Pezizaceae;Peziza;Peziza_michelii
HE608163	Root;Ascomycota;Eurotiomycetes;Eurotiales;Trichocomaceae;Aspergillus;Aspergillus_niger
DQ394378	Root;Ascomycota;Lecanoromycetes;Lecanorales;Cladoniaceae;Cladonia;Cladonia_coniocraea
AY307935	Root;Ascomycota;Pezizomycetes;Pezizales;Chorioactidaceae;Chorioactis;Chorioactis_geaster
EU427308	Root;Basidiomycota;Ustilaginomycetes;Ustilaginales;Ustilaginaceae;Sporisorium;Sporisorium_scitamineum
JF417488	Root;Ascomycota;Eurotiomycetes;Eurotiales;Trichocomaceae;Rasamsonia_brevistipitata;Rasamsonia_brevistipitata
JN617690	Root;Ascomycota;Eurotiomycetes;Eurotiales;Trichocomaceae;Penicillium;Penicillium_gallaicum
HE612114	Root;Ascomycota;Sordariomycetes;Hypocreales;Nectriaceae;Pseudonectria;Pseudonectria_pachysandricola
EU863579	Root;Basidiomycota;Tremellomycetes;Tremellales;Trichosporonaceae;Trichosporon;Trichosporon_asahii
JQ317496	Root;Ascomycota;Dothideomycetes;Capnodiales;Mycosphaerellaceae;Guignardia;Guignardia_mangiferae
JQ317406	Root;Ascomycota;Dothideomycetes;Capnodiales;Mycosphaerellaceae;Guignardia;Guignardia_mangiferae
JQ317484	Root;Ascomycota;Dothideomycetes;Capnodiales;Mycosphaerellaceae;Guignardia;Guignardia_mangiferae
JQ317436	Root;Ascomycota;Dothideomycetes;Capnodiales;Mycosphaerellaceae;Guignardia;Guignardia_mangiferae
JQ317566	Root;Ascomycota;Dothideomycetes;Capnodiales;Mycosphaerellaceae;Guignardia;Guignardia_mangiferae
JQ317569	Root;Ascomycota;Dothideomycetes;Capnodiales;Mycosphaerellaceae;Guignardia;Guignardia_mangiferae
JQ317588	Root;Ascomycota;Dothideomycetes;Capnodiales;Mycosphaerellaceae;Guignardia;Guignardia_mangiferae
JQ045334	Root;Ascomycota;Eurotiomycetes;Eurotiales;Trichocomaceae;Aspergillus;Aspergillus_awamori
JN599149	Root;Ascomycota;Saccharomycetes;Saccharomycetales;Saccharomycetaceae;Saccharomyces;Saccharomyces_cerevisiae
AY345008	Root;Basidiomycota;Ustilaginomycetes;Ustilaginales;Ustilaginaceae;Ustilago;Ustilago_sparsa
AY345012	Root;Basidiomycota;Ustilaginomycetes;Ustilaginales;Ustilaginaceae;Ustilago;Ustilago_xerochloae
AM882862	Root;Basidiomycota;Agaricomycetes;Agaricales;Cortinariaceae;Inocybe;Inocybe_malenconii
EU244842	Root;Basidiomycota;Agaricomycetes;Cantharellales;Ceratobasidiaceae;Thanatephorus;Thanatephorus_cucumeris
U82454	Root;Ascomycota;Saccharomycetes;Saccharomycetales;Lipomycetaceae;Lipomyces;Lipomyces_kononenkoae
JN943143	Root;Ascomycota;Saccharomycetes;Saccharomycetales;Lipomycetaceae;Lipomyces;Lipomyces_lipofer
AF325582	Root;Basidiomycota;Agaricomycetes;Agaricales;Cortinariaceae;Cortinarius;Cortinarius_globuliformis
AF484409	Root;Ascomycota;Eurotiomycetes;Eurotiales;Trichocomaceae;Penicillium;Penicillium_crustosum
AY773467	Root;Ascomycota;Orbiliomycetes;Orbiliales;Orbiliaceae;Arthrobotrys;Arthrobotrys_gephyropaga
JN710507	Root;Basidiomycota;Agaricomycetes;Polyporales;Steccherinaceae;Antrodiella;Antrodiella_afrocitrina
JN710510	Root;Basidiomycota;Agaricomycetes;Polyporales;Steccherinaceae;Antrodiella;Antrodiella_brasiliensis
JN710511	Root;Basidiomycota;Agaricomycetes;Polyporales;Steccherinaceae;Antrodiella;Antrodiella_citrea
JN710512	Root;Basidiomycota;Agaricomycetes;Polyporales;Steccherinaceae;Antrodiella;Antrodiella_dentipora
JN710519	Root;Basidiomycota;Agaricomycetes;Polyporales;Steccherinaceae;Antrodiella;Antrodiella_perennis
FJ613651	Root;Basidiomycota;Agaricomycetes;Polyporales;Steccherinaceae;Antrodiella;Antrodiella_stipitata
EF577058	Root;Basidiomycota;Agaricomycetes;Polyporales;Polyporaceae;Cerrena;Cerrena_unicolor
JN710531	Root;Basidiomycota;Agaricomycetes;Polyporales;Steccherinaceae;Fibricium;Fibricium_subceraceum
JN710548	Root;Basidiomycota;Agaricomycetes;Polyporales;Steccherinaceae;Steccherinum;Irpex_oreophilus
JN710549	Root;Basidiomycota;Agaricomycetes;Polyporales;Steccherinaceae;Junghuhnia;Junghuhnia_autumnale
JN710558	Root;Basidiomycota;Agaricomycetes;Polyporales;Steccherinaceae;Junghuhnia;Junghuhnia_luteoalba
JN710567	Root;Basidiomycota;Agaricomycetes;Polyporales;Meruliaceae;Lamelloporus;Lamelloporus_americanus
JN710605	Root;Basidiomycota;Agaricomycetes;Polyporales;Polyporaceae;Tyromyces;Tyromyces_wynneae
JN899322	Root;Ascomycota;Eurotiomycetes;Eurotiales;Trichocomaceae;Penicillium;Penicillium_mirabile
JN899391	Root;Ascomycota;Eurotiomycetes;Eurotiales;Trichocomaceae;Talaromyces;Talaromyces_cyanescens
AB176631	Root;Ascomycota;Eurotiomycetes;Eurotiales;Trichocomaceae;Talaromyces;Talaromyces_subinflatus
JN899400	Root;Ascomycota;Eurotiomycetes;Eurotiales;Trichocomaceae;Sagenomella;Sagenomella_bohemica
AY487968	Root;Basidiomycota;Agaricomycetes;Geastrales;Geastraceae;Sphaerobolus;Sphaerobolus_iowensis
AB067724	Root;Basidiomycota;Agaricomycetes;Agaricales;Lycoperdaceae;Bovista;Lycoperdon_pusillum
JN565298	Root;Ascomycota;Dothideomycetes;Capnodiales;Mycosphaerellaceae;Cladosporium;Cladosporium_cladosporioides
EF679398	Root;Ascomycota;Dothideomycetes;Capnodiales;Mycosphaerellaceae;Cladosporium;Cladosporium
HE649393	Root;Ascomycota;Eurotiomycetes;Eurotiales;Trichocomaceae;Penicillium;Penicillium_purpurogenum
AM947099	Root;Basidiomycota;Agaricomycetes;Boletales;Sclerodermataceae;Pisolithus;Pisolithus_albus
JN247824	Root;Ascomycota;Sordariomycetes;Hypocreales;Ophiocordycipitaceae;Hirsutella;Hirsutella_tunicata
HQ897794	Root;Ascomycota;Sordariomycetes;Hypocreales;Nectriaceae;Microcera;Microcera_coccophila
JF440974	Root;Ascomycota;Sordariomycetes;Xylariales;Xylariaceae;Collodiscula;Collodiscula_japonica
JF440978	Root;Ascomycota;Sordariomycetes;Diaporthales;Melanconidaceae;Melogramma;Melogramma_campylosporum
JQ408220	Root;Basidiomycota;Agaricomycetes;Gomphales;Gomphaceae;Ramaria;Ramaria_stricta_var_concolor
JQ408221	Root;Basidiomycota;Agaricomycetes;Gomphales;Gomphaceae;Ramaria;Ramaria_stricta_var_concolor
JQ408226	Root;Basidiomycota;Agaricomycetes;Gomphales;Gomphaceae;Ramaria;Ramaria_aurea
JQ408227	Root;Basidiomycota;Agaricomycetes;Gomphales;Gomphaceae;Phaeoclavulina;Phaeoclavulina_argentea
JQ408230	Root;Basidiomycota;Agaricomycetes;Gomphales;Gomphaceae;Ramaria;Ramaria_myceliosa
JQ408231	Root;Basidiomycota;Agaricomycetes;Gomphales;Gomphaceae;Phaeoclavulina;Phaeoclavulina_argentea
FJ627035	Root;Basidiomycota;Agaricomycetes;Gomphales;Gomphaceae;Ramaria;Ramaria_abietina
JQ408242	Root;Basidiomycota;Agaricomycetes;Gomphales;Gomphaceae;Ramaria;Ramaria_rasilisporoides
AY793466	Root;Ascomycota;Sordariomycetes;Hypocreales;Nectriaceae;Cylindrocladiella;Cylindrocladiella_peruviana
JQ347275	Root;Ascomycota;Sordariomycetes;Hypocreales;Nectriaceae;Cylindrocladium;Cylindrocladium_quinqueseptatum
EU285555	Root;Ascomycota;Sordariomycetes;Hypocreales;Nectriaceae;Cylindrocladium;Cylindrocladium_quinqueseptatum
JQ347290	Root;Ascomycota;Sordariomycetes;Hypocreales;Nectriaceae;Cylindrocladium;Cylindrocladium_quinqueseptatum
JQ398742	Root;Ascomycota;Saccharomycetes;Saccharomycetales;Pichiaceae;Komagataella;Komagataella_pastoris
EU266563	Root;Basidiomycota;Tremellomycetes;Filobasidiales;Filobasidiaceae;Filobasidium;Filobasidium_uniguttulatum
FJ231436	Root;Ascomycota;Saccharomycetes;Saccharomycetales;Saccharomycetaceae;Saccharomyces;Saccharomyces_cerevisiae
AB105146	Root;Ascomycota;Sordariomycetes;Diaporthales;Valsaceae;Phomopsis;Phomopsis_asparagi
UDB011673	Root;Basidiomycota;Agaricomycetes;Agaricales;Tricholomataceae;Melanoleuca;Melanoleuca_vulgaris
HM622269	Root;Basidiomycota;Agaricomycetes;Agaricales;Tricholomataceae;Melanoleuca;Melanoleuca_melaleuca
JF908346	Root;Basidiomycota;Agaricomycetes;Agaricales;Tricholomataceae;Melanoleuca;Melanoleuca_pseudoluscina
HM622268	Root;Basidiomycota;Agaricomycetes;Agaricales;Tricholomataceae;Melanoleuca;Melanoleuca_alboflavida
JN392453	Root;Basidiomycota;Agaricomycetes;Agaricales;Tricholomataceae;Melanoleuca;Melanoleuca_subpulverulenta
AJ889955	Root;Basidiomycota;Agaricomycetes;Agaricales;Cortinariaceae;Inocybe;Inocybe_napipes
UDB002216	Root;Basidiomycota;Agaricomycetes;Agaricales;Cortinariaceae;Cortinarius;Cortinarius_camphoratus
AY728200	Root;Glomeromycota;Glomeromycetes;Glomerales;Glomeraceae;Glomus;Glomus_intraradices
JQ724400	Root;Ascomycota;Eurotiomycetes;Eurotiales;Trichocomaceae;Aspergillus;Aspergillus_niger
AF335958	Root;Basidiomycota;Tremellomycetes;Tremellales;Trichosporonaceae;Trichosporon;Trichosporon_inkin
JQ313811	Root;Basidiomycota;Agaricomycetes;Cantharellales;Ceratobasidiaceae;Thanatephorus;Rhizoctonia_solani
JN021070	Root;Basidiomycota;Agaricomycetes;Boletales;Boletaceae;Phylloporus;Phylloporus_rhodoxanthus
EU819451	Root;Basidiomycota;Agaricomycetes;Boletales;Boletaceae;Boletus;Boletus_illudens
AY102860	Root;Basidiomycota;Agaricomycetes;Gomphales;Gomphaceae;Ramaria;Ramaria_sandaracina
AY344967	Root;Basidiomycota;Ustilaginomycetes;Ustilaginales;Cintractiaceae;Cintractia;Cintractia_axicola
AY345001	Root;Basidiomycota;Ustilaginomycetes;Ustilaginales;Ustilaginaceae;Ustilago;Ustilago_echinata
AY345006	Root;Basidiomycota;Ustilaginomycetes;Ustilaginales;Ustilaginaceae;Ustilago;Ustilago_schroeteriana
EU785444	Root;Ascomycota;Sordariomycetes;Ophiostomatales;Ophiostomataceae;Ophiostoma;Ophiostoma_ips
FJ039702	Root;Basidiomycota;Agaricomycetes;Agaricales;Cortinariaceae;Cortinarius;Cortinarius_saginus
AY174799	Root;Basidiomycota;Agaricomycetes;Agaricales;Cortinariaceae;Cortinarius;Cortinarius_triumphans
AY174802	Root;Basidiomycota;Agaricomycetes;Agaricales;Cortinariaceae;Cortinarius;Cortinarius_praestans
AY174805	Root;Basidiomycota;Agaricomycetes;Agaricales;Cortinariaceae;Cortinarius;Cortinarius_anserinus
AY174809	Root;Basidiomycota;Agaricomycetes;Agaricales;Cortinariaceae;Cortinarius;Cortinarius_caesiocortinatus
AY174811	Root;Basidiomycota;Agaricomycetes;Agaricales;Cortinariaceae;Cortinarius;Cortinarius_vulpinus
AY174812	Root;Basidiomycota;Agaricomycetes;Agaricales;Cortinariaceae;Cortinarius;Cortinarius_cumatilis
AY669523	Root;Basidiomycota;Agaricomycetes;Agaricales;Cortinariaceae;Cortinarius;Cortinarius_glaucopus_var_olivaceus
EU056990	Root;Basidiomycota;Agaricomycetes;Agaricales;Cortinariaceae;Cortinarius;Cortinarius_osmophorus
AY174817	Root;Basidiomycota;Agaricomycetes;Agaricales;Cortinariaceae;Cortinarius;Cortinarius_odorifer
EU057006	Root;Basidiomycota;Agaricomycetes;Agaricales;Cortinariaceae;Cortinarius;Cortinarius_dibaphus
DQ663213	Root;Basidiomycota;Agaricomycetes;Agaricales;Cortinariaceae;Cortinarius;Cortinarius_arcuatorum
EU057071	Root;Basidiomycota;Agaricomycetes;Agaricales;Cortinariaceae;Cortinarius;Cortinarius_claroflavus
FJ903283	Root;Ascomycota;Leotiomycetes;Helotiales;Sclerotiniaceae;Botryotinia;Botryotinia_fuckeliana
EU151483	Root;Ascomycota;Sordariomycetes;Hypocreales;Nectriaceae;Gibberella;Gibberella_moniliformis
AY194972	Root;Basidiomycota;Agaricomycetes;Agaricales;Amanitaceae;Amanita;Amanita_conicoverrucosa
AY194973	Root;Basidiomycota;Agaricomycetes;Agaricales;Amanitaceae;Amanita;Amanita_alboverrucosa
AY194974	Root;Basidiomycota;Agaricomycetes;Agaricales;Amanitaceae;Amanita;Amanita_fuscosquamosa
AY194977	Root;Basidiomycota;Agaricomycetes;Agaricales;Amanitaceae;Amanita;Amanita_ochrophylla
AY194978	Root;Basidiomycota;Agaricomycetes;Agaricales;Amanitaceae;Amanita;Amanita_punctata
AY194980	Root;Basidiomycota;Agaricomycetes;Agaricales;Amanitaceae;Amanita;Amanita_roseolamellata
AY194981	Root;Basidiomycota;Agaricomycetes;Agaricales;Amanitaceae;Amanita;Amanita_umbrinella
AY217135	Root;Basidiomycota;Pucciniomycetes;Pucciniales;Pucciniaceae;Puccinia;Puccinia_sessilis
AY220807	Root;Ascomycota;Pezizomycetes;Pezizales;Pyronemataceae;Scutellinia;Scutellinia_crinita
AY220810	Root;Ascomycota;Pezizomycetes;Pezizales;Pyronemataceae;Scutellinia;Scutellinia_nigrohirtula
AY220814	Root;Ascomycota;Pezizomycetes;Pezizales;Pyronemataceae;Scutellinia;Scutellinia_scutellata
AY220827	Root;Ascomycota;Pezizomycetes;Pezizales;Pyronemataceae;Scutellinia;Scutellinia_subhirtella
AY220829	Root;Ascomycota;Pezizomycetes;Pezizales;Pyronemataceae;Scutellinia;Scutellinia_colensoi
AY176449	Root;Basidiomycota;Agaricomycetes;Agaricales;Tricholomataceae;Leucopholiota;Leucopholiota_decorosa
AY176453	Root;Basidiomycota;Agaricomycetes;Agaricales;Amanitaceae;Limacella;Limacella_glioderma
EF612466	Root;Ascomycota;Sordariomycetes;Hypocreales;Bionectriaceae;Bionectria;Bionectria_pityrodes
AY254161	Root;Ascomycota;Sordariomycetes;Hypocreales;Nectriaceae;Nectria;Nectria_bactridioides
AY347340	Root;Ascomycota;Sordariomycetes;Diaporthales;Valsaceae;Valsa;Valsa_eucalypti
AY347346	Root;Ascomycota;Sordariomycetes;Diaporthales;Valsaceae;Valsa;Valsa_ambiens_subsp._leucostomoides
AY347344	Root;Ascomycota;Sordariomycetes;Diaporthales;Valsaceae;Valsa;Valsa_eugeniae
GQ996577	Root;Ascomycota;Sordariomycetes;Diaporthales;Gnomoniaceae;Sirococcus;Sirococcus_conigenus
AY349105	Root;Chytridiomycota;Chytridiomycetes;Rhizophlyctidales;Rhizophlyctidaceae;Rhizophlyctis;Rhizophlyctis_rosea
AY442360	Root;Glomeromycota;Glomeromycetes;Diversisporales;Gigasporaceae;Gigaspora;Gigaspora_margarita
AJ517778	Root;Glomeromycota;Glomeromycetes;Glomerales;Glomeraceae;Glomus;Glomus_intraradices
AJ517780	Root;Glomeromycota;Glomeromycetes;Glomerales;Glomeraceae;Glomus;Glomus_intraradices
GQ388713	Root;Glomeromycota;Glomeromycetes;Glomerales;Glomeraceae;Glomus;Glomus_claroideum
AJ567741	Root;Glomeromycota;Glomeromycetes;Glomerales;Glomeraceae;Glomus;Glomus_claroideum
AY456341	Root;Basidiomycota;Agaricomycetes;Polyporales;Ganodermataceae;Ganoderma;Ganoderma_lucidum
AY375446	Root;Ascomycota;Sordariomycetes;Hypocreales;Clavicipitaceae;Metarhizium;Metarhizium_album
AY375447	Root;Ascomycota;Sordariomycetes;Hypocreales;Clavicipitaceae;Metarhizium;Metarhizium_flavoviride
AY375449	Root;Ascomycota;Sordariomycetes;Hypocreales;Clavicipitaceae;Metarhizium;Metarhizium_flavoviride
AY373015	Root;Chytridiomycota;Chytridiomycetes;Olpidiaceae;Olpidium;Olpidium_brassicae;Olpidium_brassicae
AY509800	Root;Ascomycota;Lecanoromycetes;Lecanorales;Lecanoraceae;Rhizoplaca;Rhizoplaca_chrysoleuca
AY395800	Root;Basidiomycota;Tremellomycetes;Filobasidiales;Filobasidiaceae;Cryptococcus;Cryptococcus_paraflavus
FJ548825	Root;Ascomycota;Eurotiomycetes;Eurotiales;Trichocomaceae;Talaromyces;Talaromyces_thermophilus
AY386832	Root;Basidiomycota;Agaricomycetes;Agaricales;Cortinariaceae;Gymnopilus;Gymnopilus_allochrous
FJ441038	Root;Basidiomycota;Agaricomycetes;Agaricales;Amanitaceae;Amanita;Amanita_hemibapha
AJ419192	Root;Basidiomycota;Agaricomycetes;Boletales;Boletaceae;Boletinellus;Boletinellus_rompelii
EU886742	Root;Ascomycota;Sordariomycetes;Hypocreales;Clavicipitaceae;Beauveria;Beauveria_bassiana
U35288	Root;Ascomycota;Sordariomycetes;Hypocreales;Clavicipitaceae;Beauveria;Beauveria_vermiconia
EU402573	Root;Basidiomycota;Agaricomycetes;Polyporales;Polyporaceae;Laetiporus;Laetiporus_huroniensis
GQ167231	Root;Ascomycota;Sordariomycetes;Hypocreales;Nectriaceae;Gibberella;Fusarium_proliferatum
GQ505465	Root;Ascomycota;Sordariomycetes;Hypocreales;Nectriaceae;Fusarium;Fusarium_flocciferum
AY515357	Root;Ascomycota;Sordariomycetes;Sordariales;Lasiosphaeriaceae;Podospora;Podospora_curvuloides
EF197078	Root;Ascomycota;Sordariomycetes;Sordariales;Lasiosphaeriaceae;Podospora;Podospora_formosana
AY515360	Root;Ascomycota;Sordariomycetes;Sordariales;Lasiosphaeriaceae;Podospora;Podospora_ellisiana
EF197077	Root;Ascomycota;Sordariomycetes;Sordariales;Lasiosphaeriaceae;Podospora;Podospora_fimiseda
AY515362	Root;Ascomycota;Sordariomycetes;Sordariales;Lasiosphaeriaceae;Podospora;Podospora_miniglutinans
GQ922572	Root;Ascomycota;Sordariomycetes;Sordariales;Lasiosphaeriaceae;Podospora;Podospora_tetraspora
JQ723149	Root;Ascomycota;Pezizomycetes;Pezizales;Morchellaceae;Disciotis;Disciotis_venosa
DQ297556	Root;Ascomycota;Sordariomycetes;Hypocreales;Nectriaceae;Fusarium;Fusarium_poae
AF111064	Root;Ascomycota;Sordariomycetes;Hypocreales;Nectriaceae;Gibberella;Fusarium_heterosporum
AF097903	Root;Ascomycota;Lecanoromycetes;Lecanorales;Parmeliaceae;Platismatia;Platismatia_tuckermanii
AF444362	Root;Basidiomycota;Tremellomycetes;Filobasidiales;Filobasidiaceae;Cryptococcus;Cryptococcus_arrabidensis
DQ449026	Root;Basidiomycota;Agaricomycetes;Atheliales;Atheliaceae;Athelia;Athelia_bombacina
U85797	Root;Basidiomycota;Agaricomycetes;Atheliales;Atheliaceae;Athelia;Athelia_decipiens
U85799	Root;Basidiomycota;Agaricomycetes;Atheliales;Atheliaceae;Athelia;Athelia_pellicularis
U03520	Root;Ascomycota;Eurotiomycetes;Eurotiales;Trichocomaceae;Emericella;Emericella_nidulans
AY452499	Root;Ascomycota;Lecanoromycetes;Teloschistales;Caliciaceae;Tholurna;Tholurna_dissimilis
AY436464	Root;Basidiomycota;Agaricomycetes;Agaricales;Amanitaceae;Amanita;Amanita_orientifulva
AY436472	Root;Basidiomycota;Agaricomycetes;Agaricales;Amanitaceae;Amanita;Amanita_pseudogemmata
FJ375329	Root;Basidiomycota;Agaricomycetes;Agaricales;Amanitaceae;Amanita;Amanita_rubrovolvata
AY462033	Root;Basidiomycota;Agaricomycetes;Agaricales;Tricholomataceae;Tricholoma;Tricholoma_sulphureum
AY348713	Root;Basidiomycota;Pucciniomycetes;Pucciniales;Pucciniaceae;Puccinia;Puccinia_boroniae
FJ378883	Root;Ascomycota;Leotiomycetes;Erysiphales;Erysiphaceae;Microsphaera;Erysiphe_trifolii
AF059597	Root;Basidiomycota;Agaricomycetes;Agaricales;Strophariaceae;Stropharia;Stropharia_rugosoannulata
AY498662	Root;Ascomycota;Lecanoromycetes;Teloschistales;Physciaceae;Phaeophyscia;Phaeophyscia_hirtuosa
AY498663	Root;Ascomycota;Lecanoromycetes;Teloschistales;Physciaceae;Phaeophyscia;Phaeophyscia_primaria
AY498660	Root;Ascomycota;Lecanoromycetes;Teloschistales;Physciaceae;Phaeophyscia;Phaeophyscia_primaria
AY498665	Root;Ascomycota;Lecanoromycetes;Teloschistales;Physciaceae;Pyxine;Pyxine_sorediata
AY498676	Root;Ascomycota;Lecanoromycetes;Teloschistales;Physciaceae;Phaeophyscia;Phaeophyscia_ciliata
AY498673	Root;Ascomycota;Lecanoromycetes;Teloschistales;Physciaceae;Phaeophyscia;Phaeophyscia_hispidula
AY498682	Root;Ascomycota;Lecanoromycetes;Teloschistales;Physciaceae;Pyxine;Pyxine_sorediata
AY498683	Root;Ascomycota;Lecanoromycetes;Teloschistales;Physciaceae;Pyxine;Pyxine_sorediata
AY498687	Root;Ascomycota;Lecanoromycetes;Teloschistales;Physciaceae;Heterodermia;Heterodermia_japonica
AY498688	Root;Ascomycota;Lecanoromycetes;Teloschistales;Physciaceae;Heterodermia;Heterodermia_pellucida
AF096216	Root;Ascomycota;Lecanoromycetes;Umbilicariales;Umbilicariaceae;Umbilicaria;Umbilicaria_hyperborea
AF096211	Root;Ascomycota;Lecanoromycetes;Umbilicariales;Umbilicariaceae;Umbilicaria;Umbilicaria_leiocarpa
AF096218	Root;Ascomycota;Lecanoromycetes;Umbilicariales;Umbilicariaceae;Umbilicaria;Umbilicaria_americana
AF096219	Root;Ascomycota;Lecanoromycetes;Umbilicariales;Umbilicariaceae;Umbilicaria;Umbilicaria_ruebeliana
AF117353	Root;Ascomycota;Pezizomycetes;Pezizales;Sarcoscyphaceae;Phillipsia;Phillipsia_carnicolor
AF117355	Root;Ascomycota;Pezizomycetes;Pezizales;Sarcoscyphaceae;Phillipsia;Phillipsia_crispata
AY534580	Root;Basidiomycota;Agaricomycetes;Russulales;Hericiaceae;Hericium;Hericium_alpestre
EU070913	Root;Ascomycota;Sordariomycetes;Phyllachorales;Phyllachoraceae;Colletotrichum;Colletotrichum_destructivum
AY485785	Root;Ascomycota;Sordariomycetes;Diaporthales;Diaporthaceae;Diaporthe;Diaporthe_perjuncta
AY555731	Root;Ascomycota;Sordariomycetes;Xylariales;Xylariaceae;Muscodor;Muscodor_albus
AY557601	Root;Basidiomycota;Tremellomycetes;Filobasidiales;Filobasidiaceae;Cryptococcus;Cryptococcus_taibaiensis
AY487975	Root;Basidiomycota;Agaricomycetes;Geastrales;Geastraceae;Sphaerobolus;Sphaerobolus_stellatus
EU239393	Root;Basidiomycota;Agaricomycetes;Polyporales;Ganodermataceae;Ganoderma;Ganoderma_weberianum
AJ508681	Root;Ascomycota;Lecanoromycetes;Ostropales;Thelotremataceae;Ocellularia;Ocellularia_interponenda
AY569025	Root;Basidiomycota;Agaricomycetes;Thelephorales;Bankeraceae;Hydnellum;Hydnellum_concrescens
AY569026	Root;Basidiomycota;Agaricomycetes;Thelephorales;Bankeraceae;Hydnellum;Hydnellum_cumulatum
AY569027	Root;Basidiomycota;Agaricomycetes;Thelephorales;Bankeraceae;Hydnellum;Hydnellum_cyanopodium
AF122028	Root;Ascomycota;Sordariomycetes;Hypocreales;Ophiocordycipitaceae;Ophiocordyceps;Ophiocordyceps_sinensis
AY725558	Root;Ascomycota;Dothideomycetes;Capnodiales;Teratosphaeriaceae;Teratosphaeria;Teratosphaeria_mexicana
GQ411058	Root;Ascomycota;Dothideomycetes;Capnodiales;Teratosphaeriaceae;Teratosphaeria;Teratosphaeria_nubilosa
AY509802	Root;Ascomycota;Lecanoromycetes;Lecanorales;Lecanoraceae;Rhizoplaca;Rhizoplaca_peltata
AY513137	Root;Basidiomycota;Agaricomycetes;Russulales;Auriscalpiaceae;Lentinellus;Lentinellus_perstrictifolius
AY513142	Root;Basidiomycota;Agaricomycetes;Russulales;Auriscalpiaceae;Lentinellus;Lentinellus_cystidiosus
AY513156	Root;Basidiomycota;Agaricomycetes;Russulales;Auriscalpiaceae;Lentinellus;Lentinellus_micheneri
AY513175	Root;Basidiomycota;Agaricomycetes;Russulales;Auriscalpiaceae;Lentinellus;Lentinellus_castoreus
AY513182	Root;Basidiomycota;Agaricomycetes;Russulales;Auriscalpiaceae;Lentinellus;Lentinellus_castoreus
AY513187	Root;Basidiomycota;Agaricomycetes;Russulales;Auriscalpiaceae;Lentinellus;Lentinellus_castoreus_f_galeiformis
AY513195	Root;Basidiomycota;Agaricomycetes;Russulales;Auriscalpiaceae;Lentinellus;Lentinellus_castoreus
AY513197	Root;Basidiomycota;Agaricomycetes;Russulales;Auriscalpiaceae;Lentinellus;Lentinellus_auricula
AY513200	Root;Basidiomycota;Agaricomycetes;Russulales;Auriscalpiaceae;Lentinellus;Lentinellus_tridentinus
AB015678	Root;Basidiomycota;Agaricomycetes;Agaricales;Amanitaceae;Amanita;Amanita_longistriata
FJ441043	Root;Basidiomycota;Agaricomycetes;Agaricales;Amanitaceae;Amanita;Amanita_griseofolia
AB015684	Root;Basidiomycota;Agaricomycetes;Agaricales;Amanitaceae;Amanita;Amanita_japonica
AB015685	Root;Basidiomycota;Agaricomycetes;Agaricales;Amanitaceae;Amanita;Amanita_abrupta
AB015688	Root;Basidiomycota;Agaricomycetes;Agaricales;Amanitaceae;Amanita;Amanita_melleiceps
AB015690	Root;Basidiomycota;Agaricomycetes;Agaricales;Amanitaceae;Amanita;Amanita_sychnopyramis_f_subannulata
AB015691	Root;Basidiomycota;Agaricomycetes;Agaricales;Amanitaceae;Amanita;Amanita_vaginata
AB015692	Root;Basidiomycota;Agaricomycetes;Agaricales;Amanitaceae;Amanita;Amanita_fulva
AB015697	Root;Basidiomycota;Agaricomycetes;Agaricales;Amanitaceae;Amanita;Amanita_hemibapha
AB015698	Root;Basidiomycota;Agaricomycetes;Agaricales;Amanitaceae;Amanita;Amanita_hemibapha
AB000945	Root;Ascomycota;Leotiomycetes;Erysiphales;Erysiphaceae;Podosphaera;Podosphaera_longiseta
AY527404	Root;Ascomycota;Eurotiomycetes;Onygenales;Ajellomycetaceae;Ajellomyces;Ajellomyces_grisea
AY527405	Root;Ascomycota;Eurotiomycetes;Onygenales;Ajellomycetaceae;Polytolypa;Polytolypa_hystricis
AY527406	Root;Ascomycota;Eurotiomycetes;Onygenales;Ajellomycetaceae;Spiromastix;Spiromastix_tentaculatum
L43377	Root;Basidiomycota;Agaricomycetes;Polyporales;Meruliaceae;Phlebia;Phlebia_albida
L43378	Root;Basidiomycota;Agaricomycetes;Polyporales;Meruliaceae;Phlebia;Phlebia_albomellea
DQ320135	Root;Basidiomycota;Agaricomycetes;Polyporales;Meruliaceae;Phlebia;Phlebia_centrifuga
AY588248	Root;Basidiomycota;Agaricomycetes;Russulales;Auriscalpiaceae;Artomyces;Artomyces_pyxidatus
AJ608668	Root;Basidiomycota;Tremellomycetes;Tremellales;Cuniculitremaceae;Fellomyces;Fellomyces_mexicanus
AF444404	Root;Basidiomycota;Tremellomycetes;Tremellales;Cuniculitremaceae;Fellomyces;Fellomyces_horovitziae
AF444459	Root;Basidiomycota;Tremellomycetes;Tremellales;Cuniculitremaceae;Fellomyces;Fellomyces_borneensis
AY544779	Root;Basidiomycota;Agaricomycetes;Boletales;Boletaceae;Leccinum;Leccinum_talamancae
AB125954	Root;Basidiomycota;Pucciniomycetes;Pucciniales;Pucciniaceae;Puccinia;Puccinia_convolvuli
AY552327	Root;Basidiomycota;Microbotryomycetes;Sporidiobolales;Sporidiobolaceae;Sporidiobolus;Sporidiobolus_longiusculus
AY541248	Root;Ascomycota;Lecanoromycetes;Lecanorales;Lecanoraceae;Lecanora;Lecanora_carpinea
DQ534471	Root;Ascomycota;Lecanoromycetes;Lecanorales;Lecanoraceae;Lecidella;Lecidella_carpathica
AY541278	Root;Ascomycota;Lecanoromycetes;Lecanorales;Ramalinaceae;Tephromela;Tephromela_armeniaca
EU558677	Root;Ascomycota;Lecanoromycetes;Lecanorales;Ramalinaceae;Tephromela;Tephromela_atra
AY533697	Root;Ascomycota;Eurotiomycetes;Eurotiales;Trichocomaceae;Talaromyces;Talaromyces_wortmannii
AY533702	Root;Ascomycota;Eurotiomycetes;Eurotiales;Trichocomaceae;Talaromyces;Talaromyces_trachyspermus
AF138833	Root;Ascomycota;Arthoniomycetes;Arthoniales;Arthoniaceae;Sagenidiopsis;Sagenidiopsis_undulata
AF138834	Root;Ascomycota;Arthoniomycetes;Arthoniales;Arthoniaceae;Sagenidiopsis;Sagenidiopsis_undulata
AF138836	Root;Ascomycota;Arthoniomycetes;Arthoniales;Roccellaceae;Lecanactis;Lecanactis_epileuca
AY621777	Root;Basidiomycota;Agaricomycetes;Russulales;Albatrellaceae;Leucophleps;Leucophleps_spinispora
AY621801	Root;Basidiomycota;Agaricomycetes;Russulales;Albatrellaceae;Leucophleps;Leucophleps_spinispora
AY621803	Root;Basidiomycota;Agaricomycetes;Russulales;Albatrellaceae;Albatrellus;Albatrellus_ellisii
AY548804	Root;Ascomycota;Arthoniomycetes;Arthoniales;Roccellaceae;Lecanactis;Lecanactis_abietina
AY548806	Root;Ascomycota;Arthoniomycetes;Arthoniales;Roccellaceae;Roccella;Roccella_boergesenii
FN185932	Root;Ascomycota;Lecanoromycetes;Umbilicariales;Umbilicariaceae;Umbilicaria;Umbilicaria_antarctica
AY603134	Root;Ascomycota;Lecanoromycetes;Umbilicariales;Umbilicariaceae;Umbilicaria;Umbilicaria_krascheninnikovii
AY603496	Root;Ascomycota;Sordariomycetes;Xylariales;Xylariaceae;Emarcea;Emarcea_castanopsidicola
FJ946484	Root;Ascomycota;Sordariomycetes;Microascales;Microascaceae;Scopulariopsis;Scopulariopsis_hibernica
EF570499	Root;Ascomycota;Dothideomycetes;Botryosphaeriales;Botryosphaeriaceae;Neoscytalidium;Neoscytalidium_dimidiatum
AY551994	Root;Ascomycota;Lecanoromycetes;Peltigerales;Nephromataceae;Nephroma;Nephroma_arcticum
AY621003	Root;Ascomycota;Sordariomycetes;Xylariales;Diatrypaceae;Libertella;Libertella_blepharis
AJ617490	Root;Basidiomycota;Agaricomycetes;Agaricales;Lycoperdaceae;Lycoperdon;Handkea_utriformis
AF058033	Root;Ascomycota;Lecanoromycetes;Lecanorales;Parmeliaceae;Evernia;Evernia_prunastri
AF058038	Root;Ascomycota;Lecanoromycetes;Lecanorales;Parmeliaceae;Vulpicida;Vulpicida_juniperina
AF058039	Root;Ascomycota;Lecanoromycetes;Lecanorales;Parmeliaceae;Vulpicida;Vulpicida_pinastri
AY444771	Root;Basidiomycota;Pucciniomycetes;Pucciniales;Melampsoraceae;Melampsora;Melampsora_laricis_pentandrae
AY572970	Root;Ascomycota;Sordariomycetes;Xylariales;Xylariaceae;Podosordaria;Podosordaria_tulasnei
AF126818	Root;Ascomycota;Dothideomycetes;Pleosporales;Phaeosphaeriaceae;Ampelomyces;Ampelomyces_quisqualis
AF126893	Root;Basidiomycota;Agaricomycetes;Polyporales;Steccherinaceae;Antrodiella;Antrodiella_hoehnelii
AF126883	Root;Basidiomycota;Agaricomycetes;Polyporales;Steccherinaceae;Antrodiella;Antrodiella_semisupina
AF126906	Root;Basidiomycota;Agaricomycetes;Polyporales;Steccherinaceae;Steccherinum;Steccherinum_ochraceum
AF126907	Root;Basidiomycota;Agaricomycetes;Polyporales;Polyporaceae;Tyromyces;Tyromyces_canadensis
AJ237631	Root;Basidiomycota;Agaricomycetes;Agaricales;Lycoperdaceae;Bovista;Bovista_pusilla
AJ237622	Root;Basidiomycota;Agaricomycetes;Agaricales;Lycoperdaceae;Lycoperdon;Lycoperdon_echinatum
DQ112554	Root;Basidiomycota;Agaricomycetes;Agaricales;Lycoperdaceae;Vascellum;Vascellum_pratense
AB158634	Root;Basidiomycota;Agaricomycetes;Agaricales;Strophariaceae;Psilocybe;Psilocybe_coprophila
AY571061	Root;Basidiomycota;Agaricomycetes;Agaricales;Tricholomataceae;Resupinatus;Resupinatus_conspersus
AY667582	Root;Ascomycota;Lecanoromycetes;Lecideales;Lecideaceae;Lecidea;Lecidea_cancriformis
AY646370	Root;Ascomycota;Sordariomycetes;Hypocreales;Clavicipitaceae;Metarhizium;Metarhizium_flavoviride
AY646376	Root;Ascomycota;Sordariomycetes;Hypocreales;Clavicipitaceae;Metarhizium;Metarhizium_flavoviride
AY624203	Root;Ascomycota;Sordariomycetes;Hypocreales;Clavicipitaceae;Metarhizium;Metarhizium_flavoviride
AY646383	Root;Ascomycota;Sordariomycetes;Hypocreales;Clavicipitaceae;Metarhizium;Metarhizium_flavoviride_var_flavoviride
AY646394	Root;Ascomycota;Sordariomycetes;Hypocreales;Clavicipitaceae;Metarhizium;Metarhizium_flavoviride
FJ617345	Root;Ascomycota;Sordariomycetes;Hypocreales;Clavicipitaceae;Metarhizium;Metarhizium_frigidum
AY684220	Root;Ascomycota;Sordariomycetes;Xylariales;Diatrypaceae;Eutypa;Eutypa_sparsa
DQ006922	Root;Ascomycota;Sordariomycetes;Xylariales;Diatrypaceae;Eutypa;Eutypa_lejoplaca
DQ006926	Root;Ascomycota;Sordariomycetes;Xylariales;Diatrypaceae;Eutypa;Eutypa_maura
AJ585509	Root;Basidiomycota;Agaricomycetes;Agaricales;Cortinariaceae;Galerina;Galerina_pruinatipes
AY587932	Root;Ascomycota;Sordariomycetes;Sordariales;Lasiosphaeriaceae;Lasiosphaeria;Lasiosphaeria_rugulosa
AY587934	Root;Ascomycota;Sordariomycetes;Sordariales;Lasiosphaeriaceae;Lasiosphaeria;Lasiosphaeria_sorbina
EU331087	Root;Ascomycota;Orbiliomycetes;Orbiliales;Orbiliaceae;Arthrobotrys;Arthrobotrys_flagrans
AF106524	Root;Ascomycota;Orbiliomycetes;Orbiliales;Orbiliaceae;Dactylellina;Dactylellina_lobata
AF106525	Root;Ascomycota;Orbiliomycetes;Orbiliales;Orbiliaceae;Monacrosporium;Monacrosporium_psychrophilum
AF106527	Root;Ascomycota;Orbiliomycetes;Orbiliales;Orbiliaceae;Arthrobotrys;Arthrobotrys_arcuata
AF106528	Root;Ascomycota;Orbiliomycetes;Orbiliales;Orbiliaceae;Monacrosporium;Monacrosporium_eudermatum
AF106531	Root;Ascomycota;Orbiliomycetes;Orbiliales;Orbiliaceae;Dactylellina;Dactylellina_appendiculata
DQ494351	Root;Ascomycota;Orbiliomycetes;Orbiliales;Orbiliaceae;Dactylella;Dactylella_oxyspora
EU520216	Root;Ascomycota;Sordariomycetes;Diaporthales;Valsaceae;Valsa;Valsa_sordida
AY695067	Root;Ascomycota;Orbiliomycetes;Orbiliales;Orbiliaceae;Dactylella;Dactylella_lysipaga
AY558744	Root;Ascomycota;Lecanoromycetes;Lecanorales;Parmeliaceae;Bryoria;Bryoria_fremontii
AY558750	Root;Basidiomycota;Agaricomycetes;Gomphales;Gomphaceae;Gautieria;Gautieria_caudata
AY558779	Root;Basidiomycota;Agaricomycetes;Russulales;Albatrellaceae;Leucogaster;Leucogaster_microsporus
AY558780	Root;Basidiomycota;Agaricomycetes;Russulales;Albatrellaceae;Leucogaster;Leucogaster_rubescens
AY558781	Root;Basidiomycota;Agaricomycetes;Russulales;Albatrellaceae;Leucogaster;Leucogaster_rubescens
AY558785	Root;Basidiomycota;Agaricomycetes;Russulales;Albatrellaceae;Leucophleps;Leucophleps_spinispora
AY558791	Root;Basidiomycota;Agaricomycetes;Russulales;Albatrellaceae;Mycolevis;Mycolevis_siccigleba
AY558793	Root;Basidiomycota;Agaricomycetes;Agaricales;Strophariaceae;Nivatogastrium;Nivatogastrium_nubigenum
AB164370	Root;Basidiomycota;Tremellomycetes;Tremellales;Trichosporonaceae;Trichosporon;Trichosporon_siamense
AY599565	Root;Basidiomycota;Agaricomycetes;Polyporales;Fomitopsidaceae;Postia;Postia_leucomallela
AY599579	Root;Basidiomycota;Agaricomycetes;Polyporales;Fomitopsidaceae;Postia;Postia_caesia
AY245629	Root;Ascomycota;Sordariomycetes;Hypocreales;Ophiocordycipitaceae;Ophiocordyceps;Ophiocordyceps_dipterigena
GU322444	Root;Ascomycota;Sordariomycetes;Xylariales;Xylariaceae;Xylaria;Xylaria_curta
AY661686	Root;Ascomycota;Lecanoromycetes;Ostropales;Stictidaceae;Stictis;Stictis_urceolatum
UDB000616	Root;Basidiomycota;Agaricomycetes;Agaricales;Cortinariaceae;Inocybe;Inocybe_curvipes
AJ716159	Root;Basidiomycota;Agaricomycetes;Agaricales;Inocybaceae;Phaeomyces;Phaeomyces_kuwaitiensis
AJ786552	Root;Ascomycota;Sordariomycetes;Hypocreales;Clavicipitaceae;Cordyceps;Cordyceps_tuberculata
AJ786582	Root;Ascomycota;Sordariomycetes;Hypocreales;Ophiocordycipitaceae;Ophiocordyceps;Ophiocordyceps_myrmecophila
Z37071	Root;Basidiomycota;Agaricomycetes;Polyporales;Ganodermataceae;Tomophagus;Tomophagus_colossus
AJ586528	Root;Ascomycota;Saccharomycetes;Saccharomycetales;Saccharomycetaceae;Debaryomyces;Debaryomyces_etchellsii
AY755347	Root;Ascomycota;Leotiomycetes;Helotiales;Helotiaceae;Chlorociboria;Chlorociboria_albohymenia
AY755352	Root;Ascomycota;Leotiomycetes;Helotiales;Helotiaceae;Chlorociboria;Chlorociboria_poutoensis
AY755353	Root;Ascomycota;Leotiomycetes;Helotiales;Helotiaceae;Chlorociboria;Chlorociboria_pardalota
AY755358	Root;Ascomycota;Leotiomycetes;Helotiales;Helotiaceae;Chlorociboria;Chlorociboria_aeruginascens
AY753583	Root;Ascomycota;Lecanoromycetes;Lecanorales;Cladoniaceae;Cladonia;Cladonia_prostrata
EU882107	Root;Ascomycota;Dothideomycetes;Capnodiales;Mycosphaerellaceae;Mycosphaerella;Mycosphaerella_vietnamensis
AY750158	Root;Basidiomycota;Agaricomycetes;Boletales;Boletaceae;Boletus;Boletus_zelleri
EU597073	Root;Basidiomycota;Agaricomycetes;Agaricales;Amanitaceae;Amanita;Amanita_constricta
AB193687	Root;Ascomycota;Eurotiomycetes;Onygenales;Arthrodermataceae;Arthroderma;Arthroderma_incurvatum
DQ860783	Root;Ascomycota;Eurotiomycetes;Onygenales;Arthrodermataceae;Arthroderma;Arthroderma_cajetani
AB193713	Root;Ascomycota;Eurotiomycetes;Onygenales;Arthrodermataceae;Arthroderma;Arthroderma_cajetani
FJ897709	Root;Ascomycota;Eurotiomycetes;Onygenales;Arthrodermataceae;Arthroderma;Arthroderma_fulvum
AY789478	Root;Ascomycota;Leotiomycetes;Erysiphales;Erysiphaceae;Erysiphe;Erysiphe_australiana
AF079584	Root;Basidiomycota;Agaricomycetes;Polyporales;Ganodermataceae;Ganoderma;Ganoderma_lucidum
AY789077	Root;Basidiomycota;Agaricostilbomycetes;Agaricostilbales;Agaricostilbaceae;Agaricostilbum;Agaricostilbum_hyphaenes
AY789078	Root;Basidiomycota;Agaricomycetes;Russulales;Albatrellaceae;Albatrellus;Albatrellus_higanensis
FJ596912	Root;Basidiomycota;Agaricomycetes;Agaricales;Tricholomataceae;Clitocybe;Clitocybe_subclavipes
AY789083	Root;Basidiomycota;Dacrymycetes;Dacrymycetales;Dacrymycetaceae;Calocera;Calocera_cornea
DQ119115	Root;Ascomycota;Sordariomycetes;Hypocreales;Clavicipitaceae;Neotyphodium;Neotyphodium_coenophialum
L27658	Root;Ascomycota;Pneumocystidomycetes;Pneumocystidales;Pneumocystidaceae;Pneumocystis;Pneumocystis_wakefieldiae
EU012333	Root;Ascomycota;Leotiomycetes;Helotiales;Sclerotiniaceae;Streptobotrys;Streptobotrys_streptothrix
EU692761	Root;Basidiomycota;Exobasidiomycetes;Exobasidiales;Exobasidiaceae;Exobasidium;Exobasidium_gracile
AB180349	Root;Basidiomycota;Exobasidiomycetes;Exobasidiales;Exobasidiaceae;Exobasidium;Exobasidium_woronichinii
AB180350	Root;Basidiomycota;Exobasidiomycetes;Exobasidiales;Exobasidiaceae;Exobasidium;Exobasidium_inconspicuum
AB180678	Root;Basidiomycota;Exobasidiomycetes;Exobasidiales;Exobasidiaceae;Exobasidium;Exobasidium_symploci_japonicae_var_symploci_japonicae
AB180352	Root;Basidiomycota;Exobasidiomycetes;Exobasidiales;Exobasidiaceae;Exobasidium;Exobasidium_pachysporum
AB180353	Root;Basidiomycota;Exobasidiomycetes;Exobasidiales;Exobasidiaceae;Exobasidium;Exobasidium_sawadae
EU692776	Root;Basidiomycota;Exobasidiomycetes;Exobasidiales;Exobasidiaceae;Exobasidium;Exobasidium_pulchrum
AB180362	Root;Basidiomycota;Exobasidiomycetes;Exobasidiales;Exobasidiaceae;Exobasidium;Exobasidium_vaccinii
AB180364	Root;Basidiomycota;Exobasidiomycetes;Exobasidiales;Exobasidiaceae;Exobasidium;Exobasidium_bisporum
AB180367	Root;Basidiomycota;Exobasidiomycetes;Exobasidiales;Exobasidiaceae;Exobasidium;Exobasidium_pieridis_ovalifoliae
AB180369	Root;Basidiomycota;Exobasidiomycetes;Exobasidiales;Exobasidiaceae;Exobasidium;Exobasidium_reticulatum
AB180372	Root;Basidiomycota;Exobasidiomycetes;Exobasidiales;Exobasidiaceae;Exobasidium;Exobasidium_pieridis_ovalifoliae
AY790539	Root;Ascomycota;Saccharomycetes;Saccharomycetales;Pichiaceae;Pichia;Pichia_deserticola
AY818350	Root;Basidiomycota;Agaricomycetes;Agaricales;Strophariaceae;Stropharia;Stropharia_ambigua
AY822014	Root;Basidiomycota;Agaricomycetes;Agaricales;Tricholomataceae;Collybia;Collybia_johnstonii
AB180682	Root;Basidiomycota;Exobasidiomycetes;Exobasidiales;Exobasidiaceae;Exobasidium;Exobasidium_caucasicum
AY652759	Root;Basidiomycota;Pucciniomycetes;Pucciniales;Pucciniaceae;Endophyllum;Endophyllum_dimorphothecae
AY652761	Root;Basidiomycota;Pucciniomycetes;Pucciniales;Pucciniaceae;Endophyllum;Endophyllum_elytropappi
FJ810176	Root;Basidiomycota;Agaricomycetes;Polyporales;Polyporaceae;Trametes;Trametes_suaveolens
AF145446	Root;Basidiomycota;Agaricomycetes;Agaricales;Tricholomataceae;Tricholoma;Tricholoma_matsutake
AY672926	Root;Basidiomycota;Agaricomycetes;Polyporales;Polyporaceae;Oligoporus;Postia_sericeomollis
AY833058	Root;Ascomycota;Leotiomycetes;Helotiales;Helotiaceae;Bisporella;Bisporella_citrina
AY830857	Root;Ascomycota;Pezizomycetes;Pezizales;Pyronemataceae;Genea;Genea_gardneri
AB295458	Root;Ascomycota;Leotiomycetes;Erysiphales;Erysiphaceae;Erysiphe;Erysiphe_syringae_japonicae
AY725514	Root;Ascomycota;Dothideomycetes;Capnodiales;Teratosphaeriaceae;Teratosphaeria;Teratosphaeria_juvenalis
AY725523	Root;Ascomycota;Dothideomycetes;Capnodiales;Mycosphaerellaceae;Passalora;Passalora_zambiae
AB176616	Root;Ascomycota;Eurotiomycetes;Eurotiales;Trichocomaceae;Talaromyces;Talaromyces_emodensis
AY854067	Root;Basidiomycota;Agaricomycetes;Boletales;Hygrophoropsidaceae;Hygrophoropsis;Hygrophoropsis_aurantiaca
AY854068	Root;Basidiomycota;Agaricomycetes;Boletales;Boletaceae;Strobilomyces;Strobilomyces_floccopus
AY854070	Root;Basidiomycota;Dacrymycetes;Dacrymycetales;Dacrymycetaceae;Dacryopinax;Dacryopinax_spathularia
AY854071	Root;Basidiomycota;Agaricomycetes;Agaricales;Clavariaceae;Clavaria;Clavaria_zollingeri
AY854072	Root;Basidiomycota;Agaricomycetes;Agaricales;Tricholomataceae;Collybia;Collybia_tuberosa
AY854075	Root;Basidiomycota;Agaricomycetes;Agaricales;Lycoperdaceae;Lycoperdon;Lycoperdon_pyriforme
AY854082	Root;Basidiomycota;Agaricomycetes;Polyporales;Meruliaceae;Climacodon;Climacodon_septentrionalis
AJ698475	Root;Ascomycota;Pezizomycetes;Pezizales;Morchellaceae;Morchella;Morchella_esculenta
GQ304945	Root;Ascomycota;Pezizomycetes;Pezizales;Morchellaceae;Ptychoverpa;Verpa_bohemica
AF141636	Root;Basidiomycota;Agaricomycetes;Polyporales;Polyporaceae;Trichaptum;Trichaptum_abietinum
AF141637	Root;Basidiomycota;Agaricomycetes;Agaricales;Cyphellaceae;Gloeostereum;Gloeostereum_incarnatum
AY740164	Root;Basidiomycota;Ustilaginomycetes;Ustilaginales;Ustilaginaceae;Macalpinomyces;Macalpinomyces
AY740165	Root;Basidiomycota;Ustilaginomycetes;Ustilaginales;Ustilaginaceae;Ustilago;Ustilago_alcornii
AY669519	Root;Basidiomycota;Agaricomycetes;Agaricales;Cortinariaceae;Cortinarius;Cortinarius_caesiostramineus
AY669521	Root;Basidiomycota;Agaricomycetes;Agaricales;Cortinariaceae;Cortinarius;Cortinarius_populinus
AY669522	Root;Basidiomycota;Agaricomycetes;Agaricales;Cortinariaceae;Cortinarius;Cortinarius_claricolor
DQ083786	Root;Basidiomycota;Agaricomycetes;Agaricales;Cortinariaceae;Cortinarius;Cortinarius_gracilior
AY669529	Root;Basidiomycota;Agaricomycetes;Agaricales;Cortinariaceae;Cortinarius;Cortinarius_percomis
AY669537	Root;Basidiomycota;Agaricomycetes;Agaricales;Cortinariaceae;Cortinarius;Cortinarius_aleuriosmus
AY669538	Root;Basidiomycota;Agaricomycetes;Agaricales;Cortinariaceae;Cortinarius;Cortinarius_purpurascens_var_largusoides
FJ195643	Root;Basidiomycota;Agaricomycetes;Agaricales;Cortinariaceae;Cortinarius;Cortinarius_lepistoides
AY669541	Root;Basidiomycota;Agaricomycetes;Agaricales;Cortinariaceae;Cortinarius;Cortinarius_serarius
AY669544	Root;Basidiomycota;Agaricomycetes;Agaricales;Cortinariaceae;Cortinarius;Cortinarius_crassus
AY174863	Root;Basidiomycota;Agaricomycetes;Agaricales;Cortinariaceae;Cortinarius;Cortinarius_caerulescens
AY669550	Root;Basidiomycota;Agaricomycetes;Agaricales;Cortinariaceae;Cortinarius;Cortinarius_latobalteatus
AY669516	Root;Basidiomycota;Agaricomycetes;Agaricales;Cortinariaceae;Cortinarius;Cortinarius_paracephalixus
DQ083817	Root;Basidiomycota;Agaricomycetes;Agaricales;Cortinariaceae;Cortinarius;Cortinarius_terpsichores
AY669557	Root;Basidiomycota;Agaricomycetes;Agaricales;Cortinariaceae;Cortinarius;Cortinarius_pseudovulpinus
EU056989	Root;Basidiomycota;Agaricomycetes;Agaricales;Cortinariaceae;Cortinarius;Cortinarius_aff_parvus_TUB_012696
AY669578	Root;Basidiomycota;Agaricomycetes;Agaricales;Cortinariaceae;Cortinarius;Cortinarius_violaceus
AY669590	Root;Basidiomycota;Agaricomycetes;Agaricales;Cortinariaceae;Cortinarius;Cortinarius_croceocaeruleus
AY669592	Root;Basidiomycota;Agaricomycetes;Agaricales;Cortinariaceae;Cortinarius;Cortinarius_salor
AY669598	Root;Basidiomycota;Agaricomycetes;Agaricales;Cortinariaceae;Cortinarius;Cortinarius_splendidus
AY669603	Root;Basidiomycota;Agaricomycetes;Agaricales;Cortinariaceae;Cortinarius;Cortinarius_stephanopus
AY669604	Root;Basidiomycota;Agaricomycetes;Agaricales;Cortinariaceae;Cortinarius;Cortinarius_sinapicolor
AY669605	Root;Basidiomycota;Agaricomycetes;Agaricales;Cortinariaceae;Cortinarius;Cortinarius_erythraeus
AY669608	Root;Basidiomycota;Agaricomycetes;Agaricales;Cortinariaceae;Cortinarius;Cortinarius_vinaceolamellatus
AY669610	Root;Basidiomycota;Agaricomycetes;Agaricales;Cortinariaceae;Cortinarius;Cortinarius_archeri
AY669612	Root;Basidiomycota;Agaricomycetes;Agaricales;Cortinariaceae;Cortinarius;Cortinarius_rotundisporus
AY669615	Root;Basidiomycota;Agaricomycetes;Agaricales;Cortinariaceae;Cortinarius;Cortinarius_australis
AY669616	Root;Basidiomycota;Agaricomycetes;Agaricales;Cortinariaceae;Cortinarius;Cortinarius_quaresimalis
AY669619	Root;Basidiomycota;Agaricomycetes;Agaricales;Cortinariaceae;Cortinarius;Cortinarius_austrosaginus
EU660949	Root;Basidiomycota;Agaricomycetes;Agaricales;Cortinariaceae;Cortinarius;Cortinarius_alboaggregatus
AY669637	Root;Basidiomycota;Agaricomycetes;Agaricales;Cortinariaceae;Cortinarius;Cortinarius_schlerophyllarum
AY669641	Root;Basidiomycota;Agaricomycetes;Agaricales;Cortinariaceae;Cortinarius;Cortinarius_persicanus
FJ039676	Root;Basidiomycota;Agaricomycetes;Agaricales;Cortinariaceae;Cortinarius;Cortinarius_diosmus
AY669684	Root;Basidiomycota;Agaricomycetes;Agaricales;Cortinariaceae;Cortinarius;Cortinarius_helvelloides
AY677297	Root;Ascomycota;Sordariomycetes;Hypocreales;Nectriaceae;Neonectria;Neonectria_trachosa
FJ436989	Root;Ascomycota;Leotiomycetes;Erysiphales;Erysiphaceae;Erysiphe;Erysiphe_pulchra
AF138820	Root;Ascomycota;Arthoniomycetes;Arthoniales;Roccellaceae;Hubbsia;Hubbsia_californica
AF138823	Root;Ascomycota;Arthoniomycetes;Arthoniales;Roccellaceae;Roccella;Roccella_hypomecha
AY872281	Root;Basidiomycota;Agaricomycetes;Gomphales;Gomphaceae;Gloeocantharellus;Gloeocantharellus_purpurascens
AY745736	Root;Ascomycota;Dothideomycetes;Pleosporales;Phaeosphaeriaceae;Phaeosphaeria;Phaeosphaeria_anchiala
AY745994	Root;Ascomycota;Sordariomycetes;Hypocreales;Nectriaceae;Pseudofusarium;Pseudofusarium_purpureum
AY745997	Root;Ascomycota;Sordariomycetes;Hypocreales;Ophiocordycipitaceae;Ophiocordyceps;Ophiocordyceps_sobolifera
AF026307	Root;Ascomycota;Pezizomycetes;Pezizales;Sarcoscyphaceae;Sarcoscypha;Sarcoscypha_javensis
AF026309	Root;Ascomycota;Pezizomycetes;Pezizales;Sarcoscyphaceae;Microstoma;Microstoma_floccosum
AF085489	Root;Basidiomycota;Agaricomycetes;Agaricales;Amanitaceae;Amanita;Amanita_citrina
GQ241284	Root;Ascomycota;Eurotiomycetes;Eurotiales;Trichocomaceae;Paecilomyces;Paecilomyces_variotii
AY753341	Root;Ascomycota;Eurotiomycetes;Eurotiales;Trichocomaceae;Byssochlamys;Byssochlamys_fulva
EF989117	Root;Glomeromycota;Glomeromycetes;Glomerales;Glomeraceae;Glomus;Glomus_mosseae
AF161045	Root;Glomeromycota;Glomeromycetes;Glomerales;Glomeraceae;Glomus;Glomus_mosseae
AF161048	Root;Glomeromycota;Glomeromycetes;Glomerales;Glomeraceae;Glomus;Glomus_mosseae
AF161046	Root;Glomeromycota;Glomeromycetes;Glomerales;Glomeraceae;Glomus;Glomus_mosseae
AF161050	Root;Glomeromycota;Glomeromycetes;Glomerales;Glomeraceae;Glomus;Glomus_mosseae
AF161053	Root;Glomeromycota;Glomeromycetes;Glomerales;Glomeraceae;Glomus;Glomus_mosseae
AF161054	Root;Glomeromycota;Glomeromycetes;Glomerales;Glomeraceae;Glomus;Glomus_mosseae
AF161055	Root;Glomeromycota;Glomeromycetes;Glomerales;Glomeraceae;Glomus;Glomus_mosseae
AF161059	Root;Glomeromycota;Glomeromycetes;Glomerales;Glomeraceae;Glomus;Glomus_mosseae
AF161060	Root;Glomeromycota;Glomeromycetes;Glomerales;Glomeraceae;Glomus;Glomus_mosseae
AF161061	Root;Glomeromycota;Glomeromycetes;Glomerales;Glomeraceae;Glomus;Glomus_mosseae
AF161062	Root;Glomeromycota;Glomeromycetes;Glomerales;Glomeraceae;Glomus;Glomus_mosseae
AF162455	Root;Glomeromycota;Glomeromycetes;Diversisporales;Gigasporaceae;Gigaspora;Gigaspora_margarita
U18364	Root;Ascomycota;Eurotiomycetes;Onygenales;Ajellomycetaceae;Ajellomyces;Ajellomyces_dermatitidis
EF093269	Root;Ascomycota;Saccharomycetes;Saccharomycetales;Saccharomycetaceae;Kuraishia;Kuraishia_capsulata
AF094512	Root;Basidiomycota;Agaricomycetes;Polyporales;Ganodermataceae;Ganoderma;Ganoderma_applanatum
AB026167	Root;Ascomycota;Leotiomycetes;Helotiales;Sclerotiniaceae;Botryotinia;Botryotinia_allii
AY789280	Root;Ascomycota;Leotiomycetes;Helotiales;Sclerotiniaceae;Mitrula;Mitrula_lunulatospora
AY789304	Root;Ascomycota;Leotiomycetes;Helotiales;Geoglossaceae;Geoglossum;Geoglossum_umbratile
AY789363	Root;Ascomycota;Eurotiomycetes;Mycocaliciales;Mycocaliciaceae;Mycocalicium;Mycocalicium_polyporaeum
FJ171861	Root;Ascomycota;Neolectomycetes;Neolectales;Neolectaceae;Neolecta;Neolecta_irregularis
DQ999832	Root;Ascomycota;Orbiliomycetes;Orbiliales;Orbiliaceae;Dactylellina;Dactylellina_ellipsospora
AY793430	Root;Ascomycota;Sordariomycetes;Hypocreales;Nectriaceae;Dematiocladium;Dematiocladium_celtidis
DQ066706	Root;Ascomycota;Lecanoromycetes;Peltigerales;Nephromataceae;Nephroma;Nephroma_helveticum
U15973	Root;Basidiomycota;Agaricomycetes;Agaricales;Pluteaceae;Volvariella;Volvariella_volvacea
AJ012112	Root;Glomeromycota;Glomeromycetes;Paraglomerales;Paraglomeraceae;Paraglomus;Paraglomus_brasilianum
AF190006	Root;Basidiomycota;Tremellomycetes;Filobasidiales;Filobasidiaceae;Filobasidium;Filobasidium_elegans
AY795869	Root;Ascomycota;Eurotiomycetes;Mycocaliciales;Mycocaliciaceae;Chaenothecopsis;Chaenothecopsis_subparoica
AY795873	Root;Ascomycota;Eurotiomycetes;Mycocaliciales;Mycocaliciaceae;Phaeocalicium;Phaeocalicium_interruptum
AY853547	Root;Basidiomycota;Agaricomycetes;Boletales;Boletaceae;Leccinum;Leccinum_snellii
AJ889942	Root;Basidiomycota;Agaricomycetes;Agaricales;Cortinariaceae;Cortinarius;Cortinarius_aprinus
AJ889954	Root;Basidiomycota;Agaricomycetes;Agaricales;Cortinariaceae;Inocybe;Inocybe_godeyi
EU551193	Root;Ascomycota;Sordariomycetes;Microascales;Microascaceae;Pseudallescheria;Pseudallescheria_boydii
AB192990	Root;Basidiomycota;Pucciniomycetes;Pucciniales;Pucciniaceae;Puccinia;Puccinia_tanaceti
AB192991	Root;Basidiomycota;Pucciniomycetes;Pucciniales;Pucciniaceae;Puccinia;Puccinia_tanaceti
AB192994	Root;Basidiomycota;Pucciniomycetes;Pucciniales;Pucciniaceae;Puccinia;Puccinia_chrysanthemi
AY862570	Root;Ascomycota;Sordariomycetes;Xylariales;Xylariaceae;Rosellinia;Rosellinia_capetribulensis
AY860553	Root;Ascomycota;Lecanoromycetes;Teloschistales;Physciaceae;Physcia;Physcia_stellaris
AY860559	Root;Ascomycota;Lecanoromycetes;Teloschistales;Physciaceae;Physcia;Physcia_stellaris
AY860576	Root;Ascomycota;Lecanoromycetes;Teloschistales;Physciaceae;Physcia;Physcia_aipolia
AJ557007	Root;Glomeromycota;Glomeromycetes;Glomerales;Glomeraceae;Glomus;Glomus_intraradices
AJ557009	Root;Glomeromycota;Glomeromycetes;Glomerales;Glomeraceae;Glomus;Glomus_intraradices
AM882831	Root;Basidiomycota;Agaricomycetes;Agaricales;Cortinariaceae;Inocybe;Inocybe_oblectabilis
DQ114744	Root;Basidiomycota;Agaricomycetes;Agaricales;Cortinariaceae;Cortinarius;Cortinarius_armillatus
U56046	Root;Basidiomycota;Agaricomycetes;Agaricales;Cortinariaceae;Dermocybe_mallochii;Dermocybe_mallochii
AY997038	Root;Blastocladiomycota;Blastocladiomycetes;Blastocladiales;Coelomomycetaceae;Coelomomyces;Coelomomyces_stegomyiae
AY997069	Root;Glomeromycota;Glomeromycetes;Paraglomerales;Paraglomeraceae;Paraglomus;Paraglomus_occultum
AY997095	Root;Chytridiomycota;Chytridiomycetes;Chytridiales;Synchytriaceae;Synchytrium;Synchytrium_macrosporum
DQ000299	Root;Basidiomycota;Agaricomycetes;Polyporales;Polyporaceae;Funalia;Trametes_trogii
DQ001401	Root;Basidiomycota;Agaricomycetes;Agaricales;Strophariaceae;Psilocybe;Psilocybe_fasciata
DQ001299	Root;Ascomycota;Lecanoromycetes;Lecanorales;Ramalinaceae;Ramalina;Ramalina_sinensis
AY965748	Root;Ascomycota;Orbiliomycetes;Orbiliales;Orbiliaceae;Dactylellina;Dactylellina_parvicollis
AY965753	Root;Ascomycota;Orbiliomycetes;Orbiliales;Orbiliaceae;Arthrobotrys;Arthrobotrys_anchonia
AY965755	Root;Ascomycota;Orbiliomycetes;Orbiliales;Orbiliaceae;Dactylellina;Dactylellina_robusta
AY965758	Root;Ascomycota;Orbiliomycetes;Orbiliales;Orbiliaceae;Arthrobotrys;Arthrobotrys_entomopaga
AY965759	Root;Ascomycota;Orbiliomycetes;Orbiliales;Orbiliaceae;Dactylellina;Dactylellina_ellipsospora
AY945224	Root;Ascomycota;Sordariomycetes;Xylariales;Xylariaceae;Hypoxylon;Hypoxylon_fuscopurpureum
AY943057	Root;Ascomycota;Dothideomycetes;Pleosporales;Sporormiaceae;Pycnidiophora;Pycnidiophora_aurantiaca
AY943058	Root;Ascomycota;Dothideomycetes;Pleosporales;Sporormiaceae;Preussia;Preussia_isomera
DQ005439	Root;Ascomycota;Leotiomycetes;Erysiphales;Erysiphaceae;Erysiphe;Erysiphe_densa
DQ005440	Root;Ascomycota;Leotiomycetes;Erysiphales;Erysiphaceae;Erysiphe;Erysiphe_carpophila
HQ414605	Root;Ascomycota;Sordariomycetes;Diaporthales;Valsaceae;Diplodina;Diplodina_acerina
EU514244	Root;Ascomycota;Dothideomycetes;Capnodiales;Mycosphaerellaceae;Mycosphaerella;Mycosphaerella_eumusae
AY909004	Root;Ascomycota;Sordariomycetes;Xylariales;Xylariaceae;Stromatoneurospora;Stromatoneurospora_phoenix
AY909024	Root;Ascomycota;Sordariomycetes;Xylariales;Xylariaceae;Podosordaria;Podosordaria_jugoyasan
AY956548	Root;Basidiomycota;Pucciniomycetes;Pucciniales;Pucciniaceae;Puccinia;Puccinia_bromina
AY961602	Root;Ascomycota;Lecanoromycetes;Pertusariales;Icmadophilaceae;Thamnolia;Thamnolia_vermicularis
AY970525	Root;Ascomycota;Orbiliomycetes;Orbiliales;Orbiliaceae;Dactylella;Dactylella_oviparasitica
AJ307020	Root;Ascomycota;Dothideomycetes;Capnodiales;Mycosphaerellaceae;Phloeospora;Phloeospora_mimosae_pigrae
FJ596788	Root;Basidiomycota;Agaricomycetes;Gomphales;Gomphaceae;Lentaria;Lentaria_byssiseda
JQ256428	Root;Ascomycota;Leotiomycetes;Helotiales;Geoglossaceae;Trichoglossum;Trichoglossum_hirsutum
FJ914867	Root;Ascomycota;Eurotiomycetes;Onygenales;Onygenaceae;Coccidioides;Coccidioides_posadasii
U18362	Root;Ascomycota;Eurotiomycetes;Ascosphaerales;Ascosphaeraceae;Ascosphaera;Ascosphaera_apis
AF193379	Root;Basidiomycota;Agaricomycetes;Agaricales;Typhulaceae;Typhula;Typhula_incarnata
AF193373	Root;Basidiomycota;Agaricomycetes;Agaricales;Typhulaceae;Typhula;Typhula_incarnata
AF193387	Root;Basidiomycota;Agaricomycetes;Agaricales;Typhulaceae;Typhula;Typhula_incarnata
AF141157	Root;Ascomycota;Leotiomycetes;Helotiales;Dermateaceae;Dermea;Dermea_hamamelidis
AF141160	Root;Ascomycota;Leotiomycetes;Helotiales;Dermateaceae;Dermea;Dermea_padi
AF141162	Root;Ascomycota;Leotiomycetes;Helotiales;Dermateaceae;Dermea;Dermea_prunastri
AF141163	Root;Ascomycota;Leotiomycetes;Helotiales;Dermateaceae;Dermea;Dermea_viburni
AF141164	Root;Ascomycota;Leotiomycetes;Helotiales;Dermateaceae;Dermea;Dermea_acerina
EF413591	Root;Ascomycota;Leotiomycetes;Helotiales;Dermateaceae;Cryptosporiopsis;Cryptosporiopsis_ericae
AF141177	Root;Ascomycota;Leotiomycetes;Helotiales;Dermateaceae;Pezicula;Pezicula_rubi
AF141186	Root;Ascomycota;Leotiomycetes;Helotiales;Dermateaceae;Pezicula;Pezicula_cinnamomea
FJ228196	Root;Ascomycota;Leotiomycetes;Helotiales;Dermateaceae;Neofabraea;Neofabraea_alba
AF141195	Root;Ascomycota;Leotiomycetes;Helotiales;Dermateaceae;Pezicula;Pezicula_frangulae
AJ007843	Root;Ascomycota;Eurotiomycetes;Onygenales;Onygenaceae;Chrysosporium;Chrysosporium_europae
EU409795	Root;Ascomycota;Saccharomycetes;Saccharomycetales;Metschnikowiaceae;Clavispora;Clavispora_lusitaniae
AY986499	Root;Basidiomycota;Agaricomycetes;Polyporales;Polyporaceae;Erastia;Hapalopilus_salmonicolor
AF170194	Root;Neocallimastigomycota;Neocallimastigomycetes;Neocallimastigales;Neocallimastigaceae;Neocallimastix;Neocallimastix_frontalis
AF170196	Root;Neocallimastigomycota;Neocallimastigomycetes;Neocallimastigales;Neocallimastigaceae;Neocallimastix;Neocallimastix_frontalis
GQ355329	Root;Neocallimastigomycota;Neocallimastigomycetes;Neocallimastigales;Neocallimastigaceae;Neocallimastix;Neocallimastix_patriciarum
AF170198	Root;Neocallimastigomycota;Neocallimastigomycetes;Neocallimastigales;Neocallimastigaceae;Neocallimastix;Neocallimastix_frontalis
AY070440	Root;Neocallimastigomycota;Neocallimastigomycetes;Neocallimastigales;Neocallimastigaceae;Neocallimastix;Neocallimastix_frontalis
GQ355330	Root;Neocallimastigomycota;Neocallimastigomycetes;Neocallimastigales;Neocallimastigaceae;Neocallimastix;Neocallimastix_frontalis
AY998100	Root;Basidiomycota;Ustilaginomycetes;Ustilaginales;Ustilaginaceae;Sporisorium;Sporisorium_dietelianum
FJ845441	Root;Basidiomycota;Agaricomycetes;Boletales;Suillaceae;Suillus;Suillus_tomentosus
AF169198	Root;Ascomycota;Sordariomycetes;Hypocreales;Clavicipitaceae;Harposporium;Harposporium_janus
AF169199	Root;Ascomycota;Sordariomycetes;Hypocreales;Clavicipitaceae;Harposporium;Harposporium_subuliforme
AB182265	Root;Ascomycota;Leotiomycetes;Helotiales;Sclerotiniaceae;Monilinia;Monilinia_jezoensis
AB182266	Root;Ascomycota;Leotiomycetes;Helotiales;Sclerotiniaceae;Monilinia;Monilinia_azaleae
AF097752	Root;Basidiomycota;Agaricomycetes;Agaricales;Tulostomataceae;Tulostoma;Tulostoma_beccarianum
AY773446	Root;Ascomycota;Orbiliomycetes;Orbiliales;Orbiliaceae;Arthrobotrys;Arthrobotrys_pseudoclavata
AY773454	Root;Ascomycota;Orbiliomycetes;Orbiliales;Orbiliaceae;Arthrobotrys;Arthrobotrys_vermicola
AY773460	Root;Ascomycota;Orbiliomycetes;Orbiliales;Orbiliaceae;Drechslerella;Drechslerella_stenobrocha
EU977558	Root;Ascomycota;Orbiliomycetes;Orbiliales;Orbiliaceae;Arthrobotrys;Arthrobotrys_superba
GU130298	Root;Ascomycota;Orbiliomycetes;Orbiliales;Orbiliaceae;Drechslerella;Drechslerella_dactyloides
AY773469	Root;Ascomycota;Orbiliomycetes;Orbiliales;Orbiliaceae;Arthrobotrys;Arthrobotrys_musiformis
AJ247516	Root;Ascomycota;Lecanoromycetes;Lecanorales;Ramalinaceae;Biatora;Biatora_helvola
AJ247574	Root;Ascomycota;Lecanoromycetes;Lecanorales;Ramalinaceae;Biatora;Biatora_epixanthoides
AJ247568	Root;Ascomycota;Lecanoromycetes;Lecanorales;Ramalinaceae;Biatora;Biatora_carneoalbida
AJ247523	Root;Ascomycota;Lecanoromycetes;Lecanorales;Ramalinaceae;Biatora;Biatora_hypophaea
AJ247534	Root;Ascomycota;Lecanoromycetes;Lecanorales;Ramalinaceae;Biatora;Biatora_hypophaea
AJ247531	Root;Ascomycota;Lecanoromycetes;Lecanorales;Ramalinaceae;Biatora;Biatora_hypophaea
AJ247532	Root;Ascomycota;Lecanoromycetes;Lecanorales;Ramalinaceae;Biatora;Biatora_hypophaea
AJ131785	Root;Ascomycota;Eurotiomycetes;Onygenales;Onygenaceae;Castanedomyces;Castanedomyces_australiensis
AJ238035	Root;Basidiomycota;Agaricomycetes;Agaricales;Cortinariaceae;Cortinarius;Cortinarius_obtusus
AJ131787	Root;Ascomycota;Eurotiomycetes;Onygenales;Onygenaceae;Pseudoamauroascus;Pseudoamauroascus_australiensis
FJ746944	Root;Basidiomycota;Agaricomycetes;Cantharellales;Ceratobasidiaceae;Thanatephorus;Rhizoctonia_solani
AF109241	Root;Ascomycota;Lecanoromycetes;Lecanorales;Ramalinaceae;Ramalina;Ramalina_sinensis
AF383963	Root;Ascomycota;Dothideomycetes;Pleosporales;Lophiostomataceae;Massarina;Massarina_rubi
AF383961	Root;Ascomycota;Dothideomycetes;Pleosporales;Lophiostomataceae;Massarina;Massarina_papulosa
AJ246217	Root;Ascomycota;Sordariomycetes;Xylariales;Xylariaceae;Hypoxylon;Hypoxylon_fragiforme
AF326482	Root;Ascomycota;Sordariomycetes;Xylariales;Xylariaceae;Biscogniauxia;Biscogniauxia_mediterranea
AF116178	Root;Ascomycota;Lecanoromycetes;Lecanorales;Parmeliaceae;Nodobryoria;Nodobryoria_abbreviata
EF373572	Root;Ascomycota;Lecanoromycetes;Lecanorales;Parmeliaceae;Tuckermannopsis;Tuckermannopsis_chlorophylla
AY672918	Root;Basidiomycota;Agaricomycetes;Russulales;Stereaceae;Amylostereum;Amylostereum_chailletii
AY854088	Root;Basidiomycota;Agaricomycetes;Russulales;Echinodontiaceae;Echinodontium;Echinodontium_tinctorium
AF218399	Root;Basidiomycota;Agaricomycetes;Russulales;Echinodontiaceae;Echinodontium;Echinodontium_japonicum
AF218400	Root;Basidiomycota;Agaricomycetes;Russulales;Stereaceae;Stereum;Stereum_hirsutum
AY725521	Root;Ascomycota;Dothideomycetes;Capnodiales;Mycosphaerellaceae;Dissoconium;Dissoconium_aciculare
AF181702	Root;Ascomycota;Dothideomycetes;Pleosporales;Leptosphaeriaceae;Leptosphaeria;Leptosphaeria_contecta
EU514274	Root;Ascomycota;Dothideomycetes;Capnodiales;Mycosphaerellaceae;Mycosphaerella;Mycosphaerella_musicola
AF181707	Root;Ascomycota;Dothideomycetes;Pleosporales;Leptosphaeriaceae;Leptosphaeria;Leptosphaeria_obiones
GQ922523	Root;Ascomycota;Dothideomycetes;Pleosporales;Phaeosphaeriaceae;Phaeosphaeria;Phaeosphaeria_nodorum
AF181711	Root;Ascomycota;Dothideomycetes;Pleosporales;Phaeosphaeriaceae;Phaeosphaeria;Phaeosphaeria_halima
AF181712	Root;Ascomycota;Dothideomycetes;Pleosporales;Phaeosphaeriaceae;Phaeosphaeria;Phaeosphaeria_spartinae
AF422982	Root;Ascomycota;Dothideomycetes;Pleosporales;Phaeosphaeriaceae;Phaeosphaeria;Phaeosphaeria_spartinicola
GQ922539	Root;Ascomycota;Sordariomycetes;Sordariales;Lasiosphaeriaceae;Podospora;Podospora_minicauda
GQ922535	Root;Ascomycota;Sordariomycetes;Sordariales;Lasiosphaeriaceae;Podospora;Podospora_austroamericana
AY999130	Root;Ascomycota;Sordariomycetes;Sordariales;Lasiosphaeriaceae;Zopfiella;Zopfiella_tetraspora
GQ922574	Root;Ascomycota;Sordariomycetes;Sordariales;Lasiosphaeriaceae;Podospora;Podospora_setosa
GQ922521	Root;Ascomycota;Sordariomycetes;Sordariales;Lasiosphaeriaceae;Cercophora;Cercophora_samala
AY999133	Root;Ascomycota;Sordariomycetes;Sordariales;Lasiosphaeriaceae;Zopfiella;Zopfiella_erostrata
AY999136	Root;Ascomycota;Sordariomycetes;Sordariales;Lasiosphaeriaceae;Cercophora;Cercophora_coprophila
AY999137	Root;Ascomycota;Sordariomycetes;Sordariales;Lasiosphaeriaceae;Cercophora;Cercophora_ambigua
DQ019348	Root;Ascomycota;Dothideomycetes;Capnodiales;Mycosphaerellaceae;Mycosphaerella;Mycosphaerella_latebrosa
DQ019349	Root;Ascomycota;Dothideomycetes;Capnodiales;Mycosphaerellaceae;Mycosphaerella;Mycosphaerella_latebrosa
U18353	Root;Ascomycota;Eurotiomycetes;Eurotiales;Thermoascaceae;Thermoascus;Thermoascus_crustaceus
DQ056364	Root;Basidiomycota;Agaricomycetes;Cantharellales;Clavulinaceae;Clavulina;Clavulina_dicymbetorum
AF120263	Root;Ascomycota;Dothideomycetes;Capnodiales;Mycosphaerellaceae;Cladosporium;Cladosporium_colocasiae
DQ083797	Root;Basidiomycota;Agaricomycetes;Agaricales;Cortinariaceae;Cortinarius;Cortinarius_natalis
DQ083782	Root;Basidiomycota;Agaricomycetes;Agaricales;Cortinariaceae;Cortinarius;Cortinarius_dionysae
DQ083783	Root;Basidiomycota;Agaricomycetes;Agaricales;Cortinariaceae;Cortinarius;Cortinarius_elegantissimus
DQ083785	Root;Basidiomycota;Agaricomycetes;Agaricales;Cortinariaceae;Cortinarius;Cortinarius_fulvocitrinus
DQ083788	Root;Basidiomycota;Agaricomycetes;Agaricales;Cortinariaceae;Cortinarius;Cortinarius_insignibulbus
DQ083793	Root;Basidiomycota;Agaricomycetes;Agaricales;Cortinariaceae;Cortinarius;Cortinarius_luhmannii
DQ083805	Root;Basidiomycota;Agaricomycetes;Agaricales;Cortinariaceae;Cortinarius;Cortinarius_percomis
EU057029	Root;Basidiomycota;Agaricomycetes;Agaricales;Cortinariaceae;Cortinarius;Cortinarius_prasinus
DQ083810	Root;Basidiomycota;Agaricomycetes;Agaricales;Cortinariaceae;Cortinarius;Cortinarius_rapaceus_sl_TSJ2003_100
AB036900	Root;Basidiomycota;Agaricomycetes;Agaricales;Tricholomataceae;Tricholoma;Tricholoma_japonicum
AY669694	Root;Basidiomycota;Agaricomycetes;Agaricales;Cortinariaceae;Cortinarius;Cortinarius_pholideus
DQ097874	Root;Basidiomycota;Agaricomycetes;Agaricales;Cortinariaceae;Cortinarius;Cortinarius_junghuhnii
EU819527	Root;Basidiomycota;Agaricomycetes;Agaricales;Cortinariaceae;Cortinarius;Cortinarius_alboviolaceus
DQ097886	Root;Basidiomycota;Agaricomycetes;Agaricales;Cortinariaceae;Cortinarius;Cortinarius_salor
EU834220	Root;Basidiomycota;Agaricomycetes;Thelephorales;Bankeraceae;Sarcodon;Sarcodon_fuscoindicus
DQ067895	Root;Basidiomycota;Agaricomycetes;Agaricales;Tricholomataceae;Tricholoma;Tricholoma_fulvocastaneum
DQ100460	Root;Ascomycota;Eurotiomycetes;Eurotiales;Trichocomaceae;Aspergillus;Aspergillus_ustus
EU833665	Root;Basidiomycota;Agaricomycetes;Agaricales;Lycoperdaceae;Lycoperdon;Lycoperdon_umbrinum
AY838271	Root;Basidiomycota;Agaricomycetes;Atheliales;Atheliaceae;Amphinema;Amphinema_byssoides
FJ824032	Root;Ascomycota;Sordariomycetes;Hypocreales;Nectriaceae;Fusarium;Fusarium_oxysporum
AY606310	Root;Ascomycota;Leotiomycetes;Helotiales;Helotiaceae;Rhizoscyphus;Rhizoscyphus_ericae
FM206477	Root;Ascomycota;Pezizomycetes;Pezizales;Pyronemataceae;Trichophaea;Trichophaea_hybrida
DQ093770	Root;Ascomycota;Sordariomycetes;Diaporthales;Valsaceae;Phomopsis;Phomopsis_columnaris
AY902794	Root;Ascomycota;Orbiliomycetes;Orbiliales;Orbiliaceae;Dactylella;Dactylella_mammillata
AB222678	Root;Ascomycota;Sordariomycetes;Hypocreales;Ophiocordycipitaceae;Ophiocordyceps;Ophiocordyceps_formicarum
AF185682	Root;Glomeromycota;Glomeromycetes;Glomerales;Glomeraceae;Glomus;Glomus_intraradices
AY742697	Root;Ascomycota;Eurotiomycetes;Eurotiales;Trichocomaceae;Penicillium;Penicillium_thiersii
AJ879113	Root;Ascomycota;Eurotiomycetes;Eurotiales;Trichocomaceae;Paecilomyces;Paecilomyces_anatarcticus
AJ133433	Root;Ascomycota;Pezizomycetes;Pezizales;Pyronemataceae;Monascella;Monascella_botryosa
EU846245	Root;Ascomycota;Pezizomycetes;Pezizales;Pyronemataceae;Otidea;Otidea_smithii
AF226661	Root;Ascomycota;Lecanoromycetes;Lecanorales;Parmeliaceae;Cetrariella;Cetrariella_fastigiata
U21827	Root;Ascomycota;Leotiomycetes;Helotiales;Sclerotiniaceae;Ciboria;Ciboria_acerina
U21830	Root;Ascomycota;Leotiomycetes;Helotiales;Sclerotiniaceae;Ciborinia;Ciborinia_erythronii
AF145326	Root;Basidiomycota;Tremellomycetes;Filobasidiales;Filobasidiaceae;Cryptococcus;Cryptococcus_antarcticus
DQ350136	Root;Ascomycota;Leotiomycetes;Erysiphales;Erysiphaceae;Neoerysiphe;Neoerysiphe_galeopsidis
AF073358	Root;Ascomycota;Leotiomycetes;Erysiphales;Erysiphaceae;Arthrocladiella;Arthrocladiella_mougeotii
AB022408	Root;Ascomycota;Leotiomycetes;Erysiphales;Erysiphaceae;Erysiphe;Erysiphe_australiana
AB022421	Root;Ascomycota;Leotiomycetes;Erysiphales;Erysiphaceae;Parauncinula;Parauncinula_septata
AM183285	Root;Ascomycota;Eurotiomycetes;Onygenales;Arthrodermataceae;Arthroderma;Arthroderma_olidum
DQ097357	Root;Basidiomycota;Agaricomycetes;Agaricales;Physalacriaceae;Gloiocephala;Gloiocephala_epiphylla
DQ097358	Root;Basidiomycota;Agaricomycetes;Agaricales;Physalacriaceae;Gloiocephala;Gloiocephala_menieri
DQ097359	Root;Basidiomycota;Agaricomycetes;Agaricales;Physalacriaceae;Gloiocephala;Gloiocephala_phormiorum
DQ157693	Root;Ascomycota;Eurotiomycetes;Eurotiales;Trichocomaceae;Aspergillus;Aspergillus_ficuum
AJ877216	Root;Ascomycota;Eurotiomycetes;Onygenales;Arthrodermataceae;Arthroderma;Arthroderma_melis
AJ877219	Root;Ascomycota;Eurotiomycetes;Onygenales;Arthrodermataceae;Arthroderma;Arthroderma_flavescens
EU541358	Root;Ascomycota;Saccharomycetes;Saccharomycetales;Saccharomycodaceae;Hanseniaspora;Hanseniaspora_occidentalis
DQ135999	Root;Ascomycota;Sordariomycetes;Hypocreales;Bionectriaceae;Didymostilbe;Didymostilbe_echinofibrosa
FJ903357	Root;Ascomycota;Eurotiomycetes;Eurotiales;Trichocomaceae;Thysanophora;Thysanophora_penicillioides
AY742701	Root;Ascomycota;Eurotiomycetes;Eurotiales;Trichocomaceae;Penicillium;Penicillium_brocae
DQ365681	Root;Basidiomycota;Agaricomycetes;Atheliales;Atheliaceae;Piloderma;Piloderma_byssinum
DQ131631	Root;Basidiomycota;Agaricomycetes;Boletales;Boletaceae;Leccinum;Leccinum_lepidum
DQ132832	Root;Ascomycota;Eurotiomycetes;Eurotiales;Trichocomaceae;Penicillium;Penicillium_daleae
AF224459	Root;Ascomycota;Lecanoromycetes;Teloschistales;Physciaceae;Phaeophyscia;Phaeophyscia_orbicularis
AF223968	Root;Ascomycota;Eurotiomycetes;Mycocaliciales;Mycocaliciaceae;Mycocalicium;Mycocalicium_albonigrum
DQ195789	Root;Ascomycota;Leotiomycetes;Helotiales;Sclerotiniaceae;Torrendiella;Torrendiella_eucalypti
DQ144611	Root;Basidiomycota;Agaricomycetes;Atheliales;Atheliaceae;Amylocorticium;Amylocorticium_subsulphureum
DQ144612	Root;Basidiomycota;Agaricomycetes;Polyporales;Fomitopsidaceae;Anomoloma;Anomoloma_albolutescens
DQ144619	Root;Basidiomycota;Agaricomycetes;Atheliales;Atheliaceae;Irpicodon;Irpicodon_pendulus
EU401765	Root;Ascomycota;Lecanoromycetes;Lecanorales;Parmeliaceae;Cetraria;Cetraria_odontella
DQ192175	Root;Basidiomycota;Agaricomycetes;Agaricales;Tricholomataceae;Pseudoarmillariella;Pseudoarmillariella_ectypoides
DQ192177	Root;Basidiomycota;Agaricomycetes;Agaricales;Tricholomataceae;Cystoderma;Cystoderma_amianthinum
AB378677	Root;Ascomycota;Sordariomycetes;Hypocreales;Ophiocordycipitaceae;Ophiocordyceps;Ophiocordyceps_prolifica
AB027371	Root;Ascomycota;Sordariomycetes;Hypocreales;Clavicipitaceae;Cordyceps;Cordyceps_kanzashiana
AB027373	Root;Ascomycota;Sordariomycetes;Hypocreales;Ophiocordycipitaceae;Ophiocordyceps;Ophiocordyceps_heteropoda
AJ309351	Root;Ascomycota;Sordariomycetes;Hypocreales;Ophiocordycipitaceae;Ophiocordyceps;Ophiocordyceps_sobolifera
AB027376	Root;Ascomycota;Sordariomycetes;Hypocreales;Ophiocordycipitaceae;Ophiocordyceps;Ophiocordyceps_tricentri
AB027377	Root;Ascomycota;Sordariomycetes;Hypocreales;Ophiocordycipitaceae;Ophiocordyceps;Ophiocordyceps_cochlidiicola
AJ270799	Root;Ascomycota;Eurotiomycetes;Onygenales;Arthrodermataceae;Trichophyton;Trichophyton_rubrum
AY599577	Root;Basidiomycota;Agaricomycetes;Polyporales;Fomitopsidaceae;Postia;Postia_subcaesia
AB193700	Root;Ascomycota;Eurotiomycetes;Onygenales;Arthrodermataceae;Arthroderma;Arthroderma_incurvatum
AF241516	Root;Basidiomycota;Agaricomycetes;Agaricales;Tricholomataceae;Tricholoma;Tricholoma_album
AY549983	Root;Basidiomycota;Tremellomycetes;Tremellales;Trichosporonaceae;Cryptotrichosporon;Cryptotrichosporon_anacardii
FJ478117	Root;Ascomycota;Sordariomycetes;Hypocreales;Clavicipitaceae;Cordyceps;Cordyceps_brongniartii
FJ903339	Root;Ascomycota;Sordariomycetes;Hypocreales;Nectriaceae;Nectria;Nectria_cinnabarina
AM000034	Root;Ascomycota;Eurotiomycetes;Onygenales;Arthrodermataceae;Arthroderma;Arthroderma_cookiellum
DQ191249	Root;Basidiomycota;Ustilaginomycetes;Ustilaginales;Ustilaginaceae;Tranzscheliella;Tranzscheliella_hypodytes
DQ191251	Root;Basidiomycota;Ustilaginomycetes;Ustilaginales;Ustilaginaceae;Tranzscheliella;Tranzscheliella_minima
DQ191252	Root;Basidiomycota;Ustilaginomycetes;Ustilaginales;Ustilaginaceae;Schizonella;Schizonella_melanogramma
DQ534475	Root;Ascomycota;Lecanoromycetes;Pertusariales;Pertusariaceae;Pertusaria;Pertusaria_excludens
DQ219306	Root;Ascomycota;Lecanoromycetes;Peltigerales;Pannariaceae;Psoroma;Psoroma_fruticulosum
AB025690	Root;Basidiomycota;Exobasidiomycetes;Entylomatales;Tilletiopsis_cremea;Tilletiopsis_cremea;Tilletiopsis_cremea
DQ200833	Root;Ascomycota;Pezizomycetes;Pezizales;Pyronemataceae;Tarzetta;Tarzetta_catinus
DQ200837	Root;Ascomycota;Pezizomycetes;Pezizales;Pezizaceae;Peziza;Peziza_depressa
DQ200844	Root;Ascomycota;Pezizomycetes;Pezizales;Pezizaceae;Sarcosphaera;Sarcosphaera_coronaria
DQ201952	Root;Ascomycota;Lecanoromycetes;Teloschistales;Caliciaceae;Tetramelas;Tetramelas_pulverulentus
DQ201954	Root;Ascomycota;Lecanoromycetes;Teloschistales;Caliciaceae;Tetramelas;Tetramelas_confusus
DQ187952	Root;Ascomycota;Eurotiomycetes;Eurotiales;Trichocomaceae;Paecilomyces;Paecilomyces_cateniannulatus
DQ187954	Root;Ascomycota;Eurotiomycetes;Eurotiales;Trichocomaceae;Paecilomyces;Paecilomyces_parvisporus
AF243131	Root;Ascomycota;Eurotiomycetes;Mycocaliciales;Mycocaliciaceae;Chaenothecopsis;Chaenothecopsis_nana
AF243132	Root;Ascomycota;Eurotiomycetes;Mycocaliciales;Mycocaliciaceae;Chaenothecopsis;Chaenothecopsis_pusilla
DQ206845	Root;Ascomycota;Pezizomycetes;Pezizales;Pyronemataceae;Genea;Genea_arenaria
DQ206851	Root;Ascomycota;Pezizomycetes;Pezizales;Pyronemataceae;Genea;Genea_gardneri
DQ206864	Root;Ascomycota;Pezizomycetes;Pezizales;Pyronemataceae;Genabea;Genabea_cerebriformis
DQ314299	Root;Ascomycota;Leotiomycetes;Helotiales;Sclerotiniaceae;Sclerotinia;Sclerotinia_sclerotiorum
AY245636	Root;Ascomycota;Sordariomycetes;Hypocreales;Clavicipitaceae;Elaphocordyceps;Elaphocordyceps_ophioglossoides
DQ218290	Root;Ascomycota;Pezizomycetes;Pezizales;Pyronemataceae;Genea;Genea_harknessii
DQ218302	Root;Ascomycota;Pezizomycetes;Pezizales;Pyronemataceae;Genea;Genea_balsleyi
DQ202516	Root;Ascomycota;Leotiomycetes;Helotiales;Helotiaceae;Varicosporium;Varicosporium_delicatum
AF210663	Root;Ascomycota;Sordariomycetes;Hypocreales;Bionectriaceae;Clonostachys;Clonostachys_phyllophila
AF210664	Root;Ascomycota;Sordariomycetes;Hypocreales;Bionectriaceae;Clonostachys;Clonostachys_phyllophila
AF210665	Root;Ascomycota;Sordariomycetes;Hypocreales;Bionectriaceae;Bionectria;Bionectria_rossmaniae
AF210666	Root;Ascomycota;Sordariomycetes;Hypocreales;Bionectriaceae;Bionectria;Bionectria_sesquicillii
AF210668	Root;Ascomycota;Sordariomycetes;Hypocreales;Bionectriaceae;Clonostachys;Clonostachys_candelabrum
AF250818	Root;Ascomycota;Dothideomycetes;Pleosporales;Phaeosphaeriaceae;Phaeosphaeriopsis;Phaeosphaeriopsis_nolinae
DQ223758	Root;Ascomycota;Sordariomycetes;Xylariales;Xylariaceae;Hypoxylon;Hypoxylon_rubiginosum
EU600240	Root;Ascomycota;Pezizomycetes;Pezizales;Morchellaceae;Morchella;Morchella_esculenta
DQ257337	Root;Ascomycota;Pezizomycetes;Pezizales;Morchellaceae;Morchella;Morchella_angusticeps
DQ257357	Root;Ascomycota;Leotiomycetes;Helotiales;Helotiaceae;Holwaya;Holwaya_mucida
AY842568	Root;Glomeromycota;Glomeromycetes;Glomerales;Glomeraceae;Glomus;Glomus_versiforme
AB026144	Root;Ascomycota;Leotiomycetes;Erysiphales;Erysiphaceae;Podosphaera;Podosphaera_fuliginea_var_sibirica
DQ243789	Root;Ascomycota;Sordariomycetes;Diaporthales;Valsaceae;Valsa;Valsa_cypri
DQ243791	Root;Ascomycota;Sordariomycetes;Diaporthales;Valsaceae;Valsa;Valsa_kunzei
EF447404	Root;Ascomycota;Sordariomycetes;Diaporthales;Valsaceae;Cytospora;Cytospora_translucens
DQ243798	Root;Ascomycota;Sordariomycetes;Diaporthales;Valsaceae;Cytospora;Cytospora_variostromatica
DQ243799	Root;Ascomycota;Sordariomycetes;Diaporthales;Valsaceae;Cytospora;Cytospora_aff_variostromatica_CBS_118565
DQ243803	Root;Ascomycota;Sordariomycetes;Diaporthales;Valsaceae;Valseutypella;Valseutypella_multicollis
DQ243804	Root;Ascomycota;Sordariomycetes;Diaporthales;Valsaceae;Cytospora;Cytospora_acaciae
DQ243811	Root;Ascomycota;Sordariomycetes;Diaporthales;Valsaceae;Cytospora;Cytospora_sacchari
EF394858	Root;Ascomycota;Dothideomycetes;Capnodiales;Mycosphaerellaceae;Pseudocercospora;Pseudocercospora_nogalesii
FJ605260	Root;Ascomycota;Dothideomycetes;Pleosporales;Phaeosphaeriaceae;Sclerostagonospora;Sclerostagonospora_opuntiae
DQ201126	Root;Ascomycota;Sordariomycetes;Xylariales;Xylariaceae;Hypoxylon;Hypoxylon_anthochroum
DQ272569	Root;Ascomycota;Sordariomycetes;Xylariales;Xylariaceae;Astrocystis;Astrocystis_bambusae
JF908124	Root;Basidiomycota;Agaricomycetes;Agaricales;Cortinariaceae;Inocybe;Inocybe_flocculosa
EU186273	Root;Basidiomycota;Agaricomycetes;Agaricales;Tricholomataceae;Tricholoma;Tricholoma_portentosum
DQ314300	Root;Ascomycota;Leotiomycetes;Helotiales;Sclerotiniaceae;Sclerotinia;Sclerotinia_sclerotiorum
DQ241463	Root;Basidiomycota;Pucciniomycetes;Septobasidiales;Septobasidiaceae;Septobasidium;Septobasidium_sinuosum
DQ241471	Root;Basidiomycota;Pucciniomycetes;Septobasidiales;Septobasidiaceae;Uredinella;Uredinella_coccidiophaga
AY292426	Root;Basidiomycota;Pucciniomycetes;Platygloeales;Platygloeaceae;Helicobasidium;Helicobasidium_longisporum_II
EU810056	Root;Basidiomycota;Agaricomycetes;Cantharellales;Ceratobasidiaceae;Ceratobasidium;Ceratobasidium_noxium
FJ440205	Root;Basidiomycota;Agaricomycetes;Cantharellales;Ceratobasidiaceae;Thanatephorus;Thanatephorus_cucumeris
DQ295072	Root;Basidiomycota;Agaricomycetes;Agaricales;Cortinariaceae;Cortinarius;Cortinarius_favrei_f_pallidus
DQ295084	Root;Basidiomycota;Agaricomycetes;Agaricales;Cortinariaceae;Cortinarius;Cortinarius_favrei
DQ302954	Root;Ascomycota;Dothideomycetes;Capnodiales;Mycosphaerellaceae;Mycosphaerella;Mycosphaerella_eucalyptorum
FJ493194	Root;Ascomycota;Dothideomycetes;Capnodiales;Teratosphaeriaceae;Teratosphaeria;Teratosphaeria_flexuosa
DQ302959	Root;Ascomycota;Dothideomycetes;Capnodiales;Teratosphaeriaceae;Teratosphaeria;Teratosphaeria_gamsii
DQ303050	Root;Ascomycota;Dothideomycetes;Capnodiales;Mycosphaerellaceae;Mycosphaerella;Mycosphaerella_sumatrensis
EU301087	Root;Ascomycota;Dothideomycetes;Capnodiales;Mycosphaerellaceae;Mycosphaerella;Mycosphaerella_verrucosiafricana
DQ303097	Root;Ascomycota;Dothideomycetes;Capnodiales;Mycosphaerellaceae;Zasmidium;Zasmidium_lonicericola
DQ307753	Root;Basidiomycota;Ustilaginomycetes;Ustilaginales;Ustilaginaceae;Tranzscheliella;Tranzscheliella_hypodytes
AJ973393	Root;Glomeromycota;Glomeromycetes;Glomerales;Glomeraceae;Glomus;Glomus_proliferum
DQ320561	Root;Ascomycota;Lecanoromycetes;Peltigerales;Nephromataceae;Nephroma;Nephroma_expallidum
DQ320563	Root;Ascomycota;Lecanoromycetes;Peltigerales;Nephromataceae;Nephroma;Nephroma_antarcticum
AY558800	Root;Basidiomycota;Agaricomycetes;Boletales;Rhizopogonaceae;Rhizopogon;Rhizopogon_rubescens
EU726304	Root;Basidiomycota;Agaricomycetes;Boletales;Rhizopogonaceae;Rhizopogon;Rhizopogon_arctostaphyli
DQ321747	Root;Ascomycota;Lecanoromycetes;Lecanorales;Lecanoraceae;Rhizoplaca;Rhizoplaca_melanophthalma
DQ321749	Root;Ascomycota;Lecanoromycetes;Lecanorales;Lecanoraceae;Rhizoplaca;Rhizoplaca_peltata
EU199178	Root;Ascomycota;Sordariomycetes;Diaporthales;Gnomoniaceae;Amphiporthe;Amphiporthe_hranicensis
EU199187	Root;Ascomycota;Sordariomycetes;Diaporthales;Gnomoniaceae;Ditopella;Ditopella_ditopa
FN547487	Root;Glomeromycota;Glomeromycetes;Glomerales;Glomeraceae;Glomus;Glomus_mosseae
DQ328133	Root;Basidiomycota;Agaricomycetes;Agaricales;Cortinariaceae;Cortinarius;Cortinarius_sebosus
DQ328208	Root;Basidiomycota;Agaricomycetes;Agaricales;Cortinariaceae;Thaxterogaster;Thaxterogaster_levisporus
DQ328113	Root;Basidiomycota;Agaricomycetes;Agaricales;Cortinariaceae;Quadrispora;Quadrispora_tubercularis
DQ328168	Root;Basidiomycota;Agaricomycetes;Agaricales;Cortinariaceae;Descomyces;Descomyces_albus
DQ328197	Root;Basidiomycota;Agaricomycetes;Agaricales;Cortinariaceae;Protoglossum;Protoglossum_luteum
DQ344510	Root;Basidiomycota;Pucciniomycetes;Pucciniales;Pucciniaceae;Puccinia;Puccinia_andropogonis
DQ344514	Root;Basidiomycota;Pucciniomycetes;Pucciniales;Pucciniaceae;Puccinia;Puccinia_andropogonis
DQ344517	Root;Basidiomycota;Pucciniomycetes;Pucciniales;Pucciniaceae;Puccinia;Puccinia_andropogonis
AF203472	Root;Ascomycota;Leotiomycetes;Rhytismatales;Rhytismataceae;Lirula;Lirula_macrospora
FJ861968	Root;Ascomycota;Leotiomycetes;Rhytismatales;Rhytismataceae;Lophodermium;Lophodermium_australe
DQ345571	Root;Ascomycota;Sordariomycetes;Hypocreales;Ophiocordycipitaceae;Hirsutella;Hirsutella_rhossiliensis
DQ345581	Root;Ascomycota;Sordariomycetes;Hypocreales;Ophiocordycipitaceae;Hirsutella;Hirsutella_vermicola
DQ355450	Root;Basidiomycota;Pucciniomycetes;Pucciniales;Pucciniaceae;Puccinia;Puccinia_coronata
DQ355454	Root;Basidiomycota;Pucciniomycetes;Pucciniales;Pucciniaceae;Puccinia;Puccinia_coronata
EU597077	Root;Basidiomycota;Agaricomycetes;Gomphales;Gomphaceae;Ramaria;Ramaria_cystidiophora
EU837200	Root;Basidiomycota;Agaricomycetes;Gomphales;Gomphaceae;Ramaria;Ramaria_cyaneigranosa
EU525966	Root;Basidiomycota;Agaricomycetes;Agaricales;Cortinariaceae;Cortinarius;Cortinarius_cotoneus
EU557325	Root;Basidiomycota;Agaricomycetes;Boletales;Suillaceae;Suillus;Suillus_lakei
EU652343	Root;Basidiomycota;Agaricomycetes;Gomphales;Gomphaceae;Ramaria;Ramaria_largentii
DQ371952	Root;Ascomycota;Saccharomycetes;Saccharomycetales;Saccharomycopsidaceae;Saccharomycopsis;Saccharomycopsis_javanensis
DQ371963	Root;Ascomycota;Saccharomycetes;Saccharomycetales;Saccharomycopsidaceae;Saccharomycopsis;Saccharomycopsis_malanga
EU597076	Root;Basidiomycota;Agaricomycetes;Boletales;Boletaceae;Boletus;Boletus_mirabilis
DQ367905	Root;Basidiomycota;Agaricomycetes;Agaricales;Cortinariaceae;Inocybe;Inocybe_lanuginosa_var_lanuginosa
FJ157018	Root;Basidiomycota;Agaricomycetes;Agaricales;Cortinariaceae;Cortinarius;Cortinarius_caperatus
EF493260	Root;Basidiomycota;Agaricomycetes;Boletales;Suillaceae;Suillus;Suillus_grevillei
AB036897	Root;Basidiomycota;Agaricomycetes;Agaricales;Tricholomataceae;Tricholoma;Tricholoma_saponaceum
DQ376247	Root;Ascomycota;Sordariomycetes;Hypocreales;Clavicipitaceae;Beauveria;Beauveria_malawiensis
AJ438981	Root;Basidiomycota;Agaricomycetes;Agaricales;Cortinariaceae;Cortinarius;Cortinarius_obtusus
AB250409	Root;Ascomycota;Sordariomycetes;Hypocreales;Clavicipitaceae;Claviceps;Claviceps_paspali
AF163041	Root;Ascomycota;Sordariomycetes;Xylariales;Xylariaceae;Xylaria;Xylaria_polymorpha
AF163042	Root;Ascomycota;Sordariomycetes;Xylariales;Xylariaceae;Xylaria;Xylaria_polymorpha
DQ374145	Root;Ascomycota;Lecanoromycetes;Acarosporales;Acarosporaceae;Sarcogyne;Sarcogyne_privigna
DQ383642	Root;Ascomycota;Lecanoromycetes;Lecanorales;Parmeliaceae;Everniastrum;Everniastrum_nepalense
DQ383643	Root;Ascomycota;Lecanoromycetes;Lecanorales;Parmeliaceae;Nephromopsis;Nephromopsis_pallescens
DQ383644	Root;Ascomycota;Lecanoromycetes;Lecanorales;Ramalinaceae;Ramalina;Ramalina_conduplicans
DQ384590	Root;Basidiomycota;Agaricomycetes;Gomphales;Gomphaceae;Ramaria;Ramaria_cystidiophora
FJ627591	Root;Basidiomycota;Agaricomycetes;Russulales;Bondarzewiaceae;Heterobasidion;Heterobasidion_annosum
DQ384594	Root;Basidiomycota;Agaricomycetes;Polyporales;Fomitopsidaceae;Spongiporus;Oligoporus_undosus
DQ394368	Root;Ascomycota;Lecanoromycetes;Teloschistales;Physciaceae;Heterodermia;Heterodermia_hypoleuca
DQ394372	Root;Ascomycota;Lecanoromycetes;Lecanorales;Parmeliaceae;Parmotrema;Parmotrema_tinctorum
DQ394390	Root;Ascomycota;Lecanoromycetes;Lecanorales;Ramalinaceae;Ramalina;Ramalina_almquistii
DQ394392	Root;Ascomycota;Lecanoromycetes;Lecanorales;Ramalinaceae;Ramalina;Ramalina_geniculata
DQ394393	Root;Ascomycota;Lecanoromycetes;Lecanorales;Ramalinaceae;Ramalina;Ramalina_pertusa
DQ394396	Root;Ascomycota;Lecanoromycetes;Lecanorales;Ramalinaceae;Tephromela;Tephromela_atra
DQ394397	Root;Ascomycota;Lecanoromycetes;Umbilicariales;Umbilicariaceae;Umbilicaria;Umbilicaria_esculenta
DQ389662	Root;Basidiomycota;Agaricomycetes;Russulales;Auriscalpiaceae;Artomyces;Artomyces_pyxidatus
DQ389663	Root;Basidiomycota;Agaricomycetes;Russulales;Albatrellaceae;Polyporoletus;Polyporoletus_sublividus
UDB011593	Root;Basidiomycota;Agaricomycetes;Agaricales;Tricholomataceae;Tricholoma;Tricholoma_virgatum
DQ401560	Root;Ascomycota;Lecanoromycetes;Lecanorales;Hymeneliaceae;Aspicilia;Aspicilia_calcarea
DQ402537	Root;Basidiomycota;Tremellomycetes;Filobasidiales;Filobasidiaceae;Cryptococcus;Cryptococcus_saitoi
DQ407250	Root;Basidiomycota;Agaricomycetes;Boletales;Boletaceae;Leccinum;Leccinum_rugosiceps
DQ407251	Root;Basidiomycota;Agaricomycetes;Boletales;Boletaceae;Boletus;Boletus_magnificus
DQ407254	Root;Basidiomycota;Agaricomycetes;Boletales;Boletaceae;Strobilomyces;Strobilomyces_confusus
DQ407255	Root;Basidiomycota;Agaricomycetes;Boletales;Boletaceae;Strobilomyces;Strobilomyces_seminudus
DQ407258	Root;Basidiomycota;Agaricomycetes;Boletales;Boletaceae;Pulveroboletus;Pulveroboletus_auriflammeus
DQ409168	Root;Ascomycota;Saccharomycetes;Saccharomycetales;Pichiaceae;Pichia;Pichia_castillae
JQ801414	Root;Basidiomycota;Agaricomycetes;Agaricales;Cortinariaceae;Inocybe;Inocybe_rimosoides
DQ420165	Root;Basidiomycota;Agaricomycetes;Agaricales;Pluteaceae;Volvariella;Volvariella_volvacea
DQ830805	Root;Basidiomycota;Agaricomycetes;Agaricales;Tricholomataceae;Collybia;Collybia_cirrhata
DQ411529	Root;Basidiomycota;Agaricomycetes;Polyporales;Sistotremataceae;Trechispora;Trechispora_alnicola
DQ425023	Root;Basidiomycota;Pucciniomycetes;Pucciniales;Uropyxidaceae;Tranzschelia;Tranzschelia_pruni_spinosae_var_americana
DQ425024	Root;Basidiomycota;Pucciniomycetes;Pucciniales;Uropyxidaceae;Tranzschelia;Tranzschelia_pruni_spinosae_var_americana
DQ425055	Root;Basidiomycota;Pucciniomycetes;Pucciniales;Uropyxidaceae;Tranzschelia;Tranzschelia_fusca
GU132456	Root;Ascomycota;Sordariomycetes;Hypocreales;Nectriaceae;Fusarium;Fusarium_oxysporum
DQ431178	Root;Ascomycota;Leotiomycetes;Helotiales;Helotiaceae;Hymenoscyphus;Hymenoscyphus_serotinus
DQ431176	Root;Ascomycota;Leotiomycetes;Helotiales;Helotiaceae;Hymenoscyphus;Hymenoscyphus_fructigenus
DQ431170	Root;Ascomycota;Leotiomycetes;Helotiales;Helotiaceae;Hymenoscyphus;Hymenoscyphus_epiphyllus
DQ431172	Root;Ascomycota;Leotiomycetes;Helotiales;Sclerotiniaceae;Ciboria;Ciboria_americana
DQ431174	Root;Ascomycota;Leotiomycetes;Helotiales;Helotiaceae;Hymenoscyphus;Hymenoscyphus_immutabilis
DQ431177	Root;Ascomycota;Leotiomycetes;Helotiales;Helotiaceae;Hymenoscyphus;Hymenoscyphus_crataegi
DQ435529	Root;Ascomycota;Dothideomycetes;Pleosporales;Dacampiaceae;Munkovalsaria;Munkovalsaria_appendiculata
AM160616	Root;Ascomycota;Saccharomycetes;Saccharomycetales;Metschnikowiaceae;Metschnikowia;Metschnikowia_aff_chrysoperlae_HA_1623
FJ167353	Root;Basidiomycota;Ustilaginomycetes;Ustilaginales;Ustilaginaceae;Ustilago;Ustilago_maydis
DQ459083	Root;Ascomycota;Dothideomycetes;Capnodiales;Mycosphaerellaceae;Mycosphaerella;Mycosphaerella_areola
DQ450878	Root;Ascomycota;Sordariomycetes;Hypocreales;Nectriaceae;Fusarium;Fusarium_culmorum
UDB001569	Root;Basidiomycota;Agaricomycetes;Agaricales;Cortinariaceae;Cortinarius;Cortinarius_stillatitius
EU314990	Root;Ascomycota;Eurotiomycetes;Eurotiales;Trichocomaceae;Aspergillus;Aspergillus_nomius
DQ467997	Root;Ascomycota;Eurotiomycetes;Eurotiales;Trichocomaceae;Aspergillus;Aspergillus_nomius
FJ394381	Root;Ascomycota;Sordariomycetes;Hypocreales;Ophiocordycipitaceae;Ophiocordyceps;Ophiocordyceps_sinensis
FJ228165	Root;Ascomycota;Dothideomycetes;Botryosphaeriales;Botryosphaeriaceae;Botryosphaeria;Botryosphaeria_stevensii
AF083191	Root;Ascomycota;Sordariomycetes;Chaetosphaeriales;Chaetosphaeriaceae;Chaetosphaeria;Phialophora_phaeophora
AF083193	Root;Ascomycota;Sordariomycetes;Coniochaetales;Coniochaetaceae;Lecythophora;Phialophora_lignicola
AF083206	Root;Ascomycota;Sordariomycetes;Coniochaetales;Coniochaetaceae;Lecythophora;Phialophora_lignicola
DQ340310	Root;Basidiomycota;Agaricomycetes;Hymenochaetales;Schizoporaceae;Hyphodontia;Hyphodontia_nespori
DQ340323	Root;Basidiomycota;Agaricomycetes;Hymenochaetales;Schizoporaceae;Hyphodontia;Hyphodontia_hastata
DQ340313	Root;Basidiomycota;Agaricomycetes;Hymenochaetales;Schizoporaceae;Hyphodontia;Hyphodontia_crustosa
DQ491503	Root;Ascomycota;Pezizomycetes;Pezizales;Morchellaceae;Disciotis;Disciotis_venosa
DQ491504	Root;Ascomycota;Pezizomycetes;Pezizales;Ascobolaceae;Ascobolus;Ascobolus_crenulatus
DQ491512	Root;Ascomycota;Orbiliomycetes;Orbiliales;Orbiliaceae;Orbilia;Orbilia_auricolor
DQ491513	Root;Ascomycota;Sordariomycetes;Microascales;Microascaceae;Microascus;Microascus_trigonosporus
DQ491515	Root;Ascomycota;Dothideomycetes;Capnodiales;Capnodiaceae;Capnodium;Capnodium_coffeae
DQ491519	Root;Ascomycota;Dothideomycetes;Pleosporales;Sporormiaceae;Westerdykella;Westerdykella_cylindrica
DQ469288	Root;Basidiomycota;Agaricomycetes;Atheliales;Atheliaceae;Piloderma;Piloderma_lanatum
EF488411	Root;Ascomycota;Sordariomycetes;Hypocreales;Nectriaceae;Fusarium;Fusarium_oxysporum
FJ200219	Root;Ascomycota;Dothideomycetes;Capnodiales;Mycosphaerellaceae;Mycosphaerella;Ascochyta_pinodes
DQ460720	Root;Basidiomycota;Pucciniomycetes;Pucciniales;Pucciniaceae;Puccinia;Puccinia_cerinthes_agropyrina
EU014050	Root;Basidiomycota;Pucciniomycetes;Pucciniales;Pucciniaceae;Puccinia;Puccinia_triticina
DQ486874	Root;Ascomycota;Sordariomycetes;Hypocreales;Nectriaceae;Haematonectria;Fusarium_solani
DQ486875	Root;Ascomycota;Sordariomycetes;Hypocreales;Nectriaceae;Haematonectria;Fusarium_solani
U31843	Root;Ascomycota;Sordariomycetes;Diaporthales;Togniniaceae;Phaeoacremonium;Phaeoacremonium_inflatipes
HM439635	Root;Ascomycota;Sordariomycetes;Diaporthales;Valsaceae;Phomopsis;Phomopsis_occulta
DQ402184	Root;Ascomycota;Dothideomycetes;Hysteriales;Hysteriaceae;Hysterographium;Hysterographium_pulchrum
DQ485612	Root;Chytridiomycota;Chytridiomycetes;Rhizophydiales;Rhizophydiaceae;Rhizophydium;Rhizophydium_carpophilum
DQ200832	Root;Ascomycota;Pezizomycetes;Pezizales;Pyronemataceae;Humaria;Humaria_hemisphaerica
DQ497617	Root;Ascomycota;Taphrinomycetes;Taphrinales;Protomycetaceae;Protomyces;Protomyces_inouyei
DQ494361	Root;Ascomycota;Orbiliomycetes;Orbiliales;Orbiliaceae;Dactylella;Dactylella_ramosa
EU887131	Root;Ascomycota;Dothideomycetes;Capnodiales;Mycosphaerellaceae;Cercospora;Cercospora_bizzozeriana
AF222829	Root;Ascomycota;Dothideomycetes;Capnodiales;Mycosphaerellaceae;Davidiella;Davidiella_tassiana
AF487273	Root;Ascomycota;Sordariomycetes;Hypocreales;Clavicipitaceae;Metarhizium;Metarhizium_anisopliae
DQ516524	Root;Basidiomycota;Dacrymycetes;Dacrymycetales;Dacrymycetaceae;Dacrymyces;Dacrymyces_stillatus
AF180158	Root;Basidiomycota;Pucciniomycetes;Pucciniales;Pucciniaceae;Uromyces;Uromyces_euphorbiae_corniculati
AJ293880	Root;Ascomycota;Leotiomycetes;Rhytismatales;Rhytismataceae;Colpoma;Colpoma_quercinum
DQ521417	Root;Basidiomycota;Agaricomycetes;Agaricales;Clavariaceae;Multiclavula;Multiclavula_mucida
AF291268	Root;Basidiomycota;Agaricomycetes;Auriculariales;Auriculariaceae;Auricularia;Auricularia_auricula_judae
AB015680	Root;Basidiomycota;Agaricomycetes;Agaricales;Amanitaceae;Amanita;Amanita_citrina_var_grisea
AB015681	Root;Basidiomycota;Agaricomycetes;Agaricales;Amanitaceae;Amanita;Amanita_volvata
AB015686	Root;Basidiomycota;Agaricomycetes;Agaricales;Amanitaceae;Amanita;Amanita_virgineoides
AB022351	Root;Ascomycota;Leotiomycetes;Erysiphales;Erysiphaceae;Brasiliomyces;Brasiliomyces_trina
AB027231	Root;Ascomycota;Leotiomycetes;Erysiphales;Erysiphaceae;Podosphaera;Podosphaera_leucotricha
EU039882	Root;Ascomycota;Sordariomycetes;Hypocreales;Clavicipitaceae;Elaphocordyceps;Elaphocordyceps_japonica
FJ411408	Root;Ascomycota;Sordariomycetes;Hypocreales;Ophiocordycipitaceae;Tolypocladium;Tolypocladium_inflatum
AB031193	Root;Ascomycota;Sordariomycetes;Hypocreales;Ophiocordycipitaceae;Ophiocordyceps;Ophiocordyceps_konnoana
AB031196	Root;Ascomycota;Sordariomycetes;Hypocreales;Ophiocordycipitaceae;Ophiocordyceps;Ophiocordyceps_coccidiicola
AB035588	Root;Basidiomycota;Tremellomycetes;Filobasidiales;Filobasidiaceae;Cryptococcus;Cryptococcus_fragicola
FJ746664	Root;Basidiomycota;Agaricomycetes;Agaricales;Tricholomataceae;Tricholoma;Tricholoma_magnivelare
AB036898	Root;Basidiomycota;Agaricomycetes;Agaricales;Tricholomataceae;Tricholoma;Tricholoma_bakamatsutake
AB036899	Root;Basidiomycota;Agaricomycetes;Agaricales;Tricholomataceae;Tricholoma;Tricholoma_sejunctum
AB036901	Root;Basidiomycota;Agaricomycetes;Agaricales;Tricholomataceae;Tricholoma;Tricholoma_fulvocastaneum
U89372	Root;Ascomycota;Sordariomycetes;Hypocreales;Clavicipitaceae;Balansia;Balansia_andropogonis
AB042227	Root;Basidiomycota;Tremellomycetes;Tremellales;Cuniculitremaceae;Kockovaella;Kockovaella_calophylli
AF444479	Root;Basidiomycota;Tremellomycetes;Tremellales;Cuniculitremaceae;Kockovaella;Kockovaella_schimae
AF444475	Root;Basidiomycota;Tremellomycetes;Tremellales;Cuniculitremaceae;Fellomyces;Fellomyces_distylii
AF444462	Root;Basidiomycota;Tremellomycetes;Tremellales;Cuniculitremaceae;Fellomyces;Fellomyces_lichenicola
FJ236461	Root;Ascomycota;Sordariomycetes;Phyllachorales;Phyllachoraceae;Colletotrichum;Colletotrichum_dematium
AB048632	Root;Glomeromycota;Glomeromycetes;Archaeosporales;Ambisporaceae;Ambispora;Ambispora_leptoticha
FJ494954	Root;Ascomycota;Lecanoromycetes;Lecanorales;Parmeliaceae;Usnea;Usnea_trichodeoides
AF444472	Root;Basidiomycota;Tremellomycetes;Tremellales;Cuniculitremaceae;Kockovaella;Kockovaella_sacchari
AB054113	Root;Ascomycota;Saccharomycetes;Saccharomycetales;Pichiaceae;Pichia;Pichia_inositovora
FJ746911	Root;Basidiomycota;Agaricomycetes;Cantharellales;Ceratobasidiaceae;Thanatephorus;Rhizoctonia_solani
AB067746	Root;Ascomycota;Sordariomycetes;Hypocreales;Ophiocordycipitaceae;Ophiocordyceps;Ophiocordyceps_sinensis
AB070828	Root;Basidiomycota;Agaricomycetes;Polyporales;Polyporaceae;Polyporus;Polyporus_alveolaris
AB072232	Root;Basidiomycota;Tremellomycetes;Cystofilobasidiales;Cystofilobasidiaceae;Udeniomyces;Udeniomyces_pannonicus
AB353920	Root;Ascomycota;Sordariomycetes;Hypocreales;Nectriaceae;Haematonectria;Fusarium_solani
GQ870342	Root;Ascomycota;Leotiomycetes;Erysiphales;Erysiphaceae;Golovinomyces;Golovinomyces_cichoracearum
AB077654	Root;Ascomycota;Leotiomycetes;Erysiphales;Erysiphaceae;Golovinomyces;Golovinomyces_cichoracearum
AB077659	Root;Ascomycota;Leotiomycetes;Erysiphales;Erysiphaceae;Golovinomyces;Golovinomyces_artemisiae
AB077675	Root;Ascomycota;Leotiomycetes;Erysiphales;Erysiphaceae;Golovinomyces;Golovinomyces_depressus
AB080431	Root;Ascomycota;Leotiomycetes;Erysiphales;Erysiphaceae;Phyllactinia;Phyllactinia_guttata
AB080537	Root;Ascomycota;Leotiomycetes;Erysiphales;Erysiphaceae;Phyllactinia;Phyllactinia_fraxini
AB080540	Root;Ascomycota;Leotiomycetes;Erysiphales;Erysiphaceae;Phyllactinia;Phyllactinia_guttata
AB080545	Root;Ascomycota;Leotiomycetes;Erysiphales;Erysiphaceae;Phyllactinia;Phyllactinia_juglandis
AB080556	Root;Ascomycota;Leotiomycetes;Erysiphales;Erysiphaceae;Phyllactinia;Phyllactinia_mali
AB080542	Root;Ascomycota;Leotiomycetes;Erysiphales;Erysiphaceae;Phyllactinia;Phyllactinia_guttata
AB080783	Root;Basidiomycota;Agaricomycetes;Agaricales;Amanitaceae;Amanita;Amanita_concentrica
AB084617	Root;Basidiomycota;Agaricomycetes;Polyporales;Meruliaceae;Phlebia;Phlebia_chrysocreas
AB089366	Root;Basidiomycota;Ustilaginomycetes;Ustilaginales;Ustilaginaceae;Pseudozyma;Pseudozyma_fusiformata
FJ538353	Root;Ascomycota;Dothideomycetes;Capnodiales;Mycosphaerellaceae;Guignardia;Guignardia_vaccinii
AB097398	Root;Ascomycota;Saccharomycetes;Saccharomycetales;Saccharomycetaceae;Saccharomyces;Saccharomyces_naganishii
FJ178188	Root;Ascomycota;Saccharomycetes;Saccharomycetales;Saccharomycetaceae;Kazachstania;Kazachstania_exigua
EU553337	Root;Ascomycota;Sordariomycetes;Hypocreales;Clavicipitaceae;Nomuraea;Nomuraea_rileyi
EU525997	Root;Basidiomycota;Agaricomycetes;Agaricales;Amanitaceae;Amanita;Amanita_pantherina
AY624171	Root;Ascomycota;Eurotiomycetes;Eurotiales;Trichocomaceae;Paecilomyces;Paecilomyces_carneus
AB105353	Root;Basidiomycota;Tremellomycetes;Tremellales;Trichosporonaceae;Asterotremella;Asterotremella_pseudolonga
AB107889	Root;Ascomycota;Sordariomycetes;Diaporthales;Diaporthaceae;Diaporthe;Diaporthe_melonis_var_melonis
EU273515	Root;Ascomycota;Sordariomycetes;Hypocreales;Nectriaceae;Mariannaea;Mariannaea_elegans
EU586043	Root;Ascomycota;Sordariomycetes;Hypocreales;Clavicipitaceae;Elaphocordyceps;Elaphocordyceps_ophioglossoides
AB099511	Root;Ascomycota;Eurotiomycetes;Eurotiales;Trichocomaceae;Paecilomyces;Paecilomyces_marquandii
AB115656	Root;Basidiomycota;Pucciniomycetes;Pucciniales;Pucciniaceae;Uromyces;Uromyces_viciae_fabae
FJ468420	Root;Basidiomycota;Pucciniomycetes;Pucciniales;Pucciniaceae;Uromyces;Uromyces_viciae_fabae
AB115737	Root;Basidiomycota;Pucciniomycetes;Pucciniales;Pucciniaceae;Uromyces;Uromyces_minor
AB115740	Root;Basidiomycota;Pucciniomycetes;Pucciniales;Pucciniaceae;Uromyces;Uromyces_appendiculatus
AB116870	Root;Basidiomycota;Pucciniomycetes;Pucciniales;Melampsoraceae;Melampsora;Melampsora_abietis_populi
AB454300	Root;Ascomycota;Dothideomycetes;Botryosphaeriales;Botryosphaeriaceae;Phyllosticta;Phyllosticta_cryptomeriae
AB121014	Root;Basidiomycota;Agaricomycetes;Agaricales;Tricholomataceae;Tricholoma;Tricholoma_mongolicum
AB128012	Root;Ascomycota;Sordariomycetes;Ophiostomatales;Ophiostomataceae;Sporothrix;Sporothrix_schenckii_var_luriei
AB158313	Root;Basidiomycota;Agaricomycetes;Polyporales;Polyporaceae;Trametes;Trametes_hirsuta
EU559018	Root;Ascomycota;Sordariomycetes;Hypocreales;Clavicipitaceae;Claviceps;Claviceps_purpurea
AB176632	Root;Ascomycota;Eurotiomycetes;Eurotiales;Trichocomaceae;Talaromyces;Talaromyces_tardifaciens
AB176638	Root;Ascomycota;Eurotiomycetes;Eurotiales;Trichocomaceae;Talaromyces;Talaromyces_wortmannii_var_sublevisporus
AB180320	Root;Basidiomycota;Exobasidiomycetes;Exobasidiales;Exobasidiaceae;Exobasidium;Exobasidium_miyabei
AB180324	Root;Basidiomycota;Exobasidiomycetes;Exobasidiales;Exobasidiaceae;Exobasidium;Exobasidium_japonicum
AB180328	Root;Basidiomycota;Exobasidiomycetes;Exobasidiales;Exobasidiaceae;Exobasidium;Exobasidium_miyabei
AB180335	Root;Basidiomycota;Exobasidiomycetes;Exobasidiales;Exobasidiaceae;Exobasidium;Exobasidium_pentasporium
AB180346	Root;Basidiomycota;Exobasidiomycetes;Exobasidiales;Exobasidiaceae;Exobasidium;Exobasidium_dubium
AB180365	Root;Basidiomycota;Exobasidiomycetes;Exobasidiales;Exobasidiaceae;Exobasidium;Exobasidium_yoshinagae
AB182291	Root;Ascomycota;Saccharomycetes;Saccharomycetales;Pichiaceae;Pichia;Pichia_kudriavzevii
AB182292	Root;Ascomycota;Saccharomycetes;Saccharomycetales;Saccharomycetaceae;Saccharomyces;Saccharomyces_cerevisiae
AB182293	Root;Ascomycota;Saccharomycetes;Saccharomycetales;Pichiaceae;Pichia;Pichia_kudriavzevii
AB182294	Root;Ascomycota;Saccharomycetes;Saccharomycetales;Pichiaceae;Pichia;Pichia_fabianii
AB182297	Root;Ascomycota;Saccharomycetes;Saccharomycetales;Metschnikowiaceae;Clavispora;Clavispora_lusitaniae
AB182298	Root;Basidiomycota;Tremellomycetes;Tremellales;Trichosporonaceae;Trichosporon;Trichosporon_asahii
AB182299	Root;Ascomycota;Saccharomycetes;Saccharomycetales;Saccharomycetaceae;Nakaseomyces;Candida_glabrata
AB182325	Root;Ascomycota;Saccharomycetes;Saccharomycetales;Pichiaceae;Pichia;Pichia_kudriavzevii
AB188137	Root;Basidiomycota;Pucciniomycetes;Pucciniales;Pucciniaceae;Puccinia;Puccinia_caricis_stipatae
AB188128	Root;Basidiomycota;Pucciniomycetes;Pucciniales;Pucciniaceae;Puccinia;Puccinia_ferruginosa
AB188132	Root;Basidiomycota;Pucciniomycetes;Pucciniales;Pucciniaceae;Puccinia;Puccinia_artemisiae_keiskeanae
AB190406	Root;Ascomycota;Sordariomycetes;Chaetosphaeriales;Chaetosphaeriaceae;Chaetosphaeria;Phialophora_phaeophora
EU181456	Root;Ascomycota;Eurotiomycetes;Onygenales;Arthrodermataceae;Arthroderma;Microsporum_gypseum
AB208109	Root;Ascomycota;Sordariomycetes;Hypocreales;Clavicipitaceae;Berkelella;Blistum_tomentosum
AB210074	Root;Basidiomycota;Agaricomycetes;Polyporales;Meruliaceae;Phlebia;Phlebia_acanthocystis
AB210075	Root;Basidiomycota;Agaricomycetes;Polyporales;Meruliaceae;Phlebia;Phlebia_acanthocystis
AB210076	Root;Basidiomycota;Agaricomycetes;Polyporales;Meruliaceae;Phlebia;Phlebia_lindtneri
FJ441019	Root;Basidiomycota;Agaricomycetes;Polyporales;Meruliaceae;Phlebia;Phlebia_acerina
GQ167045	Root;Basidiomycota;Ustilaginomycetes;Ustilaginales;Ustilaginaceae;Yenia;Ustilago_esculenta
EU886744	Root;Ascomycota;Sordariomycetes;Hypocreales;Cordycipitaceae;Simplicillium;Simplicillium_lamellicola
FJ439582	Root;Ascomycota;Sordariomycetes;Hypocreales;Clavicipitaceae;Pochonia;Pochonia_suchlasporia
AB219232	Root;Ascomycota;Eurotiomycetes;Onygenales;Onygenaceae;Uncinocarpus;Uncinocarpus_reesii
AB220034	Root;Ascomycota;Saccharomycetes;Saccharomycetales;Saccharomycetaceae;Debaryomyces;Debaryomyces_nepalensis
U18363	Root;Ascomycota;Eurotiomycetes;Onygenales;Ajellomycetaceae;Ajellomyces;Ajellomyces_capsulatus
AB232541	Root;Basidiomycota;Pucciniomycetes;Pucciniales;Pucciniaceae;Puccinia;Puccinia_funkiae
AB243690	Root;Ascomycota;Leotiomycetes;Erysiphales;Erysiphaceae;Phyllactinia;Phyllactinia_chubutiana
DQ374649	Root;Ascomycota;Leotiomycetes;Erysiphales;Erysiphaceae;Pleochaeta;Pleochaeta_indica
AB245064	Root;Ascomycota;Sordariomycetes;Diaporthales;Diaporthaceae;Diaporthe;Diaporthe_arctii
AY601918	Root;Ascomycota;Sordariomycetes;Diaporthales;Valsaceae;Phomopsis;Phomopsis_glabrae
AB245069	Root;Ascomycota;Sordariomycetes;Diaporthales;Diaporthaceae;Diaporthe;Diaporthe_citri
AB245089	Root;Basidiomycota;Exobasidiomycetes;Exobasidiales;Exobasidiaceae;Exobasidium;Exobasidium_cylindrosporum
AB248964	Root;Ascomycota;Eurotiomycetes;Eurotiales;Trichocomaceae;Emericella;Emericella_aurantiobrunnea
FJ878646	Root;Ascomycota;Eurotiomycetes;Eurotiales;Trichocomaceae;Emericella;Emericella_nidulans
EU448275	Root;Ascomycota;Eurotiomycetes;Eurotiales;Trichocomaceae;Emericella;Emericella_undulata
FJ771045	Root;Ascomycota;Eurotiomycetes;Eurotiales;Trichocomaceae;Aspergillus;Aspergillus_granulosus
AB252474	Root;Ascomycota;Leotiomycetes;Erysiphales;Erysiphaceae;Erysiphe;Erysiphe_arcuata
AB252466	Root;Ascomycota;Leotiomycetes;Erysiphales;Erysiphaceae;Erysiphe;Erysiphe_pseudocarpinicola
AB252468	Root;Ascomycota;Leotiomycetes;Erysiphales;Erysiphaceae;Erysiphe;Erysiphe_carpinicola
AB371643	Root;Ascomycota;Sordariomycetes;Hypocreales;Clavicipitaceae;Claviceps;Claviceps_panicoidearum
AB248983	Root;Ascomycota;Eurotiomycetes;Eurotiales;Trichocomaceae;Emericella;Emericella_unguis
EU692760	Root;Basidiomycota;Exobasidiomycetes;Exobasidiales;Exobasidiaceae;Exobasidium;Exobasidium_gracile
AB273535	Root;Ascomycota;Leotiomycetes;Erysiphales;Erysiphaceae;Blumeria;Blumeria_graminis
AB273520	Root;Ascomycota;Leotiomycetes;Erysiphales;Erysiphaceae;Blumeria;Blumeria_graminis
AB237824	Root;Ascomycota;Leotiomycetes;Erysiphales;Erysiphaceae;Oidium;Oidium_mangiferae
AB294423	Root;Ascomycota;Sordariomycetes;Hypocreales;Ophiocordycipitaceae;Ophiocordyceps;Ophiocordyceps_rubiginosiperitheciata
AB302832	Root;Ascomycota;Saccharomycetes;Saccharomycetales;Saccharomycetaceae;Zygosaccharomyces;Zygosaccharomyces_rouxii
EU520256	Root;Ascomycota;Dothideomycetes;Capnodiales;Mycosphaerellaceae;Cercospora;Cercospora_viticola
AB329685	Root;Ascomycota;Leotiomycetes;Erysiphales;Erysiphaceae;Oidium;Oidium_baccharidis
AB353761	Root;Ascomycota;Leotiomycetes;Erysiphales;Erysiphaceae;Sawadaea;Sawadaea_nankinensis
AB362797	Root;Ascomycota;Lecanoromycetes;Lecanorales;Ramalinaceae;Ramalina;Ramalina_sinensis
AB368512	Root;Basidiomycota;Agaricomycetes;Agaricales;Tricholomataceae;Tricholoma;Tricholoma_matsutake
FJ515204	Root;Ascomycota;Saccharomycetes;Saccharomycetales;Pichiaceae;Pichia;Pichia_kudriavzevii
FJ466709	Root;Ascomycota;Sordariomycetes;Hypocreales;Nectriaceae;Fusarium;Fusarium_oxysporum
EF513019	Root;Ascomycota;Sordariomycetes;Hypocreales;Cordycipitaceae;Lecanicillium;Lecanicillium_psalliotae
AB430448	Root;Basidiomycota;Agaricomycetes;Agaricales;Typhulaceae;Typhula;Typhula_maritima
AB430819	Root;Ascomycota;Leotiomycetes;Erysiphales;Erysiphaceae;Golovinomyces;Golovinomyces_riedlianus
AB435031	Root;Ascomycota;Taphrinomycetes;Taphrinales;Taphrinaceae;Taphrina;Taphrina_wiesneri
AB435066	Root;Ascomycota;Dothideomycetes;Capnodiales;Mycosphaerellaceae;Mycosphaerella;Mycosphaerella_berkeleyi
AB453031	Root;Basidiomycota;Agaricomycetes;Boletales;Boletaceae;Mycoamaranthus;Mycoamaranthus_cambodgensis
AB445115	Root;Basidiomycota;Agaricomycetes;Cantharellales;Cantharellaceae;Craterellus;Craterellus_atratus
AB445116	Root;Basidiomycota;Agaricomycetes;Cantharellales;Cantharellaceae;Pterygellus;Pterygellus_polymorphus
AB451969	Root;Basidiomycota;Agaricomycetes;Agaricales;Amanitaceae;Amanita;Amanita_hemibapha_subsp_javanica
AB458888	Root;Basidiomycota;Agaricomycetes;Agaricales;Amanitaceae;Amanita;Amanita_hemibapha_subsp_hemibapha
AB451971	Root;Basidiomycota;Agaricomycetes;Agaricales;Amanitaceae;Amanita;Amanita_vaginata
AB451972	Root;Basidiomycota;Agaricomycetes;Agaricales;Amanitaceae;Amanita;Amanita_phalloides
AB453024	Root;Basidiomycota;Agaricomycetes;Cantharellales;Cantharellaceae;Cantharellus;Cantharellus_cibarius
AB453029	Root;Basidiomycota;Agaricomycetes;Boletales;Sclerodermataceae;Scleroderma;Scleroderma_citrinum
AB453030	Root;Basidiomycota;Agaricomycetes;Boletales;Sclerodermataceae;Scleroderma;Scleroderma_sinnamariense
AB453043	Root;Basidiomycota;Agaricomycetes;Boletales;Boletaceae;Mycoamaranthus;Mycoamaranthus_cambodgensis
AB454286	Root;Ascomycota;Dothideomycetes;Botryosphaeriales;Botryosphaeriaceae;Phyllosticta;Phyllosticta_kobus
AB454374	Root;Ascomycota;Dothideomycetes;Botryosphaeriales;Botryosphaeriaceae;Phyllosticta;Phyllosticta_cruenta
AB289660	Root;Basidiomycota;Agaricomycetes;Agaricales;Tricholomataceae;Tricholoma;Tricholoma_auratum
FJ360689	Root;Ascomycota;Eurotiomycetes;Onygenales;Arthrodermataceae;Trichophyton;Trichophyton_verrucosum
AB458188	Root;Ascomycota;Eurotiomycetes;Onygenales;Arthrodermataceae;Arthroderma;Arthroderma_benhamiae
AB459510	Root;Basidiomycota;Agaricomycetes;Boletales;Sclerodermataceae;Pisolithus;Pisolithus_abditus
AB459512	Root;Basidiomycota;Agaricomycetes;Boletales;Sclerodermataceae;Scleroderma;Scleroderma_columnare
AB461361	Root;Ascomycota;Sordariomycetes;Microascales;Microascaceae;Scedosporium;Scedosporium_aurantiacum
GQ244509	Root;Ascomycota;Sordariomycetes;Hypocreales;Clavicipitaceae;Beauveria;Beauveria_bassiana
FJ196780	Root;Ascomycota;Saccharomycetes;Saccharomycetales;Saccharomycetaceae;Kazachstania;Kazachstania_jiainicus
AB467303	Root;Ascomycota;Saccharomycetes;Saccharomycetales;Saccharomycetaceae;Saccharomyces;Saccharomyces_yakushimaensis
AB475118	Root;Ascomycota;Leotiomycetes;Erysiphales;Erysiphaceae;Erysiphe;Erysiphe_kenjiana
AB475121	Root;Ascomycota;Leotiomycetes;Erysiphales;Erysiphaceae;Erysiphe;Erysiphe_kusanoi_var_zelkowae
AB481234	Root;Ascomycota;Leotiomycetes;Helotiales;Hyaloscyphaceae;Albotricha;Albotricha_acutipila
AB481235	Root;Ascomycota;Leotiomycetes;Helotiales;Hyaloscyphaceae;Albotricha;Albotricha_albotestacea
AB481242	Root;Ascomycota;Leotiomycetes;Helotiales;Hyaloscyphaceae;Dasyscyphella;Dasyscyphella_montana
AB481246	Root;Ascomycota;Leotiomycetes;Helotiales;Hyaloscyphaceae;Lachnellula;Lachnellula_resinaria
AB481248	Root;Ascomycota;Leotiomycetes;Helotiales;Hyaloscyphaceae;Lachnellula;Lachnellula_suecica
AB481250	Root;Ascomycota;Leotiomycetes;Helotiales;Hyaloscyphaceae;Lachnum;Lachnum_abnorme
AB481251	Root;Ascomycota;Leotiomycetes;Helotiales;Hyaloscyphaceae;Lachnum;Lachnum_asiaticum
AB481252	Root;Ascomycota;Leotiomycetes;Helotiales;Hyaloscyphaceae;Incrucipulum;Lachnum_ciliare
AB481254	Root;Ascomycota;Leotiomycetes;Helotiales;Hyaloscyphaceae;Lachnum;Lachnum_fuscescens
AB481256	Root;Ascomycota;Leotiomycetes;Helotiales;Hyaloscyphaceae;Incrucipulum;Incrucipulum_longispineum
AB481257	Root;Ascomycota;Leotiomycetes;Helotiales;Hyaloscyphaceae;Lachnum;Lachnum_nudipes
AB481259	Root;Ascomycota;Leotiomycetes;Helotiales;Hyaloscyphaceae;Lachnum;Lachnum_pudibundum
AB481264	Root;Ascomycota;Leotiomycetes;Helotiales;Hyaloscyphaceae;Lachnum;Lachnum_rhytismatis
AB481266	Root;Ascomycota;Leotiomycetes;Helotiales;Hyaloscyphaceae;Lachnum;Lachnum_soppittii
AB481267	Root;Ascomycota;Leotiomycetes;Helotiales;Hyaloscyphaceae;Lachnum;Lachnum_varians
AB481284	Root;Ascomycota;Leotiomycetes;Helotiales;Hyaloscyphaceae;Lasiobelonium;Lasiobelonium_lonicerae
AB481285	Root;Ascomycota;Leotiomycetes;Helotiales;Hyaloscyphaceae;Trichopeziza;Trichopeziza_mollissima
AB481286	Root;Ascomycota;Leotiomycetes;Helotiales;Hyaloscyphaceae;Trichopeziza;Trichopeziza_mollissima
AB481288	Root;Ascomycota;Leotiomycetes;Helotiales;Hyaloscyphaceae;Trichopezizella;Trichopezizella_otanii
GQ456166	Root;Ascomycota;Leotiomycetes;Helotiales;Dermateaceae;Marssonina;Marssonina_coronariae
EF026123	Root;Ascomycota;Sordariomycetes;Xylariales;Xylariaceae;Xylaria;Xylaria_bambusicola
AB496432	Root;Ascomycota;Sordariomycetes;Ophiostomatales;Ophiostomataceae;Raffaelea;Raffaelea_montetyi
AB509372	Root;Ascomycota;Sordariomycetes;Sordariales;Chaetomiaceae;Chaetomium;Chaetomium_cupreum
AB509959	Root;Basidiomycota;Agaricomycetes;Russulales;Stereaceae;Stereum;Stereum_ostrea
FJ710197	Root;Basidiomycota;Agaricomycetes;Boletales;Calostomataceae;Calostoma;Calostoma_ravenelii
AB509628	Root;Basidiomycota;Agaricomycetes;Boletales;Boletaceae;Boletus;Boletus_fraternus
FJ617298	Root;Basidiomycota;Agaricomycetes;Auriculariales;Auriculariaceae;Auricularia;Auricularia_polytricha
AB509634	Root;Basidiomycota;Agaricomycetes;Boletales;Boletaceae;Boletus;Xerocomus_subtomentosus
AB509704	Root;Basidiomycota;Agaricomycetes;Agaricales;Strophariaceae;Hypholoma;Hypholoma_fasciculare
AB509725	Root;Basidiomycota;Agaricomycetes;Cantharellales;Cantharellaceae;Cantharellus;Cantharellus_cibarius
AB509732	Root;Basidiomycota;Agaricomycetes;Cantharellales;Cantharellaceae;Cantharellus;Cantharellus_minor
AB509741	Root;Basidiomycota;Agaricomycetes;Polyporales;Polyporaceae;Polyporus;Polyporus_aff_alveolaris_249_402
AB509749	Root;Basidiomycota;Agaricomycetes;Agaricales;Amanitaceae;Amanita;Amanita_fuliginea
AB509768	Root;Basidiomycota;Agaricomycetes;Agaricales;Amanitaceae;Amanita;Amanita_fuliginea
AB509772	Root;Basidiomycota;Agaricomycetes;Agaricales;Pluteaceae;Pluteus;Pluteus_cervinus
AB509853	Root;Basidiomycota;Agaricomycetes;Russulales;Stereaceae;Xylobolus;Xylobolus_spectabilis
AB509863	Root;Basidiomycota;Agaricomycetes;Agaricales;Entolomataceae;Entoloma;Entoloma_virescens
AB509926	Root;Basidiomycota;Agaricomycetes;Agaricales;Amanitaceae;Amanita;Amanita_perpasta
AB509624	Root;Basidiomycota;Agaricomycetes;Agaricales;Amanitaceae;Amanita;Amanita_aff_subjunquillea_82_220
AB509968	Root;Basidiomycota;Agaricomycetes;Agaricales;Entolomataceae;Rhodophyllus;Rhodophyllus_chamaecyparidis
AB512310	Root;Ascomycota;Sordariomycetes;Xylariales;Xylariaceae;Xylaria;Xylaria_polymorpha
AJ919277	Root;Glomeromycota;Glomeromycetes;Glomerales;Glomeraceae;Glomus;Glomus_mosseae
AM295494	Root;Glomeromycota;Glomeromycetes;Paraglomerales;Paraglomeraceae;Paraglomus;Paraglomus_laccatum
AB520851	Root;Basidiomycota;Agaricomycetes;Agaricales;Entolomataceae;Entoloma;Entoloma_clypeatum
AB524786	Root;Ascomycota;Dothideomycetes;Pleosporales;Lophiostomataceae;Massarina;Massarina_arundinariae
AB022385	Root;Ascomycota;Leotiomycetes;Erysiphales;Erysiphaceae;Podosphaera;Podosphaera_spiraeae
AB525928	Root;Ascomycota;Leotiomycetes;Erysiphales;Erysiphaceae;Podosphaera;Podosphaera_curvispora
AB525929	Root;Ascomycota;Leotiomycetes;Erysiphales;Erysiphaceae;Podosphaera;Podosphaera_salatai
AB525920	Root;Ascomycota;Leotiomycetes;Erysiphales;Erysiphaceae;Podosphaera;Podosphaera_negeri
AF011317	Root;Ascomycota;Leotiomycetes;Erysiphales;Erysiphaceae;Podosphaera;Podosphaera_clandestina
DQ139429	Root;Ascomycota;Leotiomycetes;Erysiphales;Erysiphaceae;Podosphaera;Podosphaera_pannosa
AB546948	Root;Ascomycota;Leotiomycetes;Helotiales;Hyaloscyphaceae;Hyphodiscus;Hyphodiscus_hymeniophilus
AB546953	Root;Ascomycota;Leotiomycetes;Helotiales;Hyaloscyphaceae;Hyphodiscus;Hyphodiscus_theiodeus
AJ005369	Root;Ascomycota;Eurotiomycetes;Onygenales;Onygenaceae;Chrysosporium;Chrysosporium_indicum
AB586998	Root;Ascomycota;Sordariomycetes;Hypocreales;Nectriaceae;Fusarium;Fusarium_merismoides
FJ389929	Root;Ascomycota;Eurotiomycetes;Eurotiales;Trichocomaceae;Paecilomyces;Paecilomyces_formosus
AB614112	Root;Ascomycota;Saccharomycetes;Saccharomycetales;Lipomycetaceae;Lipomyces;Lipomyces_tetrasporus
AB614131	Root;Ascomycota;Saccharomycetes;Saccharomycetales;Lipomycetaceae;Lipomyces;Lipomyces_lipofer
FJ792587	Root;Basidiomycota;Agaricomycetes;Auriculariales;Auriculariaceae;Auricularia;Auricularia_polytricha
FJ617301	Root;Basidiomycota;Agaricomycetes;Auriculariales;Auriculariaceae;Auricularia;Auricularia_polytricha
AB623036	Root;Microsporidia;Microsporea;Microsporida;Pleistophoridae;Heterosporis;Heterosporis_anguillarum
AB627114	Root;Ascomycota;Sordariomycetes;Microascales;Microascaceae;Scopulariopsis;Scopulariopsis_flava
AB630955	Root;Ascomycota;Sordariomycetes;Diaporthales;Pseudoplagiostoma_eucalypti;Pseudoplagiostoma_eucalypti;Pseudoplagiostoma_eucalypti
AB630956	Root;Ascomycota;Sordariomycetes;Diaporthales;Pseudoplagiostoma_eucalypti;Pseudoplagiostoma_eucalypti;Pseudoplagiostoma_eucalypti
AB630957	Root;Ascomycota;Sordariomycetes;Diaporthales;Pseudoplagiostoma_eucalypti;Pseudoplagiostoma_eucalypti;Pseudoplagiostoma_eucalypti
AB630959	Root;Ascomycota;Sordariomycetes;Diaporthales;Pseudoplagiostoma_eucalypti;Pseudoplagiostoma_eucalypti;Pseudoplagiostoma_eucalypti
AF455423	Root;Ascomycota;Eurotiomycetes;Eurotiales;Trichocomaceae;Talaromyces;Talaromyces_rotundus
DQ407257	Root;Basidiomycota;Agaricomycetes;Boletales;Suillaceae;Suillus;Suillus_placidus
GQ844244	Root;Basidiomycota;Agaricomycetes;Agaricales;Physalacriaceae;Mucidula;Mucidula_brunneomarginata
AB693903	Root;Ascomycota;Sordariomycetes;Xylariales;Xylariaceae;Biscogniauxia;Biscogniauxia_mediterranea
AB693910	Root;Basidiomycota;Tremellomycetes;Filobasidiales;Filobasidiaceae;Cryptococcus;Cryptococcus_macerans
AB354209	Root;Ascomycota;Saccharomycetes;Saccharomycetales;Pichiaceae;Pichia;Pichia_koratensis
EF488426	Root;Ascomycota;Sordariomycetes;Diaporthales;Diaporthaceae;Diaporthe;Diaporthe_phaseolorum
AF001019	Root;Ascomycota;Sordariomycetes;Diaporthales;Diaporthaceae;Diaporthe;Diaporthe_phaseolorum
AF001022	Root;Ascomycota;Sordariomycetes;Diaporthales;Diaporthaceae;Diaporthe;Diaporthe_phaseolorum
AF008230	Root;Ascomycota;Pezizomycetes;Pezizales;Morchellaceae;Verpa;Verpa_conica
AF010500	Root;Ascomycota;Leotiomycetes;Helotiales;Sclerotiniaceae;Monilinia;Monilinia_fructicola
AF010504	Root;Ascomycota;Leotiomycetes;Helotiales;Sclerotiniaceae;Monilinia;Monilinia_laxa
DQ359697	Root;Ascomycota;Leotiomycetes;Erysiphales;Erysiphaceae;Neoerysiphe;Neoerysiphe_galeopsidis
AF011303	Root;Ascomycota;Leotiomycetes;Erysiphales;Erysiphaceae;Golovinomyces;Golovinomyces_magnicellulatus
FJ378879	Root;Ascomycota;Leotiomycetes;Erysiphales;Erysiphaceae;Erysiphe;Erysiphe_pisi
DQ164439	Root;Ascomycota;Leotiomycetes;Erysiphales;Erysiphaceae;Erysiphe;Erysiphe_betae
AF011309	Root;Ascomycota;Leotiomycetes;Erysiphales;Erysiphaceae;Golovinomyces;Golovinomyces_sordidus
AF011311	Root;Ascomycota;Leotiomycetes;Erysiphales;Erysiphaceae;Microsphaera;Microsphaera_platani
AF011324	Root;Ascomycota;Leotiomycetes;Erysiphales;Erysiphaceae;Erysiphe;Erysiphe_adunca
AF012195	Root;Basidiomycota;Agaricomycetes;Agaricales;Tricholomataceae;Pleurotopsis;Pleurotopsis_longinqua
AF260224	Root;Ascomycota;Dothideomycetes;Dothideales;Dothioraceae;Kabatina;Kabatina_juniperi
AF026310	Root;Ascomycota;Pezizomycetes;Pezizales;Sarcoscyphaceae;Nanoscypha;Nanoscypha_tetraspora
AF033344	Root;Basidiomycota;Agaricomycetes;Russulales;Auriscalpiaceae;Clavicorona;Clavicorona_taxophila
AF038352	Root;Ascomycota;Eurotiomycetes;Onygenales;Onygenaceae;Auxarthron;Auxarthron_californiense
AF492094	Root;Ascomycota;Taphrinomycetes;Taphrinales;Taphrinaceae;Taphrina;Taphrina_deformans
AF043512	Root;Ascomycota;Saccharomycetes;Saccharomycetales;Pichiaceae;Brettanomyces;Brettanomyces_naardenensis
AF045868	Root;Basidiomycota;Ustilaginomycetes;Ustilaginales;Ustilaginaceae;Ustilago;Ustilago_sparti
AF051927	Root;Basidiomycota;Pucciniomycetes;Pucciniales;Pucciniaceae;Puccinia;Puccinia_carduorum
AF051930	Root;Basidiomycota;Pucciniomycetes;Pucciniales;Pucciniaceae;Puccinia;Puccinia_chondrillina
AF052558	Root;Basidiomycota;Agaricomycetes;Atheliales;Atheliaceae;Tylospora;Tylospora_asterophora
AF053301	Root;Ascomycota;Saccharomycetes;Saccharomycetales;Pichiaceae;Pichia;Pichia_ciferrii
AF059232	Root;Basidiomycota;Agaricomycetes;Agaricales;Strophariaceae;Stropharia;Stropharia_coronilla
AF062933	Root;Basidiomycota;Agaricomycetes;Boletales;Rhizopogonaceae;Rhizopogon;Rhizopogon_succosus
AF064822	Root;Basidiomycota;Pucciniomycetes;Pucciniales;Pucciniaceae;Puccinia;Puccinia_carthami
AF065613	Root;Ascomycota;Sordariomycetes;Hypocreales;Clavicipitaceae;Balansia;Balansia_granulosa
AF065614	Root;Ascomycota;Sordariomycetes;Hypocreales;Clavicipitaceae;Balansia;Balansia_discoidea
AY548802	Root;Ascomycota;Arthoniomycetes;Arthoniales;Roccellaceae;Dendrographa;Dendrographa_leucophaea_f_minor
AF068922	Root;Basidiomycota;Agaricomycetes;Polyporales;Fomitopsidaceae;Piptoporus;Piptoporus_betulinus
AF070030	Root;Ascomycota;Lecanoromycetes;Lecanorales;Lecanoraceae;Lecanora;Lecanora_sulphurea
AF072087	Root;Ascomycota;Pezizomycetes;Pezizales;Pyronemataceae;Otidea;Otidea_rainierensis
AF072233	Root;Ascomycota;Lecanoromycetes;Lecanorales;Parmeliaceae;Tuckermannopsis;Tuckermannopsis_americana
AF072235	Root;Ascomycota;Lecanoromycetes;Lecanorales;Parmeliaceae;Tuckermannopsis;Tuckermannopsis_platyphylla
EU417866	Root;Basidiomycota;Agaricomycetes;Boletales;Boletaceae;Boletus;Boletus_pinophilus
AF083195	Root;Ascomycota;Sordariomycetes;Calosphaeriales;Pleurostomataceae;Pleurostomophora;Pleurostomophora_repens
AF094509	Root;Basidiomycota;Agaricomycetes;Polyporales;Ganodermataceae;Ganoderma;Ganoderma_resinaceum
AF094510	Root;Basidiomycota;Agaricomycetes;Polyporales;Ganodermataceae;Ganoderma;Ganoderma_lucidum
AF096200	Root;Ascomycota;Lecanoromycetes;Umbilicariales;Umbilicariaceae;Umbilicaria;Umbilicaria_subglabra
EU909466	Root;Ascomycota;Lecanoromycetes;Umbilicariales;Umbilicariaceae;Lasallia;Lasallia_pertusa
AF096204	Root;Ascomycota;Lecanoromycetes;Umbilicariales;Umbilicariaceae;Umbilicaria;Umbilicaria_muehlenbergii
AF096206	Root;Ascomycota;Lecanoromycetes;Umbilicariales;Umbilicariaceae;Umbilicaria;Umbilicaria_deusta
AF096207	Root;Ascomycota;Lecanoromycetes;Umbilicariales;Umbilicariaceae;Umbilicaria;Umbilicaria_spodochroa
AF096208	Root;Ascomycota;Lecanoromycetes;Umbilicariales;Umbilicariaceae;Umbilicaria;Umbilicaria_vellea
AF097577	Root;Ascomycota;Dothideomycetes;Myriangiales;Elsinoaceae;Elsinoe;Elsinoe_fawcettii
AF097578	Root;Ascomycota;Dothideomycetes;Myriangiales;Elsinoaceae;Elsinoe;Elsinoe_proteae
AF097901	Root;Ascomycota;Lecanoromycetes;Lecanorales;Parmeliaceae;Platismatia;Platismatia_stenophylla
AF098410	Root;Ascomycota;Lecanoromycetes;Ostropales;Thelotremataceae;Diploschistes;Diploschistes_ocellatus_var_almeriensis
GQ293948	Root;Ascomycota;Sordariomycetes;Xylariales;Diatrypaceae;Eutypa;Eutypa_lata
AF101814	Root;Ascomycota;Dothideomycetes;Pleosporales;Phaeosphaeriaceae;Ophiosphaerella;Ophiosphaerella_herpotricha
AF101819	Root;Ascomycota;Dothideomycetes;Pleosporales;Phaeosphaeriaceae;Ophiosphaerella;Ophiosphaerella_narmari
FJ545234	Root;Ascomycota;Sordariomycetes;Diaporthales;Valsaceae;Phomopsis;Phomopsis_amygdali
AF106519	Root;Ascomycota;Orbiliomycetes;Orbiliales;Orbiliaceae;Arthrobotrys;Arthrobotrys_hertziana
AY965750	Root;Ascomycota;Orbiliomycetes;Orbiliales;Orbiliaceae;Monacrosporium;Monacrosporium_leptosporum
AF110328	Root;Microsporidia;Microsporea;Microsporida;Encephalitozoonidae;Encephalitozoon;Encephalitozoon_hellem
AF110814	Root;Ascomycota;Dothideomycetes;Botryosphaeriales;Botryosphaeriaceae;Sphaeropsis;Sphaeropsis_sapinea
AF112143	Root;Basidiomycota;Agaricomycetes;Agaricales;Cortinariaceae;Cortinarius;Cortinarius_radicatus
AF112146	Root;Basidiomycota;Agaricomycetes;Agaricales;Cortinariaceae;Cortinarius;Cortinarius_violaceus
AF115758	Root;Ascomycota;Lecanoromycetes;Lecanorales;Parmeliaceae;Cetraria;Cetraria_arenaria
AF116180	Root;Ascomycota;Lecanoromycetes;Lecanorales;Parmeliaceae;Cornicularia;Cornicularia_normoerica
AF117378	Root;Ascomycota;Pezizomycetes;Pezizales;Sarcoscyphaceae;Phillipsia;Phillipsia_olivacea
AF117381	Root;Ascomycota;Pezizomycetes;Pezizales;Sarcoscyphaceae;Phillipsia;Phillipsia_domingensis
AF121283	Root;Ascomycota;Dothideomycetes;Dothideales;Dothioraceae;Aureobasidium;Aureobasidium_pullulans
AF122024	Root;Ascomycota;Sordariomycetes;Hypocreales;Cordycipitaceae;Phytocordyceps;Phytocordyceps_ninchukispora
AF122034	Root;Ascomycota;Sordariomycetes;Hypocreales;Clavicipitaceae;Elaphocordyceps;Elaphocordyceps_ophioglossoides
AF122037	Root;Ascomycota;Sordariomycetes;Hypocreales;Clavicipitaceae;Cordyceps;Cordyceps_militaris
AF122038	Root;Ascomycota;Sordariomycetes;Hypocreales;Clavicipitaceae;Cordyceps;Cordyceps_memorabilis
AF122040	Root;Ascomycota;Sordariomycetes;Hypocreales;Ophiocordycipitaceae;Ophiocordyceps;Ophiocordyceps_gracilis
AF122043	Root;Ascomycota;Sordariomycetes;Hypocreales;Ophiocordycipitaceae;Ophiocordyceps;Ophiocordyceps_nutans
EU807992	Root;Ascomycota;Sordariomycetes;Hypocreales;Cordycipitaceae;Isaria;Isaria_tenuipes
AF126817	Root;Ascomycota;Dothideomycetes;Pleosporales;Phaeosphaeriaceae;Ampelomyces;Ampelomyces_quisqualis
AF126891	Root;Basidiomycota;Agaricomycetes;Polyporales;Steccherinaceae;Antrodiella;Antrodiella_faginea
AF131080	Root;Ascomycota;Dothideomycetes;Myriangiales;Elsinoaceae;Elsinoe;Elsinoe_leucospermi
AF131085	Root;Ascomycota;Dothideomycetes;Myriangiales;Elsinoaceae;Sphaceloma;Sphaceloma_protearum
AF097575	Root;Ascomycota;Dothideomycetes;Myriangiales;Elsinoaceae;Elsinoe;Elsinoe_leucospermi
AF131090	Root;Ascomycota;Dothideomycetes;Myriangiales;Elsinoaceae;Elsinoe;Elsinoe_leucospermi
AF133174	Root;Ascomycota;Pezizomycetes;Pezizales;Pezizaceae;Peziza;Peziza_quelepidotia
AF133176	Root;Ascomycota;Pezizomycetes;Pezizales;Pezizaceae;Peziza;Peziza_campestris
AF133178	Root;Ascomycota;Pezizomycetes;Pezizales;Pezizaceae;Peziza;Peziza_echinispora
AF133179	Root;Ascomycota;Pezizomycetes;Pezizales;Pezizaceae;Peziza;Peziza_petersii
AF133180	Root;Ascomycota;Pezizomycetes;Pezizales;Pezizaceae;Peziza;Peziza_repanda
AF133181	Root;Ascomycota;Pezizomycetes;Pezizales;Pezizaceae;Peziza;Peziza_varia
AF133182	Root;Ascomycota;Pezizomycetes;Pezizales;Pezizaceae;Peziza;Peziza_vesiculosa
AF134709	Root;Basidiomycota;Agaricomycetes;Agaricales;Typhulaceae;Typhula;Typhula_incarnata
AF134711	Root;Basidiomycota;Agaricomycetes;Agaricales;Typhulaceae;Typhula;Typhula_ishikariensis
AF134712	Root;Basidiomycota;Agaricomycetes;Agaricales;Typhulaceae;Typhula;Typhula_ishikariensis
AF138813	Root;Ascomycota;Arthoniomycetes;Arthoniales;Arthoniaceae;Arthonia;Arthonia_sardoa
AF139031	Root;Ascomycota;Lecanoromycetes;Lecanorales;Parmeliaceae;Vulpicida;Vulpicida_pinastri
DQ904246	Root;Basidiomycota;Tremellomycetes;Cystofilobasidiales;Cystofilobasidiaceae;Phaffia;Phaffia_rhodozyma
DQ385622	Root;Ascomycota;Sordariomycetes;Hypocreales;Clavicipitaceae;Metarhizium;Metarhizium_flavoviride_var_novazealandicum
AF139855	Root;Ascomycota;Sordariomycetes;Hypocreales;Clavicipitaceae;Metarhizium;Metarhizium_flavoviride_var_type_E
AF141367	Root;Ascomycota;Lecanoromycetes;Lecanorales;Parmeliaceae;Cavernularia;Cavernularia_lophyrea
EU707825	Root;Ascomycota;Lecanoromycetes;Lecanorales;Parmeliaceae;Hypogymnia;Hypogymnia_physodes
AF141369	Root;Ascomycota;Lecanoromycetes;Lecanorales;Parmeliaceae;Melanelia;Melanelia_hepatizon
AF141859	Root;Ascomycota;Lecanoromycetes;Lecanorales;Parmeliaceae;Ahtiana;Ahtiana_sphaerosporella
DQ658887	Root;Ascomycota;Leotiomycetes;Helotiales;Helotiaceae;Rhizoscyphus;Rhizoscyphus_ericae
AF062932	Root;Basidiomycota;Agaricomycetes;Boletales;Rhizopogonaceae;Rhizopogon;Rhizopogon_evadens
AF162456	Root;Glomeromycota;Glomeromycetes;Diversisporales;Gigasporaceae;Gigaspora;Gigaspora_margarita
AF162459	Root;Glomeromycota;Glomeromycetes;Diversisporales;Gigasporaceae;Gigaspora;Gigaspora_margarita
AF162463	Root;Glomeromycota;Glomeromycetes;Diversisporales;Gigasporaceae;Gigaspora;Gigaspora_margarita
AF162465	Root;Glomeromycota;Glomeromycetes;Diversisporales;Gigasporaceae;Gigaspora;Gigaspora_margarita
AF162471	Root;Glomeromycota;Glomeromycetes;Diversisporales;Gigasporaceae;Gigaspora;Gigaspora_margarita
FJ478107	Root;Ascomycota;Sordariomycetes;Xylariales;Xylariaceae;Annulohypoxylon;Annulohypoxylon_truncatum
AF163027	Root;Ascomycota;Sordariomycetes;Xylariales;Xylariaceae;Xylaria;Xylaria_apiculata
AF163031	Root;Ascomycota;Sordariomycetes;Xylariales;Xylariaceae;Xylaria;Xylaria_cornu_damae
AF163034	Root;Ascomycota;Sordariomycetes;Xylariales;Xylariaceae;Xylaria;Xylaria_fioriana
AF163036	Root;Ascomycota;Sordariomycetes;Xylariales;Xylariaceae;Xylaria;Xylaria_hypoxylon
AF166276	Root;Glomeromycota;Glomeromycetes;Glomerales;Glomeraceae;Glomus;Glomus_mosseae
FJ897710	Root;Ascomycota;Eurotiomycetes;Onygenales;Arthrodermataceae;Arthroderma;Microsporum_gypseum
AF168131	Root;Ascomycota;Sordariomycetes;Hypocreales;Clavicipitaceae;Beauveria;Beauveria_bassiana
FJ205455	Root;Ascomycota;Sordariomycetes;Xylariales;Xylariaceae;Daldinia;Daldinia_petriniae
AF178512	Root;Ascomycota;Eurotiomycetes;Eurotiales;Trichocomaceae;Penicillium;Penicillium_brasilianum
AF178514	Root;Ascomycota;Eurotiomycetes;Eurotiales;Trichocomaceae;Penicillium;Penicillium_piscarium
AF178515	Root;Ascomycota;Eurotiomycetes;Eurotiales;Trichocomaceae;Penicillium;Penicillium_simplicissimum
AF178517	Root;Ascomycota;Eurotiomycetes;Eurotiales;Trichocomaceae;Penicillium;Penicillium_pulvillorum
AF178526	Root;Ascomycota;Eurotiomycetes;Eurotiales;Trichocomaceae;Penicillium;Penicillium_pulvillorum
AF178527	Root;Ascomycota;Eurotiomycetes;Eurotiales;Trichocomaceae;Penicillium;Penicillium_pulvillorum
AF180167	Root;Basidiomycota;Pucciniomycetes;Pucciniales;Pucciniaceae;Uromyces;Uromyces_pisi
AF180198	Root;Basidiomycota;Pucciniomycetes;Pucciniales;Pucciniaceae;Uromyces;Uromyces_scutellatus
AF181700	Root;Ascomycota;Dothideomycetes;Capnodiales;Mycosphaerellaceae;Septoria;Septoria_passerinii
AF191171	Root;Ascomycota;Sordariomycetes;Diaporthales;Valsaceae;Leucostoma;Leucostoma_cinctum
DQ996042	Root;Ascomycota;Sordariomycetes;Diaporthales;Valsaceae;Leucostoma;Leucostoma_persoonii
AF191185	Root;Ascomycota;Sordariomycetes;Diaporthales;Valsaceae;Valsa;Valsa_japonica
AF192312	Root;Ascomycota;Sordariomycetes;Diaporthales;Valsaceae;Cytospora;Cytospora_valsoidea
EU301057	Root;Ascomycota;Sordariomycetes;Diaporthales;Valsaceae;Cytospora;Cytospora_rhizophorae
EF447409	Root;Ascomycota;Sordariomycetes;Diaporthales;Valsaceae;Valsa;Valsa_ceratosperma
AF193352	Root;Basidiomycota;Agaricomycetes;Agaricales;Typhulaceae;Typhula;Typhula_ishikariensis
AF193353	Root;Basidiomycota;Agaricomycetes;Agaricales;Typhulaceae;Typhula;Typhula_ishikariensis
AF193356	Root;Basidiomycota;Agaricomycetes;Agaricales;Typhulaceae;Typhula;Typhula_ishikariensis_var_ishikariensis
AF193360	Root;Basidiomycota;Agaricomycetes;Agaricales;Typhulaceae;Typhula;Typhula_ishikariensis
AF193361	Root;Basidiomycota;Agaricomycetes;Agaricales;Typhulaceae;Typhula;Typhula_ishikariensis
AF193365	Root;Basidiomycota;Agaricomycetes;Agaricales;Typhulaceae;Typhula;Typhula_ishikariensis
AF134713	Root;Basidiomycota;Agaricomycetes;Agaricales;Typhulaceae;Typhula;Typhula_ishikariensis
AF193372	Root;Basidiomycota;Agaricomycetes;Agaricales;Typhulaceae;Typhula;Typhula_idahoensis
EU029943	Root;Basidiomycota;Agaricomycetes;Agaricales;Strophariaceae;Stropharia;Stropharia_semiglobata
AF201703	Root;Ascomycota;Sordariomycetes;Xylariales;Xylariaceae;Nemania;Nemania_serpens
AF201705	Root;Ascomycota;Sordariomycetes;Xylariales;Xylariaceae;Biscogniauxia;Biscogniauxia_atropunctata
AF201710	Root;Ascomycota;Sordariomycetes;Xylariales;Xylariaceae;Hypoxylon;Hypoxylon_papillatum
AF201711	Root;Ascomycota;Sordariomycetes;Xylariales;Xylariaceae;Xylaria;Xylaria_hypoxylon
EF488415	Root;Ascomycota;Sordariomycetes;Xylariales;Xylariaceae;Annulohypoxylon;Annulohypoxylon_atroroseum
AF201713	Root;Ascomycota;Sordariomycetes;Xylariales;Xylariaceae;Entoleuca;Entoleuca_mammata
AF201714	Root;Ascomycota;Sordariomycetes;Xylariales;Xylariaceae;Camillea;Camillea_obularia
AF201715	Root;Ascomycota;Sordariomycetes;Xylariales;Xylariaceae;Hypoxylon;Hypoxylon_fuscum
AY909026	Root;Ascomycota;Sordariomycetes;Xylariales;Xylariaceae;Annulohypoxylon;Annulohypoxylon_annulatum
FJ185303	Root;Ascomycota;Sordariomycetes;Xylariales;Xylariaceae;Annulohypoxylon;Annulohypoxylon_multiforme
AF201719	Root;Ascomycota;Sordariomycetes;Xylariales;Xylariaceae;Biscogniauxia;Biscogniauxia_bartholomaei
AF201720	Root;Ascomycota;Sordariomycetes;Xylariales;Xylariaceae;Nemania;Nemania_aenea
FJ878633	Root;Ascomycota;Eurotiomycetes;Eurotiales;Trichocomaceae;Aspergillus;Aspergillus_sclerotiorum
AF203808	Root;Ascomycota;Eurotiomycetes;Eurotiales;Trichocomaceae;Aspergillus;Aspergillus_robustus
AF205663	Root;Basidiomycota;Agaricomycetes;Boletales;Gomphidiaceae;Chroogomphus;Chroogomphus_pseudotomentosus
AF210671	Root;Ascomycota;Sordariomycetes;Hypocreales;Bionectriaceae;Stephanonectria;Stephanonectria_keithii
AF210672	Root;Ascomycota;Sordariomycetes;Hypocreales;Bionectriaceae;Bionectria;Bionectria_pityrodes
AF210675	Root;Ascomycota;Sordariomycetes;Hypocreales;Bionectriaceae;Bionectria;Bionectria_epichloe
AF210678	Root;Ascomycota;Sordariomycetes;Hypocreales;Bionectriaceae;Bionectria;Bionectria_grammicospora
AF358256	Root;Ascomycota;Sordariomycetes;Hypocreales;Bionectriaceae;Bionectria;Bionectria_grammicosporopsis
AF210681	Root;Ascomycota;Sordariomycetes;Hypocreales;Bionectriaceae;Clonostachys;Clonostachys_chlorina
FJ545235	Root;Basidiomycota;Agaricomycetes;Cantharellales;Ceratobasidiaceae;Thanatephorus;Rhizoctonia_solani
DQ289816	Root;Ascomycota;Dothideomycetes;Capnodiales;Mycosphaerellaceae;Phaeoisariopsis;Phaeoisariopsis_griseola
AF222836	Root;Ascomycota;Dothideomycetes;Capnodiales;Mycosphaerellaceae;Phaeoramularia;Phaeoramularia_saururi
AF222840	Root;Ascomycota;Dothideomycetes;Capnodiales;Mycosphaerellaceae;Pseudocercospora;Pseudocercospora_eriodendri
AF222849	Root;Ascomycota;Dothideomycetes;Capnodiales;Mycosphaerellaceae;Stigmina;Stigmina_platani
AF222850	Root;Ascomycota;Dothideomycetes;Capnodiales;Mycosphaerellaceae;Mycosphaerella;Mycosphaerella_asteroma
AF224350	Root;Ascomycota;Lecanoromycetes;Teloschistales;Physciaceae;Diplotomma;Buellia_alboatra
DQ534478	Root;Ascomycota;Lecanoromycetes;Teloschistales;Physciaceae;Physconia;Physconia_muscigena
AF224374	Root;Ascomycota;Lecanoromycetes;Teloschistales;Physciaceae;Phaeophyscia;Phaeophyscia_constipata
AF224375	Root;Ascomycota;Lecanoromycetes;Teloschistales;Physciaceae;Phaeophyscia;Phaeophyscia_nigricans
AF224377	Root;Ascomycota;Lecanoromycetes;Teloschistales;Physciaceae;Physcia;Physcia_magnussonii
AF224378	Root;Ascomycota;Lecanoromycetes;Teloschistales;Physciaceae;Physcia;Physcia_phaea
AF224390	Root;Ascomycota;Lecanoromycetes;Teloschistales;Physciaceae;Physcia;Physcia_aipolia
AF224392	Root;Ascomycota;Lecanoromycetes;Teloschistales;Physciaceae;Physcia;Physcia_aipolia
AF224429	Root;Ascomycota;Lecanoromycetes;Teloschistales;Physciaceae;Physcia;Physcia_leptalea
AF224444	Root;Ascomycota;Lecanoromycetes;Teloschistales;Physciaceae;Phaeophyscia;Phaeophyscia_endococcina
AF224446	Root;Ascomycota;Lecanoromycetes;Teloschistales;Physciaceae;Phaeophyscia;Phaeophyscia_sciastra
AF225442	Root;Ascomycota;Eurotiomycetes;Mycocaliciales;Mycocaliciaceae;Mycocalicium;Mycocalicium_subtile
AF225445	Root;Ascomycota;Eurotiomycetes;Mycocaliciales;Mycocaliciaceae;Mycocalicium;Mycocalicium_subtile
AF225430	Root;Ascomycota;Eurotiomycetes;Mycocaliciales;Mycocaliciaceae;Mycocalicium;Mycocalicium_subtile
AF225432	Root;Ascomycota;Eurotiomycetes;Mycocaliciales;Mycocaliciaceae;Mycocalicium;Mycocalicium_subtile
AF225440	Root;Ascomycota;Eurotiomycetes;Mycocaliciales;Mycocaliciaceae;Mycocalicium;Mycocalicium_subtile
AF225441	Root;Ascomycota;Eurotiomycetes;Mycocaliciales;Mycocaliciaceae;Mycocalicium;Mycocalicium_subtile
AF227197	Root;Ascomycota;Dothideomycetes;Myriangiales;Elsinoaceae;Elsinoe;Elsinoe_banksiae
AF227513	Root;Ascomycota;Lecanoromycetes;Lecanorales;Parmeliaceae;Esslingeriana;Esslingeriana_idahoensis
AF228306	Root;Ascomycota;Lecanoromycetes;Lecanorales;Parmeliaceae;Vulpicida;Vulpicida_canadensis
AF228641	Root;Basidiomycota;Agaricomycetes;Boletales;Sclerodermataceae;Pisolithus;Pisolithus_tinctorius
AF003915	Root;Basidiomycota;Agaricomycetes;Boletales;Sclerodermataceae;Pisolithus;Pisolithus_tinctorius
AF232719	Root;Basidiomycota;Agaricomycetes;Boletales;Rhizopogonaceae;Rhizopogon;Rhizopogon_aromaticus
EF530939	Root;Basidiomycota;Agaricomycetes;Agaricales;Mycenaceae;Mycena;Mycena_rubromarginata
AF246143	Root;Glomeromycota;Glomeromycetes;Glomerales;Glomeraceae;Glomus;Glomus_versiforme
AF540497	Root;Ascomycota;Lecanoromycetes;Teloschistales;Physciaceae;Buellia;Buellia_capitis_regum
EU045425	Root;Ascomycota;Lecanoromycetes;Teloschistales;Physciaceae;Heterodermia;Heterodermia_diademata
AF250823	Root;Ascomycota;Dothideomycetes;Pleosporales;Phaeosphaeriaceae;Phaeosphaeriopsis;Phaeosphaeriopsis_agavensis
DQ425009	Root;Basidiomycota;Agaricomycetes;Polyporales;Ganodermataceae;Ganoderma;Ganoderma_applanatum
AY884180	Root;Basidiomycota;Agaricomycetes;Polyporales;Ganodermataceae;Ganoderma;Ganoderma_australe
AY993918	Root;Basidiomycota;Agaricomycetes;Polyporales;Ganodermataceae;Ganoderma;Ganoderma_australe
AF260264	Root;Ascomycota;Sordariomycetes;Diaporthales;Valsaceae;Cytospora;Cytospora_variostromatica
AF266651	Root;Ascomycota;Sordariomycetes;Diaporthales;Togniniaceae;Phaeoacremonium;Phaeoacremonium_angustius
AF267649	Root;Basidiomycota;Agaricomycetes;Polyporales;Polyporaceae;Trichaptum;Trichaptum_biforme
AF268894	Root;Basidiomycota;Agaricomycetes;Agaricales;Cortinariaceae;Cortinarius;Cortinarius_heterosporus
AF274090	Root;Ascomycota;Lecanoromycetes;Agyriales;Schaereriaceae;Schaereria;Schaereria_fuscocinerea
AF281176	Root;Ascomycota;Sordariomycetes;Hypocreales;Clavicipitaceae;Claviceps;Claviceps_africana
AF281177	Root;Ascomycota;Sordariomycetes;Hypocreales;Clavicipitaceae;Claviceps;Claviceps_sorghicola
AF281178	Root;Ascomycota;Sordariomycetes;Hypocreales;Clavicipitaceae;Claviceps;Claviceps_purpurea
AF282069	Root;Ascomycota;Lecanoromycetes;Lecanorales;Ramalinaceae;Bacidia;Bacidia_sabuletorum
AF282122	Root;Ascomycota;Lecanoromycetes;Lecanorales;Ramalinaceae;Bacidia;Bacidia_auerswaldii
AY394907	Root;Ascomycota;Leotiomycetes;Helotiales;Helotiaceae;Rhizoscyphus;Rhizoscyphus_ericae
AF289063	Root;Basidiomycota;Agaricomycetes;Agaricales;Mycenaceae;Panellus;Panellus_stypticus
EU517523	Root;Basidiomycota;Agaricomycetes;Agaricales;Mycenaceae;Panellus;Panellus_stypticus
AF291274	Root;Basidiomycota;Tremellomycetes;Tremellales;Exidiaceae;Exidia;Exidia_japonica
AF291277	Root;Basidiomycota;Tremellomycetes;Tremellales;Exidiaceae;Exidia;Exidia_saccharina
AF291278	Root;Basidiomycota;Tremellomycetes;Tremellales;Exidiaceae;Exidia;Exidia_thuretiana
AF294694	Root;Basidiomycota;Ustilaginomycetes;Ustilaginales;Ustilaginaceae;Pseudozyma;Pseudozyma_flocculosa
AF296789	Root;Basidiomycota;Agaricomycetes;Agaricales;Coprinaceae;Coprinus;Coprinus_comatus
EF157735	Root;Ascomycota;Dothideomycetes;Capnodiales;Mycosphaerellaceae;Mycosphaerella;Mycosphaerella_arachidis
AF297666	Root;Ascomycota;Lecanoromycetes;Umbilicariales;Umbilicariaceae;Umbilicaria;Umbilicaria_muehlenbergii
AF297732	Root;Ascomycota;Lecanoromycetes;Lecanorales;Parmeliaceae;Usnea;Usnea_arizonica
AF297742	Root;Ascomycota;Lecanoromycetes;Lecanorales;Parmeliaceae;Lethariella;Lethariella_intricata
AF299347	Root;Ascomycota;Eurotiomycetes;Onygenales;Onygenaceae;Renispora;Renispora_flavissima
AY909003	Root;Ascomycota;Sordariomycetes;Xylariales;Xylariaceae;Annulohypoxylon;Annulohypoxylon_multiforme
AF301420	Root;Ascomycota;Pezizomycetes;Pezizales;Pezizaceae;Kalaharituber;Kalaharituber_pfeilii
AF309520	Root;Basidiomycota;Agaricomycetes;Agaricales;Tricholomataceae;Tricholoma;Tricholoma_caligatum
AF309522	Root;Basidiomycota;Agaricomycetes;Agaricales;Tricholomataceae;Tricholoma;Tricholoma_caligatum
EU882130	Root;Ascomycota;Dothideomycetes;Capnodiales;Mycosphaerellaceae;Pseudocercospora;Pseudocercospora_chiangmaiensis
AF309610	Root;Ascomycota;Dothideomycetes;Capnodiales;Mycosphaerellaceae;Cercostigmina;Cercostigmina_punctata
AF309622	Root;Ascomycota;Dothideomycetes;Capnodiales;Teratosphaeriaceae;Teratosphaeria;Teratosphaeria_xenocryptica
AF312012	Root;Ascomycota;Dothideomycetes;Botryosphaeriales;Botryosphaeriaceae;Phyllosticta;Phyllosticta_abietis
AF319424	Root;Basidiomycota;Agaricomycetes;Agaricales;Tricholomataceae;Tricholoma;Tricholoma_vernaticum
AF319425	Root;Basidiomycota;Agaricomycetes;Agaricales;Tricholomataceae;Tricholoma;Tricholoma_caligatum
AF319429	Root;Basidiomycota;Agaricomycetes;Agaricales;Tricholomataceae;Tricholoma;Tricholoma_saponaceum
AF322377	Root;Ascomycota;Eurotiomycetes;Onygenales;Ajellomycetaceae;Ajellomyces;Ajellomyces_capsulatus
AF322654	Root;Microsporidia;Microsporea;Microsporida;Glugeidae;Pseudoloma;Pseudoloma_neurophilia
AF325557	Root;Basidiomycota;Agaricomycetes;Agaricales;Cortinariaceae;Thaxterogaster;Thaxterogaster_violaceus
AF325586	Root;Basidiomycota;Agaricomycetes;Agaricales;Cortinariaceae;Cortinarius;Cortinarius_talus
AF325594	Root;Basidiomycota;Agaricomycetes;Agaricales;Cortinariaceae;Cortinarius;Cortinarius_humidicola
AF325645	Root;Basidiomycota;Agaricomycetes;Agaricales;Cortinariaceae;Descomyces;Descomyces_albellus
DQ192181	Root;Basidiomycota;Agaricomycetes;Agaricales;Cortinariaceae;Descolea;Descolea_maculata
AF325655	Root;Basidiomycota;Agaricomycetes;Agaricales;Cortinariaceae;Descolea;Descolea_phlebophora
AF325661	Root;Basidiomycota;Agaricomycetes;Agaricales;Cortinariaceae;Gymnopilus;Gymnopilus_picreus
AF325666	Root;Basidiomycota;Agaricomycetes;Agaricales;Tricholomataceae;Callistosporium;Callistosporium_luteoolivaceum
AF329177	Root;Ascomycota;Lecanoromycetes;Pertusariales;Pertusariaceae;Pertusaria;Pertusaria_albescens
AF332109	Root;Ascomycota;Lecanoromycetes;Lecanorales;Hymeneliaceae;Aspicilia;Aspicilia_contorta
AF333126	Root;Ascomycota;Eurotiomycetes;Verrucariales;Verrucariaceae;Catapyrenium;Catapyrenium_cinereum
AF336138	Root;Basidiomycota;Agaricomycetes;Russulales;Auriscalpiaceae;Artomyces;Artomyces_microspora
AY139787	Root;Ascomycota;Saccharomycetes;Saccharomycetales;Metschnikowiaceae;Clavispora;Clavispora_lusitaniae
AF343673	Root;Ascomycota;Sordariomycetes;Ophiostomatales;Ophiostomataceae;Grosmannia;Grosmannia_crassivaginata
AF343674	Root;Ascomycota;Sordariomycetes;Ophiostomatales;Ophiostomataceae;Leptographium;Leptographium_pineti
AF343676	Root;Ascomycota;Sordariomycetes;Ophiostomatales;Ophiostomataceae;Leptographium;Leptographium_brachiatum
AF343678	Root;Ascomycota;Sordariomycetes;Ophiostomatales;Ophiostomataceae;Ophiostoma;Ophiostoma_brevicolle
AF343679	Root;Ascomycota;Sordariomycetes;Ophiostomatales;Ophiostomataceae;Leptographium;Leptographium_pityophilum
AF343681	Root;Ascomycota;Sordariomycetes;Ophiostomatales;Ophiostomataceae;Grosmannia;Grosmannia_abiocarpa
AF343697	Root;Ascomycota;Sordariomycetes;Ophiostomatales;Ophiostomataceae;Leptographium;Leptographium_lundbergii
AF343710	Root;Ascomycota;Sordariomycetes;Ophiostomatales;Ophiostomataceae;Grosmannia;Grosmannia_leptographioides
AF343711	Root;Ascomycota;Sordariomycetes;Ophiostomatales;Ophiostomataceae;Grosmannia;Grosmannia_grandifoliae
AF343712	Root;Ascomycota;Sordariomycetes;Ophiostomatales;Ophiostomataceae;Leptographium;Leptographium_costaricense
AF345807	Root;Basidiomycota;Agaricomycetes;Agaricales;Strophariaceae;Kuehneromyces;Kuehneromyces_mutabilis
AF347113	Root;Basidiomycota;Agaricomycetes;Thelephorales;Bankeraceae;Hydnellum;Hydnellum_aurantiacum
AF347699	Root;Ascomycota;Lecanoromycetes;Peltigerales;Nephromataceae;Nephroma;Nephroma_australe
AF349703	Root;Basidiomycota;Agaricomycetes;Agaricales;Tricholomataceae;Tricholoma;Tricholoma_mutabile
AF350029	Root;Ascomycota;Lecanoromycetes;Lecanorales;Parmeliaceae;Parmelia;Parmelia_saxatilis
DQ001293	Root;Ascomycota;Lecanoromycetes;Lecanorales;Parmeliaceae;Oropogon;Oropogon_secalonicus
AF350288	Root;Ascomycota;Lecanoromycetes;Peltigerales;Nephromataceae;Nephroma;Nephroma_plumbeum
AF350290	Root;Ascomycota;Lecanoromycetes;Peltigerales;Pannariaceae;Degelia;Degelia_gayana
AF352316	Root;Ascomycota;Lecanoromycetes;Teloschistales;Physciaceae;Diplotomma;Diplotomma_rivas_martinezii
AF357018	Root;Basidiomycota;Agaricomycetes;Agaricales;Entolomataceae;Clitopilus;Clitopilus_fallax
AF357023	Root;Basidiomycota;Agaricomycetes;Agaricales;Lyophyllaceae;Termitomyces;Termitomyces_microcarpus
AF357024	Root;Basidiomycota;Agaricomycetes;Agaricales;Lyophyllaceae;Termitomyces;Termitomyces_subhyalinus
AF357025	Root;Basidiomycota;Agaricomycetes;Agaricales;Lyophyllaceae;Tephrocybe;Tephrocybe_rancida
AF357026	Root;Basidiomycota;Agaricomycetes;Agaricales;Lyophyllaceae;Calocybe;Calocybe_persicolor
AF357031	Root;Basidiomycota;Agaricomycetes;Agaricales;Lyophyllaceae;Calocybe;Calocybe_obscurissima
AF357032	Root;Basidiomycota;Agaricomycetes;Agaricales;Lyophyllaceae;Lyophyllum;Lyophyllum_leucophaeatum
AF357033	Root;Basidiomycota;Agaricomycetes;Agaricales;Lyophyllaceae;Lyophyllum;Lyophyllum_ochraceum
AF357037	Root;Basidiomycota;Agaricomycetes;Agaricales;Lyophyllaceae;Asterophora;Asterophora_lycoperdoides
AF357038	Root;Basidiomycota;Agaricomycetes;Agaricales;Lyophyllaceae;Asterophora;Asterophora_parasitica
AF357041	Root;Basidiomycota;Agaricomycetes;Agaricales;Lyophyllaceae;Tephrocybe;Tephrocybe_gibberosa
AF358435	Root;Ascomycota;Sordariomycetes;Diaporthales;Diaporthaceae;Diaporthe;Diaporthe_helianthi
AF362050	Root;Ascomycota;Dothideomycetes;Capnodiales;Mycosphaerellaceae;Mycosphaerella;Mycosphaerella_lupini
AF362052	Root;Ascomycota;Dothideomycetes;Capnodiales;Mycosphaerellaceae;Mycosphaerella;Mycosphaerella_brassicicola
AF362054	Root;Ascomycota;Dothideomycetes;Capnodiales;Mycosphaerellaceae;Pseudocercospora;Pseudocercospora_cordiana
EU851920	Root;Ascomycota;Dothideomycetes;Capnodiales;Mycosphaerellaceae;Pseudocercospora;Pseudocercospora_norchiensis
AF362059	Root;Ascomycota;Dothideomycetes;Capnodiales;Mycosphaerellaceae;Mycosphaerella;Mycosphaerella_recutita
AF362061	Root;Ascomycota;Dothideomycetes;Capnodiales;Teratosphaeriaceae;Batcheloromyces;Batcheloromyces_eucalypti
AF362062	Root;Ascomycota;Dothideomycetes;Capnodiales;Mycosphaerellaceae;Mycosphaerella;Mycosphaerella_berberidis
AF362063	Root;Ascomycota;Dothideomycetes;Capnodiales;Mycosphaerellaceae;Mycosphaerella;Mycosphaerella_arbuticola
AF362064	Root;Ascomycota;Dothideomycetes;Capnodiales;Mycosphaerellaceae;Mycosphaerella;Mycosphaerella_pinodes
AF362065	Root;Ascomycota;Dothideomycetes;Capnodiales;Mycosphaerellaceae;Mycosphaerella;Mycosphaerella_cruenta
AF362066	Root;Ascomycota;Dothideomycetes;Capnodiales;Mycosphaerellaceae;Stenella;Stenella_araguata
AF362069	Root;Ascomycota;Dothideomycetes;Capnodiales;Mycosphaerellaceae;Cercospora;Cercospora_violae
AF368270	Root;Ascomycota;Sordariomycetes;Hypocreales;Clavicipitaceae;Metarhizium;Metarhizium_cylindrosporae
AF373982	Root;Ascomycota;Eurotiomycetes;Pyrenulales;Xanthopyreniaceae;Pyrenocollema;Pyrenocollema_elegans
AF373986	Root;Ascomycota;Eurotiomycetes;Pyrenulales;Xanthopyreniaceae;Pyrenocollema;Pyrenocollema_halodytes
AF374667	Root;Basidiomycota;Agaricomycetes;Boletales;Sclerodermataceae;Pisolithus;Pisolithus_tinctorius
AF004736	Root;Basidiomycota;Agaricomycetes;Boletales;Sclerodermataceae;Pisolithus;Pisolithus_tinctorius
AF374658	Root;Basidiomycota;Agaricomycetes;Boletales;Sclerodermataceae;Pisolithus;Pisolithus_tinctorius
AF374625	Root;Basidiomycota;Agaricomycetes;Boletales;Sclerodermataceae;Pisolithus;Pisolithus_tinctorius
AF374663	Root;Basidiomycota;Agaricomycetes;Boletales;Sclerodermataceae;Pisolithus;Pisolithus_tinctorius
AF374710	Root;Basidiomycota;Agaricomycetes;Boletales;Sclerodermataceae;Pisolithus;Pisolithus_tinctorius
AF374713	Root;Basidiomycota;Agaricomycetes;Boletales;Sclerodermataceae;Pisolithus;Pisolithus_tinctorius
AF377075	Root;Basidiomycota;Agaricomycetes;Gomphales;Gomphaceae;Gautieria;Gautieria_monticola
AF377087	Root;Basidiomycota;Agaricomycetes;Gomphales;Gomphaceae;Gautieria;Gautieria_monticola
EU669318	Root;Basidiomycota;Agaricomycetes;Boletales;Rhizopogonaceae;Rhizopogon;Rhizopogon_subpurpurascens
AF377136	Root;Basidiomycota;Agaricomycetes;Boletales;Rhizopogonaceae;Rhizopogon;Rhizopogon_anomalus
DQ517380	Root;Basidiomycota;Agaricomycetes;Boletales;Rhizopogonaceae;Rhizopogon;Rhizopogon_milleri
FJ717487	Root;Basidiomycota;Agaricomycetes;Agaricales;Tricholomataceae;Tricholoma;Tricholoma_saponaceum
AF383960	Root;Ascomycota;Dothideomycetes;Pleosporales;Lophiostomataceae;Massarina;Massarina_fronisubmersa
AF383962	Root;Ascomycota;Dothideomycetes;Pleosporales;Lophiostomataceae;Massarina;Massarina_ramunculicola
AF383964	Root;Ascomycota;Dothideomycetes;Pleosporales;Lophiostomataceae;Massarina;Massarina_rubi
AF383968	Root;Ascomycota;Dothideomycetes;Pleosporales;Lophiostomataceae;Vaginatispora;Vaginatispora_aquatica
AF384860	Root;Basidiomycota;Agaricomycetes;Sebacinales;Sebacinaceae;Efibulobasidium;Efibulobasidium_albescens
AF385213	Root;Ascomycota;Sordariomycetes;Hypocreales;Clavicipitaceae;Epichloe;Epichloe_festucae
AF389128	Root;Basidiomycota;Agaricomycetes;Agaricales;Cortinariaceae;Cortinarius;Cortinarius_illitus
AF389135	Root;Basidiomycota;Agaricomycetes;Agaricales;Cortinariaceae;Cortinarius;Cortinarius_multiformis
AF389166	Root;Basidiomycota;Agaricomycetes;Agaricales;Cortinariaceae;Cortinarius;Cortinarius_flavifolius
AF389193	Root;Ascomycota;Sordariomycetes;Hypocreales;Ophiocordycipitaceae;Chaunopycnis;Chaunopycnis_pustulata
AF389195	Root;Ascomycota;Sordariomycetes;Hypocreales;Ophiocordycipitaceae;Chaunopycnis;Chaunopycnis_alba
AF391034	Root;Basidiomycota;Agaricomycetes;Agaricales;Tricholomataceae;Pseudobaeospora;Pseudobaeospora_pyrifera
AF393683	Root;Ascomycota;Dothideomycetes;Capnodiales;Mycosphaerellaceae;Cladosporium;Cladosporium_breviramosum
EU707856	Root;Ascomycota;Dothideomycetes;Capnodiales;Mycosphaerellaceae;Mycosphaerella;Mycosphaerella_buckinghamiae
AF393718	Root;Ascomycota;Dothideomycetes;Capnodiales;Mycosphaerellaceae;Cladosporium;Cladosporium_musae
AF394004	Root;Ascomycota;Pezizomycetes;Pezizales;Sarcoscyphaceae;Cookeina;Cookeina_speciosa
AF394010	Root;Ascomycota;Pezizomycetes;Pezizales;Sarcoscyphaceae;Cookeina;Cookeina_speciosa
AF394011	Root;Ascomycota;Pezizomycetes;Pezizales;Sarcoscyphaceae;Cookeina;Cookeina_speciosa
AF394014	Root;Ascomycota;Pezizomycetes;Pezizales;Sarcoscyphaceae;Cookeina;Cookeina_speciosa
AF394018	Root;Ascomycota;Pezizomycetes;Pezizales;Sarcoscyphaceae;Cookeina;Cookeina_speciosa
AF394031	Root;Ascomycota;Pezizomycetes;Pezizales;Sarcoscyphaceae;Cookeina;Cookeina_insititia
AF394037	Root;Ascomycota;Pezizomycetes;Pezizales;Sarcoscyphaceae;Cookeina;Cookeina_colensoi
AF394525	Root;Microsporidia;Microsporea;Microsporida;Glugeidae;Glugoides;Glugoides_intestinalis
AF394529	Root;Microsporidia;Microsporea;Microsporida;Ordosporidae;Ordospora;Ordospora_colligata
AY390350	Root;Basidiomycota;Exobasidiomycetes;Tilletiales;Tilletiaceae;Tilletia;Tilletia_indica
AY560653	Root;Basidiomycota;Exobasidiomycetes;Tilletiales;Tilletiaceae;Tilletia;Tilletia_horrida
AF400604	Root;Ascomycota;Eurotiomycetes;Eurotiales;Trichocomaceae;Aspergillus;Aspergillus_clavatonanicus
AF400605	Root;Ascomycota;Eurotiomycetes;Eurotiales;Trichocomaceae;Aspergillus;Aspergillus_clavatus
EU078628	Root;Ascomycota;Eurotiomycetes;Eurotiales;Trichocomaceae;Neocarpenteles;Neocarpenteles_acanthosporum
AF402140	Root;Basidiomycota;Agaricomycetes;Boletales;Boletaceae;Boletus;Xerocomus_pruinatus
EF373573	Root;Ascomycota;Lecanoromycetes;Lecanorales;Parmeliaceae;Nephromopsis;Nephromopsis_laureri
AF410822	Root;Ascomycota;Lecanoromycetes;Lecanorales;Parmeliaceae;Parmeliopsis;Parmeliopsis_hyperopta
DQ371957	Root;Ascomycota;Saccharomycetes;Saccharomycetales;Saccharomycopsidaceae;Saccharomycopsis;Saccharomycopsis_crataegensis
AF413088	Root;Glomeromycota;Glomeromycetes;Glomerales;Glomeraceae;Glomus;Glomus_geosporum
AF422977	Root;Ascomycota;Sordariomycetes;Hypocreales;Bionectriaceae;Hydropisphaera;Hydropisphaera_erubescens
AF422972	Root;Ascomycota;Dothideomycetes;Pleosporales;Phaeosphaeriaceae;Phaeosphaeria;Phaeosphaeria_halima
AF422990	Root;Ascomycota;Dothideomycetes;Pleosporales;Phaeosphaeriaceae;Phaeosphaeria;Phaeosphaeria_halima
FJ196763	Root;Ascomycota;Dothideomycetes;Pleosporales;Phaeosphaeriaceae;Phaeosphaeria;Phaeosphaeria_spartinicola
FJ914868	Root;Ascomycota;Saccharomycetes;Saccharomycetales;Pichiaceae;Pichia;Pichia_spartinae
GQ412728	Root;Ascomycota;Dothideomycetes;Dothideales;Dothioraceae;Sydowia;Sydowia_polyspora
AF429283	Root;Ascomycota;Lecanoromycetes;Peltigerales;Coccocarpiaceae;Coccocarpia;Coccocarpia_erythroxyli
AF432179	Root;Ascomycota;Sordariomycetes;Xylariales;Xylariaceae;Arthroxylaria;Arthroxylaria_elegans
AF433150	Root;Ascomycota;Leotiomycetes;Rhytismatales;Cudoniaceae;Cudonia;Cudonia_lutea
AF433152	Root;Ascomycota;Leotiomycetes;Rhytismatales;Cudoniaceae;Spathularia;Spathularia_flavida
AF433154	Root;Ascomycota;Leotiomycetes;Rhytismatales;Cudoniaceae;Spathularia;Spathularia_flavida
AF433155	Root;Ascomycota;Leotiomycetes;Rhytismatales;Cudoniaceae;Spathularia;Spathularia_flavida
AF435825	Root;Ascomycota;Pezizomycetes;Pezizales;Pezizaceae;Eremiomyces;Eremiomyces_echinulatis
EU784405	Root;Basidiomycota;Agaricomycetes;Thelephorales;Bankeraceae;Sarcodon;Sarcodon_squamosus
AF439461	Root;Ascomycota;Dothideomycetes;Pleosporales;Leptosphaeriaceae;Leptosphaeria;Leptosphaeria_dryadis
AY999115	Root;Ascomycota;Sordariomycetes;Sordariales;Lasiosphaeriaceae;Schizothecium;Schizothecium_fimbriatum
AF443851	Root;Ascomycota;Sordariomycetes;Sordariales;Lasiosphaeriaceae;Podospora;Podospora_decidua
FJ545253	Root;Basidiomycota;Tremellomycetes;Cystofilobasidiales;Cystofilobasidiaceae;Cystofilobasidium;Cystofilobasidium_capitatum
AY898956	Root;Basidiomycota;Tremellomycetes;Filobasidiales;Filobasidiaceae;Cryptococcus;Cryptococcus_silvicola
AF444359	Root;Basidiomycota;Tremellomycetes;Filobasidiales;Filobasidiaceae;Cryptococcus;Cryptococcus_cylindricus
AF444484	Root;Basidiomycota;Tremellomycetes;Tremellales;Cuniculitremaceae;Fellomyces;Fellomyces_fuzhouensis
AF444508	Root;Basidiomycota;Microbotryomycetes;Leucosporidiales;Leucosporidiaceae;Leucosporidium;Leucosporidium_fellii
AF444516	Root;Basidiomycota;Agaricostilbomycetes;Agaricostilbales;Agaricostilbaceae;Bensingtonia;Bensingtonia_miscanthi
DQ200919	Root;Basidiomycota;Agaricostilbomycetes;Agaricostilbales;Agaricostilbaceae;Bensingtonia;Bensingtonia_yuccicola
FJ554838	Root;Basidiomycota;Microbotryomycetes;Leucosporidiales;Leucosporidiaceae;Leucosporidium;Leucosporidium_antarcticum
AF444530	Root;Basidiomycota;Microbotryomycetes;Leucosporidiales;Leucosporidiaceae;Leucosporidiella;Leucosporidiella_fragaria
AF444553	Root;Basidiomycota;Agaricostilbomycetes;Agaricostilbales;Agaricostilbaceae;Agaricostilbum;Agaricostilbum_hyphaenes
FJ914884	Root;Basidiomycota;Microbotryomycetes;Sporidiobolales;Sporidiobolaceae;Sporidiobolus;Sporidiobolus_salmonicolor
AF444643	Root;Basidiomycota;Cystobasidiomycetes;Cystobasidiales;Cystobasidiaceae;Occultifur;Occultifur_externus
AF448224	Root;Ascomycota;Leotiomycetes;Erysiphales;Erysiphaceae;Podosphaera;Sphaerotheca_humuli
AF448458	Root;Ascomycota;Lecanoromycetes;Baeomycetales;Baeomycetaceae;Baeomyces;Baeomyces_rufus
AF451744	Root;Ascomycota;Lecanoromycetes;Lecanorales;Parmeliaceae;Omphalodium;Omphalodium_pisacomense
AF451776	Root;Ascomycota;Lecanoromycetes;Lecanorales;Parmeliaceae;Melanelia;Melanelia_hepatizon
AF451779	Root;Ascomycota;Lecanoromycetes;Lecanorales;Parmeliaceae;Nephromopsis;Nephromopsis_komarovii
AF451785	Root;Ascomycota;Lecanoromycetes;Lecanorales;Parmeliaceae;Nephromopsis;Nephromopsis_stracheyi
AF453844	Root;Ascomycota;Lecanoromycetes;Lecanorales;Cladoniaceae;Cladonia;Cladonia_andesita
AF454074	Root;Ascomycota;Eurotiomycetes;Eurotiales;Trichocomaceae;Hamigera;Hamigera_striata
AF454077	Root;Ascomycota;Eurotiomycetes;Eurotiales;Trichocomaceae;Penicillium;Penicillium_isariiforme
EU553343	Root;Ascomycota;Eurotiomycetes;Eurotiales;Trichocomaceae;Paecilomyces;Paecilomyces_leycettanus
AF454401	Root;Basidiomycota;Agaricomycetes;Russulales;Auriscalpiaceae;Artomyces;Artomyces_turgidus
AF454403	Root;Basidiomycota;Agaricomycetes;Russulales;Auriscalpiaceae;Artomyces;Artomyces_turgidus
AF454405	Root;Basidiomycota;Agaricomycetes;Russulales;Auriscalpiaceae;Artomyces;Artomyces_piperatus
AF454406	Root;Basidiomycota;Agaricomycetes;Russulales;Auriscalpiaceae;Artomyces;Artomyces_dichotomus
AF454408	Root;Basidiomycota;Agaricomycetes;Russulales;Auriscalpiaceae;Artomyces;Artomyces_austropiperatus
AF454409	Root;Basidiomycota;Agaricomycetes;Russulales;Auriscalpiaceae;Artomyces;Artomyces_carolinensis
AF454410	Root;Basidiomycota;Agaricomycetes;Russulales;Auriscalpiaceae;Artomyces;Artomyces_costaricensis
AF454413	Root;Basidiomycota;Agaricomycetes;Russulales;Auriscalpiaceae;Artomyces;Artomyces_tasmaniensis
AF454417	Root;Basidiomycota;Agaricomycetes;Russulales;Auriscalpiaceae;Artomyces;Artomyces_novae_zelandiae
AF454453	Root;Ascomycota;Lecanoromycetes;Lecanorales;Cladoniaceae;Cladonia;Cladonia_elixii
AF455171	Root;Ascomycota;Lecanoromycetes;Lecanorales;Cladoniaceae;Cladonia;Cladonia_ceratophylla
AF455177	Root;Ascomycota;Lecanoromycetes;Lecanorales;Cladoniaceae;Cladonia;Cladonia_rappii
AF455179	Root;Ascomycota;Lecanoromycetes;Lecanorales;Cladoniaceae;Cladonia;Cladonia_staufferi
GU207229	Root;Ascomycota;Lecanoromycetes;Lecanorales;Cladoniaceae;Cladonia;Cladonia_caespiticia
AF455238	Root;Ascomycota;Lecanoromycetes;Lecanorales;Cladoniaceae;Cladonia;Cladonia_pityrophylla
FJ627575	Root;Basidiomycota;Agaricomycetes;Russulales;Bondarzewiaceae;Heterobasidion;Heterobasidion_parviporum
AF455494	Root;Ascomycota;Dothideomycetes;Pleosporales;Leptosphaeriaceae;Leptosphaeria;Leptosphaeria_microscopica
EU078650	Root;Ascomycota;Eurotiomycetes;Eurotiales;Trichocomaceae;Aspergillus;Aspergillus_longivesica
EF661565	Root;Ascomycota;Eurotiomycetes;Eurotiales;Trichocomaceae;Aspergillus;Aspergillus_tamarii
AF388931	Root;Ascomycota;Sordariomycetes;Sordariales;Sordariaceae;Neurospora;Neurospora_calospora
HM036593	Root;Ascomycota;Sordariomycetes;Sordariales;Lasiosphaeriaceae;Fimetariella;Fimetariella_rabenhorstii
AF462432	Root;Ascomycota;Dothideomycetes;Pleosporales;Venturiaceae;Rhizosphaera;Rhizosphaera_kobayashii
AF462440	Root;Ascomycota;Leotiomycetes;Rhytismatales;Rhytismataceae;Lirula;Lirula_macrospora
AF309592	Root;Ascomycota;Dothideomycetes;Capnodiales;Mycosphaerellaceae;Mycosphaerella;Mycosphaerella_ellipsoidea
AF479670	Root;Basidiomycota;Agaricomycetes;Hymenochaetales;Schizoporaceae;Oxyporus;Irpex_vellereus
AF483607	Root;Ascomycota;Lecanoromycetes;Rhizocarpales;Rhizocarpaceae;Rhizocarpon;Rhizocarpon_hochstetteri
AF484690	Root;Microsporidia;Microsporea;Microsporida;Pseudonosematidae;Bryonosema;Bryonosema_plumatellae
AF484694	Root;Microsporidia;Microsporea;Microsporida;Pseudonosematidae;Pseudonosema;Pseudonosema_cristatellae
AF485064	Root;Basidiomycota;Agaricomycetes;Agaricales;Lycoperdaceae;Calvatia;Calvatia_rubro_flava
AF486129	Root;Ascomycota;Sordariomycetes;Microascales;Ceratocystidaceae;Sporendocladia;Sporendocladia_foliicola
AF487275	Root;Ascomycota;Sordariomycetes;Hypocreales;Clavicipitaceae;Metarhizium;Metarhizium_acridum
AF487276	Root;Ascomycota;Sordariomycetes;Hypocreales;Clavicipitaceae;Metarhizium;Metarhizium_anisopliae
AF490395	Root;Basidiomycota;Tremellomycetes;Tremellales;Exidiaceae;Sebacina;Sebacina_incrustans
AF490396	Root;Basidiomycota;Tremellomycetes;Tremellales;Exidiaceae;Sebacina;Sebacina_allantoidea
AF491590	Root;Ascomycota;Pezizomycetes;Pezizales;Pezizaceae;Peziza;Peziza_ampliata
AF491594	Root;Ascomycota;Pezizomycetes;Pezizales;Pezizaceae;Peziza;Peziza_fimeti
AF491627	Root;Ascomycota;Pezizomycetes;Pezizales;Pezizaceae;Peziza;Peziza_subcitrina
AF492076	Root;Ascomycota;Taphrinomycetes;Taphrinales;Taphrinaceae;Taphrina;Taphrina_alni
AF492078	Root;Ascomycota;Taphrinomycetes;Taphrinales;Taphrinaceae;Taphrina;Taphrina_americana
AF492120	Root;Ascomycota;Taphrinomycetes;Taphrinales;Taphrinaceae;Taphrina;Taphrina_tormentillae
AF492102	Root;Ascomycota;Taphrinomycetes;Taphrinales;Taphrinaceae;Taphrina;Taphrina_nana
AF492091	Root;Ascomycota;Taphrinomycetes;Taphrinales;Taphrinaceae;Taphrina;Taphrina_dearnessii
AF492103	Root;Ascomycota;Taphrinomycetes;Taphrinales;Taphrinaceae;Taphrina;Taphrina_padi
AF492107	Root;Ascomycota;Taphrinomycetes;Taphrinales;Taphrinaceae;Taphrina;Taphrina_populina
AF492101	Root;Ascomycota;Taphrinomycetes;Taphrinales;Taphrinaceae;Taphrina;Taphrina_mirabilis
AF492123	Root;Ascomycota;Taphrinomycetes;Taphrinales;Taphrinaceae;Taphrina;Taphrina_ulmi
AF492129	Root;Ascomycota;Taphrinomycetes;Taphrinales;Taphrinaceae;Taphrina;Taphrina_wiesneri
EF493276	Root;Basidiomycota;Agaricomycetes;Atheliales;Atheliaceae;Piloderma;Piloderma_fallax
AF501546	Root;Basidiomycota;Agaricomycetes;Agaricales;Cortinariaceae;Gymnopilus;Gymnopilus_eucalyptorum
AF501547	Root;Basidiomycota;Agaricomycetes;Agaricales;Cortinariaceae;Gymnopilus;Gymnopilus_ferruginosus
AF501567	Root;Basidiomycota;Agaricomycetes;Agaricales;Cortinariaceae;Phaeocollybia;Phaeocollybia_graveolens
AF501568	Root;Basidiomycota;Agaricomycetes;Agaricales;Cortinariaceae;Phaeocollybia;Phaeocollybia_ratticauda
GU214636	Root;Ascomycota;Dothideomycetes;Capnodiales;Teratosphaeriaceae;Hortaea;Hortaea_acidophila
AB185256	Root;Ascomycota;Eurotiomycetes;Eurotiales;Trichocomaceae;Neosartorya;Neosartorya_pseudofischeri
AF505515	Root;Ascomycota;Leotiomycetes;Helotiales;Hyaloscyphaceae;Lachnum;Lachnum_lushanense
AF505517	Root;Ascomycota;Leotiomycetes;Helotiales;Hyaloscyphaceae;Lachnum;Lachnum_nudipes
AF505520	Root;Ascomycota;Leotiomycetes;Helotiales;Hyaloscyphaceae;Lachnum;Lachnum_sclerotii
FJ379263	Root;Basidiomycota;Agaricomycetes;Polyporales;Ganodermataceae;Ganoderma;Ganoderma_lucidum
AF506402	Root;Basidiomycota;Agaricomycetes;Russulales;Stereaceae;Aleurocystidiellum;Aleurocystidiellum_disciforme
AF506403	Root;Basidiomycota;Agaricomycetes;Russulales;Stereaceae;Aleurocystidiellum;Aleurocystidiellum_subcruentatum
AF506404	Root;Basidiomycota;Agaricomycetes;Russulales;Gloeocystidiellaceae;Gloeocystidiellum;Gloeocystidiellum_subasperisporum
AF506417	Root;Basidiomycota;Agaricomycetes;Russulales;Auriscalpiaceae;Lentinellus;Lentinellus_cochleatus
AF506446	Root;Basidiomycota;Agaricomycetes;Russulales;Bondarzewiaceae;Gloeodontia;Gloeodontia_pyramidata
AF506449	Root;Basidiomycota;Agaricomycetes;Russulales;Bondarzewiaceae;Gloiodon;Gloiodon_strigosus
AF506471	Root;Basidiomycota;Agaricomycetes;Russulales;Stereaceae;Scytinostromella;Scytinostromella_heterogenea
AF506472	Root;Basidiomycota;Agaricomycetes;Russulales;Stereaceae;Scytinostromella;Scytinostromella_nannfeldtii
AF506488	Root;Basidiomycota;Agaricomycetes;Russulales;Bondarzewiaceae;Wrightoporia;Wrightoporia_avellanea
AF506489	Root;Basidiomycota;Agaricomycetes;Russulales;Bondarzewiaceae;Wrightoporia;Wrightoporia_lenta
AF506492	Root;Basidiomycota;Agaricomycetes;Auriculariales;Auriculariaceae;Auricularia;Auricularia_mesenterica
AF506493	Root;Basidiomycota;Tremellomycetes;Tremellales;Exidiaceae;Exidia;Exidia_glandulosa
AF511081	Root;Basidiomycota;Pucciniomycetes;Pucciniales;Pucciniaceae;Uromyces;Uromyces_aemulus
AF516548	Root;Basidiomycota;Agaricomycetes;Polyporales;Polyporaceae;Polyporus;Polyporus_tricholoma
AF516546	Root;Basidiomycota;Agaricomycetes;Polyporales;Polyporaceae;Polyporus;Polyporus_tricholoma
AF516557	Root;Basidiomycota;Agaricomycetes;Polyporales;Polyporaceae;Datronia;Datronia_mollis
AF516561	Root;Basidiomycota;Agaricomycetes;Polyporales;Polyporaceae;Polyporus;Polyporus_dictyopus
AF516562	Root;Basidiomycota;Agaricomycetes;Polyporales;Polyporaceae;Polyporus;Polyporus_dictyopus
AF516556	Root;Basidiomycota;Agaricomycetes;Polyporales;Polyporaceae;Trametes;Trametes_hirsuta
AF518759	Root;Basidiomycota;Agaricomycetes;Polyporales;Polyporaceae;Polyporus;Polyporus_melanopus
AF518762	Root;Basidiomycota;Agaricomycetes;Polyporales;Polyporaceae;Polyporus;Polyporus_squamosus
FJ872065	Root;Basidiomycota;Agaricomycetes;Polyporales;Meruliaceae;Resinicium;Resinicium_bicolor
AF525676	Root;Ascomycota;Dothideomycetes;Pleosporales;Lophiostomataceae;Herpotrichia;Herpotrichia_parasitica
AF309533	Root;Basidiomycota;Agaricomycetes;Agaricales;Tricholomataceae;Tricholoma;Tricholoma_caligatum
GU247155	Root;Ascomycota;Lecanoromycetes;Teloschistales;Physciaceae;Hyperphyscia;Hyperphyscia_adglutinata
AF546077	Root;Ascomycota;Lecanoromycetes;Ostropales;Thelotremataceae;Thelotrema;Thelotrema_lepadinum
AH006389	Root;Basidiomycota;Agaricomycetes;Cantharellales;Cantharellaceae;Cantharellus;Cantharellus_cibarius
EU520249	Root;Basidiomycota;Agaricomycetes;Russulales;Hericiaceae;Hericium;Hericium_erinaceum
AF170012	Root;Basidiomycota;Agaricomycetes;Polyporales;Ganodermataceae;Ganoderma;Ganoderma_tuberculosum
AF128440	Root;Ascomycota;Leotiomycetes;Helotiales;Hyaloscyphaceae;Mycoarthris;Mycoarthris_corallinus
AJ877223	Root;Ascomycota;Eurotiomycetes;Onygenales;Arthrodermataceae;Arthroderma;Arthroderma_curreyi
AJ000933	Root;Ascomycota;Eurotiomycetes;Eurotiales;Trichocomaceae;Emericella;Emericella_nidulans
FJ755266	Root;Ascomycota;Dothideomycetes;Capnodiales;Mycosphaerellaceae;Ramichloridium;Ramichloridium_cerophilum
GQ924907	Root;Ascomycota;Eurotiomycetes;Eurotiales;Trichocomaceae;Eupenicillium;Eupenicillium_shearii
AJ005674	Root;Ascomycota;Eurotiomycetes;Eurotiales;Trichocomaceae;Petromyces;Petromyces_muricatus
AY781269	Root;Basidiomycota;Agaricomycetes;Polyporales;Fomitopsidaceae;Postia;Postia_tephroleuca
AJ006665	Root;Basidiomycota;Agaricomycetes;Polyporales;Fomitopsidaceae;Postia;Postia_hibernica
AJ006667	Root;Basidiomycota;Agaricomycetes;Polyporales;Polyporaceae;Oligoporus;Postia_sericeomollis
AY218416	Root;Basidiomycota;Agaricomycetes;Polyporales;Polyporaceae;Oligoporus;Oligoporus_rennyi
AJ007842	Root;Ascomycota;Eurotiomycetes;Onygenales;Onygenaceae;Chrysosporium;Chrysosporium_carmichaelii
AJ007844	Root;Ascomycota;Eurotiomycetes;Onygenales;Arthrodermataceae;Arthroderma;Arthroderma_ciferrii
AJ007845	Root;Ascomycota;Eurotiomycetes;Onygenales;Onygenaceae;Chrysosporium;Chrysosporium_undulatum
AJ007846	Root;Ascomycota;Eurotiomycetes;Onygenales;Onygenaceae;Chrysosporium;Chrysosporium_vespertilium
AJ131324	Root;Ascomycota;Sordariomycetes;Hypocreales;Nectriaceae;Nectria;Nectria_haematococca
AJ131689	Root;Ascomycota;Eurotiomycetes;Onygenales;Onygenaceae;Chrysosporium;Chrysosporium_minutisporosum
AJ133431	Root;Ascomycota;Leotiomycetes;Thelebolales;Thelebolaceae;Antarctomyces;Antarctomyces_psychrotrophicus
AJ222626	Root;Ascomycota;Eurotiomycetes;Onygenales;Arthrodermataceae;Trichophyton;Trichophyton_soudanense
AJ223015	Root;Ascomycota;Saccharomycetes;Saccharomycetales;Saccharomycetaceae;Kazachstania;Kazachstania_telluris
AJ223017	Root;Ascomycota;Saccharomycetes;Saccharomycetales;Saccharomycetaceae;Kazachstania;Kazachstania_telluris
AJ223022	Root;Ascomycota;Saccharomycetes;Saccharomycetales;Saccharomycetaceae;Kazachstania;Kazachstania_telluris
AJ223590	Root;Ascomycota;Saccharomycetes;Saccharomycetales;Saccharomycetaceae;Kazachstania;Kazachstania_telluris
AY046215	Root;Ascomycota;Saccharomycetes;Saccharomycetales;Saccharomycetaceae;Kluyveromyces;Kluyveromyces_dobzhanskii
AB302814	Root;Ascomycota;Saccharomycetes;Saccharomycetales;Saccharomycetaceae;Zygosaccharomyces;Zygosaccharomyces_rouxii
AJ229073	Root;Ascomycota;Saccharomycetes;Saccharomycetales;Saccharomycetaceae;Lachancea;Lachancea_thermotolerans
AY046184	Root;Ascomycota;Saccharomycetes;Saccharomycetales;Saccharomycetaceae;Torulaspora;Torulaspora_globosa
AJ229076	Root;Ascomycota;Saccharomycetes;Saccharomycetales;Saccharomycetaceae;Vanderwaltozyma;Vanderwaltozyma_polyspora
FJ157133	Root;Basidiomycota;Agaricomycetes;Agaricales;Cortinariaceae;Cortinarius;Cortinarius_muscigenus
AJ244240	Root;Ascomycota;Dothideomycetes;Capnodiales;Capnodiaceae;Capnodium;Capnodium_salicinum
AJ244244	Root;Ascomycota;Dothideomycetes;Dothideales;Dothioraceae;Dothiora;Dothiora_europaea
GU062294	Root;Ascomycota;Sordariomycetes;Sordariales;Chaetomiaceae;Chaetomium;Chaetomium_globosum
AJ246219	Root;Ascomycota;Sordariomycetes;Xylariales;Xylariaceae;Annulohypoxylon;Annulohypoxylon_multiforme
EF155488	Root;Ascomycota;Sordariomycetes;Xylariales;Xylariaceae;Biscogniauxia;Biscogniauxia_nummularia
AJ247519	Root;Ascomycota;Lecanoromycetes;Lecanorales;Ramalinaceae;Biatora;Biatora_toensbergii
AJ247520	Root;Ascomycota;Lecanoromycetes;Lecanorales;Ramalinaceae;Biatora;Biatora_ocelliformis
AJ247521	Root;Ascomycota;Lecanoromycetes;Lecanorales;Ramalinaceae;Biatora;Biatora_ocelliformis
AJ247526	Root;Ascomycota;Lecanoromycetes;Lecanorales;Ramalinaceae;Biatora;Biatora_fallax
AJ247527	Root;Ascomycota;Lecanoromycetes;Lecanorales;Ramalinaceae;Biatora;Biatora_fallax
AJ247535	Root;Ascomycota;Lecanoromycetes;Lecanorales;Ramalinaceae;Biatora;Biatora_hertelii
AJ247540	Root;Ascomycota;Lecanoromycetes;Lecanorales;Ramalinaceae;Biatora;Biatora_subduplex
AJ247549	Root;Ascomycota;Lecanoromycetes;Lecanorales;Ramalinaceae;Biatora;Biatora_helvola
AJ247551	Root;Ascomycota;Lecanoromycetes;Lecanorales;Ramalinaceae;Biatora;Biatora_sphaeroidiza
AJ247571	Root;Ascomycota;Lecanoromycetes;Lecanorales;Ramalinaceae;Biatora;Biatora_pseudohelvola
AJ247555	Root;Ascomycota;Lecanoromycetes;Lecanorales;Ramalinaceae;Biatora;Biatora_efflorescens
AJ247518	Root;Ascomycota;Lecanoromycetes;Lecanorales;Ramalinaceae;Biatora;Biatora_helvola
AJ247562	Root;Ascomycota;Lecanoromycetes;Lecideales;Porpidiaceae;Mycobilimbia;Mycobilimbia_tetramera
AJ271424	Root;Ascomycota;Eurotiomycetes;Onygenales;Onygenaceae;Auxarthron;Auxarthron_kuehnii
AJ271430	Root;Ascomycota;Eurotiomycetes;Onygenales;Onygenaceae;Shanorella;Shanorella_spirotricha
AJ271431	Root;Ascomycota;Eurotiomycetes;Onygenales;Onygenaceae;Amauroascus;Amauroascus_aureus
AJ271562	Root;Ascomycota;Eurotiomycetes;Onygenales;Onygenaceae;Amauroascus;Amauroascus_echinulatus
AJ271564	Root;Ascomycota;Eurotiomycetes;Onygenales;Onygenaceae;Amauroascus;Amauroascus_purpureus
AJ271567	Root;Ascomycota;Eurotiomycetes;Onygenales;Onygenaceae;Amauroascus;Amauroascus_mutatus
AY177305	Root;Ascomycota;Eurotiomycetes;Onygenales;Onygenaceae;Auxarthron;Auxarthron_thaxteri
AJ271572	Root;Ascomycota;Eurotiomycetes;Onygenales;Onygenaceae;Auxarthron;Auxarthron_pseudoauxarthron
AJ271574	Root;Ascomycota;Eurotiomycetes;Onygenales;Onygenaceae;Auxarthron;Auxarthron_compactum
AJ271584	Root;Ascomycota;Sordariomycetes;Sordariales;Chaetomiaceae;Thielavia;Thielavia_appendiculata
AJ271585	Root;Ascomycota;Sordariomycetes;Sordariales;Chaetomiaceae;Thielavia;Thielavia_coactilis
AJ271587	Root;Ascomycota;Sordariomycetes;Sordariales;Chaetomiaceae;Thielavia;Thielavia_minuta
AJ271588	Root;Ascomycota;Sordariomycetes;Sordariales;Chaetomiaceae;Thielavia;Thielavia_intermedia
AJ271591	Root;Ascomycota;Sordariomycetes;Sordariales;Chaetomiaceae;Thielavia;Thielavia_basicola
AJ271592	Root;Ascomycota;Sordariomycetes;Sordariales;Chaetomiaceae;Thielavia;Thielavia_tortuosa
AJ271628	Root;Ascomycota;Pezizomycetes;Pezizales;Ascobolaceae;Ascobolus;Ascobolus_immersus
AJ292289	Root;Basidiomycota;Agaricomycetes;Gomphales;Gomphaceae;Lentaria;Lentaria_aff_micheneri_48116
AJ292295	Root;Basidiomycota;Agaricomycetes;Gomphales;Gomphaceae;Ramaria;Ramaria_flavosalmonicolor
AJ292401	Root;Ascomycota;Sordariomycetes;Hypocreales;Nectriaceae;Aphanocladium;Aphanocladium_album
AJ293879	Root;Ascomycota;Leotiomycetes;Rhytismatales;Rhytismataceae;Colpoma;Colpoma_quercinum
AJ293884	Root;Ascomycota;Sordariomycetes;Ophiostomatales;Ophiostomataceae;Ophiostoma;Ophiostoma_grandicarpum
AJ296294	Root;Basidiomycota;Agaricomycetes;Boletales;Boletaceae;Boletus;Boletus_lupinus
AJ296348	Root;Basidiomycota;Agaricomycetes;Agaricales;Clavariaceae;Macrotyphula;Macrotyphula_fistulosa
EU822805	Root;Ascomycota;Sordariomycetes;Phyllachorales;Phyllachoraceae;Colletotrichum;Colletotrichum_boninense
FJ545227	Root;Ascomycota;Sordariomycetes;Phyllachorales;Phyllachoraceae;Colletotrichum;Colletotrichum_coccodes
AJ302421	Root;Ascomycota;Sordariomycetes;Xylariales;Diatrypaceae;Cryptosphaeria;Cryptosphaeria_eunomia_var_fraxini
FN386296	Root;Ascomycota;Sordariomycetes;Xylariales;Diatrypaceae;Eutypella;Eutypella_cerviculata
AJ302462	Root;Ascomycota;Sordariomycetes;Xylariales;Diatrypaceae;Eutypella;Eutypella_kochiana
AJ302464	Root;Ascomycota;Sordariomycetes;Xylariales;Diatrypaceae;Eutypella;Eutypella_prunastri
AJ302467	Root;Ascomycota;Sordariomycetes;Xylariales;Diatrypaceae;Eutypella;Eutypella_alsophila
AJ305236	Root;Ascomycota;Leotiomycetes;Helotiales;Dermateaceae;Pyrenopeziza;Pyrenopeziza_brassicae
AJ307018	Root;Ascomycota;Dothideomycetes;Capnodiales;Mycosphaerellaceae;Phloeospora;Phloeospora_mimosae_pigrae
DQ068965	Root;Basidiomycota;Agaricomycetes;Boletales;Rhizopogonaceae;Rhizopogon;Rhizopogon_rubescens
AJ309333	Root;Ascomycota;Sordariomycetes;Hypocreales;Clavicipitaceae;Metacordyceps;Metacordyceps_brittlebankisoides
GQ495672	Root;Ascomycota;Sordariomycetes;Hypocreales;Bionectriaceae;Bionectria;Bionectria_ochroleuca
AJ309336	Root;Ascomycota;Sordariomycetes;Hypocreales;Ophiocordycipitaceae;Ophiocordyceps;Ophiocordyceps_robertsii
AJ309338	Root;Ascomycota;Sordariomycetes;Hypocreales;Clavicipitaceae;Cordyceps;Cordyceps_pruinosa
AJ309344	Root;Ascomycota;Sordariomycetes;Hypocreales;Clavicipitaceae;Cordyceps;Cordyceps_gunnii
AJ309347	Root;Ascomycota;Sordariomycetes;Hypocreales;Ophiocordycipitaceae;Ophiocordyceps;Ophiocordyceps_emeiensis
AY532008	Root;Ascomycota;Sordariomycetes;Hypocreales;Clavicipitaceae;Beauveria;Beauveria_bassiana
FJ841862	Root;Ascomycota;Sordariomycetes;Diaporthales;Diaporthaceae;Diaporthe;Diaporthe_helianthi
AY485749	Root;Ascomycota;Sordariomycetes;Diaporthales;Diaporthaceae;Diaporthe;Diaporthe_helianthi
AJ315840	Root;Ascomycota;Eurotiomycetes;Onygenales;Ajellomycetaceae;Spiromastix;Spiromastix_princeps
AJ315842	Root;Ascomycota;Eurotiomycetes;Onygenales;Onygenaceae;Neogymnomyces;Neogymnomyces_demonbreunii
AF479651	Root;Glomeromycota;Glomeromycetes;Glomerales;Glomeraceae;Glomus;Glomus_geosporum
AJ390385	Root;Ascomycota;Eurotiomycetes;Onygenales;Onygenaceae;Chrysosporium;Chrysosporium_pilosum
AJ390389	Root;Ascomycota;Eurotiomycetes;Onygenales;Onygenaceae;Chrysosporium;Chrysosporium_vallenarense
AJ390396	Root;Ascomycota;Sordariomycetes;Xylariales;Xylariaceae;Hypoxylon;Hypoxylon_intermedium
AJ390398	Root;Ascomycota;Sordariomycetes;Xylariales;Xylariaceae;Hypoxylon;Hypoxylon_cinnabarinum
AJ390399	Root;Ascomycota;Sordariomycetes;Xylariales;Xylariaceae;Annulohypoxylon;Annulohypoxylon_minutellum
AJ390417	Root;Ascomycota;Sordariomycetes;Xylariales;Xylariaceae;Biscogniauxia;Biscogniauxia_marginata
AJ390418	Root;Ascomycota;Sordariomycetes;Xylariales;Xylariaceae;Biscogniauxia;Biscogniauxia_repanda
AJ416955	Root;Basidiomycota;Agaricomycetes;Boletales;Boletaceae;Boletus;Boletus_edulis
AJ416958	Root;Basidiomycota;Agaricomycetes;Boletales;Suillaceae;Suillus;Suillus_grevillei
AJ416957	Root;Basidiomycota;Agaricomycetes;Boletales;Suillaceae;Suillus;Suillus_luteus
AJ419210	Root;Basidiomycota;Agaricomycetes;Boletales;Rhizopogonaceae;Rhizopogon;Rhizopogon_roseolus
AJ421415	Root;Ascomycota;Lecanoromycetes;Teloschistales;Physciaceae;Buellia;Buellia_elegans
AF250787	Root;Ascomycota;Lecanoromycetes;Teloschistales;Physciaceae;Buellia;Buellia_georgei
AJ421418	Root;Ascomycota;Lecanoromycetes;Teloschistales;Physciaceae;Buellia;Buellia_zoharyi
AJ421420	Root;Ascomycota;Lecanoromycetes;Teloschistales;Physciaceae;Physcia;Physcia_aipolia
AJ421693	Root;Ascomycota;Lecanoromycetes;Teloschistales;Physciaceae;Amandinea;Rinodina_cacuminum
AF532168	Root;Ascomycota;Lecanoromycetes;Teloschistales;Physciaceae;Diploicia;Diploicia_canescens
AJ426454	Root;Ascomycota;Eurotiomycetes;Onygenales;Onygenaceae;Auxarthron;Auxarthron_kuehnii
AJ426456	Root;Ascomycota;Eurotiomycetes;Onygenales;Onygenaceae;Auxarthron;Auxarthron_kuehnii
AF291281	Root;Basidiomycota;Tremellomycetes;Tremellales;Exidiaceae;Sebacina;Exidiopsis_grisea
AF096213	Root;Ascomycota;Lecanoromycetes;Umbilicariales;Umbilicariaceae;Umbilicaria;Umbilicaria_antarctica
AJ439432	Root;Ascomycota;Eurotiomycetes;Onygenales;Onygenaceae;Aphanoascus;Aphanoascus_cubensis
AJ439433	Root;Ascomycota;Eurotiomycetes;Onygenales;Onygenaceae;Aphanoascus;Aphanoascus_pinarensis
AJ439434	Root;Ascomycota;Eurotiomycetes;Onygenales;Onygenaceae;Aphanoascus;Aphanoascus_durus
AJ439435	Root;Ascomycota;Eurotiomycetes;Onygenales;Onygenaceae;Aphanoascus;Aphanoascus_canadensis
AJ439436	Root;Ascomycota;Eurotiomycetes;Onygenales;Onygenaceae;Aphanoascus;Aphanoascus_clathratus
AJ439440	Root;Ascomycota;Eurotiomycetes;Onygenales;Onygenaceae;Aphanoascus;Aphanoascus_punsolae
AJ439442	Root;Ascomycota;Eurotiomycetes;Onygenales;Onygenaceae;Aphanoascus;Aphanoascus_saturnoideus
AJ439444	Root;Ascomycota;Eurotiomycetes;Onygenales;Onygenaceae;Aphanoascus;Aphanoascus_verrucosus
AJ439448	Root;Ascomycota;Eurotiomycetes;Onygenales;Onygenaceae;Aphanoascus;Aphanoascus_foetidus
AJ458184	Root;Ascomycota;Sordariomycetes;Sordariales;Lasiosphaeriaceae;Apiosordaria;Apiosordaria_nigeriensis
AJ458187	Root;Ascomycota;Sordariomycetes;Sordariales;Sordariaceae;Coronatomyces;Coronatomyces_cubensis
GU246283	Root;Ascomycota;Sordariomycetes;Hypocreales;Ophiocordycipitaceae;Ophiocordyceps;Ophiocordyceps_sinensis
DQ131634	Root;Basidiomycota;Agaricomycetes;Boletales;Boletaceae;Boletus;Boletus_erythropus
AJ496633	Root;Ascomycota;Dothideomycetes;Pleosporales;Lophiostomataceae;Lophiostoma;Lophiostoma_arundinis
AJ508233	Root;Basidiomycota;Tremellomycetes;Cystofilobasidiales;Cystofilobasidiaceae;Cystofilobasidium;Cystofilobasidium_capitatum
AJ508234	Root;Ascomycota;Saccharomycetes;Saccharomycetales;Saccharomycetaceae;Debaryomyces;Debaryomyces_castellii
AJ508683	Root;Ascomycota;Lecanoromycetes;Ostropales;Thelotremataceae;Ocellularia;Ocellularia_croceopora
FJ515178	Root;Ascomycota;Saccharomycetes;Saccharomycetales;Saccharomycodaceae;Hanseniaspora;Hanseniaspora_uvarum
AJ516933	Root;Glomeromycota;Glomeromycetes;Glomerales;Glomeraceae;Glomus;Glomus_versiforme
AJ516927	Root;Glomeromycota;Glomeromycetes;Glomerales;Glomeraceae;Glomus;Glomus_versiforme
AJ517450	Root;Glomeromycota;Glomeromycetes;Glomerales;Glomeraceae;Glomus;Glomus_intraradices
AJ517451	Root;Glomeromycota;Glomeromycetes;Glomerales;Glomeraceae;Glomus;Glomus_intraradices
AJ543742	Root;Ascomycota;Pezizomycetes;Pezizales;Morchellaceae;Morchella;Morchella_gigas
GQ249054	Root;Ascomycota;Pezizomycetes;Pezizales;Morchellaceae;Morchella;Morchella_elata
AJ550892	Root;Ascomycota;Dothideomycetes;Pleosporales;Leptosphaeriaceae;Leptosphaeria;Leptosphaeria_biglobosa_thlaspii_group
AJ567732	Root;Glomeromycota;Glomeromycetes;Glomerales;Glomeraceae;Glomus;Glomus_intraradices
AJ567733	Root;Glomeromycota;Glomeromycetes;Glomerales;Glomeraceae;Glomus;Glomus_intraradices
AJ567735	Root;Glomeromycota;Glomeromycetes;Glomerales;Glomeraceae;Glomus;Glomus_intraradices
AJ567739	Root;Glomeromycota;Glomeromycetes;Glomerales;Glomeraceae;Glomus;Glomus_intraradices
AJ567807	Root;Glomeromycota;Glomeromycetes;Archaeosporales;Ambisporaceae;Ambispora;Ambispora_leptoticha
JQ247577	Root;Basidiomycota;Tremellomycetes;Filobasidiales;Filobasidiaceae;Cryptococcus;Cryptococcus_laurentii
AJ581995	Root;Microsporidia;Microsporea;Microsporida;Mrazekiidae;Bacillidium;Bacillidium_vesiculoformis
AJ586573	Root;Basidiomycota;Ustilaginomycetes;Ustilaginales;Anthracoideaceae;Anthracoidea;Anthracoidea_aspera
AJ586574	Root;Basidiomycota;Ustilaginomycetes;Ustilaginales;Anthracoideaceae;Anthracoidea;Anthracoidea_fischeri
FN423686	Root;Glomeromycota;Glomeromycetes;Glomerales;Glomeraceae;Glomus;Glomus_coronatum
AJ605997	Root;Ascomycota;Sordariomycetes;Hypocreales;Clavicipitaceae;Claviceps;Claviceps_loudetiae
AJ605999	Root;Ascomycota;Sordariomycetes;Hypocreales;Clavicipitaceae;Claviceps;Claviceps_digitariae
AF444463	Root;Basidiomycota;Tremellomycetes;Tremellales;Cuniculitremaceae;Fellomyces;Fellomyces_thailandicus
AJ608967	Root;Ascomycota;Eurotiomycetes;Onygenales;Onygenaceae;Auxarthron;Auxarthron_conjugatum
AJ617491	Root;Basidiomycota;Agaricomycetes;Agaricales;Lycoperdaceae;Handkea;Handkea_excipuliformis
EF190313	Root;Basidiomycota;Agaricomycetes;Agaricales;Lycoperdaceae;Calvatia;Calvatia_gigantea
EU718089	Root;Basidiomycota;Agaricomycetes;Boletales;Sclerodermataceae;Astraeus;Astraeus_asiaticus
AB535108	Root;Basidiomycota;Agaricomycetes;Boletales;Sclerodermataceae;Astraeus;Astraeus_odoratus
DQ782840	Root;Ascomycota;Arthoniomycetes;Arthoniales;Roccellaceae;Roccella;Roccella_fuciformis
AJ634021	Root;Ascomycota;Arthoniomycetes;Arthoniales;Roccellaceae;Roccella;Roccella_maderensis
AJ634027	Root;Ascomycota;Arthoniomycetes;Arthoniales;Roccellaceae;Roccella;Roccella_phycopsis
AJ698131	Root;Basidiomycota;Agaricomycetes;Polyporales;Polyporaceae;Microporus;Microporus_xanthopus
JN194184	Root;Glomeromycota;Glomeromycetes;Glomerales;Glomeraceae;Funneliformis;Funneliformis_geosporum
AJ748260	Root;Ascomycota;Dothideomycetes;Capnodiales;Antennulariellaceae;Heteroconium;Heteroconium_triticicola
AJ786583	Root;Ascomycota;Sordariomycetes;Hypocreales;Ophiocordycipitaceae;Ophiocordyceps;Ophiocordyceps_nutans
AJ810066	Root;Basidiomycota;Agaricomycetes;Boletales;Rhizopogonaceae;Rhizopogon;Rhizopogon_roseolus
AJ849467	Root;Glomeromycota;Glomeromycetes;Glomerales;Glomeraceae;Glomus;Glomus_xanthium
AJ871272	Root;Glomeromycota;Glomeromycetes;Diversisporales;Gigasporaceae;Scutellospora;Scutellospora_reticulata
AJ871395	Root;Ascomycota;Saccharomycetes;Saccharomycetales;Pichiaceae;Dekkera;Dekkera_bruxellensis
AJ567767	Root;Glomeromycota;Glomeromycetes;Glomerales;Glomeraceae;Glomus;Glomus_intraradices
AJ874113	Root;Ascomycota;Eurotiomycetes;Eurotiales;Trichocomaceae;Aspergillus;Aspergillus_togoensis
AJ874115	Root;Ascomycota;Eurotiomycetes;Eurotiales;Trichocomaceae;Aspergillus;Aspergillus_ochraceoroseus
AJ874116	Root;Ascomycota;Eurotiomycetes;Eurotiales;Trichocomaceae;Aspergillus;Aspergillus_rambellii
AJ874118	Root;Ascomycota;Eurotiomycetes;Eurotiales;Trichocomaceae;Aspergillus;Aspergillus_cervinus
AJ874119	Root;Ascomycota;Eurotiomycetes;Eurotiales;Trichocomaceae;Emericella;Emericella_venezuelensis
AJ874121	Root;Ascomycota;Eurotiomycetes;Eurotiales;Trichocomaceae;Aspergillus;Aspergillus_bombycis
FJ878648	Root;Ascomycota;Eurotiomycetes;Eurotiales;Trichocomaceae;Emericella;Emericella_variecolor
U04234	Root;Ascomycota;Dothideomycetes;Pleosporales;Leptosphaeriaceae;Leptosphaeria;Leptosphaeria_microscopica
AJ876528	Root;Basidiomycota;Tremellomycetes;Filobasidiales;Filobasidiaceae;Cryptococcus;Cryptococcus_randhawii
FJ629333	Root;Ascomycota;Eurotiomycetes;Eurotiales;Trichocomaceae;Aspergillus;Aspergillus_heteromorphus
AJ877209	Root;Ascomycota;Eurotiomycetes;Onygenales;Arthrodermataceae;Arthroderma;Arthroderma_gloriae
AM182911	Root;Ascomycota;Eurotiomycetes;Onygenales;Arthrodermataceae;Arthroderma;Arthroderma_lenticularum
AJ877220	Root;Ascomycota;Eurotiomycetes;Onygenales;Arthrodermataceae;Arthroderma;Arthroderma_borellii
AJ877224	Root;Ascomycota;Eurotiomycetes;Onygenales;Arthrodermataceae;Keratinomyces;Keratinomyces_ceretanicus
AJ878737	Root;Basidiomycota;Agaricomycetes;Phallales;Phallaceae;Lysurus;Lysurus_cruciatus
EU781833	Root;Ascomycota;Sordariomycetes;Microascales;Microascaceae;Pseudallescheria;Pseudallescheria_boydii
AY228115	Root;Ascomycota;Sordariomycetes;Microascales;Microascaceae;Pseudallescheria;Pseudallescheria_africana
DQ994611	Root;Ascomycota;Sordariomycetes;Diaporthales;Gnomoniaceae;Apiognomonia;Apiognomonia_veneta
AJ889920	Root;Basidiomycota;Agaricomycetes;Agaricales;Amanitaceae;Amanita;Amanita_citrina
FJ890030	Root;Basidiomycota;Agaricomycetes;Agaricales;Amanitaceae;Amanita;Amanita_rubescens
EU862227	Root;Basidiomycota;Agaricomycetes;Cantharellales;Clavulinaceae;Clavulina;Clavulina_cristata
UDB000068	Root;Basidiomycota;Agaricomycetes;Agaricales;Cortinariaceae;Cortinarius;Cortinarius_sertipes
AJ966746	Root;Basidiomycota;Agaricomycetes;Geastrales;Geastraceae;Geastrum;Geastrum_triplex
AJ968412	Root;Glomeromycota;Glomeromycetes;Glomerales;Glomeraceae;Glomus;Glomus_intraradices
AJ970142	Root;Ascomycota;Eurotiomycetes;Onygenales;Arthrodermataceae;Microsporum;Microsporum_duboisii
EU590654	Root;Ascomycota;Eurotiomycetes;Onygenales;Arthrodermataceae;Microsporum;Microsporum_boullardii
AJ970145	Root;Ascomycota;Eurotiomycetes;Onygenales;Arthrodermataceae;Arthroderma;Arthroderma_cajetani
AJ970148	Root;Ascomycota;Eurotiomycetes;Onygenales;Arthrodermataceae;Microsporum;Microsporum_praecox
AJ970152	Root;Ascomycota;Eurotiomycetes;Onygenales;Arthrodermataceae;Trichophyton;Trichophyton_phaseoliforme
AJ972464	Root;Glomeromycota;Glomeromycetes;Glomerales;Glomeraceae;Glomus;Glomus_drummondi
EF592565	Root;Ascomycota;Sordariomycetes;Xylariales;Xylariaceae;Rosellinia;Rosellinia_necatrix
AM000035	Root;Ascomycota;Eurotiomycetes;Onygenales;Arthrodermataceae;Arthroderma;Arthroderma_fulvum
FJ228185	Root;Ascomycota;Dothideomycetes;Pleosporales;Leptosphaeriaceae;Leptosphaeria;Coniothyrium_fuckelii
AM113951	Root;Basidiomycota;Agaricomycetes;Agaricales;Cortinariaceae;Cortinarius;Cortinarius_livido_ochraceus
AM159621	Root;Basidiomycota;Wallemiomycetes;Wallemiales;Wallemiaceae;Wallemia;Wallemia_sebi
AM084413	Root;Ascomycota;Dothideomycetes;Capnodiales;Mycosphaerellaceae;Davidiella;Davidiella_tassiana
AM159627	Root;Basidiomycota;Agaricomycetes;Hymenochaetales;Schizoporaceae;Hyphodontia;Hyphodontia_paradoxa
AM159631	Root;Ascomycota;Dothideomycetes;Capnodiales;Mycosphaerellaceae;Cladosporium;Cladosporium_sphaerospermum
AF453884	Root;Ascomycota;Eurotiomycetes;Eurotiales;Trichocomaceae;Aspergillus;Aspergillus_chevalieri
AM159634	Root;Basidiomycota;Tremellomycetes;Tremellales;Trichosporonaceae;Trichosporon;Trichosporon_mucoides
AM160619	Root;Ascomycota;Saccharomycetes;Saccharomycetales;Metschnikowiaceae;Metschnikowia;Metschnikowia_aff_fructicola_HA_1647
AB378506	Root;Ascomycota;Sordariomycetes;Hypocreales;Cordycipitaceae;Lecanicillium;Lecanicillium_araneicola
AM182921	Root;Ascomycota;Eurotiomycetes;Onygenales;Arthrodermataceae;Arthroderma;Arthroderma_multifidum
AM182927	Root;Ascomycota;Eurotiomycetes;Onygenales;Arthrodermataceae;Arthroderma;Arthroderma_multifidum
AF111058	Root;Ascomycota;Sordariomycetes;Hypocreales;Nectriaceae;Fusarium;Fusarium_poae
AF444317	Root;Basidiomycota;Tremellomycetes;Filobasidiales;Filobasidiaceae;Cryptococcus;Cryptococcus_macerans
AM263356	Root;Basidiomycota;Agaricomycetes;Thelephorales;Bankeraceae;Hydnellum;Hydnellum_peckii
AM265556	Root;Basidiomycota;Tremellomycetes;Tremellales;Trichosporonaceae;Asterotremella;Asterotremella_albida
HE586719	Root;Ascomycota;Sordariomycetes;Microascales;Chadefaudiellaceae;Faurelina;Faurelina_elongata
AM269780	Root;Ascomycota;Sordariomycetes;Xylariales;Xylariaceae;Annulohypoxylon;Annulohypoxylon_thouarsianum_var_thouarsianum
AM269787	Root;Basidiomycota;Agaricomycetes;Russulales;Stereaceae;Laxitextum;Laxitextum_bicolor
AF139961	Root;Basidiomycota;Agaricomycetes;Polyporales;Polyporaceae;Trametes;Trametes_versicolor
AM279464	Root;Ascomycota;Saccharomycetes;Saccharomycetales;Saccharomycetaceae;Zygosaccharomyces;Zygosaccharomyces_pseudorouxii
AM279696	Root;Ascomycota;Saccharomycetes;Saccharomycetales;Saccharomycetaceae;Zygosaccharomyces;Zygosaccharomyces_pseudorouxii
EF026146	Root;Ascomycota;Sordariomycetes;Xylariales;Xylariaceae;Daldinia;Daldinia_fissa
AM292039	Root;Ascomycota;Sordariomycetes;Xylariales;Xylariaceae;Daldinia;Daldinia_decipiens
AM292048	Root;Ascomycota;Sordariomycetes;Sordariales;Chaetomiaceae;Trichocladium;Trichocladium_pyriforme
FJ903366	Root;Ascomycota;Sordariomycetes;Sordariales;Chaetomiaceae;Trichocladium;Trichocladium_opacum
AM292664	Root;Ascomycota;Lecanoromycetes;Lecanorales;Ramalinaceae;Biatora;Biatora_pallens
AM292665	Root;Ascomycota;Lecanoromycetes;Lecanorales;Ramalinaceae;Bacidia;Bacidia_fuscoviridis
AM292688	Root;Ascomycota;Lecanoromycetes;Lecanorales;Ramalinaceae;Lecania;Lecania_glauca
DQ118966	Root;Ascomycota;Sordariomycetes;Xylariales;Diatrypaceae;Eutypella;Eutypella_parasitica
AM399021	Root;Ascomycota;Sordariomycetes;Xylariales;Diatrypaceae;Anthostoma;Anthostoma_decipiens
GU799560	Root;Ascomycota;Orbiliomycetes;Orbiliales;Orbiliaceae;Arthrobotrys;Arthrobotrys_oligospora
AM712309	Root;Ascomycota;Sordariomycetes;Microascales;Microascaceae;Pseudallescheria;Pseudallescheria_boydii
FJ914679	Root;Ascomycota;Sordariomycetes;Microascales;Microascaceae;Graphium;Graphium_indicum
AM749941	Root;Ascomycota;Sordariomycetes;Xylariales;Xylariaceae;Hypoxylon;Hypoxylon_polyporus
AM882706	Root;Basidiomycota;Agaricomycetes;Agaricales;Cortinariaceae;Inocybe;Inocybe_adaequata
AM882708	Root;Basidiomycota;Agaricomycetes;Agaricales;Cortinariaceae;Inocybe;Inocybe_petiginosa
AM882711	Root;Basidiomycota;Agaricomycetes;Agaricales;Cortinariaceae;Inocybe;Inocybe_subexilis
AM882713	Root;Basidiomycota;Agaricomycetes;Agaricales;Cortinariaceae;Inocybe;Inocybe_nematoloma
AM882720	Root;Basidiomycota;Agaricomycetes;Agaricales;Cortinariaceae;Inocybe;Inocybe_praetervisa
JF908163	Root;Basidiomycota;Agaricomycetes;Agaricales;Cortinariaceae;Inocybe;Inocybe_xanthomelas
AM882727	Root;Basidiomycota;Agaricomycetes;Agaricales;Cortinariaceae;Inocybe;Inocybe_melanopus
AM882728	Root;Basidiomycota;Agaricomycetes;Agaricales;Cortinariaceae;Inocybe;Inocybe_griseolilacina
AM882731	Root;Basidiomycota;Agaricomycetes;Agaricales;Cortinariaceae;Inocybe;Inocybe_fraudans
AM882733	Root;Basidiomycota;Agaricomycetes;Agaricales;Cortinariaceae;Inocybe;Inocybe_pyriodora_var_chamaesalicis
AM882735	Root;Basidiomycota;Agaricomycetes;Agaricales;Cortinariaceae;Inocybe;Inocybe_erinaceomorpha
AM882736	Root;Basidiomycota;Agaricomycetes;Agaricales;Cortinariaceae;Inocybe;Inocybe_corydalina
AM882744	Root;Basidiomycota;Agaricomycetes;Agaricales;Cortinariaceae;Inocybe;Inocybe_striata
AM882757	Root;Basidiomycota;Agaricomycetes;Agaricales;Cortinariaceae;Inocybe;Inocybe_sambucina
AM882759	Root;Basidiomycota;Agaricomycetes;Agaricales;Cortinariaceae;Inocybe;Inocybe_calospora
AM882760	Root;Basidiomycota;Agaricomycetes;Agaricales;Cortinariaceae;Inocybe;Inocybe_calida
AM882768	Root;Basidiomycota;Agaricomycetes;Agaricales;Cortinariaceae;Inocybe;Inocybe_rimosa
AM882769	Root;Basidiomycota;Agaricomycetes;Agaricales;Cortinariaceae;Inocybe;Inocybe_obsoleta
AM882771	Root;Basidiomycota;Agaricomycetes;Agaricales;Cortinariaceae;Inocybe;Inocybe_perlata
AM882790	Root;Basidiomycota;Agaricomycetes;Agaricales;Cortinariaceae;Inocybe;Inocybe_squarrosa
AM882800	Root;Basidiomycota;Agaricomycetes;Agaricales;Cortinariaceae;Inocybe;Inocybe_ambigua
EU525969	Root;Basidiomycota;Agaricomycetes;Agaricales;Cortinariaceae;Inocybe;Inocybe_mixtilis
AM882850	Root;Basidiomycota;Agaricomycetes;Agaricales;Cortinariaceae;Inocybe;Inocybe_cincinnata
AM882872	Root;Basidiomycota;Agaricomycetes;Agaricales;Cortinariaceae;Inocybe;Inocybe_pudica
AM882886	Root;Basidiomycota;Agaricomycetes;Agaricales;Cortinariaceae;Inocybe;Inocybe_fuscidula
AM882896	Root;Basidiomycota;Agaricomycetes;Agaricales;Cortinariaceae;Inocybe;Inocybe_sindonia
AM882897	Root;Basidiomycota;Agaricomycetes;Agaricales;Cortinariaceae;Inocybe;Inocybe_asterospora
AM882927	Root;Basidiomycota;Agaricomycetes;Agaricales;Cortinariaceae;Inocybe;Inocybe_napipes
AM882929	Root;Basidiomycota;Agaricomycetes;Agaricales;Cortinariaceae;Inocybe;Inocybe_assimilata
AM882931	Root;Basidiomycota;Agaricomycetes;Agaricales;Cortinariaceae;Inocybe;Inocybe_subporospora
AM882932	Root;Basidiomycota;Agaricomycetes;Agaricales;Cortinariaceae;Inocybe;Inocybe_hirtella
AM882936	Root;Basidiomycota;Agaricomycetes;Agaricales;Cortinariaceae;Inocybe;Inocybe_pelargonium
AM882938	Root;Basidiomycota;Agaricomycetes;Agaricales;Cortinariaceae;Inocybe;Inocybe_calamistrata
AM882957	Root;Basidiomycota;Agaricomycetes;Agaricales;Cortinariaceae;Inocybe;Inocybe_maculata
AM882967	Root;Basidiomycota;Agaricomycetes;Agaricales;Cortinariaceae;Inocybe;Inocybe_tenebrosa
AF439495	Root;Ascomycota;Dothideomycetes;Pleosporales;Phaeosphaeriaceae;Phaeosphaeria;Phaeosphaeria_oryzae
AY052487	Root;Basidiomycota;Tremellomycetes;Filobasidiales;Filobasidiaceae;Cryptococcus;Cryptococcus_aquaticus
AJ866977	Root;Basidiomycota;Tremellomycetes;Cystofilobasidiales;Cystofilobasidiaceae;Mrakia;Mrakia_frigida
FJ230998	Root;Ascomycota;Eurotiomycetes;Eurotiales;Trichocomaceae;Penicillium;Penicillium_corylophilum
GQ376089	Root;Ascomycota;Saccharomycetes;Saccharomycetales;Saccharomycetaceae;Saccharomyces;Saccharomyces_cerevisiae
AJ271576	Root;Ascomycota;Sordariomycetes;Sordariales;Chaetomiaceae;Thielavia;Thielavia_arenaria
AF444304	Root;Basidiomycota;Tremellomycetes;Filobasidiales;Filobasidiaceae;Cryptococcus;Cryptococcus_gastricus
AM980837	Root;Glomeromycota;Glomeromycetes;Glomerales;Glomeraceae;Glomus;Glomus_intraradices
AB302828	Root;Ascomycota;Saccharomycetes;Saccharomycetales;Saccharomycetaceae;Zygosaccharomyces;Zygosaccharomyces_rouxii
AM944645	Root;Ascomycota;Sordariomycetes;Ophiostomatales;Ophiostomataceae;Pesotum;Pesotum_fragrans
AM947094	Root;Basidiomycota;Agaricomycetes;Boletales;Sclerodermataceae;Pisolithus;Pisolithus_albus
AM947103	Root;Basidiomycota;Agaricomycetes;Boletales;Sclerodermataceae;Pisolithus;Pisolithus_albus
AM949569	Root;Ascomycota;Eurotiomycetes;Onygenales;Onygenaceae;Chrysosporium;Chrysosporium_speluncarum
AM980844	Root;Glomeromycota;Glomeromycetes;Glomerales;Glomeraceae;Glomus;Glomus_intraradices
AJ504632	Root;Glomeromycota;Glomeromycetes;Glomerales;Glomeraceae;Glomus;Glomus_intraradices
FJ441020	Root;Basidiomycota;Agaricomycetes;Cantharellales;Ceratobasidiaceae;Thanatephorus;Thanatephorus_cucumeris
AM981252	Root;Basidiomycota;Agaricomycetes;Polyporales;Polyporaceae;Trametes;Trametes_gibbosa
EF989111	Root;Glomeromycota;Glomeromycetes;Glomerales;Glomeraceae;Glomus;Glomus_intraradices
FN423699	Root;Glomeromycota;Glomeromycetes;Glomerales;Glomeraceae;Glomus;Glomus_caledonium
FJ769330	Root;Glomeromycota;Glomeromycetes;Paraglomerales;Paraglomeraceae;Paraglomus;Paraglomus_laccatum
AM993124	Root;Ascomycota;Sordariomycetes;Xylariales;Xylariaceae;Xylaria;Xylaria_carpophila
AY026939	Root;Ascomycota;Sordariomycetes;Sordariales;Lasiosphaeriaceae;Podospora;Podospora_austrohemisphaerica
EU149807	Root;Basidiomycota;Microbotryomycetes;Glaciozyma_martinii;Glaciozyma_martinii;Glaciozyma_martinii;Glaciozyma_martinii
AY040714	Root;Basidiomycota;Agaricomycetes;Agaricales;Cortinariaceae;Cortinarius;Cortinarius_tophaceus
AY041182	Root;Basidiomycota;Agaricomycetes;Cantharellales;Cantharellaceae;Cantharellus;Cantharellus_cascadensis
AY041184	Root;Basidiomycota;Agaricomycetes;Cantharellales;Cantharellaceae;Cantharellus;Cantharellus_formosus
AY042923	Root;Ascomycota;Dothideomycetes;Botryosphaeriales;Botryosphaeriaceae;Phyllosticta;Phyllosticta_hypoglossi
AY045504	Root;Ascomycota;Dothideomycetes;Capnodiales;Teratosphaeriaceae;Teratosphaeria;Teratosphaeria_suberosa
AY046155	Root;Ascomycota;Saccharomycetes;Saccharomycetales;Saccharomycetaceae;Kazachstania;Kazachstania_africana
AY046162	Root;Ascomycota;Saccharomycetes;Saccharomycetales;Saccharomycetaceae;Kazachstania;Kazachstania_viticola
AY046172	Root;Ascomycota;Saccharomycetes;Saccharomycetales;Saccharomycetaceae;Saccharomyces;Saccharomyces_bulderi
AY046176	Root;Ascomycota;Saccharomycetes;Saccharomycetales;Saccharomycetaceae;Tetrapisispora;Tetrapisispora_phaffii
AY046179	Root;Ascomycota;Saccharomycetes;Saccharomycetales;Saccharomycetaceae;Tetrapisispora;Tetrapisispora_iriomotensis
AY046182	Root;Ascomycota;Saccharomycetes;Saccharomycetales;Saccharomycetaceae;Vanderwaltozyma;Vanderwaltozyma_polyspora
AY046190	Root;Ascomycota;Saccharomycetes;Saccharomycetales;Saccharomycetaceae;Zygosaccharomyces;Zygosaccharomyces_mellis
AY046193	Root;Ascomycota;Saccharomycetes;Saccharomycetales;Saccharomycetaceae;Zygosaccharomyces;Zygosaccharomyces_kombuchaensis
AY046195	Root;Ascomycota;Saccharomycetes;Saccharomycetales;Saccharomycetaceae;Nakaseomyces;Nakaseomyces_bacillisporus
AY046212	Root;Ascomycota;Saccharomycetes;Saccharomycetales;Saccharomycetaceae;Kluyveromyces;Kluyveromyces_wickerhamii
AY056036	Root;Ascomycota;Saccharomycetes;Saccharomycetales;Metschnikowiaceae;Metschnikowia;Metschnikowia_dekortorum
FJ861981	Root;Ascomycota;Leotiomycetes;Rhytismatales;Rhytismataceae;Lophodermium;Lophodermium_kumaunicum
AY071831	Root;Ascomycota;Sordariomycetes;Sordariales;Lasiosphaeriaceae;Podospora;Podospora_petrogale
AY077469	Root;Basidiomycota;Agaricomycetes;Boletales;Gomphidiaceae;Gomphidius;Gomphidius_borealis
EF530941	Root;Basidiomycota;Agaricomycetes;Boletales;Gomphidiaceae;Gomphidius;Gomphidius_smithii
AY081018	Root;Basidiomycota;Exobasidiomycetes;Entylomatales;Entylomataceae;Entyloma;Entyloma_atlanticum
AY081027	Root;Basidiomycota;Exobasidiomycetes;Entylomatales;Entylomataceae;Entyloma;Entyloma_corydalis
AY081046	Root;Basidiomycota;Exobasidiomycetes;Entylomatales;Entylomataceae;Entyloma;Entyloma_polysporum
AY854980	Root;Basidiomycota;Exobasidiomycetes;Entylomatales;Entylomataceae;Entyloma;Entyloma_ranunculi_repentis
AY082606	Root;Basidiomycota;Agaricomycetes;Cantharellales;Cantharellaceae;Craterellus;Craterellus_lutescens
DQ499464	Root;Basidiomycota;Agaricomycetes;Agaricales;Cortinariaceae;Cortinarius;Cortinarius_hinnuleoarmillatus
AY083188	Root;Basidiomycota;Agaricomycetes;Agaricales;Cortinariaceae;Cortinarius;Cortinarius_keralensis
AY089732	Root;Basidiomycota;Agaricomycetes;Gloeophyllales;Gloeophyllaceae;Gloeophyllum;Gloeophyllum_sepiarium
AF492119	Root;Ascomycota;Taphrinomycetes;Taphrinales;Taphrinaceae;Taphrina;Taphrina_sadebeckii
AF492122	Root;Ascomycota;Taphrinomycetes;Taphrinales;Taphrinaceae;Taphrina;Taphrina_tosquinetii
AY123780	Root;Ascomycota;Eurotiomycetes;Arachnomycetales;Arachnomycetaceae;Arachnomyces;Arachnomyces_kanei
AY124098	Root;Ascomycota;Lecanoromycetes;Peltigerales;Nephromataceae;Nephroma;Nephroma_resupinatum
AY124104	Root;Ascomycota;Lecanoromycetes;Peltigerales;Nephromataceae;Nephroma;Nephroma_resupinatum
AY124117	Root;Ascomycota;Lecanoromycetes;Peltigerales;Nephromataceae;Nephroma;Nephroma_cellulosum
DQ066711	Root;Ascomycota;Lecanoromycetes;Peltigerales;Nephromataceae;Nephroma;Nephroma_tropicum
AY124122	Root;Ascomycota;Lecanoromycetes;Peltigerales;Nephromataceae;Nephroma;Nephroma_helveticum
AY124147	Root;Ascomycota;Lecanoromycetes;Peltigerales;Nephromataceae;Nephroma;Nephroma_parile
GQ334391	Root;Ascomycota;Dothideomycetes;Capnodiales;Teratosphaeriaceae;Hortaea;Hortaea_werneckii
AY129344	Root;Basidiomycota;Agaricomycetes;Agaricales;Cortinariaceae;Gymnopilus;Gymnopilus_liquiritiae
AY129350	Root;Basidiomycota;Agaricomycetes;Agaricales;Strophariaceae;Psilocybe;Psilocybe_semilanceata
AY129354	Root;Basidiomycota;Agaricomycetes;Agaricales;Strophariaceae;Psilocybe;Psilocybe_pelliculosa
AY129362	Root;Basidiomycota;Agaricomycetes;Agaricales;Strophariaceae;Psilocybe;Psilocybe_silvatica
AY281007	Root;Basidiomycota;Agaricomycetes;Agaricales;Cortinariaceae;Gymnopilus;Gymnopilus_sapineus
AY129368	Root;Basidiomycota;Agaricomycetes;Agaricales;Strophariaceae;Stropharia;Stropharia_semiglobata
AY129369	Root;Basidiomycota;Agaricomycetes;Agaricales;Strophariaceae;Hypholoma;Hypholoma_tuberosum
FJ230995	Root;Ascomycota;Eurotiomycetes;Eurotiales;Trichocomaceae;Penicillium;Penicillium_melinii
DQ257360	Root;Ascomycota;Leotiomycetes;Helotiales;Geoglossaceae;Microglossum;Microglossum_rufum
EF512480	Root;Ascomycota;Sordariomycetes;Diaporthales;Gnomoniaceae;Sirococcus;Sirococcus_piceicola
AY174782	Root;Basidiomycota;Agaricomycetes;Agaricales;Cortinariaceae;Cortinarius;Cortinarius_infractus
AY669549	Root;Basidiomycota;Agaricomycetes;Agaricales;Cortinariaceae;Cortinarius;Cortinarius_obsoletus
FJ039648	Root;Basidiomycota;Agaricomycetes;Agaricales;Cortinariaceae;Cortinarius;Cortinarius_napus
EU057034	Root;Basidiomycota;Agaricomycetes;Agaricales;Cortinariaceae;Cortinarius;Cortinarius_flavovirens
EU100011	Root;Ascomycota;Sordariomycetes;Xylariales;Xylariaceae;Xylaria;Xylaria_hypoxylon
AY185184	Root;Basidiomycota;Agaricomycetes;Boletales;Boletaceae;Boletus;Boletus_dryophilus
AY188378	Root;Ascomycota;Taphrinomycetes;Taphrinales;Taphrinaceae;Taphrina;Taphrina_aff_virginica_0461c
AY190298	Root;Basidiomycota;Pucciniomycetes;Pucciniales;Pucciniaceae;Puccinia;Puccinia_boroniae
EU450836	Root;Ascomycota;Sordariomycetes;Coniochaetales;Coniochaetaceae;Coniochaeta;Coniochaeta_ligniaria
FJ999712	Root;Basidiomycota;Agaricomycetes;Russulales;Stereaceae;Stereum;Stereum_hirsutum
FJ786401	Root;Ascomycota;Dothideomycetes;Pleosporales;Dothidotthiaceae;Spencermartinsia;Spencermartinsia_viticola
DQ674381	Root;Ascomycota;Sordariomycetes;Hypocreales;Bionectriaceae;Bionectria;Bionectria_ochroleuca
AY787700	Root;Ascomycota;Sordariomycetes;Hypocreales;Nectriaceae;Gibberella;Fusarium_lateritium
EU430266	Root;Ascomycota;Dothideomycetes;Botryosphaeriales;Botryosphaeriaceae;Diplodia;Diplodia_rosulata
AY212813	Root;Ascomycota;Lecanoromycetes;Agyriales;Trapeliaceae;Orceolina;Orceolina_kerguelensis
AY217137	Root;Basidiomycota;Pucciniomycetes;Pucciniales;Pucciniaceae;Puccinia;Puccinia_asparagi
AY218419	Root;Basidiomycota;Agaricomycetes;Polyporales;Polyporaceae;Lentinus;Lentinus_tigrinus
AY219364	Root;Basidiomycota;Agaricomycetes;Polyporales;Meruliaceae;Phlebia;Phlebia_concentrica
AY219365	Root;Basidiomycota;Agaricomycetes;Polyporales;Meruliaceae;Phlebia;Phlebia_subserialis
AY220616	Root;Ascomycota;Sordariomycetes;Hypocreales;Clavicipitaceae;Metarhizium;Metarhizium_acridum
AY220819	Root;Ascomycota;Pezizomycetes;Pezizales;Pyronemataceae;Scutellinia;Scutellinia_superba
AY220837	Root;Ascomycota;Pezizomycetes;Pezizales;Pyronemataceae;Scutellinia;Scutellinia_colensoi
AY228111	Root;Ascomycota;Sordariomycetes;Microascales;Microascaceae;Pseudallescheria;Pseudallescheria_boydii
AB489089	Root;Ascomycota;Sordariomycetes;Microascales;Microascaceae;Scedosporium;Scedosporium_apiospermum
AF473559	Root;Ascomycota;Leotiomycetes;Rhytismatales;Rhytismataceae;Lophodermium;Lophodermium_conigenum
AY239213	Root;Ascomycota;Taphrinomycetes;Taphrinales;Taphrinaceae;Lalaria;Lalaria_inositophila
AY239218	Root;Ascomycota;Taphrinomycetes;Taphrinales;Taphrinaceae;Lalaria;Lalaria_veronirambellii
EU851930	Root;Ascomycota;Dothideomycetes;Capnodiales;Mycosphaerellaceae;Mycosphaerella;Mycosphaerella_marksii
DQ240218	Root;Ascomycota;Dothideomycetes;Capnodiales;Teratosphaeriaceae;Teratosphaeria;Teratosphaeria_zuluensis
AY245626	Root;Ascomycota;Sordariomycetes;Hypocreales;Ophiocordycipitaceae;Ophiocordyceps;Ophiocordyceps_agriotidis
AY245635	Root;Ascomycota;Sordariomycetes;Hypocreales;Ophiocordycipitaceae;Ophiocordyceps;Ophiocordyceps_myrmecophila
AY251068	Root;Ascomycota;Dothideomycetes;Capnodiales;Teratosphaeriaceae;Devriesia;Devriesia_americana
AY251073	Root;Ascomycota;Dothideomycetes;Capnodiales;Mycosphaerellaceae;Cladosporium;Cladosporium_cladosporioides
FJ810180	Root;Basidiomycota;Agaricomycetes;Agaricales;Strophariaceae;Pholiota;Pholiota_adiposa
AY251639	Root;Ascomycota;Saccharomycetes;Saccharomycetales;Pichiaceae;Pichia;Pichia_membranifaciens
AY254710	Root;Ascomycota;Pezizomycetes;Pezizales;Sarcoscyphaceae;Phillipsia;Phillipsia_chinensis
AY254879	Root;Basidiomycota;Agaricomycetes;Boletales;Rhizopogonaceae;Rhizopogon;Rhizopogon_luteolus
AY260093	Root;Ascomycota;Dothideomycetes;Capnodiales;Teratosphaeriaceae;Catenulostroma;Catenulostroma_elginense
AY261367	Root;Ascomycota;Sordariomycetes;Hypocreales;Clavicipitaceae;Beauveria;Beauveria_felina
AY266147	Root;Ascomycota;Dothideomycetes;Capnodiales;Mycosphaerellaceae;Mycosphaerella;Mycosphaerella_berkeleyi
AY292451	Root;Basidiomycota;Pucciniomycetes;Platygloeales;Platygloeaceae;Helicobasidium;Helicobasidium_purpureum_I
AF336142	Root;Basidiomycota;Agaricomycetes;Russulales;Auriscalpiaceae;Artomyces;Artomyces_pyxidatus
GQ142013	Root;Basidiomycota;Agaricomycetes;Russulales;Auriscalpiaceae;Lentinellus;Lentinellus_flabelliformis
AY303132	Root;Ascomycota;Lecanoromycetes;Teloschistales;Physciaceae;Physcia;Physcia_aipolia
AY303629	Root;Ascomycota;Sordariomycetes;Xylariales;Xylariaceae;Hypoxylon;Hypoxylon_diatrypeoides
AY509790	Root;Ascomycota;Lecanoromycetes;Lecanorales;Lecanoraceae;Rhizoplaca;Rhizoplaca_chrysoleuca
AY309481	Root;Basidiomycota;Exobasidiomycetes;Tilletiales;Tilletiaceae;Tilletia;Tilletia_nigrifaciens
AY312503	Root;Microsporidia;Microsporea;Microsporida;Thelohaniidae;Thelohania;Thelohania_solenopsae
FJ185308	Root;Ascomycota;Sordariomycetes;Xylariales;Xylariaceae;Hypoxylon;Hypoxylon_investiens
AY322494	Root;Ascomycota;Leotiomycetes;Erysiphales;Erysiphaceae;Erysiphe;Erysiphe_symphoricarpi
GQ221843	Root;Basidiomycota;Agaricomycetes;Agaricales;Amanitaceae;Amanita;Amanita_phalloides
AY327477	Root;Ascomycota;Sordariomycetes;Xylariales;Xylariaceae;Xylaria;Xylaria_hypoxylon
AY327478	Root;Ascomycota;Sordariomycetes;Xylariales;Xylariaceae;Xylaria;Xylaria_hypoxylon
AY335163	Root;Basidiomycota;Agaricomycetes;Polyporales;Ganodermataceae;Ganoderma;Ganoderma_neojaponicum
GQ376079	Root;Ascomycota;Saccharomycetes;Saccharomycetales;Saccharomycetaceae;Kluyveromyces;Kluyveromyces_lactis
AY341338	Root;Ascomycota;Taphrinomycetes;Taphrinales;Taphrinaceae;Taphrina;Taphrina_kruchii
AY344968	Root;Basidiomycota;Ustilaginomycetes;Ustilaginales;Farysiaceae;Farysia;Farysia_chardoniana
AY740020	Root;Basidiomycota;Ustilaginomycetes;Ustilaginales;Ustilaginaceae;Sporisorium;Sporisorium_ovarium
AY344975	Root;Basidiomycota;Ustilaginomycetes;Ustilaginales;Ustilaginaceae;Sporisorium;Sporisorium_culmiperdum
AY344980	Root;Basidiomycota;Ustilaginomycetes;Ustilaginales;Ustilaginaceae;Sporisorium;Sporisorium_holwayi
AY344983	Root;Basidiomycota;Ustilaginomycetes;Ustilaginales;Ustilaginaceae;Sporisorium;Sporisorium_mishrae
AY740035	Root;Basidiomycota;Ustilaginomycetes;Ustilaginales;Ustilaginaceae;Sporisorium;Sporisorium_fascicularis
AY344988	Root;Basidiomycota;Ustilaginomycetes;Ustilaginales;Ustilaginaceae;Sporisorium;Sporisorium_provinciale
AY344995	Root;Basidiomycota;Ustilaginomycetes;Ustilaginales;Ustilaginaceae;Ustilago;Ustilago_affinis
AY344996	Root;Basidiomycota;Ustilaginomycetes;Ustilaginales;Ustilaginaceae;Ustilago;Ustilago_avenae
AY346326	Root;Ascomycota;Sordariomycetes;Hypocreales;Clavicipitaceae;Balansia;Balansia_sclerotica
AY347320	Root;Ascomycota;Sordariomycetes;Diaporthales;Valsaceae;Leucostoma;Leucostoma_kunzei
AY347325	Root;Ascomycota;Sordariomycetes;Diaporthales;Valsaceae;Valsa;Valsa_germanica
AY347327	Root;Ascomycota;Sordariomycetes;Diaporthales;Valsaceae;Cytospora;Cytospora_eriobotryae
AY347328	Root;Ascomycota;Sordariomycetes;Diaporthales;Valsaceae;Valsa;Valsa_friesii
AY347330	Root;Ascomycota;Sordariomycetes;Diaporthales;Valsaceae;Valsa;Valsa_ambiens
EF447402	Root;Ascomycota;Sordariomycetes;Diaporthales;Valsaceae;Cytospora;Cytospora_terebinthi
EF447376	Root;Ascomycota;Sordariomycetes;Diaporthales;Valsaceae;Leucostoma;Leucostoma_persoonii
AY347354	Root;Ascomycota;Sordariomycetes;Diaporthales;Valsaceae;Cytospora;Cytospora_abyssinica
AY347363	Root;Ascomycota;Sordariomycetes;Diaporthales;Valsaceae;Valsa;Valsa_myrtagena
AY347375	Root;Ascomycota;Sordariomycetes;Diaporthales;Valsaceae;Cytospora;Cytospora_eucalyptina
AY348705	Root;Basidiomycota;Pucciniomycetes;Pucciniales;Pucciniaceae;Puccinia;Puccinia_boroniae
AY353257	Root;Chytridiomycota;Chytridiomycetes;Chytridiales;Cladochytriaceae;Nowakowskiella;Nowakowskiella_elegans
AY364089	Root;Microsporidia;Microsporea;Microsporida;Nosematidae;Fibrillanosema;Fibrillanosema_crangonycis
AY366234	Root;Basidiomycota;Agaricomycetes;Agaricales;Tricholomataceae;Tricholoma;Tricholoma_matsutake
AY367606	Root;Basidiomycota;Agaricomycetes;Agaricales;Tricholomataceae;Apterostigma_calverti_fungal_symbiont_s2;Apterostigma_calverti_fungal_symbiont_s2
AY367612	Root;Basidiomycota;Agaricomycetes;Agaricales;Tricholomataceae;Apterostigma_manni_fungal_symbiont_s86;Apterostigma_manni_fungal_symbiont_s86
AY372073	Root;Ascomycota;Pezizomycetes;Pezizales;Ascobolaceae;Ascobolus;Ascobolus_stercorarius
AY373841	Root;Ascomycota;Eurotiomycetes;Eurotiales;Trichocomaceae;Aspergillus;Aspergillus_caespitosus
AY373845	Root;Ascomycota;Eurotiomycetes;Eurotiales;Trichocomaceae;Aspergillus;Aspergillus_cervinus
AY373862	Root;Ascomycota;Eurotiomycetes;Eurotiales;Trichocomaceae;Aspergillus;Aspergillus_penicillioides
AY373919	Root;Ascomycota;Eurotiomycetes;Eurotiales;Trichocomaceae;Penicillium;Penicillium_islandicum
AY375311	Root;Ascomycota;Taphrinomycetes;Taphrinales;Taphrinaceae;Taphrina;Taphrina_bullata
AY375313	Root;Ascomycota;Taphrinomycetes;Taphrinales;Taphrinaceae;Taphrina;Taphrina_bullata
AY375448	Root;Ascomycota;Sordariomycetes;Hypocreales;Clavicipitaceae;Beauveria;Beauveria_bassiana
AY380315	Root;Ascomycota;Sordariomycetes;Lulworthiales;Spathulosporaceae;Spathulospora;Spathulospora_antarctica
EF105413	Root;Ascomycota;Lecanoromycetes;Lecanorales;Lecanoraceae;Lecanora;Lecanora_paramerae
GU138720	Root;Ascomycota;Leotiomycetes;Rhytismatales;Rhytismataceae;Lophodermium;Lophodermium_conigenum
AY428793	Root;Ascomycota;Sordariomycetes;Hypocreales;Nectriaceae;Nalanthamala;Nalanthamala_diospyri
AY442361	Root;Glomeromycota;Glomeromycetes;Diversisporales;Gigasporaceae;Gigaspora;Gigaspora_margarita
AY442362	Root;Glomeromycota;Glomeromycetes;Diversisporales;Gigasporaceae;Gigaspora;Gigaspora_decipiens
AY445662	Root;Ascomycota;Eurotiomycetes;Onygenales;Ajellomycetaceae;Paracoccidioides;Paracoccidioides_brasiliensis
AY461814	Root;Basidiomycota;Agaricomycetes;Agaricales;Coprinaceae;Coprinus;Coprinus_cordisporus
AY461837	Root;Basidiomycota;Agaricomycetes;Agaricales;Coprinaceae;Coprinus;Coprinus_cordisporus
AY461819	Root;Basidiomycota;Agaricomycetes;Agaricales;Coprinaceae;Coprinus;Coprinus_cordisporus
AY461840	Root;Basidiomycota;Agaricomycetes;Agaricales;Coprinaceae;Coprinus;Coprinus_cordisporus
AY471638	Root;Basidiomycota;Pucciniomycetes;Pucciniales;Melampsoraceae;Melampsora;Melampsora_epitea
AY471642	Root;Basidiomycota;Pucciniomycetes;Pucciniales;Melampsoraceae;Melampsora;Melampsora_epitea
AY487965	Root;Basidiomycota;Agaricomycetes;Geastrales;Geastraceae;Sphaerobolus;Sphaerobolus_ingoldii
AY494856	Root;Ascomycota;Eurotiomycetes;Eurotiales;Trichocomaceae;Penicillium;Penicillium_dravuni
AY498659	Root;Ascomycota;Lecanoromycetes;Teloschistales;Physciaceae;Phaeophyscia;Phaeophyscia_hirtella
AY498661	Root;Ascomycota;Lecanoromycetes;Teloschistales;Physciaceae;Phaeophyscia;Phaeophyscia_imbricata
AY498667	Root;Ascomycota;Lecanoromycetes;Teloschistales;Physciaceae;Phaeophyscia;Phaeophyscia_pyrrhophora
AY498671	Root;Ascomycota;Lecanoromycetes;Teloschistales;Physciaceae;Phaeophyscia;Phaeophyscia_ciliata
AY498674	Root;Ascomycota;Lecanoromycetes;Teloschistales;Physciaceae;Phaeophyscia;Phaeophyscia_ciliata
AY498689	Root;Ascomycota;Lecanoromycetes;Teloschistales;Physciaceae;Physcia;Physcia_stellaris
AY498691	Root;Ascomycota;Lecanoromycetes;Teloschistales;Physciaceae;Physcia;Physcia_tribacia
FJ501561	Root;Basidiomycota;Agaricomycetes;Polyporales;Ganodermataceae;Ganoderma;Ganoderma_lucidum/Ganoderma_lucidum_fusant
AY509551	Root;Basidiomycota;Tremellomycetes;Tremellales;Exidiaceae;Ductifera;Ductifera_sucina
AY509553	Root;Basidiomycota;Tremellomycetes;Tremellales;Exidiaceae;Eichleriella;Eichleriella_leveilleana
AY509554	Root;Basidiomycota;Tremellomycetes;Tremellales;Exidiaceae;Exidia;Myxarium_nucleatum
FJ515735	Root;Ascomycota;Dothideomycetes;Capnodiales;Mycosphaerellaceae;Mycosphaerella;Mycosphaerella_communis
AY509805	Root;Ascomycota;Lecanoromycetes;Lecanorales;Lecanoraceae;Rhizoplaca;Rhizoplaca_subdiscrepans
AY509796	Root;Ascomycota;Lecanoromycetes;Lecanorales;Lecanoraceae;Rhizoplaca;Rhizoplaca_chrysoleuca
AY509798	Root;Ascomycota;Lecanoromycetes;Lecanorales;Lecanoraceae;Rhizoplaca;Rhizoplaca_chrysoleuca
AY509803	Root;Ascomycota;Lecanoromycetes;Lecanorales;Lecanoraceae;Rhizoplaca;Rhizoplaca_peltata
AY510068	Root;Ascomycota;Sordariomycetes;Hypocreales;Clavicipitaceae;Beauveria;Beauveria_bassiana
AY513135	Root;Basidiomycota;Agaricomycetes;Russulales;Bondarzewiaceae;Gloiodon;Gloiodon_strigosus
AY513139	Root;Basidiomycota;Agaricomycetes;Russulales;Auriscalpiaceae;Lentinellus;Lentinellus_pulvinulus
AY513224	Root;Basidiomycota;Agaricomycetes;Russulales;Auriscalpiaceae;Lentinellus;Lentinellus_subargillaceus
AY513225	Root;Basidiomycota;Agaricomycetes;Russulales;Auriscalpiaceae;Lentinellus;Lentinellus_cochleatus
AY513226	Root;Basidiomycota;Agaricomycetes;Russulales;Auriscalpiaceae;Lentinellus;Lentinellus_cochleatus
AY513231	Root;Basidiomycota;Agaricomycetes;Russulales;Auriscalpiaceae;Lentinellus;Lentinellus_sublineolatus
AY513570	Root;Basidiomycota;Agaricomycetes;Gloeophyllales;Gloeophyllaceae;Mycobonia;Mycobonia_flava
AY513571	Root;Basidiomycota;Agaricomycetes;Gloeophyllales;Gloeophyllaceae;Mycobonia;Mycobonia_flava
AY514636	Root;Ascomycota;Orbiliomycetes;Orbiliales;Orbiliaceae;Hyalorbilia;Hyalorbilia_brevistipitata
AY515568	Root;Ascomycota;Orbiliomycetes;Orbiliales;Orbiliaceae;Dactylella;Dactylella_clavata
AY524843	Root;Ascomycota;Leotiomycetes;Helotiales;Helotiaceae;Neocudoniella;Neocudoniella_radicella
AY527407	Root;Ascomycota;Eurotiomycetes;Onygenales;Ajellomycetaceae;Spiromastix;Spiromastix_warcupii
AY532006	Root;Ascomycota;Sordariomycetes;Hypocreales;Clavicipitaceae;Beauveria;Beauveria_bassiana
AY532651	Root;Ascomycota;Pneumocystidomycetes;Pneumocystidales;Pneumocystidaceae;Pneumocystis;Pneumocystis_murina
AY533557	Root;Ascomycota;Eurotiomycetes;Onygenales;Ajellomycetaceae;Emmonsia;Emmonsia_parva
HQ604091	Root;Basidiomycota;Agaricomycetes;Agaricales;Cortinariaceae;Inocybe;Inocybe_fuscidula
AY534224	Root;Ascomycota;Dothideomycetes;Capnodiales;Teratosphaeriaceae;Teratosphaeria;Teratosphaeria_nubilosa
EU851932	Root;Ascomycota;Dothideomycetes;Capnodiales;Teratosphaeriaceae;Teratosphaeria;Teratosphaeria_molleriana
AY541259	Root;Ascomycota;Lecanoromycetes;Lecanorales;Lecanoraceae;Lecanora;Lecanora_rupicola
AY542864	Root;Basidiomycota;Agaricomycetes;Agaricales;Tricholomataceae;Omphalina;Omphalina_foliacea
EU082465	Root;Ascomycota;Leotiomycetes;Helotiales;Sclerotiniaceae;Sclerotinia;Sclerotinia_trifoliorum
FJ914885	Root;Ascomycota;Pezizomycetes;Pezizales;Rhizinaceae;Phymatotrichopsis;Phymatotrichopsis_omnivora
AY549476	Root;Ascomycota;Dothideomycetes;Capnodiales;Mycosphaerellaceae;Mycosphaerella;Mycosphaerella_populi
AY566270	Root;Basidiomycota;Pucciniomycetes;Pucciniales;Cronartiaceae;Cronartium;Cronartium_flaccidum
EU784269	Root;Basidiomycota;Agaricomycetes;Thelephorales;Bankeraceae;Hydnellum;Hydnellum_spongiosipes
AY569033	Root;Basidiomycota;Agaricomycetes;Thelephorales;Bankeraceae;Hydnellum;Hydnellum_subsuccosum
AY571054	Root;Basidiomycota;Agaricomycetes;Agaricales;Inocybaceae;Pellidiscus;Pellidiscus_pallidus
AY571056	Root;Basidiomycota;Agaricomycetes;Agaricales;Inocybaceae;Phaeosolenia;Phaeosolenia_densa
AY571059	Root;Basidiomycota;Agaricomycetes;Agaricales;Tricholomataceae;Resupinatus;Resupinatus_applicatus
AY571062	Root;Basidiomycota;Agaricomycetes;Agaricales;Tricholomataceae;Resupinatus;Resupinatus_poriiformis
AY582126	Root;Ascomycota;Saccharomycetes;Saccharomycetales;Saccharomycetaceae;Kazachstania;Kazachstania_aerobia
AY587014	Root;Ascomycota;Leotiomycetes;Erysiphales;Erysiphaceae;Erysiphe;Erysiphe_elevata
GU222326	Root;Basidiomycota;Agaricomycetes;Boletales;Suillaceae;Suillus;Suillus_luteus
AY587911	Root;Ascomycota;Sordariomycetes;Sordariales;Lasiosphaeriaceae;Cercophora;Cercophora_areolata
AY587913	Root;Ascomycota;Sordariomycetes;Sordariales;Lasiosphaeriaceae;Cercophora;Cercophora_sulphurella
AY587914	Root;Ascomycota;Sordariomycetes;Sordariales;Lasiosphaeriaceae;Lasiosphaeria;Lasiosphaeria_glabrata
GQ922528	Root;Ascomycota;Sordariomycetes;Sordariales;Lasiosphaeriaceae;Lasiosphaeria;Lasiosphaeria_ovina
AY587933	Root;Ascomycota;Sordariomycetes;Sordariales;Lasiosphaeriaceae;Lasiosphaeria;Lasiosphaeria_rugulosa
EU021457	Root;Basidiomycota;Agaricomycetes;Polyporales;Ganodermataceae;Ganoderma;Ganoderma_tropicum
AY593867	Root;Basidiomycota;Agaricomycetes;Polyporales;Ganodermataceae;Ganoderma;Ganoderma_neojaponicum
AY599570	Root;Basidiomycota;Agaricomycetes;Polyporales;Fomitopsidaceae;Postia;Postia_subcaesia
AY603121	Root;Ascomycota;Lecanoromycetes;Umbilicariales;Umbilicariaceae;Umbilicaria;Umbilicaria_umbilicarioides
GU062274	Root;Basidiomycota;Agaricomycetes;Polyporales;Polyporaceae;Trametes;Trametes_hirsuta
AY607017	Root;Ascomycota;Dothideomycetes;Pleosporales;Phaeosphaeriaceae;Eudarluca;Eudarluca_caricis
DQ273854	Root;Ascomycota;Lecanoromycetes;Lecanorales;Parmeliaceae;Parmelina;Parmelina_carporrhizans
AY615208	Root;Ascomycota;Sordariomycetes;Sordariales;Lasiosphaeriaceae;Podospora;Podospora_glutinans
AY618666	Root;Basidiomycota;Agaricomycetes;Russulales;Stereaceae;Acanthophysium;Acanthophysium_lividocaeruleum
AY618667	Root;Basidiomycota;Dacrymycetes;Dacrymycetales;Dacrymycetaceae;Cerinosterus;Cerinosterus_luteoalbus
AY618669	Root;Basidiomycota;Pucciniomycetes;Pachnocybales;Pachnocybaceae;Pachnocybe;Pachnocybe_ferruginea
GU066841	Root;Basidiomycota;Agaricomycetes;Hymenochaetales;Schizoporaceae;Hyphodontia;Hyphodontia_radula
DQ340318	Root;Basidiomycota;Agaricomycetes;Hymenochaetales;Schizoporaceae;Hyphodontia;Hyphodontia_alutaria
AY462561	Root;Ascomycota;Sordariomycetes;Xylariales;Diatrypaceae;Eutypa;Eutypa_lata
AY621762	Root;Basidiomycota;Agaricomycetes;Russulales;Albatrellaceae;Leucophleps;Leucophleps_spinispora
AY621800	Root;Basidiomycota;Agaricomycetes;Russulales;Albatrellaceae;Leucophleps;Leucophleps_spinispora
AY621764	Root;Basidiomycota;Agaricomycetes;Russulales;Albatrellaceae;Leucophleps;Leucophleps_spinispora
AY621791	Root;Basidiomycota;Agaricomycetes;Russulales;Albatrellaceae;Leucophleps;Leucophleps_spinispora
AY621804	Root;Basidiomycota;Agaricomycetes;Russulales;Albatrellaceae;Albatrellus;Albatrellus_syringae
AY624170	Root;Ascomycota;Eurotiomycetes;Eurotiales;Trichocomaceae;Paecilomyces;Paecilomyces_carneus
AY624176	Root;Ascomycota;Sordariomycetes;Hypocreales;Cordycipitaceae;Isaria;Isaria_coleopterora
AY624180	Root;Ascomycota;Eurotiomycetes;Eurotiales;Trichocomaceae;Paecilomyces;Isaria_farinosa
AY624185	Root;Ascomycota;Sordariomycetes;Hypocreales;Cordycipitaceae;Isaria;Isaria_ghanensis
AY624191	Root;Ascomycota;Eurotiomycetes;Eurotiales;Trichocomaceae;Paecilomyces;Paecilomyces_niphetodes
AY626984	Root;Ascomycota;Dothideomycetes;Capnodiales;Mycosphaerellaceae;Mycosphaerella;Mycosphaerella_scytalidii
AY642532	Root;Ascomycota;Dothideomycetes;Pleosporales;Montagnulaceae;Paraconiothyrium;Paraconiothyrium_fungicola
EU851104	Root;Ascomycota;Sordariomycetes;Diaporthales;Togniniaceae;Togninia;Togninia_minima
AY645661	Root;Ascomycota;Saccharomycetes;Saccharomycetales;Saccharomycetaceae;Lachancea;Lachancea_meyersii
AY645663	Root;Ascomycota;Saccharomycetes;Saccharomycetales;Saccharomycetaceae;Tetrapisispora;Tetrapisispora_fleetii
AY646387	Root;Ascomycota;Sordariomycetes;Hypocreales;Clavicipitaceae;Metarhizium;Metarhizium_flavoviride
AY646402	Root;Ascomycota;Sordariomycetes;Hypocreales;Ophiocordycipitaceae;Ophiocordyceps;Ophiocordyceps_sphecocephala
AY646404	Root;Ascomycota;Sordariomycetes;Hypocreales;Clavicipitaceae;Cordyceps;Cordyceps_pseudomilitaris
AY649772	Root;Ascomycota;Sordariomycetes;Ophiostomatales;Ophiostomataceae;Grosmannia;Grosmannia_galeiformis
AY654738	Root;Basidiomycota;Agaricomycetes;Geastrales;Geastraceae;Sphaerobolus;Sphaerobolus_ingoldii
JF313659	Root;Basidiomycota;Agaricomycetes;Agaricales;Amanitaceae;Amanita;Amanita_solaniolens
AY665171	Root;Basidiomycota;Agaricomycetes;Cantharellales;Ceratobasidiaceae;Thanatephorus;Thanatephorus_cucumeris
AY667583	Root;Ascomycota;Lecanoromycetes;Teloschistales;Physciaceae;Buellia;Buellia_frigida
AY669531	Root;Basidiomycota;Agaricomycetes;Agaricales;Cortinariaceae;Cortinarius;Cortinarius_allutus
AY174864	Root;Basidiomycota;Agaricomycetes;Agaricales;Cortinariaceae;Cortinarius;Cortinarius_pseudonapus
GU222270	Root;Basidiomycota;Agaricomycetes;Agaricales;Cortinariaceae;Cortinarius;Cortinarius_subcastanellus
GU233370	Root;Basidiomycota;Agaricomycetes;Agaricales;Cortinariaceae;Cortinarius;Cortinarius_austrocyanites
GU233349	Root;Basidiomycota;Agaricomycetes;Agaricales;Cortinariaceae;Cortinarius;Cortinarius_minoscaurus
GU222286	Root;Basidiomycota;Agaricomycetes;Agaricales;Cortinariaceae;Dermocybe_canaria;Dermocybe_canaria
AY669634	Root;Basidiomycota;Agaricomycetes;Agaricales;Cortinariaceae;Cortinarius;Cortinarius_caeruleoburneus
FJ717531	Root;Basidiomycota;Agaricomycetes;Agaricales;Cortinariaceae;Cortinarius;Cortinarius_biformis
FJ039565	Root;Basidiomycota;Agaricomycetes;Agaricales;Cortinariaceae;Cortinarius;Cortinarius_alboviolaceus
FJ903282	Root;Ascomycota;Sordariomycetes;Ophiostomatales;Ophiostomataceae;Grosmannia;Grosmannia_olivacea
AY681204	Root;Ascomycota;Sordariomycetes;Sordariales;Chaetomiaceae;Achaetomium;Achaetomium_strumarium
AY684174	Root;Basidiomycota;Agaricomycetes;Polyporales;Polyporaceae;Trametes;Trametes_ljubarskii
AY695069	Root;Ascomycota;Orbiliomycetes;Orbiliales;Orbiliaceae;Dactylellina;Dactylellina_parvicollis
AY702001	Root;Ascomycota;Eurotiomycetes;Eurotiales;Trichocomaceae;Aspergillus;Aspergillus_ustus
AY725469	Root;Ascomycota;Sordariomycetes;Calosphaeriales;Pleurostomataceae;Pleurostoma;Pleurostoma_ootheca
AY725553	Root;Ascomycota;Dothideomycetes;Capnodiales;Mycosphaerellaceae;Mycosphaerella;Mycosphaerella_madeirae
AY729939	Root;Ascomycota;Sordariomycetes;Hypocreales;Nectriaceae;Flagellospora;Flagellospora_curvula
DQ240219	Root;Ascomycota;Dothideomycetes;Capnodiales;Teratosphaeriaceae;Teratosphaeria;Teratosphaeria_zuluensis
AY738216	Root;Ascomycota;Dothideomycetes;Capnodiales;Teratosphaeriaceae;Teratosphaeria;Teratosphaeria_nubilosa
AY740019	Root;Basidiomycota;Ustilaginomycetes;Ustilaginales;Ustilaginaceae;Sporisorium;Sporisorium_ophiuri
AY740038	Root;Basidiomycota;Ustilaginomycetes;Ustilaginales;Ustilaginaceae;Macalpinomyces;Macalpinomyces_eriachnes
AY740044	Root;Basidiomycota;Ustilaginomycetes;Ustilaginales;Ustilaginaceae;Sporisorium;Sporisorium_anthracoideisporum
AY740047	Root;Basidiomycota;Ustilaginomycetes;Ustilaginales;Ustilaginaceae;Sporisorium;Sporisorium_andropogonis_micranthi
AY740049	Root;Basidiomycota;Ustilaginomycetes;Ustilaginales;Ustilaginaceae;Sporisorium;Sporisorium_erythraeense
AY740051	Root;Basidiomycota;Ustilaginomycetes;Ustilaginales;Ustilaginaceae;Sporisorium;Sporisorium_hwangense
AY740059	Root;Basidiomycota;Ustilaginomycetes;Ustilaginales;Ustilaginaceae;Sporisorium;Sporisorium_manilense
AY740060	Root;Basidiomycota;Ustilaginomycetes;Ustilaginales;Ustilaginaceae;Sporisorium;Sporisorium_trachypogonis_plumosi
AY740061	Root;Basidiomycota;Ustilaginomycetes;Ustilaginales;Ustilaginaceae;Ustilago;Ustilago_austro_africana
AY740067	Root;Basidiomycota;Ustilaginomycetes;Ustilaginales;Ustilaginaceae;Ustilago;Ustilago_ixophori
AY740071	Root;Basidiomycota;Ustilaginomycetes;Ustilaginales;Ustilaginaceae;Ustilago;Ustilago_syntherismae
AY740072	Root;Basidiomycota;Ustilaginomycetes;Ustilaginales;Ustilaginaceae;Ustilago;Ustilago_tragana
AY740075	Root;Basidiomycota;Ustilaginomycetes;Ustilaginales;Ustilaginaceae;Ustilago;Ustilago_triodiae
AY740153	Root;Basidiomycota;Ustilaginomycetes;Ustilaginales;Ustilaginaceae;Moesziomyces;Moesziomyces_bullatus
AY740154	Root;Basidiomycota;Ustilaginomycetes;Ustilaginales;Ustilaginaceae;Macalpinomyces;Macalpinomyces_bursus
AY740157	Root;Basidiomycota;Ustilaginomycetes;Ustilaginales;Ustilaginaceae;Sporisorium;Sporisorium_elionuri
AY740158	Root;Basidiomycota;Ustilaginomycetes;Ustilaginales;Ustilaginaceae;Sporisorium;Sporisorium_enteromorphum
AY740161	Root;Basidiomycota;Ustilaginomycetes;Ustilaginales;Ustilaginaceae;Sporisorium;Sporisorium_monakai
AY740166	Root;Basidiomycota;Ustilaginomycetes;Ustilaginales;Ustilaginaceae;Ustilago;Ustilago_altilis
AY740167	Root;Basidiomycota;Ustilaginomycetes;Ustilaginales;Ustilaginaceae;Ustilago;Ustilago_bouriqueti
DQ001132	Root;Basidiomycota;Ustilaginomycetes;Ustilaginales;Ustilaginaceae;Ustilago;Ustilago_cynodontis
AY740066	Root;Basidiomycota;Ustilaginomycetes;Ustilaginales;Ustilaginaceae;Ustilago;Ustilago_filiformis
AY742705	Root;Ascomycota;Eurotiomycetes;Eurotiales;Trichocomaceae;Penicillium;Penicillium_coffeae
AY744546	Root;Ascomycota;Sordariomycetes;Ophiostomatales;Ophiostomataceae;Grosmannia;Grosmannia_sagmatospora
AY746002	Root;Ascomycota;Sordariomycetes;Hypocreales;Ophiocordycipitaceae;Ophiocordyceps;Ophiocordyceps_sobolifera
AY747075	Root;Basidiomycota;Ustilaginomycetes;Ustilaginales;Ustilaginaceae;Sporisorium;Sporisorium_veracruzianum
AY750166	Root;Basidiomycota;Agaricomycetes;Agaricales;Tricholomataceae;Tricholoma;Tricholoma_atroviolaceum
AY752163	Root;Ascomycota;Dothideomycetes;Capnodiales;Mycosphaerellaceae;Passalora;Passalora_perplexa
FJ389938	Root;Ascomycota;Eurotiomycetes;Eurotiales;Trichocomaceae;Byssochlamys;Byssochlamys_nivea
AY753988	Root;Ascomycota;Sordariomycetes;Hypocreales;Nectriaceae;Gibberella;Gibberella_zeae
AY754003	Root;Ascomycota;Sordariomycetes;Hypocreales;Ophiocordycipitaceae;Ophiocordyceps;Ophiocordyceps_sobolifera
AY754007	Root;Ascomycota;Sordariomycetes;Hypocreales;Nectriaceae;Fusarium;Fusarium_chlamydosporum_var_fuscum
AY754008	Root;Ascomycota;Sordariomycetes;Hypocreales;Nectriaceae;Gibberella;Gibberella_moniliformis
AY624186	Root;Ascomycota;Sordariomycetes;Hypocreales;Cordycipitaceae;Isaria;Isaria_javanica
AY756113	Root;Basidiomycota;Agaricomycetes;Boletales;Sclerodermataceae;Pisolithus;Pisolithus_indicus
AY761159	Root;Ascomycota;Sordariomycetes;Ophiostomatales;Ophiostomataceae;Ophiostoma;Ophiostoma_montium
AY773465	Root;Ascomycota;Orbiliomycetes;Orbiliales;Orbiliaceae;Monacrosporium;Monacrosporium_sphaeroides
AY785274	Root;Ascomycota;Lecanoromycetes;Lecanorales;Parmeliaceae;Relicina;Relicina_subnigra
AY787857	Root;Basidiomycota;Tremellomycetes;Filobasidiales;Filobasidiaceae;Cryptococcus;Cryptococcus_haglerorum
AY789290	Root;Ascomycota;Leotiomycetes;Helotiales;Helotiaceae;Heyderia_;Heyderia_abietis
AY789297	Root;Ascomycota;Leotiomycetes;Helotiales;Helotiaceae;Heyderia_;Heyderia_abietis
AY789311	Root;Ascomycota;Leotiomycetes;Helotiales;Geoglossaceae;Geoglossum;Geoglossum_fallax
AY789314	Root;Ascomycota;Leotiomycetes;Helotiales;Geoglossaceae;Trichoglossum;Trichoglossum_hirsutum
AY789320	Root;Ascomycota;Leotiomycetes;Helotiales;Sclerotiniaceae;Mitrula;Mitrula_paludosa
GQ411507	Root;Ascomycota;Leotiomycetes;Helotiales;Helotiaceae;Bisporella;Bisporella_citrina
AY789329	Root;Ascomycota;Pezizomycetes;Pezizales;Pezizaceae;Peziza;Peziza_phyllogena
AY789333	Root;Ascomycota;Leotiomycetes;Helotiales;Sclerotiniaceae;Mitrula;Mitrula_elegans
AY789336	Root;Ascomycota;Leotiomycetes;Helotiales;Sclerotiniaceae;Mitrula;Mitrula_elegans
AY789345	Root;Ascomycota;Leotiomycetes;Leotiales;Bulgariaceae;Bulgaria;Bulgaria_inquinans
AY789355	Root;Ascomycota;Leotiomycetes;Helotiales;Helotiaceae;Cordierites;Cordierites_frondosa
AY789410	Root;Ascomycota;Leotiomycetes;Helotiales;Helotiaceae;Sarcoleotia;Sarcoleotia_globosa
AY789416	Root;Ascomycota;Leotiomycetes;Helotiales;Hyaloscyphaceae;Hyaloscypha;Hyaloscypha_daedaleae
AY789285	Root;Ascomycota;Leotiomycetes;Helotiales;Hyaloscyphaceae;Bryoglossum;Bryoglossum_gracile
AY789434	Root;Ascomycota;Leotiomycetes;Helotiales;Sclerotiniaceae;Mitrula;Mitrula_elegans
AY789429	Root;Ascomycota;Leotiomycetes;Helotiales;Helotiaceae;Sarcoleotia;Sarcoleotia_globosa
DQ431179	Root;Ascomycota;Leotiomycetes;Helotiales;Helotiaceae;Hymenoscyphus;Hymenoscyphus_macroguttatus
AY790541	Root;Ascomycota;Saccharomycetes;Saccharomycetales;Pichiaceae;Pichia;Pichia_rabaulensis
AY795851	Root;Ascomycota;Eurotiomycetes;Mycocaliciales;Mycocaliciaceae;Chaenothecopsis;Chaenothecopsis_consociata
AY795879	Root;Ascomycota;Eurotiomycetes;Mycocaliciales;Mycocaliciaceae;Mycocalicium;Mycocalicium_americanum
FJ474072	Root;Ascomycota;Sordariomycetes;Hypocreales;Nectriaceae;Cosmospora;Cosmospora_coccinea
GQ334384	Root;Ascomycota;Dothideomycetes;Capnodiales;Teratosphaeriaceae;Hortaea;Hortaea_werneckii
FJ845447	Root;Basidiomycota;Agaricomycetes;Agaricales;Tricholomataceae;Tricholoma;Tricholoma_focale
AY826763	Root;Ascomycota;Dothideomycetes;Myriangiales;Elsinoaceae;Elsinoe;Elsinoe_ampelina
AY830851	Root;Ascomycota;Pezizomycetes;Pezizales;Pezizaceae;Peziza;Peziza_ellipsospora
AF000211	Root;Ascomycota;Sordariomycetes;Diaporthales;Valsaceae;Phomopsis;Phomopsis_longicolla
AY841862	Root;Basidiomycota;Tremellomycetes;Cystofilobasidiales;Cystofilobasidiaceae;Udeniomyces;Udeniomyces_pseudopyricola
AY854065	Root;Basidiomycota;Agaricomycetes;Agaricales;Pluteaceae;Pluteus;Pluteus_romellii
AY857867	Root;Ascomycota;Sordariomycetes;Diaporthales;Diaporthaceae;Diaporthe;Diaporthe_phaseolorum_var_caulivora
AY860555	Root;Ascomycota;Lecanoromycetes;Teloschistales;Physciaceae;Physcia;Physcia_stellaris
AY860566	Root;Ascomycota;Lecanoromycetes;Teloschistales;Physciaceae;Physcia;Physcia_stellaris
AY881650	Root;Ascomycota;Saccharomycetes;Saccharomycetales;Saccharomycetaceae;Kazachstania;Kazachstania_aquatica
EU498090	Root;Basidiomycota;Agaricomycetes;Polyporales;Ganodermataceae;Ganoderma;Ganoderma_lucidum
AY884177	Root;Basidiomycota;Agaricomycetes;Polyporales;Ganodermataceae;Ganoderma;Ganoderma_resinaceum
AY884181	Root;Basidiomycota;Agaricomycetes;Polyporales;Ganodermataceae;Ganoderma;Ganoderma_pfeifferi
AY884184	Root;Basidiomycota;Agaricomycetes;Polyporales;Ganodermataceae;Ganoderma;Ganoderma_australe
AY886544	Root;Ascomycota;Sordariomycetes;Hypocreales;Cordycipitaceae;Ascopolyporus;Ascopolyporus_villosus
AY898621	Root;Basidiomycota;Agaricomycetes;Boletales;Suillaceae;Suillus;Suillus_bellinii
AY902804	Root;Ascomycota;Orbiliomycetes;Orbiliales;Orbiliaceae;Dactylella;Dactylella_atractoides
AY902805	Root;Ascomycota;Orbiliomycetes;Orbiliales;Orbiliaceae;Dactylella;Dactylella_varietas
AY906947	Root;Ascomycota;Sordariomycetes;Chaetosphaeriales;Chaetosphaeriaceae;Chaetosphaeria;Chaetosphaeria_lapaziana
AY906948	Root;Ascomycota;Sordariomycetes;Chaetosphaeriales;Chaetosphaeriaceae;Chaetosphaeria;Chaetosphaeria_panamensis
AY916467	Root;Ascomycota;Orbiliomycetes;Orbiliales;Orbiliaceae;Helicoon_gigantisporum;Helicoon_gigantisporum
AY918962	Root;Basidiomycota;Agaricomycetes;Agaricales;Amanitaceae;Amanita;Amanita_ocreata
FJ235152	Root;Ascomycota;Pezizomycetes;Pezizales;Pyronemataceae;Genabea;Genabea_cerebriformis
AY924260	Root;Ascomycota;Eurotiomycetes;Eurotiales;Trichocomaceae;Penicillium;Penicillium_digitatum
GU056168	Root;Ascomycota;Sordariomycetes;Hypocreales;Nectriaceae;Fusarium;Fusarium_oxysporum
FJ824629	Root;Ascomycota;Sordariomycetes;Ophiostomatales;Ophiostomataceae;Ophiostoma;Ophiostoma_bicolor
AY934520	Root;Ascomycota;Sordariomycetes;Ophiostomatales;Ophiostomataceae;Ophiostoma;Ophiostoma_sejunctum
AY934523	Root;Ascomycota;Sordariomycetes;Ophiostomatales;Ophiostomataceae;Ophiostoma;Ophiostoma_tenellum
AY934525	Root;Ascomycota;Sordariomycetes;Ophiostomatales;Ophiostomataceae;Ophiostoma;Ophiostoma_triangulosporum
AY935514	Root;Basidiomycota;Agaricomycetes;Boletales;Sclerodermataceae;Scleroderma;Scleroderma_citrinum
EU879153	Root;Ascomycota;Sordariomycetes;Ophiostomatales;Ophiostomataceae;Leptographium;Leptographium_wingfieldii
AY936511	Root;Ascomycota;Saccharomycetes;Saccharomycetales;Trichomonascaceae;Trichomonascus;Trichomonascus_ciferrii
AY936537	Root;Ascomycota;Saccharomycetes;Saccharomycetales;Saccharomycodaceae;Kloeckera;Kloeckera_japonica
JF908019	Root;Ascomycota;Pezizomycetes;Pezizales;Pyronemataceae;Genea;Genea_hispidula
AY943045	Root;Ascomycota;Dothideomycetes;Pleosporales;Sporormiaceae;Westerdykella;Westerdykella_ornata
AY943046	Root;Ascomycota;Dothideomycetes;Pleosporales;Sporormiaceae;Westerdykella;Westerdykella_globosa
AY943049	Root;Ascomycota;Dothideomycetes;Pleosporales;Sporormiaceae;Westerdykella;Westerdykella_nigra
AY945231	Root;Ascomycota;Sordariomycetes;Hypocreales;Cordycipitaceae;Pseudogibellula;Pseudogibellula_formicarum
AY956557	Root;Basidiomycota;Pucciniomycetes;Pucciniales;Pucciniaceae;Puccinia;Puccinia_taeniatheri
AY956566	Root;Basidiomycota;Pucciniomycetes;Pucciniales;Pucciniaceae;Puccinia;Puccinia_wolgensis
AY965751	Root;Ascomycota;Orbiliomycetes;Orbiliales;Orbiliaceae;Monacrosporium;Monacrosporium_multiseptatum
AY965752	Root;Ascomycota;Orbiliomycetes;Orbiliales;Orbiliaceae;Monacrosporium;Monacrosporium_shuzhengense
EU715661	Root;Ascomycota;Dothideomycetes;Botryosphaeriales;Botryosphaeriaceae;Microdiplodia;Microdiplodia_hawaiiensis
AY997074	Root;Chytridiomycota;Chytridiomycetes;Chytridiales;Cladochytriaceae;Polychytrium;Polychytrium_aggregatum
AY515363	Root;Ascomycota;Sordariomycetes;Sordariales;Lasiosphaeriaceae;Podospora;Podospora_intestinacea
GQ922552	Root;Ascomycota;Sordariomycetes;Sordariales;Lasiosphaeriaceae;Podospora;Podospora_curvicolla
AY999125	Root;Ascomycota;Sordariomycetes;Sordariales;Lasiosphaeriaceae;Podospora;Podospora_cupiformis
AY999126	Root;Ascomycota;Sordariomycetes;Sordariales;Lasiosphaeriaceae;Podospora;Podospora_appendiculata
AY999132	Root;Ascomycota;Sordariomycetes;Sordariales;Lasiosphaeriaceae;Zopfiella;Zopfiella_tabulata
AY999128	Root;Ascomycota;Sordariomycetes;Sordariales;Lasiosphaeriaceae;Zopfiella;Zopfiella_karachiensis
D86585	Root;Basidiomycota;Agaricomycetes;Agaricales;Tricholomataceae;Tricholoma;Tricholoma_fulvocastaneum
DQ001271	Root;Ascomycota;Lecanoromycetes;Lecanorales;Parmeliaceae;Allocetraria;Allocetraria_madreporiformis
DQ001272	Root;Ascomycota;Lecanoromycetes;Lecanorales;Parmeliaceae;Allocetraria;Allocetraria_stracheyi
DQ001273	Root;Ascomycota;Lecanoromycetes;Lecanorales;Parmeliaceae;Anzia;Anzia_hypoleucoides
DQ001274	Root;Ascomycota;Lecanoromycetes;Baeomycetales;Baeomycetaceae;Baeomyces;Baeomyces_placophyllus
DQ001277	Root;Ascomycota;Lecanoromycetes;Lecanorales;Cladoniaceae;Cladonia;Cladonia_macroceras
DQ001278	Root;Ascomycota;Lecanoromycetes;Lecanorales;Cladoniaceae;Cladonia;Cladonia_rangiferina
EU266112	Root;Ascomycota;Lecanoromycetes;Lecanorales;Cladoniaceae;Cladonia;Cladonia_squamosissima
DQ001294	Root;Ascomycota;Lecanoromycetes;Lecanorales;Parmeliaceae;Sulcaria;Sulcaria_sulcata
DQ004829	Root;Basidiomycota;Ustilaginomycetes;Ustilaginales;Ustilaginaceae;Sporisorium;Sporisorium_scitamineum
GQ293947	Root;Ascomycota;Sordariomycetes;Xylariales;Diatrypaceae;Diatrype;Diatrype_stigma
AJ427403	Root;Basidiomycota;Agaricomycetes;Cantharellales;Ceratobasidiaceae;Ceratobasidium;Ceratobasidium_angustisporum
DQ056365	Root;Basidiomycota;Agaricomycetes;Cantharellales;Clavulinaceae;Clavulina;Clavulina_monodiminutiva
DQ056371	Root;Basidiomycota;Agaricomycetes;Cantharellales;Clavulinaceae;Clavulina;Clavulina_caespitosa
DQ056860	Root;Basidiomycota;Agaricomycetes;Polyporales;Polyporaceae;Lentinus;Lentinus_tigrinus
GQ215695	Root;Basidiomycota;Agaricomycetes;Atheliales;Atheliaceae;Athelia;Athelia_rolfsii
DQ066701	Root;Ascomycota;Lecanoromycetes;Peltigerales;Nephromataceae;Nephroma;Nephroma_bellum
DQ066702	Root;Ascomycota;Lecanoromycetes;Peltigerales;Nephromataceae;Nephroma;Nephroma_helveticum
DQ066708	Root;Ascomycota;Lecanoromycetes;Peltigerales;Nephromataceae;Nephroma;Nephroma_parile
DQ066712	Root;Ascomycota;Lecanoromycetes;Peltigerales;Nephromataceae;Nephroma;Nephroma_tropicum
DQ068380	Root;Ascomycota;Lecanoromycetes;Lecanorales;Parmeliaceae;Anzia;Anzia_colpota
DQ068381	Root;Ascomycota;Lecanoromycetes;Lecanorales;Parmeliaceae;Anzia;Anzia_opuntiella
JQ518272	Root;Basidiomycota;Agaricomycetes;Polyporales;Meruliaceae;Phlebia;Phlebia_centrifuga
DQ073396	Root;Microsporidia;Microsporea;Microsporida;Nosematidae;Nosema;Nosema_antheraeae
FJ379261	Root;Basidiomycota;Agaricomycetes;Polyporales;Polyporaceae;Lentinus;Lentinus_sajor_caju
DQ083800	Root;Basidiomycota;Agaricomycetes;Agaricales;Cortinariaceae;Cortinarius;Cortinarius_neolangei
DQ323970	Root;Basidiomycota;Agaricomycetes;Agaricales;Cortinariaceae;Cortinarius;Cortinarius_ochraceopallescens
DQ083806	Root;Basidiomycota;Agaricomycetes;Agaricales;Cortinariaceae;Cortinarius;Cortinarius_prasinocyaneus
DQ083815	Root;Basidiomycota;Agaricomycetes;Agaricales;Cortinariaceae;Cortinarius;Cortinarius_splendificus
AY929375	Root;Ascomycota;Dothideomycetes;Pleosporales;Montagnulaceae;Paraconiothyrium;Paraconiothyrium_cyclothyrioides
FJ627995	Root;Ascomycota;Sordariomycetes;Hypocreales;Nectriaceae;Fusarium;Fusarium_oxysporum
EF495234	Root;Ascomycota;Sordariomycetes;Hypocreales;Nectriaceae;Fusarium;Fusarium_redolens
FJ481036	Root;Ascomycota;Sordariomycetes;Hypocreales;Nectriaceae;Neonectria;Neonectria_radicicola
AY773452	Root;Ascomycota;Orbiliomycetes;Orbiliales;Orbiliaceae;Dactylella;Dactylella_iridis
DQ097355	Root;Basidiomycota;Agaricomycetes;Agaricales;Physalacriaceae;Cyptotrama;Cyptotrama_asprata
DQ097360	Root;Basidiomycota;Agaricomycetes;Agaricales;Physalacriaceae;Gloiocephala;Gloiocephala_resinopunctata
UDB000064	Root;Basidiomycota;Agaricomycetes;Agaricales;Cortinariaceae;Cortinarius;Cortinarius_decipiens
DQ097871	Root;Basidiomycota;Agaricomycetes;Gomphales;Gomphaceae;Clavariadelphus;Clavariadelphus_truncatus
DQ384576	Root;Basidiomycota;Agaricomycetes;Boletales;Gomphidiaceae;Gomphidius;Gomphidius_subroseus
DQ102665	Root;Basidiomycota;Agaricomycetes;Agaricales;Cortinariaceae;Cortinarius;Cortinarius_saniosus
EF061131	Root;Ascomycota;Saccharomycetes;Saccharomycetales;Pichiaceae;Pichia;Pichia_membranifaciens
DQ117965	Root;Ascomycota;Eurotiomycetes;Eurotiales;Trichocomaceae;Penicillium;Penicillium_adametzioides
DQ132810	Root;Ascomycota;Sordariomycetes;Hypocreales;Clavicipitaceae;Pochonia;Pochonia_bulbillosa
DQ137887	Root;Ascomycota;Saccharomycetes;Saccharomycetales;Saccharomycetaceae;Zygowilliopsis;Williopsis_californica_var_californica
AY833653	Root;Ascomycota;Leotiomycetes;Erysiphales;Erysiphaceae;Podosphaera;Podosphaera_tridactyla
DQ140001	Root;Basidiomycota;Agaricomycetes;Agaricales;Cortinariaceae;Cortinarius;Cortinarius_neofurvolaesus
GU058015	Root;Basidiomycota;Pucciniomycetes;Pucciniales;Phragmidiaceae;Phragmidium;Phragmidium_violaceum
DQ144610	Root;Basidiomycota;Agaricomycetes;Atheliales;Atheliaceae;Amyloathelia;Amyloathelia_crassiuscula
DQ144617	Root;Basidiomycota;Agaricomycetes;Polyporales;Fomitopsidaceae;Anomoporia;Anomoporia_vesiculosa
DQ144620	Root;Basidiomycota;Agaricomycetes;Atheliales;Atheliaceae;Plicaturopsis;Plicaturopsis_crispa
DQ155287	Root;Ascomycota;Eurotiomycetes;Eurotiales;Trichocomaceae;Aspergillus;Aspergillus_flavus
DQ166959	Root;Ascomycota;Sordariomycetes;Sordariales;Lasiosphaeriaceae;Strattonia;Strattonia_oblecythiformis
EF197084	Root;Ascomycota;Sordariomycetes;Sordariales;Lasiosphaeriaceae;Podospora;Podospora_pleiospora
DQ166962	Root;Ascomycota;Sordariomycetes;Sordariales;Lasiosphaeriaceae;Podospora;Podospora_pyriformis
DQ166963	Root;Ascomycota;Sordariomycetes;Sordariales;Lasiosphaeriaceae;Podospora;Podospora_dimorpha
DQ182505	Root;Basidiomycota;Agaricomycetes;Agaricales;Pluteaceae;Chamaeota;Chamaeota_sinica
DQ189089	Root;Ascomycota;Leotiomycetes;Erysiphales;Erysiphaceae;Erysiphe;Erysiphe_necator
DQ191308	Root;Ascomycota;Eurotiomycetes;Eurotiales;Trichocomaceae;Penicillium;Penicillium_griseoroseum
DQ196435	Root;Ascomycota;Sordariomycetes;Hypocreales;Clavicipitaceae;Cordyceps;Cordyceps_spegazzinii
DQ198358	Root;Ascomycota;Lecanoromycetes;Teloschistales;Physciaceae;Buellia;Buellia_insignis
DQ198359	Root;Ascomycota;Lecanoromycetes;Teloschistales;Caliciaceae;Tetramelas;Tetramelas_phaeophysciae
DQ200921	Root;Basidiomycota;Agaricomycetes;Boletales;Boletaceae;Boletellus;Boletellus_shichianus
DQ200922	Root;Basidiomycota;Agaricomycetes;Boletales;Boletaceae;Boletinellus;Boletinellus_merulioides
DQ200923	Root;Basidiomycota;Agaricomycetes;Russulales;Bondarzewiaceae;Bondarzewia;Bondarzewia_montana
DQ200926	Root;Basidiomycota;Agaricomycetes;Cantharellales;Cantharellaceae;Cantharellus;Cantharellus_cibarius
DQ200929	Root;Basidiomycota;Agaricomycetes;Polyporales;Meruliaceae;Chondrostereum;Chondrostereum_purpureum
EF026141	Root;Ascomycota;Sordariomycetes;Xylariales;Xylariaceae;Annulohypoxylon;Annulohypoxylon
DQ206840	Root;Ascomycota;Pezizomycetes;Pezizales;Pyronemataceae;Genea;Genea_arenaria
DQ206835	Root;Ascomycota;Pezizomycetes;Pezizales;Pyronemataceae;Genea;Genea_arenaria
DQ218288	Root;Ascomycota;Pezizomycetes;Pezizales;Pyronemataceae;Genea;Genea_harknessii
DQ218292	Root;Ascomycota;Pezizomycetes;Pezizales;Pyronemataceae;Genea;Genea_harknessii
DQ218297	Root;Ascomycota;Pezizomycetes;Pezizales;Pyronemataceae;Genea;Genea_harknessii
DQ218286	Root;Ascomycota;Pezizomycetes;Pezizales;Pyronemataceae;Genea;Genea_harknessii
DQ206868	Root;Ascomycota;Eurotiomycetes;Eurotiales;Trichocomaceae;Aspergillus;Aspergillus_japonicus
DQ219307	Root;Ascomycota;Lecanoromycetes;Lecanorales;Parmeliaceae;Usnea;Usnea_aff_igniaria_Kim_05010
EF179799	Root;Ascomycota;Lecanoromycetes;Lecanorales;Parmeliaceae;Usnea;Usnea_aurantiacoatra
DQ534459	Root;Ascomycota;Lecanoromycetes;Lecanorales;Cladoniaceae;Cladonia;Cladonia_borealis
DQ233665	Root;Ascomycota;Dothideomycetes;Botryosphaeriales;Botryosphaeriaceae;Macrophomina;Macrophomina_phaseolina
JN943924	Root;Basidiomycota;Agaricomycetes;Atheliales;Atheliaceae;Tylospora;Tylospora_asterophora
EF179805	Root;Ascomycota;Lecanoromycetes;Lecanorales;Parmeliaceae;Usnea;Usnea_subantarctica
GU066706	Root;Ascomycota;Sordariomycetes;Diaporthales;Valsaceae;Phomopsis;Phomopsis_longicolla
DQ238719	Root;Basidiomycota;Microbotryomycetes;Microbotryales;Ustilentylomataceae;Bauerago;Bauerago_abstrusa
DQ238720	Root;Basidiomycota;Microbotryomycetes;Microbotryales;Ustilentylomataceae;Bauerago;Bauerago_vuyckii
DQ247776	Root;Ascomycota;Sordariomycetes;Hypocreales;Nectriaceae;Nectria;Nectria_lugdunensis
DQ249198	Root;Ascomycota;Saccharomycetes;Saccharomycetales;Pichiaceae;Pichia;Pichia_jadinii
GQ913348	Root;Ascomycota;Saccharomycetes;Saccharomycetales;Saccharomycetaceae;Debaryomyces;Debaryomyces_hansenii
AY569023	Root;Basidiomycota;Agaricomycetes;Thelephorales;Bankeraceae;Hydnellum;Hydnellum_caeruleum
DQ279501	Root;Ascomycota;Lecanoromycetes;Lecanorales;Parmeliaceae;Hypotrachyna;Hypotrachyna_fissicarpa
DQ279506	Root;Ascomycota;Lecanoromycetes;Lecanorales;Parmeliaceae;Hypotrachyna;Hypotrachyna_incognita
DQ279509	Root;Ascomycota;Lecanoromycetes;Lecanorales;Parmeliaceae;Hypotrachyna;Hypotrachyna_koyaensis
DQ286221	Root;Ascomycota;Sordariomycetes;Phyllachorales;Phyllachoraceae;Colletotrichum;Colletotrichum_agaves
DQ295104	Root;Basidiomycota;Agaricomycetes;Agaricales;Cortinariaceae;Cortinarius;Cortinarius_septentrionalis
FJ596858	Root;Basidiomycota;Agaricomycetes;Agaricales;Cortinariaceae;Cortinarius;Cortinarius_aff_mucosus_TENN61690
DQ303024	Root;Ascomycota;Dothideomycetes;Capnodiales;Mycosphaerellaceae;Zasmidium;Zasmidium_pseudoparkii
DQ303027	Root;Ascomycota;Dothideomycetes;Capnodiales;Mycosphaerellaceae;Zasmidium;Zasmidium_xenoparkii
FJ911878	Root;Ascomycota;Leotiomycetes;Thelebolales;Thelebolaceae;Antarctomyces;Antarctomyces_psychrotrophicus
DQ318208	Root;Ascomycota;Sordariomycetes;Microascales;Microascaceae;Kernia;Kernia_pachypleura
AF377157	Root;Basidiomycota;Agaricomycetes;Boletales;Rhizopogonaceae;Rhizopogon;Rhizopogon_salebrosus
AF377126	Root;Basidiomycota;Agaricomycetes;Boletales;Rhizopogonaceae;Rhizopogon;Rhizopogon_pedicellus
AF058315	Root;Basidiomycota;Agaricomycetes;Boletales;Rhizopogonaceae;Rhizopogon;Rhizopogon_roseolus
EU669372	Root;Basidiomycota;Agaricomycetes;Boletales;Rhizopogonaceae;Rhizopogon;Rhizopogon_ellipsosporus
AF062934	Root;Basidiomycota;Agaricomycetes;Boletales;Rhizopogonaceae;Rhizopogon;Rhizopogon_vulgaris
AF058303	Root;Basidiomycota;Agaricomycetes;Boletales;Rhizopogonaceae;Rhizopogon;Rhizopogon_burlinghamii
DQ320560	Root;Ascomycota;Lecanoromycetes;Peltigerales;Nephromataceae;Nephroma;Nephroma_occultum
DQ322079	Root;Ascomycota;Sordariomycetes;Xylariales;Xylariaceae;Rosellinia;Rosellinia_mirabilis
DQ322081	Root;Ascomycota;Sordariomycetes;Xylariales;Xylariaceae;Camillea;Camillea_tinctor
EU254875	Root;Ascomycota;Sordariomycetes;Diaporthales;Valsaceae;Ophiognomonia;Ophiognomonia_intermedia
DQ323922	Root;Basidiomycota;Pucciniomycetes;Pucciniales;Pileolariaceae;Uromycladium;Uromycladium_tepperianum
DQ328103	Root;Basidiomycota;Agaricomycetes;Agaricales;Cortinariaceae;Thaxterogaster;Thaxterogaster_leucocephalus
DQ328114	Root;Basidiomycota;Agaricomycetes;Agaricales;Cortinariaceae;Protoglossum;Protoglossum_violaceum
DQ328172	Root;Basidiomycota;Agaricomycetes;Agaricales;Cortinariaceae;Thaxterogaster;Thaxterogaster_redactus
DQ336711	Root;Ascomycota;Eurotiomycetes;Eurotiales;Trichocomaceae;Aspergillus;Aspergillus_penicillioides
DQ337307	Root;Ascomycota;Lecanoromycetes;Teloschistales;Physciaceae;Heterodermia;Heterodermia_flabellata
DQ337313	Root;Ascomycota;Lecanoromycetes;Teloschistales;Physciaceae;Heterodermia;Heterodermia_japonica
DQ337314	Root;Ascomycota;Lecanoromycetes;Teloschistales;Physciaceae;Heterodermia;Heterodermia_japonica
DQ337319	Root;Ascomycota;Lecanoromycetes;Teloschistales;Physciaceae;Heterodermia;Heterodermia_lamelligera
DQ337320	Root;Ascomycota;Lecanoromycetes;Teloschistales;Physciaceae;Heterodermia;Heterodermia_appendiculata
DQ337321	Root;Ascomycota;Lecanoromycetes;Teloschistales;Physciaceae;Heterodermia;Heterodermia_leucomelaena
DQ337316	Root;Ascomycota;Lecanoromycetes;Teloschistales;Physciaceae;Heterodermia;Heterodermia_japonica
DQ337317	Root;Ascomycota;Lecanoromycetes;Teloschistales;Physciaceae;Heterodermia;Heterodermia_japonica_var_reagens
DQ337326	Root;Ascomycota;Lecanoromycetes;Teloschistales;Physciaceae;Heterodermia;Heterodermia_flabellata_var_rottboellii
DQ340333	Root;Basidiomycota;Agaricomycetes;Hymenochaetales;Schizoporaceae;Hyphodontia;Hyphodontia_palmae
DQ340341	Root;Basidiomycota;Agaricomycetes;Hymenochaetales;Schizoporaceae;Hyphodontia;Hyphodontia_subalutacea
DQ344511	Root;Basidiomycota;Pucciniomycetes;Pucciniales;Pucciniaceae;Puccinia;Puccinia_andropogonis
DQ345592	Root;Ascomycota;Sordariomycetes;Hypocreales;Ophiocordycipitaceae;Hirsutella;Hirsutella_vermicola
DQ822821	Root;Basidiomycota;Agaricomycetes;Boletales;Rhizopogonaceae;Rhizopogon;Rhizopogon_occidentalis
DQ466083	Root;Ascomycota;Dothideomycetes;Capnodiales;Mycosphaerellaceae;Ramularia;Ramularia_carthami
DQ354533	Root;Basidiomycota;Pucciniomycetes;Pucciniales;Pucciniaceae;Puccinia;Puccinia_smilacis
DQ354537	Root;Basidiomycota;Pucciniomycetes;Pucciniales;Phakopsoraceae;Phakopsora;Phakopsora_pachyrhizi
DQ354543	Root;Basidiomycota;Pucciniomycetes;Pucciniales;Pucciniaceae;Puccinia;Puccinia_podophylli
DQ354545	Root;Basidiomycota;Pucciniomycetes;Pucciniales;Pucciniaceae;Gymnosporangium;Gymnosporangium_clavipes
DQ354553	Root;Basidiomycota;Pucciniomycetes;Pucciniales;Phragmidiaceae;Phragmidium;Phragmidium_tormentillae
FJ746969	Root;Basidiomycota;Agaricomycetes;Cantharellales;Ceratobasidiaceae;Thanatephorus;Rhizoctonia_solani
GQ292551	Root;Ascomycota;Saccharomycetes;Saccharomycetales;Metschnikowiaceae;Metschnikowia;Metschnikowia_aff_fructicola_KKS
DQ367921	Root;Basidiomycota;Agaricomycetes;Agaricales;Tricholomataceae;Tricholoma;Tricholoma_pardinum
GQ499278	Root;Ascomycota;Eurotiomycetes;Eurotiales;Trichocomaceae;Aspergillus;Aspergillus_nomius
DQ383639	Root;Ascomycota;Lecanoromycetes;Rhizocarpales;Rhizocarpaceae;Catolechia;Catolechia_wahlenbergii
EU266094	Root;Ascomycota;Lecanoromycetes;Lecanorales;Cladoniaceae;Cladonia;Cladonia_vulcanica
FJ903298	Root;Basidiomycota;Agaricomycetes;Polyporales;Meruliaceae;Phlebia;Phlebia_tremellosa
DQ384587	Root;Basidiomycota;Agaricomycetes;Agaricales;Strophariaceae;Pholiota;Pholiota_flammans
DQ384610	Root;Ascomycota;Leotiomycetes;Erysiphales;Erysiphaceae;Golovinomyces;Golovinomyces_biocellatus
DQ389723	Root;Basidiomycota;Agaricomycetes;Agaricales;Coprinaceae;Coprinus;Coprinus_cordisporus
DQ394383	Root;Ascomycota;Lecanoromycetes;Lecanorales;Parmeliaceae;Myelochroa;Myelochroa_aurulenta
DQ394384	Root;Ascomycota;Lecanoromycetes;Lecanorales;Parmeliaceae;Myelochroa;Myelochroa_entotheiochroa
EU266098	Root;Ascomycota;Lecanoromycetes;Lecanorales;Parmeliaceae;Myelochroa;Myelochroa_indica
DQ394386	Root;Ascomycota;Lecanoromycetes;Lecanorales;Parmeliaceae;Cetreliopsis;Cetreliopsis_asahinae
EF544572	Root;Ascomycota;Lecanoromycetes;Lecanorales;Parmeliaceae;Parmelia;Parmelia_laevior
DQ394388	Root;Ascomycota;Lecanoromycetes;Lecanorales;Parmeliaceae;Parmelia;Parmelia_laevior
DQ394389	Root;Ascomycota;Lecanoromycetes;Lecanorales;Parmeliaceae;Parmelia;Parmelia_pseudolaevior
DQ394398	Root;Ascomycota;Lecanoromycetes;Lecanorales;Parmeliaceae;Nephromopsis;Nephromopsis_pseudocomplicata
DQ400136	Root;Glomeromycota;Glomeromycetes;Glomerales;Glomeraceae;Glomus;Glomus_mosseae
EF989115	Root;Glomeromycota;Glomeromycetes;Glomerales;Glomeraceae;Glomus;Glomus_mosseae
DQ400144	Root;Glomeromycota;Glomeromycetes;Glomerales;Glomeraceae;Glomus;Glomus_mosseae
DQ400151	Root;Glomeromycota;Glomeromycetes;Glomerales;Glomeraceae;Glomus;Glomus_mosseae
GQ388727	Root;Glomeromycota;Glomeromycetes;Glomerales;Glomeraceae;Glomus;Glomus_versiforme
FN547537	Root;Glomeromycota;Glomeromycetes;Archaeosporales;Ambisporaceae;Ambispora;Ambispora_fennica
DQ401558	Root;Ascomycota;Lecanoromycetes;Lecanorales;Hymeneliaceae;Aspicilia;Aspicilia_contorta_subsp_hoffmanniana
DQ401561	Root;Ascomycota;Lecanoromycetes;Lecanorales;Hymeneliaceae;Aspicilia;Aspicilia_calcarea
DQ401562	Root;Ascomycota;Lecanoromycetes;Lecanorales;Hymeneliaceae;Aspicilia;Aspicilia_calcarea
DQ401564	Root;Ascomycota;Lecanoromycetes;Lecanorales;Hymeneliaceae;Aspicilia;Aspicilia_esculenta
DQ401566	Root;Ascomycota;Lecanoromycetes;Lecanorales;Hymeneliaceae;Aspicilia;Aspicilia_esculenta
DQ401567	Root;Ascomycota;Lecanoromycetes;Lecanorales;Hymeneliaceae;Aspicilia;Aspicilia_desertorum
DQ401568	Root;Ascomycota;Lecanoromycetes;Lecanorales;Hymeneliaceae;Aspicilia;Aspicilia_desertorum
DQ404381	Root;Basidiomycota;Agaricomycetes;Agaricales;Cortinariaceae;Phaeomarasmius;Phaeomarasmius_proximans
DQ407260	Root;Basidiomycota;Agaricomycetes;Boletales;Boletaceae;Boletus;Boletus_magnificus
DQ407261	Root;Basidiomycota;Agaricomycetes;Boletales;Boletaceae;Tylopilus;Tylopilus_plumbeoviolaceoides
DQ407263	Root;Basidiomycota;Agaricomycetes;Boletales;Boletaceae;Boletus;Boletus_magnificus
DQ414543	Root;Ascomycota;Saccharomycetes;Saccharomycetales;Pichiaceae;Pichia;Pichia_veronae
EU014045	Root;Basidiomycota;Pucciniomycetes;Pucciniales;Pucciniaceae;Puccinia;Puccinia_recondita
AF444377	Root;Basidiomycota;Tremellomycetes;Filobasidiales;Filobasidiaceae;Cryptococcus;Cryptococcus_terricola
DQ431167	Root;Ascomycota;Leotiomycetes;Helotiales;Helotiaceae;Hymenoscyphus;Hymenoscyphus_tamaricis
DQ631897	Root;Ascomycota;Dothideomycetes;Capnodiales;Mycosphaerellaceae;Mycosphaerella;Mycosphaerella_areola
AY874150	Root;Basidiomycota;Pucciniomycetes;Pucciniales;Pucciniaceae;Puccinia;Puccinia_hordei
DQ463342	Root;Basidiomycota;Agaricomycetes;Agaricales;Nidulariaceae;Cyathus;Cyathus_africanus_var_latisporus
DQ463348	Root;Basidiomycota;Agaricomycetes;Agaricales;Nidulariaceae;Cyathus;Cyathus_gansuensis
AF385632	Root;Basidiomycota;Agaricomycetes;Cantharellales;Cantharellaceae;Craterellus;Craterellus_tubaeformis
DQ480727	Root;Ascomycota;Orbiliomycetes;Orbiliales;Orbiliaceae;Orbilia;Orbilia_luteorubella
FJ557238	Root;Ascomycota;Orbiliomycetes;Orbiliales;Orbiliaceae;Orbilia;Orbilia_dorsalia
EU266706	Root;Basidiomycota;Agaricomycetes;Agaricales;Cortinariaceae;Cortinarius;Cortinarius_pseudorubricosus
AJ889970	Root;Basidiomycota;Agaricomycetes;Agaricales;Cortinariaceae;Cortinarius;Cortinarius_diasemospermus
FJ157034	Root;Basidiomycota;Agaricomycetes;Agaricales;Cortinariaceae;Cortinarius;Cortinarius_laetus
FJ717582	Root;Basidiomycota;Agaricomycetes;Agaricales;Cortinariaceae;Cortinarius;Cortinarius_balaustinus
FJ717605	Root;Basidiomycota;Agaricomycetes;Agaricales;Cortinariaceae;Cortinarius;Cortinarius_anomalus
EU266658	Root;Basidiomycota;Agaricomycetes;Agaricales;Cortinariaceae;Cortinarius;Cortinarius_carabus
UDB011348	Root;Basidiomycota;Agaricomycetes;Agaricales;Cortinariaceae;Cortinarius;Cortinarius_subtorvus
HQ604725	Root;Basidiomycota;Agaricomycetes;Agaricales;Cortinariaceae;Cortinarius;Cortinarius_junghuhnii
UDB002237	Root;Basidiomycota;Agaricomycetes;Agaricales;Cortinariaceae;Cortinarius;Cortinarius_biformis
U56043	Root;Basidiomycota;Agaricomycetes;Agaricales;Cortinariaceae;Cortinarius;Cortinarius_idahoensis
DQ481951	Root;Basidiomycota;Agaricomycetes;Agaricales;Cortinariaceae;Cortinarius;Dermocybe_semisanguinea
DQ484064	Root;Basidiomycota;Agaricomycetes;Thelephorales;Bankeraceae;Boletopsis;Boletopsis_leucomelaena
JF809849	Root;Chytridiomycota;Chytridiomycetes;Rhizophydiales;Aquamycetaceae;Alphamyces;Alphamyces_chaetifer
DQ486698	Root;Basidiomycota;Agaricomycetes;Agaricales;Cyphellaceae;Cyphella;Cyphella_digitalis
DQ490642	Root;Basidiomycota;Agaricomycetes;Agaricales;Tricholomataceae;Melanoleuca;Melanoleuca_verrucipes
DQ491485	Root;Ascomycota;Leotiomycetes;Helotiales;Hyaloscyphaceae;Lachnum;Lachnum_virgineum
DQ491492	Root;Ascomycota;Pezizomycetes;Pezizales;Pyronemataceae;Scutellinia;Scutellinia_scutellata
DQ491494	Root;Ascomycota;Leotiomycetes;Helotiales;Geoglossaceae;Trichoglossum;Trichoglossum_hirsutum
DQ491495	Root;Ascomycota;Pezizomycetes;Pezizales;Pyronemataceae;Aleuria;Aleuria_aurantia
DQ491497	Root;Ascomycota;Pezizomycetes;Pezizales;Pezizaceae;Peziza;Peziza_proteana
DQ491498	Root;Ascomycota;Leotiomycetes;Helotiales;Dermateaceae;Mollisia;Mollisia_cinerea
DQ491499	Root;Ascomycota;Leotiomycetes;Rhytismatales;Rhytismataceae;Coccomyces;Coccomyces_dentatus
DQ491500	Root;Ascomycota;Pezizomycetes;Pezizales;Pyronemataceae;Cheilymenia;Cheilymenia_stercorea
DQ494362	Root;Ascomycota;Orbiliomycetes;Orbiliales;Orbiliaceae;Dactylella;Dactylella_panlongna
DQ494422	Root;Ascomycota;Eurotiomycetes;Eurotiales;Trichocomaceae;Penicillium;Penicillium_namyslowskii
DQ494685	Root;Basidiomycota;Agaricomycetes;Agaricales;Inocybaceae;Pleuroflammula;Pleuroflammula_flammea
DQ494696	Root;Basidiomycota;Agaricomycetes;Agaricales;Cortinariaceae;Simocybe;Simocybe_serrulata
AY956556	Root;Basidiomycota;Pucciniomycetes;Pucciniales;Pucciniaceae;Puccinia;Puccinia_holcina
DQ517415	Root;Basidiomycota;Agaricomycetes;Agaricales;Cortinariaceae;Cortinarius;Cortinarius_calochrous
DQ520095	Root;Basidiomycota;Tremellomycetes;Tremellales;Exidiaceae;Sebacina;Sebacina_incrustans
DQ525473	Root;Ascomycota;Lecanoromycetes;Acarosporales;Acarosporaceae;Pleopsidium;Pleopsidium_chlorophanum
DQ525492	Root;Ascomycota;Lecanoromycetes;Acarosporales;Acarosporaceae;Pleopsidium;Pleopsidium_gobiense
DQ525502	Root;Ascomycota;Lecanoromycetes;Acarosporales;Acarosporaceae;Pleopsidium;Pleopsidium_flavum
DQ525505	Root;Ascomycota;Lecanoromycetes;Acarosporales;Acarosporaceae;Pleopsidium;Pleopsidium_chlorophanum
DQ525506	Root;Ascomycota;Lecanoromycetes;Acarosporales;Acarosporaceae;Pleopsidium;Pleopsidium_chlorophanum
DQ525510	Root;Ascomycota;Lecanoromycetes;Acarosporales;Acarosporaceae;Pleopsidium;Pleopsidium_discurrens
DQ525518	Root;Ascomycota;Lecanoromycetes;Acarosporales;Acarosporaceae;Pleopsidium;Pleopsidium_chlorophanum
DQ525524	Root;Ascomycota;Lecanoromycetes;Acarosporales;Acarosporaceae;Pleopsidium;Pleopsidium_chlorophanum
DQ525525	Root;Ascomycota;Lecanoromycetes;Acarosporales;Acarosporaceae;Acarospora;Acarospora_molybdina
DQ525526	Root;Ascomycota;Lecanoromycetes;Acarosporales;Acarosporaceae;Acarospora;Acarospora_scabrida
DQ525530	Root;Ascomycota;Lecanoromycetes;Acarosporales;Acarosporaceae;Acarospora;Acarospora_fulvoviridula
DQ530217	Root;Ascomycota;Dothideomycetes;Capnodiales;Mycosphaerellaceae;Mycosphaerella;Mycosphaerella_tumulosa
DQ530220	Root;Ascomycota;Dothideomycetes;Capnodiales;Teratosphaeriaceae;Teratosphaeria;Teratosphaeria_syncarpiae
DQ533974	Root;Basidiomycota;Agaricomycetes;Boletales;Gomphidiaceae;Chroogomphus;Chroogomphus_vinicolor
DQ533976	Root;Basidiomycota;Agaricomycetes;Boletales;Gomphidiaceae;Gomphidius;Gomphidius_oregonensis
DQ534407	Root;Ascomycota;Saccharomycetes;Saccharomycetales;Metschnikowiaceae;Metschnikowia;Metschnikowia_bicuspidata
DQ534451	Root;Ascomycota;Lecanoromycetes;Acarosporales;Acarosporaceae;Acarospora;Acarospora_austroshetlandica
DQ534453	Root;Ascomycota;Lecanoromycetes;Teloschistales;Physciaceae;Buellia;Buellia_anisomera
DQ534466	Root;Ascomycota;Lecanoromycetes;Lecanorales;Parmeliaceae;Himantormia;Himantormia_lugubris
DQ534468	Root;Ascomycota;Lecanoromycetes;Lecanorales;Ramalinaceae;Lecania;Lecania_gerlachei
DQ534481	Root;Ascomycota;Lecanoromycetes;Lecanorales;Ramalinaceae;Ramalina;Ramalina_terebrata
DQ534483	Root;Ascomycota;Lecanoromycetes;Rhizocarpales;Rhizocarpaceae;Rhizocarpon;Rhizocarpon_nidificum
DQ534484	Root;Ascomycota;Lecanoromycetes;Lecanorales;Lecanoraceae;Rhizoplaca;Rhizoplaca_aspidophora
DQ534485	Root;Ascomycota;Lecanoromycetes;Lecanorales;Sphaerophoraceae;Sphaerophorus;Sphaerophorus_globosus
DQ534487	Root;Ascomycota;Lecanoromycetes;Lecanorales;Ramalinaceae;Tephromela;Tephromela_atra
DQ534564	Root;Basidiomycota;Agaricomycetes;Boletales;Boletaceae;Boletus;Boletus_pallidus
DQ534565	Root;Basidiomycota;Agaricomycetes;Boletales;Boletaceae;Chamonixia;Chamonixia_caespitosa
DQ534566	Root;Basidiomycota;Agaricomycetes;Boletales;Boletaceae;Phylloporus;Phylloporus_pelletieri
DQ396789	Root;Ascomycota;Sordariomycetes;Ophiostomatales;Ophiostomataceae;Ophiostoma;Ophiostoma_piliferum
GQ852837	Root;Ascomycota;Dothideomycetes;Capnodiales;Teratosphaeriaceae;Teratosphaeria;Teratosphaeria_suttonii
GQ913346	Root;Ascomycota;Dothideomycetes;Dothideales;Dothioraceae;Aureobasidium;Aureobasidium_pullulans
EU846262	Root;Basidiomycota;Agaricomycetes;Agaricales;Tricholomataceae;Dendrocollybia;Dendrocollybia_racemosa
DQ645527	Root;Basidiomycota;Entorrhizomycetes;Entorrhizales;Entorrhizaceae;Entorrhiza;Entorrhiza_aff_fineranae_PDD70949
DQ646686	Root;Ascomycota;Saccharomycetes;Saccharomycetales;Saccharomycetaceae;Kluyveromyces;Kluyveromyces_lactis
DQ659336	Root;Ascomycota;Saccharomycetes;Saccharomycetales;Metschnikowiaceae;Metschnikowia;Metschnikowia_zobellii
DQ659337	Root;Basidiomycota;Tremellomycetes;Filobasidiales;Filobasidiaceae;Cryptococcus;Cryptococcus_aureus
DQ659339	Root;Ascomycota;Dothideomycetes;Dothideales;Dothioraceae;Aureobasidium;Aureobasidium_pullulans
DQ660906	Root;Ascomycota;Lecanoromycetes;Umbilicariales;Umbilicariaceae;Umbilicaria;Umbilicaria_torrefacta
EU057018	Root;Basidiomycota;Agaricomycetes;Agaricales;Cortinariaceae;Cortinarius;Cortinarius_aurora
DQ663411	Root;Basidiomycota;Agaricomycetes;Agaricales;Cortinariaceae;Cortinarius;Cortinarius_sancti_felicis
GU057993	Root;Basidiomycota;Pucciniomycetes;Pucciniales;Pucciniaceae;Puccinia;Puccinia_andropogonis
DQ666350	Root;Ascomycota;Saccharomycetes;Saccharomycetales;Pichiaceae;Pichia;Pichia_kudriavzevii
DQ668348	Root;Basidiomycota;Tremellomycetes;Filobasidiales;Filobasidiaceae;Filobasidium;Filobasidium_uniguttulatum
DQ680674	Root;Ascomycota;Dothideomycetes;Dothideales;Dothioraceae;Aureobasidium;Aureobasidium_pullulans
EU719548	Root;Ascomycota;Dothideomycetes;Dothideales;Dothioraceae;Aureobasidium;Aureobasidium_pullulans
FJ441642	Root;Ascomycota;Sordariomycetes;Hypocreales;Nectriaceae;Nectria;Nectria_haematococca
AY198197	Root;Basidiomycota;Agaricomycetes;Russulales;Albatrellaceae;Albatrellus;Albatrellus_citrinus
DQ015700	Root;Basidiomycota;Pucciniomycetes;Pucciniales;Pucciniaceae;Puccinia;Puccinia_myrsiphylli
DQ826540	Root;Basidiomycota;Agaricomycetes;Polyporales;Meruliaceae;Resinicium;Resinicium_tenue
DQ826545	Root;Basidiomycota;Agaricomycetes;Polyporales;Meruliaceae;Resinicium;Resinicium_friabile
DQ826546	Root;Basidiomycota;Agaricomycetes;Polyporales;Meruliaceae;Resinicium;Resinicium_rimulosum
DQ826550	Root;Basidiomycota;Agaricomycetes;Polyporales;Meruliaceae;Resinicium;Resinicium_monticola
DQ826556	Root;Basidiomycota;Agaricomycetes;Polyporales;Meruliaceae;Resinicium;Resinicium_mutabile
DQ826735	Root;Ascomycota;Eurotiomycetes;Verrucariales;Verrucariaceae;Endocarpon;Endocarpon_pallidulum
DQ826736	Root;Ascomycota;Eurotiomycetes;Verrucariales;Verrucariaceae;Staurothele;Staurothele_frustulenta
DQ830986	Root;Basidiomycota;Tremellomycetes;Filobasidiales;Filobasidiaceae;Cryptococcus;Cryptococcus_anemochorus
DQ834939	Root;Ascomycota;Eurotiomycetes;Eurotiales;Trichocomaceae;Penicillium;Penicillium_pinophilum
DQ842014	Root;Ascomycota;Lecanoromycetes;Acarosporales;Acarosporaceae;Acarospora;Acarospora_laqueata
DQ849298	Root;Ascomycota;Lecanoromycetes;Teloschistales;Physciaceae;Rinodina;Rinodina_confragosula
DQ855274	Root;Ascomycota;Sordariomycetes;Diaporthales;Diaporthaceae;Diaporthe;Phomopsis_vexans
DQ860789	Root;Ascomycota;Eurotiomycetes;Onygenales;Arthrodermataceae;Microsporum;Microsporum_gallinae
DQ865113	Root;Ascomycota;Dothideomycetes;Pleosporales;Montagnulaceae;Paraconiothyrium;Paraconiothyrium_sporulosum
DQ866999	Root;Ascomycota;Leotiomycetes;Erysiphales;Erysiphaceae;Erysiphe;Erysiphe_abbreviata
DQ873614	Root;Basidiomycota;Agaricomycetes;Hymenochaetales;Schizoporaceae;Hyphodontia;Hyphodontia_crustosa
DQ873618	Root;Basidiomycota;Agaricomycetes;Hymenochaetales;Schizoporaceae;Hyphodontia;Hyphodontia_floccosa
DQ873624	Root;Basidiomycota;Agaricomycetes;Hymenochaetales;Schizoporaceae;Hyphodontia;Hyphodontia_pruni
DQ873627	Root;Basidiomycota;Agaricomycetes;Hymenochaetales;Schizoporaceae;Hyphodontia;Hyphodontia_rimosissima
DQ873635	Root;Basidiomycota;Agaricomycetes;Polyporales;Tubulicrinaceae;Leifia;Leifia_flabelliradiata
DQ875345	Root;Basidiomycota;Ustilaginomycetes;Ustilaginales;Anthracoideaceae;Heterotolyposporium;Heterotolyposporium_piluliforme
DQ875351	Root;Basidiomycota;Ustilaginomycetes;Urocystidales;Urocystidaceae;Mundkurella;Mundkurella_kalopanacis
DQ885901	Root;Ascomycota;Dothideomycetes;Capnodiales;Teratosphaeriaceae;Teratosphaeria;Teratosphaeria_alistairii
DQ885904	Root;Ascomycota;Dothideomycetes;Pleosporales;Venturiaceae;Sympoventuria;Sympoventuria_capensis
DQ899095	Root;Basidiomycota;Agaricomycetes;Polyporales;Sistotremataceae;Sistotrema;Sistotrema_brinkmannii
DQ899096	Root;Ascomycota;Sordariomycetes;Hypocreales;Clavicipitaceae;Epichloe;Epichloe_elymi
DQ915397	Root;Ascomycota;Sordariomycetes;Hypocreales;Clavicipitaceae;Beauveria;Beauveria_bassiana
DQ915483	Root;Ascomycota;Leotiomycetes;Helotiales;Dermateaceae;Catinella;Catinella_olivacea
DQ923529	Root;Ascomycota;Dothideomycetes;Capnodiales;Teratosphaeriaceae;Colletogloeopsis;Colletogloeopsis_dimorpha
DQ923536	Root;Ascomycota;Dothideomycetes;Capnodiales;Mycosphaerellaceae;Mycosphaerella;Mycosphaerella_swartii
DQ923539	Root;Ascomycota;Sordariomycetes;Diaporthales;Valsaceae;Valsa;Valsa_fabianae
DQ923538	Root;Ascomycota;Sordariomycetes;Phyllachorales;Phyllachoraceae;Plectosphaera;Plectosphaera_eucalypti
DQ974690	Root;Basidiomycota;Agaricomycetes;Agaricales;Amanitaceae;Amanita;Amanita_novinupta
DQ974731	Root;Ascomycota;Pezizomycetes;Pezizales;Pyronemataceae;Geopora;Geopora_cooperi
DQ974732	Root;Basidiomycota;Agaricomycetes;Gomphales;Gomphaceae;Gautieria;Gautieria_crispa
DQ974733	Root;Ascomycota;Pezizomycetes;Pezizales;Pezizaceae;Hydnobolites;Hydnobolites_californicus
DQ974738	Root;Ascomycota;Pezizomycetes;Pezizales;Pyronemataceae;Otidea;Otidea_umbrina
DQ974817	Root;Ascomycota;Pezizomycetes;Pezizales;Pezizaceae;Peziza;Peziza_infossa
Z96988	Root;Ascomycota;Pezizomycetes;Pezizales;Pyronemataceae;Geopyxis;Geopyxis_carbonaria
DQ980018	Root;Ascomycota;Lecanoromycetes;Lecanorales;Parmeliaceae;Menegazzia;Menegazzia_myriotrema
AY228121	Root;Ascomycota;Sordariomycetes;Microascales;Microascaceae;Scedosporium;Scedosporium_prolificans
DQ987491	Root;Ascomycota;Leotiomycetes;Erysiphales;Erysiphaceae;Golovinomyces;Golovinomyces_orontii
UDB001151	Root;Basidiomycota;Agaricomycetes;Agaricales;Cortinariaceae;Cortinarius;Cortinarius_variicolor
DQ993177	Root;Glomeromycota;Glomeromycetes;Glomerales;Glomeraceae;Glomus;Glomus_intraradices
EU273554	Root;Ascomycota;Sordariomycetes;Hypocreales;Bionectriaceae;Stephanonectria;Stephanonectria_keithii
EF447388	Root;Ascomycota;Sordariomycetes;Diaporthales;Valsaceae;Cytospora;Cytospora_sacchari
EF014255	Root;Basidiomycota;Agaricomycetes;Agaricales;Cortinariaceae;Cortinarius;Cortinarius_eufulmineus
EF014269	Root;Basidiomycota;Agaricomycetes;Agaricales;Cortinariaceae;Cortinarius;Cortinarius_parafulmineus
EF014276	Root;Basidiomycota;Agaricomycetes;Agaricales;Cortinariaceae;Cortinarius;Cortinarius_majusculus
EF026128	Root;Ascomycota;Sordariomycetes;Xylariales;Xylariaceae;Theissenia;Theissenia_cinerea
EF026136	Root;Ascomycota;Sordariomycetes;Xylariales;Xylariaceae;Biscogniauxia;Biscogniauxia_philippinensis_var_microspora
EF026142	Root;Ascomycota;Sordariomycetes;Xylariales;Xylariaceae;Hypoxylon;Hypoxylon_shearii_var_minor
EF026143	Root;Ascomycota;Sordariomycetes;Xylariales;Xylariaceae;Hypoxylon;Hypoxylon_rubiginosum
GQ890347	Root;Ascomycota;Dothideomycetes;Capnodiales;Teratosphaeriaceae;Teratosphaeria;Teratosphaeria_coolabuniensis
FR717232	Root;Ascomycota;Sordariomycetes;Hypocreales;Nectriaceae;Neonectria;Neonectria_ramulariae
EU851936	Root;Ascomycota;Dothideomycetes;Capnodiales;Mycosphaerellaceae;Pseudocercospora;Pseudocercospora_norchiensis
EF029184	Root;Ascomycota;Sordariomycetes;Chaetosphaeriales;Chaetosphaeriaceae;Thozetella;Thozetella_havanensis
EF029187	Root;Ascomycota;Sordariomycetes;Chaetosphaeriales;Chaetosphaeriaceae;Dischloridium;Dischloridium_laeense
EF029188	Root;Ascomycota;Leotiomycetes;Helotiales;Hyaloscyphaceae;Pseudaegerita;Pseudaegerita_corticalis
EF029190	Root;Ascomycota;Sordariomycetes;Chaetosphaeriales;Chaetosphaeriaceae;Kylindria;Kylindria_ellisii
EF029203	Root;Ascomycota;Orbiliomycetes;Orbiliales;Orbiliaceae;Helicoon_fuscosporum;Helicoon_fuscosporum
EF029205	Root;Ascomycota;Orbiliomycetes;Orbiliales;Orbiliaceae;Helicoon_aff_maioricense_ICMP14920;Helicoon_aff_maioricense_ICMP14920
EF121858	Root;Ascomycota;Sordariomycetes;Hypocreales;Nectriaceae;Lanatonectria;Lanatonectria_flocculenta
EF029217	Root;Ascomycota;Sordariomycetes;Hypocreales;Nectriaceae;Fusidium;Fusidium_griseum
EF029222	Root;Ascomycota;Leotiomycetes;Helotiales;Hyaloscyphaceae;Clathrosphaerina;Clathrosphaerina_zalewskii
EF029235	Root;Ascomycota;Leotiomycetes;Helotiales;Hyaloscyphaceae;Pseudaegerita;Pseudaegerita_viridis
EF051060	Root;Basidiomycota;Agaricomycetes;Agaricales;Cortinariaceae;Tubaria;Tubaria_minima
EF053261	Root;Chytridiomycota;Chytridiomycetes;Chytridiales;Synchytriaceae;Synchytrium;Synchytrium_puerariae
EF053263	Root;Chytridiomycota;Chytridiomycetes;Chytridiales;Synchytriaceae;Synchytrium;Synchytrium_puerariae
EF062461	Root;Basidiomycota;Agaricomycetes;Agaricales;Strophariaceae;Hypholoma;Hypholoma_fasciculare
FJ810153	Root;Basidiomycota;Agaricomycetes;Russulales;Stereaceae;Stereum;Stereum_sanguinolentum
EF093268	Root;Ascomycota;Saccharomycetes;Saccharomycetales;Saccharomycetaceae;Kuraishia;Kuraishia_capsulata
EF091828	Root;Basidiomycota;Agaricomycetes;Agaricales;Tricholomataceae;Squamanita;Squamanita_odorata
EF093260	Root;Ascomycota;Saccharomycetes;Saccharomycetales;Saccharomycetaceae;Kuraishia;Kuraishia_capsulata
EF093265	Root;Ascomycota;Saccharomycetes;Saccharomycetales;Saccharomycetaceae;Kuraishia;Kuraishia_capsulata
EF093267	Root;Ascomycota;Saccharomycetes;Saccharomycetales;Saccharomycetaceae;Kuraishia;Kuraishia_capsulata
EF093273	Root;Ascomycota;Saccharomycetes;Saccharomycetales;Saccharomycetaceae;Kuraishia;Kuraishia_capsulata
EF093275	Root;Ascomycota;Saccharomycetes;Saccharomycetales;Saccharomycetaceae;Kuraishia;Kuraishia_capsulata
EF093272	Root;Ascomycota;Saccharomycetes;Saccharomycetales;Saccharomycetaceae;Kuraishia;Kuraishia_capsulata
EF093299	Root;Ascomycota;Saccharomycetes;Saccharomycetales;Pichiaceae;Pichia;Pichia_canadensis
EF093316	Root;Ascomycota;Saccharomycetes;Saccharomycetales;Pichiaceae;Pichia;Pichia_americana
EF093318	Root;Ascomycota;Saccharomycetes;Saccharomycetales;Pichiaceae;Pichia;Pichia_americana
EF093319	Root;Ascomycota;Saccharomycetes;Saccharomycetales;Pichiaceae;Pichia;Pichia_americana
EF093332	Root;Ascomycota;Saccharomycetes;Saccharomycetales;Pichiaceae;Pichia;Pichia_americana
EF093333	Root;Ascomycota;Saccharomycetes;Saccharomycetales;Pichiaceae;Pichia;Pichia_americana
EF093348	Root;Ascomycota;Saccharomycetes;Saccharomycetales;Pichiaceae;Pichia;Pichia_americana
EF093365	Root;Ascomycota;Saccharomycetes;Saccharomycetales;Pichiaceae;Pichia;Pichia_americana
EF093386	Root;Ascomycota;Saccharomycetes;Saccharomycetales;Pichiaceae;Pichia;Pichia_americana
EF093385	Root;Ascomycota;Saccharomycetes;Saccharomycetales;Pichiaceae;Pichia;Pichia_americana
EF093418	Root;Ascomycota;Saccharomycetes;Saccharomycetales;Pichiaceae;Pichia;Pichia_guilliermondii
EF093402	Root;Ascomycota;Saccharomycetes;Saccharomycetales;Pichiaceae;Pichia;Pichia_guilliermondii
EF093403	Root;Ascomycota;Saccharomycetes;Saccharomycetales;Pichiaceae;Pichia;Pichia_guilliermondii
EF093405	Root;Ascomycota;Saccharomycetes;Saccharomycetales;Pichiaceae;Pichia;Pichia_guilliermondii
EF093421	Root;Ascomycota;Saccharomycetes;Saccharomycetales;Pichiaceae;Pichia;Pichia_guilliermondii
EF093419	Root;Ascomycota;Saccharomycetes;Saccharomycetales;Pichiaceae;Pichia;Pichia_guilliermondii
EF093414	Root;Ascomycota;Saccharomycetes;Saccharomycetales;Pichiaceae;Pichia;Pichia_guilliermondii
EF093428	Root;Ascomycota;Saccharomycetes;Saccharomycetales;Pichiaceae;Pichia;Pichia_mexicana
EF093429	Root;Ascomycota;Saccharomycetes;Saccharomycetales;Pichiaceae;Pichia;Pichia_mexicana
EF093436	Root;Ascomycota;Saccharomycetes;Saccharomycetales;Pichiaceae;Pichia;Pichia_mexicana
EF093462	Root;Ascomycota;Saccharomycetes;Saccharomycetales;Pichiaceae;Pichia;Pichia_scolyti
EF093469	Root;Ascomycota;Saccharomycetes;Saccharomycetales;Pichiaceae;Pichia;Pichia_mexicana
EF104232	Root;Ascomycota;Dothideomycetes;Pleosporales;Leptosphaeriaceae;Leptosphaeria;Leptosphaeria_biglobosa
EF105411	Root;Ascomycota;Lecanoromycetes;Lecanorales;Parmeliaceae;Everniopsis;Everniopsis_trulla
EF105414	Root;Ascomycota;Lecanoromycetes;Lecanorales;Parmeliaceae;Oropogon;Oropogon_sperlingii
EF110616	Root;Ascomycota;Dothideomycetes;Capnodiales;Antennulariellaceae;Heteroconium;Heteroconium_kleinziense
EF120414	Root;Ascomycota;Sordariomycetes;Sordariales;Chaetomiaceae;Humicola;Humicola_fuscoatra
EF121859	Root;Ascomycota;Sordariomycetes;Hypocreales;Nectriaceae;Leuconectria;Leuconectria_grandis
EF121860	Root;Ascomycota;Sordariomycetes;Hypocreales;Nectriaceae;Lanatonectria;Lanatonectria_flavolanata
EF121866	Root;Ascomycota;Sordariomycetes;Hypocreales;Nectriaceae;Neonectria;Neonectria_veuillotiana
EF140906	Root;Basidiomycota;Tremellomycetes;Cystofilobasidiales;Cystofilobasidiaceae;Xanthophyllomyces;Xanthophyllomyces_dendrorhous
EF151447	Root;Ascomycota;Dothideomycetes;Pleosporales;Phaeosphaeriaceae;Phaeosphaeria;Phaeosphaeria_fuckelii
EF155501	Root;Ascomycota;Sordariomycetes;Xylariales;Xylariaceae;Kretzschmaria;Kretzschmaria_deusta
EF157731	Root;Ascomycota;Dothideomycetes;Capnodiales;Mycosphaerellaceae;Mycosphaerella;Mycosphaerella_arachidis
EF157738	Root;Ascomycota;Dothideomycetes;Capnodiales;Mycosphaerellaceae;Mycosphaerella;Mycosphaerella_arachidis
EF157733	Root;Ascomycota;Dothideomycetes;Capnodiales;Mycosphaerellaceae;Mycosphaerella;Mycosphaerella_arachidis
EF157736	Root;Ascomycota;Dothideomycetes;Capnodiales;Mycosphaerellaceae;Mycosphaerella;Mycosphaerella_arachidis
EF157737	Root;Ascomycota;Dothideomycetes;Capnodiales;Mycosphaerellaceae;Mycosphaerella;Mycosphaerella_arachidis
FJ183436	Root;Basidiomycota;Tremellomycetes;Filobasidiales;Filobasidiaceae;Cryptococcus;Cryptococcus_saitoi
JN712455	Root;Ascomycota;Dothideomycetes;Pleosporales;Leptosphaeriaceae;Coniothyrium;Coniothyrium_nitidae
EF179801	Root;Ascomycota;Lecanoromycetes;Lecanorales;Parmeliaceae;Usnea;Usnea_patagonica
EF184305	Root;Basidiomycota;Agaricomycetes;Agaricales;Tricholomataceae;Squamanita;Squamanita_umbonata
EU409588	Root;Ascomycota;Sordariomycetes;Hypocreales;Clavicipitaceae;Hypocrella;Hypocrella_discoidea
EF190273	Root;Ascomycota;Sordariomycetes;Hypocreales;Clavicipitaceae;Aschersonia;Aschersonia_australiensis
EU409581	Root;Ascomycota;Sordariomycetes;Hypocreales;Clavicipitaceae;Hypocrella;Hypocrella_calendulina
EF190279	Root;Ascomycota;Sordariomycetes;Hypocreales;Clavicipitaceae;Aschersonia;Aschersonia_hypocreoidea
EF190280	Root;Ascomycota;Sordariomycetes;Hypocreales;Clavicipitaceae;Aschersonia;Aschersonia_hypocreoidea
EF192178	Root;Ascomycota;Orbiliomycetes;Orbiliales;Orbiliaceae;Arthrobotrys;Arthrobotrys_amerospora
EF194148	Root;Ascomycota;Sordariomycetes;Hypocreales;Ophiocordycipitaceae;Hirsutella;Hirsutella_thompsonii
EF194151	Root;Ascomycota;Sordariomycetes;Hypocreales;Ophiocordycipitaceae;Hirsutella;Hirsutella_thompsonii
EF194154	Root;Ascomycota;Sordariomycetes;Hypocreales;Ophiocordycipitaceae;Hirsutella;Hirsutella_kirchneri
EF197066	Root;Ascomycota;Sordariomycetes;Sordariales;Lasiosphaeriaceae;Cercophora;Cercophora_acanthigera
EF197067	Root;Ascomycota;Sordariomycetes;Sordariales;Lasiosphaeriaceae;Cercophora;Cercophora_coprophila
EF197070	Root;Ascomycota;Sordariomycetes;Sordariales;Lasiosphaeriaceae;Cercophora;Cercophora_tuberculata
GU327641	Root;Ascomycota;Sordariomycetes;Sordariales;Lasiosphaeriaceae;Podospora;Podospora_anserina
EF197073	Root;Ascomycota;Sordariomycetes;Sordariales;Sordariaceae;Sordaria;Sordaria_araneosa
EF197076	Root;Ascomycota;Sordariomycetes;Sordariales;Lasiosphaeriaceae;Podospora;Podospora_decipiens
EF197079	Root;Ascomycota;Sordariomycetes;Sordariales;Lasiosphaeriaceae;Podospora;Podospora_immersa
EF457566	Root;Ascomycota;Saccharomycetes;Saccharomycetales;Saccharomycetaceae;Saccharomyces;Saccharomyces_cerevisiae
EF203940	Root;Ascomycota;Saccharomycetes;Saccharomycetales;Pichiaceae;Pichia;Pichia_kudriavzevii
EF203941	Root;Ascomycota;Saccharomycetes;Saccharomycetales;Pichiaceae;Pichia;Pichia_kudriavzevii
EF363149	Root;Basidiomycota;Tremellomycetes;Filobasidiales;Filobasidiaceae;Cryptococcus;Cryptococcus_aff_amylolyticus_AS_22439
EF369521	Root;Ascomycota;Eurotiomycetes;Verrucariales;Verrucariaceae;Bagliettoa;Verrucaria_baldensis
EF369522	Root;Ascomycota;Eurotiomycetes;Verrucariales;Verrucariaceae;Bagliettoa;Verrucaria_baldensis
FJ596760	Root;Basidiomycota;Agaricomycetes;Agaricales;Mycenaceae;Roridomyces;Mycena_rorida
EF394833	Root;Ascomycota;Dothideomycetes;Capnodiales;Mycosphaerellaceae;Mycosphaerella;Mycosphaerella_elongata
EF394835	Root;Ascomycota;Dothideomycetes;Capnodiales;Mycosphaerellaceae;Mycosphaerella;Mycosphaerella_fimbriata
EU851934	Root;Ascomycota;Dothideomycetes;Capnodiales;Teratosphaeriaceae;Teratosphaeria;Teratosphaeria_ohnowa
EF394846	Root;Ascomycota;Dothideomycetes;Capnodiales;Teratosphaeriaceae;Teratosphaeria;Teratosphaeria_parkiiaffinis
GQ852741	Root;Ascomycota;Dothideomycetes;Capnodiales;Mycosphaerellaceae;Dissoconium;Dissoconium_dekkeri
EF394856	Root;Ascomycota;Dothideomycetes;Capnodiales;Mycosphaerellaceae;Phaeophleospora;Phaeophleospora_stonei
EF408557	Root;Ascomycota;Sordariomycetes;Microascales;Ceratocystidaceae;Ceratocystis;Ceratocystis_tsitsikammensis
AY624200	Root;Ascomycota;Sordariomycetes;Hypocreales;Cordycipitaceae;Isaria;Isaria_japonica
EF559274	Root;Basidiomycota;Agaricomycetes;Cantharellales;Clavulinaceae;Clavulina;Clavulina_cristata
EU732726	Root;Ascomycota;Sordariomycetes;Phyllachorales;Phyllachoraceae;Colletotrichum;Colletotrichum_lini
AF491556	Root;Ascomycota;Pezizomycetes;Pezizales;Pezizaceae;Peziza;Peziza_varia
EF420145	Root;Basidiomycota;Agaricomycetes;Agaricales;Cortinariaceae;Cortinarius;Cortinarius_savegrensis
EF421102	Root;Basidiomycota;Agaricomycetes;Agaricales;Lyophyllaceae;Lyophyllum;Lyophyllum_favrei
EF421238	Root;Ascomycota;Sordariomycetes;Hypocreales;Nectriaceae;Gibberella;Fusarium_avenaceum
DQ823428	Root;Basidiomycota;Exobasidiomycetes;Microstromatales;Quambalariaceae;Quambalaria;Quambalaria_pitereka
FJ440211	Root;Basidiomycota;Agaricomycetes;Cantharellales;Ceratobasidiaceae;Thanatephorus;Thanatephorus_cucumeris
EF432243	Root;Ascomycota;Sordariomycetes;Hypocreales;Nectriaceae;Haematonectria;Fusarium_solani
EF441993	Root;Ascomycota;Pezizomycetes;Pezizales;Rhizinaceae;Phymatotrichopsis;Phymatotrichopsis_omnivora
FJ176730	Root;Basidiomycota;Agaricomycetes;Agaricales;Amanitaceae;Amanita;Amanita_subjunquillea
DQ823433	Root;Basidiomycota;Exobasidiomycetes;Microstromatales;Quambalariaceae;Quambalaria;Quambalaria_coyrecup
EF445994	Root;Ascomycota;Orbiliomycetes;Orbiliales;Orbiliaceae;Arthrobotrys;Arthrobotrys_eudermata
EF446015	Root;Ascomycota;Orbiliomycetes;Orbiliales;Orbiliaceae;Drechslerella;Drechslerella_dactyloides
EF447306	Root;Ascomycota;Sordariomycetes;Diaporthales;Valsaceae;Cytospora;Cytospora_atrocirrhata
EF447377	Root;Ascomycota;Sordariomycetes;Diaporthales;Valsaceae;Valsa;Cytospora_nivea
EF458643	Root;Basidiomycota;Agaricomycetes;Polyporales;Polyporaceae;Lentinus;Lentinus_sajor_caju
EF458648	Root;Basidiomycota;Agaricomycetes;Polyporales;Polyporaceae;Lentinus;Lentinus_sajor_caju
EF469155	Root;Ascomycota;Eurotiomycetes;Verrucariales;Verrucariaceae;Placidium;Placidium_lacinulatum
EF469157	Root;Ascomycota;Eurotiomycetes;Verrucariales;Verrucariaceae;Dermatocarpon;Dermatocarpon_miniatum
GU134899	Root;Ascomycota;Sordariomycetes;Hypocreales;Nectriaceae;Gibberella;Fusarium_equiseti
EF493255	Root;Basidiomycota;Agaricomycetes;Boletales;Rhizopogonaceae;Rhizopogon;Rhizopogon_roseolus
EF494044	Root;Ascomycota;Pezizomycetes;Pezizales;Pyronemataceae;Psilopezia;Psilopezia_deligata
EF495104	Root;Ascomycota;Sordariomycetes;Hypocreales;Ophiocordycipitaceae;Ophiocordyceps;Ophiocordyceps_crinalis
EF495233	Root;Ascomycota;Sordariomycetes;Hypocreales;Nectriaceae;Neonectria;Neonectria_radicicola
EU002865	Root;Basidiomycota;Tremellomycetes;Filobasidiales;Filobasidiaceae;Cryptococcus;Cryptococcus_oeirensis
HQ691418	Root;Ascomycota;Sordariomycetes;Hypocreales;Nectriaceae;Gibberella;Gibberella_moniliformis
FJ785439	Root;Ascomycota;Sordariomycetes;Diaporthales;Valsaceae;Phomopsis;Phomopsis_longicolla
EF512971	Root;Ascomycota;Sordariomycetes;Hypocreales;Cordycipitaceae;Lecanicillium;Lecanicillium_muscarium
EF512987	Root;Ascomycota;Sordariomycetes;Hypocreales;Cordycipitaceae;Lecanicillium;Lecanicillium_longisporum
EF512992	Root;Ascomycota;Sordariomycetes;Hypocreales;Cordycipitaceae;Torrubiella;Lecanicillium_lecanii
EF512979	Root;Ascomycota;Sordariomycetes;Hypocreales;Cordycipitaceae;Torrubiella;Lecanicillium_lecanii
EF512973	Root;Ascomycota;Sordariomycetes;Hypocreales;Cordycipitaceae;Torrubiella;Lecanicillium_lecanii
EF512972	Root;Ascomycota;Sordariomycetes;Hypocreales;Cordycipitaceae;Torrubiella;Lecanicillium_lecanii
EF513014	Root;Ascomycota;Sordariomycetes;Hypocreales;Cordycipitaceae;Torrubiella;Lecanicillium_lecanii
FJ515769	Root;Ascomycota;Sordariomycetes;Hypocreales;Cordycipitaceae;Torrubiella;Lecanicillium_lecanii
EF520124	Root;Ascomycota;Leotiomycetes;Helotiales;Helotiaceae;Chlorociboria;Chlorociboria_argentinensis
AY669683	Root;Basidiomycota;Agaricomycetes;Agaricales;Cortinariaceae;Cortinarius;Cortinarius_flexipes
AF033425	Root;Ascomycota;Eurotiomycetes;Eurotiales;Trichocomaceae;Eupenicillium;Eupenicillium_anatolicum
EU314964	Root;Ascomycota;Sordariomycetes;Hypocreales;Nectriaceae;Gibberella;Fusarium_proliferatum
EF536348	Root;Ascomycota;Saccharomycetes;Saccharomycetales;Trichomonascaceae;Wickerhamiella;Wickerhamiella_australiensis
EF540753	Root;Ascomycota;Sordariomycetes;Sordariales;Chaetomiaceae;Chaetomium;Chaetomium_atrobrunneum
EF546660	Root;Ascomycota;Sordariomycetes;Hypocreales;Ophiocordycipitaceae;Haptocillium;Haptocillium_balanoides
EF591927	Root;Ascomycota;Dothideomycetes;Botryosphaeriales;Botryosphaeriaceae;Aplosporella;Aplosporella_yalgorensis
FJ183442	Root;Ascomycota;Saccharomycetes;Saccharomycetales;Metschnikowiaceae;Clavispora;Clavispora_lusitaniae
EF568066	Root;Ascomycota;Saccharomycetes;Saccharomycetales;Saccharomycetaceae;Kuraishia;Kuraishia_capsulata
EF568082	Root;Ascomycota;Saccharomycetes;Saccharomycetales;Trichomonascaceae;Trichomonascus;Trichomonascus_ciferrii
EU181448	Root;Ascomycota;Eurotiomycetes;Onygenales;Arthrodermataceae;Trichophyton;Trichophyton_gourvilii
EU045430	Root;Ascomycota;Lecanoromycetes;Teloschistales;Physciaceae;Heterodermia;Heterodermia_isidiophora
EF583818	Root;Basidiomycota;Pucciniomycetes;Pucciniales;Pucciniaceae;Puccinia;Puccinia_andropogonis_var_onobrychidis
EF583819	Root;Basidiomycota;Pucciniomycetes;Pucciniales;Pucciniaceae;Puccinia;Puccinia_bartholomaei
EU343812	Root;Ascomycota;Saccharomycetes;Saccharomycetales;Trichomonascaceae;Blastobotrys;Blastobotrys_proliferans
EF591925	Root;Ascomycota;Dothideomycetes;Botryosphaeriales;Botryosphaeriaceae;Neofusicoccum;Neofusicoccum_pennatisporum
EF592152	Root;Ascomycota;Eurotiomycetes;Onygenales;Ajellomycetaceae;Emmonsia;Emmonsia_pasteuriana
FJ357156	Root;Ascomycota;Sordariomycetes;Diaporthales;Diaporthaceae;Diaporthe;Diaporthe_phaseolorum_var_caulivora
EF596819	Root;Ascomycota;Dothideomycetes;Pleosporales;Mytilinidiaceae;Lophium;Lophium_mytilinum
EU255793	Root;Ascomycota;Sordariomycetes;Hypocreales;Nectriaceae;Gibberella;Fusarium_avenaceum
EF626951	Root;Ascomycota;Eurotiomycetes;Eurotiales;Trichocomaceae;Penicillium;Penicillium_pusillum
FJ479794	Root;Ascomycota;Eurotiomycetes;Onygenales;Arthrodermataceae;Epidermophyton;Epidermophyton_floccosum
EF631622	Root;Ascomycota;Eurotiomycetes;Onygenales;Arthrodermataceae;Trichophyton;Trichophyton_terrestre
FJ428243	Root;Ascomycota;Eurotiomycetes;Onygenales;Arthrodermataceae;Arthroderma;Trichophyton_erinacei
FJ655867	Root;Basidiomycota;Pucciniomycetes;Pucciniales;Pucciniaceae;Puccinia;Puccinia_lagenophorae
EF635904	Root;Basidiomycota;Ustilaginomycetes;Urocystidales;Urocystidaceae;Melanustilospora;Melanustilospora_ari
EF635909	Root;Basidiomycota;Ustilaginomycetes;Urocystidales;Urocystidaceae;Flamingomyces;Flamingomyces_ruppiae
EF636914	Root;Basidiomycota;Agaricomycetes;Agaricales;Lyophyllaceae;Termitomyces;Termitomyces_DKA_2007
EF641893	Root;Ascomycota;Sordariomycetes;Hypocreales;Cordycipitaceae;Lecanicillium;Lecanicillium_acerosum
EF652043	Root;Ascomycota;Eurotiomycetes;Eurotiales;Trichocomaceae;Aspergillus;Aspergillus_restrictus
EF652489	Root;Ascomycota;Eurotiomycetes;Eurotiales;Trichocomaceae;Aspergillus;Aspergillus_crustosus
EF652465	Root;Ascomycota;Eurotiomycetes;Eurotiales;Trichocomaceae;Emericella;Emericella_aurantiobrunnea
EF658745	Root;Ascomycota;Leotiomycetes;Helotiales;Helotiaceae;Rhizoscyphus;Rhizoscyphus_ericae
EF658755	Root;Ascomycota;Leotiomycetes;Helotiales;Helotiaceae;Rhizoscyphus;Rhizoscyphus_ericae
FJ491474	Root;Ascomycota;Eurotiomycetes;Eurotiales;Trichocomaceae;Aspergillus;Aspergillus_coremiiformis
EF667965	Root;Basidiomycota;Ustilaginomycetes;Urocystidales;Urocystidaceae;Vankya;Vankya_heufleri
FJ884098	Root;Ascomycota;Sordariomycetes;Hypocreales;Nectriaceae;Fusarium;Fusarium_polyphialidicum
EF989109	Root;Glomeromycota;Glomeromycetes;Glomerales;Glomeraceae;Glomus;Glomus_intraradices
EU006540	Root;Ascomycota;Eurotiomycetes;Verrucariales;Verrucariaceae;Verrucaria;Verrucula_granulosaria
EU006543	Root;Ascomycota;Eurotiomycetes;Verrucariales;Verrucariaceae;Staurothele;Staurothele_areolata
GU062250	Root;Ascomycota;Dothideomycetes;Dothideales;Dothioraceae;Aureobasidium;Aureobasidium_pullulans
EU010246	Root;Ascomycota;Eurotiomycetes;Verrucariales;Verrucariaceae;Placopyrenium;Placopyrenium_bucekii
EU010258	Root;Ascomycota;Eurotiomycetes;Verrucariales;Verrucariaceae;Verruculopsis;Verruculopsis_poeltiana
EU816925	Root;Basidiomycota;Pucciniomycetes;Pucciniales;Pucciniaceae;Puccinia;Puccinia_horiana
EU014053	Root;Basidiomycota;Pucciniomycetes;Pucciniales;Pucciniaceae;Puccinia;Puccinia_thlaspeos
FJ468397	Root;Basidiomycota;Pucciniomycetes;Pucciniales;Pucciniaceae;Puccinia;Puccinia_helianthi
EU014070	Root;Basidiomycota;Pucciniomycetes;Pucciniales;Pucciniaceae;Uromyces;Uromyces_trifolii_repentis
EU014071	Root;Basidiomycota;Pucciniomycetes;Pucciniales;Uropyxidaceae;Tranzschelia;Tranzschelia_discolor
EU018451	Root;Ascomycota;Eurotiomycetes;Onygenales;Onygenaceae;Chrysosporium;Chrysosporium_guarroi
FJ389923	Root;Ascomycota;Eurotiomycetes;Eurotiales;Trichocomaceae;Talaromyces;Talaromyces_byssochlamydoides
EU021615	Root;Ascomycota;Eurotiomycetes;Eurotiales;Trichocomaceae;Aspergillus;Aspergillus_arenarius
EU021617	Root;Ascomycota;Eurotiomycetes;Eurotiales;Thermoascaceae;Thermoascus;Thermoascus_aurantiacus
EU030177	Root;Basidiomycota;Agaricomycetes;Polyporales;Polyporaceae;Coriolopsis;Coriolopsis_caperata
EU030178	Root;Basidiomycota;Agaricomycetes;Polyporales;Polyporaceae;Coriolopsis;Coriolopsis_caperata
EU030179	Root;Basidiomycota;Agaricomycetes;Polyporales;Polyporaceae;Coriolopsis;Coriolopsis_caperata
EU034666	Root;Ascomycota;Lecanoromycetes;Lecanorales;Parmeliaceae;Hypogymnia;Hypogymnia_physodes
EU035452	Root;Ascomycota;Dothideomycetes;Pleosporales;Venturiaceae;Venturia;Venturia_cerasi
EU035465	Root;Ascomycota;Dothideomycetes;Pleosporales;Venturiaceae;Venturia;Venturia_nashicola
EU035440	Root;Ascomycota;Dothideomycetes;Pleosporales;Venturiaceae;Fusicladium;Fusicladium_rhodense
EF114691	Root;Ascomycota;Dothideomycetes;Pleosporales;Venturiaceae;Apiosporina;Apiosporina_collinsii
EU035449	Root;Ascomycota;Dothideomycetes;Pleosporales;Venturiaceae;Venturia;Venturia_atriseda
EU039965	Root;Ascomycota;Sordariomycetes;Diaporthales;Melanconidaceae;Prosthecium;Prosthecium_ellipsosporum
EU039966	Root;Ascomycota;Sordariomycetes;Diaporthales;Melanconidaceae;Prosthecium;Prosthecium_galeatum
EU040214	Root;Ascomycota;Dothideomycetes;Capnodiales;Teratosphaeriaceae;Penidiella;Penidiella_kurandae
EU040218	Root;Ascomycota;Sordariomycetes;Hypocreales;Nectriaceae;Falcocladium;Falcocladium_sphaeropedunculatum
EU041795	Root;Ascomycota;Dothideomycetes;Capnodiales;Mycosphaerellaceae;Ramichloridium;Ramichloridium
EU041797	Root;Ascomycota;Dothideomycetes;Capnodiales;Mycosphaerellaceae;Ramichloridium;Ramichloridium_brasilianum
EU041799	Root;Ascomycota;Dothideomycetes;Capnodiales;Mycosphaerellaceae;Ramichloridium;Ramichloridium_indicum
EU041800	Root;Ascomycota;Dothideomycetes;Capnodiales;Mycosphaerellaceae;Ramichloridium;Ramichloridium_musae
EU041802	Root;Ascomycota;Dothideomycetes;Capnodiales;Mycosphaerellaceae;Ramichloridium;Ramichloridium_pini
EU041803	Root;Ascomycota;Dothideomycetes;Capnodiales;Mycosphaerellaceae;Ramichloridium;Ramichloridium_strelitziae
EU041820	Root;Ascomycota;Dothideomycetes;Pleosporales;Venturiaceae;Veronaeopsis;Veronaeopsis_simplex
EU045423	Root;Ascomycota;Lecanoromycetes;Teloschistales;Physciaceae;Heterodermia;Heterodermia_boryi
EU045433	Root;Ascomycota;Lecanoromycetes;Teloschistales;Physciaceae;Heterodermia;Heterodermia_microphylla
EU045435	Root;Ascomycota;Lecanoromycetes;Teloschistales;Physciaceae;Heterodermia;Heterodermia_obscurata
EU045432	Root;Ascomycota;Lecanoromycetes;Teloschistales;Physciaceae;Heterodermia;Heterodermia_japonica
EU045424	Root;Ascomycota;Lecanoromycetes;Teloschistales;Physciaceae;Heterodermia;Heterodermia_dissecta
EU045439	Root;Ascomycota;Lecanoromycetes;Teloschistales;Physciaceae;Heterodermia;Heterodermia_speciosa
EU045442	Root;Ascomycota;Lecanoromycetes;Teloschistales;Physciaceae;Heterodermia;Heterodermia_subascendens
FN428923	Root;Basidiomycota;Tremellomycetes;Filobasidiales;Filobasidiaceae;Cryptococcus;Cryptococcus_podzolicus
EU655680	Root;Basidiomycota;Agaricomycetes;Agaricales;Cortinariaceae;Cortinarius;Cortinarius_cisticola
EU056962	Root;Basidiomycota;Agaricomycetes;Agaricales;Cortinariaceae;Cortinarius;Cortinarius_calochrous
EU056991	Root;Basidiomycota;Agaricomycetes;Agaricales;Cortinariaceae;Cortinarius;Cortinarius_suaveolens
EU057020	Root;Basidiomycota;Agaricomycetes;Agaricales;Cortinariaceae;Cortinarius;Cortinarius_fulmineus
EU057038	Root;Basidiomycota;Agaricomycetes;Agaricales;Cortinariaceae;Cortinarius;Cortinarius_cedretorum
EU057047	Root;Basidiomycota;Agaricomycetes;Agaricales;Cortinariaceae;Cortinarius;Cortinarius_xanthochlorus
EU057048	Root;Basidiomycota;Agaricomycetes;Agaricales;Cortinariaceae;Cortinarius;Cortinarius_cedretorum_var_suberetorum
FJ039644	Root;Basidiomycota;Agaricomycetes;Agaricales;Cortinariaceae;Cortinarius;Cortinarius_aureofulvus
EU057078	Root;Basidiomycota;Agaricomycetes;Agaricales;Cortinariaceae;Cortinarius;Cortinarius_olivascentium
EU075537	Root;Ascomycota;Lecanoromycetes;Lecanorales;Haematommataceae;Haematomma;Haematomma_sulphureum
EU075538	Root;Ascomycota;Lecanoromycetes;Lecanorales;Lecanoraceae;Miriquidica;Miriquidica_garovaglii
EU075539	Root;Ascomycota;Lecanoromycetes;Lecanorales;Parmeliaceae;Protoparmelia;Protoparmelia_badia
EU075540	Root;Ascomycota;Lecanoromycetes;Lecanorales;Parmeliaceae;Protoparmelia;Protoparmelia_badia
EU075541	Root;Ascomycota;Lecanoromycetes;Lecanorales;Lecanoraceae;Pyrrhospora;Pyrrhospora_arandensis
EU075542	Root;Ascomycota;Lecanoromycetes;Lecanorales;Lecanoraceae;Ramboldia;Ramboldia_brunneocarpa
EU075543	Root;Ascomycota;Lecanoromycetes;Lecideales;Lecideaceae;Lecidea;Lecidea_haematites
EU075544	Root;Ascomycota;Lecanoromycetes;Lecanorales;Lecanoraceae;Pyrrhospora;Pyrrhospora_laeta
EU075545	Root;Ascomycota;Lecanoromycetes;Lecanorales;Lecanoraceae;Pyrrhospora;Pyrrhospora_petraeoides
EU075547	Root;Ascomycota;Lecanoromycetes;Lecanorales;Lecanoraceae;Pyrrhospora;Pyrrhospora_russula
EU075548	Root;Ascomycota;Lecanoromycetes;Lecanorales;Lecanoraceae;Pyrrhospora;Pyrrhospora_sanguinolenta
EU075549	Root;Ascomycota;Lecanoromycetes;Lecanorales;Lecanoraceae;Ramboldia;Ramboldia_stuartii
EU075557	Root;Ascomycota;Lecanoromycetes;Lecanorales;Haematommataceae;Haematomma;Haematomma_accolens
EU082229	Root;Basidiomycota;Tremellomycetes;Filobasidiales;Filobasidiaceae;Cryptococcus;Cryptococcus_macerans
DQ425005	Root;Basidiomycota;Agaricomycetes;Polyporales;Ganodermataceae;Ganoderma;Ganoderma_subamboinens
EU045552	Root;Ascomycota;Sordariomycetes;Hypocreales;Nectriaceae;Nectria;Nectria_mauritiicola
EU105210	Root;Microsporidia;Microsporea;Microsporida;Nosematidae;Nosema;Nosema_bombycis
EU107257	Root;Ascomycota;Leotiomycetes;Cyttariales;Cyttariaceae;Cyttaria;Cyttaria_johowii
EU113280	Root;Ascomycota;Lecanoromycetes;Lecanorales;Cladoniaceae;Cladonia;Cladonia_homchantarae
EU118606	Root;Basidiomycota;Agaricomycetes;Atheliales;Atheliaceae;Athelidium;Athelidium_aurantiacum
EU118608	Root;Basidiomycota;Agaricomycetes;Atheliales;Atheliaceae;Byssocorticium;Byssoporia_terrestris
EU118648	Root;Basidiomycota;Agaricomycetes;Polyporales;Meruliaceae;Meruliopsis;Meruliopsis_taxicola
EU118650	Root;Basidiomycota;Agaricomycetes;Polyporales;Fomitopsidaceae;Postia;Oligoporus_guttulatus
EU118654	Root;Basidiomycota;Agaricomycetes;Polyporales;Meruliaceae;Phlebia;Phlebia_firma
EU118656	Root;Basidiomycota;Agaricomycetes;Polyporales;Meruliaceae;Phlebia;Phlebia_subochracea
EU118657	Root;Basidiomycota;Agaricomycetes;Polyporales;Meruliaceae;Phlebia;Phlebia_unica
EU118663	Root;Basidiomycota;Agaricomycetes;Polyporales;Meruliaceae;Podoscypha;Podoscypha_multizonata
EU118665	Root;Basidiomycota;Agaricomycetes;Polyporales;Meruliaceae;Scopuloides;Scopuloides_hydnoides
EU118666	Root;Basidiomycota;Agaricomycetes;Polyporales;Sistotremataceae;Sistotremastrum;Sistotremastrum_suecicum
EU118667	Root;Basidiomycota;Agaricomycetes;Polyporales;Sistotremataceae;Sistotremastrum;Sistotremastrum_suecicum
EU118671	Root;Basidiomycota;Agaricomycetes;Polyporales;Steccherinaceae;Steccherinum;Steccherinum_robustius
EU137672	Root;Ascomycota;Saccharomycetes;Saccharomycetales;Metschnikowiaceae;Metschnikowia;Metschnikowia_pulcherrima
EU142917	Root;Ascomycota;Lecanoromycetes;Lecanorales;Parmeliaceae;Cetrelia;Cetrelia_braunsiana
EU142924	Root;Ascomycota;Lecanoromycetes;Lecanorales;Parmeliaceae;Cetrelia;Cetrelia_japonica
EU142922	Root;Ascomycota;Lecanoromycetes;Lecanorales;Parmeliaceae;Cetrelia;Cetrelia_pseudolivetorum
EU142933	Root;Ascomycota;Lecanoromycetes;Peltigerales;Coccocarpiaceae;Coccocarpia;Coccocarpia_palmicola
EU142936	Root;Ascomycota;Lecanoromycetes;Peltigerales;Coccocarpiaceae;Coccocarpia;Coccocarpia_palmicola
EU142938	Root;Ascomycota;Lecanoromycetes;Peltigerales;Coccocarpiaceae;Coccocarpia;Coccocarpia_palmicola
FJ873454	Root;Ascomycota;Saccharomycetes;Saccharomycetales;Saccharomycetaceae;Saccharomyces;Saccharomyces_kudriavzevii
EU147278	Root;Basidiomycota;Agaricomycetes;Polyporales;Ganodermataceae;Ganoderma;Ganoderma_lucidum
EU148597	Root;Ascomycota;Leotiomycetes;Erysiphales;Erysiphaceae;Podosphaera;Podosphaera_leucotricha
EU157728	Root;Basidiomycota;Agaricomycetes;Polyporales;Polyporaceae;Laccocephalum;Laccocephalum_mylittae
EU161239	Root;Ascomycota;Lecanoromycetes;Lecanorales;Ramalinaceae;Ramalina;Ramalina_terebrata
EU771081	Root;Basidiomycota;Agaricomycetes;Polyporales;Polyporaceae;Trametes;Trametes_versicolor
FJ790848	Root;Ascomycota;Dothideomycetes;Botryosphaeriales;Botryosphaeriaceae;Botryosphaeria;Botryosphaeria_dothidea
EU178739	Root;Ascomycota;Sordariomycetes;Xylariales;Xylariaceae;Xylaria;Xylaria_atrodivaricata
EU179863	Root;Ascomycota;Sordariomycetes;Xylariales;Xylariaceae;Xylaria;Xylaria_cirrata
EU179869	Root;Ascomycota;Sordariomycetes;Xylariales;Xylariaceae;Xylaria;Xylaria_ochraceostroma
EU181215	Root;Basidiomycota;Exobasidiomycetes;Tilletiales;Tilletiaceae;Tilletia;Tilletia_trabuti
EU186280	Root;Basidiomycota;Agaricomycetes;Agaricales;Tricholomataceae;Tricholoma;Tricholoma_lascivum
EU186310	Root;Basidiomycota;Agaricomycetes;Agaricales;Tricholomataceae;Tricholoma;Tricholoma_flavovirens
EU255042	Root;Ascomycota;Sordariomycetes;Diaporthales;Gnomoniaceae;Plagiostoma;Plagiostoma_pseudobavaricum
FJ240310	Root;Ascomycota;Sordariomycetes;Hypocreales;Nectriaceae;Gibberella;Fusarium_aethiopicum
EU221582	Root;Glomeromycota;Glomeromycetes;Glomerales;Glomeraceae;Glomus;Glomus_intraradices
AJ889975	Root;Basidiomycota;Agaricomycetes;Agaricales;Cortinariaceae;Cortinarius;Cortinarius_praestigiosus
EU231959	Root;Basidiomycota;Agaricomycetes;Boletales;Boletaceae;Boletus;Boletus_hiratsukae
GQ984158	Root;Basidiomycota;Agaricomycetes;Boletales;Boletaceae;Boletus;Boletus_edulis
EU231992	Root;Basidiomycota;Agaricomycetes;Boletales;Boletaceae;Boletus;Boletus_regineus
EU239388	Root;Basidiomycota;Agaricomycetes;Polyporales;Ganodermataceae;Ganoderma;Ganoderma_aff_steyaertanum_C17274
EU239389	Root;Basidiomycota;Agaricomycetes;Polyporales;Ganodermataceae;Ganoderma;Ganoderma_australe
EU239390	Root;Basidiomycota;Agaricomycetes;Polyporales;Ganodermataceae;Ganoderma;Ganoderma_australe
EU239396	Root;Basidiomycota;Agaricomycetes;Polyporales;Ganodermataceae;Ganoderma;Ganoderma_steyaertanum
EU246950	Root;Basidiomycota;Ustilaginomycetes;Ustilaginales;Ustilaginaceae;Schizonella;Schizonella_isolepidis
EU249472	Root;Ascomycota;Eurotiomycetes;Verrucariales;Verrucariaceae;Thelidium;Thelidium_pertusatii
EU249476	Root;Ascomycota;Eurotiomycetes;Verrucariales;Verrucariaceae;Thelidium;Thelidium_submethorium
EU249479	Root;Ascomycota;Eurotiomycetes;Verrucariales;Verrucariaceae;Thelidium;Thelidium_zwackhii
EU249480	Root;Ascomycota;Eurotiomycetes;Verrucariales;Verrucariaceae;Thelidium;Thelidium_pluvium
EU249483	Root;Ascomycota;Eurotiomycetes;Verrucariales;Verrucariaceae;Thelidium;Thelidium_rehmii
EU249487	Root;Ascomycota;Eurotiomycetes;Verrucariales;Verrucariaceae;Verrucaria;Verrucaria_muralis
EU254761	Root;Ascomycota;Sordariomycetes;Diaporthales;Gnomoniaceae;Plagiostoma;Plagiostoma_conradii
EU254782	Root;Ascomycota;Sordariomycetes;Diaporthales;Gnomoniaceae;Gnomonia;Gnomonia_mirabilis
EU254789	Root;Ascomycota;Sordariomycetes;Diaporthales;Gnomoniaceae;Gnomonia;Gnomonia_orcispora
EU254804	Root;Ascomycota;Sordariomycetes;Diaporthales;Gnomoniaceae;Gnomonia;Gnomonia_virginianae
EU254870	Root;Ascomycota;Sordariomycetes;Diaporthales;Valsaceae;Ophiognomonia;Ophiognomonia_balsamiferae
EU254872	Root;Ascomycota;Sordariomycetes;Diaporthales;Valsaceae;Ophiognomonia;Ophiognomonia_gei_montani
EU254921	Root;Ascomycota;Sordariomycetes;Diaporthales;Valsaceae;Ophiognomonia;Ophiognomonia_pseudoclavulata
GQ852780	Root;Ascomycota;Dothideomycetes;Capnodiales;Teratosphaeriaceae;Readeriella;Readeriella_callista
GQ852806	Root;Ascomycota;Dothideomycetes;Capnodiales;Teratosphaeriaceae;Teratosphaeria;Teratosphaeria_nubilosa
EU259283	Root;Basidiomycota;Agaricomycetes;Agaricales;Cortinariaceae;Cortinarius;Cortinarius_brunneifolius
EU259899	Root;Ascomycota;Lecanoromycetes;Lecideales;Lecideaceae;Lecidea;Lecidea_atrobrunnea_subsp_stictica
EU259900	Root;Ascomycota;Lecanoromycetes;Lecideales;Lecideaceae;Lecidea;Lecidea_fuscoatrina
EU259901	Root;Ascomycota;Lecanoromycetes;Lecideales;Lecideaceae;Lecidea;Lecidea_laboriosa
EU259904	Root;Ascomycota;Lecanoromycetes;Lecideales;Lecideaceae;Lecidea;Lecidea_plana
EU263920	Root;Ascomycota;Lecanoromycetes;Lecideales;Porpidiaceae;Farnoldia;Farnoldia_jurana_subsp_jurana
EU263921	Root;Ascomycota;Lecanoromycetes;Lecideales;Lecideaceae;Lecidea;Lecidea_confluens
EU263922	Root;Ascomycota;Lecanoromycetes;Lecideales;Lecideaceae;Lecidea;Lecidea_fuscoatra
EU263923	Root;Ascomycota;Lecanoromycetes;Lecideales;Porpidiaceae;Porpidia;Porpidia_macrocarpa
EU263926	Root;Ascomycota;Lecanoromycetes;Lecideales;Lecideaceae;Lecidea;Lecidea_tessellata
EU266108	Root;Ascomycota;Lecanoromycetes;Lecanorales;Parmeliaceae;Menegazzia;Menegazzia_terebrata
EU266109	Root;Ascomycota;Lecanoromycetes;Lecanorales;Parmeliaceae;Nephromopsis;Nephromopsis_ornata
EU266113	Root;Ascomycota;Lecanoromycetes;Lecanorales;Cladoniaceae;Cladonia;Cladonia_rangiferina
EU113293	Root;Ascomycota;Lecanoromycetes;Lecanorales;Cladoniaceae;Cladonia;Cladonia_rappii
EU266115	Root;Ascomycota;Lecanoromycetes;Lecanorales;Cladoniaceae;Gymnoderma;Gymnoderma_coccocarpum
EU266116	Root;Ascomycota;Lecanoromycetes;Lecanorales;Parmeliaceae;Parmotrema;Parmotrema_reticulatum
EU266555	Root;Basidiomycota;Tremellomycetes;Filobasidiales;Filobasidiaceae;Cryptococcus;Cryptococcus_albidus_var_diffluens
EU266558	Root;Basidiomycota;Tremellomycetes;Filobasidiales;Filobasidiaceae;Cryptococcus;Cryptococcus_curvatus
EU266559	Root;Basidiomycota;Tremellomycetes;Filobasidiales;Filobasidiaceae;Cryptococcus;Cryptococcus_dimennae
EU266560	Root;Basidiomycota;Tremellomycetes;Filobasidiales;Filobasidiaceae;Cryptococcus;Cryptococcus_elinovii
AF145323	Root;Basidiomycota;Tremellomycetes;Filobasidiales;Filobasidiaceae;Cryptococcus;Cryptococcus_gastricus
EU266634	Root;Basidiomycota;Agaricomycetes;Agaricales;Cortinariaceae;Cortinarius;Cortinarius_albogaudis
EU266650	Root;Basidiomycota;Agaricomycetes;Agaricales;Cortinariaceae;Cortinarius;Cortinarius_caesiobrunneus
EU266667	Root;Basidiomycota;Agaricomycetes;Agaricales;Cortinariaceae;Cortinarius;Cortinarius_cicindela
EU266687	Root;Basidiomycota;Agaricomycetes;Agaricales;Cortinariaceae;Cortinarius;Cortinarius_ectypus
EU272539	Root;Ascomycota;Sordariomycetes;Xylariales;Xylariaceae;Xylaria;Xylaria_polymorpha
EU273523	Root;Basidiomycota;Agaricomycetes;Polyporales;Polyporaceae;Trametes;Trametes_versicolor
EU273525	Root;Basidiomycota;Agaricomycetes;Cantharellales;Ceratobasidiaceae;Ceratobasidium;Ceratobasidium_cornigerum
EU282481	Root;Ascomycota;Dothideomycetes;Pleosporales;Venturiaceae;Venturia;Spilocaea_pomi
EU284721	Root;Ascomycota;Sordariomycetes;Hypocreales;Cordycipitaceae;Lecanicillium;Lecanicillium_fusisporum
EU287816	Root;Ascomycota;Saccharomycetes;Saccharomycetales;Saccharomycetaceae;Williopsis;Williopsis_saturnus
AB267394	Root;Basidiomycota;Agaricomycetes;Agaricales;Typhulaceae;Typhula;Typhula_variabilis
FJ845396	Root;Basidiomycota;Agaricomycetes;Agaricales;Cortinariaceae;Cortinarius;Cortinarius_cinnamomeus
FJ157146	Root;Basidiomycota;Agaricomycetes;Agaricales;Cortinariaceae;Cortinarius;Cortinarius_solis_occasus
EU293829	Root;Basidiomycota;Agaricomycetes;Thelephorales;Bankeraceae;Sarcodon;Sarcodon_scabripes
EU294161	Root;Basidiomycota;Agaricomycetes;Polyporales;Fomitopsidaceae;Piptoporus;Piptoporus_betulinus
EU301056	Root;Ascomycota;Sordariomycetes;Diaporthales;Valsaceae;Valsa;Valsa_fabianae
EU301086	Root;Ascomycota;Dothideomycetes;Capnodiales;Teratosphaeriaceae;Teratosphaeria;Teratosphaeria_parva
AY752149	Root;Ascomycota;Dothideomycetes;Capnodiales;Mycosphaerellaceae;Mycosphaerella;Mycosphaerella_colombiensis
FJ914680	Root;Ascomycota;Sordariomycetes;Microascales;Microascaceae;Doratomyces;Doratomyces_verrucisporus
EU314678	Root;Ascomycota;Leotiomycetes;Helotiales;Dermateaceae;Mollisia;Mollisia_minutella
EU315769	Root;Ascomycota;Saccharomycetes;Saccharomycetales;Pichiaceae;Pichia;Pichia_fermentans
EU327035	Root;Ascomycota;Saccharomycetes;Saccharomycetales;Pichiaceae;Pichia;Pichia_pilisensis
EU327036	Root;Ascomycota;Saccharomycetes;Saccharomycetales;Pichiaceae;Ogataea;Ogataea_nitratoaversa
EU219559	Root;Ascomycota;Sordariomycetes;Hypocreales;Nectriaceae;Fusarium;Fusarium_oxysporum
EF488423	Root;Ascomycota;Sordariomycetes;Diaporthales;Diaporthaceae;Diaporthe;Diaporthe_phaseolorum
EU784179	Root;Basidiomycota;Agaricomycetes;Boletales;Sclerodermataceae;Astraeus;Astraeus_hygrometricus
EU346953	Root;Ascomycota;Pezizomycetes;Pezizales;Rhizinaceae;Rhizina;Rhizina_undulata
EU340897	Root;Basidiomycota;Agaricomycetes;Polyporales;Polyporaceae;Dichomitus;Dichomitus_albidofuscus
EU363504	Root;Ascomycota;Eurotiomycetes;Eurotiales;Trichocomaceae;Paecilomyces;Paecilomyces_cateniannulatus
EU545147	Root;Ascomycota;Eurotiomycetes;Eurotiales;Trichocomaceae;Paecilomyces;Paecilomyces_cateniannulatus
EU375523	Root;Ascomycota;Dothideomycetes;Capnodiales;Mycosphaerellaceae;Cladosporium;Cladosporium_cladosporioides
EU379240	Root;Chytridiomycota;Chytridiomycetes;Rhizophlyctidales;Rhizophlyctidaceae;Rhizophlyctis;Rhizophlyctis_rosea
EU401709	Root;Basidiomycota;Agaricomycetes;Agaricales;Cortinariaceae;Gymnopilus;Gymnopilus_ochraceus
EU401763	Root;Ascomycota;Lecanoromycetes;Lecanorales;Parmeliaceae;Cetraria;Cetraria_kamtczatica
EU401764	Root;Ascomycota;Lecanoromycetes;Lecanorales;Parmeliaceae;Cetraria;Cetraria_laevigata
EU401769	Root;Ascomycota;Lecanoromycetes;Lecanorales;Parmeliaceae;Melanelia;Melanelia_sorediella
EU402556	Root;Basidiomycota;Agaricomycetes;Polyporales;Polyporaceae;Wolfiporia;Wolfiporia_dilatohypha
EU402582	Root;Basidiomycota;Agaricomycetes;Polyporales;Polyporaceae;Laetiporus;Laetiporus_persicinus
EU409583	Root;Ascomycota;Sordariomycetes;Hypocreales;Clavicipitaceae;Aschersonia;Aschersonia_minutispora
EU409591	Root;Ascomycota;Sordariomycetes;Hypocreales;Clavicipitaceae;Hypocrella;Hypocrella_mollii
EU409592	Root;Ascomycota;Sordariomycetes;Hypocreales;Clavicipitaceae;Hypocrella;Hypocrella_luteola
EU409800	Root;Ascomycota;Saccharomycetes;Saccharomycetales;Saccharomycopsidaceae;Saccharomycopsis;Saccharomycopsis_fibuligera
EU427038	Root;Ascomycota;Dothideomycetes;Capnodiales;Mycosphaerellaceae;Cercospora;Cercospora_kaki
EU433388	Root;Basidiomycota;Agaricomycetes;Agaricales;Cortinariaceae;Cortinarius;Cortinarius_agathosmus
EU693241	Root;Basidiomycota;Agaricomycetes;Agaricales;Cortinariaceae;Cortinarius;Cortinarius_ionosmus
EU436689	Root;Ascomycota;Sordariomycetes;Xylariales;Diatrypaceae;Eutypella;Eutypella_scoparia
EU437540	Root;Ascomycota;Dothideomycetes;Myriangiales;Elsinoaceae;Elsinoe;Elsinoe_fawcettii
AB470483	Root;Basidiomycota;Pucciniomycetes;Pucciniales;Pucciniaceae;Puccinia;Puccinia_psidii
EU443763	Root;Ascomycota;Sordariomycetes;Ophiostomatales;Ophiostomataceae;Ophiostoma;Ophiostoma_karelicum
FJ839633	Root;Ascomycota;Dothideomycetes;Capnodiales;Mycosphaerellaceae;Verrucisporota_daviesiae;Verrucisporota_daviesiae
EU484316	Root;Ascomycota;Sordariomycetes;Hypocreales;Clavicipitaceae;Beauveria;Beauveria_bassiana
EU486159	Root;Ascomycota;Saccharomycetes;Saccharomycetales;Saccharomycetaceae;Saccharomyces;Saccharomyces_cerevisiae
GU207320	Root;Basidiomycota;Agaricomycetes;Polyporales;Ganodermataceae;Ganoderma;Ganoderma_lucidum
U77357	Root;Ascomycota;Dothideomycetes;Pleosporales;Phaeosphaeriaceae;Phaeosphaeria;Phaeosphaeria_avenaria_f._sp._triticae
EU785386	Root;Ascomycota;Sordariomycetes;Ophiostomatales;Ophiostomataceae;Leptographium;Leptographium_terebrantis
EU514295	Root;Ascomycota;Dothideomycetes;Capnodiales;Mycosphaerellaceae;Stenella;Stenella_queenslandica
EU517506	Root;Basidiomycota;Agaricomycetes;Agaricales;Mycenaceae;Mycena;Mycena_pura
EU517510	Root;Basidiomycota;Agaricomycetes;Agaricales;Mycenaceae;Resinomycena;Resinomycena_rhododendri
EU517513	Root;Basidiomycota;Agaricomycetes;Agaricales;Mycenaceae;Cruentomycena;Cruentomycena_kedrovaya
GQ865689	Root;Ascomycota;Sordariomycetes;Diaporthales;Valsaceae;Valsa;Valsa_ceratosperma
EU520052	Root;Ascomycota;Dothideomycetes;Botryosphaeriales;Botryosphaeriaceae;Botryosphaeria;Botryosphaeria_dothidea
FJ462742	Root;Ascomycota;Dothideomycetes;Pleosporales;Phaeosphaeriaceae;Phaeosphaeriopsis;Phaeosphaeriopsis_phacidiomorpha
FJ515894	Root;Ascomycota;Leotiomycetes;Helotiales;Sclerotiniaceae;Monilinia;Monilinia_fructicola
EU520104	Root;Ascomycota;Sordariomycetes;Diaporthales;Valsaceae;Phomopsis;Phomopsis_fukushii
EU520121	Root;Ascomycota;Sordariomycetes;Diaporthales;Valsaceae;Valsa;Cytospora_chrysosperma
FJ478123	Root;Basidiomycota;Agaricomycetes;Auriculariales;Auriculariaceae;Auricularia;Auricularia_auricula_judae
EU520163	Root;Ascomycota;Sordariomycetes;Diaporthales;Valsaceae;Leucostoma;Leucostoma_persoonii
EU520166	Root;Ascomycota;Sordariomycetes;Diaporthales;Valsaceae;Valsa;Valsa_sordida
FJ441665	Root;Ascomycota;Dothideomycetes;Botryosphaeriales;Botryosphaeriaceae;Botryosphaeria;Botryosphaeria_berengeriana
EU520210	Root;Ascomycota;Sordariomycetes;Phyllachorales;Phyllachoraceae;Colletotrichum;Colletotrichum_lini
GU174589	Root;Ascomycota;Sordariomycetes;Diaporthales;Valsaceae;Valsa;Valsa_mali_var_pyri
EU520222	Root;Ascomycota;Sordariomycetes;Hypocreales;Bionectriaceae;Bionectria;Bionectria_ochroleuca
EU523578	Root;Basidiomycota;Agaricomycetes;Agaricales;Cortinariaceae;Inocybe;Inocybe_aff_nodulosa_PBM_2644
EU525980	Root;Basidiomycota;Agaricomycetes;Agaricales;Cortinariaceae;Cortinarius;Cortinarius_calyptratus
EU525995	Root;Basidiomycota;Agaricomycetes;Gomphales;Gomphaceae;Ramaria;Ramaria_celerivirescens
EU525992	Root;Basidiomycota;Agaricomycetes;Gomphales;Gomphaceae;Ramaria;Ramaria_sandaracina_var_sandaracina
EU525998	Root;Basidiomycota;Agaricomycetes;Boletales;Boletaceae;Chalciporus;Chalciporus_piperatus
FJ717563	Root;Basidiomycota;Agaricomycetes;Agaricales;Cortinariaceae;Cortinarius;Cortinarius_boulderensis
EU541305	Root;Basidiomycota;Tremellomycetes;Tremellales;Syzygosporaceae;Syzygospora;Syzygospora_sorana
EU545144	Root;Ascomycota;Eurotiomycetes;Eurotiales;Trichocomaceae;Paecilomyces;Paecilomyces_cateniannulatus
FJ515195	Root;Basidiomycota;Microbotryomycetes;Sporidiobolales;Sporidiobolaceae;Sporidiobolus;Sporidiobolus_ruineniae
EU551199	Root;Ascomycota;Eurotiomycetes;Eurotiales;Trichocomaceae;Neosartorya;Neosartorya_fischeri
EU551202	Root;Ascomycota;Eurotiomycetes;Eurotiales;Trichocomaceae;Penicillium;Penicillium_concentricum
EU551203	Root;Ascomycota;Eurotiomycetes;Eurotiales;Trichocomaceae;Penicillium;Penicillium_commune
EU552098	Root;Ascomycota;Sordariomycetes;Xylariales;Xylariaceae;Anthostomella;Anthostomella_brabeji
EU552099	Root;Ascomycota;Sordariomycetes;Xylariales;Xylariaceae;Anthostomella;Anthostomella_conorum
EU552100	Root;Ascomycota;Sordariomycetes;Xylariales;Xylariaceae;Anthostomella;Anthostomella_leucospermi
EU707892	Root;Ascomycota;Dothideomycetes;Capnodiales;Teratosphaeriaceae;Batcheloromyces;Batcheloromyces_leucadendri
EU552120	Root;Ascomycota;Sordariomycetes;Diaporthales;Valsaceae;Cytospora;Cytospora_eucalypticola
JN693509	Root;Ascomycota;Sordariomycetes;Diaporthales;Valsaceae;Cytospora;Cytospora_austromontana
EU552121	Root;Ascomycota;Sordariomycetes;Diaporthales;Valsaceae;Valsa;Cytospora_pruinosa
EU552130	Root;Ascomycota;Dothideomycetes;Botryosphaeriales;Botryosphaeriaceae;Saccharata;Saccharata_capensis
EU552142	Root;Ascomycota;Dothideomycetes;Pleosporales;Lophiostomataceae;Massarina;Massarina_albocarnis
EU552143	Root;Ascomycota;Dothideomycetes;Pleosporales;Lophiostomataceae;Lophiostoma;Lophiostoma_chamaecyparidis
EU552156	Root;Ascomycota;Sordariomycetes;Diaporthales;Melanconidaceae;Sydowiella;Sydowiella_stellatifolii
EU552157	Root;Ascomycota;Dothideomycetes;Pleosporales;Lophiostomataceae;Lophiostoma;Lophiostoma_macrostomoides
EU552158	Root;Ascomycota;Sordariomycetes;Diaporthales;Togniniaceae;Phaeoacremonium;Phaeoacremonium_austroafricanum
AB036891	Root;Basidiomycota;Agaricomycetes;Agaricales;Tricholomataceae;Tricholoma;Tricholoma_matsutake
EU553339	Root;Ascomycota;Eurotiomycetes;Eurotiales;Trichocomaceae;Paecilomyces;Isaria_farinosa
HQ586853	Root;Basidiomycota;Agaricomycetes;Agaricales;Cortinariaceae;Inocybe;Inocybe_calospora
JF908140	Root;Basidiomycota;Agaricomycetes;Agaricales;Cortinariaceae;Inocybe;Inocybe_curvipes
FJ534875	Root;Basidiomycota;Tremellomycetes;Filobasidiales;Filobasidiaceae;Cryptococcus;Cryptococcus_heveanensis
EU556330	Root;Ascomycota;Saccharomycetes;Saccharomycetales;Pichiaceae;Pichia;Pichia_kudriavzevii
FJ845446	Root;Basidiomycota;Agaricomycetes;Agaricales;Tricholomataceae;Tricholoma;Tricholoma_pessundatum
GQ505763	Root;Ascomycota;Sordariomycetes;Hypocreales;Nectriaceae;Fusarium;Fusarium_concolor
EU573308	Root;Ascomycota;Sordariomycetes;Hypocreales;Ophiocordycipitaceae;Ophiocordyceps;Ophiocordyceps_nutans
EU573309	Root;Ascomycota;Sordariomycetes;Hypocreales;Ophiocordycipitaceae;Ophiocordyceps;Ophiocordyceps_nutans
EU573317	Root;Ascomycota;Sordariomycetes;Hypocreales;Clavicipitaceae;Cordyceps;Beauveria_brongniartii
EF411232	Root;Ascomycota;Sordariomycetes;Hypocreales;Clavicipitaceae;Beauveria;Beauveria_bassiana
EU573341	Root;Ascomycota;Sordariomycetes;Hypocreales;Cordycipitaceae;Isaria;Isaria_tenuipes
EU573346	Root;Ascomycota;Sordariomycetes;Hypocreales;Ophiocordycipitaceae;Ophiocordyceps;Ophiocordyceps_dipterigena
EU573347	Root;Ascomycota;Sordariomycetes;Hypocreales;Ophiocordycipitaceae;Ophiocordyceps;Ophiocordyceps_sphecocephala
EU573348	Root;Ascomycota;Sordariomycetes;Hypocreales;Ophiocordycipitaceae;Ophiocordyceps;Ophiocordyceps_oxycephala
EU573350	Root;Ascomycota;Sordariomycetes;Hypocreales;Ophiocordycipitaceae;Ophiocordyceps;Ophiocordyceps_myrmecophila
EU573351	Root;Ascomycota;Sordariomycetes;Hypocreales;Ophiocordycipitaceae;Ophiocordyceps;Ophiocordyceps_pseudolloydii
EU573353	Root;Ascomycota;Sordariomycetes;Hypocreales;Ophiocordycipitaceae;Ophiocordyceps;Ophiocordyceps_filiformis
EU573703	Root;Ascomycota;Sordariomycetes;Sordariales;Lasiosphaeriaceae;Apodospora;Apodospora_peruviana
EU583421	Root;Basidiomycota;Agaricomycetes;Hymenochaetales;Schizoporaceae;Hyphodontia;Hyphodontia_niemelaei
FJ435140	Root;Basidiomycota;Agaricomycetes;Cantharellales;Ceratobasidiaceae;Thanatephorus;Rhizoctonia_solani
UDB002430	Root;Basidiomycota;Agaricomycetes;Agaricales;Amanitaceae;Amanita;Amanita_porphyria
EU617241	Root;Ascomycota;Eurotiomycetes;Eurotiales;Trichocomaceae;Emericella;Emericella_nidulans
EU621831	Root;Ascomycota;Sordariomycetes;Sordariales;Lasiosphaeriaceae;Podospora;Podospora_communis
EU520213	Root;Ascomycota;Dothideomycetes;Botryosphaeriales;Botryosphaeriaceae;Botryosphaeria;Botryosphaeria_berengeriana
EU622277	Root;Ascomycota;Sordariomycetes;Diaporthales;Valsaceae;Valsa;Cytospora_chrysosperma
EU622336	Root;Basidiomycota;Agaricomycetes;Thelephorales;Bankeraceae;Hydnellum;Hydnellum_caeruleum
EU622927	Root;Ascomycota;Dothideomycetes;Capnodiales;Mycosphaerellaceae;Cladosporium;Cladosporium_cladosporioides
EU624408	Root;Basidiomycota;Agaricomycetes;Gomphales;Gomphaceae;Clavariadelphus;Clavariadelphus_sachalinensis
EU837232	Root;Basidiomycota;Agaricomycetes;Boletales;Rhizopogonaceae;Rhizopogon;Rhizopogon_exiguus
AY569024	Root;Basidiomycota;Agaricomycetes;Thelephorales;Bankeraceae;Hydnellum;Hydnellum_chrysinum
GQ461911	Root;Ascomycota;Eurotiomycetes;Eurotiales;Trichocomaceae;Aspergillus;Aspergillus_terreus
EU714394	Root;Ascomycota;Eurotiomycetes;Eurotiales;Trichocomaceae;Aspergillus;Aspergillus_aculeatus
U03522	Root;Ascomycota;Eurotiomycetes;Eurotiales;Trichocomaceae;Aspergillus;Aspergillus_wentii
UDB008299	Root;Basidiomycota;Agaricomycetes;Atheliales;Atheliaceae;Atheliaceae;Atheliaceae
EU655664	Root;Basidiomycota;Agaricomycetes;Agaricales;Cortinariaceae;Cortinarius;Cortinarius_molochinus
EU655666	Root;Basidiomycota;Agaricomycetes;Agaricales;Cortinariaceae;Cortinarius;Cortinarius_montensis
EU056967	Root;Basidiomycota;Agaricomycetes;Agaricales;Cortinariaceae;Cortinarius;Cortinarius_catharinae
EU056975	Root;Basidiomycota;Agaricomycetes;Agaricales;Cortinariaceae;Cortinarius;Cortinarius_corrosus
EU655656	Root;Basidiomycota;Agaricomycetes;Agaricales;Cortinariaceae;Cortinarius;Cortinarius_glaucescens
EU655678	Root;Basidiomycota;Agaricomycetes;Agaricales;Cortinariaceae;Cortinarius;Cortinarius_natalis
EU659130	Root;Basidiomycota;Exobasidiomycetes;Tilletiales;Tilletiaceae;Tilletia;Tilletia_moliniae
EU661888	Root;Basidiomycota;Agaricomycetes;Polyporales;Fomitopsidaceae;Piptoporus;Piptoporus_betulinus
JF907949	Root;Basidiomycota;Agaricomycetes;Agaricales;Cortinariaceae;Cortinarius;Cortinarius_saturatus
AJ889957	Root;Basidiomycota;Agaricomycetes;Agaricales;Cortinariaceae;Inocybe;Inocybe_rimosa
DQ102686	Root;Basidiomycota;Agaricomycetes;Agaricales;Cortinariaceae;Cortinarius;Cortinarius_helobius
UDB000774	Root;Basidiomycota;Tremellomycetes;Tremellales;Exidiaceae;Sebacina;Sebacina
FR694202	Root;Ascomycota;Pezizomycetes;Pezizales;Pyronemataceae;Geopora;Geopora_cooperi_f_cooperi
DQ120757	Root;Basidiomycota;Agaricomycetes;Agaricales;Cortinariaceae;Cortinarius;Cortinarius_anisatus
DQ517404	Root;Basidiomycota;Agaricomycetes;Agaricales;Cortinariaceae;Cortinarius;Cortinarius_duracinus
UDB000935	Root;Basidiomycota;Agaricomycetes;Agaricales;Cortinariaceae;Cortinarius;Cortinarius
EU669307	Root;Basidiomycota;Agaricomycetes;Gomphales;Gomphaceae;Clavariadelphus;Clavariadelphus_occidentalis
EU669308	Root;Basidiomycota;Agaricomycetes;Gomphales;Gomphaceae;Clavariadelphus;Clavariadelphus_occidentalis
EU669334	Root;Basidiomycota;Agaricomycetes;Gomphales;Gomphaceae;Clavariadelphus;Clavariadelphus_occidentalis
EU669351	Root;Basidiomycota;Agaricomycetes;Russulales;Albatrellaceae;Albatrellus;Albatrellus_skamanius
EU669360	Root;Basidiomycota;Agaricomycetes;Agaricales;Cortinariaceae;Phaeocollybia;Phaeocollybia_radicata
EU669385	Root;Basidiomycota;Agaricomycetes;Boletales;Boletaceae;Chamonixia;Chamonixia_caespitosa
EU669386	Root;Ascomycota;Pezizomycetes;Pezizales;Pyronemataceae;Pseudaleuria;Pseudaleuria_quinaultiana
EU669387	Root;Ascomycota;Pezizomycetes;Pezizales;Pyronemataceae;Pseudaleuria;Pseudaleuria_quinaultiana
EU670210	Root;Ascomycota;Lecanoromycetes;Teloschistales;Physciaceae;Physcia;Physcia_orientalis
EU670211	Root;Ascomycota;Lecanoromycetes;Teloschistales;Physciaceae;Phaeophyscia;Phaeophyscia_melanchra
EU670213	Root;Ascomycota;Lecanoromycetes;Teloschistales;Physciaceae;Physcia;Physcia_caesia
EU670234	Root;Ascomycota;Lecanoromycetes;Teloschistales;Physciaceae;Pyxine;Pyxine_limbulata
EU670215	Root;Ascomycota;Lecanoromycetes;Teloschistales;Physciaceae;Phaeophyscia;Phaeophyscia_trichophora
EU670217	Root;Ascomycota;Lecanoromycetes;Teloschistales;Physciaceae;Dirinaria;Dirinaria_applanata
EU266105	Root;Ascomycota;Lecanoromycetes;Teloschistales;Physciaceae;Phaeophyscia;Phaeophyscia_exornatula
EU670222	Root;Ascomycota;Lecanoromycetes;Teloschistales;Physciaceae;Pyxine;Pyxine_endochrysina
EU670226	Root;Ascomycota;Lecanoromycetes;Teloschistales;Physciaceae;Phaeophyscia;Phaeophyscia_denigrata
EU670228	Root;Ascomycota;Lecanoromycetes;Teloschistales;Physciaceae;Phaeophyscia;Phaeophyscia_pyrrhophora
EU670229	Root;Ascomycota;Lecanoromycetes;Teloschistales;Physciaceae;Phaeophyscia;Phaeophyscia_imbricata
EU670224	Root;Ascomycota;Lecanoromycetes;Teloschistales;Physciaceae;Phaeophyscia;Phaeophyscia_exornatula
EU670231	Root;Ascomycota;Lecanoromycetes;Teloschistales;Physciaceae;Physconia;Physconia_detersa
EU670233	Root;Ascomycota;Lecanoromycetes;Teloschistales;Physciaceae;Phaeophyscia;Phaeophyscia_squarrosa
EU675994	Root;Basidiomycota;Tremellomycetes;Tremellales;Trichosporonaceae;Trichosporon;Trichosporon_multisporum
EU681282	Root;Ascomycota;Lecanoromycetes;Teloschistales;Physciaceae;Amandinea;Amandinea_punctata
EU781677	Root;Ascomycota;Sordariomycetes;Sordariales;Lasiosphaeriaceae;Fimetariella;Fimetariella_rabenhorstii
JQ346221	Root;Ascomycota;Sordariomycetes;Coniochaetales;Coniochaetaceae;Coniochaeta;Coniochaeta_velutina
JQ256430	Root;Ascomycota;Leotiomycetes;Helotiales;Geoglossaceae;Trichoglossum;Trichoglossum_walteri
EU692771	Root;Basidiomycota;Exobasidiomycetes;Exobasidiales;Exobasidiaceae;Exobasidium;Exobasidium_canadense
EU692777	Root;Basidiomycota;Exobasidiomycetes;Exobasidiales;Exobasidiaceae;Exobasidium;Exobasidium_formosanum
EU696768	Root;Ascomycota;Leotiomycetes;Rhytismatales;Rhytismataceae;Lophodermium;Lophodermium_conigenum
EU696772	Root;Ascomycota;Leotiomycetes;Rhytismatales;Rhytismataceae;Lophodermium;Lophodermium_conigenum
DQ367894	Root;Basidiomycota;Agaricomycetes;Boletales;Gomphidiaceae;Chroogomphus;Chroogomphus_rutilus
EU706328	Root;Basidiomycota;Agaricomycetes;Boletales;Gomphidiaceae;Chroogomphus;Chroogomphus_orientirutilus
EU706331	Root;Basidiomycota;Agaricomycetes;Boletales;Gomphidiaceae;Chroogomphus;Chroogomphus_purpurascens
EU707431	Root;Ascomycota;Leotiomycetes;Helotiales;Dermateaceae;Cryptosporiopsis;Cryptosporiopsis_tarraconensis
EU707859	Root;Ascomycota;Dothideomycetes;Capnodiales;Teratosphaeriaceae;Teratosphaeria;Teratosphaeria_bellula
EU707864	Root;Ascomycota;Dothideomycetes;Capnodiales;Teratosphaeriaceae;Teratosphaeria;Teratosphaeria_jonkershoekensis
EU707867	Root;Ascomycota;Dothideomycetes;Capnodiales;Teratosphaeriaceae;Teratosphaeria;Teratosphaeria_maculiformis
EU707861	Root;Ascomycota;Dothideomycetes;Capnodiales;Teratosphaeriaceae;Teratosphaeria;Teratosphaeria_bellula
EU707871	Root;Ascomycota;Dothideomycetes;Capnodiales;Teratosphaeriaceae;Teratosphaeria;Teratosphaeria_maxii
FJ515705	Root;Ascomycota;Dothideomycetes;Capnodiales;Teratosphaeriaceae;Teratosphaeria;Teratosphaeria_parva
EU714403	Root;Ascomycota;Sordariomycetes;Xylariales;Xylariaceae;Annulohypoxylon;Annulohypoxylon_nitens
EU715684	Root;Ascomycota;Sordariomycetes;Xylariales;Xylariaceae;Xylaria;Xylaria_curta
EU715686	Root;Basidiomycota;Agaricomycetes;Agaricales;Strophariaceae;Pholiota;Pholiota_mixta
FJ710189	Root;Basidiomycota;Agaricomycetes;Boletales;Calostomataceae;Calostoma;Calostoma_berkeleyi
EU718091	Root;Basidiomycota;Agaricomycetes;Boletales;Calostomataceae;Calostoma;Calostoma_fuscum
EU718093	Root;Basidiomycota;Agaricomycetes;Boletales;Calostomataceae;Calostoma;Calostoma_japonicum
EU718114	Root;Basidiomycota;Agaricomycetes;Boletales;Sclerodermataceae;Pisolithus;Pisolithus_tinctorius
EU718115	Root;Basidiomycota;Agaricomycetes;Boletales;Sclerodermataceae;Scleroderma;Scleroderma_areolatum
EU721721	Root;Ascomycota;Sordariomycetes;Hypocreales;Nectriaceae;Haematonectria;Fusarium_solani
EU860058	Root;Ascomycota;Sordariomycetes;Hypocreales;Nectriaceae;Fusarium;Fusarium_merismoides_var_acetilereum
EU721724	Root;Ascomycota;Sordariomycetes;Hypocreales;Nectriaceae;Haematonectria;Fusarium_solani
EU722341	Root;Ascomycota;Lecanoromycetes;Teloschistales;Physciaceae;Dirinaria;Dirinaria_applanata
EU741055	Root;Ascomycota;Sordariomycetes;Sordariales;Sordariaceae;Neurospora;Neurospora_intermedia
GQ922916	Root;Ascomycota;Sordariomycetes;Hypocreales;Nectriaceae;Gibberella;Fusarium_acuminatum
EU784200	Root;Basidiomycota;Agaricomycetes;Agaricales;Entolomataceae;Entoloma;Entoloma_ameides
EU784201	Root;Basidiomycota;Agaricomycetes;Agaricales;Entolomataceae;Entoloma;Entoloma_anatinum
EU784203	Root;Basidiomycota;Agaricomycetes;Agaricales;Entolomataceae;Entoloma;Entoloma_aprile
EU784205	Root;Basidiomycota;Agaricomycetes;Agaricales;Entolomataceae;Entoloma;Entoloma_asprellum
EU784210	Root;Basidiomycota;Agaricomycetes;Agaricales;Entolomataceae;Entoloma;Entoloma_caeruleopolitum
EU784207	Root;Basidiomycota;Agaricomycetes;Agaricales;Entolomataceae;Entoloma;Entoloma_atrocoeruleum
EU784216	Root;Basidiomycota;Agaricomycetes;Agaricales;Entolomataceae;Entoloma;Entoloma_clandestinum
EU784219	Root;Basidiomycota;Exobasidiomycetes;Exobasidiales;Exobasidiaceae;Exobasidium;Exobasidium_rhododendri
EU784227	Root;Basidiomycota;Agaricomycetes;Geastrales;Geastraceae;Geastrum;Geastrum_elegans
EU784231	Root;Basidiomycota;Agaricomycetes;Geastrales;Geastraceae;Geastrum;Geastrum_floriforme
EU784235	Root;Basidiomycota;Agaricomycetes;Geastrales;Geastraceae;Geastrum;Geastrum_lageniforme
EU784253	Root;Ascomycota;Leotiomycetes;Helotiales;Geoglossaceae;Thuemenidium;Thuemenidium_atropurpureum
EU784255	Root;Ascomycota;Leotiomycetes;Helotiales;Geoglossaceae;Geoglossum;Geoglossum_cookeanum
EU784262	Root;Basidiomycota;Agaricomycetes;Russulales;Hericiaceae;Hericium;Hericium_coralloides
EU784270	Root;Basidiomycota;Agaricomycetes;Thelephorales;Bankeraceae;Hydnellum;Hydnellum_spongiosipes
EU784376	Root;Basidiomycota;Agaricomycetes;Geastrales;Geastraceae;Myriostoma;Myriostoma_coliforme
EU784379	Root;Basidiomycota;Agaricomycetes;Boletales;Boletaceae;Octaviania;Octaviania_asterosperma
EU784380	Root;Ascomycota;Pezizomycetes;Pezizales;Pyronemataceae;Otidea;Otidea_aff_alutacea_RBG_Kew_K(M)70199
EU784381	Root;Ascomycota;Pezizomycetes;Pezizales;Pyronemataceae;Otidea;Otidea_aff_alutacea_RBG_Kew_K(M)81596
EU784390	Root;Ascomycota;Pezizomycetes;Pezizales;Pyronemataceae;Otidea;Otidea_onotica
EU784392	Root;Ascomycota;Pezizomycetes;Pezizales;Pyronemataceae;Flavoscypha;Otidea_phlebophora
EU784394	Root;Ascomycota;Pezizomycetes;Pezizales;Pyronemataceae;Paurocotylis;Paurocotylis_pila
EU784395	Root;Ascomycota;Pezizomycetes;Pezizales;Pyronemataceae;Paurocotylis;Paurocotylis_pila
EU784399	Root;Basidiomycota;Agaricomycetes;Boletales;Rhizopogonaceae;Rhizopogon;Rhizopogon_reticulatus
EU784408	Root;Basidiomycota;Agaricomycetes;Boletales;Sclerodermataceae;Scleroderma;Scleroderma_areolatum
EU784409	Root;Basidiomycota;Agaricomycetes;Boletales;Sclerodermataceae;Scleroderma;Scleroderma_bovista
EU784417	Root;Basidiomycota;Agaricomycetes;Agaricales;Strophariaceae;Stropharia;Stropharia_inuncta
FJ231434	Root;Ascomycota;Saccharomycetes;Saccharomycetales;Saccharomycetaceae;Saccharomyces;Saccharomyces_cerevisiae
EU791581	Root;Basidiomycota;Agaricomycetes;Boletales;Gomphidiaceae;Chroogomphus;Chroogomphus_rutilus
FJ890027	Root;Basidiomycota;Agaricomycetes;Agaricales;Amanitaceae;Amanita;Amanita_fuligineodisca
AF145330	Root;Basidiomycota;Tremellomycetes;Filobasidiales;Filobasidiaceae;Cryptococcus;Cryptococcus_diffluens
FJ895878	Root;Ascomycota;Eurotiomycetes;Eurotiales;Trichocomaceae;Paecilomyces;Paecilomyces_variotii
GQ365160	Root;Ascomycota;Eurotiomycetes;Eurotiales;Trichocomaceae;Talaromyces;Talaromyces_trachyspermus
EU819442	Root;Basidiomycota;Tremellomycetes;Tremellales;Exidiaceae;Sebacina;Sebacina_incrustans
FJ596899	Root;Basidiomycota;Agaricomycetes;Agaricales;Tricholomataceae;Melanoleuca;Melanoleuca_subsejuncta
EU819450	Root;Basidiomycota;Agaricomycetes;Boletales;Boletaceae;Tylopilus;Tylopilus_sordidus
EU819458	Root;Basidiomycota;Agaricomycetes;Boletales;Boletaceae;Boletus;Boletus_pallidus
EU819460	Root;Basidiomycota;Agaricomycetes;Boletales;Boletaceae;Boletus;Boletus_rubellus
EU819461	Root;Ascomycota;Pezizomycetes;Pezizales;Pezizaceae;Peziza;Peziza_ostracoderma
EU819526	Root;Basidiomycota;Agaricomycetes;Atheliales;Atheliaceae;Byssocorticium;Byssocorticium_atrovirens
EU819535	Root;Ascomycota;Pezizomycetes;Pezizales;Pezizaceae;Peziza;Peziza_depressa
EU821483	Root;Ascomycota;Dothideomycetes;Pleosporales;Montagnulaceae;Paraconiothyrium;Paraconiothyrium_sporulosum
EU821487	Root;Ascomycota;Sordariomycetes;Hypocreales;Clavicipitaceae;Beauveria;Beauveria_bassiana
FJ717573	Root;Basidiomycota;Agaricomycetes;Agaricales;Cortinariaceae;Cortinarius;Cortinarius_traganus
FJ157137	Root;Basidiomycota;Agaricomycetes;Agaricales;Cortinariaceae;Cortinarius;Cortinarius_callisteus
FJ717558	Root;Basidiomycota;Agaricomycetes;Agaricales;Cortinariaceae;Cortinarius;Cortinarius_malachius
FJ717516	Root;Basidiomycota;Agaricomycetes;Agaricales;Cortinariaceae;Cortinarius;Cortinarius_delibutus
FJ039600	Root;Basidiomycota;Agaricomycetes;Agaricales;Cortinariaceae;Cortinarius;Cortinarius_salor
FJ438477	Root;Basidiomycota;Agaricomycetes;Agaricales;Lycoperdaceae;Bovista;Bovista_aestivalis
EU833651	Root;Basidiomycota;Agaricomycetes;Agaricales;Lycoperdaceae;Calvatia;Calvatia_bicolor
EU833661	Root;Basidiomycota;Agaricomycetes;Agaricales;Lycoperdaceae;Lycoperdon;Lycoperdon_marginatum
EU833658	Root;Basidiomycota;Agaricomycetes;Agaricales;Lycoperdaceae;Handkea;Handkea_subcretacea
EU834214	Root;Basidiomycota;Agaricomycetes;Agaricales;Cortinariaceae;Gymnopilus;Gymnopilus_punctifolius
EU846248	Root;Ascomycota;Pezizomycetes;Pezizales;Pyronemataceae;Aleuria;Sowerbyella_rhenana
EU846252	Root;Basidiomycota;Agaricomycetes;Agaricales;Entolomataceae;Leptonia;Leptonia_occidentalis
GQ165700	Root;Basidiomycota;Agaricomycetes;Agaricales;Cortinariaceae;Phaeocollybia;Phaeocollybia_scatesiae
EU846265	Root;Basidiomycota;Agaricomycetes;Agaricales;Cortinariaceae;Phaeocollybia;Phaeocollybia_olivacea
GQ165635	Root;Basidiomycota;Agaricomycetes;Agaricales;Cortinariaceae;Phaeocollybia;Phaeocollybia_attenuata
EU846301	Root;Basidiomycota;Agaricomycetes;Gomphales;Gomphaceae;Ramaria;Ramaria_conjunctipes
EU851925	Root;Ascomycota;Dothideomycetes;Capnodiales;Teratosphaeriaceae;Teratosphaeria;Teratosphaeria_pluritubularis
EU851927	Root;Ascomycota;Dothideomycetes;Capnodiales;Mycosphaerellaceae;Mycosphaerella;Mycosphaerella_scytalidii
AY239215	Root;Ascomycota;Taphrinomycetes;Taphrinales;Taphrinaceae;Taphrina;Taphrina_carpini
AF439474	Root;Ascomycota;Dothideomycetes;Pleosporales;Phaeosphaeriaceae;Phaeosphaeria;Phaeosphaeria_caricicola
EU860056	Root;Ascomycota;Sordariomycetes;Hypocreales;Nectriaceae;Fusarium;Fusarium_merismoides_var_crassum
EU863524	Root;Ascomycota;Sordariomycetes;Diaporthales;Togniniaceae;Phaeoacremonium;Phaeoacremonium_sicilianum
EU863526	Root;Ascomycota;Sordariomycetes;Diaporthales;Togniniaceae;Phaeoacremonium;Phaeoacremonium_croatiense
EU864521	Root;Microsporidia;Microsporea;Microsporida;Nosematidae;Nosema;Nosema_antheraeae
EU879125	Root;Ascomycota;Sordariomycetes;Ophiostomatales;Ophiostomataceae;Grosmannia;Grosmannia_francke_grosmanniae
GU134163	Root;Ascomycota;Sordariomycetes;Ophiostomatales;Ophiostomataceae;Grosmannia;Grosmannia_laricis
EU882112	Root;Ascomycota;Dothideomycetes;Capnodiales;Mycosphaerellaceae;Mycosphaerella;Mycosphaerella_irregulari
EU882115	Root;Ascomycota;Dothideomycetes;Capnodiales;Mycosphaerellaceae;Mycosphaerella;Mycosphaerella_pseudomarksii
EU888913	Root;Ascomycota;Sordariomycetes;Sordariales;Lasiosphaeriaceae;Podospora;Podospora_myriaspora
EU888919	Root;Ascomycota;Eurotiomycetes;Eurotiales;Trichocomaceae;Talaromyces;Talaromyces_trachyspermus
GQ250405	Root;Basidiomycota;Agaricomycetes;Agaricales;Amanitaceae;Amanita;Amanita_ocreata
EU913698	Root;Ascomycota;Sordariomycetes;Ophiostomatales;Ophiostomataceae;Ceratocystiopsis;Ceratocystiopsis_minuta
EU913713	Root;Ascomycota;Sordariomycetes;Ophiostomatales;Ophiostomataceae;Ceratocystiopsis;Ceratocystiopsis_ranaculosa
EU913720	Root;Ascomycota;Sordariomycetes;Ophiostomatales;Ophiostomataceae;Ophiostoma;Ophiostoma_fasciatum
EU913722	Root;Ascomycota;Sordariomycetes;Ophiostomatales;Ophiostomataceae;Ceratocystiopsis;Ceratocystiopsis_brevicomis
FJ582636	Root;Ascomycota;Sordariomycetes;Hypocreales;Nectriaceae;Nectria;Nectria_rigidiuscula
EU926221	Root;Ascomycota;Sordariomycetes;Hypocreales;Nectriaceae;Fusarium;Fusarium_domesticum
EU926284	Root;Ascomycota;Sordariomycetes;Hypocreales;Nectriaceae;Fusarium;Fusarium_dimerum
EU930115	Root;Basidiomycota;Pucciniomycetes;Pucciniales;Phakopsoraceae;Phakopsora;Phakopsora_pachyrhizi
FJ481607	Root;Ascomycota;Dothideomycetes;Botryosphaeriales;Botryosphaeriaceae;Botryosphaeria;Botryosphaeria_dothidea
EU938675	Root;Ascomycota;Sordariomycetes;Chaetosphaeriales;Chaetosphaeriaceae;Chloridium;Chloridium_paucisporum
FJ884148	Root;Ascomycota;Sordariomycetes;Diaporthales;Valsaceae;Phomopsis;Phomopsis_aff_theicola_PP67
EU977514	Root;Ascomycota;Orbiliomycetes;Orbiliales;Orbiliaceae;Arthrobotrys;Arthrobotrys_javanica
EU977520	Root;Ascomycota;Orbiliomycetes;Orbiliales;Orbiliaceae;Drechslerella;Drechslerella_dactyloides
EU977535	Root;Ascomycota;Orbiliomycetes;Orbiliales;Orbiliaceae;Arthrobotrys;Arthrobotrys_thaumasia
EU982655	Root;Ascomycota;Lecanoromycetes;Peltigerales;Collemataceae;Leptogium;Leptogium_furfuraceum
EU984298	Root;Ascomycota;Sordariomycetes;Ophiostomatales;Ophiostomataceae;Raffaelea;Raffaelea_arxii
FJ000382	Root;Ascomycota;Leotiomycetes;Helotiales;Helotiaceae;Hymenoscyphus;Articulospora_tetracladia
FJ000395	Root;Ascomycota;Leotiomycetes;Helotiales;Helotiaceae;Articulospora;Articulospora_proliferata
EF989112	Root;Glomeromycota;Glomeromycetes;Glomerales;Glomeraceae;Glomus;Glomus_intraradices
EF989105	Root;Glomeromycota;Glomeromycetes;Glomerales;Glomeraceae;Glomus;Glomus_intraradices
AJ567771	Root;Glomeromycota;Glomeromycetes;Glomerales;Glomeraceae;Glomus;Glomus_intraradices
EF989108	Root;Glomeromycota;Glomeromycetes;Glomerales;Glomeraceae;Glomus;Glomus_intraradices
EF989107	Root;Glomeromycota;Glomeromycetes;Glomerales;Glomeraceae;Glomus;Glomus_intraradices
FJ230990	Root;Ascomycota;Eurotiomycetes;Eurotiales;Trichocomaceae;Penicillium;Penicillium_expansum
FJ009523	Root;Ascomycota;Sordariomycetes;Diaporthales;Valsaceae;Phomopsis;Phomopsis_longicolla
FJ009592	Root;Glomeromycota;Glomeromycetes;Glomerales;Glomeraceae;Glomus;Glomus_intraradices
FJ009599	Root;Glomeromycota;Glomeromycetes;Glomerales;Glomeraceae;Glomus;Glomus_intraradices
FJ009619	Root;Glomeromycota;Glomeromycetes;Glomerales;Glomeraceae;Glomus;Glomus_geosporum
FJ010207	Root;Basidiomycota;Agaricomycetes;Polyporales;Meruliaceae;Flavodon;Flavodon_flavus
GQ852825	Root;Ascomycota;Dothideomycetes;Capnodiales;Teratosphaeriaceae;Teratosphaeria;Teratosphaeria_stellenboschiana
FJ023539	Root;Ascomycota;Dothideomycetes;Capnodiales;Teratosphaeriaceae;Teratosphaeria;Teratosphaeria_veloci
AY725517	Root;Ascomycota;Dothideomycetes;Capnodiales;Teratosphaeriaceae;Teratosphaeria;Teratosphaeria_verrucosa
FJ426388	Root;Ascomycota;Sordariomycetes;Hypocreales;Bionectriaceae;Bionectria;Bionectria_ochroleuca
FJ025191	Root;Ascomycota;Sordariomycetes;Hypocreales;Bionectriaceae;Bionectria;Bionectria_ralfsii
AY577811	Root;Ascomycota;Sordariomycetes;Diaporthales;Melanconidaceae;Melanconis;Melanconis_stilbostoma
EU551212	Root;Ascomycota;Dothideomycetes;Pleosporales;Sporormiaceae;Preussia;Preussia_minima
GU062295	Root;Ascomycota;Sordariomycetes;Xylariales;Diatrypaceae;Diatrypella;Diatrypella_pulvinata
FJ489869	Root;Ascomycota;Eurotiomycetes;Eurotiales;Trichocomaceae;Eurotium;Eurotium_rubrum
FJ039603	Root;Basidiomycota;Agaricomycetes;Agaricales;Cortinariaceae;Cortinarius;Cortinarius_illuminus
FJ039617	Root;Basidiomycota;Agaricomycetes;Agaricales;Cortinariaceae;Cortinarius;Cortinarius_ochrophyllus
FJ039703	Root;Basidiomycota;Agaricomycetes;Agaricales;Cortinariaceae;Cortinarius;Cortinarius_herpeticus
FJ039683	Root;Basidiomycota;Agaricomycetes;Agaricales;Cortinariaceae;Cortinarius;Cortinarius_viridipes
FJ790836	Root;Ascomycota;Dothideomycetes;Botryosphaeriales;Botryosphaeriaceae;Botryosphaeria;Lasiodiplodia_theobromae
FJ717549	Root;Basidiomycota;Agaricomycetes;Agaricales;Cortinariaceae;Cortinarius;Cortinarius_obtusus
FJ154074	Root;Ascomycota;Sordariomycetes;Hypocreales;Nectriaceae;Gibberella;Gibberella_moniliformis
FJ154771	Root;Basidiomycota;Agaricomycetes;Polyporales;Ganodermataceae;Ganoderma;Ganoderma_tsunodae
AJ627583	Root;Basidiomycota;Agaricomycetes;Polyporales;Ganodermataceae;Amauroderma;Amauroderma_subresinosum
FJ157002	Root;Basidiomycota;Agaricomycetes;Agaricales;Cortinariaceae;Cortinarius;Cortinarius_acutus
FJ157057	Root;Basidiomycota;Agaricomycetes;Agaricales;Cortinariaceae;Cortinarius;Cortinarius_limonius
FJ039675	Root;Basidiomycota;Agaricomycetes;Agaricales;Cortinariaceae;Cortinarius;Cortinarius_paragaudis
FJ157141	Root;Basidiomycota;Agaricomycetes;Agaricales;Cortinariaceae;Cortinarius;Cortinarius_armillatus
AY750159	Root;Basidiomycota;Agaricomycetes;Agaricales;Cortinariaceae;Cortinarius;Cortinarius_cinnamomeus
EU379678	Root;Basidiomycota;Agaricomycetes;Boletales;Rhizopogonaceae;Rhizopogon;Rhizopogon_roseolus
FJ171854	Root;Ascomycota;Neolectomycetes;Neolectales;Neolectaceae;Neolecta;Neolecta_vitellina
FJ171864	Root;Ascomycota;Neolectomycetes;Neolectales;Neolectaceae;Neolecta;Neolecta_irregularis
FJ172269	Root;Ascomycota;Sordariomycetes;Xylariales;Xylariaceae;Hypoxylon;Hypoxylon_subdisciforme
FJ172271	Root;Ascomycota;Sordariomycetes;Xylariales;Xylariaceae;Xylotumulus;Xylotumulus_gibbisporus
FJ172527	Root;Ascomycota;Saccharomycetes;Saccharomycetales;Metschnikowiaceae;Metschnikowia;Metschnikowia_pulcherrima
FJ172528	Root;Ascomycota;Saccharomycetes;Saccharomycetales;Metschnikowiaceae;Metschnikowia;Metschnikowia_pulcherrima
FJ178363	Root;Ascomycota;Sordariomycetes;Ophiostomatales;Ophiostomataceae;Ophiostoma;Ophiostoma_ips
FJ185307	Root;Ascomycota;Sordariomycetes;Xylariales;Xylariaceae;Hypoxylon;Hypoxylon_investiens
FJ195642	Root;Basidiomycota;Agaricomycetes;Agaricales;Cortinariaceae;Cortinarius;Cortinarius_aquilanus
FJ196771	Root;Ascomycota;Sordariomycetes;Sordariales;Lasiosphaeriaceae;Arnium;Arnium_gigantosporum
FJ196781	Root;Ascomycota;Saccharomycetes;Saccharomycetales;Saccharomycetaceae;Kazachstania;Kazachstania_siamensis
EU569281	Root;Basidiomycota;Agaricomycetes;Agaricales;Amanitaceae;Amanita;Amanita_flavoconia
GQ250403	Root;Basidiomycota;Agaricomycetes;Agaricales;Amanitaceae;Amanita;Amanita_novinupta
UDB011623	Root;Basidiomycota;Agaricomycetes;Agaricales;Tricholomataceae;Tricholoma;Tricholoma_apium
FJ197220	Root;Ascomycota;Eurotiomycetes;Eurotiales;Trichocomaceae;Penicillium;Penicillium_islandicum
FJ197820	Root;Ascomycota;Pezizomycetes;Pezizales;Pezizaceae;Tirmania;Tirmania_nivea
EU784230	Root;Basidiomycota;Agaricomycetes;Geastrales;Geastraceae;Geastrum;Geastrum_fimbriatum
EF493247	Root;Basidiomycota;Agaricomycetes;Boletales;Boletaceae;Boletus;Xerocomus_communis
FJ205457	Root;Ascomycota;Sordariomycetes;Hypocreales;Nectriaceae;Neonectria;Neonectria_radicicola
FJ205469	Root;Ascomycota;Sordariomycetes;Xylariales;Xylariaceae;Xylaria;Xylaria_arbuscula
AB015679	Root;Basidiomycota;Agaricomycetes;Agaricales;Amanitaceae;Amanita;Amanita_citrina
JF908254	Root;Basidiomycota;Agaricomycetes;Agaricales;Cortinariaceae;Inocybe;Inocybe_tigrina
DQ067579	Root;Basidiomycota;Agaricomycetes;Agaricales;Cortinariaceae;Inocybe;Inocybe_rufuloides
DQ179127	Root;Basidiomycota;Agaricomycetes;Boletales;Rhizopogonaceae;Rhizopogon;Rhizopogon_roseolus
AY818349	Root;Basidiomycota;Agaricomycetes;Agaricales;Strophariaceae;Hypholoma;Hypholoma_sublateritium
FJ224115	Root;Ascomycota;Dothideomycetes;Pleosporales;Montagnulaceae;Paraconiothyrium;Paraconiothyrium_sporulosum
FJ228180	Root;Ascomycota;Dothideomycetes;Botryosphaeriales;Botryosphaeriaceae;Botryosphaeria;Botryosphaeria_sarmentorum
FJ234198	Root;Basidiomycota;Agaricomycetes;Polyporales;Polyporaceae;Trametes;Trametes_punicea
FJ235141	Root;Ascomycota;Pezizomycetes;Pezizales;Pyronemataceae;Scutellinia;Scutellinia_scutellata
FJ235147	Root;Basidiomycota;Agaricomycetes;Polyporales;Polyporaceae;Neolentinus;Neolentinus_ponderosus
FJ235150	Root;Ascomycota;Pezizomycetes;Pezizales;Pyronemataceae;Genea;Genea_harknessii
FJ236315	Root;Basidiomycota;Agaricomycetes;Cantharellales;Ceratobasidiaceae;Thanatephorus;Thanatephorus_cucumeris
UDB011376	Root;Basidiomycota;Agaricomycetes;Agaricales;Tricholomataceae;Delicatula;Delicatula_integrella
FJ356151	Root;Ascomycota;Lecanoromycetes;Lecanorales;Ramalinaceae;Ramalina;Ramalina_peruviana
FJ919629	Root;Ascomycota;Sordariomycetes;Hypocreales;Nectriaceae;Fusarium;Fusarium_oxysporum
FJ372398	Root;Ascomycota;Dothideomycetes;Capnodiales;Teratosphaeriaceae;Teratosphaeria;Teratosphaeria_encephalarti
FJ372685	Root;Basidiomycota;Agaricomycetes;Polyporales;Polyporaceae;Pycnoporus;Pycnoporus_puniceus
FJ375246	Root;Basidiomycota;Agaricomycetes;Agaricales;Pluteaceae;Pluteus;Pluteus_romellii
FJ375247	Root;Basidiomycota;Agaricomycetes;Agaricales;Pluteaceae;Pluteus;Pluteus_diverticulatus
FJ375248	Root;Basidiomycota;Agaricomycetes;Agaricales;Pluteaceae;Pluteus;Pluteus_aurantiorugosus
FJ375249	Root;Basidiomycota;Agaricomycetes;Agaricales;Pluteaceae;Pluteus;Pluteus_aurantiorugosus
JQ801386	Root;Basidiomycota;Agaricomycetes;Agaricales;Cortinariaceae;Inocybe;Inocybe_calamistrata
FJ380933	Root;Ascomycota;Orbiliomycetes;Orbiliales;Orbiliaceae;Monacrosporium;Monacrosporium_asthenopagum
FJ380937	Root;Ascomycota;Orbiliomycetes;Orbiliales;Orbiliaceae;Drechslerella;Drechslerella_dactyloides
GU799559	Root;Ascomycota;Orbiliomycetes;Orbiliales;Orbiliaceae;Arthrobotrys;Arthrobotrys_musiformis
FJ380940	Root;Ascomycota;Orbiliomycetes;Orbiliales;Orbiliaceae;Dactylellina;Dactylellina_ellipsospora
FJ389932	Root;Ascomycota;Eurotiomycetes;Eurotiales;Trichocomaceae;Paecilomyces;Paecilomyces_divaricatus
FJ389933	Root;Ascomycota;Eurotiomycetes;Eurotiales;Trichocomaceae;Byssochlamys;Byssochlamys_zollerniae
FJ403209	Root;Basidiomycota;Agaricomycetes;Polyporales;Fomitopsidaceae;Daedalea;Daedalea_microsticta
FJ403210	Root;Basidiomycota;Agaricomycetes;Polyporales;Fomitopsidaceae;Daedalea;Daedalea_pseudodochmia
FJ403211	Root;Basidiomycota;Agaricomycetes;Polyporales;Fomitopsidaceae;Daedalea;Daedalea_quercina
FJ403212	Root;Basidiomycota;Agaricomycetes;Polyporales;Fomitopsidaceae;Daedalea;Daedalea_quercina
FJ403224	Root;Ascomycota;Sordariomycetes;Hypocreales;Nectriaceae;Fusarium;Fusarium_sporotrichioides
FJ411085	Root;Basidiomycota;Agaricomycetes;Polyporales;Polyporaceae;Perenniporiella;Perenniporiella_chaquenia
FJ411100	Root;Basidiomycota;Agaricomycetes;Polyporales;Polyporaceae;Abundisporus;Abundisporus_violaceus
FJ411101	Root;Basidiomycota;Agaricomycetes;Polyporales;Polyporaceae;Abundisporus;Abundisporus_sclerosetosus
AB274815	Root;Ascomycota;Sordariomycetes;Xylariales;Xylariaceae;Xylaria;Xylaria_angulosa
FJ430717	Root;Basidiomycota;Agaricomycetes;Agaricales;Strophariaceae;Hypholoma;Hypholoma_fasciculare
FJ435097	Root;Basidiomycota;Agaricomycetes;Cantharellales;Ceratobasidiaceae;Thanatephorus;Rhizoctonia_solani
FJ435104	Root;Basidiomycota;Agaricomycetes;Cantharellales;Ceratobasidiaceae;Thanatephorus;Rhizoctonia_solani
FJ435099	Root;Basidiomycota;Agaricomycetes;Cantharellales;Ceratobasidiaceae;Thanatephorus;Rhizoctonia_solani
FJ435120	Root;Basidiomycota;Agaricomycetes;Cantharellales;Ceratobasidiaceae;Thanatephorus;Rhizoctonia_solani
EU785399	Root;Ascomycota;Sordariomycetes;Ophiostomatales;Ophiostomataceae;Leptographium;Leptographium_procerum
FJ437234	Root;Ascomycota;Sordariomycetes;Ophiostomatales;Ophiostomataceae;Leptographium;Leptographium_bistatum
FJ439513	Root;Basidiomycota;Agaricomycetes;Russulales;Albatrellaceae;Albatrellus;Albatrellus_peckianus
DQ865092	Root;Ascomycota;Sordariomycetes;Microascales;Microascaceae;Acremonium_furcatum;Acremonium_furcatum
DQ517422	Root;Basidiomycota;Agaricomycetes;Agaricales;Tricholomataceae;Tricholoma;Tricholoma_vaccinum
FJ375328	Root;Basidiomycota;Agaricomycetes;Agaricales;Amanitaceae;Amanita;Amanita_fritillaria
FJ441622	Root;Ascomycota;Sordariomycetes;Diaporthales;Valsaceae;Phomopsis;Phomopsis_phyllanthicola
FJ441625	Root;Ascomycota;Sordariomycetes;Diaporthales;Valsaceae;Phomopsis;Phomopsis_phyllanthicola
FJ441631	Root;Ascomycota;Sordariomycetes;Diaporthales;Valsaceae;Phomopsis;Phomopsis_theicola
FJ441640	Root;Ascomycota;Eurotiomycetes;Eurotiales;Trichocomaceae;Aspergillus;Aspergillus_candidus
FJ441662	Root;Ascomycota;Dothideomycetes;Capnodiales;Mycosphaerellaceae;Stenella;Stenella_musae
JN159694	Root;Ascomycota;Dothideomycetes;Pleosporales;Montagnulaceae;Paraconiothyrium;Paraconiothyrium_brasiliense
AY752138	Root;Ascomycota;Dothideomycetes;Capnodiales;Mycosphaerellaceae;Cercospora;Cercospora_beticola
FJ462752	Root;Basidiomycota;Agaricomycetes;Auriculariales;Auriculariaceae;Auricularia;Auricularia_auricula_judae
FJ462756	Root;Ascomycota;Sordariomycetes;Diaporthales;Valsaceae;Valsa;Cytospora_chrysosperma
FJ462760	Root;Ascomycota;Dothideomycetes;Botryosphaeriales;Botryosphaeriaceae;Microdiplodia;Microdiplodia_miyakei
FJ467352	Root;Basidiomycota;Agaricomycetes;Agaricales;Tricholomataceae;Lepista;Lepista_nuda
FJ478126	Root;Basidiomycota;Agaricomycetes;Polyporales;Meruliaceae;Flavodon;Flavodon_flavus
FJ596863	Root;Basidiomycota;Agaricomycetes;Boletales;Suillaceae;Suillus;Suillus_americanus
FJ501575	Root;Basidiomycota;Agaricomycetes;Agaricales;Tricholomataceae;Lepista;Lepista_sordida
FJ481030	Root;Basidiomycota;Agaricomycetes;Agaricales;Lycoperdaceae;Lycoperdon;Lycoperdon_ericaeum
FJ481048	Root;Basidiomycota;Agaricomycetes;Polyporales;Polyporaceae;Trametes;Trametes_gibbosa
FJ481121	Root;Ascomycota;Sordariomycetes;Phyllachorales;Phyllachoraceae;Colletotrichum;Colletotrichum_destructivum
EU706330	Root;Basidiomycota;Agaricomycetes;Boletales;Gomphidiaceae;Chroogomphus;Chroogomphus_purpurascens
FJ481158	Root;Ascomycota;Sordariomycetes;Xylariales;Xylariaceae;Annulohypoxylon;Annulohypoxylon_annulatum
FJ487920	Root;Ascomycota;Sordariomycetes;Diaporthales;Valsaceae;Valsa;Valsa_brevispora
FJ487931	Root;Ascomycota;Eurotiomycetes;Eurotiales;Trichocomaceae;Talaromyces;Talaromyces_flavus
FJ487928	Root;Ascomycota;Dothideomycetes;Capnodiales;Mycosphaerellaceae;Cladosporium;Cladosporium_colocasiae
FJ487933	Root;Ascomycota;Dothideomycetes;Botryosphaeriales;Botryosphaeriaceae;Dothiorella;Dothiorella_aegiceri
FJ487937	Root;Ascomycota;Dothideomycetes;Pleosporales;Lophiostomataceae;Lophiostoma;Lophiostoma_cynaroidis
FJ487945	Root;Ascomycota;Saccharomycetes;Saccharomycetales;Pichiaceae;Pichia;Pichia_norvegensis
FJ487946	Root;Ascomycota;Saccharomycetes;Saccharomycetales;Saccharomycetaceae;Zygowilliopsis;Williopsis_californica_var_dimennae
FJ491520	Root;Ascomycota;Eurotiomycetes;Eurotiales;Trichocomaceae;Aspergillus;Aspergillus_heyangensis
EU795708	Root;Ascomycota;Eurotiomycetes;Eurotiales;Trichocomaceae;Penicillium;Penicillium_ramulosum
AF449102	Root;Ascomycota;Dothideomycetes;Capnodiales;Teratosphaeriaceae;Teratosphaeria;Teratosphaeria_molleriana
FJ493185	Root;Ascomycota;Dothideomycetes;Capnodiales;Teratosphaeriaceae;Teratosphaeria;Teratosphaeria_corymbiae
FJ493187	Root;Ascomycota;Dothideomycetes;Capnodiales;Mycosphaerellaceae;Phaeophleospora_concentrica;Phaeophleospora_concentrica
FJ493188	Root;Ascomycota;Dothideomycetes;Capnodiales;Mycosphaerellaceae;Phaeophleospora;Phaeophleospora_eugeniae
FJ493189	Root;Ascomycota;Dothideomycetes;Capnodiales;Mycosphaerellaceae;Phaeophleospora;Phaeophleospora_eugeniae
FJ493190	Root;Ascomycota;Dothideomycetes;Capnodiales;Mycosphaerellaceae;Phaeophleospora;Phaeophleospora_eugeniicola
FJ493197	Root;Ascomycota;Dothideomycetes;Capnodiales;Teratosphaeriaceae;Teratosphaeria;Teratosphaeria_alboconidia
FJ494932	Root;Ascomycota;Lecanoromycetes;Lecanorales;Parmeliaceae;Usnea;Usnea_glabrata
FJ494949	Root;Ascomycota;Lecanoromycetes;Lecanorales;Parmeliaceae;Usnea;Usnea_rubicunda
GQ906953	Root;Ascomycota;Sordariomycetes;Sordariales;Chaetomiaceae;Chaetomium;Chaetomium_globosum
FJ497040	Root;Ascomycota;Lecanoromycetes;Lecanorales;Lecanoraceae;Protoparmeliopsis;Lecanora_muralis
FJ499448	Root;Ascomycota;Eurotiomycetes;Eurotiales;Trichocomaceae;Penicillium;Penicillium_commune
FJ534876	Root;Basidiomycota;Tremellomycetes;Tremellales;Trichosporonaceae;Asterotremella;Asterotremella_humicola
FJ480878	Root;Basidiomycota;Agaricomycetes;Cantharellales;Ceratobasidiaceae;Thanatephorus;Rhizoctonia_solani
GQ229075	Root;Ascomycota;Sordariomycetes;Hypocreales;Nectriaceae;Haematonectria;Fusarium_solani
AY129366	Root;Basidiomycota;Agaricomycetes;Agaricales;Strophariaceae;Psilocybe;Psilocybe_australiana
FJ534556	Root;Basidiomycota;Agaricomycetes;Cantharellales;Ceratobasidiaceae;Thanatephorus;Rhizoctonia_solani
DQ534464	Root;Ascomycota;Lecanoromycetes;Lecanorales;Cladoniaceae;Cladonia;Cladonia_scabriuscula
FJ538367	Root;Ascomycota;Dothideomycetes;Botryosphaeriales;Botryosphaeriaceae;Phyllosticta;Phyllosticta_hypoglossi
EU307913	Root;Ascomycota;Sordariomycetes;Hypocreales;Clavicipitaceae;Metarhizium;Metarhizium_anisopliae
DQ069001	Root;Ascomycota;Pezizomycetes;Pezizales;Pyronemataceae;Wilcoxina;Wilcoxina_rehmii
JF908137	Root;Basidiomycota;Agaricomycetes;Agaricales;Cortinariaceae;Inocybe;Inocybe_leptophylla
AY880941	Root;Basidiomycota;Agaricomycetes;Boletales;Suillaceae;Suillus;Suillus_brevipes
GU234146	Root;Basidiomycota;Agaricomycetes;Agaricales;Mycenaceae;Mycena;Mycena_cinerella
EF458018	Root;Basidiomycota;Agaricomycetes;Boletales;Suillaceae;Suillus;Suillus_tomentosus
JN942265	Root;Basidiomycota;Tremellomycetes;Filobasidiales;Filobasidiaceae;Cryptococcus;Cryptococcus_terricola
JQ711958	Root;Basidiomycota;Agaricomycetes;Atheliales;Atheliaceae;Piloderma;Piloderma_sphaerosporum
EF658756	Root;Ascomycota;Leotiomycetes;Helotiales;Helotiaceae;Rhizoscyphus;Rhizoscyphus_ericae
GU234134	Root;Basidiomycota;Agaricomycetes;Agaricales;Mycenaceae;Mycena;Mycena_galopus
FJ560438	Root;Ascomycota;Sordariomycetes;Hypocreales;Nectriaceae;Neonectria;Neonectria_discophora
FJ595478	Root;Ascomycota;Sordariomycetes;Hypocreales;Nectriaceae;Fusarium;Fusarium_oxysporum
FJ595483	Root;Ascomycota;Sordariomycetes;Sordariales;Chaetomiaceae;Chaetomium;Chaetomium_atrobrunneum
FJ596763	Root;Basidiomycota;Agaricomycetes;Agaricales;Tricholomataceae;Tricholomataceae_aff_Rhodocollybia_TENN59896;Tricholomataceae_aff_Rhodocollybia_TENN59896
FJ596868	Root;Basidiomycota;Agaricomycetes;Agaricales;Amanitaceae;Amanita;Amanita_citrina
GQ166906	Root;Basidiomycota;Agaricomycetes;Agaricales;Entolomataceae;Entoloma;Entoloma_abortivum
FJ596884	Root;Basidiomycota;Agaricomycetes;Agaricales;Mycenaceae;Mycena;Mycena_epipterygia
FJ596885	Root;Basidiomycota;Agaricomycetes;Agaricales;Tricholomataceae;Tricholoma;Tricholoma_sejunctum
FJ596888	Root;Basidiomycota;Agaricomycetes;Agaricales;Mycenaceae;Mycena;Mycena_semivestipes
FJ596889	Root;Basidiomycota;Agaricomycetes;Agaricales;Mycenaceae;Xeromphalina;Xeromphalina_aff_parvibulbosa_TENN61775
FJ596896	Root;Basidiomycota;Agaricomycetes;Agaricales;Tricholomataceae;Clitocybe;Clitocybe_aff_nebularis_TENN62816
FJ596913	Root;Basidiomycota;Agaricomycetes;Agaricales;Tricholomataceae;Clitocybe;Clitocybe_aff_costata_DJL06TN80
FJ596917	Root;Basidiomycota;Agaricomycetes;Agaricales;Tricholomataceae;Tricholomataceae_aff_Porpoloma_GRSM77081;Tricholomataceae_aff_Porpoloma_GRSM77081
FJ596921	Root;Basidiomycota;Agaricomycetes;Agaricales;Strophariaceae;Psilocybe;Psilocybe_rhombispora
FJ602947	Root;Ascomycota;Sordariomycetes;Hypocreales;Nectriaceae;Gibberella;Gibberella_avenacea
FJ602957	Root;Ascomycota;Sordariomycetes;Hypocreales;Nectriaceae;Gibberella;Gibberella_avenacea
FJ605258	Root;Ascomycota;Dothideomycetes;Pleosporales;Phaeosphaeriaceae;Phaeosphaeria;Phaeosphaeria_avenaria
GU292816	Root;Ascomycota;Sordariomycetes;Xylariales;Xylariaceae;Nemania;Nemania_abortiva
GU292823	Root;Ascomycota;Sordariomycetes;Xylariales;Xylariaceae;Nemania;Nemania_macrocarpa
FJ623269	Root;Ascomycota;Sordariomycetes;Microascales;Microascaceae;Microascus;Scopulariopsis_brevicaulis
FJ623593	Root;Ascomycota;Saccharomycetes;Saccharomycetales;Metschnikowiaceae;Metschnikowia;Metschnikowia_chrysoperlae
FJ624264	Root;Ascomycota;Eurotiomycetes;Eurotiales;Trichocomaceae;Neosartorya;Neosartorya_fischeri
FJ624268	Root;Ascomycota;Sordariomycetes;Hypocreales;Nectriaceae;Fusarium;Fusarium_aquaeductuum
FJ624271	Root;Ascomycota;Eurotiomycetes;Eurotiales;Trichocomaceae;Talaromyces;Talaromyces_stipitatus
FJ627249	Root;Basidiomycota;Agaricomycetes;Polyporales;Polyporaceae;Microporus;Microporus_subaffinis
FJ810184	Root;Basidiomycota;Agaricomycetes;Polyporales;Polyporaceae;Trametes;Trametes_suaveolens
FJ627251	Root;Basidiomycota;Agaricomycetes;Polyporales;Polyporaceae;Coriolopsis;Coriolopsis_sanguinaria
FJ627252	Root;Basidiomycota;Agaricomycetes;Polyporales;Polyporaceae;Haploporus;Haploporus_alabamae
FJ627253	Root;Basidiomycota;Agaricomycetes;Polyporales;Ganodermataceae;Ganoderma;Ganoderma_lipsiense
FJ629334	Root;Ascomycota;Eurotiomycetes;Eurotiales;Trichocomaceae;Aspergillus;Aspergillus_homomorphus
FJ441623	Root;Ascomycota;Sordariomycetes;Diaporthales;Valsaceae;Phomopsis;Phomopsis_phyllanthicola
FJ644282	Root;Basidiomycota;Agaricomycetes;Hymenochaetales;Schizoporaceae;Oxyporus;Oxyporus_subpopulinus
FJ644287	Root;Basidiomycota;Agaricomycetes;Russulales;Bondarzewiaceae;Bondarzewia;Bondarzewia_guaitecasensis
FJ644288	Root;Basidiomycota;Agaricomycetes;Russulales;Bondarzewiaceae;Bondarzewia;Bondarzewia_berkeleyi
FJ644289	Root;Basidiomycota;Agaricomycetes;Russulales;Bondarzewiaceae;Wrightoporia;Wrightoporia_luteola
FJ645265	Root;Ascomycota;Eurotiomycetes;Verrucariales;Verrucariaceae;Staurothele;Staurothele_fissa
FJ645266	Root;Ascomycota;Eurotiomycetes;Verrucariales;Verrucariaceae;Thelidium;Thelidium_impressum
FJ645267	Root;Ascomycota;Eurotiomycetes;Verrucariales;Verrucariaceae;Thelidium;Thelidium_methorium
FJ645269	Root;Ascomycota;Eurotiomycetes;Verrucariales;Verrucariaceae;Thelidium;Thelidium_pluvium
FJ648577	Root;Ascomycota;Dothideomycetes;Botryosphaeriales;Botryosphaeriaceae;Neoscytalidium;Neoscytalidium_dimidiatum
FJ664824	Root;Ascomycota;Eurotiomycetes;Verrucariales;Verrucariaceae;Verrucaria;Verrucaria_andesiatica
FJ664825	Root;Ascomycota;Eurotiomycetes;Verrucariales;Verrucariaceae;Verrucaria;Verrucaria_andesiatica
FJ664840	Root;Ascomycota;Eurotiomycetes;Verrucariales;Verrucariaceae;Verrucaria;Verrucaria_degelii
FJ664865	Root;Ascomycota;Eurotiomycetes;Verrucariales;Verrucariaceae;Verrucaria;Verrucaria_latebrosa
FJ664868	Root;Ascomycota;Eurotiomycetes;Verrucariales;Verrucariaceae;Verrucaria;Verrucaria_madida
FJ664869	Root;Ascomycota;Eurotiomycetes;Verrucariales;Verrucariaceae;Verrucaria;Verrucaria_margacea
FJ664873	Root;Ascomycota;Eurotiomycetes;Verrucariales;Verrucariaceae;Hydropunctaria;Hydropunctaria_maura
FJ664875	Root;Ascomycota;Eurotiomycetes;Verrucariales;Verrucariaceae;Wahlenbergiella;Wahlenbergiella_mucosa
EU553501	Root;Ascomycota;Eurotiomycetes;Verrucariales;Verrucariaceae;Verrucaria;Verrucaria_rupestris
FJ664877	Root;Ascomycota;Eurotiomycetes;Verrucariales;Verrucariaceae;Verrucaria;Verrucaria_nigrescens
FJ664878	Root;Ascomycota;Eurotiomycetes;Verrucariales;Verrucariaceae;Verrucaria;Verrucaria_pachyderma
FJ664885	Root;Ascomycota;Eurotiomycetes;Verrucariales;Verrucariaceae;Verrucaria;Verrucaria_sublobulata
FJ710187	Root;Basidiomycota;Agaricomycetes;Boletales;Sclerodermataceae;Astraeus;Astraeus_hygrometricus
FJ710191	Root;Basidiomycota;Agaricomycetes;Boletales;Calostomataceae;Calostoma;Calostoma_japonicum
FJ713089	Root;Ascomycota;Sordariomycetes;Microascales;Microascaceae;Scedosporium;Scedosporium_prolificans
JF313658	Root;Basidiomycota;Agaricomycetes;Agaricales;Amanitaceae;Amanita;Amanita_citrina_f_lavendula
FJ717601	Root;Basidiomycota;Agaricomycetes;Agaricales;Cortinariaceae;Cortinarius;Cortinarius_variosimilis
FJ755212	Root;Ascomycota;Dothideomycetes;Botryosphaeriales;Botryosphaeriaceae;Botryosphaeria;Botryosphaeria_rhodina
FJ765018	Root;Ascomycota;Eurotiomycetes;Eurotiales;Trichocomaceae;Paecilomyces;Paecilomyces_sp
AY624190	Root;Ascomycota;Eurotiomycetes;Eurotiales;Trichocomaceae;Paecilomyces;Paecilomyces_lilacinus
FJ769293	Root;Glomeromycota;Glomeromycetes;Glomerales;Glomeraceae;Glomus;Glomus_mosseae
FJ769303	Root;Glomeromycota;Glomeromycetes;Glomerales;Glomeraceae;Glomus;Glomus_claroideum
FJ769656	Root;Ascomycota;Dothideomycetes;Capnodiales;Mycosphaerellaceae;Guignardia;Guignardia_citricarpa
FJ769661	Root;Ascomycota;Dothideomycetes;Capnodiales;Mycosphaerellaceae;Guignardia;Guignardia_citricarpa
FJ770394	Root;Basidiomycota;Agaricomycetes;Agaricales;Tricholomataceae;Omphalina;Omphalina_mutila
FJ770397	Root;Basidiomycota;Agaricomycetes;Agaricales;Entolomataceae;Clitopilus;Clitopilus_popinalis
FJ770398	Root;Basidiomycota;Agaricomycetes;Agaricales;Entolomataceae;Clitopilus;Clitopilus_hobsonii
FJ774080	Root;Basidiomycota;Agaricomycetes;Agaricales;Pluteaceae;Pluteus;Pluteus_semibulbosus
FJ774082	Root;Basidiomycota;Agaricomycetes;Agaricales;Pluteaceae;Pluteus;Pluteus_fenzlii
FJ774083	Root;Basidiomycota;Agaricomycetes;Agaricales;Pluteaceae;Pluteus;Pluteus_exiguus
FJ774086	Root;Basidiomycota;Agaricomycetes;Agaricales;Pluteaceae;Pluteus;Pluteus_granulatus
FJ774087	Root;Basidiomycota;Agaricomycetes;Agaricales;Pluteaceae;Pluteus;Pluteus_salicinus
FJ774088	Root;Basidiomycota;Agaricomycetes;Agaricales;Pluteaceae;Pluteus;Pluteus_cervinus
FN663148	Root;Basidiomycota;Tremellomycetes;Tremellales;Exidiaceae;Sebacina;Sebacina_vermifera
FJ790267	Root;Ascomycota;Dothideomycetes;Capnodiales;Mycosphaerellaceae;Passalora;Passalora_intermedia
FJ791134	Root;Basidiomycota;Agaricomycetes;Polyporales;Meruliaceae;Phlebia;Phlebia_subserialis
FJ791144	Root;Ascomycota;Eurotiomycetes;Eurotiales;Trichocomaceae;Emericella;Emericella_nidulans
EU821482	Root;Ascomycota;Sordariomycetes;Sordariales;Chaetomiaceae;Chaetomium;Chaetomium_globosum
FJ791148	Root;Ascomycota;Pezizomycetes;Pezizales;Pezizaceae;Chromelosporium;Chromelosporium_carneum
EU798695	Root;Ascomycota;Saccharomycetes;Saccharomycetales;Saccharomycopsidaceae;Saccharomycopsis;Saccharomycopsis_fibuligera
FJ798705	Root;Basidiomycota;Agaricomycetes;Polyporales;Steccherinaceae;Steccherinum;Steccherinum_murashkinskyi
JQ711816	Root;Basidiomycota;Agaricomycetes;Atheliales;Atheliaceae;Amphinema;Amphinema_byssoides
EU819519	Root;Basidiomycota;Tremellomycetes;Tremellales;Exidiaceae;Sebacina;Sebacina_aff_epigaea_MW_526
FJ481041	Root;Basidiomycota;Agaricomycetes;Polyporales;Fomitopsidaceae;Fomitopsis;Fomitopsis_pinicola
FJ411103	Root;Basidiomycota;Agaricomycetes;Polyporales;Polyporaceae;Perenniporia;Perenniporia_subacida
GQ397994	Root;Basidiomycota;Agaricomycetes;Agaricales;Entolomataceae;Entoloma;Entoloma_sinuatum
AY821864	Root;Ascomycota;Sordariomycetes;Microascales;Ceratocystidaceae;Ceratocystis;Ceratocystis_paradoxa
FJ810129	Root;Basidiomycota;Agaricomycetes;Russulales;Stereaceae;Stereum;Stereum_hirsutum
FJ810140	Root;Basidiomycota;Agaricomycetes;Agaricales;Strophariaceae;Stropharia;Stropharia_ambigua
FJ810142	Root;Basidiomycota;Agaricomycetes;Agaricales;Tricholomataceae;Lepista;Lepista_irina
FJ810156	Root;Basidiomycota;Agaricomycetes;Agaricales;Tricholomataceae;Lepista;Lepista_nuda
FJ810159	Root;Basidiomycota;Agaricomycetes;Agaricales;Coprinaceae;Coprinus;Coprinus_sterquilinus
FJ810507	Root;Ascomycota;Saccharomycetes;Saccharomycetales;Metschnikowiaceae;Metschnikowia;Metschnikowia_corniflorae
EF493249	Root;Basidiomycota;Agaricomycetes;Boletales;Suillaceae;Suillus;Suillus_bovinus
AJ889927	Root;Basidiomycota;Agaricomycetes;Boletales;Boletaceae;Boletus;Xerocomus_badius
GU062313	Root;Basidiomycota;Agaricomycetes;Polyporales;Sistotremataceae;Sistotrema;Sistotrema_brinkmannii
AJ309808	Root;Basidiomycota;Agaricomycetes;Polyporales;Polyporaceae;Trichaptum;Trichaptum_abietinum
AJ006679	Root;Basidiomycota;Agaricomycetes;Polyporales;Polyporaceae;Skeletocutis;Skeletocutis_nivea
DQ449649	Root;Ascomycota;Sordariomycetes;Hypocreales;Clavicipitaceae;Beauveria;Beauveria_bassiana
FJ824614	Root;Ascomycota;Sordariomycetes;Hypocreales;Ophiocordycipitaceae;Chaunopycnis;Chaunopycnis_pustulata
FJ824766	Root;Ascomycota;Dothideomycetes;Capnodiales;Mycosphaerellaceae;Guignardia;Guignardia_bidwellii
FJ824769	Root;Ascomycota;Dothideomycetes;Botryosphaeriales;Botryosphaeriaceae;Melanops;Melanops_tulasnei
FJ824809	Root;Ascomycota;Sordariomycetes;Hypocreales;Clavicipitaceae;Nomuraea;Nomuraea_rileyi
FJ838770	Root;Ascomycota;Saccharomycetes;Saccharomycetales;Saccharomycetaceae;Kluyveromyces;Kluyveromyces_marxianus
FJ838773	Root;Ascomycota;Saccharomycetes;Saccharomycetales;Saccharomycetaceae;Kluyveromyces;Kluyveromyces_marxianus
FJ838774	Root;Ascomycota;Saccharomycetes;Saccharomycetales;Saccharomycetaceae;Torulaspora;Torulaspora_delbrueckii
FJ838779	Root;Ascomycota;Saccharomycetes;Saccharomycetales;Metschnikowiaceae;Clavispora;Clavispora_lusitaniae
FJ839634	Root;Ascomycota;Dothideomycetes;Capnodiales;Mycosphaerellaceae;Verrucisporota_grevilleae;Verrucisporota_grevilleae
FJ839635	Root;Ascomycota;Dothideomycetes;Capnodiales;Mycosphaerellaceae;Verrucisporota_proteacearum;Verrucisporota_proteacearum
FJ839640	Root;Ascomycota;Dothideomycetes;Capnodiales;Mycosphaerellaceae;Xenostigmina;Xenostigmina_zilleri
GU266273	Root;Ascomycota;Eurotiomycetes;Eurotiales;Trichocomaceae;Aspergillus;Aspergillus_fumigatus
FJ845401	Root;Basidiomycota;Agaricomycetes;Thelephorales;Bankeraceae;Boletopsis;Boletopsis_subsquamosa
FJ845402	Root;Basidiomycota;Agaricomycetes;Boletales;Gomphidiaceae;Chroogomphus;Chroogomphus_vinicolor
FJ845414	Root;Basidiomycota;Agaricomycetes;Agaricales;Cortinariaceae;Inocybe;Inocybe_geophylla
FJ845415	Root;Basidiomycota;Agaricomycetes;Agaricales;Cortinariaceae;Inocybe;Inocybe_lanuginosa
FJ845424	Root;Basidiomycota;Agaricomycetes;Thelephorales;Bankeraceae;Phellodon;Phellodon_tomentosus
FJ845425	Root;Basidiomycota;Agaricomycetes;Agaricales;Cortinariaceae;Cortinarius;Cortinarius_caperatus
FJ845438	Root;Basidiomycota;Agaricomycetes;Thelephorales;Bankeraceae;Sarcodon;Sarcodon_imbricatus
FJ845445	Root;Basidiomycota;Agaricomycetes;Agaricales;Tricholomataceae;Tricholoma;Tricholoma_platyphyllum
FJ845448	Root;Basidiomycota;Agaricomycetes;Agaricales;Tricholomataceae;Tricholoma;Tricholoma_sejunctum
FJ850966	Root;Basidiomycota;Agaricomycetes;Polyporales;Ganodermataceae;Ganoderma;Ganoderma_resinaceum
FJ850967	Root;Basidiomycota;Agaricomycetes;Polyporales;Ganodermataceae;Ganoderma;Ganoderma_resinaceum
FJ865435	Root;Ascomycota;Saccharomycetes;Saccharomycetales;Pichiaceae;Pichia;Pichia_jadinii
FJ868788	Root;Ascomycota;Sordariomycetes;Hypocreales;Nectriaceae;Cylindrocladium;Cylindrocladium_quinqueseptatum
FJ869342	Root;Basidiomycota;Agaricomycetes;Russulales;Auriscalpiaceae;Lentinellus;Lentinellus_cochleatus
FJ871083	Root;Ascomycota;Lecanoromycetes;Lecanorales;Ramalinaceae;Ramalina;Ramalina_huei
FJ871095	Root;Ascomycota;Lecanoromycetes;Lecanorales;Ramalinaceae;Ramalina;Ramalina_pacifica
FJ871099	Root;Ascomycota;Lecanoromycetes;Lecanorales;Ramalinaceae;Ramalina;Ramalina_pluviariae
FJ871105	Root;Ascomycota;Lecanoromycetes;Lecanorales;Ramalinaceae;Ramalinopsis;Ramalinopsis_mannii
FJ871106	Root;Ascomycota;Lecanoromycetes;Lecanorales;Ramalinaceae;Trichoramalina;Trichoramalina_crinita
GQ982886	Root;Basidiomycota;Agaricomycetes;Polyporales;Polyporaceae;Pycnoporus;Pycnoporus_sanguineus
FJ877138	Root;Ascomycota;Eurotiomycetes;Eurotiales;Trichocomaceae;Paecilomyces;Paecilomyces_lilacinus
FJ884194	Root;Ascomycota;Sordariomycetes;Xylariales;Xylariaceae;Xylaria;Xylaria_allantoidea
EF622086	Root;Ascomycota;Dothideomycetes;Botryosphaeriales;Botryosphaeriaceae;Lasiodiplodia;Lasiodiplodia_crassispora
FJ890029	Root;Basidiomycota;Agaricomycetes;Agaricales;Amanitaceae;Amanita;Amanita_flavoconia
HM209796	Root;Basidiomycota;Agaricomycetes;Agaricales;Cortinariaceae;Inocybe;Inocybe_umbrinella
AF335456	Root;Basidiomycota;Agaricomycetes;Cantharellales;Clavulinaceae;Clavulina;Clavulina_cinerea
FJ903307	Root;Basidiomycota;Agaricomycetes;Polyporales;Polyporaceae;Skeletocutis;Skeletocutis_odora
AY129359	Root;Basidiomycota;Agaricomycetes;Agaricales;Strophariaceae;Psilocybe;Psilocybe_crobula
FJ903370	Root;Ascomycota;Sordariomycetes;Xylariales;Diatrypaceae;Eutypa;Eutypa_lata
GQ422467	Root;Basidiomycota;Agaricomycetes;Russulales;Stereaceae;Amylostereum;Amylostereum_areolatum
AM882776	Root;Basidiomycota;Agaricomycetes;Agaricales;Cortinariaceae;Inocybe;Inocybe_flavella
AM882762	Root;Basidiomycota;Agaricomycetes;Agaricales;Cortinariaceae;Inocybe;Inocybe_rimosa
EU525943	Root;Basidiomycota;Agaricomycetes;Agaricales;Cortinariaceae;Inocybe;Inocybe_sororia
AM882766	Root;Basidiomycota;Agaricomycetes;Agaricales;Cortinariaceae;Inocybe;Inocybe_rimosa
FJ904160	Root;Basidiomycota;Agaricomycetes;Agaricales;Cortinariaceae;Inocybe;Inocybe_bulbosissima
FJ904175	Root;Basidiomycota;Agaricomycetes;Agaricales;Cortinariaceae;Inocybe;Inocybe_rhodiola
FJ904669	Root;Ascomycota;Lecanoromycetes;Ostropales;Stictidaceae;Absconditella;Absconditella_lignicola
FJ904674	Root;Ascomycota;Lecanoromycetes;Ostropales;Stictidaceae;Cryptodiscus;Cryptodiscus_gloeocapsa
FJ904675	Root;Ascomycota;Lecanoromycetes;Ostropales;Stictidaceae;Cryptodiscus;Cryptodiscus_incolor
FJ904685	Root;Ascomycota;Lecanoromycetes;Ostropales;Stictidaceae;Cryptodiscus;Cryptodiscus_rhopaloides
FJ904857	Root;Basidiomycota;Agaricomycetes;Russulales;Bondarzewiaceae;Wrightoporia;Wrightoporia_tropicalis
FJ914805	Root;Ascomycota;Lecanoromycetes;Lecanorales;Parmeliaceae;Flavocetraria;Flavocetraria_cucullata
FJ914924	Root;Ascomycota;Saccharomycetes;Saccharomycetales;Pichiaceae;Ogataea;Ogataea_chonburiensis
FJ919668	Root;Ascomycota;Dothideomycetes;Pleosporales;Dothidotthiaceae;Barriopsis;Barriopsis_iraniana
JN942765	Root;Ascomycota;Pezizomycetes;Pezizales;Pyronemataceae;Otidea;Otidea_bufonia
FJ969193	Root;Ascomycota;Eurotiomycetes;Eurotiales;Trichocomaceae;Aspergillus;Aspergillus_flavus
FJ969801	Root;Ascomycota;Sordariomycetes;Hypocreales;Bionectriaceae;Ijuhya;Ijuhya_paraparilis
FJ973060	Root;Ascomycota;Sordariomycetes;Hypocreales;Ophiocordycipitaceae;Tolypocladium;Tolypocladium_inflatum
FJ973063	Root;Ascomycota;Sordariomycetes;Hypocreales;Clavicipitaceae;Beauveria;Beauveria_vermiconia
U35286	Root;Ascomycota;Sordariomycetes;Hypocreales;Clavicipitaceae;Beauveria;Beauveria_felina
FJ973068	Root;Ascomycota;Sordariomycetes;Hypocreales;Ophiocordycipitaceae;Tolypocladium;Tolypocladium_parasiticum
FJ973070	Root;Ascomycota;Sordariomycetes;Hypocreales;Clavicipitaceae;Cordyceps;Cordyceps_militaris
FJ973071	Root;Ascomycota;Sordariomycetes;Hypocreales;Ophiocordycipitaceae;Hirsutella;Hirsutella_longicolla
DQ286164	Root;Ascomycota;Sordariomycetes;Phyllachorales;Phyllachoraceae;Colletotrichum;Colletotrichum_boninense
FJ491947	Root;Ascomycota;Saccharomycetes;Saccharomycetales;Saccharomycetaceae;Torulaspora;Torulaspora_delbrueckii
FJ228162	Root;Ascomycota;Sordariomycetes;Hypocreales;Nectriaceae;Gibberella;Gibberella_avenacea
EU343867	Root;Ascomycota;Saccharomycetes;Saccharomycetales;Pichiaceae;Pichia;Pichia_nakazawae_var_nakazawae
FJ769426	Root;Ascomycota;Saccharomycetes;Saccharomycetales;Trichomonascaceae;Arxula;Arxula_adeninivorans
FM179315	Root;Basidiomycota;Ustilaginomycetes;Ustilaginales;Ustilaginaceae;Sporisorium;Sporisorium_scitamineum
FM199957	Root;Ascomycota;Saccharomycetes;Saccharomycetales;Saccharomycodaceae;Saccharomycodes;Saccharomycodes_ludwigii
FM199959	Root;Ascomycota;Saccharomycetes;Saccharomycetales;Pichiaceae;Pichia;Pichia_manshurica
EU520183	Root;Ascomycota;Leotiomycetes;Rhytismatales;Rhytismataceae;Lophodermium;Lophodermium_pini_excelsae
AF173310	Root;Ascomycota;Dothideomycetes;Capnodiales;Mycosphaerellaceae;Ramularia;Ramularia_collo_cygni
FR667997	Root;Ascomycota;Sordariomycetes;Diaporthales;Gnomoniaceae;Gnomonia;Gnomonia_ischnostyla
DQ888729	Root;Ascomycota;Eurotiomycetes;Eurotiales;Trichocomaceae;Paecilomyces;Isaria_farinosa
DQ530207	Root;Ascomycota;Lecanoromycetes;Lecanorales;Cladoniaceae;Cladonia;Cladonia_cervicornis_subsp_verticillata
FM205886	Root;Ascomycota;Lecanoromycetes;Lecanorales;Cladoniaceae;Cladonia;Cladonia_convoluta
FM206457	Root;Ascomycota;Pezizomycetes;Pezizales;Pyronemataceae;Geopora;Geopora_arenicola
DQ223756	Root;Ascomycota;Sordariomycetes;Xylariales;Xylariaceae;Annulohypoxylon;Annulohypoxylon_purpureonitens
AF444551	Root;Basidiomycota;Agaricostilbomycetes;Agaricostilbales;Agaricostilbaceae;Sterigmatomyces;Sterigmatomyces_elviae
FM865546	Root;Glomeromycota;Glomeromycetes;Glomerales;Glomeraceae;Glomus;Glomus_intraradices
FM865586	Root;Glomeromycota;Glomeromycetes;Glomerales;Glomeraceae;Glomus;Glomus_intraradices
FM865599	Root;Glomeromycota;Glomeromycetes;Glomerales;Glomeraceae;Glomus;Glomus_intraradices
FM865575	Root;Glomeromycota;Glomeromycetes;Glomerales;Glomeraceae;Glomus;Glomus_intraradices
FM876211	Root;Basidiomycota;Agaricomycetes;Hymenochaetales;Schizoporaceae;Hyphodontia;Lagarobasidium_detriticum
AJ890366	Root;Glomeromycota;Glomeromycetes;Glomerales;Glomeraceae;Glomus;Glomus_coronatum
FM876811	Root;Glomeromycota;Glomeromycetes;Glomerales;Glomeraceae;Glomus;Glomus_luteum
AY842569	Root;Glomeromycota;Glomeromycetes;Glomerales;Glomeraceae;Glomus;Glomus_versiforme
FM876831	Root;Glomeromycota;Glomeromycetes;Diversisporales;Pacisporaceae;Pacispora;Pacispora_scintillans
FM876833	Root;Glomeromycota;Glomeromycetes;Diversisporales;Gigasporaceae;Scutellospora;Scutellospora_nodosa
FM955444	Root;Ascomycota;Sordariomycetes;Sordariales;Lasiosphaeriaceae;Cladorrhinum;Cladorrhinum_phialophoroides
GQ922544	Root;Ascomycota;Sordariomycetes;Sordariales;Lasiosphaeriaceae;Cercophora;Cercophora_grandiuscula
HM347661	Root;Basidiomycota;Agaricomycetes;Boletales;Boletaceae;Boletus;Boletus_pseudoregius
FM992388	Root;Glomeromycota;Glomeromycetes;Glomerales;Glomeraceae;Glomus;Glomus_proliferum
UDB000448	Root;Basidiomycota;Agaricomycetes;Boletales;Boletaceae;Xerocomus;Xerocomus_dryophilus
AJ969623	Root;Ascomycota;Pezizomycetes;Pezizales;Pyronemataceae;Genea;Genea_hispidula
FJ596779	Root;Basidiomycota;Agaricomycetes;Agaricales;Strophariaceae;Kuehneromyces;Kuehneromyces_rostratus
AY513136	Root;Basidiomycota;Agaricomycetes;Russulales;Auriscalpiaceae;Artomyces;Artomyces_pyxidatus
AY129341	Root;Basidiomycota;Agaricomycetes;Agaricales;Strophariaceae;Hypholoma;Hypholoma_capnoides
FN185795	Root;Basidiomycota;Agaricomycetes;Thelephorales;Bankeraceae;Phellodon;Phellodon_melaleucus
FN185977	Root;Ascomycota;Lecanoromycetes;Umbilicariales;Umbilicariaceae;Umbilicaria;Umbilicaria_polyphylla
FJ231019	Root;Ascomycota;Eurotiomycetes;Eurotiales;Trichocomaceae;Penicillium;Penicillium_roseopurpureum
GQ340443	Root;Ascomycota;Saccharomycetes;Saccharomycetales;Pichiaceae;Nakazawaea;Nakazawaea_holstii
FN549910	Root;Ascomycota;Dothideomycetes;Pleosporales;Venturiaceae;Fusicladium;Fusicladium_cordae
FN396121	Root;Basidiomycota;Agaricomycetes;Agaricales;Coprinaceae;Coprinus;Coprinus_cortinatus
AF345823	Root;Basidiomycota;Agaricomycetes;Agaricales;Coprinaceae;Coprinus;Coprinus_comatus
FM878009	Root;Basidiomycota;Agaricomycetes;Agaricales;Coprinaceae;Coprinus;Coprinus_patouillardi
AY461827	Root;Basidiomycota;Agaricomycetes;Agaricales;Coprinaceae;Coprinus;Coprinus_cordisporus
FN400759	Root;Basidiomycota;Tremellomycetes;Filobasidiales;Filobasidiaceae;Filobasidium;Filobasidium_floriforme
FN423688	Root;Glomeromycota;Glomeromycetes;Glomerales;Glomeraceae;Glomus;Glomus_mosseae
FN423692	Root;Glomeromycota;Glomeromycetes;Glomerales;Glomeraceae;Glomus;Glomus_mosseae
FN423694	Root;Glomeromycota;Glomeromycetes;Glomerales;Glomeraceae;Glomus;Glomus_mosseae
FN428877	Root;Ascomycota;Dothideomycetes;Capnodiales;Mycosphaerellaceae;Mycosphaerella;Mycosphaerella_graminicola
AY447025	Root;Ascomycota;Saccharomycetes;Saccharomycetales;Trichomonascaceae;Zygoascus;Zygoascus_hellenicus_var_hellenicus
FN428884	Root;Basidiomycota;Ustilaginomycetes;Ustilaginales;Ustilaginaceae;Pseudozyma;Pseudozyma_aff_pruni_IMUFRJ_52022
FN428895	Root;Basidiomycota;Cystobasidiomycetes;Cystobasidiales;Cystobasidiaceae;Occultifur;Occultifur_aff_externus_IMUFRJ_52018
AY591352	Root;Basidiomycota;Tremellomycetes;Filobasidiales;Filobasidiaceae;Cryptococcus;Cryptococcus_laurentii
FJ515175	Root;Basidiomycota;Tremellomycetes;Filobasidiales;Filobasidiaceae;Cryptococcus;Cryptococcus_flavescens
FN435633	Root;Ascomycota;Sordariomycetes;Xylariales;Xylariaceae;Hypoxylon;Hypoxylon_fragiforme
FN435645	Root;Ascomycota;Sordariomycetes;Xylariales;Xylariaceae;Hypoxylon;Hypoxylon_fuscum
FN435671	Root;Ascomycota;Sordariomycetes;Xylariales;Xylariaceae;Hypoxylon;Hypoxylon_fragiforme
AY616693	Root;Ascomycota;Sordariomycetes;Xylariales;Xylariaceae;Hypoxylon;Hypoxylon_fuscum
EF155526	Root;Ascomycota;Sordariomycetes;Xylariales;Xylariaceae;Hypoxylon;Hypoxylon_fragiforme
FN435751	Root;Ascomycota;Sordariomycetes;Xylariales;Xylariaceae;Hypoxylon;Hypoxylon_fragiforme
EF026140	Root;Ascomycota;Sordariomycetes;Xylariales;Xylariaceae;Annulohypoxylon;Annulohypoxylon_cohaerens
EF155513	Root;Ascomycota;Sordariomycetes;Xylariales;Xylariaceae;Hypoxylon;Hypoxylon_fragiforme
FN435770	Root;Ascomycota;Sordariomycetes;Xylariales;Xylariaceae;Hypoxylon;Hypoxylon_fragiforme
EF155486	Root;Ascomycota;Sordariomycetes;Xylariales;Diatrypaceae;Eutypa;Eutypa_spinosa
FN539054	Root;Basidiomycota;Agaricomycetes;Russulales;Stereaceae;Stereum;Stereum_rugosum
FN546964	Root;Ascomycota;Sordariomycetes;Ophiostomatales;Ophiostomataceae;Ophiostoma;Ophiostoma_bragantinum
FN546965	Root;Ascomycota;Sordariomycetes;Ophiostomatales;Ophiostomataceae;Ophiostoma;Ophiostoma_bragantinum
FN547526	Root;Glomeromycota;Glomeromycetes;Archaeosporales;Ambisporaceae;Ambispora;Ambispora_appendicula
FN547575	Root;Glomeromycota;Glomeromycetes;Diversisporales;Gigasporaceae;Gigaspora;Gigaspora_rosea
FN547572	Root;Glomeromycota;Glomeromycetes;Diversisporales;Gigasporaceae;Gigaspora;Gigaspora_rosea
FN547586	Root;Glomeromycota;Glomeromycetes;Diversisporales;Gigasporaceae;Gigaspora;Gigaspora_rosea
FN547588	Root;Glomeromycota;Glomeromycetes;Diversisporales;Gigasporaceae;Gigaspora;Gigaspora_rosea
FN547595	Root;Glomeromycota;Glomeromycetes;Diversisporales;Gigasporaceae;Gigaspora;Gigaspora_rosea
FN547612	Root;Glomeromycota;Glomeromycetes;Diversisporales;Gigasporaceae;Scutellospora;Scutellospora_gilmorei
FN547645	Root;Glomeromycota;Glomeromycetes;Diversisporales;Diversisporaceae;Diversispora;Diversispora_spurca
FN547665	Root;Glomeromycota;Glomeromycetes;Glomerales;Glomeraceae;Glomus;Glomus_aurantium
FN549914	Root;Ascomycota;Dothideomycetes;Pleosporales;Venturiaceae;Fusicladium;Fusicladium_sicilianum
AM882754	Root;Basidiomycota;Agaricomycetes;Agaricales;Cortinariaceae;Inocybe;Inocybe_subcarpta
FN550884	Root;Basidiomycota;Agaricomycetes;Agaricales;Cortinariaceae;Inocybe;Inocybe_egenula
FN550885	Root;Basidiomycota;Agaricomycetes;Agaricales;Cortinariaceae;Inocybe;Inocybe_grammata
FN550888	Root;Basidiomycota;Agaricomycetes;Agaricales;Cortinariaceae;Inocybe;Inocybe_dunensis
AM882723	Root;Basidiomycota;Agaricomycetes;Agaricales;Cortinariaceae;Inocybe;Inocybe_hirculus
FN550911	Root;Basidiomycota;Agaricomycetes;Agaricales;Cortinariaceae;Inocybe;Inocybe_splendens
FN550913	Root;Basidiomycota;Agaricomycetes;Agaricales;Cortinariaceae;Inocybe;Inocybe_moelleri
FN550916	Root;Basidiomycota;Agaricomycetes;Agaricales;Cortinariaceae;Inocybe;Inocybe_geophylla_var_lateritia
FN550921	Root;Basidiomycota;Agaricomycetes;Agaricales;Cortinariaceae;Inocybe;Inocybe_rufuloides
FN550923	Root;Basidiomycota;Agaricomycetes;Agaricales;Cortinariaceae;Inocybe;Inocybe_cincinnata_var_major
FN550926	Root;Basidiomycota;Agaricomycetes;Agaricales;Cortinariaceae;Inocybe;Inocybe_appendiculata
FN550931	Root;Basidiomycota;Agaricomycetes;Agaricales;Cortinariaceae;Inocybe;Inocybe_griseovelata
FN554897	Root;Basidiomycota;Agaricomycetes;Agaricales;Tricholomataceae;Tricholomopsis;Tricholomopsis_flammula
HE652866	Root;Basidiomycota;Agaricomycetes;Agaricales;Tricholomataceae;Tricholomopsis;Tricholomopsis_flammula
GU016610	Root;Basidiomycota;Agaricomycetes;Boletales;Suillaceae;Suillus;Suillus_bovinus
DQ179130	Root;Basidiomycota;Agaricomycetes;Boletales;Suillaceae;Suillus;Suillus_variegatus
FN598952	Root;Ascomycota;Sordariomycetes;Hypocreales;Clavicipitaceae;Pochonia;Pochonia_chlamydosporia
FN598959	Root;Ascomycota;Sordariomycetes;Hypocreales;Nectriaceae;Cosmospora;Cosmospora_consors
AY669645	Root;Basidiomycota;Agaricomycetes;Agaricales;Cortinariaceae;Cortinarius;Cortinarius_anomalus
AF377226	Root;Basidiomycota;Agaricomycetes;Agaricales;Tricholomataceae;Tricholoma;Tricholoma_sciodes
FJ769289	Root;Glomeromycota;Glomeromycetes;Glomerales;Glomeraceae;Glomus;Glomus_caledonium
FN666413	Root;Basidiomycota;Agaricomycetes;Gomphales;Gomphaceae;Gautieria;Gautieria_graveolens
JN159574	Root;Basidiomycota;Agaricomycetes;Agaricales;Coprinaceae;Coprinus;Coprinus_maysoidisporus
AY599566	Root;Basidiomycota;Agaricomycetes;Polyporales;Fomitopsidaceae;Postia;Oligoporus_balsameus
FN907912	Root;Basidiomycota;Agaricomycetes;Hymenochaetales;Schizoporaceae;Hyphodontia;Hyphodontia_paradoxa
FN907920	Root;Basidiomycota;Agaricomycetes;Hymenochaetales;Schizoporaceae;Poriodontia;Poriodontia_subvinosa
FN985101	Root;Ascomycota;Saccharomycetes;Saccharomycetales;Pichiaceae;Saturnispora;Saturnispora_quitensis
EF413598	Root;Ascomycota;Leotiomycetes;Helotiales;Dermateaceae;Cryptosporiopsis;Cryptosporiopsis_radicicola
EU128647	Root;Ascomycota;Eurotiomycetes;Eurotiales;Trichocomaceae;Penicillium;Penicillium_italicum
EU707865	Root;Ascomycota;Dothideomycetes;Capnodiales;Teratosphaeriaceae;Teratosphaeria;Teratosphaeria_knoxdaviesii
EF652039	Root;Ascomycota;Eurotiomycetes;Eurotiales;Trichocomaceae;Aspergillus;Aspergillus_conicus
FR686568	Root;Basidiomycota;Agaricomycetes;Agaricales;Mycenaceae;Sarcomyxa;Sarcomyxa_serotina
FR686570	Root;Basidiomycota;Agaricomycetes;Polyporales;Polyporaceae;Phaeolus;Phaeolus_schweinitzii
FR717171	Root;Glomeromycota;Glomeromycetes;Glomerales;Glomeraceae;Funneliformis;Funneliformis_mosseae
EU486451	Root;Basidiomycota;Agaricomycetes;Agaricales;Mycenaceae;Mycena;Mycena_epipterygia
FR727121	Root;Ascomycota;Eurotiomycetes;Eurotiales;Trichocomaceae;Aspergillus;Aspergillus_brunneo_uniseriatus
AY728208	Root;Glomeromycota;Glomeromycetes;Glomerales;Glomeraceae;Glomus;Glomus_intraradices
EF652495	Root;Ascomycota;Eurotiomycetes;Eurotiales;Trichocomaceae;Aspergillus;Aspergillus_asperescens
FR750142	Root;Glomeromycota;Glomeromycetes;Diversisporales;Gigasporaceae;Racocetra;Racocetra_fulgida
FR750150	Root;Glomeromycota;Glomeromycetes;Diversisporales;Gigasporaceae;Scutellospora;Scutellospora_spinosissima
FR750530	Root;Glomeromycota;Glomeromycetes;Glomerales;Glomeraceae;Glomus;Glomus_macrocarpum
FR750539	Root;Glomeromycota;Glomeromycetes;Glomerales;Glomeraceae;Glomus;Glomus_macrocarpum
JF908492	Root;Basidiomycota;Agaricomycetes;Agaricales;Mycenaceae;Mycena;Mycena_crocata
GU256764	Root;Basidiomycota;Agaricomycetes;Polyporales;Ganodermataceae;Ganoderma;Ganoderma_applanatum
FR750925	Root;Ascomycota;Sordariomycetes;Hypocreales;Nectriaceae;Gibberella;Fusarium_lateritium
FR751280	Root;Glomeromycota;Glomeromycetes;Glomerales;Glomeraceae;Funneliformis;Funneliformis_mosseae
FR715525	Root;Glomeromycota;Glomeromycetes;Glomerales;Glomeraceae;Funneliformis;Funneliformis_mosseae
FJ668493	Root;Ascomycota;Lecanoromycetes;Lecanorales;Parmeliaceae;Bryoria;Bryoria_capillaris
FR799157	Root;Ascomycota;Lecanoromycetes;Lecanorales;Cladoniaceae;Cladonia;Cladonia_chlorophaea
DQ534461	Root;Ascomycota;Lecanoromycetes;Lecanorales;Cladoniaceae;Cladonia;Cladonia_furcata
FR799494	Root;Ascomycota;Eurotiomycetes;Eurotiales;Trichocomaceae;Aspergillus;Aspergillus_asperescens
FR799497	Root;Ascomycota;Sordariomycetes;Microascales;Microascaceae;Doratomyces;Doratomyces_castaneus
FR821768	Root;Basidiomycota;Agaricomycetes;Polyporales;Ganodermataceae;Ganoderma;Ganoderma_australe
FJ480879	Root;Basidiomycota;Agaricomycetes;Cantharellales;Ceratobasidiaceae;Thanatephorus;Rhizoctonia_solani
AY669662	Root;Basidiomycota;Agaricomycetes;Agaricales;Cortinariaceae;Cortinarius;Cortinarius_cinnabarinus
EU862223	Root;Basidiomycota;Agaricomycetes;Cantharellales;Clavulinaceae;Clavulina;Clavulina_cristata
DQ200840	Root;Ascomycota;Pezizomycetes;Pezizales;Pezizaceae;Peziza;Peziza_succosa
FN550907	Root;Basidiomycota;Agaricomycetes;Agaricales;Cortinariaceae;Inocybe;Inocybe_phaeoleuca
FJ459981	Root;Ascomycota;Sordariomycetes;Hypocreales;Nectriaceae;Gibberella;Fusarium_equiseti
GQ118987	Root;Ascomycota;Eurotiomycetes;Eurotiales;Trichocomaceae;Aspergillus;Aspergillus_tubingensis
GQ121292	Root;Ascomycota;Sordariomycetes;Hypocreales;Nectriaceae;Fusarium;Fusarium_oxysporum
GQ121287	Root;Ascomycota;Sordariomycetes;Hypocreales;Nectriaceae;Fusarium;Fusarium_oxysporum
GQ121294	Root;Ascomycota;Sordariomycetes;Hypocreales;Nectriaceae;Fusarium;Fusarium_oxysporum
GQ121295	Root;Ascomycota;Sordariomycetes;Hypocreales;Nectriaceae;Fusarium;Fusarium_oxysporum
GQ121296	Root;Ascomycota;Sordariomycetes;Hypocreales;Nectriaceae;Fusarium;Fusarium_oxysporum
GQ121304	Root;Ascomycota;Sordariomycetes;Hypocreales;Nectriaceae;Fusarium;Fusarium_oxysporum
GQ121309	Root;Ascomycota;Sordariomycetes;Hypocreales;Nectriaceae;Fusarium;Fusarium_redolens
GQ131882	Root;Ascomycota;Sordariomycetes;Hypocreales;Nectriaceae;Gibberella;Fusarium_acuminatum
FJ449900	Root;Ascomycota;Sordariomycetes;Hypocreales;Nectriaceae;Fusarium;Fusarium_oxysporum
Z96990	Root;Ascomycota;Pezizomycetes;Pezizales;Pyronemataceae;Geopyxis;Geopyxis_carbonaria
GQ165641	Root;Basidiomycota;Agaricomycetes;Agaricales;Cortinariaceae;Phaeocollybia;Phaeocollybia_benzokauffmanii
GQ165677	Root;Basidiomycota;Agaricomycetes;Agaricales;Cortinariaceae;Phaeocollybia;Phaeocollybia_olivacea
GQ165694	Root;Basidiomycota;Agaricomycetes;Agaricales;Cortinariaceae;Phaeocollybia;Phaeocollybia_pleurocystidia
GQ165696	Root;Basidiomycota;Agaricomycetes;Agaricales;Cortinariaceae;Phaeocollybia;Phaeocollybia_radicata
GQ166888	Root;Basidiomycota;Agaricomycetes;Boletales;Boletaceae;Boletus;Boletus_rubellus
GQ166877	Root;Basidiomycota;Agaricomycetes;Boletales;Boletaceae;Boletus;Boletus_bicolor
GQ166880	Root;Basidiomycota;Agaricomycetes;Boletales;Boletaceae;Boletus;Boletus_subtomentosus
GQ166882	Root;Basidiomycota;Agaricomycetes;Boletales;Boletaceae;Boletus;Boletus_subtomentosus
GQ168504	Root;Basidiomycota;Agaricomycetes;Auriculariales;Auriculariaceae;Auricularia;Auricularia_auricula_judae
GQ169314	Root;Ascomycota;Eurotiomycetes;Eurotiales;Trichocomaceae;Phialosimplex;Phialosimplex_caninus
GQ169315	Root;Ascomycota;Eurotiomycetes;Eurotiales;Trichocomaceae;Phialosimplex;Phialosimplex_caninus
AF285113	Root;Ascomycota;Eurotiomycetes;Eurotiales;Trichocomaceae;Talaromyces;Talaromyces_ocotl
GU066837	Root;Basidiomycota;Agaricomycetes;Boletales;Sclerodermataceae;Scleroderma;Scleroderma_verrucosum
EU718123	Root;Basidiomycota;Agaricomycetes;Boletales;Sclerodermataceae;Scleroderma;Scleroderma_polyrhizum
GQ219731	Root;Basidiomycota;Agaricomycetes;Agaricales;Mycenaceae;Panellus;Panellus_edulis
FJ183437	Root;Ascomycota;Saccharomycetes;Saccharomycetales;Pichiaceae;Pichia;Pichia_guilliermondii
UDB000637	Root;Basidiomycota;Agaricomycetes;Agaricales;Cortinariaceae;Inocybe;Inocybe_cookei
HQ441575	Root;Basidiomycota;Agaricomycetes;Cantharellales;Ceratobasidiaceae;Thanatephorus;Thanatephorus_fusisporus
FJ969800	Root;Ascomycota;Sordariomycetes;Hypocreales;Bionectriaceae;Hydropisphaera;Hydropisphaera_erubescens
GQ228092	Root;Ascomycota;Pezizomycetes;Pezizales;Pyronemataceae;Phaeangium;Phaeangium_lefebvrei
GQ228095	Root;Ascomycota;Pezizomycetes;Pezizales;Pyronemataceae;Phaeangium;Phaeangium_lefebvrei
EU701002	Root;Ascomycota;Pezizomycetes;Pezizales;Morchellaceae;Morchella;Morchella_crassipes
AJ539478	Root;Ascomycota;Pezizomycetes;Pezizales;Morchellaceae;Morchella;Morchella_spongiola
GQ231749	Root;Ascomycota;Pezizomycetes;Pezizales;Pezizaceae;Ulurua_nonparaphysata;Ulurua_nonparaphysata
GQ250000	Root;Ascomycota;Sordariomycetes;Hypocreales;Clavicipitaceae;Akanthomyces;Akanthomyces_cinereus
GQ250011	Root;Ascomycota;Sordariomycetes;Hypocreales;Clavicipitaceae;Akanthomyces;Akanthomyces_aculeatus
GQ250009	Root;Ascomycota;Sordariomycetes;Hypocreales;Clavicipitaceae;Akanthomyces;Akanthomyces_websteri
GQ250398	Root;Basidiomycota;Agaricomycetes;Agaricales;Amanitaceae;Amanita;Amanita_franchetii
GQ250401	Root;Basidiomycota;Agaricomycetes;Agaricales;Amanitaceae;Amanita;Amanita_vernicoccora
GQ250402	Root;Basidiomycota;Agaricomycetes;Agaricales;Amanitaceae;Amanita;Amanita_muscaria
GQ250408	Root;Basidiomycota;Agaricomycetes;Agaricales;Amanitaceae;Amanita;Amanita_silvicola
GQ250409	Root;Basidiomycota;Agaricomycetes;Agaricales;Amanitaceae;Amanita;Amanita_velosa
AJ629406	Root;Basidiomycota;Agaricomycetes;Boletales;Sclerodermataceae;Astraeus;Astraeus_hygrometricus
GQ267190	Root;Ascomycota;Lecanoromycetes;Lecanorales;Parmeliaceae;Parmelia;Parmelia_lindmanii
GQ267191	Root;Ascomycota;Lecanoromycetes;Lecanorales;Parmeliaceae;Parmelinella;Parmelinella_aff_wallichiana_3132
GQ267470	Root;Basidiomycota;Agaricomycetes;Boletales;Boletaceae;Chalciporus;Chalciporus_piperatus
EU784397	Root;Basidiomycota;Agaricomycetes;Boletales;Rhizopogonaceae;Rhizopogon;Rhizopogon_luteolus
GQ303268	Root;Ascomycota;Dothideomycetes;Capnodiales;Antennulariellaceae;Antennariella;Antennariella_placitae
GQ303275	Root;Ascomycota;Dothideomycetes;Myriangiales;Elsinoaceae;Elsinoe;Elsinoe_eucalypticola
GQ303277	Root;Ascomycota;Dothideomycetes;Capnodiales;Capnodiaceae;Leptoxyphium;Leptoxyphium
GQ303279	Root;Ascomycota;Leotiomycetes;Helotiales;Dermateaceae;Neofabraea;Neofabraea_eucalypti
GQ303288	Root;Ascomycota;Dothideomycetes;Capnodiales;Mycosphaerellaceae;Pseudocercospora;Pseudocercospora
GQ338074	Root;Basidiomycota;Tremellomycetes;Tremellales;Trichosporonaceae;Trichosporon;Trichosporon_chiarellii
GQ340433	Root;Ascomycota;Saccharomycetes;Saccharomycetales;Pichiaceae;Pichia;Pichia_mississippiensis
GQ340438	Root;Ascomycota;Saccharomycetes;Saccharomycetales;Saccharomycetaceae;Lachancea;Lachancea_fermentati
GQ344480	Root;Ascomycota;Lecanoromycetes;Teloschistales;Physciaceae;Physcia;Physcia_kalbii
GQ344481	Root;Ascomycota;Lecanoromycetes;Lecanorales;Parmeliaceae;Parmotrema;Parmotrema_consors
GQ344594	Root;Ascomycota;Eurotiomycetes;Verrucariales;Verrucariaceae;Catapyrenium;Catapyrenium_psoromoides
GQ344596	Root;Ascomycota;Eurotiomycetes;Verrucariales;Verrucariaceae;Catapyrenium;Catapyrenium_daedaleum
GQ344602	Root;Ascomycota;Eurotiomycetes;Verrucariales;Verrucariaceae;Placidiopsis;Placidiopsis_custnani
GQ344606	Root;Ascomycota;Eurotiomycetes;Verrucariales;Verrucariaceae;Placidiopsis;Placidiopsis_cinerascens
GQ344607	Root;Ascomycota;Eurotiomycetes;Verrucariales;Verrucariaceae;Placidiopsis;Placidiopsis_cinerascens
GQ376073	Root;Ascomycota;Saccharomycetes;Saccharomycetales;Metschnikowiaceae;Clavispora;Clavispora_lusitaniae
GQ229080	Root;Ascomycota;Eurotiomycetes;Eurotiales;Trichocomaceae;Paecilomyces;Paecilomyces_lilacinus
EU151490	Root;Ascomycota;Sordariomycetes;Hypocreales;Nectriaceae;Gibberella;Fusarium_proliferatum
GQ377479	Root;Ascomycota;Sordariomycetes;Xylariales;Xylariaceae;Biscogniauxia;Biscogniauxia_mediterranea
EU715627	Root;Ascomycota;Dothideomycetes;Pleosporales;Lophiostomataceae;Massarina;Massarina_igniaria
GQ203790	Root;Ascomycota;Dothideomycetes;Pleosporales;Sporormiaceae;Sporormiella;Sporormiella_septenaria
FJ231001	Root;Ascomycota;Eurotiomycetes;Eurotiales;Trichocomaceae;Penicillium;Penicillium_canescens
FJ769313	Root;Glomeromycota;Glomeromycetes;Archaeosporales;Ambisporaceae;Ambispora;Ambispora_leptoticha
GQ403048	Root;Neocallimastigomycota;Neocallimastigomycetes;Neocallimastigales;Neocallimastigaceae;Neocallimastix;Neocallimastix_frontalis
FJ705275	Root;Basidiomycota;Agaricomycetes;Agaricales;Amanitaceae;Amanita;Amanita_submembranacea
GQ411519	Root;Basidiomycota;Agaricomycetes;Polyporales;Meruliaceae;Chondrostereum;Chondrostereum_purpureum
GQ411522	Root;Basidiomycota;Pucciniomycetes;Platygloeales;Platygloeaceae;Helicogloea;Helicogloea_alba
GQ411524	Root;Basidiomycota;Agaricomycetes;Hymenochaetales;Schizoporaceae;Hyphodontia;Hyphodontia_nothofagi
JF908143	Root;Basidiomycota;Agaricomycetes;Agaricales;Cortinariaceae;Inocybe;Inocybe_roseipes
DQ067580	Root;Basidiomycota;Agaricomycetes;Agaricales;Cortinariaceae;Inocybe;Inocybe_splendens
EU525974	Root;Basidiomycota;Agaricomycetes;Agaricales;Cortinariaceae;Inocybe;Inocybe_maculata
UDB011885	Root;Basidiomycota;Agaricomycetes;Agaricales;Cortinariaceae;Inocybe;Inocybe_nitidiuscula
FJ799942	Root;Ascomycota;Dothideomycetes;Botryosphaeriales;Botryosphaeriaceae;Endomelanconiopsis;Endomelanconiopsis_endophytica
GQ479218	Root;Basidiomycota;Pucciniomycetes;Pucciniales;Melampsoraceae;Melampsora;Melampsora_epitea
GQ479256	Root;Basidiomycota;Pucciniomycetes;Pucciniales;Melampsoraceae;Melampsora;Melampsora_epitea
GQ479258	Root;Basidiomycota;Pucciniomycetes;Pucciniales;Melampsoraceae;Melampsora;Melampsora_epitea
AY444770	Root;Basidiomycota;Pucciniomycetes;Pucciniales;Melampsoraceae;Melampsora;Melampsora_ribesii_purpureae
GQ479835	Root;Basidiomycota;Pucciniomycetes;Pucciniales;Melampsoraceae;Melampsora;Melampsora_laricis_populina
GQ479852	Root;Basidiomycota;Pucciniomycetes;Pucciniales;Melampsoraceae;Melampsora;Melampsora_medusae
GQ479830	Root;Basidiomycota;Pucciniomycetes;Pucciniales;Melampsoraceae;Melampsora;Melampsora_abietis_canadensis
GQ479834	Root;Basidiomycota;Pucciniomycetes;Pucciniales;Melampsoraceae;Melampsora;Melampsora_allii_populina
EU014067	Root;Basidiomycota;Pucciniomycetes;Pucciniales;Melampsoraceae;Melampsora;Melampsora_laricis_populina
GQ503036	Root;Basidiomycota;Agaricomycetes;Boletales;Hygrophoropsidaceae;Tapinella;Tapinella_panuoides
AJ301730	Root;Ascomycota;Dothideomycetes;Dothideales;Dothioraceae;Aureobasidium;Aureobasidium_pullulans
GU214628	Root;Ascomycota;Dothideomycetes;Capnodiales;Teratosphaeriaceae;Catenulostroma;Catenulostroma_protearum
FN868481	Root;Ascomycota;Dothideomycetes;Botryosphaeriales;Botryosphaeriaceae;Sphaeropsis;Diplodia_pinea
JQ946395	Root;Ascomycota;Eurotiomycetes;Eurotiales;Trichocomaceae;Penicillium;Penicillium_spinulosum
GQ452265	Root;Ascomycota;Sordariomycetes;Diaporthales;Gnomoniaceae;Apiognomonia;Discula_quercina
DQ681321	Root;Ascomycota;Eurotiomycetes;Eurotiales;Trichocomaceae;Penicillium;Penicillium_glabrum
AB193587	Root;Ascomycota;Leotiomycetes;Erysiphales;Erysiphaceae;Oidium;Oidium_heveae
DQ426537	Root;Ascomycota;Dothideomycetes;Pleosporales;Montagnulaceae;Paraphaeosphaeria;Paraphaeosphaeria_michotii
AF011293	Root;Ascomycota;Leotiomycetes;Erysiphales;Erysiphaceae;Golovinomyces;Golovinomyces_cichoracearum
EF512465	Root;Ascomycota;Sordariomycetes;Diaporthales;Valsaceae;Discula;Discula_destructiva
GQ169764	Root;Ascomycota;Dothideomycetes;Pleosporales;Phaeosphaeriaceae;Phaeosphaeriopsis;Phaeosphaeriopsis_musae
FJ946486	Root;Ascomycota;Sordariomycetes;Sordariales;Chaetomiaceae;Humicola;Humicola_grisea
FN428890	Root;Ascomycota;Sordariomycetes;Coniochaetales;Coniochaetaceae;Lecythophora;Lecythophora_aff_decumbens_IMUFRJ_52014
EU273512	Root;Basidiomycota;Agaricomycetes;Agaricales;Entolomataceae;Clitopilus;Clitopilus_prunulus
EU882132	Root;Ascomycota;Dothideomycetes;Capnodiales;Teratosphaeriaceae;Penidiella;Penidiella_eucalypti
EU882120	Root;Ascomycota;Dothideomycetes;Capnodiales;Mycosphaerellaceae;Mycosphaerella;Mycosphaerella_thailandica
GQ852754	Root;Ascomycota;Dothideomycetes;Capnodiales;Mycosphaerellaceae;Phaeothecoidea;Phaeothecoidea_intermedia
GQ852801	Root;Ascomycota;Dothideomycetes;Capnodiales;Teratosphaeriaceae;Teratosphaeria;Teratosphaeria_eucalypti
JF779674	Root;Ascomycota;Sordariomycetes;Hypocreales;Nectriaceae;Fusarium;Fusarium_oxysporum
GQ868443	Root;Ascomycota;Dothideomycetes;Scleroramularia_abundans;Scleroramularia_abundans;Scleroramularia_abundans;Scleroramularia_abundans
GQ870624	Root;Ascomycota;Eurotiomycetes;Eurotiales;Trichocomaceae;Aspergillus;Aspergillus_terreus
GQ870629	Root;Ascomycota;Eurotiomycetes;Eurotiales;Trichocomaceae;Aspergillus;Aspergillus_fumigatus
GQ890306	Root;Basidiomycota;Agaricomycetes;Agaricales;Cortinariaceae;Cortinarius;Cortinarius_maculobulga
GQ890309	Root;Basidiomycota;Agaricomycetes;Agaricales;Cortinariaceae;Cortinarius;Cortinarius_basorapulus
GQ890316	Root;Basidiomycota;Agaricomycetes;Agaricales;Cortinariaceae;Cortinarius;Cortinarius_olivaceopictus
AY725581	Root;Ascomycota;Dothideomycetes;Capnodiales;Teratosphaeriaceae;Teratosphaeria;Teratosphaeria_toledana
GQ890349	Root;Ascomycota;Dothideomycetes;Capnodiales;Mycosphaerellaceae;Mycosphaerella;Mycosphaerella_nootherensis
GQ890352	Root;Ascomycota;Dothideomycetes;Capnodiales;Mycosphaerellaceae;Mycosphaerella;Mycosphaerella_medusae
GQ893018	Root;Basidiomycota;Agaricomycetes;Agaricales;Cortinariaceae;Inocybe;Inocybe_aff_hydrocybiformis_DED8165
GQ913370	Root;Basidiomycota;Agaricomycetes;Agaricales;Physalacriaceae;Hymenopellis_vinocontusa;Hymenopellis_vinocontusa
GQ913371	Root;Basidiomycota;Agaricomycetes;Agaricales;Physalacriaceae;Hymenopellis_rubrobrunnescens;Hymenopellis_rubrobrunnescens
FJ501579	Root;Basidiomycota;Agaricomycetes;Polyporales;Polyporaceae;Poria;Poria_cocos
GQ919276	Root;Ascomycota;Lecanoromycetes;Lecanorales;Parmeliaceae;Remototrachyna_dodapetta;Remototrachyna_dodapetta
GQ919278	Root;Ascomycota;Lecanoromycetes;Lecanorales;Parmeliaceae;Remototrachyna_aff_infirma_MAF_Lich_15611;Remototrachyna_aff_infirma_MAF_Lich_15611
GQ919281	Root;Ascomycota;Lecanoromycetes;Lecanorales;Parmeliaceae;Remototrachyna_kingii;Remototrachyna_kingii
EF152433	Root;Ascomycota;Sordariomycetes;Hypocreales;Nectriaceae;Gibberella;Gibberella_thapsina
GQ924899	Root;Ascomycota;Sordariomycetes;Hypocreales;Nectriaceae;Gibberella;Fusarium_proliferatum
GQ925390	Root;Basidiomycota;Agaricomycetes;Agaricales;Amanitaceae;Amanita;Amanita_pseudoinculta
GQ925393	Root;Basidiomycota;Agaricomycetes;Agaricales;Amanitaceae;Amanita;Amanita_arenaria
GQ925394	Root;Basidiomycota;Agaricomycetes;Agaricales;Amanitaceae;Amanita;Amanita_inculta
GQ925395	Root;Basidiomycota;Agaricomycetes;Agaricales;Amanitaceae;Amanita;Amanita_inculta
GQ925396	Root;Basidiomycota;Agaricomycetes;Agaricales;Amanitaceae;Amanita;Amanita_grandis
GQ925397	Root;Basidiomycota;Agaricomycetes;Agaricales;Amanitaceae;Amanita;Amanita_grandis
GQ925398	Root;Basidiomycota;Agaricomycetes;Agaricales;Amanitaceae;Amanita;Amanita_oleosa
GQ925400	Root;Basidiomycota;Agaricomycetes;Agaricales;Amanitaceae;Amanita;Amanita_oleosa
GQ927268	Root;Ascomycota;Lecanoromycetes;Peltigerales;Pannariaceae;Pannaria;Pannaria_andina
GQ927271	Root;Ascomycota;Lecanoromycetes;Peltigerales;Pannariaceae;Pannaria;Pannaria_sphinctrina
GQ927289	Root;Ascomycota;Lecanoromycetes;Peltigerales;Pannariaceae;Psorophorus_pholidotus;Psorophorus_pholidotus
GQ981500	Root;Basidiomycota;Agaricomycetes;Phallales;Phallaceae;Clathrus;Clathrus_ruber
GQ981508	Root;Ascomycota;Pezizomycetes;Pezizales;Pyronemataceae;Lamprospora;Octospora_wrightii
GQ981509	Root;Basidiomycota;Agaricomycetes;Cantharellales;Clavulinaceae;Membranomyces;Membranomyces_spurius
GQ981510	Root;Basidiomycota;Agaricomycetes;Hysterangiales;Mesophelliaceae;Mesophellia;Mesophellia_glauca
GQ981511	Root;Basidiomycota;Agaricomycetes;Hysterangiales;Mesophelliaceae;Mesophellia;Mesophellia_glauca
GQ981513	Root;Basidiomycota;Agaricomycetes;Phallales;Phallaceae;Mutinus;Mutinus_caninus
GQ981515	Root;Ascomycota;Pezizomycetes;Pezizales;Pyronemataceae;Nothojafnea;Nothojafnea_cryptotricha
U21817	Root;Ascomycota;Leotiomycetes;Helotiales;Sclerotiniaceae;Botryotinia;Botryotinia_fuckeliana
JQ764778	Root;Ascomycota;Sordariomycetes;Hypocreales;Cordycipitaceae;Lecanicillium;Lecanicillium_tenuipes
GU001675	Root;Basidiomycota;Agaricomycetes;Polyporales;Polyporaceae;Lignosus;Lignosus_sacer
GQ241285	Root;Ascomycota;Eurotiomycetes;Eurotiales;Trichocomaceae;Penicillium;Penicillium_griseofulvum
GU046810	Root;Ascomycota;Dothideomycetes;Botryosphaeriales;Botryosphaeriaceae;Macrophomina;Macrophomina_phaseolina
FJ960442	Root;Ascomycota;Dothideomycetes;Botryosphaeriales;Botryosphaeriaceae;Macrophomina;Macrophomina_phaseolina
GU046841	Root;Ascomycota;Dothideomycetes;Botryosphaeriales;Botryosphaeriaceae;Macrophomina;Macrophomina_phaseolina
GU046843	Root;Ascomycota;Dothideomycetes;Botryosphaeriales;Botryosphaeriaceae;Macrophomina;Macrophomina_phaseolina
GU046844	Root;Ascomycota;Dothideomycetes;Botryosphaeriales;Botryosphaeriaceae;Macrophomina;Macrophomina_phaseolina
GU046845	Root;Ascomycota;Dothideomycetes;Botryosphaeriales;Botryosphaeriaceae;Macrophomina;Macrophomina_phaseolina
GU046846	Root;Ascomycota;Dothideomycetes;Botryosphaeriales;Botryosphaeriaceae;Macrophomina;Macrophomina_phaseolina
GU046848	Root;Ascomycota;Dothideomycetes;Botryosphaeriales;Botryosphaeriaceae;Macrophomina;Macrophomina_phaseolina
GU046849	Root;Ascomycota;Dothideomycetes;Botryosphaeriales;Botryosphaeriaceae;Macrophomina;Macrophomina_phaseolina
GU046863	Root;Ascomycota;Dothideomycetes;Botryosphaeriales;Botryosphaeriaceae;Macrophomina;Macrophomina_phaseolina
GU046869	Root;Ascomycota;Dothideomycetes;Botryosphaeriales;Botryosphaeriaceae;Macrophomina;Macrophomina_phaseolina
GU046871	Root;Ascomycota;Dothideomycetes;Botryosphaeriales;Botryosphaeriaceae;Macrophomina;Macrophomina_phaseolina
GU046885	Root;Ascomycota;Dothideomycetes;Botryosphaeriales;Botryosphaeriaceae;Macrophomina;Macrophomina_phaseolina
JF491434	Root;Basidiomycota;Pucciniomycetes;Pucciniales;Coleosporiaceae;Chrysomyxa;Chrysomyxa_rhododendri
GU053568	Root;Ascomycota;Sordariomycetes;Xylariales;Xylariaceae;Ruwenzoria;Ruwenzoria_pseudoannulata
FJ790837	Root;Ascomycota;Dothideomycetes;Botryosphaeriales;Botryosphaeriaceae;Botryosphaeria;Lasiodiplodia_theobromae
AF085492	Root;Basidiomycota;Agaricomycetes;Agaricales;Amanitaceae;Amanita;Amanita_tenuifolia
HQ115689	Root;Ascomycota;Sordariomycetes;Sordariales;Chaetomiaceae;Trichocladium;Trichocladium_asperum
FJ196767	Root;Ascomycota;Sordariomycetes;Hypocreales;Nectriaceae;Fusarium;Fusarium_oxysporum
GU057999	Root;Basidiomycota;Pucciniomycetes;Pucciniales;Pucciniaceae;Puccinia;Puccinia_purpurea
GU058001	Root;Basidiomycota;Pucciniomycetes;Pucciniales;Pucciniaceae;Puccinia;Puccinia_melanocephala
GU058011	Root;Basidiomycota;Pucciniomycetes;Pucciniales;Pucciniaceae;Gymnosporangium;Gymnosporangium_confusum
GU058016	Root;Basidiomycota;Pucciniomycetes;Pucciniales;Pucciniaceae;Puccinia;Puccinia_agrophila
GU058020	Root;Basidiomycota;Pucciniomycetes;Pucciniales;Pucciniaceae;Puccinia;Puccinia_hemerocallidis
GU058023	Root;Basidiomycota;Pucciniomycetes;Pucciniales;Pucciniaceae;Puccinia;Puccinia_pimpinellae
GU058027	Root;Basidiomycota;Pucciniomycetes;Pucciniales;Pucciniaceae;Puccinia;Puccinia_sparganioidis
GU059548	Root;Glomeromycota;Glomeromycetes;Glomerales;Glomeraceae;Glomus;Glomus_indicum
GU059594	Root;Ascomycota;Sordariomycetes;Hypocreales;Bionectriaceae;Hydropisphaera;Hydropisphaera_bambusicola
GU062210	Root;Basidiomycota;Agaricomycetes;Agaricales;Strophariaceae;Pholiota;Flammula_alnicola
GU062227	Root;Basidiomycota;Agaricomycetes;Polyporales;Steccherinaceae;Junghuhnia;Junghuhnia_nitida
GU066600	Root;Ascomycota;Saccharomycetes;Saccharomycetales;Pichiaceae;Pichia;Pichia_kudriavzevii
EU919704	Root;Ascomycota;Dothideomycetes;Botryosphaeriales;Botryosphaeriaceae;Neofusicoccum;Neofusicoccum_parvum
GU066840	Root;Basidiomycota;Agaricomycetes;Polyporales;Fomitopsidaceae;Postia;Oligoporus_balsameus
GU067734	Root;Basidiomycota;Agaricomycetes;Polyporales;Polyporaceae;Lenzites;Lenzites_betulinus
GU067756	Root;Basidiomycota;Agaricomycetes;Gloeophyllales;Gloeophyllaceae;Gloeophyllum;Gloeophyllum_sepiarium
GU067766	Root;Ascomycota;Sordariomycetes;Ophiostomatales;Ophiostomataceae;Grosmannia;Grosmannia_olivacea
AF332120	Root;Ascomycota;Lecanoromycetes;Lecideales;Lecideaceae;Lecidea;Lecidea_lapicida_var_pantherina
EU259898	Root;Ascomycota;Lecanoromycetes;Lecideales;Lecideaceae;Lecidea;Lecidea_atrobrunnea_subsp_saxosa
GU078451	Root;Ascomycota;Sordariomycetes;Microascales;Ceratocystidaceae;Ceratocystis;Ceratocystis_savannae
EU999952	Root;Ascomycota;Sordariomycetes;Hypocreales;Clavicipitaceae;Pochonia;Pochonia_bulbillosa
FJ770402	Root;Basidiomycota;Agaricomycetes;Agaricales;Entolomataceae;Clitopilus;Clitopilus_hobsonii
FJ878674	Root;Ascomycota;Eurotiomycetes;Eurotiales;Trichocomaceae;Aspergillus;Aspergillus_flavus
UDB000773	Root;Basidiomycota;Tremellomycetes;Tremellales;Exidiaceae;Sebacina;Sebacina
GU138701	Root;Ascomycota;Leotiomycetes;Rhytismatales;Rhytismataceae;Lophodermium;Lophodermium_cephalotaxi
GU138700	Root;Ascomycota;Leotiomycetes;Rhytismatales;Rhytismataceae;Lophodermium;Lophodermium_implicatum
GU138711	Root;Ascomycota;Leotiomycetes;Rhytismatales;Rhytismataceae;Lophodermium;Lophodermium_illiciicola
GU138725	Root;Ascomycota;Leotiomycetes;Rhytismatales;Rhytismataceae;Coccomyces;Coccomyces_dentatus
GU138730	Root;Ascomycota;Leotiomycetes;Rhytismatales;Rhytismataceae;Coccomyces;Coccomyces_sinensis
GU138737	Root;Ascomycota;Leotiomycetes;Rhytismatales;Rhytismataceae;Hypoderma;Hypoderma_rubi
GU138738	Root;Ascomycota;Leotiomycetes;Rhytismatales;Rhytismataceae;Hypoderma;Hypoderma_rubi
GU138721	Root;Ascomycota;Leotiomycetes;Rhytismatales;Rhytismataceae;Coccomyces;Coccomyces_dentatus
AY264919	Root;Basidiomycota;Agaricomycetes;Agaricales;Lycoperdaceae;Lycoperdon;Lycoperdon_perlatum
GU138865	Root;Ascomycota;Dothideomycetes;Meliolales;Meliolaceae;Endomeliola;Endomeliola_dingleyae
AF033389	Root;Ascomycota;Eurotiomycetes;Eurotiales;Trichocomaceae;Rasamsonia_argillacea;Rasamsonia_argillacea
DQ317587	Root;Ascomycota;Eurotiomycetes;Eurotiales;Trichocomaceae;Talaromyces;Talaromyces_emersonii
GU174764	Root;Ascomycota;Pezizomycetes;Pezizales;Pyronemataceae;Trichophaea;Trichophaea_woolhopeia
FJ039534	Root;Basidiomycota;Agaricomycetes;Agaricales;Cortinariaceae;Cortinarius;Cortinarius_alnetorum
DQ069000	Root;Ascomycota;Pezizomycetes;Pezizales;Pyronemataceae;Wilcoxina;Wilcoxina_mikolae
GU183169	Root;Ascomycota;Eurotiomycetes;Eurotiales;Trichocomaceae;Aspergillus;Aspergillus_flavus
GU184106	Root;Basidiomycota;Agaricomycetes;Geastrales;Geastraceae;Schenella;Schenella_pityophilus
GU184122	Root;Ascomycota;Lecanoromycetes;Acarosporales;Acarosporaceae;Acarospora;Acarospora_rosulata
EU034672	Root;Ascomycota;Lecanoromycetes;Acarosporales;Acarosporaceae;Acarospora;Acarospora_cervina
GU187500	Root;Basidiomycota;Agaricomycetes;Polyporales;Fomitopsidaceae;Anomoloma;Anomoloma_myceliosum
GU187505	Root;Basidiomycota;Agaricomycetes;Atheliales;Atheliaceae;Amylocorticium;Amylocorticium_cebennense
GU187506	Root;Basidiomycota;Agaricomycetes;Atheliales;Atheliaceae;Amylocorticium;Amylocorticium_subsulphureum
GU187528	Root;Basidiomycota;Agaricomycetes;Atheliales;Atheliaceae;Leptosporomyces;Leptosporomyces_raunkiaeri
EF029220	Root;Ascomycota;Sordariomycetes;Chaetosphaeriales;Chaetosphaeriaceae;Chloridium;Chloridium_virescens_var_chlamydosporum
GU188277	Root;Ascomycota;Orbiliomycetes;Orbiliales;Orbiliaceae;Orbilia;Orbilia_luteorubella
DQ021449	Root;Basidiomycota;Agaricomycetes;Cantharellales;Ceratobasidiaceae;Thanatephorus;Rhizoctonia_solani
GU207228	Root;Ascomycota;Lecanoromycetes;Lecanorales;Cladoniaceae;Cladonia;Cladonia_caespiticia
GU207230	Root;Ascomycota;Lecanoromycetes;Lecanorales;Cladoniaceae;Cladonia;Cladonia_caespiticia
GU207237	Root;Ascomycota;Lecanoromycetes;Lecanorales;Cladoniaceae;Cladonia;Cladonia_petrophila
GU207250	Root;Basidiomycota;Agaricomycetes;Polyporales;Polyporaceae;Lentinus;Lentinus_glabratus
AF516521	Root;Basidiomycota;Agaricomycetes;Polyporales;Polyporaceae;Lentinus;Lentinus_tigrinus
GU207275	Root;Basidiomycota;Agaricomycetes;Polyporales;Polyporaceae;Lentinus;Lentinus_badius
GU207278	Root;Basidiomycota;Agaricomycetes;Polyporales;Polyporaceae;Lentinus;Lentinus_swartzii
GU207299	Root;Basidiomycota;Agaricomycetes;Polyporales;Polyporaceae;Lentinus;Lentinus_crinitus
GU207305	Root;Basidiomycota;Agaricomycetes;Polyporales;Polyporaceae;Lentinus;Lentinus_bertieri
GU207308	Root;Basidiomycota;Agaricomycetes;Polyporales;Polyporaceae;Lentinus;Lentinus_sajor_caju
EF061128	Root;Ascomycota;Saccharomycetes;Saccharomycetales;Pichiaceae;Pichia;Pichia_membranifaciens
GU213475	Root;Basidiomycota;Agaricomycetes;Polyporales;Ganodermataceae;Ganoderma;Ganoderma_japonicum
GU213482	Root;Basidiomycota;Agaricomycetes;Polyporales;Ganodermataceae;Ganoderma;Ganoderma_lucidum
GU213486	Root;Basidiomycota;Agaricomycetes;Polyporales;Ganodermataceae;Ganoderma;Ganoderma_mastoporum
GU214633	Root;Ascomycota;Dothideomycetes;Capnodiales;Teratosphaeriaceae;Devriesia;Devriesia_hilliana
GU222273	Root;Basidiomycota;Agaricomycetes;Agaricales;Cortinariaceae;Cuphocybe;Cuphocybe_alborosea
GU222277	Root;Basidiomycota;Agaricomycetes;Boletales;Serpulaceae;Austropaxillus;Austropaxillus_squarrosus
GU222291	Root;Basidiomycota;Agaricomycetes;Thelephorales;Bankeraceae;Phellodon;Phellodon_sinclairii
GU222303	Root;Basidiomycota;Agaricomycetes;Agaricales;Cortinariaceae;Cortinarius;Cortinarius_ionomataius
GU222304	Root;Basidiomycota;Agaricomycetes;Agaricales;Tricholomataceae;Tricholoma;Tricholoma_elegans
GU222305	Root;Basidiomycota;Agaricomycetes;Agaricales;Cortinariaceae;Cortinarius;Cortinarius_porphyroideus
GU222306	Root;Basidiomycota;Agaricomycetes;Agaricales;Cortinariaceae;Cortinarius;Cortinarius_achrous
GU222317	Root;Basidiomycota;Agaricomycetes;Cantharellales;Clavulinaceae;Clavulina;Clavulina_samuelsii
GU222312	Root;Basidiomycota;Agaricomycetes;Agaricales;Amanitaceae;Amanita;Amanita_taiepa
GU222321	Root;Basidiomycota;Agaricomycetes;Agaricales;Cortinariaceae;Cortinarius;Cortinarius_singularis
GU222322	Root;Basidiomycota;Agaricomycetes;Agaricales;Cortinariaceae;Cortinarius;Cortinarius_indotatus
GU222328	Root;Basidiomycota;Agaricomycetes;Agaricales;Cortinariaceae;Cortinarius;Cortinarius_napivelatus
GU222377	Root;Ascomycota;Sordariomycetes;Hypocreales;Nectriaceae;Fusarium;Fusarium_chlamydosporum
GU229794	Root;Ascomycota;Leotiomycetes;Helotiales;Sclerotiniaceae;Sclerotinia;Sclerotinia_sclerotiorum
GU229795	Root;Ascomycota;Leotiomycetes;Helotiales;Sclerotiniaceae;Sclerotinia;Sclerotinia_sclerotiorum
GU229796	Root;Ascomycota;Leotiomycetes;Helotiales;Sclerotiniaceae;Sclerotinia;Sclerotinia_sclerotiorum
GU229797	Root;Ascomycota;Leotiomycetes;Helotiales;Sclerotiniaceae;Sclerotinia;Sclerotinia_sclerotiorum
GU233318	Root;Basidiomycota;Agaricomycetes;Agaricales;Cortinariaceae;Astrosporina;Astrosporina_viscata
GU233319	Root;Basidiomycota;Agaricomycetes;Agaricales;Cortinariaceae;Cortinarius;Cortinarius_persplendidus
GU233322	Root;Basidiomycota;Agaricomycetes;Agaricales;Cortinariaceae;Dermocybe_egmontiana;Dermocybe_egmontiana
GU233325	Root;Basidiomycota;Agaricomycetes;Agaricales;Cortinariaceae;Dermocybe_leptospermorum;Dermocybe_leptospermorum
GU233329	Root;Basidiomycota;Agaricomycetes;Agaricales;Cortinariaceae;Cortinarius;Cortinarius_aerugineoconicus
GU233331	Root;Basidiomycota;Agaricomycetes;Agaricales;Cortinariaceae;Cortinarius;Cortinarius_porphyrophaeus
GU233332	Root;Basidiomycota;Agaricomycetes;Agaricales;Cortinariaceae;Cortinarius;Cortinarius_castaneiceps
GU233333	Root;Basidiomycota;Agaricomycetes;Agaricales;Cortinariaceae;Cortinarius;Cortinarius_aegrotus
GU233334	Root;Basidiomycota;Agaricomycetes;Agaricales;Cortinariaceae;Cortinarius;Cortinarius_vitreopileatus
GU233335	Root;Basidiomycota;Agaricomycetes;Agaricales;Cortinariaceae;Cortinarius;Cortinarius_viscostriatus
GU233337	Root;Basidiomycota;Agaricomycetes;Agaricales;Cortinariaceae;Cortinarius;Cortinarius_saturniorum
GU233338	Root;Basidiomycota;Agaricomycetes;Agaricales;Cortinariaceae;Cortinarius;Cortinarius_exlugubris
GU233339	Root;Basidiomycota;Agaricomycetes;Agaricales;Cortinariaceae;Cortinarius;Cortinarius_chrysma
GU233340	Root;Basidiomycota;Agaricomycetes;Agaricales;Cortinariaceae;Cortinarius;Cortinarius_dysodes
GU233341	Root;Basidiomycota;Agaricomycetes;Agaricales;Cortinariaceae;Cortinarius;Cortinarius_perelegans
GU233343	Root;Basidiomycota;Agaricomycetes;Agaricales;Cortinariaceae;Cortinarius;Cortinarius_carbonellus
GU233344	Root;Basidiomycota;Agaricomycetes;Agaricales;Cortinariaceae;Cortinarius;Cortinarius_naphthalinus
GU233345	Root;Basidiomycota;Agaricomycetes;Agaricales;Cortinariaceae;Cortinarius;Cortinarius_persicanus
GU222268	Root;Basidiomycota;Agaricomycetes;Agaricales;Cortinariaceae;Cortinarius;Cortinarius_collybianus
GU233375	Root;Basidiomycota;Agaricomycetes;Agaricales;Cortinariaceae;Cortinarius;Cortinarius_papaver
GU233351	Root;Basidiomycota;Agaricomycetes;Agaricales;Cortinariaceae;Cortinarius;Cortinarius_periclymenus
GU233353	Root;Basidiomycota;Agaricomycetes;Agaricales;Cortinariaceae;Cortinarius;Cortinarius_viscilaetus
GU233365	Root;Basidiomycota;Agaricomycetes;Agaricales;Cortinariaceae;Inocybe;Inocybe_scabriuscula
GU233367	Root;Basidiomycota;Agaricomycetes;Agaricales;Cortinariaceae;Inocybe;Inocybe_latericia
GU233321	Root;Basidiomycota;Agaricomycetes;Agaricales;Cortinariaceae;Dermocybe_cardinalis;Dermocybe_cardinalis
GU233372	Root;Basidiomycota;Agaricomycetes;Agaricales;Cortinariaceae;Cortinarius;Cortinarius_melimyxa
GU234015	Root;Basidiomycota;Agaricomycetes;Agaricales;Tricholomataceae;Clitocybe;Clitocybe_festiva
GU234084	Root;Basidiomycota;Agaricomycetes;Agaricales;Tricholomataceae;Clitocybe;Clitocybe_festiva
GU234109	Root;Basidiomycota;Agaricomycetes;Agaricales;Tricholomataceae;Omphalina;Omphalina_rivulicola
GU234142	Root;Basidiomycota;Agaricomycetes;Agaricales;Tricholomataceae;Fayodia;Fayodia_leucophylla
GU234143	Root;Basidiomycota;Agaricomycetes;Agaricales;Strophariaceae;Hypholoma;Hypholoma_myosotis
GU237046	Root;Ascomycota;Saccharomycetes;Saccharomycetales;Pichiaceae;Pichia;Pichia_kudriavzevii
GU237048	Root;Ascomycota;Saccharomycetes;Saccharomycetales;Pichiaceae;Pichia;Pichia_fermentans
GU237059	Root;Ascomycota;Saccharomycetes;Saccharomycetales;Metschnikowiaceae;Metschnikowia;Metschnikowia_pulcherrima
EU520054	Root;Ascomycota;Dothideomycetes;Botryosphaeriales;Botryosphaeriaceae;Dothiorella;Dothiorella_gregaria
GU246248	Root;Ascomycota;Saccharomycetes;Saccharomycetales;Pichiaceae;Hyphopichia;Hyphopichia_heimii
GU246252	Root;Ascomycota;Saccharomycetes;Saccharomycetales;Pichiaceae;Hyphopichia;Hyphopichia_pseudoburtonii
GU246277	Root;Ascomycota;Sordariomycetes;Hypocreales;Ophiocordycipitaceae;Ophiocordyceps;Ophiocordyceps_sinensis
GU246280	Root;Ascomycota;Sordariomycetes;Hypocreales;Ophiocordycipitaceae;Ophiocordyceps;Ophiocordyceps_sinensis
GU246286	Root;Ascomycota;Sordariomycetes;Hypocreales;Ophiocordycipitaceae;Ophiocordyceps;Ophiocordyceps_sinensis
GU246287	Root;Ascomycota;Sordariomycetes;Hypocreales;Ophiocordycipitaceae;Ophiocordyceps;Ophiocordyceps_sinensis
GU246288	Root;Ascomycota;Sordariomycetes;Hypocreales;Ophiocordycipitaceae;Ophiocordyceps;Ophiocordyceps_sinensis
FJ824090	Root;Basidiomycota;Agaricomycetes;Boletales;Sclerodermataceae;Scleroderma;Scleroderma_citrinum
EU784416	Root;Basidiomycota;Agaricomycetes;Boletales;Sclerodermataceae;Scleroderma;Scleroderma_verrucosum
GU248332	Root;Ascomycota;Dothideomycetes;Capnodiales;Mycosphaerellaceae;Davidiella;Davidiella_tassiana
HQ604677	Root;Basidiomycota;Agaricomycetes;Agaricales;Cortinariaceae;Cortinarius;Cortinarius_junghuhnii
GU291276	Root;Basidiomycota;Microbotryomycetes;Heterogastridiales;Heterogastridiaceae;Heterogastridium;Heterogastridium_pycnidioideum
GU291277	Root;Basidiomycota;Pucciniomycetes;Platygloeales;Platygloeaceae;Insolibasidium;Insolibasidium_deformans
GU291279	Root;Basidiomycota;Pucciniomycetes;Septobasidiales;Septobasidiaceae;Septobasidium;Septobasidium_burtii
GU291281	Root;Basidiomycota;Agaricostilbomycetes;Agaricostilbales;Chionosphaeraceae;Stilbum;Stilbum_vulgare
GU291800	Root;Ascomycota;Sordariomycetes;Chaetosphaeriales;Chaetosphaeriaceae;Kylindria;Kylindria_peruamazonensis
GU292819	Root;Ascomycota;Sordariomycetes;Xylariales;Xylariaceae;Nemania;Nemania_beaumontii
GU292821	Root;Ascomycota;Sordariomycetes;Xylariales;Xylariaceae;Euepixylon;Euepixylon_sphaeriostomum
GU299453	Root;Basidiomycota;Tremellomycetes;Tremellales;Trichosporonaceae;Trichosporon;Trichosporon_montevideense
EU863539	Root;Basidiomycota;Tremellomycetes;Tremellales;Trichosporonaceae;Trichosporon;Trichosporon_domesticum
GU300071	Root;Ascomycota;Sordariomycetes;Xylariales;Xylariaceae;Rosellinia;Rosellinia_merrillii
GU300072	Root;Ascomycota;Sordariomycetes;Xylariales;Xylariaceae;Entoleuca;Entoleuca_mammata
GU300073	Root;Ascomycota;Sordariomycetes;Xylariales;Xylariaceae;Xylaria;Xylaria_fissilis
GU300074	Root;Ascomycota;Sordariomycetes;Xylariales;Xylariaceae;Xylaria;Xylaria_tuberoides
GU300075	Root;Ascomycota;Sordariomycetes;Xylariales;Xylariaceae;Xylaria;Xylaria_cranioides
GU300076	Root;Ascomycota;Sordariomycetes;Xylariales;Xylariaceae;Kretzschmaria;Kretzschmaria_sandvicensis
GU300077	Root;Ascomycota;Sordariomycetes;Xylariales;Xylariaceae;Kretzschmaria;Kretzschmaria_pavimentosa
GU300078	Root;Ascomycota;Sordariomycetes;Xylariales;Xylariaceae;Kretzschmaria;Kretzschmaria_neocaledonica
GU300079	Root;Ascomycota;Sordariomycetes;Xylariales;Xylariaceae;Kretzschmaria;Kretzschmaria_guyanensis
GU300080	Root;Ascomycota;Sordariomycetes;Xylariales;Xylariaceae;Xylaria;Xylaria_areolata
GU300081	Root;Ascomycota;Sordariomycetes;Xylariales;Xylariaceae;Xylaria;Xylaria_sicula
GU300083	Root;Ascomycota;Sordariomycetes;Xylariales;Xylariaceae;Xylaria;Xylaria_amphithele
GU300084	Root;Ascomycota;Sordariomycetes;Xylariales;Xylariaceae;Xylaria;Xylaria_meliacearum
GU300085	Root;Ascomycota;Sordariomycetes;Xylariales;Xylariaceae;Penzigia;Penzigia_cantareirensis
GU300086	Root;Ascomycota;Sordariomycetes;Xylariales;Xylariaceae;Xylaria;Xylaria_microceras
GU300087	Root;Ascomycota;Sordariomycetes;Xylariales;Xylariaceae;Xylaria;Xylaria_muscula
GU300089	Root;Ascomycota;Sordariomycetes;Xylariales;Xylariaceae;Xylaria;Xylaria_striata
GU300093	Root;Ascomycota;Sordariomycetes;Xylariales;Xylariaceae;Xylaria;Xylaria_coccophora
AF163029	Root;Ascomycota;Sordariomycetes;Xylariales;Xylariaceae;Xylaria;Xylaria_arbuscula
GU300101	Root;Ascomycota;Sordariomycetes;Xylariales;Xylariaceae;Xylaria;Xylaria_adscendens
GU300778	Root;Ascomycota;Lecanoromycetes;Lecanorales;Parmeliaceae;Pseudevernia;Pseudevernia_aff_intensa_MAF_Lich_15626
GU300782	Root;Ascomycota;Lecanoromycetes;Lecanorales;Parmeliaceae;Pseudevernia;Pseudevernia_furfuracea
DQ494702	Root;Basidiomycota;Agaricomycetes;Agaricales;Mycenaceae;Xeromphalina;Xeromphalina_campanella
GU320008	Root;Basidiomycota;Agaricomycetes;Agaricales;Mycenaceae;Xeromphalina;Xeromphalina_junipericola
GU322433	Root;Ascomycota;Sordariomycetes;Xylariales;Xylariaceae;Discoxylaria;Discoxylaria_myrmecophila
GU322439	Root;Ascomycota;Sordariomycetes;Xylariales;Xylariaceae;Xylaria;Xylaria_juruensis
GU322455	Root;Ascomycota;Sordariomycetes;Xylariales;Xylariaceae;Xylaria;Xylaria_montagnei
GU322459	Root;Ascomycota;Sordariomycetes;Xylariales;Xylariaceae;Xylaria;Xylaria_atrosphaerica
GU324737	Root;Ascomycota;Sordariomycetes;Xylariales;Xylariaceae;Xylaria;Xylaria_telfairii
GU324741	Root;Ascomycota;Sordariomycetes;Xylariales;Xylariaceae;Xylaria;Xylaria_intracolorata
GU324743	Root;Ascomycota;Sordariomycetes;Xylariales;Xylariaceae;Xylaria;Xylaria_allantoidea
GU324745	Root;Ascomycota;Sordariomycetes;Xylariales;Xylariaceae;Xylaria;Xylaria_regalis
GU324753	Root;Ascomycota;Sordariomycetes;Xylariales;Xylariaceae;Xylaria;Xylaria_fimbriata
EU179868	Root;Ascomycota;Sordariomycetes;Xylariales;Xylariaceae;Xylaria;Xylaria_nigripes
GU174766	Root;Ascomycota;Pezizomycetes;Pezizales;Pyronemataceae;Trichophaea;Trichophaea_woolhopeia
DQ200835	Root;Ascomycota;Pezizomycetes;Pezizales;Pyronemataceae;Trichophaea;Trichophaea_woolhopeia
FM206418	Root;Ascomycota;Pezizomycetes;Pezizales;Pyronemataceae;Geopora;Geopora_cervina
AY573541	Root;Basidiomycota;Agaricomycetes;Agaricales;Tricholomataceae;Tricholoma;Tricholoma_subannulatum
GU355659	Root;Ascomycota;Dothideomycetes;Pleosporales;Leptosphaeriaceae;Coniothyrium;Coniothyrium_nitidae
GU363454	Root;Basidiomycota;Agaricomycetes;Agaricales;Cortinariaceae;Cortinarius;Cortinarius_fulvo_arcuatorum
DQ663293	Root;Basidiomycota;Agaricomycetes;Agaricales;Cortinariaceae;Cortinarius;Cortinarius_elegantior
DQ663229	Root;Basidiomycota;Agaricomycetes;Agaricales;Cortinariaceae;Cortinarius;Cortinarius_aureofulvus
JF908481	Root;Basidiomycota;Agaricomycetes;Agaricales;Mycenaceae;Mycena;Mycena_graminicola
GU367902	Root;Ascomycota;Leotiomycetes;Rhytismatales;Rhytismataceae;Lophodermium;Lophodermium_agathidis
GU367903	Root;Ascomycota;Leotiomycetes;Rhytismatales;Rhytismataceae;Lophodermium;Lophodermium_agathidis
GU367905	Root;Ascomycota;Leotiomycetes;Rhytismatales;Rhytismataceae;Coccomyces;Coccomyces_mucronatus
GU367909	Root;Ascomycota;Leotiomycetes;Rhytismatales;Rhytismataceae;Hypohelion;Hypohelion_durum
EU568909	Root;Ascomycota;Saccharomycetes;Saccharomycetales;Pichiaceae;Pichia;Pichia_jadinii
GU373512	Root;Basidiomycota;Agaricomycetes;Agaricales;Entolomataceae;Entoloma;Entoloma_sinuatum
GU373628	Root;Ascomycota;Sordariomycetes;Diaporthales;Diaporthaceae;Diaporthe;Phomopsis_vexans
GU373629	Root;Ascomycota;Sordariomycetes;Diaporthales;Diaporthaceae;Diaporthe;Phomopsis_vexans
GU373810	Root;Ascomycota;Sordariomycetes;Xylariales;Xylariaceae;Xylaria;Xylaria_cubensis
GU384881	Root;Ascomycota;Lecanoromycetes;Lecanorales;Parmeliaceae;Punctelia;Punctelia_caseana
GU384880	Root;Ascomycota;Lecanoromycetes;Lecanorales;Parmeliaceae;Punctelia;Punctelia_caseana
GU393371	Root;Ascomycota;Sordariomycetes;Hypocreales;Nectriaceae;Fusarium;Fusarium_culmorum
EU035431	Root;Ascomycota;Dothideomycetes;Pleosporales;Venturiaceae;Fusicladium;Fusicladium_fagi
GU474783	Root;Ascomycota;Pezizomycetes;Pezizales;Pezizaceae;Terfezia;Terfezia_boudieri
GU474789	Root;Ascomycota;Pezizomycetes;Pezizales;Pezizaceae;Terfezia;Terfezia_boudieri
GU474792	Root;Ascomycota;Pezizomycetes;Pezizales;Pezizaceae;Terfezia;Terfezia_boudieri
GU474793	Root;Ascomycota;Pezizomycetes;Pezizales;Pezizaceae;Terfezia;Terfezia_boudieri
GU474796	Root;Ascomycota;Pezizomycetes;Pezizales;Pezizaceae;Terfezia;Terfezia_boudieri
GU474797	Root;Ascomycota;Pezizomycetes;Pezizales;Pezizaceae;Terfezia;Terfezia_boudieri
GU474808	Root;Ascomycota;Pezizomycetes;Pezizales;Pezizaceae;Terfezia;Terfezia_boudieri
EF449524	Root;Ascomycota;Saccharomycetes;Saccharomycetales;Metschnikowiaceae;Metschnikowia;Metschnikowia_pulcherrima
GU479255	Root;Basidiomycota;Agaricomycetes;Agaricales;Cortinariaceae;Protoglossum;Hymenogaster_niveus
GU479900	Root;Ascomycota;Sordariomycetes;Hypocreales;Nectriaceae;Glionectria;Glionectria_tenuis
GU479905	Root;Ascomycota;Sordariomycetes;Hypocreales;Nectriaceae;Fusidium;Fusidium_griseum
GU126688	Root;Ascomycota;Sordariomycetes;Hypocreales;Nectriaceae;Fusarium;Fusarium_oxysporum
GU553293	Root;Ascomycota;Lecanoromycetes;Teloschistales;Physciaceae;Rinodina;Rinodina_capensis
GU553301	Root;Ascomycota;Lecanoromycetes;Teloschistales;Physciaceae;Rinodina;Rinodina_oleae
EU784414	Root;Basidiomycota;Agaricomycetes;Boletales;Sclerodermataceae;Scleroderma;Scleroderma_citrinum
GU565181	Root;Basidiomycota;Agaricomycetes;Agaricales;Strophariaceae;Psilocybe;Psilocybe_arcana
FJ869190	Root;Basidiomycota;Agaricomycetes;Russulales;Hericiaceae;Hericium;Hericium_erinaceum
GU586831	Root;Ascomycota;Sordariomycetes;Hypocreales;Nectriaceae;Fusarium;Fusarium_redolens
GU594152	Root;Basidiomycota;Agaricomycetes;Polyporales;Fomitopsidaceae;Auriporia;Auriporia_aurea
GU594153	Root;Basidiomycota;Agaricomycetes;Polyporales;Fomitopsidaceae;Auriporia;Auriporia_aurulenta
GQ129211	Root;Ascomycota;Eurotiomycetes;Eurotiales;Trichocomaceae;Aspergillus;Aspergillus_japonicus
FJ601808	Root;Basidiomycota;Agaricomycetes;Agaricales;Tricholomataceae;Clitocybe;Clitocybe_highlandensis
FJ900605	Root;Ascomycota;Dothideomycetes;Botryosphaeriales;Botryosphaeriaceae;Lasiodiplodia;Lasiodiplodia_theobromae
GU797380	Root;Ascomycota;Dothideomycetes;Botryosphaeriales;Botryosphaeriaceae;Botryosphaeria;Botryosphaeria_rhodina
GU797382	Root;Ascomycota;Dothideomycetes;Botryosphaeriales;Botryosphaeriaceae;Botryosphaeria;Botryosphaeria_rhodina
GU797428	Root;Ascomycota;Sordariomycetes;Diaporthales;Valsaceae;Phomopsis;Phomopsis_longicolla
GU797437	Root;Ascomycota;Sordariomycetes;Xylariales;Xylariaceae;Xylaria;Xylaria_hypoxylon
GU797438	Root;Ascomycota;Sordariomycetes;Xylariales;Xylariaceae;Xylaria;Xylaria_venosula
EU664469	Root;Ascomycota;Eurotiomycetes;Eurotiales;Trichocomaceae;Aspergillus;Aspergillus_fumigatus
FJ746959	Root;Basidiomycota;Agaricomycetes;Cantharellales;Ceratobasidiaceae;Thanatephorus;Rhizoctonia_solani
FJ871094	Root;Ascomycota;Lecanoromycetes;Lecanorales;Ramalinaceae;Ramalina;Ramalina_nodosa
FJ871068	Root;Ascomycota;Lecanoromycetes;Lecanorales;Ramalinaceae;Ramalina;Ramalina_bourgaeana
FJ871089	Root;Ascomycota;Lecanoromycetes;Lecanorales;Ramalinaceae;Ramalina;Ramalina_maciformis
GU827320	Root;Ascomycota;Lecanoromycetes;Lecanorales;Ramalinaceae;Ramalina;Ramalina_cupularis
FJ871091	Root;Ascomycota;Lecanoromycetes;Lecanorales;Ramalinaceae;Ramalina;Ramalina_maderensis
GU827324	Root;Ascomycota;Lecanoromycetes;Lecanorales;Ramalinaceae;Ramalina;Ramalina_pollinaria
GU827325	Root;Ascomycota;Lecanoromycetes;Lecanorales;Ramalinaceae;Ramalina;Ramalina_subfarinacea
GU827326	Root;Ascomycota;Lecanoromycetes;Lecanorales;Ramalinaceae;Ramalina;Ramalina_digitellata
GU827328	Root;Ascomycota;Lecanoromycetes;Lecanorales;Ramalinaceae;Ramalina;Ramalina_arabum
GU827330	Root;Ascomycota;Lecanoromycetes;Lecanorales;Ramalinaceae;Ramalina;Ramalina_cribrosa
GU827331	Root;Ascomycota;Lecanoromycetes;Lecanorales;Ramalinaceae;Ramalina;Ramalina_requienii
EF495240	Root;Ascomycota;Sordariomycetes;Hypocreales;Nectriaceae;Glionectria;Glionectria_tenuis
AY772739	Root;Basidiomycota;Ustilaginomycetes;Ustilaginales;Ustilaginaceae;Ustilago;Ustilago_sporoboli_indici
FJ861384	Root;Ascomycota;Saccharomycetes;Saccharomycetales;Saccharomycetaceae;Debaryomyces;Debaryomyces_hansenii
FJ861421	Root;Ascomycota;Eurotiomycetes;Eurotiales;Trichocomaceae;Penicillium;Penicillium_biourgeianum
L14525	Root;Ascomycota;Eurotiomycetes;Eurotiales;Trichocomaceae;Talaromyces;Talaromyces_luteus
GU934587	Root;Ascomycota;Sordariomycetes;Hypocreales;Bionectriaceae;Clonostachys;Clonostachys_divergens
GU938483	Root;Ascomycota;Sordariomycetes;Hypocreales;Cordycipitaceae;Isaria;Isaria_tenuipes
AY027508	Root;Ascomycota;Saccharomycetes;Saccharomycetales;Pichiaceae;Pichia;Pichia_fermentans
GQ870285	Root;Ascomycota;Dothideomycetes;Botryosphaeriales;Botryosphaeriaceae;Botryosphaeria;Botryosphaeria_dothidea
GQ415342	Root;Ascomycota;Dothideomycetes;Botryosphaeriales;Botryosphaeriaceae;Botryosphaeria;Botryosphaeria_dothidea
FJ537093	Root;Ascomycota;Sordariomycetes;Sordariales;Chaetomiaceae;Corynascus;Corynascus_verrucosus
FJ537085	Root;Ascomycota;Eurotiomycetes;Eurotiales;Trichocomaceae;Emericella;Emericella_nidulans
FJ940904	Root;Ascomycota;Sordariomycetes;Hypocreales;Nectriaceae;Nectria;Nectria_mariannaeae
AY373928	Root;Ascomycota;Eurotiomycetes;Eurotiales;Trichocomaceae;Penicillium;Penicillium_restrictum
EF655685	Root;Basidiomycota;Agaricomycetes;Agaricales;Cortinariaceae;Inocybe;Inocybe_substraminipes
GU980613	Root;Basidiomycota;Agaricomycetes;Agaricales;Cortinariaceae;Inocybe;Inocybe_umbrinofusca
FN550940	Root;Basidiomycota;Agaricomycetes;Agaricales;Cortinariaceae;Inocybe;Inocybe_fuscomarginata
AF115760	Root;Ascomycota;Lecanoromycetes;Lecanorales;Parmeliaceae;Dactylina;Dactylina_arctica
GQ129209	Root;Ascomycota;Eurotiomycetes;Eurotiales;Trichocomaceae;Aspergillus;Aspergillus_tubingensis
GU117107	Root;Ascomycota;Leotiomycetes;Erysiphales;Erysiphaceae;Erysiphe;Erysiphe_peruviana
GU991523	Root;Ascomycota;Sordariomycetes;Xylariales;Xylariaceae;Xylaria;Xylaria_cubensis
AJ249266	Root;Basidiomycota;Agaricomycetes;Polyporales;Polyporaceae;Fibroporia;Antrodia_vaillantii
HM542006	Root;Basidiomycota;Agaricomycetes;Polyporales;Polyporaceae;Fibroporia;Fibroporia_citrina
FJ644283	Root;Basidiomycota;Agaricomycetes;Polyporales;Polyporaceae;Fibroporia;Fibroporia_radiculosa
HM590890	Root;Basidiomycota;Agaricomycetes;Polyporales;Polyporaceae;Fibroporia;Fibroporia_bohemica
GU992327	Root;Ascomycota;Lecanoromycetes;Lecanorales;Parmeliaceae;Xanthoparmelia;Xanthoparmelia_fissurina
GU992331	Root;Ascomycota;Lecanoromycetes;Lecanorales;Parmeliaceae;Xanthoparmelia;Xanthoparmelia_ianthina
GU992340	Root;Ascomycota;Lecanoromycetes;Lecanorales;Parmeliaceae;Xanthoparmelia;Xanthoparmelia_ryssolea
GU992341	Root;Ascomycota;Lecanoromycetes;Lecanorales;Parmeliaceae;Xanthoparmelia;Xanthoparmelia_bibax
GU994580	Root;Ascomycota;Lecanoromycetes;Lecanorales;Parmeliaceae;Relicina;Relicina_abstrusa
GU994582	Root;Ascomycota;Lecanoromycetes;Lecanorales;Parmeliaceae;Xanthoparmelia;Xanthoparmelia_chlorea
HE572529	Root;Basidiomycota;Tremellomycetes;Filobasidiales;Filobasidiaceae;Cryptococcus;Cryptococcus_diffluens
HE572537	Root;Basidiomycota;Tremellomycetes;Filobasidiales;Filobasidiaceae;Cryptococcus;Cryptococcus_albidus
HE572543	Root;Basidiomycota;Microbotryomycetes;Leucosporidiales;Leucosporidiaceae;Leucosporidiella;Leucosporidiella_yakutica
HE580151	Root;Basidiomycota;Tremellomycetes;Filobasidiales;Filobasidiaceae;Cryptococcus;Cryptococcus_curvatus
HE582395	Root;Basidiomycota;Agaricomycetes;Agaricales;Cortinariaceae;Inocybe;Inocybe_hinnulea
HE586729	Root;Basidiomycota;Agaricomycetes;Hymenochaetales;Schizoporaceae;Hyphodontia;Hyphodontia_nothofagi
FJ624265	Root;Ascomycota;Sordariomycetes;Xylariales;Xylariaceae;Daldinia;Daldinia_eschscholzii
FJ467356	Root;Ascomycota;Sordariomycetes;Hypocreales;Nectriaceae;Gibberella;Fusarium_equiseti
HE649380	Root;Ascomycota;Sordariomycetes;Hypocreales;Bionectriaceae;Bionectria;Bionectria_ochroleuca
HE649383	Root;Ascomycota;Sordariomycetes;Hypocreales;Nectriaceae;Fusarium;Fusarium_oxysporum
EF530929	Root;Basidiomycota;Agaricomycetes;Agaricales;Tricholomataceae;Tricholomopsis;Tricholomopsis_rutilans
HE649950	Root;Basidiomycota;Agaricomycetes;Agaricales;Lyophyllaceae;Ossicaulis;Ossicaulis_lignatilis
HM005139	Root;Basidiomycota;Agaricomycetes;Agaricales;Physalacriaceae;Hymenopellis_colensoi;Hymenopellis_colensoi
HM017844	Root;Basidiomycota;Agaricomycetes;Agaricales;Cortinariaceae;Cortinarius;Cortinarius_uraceus
FJ440720	Root;Ascomycota;Sordariomycetes;Ophiostomatales;Ophiostomataceae;Ophiostoma;Ophiostoma_setosum
AF548391	Root;Basidiomycota;Agaricomycetes;Agaricales;Strophariaceae;Psilocybe;Psilocybe_tampanensis
JN198444	Root;Ascomycota;Sordariomycetes;Hypocreales;Bionectriaceae;Bionectria;Bionectria_epichloe
HM037710	Root;Basidiomycota;Pucciniomycetes;Pucciniales;Coleosporiaceae;Chrysomyxa;Chrysomyxa_ledi
HM037944	Root;Ascomycota;Dothideomycetes;Pleosporales;Montagnulaceae;Paraconiothyrium;Paraconiothyrium_brasiliense
HM037991	Root;Ascomycota;Sordariomycetes;Hypocreales;Nectriaceae;Nectria;Nectria_cinnabarina
AF325578	Root;Basidiomycota;Agaricomycetes;Agaricales;Cortinariaceae;Cortinarius;Cortinarius_acutus
HM044763	Root;Basidiomycota;Agaricomycetes;Cantharellales;Ceratobasidiaceae;Thanatephorus;Rhizoctonia_solani
HM044865	Root;Ascomycota;Saccharomycetes;Saccharomycetales;Pichiaceae;Pichia;Pichia_manshurica
HM050304	Root;Ascomycota;Sordariomycetes;Hypocreales;Bionectriaceae;Bionectria;Bionectria_vesiculosa
GU726929	Root;Basidiomycota;Agaricomycetes;Polyporales;Ganodermataceae;Ganoderma;Ganoderma_lucidum
HM057131	Root;Basidiomycota;Pucciniomycetes;Pucciniales;Pucciniaceae;Puccinia;Puccinia_pseudostriiformis
HM057148	Root;Basidiomycota;Pucciniomycetes;Pucciniales;Pucciniaceae;Uromyces;Uromyces_dactylidis
EU448278	Root;Ascomycota;Eurotiomycetes;Eurotiales;Trichocomaceae;Emericella;Emericella_filifera
HM060320	Root;Basidiomycota;Agaricomycetes;Boletales;Boletaceae;Tylopilus;Tylopilus_formosus
HM060322	Root;Basidiomycota;Agaricomycetes;Agaricales;Cortinariaceae;Inocybe;Inocybe_strobilomyces
GU222275	Root;Basidiomycota;Agaricomycetes;Agaricales;Cortinariaceae;Cortinarius;Cortinarius_meleagris
HM060326	Root;Basidiomycota;Agaricomycetes;Agaricales;Cortinariaceae;Inocybe;Inocybe_asterospora
HM060327	Root;Basidiomycota;Agaricomycetes;Boletales;Boletaceae;Austroboletus;Austroboletus_novae_zelandiae
GU233373	Root;Basidiomycota;Agaricomycetes;Agaricales;Cortinariaceae;Cortinarius;Cortinarius_sinapicolor
HM060330	Root;Basidiomycota;Agaricomycetes;Agaricales;Cortinariaceae;Cortinarius;Cortinarius_olorinatus
HM060594	Root;Ascomycota;Sordariomycetes;Hypocreales;Nectriaceae;Albonectria;Albonectria_rigidiuscula
HM060606	Root;Ascomycota;Dothideomycetes;Botryosphaeriales;Botryosphaeriaceae;Neofusicoccum;Neofusicoccum_parvum
HM060662	Root;Ascomycota;Leotiomycetes;Rhytismatales;Rhytismataceae;Lophodermium;Lophodermium_pinastri
EF408554	Root;Ascomycota;Sordariomycetes;Microascales;Ceratocystidaceae;Ceratocystis;Ceratocystis_savannae
FJ790843	Root;Ascomycota;Dothideomycetes;Botryosphaeriales;Botryosphaeriaceae;Botryosphaeria;Diplodia_corticola
AB285105	Root;Basidiomycota;Agaricomycetes;Agaricales;Lyophyllaceae;Lyophyllum;Lyophyllum_decastes
HM119487	Root;Basidiomycota;Agaricomycetes;Agaricales;Lyophyllaceae;Lyophyllum;Lyophyllum_connatum
HM119490	Root;Basidiomycota;Agaricomycetes;Agaricales;Lyophyllaceae;Lyophyllum;Lyophyllum_fumosum
HM125754	Root;Ascomycota;Lecanoromycetes;Lecanorales;Parmeliaceae;Xanthoparmelia;Xanthoparmelia_condyloides
HM130706	Root;Basidiomycota;Agaricomycetes;Polyporales;Ganodermataceae;Ganoderma;Ganoderma_lucidum
HM131339	Root;Basidiomycota;Pucciniomycetes;Pucciniales;Pucciniaceae;Puccinia;Puccinia_coronata
GQ169767	Root;Ascomycota;Dothideomycetes;Capnodiales;Mycosphaerellaceae;Cladosporium;Cladosporium_musae
FJ375327	Root;Basidiomycota;Agaricomycetes;Agaricales;Amanitaceae;Amanita;Amanita_flavipes
AB015677	Root;Basidiomycota;Agaricomycetes;Agaricales;Amanitaceae;Amanita;Amanita_porphyria
EF493271	Root;Basidiomycota;Agaricomycetes;Agaricales;Amanitaceae;Amanita;Amanita_spissa
AB327181	Root;Basidiomycota;Agaricomycetes;Agaricales;Cortinariaceae;Inocybe;Inocybe_lacera
HM161454	Root;Ascomycota;Lecanoromycetes;Umbilicariales;Umbilicariaceae;Umbilicaria;Umbilicaria_arctica
HM161455	Root;Ascomycota;Lecanoromycetes;Umbilicariales;Umbilicariaceae;Umbilicaria;Umbilicaria_rigida
HM161461	Root;Ascomycota;Lecanoromycetes;Umbilicariales;Umbilicariaceae;Umbilicaria;Umbilicaria_calvescens
HM161463	Root;Ascomycota;Lecanoromycetes;Umbilicariales;Umbilicariaceae;Umbilicaria;Umbilicaria_calvescens
HM161476	Root;Ascomycota;Lecanoromycetes;Umbilicariales;Umbilicariaceae;Umbilicaria;Umbilicaria_haplocarpa
HM161485	Root;Ascomycota;Lecanoromycetes;Umbilicariales;Umbilicariaceae;Umbilicaria;Umbilicaria_calvescens
HM161499	Root;Ascomycota;Lecanoromycetes;Umbilicariales;Umbilicariaceae;Umbilicaria;Umbilicaria_crustulosa
HM161500	Root;Ascomycota;Lecanoromycetes;Umbilicariales;Umbilicariaceae;Umbilicaria;Umbilicaria_grisea
HM161483	Root;Ascomycota;Lecanoromycetes;Umbilicariales;Umbilicariaceae;Umbilicaria;Umbilicaria_aprina
FN185983	Root;Ascomycota;Lecanoromycetes;Umbilicariales;Umbilicariaceae;Umbilicaria;Umbilicaria_vellea
HM161509	Root;Ascomycota;Lecanoromycetes;Umbilicariales;Umbilicariaceae;Umbilicaria;Umbilicaria_dendrophora
HM161512	Root;Ascomycota;Lecanoromycetes;Umbilicariales;Ophioparmaceae;Boreoplaca;Boreoplaca_ultrafrigida
FJ654673	Root;Ascomycota;Sordariomycetes;Hypocreales;Nectriaceae;Fusarium;Fusarium_polyphialidicum
HM180398	Root;Ascomycota;Sordariomycetes;Phyllachorales;Phyllachoraceae;Colletotrichum;Colletotrichum_capsici
HM190086	Root;Basidiomycota;Agaricomycetes;Boletales;Boletaceae;Boletus;Xerocomus_porosporus
AY616703	Root;Ascomycota;Sordariomycetes;Xylariales;Xylariaceae;Hypoxylon;Hypoxylon_macrocarpum
HM222930	Root;Basidiomycota;Tremellomycetes;Filobasidiales;Filobasidiaceae;Cryptococcus;Cryptococcus_yokohamensis
HM222964	Root;Ascomycota;Dothideomycetes;Capnodiales;Mycosphaerellaceae;Guignardia;Guignardia_ardisiae
HM231265	Root;Ascomycota;Sordariomycetes;Phyllachorales;Phyllachoraceae;Colletotrichum;Colletotrichum_capsici
FJ861419	Root;Ascomycota;Eurotiomycetes;Eurotiales;Trichocomaceae;Penicillium;Penicillium_novae_zeelandiae
HM054151	Root;Ascomycota;Sordariomycetes;Hypocreales;Nectriaceae;Neonectria;Neonectria_veuillotiana
JF499843	Root;Ascomycota;Dothideomycetes;Capnodiales;Teratosphaeriaceae;Penidiella;Penidiella_ellipsoidea
HM484539	Root;Ascomycota;Sordariomycetes;Hypocreales;Nectriaceae;Nectria;Nectria_coryli
HM242215	Root;Ascomycota;Dothideomycetes;Pleosporales;Leptosphaeriaceae;Paraphoma;Paraphoma_chrysanthemicola
HM244773	Root;Ascomycota;Lecanoromycetes;Ostropales;Stictidaceae;Ostropa;Ostropa_barbara
HM246493	Root;Basidiomycota;Agaricomycetes;Agaricales;Pluteaceae;Volvariella;Volvariella_strangulata
JF415137	Root;Basidiomycota;Agaricomycetes;Agaricales;Pluteaceae;Volvariella;Volvariella_pusilla
HM246500	Root;Basidiomycota;Agaricomycetes;Agaricales;Pluteaceae;Volvariella;Volvariella_volvacea
HM246691	Root;Ascomycota;Lecanoromycetes;Teloschistales;Physciaceae;Physcia;Physcia_adscendens
DQ679806	Root;Basidiomycota;Agaricomycetes;Boletales;Boletaceae;Boletus;Boletus_calopus
HM347646	Root;Basidiomycota;Agaricomycetes;Boletales;Boletaceae;Boletus;Boletus_pulverulentus
FJ436331	Root;Basidiomycota;Agaricomycetes;Agaricales;Cortinariaceae;Inocybe;Inocybe_luteifolia
AF345654	Root;Basidiomycota;Agaricomycetes;Agaricales;Strophariaceae;Pholiota;Pholiota_spumosa
AF429269	Root;Ascomycota;Lecanoromycetes;Peltigerales;Pannariaceae;Parmeliella;Parmeliella_triptophylla
HM449051	Root;Ascomycota;Sordariomycetes;Sordariales;Chaetomiaceae;Chaetomium;Chaetomium_reflexum
HM461677	Root;Ascomycota;Saccharomycetes;Saccharomycetales;Saccharomycetaceae;Vanderwaltozyma;Vanderwaltozyma_tropicalis
FJ441010	Root;Ascomycota;Sordariomycetes;Hypocreales;Nectriaceae;Fusarium;Fusarium_oxysporum
HM480491	Root;Basidiomycota;Agaricomycetes;Polyporales;Polyporaceae;Pyrofomes;Pyrofomes_demidoffii
HM484546	Root;Ascomycota;Sordariomycetes;Hypocreales;Nectriaceae;Nectria;Nectria_zanthoxyli
FJ474076	Root;Ascomycota;Sordariomycetes;Hypocreales;Nectriaceae;Nectria;Nectria_cyanostoma
HM484865	Root;Ascomycota;Sordariomycetes;Hypocreales;Bionectriaceae;Nectriopsis;Nectriopsis_exigua
AY509552	Root;Basidiomycota;Tremellomycetes;Tremellales;Exidiaceae;Heterochaetella;Heterochaetella_brachyspora
JQ724023	Root;Basidiomycota;Agaricomycetes;Agaricales;Cortinariaceae;Cortinarius;Cortinarius_atrocoeruleus
HM535599	Root;Ascomycota;Dothideomycetes;Capnodiales;Asterinaceae;Aulographina;Aulographina_eucalypti
HM535778	Root;Ascomycota;Eurotiomycetes;Eurotiales;Trichocomaceae;Aspergillus;Aspergillus_tubingensis
HM536085	Root;Basidiomycota;Agaricomycetes;Gloeophyllales;Gloeophyllaceae;Boreostereum;Boreostereum_radiatum
GQ337912	Root;Basidiomycota;Agaricomycetes;Polyporales;Fomitopsidaceae;Donkioporia;Donkioporia_expansa
FJ903299	Root;Basidiomycota;Agaricomycetes;Gloeophyllales;Gloeophyllaceae;Gloeophyllum;Gloeophyllum_odoratum
AY497555	Root;Basidiomycota;Agaricomycetes;Gloeophyllales;Gloeophyllaceae;Gloeophyllum;Gloeophyllum_sepiarium
HM536092	Root;Basidiomycota;Agaricomycetes;Gloeophyllales;Gloeophyllaceae;Gloeophyllum;Gloeophyllum_striatum
HM536095	Root;Basidiomycota;Agaricomycetes;Polyporales;Polyporaceae;Heliocybe;Heliocybe_sulcata
HM536096	Root;Basidiomycota;Agaricomycetes;Polyporales;Polyporaceae;Neolentinus;Neolentinus_adhaerens
HM536098	Root;Basidiomycota;Agaricomycetes;Polyporales;Polyporaceae;Neolentinus;Neolentinus_lepideus
EU833206	Root;Ascomycota;Eurotiomycetes;Eurotiales;Trichocomaceae;Aspergillus;Aspergillus_flavus
HM560053	Root;Ascomycota;Eurotiomycetes;Eurotiales;Trichocomaceae;Aspergillus;Aspergillus_flavus
HM562089	Root;Basidiomycota;Agaricomycetes;Agaricales;Pluteaceae;Pluteus;Pluteus_pantherinus
HM562113	Root;Basidiomycota;Agaricomycetes;Agaricales;Pluteaceae;Pluteus;Pluteus_saupei
HM562140	Root;Basidiomycota;Agaricomycetes;Agaricales;Pluteaceae;Pluteus;Pluteus_umbrosus
HM562143	Root;Basidiomycota;Agaricomycetes;Agaricales;Pluteaceae;Pluteus;Pluteus_diettrichii
HM562172	Root;Basidiomycota;Agaricomycetes;Agaricales;Pluteaceae;Pluteus;Pluteus_longistriatus
HM562132	Root;Basidiomycota;Agaricomycetes;Agaricales;Pluteaceae;Pluteus;Pluteus_glaucotinctus
FJ375242	Root;Basidiomycota;Agaricomycetes;Agaricales;Pluteaceae;Pluteus;Pluteus_petasatus
FJ774073	Root;Basidiomycota;Agaricomycetes;Agaricales;Pluteaceae;Pluteus;Pluteus_romellii
HM562117	Root;Basidiomycota;Agaricomycetes;Agaricales;Pluteaceae;Pluteus;Pluteus_phlebophorus
HM562186	Root;Basidiomycota;Agaricomycetes;Agaricales;Pluteaceae;Pluteus;Pluteus_aff_phlebophorus_SF16
HM562195	Root;Basidiomycota;Agaricomycetes;Agaricales;Pluteaceae;Volvopluteus;Volvopluteus_michiganensis
HM562197	Root;Basidiomycota;Agaricomycetes;Agaricales;Pluteaceae;Pluteus;Pluteus_thomsonii
HM562210	Root;Basidiomycota;Agaricomycetes;Agaricales;Pluteaceae;Volvariella;Volvariella_taylorii
HM562213	Root;Basidiomycota;Agaricomycetes;Agaricales;Pluteaceae;Volvariella;Volvariella_surrecta
HM562214	Root;Basidiomycota;Agaricomycetes;Agaricales;Pluteaceae;Volvariella;Volvariella_lepiotospora
HM562187	Root;Basidiomycota;Agaricomycetes;Agaricales;Pluteaceae;Pluteus;Pluteus_leoninus
FJ774081	Root;Basidiomycota;Agaricomycetes;Agaricales;Pluteaceae;Pluteus;Pluteus_nanus
FJ878626	Root;Ascomycota;Eurotiomycetes;Eurotiales;Trichocomaceae;Aspergillus;Aspergillus_unguis
HM579016	Root;Ascomycota;Lecanoromycetes;Lecanorales;Parmeliaceae;Xanthoparmelia;Xanthoparmelia_mexicana
HM578948	Root;Ascomycota;Lecanoromycetes;Lecanorales;Parmeliaceae;Xanthoparmelia;Xanthoparmelia_chlorochroa
HM578759	Root;Ascomycota;Lecanoromycetes;Lecanorales;Parmeliaceae;Xanthoparmelia;Xanthoparmelia_lineola
HM578947	Root;Ascomycota;Lecanoromycetes;Lecanorales;Parmeliaceae;Xanthoparmelia;Xanthoparmelia_chlorochroa
HM578889	Root;Ascomycota;Lecanoromycetes;Lecanorales;Parmeliaceae;Xanthoparmelia;Xanthoparmelia_saxeti
AF501542	Root;Basidiomycota;Agaricomycetes;Agaricales;Cortinariaceae;Gymnopilus;Gymnopilus_allantopus
HM583833	Root;Ascomycota;Sordariomycetes;Hypocreales;Clavicipitaceae;Metarhizium;Metarhizium_flavoviride
HM590873	Root;Basidiomycota;Agaricomycetes;Agaricales;Tricholomataceae;Tricholoma;Tricholoma_equestre
HM590874	Root;Basidiomycota;Agaricomycetes;Agaricales;Tricholomataceae;Tricholoma;Tricholoma_equestre
HM595593	Root;Ascomycota;Leotiomycetes;Helotiales;Dermateaceae;Pezicula;Pezicula_sporulosa
HM595594	Root;Ascomycota;Leotiomycetes;Helotiales;Dermateaceae;Cryptosporiopsis;Cryptosporiopsis_actinidiae
HM595619	Root;Basidiomycota;Agaricomycetes;Polyporales;Polyporaceae;Pycnoporus;Pycnoporus_sanguineus
HM595984	Root;Ascomycota;Sordariomycetes;Hypocreales;Ophiocordycipitaceae;Ophiocordyceps;Ophiocordyceps_sinensis
HM596015	Root;Ascomycota;Sordariomycetes;Hypocreales;Clavicipitaceae;Cordyceps;Cordyceps_militaris
HQ221884	Root;Ascomycota;Saccharomycetes;Saccharomycetales;Metschnikowiaceae;Metschnikowia;Metschnikowia_reukaufii
HM623128	Root;Basidiomycota;Agaricomycetes;Agaricales;Entolomataceae;Clitopilus;Clitopilus_chrischonensis
HM625885	Root;Glomeromycota;Glomeromycetes;Diversisporales;Gigasporaceae;Gigaspora;Gigaspora_margarita
HM625886	Root;Glomeromycota;Glomeromycetes;Diversisporales;Gigasporaceae;Gigaspora;Gigaspora_margarita
HM631724	Root;Basidiomycota;Agaricomycetes;Agaricales;Tricholomataceae;Infundibulicybe;Infundibulicybe_mediterranea
EU014072	Root;Basidiomycota;Pucciniomycetes;Pucciniales;Pileolariaceae;Pileolaria;Pileolaria_terebinthi
EF652084	Root;Ascomycota;Eurotiomycetes;Eurotiales;Trichocomaceae;Eurotium;Eurotium_amstelodami
GU322441	Root;Ascomycota;Sordariomycetes;Xylariales;Xylariaceae;Xylaria;Xylaria_ianthinovelutina
HM769810	Root;Ascomycota;Leotiomycetes;Helotiales;Sclerotiniaceae;Sclerotinia;Sclerotinia_sclerotiorum
HM769813	Root;Ascomycota;Leotiomycetes;Helotiales;Sclerotiniaceae;Sclerotinia;Sclerotinia_sclerotiorum
HM769814	Root;Ascomycota;Leotiomycetes;Helotiales;Sclerotiniaceae;Sclerotinia;Sclerotinia_sclerotiorum
GQ422470	Root;Basidiomycota;Agaricomycetes;Russulales;Stereaceae;Amylostereum;Amylostereum_chailletii
HM776423	Root;Ascomycota;Sordariomycetes;Hypocreales;Nectriaceae;Gibberella;Fusarium_pseudonygamai
FJ590582	Root;Ascomycota;Sordariomycetes;Hypocreales;Nectriaceae;Gibberella;Fusarium_acuminatum
FR670332	Root;Ascomycota;Eurotiomycetes;Eurotiales;Trichocomaceae;Penicillium;Penicillium_minioluteum
HM852531	Root;Ascomycota;Sordariomycetes;Hypocreales;Ophiocordycipitaceae;Ophiocordyceps;Ophiocordyceps_neovolkiana
EU918696	Root;Basidiomycota;Agaricomycetes;Polyporales;Polyporaceae;Funalia;Trametes_trogii
HM997131	Root;Ascomycota;Sordariomycetes;Hypocreales;Nectriaceae;Fusarium;Fusarium_oxysporum
HM997135	Root;Basidiomycota;Agaricomycetes;Polyporales;Meruliaceae;Phlebia;Phlebia_subserialis
AY874148	Root;Basidiomycota;Pucciniomycetes;Pucciniales;Pucciniaceae;Puccinia;Puccinia_graminis
HM131363	Root;Basidiomycota;Pucciniomycetes;Pucciniales;Pucciniaceae;Uromyces;Uromyces_alopecuri
HQ013087	Root;Basidiomycota;Ustilaginomycetes;Ustilaginales;Ustilaginaceae;Macalpinomyces;Macalpinomyces_ewartii
HQ013089	Root;Basidiomycota;Ustilaginomycetes;Ustilaginales;Ustilaginaceae;Macalpinomyces;Macalpinomyces_viridans
AB015701	Root;Basidiomycota;Agaricomycetes;Agaricales;Amanitaceae;Amanita;Amanita_pantherina
FJ596764	Root;Basidiomycota;Agaricomycetes;Agaricales;Mycenaceae;Mycena;Mycena_sanguinolenta
JQ256418	Root;Ascomycota;Leotiomycetes;Helotiales;Geoglossaceae;Geoglossum;Geoglossum_difforme
JQ256414	Root;Ascomycota;Leotiomycetes;Helotiales;Helotiaceae;Bisporella;Bisporella_citrina
DQ117925	Root;Basidiomycota;Agaricomycetes;Agaricales;Cortinariaceae;Cortinarius;Cortinarius_armeniacus
EF409793	Root;Ascomycota;Eurotiomycetes;Eurotiales;Trichocomaceae;Aspergillus;Aspergillus_flavus
EU352770	Root;Chytridiomycota;Chytridiomycetes;Lobulomycetales;Lobulomycetaceae;Lobulomyces;Lobulomyces_poculatus
HQ141712	Root;Ascomycota;Eurotiomycetes;Eurotiales;Trichocomaceae;Aspergillus;Aspergillus_fumigatus
HQ153409	Root;Basidiomycota;Agaricomycetes;Polyporales;Meruliaceae;Phlebia;Phlebia_aurea
HQ153413	Root;Basidiomycota;Agaricomycetes;Polyporales;Meruliaceae;Phlebia;Phlebia_leptospermi
HQ153414	Root;Basidiomycota;Agaricomycetes;Polyporales;Meruliaceae;Phlebia;Phlebia_livida
HQ153416	Root;Basidiomycota;Agaricomycetes;Polyporales;Meruliaceae;Phlebia;Phlebia_livida
HQ153423	Root;Basidiomycota;Agaricomycetes;Polyporales;Meruliaceae;Phlebia;Phlebia_livida_subsp_tuberculata
HQ153425	Root;Basidiomycota;Agaricomycetes;Polyporales;Meruliaceae;Phlebia;Phlebia_livida_subsp_tuberculata
HQ153429	Root;Basidiomycota;Agaricomycetes;Polyporales;Meruliaceae;Phlebia;Phlebia_serialis
AJ966756	Root;Basidiomycota;Tremellomycetes;Tremellales;Exidiaceae;Sebacina;Sebacina_epigaea
HQ162266	Root;Ascomycota;Dothideomycetes;Capnodiales;Mycosphaerellaceae;Mycosphaerella;Mycosphaerella_nyssicola
HQ166314	Root;Ascomycota;Leotiomycetes;Helotiales;Dermateaceae;Neofabraea;Neofabraea_alba
HQ171226	Root;Ascomycota;Lecanoromycetes;Lecanorales;Hymeneliaceae;Aspicilia;Aspicilia_fruticulosa
HQ171232	Root;Ascomycota;Lecanoromycetes;Lecanorales;Hymeneliaceae;Aspicilia;Aspicilia_fruticulosa
HQ406806	Root;Ascomycota;Lecanoromycetes;Lecanorales;Lecanoraceae;Circinaria;Circinaria_hispida
FJ866504	Root;Ascomycota;Dothideomycetes;Capnodiales;Mycosphaerellaceae;Cercospora;Cercospora_physalidis
HQ184467	Root;Ascomycota;Dothideomycetes;Pleosporales;Leptosphaeriaceae;Leptosphaeria;Leptosphaeria_tompkinsii
HQ199224	Root;Ascomycota;Dothideomycetes;Botryosphaeriales;Botryosphaeriaceae;Neodeightonia;Neodeightonia_palmicola
HQ201364	Root;Basidiomycota;Agaricomycetes;Agaricales;Cortinariaceae;Inocybe;Inocybe_picrosma
EU655684	Root;Basidiomycota;Agaricomycetes;Agaricales;Cortinariaceae;Cortinarius;Cortinarius_aurantiorufus
UDB008239	Root;Basidiomycota;Agaricomycetes;Agaricales;Entolomataceae;Entoloma;Entoloma_nidorosum
EF191240	Root;Ascomycota;Leotiomycetes;Rhytismatales;Rhytismataceae;Coccomyces;Coccomyces_australis
DQ431180	Root;Ascomycota;Leotiomycetes;Helotiales;Helotiaceae;Hymenoscyphus;Hymenoscyphus_epiphyllus
GU234148	Root;Basidiomycota;Agaricomycetes;Agaricales;Clavariaceae;Clavaria;Clavaria_falcata
AY038829	Root;Basidiomycota;Tremellomycetes;Cystofilobasidiales;Cystofilobasidiaceae;Mrakia;Mrakia_robertii
GU062240	Root;Ascomycota;Dothideomycetes;Capnodiales;Mycosphaerellaceae;Zymoseptoria_tritici;Zymoseptoria_tritici
AF454134	Root;Ascomycota;Eurotiomycetes;Eurotiales;Trichocomaceae;Aspergillus;Aspergillus_terreus
HQ222026	Root;Basidiomycota;Agaricomycetes;Agaricales;Strophariaceae;Pholiota;Pholiota_ferrugineolutescens
HQ222029	Root;Basidiomycota;Agaricomycetes;Agaricales;Strophariaceae;Pholiota;Pholiota_virescentifolia
HQ222863	Root;Ascomycota;Leotiomycetes;Helotiales;Geoglossaceae;Trichoglossum;Trichoglossum_hirsutum
HQ222866	Root;Ascomycota;Leotiomycetes;Helotiales;Geoglossaceae;Trichoglossum;Trichoglossum_walteri
HQ222869	Root;Ascomycota;Leotiomycetes;Helotiales;Geoglossaceae;Geoglossum;Geoglossum_glutinosum
HQ222870	Root;Ascomycota;Leotiomycetes;Helotiales;Geoglossaceae;Geoglossum;Geoglossum_glutinosum
HQ222874	Root;Ascomycota;Leotiomycetes;Helotiales;Geoglossaceae;Geoglossum;Geoglossum_glabrum
HQ222875	Root;Ascomycota;Leotiomycetes;Helotiales;Geoglossaceae;Trichoglossum;Trichoglossum_durandii
HQ222872	Root;Ascomycota;Leotiomycetes;Helotiales;Geoglossaceae;Geoglossum;Geoglossum_fallax
FJ538594	Root;Ascomycota;Sordariomycetes;Sordariales;Chaetomiaceae;Chaetomium;Chaetomium_globosum
HQ248204	Root;Ascomycota;Sordariomycetes;Microascales;Ceratocystidaceae;Ceratocystis;Ceratocystis_paradoxa
FJ711054	Root;Basidiomycota;Agaricomycetes;Polyporales;Polyporaceae;Lenzites;Lenzites_elegans
HQ248215	Root;Basidiomycota;Agaricomycetes;Cantharellales;Ceratobasidiaceae;Thanatephorus;Rhizoctonia_solani
EU661879	Root;Basidiomycota;Agaricomycetes;Polyporales;Polyporaceae;Trametes;Trametes_elegans
AB084620	Root;Basidiomycota;Agaricomycetes;Polyporales;Meruliaceae;Phlebia;Phlebia_subserialis
GQ355956	Root;Basidiomycota;Agaricomycetes;Polyporales;Polyporaceae;Grammothele;Grammothele_fuligo
HQ259264	Root;Ascomycota;Lecanoromycetes;Lecanorales;Hymeneliaceae;Aspicilia;Aspicilia_fluviatilis
EF658752	Root;Ascomycota;Leotiomycetes;Helotiales;Helotiaceae;Rhizoscyphus;Rhizoscyphus_ericae
EF658753	Root;Ascomycota;Leotiomycetes;Helotiales;Helotiaceae;Rhizoscyphus;Rhizoscyphus_ericae
HQ270119	Root;Basidiomycota;Agaricomycetes;Cantharellales;Cantharellaceae;Cantharellus;Cantharellus_minor
AB036896	Root;Basidiomycota;Agaricomycetes;Agaricales;Tricholomataceae;Tricholoma;Tricholoma_portentosum
AB036895	Root;Basidiomycota;Agaricomycetes;Agaricales;Tricholomataceae;Tricholoma;Tricholoma_flavovirens
AF234834	Root;Ascomycota;Sordariomycetes;Ophiostomatales;Ophiostomataceae;Ophiostoma;Ophiostoma_minus
HQ323692	Root;Basidiomycota;Agaricomycetes;Polyporales;Polyporaceae;Coriolopsis;Coriolopsis_caperata
AY752142	Root;Ascomycota;Dothideomycetes;Capnodiales;Mycosphaerellaceae;Cercospora;Cercospora_acaciae_mangii
EU814475	Root;Ascomycota;Sordariomycetes;Diaporthales;Diaporthaceae;Diaporthe;Diaporthe_angelicae
HQ328007	Root;Ascomycota;Sordariomycetes;Diaporthales;Valsaceae;Phomopsis;Phomopsis_chimonanthi
HQ328947	Root;Basidiomycota;Agaricomycetes;Polyporales;Ganodermataceae;Ganoderma;Ganoderma_cupreum
AF137066	Root;Ascomycota;Sordariomycetes;Hypocreales;Clavicipitaceae;Metarhizium;Metarhizium_lepidiotae
HQ331459	Root;Ascomycota;Sordariomycetes;Hypocreales;Clavicipitaceae;Metarhizium;Metarhizium_globosum
HQ336045	Root;Ascomycota;Sordariomycetes;Diaporthales;Valsaceae;Cytospora;Cytospora_rhizophorae
HQ377280	Root;Ascomycota;Sordariomycetes;Xylariales;Diatrypaceae;Diatrypella;Diatrypella_frostii
HQ377281	Root;Ascomycota;Orbiliomycetes;Orbiliales;Orbiliaceae;Arthrobotrys;Arthrobotrys_foliicola
HQ377294	Root;Basidiomycota;Tremellomycetes;Filobasidiales;Filobasidiaceae;Cryptococcus;Cryptococcus_laurentii
EF585506	Root;Ascomycota;Dothideomycetes;Botryosphaeriales;Botryosphaeriaceae;Macrophomina;Macrophomina_phaseolina
HQ380777	Root;Ascomycota;Eurotiomycetes;Onygenales;Onygenaceae;Auxarthron;Auxarthron_kuehnii
HQ384403	Root;Ascomycota;Sordariomycetes;Hypocreales;Nectriaceae;Fusarium;Fusarium_oxysporum
HQ389194	Root;Ascomycota;Lecanoromycetes;Lecanorales;Hymeneliaceae;Aspicilia;Aspicilia_vagans
HQ389197	Root;Ascomycota;Lecanoromycetes;Lecanorales;Hymeneliaceae;Aspicilia;Aspicilia_hispida
GU062245	Root;Ascomycota;Dothideomycetes;Botryosphaeriales;Botryosphaeriaceae;Diplodia;Diplodia_coryli
EU057905	Root;Ascomycota;Lecanoromycetes;Lecanorales;Hymeneliaceae;Aspicilia;Aspicilia_desertorum
GU058002	Root;Basidiomycota;Pucciniomycetes;Pucciniales;Pucciniaceae;Puccinia;Puccinia_nakanishikii
HQ412651	Root;Basidiomycota;Pucciniomycetes;Pucciniales;Pucciniaceae;Uromyces;Uromyces_striatus
HQ413278	Root;Ascomycota;Saccharomycetes;Saccharomycetales;Pichiaceae;Ogataea;Ogataea_pini
HQ416694	Root;Basidiomycota;Agaricomycetes;Cantharellales;Cantharellaceae;Cantharellus;Cantharellus_appalachiensis
AY669690	Root;Basidiomycota;Agaricomycetes;Agaricales;Cortinariaceae;Cortinarius;Cortinarius_erythrinus
HQ436123	Root;Basidiomycota;Agaricomycetes;Boletales;Suillaceae;Suillus;Suillus_granulatus
AY354264	Root;Ascomycota;Sordariomycetes;Diaporthales;Valsaceae;Phomopsis;Phomopsis_quercella
HQ441573	Root;Basidiomycota;Agaricomycetes;Russulales;Stereaceae;Aleurodiscus;Aleurodiscus_aurantius
HQ443695	Root;Ascomycota;Eurotiomycetes;Eurotiales;Trichocomaceae;Penicillium;Penicillium_lignorum
FJ378880	Root;Ascomycota;Leotiomycetes;Erysiphales;Erysiphaceae;Erysiphe;Erysiphe_diffusa
HQ449175	Root;Ascomycota;Sordariomycetes;Sordariales;Chaetomiaceae;Chaetomium;Chaetomium_atrobrunneum
HQ455071	Root;Ascomycota;Lecanoromycetes;Peltigerales;Nephromataceae;Nephroma;Nephroma_helveticum
HQ529749	Root;Ascomycota;Dothideomycetes;Botryosphaeriales;Botryosphaeriaceae;Botryosphaeria;Botryosphaeria_dothidea
EF585509	Root;Ascomycota;Dothideomycetes;Botryosphaeriales;Botryosphaeriaceae;Botryosphaeria;Botryosphaeria_dothidea
EU768878	Root;Ascomycota;Dothideomycetes;Botryosphaeriales;Botryosphaeriaceae;Botryosphaeria;Botryosphaeria_iberica
GQ857658	Root;Ascomycota;Dothideomycetes;Botryosphaeriales;Botryosphaeriaceae;Botryosphaeria;Botryosphaeria_lutea
HQ529769	Root;Ascomycota;Dothideomycetes;Botryosphaeriales;Botryosphaeriaceae;Neofusicoccum;Neofusicoccum_arbuti
HQ533021	Root;Basidiomycota;Agaricomycetes;Agaricales;Tricholomataceae;Cantharellula;Cantharellula_foetida
GU222267	Root;Basidiomycota;Agaricomycetes;Agaricales;Cortinariaceae;Cortinarius;Cortinarius_xenosma
HQ533025	Root;Basidiomycota;Agaricomycetes;Agaricales;Tricholomataceae;Resupinatus;Resupinatus_applicatus
HQ533030	Root;Basidiomycota;Agaricomycetes;Russulales;Stereaceae;Stereum;Stereum_ostrea
HQ533034	Root;Basidiomycota;Agaricomycetes;Hysterangiales;Gallaceaceae;Gallacea;Gallacea_eburnea
HQ533035	Root;Basidiomycota;Agaricomycetes;Agaricales;Cortinariaceae;Descolea;Descolea_phlebophora
HQ533037	Root;Basidiomycota;Agaricomycetes;Agaricales;Cyphellaceae;Cheimonophyllum;Cheimonophyllum_roseum
HQ533039	Root;Basidiomycota;Agaricomycetes;Gomphales;Gomphaceae;Ramaria;Ramaria_lorithamnus
HQ533044	Root;Basidiomycota;Agaricomycetes;Agaricales;Amanitaceae;Amanita;Amanita_inopinata
AF454418	Root;Basidiomycota;Agaricomycetes;Russulales;Auriscalpiaceae;Artomyces;Artomyces_adrienneae
HQ533046	Root;Basidiomycota;Agaricomycetes;Agaricales;Cortinariaceae;Crepidotus;Crepidotus_novae_zealandiae
HQ533047	Root;Basidiomycota;Agaricomycetes;Polyporales;Tubulicrinaceae;Tubulicrinis;Tubulicrinis_gracillimus
HQ533048	Root;Basidiomycota;Agaricomycetes;Gomphales;Gomphaceae;Lentaria;Lentaria_surculus
EF029230	Root;Ascomycota;Sordariomycetes;Hypocreales;Clavicipitaceae;Cordyceps;Cordyceps_cylindrica
HQ536996	Root;Ascomycota;Dothideomycetes;Botryosphaeriales;Botryosphaeriaceae;Neofusicoccum;Neofusicoccum_luteum
HQ537428	Root;Ascomycota;Eurotiomycetes;Onygenales;Arthrodermataceae;Trichophyton;Trichophyton_rubrum
HQ537429	Root;Ascomycota;Eurotiomycetes;Onygenales;Arthrodermataceae;Trichophyton;Trichophyton_mentagrophytes
HQ537430	Root;Ascomycota;Eurotiomycetes;Onygenales;Arthrodermataceae;Epidermophyton;Epidermophyton_floccosum
HQ540522	Root;Ascomycota;Eurotiomycetes;Ascosphaerales;Ascosphaeraceae;Ascosphaera;Ascosphaera_subglobosa
HQ540524	Root;Ascomycota;Eurotiomycetes;Ascosphaerales;Ascosphaeraceae;Bettsia;Bettsia_alvei
HQ585901	Root;Neocallimastigomycota;Neocallimastigomycetes;Neocallimastigales;Neocallimastigaceae;Neocallimastix;Neocallimastix_frontalis
HQ585902	Root;Neocallimastigomycota;Neocallimastigomycetes;Neocallimastigales;Neocallimastigaceae;Neocallimastix;Neocallimastix_frontalis
HQ586854	Root;Basidiomycota;Agaricomycetes;Agaricales;Cortinariaceae;Inocybe;Inocybe_alnea
HQ586855	Root;Basidiomycota;Agaricomycetes;Agaricales;Cortinariaceae;Inocybe;Inocybe_ambigua
HQ586873	Root;Basidiomycota;Agaricomycetes;Agaricales;Cortinariaceae;Inocybe;Inocybe_phaeosticta
HQ586864	Root;Basidiomycota;Agaricomycetes;Agaricales;Cortinariaceae;Inocybe;Inocybe_salicis_herbaceae
HQ586865	Root;Basidiomycota;Agaricomycetes;Agaricales;Cortinariaceae;Inocybe;Inocybe_tabacina
FJ623267	Root;Ascomycota;Eurotiomycetes;Eurotiales;Trichocomaceae;Penicillium;Penicillium_verrucosum
HQ589357	Root;Ascomycota;Leotiomycetes;Erysiphales;Erysiphaceae;Podosphaera;Podosphaera_fusca
HQ599394	Root;Ascomycota;Eurotiomycetes;Pyrenulales;Massariaceae;Massaria;Massaria_conspurcata
HQ599405	Root;Ascomycota;Eurotiomycetes;Pyrenulales;Massariaceae;Massaria;Massaria_inquinans
HQ599406	Root;Ascomycota;Eurotiomycetes;Pyrenulales;Massariaceae;Massaria;Massaria_lantanae
HQ599408	Root;Ascomycota;Eurotiomycetes;Pyrenulales;Massariaceae;Massaria;Massaria_macra
HQ599418	Root;Ascomycota;Eurotiomycetes;Pyrenulales;Massariaceae;Massaria;Massaria_parva
HQ599391	Root;Ascomycota;Eurotiomycetes;Pyrenulales;Massariaceae;Massaria;Massaria_campestris
HQ599439	Root;Ascomycota;Eurotiomycetes;Pyrenulales;Massariaceae;Massaria;Massaria_zanthoxyli
HQ599577	Root;Ascomycota;Dothideomycetes;Myriangiales;Elsinoaceae;Sphaceloma;Sphaceloma_freyliniae
HQ599592	Root;Ascomycota;Dothideomycetes;Pseudophloeospora_eucalypti;Pseudophloeospora_eucalypti;Pseudophloeospora_eucalypti;Pseudophloeospora_eucalypti
HQ599605	Root;Ascomycota;Dothideomycetes;Capnodiales;Teratosphaeriaceae;Devriesia;Devriesia_xanthorrhoeae
HQ604068	Root;Basidiomycota;Agaricomycetes;Agaricales;Cortinariaceae;Inocybe;Inocybe_fuscidula_var_fuscidula
HQ604084	Root;Basidiomycota;Agaricomycetes;Agaricales;Cortinariaceae;Inocybe;Inocybe_flocculosa_var_flocculosa
HQ604090	Root;Basidiomycota;Agaricomycetes;Agaricales;Cortinariaceae;Inocybe;Inocybe_nitidiuscula
HQ604154	Root;Basidiomycota;Agaricomycetes;Agaricales;Cortinariaceae;Inocybe;Inocybe_glabrescens
HQ604166	Root;Basidiomycota;Agaricomycetes;Agaricales;Cortinariaceae;Inocybe;Inocybe_glabrescens
GQ994981	Root;Basidiomycota;Agaricomycetes;Agaricales;Cortinariaceae;Inocybe;Inocybe_umbratica
HQ604258	Root;Basidiomycota;Agaricomycetes;Agaricales;Cortinariaceae;Inocybe;Inocybe_striata
DQ974803	Root;Basidiomycota;Agaricomycetes;Agaricales;Cortinariaceae;Inocybe;Inocybe_armeniaca
HQ604293	Root;Basidiomycota;Agaricomycetes;Agaricales;Cortinariaceae;Inocybe;Inocybe_lilacina
FJ596850	Root;Basidiomycota;Agaricomycetes;Agaricales;Cortinariaceae;Inocybe;Inocybe_geophylla
HQ604299	Root;Basidiomycota;Agaricomycetes;Agaricales;Cortinariaceae;Inocybe;Inocybe_auricoma
HQ604323	Root;Basidiomycota;Agaricomycetes;Agaricales;Cortinariaceae;Inocybe;Inocybe_phaeocomis_var_major
HQ604346	Root;Basidiomycota;Agaricomycetes;Agaricales;Cortinariaceae;Inocybe;Inocybe_nitidiuscula
HQ604361	Root;Basidiomycota;Agaricomycetes;Agaricales;Cortinariaceae;Inocybe;Inocybe_flocculosa_var_flocculosa
HQ604362	Root;Basidiomycota;Agaricomycetes;Agaricales;Cortinariaceae;Inocybe;Inocybe_lacera_var_lacera
HQ604367	Root;Basidiomycota;Agaricomycetes;Agaricales;Cortinariaceae;Inocybe;Inocybe_griseolilacina
HQ604368	Root;Basidiomycota;Agaricomycetes;Agaricales;Cortinariaceae;Inocybe;Inocybe_sindonia
FN550899	Root;Basidiomycota;Agaricomycetes;Agaricales;Cortinariaceae;Inocybe;Inocybe_tjallingiorum
EU525983	Root;Basidiomycota;Agaricomycetes;Agaricales;Cortinariaceae;Inocybe;Inocybe_sororia
HQ604384	Root;Basidiomycota;Agaricomycetes;Agaricales;Cortinariaceae;Inocybe;Inocybe_sindonia
HQ604391	Root;Basidiomycota;Agaricomycetes;Agaricales;Cortinariaceae;Inocybe;Inocybe_griseolilacina
HQ604476	Root;Basidiomycota;Agaricomycetes;Agaricales;Cortinariaceae;Inocybe;Inocybe_fuscidula_var_fuscidula
EU525952	Root;Basidiomycota;Agaricomycetes;Agaricales;Cortinariaceae;Inocybe;Inocybe_mixtilis
HQ604517	Root;Basidiomycota;Agaricomycetes;Agaricales;Cortinariaceae;Inocybe;Inocybe_nitidiuscula
HQ604524	Root;Basidiomycota;Agaricomycetes;Agaricales;Cortinariaceae;Inocybe;Inocybe_umbrina
HQ604547	Root;Basidiomycota;Agaricomycetes;Agaricales;Cortinariaceae;Inocybe;Inocybe_grammata
HQ604560	Root;Basidiomycota;Agaricomycetes;Agaricales;Cortinariaceae;Inocybe;Inocybe_assimilata
HQ604635	Root;Basidiomycota;Agaricomycetes;Agaricales;Cortinariaceae;Inocybe;Inocybe_fuscodisca
HQ604642	Root;Basidiomycota;Agaricomycetes;Agaricales;Cortinariaceae;Cortinarius;Cortinarius_tubarius
FJ039694	Root;Basidiomycota;Agaricomycetes;Agaricales;Cortinariaceae;Cortinarius;Cortinarius_ceraceus
HQ604686	Root;Basidiomycota;Agaricomycetes;Agaricales;Cortinariaceae;Cortinarius;Cortinarius_junghuhnii
HQ604740	Root;Basidiomycota;Agaricomycetes;Agaricales;Mycenaceae;Xeromphalina;Xeromphalina_campanella
EF530927	Root;Basidiomycota;Agaricomycetes;Agaricales;Strophariaceae;Hypholoma;Hypholoma_capnoides
HQ604756	Root;Basidiomycota;Agaricomycetes;Agaricales;Strophariaceae;Pholiota;Pholiota_terrestris
HQ604786	Root;Basidiomycota;Agaricomycetes;Agaricales;Cortinariaceae;Inocybe;Inocybe_malenconii_var_megalospora
HQ604795	Root;Basidiomycota;Agaricomycetes;Geastrales;Geastraceae;Sphaerobolus;Sphaerobolus_stellatus
FJ903348	Root;Basidiomycota;Agaricomycetes;Polyporales;Meruliaceae;Phlebia;Phlebia_radiata
HQ604808	Root;Basidiomycota;Agaricomycetes;Agaricales;Cortinariaceae;Inocybe;Inocybe_jacobi
HQ604819	Root;Basidiomycota;Agaricomycetes;Agaricales;Cortinariaceae;Inocybe;Inocybe_calamistrata_var_mucidiolens
HQ605928	Root;Ascomycota;Lecanoromycetes;Lecideales;Lecideaceae;Lecidea;Lecidea_fuscoatra_var_grisella
HQ605926	Root;Ascomycota;Lecanoromycetes;Lecideales;Lecideaceae;Lecidea;Lecidea_fuscoatra
HQ605940	Root;Ascomycota;Lecanoromycetes;Lecideales;Porpidiaceae;Porpidia;Porpidia_macrocarpa
HQ605941	Root;Ascomycota;Lecanoromycetes;Lecideales;Porpidiaceae;Porpidia;Porpidia_crustulata
HQ605942	Root;Ascomycota;Lecanoromycetes;Rhizocarpales;Rhizocarpaceae;Rhizocarpon;Rhizocarpon_petraeum
JN564002	Root;Ascomycota;Sordariomycetes;Sordariales;Chaetomiaceae;Chaetomium;Chaetomium_jodhpurense
AB524805	Root;Ascomycota;Dothideomycetes;Pleosporales;Lophiostomataceae;Tetraploa;Tetraploa_aristata
HQ608109	Root;Ascomycota;Eurotiomycetes;Eurotiales;Trichocomaceae;Aspergillus;Aspergillus_japonicus
HQ625012	Root;Basidiomycota;Agaricomycetes;Agaricales;Amanitaceae;Amanita;Amanita_armillariiformis
AY194976	Root;Basidiomycota;Agaricomycetes;Agaricales;Amanitaceae;Amanita;Amanita_nauseosa
EF652510	Root;Ascomycota;Eurotiomycetes;Eurotiales;Trichocomaceae;Emericella;Emericella_spectabilis
AF422939	Root;Ascomycota;Saccharomycetes;Saccharomycetales;Saccharomycetaceae;Kluyveromyces;Kluyveromyces_lactis
HQ650642	Root;Ascomycota;Lecanoromycetes;Pertusariales;Icmadophilaceae;Siphula;Siphula_ceratites
HQ650647	Root;Ascomycota;Lecanoromycetes;Lecanorales;Ramalinaceae;Squamarina;Squamarina_gypsacea
HQ650650	Root;Ascomycota;Lecanoromycetes;Lecanorales;Ramalinaceae;Bacidina;Bacidina_arnoldiana
HQ650653	Root;Ascomycota;Lecanoromycetes;Lecanorales;Lecanoraceae;Protoparmeliopsis;Lecanora_muralis
HQ650657	Root;Ascomycota;Lecanoromycetes;Lecideales;Lecideaceae;Lecidea;Lecidea_atrobrunnea
HQ650660	Root;Ascomycota;Lecanoromycetes;Lecideales;Lecideaceae;Lecidea;Lecidea_diapensiae
HQ650661	Root;Ascomycota;Lecanoromycetes;Lecideales;Lecideaceae;Lecidea;Lecidea_floridensis
HQ650662	Root;Ascomycota;Lecanoromycetes;Lecideales;Lecideaceae;Lecidea;Lecidea_fuscoatra
HQ650665	Root;Ascomycota;Lecanoromycetes;Lecideales;Lecideaceae;Lecidea;Lecidea_lapicida
HQ650666	Root;Ascomycota;Lecanoromycetes;Lecideales;Lecideaceae;Lecidea;Lecidea_leprarioides
HQ650667	Root;Ascomycota;Lecanoromycetes;Lecideales;Lecideaceae;Lecidea;Lecidea_nylanderi
HQ650668	Root;Ascomycota;Lecanoromycetes;Lecideales;Lecideaceae;Lecidea;Lecidea_polytrichina
HQ650669	Root;Ascomycota;Lecanoromycetes;Lecideales;Lecideaceae;Lecidea;Lecidea_pullata
HQ650670	Root;Ascomycota;Lecanoromycetes;Lecideales;Lecideaceae;Lecidea;Lecidea_roseotincta
HQ650671	Root;Ascomycota;Lecanoromycetes;Lecideales;Lecideaceae;Lecidea;Lecidea_tessellata
HQ650682	Root;Ascomycota;Lecanoromycetes;Lecanorales;Parmeliaceae;Menegazzia;Menegazzia_subsimilis
HQ650683	Root;Ascomycota;Lecanoromycetes;Lecanorales;Parmeliaceae;Parmotrema;Parmotrema_austrosinense
EU034671	Root;Ascomycota;Lecanoromycetes;Lecanorales;Parmeliaceae;Xanthoparmelia;Xanthoparmelia_protomatrae
HQ650714	Root;Ascomycota;Lecanoromycetes;Ostropales;Stictidaceae;Petractis;Petractis_luetkemuelleri
HQ650716	Root;Ascomycota;Lecanoromycetes;Ostropales;Thelotremataceae;Diploschistes;Diploschistes_scruposus
HQ650719	Root;Ascomycota;Lecanoromycetes;Pertusariales;Pertusariaceae;Ochrolechia;Ochrolechia_juvenalis
HQ650720	Root;Ascomycota;Lecanoromycetes;Lecanorales;Ramalinaceae;Ramalina;Ramalina_complanata
HQ650722	Root;Ascomycota;Lecanoromycetes;Acarosporales;Acarosporaceae;Glypholecia;Glypholecia_scabra
HQ650743	Root;Basidiomycota;Agaricomycetes;Agaricales;Tricholomataceae;Tricholoma;Tricholoma_sulphureum
HQ654097	Root;Basidiomycota;Agaricomycetes;Polyporales;Polyporaceae;Perenniporia;Perenniporia_japonica
HQ654099	Root;Basidiomycota;Agaricomycetes;Polyporales;Polyporaceae;Perenniporia;Perenniporia_medulla_panis
HQ655819	Root;Ascomycota;Eurotiomycetes;Eurotiales;Trichocomaceae;Penicillium;Penicillium_ochrochloron
HQ658164	Root;Ascomycota;Sordariomycetes;Hypocreales;Nectriaceae;Fusarium;Fusarium_oxysporum
FJ349622	Root;Basidiomycota;Agaricomycetes;Polyporales;Polyporaceae;Dichomitus;Dichomitus_squalens
HQ660378	Root;Ascomycota;Pezizomycetes;Pezizales;Pezizaceae;Mattirolomyces;Mattirolomyces_mexicanus
HQ660438	Root;Ascomycota;Sordariomycetes;Hypocreales;Clavicipitaceae;Pochonia;Pochonia_suchlasporia
HQ670631	Root;Ascomycota;Sordariomycetes;Hypocreales;Nectriaceae;Fusarium;Fusarium_oxysporum
GQ913347	Root;Basidiomycota;Microbotryomycetes;Sporidiobolales;Sporidiobolaceae;Sporidiobolus;Sporidiobolus_pararoseus
HQ671298	Root;Ascomycota;Lecanoromycetes;Lecanorales;Cladoniaceae;Cladonia;Cladonia_convoluta
AY586559	Root;Ascomycota;Lecanoromycetes;Lecanorales;Parmeliaceae;Flavoparmelia;Flavoparmelia_baltimorensis
DQ232664	Root;Ascomycota;Lecanoromycetes;Lecanorales;Parmeliaceae;Usnea;Usnea_rubrotincta
FJ494923	Root;Ascomycota;Lecanoromycetes;Lecanorales;Parmeliaceae;Usnea;Usnea_aciculifera
FJ596806	Root;Basidiomycota;Agaricomycetes;Polyporales;Polyporaceae;Laetiporus;Laetiporus_sulphureus
HQ676155	Root;Basidiomycota;Agaricomycetes;Polyporales;Polyporaceae;Wolfiporia;Wolfiporia_dilatohypha
HQ680352	Root;Basidiomycota;Agaricomycetes;Cantharellales;Clavulinaceae;Clavulina;Clavulina_sprucei
HQ680355	Root;Basidiomycota;Agaricomycetes;Cantharellales;Clavulinaceae;Clavulina;Clavulina_sprucei
HQ680618	Root;Ascomycota;Lecanoromycetes;Lecanorales;Parmeliaceae;Hypogymnia;Hypogymnia_krogiae
HQ691408	Root;Ascomycota;Sordariomycetes;Hypocreales;Nectriaceae;Fusarium;Fusarium_oxysporum
HQ691411	Root;Ascomycota;Sordariomycetes;Hypocreales;Nectriaceae;Fusarium;Fusarium_oxysporum
AY830120	Root;Ascomycota;Sordariomycetes;Hypocreales;Nectriaceae;Fusarium;Fusarium_falciforme
GQ869899	Root;Ascomycota;Sordariomycetes;Hypocreales;Nectriaceae;Haematonectria;Fusarium_solani
HQ696886	Root;Ascomycota;Sordariomycetes;Hypocreales;Nectriaceae;Gibberella;Gibberella_intermedia
FJ798606	Root;Ascomycota;Sordariomycetes;Hypocreales;Nectriaceae;Gibberella;Gibberella_moniliformis
HQ696894	Root;Ascomycota;Sordariomycetes;Hypocreales;Nectriaceae;Fusarium;Fusarium_oxysporum
HQ696889	Root;Ascomycota;Sordariomycetes;Hypocreales;Nectriaceae;Fusarium;Fusarium_oxysporum
AF396862	Root;Ascomycota;Pezizomycetes;Pezizales;Pezizaceae;Terfezia;Terfezia_leptoderma
HQ698100	Root;Ascomycota;Pezizomycetes;Pezizales;Pezizaceae;Terfezia;Terfezia_alsheikhii
HQ698118	Root;Ascomycota;Pezizomycetes;Pezizales;Pezizaceae;Terfezia;Terfezia_aff_olbiensis_TLO_3
HQ702381	Root;Ascomycota;Eurotiomycetes;Eurotiales;Trichocomaceae;Aspergillus;Aspergillus_unguis
GU981614	Root;Ascomycota;Eurotiomycetes;Eurotiales;Trichocomaceae;Eupenicillium;Eupenicillium_javanicum
HQ711929	Root;Ascomycota;Orbiliomycetes;Orbiliales;Orbiliaceae;Drechslerella;Drechslerella_brochopaga
HQ725088	Root;Ascomycota;Lecanoromycetes;Lecanorales;Parmeliaceae;Hypogymnia;Hypogymnia_pulverata
AY352584	Root;Ascomycota;Dothideomycetes;Capnodiales;Mycosphaerellaceae;Ramularia;Ramularia_sphaeroidea
HQ822056	Root;Ascomycota;Eurotiomycetes;Verrucariales;Verrucariaceae;Verrucaria;Verrucaria_tavaresiae
DQ093659	Root;Ascomycota;Sordariomycetes;Sordariales;Chaetomiaceae;Chaetomium;Chaetomium_globosum
HQ832450	Root;Basidiomycota;Agaricomycetes;Agaricales;Inocybaceae;Pleuroflammula;Pleuroflammula_praestans
HQ832819	Root;Ascomycota;Dothideomycetes;Botryosphaeriales;Botryosphaeriaceae;Botryosphaeria;Botryosphaeria_dothidea
JN849459	Root;Basidiomycota;Microbotryomycetes;Microbotryales;Ustilentylomataceae;Microbotryozyma_collariae;Microbotryozyma_collariae
EU645664	Root;Ascomycota;Eurotiomycetes;Eurotiales;Trichocomaceae;Aspergillus;Aspergillus_flavipes
FJ914687	Root;Ascomycota;Sordariomycetes;Microascales;Microascaceae;Cephalotrichum;Doratomyces_microsporus
AJ488276	Root;Ascomycota;Sordariomycetes;Hypocreales;Clavicipitaceae;Cordyceps;Cordyceps_memorabilis
HQ833452	Root;Ascomycota;Leotiomycetes;Helotiales;Sclerotiniaceae;Ciboria;Ciboria_carunculoides
HQ843035	Root;Ascomycota;Eurotiomycetes;Eurotiales;Trichocomaceae;Aspergillus;Aspergillus_westerdijkiae
HQ848479	Root;Basidiomycota;Agaricomycetes;Polyporales;Polyporaceae;Perenniporia;Perenniporia_nanlingensis
EU888925	Root;Ascomycota;Eurotiomycetes;Eurotiales;Trichocomaceae;Penicillium;Penicillium_raistrickii
GU212865	Root;Ascomycota;Eurotiomycetes;Eurotiales;Trichocomaceae;Penicillium;Penicillium_janthinellum
EU488722	Root;Ascomycota;Saccharomycetes;Saccharomycetales;Pichiaceae;Pichia;Pichia_fermentans
AJ877222	Root;Ascomycota;Eurotiomycetes;Onygenales;Arthrodermataceae;Ctenomyces;Ctenomyces_serratus
HQ874708	Root;Ascomycota;Dothideomycetes;Capnodiales;Mycosphaerellaceae;Guignardia;Guignardia_citricarpa
JQ397145	Root;Ascomycota;Dothideomycetes;Capnodiales;Mycosphaerellaceae;Guignardia;Guignardia_citricarpa
JQ397185	Root;Ascomycota;Dothideomycetes;Capnodiales;Mycosphaerellaceae;Guignardia;Guignardia_citricarpa
HQ874716	Root;Ascomycota;Dothideomycetes;Capnodiales;Mycosphaerellaceae;Guignardia;Guignardia_citricarpa
JQ397011	Root;Ascomycota;Dothideomycetes;Capnodiales;Mycosphaerellaceae;Guignardia;Guignardia_citricarpa
HQ874718	Root;Ascomycota;Dothideomycetes;Capnodiales;Mycosphaerellaceae;Guignardia;Guignardia_citricarpa
HQ874723	Root;Ascomycota;Dothideomycetes;Capnodiales;Mycosphaerellaceae;Guignardia;Guignardia_citricarpa
HQ874725	Root;Ascomycota;Dothideomycetes;Capnodiales;Mycosphaerellaceae;Guignardia;Guignardia_citricarpa
HQ874734	Root;Ascomycota;Dothideomycetes;Capnodiales;Mycosphaerellaceae;Guignardia;Guignardia_citricarpa
JQ397088	Root;Ascomycota;Dothideomycetes;Capnodiales;Mycosphaerellaceae;Guignardia;Guignardia_citricarpa
U18354	Root;Ascomycota;Eurotiomycetes;Eurotiales;Trichocomaceae;Talaromyces;Talaromyces_flavus
FJ715822	Root;Basidiomycota;Agaricomycetes;Polyporales;Polyporaceae;Trametes;Trametes_hirsuta
FJ230992	Root;Ascomycota;Eurotiomycetes;Eurotiales;Trichocomaceae;Penicillium;Penicillium_citrinum
HQ889715	Root;Ascomycota;Leotiomycetes;Helotiales;Dermateaceae;Cryptosporiopsis;Cryptosporiopsis_radicicola
EU880588	Root;Ascomycota;Leotiomycetes;Helotiales;Dermateaceae;Cryptosporiopsis;Cryptosporiopsis_ericae
HQ891824	Root;Ascomycota;Eurotiomycetes;Eurotiales;Trichocomaceae;Aspergillus;Aspergillus_penicillioides
HQ897793	Root;Ascomycota;Sordariomycetes;Hypocreales;Nectriaceae;Nectria;Nectria_setofusariae
GQ411326	Root;Ascomycota;Sordariomycetes;Hypocreales;Nectriaceae;Flagellospora;Flagellospora_penicillioides
HQ897797	Root;Ascomycota;Sordariomycetes;Hypocreales;Nectriaceae;Nectria;Nectria_rubropeziza
HQ897799	Root;Ascomycota;Sordariomycetes;Hypocreales;Nectriaceae;Nectria;Nectria_cinereopapillata
HQ897804	Root;Ascomycota;Sordariomycetes;Hypocreales;Nectriaceae;Nectria;Nectria_albida
HM626661	Root;Ascomycota;Sordariomycetes;Hypocreales;Nectriaceae;Cyanonectria;Cyanonectria_buxi
HQ897810	Root;Ascomycota;Sordariomycetes;Hypocreales;Nectriaceae;Macroconia_leptosphaeriae;Macroconia_leptosphaeriae
HQ897813	Root;Ascomycota;Sordariomycetes;Hypocreales;Nectriaceae;Nectria;Nectria_diminuta
HQ897823	Root;Ascomycota;Sordariomycetes;Hypocreales;Nectriaceae;Stylonectria;Stylonectria_carpini
AF178423	Root;Ascomycota;Sordariomycetes;Hypocreales;Nectriaceae;Geejayessia_atrofusca;Geejayessia_atrofusca
HQ897831	Root;Ascomycota;Sordariomycetes;Hypocreales;Nectriaceae;Stylonectria;Stylonectria_purtonii
HQ907944	Root;Ascomycota;Sordariomycetes;Ophiostomatales;Ophiostomataceae;Grosmannia;Grosmannia_penicillata
AJ293811	Root;Ascomycota;Dothideomycetes;Pleosporales;Leptosphaeriaceae;Coniothyrium;Coniothyrium_minitans
FJ462748	Root;Ascomycota;Dothideomycetes;Botryosphaeriales;Botryosphaeriaceae;Phyllosticta;Phyllosticta_papayae
HQ914908	Root;Basidiomycota;Ustilaginomycetes;Ustilaginales;Ustilaginaceae;Sporisorium;Sporisorium_scitamineum
HQ914933	Root;Ascomycota;Eurotiomycetes;Onygenales;Onygenaceae;Chrysosporium;Chrysosporium_lobatum
FJ946485	Root;Ascomycota;Sordariomycetes;Microascales;Microascaceae;Wardomyces;Wardomyces_inflatus
HQ999976	Root;Ascomycota;Saccharomycetes;Saccharomycetales;Saccharomycetaceae;Lachancea;Lachancea_dasiensis
JF263460	Root;Basidiomycota;Pucciniomycetes;Pucciniales;Uropyxidaceae;Dasyspora;Dasyspora_amazonica
JF263465	Root;Basidiomycota;Pucciniomycetes;Pucciniales;Uropyxidaceae;Dasyspora;Dasyspora_emarginatae
JF263464	Root;Basidiomycota;Pucciniomycetes;Pucciniales;Uropyxidaceae;Dasyspora;Dasyspora_echinata
JF263495	Root;Basidiomycota;Pucciniomycetes;Pucciniales;Pucciniaceae;Puccinia;Puccinia_popowiae
AB017659	Root;Ascomycota;Sordariomycetes;Xylariales;Xylariaceae;Rosellinia;Rosellinia_pepo
FJ515205	Root;Ascomycota;Saccharomycetes;Saccharomycetales;Pichiaceae;Pichia;Pichia_guilliermondii
JF271748	Root;Ascomycota;Dothideomycetes;Pleosporales;Dothidotthiaceae;Spencermartinsia;Spencermartinsia_viticola
FJ752738	Root;Ascomycota;Dothideomycetes;Botryosphaeriales;Botryosphaeriaceae;Dichomera;Dichomera_eucalypti
EU603292	Root;Ascomycota;Dothideomycetes;Botryosphaeriales;Botryosphaeriaceae;Botryosphaeria;Botryosphaeria_viticola
JF271754	Root;Ascomycota;Dothideomycetes;Botryosphaeriales;Botryosphaeriaceae;Neofusicoccum;Neofusicoccum_mangiferae
JF271756	Root;Ascomycota;Dothideomycetes;Botryosphaeriales;Botryosphaeriaceae;Neofusicoccum;Neofusicoccum_australe
JF271757	Root;Ascomycota;Dothideomycetes;Pleosporales;Dothidotthiaceae;Spencermartinsia;Spencermartinsia_viticola
FJ441624	Root;Ascomycota;Dothideomycetes;Botryosphaeriales;Botryosphaeriaceae;Botryosphaeria;Neofusicoccum_australe
JF271759	Root;Ascomycota;Dothideomycetes;Botryosphaeriales;Botryosphaeriaceae;Neofusicoccum;Neofusicoccum_australe
JF271760	Root;Ascomycota;Dothideomycetes;Botryosphaeriales;Botryosphaeriaceae;Neofusicoccum;Neofusicoccum_mangiferae
JF275865	Root;Ascomycota;Sordariomycetes;Diaporthales;Togniniaceae;Phaeoacremonium;Phaeoacremonium_hispanicum
AB481260	Root;Ascomycota;Leotiomycetes;Helotiales;Hyaloscyphaceae;Lachnellula;Lachnellula_pulverulenta
JF332166	Root;Ascomycota;Leotiomycetes;Rhytismatales;Rhytismataceae;Lophodermium;Lophodermium_nitens
FJ903316	Root;Ascomycota;Sordariomycetes;Sordariales;Helminthosphaeriaceae;Spadicoides;Spadicoides_bina
FJ903349	Root;Basidiomycota;Agaricomycetes;Polyporales;Polyporaceae;Polyporus;Polyporus_brumalis
GU062246	Root;Ascomycota;Sordariomycetes;Xylariales;Diatrypaceae;Eutypella;Eutypella_cerviculata
JF340281	Root;Ascomycota;Sordariomycetes;Xylariales;Xylariaceae;Daldinia;Daldinia_loculata
JF340289	Root;Basidiomycota;Agaricomycetes;Polyporales;Steccherinaceae;Cinereomyces;Cinereomyces_lindbladii
EU770227	Root;Ascomycota;Sordariomycetes;Diaporthales;Togniniaceae;Phaeoacremonium;Phaeoacremonium_globosum
JF417476	Root;Ascomycota;Eurotiomycetes;Eurotiales;Trichocomaceae;Talaromyces;Talaromyces_byssochlamydoides
GU966523	Root;Ascomycota;Eurotiomycetes;Eurotiales;Trichocomaceae;Talaromyces;Talaromyces_emersonii
JF430062	Root;Basidiomycota;Agaricomycetes;Russulales;Hericiaceae;Hericium;Hericium_coralloides
JF430063	Root;Basidiomycota;Agaricomycetes;Russulales;Hericiaceae;Hericium;Hericium_erinaceum
JF430064	Root;Basidiomycota;Agaricomycetes;Russulales;Hericiaceae;Hericium;Hericium_coralloides
JF430065	Root;Basidiomycota;Agaricomycetes;Russulales;Hericiaceae;Hericium;Hericium_coralloides
JF430066	Root;Basidiomycota;Agaricomycetes;Russulales;Hericiaceae;Hericium;Hericium_erinaceum
JF430071	Root;Basidiomycota;Agaricomycetes;Russulales;Hericiaceae;Hericium;Hericium_erinaceum
JF430072	Root;Basidiomycota;Agaricomycetes;Russulales;Hericiaceae;Hericium;Hericium_coralloides
JF430073	Root;Basidiomycota;Agaricomycetes;Russulales;Hericiaceae;Hericium;Hericium_coralloides
AY534584	Root;Basidiomycota;Agaricomycetes;Russulales;Hericiaceae;Hericium;Hericium_coralloides
JF430075	Root;Basidiomycota;Agaricomycetes;Russulales;Hericiaceae;Hericium;Hericium_erinaceum
AM269779	Root;Basidiomycota;Agaricomycetes;Russulales;Hericiaceae;Hericium;Hericium_erinaceum
JF430077	Root;Basidiomycota;Agaricomycetes;Russulales;Hericiaceae;Hericium;Hericium_erinaceum
JF433374	Root;Ascomycota;Leotiomycetes;Helotiales;Sclerotiniaceae;Amphobotrys;Amphobotrys_ricini
AJ567770	Root;Glomeromycota;Glomeromycetes;Glomerales;Glomeraceae;Glomus;Glomus_intraradices
JF439140	Root;Glomeromycota;Glomeromycetes;Diversisporales;Gigasporaceae;Scutellospora;Scutellospora_calospora
JF439182	Root;Glomeromycota;Glomeromycetes;Glomerales;Glomeraceae;Rhizophagus;Rhizophagus_intraradices
JF439184	Root;Glomeromycota;Glomeromycetes;Glomerales;Glomeraceae;Rhizophagus;Rhizophagus_intraradices
JF439210	Root;Glomeromycota;Glomeromycetes;Archaeosporales;Ambisporaceae;Ambispora;Ambispora_gerdemannii
EU520097	Root;Ascomycota;Sordariomycetes;Phyllachorales;Phyllachoraceae;Phyllachora;Marssonina_mali
AF351582	Root;Ascomycota;Pezizomycetes;Pezizales;Pyronemataceae;Trichophaea;Trichophaea_hybrida
JF443650	Root;Microsporidia;Microsporea;Microsporida;Nosematidae;Nosema;Nosema_bombycis
EU350400	Root;Microsporidia;Microsporea;Microsporida;Nosematidae;Nosema;Nosema_bombycis
JF443634	Root;Microsporidia;Microsporea;Microsporida;Nosematidae;Nosema;Nosema_bombycis
JF443633	Root;Microsporidia;Microsporea;Microsporida;Nosematidae;Nosema;Nosema_bombycis
EU350403	Root;Microsporidia;Microsporea;Microsporida;Nosematidae;Nosema;Nosema_bombycis
EU864520	Root;Microsporidia;Microsporea;Microsporida;Nosematidae;Nosema;Nosema_bombycis
JF443663	Root;Microsporidia;Microsporea;Microsporida;Nosematidae;Nosema;Nosema_bombycis
AF439480	Root;Ascomycota;Dothideomycetes;Pleosporales;Phaeosphaeriaceae;Phaeosphaeria;Phaeosphaeria_eustoma
AF492124	Root;Ascomycota;Taphrinomycetes;Taphrinales;Taphrinaceae;Taphrina;Taphrina_vestergrenii
HE572530	Root;Basidiomycota;Tremellomycetes;Filobasidiales;Filobasidiaceae;Cryptococcus;Cryptococcus_wieringae
HQ897818	Root;Ascomycota;Sordariomycetes;Hypocreales;Nectriaceae;Fusarium;Fusarium_ciliatum
AF492098	Root;Ascomycota;Taphrinomycetes;Taphrinales;Taphrinaceae;Taphrina;Taphrina_flavorubra
DQ000318	Root;Basidiomycota;Tremellomycetes;Filobasidiales;Filobasidiaceae;Cryptococcus;Cryptococcus_tephrensis
JF498580	Root;Ascomycota;Dothideomycetes;Pleosporales;Venturiaceae;Venturia;Venturia_inaequalis
JF498581	Root;Ascomycota;Dothideomycetes;Pleosporales;Venturiaceae;Venturia;Venturia_inaequalis
JF498583	Root;Ascomycota;Dothideomycetes;Pleosporales;Venturiaceae;Venturia;Venturia_inaequalis
JF498584	Root;Ascomycota;Dothideomycetes;Pleosporales;Venturiaceae;Venturia;Venturia_inaequalis
JF499846	Root;Ascomycota;Dothideomycetes;Capnodiales;Teratosphaeriaceae;Teratosphaeria;Teratosphaeria_karinae
HM595533	Root;Ascomycota;Leotiomycetes;Helotiales;Dermateaceae;Pezicula;Pezicula_sporulosa
JF505280	Root;Ascomycota;Saccharomycetes;Saccharomycetales;Saccharomycetaceae;Saccharomyces;Saccharomyces_cerevisiae
JF505283	Root;Ascomycota;Saccharomycetes;Saccharomycetales;Saccharomycetaceae;Saccharomyces;Saccharomyces_cerevisiae
JF505284	Root;Ascomycota;Saccharomycetes;Saccharomycetales;Saccharomycetaceae;Saccharomyces;Saccharomyces_cerevisiae
UDB001147	Root;Basidiomycota;Agaricomycetes;Agaricales;Cortinariaceae;Cortinarius;Cortinarius_hinnuleus
JF908109	Root;Basidiomycota;Agaricomycetes;Agaricales;Cortinariaceae;Inocybe;Inocybe_tenebrosa
AF490397	Root;Basidiomycota;Tremellomycetes;Tremellales;Exidiaceae;Sebacina;Sebacina_epigaea
AJ889936	Root;Basidiomycota;Agaricomycetes;Atheliales;Atheliaceae;Byssocorticium;Byssocorticium_atrovirens
JF908371	Root;Basidiomycota;Agaricomycetes;Agaricales;Mycenaceae;Mycena;Mycena_angusta
JF908394	Root;Basidiomycota;Agaricomycetes;Agaricales;Mycenaceae;Mycena;Mycena_amicta
JF908439	Root;Basidiomycota;Agaricomycetes;Agaricales;Mycenaceae;Mycena;Mycena_stylobates
EU697259	Root;Basidiomycota;Agaricomycetes;Agaricales;Lyophyllaceae;Tephrocybe;Tephrocybe_rancida
JF680900	Root;Basidiomycota;Tremellomycetes;Filobasidiales;Filobasidiaceae;Cryptococcus;Cryptococcus_cyanovorans
JF681956	Root;Ascomycota;Sordariomycetes;Diaporthales;Melanconidaceae;Sydowiella;Sydowiella_fenestrans
JF681959	Root;Ascomycota;Sordariomycetes;Diaporthales;Valsaceae;Sillia;Sillia_ferruginea
GQ337913	Root;Basidiomycota;Agaricomycetes;Gloeophyllales;Gloeophyllaceae;Gloeophyllum;Gloeophyllum_trabeum
JF692195	Root;Basidiomycota;Agaricomycetes;Polyporales;Polyporaceae;Navisporus;Navisporus_floccosus
JF692196	Root;Basidiomycota;Agaricomycetes;Polyporales;Polyporaceae;Navisporus;Navisporus_sulcatus
JF692198	Root;Basidiomycota;Agaricomycetes;Polyporales;Polyporaceae;Skeletocutis;Skeletocutis_diluta
JF692199	Root;Basidiomycota;Agaricomycetes;Russulales;Bondarzewiaceae;Wrightoporia;Wrightoporia_bracei
JF692725	Root;Glomeromycota;Glomeromycetes;Glomerales;Glomeraceae;Glomus;Glomus_cubense
JF701707	Root;Basidiomycota;Agaricomycetes;Cantharellales;Ceratobasidiaceae;Thanatephorus;Rhizoctonia_solani
JF701722	Root;Basidiomycota;Agaricomycetes;Cantharellales;Ceratobasidiaceae;Thanatephorus;Rhizoctonia_solani
JF701741	Root;Basidiomycota;Agaricomycetes;Cantharellales;Ceratobasidiaceae;Thanatephorus;Rhizoctonia_solani
JF701744	Root;Basidiomycota;Agaricomycetes;Cantharellales;Ceratobasidiaceae;Thanatephorus;Rhizoctonia_solani
JF701749	Root;Basidiomycota;Agaricomycetes;Cantharellales;Ceratobasidiaceae;Thanatephorus;Rhizoctonia_solani
JF701750	Root;Basidiomycota;Agaricomycetes;Cantharellales;Ceratobasidiaceae;Thanatephorus;Rhizoctonia_solani
JF701753	Root;Basidiomycota;Agaricomycetes;Cantharellales;Ceratobasidiaceae;Thanatephorus;Rhizoctonia_solani
JF701758	Root;Basidiomycota;Agaricomycetes;Cantharellales;Ceratobasidiaceae;Thanatephorus;Rhizoctonia_solani
JF701764	Root;Basidiomycota;Agaricomycetes;Cantharellales;Ceratobasidiaceae;Thanatephorus;Rhizoctonia_solani
JF701765	Root;Basidiomycota;Agaricomycetes;Cantharellales;Ceratobasidiaceae;Thanatephorus;Rhizoctonia_solani
JF701767	Root;Basidiomycota;Agaricomycetes;Cantharellales;Ceratobasidiaceae;Thanatephorus;Rhizoctonia_solani
JF701771	Root;Basidiomycota;Agaricomycetes;Cantharellales;Ceratobasidiaceae;Thanatephorus;Rhizoctonia_solani
JF701776	Root;Basidiomycota;Agaricomycetes;Cantharellales;Ceratobasidiaceae;Thanatephorus;Rhizoctonia_solani
JF701780	Root;Basidiomycota;Agaricomycetes;Cantharellales;Ceratobasidiaceae;Thanatephorus;Rhizoctonia_solani
JF701784	Root;Basidiomycota;Agaricomycetes;Cantharellales;Ceratobasidiaceae;Thanatephorus;Rhizoctonia_solani
JF701786	Root;Basidiomycota;Agaricomycetes;Cantharellales;Ceratobasidiaceae;Thanatephorus;Rhizoctonia_solani
JF701788	Root;Basidiomycota;Agaricomycetes;Cantharellales;Ceratobasidiaceae;Thanatephorus;Rhizoctonia_solani
JF701790	Root;Basidiomycota;Agaricomycetes;Cantharellales;Ceratobasidiaceae;Thanatephorus;Rhizoctonia_solani
JF701794	Root;Basidiomycota;Agaricomycetes;Cantharellales;Ceratobasidiaceae;Thanatephorus;Rhizoctonia_solani
FJ746974	Root;Basidiomycota;Agaricomycetes;Cantharellales;Ceratobasidiaceae;Thanatephorus;Rhizoctonia_solani
AM422215	Root;Ascomycota;Sordariomycetes;Phyllachorales;Phyllachoraceae;Colletotrichum;Colletotrichum_coccodes
JN415755	Root;Ascomycota;Sordariomycetes;Hypocreales;Clavicipitaceae;Cordyceps;Cordyceps_militaris
JF706309	Root;Basidiomycota;Agaricomycetes;Agaricales;Entolomataceae;Richoniella;Richoniella_asterospora
JF712849	Root;Basidiomycota;Agaricomycetes;Polyporales;Polyporaceae;Daedaleopsis;Daedaleopsis_flavida
JF714250	Root;Ascomycota;Sordariomycetes;Sordariales;Chaetomiaceae;Thielavia;Thielavia_microspora
JF714251	Root;Ascomycota;Leotiomycetes;Helotiales;Dermateaceae;Cryptosporiopsis;Cryptosporiopsis_diversispora
AJ131688	Root;Ascomycota;Eurotiomycetes;Onygenales;Onygenaceae;Chrysosporium;Chrysosporium_lobatum
JF718687	Root;Ascomycota;Sordariomycetes;Hypocreales;Cordycipitaceae;Isaria;Isaria_fumosorosea
FJ205465	Root;Ascomycota;Eurotiomycetes;Eurotiales;Trichocomaceae;Penicillium;Penicillium_pinophilum
JF747034	Root;Ascomycota;Dothideomycetes;Capnodiales;Mycosphaerellaceae;Cercospora;Cercospora_canescens
EU266085	Root;Ascomycota;Lecanoromycetes;Lecanorales;Parmeliaceae;Parmelina;Parmelina_tiliacea
JF775507	Root;Basidiomycota;Agaricomycetes;Atheliales;Atheliaceae;Athelia;Athelia_rolfsii
EU853843	Root;Ascomycota;Sordariomycetes;Hypocreales;Nectriaceae;Fusarium;Fusarium_venenatum
EU301663	Root;Ascomycota;Eurotiomycetes;Eurotiales;Trichocomaceae;Penicillium;Penicillium_rolfsii
JF795579	Root;Chytridiomycota;Chytridiomycetes;Chytridiales;Synchytriaceae;Synchytrium;Synchytrium_endobioticum
FJ972612	Root;Ascomycota;Sordariomycetes;Phyllachorales;Phyllachoraceae;Colletotrichum;Colletotrichum_asianum
JF820469	Root;Glomeromycota;Glomeromycetes;Glomerales;Glomeraceae;Glomus;Glomus_irregulare
JF820485	Root;Glomeromycota;Glomeromycetes;Glomerales;Glomeraceae;Glomus;Glomus_irregulare
FJ009609	Root;Glomeromycota;Glomeromycetes;Glomerales;Glomeraceae;Glomus;Glomus_irregulare
AY471633	Root;Basidiomycota;Pucciniomycetes;Pucciniales;Melampsoraceae;Melampsora;Melampsora_epitea
JF826007	Root;Ascomycota;Sordariomycetes;Sordariales;Chaetomiaceae;Chaetomium;Chaetomium_perlucidum
JF826010	Root;Ascomycota;Eurotiomycetes;Eurotiales;Trichocomaceae;Aspergillus;Aspergillus_niger
EF495101	Root;Ascomycota;Sordariomycetes;Hypocreales;Clavicipitaceae;Metacordyceps;Metacordyceps_taii
AY557600	Root;Basidiomycota;Tremellomycetes;Filobasidiales;Filobasidiaceae;Cryptococcus;Cryptococcus_foliicola
JF836021	Root;Ascomycota;Archaeorhizomycetes;Archaeorhizomycetales;Archaeorhizomycetaceae;Archaeorhizomyces;Archaeorhizomyces_finlayi
JF894106	Root;Basidiomycota;Agaricomycetes;Polyporales;Polyporaceae;Megasporoporia;Megasporoporia_cavernulosa
JF900362	Root;Basidiomycota;Microbotryomycetes;Glaciozyma_martinii;Glaciozyma_martinii;Glaciozyma_martinii;Glaciozyma_martinii
JF907660	Root;Basidiomycota;Pucciniomycetes;Pucciniales;Phragmidiaceae;Phragmidium;Phragmidium_mexicanum
JF907758	Root;Basidiomycota;Agaricomycetes;Agaricales;Amanitaceae;Amanita;Amanita_beckeri
JF907763	Root;Basidiomycota;Agaricomycetes;Agaricales;Amanitaceae;Amanita;Amanita_eliae
JF907807	Root;Basidiomycota;Agaricomycetes;Agaricales;Tricholomataceae;Clitocybe;Clitocybe_alkaliviolascens
JF907809	Root;Basidiomycota;Agaricomycetes;Agaricales;Tricholomataceae;Clitocybe;Clitocybe_trulliformis
JF907819	Root;Basidiomycota;Agaricomycetes;Agaricales;Tricholomataceae;Clitocybe;Clitocybe_leucodiatreta
JF907912	Root;Basidiomycota;Agaricomycetes;Agaricales;Cortinariaceae;Cortinarius;Cortinarius_urbicus
JF907914	Root;Basidiomycota;Agaricomycetes;Agaricales;Cortinariaceae;Cortinarius;Cortinarius_albovariegatus
FJ039667	Root;Basidiomycota;Agaricomycetes;Agaricales;Cortinariaceae;Cortinarius;Cortinarius_limonius
JF907956	Root;Basidiomycota;Agaricomycetes;Agaricales;Cortinariaceae;Cortinarius;Cortinarius_privignoides
JF907960	Root;Basidiomycota;Agaricomycetes;Agaricales;Cortinariaceae;Crepidotus;Crepidotus_sphaerosporus
JF907961	Root;Basidiomycota;Agaricomycetes;Agaricales;Cortinariaceae;Crepidotus;Crepidotus_subverrucisporus
JF907963	Root;Basidiomycota;Agaricomycetes;Agaricales;Cortinariaceae;Crepidotus;Crepidotus_luteolus
JF907971	Root;Basidiomycota;Agaricomycetes;Agaricales;Tricholomataceae;Cystoderma;Cystoderma_subvinaceum
JF907990	Root;Basidiomycota;Agaricomycetes;Agaricales;Entolomataceae;Entoloma;Entoloma_madidum
JF907992	Root;Basidiomycota;Agaricomycetes;Agaricales;Entolomataceae;Entoloma;Entoloma_saundersii
JF907993	Root;Basidiomycota;Agaricomycetes;Agaricales;Entolomataceae;Entoloma;Entoloma_turci
JF907996	Root;Basidiomycota;Agaricomycetes;Agaricales;Entolomataceae;Entoloma;Entoloma_excentricum
JF907997	Root;Basidiomycota;Agaricomycetes;Agaricales;Entolomataceae;Entoloma;Entoloma_hebes
JF908001	Root;Basidiomycota;Agaricomycetes;Agaricales;Entolomataceae;Entoloma;Entoloma_sepium
JF908102	Root;Basidiomycota;Agaricomycetes;Agaricales;Cortinariaceae;Inocybe;Inocybe_decemgibbosa
JF908104	Root;Basidiomycota;Agaricomycetes;Agaricales;Cortinariaceae;Inocybe;Inocybe_agordina
JF908107	Root;Basidiomycota;Agaricomycetes;Agaricales;Cortinariaceae;Inocybe;Inocybe_albovelutipes
JF908108	Root;Basidiomycota;Agaricomycetes;Agaricales;Cortinariaceae;Inocybe;Inocybe_grammopodia
HQ604492	Root;Basidiomycota;Agaricomycetes;Agaricales;Cortinariaceae;Inocybe;Inocybe_praetervisa
JF908153	Root;Basidiomycota;Agaricomycetes;Agaricales;Cortinariaceae;Inocybe;Inocybe_obscurobadia
JF908156	Root;Basidiomycota;Agaricomycetes;Agaricales;Cortinariaceae;Inocybe;Inocybe_pseudoreducta
JF908159	Root;Basidiomycota;Agaricomycetes;Agaricales;Cortinariaceae;Inocybe;Inocybe_aeruginascens
JF908212	Root;Basidiomycota;Agaricomycetes;Agaricales;Cortinariaceae;Inocybe;Inocybe_luteipes
JF908256	Root;Basidiomycota;Agaricomycetes;Agaricales;Cortinariaceae;Inocybe;Inocybe_obsoleta
JF908258	Root;Basidiomycota;Agaricomycetes;Agaricales;Cortinariaceae;Inocybe;Inocybe_pholiotinoides
JF908093	Root;Basidiomycota;Agaricomycetes;Agaricales;Cortinariaceae;Inocybe;Inocybe_dunensis
JF908344	Root;Basidiomycota;Agaricomycetes;Agaricales;Tricholomataceae;Melanoleuca;Melanoleuca_cognata
JF908349	Root;Basidiomycota;Agaricomycetes;Agaricales;Tricholomataceae;Melanoleuca;Melanoleuca_turrita
JF908350	Root;Basidiomycota;Agaricomycetes;Agaricales;Tricholomataceae;Melanoleuca;Melanoleuca_curtipes
JF908353	Root;Basidiomycota;Agaricomycetes;Agaricales;Tricholomataceae;Melanoleuca;Melanoleuca_cognata
JF908359	Root;Basidiomycota;Agaricomycetes;Agaricales;Tricholomataceae;Melanoleuca;Melanoleuca_strictipes
JF908369	Root;Basidiomycota;Agaricomycetes;Agaricales;Mycenaceae;Mycena;Mycena_corynephora
JF908375	Root;Basidiomycota;Agaricomycetes;Agaricales;Mycenaceae;Mycena;Mycena_terena
JF908376	Root;Basidiomycota;Agaricomycetes;Agaricales;Mycenaceae;Mycena;Mycena_leaiana
JF908381	Root;Basidiomycota;Agaricomycetes;Agaricales;Mycenaceae;Mycena;Mycena_alba
JF908384	Root;Basidiomycota;Agaricomycetes;Agaricales;Mycenaceae;Mycena;Mycena_acicula
JF908385	Root;Basidiomycota;Agaricomycetes;Agaricales;Mycenaceae;Mycena;Mycena_cyanorhiza
JF908387	Root;Basidiomycota;Agaricomycetes;Agaricales;Mycenaceae;Mycena;Mycena_pseudocorticola
JF908386	Root;Basidiomycota;Agaricomycetes;Agaricales;Mycenaceae;Mycena;Mycena_pseudocorticola
JF908392	Root;Basidiomycota;Agaricomycetes;Agaricales;Mycenaceae;Mycena;Mycena_strobilinoidea
JF908408	Root;Basidiomycota;Agaricomycetes;Agaricales;Mycenaceae;Mycena;Mycena_oregonensis
JF908382	Root;Basidiomycota;Agaricomycetes;Agaricales;Mycenaceae;Mycena;Mycena_alba
JF908402	Root;Basidiomycota;Agaricomycetes;Agaricales;Mycenaceae;Mycena;Mycena_arcangeliana
EU517504	Root;Basidiomycota;Agaricomycetes;Agaricales;Mycenaceae;Mycena;Mycena_pura
JF908420	Root;Basidiomycota;Agaricomycetes;Agaricales;Mycenaceae;Mycena;Mycena_adscendens
JF908422	Root;Basidiomycota;Agaricomycetes;Agaricales;Mycenaceae;Mycena;Mycena_romagnesiana
JF908434	Root;Basidiomycota;Agaricomycetes;Agaricales;Mycenaceae;Mycena;Mycena_polygramma
JF908457	Root;Basidiomycota;Agaricomycetes;Agaricales;Mycenaceae;Mycena;Mycena_subcana
JF908458	Root;Basidiomycota;Agaricomycetes;Agaricales;Mycenaceae;Mycena;Mycena_epipterygia
JF908479	Root;Basidiomycota;Agaricomycetes;Agaricales;Mycenaceae;Mycena;Mycena_aurantiomarginata
JF908389	Root;Basidiomycota;Agaricomycetes;Agaricales;Mycenaceae;Mycena;Mycena_supina
JF908467	Root;Basidiomycota;Agaricomycetes;Agaricales;Mycenaceae;Mycena;Mycena_clavicularis
JF908471	Root;Basidiomycota;Agaricomycetes;Agaricales;Mycenaceae;Mycena;Mycena_rosella
JF908611	Root;Basidiomycota;Agaricomycetes;Agaricales;Pluteaceae;Pluteus;Pluteus_nanus
JF908507	Root;Ascomycota;Pezizomycetes;Pezizales;Pyronemataceae;Otidea;Otidea_leporina
JF908528	Root;Ascomycota;Pezizomycetes;Pezizales;Pezizaceae;Peziza;Peziza_howsei
AF491575	Root;Ascomycota;Pezizomycetes;Pezizales;Pezizaceae;Peziza;Peziza_echinispora
JF908534	Root;Ascomycota;Pezizomycetes;Pezizales;Pezizaceae;Peziza;Peziza_moseri
JF908562	Root;Ascomycota;Pezizomycetes;Pezizales;Pezizaceae;Peziza;Peziza_michelii
JF908564	Root;Ascomycota;Pezizomycetes;Pezizales;Pezizaceae;Peziza;Peziza_pseudoviolacea
JF908565	Root;Ascomycota;Pezizomycetes;Pezizales;Pezizaceae;Peziza;Peziza_ampliata
JF908572	Root;Ascomycota;Leotiomycetes;Helotiales;Helotiaceae;Pezizella;Pezizella_chrysostigma
JF908585	Root;Basidiomycota;Agaricomycetes;Agaricales;Strophariaceae;Pholiota;Pholiota_scamba
FJ774084	Root;Basidiomycota;Agaricomycetes;Agaricales;Pluteaceae;Pluteus;Pluteus_thomsonii
HM562041	Root;Basidiomycota;Agaricomycetes;Agaricales;Pluteaceae;Pluteus;Pluteus_aurantiorugosus
HM562088	Root;Basidiomycota;Agaricomycetes;Agaricales;Pluteaceae;Pluteus;Pluteus_chrysophlebius
JF922028	Root;Ascomycota;Eurotiomycetes;Eurotiales;Trichocomaceae;Aspergillus;Aspergillus_restrictus
JF922041	Root;Ascomycota;Eurotiomycetes;Eurotiales;Trichocomaceae;Aspergillus;Aspergillus_candidus
JF922043	Root;Ascomycota;Eurotiomycetes;Eurotiales;Trichocomaceae;Hemicarpenteles;Hemicarpenteles_ornatus
JF923607	Root;Ascomycota;Lecanoromycetes;Lecanorales;Ramalinaceae;Ramalina;Ramalina_calicaris
JF923609	Root;Ascomycota;Lecanoromycetes;Lecanorales;Ramalinaceae;Ramalina;Ramalina_confirmata
JF937046	Root;Ascomycota;Lecanoromycetes;Lecanorales;Ramalinaceae;Ramalina;Ramalina_conduplicans
AJ293882	Root;Ascomycota;Sordariomycetes;Diaporthales;Gnomoniaceae;Amphiporthe;Amphiporthe_leiphaemia
GU062205	Root;Ascomycota;Sordariomycetes;Diaporthales;Diaporthaceae;Diaporthe;Diaporthe_eres
FJ896132	Root;Basidiomycota;Exobasidiomycetes;Exobasidiales;Exobasidiaceae;Exobasidium;Exobasidium_rostrupii
JF440580	Root;Basidiomycota;Agaricomycetes;Russulales;Stereaceae;Stereum;Stereum_sanguinolentum
JF701748	Root;Basidiomycota;Agaricomycetes;Cantharellales;Ceratobasidiaceae;Thanatephorus;Rhizoctonia_solani
JF947189	Root;Basidiomycota;Agaricomycetes;Russulales;Bondarzewiaceae;Bondarzewia;Bondarzewia_mesenterica
JF950562	Root;Basidiomycota;Agaricomycetes;Polyporales;Fomitopsidaceae;Postia;Postia_leucomallella
JF951149	Root;Ascomycota;Dothideomycetes;Capnodiales;Teratosphaeriaceae;Teratosphaeria;Teratosphaeria_mareebensis
JF951151	Root;Ascomycota;Dothideomycetes;Capnodiales;Teratosphaeriaceae;Catenulostroma;Catenulostroma_eucalyptorum
FJ878673	Root;Ascomycota;Eurotiomycetes;Eurotiales;Trichocomaceae;Aspergillus;Aspergillus_flavus
AY705866	Root;Ascomycota;Sordariomycetes;Diaporthales;Valsaceae;Phomopsis;Phomopsis_leptostromiformis
GU222298	Root;Basidiomycota;Agaricomycetes;Agaricales;Cortinariaceae;Cortinarius;Cortinarius_alienatus
GU233371	Root;Basidiomycota;Agaricomycetes;Agaricales;Cortinariaceae;Cortinarius;Cortinarius_picoides
GU233324	Root;Basidiomycota;Agaricomycetes;Agaricales;Cortinariaceae;Dermocybe_largofulgens;Dermocybe_largofulgens
JX000350	Root;Basidiomycota;Agaricomycetes;Agaricales;Cortinariaceae;Cortinarius;Cortinarius_cupreonatus
AF325650	Root;Basidiomycota;Agaricomycetes;Agaricales;Cortinariaceae;Descolea;Descolea_recedens
JF961350	Root;Basidiomycota;Agaricomycetes;Agaricales;Inocybaceae;Pleuroflammula;Pleuroflammula_praestans
AF345655	Root;Basidiomycota;Agaricomycetes;Agaricales;Strophariaceae;Stropharia;Stropharia_melanosperma
JF961375	Root;Basidiomycota;Agaricomycetes;Agaricales;Strophariaceae;Psilocybe;Psilocybe_coprophila
JF974086	Root;Neocallimastigomycota;Neocallimastigomycetes;Neocallimastigales;Neocallimastigaceae;Orpinomyces;Orpinomyces_joyonii
HM751092	Root;Ascomycota;Dothideomycetes;Pleosporales;Montagnulaceae;Paraconiothyrium;Paraconiothyrium_hawaiiense
AY681189	Root;Ascomycota;Sordariomycetes;Sordariales;Sordariaceae;Gelasinospora;Gelasinospora_reticulata
GQ121303	Root;Ascomycota;Sordariomycetes;Hypocreales;Nectriaceae;Fusarium;Fusarium_oxysporum
JF907811	Root;Basidiomycota;Agaricomycetes;Agaricales;Tricholomataceae;Clitocybe;Clitocybe_fragrans
JN021096	Root;Basidiomycota;Agaricomycetes;Boletales;Suillaceae;Suillus;Suillus_cavipes
L54093	Root;Basidiomycota;Agaricomycetes;Boletales;Suillaceae;Suillus;Suillus_ochraceoroseus
L54104	Root;Basidiomycota;Agaricomycetes;Boletales;Suillaceae;Suillus;Suillus_spectabilis
AF442138	Root;Basidiomycota;Agaricomycetes;Gomphales;Gomphaceae;Gautieria;Gautieria_pterosperma
JN031056	Root;Ascomycota;Sordariomycetes;Diaporthales;Diaporthaceae;Diaporthe;Diaporthe_phaseolorum
JN032128	Root;Ascomycota;Pezizomycetes;Pezizales;Pezizaceae;Eremiomyces;Eremiomyces_magnisporus
EF658750	Root;Ascomycota;Leotiomycetes;Helotiales;Helotiaceae;Rhizoscyphus;Rhizoscyphus_ericae
JN033218	Root;Basidiomycota;Agaricomycetes;Boletales;Serpulaceae;Neopaxillus;Neopaxillus_dominicanus
JN033223	Root;Basidiomycota;Agaricomycetes;Boletales;Serpulaceae;Neopaxillus;Neopaxillus_plumbeus
JN035640	Root;Glomeromycota;Glomeromycetes;Glomerales;Claroideoglomeraceae;Claroideoglomus;Claroideoglomus_claroideum
JN035644	Root;Glomeromycota;Glomeromycetes;Glomerales;Glomeraceae;Funneliformis;Funneliformis_coronatum
EF488375	Root;Ascomycota;Sordariomycetes;Diaporthales;Valsaceae;Phomopsis;Phomopsis_phyllanthicola
FJ810130	Root;Basidiomycota;Agaricomycetes;Agaricales;Strophariaceae;Stropharia;Stropharia_rugosoannulata
HM049561	Root;Basidiomycota;Agaricomycetes;Boletales;Gomphidiaceae;Chroogomphus;Chroogomphus_rutilus
JN093142	Root;Ascomycota;Saccharomycetes;Saccharomycetales;Saccharomycetaceae;Saccharomyces;Saccharomyces_cerevisiae
GQ376090	Root;Ascomycota;Saccharomycetes;Saccharomycetales;Saccharomycetaceae;Saccharomyces;Saccharomyces_cerevisiae
FJ231433	Root;Ascomycota;Saccharomycetes;Saccharomycetales;Saccharomycetaceae;Saccharomyces;Saccharomyces_cerevisiae
EF429208	Root;Basidiomycota;Agaricomycetes;Cantharellales;Ceratobasidiaceae;Thanatephorus;Thanatephorus_cucumeris
JN093297	Root;Ascomycota;Dothideomycetes;Botryosphaeriales;Botryosphaeriaceae;Macrophomina;Macrophomina_phaseolina
JN102546	Root;Basidiomycota;Agaricomycetes;Agaricales;Cortinariaceae;Phaeocollybia;Phaeocollybia_redheadii
U56041	Root;Basidiomycota;Agaricomycetes;Agaricales;Cortinariaceae;Dermocybe_fervida;Dermocybe_fervida
JN114421	Root;Basidiomycota;Ustilaginomycetes;Urocystidales;Urocystidaceae;Urocystis;Urocystis_agropyri
JN115275	Root;Ascomycota;Lecanoromycetes;Lecanorales;Cladoniaceae;Cladia;Cladia_aggregata
DQ411545	Root;Ascomycota;Eurotiomycetes;Eurotiales;Trichocomaceae;Eurotium;Eurotium_repens
JN159671	Root;Ascomycota;Dothideomycetes;Botryosphaeriales;Botryosphaeriaceae;Pseudofusicoccum;Pseudofusicoccum_stromaticum
FJ590572	Root;Ascomycota;Eurotiomycetes;Eurotiales;Trichocomaceae;Aspergillus;Aspergillus_ustus
JN159715	Root;Ascomycota;Dothideomycetes;Botryosphaeriales;Botryosphaeriaceae;Pseudofusicoccum;Pseudofusicoccum_stromaticum
JN161161	Root;Ascomycota;Taphrinomycetes;Taphrinales;Protomycetaceae;Saitoella;Saitoella_coloradoensis
JN164957	Root;Basidiomycota;Agaricomycetes;Polyporales;Polyporaceae;Trametes;Trametes_maxima
FJ372691	Root;Basidiomycota;Agaricomycetes;Polyporales;Polyporaceae;Trametes;Trametes_elegans
FJ810520	Root;Basidiomycota;Agaricomycetes;Polyporales;Polyporaceae;Coriolopsis;Coriolopsis_byrsina
JN165004	Root;Basidiomycota;Agaricomycetes;Polyporales;Polyporaceae;Datronia;Datronia_scutellata
JN165010	Root;Basidiomycota;Agaricomycetes;Polyporales;Polyporaceae;Coriolopsis;Coriolopsis_gallica
JN182202	Root;Basidiomycota;Agaricomycetes;Agaricales;Mycenaceae;Mycena;Mycena_pura
HM562203	Root;Basidiomycota;Agaricomycetes;Agaricales;Pluteaceae;Volvopluteus;Volvopluteus_gloiocephalus
JN182916	Root;Basidiomycota;Agaricomycetes;Polyporales;Polyporaceae;Polyporus;Polyporus_arcularius
AY773455	Root;Ascomycota;Orbiliomycetes;Orbiliales;Orbiliaceae;Arthrobotrys;Arthrobotrys_conoides
JN194151	Root;Glomeromycota;Glomeromycetes;Glomerales;Glomeraceae;Rhizophagus;Rhizophagus_intraradices
JN194157	Root;Glomeromycota;Glomeromycetes;Glomerales;Glomeraceae;Glomus;Glomus_etunicatum
JN197598	Root;Ascomycota;Saccharomycetes;Saccharomycetales;Metschnikowiaceae;Metschnikowia;Metschnikowia_australis
DQ221110	Root;Basidiomycota;Microbotryomycetes;Leucosporidiales;Leucosporidiaceae;Leucosporidium;Leucosporidium_scottii
HQ328008	Root;Ascomycota;Sordariomycetes;Diaporthales;Diaporthaceae;Diaporthe;Diaporthe_phaseolorum
EU482301	Root;Ascomycota;Leotiomycetes;Helotiales;Dermateaceae;Cryptosporiopsis;Cryptosporiopsis_actinidiae
FJ643495	Root;Ascomycota;Sordariomycetes;Hypocreales;Nectriaceae;Fusarium;Fusarium_oxysporum
JN214481	Root;Basidiomycota;Agaricomycetes;Agaricales;Clavariaceae;Clavaria;Clavaria_neonigrita
JN225946	Root;Ascomycota;Leotiomycetes;Helotiales;Sclerotiniaceae;Torrendiella;Torrendiella_brevisetosa
JN228224	Root;Basidiomycota;Agaricomycetes;Cantharellales;Clavulinaceae;Clavulina;Clavulina_nigricans
JN241553	Root;Basidiomycota;Agaricomycetes;Atheliales;Atheliaceae;Athelia;Athelia_rolfsii
EU784645	Root;Ascomycota;Saccharomycetes;Saccharomycetales;Pichiaceae;Pichia;Pichia_guilliermondii
JN255572	Root;Ascomycota;Sordariomycetes;Hypocreales;Cordycipitaceae;Lecanicillium;Lecanicillium_araneicola
JN367290	Root;Basidiomycota;Ustilaginomycetes;Ustilaginales;Ustilaginaceae;Sporisorium;Sporisorium_anthracoideisporum
AF045867	Root;Basidiomycota;Ustilaginomycetes;Ustilaginales;Ustilaginaceae;Tranzscheliella;Tranzscheliella_hypodytes
JN367299	Root;Basidiomycota;Ustilaginomycetes;Urocystidales;Urocystidaceae;Urocystis;Urocystis_eranthidis
FJ861420	Root;Ascomycota;Eurotiomycetes;Eurotiales;Trichocomaceae;Penicillium;Penicillium_atramentosum
JN383815	Root;Ascomycota;Sordariomycetes;Hypocreales;Clavicipitaceae;Cordyceps;Cordyceps_nirtolii
JN392333	Root;Ascomycota;Pezizomycetes;Pezizales;Pezizaceae;Eremiomyces;Eremiomyces_magnisporus
AF297740	Root;Ascomycota;Lecanoromycetes;Lecanorales;Parmeliaceae;Bryoria;Bryoria_tortuosa
EU551195	Root;Ascomycota;Dothideomycetes;Pleosporales;Sporormiaceae;Preussia;Preussia_africana
FR799470	Root;Ascomycota;Eurotiomycetes;Eurotiales;Trichocomaceae;Paecilomyces;Paecilomyces_marquandii
HQ610175	Root;Ascomycota;Sordariomycetes;Diaporthales;Gnomoniaceae;Greeneria;Greeneria_uvicola
FJ986602	Root;Ascomycota;Eurotiomycetes;Eurotiales;Trichocomaceae;Aspergillus;Aspergillus_fumigatus
JN564004	Root;Ascomycota;Sordariomycetes;Sordariales;Chaetomiaceae;Chaetomium;Chaetomium_luteum
GQ365157	Root;Ascomycota;Sordariomycetes;Hypocreales;Nectriaceae;Gibberella;Fusarium_equiseti
GU234104	Root;Basidiomycota;Agaricomycetes;Agaricales;Cortinariaceae;Inocybe;Inocybe_boltonii
JN580855	Root;Basidiomycota;Agaricomycetes;Agaricales;Cortinariaceae;Inocybe;Inocybe_silvae_herbaceae
JN592508	Root;Basidiomycota;Agaricomycetes;Polyporales;Polyporaceae;Skeletocutis;Skeletocutis_odora
JN596324	Root;Basidiomycota;Agaricomycetes;Polyporales;Ganodermataceae;Ganoderma;Ganoderma_fornicatum
JN596323	Root;Basidiomycota;Agaricomycetes;Polyporales;Ganodermataceae;Ganoderma;Ganoderma_fornicatum
HM562142	Root;Basidiomycota;Agaricomycetes;Agaricales;Pluteaceae;Pluteus;Pluteus_conizatus_var_africanus
EU785396	Root;Ascomycota;Sordariomycetes;Ophiostomatales;Ophiostomataceae;Leptographium;Leptographium_procerum
FJ515198	Root;Ascomycota;Dothideomycetes;Dothideales;Dothioraceae;Aureobasidium;Aureobasidium_pullulans
FJ545224	Root;Basidiomycota;Tremellomycetes;Filobasidiales;Filobasidiaceae;Cryptococcus;Cryptococcus_laurentii
JN411817	Root;Ascomycota;Sordariomycetes;Hypocreales;Nectriaceae;Nectria;Nectria_haematococca
FJ664862	Root;Ascomycota;Eurotiomycetes;Verrucariales;Verrucariaceae;Verrucaria;Verrucaria_funckii
JN638252	Root;Ascomycota;Eurotiomycetes;Verrucariales;Verrucariaceae;Hydropunctaria;Hydropunctaria_amphibia
JN638260	Root;Ascomycota;Eurotiomycetes;Verrucariales;Verrucariaceae;Hydropunctaria;Hydropunctaria_aractina
JN638265	Root;Ascomycota;Eurotiomycetes;Verrucariales;Verrucariaceae;Hydropunctaria;Hydropunctaria_maura
JN638272	Root;Ascomycota;Eurotiomycetes;Verrucariales;Verrucariaceae;Hydropunctaria;Hydropunctaria_rheitrophila
JN638273	Root;Ascomycota;Eurotiomycetes;Verrucariales;Verrucariaceae;Hydropunctaria;Hydropunctaria_scabra
JN638281	Root;Ascomycota;Eurotiomycetes;Verrucariales;Verrucariaceae;Hydropunctaria;Hydropunctaria_oceanica
JN638618	Root;Ascomycota;Leotiomycetes;Erysiphales;Erysiphaceae;Pleochaeta;Pleochaeta_shiraiana
JN642232	Root;Basidiomycota;Agaricomycetes;Agaricales;Cortinariaceae;Inocybe;Inocybe_amazoniensis
EU821696	Root;Basidiomycota;Agaricomycetes;Agaricales;Cortinariaceae;Cortinarius;Cortinarius_vibratilis
GQ152149	Root;Ascomycota;Leotiomycetes;Helotiales;Helotiaceae;Varicosporium;Varicosporium_elodeae
JN660821	Root;Ascomycota;Sordariomycetes;Xylariales;Xylariaceae;Hypoxylon;Hypoxylon_brevisporum
JN660822	Root;Ascomycota;Sordariomycetes;Xylariales;Xylariaceae;Hypoxylon;Hypoxylon_carneum
JN672601	Root;Ascomycota;Sordariomycetes;Hypocreales;Nectriaceae;Gibberella;Gibberella_moniliformis
JN672602	Root;Ascomycota;Sordariomycetes;Hypocreales;Nectriaceae;Gibberella;Gibberella_moniliformis
FJ590587	Root;Ascomycota;Sordariomycetes;Hypocreales;Nectriaceae;Gibberella;Fusarium_subglutinans
JN673039	Root;Ascomycota;Sordariomycetes;Chaetosphaeriales;Chaetosphaeriaceae;Chaetosphaeria;Chaetosphaeria_lateriphiala
FJ861383	Root;Ascomycota;Dothideomycetes;Pleosporales;Leptosphaeriaceae;Leptosphaeria;Coniothyrium_fuckelii
FJ878644	Root;Ascomycota;Eurotiomycetes;Eurotiales;Trichocomaceae;Emericella;Emericella_nidulans
GQ458041	Root;Ascomycota;Saccharomycetes;Saccharomycetales;Saccharomycetaceae;Debaryomyces;Debaryomyces_hansenii
JN689345	Root;Ascomycota;Eurotiomycetes;Eurotiales;Trichocomaceae;Penicillium;Penicillium_resedanum
AF486130	Root;Ascomycota;Sordariomycetes;Microascales;Ceratocystidaceae;Sporendocladia;Sporendocladia_bactrospora
JN710553	Root;Basidiomycota;Agaricomycetes;Polyporales;Steccherinaceae;Junghuhnia;Junghuhnia_crustacea
JN710573	Root;Basidiomycota;Agaricomycetes;Polyporales;Meruliaceae;Mycorrhaphium;Mycorrhaphium_adustum
JN710575	Root;Basidiomycota;Agaricomycetes;Polyporales;Polyporaceae;Nigroporus;Nigroporus_vinosus
JN710587	Root;Basidiomycota;Agaricomycetes;Polyporales;Steccherinaceae;Steccherinum;Steccherinum_litschaueri
JN710597	Root;Basidiomycota;Agaricomycetes;Polyporales;Steccherinaceae;Steccherinum;Steccherinum_straminellum
JN710599	Root;Basidiomycota;Agaricomycetes;Polyporales;Steccherinaceae;Steccherinum;Steccherinum_tenuispinum
JN710601	Root;Basidiomycota;Agaricomycetes;Polyporales;Sistotremataceae;Trechispora;Trechispora_subhelvetica
GQ280551	Root;Ascomycota;Sordariomycetes;Hypocreales;Nectriaceae;Calonectria;Calonectria_asiatica
JN839944	Root;Ascomycota;Eurotiomycetes;Eurotiales;Trichocomaceae;Eurotium;Eurotium_halophilicum
JN849391	Root;Basidiomycota;Agaricomycetes;Polyporales;Polyporaceae;Trametes;Trametes_versicolor
JN850976	Root;Ascomycota;Sordariomycetes;Hypocreales;Cordycipitaceae;Lecanicillium;Lecanicillium_fusisporum
EU573342	Root;Ascomycota;Sordariomycetes;Hypocreales;Cordycipitaceae;Isaria;Isaria_tenuipes
JN851018	Root;Ascomycota;Sordariomycetes;Hypocreales;Nectriaceae;Fusarium;Fusarium_chlamydosporum
AF484404	Root;Ascomycota;Eurotiomycetes;Eurotiales;Trichocomaceae;Penicillium;Penicillium_citrinum
JN864881	Root;Ascomycota;Eurotiomycetes;Eurotiales;Trichocomaceae;Penicilliopsis;Penicilliopsis_clavariiformis
JN871718	Root;Basidiomycota;Ustilaginomycetes;Ustilaginales;Ustilaginaceae;Tubisorus_pachycarpus;Tubisorus_pachycarpus
AF092096	Root;Ascomycota;Pezizomycetes;Pezizales;Pezizaceae;Terfezia;Terfezia_boudieri
JN882326	Root;Chytridiomycota;Monoblepharidomycetes;Monoblepharidales;Gonapodyaceae;Gonapodya;Gonapodya_prolifera
JN882327	Root;Chytridiomycota;Monoblepharidomycetes;Monoblepharidales;Monoblepharidaceae;Monoblepharis;Monoblepharis_polymorpha
JN899328	Root;Ascomycota;Eurotiomycetes;Eurotiales;Trichocomaceae;Talaromyces;Talaromyces_purpureus
JN899325	Root;Ascomycota;Eurotiomycetes;Eurotiales;Trichocomaceae;Penicillium;Penicillium_pittii
JN899366	Root;Ascomycota;Eurotiomycetes;Eurotiales;Trichocomaceae;Penicillium;Penicillium_coalescens
JN899368	Root;Ascomycota;Eurotiomycetes;Eurotiales;Trichocomaceae;Penicillium;Penicillium_varians
AY753349	Root;Ascomycota;Eurotiomycetes;Onygenales;Onygenaceae;Aphanoascus;Aphanoascus_cinnabarinus
JN899380	Root;Ascomycota;Eurotiomycetes;Eurotiales;Trichocomaceae;Penicillium;Penicillium_aurantiacum
HQ149325	Root;Ascomycota;Eurotiomycetes;Eurotiales;Trichocomaceae;Penicillium;Penicillium_erythromellis
JN899386	Root;Ascomycota;Eurotiomycetes;Eurotiales;Trichocomaceae;Penicillium;Penicillium_rademirici
JN899387	Root;Ascomycota;Eurotiomycetes;Eurotiales;Trichocomaceae;Penicillium;Penicillium_proteolyticum
EU021600	Root;Ascomycota;Eurotiomycetes;Eurotiales;Trichocomaceae;Trichocoma;Trichocoma_paradoxa
HM104685	Root;Ascomycota;Eurotiomycetes;Eurotiales;Trichocomaceae;Eurotium;Eurotium_repens
JF894102	Root;Ascomycota;Sordariomycetes;Xylariales;Diatrypaceae;Eutypella;Eutypella_scoparia
AY870865	Root;Ascomycota;Leotiomycetes;Erysiphales;Erysiphaceae;Phyllactinia;Phyllactinia_guttata
JN942174	Root;Ascomycota;Sordariomycetes;Sordariales;Lasiosphaeriaceae;Lasiosphaeris;Lasiosphaeris_hispida
AY681203	Root;Ascomycota;Sordariomycetes;Sordariales;Lasiosphaeriaceae;Lasiosphaeris;Lasiosphaeris_hispida
EF194144	Root;Ascomycota;Sordariomycetes;Hypocreales;Ophiocordycipitaceae;Hirsutella;Hirsutella_minnesotensis
JN942624	Root;Ascomycota;Sordariomycetes;Hypocreales;Clavicipitaceae;Moelleriella;Moelleriella_oxystoma
JN942774	Root;Ascomycota;Pezizomycetes;Pezizales;Pyronemataceae;Flavoscypha;Otidea_concinna
JN942777	Root;Ascomycota;Pezizomycetes;Pezizales;Pyronemataceae;Otidea;Otidea_tuomikoskii
FJ827735	Root;Chytridiomycota;Chytridiomycetes;Spizellomycetales;Spizellomycetaceae;Spizellomyces;Spizellomyces_pseudodichotomus
FJ228212	Root;Basidiomycota;Agaricomycetes;Agaricales;Coprinaceae;Coprinus;Coprinus_sp222
JN943145	Root;Ascomycota;Saccharomycetes;Saccharomycetales;Lipomycetaceae;Lipomyces;Lipomyces_oligophaga
JN943147	Root;Ascomycota;Saccharomycetes;Saccharomycetales;Lipomycetaceae;Lipomyces;Lipomyces_smithiae
U82455	Root;Ascomycota;Saccharomycetes;Saccharomycetales;Lipomycetaceae;Lipomyces;Lipomyces_spencermartinsiae
JN943151	Root;Ascomycota;Saccharomycetes;Saccharomycetales;Lipomycetaceae;Lipomyces;Lipomyces_tetrasporus
JN943156	Root;Ascomycota;Saccharomycetes;Saccharomycetales;Lipomycetaceae;Lipomyces;Lipomyces_mesembrius
JN943157	Root;Ascomycota;Saccharomycetes;Saccharomycetales;Lipomycetaceae;Lipomyces;Lipomyces_spencermartinsiae
JN943306	Root;Ascomycota;Sordariomycetes;Hypocreales;Clavicipitaceae;Cordyceps;Cordyceps_pleuricapitata
JN943328	Root;Ascomycota;Sordariomycetes;Hypocreales;Ophiocordycipitaceae;Ophiocordyceps;Ophiocordyceps_clavata
AB378675	Root;Ascomycota;Sordariomycetes;Hypocreales;Ophiocordycipitaceae;Ophiocordyceps;Ophiocordyceps_prolifica
JN943350	Root;Ascomycota;Sordariomycetes;Hypocreales;Ophiocordycipitaceae;Ophiocordyceps;Ophiocordyceps_sphecocephala
JN943443	Root;Ascomycota;Sordariomycetes;Hypocreales;Ophiocordycipitaceae;Ophiocordyceps;Ophiocordyceps_sphecocephala
JN943456	Root;Ascomycota;Leotiomycetes;Helotiales;Helotiaceae;Chlorociboria;Chlorociboria_argentinensis
AY947345	Root;Ascomycota;Leotiomycetes;Helotiales;Helotiaceae;Chlorociboria;Chlorociboria_aeruginascens_subsp_australis
AY755340	Root;Ascomycota;Leotiomycetes;Helotiales;Helotiaceae;Chlorociboria;Chlorociboria_awakinoana
AY755341	Root;Ascomycota;Leotiomycetes;Helotiales;Helotiaceae;Chlorociboria;Chlorociboria_duriligna
JN943491	Root;Ascomycota;Dothideomycetes;Myriangiales;Elsinoaceae;Sphaceloma;Sphaceloma_bidentis
JN943497	Root;Ascomycota;Dothideomycetes;Myriangiales;Elsinoaceae;Sphaceloma;Sphaceloma_terminaliae
JN943499	Root;Ascomycota;Dothideomycetes;Myriangiales;Elsinoaceae;Elsinoe;Elsinoe_verbenae
JN943502	Root;Ascomycota;Dothideomycetes;Myriangiales;Elsinoaceae;Sphaceloma;Sphaceloma_erythrinae
JN943504	Root;Ascomycota;Dothideomycetes;Myriangiales;Elsinoaceae;Elsinoe;Elsinoe_mimosae
JN943616	Root;Ascomycota;Lecanoromycetes;Pertusariales;Pertusariaceae;Ochrolechia;Ochrolechia_androgyna
JN943618	Root;Ascomycota;Lecanoromycetes;Pertusariales;Pertusariaceae;Pertusaria;Pertusaria_pertusa
JN943621	Root;Ascomycota;Lecanoromycetes;Pertusariales;Pertusariaceae;Pertusaria;Pertusaria_amara
JN943719	Root;Ascomycota;Lecanoromycetes;Lecanorales;Lecanoraceae;Lecanora;Lecanora_achroa
JN943720	Root;Ascomycota;Lecanoromycetes;Lecanorales;Lecanoraceae;Lecanora;Lecanora_tropica
JN943726	Root;Ascomycota;Lecanoromycetes;Lecanorales;Lecanoraceae;Lecanora;Lecanora_farinacea
GU234029	Root;Basidiomycota;Agaricomycetes;Agaricales;Cortinariaceae;Cortinarius;Cortinarius_inconspicuus
JN944012	Root;Basidiomycota;Agaricomycetes;Cantharellales;Cantharellaceae;Cantharellus;Cantharellus_tabernensis
JN944016	Root;Basidiomycota;Agaricomycetes;Cantharellales;Cantharellaceae;Cantharellus;Cantharellus_cinnabarinus
JN944020	Root;Basidiomycota;Agaricomycetes;Cantharellales;Cantharellaceae;Cantharellus;Cantharellus_amethysteus
AY660922	Root;Ascomycota;Eurotiomycetes;Eurotiales;Trichocomaceae;Aspergillus;Aspergillus_sydowii
JQ015394	Root;Ascomycota;Leotiomycetes;Erysiphales;Erysiphaceae;Golovinomyces;Golovinomyces_cichoracearum
JQ029765	Root;Basidiomycota;Pucciniomycetes;Pucciniales;Coleosporiaceae;Coleosporium;Coleosporium_pulsatillae
JQ044439	Root;Ascomycota;Dothideomycetes;Pleosporales;Leptosphaeriaceae;Leptosphaeria;Leptosphaeria_proteicola
JQ065026	Root;Basidiomycota;Agaricomycetes;Agaricales;Pluteaceae;Pluteus;Pluteus_aff_ephebeus_BPI_882531
FJ816662	Root;Basidiomycota;Agaricomycetes;Agaricales;Pluteaceae;Pluteus;Pluteus_fuligineovenosus
AF210673	Root;Ascomycota;Sordariomycetes;Hypocreales;Bionectriaceae;Bionectria;Bionectria_pityrodes
EU287811	Root;Ascomycota;Sordariomycetes;Hypocreales;Nectriaceae;Gibberella;Fusarium_equiseti
JQ317579	Root;Ascomycota;Dothideomycetes;Capnodiales;Mycosphaerellaceae;Guignardia;Guignardia_mangiferae
JQ317570	Root;Ascomycota;Dothideomycetes;Capnodiales;Mycosphaerellaceae;Guignardia;Guignardia_mangiferae
JQ317571	Root;Ascomycota;Dothideomycetes;Capnodiales;Mycosphaerellaceae;Guignardia;Guignardia_mangiferae
JQ317574	Root;Ascomycota;Dothideomycetes;Capnodiales;Mycosphaerellaceae;Guignardia;Guignardia_mangiferae
JQ317576	Root;Ascomycota;Dothideomycetes;Capnodiales;Mycosphaerellaceae;Guignardia;Guignardia_mangiferae
JQ317577	Root;Ascomycota;Dothideomycetes;Capnodiales;Mycosphaerellaceae;Guignardia;Guignardia_mangiferae
JQ317578	Root;Ascomycota;Dothideomycetes;Capnodiales;Mycosphaerellaceae;Guignardia;Guignardia_mangiferae
JQ317580	Root;Ascomycota;Dothideomycetes;Capnodiales;Mycosphaerellaceae;Guignardia;Guignardia_mangiferae
JQ317581	Root;Ascomycota;Dothideomycetes;Capnodiales;Mycosphaerellaceae;Guignardia;Guignardia_mangiferae
JQ317583	Root;Ascomycota;Dothideomycetes;Capnodiales;Mycosphaerellaceae;Guignardia;Guignardia_mangiferae
JQ317567	Root;Ascomycota;Dothideomycetes;Capnodiales;Mycosphaerellaceae;Guignardia;Guignardia_mangiferae
JQ317586	Root;Ascomycota;Dothideomycetes;Capnodiales;Mycosphaerellaceae;Guignardia;Guignardia_mangiferae
DQ002549	Root;Ascomycota;Sordariomycetes;Hypocreales;Nectriaceae;Cylindrocladium;Cylindrocladium_hawksworthii
UDB011736	Root;Basidiomycota;Agaricomycetes;Agaricales;Cortinariaceae;Cortinarius;Cortinarius_infractus
DQ083789	Root;Basidiomycota;Agaricomycetes;Agaricales;Cortinariaceae;Cortinarius;Cortinarius_langei_sl_JV01_642
JN022508	Root;Ascomycota;Pezizomycetes;Pezizales;Pyronemataceae;Genea;Genea_harknessii
JQ408234	Root;Basidiomycota;Agaricomycetes;Gomphales;Gomphaceae;Phaeoclavulina;Phaeoclavulina_argentea
JQ408235	Root;Basidiomycota;Agaricomycetes;Gomphales;Gomphaceae;Ramaria;Ramaria_stricta_var_stricta
JQ408236	Root;Basidiomycota;Agaricomycetes;Gomphales;Gomphaceae;Ramaria;Ramaria_rubella_f_rubella
EU258553	Root;Basidiomycota;Agaricomycetes;Gomphales;Gomphaceae;Ramaria;Ramaria_gracilis
JQ408239	Root;Basidiomycota;Agaricomycetes;Gomphales;Gomphaceae;Ramaria;Ramaria_foetida
JQ408240	Root;Basidiomycota;Agaricomycetes;Gomphales;Gomphaceae;Ramaria;Ramaria_flavobrunnescens_var_aromatica
JQ425478	Root;Ascomycota;Sordariomycetes;Hypocreales;Clavicipitaceae;Metarhizium;Metarhizium_anisopliae
L07141	Root;Ascomycota;Sordariomycetes;Hypocreales;Clavicipitaceae;Epichloe;Epichloe_amarillans
L14526	Root;Ascomycota;Eurotiomycetes;Eurotiales;Trichocomaceae;Talaromyces;Talaromyces_mimosinus
EU553344	Root;Ascomycota;Eurotiomycetes;Eurotiales;Trichocomaceae;Talaromyces;Talaromyces_leycettanus
L14533	Root;Ascomycota;Eurotiomycetes;Eurotiales;Trichocomaceae;Penicillium;Penicillium_clavigerum
GU188434	Root;Basidiomycota;Agaricomycetes;Boletales;Suillaceae;Suillus;Suillus_intermedius
L54075	Root;Basidiomycota;Agaricomycetes;Boletales;Suillaceae;Suillus;Suillus_subalutaceus
L54078	Root;Basidiomycota;Agaricomycetes;Boletales;Suillaceae;Suillus;Suillus_sinuspaulianus
L54082	Root;Basidiomycota;Agaricomycetes;Boletales;Suillaceae;Suillus;Suillus_tridentinus
L54092	Root;Basidiomycota;Agaricomycetes;Boletales;Suillaceae;Suillus;Suillus_cothurnatus
L54094	Root;Basidiomycota;Agaricomycetes;Boletales;Suillaceae;Suillus;Suillus_pungens
EU486453	Root;Basidiomycota;Agaricomycetes;Boletales;Suillaceae;Suillus;Suillus_caerulescens
L54097	Root;Basidiomycota;Agaricomycetes;Boletales;Suillaceae;Truncocolumella;Truncocolumella_citrina
L54098	Root;Basidiomycota;Agaricomycetes;Boletales;Suillaceae;Suillus;Suillus_punctipes
L54109	Root;Basidiomycota;Agaricomycetes;Boletales;Suillaceae;Suillus;Suillus_subaureus
AY880940	Root;Basidiomycota;Agaricomycetes;Boletales;Suillaceae;Suillus;Suillus_neoalbidipes
GQ397991	Root;Basidiomycota;Agaricomycetes;Boletales;Suillaceae;Suillus;Suillus_granulatus
L54102	Root;Basidiomycota;Agaricomycetes;Boletales;Suillaceae;Suillus;Suillus_laricinus
DQ517392	Root;Basidiomycota;Agaricomycetes;Boletales;Suillaceae;Suillus;Suillus_subalpinus
L76179	Root;Basidiomycota;Pucciniomycetes;Pucciniales;Pucciniaceae;Puccinia;Puccinia_thlaspeos
L78301	Root;Ascomycota;Sordariomycetes;Hypocreales;Clavicipitaceae;Epichloe;Epichloe_glyceriae
M13906	Root;Ascomycota;Sordariomycetes;Sordariales;Sordariaceae;Neurospora;Neurospora_crassa
M96663	Root;Ascomycota;Dothideomycetes;Pleosporales;Leptosphaeriaceae;Leptosphaeria;Leptosphaeria_maculans
L02363	Root;Ascomycota;Dothideomycetes;Pleosporales;Leptosphaeriaceae;Leptosphaeria;Leptosphaeria_maculans
U04207	Root;Ascomycota;Dothideomycetes;Pleosporales;Leptosphaeriaceae;Leptosphaeria;Leptosphaeria_doliolum
EU113279	Root;Ascomycota;Lecanoromycetes;Lecanorales;Cladoniaceae;Cladonia;Cladonia_homchantarae
U18786	Root;Ascomycota;Sordariomycetes;Hypocreales;Clavicipitaceae;Beauveria;Beauveria_bassiana
GU189519	Root;Ascomycota;Sordariomycetes;Hypocreales;Clavicipitaceae;Beauveria;Beauveria_bassiana
U35306	Root;Ascomycota;Sordariomycetes;Hypocreales;Clavicipitaceae;Beauveria;Beauveria_bassiana
U35283	Root;Ascomycota;Sordariomycetes;Hypocreales;Clavicipitaceae;Cordyceps;Beauveria_brongniartii
DQ674378	Root;Ascomycota;Sordariomycetes;Hypocreales;Clavicipitaceae;Beauveria;Beauveria_amorpha
U35290	Root;Ascomycota;Sordariomycetes;Hypocreales;Cordycipitaceae;Engyodontium;Engyodontium_album
U21814	Root;Ascomycota;Leotiomycetes;Helotiales;Sclerotiniaceae;Piceomphale;Piceomphale_bulgarioides
U38898	Root;Ascomycota;Pezizomycetes;Pezizales;Pezizaceae;Plicaria;Plicaria_acanthodictya
U40216	Root;Ascomycota;Dothideomycetes;Pleosporales;Leptosphaeriaceae;Leptosphaeria;Leptosphaeria_doliolum
U40225	Root;Ascomycota;Dothideomycetes;Pleosporales;Leptosphaeriaceae;Leptosphaeria;Leptosphaeria_maculans
U40473	Root;Ascomycota;Pezizomycetes;Pezizales;Pezizaceae;Peziza;Peziza_alaskana
U40474	Root;Ascomycota;Pezizomycetes;Pezizales;Pezizaceae;Peziza;Peziza_griseo_rosea
U40477	Root;Ascomycota;Pezizomycetes;Pezizales;Pezizaceae;Peziza;Peziza_atrovinosa
U51944	Root;Ascomycota;Orbiliomycetes;Orbiliales;Orbiliaceae;Arthrobotrys;Arthrobotrys_vermicola
U51952	Root;Ascomycota;Orbiliomycetes;Orbiliales;Orbiliaceae;Arthrobotrys;Arthrobotrys_cladodes
U51950	Root;Ascomycota;Orbiliomycetes;Orbiliales;Orbiliaceae;Drechslerella;Drechslerella_brochopaga
U51951	Root;Ascomycota;Orbiliomycetes;Orbiliales;Orbiliaceae;Arthrobotrys;Arthrobotrys_polycephala
U51955	Root;Ascomycota;Orbiliomycetes;Orbiliales;Orbiliaceae;Arthrobotrys;Arthrobotrys_botryospora
U51956	Root;Ascomycota;Orbiliomycetes;Orbiliales;Orbiliaceae;Dactylella;Dactylella_formosana
U51959	Root;Ascomycota;Orbiliomycetes;Orbiliales;Orbiliaceae;Dactylella;Dactylella_lysipaga
U51960	Root;Ascomycota;Orbiliomycetes;Orbiliales;Orbiliaceae;Dactylella;Dactylella_gampsospora
U51962	Root;Ascomycota;Orbiliomycetes;Orbiliales;Orbiliaceae;Monacrosporium;Monacrosporium_asthenopagum
U51963	Root;Ascomycota;Orbiliomycetes;Orbiliales;Orbiliaceae;Dactylella;Dactylella_candida
U51964	Root;Ascomycota;Orbiliomycetes;Orbiliales;Orbiliaceae;Dactylella;Dactylella_copepodii
U51966	Root;Ascomycota;Orbiliomycetes;Orbiliales;Orbiliaceae;Geniculifera;Geniculifera_cystosporia
U51968	Root;Ascomycota;Orbiliomycetes;Orbiliales;Orbiliaceae;Dactylellina;Dactylellina_cionopaga
DQ491511	Root;Ascomycota;Orbiliomycetes;Orbiliales;Orbiliaceae;Orbilia;Orbilia_vinosa
U56022	Root;Basidiomycota;Agaricomycetes;Agaricales;Cortinariaceae;Cortinarius;Cortinarius_allutus
FJ157050	Root;Basidiomycota;Agaricomycetes;Agaricales;Cortinariaceae;Cortinarius;Cortinarius_limonius
U56031	Root;Basidiomycota;Agaricomycetes;Agaricales;Cortinariaceae;Cortinarius;Cortinarius_salor
U56039	Root;Basidiomycota;Agaricomycetes;Agaricales;Cortinariaceae;Cortinarius;Cortinarius_cinnamomeus
U56044	Root;Basidiomycota;Agaricomycetes;Agaricales;Cortinariaceae;Dermocybe_malicoria;Dermocybe_malicoria
U56049	Root;Basidiomycota;Agaricomycetes;Agaricales;Cortinariaceae;Dermocybe_olivaceopicta;Dermocybe_olivaceopicta
DQ119113	Root;Ascomycota;Sordariomycetes;Hypocreales;Clavicipitaceae;Balansia;Balansia_obtecta
U57404	Root;Ascomycota;Sordariomycetes;Hypocreales;Clavicipitaceae;Balansia;Balansia_henningsiana
U57405	Root;Ascomycota;Sordariomycetes;Hypocreales;Clavicipitaceae;Atkinsonella;Atkinsonella_hypoxylon
U57406	Root;Ascomycota;Sordariomycetes;Hypocreales;Clavicipitaceae;Myriogenospora;Myriogenospora_atramentosa
U57492	Root;Ascomycota;Leotiomycetes;Helotiales;Hyaloscyphaceae;Cistella;Cistella_acuum
U57493	Root;Ascomycota;Leotiomycetes;Helotiales;Hyaloscyphaceae;Microscypha;Microscypha_ellisii
U57494	Root;Ascomycota;Leotiomycetes;Helotiales;Hyaloscyphaceae;Calycellina;Calycellina_punctata
U57495	Root;Ascomycota;Leotiomycetes;Helotiales;Hyaloscyphaceae;Hyaloscypha;Hyaloscypha_aureliella
U57496	Root;Ascomycota;Leotiomycetes;Helotiales;Hyaloscyphaceae;Arachnopeziza;Arachnopeziza_aurata
U57666	Root;Ascomycota;Sordariomycetes;Hypocreales;Clavicipitaceae;Epichloe;Epichloe_clarkii
L78297	Root;Ascomycota;Sordariomycetes;Hypocreales;Clavicipitaceae;Dussiella;Dussiella_tuberiformis
U57813	Root;Basidiomycota;Agaricomycetes;Agaricales;Strophariaceae;Stropharia;Dasyscyphus_nidulus
U57878	Root;Basidiomycota;Agaricomycetes;Cantharellales;Ceratobasidiaceae;Thanatephorus;Thanatephorus_cucumeris
U57887	Root;Basidiomycota;Agaricomycetes;Cantharellales;Ceratobasidiaceae;Thanatephorus;Thanatephorus_cucumeris
U57891	Root;Basidiomycota;Agaricomycetes;Cantharellales;Ceratobasidiaceae;Thanatephorus;Thanatephorus_cucumeris
U57990	Root;Ascomycota;Leotiomycetes;Helotiales;Hyaloscyphaceae;Proliferodiscus;Proliferodiscus_alboviridis
U58635	Root;Ascomycota;Leotiomycetes;Helotiales;Hyaloscyphaceae;Lachnum;Lachnum_pteridophyllum
U58636	Root;Ascomycota;Leotiomycetes;Helotiales;Hyaloscyphaceae;Lachnum;Lachnum_clandestinum
U58638	Root;Ascomycota;Leotiomycetes;Helotiales;Hyaloscyphaceae;Lachnum;Lachnum_controversum
U58639	Root;Ascomycota;Leotiomycetes;Helotiales;Hyaloscyphaceae;Lachnum;Lachnum_spartinae
HM802133	Root;Basidiomycota;Tremellomycetes;Tremellales;Trichosporonaceae;Trichosporon;Trichosporon_insectorum
U66017	Root;Ascomycota;Pezizomycetes;Pezizales;Sarcoscyphaceae;Sarcoscypha;Sarcoscypha_vassiljevae
EU660219	Root;Ascomycota;Leotiomycetes;Helotiales;Sclerotiniaceae;Sclerotinia;Sclerotinia_sclerotiorum
U66023	Root;Ascomycota;Pezizomycetes;Pezizales;Sarcoscyphaceae;Sarcoscypha;Sarcoscypha_macaronesica
U66025	Root;Ascomycota;Pezizomycetes;Pezizales;Sarcoscyphaceae;Sarcoscypha;Sarcoscypha_occidentalis
AF026308	Root;Ascomycota;Pezizomycetes;Pezizales;Sarcoscyphaceae;Sarcoscypha;Sarcoscypha_korfiana
U66029	Root;Ascomycota;Pezizomycetes;Pezizales;Sarcoscyphaceae;Sarcoscypha;Sarcoscypha_mesocyatha
U66030	Root;Ascomycota;Pezizomycetes;Pezizales;Sarcoscyphaceae;Sarcoscypha;Sarcoscypha_knixoniana
U66031	Root;Ascomycota;Pezizomycetes;Pezizales;Sarcoscyphaceae;Sarcoscypha;Sarcoscypha_hosoyae
U66428	Root;Basidiomycota;Agaricomycetes;Agaricales;Tricholomataceae;Arrhenia;Arrhenia_auriscalpium
U68318	Root;Ascomycota;Eurotiomycetes;Ascosphaerales;Ascosphaeraceae;Ascosphaera;Ascosphaera_proliperda
U68325	Root;Ascomycota;Eurotiomycetes;Ascosphaerales;Ascosphaeraceae;Ascosphaera;Ascosphaera_celerrima
U72595	Root;Ascomycota;Orbiliomycetes;Orbiliales;Orbiliaceae;Orbilia;Orbilia_delicatula
FJ557236	Root;Ascomycota;Orbiliomycetes;Orbiliales;Orbiliaceae;Arthrobotrys;Arthrobotrys_cladodes
U72600	Root;Ascomycota;Orbiliomycetes;Orbiliales;Orbiliaceae;Orbilia;Orbilia_alnea
U74616	Root;Basidiomycota;Agaricomycetes;Boletales;Suillaceae;Suillus;Suillus_suilloides
U76706	Root;Microsporidia;Microsporea;Microsporida;Nosematidae;Nosema;Nosema_apis
U82461	Root;Ascomycota;Saccharomycetes;Saccharomycetales;Lipomycetaceae;Lipomyces;Lipomyces_lipofer
U85790	Root;Basidiomycota;Agaricomycetes;Atheliales;Atheliaceae;Fibulorhizoctonia;Fibulorhizoctonia_centrifuga
U88219	Root;Basidiomycota;Pucciniomycetes;Pucciniales;Pucciniaceae;Puccinia;Puccinia_thlaspeos
U88230	Root;Basidiomycota;Pucciniomycetes;Pucciniales;Pucciniaceae;Puccinia;Puccinia_drabae
U88234	Root;Basidiomycota;Pucciniomycetes;Pucciniales;Pucciniaceae;Puccinia;Puccinia_caricina
U89368	Root;Ascomycota;Sordariomycetes;Hypocreales;Clavicipitaceae;Balansia;Balansia_asclerotiaca
U89373	Root;Ascomycota;Sordariomycetes;Hypocreales;Clavicipitaceae;Balansia;Balansia_discoidea
FJ861970	Root;Ascomycota;Leotiomycetes;Rhytismatales;Rhytismataceae;Lophodermium;Lophodermium_australe
AF377205	Root;Basidiomycota;Agaricomycetes;Agaricales;Tricholomataceae;Tricholoma;Tricholoma_lascivum
AJ969624	Root;Ascomycota;Pezizomycetes;Pezizales;Pyronemataceae;Genea;Genea_verrucosa
UDB000147	Root;Basidiomycota;Agaricomycetes;Agaricales;Cortinariaceae;Cortinarius;Cortinarius_infractus
UDB000164	Root;Basidiomycota;Agaricomycetes;Agaricales;Cortinariaceae;Cortinarius;Cortinarius_torvus
AY083179	Root;Basidiomycota;Agaricomycetes;Agaricales;Cortinariaceae;Cortinarius;Cortinarius_cedriolens
UDB000169	Root;Basidiomycota;Agaricomycetes;Agaricales;Cortinariaceae;Cortinarius;Cortinarius_cedriolens
UDB000399	Root;Basidiomycota;Agaricomycetes;Boletales;Boletaceae;Xerocomus;Xerocomus_fennicus
UDB000422	Root;Basidiomycota;Agaricomycetes;Boletales;Boletaceae;Chalciporus;Chalciporus_amarellus
UDB000433	Root;Basidiomycota;Agaricomycetes;Boletales;Boletaceae;Boletus;Xerocomus_armeniacus
UDB000442	Root;Basidiomycota;Agaricomycetes;Boletales;Boletaceae;Boletus;Xerocomus_chrysenteron
UDB000446	Root;Basidiomycota;Agaricomycetes;Boletales;Boletaceae;Boletus;Xerocomus_communis
EF644119	Root;Basidiomycota;Agaricomycetes;Boletales;Boletaceae;Boletus;Xerocomus_rubellus
UDB000464	Root;Basidiomycota;Agaricomycetes;Boletales;Boletaceae;Xerocomus;Xerocomus_ichnusanus
UDB000476	Root;Basidiomycota;Agaricomycetes;Boletales;Boletaceae;Boletus;Xerocomus_porosporus
UDB000478	Root;Basidiomycota;Agaricomycetes;Boletales;Boletaceae;Boletus;Xerocomus_chrysenteron
UDB000481	Root;Basidiomycota;Agaricomycetes;Boletales;Boletaceae;Boletus;Xerocomus_pruinatus
UDB000482	Root;Basidiomycota;Agaricomycetes;Boletales;Boletaceae;Boletus;Xerocomus_pruinatus
UDB000486	Root;Basidiomycota;Agaricomycetes;Boletales;Boletaceae;Boletus;Xerocomus_roseoalbidus
DQ066369	Root;Basidiomycota;Agaricomycetes;Boletales;Boletaceae;Boletus;Xerocomus_subtomentosus
DQ066367	Root;Basidiomycota;Agaricomycetes;Boletales;Boletaceae;Xerocomus;Xerocomus_subtomentosus_f_rubrotinctus
FJ428582	Root;Basidiomycota;Agaricomycetes;Agaricales;Tricholomataceae;Lepista;Lepista_sordida
JQ639147	Root;Basidiomycota;Agaricomycetes;Agaricales;Tricholomataceae;Leucopaxillus;Leucopaxillus_alboalutaceus
UDB000600	Root;Basidiomycota;Agaricomycetes;Agaricales;Tricholomataceae;Leucopaxillus;Leucopaxillus_subzonalis
JF908142	Root;Basidiomycota;Agaricomycetes;Agaricales;Cortinariaceae;Inocybe;Inocybe_bongardii
UDB000606	Root;Basidiomycota;Agaricomycetes;Russulales;Stereaceae;Boidinia;Boidinia_furfuracea
AM882922	Root;Basidiomycota;Agaricomycetes;Agaricales;Cortinariaceae;Inocybe;Inocybe_acutella
UDB000630	Root;Basidiomycota;Agaricomycetes;Agaricales;Cortinariaceae;Inocybe;Inocybe_soluta
AM882730	Root;Basidiomycota;Agaricomycetes;Agaricales;Cortinariaceae;Inocybe;Inocybe_incarnata
UDB000647	Root;Basidiomycota;Agaricomycetes;Boletales;Boletaceae;Buchwaldoboletus;Buchwaldoboletus_hemichrysus
HM347667	Root;Basidiomycota;Agaricomycetes;Boletales;Boletaceae;Boletus;Boletus_rhodopurpureus
UDB000658	Root;Basidiomycota;Agaricomycetes;Boletales;Boletaceae;Boletus;Boletus_luridiformis
UDB000662	Root;Basidiomycota;Agaricomycetes;Boletales;Boletaceae;Strobilomyces;Strobilomyces_strobilaceus
L54076	Root;Basidiomycota;Agaricomycetes;Boletales;Suillaceae;Suillus;Suillus_granulatus
FJ039663	Root;Basidiomycota;Agaricomycetes;Agaricales;Cortinariaceae;Cortinarius;Cortinarius_variegatus
UDB000688	Root;Basidiomycota;Agaricomycetes;Agaricales;Cortinariaceae;Cortinarius;Cortinarius_(Cortinarius_phyrgianus_(Fr.)_Fr.)
UDB000691	Root;Basidiomycota;Agaricomycetes;Russulales;Albatrellaceae;Scutiger;Albatrellus_pes-caprae
FJ845442	Root;Basidiomycota;Agaricomycetes;Agaricales;Tricholomataceae;Tricholoma;Tricholoma_saponaceum
HM347652	Root;Basidiomycota;Agaricomycetes;Boletales;Boletaceae;Boletus;Boletus_fechtneri
UDB000709	Root;Basidiomycota;Agaricomycetes;Agaricales;Cortinariaceae;Cortinarius;Cortinarius_irregularis
UDB000669	Root;Basidiomycota;Agaricomycetes;Agaricales;Cortinariaceae;Cortinarius;Cortinarius_russus
UDB000733	Root;Basidiomycota;Agaricomycetes;Agaricales;Cortinariaceae;Cortinarius;Cortinarius_varius
JF907927	Root;Basidiomycota;Agaricomycetes;Agaricales;Cortinariaceae;Cortinarius;Cortinarius_paleifer
JQ888160	Root;Basidiomycota;Agaricomycetes;Agaricales;Cortinariaceae;Cortinarius;Cortinarius_malachius
EU417872	Root;Basidiomycota;Agaricomycetes;Boletales;Boletaceae;Boletus;Boletus_fechtneri
UDB000778	Root;Basidiomycota;Agaricomycetes;Polyporales;Sistotremataceae;Trechispora;Trechispora_hymenocystis
EU160589	Root;Basidiomycota;Agaricomycetes;Agaricales;Tricholomataceae;Tricholoma;Tricholoma_scalpturatum
UDB000926	Root;Basidiomycota;Agaricomycetes;Agaricales;Cortinariaceae;Cortinarius;Cortinarius_vibratilis
UDB000927	Root;Basidiomycota;Agaricomycetes;Agaricales;Entolomataceae;Entoloma;Entoloma
UDB001514	Root;Basidiomycota;Agaricomycetes;Agaricales;Amanitaceae;Amanita;Amanita_magnivolvata
UDB000985	Root;Ascomycota;Pezizomycetes;Pezizales;Pyronemataceae;Sowerbyella;Sowerbyella_radiculata_var._kewensis
UDB000987	Root;Ascomycota;Pezizomycetes;Pezizales;Pyronemataceae;Pulvinula;Pulvinula_convexella
FJ596851	Root;Basidiomycota;Agaricomycetes;Agaricales;Cortinariaceae;Cortinarius;Cortinarius_aff_bolaris_TENN61650
FM993285	Root;Basidiomycota;Agaricomycetes;Agaricales;Cortinariaceae;Cortinarius;Cortinarius_bibulus
AF389138	Root;Basidiomycota;Agaricomycetes;Agaricales;Cortinariaceae;Cortinarius;Cortinarius_variipes
UDB001806	Root;Basidiomycota;Agaricomycetes;Agaricales;Cortinariaceae;Cortinarius;Cortinarius_xantho-ochraceus
UDB001090	Root;Basidiomycota;Agaricomycetes;Agaricales;Cortinariaceae;Cortinarius;Cortinarius_microspermus
UDB001099	Root;Basidiomycota;Agaricomycetes;Agaricales;Cortinariaceae;Cortinarius;Cortinarius_cyanites
EU655672	Root;Basidiomycota;Agaricomycetes;Agaricales;Cortinariaceae;Cortinarius;Cortinarius_alnobetulae
UDB001101	Root;Basidiomycota;Agaricomycetes;Agaricales;Cortinariaceae;Cortinarius;Cortinarius_eburneus
UDB001105	Root;Basidiomycota;Agaricomycetes;Agaricales;Cortinariaceae;Cortinarius;Cortinarius_mellinus
AY669594	Root;Basidiomycota;Agaricomycetes;Agaricales;Cortinariaceae;Cortinarius;Cortinarius_callisteus
JF907762	Root;Basidiomycota;Agaricomycetes;Agaricales;Amanitaceae;Amanita;Amanita_oblongispora
UDB001110	Root;Basidiomycota;Agaricomycetes;Agaricales;Amanitaceae;Amanita;Amanita_vaginata
FJ755188	Root;Basidiomycota;Agaricomycetes;Agaricales;Amanitaceae;Amanita;Amanita_virosa
UDB001119	Root;Basidiomycota;Agaricomycetes;Gomphales;Gomphaceae;Clavariadelphus;Clavariadelphus_ligula
UDB001133	Root;Basidiomycota;Agaricomycetes;Agaricales;Cortinariaceae;Cortinarius;Cortinarius_balteatocumatilis
UDB001136	Root;Basidiomycota;Agaricomycetes;Agaricales;Cortinariaceae;Cortinarius;Cortinarius_bivelus
UDB001140	Root;Basidiomycota;Agaricomycetes;Agaricales;Cortinariaceae;Cortinarius;Cortinarius_canabarba
UDB001165	Root;Basidiomycota;Agaricomycetes;Agaricales;Cortinariaceae;Cortinarius;Cortinarius_melleopallens
DQ663367	Root;Basidiomycota;Agaricomycetes;Agaricales;Cortinariaceae;Cortinarius;Cortinarius_olearioides
UDB001180	Root;Basidiomycota;Agaricomycetes;Agaricales;Cortinariaceae;Cortinarius;Cortinarius_spilomeus
AY077470	Root;Basidiomycota;Agaricomycetes;Boletales;Gomphidiaceae;Gomphidius;Gomphidius_maculatus
UDB011688	Root;Basidiomycota;Agaricomycetes;Agaricales;Amanitaceae;Limacella;Limacella_glioderma
EF493273	Root;Basidiomycota;Agaricomycetes;Boletales;Sclerodermataceae;Pisolithus;Pisolithus_arhizus
UDB001221	Root;Basidiomycota;Agaricomycetes;Agaricales;Tricholomataceae;Tricholoma;Tricholoma_fucatum
AY281024	Root;Basidiomycota;Agaricomycetes;Agaricales;Cortinariaceae;Gymnopilus;Gymnopilus_pyrrhum
UDB001233	Root;Basidiomycota;Agaricomycetes;Agaricales;Cortinariaceae;Cortinarius;Cortinarius_saturninus
DQ117928	Root;Basidiomycota;Agaricomycetes;Agaricales;Cortinariaceae;Cortinarius;Cortinarius_norrlandicus
UDB001382	Root;Basidiomycota;Agaricomycetes;Agaricales;Cortinariaceae;Cortinarius;Cortinarius_bovinus
DQ139989	Root;Basidiomycota;Agaricomycetes;Agaricales;Cortinariaceae;Cortinarius;Cortinarius_sordidemaculatus
UDB001486	Root;Basidiomycota;Agaricomycetes;Agaricales;Tricholomataceae;Porpoloma;Porpoloma_spinulosum
UDB002438	Root;Basidiomycota;Agaricomycetes;Agaricales;Amanitaceae;Amanita;Amanita_crocea
AF205639	Root;Basidiomycota;Agaricomycetes;Boletales;Gomphidiaceae;Chroogomphus;Chroogomphus_rutilus
UDB001532	Root;Basidiomycota;Agaricomycetes;Cantharellales;Clavulinaceae;Clavulina;Clavulina_cinerea
UDB001534	Root;Basidiomycota;Agaricomycetes;Agaricales;Clavariaceae;Clavulinopsis;Clavulinopsis_helvola
FJ501551	Root;Basidiomycota;Agaricomycetes;Agaricales;Coprinaceae;Coprinus;Coprinus_comatus
EU266683	Root;Basidiomycota;Agaricomycetes;Agaricales;Cortinariaceae;Cortinarius;Cortinarius_coleoptera
UDB001611	Root;Basidiomycota;Agaricomycetes;Agaricales;Mycenaceae;Mycena;Mycena_septentrionalis
EU784400	Root;Basidiomycota;Agaricomycetes;Boletales;Rhizopogonaceae;Rhizopogon;Rhizopogon_roseolus
AY880939	Root;Basidiomycota;Agaricomycetes;Boletales;Suillaceae;Suillus;Suillus_umbonatus
DQ534573	Root;Basidiomycota;Agaricomycetes;Boletales;Hygrophoropsidaceae;Tapinella;Tapinella_atrotomentosa
AF377237	Root;Basidiomycota;Agaricomycetes;Agaricales;Tricholomataceae;Tricholoma;Tricholoma_focale
EU784402	Root;Basidiomycota;Agaricomycetes;Thelephorales;Bankeraceae;Sarcodon;Sarcodon_glaucopus
EU622368	Root;Basidiomycota;Agaricomycetes;Thelephorales;Bankeraceae;Phellodon;Phellodon_melaleucus
GQ162810	Root;Basidiomycota;Agaricomycetes;Atheliales;Atheliaceae;Amphinema;Amphinema_byssoides
DQ469291	Root;Basidiomycota;Agaricomycetes;Atheliales;Atheliaceae;Piloderma;Piloderma_olivaceum
EU834197	Root;Basidiomycota;Agaricomycetes;Boletales;Boletaceae;Chamonixia;Chamonixia_caespitosa
UDB001777	Root;Basidiomycota;Agaricomycetes;Agaricales;Clavariaceae;Clavulinopsis;Clavulinopsis_luteoalba
DQ083772	Root;Basidiomycota;Agaricomycetes;Agaricales;Cortinariaceae;Cortinarius;Cortinarius_aurilicis
DQ663239	Root;Basidiomycota;Agaricomycetes;Agaricales;Cortinariaceae;Cortinarius;Cortinarius_caesiocinctus
DQ663347	Root;Basidiomycota;Agaricomycetes;Agaricales;Cortinariaceae;Cortinarius;Cortinarius_nymphicolor
EU056996	Root;Basidiomycota;Agaricomycetes;Agaricales;Cortinariaceae;Cortinarius;Cortinarius_langeorum
DQ323964	Root;Basidiomycota;Agaricomycetes;Agaricales;Cortinariaceae;Cortinarius;Cortinarius_corrosus
EU660941	Root;Basidiomycota;Agaricomycetes;Agaricales;Cortinariaceae;Cortinarius;Cortinarius_vesterholtii
AY669569	Root;Basidiomycota;Agaricomycetes;Agaricales;Cortinariaceae;Cortinarius;Cortinarius_aureocalceolatus
DQ663251	Root;Basidiomycota;Agaricomycetes;Agaricales;Cortinariaceae;Cortinarius;Cortinarius_caroviolaceus
DQ663271	Root;Basidiomycota;Agaricomycetes;Agaricales;Cortinariaceae;Cortinarius;Cortinarius_cisticola
DQ663313	Root;Basidiomycota;Agaricomycetes;Agaricales;Cortinariaceae;Cortinarius;Cortinarius_haasii
EU057041	Root;Basidiomycota;Agaricomycetes;Agaricales;Cortinariaceae;Cortinarius;Cortinarius_provencalis
DQ663415	Root;Basidiomycota;Agaricomycetes;Agaricales;Cortinariaceae;Cortinarius;Cortinarius_saporatus
DQ663418	Root;Basidiomycota;Agaricomycetes;Agaricales;Cortinariaceae;Cortinarius;Cortinarius_rapaceoides
EU057076	Root;Basidiomycota;Agaricomycetes;Agaricales;Cortinariaceae;Cortinarius;Cortinarius_sodagnitus
EU057052	Root;Basidiomycota;Agaricomycetes;Agaricales;Cortinariaceae;Cortinarius;Cortinarius_odorifer
AY669532	Root;Basidiomycota;Agaricomycetes;Agaricales;Cortinariaceae;Cortinarius;Cortinarius_multiformis
AF389158	Root;Basidiomycota;Agaricomycetes;Agaricales;Cortinariaceae;Cortinarius;Cortinarius_raphanoides
UDB001016	Root;Basidiomycota;Agaricomycetes;Agaricales;Cortinariaceae;Cortinarius;Cortinarius_balaustinus
UDB002177	Root;Basidiomycota;Agaricomycetes;Agaricales;Cortinariaceae;Cortinarius;Cortinarius_niveoglobosus
UDB002178	Root;Basidiomycota;Agaricomycetes;Agaricales;Cortinariaceae;Cortinarius;Cortinarius_renidens
AF085485	Root;Basidiomycota;Agaricomycetes;Agaricales;Amanitaceae;Amanita;Amanita_aspera
U56025	Root;Basidiomycota;Agaricomycetes;Agaricales;Cortinariaceae;Cortinarius;Cortinarius_delibutus
JF907904	Root;Basidiomycota;Agaricomycetes;Agaricales;Cortinariaceae;Cortinarius;Cortinarius_hemitrichus
U56029	Root;Basidiomycota;Agaricomycetes;Agaricales;Cortinariaceae;Cortinarius;Cortinarius_miniatopus
UDB001088	Root;Basidiomycota;Agaricomycetes;Agaricales;Cortinariaceae;Cortinarius;Cortinarius_anomalus
UDB002232	Root;Basidiomycota;Agaricomycetes;Agaricales;Amanitaceae;Amanita;Amanita_vaginata
UDB002199	Root;Basidiomycota;Agaricomycetes;Thelephorales;Bankeraceae;Hydnellum;Hydnellum_peckii
U56032	Root;Basidiomycota;Agaricomycetes;Agaricales;Cortinariaceae;Cortinarius;Cortinarius_umbilicatus
UDB002355	Root;Basidiomycota;Agaricomycetes;Agaricales;Amanitaceae;Limacella;Limacella_delicata
UDB002356	Root;Basidiomycota;Agaricomycetes;Agaricales;Amanitaceae;Limacella;Limacella_delicata
UDB011418	Root;Basidiomycota;Agaricomycetes;Agaricales;Amanitaceae;Limacella;Limacella_illinita
AF454575	Root;Basidiomycota;Agaricomycetes;Boletales;Boletaceae;Leccinum;Leccinum_roseotinctum
AY195572	Root;Basidiomycota;Agaricomycetes;Cantharellales;Cantharellaceae;Craterellus;Craterellus_tubaeformis
UDB002398	Root;Basidiomycota;Agaricomycetes;Agaricales;Tricholomataceae;Tricholoma;Tricholoma_album
UDB002399	Root;Basidiomycota;Agaricomycetes;Agaricales;Cortinariaceae;Cortinarius;Cortinarius_bolaris
UDB002431	Root;Basidiomycota;Agaricomycetes;Agaricales;Cortinariaceae;Cortinarius;Cortinarius
UDB002442	Root;Basidiomycota;Agaricomycetes;Agaricales;Cortinariaceae;Cortinarius;Cortinarius
FJ596909	Root;Basidiomycota;Agaricomycetes;Agaricales;Tricholomataceae;Tricholoma;Tricholoma_columbetta
DQ068974	Root;Basidiomycota;Agaricomycetes;Atheliales;Atheliaceae;Tylospora;Tylospora_fibrillosa
AM946501	Root;Basidiomycota;Agaricomycetes;Agaricales;Tricholomataceae;Cystoderma;Cystoderma_subvinaceum
UDB003218	Root;Basidiomycota;Agaricomycetes;Agaricales;Amanitaceae;Amanita;Amanita_friabilis
UDB003224	Root;Basidiomycota;Agaricomycetes;Boletales;Boletaceae;Boletus;Boletus_radicans
UDB003228	Root;Basidiomycota;Agaricomycetes;Agaricales;Tricholomataceae;Tricholoma;Tricholoma_apium
UDB003274	Root;Basidiomycota;Agaricomycetes;Thelephorales;Bankeraceae;Sarcodon;Sarcodon_scabrosus
UDB003285	Root;Basidiomycota;Agaricomycetes;Thelephorales;Bankeraceae;Sarcodon;Sarcodon
UDB003286	Root;Basidiomycota;Agaricomycetes;Thelephorales;Bankeraceae;Hydnellum;Hydnellum
EU622337	Root;Basidiomycota;Agaricomycetes;Thelephorales;Bankeraceae;Hydnellum;Hydnellum_caeruleum
FN185819	Root;Basidiomycota;Agaricomycetes;Thelephorales;Bankeraceae;Phellodon;Phellodon_niger
UDB003358	Root;Ascomycota;Arthoniomycetes;Arthoniales;Roccellaceae;Plectocarpon;Plectocarpon_lichenum
UDB004160	Root;Ascomycota;Archaeorhizomycetes;Archaeorhizomycetales;Archaeorhizomycetaceae;Archaeorhizomyces;Archaeorhizomyces
UDB004283	Root;Basidiomycota;Agaricomycetes;Cantharellales;Clavulinaceae;Clavulina;Clavulina
UDB008226	Root;Basidiomycota;Agaricomycetes;Agaricales;Entolomataceae;Entoloma;Entoloma
UDB008235	Root;Ascomycota;Pezizomycetes;Pezizales;Pyronemataceae;Tarzetta;Tarzetta_catinus
UDB008242	Root;Basidiomycota;Agaricomycetes;Agaricales;Entolomataceae;Entoloma;Entoloma
UDB008249	Root;Basidiomycota;Agaricomycetes;Polyporales;Sistotremataceae;Trechispora;Trechispora
UDB008309	Root;Basidiomycota;Agaricomycetes;Atheliales;Atheliaceae;Amphinema;Amphinema
UDB011023	Root;Basidiomycota;Agaricomycetes;Boletales;Boletaceae;Boletaceae;Boletaceae
AY573537	Root;Basidiomycota;Agaricomycetes;Agaricales;Tricholomataceae;Tricholoma;Tricholoma_imbricatum
FJ596815	Root;Basidiomycota;Agaricomycetes;Agaricales;Tricholomataceae;Infundibulicybe;Infundibulicybe_gibba
UDB011146	Root;Basidiomycota;Agaricomycetes;Agaricales;Tricholomataceae;Clitocybe;Clitocybe_geotropa
EU784180	Root;Basidiomycota;Agaricomycetes;Thelephorales;Bankeraceae;Bankera;Bankera_fuligineoalba
HM196012	Root;Basidiomycota;Agaricomycetes;Agaricales;Amanitaceae;Amanita;Amanita_porphyria
UDB011208	Root;Basidiomycota;Agaricomycetes;Agaricales;Amanitaceae;Amanita;Amanita_strobiliformis
UDB011214	Root;Basidiomycota;Agaricomycetes;Agaricales;Clavariaceae;Macrotyphula;Clavariadelphus_junceus
UDB011249	Root;Basidiomycota;Dacrymycetes;Dacrymycetales;Dacrymycetaceae;Calocera;Calocera_furcata
HQ604694	Root;Basidiomycota;Agaricomycetes;Agaricales;Cortinariaceae;Cortinarius;Cortinarius_camphoratus
UDB011264	Root;Basidiomycota;Agaricomycetes;Agaricales;Cortinariaceae;Cortinarius;Cortinarius_infractus
UDB011266	Root;Basidiomycota;Agaricomycetes;Agaricales;Cortinariaceae;Cortinarius;Cortinarius_gentilis
AY174786	Root;Basidiomycota;Agaricomycetes;Agaricales;Cortinariaceae;Cortinarius;Cortinarius_cephalixus
FJ157142	Root;Basidiomycota;Agaricomycetes;Agaricales;Cortinariaceae;Cortinarius;Cortinarius_rubellus
UDB011342	Root;Basidiomycota;Agaricomycetes;Agaricales;Cortinariaceae;Cortinarius;Cortinarius_cyanites
FJ039593	Root;Basidiomycota;Agaricomycetes;Agaricales;Cortinariaceae;Cortinarius;Cortinarius_phoeniceus_var_occidentalis
UDB011349	Root;Basidiomycota;Agaricomycetes;Agaricales;Cortinariaceae;Cortinarius;Cortinarius_alboviolaceus
FJ039649	Root;Basidiomycota;Agaricomycetes;Agaricales;Cortinariaceae;Cortinarius;Cortinarius_violaceus
UDB011622	Root;Basidiomycota;Agaricomycetes;Agaricales;Lyophyllaceae;Calocybe;Calocybe_gambosa
AF241522	Root;Basidiomycota;Agaricomycetes;Agaricales;Tricholomataceae;Lepista;Lepista_saeva
GQ142022	Root;Basidiomycota;Agaricomycetes;Agaricales;Tricholomataceae;Resupinatus;Resupinatus_trichotis
UDB011387	Root;Basidiomycota;Agaricomycetes;Agaricales;Physalacriaceae;Rhodotus;Rhodotus_palmatus
UDB011415	Root;Basidiomycota;Agaricomycetes;Agaricales;Clavariaceae;Macrotyphula;Macrotyphula_fistulosa
HM562144	Root;Basidiomycota;Agaricomycetes;Agaricales;Pluteaceae;Pluteus;Pluteus_phlebophorus
UDB011419	Root;Basidiomycota;Agaricomycetes;Agaricales;Amanitaceae;Limacella;Limacella_guttata
AF454588	Root;Basidiomycota;Agaricomycetes;Boletales;Boletaceae;Leccinum;Leccinum_carpini
UDB011424	Root;Basidiomycota;Agaricomycetes;Agaricales;Tricholomataceae;Omphalina;Omphalina_pyxidata
EU486448	Root;Basidiomycota;Agaricomycetes;Agaricales;Pluteaceae;Pluteus;Pluteus_cervinus_var_cervinus
UDB011428	Root;Ascomycota;Pezizomycetes;Pezizales;Pyronemataceae;Otidea;Otidea_alutacea
UDB011430	Root;Basidiomycota;Agaricomycetes;Agaricales;Strophariaceae;Pholiota;Pholiota_lenta
UDB011431	Root;Basidiomycota;Agaricomycetes;Agaricales;Strophariaceae;Pholiota;Pholiota_spumosa
UDB011436	Root;Basidiomycota;Agaricomycetes;Agaricales;Strophariaceae;Stropharia;Stropharia_cyanea
DQ179129	Root;Basidiomycota;Agaricomycetes;Boletales;Suillaceae;Suillus;Suillus_bovinus
UDB011439	Root;Basidiomycota;Agaricomycetes;Agaricales;Mycenaceae;Panellus;Panellus_mitis
FJ845439	Root;Basidiomycota;Agaricomycetes;Boletales;Suillaceae;Suillus;Suillus_flavidus
DQ066402	Root;Basidiomycota;Agaricomycetes;Boletales;Boletaceae;Boletus;Xerocomus_ferrugineus
UDB011450	Root;Basidiomycota;Agaricomycetes;Thelephorales;Bankeraceae;Sarcodon;Sarcodon_glaucopus
UDB011451	Root;Basidiomycota;Agaricomycetes;Agaricales;Amanitaceae;Amanita;Amanita_vaginata
UDB011458	Root;Basidiomycota;Agaricomycetes;Agaricales;Tricholomataceae;Clitocybe;Clitocybe_vermicularis
UDB011459	Root;Ascomycota;Pezizomycetes;Pezizales;Pyronemataceae;Sowerbyella;Sowerbyella_imperialis
UDB011461	Root;Basidiomycota;Agaricomycetes;Agaricales;Cortinariaceae;Tubaria;Tubaria_conspersa
UDB011474	Root;Basidiomycota;Agaricomycetes;Agaricales;Entolomataceae;Entoloma;Entoloma_chalybaeum
UDB011476	Root;Ascomycota;Pezizomycetes;Pezizales;Morchellaceae;Ptychoverpa;Ptychoverpa_bohemica
AY077472	Root;Basidiomycota;Agaricomycetes;Boletales;Gomphidiaceae;Gomphidius;Gomphidius_glutinosus
UDB011482	Root;Basidiomycota;Agaricomycetes;Agaricales;Entolomataceae;Entoloma;Entoloma_araneosum
UDB011485	Root;Basidiomycota;Agaricomycetes;Agaricales;Entolomataceae;Entoloma;Entoloma_prunuloides
UDB011486	Root;Basidiomycota;Agaricomycetes;Agaricales;Entolomataceae;Entoloma;Entoloma_lividocyanulum
AM882875	Root;Basidiomycota;Agaricomycetes;Agaricales;Cortinariaceae;Inocybe;Inocybe_lilacina
UDB011522	Root;Basidiomycota;Agaricomycetes;Agaricales;Tricholomataceae;Lepista;Lepista_inversa
UDB011527	Root;Ascomycota;Pezizomycetes;Pezizales;Pyronemataceae;Otidea;Otidea_onotica
UDB011536	Root;Basidiomycota;Agaricomycetes;Agaricales;Mycenaceae;Mycena;Mycena_zephirus
UDB011537	Root;Basidiomycota;Agaricomycetes;Agaricales;Mycenaceae;Mycena;Mycena_filopes
UDB011538	Root;Ascomycota;Pezizomycetes;Pezizales;Pyronemataceae;Flavoscypha;Otidea_concinna
UDB011540	Root;Basidiomycota;Tremellomycetes;Tremellales;Exidiaceae;Guepinia;Tremiscus_helvelloides
UDB011541	Root;Basidiomycota;Agaricomycetes;Agaricales;Amanitaceae;Amanita;Amanita_friabilis
UDB011542	Root;Basidiomycota;Agaricomycetes;Agaricales;Tricholomataceae;Tricholoma;Tricholoma_aurantium
UDB011543	Root;Basidiomycota;Agaricomycetes;Agaricales;Tricholomataceae;Tricholoma;Tricholoma_sulphurescens
UDB011575	Root;Basidiomycota;Agaricomycetes;Agaricales;Tricholomataceae;Tricholoma;Tricholoma_cingulatum
UDB011548	Root;Basidiomycota;Agaricomycetes;Agaricales;Tricholomataceae;Tricholoma;Tricholoma_argyraceum
AY462032	Root;Basidiomycota;Agaricomycetes;Agaricales;Tricholomataceae;Tricholoma;Tricholoma_sulphureum
UDB011555	Root;Basidiomycota;Agaricomycetes;Agaricales;Tricholomataceae;Tricholoma;Tricholoma_sulphureum
UDB011586	Root;Basidiomycota;Agaricomycetes;Agaricales;Tricholomataceae;Tricholoma;Tricholoma_gausapatum
DQ822834	Root;Basidiomycota;Agaricomycetes;Agaricales;Tricholomataceae;Tricholoma;Tricholoma_flavovirens
UDB011564	Root;Basidiomycota;Agaricomycetes;Agaricales;Tricholomataceae;Tricholoma;Tricholoma_ustaloides
UDB011704	Root;Basidiomycota;Agaricomycetes;Agaricales;Tricholomataceae;Tricholoma;Tricholoma_arvernense
UDB011568	Root;Basidiomycota;Agaricomycetes;Agaricales;Tricholomataceae;Tricholoma;Tricholoma_fucatum
UDB011572	Root;Basidiomycota;Agaricomycetes;Agaricales;Tricholomataceae;Tricholoma;Tricholoma_inamoenum
UDB011577	Root;Basidiomycota;Agaricomycetes;Agaricales;Clavariaceae;Clavulinopsis;Clavulinopsis_corniculata
UDB011589	Root;Basidiomycota;Agaricomycetes;Agaricales;Tricholomataceae;Tricholoma;Tricholoma_columbetta
UDB011590	Root;Basidiomycota;Agaricomycetes;Agaricales;Tricholomataceae;Tricholoma;Tricholoma_aestuans
UDB011605	Root;Basidiomycota;Agaricomycetes;Agaricales;Entolomataceae;Rhodocybe;Rhodocybe
EU784415	Root;Basidiomycota;Agaricomycetes;Boletales;Sclerodermataceae;Scleroderma;Scleroderma_verrucosum
UDB011611	Root;Basidiomycota;Agaricomycetes;Agaricales;Entolomataceae;Entoloma;Entoloma_euchroum
UDB011613	Root;Basidiomycota;Agaricomycetes;Agaricales;Cortinariaceae;Hemistropharia;Hemistropharia_albocrenulata
EF060006	Root;Basidiomycota;Agaricomycetes;Polyporales;Ganodermataceae;Ganoderma;Ganoderma_lipsiense
AF454430	Root;Basidiomycota;Agaricomycetes;Russulales;Auriscalpiaceae;Auriscalpium;Auriscalpium_vulgare
UDB011621	Root;Basidiomycota;Agaricomycetes;Agaricales;Cortinariaceae;Inocybe;Inocybe
UDB011628	Root;Basidiomycota;Agaricomycetes;Agaricales;Tricholomataceae;Leucopaxillus;Leucopaxillus_gentianeus
UDB011629	Root;Basidiomycota;Agaricomycetes;Agaricales;Entolomataceae;Entoloma;Entoloma_excentricum
UDB011630	Root;Basidiomycota;Agaricomycetes;Agaricales;Entolomataceae;Entoloma;Entoloma_pleopodium
UDB011632	Root;Basidiomycota;Agaricomycetes;Agaricales;Tricholomataceae;Melanoleuca;Melanoleuca_stridula
UDB011633	Root;Basidiomycota;Agaricomycetes;Agaricales;Tricholomataceae;Cystoderma;Cystoderma_tricholomoides
AJ415551	Root;Basidiomycota;Agaricomycetes;Polyporales;Fomitopsidaceae;Fomitopsis;Fomitopsis_rosea
UDB011647	Root;Basidiomycota;Agaricomycetes;Agaricales;Tricholomataceae;Tricholoma;Tricholoma_vaccinum
UDB011648	Root;Basidiomycota;Agaricomycetes;Agaricales;Mycenaceae;Mycena;Mycena_renati
DQ517423	Root;Basidiomycota;Agaricomycetes;Agaricales;Tricholomataceae;Tricholoma;Tricholoma_saponaceum
UDB011668	Root;Basidiomycota;Agaricomycetes;Agaricales;Mycenaceae;Mycena;Mycena_inclinata
UDB011675	Root;Basidiomycota;Agaricomycetes;Agaricales;Entolomataceae;Entoloma;Entoloma_undatum
FJ596875	Root;Basidiomycota;Agaricomycetes;Agaricales;Strophariaceae;Pholiota;Pholiota_aurivella
GU590932	Root;Basidiomycota;Agaricomycetes;Cantharellales;Cantharellaceae;Pseudocraterellus;Pseudocraterellus_sinuosus
UDB011680	Root;Basidiomycota;Agaricomycetes;Agaricales;Entolomataceae;Entoloma;Entoloma_catalaunicum
UDB011716	Root;Basidiomycota;Agaricomycetes;Agaricales;Strophariaceae;Psilocybe;Psilocybe_montana
UDB011720	Root;Basidiomycota;Agaricomycetes;Agaricales;Pluteaceae;Pluteus;Pluteus_dietrichii
AY573536	Root;Basidiomycota;Agaricomycetes;Agaricales;Tricholomataceae;Tricholoma;Tricholoma_scalpturatum
FJ039640	Root;Basidiomycota;Agaricomycetes;Agaricales;Cortinariaceae;Cortinarius;Cortinarius_humolens
AF516576	Root;Basidiomycota;Agaricomycetes;Polyporales;Polyporaceae;Polyporus;Polyporus_varius
JF908630	Root;Basidiomycota;Agaricomycetes;Agaricales;Pluteaceae;Pluteus;Pluteus_lutescens
UDB011749	Root;Basidiomycota;Agaricomycetes;Agaricales;Entolomataceae;Entoloma;Entoloma_vernum
DQ533978	Root;Basidiomycota;Agaricomycetes;Boletales;Hygrophoropsidaceae;Tapinella;Tapinella_atrotomentosa
UDB011760	Root;Ascomycota;Pezizomycetes;Pezizales;Pyronemataceae;Otidea;Otidea_bufonia
UDB011764	Root;Basidiomycota;Agaricomycetes;Agaricales;Pluteaceae;Pluteus;Pluteus_thomsonii
UDB011765	Root;Basidiomycota;Agaricomycetes;Agaricales;Tricholomataceae;Melanoleuca;Melanoleuca_grammopodia
UDB011769	Root;Basidiomycota;Agaricomycetes;Agaricales;Tricholomataceae;Clitocybe;Clitocybe_pruinosa
UDB011771	Root;Basidiomycota;Agaricomycetes;Agaricales;Mycenaceae;Mycena;Mycena_strobilicola
UDB011774	Root;Basidiomycota;Agaricomycetes;Agaricales;Tricholomataceae;Clitocybe;Clitocybe
UDB011780	Root;Basidiomycota;Agaricomycetes;Agaricales;Entolomataceae;Entoloma;Entoloma_griseocyaneum
AF501557	Root;Basidiomycota;Agaricomycetes;Agaricales;Cortinariaceae;Gymnopilus;Gymnopilus_picreus
UDB011784	Root;Basidiomycota;Agaricomycetes;Agaricales;Tricholomataceae;Melanoleuca;Melanoleuca
UDB011786	Root;Basidiomycota;Agaricomycetes;Agaricales;Lyophyllaceae;Calocybe;Rugosomyces_ionides
UDB011788	Root;Basidiomycota;Agaricomycetes;Agaricales;Entolomataceae;Entoloma;Entoloma_sacchariolens
UDB011789	Root;Basidiomycota;Agaricomycetes;Agaricales;Entolomataceae;Entoloma;Entoloma_longistriatum
AF325580	Root;Basidiomycota;Agaricomycetes;Agaricales;Cortinariaceae;Cortinarius;Cortinarius_delibutus
UDB011803	Root;Basidiomycota;Agaricomycetes;Agaricales;Cortinariaceae;Flammulaster;Flammulaster_muricatus
JF908606	Root;Basidiomycota;Agaricomycetes;Agaricales;Pluteaceae;Pluteus;Pluteus_leoninus
UDB011813	Root;Basidiomycota;Agaricomycetes;Agaricales;Entolomataceae;Rhodocybe;Rhodocybe_nitellina
UDB011815	Root;Basidiomycota;Agaricomycetes;Agaricales;Tricholomataceae;Clitocybe;Clitocybe_subspadicea
FJ770401	Root;Basidiomycota;Agaricomycetes;Agaricales;Entolomataceae;Clitopilus;Clitopilus_scyphoides
DQ221106	Root;Basidiomycota;Agaricomycetes;Agaricales;Cortinariaceae;Inocybe;Inocybe_myriadophylla
UDB011825	Root;Basidiomycota;Agaricomycetes;Geastrales;Geastraceae;Geastrum;Geastrum_quadrifidum
UDB011826	Root;Basidiomycota;Agaricomycetes;Agaricales;Amanitaceae;Amanita;Amanita_mortenii
JN021094	Root;Basidiomycota;Agaricomycetes;Agaricales;Strophariaceae;Stropharia;Stropharia_hornemannii
UDB011839	Root;Basidiomycota;Agaricomycetes;Agaricales;Cortinariaceae;Inocybe;Inocybe_rimosa
UDB011841	Root;Basidiomycota;Agaricomycetes;Agaricales;Strophariaceae;Pholiota;Pholiota_populnea
UDB011852	Root;Basidiomycota;Agaricomycetes;Geastrales;Geastraceae;Geastrum;Geastrum
UDB011854	Root;Basidiomycota;Agaricomycetes;Agaricales;Lycoperdaceae;Lycoperdon;Lycoperdon_molle
UDB011855	Root;Basidiomycota;Agaricomycetes;Agaricales;Tricholomataceae;Melanoleuca;Melanoleuca_melaleuca
UDB011860	Root;Basidiomycota;Agaricomycetes;Agaricales;Lyophyllaceae;Lyophyllum;Lyophyllum_konradianum
EU784202	Root;Basidiomycota;Agaricomycetes;Agaricales;Entolomataceae;Entoloma;Entoloma_anatinum
UDB011880	Root;Basidiomycota;Agaricomycetes;Agaricales;Entolomataceae;Entoloma;Entoloma_depressum
UDB011887	Root;Basidiomycota;Agaricomycetes;Agaricales;Strophariaceae;Stropharia;Stropharia_aeruginosa
UDB011895	Root;Basidiomycota;Agaricomycetes;Thelephorales;Bankeraceae;Sarcodon;Sarcodon_fuligineoviolaceus
UDB011896	Root;Basidiomycota;Agaricomycetes;Agaricales;Mycenaceae;Mycena;Mycena_alcalina
UDB011902	Root;Basidiomycota;Agaricomycetes;Agaricales;Strophariaceae;Pholiota;Pholiota_heteroclita
FJ746660	Root;Ascomycota;Sordariomycetes;Hypocreales;Nectriaceae;Fusarium;Fusarium_venenatum
Z37064	Root;Basidiomycota;Agaricomycetes;Polyporales;Ganodermataceae;Ganoderma;Ganoderma_weberianum
X78754	Root;Basidiomycota;Agaricomycetes;Polyporales;Polyporaceae;Loweporus;Loweporus_fuscopupureus
AY046192	Root;Ascomycota;Saccharomycetes;Saccharomycetales;Saccharomycetaceae;Zygosaccharomyces;Zygosaccharomyces_bisporus
EF989113	Root;Glomeromycota;Glomeromycetes;Glomerales;Glomeraceae;Glomus;Glomus_mosseae
Y07991	Root;Ascomycota;Sordariomycetes;Hypocreales;Nectriaceae;Fusarium;Fusarium_oxysporum
Z29383	Root;Ascomycota;Saccharomycetes;Saccharomycetales;Pichiaceae;Pichia;Pichia_canadensis
Z37063	Root;Basidiomycota;Agaricomycetes;Polyporales;Ganodermataceae;Ganoderma;Ganoderma_tsugae
Z48348	Root;Ascomycota;Saccharomycetes;Saccharomycetales;Saccharomycetaceae;Zygosaccharomyces;Zygotorulaspora_florentina
Z48363	Root;Ascomycota;Saccharomycetes;Saccharomycetales;Saccharomycetaceae;Zygosaccharomyces;Zygotorulaspora_florentina
U35289	Root;Ascomycota;Sordariomycetes;Hypocreales;Clavicipitaceae;Beauveria;Beauveria_velata
U21829	Root;Ascomycota;Leotiomycetes;Helotiales;Sclerotiniaceae;Ciboria;Ciboria_caucus
Z75727	Root;Ascomycota;Saccharomycetes;Saccharomycetales;Saccharomycetaceae;Lachancea;Lachancea_kluyveri
AY046161	Root;Ascomycota;Saccharomycetes;Saccharomycetales;Saccharomycetaceae;Saccharomyces;Saccharomyces_spencerorum
Z75739	Root;Ascomycota;Saccharomycetes;Saccharomycetales;Saccharomycetaceae;Kazachstania;Kazachstania_exigua
Z80097	Root;Ascomycota;Saccharomycetes;Saccharomycetales;Saccharomycetaceae;Kazachstania;Kazachstania_viticola
Z81428	Root;Ascomycota;Leotiomycetes;Helotiales;Sclerotiniaceae;Coprotinia;Coprotinia_minutula
Z93877	Root;Ascomycota;Saccharomycetes;Saccharomycetales;Saccharomycetaceae;Williopsis;Williopsis_mucosa
Z93885	Root;Ascomycota;Saccharomycetes;Saccharomycetales;Saccharomycetaceae;Williopsis;Williopsis_pratensis
Z93889	Root;Ascomycota;Saccharomycetes;Saccharomycetales;Saccharomycetaceae;Williopsis;Williopsis_salicorniae
EU181454	Root;Ascomycota;Eurotiomycetes;Onygenales;Arthrodermataceae;Trichophyton;Trichophyton_soudanense
AJ877210	Root;Ascomycota;Eurotiomycetes;Onygenales;Arthrodermataceae;Arthroderma;Arthroderma_gertleri
L14523	Root;Ascomycota;Eurotiomycetes;Eurotiales;Trichocomaceae;Talaromyces;Talaromyces_gossypii
U18951	Root;Ascomycota;Sordariomycetes;Hypocreales;Clavicipitaceae;Beauveria;Beauveria_bassiana
U51946	Root;Ascomycota;Orbiliomycetes;Orbiliales;Orbiliaceae;Dactylellina;Dactylellina_haptospora
U66021	Root;Ascomycota;Pezizomycetes;Pezizales;Sarcoscyphaceae;Sarcoscypha;Sarcoscypha_emarginata