UclustConsensusTaxonAssigner parameters:
id_to_taxonomy_filepath:/Users/nbokulich/Desktop/projects/short-read-tax-assignment/data/simulated-community/F1-REF-iter0/ref_taxa.tsv
id_to_taxonomy_fp:/Users/nbokulich/Desktop/projects/short-read-tax-assignment/data/simulated-community/F1-REF-iter0/ref_taxa.tsv
max_accepts:3
min_consensus_fraction:0.76
reference_sequences_fp:/Users/nbokulich/Desktop/projects/short-read-tax-assignment/data/simulated-community/F1-REF-iter0/ref_seqs.fasta
similarity:0.9
unassignable_label:Unassigned
Result path: /var/folders/0t/l1dz88p50y91vx_22fx5w3780000gn/T/assign-taxXsnQsR

.uc file contents:

# uclust --input /Users/nbokulich/Desktop/projects/short-read-tax-assignment/data/simulated-community/F1-REF-iter0/query.fasta --id 0.9 --rev --maxaccepts 3 --allhits --libonly --lib /Users/nbokulich/Desktop/projects/short-read-tax-assignment/data/simulated-community/F1-REF-iter0/ref_seqs.fasta --uc /var/folders/0t/l1dz88p50y91vx_22fx5w3780000gn/T/UclustConsensusTaxonAssigner_rMAYPp.uc
# version=1.2.22
# Tab-separated fields:
# 1=Type, 2=ClusterNr, 3=SeqLength or ClusterSize, 4=PctId, 5=Strand, 6=QueryStart, 7=SeedStart, 8=Alignment, 9=QueryLabel, 10=TargetLabel
# Record types (field 1): L=LibSeed, S=NewSeed, H=Hit, R=Reject, D=LibCluster, C=NewCluster, N=NoHit
# For C and D types, PctId is average id with seed.
# QueryStart and SeedStart are zero-based relative to start of sequence.
# If minus strand, SeedStart is relative to reverse-complemented seed.
L	12	203	*	*	*	*	*	DQ525495	*
H	12	203	90.6	+	0	0	203M	DQ525490	DQ525495
H	12	202	93.1	+	0	0	64MI138M	DQ525498	DQ525495
L	11	203	*	*	*	*	*	DQ525494	*
H	11	202	91.1	+	0	0	64MI138M	DQ525498	DQ525494
L	7575	203	*	*	*	*	*	DQ525492	*
H	7575	202	91.6	+	0	0	64MI138M	DQ525498	DQ525492
L	23	181	*	*	*	*	*	DQ322129	*
H	23	84	91.7	+	0	0	97I84M	DQ322098	DQ322129
L	26	250	*	*	*	*	*	DQ481940	*
H	26	250	97.6	+	0	0	21MI180MD9MD38MI	DQ481942	DQ481940
L	1243	250	*	*	*	*	*	FJ717529	*
H	1243	250	98.4	+	0	0	I21MI107MI73MD9MD37MD	DQ481942	FJ717529
L	24	250	*	*	*	*	*	EU525946	*
H	24	250	97.6	+	0	0	21MI111MI50MI19MD9MD37MD	DQ481942	EU525946
L	11130	250	*	*	*	*	*	U56039	*
H	11130	250	95.6	+	0	0	118MI38MI92M2D	EU525963	U56039
L	8152	250	*	*	*	*	*	FJ845396	*
H	8152	250	97.6	+	0	0	225MD24MI	EU525963	FJ845396
L	7551	250	*	*	*	*	*	U56043	*
H	7551	250	96.8	+	0	0	137MI19M2D77MI15M	EU525963	U56043
L	7553	233	*	*	*	*	*	DQ482004	*
H	7553	234	100.0	+	0	0	8MD225M	DQ482007	DQ482004
L	8526	234	*	*	*	*	*	EU819540	*
H	8526	234	99.6	+	0	0	234M	DQ482007	EU819540
L	11176	234	*	*	*	*	*	U83481	*
H	11176	234	99.1	+	0	0	234M	DQ482007	U83481
L	7787	242	*	*	*	*	*	EF175526	*
H	7787	245	94.2	+	0	0	26MD8MD87MD121M	DQ449942	EF175526
L	341	241	*	*	*	*	*	EF175534	*
H	341	245	93.4	+	0	0	2D24MD8MD209M	DQ449942	EF175534
L	7785	245	*	*	*	*	*	EF175513	*
H	7785	245	91.0	+	0	0	26MD58MI42MI32MD85M	DQ449942	EF175513
L	8452	192	*	*	*	*	*	EU721724	*
H	8452	187	97.9	+	0	0	4D12M9I171M	FJ948133	EU721724
L	4102	186	*	*	*	*	*	JN232143	*
H	4102	187	98.4	+	0	0	151MD35M	FJ948133	JN232143
L	1147	186	*	*	*	*	*	GQ922920	*
H	1147	187	97.8	+	0	0	151MD35M	FJ948133	GQ922920
L	9824	231	*	*	*	*	*	AJ249266	*
H	9824	231	99.6	+	0	0	231M	AJ421007	AJ249266
L	9098	158	*	*	*	*	*	FM876811	*
H	9098	152	96.1	+	0	0	24MI12M2I16MI54MI22MI24M	AY035657	FM876811
L	3798	153	*	*	*	*	*	AY035654	*
H	3798	152	97.4	+	0	0	37MI14M2D40MI22MI37M	AY035657	AY035654
L	161	149	*	*	*	*	*	EF989120	*
H	161	152	96.0	+	0	0	49M3D100M	AY035657	EF989120
L	676	138	*	*	*	*	*	AF455401	*
H	676	142	97.8	+	0	0	3I12M2D33MD65M4D25M	GQ254804	AF455401
L	720	138	*	*	*	*	*	FJ697171	*
H	720	142	96.4	+	0	0	3I12M2D33MD65M4D25M	GQ254804	FJ697171
L	5623	138	*	*	*	*	*	FJ515204	*
H	5623	142	96.4	+	0	0	3I12M2D33MD65M4D25M	GQ254804	FJ515204
L	1455	208	*	*	*	*	*	FJ499445	*
H	1455	213	99.5	+	0	0	3D14MD37MD157M	DQ681335	FJ499445
L	8252	210	*	*	*	*	*	EU551202	*
H	8252	213	98.6	+	0	0	17MD38MD6MD149M	DQ681335	EU551202
L	8801	250	*	*	*	*	*	FJ499448	*
H	8801	213	92.0	+	0	0	52I17MD37MD144M13D	DQ681335	FJ499448
L	334	115	*	*	*	*	*	AF310169	*
H	334	115	93.9	+	0	0	115M	DQ827707	AF310169
L	8354	241	*	*	*	*	*	EU659130	*
H	8354	115	91.3	+	0	0	126I115M	DQ827707	EU659130
L	655	250	*	*	*	*	*	FJ538351	*
H	655	250	94.4	+	0	0	4I10MD13MD14M3D208MI	DQ780456	FJ538351
L	4346	250	*	*	*	*	*	JQ317436	*
H	4346	250	90.0	+	0	0	4D15M2D18M3D208M9I	DQ780456	JQ317436
L	10116	195	*	*	*	*	*	HQ184467	*
H	10116	195	100.0	+	0	0	195M	DQ836790	HQ184467
L	1494	210	*	*	*	*	*	EU878427	*
H	1494	210	97.6	+	0	0	9MI165MD35M	FJ462759	EU878427
L	10180	206	*	*	*	*	*	HQ328007	*
H	10180	210	97.1	+	0	0	D10M2D10MD186M	FJ462759	HQ328007
L	4197	209	*	*	*	*	*	JN695509	*
H	4197	210	96.2	+	0	0	83MD126M	FJ462759	JN695509
L	3071	197	*	*	*	*	*	FJ411410	*
H	3071	187	98.4	+	0	0	10I77MI24M2D24MI60M	U35308	FJ411410
L	5452	197	*	*	*	*	*	FJ411408	*
H	5452	187	97.9	+	0	0	10I75MI26M2D24MI60M	U35308	FJ411408
L	5499	198	*	*	*	*	*	EU586043	*
H	5499	187	95.7	+	0	0	10I45MI30MI26M2D27MI57M	U35308	EU586043
L	9061	198	*	*	*	*	*	FJ973068	*
H	9061	203	93.4	+	0	0	68M2D26M2D58MI19M2D26M	U35305	FJ973068
L	5555	209	*	*	*	*	*	FJ439582	*
H	5555	203	93.6	+	0	0	10I88MD47M3D64M	U35305	FJ439582
L	9501	205	*	*	*	*	*	EU999952	*
H	9501	203	90.1	+	0	0	7I87MD56M4D55M	U35305	EU999952
N	*	191	*	*	*	*	*	U35285	*
L	2034	210	*	*	*	*	*	GQ397988	*
H	2034	210	99.0	+	0	0	D7MI202M	GU220372	GQ397988
L	9349	203	*	*	*	*	*	FJ705275	*
H	9349	210	96.6	+	0	0	9D184M2I17M	GU220372	FJ705275
L	4790	211	*	*	*	*	*	EU597073	*
H	4790	210	93.3	+	0	0	8MI202M	GU220372	EU597073
N	*	145	*	*	*	*	*	AY139789	*
N	*	218	*	*	*	*	*	EF010926	*
L	6917	234	*	*	*	*	*	AY303629	*
H	6917	235	97.9	+	0	0	2D11MD48MI28MI145M	DQ985380	AY303629
L	510	217	*	*	*	*	*	EF570501	*
H	510	218	100.0	+	0	0	186MD31M	EF017208	EF570501
L	9460	217	*	*	*	*	*	GU046849	*
H	9460	218	100.0	+	0	0	186MD31M	EF017208	GU046849
L	9454	216	*	*	*	*	*	GU046841	*
H	9454	218	100.0	+	0	0	8MD177MD31M	EF017208	GU046841
N	*	250	*	*	*	*	*	AM711974	*
L	9911	250	*	*	*	*	*	FJ375327	*
H	9911	250	94.8	+	0	0	134MD17MD7M2D42MD45M5I	AF085486	FJ375327
L	9303	250	*	*	*	*	*	GQ250398	*
H	9303	250	91.2	+	0	0	8D126MD17MD7M2D42MD45M13I	AF085486	GQ250398
L	92	250	*	*	*	*	*	AB015696	*
H	92	250	94.0	+	0	0	132MD19MD7M2D42MD29MI16M4I	AF085486	AB015696
N	*	207	*	*	*	*	*	DQ983814	*
N	*	124	*	*	*	*	*	AF250791	*
L	7047	195	*	*	*	*	*	AY532006	*
H	7047	195	100.0	+	0	0	195M	EU673370	AY532006
L	7675	194	*	*	*	*	*	DQ915397	*
H	7675	195	97.4	+	0	0	55MD139M	EU673370	DQ915397
L	4533	193	*	*	*	*	*	EU886742	*
H	4533	195	96.4	+	0	0	4D81MD88M3I21M	EU673370	EU886742
N	*	248	*	*	*	*	*	AB361643	*
L	11287	250	*	*	*	*	*	DQ663367	*
H	11287	250	95.2	+	0	0	10D127MD112M11I	EF014264	DQ663367
L	6805	250	*	*	*	*	*	FJ039648	*
H	6805	250	93.2	+	0	0	78MD56M3D11MD100M5I	EF014264	FJ039648
L	7701	250	*	*	*	*	*	EF014255	*
H	7701	250	92.8	+	0	0	78MD59MI95MI16MD	EF014264	EF014255
N	*	124	*	*	*	*	*	UDB000251	*
N	*	235	*	*	*	*	*	EF174448	*
L	678	121	*	*	*	*	*	AY168785	*
H	678	121	100.0	+	0	0	121M	EF203924	AY168785
L	243	121	*	*	*	*	*	EF203925	*
H	243	121	100.0	+	0	0	121M	EF203924	EF203925
L	245	121	*	*	*	*	*	EF203927	*
H	245	121	100.0	+	0	0	121M	EF203924	EF203927
L	3336	197	*	*	*	*	*	AY303604	*
H	3336	190	95.3	+	0	0	6I53MD27M2I109M	AJ271578	AY303604
L	8798	210	*	*	*	*	*	GQ906953	*
H	8798	190	93.7	+	0	0	7I51M2D27M15I16MI23MD70M	AJ271578	GQ906953
L	10406	208	*	*	*	*	*	DQ093659	*
H	10406	190	94.7	+	0	0	7I51M2D27M13I16MI23MD70M	AJ271578	DQ093659
L	10058	214	*	*	*	*	*	GU322441	*
H	10058	214	96.3	+	0	0	214M	EF423543	GU322441
L	2576	215	*	*	*	*	*	EF026148	*
H	2576	214	93.9	+	0	0	167MI47M	EF423543	EF026148
L	9685	214	*	*	*	*	*	GU322439	*
H	9685	214	93.5	+	0	0	214M	EF423543	GU322439
N	*	230	*	*	*	*	*	AY004783	*
L	274	134	*	*	*	*	*	AM418552	*
H	274	145	93.3	+	0	0	46M2D39M9D49M	AM418551	AM418552
N	*	215	*	*	*	*	*	EF194147	*
N	*	177	*	*	*	*	*	AF319427	*
L	6971	229	*	*	*	*	*	AY373862	*
H	6971	226	100.0	+	0	0	23M2I9MI194M	AB006429	AY373862
L	287	229	*	*	*	*	*	GU017496	*
H	287	226	100.0	+	0	0	23M2I9MI194M	AB006429	GU017496
L	7440	230	*	*	*	*	*	DQ336711	*
H	7440	226	96.5	+	0	0	24M3I99MI103M	AB006429	DQ336711
L	10075	178	*	*	*	*	*	GQ415344	*
H	10075	178	100.0	+	0	0	178M	FJ459948	GQ415344
L	7855	178	*	*	*	*	*	FJ459951	*
H	7855	178	100.0	+	0	0	178M	FJ459948	FJ459951
L	3412	178	*	*	*	*	*	EU030345	*
H	3412	178	99.4	+	0	0	178M	FJ459948	EU030345
N	*	132	*	*	*	*	*	AJ292391	*
L	10184	228	*	*	*	*	*	HQ336045	*
H	10184	103	96.1	+	0	0	123I17MI39MI47M	AF192317	HQ336045
L	5934	227	*	*	*	*	*	EU301057	*
H	5934	103	96.1	+	0	0	122I17MI39MI47M	AF192317	EU301057
L	6957	104	*	*	*	*	*	AY347375	*
H	6957	103	95.1	+	0	0	56MI47M	AF192317	AY347375
L	10567	225	*	*	*	*	*	UDB003316	*
H	10567	228	96.4	+	0	0	3D225M	UDB003329	UDB003316
L	7920	235	*	*	*	*	*	JQ711878	*
H	7920	228	93.9	+	0	0	7I99MD14MD9M2I104M	UDB003329	JQ711878
L	10163	227	*	*	*	*	*	UDB003327	*
H	10163	228	94.3	+	0	0	I99MD14MD113M	UDB003329	UDB003327
L	9318	250	*	*	*	*	*	GQ267470	*
H	9318	250	98.8	+	0	0	97M2I151M2D	AF335457	GQ267470
L	321	220	*	*	*	*	*	GU062198	*
H	321	220	100.0	+	0	0	220M	EF155499	GU062198
L	1601	233	*	*	*	*	*	FJ467362	*
H	1601	220	90.9	+	0	0	76MI26MI8M6I23M5I16MD33M2I15MD21M	EF155499	FJ467362
N	*	215	*	*	*	*	*	AF364843	*
L	4228	179	*	*	*	*	*	GQ852794	*
H	4228	178	100.0	+	0	0	154MI24M	AF309623	GQ852794
L	2141	179	*	*	*	*	*	GQ852796	*
H	2141	178	100.0	+	0	0	154MI24M	AF309623	GQ852796
L	1400	160	*	*	*	*	*	AY045496	*
H	1400	178	98.1	+	0	0	13M19D122MI24M	AF309623	AY045496
L	2999	250	*	*	*	*	*	FJ774075	*
H	2999	250	96.4	+	0	0	8MI215M5I21M6D	EF530926	FJ774075
L	1125	172	*	*	*	*	*	AY725528	*
H	1125	182	100.0	+	0	0	10D172M	GQ852764	AY725528
L	7713	182	*	*	*	*	*	EU851936	*
H	7713	182	97.8	+	0	0	182M	GQ852764	EU851936
L	6046	184	*	*	*	*	*	EU882130	*
H	6046	182	97.3	+	0	0	93MI31MI58M	GQ852764	EU882130
L	2123	207	*	*	*	*	*	GQ922537	*
H	2123	211	100.0	+	0	0	4D207M	EF197080	GQ922537
L	2124	209	*	*	*	*	*	GQ922540	*
H	2124	210	94.3	+	0	0	4D65MI28M2I113M	EF197085	GQ922540
L	7628	185	*	*	*	*	*	FJ441642	*
H	7628	185	100.0	+	0	0	185M	FJ903374	FJ441642
L	2867	186	*	*	*	*	*	FJ459973	*
H	2867	185	98.4	+	0	0	114MI71M	FJ903374	FJ459973
L	8805	185	*	*	*	*	*	GQ229075	*
H	8805	185	97.8	+	0	0	185M	FJ903374	GQ229075
L	11259	235	*	*	*	*	*	GU214812	*
H	11259	235	91.9	+	0	0	235M	DQ068972	GU214812
L	8523	237	*	*	*	*	*	EU819524	*
H	8523	235	91.5	+	0	0	160M2I75M	DQ068972	EU819524
L	8364	232	*	*	*	*	*	UDB003303	*
H	8364	235	90.9	+	0	0	2D7M2D44MI180M	DQ068972	UDB003303
L	3411	184	*	*	*	*	*	FJ614638	*
H	3411	121	100.0	+	0	0	63I121M	EU709777	FJ614638
L	8706	185	*	*	*	*	*	FJ403224	*
H	8706	121	100.0	+	0	0	64I121M	EU709777	FJ403224
L	2601	184	*	*	*	*	*	FJ614639	*
H	2601	121	100.0	+	0	0	63I121M	EU709777	FJ614639
L	10762	181	*	*	*	*	*	JF951149	*
H	10762	178	92.7	+	0	0	90MI26MI34MI28M	EF394866	JF951149
L	1687	179	*	*	*	*	*	FJ790271	*
H	1687	178	91.6	+	0	0	91MI25MI27MD34M	EF394866	FJ790271
L	2027	178	*	*	*	*	*	FJ641061	*
H	2027	178	91.6	+	0	0	90MI26MI34M2D26M	EF394866	FJ641061
N	*	204	*	*	*	*	*	EF600974	*
L	7589	105	*	*	*	*	*	DQ534407	*
H	7589	105	100.0	+	0	0	105M	EF643581	DQ534407
L	5319	207	*	*	*	*	*	DQ394397	*
H	5319	199	98.0	+	0	0	6I7MD16MI15MI146MI14M	AF284447	DQ394397
L	5838	207	*	*	*	*	*	AF096204	*
H	5838	199	91.0	+	0	0	6I24MI68MD88M2I18M	AF284447	AF096204
L	11460	250	*	*	*	*	*	AF241522	*
H	11460	250	97.2	+	0	0	I53MD142MI53MD	AF357062	AF241522
L	682	250	*	*	*	*	*	AF438570	*
H	682	250	90.8	+	0	0	D52MD91M13I38MD12MI43M11D	AF357062	AF438570
L	462	206	*	*	*	*	*	AF297672	*
H	462	206	96.6	+	0	0	32MI115MD58M	AF297668	AF297672
L	3486	205	*	*	*	*	*	AF096214	*
H	3486	206	93.7	+	0	0	30MI108MD47MD19M	AF297668	AF096214
L	9929	207	*	*	*	*	*	HM161500	*
H	9929	206	93.7	+	0	0	30MI82MI32MD61M	AF297668	HM161500
L	9499	227	*	*	*	*	*	EU259898	*
H	9499	226	95.6	+	0	0	107MI119M	DQ534472	EU259898
L	3283	231	*	*	*	*	*	HQ605927	*
H	3283	226	94.7	+	0	0	109MI19MI34MI12MI7MI45M	DQ534472	HQ605927
L	8120	229	*	*	*	*	*	EU259899	*
H	8120	226	93.8	+	0	0	108MI43M2I75M	DQ534472	EU259899
L	4418	137	*	*	*	*	*	AY728200	*
H	4418	153	96.4	+	0	0	10D8MD12M3D19MD8MD90M	EF488829	AY728200
L	3634	145	*	*	*	*	*	AJ504629	*
H	3634	153	94.5	+	0	0	D9MD7MD12M3D19MD8MD90M	EF488829	AJ504629
L	4159	145	*	*	*	*	*	EU345429	*
H	4159	153	95.2	+	0	0	D9MD7MD12M3D19MD8MD90M	EF488829	EU345429
N	*	250	*	*	*	*	*	AM749938	*
L	9071	229	*	*	*	*	*	FJ903347	*
H	9071	229	100.0	+	0	0	229M	GQ376103	FJ903347
L	2547	221	*	*	*	*	*	AY751458	*
H	2547	229	100.0	+	0	0	8D221M	GQ376103	AY751458
L	9469	229	*	*	*	*	*	FN868458	*
H	9469	229	98.7	+	0	0	229M	GQ376103	FN868458
L	8270	211	*	*	*	*	*	EU553339	*
H	8270	127	94.5	+	0	0	83I64MI63M	DQ342253	EU553339
L	7878	127	*	*	*	*	*	EF512979	*
H	7878	127	92.1	+	0	0	127M	DQ342253	EF512979
L	660	127	*	*	*	*	*	EF512983	*
H	660	127	92.1	+	0	0	127M	DQ342253	EF512983
L	5370	250	*	*	*	*	*	EF493287	*
H	5370	250	99.6	+	0	0	250M	EF685092	EF493287
L	7944	242	*	*	*	*	*	EU090918	*
H	7944	250	99.2	+	0	0	6D22M2D220M	EF685092	EU090918
L	11384	242	*	*	*	*	*	UDB003231	*
H	11384	250	99.2	+	0	0	216M8D26M	EF685092	UDB003231
L	2778	250	*	*	*	*	*	EU047934	*
H	2778	250	98.0	+	0	0	166M3I16MI64M4D	EU047935	EU047934
L	3550	250	*	*	*	*	*	AY317137	*
H	3550	250	97.2	+	0	0	177MI72MD	EU047935	AY317137
L	2140	250	*	*	*	*	*	GU108605	*
H	2140	250	90.0	+	0	0	40M2I16M2I65MD18MD53M2I30MI21M5D	EU047935	GU108605
H	2140	250	100.0	+	0	0	250M	EU047937	GU108605
L	10147	249	*	*	*	*	*	DQ222927	*
H	10147	250	98.0	+	0	0	6D244M5I	EU047937	DQ222927
H	2778	250	91.6	+	0	0	42M2D14M2D65MI18MI14M3I27MI12M2D30MD21MI	EU047937	EU047934
L	7994	184	*	*	*	*	*	EU045423	*
H	7994	184	96.7	+	0	0	184M	EU045422	EU045423
L	7446	185	*	*	*	*	*	DQ337321	*
H	7446	184	91.8	+	0	0	D12MI81MI90M	EU045422	DQ337321
L	8948	137	*	*	*	*	*	EF493249	*
H	8948	138	98.5	+	0	0	12MD125M	AB284446	EF493249
L	11476	137	*	*	*	*	*	DQ179129	*
H	11476	138	98.5	+	0	0	12MD125M	AB284446	DQ179129
L	9193	250	*	*	*	*	*	GU016610	*
H	9193	138	97.1	+	0	0	114I12MD124MD	AB284446	GU016610
L	7656	250	*	*	*	*	*	DQ866999	*
H	7656	250	98.8	+	0	0	3I247M3D	AB271785	DQ866999
L	9384	250	*	*	*	*	*	AB193587	*
H	9384	250	93.2	+	0	0	3I122MI77MD47M3D	AB271785	AB193587
L	5761	250	*	*	*	*	*	FJ378879	*
H	5761	250	92.4	+	0	0	3I156MI43MD47M3D	AB271785	FJ378879
N	*	210	*	*	*	*	*	EU086434	*
N	*	250	*	*	*	*	*	EF585663	*
L	7970	227	*	*	*	*	*	EU035406	*
H	7970	227	99.6	+	0	0	227M	EU035404	EU035406
L	3791	227	*	*	*	*	*	HQ871875	*
H	3791	227	96.5	+	0	0	227M	EU035404	HQ871875
L	1546	210	*	*	*	*	*	FJ532372	*
H	1546	119	96.6	+	0	0	91I119M	EU057897	FJ532372
N	*	250	*	*	*	*	*	EU142931	*
N	*	243	*	*	*	*	*	AB361642	*
L	10938	250	*	*	*	*	*	JN839944	*
H	10938	250	96.8	+	0	0	8I242M8D	EF652088	JN839944
L	10758	237	*	*	*	*	*	JF440580	*
H	10758	237	100.0	+	0	0	237M	FJ903322	JF440580
L	7730	237	*	*	*	*	*	FJ810153	*
H	7730	237	94.9	+	0	0	50MI67MD20MD34MI64M	FJ903322	FJ810153
L	6842	215	*	*	*	*	*	FJ999712	*
H	6842	237	94.9	+	0	0	8D106MI7M8D10M6D22MD69M	FJ903322	FJ999712
L	5425	230	*	*	*	*	*	DQ404353	*
H	5425	230	97.4	+	0	0	230M	AF397135	DQ404353
L	4244	230	*	*	*	*	*	EU833199	*
H	4244	230	96.5	+	0	0	230M	AF397135	EU833199
L	1260	230	*	*	*	*	*	EU833203	*
H	1260	230	96.5	+	0	0	230M	AF397135	EU833203
L	7117	250	*	*	*	*	*	FJ613256	*
H	7117	250	95.6	+	0	0	D7MD12MI84MI145M	AB369939	FJ613256
L	6450	250	*	*	*	*	*	EF393622	*
H	6450	250	90.0	+	0	0	D5MD14MI6MI10M3D90M3I50M2D68M2I	AB369939	EF393622
L	2402	207	*	*	*	*	*	GU166422	*
H	2402	250	90.3	+	0	0	8D13MI87MI19M5I81M42D	AB369939	GU166422
L	4293	205	*	*	*	*	*	JN565297	*
H	4293	205	100.0	+	0	0	205M	FJ878631	JN565297
L	675	206	*	*	*	*	*	GU062212	*
H	675	205	97.6	+	0	0	108MI97M	FJ878631	GU062212
L	10417	206	*	*	*	*	*	HQ843035	*
H	10417	205	97.1	+	0	0	108MI97M	FJ878631	HQ843035
L	7090	226	*	*	*	*	*	GU062274	*
H	7090	225	98.2	+	0	0	168MI57M	FJ462747	GU062274
L	6341	226	*	*	*	*	*	AF516556	*
H	6341	225	98.2	+	0	0	168MI57M	FJ462747	AF516556
L	9494	229	*	*	*	*	*	GU067734	*
H	9494	225	95.6	+	0	0	76MI83M3I66M	FJ462747	GU067734
L	9830	227	*	*	*	*	*	GU992340	*
H	9830	222	98.2	+	0	0	151M5I71M	EU266083	GU992340
L	3641	224	*	*	*	*	*	JF800096	*
H	3641	222	97.7	+	0	0	6MI46MI77MI67MI24M2D	EU266083	JF800096
L	9828	222	*	*	*	*	*	GU992327	*
H	9828	222	94.6	+	0	0	222M	EU266083	GU992327
L	7995	182	*	*	*	*	*	EU045433	*
H	7995	179	97.8	+	0	0	2I6MI173M	EU266104	EU045433
L	10291	250	*	*	*	*	*	EF530927	*
H	10291	250	98.0	+	0	0	4I246M4D	FJ596780	EF530927
L	2898	250	*	*	*	*	*	GU234078	*
H	2898	250	92.0	+	0	0	4I184MI61M5D	FJ596780	GU234078
L	2874	250	*	*	*	*	*	HQ832446	*
H	2874	250	92.4	+	0	0	4I155MI90M5D	FJ596780	HQ832446
L	9467	172	*	*	*	*	*	FJ790837	*
H	9467	172	100.0	+	0	0	172M	FJ941882	FJ790837
L	9776	173	*	*	*	*	*	GU797380	*
H	9776	172	100.0	+	0	0	72MI100M	FJ941882	GU797380
L	2275	166	*	*	*	*	*	FJ900601	*
H	2275	172	100.0	+	0	0	6D166M	FJ941882	FJ900601
L	11520	250	*	*	*	*	*	DQ822834	*
H	11520	250	97.6	+	0	0	250M	EU186278	DQ822834
L	891	250	*	*	*	*	*	AF458454	*
H	891	250	96.8	+	0	0	81MI19MD149M	EU186278	AF458454
L	890	250	*	*	*	*	*	EU186300	*
H	890	250	94.8	+	0	0	116M6I128M6D	EU186278	EU186300
L	7238	240	*	*	*	*	*	AY884181	*
H	7238	240	100.0	+	0	0	240M	AM906059	AY884181
L	4917	231	*	*	*	*	*	AF094512	*
H	4917	240	97.0	+	0	0	8D131MD100M	AM906059	AF094512
L	699	240	*	*	*	*	*	AY884183	*
H	699	240	97.1	+	0	0	81MI31MD127M	AM906059	AY884183
L	4257	230	*	*	*	*	*	GU723407	*
H	4257	230	96.1	+	0	0	230M	EU365845	GU723407
L	2596	231	*	*	*	*	*	GU723418	*
H	2596	230	96.1	+	0	0	43MI187M	EU365845	GU723418
L	4259	232	*	*	*	*	*	JN813401	*
H	4259	230	96.1	+	0	0	43M2I187M	EU365845	JN813401
L	702	236	*	*	*	*	*	EU365854	*
H	702	236	100.0	+	0	0	236M	EU365855	EU365854
L	2790	235	*	*	*	*	*	HM538502	*
H	2790	236	95.7	+	0	0	138MD97M	EU365855	HM538502
L	2791	235	*	*	*	*	*	EU365847	*
H	2791	236	94.9	+	0	0	138MD97M	EU365855	EU365847
L	10001	231	*	*	*	*	*	EU681284	*
H	10001	236	100.0	+	0	0	5D231M	EU365860	EU681284
L	2784	235	*	*	*	*	*	HM538474	*
H	2784	236	96.2	+	0	0	168MD67M	EU365860	HM538474
L	10002	236	*	*	*	*	*	HM538470	*
H	10002	236	96.2	+	0	0	236M	EU365860	HM538470
L	10003	235	*	*	*	*	*	HM538490	*
H	10003	235	97.4	+	0	0	235M	EU365861	HM538490
L	10005	235	*	*	*	*	*	HM538548	*
H	10005	235	96.2	+	0	0	235M	EU365861	HM538548
L	2792	236	*	*	*	*	*	EU365859	*
H	2792	235	97.0	+	0	0	107MI128M	EU365861	EU365859
L	6330	250	*	*	*	*	*	AF506488	*
H	6330	250	99.6	+	0	0	250M	AF310102	AF506488
L	6316	250	*	*	*	*	*	AF506403	*
H	6316	250	99.2	+	0	0	250M	AF310102	AF506403
L	3594	250	*	*	*	*	*	AF506385	*
H	3594	250	99.2	+	0	0	250M	AF310102	AF506385
L	1829	175	*	*	*	*	*	FJ664833	*
H	1829	175	94.3	+	0	0	8M2D88MI25MI52M	EU249467	FJ664833
L	4603	250	*	*	*	*	*	AJ418742	*
H	4603	250	100.0	+	0	0	250M	EU257803	AJ418742
L	4602	250	*	*	*	*	*	AY484693	*
H	4602	250	96.8	+	0	0	2I248M2D	EU257803	AY484693
L	9797	250	*	*	*	*	*	AF161014	*
H	9797	250	95.2	+	0	0	6I244M6D	EU257803	AF161014
L	9859	231	*	*	*	*	*	GU066834	*
H	9859	184	98.4	+	0	0	47I184M	EU162052	GU066834
L	4291	230	*	*	*	*	*	AF527511	*
H	4291	184	97.8	+	0	0	47I173MD10M	EU162052	AF527511
L	4980	185	*	*	*	*	*	DQ491418	*
H	4980	184	96.2	+	0	0	63MI121M	EU162052	DQ491418
N	*	81	*	*	*	*	*	EU232219	*
L	11152	201	*	*	*	*	*	U58639	*
H	11152	203	99.5	+	0	0	2D201M	AF422970	U58639
L	5667	200	*	*	*	*	*	AB481251	*
H	5667	203	91.5	+	0	0	27MD16MD93MD64M	AF422970	AB481251
L	11151	198	*	*	*	*	*	U58638	*
H	11151	203	93.4	+	0	0	2D10MD14MD16MD158M	AF422970	U58638
L	2192	242	*	*	*	*	*	EU417874	*
H	2192	243	100.0	+	0	0	36MD206M	EU417853	EU417874
L	6889	197	*	*	*	*	*	AY245635	*
H	6889	198	99.0	+	0	0	169MD28M	FJ177450	AY245635
L	8954	186	*	*	*	*	*	DQ449649	*
H	8954	198	98.9	+	0	0	10D19MD139MD28M	FJ177450	DQ449649
L	8299	189	*	*	*	*	*	EF411232	*
H	8299	198	97.9	+	0	0	4D7M3D15MD136MD31M	FJ177450	EF411232
L	11362	250	*	*	*	*	*	UDB002431	*
H	11362	250	98.0	+	0	0	198M2I8MD42MD	AJ236065	UDB002431
L	8532	250	*	*	*	*	*	FJ717516	*
H	8532	250	91.2	+	0	0	131MI51MD14M2I38MI12M3D	AJ236065	FJ717516
L	11347	250	*	*	*	*	*	U56025	*
H	11347	250	91.2	+	0	0	131MI51MD14M2I38MI12M3D	AJ236065	U56025
L	10806	250	*	*	*	*	*	FJ231433	*
H	10806	250	100.0	+	0	0	250M	EU486158	FJ231433
L	4351	250	*	*	*	*	*	JN599149	*
H	4351	250	100.0	+	0	0	250M	EU486158	JN599149
L	4407	250	*	*	*	*	*	FJ231436	*
H	4407	250	100.0	+	0	0	250M	EU486158	FJ231436
L	6691	250	*	*	*	*	*	AM882957	*
H	6691	250	90.8	+	0	0	22MD24MI103MD43M7I13M7D36MI	AJ534933	AM882957
L	4665	212	*	*	*	*	*	AY533702	*
H	4665	219	99.1	+	0	0	201MD11M6D	EU515146	AY533702
L	8513	219	*	*	*	*	*	GQ365160	*
H	8513	219	96.3	+	0	0	219M	EU515146	GQ365160
L	11066	212	*	*	*	*	*	L14523	*
H	11066	219	94.3	+	0	0	3D26M4D186M	EU515146	L14523
L	8197	111	*	*	*	*	*	EU429519	*
H	8197	232	100.0	+	0	0	121D111M	AJ419913	EU429519
N	*	250	*	*	*	*	*	EU523562	*
H	8513	219	99.1	+	0	0	219M	EU545148	GQ365160
L	8572	217	*	*	*	*	*	EU888919	*
H	8572	219	99.1	+	0	0	52MD114MD51M	EU545148	EU888919
H	11066	219	96.2	+	0	0	3D26M4D186M	EU545148	L14523
L	5220	250	*	*	*	*	*	EF141537	*
H	5220	250	95.2	+	0	0	7I24M2D6MD37MD10MD23M2D10MD132MI	EU526007	EF141537
L	3281	250	*	*	*	*	*	HQ650733	*
H	3281	250	92.0	+	0	0	7I24M2D6MD37MD10MD23M2D10MD74MI58M	EU526007	HQ650733
L	8428	250	*	*	*	*	*	GU234147	*
H	8428	250	93.2	+	0	0	7I24M2D6MD37MD10MD23M2D10MD56MI31MI44MD	EU526007	GU234147
H	1455	211	99.0	+	0	0	3D208M	EU551179	FJ499445
H	8252	211	98.1	+	0	0	61MD149M	EU551179	EU551202
L	4361	203	*	*	*	*	*	AF484409	*
H	4361	211	98.5	+	0	0	8D203M	EU551179	AF484409
L	7430	86	*	*	*	*	*	EU254875	*
H	7430	104	97.7	+	0	0	18D86M	EU254889	EU254875
L	9080	106	*	*	*	*	*	FR667997	*
H	9080	104	93.3	+	0	0	D5M2I45M2I16MD36M	EU254889	FR667997
L	3239	86	*	*	*	*	*	EU254963	*
H	3239	104	96.5	+	0	0	18D86M	EU254889	EU254963
L	849	250	*	*	*	*	*	AF391012	*
H	849	246	94.3	+	0	0	139M16I95M12D	JN944089	AF391012
L	11026	250	*	*	*	*	*	JN944088	*
H	11026	246	92.7	+	0	0	2D135M16I99M10D	JN944089	JN944088
L	6159	236	*	*	*	*	*	AF391000	*
H	6159	246	91.5	+	0	0	119M6D14MD44MD42M2D17M	JN944089	AF391000
L	813	222	*	*	*	*	*	AF410821	*
H	813	222	98.2	+	0	0	222M	AF410820	AF410821
L	6187	223	*	*	*	*	*	AF410822	*
H	6187	222	97.7	+	0	0	D65MI99MI57M	AF410820	AF410822
L	9196	250	*	*	*	*	*	FN598959	*
H	9196	193	92.7	+	0	0	2I156M61I9M2D22M4D	DQ914740	FN598959
L	1233	203	*	*	*	*	*	EF121861	*
H	1233	193	90.7	+	0	0	10I193M	DQ914740	EF121861
N	*	250	*	*	*	*	*	EU484271	*
L	4113	240	*	*	*	*	*	AJ309343	*
H	4113	241	99.2	+	0	0	165MD75M	AJ309341	AJ309343
L	4112	239	*	*	*	*	*	JN019381	*
H	4112	241	95.0	+	0	0	31MD96MI37MD47MD27M	AJ309341	JN019381
L	1210	239	*	*	*	*	*	AF368803	*
H	1210	241	94.1	+	0	0	31MD96MI37MD47MD27M	AJ309341	AF368803
L	5156	192	*	*	*	*	*	AJ309351	*
H	5156	194	90.1	+	0	0	40MI22M2I25M5D102M	AJ309352	AJ309351
L	5157	158	*	*	*	*	*	AB027376	*
H	5157	163	91.1	+	0	0	27MI49M6D36M2D19M2I24M	AJ309364	AB027376
H	5157	161	92.4	+	0	0	27MI34M2D15M4D57M2I22M	AJ309366	AB027376
L	1278	208	*	*	*	*	*	FJ205468	*
H	1278	208	100.0	+	0	0	208M	AJ309350	FJ205468
L	8664	216	*	*	*	*	*	FJ205469	*
H	8664	208	94.2	+	0	0	7I19MI54MD85MI49M	AJ309350	FJ205469
L	6830	212	*	*	*	*	*	EU100011	*
H	6830	208	93.8	+	0	0	3I19MI54MD85MI49M	AJ309350	EU100011
L	1068	141	*	*	*	*	*	EU837230	*
H	1068	146	92.9	+	0	0	15M4D16MD110M	EU669373	EU837230
L	691	143	*	*	*	*	*	AM085519	*
H	691	146	90.2	+	0	0	D8M2D135M	EU669373	AM085519
L	11310	141	*	*	*	*	*	EU784400	*
H	11310	146	92.2	+	0	0	15M4D16MD110M	EU669373	EU784400
L	5804	250	*	*	*	*	*	AF062933	*
H	5804	250	95.6	+	0	0	94M3I43M2I108M5D	AF062936	AF062933
L	9319	250	*	*	*	*	*	EU784397	*
H	9319	250	94.0	+	0	0	2D4MD9MD16MD7MD98M2I110M4I	AF062936	EU784397
L	337	194	*	*	*	*	*	AF228650	*
H	337	155	98.1	+	0	0	39I155M	FM213365	AF228650
L	11291	193	*	*	*	*	*	EF493273	*
H	11291	155	96.1	+	0	0	36I57M2I98M	FM213365	EF493273
L	1565	186	*	*	*	*	*	FJ602999	*
H	1565	186	100.0	+	0	0	186M	FJ602965	FJ602999
L	4539	186	*	*	*	*	*	GQ505465	*
H	4539	186	99.5	+	0	0	186M	FJ602965	GQ505465
L	4221	186	*	*	*	*	*	EU255794	*
H	4221	186	99.5	+	0	0	186M	FJ602965	EU255794
L	1416	211	*	*	*	*	*	GQ340556	*
H	1416	211	100.0	+	0	0	211M	EU128596	GQ340556
L	10247	210	*	*	*	*	*	FJ623267	*
H	10247	211	99.0	+	0	0	12MD198M	EU128596	FJ623267
H	4361	211	98.0	+	0	0	8D203M	EU128596	AF484409
L	877	210	*	*	*	*	*	EU639638	*
H	877	212	96.2	+	0	0	37M3D64MI108M	EU639637	EU639638
L	10069	211	*	*	*	*	*	EU639634	*
H	10069	212	95.3	+	0	0	41MD170M	EU639637	EU639634
L	10068	213	*	*	*	*	*	EU639639	*
H	10068	212	91.5	+	0	0	35M2D156M3I19M	EU639637	EU639639
N	*	250	*	*	*	*	*	EU014056	*
L	4614	194	*	*	*	*	*	AF122028	*
H	4614	192	99.5	+	0	0	68MI16MI108M	EU592033	AF122028
L	9630	153	*	*	*	*	*	GU246280	*
H	9630	192	98.7	+	0	0	41D26MI17MI108M	EU592033	GU246280
L	6502	153	*	*	*	*	*	GU246283	*
H	6502	192	98.7	+	0	0	41D26MI17MI108M	EU592033	GU246283
L	3517	200	*	*	*	*	*	GQ220708	*
H	3517	200	100.0	+	0	0	200M	EU520187	GQ220708
L	10795	200	*	*	*	*	*	FJ827038	*
H	10795	200	100.0	+	0	0	200M	EU520187	FJ827038
L	6612	200	*	*	*	*	*	AM159636	*
H	6612	200	100.0	+	0	0	200M	EU520187	AM159636
L	3094	248	*	*	*	*	*	GU981735	*
H	3094	139	97.8	+	0	0	109I139M	FJ438386	GU981735
L	5348	250	*	*	*	*	*	EU424302	*
H	5348	250	96.4	+	0	0	67MD182MI	EU424303	EU424302
L	7299	172	*	*	*	*	*	D49799	*
H	7299	250	94.2	+	0	0	60D7MD85M4I27MD38MD11M19D	EU424303	D49799
L	920	222	*	*	*	*	*	AF350027	*
H	920	221	98.2	+	0	0	194MI27M	AF350033	AF350027
L	2220	220	*	*	*	*	*	AY114359	*
H	2220	221	98.2	+	0	0	194MD26M	AF350033	AY114359
L	6086	221	*	*	*	*	*	AF350029	*
H	6086	221	96.4	+	0	0	221M	AF350033	AF350029
L	1169	250	*	*	*	*	*	FJ008986	*
H	1169	250	97.6	+	0	0	12MD237MI	FJ848859	FJ008986
L	5951	250	*	*	*	*	*	EF488415	*
H	5951	250	96.0	+	0	0	250M	FJ848859	EF488415
L	8426	183	*	*	*	*	*	FJ515705	*
H	8426	185	100.0	+	0	0	2D183M	FJ515724	FJ515705
L	2821	186	*	*	*	*	*	HM012878	*
H	2821	185	96.2	+	0	0	106MI79M	FJ515724	HM012878
L	414	184	*	*	*	*	*	EU707858	*
H	414	185	94.6	+	0	0	70MD114M	FJ515724	EU707858
L	957	149	*	*	*	*	*	EU520144	*
H	957	146	97.3	+	0	0	26M2I19MI101M	EU520134	EU520144
L	1621	138	*	*	*	*	*	FM878001	*
H	1621	146	99.3	+	0	0	62M4D42M4D34M	EU520134	FM878001
L	2863	146	*	*	*	*	*	AM237456	*
H	2863	146	97.3	+	0	0	146M	EU520134	AM237456
L	3364	235	*	*	*	*	*	FJ501577	*
H	3364	98	98.0	+	0	0	137I98M	EU520137	FJ501577
L	6313	236	*	*	*	*	*	FJ379263	*
H	6313	98	98.0	+	0	0	138I98M	EU520137	FJ379263
L	2606	236	*	*	*	*	*	EU021460	*
H	2606	98	95.9	+	0	0	138I98M	EU520137	EU021460
L	1164	119	*	*	*	*	*	FJ545392	*
H	1164	119	95.0	+	0	0	119M	EU520172	FJ545392
L	1580	120	*	*	*	*	*	FJ418216	*
H	1580	119	95.0	+	0	0	50MI69M	EU520172	FJ418216
L	3097	120	*	*	*	*	*	HQ384388	*
H	3097	119	95.0	+	0	0	50MI69M	EU520172	HQ384388
L	180	243	*	*	*	*	*	FJ459970	*
H	180	244	98.4	+	0	0	25MD218M	FJ515002	FJ459970
L	8322	243	*	*	*	*	*	EU622277	*
H	8322	244	96.3	+	0	0	25MD218M	FJ515002	EU622277
L	8261	236	*	*	*	*	*	EU552121	*
H	8261	244	91.1	+	0	0	25MD75MD14M3D26M2D45MD51M	FJ515002	EU552121
L	1718	199	*	*	*	*	*	EU863522	*
H	1718	203	92.5	+	0	0	22M2D68MD9MD100M	EU520226	EU863522
L	8035	199	*	*	*	*	*	EU045552	*
H	8035	203	92.0	+	0	0	22M2D68MD9MD100M	EU520226	EU045552
L	7141	250	*	*	*	*	*	AY683172	*
H	7141	250	95.2	+	0	0	250M	EU520255	AY683172
L	11104	250	*	*	*	*	*	U33087	*
H	11104	250	92.8	+	0	0	2D18MD182M3D44M6I	EU520255	U33087
L	11103	250	*	*	*	*	*	U33086	*
H	11103	250	90.0	+	0	0	78MD64M2I30MI29MD46MD	EU520255	U33086
L	9022	143	*	*	*	*	*	FJ899616	*
H	9022	137	96.4	+	0	0	60M4I41M3I12MD23M	FM878024	FJ899616
L	1111	143	*	*	*	*	*	EU259196	*
H	1111	137	92.0	+	0	0	59M3I42M3I36M	FM878024	EU259196
L	1454	135	*	*	*	*	*	FM163228	*
H	1454	137	92.6	+	0	0	23M4D33M3I43M3I10M4D20M	FM878024	FM163228
L	2035	250	*	*	*	*	*	GQ397989	*
H	2035	250	98.0	+	0	0	4I246M4D	EU623771	GQ397989
L	995	177	*	*	*	*	*	EU552139	*
H	995	182	98.9	+	0	0	113M5D64M	EU552140	EU552139
L	8298	191	*	*	*	*	*	EU573317	*
H	8298	159	95.6	+	0	0	32I159M	EU573322	EU573317
L	11645	197	*	*	*	*	*	GU189519	*
H	11645	159	93.1	+	0	0	38I159M	EU573322	GU189519
H	4533	159	93.1	+	0	0	34I159M	EU573322	EU886742
L	5117	98	*	*	*	*	*	AF073358	*
H	5117	97	100.0	+	0	0	53MI44M	AB329690	AF073358
N	*	250	*	*	*	*	*	HQ604512	*
L	9101	115	*	*	*	*	*	FM876833	*
H	9101	118	95.7	+	0	0	41M5D36MI12MI24M	AM947674	FM876833
L	9175	117	*	*	*	*	*	FN547612	*
H	9175	118	94.0	+	0	0	40M3D25MI9MI41M	AM947674	FN547612
L	3386	117	*	*	*	*	*	FN825912	*
H	3386	118	94.0	+	0	0	40M3D25MI9MI41M	AM947674	FN825912
H	691	141	97.9	+	0	0	I30MI111M	EU669324	AM085519
L	692	140	*	*	*	*	*	AM085525	*
H	692	141	95.7	+	0	0	I29M2D110M	EU669324	AM085525
H	1068	141	94.3	+	0	0	2I29M2D110M	EU669324	EU837230
N	*	155	*	*	*	*	*	EU669383	*
L	1228	149	*	*	*	*	*	AY591353	*
H	1228	149	99.3	+	0	0	149M	FN561807	AY591353
L	9151	149	*	*	*	*	*	AY591352	*
H	9151	149	99.3	+	0	0	149M	FN561807	AY591352
L	10895	145	*	*	*	*	*	FJ545224	*
H	10895	149	99.3	+	0	0	3D82MD63M	FN561807	FJ545224
L	6791	199	*	*	*	*	*	AY144553	*
H	6791	202	98.0	+	0	0	88M3D111M	EU819412	AY144553
L	6792	197	*	*	*	*	*	AY144560	*
H	6792	202	95.9	+	0	0	90M5D107M	EU819412	AY144560
L	6790	200	*	*	*	*	*	GU222296	*
H	6790	202	94.5	+	0	0	90M4D58MI22MI28M	EU819412	GU222296
L	4130	220	*	*	*	*	*	FJ845433	*
H	4130	222	98.6	+	0	0	121M2D99M	EU819421	FJ845433
L	2559	221	*	*	*	*	*	AY061696	*
H	2559	222	96.8	+	0	0	125M2D27MI68M	EU819421	AY061696
L	11447	223	*	*	*	*	*	HQ604852	*
H	11447	222	95.5	+	0	0	98MI23MD58MI42M	EU819421	HQ604852
L	9054	250	*	*	*	*	*	HQ604830	*
H	9054	244	96.3	+	0	0	6I87MD13MI143M	EU598185	HQ604830
L	1533	250	*	*	*	*	*	AY061706	*
H	1533	244	95.9	+	0	0	6I84MD16MI143M	EU598185	AY061706
L	9637	250	*	*	*	*	*	GU222264	*
H	9637	244	95.9	+	0	0	6I84MD16MI143M	EU598185	GU222264
L	11315	237	*	*	*	*	*	JQ888213	*
H	11315	238	97.9	+	0	0	56MD181M	EU819501	JQ888213
L	8334	235	*	*	*	*	*	EU819523	*
H	8334	238	93.2	+	0	0	56MD104M2D75M	EU819501	EU819523
L	11373	234	*	*	*	*	*	UDB003294	*
H	11373	238	93.6	+	0	0	2D11MD41MD85M2I20M2D75M	EU819501	UDB003294
N	*	206	*	*	*	*	*	EU819537	*
L	7316	243	*	*	*	*	*	GQ215695	*
H	7316	244	97.9	+	0	0	D243M	EU863218	GQ215695
L	10632	245	*	*	*	*	*	JF775507	*
H	10632	244	95.9	+	0	0	8MI236M	EU863218	JF775507
L	10861	211	*	*	*	*	*	JN241553	*
H	10861	244	96.2	+	0	0	31D211M2D	EU863218	JN241553
L	8574	223	*	*	*	*	*	EU913698	*
H	8574	211	94.8	+	0	0	D15MD75M12I12MI37MI70M	EU913701	EU913698
L	8575	214	*	*	*	*	*	EU913713	*
H	8575	211	90.0	+	0	0	5D75MI19M7I20MI71MD20M	EU913701	EU913713
L	8577	233	*	*	*	*	*	EU913722	*
H	8577	211	93.8	+	0	0	D9MI23MI47MI11M15I14M5I14MI71MD20M	EU913701	EU913722
L	1122	234	*	*	*	*	*	GQ250404	*
H	1122	128	95.3	+	0	0	6D122M112I	EU909445	GQ250404
L	1364	243	*	*	*	*	*	FJ375332	*
H	1364	128	98.4	+	0	0	4I128M111I	EU909445	FJ375332
L	11281	246	*	*	*	*	*	FJ755188	*
H	11281	128	98.4	+	0	0	4I91M2I37M112I	EU909445	FJ755188
L	2350	225	*	*	*	*	*	EU681349	*
H	2350	225	99.6	+	0	0	225M	EU681350	EU681349
L	6621	224	*	*	*	*	*	EU681351	*
H	6621	225	95.1	+	0	0	62MI67M2D94M	EU681350	EU681351
L	8623	250	*	*	*	*	*	FJ039703	*
H	8623	250	100.0	+	0	0	250M	FJ157143	FJ039703
L	3903	250	*	*	*	*	*	JF907876	*
H	3903	250	95.2	+	0	0	D128M3I119M2D	FJ157143	JF907876
L	9579	250	*	*	*	*	*	GU222321	*
H	9579	250	94.4	+	0	0	29MD105M5D110M6I	FJ157143	GU222321
L	8388	139	*	*	*	*	*	EU673082	*
H	8388	139	97.8	+	0	0	139M	AF410474	EU673082
L	5776	136	*	*	*	*	*	AF042402	*
H	5776	139	95.6	+	0	0	3D136M	AF410474	AF042402
L	7139	213	*	*	*	*	*	AY681204	*
H	7139	208	99.0	+	0	0	116M4I58MI34M	EU715604	AY681204
L	10883	207	*	*	*	*	*	JN564004	*
H	10883	208	94.2	+	0	0	36MI75MD4MD91M	EU715604	JN564004
H	3336	208	90.9	+	0	0	D83M3D22M8D19M2I14MD57M	EU715604	AY303604
L	4062	220	*	*	*	*	*	AY061734	*
H	4062	93	100.0	+	0	0	127I93M	AY534210	AY061734
L	11367	212	*	*	*	*	*	AF540385	*
H	11367	93	100.0	+	0	0	119I93M	AY534210	AF540385
H	4130	93	96.8	+	0	0	127I93M	AY534210	FJ845433
L	5299	250	*	*	*	*	*	AJ438981	*
H	5299	250	97.2	+	0	0	172M2D76M2I	FJ039604	AJ438981
L	7544	250	*	*	*	*	*	FJ157034	*
H	7544	250	97.6	+	0	0	162MI12MD75M	FJ039604	FJ157034
L	3530	250	*	*	*	*	*	HQ845174	*
H	3530	250	96.4	+	0	0	24MI57M2I166M3D	FJ039604	HQ845174
L	1244	218	*	*	*	*	*	FJ157120	*
H	1244	218	100.0	+	0	0	218M	FJ157127	FJ157120
L	8531	220	*	*	*	*	*	FJ157137	*
H	8531	218	99.1	+	0	0	122MI47MI49M	FJ157127	FJ157137
L	11278	219	*	*	*	*	*	AY669594	*
H	11278	218	98.6	+	0	0	169MI49M	FJ157127	AY669594
L	11288	250	*	*	*	*	*	UDB001180	*
H	11288	250	98.8	+	0	0	2I6MI241M3D	UDB011790	UDB001180
L	5087	200	*	*	*	*	*	AY669694	*
H	5087	201	93.0	+	0	0	138M2D28MI33M	FJ039672	AY669694
L	1956	200	*	*	*	*	*	FJ157122	*
H	1956	201	93.0	+	0	0	138M2D28MI33M	FJ039672	FJ157122
L	11297	204	*	*	*	*	*	DQ139989	*
H	11297	201	91.5	+	0	0	140MD23M4I37M	FJ039672	DQ139989
L	1265	136	*	*	*	*	*	FJ172293	*
H	1265	140	99.3	+	0	0	78MD12MD9M2D37M	FJ172292	FJ172293
L	4099	130	*	*	*	*	*	U68330	*
H	4099	140	91.5	+	0	0	8M4D25M2D39MD12MD9M2D37M	FJ172292	U68330
L	4098	129	*	*	*	*	*	U68332	*
H	4098	140	90.7	+	0	0	11M5D17M2D43MD12MD9M2D37M	FJ172292	U68332
L	9423	183	*	*	*	*	*	EF152433	*
H	9423	175	100.0	+	0	0	8I175M	GU074010	EF152433
L	9338	183	*	*	*	*	*	EU151490	*
H	9338	175	100.0	+	0	0	8I175M	GU074010	EU151490
L	5624	183	*	*	*	*	*	FJ466709	*
H	5624	175	100.0	+	0	0	8I175M	GU074010	FJ466709
L	5021	250	*	*	*	*	*	AH008979	*
H	5021	250	92.4	+	0	0	8MI17MI135MD39M4D46M3I	EU784183	AH008979
N	*	223	*	*	*	*	*	EU784244	*
L	8472	185	*	*	*	*	*	EU784255	*
H	8472	184	96.7	+	0	0	170MI14M	EU784254	EU784255
L	4922	176	*	*	*	*	*	AY789304	*
H	4922	180	91.5	+	0	0	32MD13MI25MD21M2D30M2D12MD14M2I26M	EU784257	AY789304
L	10145	182	*	*	*	*	*	HQ222872	*
H	10145	180	90.6	+	0	0	35M2I39M3D15MI26MD35M3I26M	EU784257	HQ222872
H	8472	180	91.1	+	0	0	35M2I60MD34MI22M3I28M	EU784257	EU784255
L	9916	250	*	*	*	*	*	GQ215699	*
H	9916	250	99.2	+	0	0	250M	GQ140240	GQ215699
L	1900	250	*	*	*	*	*	GQ149465	*
H	1900	250	92.0	+	0	0	250M	GQ140240	GQ149465
N	*	219	*	*	*	*	*	EU784311	*
N	*	242	*	*	*	*	*	EU784320	*
L	8850	205	*	*	*	*	*	FJ596923	*
H	8850	229	92.7	+	0	0	4D43M9D8MD26MD28M6D23M3D77M	EU784332	FJ596923
L	6521	250	*	*	*	*	*	AJ555532	*
H	6521	250	95.2	+	0	0	10D32M2I79MD128M9I	EU784370	AJ555532
L	9020	250	*	*	*	*	*	AJ555529	*
H	9020	250	94.0	+	0	0	10D112MD127M11I	EU784370	AJ555529
N	*	250	*	*	*	*	*	EU784432	*
L	4025	212	*	*	*	*	*	GQ139521	*
H	4025	212	97.2	+	0	0	212M	FJ228187	GQ139521
L	8226	212	*	*	*	*	*	EU520104	*
H	8226	212	95.8	+	0	0	212M	FJ228187	EU520104
L	10756	212	*	*	*	*	*	GU062205	*
H	10756	212	97.2	+	0	0	212M	FJ228187	GU062205
N	*	144	*	*	*	*	*	FJ238111	*
L	11086	220	*	*	*	*	*	M13906	*
H	11086	226	100.0	+	0	0	104MD27M4D36MD53M	GU327635	M13906
L	8454	224	*	*	*	*	*	EU741055	*
H	8454	226	98.7	+	0	0	2D224M	GU327635	EU741055
L	10776	223	*	*	*	*	*	AY681189	*
H	10776	226	99.1	+	0	0	91MD12M2D120M	GU327635	AY681189
L	7883	199	*	*	*	*	*	AY669683	*
H	7883	195	97.4	+	0	0	8I126MD40M3D25M	UDB001146	AY669683
L	11353	199	*	*	*	*	*	U56032	*
H	11353	195	96.9	+	0	0	8I120MI8M2D37M3D25M	UDB001146	U56032
L	2889	199	*	*	*	*	*	GU234032	*
H	2889	195	96.4	+	0	0	8I126MD40M3D25M	UDB001146	GU234032
L	9097	156	*	*	*	*	*	AJ890366	*
H	9097	155	98.7	+	0	0	66MD17MI21MI50M	FM876795	AJ890366
L	6532	140	*	*	*	*	*	FN423686	*
H	6532	155	97.9	+	0	0	23MI42M2D17MD12M2D16M11D29M	FM876795	FN423686
L	11619	147	*	*	*	*	*	EF989113	*
H	11619	155	96.6	+	0	0	23MD20MD16M2D31M3D26MD31M	FM876795	EF989113
L	9485	235	*	*	*	*	*	FJ610306	*
H	9485	235	98.7	+	0	0	235M	AY865630	FJ610306
L	2706	238	*	*	*	*	*	GU046495	*
H	2706	235	97.0	+	0	0	175MI42M2I18M	AY865630	GU046495
L	2355	236	*	*	*	*	*	FJ442276	*
H	2355	235	97.4	+	0	0	162MI73M	AY865630	FJ442276
L	4741	179	*	*	*	*	*	AY558750	*
H	4741	250	95.0	+	0	0	69D27MD54MD70MD10M2D15M3I	AF377057	AY558750
L	7604	250	*	*	*	*	*	GQ852837	*
H	7604	250	94.8	+	0	0	36M2I212M2D	AY045519	GQ852837
L	2330	250	*	*	*	*	*	DQ787326	*
H	2330	250	94.8	+	0	0	36M2I212M2D	AY045519	DQ787326
N	*	232	*	*	*	*	*	FJ441033	*
L	1448	245	*	*	*	*	*	EU862220	*
H	1448	245	99.2	+	0	0	I79MD165M	EU862218	EU862220
L	1070	246	*	*	*	*	*	EU819415	*
H	1070	245	94.7	+	0	0	I26MI53MD97MD46MI21M	EU862218	EU819415
L	3895	144	*	*	*	*	*	FM163217	*
H	3895	143	95.1	+	0	0	25MI118M	FM163194	FM163217
L	9066	143	*	*	*	*	*	FM163205	*
H	9066	143	95.1	+	0	0	143M	FM163194	FM163205
L	9067	142	*	*	*	*	*	FM163215	*
H	9067	143	96.5	+	0	0	25M2D20MI96M	FM163194	FM163215
L	4383	189	*	*	*	*	*	JN565298	*
H	4383	189	99.5	+	0	0	189M	GU248327	JN565298
L	1958	191	*	*	*	*	*	EU715605	*
H	1958	189	97.4	+	0	0	32M2I157M	GU248327	EU715605
L	1960	189	*	*	*	*	*	GQ249947	*
H	1960	189	97.9	+	0	0	189M	GU248327	GQ249947
L	9807	215	*	*	*	*	*	GQ415342	*
H	9807	215	100.0	+	0	0	215M	GQ865693	GQ415342
L	9806	214	*	*	*	*	*	GQ870285	*
H	9806	215	99.5	+	0	0	117MD97M	GQ865693	GQ870285
L	10214	209	*	*	*	*	*	EF585509	*
H	10214	215	100.0	+	0	0	6D209M	GQ865693	EF585509
H	1122	250	94.4	+	0	0	10D19MD44M2D6MI48MD14M6D99M3I	FJ176718	GQ250404
H	11281	250	92.3	+	0	0	29MD44M2D6MI15M2I33MD14M6D99M3I	FJ176718	FJ755188
L	7848	245	*	*	*	*	*	FJ176730	*
H	7848	250	92.2	+	0	0	29MD25MI17M2D8MI45MD17M2D9M4D90M3I	FJ176718	FJ176730
N	*	216	*	*	*	*	*	FJ176722	*
L	1474	207	*	*	*	*	*	FJ479632	*
H	1474	207	100.0	+	0	0	207M	FJ479631	FJ479632
L	598	208	*	*	*	*	*	EU010254	*
H	598	207	92.3	+	0	0	186MI21M	FJ479631	EU010254
L	10547	189	*	*	*	*	*	HQ897818	*
H	10547	189	96.3	+	0	0	141MI13MD34M	EU860077	HQ897818
L	1232	190	*	*	*	*	*	FN868469	*
H	1232	189	95.8	+	0	0	74MI115M	EU860077	FN868469
L	3572	189	*	*	*	*	*	FJ474073	*
H	3572	189	94.2	+	0	0	189M	EU860077	FJ474073
L	3735	200	*	*	*	*	*	FN539055	*
H	3735	188	98.4	+	0	0	107M12I81M	FJ481021	FN539055
L	9470	188	*	*	*	*	*	HM046908	*
H	9470	188	96.8	+	0	0	188M	FJ481021	HM046908
N	*	250	*	*	*	*	*	FJ481045	*
L	10504	240	*	*	*	*	*	JF417476	*
H	10504	233	95.3	+	0	0	36M4I14MD16MD34M5I131M	FJ548826	JF417476
L	7962	232	*	*	*	*	*	FJ389923	*
H	7962	233	92.2	+	0	0	8D28M4I14MD16MD34M5I131M	FJ548826	FJ389923
L	10505	233	*	*	*	*	*	GU966523	*
H	10505	233	90.1	+	0	0	36M4I14MD16MD163M2D	FJ548826	GU966523
N	*	202	*	*	*	*	*	FJ897712	*
L	3044	250	*	*	*	*	*	FJ609268	*
H	3044	250	99.2	+	0	0	250M	FJ609264	FJ609268
L	1586	250	*	*	*	*	*	AB378741	*
H	1586	250	98.0	+	0	0	250M	AB378736	AB378741
L	4078	250	*	*	*	*	*	AB091776	*
H	4078	250	92.4	+	0	0	15MI50MD114MD19M2I49MD	AB378736	AB091776
L	1585	250	*	*	*	*	*	AB378748	*
H	1585	250	92.8	+	0	0	65MD184MI	AB378736	AB378748
L	8593	206	*	*	*	*	*	FJ884148	*
H	8593	194	90.2	+	0	0	9I84M2I76MI34M	FJ009526	FJ884148
L	8757	207	*	*	*	*	*	FJ441631	*
H	8757	194	90.2	+	0	0	10I84M2I76MI34M	FJ009526	FJ441631
L	5856	210	*	*	*	*	*	FJ545234	*
H	5856	194	90.2	+	0	0	6I23MD57M4I14M4I16MI27MI23MI33M	FJ009526	FJ545234
L	9078	222	*	*	*	*	*	EU520183	*
H	9078	223	91.0	+	0	0	14MI23MD118MD66M	FJ623271	EU520183
L	5215	224	*	*	*	*	*	FJ605260	*
H	5215	223	92.4	+	0	0	14MI23MD157MI28M	FJ623271	FJ605260
L	5059	217	*	*	*	*	*	GQ922523	*
H	5059	223	92.2	+	0	0	5D8M2I24MD31M2D152M	FJ623271	GQ922523
L	2959	250	*	*	*	*	*	FJ481034	*
H	2959	250	95.6	+	0	0	4I246M4D	FJ596777	FJ481034
L	8716	250	*	*	*	*	*	FJ430717	*
H	8716	250	95.6	+	0	0	4I246M4D	FJ596777	FJ430717
L	2827	250	*	*	*	*	*	FJ481020	*
H	2827	250	95.2	+	0	0	4I246M4D	FJ596777	FJ481020
L	10118	194	*	*	*	*	*	HQ185703	*
H	10118	190	100.0	+	0	0	4I190M	FJ596839	HQ185703
L	10764	217	*	*	*	*	*	FJ878673	*
H	10764	217	100.0	+	0	0	217M	FJ654480	FJ878673
L	9530	217	*	*	*	*	*	GU183169	*
H	9530	217	100.0	+	0	0	217M	FJ654480	GU183169
L	7359	217	*	*	*	*	*	DQ155287	*
H	7359	217	100.0	+	0	0	217M	FJ654480	DQ155287
L	6807	250	*	*	*	*	*	EU784164	*
H	6807	250	96.4	+	0	0	I5MD13MD44MI32MD153MI	FJ711635	EU784164
L	1654	250	*	*	*	*	*	FJ501582	*
H	1654	250	94.8	+	0	0	3I62MI34MD150M3D	FJ711635	FJ501582
L	1298	250	*	*	*	*	*	EU784176	*
H	1298	250	92.0	+	0	0	3I5MD51MD38MD80MI72MD	FJ711635	EU784176
L	4700	222	*	*	*	*	*	AB158634	*
H	4700	117	94.0	+	0	0	102I16M2I19MI82M	AJ519795	AB158634
L	4960	230	*	*	*	*	*	DQ001401	*
H	4960	117	94.0	+	0	0	110I16M2I19MI82M	AJ519795	DQ001401
L	6782	229	*	*	*	*	*	AY129374	*
H	6782	117	90.6	+	0	0	109I9M2I12M2I14MI80M2D	AJ519795	AY129374
L	2196	228	*	*	*	*	*	GU171370	*
H	2196	227	94.3	+	0	0	100MI24M2D37MI9MI55M	EU977545	GU171370
L	11117	227	*	*	*	*	*	U51955	*
H	11117	227	92.5	+	0	0	124M2D37MI8MI56M	EU977545	U51955
L	2542	233	*	*	*	*	*	EU977538	*
H	2542	227	93.0	+	0	0	21MI20M2I15MI64M2D29MI24M2I15MI37M	EU977545	EU977538
L	5573	187	*	*	*	*	*	AB245117	*
H	5573	189	92.0	+	0	0	16MD99MI43M2D28M	AY124095	AB245117
L	1705	168	*	*	*	*	*	FJ861967	*
H	1705	168	99.4	+	0	0	168M	FJ861965	FJ861967
L	2363	168	*	*	*	*	*	FJ861966	*
H	2363	168	98.8	+	0	0	168M	FJ861965	FJ861966
L	9711	168	*	*	*	*	*	GU367902	*
H	9711	168	98.2	+	0	0	168M	FJ861965	GU367902
L	2259	163	*	*	*	*	*	FJ861986	*
H	2259	163	100.0	+	0	0	163M	FJ861985	FJ861986
L	2256	163	*	*	*	*	*	GU138713	*
H	2256	163	100.0	+	0	0	163M	FJ861985	GU138713
L	1946	163	*	*	*	*	*	AB511817	*
H	1946	163	99.4	+	0	0	163M	FJ861985	AB511817
L	1709	166	*	*	*	*	*	FJ861984	*
H	1709	162	93.2	+	0	0	28M3I58MI76M	FJ861987	FJ861984
H	2256	162	94.4	+	0	0	86MI76M	FJ861987	GU138713
H	2259	162	94.4	+	0	0	86MI76M	FJ861987	FJ861986
L	4154	249	*	*	*	*	*	HQ201351	*
H	4154	138	100.0	+	0	0	111I138M	FJ601813	HQ201351
L	9033	250	*	*	*	*	*	FJ904175	*
H	9033	138	94.2	+	0	0	114I85MD51MD	FJ601813	FJ904175
L	1720	195	*	*	*	*	*	EF202594	*
H	1720	195	100.0	+	0	0	195M	EF202593	EF202594
L	6752	250	*	*	*	*	*	AY061736	*
H	6752	244	98.8	+	0	0	6I244M	EU598186	AY061736
L	9717	249	*	*	*	*	*	GU371295	*
H	9717	244	95.9	+	0	0	6I206MD37M	EU598186	GU371295
L	2796	239	*	*	*	*	*	GU371297	*
H	2796	244	96.2	+	0	0	4D202MD37M	EU598186	GU371297
L	9019	250	*	*	*	*	*	HM209796	*
H	9019	250	100.0	+	0	0	250M	JF908116	HM209796
N	*	81	*	*	*	*	*	AY293949	*
L	1754	250	*	*	*	*	*	U66450	*
H	1754	250	92.0	+	0	0	158M3D56M5I31M2D	U66451	U66450
L	7195	234	*	*	*	*	*	AY773465	*
H	7195	237	91.9	+	0	0	71M2D115MD48M	FJ380941	AY773465
L	5031	235	*	*	*	*	*	AY773446	*
H	5031	237	92.3	+	0	0	71M2D34MI79MD50M	FJ380941	AY773446
L	4966	218	*	*	*	*	*	AY965755	*
H	4966	205	90.2	+	0	0	100M11I50MI13MI42M	FJ380944	AY965755
L	11122	201	*	*	*	*	*	U51963	*
H	11122	205	91.0	+	0	0	71MI31M3D32MD66MD	FJ380944	U51963
L	9792	191	*	*	*	*	*	GU827328	*
H	9792	189	93.7	+	0	0	85MI14MI90M	FJ871071	GU827328
L	9787	189	*	*	*	*	*	GU827320	*
H	9787	189	93.7	+	0	0	189M	FJ871071	GU827320
L	1781	189	*	*	*	*	*	FJ871076	*
H	1781	189	94.7	+	0	0	189M	FJ871071	FJ871076
L	1788	191	*	*	*	*	*	FJ871090	*
H	1788	191	97.9	+	0	0	191M	FJ871078	FJ871090
L	2737	190	*	*	*	*	*	GU827309	*
H	2737	191	95.3	+	0	0	132MD58M	FJ871078	GU827309
L	2740	190	*	*	*	*	*	GU827332	*
H	2740	191	94.2	+	0	0	132MD58M	FJ871078	GU827332
L	7815	240	*	*	*	*	*	UDB003354	*
H	7815	237	93.2	+	0	0	52M3I185M	UDB000775	UDB003354
L	11178	239	*	*	*	*	*	U83484	*
H	11178	237	93.7	+	0	0	56M3I76MD104M	UDB000775	U83484
L	2200	233	*	*	*	*	*	EU427323	*
H	2200	237	90.6	+	0	0	29MD25MD74M2D105M	UDB000775	EU427323
N	*	250	*	*	*	*	*	FJ906815	*
L	3974	226	*	*	*	*	*	JF908641	*
H	3974	224	96.4	+	0	0	81MI18MI125M	AF418625	JF908641
L	3975	225	*	*	*	*	*	AF418624	*
H	3975	224	92.0	+	0	0	56MD74M2I93M	AF418625	AF418624
L	8749	226	*	*	*	*	*	DQ367914	*
H	8749	224	94.6	+	0	0	31MI21MD69MI15MI87M	AF418625	DQ367914
L	11206	227	*	*	*	*	*	UDB000302	*
H	11206	227	100.0	+	0	0	227M	AF418627	UDB000302
L	11196	227	*	*	*	*	*	UDB000010	*
H	11196	227	95.6	+	0	0	53MI49MI32MD23MD68M	AF418627	UDB000010
L	9198	227	*	*	*	*	*	AY061710	*
H	9198	227	95.6	+	0	0	53MI49MI32MD23MD68M	AF418627	AY061710
L	4664	217	*	*	*	*	*	AY533697	*
H	4664	217	94.5	+	0	0	217M	FJ872071	AY533697
L	6972	218	*	*	*	*	*	AY373919	*
H	6972	217	95.9	+	0	0	35MI182M	FJ872071	AY373919
L	8659	218	*	*	*	*	*	FJ197220	*
H	8659	217	95.9	+	0	0	35MI182M	FJ872071	FJ197220
L	1821	230	*	*	*	*	*	FJ411097	*
H	1821	227	94.3	+	0	0	163MI6M2I58M	FJ411096	FJ411097
L	3119	224	*	*	*	*	*	HQ654103	*
H	3119	227	93.8	+	0	0	2D7M2D137MI79M	FJ411096	HQ654103
L	3247	230	*	*	*	*	*	FJ411098	*
H	3247	227	91.6	+	0	0	144MI25M2I58M	FJ411096	FJ411098
N	*	250	*	*	*	*	*	GQ141550	*
N	*	250	*	*	*	*	*	FJ770400	*
L	2408	250	*	*	*	*	*	GU373520	*
H	2408	250	99.2	+	0	0	16MI138M2D94MI	AM882951	GU373520
L	8735	214	*	*	*	*	*	FJ431248	*
H	8735	213	92.5	+	0	0	99MI89MI24MD	FJ431268	FJ431248
L	1876	212	*	*	*	*	*	FJ431272	*
H	1876	213	94.8	+	0	0	55MD40M2I18M2D18MD42MI36M	FJ431268	FJ431272
L	8722	218	*	*	*	*	*	FJ431224	*
H	8722	213	93.9	+	0	0	55MD50M3I68M2I14MI25M	FJ431268	FJ431224
L	1881	199	*	*	*	*	*	FJ431281	*
H	1881	188	94.7	+	0	0	82MI17MI19M3I21M4I13M2I36M	FJ431279	FJ431281
L	1880	199	*	*	*	*	*	FJ431280	*
H	1880	188	95.7	+	0	0	64MD17MI25MI11MI7M3I14M4I13M2I36M	FJ431279	FJ431280
N	*	105	*	*	*	*	*	AB507400	*
L	8551	250	*	*	*	*	*	EU846265	*
H	8551	250	93.2	+	0	0	6D98MD127MI18M6I	GQ165678	EU846265
L	9270	250	*	*	*	*	*	GQ165677	*
H	9270	250	93.2	+	0	0	22MD83MD96MI26MD20M2I	GQ165678	GQ165677
L	1894	250	*	*	*	*	*	GQ165663	*
H	1894	250	94.0	+	0	0	104MD44MI101M	GQ165678	GQ165663
N	*	190	*	*	*	*	*	GQ249881	*
L	4482	250	*	*	*	*	*	AY176419	*
H	4482	250	91.2	+	0	0	117M3I22M9D17MD84M7I	GQ249888	AY176419
L	5507	222	*	*	*	*	*	AB115656	*
H	5507	223	97.3	+	0	0	148MD74M	FJ468400	AB115656
L	8361	85	*	*	*	*	*	FR694202	*
H	8361	85	96.5	+	0	0	85M	GU184101	FR694202
N	*	155	*	*	*	*	*	DQ491509	*
L	6915	225	*	*	*	*	*	GQ142013	*
H	6915	225	99.6	+	0	0	225M	GQ142012	GQ142013
L	4618	220	*	*	*	*	*	AY513142	*
H	4618	225	97.3	+	0	0	7D30MI32MI156M	GQ142012	AY513142
L	4619	220	*	*	*	*	*	AY513156	*
H	4619	225	94.5	+	0	0	7D22MI88MD36M2I71M	GQ142012	AY513156
L	9337	224	*	*	*	*	*	GQ229080	*
H	9337	225	99.1	+	0	0	9MD215M	GQ229074	GQ229080
L	9014	222	*	*	*	*	*	FJ877138	*
H	9014	225	96.8	+	0	0	9MD148MD33MD32M	GQ229074	FJ877138
L	8903	220	*	*	*	*	*	FJ765018	*
H	8903	225	90.9	+	0	0	9MD85M2I12M4D70MD10MD32M	GQ229074	FJ765018
L	10370	221	*	*	*	*	*	DQ232664	*
H	10370	221	96.8	+	0	0	221M	FJ494950	DQ232664
L	10371	222	*	*	*	*	*	FJ494923	*
H	10371	221	95.0	+	0	0	202MI19M	FJ494950	FJ494923
L	8797	224	*	*	*	*	*	FJ494949	*
H	8797	221	94.6	+	0	0	187M3I34M	FJ494950	FJ494949
L	10036	250	*	*	*	*	*	DQ103885	*
H	10036	250	96.8	+	0	0	14MI116MD67MD51MI	GQ253456	DQ103885
L	2010	250	*	*	*	*	*	GQ253465	*
H	2010	250	92.4	+	0	0	13MI117M2D30M7D31MD49M9I	GQ253456	GQ253465
L	4649	250	*	*	*	*	*	AY340062	*
H	4649	250	93.6	+	0	0	8D6MI120M2I69MD46M6I	GQ253456	AY340062
L	5170	191	*	*	*	*	*	FJ903339	*
H	5170	207	90.6	+	0	0	16MD13MD21M2D10MI15MD10MD7M4D50M4D13M3D35M	GQ369959	FJ903339
N	*	216	*	*	*	*	*	AB439558	*
N	*	223	*	*	*	*	*	GQ411521	*
L	10162	250	*	*	*	*	*	GQ398240	*
H	10162	250	94.8	+	0	0	158MI91MD	JN943949	GQ398240
L	11368	250	*	*	*	*	*	UDB002802	*
H	11368	250	94.4	+	0	0	2D196MI32MD19M2I	JN943949	UDB002802
L	11555	250	*	*	*	*	*	UDB011720	*
H	11555	250	93.6	+	0	0	4D11MD59MI175M4I	FJ774074	UDB011720
L	3012	250	*	*	*	*	*	HM562198	*
H	3012	250	92.0	+	0	0	157MD14MI78M	FJ774074	HM562198
N	*	190	*	*	*	*	*	AF548742	*
L	10698	238	*	*	*	*	*	HQ318281	*
H	10698	238	92.9	+	0	0	144M2I25M2D67M	AB458893	HQ318281
L	5375	236	*	*	*	*	*	UDB002495	*
H	5375	238	92.8	+	0	0	169M2D67M	AB458893	UDB002495
L	10174	236	*	*	*	*	*	HQ318280	*
H	10174	238	94.1	+	0	0	57MI75MD36M2D67M	AB458893	HQ318280
L	1508	140	*	*	*	*	*	AB291763	*
H	1508	148	95.7	+	0	0	5D54M3D86M	AB458686	AB291763
L	5603	136	*	*	*	*	*	AB291762	*
H	5603	148	93.4	+	0	0	59MD18M11D59M	AB458686	AB291762
L	2096	250	*	*	*	*	*	GQ981516	*
H	2096	250	98.0	+	0	0	44MD132MI25M2I46M2D	GQ981497	GQ981516
L	2097	250	*	*	*	*	*	GQ981517	*
H	2097	250	90.8	+	0	0	45MD33MD161MD8M3I	GQ981497	GQ981517
N	*	208	*	*	*	*	*	GQ981502	*
L	2114	250	*	*	*	*	*	U63477	*
H	2114	250	96.0	+	0	0	239M3I8M3D	U63471	U63477
L	7804	192	*	*	*	*	*	GU327641	*
H	7804	192	100.0	+	0	0	192M	AY525773	GU327641
L	7802	191	*	*	*	*	*	EF197067	*
H	7802	192	90.6	+	0	0	167MD24M	AY525773	EF197067
L	8528	235	*	*	*	*	*	EU821483	*
H	8528	235	99.1	+	0	0	235M	GU062253	EU821483
L	2610	227	*	*	*	*	*	HM051078	*
H	2610	235	93.0	+	0	0	52M6D104M2D71M	GU062253	HM051078
L	9386	217	*	*	*	*	*	DQ426537	*
H	9386	235	92.6	+	0	0	60M2D9M14D42MD34MD72M	GU062253	DQ426537
L	8617	226	*	*	*	*	*	AY577811	*
H	8617	226	100.0	+	0	0	226M	GU062297	AY577811
L	7826	196	*	*	*	*	*	GQ852741	*
H	7826	188	100.0	+	0	0	8I188M	AY725552	GQ852741
L	7024	196	*	*	*	*	*	FJ515735	*
H	7024	188	96.3	+	0	0	8I188M	AY725552	FJ515735
L	2744	188	*	*	*	*	*	AY725540	*
H	2744	188	96.3	+	0	0	188M	AY725552	AY725540
L	6734	184	*	*	*	*	*	AY045504	*
H	6734	181	93.4	+	0	0	24M3I157M	GQ852835	AY045504
L	9397	181	*	*	*	*	*	GQ852754	*
H	9397	181	93.4	+	0	0	181M	GQ852835	GQ852754
H	2141	181	90.5	+	0	0	34M2D65MD44MI35M	GQ852835	GQ852796
L	2148	138	*	*	*	*	*	FJ859343	*
H	2148	226	90.6	+	0	0	85D118M3D20M	FJ859342	FJ859343
L	2445	211	*	*	*	*	*	HQ586857	*
H	2445	210	100.0	+	0	0	25MI185M	AM882827	HQ586857
L	10244	238	*	*	*	*	*	HQ586873	*
H	10244	210	94.3	+	0	0	25MI41M3I49M23I25MI26MD18MI25M	AM882827	HQ586873
L	3745	233	*	*	*	*	*	HQ586870	*
H	3745	233	100.0	+	0	0	233M	AM882836	HQ586870
L	6681	232	*	*	*	*	*	EU525969	*
H	6681	233	95.7	+	0	0	51M4I70M4D48MD59M	AM882836	EU525969
L	10689	232	*	*	*	*	*	HQ604492	*
H	10689	233	95.7	+	0	0	51M4I70M4D48MD59M	AM882836	HQ604492
N	*	250	*	*	*	*	*	AM882870	*
N	*	250	*	*	*	*	*	AM882894	*
L	10284	189	*	*	*	*	*	HQ604547	*
H	10284	229	91.5	+	0	0	37MI80M33D37M8D34M	HQ604553	HQ604547
L	4774	243	*	*	*	*	*	AY737776	*
H	4774	174	97.7	+	0	0	67I69M2I105M	FJ860859	AY737776
L	709	174	*	*	*	*	*	FJ860841	*
H	709	174	93.7	+	0	0	174M	FJ860859	FJ860841
L	4771	234	*	*	*	*	*	AY737768	*
H	4771	174	90.8	+	0	0	64I61M3D52MD57M	FJ860859	AY737768
N	*	174	*	*	*	*	*	GU949592	*
N	*	250	*	*	*	*	*	GU136220	*
L	4085	102	*	*	*	*	*	FM205698	*
H	4085	102	97.1	+	0	0	102M	FM205685	FM205698
L	3025	250	*	*	*	*	*	HM151979	*
H	3025	102	92.2	+	0	0	148I18M2I82M2D	FM205685	HM151979
L	8505	250	*	*	*	*	*	EU784425	*
H	8505	102	92.2	+	0	0	148I18M2I82M2D	FM205685	EU784425
L	10093	250	*	*	*	*	*	EU819478	*
H	10093	250	98.4	+	0	0	74MD39MI136M	GU234098	EU819478
L	2956	250	*	*	*	*	*	GU234161	*
H	2956	250	96.4	+	0	0	74MD175MI	GU234098	GU234161
L	5557	250	*	*	*	*	*	UDB001493	*
H	5557	250	96.8	+	0	0	74MD63MI112M	GU234098	UDB001493
L	11627	83	*	*	*	*	*	Z75727	*
H	11627	204	100.0	+	0	0	83M121D	AY046209	Z75727
L	3091	250	*	*	*	*	*	HM488747	*
H	3091	250	92.0	+	0	0	153M2D18MI77MI	AF482831	HM488747
L	574	250	*	*	*	*	*	AM110148	*
H	574	250	90.8	+	0	0	153M2D18MI77MI	AF482831	AM110148
L	7009	250	*	*	*	*	*	AY484681	*
H	7009	250	92.8	+	0	0	13MD143M2D14MI77M2I	AF482831	AY484681
L	7627	241	*	*	*	*	*	EU598172	*
H	7627	245	94.6	+	0	0	6D25MI28M4D79M3I14M2I89M	GU229820	EU598172
L	2245	235	*	*	*	*	*	GU222265	*
H	2245	245	91.5	+	0	0	56M8D73M9D7M2D28M2I20M7I42M	GU229820	GU222265
L	11444	226	*	*	*	*	*	UDB011309	*
H	11444	245	90.7	+	0	0	2D7M2D45M8D30MD37M2D19M2D24M6D18M4I42M	GU229820	UDB011309
L	8247	168	*	*	*	*	*	EU598524	*
H	8247	166	100.0	+	0	0	104M2I62M	GU322030	EU598524
L	5101	230	*	*	*	*	*	FJ884153	*
H	5101	166	100.0	+	0	0	62I71MI24MI71M	GU322030	FJ884153
L	2146	171	*	*	*	*	*	GU084409	*
H	2146	166	98.8	+	0	0	76MI26M4I64M	GU322030	GU084409
L	4044	169	*	*	*	*	*	GU062180	*
H	4044	169	100.0	+	0	0	169M	FJ884745	GU062180
L	3870	169	*	*	*	*	*	FJ884748	*
H	3870	169	100.0	+	0	0	169M	FJ884745	FJ884748
L	9879	169	*	*	*	*	*	HM046561	*
H	9879	169	100.0	+	0	0	169M	FJ884745	HM046561
L	3613	223	*	*	*	*	*	AF532167	*
H	3613	224	96.9	+	0	0	179MD44M	AF352322	AF532167
N	*	250	*	*	*	*	*	GU199447	*
L	2040	233	*	*	*	*	*	DQ083010	*
H	2040	234	97.9	+	0	0	50MD149MI24MD9M	U93877	DQ083010
L	5588	236	*	*	*	*	*	EU280078	*
H	5588	234	97.0	+	0	0	5I50MD24MD49MD74MI24MD9M	U93877	EU280078
L	4297	236	*	*	*	*	*	FJ442640	*
H	4297	234	97.0	+	0	0	5I50MD24MD49MD74MI24MD9M	U93877	FJ442640
L	5207	227	*	*	*	*	*	DQ243789	*
H	5207	225	96.0	+	0	0	83MD34MI51MI21MI35M	EF447381	DQ243789
L	2604	225	*	*	*	*	*	AF191181	*
H	2604	225	95.1	+	0	0	87MD85MI52M	EF447381	AF191181
L	4148	226	*	*	*	*	*	AF191175	*
H	4148	225	93.3	+	0	0	90MD27MI55MI52M	EF447381	AF191175
L	9698	250	*	*	*	*	*	EU784361	*
H	9698	250	96.8	+	0	0	2D248M2I	GU479327	EU784361
L	3419	250	*	*	*	*	*	GU479355	*
H	3419	250	93.2	+	0	0	47MI100M11D92M10I	GU479327	GU479355
L	9742	250	*	*	*	*	*	GU479269	*
H	9742	250	94.4	+	0	0	8I103MD139M7D	GU479327	GU479269
L	1782	190	*	*	*	*	*	FJ871073	*
H	1782	190	95.8	+	0	0	190M	GU593041	FJ871073
L	10751	190	*	*	*	*	*	JF923607	*
H	10751	190	94.7	+	0	0	190M	GU593041	JF923607
H	2740	190	94.7	+	0	0	190M	GU593041	GU827332
H	8528	234	99.6	+	0	0	10MI224M	EF540754	EU821483
H	2610	234	92.1	+	0	0	10MI41M6D104M2D71M	EF540754	HM051078
H	9386	234	91.7	+	0	0	10MI49M2D10M14D41MD34MD72M	EF540754	DQ426537
L	6604	148	*	*	*	*	*	AM159621	*
H	6604	148	100.0	+	0	0	148M	AB054050	AM159621
L	8306	150	*	*	*	*	*	EU573353	*
H	8306	148	93.9	+	0	0	4I9M2D27MI19MD90M	AB054050	EU573353
L	10245	250	*	*	*	*	*	HQ586864	*
H	10245	250	92.4	+	0	0	8MI16MI26MI32M5I37M5D33MI75M2D14M2D	FN550895	HQ586864
L	769	250	*	*	*	*	*	EU523561	*
H	769	250	90.4	+	0	0	3D21MI30M2I27MD37M4D16MI17M2I27MI11MI10M2I44M2D	FN550895	EU523561
L	2533	213	*	*	*	*	*	FJ904915	*
H	2533	212	93.4	+	0	0	8I10M3D24MD14MD15MD106MD36M	GU944808	FJ904915
L	9492	205	*	*	*	*	*	EU919704	*
H	9492	212	96.1	+	0	0	10M3D24MD14MD15MD106MD36M	GU944808	EU919704
L	2529	220	*	*	*	*	*	GU968424	*
H	2529	212	91.5	+	0	0	9I10M3D24MD30MD9M2I7M3I90MD36M	GU944808	GU968424
L	3522	192	*	*	*	*	*	GQ922570	*
H	3522	196	93.8	+	0	0	2I31MD53M3D42MD34MD30M	AJ458185	GQ922570
N	*	198	*	*	*	*	*	AJ271577	*
H	2196	228	93.9	+	0	0	24MD51MD25MI53MI73M	U51949	GU171370
L	11114	227	*	*	*	*	*	U51952	*
H	11114	228	96.0	+	0	0	76MD74MI76MD	U51949	U51952
H	2542	228	95.2	+	0	0	42M2I18MI16MD81MI20MI13MI37M	U51949	EU977538
N	*	219	*	*	*	*	*	U51974	*
N	*	250	*	*	*	*	*	EU181455	*
H	4257	230	97.8	+	0	0	230M	GU723410	GU723407
H	2596	230	95.2	+	0	0	48MI182M	GU723410	GU723418
L	2595	229	*	*	*	*	*	GU723415	*
H	2595	230	93.9	+	0	0	203MD26M	GU723410	GU723415
L	4975	177	*	*	*	*	*	EU514244	*
H	4975	179	95.5	+	0	0	6D11MI10M3I152M	GU168027	EU514244
L	2599	185	*	*	*	*	*	GQ852768	*
H	2599	179	95.5	+	0	0	2I17MI10M3I152M	GU168027	GQ852768
L	7585	186	*	*	*	*	*	DQ530217	*
H	7585	179	92.2	+	0	0	2I17MI10M3I93MI59M	GU168027	DQ530217
L	5969	219	*	*	*	*	*	FJ442662	*
H	5969	212	100.0	+	0	0	7I212M	FJ861396	FJ442662
L	10995	219	*	*	*	*	*	FJ430782	*
H	10995	212	100.0	+	0	0	7I212M	FJ861396	FJ430782
L	10645	220	*	*	*	*	*	EU280133	*
H	10645	212	100.0	+	0	0	7I135MI77M	FJ861396	EU280133
N	*	231	*	*	*	*	*	AF205649	*
L	4511	149	*	*	*	*	*	AY461839	*
H	4511	151	91.9	+	0	0	23MD12MD114M	FJ386439	AY461839
L	2633	138	*	*	*	*	*	FM163180	*
H	2633	151	92.0	+	0	0	24M11D34MD60MD20M	FJ386439	FM163180
L	1629	173	*	*	*	*	*	FJ647181	*
H	1629	173	99.4	+	0	0	22MD13MI137M	HM346870	FJ647181
L	9775	166	*	*	*	*	*	FJ900605	*
H	9775	173	100.0	+	0	0	6D16MD150M	HM346870	FJ900605
L	1589	173	*	*	*	*	*	GU797372	*
H	1589	173	99.4	+	0	0	22MD50MI100M	HM346870	GU797372
L	5673	196	*	*	*	*	*	AB481264	*
H	5673	197	97.4	+	0	0	146MD50M	AB481263	AB481264
L	5677	166	*	*	*	*	*	AB481286	*
H	5677	197	90.4	+	0	0	65MD20MD8M27D10M2D63M	AB481263	AB481286
L	2662	219	*	*	*	*	*	GQ344600	*
H	2662	213	99.5	+	0	0	6I21MD153MI38M	GQ344601	GQ344600
N	*	169	*	*	*	*	*	AB509641	*
L	3851	176	*	*	*	*	*	U72259	*
H	3851	167	94.0	+	0	0	8I118MI49M	DQ116558	U72259
N	*	225	*	*	*	*	*	HM237175	*
L	10079	246	*	*	*	*	*	AJ315834	*
H	10079	250	95.1	+	0	0	3D225MD21M	AB566287	AJ315834
L	11451	235	*	*	*	*	*	UDB011325	*
H	11451	236	98.7	+	0	0	7MD228M	UDB011165	UDB011325
L	315	227	*	*	*	*	*	DQ974756	*
H	315	236	96.9	+	0	0	5D52MD28M3D147M	UDB011165	DQ974756
L	10128	220	*	*	*	*	*	UDB011203	*
H	10128	236	93.2	+	0	0	86M3D10M3D25MD56M9D43M	UDB011165	UDB011203
N	*	236	*	*	*	*	*	AF200240	*
L	5721	209	*	*	*	*	*	AF011317	*
H	5721	162	100.0	+	0	0	47I162M	DQ139434	AF011317
L	2769	210	*	*	*	*	*	AB026134	*
H	2769	162	98.8	+	0	0	48I162M	DQ139434	AB026134
L	3799	210	*	*	*	*	*	HQ918168	*
H	3799	162	98.8	+	0	0	48I162M	DQ139434	HQ918168
L	5720	210	*	*	*	*	*	AB525920	*
H	5720	207	99.0	+	0	0	5I12MD56MD137M	AB525921	AB525920
H	2769	207	96.6	+	0	0	5I12MD56MD137M	AB525921	AB026134
H	5721	207	96.1	+	0	0	4I12MD56MD137M	AB525921	AF011317
L	8702	214	*	*	*	*	*	FJ389933	*
H	8702	217	93.9	+	0	0	7D113M4I97M	GU934506	FJ389933
L	1925	210	*	*	*	*	*	FJ389950	*
H	1925	217	91.4	+	0	0	7D88MD98MI23M	GU934506	FJ389950
L	1954	209	*	*	*	*	*	FJ389946	*
H	1954	217	91.9	+	0	0	7D88MD121M	GU934506	FJ389946
H	10003	236	97.9	+	0	0	166MD69M	HM538488	HM538490
H	10005	236	96.6	+	0	0	166MD69M	HM538488	HM538548
L	2793	235	*	*	*	*	*	HM538542	*
H	2793	236	94.9	+	0	0	169MD66M	HM538488	HM538542
H	2790	235	97.4	+	0	0	235M	HM538494	HM538502
H	702	235	96.6	+	0	0	138MI97M	HM538494	EU365854
L	703	234	*	*	*	*	*	EU365857	*
H	703	235	96.2	+	0	0	140MD94M	HM538494	EU365857
L	10753	99	*	*	*	*	*	EU326692	*
H	10753	99	98.0	+	0	0	99M	FM205703	EU326692
L	9920	245	*	*	*	*	*	HM151990	*
H	9920	99	97.0	+	0	0	146I99M	FM205703	HM151990
L	5144	191	*	*	*	*	*	DQ195789	*
H	5144	194	96.3	+	0	0	8D42MI11M3I22MI111M	FR668015	DQ195789
L	3828	194	*	*	*	*	*	JN225945	*
H	3828	194	95.4	+	0	0	194M	FR668015	JN225945
L	10856	194	*	*	*	*	*	JN225946	*
H	10856	194	95.9	+	0	0	194M	FR668015	JN225946
N	*	250	*	*	*	*	*	AF505753	*
L	5433	211	*	*	*	*	*	GU290228	*
H	5433	209	95.2	+	0	0	I21MI188M	HM997126	GU290228
L	5524	206	*	*	*	*	*	GQ870276	*
H	5524	209	94.7	+	0	0	I22M2I14M3D108M2D23MD36M	HM997126	GQ870276
L	5523	208	*	*	*	*	*	AF158111	*
H	5523	209	92.3	+	0	0	I22M2I14M3D23MI86M2D59M	HM997126	AF158111
L	11358	197	*	*	*	*	*	AY195572	*
H	11358	199	98.0	+	0	0	3D178MI18M	AY195573	AY195572
L	10706	250	*	*	*	*	*	JF908353	*
H	10706	250	92.8	+	0	0	8M2D29MD210M3I	GU234077	JF908353
L	10131	250	*	*	*	*	*	GU234162	*
H	10131	250	99.6	+	0	0	250M	GU234095	GU234162
L	8815	250	*	*	*	*	*	GU234146	*
H	8815	250	99.2	+	0	0	250M	GU234095	GU234146
L	10715	250	*	*	*	*	*	JF908392	*
H	10715	250	90.8	+	0	0	46M2I8M2I124MI67M5D	GU234095	JF908392
N	*	250	*	*	*	*	*	GU234165	*
N	*	169	*	*	*	*	*	AF444645	*
L	8899	250	*	*	*	*	*	JF313658	*
H	8899	250	92.0	+	0	0	4D22MI115M10I102M7D	AF438560	JF313658
L	8975	250	*	*	*	*	*	FJ845401	*
H	8975	250	94.4	+	0	0	144MD105MI	AF438567	FJ845401
L	275	173	*	*	*	*	*	EF457901	*
H	275	250	98.3	+	0	0	79D71MI100MI	AF438567	EF457901
L	7554	173	*	*	*	*	*	DQ484064	*
H	7554	250	92.5	+	0	0	79D65MD49M2I56MI	AF438567	DQ484064
L	2968	246	*	*	*	*	*	EU400584	*
H	2968	245	92.2	+	0	0	53MI38MD112MI41M	EU816926	EU400584
L	597	247	*	*	*	*	*	EU014059	*
H	597	245	94.3	+	0	0	53MI38MD77MI35MI41M	EU816926	EU014059
N	*	250	*	*	*	*	*	HM562122	*
L	10745	250	*	*	*	*	*	HM562088	*
H	10745	250	99.6	+	0	0	250M	HM562125	HM562088
L	3043	211	*	*	*	*	*	HM161460	*
H	3043	204	95.1	+	0	0	54M2I40M6I56MD53M	HM161506	HM161460
L	9925	206	*	*	*	*	*	HM161463	*
H	9925	204	94.1	+	0	0	54M2I150M	HM161506	HM161463
L	3039	206	*	*	*	*	*	HM161508	*
H	3039	204	94.6	+	0	0	54M2I150M	HM161506	HM161508
L	9926	208	*	*	*	*	*	HM161476	*
H	9926	209	100.0	+	0	0	63MD145M	HM161487	HM161476
H	9925	209	93.7	+	0	0	63MD95MD19MD29M	HM161487	HM161463
L	9927	206	*	*	*	*	*	HM161485	*
H	9927	209	94.2	+	0	0	63MD95MD19MD29M	HM161487	HM161485
L	6166	206	*	*	*	*	*	AF392990	*
H	6166	206	100.0	+	0	0	206M	AY278842	AF392990
L	8684	201	*	*	*	*	*	FJ357315	*
H	8684	206	93.5	+	0	0	36M4D17MD148M	AY278842	FJ357315
L	5431	147	*	*	*	*	*	AF163062	*
H	5431	206	98.0	+	0	0	59D147M	AY278842	AF163062
L	3077	223	*	*	*	*	*	HQ589142	*
H	3077	223	99.1	+	0	0	223M	GU183170	HQ589142
L	8859	220	*	*	*	*	*	FJ624264	*
H	8859	223	96.4	+	0	0	92M2D23MD105M	GU183170	FJ624264
L	2989	220	*	*	*	*	*	FJ878682	*
H	2989	223	95.5	+	0	0	92M2D23MD105M	GU183170	FJ878682
L	9451	175	*	*	*	*	*	GQ241285	*
H	9451	175	100.0	+	0	0	175M	FJ441616	GQ241285
L	10943	167	*	*	*	*	*	AF484404	*
H	10943	175	100.0	+	0	0	8D167M	FJ441616	AF484404
L	10446	167	*	*	*	*	*	FJ230992	*
H	10446	175	100.0	+	0	0	8D167M	FJ441616	FJ230992
L	6788	201	*	*	*	*	*	FJ230995	*
H	6788	201	99.0	+	0	0	201M	FR717911	FJ230995
L	9813	209	*	*	*	*	*	AY373928	*
H	9813	201	98.5	+	0	0	8I201M	FR717911	AY373928
L	6698	201	*	*	*	*	*	FJ230998	*
H	6698	201	97.5	+	0	0	201M	FR717911	FJ230998
L	10105	218	*	*	*	*	*	HQ153425	*
H	10105	215	95.3	+	0	0	3I215M	HQ153422	HQ153425
L	10104	218	*	*	*	*	*	HQ153423	*
H	10104	215	91.2	+	0	0	3I215M	HQ153422	HQ153423
L	10102	221	*	*	*	*	*	HQ153414	*
H	10102	215	90.2	+	0	0	2I69MI35MI39M3I33MD38M	HQ153422	HQ153414
N	*	217	*	*	*	*	*	HQ589148	*
L	4681	250	*	*	*	*	*	AJ617490	*
H	4681	250	99.6	+	0	0	142MI107MD	EU833659	AJ617490
L	8774	250	*	*	*	*	*	FJ481030	*
H	8774	250	96.4	+	0	0	250M	EU833659	FJ481030
L	5094	250	*	*	*	*	*	EU833665	*
H	5094	250	94.0	+	0	0	144M3I61M4D41MI	EU833659	EU833665
L	6198	216	*	*	*	*	*	GQ412728	*
H	6198	215	99.5	+	0	0	I215M	GQ412720	GQ412728
L	4254	217	*	*	*	*	*	GU453166	*
H	4254	215	100.0	+	0	0	I62MI153M	GQ412720	GU453166
L	3087	208	*	*	*	*	*	GQ412723	*
H	3087	215	99.5	+	0	0	7D208M	GQ412720	GQ412723
N	*	121	*	*	*	*	*	AB599963	*
L	9180	250	*	*	*	*	*	FN550884	*
H	9180	250	94.0	+	0	0	169M4D77M4I	HQ604805	FN550884
L	6663	250	*	*	*	*	*	AM882713	*
H	6663	250	92.4	+	0	0	8MD45MI113M6D77M6I	HQ604805	AM882713
L	3201	250	*	*	*	*	*	HQ604807	*
H	3201	250	90.8	+	0	0	48MI26MI32M4I60M6D49MD28MI	HQ604805	HQ604807
L	3144	108	*	*	*	*	*	GU300776	*
H	3144	108	96.3	+	0	0	108M	AY245093	GU300776
L	3777	221	*	*	*	*	*	HQ725079	*
H	3777	108	90.7	+	0	0	114I52MD55M	AY245093	HQ725079
L	7088	218	*	*	*	*	*	AY599570	*
H	7088	218	95.4	+	0	0	218M	HQ533007	AY599570
L	3199	219	*	*	*	*	*	AY599575	*
H	3199	218	95.4	+	0	0	39MI179M	HQ533007	AY599575
L	4752	219	*	*	*	*	*	AY599579	*
H	4752	218	94.0	+	0	0	41MI177M	HQ533007	AY599579
N	*	250	*	*	*	*	*	HQ604178	*
N	*	250	*	*	*	*	*	HQ604215	*
L	3213	250	*	*	*	*	*	HM005143	*
H	3213	250	98.8	+	0	0	250M	HM005141	HM005143
L	10187	176	*	*	*	*	*	HQ377281	*
H	10187	177	96.0	+	0	0	26MD150M	U51954	HQ377281
L	9799	174	*	*	*	*	*	GU934540	*
H	9799	177	91.4	+	0	0	12MD13MD69MD34MI11MD34M	U51954	GU934540
L	7608	200	*	*	*	*	*	DQ646686	*
H	7608	200	98.0	+	0	0	200M	AJ229069	DQ646686
L	6935	250	*	*	*	*	*	GQ376079	*
H	6935	200	91.5	+	0	0	63I187M13D	AJ229069	GQ376079
L	10315	250	*	*	*	*	*	AF422939	*
H	10315	200	91.0	+	0	0	63I187M13D	AJ229069	AF422939
L	4843	144	*	*	*	*	*	AY854070	*
H	4843	142	98.6	+	0	0	2I142M	AJ537397	AY854070
L	1117	142	*	*	*	*	*	FJ478111	*
H	1117	142	96.5	+	0	0	2I71MD40MD29M	AJ537397	FJ478111
L	10372	192	*	*	*	*	*	FJ596806	*
H	10372	196	98.4	+	0	0	4D192M	HQ676140	FJ596806
L	4535	200	*	*	*	*	*	EU402573	*
H	4535	196	93.9	+	0	0	34MD37M6I88MD35M	HQ676140	EU402573
L	3272	191	*	*	*	*	*	HQ676150	*
H	3272	196	90.6	+	0	0	32MD39M6I84M10D30M	HQ676140	HQ676150
H	9054	242	100.0	+	0	0	8I242M	EU303009	HQ604830
H	1533	242	98.8	+	0	0	8I242M	EU303009	AY061706
H	9637	242	98.8	+	0	0	8I242M	EU303009	GU222264
N	*	221	*	*	*	*	*	HQ888725	*
N	*	250	*	*	*	*	*	HQ882200	*
L	5155	235	*	*	*	*	*	AB027373	*
H	5155	235	100.0	+	0	0	235M	AB113352	AB027373
L	600	237	*	*	*	*	*	EU081846	*
H	600	235	94.5	+	0	0	122MI51MI62M	AB113352	EU081846
L	938	211	*	*	*	*	*	AF201707	*
H	938	211	99.5	+	0	0	211M	AF201704	AF201707
L	2571	245	*	*	*	*	*	GU292822	*
H	2571	211	96.2	+	0	0	95MI28M32I28MI60M	AF201704	GU292822
L	937	212	*	*	*	*	*	FJ903321	*
H	937	211	95.3	+	0	0	94MI17MI40MD59M	AF201704	FJ903321
N	*	123	*	*	*	*	*	FN825908	*
L	10994	163	*	*	*	*	*	JN943350	*
H	10994	172	90.2	+	0	0	60MD56M5D15M3D32M	JN943348	JN943350
L	9744	250	*	*	*	*	*	EU784360	*
H	9744	250	98.8	+	0	0	250M	GU479296	EU784360
L	9738	250	*	*	*	*	*	GU479236	*
H	9738	250	93.2	+	0	0	54M2D29M2D113M2D32MI16M5I	GU479296	GU479236
H	9742	250	91.6	+	0	0	54M2D99MD37M2D39MI16M4I	GU479296	GU479269
L	9745	250	*	*	*	*	*	GU479286	*
H	9745	250	94.4	+	0	0	I52MI95MD101MD	GU479335	GU479286
H	9698	250	90.4	+	0	0	8D105MI33MD44MD58M9I	GU479335	EU784361
H	9742	250	92.0	+	0	0	I7MI140MD43MD58M	GU479335	GU479269
L	9725	250	*	*	*	*	*	AY340015	*
H	9725	250	96.8	+	0	0	134M3I113M3D	AY340032	AY340015
L	6335	250	*	*	*	*	*	AY340014	*
H	6335	250	95.2	+	0	0	134M3I113M3D	AY340032	AY340014
H	9485	166	100.0	+	0	0	69I166M	FJ412084	FJ610306
H	4044	166	100.0	+	0	0	3I166M	FJ412084	GU062180
H	3870	166	100.0	+	0	0	3I166M	FJ412084	FJ884748
L	9344	200	*	*	*	*	*	FJ231001	*
H	9344	208	100.0	+	0	0	8D200M	FJ791141	FJ231001
L	9942	208	*	*	*	*	*	FJ861419	*
H	9942	208	99.0	+	0	0	208M	FJ791141	FJ861419
L	1234	208	*	*	*	*	*	AJ608946	*
H	1234	208	90.4	+	0	0	208M	FJ791141	AJ608946
L	8630	200	*	*	*	*	*	FJ039675	*
H	8630	200	100.0	+	0	0	200M	U56030	FJ039675
L	3526	201	*	*	*	*	*	JN942828	*
H	3526	200	96.5	+	0	0	129MI71M	U56030	JN942828
L	3527	250	*	*	*	*	*	HQ845161	*
H	3527	200	92.5	+	0	0	58I129MI62M9D	U56030	HQ845161
L	10392	235	*	*	*	*	*	HQ699657	*
H	10392	234	99.1	+	0	0	138MI96M	HQ699637	HQ699657
L	10389	234	*	*	*	*	*	HQ699628	*
H	10389	234	95.3	+	0	0	27MD88MI22MI61MD34M	HQ699637	HQ699628
L	10394	234	*	*	*	*	*	HQ699658	*
H	10394	234	93.2	+	0	0	27MD69MD40M2I23MI39MD33M	HQ699637	HQ699658
L	9902	250	*	*	*	*	*	AB285105	*
H	9902	250	100.0	+	0	0	250M	FJ810160	AB285105
L	455	250	*	*	*	*	*	AF357051	*
H	455	250	90.0	+	0	0	D155M2D43MD48M4I	FJ810160	AF357051
L	458	250	*	*	*	*	*	AF357058	*
H	458	250	90.0	+	0	0	D155M2D43MD48M4I	FJ810160	AF357058
L	6327	250	*	*	*	*	*	AF506471	*
H	6327	250	98.8	+	0	0	250M	AF506430	AF506471
L	8046	250	*	*	*	*	*	EU118650	*
H	8046	250	98.0	+	0	0	250M	AF506430	EU118650
N	*	250	*	*	*	*	*	AF516565	*
L	3603	233	*	*	*	*	*	AF516582	*
H	3603	231	95.2	+	0	0	40MD91M2I23MI76M	AF516581	AF516582
L	3675	190	*	*	*	*	*	DQ383645	*
H	3675	190	99.5	+	0	0	190M	JF923608	DQ383645
H	10751	190	98.4	+	0	0	190M	JF923608	JF923607
H	2740	190	98.4	+	0	0	190M	JF923608	GU827332
L	4755	87	*	*	*	*	*	AY661686	*
H	4755	227	100.0	+	0	0	140D87M	HQ650601	AY661686
L	3740	203	*	*	*	*	*	GU222293	*
H	3740	203	97.0	+	0	0	203M	HQ647144	GU222293
L	3715	250	*	*	*	*	*	HQ667594	*
H	3715	250	97.6	+	0	0	6I244M6D	HQ667593	HQ667594
H	8684	228	91.0	+	0	0	8MI30M15D9M12D125MD28M	AY359887	FJ357315
L	1823	230	*	*	*	*	*	FJ357314	*
H	1823	228	93.0	+	0	0	8MI154MI7MI28MD30M	AY359887	FJ357314
L	6909	230	*	*	*	*	*	AY278839	*
H	6909	228	92.1	+	0	0	8MI70MI23MI94MD32M	AY359887	AY278839
L	3022	210	*	*	*	*	*	EF585533	*
H	3022	216	98.1	+	0	0	6D210M	FJ441621	EF585533
L	4456	182	*	*	*	*	*	FJ903283	*
H	4456	182	99.5	+	0	0	182M	FJ169667	FJ903283
L	8225	182	*	*	*	*	*	FJ515894	*
H	8225	182	97.8	+	0	0	182M	FJ169667	FJ515894
L	2296	184	*	*	*	*	*	GU229806	*
H	2296	182	97.8	+	0	0	89M2I93M	FJ169667	GU229806
L	8961	250	*	*	*	*	*	FJ824768	*
H	8961	250	94.4	+	0	0	2I7M2I45MI193M5D	JN198397	FJ824768
L	5514	250	*	*	*	*	*	AB454300	*
H	5514	250	91.6	+	0	0	7M2I45M3I193M5D	JN198397	AB454300
L	8438	250	*	*	*	*	*	EU715688	*
H	8438	250	91.2	+	0	0	2I7M2I51M4I6M2I85M2I89M12D	JN198397	EU715688
L	2373	145	*	*	*	*	*	FJ769310	*
H	2373	144	97.2	+	0	0	144MI	JN194152	FJ769310
L	6716	142	*	*	*	*	*	EF989111	*
H	6716	144	96.5	+	0	0	84M2D36MD21MI	JN194152	EF989111
L	8601	143	*	*	*	*	*	EF989112	*
H	8601	144	95.1	+	0	0	82MD39MD21MI	JN194152	EF989112
L	4901	146	*	*	*	*	*	EF989117	*
H	4901	146	95.2	+	0	0	146M	JN194154	EF989117
L	2374	146	*	*	*	*	*	GQ388719	*
H	2374	146	93.2	+	0	0	87MD18M2I12MD27M	JN194154	GQ388719
L	5252	146	*	*	*	*	*	FN547487	*
H	5252	146	94.5	+	0	0	146M	JN194154	FN547487
N	*	250	*	*	*	*	*	JN194161	*
N	*	224	*	*	*	*	*	JN194181	*
L	9438	250	*	*	*	*	*	GQ981507	*
H	9438	250	94.8	+	0	0	53M2D39MI156MI	JF300129	GQ981507
L	4027	179	*	*	*	*	*	EU551184	*
H	4027	178	96.1	+	0	0	72MI37MI23MI16M2D28M	EU551208	EU551184
L	10879	176	*	*	*	*	*	EU551195	*
H	10879	178	93.2	+	0	0	70MI62MD9M2D34M	EU551208	EU551195
L	5195	127	*	*	*	*	*	AF210664	*
H	5195	127	97.6	+	0	0	127M	JF311952	AF210664
L	5194	127	*	*	*	*	*	AF210663	*
H	5194	127	96.9	+	0	0	127M	JF311952	AF210663
L	8521	203	*	*	*	*	*	EU819488	*
H	8521	209	90.1	+	0	0	29MD23MD39MD18MI26M2D46M2D21M	AY144566	EU819488
L	3863	157	*	*	*	*	*	JF439138	*
H	3863	158	96.2	+	0	0	40M2D60MI7MI21MD27M	JF439159	JF439138
L	3864	149	*	*	*	*	*	JF439190	*
H	3864	158	95.3	+	0	0	40M3D47MI14M5D21M2D26M	JF439159	JF439190
L	9140	250	*	*	*	*	*	FN396149	*
H	9140	250	90.8	+	0	0	146M6I33MI59MI4M8D	JF907837	FN396149
L	10421	129	*	*	*	*	*	HQ847012	*
H	10421	250	93.0	+	0	0	130D108MI12M8I	JF907837	HQ847012
N	*	83	*	*	*	*	*	JF907966	*
N	*	250	*	*	*	*	*	JF907995	*
N	*	250	*	*	*	*	*	JF908097	*
L	10691	250	*	*	*	*	*	JF908156	*
H	10691	250	93.6	+	0	0	52M3D195M3I	JF908165	JF908156
L	9183	250	*	*	*	*	*	FN550911	*
H	9183	250	92.4	+	0	0	10MD41M3D195M4I	JF908165	FN550911
L	10721	250	*	*	*	*	*	JF908422	*
H	10721	250	94.0	+	0	0	27MI85M2I93MI41M4D	GU062319	JF908422
L	11016	230	*	*	*	*	*	JN944002	*
H	11016	229	97.8	+	0	0	66MI163M	AY061660	JN944002
L	7695	231	*	*	*	*	*	JF908709	*
H	7695	229	96.9	+	0	0	66MI37MI126M	AY061660	JF908709
L	11019	230	*	*	*	*	*	JN944005	*
H	11019	229	93.9	+	0	0	66MI163M	AY061660	JN944005
N	*	91	*	*	*	*	*	JF908767	*
L	8619	223	*	*	*	*	*	GU062295	*
H	8619	214	99.1	+	0	0	10I66MD147M	AJ302443	GU062295
L	4145	214	*	*	*	*	*	AJ302440	*
H	4145	214	98.6	+	0	0	214M	AJ302443	AJ302440
L	636	213	*	*	*	*	*	AJ302460	*
H	636	214	94.8	+	0	0	27MD186M	AJ302443	AJ302460
N	*	250	*	*	*	*	*	JN035634	*
L	8753	187	*	*	*	*	*	FJ441661	*
H	8753	184	93.5	+	0	0	3I100MD31MI52M	HM992502	FJ441661
L	6375	188	*	*	*	*	*	AJ012298	*
H	6375	184	91.3	+	0	0	3I92MD39MI30MI22M	HM992502	AJ012298
N	*	250	*	*	*	*	*	JF495036	*
L	4038	111	*	*	*	*	*	JN009712	*
H	4038	111	99.1	+	0	0	111M	JN009708	JN009712
L	4662	112	*	*	*	*	*	AY541278	*
H	4662	111	94.6	+	0	0	83MI28M	JN009708	AY541278
L	4037	236	*	*	*	*	*	JN009710	*
H	4037	111	93.7	+	0	0	124I83MI28M	JN009708	JN009710
L	2723	250	*	*	*	*	*	EF552702	*
H	2723	248	99.2	+	0	0	I73MI56MI118MD	HQ260622	EF552702
L	8685	250	*	*	*	*	*	FJ361040	*
H	8685	248	96.0	+	0	0	6I33MD38MI57MI114M5D	HQ260622	FJ361040
L	2856	250	*	*	*	*	*	GU048857	*
H	2856	248	94.0	+	0	0	6I73M2I56M2I7MI103M9D	HQ260622	GU048857
L	10588	157	*	*	*	*	*	JF692725	*
H	10588	155	98.7	+	0	0	96MI32MI27M	JF692724	JF692725
H	3863	155	92.3	+	0	0	29MD20M2I37MD15M3I15MD36M	JF692724	JF439138
H	3864	155	92.6	+	0	0	29MD19MI45M4D20MD9MD26M	JF692724	JF439190
L	10904	133	*	*	*	*	*	JN638618	*
H	10904	133	100.0	+	0	0	133M	D84381	JN638618
L	5568	142	*	*	*	*	*	DQ374649	*
H	5568	133	91.0	+	0	0	8MI18MI17M4D40M11I46M	D84381	DQ374649
L	8673	198	*	*	*	*	*	FJ228180	*
H	8673	199	99.0	+	0	0	95MD103M	JF271750	FJ228180
L	10196	198	*	*	*	*	*	GU062245	*
H	10196	199	99.0	+	0	0	95MD103M	JF271750	GU062245
L	10215	190	*	*	*	*	*	EU768878	*
H	10215	199	98.9	+	0	0	8D87MD103M	JF271750	EU768878
N	*	250	*	*	*	*	*	JF961369	*
L	4215	212	*	*	*	*	*	AF201728	*
H	4215	212	100.0	+	0	0	212M	JN819278	AF201728
L	4216	212	*	*	*	*	*	JN942357	*
H	4216	212	96.7	+	0	0	51MI135MD25M	JN819278	JN942357
L	400	202	*	*	*	*	*	EF546655	*
H	400	208	92.6	+	0	0	86MD13MD38MI37M5D27M	JN049828	EF546655
L	841	205	*	*	*	*	*	AJ309335	*
H	841	208	90.2	+	0	0	86MD52MI28M3D38M	JN049828	AJ309335
L	5605	195	*	*	*	*	*	AB294423	*
H	5605	208	91.3	+	0	0	56M2D28MD13MD38MI14M4D17M6D28M	JN049828	AB294423
L	7879	127	*	*	*	*	*	EF512973	*
H	7879	158	94.5	+	0	0	23D54M3D6M3D39M2D28M	JN049830	EF512973
L	3625	127	*	*	*	*	*	EF512977	*
H	3625	158	94.5	+	0	0	23D54M3D6M3D39M2D28M	JN049830	EF512977
L	4271	224	*	*	*	*	*	JN943311	*
H	4271	158	90.5	+	0	0	67I10MI29MI51MD33M2D32M	JN049830	JN943311
L	11136	185	*	*	*	*	*	U57406	*
H	11136	185	98.4	+	0	0	58MD30MD19MI15M2I36MD24M	U57407	U57406
N	*	129	*	*	*	*	*	JN049851	*
L	7270	92	*	*	*	*	*	FJ235152	*
H	7270	116	91.3	+	0	0	21D12M3D80M	JN022507	FJ235152
L	11604	250	*	*	*	*	*	UDB011864	*
H	11604	250	97.6	+	0	0	2D6MD241M3I	UDB003331	UDB011864
L	4214	182	*	*	*	*	*	JN942355	*
H	4214	182	90.1	+	0	0	133MI25MD23M	JN942349	JN942355
L	4224	203	*	*	*	*	*	JN865202	*
H	4224	200	98.5	+	0	0	2I7M2I87MD105M	JN865201	JN865202
N	*	134	*	*	*	*	*	FR750036	*
L	8288	250	*	*	*	*	*	EU563444	*
H	8288	247	97.6	+	0	0	2I6MI241M	JN813413	EU563444
L	8284	246	*	*	*	*	*	EU563453	*
H	8284	247	91.9	+	0	0	2I6MI58M3D61MD118M	JN813413	EU563453
L	874	246	*	*	*	*	*	EU563469	*
H	874	247	91.1	+	0	0	2I6MI54M4D28MI36MD118M	JN813413	EU563469
L	7123	216	*	*	*	*	*	AY646404	*
H	7123	221	95.8	+	0	0	2D68MD54MD14MD80M	JN943307	AY646404
L	9081	211	*	*	*	*	*	DQ888729	*
H	9081	221	90.0	+	0	0	4D25MD31MD31MD53M2D10MD61M	JN943307	DQ888729
L	4272	201	*	*	*	*	*	JN943324	*
H	4272	197	93.4	+	0	0	140M4I57M	JN943323	JN943324
H	5499	197	92.4	+	0	0	135M4I24M3D35M	JN943323	EU586043
H	3071	197	90.4	+	0	0	55MD81M4I22M3D35M	JN943323	FJ411410
N	*	226	*	*	*	*	*	JN943386	*
L	5617	216	*	*	*	*	*	AB361031	*
H	5617	217	94.4	+	0	0	70MI19M2D74MI31MD20M	JN943387	AB361031
L	9229	108	*	*	*	*	*	FR750142	*
H	9229	110	96.3	+	0	0	70MD17MD21M	FR750143	FR750142
L	417	116	*	*	*	*	*	FN423704	*
H	417	110	95.5	+	0	0	71M7I17MD21M	FR750143	FN423704
L	2017	113	*	*	*	*	*	FN423707	*
H	2017	110	94.5	+	0	0	91M3I19M	FR750143	FN423707
N	*	250	*	*	*	*	*	JN692271	*
L	4314	243	*	*	*	*	*	JQ350862	*
H	4314	246	94.2	+	0	0	D6M2D237M	JQ350861	JQ350862
L	4319	248	*	*	*	*	*	JQ350870	*
H	4319	246	93.9	+	0	0	7M3D150M2I19M2I35MI32M	JQ350861	JQ350870
L	11053	241	*	*	*	*	*	JQ350858	*
H	11053	246	92.9	+	0	0	5D241M	JQ350861	JQ350858
L	5754	161	*	*	*	*	*	FJ554516	*
H	5754	161	98.1	+	0	0	2I36MD24MD99M	AF132505	FJ554516
L	11154	159	*	*	*	*	*	HM802133	*
H	11154	159	100.0	+	0	0	159M	EU863579	HM802133
L	4423	157	*	*	*	*	*	AF335958	*
H	4423	159	97.5	+	0	0	38M2D119M	EU863579	AF335958
L	677	102	*	*	*	*	*	EU551211	*
H	677	159	94.1	+	0	0	57D102M	EU863579	EU551211
L	5735	139	*	*	*	*	*	AB614131	*
H	5735	139	100.0	+	0	0	139M	JN943143	AB614131
L	11175	136	*	*	*	*	*	U82461	*
H	11175	139	96.3	+	0	0	2D30MD106M	JN943143	U82461
L	9759	230	*	*	*	*	*	AB456577	*
H	9759	230	97.4	+	0	0	18MD182MI29M	JN675345	AB456577
H	7970	230	92.1	+	0	0	18MD160MD26MD23M	JN675345	EU035406
H	3791	230	91.2	+	0	0	18MD160MD26MD23M	JN675345	HQ871875
L	7619	168	*	*	*	*	*	DQ668348	*
H	7619	168	99.4	+	0	0	168M	EU266563	DQ668348
L	6686	207	*	*	*	*	*	AM882927	*
H	6686	207	99.5	+	0	0	207M	AJ889955	AM882927
L	8939	250	*	*	*	*	*	FJ810131	*
H	8939	250	99.2	+	0	0	2D143MI105MI	AY194536	FJ810131
L	4819	250	*	*	*	*	*	AY818348	*
H	4819	250	92.4	+	0	0	28MD99M4I10MI97MD11M3D	AY194536	AY818348
L	10773	250	*	*	*	*	*	JF961375	*
H	10773	250	92.0	+	0	0	6D244M6I	AY194536	JF961375
L	11339	250	*	*	*	*	*	EU057052	*
H	11339	250	96.4	+	0	0	8I242M8D	AY174817	EU057052
L	584	250	*	*	*	*	*	EU057028	*
H	584	250	91.2	+	0	0	8I162MI47MI19MD12M9D	AY174817	EU057028
L	11557	250	*	*	*	*	*	FJ039640	*
H	11557	250	90.4	+	0	0	8I53MI72MI84MI19MD11M10D	AY174817	FJ039640
L	4466	226	*	*	*	*	*	AY220807	*
H	4466	241	92.5	+	0	0	18M3D27M9D18MI28MI22M3D13MD73MD25M	AY220814	AY220807
L	4467	226	*	*	*	*	*	AY220810	*
H	4467	241	90.3	+	0	0	18M3D27M9D17MI51M3D87MD25M	AY220814	AY220810
L	10664	250	*	*	*	*	*	JF907980	*
H	10664	250	100.0	+	0	0	250M	AY176350	JF907980
L	9474	163	*	*	*	*	*	AB190390	*
H	9474	94	100.0	+	0	0	69I94M	HQ713776	AB190390
L	4694	250	*	*	*	*	*	AY562495	*
H	4694	250	98.8	+	0	0	58MD191MI	AY450338	AY562495
L	11090	250	*	*	*	*	*	U04088	*
H	11090	250	98.0	+	0	0	2D56MD89MD101M4I	AY450338	U04088
N	*	250	*	*	*	*	*	AY373293	*
L	8043	181	*	*	*	*	*	EU118646	*
H	8043	182	95.0	+	0	0	45MD136M	AJ419225	EU118646
N	*	223	*	*	*	*	*	AY425629	*
L	4530	220	*	*	*	*	*	AY425666	*
H	4530	220	95.5	+	0	0	220M	AY425664	AY425666
N	*	250	*	*	*	*	*	JQ723149	*
L	1620	250	*	*	*	*	*	FJ478115	*
H	1620	250	92.8	+	0	0	8I51MI81MI108M10D	AF059588	FJ478115
L	4571	250	*	*	*	*	*	AF059590	*
H	4571	250	90.4	+	0	0	51MI80MI117M2D	AF059588	AF059590
L	4581	211	*	*	*	*	*	AY498673	*
H	4581	215	97.2	+	0	0	120M4D91M	AY498663	AY498673
L	4578	211	*	*	*	*	*	AY498662	*
H	4578	215	97.6	+	0	0	120M4D91M	AY498663	AY498662
L	4579	209	*	*	*	*	*	AY498660	*
H	4579	215	97.6	+	0	0	96MD23M4D21MD69M	AY498663	AY498660
L	7015	212	*	*	*	*	*	AY498659	*
H	7015	212	96.7	+	0	0	71MD30MI110M	AY498676	AY498659
L	8381	210	*	*	*	*	*	EU670222	*
H	8381	212	97.1	+	0	0	13MD57MD24MI83MD32M	AY498676	EU670222
L	8378	210	*	*	*	*	*	EU670215	*
H	8378	212	97.6	+	0	0	71MD117MD22M	AY498676	EU670215
L	8217	150	*	*	*	*	*	EU517066	*
H	8217	150	100.0	+	0	0	150M	EU070925	EU517066
L	661	153	*	*	*	*	*	EU266508	*
H	661	150	94.0	+	0	0	57MI31MI37MI25M	EU070925	EU266508
L	10878	149	*	*	*	*	*	JN400813	*
H	10878	150	92.6	+	0	0	92MD57M	EU070925	JN400813
L	8118	178	*	*	*	*	*	GQ852806	*
H	8118	176	100.0	+	0	0	2I176M	GQ411058	GQ852806
L	7052	164	*	*	*	*	*	AY534224	*
H	7052	176	97.0	+	0	0	8D9MD9M2D17MD129M	GQ411058	AY534224
L	7154	177	*	*	*	*	*	AY738216	*
H	7154	176	95.5	+	0	0	2I53MD66MI15MD40M	GQ411058	AY738216
L	4622	228	*	*	*	*	*	AY513195	*
H	4622	226	100.0	+	0	0	189M2I37M	AY513175	AY513195
L	4621	225	*	*	*	*	*	AY513187	*
H	4621	226	97.8	+	0	0	2I17MD52MD86MD68M	AY513175	AY513187
L	4620	229	*	*	*	*	*	AY513182	*
H	4620	226	96.0	+	0	0	2I21M2I136MD68M	AY513175	AY513182
L	5892	220	*	*	*	*	*	AF139031	*
H	5892	220	99.5	+	0	0	220M	AF058039	AF139031
L	4683	220	*	*	*	*	*	AF058038	*
H	4683	220	96.8	+	0	0	220M	AF058039	AF058038
L	5995	221	*	*	*	*	*	AF228306	*
H	5995	220	94.5	+	0	0	192MI28M	AF058039	AF228306
L	7820	250	*	*	*	*	*	EF374132	*
H	7820	250	95.2	+	0	0	4D246M4I	AY571031	EF374132
L	8272	250	*	*	*	*	*	JF908140	*
H	8272	250	98.0	+	0	0	D178MD70M2I	UDB000616	JF908140
L	2157	250	*	*	*	*	*	AM882821	*
H	2157	250	94.0	+	0	0	D8MD16MD152MD70M4I	UDB000616	AM882821
L	3183	250	*	*	*	*	*	HQ604446	*
H	3183	250	93.6	+	0	0	D178MD61MD8M3I	UDB000616	HQ604446
L	6597	248	*	*	*	*	*	AM000035	*
H	6597	174	98.9	+	0	0	46I100MI74M27I	FJ897709	AM000035
L	6591	250	*	*	*	*	*	EU590654	*
H	6591	174	96.6	+	0	0	46I88M15I86M15I	FJ897709	EU590654
L	6590	250	*	*	*	*	*	AJ970142	*
H	6590	174	93.7	+	0	0	46I88M15I86M15I	FJ897709	AJ970142
L	5118	248	*	*	*	*	*	AB022408	*
H	5118	248	100.0	+	0	0	248M	AY789478	AB022408
L	6225	201	*	*	*	*	*	AF444553	*
H	6225	201	100.0	+	0	0	201M	AY789077	AF444553
L	9091	198	*	*	*	*	*	AF444551	*
H	9091	201	94.9	+	0	0	47MD53MD77MD21M	AY789077	AF444551
L	6367	219	*	*	*	*	*	AJ006667	*
H	6367	210	96.7	+	0	0	10I16MI24M3D33MI134M	AY672926	AJ006667
L	11622	210	*	*	*	*	*	Z37063	*
H	11622	210	93.3	+	0	0	8I43MD159M7D	AY672926	Z37063
L	6368	217	*	*	*	*	*	AY218416	*
H	6368	210	92.9	+	0	0	10I45M3D162M	AY672926	AY218416
H	11347	250	94.4	+	0	0	131MI79M7I32M8D	AY669592	U56025
L	11580	250	*	*	*	*	*	AF325580	*
H	11580	250	94.4	+	0	0	8D123MI79M7I40M	AY669592	AF325580
H	8532	250	94.0	+	0	0	131MI79M7I32M8D	AY669592	FJ717516
L	9893	250	*	*	*	*	*	GU233373	*
H	9893	250	96.4	+	0	0	123M2D8MI117MI	AY669604	GU233373
L	9609	250	*	*	*	*	*	GU233345	*
H	9609	250	100.0	+	0	0	250M	AY669641	GU233345
L	7132	250	*	*	*	*	*	GU222270	*
H	7132	250	94.0	+	0	0	100MI14MD39MI74MI20M2D	AY669641	GU222270
L	3617	250	*	*	*	*	*	EU660948	*
H	3617	250	93.2	+	0	0	29MD69MI15MD40MD43MI29MI22M	AY669641	EU660948
N	*	248	*	*	*	*	*	FJ171861	*
L	4948	212	*	*	*	*	*	AY877419	*
H	4948	213	98.1	+	0	0	7MD205M	AY877418	AY877419
L	5297	215	*	*	*	*	*	DQ366855	*
H	5297	213	95.8	+	0	0	7MD49M2I133MI23M	AY877418	DQ366855
L	4725	213	*	*	*	*	*	AY588109	*
H	4725	213	93.4	+	0	0	7MD49M2I119MD36M	AY877418	AY588109
L	8631	200	*	*	*	*	*	FJ157141	*
H	8631	199	99.5	+	0	0	143MI56M	DQ114744	FJ157141
L	8530	199	*	*	*	*	*	FJ717573	*
H	8530	199	96.5	+	0	0	22MI91MD85M	DQ114744	FJ717573
L	11284	201	*	*	*	*	*	UDB001136	*
H	11284	199	95.5	+	0	0	22MI66M2I25MD24MD31MI29M	DQ114744	UDB001136
N	*	225	*	*	*	*	*	DQ001296	*
L	6404	219	*	*	*	*	*	AJ247518	*
H	6404	216	96.8	+	0	0	10MI14MI103MI89M	AJ247516	AJ247518
L	6400	219	*	*	*	*	*	AJ247549	*
H	6400	216	95.8	+	0	0	10MI14MI103MI89M	AJ247516	AJ247549
L	6402	220	*	*	*	*	*	AJ247571	*
H	6402	216	94.4	+	0	0	10MI14MI103MI59MI30M	AJ247516	AJ247571
L	5039	216	*	*	*	*	*	AJ247534	*
H	5039	216	92.1	+	0	0	7M2I33MD46MI87MD27MD13M	AJ247523	AJ247534
L	5040	215	*	*	*	*	*	AJ247531	*
H	5040	216	90.7	+	0	0	2D5M2I80MI87MD27MD13M	AJ247523	AJ247531
L	10062	211	*	*	*	*	*	GQ422470	*
H	10062	201	99.5	+	0	0	10I201M	AY672918	GQ422470
L	9027	211	*	*	*	*	*	GQ422467	*
H	9027	201	95.0	+	0	0	10I201M	AY672918	GQ422467
L	7101	243	*	*	*	*	*	AY618666	*
H	7101	127	96.1	+	0	0	114I8M2I13MI4MI72MD7MD21M	AF218400	AY618666
L	6192	202	*	*	*	*	*	AF422972	*
H	6192	202	92.6	+	0	0	202M	AF181711	AF422972
N	*	95	*	*	*	*	*	DQ019348	*
L	5076	173	*	*	*	*	*	AF120259	*
H	5076	194	91.9	+	0	0	18M8D10M11D10M2D89MD22MI23M	AF145703	AF120259
L	3731	194	*	*	*	*	*	AF120262	*
H	3731	194	91.2	+	0	0	194M	AF145703	AF120262
L	8353	250	*	*	*	*	*	EU655678	*
H	8353	250	99.6	+	0	0	141MI108MD	DQ083797	EU655678
L	11275	250	*	*	*	*	*	EU655672	*
H	11275	250	90.4	+	0	0	118MD16M7D41MD46M2I20M7I	DQ083797	EU655672
H	6805	250	90.4	+	0	0	118MD16M7D41MD46M2I20M7I	DQ083797	FJ039648
L	7145	197	*	*	*	*	*	AY702001	*
H	7145	197	97.0	+	0	0	197M	DQ100460	AY702001
L	10818	191	*	*	*	*	*	FJ590572	*
H	10818	197	95.3	+	0	0	3D100M2I35MD24M3D9MD21M	DQ100460	FJ590572
L	5582	192	*	*	*	*	*	FJ771045	*
H	5582	197	96.4	+	0	0	99MD63M3D9MD21M	DQ100460	FJ771045
L	9537	237	*	*	*	*	*	GU187506	*
H	9537	240	97.9	+	0	0	155M2D55MD27M	DQ144611	GU187506
L	8525	233	*	*	*	*	*	EU819535	*
H	8525	231	97.4	+	0	0	I184MI47M	DQ200837	EU819535
L	3962	227	*	*	*	*	*	JF908544	*
H	3962	231	93.0	+	0	0	I38M2D56M2D78MD54M	DQ200837	JF908544
L	3960	226	*	*	*	*	*	JF908541	*
H	3960	231	90.7	+	0	0	I31M5D69MD68MD19MI37M	DQ200837	JF908541
L	7381	92	*	*	*	*	*	DQ206835	*
H	7381	92	98.9	+	0	0	92M	DQ206845	DQ206835
L	7380	92	*	*	*	*	*	DQ206840	*
H	7380	92	97.8	+	0	0	92M	DQ206845	DQ206840
L	7382	205	*	*	*	*	*	DQ218288	*
H	7382	205	98.0	+	0	0	205M	DQ218290	DQ218288
L	11056	149	*	*	*	*	*	JN022508	*
H	11056	205	94.6	+	0	0	56D149M	DQ218290	JN022508
L	9047	226	*	*	*	*	*	FJ907537	*
H	9047	226	100.0	+	0	0	226M	EF452453	FJ907537
L	5216	139	*	*	*	*	*	DQ201126	*
H	5216	135	92.6	+	0	0	17M4I61MD29MI27M	DQ223758	DQ201126
L	10831	250	*	*	*	*	*	AY484688	*
H	10831	250	96.0	+	0	0	13MD142MD93M2I	DQ232649	AY484688
L	4776	250	*	*	*	*	*	FJ223223	*
H	4776	250	92.4	+	0	0	121MI49MI70MD8MD	DQ232649	FJ223223
H	3091	250	91.6	+	0	0	240MD9MI	DQ232649	HM488747
L	7700	241	*	*	*	*	*	EF447388	*
H	7700	203	91.6	+	0	0	17MI17MI15MI7M2I31M18I16M8I60M5I13M2I27M	DQ243811	EF447388
N	*	205	*	*	*	*	*	DQ425023	*
L	7531	184	*	*	*	*	*	DQ431167	*
H	7531	190	91.3	+	0	0	15MD21M2D22MD14MD65MD47M	DQ431170	DQ431167
L	10130	184	*	*	*	*	*	DQ431180	*
H	10130	190	91.3	+	0	0	15MD21M2D37MD51MD13MD47M	DQ431170	DQ431180
L	8408	209	*	*	*	*	*	JQ346221	*
H	8408	208	98.6	+	0	0	91MI117M	AF083193	JQ346221
L	3540	210	*	*	*	*	*	FJ903377	*
H	3540	208	94.2	+	0	0	90M2I118M	AF083193	FJ903377
L	6840	207	*	*	*	*	*	EU450836	*
H	6840	208	92.8	+	0	0	4D18MI68M2I118M	AF083193	EU450836
L	8069	210	*	*	*	*	*	EU148597	*
H	8069	210	99.5	+	0	0	210M	AB027231	EU148597
L	5718	210	*	*	*	*	*	AB525928	*
H	5718	210	96.2	+	0	0	210M	AB027231	AB525928
H	2769	210	92.4	+	0	0	210M	AB027231	AB026134
L	8963	218	*	*	*	*	*	FJ824809	*
H	8963	212	100.0	+	0	0	6I212M	EU553337	FJ824809
L	3203	227	*	*	*	*	*	GQ250406	*
H	3203	245	96.5	+	0	0	8D35M2D20M4D23M2D118M2D31M	EU525997	GQ250406
L	10090	238	*	*	*	*	*	AB015701	*
H	10090	245	93.7	+	0	0	38MD26M4D23M2D11MD41M2I65MD32M	EU525997	AB015701
L	4629	240	*	*	*	*	*	AB015688	*
H	4629	245	90.8	+	0	0	38MD30M3D25MD60MI54MD32M	EU525997	AB015688
L	5650	240	*	*	*	*	*	AB458597	*
H	5650	163	98.8	+	0	0	77I163M	EU103986	AB458597
L	5859	250	*	*	*	*	*	AF109982	*
H	5859	250	98.0	+	0	0	204MI45MD	AF109968	AF109982
L	5526	177	*	*	*	*	*	AB180328	*
H	5526	177	95.5	+	0	0	177M	AB180320	AB180328
L	4805	177	*	*	*	*	*	AB180349	*
H	4805	177	93.8	+	0	0	18MI93M5D6MI17M3I38M	AB180320	AB180349
L	5529	178	*	*	*	*	*	AB180346	*
H	5529	177	95.5	+	0	0	52MI125M	AB180320	AB180346
L	6096	185	*	*	*	*	*	AF350306	*
H	6096	200	90.8	+	0	0	33M2D10M5D10M5D68M2D50MD14M	AB245116	AF350306
L	6097	184	*	*	*	*	*	AF350307	*
H	6097	200	90.2	+	0	0	33M2D10M5D10M5D68M2D12MD37MD14M	AB245116	AF350307
H	5677	166	99.4	+	0	0	166M	AB481285	AB481286
L	1422	168	*	*	*	*	*	U57991	*
H	1422	166	94.0	+	0	0	106MI12MI48M	AB481285	U57991
L	2490	192	*	*	*	*	*	AB508118	*
H	2490	166	91.0	+	0	0	8D57MI22M31I19MI9MI51M	AB481285	AB508118
N	*	123	*	*	*	*	*	AB509732	*
H	11447	222	99.1	+	0	0	66MI156M	AY061733	HQ604852
L	1529	213	*	*	*	*	*	EU248593	*
H	1529	222	96.2	+	0	0	8D58MI15M2D139M	AY061733	EU248593
H	9198	222	96.4	+	0	0	53MI13MI34M3I122M	AY061733	AY061710
L	10988	137	*	*	*	*	*	JN943151	*
H	10988	138	98.5	+	0	0	108MD29M	AB614112	JN943151
L	10989	134	*	*	*	*	*	JN943156	*
H	10989	138	97.0	+	0	0	68M3D37MD29M	AB614112	JN943156
L	10990	139	*	*	*	*	*	JN943157	*
H	10990	138	95.7	+	0	0	86MI52M	AB614112	JN943157
L	10802	139	*	*	*	*	*	JN053483	*
H	10802	139	100.0	+	0	0	139M	AF042453	JN053483
L	10733	250	*	*	*	*	*	AF491575	*
H	10733	250	96.0	+	0	0	250M	AF133178	AF491575
L	5942	175	*	*	*	*	*	AF134713	*
H	5942	175	99.4	+	0	0	175M	AF134711	AF134713
L	5890	182	*	*	*	*	*	AF134712	*
H	5890	175	94.9	+	0	0	23M8I83MD68M	AF134711	AF134712
L	6232	220	*	*	*	*	*	AF451776	*
H	6232	216	95.4	+	0	0	3I121MI95M	AF141369	AF451776
L	10631	235	*	*	*	*	*	FJ387565	*
H	10631	230	98.7	+	0	0	2I124MI106M2I	AF147491	FJ387565
L	5902	232	*	*	*	*	*	AF147494	*
H	5902	230	93.9	+	0	0	2I74MD6M2D140MI7M2I	AF147491	AF147494
L	5901	227	*	*	*	*	*	AF147493	*
H	5901	230	93.8	+	0	0	12MI26MD23MD15M2D8M2D140M2I	AF147491	AF147493
L	5988	201	*	*	*	*	*	AF225445	*
H	5988	199	98.5	+	0	0	65MI80MI54M	AF225442	AF225445
L	5992	200	*	*	*	*	*	AF225441	*
H	5992	199	94.5	+	0	0	175MI24M	AF225442	AF225441
L	5991	198	*	*	*	*	*	AF225440	*
H	5991	199	95.5	+	0	0	110MD32MI35MD20M	AF225442	AF225440
N	*	229	*	*	*	*	*	FJ527300	*
N	*	213	*	*	*	*	*	AF393718	*
L	2972	250	*	*	*	*	*	HM190068	*
H	2972	250	98.8	+	0	0	6MD243MI	AF402140	HM190068
L	782	250	*	*	*	*	*	EU526005	*
H	782	250	92.8	+	0	0	6MD24M2I218MD	AF402140	EU526005
L	81	250	*	*	*	*	*	DQ822793	*
H	81	250	92.8	+	0	0	6MD24M2I218MD	AF402140	DQ822793
L	9294	200	*	*	*	*	*	FJ969800	*
H	9294	199	98.0	+	0	0	18MI82MD74MI24M	AF422977	FJ969800
L	1797	96	*	*	*	*	*	AF455175	*
H	1797	95	98.9	+	0	0	77MI18M	AF455177	AF455175
L	9085	95	*	*	*	*	*	DQ530207	*
H	9085	95	97.9	+	0	0	95M	AF455177	DQ530207
L	6236	95	*	*	*	*	*	AF453844	*
H	6236	95	96.8	+	0	0	95M	AF455177	AF453844
L	3242	250	*	*	*	*	*	FM205911	*
H	3242	250	93.6	+	0	0	102MI121MD26M	GU207229	FM205911
L	9553	250	*	*	*	*	*	GU207228	*
H	9553	250	95.2	+	0	0	223MD26MI	GU207229	GU207228
L	2799	250	*	*	*	*	*	DQ534460	*
H	2799	250	91.6	+	0	0	223MD26MI	GU207229	DQ534460
N	*	223	*	*	*	*	*	AF455494	*
L	6258	178	*	*	*	*	*	AF462429	*
H	6258	178	100.0	+	0	0	178M	AF462426	AF462429
L	2412	232	*	*	*	*	*	JF908536	*
H	2412	232	96.1	+	0	0	232M	AF491590	JF908536
L	5888	233	*	*	*	*	*	AF133182	*
H	5888	232	95.7	+	0	0	34MI198M	AF491590	AF133182
L	6289	233	*	*	*	*	*	AF491594	*
H	6289	232	94.0	+	0	0	34MI198M	AF491590	AF491594
N	*	250	*	*	*	*	*	AJ229076	*
L	6396	218	*	*	*	*	*	AJ247521	*
H	6396	218	98.6	+	0	0	52MD101MD51M2I12M	AJ247520	AJ247521
L	6397	219	*	*	*	*	*	AJ247527	*
H	6397	220	98.6	+	0	0	117MI21MI40M2D22MD17M	AJ247526	AJ247527
L	1340	245	*	*	*	*	*	EU784429	*
H	1340	97	95.9	+	0	0	148I97M	FM205646	EU784429
L	6587	149	*	*	*	*	*	EU784427	*
H	6587	97	92.8	+	0	0	52I97M	FM205646	EU784427
L	11200	242	*	*	*	*	*	EU784423	*
H	11200	97	92.8	+	0	0	145I97M	FM205646	EU784423
N	*	107	*	*	*	*	*	FJ911892	*
L	6430	231	*	*	*	*	*	AJ301714	*
H	6430	225	99.6	+	0	0	8MD216M7I	AJ301700	AJ301714
L	179	230	*	*	*	*	*	FJ357310	*
H	179	225	97.3	+	0	0	8MD33MD124MI36MD21M7I	AJ301700	FJ357310
L	9446	231	*	*	*	*	*	GQ995476	*
H	9446	225	96.9	+	0	0	8MD33MD124MI58M7I	AJ301700	GQ995476
L	10401	118	*	*	*	*	*	HQ714794	*
H	10401	119	95.8	+	0	0	21MD97M	AJ555534	HQ714794
L	10702	122	*	*	*	*	*	JF908343	*
H	10702	119	91.6	+	0	0	83M3I14MI9MI11M2D	AJ555534	JF908343
L	4184	123	*	*	*	*	*	JN022499	*
H	4184	119	92.4	+	0	0	21MD15MD17M2I37M4I27M	AJ555534	JN022499
L	6617	250	*	*	*	*	*	AM182927	*
H	6617	250	95.2	+	0	0	137MD112MI	AM182921	AM182927
L	6634	250	*	*	*	*	*	AM279696	*
H	6634	250	99.6	+	0	0	44MI205MD	AM279464	AM279696
L	6707	245	*	*	*	*	*	AB302828	*
H	6707	250	98.4	+	0	0	8D36MI206M2I	AM279464	AB302828
L	6385	244	*	*	*	*	*	AB302814	*
H	6385	250	98.4	+	0	0	8D242M2I	AM279464	AB302814
N	*	250	*	*	*	*	*	AM882897	*
H	10284	202	96.3	+	0	0	40MI12M3D10MD16M2D52MD24M2D5M5D29M	AM882929	HQ604547
L	10650	197	*	*	*	*	*	JF900362	*
H	10650	197	100.0	+	0	0	197M	EU149807	JF900362
N	*	98	*	*	*	*	*	AY042923	*
L	3750	225	*	*	*	*	*	AJ006682	*
H	3750	218	100.0	+	0	0	7I218M	AY089737	AJ006682
L	10501	225	*	*	*	*	*	JF340289	*
H	10501	218	96.3	+	0	0	7I218M	AY089737	JF340289
L	10767	250	*	*	*	*	*	GU233371	*
H	10767	250	94.4	+	0	0	156M8I86M8D	AY174782	GU233371
H	3617	250	90.8	+	0	0	29MD32MD88M6I45MI49M5D	AY174782	EU660948
L	4868	250	*	*	*	*	*	AY669516	*
H	4868	250	90.0	+	0	0	63MD72MI17M7I28MD11MI30MD20M6D	AY174782	AY669516
L	11475	243	*	*	*	*	*	UDB011437	*
H	11475	247	95.9	+	0	0	2D6MD13MD25MD179MI19M	AY176458	UDB011437
L	9557	81	*	*	*	*	*	AF516521	*
H	9557	80	100.0	+	0	0	62MI18M	AY218419	AF516521
L	4796	231	*	*	*	*	*	AF079584	*
H	4796	80	100.0	+	0	0	150I62MI18M	AY218419	AF079584
L	7966	238	*	*	*	*	*	EU030178	*
H	7966	80	97.5	+	0	0	158I23MD38MI18M	AY218419	EU030178
L	9060	186	*	*	*	*	*	U35286	*
H	9060	199	98.4	+	0	0	10D69MD117M2D	AY261367	U35286
L	6453	245	*	*	*	*	*	AJ315827	*
H	6453	244	99.6	+	0	0	172MI72M	AF129853	AJ315827
L	6919	233	*	*	*	*	*	AY304513	*
H	6919	244	93.1	+	0	0	10D149MD84M	AF129853	AY304513
L	6409	237	*	*	*	*	*	AJ271562	*
H	6409	244	94.9	+	0	0	8D29MI106MD15MD17M2I67M	AF129853	AJ271562
L	5511	226	*	*	*	*	*	AB116870	*
H	5511	224	96.9	+	0	0	25MI135MI64M	AY471638	AB116870
L	10640	222	*	*	*	*	*	AY471633	*
H	10640	224	91.4	+	0	0	25MI40MI28M3D35MD92M	AY471638	AY471633
L	8384	209	*	*	*	*	*	EU670229	*
H	8384	210	95.7	+	0	0	13MD75MI78MD42M	AY498661	EU670229
L	8387	209	*	*	*	*	*	EU670233	*
H	8387	210	95.2	+	0	0	13MD75MI77MD43M	AY498661	EU670233
L	8382	210	*	*	*	*	*	EU670226	*
H	8382	210	91.9	+	0	0	42MI55MI19MD63MD29M	AY498667	EU670226
L	8383	209	*	*	*	*	*	EU670228	*
H	8383	210	95.2	+	0	0	42MI74MD64MD28M	AY498667	EU670228
L	5979	209	*	*	*	*	*	AF224374	*
H	5979	210	92.3	+	0	0	42MI53MI23MD24MD35MD30M	AY498667	AF224374
L	8789	179	*	*	*	*	*	AF449102	*
H	8789	178	100.0	+	0	0	102MI76M	EU851932	AF449102
L	218	167	*	*	*	*	*	EF011655	*
H	218	178	97.6	+	0	0	167M11D	EU851932	EF011655
H	2027	178	95.5	+	0	0	178M	EU851932	FJ641061
N	*	250	*	*	*	*	*	AY571059	*
H	8270	130	94.6	+	0	0	83I59MD13MD56M	AY624180	EU553339
H	3625	130	92.9	+	0	0	59MD5MD7MD56M	AY624180	EF512977
H	660	130	92.9	+	0	0	59MD5MD7MD56M	AY624180	EF512983
L	8558	250	*	*	*	*	*	EU851927	*
H	8558	250	100.0	+	0	0	250M	AY626984	EU851927
L	11257	201	*	*	*	*	*	JQ888160	*
H	11257	198	99.0	+	0	0	3I198M	FJ717531	JQ888160
L	7550	201	*	*	*	*	*	UDB002237	*
H	7550	198	98.5	+	0	0	3I198M	FJ717531	UDB002237
L	8119	198	*	*	*	*	*	EU259283	*
H	8119	198	97.0	+	0	0	3I127M3D68M	FJ717531	EU259283
L	9375	213	*	*	*	*	*	FJ907535	*
H	9375	213	100.0	+	0	0	213M	EF452492	FJ907535
L	7155	180	*	*	*	*	*	AY739779	*
H	7155	213	98.9	+	0	0	33D180M	EF452492	AY739779
L	433	216	*	*	*	*	*	EF452460	*
H	433	213	94.8	+	0	0	22MI20M2I171M	EF452492	EF452460
L	10865	250	*	*	*	*	*	JN367290	*
H	10865	249	94.4	+	0	0	2I4MI24M3I216M5D	AY740044	JN367290
L	6939	248	*	*	*	*	*	AY740020	*
H	6939	249	91.5	+	0	0	83MD36M3I37M2D35MD54M	AY740044	AY740020
L	7198	196	*	*	*	*	*	AY789297	*
H	7198	192	94.3	+	0	0	4I192M	AY789290	AY789297
L	7211	176	*	*	*	*	*	AY789434	*
H	7211	175	97.7	+	0	0	124MI51M	AY789333	AY789434
L	4921	176	*	*	*	*	*	AY789280	*
H	4921	175	96.0	+	0	0	132MI43M	AY789333	AY789280
L	7201	167	*	*	*	*	*	AY789320	*
H	7201	175	97.0	+	0	0	10D53MI32MI80M	AY789333	AY789320
L	7213	172	*	*	*	*	*	AY789429	*
H	7213	172	98.8	+	0	0	172M	AY789410	AY789429
L	1251	237	*	*	*	*	*	FJ845429	*
H	1251	229	94.8	+	0	0	56MI68M2D13M2D31M11I57M	AF418604	FJ845429
L	1528	232	*	*	*	*	*	AF418605	*
H	1528	229	96.9	+	0	0	56MI83MD19MI11MI35MI24M	AF418604	AF418605
L	5122	241	*	*	*	*	*	EU819422	*
H	5122	229	94.3	+	0	0	56M3I68MD14MD32M11I57M	AF418604	EU819422
L	7251	249	*	*	*	*	*	AY916465	*
H	7251	239	95.0	+	0	0	40MI60M3I8MI20M3I22MI43MI46M	AY916464	AY916465
N	*	198	*	*	*	*	*	AY916479	*
H	7381	204	96.7	+	0	0	111D64MD28M	JF908019	DQ206835
H	7380	204	95.7	+	0	0	111D64MD28M	JF908019	DQ206840
N	*	250	*	*	*	*	*	DQ001278	*
L	7597	250	*	*	*	*	*	DQ534486	*
H	7597	250	99.6	+	0	0	250M	DQ219308	DQ534486
N	*	250	*	*	*	*	*	AY569023	*
L	10852	225	*	*	*	*	*	FJ792584	*
H	10852	225	100.0	+	0	0	225M	DQ337381	FJ792584
L	2664	229	*	*	*	*	*	AF212308	*
H	2664	225	96.9	+	0	0	24MD27MI5MI72MI34M2I62M	DQ337381	AF212308
L	426	228	*	*	*	*	*	GQ241277	*
H	426	225	96.4	+	0	0	61MI26MI71MI67M	DQ337381	GQ241277
L	7491	230	*	*	*	*	*	DQ394388	*
H	7491	231	97.8	+	0	0	172MD58M	EF544572	DQ394388
L	7492	213	*	*	*	*	*	DQ394389	*
H	7492	231	97.2	+	0	0	36M18D118MD39MI19M	EF544572	DQ394389
N	*	152	*	*	*	*	*	DQ401567	*
L	7672	244	*	*	*	*	*	DQ898182	*
H	7672	246	92.2	+	0	0	105M3D111MI27M	DQ478660	DQ898182
L	159	244	*	*	*	*	*	DQ898187	*
H	159	246	93.4	+	0	0	105M3D111MI27M	DQ478660	DQ898187
L	9284	250	*	*	*	*	*	HM189800	*
H	9284	250	96.4	+	0	0	32M2D63MI24MD15MD43M2D67M5I	JQ711864	HM189800
L	2358	250	*	*	*	*	*	JF908299	*
H	2358	250	94.0	+	0	0	24MD96MD15MD112M3I	JQ711864	JF908299
L	652	250	*	*	*	*	*	EF493295	*
H	652	250	94.0	+	0	0	24MD96MD15MD112M3I	JQ711864	EF493295
L	8071	210	*	*	*	*	*	EU161239	*
H	8071	210	100.0	+	0	0	210M	DQ534481	EU161239
L	7988	226	*	*	*	*	*	EU041804	*
H	7988	97	95.9	+	0	0	129I97M	EU041805	EU041804
L	8259	228	*	*	*	*	*	EU552120	*
H	8259	228	100.0	+	0	0	228M	DQ923539	EU552120
L	3076	229	*	*	*	*	*	GU199417	*
H	3076	228	97.8	+	0	0	129MI99M	DQ923539	GU199417
L	3732	216	*	*	*	*	*	AY347374	*
H	3732	228	96.3	+	0	0	10D92M3D25MI98M	DQ923539	AY347374
L	9268	226	*	*	*	*	*	Z96990	*
H	9268	226	100.0	+	0	0	226M	Z96988	Z96990
N	*	250	*	*	*	*	*	EF053261	*
L	7750	250	*	*	*	*	*	EF093403	*
H	7750	250	97.6	+	0	0	189MD60MI	EF093299	EF093403
L	7748	250	*	*	*	*	*	EF093418	*
H	7748	250	97.6	+	0	0	189MD60MI	EF093299	EF093418
L	7736	250	*	*	*	*	*	EF093273	*
H	7736	250	97.6	+	0	0	189MD60MI	EF093299	EF093273
H	7785	245	98.8	+	0	0	245M	EF175514	EF175513
H	7787	245	93.0	+	0	0	33MD51MD38M2D34MI85M	EF175514	EF175526
H	341	245	92.9	+	0	0	2D31MD51MD41MD32MI85M	EF175514	EF175534
L	11008	237	*	*	*	*	*	JN943601	*
H	11008	236	91.1	+	0	0	3I56MD96MD82M	EF175521	JN943601
L	7783	239	*	*	*	*	*	EF175511	*
H	7783	236	90.3	+	0	0	5I56MD96MD82M	EF175521	EF175511
L	7786	247	*	*	*	*	*	EF175529	*
H	7786	236	90.3	+	0	0	4I19MI22M2I15MD17MI37M2I18M2I10MI12MD84M	EF175521	EF175529
L	10999	166	*	*	*	*	*	JN943456	*
H	10999	164	92.1	+	0	0	61MI48MI55M	EF520124	JN943456
L	646	196	*	*	*	*	*	GQ996574	*
H	646	193	90.7	+	0	0	4D78M5I18M2I93M	EF540753	GQ996574
L	10211	198	*	*	*	*	*	HQ449175	*
H	10211	193	90.2	+	0	0	37MI23MI30MI10M2I18MD16MI58M	EF540753	HQ449175
L	4072	216	*	*	*	*	*	AY373865	*
H	4072	209	99.5	+	0	0	8I174MD34M	EF652043	AY373865
L	9213	211	*	*	*	*	*	EF652039	*
H	9213	209	98.1	+	0	0	102M2I107M	EF652043	EF652039
L	589	230	*	*	*	*	*	EF652046	*
H	589	209	92.3	+	0	0	55MI30M19I17M2I75MD31M	EF652043	EF652046
N	*	93	*	*	*	*	*	EU030177	*
L	8687	250	*	*	*	*	*	FJ372388	*
H	8687	250	100.0	+	0	0	250M	EU035411	FJ372388
L	3588	250	*	*	*	*	*	AF506433	*
H	3588	250	100.0	+	0	0	250M	EU118643	AF506433
L	3589	250	*	*	*	*	*	AF506435	*
H	3589	250	100.0	+	0	0	250M	EU118643	AF506435
L	1542	250	*	*	*	*	*	AF310087	*
H	1542	250	99.6	+	0	0	250M	EU118643	AF310087
N	*	143	*	*	*	*	*	EU118666	*
L	8064	114	*	*	*	*	*	EU142936	*
H	8064	114	95.6	+	0	0	114M	EU142933	EU142936
L	10302	230	*	*	*	*	*	HQ605940	*
H	10302	230	93.0	+	0	0	8MI207MD14M	EU263923	HQ605940
L	9837	146	*	*	*	*	*	HE580151	*
H	9837	148	99.3	+	0	0	2D146M	EU266558	HE580151
L	10577	148	*	*	*	*	*	JF680900	*
H	10577	148	98.6	+	0	0	148M	EU266558	JF680900
L	6610	153	*	*	*	*	*	AM159634	*
H	6610	148	93.2	+	0	0	28M3I22MI34MI64M	EU266558	AM159634
L	10373	190	*	*	*	*	*	HQ676155	*
H	10373	190	91.1	+	0	0	190M	EU402556	HQ676155
L	9982	97	*	*	*	*	*	HM485387	*
H	9982	97	96.9	+	0	0	97M	GQ221448	HM485387
L	9981	97	*	*	*	*	*	HM485385	*
H	9981	97	94.8	+	0	0	97M	GQ221448	HM485385
L	11421	250	*	*	*	*	*	HM196012	*
H	11421	250	100.0	+	0	0	250M	UDB002430	HM196012
L	9912	250	*	*	*	*	*	AB015677	*
H	9912	250	100.0	+	0	0	250M	UDB002430	AB015677
L	8665	250	*	*	*	*	*	AB015679	*
H	8665	250	95.2	+	0	0	28MI69MI43MI17MD90M2D	UDB002430	AB015679
L	8314	242	*	*	*	*	*	EU598194	*
H	8314	244	91.7	+	0	0	26MD46MI98M2D71M	EU598153	EU598194
L	11286	200	*	*	*	*	*	UDB001165	*
H	11286	200	99.5	+	0	0	200M	UDB000935	UDB001165
L	7543	200	*	*	*	*	*	AJ889970	*
H	7543	200	96.0	+	0	0	63MD75MI61M	UDB000935	AJ889970
L	7549	198	*	*	*	*	*	HQ604725	*
H	7549	200	97.5	+	0	0	63MD104MD31M	UDB000935	HQ604725
L	8392	240	*	*	*	*	*	EU681302	*
H	8392	241	97.5	+	0	0	I34M2D205M	EU681303	EU681302
L	8393	238	*	*	*	*	*	EU681305	*
H	8393	241	95.8	+	0	0	35M2D101MD102M	EU681303	EU681305
L	8396	239	*	*	*	*	*	EU681308	*
H	8396	241	94.6	+	0	0	I35M2D101MD102M	EU681303	EU681308
L	8406	235	*	*	*	*	*	EU681326	*
H	8406	237	95.3	+	0	0	2D235M	EU681321	EU681326
L	8405	235	*	*	*	*	*	EU681325	*
H	8405	237	93.2	+	0	0	49M2D186M	EU681321	EU681325
L	8404	237	*	*	*	*	*	EU681324	*
H	8404	237	92.0	+	0	0	I66MD170M	EU681321	EU681324
L	10837	235	*	*	*	*	*	AF081447	*
H	10837	245	100.0	+	0	0	10D235M	JN943430	AF081447
L	2614	213	*	*	*	*	*	GQ352486	*
H	2614	245	93.9	+	0	0	22MD22M31D13M2I8MD122MD24M	JN943430	GQ352486
L	7646	197	*	*	*	*	*	GQ280375	*
H	7646	245	92.4	+	0	0	43M47D130MD24M	JN943430	GQ280375
L	10139	187	*	*	*	*	*	HQ222863	*
H	10139	188	92.5	+	0	0	33M2D93MD32M2I27M	JQ256430	HQ222863
L	8778	250	*	*	*	*	*	EU706330	*
H	8778	250	100.0	+	0	0	250M	EU706331	EU706330
L	8507	250	*	*	*	*	*	EU791581	*
H	8507	250	92.4	+	0	0	44MD21M2I44MD72MD39MI27M	EU706331	EU791581
L	10803	250	*	*	*	*	*	HM049561	*
H	10803	250	92.4	+	0	0	44MD21M2I44MD72MD39MI27M	EU706331	HM049561
L	8897	242	*	*	*	*	*	FJ710191	*
H	8897	242	100.0	+	0	0	242M	EU718093	FJ710191
L	5684	241	*	*	*	*	*	FJ710197	*
H	5684	242	90.5	+	0	0	37M4I36M3D27MD113MD24M	EU718093	FJ710197
N	*	250	*	*	*	*	*	EU784323	*
L	11504	239	*	*	*	*	*	UDB011527	*
H	11504	243	100.0	+	0	0	2D6MD14MD219M	EU784390	UDB011527
L	3529	201	*	*	*	*	*	HQ845172	*
H	3529	202	99.5	+	0	0	94MD107M	FJ717558	HQ845172
L	7548	196	*	*	*	*	*	UDB011348	*
H	7548	202	99.5	+	0	0	2D7M2D11MD71MD107M	FJ717558	UDB011348
L	4885	203	*	*	*	*	*	FJ039676	*
H	4885	202	94.6	+	0	0	35MI59MD17MD24MD38M3I26M	FJ717558	FJ039676
L	8549	250	*	*	*	*	*	EU846256	*
H	8549	250	90.8	+	0	0	25MD28M2D47MD84M2D17M5I43MI	EU846253	EU846256
L	9875	250	*	*	*	*	*	AF325578	*
H	9875	250	95.2	+	0	0	2D161M2D42MD42M5I	FJ157002	AF325578
L	1212	250	*	*	*	*	*	HQ604676	*
H	1212	250	93.6	+	0	0	125M2I117MI5M3D	FJ157002	HQ604676
L	9649	250	*	*	*	*	*	HQ604677	*
H	9649	250	90.0	+	0	0	25MI105M11D22M2D42MD34MI8M12I	FJ157002	HQ604677
L	11128	250	*	*	*	*	*	FJ157050	*
H	11128	250	97.2	+	0	0	7D243M7I	FJ157057	FJ157050
L	2316	250	*	*	*	*	*	GU233356	*
H	2316	250	92.8	+	0	0	85MD46MD40MD36M2D9MD11MI17M5I	FJ157057	GU233356
H	4868	250	90.0	+	0	0	85MD47MD14MD9MD12MD21MD16MD10MD15MD12M9I	FJ157057	AY669516
N	*	108	*	*	*	*	*	FJ167650	*
L	11382	222	*	*	*	*	*	UDB003228	*
H	11382	219	100.0	+	0	0	2I6MI213M	UDB011623	UDB003228
L	1740	236	*	*	*	*	*	FJ403218	*
H	1740	234	91.0	+	0	0	117M2I117M	FJ403211	FJ403218
L	8738	189	*	*	*	*	*	FJ431259	*
H	8738	184	91.3	+	0	0	8MI80M2I20M2D20MI8MI12M2I34M	FJ431258	FJ431259
L	11025	250	*	*	*	*	*	JN944082	*
H	11025	250	94.0	+	0	0	48MD12MI56MI20MD112M	FJ481050	JN944082
L	4485	250	*	*	*	*	*	AY176442	*
H	4485	250	90.8	+	0	0	46MD203MI	FJ481050	AY176442
L	8891	223	*	*	*	*	*	FJ708927	*
H	8891	183	94.0	+	0	0	43I68MD43MI37M3D31M	GQ292453	FJ708927
L	3362	178	*	*	*	*	*	AY257968	*
H	3362	183	92.1	+	0	0	71MD55MD20M3D32M	GQ292453	AY257968
L	7331	162	*	*	*	*	*	FM878017	*
H	7331	183	97.5	+	0	0	36M5D8M5D42M5D42M6D34M	FJ627253	FM878017
L	5748	140	*	*	*	*	*	JN159580	*
H	5748	183	91.4	+	0	0	6D21M35D79M2D40M	FJ627253	JN159580
L	2354	132	*	*	*	*	*	FM878008	*
H	2354	183	93.2	+	0	0	6D17M4D9M30D30M5D42M6D34M	FJ627253	FM878008
L	8878	208	*	*	*	*	*	FJ664825	*
H	8878	208	99.5	+	0	0	208M	FJ664824	FJ664825
L	10897	206	*	*	*	*	*	FJ664862	*
H	10897	208	91.3	+	0	0	154M3D20MI31M	FJ664824	FJ664862
L	10151	179	*	*	*	*	*	HQ248204	*
H	10151	179	97.8	+	0	0	179M	AY821864	HQ248204
H	9071	240	93.0	+	0	0	43M4D26MD7M4D94MD25MD34M	FJ839613	FJ903347
H	9469	240	92.6	+	0	0	43M4D26MD7M4D94MD25MD34M	FJ839613	FN868458
L	9381	229	*	*	*	*	*	FJ433875	*
H	9381	240	93.4	+	0	0	43M4D26MD10M4D91MD25MD34M	FJ839613	FJ433875
L	10682	203	*	*	*	*	*	AF430252	*
H	10682	196	93.9	+	0	0	35MI21MD30MI24M4I13MI22MI50M	FJ845410	AF430252
L	10681	204	*	*	*	*	*	JF908070	*
H	10681	196	93.4	+	0	0	35MI21MD30MI24M4I13MI22MI27MI23M	FJ845410	JF908070
L	11559	200	*	*	*	*	*	UDB011745	*
H	11559	196	92.3	+	0	0	2D6MD22MI25MD30MI24M4I13MI22MI50M	FJ845410	UDB011745
L	939	207	*	*	*	*	*	EU715623	*
H	939	211	95.7	+	0	0	4D101MI19MD86M	FJ884194	EU715623
L	9823	211	*	*	*	*	*	GU991523	*
H	9823	211	94.3	+	0	0	211M	FJ884194	GU991523
L	2586	211	*	*	*	*	*	GU324739	*
H	2586	211	93.4	+	0	0	211M	FJ884194	GU324739
L	10889	222	*	*	*	*	*	JN592508	*
H	10889	230	100.0	+	0	0	8D222M	FJ903307	JN592508
L	950	220	*	*	*	*	*	AY636061	*
H	950	230	90.5	+	0	0	8D106MD22MD92M	FJ903307	AY636061
N	*	246	*	*	*	*	*	FN550885	*
L	5311	216	*	*	*	*	*	DQ384594	*
H	5311	216	94.4	+	0	0	2D75MI10MI61MI25MD42M	AY599566	DQ384594
L	3738	207	*	*	*	*	*	JF950573	*
H	3738	216	95.7	+	0	0	8D44M2D35MI127M	AY599566	JF950573
L	3737	215	*	*	*	*	*	JF950566	*
H	3737	216	91.6	+	0	0	8D42M6I39MI127M	AY599566	JF950566
L	9280	212	*	*	*	*	*	GQ169315	*
H	9280	210	99.0	+	0	0	2I210M	GQ169314	GQ169315
L	11529	250	*	*	*	*	*	EU784415	*
H	11529	250	98.0	+	0	0	3I247M3D	GU066837	EU784415
L	9368	227	*	*	*	*	*	EU014067	*
H	9368	227	100.0	+	0	0	227M	GQ479835	EU014067
L	9365	225	*	*	*	*	*	GQ479852	*
H	9365	227	95.1	+	0	0	59MD11MD155M	GQ479835	GQ479852
L	1890	225	*	*	*	*	*	GQ328756	*
H	1890	227	94.7	+	0	0	56MD14MD155M	GQ479835	GQ328756
L	9429	207	*	*	*	*	*	GQ925397	*
H	9429	206	98.5	+	0	0	137MI69M	GQ925396	GQ925397
L	9430	202	*	*	*	*	*	GQ925400	*
H	9430	206	92.1	+	0	0	26M2D23MI86MD43M2D23M	GQ925396	GQ925400
H	9430	202	98.5	+	0	0	202M	GQ925398	GQ925400
H	9429	202	93.6	+	0	0	26M2I23MD88M2I41M2I23M	GQ925398	GQ925397
L	9899	178	*	*	*	*	*	EF408554	*
H	9899	179	100.0	+	0	0	114MD64M	GU078451	EF408554
H	9823	209	95.2	+	0	0	91M2I118M	GU373810	GU991523
L	8435	211	*	*	*	*	*	EU715684	*
H	8435	209	94.7	+	0	0	92M2I117M	GU373810	EU715684
H	2586	209	92.8	+	0	0	91M2I118M	GU373810	GU324739
L	9795	173	*	*	*	*	*	EF495240	*
H	9795	186	91.3	+	0	0	84M13D89M	GU479900	EF495240
L	10451	168	*	*	*	*	*	GQ411326	*
H	10451	186	91.7	+	0	0	8D50MD28M9D90M	GU479900	GQ411326
L	11377	250	*	*	*	*	*	FJ816640	*
H	11377	250	100.0	+	0	0	250M	FJ816639	FJ816640
L	3919	250	*	*	*	*	*	FJ168588	*
H	3919	250	94.4	+	0	0	54MD95M7I81MD13M5D	FJ816639	FJ168588
L	2900	250	*	*	*	*	*	FJ168580	*
H	2900	250	92.4	+	0	0	55MD94M7I79MD15M5D	FJ816639	FJ168580
L	9909	227	*	*	*	*	*	HM135662	*
H	9909	228	96.5	+	0	0	118MD109M	HM135673	HM135662
L	11466	250	*	*	*	*	*	HM562144	*
H	11466	250	98.0	+	0	0	2I10MD238MD	HM562117	HM562144
L	10020	250	*	*	*	*	*	HM562186	*
H	10020	250	93.6	+	0	0	3I247M3D	HM562117	HM562186
L	10027	250	*	*	*	*	*	FJ774081	*
H	10027	250	91.6	+	0	0	3I137M2D47MD57MD5MI	HM562117	FJ774081
L	10031	222	*	*	*	*	*	HM578947	*
H	10031	222	97.3	+	0	0	222M	HM578948	HM578947
L	10029	223	*	*	*	*	*	HM579016	*
H	10029	222	96.4	+	0	0	54M2I135MD32M	HM578948	HM579016
L	3359	230	*	*	*	*	*	HM578955	*
H	3359	222	95.9	+	0	0	157M7I46MI19M	HM578948	HM578955
L	10067	211	*	*	*	*	*	EU639635	*
H	10067	217	94.3	+	0	0	45MD13MD42MI92M5D18M	EU639633	EU639635
L	10066	242	*	*	*	*	*	HM800868	*
H	10066	217	94.9	+	0	0	23I35M2I182M	EU639633	HM800868
L	10065	239	*	*	*	*	*	HM800862	*
H	10065	217	92.2	+	0	0	23I40M2I34MD60M2D80M	EU639633	HM800862
N	*	249	*	*	*	*	*	HQ436123	*
L	772	250	*	*	*	*	*	EU523584	*
H	772	250	94.4	+	0	0	4D123MI41M3D19MI26MI34M4I	HQ604084	EU523584
L	9359	250	*	*	*	*	*	UDB011885	*
H	9359	250	91.6	+	0	0	49M3D67M3I47M5D79M5I	HQ604084	UDB011885
L	3165	250	*	*	*	*	*	HQ604080	*
H	3165	250	90.0	+	0	0	51M5D19M2I34M2D8M4D43M9D21M6I25MI9MI20M10I	HQ604084	HQ604080
L	10617	125	*	*	*	*	*	AJ131688	*
H	10617	124	95.2	+	0	0	91MI33M	HQ914933	AJ131688
L	1993	207	*	*	*	*	*	FJ422904	*
H	1993	208	98.1	+	0	0	D207M	JF271756	FJ422904
L	10234	214	*	*	*	*	*	HQ536996	*
H	10234	208	97.6	+	0	0	5I115MI93M	JF271756	HQ536996
L	10216	215	*	*	*	*	*	GQ857658	*
H	10216	208	98.1	+	0	0	5I58MI52MI98M	JF271756	GQ857658
L	10639	141	*	*	*	*	*	FJ009609	*
H	10639	144	95.7	+	0	0	106M3D35M	JF820469	FJ009609
L	1295	143	*	*	*	*	*	AJ968409	*
H	1295	144	97.2	+	0	0	98MI17M2D27M	JF820469	AJ968409
L	8605	147	*	*	*	*	*	EF989107	*
H	8605	144	95.8	+	0	0	40M4I58MI17M2D27M	JF820469	EF989107
N	*	250	*	*	*	*	*	JF907971	*
L	10722	250	*	*	*	*	*	JF908434	*
H	10722	250	94.8	+	0	0	4I41M2D58MD70M3D75M2I	JF908387	JF908434
L	10890	238	*	*	*	*	*	JN596323	*
H	10890	238	94.5	+	0	0	238M	JN596324	JN596323
N	*	201	*	*	*	*	*	U04207	*
H	7549	198	98.0	+	0	0	198M	AY083179	HQ604725
L	9984	198	*	*	*	*	*	JQ724023	*
H	9984	198	98.0	+	0	0	198M	AY083179	JQ724023
H	7543	198	97.5	+	0	0	142MI29MI27M	AY083179	AJ889970
L	11210	232	*	*	*	*	*	AM113959	*
H	11210	232	99.6	+	0	0	232M	AF418620	AM113959
L	1240	231	*	*	*	*	*	EU486452	*
H	1240	232	96.5	+	0	0	138MD93M	AF418620	EU486452
L	3108	232	*	*	*	*	*	HQ604844	*
H	3108	232	96.6	+	0	0	138MD47MI46M	AF418620	HQ604844
N	*	239	*	*	*	*	*	UDB002374	*
L	11515	250	*	*	*	*	*	UDB011575	*
H	11515	250	96.8	+	0	0	2D6MD13MD176M2I51M2I	EU160589	UDB011575
L	1694	250	*	*	*	*	*	FJ845443	*
H	1694	250	93.2	+	0	0	29MI50MD72M2D20MD30MI45M2I	EU160589	FJ845443
L	11519	250	*	*	*	*	*	UDB011586	*
H	11519	250	91.6	+	0	0	2D6MD13M2I54MI76MD19MD14M2D46MI15M3I	EU160589	UDB011586
D	12	3	*	*	*	*	91.9	DQ525495	*
D	23	2	*	*	*	*	91.7	DQ322129	*
D	159	2	*	*	*	*	93.4	DQ898187	*
D	180	2	*	*	*	*	98.4	FJ459970	*
D	245	2	*	*	*	*	100.0	EF203927	*
D	274	2	*	*	*	*	93.3	AM418552	*
D	275	2	*	*	*	*	98.3	EF457901	*
D	287	2	*	*	*	*	100.0	GU017496	*
D	321	2	*	*	*	*	100.0	GU062198	*
D	334	2	*	*	*	*	93.9	AF310169	*
D	337	2	*	*	*	*	98.1	AF228650	*
D	400	2	*	*	*	*	92.6	EF546655	*
D	462	2	*	*	*	*	96.6	AF297672	*
D	597	2	*	*	*	*	94.3	EU014059	*
D	646	2	*	*	*	*	90.7	GQ996574	*
D	655	2	*	*	*	*	94.4	FJ538351	*
D	676	2	*	*	*	*	97.8	AF455401	*
D	691	2	*	*	*	*	97.9	AM085519	*
D	702	2	*	*	*	*	100.0	EU365854	*
D	772	2	*	*	*	*	94.4	EU523584	*
D	813	2	*	*	*	*	98.2	AF410821	*
D	849	2	*	*	*	*	94.3	AF391012	*
D	877	2	*	*	*	*	96.2	EU639638	*
D	920	2	*	*	*	*	98.2	AF350027	*
D	938	2	*	*	*	*	99.5	AF201707	*
D	939	2	*	*	*	*	95.7	EU715623	*
D	995	2	*	*	*	*	98.9	EU552139	*
D	1068	2	*	*	*	*	92.9	EU837230	*
D	1122	2	*	*	*	*	94.4	GQ250404	*
D	1125	2	*	*	*	*	100.0	AY725528	*
D	1169	2	*	*	*	*	97.6	FJ008986	*
D	1243	2	*	*	*	*	98.4	FJ717529	*
D	1244	2	*	*	*	*	100.0	FJ157120	*
D	1265	2	*	*	*	*	99.3	FJ172293	*
D	1278	2	*	*	*	*	100.0	FJ205468	*
D	1295	2	*	*	*	*	97.2	AJ968409	*
D	1340	2	*	*	*	*	95.9	EU784429	*
D	1416	2	*	*	*	*	100.0	GQ340556	*
D	1448	2	*	*	*	*	99.2	EU862220	*
D	1455	3	*	*	*	*	99.3	FJ499445	*
D	1474	2	*	*	*	*	100.0	FJ479632	*
D	1494	2	*	*	*	*	97.6	EU878427	*
D	1508	2	*	*	*	*	95.7	AB291763	*
D	1528	2	*	*	*	*	96.9	AF418605	*
D	1546	2	*	*	*	*	96.6	FJ532372	*
D	1565	2	*	*	*	*	100.0	FJ602999	*
D	1586	2	*	*	*	*	98.0	AB378741	*
D	1620	2	*	*	*	*	92.8	FJ478115	*
D	1621	2	*	*	*	*	99.3	FM878001	*
D	1705	2	*	*	*	*	99.4	FJ861967	*
D	1718	2	*	*	*	*	92.5	EU863522	*
D	1720	2	*	*	*	*	100.0	EF202594	*
D	1740	2	*	*	*	*	91.0	FJ403218	*
D	1754	2	*	*	*	*	92.0	U66450	*
D	1781	2	*	*	*	*	94.7	FJ871076	*
D	1782	2	*	*	*	*	95.8	FJ871073	*
D	1788	2	*	*	*	*	97.9	FJ871090	*
D	1797	2	*	*	*	*	98.9	AF455175	*
D	1821	2	*	*	*	*	94.3	FJ411097	*
D	1823	2	*	*	*	*	93.0	FJ357314	*
D	1829	2	*	*	*	*	94.3	FJ664833	*
D	1876	2	*	*	*	*	94.8	FJ431272	*
D	1880	2	*	*	*	*	95.7	FJ431280	*
D	1894	2	*	*	*	*	94.0	GQ165663	*
D	1956	2	*	*	*	*	93.0	FJ157122	*
D	2034	2	*	*	*	*	99.0	GQ397988	*
D	2035	2	*	*	*	*	98.0	GQ397989	*
D	2040	2	*	*	*	*	97.9	DQ083010	*
D	2096	2	*	*	*	*	98.0	GQ981516	*
D	2114	2	*	*	*	*	96.0	U63477	*
D	2123	2	*	*	*	*	100.0	GQ922537	*
D	2124	2	*	*	*	*	94.3	GQ922540	*
D	2140	2	*	*	*	*	100.0	GU108605	*
D	2141	2	*	*	*	*	100.0	GQ852796	*
D	2148	2	*	*	*	*	90.6	FJ859343	*
D	2192	2	*	*	*	*	100.0	EU417874	*
D	2196	2	*	*	*	*	94.3	GU171370	*
D	2256	2	*	*	*	*	100.0	GU138713	*
D	2259	2	*	*	*	*	94.4	FJ861986	*
D	2275	2	*	*	*	*	100.0	FJ900601	*
D	2330	2	*	*	*	*	94.8	DQ787326	*
D	2350	2	*	*	*	*	99.6	EU681349	*
D	2373	2	*	*	*	*	97.2	FJ769310	*
D	2408	2	*	*	*	*	99.2	GU373520	*
D	2412	2	*	*	*	*	96.1	JF908536	*
D	2445	2	*	*	*	*	100.0	HQ586857	*
D	2547	2	*	*	*	*	100.0	AY751458	*
D	2599	2	*	*	*	*	95.5	GQ852768	*
D	2601	2	*	*	*	*	100.0	FJ614639	*
D	2633	2	*	*	*	*	92.0	FM163180	*
D	2662	2	*	*	*	*	99.5	GQ344600	*
D	2723	2	*	*	*	*	99.2	EF552702	*
D	2778	2	*	*	*	*	98.0	EU047934	*
D	2790	2	*	*	*	*	97.4	HM538502	*
D	2972	2	*	*	*	*	98.8	HM190068	*
D	2999	2	*	*	*	*	96.4	FJ774075	*
D	3022	2	*	*	*	*	98.1	EF585533	*
D	3043	2	*	*	*	*	95.1	HM161460	*
D	3044	2	*	*	*	*	99.2	FJ609268	*
D	3071	2	*	*	*	*	98.4	FJ411410	*
D	3077	2	*	*	*	*	99.1	HQ589142	*
D	3094	2	*	*	*	*	97.8	GU981735	*
D	3097	2	*	*	*	*	95.0	HQ384388	*
D	3144	2	*	*	*	*	96.3	GU300776	*
D	3199	2	*	*	*	*	95.4	AY599575	*
D	3203	2	*	*	*	*	96.5	GQ250406	*
D	3213	2	*	*	*	*	98.8	HM005143	*
D	3336	2	*	*	*	*	95.3	AY303604	*
D	3522	2	*	*	*	*	93.8	GQ922570	*
D	3529	2	*	*	*	*	99.5	HQ845172	*
D	3589	2	*	*	*	*	100.0	AF506435	*
D	3603	2	*	*	*	*	95.2	AF516582	*
D	3613	2	*	*	*	*	96.9	AF532167	*
D	3625	2	*	*	*	*	94.5	EF512977	*
D	3675	2	*	*	*	*	99.5	DQ383645	*
D	3715	2	*	*	*	*	97.6	HQ667594	*
D	3735	2	*	*	*	*	98.4	FN539055	*
D	3738	2	*	*	*	*	95.7	JF950573	*
D	3740	2	*	*	*	*	97.0	GU222293	*
D	3745	2	*	*	*	*	100.0	HQ586870	*
D	3750	2	*	*	*	*	100.0	AJ006682	*
D	3798	2	*	*	*	*	97.4	AY035654	*
D	3851	2	*	*	*	*	94.0	U72259	*
D	3863	2	*	*	*	*	96.2	JF439138	*
D	3870	2	*	*	*	*	100.0	FJ884748	*
D	3974	2	*	*	*	*	96.4	JF908641	*
D	4027	2	*	*	*	*	96.1	EU551184	*
D	4038	2	*	*	*	*	99.1	JN009712	*
D	4072	2	*	*	*	*	99.5	AY373865	*
D	4085	2	*	*	*	*	97.1	FM205698	*
D	4102	2	*	*	*	*	98.4	JN232143	*
D	4113	2	*	*	*	*	99.2	AJ309343	*
D	4130	2	*	*	*	*	98.6	FJ845433	*
D	4154	2	*	*	*	*	100.0	HQ201351	*
D	4214	2	*	*	*	*	90.1	JN942355	*
D	4215	2	*	*	*	*	100.0	AF201728	*
D	4224	2	*	*	*	*	98.5	JN865202	*
D	4254	2	*	*	*	*	100.0	GU453166	*
D	4257	2	*	*	*	*	97.8	GU723407	*
D	4259	2	*	*	*	*	96.1	JN813401	*
D	4272	2	*	*	*	*	93.4	JN943324	*
D	4293	2	*	*	*	*	100.0	JN565297	*
D	4314	2	*	*	*	*	94.2	JQ350862	*
D	4383	2	*	*	*	*	99.5	JN565298	*
D	4407	2	*	*	*	*	100.0	FJ231436	*
D	4418	2	*	*	*	*	96.4	AY728200	*
D	4456	2	*	*	*	*	99.5	FJ903283	*
D	4466	2	*	*	*	*	92.5	AY220807	*
D	4482	2	*	*	*	*	91.2	AY176419	*
D	4530	2	*	*	*	*	95.5	AY425666	*
D	4578	2	*	*	*	*	97.6	AY498662	*
D	4603	2	*	*	*	*	100.0	AJ418742	*
D	4614	2	*	*	*	*	99.5	AF122028	*
D	4622	2	*	*	*	*	100.0	AY513195	*
D	4665	2	*	*	*	*	99.1	AY533702	*
D	4681	2	*	*	*	*	99.6	AJ617490	*
D	4694	2	*	*	*	*	98.8	AY562495	*
D	4741	2	*	*	*	*	95.0	AY558750	*
D	4755	2	*	*	*	*	100.0	AY661686	*
D	4774	2	*	*	*	*	97.7	AY737776	*
D	4796	2	*	*	*	*	100.0	AF079584	*
D	4843	2	*	*	*	*	98.6	AY854070	*
D	4901	2	*	*	*	*	95.2	EF989117	*
D	4922	2	*	*	*	*	91.5	AY789304	*
D	4948	2	*	*	*	*	98.1	AY877419	*
D	4960	2	*	*	*	*	94.0	DQ001401	*
D	5021	2	*	*	*	*	92.4	AH008979	*
D	5031	2	*	*	*	*	92.3	AY773446	*
D	5039	2	*	*	*	*	92.1	AJ247534	*
D	5076	2	*	*	*	*	91.9	AF120259	*
D	5101	2	*	*	*	*	100.0	FJ884153	*
D	5117	2	*	*	*	*	100.0	AF073358	*
D	5118	2	*	*	*	*	100.0	AB022408	*
D	5144	2	*	*	*	*	96.3	DQ195789	*
D	5155	2	*	*	*	*	100.0	AB027373	*
D	5156	2	*	*	*	*	90.1	AJ309351	*
D	5157	3	*	*	*	*	91.8	AB027376	*
D	5170	2	*	*	*	*	90.6	FJ903339	*
D	5195	2	*	*	*	*	97.6	AF210664	*
D	5207	2	*	*	*	*	96.0	DQ243789	*
D	5215	2	*	*	*	*	92.4	FJ605260	*
D	5216	2	*	*	*	*	92.6	DQ201126	*
D	5220	2	*	*	*	*	95.2	EF141537	*
D	5319	2	*	*	*	*	98.0	DQ394397	*
D	5348	2	*	*	*	*	96.4	EU424302	*
D	5370	2	*	*	*	*	99.6	EF493287	*
D	5425	2	*	*	*	*	97.4	DQ404353	*
D	5433	2	*	*	*	*	95.2	GU290228	*
D	5507	2	*	*	*	*	97.3	AB115656	*
D	5511	2	*	*	*	*	96.9	AB116870	*
D	5529	2	*	*	*	*	95.5	AB180346	*
D	5555	2	*	*	*	*	93.6	FJ439582	*
D	5573	2	*	*	*	*	92.0	AB245117	*
D	5617	2	*	*	*	*	94.4	AB361031	*
D	5624	2	*	*	*	*	100.0	FJ466709	*
D	5650	2	*	*	*	*	98.8	AB458597	*
D	5673	2	*	*	*	*	97.4	AB481264	*
D	5677	2	*	*	*	*	99.4	AB481286	*
D	5720	2	*	*	*	*	99.0	AB525920	*
D	5721	2	*	*	*	*	100.0	AF011317	*
D	5735	2	*	*	*	*	100.0	AB614131	*
D	5754	2	*	*	*	*	98.1	FJ554516	*
D	5804	2	*	*	*	*	95.6	AF062933	*
D	5856	2	*	*	*	*	90.2	FJ545234	*
D	5859	2	*	*	*	*	98.0	AF109982	*
D	5892	2	*	*	*	*	99.5	AF139031	*
D	5934	2	*	*	*	*	96.1	EU301057	*
D	5942	2	*	*	*	*	99.4	AF134713	*
D	5988	2	*	*	*	*	98.5	AF225445	*
D	6096	2	*	*	*	*	90.8	AF350306	*
D	6166	2	*	*	*	*	100.0	AF392990	*
D	6192	2	*	*	*	*	92.6	AF422972	*
D	6225	2	*	*	*	*	100.0	AF444553	*
D	6232	2	*	*	*	*	95.4	AF451776	*
D	6258	2	*	*	*	*	100.0	AF462429	*
D	6313	2	*	*	*	*	98.0	FJ379263	*
D	6327	2	*	*	*	*	98.8	AF506471	*
D	6330	2	*	*	*	*	99.6	AF506488	*
D	6341	2	*	*	*	*	98.2	AF516556	*
D	6367	2	*	*	*	*	96.7	AJ006667	*
D	6396	2	*	*	*	*	98.6	AJ247521	*
D	6397	2	*	*	*	*	98.6	AJ247527	*
D	6404	2	*	*	*	*	96.8	AJ247518	*
D	6430	2	*	*	*	*	99.6	AJ301714	*
D	6453	2	*	*	*	*	99.6	AJ315827	*
D	6521	2	*	*	*	*	95.2	AJ555532	*
D	6597	2	*	*	*	*	98.9	AM000035	*
D	6604	2	*	*	*	*	100.0	AM159621	*
D	6612	2	*	*	*	*	100.0	AM159636	*
D	6617	2	*	*	*	*	95.2	AM182927	*
D	6634	2	*	*	*	*	99.6	AM279696	*
D	6686	2	*	*	*	*	99.5	AM882927	*
D	6691	2	*	*	*	*	90.8	AM882957	*
D	6752	2	*	*	*	*	98.8	AY061736	*
D	6788	2	*	*	*	*	99.0	FJ230995	*
D	6791	2	*	*	*	*	98.0	AY144553	*
D	6807	2	*	*	*	*	96.4	EU784164	*
D	6889	2	*	*	*	*	99.0	AY245635	*
D	6915	2	*	*	*	*	99.6	GQ142013	*
D	6917	2	*	*	*	*	97.9	AY303629	*
D	7009	2	*	*	*	*	92.8	AY484681	*
D	7047	2	*	*	*	*	100.0	AY532006	*
D	7101	2	*	*	*	*	96.1	AY618666	*
D	7117	2	*	*	*	*	95.6	FJ613256	*
D	7123	2	*	*	*	*	95.8	AY646404	*
D	7139	2	*	*	*	*	99.0	AY681204	*
D	7141	2	*	*	*	*	95.2	AY683172	*
D	7145	2	*	*	*	*	97.0	AY702001	*
D	7198	2	*	*	*	*	94.3	AY789297	*
D	7211	2	*	*	*	*	97.7	AY789434	*
D	7213	2	*	*	*	*	98.8	AY789429	*
D	7238	2	*	*	*	*	100.0	AY884181	*
D	7251	2	*	*	*	*	95.0	AY916465	*
D	7270	2	*	*	*	*	91.3	FJ235152	*
D	7316	2	*	*	*	*	97.9	GQ215695	*
D	7331	2	*	*	*	*	97.5	FM878017	*
D	7359	2	*	*	*	*	100.0	DQ155287	*
D	7381	3	*	*	*	*	97.8	DQ206835	*
D	7382	2	*	*	*	*	98.0	DQ218288	*
D	7430	2	*	*	*	*	97.7	EU254875	*
D	7491	2	*	*	*	*	97.8	DQ394388	*
D	7544	2	*	*	*	*	97.6	FJ157034	*
D	7553	2	*	*	*	*	100.0	DQ482004	*
D	7589	2	*	*	*	*	100.0	DQ534407	*
D	7597	2	*	*	*	*	99.6	DQ534486	*
D	7608	2	*	*	*	*	98.0	DQ646686	*
D	7619	2	*	*	*	*	99.4	DQ668348	*
D	7627	2	*	*	*	*	94.6	EU598172	*
D	7628	2	*	*	*	*	100.0	FJ441642	*
D	7656	2	*	*	*	*	98.8	DQ866999	*
D	7700	2	*	*	*	*	91.6	EF447388	*
D	7736	2	*	*	*	*	97.6	EF093273	*
D	7785	2	*	*	*	*	98.8	EF175513	*
D	7787	2	*	*	*	*	94.2	EF175526	*
D	7804	2	*	*	*	*	100.0	GU327641	*
D	7820	2	*	*	*	*	95.2	EF374132	*
D	7826	2	*	*	*	*	100.0	GQ852741	*
D	7855	2	*	*	*	*	100.0	FJ459951	*
D	7883	2	*	*	*	*	97.4	AY669683	*
D	7970	2	*	*	*	*	99.6	EU035406	*
D	7988	2	*	*	*	*	95.9	EU041804	*
D	7994	2	*	*	*	*	96.7	EU045423	*
D	7995	2	*	*	*	*	97.8	EU045433	*
D	8043	2	*	*	*	*	95.0	EU118646	*
D	8064	2	*	*	*	*	95.6	EU142936	*
D	8069	2	*	*	*	*	99.5	EU148597	*
D	8071	2	*	*	*	*	100.0	EU161239	*
D	8118	2	*	*	*	*	100.0	GQ852806	*
D	8152	2	*	*	*	*	97.6	FJ845396	*
D	8197	2	*	*	*	*	100.0	EU429519	*
D	8217	2	*	*	*	*	100.0	EU517066	*
D	8259	2	*	*	*	*	100.0	EU552120	*
D	8270	3	*	*	*	*	94.6	EU553339	*
D	8272	2	*	*	*	*	98.0	JF908140	*
D	8288	2	*	*	*	*	97.6	EU563444	*
D	8298	2	*	*	*	*	95.6	EU573317	*
D	8314	2	*	*	*	*	91.7	EU598194	*
D	8353	2	*	*	*	*	99.6	EU655678	*
D	8361	2	*	*	*	*	96.5	FR694202	*
D	8378	2	*	*	*	*	97.6	EU670215	*
D	8383	2	*	*	*	*	95.2	EU670228	*
D	8384	2	*	*	*	*	95.7	EU670229	*
D	8388	2	*	*	*	*	97.8	EU673082	*
D	8392	2	*	*	*	*	97.5	EU681302	*
D	8406	2	*	*	*	*	95.3	EU681326	*
D	8408	2	*	*	*	*	98.6	JQ346221	*
D	8426	2	*	*	*	*	100.0	FJ515705	*
D	8472	2	*	*	*	*	96.7	EU784255	*
D	8513	2	*	*	*	*	99.1	GQ365160	*
D	8521	2	*	*	*	*	90.1	EU819488	*
D	8525	2	*	*	*	*	97.4	EU819535	*
D	8528	3	*	*	*	*	99.4	EU821483	*
D	8549	2	*	*	*	*	90.8	EU846256	*
D	8558	2	*	*	*	*	100.0	EU851927	*
D	8574	2	*	*	*	*	94.8	EU913698	*
D	8617	2	*	*	*	*	100.0	AY577811	*
D	8619	2	*	*	*	*	99.1	GU062295	*
D	8623	2	*	*	*	*	100.0	FJ039703	*
D	8630	2	*	*	*	*	100.0	FJ039675	*
D	8631	2	*	*	*	*	99.5	FJ157141	*
D	8659	2	*	*	*	*	95.9	FJ197220	*
D	8687	2	*	*	*	*	100.0	FJ372388	*
D	8702	2	*	*	*	*	93.9	FJ389933	*
D	8716	2	*	*	*	*	95.6	FJ430717	*
D	8738	2	*	*	*	*	91.3	FJ431259	*
D	8753	2	*	*	*	*	93.5	FJ441661	*
D	8778	2	*	*	*	*	100.0	EU706330	*
D	8789	2	*	*	*	*	100.0	AF449102	*
D	8850	2	*	*	*	*	92.7	FJ596923	*
D	8878	2	*	*	*	*	99.5	FJ664825	*
D	8891	2	*	*	*	*	94.0	FJ708927	*
D	8897	2	*	*	*	*	100.0	FJ710191	*
D	8899	2	*	*	*	*	92.0	JF313658	*
D	8939	2	*	*	*	*	99.2	FJ810131	*
D	8961	2	*	*	*	*	94.4	FJ824768	*
D	8963	2	*	*	*	*	100.0	FJ824809	*
D	9019	2	*	*	*	*	100.0	HM209796	*
D	9022	2	*	*	*	*	96.4	FJ899616	*
D	9047	2	*	*	*	*	100.0	FJ907537	*
D	9054	3	*	*	*	*	98.2	HQ604830	*
D	9060	2	*	*	*	*	98.4	U35286	*
D	9067	2	*	*	*	*	96.5	FM163215	*
D	9097	2	*	*	*	*	98.7	AJ890366	*
D	9101	2	*	*	*	*	95.7	FM876833	*
D	9151	2	*	*	*	*	99.3	AY591352	*
D	9180	2	*	*	*	*	94.0	FN550884	*
D	9196	2	*	*	*	*	92.7	FN598959	*
D	9229	2	*	*	*	*	96.3	FR750142	*
D	9268	2	*	*	*	*	100.0	Z96990	*
D	9280	2	*	*	*	*	99.0	GQ169315	*
D	9284	2	*	*	*	*	96.4	HM189800	*
D	9294	2	*	*	*	*	98.0	FJ969800	*
D	9318	2	*	*	*	*	98.8	GQ267470	*
D	9337	2	*	*	*	*	99.1	GQ229080	*
D	9344	2	*	*	*	*	100.0	FJ231001	*
D	9368	2	*	*	*	*	100.0	EU014067	*
D	9375	2	*	*	*	*	100.0	FJ907535	*
D	9381	2	*	*	*	*	93.4	FJ433875	*
D	9397	2	*	*	*	*	93.4	GQ852754	*
D	9429	2	*	*	*	*	98.5	GQ925397	*
D	9430	2	*	*	*	*	98.5	GQ925400	*
D	9438	2	*	*	*	*	94.8	GQ981507	*
D	9454	2	*	*	*	*	100.0	GU046841	*
D	9474	2	*	*	*	*	100.0	AB190390	*
D	9485	2	*	*	*	*	98.7	FJ610306	*
D	9492	2	*	*	*	*	96.1	EU919704	*
D	9499	2	*	*	*	*	95.6	EU259898	*
D	9537	2	*	*	*	*	97.9	GU187506	*
D	9553	2	*	*	*	*	95.2	GU207228	*
D	9609	2	*	*	*	*	100.0	GU233345	*
D	9698	2	*	*	*	*	96.8	EU784361	*
D	9725	2	*	*	*	*	96.8	AY340015	*
D	9744	2	*	*	*	*	98.8	EU784360	*
D	9745	2	*	*	*	*	94.4	GU479286	*
D	9759	2	*	*	*	*	97.4	AB456577	*
D	9775	2	*	*	*	*	100.0	FJ900605	*
D	9823	2	*	*	*	*	95.2	GU991523	*
D	9824	2	*	*	*	*	99.6	AJ249266	*
D	9830	2	*	*	*	*	98.2	GU992340	*
D	9837	2	*	*	*	*	99.3	HE580151	*
D	9859	2	*	*	*	*	98.4	GU066834	*
D	9875	2	*	*	*	*	95.2	AF325578	*
D	9879	2	*	*	*	*	100.0	HM046561	*
D	9893	2	*	*	*	*	96.4	GU233373	*
D	9899	2	*	*	*	*	100.0	EF408554	*
D	9902	2	*	*	*	*	100.0	AB285105	*
D	9909	2	*	*	*	*	96.5	HM135662	*
D	9911	2	*	*	*	*	94.8	FJ375327	*
D	9912	2	*	*	*	*	100.0	AB015677	*
D	9916	2	*	*	*	*	99.2	GQ215699	*
D	9926	2	*	*	*	*	100.0	HM161476	*
D	9982	2	*	*	*	*	96.9	HM485387	*
D	9984	2	*	*	*	*	98.0	JQ724023	*
D	10001	2	*	*	*	*	100.0	EU681284	*
D	10003	3	*	*	*	*	97.7	HM538490	*
D	10031	2	*	*	*	*	97.3	HM578947	*
D	10036	2	*	*	*	*	96.8	DQ103885	*
D	10058	2	*	*	*	*	96.3	GU322441	*
D	10062	2	*	*	*	*	99.5	GQ422470	*
D	10066	2	*	*	*	*	94.9	HM800868	*
D	10079	2	*	*	*	*	95.1	AJ315834	*
D	10093	2	*	*	*	*	98.4	EU819478	*
D	10105	2	*	*	*	*	95.3	HQ153425	*
D	10116	2	*	*	*	*	100.0	HQ184467	*
D	10118	2	*	*	*	*	100.0	HQ185703	*
D	10130	2	*	*	*	*	91.3	DQ431180	*
D	10131	2	*	*	*	*	99.6	GU234162	*
D	10139	2	*	*	*	*	92.5	HQ222863	*
D	10151	2	*	*	*	*	97.8	HQ248204	*
D	10162	2	*	*	*	*	94.8	GQ398240	*
D	10174	2	*	*	*	*	94.1	HQ318280	*
D	10187	2	*	*	*	*	96.0	HQ377281	*
D	10196	2	*	*	*	*	99.0	GU062245	*
D	10214	2	*	*	*	*	100.0	EF585509	*
D	10216	2	*	*	*	*	98.1	GQ857658	*
D	10245	2	*	*	*	*	92.4	HQ586864	*
D	10284	3	*	*	*	*	93.9	HQ604547	*
D	10291	2	*	*	*	*	98.0	EF530927	*
D	10302	2	*	*	*	*	93.0	HQ605940	*
D	10370	2	*	*	*	*	96.8	DQ232664	*
D	10372	2	*	*	*	*	98.4	FJ596806	*
D	10373	2	*	*	*	*	91.1	HQ676155	*
D	10392	2	*	*	*	*	99.1	HQ699657	*
D	10401	2	*	*	*	*	95.8	HQ714794	*
D	10421	2	*	*	*	*	93.0	HQ847012	*
D	10446	2	*	*	*	*	100.0	FJ230992	*
D	10451	2	*	*	*	*	91.7	GQ411326	*
D	10504	2	*	*	*	*	95.3	JF417476	*
D	10547	2	*	*	*	*	96.3	HQ897818	*
D	10567	2	*	*	*	*	96.4	UDB003316	*
D	10588	2	*	*	*	*	98.7	JF692725	*
D	10617	2	*	*	*	*	95.2	AJ131688	*
D	10631	2	*	*	*	*	98.7	FJ387565	*
D	10645	2	*	*	*	*	100.0	EU280133	*
D	10650	2	*	*	*	*	100.0	JF900362	*
D	10664	2	*	*	*	*	100.0	JF907980	*
D	10682	2	*	*	*	*	93.9	AF430252	*
D	10691	2	*	*	*	*	93.6	JF908156	*
D	10706	2	*	*	*	*	92.8	JF908353	*
D	10721	2	*	*	*	*	94.0	JF908422	*
D	10722	2	*	*	*	*	94.8	JF908434	*
D	10733	2	*	*	*	*	96.0	AF491575	*
D	10745	2	*	*	*	*	99.6	HM562088	*
D	10753	2	*	*	*	*	98.0	EU326692	*
D	10756	2	*	*	*	*	97.2	GU062205	*
D	10758	2	*	*	*	*	100.0	JF440580	*
D	10762	2	*	*	*	*	92.7	JF951149	*
D	10767	2	*	*	*	*	94.4	GU233371	*
D	10802	2	*	*	*	*	100.0	JN053483	*
D	10831	2	*	*	*	*	96.0	AY484688	*
D	10837	2	*	*	*	*	100.0	AF081447	*
D	10852	2	*	*	*	*	100.0	FJ792584	*
D	10865	2	*	*	*	*	94.4	JN367290	*
D	10889	2	*	*	*	*	100.0	JN592508	*
D	10890	2	*	*	*	*	94.5	JN596323	*
D	10904	2	*	*	*	*	100.0	JN638618	*
D	10938	2	*	*	*	*	96.8	JN839944	*
D	10988	2	*	*	*	*	98.5	JN943151	*
D	10994	2	*	*	*	*	90.2	JN943350	*
D	10999	2	*	*	*	*	92.1	JN943456	*
D	11008	2	*	*	*	*	91.1	JN943601	*
D	11016	2	*	*	*	*	97.8	JN944002	*
D	11025	2	*	*	*	*	94.0	JN944082	*
D	11086	2	*	*	*	*	100.0	M13906	*
D	11114	2	*	*	*	*	96.0	U51952	*
D	11122	2	*	*	*	*	91.0	U51963	*
D	11128	2	*	*	*	*	97.2	FJ157050	*
D	11136	2	*	*	*	*	98.4	U57406	*
D	11152	2	*	*	*	*	99.5	U58639	*
D	11154	2	*	*	*	*	100.0	HM802133	*
D	11178	2	*	*	*	*	93.7	U83484	*
D	11206	2	*	*	*	*	100.0	UDB000302	*
D	11210	2	*	*	*	*	99.6	AM113959	*
D	11257	2	*	*	*	*	99.0	JQ888160	*
D	11259	2	*	*	*	*	91.9	GU214812	*
D	11281	2	*	*	*	*	98.4	FJ755188	*
D	11286	2	*	*	*	*	99.5	UDB001165	*
D	11287	2	*	*	*	*	95.2	DQ663367	*
D	11288	2	*	*	*	*	98.8	UDB001180	*
D	11315	2	*	*	*	*	97.9	JQ888213	*
D	11339	2	*	*	*	*	96.4	EU057052	*
D	11358	2	*	*	*	*	98.0	AY195572	*
D	11362	2	*	*	*	*	98.0	UDB002431	*
D	11367	2	*	*	*	*	100.0	AF540385	*
D	11377	2	*	*	*	*	100.0	FJ816640	*
D	11382	2	*	*	*	*	100.0	UDB003228	*
D	11447	2	*	*	*	*	99.1	HQ604852	*
D	11451	2	*	*	*	*	98.7	UDB011325	*
D	11460	2	*	*	*	*	97.2	AF241522	*
D	11466	2	*	*	*	*	98.0	HM562144	*
D	11475	2	*	*	*	*	95.9	UDB011437	*
D	11476	2	*	*	*	*	98.5	DQ179129	*
D	11504	2	*	*	*	*	100.0	UDB011527	*
D	11515	2	*	*	*	*	96.8	UDB011575	*
D	11520	2	*	*	*	*	97.6	DQ822834	*
D	11529	2	*	*	*	*	98.0	EU784415	*
D	11555	2	*	*	*	*	93.6	UDB011720	*
D	11580	2	*	*	*	*	94.4	AF325580	*
D	11604	2	*	*	*	*	97.6	UDB011864	*
D	11627	2	*	*	*	*	100.0	Z75727	*
