#Taxon	pc0	pc1	pc2	pc3	pc4	pc5	pc6	pc7	pc8	pc9	pc10	pc11	pc12	pc13	pc14	pc15	pc16	pc17	pc18	pc19	pc20	pc21	pc22	pc23	pc24	pc25	pc26	pc27	pc28	pc29
Mock.3;k__Fungi;p__Ascomycota;c__Saccharomycetes;o__Saccharomycetales;f__Incertae_sedis;g__Candida;s__Candida_catenulata	-0.00755256446655	-0.0231140208367	0.0106298426004	-0.0102942575362	0.0064180328961	-0.000723537721964	0.00136977175708	0.00368561170884	-0.00139045141619	-0.00167791228161	0.000474572828287	0.000393258396349	-3.91377300235e-05	0.00014972817455	-0.000181204970168	-8.14484313327e-06	-0.000369123718241	-0.000117821502975	-1.93727636124e-05	-2.80298259416e-05	-8.91304824823e-06	9.00499745655e-07	2.12713727791e-07	1.31931740745e-07	-3.39366216022e-10	-5.70658041508e-10	-2.61255553012e-09	3.05423396573e-11	6.81253768857e-11	2.53932524748e-11
Mock.2;k__Fungi;p__Ascomycota;c__Saccharomycetes;o__Saccharomycetales;f__Incertae_sedis;g__Candida;s__Candida_catenulata	-0.00779383791187	-0.0230131167485	0.0105077334547	-0.00982729698802	0.00636917127695	-0.000690806317273	0.00138152390903	0.00371010107899	-0.00139168561102	-0.00166116200701	0.000487515301691	0.00039697193678	-4.03716939068e-05	0.000147303383607	-0.000179276791332	-1.04717723289e-05	-0.000374046772059	-0.000117906386264	-2.10228788861e-05	-2.74841095478e-05	-8.06314416632e-06	8.95702725235e-07	2.16507254245e-07	1.31356206711e-07	-3.39366216022e-10	-5.70658041508e-10	-2.61255553012e-09	3.05423396573e-11	6.81253768857e-11	2.53932524748e-11
Mock.1;k__Fungi;p__Ascomycota;c__Saccharomycetes;o__Saccharomycetales;f__Incertae_sedis;g__Candida;s__Candida_catenulata	-0.00779129163498	-0.0230032998567	0.0105120283446	-0.00982501567243	0.00637007991783	-0.0006923652977	0.00138021743812	0.003708791519	-0.00139441342992	-0.00166413872679	0.00048859775204	0.000397050761347	-4.08647066906e-05	0.000147158677318	-0.000179819530914	-1.03811521991e-05	-0.000373507310541	-0.000118181535008	-2.11162863274e-05	-2.76853874447e-05	-8.13988240701e-06	8.92080686721e-07	2.15844242877e-07	1.30940232218e-07	-3.39366216022e-10	-5.70658041508e-10	-2.61255553012e-09	3.05423396573e-11	6.81253768857e-11	2.53932524748e-11
Mock.2;k__Fungi;p__Ascomycota;c__Saccharomycetes;o__Saccharomycetales;f__Dipodascaceae;g__Galactomyces;s__Galactomyces_geotrichum	-0.195621514629	-0.017004240743	-0.00659079523252	0.0113922084611	-0.00172930231725	-0.00447769377132	0.00106584867742	-0.000975129622895	0.00120240996479	-0.00173405661257	-0.000831194515504	-0.00103240646884	0.000735110290676	0.000176320673673	-0.000621692218095	0.00073651605814	0.000752555519084	-2.88088762039e-05	0.000253294177966	-8.67090689935e-05	-0.000113316310796	-1.13603648473e-06	-8.87522839369e-07	-2.72194383656e-07	-3.39366216023e-10	-5.70658041508e-10	-2.61255553012e-09	3.05423396573e-11	6.81253768858e-11	2.53932524746e-11
Mock.3;k__Fungi;p__Ascomycota;c__Saccharomycetes;o__Saccharomycetales;f__Dipodascaceae;g__Galactomyces;s__Galactomyces_geotrichum	-0.20341402161	-0.00733976764924	-0.00104138368293	0.0121349686092	-0.000344742551863	-0.00375884706251	0.0015813148933	-0.000601146843133	0.00167247606243	-0.000738378156558	-0.000902781283488	-0.00142923987684	0.000614569841238	9.48764212072e-05	-0.000442705865975	0.000854469756953	0.000808232243707	0.000125499017592	0.000268841090398	-6.03483080498e-05	-0.00010690292684	-3.04947763975e-06	-1.12787598229e-06	-5.2270316977e-07	-3.39366216023e-10	-5.70658041509e-10	-2.61255553012e-09	3.05423396573e-11	6.81253768858e-11	2.53932524747e-11
Mock.1;k__Fungi;p__Ascomycota;c__Saccharomycetes;o__Saccharomycetales;f__Dipodascaceae;g__Galactomyces;s__Galactomyces_geotrichum	-0.194757370813	-0.0162153438242	-0.0060141114819	0.0130488745887	-0.00151122238185	-0.00381479205377	0.00130393706708	-0.000785069692157	0.00125837830631	-0.00143682878663	-0.000838682490468	-0.00112689938669	0.000601878671799	0.000124067940569	-0.000541089226276	0.000730531915772	0.000786641493077	1.7696870627e-05	0.000272592162707	-7.96767523933e-05	-0.000125909937505	-2.16926688475e-06	-1.0216750439e-06	-3.96441689066e-07	-3.39366216023e-10	-5.70658041509e-10	-2.61255553012e-09	3.05423396573e-11	6.81253768858e-11	2.53932524747e-11
Mock.2;k__Fungi;Other;Other;Other;Other;Other;Other	0.295138177692	0.413419386136	-0.149044662711	-0.0417580904336	0.00567234895026	0.0110003176593	0.00227692278475	-0.000744849371762	-0.00115902096201	-0.000515252164251	0.000443280629351	6.13615002481e-05	0.000658017760599	-0.000238066065385	-0.000588490668749	-6.8238239909e-05	0.00051209951342	-0.000304765532527	0.000368043935063	-0.000111443292604	-6.147802753e-05	-3.06955747401e-06	-8.00901845375e-07	-3.76659091297e-07	-3.39366216022e-10	-5.70658041507e-10	-2.61255553012e-09	3.05423396576e-11	6.81253768856e-11	2.53932524751e-11
Mock.1;k__Fungi;Other;Other;Other;Other;Other;Other	0.29366739335	0.417985030608	-0.154716653712	-0.043641160815	0.00571693951539	0.0121834153893	0.00317205679162	0.000488355491841	-0.000855432527952	-0.000246572976721	0.000223037344609	0.000128130325586	0.000785535117319	-0.00017218015906	-0.000320947885028	-0.000190043510403	0.000434889799904	-0.000304923878483	0.000432913325019	-0.00010954751988	-4.15709929616e-05	-3.06418085114e-06	-6.9238290922e-07	-3.3086403511e-07	-3.39366216022e-10	-5.70658041507e-10	-2.61255553012e-09	3.05423396576e-11	6.81253768856e-11	2.53932524751e-11
Mock.3;k__Fungi;Other;Other;Other;Other;Other;Other	0.293678186106	0.414604618197	-0.153422081552	-0.0434873182148	0.00579319297878	0.0119149141218	0.00310269854513	0.000851605525014	-0.000627450931657	0.000153047486049	0.000204756204014	8.62455706701e-05	0.000950641600863	-6.26677679706e-05	-0.000143136848971	-0.000253514800477	0.000364836696452	-0.000204745099682	0.000392874638322	-9.4932584222e-05	-1.30704115626e-05	-3.677847005e-06	-5.24369222175e-07	-3.82803563499e-07	-3.39366216022e-10	-5.70658041507e-10	-2.61255553012e-09	3.05423396576e-11	6.81253768856e-11	2.53932524751e-11
Mock.3;k__Fungi;p__Ascomycota;Other;Other;Other;Other;Other	0.202071684562	0.017953681978	0.0458289038947	-0.00315206492532	-0.0394914451473	-0.0102905390857	0.00218790642532	0.0023475757593	0.0025388459671	-0.00155714641426	-0.00136813098707	-0.000348118492194	-0.00054456455288	-9.42510911946e-05	-1.7586026931e-05	0.000623819639201	0.000585987744521	9.86798860723e-05	4.74492882656e-05	-9.79004302859e-05	-7.96559229895e-05	-1.85459415746e-06	-5.88669265271e-07	-4.08720036787e-07	-3.39366216022e-10	-5.70658041507e-10	-2.61255553012e-09	3.05423396576e-11	6.81253768856e-11	2.53932524751e-11
Mock.3;k__Fungi;p__Ascomycota;c__Saccharomycetes;o__Saccharomycetales;f__Pichiaceae;g__Issatchenkia;s__Issatchenkia_sp_YS5	0.0530497470145	-0.169940870427	-0.0404388398805	-0.0147122969258	-0.00912006532565	0.00118469185068	0.00303217457235	0.00156575063724	-0.00264543815445	0.00069404567777	-0.0026215164953	-0.00185586731328	0.00195124437538	-0.000996036137897	0.000602068485928	0.00186931438692	0.000830784810347	0.00170857796465	0.000750411821791	0.000138152434212	5.44509031047e-05	-5.88192051235e-06	-1.31157334102e-06	-1.08363090701e-06	-3.39366216023e-10	-5.70658041507e-10	-2.61255553012e-09	3.05423396578e-11	6.81253768856e-11	2.53932524746e-11
Mock.2;k__Fungi;p__Ascomycota;c__Saccharomycetes;o__Saccharomycetales;f__Saccharomycetaceae;g__Kluyveromyces;s__Kluyveromyces_lactis	-0.00728957220703	-0.0188802033713	0.0112983987117	0.00468324361474	-0.00409145632936	-0.00226675313435	-0.00231111785711	-0.00413095582119	0.000985584690836	0.000846479001377	-0.000453183437356	-0.000384512078174	-0.000119328929855	-0.00016418747981	-6.52705563266e-05	0.000240136570805	0.000283636845705	9.29932474412e-05	-4.28433663423e-05	2.83107202433e-05	-1.98161263147e-05	4.08675330993e-07	-1.81660013055e-07	3.68404091765e-08	-3.39366216022e-10	-5.70658041508e-10	-2.61255553012e-09	3.05423396574e-11	6.81253768857e-11	2.53932524748e-11
Mock.1;k__Fungi;p__Ascomycota;c__Saccharomycetes;o__Saccharomycetales;f__Saccharomycetaceae;g__Kluyveromyces;s__Kluyveromyces_lactis	-0.00731070901092	-0.0188686109313	0.0112867151877	0.00472938811769	-0.00409490318651	-0.00226363208233	-0.00230966757658	-0.00412777701725	0.000985033849168	0.000847720247356	-0.000451768921992	-0.000384004156072	-0.000119458410463	-0.000164436113772	-6.50983482793e-05	0.000239880391625	0.000283049637542	9.29763613568e-05	-4.30077147356e-05	2.83636366007e-05	-1.97280141697e-05	4.08405790314e-07	-1.81218787101e-07	3.6810979938e-08	-3.39366216022e-10	-5.70658041508e-10	-2.61255553012e-09	3.05423396574e-11	6.81253768857e-11	2.53932524748e-11
Mock.1;k__Fungi;p__Ascomycota;Other;Other;Other;Other;Other	0.206823072904	0.0272772012669	0.0434552742183	-0.00281375185068	-0.038709177161	-0.0107135877581	0.00148852340474	0.00156896097835	0.00354018205789	-0.00177438519124	-0.00231512852201	-0.000193825941012	-0.000739160731977	-1.3791679272e-05	0.000205110097495	0.000385059606945	0.000612863605872	0.000147521924025	1.74153452447e-05	-0.000119251284158	-5.52696574043e-05	-2.07013637277e-06	-4.72642863889e-07	-3.42693853212e-07	-3.39366216022e-10	-5.70658041507e-10	-2.61255553012e-09	3.05423396576e-11	6.81253768856e-11	2.53932524751e-11
Mock.3;k__Fungi;p__unidentified;c__unidentified;o__unidentified;f__unidentified;g__unidentified;s__unculturedfungus	-0.395914828944	0.153476279184	0.0871934867551	-0.0352848452512	0.0270165503996	-0.0128618503068	0.00483472228832	-0.00104125999242	0.0104970599186	0.00780997955053	-0.00333898936138	-0.00701089183607	0.00102030313338	-3.98853981712e-05	0.000468637916156	0.00315933014054	0.00203981804351	0.00153539128723	0.000376428426703	7.11882640458e-05	2.54059622374e-06	-1.72080614023e-05	-3.22734005577e-06	-2.62675017205e-06	-3.39366216026e-10	-5.70658041511e-10	-2.61255553012e-09	3.05423396571e-11	6.81253768863e-11	2.5393252475e-11
Mock.1;k__Fungi;p__Ascomycota;c__Saccharomycetes;o__Saccharomycetales;f__Pichiaceae;g__Issatchenkia;s__Issatchenkia_sp_YS5	0.0531214013288	-0.169922738659	-0.0404030738838	-0.014707219372	-0.00911794763634	0.00118865625352	0.00303645768155	0.00157714459117	-0.00264460878642	0.000707557466555	-0.00262887997626	-0.00185583005624	0.00195379025841	-0.000995602391797	0.00060307117015	0.00187276249658	0.000830925851861	0.0017115152039	0.000749202693305	0.000139473086172	5.45213636018e-05	-5.89487761452e-06	-1.31345288006e-06	-1.08592153121e-06	-3.39366216023e-10	-5.70658041507e-10	-2.61255553012e-09	3.05423396578e-11	6.81253768856e-11	2.53932524746e-11
Mock.1;k__Fungi;p__unidentified;c__unidentified;o__unidentified;f__unidentified;g__unidentified;s__unculturedfungus	-0.395461603269	0.153384749107	0.0873985878881	-0.0353778574533	0.0266740535173	-0.0125520918633	0.00475673977916	-0.00104252077219	0.0103833017563	0.00783537011029	-0.00331303640186	-0.00691442181366	0.00100472334941	-3.47965257291e-05	0.000476044003587	0.00311857415747	0.00200642753683	0.00152292559138	0.00037377519223	7.10758555777e-05	3.81871731174e-06	-1.70411527966e-05	-3.18373538093e-06	-2.60011535136e-06	-3.39366216026e-10	-5.70658041511e-10	-2.61255553012e-09	3.05423396571e-11	6.81253768863e-11	2.5393252475e-11
Mock.2;k__Fungi;p__Ascomycota;c__Saccharomycetes;o__Saccharomycetales;f__Dipodascaceae;g__Galactomyces;s__Galactomyces_sp_3S_28C	0.0831580378952	-0.148329750588	-0.0227541144963	-0.0110330497111	-0.00243496899255	-0.00560731348728	0.00138567019023	0.00288727166585	0.00506878750782	0.00349029023303	0.000249070381058	-0.000464791392244	0.000743060697302	0.000557337322928	-0.000684947839404	-0.000343316380753	0.000304324288805	-0.000731288674724	-0.000120705525229	-0.000166181387656	-9.6579961303e-05	3.91413348327e-06	2.47060010759e-07	6.42398515847e-07	-3.39366216021e-10	-5.70658041507e-10	-2.61255553012e-09	3.05423396575e-11	6.81253768855e-11	2.53932524746e-11
Mock.2;k__Fungi;p__Ascomycota;c__Saccharomycetes;o__Saccharomycetales;f__Pichiaceae;g__Issatchenkia;s__Issatchenkia_sp_YS5	0.0530841737384	-0.169932750184	-0.0404189028941	-0.0147104609408	-0.00912303420981	0.00118730135997	0.00304581116894	0.00156704046943	-0.00264488102124	0.000698984835686	-0.00262377433157	-0.00185602335519	0.0019523739917	-0.000996400912601	0.000602475665767	0.00187063473441	0.000830926776409	0.00170957728573	0.00074941718912	0.000138704827186	5.45066504908e-05	-5.88563589444e-06	-1.31218704307e-06	-1.08427353143e-06	-3.39366216023e-10	-5.70658041507e-10	-2.61255553012e-09	3.05423396578e-11	6.81253768856e-11	2.53932524746e-11
Mock.2;k__Fungi;p__Ascomycota;Other;Other;Other;Other;Other	0.209581678943	0.028300487035	0.0454382071027	-0.00179115975482	-0.0374590622291	-0.011352791151	0.00106373053425	0.00174563949496	0.00459185113681	-0.00251260027501	-0.00318493256131	6.91895792222e-05	-0.00110529709344	7.91757811698e-05	0.000391758393197	0.000231782773477	0.000528384063529	1.21868204354e-05	-5.77648726434e-05	-0.000128159713445	-6.12639632728e-05	-3.97551143461e-07	-2.61457056523e-07	-1.52558220477e-07	-3.39366216022e-10	-5.70658041507e-10	-2.61255553012e-09	3.05423396576e-11	6.81253768856e-11	2.53932524751e-11
Mock.2;k__Fungi;p__unidentified;c__unidentified;o__unidentified;f__unidentified;g__unidentified;s__unculturedfungus	-0.395504207487	0.153393262554	0.0873792648487	-0.0353691298955	0.0267062976551	-0.0125812774778	0.00476404974763	-0.00104247044271	0.0103941637938	0.00783281594586	-0.00331547494947	-0.0069234571192	0.00100624357691	-3.53428346212e-05	0.000475305890863	0.00312244206094	0.00200953240998	0.00152394225902	0.000374074725879	7.12053761426e-05	3.76753909547e-06	-1.71141136729e-05	-3.19296099604e-06	-2.61034253891e-06	-3.39366216026e-10	-5.70658041511e-10	-2.61255553012e-09	3.05423396571e-11	6.81253768863e-11	2.5393252475e-11
Mock.1;k__Fungi;p__Ascomycota;c__Saccharomycetes;o__Saccharomycetales;f__Dipodascaceae;g__Galactomyces;s__Galactomyces_sp_3S_28C	0.0831163546651	-0.148345890882	-0.0227794065682	-0.0110351577129	-0.00242937876741	-0.00560566341947	0.00137477224309	0.00288326095304	0.00506434693288	0.00348627927295	0.000247430852655	-0.000466481351011	0.000742227679452	0.000557336555756	-0.000685983037633	-0.000345148726109	0.000303894706296	-0.000731654522027	-0.000119778892775	-0.00016582806196	-9.66696647029e-05	3.89014961513e-06	2.302330914e-07	6.82410098899e-07	-3.39366216021e-10	-5.70658041507e-10	-2.61255553012e-09	3.05423396575e-11	6.81253768855e-11	2.53932524746e-11
Mock.3;k__Fungi;p__Ascomycota;c__Saccharomycetes;o__Saccharomycetales;f__Dipodascaceae;g__Galactomyces;s__Galactomyces_sp_3S_28C	0.0829723816144	-0.148398911449	-0.0228518018509	-0.0110510397584	-0.00245325925032	-0.00560863010903	0.00139204282235	0.0028596305166	0.00505278122692	0.00346122196178	0.000256836023655	-0.000463978897227	0.000740572013967	0.000552564706913	-0.00068403837326	-0.000345350001982	0.000304555354797	-0.000732630834281	-0.000120133850167	-0.000167784190455	-9.63205651303e-05	3.92185464709e-06	2.48801070942e-07	6.44043599947e-07	-3.39366216021e-10	-5.70658041507e-10	-2.61255553012e-09	3.05423396575e-11	6.81253768855e-11	2.53932524746e-11
Mock.3;k__Fungi;p__Ascomycota;c__Saccharomycetes;o__Saccharomycetales;f__Saccharomycetaceae;g__Kluyveromyces;s__Kluyveromyces_lactis	-0.0104415788994	-0.0171514912866	0.0095561037956	0.0115645007271	-0.00460546577211	-0.00180132908426	-0.00209484608994	-0.00365691956907	0.00090344092711	0.00103157868131	-0.00024224511776	-0.000308768655908	-0.00013863760801	-0.000201264793623	-3.95901876011e-05	0.000201934083069	0.000196069961393	9.04751254256e-05	-6.73516712983e-05	3.62018239956e-05	-6.67648267482e-06	3.68480321931e-07	-1.15862593218e-07	3.24518007043e-08	-3.39366216022e-10	-5.70658041508e-10	-2.61255553012e-09	3.05423396574e-11	6.81253768857e-11	2.53932524748e-11
Mock.1;k__Fungi;p__Ascomycota;c__Saccharomycetes;o__Saccharomycetales;f__Pichiaceae;g__Pichia;s__Pichia_burtonii	0.0826560453191	-0.0932466401635	0.00194771401302	0.0176830908118	-0.00684479484514	0.00157551911155	-0.00243099757046	0.000529471193867	-0.00387748535111	-0.00265055004665	0.0014674580983	0.00238295547593	-0.000581670468139	-8.30832747419e-05	-0.000367995272537	-0.000766161710317	-0.000954586509785	-0.000491846051686	-0.000248198558954	1.12072814205e-06	-4.7422620759e-06	6.41951110166e-06	1.15930678128e-06	9.53673193829e-07	-3.39366216021e-10	-5.70658041506e-10	-2.61255553012e-09	3.05423396574e-11	6.81253768855e-11	2.53932524747e-11
Mock.3;k__Fungi;p__Ascomycota;c__Saccharomycetes;o__Saccharomycetales;f__Pichiaceae;g__Pichia;s__Pichia_burtonii	0.0812575484749	-0.0923721653789	0.00142824938604	0.0198374640289	-0.00699806928085	0.00170851402874	-0.00236101905028	0.000661720151578	-0.00388299322928	-0.00257608652749	0.00152696422552	0.00239540344141	-0.000585887490009	-9.53402220323e-05	-0.000358447536875	-0.000774112153324	-0.000977396622554	-0.000490144300592	-0.000255188805183	3.7719751289e-06	-5.86672892367e-07	6.38079820693e-06	1.17468375457e-06	9.48327933602e-07	-3.39366216021e-10	-5.70658041506e-10	-2.61255553012e-09	3.05423396574e-11	6.81253768855e-11	2.53932524747e-11
Mock.2;k__Fungi;p__Ascomycota;c__Saccharomycetes;o__Saccharomycetales;f__Pichiaceae;g__Pichia;s__Pichia_burtonii	0.0811415280787	-0.0922996182642	0.00138515419274	0.0200161925225	-0.00701078504838	0.00171954739149	-0.00235521357731	0.000672691628942	-0.00388345016717	-0.00256990897548	0.00153190090055	0.0023964361344	-0.000586237337454	-9.63570680028e-05	-0.000357655449228	-0.000774771728318	-0.000979288967418	-0.000490003121986	-0.000255768721499	3.9919246605e-06	-2.41921951031e-07	6.37758655478e-06	1.17595944034e-06	9.47884486617e-07	-3.39366216021e-10	-5.70658041506e-10	-2.61255553012e-09	3.05423396574e-11	6.81253768855e-11	2.53932524747e-11
Mock.1;k__Fungi;p__Ascomycota;c__Eurotiomycetes;o__Eurotiales;f__Trichocomaceae;g__Penicillium;s__Penicillium_concentricum	-0.18949061541	-0.0396934903932	-0.00999528330551	-0.0350196697142	-0.0197755749332	-0.0134058945608	-0.00333286131288	-0.00296073491654	-0.00261118665582	-0.00639222656718	0.0035516722273	0.0021662613782	-0.000146075519993	-0.00154002359946	-0.000520878461701	-0.0010442899438	-0.000354223213351	-0.000469922858497	-0.000756401074321	0.000182149696323	8.81651367034e-05	1.63501098605e-05	1.86432307177e-06	2.17538642127e-06	-3.39366216021e-10	-5.70658041508e-10	-2.61255553012e-09	3.05423396568e-11	6.81253768856e-11	2.53932524745e-11
Mock.3;k__Fungi;p__Ascomycota;c__Eurotiomycetes;o__Eurotiales;f__Trichocomaceae;g__Penicillium;s__Penicillium_concentricum	-0.189431800163	-0.0397361810255	-0.0100022575857	-0.0350183911063	-0.0197737242882	-0.0133760399375	-0.00333264202476	-0.0029642705188	-0.00261021664353	-0.00639340416891	0.00355674371153	0.00215487527567	-0.000144510244369	-0.00153459788036	-0.000520163140523	-0.00104029965536	-0.000356387647315	-0.000465814065486	-0.000757733318028	0.00018262511269	8.89755703588e-05	1.6330355693e-05	1.86537101986e-06	2.17297610312e-06	-3.39366216021e-10	-5.70658041508e-10	-2.61255553012e-09	3.05423396568e-11	6.81253768856e-11	2.53932524745e-11
Mock.2;k__Fungi;p__Ascomycota;c__Eurotiomycetes;o__Eurotiales;f__Trichocomaceae;g__Penicillium;s__Penicillium_concentricum	-0.189793737599	-0.039472346159	-0.00992413733908	-0.0350456262528	-0.0197866407756	-0.0134519576948	-0.00334636846034	-0.00295181658851	-0.00261022589883	-0.00638640087163	0.00355543292323	0.00217374111654	-0.000144290596421	-0.00154327106664	-0.00052236767193	-0.00104676278414	-0.000357118750707	-0.000468881248528	-0.000757298539618	0.00018360067142	8.85407962375e-05	1.63828619135e-05	1.86860753942e-06	2.17913358025e-06	-3.39366216021e-10	-5.70658041508e-10	-2.61255553012e-09	3.05423396568e-11	6.81253768856e-11	2.53932524745e-11
Mock.2;k__Fungi;p__Ascomycota;c__Saccharomycetes;o__Saccharomycetales;f__Dipodascaceae;Other;Other	0.2396233865	-0.0483886173766	0.0757972645929	0.015821324569	0.0304291354425	-0.00593949936334	0.00624598725413	-0.00104951649068	-0.00802345554294	0.00237527670096	-0.000388702016419	-0.002410782428	0.00017505618036	-0.0014075950951	0.00854853033618	0.000721993018222	0.00237578039933	0.000493066293494	0.000793905555085	0.000652950437619	8.0390626031e-05	-2.74252443016e-06	-1.32685778766e-06	-7.34615586809e-07	-3.39366216023e-10	-5.70658041507e-10	-2.61255553012e-09	3.05423396577e-11	6.81253768856e-11	2.53932524751e-11
Mock.3;k__Fungi;p__Ascomycota;c__unidentified;o__unidentified;f__unidentified;g__unidentified;s__ascomycete_sp_VTT_D_041022	-0.0530725408863	-0.216417751548	-0.113717680756	-0.0144578753041	0.0531624024988	0.021179852268	-0.026585756516	-0.0290658699954	-0.00561077964262	-0.00505138252834	-0.00676755031015	0.00674281079418	-0.00281213000308	-7.99407510713e-05	-0.000518462434059	-0.00294496672657	-0.000403281984742	-0.00114746412622	-0.00080136394677	0.000129770604761	-0.000138428966678	1.97882647517e-05	2.28377519323e-06	3.07278120579e-06	-3.3936621602e-10	-5.70658041506e-10	-2.61255553012e-09	3.0542339657e-11	6.81253768854e-11	2.53932524738e-11
Mock.1;k__Fungi;p__Ascomycota;c__Saccharomycetes;o__Saccharomycetales;f__Dipodascaceae;Other;Other	0.24459578461	-0.0408690400926	0.0790294360026	0.0169107971497	0.0316311698104	-0.0101712362326	0.00536754158756	-0.00155501184183	-0.0084124870632	0.00190904263381	-0.000364579308785	-0.00137097032043	0.000346897954224	-0.00132478784709	0.00818211511908	0.000387477846687	0.00204447102415	0.000376856309361	0.000700198864013	0.000494723725033	0.000198460074327	-1.52126289966e-06	-7.13785458309e-07	-5.80491598096e-07	-3.39366216022e-10	-5.70658041507e-10	-2.61255553012e-09	3.05423396576e-11	6.81253768856e-11	2.53932524751e-11
Mock.2;k__Fungi;p__Ascomycota;c__Saccharomycetes;o__Saccharomycetales;f__Dipodascaceae;g__Dipodascus;s__Dipodascus_australiensis	-0.204478181545	0.0662679264252	0.0801644528956	-0.034715252942	-0.011944971059	0.0173912447662	-0.00428918105455	-0.0011599045107	-0.00354915688918	0.00643085863798	0.000130847893545	0.0040398259575	-0.000771603477879	0.000411500898389	0.000796337742353	-0.00147704175211	-0.00164189562086	-0.000182916700139	-7.16866000365e-06	5.15350805474e-05	0.000105869504502	-5.83076545145e-06	8.56800785146e-07	-6.20033336304e-07	-3.39366216023e-10	-5.70658041509e-10	-2.61255553012e-09	3.05423396571e-11	6.81253768859e-11	2.53932524749e-11
Mock.1;k__Fungi;p__Ascomycota;c__Saccharomycetes;o__Saccharomycetales;f__Dipodascaceae;g__Dipodascus;s__Dipodascus_australiensis	-0.208420076241	0.0675179431656	0.0792550488065	-0.034278055548	-0.00995302155208	0.0156364502656	-0.00383295839742	-0.00115211182213	-0.00287876884299	0.00632466674744	-2.49709850514e-05	0.00347757226687	-0.000681349928117	0.000383773758915	0.000758481363344	-0.00124031870078	-0.00144839580904	-0.000106028373471	8.52252535428e-06	5.10503057993e-05	9.8129362021e-05	-6.15164703422e-06	6.63148391742e-07	-6.8733713828e-07	-3.39366216023e-10	-5.70658041509e-10	-2.61255553012e-09	3.05423396571e-11	6.81253768859e-11	2.53932524749e-11
Mock.3;k__Fungi;p__Ascomycota;c__Saccharomycetes;o__Saccharomycetales;f__Dipodascaceae;Other;Other	0.244439676912	-0.0412319732954	0.0788820145805	0.0168434554382	0.0315244723596	-0.01001909638	0.00538154754642	-0.00144665010382	-0.00837610440055	0.00200479514748	-0.000410329301224	-0.00138351280924	0.000357572998396	-0.00135510292684	0.0081917339643	0.000433602634202	0.00205694892889	0.000373222233802	0.000704540100937	0.000504365682048	0.000186947525621	-1.54305084714e-06	-6.39745707562e-07	-6.07821322471e-07	-3.39366216022e-10	-5.70658041507e-10	-2.61255553012e-09	3.05423396576e-11	6.81253768856e-11	2.53932524751e-11
Mock.1;k__Fungi;p__Ascomycota;c__Eurotiomycetes;o__Eurotiales;f__Trichocomaceae;g__Penicillium;Other	0.247451694768	-0.0565631769965	0.0761538571977	0.0173258180479	0.0361156297306	0.0107319238439	0.00183868153587	0.00180757771716	0.00300642979701	0.00673164786804	-0.00572578540176	-0.00337351033941	-0.000128660753151	0.00229615931586	6.50647921511e-05	0.00224740326055	0.00054773684619	0.000625549572996	0.00101544073413	-0.000281655339307	-0.000242893036165	-2.02787146874e-05	-2.83275778672e-06	-2.71638175525e-06	-3.39366216024e-10	-5.70658041508e-10	-2.61255553012e-09	3.05423396581e-11	6.81253768857e-11	2.53932524751e-11
Mock.3;k__Fungi;p__Ascomycota;c__Saccharomycetes;o__Saccharomycetales;f__Dipodascaceae;g__Dipodascus;s__Dipodascus_australiensis	-0.206585757494	0.066518595039	0.0788714217439	-0.0341379067057	-0.0099694005563	0.0155867391445	-0.0038398693742	-0.00115164587278	-0.0028989920931	0.00627106560086	-1.70373762941e-05	0.00348303734901	-0.000682509359095	0.000382566260814	0.000752286373775	-0.00124236168406	-0.00144836420974	-0.000110044931918	7.18661662792e-06	5.05991055386e-05	9.7437832875e-05	-6.07053235505e-06	6.69240622867e-07	-6.76163118515e-07	-3.39366216023e-10	-5.70658041509e-10	-2.61255553012e-09	3.05423396571e-11	6.81253768859e-11	2.53932524749e-11
Mock.2;k__Fungi;p__Ascomycota;c__Saccharomycetes;o__Saccharomycetales;Other;Other;Other	0.280046612114	0.00383181356767	0.0910331672407	0.0179253557734	0.0233464223843	-0.0342441929571	-0.00463406392671	0.00595407897675	0.00182918285564	0.00586415388595	-0.0053998400255	0.00516456277245	0.00643661268198	-0.0044119328073	-0.00400094957238	-0.00342585612044	-0.0019065980928	0.00390669437072	0.000490228822579	-0.000660060807164	0.000891987187935	-1.39392709377e-05	1.76972128697e-06	-1.87441755325e-06	-3.39366216022e-10	-5.70658041507e-10	-2.61255553012e-09	3.05423396577e-11	6.81253768856e-11	2.53932524751e-11
Mock.3;k__Fungi;p__Ascomycota;c__Eurotiomycetes;o__Eurotiales;f__Trichocomaceae;g__Penicillium;Other	0.247358131653	-0.0566433629197	0.0761194428897	0.0173068432984	0.0360796310964	0.0107639218487	0.00185640744506	0.00181972599731	0.00301387261735	0.00674328263629	-0.00573925512993	-0.00336714649175	-0.000127873575304	0.00228393281933	7.37168955156e-05	0.0022494095351	0.000551246298256	0.000616259611781	0.00101971304684	-0.000280195368017	-0.000245363150879	-2.01920504502e-05	-2.8346406092e-06	-2.70583369501e-06	-3.39366216024e-10	-5.70658041508e-10	-2.61255553012e-09	3.05423396581e-11	6.81253768857e-11	2.53932524751e-11
Mock.2;k__Fungi;p__Ascomycota;c__Eurotiomycetes;o__Eurotiales;f__Trichocomaceae;g__Penicillium;Other	0.247644196235	-0.0564283475023	0.0762026009555	0.0173944070301	0.0362321948483	0.0106657206246	0.00182887457739	0.00177325389007	0.00300661797373	0.00668862632656	-0.00573076492466	-0.00337775360923	-0.000142141832983	0.00230846410671	5.51209014423e-05	0.00224881824692	0.000549715397423	0.000625202724264	0.00101437916373	-0.000286001158677	-0.000242496482235	-2.03439482181e-05	-2.83648186174e-06	-2.72367197406e-06	-3.39366216024e-10	-5.70658041508e-10	-2.61255553012e-09	3.05423396581e-11	6.81253768857e-11	2.53932524751e-11
Mock.1;k__Fungi;p__Ascomycota;c__unidentified;o__unidentified;f__unidentified;g__unidentified;s__ascomycete_sp_VTT_D_041022	-0.0530171432891	-0.216423627287	-0.11368332621	-0.0144475233022	0.0531910460223	0.0212189571843	-0.0265450416753	-0.0290856106689	-0.00559529978686	-0.00504802115211	-0.00676749719517	0.00675272338213	-0.00281016338893	-7.72807232856e-05	-0.000525581411682	-0.00294669266126	-0.000401244832736	-0.00114372871399	-0.000797848628582	0.000136258556262	-0.00013897086004	2.00602620882e-05	2.23097762942e-06	2.99342672453e-06	-3.3936621602e-10	-5.70658041506e-10	-2.61255553012e-09	3.05423396571e-11	6.81253768854e-11	2.53932524738e-11
Mock.1;k__Fungi;p__Ascomycota;c__Saccharomycetes;o__Saccharomycetales;Other;Other;Other	0.277130029381	0.00201254902334	0.0897612785344	0.0177874565269	0.0223250965215	-0.0316039754451	-0.00444395532057	0.00576263354776	0.00206428469819	0.00482378436418	-0.0052644871907	0.004435833236	0.00666269506605	-0.00406927147503	-0.00384529587653	-0.00325592247684	-0.00157043841932	0.00367075034344	0.000498395372761	-0.000501748891865	0.000818529930946	-9.74458369953e-06	1.6209680802e-06	-1.41133546518e-06	-3.39366216022e-10	-5.70658041507e-10	-2.61255553012e-09	3.05423396576e-11	6.81253768856e-11	2.53932524751e-11
Mock.2;k__Fungi;p__Ascomycota;c__Saccharomycetes;o__Saccharomycetales;f__Saccharomycetaceae;g__Debaryomyces;s__Debaryomyces_sp_R344	-0.0684003858215	-0.188468570771	-0.111253047495	-0.0301490025612	-0.0266272962521	-0.0402389495032	-0.0113461675625	-0.00609949600898	-0.0111727493514	-0.0128434600778	0.00809571899862	0.00512261467185	-0.009584955017	0.001908830182	0.000980612001366	-0.00105211286258	-0.000605738155942	-0.000549844565527	-0.000428086502987	0.000728018166973	-0.000206289526253	1.7397268435e-05	9.54322784672e-07	1.87234487443e-06	-3.39366216021e-10	-5.70658041506e-10	-2.61255553012e-09	3.05423396573e-11	6.81253768855e-11	2.5393252474e-11
Mock.2;k__Fungi;p__unidentified;c__unidentified;o__unidentified;f__unidentified;g__unidentified;s__unculturedsoil_fungus	-0.360372216195	0.14628347721	0.103270737272	-0.0425815914889	0.000165445445128	0.0114187437666	-0.00128415647457	-0.0011513338651	0.00160366450141	0.00977364421331	-0.0013035419951	0.0005598629016	-0.000192336759559	0.000348029558758	0.00104254670997	-3.07755713901e-05	-0.000584284259803	0.000532327742758	0.000176592271089	8.19147847198e-05	0.000114102765997	-1.35273456681e-05	-6.5000946654e-07	-1.80681861801e-06	-3.39366216025e-10	-5.70658041511e-10	-2.61255553012e-09	3.0542339657e-11	6.81253768861e-11	2.5393252475e-11
Mock.2;k__Fungi;p__Ascomycota;c__unidentified;o__unidentified;f__unidentified;g__unidentified;s__ascomycete_sp_VTT_D_041022	-0.0530237955268	-0.216422411887	-0.113687619233	-0.0144486088623	0.053186831869	0.0212123232566	-0.0265493194284	-0.0290830059644	-0.00560105609078	-0.00504678205273	-0.00677144461594	0.00674656730268	-0.00281060591808	-7.76349631567e-05	-0.000526005757199	-0.00294849404243	-0.000402304068802	-0.00114484748725	-0.000798434829752	0.000136104507143	-0.000139048511648	1.995988003e-05	2.28316120538e-06	3.04839314563e-06	-3.3936621602e-10	-5.70658041506e-10	-2.61255553012e-09	3.0542339657e-11	6.81253768854e-11	2.53932524738e-11
Mock.1;k__Fungi;p__unidentified;c__unidentified;o__unidentified;f__unidentified;g__unidentified;s__unculturedsoil_fungus	-0.360372216195	0.14628347721	0.103270737272	-0.0425815914889	0.000165445445128	0.0114187437666	-0.00128415647457	-0.0011513338651	0.00160366450141	0.00977364421331	-0.0013035419951	0.0005598629016	-0.000192336759559	0.000348029558758	0.00104254670997	-3.07755713901e-05	-0.000584284259803	0.000532327742758	0.000176592271089	8.19147847198e-05	0.000114102765997	-1.35273456681e-05	-6.5000946654e-07	-1.80681861801e-06	-3.39366216025e-10	-5.70658041511e-10	-2.61255553012e-09	3.0542339657e-11	6.81253768861e-11	2.5393252475e-11
Mock.2;k__Fungi;p__Ascomycota;c__Saccharomycetes;o__Saccharomycetales;f__Saccharomycetaceae;g__Zygosaccharomyces;s__Zygosaccharomyces_pseudorouxii	-0.0299416292452	-0.0699057358631	0.0074206024952	-0.0167728974888	0.00392384945821	-0.00618368837431	0.00155877145646	0.00142700696966	0.00549003982198	0.00370728617895	-0.000614593778627	-0.00160722768692	0.000353396301206	1.54947821827e-05	-0.000872315063225	0.000826168735515	0.000341148011821	-0.000322994753156	5.74058560795e-05	-4.04077392737e-05	-4.60993029501e-05	-3.75470693975e-05	-3.86368735665e-06	-5.04950229078e-06	-3.39366216026e-10	-5.70658041509e-10	-2.61255553013e-09	3.05423396582e-11	6.8125376886e-11	2.53932524747e-11
Mock.3;k__Fungi;p__Ascomycota;c__Saccharomycetes;o__Saccharomycetales;Other;Other;Other	0.271598827911	-0.00110927482753	0.087620472816	0.0170348582999	0.019342083822	-0.0295606736101	-0.00342303839849	0.00576136489411	0.00251116286499	0.00315939277004	-0.00544718962075	0.00389858893837	0.00804804631218	-0.0045273454828	-0.00412685924942	-0.00354636517173	-0.00126201889397	0.00380333683551	0.000333583746384	-0.000539125696464	0.000890511979415	-8.31565523181e-06	2.10754350164e-06	-1.11660216207e-06	-3.39366216022e-10	-5.70658041507e-10	-2.61255553012e-09	3.05423396576e-11	6.81253768856e-11	2.53932524751e-11
Mock.1;k__Fungi;p__Ascomycota;c__Saccharomycetes;o__Saccharomycetales;f__Saccharomycetaceae;g__Debaryomyces;s__Debaryomyces_sp_R344	-0.0684046075411	-0.188471332538	-0.111257667254	-0.0301491705381	-0.0266211572175	-0.0402374982661	-0.0113544062077	-0.00609809658693	-0.011177216897	-0.0128410790626	0.00809110513724	0.00511637654975	-0.00958601139943	0.00190664087217	0.000979942805917	-0.00105431004527	-0.000605883001026	-0.0005513387206	-0.000428586466821	0.000728421105688	-0.000205589145434	1.73452722805e-05	1.1407992745e-06	1.86449776559e-06	-3.39366216021e-10	-5.70658041506e-10	-2.61255553012e-09	3.05423396573e-11	6.81253768855e-11	2.5393252474e-11
Mock.2;k__Fungi;p__Ascomycota;c__Saccharomycetes;o__Saccharomycetales;f__Saccharomycetaceae;g__Debaryomyces;Other	0.101212270491	-0.133172457553	0.0498218326709	-0.0115848842415	-0.023410306478	0.0954696351811	0.0130210352249	0.00172281338517	0.00352557245904	-0.00219249004814	-0.00721958304981	-0.00796551820342	0.00822936104092	0.00189197104569	-0.00186121122515	0.00133637842115	0.00235170383555	-0.000604720916525	-0.000306883335179	-0.000430666275545	-0.000109014227301	-8.28136004479e-06	-9.95532710163e-07	-5.00431492184e-07	-3.39366216022e-10	-5.70658041507e-10	-2.61255553012e-09	3.05423396577e-11	6.81253768856e-11	2.53932524751e-11
Mock.1;k__Fungi;p__Ascomycota;c__Saccharomycetes;o__Saccharomycetales;f__Saccharomycetaceae;g__Zygosaccharomyces;s__Zygosaccharomyces_pseudorouxii	-0.0297430078964	-0.0698392872045	0.00750213161802	-0.0167720286607	0.0038728260589	-0.00612941325705	0.00153578657564	0.00141468593898	0.0054580026044	0.00368736659899	-0.000611725334912	-0.00158763140967	0.000340763623742	6.03996330424e-06	-0.000883624293807	0.000830395137344	0.000328729183648	-0.000327922017995	5.8579376298e-05	-3.8751151038e-05	-4.53487676627e-05	-3.84461336692e-05	-3.94208969821e-06	-5.17032008478e-06	-3.39366216026e-10	-5.70658041509e-10	-2.61255553013e-09	3.05423396583e-11	6.8125376886e-11	2.53932524747e-11
Mock.3;k__Fungi;p__unidentified;c__unidentified;o__unidentified;f__unidentified;g__unidentified;s__unculturedsoil_fungus	-0.360372216195	0.14628347721	0.103270737272	-0.0425815914889	0.000165445445128	0.0114187437666	-0.00128415647457	-0.0011513338651	0.00160366450141	0.00977364421331	-0.0013035419951	0.0005598629016	-0.000192336759559	0.000348029558758	0.00104254670997	-3.07755713901e-05	-0.000584284259803	0.000532327742758	0.000176592271089	8.19147847198e-05	0.000114102765997	-1.35273456681e-05	-6.5000946654e-07	-1.80681861801e-06	-3.39366216025e-10	-5.70658041511e-10	-2.61255553012e-09	3.0542339657e-11	6.81253768861e-11	2.5393252475e-11
Mock.1;k__Fungi;p__Ascomycota;c__Saccharomycetes;o__Saccharomycetales;f__Saccharomycetaceae;g__Debaryomyces;Other	0.101224685725	-0.133167650795	0.049833339029	-0.0115840820162	-0.023413765143	0.0954751383349	0.0130259719678	0.00172352344724	0.00352366372815	-0.00219077775378	-0.00722217305688	-0.00796964562971	0.00822982013839	0.00189197118803	-0.00186156787529	0.00133562206041	0.00235139354255	-0.000605196579893	-0.000307100970575	-0.000430666771716	-0.000109038760757	-8.33549890555e-06	-1.01954295676e-06	-4.48937822528e-07	-3.39366216022e-10	-5.70658041507e-10	-2.61255553012e-09	3.05423396577e-11	6.81253768856e-11	2.53932524751e-11
Mock.3;k__Fungi;p__Ascomycota;c__Saccharomycetes;o__Saccharomycetales;f__Saccharomycetaceae;g__Debaryomyces;s__Debaryomyces_sp_R344	-0.0684079369302	-0.188469259412	-0.111257990515	-0.0301472726678	-0.0266244927231	-0.0402394975773	-0.0113501104515	-0.00610109020018	-0.0111733894375	-0.0128442344533	0.00809283001187	0.0051234718312	-0.00958188716669	0.00191127987152	0.000979777054562	-0.00105237390613	-0.000607219598818	-0.00054931965851	-0.000428136264223	0.000727455715346	-0.000207610608477	1.73370902173e-05	8.48080468389e-07	1.92469892575e-06	-3.39366216021e-10	-5.70658041506e-10	-2.61255553012e-09	3.05423396573e-11	6.81253768855e-11	2.5393252474e-11
Mock.3;k__Fungi;p__Ascomycota;c__Saccharomycetes;o__Saccharomycetales;f__Dipodascaceae;g__Galactomyces;Other	0.104735688699	-0.162018228801	-0.0122014343557	-0.0129464233565	0.0151778789812	0.0341045125601	0.00433818462885	-0.00547315354139	0.0226360962762	-0.00154048529846	0.0231347990713	-0.00407930079097	-0.00389082500566	-0.002213612195	0.00367771913172	0.00164412361411	0.00169337311427	0.00323920968154	-3.29664551258e-05	0.000574346419068	0.00020147061376	3.65085397409e-06	-2.31287988301e-07	2.0491086052e-07	-3.39366216022e-10	-5.70658041507e-10	-2.61255553012e-09	3.05423396575e-11	6.81253768856e-11	2.53932524751e-11
Mock.2;k__Fungi;p__Ascomycota;c__Saccharomycetes;o__Saccharomycetales;f__Dipodascaceae;g__Galactomyces;Other	0.10558850229	-0.162750787504	-0.0119041916307	-0.0138427988023	0.0124090815255	0.035614284298	0.0041461376	-0.00439792946663	0.0223247432738	-0.00195135250724	0.023487524101	-0.00567323465185	-0.00328273592543	-0.0020515573526	0.00384860052175	0.00235110183078	0.00147201080542	0.00371523025194	-0.000576267077491	0.00077361291838	0.000282891637449	3.35278319933e-06	-3.56440955227e-08	1.8992863253e-07	-3.39366216022e-10	-5.70658041507e-10	-2.61255553012e-09	3.05423396575e-11	6.81253768855e-11	2.53932524751e-11
Mock.1;k__Fungi;p__Ascomycota;c__Saccharomycetes;o__Saccharomycetales;f__Dipodascaceae;g__Galactomyces;Other	0.10746249058	-0.161263879389	-0.0107038717537	-0.0139183655059	0.0117109744728	0.0350547206221	0.00411231079619	-0.00397082054034	0.0226903442029	-0.00196273060101	0.0237289373174	-0.00602424447734	-0.00312760556938	-0.00202850230391	0.00374845946947	0.00228885917352	0.00136168833835	0.00361639114331	-0.000809263000714	0.000798796364957	0.000296926326448	4.7827810354e-06	3.1503013792e-07	1.27568555216e-07	-3.39366216022e-10	-5.70658041507e-10	-2.61255553012e-09	3.05423396575e-11	6.81253768855e-11	2.53932524751e-11
Mock.3;k__Fungi;p__Ascomycota;c__Saccharomycetes;o__Saccharomycetales;f__Saccharomycetaceae;g__Debaryomyces;Other	0.101192536174	-0.133180098012	0.049803543034	-0.0115861593982	-0.0234048088456	0.0954608877839	0.0130131881517	0.00172168472418	0.00352860643335	-0.00219521178181	-0.00721546617038	-0.00795895755863	0.0082286312943	0.00189197081944	-0.00186064432106	0.00133758067501	0.00235219705386	-0.000603964837994	-0.000306537398406	-0.000430665486868	-0.000108975230774	-8.19530500455e-06	-9.57367837312e-07	-5.82281936631e-07	-3.39366216022e-10	-5.70658041507e-10	-2.61255553012e-09	3.05423396577e-11	6.81253768856e-11	2.53932524751e-11
Mock.3;k__Fungi;p__Ascomycota;c__Saccharomycetes;o__Saccharomycetales;f__Pichiaceae;g__Pichia;s__Pichia_jadinii	0.0813331801593	-0.149014051263	-0.0237157784162	-0.0112239701889	-0.00269044212385	-0.00559144068717	0.00141638446082	0.00267412650105	0.00490330547034	0.0031912594018	0.000303879249326	-0.000468200226783	0.000714369814286	0.000524029782378	-0.000665617196255	-0.000333786981916	0.000315114052478	-0.000739691364597	-0.000140846362564	-0.000181046612586	-9.41527849577e-05	3.81931004022e-06	2.49670502107e-07	6.38551671826e-07	-3.39366216021e-10	-5.70658041507e-10	-2.61255553012e-09	3.05423396575e-11	6.81253768855e-11	2.53932524746e-11
Mock.3;k__Fungi;p__Ascomycota;c__Saccharomycetes;o__Saccharomycetales;f__Saccharomycetaceae;g__Zygosaccharomyces;s__Zygosaccharomyces_pseudorouxii	-0.0300284107261	-0.0699347685579	0.00738498085602	-0.0167732770965	0.00394614256104	-0.00620740221516	0.00156881399221	0.00143239026454	0.00550403749748	0.00371598942591	-0.000615847056762	-0.00161578967671	0.000358915760546	1.96257740884e-05	-0.00086737384324	0.000824322139407	0.000346574036297	-0.000320841936543	5.68931225641e-05	-4.11315344804e-05	-4.64272262273e-05	-3.71542509551e-05	-3.82943186829e-06	-4.99671467687e-06	-3.39366216026e-10	-5.70658041509e-10	-2.61255553013e-09	3.05423396582e-11	6.8125376886e-11	2.53932524747e-11
Mock.2;k__Fungi;p__Ascomycota;c__Saccharomycetes;o__Saccharomycetales;f__Pichiaceae;g__Pichia;s__Pichia_jadinii	0.0816339724661	-0.148969038825	-0.0235410937078	-0.0111854067135	-0.00267940564645	-0.00546308928293	0.00141070933873	0.00273502620368	0.0049317077232	0.0032144572587	0.000275741275916	-0.000501253031626	0.000714659525057	0.000549929282887	-0.000672210648869	-0.000317683376792	0.000325933528929	-0.000731021722492	-0.000138441194205	-0.000171968661413	-9.62280721035e-05	3.83669451478e-06	2.35111341469e-07	6.35810080297e-07	-3.39366216021e-10	-5.70658041507e-10	-2.61255553012e-09	3.05423396575e-11	6.81253768855e-11	2.53932524746e-11
Mock.3;k__Fungi;p__Ascomycota;c__Saccharomycetes;o__Saccharomycetales;f__Pichiaceae;g__Issatchenkia;Other	0.342935135648	0.144293826911	0.158873758164	0.0468801513706	0.0669393106809	-0.0458421517716	-0.0231918693631	-0.022378347443	-0.0377706330281	-0.0281007700028	0.0264120882632	0.0032504524747	-0.00408808071612	0.00128130079579	-0.0153168038954	-0.000251753819969	0.00523857945861	-0.00406205636256	-0.00391164395815	-0.000647930740676	-0.00121960063298	-1.30186863291e-05	-5.97877899755e-06	-1.22366895287e-06	-3.39366216023e-10	-5.70658041507e-10	-2.61255553013e-09	3.05423396581e-11	6.81253768858e-11	2.53932524752e-11
Mock.1;k__Fungi;p__Ascomycota;c__Saccharomycetes;o__Saccharomycetales;f__Pichiaceae;g__Pichia;s__Pichia_jadinii	0.0811608510839	-0.149105512417	-0.0237998856353	-0.0112374602853	-0.00271812378611	-0.00554047140979	0.00142283047986	0.00265744882278	0.0048891015835	0.00315406471676	0.000303896635348	-0.000480744205418	0.000710369925357	0.000527510873954	-0.00066640237283	-0.000329256068194	0.000320208799263	-0.000738111903953	-0.000140057180311	-0.000179879307699	-9.45855903746e-05	3.83134712966e-06	2.45933902115e-07	6.39203281893e-07	-3.39366216021e-10	-5.70658041507e-10	-2.61255553012e-09	3.05423396575e-11	6.81253768855e-11	2.53932524746e-11
Mock.1;k__Fungi;p__Ascomycota;c__Saccharomycetes;o__Saccharomycetales;f__Pichiaceae;g__Issatchenkia;Other	0.342937234779	0.144486020641	0.158929435202	0.0469171440988	0.0670347932088	-0.0458705553999	-0.0231651272156	-0.0224890856714	-0.0378002548279	-0.0281782470971	0.0264808313459	0.00325085947256	-0.00412107627938	0.00127005395409	-0.0153366696492	-0.000282550232801	0.00524238035828	-0.00407241293576	-0.00391103945031	-0.000656981831282	-0.00121947154008	-1.30795631259e-05	-5.98051958385e-06	-1.22816364202e-06	-3.39366216023e-10	-5.70658041507e-10	-2.61255553013e-09	3.05423396581e-11	6.81253768858e-11	2.53932524752e-11
Mock.2;k__Fungi;p__Ascomycota;c__Saccharomycetes;o__Saccharomycetales;f__Pichiaceae;g__Issatchenkia;Other	0.342893093621	0.144295814081	0.15886555385	0.0468822531814	0.0669603647351	-0.0458183834182	-0.0231777070586	-0.0224174372408	-0.0377668401578	-0.0281288116692	0.0264447139259	0.00323465900392	-0.00410102468352	0.00128127210515	-0.0153217869274	-0.000263730808937	0.00523781530496	-0.00406285548022	-0.00390726210601	-0.000651983561214	-0.00121876648755	-1.30555220297e-05	-5.97817132542e-06	-1.22719824014e-06	-3.39366216023e-10	-5.70658041507e-10	-2.61255553013e-09	3.05423396581e-11	6.81253768858e-11	2.53932524752e-11
Mock.3;k__Fungi;p__Ascomycota;c__Saccharomycetes;o__Saccharomycetales;f__Dipodascaceae;g__Galactomyces;s__Galactomyces_reessii	-0.0788646793298	-0.181817668173	-0.115786257389	-0.0263662543937	-0.039272004532	-0.0597469146192	-0.00294139069552	-0.00996936350233	-0.0337229524143	-0.00722082427843	-0.0146217715924	-0.0108302838014	-0.00402898844746	0.0119196106326	-0.00473761391725	-0.00382885410893	-0.00608976782138	-0.00591326541362	-0.000619789504088	2.01366591655e-05	-0.000183262907173	2.1235704031e-05	4.1587347498e-06	3.65178350938e-06	-3.39366216019e-10	-5.70658041506e-10	-2.61255553011e-09	3.05423396569e-11	6.81253768853e-11	2.53932524733e-11
Mock.2;k__Fungi;p__Ascomycota;c__Saccharomycetes;o__Saccharomycetales;f__Dipodascaceae;g__Galactomyces;s__Galactomyces_reessii	-0.0788674997005	-0.18181944729	-0.115789027085	-0.0263661691551	-0.0392678920192	-0.0597450043518	-0.00294634111674	-0.00996891760268	-0.0337232313507	-0.00722047824971	-0.0146226646868	-0.0108313803283	-0.00402903637142	0.0119186247003	-0.00473765316945	-0.00382961380665	-0.00608982435245	-0.00591333749872	-0.000620004550914	2.01910802002e-05	-0.000183286426957	2.12363111027e-05	4.15877045049e-06	3.65188067649e-06	-3.39366216019e-10	-5.70658041506e-10	-2.61255553011e-09	3.05423396569e-11	6.81253768853e-11	2.53932524733e-11
Mock.1;k__Fungi;p__Ascomycota;c__Saccharomycetes;o__Saccharomycetales;f__Dipodascaceae;g__Galactomyces;s__Galactomyces_reessii	-0.0788341208368	-0.181798391583	-0.115756247959	-0.0263671779471	-0.0393165632815	-0.0597676122142	-0.00288775327388	-0.00997419478961	-0.0337199301608	-0.00722457347216	-0.0146120949851	-0.01081840302	-0.0040284691952	0.0119302931307	-0.00473718862282	-0.00382062284428	-0.00608915531179	-0.00591248437727	-0.000617459488761	1.95470115668e-05	-0.000183008072179	2.12291264576e-05	4.15834793566e-06	3.65073071134e-06	-3.39366216019e-10	-5.70658041506e-10	-2.61255553011e-09	3.05423396569e-11	6.81253768853e-11	2.53932524733e-11
Mock.1;k__Fungi;p__Ascomycota;c__Eurotiomycetes;o__Eurotiales;f__Trichocomaceae;g__Penicillium;s__	-0.24312857121	0.110465247763	-0.119063345116	0.519551690171	-0.042550598167	0.0325571393246	0.0138707377227	0.0313373175998	-0.00516056438246	0.0146959810781	0.0153296136819	0.00528275155142	-0.00156404011627	-0.00293838101066	0.0018561823609	-0.00261824456428	-0.00626828018918	-9.54173219199e-05	-0.00187660029395	0.000618737769282	0.000963316431985	-2.59878995293e-06	4.74142522935e-06	-2.91523433325e-07	-3.39366216021e-10	-5.70658041506e-10	-2.61255553012e-09	3.05423396573e-11	6.81253768854e-11	2.53932524751e-11
Mock.3;k__Fungi;p__Ascomycota;c__Eurotiomycetes;o__Eurotiales;f__Trichocomaceae;g__Penicillium;s__	-0.24312857121	0.110465247763	-0.119063345116	0.519551690171	-0.042550598167	0.0325571393246	0.0138707377227	0.0313373175998	-0.00516056438246	0.0146959810781	0.0153296136819	0.00528275155142	-0.00156404011627	-0.00293838101066	0.0018561823609	-0.00261824456428	-0.00626828018918	-9.54173219199e-05	-0.00187660029395	0.000618737769282	0.000963316431985	-2.59878995293e-06	4.74142522935e-06	-2.91523433325e-07	-3.39366216021e-10	-5.70658041506e-10	-2.61255553012e-09	3.05423396573e-11	6.81253768854e-11	2.53932524751e-11
Mock.2;k__Fungi;p__Ascomycota;c__Eurotiomycetes;o__Eurotiales;f__Trichocomaceae;g__Penicillium;s__	-0.24312857121	0.110465247763	-0.119063345116	0.519551690171	-0.042550598167	0.0325571393246	0.0138707377227	0.0313373175998	-0.00516056438246	0.0146959810781	0.0153296136819	0.00528275155142	-0.00156404011627	-0.00293838101066	0.0018561823609	-0.00261824456428	-0.00626828018918	-9.54173219199e-05	-0.00187660029395	0.000618737769282	0.000963316431985	-2.59878995293e-06	4.74142522935e-06	-2.91523433325e-07	-3.39366216021e-10	-5.70658041506e-10	-2.61255553012e-09	3.05423396573e-11	6.81253768854e-11	2.53932524751e-11
Mock.3;k__Fungi;p__unidentified;c__unidentified;o__unidentified;f__unidentified;g__unidentified;s__unculturedcompost_fungus	-0.119564873202	0.0975496987103	0.212196268307	-0.0920185351737	-0.181754730668	0.175922991876	-0.042740912988	-0.00189808363677	-0.0586482035432	0.0230754051061	0.0124869812711	0.0518535101582	-0.0084073809161	0.00297524365166	0.00493027524829	-0.0216437646712	-0.0183635182738	-0.00626583135289	-0.00117661162566	0.000156298920357	0.000870947240996	1.05867990616e-05	1.67381484976e-05	3.63732545203e-06	-3.39366216016e-10	-5.70658041505e-10	-2.6125555301e-09	3.05423396561e-11	6.8125376885e-11	2.5393252475e-11
Mock.1;k__Fungi;p__Ascomycota;c__Sordariomycetes;o__Microascales;f__Microascaceae;Other;Other	0.263764590098	-0.0381243889811	0.0869991475493	0.0183319446357	0.027618619694	-0.000480723498449	-0.00494691382861	0.0106751868048	0.00483334880423	0.00521714156838	-0.00501753612561	-0.00309144645646	0.00066993520942	0.00329153630188	-0.00289422398437	0.00133887148109	0.000429234514607	0.00148260124218	0.00209865467825	0.00179930038877	-0.000450814217763	2.22753229204e-05	-1.08568514007e-06	1.73839968411e-06	-3.39366216021e-10	-5.70658041506e-10	-2.61255553012e-09	3.05423396573e-11	6.81253768855e-11	2.53932524751e-11
Mock.1;k__Fungi;p__Ascomycota;c__Sordariomycetes;o__Microascales;f__Microascaceae;g__Microascus;s__Scopulariopsis_brevicaulis	-0.0438645999668	-0.188853038897	-0.0914780567781	-0.0255771493458	-0.0195408708446	-0.0175326923097	0.00246972466259	-0.0126583546171	-0.00685649399563	-0.0149939446493	0.00535748219239	0.00250206378879	-0.000926390725838	-0.0034720734723	0.00139028309617	-0.000539650987225	3.50747436423e-06	-0.00192916988623	-0.0023279613536	-0.00188026353201	0.000247668143389	-8.8611821819e-06	1.43489193403e-06	3.45634645287e-08	-3.39366216021e-10	-5.70658041507e-10	-2.61255553012e-09	3.05423396575e-11	6.81253768856e-11	2.53932524742e-11
Mock.2;k__Fungi;p__unidentified;c__unidentified;o__unidentified;f__unidentified;g__unidentified;s__unculturedcompost_fungus	-0.127643074804	0.0991845379251	0.208542216946	-0.0903601073504	-0.175651977156	0.170404478761	-0.0413501911241	-0.00187303292558	-0.056626974743	0.0226291799004	0.0120243598836	0.0501327967518	-0.00813179636771	0.00288711027154	0.00479985623982	-0.0209187282956	-0.0177670902957	-0.00603777809249	-0.00113121660676	0.000153803605903	0.000845557889598	9.77785810423e-06	1.61548396841e-05	3.45469442093e-06	-3.39366216016e-10	-5.70658041505e-10	-2.6125555301e-09	3.05423396562e-11	6.81253768851e-11	2.5393252475e-11
Mock.1;k__Fungi;p__unidentified;c__unidentified;o__unidentified;f__unidentified;g__unidentified;s__unculturedcompost_fungus	-0.121893187583	0.0980208951278	0.211143090786	-0.0915405400033	-0.179995783631	0.1743324357	-0.0423400765301	-0.00189086347392	-0.0580656411964	0.0229467932423	0.0123536436692	0.0513575629205	-0.0083279514219	0.00294984168393	0.00489268563763	-0.0214347933304	-0.018191614686	-0.00620010141545	-0.00116352778837	0.000155579716156	0.000863629474629	1.03536445852e-05	1.65700261399e-05	3.58468719452e-06	-3.39366216016e-10	-5.70658041505e-10	-2.6125555301e-09	3.05423396561e-11	6.8125376885e-11	2.5393252475e-11
Mock.3;k__Fungi;p__Ascomycota;c__Saccharomycetes;o__Saccharomycetales;f__Pichiaceae;Other;Other	0.315857193547	0.00998211456655	0.122937612021	0.0217583619965	0.024893459474	-0.0603056283076	-0.00345317200835	0.0216532674845	0.131998425647	-0.0233099762754	-0.0330603201023	0.0136063727223	-0.0207086104615	0.0101084988517	0.0208239013353	-0.0207891747833	-0.0239347372416	-0.0189441143292	-0.00242833660033	-0.00105407926374	0.000764731123361	0.000258817245928	4.12299240083e-05	3.75133075318e-05	-3.39366215994e-10	-5.70658041496e-10	-2.61255553005e-09	3.05423396501e-11	6.81253768832e-11	2.53932524748e-11
Mock.2;k__Fungi;p__Ascomycota;c__Sordariomycetes;o__Microascales;f__Microascaceae;Other;Other	0.263778823048	-0.0380627413752	0.0869884000642	0.0183276001116	0.0276301262956	-0.000491674902804	-0.00494589497304	0.0106770504335	0.00482945693497	0.00521302364229	-0.00501294072254	-0.00308769412405	0.00067013448288	0.00328972199807	-0.00289231629005	0.00133827799952	0.000427647742633	0.00147964374772	0.00209799264414	0.00179896836022	-0.000451010870034	2.22937035692e-05	-1.08332081891e-06	1.74133600569e-06	-3.39366216021e-10	-5.70658041506e-10	-2.61255553012e-09	3.05423396573e-11	6.81253768855e-11	2.53932524751e-11
Mock.2;k__Fungi;p__Ascomycota;c__Sordariomycetes;o__Microascales;f__Microascaceae;g__Microascus;s__Scopulariopsis_brevicaulis	-0.0438645999668	-0.188853038897	-0.0914780567781	-0.0255771493458	-0.0195408708446	-0.0175326923097	0.00246972466259	-0.0126583546171	-0.00685649399563	-0.0149939446493	0.00535748219239	0.00250206378879	-0.000926390725838	-0.0034720734723	0.00139028309617	-0.000539650987225	3.50747436423e-06	-0.00192916988623	-0.0023279613536	-0.00188026353201	0.000247668143389	-8.8611821819e-06	1.43489193403e-06	3.45634645287e-08	-3.39366216021e-10	-5.70658041507e-10	-2.61255553012e-09	3.05423396575e-11	6.81253768856e-11	2.53932524742e-11
Mock.1;k__Fungi;p__Ascomycota;c__Saccharomycetes;o__Saccharomycetales;f__Pichiaceae;Other;Other	0.31654354342	0.0104000078006	0.12321326204	0.0218439725029	0.0251795627599	-0.0605297768585	-0.00365069544927	0.0216989860749	0.131631764413	-0.0230350656208	-0.0329949904375	0.0136680526702	-0.0205847701434	0.0100690400531	0.0208291796085	-0.0207622803016	-0.0238891916718	-0.0188972801221	-0.00242339924843	-0.00103943436468	0.000762799673986	0.000258299374852	4.11493937614e-05	3.74334842018e-05	-3.39366215994e-10	-5.70658041496e-10	-2.61255553005e-09	3.05423396501e-11	6.81253768832e-11	2.53932524748e-11
Mock.2;k__Fungi;p__Ascomycota;c__Saccharomycetes;o__Saccharomycetales;f__Pichiaceae;Other;Other	0.316979984046	0.0107194648361	0.123226099151	0.021931441002	0.0257656916491	-0.0607555821001	-0.00387429694133	0.0214948804087	0.129097201943	-0.022058494012	-0.0323128027967	0.0136808630478	-0.0199878804674	0.00990170408425	0.0205536422868	-0.0205944840926	-0.0234419443005	-0.0185167929947	-0.00238868584191	-0.00102239121302	0.000764060369517	0.000252889506622	4.04227100758e-05	3.66610873934e-05	-3.39366215994e-10	-5.70658041497e-10	-2.61255553005e-09	3.05423396503e-11	6.81253768832e-11	2.53932524748e-11
Mock.3;k__Fungi;p__Ascomycota;c__Sordariomycetes;o__Microascales;f__Microascaceae;g__Microascus;s__Scopulariopsis_brevicaulis	-0.0438645999668	-0.188853038897	-0.0914780567781	-0.0255771493458	-0.0195408708446	-0.0175326923097	0.00246972466259	-0.0126583546171	-0.00685649399563	-0.0149939446493	0.00535748219239	0.00250206378879	-0.000926390725838	-0.0034720734723	0.00139028309617	-0.000539650987225	3.50747436423e-06	-0.00192916988623	-0.0023279613536	-0.00188026353201	0.000247668143389	-8.8611821819e-06	1.43489193403e-06	3.45634645287e-08	-3.39366216021e-10	-5.70658041507e-10	-2.61255553012e-09	3.05423396575e-11	6.81253768856e-11	2.53932524742e-11
Mock.3;k__Fungi;p__Ascomycota;c__Sordariomycetes;o__Microascales;f__Microascaceae;Other;Other	0.263701632397	-0.0383970795595	0.0870466877235	0.0183511621022	0.0275677216613	-0.000432281312688	-0.00495142061058	0.010666943273	0.00485056400769	0.00523535670637	-0.00503786332407	-0.00310804443588	0.000669053747855	0.00329956165092	-0.00290266243481	0.00134149667358	0.000436253404648	0.00149568335401	0.00210158310443	0.00180076907612	-0.000449944350712	2.21940183887e-05	-1.09614342297e-06	1.72541122794e-06	-3.39366216021e-10	-5.70658041507e-10	-2.61255553012e-09	3.05423396573e-11	6.81253768855e-11	2.53932524752e-11
Mock.3;k__Fungi;p__Ascomycota;c__Saccharomycetes;o__Saccharomycetales;f__Saccharomycetaceae;g__Debaryomyces;s__Debaryomyces_hansenii	-0.24312857121	0.110465247763	-0.119063345116	0.519551690171	-0.042550598167	0.0325571393246	0.0138707377227	0.0313373175998	-0.00516056438246	0.0146959810781	0.0153296136819	0.00528275155142	-0.00156404011627	-0.00293838101066	0.0018561823609	-0.00261824456428	-0.00626828018918	-9.54173219199e-05	-0.00187660029395	0.000618737769282	0.000963316431985	-2.59878995293e-06	4.74142522935e-06	-2.91523433325e-07	-3.39366216021e-10	-5.70658041506e-10	-2.61255553012e-09	3.05423396573e-11	6.81253768854e-11	2.53932524751e-11
Mock.2;k__Fungi;p__Ascomycota;c__Sordariomycetes;o__Microascales;f__Microascaceae;g__Scopulariopsis;s__	-0.24312857121	0.110465247763	-0.119063345116	0.519551690171	-0.042550598167	0.0325571393246	0.0138707377227	0.0313373175998	-0.00516056438246	0.0146959810781	0.0153296136819	0.00528275155142	-0.00156404011627	-0.00293838101066	0.0018561823609	-0.00261824456428	-0.00626828018918	-9.54173219199e-05	-0.00187660029395	0.000618737769282	0.000963316431985	-2.59878995293e-06	4.74142522935e-06	-2.91523433325e-07	-3.39366216021e-10	-5.70658041506e-10	-2.61255553012e-09	3.05423396573e-11	6.81253768854e-11	2.53932524751e-11
Mock.1;k__Fungi;p__Ascomycota;c__Sordariomycetes;o__Hypocreales;f__Nectriaceae;g__Fusarium;s__	-0.24312857121	0.110465247763	-0.119063345116	0.519551690171	-0.042550598167	0.0325571393246	0.0138707377227	0.0313373175998	-0.00516056438246	0.0146959810781	0.0153296136819	0.00528275155142	-0.00156404011627	-0.00293838101066	0.0018561823609	-0.00261824456428	-0.00626828018918	-9.54173219199e-05	-0.00187660029395	0.000618737769282	0.000963316431985	-2.59878995293e-06	4.74142522935e-06	-2.91523433325e-07	-3.39366216021e-10	-5.70658041506e-10	-2.61255553012e-09	3.05423396573e-11	6.81253768854e-11	2.53932524751e-11
Mock.3;k__Fungi;p__Ascomycota;c__Sordariomycetes;o__Microascales;f__Microascaceae;g__Scopulariopsis;s__	-0.24312857121	0.110465247763	-0.119063345116	0.519551690171	-0.042550598167	0.0325571393246	0.0138707377227	0.0313373175998	-0.00516056438246	0.0146959810781	0.0153296136819	0.00528275155142	-0.00156404011627	-0.00293838101066	0.0018561823609	-0.00261824456428	-0.00626828018918	-9.54173219199e-05	-0.00187660029395	0.000618737769282	0.000963316431985	-2.59878995293e-06	4.74142522935e-06	-2.91523433325e-07	-3.39366216021e-10	-5.70658041506e-10	-2.61255553012e-09	3.05423396573e-11	6.81253768854e-11	2.53932524751e-11
Mock.2;k__Fungi;p__Ascomycota;c__Saccharomycetes;o__Saccharomycetales;f__Saccharomycetaceae;g__Debaryomyces;s__Debaryomyces_hansenii	-0.24312857121	0.110465247763	-0.119063345116	0.519551690171	-0.042550598167	0.0325571393246	0.0138707377227	0.0313373175998	-0.00516056438246	0.0146959810781	0.0153296136819	0.00528275155142	-0.00156404011627	-0.00293838101066	0.0018561823609	-0.00261824456428	-0.00626828018918	-9.54173219199e-05	-0.00187660029395	0.000618737769282	0.000963316431985	-2.59878995293e-06	4.74142522935e-06	-2.91523433325e-07	-3.39366216021e-10	-5.70658041506e-10	-2.61255553012e-09	3.05423396573e-11	6.81253768854e-11	2.53932524751e-11
Mock.3;k__Fungi;p__Ascomycota;c__Sordariomycetes;o__Hypocreales;f__Nectriaceae;g__Fusarium;s__	-0.24312857121	0.110465247763	-0.119063345116	0.519551690171	-0.042550598167	0.0325571393246	0.0138707377227	0.0313373175998	-0.00516056438246	0.0146959810781	0.0153296136819	0.00528275155142	-0.00156404011627	-0.00293838101066	0.0018561823609	-0.00261824456428	-0.00626828018918	-9.54173219199e-05	-0.00187660029395	0.000618737769282	0.000963316431985	-2.59878995293e-06	4.74142522935e-06	-2.91523433325e-07	-3.39366216021e-10	-5.70658041506e-10	-2.61255553012e-09	3.05423396573e-11	6.81253768854e-11	2.53932524751e-11
Mock.1;k__Fungi;p__Ascomycota;c__Sordariomycetes;o__Microascales;f__Microascaceae;g__Scopulariopsis;s__	-0.24312857121	0.110465247763	-0.119063345116	0.519551690171	-0.042550598167	0.0325571393246	0.0138707377227	0.0313373175998	-0.00516056438246	0.0146959810781	0.0153296136819	0.00528275155142	-0.00156404011627	-0.00293838101066	0.0018561823609	-0.00261824456428	-0.00626828018918	-9.54173219199e-05	-0.00187660029395	0.000618737769282	0.000963316431985	-2.59878995293e-06	4.74142522935e-06	-2.91523433325e-07	-3.39366216021e-10	-5.70658041506e-10	-2.61255553012e-09	3.05423396573e-11	6.81253768854e-11	2.53932524751e-11
Mock.3;k__Fungi;p__Ascomycota;c__Saccharomycetes;o__Saccharomycetales;f__Incertae_sedis;g__Candida;s__	-0.24312857121	0.110465247763	-0.119063345116	0.519551690171	-0.042550598167	0.0325571393246	0.0138707377227	0.0313373175998	-0.00516056438246	0.0146959810781	0.0153296136819	0.00528275155142	-0.00156404011627	-0.00293838101066	0.0018561823609	-0.00261824456428	-0.00626828018918	-9.54173219199e-05	-0.00187660029395	0.000618737769282	0.000963316431985	-2.59878995293e-06	4.74142522935e-06	-2.91523433325e-07	-3.39366216021e-10	-5.70658041506e-10	-2.61255553012e-09	3.05423396573e-11	6.81253768854e-11	2.53932524751e-11
Mock.2;k__Fungi;p__Ascomycota;c__Saccharomycetes;o__Saccharomycetales;f__Incertae_sedis;g__Candida;s__	-0.24312857121	0.110465247763	-0.119063345116	0.519551690171	-0.042550598167	0.0325571393246	0.0138707377227	0.0313373175998	-0.00516056438246	0.0146959810781	0.0153296136819	0.00528275155142	-0.00156404011627	-0.00293838101066	0.0018561823609	-0.00261824456428	-0.00626828018918	-9.54173219199e-05	-0.00187660029395	0.000618737769282	0.000963316431985	-2.59878995293e-06	4.74142522935e-06	-2.91523433325e-07	-3.39366216021e-10	-5.70658041506e-10	-2.61255553012e-09	3.05423396573e-11	6.81253768854e-11	2.53932524751e-11
Mock.1;k__Fungi;p__Ascomycota;c__Saccharomycetes;o__Saccharomycetales;f__Incertae_sedis;g__Candida;s__	-0.24312857121	0.110465247763	-0.119063345116	0.519551690171	-0.042550598167	0.0325571393246	0.0138707377227	0.0313373175998	-0.00516056438246	0.0146959810781	0.0153296136819	0.00528275155142	-0.00156404011627	-0.00293838101066	0.0018561823609	-0.00261824456428	-0.00626828018918	-9.54173219199e-05	-0.00187660029395	0.000618737769282	0.000963316431985	-2.59878995293e-06	4.74142522935e-06	-2.91523433325e-07	-3.39366216021e-10	-5.70658041506e-10	-2.61255553012e-09	3.05423396573e-11	6.81253768854e-11	2.53932524751e-11
Mock.1;k__Fungi;p__Ascomycota;c__Saccharomycetes;o__Saccharomycetales;f__Saccharomycetaceae;g__Zygosaccharomyces;s__Zygosaccharomyces_rouxii	-0.24312857121	0.110465247763	-0.119063345116	0.519551690171	-0.042550598167	0.0325571393246	0.0138707377227	0.0313373175998	-0.00516056438246	0.0146959810781	0.0153296136819	0.00528275155142	-0.00156404011627	-0.00293838101066	0.0018561823609	-0.00261824456428	-0.00626828018918	-9.54173219199e-05	-0.00187660029395	0.000618737769282	0.000963316431985	-2.59878995293e-06	4.74142522935e-06	-2.91523433325e-07	-3.39366216021e-10	-5.70658041506e-10	-2.61255553012e-09	3.05423396573e-11	6.81253768854e-11	2.53932524751e-11
Mock.1;k__Fungi;p__Ascomycota;c__Saccharomycetes;o__Saccharomycetales;f__Saccharomycetaceae;g__Debaryomyces;s__Debaryomyces_hansenii	-0.24312857121	0.110465247763	-0.119063345116	0.519551690171	-0.042550598167	0.0325571393246	0.0138707377227	0.0313373175998	-0.00516056438246	0.0146959810781	0.0153296136819	0.00528275155142	-0.00156404011627	-0.00293838101066	0.0018561823609	-0.00261824456428	-0.00626828018918	-9.54173219199e-05	-0.00187660029395	0.000618737769282	0.000963316431985	-2.59878995293e-06	4.74142522935e-06	-2.91523433325e-07	-3.39366216021e-10	-5.70658041506e-10	-2.61255553012e-09	3.05423396573e-11	6.81253768854e-11	2.53932524751e-11
Mock.2;k__Fungi;p__Ascomycota;c__Saccharomycetes;o__Saccharomycetales;f__Saccharomycetaceae;g__Zygosaccharomyces;s__Zygosaccharomyces_rouxii	-0.24312857121	0.110465247763	-0.119063345116	0.519551690171	-0.042550598167	0.0325571393246	0.0138707377227	0.0313373175998	-0.00516056438246	0.0146959810781	0.0153296136819	0.00528275155142	-0.00156404011627	-0.00293838101066	0.0018561823609	-0.00261824456428	-0.00626828018918	-9.54173219199e-05	-0.00187660029395	0.000618737769282	0.000963316431985	-2.59878995293e-06	4.74142522935e-06	-2.91523433325e-07	-3.39366216021e-10	-5.70658041506e-10	-2.61255553012e-09	3.05423396573e-11	6.81253768854e-11	2.53932524751e-11
Mock.3;k__Fungi;p__Ascomycota;c__Saccharomycetes;o__Saccharomycetales;f__Saccharomycetaceae;g__Zygosaccharomyces;s__Zygosaccharomyces_rouxii	-0.24312857121	0.110465247763	-0.119063345116	0.519551690171	-0.042550598167	0.0325571393246	0.0138707377227	0.0313373175998	-0.00516056438246	0.0146959810781	0.0153296136819	0.00528275155142	-0.00156404011627	-0.00293838101066	0.0018561823609	-0.00261824456428	-0.00626828018918	-9.54173219199e-05	-0.00187660029395	0.000618737769282	0.000963316431985	-2.59878995293e-06	4.74142522935e-06	-2.91523433325e-07	-3.39366216021e-10	-5.70658041506e-10	-2.61255553012e-09	3.05423396573e-11	6.81253768854e-11	2.53932524751e-11
Mock.2;k__Fungi;p__Ascomycota;c__Sordariomycetes;o__Hypocreales;f__Nectriaceae;g__Fusarium;s__	-0.24312857121	0.110465247763	-0.119063345116	0.519551690171	-0.042550598167	0.0325571393246	0.0138707377227	0.0313373175998	-0.00516056438246	0.0146959810781	0.0153296136819	0.00528275155142	-0.00156404011627	-0.00293838101066	0.0018561823609	-0.00261824456428	-0.00626828018918	-9.54173219199e-05	-0.00187660029395	0.000618737769282	0.000963316431985	-2.59878995293e-06	4.74142522935e-06	-2.91523433325e-07	-3.39366216021e-10	-5.70658041506e-10	-2.61255553012e-09	3.05423396573e-11	6.81253768854e-11	2.53932524751e-11
Mock.2;k__Fungi;p__Ascomycota;c__Saccharomycetes;o__Saccharomycetales;f__Saccharomycetaceae;g__Zygosaccharomyces;Other	0.119341018138	0.157774929919	0.184730052663	-0.0232406480695	-0.069138816625	0.0814362656	-0.0344358555929	-0.0187497428787	-0.0499663987559	-0.0235132271474	0.00260931044025	0.0270562799264	-0.022138805283	-0.0141650483747	-0.0182511015436	0.00850002977895	-0.0185823104158	-0.00325556055546	0.000818241800015	-0.000527299900251	-0.000704689379274	6.08981315766e-05	7.6092032787e-06	8.75312351783e-06	-3.39366216015e-10	-5.70658041505e-10	-2.61255553011e-09	3.0542339656e-11	6.81253768851e-11	2.53932524751e-11
Mock.1;k__Fungi;p__Ascomycota;c__Saccharomycetes;o__Saccharomycetales;f__Saccharomycetaceae;g__Zygosaccharomyces;Other	0.119341018138	0.157774929919	0.184730052663	-0.0232406480695	-0.069138816625	0.0814362656	-0.0344358555929	-0.0187497428787	-0.0499663987559	-0.0235132271474	0.00260931044025	0.0270562799264	-0.022138805283	-0.0141650483747	-0.0182511015436	0.00850002977895	-0.0185823104158	-0.00325556055546	0.000818241800015	-0.000527299900251	-0.000704689379274	6.08981315766e-05	7.6092032787e-06	8.75312351783e-06	-3.39366216015e-10	-5.70658041505e-10	-2.6125555301e-09	3.0542339656e-11	6.81253768851e-11	2.53932524751e-11
Mock.3;k__Fungi;p__Ascomycota;c__Saccharomycetes;o__Saccharomycetales;f__Saccharomycetaceae;g__Zygosaccharomyces;Other	0.119341018138	0.157774929919	0.184730052663	-0.0232406480695	-0.069138816625	0.0814362656	-0.0344358555929	-0.0187497428787	-0.0499663987559	-0.0235132271474	0.00260931044025	0.0270562799264	-0.022138805283	-0.0141650483747	-0.0182511015436	0.00850002977895	-0.0185823104158	-0.00325556055546	0.000818241800015	-0.000527299900251	-0.000704689379274	6.08981315766e-05	7.6092032787e-06	8.75312351783e-06	-3.39366216015e-10	-5.70658041505e-10	-2.6125555301e-09	3.0542339656e-11	6.81253768851e-11	2.53932524751e-11
Mock.3;k__Fungi;p__Ascomycota;c__unidentified;o__unidentified;f__unidentified;g__unidentified;s__Pezizomycotina_sp_11290	0.0233617624199	-0.122860051193	-0.0303441232687	-0.0121208629982	-0.00149233560363	-0.0132159303677	-0.00538205984461	-0.00411424954077	-0.00299550522771	-0.00764978518297	-0.000361795902438	0.00130337036061	0.000735125033904	0.00120951618017	-0.00112082481443	0.000497637889069	-0.00030970512919	-0.000770845008262	-0.000285949100445	-0.00028555898569	-0.000162327862735	-3.64131409901e-05	-4.48647472857e-06	-1.06005167584e-06	-3.39366216023e-10	-5.70658041508e-10	-2.61255553013e-09	3.0542339658e-11	6.81253768858e-11	2.53932524745e-11
Mock.1;k__Fungi;p__Ascomycota;c__unidentified;o__unidentified;f__unidentified;g__unidentified;s__Pezizomycotina_sp_11290	0.0491634672113	-0.11986001378	-0.0225965628971	-0.00943726824418	0.00110141530935	-0.0131831521978	-0.0039373274646	-0.00353628284077	-0.00239677549393	-0.00679722837846	-9.76780068495e-06	0.000878943159341	0.000299450862578	0.000599324828012	-0.00083945770472	0.000469538273411	-0.00015098448	-0.000608054970481	-0.000293492894843	-0.000290138395692	-0.000138328825541	-2.55214233914e-05	-3.02463803295e-06	-1.30124656273e-06	-3.39366216023e-10	-5.70658041507e-10	-2.61255553012e-09	3.05423396579e-11	6.81253768858e-11	2.53932524745e-11
Mock.1;NO_HIT	-0.38506754481	0.15373354792	0.0932664204383	-0.0370841006944	0.0175040979259	-0.00362049915365	0.00352394595998	0.000771236627065	0.0032204035879	0.012941352984	-0.0027472489582	-0.00559625862876	-0.000857627784248	0.00191801353262	0.00177884595862	0.0011907467429	0.00215700742602	0.00542941451122	-0.00104161374659	-0.00314610653054	-0.0018306570544	0.00153447777121	0.000136359377069	0.000206728966148	-3.39366215891e-10	-5.70658041457e-10	-2.61255552982e-09	3.05423396214e-11	6.81253768749e-11	2.53932524743e-11
Mock.2;NO_HIT	-0.3862742701	0.154604820901	0.0930187855158	-0.0367270204036	0.0180788008067	-0.0039766591769	0.0038740210819	0.00124700087285	0.00235576851013	0.0140334920076	-0.00282388802888	-0.00608236810597	-0.00120199773651	0.00237518802468	0.00204958359634	0.00104464599565	0.00248083387141	0.00653740679555	-0.00138181434425	-0.00396993833619	-0.00231188101812	0.00193081636588	0.000171761701147	0.000260167339857	-3.39366215857e-10	-5.70658041443e-10	-2.61255552974e-09	3.05423396123e-11	6.8125376872e-11	2.53932524741e-11
Mock.3;NO_HIT	-0.380120827218	0.15256690018	0.0954252637584	-0.0381285126932	0.0138560048772	-0.000364823707715	0.00263475651979	0.000631279965902	0.00229067733284	0.0129086713087	-0.00246197236271	-0.00448209769286	-0.000924598916147	0.00184780971013	0.00178208874854	0.000813932967487	0.00172981184015	0.00500624224501	-0.000977806243314	-0.00292718024405	-0.00168906498147	0.00143030539239	0.0001273471323	0.000192725538096	-3.393662159e-10	-5.70658041461e-10	-2.61255552984e-09	3.05423396238e-11	6.81253768756e-11	2.53932524743e-11
Mock.2;k__Fungi;p__Ascomycota;c__unidentified;o__unidentified;f__unidentified;g__unidentified;s__Pezizomycotina_sp_11290	0.0213854807084	-0.127810321356	-0.0349281119105	-0.0127079666074	-0.00270662825964	-0.0141880272136	-0.00564969936873	-0.00442690481225	-0.00323859742972	-0.00826293906581	-1.20325972945e-05	0.00177643495502	0.000711605139595	0.00119160332579	-0.00112067250153	0.000504991441799	-0.000317067885371	-0.000825514876045	-0.000324109277141	-0.000321613543178	-0.000128440992373	-2.60114358761e-05	-2.20743279418e-06	-3.33800417894e-06	-3.39366216024e-10	-5.70658041508e-10	-2.61255553013e-09	3.05423396581e-11	6.81253768858e-11	2.53932524745e-11
Mock.2;k__Fungi;p__Ascomycota;c__Sordariomycetes;o__Hypocreales;f__Nectriaceae;Other;Other	0.0334319369356	-0.183547839176	-0.0439958236861	-0.0164623957344	-0.00805765884556	0.0157495272999	0.0308878684786	-0.0154604010357	0.00293379064111	-0.00819438324806	0.00622509281826	0.00201936947674	-0.00140510881043	-0.00355531032346	0.00176981865652	0.00126419102361	0.00292044909462	6.60922862439e-05	0.000148592025138	0.000287457166508	-0.000142685233067	9.15788225026e-05	-9.67423448162e-05	-1.78474653584e-05	-3.3936621605e-10	-5.70658041517e-10	-2.6125555302e-09	3.05423396656e-11	6.81253768888e-11	2.5393252476e-11
Mock.1;k__Fungi;p__Ascomycota;c__Sordariomycetes;o__Hypocreales;f__Nectriaceae;Other;Other	0.0548452341505	-0.182494624785	-0.0341085296629	-0.0145052819881	-0.0017681170458	0.0238191308769	0.0310838074155	-0.0141158558784	0.00283051735234	-0.00362519621932	0.00573224711235	-0.0013757703648	-0.00319080371133	-0.00348722679796	0.00325912839586	0.00194411250816	0.0032089905223	0.000309611041581	0.000444254649966	0.000661421405445	-0.000100813664625	7.65018114175e-05	-7.97548947695e-05	-1.45518487694e-05	-3.39366216045e-10	-5.70658041515e-10	-2.61255553018e-09	3.05423396642e-11	6.81253768882e-11	2.53932524758e-11
Mock.3;k__Fungi;p__Ascomycota;c__Sordariomycetes;o__Hypocreales;f__Nectriaceae;Other;Other	0.0619009492372	-0.181567282434	-0.0296552916862	-0.0137884906125	-0.00236397458341	0.0259033174087	0.0321708286615	-0.0123517145191	0.00277205548835	-0.00270924870725	0.00508560125618	-0.00261787261904	-0.00441013966123	-0.00367187066126	0.00359429394082	0.00187822678385	0.00377231860887	0.000356129663343	0.000631976410177	0.000709929862402	-0.000220698375327	6.41640554254e-05	-7.18986726865e-05	-1.35048107172e-05	-3.39366216043e-10	-5.70658041514e-10	-2.61255553018e-09	3.05423396636e-11	6.8125376888e-11	2.53932524758e-11
Mock.2;k__Fungi;p__Ascomycota;c__Saccharomycetes;o__Saccharomycetales;f__Pichiaceae;g__Pichia;s__Pichia_norvegensis	-0.0740632910533	-0.185014133688	-0.107501381857	-0.025617100455	-0.0284400335312	-0.0330413998067	-0.0146713332192	-0.00743489135575	-0.00777947331063	-0.0206020035104	6.38643588615e-06	0.00739145696942	0.00689518926477	0.00257250248481	-0.00479675606768	-4.16982154338e-05	-0.00158560939286	-0.002659817548	-0.000809653867894	-0.000463536883581	0.000276467814681	5.15486739817e-05	6.87716327365e-06	7.36743144424e-06	-3.39366216017e-10	-5.70658041505e-10	-2.61255553011e-09	3.05423396562e-11	6.81253768851e-11	2.53932524739e-11
Mock.2;k__Fungi;p__Ascomycota;c__Sordariomycetes;o__Hypocreales;Other;Other;Other	0.26564868946	-0.0599550767143	0.0802735510097	0.0102136302096	0.0086915350095	-0.00967938249568	-0.00933615083925	0.0278018919519	0.0172604535344	0.0148226578811	-0.0106043971326	-0.00400784450139	0.000807046663526	0.00234634464083	0.00336631804877	0.00258939085356	-0.00251755955523	0.00290513643658	0.00169194203718	-0.000275162004198	0.000356623168567	-2.33230628228e-05	-3.17614880735e-07	-3.18011037619e-06	-3.39366216023e-10	-5.70658041507e-10	-2.61255553012e-09	3.0542339658e-11	6.81253768857e-11	2.53932524751e-11
Mock.1;k__Fungi;p__Ascomycota;c__Sordariomycetes;o__Hypocreales;Other;Other;Other	0.276354030054	-0.0399461490475	0.0889063245007	0.0134847166146	0.0125601712214	-0.0174872386842	-0.0111941711724	0.0257867393192	0.0149853967013	0.0122910840723	-0.00916113361933	-0.00190011527595	0.00019206738039	0.00216239335926	0.00152051699191	0.00143776874267	-0.00227012930418	0.00243448892811	0.00126350893443	-0.000549541977286	0.000341788450859	-2.50257859593e-05	-3.40238384599e-07	-3.28560467697e-06	-3.39366216023e-10	-5.70658041507e-10	-2.61255553012e-09	3.0542339658e-11	6.81253768857e-11	2.53932524751e-11
Mock.3;k__Fungi;p__Ascomycota;c__Sordariomycetes;o__Hypocreales;Other;Other;Other	0.276846875859	-0.0417443239821	0.0882660297325	0.0134306008726	0.0149065845477	-0.0177401467473	-0.0105955468966	0.0243608576634	0.0153905619383	0.0133415956784	-0.00898826831844	-0.00169040064423	0.0011401925279	0.00263740057429	0.00223837878129	0.000966740966009	-0.00266809761166	0.00257602604229	0.00111106694197	-0.000503675854935	0.000470663345413	-2.38516431811e-05	4.5635520834e-07	-3.06508684457e-06	-3.39366216023e-10	-5.70658041507e-10	-2.61255553012e-09	3.05423396579e-11	6.81253768857e-11	2.53932524751e-11
Mock.2;k__Fungi;p__Ascomycota;c__Saccharomycetes;o__Saccharomycetales;f__Saccharomycetaceae;Other;Other	0.343600502187	0.17450937505	0.207275564626	0.078490636428	0.0745767275436	-0.0616687971236	-0.0235663167171	-0.0362418560224	-0.0708152336144	-0.089781929111	0.00631412721073	0.00117966833789	0.0198207302039	0.0193020872087	0.0382033685757	-0.0246619938896	0.0171982648584	0.00870539154396	-0.00290054234844	0.00336156864722	0.0020905315216	-4.34175316091e-05	1.39345880064e-06	-7.07450714181e-06	-3.39366216027e-10	-5.70658041508e-10	-2.61255553013e-09	3.05423396583e-11	6.81253768857e-11	2.53932524751e-11
Mock.1;k__Fungi;p__Ascomycota;c__Saccharomycetes;o__Saccharomycetales;f__Saccharomycetaceae;Other;Other	0.346904869804	0.177644499718	0.209519187076	0.0795362885477	0.076409020434	-0.0619290917574	-0.0244735861029	-0.0365842222722	-0.0715056845425	-0.0902963886055	0.00636462289458	0.00118648297305	0.0197142435842	0.0195666700084	0.0387238199496	-0.0249561068215	0.0173284425823	0.00891069265432	-0.00291205243825	0.00339772721687	0.00201429826041	-4.76050938316e-05	8.65540180389e-07	-7.68368282224e-06	-3.39366216027e-10	-5.70658041508e-10	-2.61255553013e-09	3.05423396584e-11	6.81253768857e-11	2.53932524751e-11
Mock.2;k__Fungi;p__Ascomycota;c__Saccharomycetes;o__Saccharomycetales;f__Pichiaceae;g__Pichia;Other	0.143627025541	-0.176700884782	0.0162361193205	-0.00402414193405	0.00749796935693	0.0722479693672	0.0254040674771	0.00414024285954	0.00957777002827	0.00407859562372	0.000192592681354	-0.0211035979923	-0.0112067182853	0.000743719589982	0.00478854393339	0.00382216044427	0.0071908549283	0.00322035325548	0.000354127581596	0.0010827503049	-0.000928481250378	-5.73949922143e-05	-1.20737981096e-05	-8.6303803575e-06	-3.39366216029e-10	-5.70658041509e-10	-2.61255553014e-09	3.05423396594e-11	6.81253768862e-11	2.53932524752e-11
Mock.3;k__Fungi;p__Ascomycota;c__Sordariomycetes;o__Hypocreales;f__Nectriaceae;g__Nectria;s__Nectria_cinnabarina	-0.0748097428108	-0.185318905417	-0.107898566078	-0.0254602592542	-0.0274966633304	-0.0319017643775	-0.0160136440379	-0.0073298025835	-0.00710415617205	-0.0210743158328	2.33301540868e-05	0.00729246051625	0.00759054971687	0.00205370022699	-0.00483199152748	-0.000423163830881	-0.00174459988625	-0.00234721172434	-0.00098718382585	-0.000555186577026	-0.000114860462481	4.03314910833e-05	5.16537649928e-06	5.81253610979e-06	-3.39366216018e-10	-5.70658041505e-10	-2.61255553011e-09	3.05423396565e-11	6.81253768852e-11	2.53932524739e-11
Mock.1;k__Fungi;p__Ascomycota;c__Sordariomycetes;o__Hypocreales;f__Nectriaceae;g__Nectria;s__Nectria_cinnabarina	-0.0755803012587	-0.185691066434	-0.108785933563	-0.0254557200285	-0.0267675302981	-0.0321191819381	-0.0166617195604	-0.00743024925974	-0.00731081017779	-0.0208048686048	1.16690838637e-05	0.00739187797232	0.00720258871773	0.00228280710966	-0.00470830223868	-0.000417769112473	-0.00179054918377	-0.00228184896355	-0.000945819656662	-0.000544610762363	-0.000171483729633	3.79869855987e-05	4.83851113909e-06	5.46857276498e-06	-3.39366216018e-10	-5.70658041505e-10	-2.61255553011e-09	3.05423396566e-11	6.81253768853e-11	2.53932524739e-11
Mock.1;k__Fungi;p__Ascomycota;c__Saccharomycetes;o__Saccharomycetales;f__Pichiaceae;g__Pichia;s__Pichia_norvegensis	-0.0746531588081	-0.185379571006	-0.108133236205	-0.0256087734097	-0.0276442021849	-0.0328247623783	-0.0155127427544	-0.00741887142772	-0.00778756949062	-0.0204985853003	-1.85712678962e-05	0.00741721896347	0.00674978501056	0.00253280476774	-0.0047462809483	-8.58619186611e-05	-0.0015791712683	-0.00263631931723	-0.000808651502759	-0.000451161781766	0.000270446691935	5.13040796606e-05	6.83613747002e-06	7.32406216678e-06	-3.39366216017e-10	-5.70658041505e-10	-2.61255553011e-09	3.05423396562e-11	6.81253768851e-11	2.53932524739e-11
Mock.3;k__Fungi;p__Ascomycota;c__Sordariomycetes;o__Hypocreales;f__unidentified;g__unidentified;s__unculturedHypocreales	-0.401404351316	0.154587422428	0.084710476393	-0.0341578311166	0.0311635585208	-0.0166117990424	0.00577982759587	-0.00102409215747	0.0118702234866	0.00750710348611	-0.00365336491587	-0.00818026868632	0.00120745777191	-9.9632054516e-05	0.00038010095264	0.00365194887586	0.00244519118455	0.00169069350985	0.000407170144868	6.92401716186e-05	-1.48590188798e-05	-1.76362521183e-05	-3.61284788428e-06	-2.7344682998e-06	-3.39366216026e-10	-5.70658041511e-10	-2.61255553012e-09	3.05423396572e-11	6.81253768863e-11	2.5393252475e-11
Mock.3;k__Fungi;p__Ascomycota;c__Saccharomycetes;o__Saccharomycetales;f__Saccharomycetaceae;Other;Other	0.337180587959	0.168418275696	0.202916526723	0.0764590837383	0.0710168442136	-0.061163081835	-0.0218036219103	-0.0355766873085	-0.0694737860968	-0.0887824078073	0.00621602131067	0.00116642847529	0.0200276184937	0.0187880406264	0.0371922059063	-0.0240905744789	0.0169453481377	0.00830652081527	-0.00287817988824	0.0032913177119	0.00223864185764	-3.5281696434e-05	2.41912926285e-06	-5.89096581984e-06	-3.39366216026e-10	-5.70658041508e-10	-2.61255553013e-09	3.05423396581e-11	6.81253768856e-11	2.53932524751e-11
Mock.3;k__Fungi;p__Ascomycota;c__Eurotiomycetes;o__Eurotiales;f__Trichocomaceae;g__Aspergillus;s__Aspergillus_versicolor	-0.174191265472	-0.050855649912	-0.0112873768751	-0.0325789784636	-0.0114265053135	-0.00561151274888	0.000924008900234	-0.0079201696016	-0.00337289932038	-0.0047955257059	0.00261470752695	0.00170233401171	-0.000624133210311	-0.00189908987127	0.00124709752538	-0.000330114051293	-0.000238524416175	-0.000915612039003	-0.00129667456697	-0.00107230775453	0.000192670635051	-1.07825436174e-05	5.7640312203e-07	-7.23652687104e-07	-3.39366216023e-10	-5.70658041508e-10	-2.61255553012e-09	3.05423396573e-11	6.81253768858e-11	2.53932524745e-11
Mock.3;k__Fungi;p__Ascomycota;c__Eurotiomycetes;o__Eurotiales;f__Trichocomaceae;Other;Other	0.323237166954	0.163753110192	0.0699679061635	0.0184801134253	0.039041095541	-0.0397385691505	-0.0123392081918	-0.0081354230558	-0.00936599461567	-0.00768304844315	0.00525132466397	0.00599223582549	-0.00128640148752	-0.000838394516123	-0.00466694554231	-0.00327887136151	-0.000213373818826	-0.000262674829895	-0.00104583613653	-0.000817359582249	7.8993264217e-05	-1.0527049102e-05	5.8273956245e-08	-1.01419781186e-06	-3.39366216022e-10	-5.70658041507e-10	-2.61255553012e-09	3.05423396577e-11	6.81253768856e-11	2.53932524751e-11
Mock.1;k__Fungi;p__Ascomycota;c__Eurotiomycetes;o__Eurotiales;f__Trichocomaceae;Other;Other	0.319408193001	0.199467583982	0.0410981621305	0.0104602502163	0.0361917998638	-0.0328015644986	-0.00995801931133	-0.00649013667165	-0.00830868845948	-0.00833308524788	0.00452615084514	0.00537524180049	-0.00116352012475	-0.000856571593395	-0.00355269740237	-0.00276062249116	-0.000343840076046	-0.000757672770404	-0.000764761311676	-0.000624539685069	-1.50560202748e-05	-2.67935400352e-06	4.35614782375e-07	-2.11299999032e-08	-3.39366216022e-10	-5.70658041507e-10	-2.61255553012e-09	3.05423396575e-11	6.81253768856e-11	2.53932524751e-11
Mock.1;k__Fungi;p__Ascomycota;c__Sordariomycetes;o__Hypocreales;f__unidentified;g__unidentified;s__unculturedHypocreales	-0.401404351316	0.154587422428	0.084710476393	-0.0341578311166	0.0311635585208	-0.0166117990424	0.00577982759587	-0.00102409215747	0.0118702234866	0.00750710348611	-0.00365336491587	-0.00818026868632	0.00120745777191	-9.9632054516e-05	0.00038010095264	0.00365194887586	0.00244519118455	0.00169069350985	0.000407170144868	6.92401716186e-05	-1.48590188798e-05	-1.76362521183e-05	-3.61284788428e-06	-2.7344682998e-06	-3.39366216026e-10	-5.70658041511e-10	-2.61255553012e-09	3.05423396572e-11	6.81253768863e-11	2.5393252475e-11
Mock.1;k__Fungi;p__Ascomycota;c__Eurotiomycetes;o__Eurotiales;f__Trichocomaceae;g__Aspergillus;s__Aspergillus_versicolor	-0.174191265472	-0.050855649912	-0.0112873768751	-0.0325789784636	-0.0114265053135	-0.00561151274888	0.000924008900234	-0.0079201696016	-0.00337289932038	-0.0047955257059	0.00261470752695	0.00170233401171	-0.000624133210311	-0.00189908987127	0.00124709752538	-0.000330114051293	-0.000238524416175	-0.000915612039003	-0.00129667456697	-0.00107230775453	0.000192670635051	-1.07825436174e-05	5.7640312203e-07	-7.23652687104e-07	-3.39366216023e-10	-5.70658041508e-10	-2.61255553012e-09	3.05423396573e-11	6.81253768858e-11	2.53932524745e-11
Mock.3;k__Fungi;p__Ascomycota;c__Saccharomycetes;o__Saccharomycetales;f__Pichiaceae;g__Pichia;s__Pichia_norvegensis	-0.0764755749485	-0.186508601811	-0.110085371326	-0.0255830467251	-0.0251854546458	-0.0321554538037	-0.0181123056314	-0.00736937732474	-0.00781258290925	-0.020179071284	-9.56789277538e-05	0.00749681150498	0.00630055370815	0.00241015734428	-0.00459033638022	-0.000222307155619	-0.00155928046735	-0.00256372074802	-0.00080555466218	-0.000412928491166	0.000251844232001	5.05483973316e-05	6.70938687874e-06	7.19007133478e-06	-3.39366216017e-10	-5.70658041505e-10	-2.61255553011e-09	3.05423396563e-11	6.81253768851e-11	2.53932524739e-11
Mock.2;k__Fungi;p__Ascomycota;c__Sordariomycetes;o__Hypocreales;f__Nectriaceae;g__Nectria;s__Nectria_cinnabarina	-0.075582728938	-0.185643197848	-0.109271966355	-0.0256015979266	-0.027278334388	-0.0338351040351	-0.0155787505908	-0.00773181432122	-0.00830137452494	-0.0200033181247	5.66396231304e-06	0.00763398643196	0.00603008647323	0.00323063099524	-0.00451067075565	-2.92068183349e-06	-0.0017374264368	-0.00247733965413	-0.000707917856463	-0.000456418745253	9.06068787522e-05	4.42588574601e-05	5.8572349213e-06	6.31474500656e-06	-3.39366216017e-10	-5.70658041505e-10	-2.61255553011e-09	3.05423396564e-11	6.81253768852e-11	2.53932524739e-11
Mock.1;k__Fungi;p__Ascomycota;c__Saccharomycetes;o__Saccharomycetales;f__Pichiaceae;g__Pichia;Other	0.143627025541	-0.176700884782	0.0162361193205	-0.00402414193405	0.00749796935693	0.0722479693672	0.0254040674771	0.00414024285954	0.00957777002827	0.00407859562372	0.000192592681354	-0.0211035979923	-0.0112067182853	0.000743719589982	0.00478854393339	0.00382216044427	0.0071908549283	0.00322035325548	0.000354127581596	0.0010827503049	-0.000928481250378	-5.73949922143e-05	-1.20737981096e-05	-8.6303803575e-06	-3.39366216029e-10	-5.70658041509e-10	-2.61255553014e-09	3.05423396594e-11	6.81253768862e-11	2.53932524752e-11
Mock.2;k__Fungi;p__Ascomycota;c__Sordariomycetes;o__Hypocreales;f__unidentified;g__unidentified;s__unculturedHypocreales	-0.401404351316	0.154587422428	0.084710476393	-0.0341578311166	0.0311635585208	-0.0166117990424	0.00577982759587	-0.00102409215747	0.0118702234866	0.00750710348611	-0.00365336491587	-0.00818026868632	0.00120745777191	-9.9632054516e-05	0.00038010095264	0.00365194887586	0.00244519118455	0.00169069350985	0.000407170144868	6.92401716186e-05	-1.48590188798e-05	-1.76362521183e-05	-3.61284788428e-06	-2.7344682998e-06	-3.39366216026e-10	-5.70658041511e-10	-2.61255553012e-09	3.05423396572e-11	6.81253768863e-11	2.5393252475e-11
Mock.2;k__Fungi;p__Ascomycota;c__Eurotiomycetes;o__Eurotiales;f__Trichocomaceae;g__Aspergillus;s__Aspergillus_versicolor	-0.174191265472	-0.050855649912	-0.0112873768751	-0.0325789784636	-0.0114265053135	-0.00561151274888	0.000924008900234	-0.0079201696016	-0.00337289932038	-0.0047955257059	0.00261470752695	0.00170233401171	-0.000624133210311	-0.00189908987127	0.00124709752538	-0.000330114051293	-0.000238524416175	-0.000915612039003	-0.00129667456697	-0.00107230775453	0.000192670635051	-1.07825436174e-05	5.7640312203e-07	-7.23652687104e-07	-3.39366216023e-10	-5.70658041508e-10	-2.61255553012e-09	3.05423396573e-11	6.81253768858e-11	2.53932524745e-11
Mock.3;k__Fungi;p__Ascomycota;c__Saccharomycetes;o__Saccharomycetales;f__Pichiaceae;g__Pichia;Other	0.143627025541	-0.176700884782	0.0162361193205	-0.00402414193405	0.00749796935693	0.0722479693672	0.0254040674771	0.00414024285954	0.00957777002827	0.00407859562372	0.000192592681354	-0.0211035979923	-0.0112067182853	0.000743719589982	0.00478854393339	0.00382216044427	0.0071908549283	0.00322035325548	0.000354127581596	0.0010827503049	-0.000928481250378	-5.73949922143e-05	-1.20737981096e-05	-8.6303803575e-06	-3.39366216029e-10	-5.70658041509e-10	-2.61255553014e-09	3.05423396594e-11	6.81253768862e-11	2.53932524752e-11
Mock.1;k__Fungi;p__Basidiomycota;Other;Other;Other;Other;Other	-0.0483470729335	-0.182044059141	-0.088321144491	-0.0292831980161	-0.0369744523301	-0.0225654806152	0.00111960220224	-0.0051347664831	0.0082673369387	-0.025353536212	0.0187959614524	0.0133939546951	0.00330647617367	-0.00632067123539	0.000616690838969	-0.000312360916209	0.000802523511911	0.00304544457824	-0.00198717092647	-0.000732472845791	-0.00240491166935	0.000125442202687	-0.000212967078175	-6.18444624389e-05	-3.39366216094e-10	-5.70658041533e-10	-2.6125555303e-09	3.05423396784e-11	6.81253768933e-11	2.53932524769e-11
Mock.2;k__Fungi;p__Ascomycota;c__Eurotiomycetes;o__Eurotiales;f__Trichocomaceae;Other;Other	0.316733812731	0.250828897735	-0.00372433511431	0.000322881096412	0.0232128666475	-0.0255742164204	-0.00944506385224	-0.010700508913	-0.00791010166471	-0.00273051656943	0.00347277014176	0.00388704226259	0.00141698107654	-0.000564361225026	-0.000838819777138	-0.00282358106131	0.00149510803912	-0.000372367523836	-0.000273741845396	-0.000275182399764	-5.51713051905e-05	-6.77254008836e-06	-7.04042677429e-07	-7.34069704338e-07	-3.39366216022e-10	-5.70658041507e-10	-2.61255553012e-09	3.05423396577e-11	6.81253768856e-11	2.53932524751e-11
Mock.1;k__Fungi;p__Ascomycota;c__Dothideomycetes;o__unidentified;f__unidentified;g__unidentified;s__Dothideomycetes_sp_11351	-0.0158298688735	-0.0298874718325	0.0537408235923	-0.0259128823278	-0.0283348784384	0.0262305451676	-0.00837420385888	-0.00130228336264	-0.0100628262212	0.00228806985853	0.00199790003195	0.008824027178	-0.00145323107673	0.000393191965782	0.000469955299141	-0.00337694450263	-0.00316366420225	-0.00139373720448	-0.000150471194699	0.000232123390688	0.000229735439783	-0.000100372968631	-6.46053221953e-06	-1.31677531154e-05	-3.3936621603e-10	-5.70658041511e-10	-2.61255553014e-09	3.05423396595e-11	6.81253768863e-11	2.53932524748e-11
Mock.2;k__Fungi;p__Ascomycota;c__Dothideomycetes;o__unidentified;f__unidentified;g__unidentified;s__Dothideomycetes_sp_11351	-0.0236661750386	-0.00941594052538	0.0289051587905	-0.0188560833145	-0.00989723117393	0.00461427039606	-0.00453149001895	-0.00522062990937	-0.000814601886528	0.00135747497998	-0.0004723458676	0.00175697474177	-0.000271025001075	-9.89708715175e-05	2.7463904092e-05	-0.000496431381518	-0.0004218936742	-0.000565213926622	0.000118341491906	0.00034127516127	0.000180464838285	-0.000155821576951	-1.36243216761e-05	-2.0939408759e-05	-3.39366216036e-10	-5.70658041513e-10	-2.61255553015e-09	3.05423396609e-11	6.81253768868e-11	2.53932524749e-11
Mock.3;k__Fungi;p__Basidiomycota;Other;Other;Other;Other;Other	-0.0418488005048	-0.180744267524	-0.0839475673827	-0.0286562488252	-0.0396344381222	-0.0241681145563	0.00989428935775	-0.00758111063668	0.00546485690339	-0.0235059949074	0.0174800139884	0.0130869157923	0.00220735052974	-0.00414423440355	0.000896663734589	0.00121031073497	0.000998798266963	0.0018046888695	-0.00163066262326	-0.00104296379647	-0.00137343345672	0.000138149010972	-0.000169345262699	-7.0451832715e-05	-3.39366216091e-10	-5.70658041532e-10	-2.61255553028e-09	3.05423396768e-11	6.81253768921e-11	2.53932524764e-11
Mock.3;k__Fungi;p__Ascomycota;c__Eurotiomycetes;o__Eurotiales;f__Trichocomaceae;g__Neosartorya;s__Neosartorya_pseudofischeri	-0.401404351316	0.154587422428	0.084710476393	-0.0341578311166	0.0311635585208	-0.0166117990424	0.00577982759587	-0.00102409215747	0.0118702234866	0.00750710348611	-0.00365336491587	-0.00818026868632	0.00120745777191	-9.9632054516e-05	0.00038010095264	0.00365194887586	0.00244519118455	0.00169069350985	0.000407170144868	6.92401716186e-05	-1.48590188798e-05	-1.76362521183e-05	-3.61284788428e-06	-2.7344682998e-06	-3.39366216026e-10	-5.70658041511e-10	-2.61255553012e-09	3.05423396572e-11	6.81253768863e-11	2.5393252475e-11
Mock.3;k__Fungi;p__Ascomycota;c__Eurotiomycetes;o__Eurotiales;f__Trichocomaceae;g__Aspergillus;Other	0.219587443634	-0.121954136208	0.0568773128727	0.00790887320334	0.00678406627048	0.0343578242472	0.00414441675442	0.0251262068803	0.0330741433184	0.00804836372485	-0.0209752092758	-0.00944869750222	-0.00317929766625	0.010302017392	-0.00393565911684	-0.00196638533794	-0.000318890801752	0.00640136755214	0.00322318927042	0.00191298916522	0.000531248216676	7.71385524712e-07	-5.43444913148e-08	-1.61704816337e-06	-3.39366216023e-10	-5.70658041507e-10	-2.61255553012e-09	3.05423396577e-11	6.81253768856e-11	2.53932524752e-11
Mock.1;k__Fungi;p__Ascomycota;c__Eurotiomycetes;o__Eurotiales;f__Trichocomaceae;g__Aspergillus;Other	0.219587443634	-0.121954136208	0.0568773128727	0.00790887320334	0.00678406627048	0.0343578242472	0.00414441675442	0.0251262068803	0.0330741433184	0.00804836372485	-0.0209752092758	-0.00944869750222	-0.00317929766625	0.010302017392	-0.00393565911684	-0.00196638533794	-0.000318890801752	0.00640136755214	0.00322318927042	0.00191298916522	0.000531248216676	7.71385524712e-07	-5.43444913148e-08	-1.61704816337e-06	-3.39366216023e-10	-5.70658041507e-10	-2.61255553012e-09	3.05423396577e-11	6.81253768856e-11	2.53932524751e-11
Mock.2;k__Fungi;p__Ascomycota;c__Sordariomycetes;o__Hypocreales;f__Nectriaceae;g__Neonectria;s__Neonectria_punicea	-0.116962537446	-0.205760301822	-0.153087906036	-0.0251671820974	0.0161441279171	-0.0342512572054	-0.0693605959271	-0.00395463182195	-0.0375307887882	-0.00259445518565	-0.0267124963863	-0.0257191084011	-0.00485495207501	-0.00159761963526	-0.00548436211034	-0.0138321926428	-0.00643448482328	-0.00684870064678	-0.00330334108832	0.000993368470935	-0.000914595642156	-0.000468933939899	0.000648370024919	0.000137688259956	-3.39366215826e-10	-5.70658041437e-10	-2.6125555296e-09	3.0542339601e-11	6.81253768633e-11	2.5393252465e-11
Mock.3;k__Fungi;p__Ascomycota;c__Eurotiomycetes;o__Eurotiales;f__Trichocomaceae;g__Penicillium;s__Penicillium_paneum	-0.0865709325236	-0.190816000834	-0.123248561879	-0.0259361961224	-0.0182852908246	-0.0416303387814	-0.0218505118293	-0.00998874960696	-0.0139578054541	-0.0139693520301	-0.000176959822597	0.00971351264681	-0.00270821813809	0.00909006074694	-0.00220697608919	0.00120946118093	-0.0022468650209	-0.00208091288483	0.000532751859256	-6.43041283073e-05	1.02386811903e-06	2.80133142769e-05	3.9873291119e-06	3.72887027381e-06	-3.39366216019e-10	-5.70658041506e-10	-2.61255553011e-09	3.05423396569e-11	6.81253768853e-11	2.53932524738e-11
Mock.1;k__Fungi;p__Ascomycota;c__Eurotiomycetes;o__Eurotiales;f__Trichocomaceae;g__Penicillium;s__Penicillium_paneum	-0.0865709325236	-0.190816000834	-0.123248561879	-0.0259361961224	-0.0182852908246	-0.0416303387814	-0.0218505118293	-0.00998874960696	-0.0139578054541	-0.0139693520301	-0.000176959822597	0.00971351264681	-0.00270821813809	0.00909006074694	-0.00220697608919	0.00120946118093	-0.0022468650209	-0.00208091288483	0.000532751859256	-6.43041283073e-05	1.02386811903e-06	2.80133142769e-05	3.9873291119e-06	3.72887027381e-06	-3.39366216019e-10	-5.70658041506e-10	-2.61255553011e-09	3.05423396569e-11	6.81253768853e-11	2.53932524738e-11
Mock.1;k__Fungi;p__Ascomycota;c__Sordariomycetes;o__Hypocreales;f__Nectriaceae;g__Neonectria;s__Neonectria_punicea	-0.116962537446	-0.205760301822	-0.153087906036	-0.0251671820974	0.0161441279171	-0.0342512572054	-0.0693605959271	-0.00395463182195	-0.0375307887882	-0.00259445518565	-0.0267124963863	-0.0257191084011	-0.00485495207501	-0.00159761963526	-0.00548436211034	-0.0138321926428	-0.00643448482328	-0.00684870064678	-0.00330334108832	0.000993368470935	-0.000914595642156	-0.000468933939899	0.000648370024919	0.000137688259956	-3.39366215826e-10	-5.70658041437e-10	-2.6125555296e-09	3.0542339601e-11	6.81253768633e-11	2.5393252465e-11
Mock.1;k__Fungi;p__Ascomycota;c__Eurotiomycetes;o__Eurotiales;f__Trichocomaceae;g__Neosartorya;s__Neosartorya_pseudofischeri	-0.401404351316	0.154587422428	0.084710476393	-0.0341578311166	0.0311635585208	-0.0166117990424	0.00577982759587	-0.00102409215747	0.0118702234866	0.00750710348611	-0.00365336491587	-0.00818026868632	0.00120745777191	-9.9632054516e-05	0.00038010095264	0.00365194887586	0.00244519118455	0.00169069350985	0.000407170144868	6.92401716186e-05	-1.48590188798e-05	-1.76362521183e-05	-3.61284788428e-06	-2.7344682998e-06	-3.39366216026e-10	-5.70658041511e-10	-2.61255553012e-09	3.05423396572e-11	6.81253768863e-11	2.5393252475e-11
Mock.2;k__Fungi;p__Ascomycota;c__Eurotiomycetes;o__Eurotiales;f__Trichocomaceae;g__Aspergillus;Other	0.219587443634	-0.121954136208	0.0568773128727	0.00790887320334	0.00678406627048	0.0343578242472	0.00414441675442	0.0251262068803	0.0330741433184	0.00804836372485	-0.0209752092758	-0.00944869750222	-0.00317929766625	0.010302017392	-0.00393565911684	-0.00196638533794	-0.000318890801752	0.00640136755214	0.00322318927042	0.00191298916522	0.000531248216676	7.71385524712e-07	-5.43444913148e-08	-1.61704816337e-06	-3.39366216023e-10	-5.70658041507e-10	-2.61255553012e-09	3.05423396577e-11	6.81253768856e-11	2.53932524751e-11
Mock.2;k__Fungi;p__Basidiomycota;Other;Other;Other;Other;Other	-0.0313492711104	-0.179753784595	-0.076778520663	-0.0277547495027	-0.0410445719821	-0.0222063651842	0.0203457300004	-0.0105819608446	0.00376420634222	-0.0218522069959	0.0167402505093	0.011958468071	0.0015562265758	-0.00350168293149	0.00172068786578	0.00228513463124	0.00124860891073	0.000902620610291	-0.00171490564428	-0.00168580276849	-0.000740342956975	0.000133956552945	-0.000109443036864	-9.03280448845e-05	-3.3936621609e-10	-5.70658041531e-10	-2.61255553025e-09	3.05423396756e-11	6.81253768907e-11	2.53932524758e-11
Mock.3;k__Fungi;p__Ascomycota;c__Sordariomycetes;o__Hypocreales;f__Nectriaceae;g__Neonectria;s__Neonectria_punicea	-0.116962537446	-0.205760301822	-0.153087906036	-0.0251671820974	0.0161441279171	-0.0342512572054	-0.0693605959271	-0.00395463182195	-0.0375307887882	-0.00259445518565	-0.0267124963863	-0.0257191084011	-0.00485495207501	-0.00159761963526	-0.00548436211034	-0.0138321926428	-0.00643448482328	-0.00684870064678	-0.00330334108832	0.000993368470935	-0.000914595642156	-0.000468933939899	0.000648370024919	0.000137688259956	-3.39366215826e-10	-5.70658041437e-10	-2.6125555296e-09	3.0542339601e-11	6.81253768633e-11	2.5393252465e-11
Mock.1;k__Fungi;p__Microspora;c__Microsporea;o__Microsporida;f__Incertae_sedis;g__Microsporidium;s__Microsporidium_sp_JES2002G	-0.116962537446	-0.205760301822	-0.153087906036	-0.0251671820974	0.0161441279171	-0.0342512572054	-0.0693605959271	-0.00395463182195	-0.0375307887882	-0.00259445518565	-0.0267124963863	-0.0257191084011	-0.00485495207501	-0.00159761963526	-0.00548436211034	-0.0138321926428	-0.00643448482328	-0.00684870064678	-0.00330334108832	0.000993368470935	-0.000914595642156	-0.000468933939899	0.000648370024919	0.000137688259956	-3.39366215826e-10	-5.70658041437e-10	-2.6125555296e-09	3.0542339601e-11	6.81253768633e-11	2.5393252465e-11
Mock.1;k__Fungi;p__Basidiomycota;c__Tremellomycetes;o__Tremellales;f__Tremellaceae;g__Bullera;s__Bullera_sakaeratica	-0.116962537446	-0.205760301822	-0.153087906036	-0.0251671820974	0.0161441279171	-0.0342512572054	-0.0693605959271	-0.00395463182195	-0.0375307887882	-0.00259445518565	-0.0267124963863	-0.0257191084011	-0.00485495207501	-0.00159761963526	-0.00548436211034	-0.0138321926428	-0.00643448482328	-0.00684870064678	-0.00330334108832	0.000993368470935	-0.000914595642156	-0.000468933939899	0.000648370024919	0.000137688259956	-3.39366215826e-10	-5.70658041437e-10	-2.6125555296e-09	3.0542339601e-11	6.81253768633e-11	2.5393252465e-11
Mock.2;k__Fungi;p__Ascomycota;c__Eurotiomycetes;o__Eurotiales;f__Trichocomaceae;g__Neosartorya;s__Neosartorya_pseudofischeri	-0.401404351316	0.154587422428	0.084710476393	-0.0341578311166	0.0311635585208	-0.0166117990424	0.00577982759587	-0.00102409215747	0.0118702234866	0.00750710348611	-0.00365336491587	-0.00818026868632	0.00120745777191	-9.9632054516e-05	0.00038010095264	0.00365194887586	0.00244519118455	0.00169069350985	0.000407170144868	6.92401716186e-05	-1.48590188798e-05	-1.76362521183e-05	-3.61284788428e-06	-2.7344682998e-06	-3.39366216026e-10	-5.70658041511e-10	-2.61255553012e-09	3.05423396572e-11	6.81253768863e-11	2.5393252475e-11
Mock.3;k__Fungi;p__Ascomycota;c__Dothideomycetes;o__unidentified;f__unidentified;g__unidentified;s__Dothideomycetes_sp_11351	-0.27341527205	0.128118882884	0.142334957423	-0.0605323524757	-0.0652225859709	0.0703991816866	-0.0163830264834	-0.0018474558421	-0.0190996593507	0.0135300297657	0.00368310236093	0.0192892604589	-0.00281050952243	0.000871785630686	0.00218421835021	-0.0076054991039	-0.00721654724534	-0.00289280603298	1.43615547545e-06	0.000852760527058	0.000818757083998	-0.000363015841745	-2.64353362218e-05	-4.81464724943e-05	-3.39366216053e-10	-5.70658041521e-10	-2.61255553018e-09	3.05423396649e-11	6.81253768883e-11	2.53932524752e-11
Mock.1;k__Fungi;p__Ascomycota;c__Sordariomycetes;o__Microascales;f__Microascaceae;g__Scopulariopsis;s__Scopulariopsis_flava	0.0279360640879	-0.158435911897	-0.0301885386731	-0.0202145653859	-0.0228392617409	0.0169432339173	0.000604067848645	4.19321300051e-06	-0.00412128753831	-0.00336885237365	-0.00158073230796	0.000469417146689	-0.000963788873626	0.0012341092813	-0.00162551772228	-0.00113756907615	0.000250462599084	0.00201277963233	-0.000164733106408	-0.000382539434056	0.000361660000223	-2.12583420927e-05	-7.02588848582e-07	-2.76916656539e-06	-3.39366216023e-10	-5.70658041507e-10	-2.61255553012e-09	3.0542339658e-11	6.81253768857e-11	2.53932524746e-11
Mock.1;k__Fungi;p__Ascomycota;c__Saccharomycetes;o__Saccharomycetales;f__Pichiaceae;g__Issatchenkia;s__Issatchenkia_sp_YS16B	-0.073263566501	-0.184518685016	-0.106644733174	-0.0256283900067	-0.0295189971834	-0.0333351101664	-0.0135305760607	-0.00745661068125	-0.00776849675891	-0.0207422147377	4.0223322745e-05	0.00735652965056	0.00709232387865	0.00262632342813	-0.00486518868145	1.81775745188e-05	-0.00159433800403	-0.00269167572626	-0.000811012843701	-0.000480314665849	0.000284631067634	5.18802874364e-05	6.93278479587e-06	7.42623017617e-06	-3.39366216016e-10	-5.70658041505e-10	-2.61255553011e-09	3.05423396562e-11	6.81253768851e-11	2.53932524739e-11
Mock.2;k__Fungi;p__Ascomycota;c__Sordariomycetes;o__Microascales;f__Microascaceae;g__Scopulariopsis;s__Scopulariopsis_flava	0.0279360640879	-0.158435911897	-0.0301885386731	-0.0202145653859	-0.0228392617409	0.0169432339173	0.000604067848645	4.19321300051e-06	-0.00412128753831	-0.00336885237365	-0.00158073230796	0.000469417146689	-0.000963788873626	0.0012341092813	-0.00162551772228	-0.00113756907615	0.000250462599084	0.00201277963233	-0.000164733106408	-0.000382539434056	0.000361660000223	-2.12583420927e-05	-7.02588848582e-07	-2.76916656539e-06	-3.39366216023e-10	-5.70658041507e-10	-2.61255553012e-09	3.0542339658e-11	6.81253768857e-11	2.53932524746e-11
Mock.3;k__Fungi;p__Basidiomycota;c__Tremellomycetes;o__Tremellales;f__Tremellaceae;g__Bullera;s__Bullera_sakaeratica	-0.116962537446	-0.205760301822	-0.153087906036	-0.0251671820974	0.0161441279171	-0.0342512572054	-0.0693605959271	-0.00395463182195	-0.0375307887882	-0.00259445518565	-0.0267124963863	-0.0257191084011	-0.00485495207501	-0.00159761963526	-0.00548436211034	-0.0138321926428	-0.00643448482328	-0.00684870064678	-0.00330334108832	0.000993368470935	-0.000914595642156	-0.000468933939899	0.000648370024919	0.000137688259956	-3.39366215826e-10	-5.70658041437e-10	-2.6125555296e-09	3.0542339601e-11	6.81253768633e-11	2.5393252465e-11
Mock.2;k__Fungi;p__Microspora;c__Microsporea;o__Microsporida;f__Incertae_sedis;g__Microsporidium;s__Microsporidium_sp_JES2002G	-0.116962537446	-0.205760301822	-0.153087906036	-0.0251671820974	0.0161441279171	-0.0342512572054	-0.0693605959271	-0.00395463182195	-0.0375307887882	-0.00259445518565	-0.0267124963863	-0.0257191084011	-0.00485495207501	-0.00159761963526	-0.00548436211034	-0.0138321926428	-0.00643448482328	-0.00684870064678	-0.00330334108832	0.000993368470935	-0.000914595642156	-0.000468933939899	0.000648370024919	0.000137688259956	-3.39366215826e-10	-5.70658041437e-10	-2.6125555296e-09	3.0542339601e-11	6.81253768633e-11	2.5393252465e-11
Mock.2;k__Fungi;p__Ascomycota;c__Eurotiomycetes;o__Eurotiales;f__Trichocomaceae;g__Penicillium;s__Penicillium_paneum	-0.0865709325236	-0.190816000834	-0.123248561879	-0.0259361961224	-0.0182852908246	-0.0416303387814	-0.0218505118293	-0.00998874960696	-0.0139578054541	-0.0139693520301	-0.000176959822597	0.00971351264681	-0.00270821813809	0.00909006074694	-0.00220697608919	0.00120946118093	-0.0022468650209	-0.00208091288483	0.000532751859256	-6.43041283073e-05	1.02386811903e-06	2.80133142769e-05	3.9873291119e-06	3.72887027381e-06	-3.39366216019e-10	-5.70658041506e-10	-2.61255553011e-09	3.05423396569e-11	6.81253768853e-11	2.53932524738e-11
Mock.3;k__Fungi;p__Ascomycota;c__Sordariomycetes;Other;Other;Other;Other	0.342983775988	0.141500036211	0.136918647499	0.0329969598619	0.0603308544263	-0.0350219963795	-0.0229741718253	-0.0183596341597	-0.0237430106995	-0.00765946079156	0.0302669885197	0.00387939823098	-0.0188441874354	-0.0112316622778	-0.0422887572048	0.0159091897809	-0.00330939465242	-0.00908232985648	-0.00338219473626	-0.00247907050045	-0.00276073237409	1.94109751657e-05	-8.33259673355e-06	3.68233597772e-06	-3.3936621602e-10	-5.70658041507e-10	-2.61255553012e-09	3.05423396576e-11	6.81253768858e-11	2.53932524752e-11
Mock.1;k__Fungi;p__Ascomycota;c__Saccharomycetes;o__Saccharomycetales;f__Dipodascaceae;g__Geotrichum;s__Geotrichum_sp_olrim943	-0.0998697570806	-0.197600466343	-0.135001669137	-0.0247825600819	-0.00191961381822	-0.0327405653972	-0.0410324882935	-0.00950198139402	-0.0102282493641	-0.0152205994269	-0.000334224722205	0.00964718101693	-0.000771023300299	0.00606355069191	-0.0015260277203	-0.00175493829003	-0.00343249634627	0.000489539602487	-0.000505846062323	-0.000531551068822	-0.00290926663096	-5.87308884468e-05	-9.17000629435e-06	-8.45216385237e-06	-3.39366216027e-10	-5.70658041509e-10	-2.61255553014e-09	3.05423396594e-11	6.81253768862e-11	2.53932524737e-11
Mock.2;k__Fungi;p__Ascomycota;c__Sordariomycetes;Other;Other;Other;Other	0.344735639273	0.182628118008	0.117950102497	0.0358725077798	0.0452582002314	-0.037020291001	-0.0251915121556	-0.0296958305907	-0.0257194419347	-0.0158164431932	0.0229141518409	0.00198611147773	-0.0102092069896	-0.0048111580608	-0.0249465931798	0.00727938700226	0.00201556602153	-0.00529269674183	-0.00305417697478	-0.00129360611816	-0.00177508163638	2.07723323315e-06	-7.02695517447e-06	9.02621055582e-07	-3.39366216022e-10	-5.70658041507e-10	-2.61255553012e-09	3.05423396579e-11	6.81253768858e-11	2.53932524752e-11
Mock.3;k__Fungi;p__Ascomycota;c__Sordariomycetes;o__Hypocreales;f__Nectriaceae;g__Fusarium;s__Fusarium_sp_CBS_119875	-0.114179405467	0.0964598059004	0.214632302547	-0.0931241537226	-0.185823233009	0.17960200062	-0.0436680608972	-0.0019147841109	-0.05999568941	0.0233728885765	0.0127953955295	0.0530006524291	-0.00859110394835	0.0030339992384	0.00501722125394	-0.0221271222549	-0.0187611369259	-0.00641786685982	-0.00120687497159	0.000157962463327	0.000887873475261	1.11260930332e-05	1.71270210399e-05	3.75907947277e-06	-3.39366216016e-10	-5.70658041505e-10	-2.6125555301e-09	3.05423396561e-11	6.8125376885e-11	2.5393252475e-11
Mock.3;k__Fungi;p__Ascomycota;c__Saccharomycetes;o__Saccharomycetales;f__Dipodascaceae;g__Geotrichum;s__Geotrichum_sp_olrim943	-0.0998697570806	-0.197600466343	-0.135001669137	-0.0247825600819	-0.00191961381822	-0.0327405653972	-0.0410324882935	-0.00950198139402	-0.0102282493641	-0.0152205994269	-0.000334224722205	0.00964718101693	-0.000771023300299	0.00606355069191	-0.0015260277203	-0.00175493829003	-0.00343249634627	0.000489539602487	-0.000505846062323	-0.000531551068822	-0.00290926663096	-5.87308884468e-05	-9.17000629435e-06	-8.45216385237e-06	-3.39366216027e-10	-5.70658041509e-10	-2.61255553014e-09	3.05423396594e-11	6.81253768862e-11	2.53932524737e-11
Mock.1;k__Fungi;p__Ascomycota;c__Sordariomycetes;Other;Other;Other;Other	0.344298295375	0.192208266157	0.0978983329428	0.0303557075095	0.0367775402719	-0.0361804286362	-0.0259269656642	-0.0316504330016	-0.0193878152051	-0.00433699491059	0.0253791761354	0.00160670674229	-0.00930799404569	-0.00377299467892	-0.0264661943836	0.00613781501894	0.00335615747527	-0.00639609763214	-0.00346773199029	-0.00154101599473	-0.00191775844186	-5.81756202131e-06	-8.05923336343e-06	9.47799790787e-08	-3.39366216023e-10	-5.70658041507e-10	-2.61255553013e-09	3.0542339658e-11	6.81253768858e-11	2.53932524752e-11
Mock.2;k__Fungi;p__Ascomycota;c__Saccharomycetes;o__Saccharomycetales;f__Pichiaceae;g__Issatchenkia;s__Issatchenkia_sp_YS16B	-0.073263566501	-0.184518685016	-0.106644733174	-0.0256283900067	-0.0295189971834	-0.0333351101664	-0.0135305760607	-0.00745661068125	-0.00776849675891	-0.0207422147377	4.0223322745e-05	0.00735652965056	0.00709232387865	0.00262632342813	-0.00486518868145	1.81775745188e-05	-0.00159433800403	-0.00269167572626	-0.000811012843701	-0.000480314665849	0.000284631067634	5.18802874364e-05	6.93278479587e-06	7.42623017617e-06	-3.39366216017e-10	-5.70658041505e-10	-2.61255553011e-09	3.05423396562e-11	6.81253768851e-11	2.53932524739e-11
Mock.3;k__Fungi;p__Ascomycota;c__Eurotiomycetes;Other;Other;Other;Other	0.207907257238	0.549440166336	-0.329582871995	-0.128194187392	0.118083051368	0.0662512226294	0.0672619038008	0.120322637166	-0.0286729169445	-0.0243429231321	0.0133758996987	0.011234723836	0.00343915773283	0.00472037979616	0.00192128298152	-0.00700626361939	-0.00832243466347	-0.002699592588	0.00121531864674	-0.000812272768116	0.000589217689651	-1.18960937462e-05	5.34100114694e-06	-1.07323107643e-06	-3.39366216021e-10	-5.70658041507e-10	-2.61255553012e-09	3.05423396574e-11	6.81253768855e-11	2.53932524751e-11
Mock.3;k__Fungi;p__Microspora;c__Microsporea;o__Microsporida;f__Incertae_sedis;g__Microsporidium;s__Microsporidium_sp_JES2002G	-0.116962537446	-0.205760301822	-0.153087906036	-0.0251671820974	0.0161441279171	-0.0342512572054	-0.0693605959271	-0.00395463182195	-0.0375307887882	-0.00259445518565	-0.0267124963863	-0.0257191084011	-0.00485495207501	-0.00159761963526	-0.00548436211034	-0.0138321926428	-0.00643448482328	-0.00684870064678	-0.00330334108832	0.000993368470935	-0.000914595642156	-0.000468933939899	0.000648370024919	0.000137688259956	-3.39366215826e-10	-5.70658041437e-10	-2.6125555296e-09	3.0542339601e-11	6.81253768633e-11	2.5393252465e-11
Mock.1;k__Fungi;p__Ascomycota;c__Eurotiomycetes;Other;Other;Other;Other	0.207907257238	0.549440166336	-0.329582871995	-0.128194187392	0.118083051368	0.0662512226294	0.0672619038008	0.120322637166	-0.0286729169445	-0.0243429231321	0.0133758996987	0.011234723836	0.00343915773283	0.00472037979616	0.00192128298152	-0.00700626361939	-0.00832243466347	-0.002699592588	0.00121531864674	-0.000812272768116	0.000589217689651	-1.18960937462e-05	5.34100114694e-06	-1.07323107643e-06	-3.39366216021e-10	-5.70658041507e-10	-2.61255553012e-09	3.05423396574e-11	6.81253768855e-11	2.53932524751e-11
Mock.1;k__Fungi;p__Ascomycota;c__Sordariomycetes;o__Hypocreales;f__Nectriaceae;g__Fusarium;s__Fusarium_sp_CBS_119875	-0.114179405467	0.0964598059004	0.214632302547	-0.0931241537226	-0.185823233009	0.17960200062	-0.0436680608972	-0.0019147841109	-0.05999568941	0.0233728885765	0.0127953955295	0.0530006524291	-0.00859110394835	0.0030339992384	0.00501722125394	-0.0221271222549	-0.0187611369259	-0.00641786685982	-0.00120687497159	0.000157962463327	0.000887873475261	1.11260930332e-05	1.71270210399e-05	3.75907947277e-06	-3.39366216016e-10	-5.70658041505e-10	-2.6125555301e-09	3.05423396561e-11	6.8125376885e-11	2.5393252475e-11
Mock.2;k__Fungi;p__Ascomycota;c__Sordariomycetes;o__Hypocreales;f__Nectriaceae;g__Fusarium;s__Fusarium_sp_CBS_119875	-0.114179405467	0.0964598059004	0.214632302547	-0.0931241537226	-0.185823233009	0.17960200062	-0.0436680608972	-0.0019147841109	-0.05999568941	0.0233728885765	0.0127953955295	0.0530006524291	-0.00859110394835	0.0030339992384	0.00501722125394	-0.0221271222549	-0.0187611369259	-0.00641786685982	-0.00120687497159	0.000157962463327	0.000887873475261	1.11260930332e-05	1.71270210399e-05	3.75907947277e-06	-3.39366216016e-10	-5.70658041505e-10	-2.6125555301e-09	3.05423396561e-11	6.8125376885e-11	2.5393252475e-11
Mock.1;k__Fungi;p__Ascomycota;c__Eurotiomycetes;o__Eurotiales;f__Trichocomaceae;g__Penicillium;s__Penicillium_corylophilum	-0.401404351316	0.154587422428	0.084710476393	-0.0341578311166	0.0311635585208	-0.0166117990424	0.00577982759587	-0.00102409215747	0.0118702234866	0.00750710348611	-0.00365336491587	-0.00818026868632	0.00120745777191	-9.9632054516e-05	0.00038010095264	0.00365194887586	0.00244519118455	0.00169069350985	0.000407170144868	6.92401716186e-05	-1.48590188798e-05	-1.76362521183e-05	-3.61284788428e-06	-2.7344682998e-06	-3.39366216026e-10	-5.70658041511e-10	-2.61255553012e-09	3.05423396572e-11	6.81253768863e-11	2.5393252475e-11
Mock.2;k__Fungi;p__Ascomycota;c__Eurotiomycetes;o__Eurotiales;f__Trichocomaceae;g__Penicillium;s__Penicillium_corylophilum	-0.401404351316	0.154587422428	0.084710476393	-0.0341578311166	0.0311635585208	-0.0166117990424	0.00577982759587	-0.00102409215747	0.0118702234866	0.00750710348611	-0.00365336491587	-0.00818026868632	0.00120745777191	-9.9632054516e-05	0.00038010095264	0.00365194887586	0.00244519118455	0.00169069350985	0.000407170144868	6.92401716186e-05	-1.48590188798e-05	-1.76362521183e-05	-3.61284788428e-06	-2.7344682998e-06	-3.39366216026e-10	-5.70658041512e-10	-2.61255553012e-09	3.05423396572e-11	6.81253768863e-11	2.5393252475e-11
Mock.2;k__Fungi;p__Ascomycota;c__Saccharomycetes;o__Saccharomycetales;f__Dipodascaceae;g__Geotrichum;s__Geotrichum_sp_olrim943	-0.0998697570806	-0.197600466343	-0.135001669137	-0.0247825600819	-0.00191961381822	-0.0327405653972	-0.0410324882935	-0.00950198139402	-0.0102282493641	-0.0152205994269	-0.000334224722205	0.00964718101693	-0.000771023300299	0.00606355069191	-0.0015260277203	-0.00175493829003	-0.00343249634627	0.000489539602487	-0.000505846062323	-0.000531551068822	-0.00290926663096	-5.87308884468e-05	-9.17000629435e-06	-8.45216385237e-06	-3.39366216027e-10	-5.70658041509e-10	-2.61255553014e-09	3.05423396594e-11	6.81253768862e-11	2.53932524737e-11
Mock.2;k__Fungi;p__Ascomycota;c__Sordariomycetes;o__Hypocreales;f__Nectriaceae;g__Fusarium;Other	-0.109441757636	-0.21081924863	-0.145642260359	-0.0250138818855	0.0281542843485	-0.00873799943304	-0.0694723974202	-0.0080175183385	0.0111766128705	-0.0213901375469	0.0151120240353	0.0322593527248	-0.00104215228585	0.00104690843206	0.00113625706284	0.00436190153993	0.00234526312135	0.00268142544502	0.000961522343627	-9.25845384767e-05	0.000417449882948	0.000372008006863	-0.000425234466268	-8.4217019452e-05	-3.39366216147e-10	-5.70658041551e-10	-2.61255553046e-09	3.05423396939e-11	6.81253768999e-11	2.53932524788e-11
Mock.2;k__Fungi;p__Basidiomycota;c__Tremellomycetes;o__Tremellales;f__Tremellaceae;g__Bullera;s__Bullera_sakaeratica	-0.116962537446	-0.205760301822	-0.153087906036	-0.0251671820974	0.0161441279171	-0.0342512572054	-0.0693605959271	-0.00395463182195	-0.0375307887882	-0.00259445518565	-0.0267124963863	-0.0257191084011	-0.00485495207501	-0.00159761963526	-0.00548436211034	-0.0138321926428	-0.00643448482328	-0.00684870064678	-0.00330334108832	0.000993368470935	-0.000914595642156	-0.000468933939899	0.000648370024919	0.000137688259956	-3.39366215826e-10	-5.70658041437e-10	-2.6125555296e-09	3.0542339601e-11	6.81253768633e-11	2.5393252465e-11
Mock.2;k__Fungi;p__Zygomycota;c__Incertae_sedis;o__Entomophthorales;f__Entomophthoraceae;g__Pandora;s__Pandora_neoaphidis	-0.116962537446	-0.205760301822	-0.153087906036	-0.0251671820974	0.0161441279171	-0.0342512572054	-0.0693605959271	-0.00395463182195	-0.0375307887882	-0.00259445518565	-0.0267124963863	-0.0257191084011	-0.00485495207501	-0.00159761963526	-0.00548436211034	-0.0138321926428	-0.00643448482328	-0.00684870064678	-0.00330334108832	0.000993368470935	-0.000914595642156	-0.000468933939899	0.000648370024919	0.000137688259956	-3.39366215826e-10	-5.70658041437e-10	-2.6125555296e-09	3.0542339601e-11	6.81253768633e-11	2.5393252465e-11
Mock.3;k__Fungi;p__Ascomycota;c__Sordariomycetes;o__Hypocreales;f__Nectriaceae;g__Nectria;Other	-0.109441757636	-0.21081924863	-0.145642260359	-0.0250138818855	0.0281542843485	-0.00873799943304	-0.0694723974202	-0.0080175183385	0.0111766128705	-0.0213901375469	0.0151120240353	0.0322593527248	-0.00104215228585	0.00104690843206	0.00113625706284	0.00436190153993	0.00234526312135	0.00268142544502	0.000961522343627	-9.25845384767e-05	0.000417449882948	0.000372008006863	-0.000425234466268	-8.4217019452e-05	-3.39366216147e-10	-5.70658041551e-10	-2.61255553046e-09	3.05423396939e-11	6.81253768999e-11	2.53932524788e-11
Mock.2;k__Fungi;p__Ascomycota;c__Eurotiomycetes;Other;Other;Other;Other	0.207907257238	0.549440166336	-0.329582871995	-0.128194187392	0.118083051368	0.0662512226294	0.0672619038008	0.120322637166	-0.0286729169445	-0.0243429231321	0.0133758996987	0.011234723836	0.00343915773283	0.00472037979616	0.00192128298152	-0.00700626361939	-0.00832243466347	-0.002699592588	0.00121531864674	-0.000812272768116	0.000589217689651	-1.18960937462e-05	5.34100114694e-06	-1.07323107643e-06	-3.39366216021e-10	-5.70658041507e-10	-2.61255553012e-09	3.05423396574e-11	6.81253768855e-11	2.53932524751e-11
Mock.1;k__Fungi;p__Basidiomycota;c__Microbotryomycetes;o__Sporidiobolales;f__Incertae_sedis;g__Sporobolomyces;s__Sporobolomyces_gracilis	-0.116962537446	-0.205760301822	-0.153087906036	-0.0251671820974	0.0161441279171	-0.0342512572054	-0.0693605959271	-0.00395463182195	-0.0375307887882	-0.00259445518565	-0.0267124963863	-0.0257191084011	-0.00485495207501	-0.00159761963526	-0.00548436211034	-0.0138321926428	-0.00643448482328	-0.00684870064678	-0.00330334108832	0.000993368470935	-0.000914595642156	-0.000468933939899	0.000648370024919	0.000137688259956	-3.39366215826e-10	-5.70658041437e-10	-2.6125555296e-09	3.0542339601e-11	6.81253768633e-11	2.5393252465e-11
Mock.2;k__Fungi;p__Ascomycota;c__Sordariomycetes;o__Hypocreales;f__Nectriaceae;g__Fusarium;s__Fusarium_sp_LL_X4	-0.116962537446	-0.205760301822	-0.153087906036	-0.0251671820974	0.0161441279171	-0.0342512572054	-0.0693605959271	-0.00395463182195	-0.0375307887882	-0.00259445518565	-0.0267124963863	-0.0257191084011	-0.00485495207501	-0.00159761963526	-0.00548436211034	-0.0138321926428	-0.00643448482328	-0.00684870064678	-0.00330334108832	0.000993368470935	-0.000914595642156	-0.000468933939899	0.000648370024919	0.000137688259956	-3.39366215826e-10	-5.70658041437e-10	-2.6125555296e-09	3.0542339601e-11	6.81253768633e-11	2.5393252465e-11
Mock.2;k__Fungi;p__Basidiomycota;c__Pucciniomycetes;o__Pucciniales;f__Pucciniaceae;g__Puccinia;s__Puccinia_cerinthes_agropyrina	-0.116962537446	-0.205760301822	-0.153087906036	-0.0251671820974	0.0161441279171	-0.0342512572054	-0.0693605959271	-0.00395463182195	-0.0375307887882	-0.00259445518565	-0.0267124963863	-0.0257191084011	-0.00485495207501	-0.00159761963526	-0.00548436211034	-0.0138321926428	-0.00643448482328	-0.00684870064678	-0.00330334108832	0.000993368470935	-0.000914595642156	-0.000468933939899	0.000648370024919	0.000137688259956	-3.39366215826e-10	-5.70658041437e-10	-2.6125555296e-09	3.0542339601e-11	6.81253768633e-11	2.5393252465e-11
Mock.2;k__Fungi;p__Basidiomycota;c__Pucciniomycetes;o__Pucciniales;Other;Other;Other	-0.111349874318	-0.209602350017	-0.147526344304	-0.0250458438545	0.0251259003292	-0.0150005456295	-0.0695960455398	-0.00697286714505	-0.0008975951873	-0.0167255492889	0.004703068727	0.0179903272328	-0.00185362707746	0.000625562790381	-0.00033590442378	-0.0004258218855	-0.000242697961075	0.000362222770025	-0.0002171776679	7.23232218455e-05	0.000476318250119	0.000111175980229	-0.000837359287179	0.000302866954803	-3.39366216015e-10	-5.70658041505e-10	-2.61255553053e-09	3.05423396703e-11	6.81253769051e-11	2.53932524842e-11
Mock.3;k__Fungi;p__Basidiomycota;c__Pucciniomycetes;o__Pucciniales;f__Pucciniaceae;g__Puccinia;s__Puccinia_cerinthes_agropyrina	-0.116962537446	-0.205760301822	-0.153087906036	-0.0251671820974	0.0161441279171	-0.0342512572054	-0.0693605959271	-0.00395463182195	-0.0375307887882	-0.00259445518565	-0.0267124963863	-0.0257191084011	-0.00485495207501	-0.00159761963526	-0.00548436211034	-0.0138321926428	-0.00643448482328	-0.00684870064678	-0.00330334108832	0.000993368470935	-0.000914595642156	-0.000468933939899	0.000648370024919	0.000137688259956	-3.39366215826e-10	-5.70658041437e-10	-2.6125555296e-09	3.0542339601e-11	6.81253768633e-11	2.5393252465e-11
Mock.3;k__Fungi;p__Ascomycota;c__Sordariomycetes;o__Hypocreales;f__Nectriaceae;g__Nectria;s__Nectria_sp_FTJZZJ06	-0.116962537446	-0.205760301822	-0.153087906036	-0.0251671820974	0.0161441279171	-0.0342512572054	-0.0693605959271	-0.00395463182195	-0.0375307887882	-0.00259445518565	-0.0267124963863	-0.0257191084011	-0.00485495207501	-0.00159761963526	-0.00548436211034	-0.0138321926428	-0.00643448482328	-0.00684870064678	-0.00330334108832	0.000993368470935	-0.000914595642156	-0.000468933939899	0.000648370024919	0.000137688259956	-3.39366215826e-10	-5.70658041437e-10	-2.6125555296e-09	3.0542339601e-11	6.81253768633e-11	2.5393252465e-11
Mock.3;k__Fungi;p__Glomeromycota;c__Glomeromycetes;o__Diversisporales;f__Gigasporaceae;g__Gigaspora;s__Gigaspora_sp.	-0.116962537446	-0.205760301822	-0.153087906036	-0.0251671820974	0.0161441279171	-0.0342512572054	-0.0693605959271	-0.00395463182195	-0.0375307887882	-0.00259445518565	-0.0267124963863	-0.0257191084011	-0.00485495207501	-0.00159761963526	-0.00548436211034	-0.0138321926428	-0.00643448482328	-0.00684870064678	-0.00330334108832	0.000993368470935	-0.000914595642156	-0.000468933939899	0.000648370024919	0.000137688259956	-3.39366215826e-10	-5.70658041437e-10	-2.6125555296e-09	3.0542339601e-11	6.81253768633e-11	2.5393252465e-11
Mock.3;k__Fungi;p__Basidiomycota;c__Pucciniomycetes;o__Pucciniales;Other;Other;Other	-0.111349874319	-0.209602350017	-0.147526344304	-0.0250458438545	0.0251259003292	-0.0150005456295	-0.0695960455398	-0.00697286714505	-0.0008975951873	-0.0167255492889	0.004703068727	0.0179903272328	-0.00185362707746	0.000625562790381	-0.00033590442378	-0.0004258218855	-0.000242697961075	0.000362222770025	-0.0002171776679	7.23232218455e-05	0.000476318250119	0.000111175980229	-0.000837359287179	0.000302866954803	-3.39366216015e-10	-5.70658041505e-10	-2.61255553053e-09	3.05423396703e-11	6.81253769051e-11	2.53932524843e-11
Mock.1;k__Fungi;p__Ascomycota;c__Sordariomycetes;o__Hypocreales;f__Nectriaceae;g__Fusarium;Other	-0.109441757636	-0.21081924863	-0.145642260359	-0.0250138818855	0.0281542843485	-0.00873799943304	-0.0694723974202	-0.0080175183385	0.0111766128705	-0.0213901375469	0.0151120240353	0.0322593527248	-0.00104215228585	0.00104690843206	0.00113625706284	0.00436190153993	0.00234526312135	0.00268142544502	0.000961522343627	-9.25845384767e-05	0.000417449882948	0.000372008006863	-0.000425234466268	-8.4217019452e-05	-3.39366216147e-10	-5.70658041551e-10	-2.61255553046e-09	3.05423396939e-11	6.81253768999e-11	2.53932524788e-11
Mock.2;k__Fungi;p__Ascomycota;c__Sordariomycetes;o__Hypocreales;f__Nectriaceae;g__Nectria;Other	-0.109441757636	-0.21081924863	-0.145642260359	-0.0250138818855	0.0281542843485	-0.00873799943304	-0.0694723974202	-0.0080175183385	0.0111766128705	-0.0213901375469	0.0151120240353	0.0322593527248	-0.00104215228585	0.00104690843206	0.00113625706284	0.00436190153993	0.00234526312135	0.00268142544502	0.000961522343627	-9.25845384767e-05	0.000417449882948	0.000372008006863	-0.000425234466268	-8.4217019452e-05	-3.39366216147e-10	-5.70658041551e-10	-2.61255553046e-09	3.05423396939e-11	6.81253768999e-11	2.53932524788e-11
Mock.2;k__Fungi;p__Zygomycota;c__Incertae_sedis;Other;Other;Other;Other	-0.10620039921	-0.213467002068	-0.142084600884	-0.0247675251735	0.0343747282478	0.00363859664125	-0.0692897152545	-0.00994345257522	0.0355699836397	-0.0309432827868	0.0358918215156	0.0612891999188	0.000604021712028	0.00208935985961	0.00415653045367	0.0136319940971	0.00719653612644	0.00767620089756	0.00349763809192	-0.000125463896864	0.00062249428912	-0.000803724492482	-0.000391895611449	0.000866233406322	-3.39366215628e-10	-5.70658041367e-10	-2.61255552992e-09	3.05423395722e-11	6.81253768809e-11	2.53932524823e-11
Mock.1;k__Fungi;p__Ascomycota;c__Sordariomycetes;o__Hypocreales;f__Nectriaceae;g__Fusarium;s__Fusarium_sp_LL_X4	-0.116962537446	-0.205760301822	-0.153087906036	-0.0251671820974	0.0161441279171	-0.0342512572054	-0.0693605959271	-0.00395463182195	-0.0375307887882	-0.00259445518565	-0.0267124963863	-0.0257191084011	-0.00485495207501	-0.00159761963526	-0.00548436211034	-0.0138321926428	-0.00643448482328	-0.00684870064678	-0.00330334108832	0.000993368470935	-0.000914595642156	-0.000468933939899	0.000648370024919	0.000137688259956	-3.39366215826e-10	-5.70658041437e-10	-2.6125555296e-09	3.0542339601e-11	6.81253768633e-11	2.5393252465e-11
Mock.1;k__Fungi;p__Basidiomycota;c__Pucciniomycetes;o__Pucciniales;f__Pucciniaceae;g__Puccinia;s__Puccinia_cerinthes_agropyrina	-0.116962537446	-0.205760301822	-0.153087906036	-0.0251671820974	0.0161441279171	-0.0342512572054	-0.0693605959271	-0.00395463182195	-0.0375307887882	-0.00259445518565	-0.0267124963863	-0.0257191084011	-0.00485495207501	-0.00159761963526	-0.00548436211034	-0.0138321926428	-0.00643448482328	-0.00684870064678	-0.00330334108832	0.000993368470935	-0.000914595642156	-0.000468933939899	0.000648370024919	0.000137688259956	-3.39366215826e-10	-5.70658041437e-10	-2.6125555296e-09	3.0542339601e-11	6.81253768633e-11	2.5393252465e-11
Mock.1;k__Fungi;p__Basidiomycota;c__Pucciniomycetes;o__Pucciniales;Other;Other;Other	-0.111349874318	-0.209602350017	-0.147526344304	-0.0250458438545	0.0251259003292	-0.0150005456295	-0.0695960455398	-0.00697286714505	-0.0008975951873	-0.0167255492889	0.004703068727	0.0179903272328	-0.00185362707746	0.000625562790381	-0.00033590442378	-0.0004258218855	-0.000242697961075	0.000362222770025	-0.0002171776679	7.23232218455e-05	0.000476318250119	0.000111175980229	-0.000837359287179	0.000302866954803	-3.39366216015e-10	-5.70658041505e-10	-2.61255553053e-09	3.05423396703e-11	6.81253769051e-11	2.53932524842e-11
Mock.1;k__Fungi;p__Ascomycota;c__Saccharomycetes;o__Saccharomycetales;f__Incertae_sedis;g__Candida;Other	0.287707302641	-0.0910534093362	0.0549542322523	-0.00303005734454	0.0225997723139	-0.0738581789615	0.0022257068662	0.0301336483447	-0.0188045518304	0.0764785092405	-0.0218025101849	0.0190116684754	0.0208992745108	-0.0206959001174	0.00993110507091	0.00346898523761	-0.0085435122656	0.0148162905377	0.0081814021488	-0.000210119472353	0.0020836262751	-8.27085834159e-05	-2.0411594523e-06	-1.25314738976e-05	-3.39366216029e-10	-5.7065804151e-10	-2.61255553013e-09	3.05423396594e-11	6.8125376886e-11	2.53932524751e-11
Mock.2;k__Fungi;p__Ascomycota;c__Sordariomycetes;o__Hypocreales;f__Nectriaceae;g__Nectria;s__Nectria_sp_FTJZZJ06	-0.116962537446	-0.205760301822	-0.153087906036	-0.0251671820974	0.0161441279171	-0.0342512572054	-0.0693605959271	-0.00395463182195	-0.0375307887882	-0.00259445518565	-0.0267124963863	-0.0257191084011	-0.00485495207501	-0.00159761963526	-0.00548436211034	-0.0138321926428	-0.00643448482328	-0.00684870064678	-0.00330334108832	0.000993368470935	-0.000914595642156	-0.000468933939899	0.000648370024919	0.000137688259956	-3.39366215826e-10	-5.70658041437e-10	-2.6125555296e-09	3.0542339601e-11	6.81253768633e-11	2.5393252465e-11
Mock.2;k__Fungi;p__Glomeromycota;c__Glomeromycetes;o__Diversisporales;f__Gigasporaceae;g__Gigaspora;s__Gigaspora_sp.	-0.116962537446	-0.205760301822	-0.153087906036	-0.0251671820974	0.0161441279171	-0.0342512572054	-0.0693605959271	-0.00395463182195	-0.0375307887882	-0.00259445518565	-0.0267124963863	-0.0257191084011	-0.00485495207501	-0.00159761963526	-0.00548436211034	-0.0138321926428	-0.00643448482328	-0.00684870064678	-0.00330334108832	0.000993368470935	-0.000914595642156	-0.000468933939899	0.000648370024919	0.000137688259956	-3.39366215826e-10	-5.70658041437e-10	-2.6125555296e-09	3.0542339601e-11	6.81253768633e-11	2.5393252465e-11
Mock.2;k__Fungi;p__Ascomycota;c__Saccharomycetes;o__Saccharomycetales;f__Incertae_sedis;g__Candida;Other	0.287707302641	-0.0910534093362	0.0549542322523	-0.00303005734454	0.0225997723139	-0.0738581789615	0.0022257068662	0.0301336483447	-0.0188045518304	0.0764785092405	-0.0218025101849	0.0190116684754	0.0208992745108	-0.0206959001174	0.00993110507091	0.00346898523761	-0.0085435122656	0.0148162905377	0.0081814021488	-0.000210119472353	0.0020836262751	-8.27085834159e-05	-2.0411594523e-06	-1.25314738976e-05	-3.39366216029e-10	-5.7065804151e-10	-2.61255553013e-09	3.05423396594e-11	6.81253768861e-11	2.53932524751e-11
Mock.3;k__Fungi;p__Ascomycota;c__Saccharomycetes;Other;Other;Other;Other	0.329813554981	0.0380466792408	0.113039773794	0.0148024295662	0.0773778606492	-0.0594120323254	-0.0200015338744	0.00460712248942	-0.0021508808299	0.0759937153149	0.0807253394112	0.00756938597408	0.00361223814095	0.0156115826689	-0.0433145343565	-0.0150481329284	0.0168160576853	-0.021067763997	-0.0116829324801	-0.00416774814928	-0.00337870589447	-0.00010226795144	-1.68979064016e-05	-9.73743946918e-06	-3.39366216029e-10	-5.7065804151e-10	-2.61255553014e-09	3.05423396599e-11	6.81253768865e-11	2.53932524752e-11
Mock.3;k__Fungi;p__Ascomycota;c__unidentified;o__unidentified;f__unidentified;g__unidentified;Other	0.285502809638	-0.0950796074289	0.058092228154	-0.0011369207935	0.0115592064799	-0.0753171928157	0.00915335009896	0.0367933038117	-0.00126355730135	0.0641916176043	-0.039564455127	0.0222793726671	0.00367220065308	-0.00876115570262	-0.0208352589592	-0.0191523662253	-0.0076218870263	0.0408336272543	0.0029344825291	-0.00893257791084	0.0081925254895	-0.000421931912722	-1.13879323265e-05	-5.56933037834e-05	-3.39366216052e-10	-5.70658041519e-10	-2.61255553018e-09	3.05423396657e-11	6.81253768878e-11	2.53932524751e-11
Mock.2;k__Fungi;p__Ascomycota;c__Saccharomycetes;Other;Other;Other;Other	0.329813554981	0.0380466792408	0.113039773794	0.0148024295662	0.0773778606492	-0.0594120323254	-0.0200015338744	0.00460712248942	-0.0021508808299	0.0759937153149	0.0807253394112	0.00756938597408	0.00361223814095	0.0156115826689	-0.0433145343565	-0.0150481329284	0.0168160576853	-0.021067763997	-0.0116829324801	-0.00416774814928	-0.00337870589447	-0.00010226795144	-1.68979064016e-05	-9.73743946918e-06	-3.39366216029e-10	-5.7065804151e-10	-2.61255553014e-09	3.05423396599e-11	6.81253768865e-11	2.53932524752e-11
Mock.2;k__Fungi;p__Ascomycota;c__unidentified;o__unidentified;f__unidentified;g__unidentified;Other	0.285502809638	-0.0950796074289	0.058092228154	-0.0011369207935	0.0115592064799	-0.0753171928157	0.00915335009896	0.0367933038117	-0.00126355730135	0.0641916176043	-0.039564455127	0.0222793726671	0.00367220065308	-0.00876115570262	-0.0208352589592	-0.0191523662253	-0.0076218870263	0.0408336272543	0.0029344825291	-0.00893257791084	0.0081925254895	-0.000421931912722	-1.13879323265e-05	-5.56933037834e-05	-3.39366216052e-10	-5.70658041519e-10	-2.61255553018e-09	3.05423396657e-11	6.81253768878e-11	2.53932524751e-11