UclustConsensusTaxonAssigner parameters:
id_to_taxonomy_filepath:/home/ubuntu/data/gg_13_8_otus/taxonomy/97_otu_taxonomy.txt
id_to_taxonomy_fp:/home/ubuntu/data/gg_13_8_otus/taxonomy/97_otu_taxonomy.txt
max_accepts:1
min_consensus_fraction:0.51
reference_sequences_fp:/home/ubuntu/data/gg_13_8_otus/rep_set/97_otus.fasta
similarity:0.9
unassignable_label:Unassigned
Result path: /tmp/assign-taxspNZ0C

.uc file contents:

# uclust --input /home/ubuntu/data/short-read-tax-assignment/data/mock-community/B6/rep_set.fna --id 0.9 --rev --maxaccepts 1 --allhits --libonly --lib /home/ubuntu/data/gg_13_8_otus/rep_set/97_otus.fasta --uc /home/ubuntu/temp/UclustConsensusTaxonAssigner__7IjDX.uc
# version=1.2.22
# Tab-separated fields:
# 1=Type, 2=ClusterNr, 3=SeqLength or ClusterSize, 4=PctId, 5=Strand, 6=QueryStart, 7=SeedStart, 8=Alignment, 9=QueryLabel, 10=TargetLabel
# Record types (field 1): L=LibSeed, S=NewSeed, H=Hit, R=Reject, D=LibCluster, C=NewCluster, N=NoHit
# For C and D types, PctId is average id with seed.
# QueryStart and SeedStart are zero-based relative to start of sequence.
# If minus strand, SeedStart is relative to reverse-complemented seed.
L	79075	1406	*	*	*	*	*	4298205	*
H	79075	92	97.8	+	0	0	474I92M840I	100027 Even3_379611	4298205
L	6904	1491	*	*	*	*	*	641123	*
H	6904	100	99.0	+	0	0	521I100M870I	1000656 Even1_335301	641123
L	46158	1450	*	*	*	*	*	157772	*
H	46158	83	94.0	+	0	0	498I83M869I	1010876 Even1_172765	157772
L	993	1366	*	*	*	*	*	1052930	*
H	993	78	100.0	+	0	0	506I78M782I	101320 Even1_310751	1052930
L	63448	1348	*	*	*	*	*	611914	*
H	63448	85	100.0	+	0	0	411I85M852I	1013316 Even3_44698	611914
L	37189	1485	*	*	*	*	*	224834	*
H	37189	100	100.0	+	0	0	516I100M869I	101868 Even2_6992	224834
L	51571	1382	*	*	*	*	*	102049	*
H	51571	100	98.0	+	0	0	482I100M800I	102049 Even2_151299	102049
L	61005	1362	*	*	*	*	*	632346	*
H	61005	93	100.0	+	0	0	428I93M841I	1022184 Even1_16431	632346
L	91997	1413	*	*	*	*	*	4432891	*
H	91997	100	99.0	+	0	0	477I100M836I	1028632 Even2_6753	4432891
L	39357	1471	*	*	*	*	*	202829	*
H	39357	82	98.8	+	0	0	480I82M909I	10298 Even3_158622	202829
L	23641	1378	*	*	*	*	*	326626	*
H	23641	81	100.0	+	0	0	508I81M789I	103730 Even1_366154	326626
L	13954	1516	*	*	*	*	*	544465	*
H	13954	82	97.6	+	0	0	537I82M897I	104216 Even2_110896	544465
L	51277	1423	*	*	*	*	*	104310	*
H	51277	79	100.0	+	0	0	482I79M862I	104265 Even2_344586	104310
L	59649	1473	*	*	*	*	*	1048864	*
H	59649	100	100.0	+	0	0	512I100M861I	1048864 Even1_21069	1048864
L	8870	1379	*	*	*	*	*	583974	*
H	8870	86	97.7	+	0	0	515I86M778I	105411 Even1_37132	583974
L	905	1380	*	*	*	*	*	1063126	*
H	905	100	99.0	+	0	0	446I100M834I	1063126 Even1_3912	1063126
L	48277	1438	*	*	*	*	*	142330	*
H	48277	78	98.7	+	0	0	491I78M869I	1064410 Even1_199610	142330
L	50989	1398	*	*	*	*	*	106691	*
H	50989	100	100.0	+	0	0	396I100M902I	106691 Even1_78105	106691
L	50970	1454	*	*	*	*	*	106860	*
H	50970	91	98.9	+	0	0	495I91M868I	106860 Even2_228717	106860
L	41578	1392	*	*	*	*	*	189914	*
H	41578	87	96.6	+	0	0	517I87M788I	107098 Even1_283062	189914
L	69456	1365	*	*	*	*	*	1079393	*
H	69456	79	98.7	+	0	0	508I79M778I	1079393 Even2_68083	1079393
L	19777	1379	*	*	*	*	*	354693	*
H	19777	77	100.0	+	0	0	394I77M908I	108446 Even1_64880	354693
L	619	1359	*	*	*	*	*	1094340	*
H	619	81	98.8	+	0	0	502I81M776I	1094340 Even1_65376	1094340
L	58819	1448	*	*	*	*	*	1039568	*
H	58819	100	100.0	+	0	0	502I100M846I	109907 Even1_180291	1039568
L	5845	1486	*	*	*	*	*	716006	*
H	5845	100	100.0	+	0	0	510I100M876I	1100972 Even3_194794	716006
L	84958	1455	*	*	*	*	*	4359056	*
H	84958	89	98.9	+	0	0	517I89M849I	1105984 Even1_77871	4359056
L	93330	1450	*	*	*	*	*	4447176	*
H	93330	78	98.7	+	0	0	497I78M875I	110625 Even2_313508	4447176
L	68806	1508	*	*	*	*	*	1107230	*
H	68806	81	100.0	+	0	0	530I81M897I	1107230 Even1_111711	1107230
L	39020	1385	*	*	*	*	*	206493	*
H	39020	100	97.0	+	0	0	511I100M774I	1107740 Even2_124460	206493
L	235	1424	*	*	*	*	*	1108417	*
H	235	90	100.0	+	0	0	461I90M873I	1108831 Even1_76215	1108417
L	29081	1389	*	*	*	*	*	289379	*
H	29081	76	100.0	+	0	0	515I76M798I	1109178 Even2_176899	289379
L	40577	1397	*	*	*	*	*	195100	*
H	40577	76	98.7	+	0	0	515I76M806I	1109293 Even1_369663	195100
L	21216	1386	*	*	*	*	*	344198	*
H	21216	81	95.1	+	0	0	521I81M784I	1109297 Even1_239571	344198
L	71015	1504	*	*	*	*	*	1109454	*
H	71015	100	100.0	+	0	0	526I100M878I	1109454 Even1_28367	1109454
L	37448	1488	*	*	*	*	*	222501	*
H	37448	82	100.0	+	0	0	516I82M890I	1109646 Even1_265130	222501
L	42882	1392	*	*	*	*	*	182889	*
H	42882	81	98.8	+	0	0	517I81M794I	1109864 Even1_211422	182889
L	64751	1396	*	*	*	*	*	1110791	*
H	64751	100	100.0	+	0	0	529I100M767I	1110791 Even2_346314	1110791
L	57234	1354	*	*	*	*	*	1111111	*
H	57234	100	100.0	+	0	0	483I100M771I	1111111 Even1_70928	1111111
L	3	1402	*	*	*	*	*	1111874	*
H	3	81	100.0	+	0	0	472I81M849I	1111874 Even3_87083	1111874
L	64214	1356	*	*	*	*	*	1116674	*
H	64214	77	97.4	+	0	0	452I77M827I	1116674 Even1_38544	1116674
L	77227	1434	*	*	*	*	*	1116679	*
H	77227	100	100.0	+	0	0	502I100M832I	1116679 Even3_69	1116679
L	69259	1441	*	*	*	*	*	3101394	*
H	69259	76	98.7	+	0	0	488I76M877I	1120420 Even3_94	3101394
L	62589	1492	*	*	*	*	*	1121144	*
H	62589	85	98.8	+	0	0	484I85M923I	1121144 Even1_220778	1121144
L	63104	1413	*	*	*	*	*	2342005	*
H	63104	90	97.8	+	0	0	529I90M794I	1122622 Even2_18672	2342005
L	41097	1347	*	*	*	*	*	192419	*
H	41097	100	99.0	+	0	0	502I100M745I	1122673 Even1_21615	192419
H	91997	100	98.0	+	0	0	477I100M836I	1123414 Even2_137033	4432891
L	60618	1453	*	*	*	*	*	1125423	*
H	60618	92	100.0	+	0	0	445I92M916I	1125423 Even1_51352	1125423
L	66285	1459	*	*	*	*	*	1125638	*
H	66285	90	100.0	+	0	0	500I90M869I	1125638 Even1_327271	1125638
L	12256	1502	*	*	*	*	*	558081	*
H	12256	76	97.4	+	0	0	528I76M898I	1127719 Even3_381560	558081
L	57045	1518	*	*	*	*	*	1129328	*
H	57045	100	100.0	+	0	0	521I100M897I	1129328 Even3_104221	1129328
L	67431	1458	*	*	*	*	*	1130478	*
H	67431	81	98.8	+	0	0	445I81M932I	1130478 Even1_140866	1130478
L	66719	1494	*	*	*	*	*	1134151	*
H	66719	100	99.0	+	0	0	528I100M866I	1134151 Even1_49849	1134151
L	61678	1407	*	*	*	*	*	769746	*
H	61678	91	100.0	+	0	0	518I91M798I	1134377 Even2_167536	769746
L	51743	1354	*	*	*	*	*	100650	*
H	51743	100	97.0	+	0	0	468I100M786I	1135231 Even3_24296	100650
L	50096	1351	*	*	*	*	*	113581	*
H	50096	76	98.7	+	0	0	494I76M781I	113581 Even1_383974	113581
L	13722	1452	*	*	*	*	*	546305	*
H	13722	100	98.0	+	0	0	471I100M881I	113588 Even2_68405	546305
L	77365	1507	*	*	*	*	*	1136581	*
H	77365	100	99.0	+	0	0	500I100M907I	1136581 Even2_100991	1136581
L	58038	1395	*	*	*	*	*	1139929	*
H	58038	100	99.0	+	0	0	472I100M823I	1139929 Even3_132439	1139929
L	63972	1506	*	*	*	*	*	1140514	*
H	63972	84	97.6	+	0	0	493I84M929I	1140514 Even1_300073	1140514
L	8840	1451	*	*	*	*	*	584193	*
H	8840	92	100.0	+	0	0	517I92M842I	1140670 Even2_178507	584193
L	17850	1547	*	*	*	*	*	484304	*
H	17850	100	100.0	+	0	0	528I100M919I	1142029 Even3_44	484304
L	84922	1517	*	*	*	*	*	4358566	*
H	84922	83	97.6	+	0	0	542I83M892I	1146865 Even3_73067	4358566
L	49824	1482	*	*	*	*	*	115049	*
H	49824	87	97.7	+	0	0	515I87M880I	115049 Even1_693	115049
L	12377	1375	*	*	*	*	*	557216	*
H	12377	76	100.0	+	0	0	499I76M800I	117948 Even2_369499	557216
L	49738	1363	*	*	*	*	*	123510	*
H	49738	100	99.0	+	0	0	349I100M914I	123510 Even2_85427	123510
L	49684	1508	*	*	*	*	*	126508	*
H	49684	100	98.0	+	0	0	497I100M911I	126508 Even3_108247	126508
L	41242	1383	*	*	*	*	*	191703	*
H	41242	84	96.4	+	0	0	514I84M785I	130214 Even1_276207	191703
L	55277	1490	*	*	*	*	*	13115	*
H	55277	100	99.0	+	0	0	482I100M908I	13034 Even1_283466	13115
L	13544	1330	*	*	*	*	*	547714	*
H	13544	79	97.5	+	0	0	468I79M783I	130402 Even1_311133	547714
L	49443	1475	*	*	*	*	*	132041	*
H	49443	91	100.0	+	0	0	509I91M875I	132041 Even3_226828	132041
L	40773	1393	*	*	*	*	*	194215	*
H	40773	89	98.9	+	0	0	524I89M780I	134174 Even3_324596	194215
L	49048	1417	*	*	*	*	*	136502	*
H	49048	81	100.0	+	0	0	475I81M861I	136502 Even3_41648	136502
L	49042	1449	*	*	*	*	*	136526	*
H	49042	77	97.4	+	0	0	499I77M873I	136526 Even1_46766	136526
L	45632	1564	*	*	*	*	*	161579	*
H	45632	100	99.0	+	0	0	547I100M917I	13900 Even2_349170	161579
L	4202	1467	*	*	*	*	*	812381	*
H	4202	100	100.0	+	0	0	506I100M861I	139220 Even2_355672	812381
L	48351	1455	*	*	*	*	*	141972	*
H	48351	100	100.0	+	0	0	492I85MI15M862I	141972 Even1_64566	141972
L	23217	1391	*	*	*	*	*	329662	*
H	23217	77	98.7	+	0	0	515I77M799I	144395 Even3_275221	329662
L	68116	1454	*	*	*	*	*	2957436	*
H	68116	76	100.0	+	0	0	502I76M876I	147085 Even1_2368	2957436
L	93919	1404	*	*	*	*	*	4453609	*
H	93919	92	97.8	+	0	0	533I92M779I	148007 Even3_116624	4453609
L	21665	1391	*	*	*	*	*	340759	*
H	21665	100	99.0	+	0	0	515I100M776I	148987 Even3_79880	340759
L	47121	1528	*	*	*	*	*	150404	*
H	47121	84	97.6	+	0	0	543I84M901I	150404 Even1_100594	150404
L	46948	1492	*	*	*	*	*	151682	*
H	46948	100	99.0	+	0	0	522I100M870I	151682 Even2_210793	151682
L	36696	1458	*	*	*	*	*	230213	*
H	36696	100	97.0	+	0	0	480I100M878I	1517154 Even3_40932	230213
L	37846	1432	*	*	*	*	*	218646	*
H	37846	78	98.7	+	0	0	473I78M881I	151729 Even1_145363	218646
L	26885	1392	*	*	*	*	*	302960	*
H	26885	80	97.5	+	0	0	511I80M801I	1521321 Even2_358102	302960
L	23380	1504	*	*	*	*	*	328458	*
H	23380	85	97.6	+	0	0	533I85M886I	15357 Even2_341702	328458
L	48309	1520	*	*	*	*	*	142203	*
H	48309	80	100.0	+	0	0	541I80M899I	15430 Even1_262739	142203
L	55051	1519	*	*	*	*	*	15432	*
H	55051	84	100.0	+	0	0	515I84M920I	15432 Even1_23852	15432
L	46594	1460	*	*	*	*	*	154604	*
H	46594	95	98.9	+	0	0	502I95M863I	154604 Even1_359474	154604
L	46568	1460	*	*	*	*	*	154822	*
H	46568	90	98.9	+	0	0	501I90M869I	154822 Even1_143176	154822
H	46568	100	97.0	+	0	0	501I100M859I	155216 Even1_34921	154822
L	19587	1491	*	*	*	*	*	356045	*
H	19587	80	100.0	+	0	0	484I80M927I	156101 Even1_317183	356045
L	55016	1389	*	*	*	*	*	15728	*
H	55016	100	100.0	+	0	0	441I100M848I	15728 Even3_686	15728
L	61851	1432	*	*	*	*	*	2189140	*
H	61851	80	97.5	+	0	0	491I80M861I	157396 Even1_27882	2189140
L	96214	1451	*	*	*	*	*	4477479	*
H	96214	80	96.2	+	0	0	488I80M883I	157516 Even1_49887	4477479
L	59361	1444	*	*	*	*	*	1889556	*
H	59361	80	100.0	+	0	0	505I80M859I	157748 Even1_44821	1889556
H	46158	100	100.0	+	0	0	498I100M852I	157772 Even2_78183	157772
L	46149	1397	*	*	*	*	*	157842	*
H	46149	90	100.0	+	0	0	493I90M814I	157842 Even2_36802	157842
L	60861	1534	*	*	*	*	*	2066374	*
H	60861	100	97.0	+	0	0	537I100M897I	158581 Even1_3672	2066374
L	46050	1447	*	*	*	*	*	158625	*
H	46050	80	97.5	+	0	0	495I80M872I	158625 Even3_43415	158625
L	46039	1422	*	*	*	*	*	158711	*
H	46039	100	97.0	+	0	0	506I100M816I	158711 Even2_20104	158711
L	22952	1396	*	*	*	*	*	331562	*
H	22952	100	97.0	+	0	0	525I100M771I	158967 Even2_100076	331562
L	77830	1343	*	*	*	*	*	811074	*
H	77830	100	100.0	+	0	0	468I100M775I	160432 Even2_27497	811074
L	59933	1432	*	*	*	*	*	1950496	*
H	59933	100	97.0	+	0	0	490I100M842I	160830 Even2_224583	1950496
L	34793	1484	*	*	*	*	*	246494	*
H	34793	76	98.7	+	0	0	517I76M891I	161007 Even2_25712	246494
H	45632	100	100.0	+	0	0	547I100M917I	161579 Even2_297	161579
L	75826	1455	*	*	*	*	*	3936862	*
H	75826	93	100.0	+	0	0	493I93M869I	1616784 Even1_27782	3936862
L	70578	1440	*	*	*	*	*	3265161	*
H	70578	100	99.0	+	0	0	489I100M851I	162491 Even1_37792	3265161
L	45156	1458	*	*	*	*	*	167187	*
H	45156	82	100.0	+	0	0	515I82M861I	167187 Even1_75217	167187
L	94441	1452	*	*	*	*	*	4458775	*
H	94441	85	97.6	+	0	0	474I85M893I	168031 Even2_73671	4458775
L	57731	1371	*	*	*	*	*	1690095	*
H	57731	79	100.0	+	0	0	417I79M875I	1690095 Even3_31306	1690095
L	14821	1498	*	*	*	*	*	538000	*
H	14821	85	100.0	+	0	0	527I85M886I	169538 Even1_561	538000
L	16118	1386	*	*	*	*	*	524661	*
H	16118	100	98.0	+	0	0	521I100M765I	1698008 Even2_7330	524661
L	44834	1400	*	*	*	*	*	170775	*
H	44834	83	98.8	+	0	0	412I83M905I	170775 Even2_349444	170775
L	22264	1393	*	*	*	*	*	336528	*
H	22264	96	99.0	+	0	0	518I96M779I	171399 Even2_103038	336528
L	33742	1421	*	*	*	*	*	254286	*
H	33742	76	100.0	+	0	0	415I76M930I	1715185 Even3_4074	254286
L	41103	1398	*	*	*	*	*	192389	*
H	41103	100	100.0	+	0	0	522I100M776I	171532 Even1_13785	192389
L	30112	1398	*	*	*	*	*	277265	*
H	30112	81	95.1	+	0	0	525I81M792I	171718 Even2_40869	277265
L	94427	1440	*	*	*	*	*	4458634	*
H	94427	84	100.0	+	0	0	477I84M879I	1721299 Even1_6424	4458634
L	21391	1361	*	*	*	*	*	342844	*
H	21391	83	97.6	+	0	0	495I83M783I	172705 Even1_332215	342844
L	58049	1437	*	*	*	*	*	1727150	*
H	58049	100	98.0	+	0	0	480I100M857I	1727150 Even3_9395	1727150
L	44674	1421	*	*	*	*	*	172717	*
H	44674	95	98.9	+	0	0	479I95M847I	172717 Even1_188034	172717
L	92478	1436	*	*	*	*	*	4437814	*
H	92478	100	99.0	+	0	0	492I100M844I	1733364 Even3_1900	4437814
L	17569	1401	*	*	*	*	*	509636	*
H	17569	100	100.0	+	0	0	528I100M773I	173565 Even3_211	509636
L	66564	1510	*	*	*	*	*	2770485	*
H	66564	80	100.0	+	0	0	501I80M929I	1739135 Even3_299854	2770485
L	18947	1389	*	*	*	*	*	366386	*
H	18947	100	99.0	+	0	0	526I100M763I	173945 Even2_8886	366386
L	65941	1440	*	*	*	*	*	2696706	*
H	65941	83	97.6	+	0	0	491I83M866I	174036 Even3_14404	2696706
L	44518	1390	*	*	*	*	*	174044	*
H	44518	76	100.0	+	0	0	511I76M803I	174044 Even1_252838	174044
L	41565	1390	*	*	*	*	*	189996	*
H	41565	93	98.9	+	0	0	515I93M782I	174332 Even2_20537	189996
L	44460	1397	*	*	*	*	*	174383	*
H	44460	76	100.0	+	0	0	520I76M801I	174383 Even1_1467	174383
L	44446	1383	*	*	*	*	*	174487	*
H	44446	100	100.0	+	0	0	515I100M768I	174487 Even1_213280	174487
L	28001	1389	*	*	*	*	*	296165	*
H	28001	90	97.8	+	0	0	514I90M785I	174588 Even3_346900	296165
L	43057	1376	*	*	*	*	*	181969	*
H	43057	91	100.0	+	0	0	502I91M783I	174712 Even3_92713	181969
L	28636	1401	*	*	*	*	*	292041	*
H	28636	100	100.0	+	0	0	528I100M773I	174831 Even3_76926	292041
L	42039	1382	*	*	*	*	*	187388	*
H	42039	78	98.7	+	0	0	512I78M792I	174845 Even1_29358	187388
L	19616	1390	*	*	*	*	*	355905	*
H	19616	78	97.4	+	0	0	515I78M797I	174911 Even3_300675	355905
L	26081	1357	*	*	*	*	*	308907	*
H	26081	100	100.0	+	0	0	497I100M760I	174998 Even1_76	308907
L	17731	1343	*	*	*	*	*	503372	*
H	17731	100	97.0	+	0	0	493I100M750I	175062 Even3_164447	503372
L	44316	1395	*	*	*	*	*	175145	*
H	44316	88	97.7	+	0	0	519I88M788I	175145 Even1_327408	175145
L	44315	1373	*	*	*	*	*	175148	*
H	44315	100	99.0	+	0	0	501I100M772I	175148 Even2_113199	175148
L	44312	1391	*	*	*	*	*	175168	*
H	44312	76	100.0	+	0	0	516I76M799I	175168 Even2_107978	175168
L	23524	1396	*	*	*	*	*	327401	*
H	23524	100	99.0	+	0	0	520I100M776I	175367 Even1_94067	327401
L	94621	1443	*	*	*	*	*	4460786	*
H	94621	100	99.0	+	0	0	495I100M848I	175474 Even2_60814	4460786
H	18947	80	98.8	+	0	0	526I80M783I	175960 Even3_128405	366386
L	77627	1496	*	*	*	*	*	1109297	*
H	77627	81	97.5	+	0	0	517I81M898I	175978 Even2_288103	1109297
L	69229	1453	*	*	*	*	*	3096648	*
H	69229	80	97.5	+	0	0	501I80M872I	176057 Even1_12626	3096648
L	788	1347	*	*	*	*	*	1076587	*
H	788	100	99.0	+	0	0	490I100M757I	176080 Even1_63910	1076587
L	44108	1399	*	*	*	*	*	176306	*
H	44108	100	100.0	+	0	0	517I100M782I	176306 Even1_69681	176306
L	42088	1398	*	*	*	*	*	187144	*
H	42088	92	97.8	+	0	0	508I92M798I	176346 Even3_283234	187144
L	19283	1381	*	*	*	*	*	360518	*
H	19283	100	98.0	+	0	0	511I100M770I	176564 Even1_237469	360518
L	95695	1447	*	*	*	*	*	4472174	*
H	95695	79	98.7	+	0	0	484I79M884I	176666 Even1_78912	4472174
L	43891	1392	*	*	*	*	*	177520	*
H	43891	83	100.0	+	0	0	517I83M792I	176690 Even3_270553	177520
L	44037	1361	*	*	*	*	*	176757	*
H	44037	81	97.5	+	0	0	490I81M790I	176757 Even1_18154	176757
L	21085	1351	*	*	*	*	*	345111	*
H	21085	76	100.0	+	0	0	494I76M781I	177055 Even1_18212	345111
L	43963	1398	*	*	*	*	*	177150	*
H	43963	100	100.0	+	0	0	526I100M772I	177150 Even3_16417	177150
L	40357	1382	*	*	*	*	*	196249	*
H	40357	100	98.0	+	0	0	515I100M767I	177359 Even2_39197	196249
L	29330	1375	*	*	*	*	*	287755	*
H	29330	81	96.3	+	0	0	500I81M794I	177581 Even2_81752	287755
L	43869	1392	*	*	*	*	*	177618	*
H	43869	100	100.0	+	0	0	517I100M775I	177618 Even3_14213	177618
L	76579	1447	*	*	*	*	*	4028553	*
H	76579	76	100.0	+	0	0	491I76M880I	177702 Even3_49086	4028553
L	42514	1392	*	*	*	*	*	184864	*
H	42514	100	100.0	+	0	0	517I100M775I	178018 Even1_68059	184864
H	59933	100	99.0	+	0	0	490I100M842I	178148 Even2_133918	1950496
L	45670	1469	*	*	*	*	*	161277	*
H	45670	85	100.0	+	0	0	495I85M889I	178173 Even3_2756	161277
L	69658	1435	*	*	*	*	*	3154070	*
H	69658	84	98.8	+	0	0	500I84M851I	178253 Even3_147109	3154070
L	43737	1390	*	*	*	*	*	178332	*
H	43737	76	98.7	+	0	0	515I76M799I	178332 Even2_205149	178332
L	28525	1398	*	*	*	*	*	292634	*
H	28525	88	97.7	+	0	0	526I88M784I	178387 Even3_310232	292634
L	43720	1385	*	*	*	*	*	178447	*
H	43720	100	100.0	+	0	0	513I100M772I	178447 Even3_3	178447
L	44472	1383	*	*	*	*	*	174332	*
H	44472	87	97.7	+	0	0	513I87M783I	178465 Even1_258756	174332
L	28010	1390	*	*	*	*	*	296103	*
H	28010	79	98.7	+	0	0	515I79M796I	178474 Even3_304188	296103
H	93919	100	95.0	+	0	0	533I100M771I	178615 Even1_159161	4453609
L	43686	1389	*	*	*	*	*	178616	*
H	43686	95	98.9	+	0	0	514I95M780I	178616 Even1_71511	178616
L	44458	1391	*	*	*	*	*	174415	*
H	44458	100	98.0	+	0	0	515I100M776I	178770 Even3_28414	174415
L	43609	1392	*	*	*	*	*	178977	*
H	43609	78	97.4	+	0	0	517I78M797I	178977 Even1_220979	178977
L	43402	1403	*	*	*	*	*	180112	*
H	43402	100	99.0	+	0	0	532I100M771I	179018 Even3_58346	180112
L	22618	1390	*	*	*	*	*	333949	*
H	22618	100	94.0	+	0	0	519I100M771I	179384 Even1_372330	333949
L	21228	1366	*	*	*	*	*	344118	*
H	21228	93	97.8	+	0	0	515I93M758I	179408 Even3_197580	344118
L	26581	1389	*	*	*	*	*	305152	*
H	26581	84	96.4	+	0	0	514I84M791I	179665 Even3_42210	305152
L	41611	1385	*	*	*	*	*	189782	*
H	41611	80	100.0	+	0	0	513I80M792I	179760 Even1_118174	189782
L	42959	1400	*	*	*	*	*	182483	*
H	42959	100	100.0	+	0	0	531I100M769I	180112 Even1_121	182483
L	87686	1440	*	*	*	*	*	4388121	*
H	87686	81	96.3	+	0	0	500I81M859I	180191 Even1_90448	4388121
L	23744	1388	*	*	*	*	*	325910	*
H	23744	76	98.7	+	0	0	517I76M795I	180289 Even1_100845	325910
L	43345	1390	*	*	*	*	*	180414	*
H	43345	100	99.0	+	0	0	514I100M776I	180414 Even2_89071	180414
H	44458	92	98.9	+	0	0	515I92M784I	180577 Even3_2092	174415
L	56111	1494	*	*	*	*	*	1992	*
H	56111	100	100.0	+	0	0	522I100M872I	180606 Even1_179	1992
L	86804	1435	*	*	*	*	*	4378688	*
H	86804	100	97.0	+	0	0	501I100M834I	180834 Even2_275488	4378688
L	42664	1389	*	*	*	*	*	183873	*
H	42664	100	99.0	+	0	0	514I100M775I	180842 Even3_9464	183873
L	26385	1372	*	*	*	*	*	306633	*
H	26385	100	99.0	+	0	0	504I100M768I	181204 Even2_596	306633
L	42815	1391	*	*	*	*	*	183163	*
H	42815	100	99.0	+	0	0	516I100M775I	181344 Even2_305653	183163
L	75187	1435	*	*	*	*	*	3855886	*
H	75187	84	98.8	+	0	0	474I84M877I	181421 Even2_148463	3855886
L	43114	1389	*	*	*	*	*	181689	*
H	43114	100	100.0	+	0	0	515I100M774I	181689 Even1_3393	181689
L	84501	1392	*	*	*	*	*	4354041	*
H	84501	85	98.8	+	0	0	523I85M784I	181719 Even1_95673	4354041
L	40640	1380	*	*	*	*	*	194824	*
H	40640	81	96.3	+	0	0	504I81M795I	181756 Even1_376917	194824
L	41763	1392	*	*	*	*	*	188974	*
H	41763	92	100.0	+	0	0	517I92M783I	181871 Even2_213358	188974
L	40448	1399	*	*	*	*	*	195781	*
H	40448	100	99.0	+	0	0	527I100M772I	182117 Even2_34886	195781
L	88965	1441	*	*	*	*	*	4401580	*
H	88965	100	99.0	+	0	0	490I100M851I	182157 Even2_56073	4401580
L	42103	1377	*	*	*	*	*	187050	*
H	42103	81	96.3	+	0	0	499I81M797I	182416 Even3_395759	187050
L	42966	1394	*	*	*	*	*	182428	*
H	42966	100	98.0	+	0	0	517I100M777I	182428 Even2_297984	182428
L	45899	1460	*	*	*	*	*	159743	*
H	45899	84	100.0	+	0	0	495I84M881I	182653 Even3_4014	159743
L	41056	1401	*	*	*	*	*	192684	*
H	41056	85	100.0	+	0	0	527I85M789I	182874 Even2_1149	192684
L	51785	1524	*	*	*	*	*	100198	*
H	51785	76	97.4	+	0	0	515I76M933I	183039 Even2_234393	100198
L	42842	1393	*	*	*	*	*	183054	*
H	42842	80	98.8	+	0	0	518I80M795I	183054 Even3_57723	183054
L	40253	1390	*	*	*	*	*	196848	*
H	40253	100	100.0	+	0	0	517I100M773I	183089 Even1_1070	196848
L	42823	1387	*	*	*	*	*	183139	*
H	42823	76	100.0	+	0	0	515I76M796I	183139 Even2_23955	183139
L	40197	1402	*	*	*	*	*	197105	*
H	40197	100	99.0	+	0	0	537I100M765I	183161 Even1_2660	197105
L	41478	1378	*	*	*	*	*	190490	*
H	41478	79	98.7	+	0	0	505I79M794I	183162 Even3_245573	190490
L	40015	1396	*	*	*	*	*	198119	*
H	40015	100	96.0	+	0	0	518I100M778I	183163 Even2_272567	198119
L	43765	1391	*	*	*	*	*	178173	*
H	43765	83	98.8	+	0	0	515I83M793I	183467 Even3_87806	178173
L	44058	1395	*	*	*	*	*	176660	*
H	44058	76	98.7	+	0	0	525I76M794I	183579 Even3_186697	176660
L	42693	1370	*	*	*	*	*	183783	*
H	42693	100	98.0	+	0	0	498I100M772I	183783 Even2_35294	183783
L	85035	1451	*	*	*	*	*	4360055	*
H	85035	85	96.5	+	0	0	505I85M861I	183817 Even3_2346	4360055
L	30269	1391	*	*	*	*	*	276260	*
H	30269	79	98.7	+	0	0	515I79M797I	183855 Even1_222712	276260
L	42667	1497	*	*	*	*	*	183867	*
H	42667	76	100.0	+	0	0	517I76M904I	183867 Even2_384762	183867
H	42664	100	100.0	+	0	0	514I100M775I	183873 Even1_198	183873
L	66569	1445	*	*	*	*	*	2771073	*
H	66569	77	98.7	+	0	0	483I77M885I	184296 Even3_33832	2771073
L	9639	1501	*	*	*	*	*	578649	*
H	9639	84	98.8	+	0	0	524I84M893I	184322 Even1_42942	578649
L	92494	1439	*	*	*	*	*	4437917	*
H	92494	82	100.0	+	0	0	484I82M873I	184497 Even2_967	4437917
L	36808	1486	*	*	*	*	*	228601	*
H	36808	100	98.0	+	0	0	524I100M862I	184567 Even1_143217	228601
L	59048	1447	*	*	*	*	*	1848900	*
H	59048	76	100.0	+	0	0	492I76M879I	1848900 Even3_366952	1848900
L	17423	1392	*	*	*	*	*	510777	*
H	17423	100	98.0	+	0	0	517I100M775I	185232 Even3_143074	510777
H	46039	83	97.6	+	0	0	506I83M833I	185730 Even3_346860	158711
L	87902	1424	*	*	*	*	*	4390319	*
H	87902	76	100.0	+	0	0	508I76M840I	185888 Even1_18064	4390319
L	40178	1392	*	*	*	*	*	197207	*
H	40178	82	98.8	+	0	0	517I82M793I	186471 Even3_168464	197207
L	67802	1438	*	*	*	*	*	2920309	*
H	67802	77	98.7	+	0	0	490I77M871I	186841 Even3_204447	2920309
L	28991	1390	*	*	*	*	*	289929	*
H	28991	80	98.8	+	0	0	515I80M795I	186858 Even2_761	289929
L	58540	1437	*	*	*	*	*	1788466	*
H	58540	93	97.8	+	0	0	479I93M865I	186888 Even2_45911	1788466
L	42132	1396	*	*	*	*	*	186906	*
H	42132	83	97.6	+	0	0	517I83M796I	186906 Even3_174600	186906
H	42823	86	97.7	+	0	0	515I86M786I	186968 Even1_86357	183139
L	96557	1358	*	*	*	*	*	4480861	*
H	96557	77	98.7	+	0	0	501I77M780I	1871227 Even1_7752	4480861
H	42088	76	100.0	+	0	0	508I76M814I	187144 Even3_15276	187144
L	87434	1449	*	*	*	*	*	4385318	*
H	87434	100	98.0	+	0	0	504I100M845I	187178 Even1_116366	4385318
L	42066	1389	*	*	*	*	*	187248	*
H	42066	100	100.0	+	0	0	514I100M775I	187248 Even3_140968	187248
L	42064	1390	*	*	*	*	*	187256	*
H	42064	81	97.5	+	0	0	515I81M794I	187256 Even3_226998	187256
L	44522	1391	*	*	*	*	*	174036	*
H	44522	100	99.0	+	0	0	521I100M770I	187324 Even1_26465	174036
H	42959	82	98.8	+	0	0	531I82M787I	187336 Even1_327857	182483
L	32870	1399	*	*	*	*	*	260410	*
H	32870	100	99.0	+	0	0	528I100M771I	187443 Even3_16940	260410
L	26115	1361	*	*	*	*	*	308598	*
H	26115	79	98.7	+	0	0	507I79M775I	187623 Even2_71269	308598
L	41984	1387	*	*	*	*	*	187720	*
H	41984	83	98.8	+	0	0	511I83M793I	187720 Even2_38286	187720
L	41965	1392	*	*	*	*	*	187811	*
H	41965	100	100.0	+	0	0	517I100M775I	187811 Even2_235191	187811
L	41951	1391	*	*	*	*	*	187894	*
H	41951	79	100.0	+	0	0	517I79M795I	187894 Even1_48417	187894
L	8590	1360	*	*	*	*	*	586019	*
H	8590	80	98.8	+	0	0	495I80M785I	187980 Even2_56682	586019
L	54696	1536	*	*	*	*	*	24546	*
H	54696	77	97.4	+	0	0	528I77M931I	187989 Even1_396707	24546
L	43476	1389	*	*	*	*	*	179665	*
H	43476	90	98.9	+	0	0	515I90M784I	188321 Even1_93538	179665
L	42152	1373	*	*	*	*	*	186831	*
H	42152	88	100.0	+	0	0	498I88M787I	188574 Even3_294952	186831
L	41814	1400	*	*	*	*	*	188735	*
H	41814	100	100.0	+	0	0	530I100M770I	188735 Even1_114089	188735
L	59343	1448	*	*	*	*	*	1888072	*
H	59343	100	100.0	+	0	0	498I100M850I	1888072 Even1_206600	1888072
L	41783	1400	*	*	*	*	*	188887	*
H	41783	100	100.0	+	0	0	528I100M772I	188887 Even3_77065	188887
L	39956	1393	*	*	*	*	*	198439	*
H	39956	79	93.7	+	0	0	513I79M801I	188956 Even1_300706	198439
L	18690	1483	*	*	*	*	*	372348	*
H	18690	82	97.6	+	0	0	510I82M891I	189150 Even1_189998	372348
L	41697	1392	*	*	*	*	*	189297	*
H	41697	100	99.0	+	0	0	516I100M776I	189297 Even3_101068	189297
L	41659	1401	*	*	*	*	*	189521	*
H	41659	77	98.7	+	0	0	527I77M797I	189521 Even2_377110	189521
L	41658	1379	*	*	*	*	*	189524	*
H	41658	76	100.0	+	0	0	511I76M792I	189524 Even2_237682	189524
L	43920	1387	*	*	*	*	*	177359	*
H	43920	80	97.5	+	0	0	515I80M792I	189667 Even1_25153	177359
H	42966	100	98.0	+	0	0	517I100M777I	189679 Even1_86824	182428
L	59567	1441	*	*	*	*	*	1914811	*
H	59567	100	100.0	+	0	0	471I100M870I	189754 Even3_121895	1914811
L	25171	1337	*	*	*	*	*	315463	*
H	25171	100	100.0	+	0	0	482I100M755I	189924 Even3_72665	315463
L	28125	1390	*	*	*	*	*	295361	*
H	28125	82	98.8	+	0	0	515I82M793I	189925 Even1_70052	295361
L	21664	1352	*	*	*	*	*	340761	*
H	21664	84	98.8	+	0	0	494I84M774I	190107 Even1_99908	340761
L	41477	1394	*	*	*	*	*	190502	*
H	41477	77	98.7	+	0	0	515I77M802I	190502 Even3_215313	190502
L	86179	1400	*	*	*	*	*	4372058	*
H	86179	76	97.4	+	0	0	530I76M794I	190526 Even3_161986	4372058
L	40337	1375	*	*	*	*	*	196346	*
H	40337	100	99.0	+	0	0	500I100M775I	190637 Even3_107975	196346
L	41441	1376	*	*	*	*	*	190649	*
H	41441	100	99.0	+	0	0	507I100M769I	190649 Even3_58138	190649
L	92160	1450	*	*	*	*	*	4434514	*
H	92160	100	98.0	+	0	0	489I100M861I	190902 Even2_23182	4434514
L	82695	1441	*	*	*	*	*	4335624	*
H	82695	100	96.0	+	0	0	513I100M828I	190913 Even1_299758	4335624
L	28041	1374	*	*	*	*	*	295974	*
H	28041	100	99.0	+	0	0	500I100M774I	191218 Even3_4688	295974
H	26385	100	99.0	+	0	0	504I100M768I	191393 Even2_1412	306633
L	44239	1370	*	*	*	*	*	175560	*
H	44239	79	97.5	+	0	0	502I79M789I	191442 Even3_179767	175560
L	25729	1400	*	*	*	*	*	311482	*
H	25729	76	98.7	+	0	0	527I76M797I	191487 Even2_384212	311482
L	59569	1488	*	*	*	*	*	1915223	*
H	59569	100	100.0	+	0	0	504I100M884I	1915223 Even3_49267	1915223
H	43720	100	99.0	+	0	0	513I100M772I	191541 Even3_48120	178447
L	44191	1391	*	*	*	*	*	175883	*
H	44191	100	100.0	+	0	0	515I100M776I	191755 Even3_216594	175883
L	28617	1372	*	*	*	*	*	292145	*
H	28617	93	100.0	+	0	0	498I93M781I	191797 Even1_13434	292145
L	41176	1389	*	*	*	*	*	192025	*
H	41176	100	99.0	+	0	0	515I100M774I	192025 Even1_16059	192025
H	70578	100	98.0	+	0	0	489I100M851I	192093 Even1_199156	3265161
H	54696	79	97.5	+	0	0	528I79M929I	192133 Even1_46324	24546
L	84229	1444	*	*	*	*	*	4351007	*
H	84229	79	96.2	+	0	0	491I79M874I	192396 Even2_120363	4351007
L	41082	1391	*	*	*	*	*	192504	*
H	41082	90	97.8	+	0	0	515I90M786I	192504 Even3_329615	192504
L	19377	1355	*	*	*	*	*	358939	*
H	19377	77	100.0	+	0	0	510I77M768I	192619 Even2_365339	358939
L	43306	1389	*	*	*	*	*	180606	*
H	43306	76	98.7	+	0	0	521I76M792I	192684 Even1_305050	180606
L	59690	1441	*	*	*	*	*	1928156	*
H	59690	100	99.0	+	0	0	490I100M851I	1928156 Even1_216901	1928156
H	40773	100	99.0	+	0	0	524I100M769I	192818 Even1_76426	194215
L	44245	1391	*	*	*	*	*	175535	*
H	44245	100	98.0	+	0	0	521I100M770I	193233 Even3_359207	175535
L	28324	1387	*	*	*	*	*	294022	*
H	28324	100	100.0	+	0	0	515I100M772I	193235 Even1_117	294022
L	59726	1490	*	*	*	*	*	1932546	*
H	59726	96	100.0	+	0	0	518I96M876I	1932546 Even3_316604	1932546
L	41961	1391	*	*	*	*	*	187835	*
H	41961	93	96.8	+	0	0	515I93M783I	193364 Even2_111768	187835
L	44208	1379	*	*	*	*	*	175751	*
H	44208	100	100.0	+	0	0	504I100M775I	193477 Even3_23786	175751
L	40493	1397	*	*	*	*	*	195508	*
H	40493	100	99.0	+	0	0	527I100M770I	193528 Even1_193035	195508
L	59768	1433	*	*	*	*	*	1935637	*
H	59768	91	100.0	+	0	0	483I91M859I	1935637 Even2_21775	1935637
L	19213	1342	*	*	*	*	*	361811	*
H	19213	76	100.0	+	0	0	482I76M784I	193572 Even2_206849	361811
L	40884	1380	*	*	*	*	*	193667	*
H	40884	100	97.0	+	0	0	512I100M768I	193667 Even3_5598	193667
H	40773	100	99.0	+	0	0	524I100M769I	193679 Even3_527	194215
L	40844	1390	*	*	*	*	*	193863	*
H	40844	100	98.0	+	0	0	515I100M775I	193863 Even1_69797	193863
L	40785	1387	*	*	*	*	*	194129	*
H	40785	100	97.0	+	0	0	510I100M777I	194077 Even1_131759	194129
L	43472	1385	*	*	*	*	*	179692	*
H	43472	100	100.0	+	0	0	511I100M774I	194258 Even2_69820	179692
L	22113	1485	*	*	*	*	*	337580	*
H	22113	83	98.8	+	0	0	516I83M886I	194340 Even3_131846	337580
L	40850	1390	*	*	*	*	*	193846	*
H	40850	78	100.0	+	0	0	514I78M798I	194420 Even3_141374	193846
L	59889	1441	*	*	*	*	*	1944498	*
H	59889	100	100.0	+	0	0	501I100M840I	1944498 Even1_76121	1944498
L	39871	1375	*	*	*	*	*	198910	*
H	39871	90	100.0	+	0	0	506I90M779I	194534 Even1_27791	198910
L	59891	1424	*	*	*	*	*	1945397	*
H	59891	100	98.0	+	0	0	474I100M850I	1945397 Even2_261436	1945397
L	40682	1390	*	*	*	*	*	194615	*
H	40682	79	98.7	+	0	0	515I79M796I	194615 Even3_275595	194615
L	40671	1399	*	*	*	*	*	194667	*
H	40671	100	100.0	+	0	0	527I100M772I	194667 Even2_22112	194667
L	35151	1483	*	*	*	*	*	243677	*
H	35151	82	98.8	+	0	0	518I82M883I	194872 Even1_122802	243677
L	10772	1388	*	*	*	*	*	569818	*
H	10772	94	95.7	+	0	0	515I94M779I	195015 Even1_224292	569818
L	82037	1442	*	*	*	*	*	4328550	*
H	82037	76	100.0	+	0	0	488I76M878I	195028 Even2_216487	4328550
L	40581	1389	*	*	*	*	*	195081	*
H	40581	79	98.7	+	0	0	514I79M796I	195081 Even3_291827	195081
H	56111	100	99.0	+	0	0	522I100M872I	195157 Even2_109074	1992
L	76272	1442	*	*	*	*	*	3997242	*
H	76272	100	99.0	+	0	0	496I100M846I	195258 Even2_74035	3997242
L	88367	1447	*	*	*	*	*	4395096	*
H	88367	81	97.5	+	0	0	511I81M855I	195508 Even1_97878	4395096
L	43550	1397	*	*	*	*	*	179350	*
H	43550	100	100.0	+	0	0	515I100M782I	195674 Even1_44986	179350
L	40464	1378	*	*	*	*	*	195704	*
H	40464	77	97.4	+	0	0	515I77M786I	195704 Even3_257568	195704
L	40416	1391	*	*	*	*	*	195934	*
H	40416	80	98.8	+	0	0	515I80M796I	195934 Even1_288586	195934
L	56988	1447	*	*	*	*	*	1601633	*
H	56988	100	100.0	+	0	0	490I100M857I	196176 Even1_125	1601633
H	69658	100	99.0	+	0	0	500I100M835I	196219 Even1_101292	3154070
L	9777	1358	*	*	*	*	*	577406	*
H	9777	77	100.0	+	0	0	495I77M786I	196249 Even3_12313	577406
L	24609	1389	*	*	*	*	*	319633	*
H	24609	100	99.0	+	0	0	514I100M775I	196286 Even3_126561	319633
L	94027	1341	*	*	*	*	*	4454432	*
H	94027	81	100.0	+	0	0	467I81M793I	196346 Even1_12819	4454432
L	40327	1377	*	*	*	*	*	196391	*
H	40327	100	100.0	+	0	0	509I100M768I	196391 Even2_17442	196391
L	40293	1390	*	*	*	*	*	196604	*
H	40293	100	98.0	+	0	0	525I100M765I	196604 Even1_158428	196604
L	41250	1393	*	*	*	*	*	191658	*
H	41250	93	100.0	+	0	0	517I93M783I	196711 Even1_1403	191658
L	87878	1444	*	*	*	*	*	4390134	*
H	87878	100	99.0	+	0	0	502I100M842I	196769 Even1_9286	4390134
L	39921	1379	*	*	*	*	*	198618	*
H	39921	100	100.0	+	0	0	511I100M768I	196982 Even1_213882	198618
L	43582	1390	*	*	*	*	*	179151	*
H	43582	100	99.0	+	0	0	515I100M775I	197050 Even2_33694	179151
L	40208	1391	*	*	*	*	*	197052	*
H	40208	100	100.0	+	0	0	521I100M770I	197052 Even2_291274	197052
L	40751	1388	*	*	*	*	*	194326	*
H	40751	91	100.0	+	0	0	514I91M783I	197080 Even1_140881	194326
L	25895	1347	*	*	*	*	*	310380	*
H	25895	95	98.9	+	0	0	480I95M772I	197091 Even3_102481	310380
L	20423	1357	*	*	*	*	*	350036	*
H	20423	100	99.0	+	0	0	504I100M753I	197204 Even2_40566	350036
L	20200	1409	*	*	*	*	*	351593	*
H	20200	77	96.1	+	0	0	532I77M800I	197248 Even3_274027	351593
L	56269	1446	*	*	*	*	*	1508541	*
H	56269	100	100.0	+	0	0	503I100M843I	197367 Even3_146	1508541
L	40105	1395	*	*	*	*	*	197537	*
H	40105	84	100.0	+	0	0	525I84M786I	197537 Even2_149814	197537
L	41348	1373	*	*	*	*	*	191153	*
H	41348	95	98.9	+	0	0	504I95M774I	197750 Even3_255518	191153
L	83327	1439	*	*	*	*	*	4341534	*
H	83327	100	97.0	+	0	0	481I100M858I	197765 Even1_63897	4341534
L	27948	1402	*	*	*	*	*	296442	*
H	27948	78	94.9	+	0	0	528I78M796I	197994 Even2_41982	296442
L	42717	1391	*	*	*	*	*	183662	*
H	42717	100	99.0	+	0	0	521I100M770I	198185 Even2_47881	183662
L	42391	1352	*	*	*	*	*	185568	*
H	42391	86	97.7	+	0	0	483I86M783I	198221 Even1_105452	185568
L	71975	1445	*	*	*	*	*	3439403	*
H	71975	81	100.0	+	0	0	504I81M860I	198449 Even1_2105	3439403
L	41160	1381	*	*	*	*	*	192127	*
H	41160	81	98.8	+	0	0	504I81M796I	198468 Even3_387673	192127
L	39947	1406	*	*	*	*	*	198502	*
H	39947	80	97.5	+	0	0	528I80M798I	198502 Even1_214992	198502
L	42249	1387	*	*	*	*	*	186248	*
H	42249	89	98.9	+	0	0	513I89M785I	198587 Even2_74363	186248
L	40415	1373	*	*	*	*	*	195937	*
H	40415	100	100.0	+	0	0	505I100M768I	198636 Even2_153953	195937
L	16908	1402	*	*	*	*	*	514512	*
H	16908	100	99.0	+	0	0	528I100M774I	198786 Even2_29200	514512
L	39891	1402	*	*	*	*	*	198788	*
H	39891	81	98.8	+	0	0	528I81M793I	198788 Even3_23554	198788
L	39876	1512	*	*	*	*	*	198875	*
H	39876	100	100.0	+	0	0	522I100M890I	198875 Even3_22362	198875
L	42921	1391	*	*	*	*	*	182656	*
H	42921	100	99.0	+	0	0	515I100M776I	199036 Even2_13267	182656
H	85035	100	97.0	+	0	0	505I100M846I	199190 Even1_197600	4360055
L	39749	1379	*	*	*	*	*	199528	*
H	39749	100	100.0	+	0	0	504I100M775I	199528 Even3_218512	199528
L	46011	1453	*	*	*	*	*	158908	*
H	46011	81	95.1	+	0	0	506I81M866I	199627 Even1_136871	158908
L	65769	1449	*	*	*	*	*	1142687	*
H	65769	80	97.5	+	0	0	503I80M866I	199716 Even2_93646	1142687
L	62955	1520	*	*	*	*	*	1126691	*
H	62955	100	96.0	+	0	0	532I100M888I	2016098 Even1_119862	1126691
H	46568	100	98.0	+	0	0	501I100M859I	204462 Even1_110419	154822
L	33772	1312	*	*	*	*	*	254116	*
H	33772	81	100.0	+	0	0	457I81M774I	204970 Even2_261006	254116
L	37169	1449	*	*	*	*	*	225073	*
H	37169	83	96.4	+	0	0	497I83M869I	205306 Even2_397179	225073
L	19229	1368	*	*	*	*	*	361507	*
H	19229	81	96.3	+	0	0	508I81M779I	20534 Even3_169174	361507
L	41001	1391	*	*	*	*	*	193006	*
H	41001	100	100.0	+	0	0	516I100M775I	2056702 Even1_47048	193006
L	39955	1369	*	*	*	*	*	198449	*
H	39955	100	99.0	+	0	0	499I100M770I	205904 Even3_359	198449
L	72937	1430	*	*	*	*	*	3562626	*
H	72937	83	97.6	+	0	0	483I83M864I	206233 Even3_138400	3562626
L	39035	1349	*	*	*	*	*	206278	*
H	39035	87	98.9	+	0	0	495I87M767I	206278 Even1_57230	206278
L	60879	1450	*	*	*	*	*	2069039	*
H	60879	100	98.0	+	0	0	505I100M845I	2069039 Even2_172648	2069039
H	26385	100	99.0	+	0	0	504I100M768I	207126 Even2_46822	306633
L	25585	1392	*	*	*	*	*	312325	*
H	25585	82	96.3	+	0	0	516I82M794I	208996 Even3_203750	312325
L	58493	1374	*	*	*	*	*	814114	*
H	58493	100	93.0	+	0	0	500I100M774I	209920 Even2_217418	814114
L	61813	1451	*	*	*	*	*	2185268	*
H	61813	76	100.0	+	0	0	492I76M883I	2101287 Even2_584	2185268
L	85373	1453	*	*	*	*	*	4363553	*
H	85373	93	98.9	+	0	0	492I93M868I	2104368 Even1_9120	4363553
L	38581	1413	*	*	*	*	*	210904	*
H	38581	76	98.7	+	0	0	544I76M793I	210904 Even1_38695	210904
L	61257	1390	*	*	*	*	*	2113291	*
H	61257	81	98.8	+	0	0	422I28MI53M886I	2113291 Even3_109706	2113291
L	35715	1428	*	*	*	*	*	239600	*
H	35715	83	97.6	+	0	0	483I83M862I	211598 Even2_373956	239600
L	52269	1503	*	*	*	*	*	91557	*
H	52269	87	96.6	+	0	0	524I87M892I	2116283 Even2_309866	91557
L	38502	1488	*	*	*	*	*	211706	*
H	38502	100	100.0	+	0	0	524I100M864I	211706 Even3_27865	211706
L	21056	1386	*	*	*	*	*	345303	*
H	21056	82	100.0	+	0	0	515I82M789I	212341 Even3_3885	345303
L	61395	1425	*	*	*	*	*	2128807	*
H	61395	100	99.0	+	0	0	477I80MI20M847I	2128807 Even2_39858	2128807
L	38322	1408	*	*	*	*	*	213804	*
H	38322	78	97.4	+	0	0	540I78M790I	213804 Even1_290157	213804
L	29500	1510	*	*	*	*	*	283225	*
H	29500	76	100.0	+	0	0	537I76M897I	213922 Even1_34527	283225
L	40237	1381	*	*	*	*	*	196935	*
H	40237	76	100.0	+	0	0	513I76M792I	215269 Even1_24369	196935
L	89982	1451	*	*	*	*	*	4412542	*
H	89982	85	100.0	+	0	0	493I85M873I	215670 Even1_5272	4412542
L	22943	1452	*	*	*	*	*	331647	*
H	22943	100	98.0	+	0	0	468I100M884I	217201 Even1_51974	331647
L	64570	1410	*	*	*	*	*	812851	*
H	64570	100	100.0	+	0	0	504I100M806I	217410 Even2_188567	812851
H	12256	81	97.5	+	0	0	528I81M893I	217507 Even1_86675	558081
L	42406	1392	*	*	*	*	*	185486	*
H	42406	100	99.0	+	0	0	515I100M777I	2183213 Even3_140220	185486
L	19659	1377	*	*	*	*	*	355615	*
H	19659	100	96.0	+	0	0	501I100M776I	2185268 Even1_22585	355615
L	41609	1361	*	*	*	*	*	189793	*
H	41609	81	97.5	+	0	0	488I81M792I	2190939 Even3_137684	189793
L	54506	1521	*	*	*	*	*	30168	*
H	54506	76	100.0	+	0	0	518I76M927I	2194872 Even1_385408	30168
L	37652	1472	*	*	*	*	*	220524	*
H	37652	91	100.0	+	0	0	481I91M900I	220524 Even2_69769	220524
L	37639	1391	*	*	*	*	*	220679	*
H	37639	100	98.0	+	0	0	477I100M814I	220679 Even3_333398	220679
L	54626	1460	*	*	*	*	*	27032	*
H	54626	81	100.0	+	0	0	501I81M878I	221361 Even3_2115	27032
L	41837	1389	*	*	*	*	*	188591	*
H	41837	100	99.0	+	0	0	514I100M775I	221784 Even2_26456	188591
L	37498	1525	*	*	*	*	*	221946	*
H	37498	100	98.0	+	0	0	537I100M888I	221946 Even1_322083	221946
L	12878	1498	*	*	*	*	*	553208	*
H	12878	100	99.0	+	0	0	518I100M880I	222043 Even2_48789	553208
L	41151	1394	*	*	*	*	*	192182	*
H	41151	82	100.0	+	0	0	518I82M794I	2220496 Even1_25995	192182
L	37423	1409	*	*	*	*	*	222706	*
H	37423	93	98.9	+	0	0	529I93M787I	222706 Even3_328320	222706
H	40773	93	97.8	+	0	0	524I93M776I	2229500 Even2_316230	194215
L	88344	1431	*	*	*	*	*	4394926	*
H	88344	81	98.8	+	0	0	494I81M856I	223368 Even3_135372	4394926
L	43584	1399	*	*	*	*	*	179148	*
H	43584	82	96.3	+	0	0	528I82M789I	22371 Even3_251321	179148
H	94027	76	100.0	+	0	0	467I76M798I	224155 Even1_89991	4454432
H	43869	83	97.6	+	0	0	517I83M792I	2256432 Even2_203736	177618
L	39244	1382	*	*	*	*	*	203769	*
H	39244	81	96.3	+	0	0	521I81M780I	225920 Even2_6933	203769
H	68116	90	100.0	+	0	0	502I90M862I	2271953 Even3_6529	2957436
L	36812	1455	*	*	*	*	*	228556	*
H	36812	100	100.0	+	0	0	478I100M877I	228556 Even2_78848	228556
L	45270	1486	*	*	*	*	*	165731	*
H	45270	79	97.5	+	0	0	524I79M883I	229462 Even1_53193	165731
L	5495	1485	*	*	*	*	*	744029	*
H	5495	100	100.0	+	0	0	501I100M884I	230213 Even1_41011	744029
H	12878	100	98.0	+	0	0	518I100M880I	2304693 Even1_37930	553208
L	36631	1454	*	*	*	*	*	231205	*
H	36631	100	100.0	+	0	0	476I100M878I	231205 Even2_70633	231205
L	77310	1376	*	*	*	*	*	818286	*
H	77310	80	100.0	+	0	0	499I80M797I	23209 Even2_56034	818286
L	79904	1491	*	*	*	*	*	4306763	*
H	79904	91	95.6	+	0	0	520I91M880I	232319 Even1_60093	4306763
L	13133	1419	*	*	*	*	*	550960	*
H	13133	78	98.7	+	0	0	475I78M866I	2342005 Even2_45119	550960
L	36408	1477	*	*	*	*	*	234488	*
H	36408	100	97.0	+	0	0	502I100M875I	234488 Even2_187536	234488
L	21733	1425	*	*	*	*	*	340298	*
H	21733	100	95.0	+	0	0	451I100M874I	2345806 Even1_350576	340298
L	63149	1446	*	*	*	*	*	2346777	*
H	63149	100	100.0	+	0	0	485I100M861I	2346777 Even1_82622	2346777
L	20181	1396	*	*	*	*	*	351734	*
H	20181	85	97.6	+	0	0	520I85M791I	2354022 Even2_21751	351734
L	82223	1427	*	*	*	*	*	752740	*
H	82223	92	100.0	+	0	0	468I92M867I	236718 Even3_315601	752740
L	94484	1458	*	*	*	*	*	4459146	*
H	94484	80	100.0	+	0	0	506I80M872I	236776 Even1_42621	4459146
L	36142	1481	*	*	*	*	*	236801	*
H	36142	90	100.0	+	0	0	505I90M886I	236801 Even1_138062	236801
L	20569	1408	*	*	*	*	*	349024	*
H	20569	100	100.0	+	0	0	534I100M774I	237444 Even3_41	349024
L	31646	1496	*	*	*	*	*	268101	*
H	31646	81	97.5	+	0	0	518I81M897I	238820 Even1_84328	268101
L	42534	1394	*	*	*	*	*	184725	*
H	42534	100	98.0	+	0	0	524I100M770I	2388617 Even2_223100	184725
L	35762	1416	*	*	*	*	*	239362	*
H	35762	100	99.0	+	0	0	480I100M836I	239362 Even3_26482	239362
L	35711	1416	*	*	*	*	*	239619	*
H	35711	86	100.0	+	0	0	482I86M848I	239619 Even2_183170	239619
L	35640	1476	*	*	*	*	*	240087	*
H	35640	85	98.8	+	0	0	471I85M920I	240087 Even1_12206	240087
L	34524	1526	*	*	*	*	*	248485	*
H	34524	100	99.0	+	0	0	537I100M889I	240687 Even2_75558	248485
L	8636	1413	*	*	*	*	*	585701	*
H	8636	81	98.8	+	0	0	480I81M852I	240810 Even3_49630	585701
L	35237	1386	*	*	*	*	*	243064	*
H	35237	81	97.5	+	0	0	503I81M802I	243064 Even1_55714	243064
L	35049	1490	*	*	*	*	*	244491	*
H	35049	100	100.0	+	0	0	507I100M883I	244491 Even2_80355	244491
L	34968	1527	*	*	*	*	*	245203	*
H	34968	100	99.0	+	0	0	537I100M890I	245203 Even2_321049	245203
L	20615	1490	*	*	*	*	*	348641	*
H	20615	93	97.8	+	0	0	515I93M882I	24546 Even3_4589	348641
H	77227	100	98.0	+	0	0	502I100M832I	246846 Even1_64711	1116679
L	12158	1353	*	*	*	*	*	558911	*
H	12158	76	98.7	+	0	0	496I76M781I	247758 Even3_298420	558911
L	6249	1369	*	*	*	*	*	688259	*
H	6249	87	98.9	+	0	0	496I87M786I	249571 Even3_23658	688259
L	64338	1460	*	*	*	*	*	2499530	*
H	64338	85	98.8	+	0	0	510I85M865I	2499530 Even1_244668	2499530
L	43033	1496	*	*	*	*	*	182065	*
H	43033	100	100.0	+	0	0	516I100M880I	25005 Even2_87410	182065
L	29530	1364	*	*	*	*	*	281938	*
H	29530	82	96.3	+	0	0	506I82M776I	250082 Even1_104153	281938
L	64359	1356	*	*	*	*	*	2502219	*
H	64359	100	100.0	+	0	0	503I100M753I	2502219 Even1_221954	2502219
L	43516	1376	*	*	*	*	*	179526	*
H	43516	84	97.6	+	0	0	500I84M792I	2532173 Even3_280218	179526
L	19889	1390	*	*	*	*	*	353791	*
H	19889	92	100.0	+	0	0	515I92M783I	253380 Even3_312	353791
L	56056	1410	*	*	*	*	*	2534	*
H	56056	100	98.0	+	0	0	504I100M806I	2534 Even1_185262	2534
L	33735	1437	*	*	*	*	*	254336	*
H	33735	86	97.7	+	0	0	468I86M883I	254336 Even2_350841	254336
L	28993	1407	*	*	*	*	*	289925	*
H	28993	83	100.0	+	0	0	533I83M791I	255359 Even2_779	289925
L	40209	1390	*	*	*	*	*	197050	*
H	40209	76	98.7	+	0	0	514I76M800I	2555599 Even3_22708	197050
L	33456	1422	*	*	*	*	*	256400	*
H	33456	78	97.4	+	0	0	461I78M883I	256400 Even1_98759	256400
L	98534	1424	*	*	*	*	*	2569437	*
H	98534	93	98.9	+	0	0	478I93M853I	2569437 Even1_131854	2569437
L	64869	1458	*	*	*	*	*	2571975	*
H	64869	85	97.6	+	0	0	494I85M879I	2571975 Even3_205049	2571975
L	7257	1420	*	*	*	*	*	615907	*
H	7257	85	98.8	+	0	0	459I85M876I	2584634 Even1_21370	615907
L	65041	1512	*	*	*	*	*	2592671	*
H	65041	92	100.0	+	0	0	507I92M913I	2592671 Even1_306009	2592671
L	42465	1389	*	*	*	*	*	185140	*
H	42465	76	97.4	+	0	0	514I76M799I	259494 Even1_95319	185140
L	65126	1428	*	*	*	*	*	2599028	*
H	65126	100	100.0	+	0	0	492I100M836I	2599028 Even1_5520	2599028
L	65135	1436	*	*	*	*	*	2599837	*
H	65135	100	100.0	+	0	0	487I100M849I	2599837 Even3_2059	2599837
L	46058	1449	*	*	*	*	*	158581	*
H	46058	100	98.0	+	0	0	504I100M845I	2612863 Even2_43093	158581
L	32545	1454	*	*	*	*	*	262433	*
H	32545	100	99.0	+	0	0	493I100M861I	262433 Even1_162183	262433
L	32505	1488	*	*	*	*	*	262661	*
H	32505	100	99.0	+	0	0	510I100M878I	262661 Even1_137851	262661
L	51125	1462	*	*	*	*	*	105453	*
H	51125	80	96.2	+	0	0	483I80M899I	263285 Even2_95924	105453
L	32337	1393	*	*	*	*	*	263645	*
H	32337	83	100.0	+	0	0	515I83M795I	263645 Even1_116089	263645
H	92494	76	100.0	+	0	0	484I76M879I	263820 Even2_603	4437917
L	32269	1493	*	*	*	*	*	264036	*
H	32269	76	100.0	+	0	0	527I76M890I	264036 Even3_165939	264036
L	9054	1482	*	*	*	*	*	582813	*
H	9054	100	98.0	+	0	0	496I100M886I	265094 Even3_65762	582813
L	65540	1526	*	*	*	*	*	2651333	*
H	65540	100	100.0	+	0	0	512I100M914I	2651333 Even1_167366	2651333
L	34749	1500	*	*	*	*	*	246846	*
H	34749	82	98.8	+	0	0	508I82M910I	2654261 Even2_13319	246846
L	65570	1438	*	*	*	*	*	2654263	*
H	65570	95	98.9	+	0	0	495I95M848I	2654263 Even2_345965	2654263
L	24193	1481	*	*	*	*	*	322562	*
H	24193	83	100.0	+	0	0	503I83M895I	265563 Even1_61965	322562
L	32008	1420	*	*	*	*	*	265708	*
H	32008	83	98.8	+	0	0	542I83M795I	265708 Even2_163066	265708
L	38411	1494	*	*	*	*	*	212686	*
H	38411	76	100.0	+	0	0	519I76M899I	2663629 Even2_139286	212686
L	25726	1386	*	*	*	*	*	311499	*
H	25726	76	100.0	+	0	0	514I76M796I	267626 Even3_132181	311499
L	32641	1396	*	*	*	*	*	261799	*
H	32641	78	96.2	+	0	0	528I78M790I	268425 Even3_166681	261799
L	65869	1449	*	*	*	*	*	2686590	*
H	65869	100	99.0	+	0	0	493I100M856I	2686590 Even2_118794	2686590
L	17858	1525	*	*	*	*	*	470117	*
H	17858	100	99.0	+	0	0	519I100M906I	268693 Even1_72808	470117
L	31422	1444	*	*	*	*	*	269327	*
H	31422	100	100.0	+	0	0	512I100M832I	269327 Even3_47489	269327
L	31407	1480	*	*	*	*	*	269386	*
H	31407	100	100.0	+	0	0	492I100M888I	269386 Even3_35618	269386
L	68375	1443	*	*	*	*	*	2990145	*
H	68375	76	98.7	+	0	0	495I76M872I	269716 Even3_323008	2990145
L	42889	1396	*	*	*	*	*	182854	*
H	42889	100	98.0	+	0	0	526I100M770I	270094 Even1_196124	182854
L	64959	1365	*	*	*	*	*	2582263	*
H	64959	100	99.0	+	0	0	485I100M780I	27032 Even3_43725	2582263
L	42035	1391	*	*	*	*	*	187399	*
H	42035	83	90.4	+	0	0	513I83M795I	271191 Even1_75679	187399
L	31098	1395	*	*	*	*	*	271259	*
H	31098	93	100.0	+	0	0	526I93M776I	271259 Even1_180353	271259
L	9825	1380	*	*	*	*	*	577082	*
H	9825	82	98.8	+	0	0	507I82M791I	271406 Even2_255803	577082
L	83821	1466	*	*	*	*	*	4346614	*
H	83821	100	100.0	+	0	0	510I100M856I	272150 Even2_59040	4346614
L	30843	1357	*	*	*	*	*	272886	*
H	30843	100	100.0	+	0	0	412I100M845I	272886 Even3_101742	272886
L	46140	1457	*	*	*	*	*	157921	*
H	46140	100	100.0	+	0	0	510I100M847I	2730944 Even3_48	157921
L	22204	1385	*	*	*	*	*	336947	*
H	22204	78	98.7	+	0	0	515I78M792I	273954 Even3_102147	336947
L	27836	1390	*	*	*	*	*	297150	*
H	27836	76	100.0	+	0	0	514I76M800I	274095 Even1_111550	297150
L	89960	1389	*	*	*	*	*	4412230	*
H	89960	90	100.0	+	0	0	520I90M779I	27485 Even2_38471	4412230
L	23917	1384	*	*	*	*	*	324733	*
H	23917	100	97.0	+	0	0	520I100M764I	2750316 Even3_393138	324733
L	30215	1395	*	*	*	*	*	276643	*
H	30215	83	100.0	+	0	0	519I83M793I	276643 Even3_57480	276643
L	77111	1456	*	*	*	*	*	855118	*
H	77111	100	100.0	+	0	0	498I100M858I	276678 Even1_65893	855118
L	47483	1347	*	*	*	*	*	147702	*
H	47483	100	99.0	+	0	0	497I100M750I	2771891 Even2_85696	147702
L	51886	1454	*	*	*	*	*	99400	*
H	51886	100	99.0	+	0	0	501I100M853I	278390 Even1_21772	99400
L	25018	1372	*	*	*	*	*	316675	*
H	25018	79	98.7	+	0	0	498I79M795I	279235 Even2_9845	316675
L	29678	1493	*	*	*	*	*	279297	*
H	29678	100	97.0	+	0	0	513I100M880I	279297 Even1_181550	279297
L	19083	1354	*	*	*	*	*	363856	*
H	19083	87	94.3	+	0	0	494I87M773I	2797559 Even3_342	363856
L	36359	1499	*	*	*	*	*	235262	*
H	36359	89	97.8	+	0	0	487I89M923I	28109 Even3_293453	235262
L	60331	1389	*	*	*	*	*	1108706	*
H	60331	100	100.0	+	0	0	454I100M835I	284014 Even3_50813	1108706
L	43487	1390	*	*	*	*	*	179625	*
H	43487	100	96.0	+	0	0	514I100M776I	2868079 Even3_194562	179625
H	68116	80	97.5	+	0	0	502I80M872I	287645 Even3_72602	2957436
L	21687	1378	*	*	*	*	*	340642	*
H	21687	76	100.0	+	0	0	501I76M801I	287755 Even3_31923	340642
L	27448	1404	*	*	*	*	*	299659	*
H	27448	80	100.0	+	0	0	533I80M791I	287813 Even2_1563	299659
L	60296	1439	*	*	*	*	*	1997391	*
H	60296	76	100.0	+	0	0	493I76M870I	288235 Even3_424	1997391
L	27254	1388	*	*	*	*	*	300716	*
H	27254	100	98.0	+	0	0	512I100M776I	288367 Even1_196732	300716
L	29224	1408	*	*	*	*	*	288417	*
H	29224	100	100.0	+	0	0	533I100M775I	288417 Even1_25883	288417
L	38783	1490	*	*	*	*	*	208972	*
H	38783	100	97.0	+	0	0	526I100M864I	288889 Even2_19221	208972
L	29153	1375	*	*	*	*	*	288930	*
H	29153	100	100.0	+	0	0	506I100M769I	288930 Even1_1367	288930
L	42308	1391	*	*	*	*	*	185949	*
H	42308	93	98.9	+	0	0	515I93M783I	288955 Even3_9730	185949
L	41469	1383	*	*	*	*	*	190526	*
H	41469	83	97.6	+	0	0	524I70MI13M775I	289257 Even3_9539	190526
L	36978	1474	*	*	*	*	*	226626	*
H	36978	80	98.8	+	0	0	499I80M895I	289622 Even3_395	226626
L	27509	1403	*	*	*	*	*	299267	*
H	27509	100	98.0	+	0	0	526I100M777I	289709 Even3_297431	299267
L	7142	1351	*	*	*	*	*	624257	*
H	7142	100	98.0	+	0	0	412I100M839I	289725 Even3_322479	624257
L	41937	1376	*	*	*	*	*	187980	*
H	41937	82	98.8	+	0	0	514I82M780I	289748 Even1_82058	187980
L	27397	1407	*	*	*	*	*	299918	*
H	27397	80	98.8	+	0	0	533I80M794I	289925 Even3_4181	299918
H	29330	78	98.7	+	0	0	500I78M797I	289929 Even3_338047	287755
L	67651	1423	*	*	*	*	*	2902741	*
H	67651	100	100.0	+	0	0	488I100M835I	2902741 Even1_166211	2902741
L	95341	1451	*	*	*	*	*	4468506	*
H	95341	100	99.0	+	0	0	492I100M859I	290362 Even3_1675	4468506
L	28899	1367	*	*	*	*	*	290468	*
H	28899	100	100.0	+	0	0	513I100M754I	290468 Even1_10169	290468
L	28853	1408	*	*	*	*	*	290735	*
H	28853	89	100.0	+	0	0	533I78MI11M785I	290735 Even1_90101	290735
L	79925	1394	*	*	*	*	*	4306836	*
H	79925	83	98.8	+	0	0	521I83M790I	290759 Even3_59706	4306836
L	23356	1375	*	*	*	*	*	328628	*
H	23356	80	93.8	+	0	0	499I80M796I	290900 Even2_333502	328628
L	42087	1380	*	*	*	*	*	187150	*
H	42087	76	98.7	+	0	0	511I76M793I	291266 Even3_362188	187150
L	81770	1393	*	*	*	*	*	4325725	*
H	81770	100	98.0	+	0	0	451I100M842I	291267 Even2_34138	4325725
L	67754	1399	*	*	*	*	*	2915091	*
H	67754	82	100.0	+	0	0	488I82M829I	2915091 Even3_14443	2915091
H	19083	100	98.0	+	0	0	494I100M760I	291794 Even3_91487	363856
L	23210	1366	*	*	*	*	*	329693	*
H	23210	100	99.0	+	0	0	528I100M738I	292041 Even3_29896	329693
L	26839	1392	*	*	*	*	*	303226	*
H	26839	76	100.0	+	0	0	516I76M800I	292085 Even1_205785	303226
L	26150	1390	*	*	*	*	*	308338	*
H	26150	88	100.0	+	0	0	515I88M787I	292216 Even2_64800	308338
L	30929	1361	*	*	*	*	*	272361	*
H	30929	77	96.1	+	0	0	502I77M782I	292255 Even1_145147	272361
L	28590	1397	*	*	*	*	*	292260	*
H	28590	100	99.0	+	0	0	525I100M772I	292260 Even3_73638	292260
L	38345	1366	*	*	*	*	*	213522	*
H	38345	91	97.8	+	0	0	460I91M815I	292289 Even2_186192	213522
L	71597	1454	*	*	*	*	*	3393191	*
H	71597	100	100.0	+	0	0	494I100M860I	292399 Even1_8	3393191
L	28542	1499	*	*	*	*	*	292521	*
H	28542	91	100.0	+	0	0	498I91M910I	292521 Even3_57807	292521
L	21846	1397	*	*	*	*	*	339457	*
H	21846	84	98.8	+	0	0	526I84M787I	292634 Even3_378602	339457
L	25477	1401	*	*	*	*	*	313121	*
H	25477	100	98.0	+	0	0	528I100M773I	292921 Even1_12	313121
L	70861	1437	*	*	*	*	*	3301187	*
H	70861	100	98.0	+	0	0	484I100M853I	2932151 Even3_312344	3301187
L	17390	1386	*	*	*	*	*	511008	*
H	17390	84	100.0	+	0	0	507I84M795I	293600 Even2_594	511008
L	42595	1383	*	*	*	*	*	184322	*
H	42595	79	98.7	+	0	0	515I79M789I	293886 Even3_9254	184322
L	41167	1390	*	*	*	*	*	192071	*
H	41167	92	98.9	+	0	0	515I92M783I	294022 Even3_31230	192071
L	76390	1456	*	*	*	*	*	4008139	*
H	76390	92	98.9	+	0	0	493I92M871I	294353 Even3_28073	4008139
L	26659	1390	*	*	*	*	*	304568	*
H	26659	100	100.0	+	0	0	515I100M775I	294440 Even1_4308	304568
L	28228	1380	*	*	*	*	*	294708	*
H	28228	95	100.0	+	0	0	504I95M781I	294708 Even2_349142	294708
L	28148	1392	*	*	*	*	*	295205	*
H	28148	76	100.0	+	0	0	516I76M800I	295205 Even2_33827	295205
L	28146	1392	*	*	*	*	*	295250	*
H	28146	77	98.7	+	0	0	515I77M800I	295250 Even2_227416	295250
H	92494	78	98.7	+	0	0	484I78M877I	295361 Even1_114438	4437917
L	28099	1396	*	*	*	*	*	295554	*
H	28099	100	100.0	+	0	0	524I100M772I	295554 Even2_79390	295554
L	40490	1392	*	*	*	*	*	195522	*
H	40490	95	100.0	+	0	0	516I95M781I	295737 Even1_3580	195522
L	24669	1390	*	*	*	*	*	319165	*
H	24669	93	100.0	+	0	0	515I93M782I	2957436 Even1_371	319165
L	33868	1489	*	*	*	*	*	253380	*
H	33868	91	98.9	+	0	0	507I91M891I	296010 Even2_12128	253380
L	23118	1390	*	*	*	*	*	330414	*
H	23118	91	97.8	+	0	0	515I91M784I	296103 Even2_107261	330414
L	4878	1444	*	*	*	*	*	788593	*
H	4878	76	98.7	+	0	0	516I76M852I	296222 Even1_237639	788593
L	52526	1414	*	*	*	*	*	85614	*
H	52526	100	95.0	+	0	0	504I100M810I	296358 Even1_93546	85614
L	27952	1381	*	*	*	*	*	296420	*
H	27952	100	100.0	+	0	0	507I100M774I	296420 Even2_104624	296420
L	16746	1400	*	*	*	*	*	516464	*
H	16746	85	96.5	+	0	0	528I85M787I	296442 Even1_290913	516464
L	27881	1390	*	*	*	*	*	296872	*
H	27881	100	100.0	+	0	0	515I100M775I	296872 Even2_164169	296872
H	67802	100	99.0	+	0	0	490I100M848I	297057 Even3_50565	2920309
L	27829	1392	*	*	*	*	*	297182	*
H	27829	100	100.0	+	0	0	516I100M776I	297182 Even1_22282	297182
L	20985	1401	*	*	*	*	*	345899	*
H	20985	88	100.0	+	0	0	528I88M785I	297414 Even1_60725	345899
L	76676	1377	*	*	*	*	*	777944	*
H	76676	83	97.6	+	0	0	512I83M782I	297529 Even1_316393	777944
L	41678	1390	*	*	*	*	*	189396	*
H	41678	84	98.8	+	0	0	515I84M791I	297641 Even3_8630	189396
L	82826	1440	*	*	*	*	*	4336731	*
H	82826	93	100.0	+	0	0	476I93M871I	297643 Even2_1760	4336731
L	9687	1438	*	*	*	*	*	578401	*
H	9687	100	98.0	+	0	0	509I100M829I	297771 Even1_45282	578401
L	21230	1390	*	*	*	*	*	344114	*
H	21230	100	100.0	+	0	0	515I100M775I	297917 Even1_285	344114
L	68298	1468	*	*	*	*	*	2979308	*
H	68298	84	98.8	+	0	0	510I84M874I	2979308 Even3_386188	2979308
H	28991	100	96.0	+	0	0	515I100M775I	298379 Even2_139195	289929
L	42773	1394	*	*	*	*	*	183414	*
H	42773	100	95.0	+	0	0	517I100M777I	298557 Even3_222616	183414
L	41159	1389	*	*	*	*	*	192133	*
H	41159	93	97.8	+	0	0	514I93M782I	298562 Even2_209967	192133
L	68393	1413	*	*	*	*	*	2990918	*
H	68393	76	98.7	+	0	0	477I76M860I	2990918 Even2_141216	2990918
H	79925	77	97.4	+	0	0	521I77M796I	299151 Even3_195277	4306836
L	27407	1399	*	*	*	*	*	299882	*
H	27407	81	100.0	+	0	0	527I81M791I	299882 Even3_29073	299882
L	27357	1389	*	*	*	*	*	300222	*
H	27357	77	100.0	+	0	0	514I77M798I	300222 Even2_183844	300222
L	32273	1391	*	*	*	*	*	264009	*
H	32273	84	100.0	+	0	0	514I84M793I	300517 Even2_6311	264009
L	27267	1382	*	*	*	*	*	300662	*
H	27267	100	97.0	+	0	0	507I100M775I	300662 Even3_55830	300662
L	42155	1392	*	*	*	*	*	186804	*
H	42155	91	97.8	+	0	0	514I91M787I	300672 Even2_91372	186804
H	96557	76	98.7	+	0	0	501I76M781I	300695 Even3_390832	4480861
L	50517	1522	*	*	*	*	*	110944	*
H	50517	79	100.0	+	0	0	514I79M929I	300716 Even3_891	110944
L	27251	1403	*	*	*	*	*	300729	*
H	27251	100	100.0	+	0	0	524I100M779I	300729 Even1_61505	300729
L	65961	1439	*	*	*	*	*	2700687	*
H	65961	77	98.7	+	0	0	495I77M867I	300766 Even3_8674	2700687
H	28010	81	98.8	+	0	0	515I81M794I	301033 Even1_338276	296103
L	23310	1365	*	*	*	*	*	328936	*
H	23310	96	99.0	+	0	0	526I96M743I	301253 Even1_3058	328936
L	41798	1390	*	*	*	*	*	188840	*
H	41798	84	97.6	+	0	0	515I84M791I	301306 Even3_95035	188840
L	46806	1404	*	*	*	*	*	152859	*
H	46806	100	98.0	+	0	0	474I38MD61M831I	3015659 Even2_276490	152859
H	32870	96	99.0	+	0	0	528I96M775I	301578 Even2_55163	260410
L	27088	1396	*	*	*	*	*	301608	*
H	27088	100	100.0	+	0	0	522I100M774I	301608 Even1_4274	301608
L	27062	1371	*	*	*	*	*	301765	*
H	27062	100	98.0	+	0	0	497I100M774I	301765 Even1_305535	301765
H	4878	100	99.0	+	0	0	516I100M828I	3020733 Even1_60975	788593
L	62061	1451	*	*	*	*	*	2210028	*
H	62061	100	95.0	+	0	0	492I100M859I	3021821 Even2_287526	2210028
L	27714	1390	*	*	*	*	*	297917	*
H	27714	80	96.2	+	0	0	515I80M795I	302395 Even3_78389	297917
L	27268	1407	*	*	*	*	*	300658	*
H	27268	100	97.0	+	0	0	533I100M774I	302919 Even2_33917	300658
L	26855	1414	*	*	*	*	*	303161	*
H	26855	81	100.0	+	0	0	534I17MI64M798I	303161 Even1_107390	303161
L	40808	1390	*	*	*	*	*	194041	*
H	40808	76	100.0	+	0	0	515I76M799I	303169 Even2_71	194041
L	49775	1354	*	*	*	*	*	120281	*
H	49775	76	98.7	+	0	0	495I76M783I	303452 Even2_275912	120281
H	21391	93	97.8	+	0	0	495I93M773I	303864 Even1_115493	342844
L	42150	1396	*	*	*	*	*	186841	*
H	42150	88	98.9	+	0	0	527I88M781I	304047 Even2_240926	186841
L	25863	1340	*	*	*	*	*	310574	*
H	25863	85	98.8	+	0	0	484I85M771I	304568 Even2_118420	310574
L	68856	1494	*	*	*	*	*	3047667	*
H	68856	100	100.0	+	0	0	526I100M868I	3047667 Even2_176625	3047667
L	42199	1391	*	*	*	*	*	186549	*
H	42199	100	96.0	+	0	0	517I100M774I	304871 Even3_50919	186549
L	24533	1392	*	*	*	*	*	320197	*
H	24533	78	98.7	+	0	0	516I78M798I	305272 Even1_274123	320197
H	42308	76	100.0	+	0	0	515I76M800I	305329 Even2_3078	185949
L	26468	1437	*	*	*	*	*	305982	*
H	26468	100	100.0	+	0	0	473I100M864I	305982 Even1_97579	305982
L	47453	1351	*	*	*	*	*	147981	*
H	47453	88	96.6	+	0	0	493I88M770I	306368 Even1_126509	147981
L	70323	1437	*	*	*	*	*	3236435	*
H	70323	80	97.5	+	0	0	487I80M870I	306633 Even1_112708	3236435
L	16552	1401	*	*	*	*	*	518820	*
H	16552	100	98.0	+	0	0	528I100M773I	307571 Even2_270932	518820
L	26223	1522	*	*	*	*	*	307872	*
H	26223	84	98.8	+	0	0	541I84M897I	307872 Even1_375928	307872
L	53048	1528	*	*	*	*	*	73371	*
H	53048	82	100.0	+	0	0	517I82M929I	308426 Even3_1562	73371
L	7082	1406	*	*	*	*	*	628226	*
H	7082	100	100.0	+	0	0	480I100M826I	308502 Even2_27716	628226
L	26114	1445	*	*	*	*	*	308629	*
H	26114	100	98.0	+	0	0	459I100M886I	308629 Even3_270775	308629
L	69149	1460	*	*	*	*	*	3088282	*
H	69149	79	98.7	+	0	0	494I79M887I	3088282 Even1_387247	3088282
L	25979	1379	*	*	*	*	*	309696	*
H	25979	100	100.0	+	0	0	507I100M772I	309696 Even3_83568	309696
H	27251	81	96.3	+	0	0	524I81M798I	3101394 Even2_321600	300729
H	49824	82	98.8	+	0	0	515I82M885I	310380 Even2_674	115049
L	43840	1390	*	*	*	*	*	177758	*
H	43840	76	98.7	+	0	0	515I76M799I	310608 Even3_94503	177758
L	25853	1389	*	*	*	*	*	310669	*
H	25853	93	97.8	+	0	0	517I93M779I	310669 Even3_327998	310669
L	76302	1493	*	*	*	*	*	792436	*
H	76302	79	97.5	+	0	0	517I79M897I	311423 Even2_178909	792436
L	72050	1439	*	*	*	*	*	3450454	*
H	72050	91	97.8	+	0	0	484I91M864I	311704 Even2_313721	3450454
L	25646	1355	*	*	*	*	*	311950	*
H	25646	100	100.0	+	0	0	504I100M751I	311950 Even1_56926	311950
L	42616	1397	*	*	*	*	*	184209	*
H	42616	100	99.0	+	0	0	525I100M772I	312140 Even1_22955	184209
L	23799	1390	*	*	*	*	*	325586	*
H	23799	79	98.7	+	0	0	515I79M796I	312325 Even3_32041	325586
L	25548	1356	*	*	*	*	*	312586	*
H	25548	100	99.0	+	0	0	498I100M758I	312586 Even3_15693	312586
L	20457	1353	*	*	*	*	*	349809	*
H	20457	78	98.7	+	0	0	501I78M774I	312770 Even2_299647	349809
L	21769	1391	*	*	*	*	*	340025	*
H	21769	79	98.7	+	0	0	516I79M796I	313086 Even2_19783	340025
L	25478	1382	*	*	*	*	*	313106	*
H	25478	80	97.5	+	0	0	502I80M800I	313106 Even3_136924	313106
L	27419	1396	*	*	*	*	*	299830	*
H	27419	91	97.8	+	0	0	525I91M780I	313121 Even2_29545	299830
H	42103	76	98.7	+	0	0	499I76M802I	313423 Even1_145247	187050
L	16740	1366	*	*	*	*	*	516553	*
H	16740	82	100.0	+	0	0	517I82M767I	313593 Even2_48992	516553
L	42027	1394	*	*	*	*	*	187443	*
H	42027	86	95.3	+	0	0	523I86M785I	3141094 Even1_212388	187443
H	84501	83	97.6	+	0	0	523I83M786I	3148447 Even1_312306	4354041
L	69685	1323	*	*	*	*	*	3156804	*
H	69685	100	99.0	+	0	0	418I100M805I	3156804 Even1_120358	3156804
L	10994	1355	*	*	*	*	*	567960	*
H	10994	93	98.9	+	0	0	491I93M771I	3166216 Even2_335245	567960
L	40049	1399	*	*	*	*	*	197924	*
H	40049	100	98.0	+	0	0	525I100M774I	316761 Even2_25494	197924
L	19196	1378	*	*	*	*	*	362037	*
H	19196	76	100.0	+	0	0	514I76M788I	317205 Even2_15936	362037
L	45755	1462	*	*	*	*	*	160830	*
H	45755	83	100.0	+	0	0	507I83M872I	3173413 Even2_241575	160830
L	62902	1515	*	*	*	*	*	825808	*
H	62902	79	97.5	+	0	0	505I79M931I	3177392 Even1_22478	825808
L	24808	1411	*	*	*	*	*	318184	*
H	24808	81	98.8	+	0	0	418I81M912I	318184 Even2_151506	318184
L	24764	1388	*	*	*	*	*	318445	*
H	24764	77	100.0	+	0	0	511I57MI20M799I	318445 Even1_138385	318445
L	24763	1390	*	*	*	*	*	318446	*
H	24763	100	98.0	+	0	0	515I100M775I	318446 Even2_27520	318446
L	51482	1531	*	*	*	*	*	102794	*
H	51482	76	94.7	+	0	0	517I76M938I	319165 Even2_384826	102794
L	24655	1392	*	*	*	*	*	319262	*
H	24655	100	98.0	+	0	0	517I100M775I	319262 Even1_344997	319262
L	22784	1360	*	*	*	*	*	332732	*
H	22784	100	100.0	+	0	0	508I100M752I	319621 Even1_254	332732
L	69832	1368	*	*	*	*	*	842594	*
H	69832	100	99.0	+	0	0	510I100M758I	319680 Even2_140631	842594
L	24573	1381	*	*	*	*	*	319870	*
H	24573	100	99.0	+	0	0	508I100M773I	319870 Even1_288	319870
L	41135	1397	*	*	*	*	*	192228	*
H	41135	83	97.6	+	0	0	515I83M799I	319938 Even3_161270	192228
L	41286	1393	*	*	*	*	*	191487	*
H	41286	100	99.0	+	0	0	521I100M772I	320120 Even1_33125	191487
L	22725	1392	*	*	*	*	*	333166	*
H	22725	76	98.7	+	0	0	516I76M800I	3203801 Even1_106354	333166
L	24490	1390	*	*	*	*	*	320430	*
H	24490	100	100.0	+	0	0	515I100M775I	320430 Even3_4520	320430
H	8870	76	100.0	+	0	0	515I76M788I	320557 Even1_13208	583974
L	24441	1391	*	*	*	*	*	320786	*
H	24441	100	99.0	+	0	0	516I100M775I	320786 Even1_24174	320786
H	84501	100	97.0	+	0	0	523I100M769I	3211875 Even1_72426	4354041
L	67903	1442	*	*	*	*	*	2932151	*
H	67903	93	98.9	+	0	0	483I93M866I	321693 Even1_228046	2932151
L	87177	1393	*	*	*	*	*	4382476	*
H	87177	83	97.6	+	0	0	522I55MI28M787I	321875 Even2_293401	4382476
L	43108	1389	*	*	*	*	*	181718	*
H	43108	76	98.7	+	0	0	515I76M798I	322087 Even1_245705	181718
L	70265	1444	*	*	*	*	*	3228684	*
H	70265	100	100.0	+	0	0	491I100M853I	3228684 Even1_15182	3228684
H	13133	100	100.0	+	0	0	475I100M844I	3232397 Even2_5	550960
L	11948	1480	*	*	*	*	*	560535	*
H	11948	78	97.4	+	0	0	504I78M898I	3236435 Even3_258100	560535
L	15952	1377	*	*	*	*	*	526982	*
H	15952	100	99.0	+	0	0	506I100M771I	323794 Even1_147128	526982
L	63630	1357	*	*	*	*	*	812831	*
H	63630	100	100.0	+	0	0	475I100M782I	3243803 Even1_21019	812831
L	87987	1451	*	*	*	*	*	4390966	*
H	87987	100	100.0	+	0	0	485I100M866I	3244671 Even3_78	4390966
L	23759	1464	*	*	*	*	*	325796	*
H	23759	100	97.0	+	0	0	492I100M872I	325796 Even1_331257	325796
L	41509	1388	*	*	*	*	*	190301	*
H	41509	76	100.0	+	0	0	517I76M795I	326113 Even3_14053	190301
L	23578	1355	*	*	*	*	*	327076	*
H	23578	100	100.0	+	0	0	488I100M767I	326430 Even3_55	327076
H	23641	100	100.0	+	0	0	508I100M770I	326626 Even1_57361	326626
L	45350	1507	*	*	*	*	*	164789	*
H	45350	76	96.1	+	0	0	526I76M905I	3267277 Even2_300880	164789
L	21623	1359	*	*	*	*	*	341054	*
H	21623	76	100.0	+	0	0	486I76M797I	326850 Even3_9	341054
L	20333	1345	*	*	*	*	*	350626	*
H	20333	78	97.4	+	0	0	504I78M763I	326865 Even1_341683	350626
L	70639	1437	*	*	*	*	*	3270631	*
H	70639	82	100.0	+	0	0	474I82M881I	3270631 Even1_88683	3270631
L	19702	1374	*	*	*	*	*	355269	*
H	19702	76	98.7	+	0	0	516I76M782I	327076 Even1_91531	355269
L	63136	1320	*	*	*	*	*	2345806	*
H	63136	100	98.0	+	0	0	400I100M820I	327536 Even1_99813	2345806
L	70678	1523	*	*	*	*	*	3276016	*
H	70678	79	100.0	+	0	0	509I79M935I	3276016 Even1_25487	3276016
L	92147	1413	*	*	*	*	*	4434334	*
H	92147	100	99.0	+	0	0	463I100M850I	327756 Even2_49458	4434334
L	23465	1409	*	*	*	*	*	327851	*
H	23465	100	100.0	+	0	0	535I100M774I	327851 Even1_3527	327851
L	21590	1493	*	*	*	*	*	341259	*
H	21590	96	100.0	+	0	0	513I96M884I	328095 Even1_147835	341259
H	23380	80	100.0	+	0	0	533I80M891I	328458 Even1_102236	328458
H	69832	100	98.0	+	0	0	510I100M758I	328466 Even2_168209	842594
L	91671	1452	*	*	*	*	*	4429536	*
H	91671	78	100.0	+	0	0	501I78M873I	328747 Even2_142748	4429536
L	20881	1357	*	*	*	*	*	346666	*
H	20881	79	98.7	+	0	0	486I79M792I	328836 Even3_68742	346666
L	38160	1493	*	*	*	*	*	215670	*
H	38160	100	98.0	+	0	0	528I100M865I	328936 Even1_14451	215670
H	23217	84	98.8	+	0	0	515I84M792I	329662 Even3_94318	329662
L	23188	1491	*	*	*	*	*	329817	*
H	23188	100	99.0	+	0	0	518I100M873I	329817 Even2_105218	329817
H	83327	100	97.0	+	0	0	481I100M858I	330116 Even2_1431	4341534
L	43247	1390	*	*	*	*	*	180903	*
H	43247	100	99.0	+	0	0	515I100M775I	3301187 Even2_67775	180903
L	23028	1483	*	*	*	*	*	331093	*
H	23028	76	97.4	+	0	0	505I76M902I	331093 Even1_248307	331093
L	32341	1396	*	*	*	*	*	263612	*
H	32341	76	100.0	+	0	0	519I76M801I	331491 Even1_6589	263612
L	69924	1455	*	*	*	*	*	3186388	*
H	69924	92	97.8	+	0	0	499I92M864I	3318103 Even1_74206	3186388
H	25585	77	100.0	+	0	0	516I77M799I	332168 Even2_13635	312325
L	22323	1384	*	*	*	*	*	336145	*
H	22323	76	97.4	+	0	0	508I76M800I	332303 Even3_312015	336145
L	92292	1490	*	*	*	*	*	4435922	*
H	92292	80	98.8	+	0	0	518I80M892I	332326 Even3_217361	4435922
H	21230	80	98.8	+	0	0	515I80M795I	332500 Even1_88803	344114
H	60296	100	98.0	+	0	0	493I100M846I	332718 Even1_55890	1997391
L	72089	1493	*	*	*	*	*	837640	*
H	72089	81	97.5	+	0	0	485I81M927I	332764 Even1_8070	837640
L	78796	1464	*	*	*	*	*	4295775	*
H	78796	80	96.2	+	0	0	506I80M878I	332935 Even2_31266	4295775
L	23148	1398	*	*	*	*	*	330201	*
H	23148	83	97.6	+	0	0	521I83M794I	333341 Even2_89202	330201
L	62368	1447	*	*	*	*	*	2250345	*
H	62368	78	97.4	+	0	0	524I78M845I	333351 Even3_125573	2250345
L	90717	1516	*	*	*	*	*	4419617	*
H	90717	100	97.0	+	0	0	511I100M905I	3333615 Even2_57169	4419617
L	22686	1392	*	*	*	*	*	333412	*
H	22686	80	100.0	+	0	0	519I80M793I	333412 Even1_42591	333412
L	71150	1511	*	*	*	*	*	3334374	*
H	71150	91	98.9	+	0	0	527I91M893I	3334374 Even3_91039	3334374
H	27714	82	98.8	+	0	0	515I82M793I	333580 Even3_49362	297917
L	22629	1379	*	*	*	*	*	333859	*
H	22629	100	100.0	+	0	0	508I100M771I	333859 Even2_4939	333859
L	41545	1380	*	*	*	*	*	190107	*
H	41545	85	98.8	+	0	0	500I85M795I	333949 Even3_260305	190107
L	62619	1360	*	*	*	*	*	1029036	*
H	62619	76	93.4	+	0	0	506I76M778I	3349140 Even1_272856	1029036
H	9825	85	97.6	+	0	0	507I85M788I	335212 Even2_222688	577082
L	22392	1370	*	*	*	*	*	335670	*
H	22392	100	100.0	+	0	0	501I100M769I	335670 Even2_37945	335670
L	20841	1366	*	*	*	*	*	346938	*
H	20841	85	97.6	+	0	0	528I85M753I	336372 Even2_371893	346938
L	86914	1490	*	*	*	*	*	4379957	*
H	86914	78	98.7	+	0	0	513I78M899I	336528 Even2_7806	4379957
H	22204	76	98.7	+	0	0	515I76M794I	336947 Even1_299725	336947
L	7822	1513	*	*	*	*	*	591518	*
H	7822	77	98.7	+	0	0	545I77M891I	337365 Even1_371234	591518
H	29330	76	98.7	+	0	0	500I76M799I	337580 Even1_115216	287755
H	46140	81	98.8	+	0	0	510I81M866I	338226 Even1_316712	157921
L	22003	1391	*	*	*	*	*	338355	*
H	22003	100	100.0	+	0	0	515I100M776I	338355 Even3_54375	338355
L	93502	1446	*	*	*	*	*	4449055	*
H	93502	85	98.8	+	0	0	501I85M860I	338726 Even1_250839	4449055
L	21950	1395	*	*	*	*	*	338756	*
H	21950	85	97.6	+	0	0	524I85M786I	338756 Even3_367231	338756
H	20841	84	98.8	+	0	0	528I84M754I	339221 Even1_313813	346938
L	26262	1393	*	*	*	*	*	307638	*
H	26262	79	100.0	+	0	0	517I79M797I	3392840 Even3_89016	307638
L	17096	1395	*	*	*	*	*	513003	*
H	17096	82	97.6	+	0	0	523I82M790I	339457 Even2_63071	513003
H	18947	76	98.7	+	0	0	526I76M787I	339622 Even3_125954	366386
L	87087	1427	*	*	*	*	*	4381553	*
H	87087	100	99.0	+	0	0	513I100M814I	340474 Even1_37806	4381553
L	21699	1363	*	*	*	*	*	340547	*
H	21699	100	99.0	+	0	0	506I100M757I	340547 Even3_34754	340547
H	21687	100	99.0	+	0	0	501I100M777I	340642 Even3_33931	340642
L	41010	1391	*	*	*	*	*	192952	*
H	41010	95	98.9	+	0	0	516I56MI39M779I	340759 Even1_161167	192952
L	75278	1446	*	*	*	*	*	3868447	*
H	75278	100	100.0	+	0	0	486I100M860I	340761 Even1_496	3868447
L	47712	1352	*	*	*	*	*	145801	*
H	47712	100	100.0	+	0	0	500I100M752I	3413566 Even1_1	145801
L	94493	1495	*	*	*	*	*	4459184	*
H	94493	78	98.7	+	0	0	515I78M902I	341427 Even3_20130	4459184
H	68116	92	98.9	+	0	0	502I92M860I	341622 Even2_261239	2957436
L	40822	1393	*	*	*	*	*	193972	*
H	40822	100	97.0	+	0	0	518I100M775I	341930 Even3_22711	193972
L	92304	1434	*	*	*	*	*	4436046	*
H	92304	93	96.8	+	0	0	477I93M864I	342110 Even2_15074	4436046
L	21443	1338	*	*	*	*	*	342487	*
H	21443	77	100.0	+	0	0	502I77M759I	342487 Even1_7274	342487
L	40482	1398	*	*	*	*	*	195574	*
H	40482	81	100.0	+	0	0	526I81M791I	342638 Even1_2264	195574
L	21421	1397	*	*	*	*	*	342666	*
H	21421	100	97.0	+	0	0	524I100M773I	342666 Even1_146363	342666
L	21403	1384	*	*	*	*	*	342777	*
H	21403	84	98.8	+	0	0	508I84M792I	342777 Even3_86682	342777
H	42823	85	98.8	+	0	0	515I85M787I	342844 Even3_293823	183139
L	21326	1496	*	*	*	*	*	343354	*
H	21326	100	99.0	+	0	0	522I100M874I	343354 Even1_6581	343354
L	21291	1392	*	*	*	*	*	343630	*
H	21291	82	100.0	+	0	0	516I82M794I	343630 Even3_31948	343630
H	42823	79	97.5	+	0	0	515I79M793I	343667 Even3_139992	183139
L	58195	1467	*	*	*	*	*	1746913	*
H	58195	76	100.0	+	0	0	506I76M885I	3440955 Even2_11472	1746913
H	92160	92	97.8	+	0	0	489I92M869I	344118 Even3_183161	4434514
L	28600	1390	*	*	*	*	*	292216	*
H	28600	76	97.4	+	0	0	515I76M799I	344198 Even3_269690	292216
L	43726	1406	*	*	*	*	*	178387	*
H	43726	80	100.0	+	0	0	528I80M798I	344318 Even2_3939	178387
L	55530	1421	*	*	*	*	*	9727	*
H	55530	92	98.9	+	0	0	473I92M856I	3443818 Even3_138232	9727
L	53211	1445	*	*	*	*	*	70346	*
H	53211	100	100.0	+	0	0	524I100M821I	3447863 Even3_2244	70346
H	41578	100	99.0	+	0	0	517I100M775I	345176 Even2_355238	189914
L	21062	1366	*	*	*	*	*	345246	*
H	21062	81	100.0	+	0	0	490I81M795I	345246 Even2_39436	345246
L	82677	1453	*	*	*	*	*	4335484	*
H	82677	85	98.8	+	0	0	484I85M884I	345303 Even3_8424	4335484
L	27639	1399	*	*	*	*	*	298451	*
H	27639	76	100.0	+	0	0	528I76M795I	345899 Even1_3866	298451
L	45653	1474	*	*	*	*	*	161423	*
H	45653	100	100.0	+	0	0	507I100M867I	3465233 Even1_56199	161423
L	20877	1388	*	*	*	*	*	346689	*
H	20877	100	100.0	+	0	0	515I100M773I	346689 Even2_21829	346689
H	17096	76	98.7	+	0	0	523I76M796I	346938 Even1_366259	513003
L	72244	1399	*	*	*	*	*	3475269	*
H	72244	100	98.0	+	0	0	477I8MI11MI81M820I	3475269 Even3_23963	3475269
L	20721	1380	*	*	*	*	*	347801	*
H	20721	76	98.7	+	0	0	504I76M800I	347801 Even1_93279	347801
L	26272	1400	*	*	*	*	*	307571	*
H	26272	77	98.7	+	0	0	528I77M795I	347875 Even2_108050	307571
L	20699	1333	*	*	*	*	*	347965	*
H	20699	100	100.0	+	0	0	487I100M746I	347965 Even3_944	347965
H	20615	80	97.5	+	0	0	515I80M895I	348641 Even1_11162	348641
L	44276	1380	*	*	*	*	*	175367	*
H	44276	93	100.0	+	0	0	505I93M782I	348748 Even2_3211	175367
L	42650	1386	*	*	*	*	*	183969	*
H	42650	92	100.0	+	0	0	517I92M777I	349482 Even1_327	183969
L	20462	1402	*	*	*	*	*	349786	*
H	20462	77	98.7	+	0	0	529I77M796I	349786 Even1_270653	349786
L	20461	1382	*	*	*	*	*	349789	*
H	20461	77	98.7	+	0	0	507I77M798I	349789 Even1_333000	349789
L	20436	1481	*	*	*	*	*	349934	*
H	20436	100	100.0	+	0	0	502I100M879I	349934 Even3_24424	349934
H	17096	76	98.7	+	0	0	523I76M796I	350627 Even3_67217	513003
H	905	76	97.4	+	0	0	446I76M858I	350832 Even1_312009	1063126
L	41065	1392	*	*	*	*	*	192619	*
H	41065	84	98.8	+	0	0	514I84M794I	3508701 Even3_147741	192619
H	92147	81	98.8	+	0	0	463I81M869I	351084 Even2_13086	4434334
H	43765	76	98.7	+	0	0	515I76M800I	352215 Even3_186204	178173
L	42019	1388	*	*	*	*	*	187489	*
H	42019	100	100.0	+	0	0	499I100M789I	352347 Even2_14447	187489
L	20083	1364	*	*	*	*	*	352473	*
H	20083	100	100.0	+	0	0	489I100M775I	352473 Even1_85305	352473
H	92160	100	97.0	+	0	0	489I100M861I	352529 Even3_23013	4434514
L	22851	1402	*	*	*	*	*	332303	*
H	22851	77	97.4	+	0	0	521I77M804I	352799 Even3_275706	332303
L	72680	1414	*	*	*	*	*	3531225	*
H	72680	100	97.0	+	0	0	478I100M836I	3531225 Even2_341659	3531225
L	11752	1492	*	*	*	*	*	562038	*
H	11752	81	98.8	+	0	0	518I81M893I	353124 Even1_8754	562038
H	92147	100	98.0	+	0	0	463I100M850I	353392 Even1_162694	4434334
L	19912	1479	*	*	*	*	*	353649	*
H	19912	100	98.0	+	0	0	500I100M879I	353649 Even1_58882	353649
L	19840	1329	*	*	*	*	*	354220	*
H	19840	79	100.0	+	0	0	488I79M762I	354220 Even1_295392	354220
L	29555	1400	*	*	*	*	*	281015	*
H	29555	100	97.0	+	0	0	526I100M774I	354247 Even3_158153	281015
L	19832	1389	*	*	*	*	*	354258	*
H	19832	82	98.8	+	0	0	515I82M792I	354258 Even2_141987	354258
L	39794	1378	*	*	*	*	*	199293	*
H	39794	100	97.0	+	0	0	511I100M767I	354334 Even1_106827	199293
L	27414	1392	*	*	*	*	*	299858	*
H	27414	100	95.0	+	0	0	516I100M776I	355197 Even2_318682	299858
L	66269	1448	*	*	*	*	*	2730944	*
H	66269	100	99.0	+	0	0	492I100M856I	355277 Even3_150673	2730944
H	22784	100	99.0	+	0	0	508I100M752I	355291 Even1_261238	332732
H	26385	91	98.9	+	0	0	504I91M777I	355510 Even2_56563	306633
L	19561	1367	*	*	*	*	*	356255	*
H	19561	100	100.0	+	0	0	488I100M779I	356255 Even2_198584	356255
L	19400	1374	*	*	*	*	*	358493	*
H	19400	100	100.0	+	0	0	516I100M758I	3562626 Even1_23	358493
L	19548	1386	*	*	*	*	*	356360	*
H	19548	100	100.0	+	0	0	516I100M770I	356360 Even2_30336	356360
L	19494	1363	*	*	*	*	*	356827	*
H	19494	83	98.8	+	0	0	506I83M774I	356827 Even3_389257	356827
H	21664	100	98.0	+	0	0	494I100M758I	357002 Even2_20981	340761
L	73212	1437	*	*	*	*	*	3598692	*
H	73212	85	97.6	+	0	0	486I85M866I	357020 Even3_328829	3598692
L	44102	1389	*	*	*	*	*	176327	*
H	44102	82	100.0	+	0	0	514I82M793I	357412 Even1_852	176327
L	40983	1400	*	*	*	*	*	193107	*
H	40983	83	97.6	+	0	0	520I83M797I	357963 Even2_121971	193107
L	19429	1378	*	*	*	*	*	358016	*
H	19429	76	97.4	+	0	0	517I76M785I	358016 Even1_371199	358016
L	39716	1369	*	*	*	*	*	199702	*
H	39716	92	100.0	+	0	0	502I92M775I	358654 Even1_34338	199702
L	37153	1398	*	*	*	*	*	225187	*
H	37153	79	98.7	+	0	0	446I79M873I	3587033 Even1_225453	225187
L	43101	1402	*	*	*	*	*	181756	*
H	43101	81	97.5	+	0	0	517I81M804I	358798 Even3_126562	181756
L	19462	1345	*	*	*	*	*	357412	*
H	19462	87	97.7	+	0	0	482I87M776I	359149 Even1_99309	357412
L	44468	1391	*	*	*	*	*	174356	*
H	44468	85	100.0	+	0	0	523I85M783I	359314 Even3_23910	174356
L	41530	1394	*	*	*	*	*	190191	*
H	41530	100	100.0	+	0	0	516I100M778I	359493 Even1_134030	190191
L	44065	1405	*	*	*	*	*	176604	*
H	44065	76	97.4	+	0	0	518I76M811I	359978 Even1_98763	176604
L	43715	1391	*	*	*	*	*	178462	*
H	43715	79	100.0	+	0	0	514I79M798I	360660 Even1_103826	178462
L	19273	1353	*	*	*	*	*	360703	*
H	19273	100	100.0	+	0	0	487I100M766I	360703 Even3_4745	360703
L	19266	1351	*	*	*	*	*	360825	*
H	19266	95	100.0	+	0	0	486I95M770I	360825 Even2_29729	360825
L	40172	1390	*	*	*	*	*	197225	*
H	40172	81	98.8	+	0	0	515I81M794I	360861 Even2_11142	197225
L	19258	1359	*	*	*	*	*	360962	*
H	19258	100	100.0	+	0	0	495I100M764I	360962 Even3_7935	360962
L	5120	1453	*	*	*	*	*	768553	*
H	5120	100	100.0	+	0	0	476I100M877I	3610691 Even3_36	768553
H	19229	76	98.7	+	0	0	508I76M784I	361507 Even2_391548	361507
L	15577	1393	*	*	*	*	*	531436	*
H	15577	84	98.8	+	0	0	517I84M792I	361556 Even3_192992	531436
L	61755	1438	*	*	*	*	*	2177184	*
H	61755	100	98.0	+	0	0	490I100M848I	361972 Even2_12602	2177184
L	42428	1370	*	*	*	*	*	185324	*
H	42428	77	100.0	+	0	0	502I77M791I	362363 Even1_65834	185324
L	83661	1422	*	*	*	*	*	4344860	*
H	83661	100	97.0	+	0	0	479I100M843I	362947 Even3_237134	4344860
H	40209	100	97.0	+	0	0	514I100M776I	363321 Even2_333557	197050
L	43323	1392	*	*	*	*	*	180523	*
H	43323	76	98.7	+	0	0	517I76M799I	363494 Even1_393415	180523
L	19095	1369	*	*	*	*	*	363625	*
H	19095	100	100.0	+	0	0	507I100M762I	363625 Even1_89766	363625
L	43455	1378	*	*	*	*	*	179807	*
H	43455	78	97.4	+	0	0	502I78M798I	363856 Even3_342034	179807
L	15696	1392	*	*	*	*	*	529889	*
H	15696	88	98.9	+	0	0	520I88M784I	364092 Even3_315111	529889
L	73547	1454	*	*	*	*	*	3645685	*
H	73547	100	99.0	+	0	0	486I100M868I	3645685 Even1_141585	3645685
L	18999	1372	*	*	*	*	*	365385	*
H	18999	100	100.0	+	0	0	506I100M766I	365385 Even3_19599	365385
L	7185	1365	*	*	*	*	*	621472	*
H	7185	80	97.5	+	0	0	497I80M788I	365492 Even3_255757	621472
L	69677	1521	*	*	*	*	*	3156335	*
H	69677	90	97.8	+	0	0	516I90M915I	366161 Even2_350846	3156335
L	44150	1389	*	*	*	*	*	176080	*
H	44150	78	100.0	+	0	0	514I78M797I	366386 Even1_24354	176080
L	18942	1449	*	*	*	*	*	366451	*
H	18942	100	100.0	+	0	0	438I100M911I	366451 Even3_5946	366451
L	73696	1432	*	*	*	*	*	3667183	*
H	73696	85	100.0	+	0	0	492I85M855I	3667183 Even2_187632	3667183
L	41406	1381	*	*	*	*	*	190874	*
H	41406	93	98.9	+	0	0	505I93M783I	367142 Even3_15830	190874
H	96557	94	98.9	+	0	0	501I94M763I	367627 Even3_142997	4480861
L	18866	1350	*	*	*	*	*	367813	*
H	18866	78	97.4	+	0	0	487I78M785I	367813 Even1_378265	367813
H	45156	79	98.7	+	0	0	515I79M864I	3680006 Even3_219088	167187
L	29349	1379	*	*	*	*	*	287597	*
H	29349	100	99.0	+	0	0	504I100M775I	3682570 Even2_35166	287597
L	18828	1365	*	*	*	*	*	368418	*
H	18828	80	97.5	+	0	0	497I80M788I	368418 Even1_341975	368418
H	68375	93	97.8	+	0	0	495I93M855I	3693042 Even1_63038	2990145
L	18771	1365	*	*	*	*	*	369449	*
H	18771	100	100.0	+	0	0	506I100M759I	369449 Even3_41582	369449
L	4874	1455	*	*	*	*	*	789011	*
H	4874	100	99.0	+	0	0	502I100M853I	3701019 Even3_59394	789011
L	4533	1443	*	*	*	*	*	806568	*
H	4533	100	99.0	+	0	0	431I100M912I	3723650 Even3_71075	806568
L	94502	1439	*	*	*	*	*	4459279	*
H	94502	100	98.0	+	0	0	493I100M846I	3747551 Even1_79205	4459279
L	44169	1393	*	*	*	*	*	175978	*
H	44169	79	100.0	+	0	0	515I79M799I	3779973 Even1_8463	175978
L	74890	1442	*	*	*	*	*	3818299	*
H	74890	81	100.0	+	0	0	485I81M876I	3818299 Even3_317115	3818299
L	4327	1372	*	*	*	*	*	810109	*
H	4327	100	99.0	+	0	0	472I100M800I	3833747 Even1_27274	810109
L	54237	1457	*	*	*	*	*	38357	*
H	54237	83	100.0	+	0	0	492I83M882I	38357 Even3_10518	38357
L	41148	1394	*	*	*	*	*	192204	*
H	41148	100	100.0	+	0	0	517I100M777I	38415 Even2_10985	192204
L	75260	1452	*	*	*	*	*	3867172	*
H	75260	87	98.9	+	0	0	499I87M866I	3867172 Even3_347606	3867172
L	29817	1483	*	*	*	*	*	278702	*
H	29817	100	98.0	+	0	0	505I100M878I	3883044 Even1_191338	278702
L	75422	1449	*	*	*	*	*	3889296	*
H	75422	100	100.0	+	0	0	488I100M861I	3889296 Even3_150003	3889296
L	75431	1403	*	*	*	*	*	3890155	*
H	75431	100	100.0	+	0	0	488I100M815I	3890155 Even2_4195	3890155
L	39769	1395	*	*	*	*	*	199422	*
H	39769	100	100.0	+	0	0	519I100M776I	3903651 Even3_199	199422
L	35214	1497	*	*	*	*	*	243185	*
H	35214	100	96.0	+	0	0	526I100M871I	3908638 Even1_55863	243185
L	40047	1400	*	*	*	*	*	197930	*
H	40047	84	98.8	+	0	0	517I84M799I	392887 Even1_305594	197930
L	91133	1349	*	*	*	*	*	4423796	*
H	91133	100	100.0	+	0	0	478I100M771I	39294 Even3_100749	4423796
L	39818	1390	*	*	*	*	*	199156	*
H	39818	100	99.0	+	0	0	515I100M775I	3943186 Even1_154614	199156
L	87443	1415	*	*	*	*	*	4385479	*
H	87443	100	97.0	+	0	0	475I100M840I	3944484 Even3_102960	4385479
L	75934	1449	*	*	*	*	*	3951715	*
H	75934	90	100.0	+	0	0	502I90M857I	3951715 Even1_112432	3951715
L	76015	1451	*	*	*	*	*	3963289	*
H	76015	87	98.9	+	0	0	504I87M860I	3963289 Even2_58205	3963289
L	61181	1364	*	*	*	*	*	846127	*
H	61181	100	100.0	+	0	0	495I54MI46M768I	3970651 Even3_277627	846127
L	76200	1423	*	*	*	*	*	3989856	*
H	76200	100	100.0	+	0	0	508I100M815I	3989856 Even3_454	3989856
L	71087	1443	*	*	*	*	*	3327894	*
H	71087	76	96.1	+	0	0	490I76M877I	4012190 Even3_156796	3327894
L	40913	1390	*	*	*	*	*	193509	*
H	40913	82	98.8	+	0	0	515I82M793I	4015729 Even1_3441	193509
L	62143	1444	*	*	*	*	*	2220496	*
H	62143	76	98.7	+	0	0	490I76M878I	40649 Even1_8382	2220496
H	14821	100	99.0	+	0	0	527I100M871I	4067355 Even3_97285	538000
L	77093	1440	*	*	*	*	*	4094259	*
H	77093	100	97.0	+	0	0	470I100M870I	4094259 Even2_3262	4094259
L	77097	1443	*	*	*	*	*	4094866	*
H	77097	100	100.0	+	0	0	480I100M863I	4094866 Even2_222897	4094866
L	20671	1516	*	*	*	*	*	348270	*
H	20671	100	99.0	+	0	0	534I100M882I	4112171 Even3_17782	348270
L	77371	1442	*	*	*	*	*	4128381	*
H	77371	100	100.0	+	0	0	472I100M870I	4128381 Even2_1115	4128381
L	77816	1441	*	*	*	*	*	4189999	*
H	77816	100	100.0	+	0	0	493I20MI80M847I	4189999 Even1_38550	4189999
L	40932	1392	*	*	*	*	*	193407	*
H	40932	100	99.0	+	0	0	515I100M777I	4201482 Even2_67090	193407
L	78112	1451	*	*	*	*	*	4225004	*
H	78112	100	100.0	+	0	0	484I100M867I	4225004 Even3_113114	4225004
L	40912	1400	*	*	*	*	*	193528	*
H	40912	81	98.8	+	0	0	527I81M792I	4226929 Even1_20219	193528
L	78128	1416	*	*	*	*	*	4227110	*
H	78128	100	100.0	+	0	0	499I100M817I	4227110 Even3_289625	4227110
L	78162	1447	*	*	*	*	*	4232045	*
H	78162	100	100.0	+	0	0	504I100M843I	4232045 Even2_22946	4232045
L	40169	1392	*	*	*	*	*	197248	*
H	40169	84	100.0	+	0	0	516I84M792I	4232048 Even2_2443	197248
L	78187	1434	*	*	*	*	*	4234212	*
H	78187	78	100.0	+	0	0	488I78M868I	4234212 Even3_45737	4234212
L	78260	1448	*	*	*	*	*	4245940	*
H	78260	85	100.0	+	0	0	494I85M869I	4245940 Even1_17501	4245940
L	41164	1389	*	*	*	*	*	192093	*
H	41164	100	100.0	+	0	0	514I100M775I	4254528 Even2_1324	192093
L	56524	1407	*	*	*	*	*	1544606	*
H	56524	79	98.7	+	0	0	496I79M832I	4268506 Even2_208607	1544606
L	78553	1430	*	*	*	*	*	4278525	*
H	78553	100	100.0	+	0	0	504I100M826I	4278525 Even3_66586	4278525
L	78165	1445	*	*	*	*	*	4232048	*
H	78165	100	100.0	+	0	0	498I100M847I	4281639 Even1_598	4232048
L	2662	1353	*	*	*	*	*	866280	*
H	2662	78	100.0	+	0	0	487I78M788I	4294457 Even2_56724	866280
L	47607	1501	*	*	*	*	*	146665	*
H	47607	100	95.0	+	0	0	532I100M869I	4295707 Even1_183496	146665
L	26851	1391	*	*	*	*	*	303169	*
H	26851	83	100.0	+	0	0	516I83M792I	4296211 Even2_329754	303169
L	141	1502	*	*	*	*	*	1109766	*
H	141	76	100.0	+	0	0	521I76M905I	4297239 Even1_119911	1109766
L	55214	1511	*	*	*	*	*	13811	*
H	55214	100	99.0	+	0	0	522I100M889I	4300127 Even1_1878	13811
L	70329	1515	*	*	*	*	*	736813	*
H	70329	76	100.0	+	0	0	501I76M938I	4301105 Even1_234302	736813
L	79824	1579	*	*	*	*	*	4305923	*
H	79824	100	100.0	+	0	0	572I100M907I	4305923 Even3_1574	4305923
L	80038	1558	*	*	*	*	*	4307897	*
H	80038	81	100.0	+	0	0	547I81M930I	4307897 Even3_3677	4307897
L	10677	1364	*	*	*	*	*	570451	*
H	10677	77	98.7	+	0	0	450I77M837I	4308688 Even3_17269	570451
L	70294	1446	*	*	*	*	*	3232397	*
H	70294	93	100.0	+	0	0	501I93M852I	4309033 Even2_272	3232397
L	80255	1469	*	*	*	*	*	4310013	*
H	80255	78	98.7	+	0	0	508I78M883I	4310013 Even2_300244	4310013
L	13352	1482	*	*	*	*	*	549232	*
H	13352	81	98.8	+	0	0	496I81M905I	4313261 Even3_7259	549232
L	80617	1407	*	*	*	*	*	4313711	*
H	80617	80	100.0	+	0	0	485I80M842I	4313711 Even3_29822	4313711
L	48860	1402	*	*	*	*	*	137834	*
H	48860	76	100.0	+	0	0	517I76M809I	4314921 Even1_59924	137834
L	76984	1456	*	*	*	*	*	4082577	*
H	76984	90	97.8	+	0	0	476I90M890I	4314933 Even1_216835	4082577
L	41531	1390	*	*	*	*	*	190188	*
H	41531	82	98.8	+	0	0	515I82M793I	4316924 Even1_11980	190188
L	9915	1406	*	*	*	*	*	576472	*
H	9915	76	98.7	+	0	0	536I76M794I	4317034 Even3_146559	576472
L	90696	1499	*	*	*	*	*	4419414	*
H	90696	100	97.0	+	0	0	513I100M886I	4317826 Even1_60285	4419414
L	44117	1400	*	*	*	*	*	176230	*
H	44117	88	100.0	+	0	0	527I88M785I	4318470 Even2_241114	176230
L	55508	1506	*	*	*	*	*	10212	*
H	55508	95	97.9	+	0	0	513I95M898I	4318990 Even2_109449	10212
L	45739	1390	*	*	*	*	*	160908	*
H	45739	83	100.0	+	0	0	521I83M786I	4319212 Even2_139250	160908
L	95424	1494	*	*	*	*	*	4469355	*
H	95424	100	95.0	+	0	0	520I100M874I	4320353 Even1_131146	4469355
L	10818	1508	*	*	*	*	*	569456	*
H	10818	100	96.0	+	0	0	525I100M883I	4321160 Even2_17310	569456
L	79102	1395	*	*	*	*	*	4298483	*
H	79102	100	100.0	+	0	0	525I100M770I	4321559 Even1_61108	4298483
L	81043	1525	*	*	*	*	*	4317826	*
H	81043	80	98.8	+	0	0	542I80M903I	4321724 Even1_43846	4317826
L	62461	1466	*	*	*	*	*	1130818	*
H	62461	100	100.0	+	0	0	591I100M775I	4321932 Even1_67349	1130818
L	81454	1502	*	*	*	*	*	4322321	*
H	81454	100	98.0	+	0	0	491I100M911I	4322321 Even3_301669	4322321
L	81511	1493	*	*	*	*	*	4322981	*
H	81511	85	97.6	+	0	0	497I85M911I	4322981 Even2_333256	4322981
L	92282	1439	*	*	*	*	*	4435784	*
H	92282	100	100.0	+	0	0	513I100M826I	4322986 Even1_41946	4435784
L	78103	1357	*	*	*	*	*	881422	*
H	78103	79	98.7	+	0	0	500I79M778I	4324314 Even3_313506	881422
L	64547	1436	*	*	*	*	*	831789	*
H	64547	100	100.0	+	0	0	458I100M878I	4325003 Even3_101015	831789
L	61790	1359	*	*	*	*	*	2183687	*
H	61790	78	100.0	+	0	0	500I78M781I	4325493 Even1_285681	2183687
H	21687	79	97.5	+	0	0	501I79M798I	4325725 Even3_212131	340642
L	71554	1383	*	*	*	*	*	962249	*
H	71554	92	100.0	+	0	0	524I92M767I	4326452 Even2_116349	962249
L	81962	1445	*	*	*	*	*	4327777	*
H	81962	100	100.0	+	0	0	500I100M845I	4327777 Even3_20021	4327777
L	7341	1499	*	*	*	*	*	610462	*
H	7341	89	98.9	+	0	0	524I89M886I	4328299 Even2_55171	610462
L	82090	1424	*	*	*	*	*	4329132	*
H	82090	100	100.0	+	0	0	493I100M831I	4329132 Even1_14101	4329132
L	82289	1441	*	*	*	*	*	4331357	*
H	82289	78	100.0	+	0	0	481I78M882I	4331357 Even3_170410	4331357
L	82316	1374	*	*	*	*	*	4331657	*
H	82316	100	98.0	+	0	0	493I100M781I	4331657 Even1_161010	4331657
L	24346	1454	*	*	*	*	*	321467	*
H	24346	100	100.0	+	0	0	509I100M845I	4334049 Even1_164747	321467
L	3039	1446	*	*	*	*	*	4484484	*
H	3039	76	100.0	+	0	0	479I76M891I	4334501 Even3_304234	4484484
L	692	1352	*	*	*	*	*	1086621	*
H	692	82	97.6	+	0	0	500I82M770I	4335077 Even1_397384	1086621
L	82658	1451	*	*	*	*	*	4335293	*
H	82658	100	100.0	+	0	0	509I100M842I	4335293 Even1_63428	4335293
L	12829	1450	*	*	*	*	*	553611	*
H	12829	85	100.0	+	0	0	488I85M877I	4335781 Even1_2677	553611
L	82717	1454	*	*	*	*	*	4335815	*
H	82717	84	100.0	+	0	0	495I84M875I	4335815 Even3_236486	4335815
L	5607	1448	*	*	*	*	*	733552	*
H	5607	100	98.0	+	0	0	468I100M880I	4335883 Even2_324415	733552
L	77276	1473	*	*	*	*	*	803167	*
H	77276	81	98.8	+	0	0	515I81M877I	4336055 Even2_191221	803167
L	90618	1390	*	*	*	*	*	4418803	*
H	90618	84	98.8	+	0	0	543I84M763I	4336518 Even1_66457	4418803
L	83134	1432	*	*	*	*	*	4339801	*
H	83134	79	100.0	+	0	0	482I79M871I	4339801 Even1_311191	4339801
L	83183	1536	*	*	*	*	*	4340386	*
H	83183	100	99.0	+	0	0	518I100M918I	4340386 Even1_34792	4340386
L	83281	1527	*	*	*	*	*	4341176	*
H	83281	100	100.0	+	0	0	542I100M885I	4341176 Even1_35784	4341176
H	25853	96	97.9	+	0	0	517I96M776I	4341534 Even1_333492	310669
L	83388	1430	*	*	*	*	*	4342104	*
H	83388	100	100.0	+	0	0	489I100M841I	4342104 Even1_918	4342104
L	80912	1534	*	*	*	*	*	4316289	*
H	80912	77	97.4	+	0	0	540I77M917I	4342972 Even1_397504	4316289
L	83475	1378	*	*	*	*	*	4342992	*
H	83475	92	100.0	+	0	0	487I92M799I	4342992 Even1_63695	4342992
L	83531	1428	*	*	*	*	*	4343580	*
H	83531	100	100.0	+	0	0	488I100M840I	4343580 Even1_79507	4343580
H	29349	100	97.0	+	0	0	504I100M775I	4344643 Even2_200324	287597
L	60528	1460	*	*	*	*	*	825989	*
H	60528	81	100.0	+	0	0	527I81M852I	4345333 Even3_177	825989
L	84753	1400	*	*	*	*	*	4356832	*
H	84753	76	100.0	+	0	0	527I76M797I	4347099 Even3_250278	4356832
L	53234	1405	*	*	*	*	*	69933	*
H	53234	81	100.0	+	0	0	501I81M823I	4347159 Even2_249	69933
L	83919	1362	*	*	*	*	*	4347878	*
H	83919	100	99.0	+	0	0	499I100M763I	4347878 Even1_229781	4347878
L	70742	1493	*	*	*	*	*	3284221	*
H	70742	91	98.9	+	0	0	484I91M918I	4349094 Even2_23480	3284221
L	84064	1427	*	*	*	*	*	4349251	*
H	84064	84	98.8	+	0	0	486I84M857I	4349251 Even1_90481	4349251
L	84137	1405	*	*	*	*	*	4350025	*
H	84137	81	100.0	+	0	0	432I81M892I	4350025 Even2_207626	4350025
L	13296	1458	*	*	*	*	*	549656	*
H	13296	83	97.6	+	0	0	486I83M889I	4350498 Even1_224290	549656
L	84210	1492	*	*	*	*	*	4350788	*
H	84210	100	100.0	+	0	0	532I100M860I	4350788 Even3_173113	4350788
H	54237	100	98.0	+	0	0	492I100M865I	4351284 Even2_61835	38357
L	84387	1439	*	*	*	*	*	4352768	*
H	84387	100	100.0	+	0	0	488I100M851I	4352768 Even1_88677	4352768
L	75228	1527	*	*	*	*	*	3863098	*
H	75228	100	100.0	+	0	0	520I100M907I	4353076 Even1_41478	3863098
H	54237	81	98.8	+	0	0	492I81M884I	4354477 Even3_230541	38357
L	84556	1417	*	*	*	*	*	4354577	*
H	84556	76	100.0	+	0	0	458I76M883I	4354577 Even1_40522	4354577
L	25021	1369	*	*	*	*	*	316642	*
H	25021	100	97.0	+	0	0	503I100M766I	4356065 Even3_101019	316642
H	13352	81	97.5	+	0	0	496I81M905I	4356100 Even1_271072	549232
H	32870	100	97.0	+	0	0	528I100M771I	4356331 Even1_34396	260410
L	36203	1492	*	*	*	*	*	236367	*
H	36203	78	98.7	+	0	0	517I78M897I	4356895 Even3_132024	236367
L	82084	1491	*	*	*	*	*	4329074	*
H	82084	76	100.0	+	0	0	522I76M893I	4356937 Even3_299829	4329074
H	76015	100	100.0	+	0	0	504I100M847I	4357205 Even3_7626	3963289
L	84798	1445	*	*	*	*	*	4357330	*
H	84798	100	100.0	+	0	0	474I100M871I	4357330 Even3_394102	4357330
L	68067	1418	*	*	*	*	*	1106842	*
H	68067	81	97.5	+	0	0	486I81M851I	4357677 Even1_397447	1106842
L	5861	1459	*	*	*	*	*	714738	*
H	5861	86	100.0	+	0	0	498I86M875I	4357864 Even2_313010	714738
L	84897	1483	*	*	*	*	*	4358275	*
H	84897	100	97.0	+	0	0	537I100M846I	4358275 Even2_336146	4358275
L	66411	1552	*	*	*	*	*	1124941	*
H	66411	100	93.0	+	0	0	538I100M914I	4358716 Even3_306576	1124941
L	84961	1486	*	*	*	*	*	4359078	*
H	84961	91	100.0	+	0	0	515I91M880I	4359078 Even1_194450	4359078
L	85020	1452	*	*	*	*	*	4359889	*
H	85020	100	98.0	+	0	0	443I100M909I	4359889 Even1_115499	4359889
L	59511	1442	*	*	*	*	*	1905494	*
H	59511	76	97.4	+	0	0	497I76M869I	4360055 Even3_390003	1905494
L	85038	1460	*	*	*	*	*	4360128	*
H	85038	90	98.9	+	0	0	510I90M860I	4360128 Even2_243834	4360128
H	93330	80	98.8	+	0	0	497I80M873I	4361093 Even1_168490	4447176
L	85191	1431	*	*	*	*	*	4361727	*
H	85191	100	100.0	+	0	0	492I100M839I	4361727 Even3_32239	4361727
L	35199	1528	*	*	*	*	*	243353	*
H	35199	80	97.5	+	0	0	537I80M911I	4362555 Even2_104386	243353
L	98502	1306	*	*	*	*	*	1126596	*
H	98502	80	97.5	+	0	0	442I80M784I	4362620 Even3_38013	1126596
H	41082	93	98.9	+	0	0	515I93M783I	4363553 Even1_137113	192504
L	39795	1391	*	*	*	*	*	199286	*
H	39795	100	98.0	+	0	0	516I100M775I	4364405 Even1_133300	199286
L	43581	1399	*	*	*	*	*	179157	*
H	43581	100	99.0	+	0	0	527I100M772I	4365130 Even3_220595	179157
L	85598	1496	*	*	*	*	*	4365868	*
H	85598	78	98.7	+	0	0	531I78M887I	4365868 Even1_60874	4365868
L	42816	1398	*	*	*	*	*	183162	*
H	42816	77	100.0	+	0	0	526I77M795I	4366089 Even3_23717	183162
L	85644	1353	*	*	*	*	*	4366287	*
H	85644	100	100.0	+	0	0	472I100M781I	4366287 Even3_45057	4366287
L	85676	1408	*	*	*	*	*	4366525	*
H	85676	94	97.9	+	0	0	467I94M847I	4366525 Even2_12541	4366525
L	85696	1448	*	*	*	*	*	4366728	*
H	85696	82	100.0	+	0	0	488I82M878I	4366728 Even3_7890	4366728
L	65440	1468	*	*	*	*	*	658475	*
H	65440	100	100.0	+	0	0	483I100M885I	4367783 Even1_76401	658475
L	21710	1358	*	*	*	*	*	340476	*
H	21710	81	98.8	+	0	0	505I81M772I	4368216 Even2_242233	340476
L	85837	1400	*	*	*	*	*	4368600	*
H	85837	81	98.8	+	0	0	472I81M847I	4368600 Even1_1080	4368600
L	2815	1379	*	*	*	*	*	851323	*
H	2815	78	98.7	+	0	0	511I78M790I	4369272 Even3_94207	851323
L	85922	1434	*	*	*	*	*	4369434	*
H	85922	82	100.0	+	0	0	482I82M870I	4369434 Even2_212727	4369434
L	85929	1428	*	*	*	*	*	4369504	*
H	85929	100	98.0	+	0	0	466I100M862I	4369504 Even1_43148	4369504
H	26659	81	97.5	+	0	0	515I81M794I	4370025 Even2_54125	304568
L	79580	1444	*	*	*	*	*	4303249	*
H	79580	78	98.7	+	0	0	469I78M897I	4371349 Even3_366706	4303249
L	8726	1417	*	*	*	*	*	584900	*
H	8726	94	98.9	+	0	0	449I94M874I	4371756 Even3_233444	584900
L	77909	1441	*	*	*	*	*	4201482	*
H	77909	100	99.0	+	0	0	487I100M854I	4372382 Even1_11309	4201482
L	69481	1479	*	*	*	*	*	631893	*
H	69481	83	97.6	+	0	0	512I83M884I	4373456 Even1_311175	631893
L	45133	1494	*	*	*	*	*	167411	*
H	45133	80	96.2	+	0	0	500I80M914I	4373617 Even1_245376	167411
L	67331	1404	*	*	*	*	*	2862781	*
H	67331	82	100.0	+	0	0	451I82M871I	4374638 Even3_36292	2862781
L	57552	1437	*	*	*	*	*	1671681	*
H	57552	100	100.0	+	0	0	504I100M833I	4375080 Even2_59078	1671681
L	4833	1478	*	*	*	*	*	791522	*
H	4833	76	100.0	+	0	0	500I76M902I	4375887 Even1_383012	791522
L	86533	1439	*	*	*	*	*	4375894	*
H	86533	80	100.0	+	0	0	480I80M879I	4375894 Even3_160781	4375894
L	86552	1508	*	*	*	*	*	4376230	*
H	86552	93	100.0	+	0	0	526I93M889I	4376230 Even1_193090	4376230
L	848	1358	*	*	*	*	*	1068969	*
H	848	100	99.0	+	0	0	501I100M757I	4376272 Even2_129944	1068969
L	86599	1529	*	*	*	*	*	4376828	*
H	86599	80	98.8	+	0	0	512I80M937I	4376828 Even3_75036	4376828
L	25000	1359	*	*	*	*	*	316761	*
H	25000	90	97.8	+	0	0	507I90M762I	4376964 Even2_309957	316761
H	55214	100	98.0	+	0	0	522I100M889I	4377147 Even1_231518	13811
L	86738	1422	*	*	*	*	*	4378081	*
H	86738	100	100.0	+	0	0	486I100M836I	4378081 Even1_1094	4378081
L	86561	1363	*	*	*	*	*	4376272	*
H	86561	84	100.0	+	0	0	486I84M793I	4378791 Even1_367235	4376272
L	86869	1441	*	*	*	*	*	4379411	*
H	86869	85	98.8	+	0	0	502I85M854I	4379411 Even1_192394	4379411
L	19301	1364	*	*	*	*	*	360238	*
H	19301	100	100.0	+	0	0	498I100M766I	4379449 Even1_31441	360238
H	66569	80	100.0	+	0	0	483I80M882I	4379646 Even1_12576	2771073
H	29555	85	98.8	+	0	0	526I85M789I	4380886 Even3_40167	281015
L	87125	1447	*	*	*	*	*	4381913	*
H	87125	81	98.8	+	0	0	501I81M865I	4381913 Even3_264582	4381913
H	87177	80	100.0	+	0	0	522I80M791I	4382476 Even1_177207	4382476
L	92482	1527	*	*	*	*	*	4437846	*
H	92482	80	97.5	+	0	0	542I62MD17M906I	4383958 Even2_26126	4437846
L	16730	1407	*	*	*	*	*	516611	*
H	16730	76	100.0	+	0	0	533I76M798I	4384044 Even3_345368	516611
L	87323	1447	*	*	*	*	*	4384100	*
H	87323	91	100.0	+	0	0	488I91M868I	4384100 Even1_42989	4384100
L	21074	1369	*	*	*	*	*	345172	*
H	21074	82	100.0	+	0	0	515I82M772I	4385326 Even2_27738	345172
H	58195	100	97.0	+	0	0	506I100M861I	4385479 Even1_305668	1746913
L	71987	1540	*	*	*	*	*	3441309	*
H	71987	93	96.8	+	0	0	536I93M911I	4389289 Even3_49466	3441309
L	83127	1470	*	*	*	*	*	4339774	*
H	83127	79	97.5	+	0	0	495I79M896I	4389972 Even3_2406	4339774
L	86873	1482	*	*	*	*	*	4379449	*
H	86873	77	98.7	+	0	0	519I77M886I	4390365 Even1_29969	4379449
L	87915	1360	*	*	*	*	*	4390387	*
H	87915	100	100.0	+	0	0	482I100M778I	4390387 Even1_304336	4390387
L	84655	1399	*	*	*	*	*	4355601	*
H	84655	100	97.0	+	0	0	463I100M836I	4391326 Even1_328166	4355601
L	74772	1469	*	*	*	*	*	3801267	*
H	74772	100	100.0	+	0	0	513I100M856I	4391625 Even3_308030	3801267
H	91997	100	99.0	+	0	0	477I100M836I	4392183 Even3_4563	4432891
L	28259	1382	*	*	*	*	*	294440	*
H	28259	100	99.0	+	0	0	504I100M778I	4393073 Even1_769	294440
L	88182	1443	*	*	*	*	*	4393083	*
H	88182	93	100.0	+	0	0	493I93M857I	4393083 Even3_15931	4393083
L	29474	1379	*	*	*	*	*	284177	*
H	29474	100	100.0	+	0	0	509I100M770I	4393701 Even1_92489	284177
L	88257	1443	*	*	*	*	*	4393745	*
H	88257	94	100.0	+	0	0	505I94M844I	4393745 Even2_38335	4393745
L	88270	1382	*	*	*	*	*	4393923	*
H	88270	77	98.7	+	0	0	504I77M801I	4393923 Even1_118955	4393923
L	64998	1685	*	*	*	*	*	2588266	*
H	64998	77	100.0	+	0	0	528I77M1080I	4394313 Even1_139302	2588266
L	43440	1390	*	*	*	*	*	179865	*
H	43440	78	98.7	+	0	0	515I78M797I	4395677 Even1_212463	179865
L	88460	1428	*	*	*	*	*	4396073	*
H	88460	92	100.0	+	0	0	472I92M864I	4396073 Even1_88362	4396073
L	37483	1401	*	*	*	*	*	222043	*
H	37483	100	97.0	+	0	0	524I100M777I	4397471 Even3_27702	222043
L	14511	1378	*	*	*	*	*	540364	*
H	14511	92	97.8	+	0	0	504I92M782I	4401465 Even1_170386	540364
L	92890	1558	*	*	*	*	*	4442127	*
H	92890	82	96.3	+	0	0	650I82M826I	4401957 Even1_60645	4442127
L	89044	1415	*	*	*	*	*	4402605	*
H	89044	79	100.0	+	0	0	474I79M862I	4402605 Even1_373198	4402605
L	89058	1437	*	*	*	*	*	4402734	*
H	89058	100	100.0	+	0	0	437I100M900I	4402734 Even1_29556	4402734
L	89059	1403	*	*	*	*	*	4402735	*
H	89059	100	100.0	+	0	0	530I100M773I	4402735 Even3_51722	4402735
L	23501	1386	*	*	*	*	*	327598	*
H	23501	100	97.0	+	0	0	510I100M776I	4402903 Even1_123431	327598
L	8933	1365	*	*	*	*	*	583590	*
H	8933	82	98.8	+	0	0	496I82M787I	4403422 Even1_231271	583590
L	64681	1445	*	*	*	*	*	2544963	*
H	64681	82	100.0	+	0	0	499I82M864I	4403689 Even3_970	2544963
L	43197	1382	*	*	*	*	*	181193	*
H	43197	100	100.0	+	0	0	507I100M775I	4404187 Even3_127	181193
L	89299	1440	*	*	*	*	*	4405100	*
H	89299	79	100.0	+	0	0	503I79M858I	4405100 Even1_205683	4405100
L	19027	1365	*	*	*	*	*	364903	*
H	19027	100	98.0	+	0	0	498I100M767I	4406925 Even2_350288	364903
L	85587	1480	*	*	*	*	*	4365794	*
H	85587	87	100.0	+	0	0	496I87M897I	4407152 Even1_55616	4365794
L	89540	1483	*	*	*	*	*	4407603	*
H	89540	76	98.7	+	0	0	504I76M903I	4407603 Even1_178933	4407603
H	4878	100	99.0	+	0	0	516I100M828I	4407939 Even3_3459	788593
L	80025	1397	*	*	*	*	*	4307782	*
H	80025	76	100.0	+	0	0	526I76M795I	4408558 Even3_268711	4307782
L	55974	1431	*	*	*	*	*	3213	*
H	55974	100	100.0	+	0	0	468I100M863I	4408738 Even2_288844	3213
L	12679	1367	*	*	*	*	*	554825	*
H	12679	100	97.0	+	0	0	507I100M760I	4409025 Even1_323531	554825
L	78012	1374	*	*	*	*	*	791504	*
H	78012	78	98.7	+	0	0	505I78M791I	4409939 Even1_359632	791504
L	89783	1461	*	*	*	*	*	4410100	*
H	89783	100	98.0	+	0	0	540I100M821I	4410100 Even1_142359	4410100
H	12878	76	98.7	+	0	0	518I76M904I	441019 Even2_137078	553208
L	57881	1370	*	*	*	*	*	1705765	*
H	57881	76	98.7	+	0	0	459I76M835I	4410295 Even3_301432	1705765
H	42959	100	99.0	+	0	0	531I100M769I	4410938 Even1_70434	182483
L	45010	1509	*	*	*	*	*	168709	*
H	45010	91	100.0	+	0	0	527I91M891I	4411018 Even3_104771	168709
L	89863	1441	*	*	*	*	*	4411088	*
H	89863	80	97.5	+	0	0	478I80M883I	4411088 Even1_197942	4411088
L	89867	1383	*	*	*	*	*	4411138	*
H	89867	85	98.8	+	0	0	499I85M799I	4411138 Even3_75046	4411138
H	76676	100	94.0	+	0	0	512I100M765I	4412103 Even2_309790	777944
L	89951	1493	*	*	*	*	*	4412141	*
H	89951	100	99.0	+	0	0	484I100M909I	4412141 Even1_125404	4412141
L	89954	1436	*	*	*	*	*	4412168	*
H	89954	100	100.0	+	0	0	493I100M843I	4412168 Even1_70078	4412168
L	89335	1442	*	*	*	*	*	4405423	*
H	89335	86	100.0	+	0	0	484I86M872I	4412546 Even3_106356	4405423
H	53234	81	97.5	+	0	0	501I81M823I	4413347 Even3_14749	69933
H	45670	100	96.0	+	0	0	495I100M874I	4413619 Even2_337500	161277
L	90138	1449	*	*	*	*	*	4414044	*
H	90138	86	100.0	+	0	0	506I86M857I	4414044 Even1_280159	4414044
L	29370	1391	*	*	*	*	*	287507	*
H	29370	76	100.0	+	0	0	514I76M801I	4414242 Even1_267281	287507
L	63476	1434	*	*	*	*	*	2388617	*
H	63476	100	100.0	+	0	0	485I100M849I	4414420 Even1_13	2388617
L	90172	1462	*	*	*	*	*	4414439	*
H	90172	78	97.4	+	0	0	463I78M921I	4414439 Even3_312228	4414439
L	92434	1431	*	*	*	*	*	4437364	*
H	92434	100	97.0	+	0	0	467I86MI14M863I	4414488 Even3_186529	4437364
L	85180	1367	*	*	*	*	*	4361611	*
H	85180	100	99.0	+	0	0	506I100M761I	4414605 Even1_66	4361611
L	90205	1489	*	*	*	*	*	4414717	*
H	90205	100	98.0	+	0	0	521I100M868I	4414717 Even3_167345	4414717
L	40403	1390	*	*	*	*	*	196004	*
H	40403	93	98.9	+	0	0	515I93M782I	4415390 Even3_79601	196004
L	39976	1387	*	*	*	*	*	198324	*
H	39976	85	98.8	+	0	0	515I85M787I	4415649 Even3_151691	198324
L	55524	1482	*	*	*	*	*	9870	*
H	55524	100	100.0	+	0	0	504I100M878I	4417158 Even1_80541	9870
L	69473	1435	*	*	*	*	*	3127555	*
H	69473	100	100.0	+	0	0	486I100M849I	4417325 Even3_83012	3127555
L	20779	1442	*	*	*	*	*	347378	*
H	20779	100	100.0	+	0	0	469I100M873I	4417725 Even2_195576	347378
L	57253	1449	*	*	*	*	*	1637278	*
H	57253	80	98.8	+	0	0	467I80M902I	4418001 Even1_273847	1637278
L	90641	1513	*	*	*	*	*	4418934	*
H	90641	100	100.0	+	0	0	503I100M910I	4418934 Even1_175996	4418934
L	90643	1485	*	*	*	*	*	4418945	*
H	90643	89	100.0	+	0	0	520I89M876I	4418945 Even2_232324	4418945
L	56648	1485	*	*	*	*	*	689465	*
H	56648	100	100.0	+	0	0	517I100M868I	4419561 Even2_87718	689465
L	43851	1369	*	*	*	*	*	177702	*
H	43851	83	100.0	+	0	0	496I83M790I	4420417 Even2_24761	177702
L	90472	1495	*	*	*	*	*	4417418	*
H	90472	84	100.0	+	0	0	517I84M894I	4421128 Even1_10556	4417418
L	90944	1359	*	*	*	*	*	4421846	*
H	90944	100	100.0	+	0	0	502I100M757I	4421846 Even1_169618	4421846
L	73775	1431	*	*	*	*	*	3682570	*
H	73775	93	100.0	+	0	0	483I93M855I	4422656 Even3_5650	3682570
L	17677	1387	*	*	*	*	*	508984	*
H	17677	100	100.0	+	0	0	514I100M773I	4424111 Even3_149851	508984
L	91159	1553	*	*	*	*	*	4424239	*
H	91159	93	98.9	+	0	0	542I93M918I	4424239 Even3_127227	4424239
H	36696	83	98.8	+	0	0	480I83M895I	4424508 Even1_18749	230213
L	45622	1376	*	*	*	*	*	161630	*
H	45622	92	97.8	+	0	0	499I92M785I	4424782 Even1_201460	161630
L	9494	1473	*	*	*	*	*	579608	*
H	9494	100	100.0	+	0	0	513I100M860I	4425214 Even2_171509	579608
L	91328	1452	*	*	*	*	*	4425669	*
H	91328	100	100.0	+	0	0	494I100M858I	4425669 Even1_314651	4425669
L	64825	1513	*	*	*	*	*	813479	*
H	64825	100	96.0	+	0	0	501I100M912I	4426298 Even2_229372	813479
L	43412	1397	*	*	*	*	*	180082	*
H	43412	80	96.2	+	0	0	527I80M790I	4426873 Even1_242681	180082
L	91479	1434	*	*	*	*	*	4427332	*
H	91479	81	97.5	+	0	0	470I81M883I	4427332 Even3_277999	4427332
H	24441	100	99.0	+	0	0	516I100M775I	4429536 Even3_137601	320786
L	91757	1400	*	*	*	*	*	4430581	*
H	91757	100	99.0	+	0	0	528I100M772I	4430581 Even3_104497	4430581
L	99217	1326	*	*	*	*	*	4431375	*
H	99217	100	100.0	+	0	0	442I71MI29M783I	4431375 Even1_234644	4431375
L	14268	1358	*	*	*	*	*	542096	*
H	14268	100	100.0	+	0	0	495I100M763I	4431558 Even1_1472	542096
L	60065	1405	*	*	*	*	*	1964005	*
H	60065	96	99.0	+	0	0	442I96M867I	4431803 Even1_334673	1964005
L	80898	1359	*	*	*	*	*	4316075	*
H	80898	96	99.0	+	0	0	485I96M778I	4432722 Even1_265418	4316075
L	82004	1381	*	*	*	*	*	4328189	*
H	82004	100	100.0	+	0	0	436I100M845I	4432891 Even2_145	4328189
L	42081	1402	*	*	*	*	*	187179	*
H	42081	100	99.0	+	0	0	521I100M781I	4434294 Even3_38882	187179
L	76771	1465	*	*	*	*	*	807226	*
H	76771	100	100.0	+	0	0	488I100M877I	4434334 Even3_0	807226
L	65002	1510	*	*	*	*	*	1137749	*
H	65002	90	100.0	+	0	0	500I90M920I	4434807 Even2_268605	1137749
L	92198	1415	*	*	*	*	*	4434837	*
H	92198	92	100.0	+	0	0	523I92M800I	4434837 Even1_295208	4434837
L	57414	1438	*	*	*	*	*	1657331	*
H	57414	100	97.0	+	0	0	431I100M907I	4435098 Even1_197092	1657331
L	92246	1449	*	*	*	*	*	4435400	*
H	92246	100	100.0	+	0	0	490I100M859I	4435400 Even3_557	4435400
L	95565	1444	*	*	*	*	*	4470603	*
H	95565	76	98.7	+	0	0	475I76M893I	4436046 Even3_237425	4470603
L	89133	1522	*	*	*	*	*	4403422	*
H	89133	91	97.8	+	0	0	542I91M889I	4436550 Even2_51594	4403422
L	87212	1440	*	*	*	*	*	4383015	*
H	87212	87	100.0	+	0	0	433I87M920I	4437183 Even3_103998	4383015
L	92986	1442	*	*	*	*	*	4443172	*
H	92986	83	98.8	+	0	0	484I83M875I	4437364 Even1_6797	4443172
L	92435	1427	*	*	*	*	*	4437368	*
H	92435	100	100.0	+	0	0	473I100M854I	4437368 Even1_172018	4437368
L	43309	1389	*	*	*	*	*	180577	*
H	43309	100	100.0	+	0	0	514I100M775I	4437917 Even1_1387	180577
L	27615	1373	*	*	*	*	*	298592	*
H	27615	100	98.0	+	0	0	498I100M775I	4439398 Even3_291315	298592
L	6606	1410	*	*	*	*	*	661494	*
H	6606	96	97.9	+	0	0	449I96M865I	4439991 Even2_192529	661494
L	92741	1331	*	*	*	*	*	4440497	*
H	92741	100	98.0	+	0	0	437I100M794I	4440497 Even2_11755	4440497
L	67992	1498	*	*	*	*	*	677784	*
H	67992	84	97.6	+	0	0	529I84M885I	4441484 Even1_139915	677784
L	92865	1408	*	*	*	*	*	4441854	*
H	92865	100	100.0	+	0	0	485I100M823I	4441855 Even3_18264	4441854
L	50392	1431	*	*	*	*	*	111806	*
H	50392	79	100.0	+	0	0	468I79M884I	4441987 Even2_82522	111806
L	71364	1474	*	*	*	*	*	704614	*
H	71364	100	99.0	+	0	0	514I100M860I	4442074 Even2_77939	704614
L	28592	1404	*	*	*	*	*	292255	*
H	28592	92	97.8	+	0	0	526I92M786I	4442508 Even2_183682	292255
L	93045	1480	*	*	*	*	*	4443766	*
H	93045	100	100.0	+	0	0	522I100M858I	4443766 Even3_191400	4443766
L	92196	1540	*	*	*	*	*	4434809	*
H	92196	100	97.0	+	0	0	535I100M905I	4446003 Even3_307228	4434809
L	50563	1440	*	*	*	*	*	110625	*
H	50563	100	100.0	+	0	0	515I100M825I	4447176 Even2_542	110625
L	58123	1433	*	*	*	*	*	1736067	*
H	58123	100	100.0	+	0	0	490I100M843I	4447188 Even3_164379	1736067
L	35141	1440	*	*	*	*	*	243780	*
H	35141	100	99.0	+	0	0	492I100M848I	4448407 Even1_1020	243780
L	44158	1384	*	*	*	*	*	176057	*
H	44158	100	100.0	+	0	0	514I100M770I	4448492 Even1_281	176057
H	41286	100	100.0	+	0	0	521I100M772I	4449054 Even1_63	191487
L	38341	1493	*	*	*	*	*	213566	*
H	38341	100	100.0	+	0	0	527I100M866I	4449055 Even1_65	213566
L	93504	1343	*	*	*	*	*	4449068	*
H	93504	79	97.5	+	0	0	412I79M852I	4449068 Even2_30138	4449068
L	84132	1368	*	*	*	*	*	4349993	*
H	84132	92	96.7	+	0	0	505I92M771I	4449069 Even1_177104	4349993
L	44680	1424	*	*	*	*	*	172624	*
H	44680	100	94.0	+	0	0	412I100M912I	4449633 Even3_328160	172624
L	2568	1353	*	*	*	*	*	875709	*
H	2568	85	92.9	+	0	0	497I85M771I	4450025 Even1_276076	875709
L	67144	1495	*	*	*	*	*	1146234	*
H	67144	85	98.8	+	0	0	528I85M882I	4450198 Even1_16589	1146234
L	93692	1460	*	*	*	*	*	4451152	*
H	93692	100	100.0	+	0	0	509I100M851I	4451152 Even3_2348	4451152
L	93728	1375	*	*	*	*	*	4451638	*
H	93728	100	99.0	+	0	0	471I100M804I	4451638 Even2_1807	4451638
L	93752	1457	*	*	*	*	*	4451899	*
H	93752	100	100.0	+	0	0	495I100M862I	4451899 Even1_169	4451899
L	19963	1499	*	*	*	*	*	353271	*
H	19963	100	100.0	+	0	0	524I100M875I	4451935 Even3_210648	353271
L	89956	1369	*	*	*	*	*	4412187	*
H	89956	77	100.0	+	0	0	506I77M786I	4451945 Even3_123218	4412187
L	35400	1416	*	*	*	*	*	241789	*
H	35400	90	100.0	+	0	0	480I90M846I	4452050 Even3_149595	241789
L	93779	1439	*	*	*	*	*	4452107	*
H	93779	87	100.0	+	0	0	475I87M877I	4452107 Even3_22807	4452107
L	93782	1433	*	*	*	*	*	4452146	*
H	93782	76	100.0	+	0	0	478I76M879I	4452146 Even1_311974	4452146
L	93865	1501	*	*	*	*	*	4452922	*
H	93865	82	98.8	+	0	0	505I82M914I	4452922 Even3_279006	4452922
L	81756	1459	*	*	*	*	*	4325533	*
H	81756	100	100.0	+	0	0	512I100M847I	4453609 Even2_50	4325533
H	93728	79	98.7	+	0	0	471I79M825I	4453839 Even2_49377	4451638
L	71981	1400	*	*	*	*	*	3440955	*
H	71981	85	97.6	+	0	0	465I59MI26M849I	4454068 Even2_88413	3440955
L	94014	1464	*	*	*	*	*	4454295	*
H	94014	85	100.0	+	0	0	506I85M873I	4454295 Even3_72371	4454295
H	37483	100	99.0	+	0	0	524I100M777I	4454531 Even1_168141	222043
L	94112	1531	*	*	*	*	*	4455652	*
H	94112	100	99.0	+	0	0	526I100M905I	4455652 Even3_39890	4455652
L	77948	1382	*	*	*	*	*	1140670	*
H	77948	100	97.0	+	0	0	466I100M816I	4455686 Even1_76511	1140670
H	19548	93	100.0	+	0	0	516I93M777I	44560 Even1_93687	356360
L	94198	1477	*	*	*	*	*	4456376	*
H	94198	100	99.0	+	0	0	466I100M911I	4456376 Even1_134260	4456376
L	75141	1441	*	*	*	*	*	706728	*
H	75141	94	98.9	+	0	0	431I94M916I	4456622 Even1_257799	706728
L	38394	1412	*	*	*	*	*	212840	*
H	38394	100	97.0	+	0	0	536I100M776I	4457032 Even2_268899	212840
H	14821	100	97.0	+	0	0	527I100M871I	4457268 Even3_4367	538000
L	38307	1408	*	*	*	*	*	213944	*
H	38307	83	97.6	+	0	0	535I59MI24M789I	4457893 Even2_96281	213944
L	94376	1512	*	*	*	*	*	4458222	*
H	94376	100	97.0	+	0	0	536I100M876I	4458222 Even3_204601	4458222
H	86179	78	98.7	+	0	0	530I78M792I	4458304 Even1_278992	4372058
L	89661	1475	*	*	*	*	*	4408758	*
H	89661	100	100.0	+	0	0	525I100M850I	4458306 Even3_114499	4408758
L	49851	1424	*	*	*	*	*	114821	*
H	49851	100	98.0	+	0	0	454I100M870I	4458959 Even1_312253	114821
L	44005	1391	*	*	*	*	*	176955	*
H	44005	100	100.0	+	0	0	515I100M776I	4459184 Even3_255819	176955
L	60701	1381	*	*	*	*	*	1105928	*
H	60701	100	100.0	+	0	0	484I100M797I	4460263 Even2_40	1105928
L	77364	1476	*	*	*	*	*	783338	*
H	77364	100	98.0	+	0	0	522I100M854I	4462001 Even1_353022	783338
L	94577	1362	*	*	*	*	*	4460263	*
H	94577	86	97.7	+	0	0	431I86M845I	4462446 Even1_205985	4460263
L	9488	1520	*	*	*	*	*	579647	*
H	9488	80	97.5	+	0	0	537I80M903I	4462613 Even1_20794	579647
H	4533	87	100.0	+	0	0	431I87M925I	4463047 Even3_80205	806568
L	94935	1446	*	*	*	*	*	4464533	*
H	94935	100	100.0	+	0	0	495I88MI12M850I	4464533 Even2_1838	4464533
H	72937	100	99.0	+	0	0	483I100M847I	4467347 Even1_88172	3562626
L	77443	1358	*	*	*	*	*	4139697	*
H	77443	93	98.9	+	0	0	381I93M884I	4467425 Even2_10648	4139697
H	25646	100	96.0	+	0	0	504I100M751I	4467984 Even1_104450	311950
H	52526	83	100.0	+	0	0	504I83M827I	4468024 Even2_22437	85614
L	95308	1504	*	*	*	*	*	4468101	*
H	95308	100	100.0	+	0	0	498I100M906I	4468101 Even1_11727	4468101
L	37648	1459	*	*	*	*	*	220551	*
H	37648	88	97.7	+	0	0	501I88M870I	4468432 Even1_223683	220551
L	13829	1365	*	*	*	*	*	545473	*
H	13829	100	100.0	+	0	0	495I100M770I	4469302 Even2_243	545473
L	1096	1361	*	*	*	*	*	1042479	*
H	1096	100	100.0	+	0	0	508I100M753I	4469722 Even1_96310	1042479
L	60282	1378	*	*	*	*	*	1134826	*
H	60282	100	100.0	+	0	0	366I100M912I	4469864 Even1_362965	1134826
H	95565	76	100.0	+	0	0	475I76M893I	4470603 Even3_3610	4470603
L	64716	1394	*	*	*	*	*	820599	*
H	64716	82	97.6	+	0	0	520I82M792I	4470886 Even1_397457	820599
L	70440	1487	*	*	*	*	*	1126072	*
H	70440	82	97.6	+	0	0	477I82M928I	4471279 Even1_215727	1126072
L	45960	1549	*	*	*	*	*	159299	*
H	45960	85	100.0	+	0	0	538I85M926I	4471435 Even1_124175	159299
L	95650	1485	*	*	*	*	*	4471583	*
H	95650	100	99.0	+	0	0	517I100M868I	4471583 Even2_344581	4471583
H	55016	92	97.8	+	0	0	441I92M856I	4472240 Even1_13919	15728
L	77300	1452	*	*	*	*	*	4120404	*
H	77300	85	98.8	+	0	0	502I85M865I	4474255 Even1_11661	4120404
L	49795	1505	*	*	*	*	*	118817	*
H	49795	94	98.9	+	0	0	502I94M909I	4474486 Even1_324387	118817
L	8548	1446	*	*	*	*	*	586307	*
H	8548	100	99.0	+	0	0	500I100M846I	4474787 Even1_53698	586307
L	32367	1507	*	*	*	*	*	263449	*
H	32367	100	99.0	+	0	0	526I100M881I	4475144 Even1_63809	263449
H	29530	79	97.5	+	0	0	506I79M779I	4475686 Even1_184894	281938
L	66721	1494	*	*	*	*	*	1133471	*
H	66721	100	100.0	+	0	0	528I100M866I	4476578 Even1_73990	1133471
L	17719	1349	*	*	*	*	*	505565	*
H	17719	76	98.7	+	0	0	496I76M777I	4476950 Even1_1873	505565
L	61494	1522	*	*	*	*	*	1112700	*
H	61494	77	98.7	+	0	0	543I77M902I	4477307 Even1_38908	1112700
H	96214	100	100.0	+	0	0	488I100M863I	4477479 Even1_22501	4477479
L	44163	1397	*	*	*	*	*	176034	*
H	44163	100	100.0	+	0	0	527I100M770I	4477861 Even3_98	176034
L	89038	1532	*	*	*	*	*	4402520	*
H	89038	100	100.0	+	0	0	518I100M914I	4478148 Even1_45559	4402520
L	11910	1492	*	*	*	*	*	560820	*
H	11910	100	100.0	+	0	0	524I100M868I	4478413 Even3_106877	560820
L	96400	1443	*	*	*	*	*	4479485	*
H	96400	93	98.9	+	0	0	431I93M919I	4479485 Even1_34158	4479485
H	96557	100	100.0	+	0	0	501I100M757I	4480861 Even3_348	4480861
H	41286	100	97.0	+	0	0	521I100M772I	4480970 Even2_94001	191487
H	36696	100	97.0	+	0	0	480I100M878I	4481244 Even2_313381	230213
L	96618	1516	*	*	*	*	*	4481484	*
H	96618	100	100.0	+	0	0	521I100M895I	4481484 Even3_182452	4481484
L	12321	1477	*	*	*	*	*	557627	*
H	12321	100	100.0	+	0	0	498I100M879I	4481624 Even3_311277	557627
L	9065	1390	*	*	*	*	*	582691	*
H	9065	77	97.4	+	0	0	413I77M900I	4482110 Even3_367335	582691
L	3000	1449	*	*	*	*	*	838293	*
H	3000	79	98.7	+	0	0	467I79M903I	4483077 Even3_109637	838293
H	13829	84	98.8	+	0	0	495I84M786I	4483391 Even2_251691	545473
H	81756	76	100.0	+	0	0	512I76M871I	4483570 Even3_43454	4325533
L	96826	1423	*	*	*	*	*	4483859	*
H	96826	85	97.6	+	0	0	472I85M866I	4483859 Even1_166839	4483859
L	42301	1399	*	*	*	*	*	185974	*
H	42301	78	94.9	+	0	0	524I78M797I	4484010 Even3_35098	185974
L	35078	1485	*	*	*	*	*	244240	*
H	35078	78	100.0	+	0	0	520I78M887I	4484245 Even2_299827	244240
H	70294	100	97.0	+	0	0	501I100M845I	4484466 Even1_57084	3232397
L	32599	1387	*	*	*	*	*	262095	*
H	32599	76	97.4	+	0	0	520I76M791I	45363 Even3_72440	262095
L	9423	1491	*	*	*	*	*	580090	*
H	9423	83	98.8	+	0	0	514I83M894I	454363 Even2_197523	580090
L	64456	1504	*	*	*	*	*	1122077	*
H	64456	80	96.2	+	0	0	523I80M901I	46931 Even3_37558	1122077
H	17858	100	100.0	+	0	0	519I100M906I	470117 Even2_334	470117
L	17852	1535	*	*	*	*	*	471180	*
H	17852	100	100.0	+	0	0	517I100M918I	471180 Even1_206	471180
L	53922	1439	*	*	*	*	*	47477	*
H	53922	84	100.0	+	0	0	501I84M854I	47477 Even2_22937	47477
H	17731	100	99.0	+	0	0	493I100M750I	503372 Even2_15	503372
L	53820	1474	*	*	*	*	*	50530	*
H	53820	100	100.0	+	0	0	517I100M857I	50530 Even1_91160	50530
L	82241	1393	*	*	*	*	*	4331006	*
H	82241	76	97.4	+	0	0	522I76M795I	509109 Even2_376243	4331006
L	24060	1395	*	*	*	*	*	323619	*
H	24060	85	98.8	+	0	0	527I85M783I	509636 Even2_14788	323619
H	8590	100	99.0	+	0	0	495I100M765I	509709 Even3_47124	586019
H	9423	92	98.9	+	0	0	514I92M885I	510777 Even2_16632	580090
L	17043	1388	*	*	*	*	*	513405	*
H	17043	85	100.0	+	0	0	515I85M788I	510780 Even3_2420	513405
L	14506	1466	*	*	*	*	*	540402	*
H	14506	100	100.0	+	0	0	489I100M877I	510870 Even1_1314	540402
H	17390	92	100.0	+	0	0	507I92M787I	511008 Even3_47815	511008
L	17378	1321	*	*	*	*	*	511074	*
H	17378	78	98.7	+	0	0	455I78M788I	511074 Even2_51321	511074
H	61851	83	98.8	+	0	0	491I83M858I	511386 Even2_107872	2189140
L	44832	1373	*	*	*	*	*	170798	*
H	44832	100	99.0	+	0	0	427I100M846I	511908 Even3_221420	170798
L	71211	1469	*	*	*	*	*	1131220	*
H	71211	100	100.0	+	0	0	495I100M874I	514711 Even1_170472	1131220
L	15698	1393	*	*	*	*	*	529873	*
H	15698	100	100.0	+	0	0	516I100M777I	516553 Even1_124605	529873
H	40047	96	99.0	+	0	0	517I96M787I	518438 Even1_290353	197930
H	82090	100	99.0	+	0	0	493I100M831I	518613 Even1_7693	4329132
L	38487	1383	*	*	*	*	*	211848	*
H	38487	79	98.7	+	0	0	521I79M783I	519625 Even2_238016	211848
L	12298	1440	*	*	*	*	*	557785	*
H	12298	86	98.8	+	0	0	488I86M866I	520587 Even1_251819	557785
L	22474	1391	*	*	*	*	*	335071	*
H	22474	82	97.6	+	0	0	516I82M793I	52106 Even2_9420	335071
L	94231	1354	*	*	*	*	*	4456605	*
H	94231	91	96.7	+	0	0	414I91M849I	52163 Even2_289322	4456605
H	61181	86	96.5	+	0	0	495I86M783I	522582 Even2_351364	846127
L	81482	1394	*	*	*	*	*	4322588	*
H	81482	81	98.8	+	0	0	518I81M795I	523025 Even3_196629	4322588
H	44834	77	98.7	+	0	0	412I77M911I	523934 Even2_255496	170775
H	16118	86	98.8	+	0	0	521I86M779I	524661 Even1_21437	524661
L	16059	1389	*	*	*	*	*	525401	*
H	16059	84	100.0	+	0	0	515I84M790I	525401 Even3_123259	525401
L	16049	1380	*	*	*	*	*	525474	*
H	16049	76	97.4	+	0	0	505I76M799I	525474 Even1_281896	525474
L	15903	1368	*	*	*	*	*	527507	*
H	15903	100	99.0	+	0	0	440I100M828I	527507 Even1_92307	527507
L	15863	1441	*	*	*	*	*	527988	*
H	15863	100	98.0	+	0	0	494I100M847I	527988 Even3_18843	527988
L	29565	1400	*	*	*	*	*	280706	*
H	29565	93	100.0	+	0	0	527I93M780I	528421 Even2_16911	280706
H	18866	82	97.6	+	0	0	487I82M781I	529377 Even1_102579	367813
L	15715	1391	*	*	*	*	*	529740	*
H	15715	93	100.0	+	0	0	516I93M782I	529740 Even1_80345	529740
L	15671	1401	*	*	*	*	*	530206	*
H	15671	100	100.0	+	0	0	529I100M772I	530206 Even2_171499	530206
L	11886	1386	*	*	*	*	*	561027	*
H	11886	82	100.0	+	0	0	514I82M790I	530379 Even3_127650	561027
L	15636	1391	*	*	*	*	*	530629	*
H	15636	85	97.6	+	0	0	516I85M790I	530629 Even1_346456	530629
L	15400	1492	*	*	*	*	*	533373	*
H	15400	100	100.0	+	0	0	525I100M867I	533373 Even2_47169	533373
L	15296	1524	*	*	*	*	*	534321	*
H	15296	85	100.0	+	0	0	539I85M900I	534321 Even2_140104	534321
L	15210	1464	*	*	*	*	*	534957	*
H	15210	85	100.0	+	0	0	488I85M891I	534957 Even2_158900	534957
L	53577	1460	*	*	*	*	*	60332	*
H	53577	100	99.0	+	0	0	502I100M858I	534965 Even2_67191	60332
L	15116	1351	*	*	*	*	*	535707	*
H	15116	83	100.0	+	0	0	483I83M785I	535707 Even2_75379	535707
L	14979	1491	*	*	*	*	*	536831	*
H	14979	82	100.0	+	0	0	515I82M894I	536831 Even1_8769	536831
L	7181	1364	*	*	*	*	*	621743	*
H	7181	100	99.0	+	0	0	498I100M766I	537078 Even2_338550	621743
L	14944	1353	*	*	*	*	*	537085	*
H	14944	100	99.0	+	0	0	479I100M774I	537085 Even2_4717	537085
L	14940	1527	*	*	*	*	*	537118	*
H	14940	84	97.6	+	0	0	542I84M901I	537118 Even1_155053	537118
H	91997	100	99.0	+	0	0	477I100M836I	538000 Even2_108491	4432891
L	14752	1491	*	*	*	*	*	538512	*
H	14752	96	97.9	+	0	0	519I96M876I	538512 Even3_313093	538512
L	14698	1327	*	*	*	*	*	538907	*
H	14698	76	100.0	+	0	0	426I76M825I	538907 Even3_184308	538907
L	90387	1502	*	*	*	*	*	4416562	*
H	90387	92	100.0	+	0	0	525I92M885I	540402 Even2_2265	4416562
L	49637	1480	*	*	*	*	*	128353	*
H	49637	100	99.0	+	0	0	518I100M862I	540508 Even1_167188	128353
L	38646	1346	*	*	*	*	*	210269	*
H	38646	81	100.0	+	0	0	432I81M833I	540793 Even3_2467	210269
H	7341	81	98.8	+	0	0	524I81M894I	540876 Even3_179945	610462
L	14413	1492	*	*	*	*	*	540982	*
H	14413	100	100.0	+	0	0	525I56MI44M866I	540982 Even3_361925	540982
L	48968	1482	*	*	*	*	*	136946	*
H	48968	80	100.0	+	0	0	523I80M879I	541119 Even1_170	136946
H	44834	78	98.7	+	0	0	412I78M910I	541415 Even3_310269	170775
L	14337	1406	*	*	*	*	*	541517	*
H	14337	100	100.0	+	0	0	520I100M786I	541517 Even3_42907	541517
L	12204	1318	*	*	*	*	*	558531	*
H	12204	77	100.0	+	0	0	412I77M829I	542096 Even2_89096	558531
H	55508	83	98.8	+	0	0	513I83M910I	542496 Even3_123301	10212
L	37785	1492	*	*	*	*	*	219248	*
H	37785	81	100.0	+	0	0	502I81M909I	542725 Even1_77685	219248
L	14047	1481	*	*	*	*	*	543813	*
H	14047	100	99.0	+	0	0	518I100M863I	543813 Even2_45392	543813
L	12017	1368	*	*	*	*	*	559954	*
H	12017	76	98.7	+	0	0	472I76M820I	544824 Even3_359603	559954
H	17096	100	97.0	+	0	0	523I100M772I	545061 Even1_135361	513003
L	12038	1483	*	*	*	*	*	559843	*
H	12038	100	100.0	+	0	0	501I100M882I	545460 Even3_29542	559843
L	27667	1390	*	*	*	*	*	298254	*
H	27667	100	98.0	+	0	0	515I100M775I	545473 Even3_28216	298254
L	63192	1463	*	*	*	*	*	776980	*
H	63192	76	98.7	+	0	0	504I76M883I	546384 Even3_300635	776980
L	92513	1441	*	*	*	*	*	4438090	*
H	92513	100	99.0	+	0	0	487I100M854I	547287 Even1_102215	4438090
L	9295	1481	*	*	*	*	*	581021	*
H	9295	76	98.7	+	0	0	532I76M873I	547304 Even2_385386	581021
L	26125	1364	*	*	*	*	*	308502	*
H	26125	80	98.8	+	0	0	486I80M798I	547714 Even3_297422	308502
H	44472	100	96.0	+	0	0	513I100M770I	548503 Even3_333613	174332
H	13352	100	100.0	+	0	0	496I100M886I	549232 Even1_3299	549232
L	73051	1442	*	*	*	*	*	1029559	*
H	73051	100	97.0	+	0	0	475I100M867I	549656 Even1_3363	1029559
L	13247	1408	*	*	*	*	*	550013	*
H	13247	79	98.7	+	0	0	495I79M834I	550013 Even1_102518	550013
H	53577	87	98.9	+	0	0	502I87M871I	552376 Even3_16335	60332
L	67921	1401	*	*	*	*	*	703635	*
H	67921	82	98.8	+	0	0	514I82M805I	553208 Even2_128601	703635
L	12466	1399	*	*	*	*	*	556451	*
H	12466	77	98.7	+	0	0	511I77M811I	556451 Even1_245627	556451
H	4878	100	100.0	+	0	0	516I100M828I	558081 Even3_38	788593
L	12093	1509	*	*	*	*	*	559499	*
H	12093	81	97.5	+	0	0	502I81M926I	558531 Even1_93909	559499
L	12131	1418	*	*	*	*	*	559200	*
H	12131	100	100.0	+	0	0	535I100M783I	559200 Even3_282529	559200
H	55530	81	98.8	+	0	0	473I81M867I	560465 Even3_172459	9727
L	20981	1446	*	*	*	*	*	345951	*
H	20981	78	100.0	+	0	0	486I78M882I	560685 Even2_87226	345951
L	36404	1484	*	*	*	*	*	234515	*
H	36404	100	98.0	+	0	0	522I78MD21M863I	561881 Even3_131811	234515
L	11620	1454	*	*	*	*	*	563009	*
H	11620	79	97.5	+	0	0	475I79M900I	563009 Even2_102452	563009
L	11477	1332	*	*	*	*	*	564123	*
H	11477	100	100.0	+	0	0	470I100M762I	564123 Even3_61251	564123
L	5244	1502	*	*	*	*	*	759061	*
H	5244	81	97.5	+	0	0	527I81M894I	566976 Even2_148775	759061
H	55530	83	97.6	+	0	0	473I83M865I	568293 Even1_213583	9727
H	9825	81	98.8	+	0	0	507I81M792I	569522 Even2_234210	577082
H	45632	100	99.0	+	0	0	547I100M917I	573107 Even2_1672	161579
L	41512	1443	*	*	*	*	*	190279	*
H	41512	100	97.0	+	0	0	486I100M857I	574269 Even1_45382	190279
L	10051	1470	*	*	*	*	*	575467	*
H	10051	100	100.0	+	0	0	482I100M888I	575467 Even1_326626	575467
H	17096	78	97.4	+	0	0	523I78M794I	577027 Even2_8252	513003
L	3327	1352	*	*	*	*	*	829240	*
H	3327	76	97.4	+	0	0	389I76M887I	579499 Even3_23178	829240
H	9687	82	96.3	+	0	0	509I82M847I	580295 Even2_269180	578401
L	51295	1486	*	*	*	*	*	104181	*
H	51295	100	95.0	+	0	0	518I100M868I	58374 Even1_304751	104181
H	39818	100	99.0	+	0	0	515I100M775I	584463 Even1_75941	199156
H	12256	80	97.5	+	0	0	528I80M894I	585574 Even2_279727	558081
L	27415	1404	*	*	*	*	*	299851	*
H	27415	81	97.5	+	0	0	526I81M797I	585701 Even2_66460	299851
L	27496	1369	*	*	*	*	*	299326	*
H	27496	100	97.0	+	0	0	502I100M767I	586920 Even1_40224	299326
L	8420	1370	*	*	*	*	*	587269	*
H	8420	76	100.0	+	0	0	506I76M788I	587269 Even3_217590	587269
L	55946	1477	*	*	*	*	*	3439	*
H	55946	100	98.0	+	0	0	475I100M902I	587648 Even1_95119	3439
L	8358	1470	*	*	*	*	*	587788	*
H	8358	100	99.0	+	0	0	487I100M883I	587788 Even1_123618	587788
L	7857	1345	*	*	*	*	*	591285	*
H	7857	86	100.0	+	0	0	503I86M756I	591285 Even2_2661	591285
L	56753	1405	*	*	*	*	*	609704	*
H	56753	100	100.0	+	0	0	471I100M834I	609704 Even3_49577	609704
L	24146	1458	*	*	*	*	*	322919	*
H	24146	94	100.0	+	0	0	498I94M866I	610188 Even1_192281	322919
L	5433	1502	*	*	*	*	*	747864	*
H	5433	100	100.0	+	0	0	523I100M879I	614504 Even2_191354	747864
L	72024	1447	*	*	*	*	*	798260	*
H	72024	100	98.0	+	0	0	496I100M851I	614969 Even3_49078	798260
L	29033	1374	*	*	*	*	*	289679	*
H	29033	79	98.7	+	0	0	500I79M795I	616688 Even3_52306	289679
H	40773	91	98.9	+	0	0	524I91M778I	619140 Even2_218749	194215
L	76439	1308	*	*	*	*	*	627321	*
H	76439	84	98.8	+	0	0	449I84M775I	627321 Even3_341313	627321
L	65578	1461	*	*	*	*	*	630172	*
H	65578	100	99.0	+	0	0	483I100M878I	630172 Even1_22993	630172
L	68775	1498	*	*	*	*	*	719519	*
H	68775	100	100.0	+	0	0	517I100M881I	632346 Even3_23218	719519
L	14720	1489	*	*	*	*	*	538768	*
H	14720	95	97.9	+	0	0	523I95M871I	632692 Even2_393772	538768
L	75989	1498	*	*	*	*	*	637546	*
H	75989	100	100.0	+	0	0	518I100M880I	637546 Even2_156209	637546
L	22202	1518	*	*	*	*	*	336977	*
H	22202	100	97.0	+	0	0	540I100M878I	640739 Even1_353408	336977
L	31073	1398	*	*	*	*	*	271406	*
H	31073	100	100.0	+	0	0	526I100M772I	649107 Even1_53427	271406
L	78155	1516	*	*	*	*	*	652272	*
H	78155	79	100.0	+	0	0	522I79M915I	652272 Even3_341384	652272
L	66937	1480	*	*	*	*	*	652696	*
H	66937	81	100.0	+	0	0	488I81M911I	652696 Even1_38745	652696
L	94387	1393	*	*	*	*	*	4458304	*
H	94387	100	96.0	+	0	0	527I100M766I	654696 Even2_179550	4458304
L	53363	1438	*	*	*	*	*	65683	*
H	53363	91	98.9	+	0	0	464I91M883I	65683 Even3_31478	65683
H	37483	100	97.0	+	0	0	524I100M777I	656889 Even2_136315	222043
L	68436	1521	*	*	*	*	*	2996653	*
H	68436	100	96.0	+	0	0	541I100M880I	662983 Even1_104666	2996653
L	31405	1503	*	*	*	*	*	269392	*
H	31405	100	100.0	+	0	0	512I100M891I	664205 Even1_182480	269392
H	31646	100	97.0	+	0	0	518I100M878I	665978 Even1_281242	268101
H	62955	81	98.8	+	0	0	532I81M907I	676211 Even3_57646	1126691
L	8811	1491	*	*	*	*	*	584375	*
H	8811	100	97.0	+	0	0	507I100M884I	681370 Even2_165742	584375
L	78580	1345	*	*	*	*	*	683112	*
H	78580	82	98.8	+	0	0	477I82M786I	683112 Even1_237454	683112
L	65733	1448	*	*	*	*	*	1115854	*
H	65733	100	99.0	+	0	0	469I100M879I	683458 Even1_161052	1115854
L	21913	1345	*	*	*	*	*	338992	*
H	21913	100	96.0	+	0	0	494I100M751I	686900 Even3_67894	338992
L	6269	1393	*	*	*	*	*	686972	*
H	6269	81	98.8	+	0	0	459I81M853I	686972 Even2_60347	686972
L	61679	1498	*	*	*	*	*	687792	*
H	61679	81	100.0	+	0	0	516I32MI49M900I	687792 Even1_58957	687792
L	68127	1476	*	*	*	*	*	697681	*
H	68127	100	100.0	+	0	0	513I100M863I	697681 Even2_279991	697681
L	60102	1451	*	*	*	*	*	702276	*
H	60102	100	100.0	+	0	0	499I100M852I	702276 Even2_231871	702276
H	60701	81	97.5	+	0	0	484I81M816I	702681 Even3_257475	1105928
H	94577	77	98.7	+	0	0	431I77M854I	714794 Even1_388148	4460263
L	41633	1387	*	*	*	*	*	189667	*
H	41633	100	99.0	+	0	0	512I100M775I	721704 Even2_70625	189667
L	55528	1476	*	*	*	*	*	9819	*
H	55528	100	99.0	+	0	0	503I100M873I	725048 Even3_50398	9819
L	77461	1440	*	*	*	*	*	726730	*
H	77461	100	100.0	+	0	0	484I100M856I	726730 Even3_48368	726730
H	15863	100	97.0	+	0	0	494I100M847I	727945 Even1_348010	527988
L	78917	1381	*	*	*	*	*	4296689	*
H	78917	100	100.0	+	0	0	508I100M773I	728293 Even1_67509	4296689
L	57525	1352	*	*	*	*	*	1669160	*
H	57525	91	100.0	+	0	0	500I91M761I	729700 Even3_325643	1669160
L	36971	1416	*	*	*	*	*	226697	*
H	36971	100	97.0	+	0	0	462I100M854I	735476 Even1_45506	226697
L	77434	1491	*	*	*	*	*	741298	*
H	77434	81	98.8	+	0	0	526I81M884I	741298 Even2_15580	741298
H	36696	76	98.7	+	0	0	480I76M902I	744029 Even2_384772	230213
L	51659	1455	*	*	*	*	*	101320	*
H	51659	76	100.0	+	0	0	499I76M880I	74443 Even3_207774	101320
L	3637	1487	*	*	*	*	*	822544	*
H	3637	84	95.2	+	0	0	518I84M885I	744941 Even2_90272	822544
H	90387	92	98.9	+	0	0	525I92M885I	746679 Even3_129961	4416562
L	71563	1518	*	*	*	*	*	928736	*
H	71563	82	100.0	+	0	0	538I82M898I	766120 Even2_66528	928736
L	5103	1489	*	*	*	*	*	769961	*
H	5103	100	98.0	+	0	0	524I100M865I	769961 Even1_18637	769961
H	76676	76	100.0	+	0	0	512I76M789I	777944 Even1_42089	777944
L	12397	1425	*	*	*	*	*	557093	*
H	12397	76	96.1	+	0	0	481I76M868I	778059 Even1_160036	557093
H	4878	77	98.7	+	0	0	516I77M851I	788593 Even3_78191	788593
L	5290	1475	*	*	*	*	*	756100	*
H	5290	100	100.0	+	0	0	503I100M872I	792520 Even2_316251	756100
L	67096	1363	*	*	*	*	*	1010113	*
H	67096	100	100.0	+	0	0	506I100M757I	806143 Even1_2271	1010113
L	56880	1324	*	*	*	*	*	806380	*
H	56880	100	100.0	+	0	0	419I100M805I	806380 Even2_3075	806380
L	14013	1417	*	*	*	*	*	544067	*
H	14013	77	100.0	+	0	0	535I77M805I	807070 Even3_299814	544067
L	34711	1483	*	*	*	*	*	247055	*
H	34711	76	100.0	+	0	0	506I76M901I	807821 Even3_73592	247055
L	19244	1503	*	*	*	*	*	361233	*
H	19244	100	99.0	+	0	0	526I100M877I	808706 Even3_9557	361233
L	28673	1354	*	*	*	*	*	291846	*
H	28673	86	97.7	+	0	0	504I86M764I	810425 Even2_74980	291846
L	60994	1411	*	*	*	*	*	810700	*
H	60994	100	99.0	+	0	0	451I100M860I	810700 Even2_300202	810700
L	61593	1412	*	*	*	*	*	734326	*
H	61593	84	96.4	+	0	0	477I84M851I	812095 Even3_93283	734326
L	4217	1379	*	*	*	*	*	812155	*
H	4217	77	100.0	+	0	0	507I56MI21M794I	812155 Even3_140782	812155
L	3716	1372	*	*	*	*	*	821080	*
H	3716	100	97.0	+	0	0	502I100M770I	812351 Even3_351528	821080
L	36436	1442	*	*	*	*	*	234148	*
H	36436	100	98.0	+	0	0	465I100M877I	812549 Even1_86325	234148
L	48248	1475	*	*	*	*	*	142471	*
H	48248	90	98.9	+	0	0	519I90M866I	813195 Even1_17153	142471
H	64825	85	97.6	+	0	0	501I85M927I	813479 Even1_211161	813479
L	33915	1496	*	*	*	*	*	253061	*
H	33915	85	98.8	+	0	0	525I85M886I	813564 Even2_131362	253061
L	11939	1489	*	*	*	*	*	560629	*
H	11939	81	98.8	+	0	0	526I81M882I	814112 Even1_15502	560629
L	52702	1490	*	*	*	*	*	81462	*
H	52702	100	98.0	+	0	0	522I100M868I	81462 Even1_9487	81462
H	52269	81	97.5	+	0	0	524I81M898I	819636 Even1_318925	91557
H	94441	82	95.1	+	0	0	474I82M896I	820315 Even1_346658	4458775
H	4878	90	97.8	+	0	0	516I90M838I	820375 Even3_390081	788593
L	50263	1425	*	*	*	*	*	112804	*
H	50263	82	98.8	+	0	0	461I82M882I	821187 Even1_213509	112804
L	73030	1505	*	*	*	*	*	823916	*
H	73030	100	99.0	+	0	0	496I100M909I	823916 Even3_325880	823916
L	55521	1484	*	*	*	*	*	9939	*
H	55521	81	98.8	+	0	0	506I81M897I	824402 Even1_188270	9939
L	5453	1493	*	*	*	*	*	746679	*
H	5453	100	100.0	+	0	0	520I100M873I	824742 Even3_146700	746679
H	17852	100	99.0	+	0	0	517I100M918I	824876 Even3_161203	471180
L	14672	1505	*	*	*	*	*	539107	*
H	14672	84	98.8	+	0	0	518I84M903I	825033 Even2_146078	539107
H	63104	81	97.5	+	0	0	529I81M803I	825989 Even3_43038	2342005
L	51230	1406	*	*	*	*	*	104646	*
H	51230	100	100.0	+	0	0	461I100M845I	826124 Even3_39763	104646
H	54237	84	97.6	+	0	0	492I84M881I	827943 Even1_3011	38357
L	57681	1495	*	*	*	*	*	828333	*
H	57681	100	99.0	+	0	0	517I100M878I	828333 Even3_347516	828333
L	66087	1381	*	*	*	*	*	1122622	*
H	66087	89	95.5	+	0	0	466I89M826I	828474 Even3_334364	1122622
L	19399	1444	*	*	*	*	*	358538	*
H	19399	93	100.0	+	0	0	474I93M877I	828880 Even2_84993	358538
L	67083	1502	*	*	*	*	*	831395	*
H	67083	100	100.0	+	0	0	524I100M878I	829600 Even2_16708	831395
L	51402	1381	*	*	*	*	*	103400	*
H	51402	76	98.7	+	0	0	497I76M808I	83055 Even2_359849	103400
L	64802	1522	*	*	*	*	*	831386	*
H	64802	91	98.9	+	0	0	539I91M892I	831386 Even1_213164	831386
L	78594	1497	*	*	*	*	*	832540	*
H	78594	100	99.0	+	0	0	528I100M869I	832540 Even1_45387	832540
L	30868	1388	*	*	*	*	*	272749	*
H	30868	76	98.7	+	0	0	514I76M798I	833390 Even2_126675	272749
L	15236	1482	*	*	*	*	*	534771	*
H	15236	93	97.8	+	0	0	502I93M887I	834418 Even1_51642	534771
L	2930	1469	*	*	*	*	*	843189	*
H	2930	89	100.0	+	0	0	487I89M893I	843189 Even1_111525	843189
H	61181	100	100.0	+	0	0	495I100M769I	846127 Even3_14	846127
H	43412	100	97.0	+	0	0	527I100M770I	847228 Even2_290305	180082
L	2800	1537	*	*	*	*	*	851961	*
H	2800	92	97.8	+	0	0	539I92M906I	851961 Even3_79236	851961
H	13352	95	97.9	+	0	0	496I95M891I	85614 Even3_34323	549232
L	52467	1497	*	*	*	*	*	87839	*
H	52467	100	98.0	+	0	0	516I100M881I	87839 Even2_34881	87839
L	82713	1432	*	*	*	*	*	4335781	*
H	82713	78	98.7	+	0	0	425I78M929I	897946 Even1_219383	4335781
L	8317	1445	*	*	*	*	*	588071	*
H	8317	93	96.8	+	0	0	468I93M884I	899404 Even1_64267	588071
L	66107	1530	*	*	*	*	*	899619	*
H	66107	78	98.7	+	0	0	541I78M911I	899619 Even1_155814	899619
L	52241	1502	*	*	*	*	*	91962	*
H	52241	92	97.8	+	0	0	526I92M884I	91962 Even3_213671	91962
L	22754	1454	*	*	*	*	*	332935	*
H	22754	87	97.7	+	0	0	506I87M861I	924547 Even1_135592	332935
L	77330	1337	*	*	*	*	*	931593	*
H	77330	100	100.0	+	0	0	478I100M759I	931593 Even1_222623	931593
H	85180	100	98.0	+	0	0	506I100M761I	947308 Even1_185690	4361611
L	52062	1412	*	*	*	*	*	95974	*
H	52062	76	100.0	+	0	0	495I76M841I	95974 Even3_132301	95974
H	55530	100	100.0	+	0	0	473I100M848I	9727 Even1_1386	9727
L	55526	1371	*	*	*	*	*	9846	*
H	55526	100	99.0	+	0	0	456I100M815I	9846 Even1_127912	9846
L	78048	1314	*	*	*	*	*	985116	*
H	78048	100	98.0	+	0	0	453I100M761I	985116 Even3_340671	985116
L	55523	1492	*	*	*	*	*	9912	*
H	55523	100	100.0	+	0	0	502I100M890I	9912 Even3_168240	9912
L	79048	1377	*	*	*	*	*	4297918	*
H	79048	91	97.8	+	0	0	442I91M844I	9918 Even1_318559	4297918
H	28228	77	100.0	+	0	0	504I77M799I	99566 Even2_115048	294708
L	1471	1428	*	*	*	*	*	997439	*
H	1471	85	100.0	+	0	0	497I85M846I	997439 Even1_16912	997439
H	12256	100	98.0	+	0	0	528I100M874I	9994 Even1_19305	558081
L	26803	1389	*	*	*	*	*	303452	*
H	26803	79	96.2	+	0	0	514I79M796I	New.ReferenceOTU0 Even1_183684	303452
N	*	100	*	*	*	*	*	New.ReferenceOTU1 Even3_388830	*
N	*	82	*	*	*	*	*	New.ReferenceOTU10 Even3_397118	*
L	28433	1374	*	*	*	*	*	293262	*
H	28433	100	90.0	+	0	0	520I100M754I	New.ReferenceOTU12 Even1_351195	293262
H	17719	82	95.1	+	0	0	496I82M771I	New.ReferenceOTU14 Even1_216621	505565
H	55508	96	94.8	+	0	0	513I96M897I	New.ReferenceOTU15 Even3_281625	10212
H	17731	100	95.0	+	0	0	493I100M750I	New.ReferenceOTU16 Even3_281251	503372
N	*	86	*	*	*	*	*	New.ReferenceOTU17 Even3_314268	*
H	43516	86	90.7	+	0	0	500I86M790I	New.ReferenceOTU18 Even2_300814	179526
H	76390	82	95.1	+	0	0	493I82M881I	New.ReferenceOTU2 Even2_293854	4008139
H	12829	100	93.0	+	0	0	488I100M862I	New.ReferenceOTU20 Even3_297202	553611
H	23380	100	95.0	+	0	0	533I100M871I	New.ReferenceOTU21 Even2_328460	328458
H	12829	81	95.1	+	0	0	488I81M881I	New.ReferenceOTU22 Even2_372103	553611
H	82713	82	95.1	+	0	0	425I82M925I	New.ReferenceOTU23 Even3_260389	4335781
N	*	100	*	*	*	*	*	New.ReferenceOTU24 Even2_386599	*
H	62902	77	96.1	+	0	0	505I77M933I	New.ReferenceOTU25 Even3_18315	825808
L	89021	1394	*	*	*	*	*	4402195	*
H	89021	100	91.0	+	0	0	484I100M810I	New.ReferenceOTU27 Even2_278016	4402195
L	66352	1432	*	*	*	*	*	2740953	*
H	66352	96	94.8	+	0	0	491I96M845I	New.ReferenceOTU28 Even2_316649	2740953
L	45193	1479	*	*	*	*	*	166692	*
H	45193	91	93.4	+	0	0	517I91M871I	New.ReferenceOTU30 Even3_318770	166692
L	43751	1395	*	*	*	*	*	178253	*
H	43751	85	96.5	+	0	0	525I85M785I	New.ReferenceOTU31 Even2_219925	178253
L	41630	1390	*	*	*	*	*	189679	*
H	41630	100	90.0	+	0	0	514I100M776I	New.ReferenceOTU4 Even2_254325	189679
L	61135	1374	*	*	*	*	*	1127760	*
H	61135	96	94.8	+	0	0	420I96M858I	New.ReferenceOTU5 Even1_283662	1127760
L	24270	1384	*	*	*	*	*	321972	*
H	24270	100	96.0	+	0	0	527I100M757I	New.ReferenceOTU6 Even3_297278	321972
H	905	100	93.0	+	0	0	446I100M834I	New.ReferenceOTU7 Even1_185791	1063126
L	12090	1381	*	*	*	*	*	559527	*
H	12090	81	93.8	+	0	0	503I81M797I	New.ReferenceOTU8 Even2_248328	559527
H	70294	95	95.8	+	0	0	501I95M850I	New.ReferenceOTU9 Even2_395027	3232397
N	*	100	*	*	*	*	*	New.CleanUp.ReferenceOTU0 Even3_378840	*
H	7341	100	96.0	+	0	0	524I100M875I	New.CleanUp.ReferenceOTU1 Even1_17943	610462
N	*	100	*	*	*	*	*	New.CleanUp.ReferenceOTU10000 Even2_375707	*
L	40890	1400	*	*	*	*	*	193623	*
H	40890	100	96.0	+	0	0	532I100M768I	New.CleanUp.ReferenceOTU10001 Even1_356163	193623
H	17852	100	96.0	+	0	0	517I100M918I	New.CleanUp.ReferenceOTU10008 Even1_205139	471180
L	3191	1454	*	*	*	*	*	832784	*
H	3191	94	90.4	+	0	0	508I94M852I	New.CleanUp.ReferenceOTU10009 Even2_293834	832784
H	26385	100	96.0	+	0	0	504I100M768I	New.CleanUp.ReferenceOTU10013 Even1_166443	306633
N	*	100	*	*	*	*	*	New.CleanUp.ReferenceOTU10018 Even3_375721	*
L	71567	1410	*	*	*	*	*	681370	*
H	71567	95	91.6	+	0	0	473I95M842I	New.CleanUp.ReferenceOTU1002 Even1_393260	681370
H	40890	100	96.0	+	0	0	532I100M768I	New.CleanUp.ReferenceOTU10023 Even2_392603	193623
H	21228	100	95.0	+	0	0	515I100M751I	New.CleanUp.ReferenceOTU10027 Even3_46054	344118
L	19496	1353	*	*	*	*	*	356760	*
H	19496	100	96.0	+	0	0	500I100M753I	New.CleanUp.ReferenceOTU10028 Even1_339007	356760
H	8811	100	91.0	+	0	0	507I100M884I	New.CleanUp.ReferenceOTU10029 Even1_19070	584375
H	40581	100	96.0	+	0	0	514I100M775I	New.CleanUp.ReferenceOTU10034 Even2_274233	195081
H	84501	96	92.7	+	0	0	523I96M773I	New.CleanUp.ReferenceOTU10035 Even3_278758	4354041
L	89165	1494	*	*	*	*	*	4403708	*
H	89165	80	91.2	+	0	0	528I80M886I	New.CleanUp.ReferenceOTU10037 Even3_278026	4403708
N	*	100	*	*	*	*	*	New.CleanUp.ReferenceOTU10038 Even3_378719	*
L	21686	1393	*	*	*	*	*	340650	*
H	21686	77	92.2	+	0	0	517I77M799I	New.CleanUp.ReferenceOTU1004 Even1_62612	340650
N	*	100	*	*	*	*	*	New.CleanUp.ReferenceOTU10043 Even1_368726	*
H	45632	100	96.0	+	0	0	547I100M917I	New.CleanUp.ReferenceOTU10046 Even1_390560	161579
H	72937	96	96.9	+	0	0	483I96M851I	New.CleanUp.ReferenceOTU10050 Even1_280014	3562626
H	18828	89	95.5	+	0	0	497I89M779I	New.CleanUp.ReferenceOTU10051 Even3_395309	368418
N	*	95	*	*	*	*	*	New.CleanUp.ReferenceOTU10053 Even3_395306	*
L	85442	1437	*	*	*	*	*	4364464	*
H	85442	100	95.0	+	0	0	488I100M849I	New.CleanUp.ReferenceOTU10059 Even2_390601	4364464
L	72683	1347	*	*	*	*	*	1097113	*
H	72683	79	93.7	+	0	0	493I79M775I	New.CleanUp.ReferenceOTU10062 Even3_276020	1097113
H	19702	90	96.7	+	0	0	516I90M768I	New.CleanUp.ReferenceOTU10065 Even3_99849	355269
H	56111	100	96.0	+	0	0	522I100M872I	New.CleanUp.ReferenceOTU10067 Even3_388530	1992
H	40890	96	92.7	+	0	0	532I96M772I	New.CleanUp.ReferenceOTU10068 Even3_388536	193623
L	61453	1457	*	*	*	*	*	812176	*
H	61453	81	96.3	+	0	0	500I81M876I	New.CleanUp.ReferenceOTU10072 Even1_295328	812176
H	24573	90	96.7	+	0	0	508I90M783I	New.CleanUp.ReferenceOTU10074 Even2_91311	319870
H	36359	93	95.7	+	0	0	487I93M919I	New.CleanUp.ReferenceOTU10078 Even3_371592	235262
N	*	100	*	*	*	*	*	New.CleanUp.ReferenceOTU10083 Even2_372042	*
N	*	100	*	*	*	*	*	New.CleanUp.ReferenceOTU10085 Even2_372047	*
N	*	100	*	*	*	*	*	New.CleanUp.ReferenceOTU10087 Even2_372049	*
H	7341	87	96.6	+	0	0	524I87M888I	New.CleanUp.ReferenceOTU10089 Even3_286764	610462
L	93001	1528	*	*	*	*	*	4443277	*
H	93001	77	93.5	+	0	0	520I77M931I	New.CleanUp.ReferenceOTU10090 Even2_314126	4443277
L	71934	1525	*	*	*	*	*	3431775	*
H	71934	100	96.0	+	0	0	541I100M884I	New.CleanUp.ReferenceOTU10099 Even1_392400	3431775
H	12829	88	96.6	+	0	0	488I88M874I	New.CleanUp.ReferenceOTU10101 Even2_129068	553611
N	*	82	*	*	*	*	*	New.CleanUp.ReferenceOTU10107 Even2_276462	*
H	15863	92	95.7	+	0	0	494I92M855I	New.CleanUp.ReferenceOTU10108 Even3_84369	527988
L	7286	1403	*	*	*	*	*	614083	*
H	7286	87	90.8	+	0	0	533I87M783I	New.CleanUp.ReferenceOTU1011 Even2_267987	614083
H	22784	100	96.0	+	0	0	508I100M752I	New.CleanUp.ReferenceOTU10115 Even2_281287	332732
H	20083	85	96.5	+	0	0	489I85M790I	New.CleanUp.ReferenceOTU10117 Even3_302099	352473
L	22788	1422	*	*	*	*	*	332718	*
H	22788	100	96.0	+	0	0	548I100M774I	New.CleanUp.ReferenceOTU10123 Even1_83481	332718
L	11602	1394	*	*	*	*	*	563169	*
H	11602	90	91.1	+	0	0	491I90M813I	New.CleanUp.ReferenceOTU10127 Even2_63413	563169
L	80180	1419	*	*	*	*	*	4309033	*
H	80180	76	96.1	+	0	0	483I76M860I	New.CleanUp.ReferenceOTU10129 Even1_218851	4309033
L	55134	1369	*	*	*	*	*	14287	*
H	55134	84	94.0	+	0	0	512I84M773I	New.CleanUp.ReferenceOTU10131 Even1_81882	14287
L	44170	1394	*	*	*	*	*	175972	*
H	44170	78	93.6	+	0	0	517I78M799I	New.CleanUp.ReferenceOTU10135 Even3_247978	175972
H	70294	100	91.0	+	0	0	501I100M845I	New.CleanUp.ReferenceOTU10136 Even3_271080	3232397
H	17731	89	96.6	+	0	0	493I89M761I	New.CleanUp.ReferenceOTU10144 Even2_206799	503372
H	82713	100	96.0	+	0	0	425I100M907I	New.CleanUp.ReferenceOTU10145 Even1_217478	4335781
H	49443	85	96.5	+	0	0	509I85M881I	New.CleanUp.ReferenceOTU10150 Even2_105342	132041
H	17719	94	94.7	+	0	0	496I94M759I	New.CleanUp.ReferenceOTU10153 Even2_393987	505565
H	47712	92	95.7	+	0	0	500I92M760I	New.CleanUp.ReferenceOTU10155 Even3_146294	145801
N	*	100	*	*	*	*	*	New.CleanUp.ReferenceOTU10156 Even3_381915	*
H	39357	76	94.7	+	0	0	480I76M915I	New.CleanUp.ReferenceOTU10157 Even3_381264	202829
H	43197	100	96.0	+	0	0	507I100M775I	New.CleanUp.ReferenceOTU10160 Even3_118022	181193
H	66269	100	92.0	+	0	0	492I100M856I	New.CleanUp.ReferenceOTU10167 Even3_341483	2730944
H	40209	92	92.4	+	0	0	514I92M784I	New.CleanUp.ReferenceOTU10168 Even3_314282	197050
H	44522	95	96.8	+	0	0	521I95M775I	New.CleanUp.ReferenceOTU1017 Even2_7954	174036
H	4878	95	96.8	+	0	0	516I95M833I	New.CleanUp.ReferenceOTU10171 Even1_367176	788593
H	17850	76	94.7	+	0	0	528I76M943I	New.CleanUp.ReferenceOTU10173 Even1_314271	484304
L	24518	1360	*	*	*	*	*	320291	*
H	24518	83	92.8	+	0	0	506I83M771I	New.CleanUp.ReferenceOTU10175 Even3_281817	320291
L	21014	1381	*	*	*	*	*	345658	*
H	21014	100	94.0	+	0	0	504I100M777I	New.CleanUp.ReferenceOTU10178 Even3_290213	345658
H	61181	100	96.0	+	0	0	495I100M769I	New.CleanUp.ReferenceOTU10179 Even3_168478	846127
N	*	100	*	*	*	*	*	New.CleanUp.ReferenceOTU1018 Even2_378839	*
H	55016	100	93.0	+	0	0	441I100M848I	New.CleanUp.ReferenceOTU10183 Even3_351617	15728
H	24573	86	95.3	+	0	0	508I86M787I	New.CleanUp.ReferenceOTU10186 Even2_277326	319870
L	40262	1393	*	*	*	*	*	196787	*
H	40262	93	93.5	+	0	0	518I93M782I	New.CleanUp.ReferenceOTU10189 Even2_76357	196787
L	8098	1391	*	*	*	*	*	589658	*
H	8098	92	93.5	+	0	0	517I92M782I	New.CleanUp.ReferenceOTU10190 Even2_284255	589658
H	23917	100	94.0	+	0	0	520I100M764I	New.CleanUp.ReferenceOTU10192 Even1_378421	324733
N	*	100	*	*	*	*	*	New.CleanUp.ReferenceOTU10194 Even3_284334	*
L	28096	1409	*	*	*	*	*	295590	*
H	28096	79	94.9	+	0	0	533I57MI22M796I	New.CleanUp.ReferenceOTU1020 Even2_17913	295590
H	27088	100	96.0	+	0	0	522I100M774I	New.CleanUp.ReferenceOTU10200 Even3_299620	301608
H	17731	100	93.0	+	0	0	493I100M750I	New.CleanUp.ReferenceOTU10204 Even1_305739	503372
N	*	94	*	*	*	*	*	New.CleanUp.ReferenceOTU1021 Even2_378834	*
L	70203	1370	*	*	*	*	*	859700	*
H	70203	91	92.3	+	0	0	514I91M765I	New.CleanUp.ReferenceOTU10210 Even1_333601	859700
N	*	100	*	*	*	*	*	New.CleanUp.ReferenceOTU10211 Even3_386640	*
H	23465	100	91.0	+	0	0	535I100M774I	New.CleanUp.ReferenceOTU10213 Even2_299220	327851
N	*	100	*	*	*	*	*	New.CleanUp.ReferenceOTU10218 Even2_390989	*
N	*	93	*	*	*	*	*	New.CleanUp.ReferenceOTU10220 Even2_378715	*
L	26551	1392	*	*	*	*	*	305329	*
H	26551	100	90.0	+	0	0	515I100M777I	New.CleanUp.ReferenceOTU10223 Even3_378944	305329
L	13700	1361	*	*	*	*	*	546406	*
H	13700	100	90.0	+	0	0	495I100M766I	New.CleanUp.ReferenceOTU10225 Even3_378946	546406
N	*	100	*	*	*	*	*	New.CleanUp.ReferenceOTU10227 Even1_368534	*
N	*	96	*	*	*	*	*	New.CleanUp.ReferenceOTU10229 Even1_356570	*
H	17719	100	95.0	+	0	0	496I100M753I	New.CleanUp.ReferenceOTU10230 Even2_147227	505565
L	96135	1439	*	*	*	*	*	4476751	*
H	96135	77	96.1	+	0	0	482I77M880I	New.CleanUp.ReferenceOTU10236 Even3_394688	4476751
H	40581	100	96.0	+	0	0	514I100M775I	New.CleanUp.ReferenceOTU10239 Even3_6708	195081
N	*	100	*	*	*	*	*	New.CleanUp.ReferenceOTU10240 Even3_372111	*
L	40200	1403	*	*	*	*	*	197091	*
H	40200	86	96.5	+	0	0	517I86M800I	New.CleanUp.ReferenceOTU10244 Even3_281679	197091
H	22725	100	95.0	+	0	0	516I100M776I	New.CleanUp.ReferenceOTU10247 Even2_132424	333166
L	88350	1448	*	*	*	*	*	4394977	*
H	88350	100	96.0	+	0	0	493I100M855I	New.CleanUp.ReferenceOTU10248 Even3_281674	4394977
H	43197	94	94.7	+	0	0	507I94M781I	New.CleanUp.ReferenceOTU1025 Even3_363662	181193
L	28381	1364	*	*	*	*	*	293594	*
H	28381	91	95.6	+	0	0	488I91M785I	New.CleanUp.ReferenceOTU10250 Even1_346409	293594
L	81368	1840	*	*	*	*	*	4321292	*
H	81368	96	90.6	+	0	0	481I96M1263I	New.CleanUp.ReferenceOTU10251 Even2_378578	4321292
H	43840	85	96.5	+	0	0	515I85M790I	New.CleanUp.ReferenceOTU10254 Even3_283410	177758
L	27555	1402	*	*	*	*	*	298988	*
H	27555	100	95.0	+	0	0	533I100M769I	New.CleanUp.ReferenceOTU10255 Even3_15108	298988
H	17852	81	95.1	+	0	0	517I81M937I	New.CleanUp.ReferenceOTU10260 Even1_123044	471180
H	40197	96	96.9	+	0	0	537I96M769I	New.CleanUp.ReferenceOTU10265 Even3_166113	197105
L	26660	1394	*	*	*	*	*	304563	*
H	26660	76	96.1	+	0	0	522I76M796I	New.CleanUp.ReferenceOTU10273 Even2_314339	304563
H	80617	84	96.4	+	0	0	485I84M838I	New.CleanUp.ReferenceOTU1028 Even1_280696	4313711
H	94577	100	90.0	+	0	0	431I100M831I	New.CleanUp.ReferenceOTU10280 Even2_391126	4460263
L	26896	1399	*	*	*	*	*	302880	*
H	26896	87	95.4	+	0	0	525I87M787I	New.CleanUp.ReferenceOTU10282 Even2_112621	302880
H	22629	83	95.2	+	0	0	508I83M788I	New.CleanUp.ReferenceOTU10289 Even3_65060	333859
H	27407	100	91.0	+	0	0	527I100M772I	New.CleanUp.ReferenceOTU10293 Even2_356411	299882
L	21135	1394	*	*	*	*	*	344725	*
H	21135	81	93.8	+	0	0	523I81M790I	New.CleanUp.ReferenceOTU10302 Even3_343443	344725
H	12256	95	96.8	+	0	0	528I95M879I	New.CleanUp.ReferenceOTU10303 Even1_367824	558081
H	86873	100	93.0	+	0	0	519I100M863I	New.CleanUp.ReferenceOTU10305 Even3_375287	4379449
H	42664	100	95.0	+	0	0	514I100M775I	New.CleanUp.ReferenceOTU1031 Even2_287233	183873
H	18947	100	95.0	+	0	0	526I100M763I	New.CleanUp.ReferenceOTU10313 Even1_48372	366386
N	*	100	*	*	*	*	*	New.CleanUp.ReferenceOTU10316 Even3_384349	*
H	42039	92	95.7	+	0	0	512I92M778I	New.CleanUp.ReferenceOTU1032 Even1_9116	187388
H	19889	100	96.0	+	0	0	515I100M775I	New.CleanUp.ReferenceOTU10321 Even2_333050	353791
L	96325	1375	*	*	*	*	*	4478663	*
H	96325	83	94.0	+	0	0	414I83M878I	New.CleanUp.ReferenceOTU10322 Even1_366024	4478663
H	4878	100	95.0	+	0	0	516I100M828I	New.CleanUp.ReferenceOTU10332 Even2_390297	788593
N	*	93	*	*	*	*	*	New.CleanUp.ReferenceOTU10334 Even3_388704	*
L	15084	1328	*	*	*	*	*	535955	*
H	15084	76	96.1	+	0	0	411I76M841I	New.CleanUp.ReferenceOTU1034 Even3_278930	535955
H	23917	85	96.5	+	0	0	520I85M779I	New.CleanUp.ReferenceOTU10348 Even2_355004	324733
H	88182	100	95.0	+	0	0	493I100M850I	New.CleanUp.ReferenceOTU10357 Even1_23512	4393083
H	55508	88	95.5	+	0	0	513I88M905I	New.CleanUp.ReferenceOTU1036 Even2_226816	10212
H	69259	100	94.0	+	0	0	488I100M853I	New.CleanUp.ReferenceOTU10360 Even2_12374	3101394
H	2815	81	96.3	+	0	0	511I81M787I	New.CleanUp.ReferenceOTU10364 Even1_254995	851323
N	*	94	*	*	*	*	*	New.CleanUp.ReferenceOTU10367 Even2_111268	*
H	60701	100	95.0	+	0	0	484I100M797I	New.CleanUp.ReferenceOTU10377 Even3_157778	1105928
L	40956	1394	*	*	*	*	*	193235	*
H	40956	93	96.8	+	0	0	514I93M787I	New.CleanUp.ReferenceOTU10386 Even3_157480	193235
H	42534	92	94.6	+	0	0	524I92M778I	New.CleanUp.ReferenceOTU10390 Even2_267738	184725
N	*	100	*	*	*	*	*	New.CleanUp.ReferenceOTU1040 Even3_333590	*
H	21733	96	95.8	+	0	0	451I96M878I	New.CleanUp.ReferenceOTU10404 Even1_394472	340298
H	65135	100	90.0	+	0	0	487I100M849I	New.CleanUp.ReferenceOTU10405 Even2_381737	2599837
H	54237	91	96.7	+	0	0	492I91M874I	New.CleanUp.ReferenceOTU10407 Even3_93259	38357
L	46105	1454	*	*	*	*	*	158215	*
H	46105	92	96.7	+	0	0	507I92M855I	New.CleanUp.ReferenceOTU10408 Even2_223666	158215
L	75755	1442	*	*	*	*	*	3929758	*
H	75755	100	96.0	+	0	0	493I100M849I	New.CleanUp.ReferenceOTU10417 Even3_227832	3929758
L	30124	1390	*	*	*	*	*	277181	*
H	30124	76	92.1	+	0	0	513I76M801I	New.CleanUp.ReferenceOTU10418 Even3_386253	277181
L	61151	1451	*	*	*	*	*	2101287	*
H	61151	81	95.1	+	0	0	488I81M882I	New.CleanUp.ReferenceOTU10421 Even2_385345	2101287
L	21016	1378	*	*	*	*	*	345635	*
H	21016	100	94.0	+	0	0	515I100M763I	New.CleanUp.ReferenceOTU10424 Even1_351449	345635
L	68174	1446	*	*	*	*	*	1142029	*
H	68174	94	96.8	+	0	0	485I94M867I	New.CleanUp.ReferenceOTU10426 Even1_318927	1142029
N	*	100	*	*	*	*	*	New.CleanUp.ReferenceOTU10430 Even2_381886	*
H	42823	83	95.2	+	0	0	515I83M789I	New.CleanUp.ReferenceOTU10432 Even1_363900	183139
L	83861	1359	*	*	*	*	*	4347159	*
H	83861	100	95.0	+	0	0	499I100M760I	New.CleanUp.ReferenceOTU10440 Even1_204530	4347159
H	17731	95	96.8	+	0	0	493I95M755I	New.CleanUp.ReferenceOTU10442 Even3_232635	503372
L	26242	1391	*	*	*	*	*	307761	*
H	26242	100	90.0	+	0	0	514I100M777I	New.CleanUp.ReferenceOTU10447 Even2_375095	307761
H	12256	100	93.0	+	0	0	528I100M874I	New.CleanUp.ReferenceOTU1045 Even1_102470	558081
L	39814	1392	*	*	*	*	*	199190	*
H	39814	92	96.7	+	0	0	521I92M779I	New.CleanUp.ReferenceOTU10450 Even2_163235	199190
L	42528	1398	*	*	*	*	*	184753	*
H	42528	96	94.8	+	0	0	526I96M776I	New.CleanUp.ReferenceOTU10453 Even2_276323	184753
L	28004	1359	*	*	*	*	*	296134	*
H	28004	100	92.0	+	0	0	488I100M771I	New.CleanUp.ReferenceOTU10454 Even3_381700	296134
N	*	100	*	*	*	*	*	New.CleanUp.ReferenceOTU10457 Even2_360525	*
H	12256	79	96.2	+	0	0	528I79M895I	New.CleanUp.ReferenceOTU10458 Even2_194023	558081
L	31203	1472	*	*	*	*	*	270612	*
H	31203	100	91.0	+	0	0	503I100M869I	New.CleanUp.ReferenceOTU10460 Even1_341602	270612
H	17731	95	92.6	+	0	0	493I95M755I	New.CleanUp.ReferenceOTU10464 Even1_291224	503372
L	5309	1445	*	*	*	*	*	754778	*
H	5309	100	95.0	+	0	0	508I100M837I	New.CleanUp.ReferenceOTU10469 Even3_351211	754778
L	33582	1474	*	*	*	*	*	255359	*
H	33582	100	96.0	+	0	0	513I100M861I	New.CleanUp.ReferenceOTU10470 Even3_9848	255359
L	16275	1394	*	*	*	*	*	522595	*
H	16275	100	94.0	+	0	0	522I100M772I	New.CleanUp.ReferenceOTU10478 Even2_293813	522595
N	*	100	*	*	*	*	*	New.CleanUp.ReferenceOTU10481 Even1_360549	*
H	55214	100	93.0	+	0	0	522I100M889I	New.CleanUp.ReferenceOTU10485 Even3_158424	13811
H	77627	86	95.3	+	0	0	517I86M893I	New.CleanUp.ReferenceOTU10488 Even1_283613	1109297
H	44170	93	92.5	+	0	0	517I93M784I	New.CleanUp.ReferenceOTU10491 Even3_192514	175972
H	4878	100	94.0	+	0	0	516I100M828I	New.CleanUp.ReferenceOTU10492 Even3_375702	788593
H	87902	100	96.0	+	0	0	508I100M816I	New.CleanUp.ReferenceOTU10500 Even1_115532	4390319
L	90171	1434	*	*	*	*	*	4414420	*
H	90171	80	96.2	+	0	0	498I80M856I	New.CleanUp.ReferenceOTU10502 Even1_300756	4414420
L	14363	1392	*	*	*	*	*	541334	*
H	14363	76	90.8	+	0	0	517I76M799I	New.CleanUp.ReferenceOTU10511 Even1_393337	541334
L	17804	1347	*	*	*	*	*	495095	*
H	17804	77	94.8	+	0	0	493I77M777I	New.CleanUp.ReferenceOTU10513 Even2_256230	495095
H	12256	100	96.0	+	0	0	528I100M874I	New.CleanUp.ReferenceOTU10514 Even3_61917	558081
H	86873	90	95.6	+	0	0	519I90M873I	New.CleanUp.ReferenceOTU10519 Even1_275102	4379449
L	22782	1327	*	*	*	*	*	332764	*
H	22782	90	93.3	+	0	0	488I90M749I	New.CleanUp.ReferenceOTU10526 Even2_378965	332764
H	95695	84	96.4	+	0	0	484I84M879I	New.CleanUp.ReferenceOTU10530 Even3_25382	4472174
H	36359	93	94.6	+	0	0	487I93M919I	New.CleanUp.ReferenceOTU10537 Even3_390799	235262
L	28779	1360	*	*	*	*	*	291254	*
H	28779	86	95.3	+	0	0	486I86M788I	New.CleanUp.ReferenceOTU10544 Even3_10837	291254
H	68174	86	96.5	+	0	0	485I86M875I	New.CleanUp.ReferenceOTU10555 Even3_297434	1142029
H	42465	100	96.0	+	0	0	514I100M775I	New.CleanUp.ReferenceOTU10560 Even3_135502	185140
H	36436	92	94.6	+	0	0	465I92M885I	New.CleanUp.ReferenceOTU10572 Even2_396830	234148
H	17731	100	91.0	+	0	0	493I100M750I	New.CleanUp.ReferenceOTU10574 Even3_371647	503372
L	15217	1399	*	*	*	*	*	534898	*
H	15217	83	96.4	+	0	0	483I83M833I	New.CleanUp.ReferenceOTU10575 Even1_33747	534898
L	27502	1386	*	*	*	*	*	299295	*
H	27502	84	90.5	+	0	0	520I84M782I	New.CleanUp.ReferenceOTU10580 Even1_149727	299295
H	24518	100	94.0	+	0	0	506I100M754I	New.CleanUp.ReferenceOTU10585 Even1_281613	320291
L	42754	1396	*	*	*	*	*	183480	*
H	42754	95	96.8	+	0	0	525I95M776I	New.CleanUp.ReferenceOTU10588 Even3_355982	183480
L	23509	1413	*	*	*	*	*	327536	*
H	23509	100	93.0	+	0	0	455I100M858I	New.CleanUp.ReferenceOTU10589 Even1_5532	327536
H	40197	100	95.0	+	0	0	537I100M765I	New.CleanUp.ReferenceOTU10596 Even3_186534	197105
H	90171	100	91.0	+	0	0	498I100M836I	New.CleanUp.ReferenceOTU10599 Even2_128783	4414420
H	39357	100	96.0	+	0	0	480I100M891I	New.CleanUp.ReferenceOTU106 Even1_133018	202829
H	2815	92	94.6	+	0	0	511I92M776I	New.CleanUp.ReferenceOTU1060 Even1_386353	851323
H	4878	89	96.6	+	0	0	516I89M839I	New.CleanUp.ReferenceOTU10601 Even2_275697	788593
H	27251	95	93.7	+	0	0	524I95M784I	New.CleanUp.ReferenceOTU10604 Even2_247216	300729
L	61944	1451	*	*	*	*	*	2198356	*
H	61944	95	95.8	+	0	0	504I95M852I	New.CleanUp.ReferenceOTU10608 Even3_280785	2198356
L	96051	1447	*	*	*	*	*	814112	*
H	96051	95	95.8	+	0	0	479I95M873I	New.CleanUp.ReferenceOTU10609 Even1_117055	814112
L	42885	1397	*	*	*	*	*	182874	*
H	42885	100	91.0	+	0	0	527I100M770I	New.CleanUp.ReferenceOTU1061 Even2_314011	182874
L	56647	1368	*	*	*	*	*	669175	*
H	56647	91	91.2	+	0	0	506I91M771I	New.CleanUp.ReferenceOTU10617 Even3_287439	669175
H	61181	96	96.9	+	0	0	495I96M773I	New.CleanUp.ReferenceOTU10618 Even1_351055	846127
H	82713	100	96.0	+	0	0	425I100M907I	New.CleanUp.ReferenceOTU10622 Even2_178389	4335781
L	40838	1396	*	*	*	*	*	193876	*
H	40838	100	96.0	+	0	0	516I100M780I	New.CleanUp.ReferenceOTU10624 Even3_287434	193876
H	83861	100	95.0	+	0	0	499I100M760I	New.CleanUp.ReferenceOTU10628 Even1_328446	4347159
H	55214	100	95.0	+	0	0	522I100M889I	New.CleanUp.ReferenceOTU10630 Even1_177873	13811
H	70294	100	94.0	+	0	0	501I100M845I	New.CleanUp.ReferenceOTU10633 Even1_299490	3232397
H	24573	100	96.0	+	0	0	508I100M773I	New.CleanUp.ReferenceOTU10634 Even1_275377	319870
H	42959	100	95.0	+	0	0	531I100M769I	New.CleanUp.ReferenceOTU10635 Even3_109387	182483
L	42225	1376	*	*	*	*	*	186389	*
H	42225	92	90.2	+	0	0	500I92M784I	New.CleanUp.ReferenceOTU1064 Even2_314019	186389
N	*	96	*	*	*	*	*	New.CleanUp.ReferenceOTU10643 Even3_377617	*
N	*	100	*	*	*	*	*	New.CleanUp.ReferenceOTU10645 Even3_264517	*
H	70294	100	96.0	+	0	0	501I100M845I	New.CleanUp.ReferenceOTU10646 Even3_264516	3232397
L	53133	1451	*	*	*	*	*	71710	*
H	53133	91	93.4	+	0	0	508I91M852I	New.CleanUp.ReferenceOTU10647 Even2_384134	71710
L	90845	1436	*	*	*	*	*	4420852	*
H	90845	85	92.9	+	0	0	477I85M874I	New.CleanUp.ReferenceOTU10654 Even3_276407	4420852
H	71567	100	92.0	+	0	0	473I92MI8M836I	New.CleanUp.ReferenceOTU10655 Even3_281877	681370
L	44047	1390	*	*	*	*	*	176722	*
H	44047	100	96.0	+	0	0	515I100M775I	New.CleanUp.ReferenceOTU10658 Even1_157276	176722
H	88350	100	94.0	+	0	0	493I100M855I	New.CleanUp.ReferenceOTU10659 Even2_31447	4394977
L	27449	1339	*	*	*	*	*	299648	*
H	27449	100	94.0	+	0	0	481I100M758I	New.CleanUp.ReferenceOTU1066 Even1_23365	299648
H	40197	100	96.0	+	0	0	537I100M765I	New.CleanUp.ReferenceOTU10664 Even1_378193	197105
H	42039	81	96.3	+	0	0	512I81M789I	New.CleanUp.ReferenceOTU10665 Even1_378192	187388
L	24268	1398	*	*	*	*	*	321983	*
H	24268	81	95.1	+	0	0	517I81M800I	New.CleanUp.ReferenceOTU1067 Even2_388398	321983
N	*	100	*	*	*	*	*	New.CleanUp.ReferenceOTU10670 Even3_360357	*
H	55508	100	94.0	+	0	0	513I100M893I	New.CleanUp.ReferenceOTU10672 Even1_6145	10212
H	66087	83	95.2	+	0	0	466I83M832I	New.CleanUp.ReferenceOTU10674 Even1_216726	1122622
N	*	100	*	*	*	*	*	New.CleanUp.ReferenceOTU10676 Even3_393542	*
H	27448	95	93.7	+	0	0	533I95M776I	New.CleanUp.ReferenceOTU10677 Even3_393017	299659
L	76068	1455	*	*	*	*	*	3970657	*
H	76068	100	95.0	+	0	0	508I100M847I	New.CleanUp.ReferenceOTU1068 Even1_51218	3970657
L	36452	1404	*	*	*	*	*	233993	*
H	36452	96	96.9	+	0	0	416I96M892I	New.CleanUp.ReferenceOTU10681 Even1_306297	233993
H	17719	87	94.3	+	0	0	496I87M766I	New.CleanUp.ReferenceOTU10682 Even3_193135	505565
L	20324	1360	*	*	*	*	*	350697	*
H	20324	82	96.3	+	0	0	486I82M792I	New.CleanUp.ReferenceOTU1069 Even2_281401	350697
H	905	83	96.4	+	0	0	446I83M851I	New.CleanUp.ReferenceOTU10694 Even2_394751	1063126
N	*	82	*	*	*	*	*	New.CleanUp.ReferenceOTU10696 Even3_397205	*
L	89440	1438	*	*	*	*	*	4406684	*
H	89440	100	91.0	+	0	0	493I100M845I	New.CleanUp.ReferenceOTU107 Even3_372007	4406684
L	58216	1429	*	*	*	*	*	1749791	*
H	58216	91	92.3	+	0	0	493I91M845I	New.CleanUp.ReferenceOTU10700 Even2_280603	1749791
N	*	100	*	*	*	*	*	New.CleanUp.ReferenceOTU10702 Even2_378779	*
N	*	100	*	*	*	*	*	New.CleanUp.ReferenceOTU10706 Even2_388672	*
H	65135	100	90.0	+	0	0	487I100M849I	New.CleanUp.ReferenceOTU10711 Even2_378777	2599837
N	*	100	*	*	*	*	*	New.CleanUp.ReferenceOTU10712 Even1_59374	*
L	26006	1381	*	*	*	*	*	309480	*
H	26006	100	92.0	+	0	0	504I100M777I	New.CleanUp.ReferenceOTU10717 Even1_364449	309480
H	32337	83	92.8	+	0	0	515I83M795I	New.CleanUp.ReferenceOTU10718 Even2_263180	263645
H	83861	100	90.0	+	0	0	499I100M760I	New.CleanUp.ReferenceOTU10722 Even2_381943	4347159
N	*	85	*	*	*	*	*	New.CleanUp.ReferenceOTU10723 Even2_388736	*
N	*	100	*	*	*	*	*	New.CleanUp.ReferenceOTU10724 Even2_388734	*
H	17731	100	95.0	+	0	0	493I100M750I	New.CleanUp.ReferenceOTU10725 Even1_320854	503372
H	66352	96	96.9	+	0	0	491I96M845I	New.CleanUp.ReferenceOTU10727 Even2_383542	2740953
N	*	100	*	*	*	*	*	New.CleanUp.ReferenceOTU10729 Even2_388739	*
H	88350	85	94.1	+	0	0	493I85M870I	New.CleanUp.ReferenceOTU1073 Even2_281407	4394977
H	55508	76	94.7	+	0	0	513I76M917I	New.CleanUp.ReferenceOTU10734 Even2_378593	10212
H	4878	100	93.0	+	0	0	516I100M828I	New.CleanUp.ReferenceOTU10740 Even3_237492	788593
H	17731	100	96.0	+	0	0	493I100M750I	New.CleanUp.ReferenceOTU10743 Even1_186395	503372
L	69635	1390	*	*	*	*	*	3150722	*
H	69635	88	96.6	+	0	0	515I88M787I	New.CleanUp.ReferenceOTU10744 Even1_114834	3150722
L	26031	1357	*	*	*	*	*	309279	*
H	26031	85	95.3	+	0	0	514I85M758I	New.CleanUp.ReferenceOTU10745 Even2_368616	309279
H	15863	81	96.3	+	0	0	494I81M866I	New.CleanUp.ReferenceOTU10746 Even3_311653	527988
H	60701	92	95.7	+	0	0	484I92M805I	New.CleanUp.ReferenceOTU10748 Even2_346348	1105928
H	72937	91	95.6	+	0	0	483I91M856I	New.CleanUp.ReferenceOTU10749 Even2_210196	3562626
H	15116	82	93.9	+	0	0	483I82M786I	New.CleanUp.ReferenceOTU10750 Even2_356592	535707
H	17719	100	92.0	+	0	0	496I100M753I	New.CleanUp.ReferenceOTU10754 Even1_218573	505565
L	44782	1465	*	*	*	*	*	171518	*
H	44782	100	93.0	+	0	0	520I100M845I	New.CleanUp.ReferenceOTU10756 Even1_140728	171518
L	19371	1356	*	*	*	*	*	359098	*
H	19371	100	95.0	+	0	0	487I100M769I	New.CleanUp.ReferenceOTU10760 Even3_277234	359098
H	17731	100	94.0	+	0	0	493I100M750I	New.CleanUp.ReferenceOTU10763 Even2_337809	503372
H	19371	85	92.9	+	0	0	487I85M784I	New.CleanUp.ReferenceOTU10765 Even2_375517	359098
H	55508	100	96.0	+	0	0	513I100M893I	New.CleanUp.ReferenceOTU10770 Even1_380837	10212
H	8811	86	95.3	+	0	0	507I86M898I	New.CleanUp.ReferenceOTU10772 Even1_65694	584375
H	11939	81	96.3	+	0	0	526I81M882I	New.CleanUp.ReferenceOTU10773 Even3_311030	560629
H	83388	100	95.0	+	0	0	489I100M841I	New.CleanUp.ReferenceOTU10778 Even2_310014	4342104
H	69259	92	96.7	+	0	0	488I92M861I	New.CleanUp.ReferenceOTU10781 Even3_272062	3101394
L	86371	1438	*	*	*	*	*	4374204	*
H	86371	92	96.7	+	0	0	488I92M858I	New.CleanUp.ReferenceOTU1079 Even1_147652	4374204
H	88367	94	96.8	+	0	0	511I94M842I	New.CleanUp.ReferenceOTU10790 Even3_318496	4395096
H	12256	100	96.0	+	0	0	528I100M874I	New.CleanUp.ReferenceOTU10791 Even2_333072	558081
L	82861	1511	*	*	*	*	*	4337090	*
H	82861	100	90.0	+	0	0	533I100M878I	New.CleanUp.ReferenceOTU10792 Even2_372290	4337090
L	90059	1428	*	*	*	*	*	4413347	*
H	90059	85	96.5	+	0	0	496I85M847I	New.CleanUp.ReferenceOTU10793 Even1_40037	4413347
H	27948	78	96.2	+	0	0	528I78M796I	New.CleanUp.ReferenceOTU10794 Even2_387623	296442
H	70578	100	96.0	+	0	0	489I100M851I	New.CleanUp.ReferenceOTU10795 Even2_154456	3265161
N	*	100	*	*	*	*	*	New.CleanUp.ReferenceOTU10810 Even3_388760	*
H	94577	100	95.0	+	0	0	431I100M831I	New.CleanUp.ReferenceOTU10812 Even1_208531	4460263
H	42534	81	96.3	+	0	0	524I81M789I	New.CleanUp.ReferenceOTU10819 Even2_228082	184725
N	*	100	*	*	*	*	*	New.CleanUp.ReferenceOTU10821 Even1_364645	*
L	42546	1399	*	*	*	*	*	184610	*
H	42546	100	96.0	+	0	0	527I100M772I	New.CleanUp.ReferenceOTU10822 Even1_368114	184610
H	17731	100	94.0	+	0	0	493I100M750I	New.CleanUp.ReferenceOTU10827 Even2_272507	503372
N	*	96	*	*	*	*	*	New.CleanUp.ReferenceOTU1083 Even2_384424	*
L	40675	1389	*	*	*	*	*	194659	*
H	40675	87	90.8	+	0	0	514I87M788I	New.CleanUp.ReferenceOTU10830 Even2_395178	194659
L	70669	1313	*	*	*	*	*	755474	*
H	70669	100	96.0	+	0	0	310I100M903I	New.CleanUp.ReferenceOTU10831 Even1_27401	755474
H	16275	85	96.5	+	0	0	522I85M787I	New.CleanUp.ReferenceOTU10834 Even3_318871	522595
N	*	94	*	*	*	*	*	New.CleanUp.ReferenceOTU10835 Even3_67231	*
H	17850	91	96.7	+	0	0	528I91M928I	New.CleanUp.ReferenceOTU10847 Even1_322904	484304
H	40890	96	95.8	+	0	0	532I96M772I	New.CleanUp.ReferenceOTU10850 Even1_394078	193623
L	45232	1350	*	*	*	*	*	166153	*
H	45232	77	93.5	+	0	0	497I77M776I	New.CleanUp.ReferenceOTU10859 Even3_397460	166153
N	*	95	*	*	*	*	*	New.CleanUp.ReferenceOTU1086 Even2_384393	*
H	76771	82	91.5	+	0	0	488I82M895I	New.CleanUp.ReferenceOTU10865 Even1_54108	807226
H	24573	77	94.8	+	0	0	508I77M796I	New.CleanUp.ReferenceOTU10866 Even3_227219	319870
L	28270	1389	*	*	*	*	*	294353	*
H	28270	100	91.0	+	0	0	515I100M774I	New.CleanUp.ReferenceOTU10873 Even3_8808	294353
H	24573	100	95.0	+	0	0	508I100M773I	New.CleanUp.ReferenceOTU10874 Even3_162977	319870
L	38457	1493	*	*	*	*	*	212164	*
H	38457	100	94.0	+	0	0	527I100M866I	New.CleanUp.ReferenceOTU10875 Even1_6557	212164
H	42754	100	92.0	+	0	0	525I100M771I	New.CleanUp.ReferenceOTU10876 Even2_381713	183480
H	15084	94	96.8	+	0	0	411I94M823I	New.CleanUp.ReferenceOTU10880 Even2_371179	535955
L	95300	1544	*	*	*	*	*	4468024	*
H	95300	89	91.0	+	0	0	535I89M920I	New.CleanUp.ReferenceOTU10882 Even1_371800	4468024
L	45468	1486	*	*	*	*	*	163421	*
H	45468	96	94.8	+	0	0	525I96M865I	New.CleanUp.ReferenceOTU10884 Even1_371803	163421
H	93502	100	95.0	+	0	0	501I100M845I	New.CleanUp.ReferenceOTU10886 Even3_104832	4449055
H	16275	87	95.4	+	0	0	522I87M785I	New.CleanUp.ReferenceOTU10889 Even3_7753	522595
L	41419	1396	*	*	*	*	*	190772	*
H	41419	84	96.4	+	0	0	516I84M796I	New.CleanUp.ReferenceOTU10890 Even2_313843	190772
N	*	100	*	*	*	*	*	New.CleanUp.ReferenceOTU10893 Even2_393689	*
H	24573	88	96.6	+	0	0	508I88M785I	New.CleanUp.ReferenceOTU10894 Even3_96936	319870
H	45632	95	94.7	+	0	0	547I95M922I	New.CleanUp.ReferenceOTU10899 Even2_360192	161579
L	82358	1446	*	*	*	*	*	4332082	*
H	82358	100	96.0	+	0	0	487I100M859I	New.CleanUp.ReferenceOTU10903 Even1_281402	4332082
H	13133	79	94.9	+	0	0	475I79M865I	New.CleanUp.ReferenceOTU10905 Even3_200824	550960
L	11129	1348	*	*	*	*	*	566976	*
H	11129	91	94.5	+	0	0	483I91M774I	New.CleanUp.ReferenceOTU10906 Even2_266046	566976
H	55214	100	96.0	+	0	0	522I100M889I	New.CleanUp.ReferenceOTU10908 Even3_224890	13811
L	78374	1437	*	*	*	*	*	4256470	*
H	78374	93	92.5	+	0	0	511I93M833I	New.CleanUp.ReferenceOTU10909 Even3_381890	4256470
H	24573	82	95.1	+	0	0	508I82M791I	New.CleanUp.ReferenceOTU10915 Even3_31343	319870
H	16275	92	96.7	+	0	0	522I92M780I	New.CleanUp.ReferenceOTU10917 Even3_23339	522595
H	17852	77	94.8	+	0	0	517I77M941I	New.CleanUp.ReferenceOTU1092 Even3_237834	471180
L	1847	1416	*	*	*	*	*	4484466	*
H	1847	100	92.0	+	0	0	481I20MD79M836I	New.CleanUp.ReferenceOTU10925 Even2_360449	4484466
L	93061	1491	*	*	*	*	*	4443967	*
H	93061	79	92.4	+	0	0	518I79M894I	New.CleanUp.ReferenceOTU10929 Even2_63353	4443967
L	61436	1438	*	*	*	*	*	2134452	*
H	61436	85	90.6	+	0	0	491I85M862I	New.CleanUp.ReferenceOTU10937 Even3_393544	2134452
L	7191	1542	*	*	*	*	*	621166	*
H	7191	100	93.0	+	0	0	535I100M907I	New.CleanUp.ReferenceOTU10941 Even2_290427	621166
N	*	100	*	*	*	*	*	New.CleanUp.ReferenceOTU10942 Even2_290421	*
H	7341	100	96.0	+	0	0	524I100M875I	New.CleanUp.ReferenceOTU10946 Even2_383717	610462
N	*	94	*	*	*	*	*	New.CleanUp.ReferenceOTU10949 Even3_390956	*
H	26385	100	90.0	+	0	0	504I100M768I	New.CleanUp.ReferenceOTU10955 Even3_314035	306633
H	81368	100	96.0	+	0	0	481I100M1259I	New.CleanUp.ReferenceOTU10964 Even3_310242	4321292
H	83861	100	93.0	+	0	0	499I100M760I	New.CleanUp.ReferenceOTU10965 Even2_57362	4347159
L	22568	1350	*	*	*	*	*	334336	*
H	22568	100	95.0	+	0	0	497I100M753I	New.CleanUp.ReferenceOTU10966 Even3_79982	334336
H	40675	96	93.8	+	0	0	514I96M779I	New.CleanUp.ReferenceOTU10968 Even2_323690	194659
H	12829	84	96.4	+	0	0	488I84M878I	New.CleanUp.ReferenceOTU10969 Even1_395227	553611
L	71991	1471	*	*	*	*	*	3441895	*
H	71991	94	93.6	+	0	0	504I94M873I	New.CleanUp.ReferenceOTU10974 Even3_79429	3441895
N	*	84	*	*	*	*	*	New.CleanUp.ReferenceOTU10977 Even1_221109	*
L	89219	1448	*	*	*	*	*	4404187	*
H	89219	95	96.8	+	0	0	480I95M873I	New.CleanUp.ReferenceOTU1098 Even2_363644	4404187
N	*	100	*	*	*	*	*	New.CleanUp.ReferenceOTU10983 Even1_351175	*
L	64235	1431	*	*	*	*	*	2487129	*
H	64235	100	95.0	+	0	0	505I100M826I	New.CleanUp.ReferenceOTU10985 Even2_16408	2487129
H	13352	79	96.2	+	0	0	496I79M907I	New.CleanUp.ReferenceOTU10994 Even3_13808	549232
H	17731	96	91.7	+	0	0	493I96M754I	New.CleanUp.ReferenceOTU10995 Even3_369329	503372
H	54237	84	92.9	+	0	0	492I84M881I	New.CleanUp.ReferenceOTU10996 Even1_195552	38357
L	40389	1388	*	*	*	*	*	196098	*
H	40389	100	96.0	+	0	0	514I100M774I	New.CleanUp.ReferenceOTU10997 Even1_359511	196098
L	76503	1449	*	*	*	*	*	4020502	*
H	76503	100	93.0	+	0	0	501I100M848I	New.CleanUp.ReferenceOTU10999 Even3_96201	4020502
N	*	100	*	*	*	*	*	New.CleanUp.ReferenceOTU110 Even2_395256	*
N	*	86	*	*	*	*	*	New.CleanUp.ReferenceOTU11000 Even3_375588	*
L	40112	1363	*	*	*	*	*	197510	*
H	40112	96	90.6	+	0	0	489I96M778I	New.CleanUp.ReferenceOTU11001 Even2_378907	197510
H	7857	77	96.1	+	0	0	503I77M765I	New.CleanUp.ReferenceOTU11004 Even2_118849	591285
H	42308	93	96.8	+	0	0	515I93M783I	New.CleanUp.ReferenceOTU11007 Even3_281733	185949
N	*	100	*	*	*	*	*	New.CleanUp.ReferenceOTU11009 Even3_381715	*
L	28736	1390	*	*	*	*	*	291496	*
H	28736	100	96.0	+	0	0	515I100M775I	New.CleanUp.ReferenceOTU1101 Even1_306007	291496
L	40961	1363	*	*	*	*	*	193223	*
H	40961	100	94.0	+	0	0	488I100M775I	New.CleanUp.ReferenceOTU11012 Even2_234155	193223
L	64755	1424	*	*	*	*	*	2555599	*
H	64755	95	96.8	+	0	0	467I95M862I	New.CleanUp.ReferenceOTU11016 Even1_45350	2555599
L	66583	1324	*	*	*	*	*	1133172	*
H	66583	100	95.0	+	0	0	370I100M854I	New.CleanUp.ReferenceOTU1102 Even1_281565	1133172
H	12256	100	96.0	+	0	0	528I100M874I	New.CleanUp.ReferenceOTU11021 Even3_384069	558081
H	88344	100	96.0	+	0	0	494I100M837I	New.CleanUp.ReferenceOTU11027 Even1_380997	4394926
H	87443	81	96.3	+	0	0	475I81M859I	New.CleanUp.ReferenceOTU11028 Even1_16071	4385479
L	46141	1455	*	*	*	*	*	157905	*
H	46141	100	96.0	+	0	0	506I100M849I	New.CleanUp.ReferenceOTU11033 Even2_162621	157905
L	20140	1377	*	*	*	*	*	352010	*
H	20140	93	94.6	+	0	0	514I93M770I	New.CleanUp.ReferenceOTU11037 Even3_309831	352010
H	17858	95	91.6	+	0	0	519I95M911I	New.CleanUp.ReferenceOTU11042 Even1_388619	470117
H	27448	90	96.7	+	0	0	533I90M781I	New.CleanUp.ReferenceOTU1106 Even3_389408	299659
L	40962	1392	*	*	*	*	*	193221	*
H	40962	80	95.0	+	0	0	517I80M795I	New.CleanUp.ReferenceOTU11060 Even1_29830	193221
H	5120	100	92.0	+	0	0	476I100M877I	New.CleanUp.ReferenceOTU11067 Even2_388154	768553
H	24518	93	92.5	+	0	0	506I93M761I	New.CleanUp.ReferenceOTU11071 Even1_253423	320291
H	66269	100	95.0	+	0	0	492I100M856I	New.CleanUp.ReferenceOTU11073 Even2_54039	2730944
H	66087	92	96.7	+	0	0	466I92M823I	New.CleanUp.ReferenceOTU11076 Even1_11703	1122622
H	64825	100	92.0	+	0	0	501I100M912I	New.CleanUp.ReferenceOTU11077 Even1_351214	813479
L	79835	1403	*	*	*	*	*	4306048	*
H	79835	100	91.0	+	0	0	530I100M773I	New.CleanUp.ReferenceOTU11079 Even2_372086	4306048
H	43402	100	95.0	+	0	0	532I100M771I	New.CleanUp.ReferenceOTU11087 Even1_328524	180112
H	39955	100	93.0	+	0	0	499I100M770I	New.CleanUp.ReferenceOTU11088 Even1_328520	198449
H	7341	85	96.5	+	0	0	524I85M890I	New.CleanUp.ReferenceOTU11093 Even1_289578	610462
H	60879	100	92.0	+	0	0	505I100M845I	New.CleanUp.ReferenceOTU11098 Even1_5165	2069039
N	*	100	*	*	*	*	*	New.CleanUp.ReferenceOTU111 Even2_395254	*
H	22629	81	96.3	+	0	0	508I81M790I	New.CleanUp.ReferenceOTU11102 Even2_295772	333859
L	79272	1526	*	*	*	*	*	4300127	*
H	79272	88	96.6	+	0	0	545I88M893I	New.CleanUp.ReferenceOTU1111 Even1_363373	4300127
H	39357	92	94.6	+	0	0	480I92M899I	New.CleanUp.ReferenceOTU11114 Even3_207616	202829
L	48692	1460	*	*	*	*	*	139337	*
H	48692	76	93.4	+	0	0	514I76M870I	New.CleanUp.ReferenceOTU11115 Even3_4823	139337
L	16176	1401	*	*	*	*	*	523987	*
H	16176	96	93.8	+	0	0	517I96M788I	New.CleanUp.ReferenceOTU11121 Even3_162706	523987
N	*	100	*	*	*	*	*	New.CleanUp.ReferenceOTU11125 Even3_386741	*
L	60939	1434	*	*	*	*	*	2075910	*
H	60939	100	96.0	+	0	0	493I100M841I	New.CleanUp.ReferenceOTU11129 Even2_322119	2075910
H	87434	83	94.0	+	0	0	504I83M862I	New.CleanUp.ReferenceOTU1113 Even3_263679	4385318
H	65135	94	95.7	+	0	0	487I94M855I	New.CleanUp.ReferenceOTU11131 Even2_367416	2599837
H	19496	96	96.9	+	0	0	500I96M757I	New.CleanUp.ReferenceOTU11139 Even3_18923	356760
H	55214	100	96.0	+	0	0	522I100M889I	New.CleanUp.ReferenceOTU11142 Even2_267504	13811
H	43114	92	96.7	+	0	0	515I92M782I	New.CleanUp.ReferenceOTU11145 Even2_133454	181689
N	*	100	*	*	*	*	*	New.CleanUp.ReferenceOTU11149 Even3_386607	*
L	19829	1355	*	*	*	*	*	354283	*
H	19829	91	92.3	+	0	0	486I91M778I	New.CleanUp.ReferenceOTU11157 Even3_360373	354283
L	15240	1314	*	*	*	*	*	534760	*
H	15240	90	93.3	+	0	0	412I90M812I	New.CleanUp.ReferenceOTU11162 Even2_219299	534760
L	30372	1395	*	*	*	*	*	275653	*
H	30372	100	91.0	+	0	0	517I100M778I	New.CleanUp.ReferenceOTU11165 Even1_318622	275653
N	*	96	*	*	*	*	*	New.CleanUp.ReferenceOTU11169 Even3_393568	*
H	17731	100	95.0	+	0	0	493I100M750I	New.CleanUp.ReferenceOTU11180 Even3_281500	503372
H	21769	93	94.6	+	0	0	516I93M782I	New.CleanUp.ReferenceOTU11181 Even2_280622	340025
N	*	100	*	*	*	*	*	New.CleanUp.ReferenceOTU11188 Even3_397227	*
L	61012	1447	*	*	*	*	*	2085032	*
H	61012	95	94.7	+	0	0	504I95M848I	New.CleanUp.ReferenceOTU11189 Even2_335973	2085032
H	41837	83	94.0	+	0	0	514I83M792I	New.CleanUp.ReferenceOTU11190 Even1_314367	188591
N	*	100	*	*	*	*	*	New.CleanUp.ReferenceOTU11192 Even2_388732	*
H	43402	83	94.0	+	0	0	532I83M788I	New.CleanUp.ReferenceOTU11196 Even2_22964	180112
N	*	100	*	*	*	*	*	New.CleanUp.ReferenceOTU11202 Even3_393696	*
L	22997	1391	*	*	*	*	*	331253	*
H	22997	87	96.6	+	0	0	514I87M790I	New.CleanUp.ReferenceOTU11204 Even2_299694	331253
H	47712	100	94.0	+	0	0	500I100M752I	New.CleanUp.ReferenceOTU11206 Even1_383853	145801
H	62902	84	96.4	+	0	0	505I84M926I	New.CleanUp.ReferenceOTU11209 Even3_57046	825808
H	11939	79	94.9	+	0	0	526I79M884I	New.CleanUp.ReferenceOTU11210 Even1_371273	560629
H	17731	100	96.0	+	0	0	493I100M750I	New.CleanUp.ReferenceOTU11211 Even2_29952	503372
H	83861	100	90.0	+	0	0	499I100M760I	New.CleanUp.ReferenceOTU11212 Even2_388711	4347159
N	*	84	*	*	*	*	*	New.CleanUp.ReferenceOTU11216 Even3_148201	*
H	40581	95	96.8	+	0	0	514I95M780I	New.CleanUp.ReferenceOTU1122 Even1_5765	195081
H	66087	100	96.0	+	0	0	466I100M815I	New.CleanUp.ReferenceOTU11221 Even3_81144	1122622
N	*	100	*	*	*	*	*	New.CleanUp.ReferenceOTU11230 Even1_391082	*
N	*	100	*	*	*	*	*	New.CleanUp.ReferenceOTU11232 Even3_391123	*
H	71981	100	96.0	+	0	0	465I66MI34M834I	New.CleanUp.ReferenceOTU11233 Even1_70241	3440955
H	60879	92	92.4	+	0	0	505I92M853I	New.CleanUp.ReferenceOTU11238 Even2_375537	2069039
H	66352	90	96.7	+	0	0	491I90M851I	New.CleanUp.ReferenceOTU11242 Even2_337829	2740953
H	47712	100	96.0	+	0	0	500I100M752I	New.CleanUp.ReferenceOTU11246 Even1_280919	145801
L	54531	1436	*	*	*	*	*	29495	*
H	54531	87	95.4	+	0	0	504I87M845I	New.CleanUp.ReferenceOTU11253 Even2_34964	29495
H	21846	100	92.0	+	0	0	526I100M771I	New.CleanUp.ReferenceOTU11254 Even2_310033	339457
H	64755	100	96.0	+	0	0	467I100M857I	New.CleanUp.ReferenceOTU11256 Even1_164491	2555599
H	22782	94	94.7	+	0	0	488I94M745I	New.CleanUp.ReferenceOTU11257 Even3_388298	332764
N	*	100	*	*	*	*	*	New.CleanUp.ReferenceOTU11258 Even3_390885	*
N	*	100	*	*	*	*	*	New.CleanUp.ReferenceOTU11263 Even1_212522	*
L	59514	1438	*	*	*	*	*	1906483	*
H	59514	81	96.3	+	0	0	489I81M868I	New.CleanUp.ReferenceOTU11270 Even1_62772	1906483
H	41837	92	94.6	+	0	0	514I92M783I	New.CleanUp.ReferenceOTU11275 Even3_266167	188591
L	43958	1392	*	*	*	*	*	177175	*
H	43958	79	96.2	+	0	0	515I79M798I	New.CleanUp.ReferenceOTU11277 Even3_199720	177175
H	12256	80	96.2	+	0	0	528I80M894I	New.CleanUp.ReferenceOTU11278 Even3_260245	558081
N	*	85	*	*	*	*	*	New.CleanUp.ReferenceOTU11280 Even2_395376	*
H	13133	83	96.4	+	0	0	475I83M861I	New.CleanUp.ReferenceOTU11283 Even3_231985	550960
L	90449	1503	*	*	*	*	*	4417158	*
H	90449	96	93.8	+	0	0	526I96M881I	New.CleanUp.ReferenceOTU11289 Even1_275924	4417158
H	17731	100	95.0	+	0	0	493I100M750I	New.CleanUp.ReferenceOTU11293 Even2_392878	503372
N	*	100	*	*	*	*	*	New.CleanUp.ReferenceOTU11294 Even2_391005	*
H	60296	94	96.8	+	0	0	493I94M852I	New.CleanUp.ReferenceOTU11296 Even2_278953	1997391
L	42922	1391	*	*	*	*	*	182653	*
H	42922	100	96.0	+	0	0	515I100M776I	New.CleanUp.ReferenceOTU11302 Even3_276309	182653
H	67903	93	96.8	+	0	0	483I93M866I	New.CleanUp.ReferenceOTU11304 Even3_6851	2932151
N	*	100	*	*	*	*	*	New.CleanUp.ReferenceOTU11305 Even2_368612	*
H	42465	80	96.2	+	0	0	514I80M795I	New.CleanUp.ReferenceOTU11307 Even3_237499	185140
L	31106	1443	*	*	*	*	*	271214	*
H	31106	100	95.0	+	0	0	526I100M817I	New.CleanUp.ReferenceOTU11318 Even2_281361	271214
N	*	100	*	*	*	*	*	New.CleanUp.ReferenceOTU11320 Even3_388740	*
L	17901	1456	*	*	*	*	*	463204	*
H	17901	100	96.0	+	0	0	483I100M873I	New.CleanUp.ReferenceOTU11322 Even2_371754	463204
N	*	100	*	*	*	*	*	New.CleanUp.ReferenceOTU11324 Even2_368614	*
H	60701	100	96.0	+	0	0	484I100M797I	New.CleanUp.ReferenceOTU11325 Even1_104721	1105928
L	90617	1441	*	*	*	*	*	4418787	*
H	90617	100	95.0	+	0	0	487I100M854I	New.CleanUp.ReferenceOTU11327 Even3_33067	4418787
H	80180	81	96.3	+	0	0	483I81M855I	New.CleanUp.ReferenceOTU11335 Even2_1091	4309033
L	58926	1431	*	*	*	*	*	1835779	*
H	58926	84	94.0	+	0	0	485I84M862I	New.CleanUp.ReferenceOTU1134 Even3_103371	1835779
H	17852	81	96.3	+	0	0	517I81M937I	New.CleanUp.ReferenceOTU11340 Even2_281506	471180
H	29565	82	96.3	+	0	0	527I82M791I	New.CleanUp.ReferenceOTU11341 Even3_271071	280706
H	17858	100	95.0	+	0	0	519I100M906I	New.CleanUp.ReferenceOTU11343 Even3_35664	470117
H	40890	100	92.0	+	0	0	532I100M768I	New.CleanUp.ReferenceOTU11344 Even1_185427	193623
H	70294	100	93.0	+	0	0	501I100M845I	New.CleanUp.ReferenceOTU11346 Even3_280661	3232397
H	21291	100	94.0	+	0	0	516I100M776I	New.CleanUp.ReferenceOTU11348 Even3_264493	343630
H	17731	84	96.4	+	0	0	493I84M766I	New.CleanUp.ReferenceOTU11349 Even1_351158	503372
H	21062	81	96.3	+	0	0	490I81M795I	New.CleanUp.ReferenceOTU11351 Even3_264497	345246
L	3082	1464	*	*	*	*	*	835880	*
H	3082	100	91.0	+	0	0	506I100M858I	New.CleanUp.ReferenceOTU11352 Even3_264498	835880
H	26385	100	96.0	+	0	0	504I100M768I	New.CleanUp.ReferenceOTU11361 Even1_92998	306633
H	53234	85	96.5	+	0	0	501I85M819I	New.CleanUp.ReferenceOTU11370 Even3_280592	69933
N	*	100	*	*	*	*	*	New.CleanUp.ReferenceOTU11380 Even2_360462	*
H	84501	84	96.4	+	0	0	523I84M785I	New.CleanUp.ReferenceOTU11387 Even2_366605	4354041
H	26006	100	92.0	+	0	0	504I100M777I	New.CleanUp.ReferenceOTU11388 Even2_290194	309480
H	21769	91	93.4	+	0	0	516I91M784I	New.CleanUp.ReferenceOTU11395 Even3_279026	340025
H	37483	100	93.0	+	0	0	524I100M777I	New.CleanUp.ReferenceOTU11396 Even2_117225	222043
H	61436	100	91.0	+	0	0	491I100M847I	New.CleanUp.ReferenceOTU11397 Even3_279024	2134452
H	17731	100	95.0	+	0	0	493I100M750I	New.CleanUp.ReferenceOTU11399 Even2_48117	503372
H	19301	81	95.1	+	0	0	498I81M785I	New.CleanUp.ReferenceOTU114 Even3_211333	360238
N	*	87	*	*	*	*	*	New.CleanUp.ReferenceOTU11401 Even2_364557	*
H	44674	93	92.5	+	0	0	479I93M849I	New.CleanUp.ReferenceOTU11402 Even3_290270	172717
H	2815	100	96.0	+	0	0	511I100M768I	New.CleanUp.ReferenceOTU11404 Even1_149165	851323
H	40932	100	96.0	+	0	0	515I100M777I	New.CleanUp.ReferenceOTU11408 Even3_315274	193407
H	13352	100	93.0	+	0	0	496I100M886I	New.CleanUp.ReferenceOTU11411 Even3_346538	549232
H	7341	91	96.7	+	0	0	524I91M884I	New.CleanUp.ReferenceOTU11412 Even1_291266	610462
N	*	95	*	*	*	*	*	New.CleanUp.ReferenceOTU11414 Even3_381745	*
N	*	83	*	*	*	*	*	New.CleanUp.ReferenceOTU11422 Even3_360491	*
L	13034	1297	*	*	*	*	*	551822	*
H	13034	76	96.1	+	0	0	307I76M914I	New.CleanUp.ReferenceOTU11425 Even1_272446	551822
H	45632	100	96.0	+	0	0	547I100M917I	New.CleanUp.ReferenceOTU11428 Even2_80877	161579
H	3039	76	94.7	+	0	0	479I76M891I	New.CleanUp.ReferenceOTU11429 Even2_367956	4484484
N	*	100	*	*	*	*	*	New.CleanUp.ReferenceOTU11432 Even3_360634	*
H	17852	80	95.0	+	0	0	517I80M938I	New.CleanUp.ReferenceOTU11434 Even1_301554	471180
N	*	100	*	*	*	*	*	New.CleanUp.ReferenceOTU11438 Even2_375510	*
H	17719	81	93.8	+	0	0	496I81M772I	New.CleanUp.ReferenceOTU11447 Even1_129630	505565
H	24268	100	96.0	+	0	0	517I100M781I	New.CleanUp.ReferenceOTU11452 Even1_390635	321983
H	41441	80	95.0	+	0	0	507I80M789I	New.CleanUp.ReferenceOTU11454 Even1_373431	190649
L	27159	1396	*	*	*	*	*	301224	*
H	27159	100	96.0	+	0	0	523I100M773I	New.CleanUp.ReferenceOTU11456 Even3_16221	301224
L	78326	1491	*	*	*	*	*	1136366	*
H	78326	76	93.4	+	0	0	531I76M884I	New.CleanUp.ReferenceOTU11460 Even1_197551	1136366
L	98765	1400	*	*	*	*	*	1128058	*
H	98765	95	95.8	+	0	0	449I95M856I	New.CleanUp.ReferenceOTU11464 Even1_179007	1128058
H	58195	82	96.3	+	0	0	506I82M879I	New.CleanUp.ReferenceOTU11470 Even3_148070	1746913
L	44182	1396	*	*	*	*	*	175929	*
H	44182	100	92.0	+	0	0	517I100M779I	New.CleanUp.ReferenceOTU11471 Even1_364499	175929
L	19238	1349	*	*	*	*	*	361365	*
H	19238	76	96.1	+	0	0	499I76M774I	New.CleanUp.ReferenceOTU11472 Even3_395104	361365
N	*	79	*	*	*	*	*	New.CleanUp.ReferenceOTU11473 Even2_337456	*
N	*	100	*	*	*	*	*	New.CleanUp.ReferenceOTU11475 Even3_375592	*
H	91997	100	94.0	+	0	0	477I100M836I	New.CleanUp.ReferenceOTU11478 Even2_173193	4432891
L	29082	1361	*	*	*	*	*	289373	*
H	29082	100	95.0	+	0	0	486I100M775I	New.CleanUp.ReferenceOTU1148 Even3_186284	289373
H	24573	100	95.0	+	0	0	508I100M773I	New.CleanUp.ReferenceOTU11481 Even2_173197	319870
H	60701	100	94.0	+	0	0	484I100M797I	New.CleanUp.ReferenceOTU11485 Even2_166389	1105928
H	61851	100	96.0	+	0	0	491I100M841I	New.CleanUp.ReferenceOTU11488 Even1_105050	2189140
L	87616	1486	*	*	*	*	*	4387396	*
H	87616	76	92.1	+	0	0	524I76M886I	New.CleanUp.ReferenceOTU11494 Even3_278041	4387396
L	84468	1532	*	*	*	*	*	4353669	*
H	84468	76	93.4	+	0	0	527I76M929I	New.CleanUp.ReferenceOTU11497 Even1_367678	4353669
L	16022	1358	*	*	*	*	*	525841	*
H	16022	100	96.0	+	0	0	488I100M770I	New.CleanUp.ReferenceOTU11500 Even1_7880	525841
H	68116	93	96.8	+	0	0	502I93M859I	New.CleanUp.ReferenceOTU11501 Even2_35407	2957436
L	43261	1405	*	*	*	*	*	180825	*
H	43261	100	94.0	+	0	0	528I100M777I	New.CleanUp.ReferenceOTU11505 Even2_77470	180825
L	43688	1389	*	*	*	*	*	178612	*
H	43688	100	96.0	+	0	0	514I100M775I	New.CleanUp.ReferenceOTU11506 Even1_380977	178612
H	19273	83	96.4	+	0	0	487I83M783I	New.CleanUp.ReferenceOTU11510 Even2_388500	360703
L	60197	1381	*	*	*	*	*	1983368	*
H	60197	86	96.5	+	0	0	496I86M799I	New.CleanUp.ReferenceOTU11512 Even3_227750	1983368
L	21594	1369	*	*	*	*	*	341227	*
H	21594	93	92.5	+	0	0	494I93M782I	New.CleanUp.ReferenceOTU11513 Even2_299483	341227
N	*	100	*	*	*	*	*	New.CleanUp.ReferenceOTU11514 Even1_74410	*
L	40114	1397	*	*	*	*	*	197504	*
H	40114	76	94.7	+	0	0	517I76M804I	New.CleanUp.ReferenceOTU11515 Even2_375140	197504
L	17808	1349	*	*	*	*	*	495070	*
H	17808	100	95.0	+	0	0	495I100M754I	New.CleanUp.ReferenceOTU11521 Even1_281163	495070
H	55530	85	96.5	+	0	0	473I85M863I	New.CleanUp.ReferenceOTU11529 Even1_11548	9727
L	43037	1396	*	*	*	*	*	182052	*
H	43037	100	96.0	+	0	0	526I100M770I	New.CleanUp.ReferenceOTU1153 Even1_386171	182052
L	74686	1495	*	*	*	*	*	1122478	*
H	74686	90	90.0	+	0	0	510I67MI23M894I	New.CleanUp.ReferenceOTU11537 Even3_120124	1122478
L	43259	1398	*	*	*	*	*	180834	*
H	43259	100	96.0	+	0	0	525I100M773I	New.CleanUp.ReferenceOTU11538 Even2_281468	180834
L	23718	1396	*	*	*	*	*	326113	*
H	23718	96	96.9	+	0	0	516I96M784I	New.CleanUp.ReferenceOTU11540 Even3_286297	326113
H	55530	100	96.0	+	0	0	473I100M848I	New.CleanUp.ReferenceOTU11545 Even1_367846	9727
L	90178	1405	*	*	*	*	*	4414489	*
H	90178	91	94.5	+	0	0	457I91M857I	New.CleanUp.ReferenceOTU11547 Even2_258174	4414489
L	40204	1395	*	*	*	*	*	197072	*
H	40204	96	91.7	+	0	0	525I96M774I	New.CleanUp.ReferenceOTU11549 Even2_370809	197072
H	5495	81	95.1	+	0	0	501I81M903I	New.CleanUp.ReferenceOTU11552 Even1_147037	744029
L	74654	1444	*	*	*	*	*	3786156	*
H	74654	83	96.4	+	0	0	481I83M880I	New.CleanUp.ReferenceOTU11554 Even1_355759	3786156
L	18714	1359	*	*	*	*	*	370361	*
H	18714	93	96.8	+	0	0	495I93M771I	New.CleanUp.ReferenceOTU11556 Even3_187400	370361
L	21281	1382	*	*	*	*	*	343699	*
H	21281	92	95.7	+	0	0	507I92M783I	New.CleanUp.ReferenceOTU11557 Even2_138286	343699
H	47712	100	92.0	+	0	0	500I100M752I	New.CleanUp.ReferenceOTU11559 Even2_39989	145801
H	81368	100	95.0	+	0	0	481I100M1259I	New.CleanUp.ReferenceOTU1156 Even1_390116	4321292
H	70294	83	96.4	+	0	0	501I83M862I	New.CleanUp.ReferenceOTU11562 Even3_110049	3232397
H	46105	94	91.5	+	0	0	507I94M853I	New.CleanUp.ReferenceOTU11563 Even1_168394	158215
N	*	100	*	*	*	*	*	New.CleanUp.ReferenceOTU11571 Even3_372083	*
L	49794	1462	*	*	*	*	*	119010	*
H	49794	95	95.8	+	0	0	495I95M872I	New.CleanUp.ReferenceOTU11579 Even2_367499	119010
H	17858	94	94.7	+	0	0	519I94M912I	New.CleanUp.ReferenceOTU11584 Even2_281195	470117
L	58046	1464	*	*	*	*	*	1726426	*
H	58046	76	96.1	+	0	0	506I76M882I	New.CleanUp.ReferenceOTU11587 Even2_384242	1726426
H	43114	76	94.7	+	0	0	515I76M798I	New.CleanUp.ReferenceOTU11599 Even3_267603	181689
H	55508	100	94.0	+	0	0	513I100M893I	New.CleanUp.ReferenceOTU116 Even2_281307	10212
H	60701	100	96.0	+	0	0	484I100M797I	New.CleanUp.ReferenceOTU1160 Even2_26339	1105928
L	18993	1384	*	*	*	*	*	365496	*
H	18993	100	96.0	+	0	0	526I100M758I	New.CleanUp.ReferenceOTU11600 Even3_386197	365496
H	24573	89	96.6	+	0	0	508I89M784I	New.CleanUp.ReferenceOTU11601 Even1_72922	319870
H	17719	80	95.0	+	0	0	496I80M773I	New.CleanUp.ReferenceOTU11602 Even1_278931	505565
H	17719	100	90.0	+	0	0	496I100M753I	New.CleanUp.ReferenceOTU11603 Even3_280430	505565
H	57045	76	96.1	+	0	0	521I76M921I	New.CleanUp.ReferenceOTU11607 Even2_105329	1129328
H	19496	91	93.4	+	0	0	500I91M762I	New.CleanUp.ReferenceOTU11609 Even2_1961	356760
H	61436	80	90.0	+	0	0	491I80M867I	New.CleanUp.ReferenceOTU11624 Even3_388821	2134452
H	24518	100	94.0	+	0	0	506I100M754I	New.CleanUp.ReferenceOTU11626 Even2_299559	320291
L	29101	1400	*	*	*	*	*	289257	*
H	29101	100	95.0	+	0	0	528I100M772I	New.CleanUp.ReferenceOTU1163 Even1_14393	289257
H	40773	83	96.4	+	0	0	524I83M786I	New.CleanUp.ReferenceOTU11631 Even2_7573	194215
H	66352	88	94.3	+	0	0	491I88M853I	New.CleanUp.ReferenceOTU11636 Even3_397427	2740953
H	45632	100	94.0	+	0	0	547I100M917I	New.CleanUp.ReferenceOTU11638 Even3_178532	161579
H	4878	88	95.5	+	0	0	516I88M840I	New.CleanUp.ReferenceOTU11639 Even2_283735	788593
H	42664	100	96.0	+	0	0	514I100M775I	New.CleanUp.ReferenceOTU11648 Even2_49452	183873
H	36436	100	92.0	+	0	0	465I100M877I	New.CleanUp.ReferenceOTU1165 Even3_305492	234148
L	72787	1440	*	*	*	*	*	3544699	*
H	72787	81	90.1	+	0	0	494I81M865I	New.CleanUp.ReferenceOTU11652 Even2_133413	3544699
H	12256	95	96.8	+	0	0	528I95M879I	New.CleanUp.ReferenceOTU11656 Even3_383820	558081
L	40426	1392	*	*	*	*	*	195883	*
H	40426	100	96.0	+	0	0	517I100M775I	New.CleanUp.ReferenceOTU11657 Even3_274945	195883
H	96214	77	96.1	+	0	0	488I77M886I	New.CleanUp.ReferenceOTU11667 Even1_337270	4477479
H	22392	86	94.2	+	0	0	501I86M783I	New.CleanUp.ReferenceOTU11668 Even3_31734	335670
H	16908	95	95.8	+	0	0	528I95M779I	New.CleanUp.ReferenceOTU11674 Even1_388310	514512
N	*	85	*	*	*	*	*	New.CleanUp.ReferenceOTU11677 Even3_388650	*
L	21610	1359	*	*	*	*	*	341134	*
H	21610	100	90.0	+	0	0	488I100M771I	New.CleanUp.ReferenceOTU1168 Even2_114837	341134
H	94577	96	94.8	+	0	0	431I96M835I	New.CleanUp.ReferenceOTU11682 Even2_388773	4460263
H	12256	95	95.8	+	0	0	528I95M879I	New.CleanUp.ReferenceOTU11688 Even1_388098	558081
H	81368	76	96.1	+	0	0	481I76M1283I	New.CleanUp.ReferenceOTU11692 Even1_385750	4321292
H	12829	86	96.5	+	0	0	488I86M876I	New.CleanUp.ReferenceOTU11697 Even1_219212	553611
H	55214	100	92.0	+	0	0	522I100M889I	New.CleanUp.ReferenceOTU11705 Even3_81296	13811
H	45632	100	96.0	+	0	0	547I100M917I	New.CleanUp.ReferenceOTU11708 Even1_151802	161579
L	27653	1362	*	*	*	*	*	298381	*
H	27653	80	96.2	+	0	0	488I80M794I	New.CleanUp.ReferenceOTU11711 Even2_205632	298381
L	60031	1426	*	*	*	*	*	1960569	*
H	60031	83	92.8	+	0	0	468I83M875I	New.CleanUp.ReferenceOTU11715 Even2_375557	1960569
H	36452	93	96.8	+	0	0	416I93M895I	New.CleanUp.ReferenceOTU1172 Even3_90428	233993
L	42973	1392	*	*	*	*	*	182372	*
H	42973	100	96.0	+	0	0	517I100M775I	New.CleanUp.ReferenceOTU11720 Even2_363870	182372
H	70294	78	94.9	+	0	0	501I78M867I	New.CleanUp.ReferenceOTU11726 Even1_280973	3232397
H	87878	82	93.9	+	0	0	502I39MI43M859I	New.CleanUp.ReferenceOTU11728 Even1_280974	4390134
H	36359	95	96.8	+	0	0	487I95M917I	New.CleanUp.ReferenceOTU11742 Even2_380970	235262
H	55214	100	96.0	+	0	0	522I100M889I	New.CleanUp.ReferenceOTU11746 Even1_261828	13811
H	19496	100	94.0	+	0	0	500I100M753I	New.CleanUp.ReferenceOTU11747 Even3_378653	356760
L	44466	1385	*	*	*	*	*	174360	*
H	44466	100	90.0	+	0	0	507I100M778I	New.CleanUp.ReferenceOTU11754 Even1_364684	174360
N	*	100	*	*	*	*	*	New.CleanUp.ReferenceOTU11759 Even1_364688	*
L	22760	1508	*	*	*	*	*	332876	*
H	22760	100	96.0	+	0	0	530I100M878I	New.CleanUp.ReferenceOTU11761 Even3_133385	332876
H	4878	100	96.0	+	0	0	516I100M828I	New.CleanUp.ReferenceOTU11762 Even1_366423	788593
H	56753	100	94.0	+	0	0	471I100M834I	New.CleanUp.ReferenceOTU11765 Even3_341556	609704
H	17850	77	96.1	+	0	0	528I77M942I	New.CleanUp.ReferenceOTU11771 Even1_320540	484304
H	36436	100	96.0	+	0	0	465I100M877I	New.CleanUp.ReferenceOTU11772 Even1_25512	234148
H	64825	90	94.4	+	0	0	501I90M922I	New.CleanUp.ReferenceOTU11777 Even1_280797	813479
H	46058	100	95.0	+	0	0	504I100M845I	New.CleanUp.ReferenceOTU1178 Even1_333156	158581
H	44047	95	95.8	+	0	0	515I95M780I	New.CleanUp.ReferenceOTU11789 Even1_286539	176722
L	95850	1510	*	*	*	*	*	4473883	*
H	95850	100	95.0	+	0	0	533I100M877I	New.CleanUp.ReferenceOTU11796 Even2_281345	4473883
H	28259	92	96.7	+	0	0	504I92M786I	New.CleanUp.ReferenceOTU11803 Even2_26533	294440
L	11012	1410	*	*	*	*	*	567846	*
H	11012	100	96.0	+	0	0	513I100M797I	New.CleanUp.ReferenceOTU11807 Even1_330886	567846
L	85396	1490	*	*	*	*	*	732765	*
H	85396	84	95.2	+	0	0	526I84M880I	New.CleanUp.ReferenceOTU11809 Even1_66650	732765
H	55528	80	96.2	+	0	0	503I80M893I	New.CleanUp.ReferenceOTU11812 Even1_11376	9819
H	41419	90	96.7	+	0	0	516I90M790I	New.CleanUp.ReferenceOTU11814 Even3_114601	190772
H	40912	84	95.2	+	0	0	527I84M789I	New.CleanUp.ReferenceOTU11816 Even1_275926	193528
H	40327	100	96.0	+	0	0	509I100M768I	New.CleanUp.ReferenceOTU11829 Even3_328096	196391
H	43261	100	96.0	+	0	0	528I100M777I	New.CleanUp.ReferenceOTU1183 Even3_136755	180825
H	2815	88	96.6	+	0	0	511I88M780I	New.CleanUp.ReferenceOTU11833 Even3_40223	851323
L	27359	1409	*	*	*	*	*	300200	*
H	27359	94	91.5	+	0	0	477I94M838I	New.CleanUp.ReferenceOTU11837 Even3_271676	300200
N	*	100	*	*	*	*	*	New.CleanUp.ReferenceOTU11838 Even1_351177	*
N	*	100	*	*	*	*	*	New.CleanUp.ReferenceOTU1184 Even3_378694	*
N	*	85	*	*	*	*	*	New.CleanUp.ReferenceOTU11843 Even2_381753	*
N	*	100	*	*	*	*	*	New.CleanUp.ReferenceOTU11844 Even2_384508	*
N	*	100	*	*	*	*	*	New.CleanUp.ReferenceOTU1185 Even3_378696	*
H	17731	100	94.0	+	0	0	493I100M750I	New.CleanUp.ReferenceOTU11852 Even2_375316	503372
L	23805	1360	*	*	*	*	*	325552	*
H	23805	100	96.0	+	0	0	488I100M772I	New.CleanUp.ReferenceOTU11854 Even2_375312	325552
H	21391	100	90.0	+	0	0	495I100M766I	New.CleanUp.ReferenceOTU11862 Even1_96775	342844
L	23478	1387	*	*	*	*	*	327756	*
H	23478	100	91.0	+	0	0	513I100M774I	New.CleanUp.ReferenceOTU11863 Even2_281831	327756
H	82713	82	92.7	+	0	0	425I82M925I	New.CleanUp.ReferenceOTU11864 Even3_279003	4335781
H	93502	100	96.0	+	0	0	501I100M845I	New.CleanUp.ReferenceOTU11883 Even1_102162	4449055
L	64850	1497	*	*	*	*	*	816444	*
H	64850	100	95.0	+	0	0	522I100M875I	New.CleanUp.ReferenceOTU11884 Even3_65981	816444
H	17850	82	96.3	+	0	0	528I82M937I	New.CleanUp.ReferenceOTU11888 Even2_123582	484304
H	64755	100	96.0	+	0	0	467I100M857I	New.CleanUp.ReferenceOTU11897 Even1_305325	2555599
H	36436	96	95.8	+	0	0	465I96M881I	New.CleanUp.ReferenceOTU119 Even3_363339	234148
H	23805	100	94.0	+	0	0	488I100M772I	New.CleanUp.ReferenceOTU11904 Even1_381417	325552
H	58195	83	96.4	+	0	0	506I83M878I	New.CleanUp.ReferenceOTU11907 Even3_301928	1746913
H	29500	82	93.9	+	0	0	537I82M891I	New.CleanUp.ReferenceOTU1191 Even2_397027	283225
L	19064	1382	*	*	*	*	*	364179	*
H	19064	96	94.8	+	0	0	523I96M763I	New.CleanUp.ReferenceOTU11910 Even2_367974	364179
L	40790	1389	*	*	*	*	*	194107	*
H	40790	100	96.0	+	0	0	514I100M775I	New.CleanUp.ReferenceOTU11915 Even2_261903	194107
H	41159	92	96.7	+	0	0	514I92M783I	New.CleanUp.ReferenceOTU11920 Even3_272232	192133
H	17731	100	95.0	+	0	0	493I100M750I	New.CleanUp.ReferenceOTU11923 Even1_384121	503372
L	87913	1360	*	*	*	*	*	4390365	*
H	87913	95	96.8	+	0	0	422I42MI53M842I	New.CleanUp.ReferenceOTU11928 Even1_333505	4390365
L	76879	1409	*	*	*	*	*	4070491	*
H	76879	84	96.4	+	0	0	456I84M869I	New.CleanUp.ReferenceOTU11939 Even1_50996	4070491
N	*	100	*	*	*	*	*	New.CleanUp.ReferenceOTU1194 Even1_368441	*
L	65569	1437	*	*	*	*	*	2654261	*
H	65569	100	95.0	+	0	0	482I100M855I	New.CleanUp.ReferenceOTU11940 Even3_310206	2654261
H	55214	100	96.0	+	0	0	522I100M889I	New.CleanUp.ReferenceOTU11942 Even3_102254	13811
H	44458	100	96.0	+	0	0	515I100M776I	New.CleanUp.ReferenceOTU11946 Even1_149001	174415
N	*	100	*	*	*	*	*	New.CleanUp.ReferenceOTU11949 Even3_11623	*
H	13352	100	90.0	+	0	0	496I100M886I	New.CleanUp.ReferenceOTU11952 Even1_356706	549232
L	57818	1440	*	*	*	*	*	1698008	*
H	57818	100	94.0	+	0	0	491I100M849I	New.CleanUp.ReferenceOTU11960 Even2_187751	1698008
H	17731	100	91.0	+	0	0	493I100M750I	New.CleanUp.ReferenceOTU11963 Even3_3079	503372
N	*	100	*	*	*	*	*	New.CleanUp.ReferenceOTU11970 Even2_388697	*
H	36436	100	93.0	+	0	0	465I100M877I	New.CleanUp.ReferenceOTU11975 Even1_367656	234148
L	73312	1424	*	*	*	*	*	3610691	*
H	73312	100	95.0	+	0	0	483I10MI9MI81M839I	New.CleanUp.ReferenceOTU11978 Even2_29584	3610691
H	92434	85	96.5	+	0	0	467I85M879I	New.CleanUp.ReferenceOTU11981 Even3_333395	4437364
N	*	100	*	*	*	*	*	New.CleanUp.ReferenceOTU11983 Even3_395387	*
N	*	80	*	*	*	*	*	New.CleanUp.ReferenceOTU11984 Even1_388808	*
L	44448	1394	*	*	*	*	*	174471	*
H	44448	76	94.7	+	0	0	517I76M801I	New.CleanUp.ReferenceOTU11992 Even3_388339	174471
H	20877	100	91.0	+	0	0	515I100M773I	New.CleanUp.ReferenceOTU11996 Even2_1771	346689
H	7857	82	96.3	+	0	0	503I82M760I	New.CleanUp.ReferenceOTU11998 Even3_323513	591285
L	95642	1391	*	*	*	*	*	4471526	*
H	95642	100	94.0	+	0	0	519I100M772I	New.CleanUp.ReferenceOTU12001 Even3_154044	4471526
L	96009	1439	*	*	*	*	*	4475642	*
H	96009	91	94.5	+	0	0	493I91M855I	New.CleanUp.ReferenceOTU12004 Even3_323518	4475642
H	19496	96	96.9	+	0	0	500I96M757I	New.CleanUp.ReferenceOTU12009 Even3_139081	356760
L	22652	1393	*	*	*	*	*	333690	*
H	22652	77	93.5	+	0	0	522I77M794I	New.CleanUp.ReferenceOTU12011 Even3_365938	333690
N	*	82	*	*	*	*	*	New.CleanUp.ReferenceOTU12015 Even3_25239	*
H	15863	89	96.6	+	0	0	494I89M858I	New.CleanUp.ReferenceOTU12016 Even2_311075	527988
H	82004	100	96.0	+	0	0	436I100M845I	New.CleanUp.ReferenceOTU12017 Even2_348875	4328189
N	*	78	*	*	*	*	*	New.CleanUp.ReferenceOTU12024 Even3_368545	*
L	68619	1470	*	*	*	*	*	1141610	*
H	68619	89	95.5	+	0	0	504I89M877I	New.CleanUp.ReferenceOTU12037 Even2_359147	1141610
H	41961	84	94.0	+	0	0	515I84M792I	New.CleanUp.ReferenceOTU12038 Even2_150211	187835
L	61260	1478	*	*	*	*	*	619140	*
H	61260	78	96.2	+	0	0	507I78M893I	New.CleanUp.ReferenceOTU12044 Even1_169642	619140
H	43765	95	93.7	+	0	0	515I95M781I	New.CleanUp.ReferenceOTU12047 Even3_367631	178173
H	4878	100	94.0	+	0	0	516I100M828I	New.CleanUp.ReferenceOTU1205 Even3_74588	788593
H	70669	95	96.8	+	0	0	310I95M908I	New.CleanUp.ReferenceOTU12053 Even3_333531	755474
H	11939	100	91.0	+	0	0	526I100M863I	New.CleanUp.ReferenceOTU12055 Even3_383695	560629
L	67269	1445	*	*	*	*	*	2854740	*
H	67269	94	96.8	+	0	0	491I94M860I	New.CleanUp.ReferenceOTU12060 Even1_206382	2854740
H	17858	100	96.0	+	0	0	519I100M906I	New.CleanUp.ReferenceOTU12063 Even1_58506	470117
H	28779	92	96.7	+	0	0	486I92M782I	New.CleanUp.ReferenceOTU12064 Even1_260835	291254
H	80038	85	92.9	+	0	0	547I85M926I	New.CleanUp.ReferenceOTU12066 Even3_356617	4307897
L	26841	1390	*	*	*	*	*	303221	*
H	26841	100	95.0	+	0	0	523I100M767I	New.CleanUp.ReferenceOTU12069 Even3_129548	303221
H	19496	81	95.1	+	0	0	500I81M772I	New.CleanUp.ReferenceOTU12080 Even1_244911	356760
H	44276	100	96.0	+	0	0	505I100M775I	New.CleanUp.ReferenceOTU12081 Even1_225431	175367
H	70294	96	95.8	+	0	0	501I96M849I	New.CleanUp.ReferenceOTU12082 Even1_374649	3232397
H	17719	100	95.0	+	0	0	496I100M753I	New.CleanUp.ReferenceOTU12083 Even1_48303	505565
H	66352	82	95.1	+	0	0	491I82M859I	New.CleanUp.ReferenceOTU12090 Even3_131280	2740953
H	85676	92	93.5	+	0	0	467I92M849I	New.CleanUp.ReferenceOTU12095 Even3_278998	4366525
H	70294	100	96.0	+	0	0	501I100M845I	New.CleanUp.ReferenceOTU12097 Even3_281015	3232397
H	16275	89	94.4	+	0	0	522I89M783I	New.CleanUp.ReferenceOTU12098 Even1_286678	522595
L	46114	1453	*	*	*	*	*	158137	*
H	46114	86	90.7	+	0	0	506I86M861I	New.CleanUp.ReferenceOTU12101 Even2_10159	158137
H	40197	92	94.6	+	0	0	537I92M773I	New.CleanUp.ReferenceOTU12106 Even1_196043	197105
N	*	86	*	*	*	*	*	New.CleanUp.ReferenceOTU12110 Even1_385065	*
L	59366	1445	*	*	*	*	*	1890229	*
H	59366	92	92.4	+	0	0	483I92M870I	New.CleanUp.ReferenceOTU12112 Even1_293852	1890229
H	46105	83	90.4	+	0	0	507I83M864I	New.CleanUp.ReferenceOTU12120 Even3_388809	158215
H	15084	100	92.0	+	0	0	411I100M817I	New.CleanUp.ReferenceOTU12123 Even2_158843	535955
L	43052	1390	*	*	*	*	*	181990	*
H	43052	95	90.5	+	0	0	515I95M780I	New.CleanUp.ReferenceOTU12133 Even3_393521	181990
H	17808	100	93.0	+	0	0	495I100M754I	New.CleanUp.ReferenceOTU12134 Even2_384992	495070
N	*	81	*	*	*	*	*	New.CleanUp.ReferenceOTU12138 Even2_381929	*
H	19083	76	94.7	+	0	0	494I76M784I	New.CleanUp.ReferenceOTU12141 Even3_319957	363856
L	25643	1393	*	*	*	*	*	311961	*
H	25643	85	96.5	+	0	0	525I85M783I	New.CleanUp.ReferenceOTU12149 Even2_162397	311961
L	20067	1392	*	*	*	*	*	352529	*
H	20067	100	95.0	+	0	0	515I100M777I	New.CleanUp.ReferenceOTU12150 Even3_281545	352529
H	77909	100	95.0	+	0	0	487I100M854I	New.CleanUp.ReferenceOTU12152 Even3_309597	4201482
H	13133	96	95.8	+	0	0	475I96M848I	New.CleanUp.ReferenceOTU12154 Even2_111141	550960
L	13249	1373	*	*	*	*	*	549992	*
H	13249	76	93.4	+	0	0	495I76M802I	New.CleanUp.ReferenceOTU12155 Even2_364109	549992
H	90171	100	95.0	+	0	0	498I100M836I	New.CleanUp.ReferenceOTU12159 Even2_122668	4414420
L	10191	1369	*	*	*	*	*	574290	*
H	10191	76	90.8	+	0	0	489I76M804I	New.CleanUp.ReferenceOTU1216 Even3_390180	574290
N	*	100	*	*	*	*	*	New.CleanUp.ReferenceOTU12165 Even2_360343	*
H	70294	80	95.0	+	0	0	501I80M865I	New.CleanUp.ReferenceOTU12170 Even1_233433	3232397
L	28283	1381	*	*	*	*	*	294302	*
H	28283	100	91.0	+	0	0	503I100M778I	New.CleanUp.ReferenceOTU12172 Even3_371983	294302
N	*	100	*	*	*	*	*	New.CleanUp.ReferenceOTU12175 Even2_388754	*
H	27948	100	93.0	+	0	0	528I100M774I	New.CleanUp.ReferenceOTU12180 Even1_210259	296442
H	36359	91	96.7	+	0	0	487I91M921I	New.CleanUp.ReferenceOTU12181 Even1_7785	235262
H	40293	100	94.0	+	0	0	525I100M765I	New.CleanUp.ReferenceOTU12188 Even2_90576	196604
H	68375	94	95.7	+	0	0	495I94M854I	New.CleanUp.ReferenceOTU12190 Even1_14772	2990145
H	61181	94	96.8	+	0	0	495I94M775I	New.CleanUp.ReferenceOTU12196 Even3_394713	846127
N	*	80	*	*	*	*	*	New.CleanUp.ReferenceOTU12200 Even3_368712	*
H	55214	92	96.7	+	0	0	522I92M897I	New.CleanUp.ReferenceOTU12202 Even1_39658	13811
H	40890	100	96.0	+	0	0	532I100M768I	New.CleanUp.ReferenceOTU12203 Even3_121155	193623
L	29368	1398	*	*	*	*	*	287510	*
H	29368	100	90.0	+	0	0	532I100M766I	New.CleanUp.ReferenceOTU1222 Even2_327989	287510
H	43726	81	96.3	+	0	0	528I81M797I	New.CleanUp.ReferenceOTU12221 Even3_360263	178387
H	66087	100	94.0	+	0	0	466I100M815I	New.CleanUp.ReferenceOTU12222 Even3_107541	1122622
H	23917	100	96.0	+	0	0	520I100M764I	New.CleanUp.ReferenceOTU12226 Even3_370852	324733
H	17852	82	96.3	+	0	0	517I82M936I	New.CleanUp.ReferenceOTU12229 Even1_62152	471180
L	70068	1439	*	*	*	*	*	3203801	*
H	70068	100	96.0	+	0	0	494I100M845I	New.CleanUp.ReferenceOTU12232 Even3_375176	3203801
N	*	90	*	*	*	*	*	New.CleanUp.ReferenceOTU12233 Even1_85552	*
H	25000	83	96.4	+	0	0	507I83M769I	New.CleanUp.ReferenceOTU12234 Even3_79537	316761
L	40371	1395	*	*	*	*	*	196176	*
H	40371	94	91.5	+	0	0	516I61MI33M784I	New.CleanUp.ReferenceOTU12236 Even3_378671	196176
H	42754	100	95.0	+	0	0	525I100M771I	New.CleanUp.ReferenceOTU12239 Even1_263505	183480
N	*	80	*	*	*	*	*	New.CleanUp.ReferenceOTU1224 Even2_12356	*
H	16275	100	96.0	+	0	0	522I100M772I	New.CleanUp.ReferenceOTU12241 Even2_277192	522595
H	43247	93	96.8	+	0	0	515I93M782I	New.CleanUp.ReferenceOTU12242 Even1_265852	180903
H	23805	100	96.0	+	0	0	488I100M772I	New.CleanUp.ReferenceOTU12243 Even2_371656	325552
L	20710	1374	*	*	*	*	*	347875	*
H	20710	100	96.0	+	0	0	527I100M747I	New.CleanUp.ReferenceOTU12245 Even1_368178	347875
L	28254	1332	*	*	*	*	*	294499	*
H	28254	100	96.0	+	0	0	490I100M742I	New.CleanUp.ReferenceOTU12249 Even3_191575	294499
H	75755	76	96.1	+	0	0	493I76M873I	New.CleanUp.ReferenceOTU1225 Even3_279903	3929758
H	21665	100	96.0	+	0	0	515I100M776I	New.CleanUp.ReferenceOTU12254 Even1_274666	340759
N	*	79	*	*	*	*	*	New.CleanUp.ReferenceOTU12255 Even2_395332	*
N	*	84	*	*	*	*	*	New.CleanUp.ReferenceOTU12256 Even2_395335	*
L	50554	1461	*	*	*	*	*	110723	*
H	50554	87	90.8	+	0	0	511I87M863I	New.CleanUp.ReferenceOTU12259 Even3_193714	110723
L	54154	1454	*	*	*	*	*	40649	*
H	54154	80	96.2	+	0	0	516I80M858I	New.CleanUp.ReferenceOTU12260 Even2_243190	40649
H	16275	100	92.0	+	0	0	522I100M772I	New.CleanUp.ReferenceOTU12262 Even3_272597	522595
H	27449	100	90.0	+	0	0	481I100M758I	New.CleanUp.ReferenceOTU12271 Even1_313962	299648
L	27763	1378	*	*	*	*	*	297635	*
H	27763	100	94.0	+	0	0	532I100M746I	New.CleanUp.ReferenceOTU12274 Even3_337847	297635
H	66269	100	92.0	+	0	0	492I100M856I	New.CleanUp.ReferenceOTU12276 Even3_276418	2730944
H	43197	100	96.0	+	0	0	507I100M775I	New.CleanUp.ReferenceOTU12277 Even1_98328	181193
H	4878	94	96.8	+	0	0	516I94M834I	New.CleanUp.ReferenceOTU12281 Even2_323516	788593
H	4878	100	94.0	+	0	0	516I100M828I	New.CleanUp.ReferenceOTU12284 Even2_287419	788593
H	83861	95	96.8	+	0	0	499I95M765I	New.CleanUp.ReferenceOTU12287 Even3_388078	4347159
H	29555	86	95.3	+	0	0	526I86M788I	New.CleanUp.ReferenceOTU1229 Even1_391641	281015
H	61436	100	90.0	+	0	0	491I100M847I	New.CleanUp.ReferenceOTU12294 Even3_276410	2134452
H	19273	100	95.0	+	0	0	487I100M766I	New.CleanUp.ReferenceOTU1230 Even3_385090	360703
H	7857	78	94.9	+	0	0	503I78M764I	New.CleanUp.ReferenceOTU12302 Even3_32284	591285
H	905	100	95.0	+	0	0	446I100M834I	New.CleanUp.ReferenceOTU12312 Even3_52614	1063126
H	17719	81	95.1	+	0	0	496I81M772I	New.CleanUp.ReferenceOTU12313 Even2_270356	505565
H	17858	87	95.4	+	0	0	519I87M919I	New.CleanUp.ReferenceOTU12318 Even3_267100	470117
L	67659	1483	*	*	*	*	*	1109788	*
H	67659	82	92.7	+	0	0	506I82M895I	New.CleanUp.ReferenceOTU1232 Even3_10750	1109788
H	73051	100	94.0	+	0	0	475I100M867I	New.CleanUp.ReferenceOTU12332 Even1_42470	1029559
L	18787	1381	*	*	*	*	*	369182	*
H	18787	91	91.2	+	0	0	516I91M774I	New.CleanUp.ReferenceOTU12335 Even3_264455	369182
L	3199	1424	*	*	*	*	*	832676	*
H	3199	93	90.3	+	0	0	507I93M824I	New.CleanUp.ReferenceOTU12344 Even2_333413	832676
N	*	94	*	*	*	*	*	New.CleanUp.ReferenceOTU12345 Even2_375372	*
L	66187	1413	*	*	*	*	*	2724174	*
H	66187	81	96.3	+	0	0	481I81M851I	New.CleanUp.ReferenceOTU12347 Even2_364732	2724174
H	24060	89	94.4	+	0	0	527I89M779I	New.CleanUp.ReferenceOTU12349 Even3_143748	323619
H	28993	80	95.0	+	0	0	533I80M794I	New.CleanUp.ReferenceOTU12350 Even2_376682	289925
L	70405	1440	*	*	*	*	*	3244671	*
H	70405	93	95.7	+	0	0	485I93M862I	New.CleanUp.ReferenceOTU12353 Even3_280084	3244671
H	17719	100	96.0	+	0	0	496I100M753I	New.CleanUp.ReferenceOTU12362 Even2_49395	505565
L	98605	1318	*	*	*	*	*	2776654	*
H	98605	82	92.7	+	0	0	430I82M806I	New.CleanUp.ReferenceOTU12365 Even1_38742	2776654
H	55214	94	96.8	+	0	0	522I94M895I	New.CleanUp.ReferenceOTU12373 Even2_27615	13811
N	*	100	*	*	*	*	*	New.CleanUp.ReferenceOTU12375 Even2_393591	*
H	28270	94	94.7	+	0	0	515I94M780I	New.CleanUp.ReferenceOTU12377 Even3_2010	294353
N	*	83	*	*	*	*	*	New.CleanUp.ReferenceOTU12386 Even2_217850	*
H	60701	100	92.0	+	0	0	484I100M797I	New.CleanUp.ReferenceOTU12388 Even2_393731	1105928
H	96051	95	94.7	+	0	0	479I95M873I	New.CleanUp.ReferenceOTU1239 Even3_385896	814112
L	24174	1357	*	*	*	*	*	322715	*
H	24174	82	95.1	+	0	0	505I82M770I	New.CleanUp.ReferenceOTU12391 Even3_381787	322715
L	42665	1396	*	*	*	*	*	183870	*
H	42665	100	91.0	+	0	0	525I100M771I	New.CleanUp.ReferenceOTU12392 Even2_318727	183870
L	32667	1385	*	*	*	*	*	261581	*
H	32667	95	90.5	+	0	0	509I95M781I	New.CleanUp.ReferenceOTU12403 Even1_372189	261581
H	60528	95	95.8	+	0	0	527I95M838I	New.CleanUp.ReferenceOTU12406 Even3_190765	825989
H	28324	96	91.7	+	0	0	515I96M776I	New.CleanUp.ReferenceOTU12408 Even3_386787	294022
H	94935	100	92.0	+	0	0	495I87MI13M850I	New.CleanUp.ReferenceOTU12409 Even3_386786	4464533
L	41069	1391	*	*	*	*	*	192589	*
H	41069	84	91.7	+	0	0	515I84M792I	New.CleanUp.ReferenceOTU1241 Even3_277369	192589
H	44163	85	94.1	+	0	0	527I85M785I	New.CleanUp.ReferenceOTU12411 Even1_243657	176034
H	23917	96	95.8	+	0	0	520I96M768I	New.CleanUp.ReferenceOTU12414 Even1_296608	324733
H	13296	100	96.0	+	0	0	486I82MI18M871I	New.CleanUp.ReferenceOTU12417 Even1_331850	549656
H	43840	100	96.0	+	0	0	515I100M775I	New.CleanUp.ReferenceOTU12428 Even3_123990	177758
H	95850	94	95.7	+	0	0	533I94M883I	New.CleanUp.ReferenceOTU12429 Even3_281280	4473883
H	43402	100	94.0	+	0	0	532I100M771I	New.CleanUp.ReferenceOTU12434 Even2_319583	180112
H	77093	83	95.2	+	0	0	470I83M887I	New.CleanUp.ReferenceOTU12436 Even1_257016	4094259
L	28552	1391	*	*	*	*	*	292456	*
H	28552	100	90.0	+	0	0	515I100M776I	New.CleanUp.ReferenceOTU12442 Even2_267819	292456
L	20812	1375	*	*	*	*	*	347131	*
H	20812	85	96.5	+	0	0	500I85M790I	New.CleanUp.ReferenceOTU12443 Even3_279935	347131
H	29153	100	95.0	+	0	0	506I100M769I	New.CleanUp.ReferenceOTU12444 Even2_111301	288930
H	12256	100	94.0	+	0	0	528I100M874I	New.CleanUp.ReferenceOTU12447 Even3_5304	558081
H	55214	100	95.0	+	0	0	522I100M889I	New.CleanUp.ReferenceOTU12449 Even2_48512	13811
N	*	100	*	*	*	*	*	New.CleanUp.ReferenceOTU12450 Even3_297373	*
H	94577	94	90.4	+	0	0	431I94M837I	New.CleanUp.ReferenceOTU1246 Even3_375550	4460263
L	93994	1443	*	*	*	*	*	4454068	*
H	93994	84	94.0	+	0	0	483I84M876I	New.CleanUp.ReferenceOTU12460 Even1_311159	4454068
N	*	91	*	*	*	*	*	New.CleanUp.ReferenceOTU12461 Even2_270994	*
L	41817	1396	*	*	*	*	*	188706	*
H	41817	100	90.0	+	0	0	526I100M770I	New.CleanUp.ReferenceOTU12464 Even2_386781	188706
N	*	100	*	*	*	*	*	New.CleanUp.ReferenceOTU12465 Even3_375695	*
N	*	100	*	*	*	*	*	New.CleanUp.ReferenceOTU12468 Even3_397211	*
H	9777	96	96.9	+	0	0	495I96M767I	New.CleanUp.ReferenceOTU12478 Even2_278696	577406
N	*	93	*	*	*	*	*	New.CleanUp.ReferenceOTU12479 Even2_397129	*
L	17855	1381	*	*	*	*	*	470879	*
H	17855	100	96.0	+	0	0	533I100M748I	New.CleanUp.ReferenceOTU1248 Even2_225767	470879
N	*	100	*	*	*	*	*	New.CleanUp.ReferenceOTU12480 Even1_356398	*
H	8811	94	93.6	+	0	0	507I94M890I	New.CleanUp.ReferenceOTU12485 Even2_341907	584375
N	*	94	*	*	*	*	*	New.CleanUp.ReferenceOTU12487 Even1_391104	*
L	73478	1460	*	*	*	*	*	3634675	*
H	73478	100	94.0	+	0	0	500I100M860I	New.CleanUp.ReferenceOTU12489 Even1_80256	3634675
H	60197	100	96.0	+	0	0	496I100M785I	New.CleanUp.ReferenceOTU12490 Even3_355254	1983368
L	41200	1388	*	*	*	*	*	191919	*
H	41200	100	95.0	+	0	0	513I100M775I	New.CleanUp.ReferenceOTU12491 Even1_291370	191919
H	36359	87	94.3	+	0	0	487I87M925I	New.CleanUp.ReferenceOTU12498 Even3_375439	235262
L	18897	1371	*	*	*	*	*	367215	*
H	18897	76	96.1	+	0	0	511I76M784I	New.CleanUp.ReferenceOTU125 Even1_200410	367215
N	*	100	*	*	*	*	*	New.CleanUp.ReferenceOTU12501 Even3_375345	*
H	85035	100	94.0	+	0	0	505I100M846I	New.CleanUp.ReferenceOTU12503 Even3_309859	4360055
H	19371	100	94.0	+	0	0	487I100M769I	New.CleanUp.ReferenceOTU12509 Even3_337458	359098
H	77227	100	96.0	+	0	0	502I100M832I	New.CleanUp.ReferenceOTU12510 Even2_296885	1116679
N	*	100	*	*	*	*	*	New.CleanUp.ReferenceOTU12511 Even3_390881	*
L	75259	1444	*	*	*	*	*	3866932	*
H	75259	85	96.5	+	0	0	484I85M875I	New.CleanUp.ReferenceOTU12512 Even1_77224	3866932
H	18897	100	95.0	+	0	0	511I100M760I	New.CleanUp.ReferenceOTU12516 Even3_269419	367215
L	53078	1402	*	*	*	*	*	72820	*
H	53078	89	96.6	+	0	0	496I89M817I	New.CleanUp.ReferenceOTU12525 Even1_281696	72820
H	41441	90	96.7	+	0	0	507I90M779I	New.CleanUp.ReferenceOTU1253 Even1_321548	190649
H	17808	94	94.7	+	0	0	495I94M760I	New.CleanUp.ReferenceOTU12539 Even2_280868	495070
H	52269	100	93.0	+	0	0	524I100M879I	New.CleanUp.ReferenceOTU1254 Even3_364476	91557
H	13352	81	96.3	+	0	0	496I81M905I	New.CleanUp.ReferenceOTU12542 Even3_325231	549232
H	26385	82	96.3	+	0	0	504I82M786I	New.CleanUp.ReferenceOTU12544 Even1_274493	306633
L	42553	1395	*	*	*	*	*	184567	*
H	42553	85	96.5	+	0	0	525I85M785I	New.CleanUp.ReferenceOTU12546 Even2_79821	184567
L	9391	1504	*	*	*	*	*	580295	*
H	9391	100	90.0	+	0	0	526I100M878I	New.CleanUp.ReferenceOTU12548 Even3_290422	580295
N	*	100	*	*	*	*	*	New.CleanUp.ReferenceOTU1255 Even3_364479	*
H	86179	96	94.8	+	0	0	530I96M774I	New.CleanUp.ReferenceOTU12553 Even1_131020	4372058
H	87878	100	95.0	+	0	0	502I100M842I	New.CleanUp.ReferenceOTU12555 Even3_306398	4390134
L	79117	1387	*	*	*	*	*	4298702	*
H	79117	83	92.8	+	0	0	527I83M777I	New.CleanUp.ReferenceOTU12558 Even1_3761	4298702
H	46105	100	96.0	+	0	0	507I100M847I	New.CleanUp.ReferenceOTU1256 Even3_337575	158215
H	60939	100	96.0	+	0	0	493I100M841I	New.CleanUp.ReferenceOTU12562 Even3_313146	2075910
H	17852	95	95.8	+	0	0	517I95M923I	New.CleanUp.ReferenceOTU12563 Even2_371460	471180
H	17731	95	96.8	+	0	0	493I95M755I	New.CleanUp.ReferenceOTU12564 Even1_302340	503372
L	24833	1393	*	*	*	*	*	317991	*
H	24833	92	92.4	+	0	0	532I92M769I	New.CleanUp.ReferenceOTU12571 Even1_75881	317991
H	37483	100	96.0	+	0	0	524I100M777I	New.CleanUp.ReferenceOTU12574 Even3_20133	222043
L	84263	1386	*	*	*	*	*	4351337	*
H	84263	100	92.0	+	0	0	518I100M768I	New.CleanUp.ReferenceOTU12584 Even2_305260	4351337
L	41741	1399	*	*	*	*	*	189083	*
H	41741	81	93.8	+	0	0	528I81M790I	New.CleanUp.ReferenceOTU12591 Even1_283457	189083
L	41698	1392	*	*	*	*	*	189296	*
H	41698	85	92.9	+	0	0	517I85M790I	New.CleanUp.ReferenceOTU12599 Even3_386840	189296
N	*	100	*	*	*	*	*	New.CleanUp.ReferenceOTU126 Even3_375380	*
L	84255	1365	*	*	*	*	*	4351284	*
H	84255	100	94.0	+	0	0	508I100M757I	New.CleanUp.ReferenceOTU12600 Even1_317405	4351284
H	32870	92	92.4	+	0	0	528I92M779I	New.CleanUp.ReferenceOTU12601 Even3_280166	260410
H	66087	92	96.7	+	0	0	466I92M823I	New.CleanUp.ReferenceOTU12602 Even1_110510	1122622
H	17719	89	94.4	+	0	0	496I89M764I	New.CleanUp.ReferenceOTU1261 Even3_180286	505565
H	27267	90	94.4	+	0	0	507I90M785I	New.CleanUp.ReferenceOTU12615 Even2_214339	300662
L	43660	1392	*	*	*	*	*	178751	*
H	43660	95	96.8	+	0	0	519I95M778I	New.CleanUp.ReferenceOTU12619 Even1_309709	178751
H	28254	100	96.0	+	0	0	490I100M742I	New.CleanUp.ReferenceOTU12623 Even2_363312	294499
N	*	100	*	*	*	*	*	New.CleanUp.ReferenceOTU12627 Even1_102181	*
L	55057	1507	*	*	*	*	*	15357	*
H	55057	91	90.1	+	0	0	533I91M883I	New.CleanUp.ReferenceOTU12629 Even2_360366	15357
N	*	100	*	*	*	*	*	New.CleanUp.ReferenceOTU12635 Even3_381648	*
L	73305	1430	*	*	*	*	*	661404	*
H	73305	100	90.0	+	0	0	473I100M857I	New.CleanUp.ReferenceOTU12639 Even3_381642	661404
L	44893	1460	*	*	*	*	*	170089	*
H	44893	92	90.2	+	0	0	510I92M858I	New.CleanUp.ReferenceOTU12641 Even1_84659	170089
H	7857	100	94.0	+	0	0	503I100M742I	New.CleanUp.ReferenceOTU12642 Even3_151792	591285
L	54585	1432	*	*	*	*	*	28056	*
H	54585	83	92.8	+	0	0	490I83M859I	New.CleanUp.ReferenceOTU12644 Even2_103524	28056
L	55509	1506	*	*	*	*	*	10211	*
H	55509	100	94.0	+	0	0	513I100M893I	New.CleanUp.ReferenceOTU12645 Even2_56543	10211
H	62902	82	95.1	+	0	0	505I82M928I	New.CleanUp.ReferenceOTU12648 Even2_11339	825808
H	70294	93	93.5	+	0	0	501I93M852I	New.CleanUp.ReferenceOTU12649 Even2_287455	3232397
H	40389	81	92.6	+	0	0	514I81M793I	New.CleanUp.ReferenceOTU12657 Even1_5507	196098
H	13352	91	94.5	+	0	0	496I91M895I	New.CleanUp.ReferenceOTU12662 Even1_356001	549232
L	18724	1369	*	*	*	*	*	370225	*
H	18724	100	95.0	+	0	0	505I100M764I	New.CleanUp.ReferenceOTU12668 Even3_176959	370225
H	66352	88	96.6	+	0	0	491I88M853I	New.CleanUp.ReferenceOTU12669 Even3_12543	2740953
L	41537	1396	*	*	*	*	*	190155	*
H	41537	100	94.0	+	0	0	517I100M779I	New.CleanUp.ReferenceOTU12671 Even3_256738	190155
H	17808	100	95.0	+	0	0	495I100M754I	New.CleanUp.ReferenceOTU12676 Even3_293393	495070
H	26385	100	96.0	+	0	0	504I100M768I	New.CleanUp.ReferenceOTU12677 Even3_256732	306633
L	22709	1362	*	*	*	*	*	333279	*
H	22709	84	90.5	+	0	0	488I84M790I	New.CleanUp.ReferenceOTU1268 Even1_385907	333279
L	19039	1353	*	*	*	*	*	364722	*
H	19039	76	96.1	+	0	0	518I76M759I	New.CleanUp.ReferenceOTU12680 Even3_293651	364722
H	4878	100	91.0	+	0	0	516I100M828I	New.CleanUp.ReferenceOTU12682 Even1_243515	788593
L	38006	1473	*	*	*	*	*	217328	*
H	38006	82	95.1	+	0	0	511I82M880I	New.CleanUp.ReferenceOTU12683 Even1_397419	217328
L	58003	1436	*	*	*	*	*	1721299	*
H	58003	100	96.0	+	0	0	495I100M841I	New.CleanUp.ReferenceOTU12684 Even3_159145	1721299
L	63344	1348	*	*	*	*	*	996970	*
H	63344	85	94.1	+	0	0	494I85M769I	New.CleanUp.ReferenceOTU12687 Even2_69867	996970
L	90718	1489	*	*	*	*	*	4419621	*
H	90718	84	95.2	+	0	0	504I84M901I	New.CleanUp.ReferenceOTU12689 Even2_307029	4419621
L	38709	1491	*	*	*	*	*	209685	*
H	38709	96	96.9	+	0	0	526I96M869I	New.CleanUp.ReferenceOTU12691 Even1_389622	209685
L	39974	1389	*	*	*	*	*	198332	*
H	39974	93	92.5	+	0	0	517I93M779I	New.CleanUp.ReferenceOTU12694 Even3_266231	198332
L	88111	1486	*	*	*	*	*	4392243	*
H	88111	81	92.6	+	0	0	523I81M882I	New.CleanUp.ReferenceOTU12695 Even3_266236	4392243
H	46105	100	90.0	+	0	0	507I100M847I	New.CleanUp.ReferenceOTU1270 Even3_284204	158215
N	*	100	*	*	*	*	*	New.CleanUp.ReferenceOTU12700 Even1_364777	*
N	*	100	*	*	*	*	*	New.CleanUp.ReferenceOTU12704 Even2_375698	*
L	19433	1381	*	*	*	*	*	357963	*
H	19433	90	96.7	+	0	0	518I90M773I	New.CleanUp.ReferenceOTU12708 Even3_378615	357963
H	13133	94	96.8	+	0	0	475I94M850I	New.CleanUp.ReferenceOTU12715 Even3_289417	550960
L	25986	1403	*	*	*	*	*	309663	*
H	25986	84	90.5	+	0	0	524I84M795I	New.CleanUp.ReferenceOTU12716 Even3_300784	309663
H	70294	100	94.0	+	0	0	501I100M845I	New.CleanUp.ReferenceOTU12726 Even1_377837	3232397
L	40778	1391	*	*	*	*	*	194177	*
H	40778	100	94.0	+	0	0	515I100M776I	New.CleanUp.ReferenceOTU12732 Even2_392893	194177
H	40204	100	93.0	+	0	0	525I100M770I	New.CleanUp.ReferenceOTU12736 Even3_19373	197072
L	41927	1385	*	*	*	*	*	188037	*
H	41927	100	94.0	+	0	0	514I100M771I	New.CleanUp.ReferenceOTU12738 Even3_323491	188037
L	24562	1390	*	*	*	*	*	319938	*
H	24562	91	96.7	+	0	0	515I6MI85M783I	New.CleanUp.ReferenceOTU12742 Even3_35992	319938
L	27292	1347	*	*	*	*	*	300517	*
H	27292	100	95.0	+	0	0	487I100M760I	New.CleanUp.ReferenceOTU12745 Even3_268951	300517
H	4878	100	96.0	+	0	0	516I100M828I	New.CleanUp.ReferenceOTU12747 Even1_297306	788593
L	75540	1457	*	*	*	*	*	3903651	*
H	75540	100	96.0	+	0	0	499I100M858I	New.CleanUp.ReferenceOTU1275 Even1_8323	3903651
H	94577	100	92.0	+	0	0	431I100M831I	New.CleanUp.ReferenceOTU12753 Even2_372160	4460263
H	76272	91	94.5	+	0	0	496I91M855I	New.CleanUp.ReferenceOTU12755 Even3_47443	3997242
H	82658	83	95.2	+	0	0	509I83M859I	New.CleanUp.ReferenceOTU12759 Even1_68176	4335293
N	*	94	*	*	*	*	*	New.CleanUp.ReferenceOTU12760 Even3_387945	*
H	17731	100	95.0	+	0	0	493I100M750I	New.CleanUp.ReferenceOTU12761 Even3_388052	503372
L	24820	1358	*	*	*	*	*	318091	*
H	24820	80	93.8	+	0	0	488I80M790I	New.CleanUp.ReferenceOTU12764 Even2_281308	318091
H	40200	95	96.8	+	0	0	517I95M791I	New.CleanUp.ReferenceOTU12769 Even3_313680	197091
N	*	100	*	*	*	*	*	New.CleanUp.ReferenceOTU12770 Even3_43493	*
H	66087	83	96.4	+	0	0	466I83M832I	New.CleanUp.ReferenceOTU12771 Even3_345791	1122622
L	78575	1447	*	*	*	*	*	4281639	*
H	78575	95	93.7	+	0	0	485I95M867I	New.CleanUp.ReferenceOTU12776 Even1_386218	4281639
H	21950	88	94.3	+	0	0	524I88M783I	New.CleanUp.ReferenceOTU12778 Even1_386217	338756
H	27448	76	96.1	+	0	0	533I76M795I	New.CleanUp.ReferenceOTU1278 Even3_388583	299659
H	22788	100	96.0	+	0	0	548I100M774I	New.CleanUp.ReferenceOTU12781 Even3_127385	332718
H	22392	100	96.0	+	0	0	501I100M769I	New.CleanUp.ReferenceOTU12783 Even1_142321	335670
H	43197	95	96.8	+	0	0	507I95M780I	New.CleanUp.ReferenceOTU12786 Even1_387928	181193
H	60939	100	95.0	+	0	0	493I100M841I	New.CleanUp.ReferenceOTU12787 Even3_264471	2075910
H	43114	80	96.2	+	0	0	515I80M794I	New.CleanUp.ReferenceOTU12790 Even3_264475	181689
H	17852	100	96.0	+	0	0	517I100M918I	New.CleanUp.ReferenceOTU12791 Even3_223955	471180
H	55508	93	91.4	+	0	0	513I93M900I	New.CleanUp.ReferenceOTU12793 Even1_387925	10212
N	*	95	*	*	*	*	*	New.CleanUp.ReferenceOTU12797 Even2_318094	*
H	94577	92	96.7	+	0	0	431I92M839I	New.CleanUp.ReferenceOTU1280 Even1_320416	4460263
H	42664	83	94.0	+	0	0	514I83M792I	New.CleanUp.ReferenceOTU12800 Even3_217205	183873
L	14785	1505	*	*	*	*	*	538297	*
H	14785	85	96.5	+	0	0	526I85M894I	New.CleanUp.ReferenceOTU12801 Even1_107217	538297
H	38709	87	95.4	+	0	0	526I87M878I	New.CleanUp.ReferenceOTU12802 Even3_168257	209685
H	40416	92	95.7	+	0	0	515I92M784I	New.CleanUp.ReferenceOTU12805 Even1_218854	195934
H	54237	81	96.3	+	0	0	492I81M884I	New.CleanUp.ReferenceOTU1281 Even1_227413	38357
L	83642	1429	*	*	*	*	*	4344643	*
H	83642	86	96.5	+	0	0	485I86M858I	New.CleanUp.ReferenceOTU12811 Even2_36171	4344643
L	42352	1395	*	*	*	*	*	185730	*
H	42352	100	91.0	+	0	0	525I100M770I	New.CleanUp.ReferenceOTU12813 Even2_281878	185730
H	12829	93	96.8	+	0	0	488I93M869I	New.CleanUp.ReferenceOTU12815 Even3_2074	553611
H	83861	95	95.8	+	0	0	499I95M765I	New.CleanUp.ReferenceOTU12817 Even3_381811	4347159
L	44333	1393	*	*	*	*	*	175050	*
H	44333	100	96.0	+	0	0	518I100M775I	New.CleanUp.ReferenceOTU12818 Even2_25199	175050
H	22782	85	91.8	+	0	0	488I85M754I	New.CleanUp.ReferenceOTU12829 Even3_267785	332764
H	82713	91	95.6	+	0	0	425I91M916I	New.CleanUp.ReferenceOTU12832 Even1_302089	4335781
H	55016	100	95.0	+	0	0	441I93M11I7M837I	New.CleanUp.ReferenceOTU12834 Even2_19018	15728
L	29604	1348	*	*	*	*	*	279617	*
H	29604	100	90.0	+	0	0	494I100M754I	New.CleanUp.ReferenceOTU12835 Even3_267789	279617
H	21664	84	94.0	+	0	0	494I84M774I	New.CleanUp.ReferenceOTU12837 Even1_302081	340761
H	58003	93	90.3	+	0	0	495I93M848I	New.CleanUp.ReferenceOTU12841 Even2_393712	1721299
H	17731	92	92.4	+	0	0	493I92M758I	New.CleanUp.ReferenceOTU12849 Even1_378070	503372
H	7857	95	95.8	+	0	0	503I95M747I	New.CleanUp.ReferenceOTU1285 Even1_372009	591285
H	87434	89	93.3	+	0	0	504I89M856I	New.CleanUp.ReferenceOTU12854 Even1_385291	4385318
L	19737	1355	*	*	*	*	*	355002	*
H	19737	87	96.6	+	0	0	488I87M780I	New.CleanUp.ReferenceOTU12856 Even2_40577	355002
H	46141	100	96.0	+	0	0	506I100M849I	New.CleanUp.ReferenceOTU12857 Even2_192842	157905
L	39371	1469	*	*	*	*	*	202715	*
H	39371	100	91.0	+	0	0	547I100M822I	New.CleanUp.ReferenceOTU12858 Even1_216061	202715
H	66269	95	95.8	+	0	0	492I95M861I	New.CleanUp.ReferenceOTU12860 Even1_393406	2730944
H	15863	81	93.8	+	0	0	494I81M866I	New.CleanUp.ReferenceOTU12865 Even1_221646	527988
H	16908	95	95.8	+	0	0	528I95M779I	New.CleanUp.ReferenceOTU12866 Even1_1739	514512
H	83861	91	96.7	+	0	0	499I91M769I	New.CleanUp.ReferenceOTU12869 Even3_299277	4347159
H	28254	100	94.0	+	0	0	490I100M742I	New.CleanUp.ReferenceOTU12871 Even1_381539	294499
H	42465	90	96.7	+	0	0	514I90M785I	New.CleanUp.ReferenceOTU12874 Even1_373103	185140
H	61851	77	96.1	+	0	0	491I77M864I	New.CleanUp.ReferenceOTU12877 Even2_275923	2189140
H	12256	100	95.0	+	0	0	528I100M874I	New.CleanUp.ReferenceOTU1288 Even3_281598	558081
H	26125	82	90.2	+	0	0	486I82M796I	New.CleanUp.ReferenceOTU1289 Even3_368375	308502
L	26524	1354	*	*	*	*	*	305477	*
H	26524	79	93.7	+	0	0	515I79M760I	New.CleanUp.ReferenceOTU12893 Even1_60039	305477
H	18714	100	96.0	+	0	0	495I100M764I	New.CleanUp.ReferenceOTU12896 Even1_283507	370361
N	*	100	*	*	*	*	*	New.CleanUp.ReferenceOTU12897 Even2_381681	*
N	*	100	*	*	*	*	*	New.CleanUp.ReferenceOTU12898 Even2_390983	*
H	66087	96	92.7	+	0	0	466I96M819I	New.CleanUp.ReferenceOTU12908 Even2_378238	1122622
N	*	81	*	*	*	*	*	New.CleanUp.ReferenceOTU12909 Even1_282638	*
L	5672	1340	*	*	*	*	*	727945	*
H	5672	85	94.1	+	0	0	494I85M761I	New.CleanUp.ReferenceOTU12911 Even1_183572	727945
H	42693	100	94.0	+	0	0	498I100M772I	New.CleanUp.ReferenceOTU12914 Even3_335830	183783
N	*	83	*	*	*	*	*	New.CleanUp.ReferenceOTU12917 Even3_397390	*
H	63104	92	94.6	+	0	0	529I92M792I	New.CleanUp.ReferenceOTU12919 Even2_209197	2342005
N	*	94	*	*	*	*	*	New.CleanUp.ReferenceOTU12924 Even2_368570	*
H	36452	81	96.3	+	0	0	416I6MI75M906I	New.CleanUp.ReferenceOTU12925 Even3_365685	233993
H	20877	100	92.0	+	0	0	515I100M773I	New.CleanUp.ReferenceOTU12926 Even1_388478	346689
H	19496	91	96.7	+	0	0	500I91M762I	New.CleanUp.ReferenceOTU12928 Even2_200340	356760
L	41246	1361	*	*	*	*	*	191691	*
H	41246	80	96.2	+	0	0	488I80M793I	New.CleanUp.ReferenceOTU1293 Even2_10581	191691
H	22784	95	96.8	+	0	0	508I95M757I	New.CleanUp.ReferenceOTU12931 Even1_388470	332732
H	16275	100	93.0	+	0	0	522I100M772I	New.CleanUp.ReferenceOTU12933 Even3_386433	522595
H	96557	100	96.0	+	0	0	501I100M757I	New.CleanUp.ReferenceOTU12939 Even1_280856	4480861
N	*	100	*	*	*	*	*	New.CleanUp.ReferenceOTU12941 Even3_197574	*
H	94577	95	94.7	+	0	0	431I95M836I	New.CleanUp.ReferenceOTU12942 Even1_280853	4460263
N	*	100	*	*	*	*	*	New.CleanUp.ReferenceOTU12946 Even2_375431	*
L	91378	1527	*	*	*	*	*	4426298	*
H	91378	82	96.3	+	0	0	514I82M931I	New.CleanUp.ReferenceOTU12952 Even2_264808	4426298
H	8811	96	90.6	+	0	0	507I96M888I	New.CleanUp.ReferenceOTU12953 Even3_269433	584375
L	27733	1366	*	*	*	*	*	297783	*
H	27733	77	96.1	+	0	0	488I77M801I	New.CleanUp.ReferenceOTU12959 Even3_363685	297783
H	15863	82	95.1	+	0	0	494I82M865I	New.CleanUp.ReferenceOTU12960 Even2_52255	527988
H	86873	84	95.2	+	0	0	519I84M879I	New.CleanUp.ReferenceOTU12962 Even3_60403	4379449
H	12256	95	96.8	+	0	0	528I95M879I	New.CleanUp.ReferenceOTU12964 Even2_292692	558081
N	*	96	*	*	*	*	*	New.CleanUp.ReferenceOTU12968 Even3_384577	*
N	*	84	*	*	*	*	*	New.CleanUp.ReferenceOTU12973 Even2_155514	*
H	69259	93	96.8	+	0	0	488I93M860I	New.CleanUp.ReferenceOTU1298 Even3_48976	3101394
H	41984	76	96.1	+	0	0	511I76M800I	New.CleanUp.ReferenceOTU12981 Even1_224850	187720
H	7341	100	96.0	+	0	0	524I100M875I	New.CleanUp.ReferenceOTU12982 Even1_312903	610462
H	17852	100	94.0	+	0	0	517I100M918I	New.CleanUp.ReferenceOTU12985 Even3_384063	471180
H	15863	81	96.3	+	0	0	494I81M866I	New.CleanUp.ReferenceOTU1299 Even2_255248	527988
H	16022	100	94.0	+	0	0	488I100M770I	New.CleanUp.ReferenceOTU12990 Even3_333577	525841
H	24573	93	95.7	+	0	0	508I93M780I	New.CleanUp.ReferenceOTU12994 Even1_28223	319870
H	46140	79	96.2	+	0	0	510I79M868I	New.CleanUp.ReferenceOTU12995 Even2_78131	157921
H	11939	80	96.2	+	0	0	526I80M883I	New.CleanUp.ReferenceOTU12996 Even2_225321	560629
H	89219	100	95.0	+	0	0	480I100M868I	New.CleanUp.ReferenceOTU12997 Even3_53046	4404187
H	40890	96	96.9	+	0	0	532I96M772I	New.CleanUp.ReferenceOTU12998 Even3_289350	193623
H	16022	77	96.1	+	0	0	488I77M793I	New.CleanUp.ReferenceOTU13002 Even2_444	525841
L	42260	1381	*	*	*	*	*	186162	*
H	42260	100	93.0	+	0	0	504I100M777I	New.CleanUp.ReferenceOTU13004 Even3_356652	186162
H	24573	95	95.8	+	0	0	508I95M778I	New.CleanUp.ReferenceOTU13006 Even3_274865	319870
H	17731	100	94.0	+	0	0	493I100M750I	New.CleanUp.ReferenceOTU13009 Even3_126552	503372
H	17719	100	91.0	+	0	0	496I100M753I	New.CleanUp.ReferenceOTU13010 Even2_395011	505565
L	40938	1390	*	*	*	*	*	193364	*
H	40938	93	95.7	+	0	0	515I93M782I	New.CleanUp.ReferenceOTU13014 Even1_204231	193364
H	42693	100	95.0	+	0	0	498I100M772I	New.CleanUp.ReferenceOTU13020 Even3_256448	183783
H	39357	93	96.8	+	0	0	480I93M898I	New.CleanUp.ReferenceOTU13023 Even1_1747	202829
H	19258	100	96.0	+	0	0	495I100M764I	New.CleanUp.ReferenceOTU1303 Even3_10709	360962
L	25523	1357	*	*	*	*	*	312770	*
H	25523	95	93.7	+	0	0	505I95M757I	New.CleanUp.ReferenceOTU13030 Even3_383747	312770
H	17855	100	96.0	+	0	0	533I100M748I	New.CleanUp.ReferenceOTU13031 Even2_37698	470879
L	21908	1396	*	*	*	*	*	339013	*
H	21908	100	93.0	+	0	0	527I100M769I	New.CleanUp.ReferenceOTU13034 Even2_337853	339013
H	42150	94	93.6	+	0	0	527I94M775I	New.CleanUp.ReferenceOTU13035 Even3_386133	186841
H	28099	94	91.5	+	0	0	524I94M778I	New.CleanUp.ReferenceOTU13037 Even3_397347	295554
H	42754	100	96.0	+	0	0	525I100M771I	New.CleanUp.ReferenceOTU1304 Even2_323191	183480
H	58195	100	92.0	+	0	0	506I100M861I	New.CleanUp.ReferenceOTU13041 Even1_110752	1746913
H	29153	100	93.0	+	0	0	506I100M769I	New.CleanUp.ReferenceOTU13046 Even3_10857	288930
H	19496	100	95.0	+	0	0	500I100M753I	New.CleanUp.ReferenceOTU13047 Even1_197091	356760
H	43402	100	92.0	+	0	0	532I100M771I	New.CleanUp.ReferenceOTU13048 Even1_63091	180112
H	63476	83	91.6	+	0	0	485I83M866I	New.CleanUp.ReferenceOTU13050 Even1_313141	2388617
L	47449	1508	*	*	*	*	*	148003	*
H	47449	78	94.9	+	0	0	527I78M903I	New.CleanUp.ReferenceOTU13052 Even1_233813	148003
L	86789	1439	*	*	*	*	*	4378519	*
H	86789	82	95.1	+	0	0	486I82M871I	New.CleanUp.ReferenceOTU13054 Even2_346443	4378519
H	7857	83	95.2	+	0	0	503I83M759I	New.CleanUp.ReferenceOTU13058 Even1_263742	591285
N	*	100	*	*	*	*	*	New.CleanUp.ReferenceOTU13061 Even3_388840	*
H	27251	100	91.0	+	0	0	524I100M779I	New.CleanUp.ReferenceOTU13064 Even2_280519	300729
H	72937	100	95.0	+	0	0	483I100M847I	New.CleanUp.ReferenceOTU13069 Even2_351296	3562626
H	89219	100	95.0	+	0	0	480I100M868I	New.CleanUp.ReferenceOTU13070 Even2_44130	4404187
H	86789	93	96.8	+	0	0	486I93M860I	New.CleanUp.ReferenceOTU13072 Even3_341553	4378519
N	*	100	*	*	*	*	*	New.CleanUp.ReferenceOTU13077 Even2_368367	*
H	83861	100	93.0	+	0	0	499I100M760I	New.CleanUp.ReferenceOTU13079 Even2_368365	4347159
L	26053	1372	*	*	*	*	*	309107	*
H	26053	84	95.2	+	0	0	498I84M790I	New.CleanUp.ReferenceOTU13081 Even2_328208	309107
L	40693	1386	*	*	*	*	*	194562	*
H	40693	96	95.8	+	0	0	513I96M777I	New.CleanUp.ReferenceOTU13082 Even3_381487	194562
H	94577	100	95.0	+	0	0	431I100M831I	New.CleanUp.ReferenceOTU13085 Even1_372026	4460263
H	7341	100	94.0	+	0	0	524I100M875I	New.CleanUp.ReferenceOTU13095 Even2_360305	610462
H	17731	100	96.0	+	0	0	493I100M750I	New.CleanUp.ReferenceOTU1310 Even1_32261	503372
H	84501	100	93.0	+	0	0	523I100M769I	New.CleanUp.ReferenceOTU13102 Even3_153689	4354041
L	60474	1363	*	*	*	*	*	1022184	*
H	60474	100	94.0	+	0	0	506I100M757I	New.CleanUp.ReferenceOTU13106 Even1_318779	1022184
H	19889	93	92.5	+	0	0	515I93M782I	New.CleanUp.ReferenceOTU13112 Even3_381668	353791
L	25946	1399	*	*	*	*	*	309963	*
H	25946	93	93.5	+	0	0	518I93M788I	New.CleanUp.ReferenceOTU13117 Even3_305475	309963
L	20114	1347	*	*	*	*	*	352243	*
H	20114	94	90.4	+	0	0	493I94M760I	New.CleanUp.ReferenceOTU13122 Even3_275439	352243
L	23131	1399	*	*	*	*	*	330296	*
H	23131	100	90.0	+	0	0	523I100M776I	New.CleanUp.ReferenceOTU13125 Even3_277354	330296
H	8811	100	96.0	+	0	0	507I100M884I	New.CleanUp.ReferenceOTU13127 Even1_230363	584375
H	36452	100	96.0	+	0	0	416I100M888I	New.CleanUp.ReferenceOTU1313 Even2_116506	233993
H	17731	82	96.3	+	0	0	493I82M768I	New.CleanUp.ReferenceOTU13131 Even1_7743	503372
H	81368	90	94.4	+	0	0	481I90M1269I	New.CleanUp.ReferenceOTU13135 Even2_184221	4321292
L	18730	1358	*	*	*	*	*	370105	*
H	18730	100	95.0	+	0	0	492I100M766I	New.CleanUp.ReferenceOTU13137 Even3_172654	370105
H	19496	96	96.9	+	0	0	500I96M757I	New.CleanUp.ReferenceOTU13146 Even1_267449	356760
H	16118	83	96.4	+	0	0	521I83M782I	New.CleanUp.ReferenceOTU13151 Even2_11644	524661
N	*	100	*	*	*	*	*	New.CleanUp.ReferenceOTU13152 Even2_272658	*
H	64235	79	96.2	+	0	0	505I79M847I	New.CleanUp.ReferenceOTU13156 Even2_181075	2487129
H	80180	100	95.0	+	0	0	483I100M836I	New.CleanUp.ReferenceOTU13157 Even1_258605	4309033
H	49824	85	92.9	+	0	0	515I85M882I	New.CleanUp.ReferenceOTU1316 Even2_19098	115049
H	95695	85	96.5	+	0	0	484I85M878I	New.CleanUp.ReferenceOTU13161 Even3_351033	4472174
H	60701	93	95.7	+	0	0	484I93M804I	New.CleanUp.ReferenceOTU13163 Even2_342200	1105928
L	49271	1384	*	*	*	*	*	134265	*
H	49271	100	90.0	+	0	0	527I100M757I	New.CleanUp.ReferenceOTU13165 Even2_270745	134265
H	64825	95	96.8	+	0	0	501I95M917I	New.CleanUp.ReferenceOTU13169 Even2_105608	813479
H	13133	96	96.9	+	0	0	475I96M848I	New.CleanUp.ReferenceOTU13171 Even3_292986	550960
L	39879	1397	*	*	*	*	*	198866	*
H	39879	92	94.6	+	0	0	527I92M778I	New.CleanUp.ReferenceOTU13176 Even1_364555	198866
H	7341	96	96.9	+	0	0	524I96M879I	New.CleanUp.ReferenceOTU13177 Even1_394815	610462
N	*	100	*	*	*	*	*	New.CleanUp.ReferenceOTU13179 Even2_9841	*
H	55508	80	96.2	+	0	0	513I80M913I	New.CleanUp.ReferenceOTU13182 Even3_371219	10212
H	40200	95	96.8	+	0	0	517I95M791I	New.CleanUp.ReferenceOTU13186 Even1_265813	197091
H	66269	100	96.0	+	0	0	492I100M856I	New.CleanUp.ReferenceOTU13187 Even1_69495	2730944
H	17850	89	95.5	+	0	0	528I89M930I	New.CleanUp.ReferenceOTU13188 Even2_277154	484304
N	*	100	*	*	*	*	*	New.CleanUp.ReferenceOTU1319 Even2_393537	*
H	40371	84	96.4	+	0	0	516I61MI23M794I	New.CleanUp.ReferenceOTU13197 Even3_283891	196176
N	*	91	*	*	*	*	*	New.CleanUp.ReferenceOTU13198 Even3_364417	*
H	29153	90	95.6	+	0	0	506I90M779I	New.CleanUp.ReferenceOTU13201 Even1_65141	288930
H	86371	96	96.9	+	0	0	488I96M854I	New.CleanUp.ReferenceOTU13203 Even1_1517	4374204
H	24573	100	95.0	+	0	0	508I100M773I	New.CleanUp.ReferenceOTU13209 Even3_1802	319870
N	*	76	*	*	*	*	*	New.CleanUp.ReferenceOTU1321 Even3_317741	*
N	*	100	*	*	*	*	*	New.CleanUp.ReferenceOTU13213 Even2_386627	*
H	50563	94	95.7	+	0	0	515I94M831I	New.CleanUp.ReferenceOTU13214 Even2_374267	110625
H	70294	88	94.3	+	0	0	501I88M857I	New.CleanUp.ReferenceOTU13215 Even2_374264	3232397
H	17855	100	96.0	+	0	0	533I100M748I	New.CleanUp.ReferenceOTU13218 Even1_275394	470879
H	61181	96	96.9	+	0	0	495I96M773I	New.CleanUp.ReferenceOTU13226 Even3_384216	846127
L	69862	1434	*	*	*	*	*	3177392	*
H	69862	80	95.0	+	0	0	471I80M883I	New.CleanUp.ReferenceOTU13227 Even3_278504	3177392
H	8811	89	96.6	+	0	0	507I89M895I	New.CleanUp.ReferenceOTU13231 Even2_102018	584375
H	79272	96	96.9	+	0	0	545I96M885I	New.CleanUp.ReferenceOTU13238 Even1_377812	4300127
L	68971	1433	*	*	*	*	*	3064113	*
H	68971	96	93.8	+	0	0	488I96M849I	New.CleanUp.ReferenceOTU13240 Even2_390706	3064113
H	45632	94	96.8	+	0	0	547I94M923I	New.CleanUp.ReferenceOTU13242 Even1_333402	161579
H	43412	100	92.0	+	0	0	527I100M770I	New.CleanUp.ReferenceOTU13244 Even3_277384	180082
L	47447	1358	*	*	*	*	*	148007	*
H	47447	94	96.8	+	0	0	506I94M758I	New.CleanUp.ReferenceOTU1325 Even1_136332	148007
H	17731	96	94.8	+	0	0	493I96M754I	New.CleanUp.ReferenceOTU13259 Even2_281587	503372
H	25000	100	95.0	+	0	0	507I100M752I	New.CleanUp.ReferenceOTU13261 Even2_128376	316761
L	85814	1452	*	*	*	*	*	4368216	*
H	85814	84	96.4	+	0	0	506I84M862I	New.CleanUp.ReferenceOTU13262 Even1_323476	4368216
N	*	100	*	*	*	*	*	New.CleanUp.ReferenceOTU13275 Even1_289653	*
H	55508	93	95.7	+	0	0	513I93M900I	New.CleanUp.ReferenceOTU13277 Even3_378144	10212
H	24573	100	95.0	+	0	0	508I100M773I	New.CleanUp.ReferenceOTU13279 Even3_367337	319870
H	60528	88	96.6	+	0	0	527I88M845I	New.CleanUp.ReferenceOTU1328 Even2_289833	825989
H	87902	100	95.0	+	0	0	508I100M816I	New.CleanUp.ReferenceOTU13288 Even2_280989	4390319
L	93537	1450	*	*	*	*	*	4449427	*
H	93537	88	96.6	+	0	0	491I88M871I	New.CleanUp.ReferenceOTU1329 Even1_212922	4449427
H	80180	93	96.8	+	0	0	483I93M843I	New.CleanUp.ReferenceOTU1330 Even2_236723	4309033
H	75278	79	96.2	+	0	0	486I79M881I	New.CleanUp.ReferenceOTU13300 Even3_2058	3868447
L	40396	1389	*	*	*	*	*	196057	*
H	40396	84	96.4	+	0	0	514I84M791I	New.CleanUp.ReferenceOTU13320 Even2_323248	196057
H	55214	76	94.7	+	0	0	522I76M913I	New.CleanUp.ReferenceOTU13324 Even2_280185	13811
L	16519	1396	*	*	*	*	*	519290	*
H	16519	95	95.8	+	0	0	519I95M782I	New.CleanUp.ReferenceOTU13325 Even2_174457	519290
H	61181	95	92.6	+	0	0	495I95M774I	New.CleanUp.ReferenceOTU13330 Even1_389458	846127
N	*	100	*	*	*	*	*	New.CleanUp.ReferenceOTU13331 Even1_384492	*
H	40389	85	90.6	+	0	0	514I85M789I	New.CleanUp.ReferenceOTU13338 Even1_171056	196098
H	55016	100	91.0	+	0	0	441I91M11I9M837I	New.CleanUp.ReferenceOTU1334 Even3_163154	15728
H	46105	100	96.0	+	0	0	507I100M847I	New.CleanUp.ReferenceOTU13342 Even2_190744	158215
H	54237	100	96.0	+	0	0	492I100M865I	New.CleanUp.ReferenceOTU13344 Even3_381877	38357
L	72394	1375	*	*	*	*	*	1120420	*
H	72394	88	90.9	+	0	0	444I88M843I	New.CleanUp.ReferenceOTU13346 Even3_299257	1120420
L	85630	1455	*	*	*	*	*	4366173	*
H	85630	100	96.0	+	0	0	493I100M862I	New.CleanUp.ReferenceOTU13347 Even2_33700	4366173
N	*	100	*	*	*	*	*	New.CleanUp.ReferenceOTU13348 Even3_391018	*
H	36436	96	94.8	+	0	0	465I96M881I	New.CleanUp.ReferenceOTU13350 Even1_393427	234148
H	13352	100	93.0	+	0	0	496I100M886I	New.CleanUp.ReferenceOTU1339 Even3_287481	549232
H	46105	100	95.0	+	0	0	507I100M847I	New.CleanUp.ReferenceOTU1340 Even1_293764	158215
L	22669	1392	*	*	*	*	*	333580	*
H	22669	92	95.7	+	0	0	517I92M783I	New.CleanUp.ReferenceOTU1341 Even3_135620	333580
N	*	93	*	*	*	*	*	New.CleanUp.ReferenceOTU1347 Even3_386723	*
H	19496	85	96.5	+	0	0	500I85M768I	New.CleanUp.ReferenceOTU135 Even1_199464	356760
H	85630	87	96.6	+	0	0	493I87M875I	New.CleanUp.ReferenceOTU1353 Even3_293241	4366173
L	19184	1385	*	*	*	*	*	362214	*
H	19184	95	96.8	+	0	0	506I95M784I	New.CleanUp.ReferenceOTU1356 Even1_125503	362214
L	91847	1439	*	*	*	*	*	4431558	*
H	91847	100	96.0	+	0	0	494I100M845I	New.CleanUp.ReferenceOTU1359 Even3_64017	4431558
L	41739	1404	*	*	*	*	*	189090	*
H	41739	100	91.0	+	0	0	533I100M771I	New.CleanUp.ReferenceOTU1360 Even3_277993	189090
H	64825	80	96.2	+	0	0	501I80M932I	New.CleanUp.ReferenceOTU1361 Even2_313955	813479
H	17731	100	96.0	+	0	0	493I100M750I	New.CleanUp.ReferenceOTU1366 Even2_280749	503372
H	80617	100	95.0	+	0	0	485I100M822I	New.CleanUp.ReferenceOTU1368 Even3_281222	4313711
H	22784	83	96.4	+	0	0	508I83M769I	New.CleanUp.ReferenceOTU1371 Even1_50955	332732
H	58216	84	94.0	+	0	0	493I84M852I	New.CleanUp.ReferenceOTU1381 Even3_271019	1749791
H	53078	81	95.1	+	0	0	496I81M825I	New.CleanUp.ReferenceOTU1382 Even3_84641	72820
H	41250	93	90.3	+	0	0	517I93M783I	New.CleanUp.ReferenceOTU1384 Even3_271012	191658
N	*	100	*	*	*	*	*	New.CleanUp.ReferenceOTU1391 Even3_395386	*
H	55508	93	96.8	+	0	0	513I93M900I	New.CleanUp.ReferenceOTU1392 Even1_68136	10212
H	46141	89	96.6	+	0	0	506I89M860I	New.CleanUp.ReferenceOTU1394 Even1_190892	157905
H	90171	100	91.0	+	0	0	498I100M836I	New.CleanUp.ReferenceOTU1395 Even2_389634	4414420
L	76859	1467	*	*	*	*	*	4067355	*
H	76859	90	95.6	+	0	0	509I90M868I	New.CleanUp.ReferenceOTU140 Even1_286435	4067355
H	66087	94	96.8	+	0	0	466I94M821I	New.CleanUp.ReferenceOTU1402 Even1_385302	1122622
N	*	100	*	*	*	*	*	New.CleanUp.ReferenceOTU1403 Even2_375408	*
L	46025	1454	*	*	*	*	*	158820	*
H	46025	100	90.0	+	0	0	507I100M847I	New.CleanUp.ReferenceOTU1405 Even3_381800	158820
L	43687	1399	*	*	*	*	*	178615	*
H	43687	100	90.0	+	0	0	528I100M771I	New.CleanUp.ReferenceOTU1406 Even3_172158	178615
H	33582	100	96.0	+	0	0	513I100M861I	New.CleanUp.ReferenceOTU1408 Even2_56854	255359
H	78553	96	94.8	+	0	0	504I96M830I	New.CleanUp.ReferenceOTU1417 Even1_293938	4278525
H	62902	90	96.7	+	0	0	505I90M920I	New.CleanUp.ReferenceOTU1421 Even3_169627	825808
N	*	100	*	*	*	*	*	New.CleanUp.ReferenceOTU1426 Even3_149457	*
N	*	100	*	*	*	*	*	New.CleanUp.ReferenceOTU1427 Even3_393644	*
H	18724	92	95.7	+	0	0	505I92M772I	New.CleanUp.ReferenceOTU1434 Even3_322613	370225
H	79272	100	92.0	+	0	0	545I100M881I	New.CleanUp.ReferenceOTU1436 Even2_298510	4300127
H	68174	92	94.6	+	0	0	485I92M869I	New.CleanUp.ReferenceOTU1440 Even3_89649	1142029
H	20699	78	94.9	+	0	0	487I78M768I	New.CleanUp.ReferenceOTU1441 Even2_59215	347965
N	*	85	*	*	*	*	*	New.CleanUp.ReferenceOTU1450 Even3_368588	*
H	87434	100	96.0	+	0	0	504I100M845I	New.CleanUp.ReferenceOTU1451 Even1_270756	4385318
L	54582	1464	*	*	*	*	*	28109	*
H	54582	78	96.2	+	0	0	495I78M891I	New.CleanUp.ReferenceOTU1454 Even1_150500	28109
L	86036	1491	*	*	*	*	*	4370570	*
H	86036	86	91.9	+	0	0	515I86M890I	New.CleanUp.ReferenceOTU1456 Even1_129563	4370570
H	39371	84	90.5	+	0	0	547I84M838I	New.CleanUp.ReferenceOTU1458 Even2_8588	202715
H	43114	76	96.1	+	0	0	515I76M798I	New.CleanUp.ReferenceOTU1469 Even1_244020	181689
H	12256	95	93.7	+	0	0	528I95M879I	New.CleanUp.ReferenceOTU1474 Even1_371769	558081
H	65569	87	90.8	+	0	0	482I87M868I	New.CleanUp.ReferenceOTU1477 Even3_266774	2654261
N	*	81	*	*	*	*	*	New.CleanUp.ReferenceOTU1481 Even2_111055	*
H	52269	78	96.2	+	0	0	524I78M901I	New.CleanUp.ReferenceOTU1482 Even2_8763	91557
H	42823	89	95.5	+	0	0	515I89M783I	New.CleanUp.ReferenceOTU1493 Even3_278684	183139
N	*	77	*	*	*	*	*	New.CleanUp.ReferenceOTU1494 Even3_388353	*
H	27251	100	95.0	+	0	0	524I100M779I	New.CleanUp.ReferenceOTU1495 Even2_272202	300729
H	17731	90	96.7	+	0	0	493I90M760I	New.CleanUp.ReferenceOTU1496 Even2_155331	503372
L	15167	1471	*	*	*	*	*	535348	*
H	15167	83	94.0	+	0	0	501I83M887I	New.CleanUp.ReferenceOTU15 Even2_48089	535348
H	19027	100	96.0	+	0	0	498I100M767I	New.CleanUp.ReferenceOTU1505 Even1_117554	364903
N	*	96	*	*	*	*	*	New.CleanUp.ReferenceOTU1507 Even3_375497	*
L	82016	1485	*	*	*	*	*	4328299	*
H	82016	89	96.6	+	0	0	506I89M890I	New.CleanUp.ReferenceOTU1511 Even1_371491	4328299
N	*	100	*	*	*	*	*	New.CleanUp.ReferenceOTU1516 Even2_378706	*
H	56269	100	93.0	+	0	0	503I100M843I	New.CleanUp.ReferenceOTU1517 Even2_372227	1508541
H	28254	94	96.8	+	0	0	490I94M748I	New.CleanUp.ReferenceOTU1519 Even3_383121	294499
H	24573	81	95.1	+	0	0	508I81M792I	New.CleanUp.ReferenceOTU1522 Even1_340640	319870
H	96135	93	96.8	+	0	0	482I93M864I	New.CleanUp.ReferenceOTU1526 Even3_229800	4476751
L	45457	1460	*	*	*	*	*	163494	*
H	45457	100	90.0	+	0	0	477I100M883I	New.CleanUp.ReferenceOTU1527 Even2_287350	163494
L	41562	1390	*	*	*	*	*	190003	*
H	41562	81	96.3	+	0	0	516I81M793I	New.CleanUp.ReferenceOTU1538 Even1_63543	190003
H	60701	78	96.2	+	0	0	484I78M819I	New.CleanUp.ReferenceOTU1542 Even3_59383	1105928
H	45632	77	96.1	+	0	0	547I77M940I	New.CleanUp.ReferenceOTU1545 Even3_384132	161579
H	46140	93	96.8	+	0	0	510I93M854I	New.CleanUp.ReferenceOTU1547 Even3_384319	157921
H	15715	82	91.5	+	0	0	516I82M793I	New.CleanUp.ReferenceOTU1551 Even2_275417	529740
L	1444	1348	*	*	*	*	*	1000592	*
H	1444	93	94.6	+	0	0	493I93M762I	New.CleanUp.ReferenceOTU1554 Even3_245391	1000592
L	68589	1491	*	*	*	*	*	3015659	*
H	68589	100	96.0	+	0	0	499I77MI23M891I	New.CleanUp.ReferenceOTU1563 Even1_377914	3015659
H	60296	100	94.0	+	0	0	493I100M846I	New.CleanUp.ReferenceOTU1565 Even3_367724	1997391
H	27829	100	95.0	+	0	0	516I100M776I	New.CleanUp.ReferenceOTU1566 Even2_351210	297182
L	67437	1428	*	*	*	*	*	2874602	*
H	67437	93	94.6	+	0	0	512I93M823I	New.CleanUp.ReferenceOTU157 Even1_146872	2874602
H	42973	77	96.1	+	0	0	517I77M798I	New.CleanUp.ReferenceOTU1570 Even1_392675	182372
H	90171	92	96.7	+	0	0	498I92M844I	New.CleanUp.ReferenceOTU1573 Even2_72226	4414420
H	17855	96	96.9	+	0	0	533I96M752I	New.CleanUp.ReferenceOTU1587 Even1_337878	470879
H	17390	93	96.8	+	0	0	507I93M786I	New.CleanUp.ReferenceOTU1596 Even3_123549	511008
H	42081	79	92.4	+	0	0	521I79M802I	New.CleanUp.ReferenceOTU1601 Even3_341624	187179
H	42664	100	96.0	+	0	0	514I100M775I	New.CleanUp.ReferenceOTU1603 Even3_341621	183873
H	17719	100	94.0	+	0	0	496I100M753I	New.CleanUp.ReferenceOTU1608 Even1_333625	505565
H	15863	100	96.0	+	0	0	494I100M847I	New.CleanUp.ReferenceOTU1610 Even2_82778	527988
H	21769	96	92.7	+	0	0	516I96M779I	New.CleanUp.ReferenceOTU1612 Even3_360550	340025
L	22742	1363	*	*	*	*	*	333042	*
H	22742	100	90.0	+	0	0	518I100M745I	New.CleanUp.ReferenceOTU1619 Even3_280541	333042
N	*	100	*	*	*	*	*	New.CleanUp.ReferenceOTU162 Even2_252303	*
L	43767	1394	*	*	*	*	*	178148	*
H	43767	100	90.0	+	0	0	524I100M770I	New.CleanUp.ReferenceOTU1625 Even1_305262	178148
H	2815	100	95.0	+	0	0	511I100M768I	New.CleanUp.ReferenceOTU1627 Even2_245249	851323
L	91425	1435	*	*	*	*	*	4426873	*
H	91425	100	93.0	+	0	0	502I100M833I	New.CleanUp.ReferenceOTU1630 Even3_309923	4426873
H	19027	81	96.3	+	0	0	498I81M786I	New.CleanUp.ReferenceOTU1634 Even2_23358	364903
H	47712	100	96.0	+	0	0	500I100M752I	New.CleanUp.ReferenceOTU1640 Even1_326384	145801
L	92866	1407	*	*	*	*	*	4441855	*
H	92866	100	91.0	+	0	0	485I100M822I	New.CleanUp.ReferenceOTU1645 Even3_145527	4441855
L	12264	1501	*	*	*	*	*	558019	*
H	12264	100	92.0	+	0	0	496I100M905I	New.CleanUp.ReferenceOTU1647 Even3_310104	558019
L	33187	1402	*	*	*	*	*	258485	*
H	33187	83	90.4	+	0	0	527I83M792I	New.CleanUp.ReferenceOTU1649 Even3_212357	258485
H	17855	96	96.9	+	0	0	533I96M752I	New.CleanUp.ReferenceOTU1655 Even3_181138	470879
H	8811	84	96.4	+	0	0	507I84M900I	New.CleanUp.ReferenceOTU1659 Even1_212722	584375
H	42693	100	94.0	+	0	0	498I100M772I	New.CleanUp.ReferenceOTU1661 Even2_127901	183783
L	69645	1427	*	*	*	*	*	3152469	*
H	69645	94	96.8	+	0	0	473I94M860I	New.CleanUp.ReferenceOTU1664 Even1_394093	3152469
H	29153	100	95.0	+	0	0	506I100M769I	New.CleanUp.ReferenceOTU1670 Even3_336602	288930
H	17731	100	96.0	+	0	0	493I100M750I	New.CleanUp.ReferenceOTU1675 Even1_151067	503372
H	20067	100	92.0	+	0	0	515I100M777I	New.CleanUp.ReferenceOTU1681 Even3_45533	352529
H	43114	85	95.3	+	0	0	515I85M789I	New.CleanUp.ReferenceOTU1683 Even1_219322	181689
H	16275	100	94.0	+	0	0	522I100M772I	New.CleanUp.ReferenceOTU1690 Even1_218334	522595
H	96051	77	96.1	+	0	0	479I77M891I	New.CleanUp.ReferenceOTU1693 Even2_270768	814112
H	83861	100	95.0	+	0	0	499I100M760I	New.CleanUp.ReferenceOTU1697 Even3_390368	4347159
H	15863	92	94.6	+	0	0	494I92M855I	New.CleanUp.ReferenceOTU1706 Even2_208701	527988
L	61727	1482	*	*	*	*	*	1135231	*
H	61727	80	93.8	+	0	0	498I80M904I	New.CleanUp.ReferenceOTU1708 Even1_198988	1135231
H	46058	95	92.6	+	0	0	504I95M850I	New.CleanUp.ReferenceOTU1709 Even3_297262	158581
H	43114	81	96.3	+	0	0	515I81M793I	New.CleanUp.ReferenceOTU1710 Even3_192515	181689
N	*	100	*	*	*	*	*	New.CleanUp.ReferenceOTU1711 Even3_391074	*
H	18828	100	90.0	+	0	0	497I100M768I	New.CleanUp.ReferenceOTU1712 Even3_391071	368418
H	19496	100	95.0	+	0	0	500I100M753I	New.CleanUp.ReferenceOTU1713 Even3_47201	356760
L	15162	1398	*	*	*	*	*	535375	*
H	15162	82	96.3	+	0	0	528I82M788I	New.CleanUp.ReferenceOTU172 Even3_73770	535375
L	80567	1504	*	*	*	*	*	4313261	*
H	80567	100	92.0	+	0	0	526I100M878I	New.CleanUp.ReferenceOTU1721 Even2_364770	4313261
H	24573	89	96.6	+	0	0	508I89M784I	New.CleanUp.ReferenceOTU1722 Even1_95076	319870
H	16275	95	95.8	+	0	0	522I95M777I	New.CleanUp.ReferenceOTU1723 Even2_390791	522595
L	33602	1483	*	*	*	*	*	255186	*
H	33602	80	95.0	+	0	0	507I80M896I	New.CleanUp.ReferenceOTU1727 Even1_173684	255186
L	40404	1397	*	*	*	*	*	195999	*
H	40404	100	96.0	+	0	0	517I100M780I	New.CleanUp.ReferenceOTU173 Even2_377701	195999
H	43114	100	96.0	+	0	0	515I100M774I	New.CleanUp.ReferenceOTU1732 Even3_9416	181689
L	43126	1392	*	*	*	*	*	181603	*
H	43126	87	96.6	+	0	0	524I87M781I	New.CleanUp.ReferenceOTU1735 Even1_167704	181603
L	43186	1402	*	*	*	*	*	181239	*
H	43186	83	94.0	+	0	0	528I83M791I	New.CleanUp.ReferenceOTU1736 Even3_207523	181239
H	10191	76	90.8	+	0	0	489I76M804I	New.CleanUp.ReferenceOTU174 Even1_394792	574290
H	17731	100	96.0	+	0	0	493I100M750I	New.CleanUp.ReferenceOTU1741 Even3_1225	503372
L	96567	1427	*	*	*	*	*	4480970	*
H	96567	78	96.2	+	0	0	490I78M859I	New.CleanUp.ReferenceOTU1742 Even3_209537	4480970
H	46141	100	96.0	+	0	0	506I100M849I	New.CleanUp.ReferenceOTU1744 Even2_153439	157905
H	19238	80	93.8	+	0	0	499I80M770I	New.CleanUp.ReferenceOTU1745 Even3_279498	361365
L	26359	1331	*	*	*	*	*	306896	*
H	26359	79	93.7	+	0	0	478I79M774I	New.CleanUp.ReferenceOTU1747 Even1_253500	306896
H	70294	100	92.0	+	0	0	501I100M845I	New.CleanUp.ReferenceOTU1748 Even2_388597	3232397
N	*	93	*	*	*	*	*	New.CleanUp.ReferenceOTU1751 Even3_368397	*
H	27448	100	96.0	+	0	0	533I100M771I	New.CleanUp.ReferenceOTU176 Even2_187002	299659
H	87987	93	95.7	+	0	0	485I93M873I	New.CleanUp.ReferenceOTU1762 Even1_393033	4390966
H	93502	100	95.0	+	0	0	501I100M845I	New.CleanUp.ReferenceOTU1764 Even1_302164	4449055
L	40286	1399	*	*	*	*	*	196664	*
H	40286	93	94.6	+	0	0	527I93M779I	New.CleanUp.ReferenceOTU1773 Even3_272285	196664
H	55214	93	96.8	+	0	0	522I93M896I	New.CleanUp.ReferenceOTU1774 Even1_252908	13811
H	92482	100	91.0	+	0	0	542I61MD38M886I	New.CleanUp.ReferenceOTU1778 Even1_271061	4437846
L	7973	1508	*	*	*	*	*	590543	*
H	7973	76	96.1	+	0	0	530I76M902I	New.CleanUp.ReferenceOTU1780 Even1_137780	590543
L	71062	1424	*	*	*	*	*	3325988	*
H	71062	81	95.1	+	0	0	474I81M869I	New.CleanUp.ReferenceOTU1792 Even1_352975	3325988
H	40426	86	95.3	+	0	0	517I86M789I	New.CleanUp.ReferenceOTU1795 Even1_352606	195883
H	42885	83	96.4	+	0	0	527I83M787I	New.CleanUp.ReferenceOTU1802 Even1_228785	182874
L	20051	1355	*	*	*	*	*	352617	*
H	20051	100	94.0	+	0	0	503I100M752I	New.CleanUp.ReferenceOTU1808 Even1_49426	352617
H	26006	100	93.0	+	0	0	504I100M777I	New.CleanUp.ReferenceOTU1809 Even3_306459	309480
H	41961	79	92.4	+	0	0	515I79M797I	New.CleanUp.ReferenceOTU181 Even2_303675	187835
N	*	85	*	*	*	*	*	New.CleanUp.ReferenceOTU1810 Even3_306458	*
H	62902	86	95.3	+	0	0	505I86M924I	New.CleanUp.ReferenceOTU1814 Even3_233368	825808
L	77769	1423	*	*	*	*	*	784256	*
H	77769	93	95.7	+	0	0	412I93M918I	New.CleanUp.ReferenceOTU1815 Even2_135107	784256
H	45670	93	94.6	+	0	0	495I93M881I	New.CleanUp.ReferenceOTU1816 Even3_300851	161277
H	58195	100	91.0	+	0	0	506I100M861I	New.CleanUp.ReferenceOTU1819 Even3_359715	1746913
H	18866	94	95.7	+	0	0	487I94M769I	New.CleanUp.ReferenceOTU1820 Even1_293709	367813
H	24268	100	95.0	+	0	0	517I100M781I	New.CleanUp.ReferenceOTU1825 Even2_168922	321983
H	55508	100	95.0	+	0	0	513I100M893I	New.CleanUp.ReferenceOTU1833 Even2_281232	10212
H	17731	96	96.9	+	0	0	493I96M754I	New.CleanUp.ReferenceOTU1841 Even2_209545	503372
L	27914	1411	*	*	*	*	*	296659	*
H	27914	77	93.5	+	0	0	533I77M801I	New.CleanUp.ReferenceOTU1845 Even1_187852	296659
H	17852	76	96.1	+	0	0	517I76M942I	New.CleanUp.ReferenceOTU1846 Even1_119428	471180
H	11752	84	91.7	+	0	0	518I84M890I	New.CleanUp.ReferenceOTU1849 Even1_318873	562038
L	19120	1399	*	*	*	*	*	363232	*
H	19120	91	95.6	+	0	0	524I91M784I	New.CleanUp.ReferenceOTU1853 Even3_260934	363232
H	45632	100	96.0	+	0	0	547I100M917I	New.CleanUp.ReferenceOTU1855 Even2_364000	161579
L	71715	1391	*	*	*	*	*	3407052	*
H	71715	100	92.0	+	0	0	477I100M814I	New.CleanUp.ReferenceOTU186 Even2_318915	3407052
H	26385	100	95.0	+	0	0	504I12MI88M767I	New.CleanUp.ReferenceOTU1860 Even2_58159	306633
H	43402	84	96.4	+	0	0	532I84M787I	New.CleanUp.ReferenceOTU1861 Even2_237479	180112
H	19702	100	94.0	+	0	0	516I100M758I	New.CleanUp.ReferenceOTU1865 Even3_153746	355269
L	12958	1461	*	*	*	*	*	552480	*
H	12958	79	92.4	+	0	0	506I79M876I	New.CleanUp.ReferenceOTU1870 Even1_186452	552480
H	17852	100	96.0	+	0	0	517I100M918I	New.CleanUp.ReferenceOTU1872 Even3_298610	471180
N	*	100	*	*	*	*	*	New.CleanUp.ReferenceOTU1876 Even1_388765	*
L	24611	1376	*	*	*	*	*	319621	*
H	24611	96	96.9	+	0	0	526I96M754I	New.CleanUp.ReferenceOTU1878 Even3_393082	319621
H	64755	100	95.0	+	0	0	467I100M857I	New.CleanUp.ReferenceOTU1880 Even2_264442	2555599
H	87443	81	95.1	+	0	0	475I81M859I	New.CleanUp.ReferenceOTU1881 Even2_305394	4385479
L	38195	1478	*	*	*	*	*	215269	*
H	38195	84	95.2	+	0	0	505I84M889I	New.CleanUp.ReferenceOTU1884 Even1_109902	215269
H	41419	100	95.0	+	0	0	516I100M780I	New.CleanUp.ReferenceOTU1887 Even1_165838	190772
H	42823	94	95.7	+	0	0	515I94M778I	New.CleanUp.ReferenceOTU1898 Even1_318520	183139
H	18947	93	96.8	+	0	0	526I93M770I	New.CleanUp.ReferenceOTU1900 Even3_256476	366386
H	57818	82	96.3	+	0	0	491I82M867I	New.CleanUp.ReferenceOTU1903 Even1_314193	1698008
L	27325	1376	*	*	*	*	*	300383	*
H	27325	100	91.0	+	0	0	500I100M776I	New.CleanUp.ReferenceOTU1910 Even2_375491	300383
L	40048	1401	*	*	*	*	*	197929	*
H	40048	80	92.5	+	0	0	525I80M796I	New.CleanUp.ReferenceOTU1911 Even2_244198	197929
H	13296	93	96.8	+	0	0	486I82MI11M878I	New.CleanUp.ReferenceOTU1913 Even1_75540	549656
H	88350	96	96.9	+	0	0	493I96M859I	New.CleanUp.ReferenceOTU1933 Even1_346329	4394977
H	60701	100	96.0	+	0	0	484I100M797I	New.CleanUp.ReferenceOTU1947 Even1_182356	1105928
L	76760	1456	*	*	*	*	*	4052330	*
H	76760	100	90.0	+	0	0	493I100M863I	New.CleanUp.ReferenceOTU1951 Even3_381742	4052330
L	8555	1390	*	*	*	*	*	586271	*
H	8555	82	91.5	+	0	0	515I82M793I	New.CleanUp.ReferenceOTU1952 Even3_3670	586271
H	58003	100	90.0	+	0	0	495I100M841I	New.CleanUp.ReferenceOTU1954 Even2_378877	1721299
H	45632	91	95.6	+	0	0	547I91M926I	New.CleanUp.ReferenceOTU1956 Even3_388331	161579
H	17731	100	94.0	+	0	0	493I100M750I	New.CleanUp.ReferenceOTU1959 Even1_279265	503372
H	1847	84	94.0	+	0	0	481I21MD62M852I	New.CleanUp.ReferenceOTU1961 Even3_283609	4484466
H	40404	83	96.4	+	0	0	517I83M797I	New.CleanUp.ReferenceOTU1963 Even3_62899	195999
H	93994	89	96.6	+	0	0	483I89M871I	New.CleanUp.ReferenceOTU1964 Even1_355976	4454068
N	*	95	*	*	*	*	*	New.CleanUp.ReferenceOTU1967 Even3_384488	*
H	61181	94	95.7	+	0	0	495I94M775I	New.CleanUp.ReferenceOTU1970 Even2_304752	846127
N	*	100	*	*	*	*	*	New.CleanUp.ReferenceOTU1978 Even3_388483	*
L	93501	1450	*	*	*	*	*	4449054	*
H	93501	85	96.5	+	0	0	502I85M863I	New.CleanUp.ReferenceOTU198 Even1_156937	4449054
L	41488	1381	*	*	*	*	*	190453	*
H	41488	82	96.3	+	0	0	504I82M795I	New.CleanUp.ReferenceOTU1981 Even2_259866	190453
L	4586	1489	*	*	*	*	*	805707	*
H	4586	100	90.0	+	0	0	518I100M871I	New.CleanUp.ReferenceOTU1985 Even3_309903	805707
H	22392	100	96.0	+	0	0	501I100M769I	New.CleanUp.ReferenceOTU1988 Even2_348687	335670
H	93502	100	93.0	+	0	0	501I100M845I	New.CleanUp.ReferenceOTU1989 Even3_287381	4449055
H	44163	100	95.0	+	0	0	527I100M770I	New.CleanUp.ReferenceOTU1991 Even1_116629	176034
H	72394	82	96.3	+	0	0	444I82M849I	New.CleanUp.ReferenceOTU1993 Even1_199978	1120420
H	51402	96	90.6	+	0	0	497I96M788I	New.CleanUp.ReferenceOTU1994 Even2_390595	103400
H	27088	100	90.0	+	0	0	522I100M774I	New.CleanUp.ReferenceOTU2001 Even2_275474	301608
L	66558	1442	*	*	*	*	*	2768843	*
H	66558	91	93.4	+	0	0	491I91M860I	New.CleanUp.ReferenceOTU2002 Even2_229618	2768843
L	60460	1550	*	*	*	*	*	1130892	*
H	60460	84	90.5	+	0	0	541I84M925I	New.CleanUp.ReferenceOTU2003 Even2_364823	1130892
L	64823	1433	*	*	*	*	*	824876	*
H	64823	83	96.4	+	0	0	420I83M930I	New.CleanUp.ReferenceOTU2011 Even3_187512	824876
N	*	100	*	*	*	*	*	New.CleanUp.ReferenceOTU2014 Even3_14713	*
H	73312	100	94.0	+	0	0	483I6MI13MI81M839I	New.CleanUp.ReferenceOTU2017 Even2_217045	3610691
N	*	100	*	*	*	*	*	New.CleanUp.ReferenceOTU202 Even1_372001	*
H	19301	100	95.0	+	0	0	498I100M766I	New.CleanUp.ReferenceOTU2026 Even1_375283	360238
H	63476	93	96.8	+	0	0	485I93M856I	New.CleanUp.ReferenceOTU2028 Even3_66912	2388617
H	16275	89	95.5	+	0	0	522I89M783I	New.CleanUp.ReferenceOTU203 Even3_269218	522595
L	26894	1401	*	*	*	*	*	302902	*
H	26894	94	95.7	+	0	0	526I94M781I	New.CleanUp.ReferenceOTU2032 Even3_146055	302902
N	*	100	*	*	*	*	*	New.CleanUp.ReferenceOTU2034 Even2_393472	*
H	56988	100	90.0	+	0	0	490I100M857I	New.CleanUp.ReferenceOTU2041 Even1_174923	1601633
H	17731	100	96.0	+	0	0	493I100M750I	New.CleanUp.ReferenceOTU2042 Even1_363558	503372
H	16275	76	96.1	+	0	0	522I76M796I	New.CleanUp.ReferenceOTU2044 Even3_299927	522595
N	*	100	*	*	*	*	*	New.CleanUp.ReferenceOTU2045 Even2_384465	*
N	*	100	*	*	*	*	*	New.CleanUp.ReferenceOTU2049 Even2_272596	*
H	12829	80	95.0	+	0	0	488I80M882I	New.CleanUp.ReferenceOTU2054 Even3_11999	553611
N	*	100	*	*	*	*	*	New.CleanUp.ReferenceOTU2055 Even2_393618	*
H	24669	85	95.3	+	0	0	515I85M790I	New.CleanUp.ReferenceOTU2056 Even1_54229	319165
L	43593	1392	*	*	*	*	*	179067	*
H	43593	81	93.8	+	0	0	514I81M797I	New.CleanUp.ReferenceOTU2060 Even1_54220	179067
H	42534	87	95.4	+	0	0	524I87M783I	New.CleanUp.ReferenceOTU2068 Even2_272599	184725
H	45632	100	90.0	+	0	0	547I100M917I	New.CleanUp.ReferenceOTU207 Even1_153486	161579
H	17850	90	92.2	+	0	0	528I90M929I	New.CleanUp.ReferenceOTU2072 Even2_386825	484304
H	21769	92	91.3	+	0	0	516I92M783I	New.CleanUp.ReferenceOTU2074 Even3_375447	340025
L	31141	1391	*	*	*	*	*	270968	*
H	31141	76	93.4	+	0	0	516I76M799I	New.CleanUp.ReferenceOTU2083 Even2_280462	270968
L	85910	1429	*	*	*	*	*	4369327	*
H	85910	100	94.0	+	0	0	481I100M848I	New.CleanUp.ReferenceOTU2087 Even1_362062	4369327
H	19266	100	94.0	+	0	0	486I100M765I	New.CleanUp.ReferenceOTU2089 Even2_169266	360825
N	*	100	*	*	*	*	*	New.CleanUp.ReferenceOTU2090 Even3_381689	*
H	43751	100	90.0	+	0	0	525I100M770I	New.CleanUp.ReferenceOTU2109 Even1_309875	178253
H	47712	95	96.8	+	0	0	500I95M757I	New.CleanUp.ReferenceOTU2110 Even1_315983	145801
N	*	96	*	*	*	*	*	New.CleanUp.ReferenceOTU2112 Even2_377142	*
H	64825	100	94.0	+	0	0	501I100M912I	New.CleanUp.ReferenceOTU2114 Even1_314036	813479
H	7341	100	94.0	+	0	0	524I100M875I	New.CleanUp.ReferenceOTU2118 Even1_378595	610462
H	60528	100	95.0	+	0	0	527I100M833I	New.CleanUp.ReferenceOTU2123 Even2_161064	825989
N	*	100	*	*	*	*	*	New.CleanUp.ReferenceOTU2124 Even2_381817	*
N	*	95	*	*	*	*	*	New.CleanUp.ReferenceOTU2125 Even2_381816	*
H	68174	85	96.5	+	0	0	485I85M876I	New.CleanUp.ReferenceOTU2126 Even1_141038	1142029
N	*	100	*	*	*	*	*	New.CleanUp.ReferenceOTU2127 Even2_381810	*
H	20067	87	96.6	+	0	0	515I87M790I	New.CleanUp.ReferenceOTU2128 Even1_247926	352529
L	25162	1357	*	*	*	*	*	315529	*
H	25162	100	95.0	+	0	0	499I100M758I	New.CleanUp.ReferenceOTU2133 Even2_46369	315529
H	43582	93	93.5	+	0	0	515I93M782I	New.CleanUp.ReferenceOTU2138 Even1_313983	179151
L	57855	1384	*	*	*	*	*	849535	*
H	57855	93	93.5	+	0	0	518I93M773I	New.CleanUp.ReferenceOTU2145 Even1_296811	849535
H	55214	76	94.7	+	0	0	522I76M913I	New.CleanUp.ReferenceOTU2146 Even3_94275	13811
L	40266	1361	*	*	*	*	*	196769	*
H	40266	85	96.5	+	0	0	489I85M787I	New.CleanUp.ReferenceOTU2148 Even1_20117	196769
H	28779	100	94.0	+	0	0	486I100M774I	New.CleanUp.ReferenceOTU2153 Even1_36056	291254
H	19238	100	94.0	+	0	0	499I100M750I	New.CleanUp.ReferenceOTU2161 Even1_341415	361365
L	67793	1362	*	*	*	*	*	981912	*
H	67793	83	96.4	+	0	0	509I83M770I	New.CleanUp.ReferenceOTU2162 Even3_394007	981912
H	59514	91	94.5	+	0	0	489I91M858I	New.CleanUp.ReferenceOTU2167 Even2_274244	1906483
H	16275	92	95.7	+	0	0	522I92M780I	New.CleanUp.ReferenceOTU2169 Even1_132888	522595
H	40396	100	91.0	+	0	0	514I100M775I	New.CleanUp.ReferenceOTU217 Even2_364430	196057
N	*	100	*	*	*	*	*	New.CleanUp.ReferenceOTU2171 Even3_391010	*
N	*	100	*	*	*	*	*	New.CleanUp.ReferenceOTU2173 Even3_391015	*
H	75540	100	96.0	+	0	0	499I100M858I	New.CleanUp.ReferenceOTU2175 Even3_274187	3903651
H	24573	100	96.0	+	0	0	508I100M773I	New.CleanUp.ReferenceOTU2176 Even2_167191	319870
L	42786	1399	*	*	*	*	*	183321	*
H	42786	100	92.0	+	0	0	534I100M765I	New.CleanUp.ReferenceOTU2177 Even1_356483	183321
N	*	80	*	*	*	*	*	New.CleanUp.ReferenceOTU2178 Even1_42872	*
L	83152	1424	*	*	*	*	*	4340036	*
H	83152	84	96.4	+	0	0	484I84M856I	New.CleanUp.ReferenceOTU218 Even3_298597	4340036
L	93047	1443	*	*	*	*	*	4443846	*
H	93047	85	96.5	+	0	0	486I85M872I	New.CleanUp.ReferenceOTU2181 Even2_296561	4443846
H	28542	82	93.9	+	0	0	498I82M919I	New.CleanUp.ReferenceOTU2184 Even2_293863	292521
L	41976	1398	*	*	*	*	*	187751	*
H	41976	100	95.0	+	0	0	526I100M772I	New.CleanUp.ReferenceOTU2193 Even2_297166	187751
N	*	94	*	*	*	*	*	New.CleanUp.ReferenceOTU2196 Even2_300841	*
H	94577	100	96.0	+	0	0	431I100M831I	New.CleanUp.ReferenceOTU2198 Even3_168163	4460263
H	42693	81	96.3	+	0	0	498I81M791I	New.CleanUp.ReferenceOTU2199 Even1_11406	183783
H	42088	96	95.8	+	0	0	508I96M794I	New.CleanUp.ReferenceOTU2202 Even3_93725	187144
H	77227	100	95.0	+	0	0	502I100M832I	New.CleanUp.ReferenceOTU2207 Even1_394499	1116679
H	27267	100	96.0	+	0	0	507I49MI51M774I	New.CleanUp.ReferenceOTU2213 Even1_106517	300662
L	56118	1404	*	*	*	*	*	1952	*
H	56118	100	92.0	+	0	0	506I100M798I	New.CleanUp.ReferenceOTU2221 Even3_281807	1952
N	*	100	*	*	*	*	*	New.CleanUp.ReferenceOTU2222 Even3_277997	*
H	27653	84	96.4	+	0	0	488I84M790I	New.CleanUp.ReferenceOTU2237 Even3_276271	298381
H	17731	100	96.0	+	0	0	493I100M750I	New.CleanUp.ReferenceOTU224 Even3_109961	503372
H	27914	100	93.0	+	0	0	533I100M778I	New.CleanUp.ReferenceOTU2248 Even3_180932	296659
H	77093	94	93.6	+	0	0	470I94M876I	New.CleanUp.ReferenceOTU2253 Even1_228907	4094259
H	71715	100	95.0	+	0	0	477I100M814I	New.CleanUp.ReferenceOTU2262 Even2_127718	3407052
N	*	85	*	*	*	*	*	New.CleanUp.ReferenceOTU2265 Even3_386761	*
N	*	100	*	*	*	*	*	New.CleanUp.ReferenceOTU2267 Even2_375543	*
L	26737	1393	*	*	*	*	*	304047	*
H	26737	76	94.7	+	0	0	527I76M790I	New.CleanUp.ReferenceOTU2275 Even1_281668	304047
N	*	100	*	*	*	*	*	New.CleanUp.ReferenceOTU228 Even3_393491	*
L	22094	1498	*	*	*	*	*	337735	*
H	22094	87	96.6	+	0	0	518I87M893I	New.CleanUp.ReferenceOTU2290 Even3_58765	337735
H	15116	80	92.5	+	0	0	483I80M788I	New.CleanUp.ReferenceOTU2293 Even2_277995	535707
L	45042	1459	*	*	*	*	*	168313	*
H	45042	81	93.8	+	0	0	512I81M866I	New.CleanUp.ReferenceOTU2295 Even3_301435	168313
H	61260	79	94.9	+	0	0	507I79M892I	New.CleanUp.ReferenceOTU2297 Even2_251885	619140
L	41195	1358	*	*	*	*	*	191948	*
H	41195	100	91.0	+	0	0	482I100M776I	New.CleanUp.ReferenceOTU23 Even1_33865	191948
H	7341	96	95.8	+	0	0	524I96M879I	New.CleanUp.ReferenceOTU230 Even3_356119	610462
H	42088	93	93.5	+	0	0	508I93M797I	New.CleanUp.ReferenceOTU2302 Even1_266168	187144
H	17731	100	96.0	+	0	0	493I100M750I	New.CleanUp.ReferenceOTU2303 Even3_206062	503372
L	44146	1394	*	*	*	*	*	176108	*
H	44146	88	96.6	+	0	0	524I88M782I	New.CleanUp.ReferenceOTU2307 Even2_274879	176108
H	55214	82	93.9	+	0	0	522I82M907I	New.CleanUp.ReferenceOTU2316 Even3_393062	13811
N	*	91	*	*	*	*	*	New.CleanUp.ReferenceOTU2318 Even2_270979	*
L	26556	1376	*	*	*	*	*	305288	*
H	26556	100	95.0	+	0	0	500I100M776I	New.CleanUp.ReferenceOTU2322 Even1_314207	305288
N	*	82	*	*	*	*	*	New.CleanUp.ReferenceOTU2324 Even3_397382	*
H	43688	100	93.0	+	0	0	514I100M775I	New.CleanUp.ReferenceOTU2331 Even2_256992	178612
L	58173	1480	*	*	*	*	*	1743136	*
H	58173	77	92.2	+	0	0	497I77M906I	New.CleanUp.ReferenceOTU2336 Even1_378472	1743136
H	17390	94	94.7	+	0	0	507I94M785I	New.CleanUp.ReferenceOTU2347 Even3_327017	511008
H	60939	100	95.0	+	0	0	493I100M841I	New.CleanUp.ReferenceOTU2348 Even1_53425	2075910
H	66087	93	96.8	+	0	0	466I93M822I	New.CleanUp.ReferenceOTU2350 Even3_23999	1122622
H	17850	100	96.0	+	0	0	528I100M919I	New.CleanUp.ReferenceOTU2352 Even1_309462	484304
L	42496	1377	*	*	*	*	*	184980	*
H	42496	95	90.5	+	0	0	511I95M771I	New.CleanUp.ReferenceOTU2357 Even2_277376	184980
L	21159	1361	*	*	*	*	*	344578	*
H	21159	87	96.6	+	0	0	486I87M788I	New.CleanUp.ReferenceOTU2360 Even2_198011	344578
L	25035	1396	*	*	*	*	*	316550	*
H	25035	84	92.9	+	0	0	518I84M794I	New.CleanUp.ReferenceOTU2361 Even3_305421	316550
H	26272	100	96.0	+	0	0	528I100M772I	New.CleanUp.ReferenceOTU2367 Even1_310038	307571
H	17804	90	94.4	+	0	0	493I90M764I	New.CleanUp.ReferenceOTU2368 Even2_12231	495095
N	*	87	*	*	*	*	*	New.CleanUp.ReferenceOTU238 Even2_381708	*
H	22629	86	96.5	+	0	0	508I86M785I	New.CleanUp.ReferenceOTU2382 Even2_162348	333859
H	20841	76	94.7	+	0	0	528I76M762I	New.CleanUp.ReferenceOTU2388 Even3_281592	346938
H	60296	96	96.9	+	0	0	493I96M850I	New.CleanUp.ReferenceOTU2390 Even1_371722	1997391
H	60861	100	93.0	+	0	0	537I100M897I	New.CleanUp.ReferenceOTU2402 Even2_382307	2066374
H	12090	100	94.0	+	0	0	503I100M778I	New.CleanUp.ReferenceOTU2408 Even3_15606	559527
H	45193	81	96.3	+	0	0	517I81M881I	New.CleanUp.ReferenceOTU2409 Even3_173396	166692
H	40266	82	90.2	+	0	0	489I82M790I	New.CleanUp.ReferenceOTU2414 Even3_380766	196769
H	21391	76	96.1	+	0	0	495I76M790I	New.CleanUp.ReferenceOTU2417 Even1_275292	342844
H	19496	96	96.9	+	0	0	500I96M757I	New.CleanUp.ReferenceOTU2418 Even2_224364	356760
H	7341	95	96.8	+	0	0	524I95M880I	New.CleanUp.ReferenceOTU2426 Even1_367742	610462
H	77093	81	95.1	+	0	0	470I81M889I	New.CleanUp.ReferenceOTU2427 Even3_351821	4094259
H	17850	94	96.8	+	0	0	528I94M925I	New.CleanUp.ReferenceOTU2439 Even1_295096	484304
H	24573	100	96.0	+	0	0	508I100M773I	New.CleanUp.ReferenceOTU2441 Even3_143295	319870
L	39156	1492	*	*	*	*	*	204864	*
H	39156	100	96.0	+	0	0	491I100M901I	New.CleanUp.ReferenceOTU2442 Even3_143297	204864
H	40890	85	94.1	+	0	0	532I85M783I	New.CleanUp.ReferenceOTU2445 Even2_314348	193623
H	17852	100	95.0	+	0	0	517I100M918I	New.CleanUp.ReferenceOTU2456 Even2_159849	471180
L	102	1495	*	*	*	*	*	1110402	*
H	102	93	91.4	+	0	0	524I93M878I	New.CleanUp.ReferenceOTU246 Even2_22639	1110402
N	*	96	*	*	*	*	*	New.CleanUp.ReferenceOTU2460 Even1_4679	*
N	*	82	*	*	*	*	*	New.CleanUp.ReferenceOTU2466 Even2_397077	*
L	43601	1389	*	*	*	*	*	179014	*
H	43601	77	93.5	+	0	0	514I77M798I	New.CleanUp.ReferenceOTU2467 Even3_151317	179014
H	41286	93	95.7	+	0	0	521I93M779I	New.CleanUp.ReferenceOTU2468 Even1_159533	191487
L	27521	1382	*	*	*	*	*	299187	*
H	27521	80	95.0	+	0	0	506I80M796I	New.CleanUp.ReferenceOTU247 Even3_256772	299187
L	41275	1381	*	*	*	*	*	191551	*
H	41275	96	93.8	+	0	0	516I96M769I	New.CleanUp.ReferenceOTU2473 Even3_2272	191551
L	24330	1375	*	*	*	*	*	321560	*
H	24330	95	95.8	+	0	0	501I95M779I	New.CleanUp.ReferenceOTU2474 Even2_356993	321560
H	21769	91	93.4	+	0	0	516I91M784I	New.CleanUp.ReferenceOTU2478 Even2_279010	340025
H	46141	93	96.8	+	0	0	506I93M856I	New.CleanUp.ReferenceOTU248 Even3_79527	157905
H	39156	100	94.0	+	0	0	491I100M901I	New.CleanUp.ReferenceOTU2484 Even3_323347	204864
H	36359	92	96.7	+	0	0	487I92M920I	New.CleanUp.ReferenceOTU2485 Even3_88308	235262
N	*	79	*	*	*	*	*	New.CleanUp.ReferenceOTU2487 Even1_224274	*
H	81756	96	96.9	+	0	0	512I96M851I	New.CleanUp.ReferenceOTU2492 Even1_310172	4325533
H	59690	100	94.0	+	0	0	490I100M851I	New.CleanUp.ReferenceOTU2493 Even1_196903	1928156
H	42754	100	96.0	+	0	0	525I100M771I	New.CleanUp.ReferenceOTU2497 Even2_136928	183480
H	21062	90	93.3	+	0	0	490I90M786I	New.CleanUp.ReferenceOTU2498 Even2_393454	345246
H	17850	92	94.6	+	0	0	528I92M927I	New.CleanUp.ReferenceOTU2499 Even2_274435	484304
L	68042	1434	*	*	*	*	*	2949328	*
H	68042	83	95.2	+	0	0	484I83M867I	New.CleanUp.ReferenceOTU2505 Even2_91640	2949328
H	40890	100	91.0	+	0	0	532I100M768I	New.CleanUp.ReferenceOTU2507 Even3_375301	193623
H	17858	100	95.0	+	0	0	519I100M906I	New.CleanUp.ReferenceOTU2509 Even3_375300	470117
H	15210	84	96.4	+	0	0	488I84M892I	New.CleanUp.ReferenceOTU251 Even2_62120	534957
N	*	100	*	*	*	*	*	New.CleanUp.ReferenceOTU2513 Even2_384445	*
L	29188	1392	*	*	*	*	*	288677	*
H	29188	86	91.9	+	0	0	530I86M776I	New.CleanUp.ReferenceOTU2527 Even3_344491	288677
H	70294	82	95.1	+	0	0	501I82M863I	New.CleanUp.ReferenceOTU253 Even3_299759	3232397
N	*	100	*	*	*	*	*	New.CleanUp.ReferenceOTU2530 Even2_388803	*
N	*	100	*	*	*	*	*	New.CleanUp.ReferenceOTU2532 Even2_393636	*
N	*	94	*	*	*	*	*	New.CleanUp.ReferenceOTU2534 Even2_393635	*
L	43537	1362	*	*	*	*	*	179423	*
H	43537	86	96.5	+	0	0	488I86M788I	New.CleanUp.ReferenceOTU2555 Even1_57192	179423
H	79272	92	94.6	+	0	0	545I92M889I	New.CleanUp.ReferenceOTU2557 Even1_282775	4300127
N	*	100	*	*	*	*	*	New.CleanUp.ReferenceOTU2564 Even1_384596	*
L	82162	1441	*	*	*	*	*	4330000	*
H	82162	100	90.0	+	0	0	488I100M853I	New.CleanUp.ReferenceOTU2566 Even1_318954	4330000
L	43268	1395	*	*	*	*	*	180795	*
H	43268	100	95.0	+	0	0	517I100M778I	New.CleanUp.ReferenceOTU2572 Even2_346593	180795
H	13352	100	94.0	+	0	0	496I100M886I	New.CleanUp.ReferenceOTU2575 Even2_360086	549232
H	61436	100	93.0	+	0	0	491I100M847I	New.CleanUp.ReferenceOTU258 Even3_299750	2134452
L	53282	1489	*	*	*	*	*	68416	*
H	53282	77	94.8	+	0	0	527I77M885I	New.CleanUp.ReferenceOTU2584 Even1_243688	68416
L	87020	1445	*	*	*	*	*	4380886	*
H	87020	85	94.1	+	0	0	507I85M853I	New.CleanUp.ReferenceOTU2586 Even2_351618	4380886
H	20877	81	96.3	+	0	0	515I81M792I	New.CleanUp.ReferenceOTU2588 Even3_224807	346689
H	26125	100	90.0	+	0	0	486I91M11I9M767I	New.CleanUp.ReferenceOTU2589 Even2_26394	308502
L	88834	1508	*	*	*	*	*	4399988	*
H	88834	100	93.0	+	0	0	527I100M881I	New.CleanUp.ReferenceOTU2591 Even1_10307	4399988
H	27397	79	94.9	+	0	0	533I79M795I	New.CleanUp.ReferenceOTU2592 Even1_10650	299918
H	90449	94	91.5	+	0	0	526I94M883I	New.CleanUp.ReferenceOTU2593 Even1_364224	4417158
H	17852	89	95.5	+	0	0	517I89M929I	New.CleanUp.ReferenceOTU2598 Even1_219495	471180
H	19496	100	95.0	+	0	0	500I100M753I	New.CleanUp.ReferenceOTU26 Even2_297386	356760
H	70405	95	96.8	+	0	0	485I95M860I	New.CleanUp.ReferenceOTU2600 Even3_300770	3244671
H	57818	100	93.0	+	0	0	491I100M849I	New.CleanUp.ReferenceOTU2602 Even3_183825	1698008
H	2815	100	96.0	+	0	0	511I100M768I	New.CleanUp.ReferenceOTU2607 Even1_257823	851323
L	84801	1441	*	*	*	*	*	4357353	*
H	84801	95	95.8	+	0	0	483I95M863I	New.CleanUp.ReferenceOTU2609 Even2_386157	4357353
H	38457	94	93.6	+	0	0	527I94M872I	New.CleanUp.ReferenceOTU261 Even3_302023	212164
H	13034	100	95.0	+	0	0	307I100M890I	New.CleanUp.ReferenceOTU2620 Even1_304399	551822
H	43537	78	94.9	+	0	0	488I78M796I	New.CleanUp.ReferenceOTU2627 Even1_17175	179423
H	17719	78	94.9	+	0	0	496I78M775I	New.CleanUp.ReferenceOTU2629 Even2_116900	505565
N	*	100	*	*	*	*	*	New.CleanUp.ReferenceOTU263 Even3_371964	*
H	40890	88	94.3	+	0	0	532I88M780I	New.CleanUp.ReferenceOTU2630 Even1_226291	193623
L	36423	1425	*	*	*	*	*	234314	*
H	36423	93	96.8	+	0	0	470I93M862I	New.CleanUp.ReferenceOTU2632 Even1_225525	234314
H	82358	78	96.2	+	0	0	487I78M881I	New.CleanUp.ReferenceOTU2635 Even1_323305	4332082
H	61755	100	96.0	+	0	0	490I100M848I	New.CleanUp.ReferenceOTU2637 Even1_42859	2177184
H	13034	82	93.9	+	0	0	307I82M908I	New.CleanUp.ReferenceOTU2638 Even2_112593	551822
H	43114	88	96.6	+	0	0	515I88M786I	New.CleanUp.ReferenceOTU2641 Even2_225550	181689
L	40152	1389	*	*	*	*	*	197326	*
H	40152	89	96.6	+	0	0	513I89M787I	New.CleanUp.ReferenceOTU2649 Even3_296792	197326
H	40890	93	91.4	+	0	0	532I93M775I	New.CleanUp.ReferenceOTU2655 Even1_381859	193623
N	*	100	*	*	*	*	*	New.CleanUp.ReferenceOTU2657 Even3_375539	*
N	*	100	*	*	*	*	*	New.CleanUp.ReferenceOTU2664 Even3_378723	*
H	16022	95	96.8	+	0	0	488I95M775I	New.CleanUp.ReferenceOTU2666 Even2_148415	525841
H	69832	93	96.8	+	0	0	510I93M765I	New.CleanUp.ReferenceOTU2668 Even1_357623	842594
N	*	100	*	*	*	*	*	New.CleanUp.ReferenceOTU2674 Even3_397121	*
L	84840	1438	*	*	*	*	*	4357712	*
H	84840	100	96.0	+	0	0	491I100M847I	New.CleanUp.ReferenceOTU2675 Even1_360236	4357712
H	19184	92	94.6	+	0	0	506I92M787I	New.CleanUp.ReferenceOTU2680 Even1_280514	362214
H	47712	100	95.0	+	0	0	500I100M752I	New.CleanUp.ReferenceOTU2682 Even1_396271	145801
L	62565	1446	*	*	*	*	*	2271953	*
H	62565	96	96.9	+	0	0	501I96M849I	New.CleanUp.ReferenceOTU2685 Even3_276075	2271953
N	*	100	*	*	*	*	*	New.CleanUp.ReferenceOTU2688 Even1_265942	*
L	40408	1391	*	*	*	*	*	195982	*
H	40408	81	90.1	+	0	0	518I81M792I	New.CleanUp.ReferenceOTU2691 Even3_333614	195982
L	33729	1438	*	*	*	*	*	254376	*
H	33729	100	93.0	+	0	0	518I100M820I	New.CleanUp.ReferenceOTU2693 Even1_11096	254376
H	47712	100	96.0	+	0	0	500I100M752I	New.CleanUp.ReferenceOTU2702 Even3_359538	145801
H	42027	94	92.6	+	0	0	523I94M777I	New.CleanUp.ReferenceOTU2709 Even2_372013	187443
L	96232	1413	*	*	*	*	*	4477719	*
H	96232	92	93.5	+	0	0	503I92M818I	New.CleanUp.ReferenceOTU271 Even3_75410	4477719
L	35792	1507	*	*	*	*	*	239195	*
H	35792	100	91.0	+	0	0	526I58MD41M882I	New.CleanUp.ReferenceOTU2711 Even2_372011	239195
N	*	91	*	*	*	*	*	New.CleanUp.ReferenceOTU2712 Even2_314404	*
H	77909	83	90.4	+	0	0	487I6MI77M870I	New.CleanUp.ReferenceOTU2724 Even1_228290	4201482
H	12829	96	95.8	+	0	0	488I96M866I	New.CleanUp.ReferenceOTU2726 Even3_328217	553611
H	82713	87	94.3	+	0	0	425I87M920I	New.CleanUp.ReferenceOTU2731 Even2_309408	4335781
L	26972	1345	*	*	*	*	*	302395	*
H	26972	90	95.6	+	0	0	500I76MD13M756I	New.CleanUp.ReferenceOTU2732 Even3_323234	302395
L	44538	1392	*	*	*	*	*	173945	*
H	44538	81	96.3	+	0	0	517I81M794I	New.CleanUp.ReferenceOTU2734 Even2_178867	173945
H	17719	83	95.2	+	0	0	496I83M770I	New.CleanUp.ReferenceOTU2736 Even2_55953	505565
H	66087	80	96.2	+	0	0	466I80M835I	New.CleanUp.ReferenceOTU2738 Even2_1803	1122622
H	89219	92	96.7	+	0	0	480I92M876I	New.CleanUp.ReferenceOTU2739 Even2_42112	4404187
N	*	83	*	*	*	*	*	New.CleanUp.ReferenceOTU2743 Even3_238236	*
L	44257	1391	*	*	*	*	*	175474	*
H	44257	100	96.0	+	0	0	515I100M776I	New.CleanUp.ReferenceOTU2744 Even1_280991	175474
N	*	85	*	*	*	*	*	New.CleanUp.ReferenceOTU2765 Even2_193506	*
N	*	92	*	*	*	*	*	New.CleanUp.ReferenceOTU2771 Even3_387528	*
H	12829	85	96.5	+	0	0	488I85M877I	New.CleanUp.ReferenceOTU2772 Even3_173070	553611
H	24573	100	94.0	+	0	0	508I100M773I	New.CleanUp.ReferenceOTU2775 Even1_371380	319870
N	*	100	*	*	*	*	*	New.CleanUp.ReferenceOTU2778 Even2_368592	*
H	29368	90	95.6	+	0	0	532I90M776I	New.CleanUp.ReferenceOTU2780 Even3_10943	287510
L	21162	1361	*	*	*	*	*	344553	*
H	21162	85	96.5	+	0	0	488I85M788I	New.CleanUp.ReferenceOTU2790 Even1_50243	344553
H	41678	87	95.4	+	0	0	515I87M788I	New.CleanUp.ReferenceOTU2793 Even1_314228	189396
H	13133	100	95.0	+	0	0	475I100M844I	New.CleanUp.ReferenceOTU280 Even1_359929	550960
H	20877	92	95.7	+	0	0	515I92M781I	New.CleanUp.ReferenceOTU2800 Even3_280993	346689
H	11939	100	96.0	+	0	0	526I100M863I	New.CleanUp.ReferenceOTU2803 Even3_71500	560629
L	85528	1447	*	*	*	*	*	4365178	*
H	85528	100	92.0	+	0	0	495I100M852I	New.CleanUp.ReferenceOTU2805 Even3_294939	4365178
L	23132	1392	*	*	*	*	*	330294	*
H	23132	100	96.0	+	0	0	527I100M765I	New.CleanUp.ReferenceOTU2807 Even2_100228	330294
H	40197	86	95.3	+	0	0	537I86M779I	New.CleanUp.ReferenceOTU2811 Even1_305702	197105
H	47712	87	93.1	+	0	0	500I40M2I47M763I	New.CleanUp.ReferenceOTU2813 Even1_209993	145801
H	21594	93	93.5	+	0	0	494I93M782I	New.CleanUp.ReferenceOTU2816 Even3_299656	341227
H	43197	81	96.3	+	0	0	507I81M794I	New.CleanUp.ReferenceOTU2821 Even2_338768	181193
H	17390	82	96.3	+	0	0	507I82M797I	New.CleanUp.ReferenceOTU283 Even3_125163	511008
H	94577	91	96.7	+	0	0	431I91M840I	New.CleanUp.ReferenceOTU2833 Even1_10847	4460263
H	43306	100	93.0	+	0	0	521I100M768I	New.CleanUp.ReferenceOTU2835 Even2_285180	180606
L	21748	1391	*	*	*	*	*	340189	*
H	21748	82	95.1	+	0	0	516I82M793I	New.CleanUp.ReferenceOTU2838 Even2_301958	340189
L	90356	1532	*	*	*	*	*	4416113	*
H	90356	100	91.0	+	0	0	527I100M905I	New.CleanUp.ReferenceOTU284 Even2_371966	4416113
L	76590	1428	*	*	*	*	*	4029632	*
H	76590	91	93.4	+	0	0	498I91M839I	New.CleanUp.ReferenceOTU2844 Even1_249013	4029632
H	13352	92	90.2	+	0	0	496I92M894I	New.CleanUp.ReferenceOTU2847 Even1_287886	549232
H	40112	86	94.2	+	0	0	489I86M788I	New.CleanUp.ReferenceOTU2848 Even2_234314	197510
H	17719	100	96.0	+	0	0	496I100M753I	New.CleanUp.ReferenceOTU2851 Even2_250861	505565
H	66269	95	96.8	+	0	0	492I95M861I	New.CleanUp.ReferenceOTU2853 Even1_376399	2730944
L	74319	1433	*	*	*	*	*	3745352	*
H	74319	86	90.7	+	0	0	489I86M858I	New.CleanUp.ReferenceOTU2854 Even2_35660	3745352
L	60445	1450	*	*	*	*	*	2017729	*
H	60445	88	92.0	+	0	0	488I88M874I	New.CleanUp.ReferenceOTU2857 Even1_368691	2017729
L	87664	1458	*	*	*	*	*	4387837	*
H	87664	95	92.6	+	0	0	503I95M860I	New.CleanUp.ReferenceOTU2859 Even1_368695	4387837
N	*	100	*	*	*	*	*	New.CleanUp.ReferenceOTU286 Even2_371962	*
H	70294	86	96.5	+	0	0	501I86M859I	New.CleanUp.ReferenceOTU2866 Even3_281641	3232397
H	17858	95	95.8	+	0	0	519I95M911I	New.CleanUp.ReferenceOTU2869 Even3_391992	470117
L	26219	1365	*	*	*	*	*	307898	*
H	26219	80	92.5	+	0	0	488I80M797I	New.CleanUp.ReferenceOTU2875 Even1_17546	307898
L	33062	1388	*	*	*	*	*	259266	*
H	33062	96	93.8	+	0	0	520I96M772I	New.CleanUp.ReferenceOTU2876 Even3_227243	259266
H	65135	100	91.0	+	0	0	487I100M849I	New.CleanUp.ReferenceOTU2878 Even3_275423	2599837
H	87913	100	91.0	+	0	0	422I42MI58M837I	New.CleanUp.ReferenceOTU2880 Even2_278035	4390365
H	40047	100	95.0	+	0	0	517I100M783I	New.CleanUp.ReferenceOTU2883 Even1_360534	197930
L	9111	1467	*	*	*	*	*	582379	*
H	9111	100	92.0	+	0	0	487I100M880I	New.CleanUp.ReferenceOTU2887 Even2_281482	582379
H	61436	100	90.0	+	0	0	491I100M847I	New.CleanUp.ReferenceOTU2890 Even2_271005	2134452
H	77227	96	95.8	+	0	0	502I96M836I	New.CleanUp.ReferenceOTU2899 Even1_394759	1116679
L	43539	1389	*	*	*	*	*	179408	*
H	43539	76	96.1	+	0	0	515I76M798I	New.CleanUp.ReferenceOTU290 Even3_321990	179408
H	40426	100	94.0	+	0	0	517I100M775I	New.CleanUp.ReferenceOTU2901 Even3_280618	195883
H	42088	94	91.5	+	0	0	508I94M796I	New.CleanUp.ReferenceOTU2902 Even3_364797	187144
H	42027	89	94.4	+	0	0	523I89M782I	New.CleanUp.ReferenceOTU2906 Even2_280826	187443
H	19027	95	96.8	+	0	0	498I95M772I	New.CleanUp.ReferenceOTU2921 Even1_364188	364903
H	88182	83	95.2	+	0	0	493I83M867I	New.CleanUp.ReferenceOTU2922 Even1_281257	4393083
H	62565	83	96.4	+	0	0	501I83M862I	New.CleanUp.ReferenceOTU2923 Even3_387314	2271953
H	17390	95	93.7	+	0	0	507I95M784I	New.CleanUp.ReferenceOTU2927 Even1_397313	511008
H	44312	100	96.0	+	0	0	516I100M775I	New.CleanUp.ReferenceOTU2930 Even3_372154	175168
H	40581	93	94.6	+	0	0	514I93M782I	New.CleanUp.ReferenceOTU2931 Even2_395383	195081
L	27781	1368	*	*	*	*	*	297525	*
H	27781	84	96.4	+	0	0	533I84M751I	New.CleanUp.ReferenceOTU2934 Even1_95578	297525
H	17731	100	95.0	+	0	0	493I100M750I	New.CleanUp.ReferenceOTU2935 Even3_200183	503372
H	40890	100	95.0	+	0	0	532I100M768I	New.CleanUp.ReferenceOTU2937 Even3_99138	193623
N	*	100	*	*	*	*	*	New.CleanUp.ReferenceOTU2938 Even3_378726	*
H	17731	100	94.0	+	0	0	493I100M750I	New.CleanUp.ReferenceOTU2939 Even1_111978	503372
N	*	100	*	*	*	*	*	New.CleanUp.ReferenceOTU2942 Even3_364501	*
H	44163	100	96.0	+	0	0	527I100M770I	New.CleanUp.ReferenceOTU2945 Even2_136947	176034
H	17731	96	96.9	+	0	0	493I96M754I	New.CleanUp.ReferenceOTU2946 Even1_366144	503372
H	41984	83	96.4	+	0	0	511I83M793I	New.CleanUp.ReferenceOTU2950 Even2_174169	187720
H	22568	100	96.0	+	0	0	497I100M753I	New.CleanUp.ReferenceOTU2951 Even2_217423	334336
H	94577	100	96.0	+	0	0	431I100M831I	New.CleanUp.ReferenceOTU2954 Even3_265918	4460263
H	32641	88	95.5	+	0	0	528I88M780I	New.CleanUp.ReferenceOTU2956 Even3_155509	261799
H	25162	100	95.0	+	0	0	499I100M758I	New.CleanUp.ReferenceOTU2957 Even2_367259	315529
H	18993	100	94.0	+	0	0	526I100M758I	New.CleanUp.ReferenceOTU2961 Even2_384314	365496
H	93537	88	96.6	+	0	0	491I88M871I	New.CleanUp.ReferenceOTU2964 Even1_280700	4449427
N	*	93	*	*	*	*	*	New.CleanUp.ReferenceOTU2972 Even1_323314	*
H	28259	92	96.7	+	0	0	504I92M786I	New.CleanUp.ReferenceOTU2974 Even1_266084	294440
H	26031	79	96.2	+	0	0	514I79M764I	New.CleanUp.ReferenceOTU2977 Even1_310096	309279
L	20859	1359	*	*	*	*	*	346771	*
H	20859	83	96.4	+	0	0	502I83M774I	New.CleanUp.ReferenceOTU298 Even1_280460	346771
H	91847	100	95.0	+	0	0	494I100M845I	New.CleanUp.ReferenceOTU2981 Even2_152497	4431558
H	19496	100	96.0	+	0	0	500I100M753I	New.CleanUp.ReferenceOTU2984 Even1_203481	356760
L	39107	1507	*	*	*	*	*	205417	*
H	39107	100	95.0	+	0	0	526I100M881I	New.CleanUp.ReferenceOTU2987 Even1_106245	205417
H	40693	96	96.9	+	0	0	513I96M777I	New.CleanUp.ReferenceOTU299 Even3_364125	194562
H	39357	100	96.0	+	0	0	480I100M891I	New.CleanUp.ReferenceOTU2994 Even3_386265	202829
H	79272	78	96.2	+	0	0	545I78M903I	New.CleanUp.ReferenceOTU2999 Even1_101310	4300127
H	81368	95	90.5	+	0	0	481I95M1264I	New.CleanUp.ReferenceOTU3 Even1_381514	4321292
N	*	100	*	*	*	*	*	New.CleanUp.ReferenceOTU3001 Even2_378902	*
H	36436	100	95.0	+	0	0	465I100M877I	New.CleanUp.ReferenceOTU3007 Even3_320666	234148
L	68066	1507	*	*	*	*	*	820764	*
H	68066	100	91.0	+	0	0	546I100M861I	New.CleanUp.ReferenceOTU3012 Even1_318796	820764
L	70464	1369	*	*	*	*	*	1061772	*
H	70464	100	91.0	+	0	0	513I100M756I	New.CleanUp.ReferenceOTU3015 Even1_318124	1061772
N	*	100	*	*	*	*	*	New.CleanUp.ReferenceOTU3019 Even3_393455	*
H	27914	100	96.0	+	0	0	533I100M778I	New.CleanUp.ReferenceOTU3024 Even2_300622	296659
L	91515	1384	*	*	*	*	*	4427609	*
H	91515	77	94.8	+	0	0	513I77M794I	New.CleanUp.ReferenceOTU3047 Even1_355536	4427609
L	30061	1392	*	*	*	*	*	277584	*
H	30061	100	95.0	+	0	0	520I100M772I	New.CleanUp.ReferenceOTU3048 Even2_395448	277584
H	39156	93	94.6	+	0	0	491I93M908I	New.CleanUp.ReferenceOTU3051 Even3_12025	204864
H	20569	100	95.0	+	0	0	534I100M774I	New.CleanUp.ReferenceOTU3060 Even3_261320	349024
L	28287	1387	*	*	*	*	*	294270	*
H	28287	100	93.0	+	0	0	523I100M764I	New.CleanUp.ReferenceOTU3061 Even1_341632	294270
N	*	100	*	*	*	*	*	New.CleanUp.ReferenceOTU3069 Even3_390906	*
H	42081	100	90.0	+	0	0	521I100M781I	New.CleanUp.ReferenceOTU3072 Even1_194120	187179
L	82850	1529	*	*	*	*	*	4336989	*
H	82850	81	92.6	+	0	0	522I81M926I	New.CleanUp.ReferenceOTU3077 Even1_312895	4336989
H	23380	91	90.1	+	0	0	533I91M880I	New.CleanUp.ReferenceOTU3079 Even2_360570	328458
L	28343	1389	*	*	*	*	*	293886	*
H	28343	90	94.4	+	0	0	513I90M786I	New.CleanUp.ReferenceOTU3081 Even2_385997	293886
H	17731	100	96.0	+	0	0	493I100M750I	New.CleanUp.ReferenceOTU3085 Even1_173628	503372
N	*	100	*	*	*	*	*	New.CleanUp.ReferenceOTU3089 Even1_364394	*
H	43963	91	93.4	+	0	0	526I91M781I	New.CleanUp.ReferenceOTU3093 Even3_276448	177150
H	19027	100	96.0	+	0	0	498I100M767I	New.CleanUp.ReferenceOTU3099 Even2_81171	364903
N	*	100	*	*	*	*	*	New.CleanUp.ReferenceOTU31 Even2_388677	*
H	40838	76	92.1	+	0	0	516I76M804I	New.CleanUp.ReferenceOTU310 Even3_318324	193876
H	17731	100	96.0	+	0	0	493I100M750I	New.CleanUp.ReferenceOTU3105 Even2_9021	503372
H	18866	94	95.7	+	0	0	487I94M769I	New.CleanUp.ReferenceOTU3110 Even2_26840	367813
H	27781	100	96.0	+	0	0	533I100M735I	New.CleanUp.ReferenceOTU3111 Even2_322997	297525
H	55016	100	96.0	+	0	0	441I100M848I	New.CleanUp.ReferenceOTU3113 Even1_332424	15728
H	72394	80	95.0	+	0	0	444I80M851I	New.CleanUp.ReferenceOTU3116 Even2_45675	1120420
L	39104	1412	*	*	*	*	*	205456	*
H	39104	79	94.9	+	0	0	536I79M797I	New.CleanUp.ReferenceOTU3117 Even2_397503	205456
H	93692	100	96.0	+	0	0	509I100M851I	New.CleanUp.ReferenceOTU3120 Even2_186193	4451152
L	69528	1332	*	*	*	*	*	740317	*
H	69528	83	90.4	+	0	0	462I83M787I	New.CleanUp.ReferenceOTU3122 Even2_397050	740317
H	43197	100	95.0	+	0	0	507I100M775I	New.CleanUp.ReferenceOTU3123 Even2_28914	181193
H	19829	100	96.0	+	0	0	486I100M769I	New.CleanUp.ReferenceOTU3130 Even1_275665	354283
H	41441	95	95.8	+	0	0	507I95M774I	New.CleanUp.ReferenceOTU3131 Even3_375089	190649
H	15863	100	92.0	+	0	0	494I100M847I	New.CleanUp.ReferenceOTU3132 Even1_32435	527988
L	43789	1386	*	*	*	*	*	178042	*
H	43789	78	94.9	+	0	0	513I78M795I	New.CleanUp.ReferenceOTU3138 Even3_145414	178042
N	*	100	*	*	*	*	*	New.CleanUp.ReferenceOTU3140 Even3_395310	*
H	43688	100	93.0	+	0	0	514I100M775I	New.CleanUp.ReferenceOTU3145 Even2_390144	178612
N	*	100	*	*	*	*	*	New.CleanUp.ReferenceOTU315 Even2_386608	*
H	28433	94	92.6	+	0	0	520I94M760I	New.CleanUp.ReferenceOTU3150 Even3_337785	293262
L	62010	1490	*	*	*	*	*	2205004	*
H	62010	85	94.1	+	0	0	515I85M890I	New.CleanUp.ReferenceOTU3162 Even1_323412	2205004
L	42259	1384	*	*	*	*	*	186168	*
H	42259	82	91.5	+	0	0	513I82M789I	New.CleanUp.ReferenceOTU3164 Even1_293452	186168
L	24880	1377	*	*	*	*	*	317677	*
H	24880	94	92.6	+	0	0	502I94M781I	New.CleanUp.ReferenceOTU3165 Even3_322987	317677
H	46141	81	96.3	+	0	0	506I81M868I	New.CleanUp.ReferenceOTU3174 Even2_19812	157905
H	66719	91	94.5	+	0	0	528I91M875I	New.CleanUp.ReferenceOTU3176 Even3_181166	1134151
H	94577	100	95.0	+	0	0	431I100M831I	New.CleanUp.ReferenceOTU3177 Even1_298484	4460263
H	45193	89	94.4	+	0	0	517I89M873I	New.CleanUp.ReferenceOTU318 Even3_371740	166692
L	57430	1459	*	*	*	*	*	1657493	*
H	57430	79	92.4	+	0	0	507I79M873I	New.CleanUp.ReferenceOTU3182 Even1_330489	1657493
H	13352	100	93.0	+	0	0	496I100M886I	New.CleanUp.ReferenceOTU3186 Even3_346486	549232
H	15863	88	96.6	+	0	0	494I88M859I	New.CleanUp.ReferenceOTU3194 Even3_58543	527988
H	42039	95	91.6	+	0	0	512I95M775I	New.CleanUp.ReferenceOTU3198 Even3_287409	187388
H	17852	92	96.7	+	0	0	517I92M926I	New.CleanUp.ReferenceOTU3199 Even1_286936	471180
H	8811	82	96.3	+	0	0	507I82M902I	New.CleanUp.ReferenceOTU3200 Even1_229896	584375
H	43268	100	96.0	+	0	0	517I100M778I	New.CleanUp.ReferenceOTU3201 Even2_281295	180795
H	17719	100	94.0	+	0	0	496I100M753I	New.CleanUp.ReferenceOTU3202 Even2_117768	505565
H	87434	82	95.1	+	0	0	504I82M863I	New.CleanUp.ReferenceOTU3212 Even3_17267	4385318
L	88415	1435	*	*	*	*	*	4395677	*
H	88415	85	96.5	+	0	0	495I85M855I	New.CleanUp.ReferenceOTU3215 Even3_328493	4395677
H	58216	84	92.9	+	0	0	493I84M852I	New.CleanUp.ReferenceOTU3217 Even3_314297	1749791
H	64825	82	95.1	+	0	0	501I82M930I	New.CleanUp.ReferenceOTU3221 Even3_264528	813479
H	47712	93	93.5	+	0	0	500I93M759I	New.CleanUp.ReferenceOTU3223 Even2_168325	145801
H	69862	77	96.1	+	0	0	471I77M886I	New.CleanUp.ReferenceOTU3224 Even1_229093	3177392
H	21686	77	93.5	+	0	0	517I77M799I	New.CleanUp.ReferenceOTU3226 Even1_170475	340650
L	15746	1375	*	*	*	*	*	529377	*
H	15746	81	92.6	+	0	0	502I81M792I	New.CleanUp.ReferenceOTU3227 Even3_26681	529377
H	61181	82	96.3	+	0	0	495I82M787I	New.CleanUp.ReferenceOTU3228 Even2_221903	846127
H	13352	100	90.0	+	0	0	496I100M886I	New.CleanUp.ReferenceOTU323 Even3_276422	549232
H	26081	100	95.0	+	0	0	497I100M760I	New.CleanUp.ReferenceOTU3232 Even1_4947	308907
L	76320	1406	*	*	*	*	*	1134835	*
H	76320	79	93.7	+	0	0	470I79M857I	New.CleanUp.ReferenceOTU3233 Even1_124181	1134835
H	17850	100	94.0	+	0	0	528I100M919I	New.CleanUp.ReferenceOTU3238 Even3_284187	484304
L	78627	1457	*	*	*	*	*	4288321	*
H	78627	82	95.1	+	0	0	505I82M870I	New.CleanUp.ReferenceOTU3240 Even2_63793	4288321
H	44257	90	96.7	+	0	0	515I90M786I	New.CleanUp.ReferenceOTU3243 Even3_245928	175474
L	43145	1393	*	*	*	*	*	181485	*
H	43145	92	92.4	+	0	0	517I92M784I	New.CleanUp.ReferenceOTU3244 Even3_76729	181485
H	43197	100	94.0	+	0	0	507I100M775I	New.CleanUp.ReferenceOTU3251 Even3_377622	181193
H	17731	100	94.0	+	0	0	493I100M750I	New.CleanUp.ReferenceOTU3260 Even1_389079	503372
L	47316	1351	*	*	*	*	*	148987	*
H	47316	96	95.8	+	0	0	494I96M761I	New.CleanUp.ReferenceOTU3262 Even3_360300	148987
H	88460	100	94.0	+	0	0	472I100M856I	New.CleanUp.ReferenceOTU3266 Even3_346915	4396073
H	46105	100	95.0	+	0	0	507I100M847I	New.CleanUp.ReferenceOTU3272 Even2_145907	158215
H	39814	100	96.0	+	0	0	521I100M771I	New.CleanUp.ReferenceOTU3273 Even3_275738	199190
H	25979	95	93.7	+	0	0	507I95M777I	New.CleanUp.ReferenceOTU3292 Even1_390788	309696
N	*	92	*	*	*	*	*	New.CleanUp.ReferenceOTU3311 Even2_390996	*
L	87780	1352	*	*	*	*	*	4389066	*
H	87780	100	95.0	+	0	0	510I100M742I	New.CleanUp.ReferenceOTU3314 Even1_283415	4389066
H	7857	82	95.1	+	0	0	503I82M760I	New.CleanUp.ReferenceOTU3318 Even3_11735	591285
H	62565	100	93.0	+	0	0	501I100M845I	New.CleanUp.ReferenceOTU332 Even2_390724	2271953
L	29158	1396	*	*	*	*	*	288889	*
H	29158	100	96.0	+	0	0	524I100M772I	New.CleanUp.ReferenceOTU3324 Even2_370772	288889
H	4878	100	96.0	+	0	0	516I100M828I	New.CleanUp.ReferenceOTU3326 Even1_346434	788593
N	*	96	*	*	*	*	*	New.CleanUp.ReferenceOTU333 Even2_390727	*
H	12256	100	96.0	+	0	0	528I100M874I	New.CleanUp.ReferenceOTU3337 Even2_356099	558081
H	53078	81	92.6	+	0	0	496I81M825I	New.CleanUp.ReferenceOTU334 Even1_360385	72820
H	26272	100	96.0	+	0	0	528I100M772I	New.CleanUp.ReferenceOTU3342 Even1_334227	307571
H	40693	100	93.0	+	0	0	513I100M773I	New.CleanUp.ReferenceOTU3343 Even3_74064	194562
H	12256	89	96.6	+	0	0	528I89M885I	New.CleanUp.ReferenceOTU3346 Even2_283847	558081
N	*	100	*	*	*	*	*	New.CleanUp.ReferenceOTU3347 Even2_391151	*
H	11939	95	95.8	+	0	0	526I95M868I	New.CleanUp.ReferenceOTU3350 Even1_360084	560629
H	93502	92	92.4	+	0	0	501I92M853I	New.CleanUp.ReferenceOTU3353 Even2_278019	4449055
L	17799	1344	*	*	*	*	*	495396	*
H	17799	79	94.9	+	0	0	493I79M772I	New.CleanUp.ReferenceOTU3368 Even1_341373	495396
H	41545	91	96.7	+	0	0	500I81MI10M788I	New.CleanUp.ReferenceOTU3370 Even2_271068	190107
L	49675	1376	*	*	*	*	*	127309	*
H	49675	100	94.0	+	0	0	524I100M752I	New.CleanUp.ReferenceOTU3372 Even2_354499	127309
H	40286	96	94.8	+	0	0	527I96M776I	New.CleanUp.ReferenceOTU3373 Even3_363793	196664
H	86789	82	96.3	+	0	0	486I82M871I	New.CleanUp.ReferenceOTU3376 Even1_85259	4378519
L	41635	1382	*	*	*	*	*	189651	*
H	41635	100	92.0	+	0	0	514I100M768I	New.CleanUp.ReferenceOTU3383 Even3_368410	189651
N	*	100	*	*	*	*	*	New.CleanUp.ReferenceOTU3384 Even3_384353	*
N	*	100	*	*	*	*	*	New.CleanUp.ReferenceOTU3388 Even3_384428	*
H	11939	91	96.7	+	0	0	526I91M872I	New.CleanUp.ReferenceOTU339 Even3_143843	560629
L	44437	1383	*	*	*	*	*	174519	*
H	44437	100	91.0	+	0	0	507I100M776I	New.CleanUp.ReferenceOTU340 Even3_391095	174519
N	*	93	*	*	*	*	*	New.CleanUp.ReferenceOTU3405 Even3_388717	*
H	18828	92	91.3	+	0	0	497I92M776I	New.CleanUp.ReferenceOTU3406 Even3_388714	368418
H	16275	100	91.0	+	0	0	522I100M772I	New.CleanUp.ReferenceOTU341 Even2_287477	522595
L	8177	1398	*	*	*	*	*	589071	*
H	8177	100	90.0	+	0	0	527I100M771I	New.CleanUp.ReferenceOTU3416 Even3_266119	589071
H	19266	96	95.8	+	0	0	486I96M769I	New.CleanUp.ReferenceOTU3418 Even2_313658	360825
H	70294	100	95.0	+	0	0	501I100M845I	New.CleanUp.ReferenceOTU3427 Even3_267199	3232397
N	*	100	*	*	*	*	*	New.CleanUp.ReferenceOTU343 Even2_314209	*
H	1847	100	91.0	+	0	0	481I20MD79M836I	New.CleanUp.ReferenceOTU3430 Even3_356400	4484466
H	66269	100	96.0	+	0	0	492I100M856I	New.CleanUp.ReferenceOTU3433 Even3_290375	2730944
H	84501	100	91.0	+	0	0	523I100M769I	New.CleanUp.ReferenceOTU3438 Even1_252151	4354041
N	*	76	*	*	*	*	*	New.CleanUp.ReferenceOTU3441 Even1_390810	*
H	55508	96	96.9	+	0	0	513I96M897I	New.CleanUp.ReferenceOTU3442 Even2_332660	10212
H	36359	88	96.6	+	0	0	487I88M924I	New.CleanUp.ReferenceOTU3445 Even1_277139	235262
H	77227	100	94.0	+	0	0	502I100M832I	New.CleanUp.ReferenceOTU3449 Even2_323320	1116679
N	*	82	*	*	*	*	*	New.CleanUp.ReferenceOTU345 Even3_397190	*
H	39955	100	95.0	+	0	0	499I100M770I	New.CleanUp.ReferenceOTU3450 Even3_351328	198449
H	11939	94	94.7	+	0	0	526I94M869I	New.CleanUp.ReferenceOTU3452 Even2_367275	560629
L	24312	1390	*	*	*	*	*	321693	*
H	24312	91	96.7	+	0	0	515I91M784I	New.CleanUp.ReferenceOTU3454 Even3_263567	321693
N	*	100	*	*	*	*	*	New.CleanUp.ReferenceOTU3455 Even2_384376	*
L	92972	1389	*	*	*	*	*	4443068	*
H	92972	83	92.8	+	0	0	469I83M837I	New.CleanUp.ReferenceOTU3456 Even3_313527	4443068
H	16049	95	92.6	+	0	0	505I95M780I	New.CleanUp.ReferenceOTU3459 Even1_302276	525474
H	41286	83	96.4	+	0	0	521I83M789I	New.CleanUp.ReferenceOTU3463 Even1_106225	191487
H	36452	81	96.3	+	0	0	416I81M907I	New.CleanUp.ReferenceOTU3465 Even3_376720	233993
N	*	100	*	*	*	*	*	New.CleanUp.ReferenceOTU3467 Even1_375445	*
H	22782	82	96.3	+	0	0	488I82M757I	New.CleanUp.ReferenceOTU3468 Even2_267720	332764
H	22618	92	95.7	+	0	0	519I92M779I	New.CleanUp.ReferenceOTU3469 Even2_267722	333949
N	*	95	*	*	*	*	*	New.CleanUp.ReferenceOTU3473 Even3_144319	*
H	43726	85	95.3	+	0	0	528I85M793I	New.CleanUp.ReferenceOTU3482 Even3_102942	178387
H	86873	89	96.6	+	0	0	519I89M874I	New.CleanUp.ReferenceOTU3485 Even2_371140	4379449
H	17855	93	96.8	+	0	0	533I93M755I	New.CleanUp.ReferenceOTU3486 Even2_371141	470879
H	62902	100	96.0	+	0	0	505I100M910I	New.CleanUp.ReferenceOTU3489 Even3_341771	825808
H	1847	76	92.1	+	0	0	481I21MD54M860I	New.CleanUp.ReferenceOTU3492 Even1_314583	4484466
H	2815	92	93.5	+	0	0	511I92M776I	New.CleanUp.ReferenceOTU3494 Even3_386247	851323
L	27983	1362	*	*	*	*	*	296279	*
H	27983	87	94.3	+	0	0	488I87M787I	New.CleanUp.ReferenceOTU3495 Even3_281320	296279
N	*	100	*	*	*	*	*	New.CleanUp.ReferenceOTU35 Even2_388679	*
H	5309	85	94.1	+	0	0	508I85M852I	New.CleanUp.ReferenceOTU350 Even2_356705	754778
H	80567	100	94.0	+	0	0	526I100M878I	New.CleanUp.ReferenceOTU3507 Even3_224599	4313261
L	28497	1388	*	*	*	*	*	292820	*
H	28497	95	95.8	+	0	0	533I95M760I	New.CleanUp.ReferenceOTU351 Even1_281738	292820
H	19400	77	94.8	+	0	0	516I77M781I	New.CleanUp.ReferenceOTU3510 Even2_306131	358493
H	28254	100	96.0	+	0	0	490I100M742I	New.CleanUp.ReferenceOTU3511 Even1_146203	294499
H	41242	100	96.0	+	0	0	514I100M769I	New.CleanUp.ReferenceOTU3512 Even2_317487	191703
H	16275	100	96.0	+	0	0	522I100M772I	New.CleanUp.ReferenceOTU3513 Even1_154212	522595
H	12829	93	95.7	+	0	0	488I93M869I	New.CleanUp.ReferenceOTU352 Even1_33575	553611
H	80180	80	96.2	+	0	0	483I80M856I	New.CleanUp.ReferenceOTU3523 Even1_145243	4309033
L	43676	1397	*	*	*	*	*	178665	*
H	43676	82	92.7	+	0	0	517I82M798I	New.CleanUp.ReferenceOTU3526 Even1_101236	178665
H	60939	100	90.0	+	0	0	493I100M841I	New.CleanUp.ReferenceOTU3528 Even1_99877	2075910
H	11012	91	96.7	+	0	0	513I91M806I	New.CleanUp.ReferenceOTU353 Even1_33570	567846
H	19400	100	96.0	+	0	0	516I100M758I	New.CleanUp.ReferenceOTU3531 Even1_173296	358493
N	*	90	*	*	*	*	*	New.CleanUp.ReferenceOTU3537 Even3_381738	*
L	44952	1422	*	*	*	*	*	169538	*
H	44952	82	96.3	+	0	0	458I82M882I	New.CleanUp.ReferenceOTU3539 Even3_12340	169538
N	*	100	*	*	*	*	*	New.CleanUp.ReferenceOTU3541 Even2_112004	*
H	46105	100	93.0	+	0	0	507I100M847I	New.CleanUp.ReferenceOTU355 Even1_351310	158215
N	*	83	*	*	*	*	*	New.CleanUp.ReferenceOTU3553 Even2_397086	*
N	*	92	*	*	*	*	*	New.CleanUp.ReferenceOTU3565 Even1_364372	*
L	74	1491	*	*	*	*	*	1110836	*
H	74	81	91.4	+	0	0	521I56MD24M890I	New.CleanUp.ReferenceOTU3569 Even2_397314	1110836
H	24573	94	96.8	+	0	0	508I94M779I	New.CleanUp.ReferenceOTU357 Even3_154120	319870
H	75755	100	96.0	+	0	0	493I100M849I	New.CleanUp.ReferenceOTU3570 Even3_101609	3929758
H	39814	83	96.4	+	0	0	521I83M788I	New.CleanUp.ReferenceOTU3571 Even1_82066	199190
H	16275	100	96.0	+	0	0	522I100M772I	New.CleanUp.ReferenceOTU3575 Even1_305269	522595
H	31646	100	96.0	+	0	0	518I100M878I	New.CleanUp.ReferenceOTU3577 Even3_375710	268101
N	*	100	*	*	*	*	*	New.CleanUp.ReferenceOTU3578 Even3_378896	*
H	40493	100	95.0	+	0	0	527I100M770I	New.CleanUp.ReferenceOTU3579 Even2_15927	195508
L	60911	1459	*	*	*	*	*	2072645	*
H	60911	100	92.0	+	0	0	452I100M907I	New.CleanUp.ReferenceOTU3581 Even2_3026	2072645
H	25000	100	94.0	+	0	0	507I100M752I	New.CleanUp.ReferenceOTU3582 Even2_279021	316761
H	24330	85	96.5	+	0	0	501I85M789I	New.CleanUp.ReferenceOTU3586 Even1_300720	321560
N	*	90	*	*	*	*	*	New.CleanUp.ReferenceOTU359 Even3_334232	*
H	46141	100	94.0	+	0	0	506I100M849I	New.CleanUp.ReferenceOTU3596 Even2_274223	157905
L	41933	1394	*	*	*	*	*	188007	*
H	41933	81	95.1	+	0	0	517I81M796I	New.CleanUp.ReferenceOTU36 Even1_50286	188007
H	42465	100	95.0	+	0	0	514I100M775I	New.CleanUp.ReferenceOTU361 Even1_61657	185140
H	90171	100	95.0	+	0	0	498I100M836I	New.CleanUp.ReferenceOTU3614 Even1_1402	4414420
N	*	83	*	*	*	*	*	New.CleanUp.ReferenceOTU3620 Even3_395337	*
H	83861	94	90.4	+	0	0	499I94M766I	New.CleanUp.ReferenceOTU3621 Even3_395334	4347159
H	23917	100	93.0	+	0	0	520I100M764I	New.CleanUp.ReferenceOTU3625 Even3_396832	324733
L	72856	1357	*	*	*	*	*	654696	*
H	72856	96	90.6	+	0	0	490I96M771I	New.CleanUp.ReferenceOTU3628 Even2_179847	654696
H	26551	100	96.0	+	0	0	515I100M777I	New.CleanUp.ReferenceOTU3632 Even2_267833	305329
L	55213	1441	*	*	*	*	*	13813	*
H	55213	100	90.0	+	0	0	480I100M861I	New.CleanUp.ReferenceOTU3633 Even2_297498	13813
L	20439	1362	*	*	*	*	*	349902	*
H	20439	86	96.5	+	0	0	488I86M788I	New.CleanUp.ReferenceOTU3637 Even1_59263	349902
H	42352	100	94.0	+	0	0	525I100M770I	New.CleanUp.ReferenceOTU3639 Even2_356685	185730
H	64998	80	90.0	+	0	0	528I80M1077I	New.CleanUp.ReferenceOTU3641 Even2_289609	2588266
L	11953	1347	*	*	*	*	*	560496	*
H	11953	91	95.6	+	0	0	476I91M780I	New.CleanUp.ReferenceOTU3645 Even1_171032	560496
H	66269	100	96.0	+	0	0	492I100M856I	New.CleanUp.ReferenceOTU365 Even3_314060	2730944
N	*	88	*	*	*	*	*	New.CleanUp.ReferenceOTU3652 Even2_372054	*
H	81756	100	95.0	+	0	0	512I100M847I	New.CleanUp.ReferenceOTU3653 Even3_384653	4325533
H	40197	96	96.9	+	0	0	537I96M769I	New.CleanUp.ReferenceOTU3655 Even2_10523	197105
L	89501	1492	*	*	*	*	*	4407268	*
H	89501	81	90.1	+	0	0	516I81M895I	New.CleanUp.ReferenceOTU3657 Even3_292095	4407268
N	*	100	*	*	*	*	*	New.CleanUp.ReferenceOTU366 Even3_368330	*
H	93502	100	93.0	+	0	0	501I100M845I	New.CleanUp.ReferenceOTU3661 Even3_269483	4449055
L	27556	1362	*	*	*	*	*	298980	*
H	27556	76	94.7	+	0	0	488I76M798I	New.CleanUp.ReferenceOTU3662 Even3_371635	298980
H	32641	80	93.8	+	0	0	528I80M788I	New.CleanUp.ReferenceOTU3664 Even3_272199	261799
H	61436	81	95.1	+	0	0	491I81M866I	New.CleanUp.ReferenceOTU3668 Even1_220895	2134452
H	7341	100	96.0	+	0	0	524I100M875I	New.CleanUp.ReferenceOTU3671 Even2_314114	610462
N	*	100	*	*	*	*	*	New.CleanUp.ReferenceOTU3672 Even3_395177	*
H	12090	95	94.7	+	0	0	503I95M783I	New.CleanUp.ReferenceOTU3673 Even1_375143	559527
H	20710	100	93.0	+	0	0	527I100M747I	New.CleanUp.ReferenceOTU3679 Even3_127453	347875
H	12204	96	92.7	+	0	0	412I96M810I	New.CleanUp.ReferenceOTU368 Even3_384230	558531
H	83152	100	96.0	+	0	0	484I100M840I	New.CleanUp.ReferenceOTU3682 Even2_394976	4340036
L	20605	1385	*	*	*	*	*	348751	*
H	20605	93	95.7	+	0	0	515I93M777I	New.CleanUp.ReferenceOTU3683 Even2_201839	348751
H	85910	92	92.4	+	0	0	481I92M856I	New.CleanUp.ReferenceOTU3687 Even3_267059	4369327
H	26660	95	94.7	+	0	0	522I95M777I	New.CleanUp.ReferenceOTU3688 Even2_333276	304563
H	38709	85	95.3	+	0	0	526I85M880I	New.CleanUp.ReferenceOTU3689 Even1_323432	209685
H	27836	90	96.7	+	0	0	514I90M786I	New.CleanUp.ReferenceOTU3694 Even1_328511	297150
H	17731	94	91.5	+	0	0	493I94M756I	New.CleanUp.ReferenceOTU37 Even1_346507	503372
H	40490	76	96.1	+	0	0	516I76M800I	New.CleanUp.ReferenceOTU3704 Even1_377783	195522
H	20181	81	96.3	+	0	0	520I81M795I	New.CleanUp.ReferenceOTU3712 Even2_368888	351734
H	88111	79	94.9	+	0	0	523I79M884I	New.CleanUp.ReferenceOTU372 Even1_82532	4392243
H	66269	76	96.1	+	0	0	492I76M880I	New.CleanUp.ReferenceOTU3721 Even1_124167	2730944
H	1847	88	96.6	+	0	0	481I21MD66M848I	New.CleanUp.ReferenceOTU3723 Even1_284803	4484466
H	18866	100	92.0	+	0	0	487I100M763I	New.CleanUp.ReferenceOTU3734 Even1_378630	367813
H	19496	100	95.0	+	0	0	500I100M753I	New.CleanUp.ReferenceOTU3736 Even2_224918	356760
H	40209	94	95.7	+	0	0	514I94M782I	New.CleanUp.ReferenceOTU3738 Even2_191380	197050
L	94661	1437	*	*	*	*	*	4461127	*
H	94661	93	94.6	+	0	0	477I93M867I	New.CleanUp.ReferenceOTU3747 Even3_234157	4461127
L	68546	1443	*	*	*	*	*	827942	*
H	68546	80	91.2	+	0	0	477I80M886I	New.CleanUp.ReferenceOTU3748 Even3_12803	827942
L	25963	1378	*	*	*	*	*	309815	*
H	25963	95	93.7	+	0	0	504I95M779I	New.CleanUp.ReferenceOTU3749 Even1_276053	309815
H	84801	90	96.7	+	0	0	483I90M868I	New.CleanUp.ReferenceOTU3751 Even2_55003	4357353
L	50588	1538	*	*	*	*	*	110438	*
H	50588	100	94.0	+	0	0	532I100M906I	New.CleanUp.ReferenceOTU376 Even2_302119	110438
H	36452	96	96.9	+	0	0	416I96M892I	New.CleanUp.ReferenceOTU3763 Even2_145961	233993
N	*	100	*	*	*	*	*	New.CleanUp.ReferenceOTU3766 Even3_393552	*
H	43601	91	92.3	+	0	0	514I91M784I	New.CleanUp.ReferenceOTU3772 Even3_393445	179014
H	17719	82	93.9	+	0	0	496I82M771I	New.CleanUp.ReferenceOTU3774 Even3_136173	505565
H	40426	93	95.7	+	0	0	517I93M782I	New.CleanUp.ReferenceOTU3777 Even3_299617	195883
H	22629	82	96.3	+	0	0	508I82M789I	New.CleanUp.ReferenceOTU378 Even2_30943	333859
H	71567	86	93.0	+	0	0	473I86M851I	New.CleanUp.ReferenceOTU3790 Even1_368526	681370
H	45632	77	94.8	+	0	0	547I77M940I	New.CleanUp.ReferenceOTU3803 Even1_391428	161579
N	*	95	*	*	*	*	*	New.CleanUp.ReferenceOTU3809 Even2_388721	*
H	40675	100	92.0	+	0	0	514I100M775I	New.CleanUp.ReferenceOTU3810 Even1_150253	194659
H	17808	96	92.7	+	0	0	495I96M758I	New.CleanUp.ReferenceOTU3811 Even2_386077	495070
H	47712	100	95.0	+	0	0	500I100M752I	New.CleanUp.ReferenceOTU3812 Even3_5256	145801
H	17852	88	95.5	+	0	0	517I88M930I	New.CleanUp.ReferenceOTU3813 Even2_378562	471180
H	92434	100	96.0	+	0	0	467I76MI24M863I	New.CleanUp.ReferenceOTU3820 Even3_10897	4437364
H	17850	94	96.8	+	0	0	528I94M925I	New.CleanUp.ReferenceOTU3823 Even2_314323	484304
H	24518	100	96.0	+	0	0	506I100M754I	New.CleanUp.ReferenceOTU3827 Even1_367725	320291
H	23917	100	96.0	+	0	0	520I100M764I	New.CleanUp.ReferenceOTU3828 Even1_212556	324733
H	8098	79	93.7	+	0	0	517I79M795I	New.CleanUp.ReferenceOTU383 Even1_372134	589658
H	70669	100	92.0	+	0	0	310I100M903I	New.CleanUp.ReferenceOTU3832 Even1_96499	755474
H	41562	76	96.1	+	0	0	516I76M798I	New.CleanUp.ReferenceOTU3835 Even3_274627	190003
H	22782	78	96.2	+	0	0	488I78M761I	New.CleanUp.ReferenceOTU3836 Even1_280928	332764
L	78182	1489	*	*	*	*	*	806457	*
H	78182	77	93.5	+	0	0	518I77M894I	New.CleanUp.ReferenceOTU3837 Even3_208785	806457
H	45193	92	94.6	+	0	0	517I92M870I	New.CleanUp.ReferenceOTU3839 Even1_170211	166692
N	*	100	*	*	*	*	*	New.CleanUp.ReferenceOTU385 Even2_375412	*
H	17855	96	96.9	+	0	0	533I96M752I	New.CleanUp.ReferenceOTU3851 Even3_380095	470879
H	26385	94	96.8	+	0	0	504I94M774I	New.CleanUp.ReferenceOTU3852 Even3_119889	306633
H	40209	96	91.7	+	0	0	514I96M780I	New.CleanUp.ReferenceOTU3860 Even2_271042	197050
L	96156	1449	*	*	*	*	*	4476950	*
H	96156	95	95.8	+	0	0	482I95M872I	New.CleanUp.ReferenceOTU3861 Even1_281036	4476950
H	44257	100	95.0	+	0	0	515I100M776I	New.CleanUp.ReferenceOTU3863 Even3_19672	175474
L	15743	1488	*	*	*	*	*	529444	*
H	15743	77	90.9	+	0	0	506I77M905I	New.CleanUp.ReferenceOTU3864 Even3_232833	529444
N	*	92	*	*	*	*	*	New.CleanUp.ReferenceOTU3869 Even3_384403	*
L	41017	1387	*	*	*	*	*	192912	*
H	41017	91	93.4	+	0	0	515I91M781I	New.CleanUp.ReferenceOTU387 Even1_271075	192912
H	20710	100	93.0	+	0	0	527I100M747I	New.CleanUp.ReferenceOTU3874 Even2_71968	347875
H	36359	100	94.0	+	0	0	487I100M912I	New.CleanUp.ReferenceOTU388 Even1_218497	235262
H	11939	100	92.0	+	0	0	526I100M863I	New.CleanUp.ReferenceOTU3881 Even3_266281	560629
N	*	91	*	*	*	*	*	New.CleanUp.ReferenceOTU3883 Even2_395345	*
N	*	91	*	*	*	*	*	New.CleanUp.ReferenceOTU3885 Even2_395347	*
H	40890	100	95.0	+	0	0	532I100M768I	New.CleanUp.ReferenceOTU3889 Even3_276196	193623
H	17731	100	95.0	+	0	0	493I100M750I	New.CleanUp.ReferenceOTU389 Even2_251919	503372
H	38457	100	94.0	+	0	0	527I100M866I	New.CleanUp.ReferenceOTU3893 Even2_8127	212164
N	*	100	*	*	*	*	*	New.CleanUp.ReferenceOTU3894 Even3_388770	*
H	77227	95	96.8	+	0	0	502I95M837I	New.CleanUp.ReferenceOTU3895 Even1_305703	1116679
H	42816	100	95.0	+	0	0	526I100M772I	New.CleanUp.ReferenceOTU3896 Even2_96150	183162
H	11939	89	96.6	+	0	0	526I89M874I	New.CleanUp.ReferenceOTU3899 Even3_82774	560629
L	95297	1471	*	*	*	*	*	4467984	*
H	95297	100	92.0	+	0	0	533I100M838I	New.CleanUp.ReferenceOTU390 Even1_302100	4467984
H	46140	100	94.0	+	0	0	510I100M847I	New.CleanUp.ReferenceOTU3906 Even2_263883	157921
H	24573	93	95.7	+	0	0	508I93M780I	New.CleanUp.ReferenceOTU3912 Even2_275745	319870
H	17852	91	96.7	+	0	0	517I91M927I	New.CleanUp.ReferenceOTU3914 Even2_275747	471180
N	*	100	*	*	*	*	*	New.CleanUp.ReferenceOTU3921 Even1_143237	*
H	96156	84	92.9	+	0	0	482I84M883I	New.CleanUp.ReferenceOTU3923 Even2_212414	4476950
H	87020	93	92.5	+	0	0	507I93M845I	New.CleanUp.ReferenceOTU3925 Even3_297466	4380886
H	61181	95	96.8	+	0	0	495I95M774I	New.CleanUp.ReferenceOTU3926 Even1_371346	846127
H	42823	89	93.3	+	0	0	515I89M783I	New.CleanUp.ReferenceOTU3927 Even2_302051	183139
H	82658	93	93.5	+	0	0	509I93M849I	New.CleanUp.ReferenceOTU393 Even2_290172	4335293
H	42786	76	93.4	+	0	0	534I76M789I	New.CleanUp.ReferenceOTU3942 Even3_266188	183321
H	92304	100	96.0	+	0	0	477I100M857I	New.CleanUp.ReferenceOTU3943 Even3_329932	4436046
H	40890	100	95.0	+	0	0	532I100M768I	New.CleanUp.ReferenceOTU3945 Even1_92490	193623
H	24573	76	94.7	+	0	0	508I76M797I	New.CleanUp.ReferenceOTU3946 Even1_278868	319870
H	21421	100	96.0	+	0	0	524I100M773I	New.CleanUp.ReferenceOTU3948 Even2_125030	342666
H	19496	100	96.0	+	0	0	500I100M753I	New.CleanUp.ReferenceOTU3949 Even3_126642	356760
H	24174	100	93.0	+	0	0	505I100M752I	New.CleanUp.ReferenceOTU3953 Even3_280657	322715
H	94577	100	96.0	+	0	0	431I100M831I	New.CleanUp.ReferenceOTU3954 Even1_117051	4460263
H	43268	85	94.1	+	0	0	517I85M793I	New.CleanUp.ReferenceOTU3955 Even2_281557	180795
L	79091	1391	*	*	*	*	*	4298291	*
H	79091	94	95.7	+	0	0	521I94M776I	New.CleanUp.ReferenceOTU3956 Even2_280908	4298291
H	41441	94	94.7	+	0	0	507I94M775I	New.CleanUp.ReferenceOTU3974 Even1_296929	190649
H	43402	82	96.3	+	0	0	532I82M789I	New.CleanUp.ReferenceOTU3976 Even2_37270	180112
H	17850	94	96.8	+	0	0	528I94M925I	New.CleanUp.ReferenceOTU398 Even1_375299	484304
L	40730	1391	*	*	*	*	*	194416	*
H	40730	90	96.7	+	0	0	515I90M786I	New.CleanUp.ReferenceOTU3980 Even3_156016	194416
H	93994	80	95.0	+	0	0	483I80M880I	New.CleanUp.ReferenceOTU3983 Even3_247590	4454068
H	40838	86	94.2	+	0	0	516I86M794I	New.CleanUp.ReferenceOTU3986 Even1_318931	193876
N	*	100	*	*	*	*	*	New.CleanUp.ReferenceOTU399 Even2_393577	*
H	4878	100	96.0	+	0	0	516I100M828I	New.CleanUp.ReferenceOTU3999 Even1_123654	788593
H	55509	100	90.0	+	0	0	513I100M893I	New.CleanUp.ReferenceOTU4003 Even1_159315	10211
N	*	84	*	*	*	*	*	New.CleanUp.ReferenceOTU4009 Even3_397061	*
H	27653	100	92.0	+	0	0	488I100M774I	New.CleanUp.ReferenceOTU4019 Even2_375086	298381
H	46105	83	96.4	+	0	0	507I83M864I	New.CleanUp.ReferenceOTU402 Even1_202763	158215
L	78471	1436	*	*	*	*	*	4268506	*
H	78471	94	94.7	+	0	0	496I94M846I	New.CleanUp.ReferenceOTU4026 Even3_162018	4268506
H	17852	80	95.0	+	0	0	517I80M938I	New.CleanUp.ReferenceOTU4028 Even1_149131	471180
L	18471	1360	*	*	*	*	*	397513	*
H	18471	80	93.8	+	0	0	506I80M774I	New.CleanUp.ReferenceOTU4033 Even1_218392	397513
N	*	95	*	*	*	*	*	New.CleanUp.ReferenceOTU4043 Even3_390941	*
H	40890	77	94.8	+	0	0	532I77M791I	New.CleanUp.ReferenceOTU4045 Even1_364353	193623
H	60528	89	96.6	+	0	0	527I89M844I	New.CleanUp.ReferenceOTU4047 Even1_299312	825989
H	24330	77	96.1	+	0	0	501I77M797I	New.CleanUp.ReferenceOTU4048 Even1_310759	321560
H	19301	94	95.7	+	0	0	498I94M772I	New.CleanUp.ReferenceOTU405 Even3_264433	360238
H	42959	100	94.0	+	0	0	531I100M769I	New.CleanUp.ReferenceOTU4057 Even3_166868	182483
L	73581	1424	*	*	*	*	*	1108877	*
H	73581	78	93.6	+	0	0	494I78M852I	New.CleanUp.ReferenceOTU4059 Even2_310769	1108877
H	86179	94	95.7	+	0	0	530I94M776I	New.CleanUp.ReferenceOTU4061 Even1_301563	4372058
H	17852	84	96.4	+	0	0	517I84M934I	New.CleanUp.ReferenceOTU4066 Even1_104191	471180
H	24518	100	96.0	+	0	0	506I100M754I	New.CleanUp.ReferenceOTU407 Even3_265818	320291
H	27948	100	96.0	+	0	0	528I100M774I	New.CleanUp.ReferenceOTU4071 Even3_69866	296442
H	39814	86	96.5	+	0	0	521I86M785I	New.CleanUp.ReferenceOTU4075 Even1_104227	199190
H	26385	100	96.0	+	0	0	504I100M768I	New.CleanUp.ReferenceOTU4077 Even3_4815	306633
H	28096	85	90.6	+	0	0	533I55MI30M790I	New.CleanUp.ReferenceOTU4079 Even1_62532	295590
H	27267	100	96.0	+	0	0	507I100M775I	New.CleanUp.ReferenceOTU4080 Even3_61674	300662
H	21291	94	90.4	+	0	0	516I94M782I	New.CleanUp.ReferenceOTU4088 Even3_278010	343630
H	19301	76	96.1	+	0	0	498I76M790I	New.CleanUp.ReferenceOTU4093 Even1_85932	360238
N	*	100	*	*	*	*	*	New.CleanUp.ReferenceOTU4095 Even3_378746	*
H	17719	100	95.0	+	0	0	496I100M753I	New.CleanUp.ReferenceOTU4096 Even1_279121	505565
N	*	100	*	*	*	*	*	New.CleanUp.ReferenceOTU4099 Even3_378742	*
N	*	100	*	*	*	*	*	New.CleanUp.ReferenceOTU4101 Even3_378740	*
H	41419	100	95.0	+	0	0	516I100M780I	New.CleanUp.ReferenceOTU4103 Even2_296873	190772
H	81368	83	96.4	+	0	0	481I83M1276I	New.CleanUp.ReferenceOTU4105 Even2_290091	4321292
N	*	83	*	*	*	*	*	New.CleanUp.ReferenceOTU4109 Even1_47262	*
H	5672	85	94.1	+	0	0	494I85M761I	New.CleanUp.ReferenceOTU4110 Even3_199693	727945
L	25030	1403	*	*	*	*	*	316587	*
H	25030	83	96.4	+	0	0	533I83M787I	New.CleanUp.ReferenceOTU4112 Even2_173476	316587
H	12256	89	94.4	+	0	0	528I89M885I	New.CleanUp.ReferenceOTU4113 Even2_185267	558081
H	18828	93	96.8	+	0	0	497I93M775I	New.CleanUp.ReferenceOTU4116 Even3_375526	368418
H	44522	76	96.1	+	0	0	521I76M794I	New.CleanUp.ReferenceOTU4121 Even3_388542	174036
H	94577	100	93.0	+	0	0	431I100M831I	New.CleanUp.ReferenceOTU4123 Even1_303055	4460263
H	66352	100	94.0	+	0	0	491I100M841I	New.CleanUp.ReferenceOTU4127 Even1_170539	2740953
L	8962	1356	*	*	*	*	*	583398	*
H	8962	83	96.4	+	0	0	496I83M777I	New.CleanUp.ReferenceOTU4132 Even1_222753	583398
H	16275	100	90.0	+	0	0	522I100M772I	New.CleanUp.ReferenceOTU4142 Even2_281828	522595
H	15746	84	92.9	+	0	0	502I84M789I	New.CleanUp.ReferenceOTU4143 Even1_86793	529377
H	24268	77	96.1	+	0	0	517I77M804I	New.CleanUp.ReferenceOTU4144 Even2_281700	321983
H	40197	95	95.8	+	0	0	537I95M770I	New.CleanUp.ReferenceOTU4149 Even3_11716	197105
H	17731	100	96.0	+	0	0	493I100M750I	New.CleanUp.ReferenceOTU4152 Even1_49198	503372
H	24611	88	95.5	+	0	0	526I88M762I	New.CleanUp.ReferenceOTU4154 Even2_388140	319621
H	20859	82	96.3	+	0	0	502I82M775I	New.CleanUp.ReferenceOTU4156 Even3_187380	346771
H	69259	100	96.0	+	0	0	488I100M853I	New.CleanUp.ReferenceOTU4158 Even2_314289	3101394
L	47265	1334	*	*	*	*	*	149317	*
H	47265	92	93.5	+	0	0	469I92M773I	New.CleanUp.ReferenceOTU416 Even1_333933	149317
H	58003	100	92.0	+	0	0	495I100M841I	New.CleanUp.ReferenceOTU4168 Even2_372075	1721299
H	42249	100	92.0	+	0	0	513I100M774I	New.CleanUp.ReferenceOTU4169 Even2_333255	186248
L	5045	1585	*	*	*	*	*	774826	*
H	5045	96	91.7	+	0	0	523I96M966I	New.CleanUp.ReferenceOTU417 Even1_372253	774826
L	42460	1360	*	*	*	*	*	185159	*
H	42460	88	96.6	+	0	0	488I88M784I	New.CleanUp.ReferenceOTU4172 Even1_328536	185159
L	42380	1391	*	*	*	*	*	185603	*
H	42380	81	95.1	+	0	0	515I81M795I	New.CleanUp.ReferenceOTU4174 Even1_217664	185603
L	78546	1479	*	*	*	*	*	839610	*
H	78546	95	94.7	+	0	0	502I95M882I	New.CleanUp.ReferenceOTU4177 Even2_36406	839610
L	63473	1469	*	*	*	*	*	2388088	*
H	63473	83	94.0	+	0	0	509I83M877I	New.CleanUp.ReferenceOTU418 Even3_6255	2388088
H	45632	100	95.0	+	0	0	547I100M917I	New.CleanUp.ReferenceOTU4185 Even2_124536	161579
H	81368	94	91.5	+	0	0	481I94M1265I	New.CleanUp.ReferenceOTU4189 Even3_187920	4321292
L	23316	1393	*	*	*	*	*	328905	*
H	23316	100	92.0	+	0	0	521I100M772I	New.CleanUp.ReferenceOTU4198 Even1_272246	328905
H	19027	84	96.4	+	0	0	498I84M783I	New.CleanUp.ReferenceOTU4201 Even1_167060	364903
H	60701	84	90.5	+	0	0	484I84M813I	New.CleanUp.ReferenceOTU4202 Even1_378960	1105928
H	17731	100	94.0	+	0	0	493I100M750I	New.CleanUp.ReferenceOTU4206 Even1_223334	503372
H	18866	100	96.0	+	0	0	487I100M763I	New.CleanUp.ReferenceOTU4209 Even1_153019	367813
H	75431	96	96.9	+	0	0	488I96M819I	New.CleanUp.ReferenceOTU4212 Even1_363743	3890155
L	23610	1365	*	*	*	*	*	326850	*
H	23610	100	96.0	+	0	0	515I100M750I	New.CleanUp.ReferenceOTU4213 Even3_313289	326850
H	62902	85	94.1	+	0	0	505I85M925I	New.CleanUp.ReferenceOTU4219 Even3_276417	825808
L	43143	1401	*	*	*	*	*	181532	*
H	43143	100	90.0	+	0	0	528I100M773I	New.CleanUp.ReferenceOTU4222 Even3_276412	181532
H	39974	85	94.1	+	0	0	517I85M787I	New.CleanUp.ReferenceOTU4227 Even3_284360	198332
N	*	80	*	*	*	*	*	New.CleanUp.ReferenceOTU423 Even3_360433	*
N	*	84	*	*	*	*	*	New.CleanUp.ReferenceOTU4230 Even1_70517	*
N	*	85	*	*	*	*	*	New.CleanUp.ReferenceOTU4233 Even3_381940	*
H	17731	100	95.0	+	0	0	493I100M750I	New.CleanUp.ReferenceOTU4236 Even1_267250	503372
N	*	100	*	*	*	*	*	New.CleanUp.ReferenceOTU4238 Even3_386637	*
H	25018	78	93.6	+	0	0	498I78M796I	New.CleanUp.ReferenceOTU4251 Even3_281511	316675
H	93537	100	96.0	+	0	0	491I100M859I	New.CleanUp.ReferenceOTU4254 Even2_319617	4449427
N	*	100	*	*	*	*	*	New.CleanUp.ReferenceOTU4258 Even3_390883	*
N	*	100	*	*	*	*	*	New.CleanUp.ReferenceOTU4261 Even1_194579	*
H	66269	93	96.8	+	0	0	492I93M863I	New.CleanUp.ReferenceOTU4264 Even3_45492	2730944
N	*	100	*	*	*	*	*	New.CleanUp.ReferenceOTU4265 Even2_378764	*
H	55016	100	96.0	+	0	0	441I100M848I	New.CleanUp.ReferenceOTU4269 Even1_56673	15728
N	*	80	*	*	*	*	*	New.CleanUp.ReferenceOTU427 Even1_152147	*
L	38321	1489	*	*	*	*	*	213813	*
H	38321	92	96.7	+	0	0	526I92M871I	New.CleanUp.ReferenceOTU4270 Even2_21908	213813
H	73051	100	95.0	+	0	0	475I100M867I	New.CleanUp.ReferenceOTU4275 Even1_6733	1029559
H	46105	100	94.0	+	0	0	507I100M847I	New.CleanUp.ReferenceOTU428 Even3_281466	158215
N	*	100	*	*	*	*	*	New.CleanUp.ReferenceOTU4280 Even2_388701	*
H	87913	100	93.0	+	0	0	422I42MI58M837I	New.CleanUp.ReferenceOTU4283 Even2_299680	4390365
H	23917	100	94.0	+	0	0	520I100M764I	New.CleanUp.ReferenceOTU4287 Even2_378582	324733
H	37483	100	96.0	+	0	0	524I100M777I	New.CleanUp.ReferenceOTU4290 Even2_137132	222043
H	40773	100	96.0	+	0	0	524I100M769I	New.CleanUp.ReferenceOTU4298 Even1_65932	194215
H	44146	100	96.0	+	0	0	524I100M770I	New.CleanUp.ReferenceOTU4310 Even2_42695	176108
H	2815	100	95.0	+	0	0	511I100M768I	New.CleanUp.ReferenceOTU4311 Even1_27732	851323
H	27653	86	93.0	+	0	0	488I86M788I	New.CleanUp.ReferenceOTU4313 Even2_391113	298381
N	*	81	*	*	*	*	*	New.CleanUp.ReferenceOTU4315 Even1_357922	*
N	*	100	*	*	*	*	*	New.CleanUp.ReferenceOTU432 Even3_381853	*
H	57818	93	96.8	+	0	0	491I93M856I	New.CleanUp.ReferenceOTU4326 Even3_209392	1698008
H	53078	100	92.0	+	0	0	496I100M806I	New.CleanUp.ReferenceOTU4328 Even1_360596	72820
L	20332	1399	*	*	*	*	*	350627	*
H	20332	88	96.6	+	0	0	528I88M783I	New.CleanUp.ReferenceOTU4333 Even1_19387	350627
L	46098	1445	*	*	*	*	*	158270	*
H	46098	100	90.0	+	0	0	484I100M861I	New.CleanUp.ReferenceOTU434 Even1_371993	158270
H	45632	90	96.7	+	0	0	547I90M927I	New.CleanUp.ReferenceOTU4340 Even2_297519	161579
H	16519	84	96.4	+	0	0	519I84M793I	New.CleanUp.ReferenceOTU4342 Even1_183469	519290
H	26524	83	95.2	+	0	0	515I83M756I	New.CleanUp.ReferenceOTU4347 Even3_106440	305477
H	41976	92	96.7	+	0	0	526I92M780I	New.CleanUp.ReferenceOTU4352 Even3_346046	187751
H	85442	91	95.6	+	0	0	488I91M858I	New.CleanUp.ReferenceOTU4354 Even3_389884	4364464
H	93501	95	96.8	+	0	0	502I95M853I	New.CleanUp.ReferenceOTU4359 Even2_390246	4449054
H	16022	100	95.0	+	0	0	488I100M770I	New.CleanUp.ReferenceOTU4367 Even3_165733	525841
H	55016	100	95.0	+	0	0	441I100M848I	New.CleanUp.ReferenceOTU4372 Even1_256868	15728
H	17852	81	96.3	+	0	0	517I81M937I	New.CleanUp.ReferenceOTU4374 Even1_22162	471180
H	46141	93	96.8	+	0	0	506I93M856I	New.CleanUp.ReferenceOTU4381 Even1_222294	157905
H	2800	100	94.0	+	0	0	539I100M898I	New.CleanUp.ReferenceOTU4384 Even1_27419	851961
H	24573	96	93.8	+	0	0	508I96M777I	New.CleanUp.ReferenceOTU439 Even3_281461	319870
L	90961	1436	*	*	*	*	*	4422039	*
H	90961	84	96.4	+	0	0	489I84M863I	New.CleanUp.ReferenceOTU4390 Even1_385935	4422039
H	40675	81	96.3	+	0	0	514I81M794I	New.CleanUp.ReferenceOTU4400 Even2_302076	194659
H	43537	100	95.0	+	0	0	488I100M774I	New.CleanUp.ReferenceOTU4402 Even3_367905	179423
H	19702	100	92.0	+	0	0	516I100M758I	New.CleanUp.ReferenceOTU4404 Even2_91532	355269
H	46141	76	96.1	+	0	0	506I76M873I	New.CleanUp.ReferenceOTU4406 Even3_388021	157905
H	40197	100	96.0	+	0	0	537I100M765I	New.CleanUp.ReferenceOTU4413 Even1_76448	197105
L	37606	1404	*	*	*	*	*	220970	*
H	37606	85	96.5	+	0	0	524I85M795I	New.CleanUp.ReferenceOTU4415 Even1_371367	220970
H	61181	93	95.7	+	0	0	495I93M776I	New.CleanUp.ReferenceOTU4420 Even2_33138	846127
L	96386	1540	*	*	*	*	*	4479405	*
H	96386	89	94.4	+	0	0	525I89M926I	New.CleanUp.ReferenceOTU4428 Even2_266181	4479405
H	96051	100	95.0	+	0	0	479I100M868I	New.CleanUp.ReferenceOTU4429 Even2_281570	814112
N	*	95	*	*	*	*	*	New.CleanUp.ReferenceOTU4431 Even3_299772	*
H	17799	100	92.0	+	0	0	493I100M751I	New.CleanUp.ReferenceOTU4432 Even2_281578	495396
L	15965	1405	*	*	*	*	*	526701	*
H	15965	100	95.0	+	0	0	528I100M777I	New.CleanUp.ReferenceOTU4435 Even2_107773	526701
H	24174	85	95.3	+	0	0	505I85M767I	New.CleanUp.ReferenceOTU4440 Even3_82235	322715
L	27648	1397	*	*	*	*	*	298394	*
H	27648	79	96.2	+	0	0	525I79M793I	New.CleanUp.ReferenceOTU4446 Even3_87520	298394
H	17850	91	91.2	+	0	0	528I91M928I	New.CleanUp.ReferenceOTU4447 Even2_381704	484304
L	84376	1386	*	*	*	*	*	4352607	*
H	84376	100	95.0	+	0	0	443I100M843I	New.CleanUp.ReferenceOTU4448 Even1_312720	4352607
H	42039	85	96.5	+	0	0	512I85M785I	New.CleanUp.ReferenceOTU4449 Even3_88210	187388
H	11948	100	90.0	+	0	0	504I100M876I	New.CleanUp.ReferenceOTU4455 Even2_356420	560535
H	60528	94	96.8	+	0	0	527I94M839I	New.CleanUp.ReferenceOTU4456 Even3_350471	825989
L	24114	1353	*	*	*	*	*	323106	*
H	24114	100	90.0	+	0	0	495I100M758I	New.CleanUp.ReferenceOTU4459 Even2_281488	323106
N	*	100	*	*	*	*	*	New.CleanUp.ReferenceOTU4463 Even1_384518	*
H	72856	81	96.3	+	0	0	490I81M786I	New.CleanUp.ReferenceOTU4464 Even3_12048	654696
L	40909	1387	*	*	*	*	*	193534	*
H	40909	81	96.3	+	0	0	515I81M791I	New.CleanUp.ReferenceOTU4468 Even2_157772	193534
H	23610	93	96.8	+	0	0	515I93M757I	New.CleanUp.ReferenceOTU4469 Even3_111403	326850
H	21665	95	96.8	+	0	0	515I95M781I	New.CleanUp.ReferenceOTU4471 Even3_300263	340759
H	93501	100	96.0	+	0	0	502I100M848I	New.CleanUp.ReferenceOTU4474 Even3_188990	4449054
H	18993	100	90.0	+	0	0	526I100M758I	New.CleanUp.ReferenceOTU4476 Even2_368456	365496
H	42973	100	96.0	+	0	0	517I100M775I	New.CleanUp.ReferenceOTU4478 Even3_330962	182372
H	26219	86	93.0	+	0	0	488I86M791I	New.CleanUp.ReferenceOTU448 Even3_131182	307898
N	*	100	*	*	*	*	*	New.CleanUp.ReferenceOTU4480 Even2_290188	*
H	68174	94	94.7	+	0	0	485I94M867I	New.CleanUp.ReferenceOTU4483 Even2_364548	1142029
H	18724	100	95.0	+	0	0	505I100M764I	New.CleanUp.ReferenceOTU449 Even1_317813	370225
L	44427	1392	*	*	*	*	*	174588	*
H	44427	84	96.4	+	0	0	517I84M791I	New.CleanUp.ReferenceOTU4490 Even2_318774	174588
H	82016	76	96.1	+	0	0	506I76M903I	New.CleanUp.ReferenceOTU4492 Even1_234429	4328299
H	93537	84	96.4	+	0	0	491I84M875I	New.CleanUp.ReferenceOTU4495 Even3_123419	4449427
H	42039	77	93.5	+	0	0	512I77M793I	New.CleanUp.ReferenceOTU4497 Even1_314760	187388
H	13133	100	94.0	+	0	0	475I100M844I	New.CleanUp.ReferenceOTU4498 Even1_314094	550960
H	96557	82	96.3	+	0	0	501I82M775I	New.CleanUp.ReferenceOTU4499 Even3_281183	4480861
H	38783	87	90.8	+	0	0	526I87M877I	New.CleanUp.ReferenceOTU45 Even2_397258	208972
L	36037	1442	*	*	*	*	*	237444	*
H	36037	80	95.0	+	0	0	484I80M878I	New.CleanUp.ReferenceOTU4502 Even3_281186	237444
H	16275	81	96.3	+	0	0	522I81M791I	New.CleanUp.ReferenceOTU4505 Even3_252103	522595
H	70294	100	95.0	+	0	0	501I100M845I	New.CleanUp.ReferenceOTU4506 Even1_374993	3232397
H	12256	100	96.0	+	0	0	528I100M874I	New.CleanUp.ReferenceOTU4507 Even3_9873	558081
L	87435	1443	*	*	*	*	*	4385326	*
H	87435	93	95.7	+	0	0	485I93M865I	New.CleanUp.ReferenceOTU4508 Even3_351253	4385326
H	70294	100	94.0	+	0	0	501I100M845I	New.CleanUp.ReferenceOTU4510 Even1_378396	3232397
H	43688	100	93.0	+	0	0	514I100M775I	New.CleanUp.ReferenceOTU4517 Even2_12192	178612
H	40884	80	96.2	+	0	0	512I80M788I	New.CleanUp.ReferenceOTU4520 Even3_173783	193667
H	94577	76	96.1	+	0	0	431I76M855I	New.CleanUp.ReferenceOTU4522 Even1_387512	4460263
H	2815	79	96.2	+	0	0	511I79M789I	New.CleanUp.ReferenceOTU4528 Even2_7814	851323
H	70294	100	90.0	+	0	0	501I100M845I	New.CleanUp.ReferenceOTU4529 Even2_378938	3232397
H	27267	100	95.0	+	0	0	507I100M775I	New.CleanUp.ReferenceOTU4530 Even1_297064	300662
H	67802	100	94.0	+	0	0	490I100M848I	New.CleanUp.ReferenceOTU4534 Even1_395090	2920309
L	20157	1390	*	*	*	*	*	351880	*
H	20157	96	90.6	+	0	0	515I96M779I	New.CleanUp.ReferenceOTU4537 Even3_364677	351880
L	70407	1455	*	*	*	*	*	3244896	*
H	70407	100	96.0	+	0	0	517I100M838I	New.CleanUp.ReferenceOTU4549 Even1_163420	3244896
H	69259	100	96.0	+	0	0	488I100M853I	New.CleanUp.ReferenceOTU4550 Even2_331927	3101394
H	15863	100	96.0	+	0	0	494I100M847I	New.CleanUp.ReferenceOTU4551 Even1_52090	527988
H	46141	100	96.0	+	0	0	506I100M849I	New.CleanUp.ReferenceOTU4554 Even3_39005	157905
H	17855	95	96.8	+	0	0	533I95M753I	New.CleanUp.ReferenceOTU4562 Even2_375036	470879
H	80180	100	94.0	+	0	0	483I100M836I	New.CleanUp.ReferenceOTU4563 Even3_296962	4309033
H	27714	82	93.9	+	0	0	515I82M793I	New.CleanUp.ReferenceOTU4567 Even3_227766	297917
H	58003	95	94.7	+	0	0	495I95M846I	New.CleanUp.ReferenceOTU4576 Even1_367463	1721299
H	17731	100	96.0	+	0	0	493I100M750I	New.CleanUp.ReferenceOTU4579 Even1_275792	503372
H	96826	84	96.4	+	0	0	472I84M867I	New.CleanUp.ReferenceOTU4586 Even1_66452	4483859
L	61921	1504	*	*	*	*	*	614182	*
H	61921	93	94.6	+	0	0	526I93M885I	New.CleanUp.ReferenceOTU4601 Even3_14052	614182
H	17731	95	95.8	+	0	0	493I95M755I	New.CleanUp.ReferenceOTU4609 Even2_327365	503372
H	16275	85	96.5	+	0	0	522I85M787I	New.CleanUp.ReferenceOTU4610 Even3_214575	522595
H	60701	100	92.0	+	0	0	484I100M797I	New.CleanUp.ReferenceOTU4611 Even3_180997	1105928
H	63344	100	91.0	+	0	0	494I100M754I	New.CleanUp.ReferenceOTU4613 Even2_333239	996970
H	21062	76	94.7	+	0	0	490I76M800I	New.CleanUp.ReferenceOTU4616 Even1_185411	345246
H	7857	89	95.5	+	0	0	503I89M753I	New.CleanUp.ReferenceOTU4617 Even3_380917	591285
H	46098	100	92.0	+	0	0	484I100M861I	New.CleanUp.ReferenceOTU4619 Even3_372093	158270
H	42823	83	96.4	+	0	0	515I83M789I	New.CleanUp.ReferenceOTU4624 Even1_5110	183139
H	60031	80	93.8	+	0	0	468I80M878I	New.CleanUp.ReferenceOTU4627 Even2_281189	1960569
L	78274	1504	*	*	*	*	*	4248036	*
H	78274	100	94.0	+	0	0	527I100M877I	New.CleanUp.ReferenceOTU4628 Even3_49879	4248036
H	57045	92	95.7	+	0	0	521I92M905I	New.CleanUp.ReferenceOTU463 Even2_351481	1129328
H	96557	100	93.0	+	0	0	501I100M757I	New.CleanUp.ReferenceOTU4631 Even2_302244	4480861
L	9285	1378	*	*	*	*	*	581079	*
H	9285	100	96.0	+	0	0	519I100M759I	New.CleanUp.ReferenceOTU4633 Even3_98699	581079
H	25018	79	96.2	+	0	0	498I79M795I	New.CleanUp.ReferenceOTU4635 Even2_341538	316675
H	54585	90	93.3	+	0	0	490I90M852I	New.CleanUp.ReferenceOTU4637 Even2_269499	28056
L	22715	1399	*	*	*	*	*	333212	*
H	22715	89	91.0	+	0	0	473I89M837I	New.CleanUp.ReferenceOTU464 Even3_80737	333212
H	905	100	96.0	+	0	0	446I100M834I	New.CleanUp.ReferenceOTU4646 Even2_102914	1063126
H	7341	95	95.8	+	0	0	524I95M880I	New.CleanUp.ReferenceOTU4649 Even1_336025	610462
H	41817	100	93.0	+	0	0	526I100M770I	New.CleanUp.ReferenceOTU4653 Even1_76633	188706
H	86789	100	94.0	+	0	0	486I100M853I	New.CleanUp.ReferenceOTU4655 Even3_276430	4378519
H	13352	100	94.0	+	0	0	496I100M886I	New.CleanUp.ReferenceOTU4657 Even1_309159	549232
L	80123	1531	*	*	*	*	*	4308591	*
H	80123	92	90.2	+	0	0	532I92M907I	New.CleanUp.ReferenceOTU4658 Even3_276438	4308591
H	40838	92	94.6	+	0	0	516I92M788I	New.CleanUp.ReferenceOTU4659 Even2_323535	193876
H	17731	100	96.0	+	0	0	493I100M750I	New.CleanUp.ReferenceOTU4661 Even1_187016	503372
N	*	82	*	*	*	*	*	New.CleanUp.ReferenceOTU4662 Even3_397187	*
N	*	87	*	*	*	*	*	New.CleanUp.ReferenceOTU4665 Even3_386613	*
H	17858	96	96.9	+	0	0	519I96M910I	New.CleanUp.ReferenceOTU4670 Even3_386340	470117
N	*	100	*	*	*	*	*	New.CleanUp.ReferenceOTU4674 Even3_397450	*
H	11012	83	94.0	+	0	0	513I83M814I	New.CleanUp.ReferenceOTU4677 Even2_381938	567846
H	1847	100	92.0	+	0	0	481I20MD79M836I	New.CleanUp.ReferenceOTU4679 Even1_318875	4484466
H	55508	100	96.0	+	0	0	513I100M893I	New.CleanUp.ReferenceOTU4681 Even1_297190	10212
H	70405	95	96.8	+	0	0	485I95M860I	New.CleanUp.ReferenceOTU4685 Even1_216778	3244671
H	21687	100	95.0	+	0	0	501I100M777I	New.CleanUp.ReferenceOTU4691 Even1_154192	340642
H	27653	76	96.1	+	0	0	488I76M798I	New.CleanUp.ReferenceOTU4694 Even1_388180	298381
H	16275	93	96.8	+	0	0	522I93M779I	New.CleanUp.ReferenceOTU4697 Even2_351047	522595
H	44472	100	94.0	+	0	0	513I100M770I	New.CleanUp.ReferenceOTU4698 Even1_99391	174332
N	*	92	*	*	*	*	*	New.CleanUp.ReferenceOTU470 Even3_393569	*
H	23380	100	92.0	+	0	0	533I100M871I	New.CleanUp.ReferenceOTU4706 Even3_284344	328458
N	*	100	*	*	*	*	*	New.CleanUp.ReferenceOTU4707 Even2_351573	*
H	28324	93	93.5	+	0	0	515I93M779I	New.CleanUp.ReferenceOTU4708 Even3_284343	294022
L	17853	1423	*	*	*	*	*	471159	*
H	17853	84	94.0	+	0	0	414I84M925I	New.CleanUp.ReferenceOTU4712 Even3_28671	471159
H	12829	94	95.7	+	0	0	488I94M868I	New.CleanUp.ReferenceOTU4714 Even3_31720	553611
H	29153	79	96.2	+	0	0	506I79M790I	New.CleanUp.ReferenceOTU4719 Even3_299921	288930
H	29368	100	96.0	+	0	0	532I100M766I	New.CleanUp.ReferenceOTU4720 Even3_323713	287510
H	17731	94	93.6	+	0	0	493I94M756I	New.CleanUp.ReferenceOTU4721 Even1_391728	503372
L	10970	1385	*	*	*	*	*	568118	*
H	10970	100	95.0	+	0	0	517I100M768I	New.CleanUp.ReferenceOTU4727 Even1_78008	568118
H	44257	94	96.8	+	0	0	515I94M782I	New.CleanUp.ReferenceOTU4731 Even3_57704	175474
H	81368	76	93.4	+	0	0	481I76M1283I	New.CleanUp.ReferenceOTU4733 Even2_394702	4321292
H	40015	82	96.3	+	0	0	518I82M796I	New.CleanUp.ReferenceOTU4734 Even1_109633	198119
H	15084	83	91.6	+	0	0	411I83M834I	New.CleanUp.ReferenceOTU4735 Even2_397300	535955
L	22292	1363	*	*	*	*	*	336372	*
H	22292	76	96.1	+	0	0	525I76M762I	New.CleanUp.ReferenceOTU474 Even3_196729	336372
H	28993	100	91.0	+	0	0	533I100M774I	New.CleanUp.ReferenceOTU4740 Even2_14605	289925
L	8157	1495	*	*	*	*	*	589234	*
H	8157	100	90.0	+	0	0	514I100M881I	New.CleanUp.ReferenceOTU4746 Even1_364815	589234
N	*	100	*	*	*	*	*	New.CleanUp.ReferenceOTU4751 Even1_391091	*
H	19184	100	93.0	+	0	0	506I100M779I	New.CleanUp.ReferenceOTU4754 Even3_149507	362214
H	40209	92	95.7	+	0	0	514I92M784I	New.CleanUp.ReferenceOTU476 Even2_305417	197050
H	39156	80	96.2	+	0	0	491I80M921I	New.CleanUp.ReferenceOTU4760 Even3_11872	204864
H	42665	92	92.4	+	0	0	525I92M779I	New.CleanUp.ReferenceOTU4763 Even1_333218	183870
H	58003	95	90.5	+	0	0	495I95M846I	New.CleanUp.ReferenceOTU4767 Even3_391118	1721299
H	8962	100	94.0	+	0	0	496I100M760I	New.CleanUp.ReferenceOTU4782 Even2_12385	583398
L	50956	1478	*	*	*	*	*	106991	*
H	50956	100	92.0	+	0	0	476I100M902I	New.CleanUp.ReferenceOTU4784 Even1_94911	106991
H	41678	85	94.1	+	0	0	515I85M790I	New.CleanUp.ReferenceOTU4787 Even3_297211	189396
H	42959	100	96.0	+	0	0	531I100M769I	New.CleanUp.ReferenceOTU4790 Even3_29234	182483
H	11939	93	95.7	+	0	0	526I93M870I	New.CleanUp.ReferenceOTU4791 Even1_265867	560629
L	19874	1375	*	*	*	*	*	353897	*
H	19874	100	96.0	+	0	0	500I100M775I	New.CleanUp.ReferenceOTU4799 Even1_48698	353897
N	*	91	*	*	*	*	*	New.CleanUp.ReferenceOTU4804 Even2_392848	*
H	57855	88	90.9	+	0	0	518I88M778I	New.CleanUp.ReferenceOTU4809 Even1_375313	849535
N	*	94	*	*	*	*	*	New.CleanUp.ReferenceOTU4810 Even2_395300	*
H	61181	79	96.2	+	0	0	495I79M790I	New.CleanUp.ReferenceOTU482 Even3_281046	846127
H	13352	86	96.5	+	0	0	496I86M900I	New.CleanUp.ReferenceOTU4823 Even3_313589	549232
H	17808	100	94.0	+	0	0	495I100M754I	New.CleanUp.ReferenceOTU4824 Even1_280780	495070
H	94935	95	95.8	+	0	0	495I95M856I	New.CleanUp.ReferenceOTU4828 Even3_383586	4464533
H	43840	92	95.7	+	0	0	515I92M783I	New.CleanUp.ReferenceOTU4830 Even1_79919	177758
H	28324	100	96.0	+	0	0	515I100M772I	New.CleanUp.ReferenceOTU4831 Even3_262417	294022
H	19371	92	95.7	+	0	0	487I92M777I	New.CleanUp.ReferenceOTU4834 Even3_33473	359098
N	*	95	*	*	*	*	*	New.CleanUp.ReferenceOTU4837 Even1_9007	*
N	*	100	*	*	*	*	*	New.CleanUp.ReferenceOTU484 Even3_393567	*
N	*	100	*	*	*	*	*	New.CleanUp.ReferenceOTU4843 Even3_372055	*
H	44333	100	95.0	+	0	0	518I100M775I	New.CleanUp.ReferenceOTU4845 Even3_131157	175050
L	85980	1467	*	*	*	*	*	4369988	*
H	85980	100	96.0	+	0	0	519I100M848I	New.CleanUp.ReferenceOTU4846 Even3_265991	4369988
L	71220	1451	*	*	*	*	*	784927	*
H	71220	76	92.1	+	0	0	506I76M869I	New.CleanUp.ReferenceOTU4851 Even1_197308	784927
H	47712	100	91.0	+	0	0	500I100M752I	New.CleanUp.ReferenceOTU4857 Even3_368136	145801
H	19496	100	95.0	+	0	0	500I100M753I	New.CleanUp.ReferenceOTU4861 Even2_97245	356760
H	42959	100	93.0	+	0	0	531I100M769I	New.CleanUp.ReferenceOTU4862 Even1_172143	182483
H	77227	81	96.3	+	0	0	502I81M851I	New.CleanUp.ReferenceOTU4863 Even2_253617	1116679
H	68971	76	94.7	+	0	0	488I76M869I	New.CleanUp.ReferenceOTU4865 Even2_212456	3064113
H	70203	91	93.4	+	0	0	514I91M765I	New.CleanUp.ReferenceOTU4866 Even3_318808	859700
H	86371	100	91.0	+	0	0	488I100M850I	New.CleanUp.ReferenceOTU4869 Even1_106303	4374204
H	24573	100	96.0	+	0	0	508I100M773I	New.CleanUp.ReferenceOTU4872 Even1_202609	319870
L	60363	1377	*	*	*	*	*	2006996	*
H	60363	83	96.4	+	0	0	453I83M841I	New.CleanUp.ReferenceOTU4875 Even1_66666	2006996
H	59933	100	92.0	+	0	0	490I100M842I	New.CleanUp.ReferenceOTU4879 Even2_58298	1950496
H	19229	79	96.2	+	0	0	508I79M781I	New.CleanUp.ReferenceOTU488 Even2_249201	361507
L	40846	1403	*	*	*	*	*	193859	*
H	40846	100	91.0	+	0	0	526I100M777I	New.CleanUp.ReferenceOTU4881 Even3_293686	193859
H	24655	100	90.0	+	0	0	517I100M775I	New.CleanUp.ReferenceOTU4882 Even2_267742	319262
H	19184	82	95.1	+	0	0	506I82M797I	New.CleanUp.ReferenceOTU4885 Even2_337699	362214
L	40568	1397	*	*	*	*	*	195157	*
H	40568	87	96.6	+	0	0	527I87M783I	New.CleanUp.ReferenceOTU4887 Even3_288964	195157
H	44522	91	96.7	+	0	0	521I91M779I	New.CleanUp.ReferenceOTU4890 Even1_8874	174036
L	271	1521	*	*	*	*	*	1107948	*
H	271	81	91.4	+	0	0	543I81M897I	New.CleanUp.ReferenceOTU4892 Even3_314110	1107948
H	20710	100	96.0	+	0	0	527I100M747I	New.CleanUp.ReferenceOTU4893 Even3_221169	347875
H	60701	100	96.0	+	0	0	484I100M797I	New.CleanUp.ReferenceOTU4894 Even3_92680	1105928
L	13966	1417	*	*	*	*	*	544412	*
H	13966	100	90.0	+	0	0	489I91M11I9M817I	New.CleanUp.ReferenceOTU4897 Even3_135702	544412
H	18897	100	96.0	+	0	0	511I100M760I	New.CleanUp.ReferenceOTU4899 Even1_217366	367215
L	77579	1405	*	*	*	*	*	826025	*
H	77579	86	94.2	+	0	0	472I86M847I	New.CleanUp.ReferenceOTU490 Even2_351733	826025
L	27859	1379	*	*	*	*	*	297057	*
H	27859	100	92.0	+	0	0	525I100M754I	New.CleanUp.ReferenceOTU4903 Even2_351361	297057
H	40890	100	96.0	+	0	0	532I100M768I	New.CleanUp.ReferenceOTU4904 Even3_363955	193623
N	*	100	*	*	*	*	*	New.CleanUp.ReferenceOTU4912 Even2_360490	*
N	*	100	*	*	*	*	*	New.CleanUp.ReferenceOTU4914 Even2_360492	*
N	*	100	*	*	*	*	*	New.CleanUp.ReferenceOTU4917 Even2_360498	*
H	25946	100	91.0	+	0	0	518I100M781I	New.CleanUp.ReferenceOTU4918 Even1_372151	309963
H	17390	100	95.0	+	0	0	507I88MD11M780I	New.CleanUp.ReferenceOTU4919 Even1_141749	511008
L	24627	1501	*	*	*	*	*	319505	*
H	24627	100	90.0	+	0	0	523I100M878I	New.CleanUp.ReferenceOTU492 Even1_360384	319505
H	82713	79	96.2	+	0	0	425I79M928I	New.CleanUp.ReferenceOTU4923 Even3_76044	4335781
H	45632	100	93.0	+	0	0	547I100M917I	New.CleanUp.ReferenceOTU4925 Even1_21986	161579
L	34910	1440	*	*	*	*	*	245625	*
H	34910	84	92.9	+	0	0	482I84M874I	New.CleanUp.ReferenceOTU493 Even1_346740	245625
H	40581	94	94.7	+	0	0	514I94M781I	New.CleanUp.ReferenceOTU4931 Even3_290246	195081
L	16259	1385	*	*	*	*	*	522863	*
H	16259	92	90.2	+	0	0	503I92M790I	New.CleanUp.ReferenceOTU4932 Even1_318466	522863
H	79091	100	93.0	+	0	0	521I100M770I	New.CleanUp.ReferenceOTU4933 Even1_96608	4298291
L	29025	1388	*	*	*	*	*	289725	*
H	29025	100	93.0	+	0	0	514I100M774I	New.CleanUp.ReferenceOTU4935 Even3_37968	289725
H	42308	83	91.6	+	0	0	515I83M793I	New.CleanUp.ReferenceOTU4939 Even1_131171	185949
H	17852	83	96.4	+	0	0	517I83M935I	New.CleanUp.ReferenceOTU494 Even3_146930	471180
H	53234	84	95.2	+	0	0	501I84M820I	New.CleanUp.ReferenceOTU4942 Even2_949	69933
H	85980	100	96.0	+	0	0	519I100M848I	New.CleanUp.ReferenceOTU4944 Even2_386933	4369988
L	42145	1395	*	*	*	*	*	186866	*
H	42145	85	95.3	+	0	0	525I85M785I	New.CleanUp.ReferenceOTU4946 Even1_305310	186866
H	17731	100	94.0	+	0	0	493I100M750I	New.CleanUp.ReferenceOTU4949 Even2_393072	503372
H	5672	93	90.3	+	0	0	494I93M753I	New.CleanUp.ReferenceOTU4951 Even3_267825	727945
H	26385	92	96.7	+	0	0	504I92M776I	New.CleanUp.ReferenceOTU4954 Even2_290470	306633
H	55508	95	95.8	+	0	0	513I95M898I	New.CleanUp.ReferenceOTU4958 Even2_378488	10212
H	70578	77	96.1	+	0	0	489I77M874I	New.CleanUp.ReferenceOTU4961 Even1_241664	3265161
H	54237	81	96.3	+	0	0	492I81M884I	New.CleanUp.ReferenceOTU4965 Even3_148666	38357
H	44333	100	95.0	+	0	0	518I100M775I	New.CleanUp.ReferenceOTU4968 Even1_333510	175050
H	7857	100	95.0	+	0	0	503I100M742I	New.CleanUp.ReferenceOTU4973 Even1_341901	591285
H	60701	93	96.8	+	0	0	484I93M804I	New.CleanUp.ReferenceOTU4974 Even3_145638	1105928
H	26272	100	95.0	+	0	0	528I100M772I	New.CleanUp.ReferenceOTU4977 Even2_182807	307571
H	16746	91	95.6	+	0	0	528I91M781I	New.CleanUp.ReferenceOTU4979 Even1_200047	516464
H	60296	100	92.0	+	0	0	493I100M846I	New.CleanUp.ReferenceOTU4981 Even1_381566	1997391
H	55509	100	91.0	+	0	0	513I100M893I	New.CleanUp.ReferenceOTU4985 Even3_378828	10211
H	82713	83	96.4	+	0	0	425I83M924I	New.CleanUp.ReferenceOTU4995 Even3_283568	4335781
H	89219	90	95.6	+	0	0	480I90M878I	New.CleanUp.ReferenceOTU5 Even2_280728	4404187
H	66269	100	93.0	+	0	0	492I100M856I	New.CleanUp.ReferenceOTU500 Even2_293987	2730944
H	1847	92	93.5	+	0	0	481I21MD70M844I	New.CleanUp.ReferenceOTU5000 Even2_337445	4484466
H	46098	100	90.0	+	0	0	484I100M861I	New.CleanUp.ReferenceOTU5001 Even3_364388	158270
H	28433	100	90.0	+	0	0	520I100M754I	New.CleanUp.ReferenceOTU5005 Even2_337440	293262
H	60701	100	96.0	+	0	0	484I100M797I	New.CleanUp.ReferenceOTU5019 Even1_59971	1105928
N	*	92	*	*	*	*	*	New.CleanUp.ReferenceOTU5024 Even3_384582	*
H	39956	100	90.0	+	0	0	513I100M780I	New.CleanUp.ReferenceOTU503 Even2_266115	198439
H	75187	95	95.8	+	0	0	474I95M866I	New.CleanUp.ReferenceOTU5032 Even1_214006	3855886
H	17731	88	93.2	+	0	0	493I88M762I	New.CleanUp.ReferenceOTU5034 Even1_12505	503372
H	24518	100	94.0	+	0	0	506I100M754I	New.CleanUp.ReferenceOTU5036 Even2_276482	320291
N	*	94	*	*	*	*	*	New.CleanUp.ReferenceOTU5040 Even2_386754	*
N	*	100	*	*	*	*	*	New.CleanUp.ReferenceOTU5044 Even3_302171	*
H	58216	100	92.0	+	0	0	493I100M836I	New.CleanUp.ReferenceOTU5047 Even3_277412	1749791
H	66269	100	95.0	+	0	0	492I100M856I	New.CleanUp.ReferenceOTU5051 Even3_272684	2730944
H	7341	82	96.3	+	0	0	524I82M893I	New.CleanUp.ReferenceOTU5053 Even2_279370	610462
H	70294	100	95.0	+	0	0	501I100M845I	New.CleanUp.ReferenceOTU5054 Even2_280424	3232397
H	89219	89	95.5	+	0	0	480I89M879I	New.CleanUp.ReferenceOTU5056 Even1_301949	4404187
L	6647	1390	*	*	*	*	*	659361	*
H	6647	95	96.8	+	0	0	488I95M807I	New.CleanUp.ReferenceOTU5058 Even2_372300	659361
H	28525	94	95.7	+	0	0	526I94M778I	New.CleanUp.ReferenceOTU5064 Even2_270550	292634
H	60031	78	96.2	+	0	0	468I78M880I	New.CleanUp.ReferenceOTU5070 Even2_110157	1960569
H	44257	100	95.0	+	0	0	515I100M776I	New.CleanUp.ReferenceOTU5072 Even1_169127	175474
L	23830	1390	*	*	*	*	*	325384	*
H	23830	100	96.0	+	0	0	515I100M775I	New.CleanUp.ReferenceOTU5074 Even3_1138	325384
H	87878	100	91.0	+	0	0	502I100M842I	New.CleanUp.ReferenceOTU5076 Even1_265290	4390134
H	17808	100	95.0	+	0	0	495I100M754I	New.CleanUp.ReferenceOTU5077 Even1_281336	495070
H	73696	85	96.5	+	0	0	492I85M855I	New.CleanUp.ReferenceOTU5079 Even1_85023	3667183
H	24573	93	96.8	+	0	0	508I93M780I	New.CleanUp.ReferenceOTU5087 Even1_40256	319870
L	40621	1374	*	*	*	*	*	194896	*
H	40621	100	91.0	+	0	0	515I100M759I	New.CleanUp.ReferenceOTU509 Even1_328017	194896
L	35800	1405	*	*	*	*	*	239141	*
H	35800	85	92.9	+	0	0	487I85M833I	New.CleanUp.ReferenceOTU5095 Even3_328146	239141
H	72683	100	91.0	+	0	0	493I100M754I	New.CleanUp.ReferenceOTU5096 Even3_328411	1097113
H	11012	90	91.1	+	0	0	513I90M807I	New.CleanUp.ReferenceOTU510 Even1_225604	567846
L	61450	1408	*	*	*	*	*	2137001	*
H	61450	95	92.6	+	0	0	505I95M808I	New.CleanUp.ReferenceOTU5101 Even2_384270	2137001
N	*	100	*	*	*	*	*	New.CleanUp.ReferenceOTU5108 Even1_393724	*
N	*	100	*	*	*	*	*	New.CleanUp.ReferenceOTU511 Even2_375472	*
H	43582	86	95.3	+	0	0	515I86M789I	New.CleanUp.ReferenceOTU5114 Even2_313407	179151
H	42693	95	96.8	+	0	0	498I95M777I	New.CleanUp.ReferenceOTU5115 Even2_45234	183783
H	42352	80	96.2	+	0	0	525I80M790I	New.CleanUp.ReferenceOTU5116 Even2_275118	185730
L	13468	1426	*	*	*	*	*	548293	*
H	13468	81	92.6	+	0	0	488I81M857I	New.CleanUp.ReferenceOTU5118 Even1_323235	548293
H	61450	84	96.4	+	0	0	505I84M819I	New.CleanUp.ReferenceOTU5122 Even3_3782	2137001
L	38725	1503	*	*	*	*	*	209524	*
H	38725	100	90.0	+	0	0	525I100M878I	New.CleanUp.ReferenceOTU5130 Even3_280529	209524
L	41404	1390	*	*	*	*	*	190902	*
H	41404	92	96.7	+	0	0	515I92M783I	New.CleanUp.ReferenceOTU5132 Even1_83398	190902
L	53984	1502	*	*	*	*	*	45623	*
H	53984	96	92.7	+	0	0	516I96M890I	New.CleanUp.ReferenceOTU5133 Even3_276453	45623
H	16275	94	95.7	+	0	0	522I94M778I	New.CleanUp.ReferenceOTU5139 Even2_299259	522595
H	24518	100	90.0	+	0	0	506I100M754I	New.CleanUp.ReferenceOTU5147 Even3_397431	320291
H	63476	100	93.0	+	0	0	485I100M849I	New.CleanUp.ReferenceOTU5148 Even2_71354	2388617
H	67802	96	95.8	+	0	0	490I96M852I	New.CleanUp.ReferenceOTU5152 Even1_318672	2920309
H	18828	92	92.4	+	0	0	497I92M776I	New.CleanUp.ReferenceOTU5157 Even3_393534	368418
H	20332	80	92.5	+	0	0	528I80M791I	New.CleanUp.ReferenceOTU5162 Even1_216799	350627
H	17858	94	96.8	+	0	0	519I94M912I	New.CleanUp.ReferenceOTU5174 Even1_384306	470117
H	36436	95	92.6	+	0	0	465I95M882I	New.CleanUp.ReferenceOTU5175 Even1_384302	234148
H	43412	93	90.3	+	0	0	527I93M777I	New.CleanUp.ReferenceOTU518 Even2_397188	180082
H	94441	100	95.0	+	0	0	474I100M878I	New.CleanUp.ReferenceOTU5187 Even1_61145	4458775
H	16275	85	96.5	+	0	0	522I85M787I	New.CleanUp.ReferenceOTU5191 Even3_27813	522595
H	24573	81	95.1	+	0	0	508I81M792I	New.CleanUp.ReferenceOTU5194 Even3_45452	319870
H	19496	95	96.8	+	0	0	500I95M758I	New.CleanUp.ReferenceOTU5195 Even2_378017	356760
N	*	100	*	*	*	*	*	New.CleanUp.ReferenceOTU5198 Even2_397369	*
H	16022	100	93.0	+	0	0	488I100M770I	New.CleanUp.ReferenceOTU520 Even3_364334	525841
L	71392	1438	*	*	*	*	*	3366133	*
H	71392	100	95.0	+	0	0	486I100M852I	New.CleanUp.ReferenceOTU5213 Even1_30758	3366133
N	*	87	*	*	*	*	*	New.CleanUp.ReferenceOTU5216 Even1_395374	*
H	89219	100	96.0	+	0	0	480I6MI94M867I	New.CleanUp.ReferenceOTU5218 Even2_181027	4404187
L	21839	1391	*	*	*	*	*	339512	*
H	21839	100	95.0	+	0	0	515I100M776I	New.CleanUp.ReferenceOTU5219 Even1_183646	339512
H	70294	95	95.8	+	0	0	501I95M850I	New.CleanUp.ReferenceOTU522 Even3_381144	3232397
H	70294	81	95.1	+	0	0	501I81M864I	New.CleanUp.ReferenceOTU5227 Even1_280943	3232397
H	46141	100	95.0	+	0	0	506I100M849I	New.CleanUp.ReferenceOTU5228 Even1_378212	157905
H	17731	100	96.0	+	0	0	493I100M750I	New.CleanUp.ReferenceOTU5231 Even1_256705	503372
L	94612	1583	*	*	*	*	*	4460714	*
H	94612	83	91.6	+	0	0	641I83M859I	New.CleanUp.ReferenceOTU5242 Even1_261831	4460714
H	40890	79	96.2	+	0	0	532I79M789I	New.CleanUp.ReferenceOTU5243 Even1_275522	193623
H	42823	93	94.6	+	0	0	515I93M779I	New.CleanUp.ReferenceOTU5245 Even1_368491	183139
H	16118	100	94.0	+	0	0	521I100M765I	New.CleanUp.ReferenceOTU5254 Even1_305712	524661
L	45073	1507	*	*	*	*	*	168031	*
H	45073	82	90.2	+	0	0	500I82M925I	New.CleanUp.ReferenceOTU5256 Even2_244456	168031
H	60197	100	95.0	+	0	0	496I100M785I	New.CleanUp.ReferenceOTU5257 Even1_385898	1983368
N	*	95	*	*	*	*	*	New.CleanUp.ReferenceOTU5264 Even2_395322	*
N	*	82	*	*	*	*	*	New.CleanUp.ReferenceOTU5271 Even2_395329	*
L	85984	1429	*	*	*	*	*	4370025	*
H	85984	91	95.6	+	0	0	494I91M844I	New.CleanUp.ReferenceOTU5272 Even1_148014	4370025
L	84394	1393	*	*	*	*	*	4352855	*
H	84394	100	92.0	+	0	0	525I100M768I	New.CleanUp.ReferenceOTU5276 Even2_299530	4352855
L	10343	1515	*	*	*	*	*	573061	*
H	10343	81	95.1	+	0	0	532I81M902I	New.CleanUp.ReferenceOTU5277 Even3_29863	573061
H	60528	96	96.9	+	0	0	527I96M837I	New.CleanUp.ReferenceOTU5278 Even2_373246	825989
L	22847	1355	*	*	*	*	*	332317	*
H	22847	100	94.0	+	0	0	503I100M752I	New.CleanUp.ReferenceOTU5286 Even2_301430	332317
H	18993	100	96.0	+	0	0	526I100M758I	New.CleanUp.ReferenceOTU5289 Even2_364252	365496
H	55508	81	96.3	+	0	0	513I81M912I	New.CleanUp.ReferenceOTU5291 Even1_104776	10212
H	5672	86	95.3	+	0	0	494I86M760I	New.CleanUp.ReferenceOTU5295 Even3_279094	727945
H	83861	100	94.0	+	0	0	499I100M760I	New.CleanUp.ReferenceOTU5300 Even2_372117	4347159
H	41678	100	94.0	+	0	0	515I100M775I	New.CleanUp.ReferenceOTU5302 Even1_290396	189396
H	27268	100	91.0	+	0	0	533I100M774I	New.CleanUp.ReferenceOTU5310 Even2_314298	300658
H	55508	96	95.8	+	0	0	513I96M897I	New.CleanUp.ReferenceOTU5318 Even2_377891	10212
H	56269	96	96.9	+	0	0	503I96M847I	New.CleanUp.ReferenceOTU5326 Even1_396132	1508541
H	55530	100	95.0	+	0	0	473I100M848I	New.CleanUp.ReferenceOTU533 Even2_28109	9727
H	3082	94	91.5	+	0	0	506I94M864I	New.CleanUp.ReferenceOTU5334 Even1_297270	835880
H	23917	100	96.0	+	0	0	520I100M764I	New.CleanUp.ReferenceOTU5335 Even2_360122	324733
H	13352	82	96.3	+	0	0	496I82M904I	New.CleanUp.ReferenceOTU5337 Even2_222534	549232
H	68174	89	95.5	+	0	0	485I89M872I	New.CleanUp.ReferenceOTU5338 Even1_318996	1142029
H	4878	100	94.0	+	0	0	516I100M828I	New.CleanUp.ReferenceOTU5339 Even2_230408	788593
H	93919	87	92.0	+	0	0	533I87M784I	New.CleanUp.ReferenceOTU5345 Even2_381748	4453609
H	4878	81	92.6	+	0	0	516I81M847I	New.CleanUp.ReferenceOTU5349 Even1_217304	788593
H	41250	100	93.0	+	0	0	517I100M776I	New.CleanUp.ReferenceOTU536 Even1_341809	191658
N	*	100	*	*	*	*	*	New.CleanUp.ReferenceOTU5361 Even2_375369	*
H	25979	92	95.7	+	0	0	507I92M780I	New.CleanUp.ReferenceOTU5366 Even2_375260	309696
H	17852	94	95.7	+	0	0	517I94M924I	New.CleanUp.ReferenceOTU5367 Even3_384028	471180
H	90059	86	94.2	+	0	0	496I86M846I	New.CleanUp.ReferenceOTU537 Even2_171406	4413347
N	*	100	*	*	*	*	*	New.CleanUp.ReferenceOTU5384 Even3_356596	*
H	40197	95	96.8	+	0	0	537I95M770I	New.CleanUp.ReferenceOTU5389 Even2_255741	197105
L	60129	1447	*	*	*	*	*	816702	*
H	60129	79	94.9	+	0	0	488I79M880I	New.CleanUp.ReferenceOTU5392 Even3_290226	816702
H	19496	100	95.0	+	0	0	500I100M753I	New.CleanUp.ReferenceOTU5393 Even1_390272	356760
H	39879	85	91.8	+	0	0	527I85M785I	New.CleanUp.ReferenceOTU5395 Even3_372014	198866
H	17852	81	96.3	+	0	0	517I81M937I	New.CleanUp.ReferenceOTU5398 Even1_8223	471180
L	37218	1379	*	*	*	*	*	224670	*
H	37218	93	93.5	+	0	0	507I93M779I	New.CleanUp.ReferenceOTU5400 Even3_360448	224670
H	84501	87	96.6	+	0	0	523I87M782I	New.CleanUp.ReferenceOTU5401 Even3_376853	4354041
H	36359	90	95.6	+	0	0	487I90M922I	New.CleanUp.ReferenceOTU5404 Even3_346504	235262
H	55214	91	96.7	+	0	0	522I91M898I	New.CleanUp.ReferenceOTU5408 Even1_50181	13811
L	62180	1432	*	*	*	*	*	2224336	*
H	62180	100	95.0	+	0	0	491I100M841I	New.CleanUp.ReferenceOTU5410 Even1_305627	2224336
H	4878	100	96.0	+	0	0	516I100M828I	New.CleanUp.ReferenceOTU5411 Even3_299590	788593
H	11948	100	90.0	+	0	0	504I100M876I	New.CleanUp.ReferenceOTU5415 Even1_372174	560535
L	16293	1382	*	*	*	*	*	522353	*
H	16293	100	91.0	+	0	0	518I100M764I	New.CleanUp.ReferenceOTU5419 Even3_168611	522353
L	72253	1527	*	*	*	*	*	828524	*
H	72253	79	93.7	+	0	0	528I79M920I	New.CleanUp.ReferenceOTU5422 Even3_267801	828524
H	55509	100	92.0	+	0	0	513I100M893I	New.CleanUp.ReferenceOTU5423 Even3_154516	10211
L	61869	1531	*	*	*	*	*	1105984	*
H	61869	94	93.6	+	0	0	534I94M903I	New.CleanUp.ReferenceOTU5424 Even1_337430	1105984
H	1471	87	95.4	+	0	0	497I87M844I	New.CleanUp.ReferenceOTU5425 Even3_189319	997439
L	45750	1537	*	*	*	*	*	160873	*
H	45750	93	95.7	+	0	0	528I93M916I	New.CleanUp.ReferenceOTU5429 Even3_122588	160873
H	55134	100	95.0	+	0	0	512I100M757I	New.CleanUp.ReferenceOTU5433 Even2_334481	14287
H	70294	100	93.0	+	0	0	501I100M845I	New.CleanUp.ReferenceOTU5435 Even3_333334	3232397
H	77227	100	95.0	+	0	0	502I100M832I	New.CleanUp.ReferenceOTU5436 Even2_275914	1116679
H	14821	94	95.7	+	0	0	527I94M877I	New.CleanUp.ReferenceOTU544 Even2_380851	538000
H	13352	100	94.0	+	0	0	496I100M886I	New.CleanUp.ReferenceOTU5447 Even2_267820	549232
N	*	100	*	*	*	*	*	New.CleanUp.ReferenceOTU5448 Even3_395155	*
L	55665	1462	*	*	*	*	*	7912	*
H	55665	95	93.7	+	0	0	500I95M867I	New.CleanUp.ReferenceOTU545 Even3_351314	7912
H	36436	79	96.2	+	0	0	465I79M898I	New.CleanUp.ReferenceOTU5450 Even2_277	234148
L	78351	1444	*	*	*	*	*	4254528	*
H	78351	93	95.7	+	0	0	484I93M867I	New.CleanUp.ReferenceOTU5459 Even1_123156	4254528
H	82713	96	90.6	+	0	0	425I96M911I	New.CleanUp.ReferenceOTU5465 Even2_388680	4335781
H	26006	94	91.5	+	0	0	504I94M783I	New.CleanUp.ReferenceOTU5468 Even2_360573	309480
N	*	100	*	*	*	*	*	New.CleanUp.ReferenceOTU5469 Even3_281769	*
H	26125	85	90.6	+	0	0	486I85M793I	New.CleanUp.ReferenceOTU547 Even3_384536	308502
H	44680	94	91.5	+	0	0	412I94M918I	New.CleanUp.ReferenceOTU5470 Even2_270987	172624
H	36037	100	91.0	+	0	0	484I100M858I	New.CleanUp.ReferenceOTU5476 Even3_297196	237444
L	9457	1468	*	*	*	*	*	579841	*
H	9457	100	96.0	+	0	0	503I100M865I	New.CleanUp.ReferenceOTU5477 Even1_151712	579841
H	36452	100	95.0	+	0	0	416I92MI8M887I	New.CleanUp.ReferenceOTU5479 Even1_88283	233993
H	17808	96	91.7	+	0	0	495I96M758I	New.CleanUp.ReferenceOTU5492 Even3_323525	495070
H	5309	94	91.5	+	0	0	508I94M843I	New.CleanUp.ReferenceOTU5494 Even1_259904	754778
H	36359	93	96.8	+	0	0	487I93M919I	New.CleanUp.ReferenceOTU5496 Even3_355241	235262
H	41678	100	95.0	+	0	0	515I100M775I	New.CleanUp.ReferenceOTU5507 Even3_302157	189396
N	*	100	*	*	*	*	*	New.CleanUp.ReferenceOTU5508 Even3_375355	*
H	40404	82	96.3	+	0	0	517I82M798I	New.CleanUp.ReferenceOTU5509 Even3_309867	195999
H	70068	100	96.0	+	0	0	494I100M845I	New.CleanUp.ReferenceOTU551 Even1_232568	3203801
H	41678	96	92.7	+	0	0	515I96M779I	New.CleanUp.ReferenceOTU5510 Even3_375421	189396
N	*	100	*	*	*	*	*	New.CleanUp.ReferenceOTU5512 Even3_375351	*
N	*	100	*	*	*	*	*	New.CleanUp.ReferenceOTU5514 Even3_368532	*
N	*	100	*	*	*	*	*	New.CleanUp.ReferenceOTU5518 Even2_372116	*
H	27733	81	96.3	+	0	0	488I81M797I	New.CleanUp.ReferenceOTU5522 Even1_55589	297783
H	4878	100	90.0	+	0	0	516I100M828I	New.CleanUp.ReferenceOTU553 Even1_393204	788593
H	62180	96	96.9	+	0	0	491I96M845I	New.CleanUp.ReferenceOTU5534 Even3_383682	2224336
H	4878	100	94.0	+	0	0	516I100M828I	New.CleanUp.ReferenceOTU5535 Even3_122534	788593
H	7341	81	96.3	+	0	0	524I81M894I	New.CleanUp.ReferenceOTU5541 Even1_196772	610462
H	44065	94	92.6	+	0	0	518I94M793I	New.CleanUp.ReferenceOTU5543 Even1_196770	176604
H	76771	77	96.1	+	0	0	488I77M900I	New.CleanUp.ReferenceOTU5553 Even3_262869	807226
H	16275	78	96.2	+	0	0	522I78M794I	New.CleanUp.ReferenceOTU5554 Even3_220151	522595
L	14332	1510	*	*	*	*	*	541602	*
H	14332	80	96.2	+	0	0	531I80M899I	New.CleanUp.ReferenceOTU5555 Even3_310845	541602
H	43688	100	96.0	+	0	0	514I100M775I	New.CleanUp.ReferenceOTU5557 Even3_56243	178612
H	55214	100	96.0	+	0	0	522I100M889I	New.CleanUp.ReferenceOTU5559 Even2_340400	13811
H	90845	95	93.7	+	0	0	477I95M864I	New.CleanUp.ReferenceOTU5563 Even2_277405	4420852
H	28542	84	95.2	+	0	0	498I84M917I	New.CleanUp.ReferenceOTU5568 Even1_385782	292521
H	17852	86	96.5	+	0	0	517I86M932I	New.CleanUp.ReferenceOTU5573 Even3_336411	471180
H	67437	86	95.3	+	0	0	512I86M830I	New.CleanUp.ReferenceOTU5579 Even1_246442	2874602
H	65769	100	95.0	+	0	0	503I100M846I	New.CleanUp.ReferenceOTU5583 Even1_323211	1142687
H	17858	96	95.8	+	0	0	519I96M910I	New.CleanUp.ReferenceOTU5585 Even2_313938	470117
L	45289	1474	*	*	*	*	*	165489	*
H	45289	82	92.7	+	0	0	526I82M866I	New.CleanUp.ReferenceOTU5587 Even1_157156	165489
N	*	100	*	*	*	*	*	New.CleanUp.ReferenceOTU5588 Even1_375502	*
H	42717	95	94.7	+	0	0	521I95M775I	New.CleanUp.ReferenceOTU5591 Even1_358715	183662
H	46105	95	96.8	+	0	0	507I95M852I	New.CleanUp.ReferenceOTU5592 Even2_265530	158215
H	43197	100	95.0	+	0	0	507I100M775I	New.CleanUp.ReferenceOTU5593 Even2_302285	181193
H	36436	100	96.0	+	0	0	465I100M877I	New.CleanUp.ReferenceOTU5603 Even1_221195	234148
H	46141	100	92.0	+	0	0	506I100M849I	New.CleanUp.ReferenceOTU5604 Even1_112650	157905
H	47712	95	92.6	+	0	0	500I95M757I	New.CleanUp.ReferenceOTU5607 Even3_305283	145801
H	77769	100	95.0	+	0	0	412I100M911I	New.CleanUp.ReferenceOTU5611 Even2_117319	784256
N	*	100	*	*	*	*	*	New.CleanUp.ReferenceOTU562 Even2_395236	*
H	40890	86	96.5	+	0	0	532I86M782I	New.CleanUp.ReferenceOTU5621 Even1_175717	193623
H	82713	78	96.2	+	0	0	425I78M929I	New.CleanUp.ReferenceOTU563 Even1_8629	4335781
H	71392	100	96.0	+	0	0	486I100M852I	New.CleanUp.ReferenceOTU5641 Even3_319942	3366133
H	15863	90	96.7	+	0	0	494I90M857I	New.CleanUp.ReferenceOTU5646 Even1_122396	527988
H	70294	100	94.0	+	0	0	501I100M845I	New.CleanUp.ReferenceOTU5659 Even3_284387	3232397
H	78575	95	95.8	+	0	0	485I95M867I	New.CleanUp.ReferenceOTU566 Even3_378171	4281639
H	87443	100	96.0	+	0	0	475I100M840I	New.CleanUp.ReferenceOTU5665 Even1_328903	4385479
L	42435	1389	*	*	*	*	*	185281	*
H	42435	100	93.0	+	0	0	514I100M775I	New.CleanUp.ReferenceOTU5668 Even2_266204	185281
L	57870	1446	*	*	*	*	*	1703713	*
H	57870	89	91.0	+	0	0	500I89M857I	New.CleanUp.ReferenceOTU567 Even3_272614	1703713
N	*	100	*	*	*	*	*	New.CleanUp.ReferenceOTU5670 Even3_381659	*
L	27529	1410	*	*	*	*	*	299151	*
H	27529	76	96.1	+	0	0	533I76M801I	New.CleanUp.ReferenceOTU5677 Even1_271287	299151
H	27653	76	96.1	+	0	0	488I76M798I	New.CleanUp.ReferenceOTU5678 Even1_388322	298381
H	88344	79	96.2	+	0	0	494I79M858I	New.CleanUp.ReferenceOTU568 Even3_338032	4394926
H	20877	76	94.7	+	0	0	515I76M797I	New.CleanUp.ReferenceOTU5681 Even3_255651	346689
H	17731	100	96.0	+	0	0	493I100M750I	New.CleanUp.ReferenceOTU5683 Even1_177719	503372
N	*	80	*	*	*	*	*	New.CleanUp.ReferenceOTU5696 Even3_270989	*
H	70669	100	92.0	+	0	0	310I100M903I	New.CleanUp.ReferenceOTU5707 Even3_337633	755474
L	33540	1507	*	*	*	*	*	255774	*
H	33540	79	96.2	+	0	0	526I79M902I	New.CleanUp.ReferenceOTU5712 Even2_16390	255774
H	52269	82	95.1	+	0	0	524I82M897I	New.CleanUp.ReferenceOTU5717 Even3_313971	91557
N	*	100	*	*	*	*	*	New.CleanUp.ReferenceOTU5723 Even3_378667	*
N	*	100	*	*	*	*	*	New.CleanUp.ReferenceOTU5724 Even3_378666	*
L	89786	1380	*	*	*	*	*	4410166	*
H	89786	76	96.1	+	0	0	524I76M780I	New.CleanUp.ReferenceOTU5728 Even2_390822	4410166
L	41605	1372	*	*	*	*	*	189816	*
H	41605	100	93.0	+	0	0	502I100M770I	New.CleanUp.ReferenceOTU5729 Even1_200728	189816
L	42720	1377	*	*	*	*	*	183653	*
H	42720	100	93.0	+	0	0	502I100M775I	New.CleanUp.ReferenceOTU5731 Even3_235101	183653
L	44477	1387	*	*	*	*	*	174301	*
H	44477	95	95.8	+	0	0	515I95M777I	New.CleanUp.ReferenceOTU5732 Even3_374731	174301
N	*	100	*	*	*	*	*	New.CleanUp.ReferenceOTU5736 Even2_378695	*
H	20051	100	95.0	+	0	0	503I100M752I	New.CleanUp.ReferenceOTU5737 Even1_390455	352617
H	40773	100	95.0	+	0	0	524I100M769I	New.CleanUp.ReferenceOTU5739 Even1_99027	194215
H	27267	95	93.7	+	0	0	507I95M780I	New.CleanUp.ReferenceOTU575 Even2_223847	300662
H	42754	100	93.0	+	0	0	525I100M771I	New.CleanUp.ReferenceOTU5753 Even2_278024	183480
L	40439	1400	*	*	*	*	*	195808	*
H	40439	95	94.7	+	0	0	517I95M788I	New.CleanUp.ReferenceOTU5755 Even1_390557	195808
L	58044	1447	*	*	*	*	*	1726408	*
H	58044	100	90.0	+	0	0	500I100M847I	New.CleanUp.ReferenceOTU5756 Even1_360427	1726408
L	58506	1375	*	*	*	*	*	1000656	*
H	58506	100	94.0	+	0	0	499I100M776I	New.CleanUp.ReferenceOTU5758 Even1_325218	1000656
N	*	100	*	*	*	*	*	New.CleanUp.ReferenceOTU5763 Even1_313959	*
H	17719	100	95.0	+	0	0	496I100M753I	New.CleanUp.ReferenceOTU5764 Even3_210309	505565
N	*	100	*	*	*	*	*	New.CleanUp.ReferenceOTU5769 Even2_388633	*
L	53761	1405	*	*	*	*	*	52362	*
H	53761	100	94.0	+	0	0	491I100M814I	New.CleanUp.ReferenceOTU577 Even2_114574	52362
H	42966	100	96.0	+	0	0	517I100M777I	New.CleanUp.ReferenceOTU5770 Even3_337857	182428
H	70294	100	93.0	+	0	0	501I100M845I	New.CleanUp.ReferenceOTU5786 Even1_345140	3232397
H	17731	95	95.8	+	0	0	493I95M755I	New.CleanUp.ReferenceOTU5788 Even3_96642	503372
H	68375	90	95.6	+	0	0	495I90M858I	New.CleanUp.ReferenceOTU5792 Even1_11324	2990145
H	45632	93	94.6	+	0	0	547I93M924I	New.CleanUp.ReferenceOTU5795 Even1_59115	161579
H	42308	92	96.7	+	0	0	515I92M784I	New.CleanUp.ReferenceOTU5797 Even2_132646	185949
H	26841	77	96.1	+	0	0	523I77M790I	New.CleanUp.ReferenceOTU5798 Even1_60406	303221
L	42865	1324	*	*	*	*	*	182956	*
H	42865	91	95.6	+	0	0	486I91M747I	New.CleanUp.ReferenceOTU5800 Even3_287296	182956
L	42584	1389	*	*	*	*	*	184391	*
H	42584	90	96.7	+	0	0	514I90M785I	New.CleanUp.ReferenceOTU5802 Even2_302163	184391
L	40877	1392	*	*	*	*	*	193705	*
H	40877	93	94.6	+	0	0	516I93M783I	New.CleanUp.ReferenceOTU5806 Even3_67809	193705
H	22618	100	94.0	+	0	0	519I100M771I	New.CleanUp.ReferenceOTU5809 Even3_109475	333949
H	44312	83	96.4	+	0	0	516I83M792I	New.CleanUp.ReferenceOTU5814 Even2_302148	175168
H	46058	100	94.0	+	0	0	504I100M845I	New.CleanUp.ReferenceOTU5815 Even2_302149	158581
H	64823	79	94.9	+	0	0	420I79M934I	New.CleanUp.ReferenceOTU5825 Even1_93090	824876
L	52925	1392	*	*	*	*	*	77458	*
H	52925	96	95.8	+	0	0	411I96M885I	New.CleanUp.ReferenceOTU583 Even3_278913	77458
L	11323	1404	*	*	*	*	*	565338	*
H	11323	100	96.0	+	0	0	496I100M808I	New.CleanUp.ReferenceOTU5836 Even2_99902	565338
N	*	100	*	*	*	*	*	New.CleanUp.ReferenceOTU5837 Even3_395316	*
H	96135	84	96.4	+	0	0	482I84M873I	New.CleanUp.ReferenceOTU5841 Even3_232685	4476751
H	60296	93	95.7	+	0	0	493I93M853I	New.CleanUp.ReferenceOTU5843 Even3_386529	1997391
H	88460	80	91.2	+	0	0	472I80M876I	New.CleanUp.ReferenceOTU5845 Even3_290206	4396073
H	55214	100	95.0	+	0	0	522I100M889I	New.CleanUp.ReferenceOTU5846 Even2_375008	13811
L	76065	1448	*	*	*	*	*	3970651	*
H	76065	100	95.0	+	0	0	501I100M847I	New.CleanUp.ReferenceOTU5847 Even3_201706	3970651
H	83861	92	90.2	+	0	0	499I92M768I	New.CleanUp.ReferenceOTU5851 Even3_381827	4347159
H	53078	91	96.7	+	0	0	496I91M815I	New.CleanUp.ReferenceOTU5853 Even1_297038	72820
L	75197	1430	*	*	*	*	*	3857426	*
H	75197	84	94.0	+	0	0	484I84M862I	New.CleanUp.ReferenceOTU5864 Even3_267797	3857426
H	24573	95	95.8	+	0	0	508I95M778I	New.CleanUp.ReferenceOTU5865 Even2_394807	319870
H	23478	79	92.4	+	0	0	513I79M795I	New.CleanUp.ReferenceOTU5867 Even2_393709	327756
H	43537	87	94.3	+	0	0	488I87M787I	New.CleanUp.ReferenceOTU5871 Even3_360468	179423
H	76065	89	94.4	+	0	0	501I89M858I	New.CleanUp.ReferenceOTU5874 Even1_56776	3970651
L	3294	1467	*	*	*	*	*	830315	*
H	3294	100	93.0	+	0	0	506I100M861I	New.CleanUp.ReferenceOTU5876 Even2_284364	830315
H	68375	76	96.1	+	0	0	495I76M872I	New.CleanUp.ReferenceOTU588 Even3_388174	2990145
H	12256	100	96.0	+	0	0	528I100M874I	New.CleanUp.ReferenceOTU5880 Even3_363780	558081
L	42052	1401	*	*	*	*	*	187324	*
H	42052	100	96.0	+	0	0	527I100M774I	New.CleanUp.ReferenceOTU5882 Even1_281038	187324
L	19949	1358	*	*	*	*	*	353392	*
H	19949	88	95.5	+	0	0	486I88M784I	New.CleanUp.ReferenceOTU5884 Even3_305636	353392
H	72680	95	91.6	+	0	0	478I95M841I	New.CleanUp.ReferenceOTU5886 Even2_299570	3531225
H	28525	96	96.9	+	0	0	526I96M776I	New.CleanUp.ReferenceOTU5888 Even1_269252	292634
H	4878	85	90.6	+	0	0	516I85M843I	New.CleanUp.ReferenceOTU5891 Even2_125382	788593
H	54585	84	92.9	+	0	0	490I84M858I	New.CleanUp.ReferenceOTU590 Even3_56526	28056
H	905	100	96.0	+	0	0	446I100M834I	New.CleanUp.ReferenceOTU5901 Even1_14934	1063126
N	*	100	*	*	*	*	*	New.CleanUp.ReferenceOTU5905 Even2_397285	*
H	46105	82	93.9	+	0	0	507I82M865I	New.CleanUp.ReferenceOTU5908 Even3_284337	158215
H	31646	93	92.5	+	0	0	518I93M885I	New.CleanUp.ReferenceOTU5909 Even3_176555	268101
N	*	100	*	*	*	*	*	New.CleanUp.ReferenceOTU591 Even1_393497	*
H	92866	80	96.2	+	0	0	485I80M842I	New.CleanUp.ReferenceOTU5913 Even3_281293	4441855
H	40197	100	96.0	+	0	0	537I100M765I	New.CleanUp.ReferenceOTU5916 Even3_281290	197105
H	42460	93	96.8	+	0	0	488I93M779I	New.CleanUp.ReferenceOTU5921 Even1_64872	185159
H	55057	100	90.0	+	0	0	533I100M874I	New.CleanUp.ReferenceOTU5922 Even2_267802	15357
H	905	100	91.0	+	0	0	446I100M834I	New.CleanUp.ReferenceOTU5925 Even1_257000	1063126
H	2815	100	91.0	+	0	0	511I100M768I	New.CleanUp.ReferenceOTU5932 Even2_337405	851323
H	16746	100	96.0	+	0	0	528I100M772I	New.CleanUp.ReferenceOTU5936 Even1_48601	516464
H	17719	100	95.0	+	0	0	496I100M753I	New.CleanUp.ReferenceOTU5937 Even2_82734	505565
H	40112	83	96.4	+	0	0	489I83M791I	New.CleanUp.ReferenceOTU5941 Even3_740	197510
H	18866	100	96.0	+	0	0	487I100M763I	New.CleanUp.ReferenceOTU5952 Even2_1728	367813
H	42308	87	95.4	+	0	0	515I87M789I	New.CleanUp.ReferenceOTU5956 Even2_386792	185949
H	47712	77	92.2	+	0	0	500I77M775I	New.CleanUp.ReferenceOTU5957 Even3_323541	145801
H	40890	96	92.7	+	0	0	532I96M772I	New.CleanUp.ReferenceOTU5960 Even1_388461	193623
H	42823	84	94.0	+	0	0	515I84M788I	New.CleanUp.ReferenceOTU5968 Even2_203550	183139
L	38933	1393	*	*	*	*	*	207297	*
H	38933	83	92.8	+	0	0	520I83M790I	New.CleanUp.ReferenceOTU597 Even1_247716	207297
L	67578	1410	*	*	*	*	*	606063	*
H	67578	100	94.0	+	0	0	474I100M836I	New.CleanUp.ReferenceOTU5974 Even3_274236	606063
H	62180	87	95.4	+	0	0	491I87M854I	New.CleanUp.ReferenceOTU5977 Even3_397405	2224336
H	12256	95	95.8	+	0	0	528I95M879I	New.CleanUp.ReferenceOTU5985 Even2_363958	558081
H	55214	81	96.3	+	0	0	522I81M908I	New.CleanUp.ReferenceOTU5988 Even1_200915	13811
L	91149	1445	*	*	*	*	*	4424063	*
H	91149	100	96.0	+	0	0	486I100M859I	New.CleanUp.ReferenceOTU5989 Even1_281114	4424063
H	21391	95	93.7	+	0	0	495I95M771I	New.CleanUp.ReferenceOTU5991 Even1_147207	342844
N	*	100	*	*	*	*	*	New.CleanUp.ReferenceOTU5994 Even3_375403	*
H	21228	78	94.9	+	0	0	515I78M773I	New.CleanUp.ReferenceOTU5995 Even3_378120	344118
N	*	100	*	*	*	*	*	New.CleanUp.ReferenceOTU5997 Even3_375407	*
H	46140	95	95.8	+	0	0	510I95M852I	New.CleanUp.ReferenceOTU5998 Even2_373162	157921
H	41837	91	94.5	+	0	0	514I91M784I	New.CleanUp.ReferenceOTU6006 Even3_269427	188591
H	42693	79	94.9	+	0	0	498I79M793I	New.CleanUp.ReferenceOTU601 Even3_339561	183783
N	*	100	*	*	*	*	*	New.CleanUp.ReferenceOTU6018 Even2_375456	*
H	17569	100	96.0	+	0	0	528I100M773I	New.CleanUp.ReferenceOTU602 Even1_513	509636
H	45632	92	96.7	+	0	0	547I92M925I	New.CleanUp.ReferenceOTU6022 Even2_252824	161579
H	17852	82	96.3	+	0	0	517I82M936I	New.CleanUp.ReferenceOTU6024 Even1_220374	471180
L	43661	1393	*	*	*	*	*	178746	*
H	43661	87	92.0	+	0	0	517I87M789I	New.CleanUp.ReferenceOTU6027 Even2_277794	178746
N	*	100	*	*	*	*	*	New.CleanUp.ReferenceOTU6030 Even1_378933	*
H	42823	85	96.5	+	0	0	515I85M787I	New.CleanUp.ReferenceOTU6031 Even1_65830	183139
H	42973	95	95.8	+	0	0	517I95M780I	New.CleanUp.ReferenceOTU6032 Even3_163914	182372
H	95565	100	94.0	+	0	0	475I100M869I	New.CleanUp.ReferenceOTU6039 Even1_82879	4470603
H	25548	87	96.6	+	0	0	498I87M771I	New.CleanUp.ReferenceOTU6049 Even3_219906	312586
H	46141	100	95.0	+	0	0	506I100M849I	New.CleanUp.ReferenceOTU6055 Even3_367641	157905
H	76676	93	94.6	+	0	0	512I93M772I	New.CleanUp.ReferenceOTU6056 Even3_290222	777944
L	63885	1438	*	*	*	*	*	2438203	*
H	63885	80	96.2	+	0	0	484I80M874I	New.CleanUp.ReferenceOTU6057 Even3_287196	2438203
L	23720	1360	*	*	*	*	*	326083	*
H	23720	90	96.7	+	0	0	486I90M784I	New.CleanUp.ReferenceOTU6059 Even3_185468	326083
H	4878	87	96.6	+	0	0	516I87M841I	New.CleanUp.ReferenceOTU6065 Even1_144090	788593
L	39713	1400	*	*	*	*	*	199716	*
H	39713	100	92.0	+	0	0	528I100M772I	New.CleanUp.ReferenceOTU6066 Even2_388415	199716
H	19184	100	95.0	+	0	0	506I100M779I	New.CleanUp.ReferenceOTU6068 Even3_276491	362214
L	60150	1543	*	*	*	*	*	1978955	*
H	60150	92	95.7	+	0	0	584I92M867I	New.CleanUp.ReferenceOTU6072 Even2_79746	1978955
H	49443	82	96.3	+	0	0	509I82M884I	New.CleanUp.ReferenceOTU6074 Even2_164884	132041
L	21164	1357	*	*	*	*	*	344525	*
H	21164	84	94.0	+	0	0	505I84M768I	New.CleanUp.ReferenceOTU6075 Even3_16718	344525
H	18828	100	91.0	+	0	0	497I100M768I	New.CleanUp.ReferenceOTU6076 Even1_375569	368418
H	65941	100	92.0	+	0	0	491I100M849I	New.CleanUp.ReferenceOTU6077 Even3_305348	2696706
L	31828	1532	*	*	*	*	*	266967	*
H	31828	81	90.1	+	0	0	542I81M909I	New.CleanUp.ReferenceOTU6081 Even1_223481	266967
H	60474	100	92.0	+	0	0	506I100M757I	New.CleanUp.ReferenceOTU6089 Even2_313338	1022184
H	43114	82	96.3	+	0	0	515I82M792I	New.CleanUp.ReferenceOTU609 Even2_314079	181689
H	17719	76	94.7	+	0	0	496I76M777I	New.CleanUp.ReferenceOTU6091 Even2_50927	505565
H	5672	100	91.0	+	0	0	494I100M746I	New.CleanUp.ReferenceOTU6092 Even3_323302	727945
H	42308	100	96.0	+	0	0	515I100M776I	New.CleanUp.ReferenceOTU6094 Even3_385937	185949
H	24669	82	95.1	+	0	0	515I82M793I	New.CleanUp.ReferenceOTU610 Even2_132734	319165
L	24088	1361	*	*	*	*	*	323325	*
H	24088	100	96.0	+	0	0	506I100M755I	New.CleanUp.ReferenceOTU612 Even1_359672	323325
H	61181	100	96.0	+	0	0	495I100M769I	New.CleanUp.ReferenceOTU6122 Even1_97751	846127
H	66269	100	96.0	+	0	0	492I100M856I	New.CleanUp.ReferenceOTU6127 Even3_247895	2730944
H	27948	100	96.0	+	0	0	528I51MI49M773I	New.CleanUp.ReferenceOTU6136 Even3_20423	296442
H	17731	95	96.8	+	0	0	493I95M755I	New.CleanUp.ReferenceOTU6137 Even3_17404	503372
H	71567	100	92.0	+	0	0	473I92MI8M836I	New.CleanUp.ReferenceOTU6143 Even3_381679	681370
H	16275	100	94.0	+	0	0	522I100M772I	New.CleanUp.ReferenceOTU6145 Even3_216774	522595
H	40890	91	96.7	+	0	0	532I91M777I	New.CleanUp.ReferenceOTU6147 Even1_53283	193623
H	7341	96	94.8	+	0	0	524I96M879I	New.CleanUp.ReferenceOTU615 Even1_367215	610462
H	96156	100	96.0	+	0	0	482I100M867I	New.CleanUp.ReferenceOTU6151 Even3_281543	4476950
L	5831	1333	*	*	*	*	*	716984	*
H	5831	80	90.0	+	0	0	482I40MI40M770I	New.CleanUp.ReferenceOTU6155 Even1_375986	716984
N	*	100	*	*	*	*	*	New.CleanUp.ReferenceOTU6158 Even2_368680	*
H	26053	91	96.7	+	0	0	498I91M783I	New.CleanUp.ReferenceOTU616 Even3_32058	309107
L	57876	1516	*	*	*	*	*	627071	*
H	57876	100	91.0	+	0	0	541I100M875I	New.CleanUp.ReferenceOTU6160 Even1_314319	627071
H	24573	89	96.6	+	0	0	508I89M784I	New.CleanUp.ReferenceOTU6161 Even1_327374	319870
H	55509	100	90.0	+	0	0	513I100M893I	New.CleanUp.ReferenceOTU6162 Even3_75912	10211
H	19496	88	96.6	+	0	0	500I88M765I	New.CleanUp.ReferenceOTU6174 Even1_192938	356760
L	25793	1390	*	*	*	*	*	311080	*
H	25793	92	92.4	+	0	0	514I92M784I	New.CleanUp.ReferenceOTU6178 Even3_346339	311080
H	71987	100	95.0	+	0	0	536I100M904I	New.CleanUp.ReferenceOTU6185 Even3_129377	3441309
L	39725	1393	*	*	*	*	*	199677	*
H	39725	83	94.0	+	0	0	517I83M793I	New.CleanUp.ReferenceOTU6186 Even3_378466	199677
N	*	100	*	*	*	*	*	New.CleanUp.ReferenceOTU6187 Even3_371956	*
H	24573	89	96.6	+	0	0	508I89M784I	New.CleanUp.ReferenceOTU6195 Even1_183176	319870
H	20051	100	94.0	+	0	0	503I100M752I	New.CleanUp.ReferenceOTU6218 Even1_140061	352617
H	8811	93	96.8	+	0	0	507I93M891I	New.CleanUp.ReferenceOTU6222 Even2_115475	584375
H	28993	100	90.0	+	0	0	533I100M774I	New.CleanUp.ReferenceOTU6228 Even2_21341	289925
H	15863	80	92.5	+	0	0	494I80M867I	New.CleanUp.ReferenceOTU6230 Even2_49935	527988
H	55508	100	93.0	+	0	0	513I100M893I	New.CleanUp.ReferenceOTU6231 Even1_371671	10212
N	*	100	*	*	*	*	*	New.CleanUp.ReferenceOTU6232 Even3_364405	*
H	55508	82	96.3	+	0	0	513I82M911I	New.CleanUp.ReferenceOTU6237 Even3_234959	10212
H	19371	88	96.6	+	0	0	487I88M781I	New.CleanUp.ReferenceOTU6247 Even1_275381	359098
N	*	100	*	*	*	*	*	New.CleanUp.ReferenceOTU6248 Even2_386636	*
H	40200	91	95.6	+	0	0	517I91M795I	New.CleanUp.ReferenceOTU6251 Even1_279354	197091
H	24573	100	96.0	+	0	0	508I100M773I	New.CleanUp.ReferenceOTU6255 Even1_279803	319870
H	94935	83	96.4	+	0	0	495I83M868I	New.CleanUp.ReferenceOTU6259 Even3_205274	4464533
H	59343	100	96.0	+	0	0	498I100M850I	New.CleanUp.ReferenceOTU6260 Even2_21001	1888072
L	15363	1496	*	*	*	*	*	533624	*
H	15363	95	91.6	+	0	0	520I95M881I	New.CleanUp.ReferenceOTU6263 Even3_337877	533624
H	1847	94	93.6	+	0	0	481I21MD72M842I	New.CleanUp.ReferenceOTU6264 Even2_371594	4484466
L	44595	1421	*	*	*	*	*	173473	*
H	44595	93	90.3	+	0	0	509I93M819I	New.CleanUp.ReferenceOTU6265 Even2_287425	173473
N	*	96	*	*	*	*	*	New.CleanUp.ReferenceOTU6269 Even1_370850	*
L	16889	1393	*	*	*	*	*	514773	*
H	16889	100	94.0	+	0	0	530I100M763I	New.CleanUp.ReferenceOTU6277 Even3_293865	514773
H	92147	79	94.9	+	0	0	463I79M871I	New.CleanUp.ReferenceOTU6284 Even2_132662	4434334
N	*	93	*	*	*	*	*	New.CleanUp.ReferenceOTU6289 Even2_391006	*
H	52467	100	94.0	+	0	0	516I100M881I	New.CleanUp.ReferenceOTU6298 Even3_345019	87839
H	42052	100	92.0	+	0	0	527I100M774I	New.CleanUp.ReferenceOTU63 Even2_248024	187324
H	17852	85	96.5	+	0	0	517I85M933I	New.CleanUp.ReferenceOTU6305 Even3_127916	471180
H	28096	83	90.4	+	0	0	533I55MI28M792I	New.CleanUp.ReferenceOTU6307 Even1_178725	295590
L	40705	1392	*	*	*	*	*	194512	*
H	40705	100	90.0	+	0	0	517I100M775I	New.CleanUp.ReferenceOTU631 Even2_375274	194512
H	40197	100	96.0	+	0	0	537I92M2D6M767I	New.CleanUp.ReferenceOTU6314 Even3_319463	197105
H	66269	96	96.9	+	0	0	492I96M860I	New.CleanUp.ReferenceOTU6315 Even1_392766	2730944
N	*	100	*	*	*	*	*	New.CleanUp.ReferenceOTU6318 Even2_386597	*
L	89272	1476	*	*	*	*	*	4404736	*
H	89272	85	91.8	+	0	0	502I85M889I	New.CleanUp.ReferenceOTU6319 Even1_42116	4404736
H	68971	94	93.6	+	0	0	488I94M851I	New.CleanUp.ReferenceOTU632 Even1_355370	3064113
L	49957	1371	*	*	*	*	*	114263	*
H	49957	78	96.2	+	0	0	487I78M806I	New.CleanUp.ReferenceOTU6326 Even3_339319	114263
H	47265	96	91.7	+	0	0	469I96M769I	New.CleanUp.ReferenceOTU6328 Even1_24703	149317
N	*	82	*	*	*	*	*	New.CleanUp.ReferenceOTU6332 Even1_181231	*
H	8811	77	96.1	+	0	0	507I77M907I	New.CleanUp.ReferenceOTU6333 Even1_388842	584375
L	41342	1398	*	*	*	*	*	191201	*
H	41342	84	90.5	+	0	0	526I84M788I	New.CleanUp.ReferenceOTU6335 Even3_278021	191201
L	16245	1391	*	*	*	*	*	523051	*
H	16245	76	93.4	+	0	0	525I76M790I	New.CleanUp.ReferenceOTU6336 Even1_375182	523051
H	43052	100	96.0	+	0	0	515I100M775I	New.CleanUp.ReferenceOTU6339 Even2_281861	181990
H	20881	92	96.7	+	0	0	486I92M779I	New.CleanUp.ReferenceOTU6347 Even2_217084	346666
N	*	100	*	*	*	*	*	New.CleanUp.ReferenceOTU6352 Even2_194239	*
L	31250	1330	*	*	*	*	*	270320	*
H	31250	81	90.1	+	0	0	321I81M928I	New.CleanUp.ReferenceOTU6355 Even2_384559	270320
H	26841	100	96.0	+	0	0	523I100M767I	New.CleanUp.ReferenceOTU6357 Even1_235045	303221
H	17852	92	96.7	+	0	0	517I92M926I	New.CleanUp.ReferenceOTU6379 Even2_142787	471180
L	67882	1387	*	*	*	*	*	1148281	*
H	67882	81	90.1	+	0	0	462I81M844I	New.CleanUp.ReferenceOTU6380 Even1_337383	1148281
H	29153	100	93.0	+	0	0	506I100M769I	New.CleanUp.ReferenceOTU6381 Even3_284269	288930
L	90153	1521	*	*	*	*	*	4414242	*
H	90153	92	95.7	+	0	0	513I92M916I	New.CleanUp.ReferenceOTU6389 Even1_267337	4414242
H	17731	100	93.0	+	0	0	493I100M750I	New.CleanUp.ReferenceOTU639 Even2_76683	503372
H	47712	100	96.0	+	0	0	500I100M752I	New.CleanUp.ReferenceOTU6400 Even1_376453	145801
L	3103	1386	*	*	*	*	*	835291	*
H	3103	81	93.8	+	0	0	473I81M832I	New.CleanUp.ReferenceOTU6404 Even1_10217	835291
L	67619	1394	*	*	*	*	*	997909	*
H	67619	100	92.0	+	0	0	437I100M857I	New.CleanUp.ReferenceOTU6405 Even1_287431	997909
H	45632	100	96.0	+	0	0	547I100M917I	New.CleanUp.ReferenceOTU6411 Even2_284342	161579
L	61032	1528	*	*	*	*	*	820375	*
H	61032	96	90.6	+	0	0	521I96M911I	New.CleanUp.ReferenceOTU6412 Even1_250671	820375
H	28096	90	95.6	+	0	0	533I60MI30M785I	New.CleanUp.ReferenceOTU6413 Even2_309968	295590
N	*	79	*	*	*	*	*	New.CleanUp.ReferenceOTU6416 Even2_381699	*
N	*	96	*	*	*	*	*	New.CleanUp.ReferenceOTU6418 Even2_381695	*
H	40675	82	93.9	+	0	0	514I82M793I	New.CleanUp.ReferenceOTU6420 Even3_288770	194659
H	49675	96	96.9	+	0	0	524I96M756I	New.CleanUp.ReferenceOTU6421 Even1_359765	127309
N	*	100	*	*	*	*	*	New.CleanUp.ReferenceOTU6426 Even2_388642	*
H	65569	100	96.0	+	0	0	482I100M855I	New.CleanUp.ReferenceOTU6428 Even1_320929	2654261
H	60528	81	95.1	+	0	0	527I81M852I	New.CleanUp.ReferenceOTU6429 Even3_58940	825989
N	*	88	*	*	*	*	*	New.CleanUp.ReferenceOTU643 Even2_384459	*
H	18724	81	96.3	+	0	0	505I81M783I	New.CleanUp.ReferenceOTU6435 Even1_346516	370225
L	91351	1484	*	*	*	*	*	4425943	*
H	91351	80	93.8	+	0	0	525I80M879I	New.CleanUp.ReferenceOTU6437 Even3_215092	4425943
L	16359	1385	*	*	*	*	*	521431	*
H	16359	100	94.0	+	0	0	517I100M768I	New.CleanUp.ReferenceOTU6442 Even2_351703	521431
H	46105	94	93.6	+	0	0	507I94M853I	New.CleanUp.ReferenceOTU6445 Even1_134403	158215
H	2815	96	96.9	+	0	0	511I96M772I	New.CleanUp.ReferenceOTU6450 Even1_388486	851323
H	40956	88	96.6	+	0	0	514I88M792I	New.CleanUp.ReferenceOTU6452 Even2_46258	193235
H	23217	100	91.0	+	0	0	515I100M776I	New.CleanUp.ReferenceOTU6463 Even2_375422	329662
H	40693	95	95.8	+	0	0	513I95M778I	New.CleanUp.ReferenceOTU6468 Even1_380908	194562
H	92434	100	96.0	+	0	0	467I81MI19M863I	New.CleanUp.ReferenceOTU6469 Even1_136294	4437364
H	42664	100	96.0	+	0	0	514I100M775I	New.CleanUp.ReferenceOTU647 Even1_161854	183873
H	76503	95	96.8	+	0	0	501I95M853I	New.CleanUp.ReferenceOTU6472 Even1_194876	4020502
N	*	100	*	*	*	*	*	New.CleanUp.ReferenceOTU6479 Even3_375461	*
H	30269	81	93.8	+	0	0	515I81M795I	New.CleanUp.ReferenceOTU6481 Even1_17794	276260
H	12256	78	96.2	+	0	0	528I78M896I	New.CleanUp.ReferenceOTU6486 Even1_192768	558081
H	18828	95	92.6	+	0	0	497I95M773I	New.CleanUp.ReferenceOTU649 Even3_386822	368418
H	78575	95	94.7	+	0	0	485I95M867I	New.CleanUp.ReferenceOTU6492 Even3_368062	4281639
H	20067	95	94.7	+	0	0	515I95M782I	New.CleanUp.ReferenceOTU6497 Even1_232028	352529
H	40838	84	96.4	+	0	0	516I84M796I	New.CleanUp.ReferenceOTU6498 Even3_130789	193876
H	55508	100	94.0	+	0	0	513I100M893I	New.CleanUp.ReferenceOTU65 Even2_388582	10212
N	*	100	*	*	*	*	*	New.CleanUp.ReferenceOTU6500 Even3_372010	*
H	61181	100	96.0	+	0	0	495I100M769I	New.CleanUp.ReferenceOTU6506 Even2_258471	846127
H	12256	86	96.5	+	0	0	528I86M888I	New.CleanUp.ReferenceOTU6507 Even2_155655	558081
H	11939	76	96.1	+	0	0	526I76M887I	New.CleanUp.ReferenceOTU6508 Even3_388435	560629
N	*	100	*	*	*	*	*	New.CleanUp.ReferenceOTU6509 Even3_330181	*
H	25979	95	96.8	+	0	0	507I95M777I	New.CleanUp.ReferenceOTU6512 Even3_380995	309696
H	94577	89	96.6	+	0	0	431I89M842I	New.CleanUp.ReferenceOTU6515 Even1_374361	4460263
H	66269	100	96.0	+	0	0	492I100M856I	New.CleanUp.ReferenceOTU6516 Even3_381277	2730944
H	15363	78	94.9	+	0	0	520I78M898I	New.CleanUp.ReferenceOTU6518 Even1_390830	533624
N	*	83	*	*	*	*	*	New.CleanUp.ReferenceOTU6524 Even1_364775	*
H	27529	81	96.3	+	0	0	533I81M796I	New.CleanUp.ReferenceOTU6538 Even3_22046	299151
H	27948	100	90.0	+	0	0	528I100M774I	New.CleanUp.ReferenceOTU6542 Even2_224065	296442
L	95261	1393	*	*	*	*	*	4467447	*
H	95261	96	96.9	+	0	0	500I96M797I	New.CleanUp.ReferenceOTU6543 Even3_281335	4467447
H	55134	100	93.0	+	0	0	512I100M757I	New.CleanUp.ReferenceOTU6544 Even3_19425	14287
H	15084	100	96.0	+	0	0	411I100M817I	New.CleanUp.ReferenceOTU6545 Even1_1733	535955
N	*	82	*	*	*	*	*	New.CleanUp.ReferenceOTU6546 Even2_270988	*
N	*	85	*	*	*	*	*	New.CleanUp.ReferenceOTU6547 Even1_280668	*
H	16275	92	95.7	+	0	0	522I92M780I	New.CleanUp.ReferenceOTU6548 Even3_131250	522595
H	60701	100	95.0	+	0	0	484I100M797I	New.CleanUp.ReferenceOTU6550 Even1_103202	1105928
H	8811	86	96.5	+	0	0	507I86M898I	New.CleanUp.ReferenceOTU6555 Even1_323526	584375
H	31203	94	92.6	+	0	0	503I94M875I	New.CleanUp.ReferenceOTU6557 Even1_323250	270612
H	22094	93	96.8	+	0	0	518I93M887I	New.CleanUp.ReferenceOTU656 Even1_292356	337735
H	42754	100	96.0	+	0	0	525I100M771I	New.CleanUp.ReferenceOTU6561 Even2_281100	183480
H	96557	88	96.6	+	0	0	501I88M769I	New.CleanUp.ReferenceOTU6564 Even2_281451	4480861
H	19400	100	96.0	+	0	0	516I100M758I	New.CleanUp.ReferenceOTU6569 Even2_129820	358493
N	*	100	*	*	*	*	*	New.CleanUp.ReferenceOTU657 Even3_393620	*
H	55508	94	96.8	+	0	0	513I94M899I	New.CleanUp.ReferenceOTU6577 Even2_381449	10212
H	43582	94	94.7	+	0	0	515I94M781I	New.CleanUp.ReferenceOTU6578 Even2_309774	179151
N	*	84	*	*	*	*	*	New.CleanUp.ReferenceOTU6583 Even3_386696	*
L	72383	1385	*	*	*	*	*	3487876	*
H	72383	82	95.1	+	0	0	511I82M792I	New.CleanUp.ReferenceOTU6589 Even3_91145	3487876
H	79272	96	91.7	+	0	0	545I96M885I	New.CleanUp.ReferenceOTU6590 Even2_364662	4300127
H	41159	94	95.7	+	0	0	514I94M781I	New.CleanUp.ReferenceOTU6591 Even1_386411	192133
H	45193	100	95.0	+	0	0	517I100M862I	New.CleanUp.ReferenceOTU6592 Even2_393952	166692
H	55508	100	95.0	+	0	0	513I100M893I	New.CleanUp.ReferenceOTU6599 Even2_44121	10212
H	41817	81	96.3	+	0	0	526I81M789I	New.CleanUp.ReferenceOTU6614 Even3_71703	188706
H	63476	100	92.0	+	0	0	485I100M849I	New.CleanUp.ReferenceOTU662 Even3_360591	2388617
L	51759	1450	*	*	*	*	*	100457	*
H	51759	85	96.5	+	0	0	504I85M861I	New.CleanUp.ReferenceOTU6622 Even2_29601	100457
L	75454	1473	*	*	*	*	*	3892768	*
H	75454	100	90.0	+	0	0	500I100M873I	New.CleanUp.ReferenceOTU6627 Even3_275426	3892768
L	5722	1413	*	*	*	*	*	725048	*
H	5722	82	93.9	+	0	0	526I82M805I	New.CleanUp.ReferenceOTU6628 Even1_388810	725048
H	13352	100	92.0	+	0	0	496I100M886I	New.CleanUp.ReferenceOTU6633 Even3_275429	549232
H	26841	76	96.1	+	0	0	523I76M791I	New.CleanUp.ReferenceOTU6634 Even2_266247	303221
H	77227	94	95.7	+	0	0	502I94M838I	New.CleanUp.ReferenceOTU6637 Even1_309734	1116679
H	16275	100	92.0	+	0	0	522I100M772I	New.CleanUp.ReferenceOTU6639 Even2_290378	522595
H	46105	100	91.0	+	0	0	507I100M847I	New.CleanUp.ReferenceOTU6649 Even2_372092	158215
H	2815	81	96.3	+	0	0	511I81M787I	New.CleanUp.ReferenceOTU6650 Even3_208740	851323
H	24573	95	95.8	+	0	0	508I95M778I	New.CleanUp.ReferenceOTU6653 Even3_29546	319870
N	*	100	*	*	*	*	*	New.CleanUp.ReferenceOTU6655 Even2_371951	*
N	*	100	*	*	*	*	*	New.CleanUp.ReferenceOTU6659 Even3_103540	*
H	16022	81	96.3	+	0	0	488I81M789I	New.CleanUp.ReferenceOTU6663 Even2_350625	525841
H	43720	79	96.2	+	0	0	513I79M793I	New.CleanUp.ReferenceOTU6667 Even2_224573	178447
H	4878	100	96.0	+	0	0	516I100M828I	New.CleanUp.ReferenceOTU6669 Even1_19923	788593
H	55946	94	94.7	+	0	0	475I94M908I	New.CleanUp.ReferenceOTU6675 Even1_395109	3439
H	42973	95	96.8	+	0	0	517I95M780I	New.CleanUp.ReferenceOTU6676 Even2_277204	182372
N	*	100	*	*	*	*	*	New.CleanUp.ReferenceOTU6680 Even3_395274	*
H	55214	100	95.0	+	0	0	522I100M889I	New.CleanUp.ReferenceOTU6683 Even3_281481	13811
N	*	100	*	*	*	*	*	New.CleanUp.ReferenceOTU6685 Even3_378677	*
H	58216	91	91.2	+	0	0	493I91M845I	New.CleanUp.ReferenceOTU6687 Even1_309821	1749791
H	5672	96	93.8	+	0	0	494I96M750I	New.CleanUp.ReferenceOTU6697 Even2_386416	727945
H	15116	100	91.0	+	0	0	483I100M768I	New.CleanUp.ReferenceOTU6700 Even3_193891	535707
H	43114	76	93.4	+	0	0	515I76M798I	New.CleanUp.ReferenceOTU6701 Even3_242795	181689
L	23992	1392	*	*	*	*	*	324236	*
H	23992	100	95.0	+	0	0	515I100M777I	New.CleanUp.ReferenceOTU6703 Even2_166521	324236
H	20439	92	95.7	+	0	0	488I92M782I	New.CleanUp.ReferenceOTU6706 Even3_281469	349902
H	68174	79	96.2	+	0	0	485I79M882I	New.CleanUp.ReferenceOTU6709 Even2_52012	1142029
L	85144	1452	*	*	*	*	*	4361189	*
H	85144	82	92.7	+	0	0	493I82M877I	New.CleanUp.ReferenceOTU6710 Even2_390860	4361189
H	46140	95	95.8	+	0	0	510I95M852I	New.CleanUp.ReferenceOTU6712 Even1_346236	157921
L	55506	1497	*	*	*	*	*	10298	*
H	55506	92	93.5	+	0	0	516I92M889I	New.CleanUp.ReferenceOTU6715 Even1_313919	10298
H	17731	91	96.7	+	0	0	493I91M759I	New.CleanUp.ReferenceOTU6720 Even3_124574	503372
H	81368	90	95.6	+	0	0	481I90M1269I	New.CleanUp.ReferenceOTU6722 Even3_274118	4321292
H	82090	100	96.0	+	0	0	493I100M831I	New.CleanUp.ReferenceOTU6724 Even3_364425	4329132
L	75547	1458	*	*	*	*	*	626817	*
H	75547	84	91.7	+	0	0	500I84M874I	New.CleanUp.ReferenceOTU6725 Even1_356412	626817
H	55214	100	96.0	+	0	0	522I100M889I	New.CleanUp.ReferenceOTU6732 Even2_224298	13811
N	*	100	*	*	*	*	*	New.CleanUp.ReferenceOTU6735 Even2_386614	*
L	16639	1391	*	*	*	*	*	517797	*
H	16639	92	96.7	+	0	0	515I92M784I	New.CleanUp.ReferenceOTU6740 Even2_396297	517797
L	40268	1391	*	*	*	*	*	196749	*
H	40268	81	90.1	+	0	0	515I81M795I	New.CleanUp.ReferenceOTU6742 Even3_375073	196749
H	42460	92	96.7	+	0	0	488I92M780I	New.CleanUp.ReferenceOTU6748 Even3_116406	185159
L	36439	1497	*	*	*	*	*	234113	*
H	36439	84	95.2	+	0	0	517I84M896I	New.CleanUp.ReferenceOTU6749 Even1_9889	234113
L	58082	1471	*	*	*	*	*	730315	*
H	58082	100	91.0	+	0	0	513I100M858I	New.CleanUp.ReferenceOTU6755 Even2_314236	730315
N	*	96	*	*	*	*	*	New.CleanUp.ReferenceOTU6757 Even3_391085	*
L	26745	1374	*	*	*	*	*	303963	*
H	26745	81	93.8	+	0	0	500I81M793I	New.CleanUp.ReferenceOTU6758 Even2_314546	303963
H	17858	95	96.8	+	0	0	519I95M911I	New.CleanUp.ReferenceOTU6761 Even3_70615	470117
H	70578	90	94.4	+	0	0	489I90M861I	New.CleanUp.ReferenceOTU6763 Even2_203718	3265161
L	40057	1387	*	*	*	*	*	197864	*
H	40057	100	94.0	+	0	0	517I87M2I13M768I	New.CleanUp.ReferenceOTU6764 Even2_391021	197864
H	26524	87	92.0	+	0	0	515I87M752I	New.CleanUp.ReferenceOTU6769 Even3_297484	305477
L	23663	1393	*	*	*	*	*	326482	*
H	23663	87	93.1	+	0	0	521I87M785I	New.CleanUp.ReferenceOTU6771 Even3_279407	326482
L	72454	1459	*	*	*	*	*	776657	*
H	72454	100	95.0	+	0	0	500I100M859I	New.CleanUp.ReferenceOTU6773 Even3_66468	776657
H	41419	92	95.7	+	0	0	516I92M788I	New.CleanUp.ReferenceOTU6774 Even2_242299	190772
H	47712	96	90.6	+	0	0	500I96M756I	New.CleanUp.ReferenceOTU6775 Even1_351323	145801
N	*	100	*	*	*	*	*	New.CleanUp.ReferenceOTU6784 Even3_372182	*
H	15084	92	93.5	+	0	0	411I92M825I	New.CleanUp.ReferenceOTU6790 Even2_340788	535955
H	13352	81	95.1	+	0	0	496I81M905I	New.CleanUp.ReferenceOTU6791 Even1_281130	549232
H	58216	87	93.1	+	0	0	493I87M849I	New.CleanUp.ReferenceOTU6793 Even2_302106	1749791
H	53078	95	96.8	+	0	0	496I95M811I	New.CleanUp.ReferenceOTU6794 Even2_305332	72820
H	25643	100	91.0	+	0	0	525I100M768I	New.CleanUp.ReferenceOTU6796 Even1_293682	311961
H	94935	91	93.4	+	0	0	495I91M860I	New.CleanUp.ReferenceOTU6810 Even2_290169	4464533
H	84655	100	90.0	+	0	0	463I100M836I	New.CleanUp.ReferenceOTU6813 Even2_290167	4355601
N	*	100	*	*	*	*	*	New.CleanUp.ReferenceOTU6824 Even2_384574	*
H	46105	94	96.8	+	0	0	507I94M853I	New.CleanUp.ReferenceOTU6827 Even3_35129	158215
H	76771	92	96.7	+	0	0	488I92M885I	New.CleanUp.ReferenceOTU6828 Even1_363667	807226
H	63344	100	91.0	+	0	0	494I100M754I	New.CleanUp.ReferenceOTU6829 Even3_341978	996970
N	*	100	*	*	*	*	*	New.CleanUp.ReferenceOTU6830 Even1_368394	*
H	68174	90	92.2	+	0	0	485I90M871I	New.CleanUp.ReferenceOTU6831 Even1_302070	1142029
H	83861	100	93.0	+	0	0	499I100M760I	New.CleanUp.ReferenceOTU6832 Even1_302078	4347159
H	17731	100	95.0	+	0	0	493I100M750I	New.CleanUp.ReferenceOTU6835 Even3_392851	503372
H	17731	100	95.0	+	0	0	493I100M750I	New.CleanUp.ReferenceOTU6840 Even2_385222	503372
H	58003	100	94.0	+	0	0	495I100M841I	New.CleanUp.ReferenceOTU6843 Even3_284200	1721299
H	28254	86	91.9	+	0	0	490I86M756I	New.CleanUp.ReferenceOTU6846 Even3_360421	294499
L	25188	1361	*	*	*	*	*	315348	*
H	25188	91	96.7	+	0	0	486I91M784I	New.CleanUp.ReferenceOTU6849 Even2_265729	315348
H	8811	94	95.7	+	0	0	507I94M890I	New.CleanUp.ReferenceOTU685 Even1_378288	584375
H	39891	84	96.4	+	0	0	528I84M790I	New.CleanUp.ReferenceOTU6850 Even2_40234	198788
H	42465	91	93.4	+	0	0	514I91M784I	New.CleanUp.ReferenceOTU6851 Even3_8949	185140
L	7374	1354	*	*	*	*	*	607877	*
H	7374	100	94.0	+	0	0	496I100M758I	New.CleanUp.ReferenceOTU6852 Even1_269215	607877
H	86179	100	93.0	+	0	0	530I100M770I	New.CleanUp.ReferenceOTU6853 Even1_8981	4372058
H	18897	100	93.0	+	0	0	511I100M760I	New.CleanUp.ReferenceOTU6854 Even1_93360	367215
H	60031	84	96.4	+	0	0	468I84M874I	New.CleanUp.ReferenceOTU6855 Even3_162327	1960569
H	13133	81	96.3	+	0	0	475I81M863I	New.CleanUp.ReferenceOTU6859 Even1_82050	550960
L	74483	1450	*	*	*	*	*	3767933	*
H	74483	96	92.7	+	0	0	495I96M859I	New.CleanUp.ReferenceOTU6863 Even3_104355	3767933
H	69259	95	94.7	+	0	0	488I95M858I	New.CleanUp.ReferenceOTU6864 Even1_371607	3101394
H	42973	79	96.2	+	0	0	517I79M796I	New.CleanUp.ReferenceOTU687 Even2_215041	182372
H	36452	100	96.0	+	0	0	416I100M888I	New.CleanUp.ReferenceOTU6871 Even3_217612	233993
H	55508	100	94.0	+	0	0	513I100M893I	New.CleanUp.ReferenceOTU6873 Even3_301995	10212
N	*	100	*	*	*	*	*	New.CleanUp.ReferenceOTU6875 Even3_397319	*
H	41562	84	92.9	+	0	0	516I84M790I	New.CleanUp.ReferenceOTU6881 Even1_25538	190003
H	65569	82	96.3	+	0	0	482I82M873I	New.CleanUp.ReferenceOTU6882 Even1_323926	2654261
H	60939	95	93.7	+	0	0	493I95M846I	New.CleanUp.ReferenceOTU6887 Even1_309961	2075910
H	54237	100	95.0	+	0	0	492I100M865I	New.CleanUp.ReferenceOTU6888 Even3_227480	38357
H	40426	100	96.0	+	0	0	517I100M775I	New.CleanUp.ReferenceOTU6890 Even1_293870	195883
H	17850	100	96.0	+	0	0	528I100M919I	New.CleanUp.ReferenceOTU6897 Even3_351180	484304
N	*	100	*	*	*	*	*	New.CleanUp.ReferenceOTU6901 Even2_388661	*
H	17853	100	95.0	+	0	0	414I100M909I	New.CleanUp.ReferenceOTU6904 Even2_4428	471159
H	18947	100	96.0	+	0	0	526I100M763I	New.CleanUp.ReferenceOTU6906 Even2_351722	366386
H	17731	100	96.0	+	0	0	493I100M750I	New.CleanUp.ReferenceOTU6910 Even2_237621	503372
H	69259	81	96.3	+	0	0	488I81M872I	New.CleanUp.ReferenceOTU6917 Even2_332367	3101394
H	73775	94	96.8	+	0	0	483I94M854I	New.CleanUp.ReferenceOTU6920 Even2_287291	3682570
H	17731	96	93.8	+	0	0	493I96M754I	New.CleanUp.ReferenceOTU6928 Even2_42797	503372
L	28082	1388	*	*	*	*	*	295705	*
H	28082	90	94.4	+	0	0	522I90M776I	New.CleanUp.ReferenceOTU6936 Even3_178804	295705
H	49443	100	94.0	+	0	0	509I100M866I	New.CleanUp.ReferenceOTU6937 Even2_313544	132041
L	38416	1481	*	*	*	*	*	212634	*
H	38416	82	96.3	+	0	0	503I82M896I	New.CleanUp.ReferenceOTU6939 Even3_124969	212634
H	20812	80	95.0	+	0	0	500I80M795I	New.CleanUp.ReferenceOTU6940 Even1_280864	347131
N	*	79	*	*	*	*	*	New.CleanUp.ReferenceOTU6948 Even2_216548	*
L	54960	1513	*	*	*	*	*	16144	*
H	54960	85	91.8	+	0	0	506I85M922I	New.CleanUp.ReferenceOTU6949 Even3_272602	16144
H	36436	90	96.7	+	0	0	465I90M887I	New.CleanUp.ReferenceOTU695 Even1_326922	234148
H	26031	92	93.5	+	0	0	514I92M751I	New.CleanUp.ReferenceOTU6950 Even2_297256	309279
H	46141	86	96.5	+	0	0	506I86M863I	New.CleanUp.ReferenceOTU6952 Even1_275225	157905
L	77679	1386	*	*	*	*	*	1145927	*
H	77679	82	90.2	+	0	0	480I82M824I	New.CleanUp.ReferenceOTU6958 Even2_88491	1145927
L	80393	1376	*	*	*	*	*	4311535	*
H	80393	100	90.0	+	0	0	455I100M821I	New.CleanUp.ReferenceOTU696 Even2_393604	4311535
N	*	100	*	*	*	*	*	New.CleanUp.ReferenceOTU6963 Even3_384507	*
N	*	95	*	*	*	*	*	New.CleanUp.ReferenceOTU6964 Even3_384506	*
L	71221	1451	*	*	*	*	*	688067	*
H	71221	90	90.0	+	0	0	506I90M855I	New.CleanUp.ReferenceOTU6967 Even2_333295	688067
H	23641	100	90.0	+	0	0	508I100M770I	New.CleanUp.ReferenceOTU6969 Even1_364758	326626
L	70792	1436	*	*	*	*	*	3291730	*
H	70792	83	96.4	+	0	0	479I83M874I	New.CleanUp.ReferenceOTU6970 Even1_364024	3291730
H	47712	100	96.0	+	0	0	500I100M752I	New.CleanUp.ReferenceOTU6971 Even2_16546	145801
H	82713	88	96.6	+	0	0	425I88M919I	New.CleanUp.ReferenceOTU6980 Even1_314433	4335781
H	86869	100	94.0	+	0	0	502I100M839I	New.CleanUp.ReferenceOTU6984 Even3_297350	4379411
H	94577	94	96.8	+	0	0	431I94M837I	New.CleanUp.ReferenceOTU6988 Even3_378160	4460263
H	66269	94	96.8	+	0	0	492I94M862I	New.CleanUp.ReferenceOTU6989 Even3_268840	2730944
H	61436	95	90.5	+	0	0	491I95M852I	New.CleanUp.ReferenceOTU6997 Even1_368665	2134452
H	17855	80	96.2	+	0	0	533I80M768I	New.CleanUp.ReferenceOTU70 Even1_280871	470879
H	22788	96	91.7	+	0	0	548I96M778I	New.CleanUp.ReferenceOTU7002 Even1_317588	332718
H	45632	85	96.5	+	0	0	547I85M932I	New.CleanUp.ReferenceOTU7011 Even1_49626	161579
H	26272	100	96.0	+	0	0	528I100M772I	New.CleanUp.ReferenceOTU7014 Even1_43616	307571
L	83175	1432	*	*	*	*	*	4340358	*
H	83175	100	95.0	+	0	0	484I100M848I	New.CleanUp.ReferenceOTU7020 Even1_393293	4340358
N	*	93	*	*	*	*	*	New.CleanUp.ReferenceOTU7024 Even1_323505	*
H	12256	100	95.0	+	0	0	528I100M874I	New.CleanUp.ReferenceOTU7025 Even2_281439	558081
H	4878	100	95.0	+	0	0	516I100M828I	New.CleanUp.ReferenceOTU7027 Even2_79560	788593
H	21062	95	91.6	+	0	0	490I95M781I	New.CleanUp.ReferenceOTU7041 Even3_386812	345246
N	*	100	*	*	*	*	*	New.CleanUp.ReferenceOTU7042 Even3_386811	*
H	23578	80	96.2	+	0	0	488I80M787I	New.CleanUp.ReferenceOTU7050 Even1_229679	327076
H	18866	100	96.0	+	0	0	487I100M763I	New.CleanUp.ReferenceOTU7052 Even2_79788	367813
H	61260	83	94.0	+	0	0	507I83M888I	New.CleanUp.ReferenceOTU7055 Even2_207124	619140
H	20605	100	96.0	+	0	0	515I100M770I	New.CleanUp.ReferenceOTU7059 Even2_44105	348751
H	17731	96	96.9	+	0	0	493I96M754I	New.CleanUp.ReferenceOTU7062 Even2_383955	503372
H	19120	89	95.5	+	0	0	524I89M786I	New.CleanUp.ReferenceOTU7065 Even1_304723	363232
L	59517	1470	*	*	*	*	*	1906635	*
H	59517	95	93.7	+	0	0	487I95M888I	New.CleanUp.ReferenceOTU707 Even2_384231	1906635
H	40493	100	96.0	+	0	0	527I100M770I	New.CleanUp.ReferenceOTU7071 Even3_31782	195508
H	47712	100	94.0	+	0	0	500I100M752I	New.CleanUp.ReferenceOTU7072 Even1_385124	145801
N	*	83	*	*	*	*	*	New.CleanUp.ReferenceOTU7073 Even3_31786	*
H	18724	95	95.8	+	0	0	505I95M769I	New.CleanUp.ReferenceOTU7076 Even1_124093	370225
H	26053	96	90.6	+	0	0	498I96M778I	New.CleanUp.ReferenceOTU7082 Even2_280526	309107
L	86442	1506	*	*	*	*	*	4375000	*
H	86442	100	95.0	+	0	0	526I100M880I	New.CleanUp.ReferenceOTU7083 Even2_95221	4375000
H	43268	86	94.2	+	0	0	517I86M792I	New.CleanUp.ReferenceOTU7085 Even2_280522	180795
L	50804	1499	*	*	*	*	*	108706	*
H	50804	93	91.4	+	0	0	515I93M891I	New.CleanUp.ReferenceOTU7090 Even1_131709	108706
H	61851	94	96.8	+	0	0	491I94M847I	New.CleanUp.ReferenceOTU7093 Even1_372760	2189140
H	41698	100	90.0	+	0	0	517I100M775I	New.CleanUp.ReferenceOTU7094 Even3_328124	189296
H	85910	92	96.7	+	0	0	481I92M856I	New.CleanUp.ReferenceOTU71 Even1_280877	4369327
H	12829	86	96.5	+	0	0	488I86M876I	New.CleanUp.ReferenceOTU7107 Even1_225176	553611
H	16275	94	96.8	+	0	0	522I94M778I	New.CleanUp.ReferenceOTU7112 Even2_282964	522595
H	92147	92	94.6	+	0	0	463I92M858I	New.CleanUp.ReferenceOTU7113 Even2_369044	4434334
H	87434	100	96.0	+	0	0	504I100M845I	New.CleanUp.ReferenceOTU7115 Even1_76013	4385318
H	45193	85	96.5	+	0	0	517I85M877I	New.CleanUp.ReferenceOTU7126 Even2_245212	166692
H	17731	100	96.0	+	0	0	493I100M750I	New.CleanUp.ReferenceOTU7133 Even3_318440	503372
N	*	100	*	*	*	*	*	New.CleanUp.ReferenceOTU7139 Even3_395257	*
H	86789	93	92.5	+	0	0	486I93M860I	New.CleanUp.ReferenceOTU7140 Even2_397051	4378519
H	80180	93	96.8	+	0	0	483I93M843I	New.CleanUp.ReferenceOTU7150 Even2_34667	4309033
N	*	100	*	*	*	*	*	New.CleanUp.ReferenceOTU7151 Even2_390884	*
H	81756	95	93.7	+	0	0	512I95M852I	New.CleanUp.ReferenceOTU7152 Even3_281448	4325533
L	49090	1402	*	*	*	*	*	136276	*
H	49090	100	96.0	+	0	0	468I100M834I	New.CleanUp.ReferenceOTU7180 Even1_114931	136276
H	77227	95	92.6	+	0	0	502I95M837I	New.CleanUp.ReferenceOTU7182 Even2_388436	1116679
L	34797	1483	*	*	*	*	*	246449	*
H	34797	100	93.0	+	0	0	501I100M882I	New.CleanUp.ReferenceOTU7185 Even2_356365	246449
H	27088	100	94.0	+	0	0	522I100M774I	New.CleanUp.ReferenceOTU7188 Even2_356362	301608
L	62737	1383	*	*	*	*	*	816209	*
H	62737	77	93.5	+	0	0	468I77M838I	New.CleanUp.ReferenceOTU7189 Even3_96629	816209
H	70203	100	91.0	+	0	0	514I100M756I	New.CleanUp.ReferenceOTU7190 Even1_305436	859700
H	55508	100	93.0	+	0	0	513I100M893I	New.CleanUp.ReferenceOTU7195 Even2_314216	10212
L	42758	1386	*	*	*	*	*	183467	*
H	42758	95	90.5	+	0	0	513I95M778I	New.CleanUp.ReferenceOTU720 Even1_368465	183467
H	44065	76	96.1	+	0	0	518I76M811I	New.CleanUp.ReferenceOTU7200 Even3_53950	176604
H	55134	100	94.0	+	0	0	512I100M757I	New.CleanUp.ReferenceOTU7205 Even1_213808	14287
L	26135	1362	*	*	*	*	*	308444	*
H	26135	80	92.5	+	0	0	488I80M794I	New.CleanUp.ReferenceOTU7209 Even2_140196	308444
H	78575	96	96.9	+	0	0	485I96M866I	New.CleanUp.ReferenceOTU721 Even3_390306	4281639
H	17852	95	95.8	+	0	0	517I95M923I	New.CleanUp.ReferenceOTU7214 Even1_283853	471180
H	42693	100	96.0	+	0	0	498I100M772I	New.CleanUp.ReferenceOTU7216 Even1_107639	183783
H	82162	76	93.4	+	0	0	488I76M877I	New.CleanUp.ReferenceOTU7221 Even2_370976	4330000
N	*	79	*	*	*	*	*	New.CleanUp.ReferenceOTU7227 Even3_117595	*
H	21074	82	90.2	+	0	0	515I82M772I	New.CleanUp.ReferenceOTU7229 Even2_222829	345172
H	61436	100	91.0	+	0	0	491I100M847I	New.CleanUp.ReferenceOTU723 Even3_280575	2134452
N	*	100	*	*	*	*	*	New.CleanUp.ReferenceOTU7232 Even2_61125	*
H	86789	89	96.6	+	0	0	486I89M864I	New.CleanUp.ReferenceOTU7245 Even3_383564	4378519
H	40890	100	95.0	+	0	0	532I100M768I	New.CleanUp.ReferenceOTU725 Even3_393165	193623
H	61436	100	95.0	+	0	0	491I100M847I	New.CleanUp.ReferenceOTU7252 Even1_290201	2134452
L	73122	1403	*	*	*	*	*	721704	*
H	73122	100	96.0	+	0	0	470I100M833I	New.CleanUp.ReferenceOTU7259 Even1_142398	721704
N	*	83	*	*	*	*	*	New.CleanUp.ReferenceOTU7260 Even1_345709	*
H	11948	100	91.0	+	0	0	504I100M876I	New.CleanUp.ReferenceOTU7261 Even3_328284	560535
H	44146	100	92.0	+	0	0	524I100M770I	New.CleanUp.ReferenceOTU7262 Even3_203649	176108
N	*	100	*	*	*	*	*	New.CleanUp.ReferenceOTU7270 Even1_156013	*
H	68174	100	96.0	+	0	0	485I100M861I	New.CleanUp.ReferenceOTU7278 Even3_44197	1142029
N	*	100	*	*	*	*	*	New.CleanUp.ReferenceOTU7279 Even2_393501	*
H	71567	100	96.0	+	0	0	473I92MI8M836I	New.CleanUp.ReferenceOTU7286 Even3_341919	681370
H	18993	100	96.0	+	0	0	526I100M758I	New.CleanUp.ReferenceOTU729 Even3_277830	365496
L	65107	1458	*	*	*	*	*	828474	*
H	65107	81	90.1	+	0	0	513I81M864I	New.CleanUp.ReferenceOTU7290 Even3_6249	828474
N	*	85	*	*	*	*	*	New.CleanUp.ReferenceOTU7297 Even2_272629	*
H	94577	100	92.0	+	0	0	431I100M831I	New.CleanUp.ReferenceOTU7299 Even1_372245	4460263
H	9111	83	91.6	+	0	0	487I83M897I	New.CleanUp.ReferenceOTU7301 Even3_386715	582379
L	83710	1485	*	*	*	*	*	4345333	*
H	83710	76	96.1	+	0	0	509I53M2I23M898I	New.CleanUp.ReferenceOTU7306 Even3_196303	4345333
H	26659	85	91.8	+	0	0	515I85M790I	New.CleanUp.ReferenceOTU7307 Even1_3832	304568
L	28367	1403	*	*	*	*	*	293717	*
H	28367	84	94.0	+	0	0	529I84M790I	New.CleanUp.ReferenceOTU7311 Even1_276117	293717
H	17719	83	95.2	+	0	0	496I83M770I	New.CleanUp.ReferenceOTU7313 Even1_217925	505565
H	28254	92	96.7	+	0	0	490I92M750I	New.CleanUp.ReferenceOTU7315 Even1_272124	294499
H	42693	94	95.7	+	0	0	498I94M778I	New.CleanUp.ReferenceOTU7317 Even1_31520	183783
N	*	100	*	*	*	*	*	New.CleanUp.ReferenceOTU732 Even2_390899	*
H	52269	80	91.2	+	0	0	524I80M899I	New.CleanUp.ReferenceOTU7324 Even1_36357	91557
H	36439	92	95.7	+	0	0	517I92M888I	New.CleanUp.ReferenceOTU7325 Even1_190228	234113
N	*	100	*	*	*	*	*	New.CleanUp.ReferenceOTU733 Even2_390898	*
H	82016	89	94.4	+	0	0	506I89M890I	New.CleanUp.ReferenceOTU7335 Even1_296475	4328299
N	*	84	*	*	*	*	*	New.CleanUp.ReferenceOTU7337 Even3_277340	*
H	13352	100	90.0	+	0	0	496I100M886I	New.CleanUp.ReferenceOTU7343 Even2_375379	549232
L	28123	1389	*	*	*	*	*	295370	*
H	28123	92	90.2	+	0	0	514I92M783I	New.CleanUp.ReferenceOTU7345 Even3_284229	295370
H	39357	89	94.4	+	0	0	480I89M902I	New.CleanUp.ReferenceOTU7346 Even2_107374	202829
H	17850	84	95.2	+	0	0	528I84M935I	New.CleanUp.ReferenceOTU7349 Even1_313490	484304
H	60939	96	91.7	+	0	0	493I96M845I	New.CleanUp.ReferenceOTU7350 Even3_284220	2075910
N	*	86	*	*	*	*	*	New.CleanUp.ReferenceOTU7352 Even1_306241	*
L	41262	1339	*	*	*	*	*	191595	*
H	41262	84	92.9	+	0	0	466I84M789I	New.CleanUp.ReferenceOTU7355 Even2_284384	191595
H	25853	100	96.0	+	0	0	517I100M772I	New.CleanUp.ReferenceOTU7357 Even2_284381	310669
H	17731	92	95.7	+	0	0	493I92M758I	New.CleanUp.ReferenceOTU7358 Even2_273572	503372
L	24216	1370	*	*	*	*	*	322367	*
H	24216	94	94.7	+	0	0	497I94M779I	New.CleanUp.ReferenceOTU7360 Even2_300751	322367
L	543	1359	*	*	*	*	*	1102554	*
H	543	100	94.0	+	0	0	500I87MI13M758I	New.CleanUp.ReferenceOTU7365 Even2_397024	1102554
H	17719	82	95.1	+	0	0	496I82M771I	New.CleanUp.ReferenceOTU7366 Even3_23908	505565
L	95240	1427	*	*	*	*	*	4467347	*
H	95240	83	92.8	+	0	0	482I83M862I	New.CleanUp.ReferenceOTU7367 Even3_279069	4467347
L	43141	1400	*	*	*	*	*	181539	*
H	43141	82	91.5	+	0	0	528I82M790I	New.CleanUp.ReferenceOTU7369 Even2_240028	181539
H	76590	100	96.0	+	0	0	498I100M830I	New.CleanUp.ReferenceOTU737 Even1_279957	4029632
H	26006	91	93.4	+	0	0	504I91M786I	New.CleanUp.ReferenceOTU7372 Even1_314147	309480
N	*	95	*	*	*	*	*	New.CleanUp.ReferenceOTU7373 Even2_85394	*
H	40890	85	95.3	+	0	0	532I85M783I	New.CleanUp.ReferenceOTU7374 Even3_288013	193623
H	84255	92	96.7	+	0	0	508I92M765I	New.CleanUp.ReferenceOTU7375 Even2_70910	4351284
H	7857	84	95.2	+	0	0	503I84M758I	New.CleanUp.ReferenceOTU7378 Even3_265488	591285
H	19064	85	96.5	+	0	0	523I85M774I	New.CleanUp.ReferenceOTU738 Even2_9087	364179
N	*	91	*	*	*	*	*	New.CleanUp.ReferenceOTU7382 Even3_397283	*
H	15863	93	95.7	+	0	0	494I93M854I	New.CleanUp.ReferenceOTU7383 Even1_346735	527988
H	61450	78	96.2	+	0	0	505I78M825I	New.CleanUp.ReferenceOTU7385 Even3_185064	2137001
N	*	100	*	*	*	*	*	New.CleanUp.ReferenceOTU7388 Even2_397264	*
H	28433	79	96.2	+	0	0	520I79M775I	New.CleanUp.ReferenceOTU739 Even1_64584	293262
H	905	100	91.0	+	0	0	446I100M834I	New.CleanUp.ReferenceOTU7392 Even2_98662	1063126
L	40670	1396	*	*	*	*	*	194670	*
H	40670	100	93.0	+	0	0	526I100M770I	New.CleanUp.ReferenceOTU7393 Even3_314097	194670
N	*	100	*	*	*	*	*	New.CleanUp.ReferenceOTU74 Even2_375413	*
N	*	95	*	*	*	*	*	New.CleanUp.ReferenceOTU740 Even2_337395	*
H	29368	100	96.0	+	0	0	532I100M766I	New.CleanUp.ReferenceOTU7403 Even1_333311	287510
H	36404	77	96.1	+	0	0	522I77M885I	New.CleanUp.ReferenceOTU7407 Even1_131916	234515
L	96246	1415	*	*	*	*	*	4477861	*
H	96246	91	93.4	+	0	0	482I91M842I	New.CleanUp.ReferenceOTU7415 Even1_277580	4477861
H	94427	79	96.2	+	0	0	477I79M884I	New.CleanUp.ReferenceOTU7417 Even2_225044	4458634
H	58216	89	93.3	+	0	0	493I89M847I	New.CleanUp.ReferenceOTU7419 Even3_397417	1749791
H	4878	90	95.6	+	0	0	516I90M838I	New.CleanUp.ReferenceOTU7421 Even1_278728	788593
H	12256	94	94.7	+	0	0	528I94M880I	New.CleanUp.ReferenceOTU7431 Even3_297119	558081
H	1471	100	95.0	+	0	0	497I100M831I	New.CleanUp.ReferenceOTU7434 Even2_19720	997439
H	15084	91	96.7	+	0	0	411I91M826I	New.CleanUp.ReferenceOTU7438 Even1_162646	535955
N	*	100	*	*	*	*	*	New.CleanUp.ReferenceOTU7444 Even3_384529	*
H	92986	93	96.8	+	0	0	484I93M865I	New.CleanUp.ReferenceOTU7446 Even2_296275	4443172
H	3327	84	94.0	+	0	0	389I84M879I	New.CleanUp.ReferenceOTU7447 Even3_33086	829240
L	36532	1477	*	*	*	*	*	232828	*
H	36532	78	93.6	+	0	0	494I78M905I	New.CleanUp.ReferenceOTU7449 Even2_386395	232828
N	*	85	*	*	*	*	*	New.CleanUp.ReferenceOTU7458 Even2_395225	*
H	78575	96	96.9	+	0	0	485I96M866I	New.CleanUp.ReferenceOTU7461 Even3_388380	4281639
H	22686	89	94.4	+	0	0	519I89M784I	New.CleanUp.ReferenceOTU7464 Even1_279587	333412
L	26922	1373	*	*	*	*	*	302655	*
H	26922	79	92.4	+	0	0	511I79M783I	New.CleanUp.ReferenceOTU7467 Even1_253147	302655
N	*	100	*	*	*	*	*	New.CleanUp.ReferenceOTU7478 Even3_384382	*
L	44567	1380	*	*	*	*	*	173811	*
H	44567	81	90.1	+	0	0	506I81M793I	New.CleanUp.ReferenceOTU748 Even2_387394	173811
H	40197	100	96.0	+	0	0	537I100M765I	New.CleanUp.ReferenceOTU7481 Even1_323741	197105
H	66087	95	96.8	+	0	0	466I95M820I	New.CleanUp.ReferenceOTU7482 Even2_275351	1122622
L	29344	1390	*	*	*	*	*	287645	*
H	29344	92	95.7	+	0	0	515I92M783I	New.CleanUp.ReferenceOTU7485 Even1_138187	287645
N	*	92	*	*	*	*	*	New.CleanUp.ReferenceOTU7489 Even3_388716	*
H	12256	100	96.0	+	0	0	528I100M874I	New.CleanUp.ReferenceOTU7490 Even3_117104	558081
H	19496	100	96.0	+	0	0	500I100M753I	New.CleanUp.ReferenceOTU7495 Even3_367807	356760
H	91847	100	95.0	+	0	0	494I100M845I	New.CleanUp.ReferenceOTU7496 Even3_100193	4431558
L	77476	1454	*	*	*	*	*	4143457	*
H	77476	81	96.3	+	0	0	491I81M882I	New.CleanUp.ReferenceOTU7499 Even3_100199	4143457
H	66937	85	96.5	+	0	0	488I85M907I	New.CleanUp.ReferenceOTU75 Even2_375411	652696
H	40197	87	95.4	+	0	0	537I87M778I	New.CleanUp.ReferenceOTU7500 Even1_277984	197105
H	59933	78	96.2	+	0	0	490I78M864I	New.CleanUp.ReferenceOTU7503 Even2_195373	1950496
L	85223	1498	*	*	*	*	*	4362028	*
H	85223	95	94.7	+	0	0	520I95M883I	New.CleanUp.ReferenceOTU7511 Even2_314003	4362028
H	25018	87	93.1	+	0	0	498I87M787I	New.CleanUp.ReferenceOTU7513 Even3_342021	316675
H	12256	100	91.0	+	0	0	528I100M874I	New.CleanUp.ReferenceOTU7514 Even2_68777	558081
H	42553	100	95.0	+	0	0	525I100M770I	New.CleanUp.ReferenceOTU7521 Even1_281612	184567
H	43537	100	95.0	+	0	0	488I100M774I	New.CleanUp.ReferenceOTU7527 Even3_363851	179423
H	27448	95	93.7	+	0	0	533I95M776I	New.CleanUp.ReferenceOTU7530 Even2_381403	299659
H	46140	100	91.0	+	0	0	510I100M847I	New.CleanUp.ReferenceOTU7532 Even2_318968	157921
H	25853	100	94.0	+	0	0	517I100M772I	New.CleanUp.ReferenceOTU7533 Even3_341618	310669
N	*	92	*	*	*	*	*	New.CleanUp.ReferenceOTU7535 Even2_384384	*
H	67269	78	96.2	+	0	0	491I78M876I	New.CleanUp.ReferenceOTU7539 Even3_280484	2854740
L	68578	1446	*	*	*	*	*	3014082	*
H	68578	100	96.0	+	0	0	499I100M847I	New.CleanUp.ReferenceOTU7540 Even3_304945	3014082
H	19496	100	96.0	+	0	0	500I100M753I	New.CleanUp.ReferenceOTU7541 Even1_389816	356760
H	37423	100	93.0	+	0	0	529I100M780I	New.CleanUp.ReferenceOTU7542 Even1_297405	222706
H	55134	80	95.0	+	0	0	512I80M777I	New.CleanUp.ReferenceOTU7545 Even2_172871	14287
H	40266	83	96.4	+	0	0	489I83M789I	New.CleanUp.ReferenceOTU7546 Even1_12631	196769
H	16293	96	92.7	+	0	0	518I96M768I	New.CleanUp.ReferenceOTU755 Even1_375863	522353
H	17719	83	95.2	+	0	0	496I83M770I	New.CleanUp.ReferenceOTU7553 Even1_225049	505565
H	43402	100	93.0	+	0	0	532I100M771I	New.CleanUp.ReferenceOTU7557 Even3_266113	180112
N	*	100	*	*	*	*	*	New.CleanUp.ReferenceOTU7563 Even1_337803	*
H	15162	100	95.0	+	0	0	528I100M770I	New.CleanUp.ReferenceOTU7566 Even2_284374	535375
H	49443	100	94.0	+	0	0	509I100M866I	New.CleanUp.ReferenceOTU7567 Even2_227038	132041
H	60528	100	93.0	+	0	0	527I100M833I	New.CleanUp.ReferenceOTU7569 Even2_105224	825989
H	42027	100	93.0	+	0	0	523I100M771I	New.CleanUp.ReferenceOTU7572 Even2_375671	187443
H	18993	100	96.0	+	0	0	526I100M758I	New.CleanUp.ReferenceOTU7582 Even3_280886	365496
H	17858	96	96.9	+	0	0	519I96M910I	New.CleanUp.ReferenceOTU7587 Even2_393331	470117
H	46105	100	94.0	+	0	0	507I100M847I	New.CleanUp.ReferenceOTU7589 Even2_277390	158215
H	41562	100	92.0	+	0	0	516I100M774I	New.CleanUp.ReferenceOTU759 Even3_277344	190003
H	40404	100	95.0	+	0	0	517I100M780I	New.CleanUp.ReferenceOTU7596 Even2_318589	195999
H	17731	96	94.8	+	0	0	493I96M754I	New.CleanUp.ReferenceOTU760 Even2_281637	503372
H	23917	100	96.0	+	0	0	520I100M764I	New.CleanUp.ReferenceOTU7601 Even3_90414	324733
H	27555	95	96.8	+	0	0	533I95M774I	New.CleanUp.ReferenceOTU7604 Even3_275269	298988
H	64825	83	96.4	+	0	0	501I83M929I	New.CleanUp.ReferenceOTU7613 Even3_8486	813479
L	43196	1394	*	*	*	*	*	181204	*
H	43196	100	96.0	+	0	0	527I100M767I	New.CleanUp.ReferenceOTU7616 Even2_31077	181204
N	*	94	*	*	*	*	*	New.CleanUp.ReferenceOTU7625 Even3_395232	*
H	28096	85	94.1	+	0	0	533I60MI25M790I	New.CleanUp.ReferenceOTU7627 Even2_34642	295590
H	15217	84	91.7	+	0	0	483I84M832I	New.CleanUp.ReferenceOTU7629 Even3_166908	534898
H	24573	93	95.7	+	0	0	508I93M780I	New.CleanUp.ReferenceOTU7631 Even3_327160	319870
H	23210	100	90.0	+	0	0	528I100M738I	New.CleanUp.ReferenceOTU7632 Even2_371998	329693
N	*	78	*	*	*	*	*	New.CleanUp.ReferenceOTU7641 Even2_386657	*
N	*	90	*	*	*	*	*	New.CleanUp.ReferenceOTU7645 Even3_274151	*
H	73051	100	95.0	+	0	0	475I100M867I	New.CleanUp.ReferenceOTU7651 Even1_206256	1029559
H	27251	79	94.9	+	0	0	524I79M800I	New.CleanUp.ReferenceOTU7655 Even3_326141	300729
H	18724	100	93.0	+	0	0	505I100M764I	New.CleanUp.ReferenceOTU7656 Even2_360350	370225
L	22932	1399	*	*	*	*	*	331717	*
H	22932	96	96.9	+	0	0	527I96M776I	New.CleanUp.ReferenceOTU7658 Even1_76443	331717
N	*	100	*	*	*	*	*	New.CleanUp.ReferenceOTU7661 Even3_391047	*
H	42584	100	95.0	+	0	0	514I100M775I	New.CleanUp.ReferenceOTU7664 Even2_314272	184391
N	*	100	*	*	*	*	*	New.CleanUp.ReferenceOTU7665 Even2_395209	*
H	63476	100	91.0	+	0	0	485I100M849I	New.CleanUp.ReferenceOTU7666 Even3_297258	2388617
H	36359	100	92.0	+	0	0	487I100M912I	New.CleanUp.ReferenceOTU7667 Even3_297254	235262
H	86789	89	96.6	+	0	0	486I89M864I	New.CleanUp.ReferenceOTU7668 Even1_367052	4378519
H	17731	100	95.0	+	0	0	493I100M750I	New.CleanUp.ReferenceOTU7671 Even2_141005	503372
N	*	100	*	*	*	*	*	New.CleanUp.ReferenceOTU7673 Even1_70352	*
N	*	87	*	*	*	*	*	New.CleanUp.ReferenceOTU7675 Even3_364467	*
L	11908	1367	*	*	*	*	*	560836	*
H	11908	89	94.4	+	0	0	529I89M749I	New.CleanUp.ReferenceOTU7684 Even1_290444	560836
H	36037	100	93.0	+	0	0	484I100M858I	New.CleanUp.ReferenceOTU7687 Even1_328233	237444
H	69259	88	96.6	+	0	0	488I88M865I	New.CleanUp.ReferenceOTU769 Even1_377797	3101394
H	94577	100	96.0	+	0	0	431I100M831I	New.CleanUp.ReferenceOTU7701 Even2_301497	4460263
N	*	96	*	*	*	*	*	New.CleanUp.ReferenceOTU7704 Even3_384268	*
H	61851	100	96.0	+	0	0	491I100M841I	New.CleanUp.ReferenceOTU7706 Even2_131703	2189140
N	*	100	*	*	*	*	*	New.CleanUp.ReferenceOTU7710 Even1_62296	*
H	20114	100	93.0	+	0	0	493I100M754I	New.CleanUp.ReferenceOTU7717 Even2_305370	352243
H	12256	100	96.0	+	0	0	528I100M874I	New.CleanUp.ReferenceOTU7718 Even3_230305	558081
N	*	100	*	*	*	*	*	New.CleanUp.ReferenceOTU7719 Even3_388628	*
H	17731	100	96.0	+	0	0	493I100M750I	New.CleanUp.ReferenceOTU7727 Even3_53608	503372
H	17858	95	95.8	+	0	0	519I95M911I	New.CleanUp.ReferenceOTU7732 Even1_393001	470117
H	46105	100	96.0	+	0	0	507I100M847I	New.CleanUp.ReferenceOTU7735 Even1_302154	158215
L	12967	1454	*	*	*	*	*	552376	*
H	12967	100	96.0	+	0	0	515I100M839I	New.CleanUp.ReferenceOTU7739 Even1_371777	552376
H	26125	87	90.8	+	0	0	486I87M791I	New.CleanUp.ReferenceOTU774 Even3_364459	308502
H	81368	95	95.8	+	0	0	481I95M1264I	New.CleanUp.ReferenceOTU7740 Even1_381136	4321292
N	*	82	*	*	*	*	*	New.CleanUp.ReferenceOTU7746 Even2_393523	*
H	58003	95	93.7	+	0	0	495I95M846I	New.CleanUp.ReferenceOTU7758 Even1_372263	1721299
H	41562	93	96.8	+	0	0	516I93M781I	New.CleanUp.ReferenceOTU776 Even3_368132	190003
H	46141	93	95.7	+	0	0	506I93M856I	New.CleanUp.ReferenceOTU7762 Even3_264244	157905
L	7086	1366	*	*	*	*	*	628014	*
H	7086	100	94.0	+	0	0	496I73MI27M769I	New.CleanUp.ReferenceOTU7764 Even3_299578	628014
H	24270	85	95.3	+	0	0	527I85M772I	New.CleanUp.ReferenceOTU7766 Even2_395450	321972
H	49443	94	93.6	+	0	0	509I94M872I	New.CleanUp.ReferenceOTU7767 Even1_305686	132041
H	69259	79	96.2	+	0	0	488I79M874I	New.CleanUp.ReferenceOTU7772 Even2_133601	3101394
H	16022	100	95.0	+	0	0	488I100M770I	New.CleanUp.ReferenceOTU7773 Even2_359968	525841
H	24573	100	96.0	+	0	0	508I100M773I	New.CleanUp.ReferenceOTU778 Even1_143564	319870
H	46058	92	96.7	+	0	0	504I92M853I	New.CleanUp.ReferenceOTU7785 Even2_332482	158581
H	47316	100	93.0	+	0	0	494I100M757I	New.CleanUp.ReferenceOTU779 Even1_83215	148987
H	21710	96	96.9	+	0	0	505I96M757I	New.CleanUp.ReferenceOTU7790 Even2_376762	340476
H	61395	90	93.3	+	0	0	477I76MI14M857I	New.CleanUp.ReferenceOTU7794 Even2_280025	2128807
H	22629	100	96.0	+	0	0	508I100M771I	New.CleanUp.ReferenceOTU7798 Even1_10417	333859
H	43601	82	96.3	+	0	0	514I82M793I	New.CleanUp.ReferenceOTU7799 Even1_14635	179014
H	94935	93	96.8	+	0	0	495I93M858I	New.CleanUp.ReferenceOTU7803 Even3_265717	4464533
H	61181	100	96.0	+	0	0	495I100M769I	New.CleanUp.ReferenceOTU7804 Even2_180507	846127
N	*	87	*	*	*	*	*	New.CleanUp.ReferenceOTU7808 Even3_271020	*
L	30066	1376	*	*	*	*	*	277529	*
H	30066	78	91.0	+	0	0	519I78M779I	New.CleanUp.ReferenceOTU7810 Even2_38552	277529
H	17852	88	96.6	+	0	0	517I88M930I	New.CleanUp.ReferenceOTU7812 Even3_275854	471180
H	40890	100	96.0	+	0	0	532I100M768I	New.CleanUp.ReferenceOTU7816 Even2_368075	193623
H	34524	81	90.1	+	0	0	537I81M908I	New.CleanUp.ReferenceOTU7819 Even2_388622	248485
H	29368	100	94.0	+	0	0	532I100M766I	New.CleanUp.ReferenceOTU7823 Even2_386469	287510
H	66269	100	96.0	+	0	0	492I100M856I	New.CleanUp.ReferenceOTU7829 Even2_117838	2730944
H	17852	100	96.0	+	0	0	517I100M918I	New.CleanUp.ReferenceOTU7835 Even3_137724	471180
L	89592	1532	*	*	*	*	*	4408129	*
H	89592	100	96.0	+	0	0	525I100M907I	New.CleanUp.ReferenceOTU7837 Even3_187893	4408129
L	91371	1486	*	*	*	*	*	4426266	*
H	91371	100	90.0	+	0	0	521I100M865I	New.CleanUp.ReferenceOTU7841 Even2_276442	4426266
H	58044	100	90.0	+	0	0	500I100M847I	New.CleanUp.ReferenceOTU7843 Even2_276444	1726408
H	57045	82	96.3	+	0	0	521I82M915I	New.CleanUp.ReferenceOTU7844 Even2_229203	1129328
L	44546	1389	*	*	*	*	*	173917	*
H	44546	90	93.3	+	0	0	514I90M785I	New.CleanUp.ReferenceOTU785 Even1_290475	173917
H	90171	100	91.0	+	0	0	498I100M836I	New.CleanUp.ReferenceOTU7853 Even3_2996	4414420
H	55057	91	92.3	+	0	0	533I91M883I	New.CleanUp.ReferenceOTU7857 Even1_314163	15357
H	12090	81	96.3	+	0	0	503I81M797I	New.CleanUp.ReferenceOTU786 Even1_8475	559527
H	76771	84	96.4	+	0	0	488I84M893I	New.CleanUp.ReferenceOTU7864 Even2_73771	807226
H	85814	100	91.0	+	0	0	506I100M846I	New.CleanUp.ReferenceOTU7869 Even3_368593	4368216
L	76436	1429	*	*	*	*	*	4012414	*
H	76436	78	92.3	+	0	0	487I78M864I	New.CleanUp.ReferenceOTU7878 Even1_341859	4012414
H	28542	91	96.7	+	0	0	498I91M910I	New.CleanUp.ReferenceOTU788 Even2_300826	292521
N	*	100	*	*	*	*	*	New.CleanUp.ReferenceOTU7882 Even3_375624	*
H	53234	81	96.3	+	0	0	501I81M823I	New.CleanUp.ReferenceOTU7884 Even2_275865	69933
N	*	92	*	*	*	*	*	New.CleanUp.ReferenceOTU7886 Even2_390922	*
L	96806	1388	*	*	*	*	*	4483570	*
H	96806	100	92.0	+	0	0	505I100M783I	New.CleanUp.ReferenceOTU7887 Even1_174024	4483570
H	55508	95	92.6	+	0	0	513I95M898I	New.CleanUp.ReferenceOTU7888 Even2_367891	10212
H	36359	82	96.3	+	0	0	487I82M930I	New.CleanUp.ReferenceOTU7895 Even2_203620	235262
N	*	84	*	*	*	*	*	New.CleanUp.ReferenceOTU7897 Even3_73469	*
N	*	96	*	*	*	*	*	New.CleanUp.ReferenceOTU7903 Even2_395208	*
H	63476	81	91.4	+	0	0	485I81M868I	New.CleanUp.ReferenceOTU7905 Even3_375483	2388617
H	60701	100	92.0	+	0	0	484I100M797I	New.CleanUp.ReferenceOTU7907 Even3_375487	1105928
H	84501	100	94.0	+	0	0	523I100M769I	New.CleanUp.ReferenceOTU791 Even1_290479	4354041
H	16275	100	94.0	+	0	0	522I100M772I	New.CleanUp.ReferenceOTU7914 Even3_128586	522595
H	26385	100	90.0	+	0	0	504I100M768I	New.CleanUp.ReferenceOTU7924 Even2_275401	306633
L	22743	1400	*	*	*	*	*	333028	*
H	22743	100	96.0	+	0	0	528I100M772I	New.CleanUp.ReferenceOTU7925 Even1_280688	333028
N	*	100	*	*	*	*	*	New.CleanUp.ReferenceOTU7929 Even2_275409	*
H	17731	93	95.7	+	0	0	493I93M757I	New.CleanUp.ReferenceOTU793 Even1_66181	503372
N	*	100	*	*	*	*	*	New.CleanUp.ReferenceOTU7930 Even3_364703	*
H	26115	95	96.8	+	0	0	507I95M759I	New.CleanUp.ReferenceOTU7932 Even3_388103	308598
H	17804	79	93.7	+	0	0	493I79M775I	New.CleanUp.ReferenceOTU7942 Even3_283161	495095
H	68174	95	93.7	+	0	0	485I95M866I	New.CleanUp.ReferenceOTU7943 Even3_224080	1142029
N	*	96	*	*	*	*	*	New.CleanUp.ReferenceOTU795 Even2_391077	*
H	53078	91	95.6	+	0	0	496I91M815I	New.CleanUp.ReferenceOTU7958 Even2_293243	72820
H	87913	94	92.6	+	0	0	422I42MI52M843I	New.CleanUp.ReferenceOTU7966 Even2_364819	4390365
H	85630	92	96.7	+	0	0	493I92M870I	New.CleanUp.ReferenceOTU7970 Even1_375077	4366173
H	24611	100	96.0	+	0	0	526I100M750I	New.CleanUp.ReferenceOTU7973 Even1_386343	319621
H	43259	100	96.0	+	0	0	525I100M773I	New.CleanUp.ReferenceOTU7977 Even1_281556	180834
H	23830	84	95.2	+	0	0	515I84M791I	New.CleanUp.ReferenceOTU7979 Even1_281226	325384
N	*	100	*	*	*	*	*	New.CleanUp.ReferenceOTU798 Even2_391073	*
H	82713	89	96.6	+	0	0	425I89M918I	New.CleanUp.ReferenceOTU7980 Even1_281227	4335781
N	*	100	*	*	*	*	*	New.CleanUp.ReferenceOTU799 Even2_391070	*
H	92986	100	95.0	+	0	0	484I100M858I	New.CleanUp.ReferenceOTU7994 Even1_224202	4443172
H	73775	95	93.7	+	0	0	483I95M853I	New.CleanUp.ReferenceOTU8008 Even3_279330	3682570
H	61181	77	94.8	+	0	0	495I77M792I	New.CleanUp.ReferenceOTU8013 Even2_339701	846127
L	83533	1440	*	*	*	*	*	4343627	*
H	83533	92	94.6	+	0	0	490I92M858I	New.CleanUp.ReferenceOTU8014 Even1_299665	4343627
H	17731	100	96.0	+	0	0	493I100M750I	New.CleanUp.ReferenceOTU8015 Even1_4052	503372
N	*	100	*	*	*	*	*	New.CleanUp.ReferenceOTU802 Even3_368352	*
H	43609	82	92.7	+	0	0	517I82M793I	New.CleanUp.ReferenceOTU8024 Even1_204626	178977
H	24669	79	96.2	+	0	0	515I79M796I	New.CleanUp.ReferenceOTU8031 Even3_392377	319165
L	23585	1390	*	*	*	*	*	327049	*
H	23585	100	90.0	+	0	0	515I100M775I	New.CleanUp.ReferenceOTU8033 Even3_360561	327049
H	17731	100	96.0	+	0	0	493I100M750I	New.CleanUp.ReferenceOTU8034 Even1_328894	503372
H	17731	100	95.0	+	0	0	493I100M750I	New.CleanUp.ReferenceOTU8038 Even1_313517	503372
H	21769	84	95.2	+	0	0	516I84M791I	New.CleanUp.ReferenceOTU804 Even3_6896	340025
L	23207	1400	*	*	*	*	*	329712	*
H	23207	85	92.9	+	0	0	523I85M792I	New.CleanUp.ReferenceOTU8047 Even1_314398	329712
H	26006	100	91.0	+	0	0	504I100M777I	New.CleanUp.ReferenceOTU8048 Even2_386814	309480
H	42959	100	96.0	+	0	0	531I100M769I	New.CleanUp.ReferenceOTU8053 Even1_78253	182483
L	8650	1356	*	*	*	*	*	585574	*
H	8650	91	94.5	+	0	0	452I91M813I	New.CleanUp.ReferenceOTU8054 Even1_78250	585574
H	46141	95	95.8	+	0	0	506I95M854I	New.CleanUp.ReferenceOTU8057 Even1_270931	157905
H	93501	79	96.2	+	0	0	502I79M869I	New.CleanUp.ReferenceOTU806 Even2_376740	4449054
H	86789	100	95.0	+	0	0	486I100M853I	New.CleanUp.ReferenceOTU8065 Even3_327984	4378519
H	36452	92	95.7	+	0	0	416I92M896I	New.CleanUp.ReferenceOTU8068 Even3_394438	233993
L	13019	1481	*	*	*	*	*	551931	*
H	13019	100	94.0	+	0	0	505I100M876I	New.CleanUp.ReferenceOTU8069 Even2_189040	551931
H	70294	86	96.5	+	0	0	501I86M859I	New.CleanUp.ReferenceOTU8072 Even2_173329	3232397
H	53234	100	95.0	+	0	0	501I100M804I	New.CleanUp.ReferenceOTU8073 Even3_299729	69933
N	*	100	*	*	*	*	*	New.CleanUp.ReferenceOTU8076 Even3_378689	*
H	90171	87	95.4	+	0	0	498I87M849I	New.CleanUp.ReferenceOTU808 Even2_261233	4414420
N	*	100	*	*	*	*	*	New.CleanUp.ReferenceOTU8080 Even3_378681	*
H	28381	83	92.8	+	0	0	488I83M793I	New.CleanUp.ReferenceOTU8081 Even3_360391	293594
H	55508	83	95.2	+	0	0	513I83M910I	New.CleanUp.ReferenceOTU8082 Even3_281403	10212
H	60701	100	96.0	+	0	0	484I100M797I	New.CleanUp.ReferenceOTU8088 Even3_148037	1105928
H	4878	100	95.0	+	0	0	516I100M828I	New.CleanUp.ReferenceOTU809 Even3_185655	788593
H	16275	100	96.0	+	0	0	522I100M772I	New.CleanUp.ReferenceOTU8099 Even1_308112	522595
H	16275	100	94.0	+	0	0	522I100M772I	New.CleanUp.ReferenceOTU810 Even2_378934	522595
H	55214	100	96.0	+	0	0	522I100M889I	New.CleanUp.ReferenceOTU8111 Even2_368099	13811
H	16275	92	96.7	+	0	0	522I92M780I	New.CleanUp.ReferenceOTU8113 Even2_133087	522595
H	17731	100	94.0	+	0	0	493I100M750I	New.CleanUp.ReferenceOTU8114 Even2_363894	503372
H	43197	96	96.9	+	0	0	507I96M779I	New.CleanUp.ReferenceOTU8118 Even1_346299	181193
H	40389	82	95.1	+	0	0	514I82M792I	New.CleanUp.ReferenceOTU8125 Even1_360629	196098
H	23465	93	94.6	+	0	0	535I93M781I	New.CleanUp.ReferenceOTU8126 Even3_151612	327851
H	17855	95	95.8	+	0	0	533I95M753I	New.CleanUp.ReferenceOTU8133 Even3_385880	470879
H	65569	100	95.0	+	0	0	482I100M855I	New.CleanUp.ReferenceOTU8137 Even3_375018	2654261
H	42308	81	93.8	+	0	0	515I81M795I	New.CleanUp.ReferenceOTU8139 Even3_272258	185949
H	82713	100	94.0	+	0	0	425I100M907I	New.CleanUp.ReferenceOTU8144 Even3_277372	4335781
L	60608	1446	*	*	*	*	*	2039020	*
H	60608	100	95.0	+	0	0	501I100M845I	New.CleanUp.ReferenceOTU8145 Even1_138683	2039020
H	43537	80	96.2	+	0	0	488I80M794I	New.CleanUp.ReferenceOTU8150 Even3_332043	179423
H	13133	81	93.8	+	0	0	475I81M863I	New.CleanUp.ReferenceOTU8153 Even2_98146	550960
H	86873	90	93.3	+	0	0	519I90M873I	New.CleanUp.ReferenceOTU8154 Even3_269524	4379449
H	85442	100	95.0	+	0	0	488I100M849I	New.CleanUp.ReferenceOTU8157 Even1_173941	4364464
H	25478	78	94.9	+	0	0	502I78M802I	New.CleanUp.ReferenceOTU8163 Even1_55313	313106
H	19184	85	96.5	+	0	0	506I85M794I	New.CleanUp.ReferenceOTU8166 Even1_281761	362214
L	25608	1361	*	*	*	*	*	312171	*
H	25608	100	96.0	+	0	0	488I100M773I	New.CleanUp.ReferenceOTU8170 Even1_140055	312171
H	54582	84	96.4	+	0	0	495I84M885I	New.CleanUp.ReferenceOTU8181 Even2_323482	28109
H	55509	100	94.0	+	0	0	513I100M893I	New.CleanUp.ReferenceOTU8185 Even1_393397	10211
H	30269	76	94.7	+	0	0	515I76M800I	New.CleanUp.ReferenceOTU8186 Even1_227426	276260
L	63835	1443	*	*	*	*	*	1135358	*
H	63835	100	95.0	+	0	0	502I100M841I	New.CleanUp.ReferenceOTU8189 Even2_182632	1135358
H	42553	88	96.6	+	0	0	525I88M782I	New.CleanUp.ReferenceOTU8190 Even1_227423	184567
H	17855	100	95.0	+	0	0	533I100M748I	New.CleanUp.ReferenceOTU8191 Even3_351741	470879
H	70294	86	96.5	+	0	0	501I86M859I	New.CleanUp.ReferenceOTU8192 Even1_12868	3232397
H	96156	96	94.8	+	0	0	482I96M871I	New.CleanUp.ReferenceOTU8193 Even2_390131	4476950
L	64362	1378	*	*	*	*	*	813564	*
H	64362	81	95.1	+	0	0	505I81M792I	New.CleanUp.ReferenceOTU8198 Even2_280914	813564
H	83710	93	94.6	+	0	0	509I54M2I39M881I	New.CleanUp.ReferenceOTU8206 Even3_59666	4345333
H	17731	100	96.0	+	0	0	493I100M750I	New.CleanUp.ReferenceOTU8209 Even1_371013	503372
H	17858	100	96.0	+	0	0	519I100M906I	New.CleanUp.ReferenceOTU821 Even2_281097	470117
H	43402	88	95.5	+	0	0	532I88M783I	New.CleanUp.ReferenceOTU8211 Even2_279543	180112
H	60939	96	95.8	+	0	0	493I96M845I	New.CleanUp.ReferenceOTU8213 Even1_29920	2075910
H	22932	93	96.8	+	0	0	527I93M779I	New.CleanUp.ReferenceOTU8222 Even3_287275	331717
H	42959	96	96.9	+	0	0	531I96M773I	New.CleanUp.ReferenceOTU8227 Even3_142161	182483
H	17858	95	95.8	+	0	0	519I95M911I	New.CleanUp.ReferenceOTU8237 Even3_35056	470117
H	72937	100	96.0	+	0	0	483I100M847I	New.CleanUp.ReferenceOTU8244 Even1_1123	3562626
H	72680	83	91.6	+	0	0	478I83M853I	New.CleanUp.ReferenceOTU8246 Even1_368336	3531225
H	38321	91	96.7	+	0	0	526I91M872I	New.CleanUp.ReferenceOTU8257 Even3_299558	213813
H	17858	96	95.8	+	0	0	519I96M910I	New.CleanUp.ReferenceOTU8261 Even2_374497	470117
H	44158	100	95.0	+	0	0	514I100M770I	New.CleanUp.ReferenceOTU8262 Even1_109915	176057
H	60197	83	95.2	+	0	0	496I83M802I	New.CleanUp.ReferenceOTU8265 Even2_388197	1983368
L	20135	1359	*	*	*	*	*	352034	*
H	20135	84	96.4	+	0	0	505I84M770I	New.CleanUp.ReferenceOTU8267 Even2_48785	352034
H	81368	89	95.5	+	0	0	481I89M1270I	New.CleanUp.ReferenceOTU8268 Even1_313728	4321292
L	35548	1458	*	*	*	*	*	240810	*
H	35548	100	95.0	+	0	0	480I100M878I	New.CleanUp.ReferenceOTU8271 Even2_341672	240810
H	24611	100	96.0	+	0	0	526I100M750I	New.CleanUp.ReferenceOTU8273 Even2_201047	319621
H	40890	100	95.0	+	0	0	532I100M768I	New.CleanUp.ReferenceOTU828 Even2_333490	193623
H	43412	100	92.0	+	0	0	527I100M770I	New.CleanUp.ReferenceOTU8280 Even2_313961	180082
H	18866	100	96.0	+	0	0	487I100M763I	New.CleanUp.ReferenceOTU8285 Even1_362222	367813
H	19496	100	96.0	+	0	0	500I100M753I	New.CleanUp.ReferenceOTU8287 Even3_301463	356760
H	47712	100	92.0	+	0	0	500I100M752I	New.CleanUp.ReferenceOTU8289 Even1_351707	145801
H	90845	77	90.9	+	0	0	477I77M882I	New.CleanUp.ReferenceOTU8295 Even1_205964	4420852
L	62639	1433	*	*	*	*	*	2280817	*
H	62639	100	96.0	+	0	0	490I100M843I	New.CleanUp.ReferenceOTU8299 Even1_68143	2280817
H	66937	100	95.0	+	0	0	488I100M892I	New.CleanUp.ReferenceOTU8320 Even1_196301	652696
N	*	100	*	*	*	*	*	New.CleanUp.ReferenceOTU8325 Even1_196308	*
H	17852	81	96.3	+	0	0	517I81M937I	New.CleanUp.ReferenceOTU8326 Even3_12210	471180
H	22629	82	91.5	+	0	0	508I82M789I	New.CleanUp.ReferenceOTU833 Even2_67998	333859
H	55509	85	96.5	+	0	0	513I85M908I	New.CleanUp.ReferenceOTU8333 Even3_219450	10211
H	86789	100	95.0	+	0	0	486I100M853I	New.CleanUp.ReferenceOTU8334 Even1_314184	4378519
H	86599	89	96.6	+	0	0	512I89M928I	New.CleanUp.ReferenceOTU8337 Even3_281096	4376828
L	43849	1392	*	*	*	*	*	177708	*
H	43849	85	94.1	+	0	0	517I85M790I	New.CleanUp.ReferenceOTU8342 Even1_20771	177708
H	7341	85	95.3	+	0	0	524I85M890I	New.CleanUp.ReferenceOTU8346 Even1_346595	610462
N	*	94	*	*	*	*	*	New.CleanUp.ReferenceOTU835 Even3_267727	*
H	20605	100	96.0	+	0	0	515I100M770I	New.CleanUp.ReferenceOTU8351 Even3_152931	348751
N	*	100	*	*	*	*	*	New.CleanUp.ReferenceOTU8366 Even2_378798	*
H	12256	81	96.3	+	0	0	528I81M893I	New.CleanUp.ReferenceOTU8367 Even2_260796	558081
L	16877	1373	*	*	*	*	*	514974	*
H	16877	95	96.8	+	0	0	528I95M750I	New.CleanUp.ReferenceOTU8368 Even3_212454	514974
N	*	79	*	*	*	*	*	New.CleanUp.ReferenceOTU8372 Even1_285782	*
L	66559	1374	*	*	*	*	*	2769196	*
H	66559	85	95.3	+	0	0	476I85M813I	New.CleanUp.ReferenceOTU8375 Even3_258171	2769196
H	89219	100	96.0	+	0	0	480I100M868I	New.CleanUp.ReferenceOTU838 Even1_58633	4404187
H	61181	100	96.0	+	0	0	495I100M769I	New.CleanUp.ReferenceOTU8381 Even3_33514	846127
H	12829	100	94.0	+	0	0	488I100M862I	New.CleanUp.ReferenceOTU8383 Even3_68380	553611
L	19454	1396	*	*	*	*	*	357582	*
H	19454	100	90.0	+	0	0	526I100M770I	New.CleanUp.ReferenceOTU8384 Even3_364813	357582
H	38195	100	92.0	+	0	0	505I100M873I	New.CleanUp.ReferenceOTU8392 Even2_299659	215269
L	86636	1383	*	*	*	*	*	4377147	*
H	86636	100	90.0	+	0	0	524I100M759I	New.CleanUp.ReferenceOTU8395 Even2_378864	4377147
H	70294	100	96.0	+	0	0	501I100M845I	New.CleanUp.ReferenceOTU8402 Even2_48434	3232397
L	22718	1455	*	*	*	*	*	333204	*
H	22718	76	90.8	+	0	0	499I76M880I	New.CleanUp.ReferenceOTU8404 Even2_170378	333204
H	42584	100	96.0	+	0	0	514I100M775I	New.CleanUp.ReferenceOTU8405 Even3_124059	184391
H	94577	100	93.0	+	0	0	431I100M831I	New.CleanUp.ReferenceOTU8407 Even3_364721	4460263
H	10970	100	94.0	+	0	0	517I100M768I	New.CleanUp.ReferenceOTU8408 Even2_119545	568118
H	86036	89	94.4	+	0	0	515I89M887I	New.CleanUp.ReferenceOTU8410 Even1_48660	4370570
H	61436	100	91.0	+	0	0	491I100M847I	New.CleanUp.ReferenceOTU8416 Even1_346401	2134452
N	*	89	*	*	*	*	*	New.CleanUp.ReferenceOTU8418 Even2_397048	*
H	20859	86	96.5	+	0	0	502I86M771I	New.CleanUp.ReferenceOTU842 Even2_390302	346771
H	43402	95	95.8	+	0	0	532I95M776I	New.CleanUp.ReferenceOTU8423 Even3_11295	180112
H	17852	96	95.8	+	0	0	517I96M922I	New.CleanUp.ReferenceOTU8428 Even2_388207	471180
H	7857	92	96.7	+	0	0	503I92M750I	New.CleanUp.ReferenceOTU843 Even1_302027	591285
H	66269	100	96.0	+	0	0	492I100M856I	New.CleanUp.ReferenceOTU8442 Even2_333584	2730944
H	61436	86	93.0	+	0	0	491I86M861I	New.CleanUp.ReferenceOTU8443 Even2_275463	2134452
H	15210	90	95.6	+	0	0	488I90M886I	New.CleanUp.ReferenceOTU8444 Even2_333349	534957
H	83861	92	95.7	+	0	0	499I92M768I	New.CleanUp.ReferenceOTU8445 Even2_275467	4347159
H	46140	96	96.9	+	0	0	510I96M851I	New.CleanUp.ReferenceOTU8450 Even1_386323	157921
L	90303	1527	*	*	*	*	*	4415601	*
H	90303	100	93.0	+	0	0	559I100M868I	New.CleanUp.ReferenceOTU8451 Even3_56286	4415601
H	40675	94	96.8	+	0	0	514I94M781I	New.CleanUp.ReferenceOTU8455 Even1_375016	194659
H	17731	100	94.0	+	0	0	493I100M750I	New.CleanUp.ReferenceOTU8461 Even2_363678	503372
H	19496	96	93.8	+	0	0	500I96M757I	New.CleanUp.ReferenceOTU8462 Even1_147113	356760
H	26660	100	96.0	+	0	0	522I100M772I	New.CleanUp.ReferenceOTU8464 Even3_393049	304563
L	65221	1361	*	*	*	*	*	656314	*
H	65221	92	93.5	+	0	0	508I92M761I	New.CleanUp.ReferenceOTU8470 Even2_397403	656314
H	96557	76	94.7	+	0	0	501I76M781I	New.CleanUp.ReferenceOTU8471 Even3_62718	4480861
L	20079	1391	*	*	*	*	*	352489	*
H	20079	87	95.4	+	0	0	515I87M789I	New.CleanUp.ReferenceOTU8479 Even2_359771	352489
H	16275	100	95.0	+	0	0	522I100M772I	New.CleanUp.ReferenceOTU8480 Even3_172901	522595
H	21908	100	95.0	+	0	0	527I100M769I	New.CleanUp.ReferenceOTU8481 Even3_189904	339013
L	58632	1453	*	*	*	*	*	1800048	*
H	58632	100	95.0	+	0	0	517I100M836I	New.CleanUp.ReferenceOTU8483 Even1_224224	1800048
H	60701	100	95.0	+	0	0	484I100M797I	New.CleanUp.ReferenceOTU8487 Even2_364488	1105928
H	40912	96	95.8	+	0	0	527I96M777I	New.CleanUp.ReferenceOTU8497 Even3_164297	193528
H	13133	88	95.5	+	0	0	475I88M856I	New.CleanUp.ReferenceOTU8504 Even2_275280	550960
H	87913	82	93.9	+	0	0	422I42MI40M855I	New.CleanUp.ReferenceOTU8508 Even2_393663	4390365
H	88415	84	96.4	+	0	0	495I84M856I	New.CleanUp.ReferenceOTU8511 Even2_393669	4395677
H	42616	92	96.7	+	0	0	525I92M780I	New.CleanUp.ReferenceOTU8517 Even3_226928	184209
N	*	100	*	*	*	*	*	New.CleanUp.ReferenceOTU852 Even2_393514	*
N	*	100	*	*	*	*	*	New.CleanUp.ReferenceOTU8522 Even2_388832	*
H	42460	88	92.0	+	0	0	488I88M784I	New.CleanUp.ReferenceOTU8525 Even1_385415	185159
H	61181	100	95.0	+	0	0	495I100M769I	New.CleanUp.ReferenceOTU8527 Even1_105295	846127
H	19496	100	95.0	+	0	0	500I100M753I	New.CleanUp.ReferenceOTU853 Even2_367532	356760
H	18724	84	95.2	+	0	0	505I84M780I	New.CleanUp.ReferenceOTU8532 Even2_386830	370225
H	70294	100	96.0	+	0	0	501I100M845I	New.CleanUp.ReferenceOTU8534 Even1_199011	3232397
L	55199	1424	*	*	*	*	*	13900	*
H	55199	100	90.0	+	0	0	438I100M886I	New.CleanUp.ReferenceOTU8549 Even3_381690	13900
H	94577	94	96.8	+	0	0	431I94M837I	New.CleanUp.ReferenceOTU8555 Even2_116245	4460263
N	*	100	*	*	*	*	*	New.CleanUp.ReferenceOTU8558 Even2_397164	*
H	26803	96	95.8	+	0	0	514I96M779I	New.CleanUp.ReferenceOTU8569 Even1_309840	303452
H	17719	79	92.4	+	0	0	496I79M774I	New.CleanUp.ReferenceOTU8576 Even3_24219	505565
H	26896	100	96.0	+	0	0	525I100M774I	New.CleanUp.ReferenceOTU858 Even3_118494	302880
H	66352	94	95.7	+	0	0	491I94M847I	New.CleanUp.ReferenceOTU8588 Even2_383405	2740953
N	*	77	*	*	*	*	*	New.CleanUp.ReferenceOTU8591 Even1_388231	*
H	61851	76	96.1	+	0	0	491I76M865I	New.CleanUp.ReferenceOTU8596 Even3_272733	2189140
H	19027	92	95.7	+	0	0	498I92M775I	New.CleanUp.ReferenceOTU8597 Even3_374787	364903
L	49915	1552	*	*	*	*	*	114510	*
H	49915	81	92.6	+	0	0	530I81M941I	New.CleanUp.ReferenceOTU8600 Even1_18652	114510
H	96232	100	92.0	+	0	0	503I100M810I	New.CleanUp.ReferenceOTU8602 Even1_356676	4477719
H	55016	100	96.0	+	0	0	441I100M848I	New.CleanUp.ReferenceOTU8609 Even3_385861	15728
H	66269	100	90.0	+	0	0	492I100M856I	New.CleanUp.ReferenceOTU8610 Even3_276485	2730944
N	*	100	*	*	*	*	*	New.CleanUp.ReferenceOTU8617 Even3_391002	*
H	41739	82	92.7	+	0	0	533I82M789I	New.CleanUp.ReferenceOTU8624 Even3_274198	189090
H	46141	84	92.9	+	0	0	506I84M865I	New.CleanUp.ReferenceOTU863 Even2_347206	157905
H	72394	85	95.3	+	0	0	444I85M846I	New.CleanUp.ReferenceOTU8630 Even3_12492	1120420
H	69862	77	96.1	+	0	0	471I77M886I	New.CleanUp.ReferenceOTU8634 Even1_173925	3177392
H	28010	90	96.7	+	0	0	515I90M785I	New.CleanUp.ReferenceOTU8639 Even2_123176	296103
H	53234	83	94.0	+	0	0	501I83M821I	New.CleanUp.ReferenceOTU864 Even2_323201	69933
H	94935	100	92.0	+	0	0	495I100M851I	New.CleanUp.ReferenceOTU8641 Even3_333628	4464533
H	58049	93	96.8	+	0	0	480I93M864I	New.CleanUp.ReferenceOTU8643 Even2_185522	1727150
H	16908	100	95.0	+	0	0	528I100M774I	New.CleanUp.ReferenceOTU8646 Even1_300465	514512
H	91378	82	93.9	+	0	0	514I82M931I	New.CleanUp.ReferenceOTU8649 Even3_169560	4426298
H	27914	100	96.0	+	0	0	533I100M778I	New.CleanUp.ReferenceOTU8650 Even2_309685	296659
H	20051	93	96.8	+	0	0	503I93M759I	New.CleanUp.ReferenceOTU8651 Even2_5077	352617
H	43402	81	96.3	+	0	0	532I81M790I	New.CleanUp.ReferenceOTU8662 Even2_275079	180112
H	46141	100	96.0	+	0	0	506I100M849I	New.CleanUp.ReferenceOTU8665 Even3_393358	157905
H	24573	100	95.0	+	0	0	508I100M773I	New.CleanUp.ReferenceOTU8668 Even2_206002	319870
L	44056	1392	*	*	*	*	*	176666	*
H	44056	80	96.2	+	0	0	517I80M795I	New.CleanUp.ReferenceOTU8673 Even2_115017	176666
H	55214	100	96.0	+	0	0	522I100M889I	New.CleanUp.ReferenceOTU8674 Even1_265934	13811
L	41278	1383	*	*	*	*	*	191541	*
H	41278	86	96.5	+	0	0	511I86M786I	New.CleanUp.ReferenceOTU8675 Even3_249765	191541
H	44257	100	96.0	+	0	0	515I100M776I	New.CleanUp.ReferenceOTU8678 Even3_68802	175474
L	43089	1400	*	*	*	*	*	181836	*
H	43089	100	96.0	+	0	0	517I100M783I	New.CleanUp.ReferenceOTU8682 Even1_206144	181836
H	94387	85	94.1	+	0	0	527I85M781I	New.CleanUp.ReferenceOTU8684 Even1_7838	4458304
N	*	87	*	*	*	*	*	New.CleanUp.ReferenceOTU8686 Even3_356574	*
H	60939	96	96.9	+	0	0	493I96M845I	New.CleanUp.ReferenceOTU8687 Even2_275615	2075910
H	38725	93	90.3	+	0	0	525I93M885I	New.CleanUp.ReferenceOTU8689 Even3_272688	209524
H	82658	100	95.0	+	0	0	509I100M842I	New.CleanUp.ReferenceOTU8694 Even3_262505	4335293
H	26659	100	96.0	+	0	0	515I100M775I	New.CleanUp.ReferenceOTU8698 Even1_152285	304568
N	*	100	*	*	*	*	*	New.CleanUp.ReferenceOTU870 Even3_386706	*
H	12878	100	96.0	+	0	0	518I100M880I	New.CleanUp.ReferenceOTU8703 Even2_305403	553208
H	66087	88	96.6	+	0	0	466I88M827I	New.CleanUp.ReferenceOTU8706 Even3_276033	1122622
N	*	100	*	*	*	*	*	New.CleanUp.ReferenceOTU8707 Even3_388660	*
H	17719	94	95.7	+	0	0	496I94M759I	New.CleanUp.ReferenceOTU8712 Even3_131517	505565
N	*	78	*	*	*	*	*	New.CleanUp.ReferenceOTU8717 Even3_229001	*
N	*	88	*	*	*	*	*	New.CleanUp.ReferenceOTU872 Even3_386704	*
N	*	93	*	*	*	*	*	New.CleanUp.ReferenceOTU8724 Even3_386771	*
L	43418	1387	*	*	*	*	*	180045	*
H	43418	100	92.0	+	0	0	528I100M759I	New.CleanUp.ReferenceOTU873 Even1_705	180045
H	42465	77	96.1	+	0	0	514I77M798I	New.CleanUp.ReferenceOTU8732 Even2_393877	185140
H	17731	100	96.0	+	0	0	493I100M750I	New.CleanUp.ReferenceOTU8733 Even1_18010	503372
H	90961	89	96.6	+	0	0	489I89M858I	New.CleanUp.ReferenceOTU8734 Even1_357042	4422039
H	17719	100	93.0	+	0	0	496I100M753I	New.CleanUp.ReferenceOTU8736 Even1_114319	505565
L	62009	1492	*	*	*	*	*	2205002	*
H	62009	92	90.2	+	0	0	517I92M883I	New.CleanUp.ReferenceOTU8738 Even1_310021	2205002
L	38293	1394	*	*	*	*	*	214128	*
H	38293	94	95.7	+	0	0	527I94M773I	New.CleanUp.ReferenceOTU8754 Even2_381630	214128
H	23917	100	96.0	+	0	0	520I100M764I	New.CleanUp.ReferenceOTU8755 Even3_377924	324733
H	76390	92	96.7	+	0	0	493I92M871I	New.CleanUp.ReferenceOTU8757 Even1_276174	4008139
H	55508	100	95.0	+	0	0	513I100M893I	New.CleanUp.ReferenceOTU8758 Even3_392722	10212
L	4193	1466	*	*	*	*	*	812549	*
H	4193	85	94.1	+	0	0	506I85M875I	New.CleanUp.ReferenceOTU877 Even2_54695	812549
H	43114	82	96.3	+	0	0	515I82M792I	New.CleanUp.ReferenceOTU8773 Even3_390339	181689
H	22629	84	95.2	+	0	0	508I84M787I	New.CleanUp.ReferenceOTU8781 Even2_290254	333859
H	40675	100	96.0	+	0	0	514I100M775I	New.CleanUp.ReferenceOTU8782 Even1_346828	194659
H	17731	87	96.6	+	0	0	493I87M763I	New.CleanUp.ReferenceOTU8783 Even3_239782	503372
H	20859	100	95.0	+	0	0	502I100M757I	New.CleanUp.ReferenceOTU8789 Even3_12237	346771
L	42135	1394	*	*	*	*	*	186888	*
H	42135	100	96.0	+	0	0	515I100M779I	New.CleanUp.ReferenceOTU879 Even1_20831	186888
N	*	95	*	*	*	*	*	New.CleanUp.ReferenceOTU8800 Even3_393677	*
H	44674	100	94.0	+	0	0	479I100M842I	New.CleanUp.ReferenceOTU8805 Even2_266164	172717
H	15863	96	95.8	+	0	0	494I96M851I	New.CleanUp.ReferenceOTU8807 Even2_383673	527988
H	12878	100	95.0	+	0	0	518I100M880I	New.CleanUp.ReferenceOTU881 Even2_270971	553208
H	46050	86	94.2	+	0	0	495I86M866I	New.CleanUp.ReferenceOTU8814 Even1_12275	158625
N	*	82	*	*	*	*	*	New.CleanUp.ReferenceOTU8816 Even1_308705	*
H	17731	94	91.5	+	0	0	493I94M756I	New.CleanUp.ReferenceOTU8817 Even1_364204	503372
H	26803	95	96.8	+	0	0	514I95M780I	New.CleanUp.ReferenceOTU8820 Even3_337747	303452
H	54626	90	95.6	+	0	0	501I90M869I	New.CleanUp.ReferenceOTU8821 Even2_374683	27032
H	45750	100	96.0	+	0	0	528I100M909I	New.CleanUp.ReferenceOTU8823 Even2_42866	160873
H	16519	84	92.9	+	0	0	519I84M793I	New.CleanUp.ReferenceOTU8825 Even2_390964	519290
L	25614	1398	*	*	*	*	*	312140	*
H	25614	100	92.0	+	0	0	526I100M772I	New.CleanUp.ReferenceOTU8832 Even1_223857	312140
H	66269	82	96.3	+	0	0	492I82M874I	New.CleanUp.ReferenceOTU8834 Even3_218254	2730944
N	*	100	*	*	*	*	*	New.CleanUp.ReferenceOTU8839 Even1_287505	*
H	16519	100	95.0	+	0	0	519I100M777I	New.CleanUp.ReferenceOTU8848 Even1_163517	519290
H	21062	95	91.6	+	0	0	490I95M781I	New.CleanUp.ReferenceOTU8855 Even3_360381	345246
L	42410	1380	*	*	*	*	*	185441	*
H	42410	100	90.0	+	0	0	505I100M775I	New.CleanUp.ReferenceOTU886 Even3_355959	185441
H	80180	91	95.6	+	0	0	483I91M845I	New.CleanUp.ReferenceOTU8861 Even1_174062	4309033
H	82713	88	94.3	+	0	0	425I88M919I	New.CleanUp.ReferenceOTU8864 Even3_368582	4335781
N	*	100	*	*	*	*	*	New.CleanUp.ReferenceOTU8869 Even3_384499	*
H	43402	84	96.4	+	0	0	532I84M787I	New.CleanUp.ReferenceOTU8871 Even3_147461	180112
H	17850	100	91.0	+	0	0	528I100M919I	New.CleanUp.ReferenceOTU8877 Even3_195386	484304
H	85910	96	95.8	+	0	0	481I96M852I	New.CleanUp.ReferenceOTU8879 Even3_388497	4369327
H	24312	91	93.4	+	0	0	515I91M784I	New.CleanUp.ReferenceOTU8880 Even1_209247	321693
H	25986	82	90.2	+	0	0	524I82M797I	New.CleanUp.ReferenceOTU8882 Even2_200973	309663
H	40266	100	95.0	+	0	0	489I100M772I	New.CleanUp.ReferenceOTU8888 Even3_39783	196769
H	60701	100	94.0	+	0	0	484I100M797I	New.CleanUp.ReferenceOTU8899 Even3_267790	1105928
H	36359	78	96.2	+	0	0	487I78M934I	New.CleanUp.ReferenceOTU89 Even3_4476	235262
L	16905	1395	*	*	*	*	*	514533	*
H	16905	100	90.0	+	0	0	518I100M777I	New.CleanUp.ReferenceOTU8902 Even2_333562	514533
H	23217	94	92.6	+	0	0	515I94M782I	New.CleanUp.ReferenceOTU8905 Even2_372212	329662
H	43197	100	96.0	+	0	0	507I100M775I	New.CleanUp.ReferenceOTU892 Even2_346615	181193
H	96156	100	95.0	+	0	0	482I100M867I	New.CleanUp.ReferenceOTU8925 Even2_54440	4476950
H	46141	100	93.0	+	0	0	506I100M849I	New.CleanUp.ReferenceOTU8933 Even2_58315	157905
H	28433	90	96.7	+	0	0	520I90M764I	New.CleanUp.ReferenceOTU8935 Even1_293542	293262
H	68775	100	93.0	+	0	0	517I100M881I	New.CleanUp.ReferenceOTU8937 Even1_181863	719519
H	68174	100	91.0	+	0	0	485I100M861I	New.CleanUp.ReferenceOTU8949 Even2_393469	1142029
H	17858	100	93.0	+	0	0	519I100M906I	New.CleanUp.ReferenceOTU8954 Even2_101832	470117
N	*	100	*	*	*	*	*	New.CleanUp.ReferenceOTU8958 Even2_384453	*
H	11012	90	96.7	+	0	0	513I90M807I	New.CleanUp.ReferenceOTU897 Even1_298840	567846
H	68174	100	94.0	+	0	0	485I100M861I	New.CleanUp.ReferenceOTU8971 Even3_328165	1142029
L	64808	1434	*	*	*	*	*	2564727	*
H	64808	100	91.0	+	0	0	479I100M855I	New.CleanUp.ReferenceOTU898 Even1_127542	2564727
H	5309	81	90.1	+	0	0	508I81M856I	New.CleanUp.ReferenceOTU8980 Even3_280574	754778
H	69259	85	96.5	+	0	0	488I85M868I	New.CleanUp.ReferenceOTU8991 Even3_95335	3101394
H	40890	78	96.2	+	0	0	532I78M790I	New.CleanUp.ReferenceOTU9000 Even1_296731	193623
H	40838	92	96.7	+	0	0	516I92M788I	New.CleanUp.ReferenceOTU9009 Even2_147133	193876
H	36436	100	95.0	+	0	0	465I100M877I	New.CleanUp.ReferenceOTU901 Even1_392844	234148
H	17852	89	96.6	+	0	0	517I89M929I	New.CleanUp.ReferenceOTU9011 Even2_283073	471180
H	16293	100	93.0	+	0	0	518I100M764I	New.CleanUp.ReferenceOTU9013 Even1_171259	522353
L	58208	1428	*	*	*	*	*	1749079	*
H	58208	100	95.0	+	0	0	514I100M814I	New.CleanUp.ReferenceOTU9016 Even2_26105	1749079
N	*	91	*	*	*	*	*	New.CleanUp.ReferenceOTU9017 Even3_393468	*
N	*	100	*	*	*	*	*	New.CleanUp.ReferenceOTU9020 Even3_393460	*
H	76590	100	96.0	+	0	0	498I100M830I	New.CleanUp.ReferenceOTU9022 Even1_123921	4029632
N	*	100	*	*	*	*	*	New.CleanUp.ReferenceOTU9023 Even3_393466	*
H	41817	80	96.2	+	0	0	526I80M790I	New.CleanUp.ReferenceOTU9028 Even3_37613	188706
H	94387	100	93.0	+	0	0	527I100M766I	New.CleanUp.ReferenceOTU903 Even3_239086	4458304
H	64825	85	96.5	+	0	0	501I85M927I	New.CleanUp.ReferenceOTU9034 Even1_314024	813479
H	64755	92	96.7	+	0	0	467I92M865I	New.CleanUp.ReferenceOTU9037 Even3_107820	2555599
H	83861	94	96.8	+	0	0	499I94M766I	New.CleanUp.ReferenceOTU9041 Even1_301428	4347159
L	45105	1494	*	*	*	*	*	167741	*
H	45105	93	94.6	+	0	0	515I93M886I	New.CleanUp.ReferenceOTU9043 Even3_308086	167741
H	63344	100	95.0	+	0	0	494I100M754I	New.CleanUp.ReferenceOTU9044 Even1_259637	996970
H	29555	100	90.0	+	0	0	526I100M774I	New.CleanUp.ReferenceOTU9046 Even3_391069	281015
H	23917	100	96.0	+	0	0	520I100M764I	New.CleanUp.ReferenceOTU9047 Even3_393285	324733
H	17852	100	96.0	+	0	0	517I100M918I	New.CleanUp.ReferenceOTU9048 Even2_346131	471180
L	8497	1500	*	*	*	*	*	586639	*
H	8497	81	90.1	+	0	0	527I81M892I	New.CleanUp.ReferenceOTU905 Even3_271038	586639
H	20710	100	96.0	+	0	0	527I100M747I	New.CleanUp.ReferenceOTU9058 Even1_303375	347875
L	55503	1489	*	*	*	*	*	10390	*
H	55503	82	95.1	+	0	0	516I82M891I	New.CleanUp.ReferenceOTU906 Even1_291425	10390
L	24664	1393	*	*	*	*	*	319197	*
H	24664	84	95.2	+	0	0	518I84M791I	New.CleanUp.ReferenceOTU9061 Even1_356653	319197
H	15084	100	94.0	+	0	0	411I100M817I	New.CleanUp.ReferenceOTU9062 Even2_134794	535955
H	22618	100	90.0	+	0	0	519I100M771I	New.CleanUp.ReferenceOTU9068 Even3_308551	333949
L	41681	1373	*	*	*	*	*	189384	*
H	41681	90	92.2	+	0	0	528I90M755I	New.CleanUp.ReferenceOTU907 Even2_291204	189384
H	22782	90	92.2	+	0	0	488I90M749I	New.CleanUp.ReferenceOTU9071 Even2_360589	332764
H	60701	100	93.0	+	0	0	484I100M797I	New.CleanUp.ReferenceOTU9073 Even2_375690	1105928
H	60701	100	96.0	+	0	0	484I100M797I	New.CleanUp.ReferenceOTU9076 Even3_378878	1105928
H	36452	94	96.8	+	0	0	416I94M894I	New.CleanUp.ReferenceOTU9077 Even2_221474	233993
N	*	100	*	*	*	*	*	New.CleanUp.ReferenceOTU9081 Even3_391025	*
H	66087	95	93.7	+	0	0	466I95M820I	New.CleanUp.ReferenceOTU9089 Even1_390697	1122622
H	44477	100	96.0	+	0	0	515I100M772I	New.CleanUp.ReferenceOTU9092 Even3_346220	174301
H	12829	100	95.0	+	0	0	488I100M862I	New.CleanUp.ReferenceOTU9098 Even1_83284	553611
L	36086	1483	*	*	*	*	*	237138	*
H	36086	77	92.2	+	0	0	495I77M911I	New.CleanUp.ReferenceOTU9103 Even1_393350	237138
H	43402	90	95.6	+	0	0	532I90M781I	New.CleanUp.ReferenceOTU9111 Even1_182151	180112
H	19737	77	96.1	+	0	0	488I77M790I	New.CleanUp.ReferenceOTU9117 Even2_208751	355002
H	79925	76	94.7	+	0	0	521I5MI71M796I	New.CleanUp.ReferenceOTU9120 Even2_286551	4306836
H	21733	93	95.7	+	0	0	451I93M881I	New.CleanUp.ReferenceOTU9122 Even1_37192	340298
H	78580	92	95.7	+	0	0	477I92M776I	New.CleanUp.ReferenceOTU9129 Even1_346798	683112
N	*	100	*	*	*	*	*	New.CleanUp.ReferenceOTU913 Even3_271033	*
H	20051	100	96.0	+	0	0	503I100M752I	New.CleanUp.ReferenceOTU9130 Even1_281688	352617
H	25979	76	96.1	+	0	0	507I76M796I	New.CleanUp.ReferenceOTU9132 Even3_396889	309696
H	61181	84	95.2	+	0	0	495I84M785I	New.CleanUp.ReferenceOTU9134 Even1_281033	846127
L	82537	1505	*	*	*	*	*	4334052	*
H	82537	85	91.8	+	0	0	526I85M894I	New.CleanUp.ReferenceOTU9136 Even2_77940	4334052
L	7228	1360	*	*	*	*	*	617766	*
H	7228	89	93.3	+	0	0	437I89M834I	New.CleanUp.ReferenceOTU9138 Even2_340278	617766
H	43402	81	95.1	+	0	0	532I81M790I	New.CleanUp.ReferenceOTU9140 Even1_274873	180112
L	89850	1373	*	*	*	*	*	4410938	*
H	89850	100	90.0	+	0	0	513I100M760I	New.CleanUp.ReferenceOTU9141 Even1_346795	4410938
H	60701	94	96.8	+	0	0	484I94M803I	New.CleanUp.ReferenceOTU9144 Even1_275479	1105928
N	*	81	*	*	*	*	*	New.CleanUp.ReferenceOTU9147 Even2_274183	*
H	76439	87	93.1	+	0	0	449I87M772I	New.CleanUp.ReferenceOTU915 Even3_397455	627321
H	39371	91	91.2	+	0	0	547I91M831I	New.CleanUp.ReferenceOTU9154 Even1_293653	202715
H	43197	92	94.6	+	0	0	507I92M783I	New.CleanUp.ReferenceOTU9156 Even3_383305	181193
H	45632	96	94.8	+	0	0	547I96M921I	New.CleanUp.ReferenceOTU9160 Even3_383650	161579
H	70405	91	96.7	+	0	0	485I91M864I	New.CleanUp.ReferenceOTU9161 Even2_301708	3244671
H	20881	100	96.0	+	0	0	486I100M771I	New.CleanUp.ReferenceOTU9166 Even3_276248	346666
H	55016	100	91.0	+	0	0	441I100M848I	New.CleanUp.ReferenceOTU9168 Even2_372003	15728
H	39814	77	96.1	+	0	0	521I77M794I	New.CleanUp.ReferenceOTU9187 Even1_251743	199190
H	17852	81	96.3	+	0	0	517I81M937I	New.CleanUp.ReferenceOTU9188 Even2_128897	471180
H	70294	95	93.7	+	0	0	501I95M850I	New.CleanUp.ReferenceOTU9190 Even3_323202	3232397
H	8811	84	96.4	+	0	0	507I84M900I	New.CleanUp.ReferenceOTU9192 Even3_164314	584375
H	22847	100	95.0	+	0	0	503I100M752I	New.CleanUp.ReferenceOTU9197 Even3_386070	332317
L	96547	1395	*	*	*	*	*	4480777	*
H	96547	93	92.5	+	0	0	526I93M776I	New.CleanUp.ReferenceOTU9198 Even1_351293	4480777
H	42823	88	96.6	+	0	0	515I88M784I	New.CleanUp.ReferenceOTU9199 Even2_323607	183139
L	81915	1493	*	*	*	*	*	4327205	*
H	81915	100	90.0	+	0	0	517I95M5I5M871I	New.CleanUp.ReferenceOTU920 Even1_314156	4327205
H	55214	92	96.7	+	0	0	522I92M897I	New.CleanUp.ReferenceOTU9201 Even2_209570	13811
H	55508	100	95.0	+	0	0	513I100M893I	New.CleanUp.ReferenceOTU9202 Even2_377984	10212
L	22799	1390	*	*	*	*	*	332651	*
H	22799	93	90.3	+	0	0	514I93M783I	New.CleanUp.ReferenceOTU9208 Even3_271049	332651
H	86179	95	94.7	+	0	0	530I95M775I	New.CleanUp.ReferenceOTU9211 Even3_367504	4372058
H	28525	77	90.9	+	0	0	526I77M795I	New.CleanUp.ReferenceOTU9224 Even1_224728	292634
H	41286	95	95.8	+	0	0	521I95M777I	New.CleanUp.ReferenceOTU9225 Even3_114959	191487
L	87969	1465	*	*	*	*	*	4390854	*
H	87969	100	96.0	+	0	0	504I100M861I	New.CleanUp.ReferenceOTU9226 Even1_5476	4390854
H	28433	100	96.0	+	0	0	520I100M754I	New.CleanUp.ReferenceOTU9227 Even3_171804	293262
L	21661	1378	*	*	*	*	*	340783	*
H	21661	91	92.3	+	0	0	500I91M787I	New.CleanUp.ReferenceOTU9228 Even3_182275	340783
H	5722	100	95.0	+	0	0	526I100M787I	New.CleanUp.ReferenceOTU9231 Even2_63454	725048
L	54684	1414	*	*	*	*	*	25005	*
H	54684	100	93.0	+	0	0	509I100M805I	New.CleanUp.ReferenceOTU9242 Even2_290237	25005
H	26150	84	95.2	+	0	0	515I84M791I	New.CleanUp.ReferenceOTU9244 Even2_280042	308338
H	56111	93	95.7	+	0	0	522I93M879I	New.CleanUp.ReferenceOTU9248 Even1_310032	1992
L	14404	1369	*	*	*	*	*	541079	*
H	14404	77	90.9	+	0	0	452I77M840I	New.CleanUp.ReferenceOTU9249 Even2_105387	541079
H	58216	100	90.0	+	0	0	493I100M836I	New.CleanUp.ReferenceOTU925 Even1_364702	1749791
H	36452	100	96.0	+	0	0	416I100M888I	New.CleanUp.ReferenceOTU9250 Even1_8441	233993
H	61755	93	96.8	+	0	0	490I93M855I	New.CleanUp.ReferenceOTU9252 Even2_218182	2177184
H	1847	92	91.3	+	0	0	481I20MD71M844I	New.CleanUp.ReferenceOTU9253 Even2_264472	4484466
H	27419	93	91.4	+	0	0	525I93M778I	New.CleanUp.ReferenceOTU9254 Even3_50401	299830
N	*	100	*	*	*	*	*	New.CleanUp.ReferenceOTU9262 Even1_378469	*
H	55214	100	96.0	+	0	0	522I100M889I	New.CleanUp.ReferenceOTU9267 Even3_4150	13811
H	16275	100	94.0	+	0	0	522I100M772I	New.CleanUp.ReferenceOTU9270 Even2_269517	522595
H	60528	92	96.7	+	0	0	527I92M841I	New.CleanUp.ReferenceOTU9273 Even1_215153	825989
H	49824	91	95.6	+	0	0	515I91M876I	New.CleanUp.ReferenceOTU9274 Even1_333642	115049
H	19371	86	96.5	+	0	0	487I86M783I	New.CleanUp.ReferenceOTU9281 Even2_337796	359098
L	33165	1320	*	*	*	*	*	258653	*
H	33165	90	91.1	+	0	0	447I90M783I	New.CleanUp.ReferenceOTU9289 Even1_80395	258653
H	39814	100	94.0	+	0	0	521I100M771I	New.CleanUp.ReferenceOTU929 Even3_281724	199190
H	26385	96	91.7	+	0	0	504I96M772I	New.CleanUp.ReferenceOTU9291 Even1_333462	306633
H	53078	94	95.7	+	0	0	496I94M812I	New.CleanUp.ReferenceOTU9294 Even1_359368	72820
H	44163	92	96.7	+	0	0	528I92M777I	New.CleanUp.ReferenceOTU9296 Even1_163684	176034
N	*	100	*	*	*	*	*	New.CleanUp.ReferenceOTU9298 Even2_390949	*
H	83861	81	92.6	+	0	0	499I81M779I	New.CleanUp.ReferenceOTU9299 Even2_390948	4347159
N	*	83	*	*	*	*	*	New.CleanUp.ReferenceOTU9301 Even3_375370	*
H	17390	92	94.6	+	0	0	507I92M787I	New.CleanUp.ReferenceOTU9307 Even2_31178	511008
H	17719	95	95.8	+	0	0	496I95M758I	New.CleanUp.ReferenceOTU9308 Even2_279937	505565
H	2815	90	96.7	+	0	0	511I90M778I	New.CleanUp.ReferenceOTU9310 Even3_11707	851323
H	16293	100	93.0	+	0	0	518I100M764I	New.CleanUp.ReferenceOTU9311 Even1_196182	522353
H	61436	100	90.0	+	0	0	491I100M847I	New.CleanUp.ReferenceOTU9315 Even1_360507	2134452
H	53078	100	95.0	+	0	0	496I100M806I	New.CleanUp.ReferenceOTU9320 Even3_96771	72820
H	25643	100	94.0	+	0	0	525I100M768I	New.CleanUp.ReferenceOTU9321 Even2_287547	311961
H	54237	94	95.7	+	0	0	492I94M871I	New.CleanUp.ReferenceOTU9322 Even2_287544	38357
H	42534	100	91.0	+	0	0	524I100M770I	New.CleanUp.ReferenceOTU9323 Even1_114855	184725
N	*	100	*	*	*	*	*	New.CleanUp.ReferenceOTU9325 Even2_388795	*
N	*	100	*	*	*	*	*	New.CleanUp.ReferenceOTU9328 Even2_388791	*
H	60701	100	92.0	+	0	0	484I100M797I	New.CleanUp.ReferenceOTU934 Even1_282476	1105928
H	19184	100	95.0	+	0	0	506I100M779I	New.CleanUp.ReferenceOTU9343 Even2_35074	362214
H	1847	100	91.0	+	0	0	481I20MD79M836I	New.CleanUp.ReferenceOTU9348 Even3_364506	4484466
H	36359	100	95.0	+	0	0	487I100M912I	New.CleanUp.ReferenceOTU9351 Even1_222221	235262
H	44546	83	90.4	+	0	0	514I83M792I	New.CleanUp.ReferenceOTU9352 Even2_346852	173917
N	*	86	*	*	*	*	*	New.CleanUp.ReferenceOTU9353 Even2_341802	*
H	7857	80	96.2	+	0	0	503I80M762I	New.CleanUp.ReferenceOTU9361 Even2_356455	591285
H	46105	100	94.0	+	0	0	507I100M847I	New.CleanUp.ReferenceOTU9366 Even3_66032	158215
H	24573	93	96.8	+	0	0	508I93M780I	New.CleanUp.ReferenceOTU9371 Even3_254918	319870
H	68174	100	96.0	+	0	0	485I100M861I	New.CleanUp.ReferenceOTU9372 Even2_202510	1142029
H	19702	81	96.3	+	0	0	516I81M777I	New.CleanUp.ReferenceOTU9380 Even2_182991	355269
L	39845	1380	*	*	*	*	*	199036	*
H	39845	93	91.4	+	0	0	513I93M774I	New.CleanUp.ReferenceOTU9387 Even2_279064	199036
H	49675	100	96.0	+	0	0	524I100M752I	New.CleanUp.ReferenceOTU9388 Even1_381146	127309
H	41817	100	95.0	+	0	0	526I100M770I	New.CleanUp.ReferenceOTU9394 Even2_172233	188706
H	17731	83	95.2	+	0	0	493I83M767I	New.CleanUp.ReferenceOTU9398 Even2_126648	503372
H	18993	100	93.0	+	0	0	526I100M758I	New.CleanUp.ReferenceOTU9399 Even1_388467	365496
H	85676	81	92.6	+	0	0	467I81M860I	New.CleanUp.ReferenceOTU94 Even3_9176	4366525
H	17808	100	95.0	+	0	0	495I100M754I	New.CleanUp.ReferenceOTU940 Even1_364907	495070
H	55508	77	94.8	+	0	0	513I77M916I	New.CleanUp.ReferenceOTU9400 Even1_393166	10212
H	20051	84	91.7	+	0	0	503I84M768I	New.CleanUp.ReferenceOTU9402 Even3_372146	352617
H	24573	96	96.9	+	0	0	508I96M777I	New.CleanUp.ReferenceOTU9404 Even2_120391	319870
H	21391	95	96.8	+	0	0	495I95M771I	New.CleanUp.ReferenceOTU941 Even3_309303	342844
H	49775	77	94.8	+	0	0	495I77M782I	New.CleanUp.ReferenceOTU9412 Even3_280372	120281
H	84801	100	96.0	+	0	0	483I100M858I	New.CleanUp.ReferenceOTU9415 Even1_310202	4357353
L	10262	1461	*	*	*	*	*	573686	*
H	10262	82	93.9	+	0	0	502I82M877I	New.CleanUp.ReferenceOTU9416 Even3_313966	573686
L	42624	1376	*	*	*	*	*	184142	*
H	42624	83	96.4	+	0	0	504I83M789I	New.CleanUp.ReferenceOTU9418 Even3_312215	184142
N	*	100	*	*	*	*	*	New.CleanUp.ReferenceOTU9426 Even2_232094	*
H	61851	96	96.9	+	0	0	491I96M845I	New.CleanUp.ReferenceOTU9428 Even1_283992	2189140
L	59503	1406	*	*	*	*	*	1904497	*
H	59503	83	95.2	+	0	0	465I83M858I	New.CleanUp.ReferenceOTU9430 Even2_213512	1904497
H	36037	92	95.7	+	0	0	484I92M866I	New.CleanUp.ReferenceOTU9436 Even1_323308	237444
H	20051	100	93.0	+	0	0	503I100M752I	New.CleanUp.ReferenceOTU9439 Even2_379725	352617
H	17731	100	96.0	+	0	0	493I100M750I	New.CleanUp.ReferenceOTU9440 Even2_321609	503372
H	1444	94	96.8	+	0	0	493I94M761I	New.CleanUp.ReferenceOTU9444 Even1_374837	1000592
H	46141	95	95.8	+	0	0	506I95M854I	New.CleanUp.ReferenceOTU9448 Even1_367993	157905
N	*	100	*	*	*	*	*	New.CleanUp.ReferenceOTU945 Even3_393484	*
H	61181	100	96.0	+	0	0	495I100M769I	New.CleanUp.ReferenceOTU9450 Even3_123511	846127
N	*	100	*	*	*	*	*	New.CleanUp.ReferenceOTU9452 Even2_314038	*
H	68174	88	96.6	+	0	0	485I88M873I	New.CleanUp.ReferenceOTU9456 Even1_336138	1142029
H	43688	95	94.7	+	0	0	514I95M780I	New.CleanUp.ReferenceOTU9465 Even1_327684	178612
L	23317	1355	*	*	*	*	*	328892	*
H	23317	83	96.4	+	0	0	497I83M775I	New.CleanUp.ReferenceOTU9468 Even2_364265	328892
H	12829	100	94.0	+	0	0	488I100M862I	New.CleanUp.ReferenceOTU9473 Even3_40281	553611
H	22094	91	96.7	+	0	0	518I91M889I	New.CleanUp.ReferenceOTU9478 Even3_88867	337735
H	40396	92	95.7	+	0	0	514I92M783I	New.CleanUp.ReferenceOTU9487 Even1_309804	196057
H	94577	96	96.9	+	0	0	431I96M835I	New.CleanUp.ReferenceOTU9495 Even2_386305	4460263
H	85814	85	90.6	+	0	0	506I85M861I	New.CleanUp.ReferenceOTU9498 Even1_378890	4368216
H	20439	100	96.0	+	0	0	488I100M774I	New.CleanUp.ReferenceOTU9499 Even3_298786	349902
H	19400	96	95.8	+	0	0	516I96M762I	New.CleanUp.ReferenceOTU9505 Even1_388271	358493
H	17850	86	95.3	+	0	0	528I86M933I	New.CleanUp.ReferenceOTU9507 Even1_383915	484304
H	40293	77	94.8	+	0	0	525I77M788I	New.CleanUp.ReferenceOTU9509 Even1_307848	196604
H	55509	95	96.8	+	0	0	513I95M898I	New.CleanUp.ReferenceOTU9510 Even3_10724	10211
H	18866	95	95.8	+	0	0	487I95M768I	New.CleanUp.ReferenceOTU9512 Even3_394586	367813
H	46140	100	95.0	+	0	0	510I100M847I	New.CleanUp.ReferenceOTU952 Even2_97317	157921
H	55214	95	96.8	+	0	0	522I95M894I	New.CleanUp.ReferenceOTU9520 Even1_61036	13811
H	17852	81	96.3	+	0	0	517I81M937I	New.CleanUp.ReferenceOTU9524 Even1_215746	471180
H	55134	100	93.0	+	0	0	512I100M757I	New.CleanUp.ReferenceOTU9525 Even1_74587	14287
H	18993	100	95.0	+	0	0	526I100M758I	New.CleanUp.ReferenceOTU9528 Even3_239599	365496
H	23830	83	95.2	+	0	0	515I83M792I	New.CleanUp.ReferenceOTU9533 Even2_276364	325384
H	24573	100	94.0	+	0	0	508I100M773I	New.CleanUp.ReferenceOTU9539 Even2_95952	319870
N	*	100	*	*	*	*	*	New.CleanUp.ReferenceOTU9545 Even3_393559	*
H	41739	85	94.1	+	0	0	533I85M786I	New.CleanUp.ReferenceOTU9547 Even1_283656	189090
H	16519	100	93.0	+	0	0	519I100M777I	New.CleanUp.ReferenceOTU9548 Even3_79121	519290
H	42039	92	96.7	+	0	0	512I92M778I	New.CleanUp.ReferenceOTU9549 Even3_19499	187388
H	64825	91	95.6	+	0	0	501I91M921I	New.CleanUp.ReferenceOTU9552 Even2_134443	813479
L	96511	1464	*	*	*	*	*	4480392	*
H	96511	100	92.0	+	0	0	506I100M858I	New.CleanUp.ReferenceOTU956 Even1_323536	4480392
H	21159	90	96.7	+	0	0	486I90M785I	New.CleanUp.ReferenceOTU9560 Even3_130680	344578
H	40209	94	94.7	+	0	0	514I40MI54M781I	New.CleanUp.ReferenceOTU9562 Even1_304832	197050
N	*	80	*	*	*	*	*	New.CleanUp.ReferenceOTU9564 Even2_392376	*
N	*	100	*	*	*	*	*	New.CleanUp.ReferenceOTU9577 Even3_395184	*
N	*	100	*	*	*	*	*	New.CleanUp.ReferenceOTU9578 Even3_395187	*
H	41159	93	96.8	+	0	0	514I93M782I	New.CleanUp.ReferenceOTU958 Even2_230392	192133
H	84801	95	96.8	+	0	0	483I95M863I	New.CleanUp.ReferenceOTU9588 Even1_350370	4357353
H	21159	92	96.7	+	0	0	486I92M783I	New.CleanUp.ReferenceOTU9589 Even3_276008	344578
H	55214	86	95.3	+	0	0	522I86M903I	New.CleanUp.ReferenceOTU9590 Even1_393089	13811
H	39955	100	95.0	+	0	0	499I100M770I	New.CleanUp.ReferenceOTU9593 Even1_323682	198449
H	36436	100	95.0	+	0	0	465I100M877I	New.CleanUp.ReferenceOTU9597 Even3_378121	234148
L	42914	1389	*	*	*	*	*	182729	*
H	42914	87	92.0	+	0	0	515I87M787I	New.CleanUp.ReferenceOTU9599 Even1_279779	182729
L	45101	1482	*	*	*	*	*	167760	*
H	45101	82	92.7	+	0	0	528I82M872I	New.CleanUp.ReferenceOTU96 Even2_297249	167760
H	29153	84	94.0	+	0	0	506I84M785I	New.CleanUp.ReferenceOTU960 Even3_106867	288930
H	23917	100	96.0	+	0	0	520I100M764I	New.CleanUp.ReferenceOTU9601 Even1_290116	324733
H	46141	100	92.0	+	0	0	506I100M849I	New.CleanUp.ReferenceOTU9605 Even2_314210	157905
L	84048	1373	*	*	*	*	*	4349094	*
H	84048	93	96.8	+	0	0	497I93M783I	New.CleanUp.ReferenceOTU9606 Even1_59250	4349094
H	41404	100	94.0	+	0	0	515I100M775I	New.CleanUp.ReferenceOTU961 Even3_41335	190902
H	22788	81	96.3	+	0	0	548I81M793I	New.CleanUp.ReferenceOTU9612 Even2_238172	332718
H	55214	81	96.3	+	0	0	522I81M908I	New.CleanUp.ReferenceOTU9620 Even1_236337	13811
N	*	100	*	*	*	*	*	New.CleanUp.ReferenceOTU9621 Even2_388787	*
H	24573	100	95.0	+	0	0	508I100M773I	New.CleanUp.ReferenceOTU9623 Even1_177222	319870
L	90251	1440	*	*	*	*	*	4415121	*
H	90251	94	94.7	+	0	0	491I94M855I	New.CleanUp.ReferenceOTU9625 Even1_302019	4415121
H	80180	95	96.8	+	0	0	483I95M841I	New.CleanUp.ReferenceOTU9626 Even1_367148	4309033
L	45846	1452	*	*	*	*	*	160178	*
H	45846	96	94.8	+	0	0	506I39MD56M851I	New.CleanUp.ReferenceOTU9627 Even2_281008	160178
H	66569	90	96.7	+	0	0	483I90M872I	New.CleanUp.ReferenceOTU9629 Even1_367142	2771073
H	70294	100	94.0	+	0	0	501I100M845I	New.CleanUp.ReferenceOTU9631 Even3_309896	3232397
L	44254	1400	*	*	*	*	*	175485	*
H	44254	100	95.0	+	0	0	527I100M773I	New.CleanUp.ReferenceOTU9635 Even3_8985	175485
H	22392	100	93.0	+	0	0	501I100M769I	New.CleanUp.ReferenceOTU9637 Even3_17090	335670
H	39879	100	96.0	+	0	0	527I100M770I	New.CleanUp.ReferenceOTU9639 Even3_299553	198866
H	60701	100	94.0	+	0	0	484I100M797I	New.CleanUp.ReferenceOTU9644 Even2_33083	1105928
H	17852	86	96.5	+	0	0	517I86M932I	New.CleanUp.ReferenceOTU9645 Even1_86068	471180
H	55508	93	93.5	+	0	0	513I93M900I	New.CleanUp.ReferenceOTU9656 Even1_281651	10212
L	37355	1495	*	*	*	*	*	223368	*
H	37355	84	95.2	+	0	0	504I84M907I	New.CleanUp.ReferenceOTU9658 Even1_306400	223368
L	47960	1397	*	*	*	*	*	144077	*
H	47960	91	93.4	+	0	0	526I91M780I	New.CleanUp.ReferenceOTU9665 Even3_185881	144077
H	40890	92	93.5	+	0	0	532I92M776I	New.CleanUp.ReferenceOTU9670 Even3_264268	193623
H	47712	100	96.0	+	0	0	500I100M752I	New.CleanUp.ReferenceOTU9675 Even1_363262	145801
H	55214	92	95.7	+	0	0	522I92M897I	New.CleanUp.ReferenceOTU9677 Even1_175163	13811
H	43688	89	92.1	+	0	0	514I89M786I	New.CleanUp.ReferenceOTU9680 Even3_366928	178612
N	*	100	*	*	*	*	*	New.CleanUp.ReferenceOTU9683 Even1_266156	*
L	24379	1397	*	*	*	*	*	321182	*
H	24379	100	92.0	+	0	0	519I73MI27M777I	New.CleanUp.ReferenceOTU9687 Even1_297163	321182
H	47712	100	94.0	+	0	0	500I100M752I	New.CleanUp.ReferenceOTU9689 Even1_310018	145801
H	62902	94	96.8	+	0	0	505I94M916I	New.CleanUp.ReferenceOTU969 Even2_390378	825808
H	26006	100	95.0	+	0	0	504I100M777I	New.CleanUp.ReferenceOTU9696 Even2_284189	309480
H	23132	82	96.3	+	0	0	527I82M783I	New.CleanUp.ReferenceOTU9698 Even1_234080	330294
L	39319	1527	*	*	*	*	*	203157	*
H	39319	91	92.3	+	0	0	523I91M913I	New.CleanUp.ReferenceOTU970 Even3_279744	203157
H	12256	100	93.0	+	0	0	528I100M874I	New.CleanUp.ReferenceOTU9700 Even2_284181	558081
L	44377	1392	*	*	*	*	*	174792	*
H	44377	100	93.0	+	0	0	517I100M775I	New.CleanUp.ReferenceOTU9704 Even2_344011	174792
H	4878	100	96.0	+	0	0	516I100M828I	New.CleanUp.ReferenceOTU9708 Even2_264496	788593
H	41419	89	96.6	+	0	0	516I89M791I	New.CleanUp.ReferenceOTU971 Even1_378146	190772
H	42823	100	93.0	+	0	0	515I100M772I	New.CleanUp.ReferenceOTU9713 Even2_290211	183139
L	6216	1463	*	*	*	*	*	689851	*
H	6216	100	91.0	+	0	0	504I100M859I	New.CleanUp.ReferenceOTU9723 Even3_346439	689851
H	13133	84	95.2	+	0	0	475I84M860I	New.CleanUp.ReferenceOTU973 Even1_280839	550960
H	13352	93	95.7	+	0	0	496I93M893I	New.CleanUp.ReferenceOTU9731 Even1_305718	549232
N	*	87	*	*	*	*	*	New.CleanUp.ReferenceOTU9736 Even3_386665	*
N	*	95	*	*	*	*	*	New.CleanUp.ReferenceOTU9738 Even3_386662	*
N	*	100	*	*	*	*	*	New.CleanUp.ReferenceOTU9739 Even2_378736	*
N	*	100	*	*	*	*	*	New.CleanUp.ReferenceOTU9740 Even2_378731	*
N	*	93	*	*	*	*	*	New.CleanUp.ReferenceOTU9741 Even2_378732	*
H	43840	89	96.6	+	0	0	515I89M786I	New.CleanUp.ReferenceOTU9744 Even2_2588	177758
H	13352	93	96.8	+	0	0	496I93M893I	New.CleanUp.ReferenceOTU9752 Even1_359613	549232
H	82713	100	96.0	+	0	0	425I100M907I	New.CleanUp.ReferenceOTU9753 Even3_368657	4335781
H	41262	76	93.4	+	0	0	466I76M797I	New.CleanUp.ReferenceOTU976 Even2_301814	191595
H	36359	100	94.0	+	0	0	487I100M912I	New.CleanUp.ReferenceOTU9761 Even3_378924	235262
H	27763	100	94.0	+	0	0	532I100M746I	New.CleanUp.ReferenceOTU9770 Even3_15122	297635
H	29368	100	96.0	+	0	0	532I100M766I	New.CleanUp.ReferenceOTU9772 Even3_5264	287510
H	88415	83	96.4	+	0	0	495I83M857I	New.CleanUp.ReferenceOTU9779 Even1_301121	4395677
H	17731	100	96.0	+	0	0	493I100M750I	New.CleanUp.ReferenceOTU9782 Even3_217955	503372
H	55508	76	93.4	+	0	0	513I76M917I	New.CleanUp.ReferenceOTU9783 Even3_170155	10212
H	60474	100	90.0	+	0	0	506I100M757I	New.CleanUp.ReferenceOTU9784 Even1_386880	1022184
H	68174	84	96.4	+	0	0	485I84M877I	New.CleanUp.ReferenceOTU9788 Even2_252028	1142029
H	75259	100	96.0	+	0	0	484I100M860I	New.CleanUp.ReferenceOTU980 Even2_310158	3866932
N	*	85	*	*	*	*	*	New.CleanUp.ReferenceOTU9802 Even2_278020	*
H	60701	100	96.0	+	0	0	484I100M797I	New.CleanUp.ReferenceOTU9804 Even1_360522	1105928
H	17852	87	96.6	+	0	0	517I87M931I	New.CleanUp.ReferenceOTU9806 Even3_120737	471180
L	59270	1504	*	*	*	*	*	1134377	*
H	59270	100	93.0	+	0	0	514I100M890I	New.CleanUp.ReferenceOTU981 Even2_310155	1134377
H	55524	96	95.8	+	0	0	504I96M882I	New.CleanUp.ReferenceOTU9814 Even3_367060	9870
H	42039	100	96.0	+	0	0	512I100M770I	New.CleanUp.ReferenceOTU9817 Even3_127703	187388
H	58044	100	91.0	+	0	0	500I100M847I	New.CleanUp.ReferenceOTU9819 Even3_302063	1726408
H	25030	100	96.0	+	0	0	533I100M770I	New.CleanUp.ReferenceOTU9822 Even1_185656	316587
H	21687	92	96.7	+	0	0	501I92M785I	New.CleanUp.ReferenceOTU9824 Even1_138438	340642
H	25021	100	95.0	+	0	0	503I100M766I	New.CleanUp.ReferenceOTU9826 Even2_80152	316642
H	20051	100	96.0	+	0	0	503I100M752I	New.CleanUp.ReferenceOTU9829 Even2_281493	352617
N	*	100	*	*	*	*	*	New.CleanUp.ReferenceOTU9830 Even3_384364	*
H	16275	96	96.9	+	0	0	522I96M776I	New.CleanUp.ReferenceOTU9833 Even1_393868	522595
H	17858	100	94.0	+	0	0	519I100M906I	New.CleanUp.ReferenceOTU9836 Even1_290321	470117
H	24669	86	96.5	+	0	0	515I86M789I	New.CleanUp.ReferenceOTU9843 Even1_290638	319165
N	*	100	*	*	*	*	*	New.CleanUp.ReferenceOTU9845 Even3_388727	*
N	*	93	*	*	*	*	*	New.CleanUp.ReferenceOTU9847 Even3_388723	*
N	*	100	*	*	*	*	*	New.CleanUp.ReferenceOTU9848 Even3_388722	*
H	40426	93	93.5	+	0	0	517I93M782I	New.CleanUp.ReferenceOTU9851 Even1_25592	195883
N	*	94	*	*	*	*	*	New.CleanUp.ReferenceOTU9858 Even2_395390	*
H	49775	77	96.1	+	0	0	495I77M782I	New.CleanUp.ReferenceOTU987 Even3_297121	120281
H	70294	83	96.4	+	0	0	501I83M862I	New.CleanUp.ReferenceOTU9882 Even3_55790	3232397
L	51236	1452	*	*	*	*	*	104610	*
H	51236	78	92.3	+	0	0	499I78M875I	New.CleanUp.ReferenceOTU9883 Even3_124612	104610
H	26006	100	92.0	+	0	0	504I100M777I	New.CleanUp.ReferenceOTU9884 Even2_384367	309480
H	70405	78	94.9	+	0	0	485I78M877I	New.CleanUp.ReferenceOTU9885 Even3_181537	3244671
H	90961	82	95.1	+	0	0	489I82M865I	New.CleanUp.ReferenceOTU9886 Even3_36685	4422039
H	60701	91	95.6	+	0	0	484I91M806I	New.CleanUp.ReferenceOTU9887 Even1_302264	1105928
H	66087	100	93.0	+	0	0	466I100M815I	New.CleanUp.ReferenceOTU9890 Even1_91646	1122622
H	12256	94	96.8	+	0	0	528I94M880I	New.CleanUp.ReferenceOTU9898 Even2_70742	558081
L	42085	1397	*	*	*	*	*	187155	*
H	42085	85	90.6	+	0	0	525I85M787I	New.CleanUp.ReferenceOTU9900 Even2_267755	187155
H	87125	95	93.7	+	0	0	501I95M851I	New.CleanUp.ReferenceOTU9902 Even2_63498	4381913
H	52269	81	93.8	+	0	0	524I81M898I	New.CleanUp.ReferenceOTU9906 Even2_267752	91557
H	76503	100	96.0	+	0	0	501I100M848I	New.CleanUp.ReferenceOTU9909 Even2_289589	4020502
H	19737	100	95.0	+	0	0	488I100M767I	New.CleanUp.ReferenceOTU9913 Even3_299105	355002
H	83861	92	92.4	+	0	0	499I92M768I	New.CleanUp.ReferenceOTU9925 Even3_397035	4347159
H	31646	94	90.4	+	0	0	518I94M884I	New.CleanUp.ReferenceOTU9926 Even3_397034	268101
H	92147	92	94.6	+	0	0	463I92M858I	New.CleanUp.ReferenceOTU993 Even1_165194	4434334
H	17852	100	95.0	+	0	0	517I100M918I	New.CleanUp.ReferenceOTU9933 Even3_281337	471180
H	45193	96	96.9	+	0	0	517I96M866I	New.CleanUp.ReferenceOTU9945 Even2_66847	166692
H	7341	96	94.8	+	0	0	524I96M879I	New.CleanUp.ReferenceOTU9946 Even1_393333	610462
H	62902	100	96.0	+	0	0	505I100M910I	New.CleanUp.ReferenceOTU9950 Even2_266089	825808
H	55508	95	95.8	+	0	0	513I95M898I	New.CleanUp.ReferenceOTU9953 Even2_381535	10212
H	52925	96	95.8	+	0	0	411I96M885I	New.CleanUp.ReferenceOTU9956 Even2_386321	77458
L	38652	1363	*	*	*	*	*	210216	*
H	38652	100	95.0	+	0	0	489I100M774I	New.CleanUp.ReferenceOTU9962 Even2_63649	210216
H	39814	79	96.2	+	0	0	521I79M792I	New.CleanUp.ReferenceOTU9972 Even1_8136	199190
N	*	100	*	*	*	*	*	New.CleanUp.ReferenceOTU9973 Even3_381724	*
L	96022	1375	*	*	*	*	*	4475721	*
H	96022	100	91.0	+	0	0	460I100M815I	New.CleanUp.ReferenceOTU9980 Even3_74642	4475721
H	12256	91	96.7	+	0	0	528I91M883I	New.CleanUp.ReferenceOTU9983 Even1_341622	558081
H	93752	93	95.7	+	0	0	495I93M869I	New.CleanUp.ReferenceOTU9990 Even2_137317	4451899
L	42835	1391	*	*	*	*	*	183089	*
H	42835	100	96.0	+	0	0	516I100M775I	New.CleanUp.ReferenceOTU9991 Even1_230553	183089
H	40197	93	96.8	+	0	0	537I93M772I	New.CleanUp.ReferenceOTU9992 Even3_8429	197105
H	56753	90	94.4	+	0	0	471I90M844I	New.CleanUp.ReferenceOTU9994 Even1_114741	609704
H	46105	100	92.0	+	0	0	507I100M847I	New.CleanUp.ReferenceOTU9995 Even1_293887	158215
N	*	83	*	*	*	*	*	New.CleanUp.ReferenceOTU9996 Even2_397094	*
D	3	2	*	*	*	*	100.0	1111874	*
D	74	2	*	*	*	*	91.4	1110836	*
D	102	2	*	*	*	*	91.4	1110402	*
D	141	2	*	*	*	*	100.0	1109766	*
D	235	2	*	*	*	*	100.0	1108417	*
D	271	2	*	*	*	*	91.4	1107948	*
D	543	2	*	*	*	*	94.0	1102554	*
D	619	2	*	*	*	*	98.8	1094340	*
D	692	2	*	*	*	*	97.6	1086621	*
D	788	2	*	*	*	*	99.0	1076587	*
D	848	2	*	*	*	*	99.0	1068969	*
D	905	10	*	*	*	*	95.0	1063126	*
D	993	2	*	*	*	*	100.0	1052930	*
D	1096	2	*	*	*	*	100.0	1042479	*
D	1444	3	*	*	*	*	95.7	1000592	*
D	1471	4	*	*	*	*	96.8	997439	*
D	1847	11	*	*	*	*	92.7	4484466	*
D	2568	2	*	*	*	*	92.9	875709	*
D	2662	2	*	*	*	*	100.0	866280	*
D	2800	3	*	*	*	*	95.9	851961	*
D	2815	15	*	*	*	*	95.6	851323	*
D	2930	2	*	*	*	*	100.0	843189	*
D	3000	2	*	*	*	*	98.7	838293	*
D	3039	3	*	*	*	*	97.4	4484484	*
D	3082	3	*	*	*	*	91.2	835880	*
D	3103	2	*	*	*	*	93.8	835291	*
D	3191	2	*	*	*	*	90.4	832784	*
D	3199	2	*	*	*	*	90.3	832676	*
D	3294	2	*	*	*	*	93.0	830315	*
D	3327	3	*	*	*	*	95.7	829240	*
D	3637	2	*	*	*	*	95.2	822544	*
D	3716	2	*	*	*	*	97.0	821080	*
D	4193	2	*	*	*	*	94.1	812549	*
D	4202	2	*	*	*	*	100.0	812381	*
D	4217	2	*	*	*	*	100.0	812155	*
D	4327	2	*	*	*	*	99.0	810109	*
D	4533	3	*	*	*	*	99.5	806568	*
D	4586	2	*	*	*	*	90.0	805707	*
D	4833	2	*	*	*	*	100.0	791522	*
D	4874	2	*	*	*	*	99.0	789011	*
D	4878	33	*	*	*	*	95.5	788593	*
D	5045	2	*	*	*	*	91.7	774826	*
D	5103	2	*	*	*	*	98.0	769961	*
D	5120	3	*	*	*	*	96.0	768553	*
D	5244	2	*	*	*	*	97.5	759061	*
D	5290	2	*	*	*	*	100.0	756100	*
D	5309	5	*	*	*	*	92.7	754778	*
D	5433	2	*	*	*	*	100.0	747864	*
D	5453	2	*	*	*	*	100.0	746679	*
D	5495	3	*	*	*	*	97.5	744029	*
D	5607	2	*	*	*	*	98.0	733552	*
D	5672	7	*	*	*	*	93.1	727945	*
D	5722	3	*	*	*	*	94.5	725048	*
D	5831	2	*	*	*	*	90.0	716984	*
D	5845	2	*	*	*	*	100.0	716006	*
D	5861	2	*	*	*	*	100.0	714738	*
D	6216	2	*	*	*	*	91.0	689851	*
D	6249	2	*	*	*	*	98.9	688259	*
D	6269	2	*	*	*	*	98.8	686972	*
D	6606	2	*	*	*	*	97.9	661494	*
D	6647	2	*	*	*	*	96.8	659361	*
D	6904	2	*	*	*	*	99.0	641123	*
D	7082	2	*	*	*	*	100.0	628226	*
D	7086	2	*	*	*	*	94.0	628014	*
D	7142	2	*	*	*	*	98.0	624257	*
D	7181	2	*	*	*	*	99.0	621743	*
D	7185	2	*	*	*	*	97.5	621472	*
D	7191	2	*	*	*	*	93.0	621166	*
D	7228	2	*	*	*	*	93.3	617766	*
D	7257	2	*	*	*	*	98.8	615907	*
D	7286	2	*	*	*	*	90.8	614083	*
D	7341	21	*	*	*	*	96.1	610462	*
D	7374	2	*	*	*	*	94.0	607877	*
D	7822	2	*	*	*	*	98.7	591518	*
D	7857	14	*	*	*	*	95.9	591285	*
D	7973	2	*	*	*	*	96.1	590543	*
D	8098	3	*	*	*	*	93.6	589658	*
D	8157	2	*	*	*	*	90.0	589234	*
D	8177	2	*	*	*	*	90.0	589071	*
D	8317	2	*	*	*	*	96.8	588071	*
D	8358	2	*	*	*	*	99.0	587788	*
D	8420	2	*	*	*	*	100.0	587269	*
D	8497	2	*	*	*	*	90.1	586639	*
D	8548	2	*	*	*	*	99.0	586307	*
D	8555	2	*	*	*	*	91.5	586271	*
D	8590	3	*	*	*	*	98.9	586019	*
D	8636	2	*	*	*	*	98.8	585701	*
D	8650	2	*	*	*	*	94.5	585574	*
D	8726	2	*	*	*	*	98.9	584900	*
D	8811	15	*	*	*	*	95.3	584375	*
D	8840	2	*	*	*	*	100.0	584193	*
D	8870	3	*	*	*	*	98.8	583974	*
D	8933	2	*	*	*	*	98.8	583590	*
D	8962	3	*	*	*	*	95.2	583398	*
D	9054	2	*	*	*	*	98.0	582813	*
D	9065	2	*	*	*	*	97.4	582691	*
D	9111	3	*	*	*	*	91.8	582379	*
D	9285	2	*	*	*	*	96.0	581079	*
D	9295	2	*	*	*	*	98.7	581021	*
D	9391	2	*	*	*	*	90.0	580295	*
D	9423	3	*	*	*	*	98.9	580090	*
D	9457	2	*	*	*	*	96.0	579841	*
D	9488	2	*	*	*	*	97.5	579647	*
D	9494	2	*	*	*	*	100.0	579608	*
D	9639	2	*	*	*	*	98.8	578649	*
D	9687	3	*	*	*	*	97.2	578401	*
D	9777	3	*	*	*	*	98.4	577406	*
D	9825	4	*	*	*	*	98.4	577082	*
D	9915	2	*	*	*	*	98.7	576472	*
D	10051	2	*	*	*	*	100.0	575467	*
D	10191	3	*	*	*	*	90.8	574290	*
D	10262	2	*	*	*	*	93.9	573686	*
D	10343	2	*	*	*	*	95.1	573061	*
D	10677	2	*	*	*	*	98.7	570451	*
D	10772	2	*	*	*	*	95.7	569818	*
D	10818	2	*	*	*	*	96.0	569456	*
D	10970	3	*	*	*	*	94.5	568118	*
D	10994	2	*	*	*	*	98.9	567960	*
D	11012	6	*	*	*	*	94.9	567846	*
D	11129	2	*	*	*	*	94.5	566976	*
D	11323	2	*	*	*	*	96.0	565338	*
D	11477	2	*	*	*	*	100.0	564123	*
D	11602	2	*	*	*	*	91.1	563169	*
D	11620	2	*	*	*	*	97.5	563009	*
D	11752	3	*	*	*	*	95.2	562038	*
D	11886	2	*	*	*	*	100.0	561027	*
D	11908	2	*	*	*	*	94.4	560836	*
D	11910	2	*	*	*	*	100.0	560820	*
D	11939	14	*	*	*	*	95.4	560629	*
D	11948	5	*	*	*	*	92.1	560535	*
D	11953	2	*	*	*	*	95.6	560496	*
D	12017	2	*	*	*	*	98.7	559954	*
D	12038	2	*	*	*	*	100.0	559843	*
D	12090	5	*	*	*	*	94.7	559527	*
D	12093	2	*	*	*	*	97.5	559499	*
D	12131	2	*	*	*	*	100.0	559200	*
D	12158	2	*	*	*	*	98.7	558911	*
D	12204	3	*	*	*	*	96.4	558531	*
D	12256	35	*	*	*	*	95.8	558081	*
D	12264	2	*	*	*	*	92.0	558019	*
D	12298	2	*	*	*	*	98.8	557785	*
D	12321	2	*	*	*	*	100.0	557627	*
D	12377	2	*	*	*	*	100.0	557216	*
D	12397	2	*	*	*	*	96.1	557093	*
D	12466	2	*	*	*	*	98.7	556451	*
D	12679	2	*	*	*	*	97.0	554825	*
D	12829	17	*	*	*	*	95.8	553611	*
D	12878	6	*	*	*	*	97.3	553208	*
D	12958	2	*	*	*	*	92.4	552480	*
D	12967	2	*	*	*	*	96.0	552376	*
D	13019	2	*	*	*	*	94.0	551931	*
D	13034	4	*	*	*	*	95.0	551822	*
D	13133	14	*	*	*	*	96.1	550960	*
D	13247	2	*	*	*	*	98.7	550013	*
D	13249	2	*	*	*	*	93.4	549992	*
D	13296	4	*	*	*	*	96.8	549656	*
D	13352	24	*	*	*	*	94.6	549232	*
D	13468	2	*	*	*	*	92.6	548293	*
D	13544	2	*	*	*	*	97.5	547714	*
D	13700	2	*	*	*	*	90.0	546406	*
D	13722	2	*	*	*	*	98.0	546305	*
D	13829	3	*	*	*	*	99.4	545473	*
D	13954	2	*	*	*	*	97.6	544465	*
D	13966	2	*	*	*	*	90.0	544412	*
D	14013	2	*	*	*	*	100.0	544067	*
D	14047	2	*	*	*	*	99.0	543813	*
D	14268	2	*	*	*	*	100.0	542096	*
D	14332	2	*	*	*	*	96.2	541602	*
D	14337	2	*	*	*	*	100.0	541517	*
D	14363	2	*	*	*	*	90.8	541334	*
D	14404	2	*	*	*	*	90.9	541079	*
D	14413	2	*	*	*	*	100.0	540982	*
D	14506	2	*	*	*	*	100.0	540402	*
D	14511	2	*	*	*	*	97.8	540364	*
D	14672	2	*	*	*	*	98.8	539107	*
D	14698	2	*	*	*	*	100.0	538907	*
D	14720	2	*	*	*	*	97.9	538768	*
D	14752	2	*	*	*	*	97.9	538512	*
D	14785	2	*	*	*	*	96.5	538297	*
D	14821	5	*	*	*	*	97.9	538000	*
D	14940	2	*	*	*	*	97.6	537118	*
D	14944	2	*	*	*	*	99.0	537085	*
D	14979	2	*	*	*	*	100.0	536831	*
D	15084	9	*	*	*	*	94.6	535955	*
D	15116	5	*	*	*	*	94.4	535707	*
D	15162	3	*	*	*	*	95.7	535375	*
D	15167	2	*	*	*	*	94.0	535348	*
D	15210	4	*	*	*	*	97.3	534957	*
D	15217	3	*	*	*	*	94.0	534898	*
D	15236	2	*	*	*	*	97.8	534771	*
D	15240	2	*	*	*	*	93.3	534760	*
D	15296	2	*	*	*	*	100.0	534321	*
D	15363	3	*	*	*	*	93.2	533624	*
D	15400	2	*	*	*	*	100.0	533373	*
D	15577	2	*	*	*	*	98.8	531436	*
D	15636	2	*	*	*	*	97.6	530629	*
D	15671	2	*	*	*	*	100.0	530206	*
D	15696	2	*	*	*	*	98.9	529889	*
D	15698	2	*	*	*	*	100.0	529873	*
D	15715	3	*	*	*	*	95.7	529740	*
D	15743	2	*	*	*	*	90.9	529444	*
D	15746	3	*	*	*	*	92.7	529377	*
D	15863	18	*	*	*	*	95.6	527988	*
D	15903	2	*	*	*	*	99.0	527507	*
D	15952	2	*	*	*	*	99.0	526982	*
D	15965	2	*	*	*	*	95.0	526701	*
D	16022	9	*	*	*	*	95.3	525841	*
D	16049	3	*	*	*	*	95.0	525474	*
D	16059	2	*	*	*	*	100.0	525401	*
D	16118	5	*	*	*	*	96.8	524661	*
D	16176	2	*	*	*	*	93.8	523987	*
D	16245	2	*	*	*	*	93.4	523051	*
D	16259	2	*	*	*	*	90.2	522863	*
D	16275	35	*	*	*	*	95.0	522595	*
D	16293	5	*	*	*	*	92.4	522353	*
D	16359	2	*	*	*	*	94.0	521431	*
D	16519	6	*	*	*	*	94.6	519290	*
D	16552	2	*	*	*	*	98.0	518820	*
D	16639	2	*	*	*	*	96.7	517797	*
D	16730	2	*	*	*	*	100.0	516611	*
D	16740	2	*	*	*	*	100.0	516553	*
D	16746	4	*	*	*	*	96.0	516464	*
D	16877	2	*	*	*	*	96.8	514974	*
D	16889	2	*	*	*	*	94.0	514773	*
D	16905	2	*	*	*	*	90.0	514533	*
D	16908	5	*	*	*	*	96.4	514512	*
D	17043	2	*	*	*	*	100.0	513405	*
D	17096	6	*	*	*	*	97.9	513003	*
D	17378	2	*	*	*	*	98.7	511074	*
D	17390	9	*	*	*	*	96.4	511008	*
D	17423	2	*	*	*	*	98.0	510777	*
D	17569	3	*	*	*	*	98.0	509636	*
D	17677	2	*	*	*	*	100.0	508984	*
D	17719	32	*	*	*	*	94.5	505565	*
D	17731	84	*	*	*	*	95.1	503372	*
D	17799	3	*	*	*	*	93.5	495396	*
D	17804	4	*	*	*	*	94.3	495095	*
D	17808	10	*	*	*	*	94.0	495070	*
D	17850	19	*	*	*	*	95.3	484304	*
D	17852	41	*	*	*	*	96.1	471180	*
D	17853	3	*	*	*	*	94.5	471159	*
D	17855	12	*	*	*	*	96.3	470879	*
D	17858	21	*	*	*	*	95.8	470117	*
D	17901	2	*	*	*	*	96.0	463204	*
D	18471	2	*	*	*	*	93.8	397513	*
D	18690	2	*	*	*	*	97.6	372348	*
D	18714	3	*	*	*	*	96.4	370361	*
D	18724	8	*	*	*	*	95.1	370225	*
D	18730	2	*	*	*	*	95.0	370105	*
D	18771	2	*	*	*	*	100.0	369449	*
D	18787	2	*	*	*	*	91.2	369182	*
D	18828	9	*	*	*	*	93.4	368418	*
D	18866	11	*	*	*	*	95.8	367813	*
D	18897	5	*	*	*	*	95.0	367215	*
D	18942	2	*	*	*	*	100.0	366451	*
D	18947	7	*	*	*	*	97.4	366386	*
D	18993	9	*	*	*	*	94.5	365496	*
D	18999	2	*	*	*	*	100.0	365385	*
D	19027	8	*	*	*	*	96.5	364903	*
D	19039	2	*	*	*	*	96.1	364722	*
D	19064	3	*	*	*	*	95.6	364179	*
D	19083	4	*	*	*	*	95.7	363856	*
D	19095	2	*	*	*	*	100.0	363625	*
D	19120	3	*	*	*	*	95.6	363232	*
D	19184	8	*	*	*	*	95.1	362214	*
D	19196	2	*	*	*	*	100.0	362037	*
D	19213	2	*	*	*	*	100.0	361811	*
D	19229	4	*	*	*	*	97.1	361507	*
D	19238	4	*	*	*	*	94.6	361365	*
D	19244	2	*	*	*	*	99.0	361233	*
D	19258	3	*	*	*	*	98.0	360962	*
D	19266	4	*	*	*	*	96.6	360825	*
D	19273	4	*	*	*	*	97.1	360703	*
D	19283	2	*	*	*	*	98.0	360518	*
D	19301	6	*	*	*	*	96.4	360238	*
D	19371	7	*	*	*	*	95.1	359098	*
D	19377	2	*	*	*	*	100.0	358939	*
D	19399	2	*	*	*	*	100.0	358538	*
D	19400	6	*	*	*	*	96.5	358493	*
D	19429	2	*	*	*	*	97.4	358016	*
D	19433	2	*	*	*	*	96.7	357963	*
D	19454	2	*	*	*	*	90.0	357582	*
D	19462	2	*	*	*	*	97.7	357412	*
D	19494	2	*	*	*	*	98.8	356827	*
D	19496	26	*	*	*	*	95.7	356760	*
D	19548	3	*	*	*	*	100.0	356360	*
D	19561	2	*	*	*	*	100.0	356255	*
D	19587	2	*	*	*	*	100.0	356045	*
D	19616	2	*	*	*	*	97.4	355905	*
D	19659	2	*	*	*	*	96.0	355615	*
D	19702	6	*	*	*	*	95.5	355269	*
D	19737	4	*	*	*	*	95.9	355002	*
D	19777	2	*	*	*	*	100.0	354693	*
D	19829	3	*	*	*	*	94.2	354283	*
D	19832	2	*	*	*	*	98.8	354258	*
D	19840	2	*	*	*	*	100.0	354220	*
D	19874	2	*	*	*	*	96.0	353897	*
D	19889	4	*	*	*	*	96.2	353791	*
D	19912	2	*	*	*	*	98.0	353649	*
D	19949	2	*	*	*	*	95.5	353392	*
D	19963	2	*	*	*	*	100.0	353271	*
D	20051	9	*	*	*	*	94.6	352617	*
D	20067	5	*	*	*	*	94.6	352529	*
D	20079	2	*	*	*	*	95.4	352489	*
D	20083	3	*	*	*	*	98.2	352473	*
D	20114	3	*	*	*	*	91.7	352243	*
D	20135	2	*	*	*	*	96.4	352034	*
D	20140	2	*	*	*	*	94.6	352010	*
D	20157	2	*	*	*	*	90.6	351880	*
D	20181	3	*	*	*	*	97.0	351734	*
D	20200	2	*	*	*	*	96.1	351593	*
D	20324	2	*	*	*	*	96.3	350697	*
D	20332	3	*	*	*	*	94.5	350627	*
D	20333	2	*	*	*	*	97.4	350626	*
D	20423	2	*	*	*	*	99.0	350036	*
D	20436	2	*	*	*	*	100.0	349934	*
D	20439	4	*	*	*	*	96.1	349902	*
D	20457	2	*	*	*	*	98.7	349809	*
D	20461	2	*	*	*	*	98.7	349789	*
D	20462	2	*	*	*	*	98.7	349786	*
D	20569	3	*	*	*	*	97.5	349024	*
D	20605	4	*	*	*	*	95.9	348751	*
D	20615	3	*	*	*	*	97.7	348641	*
D	20671	2	*	*	*	*	99.0	348270	*
D	20699	3	*	*	*	*	97.4	347965	*
D	20710	6	*	*	*	*	94.8	347875	*
D	20721	2	*	*	*	*	98.7	347801	*
D	20779	2	*	*	*	*	100.0	347378	*
D	20812	3	*	*	*	*	95.7	347131	*
D	20841	4	*	*	*	*	97.1	346938	*
D	20859	5	*	*	*	*	96.1	346771	*
D	20877	7	*	*	*	*	94.9	346689	*
D	20881	4	*	*	*	*	97.2	346666	*
D	20981	2	*	*	*	*	100.0	345951	*
D	20985	2	*	*	*	*	100.0	345899	*
D	21014	2	*	*	*	*	94.0	345658	*
D	21016	2	*	*	*	*	94.0	345635	*
D	21056	2	*	*	*	*	100.0	345303	*
D	21062	7	*	*	*	*	94.6	345246	*
D	21074	3	*	*	*	*	95.1	345172	*
D	21085	2	*	*	*	*	100.0	345111	*
D	21135	2	*	*	*	*	93.8	344725	*
D	21159	4	*	*	*	*	96.7	344578	*
D	21162	2	*	*	*	*	96.5	344553	*
D	21164	2	*	*	*	*	94.0	344525	*
D	21216	2	*	*	*	*	95.1	344198	*
D	21228	4	*	*	*	*	95.9	344118	*
D	21230	3	*	*	*	*	99.4	344114	*
D	21281	2	*	*	*	*	95.7	343699	*
D	21291	4	*	*	*	*	94.8	343630	*
D	21326	2	*	*	*	*	99.0	343354	*
D	21391	7	*	*	*	*	95.3	342844	*
D	21403	2	*	*	*	*	98.8	342777	*
D	21421	3	*	*	*	*	96.5	342666	*
D	21443	2	*	*	*	*	100.0	342487	*
D	21590	2	*	*	*	*	100.0	341259	*
D	21594	3	*	*	*	*	93.0	341227	*
D	21610	2	*	*	*	*	90.0	341134	*
D	21623	2	*	*	*	*	100.0	341054	*
D	21661	2	*	*	*	*	92.3	340783	*
D	21664	4	*	*	*	*	97.0	340761	*
D	21665	4	*	*	*	*	97.3	340759	*
D	21686	3	*	*	*	*	92.9	340650	*
D	21687	6	*	*	*	*	97.6	340642	*
D	21699	2	*	*	*	*	99.0	340547	*
D	21710	3	*	*	*	*	97.8	340476	*
D	21733	4	*	*	*	*	95.5	340298	*
D	21748	2	*	*	*	*	95.1	340189	*
D	21769	8	*	*	*	*	94.2	340025	*
D	21839	2	*	*	*	*	95.0	339512	*
D	21846	3	*	*	*	*	95.4	339457	*
D	21908	3	*	*	*	*	94.0	339013	*
D	21913	2	*	*	*	*	96.0	338992	*
D	21950	3	*	*	*	*	96.0	338756	*
D	22003	2	*	*	*	*	100.0	338355	*
D	22094	4	*	*	*	*	96.7	337735	*
D	22113	2	*	*	*	*	98.8	337580	*
D	22202	2	*	*	*	*	97.0	336977	*
D	22204	3	*	*	*	*	98.7	336947	*
D	22264	2	*	*	*	*	99.0	336528	*
D	22292	2	*	*	*	*	96.1	336372	*
D	22323	2	*	*	*	*	97.4	336145	*
D	22392	6	*	*	*	*	95.8	335670	*
D	22474	2	*	*	*	*	97.6	335071	*
D	22568	3	*	*	*	*	95.5	334336	*
D	22618	5	*	*	*	*	93.4	333949	*
D	22629	9	*	*	*	*	95.9	333859	*
D	22652	2	*	*	*	*	93.5	333690	*
D	22669	2	*	*	*	*	95.7	333580	*
D	22686	3	*	*	*	*	97.2	333412	*
D	22709	2	*	*	*	*	90.5	333279	*
D	22715	2	*	*	*	*	91.0	333212	*
D	22718	2	*	*	*	*	90.8	333204	*
D	22725	3	*	*	*	*	96.8	333166	*
D	22742	2	*	*	*	*	90.0	333042	*
D	22743	2	*	*	*	*	96.0	333028	*
D	22754	2	*	*	*	*	97.7	332935	*
D	22760	2	*	*	*	*	96.0	332876	*
D	22782	7	*	*	*	*	94.1	332764	*
D	22784	6	*	*	*	*	97.6	332732	*
D	22788	5	*	*	*	*	95.0	332718	*
D	22799	2	*	*	*	*	90.3	332651	*
D	22847	3	*	*	*	*	94.5	332317	*
D	22851	2	*	*	*	*	97.4	332303	*
D	22932	3	*	*	*	*	96.8	331717	*
D	22943	2	*	*	*	*	98.0	331647	*
D	22952	2	*	*	*	*	97.0	331562	*
D	22997	2	*	*	*	*	96.6	331253	*
D	23028	2	*	*	*	*	97.4	331093	*
D	23118	2	*	*	*	*	97.8	330414	*
D	23131	2	*	*	*	*	90.0	330296	*
D	23132	3	*	*	*	*	96.2	330294	*
D	23148	2	*	*	*	*	97.6	330201	*
D	23188	2	*	*	*	*	99.0	329817	*
D	23207	2	*	*	*	*	92.9	329712	*
D	23210	3	*	*	*	*	94.5	329693	*
D	23217	5	*	*	*	*	95.3	329662	*
D	23310	2	*	*	*	*	99.0	328936	*
D	23316	2	*	*	*	*	92.0	328905	*
D	23317	2	*	*	*	*	96.4	328892	*
D	23356	2	*	*	*	*	93.8	328628	*
D	23380	6	*	*	*	*	95.0	328458	*
D	23465	4	*	*	*	*	95.2	327851	*
D	23478	3	*	*	*	*	91.7	327756	*
D	23501	2	*	*	*	*	97.0	327598	*
D	23509	2	*	*	*	*	93.0	327536	*
D	23524	2	*	*	*	*	99.0	327401	*
D	23578	3	*	*	*	*	98.1	327076	*
D	23585	2	*	*	*	*	90.0	327049	*
D	23610	3	*	*	*	*	96.4	326850	*
D	23641	4	*	*	*	*	96.7	326626	*
D	23663	2	*	*	*	*	93.1	326482	*
D	23718	2	*	*	*	*	96.9	326113	*
D	23720	2	*	*	*	*	96.7	326083	*
D	23744	2	*	*	*	*	98.7	325910	*
D	23759	2	*	*	*	*	97.0	325796	*
D	23799	2	*	*	*	*	98.7	325586	*
D	23805	4	*	*	*	*	95.3	325552	*
D	23830	4	*	*	*	*	95.5	325384	*
D	23917	14	*	*	*	*	95.6	324733	*
D	23992	2	*	*	*	*	95.0	324236	*
D	24060	3	*	*	*	*	96.6	323619	*
D	24088	2	*	*	*	*	96.0	323325	*
D	24114	2	*	*	*	*	90.0	323106	*
D	24146	2	*	*	*	*	100.0	322919	*
D	24174	4	*	*	*	*	94.5	322715	*
D	24193	2	*	*	*	*	100.0	322562	*
D	24216	2	*	*	*	*	94.7	322367	*
D	24268	5	*	*	*	*	95.5	321983	*
D	24270	3	*	*	*	*	95.6	321972	*
D	24312	3	*	*	*	*	95.1	321693	*
D	24330	4	*	*	*	*	96.1	321560	*
D	24346	2	*	*	*	*	100.0	321467	*
D	24379	2	*	*	*	*	92.0	321182	*
D	24441	3	*	*	*	*	99.0	320786	*
D	24490	2	*	*	*	*	100.0	320430	*
D	24518	9	*	*	*	*	93.7	320291	*
D	24533	2	*	*	*	*	98.7	320197	*
D	24562	2	*	*	*	*	96.7	319938	*
D	24573	39	*	*	*	*	95.7	319870	*
D	24609	2	*	*	*	*	99.0	319633	*
D	24611	5	*	*	*	*	96.1	319621	*
D	24627	2	*	*	*	*	90.0	319505	*
D	24655	3	*	*	*	*	94.0	319262	*
D	24664	2	*	*	*	*	95.2	319197	*
D	24669	6	*	*	*	*	96.6	319165	*
D	24763	2	*	*	*	*	98.0	318446	*
D	24764	2	*	*	*	*	100.0	318445	*
D	24808	2	*	*	*	*	98.8	318184	*
D	24820	2	*	*	*	*	93.8	318091	*
D	24833	2	*	*	*	*	92.4	317991	*
D	24880	2	*	*	*	*	92.6	317677	*
D	25000	5	*	*	*	*	95.8	316761	*
D	25018	5	*	*	*	*	95.4	316675	*
D	25021	3	*	*	*	*	96.0	316642	*
D	25030	3	*	*	*	*	96.2	316587	*
D	25035	2	*	*	*	*	92.9	316550	*
D	25162	3	*	*	*	*	95.0	315529	*
D	25171	2	*	*	*	*	100.0	315463	*
D	25188	2	*	*	*	*	96.7	315348	*
D	25477	2	*	*	*	*	98.0	313121	*
D	25478	3	*	*	*	*	96.2	313106	*
D	25523	2	*	*	*	*	93.7	312770	*
D	25548	3	*	*	*	*	97.8	312586	*
D	25585	3	*	*	*	*	98.2	312325	*
D	25608	2	*	*	*	*	96.0	312171	*
D	25614	2	*	*	*	*	92.0	312140	*
D	25643	4	*	*	*	*	93.8	311961	*
D	25646	3	*	*	*	*	98.0	311950	*
D	25726	2	*	*	*	*	100.0	311499	*
D	25729	2	*	*	*	*	98.7	311482	*
D	25793	2	*	*	*	*	92.4	311080	*
D	25853	5	*	*	*	*	96.4	310669	*
D	25863	2	*	*	*	*	98.8	310574	*
D	25895	2	*	*	*	*	98.9	310380	*
D	25946	3	*	*	*	*	92.3	309963	*
D	25963	2	*	*	*	*	93.7	309815	*
D	25979	6	*	*	*	*	96.4	309696	*
D	25986	3	*	*	*	*	90.4	309663	*
D	26006	9	*	*	*	*	92.5	309480	*
D	26031	4	*	*	*	*	95.0	309279	*
D	26053	4	*	*	*	*	94.2	309107	*
D	26081	3	*	*	*	*	97.5	308907	*
D	26114	2	*	*	*	*	98.0	308629	*
D	26115	3	*	*	*	*	97.8	308598	*
D	26125	6	*	*	*	*	92.1	308502	*
D	26135	2	*	*	*	*	92.5	308444	*
D	26150	3	*	*	*	*	97.6	308338	*
D	26219	3	*	*	*	*	92.8	307898	*
D	26223	2	*	*	*	*	98.8	307872	*
D	26242	2	*	*	*	*	90.0	307761	*
D	26262	2	*	*	*	*	100.0	307638	*
D	26272	6	*	*	*	*	96.3	307571	*
D	26359	2	*	*	*	*	93.7	306896	*
D	26385	16	*	*	*	*	95.8	306633	*
D	26468	2	*	*	*	*	100.0	305982	*
D	26524	4	*	*	*	*	93.6	305477	*
D	26551	3	*	*	*	*	93.0	305329	*
D	26556	2	*	*	*	*	95.0	305288	*
D	26581	2	*	*	*	*	96.4	305152	*
D	26659	5	*	*	*	*	96.3	304568	*
D	26660	4	*	*	*	*	95.6	304563	*
D	26737	2	*	*	*	*	94.7	304047	*
D	26745	2	*	*	*	*	93.8	303963	*
D	26803	4	*	*	*	*	96.3	303452	*
D	26839	2	*	*	*	*	100.0	303226	*
D	26841	5	*	*	*	*	95.8	303221	*
D	26851	2	*	*	*	*	100.0	303169	*
D	26855	2	*	*	*	*	100.0	303161	*
D	26885	2	*	*	*	*	97.5	302960	*
D	26894	2	*	*	*	*	95.7	302902	*
D	26896	3	*	*	*	*	95.7	302880	*
D	26922	2	*	*	*	*	92.4	302655	*
D	26972	2	*	*	*	*	95.6	302395	*
D	27062	2	*	*	*	*	98.0	301765	*
D	27088	5	*	*	*	*	95.0	301608	*
D	27159	2	*	*	*	*	96.0	301224	*
D	27251	7	*	*	*	*	95.2	300729	*
D	27254	2	*	*	*	*	98.0	300716	*
D	27267	7	*	*	*	*	95.4	300662	*
D	27268	3	*	*	*	*	94.0	300658	*
D	27292	2	*	*	*	*	95.0	300517	*
D	27325	2	*	*	*	*	91.0	300383	*
D	27357	2	*	*	*	*	100.0	300222	*
D	27359	2	*	*	*	*	91.5	300200	*
D	27397	3	*	*	*	*	96.8	299918	*
D	27407	3	*	*	*	*	95.5	299882	*
D	27414	2	*	*	*	*	95.0	299858	*
D	27415	2	*	*	*	*	97.5	299851	*
D	27419	3	*	*	*	*	94.6	299830	*
D	27448	7	*	*	*	*	96.0	299659	*
D	27449	3	*	*	*	*	92.0	299648	*
D	27496	2	*	*	*	*	97.0	299326	*
D	27502	2	*	*	*	*	90.5	299295	*
D	27509	2	*	*	*	*	98.0	299267	*
D	27521	2	*	*	*	*	95.0	299187	*
D	27529	3	*	*	*	*	96.2	299151	*
D	27555	3	*	*	*	*	95.9	298988	*
D	27556	2	*	*	*	*	94.7	298980	*
D	27615	2	*	*	*	*	98.0	298592	*
D	27639	2	*	*	*	*	100.0	298451	*
D	27648	2	*	*	*	*	96.2	298394	*
D	27653	7	*	*	*	*	95.0	298381	*
D	27667	2	*	*	*	*	98.0	298254	*
D	27714	4	*	*	*	*	96.3	297917	*
D	27733	3	*	*	*	*	96.2	297783	*
D	27763	3	*	*	*	*	94.0	297635	*
D	27781	3	*	*	*	*	96.2	297525	*
D	27829	3	*	*	*	*	97.5	297182	*
D	27836	3	*	*	*	*	98.3	297150	*
D	27859	2	*	*	*	*	92.0	297057	*
D	27881	2	*	*	*	*	100.0	296872	*
D	27914	5	*	*	*	*	94.6	296659	*
D	27948	7	*	*	*	*	94.3	296442	*
D	27952	2	*	*	*	*	100.0	296420	*
D	27983	2	*	*	*	*	94.3	296279	*
D	28001	2	*	*	*	*	97.8	296165	*
D	28004	2	*	*	*	*	92.0	296134	*
D	28010	4	*	*	*	*	98.1	296103	*
D	28041	2	*	*	*	*	99.0	295974	*
D	28082	2	*	*	*	*	94.4	295705	*
D	28096	6	*	*	*	*	93.1	295590	*
D	28099	3	*	*	*	*	95.7	295554	*
D	28123	2	*	*	*	*	90.2	295370	*
D	28125	2	*	*	*	*	98.8	295361	*
D	28146	2	*	*	*	*	98.7	295250	*
D	28148	2	*	*	*	*	100.0	295205	*
D	28228	3	*	*	*	*	100.0	294708	*
D	28254	8	*	*	*	*	95.3	294499	*
D	28259	4	*	*	*	*	97.5	294440	*
D	28270	3	*	*	*	*	92.8	294353	*
D	28283	2	*	*	*	*	91.0	294302	*
D	28287	2	*	*	*	*	93.0	294270	*
D	28324	5	*	*	*	*	95.3	294022	*
D	28343	2	*	*	*	*	94.4	293886	*
D	28367	2	*	*	*	*	94.0	293717	*
D	28381	3	*	*	*	*	94.2	293594	*
D	28433	7	*	*	*	*	93.6	293262	*
D	28497	2	*	*	*	*	95.8	292820	*
D	28525	5	*	*	*	*	95.3	292634	*
D	28542	5	*	*	*	*	96.5	292521	*
D	28552	2	*	*	*	*	90.0	292456	*
D	28590	2	*	*	*	*	99.0	292260	*
D	28592	2	*	*	*	*	97.8	292255	*
D	28600	2	*	*	*	*	97.4	292216	*
D	28617	2	*	*	*	*	100.0	292145	*
D	28636	2	*	*	*	*	100.0	292041	*
D	28673	2	*	*	*	*	97.7	291846	*
D	28736	2	*	*	*	*	96.0	291496	*
D	28779	4	*	*	*	*	95.4	291254	*
D	28853	2	*	*	*	*	100.0	290735	*
D	28899	2	*	*	*	*	100.0	290468	*
D	28991	3	*	*	*	*	97.4	289929	*
D	28993	5	*	*	*	*	94.0	289925	*
D	29025	2	*	*	*	*	93.0	289725	*
D	29033	2	*	*	*	*	98.7	289679	*
D	29081	2	*	*	*	*	100.0	289379	*
D	29082	2	*	*	*	*	95.0	289373	*
D	29101	2	*	*	*	*	95.0	289257	*
D	29153	9	*	*	*	*	95.2	288930	*
D	29158	2	*	*	*	*	96.0	288889	*
D	29188	2	*	*	*	*	91.9	288677	*
D	29224	2	*	*	*	*	100.0	288417	*
D	29330	4	*	*	*	*	97.9	287755	*
D	29344	2	*	*	*	*	95.7	287645	*
D	29349	3	*	*	*	*	98.0	287597	*
D	29368	7	*	*	*	*	94.6	287510	*
D	29370	2	*	*	*	*	100.0	287507	*
D	29474	2	*	*	*	*	100.0	284177	*
D	29500	3	*	*	*	*	97.0	283225	*
D	29530	3	*	*	*	*	96.9	281938	*
D	29555	5	*	*	*	*	95.3	281015	*
D	29565	3	*	*	*	*	98.2	280706	*
D	29604	2	*	*	*	*	90.0	279617	*
D	29678	2	*	*	*	*	97.0	279297	*
D	29817	2	*	*	*	*	98.0	278702	*
D	30061	2	*	*	*	*	95.0	277584	*
D	30066	2	*	*	*	*	91.0	277529	*
D	30112	2	*	*	*	*	95.1	277265	*
D	30124	2	*	*	*	*	92.1	277181	*
D	30215	2	*	*	*	*	100.0	276643	*
D	30269	4	*	*	*	*	95.8	276260	*
D	30372	2	*	*	*	*	91.0	275653	*
D	30843	2	*	*	*	*	100.0	272886	*
D	30868	2	*	*	*	*	98.7	272749	*
D	30929	2	*	*	*	*	96.1	272361	*
D	31073	2	*	*	*	*	100.0	271406	*
D	31098	2	*	*	*	*	100.0	271259	*
D	31106	2	*	*	*	*	95.0	271214	*
D	31141	2	*	*	*	*	93.4	270968	*
D	31203	3	*	*	*	*	91.8	270612	*
D	31250	2	*	*	*	*	90.1	270320	*
D	31405	2	*	*	*	*	100.0	269392	*
D	31407	2	*	*	*	*	100.0	269386	*
D	31422	2	*	*	*	*	100.0	269327	*
D	31646	6	*	*	*	*	94.7	268101	*
D	31828	2	*	*	*	*	90.1	266967	*
D	32008	2	*	*	*	*	98.8	265708	*
D	32269	2	*	*	*	*	100.0	264036	*
D	32273	2	*	*	*	*	100.0	264009	*
D	32337	3	*	*	*	*	96.4	263645	*
D	32341	2	*	*	*	*	100.0	263612	*
D	32367	2	*	*	*	*	99.0	263449	*
D	32505	2	*	*	*	*	99.0	262661	*
D	32545	2	*	*	*	*	99.0	262433	*
D	32599	2	*	*	*	*	97.4	262095	*
D	32641	4	*	*	*	*	95.1	261799	*
D	32667	2	*	*	*	*	90.5	261581	*
D	32870	5	*	*	*	*	96.8	260410	*
D	33062	2	*	*	*	*	93.8	259266	*
D	33165	2	*	*	*	*	91.1	258653	*
D	33187	2	*	*	*	*	90.4	258485	*
D	33456	2	*	*	*	*	97.4	256400	*
D	33540	2	*	*	*	*	96.2	255774	*
D	33582	3	*	*	*	*	96.0	255359	*
D	33602	2	*	*	*	*	95.0	255186	*
D	33729	2	*	*	*	*	93.0	254376	*
D	33735	2	*	*	*	*	97.7	254336	*
D	33742	2	*	*	*	*	100.0	254286	*
D	33772	2	*	*	*	*	100.0	254116	*
D	33868	2	*	*	*	*	98.9	253380	*
D	33915	2	*	*	*	*	98.8	253061	*
D	34524	3	*	*	*	*	94.6	248485	*
D	34711	2	*	*	*	*	100.0	247055	*
D	34749	2	*	*	*	*	98.8	246846	*
D	34793	2	*	*	*	*	98.7	246494	*
D	34797	2	*	*	*	*	93.0	246449	*
D	34910	2	*	*	*	*	92.9	245625	*
D	34968	2	*	*	*	*	99.0	245203	*
D	35049	2	*	*	*	*	100.0	244491	*
D	35078	2	*	*	*	*	100.0	244240	*
D	35141	2	*	*	*	*	99.0	243780	*
D	35151	2	*	*	*	*	98.8	243677	*
D	35199	2	*	*	*	*	97.5	243353	*
D	35214	2	*	*	*	*	96.0	243185	*
D	35237	2	*	*	*	*	97.5	243064	*
D	35400	2	*	*	*	*	100.0	241789	*
D	35548	2	*	*	*	*	95.0	240810	*
D	35640	2	*	*	*	*	98.8	240087	*
D	35711	2	*	*	*	*	100.0	239619	*
D	35715	2	*	*	*	*	97.6	239600	*
D	35762	2	*	*	*	*	99.0	239362	*
D	35792	2	*	*	*	*	91.0	239195	*
D	35800	2	*	*	*	*	92.9	239141	*
D	36037	5	*	*	*	*	93.7	237444	*
D	36086	2	*	*	*	*	92.2	237138	*
D	36142	2	*	*	*	*	100.0	236801	*
D	36203	2	*	*	*	*	98.7	236367	*
D	36359	17	*	*	*	*	95.6	235262	*
D	36404	3	*	*	*	*	97.1	234515	*
D	36408	2	*	*	*	*	97.0	234488	*
D	36423	2	*	*	*	*	96.8	234314	*
D	36436	15	*	*	*	*	95.0	234148	*
D	36439	3	*	*	*	*	95.4	234113	*
D	36452	12	*	*	*	*	96.2	233993	*
D	36532	2	*	*	*	*	93.6	232828	*
D	36631	2	*	*	*	*	100.0	231205	*
D	36696	5	*	*	*	*	97.9	230213	*
D	36808	2	*	*	*	*	98.0	228601	*
D	36812	2	*	*	*	*	100.0	228556	*
D	36971	2	*	*	*	*	97.0	226697	*
D	36978	2	*	*	*	*	98.8	226626	*
D	37153	2	*	*	*	*	98.7	225187	*
D	37169	2	*	*	*	*	96.4	225073	*
D	37189	2	*	*	*	*	100.0	224834	*
D	37218	2	*	*	*	*	93.5	224670	*
D	37355	2	*	*	*	*	95.2	223368	*
D	37423	3	*	*	*	*	96.0	222706	*
D	37448	2	*	*	*	*	100.0	222501	*
D	37483	7	*	*	*	*	96.3	222043	*
D	37498	2	*	*	*	*	98.0	221946	*
D	37606	2	*	*	*	*	96.5	220970	*
D	37639	2	*	*	*	*	98.0	220679	*
D	37648	2	*	*	*	*	97.7	220551	*
D	37652	2	*	*	*	*	100.0	220524	*
D	37785	2	*	*	*	*	100.0	219248	*
D	37846	2	*	*	*	*	98.7	218646	*
D	38006	2	*	*	*	*	95.1	217328	*
D	38160	2	*	*	*	*	98.0	215670	*
D	38195	3	*	*	*	*	93.6	215269	*
D	38293	2	*	*	*	*	95.7	214128	*
D	38307	2	*	*	*	*	97.6	213944	*
D	38321	3	*	*	*	*	96.7	213813	*
D	38322	2	*	*	*	*	97.4	213804	*
D	38341	2	*	*	*	*	100.0	213566	*
D	38345	2	*	*	*	*	97.8	213522	*
D	38394	2	*	*	*	*	97.0	212840	*
D	38411	2	*	*	*	*	100.0	212686	*
D	38416	2	*	*	*	*	96.3	212634	*
D	38457	4	*	*	*	*	93.9	212164	*
D	38487	2	*	*	*	*	98.7	211848	*
D	38502	2	*	*	*	*	100.0	211706	*
D	38581	2	*	*	*	*	98.7	210904	*
D	38646	2	*	*	*	*	100.0	210269	*
D	38652	2	*	*	*	*	95.0	210216	*
D	38709	4	*	*	*	*	95.9	209685	*
D	38725	3	*	*	*	*	90.2	209524	*
D	38783	3	*	*	*	*	93.9	208972	*
D	38933	2	*	*	*	*	92.8	207297	*
D	39020	2	*	*	*	*	97.0	206493	*
D	39035	2	*	*	*	*	98.9	206278	*
D	39104	2	*	*	*	*	94.9	205456	*
D	39107	2	*	*	*	*	95.0	205417	*
D	39156	5	*	*	*	*	95.2	204864	*
D	39244	2	*	*	*	*	96.3	203769	*
D	39319	2	*	*	*	*	92.3	203157	*
D	39357	8	*	*	*	*	95.9	202829	*
D	39371	4	*	*	*	*	90.9	202715	*
D	39713	2	*	*	*	*	92.0	199716	*
D	39716	2	*	*	*	*	100.0	199702	*
D	39725	2	*	*	*	*	94.0	199677	*
D	39749	2	*	*	*	*	100.0	199528	*
D	39769	2	*	*	*	*	100.0	199422	*
D	39794	2	*	*	*	*	97.0	199293	*
D	39795	2	*	*	*	*	98.0	199286	*
D	39814	8	*	*	*	*	96.0	199190	*
D	39818	3	*	*	*	*	99.0	199156	*
D	39845	2	*	*	*	*	91.4	199036	*
D	39871	2	*	*	*	*	100.0	198910	*
D	39876	2	*	*	*	*	100.0	198875	*
D	39879	4	*	*	*	*	94.1	198866	*
D	39891	3	*	*	*	*	97.6	198788	*
D	39921	2	*	*	*	*	100.0	198618	*
D	39947	2	*	*	*	*	97.5	198502	*
D	39955	5	*	*	*	*	95.5	198449	*
D	39956	3	*	*	*	*	91.8	198439	*
D	39974	3	*	*	*	*	93.3	198332	*
D	39976	2	*	*	*	*	98.8	198324	*
D	40015	3	*	*	*	*	96.2	198119	*
D	40047	4	*	*	*	*	97.6	197930	*
D	40048	2	*	*	*	*	92.5	197929	*
D	40049	2	*	*	*	*	98.0	197924	*
D	40057	2	*	*	*	*	94.0	197864	*
D	40105	2	*	*	*	*	100.0	197537	*
D	40112	4	*	*	*	*	93.7	197510	*
D	40114	2	*	*	*	*	94.7	197504	*
D	40152	2	*	*	*	*	96.6	197326	*
D	40169	2	*	*	*	*	100.0	197248	*
D	40172	2	*	*	*	*	98.8	197225	*
D	40178	2	*	*	*	*	98.8	197207	*
D	40197	16	*	*	*	*	96.2	197105	*
D	40200	5	*	*	*	*	96.5	197091	*
D	40204	3	*	*	*	*	92.3	197072	*
D	40208	2	*	*	*	*	100.0	197052	*
D	40209	8	*	*	*	*	95.1	197050	*
D	40237	2	*	*	*	*	100.0	196935	*
D	40253	2	*	*	*	*	100.0	196848	*
D	40262	2	*	*	*	*	93.5	196787	*
D	40266	5	*	*	*	*	94.5	196769	*
D	40268	2	*	*	*	*	90.1	196749	*
D	40286	3	*	*	*	*	94.7	196664	*
D	40293	4	*	*	*	*	95.6	196604	*
D	40327	3	*	*	*	*	98.0	196391	*
D	40337	2	*	*	*	*	99.0	196346	*
D	40357	2	*	*	*	*	98.0	196249	*
D	40371	3	*	*	*	*	94.0	196176	*
D	40389	5	*	*	*	*	93.6	196098	*
D	40396	4	*	*	*	*	94.4	196057	*
D	40403	2	*	*	*	*	98.9	196004	*
D	40404	5	*	*	*	*	95.9	195999	*
D	40408	2	*	*	*	*	90.1	195982	*
D	40415	2	*	*	*	*	100.0	195937	*
D	40416	3	*	*	*	*	97.2	195934	*
D	40426	7	*	*	*	*	95.1	195883	*
D	40439	2	*	*	*	*	94.7	195808	*
D	40448	2	*	*	*	*	99.0	195781	*
D	40464	2	*	*	*	*	97.4	195704	*
D	40482	2	*	*	*	*	100.0	195574	*
D	40490	3	*	*	*	*	98.0	195522	*
D	40493	4	*	*	*	*	96.7	195508	*
D	40568	2	*	*	*	*	96.6	195157	*
D	40577	2	*	*	*	*	98.7	195100	*
D	40581	7	*	*	*	*	96.1	195081	*
D	40621	2	*	*	*	*	91.0	194896	*
D	40640	2	*	*	*	*	96.3	194824	*
D	40670	2	*	*	*	*	93.0	194670	*
D	40671	2	*	*	*	*	100.0	194667	*
D	40675	8	*	*	*	*	94.2	194659	*
D	40682	2	*	*	*	*	98.7	194615	*
D	40693	5	*	*	*	*	95.4	194562	*
D	40705	2	*	*	*	*	90.0	194512	*
D	40730	2	*	*	*	*	96.7	194416	*
D	40751	2	*	*	*	*	100.0	194326	*
D	40773	9	*	*	*	*	97.6	194215	*
D	40778	2	*	*	*	*	94.0	194177	*
D	40785	2	*	*	*	*	97.0	194129	*
D	40790	2	*	*	*	*	96.0	194107	*
D	40808	2	*	*	*	*	100.0	194041	*
D	40822	2	*	*	*	*	97.0	193972	*
D	40838	7	*	*	*	*	95.0	193876	*
D	40844	2	*	*	*	*	98.0	193863	*
D	40846	2	*	*	*	*	91.0	193859	*
D	40850	2	*	*	*	*	100.0	193846	*
D	40877	2	*	*	*	*	94.6	193705	*
D	40884	3	*	*	*	*	96.6	193667	*
D	40890	27	*	*	*	*	94.8	193623	*
D	40909	2	*	*	*	*	96.3	193534	*
D	40912	4	*	*	*	*	96.6	193528	*
D	40913	2	*	*	*	*	98.8	193509	*
D	40932	3	*	*	*	*	97.5	193407	*
D	40938	2	*	*	*	*	95.7	193364	*
D	40956	3	*	*	*	*	96.7	193235	*
D	40961	2	*	*	*	*	94.0	193223	*
D	40962	2	*	*	*	*	95.0	193221	*
D	40983	2	*	*	*	*	97.6	193107	*
D	41001	2	*	*	*	*	100.0	193006	*
D	41010	2	*	*	*	*	98.9	192952	*
D	41017	2	*	*	*	*	93.4	192912	*
D	41056	2	*	*	*	*	100.0	192684	*
D	41065	2	*	*	*	*	98.8	192619	*
D	41069	2	*	*	*	*	91.7	192589	*
D	41082	3	*	*	*	*	98.4	192504	*
D	41097	2	*	*	*	*	99.0	192419	*
D	41103	2	*	*	*	*	100.0	192389	*
D	41135	2	*	*	*	*	97.6	192228	*
D	41148	2	*	*	*	*	100.0	192204	*
D	41151	2	*	*	*	*	100.0	192182	*
D	41159	5	*	*	*	*	96.8	192133	*
D	41160	2	*	*	*	*	98.8	192127	*
D	41164	2	*	*	*	*	100.0	192093	*
D	41167	2	*	*	*	*	98.9	192071	*
D	41176	2	*	*	*	*	99.0	192025	*
D	41195	2	*	*	*	*	91.0	191948	*
D	41200	2	*	*	*	*	95.0	191919	*
D	41242	3	*	*	*	*	96.2	191703	*
D	41246	2	*	*	*	*	96.2	191691	*
D	41250	4	*	*	*	*	94.4	191658	*
D	41262	3	*	*	*	*	93.1	191595	*
D	41275	2	*	*	*	*	93.8	191551	*
D	41278	2	*	*	*	*	96.5	191541	*
D	41286	7	*	*	*	*	97.3	191487	*
D	41342	2	*	*	*	*	90.5	191201	*
D	41348	2	*	*	*	*	98.9	191153	*
D	41404	3	*	*	*	*	95.4	190902	*
D	41406	2	*	*	*	*	98.9	190874	*
D	41419	7	*	*	*	*	95.9	190772	*
D	41441	6	*	*	*	*	96.2	190649	*
D	41469	2	*	*	*	*	97.6	190526	*
D	41477	2	*	*	*	*	98.7	190502	*
D	41478	2	*	*	*	*	98.7	190490	*
D	41488	2	*	*	*	*	96.3	190453	*
D	41509	2	*	*	*	*	100.0	190301	*
D	41512	2	*	*	*	*	97.0	190279	*
D	41530	2	*	*	*	*	100.0	190191	*
D	41531	2	*	*	*	*	98.8	190188	*
D	41537	2	*	*	*	*	94.0	190155	*
D	41545	3	*	*	*	*	97.8	190107	*
D	41562	6	*	*	*	*	94.8	190003	*
D	41565	2	*	*	*	*	98.9	189996	*
D	41578	3	*	*	*	*	97.8	189914	*
D	41605	2	*	*	*	*	93.0	189816	*
D	41609	2	*	*	*	*	97.5	189793	*
D	41611	2	*	*	*	*	100.0	189782	*
D	41630	2	*	*	*	*	90.0	189679	*
D	41633	2	*	*	*	*	99.0	189667	*
D	41635	2	*	*	*	*	92.0	189651	*
D	41658	2	*	*	*	*	100.0	189524	*
D	41659	2	*	*	*	*	98.7	189521	*
D	41678	7	*	*	*	*	95.0	189396	*
D	41681	2	*	*	*	*	92.2	189384	*
D	41697	2	*	*	*	*	99.0	189297	*
D	41698	3	*	*	*	*	91.5	189296	*
D	41739	4	*	*	*	*	92.6	189090	*
D	41741	2	*	*	*	*	93.8	189083	*
D	41763	2	*	*	*	*	100.0	188974	*
D	41783	2	*	*	*	*	100.0	188887	*
D	41798	2	*	*	*	*	97.6	188840	*
D	41814	2	*	*	*	*	100.0	188735	*
D	41817	6	*	*	*	*	94.1	188706	*
D	41837	5	*	*	*	*	95.5	188591	*
D	41927	2	*	*	*	*	94.0	188037	*
D	41933	2	*	*	*	*	95.1	188007	*
D	41937	2	*	*	*	*	98.8	187980	*
D	41951	2	*	*	*	*	100.0	187894	*
D	41961	4	*	*	*	*	94.4	187835	*
D	41965	2	*	*	*	*	100.0	187811	*
D	41976	3	*	*	*	*	95.9	187751	*
D	41984	4	*	*	*	*	97.1	187720	*
D	42019	2	*	*	*	*	100.0	187489	*
D	42027	5	*	*	*	*	93.8	187443	*
D	42035	2	*	*	*	*	90.4	187399	*
D	42039	9	*	*	*	*	95.6	187388	*
D	42052	3	*	*	*	*	94.0	187324	*
D	42064	2	*	*	*	*	97.5	187256	*
D	42066	2	*	*	*	*	100.0	187248	*
D	42081	4	*	*	*	*	93.8	187179	*
D	42085	2	*	*	*	*	90.6	187155	*
D	42087	2	*	*	*	*	98.7	187150	*
D	42088	6	*	*	*	*	95.7	187144	*
D	42103	3	*	*	*	*	97.5	187050	*
D	42132	2	*	*	*	*	97.6	186906	*
D	42135	2	*	*	*	*	96.0	186888	*
D	42145	2	*	*	*	*	95.3	186866	*
D	42150	3	*	*	*	*	96.2	186841	*
D	42152	2	*	*	*	*	100.0	186831	*
D	42155	2	*	*	*	*	97.8	186804	*
D	42199	2	*	*	*	*	96.0	186549	*
D	42225	2	*	*	*	*	90.2	186389	*
D	42249	3	*	*	*	*	95.4	186248	*
D	42259	2	*	*	*	*	91.5	186168	*
D	42260	2	*	*	*	*	93.0	186162	*
D	42301	2	*	*	*	*	94.9	185974	*
D	42308	9	*	*	*	*	96.2	185949	*
D	42352	4	*	*	*	*	93.8	185730	*
D	42380	2	*	*	*	*	95.1	185603	*
D	42391	2	*	*	*	*	97.7	185568	*
D	42406	2	*	*	*	*	99.0	185486	*
D	42410	2	*	*	*	*	90.0	185441	*
D	42428	2	*	*	*	*	100.0	185324	*
D	42435	2	*	*	*	*	93.0	185281	*
D	42460	5	*	*	*	*	95.5	185159	*
D	42465	8	*	*	*	*	95.8	185140	*
D	42496	2	*	*	*	*	90.5	184980	*
D	42514	2	*	*	*	*	100.0	184864	*
D	42528	2	*	*	*	*	94.8	184753	*
D	42534	6	*	*	*	*	95.1	184725	*
D	42546	2	*	*	*	*	96.0	184610	*
D	42553	4	*	*	*	*	96.0	184567	*
D	42584	4	*	*	*	*	95.9	184391	*
D	42595	2	*	*	*	*	98.7	184322	*
D	42616	3	*	*	*	*	97.9	184209	*
D	42624	2	*	*	*	*	96.4	184142	*
D	42650	2	*	*	*	*	100.0	183969	*
D	42664	8	*	*	*	*	96.6	183873	*
D	42665	3	*	*	*	*	91.7	183870	*
D	42667	2	*	*	*	*	100.0	183867	*
D	42693	10	*	*	*	*	95.6	183783	*
D	42717	3	*	*	*	*	96.9	183662	*
D	42720	2	*	*	*	*	93.0	183653	*
D	42754	8	*	*	*	*	95.0	183480	*
D	42758	2	*	*	*	*	90.5	183467	*
D	42773	2	*	*	*	*	95.0	183414	*
D	42786	3	*	*	*	*	92.7	183321	*
D	42815	2	*	*	*	*	99.0	183163	*
D	42816	3	*	*	*	*	97.5	183162	*
D	42823	15	*	*	*	*	96.1	183139	*
D	42835	2	*	*	*	*	96.0	183089	*
D	42842	2	*	*	*	*	98.8	183054	*
D	42865	2	*	*	*	*	95.6	182956	*
D	42882	2	*	*	*	*	98.8	182889	*
D	42885	3	*	*	*	*	93.7	182874	*
D	42889	2	*	*	*	*	98.0	182854	*
D	42914	2	*	*	*	*	92.0	182729	*
D	42921	2	*	*	*	*	99.0	182656	*
D	42922	2	*	*	*	*	96.0	182653	*
D	42959	10	*	*	*	*	96.5	182483	*
D	42966	4	*	*	*	*	97.3	182428	*
D	42973	7	*	*	*	*	96.2	182372	*
D	43033	2	*	*	*	*	100.0	182065	*
D	43037	2	*	*	*	*	96.0	182052	*
D	43052	3	*	*	*	*	93.3	181990	*
D	43057	2	*	*	*	*	100.0	181969	*
D	43089	2	*	*	*	*	96.0	181836	*
D	43101	2	*	*	*	*	97.5	181756	*
D	43108	2	*	*	*	*	98.7	181718	*
D	43114	13	*	*	*	*	96.2	181689	*
D	43126	2	*	*	*	*	96.6	181603	*
D	43141	2	*	*	*	*	91.5	181539	*
D	43143	2	*	*	*	*	90.0	181532	*
D	43145	2	*	*	*	*	92.4	181485	*
D	43186	2	*	*	*	*	94.0	181239	*
D	43196	2	*	*	*	*	96.0	181204	*
D	43197	13	*	*	*	*	95.9	181193	*
D	43247	3	*	*	*	*	97.9	180903	*
D	43259	3	*	*	*	*	96.0	180834	*
D	43261	3	*	*	*	*	95.0	180825	*
D	43268	5	*	*	*	*	94.8	180795	*
D	43306	3	*	*	*	*	95.8	180606	*
D	43309	2	*	*	*	*	100.0	180577	*
D	43323	2	*	*	*	*	98.7	180523	*
D	43345	2	*	*	*	*	99.0	180414	*
D	43402	15	*	*	*	*	95.3	180112	*
D	43412	6	*	*	*	*	93.5	180082	*
D	43418	2	*	*	*	*	92.0	180045	*
D	43440	2	*	*	*	*	98.7	179865	*
D	43455	2	*	*	*	*	97.4	179807	*
D	43472	2	*	*	*	*	100.0	179692	*
D	43476	2	*	*	*	*	98.9	179665	*
D	43487	2	*	*	*	*	96.0	179625	*
D	43516	3	*	*	*	*	94.2	179526	*
D	43537	7	*	*	*	*	95.3	179423	*
D	43539	2	*	*	*	*	96.1	179408	*
D	43550	2	*	*	*	*	100.0	179350	*
D	43581	2	*	*	*	*	99.0	179157	*
D	43582	5	*	*	*	*	95.6	179151	*
D	43584	2	*	*	*	*	96.3	179148	*
D	43593	2	*	*	*	*	93.8	179067	*
D	43601	4	*	*	*	*	94.1	179014	*
D	43609	3	*	*	*	*	95.1	178977	*
D	43660	2	*	*	*	*	96.8	178751	*
D	43661	2	*	*	*	*	92.0	178746	*
D	43676	2	*	*	*	*	92.7	178665	*
D	43686	2	*	*	*	*	98.9	178616	*
D	43687	2	*	*	*	*	90.0	178615	*
D	43688	8	*	*	*	*	94.0	178612	*
D	43715	2	*	*	*	*	100.0	178462	*
D	43720	4	*	*	*	*	98.4	178447	*
D	43726	4	*	*	*	*	97.2	178387	*
D	43737	2	*	*	*	*	98.7	178332	*
D	43751	3	*	*	*	*	93.2	178253	*
D	43765	4	*	*	*	*	97.1	178173	*
D	43767	2	*	*	*	*	90.0	178148	*
D	43789	2	*	*	*	*	94.9	178042	*
D	43840	6	*	*	*	*	96.7	177758	*
D	43849	2	*	*	*	*	94.1	177708	*
D	43851	2	*	*	*	*	100.0	177702	*
D	43869	3	*	*	*	*	98.8	177618	*
D	43891	2	*	*	*	*	100.0	177520	*
D	43920	2	*	*	*	*	97.5	177359	*
D	43958	2	*	*	*	*	96.2	177175	*
D	43963	3	*	*	*	*	96.7	177150	*
D	44005	2	*	*	*	*	100.0	176955	*
D	44037	2	*	*	*	*	97.5	176757	*
D	44047	3	*	*	*	*	95.9	176722	*
D	44056	2	*	*	*	*	96.2	176666	*
D	44058	2	*	*	*	*	98.7	176660	*
D	44065	4	*	*	*	*	95.3	176604	*
D	44102	2	*	*	*	*	100.0	176327	*
D	44108	2	*	*	*	*	100.0	176306	*
D	44117	2	*	*	*	*	100.0	176230	*
D	44146	4	*	*	*	*	94.9	176108	*
D	44150	2	*	*	*	*	100.0	176080	*
D	44158	3	*	*	*	*	97.5	176057	*
D	44163	6	*	*	*	*	96.4	176034	*
D	44169	2	*	*	*	*	100.0	175978	*
D	44170	3	*	*	*	*	93.0	175972	*
D	44182	2	*	*	*	*	92.0	175929	*
D	44191	2	*	*	*	*	100.0	175883	*
D	44208	2	*	*	*	*	100.0	175751	*
D	44239	2	*	*	*	*	97.5	175560	*
D	44245	2	*	*	*	*	98.0	175535	*
D	44254	2	*	*	*	*	95.0	175485	*
D	44257	7	*	*	*	*	95.9	175474	*
D	44276	3	*	*	*	*	98.0	175367	*
D	44312	4	*	*	*	*	97.5	175168	*
D	44315	2	*	*	*	*	99.0	175148	*
D	44316	2	*	*	*	*	97.7	175145	*
D	44333	4	*	*	*	*	95.3	175050	*
D	44377	2	*	*	*	*	93.0	174792	*
D	44427	2	*	*	*	*	96.4	174588	*
D	44437	2	*	*	*	*	91.0	174519	*
D	44446	2	*	*	*	*	100.0	174487	*
D	44448	2	*	*	*	*	94.7	174471	*
D	44458	4	*	*	*	*	97.6	174415	*
D	44460	2	*	*	*	*	100.0	174383	*
D	44466	2	*	*	*	*	90.0	174360	*
D	44468	2	*	*	*	*	100.0	174356	*
D	44472	4	*	*	*	*	95.9	174332	*
D	44477	3	*	*	*	*	95.9	174301	*
D	44518	2	*	*	*	*	100.0	174044	*
D	44522	5	*	*	*	*	97.1	174036	*
D	44538	2	*	*	*	*	96.3	173945	*
D	44546	3	*	*	*	*	91.8	173917	*
D	44567	2	*	*	*	*	90.1	173811	*
D	44595	2	*	*	*	*	90.3	173473	*
D	44674	4	*	*	*	*	95.1	172717	*
D	44680	3	*	*	*	*	92.7	172624	*
D	44782	2	*	*	*	*	93.0	171518	*
D	44832	2	*	*	*	*	99.0	170798	*
D	44834	4	*	*	*	*	98.7	170775	*
D	44893	2	*	*	*	*	90.2	170089	*
D	44952	2	*	*	*	*	96.3	169538	*
D	45010	2	*	*	*	*	100.0	168709	*
D	45042	2	*	*	*	*	93.8	168313	*
D	45073	2	*	*	*	*	90.2	168031	*
D	45101	2	*	*	*	*	92.7	167760	*
D	45105	2	*	*	*	*	94.6	167741	*
D	45133	2	*	*	*	*	96.2	167411	*
D	45156	3	*	*	*	*	99.4	167187	*
D	45193	8	*	*	*	*	95.3	166692	*
D	45232	2	*	*	*	*	93.5	166153	*
D	45270	2	*	*	*	*	97.5	165731	*
D	45289	2	*	*	*	*	92.7	165489	*
D	45350	2	*	*	*	*	96.1	164789	*
D	45457	2	*	*	*	*	90.0	163494	*
D	45468	2	*	*	*	*	94.8	163421	*
D	45622	2	*	*	*	*	97.8	161630	*
D	45632	23	*	*	*	*	95.8	161579	*
D	45653	2	*	*	*	*	100.0	161423	*
D	45670	4	*	*	*	*	96.9	161277	*
D	45739	2	*	*	*	*	100.0	160908	*
D	45750	3	*	*	*	*	95.8	160873	*
D	45755	2	*	*	*	*	100.0	160830	*
D	45846	2	*	*	*	*	94.8	160178	*
D	45899	2	*	*	*	*	100.0	159743	*
D	45960	2	*	*	*	*	100.0	159299	*
D	46011	2	*	*	*	*	95.1	158908	*
D	46025	2	*	*	*	*	90.0	158820	*
D	46039	3	*	*	*	*	97.3	158711	*
D	46050	3	*	*	*	*	95.8	158625	*
D	46058	6	*	*	*	*	95.3	158581	*
D	46098	4	*	*	*	*	90.7	158270	*
D	46105	21	*	*	*	*	94.1	158215	*
D	46114	2	*	*	*	*	90.7	158137	*
D	46140	11	*	*	*	*	96.0	157921	*
D	46141	22	*	*	*	*	95.2	157905	*
D	46149	2	*	*	*	*	100.0	157842	*
D	46158	3	*	*	*	*	97.0	157772	*
D	46568	4	*	*	*	*	98.0	154822	*
D	46594	2	*	*	*	*	98.9	154604	*
D	46806	2	*	*	*	*	98.0	152859	*
D	46948	2	*	*	*	*	99.0	151682	*
D	47121	2	*	*	*	*	97.6	150404	*
D	47265	3	*	*	*	*	92.6	149317	*
D	47316	3	*	*	*	*	94.4	148987	*
D	47447	2	*	*	*	*	96.8	148007	*
D	47449	2	*	*	*	*	94.9	148003	*
D	47453	2	*	*	*	*	96.6	147981	*
D	47483	2	*	*	*	*	99.0	147702	*
D	47607	2	*	*	*	*	95.0	146665	*
D	47712	23	*	*	*	*	94.4	145801	*
D	47960	2	*	*	*	*	93.4	144077	*
D	48248	2	*	*	*	*	98.9	142471	*
D	48277	2	*	*	*	*	98.7	142330	*
D	48309	2	*	*	*	*	100.0	142203	*
D	48351	2	*	*	*	*	100.0	141972	*
D	48692	2	*	*	*	*	93.4	139337	*
D	48860	2	*	*	*	*	100.0	137834	*
D	48968	2	*	*	*	*	100.0	136946	*
D	49042	2	*	*	*	*	97.4	136526	*
D	49048	2	*	*	*	*	100.0	136502	*
D	49090	2	*	*	*	*	96.0	136276	*
D	49271	2	*	*	*	*	90.0	134265	*
D	49443	7	*	*	*	*	95.7	132041	*
D	49637	2	*	*	*	*	99.0	128353	*
D	49675	4	*	*	*	*	95.6	127309	*
D	49684	2	*	*	*	*	98.0	126508	*
D	49738	2	*	*	*	*	99.0	123510	*
D	49775	4	*	*	*	*	96.5	120281	*
D	49794	2	*	*	*	*	95.8	119010	*
D	49795	2	*	*	*	*	98.9	118817	*
D	49824	5	*	*	*	*	96.3	115049	*
D	49851	2	*	*	*	*	98.0	114821	*
D	49915	2	*	*	*	*	92.6	114510	*
D	49957	2	*	*	*	*	96.2	114263	*
D	50096	2	*	*	*	*	98.7	113581	*
D	50263	2	*	*	*	*	98.8	112804	*
D	50392	2	*	*	*	*	100.0	111806	*
D	50517	2	*	*	*	*	100.0	110944	*
D	50554	2	*	*	*	*	90.8	110723	*
D	50563	3	*	*	*	*	97.9	110625	*
D	50588	2	*	*	*	*	94.0	110438	*
D	50804	2	*	*	*	*	91.4	108706	*
D	50956	2	*	*	*	*	92.0	106991	*
D	50970	2	*	*	*	*	98.9	106860	*
D	50989	2	*	*	*	*	100.0	106691	*
D	51125	2	*	*	*	*	96.2	105453	*
D	51230	2	*	*	*	*	100.0	104646	*
D	51236	2	*	*	*	*	92.3	104610	*
D	51277	2	*	*	*	*	100.0	104310	*
D	51295	2	*	*	*	*	95.0	104181	*
D	51402	3	*	*	*	*	94.7	103400	*
D	51482	2	*	*	*	*	94.7	102794	*
D	51571	2	*	*	*	*	98.0	102049	*
D	51659	2	*	*	*	*	100.0	101320	*
D	51743	2	*	*	*	*	97.0	100650	*
D	51759	2	*	*	*	*	96.5	100457	*
D	51785	2	*	*	*	*	97.4	100198	*
D	51886	2	*	*	*	*	99.0	99400	*
D	52062	2	*	*	*	*	100.0	95974	*
D	52241	2	*	*	*	*	97.8	91962	*
D	52269	8	*	*	*	*	94.8	91557	*
D	52467	3	*	*	*	*	96.0	87839	*
D	52526	3	*	*	*	*	97.5	85614	*
D	52702	2	*	*	*	*	98.0	81462	*
D	52925	3	*	*	*	*	95.8	77458	*
D	53048	2	*	*	*	*	100.0	73371	*
D	53078	10	*	*	*	*	95.1	72820	*
D	53133	2	*	*	*	*	93.4	71710	*
D	53211	2	*	*	*	*	100.0	70346	*
D	53234	8	*	*	*	*	96.4	69933	*
D	53282	2	*	*	*	*	94.8	68416	*
D	53363	2	*	*	*	*	98.9	65683	*
D	53577	3	*	*	*	*	98.9	60332	*
D	53761	2	*	*	*	*	94.0	52362	*
D	53820	2	*	*	*	*	100.0	50530	*
D	53922	2	*	*	*	*	100.0	47477	*
D	53984	2	*	*	*	*	92.7	45623	*
D	54154	2	*	*	*	*	96.2	40649	*
D	54237	12	*	*	*	*	96.7	38357	*
D	54506	2	*	*	*	*	100.0	30168	*
D	54531	2	*	*	*	*	95.4	29495	*
D	54582	3	*	*	*	*	96.3	28109	*
D	54585	4	*	*	*	*	93.0	28056	*
D	54626	3	*	*	*	*	97.8	27032	*
D	54684	2	*	*	*	*	93.0	25005	*
D	54696	3	*	*	*	*	97.4	24546	*
D	54960	2	*	*	*	*	91.8	16144	*
D	55016	11	*	*	*	*	95.1	15728	*
D	55051	2	*	*	*	*	100.0	15432	*
D	55057	4	*	*	*	*	90.8	15357	*
D	55134	7	*	*	*	*	94.0	14287	*
D	55199	2	*	*	*	*	90.0	13900	*
D	55213	2	*	*	*	*	90.0	13813	*
D	55214	31	*	*	*	*	95.8	13811	*
D	55277	2	*	*	*	*	99.0	13115	*
D	55503	2	*	*	*	*	95.1	10390	*
D	55506	2	*	*	*	*	93.5	10298	*
D	55508	34	*	*	*	*	95.1	10212	*
D	55509	9	*	*	*	*	93.0	10211	*
D	55521	2	*	*	*	*	98.8	9939	*
D	55523	2	*	*	*	*	100.0	9912	*
D	55524	3	*	*	*	*	97.9	9870	*
D	55526	2	*	*	*	*	99.0	9846	*
D	55528	3	*	*	*	*	97.6	9819	*
D	55530	8	*	*	*	*	97.5	9727	*
D	55665	2	*	*	*	*	93.7	7912	*
D	55946	3	*	*	*	*	96.3	3439	*
D	55974	2	*	*	*	*	100.0	3213	*
D	56056	2	*	*	*	*	98.0	2534	*
D	56111	5	*	*	*	*	97.7	1992	*
D	56118	2	*	*	*	*	92.0	1952	*
D	56269	4	*	*	*	*	96.6	1508541	*
D	56524	2	*	*	*	*	98.7	1544606	*
D	56647	2	*	*	*	*	91.2	669175	*
D	56648	2	*	*	*	*	100.0	689465	*
D	56753	4	*	*	*	*	96.1	609704	*
D	56880	2	*	*	*	*	100.0	806380	*
D	56988	3	*	*	*	*	95.0	1601633	*
D	57045	5	*	*	*	*	97.0	1129328	*
D	57234	2	*	*	*	*	100.0	1111111	*
D	57253	2	*	*	*	*	98.8	1637278	*
D	57414	2	*	*	*	*	97.0	1657331	*
D	57430	2	*	*	*	*	92.4	1657493	*
D	57525	2	*	*	*	*	100.0	1669160	*
D	57552	2	*	*	*	*	100.0	1671681	*
D	57681	2	*	*	*	*	99.0	828333	*
D	57731	2	*	*	*	*	100.0	1690095	*
D	57818	5	*	*	*	*	95.0	1698008	*
D	57855	3	*	*	*	*	92.2	849535	*
D	57870	2	*	*	*	*	91.0	1703713	*
D	57876	2	*	*	*	*	91.0	627071	*
D	57881	2	*	*	*	*	98.7	1705765	*
D	58003	9	*	*	*	*	92.7	1721299	*
D	58038	2	*	*	*	*	99.0	1139929	*
D	58044	4	*	*	*	*	90.3	1726408	*
D	58046	2	*	*	*	*	96.1	1726426	*
D	58049	3	*	*	*	*	97.4	1727150	*
D	58082	2	*	*	*	*	91.0	730315	*
D	58123	2	*	*	*	*	100.0	1736067	*
D	58173	2	*	*	*	*	92.2	1743136	*
D	58195	7	*	*	*	*	95.5	1746913	*
D	58208	2	*	*	*	*	95.0	1749079	*
D	58216	9	*	*	*	*	92.3	1749791	*
D	58493	2	*	*	*	*	93.0	814114	*
D	58506	2	*	*	*	*	94.0	1000656	*
D	58540	2	*	*	*	*	97.8	1788466	*
D	58632	2	*	*	*	*	95.0	1800048	*
D	58819	2	*	*	*	*	100.0	1039568	*
D	58926	2	*	*	*	*	94.0	1835779	*
D	59048	2	*	*	*	*	100.0	1848900	*
D	59270	2	*	*	*	*	93.0	1134377	*
D	59343	3	*	*	*	*	98.0	1888072	*
D	59361	2	*	*	*	*	100.0	1889556	*
D	59366	2	*	*	*	*	92.4	1890229	*
D	59503	2	*	*	*	*	95.2	1904497	*
D	59511	2	*	*	*	*	97.4	1905494	*
D	59514	3	*	*	*	*	95.4	1906483	*
D	59517	2	*	*	*	*	93.7	1906635	*
D	59567	2	*	*	*	*	100.0	1914811	*
D	59569	2	*	*	*	*	100.0	1915223	*
D	59649	2	*	*	*	*	100.0	1048864	*
D	59690	3	*	*	*	*	96.5	1928156	*
D	59726	2	*	*	*	*	100.0	1932546	*
D	59768	2	*	*	*	*	100.0	1935637	*
D	59889	2	*	*	*	*	100.0	1944498	*
D	59891	2	*	*	*	*	98.0	1945397	*
D	59933	5	*	*	*	*	96.0	1950496	*
D	60031	5	*	*	*	*	94.8	1960569	*
D	60065	2	*	*	*	*	99.0	1964005	*
D	60102	2	*	*	*	*	100.0	702276	*
D	60129	2	*	*	*	*	94.9	816702	*
D	60150	2	*	*	*	*	95.7	1978955	*
D	60197	5	*	*	*	*	95.7	1983368	*
D	60282	2	*	*	*	*	100.0	1134826	*
D	60296	8	*	*	*	*	96.2	1997391	*
D	60331	2	*	*	*	*	100.0	1108706	*
D	60363	2	*	*	*	*	96.4	2006996	*
D	60445	2	*	*	*	*	92.0	2017729	*
D	60460	2	*	*	*	*	90.5	1130892	*
D	60474	4	*	*	*	*	92.0	1022184	*
D	60528	11	*	*	*	*	96.2	825989	*
D	60608	2	*	*	*	*	95.0	2039020	*
D	60618	2	*	*	*	*	100.0	1125423	*
D	60701	29	*	*	*	*	95.0	1105928	*
D	60861	3	*	*	*	*	95.0	2066374	*
D	60879	4	*	*	*	*	94.1	2069039	*
D	60911	2	*	*	*	*	92.0	2072645	*
D	60939	10	*	*	*	*	94.5	2075910	*
D	60994	2	*	*	*	*	99.0	810700	*
D	61005	2	*	*	*	*	100.0	632346	*
D	61012	2	*	*	*	*	94.7	2085032	*
D	61032	2	*	*	*	*	90.6	820375	*
D	61135	2	*	*	*	*	94.8	1127760	*
D	61151	2	*	*	*	*	95.1	2101287	*
D	61181	22	*	*	*	*	96.3	846127	*
D	61257	2	*	*	*	*	98.8	2113291	*
D	61260	4	*	*	*	*	95.0	619140	*
D	61395	3	*	*	*	*	96.2	2128807	*
D	61436	14	*	*	*	*	91.6	2134452	*
D	61450	4	*	*	*	*	95.1	2137001	*
D	61453	2	*	*	*	*	96.3	812176	*
D	61494	2	*	*	*	*	98.7	1112700	*
D	61593	2	*	*	*	*	96.4	734326	*
D	61678	2	*	*	*	*	100.0	769746	*
D	61679	2	*	*	*	*	100.0	687792	*
D	61727	2	*	*	*	*	93.8	1135231	*
D	61755	4	*	*	*	*	96.9	2177184	*
D	61790	2	*	*	*	*	100.0	2183687	*
D	61813	2	*	*	*	*	100.0	2185268	*
D	61851	9	*	*	*	*	96.8	2189140	*
D	61869	2	*	*	*	*	93.6	1105984	*
D	61921	2	*	*	*	*	94.6	614182	*
D	61944	2	*	*	*	*	95.8	2198356	*
D	62009	2	*	*	*	*	90.2	2205002	*
D	62010	2	*	*	*	*	94.1	2205004	*
D	62061	2	*	*	*	*	95.0	2210028	*
D	62143	2	*	*	*	*	98.7	2220496	*
D	62180	4	*	*	*	*	95.8	2224336	*
D	62368	2	*	*	*	*	97.4	2250345	*
D	62461	2	*	*	*	*	100.0	1130818	*
D	62565	4	*	*	*	*	95.4	2271953	*
D	62589	2	*	*	*	*	98.8	1121144	*
D	62619	2	*	*	*	*	93.4	1029036	*
D	62639	2	*	*	*	*	96.0	2280817	*
D	62737	2	*	*	*	*	93.5	816209	*
D	62902	11	*	*	*	*	96.0	825808	*
D	62955	3	*	*	*	*	97.4	1126691	*
D	63104	4	*	*	*	*	96.6	2342005	*
D	63136	2	*	*	*	*	98.0	2345806	*
D	63149	2	*	*	*	*	100.0	2346777	*
D	63192	2	*	*	*	*	98.7	776980	*
D	63344	5	*	*	*	*	92.8	996970	*
D	63448	2	*	*	*	*	100.0	611914	*
D	63473	2	*	*	*	*	94.0	2388088	*
D	63476	8	*	*	*	*	93.7	2388617	*
D	63630	2	*	*	*	*	100.0	812831	*
D	63835	2	*	*	*	*	95.0	1135358	*
D	63885	2	*	*	*	*	96.2	2438203	*
D	63972	2	*	*	*	*	97.6	1140514	*
D	64214	2	*	*	*	*	97.4	1116674	*
D	64235	3	*	*	*	*	95.6	2487129	*
D	64338	2	*	*	*	*	98.8	2499530	*
D	64359	2	*	*	*	*	100.0	2502219	*
D	64362	2	*	*	*	*	95.1	813564	*
D	64456	2	*	*	*	*	96.2	1122077	*
D	64547	2	*	*	*	*	100.0	831789	*
D	64570	2	*	*	*	*	100.0	812851	*
D	64681	2	*	*	*	*	100.0	2544963	*
D	64716	2	*	*	*	*	97.6	820599	*
D	64751	2	*	*	*	*	100.0	1110791	*
D	64755	6	*	*	*	*	96.1	2555599	*
D	64802	2	*	*	*	*	98.9	831386	*
D	64808	2	*	*	*	*	91.0	2564727	*
D	64823	3	*	*	*	*	95.7	824876	*
D	64825	12	*	*	*	*	95.5	813479	*
D	64850	2	*	*	*	*	95.0	816444	*
D	64869	2	*	*	*	*	97.6	2571975	*
D	64959	2	*	*	*	*	99.0	2582263	*
D	64998	3	*	*	*	*	95.0	2588266	*
D	65002	2	*	*	*	*	100.0	1137749	*
D	65041	2	*	*	*	*	100.0	2592671	*
D	65107	2	*	*	*	*	90.1	828474	*
D	65126	2	*	*	*	*	100.0	2599028	*
D	65135	6	*	*	*	*	93.3	2599837	*
D	65221	2	*	*	*	*	93.5	656314	*
D	65440	2	*	*	*	*	100.0	658475	*
D	65540	2	*	*	*	*	100.0	2651333	*
D	65569	6	*	*	*	*	94.6	2654261	*
D	65570	2	*	*	*	*	98.9	2654263	*
D	65578	2	*	*	*	*	99.0	630172	*
D	65733	2	*	*	*	*	99.0	1115854	*
D	65769	3	*	*	*	*	96.2	1142687	*
D	65869	2	*	*	*	*	99.0	2686590	*
D	65941	3	*	*	*	*	94.8	2696706	*
D	65961	2	*	*	*	*	98.7	2700687	*
D	66087	16	*	*	*	*	95.5	1122622	*
D	66107	2	*	*	*	*	98.7	899619	*
D	66187	2	*	*	*	*	96.3	2724174	*
D	66269	22	*	*	*	*	95.4	2730944	*
D	66285	2	*	*	*	*	100.0	1125638	*
D	66352	9	*	*	*	*	95.5	2740953	*
D	66411	2	*	*	*	*	93.0	1124941	*
D	66558	2	*	*	*	*	93.4	2768843	*
D	66559	2	*	*	*	*	95.3	2769196	*
D	66564	2	*	*	*	*	100.0	2770485	*
D	66569	4	*	*	*	*	98.5	2771073	*
D	66583	2	*	*	*	*	95.0	1133172	*
D	66719	3	*	*	*	*	96.8	1134151	*
D	66721	2	*	*	*	*	100.0	1133471	*
D	66937	4	*	*	*	*	97.2	652696	*
D	67083	2	*	*	*	*	100.0	831395	*
D	67096	2	*	*	*	*	100.0	1010113	*
D	67144	2	*	*	*	*	98.8	1146234	*
D	67269	3	*	*	*	*	96.5	2854740	*
D	67331	2	*	*	*	*	100.0	2862781	*
D	67431	2	*	*	*	*	98.8	1130478	*
D	67437	3	*	*	*	*	95.0	2874602	*
D	67578	2	*	*	*	*	94.0	606063	*
D	67619	2	*	*	*	*	92.0	997909	*
D	67651	2	*	*	*	*	100.0	2902741	*
D	67659	2	*	*	*	*	92.7	1109788	*
D	67754	2	*	*	*	*	100.0	2915091	*
D	67793	2	*	*	*	*	96.4	981912	*
D	67802	5	*	*	*	*	96.9	2920309	*
D	67882	2	*	*	*	*	90.1	1148281	*
D	67903	3	*	*	*	*	97.8	2932151	*
D	67921	2	*	*	*	*	98.8	703635	*
D	67992	2	*	*	*	*	97.6	677784	*
D	68042	2	*	*	*	*	95.2	2949328	*
D	68066	2	*	*	*	*	91.0	820764	*
D	68067	2	*	*	*	*	97.5	1106842	*
D	68116	6	*	*	*	*	98.6	2957436	*
D	68127	2	*	*	*	*	100.0	697681	*
D	68174	16	*	*	*	*	95.1	1142029	*
D	68298	2	*	*	*	*	98.8	2979308	*
D	68375	6	*	*	*	*	96.8	2990145	*
D	68393	2	*	*	*	*	98.7	2990918	*
D	68436	2	*	*	*	*	96.0	2996653	*
D	68546	2	*	*	*	*	91.3	827942	*
D	68578	2	*	*	*	*	96.0	3014082	*
D	68589	2	*	*	*	*	96.0	3015659	*
D	68619	2	*	*	*	*	95.5	1141610	*
D	68775	3	*	*	*	*	96.5	719519	*
D	68806	2	*	*	*	*	100.0	1107230	*
D	68856	2	*	*	*	*	100.0	3047667	*
D	68971	4	*	*	*	*	94.0	3064113	*
D	69149	2	*	*	*	*	98.7	3088282	*
D	69229	2	*	*	*	*	97.5	3096648	*
D	69259	12	*	*	*	*	96.2	3101394	*
D	69456	2	*	*	*	*	98.7	1079393	*
D	69473	2	*	*	*	*	100.0	3127555	*
D	69481	2	*	*	*	*	97.6	631893	*
D	69528	2	*	*	*	*	90.4	740317	*
D	69635	2	*	*	*	*	96.6	3150722	*
D	69645	2	*	*	*	*	96.8	3152469	*
D	69658	3	*	*	*	*	98.9	3154070	*
D	69677	2	*	*	*	*	97.8	3156335	*
D	69685	2	*	*	*	*	99.0	3156804	*
D	69832	4	*	*	*	*	97.9	842594	*
D	69862	4	*	*	*	*	95.7	3177392	*
D	69924	2	*	*	*	*	97.8	3186388	*
D	70068	3	*	*	*	*	96.0	3203801	*
D	70203	4	*	*	*	*	92.2	859700	*
D	70265	2	*	*	*	*	100.0	3228684	*
D	70294	36	*	*	*	*	94.8	3232397	*
D	70323	2	*	*	*	*	97.5	3236435	*
D	70329	2	*	*	*	*	100.0	736813	*
D	70405	6	*	*	*	*	96.2	3244671	*
D	70407	2	*	*	*	*	96.0	3244896	*
D	70440	2	*	*	*	*	97.6	1126072	*
D	70464	2	*	*	*	*	91.0	1061772	*
D	70578	6	*	*	*	*	96.7	3265161	*
D	70639	2	*	*	*	*	100.0	3270631	*
D	70669	5	*	*	*	*	94.2	755474	*
D	70678	2	*	*	*	*	100.0	3276016	*
D	70742	2	*	*	*	*	98.9	3284221	*
D	70792	2	*	*	*	*	96.4	3291730	*
D	70861	2	*	*	*	*	98.0	3301187	*
D	71015	2	*	*	*	*	100.0	1109454	*
D	71062	2	*	*	*	*	95.1	3325988	*
D	71087	2	*	*	*	*	96.1	3327894	*
D	71150	2	*	*	*	*	98.9	3334374	*
D	71211	2	*	*	*	*	100.0	1131220	*
D	71220	2	*	*	*	*	92.1	784927	*
D	71221	2	*	*	*	*	90.0	688067	*
D	71364	2	*	*	*	*	99.0	704614	*
D	71392	3	*	*	*	*	95.5	3366133	*
D	71554	2	*	*	*	*	100.0	962249	*
D	71563	2	*	*	*	*	100.0	928736	*
D	71567	6	*	*	*	*	92.9	681370	*
D	71597	2	*	*	*	*	100.0	3393191	*
D	71715	3	*	*	*	*	93.5	3407052	*
D	71934	2	*	*	*	*	96.0	3431775	*
D	71975	2	*	*	*	*	100.0	3439403	*
D	71981	3	*	*	*	*	96.8	3440955	*
D	71987	3	*	*	*	*	95.9	3441309	*
D	71991	2	*	*	*	*	93.6	3441895	*
D	72024	2	*	*	*	*	98.0	798260	*
D	72050	2	*	*	*	*	97.8	3450454	*
D	72089	2	*	*	*	*	97.5	837640	*
D	72244	2	*	*	*	*	98.0	3475269	*
D	72253	2	*	*	*	*	93.7	828524	*
D	72383	2	*	*	*	*	95.1	3487876	*
D	72394	5	*	*	*	*	94.4	1120420	*
D	72454	2	*	*	*	*	95.0	776657	*
D	72680	4	*	*	*	*	93.4	3531225	*
D	72683	3	*	*	*	*	92.3	1097113	*
D	72787	2	*	*	*	*	90.1	3544699	*
D	72856	3	*	*	*	*	93.5	654696	*
D	72937	7	*	*	*	*	96.7	3562626	*
D	73030	2	*	*	*	*	99.0	823916	*
D	73051	5	*	*	*	*	95.3	1029559	*
D	73122	2	*	*	*	*	96.0	721704	*
D	73212	2	*	*	*	*	97.6	3598692	*
D	73305	2	*	*	*	*	90.0	661404	*
D	73312	3	*	*	*	*	94.5	3610691	*
D	73478	2	*	*	*	*	94.0	3634675	*
D	73547	2	*	*	*	*	99.0	3645685	*
D	73581	2	*	*	*	*	93.6	1108877	*
D	73696	3	*	*	*	*	98.2	3667183	*
D	73775	4	*	*	*	*	96.8	3682570	*
D	74319	2	*	*	*	*	90.7	3745352	*
D	74483	2	*	*	*	*	92.7	3767933	*
D	74654	2	*	*	*	*	96.4	3786156	*
D	74686	2	*	*	*	*	90.0	1122478	*
D	74772	2	*	*	*	*	100.0	3801267	*
D	74890	2	*	*	*	*	100.0	3818299	*
D	75141	2	*	*	*	*	98.9	706728	*
D	75187	3	*	*	*	*	97.3	3855886	*
D	75197	2	*	*	*	*	94.0	3857426	*
D	75228	2	*	*	*	*	100.0	3863098	*
D	75259	3	*	*	*	*	96.2	3866932	*
D	75260	2	*	*	*	*	98.9	3867172	*
D	75278	3	*	*	*	*	98.1	3868447	*
D	75422	2	*	*	*	*	100.0	3889296	*
D	75431	3	*	*	*	*	98.4	3890155	*
D	75454	2	*	*	*	*	90.0	3892768	*
D	75540	3	*	*	*	*	96.0	3903651	*
D	75547	2	*	*	*	*	91.7	626817	*
D	75755	4	*	*	*	*	96.0	3929758	*
D	75826	2	*	*	*	*	100.0	3936862	*
D	75934	2	*	*	*	*	100.0	3951715	*
D	75989	2	*	*	*	*	100.0	637546	*
D	76015	3	*	*	*	*	99.4	3963289	*
D	76065	3	*	*	*	*	94.7	3970651	*
D	76068	2	*	*	*	*	95.0	3970657	*
D	76200	2	*	*	*	*	100.0	3989856	*
D	76272	3	*	*	*	*	96.8	3997242	*
D	76302	2	*	*	*	*	97.5	792436	*
D	76320	2	*	*	*	*	93.7	1134835	*
D	76390	4	*	*	*	*	96.9	4008139	*
D	76436	2	*	*	*	*	92.3	4012414	*
D	76439	3	*	*	*	*	96.0	627321	*
D	76503	4	*	*	*	*	95.3	4020502	*
D	76579	2	*	*	*	*	100.0	4028553	*
D	76590	4	*	*	*	*	95.1	4029632	*
D	76676	5	*	*	*	*	96.6	777944	*
D	76760	2	*	*	*	*	90.0	4052330	*
D	76771	6	*	*	*	*	96.1	807226	*
D	76859	2	*	*	*	*	95.6	4067355	*
D	76879	2	*	*	*	*	96.4	4070491	*
D	76984	2	*	*	*	*	97.8	4082577	*
D	77093	5	*	*	*	*	95.2	4094259	*
D	77097	2	*	*	*	*	100.0	4094866	*
D	77111	2	*	*	*	*	100.0	855118	*
D	77227	12	*	*	*	*	95.9	1116679	*
D	77276	2	*	*	*	*	98.8	803167	*
D	77300	2	*	*	*	*	98.8	4120404	*
D	77310	2	*	*	*	*	100.0	818286	*
D	77330	2	*	*	*	*	100.0	931593	*
D	77364	2	*	*	*	*	98.0	783338	*
D	77365	2	*	*	*	*	99.0	1136581	*
D	77371	2	*	*	*	*	100.0	4128381	*
D	77434	2	*	*	*	*	98.8	741298	*
D	77443	2	*	*	*	*	98.9	4139697	*
D	77461	2	*	*	*	*	100.0	726730	*
D	77476	2	*	*	*	*	96.3	4143457	*
D	77579	2	*	*	*	*	94.2	826025	*
D	77627	3	*	*	*	*	96.4	1109297	*
D	77679	2	*	*	*	*	90.2	1145927	*
D	77769	3	*	*	*	*	95.3	784256	*
D	77816	2	*	*	*	*	100.0	4189999	*
D	77830	2	*	*	*	*	100.0	811074	*
D	77909	4	*	*	*	*	94.8	4201482	*
D	77948	2	*	*	*	*	97.0	1140670	*
D	78012	2	*	*	*	*	98.7	791504	*
D	78048	2	*	*	*	*	98.0	985116	*
D	78103	2	*	*	*	*	98.7	881422	*
D	78112	2	*	*	*	*	100.0	4225004	*
D	78128	2	*	*	*	*	100.0	4227110	*
D	78155	2	*	*	*	*	100.0	652272	*
D	78162	2	*	*	*	*	100.0	4232045	*
D	78165	2	*	*	*	*	100.0	4232048	*
D	78182	2	*	*	*	*	93.5	806457	*
D	78187	2	*	*	*	*	100.0	4234212	*
D	78260	2	*	*	*	*	100.0	4245940	*
D	78274	2	*	*	*	*	94.0	4248036	*
D	78326	2	*	*	*	*	93.4	1136366	*
D	78351	2	*	*	*	*	95.7	4254528	*
D	78374	2	*	*	*	*	92.5	4256470	*
D	78471	2	*	*	*	*	94.7	4268506	*
D	78546	2	*	*	*	*	94.7	839610	*
D	78553	3	*	*	*	*	97.4	4278525	*
D	78575	6	*	*	*	*	95.6	4281639	*
D	78580	3	*	*	*	*	97.2	683112	*
D	78594	2	*	*	*	*	99.0	832540	*
D	78627	2	*	*	*	*	95.1	4288321	*
D	78796	2	*	*	*	*	96.2	4295775	*
D	78917	2	*	*	*	*	100.0	4296689	*
D	79048	2	*	*	*	*	97.8	4297918	*
D	79075	2	*	*	*	*	97.8	4298205	*
D	79091	3	*	*	*	*	94.4	4298291	*
D	79102	2	*	*	*	*	100.0	4298483	*
D	79117	2	*	*	*	*	92.8	4298702	*
D	79272	7	*	*	*	*	94.6	4300127	*
D	79580	2	*	*	*	*	98.7	4303249	*
D	79824	2	*	*	*	*	100.0	4305923	*
D	79835	2	*	*	*	*	91.0	4306048	*
D	79904	2	*	*	*	*	95.6	4306763	*
D	79925	4	*	*	*	*	97.0	4306836	*
D	80025	2	*	*	*	*	100.0	4307782	*
D	80038	3	*	*	*	*	96.5	4307897	*
D	80123	2	*	*	*	*	90.2	4308591	*
D	80180	10	*	*	*	*	96.0	4309033	*
D	80255	2	*	*	*	*	98.7	4310013	*
D	80393	2	*	*	*	*	90.0	4311535	*
D	80567	3	*	*	*	*	93.0	4313261	*
D	80617	4	*	*	*	*	97.1	4313711	*
D	80898	2	*	*	*	*	99.0	4316075	*
D	80912	2	*	*	*	*	97.4	4316289	*
D	81043	2	*	*	*	*	98.8	4317826	*
D	81368	13	*	*	*	*	94.2	4321292	*
D	81454	2	*	*	*	*	98.0	4322321	*
D	81482	2	*	*	*	*	98.8	4322588	*
D	81511	2	*	*	*	*	97.6	4322981	*
D	81756	6	*	*	*	*	97.1	4325533	*
D	81770	2	*	*	*	*	98.0	4325725	*
D	81915	2	*	*	*	*	90.0	4327205	*
D	81962	2	*	*	*	*	100.0	4327777	*
D	82004	3	*	*	*	*	98.0	4328189	*
D	82016	4	*	*	*	*	95.7	4328299	*
D	82037	2	*	*	*	*	100.0	4328550	*
D	82084	2	*	*	*	*	100.0	4329074	*
D	82090	4	*	*	*	*	98.3	4329132	*
D	82162	3	*	*	*	*	91.7	4330000	*
D	82223	2	*	*	*	*	100.0	752740	*
D	82241	2	*	*	*	*	97.4	4331006	*
D	82289	2	*	*	*	*	100.0	4331357	*
D	82316	2	*	*	*	*	98.0	4331657	*
D	82358	3	*	*	*	*	96.1	4332082	*
D	82537	2	*	*	*	*	91.8	4334052	*
D	82658	5	*	*	*	*	95.9	4335293	*
D	82677	2	*	*	*	*	98.8	4335484	*
D	82695	2	*	*	*	*	96.0	4335624	*
D	82713	17	*	*	*	*	95.3	4335781	*
D	82717	2	*	*	*	*	100.0	4335815	*
D	82826	2	*	*	*	*	100.0	4336731	*
D	82850	2	*	*	*	*	92.6	4336989	*
D	82861	2	*	*	*	*	90.0	4337090	*
D	83127	2	*	*	*	*	97.5	4339774	*
D	83134	2	*	*	*	*	100.0	4339801	*
D	83152	3	*	*	*	*	96.2	4340036	*
D	83175	2	*	*	*	*	95.0	4340358	*
D	83183	2	*	*	*	*	99.0	4340386	*
D	83281	2	*	*	*	*	100.0	4341176	*
D	83327	3	*	*	*	*	97.0	4341534	*
D	83388	3	*	*	*	*	97.5	4342104	*
D	83475	2	*	*	*	*	100.0	4342992	*
D	83531	2	*	*	*	*	100.0	4343580	*
D	83533	2	*	*	*	*	94.6	4343627	*
D	83642	2	*	*	*	*	96.5	4344643	*
D	83661	2	*	*	*	*	97.0	4344860	*
D	83710	3	*	*	*	*	95.3	4345333	*
D	83821	2	*	*	*	*	100.0	4346614	*
D	83861	19	*	*	*	*	93.6	4347159	*
D	83919	2	*	*	*	*	99.0	4347878	*
D	84048	2	*	*	*	*	96.8	4349094	*
D	84064	2	*	*	*	*	98.8	4349251	*
D	84132	2	*	*	*	*	96.7	4349993	*
D	84137	2	*	*	*	*	100.0	4350025	*
D	84210	2	*	*	*	*	100.0	4350788	*
D	84229	2	*	*	*	*	96.2	4351007	*
D	84255	3	*	*	*	*	95.4	4351284	*
D	84263	2	*	*	*	*	92.0	4351337	*
D	84376	2	*	*	*	*	95.0	4352607	*
D	84387	2	*	*	*	*	100.0	4352768	*
D	84394	2	*	*	*	*	92.0	4352855	*
D	84468	2	*	*	*	*	93.4	4353669	*
D	84501	10	*	*	*	*	95.2	4354041	*
D	84556	2	*	*	*	*	100.0	4354577	*
D	84655	3	*	*	*	*	93.5	4355601	*
D	84753	2	*	*	*	*	100.0	4356832	*
D	84798	2	*	*	*	*	100.0	4357330	*
D	84801	5	*	*	*	*	96.3	4357353	*
D	84840	2	*	*	*	*	96.0	4357712	*
D	84897	2	*	*	*	*	97.0	4358275	*
D	84922	2	*	*	*	*	97.6	4358566	*
D	84958	2	*	*	*	*	98.9	4359056	*
D	84961	2	*	*	*	*	100.0	4359078	*
D	85020	2	*	*	*	*	98.0	4359889	*
D	85035	4	*	*	*	*	95.8	4360055	*
D	85038	2	*	*	*	*	98.9	4360128	*
D	85144	2	*	*	*	*	92.7	4361189	*
D	85180	3	*	*	*	*	98.5	4361611	*
D	85191	2	*	*	*	*	100.0	4361727	*
D	85223	2	*	*	*	*	94.7	4362028	*
D	85373	2	*	*	*	*	98.9	4363553	*
D	85396	2	*	*	*	*	95.2	732765	*
D	85442	4	*	*	*	*	95.2	4364464	*
D	85528	2	*	*	*	*	92.0	4365178	*
D	85587	2	*	*	*	*	100.0	4365794	*
D	85598	2	*	*	*	*	98.7	4365868	*
D	85630	4	*	*	*	*	96.4	4366173	*
D	85644	2	*	*	*	*	100.0	4366287	*
D	85676	4	*	*	*	*	94.6	4366525	*
D	85696	2	*	*	*	*	100.0	4366728	*
D	85814	4	*	*	*	*	92.7	4368216	*
D	85837	2	*	*	*	*	98.8	4368600	*
D	85910	5	*	*	*	*	94.7	4369327	*
D	85922	2	*	*	*	*	100.0	4369434	*
D	85929	2	*	*	*	*	98.0	4369504	*
D	85980	3	*	*	*	*	96.0	4369988	*
D	85984	2	*	*	*	*	95.6	4370025	*
D	86036	3	*	*	*	*	93.1	4370570	*
D	86179	7	*	*	*	*	95.7	4372058	*
D	86371	4	*	*	*	*	94.9	4374204	*
D	86442	2	*	*	*	*	95.0	4375000	*
D	86533	2	*	*	*	*	100.0	4375894	*
D	86552	2	*	*	*	*	100.0	4376230	*
D	86561	2	*	*	*	*	100.0	4376272	*
D	86599	3	*	*	*	*	97.7	4376828	*
D	86636	2	*	*	*	*	90.0	4377147	*
D	86738	2	*	*	*	*	100.0	4378081	*
D	86789	10	*	*	*	*	95.3	4378519	*
D	86804	2	*	*	*	*	97.0	4378688	*
D	86869	3	*	*	*	*	96.4	4379411	*
D	86873	7	*	*	*	*	95.4	4379449	*
D	86914	2	*	*	*	*	98.7	4379957	*
D	87020	3	*	*	*	*	93.3	4380886	*
D	87087	2	*	*	*	*	99.0	4381553	*
D	87125	3	*	*	*	*	96.2	4381913	*
D	87177	3	*	*	*	*	98.8	4382476	*
D	87212	2	*	*	*	*	100.0	4383015	*
D	87323	2	*	*	*	*	100.0	4384100	*
D	87434	7	*	*	*	*	95.4	4385318	*
D	87435	2	*	*	*	*	95.7	4385326	*
D	87443	5	*	*	*	*	96.1	4385479	*
D	87616	2	*	*	*	*	92.1	4387396	*
D	87664	2	*	*	*	*	92.6	4387837	*
D	87686	2	*	*	*	*	96.3	4388121	*
D	87780	2	*	*	*	*	95.0	4389066	*
D	87878	5	*	*	*	*	94.7	4390134	*
D	87902	4	*	*	*	*	97.0	4390319	*
D	87913	6	*	*	*	*	93.5	4390365	*
D	87915	2	*	*	*	*	100.0	4390387	*
D	87969	2	*	*	*	*	96.0	4390854	*
D	87987	3	*	*	*	*	97.8	4390966	*
D	88111	3	*	*	*	*	93.8	4392243	*
D	88182	4	*	*	*	*	96.7	4393083	*
D	88257	2	*	*	*	*	100.0	4393745	*
D	88270	2	*	*	*	*	98.7	4393923	*
D	88344	4	*	*	*	*	97.0	4394926	*
D	88350	5	*	*	*	*	95.2	4394977	*
D	88367	3	*	*	*	*	97.2	4395096	*
D	88415	4	*	*	*	*	96.4	4395677	*
D	88460	4	*	*	*	*	95.1	4396073	*
D	88834	2	*	*	*	*	93.0	4399988	*
D	88965	2	*	*	*	*	99.0	4401580	*
D	89021	2	*	*	*	*	91.0	4402195	*
D	89038	2	*	*	*	*	100.0	4402520	*
D	89044	2	*	*	*	*	100.0	4402605	*
D	89058	2	*	*	*	*	100.0	4402734	*
D	89059	2	*	*	*	*	100.0	4402735	*
D	89133	2	*	*	*	*	97.8	4403422	*
D	89165	2	*	*	*	*	91.3	4403708	*
D	89219	9	*	*	*	*	95.8	4404187	*
D	89272	2	*	*	*	*	91.8	4404736	*
D	89299	2	*	*	*	*	100.0	4405100	*
D	89335	2	*	*	*	*	100.0	4405423	*
D	89440	2	*	*	*	*	91.0	4406684	*
D	89501	2	*	*	*	*	90.1	4407268	*
D	89540	2	*	*	*	*	98.7	4407603	*
D	89592	2	*	*	*	*	96.0	4408129	*
D	89661	2	*	*	*	*	100.0	4408758	*
D	89783	2	*	*	*	*	98.0	4410100	*
D	89786	2	*	*	*	*	96.1	4410166	*
D	89850	2	*	*	*	*	90.0	4410938	*
D	89863	2	*	*	*	*	97.5	4411088	*
D	89867	2	*	*	*	*	98.8	4411138	*
D	89951	2	*	*	*	*	99.0	4412141	*
D	89954	2	*	*	*	*	100.0	4412168	*
D	89956	2	*	*	*	*	100.0	4412187	*
D	89960	2	*	*	*	*	100.0	4412230	*
D	89982	2	*	*	*	*	100.0	4412542	*
D	90059	3	*	*	*	*	95.3	4413347	*
D	90138	2	*	*	*	*	100.0	4414044	*
D	90153	2	*	*	*	*	95.7	4414242	*
D	90171	9	*	*	*	*	93.9	4414420	*
D	90172	2	*	*	*	*	97.4	4414439	*
D	90178	2	*	*	*	*	94.5	4414489	*
D	90205	2	*	*	*	*	98.0	4414717	*
D	90251	2	*	*	*	*	94.7	4415121	*
D	90303	2	*	*	*	*	93.0	4415601	*
D	90356	2	*	*	*	*	91.0	4416113	*
D	90387	3	*	*	*	*	99.5	4416562	*
D	90449	3	*	*	*	*	92.6	4417158	*
D	90472	2	*	*	*	*	100.0	4417418	*
D	90617	2	*	*	*	*	95.0	4418787	*
D	90618	2	*	*	*	*	98.8	4418803	*
D	90641	2	*	*	*	*	100.0	4418934	*
D	90643	2	*	*	*	*	100.0	4418945	*
D	90696	2	*	*	*	*	97.0	4419414	*
D	90717	2	*	*	*	*	97.0	4419617	*
D	90718	2	*	*	*	*	95.2	4419621	*
D	90845	4	*	*	*	*	92.5	4420852	*
D	90944	2	*	*	*	*	100.0	4421846	*
D	90961	4	*	*	*	*	96.1	4422039	*
D	91133	2	*	*	*	*	100.0	4423796	*
D	91149	2	*	*	*	*	96.0	4424063	*
D	91159	2	*	*	*	*	98.9	4424239	*
D	91328	2	*	*	*	*	100.0	4425669	*
D	91351	2	*	*	*	*	93.8	4425943	*
D	91371	2	*	*	*	*	90.0	4426266	*
D	91378	3	*	*	*	*	95.1	4426298	*
D	91425	2	*	*	*	*	93.0	4426873	*
D	91479	2	*	*	*	*	97.5	4427332	*
D	91515	2	*	*	*	*	94.8	4427609	*
D	91671	2	*	*	*	*	100.0	4429536	*
D	91757	2	*	*	*	*	99.0	4430581	*
D	91847	4	*	*	*	*	95.3	4431558	*
D	91997	6	*	*	*	*	97.8	4432891	*
D	92147	7	*	*	*	*	96.6	4434334	*
D	92160	4	*	*	*	*	97.6	4434514	*
D	92196	2	*	*	*	*	97.0	4434809	*
D	92198	2	*	*	*	*	100.0	4434837	*
D	92246	2	*	*	*	*	100.0	4435400	*
D	92282	2	*	*	*	*	100.0	4435784	*
D	92292	2	*	*	*	*	98.8	4435922	*
D	92304	3	*	*	*	*	96.4	4436046	*
D	92434	5	*	*	*	*	96.4	4437364	*
D	92435	2	*	*	*	*	100.0	4437368	*
D	92478	2	*	*	*	*	99.0	4437814	*
D	92482	3	*	*	*	*	94.2	4437846	*
D	92494	4	*	*	*	*	99.6	4437917	*
D	92513	2	*	*	*	*	99.0	4438090	*
D	92741	2	*	*	*	*	98.0	4440497	*
D	92865	2	*	*	*	*	100.0	4441854	*
D	92866	3	*	*	*	*	93.6	4441855	*
D	92890	2	*	*	*	*	96.3	4442127	*
D	92972	2	*	*	*	*	92.8	4443068	*
D	92986	4	*	*	*	*	96.9	4443172	*
D	93001	2	*	*	*	*	93.5	4443277	*
D	93045	2	*	*	*	*	100.0	4443766	*
D	93047	2	*	*	*	*	96.5	4443846	*
D	93061	2	*	*	*	*	92.4	4443967	*
D	93330	3	*	*	*	*	98.7	4447176	*
D	93501	5	*	*	*	*	96.4	4449054	*
D	93502	8	*	*	*	*	94.7	4449055	*
D	93504	2	*	*	*	*	97.5	4449068	*
D	93537	5	*	*	*	*	96.4	4449427	*
D	93692	3	*	*	*	*	98.0	4451152	*
D	93728	3	*	*	*	*	98.9	4451638	*
D	93752	3	*	*	*	*	97.8	4451899	*
D	93779	2	*	*	*	*	100.0	4452107	*
D	93782	2	*	*	*	*	100.0	4452146	*
D	93865	2	*	*	*	*	98.8	4452922	*
D	93919	4	*	*	*	*	94.9	4453609	*
D	93994	4	*	*	*	*	95.2	4454068	*
D	94014	2	*	*	*	*	100.0	4454295	*
D	94027	3	*	*	*	*	100.0	4454432	*
D	94112	2	*	*	*	*	99.0	4455652	*
D	94198	2	*	*	*	*	99.0	4456376	*
D	94231	2	*	*	*	*	96.7	4456605	*
D	94376	2	*	*	*	*	97.0	4458222	*
D	94387	4	*	*	*	*	94.4	4458304	*
D	94427	3	*	*	*	*	98.1	4458634	*
D	94441	4	*	*	*	*	95.9	4458775	*
D	94484	2	*	*	*	*	100.0	4459146	*
D	94493	2	*	*	*	*	98.7	4459184	*
D	94502	2	*	*	*	*	98.0	4459279	*
D	94577	25	*	*	*	*	95.1	4460263	*
D	94612	2	*	*	*	*	91.6	4460714	*
D	94621	2	*	*	*	*	99.0	4460786	*
D	94661	2	*	*	*	*	94.6	4461127	*
D	94935	8	*	*	*	*	95.2	4464533	*
D	95240	2	*	*	*	*	92.8	4467347	*
D	95261	2	*	*	*	*	96.9	4467447	*
D	95297	2	*	*	*	*	92.0	4467984	*
D	95300	2	*	*	*	*	91.0	4468024	*
D	95308	2	*	*	*	*	100.0	4468101	*
D	95341	2	*	*	*	*	99.0	4468506	*
D	95424	2	*	*	*	*	95.0	4469355	*
D	95565	4	*	*	*	*	97.6	4470603	*
D	95642	2	*	*	*	*	94.0	4471526	*
D	95650	2	*	*	*	*	99.0	4471583	*
D	95695	4	*	*	*	*	97.2	4472174	*
D	95850	3	*	*	*	*	95.4	4473883	*
D	96009	2	*	*	*	*	94.5	4475642	*
D	96022	2	*	*	*	*	91.0	4475721	*
D	96051	5	*	*	*	*	95.4	814112	*
D	96135	4	*	*	*	*	96.4	4476751	*
D	96156	6	*	*	*	*	94.9	4476950	*
D	96214	4	*	*	*	*	97.5	4477479	*
D	96232	3	*	*	*	*	92.7	4477719	*
D	96246	2	*	*	*	*	93.4	4477861	*
D	96325	2	*	*	*	*	94.0	4478663	*
D	96386	2	*	*	*	*	94.4	4479405	*
D	96400	2	*	*	*	*	98.9	4479485	*
D	96511	2	*	*	*	*	92.0	4480392	*
D	96547	2	*	*	*	*	92.5	4480777	*
D	96557	10	*	*	*	*	97.0	4480861	*
D	96567	2	*	*	*	*	96.2	4480970	*
D	96618	2	*	*	*	*	100.0	4481484	*
D	96806	2	*	*	*	*	92.0	4483570	*
D	96826	3	*	*	*	*	97.0	4483859	*
D	98502	2	*	*	*	*	97.5	1126596	*
D	98534	2	*	*	*	*	98.9	2569437	*
D	98605	2	*	*	*	*	92.7	2776654	*
D	98765	2	*	*	*	*	95.8	1128058	*
D	99217	2	*	*	*	*	100.0	4431375	*
