dataset	level	iteration	method	parameters	seq_id               	observed_taxonomy	expected_taxonomy	result	mismatch_level
F1-REF	6	0	sortmerna	0.76:0.9:3:0.8:1.0	SH095074.07FU_DQ396974_reps	k__Fungi;p__Ascomycota;c__Lecanoromycetes;o__Lecanorales;f__Stereocaulaceae;g__Stereocaulon	k__Fungi;p__Ascomycota;c__Lecanoromycetes;o__Lecanorales;f__Stereocaulaceae;g__Stereocaulon;s__Stereocaulon_farinaceum	match	6
F1-REF	6	0	sortmerna	0.76:0.9:3:0.8:1.0	SH134574.07FU_JF773605_reps	k__Fungi;p__Ascomycota;c__Sordariomycetes;o__Xylariales;f__Xylariaceae	k__Fungi;p__Ascomycota;c__Sordariomycetes;o__Xylariales;f__Xylariaceae;g__Obolarina;s__Obolarina_sp	underclassification	5
F1-REF	6	0	sortmerna	0.76:0.9:3:0.8:1.0	SH099777.07FU_EU142914_reps	k__Fungi;p__Ascomycota;c__Lecanoromycetes;o__Lecanorales;f__Parmeliaceae;g__Cetrelia;s__Cetrelia_braunsiana	k__Fungi;p__Ascomycota;c__Lecanoromycetes;o__Lecanorales;f__Parmeliaceae;g__Cetrelia;s__Cetrelia_chicitae	overclassification	6
F1-REF	6	0	sortmerna	0.76:0.9:3:0.8:1.0	SH117526.07FU_EF661411_refs	k__Fungi;p__Ascomycota;c__Eurotiomycetes;o__Eurotiales;f__Trichocomaceae;g__Aspergillus	k__Fungi;p__Ascomycota;c__Eurotiomycetes;o__Eurotiales;f__Trichocomaceae;g__Aspergillus;s__Aspergillus_auricomus	match	6
F1-REF	6	0	sortmerna	0.76:0.9:3:0.8:1.0	SH080724.07FU_FJ860764_refs	Unassigned	k__Fungi;p__Ascomycota;c__Sordariomycetes;o__Hypocreales;f__Hypocreaceae;g__Trichoderma;s__Trichoderma_leucopus	underclassification	0
F1-REF	6	0	sortmerna	0.76:0.9:3:0.8:1.0	SH077051.07FU_UDB015622_reps	k__Fungi;p__Basidiomycota;c__Agaricomycetes;o__Agaricales;f__Agaricaceae;g__Agaricus	k__Fungi;p__Basidiomycota;c__Agaricomycetes;o__Agaricales;f__Agaricaceae;g__Agaricus;s__Agaricus_lutosus	match	6
F1-REF	6	0	sortmerna	0.76:0.9:3:0.8:1.0	SH131155.07FU_EF661177_refs	k__Fungi;p__Ascomycota;c__Eurotiomycetes;o__Eurotiales;f__Trichocomaceae;g__Aspergillus	k__Fungi;p__Ascomycota;c__Eurotiomycetes;o__Eurotiales;f__Trichocomaceae;g__Aspergillus;s__Aspergillus_panamensis	match	6
F1-REF	6	0	sortmerna	0.76:0.9:3:0.8:1.0	SH082345.07FU_AY436465_reps	k__Fungi;p__Basidiomycota;c__Agaricomycetes;o__Agaricales;f__Amanitaceae;g__Amanita	k__Fungi;p__Basidiomycota;c__Agaricomycetes;o__Agaricales;f__Amanitaceae;g__Amanita;s__Amanita_orientigemmata	match	6
F1-REF	6	0	sortmerna	0.76:0.9:3:0.8:1.0	SH119032.07FU_AY347341_reps	k__Fungi;p__Ascomycota	k__Fungi;p__Ascomycota;c__Sordariomycetes;o__Diaporthales;f__Valsaceae;g__Valsa;s__Valsa_sp	underclassification	2
F1-REF	6	0	sortmerna	0.76:0.9:3:0.8:1.0	SH079481.07FU_UDB015350_refs	Unassigned	k__Fungi;p__Basidiomycota;c__Agaricomycetes;o__Agaricales;f__Inocybaceae;g__Inocybe;s__Inocybe_sindonia	underclassification	0
F1-REF	6	0	sortmerna	0.76:0.9:3:0.8:1.0	SH094389.07FU_AY669621_reps	k__Fungi;p__Basidiomycota;c__Agaricomycetes;o__Agaricales;f__Cortinariaceae;g__Cortinarius	k__Fungi;p__Basidiomycota;c__Agaricomycetes;o__Agaricales;f__Cortinariaceae;g__Cortinarius;s__Cortinarius_saniosus	match	6
F1-REF	6	0	sortmerna	0.76:0.9:3:0.8:1.0	SH130351.07FU_UDB015364_refs	k__Fungi;p__Basidiomycota;c__Agaricomycetes;o__Agaricales;f__Tricholomataceae	k__Fungi;p__Basidiomycota;c__Agaricomycetes;o__Agaricales;f__Tricholomataceae;g__Collybia;s__Collybia_cookei	underclassification	5
F1-REF	6	0	sortmerna	0.76:0.9:3:0.8:1.0	SH077058.07FU_DQ185551_reps	k__Fungi;p__Basidiomycota;c__Agaricomycetes;o__Agaricales;f__Agaricaceae;g__Agaricus	k__Fungi;p__Basidiomycota;c__Agaricomycetes;o__Agaricales;f__Agaricaceae;g__Agaricus;s__Agaricus_phaeolepidotus	match	6
F1-REF	6	0	sortmerna	0.76:0.9:3:0.8:1.0	SH135911.07FU_AY669537_reps	Unassigned	k__Fungi;p__Basidiomycota;c__Agaricomycetes;o__Agaricales;f__Cortinariaceae;g__Cortinarius;s__Cortinarius_aleuriosmus	underclassification	0
F1-REF	6	0	sortmerna	0.76:0.9:3:0.8:1.0	SH131469.07FU_AY456084_reps	k__Fungi;p__Basidiomycota;c__Agaricomycetes;o__Russulales;f__Russulaceae;g__Russula	k__Fungi;p__Basidiomycota;c__Agaricomycetes;o__Russulales;f__Russulaceae;g__Russula;s__Russula_dissimulans	match	6
F1-REF	6	0	sortmerna	0.76:0.9:3:0.8:1.0	SH132486.07FU_GU723758_refs	k__Fungi;p__Ascomycota;c__Sordariomycetes;o__Microascales;f__Microascaceae;g__Scopulariopsis;s__Scopulariopsis_sp	k__Fungi;p__Ascomycota;c__Sordariomycetes;o__Hypocreales;f__Ophiocordycipitaceae;g__Ophiocordyceps;s__Ophiocordyceps_halabalaensis	misclassification	3
F1-REF	6	0	sortmerna	0.76:0.9:3:0.8:1.0	SH132814.07FU_KC992900_refs	k__Fungi;p__Basidiomycota;c__Agaricomycetes;o__Agaricales;f__Psathyrellaceae;g__Psathyrella	k__Fungi;p__Basidiomycota;c__Agaricomycetes;o__Agaricales;f__Psathyrellaceae;g__Psathyrella;s__Psathyrella_impexa	match	6
F1-REF	6	0	sortmerna	0.76:0.9:3:0.8:1.0	SH536684.07FU_KF380907_reps	Unassigned	k__Fungi;p__Ascomycota;c__Lecanoromycetes;o__Lecanorales;f__Parmeliaceae;g__Hypotrachyna;s__Hypotrachyna_longiloba	underclassification	0
F1-REF	6	0	sortmerna	0.76:0.9:3:0.8:1.0	SH084183.07FU_EU266117_reps	k__Fungi;p__Ascomycota;c__Lecanoromycetes;o__Lecanorales;f__Ramalinaceae;g__Ramalina	k__Fungi;p__Ascomycota;c__Lecanoromycetes;o__Lecanorales;f__Ramalinaceae;g__Ramalina;s__Ramalina_roesleri	match	6
F1-REF	6	0	sortmerna	0.76:0.9:3:0.8:1.0	SH086304.07FU_KJ698641_reps	Unassigned	k__Fungi;p__Basidiomycota;c__Agaricomycetes;o__Agaricales;f__Marasmiaceae;g__Crinipellis;s__Crinipellis_sp	underclassification	0
F1-REF	6	0	sortmerna	0.76:0.9:3:0.8:1.0	SH131179.07FU_HQ847021_refs	k__Fungi;p__Basidiomycota;c__Agaricomycetes;o__Agaricales;f__Psathyrellaceae;g__Coprinopsis	k__Fungi;p__Basidiomycota;c__Agaricomycetes;o__Agaricales;f__Psathyrellaceae;g__Coprinopsis;s__Coprinopsis_scobicola	match	6
F1-REF	6	0	sortmerna	0.76:0.9:3:0.8:1.0	SH128115.07FU_EF200023_reps	k__Fungi;p__Basidiomycota;c__Ustilaginomycetes;o__Urocystidales;f__Glomosporiaceae;g__Thecaphora;s__Thecaphora_saponariae	k__Fungi;p__Basidiomycota;c__Ustilaginomycetes;o__Urocystidales;f__Glomosporiaceae;g__Thecaphora;s__Thecaphora_melandrii	overclassification	6
F1-REF	6	0	sortmerna	0.76:0.9:3:0.8:1.0	SH112920.07FU_FR750137_reps	k__Fungi;p__Glomeromycota;c__Glomeromycetes;o__Diversisporales;f__Gigasporaceae	k__Fungi;p__Glomeromycota;c__Glomeromycetes;o__Diversisporales;f__Gigasporaceae;g__Dentiscutata;s__Dentiscutata_erythropus	underclassification	5
F1-REF	6	0	sortmerna	0.76:0.9:3:0.8:1.0	SH080206.07FU_EF652088_refs	Unassigned	k__Fungi;p__Ascomycota;c__Eurotiomycetes;o__Eurotiales;f__Trichocomaceae;g__Aspergillus;s__Aspergillus_halophilicus	underclassification	0
F1-REF	6	0	sortmerna	0.76:0.9:3:0.8:1.0	SH111905.07FU_JN100620_refs	k__Fungi;p__Ascomycota;c__Sordariomycetes;o__Hypocreales;f__Nectriaceae;g__Cylindrocladiella	k__Fungi;p__Ascomycota;c__Sordariomycetes;o__Hypocreales;f__Nectriaceae;g__Cylindrocladiella;s__Cylindrocladiella_pseudoparva	match	6
F1-REF	6	0	sortmerna	0.76:0.9:3:0.8:1.0	SH109266.07FU_KC178688_refs	Unassigned	k__Fungi;p__Ascomycota;c__Eurotiomycetes;o__Eurotiales;f__Trichocomaceae;g__Aspergillus;s__Aspergillus_tanneri	underclassification	0
F1-REF	6	0	sortmerna	0.76:0.9:3:0.8:1.0	SH090853.07FU_EU057004_refs	k__Fungi;p__Basidiomycota;c__Agaricomycetes;o__Agaricales;f__Cortinariaceae;g__Cortinarius	k__Fungi;p__Basidiomycota;c__Agaricomycetes;o__Agaricales;f__Cortinariaceae;g__Cortinarius;s__Cortinarius_fulvoarcuatorum	match	6
F1-REF	6	0	sortmerna	0.76:0.9:3:0.8:1.0	SH086842.07FU_HQ714794_refs	k__Fungi;p__Basidiomycota;c__Agaricomycetes	k__Fungi;p__Basidiomycota;c__Agaricomycetes;o__Boletales;f__Paxillaceae;g__Melanogaster;s__Melanogaster_luteus	underclassification	3
F1-REF	6	0	sortmerna	0.76:0.9:3:0.8:1.0	SH091775.07FU_AB454370_refs	k__Fungi;p__Ascomycota;c__Dothideomycetes;o__Botryosphaeriales;f__Botryosphaeriaceae;g__Phyllosticta	k__Fungi;p__Ascomycota;c__Dothideomycetes;o__Botryosphaeriales;f__Botryosphaeriaceae;g__Phyllosticta;s__Phyllosticta_leucothoicola	match	6
F1-REF	6	0	sortmerna	0.76:0.9:3:0.8:1.0	SH114192.07FU_AY318745_refs	Unassigned	k__Fungi;p__Basidiomycota;c__Agaricomycetes;o__Boletales;f__Sclerodermataceae;g__Pisolithus;s__Pisolithus_marmoratus	underclassification	0
F1-REF	6	0	sortmerna	0.76:0.9:3:0.8:1.0	SH131288.07FU_AF394030_reps	Unassigned	k__Fungi;p__Ascomycota;c__Pezizomycetes;o__Pezizales;f__Sarcoscyphaceae;g__Microstoma;s__Microstoma_insititium	underclassification	0
F1-REF	6	0	sortmerna	0.76:0.9:3:0.8:1.0	SH088642.07FU_UDB011884_refs	k__Fungi;p__Basidiomycota;c__Agaricomycetes;o__Agaricales;f__Mycenaceae;g__Mycena	k__Fungi;p__Basidiomycota;c__Agaricomycetes;o__Agaricales;f__Mycenaceae;g__Mycena;s__Mycena_epipterygia	match	6
F1-REF	6	0	sortmerna	0.76:0.9:3:0.8:1.0	SH099200.07FU_EU118656_reps	k__Fungi;p__Basidiomycota;c__Agaricomycetes;o__Trechisporales;f__Hydnodontaceae;g__Sistotremastrum;s__Sistotremastrum_sp	k__Fungi;p__Basidiomycota;c__Agaricomycetes;o__Polyporales;f__Meruliaceae;g__Phlebia;s__Phlebia_subochracea	misclassification	3
F1-REF	6	0	sortmerna	0.76:0.9:3:0.8:1.0	SH083381.07FU_EF427376_refs	k__Fungi;p__Basidiomycota;c__Exobasidiomycetes;o__Microstromatales;f__Quambalariaceae;g__Quambalaria	k__Fungi;p__Basidiomycota;c__Exobasidiomycetes;o__Microstromatales;f__Quambalariaceae;g__Quambalaria;s__Quambalaria_pitereka	match	6
F1-REF	6	0	sortmerna	0.76:0.9:3:0.8:1.0	SH079038.07FU_JF908152_refs	k__Fungi;p__Basidiomycota;c__Agaricomycetes;o__Agaricales;f__Inocybaceae;g__Inocybe;s__Inocybe_semifulva	k__Fungi;p__Basidiomycota;c__Agaricomycetes;o__Agaricales;f__Inocybaceae;g__Inocybe;s__Inocybe_posterula	overclassification	6
F1-REF	6	0	sortmerna	0.76:0.9:3:0.8:1.0	SH099375.07FU_AB709837_reps	Unassigned	k__Fungi;p__Ascomycota;c__Sordariomycetes;o__Hypocreales;f__Clavicipitaceae;g__Pochonia;s__Pochonia_sp	underclassification	0
F1-REF	6	0	sortmerna	0.76:0.9:3:0.8:1.0	SH118407.07FU_HE608888_reps	k__Fungi;p__Ascomycota	k__Fungi;p__Ascomycota;c__Sordariomycetes;o__Hypocreales;f__Hypocreaceae;g__Trichoderma;s__Trichoderma_lixii	underclassification	2
F1-REF	6	0	sortmerna	0.76:0.9:3:0.8:1.0	SH098731.07FU_AJ877223_refs	k__Fungi;p__Ascomycota;c__Eurotiomycetes;o__Onygenales;f__Arthrodermataceae	k__Fungi;p__Ascomycota;c__Eurotiomycetes;o__Onygenales;f__Arthrodermataceae;g__Arthroderma;s__Arthroderma_curreyi	underclassification	5
F1-REF	6	0	sortmerna	0.76:0.9:3:0.8:1.0	SH122794.07FU_HQ586860_refs	Unassigned	k__Fungi;p__Basidiomycota;c__Agaricomycetes;o__Agaricales;f__Inocybaceae;g__Inocybe;s__Inocybe_krieglsteineri	underclassification	0
F1-REF	6	0	sortmerna	0.76:0.9:3:0.8:1.0	SH134324.07FU_JQ902067_reps	k__Fungi;p__Basidiomycota;c__Agaricomycetes;o__Russulales;f__Russulaceae;g__Russula;s__Russula_sp	k__Fungi;p__Basidiomycota;c__Agaricomycetes;o__Russulales;f__Russulaceae;g__Russula;s__Russula_pseudocarmesina	overclassification	6
F1-REF	6	0	sortmerna	0.76:0.9:3:0.8:1.0	SH129850.07FU_KJ523054_reps	k__Fungi;p__Ascomycota;c__Lecanoromycetes;o__Peltigerales;f__Lobariaceae;g__Pseudocyphellaria;s__Pseudocyphellaria_macroisidiata	k__Fungi;p__Ascomycota;c__Lecanoromycetes;o__Peltigerales;f__Lobariaceae;g__Pseudocyphellaria;s__Pseudocyphellaria_sp	overclassification	6
F1-REF	6	0	sortmerna	0.76:0.9:3:0.8:1.0	SH120079.07FU_JQ905718_reps	Unassigned	k__Fungi;p__Ascomycota;c__Sordariomycetes;o__Hypocreales;f__Nectriaceae;g__Thelonectria;s__Thelonectria_lucida	underclassification	0
F1-REF	6	0	sortmerna	0.76:0.9:3:0.8:1.0	SH131691.07FU_KF879617_reps	k__Fungi;p__Basidiomycota;c__Agaricomycetes;o__Agaricales;f__Inocybaceae;g__Crepidotus;s__Crepidotus_mollis	k__Fungi;p__Basidiomycota;c__Agaricomycetes;o__Agaricales;f__Inocybaceae;g__Crepidotus;s__Crepidotus_calolepis	overclassification	6
F1-REF	6	0	sortmerna	0.76:0.9:3:0.8:1.0	SH116532.07FU_KF251439_reps	k__Fungi;p__Ascomycota;c__Dothideomycetes;o__Capnodiales;f__Mycosphaerellaceae	k__Fungi;p__Ascomycota;c__Dothideomycetes;o__Capnodiales;f__Mycosphaerellaceae;g__Septoria;s__Septoria_sonchi	underclassification	5
F1-REF	6	0	sortmerna	0.76:0.9:3:0.8:1.0	SH134510.07FU_UDB017890_refs	k__Fungi;p__Basidiomycota;c__Agaricomycetes;o__Agaricales;f__Bolbitiaceae;g__Conocybe;s__Conocybe_semiglobata	k__Fungi;p__Basidiomycota;c__Agaricomycetes;o__Agaricales;f__Bolbitiaceae;g__Conocybe;s__Conocybe_pubescens	overclassification	6
F1-REF	6	0	sortmerna	0.76:0.9:3:0.8:1.0	SH093794.07FU_AY854967_reps	k__Fungi;p__Basidiomycota;c__Exobasidiomycetes;o__Entylomatales;f__Entylomataceae;g__Entyloma	k__Fungi;p__Basidiomycota;c__Exobasidiomycetes;o__Entylomatales;f__Entylomataceae;g__Entyloma;s__Entyloma_hieracii	match	6
F1-REF	6	0	sortmerna	0.76:0.9:3:0.8:1.0	SH133085.07FU_AY515359_reps	Unassigned	k__Fungi;p__Ascomycota;c__Sordariomycetes;o__Sordariales;f__Lasiosphaeriaceae;g__Podospora;s__Podospora_pleiospora	underclassification	0
F1-REF	6	0	sortmerna	0.76:0.9:3:0.8:1.0	SH124872.07FU_FJ888459_refs	k__Fungi;p__Ascomycota;c__Dothideomycetes;o__Botryosphaeriales;f__Botryosphaeriaceae;g__Pseudofusicoccum	k__Fungi;p__Ascomycota;c__Dothideomycetes;o__Botryosphaeriales;f__Botryosphaeriaceae;g__Pseudofusicoccum;s__Pseudofusicoccum_olivaceum	match	6
F1-REF	6	0	sortmerna	0.76:0.9:3:0.8:1.0	SH111200.07FU_GU328563_reps	Unassigned	k__Fungi;p__Basidiomycota;c__Agaricomycetes;o__Trechisporales;f__Hydnodontaceae;g__Trechispora;s__Trechispora_stellulata	underclassification	0
F1-REF	6	0	sortmerna	0.76:0.9:3:0.8:1.0	SH081610.07FU_EU819411_refs	k__Fungi;p__Basidiomycota;c__Agaricomycetes;o__Agaricales;f__Amanitaceae;g__Amanita	k__Fungi;p__Basidiomycota;c__Agaricomycetes;o__Agaricales;f__Amanitaceae;g__Amanita;s__Amanita_bisporigera	match	6
F1-REF	6	0	sortmerna	0.76:0.9:3:0.8:1.0	SH095054.07FU_FR799291_reps	Unassigned	k__Fungi;p__Ascomycota;c__Lecanoromycetes;o__Lecanorales;f__Stereocaulaceae;g__Stereocaulon;s__Stereocaulon_vesuvianum	underclassification	0
F1-REF	6	0	sortmerna	0.76:0.9:3:0.8:1.0	SH106460.07FU_DQ431171_refs	k__Fungi;p__Ascomycota;c__Leotiomycetes;o__Helotiales;f__Helotiaceae;g__Hymenoscyphus	k__Fungi;p__Ascomycota;c__Leotiomycetes;o__Helotiales;f__Helotiaceae;g__Hymenoscyphus;s__Hymenoscyphus_fructigenus	match	6
F1-REF	6	0	sortmerna	0.76:0.9:3:0.8:1.0	SH090221.07FU_UDB015998_refs	k__Fungi;p__Basidiomycota;c__Agaricomycetes;o__Russulales;f__Russulaceae;g__Russula	k__Fungi;p__Basidiomycota;c__Agaricomycetes;o__Russulales;f__Russulaceae;g__Russula;s__Russula_risigallina	match	6
F1-REF	6	0	sortmerna	0.76:0.9:3:0.8:1.0	SH093323.07FU_EF434018_reps	Unassigned	k__Fungi;p__Basidiomycota;c__Agaricomycetes;o__Cantharellales;f__Hydnaceae;g__Sistotrema;s__Sistotrema_sp	underclassification	0
F1-REF	6	0	sortmerna	0.76:0.9:3:0.8:1.0	SH115398.07FU_FJ425881_refs	k__Fungi;p__Ascomycota;c__Lecanoromycetes;o__Lecanorales;f__Parmeliaceae	k__Fungi;p__Ascomycota;c__Lecanoromycetes;o__Lecanorales;f__Parmeliaceae;g__Parmelia;s__Parmelia_skultii	underclassification	5
F1-REF	6	0	sortmerna	0.76:0.9:3:0.8:1.0	SH092976.07FU_KJ567071_reps	k__Fungi;p__Ascomycota;c__Leotiomycetes;o__Erysiphales;f__Erysiphaceae;g__Erysiphe	k__Fungi;p__Ascomycota;c__Leotiomycetes;o__Erysiphales;f__Erysiphaceae;g__Erysiphe;s__Erysiphe_magnifica	match	6
F1-REF	6	0	sortmerna	0.76:0.9:3:0.8:1.0	SH107077.07FU_AB454274_refs	k__Fungi;p__Ascomycota;c__Dothideomycetes;o__Botryosphaeriales;f__Botryosphaeriaceae;g__Phyllosticta;s__Phyllosticta_capitalensis	k__Fungi;p__Ascomycota;c__Dothideomycetes;o__Botryosphaeriales;f__Botryosphaeriaceae;g__Phyllosticta;s__Phyllosticta_ardisiicola	overclassification	6
F1-REF	6	0	sortmerna	0.76:0.9:3:0.8:1.0	SH115559.07FU_AY349121_reps	k__Fungi	k__Fungi;p__Chytridiomycota;c__Chytridiomycetes;o__Rhizophydiales;f__Rhizophydiaceae;g__Rhizophydium;s__Rhizophydium_sp	underclassification	1
F1-REF	6	0	sortmerna	0.76:0.9:3:0.8:1.0	SH111443.07FU_AB353740_reps	Unassigned	k__Fungi;p__Ascomycota;c__Saccharomycetes;o__Saccharomycetales;f__Eremotheciaceae;g__Eremothecium;s__Eremothecium_coryli	underclassification	0
F1-REF	6	0	sortmerna	0.76:0.9:3:0.8:1.0	SH116534.07FU_KF251407_reps	k__Fungi;p__Ascomycota;c__Dothideomycetes;o__Capnodiales;f__Mycosphaerellaceae	k__Fungi;p__Ascomycota;c__Dothideomycetes;o__Capnodiales;f__Mycosphaerellaceae;g__Septoria;s__Septoria_ekmaniana	underclassification	5
F1-REF	6	0	sortmerna	0.76:0.9:3:0.8:1.0	SH093138.07FU_HE861827_refs	k__Fungi;p__Ascomycota;c__Dothideomycetes;o__Pleosporales;f__Pleosporaceae;g__Curvularia	k__Fungi;p__Ascomycota;c__Dothideomycetes;o__Pleosporales;f__Pleosporaceae;g__Curvularia;s__Curvularia_sorghina	match	6
F1-REF	6	0	sortmerna	0.76:0.9:3:0.8:1.0	SH135644.07FU_UDB001066_reps	k__Fungi;p__Basidiomycota;c__Agaricomycetes;o__Agaricales;f__Cortinariaceae;g__Cortinarius	k__Fungi;p__Basidiomycota;c__Agaricomycetes;o__Agaricales;f__Cortinariaceae;g__Cortinarius;s__Cortinarius_salor	match	6
F1-REF	6	0	sortmerna	0.76:0.9:3:0.8:1.0	SH539115.07FU_KM085382_reps	k__Fungi;p__Basidiomycota;c__Agaricomycetes	k__Fungi;p__Basidiomycota;c__Agaricomycetes;o__Russulales;f__Russulaceae;g__Russula;s__Russula_atroglauca	underclassification	3
F1-REF	6	0	sortmerna	0.76:0.9:3:0.8:1.0	SH082179.07FU_JX863102_reps	Unassigned	k__Fungi;p__Basidiomycota;c__Agaricomycetes;o__Polyporales;f__Fomitopsidaceae;g__Fomitopsis;s__Fomitopsis_castanea	underclassification	0
F1-REF	6	0	sortmerna	0.76:0.9:3:0.8:1.0	SH119601.07FU_JQ411391_reps	k__Fungi;p__Ascomycota	k__Fungi;p__Ascomycota;c__Eurotiomycetes;o__Eurotiales;f__Trichocomaceae;g__Talaromyces;s__Talaromyces_helicus	underclassification	2
F1-REF	6	0	sortmerna	0.76:0.9:3:0.8:1.0	SH086648.07FU_EF422848_refs	k__Fungi;p__Ascomycota;c__Eurotiomycetes;o__Eurotiales;f__Trichocomaceae	k__Fungi;p__Ascomycota;c__Eurotiomycetes;o__Eurotiales;f__Trichocomaceae;g__Penicillium;s__Penicillium_griseolum	underclassification	5
F1-REF	6	0	sortmerna	0.76:0.9:3:0.8:1.0	SH095309.07FU_UDB015208_refs	Unassigned	k__Fungi;p__Basidiomycota;c__Agaricomycetes;o__Agaricales;f__Entolomataceae;g__Entoloma;s__Entoloma_clandestinum	underclassification	0
F1-REF	6	0	sortmerna	0.76:0.9:3:0.8:1.0	SH099209.07FU_KC514819_reps	k__Fungi;p__Basidiomycota;c__Agaricomycetes	k__Fungi;p__Basidiomycota;c__Agaricomycetes;o__Polyporales;f__Meruliaceae;g__Phlebia;s__Phlebia_chrysocreas	underclassification	3
F1-REF	6	0	sortmerna	0.76:0.9:3:0.8:1.0	SH104370.07FU_HM802135_refs	k__Fungi;p__Basidiomycota;c__Tremellomycetes;o__Filobasidiales;f__Filobasidiaceae;g__Filobasidium;s__Filobasidium_magnum	k__Fungi;p__Basidiomycota;c__Tremellomycetes;o__Trichosporonales;f__Trichosporonaceae;g__Trichosporon;s__Trichosporon_oleaginosum	misclassification	3
F1-REF	6	0	sortmerna	0.76:0.9:3:0.8:1.0	SH079763.07FU_AJ585458_refs	k__Fungi;p__Basidiomycota;c__Agaricomycetes;o__Agaricales	k__Fungi;p__Basidiomycota;c__Agaricomycetes;o__Agaricales;f__Strophariaceae;g__Galerina;s__Galerina_mniophila	underclassification	4
F1-REF	6	0	sortmerna	0.76:0.9:3:0.8:1.0	SH551681.07FU_KJ807067_reps	Unassigned	k__Fungi;p__Basidiomycota;c__Agaricomycetes;o__Russulales;f__Bondarzewiaceae;g__Wrightoporia;s__Wrightoporia_biennis	underclassification	0
F1-REF	6	0	sortmerna	0.76:0.9:3:0.8:1.0	SH134129.07FU_DQ384577_reps	k__Fungi;p__Basidiomycota;c__Agaricomycetes;o__Boletales;f__Paxillaceae;g__Alpova;s__Alpova_alpestris	k__Fungi;p__Basidiomycota;c__Agaricomycetes;o__Boletales;f__Paxillaceae;g__Alpova;s__Alpova_diplophloeus	overclassification	6
F1-REF	6	0	sortmerna	0.76:0.9:3:0.8:1.0	SH096542.07FU_HQ604632_reps	Unassigned	k__Fungi;p__Basidiomycota;c__Agaricomycetes;o__Agaricales;f__Inocybaceae;g__Inocybe;s__Inocybe_fuscodisca	underclassification	0
F1-REF	6	0	sortmerna	0.76:0.9:3:0.8:1.0	SH112917.07FU_FN547622_refs	k__Fungi;p__Glomeromycota;c__Glomeromycetes;o__Diversisporales;f__Gigasporaceae;g__Cetraspora	k__Fungi;p__Glomeromycota;c__Glomeromycetes;o__Diversisporales;f__Gigasporaceae;g__Cetraspora;s__Cetraspora_gilmorei	match	6
F1-REF	6	0	sortmerna	0.76:0.9:3:0.8:1.0	SH107599.07FU_U66449_reps	k__Fungi;p__Basidiomycota;c__Agaricomycetes;o__Agaricales;f__Tricholomataceae;g__Arrhenia;s__Arrhenia_onisca	k__Fungi;p__Basidiomycota;c__Agaricomycetes;o__Agaricales;f__Tricholomataceae;g__Arrhenia;s__Arrhenia_philonotis	overclassification	6
F1-REF	6	0	sortmerna	0.76:0.9:3:0.8:1.0	SH077982.07FU_AF079683_reps	Unassigned	k__Fungi;p__Basidiomycota;c__Agaricomycetes;o__Agaricales;f__Agaricaceae;g__Leucoagaricus;s__Leucoagaricus_gongylophorus	underclassification	0
F1-REF	6	0	sortmerna	0.76:0.9:3:0.8:1.0	SH543421.07FU_KJ462275_reps	Unassigned	k__Fungi;p__Ascomycota;c__Lecanoromycetes;o__Agyriales;f__Agyriaceae;g__Xylographa;s__Xylographa_bjoerkii	underclassification	0
F1-REF	6	0	sortmerna	0.76:0.9:3:0.8:1.0	SH125130.07FU_AF033400_refs	k__Fungi;p__Ascomycota	k__Fungi;p__Ascomycota;c__Eurotiomycetes;o__Eurotiales;f__Trichocomaceae;g__Penicillium;s__Penicillium_dierckxii	underclassification	2
F1-REF	6	0	sortmerna	0.76:0.9:3:0.8:1.0	SH087849.07FU_AY465513_reps	k__Fungi;p__Ascomycota;c__Pezizomycetes;o__Pezizales;f__Sarcosomataceae;g__Plectania;s__Plectania_zugazae	k__Fungi;p__Ascomycota;c__Pezizomycetes;o__Pezizales;f__Sarcosomataceae;g__Plectania;s__Plectania_sp	overclassification	6
F1-REF	6	0	sortmerna	0.76:0.9:3:0.8:1.0	SH543600.07FU_UDB023787_refs	k__Fungi;p__Basidiomycota;c__Agaricomycetes;o__Agaricales;f__Agaricaceae;g__Cystodermella;s__Cystodermella_adnatifolia	k__Fungi;p__Basidiomycota;c__Agaricomycetes;o__Agaricales;f__Agaricaceae;g__Cystodermella;s__Cystodermella_cristallifera	overclassification	6
F1-REF	6	0	sortmerna	0.76:0.9:3:0.8:1.0	SH120271.07FU_HQ599429_reps	Unassigned	k__Fungi;p__Ascomycota;c__Eurotiomycetes;o__Pyrenulales;f__Massariaceae;g__Massaria;s__Massaria_vindobonensis	underclassification	0
F1-REF	6	0	sortmerna	0.76:0.9:3:0.8:1.0	SH117923.07FU_JX110724_reps	Unassigned	k__Fungi;p__Basidiomycota;c__Agaricomycetes;o__Polyporales;f__Polyporaceae;g__Polyporus;s__Polyporus_umbellatus	underclassification	0
F1-REF	6	0	sortmerna	0.76:0.9:3:0.8:1.0	SH087219.07FU_UDB003146_refs	k__Fungi;p__Basidiomycota;c__Agaricomycetes;o__Agaricales;f__Agaricaceae	k__Fungi;p__Basidiomycota;c__Agaricomycetes;o__Agaricales;f__Agaricaceae;g__Cystoderma;s__Cystoderma_tuomikoskii	underclassification	5
F1-REF	6	0	sortmerna	0.76:0.9:3:0.8:1.0	SH131157.07FU_EF661179_refs	k__Fungi;p__Ascomycota;c__Eurotiomycetes;o__Eurotiales;f__Trichocomaceae;g__Aspergillus	k__Fungi;p__Ascomycota;c__Eurotiomycetes;o__Eurotiales;f__Trichocomaceae;g__Aspergillus;s__Aspergillus_conjunctus	match	6
F1-REF	6	0	sortmerna	0.76:0.9:3:0.8:1.0	SH092546.07FU_AM882939_refs	Unassigned	k__Fungi;p__Basidiomycota;c__Agaricomycetes;o__Agaricales;f__Inocybaceae;g__Inocybe;s__Inocybe_cervicolor	underclassification	0
F1-REF	6	0	sortmerna	0.76:0.9:3:0.8:1.0	SH104036.07FU_GQ499378_reps	Unassigned	k__Fungi;p__Chytridiomycota;c__Chytridiomycetes;o__Spizellomycetales;f__Spizellomycetaceae;g__Spizellomyces;s__Spizellomyces_pseudodichotomus	underclassification	0
F1-REF	6	0	sortmerna	0.76:0.9:3:0.8:1.0	SH099648.07FU_GQ867777_reps	Unassigned	k__Fungi;p__Ascomycota;c__Eurotiomycetes;o__Ascosphaerales;f__Ascosphaeraceae;g__Ascosphaera;s__Ascosphaera_proliperda	underclassification	0
F1-REF	6	0	sortmerna	0.76:0.9:3:0.8:1.0	SH114065.07FU_JF740251_reps	k__Fungi;p__Ascomycota;c__Dothideomycetes;o__Pleosporales;f__Leptosphaeriaceae	k__Fungi;p__Ascomycota;c__Dothideomycetes;o__Pleosporales;f__Leptosphaeriaceae;g__Subplenodomus;s__Subplenodomus_valerianae	underclassification	5
F1-REF	6	0	sortmerna	0.76:0.9:3:0.8:1.0	SH079756.07FU_AY263429_refs	Unassigned	k__Fungi;p__Basidiomycota;c__Agaricomycetes;o__Agaricales;f__Omphalotaceae;g__Gymnopus;s__Gymnopus_vitellinipes	underclassification	0
F1-REF	6	0	sortmerna	0.76:0.9:3:0.8:1.0	SH095056.07FU_DQ396924_reps	k__Fungi;p__Ascomycota;c__Lecanoromycetes;o__Lecanorales;f__Stereocaulaceae;g__Stereocaulon	k__Fungi;p__Ascomycota;c__Lecanoromycetes;o__Lecanorales;f__Stereocaulaceae;g__Stereocaulon;s__Stereocaulon_paschale	match	6
F1-REF	6	0	sortmerna	0.76:0.9:3:0.8:1.0	SH118099.07FU_HQ402689_reps	k__Fungi;p__Ascomycota;c__Lecanoromycetes;o__Lecanorales;f__Parmeliaceae	k__Fungi;p__Ascomycota;c__Lecanoromycetes;o__Lecanorales;f__Parmeliaceae;g__Bryoria;s__Bryoria_bicolor	underclassification	5
F1-REF	6	0	sortmerna	0.76:0.9:3:0.8:1.0	SH542630.07FU_KP769837_reps	Unassigned	k__Fungi;p__Ascomycota;c__Sordariomycetes;o__Magnaporthales;f__Magnaporthaceae;g__Pseudophialophora;s__Pseudophialophora_dichanthii	underclassification	0
F1-REF	6	0	sortmerna	0.76:0.9:3:0.8:1.0	SH099378.07FU_EU553291_reps	Unassigned	k__Fungi;p__Ascomycota;c__Sordariomycetes;o__Hypocreales;f__Clavicipitaceae;g__Metarhizium;s__Metarhizium_viride	underclassification	0
F1-REF	6	0	sortmerna	0.76:0.9:3:0.8:1.0	SH130216.07FU_JX992850_reps	Unassigned	k__Fungi;p__Basidiomycota;c__Agaricomycetes;o__Agaricales;f__Entolomataceae;g__Entoloma;s__Entoloma_subclitocyboides	underclassification	0
F1-REF	6	0	sortmerna	0.76:0.9:3:0.8:1.0	SH102037.07FU_AF444292_refs	k__Fungi;p__Basidiomycota;c__Cystobasidiomycetes;o__Cystobasidiales;f__Cystobasidiaceae;g__Cystobasidium	k__Fungi;p__Basidiomycota;c__Cystobasidiomycetes;o__Cystobasidiales;f__Cystobasidiaceae;g__Cystobasidium;s__Cystobasidium_pinicola	match	6
F1-REF	6	0	sortmerna	0.76:0.9:3:0.8:1.0	SH135287.07FU_JN942300_reps	k__Fungi;p__Basidiomycota;c__Agaricomycetes	k__Fungi;p__Basidiomycota;c__Agaricomycetes;o__Agaricales;f__Cortinariaceae;g__Cortinarius;s__Cortinarius_veronicoides	underclassification	3
F1-REF	6	0	sortmerna	0.76:0.9:3:0.8:1.0	SH108801.07FU_UDB016465_refs	k__Fungi;p__Basidiomycota;c__Dacrymycetes;o__Dacrymycetales;f__Dacrymycetaceae;g__Dacrymyces;s__Dacrymyces_aureosporus	k__Fungi;p__Basidiomycota;c__Agaricomycetes;o__Hymenochaetales;f__Hymenochaetaceae;g__Tubulicrinis;s__Tubulicrinis_subulatus	misclassification	2
F1-REF	6	0	sortmerna	0.76:0.9:3:0.8:1.0	SH481530.07FU_GQ268588_reps	Unassigned	k__Fungi;p__Basidiomycota;c__Agaricomycetes;o__Boletales;f__Boletaceae;g__Heimioporus;s__Heimioporus_sp	underclassification	0
F1-REF	6	0	sortmerna	0.76:0.9:3:0.8:1.0	SH086632.07FU_AF125937_refs	k__Fungi;p__Ascomycota;c__Eurotiomycetes;o__Eurotiales;f__Trichocomaceae;g__Penicillium	k__Fungi;p__Ascomycota;c__Eurotiomycetes;o__Eurotiales;f__Trichocomaceae;g__Penicillium;s__Penicillium_angulare	match	6
F1-REF	6	0	sortmerna	0.76:0.9:3:0.8:1.0	SH089279.07FU_UDB003303_refs	k__Fungi;p__Basidiomycota;c__Agaricomycetes;o__Thelephorales;f__Thelephoraceae;g__Tomentella;s__Tomentella_sp	k__Fungi;p__Basidiomycota;c__Agaricomycetes;o__Thelephorales;f__Thelephoraceae;g__Tomentella;s__Tomentella_muricata	overclassification	6
F1-REF	6	0	sortmerna	0.76:0.9:3:0.8:1.0	SH077705.07FU_KC992924_refs	Unassigned	k__Fungi;p__Basidiomycota;c__Agaricomycetes;o__Agaricales;f__Psathyrellaceae;g__Psathyrella;s__Psathyrella_gordonii	underclassification	0
F1-REF	6	0	sortmerna	0.76:0.9:3:0.8:1.0	SH102909.07FU_AY693976_refs	k__Fungi;p__Ascomycota;c__Dothideomycetes;o__Botryosphaeriales;f__Botryosphaeriaceae	k__Fungi;p__Ascomycota;c__Dothideomycetes;o__Botryosphaeriales;f__Botryosphaeriaceae;g__Neofusicoccum;s__Neofusicoccum_andinum	underclassification	5
F1-REF	6	0	sortmerna	0.76:0.9:3:0.8:1.0	SH096586.07FU_JF834342_reps	k__Fungi;p__Basidiomycota;c__Agaricomycetes	k__Fungi;p__Basidiomycota;c__Agaricomycetes;o__Russulales;f__Russulaceae;g__Russula;s__Russula_borealis	underclassification	3
F1-REF	6	0	sortmerna	0.76:0.9:3:0.8:1.0	SH537763.07FU_LN810791_reps	k__Fungi;p__Ascomycota;c__Sordariomycetes;o__Sordariales;f__Lasiosphaeriaceae;g__Podospora;s__Podospora_sp	k__Fungi;p__Ascomycota;c__Lecanoromycetes;o__Acarosporales;f__Acarosporaceae;g__Acarospora;s__Acarospora_oligospora	misclassification	2
F1-REF	6	0	sortmerna	0.76:0.9:3:0.8:1.0	SH123225.07FU_EF411219_refs	k__Fungi;p__Ascomycota;c__Sordariomycetes;o__Hypocreales;f__Cordycipitaceae	k__Fungi;p__Ascomycota;c__Sordariomycetes;o__Hypocreales;f__Cordycipitaceae;g__Isaria;s__Isaria_fumosorosea	underclassification	5
F1-REF	6	0	sortmerna	0.76:0.9:3:0.8:1.0	SH132092.07FU_JF961378_reps	Unassigned	k__Fungi;p__Basidiomycota;c__Agaricomycetes;o__Agaricales;f__Strophariaceae;g__Pholiota;s__Pholiota_virescens	underclassification	0
F1-REF	6	0	sortmerna	0.76:0.9:3:0.8:1.0	SH539158.07FU_KJ862376_reps	k__Fungi;p__Basidiomycota;c__Pucciniomycetes;o__Pucciniales;f__Raveneliaceae;g__Endoraecium;s__Endoraecium_tropicum	k__Fungi;p__Basidiomycota;c__Pucciniomycetes;o__Pucciniales;f__Raveneliaceae;g__Endoraecium;s__Endoraecium_parvum	overclassification	6
F1-REF	6	0	sortmerna	0.76:0.9:3:0.8:1.0	SH118963.07FU_JF417470_refs	Unassigned	k__Fungi;p__Ascomycota;c__Eurotiomycetes;o__Eurotiales;f__Trichocomaceae;g__Rasamsonia;s__Rasamsonia_cylindrospora	underclassification	0
F1-REF	6	0	sortmerna	0.76:0.9:3:0.8:1.0	SH130353.07FU_UDB015790_refs	k__Fungi;p__Basidiomycota;c__Agaricomycetes;o__Agaricales;f__Tricholomataceae;g__Lepista;s__Lepista_sordida	k__Fungi;p__Basidiomycota;c__Agaricomycetes;o__Agaricales;f__Tricholomataceae;g__Lepista;s__Lepista_nuda	overclassification	6
F1-REF	6	0	sortmerna	0.76:0.9:3:0.8:1.0	SH124760.07FU_KJ940029_reps	Unassigned	k__Fungi;p__Basidiomycota;c__Agaricomycetes;o__Hymenochaetales;f__Hymenochaetaceae;g__Fuscoporia;s__Fuscoporia_rufitincta	underclassification	0
F1-REF	6	0	sortmerna	0.76:0.9:3:0.8:1.0	SH084178.07FU_KC960759_reps	k__Fungi;p__Ascomycota;c__Lecanoromycetes;o__Lecanorales;f__Ramalinaceae;g__Ramalina	k__Fungi;p__Ascomycota;c__Lecanoromycetes;o__Lecanorales;f__Ramalinaceae;g__Ramalina;s__Ramalina_canariensis	match	6
F1-REF	6	0	sortmerna	0.76:0.9:3:0.8:1.0	SH120980.07FU_EU259898_reps	k__Fungi;p__Ascomycota;c__Lecanoromycetes;o__Lecideales;f__Lecideaceae;g__Lecidea;s__Lecidea_polypycnidophora	k__Fungi;p__Ascomycota;c__Lecanoromycetes;o__Lecideales;f__Lecideaceae;g__Lecidea;s__Lecidea_sp	overclassification	6
F1-REF	6	0	sortmerna	0.76:0.9:3:0.8:1.0	SH108989.07FU_KF251276_refs	Unassigned	k__Fungi;p__Ascomycota;c__Dothideomycetes;o__Capnodiales;f__Teratosphaeriaceae;g__Teratosphaeria;s__Teratosphaeria_pseudoeucalypti	underclassification	0
F1-REF	6	0	sortmerna	0.76:0.9:3:0.8:1.0	SH537464.07FU_KP783484_reps	Unassigned	k__Fungi;p__Ascomycota;c__Pezizomycetes;o__Pezizales;f__Tuberaceae;g__Tuber;s__Tuber_californicum	underclassification	0
F1-REF	6	0	sortmerna	0.76:0.9:3:0.8:1.0	SH094907.07FU_AY672920_reps	k__Fungi;p__Basidiomycota;c__Agaricomycetes;o__Russulales;f__Peniophoraceae;g__Entomocorticium;s__Entomocorticium_sp	k__Fungi;p__Basidiomycota;c__Agaricomycetes;o__Russulales;f__Peniophoraceae;g__Entomocorticium;s__Entomocorticium_dendroctoni	overclassification	6
F1-REF	6	0	sortmerna	0.76:0.9:3:0.8:1.0	SH129080.07FU_KJ528519_reps	Unassigned	k__Fungi;p__Ascomycota;c__Sordariomycetes;o__Xylariales;f__Xylariaceae;g__Hypoxylon;s__Hypoxylon_polyporus	underclassification	0
F1-REF	6	0	sortmerna	0.76:0.9:3:0.8:1.0	SH130992.07FU_GU479231_reps	k__Fungi;p__Basidiomycota;c__Agaricomycetes;o__Agaricales;f__Strophariaceae;g__Hymenogaster	k__Fungi;p__Basidiomycota;c__Agaricomycetes;o__Agaricales;f__Strophariaceae;g__Hymenogaster;s__Hymenogaster_boozeri	match	6
F1-REF	6	0	sortmerna	0.76:0.9:3:0.8:1.0	SH077322.07FU_AB011807_refs	Unassigned	k__Fungi;p__Ascomycota;c__Saccharomycetes;o__Saccharomycetales;f__Saccharomycetaceae;g__Kazachstania;s__Kazachstania_martiniae	underclassification	0
F1-REF	6	0	sortmerna	0.76:0.9:3:0.8:1.0	SH546692.07FU_KT381618_reps	Unassigned	k__Fungi;p__Basidiomycota;c__Agaricomycetes;o__Polyporales;f__Fomitopsidaceae;g__Antrodia;s__Antrodia_sp	underclassification	0
F1-REF	6	0	sortmerna	0.76:0.9:3:0.8:1.0	SH119379.07FU_UDB011434_refs	Unassigned	k__Fungi;p__Basidiomycota;c__Agaricomycetes;o__Agaricales;f__Omphalotaceae;g__Rhodocollybia;s__Rhodocollybia_butyracea	underclassification	0
F1-REF	6	0	sortmerna	0.76:0.9:3:0.8:1.0	SH077603.07FU_JN616420_reps	k__Fungi;p__Basidiomycota;c__Agaricomycetes;o__Agaricales;f__Tricholomataceae;g__Melanoleuca;s__Melanoleuca_paedida	k__Fungi;p__Basidiomycota;c__Agaricomycetes;o__Agaricales;f__Tricholomataceae;g__Melanoleuca;s__Melanoleuca_melaleuca	overclassification	6
F1-REF	6	0	sortmerna	0.76:0.9:3:0.8:1.0	SH079943.07FU_AY368666_reps	k__Fungi;p__Basidiomycota;c__Agaricomycetes	k__Fungi;p__Basidiomycota;c__Agaricomycetes;o__Agaricales;f__Pleurotaceae;g__Pleurotus;s__Pleurotus_populinus	underclassification	3
F1-REF	6	0	sortmerna	0.76:0.9:3:0.8:1.0	SH133285.07FU_KC965695_reps	k__Fungi;p__Basidiomycota;c__Agaricomycetes;o__Agaricales;f__Mycenaceae;g__Mycena;s__Mycena_metata	k__Fungi;p__Basidiomycota;c__Agaricomycetes;o__Agaricales;f__Mycenaceae;g__Mycena;s__Mycena_urania	overclassification	6
F1-REF	6	0	sortmerna	0.76:0.9:3:0.8:1.0	SH092345.07FU_EU295639_refs	Unassigned	k__Fungi;p__Ascomycota;c__Dothideomycetes;o__Pleosporales;f__Montagnulaceae;g__Paraconiothyrium;s__Paraconiothyrium_variabile	underclassification	0
F1-REF	6	0	sortmerna	0.76:0.9:3:0.8:1.0	SH105850.07FU_FJ438386_reps	Unassigned	k__Fungi;p__Ascomycota;c__Eurotiomycetes;o__Chaetothyriales;f__Chaetothyriaceae;g__Cyphellophora;s__Cyphellophora_sessilis	underclassification	0
F1-REF	6	0	sortmerna	0.76:0.9:3:0.8:1.0	SH100717.07FU_DQ491511_reps	k__Fungi;p__Ascomycota	k__Fungi;p__Ascomycota;c__Orbiliomycetes;o__Orbiliales;f__Orbiliaceae;g__Orbilia;s__Orbilia_vinosa	underclassification	2
F1-REF	6	0	sortmerna	0.76:0.9:3:0.8:1.0	SH135359.07FU_KF732522_refs	k__Fungi;p__Basidiomycota;c__Agaricomycetes;o__Agaricales;f__Cortinariaceae;g__Cortinarius	k__Fungi;p__Basidiomycota;c__Agaricomycetes;o__Agaricales;f__Cortinariaceae;g__Cortinarius;s__Cortinarius_pansa	match	6
F1-REF	6	0	sortmerna	0.76:0.9:3:0.8:1.0	SH118185.07FU_AF451776_reps	Unassigned	k__Fungi;p__Ascomycota;c__Lecanoromycetes;o__Lecanorales;f__Parmeliaceae;g__Melanelia;s__Melanelia_hepatizon	underclassification	0
F1-REF	6	0	sortmerna	0.76:0.9:3:0.8:1.0	SH079524.07FU_EU543196_refs	k__Fungi;p__Ascomycota	k__Fungi;p__Ascomycota;c__Pezizomycetes;o__Pezizales;f__Pezizaceae;g__Pachyphlodes;s__Pachyphlodes_citrina	underclassification	2
F1-REF	6	0	sortmerna	0.76:0.9:3:0.8:1.0	SH114590.07FU_JN235282_refs	k__Fungi;p__Ascomycota;c__Sordariomycetes	k__Fungi;p__Ascomycota;c__Sordariomycetes;o__Hypocreales;f__Nectriaceae;g__Fusarium;s__Fusarium_keratoplasticum	underclassification	3
F1-REF	6	0	sortmerna	0.76:0.9:3:0.8:1.0	SH082104.07FU_JQ828885_reps	k__Fungi;p__Basidiomycota;c__Agaricomycetes	k__Fungi;p__Basidiomycota;c__Agaricomycetes;o__Hymenochaetales;f__Hymenochaetaceae;g__Phellinus;s__Phellinus_sp	underclassification	3
F1-REF	6	0	sortmerna	0.76:0.9:3:0.8:1.0	SH108259.07FU_KC581963_reps	Unassigned	k__Fungi;p__Basidiomycota;c__Agaricomycetes;o__Geastrales;f__Geastraceae;g__Geastrum;s__Geastrum_hungaricum	underclassification	0
F1-REF	6	0	sortmerna	0.76:0.9:3:0.8:1.0	SH085141.07FU_UDB002450_reps	k__Fungi;p__Basidiomycota;c__Agaricomycetes;o__Boletales;f__Boletaceae;g__Leccinum	k__Fungi;p__Basidiomycota;c__Agaricomycetes;o__Boletales;f__Boletaceae;g__Leccinum;s__Leccinum_variicolor	match	6
F1-REF	6	0	sortmerna	0.76:0.9:3:0.8:1.0	SH117781.07FU_DQ083019_refs	k__Fungi;p__Ascomycota;c__Sordariomycetes;o__Hypocreales;f__Hypocreaceae;g__Trichoderma;s__Trichoderma_longibrachiatum	k__Fungi;p__Ascomycota;c__Sordariomycetes;o__Hypocreales;f__Hypocreaceae;g__Trichoderma;s__Trichoderma_novae-zelandiae	overclassification	6
F1-REF	6	0	sortmerna	0.76:0.9:3:0.8:1.0	SH083865.07FU_FJ196950_reps	k__Fungi;p__Basidiomycota;c__Agaricomycetes;o__Russulales;f__Russulaceae;g__Russula;s__Russula_sp	k__Fungi;p__Basidiomycota;c__Agaricomycetes;o__Russulales;f__Russulaceae;g__Russula;s__Russula_crustosa	overclassification	6
F1-REF	6	0	sortmerna	0.76:0.9:3:0.8:1.0	SH122664.07FU_DQ103553_refs	k__Fungi;p__Ascomycota;c__Dothideomycetes;o__Botryosphaeriales;f__Botryosphaeriaceae;g__Lasiodiplodia	k__Fungi;p__Ascomycota;c__Dothideomycetes;o__Botryosphaeriales;f__Botryosphaeriaceae;g__Lasiodiplodia;s__Lasiodiplodia_rubropurpurea	match	6
F1-REF	6	0	sortmerna	0.76:0.9:3:0.8:1.0	SH092695.07FU_AF255130_reps	k__Fungi;p__Basidiomycota;c__Agaricomycetes;o__Polyporales;f__Ganodermataceae;g__Ganoderma	k__Fungi;p__Basidiomycota;c__Agaricomycetes;o__Polyporales;f__Ganodermataceae;g__Ganoderma;s__Ganoderma_lobatum	match	6
F1-REF	6	0	sortmerna	0.76:0.9:3:0.8:1.0	SH121418.07FU_JN845144_reps	Unassigned	k__Fungi;p__Basidiomycota;c__Agaricomycetes;o__Geastrales;f__Geastraceae;g__Geastrum;s__Geastrum_triplex	underclassification	0
F1-REF	6	0	sortmerna	0.76:0.9:3:0.8:1.0	SH540048.07FU_KP747674_reps	k__Fungi;p__Ascomycota;c__Lecanoromycetes;o__Teloschistales;f__Physciaceae;g__Anaptychia;s__Anaptychia_ciliaris	k__Fungi;p__Ascomycota;c__Lecanoromycetes;o__Teloschistales;f__Physciaceae;g__Anaptychia;s__Anaptychia_setifera	overclassification	6
F1-REF	6	0	sortmerna	0.76:0.9:3:0.8:1.0	SH081606.07FU_JX998025_reps	k__Fungi;p__Basidiomycota;c__Agaricomycetes	k__Fungi;p__Basidiomycota;c__Agaricomycetes;o__Agaricales;f__Amanitaceae;g__Amanita;s__Amanita_exitialis	underclassification	3
F1-REF	6	0	sortmerna	0.76:0.9:3:0.8:1.0	SH110233.07FU_AF149074_refs	k__Fungi;p__Ascomycota;c__Leotiomycetes;o__Helotiales;f__Dermateaceae;g__Pezicula	k__Fungi;p__Ascomycota;c__Leotiomycetes;o__Helotiales;f__Dermateaceae;g__Cryptosporiopsis;s__Cryptosporiopsis_brunnea	misclassification	5
F1-REF	6	0	sortmerna	0.76:0.9:3:0.8:1.0	SH134547.07FU_EU586330_reps	k__Fungi;p__Ascomycota;c__Orbiliomycetes;o__Orbiliales;f__Orbiliaceae;g__Arthrobotrys	k__Fungi;p__Ascomycota;c__Orbiliomycetes;o__Orbiliales;f__Orbiliaceae;g__Arthrobotrys;s__Arthrobotrys_pyriformis	match	6
F1-REF	6	0	sortmerna	0.76:0.9:3:0.8:1.0	SH114159.07FU_JX560484_reps	Unassigned	k__Fungi;p__Basidiomycota;c__Exobasidiomycetes;o__Exobasidiales;f__Exobasidiaceae;g__Exobasidium;s__Exobasidium_reticulatum	underclassification	0
F1-REF	6	0	sortmerna	0.76:0.9:3:0.8:1.0	SH078538.07FU_EU915073_refs	k__Fungi;p__Basidiomycota;c__Agaricomycetes;o__Agaricales;f__Agaricaceae	k__Fungi;p__Basidiomycota;c__Agaricomycetes;o__Agaricales;f__Agaricaceae;g__Bovista;s__Bovista_pusilla	underclassification	5
F1-REF	6	0	sortmerna	0.76:0.9:3:0.8:1.0	SH135398.07FU_AF112144_refs	k__Fungi;p__Basidiomycota;c__Agaricomycetes;o__Agaricales;f__Cortinariaceae;g__Cortinarius;s__Cortinarius_viscoviridis	k__Fungi;p__Basidiomycota;c__Agaricomycetes;o__Agaricales;f__Cortinariaceae;g__Cortinarius;s__Cortinarius_rotundisporus	overclassification	6
F1-REF	6	0	sortmerna	0.76:0.9:3:0.8:1.0	SH127901.07FU_EF679363_refs	k__Fungi;p__Ascomycota	k__Fungi;p__Ascomycota;c__Dothideomycetes;o__Capnodiales;f__Mycosphaerellaceae;g__Mycosphaerella;s__Mycosphaerella_tassiana	underclassification	2
F1-REF	6	0	sortmerna	0.76:0.9:3:0.8:1.0	SH098773.07FU_UDB011592_refs	Unassigned	k__Fungi;p__Basidiomycota;c__Agaricomycetes;o__Agaricales;f__Tricholomataceae;g__Tricholoma;s__Tricholoma_virgatum	underclassification	0
F1-REF	6	0	sortmerna	0.76:0.9:3:0.8:1.0	SH085704.07FU_AF224404_reps	k__Fungi;p__Ascomycota;c__Lecanoromycetes;o__Teloschistales;f__Physciaceae;g__Physcia	k__Fungi;p__Ascomycota;c__Lecanoromycetes;o__Teloschistales;f__Physciaceae;g__Physcia;s__Physcia_stellaris	match	6
F1-REF	6	0	sortmerna	0.76:0.9:3:0.8:1.0	SH123807.07FU_JN198405_reps	k__Fungi;p__Basidiomycota;c__Agaricomycetes	k__Fungi;p__Basidiomycota;c__Agaricomycetes;o__Polyporales;f__Meruliaceae;g__Scopuloides;s__Scopuloides_rimosa	underclassification	3
F1-REF	6	0	sortmerna	0.76:0.9:3:0.8:1.0	SH135488.07FU_UDB016146_refs	k__Fungi;p__Basidiomycota;c__Agaricomycetes;o__Agaricales;f__Cortinariaceae;g__Cortinarius	k__Fungi;p__Basidiomycota;c__Agaricomycetes;o__Agaricales;f__Cortinariaceae;g__Cortinarius;s__Cortinarius_argutus	match	6
F1-REF	6	0	sortmerna	0.76:0.9:3:0.8:1.0	SH132787.07FU_KJ831924_reps	k__Fungi;p__Basidiomycota;c__Agaricomycetes;o__Agaricales;f__Psathyrellaceae;g__Coprinopsis;s__Coprinopsis_spelaiophila	k__Fungi;p__Basidiomycota;c__Agaricomycetes;o__Agaricales;f__Psathyrellaceae;g__Coprinellus;s__Coprinellus_disseminatus	misclassification	5
F1-REF	6	0	sortmerna	0.76:0.9:3:0.8:1.0	SH098438.07FU_JX090106_reps	k__Fungi;p__Basidiomycota;c__Agaricomycetes;o__Agaricales;f__Omphalotaceae	k__Fungi;p__Basidiomycota;c__Agaricomycetes;o__Polyporales;f__Fomitopsidaceae;g__Postia;s__Postia_dissecta	misclassification	3
F1-REF	6	0	sortmerna	0.76:0.9:3:0.8:1.0	SH090837.07FU_JN114421_reps	k__Fungi;p__Basidiomycota;c__Ustilaginomycetes;o__Urocystidales;f__Urocystidaceae;g__Melanoxa;s__Melanoxa_oxalidiellae	k__Fungi;p__Basidiomycota;c__Ustilaginomycetes;o__Urocystidales;f__Urocystidaceae;g__Urocystis;s__Urocystis_agropyri	misclassification	5
F1-REF	6	0	sortmerna	0.76:0.9:3:0.8:1.0	SH090459.07FU_AF439626_refs	k__Fungi;p__Ascomycota;c__Sordariomycetes;o__Diaporthales;f__Diaporthaceae	k__Fungi;p__Ascomycota;c__Sordariomycetes;o__Diaporthales;f__Diaporthaceae;g__Diaporthe;s__Diaporthe_sclerotioides	underclassification	5
F1-REF	6	0	sortmerna	0.76:0.9:3:0.8:1.0	SH119574.07FU_KC778783_reps	k__Fungi;p__Basidiomycota;c__Agaricomycetes	k__Fungi;p__Basidiomycota;c__Agaricomycetes;o__Hymenochaetales;f__Hymenochaetaceae;g__Tropicoporus;s__Tropicoporus_sideroxylicola	underclassification	3
F1-REF	6	0	sortmerna	0.76:0.9:3:0.8:1.0	SH083632.07FU_EF409728_reps	k__Fungi;p__Basidiomycota;c__Agaricomycetes;o__Agaricales;f__Pleurotaceae	k__Fungi;p__Basidiomycota;c__Agaricomycetes;o__Agaricales;f__Pleurotaceae;g__Hohenbuehelia;s__Hohenbuehelia_tremula	underclassification	5
F1-REF	6	0	sortmerna	0.76:0.9:3:0.8:1.0	SH088338.07FU_JQ993388_reps	k__Fungi;p__Ascomycota;c__Saccharomycetes;o__Saccharomycetales;f__Saccharomycetaceae;g__Naumovozyma;s__Naumovozyma_baii	k__Fungi;p__Ascomycota;c__Saccharomycetes;o__Saccharomycetales;f__Saccharomycetaceae;g__Kazachstania;s__Kazachstania_sp	misclassification	5
F1-REF	6	0	sortmerna	0.76:0.9:3:0.8:1.0	SH130470.07FU_HQ604846_reps	k__Fungi;p__Basidiomycota;c__Agaricomycetes;o__Russulales;f__Russulaceae;g__Russula	k__Fungi;p__Basidiomycota;c__Agaricomycetes;o__Russulales;f__Russulaceae;g__Russula;s__Russula_crenulata	match	6
F1-REF	6	0	sortmerna	0.76:0.9:3:0.8:1.0	SH098401.07FU_HQ318239_refs	k__Fungi;p__Basidiomycota;c__Agaricomycetes;o__Russulales;f__Russulaceae;g__Lactarius;s__Lactarius_parvigerardii	k__Fungi;p__Basidiomycota;c__Agaricomycetes;o__Russulales;f__Russulaceae;g__Lactifluus;s__Lactifluus_acicularis	misclassification	5
F1-REF	6	0	sortmerna	0.76:0.9:3:0.8:1.0	SH130369.07FU_KJ461908_refs	k__Fungi;p__Basidiomycota;c__Agaricomycetes;o__Agaricales;f__Tricholomataceae	k__Fungi;p__Basidiomycota;c__Agaricomycetes;o__Agaricales;f__Tricholomataceae;g__Clitocybe;s__Clitocybe_brunneocaperata	underclassification	5
F1-REF	6	0	sortmerna	0.76:0.9:3:0.8:1.0	SH129294.07FU_JF907773_reps	k__Fungi;p__Basidiomycota;c__Agaricomycetes;o__Agaricales	k__Fungi;p__Basidiomycota;c__Agaricomycetes;o__Agaricales;f__Lyophyllaceae;g__Rugosomyces;s__Rugosomyces_carneus	underclassification	4
F1-REF	6	0	sortmerna	0.76:0.9:3:0.8:1.0	SH101828.07FU_EF669597_refs	k__Fungi;p__Ascomycota	k__Fungi;p__Ascomycota;c__Eurotiomycetes;o__Eurotiales;f__Trichocomaceae;g__Aspergillus;s__Aspergillus_iizukae	underclassification	2
F1-REF	6	0	sortmerna	0.76:0.9:3:0.8:1.0	SH109937.07FU_KJ146725_reps	k__Fungi;p__Basidiomycota;c__Agaricomycetes;o__Gomphales	k__Fungi;p__Basidiomycota;c__Agaricomycetes;o__Gomphales;f__Gomphaceae;g__Ramaria;s__Ramaria_stuntzii	underclassification	4
F1-REF	6	0	sortmerna	0.76:0.9:3:0.8:1.0	SH541960.07FU_LT158447_reps	k__Fungi;p__Ascomycota;c__Leotiomycetes;o__Helotiales;f__Rutstroemiaceae;g__Lanzia;s__Lanzia_echinophila	k__Fungi;p__Ascomycota;c__Leotiomycetes;o__Helotiales;f__Rutstroemiaceae;g__Rutstroemia;s__Rutstroemia_sydowiana	misclassification	5
F1-REF	6	0	sortmerna	0.76:0.9:3:0.8:1.0	SH090280.07FU_AJ557516_reps	Unassigned	k__Fungi;p__Ascomycota;c__Pezizomycetes;o__Pezizales;f__Tuberaceae;g__Tuber;s__Tuber_maculatum	underclassification	0
F1-REF	6	0	sortmerna	0.76:0.9:3:0.8:1.0	SH135327.07FU_UDB004058_reps	k__Fungi;p__Basidiomycota;c__Agaricomycetes;o__Agaricales;f__Cortinariaceae;g__Cortinarius	k__Fungi;p__Basidiomycota;c__Agaricomycetes;o__Agaricales;f__Cortinariaceae;g__Cortinarius;s__Cortinarius_waiporianus	match	6
F1-REF	6	0	sortmerna	0.76:0.9:3:0.8:1.0	SH083593.07FU_AM882731_refs	k__Fungi;p__Basidiomycota;c__Agaricomycetes;o__Agaricales;f__Inocybaceae;g__Inocybe;s__Inocybe_incarnata	k__Fungi;p__Basidiomycota;c__Agaricomycetes;o__Agaricales;f__Inocybaceae;g__Inocybe;s__Inocybe_fraudans	overclassification	6
F1-REF	6	0	sortmerna	0.76:0.9:3:0.8:1.0	SH085987.07FU_DQ286766_reps	k__Fungi;p__Ascomycota;c__Dothideomycetes;o__Pleosporales;f__Phaeosphaeriaceae;g__Parastagonospora;s__Parastagonospora_avenae	k__Fungi;p__Ascomycota;c__Dothideomycetes;o__Pleosporales;f__Phaeosphaeriaceae;g__Sclerostagonospora;s__Sclerostagonospora_sp	misclassification	5
F1-REF	6	0	sortmerna	0.76:0.9:3:0.8:1.0	SH087290.07FU_AJ608980_reps	Unassigned	k__Fungi;p__Ascomycota;c__Dothideomycetes;o__Capnodiales;f__Mycosphaerellaceae;g__Septoria;s__Septoria_arundinacea	underclassification	0
F1-REF	6	0	sortmerna	0.76:0.9:3:0.8:1.0	SH100826.07FU_JQ857034_reps	Unassigned	k__Fungi;p__Basidiomycota;c__Microbotryomycetes;o__Leucosporidiales;f__Leucosporidiaceae;g__Leucosporidium;s__Leucosporidium_sp	underclassification	0
F1-REF	6	0	sortmerna	0.76:0.9:3:0.8:1.0	SH086676.07FU_GU092967_reps	k__Fungi;p__Ascomycota;c__Eurotiomycetes;o__Eurotiales;f__Trichocomaceae	k__Fungi;p__Ascomycota;c__Eurotiomycetes;o__Eurotiales;f__Trichocomaceae;g__Penicillium;s__Penicillium_megasporum	underclassification	5
F1-REF	6	0	sortmerna	0.76:0.9:3:0.8:1.0	SH077066.07FU_AF432880_reps	k__Fungi;p__Basidiomycota;c__Agaricomycetes;o__Agaricales;f__Agaricaceae;g__Agaricus	k__Fungi;p__Basidiomycota;c__Agaricomycetes;o__Agaricales;f__Agaricaceae;g__Agaricus;s__Agaricus_bernardii	match	6
F1-REF	6	0	sortmerna	0.76:0.9:3:0.8:1.0	SH087224.07FU_UDB003142_refs	k__Fungi;p__Basidiomycota;c__Agaricomycetes;o__Agaricales;f__Cortinariaceae;g__Cortinarius	k__Fungi;p__Basidiomycota;c__Agaricomycetes;o__Agaricales;f__Agaricaceae;g__Cystoderma;s__Cystoderma_subvinaceum	misclassification	4
F1-REF	6	0	sortmerna	0.76:0.9:3:0.8:1.0	SH135540.07FU_AY669615_reps	k__Fungi;p__Basidiomycota;c__Agaricomycetes;o__Agaricales;f__Cortinariaceae;g__Cortinarius	k__Fungi;p__Basidiomycota;c__Agaricomycetes;o__Agaricales;f__Cortinariaceae;g__Cortinarius;s__Cortinarius_australis	match	6
F1-REF	6	0	sortmerna	0.76:0.9:3:0.8:1.0	SH089593.07FU_GU258236_refs	Unassigned	k__Fungi;p__Basidiomycota;c__Agaricomycetes;o__Russulales;f__Russulaceae;g__Lactifluus;s__Lactifluus_coniculus	underclassification	0
F1-REF	6	0	sortmerna	0.76:0.9:3:0.8:1.0	SH079203.07FU_JF908317_reps	k__Fungi;p__Basidiomycota;c__Agaricomycetes;o__Russulales;f__Russulaceae;g__Lactarius	k__Fungi;p__Basidiomycota;c__Agaricomycetes;o__Russulales;f__Russulaceae;g__Lactarius;s__Lactarius_ilicis	match	6
F1-REF	6	0	sortmerna	0.76:0.9:3:0.8:1.0	SH097013.07FU_AM882787_refs	k__Fungi;p__Basidiomycota;c__Agaricomycetes	k__Fungi;p__Basidiomycota;c__Agaricomycetes;o__Agaricales;f__Inocybaceae;g__Inocybe;s__Inocybe_leptophylla	underclassification	3
F1-REF	6	0	sortmerna	0.76:0.9:3:0.8:1.0	SH100608.07FU_AF492088_reps	k__Fungi;p__Ascomycota;c__Taphrinomycetes;o__Taphrinales;f__Taphrinaceae;g__Taphrina	k__Fungi;p__Ascomycota;c__Taphrinomycetes;o__Taphrinales;f__Taphrinaceae;g__Taphrina;s__Taphrina_communis	match	6
F1-REF	6	0	sortmerna	0.76:0.9:3:0.8:1.0	SH110112.07FU_UDB011782_refs	k__Fungi;p__Basidiomycota;c__Agaricomycetes;o__Agaricales;f__Strophariaceae;g__Gymnopilus;s__Gymnopilus_decipiens	k__Fungi;p__Basidiomycota;c__Agaricomycetes;o__Agaricales;f__Strophariaceae;g__Gymnopilus;s__Gymnopilus_junonius	overclassification	6
F1-REF	6	0	sortmerna	0.76:0.9:3:0.8:1.0	SH135305.07FU_FJ039604_reps	k__Fungi;p__Basidiomycota;c__Agaricomycetes;o__Agaricales;f__Cortinariaceae;g__Cortinarius	k__Fungi;p__Basidiomycota;c__Agaricomycetes;o__Agaricales;f__Cortinariaceae;g__Cortinarius;s__Cortinarius_ochrophyllus	match	6
F1-REF	6	0	sortmerna	0.76:0.9:3:0.8:1.0	SH133257.07FU_DQ008217_reps	k__Fungi	k__Fungi;p__Basidiomycota;c__Agaricomycetes;o__Agaricales;f__Mycenaceae;g__Mycena;s__Mycena_rubromarginata	underclassification	1
F1-REF	6	0	sortmerna	0.76:0.9:3:0.8:1.0	SH096574.07FU_HF674648_reps	k__Fungi;p__Basidiomycota;c__Agaricomycetes;o__Russulales;f__Russulaceae;g__Russula	k__Fungi;p__Basidiomycota;c__Agaricomycetes;o__Russulales;f__Russulaceae;g__Russula;s__Russula_rubra	match	6
F1-REF	6	0	sortmerna	0.76:0.9:3:0.8:1.0	SH541593.07FU_KC992895_refs	k__Fungi;p__Basidiomycota;c__Agaricomycetes;o__Agaricales;f__Psathyrellaceae;g__Psathyrella	k__Fungi;p__Basidiomycota;c__Agaricomycetes;o__Agaricales;f__Psathyrellaceae;g__Psathyrella;s__Psathyrella_arenosa	match	6
F1-REF	6	0	sortmerna	0.76:0.9:3:0.8:1.0	SH110086.07FU_AF230895_reps	k__Fungi;p__Basidiomycota;c__Agaricomycetes;o__Russulales;f__Russulaceae;g__Russula;s__Russula_sp	k__Fungi;p__Basidiomycota;c__Agaricomycetes;o__Russulales;f__Russulaceae;g__Russula;s__Russula_foetens	overclassification	6
F1-REF	6	0	sortmerna	0.76:0.9:3:0.8:1.0	SH084838.07FU_UDB016848_refs	Unassigned	k__Fungi;p__Basidiomycota;c__Agaricomycetes;o__Hymenochaetales;f__Hymenochaetaceae;g__Coltricia;s__Coltricia_sp	underclassification	0
F1-REF	6	0	sortmerna	0.76:0.9:3:0.8:1.0	SH079551.07FU_UDB011444_refs	k__Fungi;p__Basidiomycota;c__Agaricomycetes;o__Boletales;f__Suillaceae;g__Suillus	k__Fungi;p__Basidiomycota;c__Agaricomycetes;o__Boletales;f__Suillaceae;g__Suillus;s__Suillus_flavidus	match	6
F1-REF	6	0	sortmerna	0.76:0.9:3:0.8:1.0	SH132074.07FU_UDB024390_reps	k__Fungi;p__Basidiomycota;c__Agaricomycetes;o__Agaricales;f__Strophariaceae	k__Fungi;p__Basidiomycota;c__Agaricomycetes;o__Agaricales;f__Strophariaceae;g__Hypholoma;s__Hypholoma_elongatum	underclassification	5
F1-REF	6	0	sortmerna	0.76:0.9:3:0.8:1.0	SH090437.07FU_HM347712_refs	k__Fungi;p__Ascomycota;c__Sordariomycetes;o__Diaporthales;f__Diaporthaceae;g__Diaporthe	k__Fungi;p__Ascomycota;c__Sordariomycetes;o__Diaporthales;f__Diaporthaceae;g__Diaporthe;s__Diaporthe_caulivora	match	6
F1-REF	6	0	sortmerna	0.76:0.9:3:0.8:1.0	SH079190.07FU_UDB000824_reps	k__Fungi;p__Basidiomycota;c__Agaricomycetes;o__Russulales;f__Russulaceae;g__Lactarius	k__Fungi;p__Basidiomycota;c__Agaricomycetes;o__Russulales;f__Russulaceae;g__Lactarius;s__Lactarius_hysginus	match	6
F1-REF	6	0	sortmerna	0.76:0.9:3:0.8:1.0	SH087878.07FU_HM011506_reps	k__Fungi;p__Basidiomycota;c__Agaricomycetes;o__Agaricales;f__Physalacriaceae;g__Hymenopellis	k__Fungi;p__Basidiomycota;c__Agaricomycetes;o__Agaricales;f__Physalacriaceae;g__Xerula;s__Xerula_sp	misclassification	5
F1-REF	6	0	sortmerna	0.76:0.9:3:0.8:1.0	SH098092.07FU_JQ627616_reps	Unassigned	k__Fungi;p__Basidiomycota;c__Pucciniomycetes;o__Pucciniales;f__Pucciniaceae;g__Puccinia;s__Puccinia_veronicae-longifoliae	underclassification	0
F1-REF	6	0	sortmerna	0.76:0.9:3:0.8:1.0	SH093672.07FU_UDB016383_refs	k__Fungi;p__Basidiomycota;c__Agaricomycetes	k__Fungi;p__Basidiomycota;c__Agaricomycetes;o__Polyporales;f__Meruliaceae;g__Steccherinum;s__Steccherinum_ochraceum	underclassification	3
F1-REF	6	0	sortmerna	0.76:0.9:3:0.8:1.0	SH098929.07FU_JX514385_reps	k__Fungi;p__Basidiomycota;c__Agaricomycetes;o__Cantharellales;f__Tulasnellaceae	k__Fungi;p__Basidiomycota;c__Agaricomycetes;o__Cantharellales;f__Tulasnellaceae;g__Tulasnella;s__Tulasnella_calospora	underclassification	5
F1-REF	6	0	sortmerna	0.76:0.9:3:0.8:1.0	SH121079.07FU_DQ345589_refs	k__Fungi;p__Ascomycota;c__Sordariomycetes;o__Hypocreales;f__Ophiocordycipitaceae;g__Hirsutella	k__Fungi;p__Ascomycota;c__Sordariomycetes;o__Hypocreales;f__Ophiocordycipitaceae;g__Hirsutella;s__Hirsutella_vermicola	match	6
F1-REF	6	0	sortmerna	0.76:0.9:3:0.8:1.0	SH117568.07FU_UDB011618_refs	Unassigned	k__Fungi;p__Basidiomycota;c__Agaricomycetes;o__Polyporales;f__Fomitopsidaceae;g__Fomitopsis;s__Fomitopsis_pinicola	underclassification	0
F1-REF	6	0	sortmerna	0.76:0.9:3:0.8:1.0	SH119281.07FU_JX658447_refs	Unassigned	k__Fungi;p__Ascomycota;c__Sordariomycetes;o__Xylariales;f__Xylariaceae;g__Annulohypoxylon;s__Annulohypoxylon_minutellum	underclassification	0
F1-REF	6	0	sortmerna	0.76:0.9:3:0.8:1.0	SH112624.07FU_KC732743_reps	k__Fungi;p__Ascomycota;c__Lecanoromycetes;o__Peltigerales;f__Lobariaceae;g__Sticta	k__Fungi;p__Ascomycota;c__Lecanoromycetes;o__Peltigerales;f__Lobariaceae;g__Sticta;s__Sticta_lumbschiana	match	6
F1-REF	6	0	sortmerna	0.76:0.9:3:0.8:1.0	SH122646.07FU_DQ103550_refs	k__Fungi;p__Ascomycota;c__Dothideomycetes;o__Botryosphaeriales;f__Botryosphaeriaceae;g__Lasiodiplodia	k__Fungi;p__Ascomycota;c__Dothideomycetes;o__Botryosphaeriales;f__Botryosphaeriaceae;g__Lasiodiplodia;s__Lasiodiplodia_crassispora	match	6
F1-REF	6	0	sortmerna	0.76:0.9:3:0.8:1.0	SH078630.07FU_FJ515182_reps	k__Fungi;p__Basidiomycota;c__Ustilaginomycetes;o__Ustilaginales;f__Ustilaginaceae;g__Pseudozyma	k__Fungi;p__Basidiomycota;c__Ustilaginomycetes;o__Ustilaginales;f__Ustilaginaceae;g__Ustilago;s__Ustilago_shanxiensis	misclassification	5
F1-REF	6	0	sortmerna	0.76:0.9:3:0.8:1.0	SH099907.07FU_JN032567_reps	Unassigned	k__Fungi;p__Basidiomycota;c__Agaricomycetes;o__Atheliales;f__Atheliaceae;g__Piloderma;s__Piloderma_olivaceum	underclassification	0
F1-REF	6	0	sortmerna	0.76:0.9:3:0.8:1.0	SH105869.07FU_AY220815_reps	Unassigned	k__Fungi;p__Ascomycota;c__Pezizomycetes;o__Pezizales;f__Pyronemataceae;g__Scutellinia;s__Scutellinia_scutellata	underclassification	0
F1-REF	6	0	sortmerna	0.76:0.9:3:0.8:1.0	SH121180.07FU_AY176453_refs	Unassigned	k__Fungi;p__Basidiomycota;c__Agaricomycetes;o__Agaricales;f__Amanitaceae;g__Limacella;s__Limacella_delicata	underclassification	0
F1-REF	6	0	sortmerna	0.76:0.9:3:0.8:1.0	SH105620.07FU_AM176667_reps	k__Fungi;p__Ascomycota;c__Eurotiomycetes;o__Chaetothyriales;f__Herpotrichiellaceae;g__Exophiala	k__Fungi;p__Ascomycota;c__Eurotiomycetes;o__Chaetothyriales;f__Herpotrichiellaceae;g__Exophiala;s__Exophiala_salmonis	match	6
F1-REF	6	0	sortmerna	0.76:0.9:3:0.8:1.0	SH092867.07FU_KC412162_reps	k__Fungi;p__Basidiomycota;c__Agaricomycetes;o__Russulales;f__Russulaceae;g__Russula	k__Fungi;p__Basidiomycota;c__Agaricomycetes;o__Russulales;f__Russulaceae;g__Russula;s__Russula_changbaiensis	match	6
F1-REF	6	0	sortmerna	0.76:0.9:3:0.8:1.0	SH092526.07FU_AB609190_reps	Unassigned	k__Fungi;p__Ascomycota;c__Leotiomycetes;o__Helotiales;f__Dermateaceae;g__Diplocarpon;s__Diplocarpon_mali	underclassification	0
F1-REF	6	0	sortmerna	0.76:0.9:3:0.8:1.0	SH103475.07FU_AY817138_refs	k__Fungi;p__Basidiomycota;c__Agaricomycetes;o__Cantharellales;f__Hydnaceae;g__Hydnum;s__Hydnum_magnorufescens	k__Fungi;p__Basidiomycota;c__Agaricomycetes;o__Cantharellales;f__Hydnaceae;g__Hydnum;s__Hydnum_ellipsosporum	overclassification	6
F1-REF	6	0	sortmerna	0.76:0.9:3:0.8:1.0	SH100440.07FU_LM652484_refs	k__Fungi;p__Ascomycota;c__Sordariomycetes;o__Microascales;f__Microascaceae;g__Scopulariopsis;s__Scopulariopsis_cordiae	k__Fungi;p__Ascomycota;c__Sordariomycetes;o__Microascales;f__Microascaceae;g__Scopulariopsis;s__Scopulariopsis_candida	overclassification	6
F1-REF	6	0	sortmerna	0.76:0.9:3:0.8:1.0	SH076456.07FU_GQ927301_reps	k__Fungi;p__Ascomycota;c__Lecanoromycetes;o__Peltigerales;f__Pannariaceae;g__Psoroma;s__Psoroma_hypnorum_var._paleaceum	k__Fungi;p__Ascomycota;c__Lecanoromycetes;o__Peltigerales;f__Pannariaceae;g__Psoroma;s__Psoroma_fruticulosum	overclassification	6
F1-REF	6	0	sortmerna	0.76:0.9:3:0.8:1.0	SH123799.07FU_KF673753_reps	k__Fungi;p__Ascomycota	k__Fungi;p__Ascomycota;c__Sordariomycetes;o__Sordariales;f__Chaetomiaceae;g__Humicola;s__Humicola_grisea	underclassification	2
F1-REF	6	0	sortmerna	0.76:0.9:3:0.8:1.0	SH090011.07FU_KJ009783_reps	k__Fungi;p__Basidiomycota;c__Agaricomycetes	k__Fungi;p__Basidiomycota;c__Agaricomycetes;o__Agaricales;f__Pluteaceae;g__Pluteus;s__Pluteus_methvenii	underclassification	3
F1-REF	6	0	sortmerna	0.76:0.9:3:0.8:1.0	SH090017.07FU_KJ009766_reps	k__Fungi;p__Basidiomycota;c__Agaricomycetes;o__Agaricales;f__Cortinariaceae;g__Cortinarius;s__Cortinarius_tubarius	k__Fungi;p__Basidiomycota;c__Agaricomycetes;o__Agaricales;f__Pluteaceae;g__Pluteus;s__Pluteus_sepiicolor	misclassification	4
F1-REF	6	0	sortmerna	0.76:0.9:3:0.8:1.0	SH114092.07FU_UDB000585_refs	k__Fungi;p__Basidiomycota;c__Agaricomycetes;o__Agaricales	k__Fungi;p__Basidiomycota;c__Agaricomycetes;o__Agaricales;f__Hygrophoraceae;g__Hygrophorus;s__Hygrophorus_arbustivus	underclassification	4
F1-REF	6	0	sortmerna	0.76:0.9:3:0.8:1.0	SH125873.07FU_HM222966_reps	k__Fungi	k__Fungi;p__Ascomycota;c__Dothideomycetes;o__Pleosporales;f__Massarinaceae;g__Helminthosporium;s__Helminthosporium_asterinum	underclassification	1
F1-REF	6	0	sortmerna	0.76:0.9:3:0.8:1.0	SH111908.07FU_JN099103_refs	k__Fungi;p__Ascomycota;c__Sordariomycetes;o__Hypocreales;f__Nectriaceae;g__Cylindrocladiella	k__Fungi;p__Ascomycota;c__Sordariomycetes;o__Hypocreales;f__Nectriaceae;g__Cylindrocladiella;s__Cylindrocladiella_cymbiformis	match	6
F1-REF	6	0	sortmerna	0.76:0.9:3:0.8:1.0	SH093102.07FU_JN580852_refs	k__Fungi;p__Basidiomycota;c__Agaricomycetes;o__Agaricales;f__Inocybaceae;g__Inocybe;s__Inocybe_nitidiuscula	k__Fungi;p__Basidiomycota;c__Agaricomycetes;o__Agaricales;f__Inocybaceae;g__Inocybe;s__Inocybe_silvae-herbaceae	overclassification	6
F1-REF	6	0	sortmerna	0.76:0.9:3:0.8:1.0	SH134801.07FU_UDB015757_refs	Unassigned	k__Fungi;p__Basidiomycota;c__Agaricomycetes;o__Agaricales;f__Tricholomataceae;g__Leucopaxillus;s__Leucopaxillus_giganteus	underclassification	0
F1-REF	6	0	sortmerna	0.76:0.9:3:0.8:1.0	SH094984.07FU_EU784392_reps	Unassigned	k__Fungi;p__Ascomycota;c__Pezizomycetes;o__Pezizales;f__Pyronemataceae;g__Flavoscypha;s__Flavoscypha_phlebophora	underclassification	0
F1-REF	6	0	sortmerna	0.76:0.9:3:0.8:1.0	SH127304.07FU_AY558646_reps	Unassigned	k__Fungi;p__Basidiomycota;c__Agaricomycetes;o__Hymenochaetales;f__Hymenochaetaceae;g__Phellinus;s__Phellinus_robiniae	underclassification	0
F1-REF	6	0	sortmerna	0.76:0.9:3:0.8:1.0	SH093844.07FU_HQ604236_reps	Unassigned	k__Fungi;p__Basidiomycota;c__Agaricomycetes;o__Agaricales;f__Inocybaceae;g__Inocybe;s__Inocybe_subcarpta	underclassification	0
F1-REF	6	0	sortmerna	0.76:0.9:3:0.8:1.0	SH121353.07FU_AB246766_refs	k__Fungi;p__Ascomycota;c__Leotiomycetes;o__Erysiphales;f__Erysiphaceae;g__Euoidium;s__Euoidium_longipes	k__Fungi;p__Ascomycota;c__Leotiomycetes;o__Erysiphales;f__Erysiphaceae;g__Golovinomyces;s__Golovinomyces_leucheriae	misclassification	5
F1-REF	6	0	sortmerna	0.76:0.9:3:0.8:1.0	SH132640.07FU_JX625257_reps	Unassigned	k__Fungi;p__Basidiomycota;c__Agaricomycetes;o__Cantharellales;f__Clavulinaceae;g__Clavulina;s__Clavulina_cinerea	underclassification	0
F1-REF	6	0	sortmerna	0.76:0.9:3:0.8:1.0	SH109171.07FU_JX243899_reps	k__Fungi;p__Ascomycota	k__Fungi;p__Ascomycota;c__Eurotiomycetes;o__Eurotiales;f__Trichocomaceae;g__Talaromyces;s__Talaromyces_proteolyticus	underclassification	2
F1-REF	6	0	sortmerna	0.76:0.9:3:0.8:1.0	SH085203.07FU_DQ000632_refs	k__Fungi;p__Ascomycota;c__Sordariomycetes;o__Hypocreales;f__Hypocreaceae;g__Trichoderma	k__Fungi;p__Ascomycota;c__Sordariomycetes;o__Hypocreales;f__Hypocreaceae;g__Trichoderma;s__Trichoderma_pezizoides	match	6
F1-REF	6	0	sortmerna	0.76:0.9:3:0.8:1.0	SH124753.07FU_KF815739_reps	Unassigned	k__Fungi;p__Basidiomycota;c__Agaricomycetes;o__Agaricales;f__Amanitaceae;g__Amanita;s__Amanita_walpolei	underclassification	0
F1-REF	6	0	sortmerna	0.76:0.9:3:0.8:1.0	SH536369.07FU_KM024511_reps	k__Fungi;p__Basidiomycota;c__Agaricomycetes;o__Agaricales;f__Mycenaceae;g__Xeromphalina;s__Xeromphalina_sp	k__Fungi;p__Basidiomycota;c__Agaricomycetes;o__Agaricales;f__Mycenaceae;g__Xeromphalina;s__Xeromphalina_kauffmanii	overclassification	6
F1-REF	6	0	sortmerna	0.76:0.9:3:0.8:1.0	SH104529.07FU_DQ201121_refs	k__Fungi;p__Ascomycota;c__Sordariomycetes;o__Xylariales;f__Xylariaceae	k__Fungi;p__Ascomycota;c__Sordariomycetes;o__Xylariales;f__Xylariaceae;g__Annulohypoxylon;s__Annulohypoxylon_archeri	underclassification	5
F1-REF	6	0	sortmerna	0.76:0.9:3:0.8:1.0	SH098669.07FU_HF970199_reps	Unassigned	k__Fungi;p__Glomeromycota;c__Glomeromycetes;o__Glomerales;f__Claroideoglomeraceae;g__Claroideoglomus;s__Claroideoglomus_sp	underclassification	0
F1-REF	6	0	sortmerna	0.76:0.9:3:0.8:1.0	SH114460.07FU_DQ223741_refs	k__Fungi;p__Ascomycota;c__Sordariomycetes;o__Xylariales;f__Xylariaceae;g__Hypoxylon;s__Hypoxylon_lateripigmentum	k__Fungi;p__Ascomycota;c__Sordariomycetes;o__Xylariales;f__Xylariaceae;g__Hypoxylon;s__Hypoxylon_kanchanapisekii	overclassification	6
F1-REF	6	0	sortmerna	0.76:0.9:3:0.8:1.0	SH549508.07FU_KJ921871_reps	k__Fungi;p__Ascomycota;c__Lecanoromycetes	k__Fungi;p__Ascomycota;c__Dothideomycetes;o__Dothideales;f__Dothioraceae;g__Aureobasidium;s__Aureobasidium_sp	misclassification	2
F1-REF	6	0	sortmerna	0.76:0.9:3:0.8:1.0	SH079171.07FU_UDB018031_reps	k__Fungi;p__Basidiomycota;c__Agaricomycetes;o__Russulales;f__Russulaceae;g__Lactarius	k__Fungi;p__Basidiomycota;c__Agaricomycetes;o__Russulales;f__Russulaceae;g__Lactarius;s__Lactarius_spinosulus	match	6
F1-REF	6	0	sortmerna	0.76:0.9:3:0.8:1.0	SH119119.07FU_JQ349113_reps	k__Fungi;p__Basidiomycota;c__Agaricomycetes	k__Fungi;p__Basidiomycota;c__Agaricomycetes;o__Russulales;f__Hericiaceae;g__Dentipellis;s__Dentipellis_parmastoi	underclassification	3
F1-REF	6	0	sortmerna	0.76:0.9:3:0.8:1.0	SH084393.07FU_JN942962_reps	k__Fungi;p__Ascomycota;c__Dothideomycetes;o__Pleosporales;f__Lophiostomataceae	k__Fungi;p__Ascomycota;c__Dothideomycetes;o__Pleosporales;f__Lophiostomataceae;g__Lophiostoma;s__Lophiostoma_compressum	underclassification	5
F1-REF	6	0	sortmerna	0.76:0.9:3:0.8:1.0	SH536523.07FU_KJ575607_reps	k__Fungi;p__Basidiomycota;c__Agaricomycetes;o__Agaricales;f__Agaricaceae;g__Agaricus;s__Agaricus_padanus	k__Fungi;p__Basidiomycota;c__Agaricomycetes;o__Agaricales;f__Agaricaceae;g__Agaricus;s__Agaricus_caballeroi	overclassification	6
F1-REF	6	0	sortmerna	0.76:0.9:3:0.8:1.0	SH131538.07FU_FJ809870_refs	k__Fungi;p__Ascomycota;c__Pezizomycetes;o__Pezizales;f__Tuberaceae;g__Tuber	k__Fungi;p__Ascomycota;c__Pezizomycetes;o__Pezizales;f__Tuberaceae;g__Tuber;s__Tuber_gibbosum	match	6
F1-REF	6	0	sortmerna	0.76:0.9:3:0.8:1.0	SH135330.07FU_JX045678_refs	k__Fungi;p__Basidiomycota;c__Agaricomycetes;o__Agaricales;f__Cortinariaceae;g__Cortinarius	k__Fungi;p__Basidiomycota;c__Agaricomycetes;o__Agaricales;f__Cortinariaceae;g__Cortinarius;s__Cortinarius_neosanguineus	match	6
F1-REF	6	0	sortmerna	0.76:0.9:3:0.8:1.0	SH079624.07FU_UDB019639_refs	k__Fungi;p__Basidiomycota;c__Agaricomycetes;o__Agaricales;f__Agaricaceae;g__Macrolepiota	k__Fungi;p__Basidiomycota;c__Agaricomycetes;o__Agaricales;f__Agaricaceae;g__Macrolepiota;s__Macrolepiota_procera	match	6
F1-REF	6	0	sortmerna	0.76:0.9:3:0.8:1.0	SH536986.07FU_KT222400_reps	Unassigned	k__Fungi;p__Ascomycota;c__Orbiliomycetes;o__Orbiliales;f__Orbiliaceae;g__Orbilia;s__Orbilia_asomatica	underclassification	0
F1-REF	6	0	sortmerna	0.76:0.9:3:0.8:1.0	SH077357.07FU_DQ640065_refs	k__Fungi;p__Basidiomycota;c__Microbotryomycetes;o__Microbotryales;f__Microbotryaceae;g__Microbotryum	k__Fungi;p__Basidiomycota;c__Microbotryomycetes;o__Microbotryales;f__Microbotryaceae;g__Microbotryum;s__Microbotryum_violaceum	match	6
F1-REF	6	0	sortmerna	0.76:0.9:3:0.8:1.0	SH112633.07FU_KC732593_reps	k__Fungi;p__Ascomycota;c__Lecanoromycetes;o__Peltigerales;f__Lobariaceae;g__Sticta;s__Sticta_sp	k__Fungi;p__Ascomycota;c__Lecanoromycetes;o__Peltigerales;f__Lobariaceae;g__Sticta;s__Sticta_phyllidiokunthii	overclassification	6
F1-REF	6	0	sortmerna	0.76:0.9:3:0.8:1.0	SH094785.07FU_DQ898187_refs	Unassigned	k__Fungi;p__Ascomycota;c__Pezizomycetes;o__Pezizales;f__Tuberaceae;g__Tuber;s__Tuber_zhongdianense	underclassification	0
F1-REF	6	0	sortmerna	0.76:0.9:3:0.8:1.0	SH135128.07FU_JQ279588_refs	k__Fungi;p__Basidiomycota;c__Agaricomycetes	k__Fungi;p__Basidiomycota;c__Agaricomycetes;o__Hymenochaetales;f__Hymenochaetaceae;g__Hymenochaete;s__Hymenochaete_tropica	underclassification	3
F1-REF	6	0	sortmerna	0.76:0.9:3:0.8:1.0	SH077354.07FU_JN000071_refs	k__Fungi;p__Basidiomycota;c__Microbotryomycetes;o__Microbotryales;f__Microbotryaceae;g__Microbotryum;s__Microbotryum_coronariae	k__Fungi;p__Basidiomycota;c__Microbotryomycetes;o__Microbotryales;f__Microbotryaceae;g__Microbotryum;s__Microbotryum_silenes-saxifragae	overclassification	6
F1-REF	6	0	sortmerna	0.76:0.9:3:0.8:1.0	SH102004.07FU_KF435834_reps	k__Fungi;p__Ascomycota;c__Sordariomycetes;o__Xylariales;f__Xylariaceae;g__Hypoxylon;s__Hypoxylon_trugodes	k__Fungi;p__Ascomycota;c__Sordariomycetes;o__Xylariales;f__Xylariaceae;g__Hypoxylon;s__Hypoxylon_anthochroum	overclassification	6
F1-REF	6	0	sortmerna	0.76:0.9:3:0.8:1.0	SH083972.07FU_GQ919280_reps	Unassigned	k__Fungi;p__Ascomycota;c__Lecanoromycetes;o__Lecanorales;f__Parmeliaceae;g__Remototrachyna;s__Remototrachyna_kingii	underclassification	0
F1-REF	6	0	sortmerna	0.76:0.9:3:0.8:1.0	SH097828.07FU_EU561489_reps	k__Fungi;p__Basidiomycota;c__Agaricomycetes	k__Fungi;p__Basidiomycota;c__Agaricomycetes;o__Agaricales;f__Agaricaceae;g__Leucoagaricus;s__Leucoagaricus_sp	underclassification	3
F1-REF	6	0	sortmerna	0.76:0.9:3:0.8:1.0	SH095181.07FU_KF727432_reps	Unassigned	k__Fungi;p__Basidiomycota;c__Agaricomycetes;o__Polyporales;f__Fomitopsidaceae;g__Postia;s__Postia_guttulata	underclassification	0
F1-REF	6	0	sortmerna	0.76:0.9:3:0.8:1.0	SH077313.07FU_JN113589_reps	Unassigned	k__Fungi;p__Basidiomycota;c__Agaricomycetes;o__Agaricales;f__Inocybaceae;g__Crepidotus;s__Crepidotus_sp	underclassification	0
F1-REF	6	0	sortmerna	0.76:0.9:3:0.8:1.0	SH100032.07FU_JX982417_reps	Unassigned	k__Fungi;p__Ascomycota;c__Dothideomycetes;o__Pleosporales;f__Pleosporaceae;g__Drechslera;s__Drechslera_sp	underclassification	0
F1-REF	6	0	sortmerna	0.76:0.9:3:0.8:1.0	SH091142.07FU_AM747520_refs	k__Fungi;p__Basidiomycota;c__Agaricomycetes;o__Boletales	k__Fungi;p__Basidiomycota;c__Agaricomycetes;o__Boletales;f__Coniophoraceae;g__Coniophora;s__Coniophora_olivacea	underclassification	4
F1-REF	6	0	sortmerna	0.76:0.9:3:0.8:1.0	SH548285.07FU_LC014564_reps	Unassigned	k__Fungi;p__Ascomycota;c__Dothideomycetes;o__Pleosporales;f__Massarinaceae;g__Keissleriella;s__Keissleriella_taminensis	underclassification	0
F1-REF	6	0	sortmerna	0.76:0.9:3:0.8:1.0	SH135483.07FU_UDB015931_reps	k__Fungi;p__Basidiomycota;c__Agaricomycetes;o__Agaricales;f__Cortinariaceae;g__Cortinarius	k__Fungi;p__Basidiomycota;c__Agaricomycetes;o__Agaricales;f__Cortinariaceae;g__Cortinarius;s__Cortinarius_dalecarlicus	match	6
F1-REF	6	0	sortmerna	0.76:0.9:3:0.8:1.0	SH129915.07FU_UDB000094_reps	k__Fungi	k__Fungi;p__Ascomycota;c__Pezizomycetes;o__Pezizales;f__Pyronemataceae;g__Genea;s__Genea_verrucosa	underclassification	1
F1-REF	6	0	sortmerna	0.76:0.9:3:0.8:1.0	SH095060.07FU_KF644365_reps	k__Fungi;p__Ascomycota;c__Lecanoromycetes;o__Lecanorales;f__Stereocaulaceae;g__Stereocaulon;s__Stereocaulon_verruculigerum	k__Fungi;p__Ascomycota;c__Lecanoromycetes;o__Lecanorales;f__Stereocaulaceae;g__Stereocaulon;s__Stereocaulon_japonicum	overclassification	6
F1-REF	6	0	sortmerna	0.76:0.9:3:0.8:1.0	SH107597.07FU_U66442_reps	k__Fungi;p__Basidiomycota;c__Agaricomycetes	k__Fungi;p__Basidiomycota;c__Agaricomycetes;o__Agaricales;f__Tricholomataceae;g__Arrhenia;s__Arrhenia_epichysium	underclassification	3
F1-REF	6	0	sortmerna	0.76:0.9:3:0.8:1.0	SH111281.07FU_UDB005834_reps	k__Fungi;p__Basidiomycota;c__Agaricomycetes;o__Russulales;f__Russulaceae	k__Fungi;p__Basidiomycota;c__Agaricomycetes;o__Russulales;f__Russulaceae;g__Russula;s__Russula_praetervisa	underclassification	5
F1-REF	6	0	sortmerna	0.76:0.9:3:0.8:1.0	SH109869.07FU_UDB015458_refs	Unassigned	k__Fungi;p__Basidiomycota;c__Agaricomycetes;o__Agaricales;f__Agaricaceae;g__Cystolepiota;s__Cystolepiota_bucknallii	underclassification	0
F1-REF	6	0	sortmerna	0.76:0.9:3:0.8:1.0	SH104183.07FU_AB267639_reps	k__Fungi;p__Ascomycota;c__Leotiomycetes;o__Helotiales;f__Rutstroemiaceae;g__Scleromitrula	k__Fungi;p__Ascomycota;c__Leotiomycetes;o__Helotiales;f__Hyaloscyphaceae;g__Lachnum;s__Lachnum_abnorme	misclassification	4
F1-REF	6	0	sortmerna	0.76:0.9:3:0.8:1.0	SH123219.07FU_AJ292388_refs	k__Fungi;p__Ascomycota;c__Sordariomycetes;o__Hypocreales;f__Cordycipitaceae;g__Lecanicillium	k__Fungi;p__Ascomycota;c__Sordariomycetes;o__Hypocreales;f__Cordycipitaceae;g__Lecanicillium;s__Lecanicillium_muscarium	match	6
F1-REF	6	0	sortmerna	0.76:0.9:3:0.8:1.0	SH098832.07FU_JF740239_refs	k__Fungi;p__Ascomycota;c__Dothideomycetes;o__Pleosporales;f__Leptosphaeriaceae	k__Fungi;p__Ascomycota;c__Dothideomycetes;o__Pleosporales;f__Leptosphaeriaceae;g__Paraleptosphaeria;s__Paraleptosphaeria_nitschkei	underclassification	5
F1-REF	6	0	sortmerna	0.76:0.9:3:0.8:1.0	SH119855.07FU_AF193369_reps	Unassigned	k__Fungi;p__Basidiomycota;c__Agaricomycetes;o__Agaricales;f__Typhulaceae;g__Typhula;s__Typhula_ishikariensis	underclassification	0
F1-REF	6	0	sortmerna	0.76:0.9:3:0.8:1.0	SH130743.07FU_DQ278931_refs	k__Fungi;p__Basidiomycota;c__Agaricomycetes;o__Cantharellales;f__Ceratobasidiaceae;g__Thanatephorus;s__Thanatephorus_cucumeris	k__Fungi;p__Basidiomycota;c__Agaricomycetes;o__Cantharellales;f__Ceratobasidiaceae;g__Ceratobasidium;s__Ceratobasidium_ramicola	misclassification	5
F1-REF	6	0	sortmerna	0.76:0.9:3:0.8:1.0	SH084176.07FU_JN084054_reps	Unassigned	k__Fungi;p__Ascomycota;c__Lecanoromycetes;o__Lecanorales;f__Ramalinaceae;g__Ramalina;s__Ramalina_sinensis	underclassification	0
F1-REF	6	0	sortmerna	0.76:0.9:3:0.8:1.0	SH096781.07FU_UDB017852_refs	k__Fungi;p__Basidiomycota;c__Agaricomycetes;o__Agaricales;f__Agaricaceae;g__Lepiota;s__Lepiota_sp	k__Fungi;p__Basidiomycota;c__Agaricomycetes;o__Agaricales;f__Agaricaceae;g__Leucocoprinus;s__Leucocoprinus_cretaceus	misclassification	5
F1-REF	6	0	sortmerna	0.76:0.9:3:0.8:1.0	SH090525.07FU_AY745019_reps	k__Fungi;p__Ascomycota;c__Sordariomycetes;o__Diaporthales;f__Diaporthaceae	k__Fungi;p__Ascomycota;c__Sordariomycetes;o__Diaporthales;f__Diaporthaceae;g__Phomopsis;s__Phomopsis_cuppatea	underclassification	5
F1-REF	6	0	sortmerna	0.76:0.9:3:0.8:1.0	SH127586.07FU_HQ445176_reps	k__Fungi;p__Basidiomycota;c__Agaricomycetes;o__Agaricales	k__Fungi;p__Basidiomycota;c__Agaricomycetes;o__Agaricales;f__Strophariaceae;g__Hebeloma;s__Hebeloma_sp	underclassification	4
F1-REF	6	0	sortmerna	0.76:0.9:3:0.8:1.0	SH100119.07FU_HM046909_reps	Unassigned	k__Fungi;p__Basidiomycota;c__Agaricomycetes;o__Corticiales;f__Corticiaceae;g__Vuilleminia;s__Vuilleminia_cystidiata	underclassification	0
F1-REF	6	0	sortmerna	0.76:0.9:3:0.8:1.0	SH077481.07FU_EU141947_reps	Unassigned	k__Fungi;p__Basidiomycota;c__Agaricomycetes;o__Agaricales;f__Agaricaceae;g__Lepiota;s__Lepiota_oculata	underclassification	0
F1-REF	6	0	sortmerna	0.76:0.9:3:0.8:1.0	SH135446.07FU_FJ039601_reps	k__Fungi;p__Basidiomycota;c__Agaricomycetes;o__Agaricales;f__Cortinariaceae;g__Cortinarius	k__Fungi;p__Basidiomycota;c__Agaricomycetes;o__Agaricales;f__Cortinariaceae;g__Cortinarius;s__Cortinarius_olivaceoluteus	match	6
F1-REF	6	0	sortmerna	0.76:0.9:3:0.8:1.0	SH127949.07FU_JQ518277_reps	Unassigned	k__Fungi;p__Basidiomycota;c__Agaricomycetes;o__Polyporales;f__Polyporaceae;g__Skeletocutis;s__Skeletocutis_amorpha	underclassification	0
F1-REF	6	0	sortmerna	0.76:0.9:3:0.8:1.0	SH111563.07FU_UDB016931_refs	Unassigned	k__Fungi;p__Basidiomycota;c__Agaricomycetes;o__Russulales;f__Russulaceae;g__Lactifluus;s__Lactifluus_flammans	underclassification	0
F1-REF	6	0	sortmerna	0.76:0.9:3:0.8:1.0	SH076589.07FU_HF567939_reps	k__Fungi;p__Glomeromycota;c__Glomeromycetes;o__Diversisporales;f__Acaulosporaceae;g__Acaulospora	k__Fungi;p__Glomeromycota;c__Glomeromycetes;o__Diversisporales;f__Acaulosporaceae;g__Acaulospora;s__Acaulospora_pustulata	match	6
F1-REF	6	0	sortmerna	0.76:0.9:3:0.8:1.0	SH088241.07FU_AF062939_refs	Unassigned	k__Fungi;p__Basidiomycota;c__Agaricomycetes;o__Boletales;f__Rhizopogonaceae;g__Rhizopogon;s__Rhizopogon_occidentalis	underclassification	0
F1-REF	6	0	sortmerna	0.76:0.9:3:0.8:1.0	SH111279.07FU_JQ622351_reps	k__Fungi;p__Basidiomycota;c__Agaricomycetes;o__Russulales;f__Russulaceae;g__Russula;s__Russula_sp	k__Fungi;p__Basidiomycota;c__Agaricomycetes;o__Russulales;f__Russulaceae;g__Russula;s__Russula_pectinatoides	overclassification	6
F1-REF	6	0	sortmerna	0.76:0.9:3:0.8:1.0	SH111162.07FU_KF688963_reps	k__Fungi;p__Ascomycota;c__Lecanoromycetes;o__Lecanorales;f__Parmeliaceae	k__Fungi;p__Ascomycota;c__Lecanoromycetes;o__Lecanorales;f__Parmeliaceae;g__Austroparmelina;s__Austroparmelina_norpruinata	underclassification	5
F1-REF	6	0	sortmerna	0.76:0.9:3:0.8:1.0	SH077735.07FU_KC898443_reps	k__Fungi;p__Basidiomycota;c__Agaricomycetes;o__Agaricales;f__Entolomataceae;g__Entoloma	k__Fungi;p__Basidiomycota;c__Agaricomycetes;o__Agaricales;f__Entolomataceae;g__Entoloma;s__Entoloma_insidiosum	match	6
F1-REF	6	0	sortmerna	0.76:0.9:3:0.8:1.0	SH105870.07FU_AY220824_reps	k__Fungi;p__Ascomycota;c__Pezizomycetes;o__Pezizales;f__Pyronemataceae;g__Scutellinia;s__Scutellinia_barlae	k__Fungi;p__Ascomycota;c__Pezizomycetes;o__Pezizales;f__Pyronemataceae;g__Scutellinia;s__Scutellinia_subhirtella	overclassification	6
F1-REF	6	0	sortmerna	0.76:0.9:3:0.8:1.0	SH134857.07FU_FJ904126_refs	Unassigned	k__Fungi;p__Basidiomycota;c__Agaricomycetes;o__Agaricales;f__Inocybaceae;g__Inocybe;s__Inocybe_dulcamaroides	underclassification	0
F1-REF	6	0	sortmerna	0.76:0.9:3:0.8:1.0	SH542497.07FU_LN810857_reps	k__Fungi;p__Ascomycota	k__Fungi;p__Ascomycota;c__Lecanoromycetes;o__Acarosporales;f__Acarosporaceae;g__Sarcogyne;s__Sarcogyne_sp	underclassification	2
F1-REF	6	0	sortmerna	0.76:0.9:3:0.8:1.0	SH118596.07FU_EF626950_refs	k__Fungi;p__Ascomycota	k__Fungi;p__Ascomycota;c__Eurotiomycetes;o__Eurotiales;f__Trichocomaceae;g__Penicillium;s__Penicillium_cinnamopurpureum	underclassification	2
F1-REF	6	0	sortmerna	0.76:0.9:3:0.8:1.0	SH544409.07FU_KU165785_reps	k__Fungi;p__Basidiomycota;c__Agaricomycetes;o__Russulales;f__Albatrellaceae;g__Jahnoporus;s__Jahnoporus_hirtus	k__Fungi;p__Basidiomycota;c__Agaricomycetes;o__Russulales;f__Albatrellaceae;g__Jahnoporus;s__Jahnoporus_oreinus	overclassification	6
F1-REF	6	0	sortmerna	0.76:0.9:3:0.8:1.0	SH090467.07FU_JF431301_refs	k__Fungi;p__Ascomycota;c__Sordariomycetes;o__Diaporthales;f__Diaporthaceae;g__Diaporthe	k__Fungi;p__Ascomycota;c__Sordariomycetes;o__Diaporthales;f__Diaporthaceae;g__Diaporthe;s__Diaporthe_kongii	match	6
F1-REF	6	0	sortmerna	0.76:0.9:3:0.8:1.0	SH133713.07FU_AF366391_refs	k__Fungi;p__Basidiomycota;c__Agaricomycetes;o__Boletales;f__Rhizopogonaceae;g__Rhizopogon	k__Fungi;p__Basidiomycota;c__Agaricomycetes;o__Boletales;f__Rhizopogonaceae;g__Rhizopogon;s__Rhizopogon_vesiculosus	match	6
F1-REF	6	0	sortmerna	0.76:0.9:3:0.8:1.0	SH540558.07FU_KF917546_reps	k__Fungi;p__Basidiomycota;c__Agaricomycetes;o__Hymenochaetales;f__Schizoporaceae	k__Fungi;p__Basidiomycota;c__Agaricomycetes;o__Hymenochaetales;f__Schizoporaceae;g__Hyphodontia;s__Hyphodontia_rhizomorpha	underclassification	5
F1-REF	6	0	sortmerna	0.76:0.9:3:0.8:1.0	SH080696.07FU_EU330945_refs	k__Fungi;p__Ascomycota;c__Sordariomycetes;o__Hypocreales;f__Hypocreaceae;g__Trichoderma	k__Fungi;p__Ascomycota;c__Sordariomycetes;o__Hypocreales;f__Hypocreaceae;g__Trichoderma;s__Trichoderma_turrialbense	match	6
F1-REF	6	0	sortmerna	0.76:0.9:3:0.8:1.0	SH092689.07FU_JQ781858_refs	k__Fungi;p__Basidiomycota;c__Agaricomycetes;o__Polyporales;f__Ganodermataceae;g__Ganoderma	k__Fungi;p__Basidiomycota;c__Agaricomycetes;o__Polyporales;f__Ganodermataceae;g__Ganoderma;s__Ganoderma_sichuanense	match	6
F1-REF	6	0	sortmerna	0.76:0.9:3:0.8:1.0	SH115748.07FU_GU723408_reps	k__Fungi;p__Ascomycota;c__Lecanoromycetes;o__Teloschistales;f__Teloschistaceae;g__Caloplaca;s__Caloplaca_bicolor	k__Fungi;p__Ascomycota;c__Lecanoromycetes;o__Teloschistales;f__Teloschistaceae;g__Caloplaca;s__Caloplaca_aractina	overclassification	6
F1-REF	6	0	sortmerna	0.76:0.9:3:0.8:1.0	SH545339.07FU_KM010066_reps	Unassigned	k__Fungi;p__Ascomycota;c__Pezizomycetes;o__Pezizales;f__Pyronemataceae;g__Otidea;s__Otidea_alutacea	underclassification	0
F1-REF	6	0	sortmerna	0.76:0.9:3:0.8:1.0	SH091023.07FU_AY513225_reps	k__Fungi;p__Basidiomycota;c__Agaricomycetes;o__Russulales;f__Auriscalpiaceae;g__Lentinellus;s__Lentinellus_sublineolatus	k__Fungi;p__Basidiomycota;c__Agaricomycetes;o__Russulales;f__Auriscalpiaceae;g__Lentinellus;s__Lentinellus_cochleatus	overclassification	6
F1-REF	6	0	sortmerna	0.76:0.9:3:0.8:1.0	SH077123.07FU_DQ182531_reps	k__Fungi;p__Basidiomycota;c__Agaricomycetes;o__Agaricales;f__Agaricaceae;g__Agaricus;s__Agaricus_campestris	k__Fungi;p__Basidiomycota;c__Agaricomycetes;o__Agaricales;f__Agaricaceae;g__Agaricus;s__Agaricus_boisseletii	overclassification	6
F1-REF	6	0	sortmerna	0.76:0.9:3:0.8:1.0	SH076406.07FU_AJ010038_reps	Unassigned	k__Fungi;p__Ascomycota;c__Sordariomycetes;o__Magnaporthales;f__Magnaporthaceae;g__Gaeumannomyces;s__Gaeumannomyces_sp	underclassification	0
F1-REF	6	0	sortmerna	0.76:0.9:3:0.8:1.0	SH080743.07FU_JQ685871_refs	k__Fungi;p__Ascomycota;c__Sordariomycetes;o__Hypocreales;f__Hypocreaceae;g__Trichoderma	k__Fungi;p__Ascomycota;c__Sordariomycetes;o__Hypocreales;f__Hypocreaceae;g__Trichoderma;s__Trichoderma_foliicola	match	6
F1-REF	6	0	sortmerna	0.76:0.9:3:0.8:1.0	SH133395.07FU_JX625303_reps	k__Fungi;p__Basidiomycota;c__Agaricomycetes;o__Russulales;f__Russulaceae;g__Russula;s__Russula_sp	k__Fungi;p__Basidiomycota;c__Agaricomycetes;o__Russulales;f__Russulaceae;g__Russula;s__Russula_livescens	overclassification	6
F1-REF	6	0	sortmerna	0.76:0.9:3:0.8:1.0	SH116562.07FU_AY752162_reps	k__Fungi;p__Ascomycota;c__Dothideomycetes;o__Capnodiales;f__Mycosphaerellaceae	k__Fungi;p__Ascomycota;c__Dothideomycetes;o__Capnodiales;f__Mycosphaerellaceae;g__Passalora;s__Passalora_perplexa	underclassification	5
F1-REF	6	0	sortmerna	0.76:0.9:3:0.8:1.0	SH090224.07FU_UDB000897_refs	k__Fungi;p__Basidiomycota;c__Agaricomycetes;o__Russulales;f__Russulaceae;g__Russula	k__Fungi;p__Basidiomycota;c__Agaricomycetes;o__Russulales;f__Russulaceae;g__Russula;s__Russula_postiana	match	6
F1-REF	6	0	sortmerna	0.76:0.9:3:0.8:1.0	SH082168.07FU_JQ700281_refs	k__Fungi;p__Basidiomycota;c__Agaricomycetes;o__Polyporales;f__Fomitopsidaceae	k__Fungi;p__Basidiomycota;c__Agaricomycetes;o__Polyporales;f__Fomitopsidaceae;g__Antrodia;s__Antrodia_leucaena	underclassification	5
F1-REF	6	0	sortmerna	0.76:0.9:3:0.8:1.0	SH133638.07FU_JF313664_reps	k__Fungi;p__Basidiomycota;c__Agaricomycetes;o__Agaricales;f__Amanitaceae;g__Amanita;s__Amanita_porphyria	k__Fungi;p__Basidiomycota;c__Agaricomycetes;o__Agaricales;f__Amanitaceae;g__Amanita;s__Amanita_lavendula	overclassification	6
F1-REF	6	0	sortmerna	0.76:0.9:3:0.8:1.0	SH087108.07FU_EU706323_refs	k__Fungi;p__Basidiomycota;c__Agaricomycetes;o__Boletales;f__Gomphidiaceae;g__Chroogomphus;s__Chroogomphus_rutilus	k__Fungi;p__Basidiomycota;c__Agaricomycetes;o__Boletales;f__Gomphidiaceae;g__Chroogomphus;s__Chroogomphus_filiformis	overclassification	6
F1-REF	6	0	sortmerna	0.76:0.9:3:0.8:1.0	SH127432.07FU_JN616444_reps	k__Fungi;p__Basidiomycota;c__Agaricomycetes;o__Agaricales;f__Tricholomataceae;g__Melanoleuca;s__Melanoleuca_strictipes	k__Fungi;p__Basidiomycota;c__Agaricomycetes;o__Agaricales;f__Tricholomataceae;g__Melanoleuca;s__Melanoleuca_polioleuca	overclassification	6
F1-REF	6	0	sortmerna	0.76:0.9:3:0.8:1.0	SH132847.07FU_JN159579_reps	k__Fungi;p__Basidiomycota;c__Agaricomycetes;o__Agaricales;f__Psathyrellaceae;g__Coprinellus;s__Coprinellus_domesticus	k__Fungi;p__Basidiomycota;c__Agaricomycetes;o__Agaricales;f__Psathyrellaceae;g__Coprinellus;s__Coprinellus_radians	overclassification	6
F1-REF	6	0	sortmerna	0.76:0.9:3:0.8:1.0	SH096988.07FU_JX104677_reps	Unassigned	k__Fungi;p__Basidiomycota;c__Agaricomycetes;o__Hymenochaetales;f__Hymenochaetaceae;g__Fulvifomes;s__Fulvifomes_sp	underclassification	0
F1-REF	6	0	sortmerna	0.76:0.9:3:0.8:1.0	SH094384.07FU_HF674541_reps	k__Fungi;p__Basidiomycota;c__Agaricomycetes;o__Agaricales;f__Cortinariaceae;g__Cortinarius	k__Fungi;p__Basidiomycota;c__Agaricomycetes;o__Agaricales;f__Cortinariaceae;g__Cortinarius;s__Cortinarius_subtilis	match	6
F1-REF	6	0	sortmerna	0.76:0.9:3:0.8:1.0	SH098727.07FU_AF444402_refs	k__Fungi;p__Basidiomycota;c__Tremellomycetes;o__Cystofilobasidiales;f__Cystofilobasidiaceae	k__Fungi;p__Basidiomycota;c__Tremellomycetes;o__Cystofilobasidiales;f__Cystofilobasidiaceae;g__Udeniomyces;s__Udeniomyces_pyricola	underclassification	5
F1-REF	6	0	sortmerna	0.76:0.9:3:0.8:1.0	SH126566.07FU_FM876799_reps	k__Fungi;p__Glomeromycota;c__Glomeromycetes;o__Diversisporales;f__Gigasporaceae	k__Fungi;p__Glomeromycota;c__Glomeromycetes;o__Diversisporales;f__Gigasporaceae;g__Gigaspora;s__Gigaspora_sp	underclassification	5
F1-REF	6	0	sortmerna	0.76:0.9:3:0.8:1.0	SH127332.07FU_AY263446_refs	k__Fungi;p__Basidiomycota;c__Agaricomycetes;o__Agaricales;f__Omphalotaceae	k__Fungi;p__Basidiomycota;c__Agaricomycetes;o__Agaricales;f__Omphalotaceae;g__Gymnopus;s__Gymnopus_nonnullus	underclassification	5
F1-REF	6	0	sortmerna	0.76:0.9:3:0.8:1.0	SH087793.07FU_AJ537577_reps	Unassigned	k__Fungi;p__Ascomycota;c__Sordariomycetes;o__Hypocreales;f__Clavicipitaceae;g__Claviceps;s__Claviceps_pusilla	underclassification	0
F1-REF	6	0	sortmerna	0.76:0.9:3:0.8:1.0	SH106662.07FU_EU879148_reps	k__Fungi;p__Ascomycota;c__Sordariomycetes;o__Ophiostomatales;f__Ophiostomataceae	k__Fungi;p__Ascomycota;c__Sordariomycetes;o__Ophiostomatales;f__Ophiostomataceae;g__Grosmannia;s__Grosmannia_huntii	underclassification	5
F1-REF	6	0	sortmerna	0.76:0.9:3:0.8:1.0	SH135263.07FU_FJ157053_reps	k__Fungi;p__Basidiomycota;c__Agaricomycetes;o__Agaricales;f__Cortinariaceae;g__Cortinarius	k__Fungi;p__Basidiomycota;c__Agaricomycetes;o__Agaricales;f__Cortinariaceae;g__Cortinarius;s__Cortinarius_limonius	match	6
F1-REF	6	0	sortmerna	0.76:0.9:3:0.8:1.0	SH119707.07FU_JX434652_reps	Unassigned	k__Fungi;p__Basidiomycota;c__Agaricomycetes;o__Agaricales;f__Agaricaceae;g__Chlorophyllum;s__Chlorophyllum_sp	underclassification	0
F1-REF	6	0	sortmerna	0.76:0.9:3:0.8:1.0	SH077036.07FU_DQ182513_reps	k__Fungi;p__Basidiomycota;c__Agaricomycetes;o__Agaricales;f__Agaricaceae;g__Agaricus	k__Fungi;p__Basidiomycota;c__Agaricomycetes;o__Agaricales;f__Agaricaceae;g__Agaricus;s__Agaricus_hondensis	match	6
F1-REF	6	0	sortmerna	0.76:0.9:3:0.8:1.0	SH538969.07FU_KM598443_reps	k__Fungi;p__Basidiomycota;c__Agaricomycetes;o__Trechisporales;f__Hydnodontaceae;g__Sistotremastrum;s__Sistotremastrum_sp	k__Fungi;p__Basidiomycota;c__Agaricomycetes;o__Polyporales;f__Polyporaceae;g__Tyromyces;s__Tyromyces_sp	misclassification	3
F1-REF	6	0	sortmerna	0.76:0.9:3:0.8:1.0	SH089244.07FU_UDB016713_refs	k__Fungi;p__Basidiomycota;c__Agaricomycetes;o__Thelephorales;f__Thelephoraceae	k__Fungi;p__Basidiomycota;c__Agaricomycetes;o__Thelephorales;f__Thelephoraceae;g__Tomentella;s__Tomentella_parmastoana	underclassification	5
F1-REF	6	0	sortmerna	0.76:0.9:3:0.8:1.0	SH109157.07FU_DQ092505_reps	k__Fungi;p__Ascomycota	k__Fungi;p__Ascomycota;c__Dothideomycetes;o__Pleosporales;f__Leptosphaeriaceae;g__Coniothyrium;s__Coniothyrium_sp	underclassification	2
F1-REF	6	0	sortmerna	0.76:0.9:3:0.8:1.0	SH088807.07FU_GQ292749_refs	Unassigned	k__Fungi;p__Ascomycota;c__Dothideomycetes;o__Pleosporales;f__Sporormiaceae;g__Preussia;s__Preussia_polymorpha	underclassification	0
F1-REF	6	0	sortmerna	0.76:0.9:3:0.8:1.0	SH098269.07FU_LT000112_reps	Unassigned	k__Fungi;p__Basidiomycota;c__Agaricomycetes;o__Agaricales;f__Tricholomataceae;g__Tricholoma;s__Tricholoma_sulphurescens	underclassification	0
F1-REF	6	0	sortmerna	0.76:0.9:3:0.8:1.0	SH093352.07FU_KC176337_reps	k__Fungi;p__Basidiomycota;c__Agaricomycetes	k__Fungi;p__Basidiomycota;c__Agaricomycetes;o__Agaricales;f__Strophariaceae;g__Psilocybe;s__Psilocybe_inquilina	underclassification	3
F1-REF	6	0	sortmerna	0.76:0.9:3:0.8:1.0	SH093148.07FU_AB453879_refs	k__Fungi;p__Ascomycota;c__Dothideomycetes;o__Pleosporales;f__Pleosporaceae;g__Curvularia	k__Fungi;p__Ascomycota;c__Dothideomycetes;o__Pleosporales;f__Pleosporaceae;g__Curvularia;s__Curvularia_pseudorobusta	match	6
F1-REF	6	0	sortmerna	0.76:0.9:3:0.8:1.0	SH103508.07FU_AJ302426_reps	k__Fungi;p__Ascomycota;c__Sordariomycetes;o__Xylariales;f__Diatrypaceae;g__Eutypa	k__Fungi;p__Ascomycota;c__Sordariomycetes;o__Xylariales;f__Diatrypaceae;g__Eutypa;s__Eutypa_flavovirens	match	6
F1-REF	6	0	sortmerna	0.76:0.9:3:0.8:1.0	SH079789.07FU_UDB020782_reps	k__Fungi;p__Basidiomycota;c__Agaricomycetes;o__Agaricales;f__Strophariaceae;g__Galerina;s__Galerina_sphagnorum	k__Fungi;p__Basidiomycota;c__Agaricomycetes;o__Agaricales;f__Strophariaceae;g__Galerina;s__Galerina_allospora	overclassification	6
F1-REF	6	0	sortmerna	0.76:0.9:3:0.8:1.0	SH110791.07FU_JX623943_reps	Unassigned	k__Fungi;p__Basidiomycota;c__Agaricomycetes;o__Polyporales;f__Phanerochaetaceae;g__Ceriporia;s__Ceriporia_pseudocystidiata	underclassification	0
F1-REF	6	0	sortmerna	0.76:0.9:3:0.8:1.0	SH092910.07FU_FJ664855_reps	k__Fungi;p__Ascomycota;c__Eurotiomycetes;o__Verrucariales;f__Verrucariaceae;g__Verrucaria;s__Verrucaria_margacea	k__Fungi;p__Ascomycota;c__Eurotiomycetes;o__Verrucariales;f__Verrucariaceae;g__Verrucaria;s__Verrucaria_sp	overclassification	6
F1-REF	6	0	sortmerna	0.76:0.9:3:0.8:1.0	SH112972.07FU_DQ394371_reps	Unassigned	k__Fungi;p__Ascomycota;c__Lecanoromycetes;o__Peltigerales;f__Lobariaceae;g__Lobaria;s__Lobaria_spathulata	underclassification	0
F1-REF	6	0	sortmerna	0.76:0.9:3:0.8:1.0	SH547144.07FU_UDB025659_reps	Unassigned	k__Fungi;p__Basidiomycota;c__Agaricomycetes;o__Russulales;f__Stephanosporaceae;g__Lindtneria;s__Lindtneria_flava	underclassification	0
F1-REF	6	0	sortmerna	0.76:0.9:3:0.8:1.0	SH110081.07FU_UDB000004_reps	k__Fungi;p__Basidiomycota;c__Agaricomycetes;o__Russulales;f__Russulaceae	k__Fungi;p__Basidiomycota;c__Agaricomycetes;o__Russulales;f__Russulaceae;g__Russula;s__Russula_grata	underclassification	5
F1-REF	6	0	sortmerna	0.76:0.9:3:0.8:1.0	SH545797.07FU_KT453764_reps	k__Fungi;p__Ascomycota;c__Lecanoromycetes;o__Lecanorales;f__Lecanoraceae;g__Lecidella;s__Lecidella_greenii	k__Fungi;p__Ascomycota;c__Lecanoromycetes;o__Lecanorales;f__Lecanoraceae;g__Lecidella;s__Lecidella_stigmatea	overclassification	6
F1-REF	6	0	sortmerna	0.76:0.9:3:0.8:1.0	SH097730.07FU_EU910057_refs	k__Fungi;p__Basidiomycota;c__Exobasidiomycetes;o__Tilletiales;f__Tilletiaceae;g__Tilletia	k__Fungi;p__Basidiomycota;c__Exobasidiomycetes;o__Tilletiales;f__Tilletiaceae;g__Tilletia;s__Tilletia_puccinelliae	match	6
F1-REF	6	0	sortmerna	0.76:0.9:3:0.8:1.0	SH099087.07FU_EU266088_refs	k__Fungi;p__Ascomycota;c__Lecanoromycetes;o__Umbilicariales;f__Umbilicariaceae;g__Umbilicaria;s__Umbilicaria_aprina	k__Fungi;p__Ascomycota;c__Lecanoromycetes;o__Umbilicariales;f__Umbilicariaceae;g__Umbilicaria;s__Umbilicaria_hirsuta	overclassification	6
F1-REF	6	0	sortmerna	0.76:0.9:3:0.8:1.0	SH549516.07FU_LC042520_reps	Unassigned	k__Fungi;p__Ascomycota;c__Sordariomycetes;o__Hypocreales;f__Ophiocordycipitaceae;g__Ophiocordyceps;s__Ophiocordyceps_tricentri	underclassification	0
F1-REF	6	0	sortmerna	0.76:0.9:3:0.8:1.0	SH090105.07FU_UDB015498_refs	k__Fungi;p__Basidiomycota;c__Agaricomycetes;o__Agaricales;f__Agaricaceae;g__Echinoderma;s__Echinoderma_asperum	k__Fungi;p__Basidiomycota;c__Agaricomycetes;o__Agaricales;f__Agaricaceae;g__Echinoderma;s__Echinoderma_echinaceum	overclassification	6
F1-REF	6	0	sortmerna	0.76:0.9:3:0.8:1.0	SH103816.07FU_UDB011856_reps	Unassigned	k__Fungi;p__Basidiomycota;c__Agaricomycetes;o__Agaricales;f__Hygrophoraceae;g__Gliophorus;s__Gliophorus_laetus	underclassification	0
F1-REF	6	0	sortmerna	0.76:0.9:3:0.8:1.0	SH107436.07FU_EU523559_reps	Unassigned	k__Fungi;p__Basidiomycota;c__Agaricomycetes;o__Agaricales;f__Inocybaceae;g__Inocybe;s__Inocybe_hirtella	underclassification	0
F1-REF	6	0	sortmerna	0.76:0.9:3:0.8:1.0	SH118874.07FU_UDB011786_refs	Unassigned	k__Fungi;p__Basidiomycota;c__Agaricomycetes;o__Agaricales;f__Lyophyllaceae;g__Rugosomyces;s__Rugosomyces_ionides	underclassification	0
F1-REF	6	0	sortmerna	0.76:0.9:3:0.8:1.0	SH133269.07FU_UDB015272_reps	k__Fungi;p__Basidiomycota;c__Agaricomycetes;o__Agaricales;f__Mycenaceae;g__Mycena;s__Mycena_purpureofusca	k__Fungi;p__Basidiomycota;c__Agaricomycetes;o__Agaricales;f__Mycenaceae;g__Mycena;s__Mycena_niveipes	overclassification	6
F1-REF	6	0	sortmerna	0.76:0.9:3:0.8:1.0	SH119805.07FU_EU326157_reps	k__Fungi;p__Basidiomycota;c__Agaricomycetes;o__Agaricales;f__Inocybaceae;g__Inocybe	k__Fungi;p__Basidiomycota;c__Agaricomycetes;o__Agaricales;f__Inocybaceae;g__Inocybe;s__Inocybe_substraminipes	match	6
F1-REF	6	0	sortmerna	0.76:0.9:3:0.8:1.0	SH088304.07FU_AF519893_refs	k__Fungi;p__Basidiomycota;c__Agaricomycetes;o__Agaricales;f__Omphalotaceae;g__Gymnopus	k__Fungi;p__Basidiomycota;c__Agaricomycetes;o__Agaricales;f__Omphalotaceae;g__Gymnopus;s__Gymnopus_androsaceus	match	6
F1-REF	6	0	sortmerna	0.76:0.9:3:0.8:1.0	SH128033.07FU_DQ365600_reps	Unassigned	k__Fungi;p__Basidiomycota;c__Agaricomycetes;o__Gomphales;f__Gomphaceae;g__Ramaria;s__Ramaria_pinicola	underclassification	0
F1-REF	6	0	sortmerna	0.76:0.9:3:0.8:1.0	SH097536.07FU_JF908256_refs	Unassigned	k__Fungi;p__Basidiomycota;c__Agaricomycetes;o__Agaricales;f__Inocybaceae;g__Inocybe;s__Inocybe_obsoleta	underclassification	0
F1-REF	6	0	sortmerna	0.76:0.9:3:0.8:1.0	SH133630.07FU_FJ715922_reps	k__Fungi;p__Basidiomycota;c__Agaricomycetes;o__Agaricales;f__Cortinariaceae;g__Phaeocollybia;s__Phaeocollybia_gregaria	k__Fungi;p__Basidiomycota;c__Agaricomycetes;o__Agaricales;f__Amanitaceae;g__Amanita;s__Amanita_brunnescens	misclassification	4
F1-REF	6	0	sortmerna	0.76:0.9:3:0.8:1.0	SH077040.07FU_AY899270_reps	k__Fungi;p__Basidiomycota;c__Agaricomycetes;o__Agaricales;f__Agaricaceae;g__Agaricus	k__Fungi;p__Basidiomycota;c__Agaricomycetes;o__Agaricales;f__Agaricaceae;g__Agaricus;s__Agaricus_pseudopratensis	match	6
F1-REF	6	0	sortmerna	0.76:0.9:3:0.8:1.0	SH104593.07FU_DQ389721_reps	Unassigned	k__Fungi;p__Basidiomycota;c__Agaricomycetes;o__Agaricales;f__Psathyrellaceae;g__Psathyrella;s__Psathyrella_typhae	underclassification	0
F1-REF	6	0	sortmerna	0.76:0.9:3:0.8:1.0	SH539294.07FU_KP165552_refs	k__Fungi;p__Basidiomycota;c__Agaricomycetes;o__Agaricales;f__Cortinariaceae;g__Cortinarius	k__Fungi;p__Basidiomycota;c__Agaricomycetes;o__Agaricales;f__Cortinariaceae;g__Cortinarius;s__Cortinarius_subserratissimus	match	6
F1-REF	6	0	sortmerna	0.76:0.9:3:0.8:1.0	SH079036.07FU_AM882872_refs	Unassigned	k__Fungi;p__Basidiomycota;c__Agaricomycetes;o__Agaricales;f__Inocybaceae;g__Inocybe;s__Inocybe_whitei	underclassification	0
F1-REF	6	0	sortmerna	0.76:0.9:3:0.8:1.0	SH086848.07FU_AJ555519_reps	k__Fungi;p__Basidiomycota;c__Agaricomycetes;o__Boletales;f__Paxillaceae;g__Melanogaster	k__Fungi;p__Basidiomycota;c__Agaricomycetes;o__Boletales;f__Paxillaceae;g__Melanogaster;s__Melanogaster_broomeanus	match	6
F1-REF	6	0	sortmerna	0.76:0.9:3:0.8:1.0	SH091570.07FU_EU652344_reps	Unassigned	k__Fungi;p__Basidiomycota;c__Agaricomycetes;o__Gomphales;f__Gomphaceae;g__Ramaria;s__Ramaria_largentii	underclassification	0
F1-REF	6	0	sortmerna	0.76:0.9:3:0.8:1.0	SH080114.07FU_HM562216_refs	k__Fungi;p__Basidiomycota;c__Agaricomycetes;o__Agaricales;f__Pluteaceae;g__Pluteus;s__Pluteus_phlebophorus	k__Fungi;p__Basidiomycota;c__Agaricomycetes;o__Agaricales;f__Pluteaceae;g__Pluteus;s__Pluteus_sp	overclassification	6
F1-REF	6	0	sortmerna	0.76:0.9:3:0.8:1.0	SH079336.07FU_AF335442_reps	k__Fungi;p__Basidiomycota;c__Agaricomycetes	k__Fungi;p__Basidiomycota;c__Agaricomycetes;o__Russulales;f__Russulaceae;g__Russula;s__Russula_veternosa	underclassification	3
F1-REF	6	0	sortmerna	0.76:0.9:3:0.8:1.0	SH118058.07FU_UDB015017_reps	Unassigned	k__Fungi;p__Ascomycota;c__Lecanoromycetes;o__Lecanorales;f__Parmeliaceae;g__Alectoria;s__Alectoria_sarmentosa_subsp._vexillifera	underclassification	0
F1-REF	6	0	sortmerna	0.76:0.9:3:0.8:1.0	SH105269.07FU_KJ486585_reps	Unassigned	k__Fungi;p__Ascomycota;c__Lecanoromycetes;o__Lecanorales;f__Parmeliaceae;g__Anzia;s__Anzia_leucobatoides	underclassification	0
F1-REF	6	0	sortmerna	0.76:0.9:3:0.8:1.0	SH102354.07FU_JX624262_reps	Unassigned	k__Fungi;p__Ascomycota;c__Sordariomycetes;o__Xylariales;f__Xylariaceae;g__Nemania;s__Nemania_diffusa	underclassification	0
F1-REF	6	0	sortmerna	0.76:0.9:3:0.8:1.0	SH132208.07FU_UDB000906_refs	k__Fungi;p__Basidiomycota;c__Agaricomycetes;o__Russulales;f__Russulaceae;g__Russula	k__Fungi;p__Basidiomycota;c__Agaricomycetes;o__Russulales;f__Russulaceae;g__Russula;s__Russula_cremeoavellanea	match	6
F1-REF	6	0	sortmerna	0.76:0.9:3:0.8:1.0	SH136459.07FU_JX669835_reps	Unassigned	k__Fungi;p__Ascomycota;c__Pezizomycetes;o__Pezizales;f__Sarcosomataceae;g__Urnula;s__Urnula_hiemalis	underclassification	0
F1-REF	6	0	sortmerna	0.76:0.9:3:0.8:1.0	SH120700.07FU_DQ320563_reps	Unassigned	k__Fungi;p__Ascomycota;c__Lecanoromycetes;o__Peltigerales;f__Nephromataceae;g__Nephroma;s__Nephroma_australe	underclassification	0
F1-REF	6	0	sortmerna	0.76:0.9:3:0.8:1.0	SH079637.07FU_AY243594_reps	k__Fungi;p__Basidiomycota;c__Agaricomycetes;o__Agaricales;f__Agaricaceae;g__Macrolepiota;s__Macrolepiota_detersa	k__Fungi;p__Basidiomycota;c__Agaricomycetes;o__Agaricales;f__Agaricaceae;g__Macrolepiota;s__Macrolepiota_sp	overclassification	6
F1-REF	6	0	sortmerna	0.76:0.9:3:0.8:1.0	SH078656.07FU_JF430477_refs	k__Fungi;p__Ascomycota;c__Saccharomycetes;o__Saccharomycetales;f__Pichiaceae;g__Ogataea	k__Fungi;p__Ascomycota;c__Saccharomycetes;o__Saccharomycetales;f__Pichiaceae;g__Ogataea;s__Ogataea_saltuana	match	6
F1-REF	6	0	sortmerna	0.76:0.9:3:0.8:1.0	SH127037.07FU_GU910617_reps	Unassigned	k__Fungi;p__Ascomycota;c__Dothideomycetes;o__Pleosporales;f__Sporormiaceae;g__Sporormiella;s__Sporormiella_megalospora	underclassification	0
F1-REF	6	0	sortmerna	0.76:0.9:3:0.8:1.0	SH132635.07FU_EU862221_reps	k__Fungi;p__Basidiomycota;c__Agaricomycetes;o__Trechisporales;f__Hydnodontaceae;g__Sistotremastrum;s__Sistotremastrum_sp	k__Fungi;p__Basidiomycota;c__Agaricomycetes;o__Cantharellales;f__Clavulinaceae;g__Clavulina;s__Clavulina_coralloides	misclassification	3
F1-REF	6	0	sortmerna	0.76:0.9:3:0.8:1.0	SH100417.07FU_HQ153422_refs	k__Fungi;p__Basidiomycota;c__Agaricomycetes;o__Polyporales;f__Meruliaceae;g__Phlebia;s__Phlebia_tuberculata	k__Fungi;p__Basidiomycota;c__Agaricomycetes;o__Polyporales;f__Meruliaceae;g__Phlebia;s__Phlebia_sp	overclassification	6
F1-REF	6	0	sortmerna	0.76:0.9:3:0.8:1.0	SH112625.07FU_KC732516_reps	k__Fungi;p__Ascomycota;c__Lecanoromycetes;o__Peltigerales;f__Lobariaceae;g__Sticta	k__Fungi;p__Ascomycota;c__Lecanoromycetes;o__Peltigerales;f__Lobariaceae;g__Sticta;s__Sticta_cometiella	match	6
F1-REF	6	0	sortmerna	0.76:0.9:3:0.8:1.0	SH537760.07FU_LN810836_reps	k__Fungi;p__Ascomycota;c__Lecanoromycetes;o__Acarosporales;f__Acarosporaceae;g__Polysporina;s__Polysporina_simplex	k__Fungi;p__Ascomycota;c__Lecanoromycetes;o__Acarosporales;f__Acarosporaceae;g__Polysporina;s__Polysporina_subfuscescens	overclassification	6
F1-REF	6	0	sortmerna	0.76:0.9:3:0.8:1.0	SH130497.07FU_JF908661_reps	k__Fungi;p__Basidiomycota;c__Agaricomycetes;o__Russulales;f__Russulaceae;g__Russula	k__Fungi;p__Basidiomycota;c__Agaricomycetes;o__Russulales;f__Russulaceae;g__Russula;s__Russula_poichilochroa	match	6
F1-REF	6	0	sortmerna	0.76:0.9:3:0.8:1.0	SH133712.07FU_KC306753_refs	k__Fungi;p__Basidiomycota;c__Agaricomycetes;o__Boletales;f__Rhizopogonaceae;g__Rhizopogon	k__Fungi;p__Basidiomycota;c__Agaricomycetes;o__Boletales;f__Rhizopogonaceae;g__Rhizopogon;s__Rhizopogon_villosulus	match	6
F1-REF	6	0	sortmerna	0.76:0.9:3:0.8:1.0	SH101650.07FU_AM882742_refs	k__Fungi;p__Basidiomycota;c__Agaricomycetes;o__Trechisporales;f__Hydnodontaceae;g__Sistotremastrum;s__Sistotremastrum_sp	k__Fungi;p__Basidiomycota;c__Agaricomycetes;o__Agaricales;f__Inocybaceae;g__Inocybe;s__Inocybe_giacomi	misclassification	3
F1-REF	6	0	sortmerna	0.76:0.9:3:0.8:1.0	SH112087.07FU_AB858468_refs	k__Fungi;p__Ascomycota;c__Saccharomycetes;o__Saccharomycetales;f__Pichiaceae;g__Yamadazyma	k__Fungi;p__Ascomycota;c__Saccharomycetes;o__Saccharomycetales;f__Pichiaceae;g__Yamadazyma;s__Yamadazyma_ubonensis	match	6
F1-REF	6	0	sortmerna	0.76:0.9:3:0.8:1.0	SH538643.07FU_KP137061_reps	Unassigned	k__Fungi;p__Basidiomycota;c__Agaricomycetes;o__Agaricales;f__Amanitaceae;g__Amanita;s__Amanita_quenda	underclassification	0
F1-REF	6	0	sortmerna	0.76:0.9:3:0.8:1.0	SH110925.07FU_AY046213_refs	k__Fungi;p__Ascomycota;c__Saccharomycetes;o__Saccharomycetales;f__Saccharomycetaceae;g__Kluyveromyces	k__Fungi;p__Ascomycota;c__Saccharomycetes;o__Saccharomycetales;f__Saccharomycetaceae;g__Kluyveromyces;s__Kluyveromyces_lactis	match	6
F1-REF	6	0	sortmerna	0.76:0.9:3:0.8:1.0	SH133662.07FU_JQ991631_reps	Unassigned	k__Fungi;p__Basidiomycota;c__Agaricomycetes;o__Agaricales;f__Amanitaceae;g__Amanita;s__Amanita_sepiacea	underclassification	0
F1-REF	6	0	sortmerna	0.76:0.9:3:0.8:1.0	SH134725.07FU_JX454802_refs	k__Fungi;p__Basidiomycota;c__Agaricomycetes;o__Agaricales;f__Entolomataceae;g__Entoloma	k__Fungi;p__Basidiomycota;c__Agaricomycetes;o__Agaricales;f__Entolomataceae;g__Entoloma;s__Entoloma_vindobonense	match	6
F1-REF	6	0	sortmerna	0.76:0.9:3:0.8:1.0	SH131681.07FU_HM245782_reps	Unassigned	k__Fungi;p__Basidiomycota;c__Agaricomycetes;o__Agaricales;f__Pleurotaceae;g__Pleurotus;s__Pleurotus_giganteus	underclassification	0
F1-REF	6	0	sortmerna	0.76:0.9:3:0.8:1.0	SH549499.07FU_KF303647_refs	Unassigned	k__Fungi;p__Ascomycota;c__Eurotiomycetes;o__Eurotiales;f__Trichocomaceae;g__Penicillium;s__Penicillium_cryptum	underclassification	0
F1-REF	6	0	sortmerna	0.76:0.9:3:0.8:1.0	SH099942.07FU_JX473274_refs	Unassigned	k__Fungi;p__Ascomycota;c__Eurotiomycetes;o__Chaetothyriales;f__Herpotrichiellaceae;g__Exophiala;s__Exophiala_nishimurae	underclassification	0
F1-REF	6	0	sortmerna	0.76:0.9:3:0.8:1.0	SH121946.07FU_EU040213_reps	k__Fungi	k__Fungi;p__Ascomycota;c__Dothideomycetes;o__Valsariales;f__Valsariaceae;g__Valsaria;s__Valsaria_insitiva	underclassification	1
F1-REF	6	0	sortmerna	0.76:0.9:3:0.8:1.0	SH135266.07FU_FM202137_refs	k__Fungi;p__Basidiomycota;c__Agaricomycetes;o__Agaricales;f__Cortinariaceae;g__Cortinarius	k__Fungi;p__Basidiomycota;c__Agaricomycetes;o__Agaricales;f__Cortinariaceae;g__Cortinarius;s__Cortinarius_viscidoamarus	match	6
F1-REF	6	0	sortmerna	0.76:0.9:3:0.8:1.0	SH540843.07FU_KR612234_reps	Unassigned	k__Fungi;p__Basidiomycota;c__Pucciniomycetes;o__Pucciniales;f__Pileolariaceae;g__Uromycladium;s__Uromycladium_acaciae	underclassification	0
F1-REF	6	0	sortmerna	0.76:0.9:3:0.8:1.0	SH077643.07FU_JF706328_reps	k__Fungi;p__Basidiomycota;c__Agaricomycetes;o__Polyporales;f__Polyporaceae;g__Perenniporia;s__Perenniporia_nanlingensis	k__Fungi;p__Basidiomycota;c__Agaricomycetes;o__Polyporales;f__Polyporaceae;g__Perenniporia;s__Perenniporia_piceicola	overclassification	6
F1-REF	6	0	sortmerna	0.76:0.9:3:0.8:1.0	SH124655.07FU_GU903309_reps	k__Fungi;p__Basidiomycota;c__Agaricomycetes;o__Agaricales	k__Fungi;p__Basidiomycota;c__Agaricomycetes;o__Agaricales;f__Agaricaceae;g__Leucoagaricus;s__Leucoagaricus_dacrytus	underclassification	4
F1-REF	6	0	sortmerna	0.76:0.9:3:0.8:1.0	SH125753.07FU_JQ001851_reps	Unassigned	k__Fungi;p__Basidiomycota;c__Agaricomycetes;o__Polyporales;f__Polyporaceae;g__Perenniporia;s__Perenniporia_bannaensis	underclassification	0
F1-REF	6	0	sortmerna	0.76:0.9:3:0.8:1.0	SH132319.07FU_AM882915_refs	Unassigned	k__Fungi;p__Basidiomycota;c__Agaricomycetes;o__Agaricales;f__Inocybaceae;g__Inocybe;s__Inocybe_muricellata	underclassification	0
F1-REF	6	0	sortmerna	0.76:0.9:3:0.8:1.0	SH087816.07FU_UDB019676_reps	Unassigned	k__Fungi;p__Basidiomycota;c__Agaricomycetes;o__Boletales;f__Boletaceae;g__Hemileccinum;s__Hemileccinum_impolitum	underclassification	0
F1-REF	6	0	sortmerna	0.76:0.9:3:0.8:1.0	SH083131.07FU_FN547477_reps	k__Fungi;p__Glomeromycota;c__Glomeromycetes;o__Glomerales;f__Glomeraceae;g__Funneliformis	k__Fungi;p__Glomeromycota;c__Glomeromycetes;o__Glomerales;f__Glomeraceae;g__Funneliformis;s__Funneliformis_sp	match	6
F1-REF	6	0	sortmerna	0.76:0.9:3:0.8:1.0	SH131580.07FU_UDB011579_refs	k__Fungi;p__Basidiomycota;c__Agaricomycetes;o__Agaricales;f__Tricholomataceae;g__Tricholoma	k__Fungi;p__Basidiomycota;c__Agaricomycetes;o__Agaricales;f__Tricholomataceae;g__Tricholoma;s__Tricholoma_batschii	match	6
F1-REF	6	0	sortmerna	0.76:0.9:3:0.8:1.0	SH120380.07FU_EU113279_reps	k__Fungi;p__Ascomycota;c__Lecanoromycetes;o__Lecanorales;f__Cladoniaceae;g__Cladonia	k__Fungi;p__Ascomycota;c__Lecanoromycetes;o__Lecanorales;f__Cladoniaceae;g__Cladonia;s__Cladonia_homchantarae	match	6
F1-REF	6	0	sortmerna	0.76:0.9:3:0.8:1.0	SH115967.07FU_AM882718_refs	Unassigned	k__Fungi;p__Basidiomycota;c__Agaricomycetes;o__Agaricales;f__Inocybaceae;g__Inocybe;s__Inocybe_straminipes	underclassification	0
F1-REF	6	0	sortmerna	0.76:0.9:3:0.8:1.0	SH104658.07FU_KJ850192_reps	k__Fungi;p__Glomeromycota;c__Glomeromycetes;o__Diversisporales;f__Diversisporaceae;g__Diversispora	k__Fungi;p__Glomeromycota;c__Glomeromycetes;o__Diversisporales;f__Diversisporaceae;g__Diversispora;s__Diversispora_arenaria	match	6
F1-REF	6	0	sortmerna	0.76:0.9:3:0.8:1.0	SH084771.07FU_UDB008232_reps	k__Fungi;p__Basidiomycota;c__Agaricomycetes;o__Agaricales;f__Entolomataceae;g__Entoloma	k__Fungi;p__Basidiomycota;c__Agaricomycetes;o__Agaricales;f__Entolomataceae;g__Entoloma;s__Entoloma_majaloides	match	6
F1-REF	6	0	sortmerna	0.76:0.9:3:0.8:1.0	SH101832.07FU_AF033425_refs	k__Fungi;p__Ascomycota;c__Eurotiomycetes;o__Eurotiales;f__Trichocomaceae;g__Penicillium	k__Fungi;p__Ascomycota;c__Eurotiomycetes;o__Eurotiales;f__Trichocomaceae;g__Penicillium;s__Penicillium_anatolicum	match	6
F1-REF	6	0	sortmerna	0.76:0.9:3:0.8:1.0	SH088346.07FU_DQ097873_refs	k__Fungi;p__Basidiomycota;c__Agaricomycetes;o__Agaricales	k__Fungi;p__Basidiomycota;c__Agaricomycetes;o__Agaricales;f__Hygrophoraceae;g__Hygrophorus;s__Hygrophorus_albicastaneus	underclassification	4
F1-REF	6	0	sortmerna	0.76:0.9:3:0.8:1.0	SH135006.07FU_GU166413_reps	Unassigned	k__Fungi;p__Basidiomycota;c__Agaricomycetes;o__Cantharellales;f__Tulasnellaceae;g__Tulasnella;s__Tulasnella_irregularis	underclassification	0
F1-REF	6	0	sortmerna	0.76:0.9:3:0.8:1.0	SH104863.07FU_AY854085_refs	Unassigned	k__Fungi;p__Basidiomycota;c__Agaricomycetes;o__Polyporales;f__Meripilaceae;g__Grifola;s__Grifola_sordulenta	underclassification	0
F1-REF	6	0	sortmerna	0.76:0.9:3:0.8:1.0	SH092374.07FU_DQ885897_refs	k__Fungi;p__Ascomycota;c__Dothideomycetes;o__Botryosphaeriales;f__Botryosphaeriaceae;g__Microdiplodia;s__Microdiplodia_sp	k__Fungi;p__Ascomycota;c__Dothideomycetes;o__Pleosporales;f__Montagnulaceae;g__Paraconiothyrium;s__Paraconiothyrium_hawaiiense	misclassification	3
F1-REF	6	0	sortmerna	0.76:0.9:3:0.8:1.0	SH084813.07FU_AY041177_reps	k__Fungi;p__Basidiomycota;c__Agaricomycetes;o__Cantharellales;f__Cantharellaceae;g__Cantharellus	k__Fungi;p__Basidiomycota;c__Agaricomycetes;o__Cantharellales;f__Cantharellaceae;g__Cantharellus;s__Cantharellus_sp	match	6
F1-REF	6	0	sortmerna	0.76:0.9:3:0.8:1.0	SH094479.07FU_GU234038_reps	k__Fungi;p__Basidiomycota;c__Agaricomycetes;o__Agaricales;f__Cortinariaceae;g__Cortinarius	k__Fungi;p__Basidiomycota;c__Agaricomycetes;o__Agaricales;f__Cortinariaceae;g__Cortinarius;s__Cortinarius_phaeochrous	match	6
F1-REF	6	0	sortmerna	0.76:0.9:3:0.8:1.0	SH135479.07FU_KF732375_refs	k__Fungi;p__Basidiomycota;c__Agaricomycetes;o__Agaricales;f__Cortinariaceae;g__Cortinarius	k__Fungi;p__Basidiomycota;c__Agaricomycetes;o__Agaricales;f__Cortinariaceae;g__Cortinarius;s__Cortinarius_pardinus	match	6
F1-REF	6	0	sortmerna	0.76:0.9:3:0.8:1.0	SH132826.07FU_HQ847007_refs	k__Fungi;p__Basidiomycota;c__Agaricomycetes;o__Agaricales;f__Psathyrellaceae	k__Fungi;p__Basidiomycota;c__Agaricomycetes;o__Agaricales;f__Psathyrellaceae;g__Coprinellus;s__Coprinellus_sabulicola	underclassification	5
F1-REF	6	0	sortmerna	0.76:0.9:3:0.8:1.0	SH544626.07FU_KT121566_reps	k__Fungi	k__Fungi;p__Basidiomycota;c__Agaricomycetes;o__Boletales;f__Boletaceae;g__Strobilomyces;s__Strobilomyces_pteroreticulosporus	underclassification	1
F1-REF	6	0	sortmerna	0.76:0.9:3:0.8:1.0	SH090030.07FU_AF479667_refs	k__Fungi;p__Basidiomycota;c__Agaricomycetes;o__Polyporales;f__Meruliaceae;g__Irpex;s__Irpex_hacksungii	k__Fungi;p__Basidiomycota;c__Agaricomycetes;o__Polyporales;f__Meruliaceae;g__Irpex;s__Irpex_hydnoides	overclassification	6
F1-REF	6	0	sortmerna	0.76:0.9:3:0.8:1.0	SH551676.07FU_LC014574_reps	Unassigned	k__Fungi;p__Ascomycota;c__Dothideomycetes;o__Pleosporales;f__Didymosphaeriaceae;g__Neokalmusia;s__Neokalmusia_brevispora	underclassification	0
F1-REF	6	0	sortmerna	0.76:0.9:3:0.8:1.0	SH125639.07FU_AY627798_reps	Unassigned	k__Fungi;p__Basidiomycota;c__Agaricomycetes;o__Geastrales;f__Geastraceae;g__Sphaerobolus;s__Sphaerobolus_sp	underclassification	0
F1-REF	6	0	sortmerna	0.76:0.9:3:0.8:1.0	SH102111.07FU_HQ184960_reps	k__Fungi;p__Ascomycota;c__Pezizomycetes;o__Pezizales;f__Pyronemataceae;g__Geopora;s__Geopora_cooperi	k__Fungi;p__Ascomycota;c__Pezizomycetes;o__Pezizales;f__Pyronemataceae;g__Geopora;s__Geopora_tolucana	overclassification	6
F1-REF	6	0	sortmerna	0.76:0.9:3:0.8:1.0	SH131964.07FU_AB587006_refs	k__Fungi;p__Ascomycota;c__Sordariomycetes;o__Hypocreales;f__Nectriaceae	k__Fungi;p__Ascomycota;c__Sordariomycetes;o__Hypocreales;f__Nectriaceae;g__Fusarium;s__Fusarium_proliferatum	underclassification	5
F1-REF	6	0	sortmerna	0.76:0.9:3:0.8:1.0	SH136526.07FU_KC791094_reps	k__Fungi;p__Basidiomycota;c__Agaricomycetes;o__Boletales;f__Boletaceae;g__Xerocomellus;s__Xerocomellus_sp	k__Fungi;p__Basidiomycota;c__Agaricomycetes;o__Boletales;f__Boletaceae;g__Boletus;s__Boletus_barrowsii	misclassification	5
F1-REF	6	0	sortmerna	0.76:0.9:3:0.8:1.0	SH132817.07FU_GU055721_reps	Unassigned	k__Fungi;p__Basidiomycota;c__Agaricomycetes;o__Agaricales;f__Psathyrellaceae;g__Coprinellus;s__Coprinellus_verrucispermus	underclassification	0
F1-REF	6	0	sortmerna	0.76:0.9:3:0.8:1.0	SH470449.07FU_AY571062_reps	Unassigned	k__Fungi;p__Basidiomycota;c__Agaricomycetes;o__Agaricales;f__Tricholomataceae;g__Resupinatus;s__Resupinatus_poriaeformis	underclassification	0
F1-REF	6	0	sortmerna	0.76:0.9:3:0.8:1.0	SH550163.07FU_KT000164_reps	k__Fungi;p__Ascomycota;c__Sordariomycetes;o__Xylariales;f__Amphisphaeriaceae	k__Fungi;p__Ascomycota;c__Sordariomycetes;o__Xylariales;f__Amphisphaeriaceae;g__Pestalotiopsis;s__Pestalotiopsis_jesteri	underclassification	5
F1-REF	6	0	sortmerna	0.76:0.9:3:0.8:1.0	SH095289.07FU_UDB011364_reps	Unassigned	k__Fungi;p__Basidiomycota;c__Agaricomycetes;o__Russulales;f__Russulaceae;g__Russula;s__Russula_farinipes	underclassification	0
F1-REF	6	0	sortmerna	0.76:0.9:3:0.8:1.0	SH106615.07FU_GU083079_reps	Unassigned	k__Fungi;p__Basidiomycota;c__Agaricomycetes;o__Agaricales;f__Hygrophoraceae;g__Hygrophorus;s__Hygrophorus_sp	underclassification	0
F1-REF	6	0	sortmerna	0.76:0.9:3:0.8:1.0	SH545447.07FU_KT186197_reps	k__Fungi;p__Basidiomycota;c__Agaricomycetes;o__Polyporales;f__Polyporaceae;g__Lentinus;s__Lentinus_tigrinus	k__Fungi;p__Basidiomycota;c__Agaricomycetes;o__Polyporales;f__Polyporaceae;g__Polyporus;s__Polyporus_sp	misclassification	5
F1-REF	6	0	sortmerna	0.76:0.9:3:0.8:1.0	SH088002.07FU_GQ892790_reps	Unassigned	k__Fungi;p__Basidiomycota;c__Agaricomycetes;o__Agaricales;f__Physalacriaceae;g__Oudemansiella;s__Oudemansiella_canarii	underclassification	0
F1-REF	6	0	sortmerna	0.76:0.9:3:0.8:1.0	SH118188.07FU_DQ394372_reps	k__Fungi;p__Ascomycota	k__Fungi;p__Ascomycota;c__Lecanoromycetes;o__Lecanorales;f__Parmeliaceae;g__Parmotrema;s__Parmotrema_austrosinense	underclassification	2
F1-REF	6	0	sortmerna	0.76:0.9:3:0.8:1.0	SH542204.07FU_UDB022794_reps	Unassigned	k__Fungi;p__Ascomycota;c__Lecanoromycetes;o__Rhizocarpales;f__Catillariaceae;g__Toninia;s__Toninia_physaroides	underclassification	0
F1-REF	6	0	sortmerna	0.76:0.9:3:0.8:1.0	SH126613.07FU_HQ625449_reps	Unassigned	k__Fungi;p__Basidiomycota;c__Agaricomycetes;o__Agaricales;f__Entolomataceae;g__Entoloma;s__Entoloma_philocistus	underclassification	0
F1-REF	6	0	sortmerna	0.76:0.9:3:0.8:1.0	SH113775.07FU_UDB016315_refs	Unassigned	k__Fungi;p__Basidiomycota;c__Agaricomycetes;o__Russulales;f__Stereaceae;g__Gloeocystidiellum;s__Gloeocystidiellum_convolvens	underclassification	0
F1-REF	6	0	sortmerna	0.76:0.9:3:0.8:1.0	SH088237.07FU_UDB011395_refs	Unassigned	k__Fungi;p__Basidiomycota;c__Agaricomycetes;o__Agaricales;f__Physalacriaceae;g__Paraxerula;s__Paraxerula_caussei	underclassification	0
F1-REF	6	0	sortmerna	0.76:0.9:3:0.8:1.0	SH103741.07FU_AB603990_refs	k__Fungi;p__Ascomycota;c__Sordariomycetes;o__Hypocreales;f__Cordycipitaceae;g__Simplicillium	k__Fungi;p__Ascomycota;c__Sordariomycetes;o__Hypocreales;f__Cordycipitaceae;g__Simplicillium;s__Simplicillium_subtropicum	match	6
F1-REF	6	0	sortmerna	0.76:0.9:3:0.8:1.0	SH092715.07FU_HM800731_reps	k__Fungi;p__Basidiomycota;c__Agaricomycetes;o__Polyporales;f__Ganodermataceae;g__Ganoderma	k__Fungi;p__Basidiomycota;c__Agaricomycetes;o__Polyporales;f__Ganodermataceae;g__Ganoderma;s__Ganoderma_weberianum	match	6
F1-REF	6	0	sortmerna	0.76:0.9:3:0.8:1.0	SH118204.07FU_HQ725082_reps	k__Fungi;p__Ascomycota;c__Lecanoromycetes;o__Lecanorales;f__Parmeliaceae;g__Hypogymnia;s__Hypogymnia_flavida	k__Fungi;p__Ascomycota;c__Lecanoromycetes;o__Lecanorales;f__Parmeliaceae;g__Hypogymnia;s__Hypogymnia_diffractaica	overclassification	6
F1-REF	6	0	sortmerna	0.76:0.9:3:0.8:1.0	SH125353.07FU_EU882132_refs	k__Fungi;p__Ascomycota;c__Dothideomycetes;o__Capnodiales;f__Teratosphaeriaceae;g__Myrtapenidiella	k__Fungi;p__Ascomycota;c__Dothideomycetes;o__Capnodiales;f__Teratosphaeriaceae;g__Myrtapenidiella;s__Myrtapenidiella_eucalypti	match	6
F1-REF	6	0	sortmerna	0.76:0.9:3:0.8:1.0	SH133531.07FU_AF324169_reps	k__Fungi;p__Basidiomycota;c__Agaricomycetes	k__Fungi;p__Basidiomycota;c__Agaricomycetes;o__Phallales;f__Phallaceae;g__Phallus;s__Phallus_rugulosus	underclassification	3
F1-REF	6	0	sortmerna	0.76:0.9:3:0.8:1.0	SH122980.07FU_JF288795_refs	k__Fungi;p__Ascomycota;c__Lecanoromycetes;o__Lecanorales;f__Cladoniaceae;g__Cladonia;s__Cladonia_grayi	k__Fungi;p__Ascomycota;c__Lecanoromycetes;o__Lecanorales;f__Cladoniaceae;g__Cladonia;s__Cladonia_subturgida	overclassification	6
F1-REF	6	0	sortmerna	0.76:0.9:3:0.8:1.0	SH077325.07FU_JQ281481_refs	Unassigned	k__Fungi;p__Basidiomycota;c__Agaricomycetes;o__Agaricales;f__Entolomataceae;g__Entoloma;s__Entoloma_flavidum	underclassification	0
F1-REF	6	0	sortmerna	0.76:0.9:3:0.8:1.0	SH546982.07FU_KT222431_reps	Unassigned	k__Fungi;p__Ascomycota;c__Orbiliomycetes;o__Orbiliales;f__Orbiliaceae;g__Orbilia;s__Orbilia_epipora	underclassification	0
F1-REF	6	0	sortmerna	0.76:0.9:3:0.8:1.0	SH119580.07FU_FJ491787_reps	Unassigned	k__Fungi;p__Ascomycota;c__Eurotiomycetes;o__Eurotiales;f__Trichocomaceae;g__Talaromyces;s__Talaromyces_ramulosus	underclassification	0
F1-REF	6	0	sortmerna	0.76:0.9:3:0.8:1.0	SH129154.07FU_EU670221_reps	k__Fungi;p__Ascomycota;c__Lecanoromycetes;o__Teloschistales;f__Physciaceae;g__Phaeophyscia;s__Phaeophyscia_adiastola	k__Fungi;p__Ascomycota;c__Lecanoromycetes;o__Teloschistales;f__Physciaceae;g__Phaeophyscia;s__Phaeophyscia_exornatula	overclassification	6
F1-REF	6	0	sortmerna	0.76:0.9:3:0.8:1.0	SH106082.07FU_AJ315826_refs	Unassigned	k__Fungi;p__Ascomycota;c__Eurotiomycetes;o__Onygenales;f__Gymnoascaceae;g__Gymnascella;s__Gymnascella_hyalinospora	underclassification	0
F1-REF	6	0	sortmerna	0.76:0.9:3:0.8:1.0	SH108091.07FU_AB046984_refs	Unassigned	k__Fungi;p__Ascomycota;c__Leotiomycetes;o__Erysiphales;f__Erysiphaceae;g__Erysiphe;s__Erysiphe_prunastri	underclassification	0
F1-REF	6	0	sortmerna	0.76:0.9:3:0.8:1.0	SH077013.07FU_DQ182521_reps	k__Fungi;p__Basidiomycota;c__Agaricomycetes;o__Agaricales;f__Agaricaceae;g__Agaricus	k__Fungi;p__Basidiomycota;c__Agaricomycetes;o__Agaricales;f__Agaricaceae;g__Agaricus;s__Agaricus_xanthodermus	match	6
F1-REF	6	0	sortmerna	0.76:0.9:3:0.8:1.0	SH121509.07FU_FJ904679_reps	k__Fungi;p__Ascomycota;c__Lecanoromycetes;o__Ostropales;f__Stictidaceae;g__Cryptodiscus;s__Cryptodiscus_pini	k__Fungi;p__Ascomycota;c__Lecanoromycetes;o__Ostropales;f__Stictidaceae;g__Cryptodiscus;s__Cryptodiscus_pallidus	overclassification	6
F1-REF	6	0	sortmerna	0.76:0.9:3:0.8:1.0	SH539193.07FU_KR493461_reps	k__Fungi;p__Ascomycota;c__Pezizomycetes;o__Pezizales;f__Helvellaceae;g__Helvella;s__Helvella_involuta	k__Fungi;p__Ascomycota;c__Pezizomycetes;o__Pezizales;f__Helvellaceae;g__Helvella;s__Helvella_reflexa	overclassification	6
F1-REF	6	0	sortmerna	0.76:0.9:3:0.8:1.0	SH104068.07FU_UDB011527_refs	Unassigned	k__Fungi;p__Ascomycota;c__Pezizomycetes;o__Pezizales;f__Pyronemataceae;g__Otidea;s__Otidea_onotica	underclassification	0
F1-REF	6	0	sortmerna	0.76:0.9:3:0.8:1.0	SH128117.07FU_EF200032_reps	k__Fungi;p__Basidiomycota;c__Ustilaginomycetes;o__Urocystidales;f__Glomosporiaceae;g__Thecaphora;s__Thecaphora_saponariae	k__Fungi;p__Basidiomycota;c__Ustilaginomycetes;o__Urocystidales;f__Glomosporiaceae;g__Thecaphora;s__Thecaphora_alsinearum	overclassification	6
F1-REF	6	0	sortmerna	0.76:0.9:3:0.8:1.0	SH103857.07FU_FM163209_reps	k__Fungi;p__Basidiomycota;c__Agaricomycetes;o__Agaricales;f__Psathyrellaceae;g__Parasola	k__Fungi;p__Basidiomycota;c__Agaricomycetes;o__Agaricales;f__Psathyrellaceae;g__Parasola;s__Parasola_misera	match	6
F1-REF	6	0	sortmerna	0.76:0.9:3:0.8:1.0	SH126529.07FU_EF584542_reps	k__Fungi	k__Fungi;p__Ascomycota;c__Saccharomycetes;o__Saccharomycetales;f__Trichomonascaceae;g__Blastobotrys;s__Blastobotrys_proliferans	underclassification	1
F1-REF	6	0	sortmerna	0.76:0.9:3:0.8:1.0	SH116843.07FU_AF444516_refs	k__Fungi;p__Basidiomycota;c__Agaricostilbomycetes;o__Agaricostilbales;f__Kondoaceae;g__Kondoa;s__Kondoa_yuccicola	k__Fungi;p__Basidiomycota;c__Agaricostilbomycetes;o__Agaricostilbales;f__Kondoaceae;g__Kondoa;s__Kondoa_miscanthi	overclassification	6
F1-REF	6	0	sortmerna	0.76:0.9:3:0.8:1.0	SH079580.07FU_JN201972_reps	k__Fungi;p__Basidiomycota;c__Agaricomycetes;o__Boletales;f__Suillaceae;g__Suillus;s__Suillus_viscidus	k__Fungi;p__Basidiomycota;c__Agaricomycetes;o__Boletales;f__Suillaceae;g__Suillus;s__Suillus_sp	overclassification	6
F1-REF	6	0	sortmerna	0.76:0.9:3:0.8:1.0	SH098867.07FU_UDB016417_refs	Unassigned	k__Fungi;p__Basidiomycota;c__Agaricomycetes;o__Polyporales;f__Phanerochaetaceae;g__Ceriporiopsis;s__Ceriporiopsis_resinascens	underclassification	0
F1-REF	6	0	sortmerna	0.76:0.9:3:0.8:1.0	SH078540.07FU_DQ112632_reps	k__Fungi;p__Basidiomycota;c__Agaricomycetes;o__Agaricales;f__Agaricaceae;g__Lycoperdon;s__Lycoperdon_niveum	k__Fungi;p__Basidiomycota;c__Agaricomycetes;o__Agaricales;f__Agaricaceae;g__Lycoperdon;s__Lycoperdon_marginatum	overclassification	6
F1-REF	6	0	sortmerna	0.76:0.9:3:0.8:1.0	SH135558.07FU_FJ039594_refs	k__Fungi;p__Basidiomycota;c__Agaricomycetes;o__Agaricales;f__Cortinariaceae;g__Cortinarius	k__Fungi;p__Basidiomycota;c__Agaricomycetes;o__Agaricales;f__Cortinariaceae;g__Cortinarius;s__Cortinarius_ceskae	match	6
F1-REF	6	0	sortmerna	0.76:0.9:3:0.8:1.0	SH093665.07FU_UDB019683_refs	k__Fungi;p__Basidiomycota;c__Agaricomycetes;o__Polyporales;f__Meruliaceae	k__Fungi;p__Basidiomycota;c__Agaricomycetes;o__Polyporales;f__Meruliaceae;g__Junghuhnia;s__Junghuhnia_pseudozilingiana	underclassification	5
F1-REF	6	0	sortmerna	0.76:0.9:3:0.8:1.0	SH077514.07FU_HM060666_reps	k__Fungi;p__Ascomycota;c__Leotiomycetes;o__Rhytismatales;f__Rhytismataceae;g__Lophodermium;s__Lophodermium_sp	k__Fungi;p__Ascomycota;c__Leotiomycetes;o__Rhytismatales;f__Rhytismataceae;g__Lophodermium;s__Lophodermium_pinastri	overclassification	6
F1-REF	6	0	sortmerna	0.76:0.9:3:0.8:1.0	SH107465.07FU_DQ238741_reps	Unassigned	k__Fungi;p__Basidiomycota;c__Microbotryomycetes;o__Microbotryales;f__Microbotryaceae;g__Microbotryum;s__Microbotryum_pustulatum	underclassification	0
F1-REF	6	0	sortmerna	0.76:0.9:3:0.8:1.0	SH086771.07FU_AY443471_refs	k__Fungi;p__Ascomycota;c__Eurotiomycetes;o__Eurotiales;f__Trichocomaceae;g__Aspergillus	k__Fungi;p__Ascomycota;c__Eurotiomycetes;o__Eurotiales;f__Trichocomaceae;g__Penicillium;s__Penicillium_quercetorum	misclassification	5
F1-REF	6	0	sortmerna	0.76:0.9:3:0.8:1.0	SH119896.07FU_UDB000399_refs	Unassigned	k__Fungi;p__Basidiomycota;c__Agaricomycetes;o__Boletales;f__Boletaceae;g__Xerocomus;s__Xerocomus_fennicus	underclassification	0
F1-REF	6	0	sortmerna	0.76:0.9:3:0.8:1.0	SH542107.07FU_KT804946_reps	k__Fungi;p__Ascomycota;c__Lecanoromycetes;o__Teloschistales;f__Teloschistaceae;g__Calogaya	k__Fungi;p__Ascomycota;c__Lecanoromycetes;o__Teloschistales;f__Teloschistaceae;g__Calogaya;s__Calogaya_polycarpoides	match	6
F1-REF	6	0	sortmerna	0.76:0.9:3:0.8:1.0	SH079779.07FU_UDB011722_refs	Unassigned	k__Fungi;p__Basidiomycota;c__Agaricomycetes;o__Agaricales;f__Strophariaceae;g__Galerina;s__Galerina_laevis	underclassification	0
F1-REF	6	0	sortmerna	0.76:0.9:3:0.8:1.0	SH085061.07FU_FJ196778_refs	k__Fungi;p__Ascomycota;c__Saccharomycetes;o__Saccharomycetales;f__Saccharomycetaceae;g__Saccharomyces	k__Fungi;p__Ascomycota;c__Saccharomycetes;o__Saccharomycetales;f__Saccharomycetaceae;g__Saccharomyces;s__Saccharomyces_mikatae	match	6
F1-REF	6	0	sortmerna	0.76:0.9:3:0.8:1.0	SH112609.07FU_KC732510_reps	k__Fungi;p__Ascomycota;c__Lecanoromycetes;o__Peltigerales;f__Lobariaceae;g__Sticta	k__Fungi;p__Ascomycota;c__Lecanoromycetes;o__Peltigerales;f__Lobariaceae;g__Sticta;s__Sticta_pseudohumboldtii	match	6
F1-REF	6	0	sortmerna	0.76:0.9:3:0.8:1.0	SH132227.07FU_UDB011108_reps	k__Fungi;p__Basidiomycota;c__Agaricomycetes;o__Russulales;f__Russulaceae;g__Russula	k__Fungi;p__Basidiomycota;c__Agaricomycetes;o__Russulales;f__Russulaceae;g__Russula;s__Russula_taigarum	match	6
F1-REF	6	0	sortmerna	0.76:0.9:3:0.8:1.0	SH107970.07FU_JQ868748_reps	Unassigned	k__Fungi;p__Basidiomycota;c__Agaricomycetes;o__Polyporales;f__Polyporaceae;g__Lentinus;s__Lentinus_squarrosulus	underclassification	0
F1-REF	6	0	sortmerna	0.76:0.9:3:0.8:1.0	SH544169.07FU_KJ938816_reps	k__Fungi;p__Ascomycota;c__Eurotiomycetes;o__Pyrenulales;f__Pyrenulaceae;g__Pyrenula;s__Pyrenula_aspistea	k__Fungi;p__Ascomycota;c__Pezizomycetes;o__Pezizales;f__Pyronemataceae;g__Genea;s__Genea_fageticola	misclassification	2
F1-REF	6	0	sortmerna	0.76:0.9:3:0.8:1.0	SH121217.07FU_JQ993735_reps	k__Fungi;p__Ascomycota;c__Lecanoromycetes	k__Fungi;p__Ascomycota;c__Lecanoromycetes;o__Lecanorales;f__Lecanoraceae;g__Lecanora;s__Lecanora_hagenii	underclassification	3
F1-REF	6	0	sortmerna	0.76:0.9:3:0.8:1.0	SH114729.07FU_KC581966_reps	Unassigned	k__Fungi;p__Basidiomycota;c__Agaricomycetes;o__Geastrales;f__Geastraceae;g__Geastrum;s__Geastrum_lageniforme	underclassification	0
F1-REF	6	0	sortmerna	0.76:0.9:3:0.8:1.0	SH096150.07FU_AB439558_refs	Unassigned	k__Fungi;p__Basidiomycota;c__Agaricomycetes;o__Russulales;f__Lachnocladiaceae;g__Asterostroma;s__Asterostroma_cervicolor	underclassification	0
F1-REF	6	0	sortmerna	0.76:0.9:3:0.8:1.0	SH549973.07FU_KT767195_reps	k__Fungi;p__Ascomycota;c__Pezizomycetes;o__Pezizales;f__Tuberaceae;g__Tuber;s__Tuber_oregonense	k__Fungi;p__Ascomycota;c__Schizosaccharomycetes;o__Schizosaccharomycetales;f__Schizosaccharomycetaceae;g__Schizosaccharomyces;s__Schizosaccharomyces_japonicus	misclassification	2
F1-REF	6	0	sortmerna	0.76:0.9:3:0.8:1.0	SH077010.07FU_UDB011831_refs	k__Fungi;p__Basidiomycota;c__Agaricomycetes;o__Agaricales;f__Agaricaceae;g__Agaricus	k__Fungi;p__Basidiomycota;c__Agaricomycetes;o__Agaricales;f__Agaricaceae;g__Agaricus;s__Agaricus_bisporus	match	6
F1-REF	6	0	sortmerna	0.76:0.9:3:0.8:1.0	SH549545.07FU_KP192646_reps	k__Fungi;p__Basidiomycota;c__Agaricomycetes;o__Agaricales;f__Lyophyllaceae;g__Lyophyllum	k__Fungi;p__Basidiomycota;c__Agaricomycetes;o__Agaricales;f__Lyophyllaceae;g__Tephrocybe;s__Tephrocybe_mephitica	misclassification	5
F1-REF	6	0	sortmerna	0.76:0.9:3:0.8:1.0	SH077694.07FU_DQ389718_refs	k__Fungi;p__Basidiomycota;c__Agaricomycetes;o__Agaricales;f__Psathyrellaceae;g__Psathyrella;s__Psathyrella_fusca	k__Fungi;p__Basidiomycota;c__Agaricomycetes;o__Agaricales;f__Psathyrellaceae;g__Psathyrella;s__Psathyrella_pygmaea	overclassification	6
F1-REF	6	0	sortmerna	0.76:0.9:3:0.8:1.0	SH091724.07FU_JX623941_refs	Unassigned	k__Fungi;p__Basidiomycota;c__Agaricomycetes;o__Polyporales;f__Phanerochaetaceae;g__Ceriporia;s__Ceriporia_nanlingensis	underclassification	0
F1-REF	6	0	sortmerna	0.76:0.9:3:0.8:1.0	SH107519.07FU_UDB011857_refs	Unassigned	k__Fungi;p__Basidiomycota;c__Agaricomycetes;o__Geastrales;f__Geastraceae;g__Geastrum;s__Geastrum_fimbriatum	underclassification	0
F1-REF	6	0	sortmerna	0.76:0.9:3:0.8:1.0	SH546860.07FU_KP165557_refs	k__Fungi;p__Basidiomycota;c__Agaricomycetes;o__Agaricales;f__Cortinariaceae;g__Cortinarius	k__Fungi;p__Basidiomycota;c__Agaricomycetes;o__Agaricales;f__Cortinariaceae;g__Cortinarius;s__Cortinarius_duristipes	match	6
F1-REF	6	0	sortmerna	0.76:0.9:3:0.8:1.0	SH130977.07FU_UDB016010_refs	k__Fungi;p__Basidiomycota;c__Agaricomycetes;o__Agaricales;f__Strophariaceae;g__Hebeloma;s__Hebeloma_griseopruinatum	k__Fungi;p__Basidiomycota;c__Agaricomycetes;o__Agaricales;f__Strophariaceae;g__Hebeloma;s__Hebeloma_syrjense	overclassification	6
F1-REF	6	0	sortmerna	0.76:0.9:3:0.8:1.0	SH127638.07FU_AF338643_refs	Unassigned	k__Fungi;p__Ascomycota;c__Eurotiomycetes;o__Eurotiales;f__Trichocomaceae;g__Aspergillus;s__Aspergillus_pseudonomius	underclassification	0
F1-REF	6	0	sortmerna	0.76:0.9:3:0.8:1.0	SH091743.07FU_AB475118_refs	k__Fungi;p__Ascomycota;c__Leotiomycetes;o__Erysiphales;f__Erysiphaceae;g__Erysiphe;s__Erysiphe_aphananthes	k__Fungi;p__Ascomycota;c__Leotiomycetes;o__Erysiphales;f__Erysiphaceae;g__Erysiphe;s__Erysiphe_kenjiana	overclassification	6
F1-REF	6	0	sortmerna	0.76:0.9:3:0.8:1.0	SH095071.07FU_AF517928_reps	k__Fungi;p__Ascomycota;c__Lecanoromycetes;o__Lecanorales;f__Stereocaulaceae;g__Stereocaulon	k__Fungi;p__Ascomycota;c__Lecanoromycetes;o__Lecanorales;f__Stereocaulaceae;g__Stereocaulon;s__Stereocaulon_rivulorum	match	6
F1-REF	6	0	sortmerna	0.76:0.9:3:0.8:1.0	SH096762.07FU_FM205596_reps	Unassigned	k__Fungi;p__Ascomycota;c__Pezizomycetes;o__Pezizales;f__Tuberaceae;g__Tuber;s__Tuber_malenconii	underclassification	0
F1-REF	6	0	sortmerna	0.76:0.9:3:0.8:1.0	SH079628.07FU_AY243598_reps	k__Fungi;p__Basidiomycota;c__Agaricomycetes;o__Agaricales;f__Agaricaceae;g__Macrolepiota;s__Macrolepiota_detersa	k__Fungi;p__Basidiomycota;c__Agaricomycetes;o__Agaricales;f__Agaricaceae;g__Macrolepiota;s__Macrolepiota_fuliginosa	overclassification	6
F1-REF	6	0	sortmerna	0.76:0.9:3:0.8:1.0	SH090502.07FU_JX156035_reps	k__Fungi;p__Ascomycota;c__Sordariomycetes;o__Diaporthales;f__Diaporthaceae;g__Diaporthe	k__Fungi;p__Ascomycota;c__Sordariomycetes;o__Diaporthales;f__Diaporthaceae;g__Diaporthe;s__Diaporthe_phaseolorum	match	6
F1-REF	6	0	sortmerna	0.76:0.9:3:0.8:1.0	SH095170.07FU_JF908695_reps	k__Fungi;p__Basidiomycota;c__Agaricomycetes;o__Russulales;f__Russulaceae;g__Russula;s__Russula_sp	k__Fungi;p__Basidiomycota;c__Agaricomycetes;o__Russulales;f__Russulaceae;g__Russula;s__Russula_camarophylla	overclassification	6
F1-REF	6	0	sortmerna	0.76:0.9:3:0.8:1.0	SH540200.07FU_UDB023592_reps	Unassigned	k__Fungi;p__Basidiomycota;c__Agaricomycetes;o__Agaricales;f__Tricholomataceae;g__Melanoleuca;s__Melanoleuca_brevipes	underclassification	0
F1-REF	6	0	sortmerna	0.76:0.9:3:0.8:1.0	SH122145.07FU_HM582165_reps	Unassigned	k__Fungi;p__Ascomycota;c__Lecanoromycetes;o__Teloschistales;f__Teloschistaceae;g__Caloplaca;s__Caloplaca_raesaenenii	underclassification	0
F1-REF	6	0	sortmerna	0.76:0.9:3:0.8:1.0	SH130991.07FU_FJ168587_reps	k__Fungi;p__Basidiomycota;c__Agaricomycetes;o__Agaricales;f__Strophariaceae;g__Hebeloma	k__Fungi;p__Basidiomycota;c__Agaricomycetes;o__Agaricales;f__Strophariaceae;g__Hebeloma;s__Hebeloma_sacchariolens	match	6
F1-REF	6	0	sortmerna	0.76:0.9:3:0.8:1.0	SH537364.07FU_KP096236_reps	k__Fungi;p__Basidiomycota;c__Agaricomycetes;o__Agaricales;f__Agaricaceae;g__Leucoagaricus;s__Leucoagaricus_menieri	k__Fungi;p__Basidiomycota;c__Agaricomycetes;o__Agaricales;f__Agaricaceae;g__Leucoagaricus;s__Leucoagaricus_subcrystallifer	overclassification	6
F1-REF	6	0	sortmerna	0.76:0.9:3:0.8:1.0	SH121752.07FU_AF210664_refs	k__Fungi;p__Ascomycota;c__Sordariomycetes	k__Fungi;p__Ascomycota;c__Sordariomycetes;o__Hypocreales;f__Bionectriaceae;g__Clonostachys;s__Clonostachys_phyllophila	underclassification	3
F1-REF	6	0	sortmerna	0.76:0.9:3:0.8:1.0	SH132862.07FU_DQ389706_refs	k__Fungi;p__Basidiomycota;c__Agaricomycetes;o__Agaricales;f__Psathyrellaceae;g__Psathyrella	k__Fungi;p__Basidiomycota;c__Agaricomycetes;o__Agaricales;f__Psathyrellaceae;g__Psathyrella;s__Psathyrella_tenuicula	match	6
F1-REF	6	0	sortmerna	0.76:0.9:3:0.8:1.0	SH106390.07FU_GU258295_refs	k__Fungi;p__Basidiomycota;c__Agaricomycetes	k__Fungi;p__Basidiomycota;c__Agaricomycetes;o__Russulales;f__Russulaceae;g__Lactifluus;s__Lactifluus_leonardii	underclassification	3
F1-REF	6	0	sortmerna	0.76:0.9:3:0.8:1.0	SH101602.07FU_JF908115_reps	Unassigned	k__Fungi;p__Basidiomycota;c__Agaricomycetes;o__Agaricales;f__Inocybaceae;g__Inocybe;s__Inocybe_margaritispora	underclassification	0
F1-REF	6	0	sortmerna	0.76:0.9:3:0.8:1.0	SH093105.07FU_JN580876_refs	k__Fungi;p__Basidiomycota;c__Agaricomycetes;o__Agaricales;f__Inocybaceae;g__Inocybe	k__Fungi;p__Basidiomycota;c__Agaricomycetes;o__Agaricales;f__Inocybaceae;g__Inocybe;s__Inocybe_purpureobadia	match	6
F1-REF	6	0	sortmerna	0.76:0.9:3:0.8:1.0	SH098860.07FU_LT000005_reps	Unassigned	k__Fungi;p__Basidiomycota;c__Agaricomycetes;o__Agaricales;f__Tricholomataceae;g__Tricholoma;s__Tricholoma_acerbum	underclassification	0
F1-REF	6	0	sortmerna	0.76:0.9:3:0.8:1.0	SH091363.07FU_AJ547885_refs	k__Fungi;p__Basidiomycota;c__Agaricomycetes	k__Fungi;p__Basidiomycota;c__Agaricomycetes;o__Cantharellales;f__Hydnaceae;g__Hydnum;s__Hydnum_sp	underclassification	3
F1-REF	6	0	sortmerna	0.76:0.9:3:0.8:1.0	SH121034.07FU_GU980656_reps	Unassigned	k__Fungi;p__Basidiomycota;c__Agaricomycetes;o__Agaricales;f__Inocybaceae;g__Inocybe;s__Inocybe_fuscomarginata	underclassification	0
F1-REF	6	0	sortmerna	0.76:0.9:3:0.8:1.0	SH131364.07FU_JX844691_reps	k__Fungi;p__Basidiomycota;c__Agaricomycetes;o__Agaricales	k__Fungi;p__Basidiomycota;c__Agaricomycetes;o__Agaricales;f__Amanitaceae;g__Amanita;s__Amanita_calyptratoides	underclassification	4
F1-REF	6	0	sortmerna	0.76:0.9:3:0.8:1.0	SH118597.07FU_EF422845_reps	k__Fungi;p__Ascomycota;c__Eurotiomycetes;o__Eurotiales;f__Trichocomaceae	k__Fungi;p__Ascomycota;c__Eurotiomycetes;o__Eurotiales;f__Trichocomaceae;g__Penicillium;s__Penicillium_parvulum	underclassification	5
F1-REF	6	0	sortmerna	0.76:0.9:3:0.8:1.0	SH118646.07FU_AM882898_reps	k__Fungi;p__Basidiomycota;c__Agaricomycetes;o__Agaricales;f__Strophariaceae;g__Galerina;s__Galerina_hybrida	k__Fungi;p__Basidiomycota;c__Agaricomycetes;o__Agaricales;f__Inocybaceae;g__Inocybe;s__Inocybe_calida	misclassification	4
F1-REF	6	0	sortmerna	0.76:0.9:3:0.8:1.0	SH124896.07FU_HQ604526_reps	Unassigned	k__Fungi;p__Basidiomycota;c__Agaricomycetes;o__Agaricales;f__Inocybaceae;g__Inocybe;s__Inocybe_auricoma	underclassification	0
F1-REF	6	0	sortmerna	0.76:0.9:3:0.8:1.0	SH087952.07FU_AB304152_refs	k__Fungi;p__Ascomycota;c__Saccharomycetes;o__Saccharomycetales;f__Saccharomycetaceae;g__Torulaspora;s__Torulaspora_sp	k__Fungi;p__Ascomycota;c__Saccharomycetes;o__Saccharomycetales;f__Saccharomycetaceae;g__Torulaspora;s__Torulaspora_maleeae	overclassification	6
F1-REF	6	0	sortmerna	0.76:0.9:3:0.8:1.0	SH129259.07FU_HQ823760_reps	k__Fungi;p__Ascomycota;c__Sordariomycetes;o__Xylariales;f__Xylariaceae;g__Nemania;s__Nemania_sp	k__Fungi;p__Ascomycota;c__Sordariomycetes;o__Xylariales;f__Xylariaceae;g__Nemania;s__Nemania_serpens	overclassification	6
F1-REF	6	0	sortmerna	0.76:0.9:3:0.8:1.0	SH100295.07FU_AB472595_refs	k__Fungi;p__Basidiomycota;c__Agaricomycetes;o__Polyporales;f__Fomitopsidaceae;g__Laetiporus;s__Laetiporus_sulphureus	k__Fungi;p__Basidiomycota;c__Agaricomycetes;o__Polyporales;f__Fomitopsidaceae;g__Laetiporus;s__Laetiporus_cremeiporus	overclassification	6
F1-REF	6	0	sortmerna	0.76:0.9:3:0.8:1.0	SH113630.07FU_JQ761144_reps	k__Fungi;p__Ascomycota;c__Leotiomycetes;o__Rhytismatales;f__Rhytismataceae;g__Lophodermium	k__Fungi;p__Ascomycota;c__Leotiomycetes;o__Rhytismatales;f__Rhytismataceae;g__Lophodermium;s__Lophodermium_pini-excelsae	match	6
F1-REF	6	0	sortmerna	0.76:0.9:3:0.8:1.0	SH122118.07FU_GU228969_reps	Unassigned	k__Fungi;p__Ascomycota;c__Eurotiomycetes;o__Verrucariales;f__Verrucariaceae;g__Catapyrenium;s__Catapyrenium_squamulosum	underclassification	0
F1-REF	6	0	sortmerna	0.76:0.9:3:0.8:1.0	SH538564.07FU_KT284912_refs	k__Fungi;p__Basidiomycota;c__Agaricomycetes;o__Agaricales;f__Agaricaceae;g__Agaricus	k__Fungi;p__Basidiomycota;c__Agaricomycetes;o__Agaricales;f__Agaricaceae;g__Agaricus;s__Agaricus_atrodiscus	match	6
F1-REF	6	0	sortmerna	0.76:0.9:3:0.8:1.0	SH077538.07FU_JQ780061_refs	Unassigned	k__Fungi;p__Basidiomycota;c__Agaricomycetes;o__Hymenochaetales;f__Hymenochaetaceae;g__Hymenochaete;s__Hymenochaete_parmastoi	underclassification	0
F1-REF	6	0	sortmerna	0.76:0.9:3:0.8:1.0	SH110660.07FU_JX623952_refs	Unassigned	k__Fungi;p__Basidiomycota;c__Agaricomycetes;o__Polyporales;f__Phanerochaetaceae;g__Ceriporia;s__Ceriporia_purpurea	underclassification	0
F1-REF	6	0	sortmerna	0.76:0.9:3:0.8:1.0	SH126646.07FU_UDB022795_refs	k__Fungi;p__Ascomycota;c__Orbiliomycetes;o__Orbiliales;f__Orbiliaceae;g__Arthrobotrys;s__Arthrobotrys_thaumasia	k__Fungi;p__Ascomycota;c__Pezizomycetes;o__Pezizales;f__Morchellaceae;g__Morchella;s__Morchella_steppicola	misclassification	2
F1-REF	6	0	sortmerna	0.76:0.9:3:0.8:1.0	SH101636.07FU_KF017929_reps	k__Fungi;p__Basidiomycota;c__Agaricomycetes;o__Agaricales;f__Amanitaceae;g__Amanita;s__Amanita_submembranacea	k__Fungi;p__Basidiomycota;c__Agaricomycetes;o__Agaricales;f__Amanitaceae;g__Amanita;s__Amanita_ceciliae	overclassification	6
F1-REF	6	0	sortmerna	0.76:0.9:3:0.8:1.0	SH098562.07FU_DQ374147_reps	k__Fungi;p__Ascomycota	k__Fungi;p__Ascomycota;c__Lecanoromycetes;o__Acarosporales;f__Acarosporaceae;g__Acarospora;s__Acarospora_rugulosa	underclassification	2
F1-REF	6	0	sortmerna	0.76:0.9:3:0.8:1.0	SH133399.07FU_AY702797_reps	k__Fungi;p__Basidiomycota;c__Agaricomycetes	k__Fungi;p__Basidiomycota;c__Agaricomycetes;o__Russulales;f__Russulaceae;g__Gymnomyces;s__Gymnomyces_fallax	underclassification	3
F1-REF	6	0	sortmerna	0.76:0.9:3:0.8:1.0	SH092539.07FU_JX242869_refs	k__Fungi	k__Fungi;p__Ascomycota;c__Saccharomycetes;o__Saccharomycetales;f__Dipodascaceae;g__Basidioascus;s__Basidioascus_magus	underclassification	1
F1-REF	6	0	sortmerna	0.76:0.9:3:0.8:1.0	SH079786.07FU_AJ585464_reps	k__Fungi;p__Basidiomycota;c__Agaricomycetes;o__Agaricales	k__Fungi;p__Basidiomycota;c__Agaricomycetes;o__Agaricales;f__Strophariaceae;g__Galerina;s__Galerina_calyptrata	underclassification	4
F1-REF	6	0	sortmerna	0.76:0.9:3:0.8:1.0	SH106618.07FU_AY463486_refs	Unassigned	k__Fungi;p__Basidiomycota;c__Agaricomycetes;o__Agaricales;f__Hygrophoraceae;g__Hygrophorus;s__Hygrophorus_discoxanthus	underclassification	0
F1-REF	6	0	sortmerna	0.76:0.9:3:0.8:1.0	SH092990.07FU_AF049331_reps	Unassigned	k__Fungi;p__Ascomycota;c__Leotiomycetes;o__Erysiphales;f__Erysiphaceae;g__Erysiphe;s__Erysiphe_necator	underclassification	0
F1-REF	6	0	sortmerna	0.76:0.9:3:0.8:1.0	SH077597.07FU_JN616455_reps	Unassigned	k__Fungi;p__Basidiomycota;c__Agaricomycetes;o__Agaricales;f__Tricholomataceae;g__Melanoleuca;s__Melanoleuca_microcephala	underclassification	0
F1-REF	6	0	sortmerna	0.76:0.9:3:0.8:1.0	SH117877.07FU_JX454918_refs	k__Fungi;p__Basidiomycota;c__Agaricomycetes;o__Agaricales;f__Entolomataceae;g__Entoloma	k__Fungi;p__Basidiomycota;c__Agaricomycetes;o__Agaricales;f__Entolomataceae;g__Entoloma;s__Entoloma_hirtipes	match	6
F1-REF	6	0	sortmerna	0.76:0.9:3:0.8:1.0	SH094279.07FU_JQ758638_reps	k__Fungi;p__Ascomycota;c__Pezizomycetes;o__Pezizales;f__Pezizaceae;g__Peziza	k__Fungi;p__Ascomycota;c__Pezizomycetes;o__Pezizales;f__Pezizaceae;g__Peziza;s__Peziza_varia	match	6
F1-REF	6	0	sortmerna	0.76:0.9:3:0.8:1.0	SH544537.07FU_KJ399904_reps	Unassigned	k__Fungi;p__Basidiomycota;c__Agaricomycetes;o__Agaricales;f__Inocybaceae;g__Inocybe;s__Inocybe_catalaunica	underclassification	0
F1-REF	6	0	sortmerna	0.76:0.9:3:0.8:1.0	SH083584.07FU_UDB007624_reps	Unassigned	k__Fungi;p__Basidiomycota;c__Agaricomycetes;o__Cantharellales;f__Clavulinaceae;g__Clavulina;s__Clavulina_sp	underclassification	0
F1-REF	6	0	sortmerna	0.76:0.9:3:0.8:1.0	SH544575.07FU_KJ775719_reps	k__Fungi;p__Ascomycota;c__Eurotiomycetes;o__Eurotiales;f__Trichocomaceae;g__Talaromyces	k__Fungi;p__Ascomycota;c__Eurotiomycetes;o__Eurotiales;f__Trichocomaceae;g__Talaromyces;s__Talaromyces_yelensis	match	6
F1-REF	6	0	sortmerna	0.76:0.9:3:0.8:1.0	SH132820.07FU_JN159510_reps	k__Fungi;p__Basidiomycota;c__Agaricomycetes;o__Agaricales;f__Psathyrellaceae;g__Coprinellus	k__Fungi;p__Basidiomycota;c__Agaricomycetes;o__Agaricales;f__Psathyrellaceae;g__Coprinellus;s__Coprinellus_impatiens	match	6
F1-REF	6	0	sortmerna	0.76:0.9:3:0.8:1.0	SH091404.07FU_FR852111_reps	Unassigned	k__Fungi;p__Basidiomycota;c__Agaricomycetes;o__Russulales;f__Russulaceae;g__Russula;s__Russula_atropurpurea	underclassification	0
F1-REF	6	0	sortmerna	0.76:0.9:3:0.8:1.0	SH135435.07FU_AY669557_reps	k__Fungi;p__Basidiomycota;c__Agaricomycetes;o__Agaricales;f__Cortinariaceae;g__Cortinarius	k__Fungi;p__Basidiomycota;c__Agaricomycetes;o__Agaricales;f__Cortinariaceae;g__Cortinarius;s__Cortinarius_vulpinus	match	6
F1-REF	6	0	sortmerna	0.76:0.9:3:0.8:1.0	SH091738.07FU_AJ408361_reps	k__Fungi;p__Basidiomycota;c__Agaricomycetes	k__Fungi;p__Basidiomycota;c__Agaricomycetes;o__Gomphales;f__Gomphaceae;g__Ramaria;s__Ramaria_subbotrytis	underclassification	3
F1-REF	6	0	sortmerna	0.76:0.9:3:0.8:1.0	SH097477.07FU_KC581311_reps	k__Fungi;p__Basidiomycota;c__Agaricomycetes;o__Agaricales	k__Fungi;p__Basidiomycota;c__Agaricomycetes;o__Agaricales;f__Mycenaceae;g__Xeromphalina;s__Xeromphalina_campanella	underclassification	4
F1-REF	6	0	sortmerna	0.76:0.9:3:0.8:1.0	SH127039.07FU_EU520627_reps	k__Fungi;p__Ascomycota;c__Dothideomycetes;o__Pleosporales;f__Sporormiaceae;g__Preussia;s__Preussia_sp	k__Fungi;p__Ascomycota;c__Dothideomycetes;o__Pleosporales;f__Sporormiaceae;g__Preussia;s__Preussia_terricola	overclassification	6
F1-REF	6	0	sortmerna	0.76:0.9:3:0.8:1.0	SH079550.07FU_UDB017900_refs	k__Fungi;p__Basidiomycota;c__Agaricomycetes;o__Boletales;f__Suillaceae;g__Suillus;s__Suillus_luteus	k__Fungi;p__Basidiomycota;c__Agaricomycetes;o__Boletales;f__Suillaceae;g__Suillus;s__Suillus_americanus	overclassification	6
F1-REF	6	0	sortmerna	0.76:0.9:3:0.8:1.0	SH133710.07FU_KC346843_refs	k__Fungi;p__Basidiomycota;c__Agaricomycetes;o__Boletales;f__Rhizopogonaceae;g__Rhizopogon	k__Fungi;p__Basidiomycota;c__Agaricomycetes;o__Boletales;f__Rhizopogonaceae;g__Rhizopogon;s__Rhizopogon_abietis	match	6
F1-REF	6	0	sortmerna	0.76:0.9:3:0.8:1.0	SH133627.07FU_UDB015544_refs	k__Fungi;p__Basidiomycota;c__Agaricomycetes;o__Agaricales;f__Amanitaceae;g__Amanita	k__Fungi;p__Basidiomycota;c__Agaricomycetes;o__Agaricales;f__Amanitaceae;g__Amanita;s__Amanita_rubescens	match	6
F1-REF	6	0	sortmerna	0.76:0.9:3:0.8:1.0	SH135393.07FU_UDB015901_reps	k__Fungi;p__Basidiomycota;c__Agaricomycetes;o__Agaricales;f__Cortinariaceae;g__Cortinarius	k__Fungi;p__Basidiomycota;c__Agaricomycetes;o__Agaricales;f__Cortinariaceae;g__Cortinarius;s__Cortinarius_caesiocanescens	match	6
F1-REF	6	0	sortmerna	0.76:0.9:3:0.8:1.0	SH086305.07FU_JF907968_reps	Unassigned	k__Fungi;p__Basidiomycota;c__Agaricomycetes;o__Agaricales;f__Marasmiaceae;g__Crinipellis;s__Crinipellis_mauretanica	underclassification	0
F1-REF	6	0	sortmerna	0.76:0.9:3:0.8:1.0	SH087083.07FU_GU136199_reps	Unassigned	k__Fungi;p__Basidiomycota;c__Agaricomycetes;o__Agaricales;f__Agaricaceae;g__Leucoagaricus;s__Leucoagaricus_pyrrhophaeus	underclassification	0
F1-REF	6	0	sortmerna	0.76:0.9:3:0.8:1.0	SH094134.07FU_AJ634044_reps	k__Fungi;p__Ascomycota;c__Arthoniomycetes;o__Arthoniales;f__Roccellaceae;g__Roccella;s__Roccella_phycopsis	k__Fungi;p__Ascomycota;c__Arthoniomycetes;o__Arthoniales;f__Roccellaceae;g__Roccella;s__Roccella_tuberculata	overclassification	6
F1-REF	6	0	sortmerna	0.76:0.9:3:0.8:1.0	SH543054.07FU_KM010106_reps	Unassigned	k__Fungi;p__Ascomycota;c__Pezizomycetes;o__Pezizales;f__Pyronemataceae;g__Otidea;s__Otidea_platyspora	underclassification	0
F1-REF	6	0	sortmerna	0.76:0.9:3:0.8:1.0	SH130290.07FU_HE963773_refs	k__Fungi;p__Basidiomycota;c__Agaricomycetes;o__Trechisporales;f__Hydnodontaceae;g__Brevicellicium;s__Brevicellicium_olivascens	k__Fungi;p__Basidiomycota;c__Agaricomycetes;o__Trechisporales;f__Hydnodontaceae;g__Brevicellicium;s__Brevicellicium_atlanticum	overclassification	6
F1-REF	6	0	sortmerna	0.76:0.9:3:0.8:1.0	SH132073.07FU_UDB019492_refs	k__Fungi;p__Basidiomycota;c__Agaricomycetes;o__Agaricales	k__Fungi;p__Basidiomycota;c__Agaricomycetes;o__Agaricales;f__Strophariaceae;g__Protostropharia;s__Protostropharia_semiglobata	underclassification	4
F1-REF	6	0	sortmerna	0.76:0.9:3:0.8:1.0	SH097863.07FU_KJ471519_reps	k__Fungi;p__Ascomycota;c__Sordariomycetes;o__Coniochaetales;f__Coniochaetaceae;g__Coniochaeta;s__Coniochaeta_sp	k__Fungi;p__Ascomycota;c__Sordariomycetes;o__Coniochaetales;f__Coniochaetaceae;g__Coniochaeta;s__Coniochaeta_hoffmannii	overclassification	6
F1-REF	6	0	sortmerna	0.76:0.9:3:0.8:1.0	SH551725.07FU_KR782305_reps	Unassigned	k__Fungi;p__Basidiomycota;c__Agaricomycetes;o__Boletales;f__Boletaceae;g__Rubroboletus;s__Rubroboletus_dupainii	underclassification	0
F1-REF	6	0	sortmerna	0.76:0.9:3:0.8:1.0	SH095100.07FU_KF928154_reps	k__Fungi;p__Ascomycota;c__Lecanoromycetes;o__Lecanorales;f__Stereocaulaceae;g__Stereocaulon	k__Fungi;p__Ascomycota;c__Lecanoromycetes;o__Lecanorales;f__Stereocaulaceae;g__Stereocaulon;s__Stereocaulon_pileatum	match	6
F1-REF	6	0	sortmerna	0.76:0.9:3:0.8:1.0	SH128695.07FU_GU480121_reps	Unassigned	k__Fungi;p__Ascomycota;c__Lecanoromycetes;o__Lecanorales;f__Lecanoraceae;g__Lecanora;s__Lecanora_sorediomarginata	underclassification	0
F1-REF	6	0	sortmerna	0.76:0.9:3:0.8:1.0	SH135508.07FU_KJ635207_reps	k__Fungi;p__Basidiomycota;c__Agaricomycetes;o__Agaricales;f__Cortinariaceae;g__Cortinarius	k__Fungi;p__Basidiomycota;c__Agaricomycetes;o__Agaricales;f__Cortinariaceae;g__Cortinarius;s__Cortinarius_xenosma	match	6
F1-REF	6	0	sortmerna	0.76:0.9:3:0.8:1.0	SH132393.07FU_DQ328066_reps	k__Fungi;p__Basidiomycota;c__Agaricomycetes;o__Agaricales;f__Bolbitiaceae;g__Descomyces;s__Descomyces_sp	k__Fungi;p__Basidiomycota;c__Agaricomycetes;o__Agaricales;f__Bolbitiaceae;g__Descomyces;s__Descomyces_albus	overclassification	6
F1-REF	6	0	sortmerna	0.76:0.9:3:0.8:1.0	SH135539.07FU_UDB007424_reps	k__Fungi;p__Basidiomycota;c__Agaricomycetes;o__Agaricales;f__Cortinariaceae;g__Cortinarius;s__Cortinarius_laetus	k__Fungi;p__Basidiomycota;c__Agaricomycetes;o__Agaricales;f__Cortinariaceae;g__Cortinarius;s__Cortinarius_auchmerus	overclassification	6
F1-REF	6	0	sortmerna	0.76:0.9:3:0.8:1.0	SH077208.07FU_JF514532_refs	k__Fungi;p__Basidiomycota;c__Agaricomycetes;o__Agaricales;f__Agaricaceae;g__Agaricus	k__Fungi;p__Basidiomycota;c__Agaricomycetes;o__Agaricales;f__Agaricaceae;g__Agaricus;s__Agaricus_megacystidiatus	match	6
F1-REF	6	0	sortmerna	0.76:0.9:3:0.8:1.0	SH131191.07FU_UDB019628_refs	Unassigned	k__Fungi;p__Basidiomycota;c__Agaricomycetes;o__Agaricales;f__Psathyrellaceae;g__Coprinopsis;s__Coprinopsis_insignis	underclassification	0
F1-REF	6	0	sortmerna	0.76:0.9:3:0.8:1.0	SH083932.07FU_UDB011590_refs	k__Fungi;p__Basidiomycota;c__Agaricomycetes;o__Agaricales;f__Tricholomataceae;g__Tricholoma	k__Fungi;p__Basidiomycota;c__Agaricomycetes;o__Agaricales;f__Tricholomataceae;g__Tricholoma;s__Tricholoma_aestuans	match	6
F1-REF	6	0	sortmerna	0.76:0.9:3:0.8:1.0	SH099036.07FU_EU435148_refs	Unassigned	k__Fungi;p__Basidiomycota;c__Agaricomycetes;o__Agaricales;f__Hygrophoraceae;g__Hygrocybe;s__Hygrocybe_chlorophana	underclassification	0
F1-REF	6	0	sortmerna	0.76:0.9:3:0.8:1.0	SH076465.07FU_AM882808_reps	k__Fungi;p__Basidiomycota;c__Agaricomycetes	k__Fungi;p__Basidiomycota;c__Agaricomycetes;o__Agaricales;f__Inocybaceae;g__Inocybe;s__Inocybe_sp	underclassification	3
F1-REF	6	0	sortmerna	0.76:0.9:3:0.8:1.0	SH089301.07FU_JQ616805_reps	k__Fungi;p__Basidiomycota;c__Agaricomycetes;o__Thelephorales;f__Thelephoraceae;g__Tomentella;s__Tomentella_lilacinogrisea	k__Fungi;p__Basidiomycota;c__Agaricomycetes;o__Thelephorales;f__Thelephoraceae;g__Thelephora;s__Thelephora_corticioides	misclassification	5
F1-REF	6	0	sortmerna	0.76:0.9:3:0.8:1.0	SH536361.07FU_KM249907_reps	Unassigned	k__Fungi;p__Ascomycota;c__Lecanoromycetes;o__Lecanorales;f__Parmeliaceae;g__Bulbothrix;s__Bulbothrix_subscortea	underclassification	0
F1-REF	6	0	sortmerna	0.76:0.9:3:0.8:1.0	SH115401.07FU_EU401775_refs	k__Fungi;p__Ascomycota;c__Lecanoromycetes;o__Lecanorales;f__Parmeliaceae	k__Fungi;p__Ascomycota;c__Lecanoromycetes;o__Lecanorales;f__Parmeliaceae;g__Vulpicida;s__Vulpicida_juniperinus	underclassification	5
F1-REF	6	0	sortmerna	0.76:0.9:3:0.8:1.0	SH087223.07FU_UDB003122_refs	k__Fungi;p__Basidiomycota;c__Agaricomycetes;o__Agaricales;f__Agaricaceae	k__Fungi;p__Basidiomycota;c__Agaricomycetes;o__Agaricales;f__Agaricaceae;g__Cystoderma;s__Cystoderma_andinum	underclassification	5
F1-REF	6	0	sortmerna	0.76:0.9:3:0.8:1.0	SH079380.07FU_DQ340336_reps	Unassigned	k__Fungi;p__Basidiomycota;c__Agaricomycetes;o__Hymenochaetales;f__Schizoporaceae;g__Hyphodontia;s__Hyphodontia_cineracea	underclassification	0
F1-REF	6	0	sortmerna	0.76:0.9:3:0.8:1.0	SH124145.07FU_AM267266_reps	k__Fungi;p__Ascomycota;c__Sordariomycetes;o__Hypocreales;f__Ophiocordycipitaceae;g__Tolypocladium;s__Tolypocladium_pustulatum	k__Fungi;p__Ascomycota;c__Sordariomycetes;o__Ophiostomatales;f__Ophiostomataceae;g__Knoxdaviesia;s__Knoxdaviesia_cecropiae	misclassification	3
F1-REF	6	0	sortmerna	0.76:0.9:3:0.8:1.0	SH089964.07FU_EF434000_reps	k__Fungi;p__Basidiomycota;c__Agaricomycetes;o__Agaricales;f__Clavariaceae;g__Clavaria;s__Clavaria_flavipes	k__Fungi;p__Basidiomycota;c__Agaricomycetes;o__Agaricales;f__Clavariaceae;g__Clavaria;s__Clavaria_sp	overclassification	6
F1-REF	6	0	sortmerna	0.76:0.9:3:0.8:1.0	SH131998.07FU_KF918598_reps	k__Fungi;p__Ascomycota;c__Sordariomycetes;o__Hypocreales;f__Nectriaceae	k__Fungi;p__Ascomycota;c__Sordariomycetes;o__Hypocreales;f__Nectriaceae;g__Fusarium;s__Fusarium_chlamydosporum	underclassification	5
F1-REF	6	0	sortmerna	0.76:0.9:3:0.8:1.0	SH085280.07FU_JF433034_refs	k__Fungi;p__Ascomycota;c__Sordariomycetes;o__Hypocreales;f__Nectriaceae;g__Fusarium	k__Fungi;p__Ascomycota;c__Sordariomycetes;o__Hypocreales;f__Nectriaceae;g__Fusarium;s__Fusarium_rectiphorum	match	6
F1-REF	6	0	sortmerna	0.76:0.9:3:0.8:1.0	SH118439.07FU_UDB015180_refs	k__Fungi;p__Basidiomycota;c__Agaricomycetes;o__Agaricales;f__Amanitaceae;g__Amanita	k__Fungi;p__Basidiomycota;c__Agaricomycetes;o__Agaricales;f__Amanitaceae;g__Amanita;s__Amanita_argentea	match	6
F1-REF	6	0	sortmerna	0.76:0.9:3:0.8:1.0	SH092302.07FU_AF442093_reps	k__Fungi;p__Basidiomycota;c__Agaricomycetes	k__Fungi;p__Basidiomycota;c__Agaricomycetes;o__Russulales;f__Auriscalpiaceae;g__Artomyces;s__Artomyces_cristatus	underclassification	3
F1-REF	6	0	sortmerna	0.76:0.9:3:0.8:1.0	SH125108.07FU_KC581976_reps	Unassigned	k__Fungi;p__Basidiomycota;c__Agaricomycetes;o__Geastrales;f__Geastraceae;g__Geastrum;s__Geastrum_smardae	underclassification	0
F1-REF	6	0	sortmerna	0.76:0.9:3:0.8:1.0	SH092578.07FU_KC011060_refs	k__Fungi;p__Ascomycota;c__Lecanoromycetes;o__Peltigerales;f__Lobariaceae;g__Lobariella	k__Fungi;p__Ascomycota;c__Lecanoromycetes;o__Peltigerales;f__Lobariaceae;g__Lobariella;s__Lobariella_parmelioides	match	6
F1-REF	6	0	sortmerna	0.76:0.9:3:0.8:1.0	SH084197.07FU_AF282071_reps	k__Fungi;p__Ascomycota;c__Lecanoromycetes	k__Fungi;p__Ascomycota;c__Lecanoromycetes;o__Lecanorales;f__Ramalinaceae;g__Bacidia;s__Bacidia_beckhausii	underclassification	3
F1-REF	6	0	sortmerna	0.76:0.9:3:0.8:1.0	SH079385.07FU_UDB013524_reps	k__Fungi;p__Ascomycota;c__Pezizomycetes;o__Pezizales;f__Tuberaceae;g__Tuber;s__Tuber_scruposum	k__Fungi;p__Ascomycota;c__Pezizomycetes;o__Pezizales;f__Tuberaceae;g__Tuber;s__Tuber_rapaeodorum	overclassification	6
F1-REF	6	0	sortmerna	0.76:0.9:3:0.8:1.0	SH090006.07FU_KJ009690_reps	k__Fungi;p__Basidiomycota;c__Agaricomycetes	k__Fungi;p__Basidiomycota;c__Agaricomycetes;o__Agaricales;f__Pluteaceae;g__Pluteus;s__Pluteus_brunneidiscus	underclassification	3
F1-REF	6	0	sortmerna	0.76:0.9:3:0.8:1.0	SH080733.07FU_DQ086142_refs	k__Fungi;p__Ascomycota;c__Sordariomycetes;o__Hypocreales;f__Hypocreaceae;g__Trichoderma	k__Fungi;p__Ascomycota;c__Sordariomycetes;o__Hypocreales;f__Hypocreaceae;g__Trichoderma;s__Trichoderma_voglmayrii	match	6
F1-REF	6	0	sortmerna	0.76:0.9:3:0.8:1.0	SH120076.07FU_JQ403344_reps	k__Fungi;p__Ascomycota;c__Sordariomycetes;o__Hypocreales;f__Nectriaceae;g__Thelonectria	k__Fungi;p__Ascomycota;c__Sordariomycetes;o__Hypocreales;f__Nectriaceae;g__Thelonectria;s__Thelonectria_coronata	match	6
F1-REF	6	0	sortmerna	0.76:0.9:3:0.8:1.0	SH117573.07FU_JX435776_reps	Unassigned	k__Fungi;p__Basidiomycota;c__Agaricomycetes;o__Polyporales;f__Fomitopsidaceae;g__Fomitopsis;s__Fomitopsis_sp	underclassification	0
F1-REF	6	0	sortmerna	0.76:0.9:3:0.8:1.0	SH127396.07FU_EU623745_refs	k__Fungi;p__Basidiomycota;c__Agaricomycetes;o__Agaricales;f__Marasmiaceae;g__Megacollybia;s__Megacollybia_rodmanii	k__Fungi;p__Basidiomycota;c__Agaricomycetes;o__Agaricales;f__Marasmiaceae;g__Megacollybia;s__Megacollybia_subfurfuracea	overclassification	6
F1-REF	6	0	sortmerna	0.76:0.9:3:0.8:1.0	SH082014.07FU_AY176413_reps	Unassigned	k__Fungi;p__Basidiomycota;c__Agaricomycetes;o__Agaricales;f__Agaricaceae;g__Leucoagaricus;s__Leucoagaricus_georginae	underclassification	0
F1-REF	6	0	sortmerna	0.76:0.9:3:0.8:1.0	SH135335.07FU_UDB001797_reps	k__Fungi;p__Basidiomycota;c__Agaricomycetes;o__Agaricales;f__Cortinariaceae;g__Cortinarius	k__Fungi;p__Basidiomycota;c__Agaricomycetes;o__Agaricales;f__Cortinariaceae;g__Cortinarius;s__Cortinarius_boudieri	match	6
F1-REF	6	0	sortmerna	0.76:0.9:3:0.8:1.0	SH082672.07FU_JQ314694_reps	k__Fungi;p__Ascomycota;c__Lecanoromycetes;o__Lecanorales;f__Parmeliaceae;g__Usnea	k__Fungi;p__Ascomycota;c__Lecanoromycetes;o__Lecanorales;f__Parmeliaceae;g__Usnea;s__Usnea_acanthella	match	6
F1-REF	6	0	sortmerna	0.76:0.9:3:0.8:1.0	SH118442.07FU_UDB015168_refs	k__Fungi;p__Basidiomycota;c__Agaricomycetes;o__Agaricales;f__Amanitaceae;g__Amanita;s__Amanita_magnivolvata	k__Fungi;p__Basidiomycota;c__Agaricomycetes;o__Agaricales;f__Amanitaceae;g__Amanita;s__Amanita_vaginata_var._alba	overclassification	6
F1-REF	6	0	sortmerna	0.76:0.9:3:0.8:1.0	SH128380.07FU_U66012_reps	k__Fungi;p__Ascomycota;c__Pezizomycetes;o__Pezizales;f__Sarcoscyphaceae;g__Sarcoscypha;s__Sarcoscypha_coccinea	k__Fungi;p__Ascomycota;c__Pezizomycetes;o__Pezizales;f__Sarcoscyphaceae;g__Sarcoscypha;s__Sarcoscypha_austriaca	overclassification	6
F1-REF	6	0	sortmerna	0.76:0.9:3:0.8:1.0	SH099213.07FU_KC862286_reps	Unassigned	k__Fungi;p__Basidiomycota;c__Agaricomycetes;o__Polyporales;f__Polyporaceae;g__Neolentinus;s__Neolentinus_cyathiformis	underclassification	0
F1-REF	6	0	sortmerna	0.76:0.9:3:0.8:1.0	SH117295.07FU_EU254991_reps	k__Fungi;p__Ascomycota;c__Sordariomycetes;o__Diaporthales;f__Gnomoniaceae	k__Fungi;p__Ascomycota;c__Sordariomycetes;o__Diaporthales;f__Gnomoniaceae;g__Plagiostoma;s__Plagiostoma_acerophilum	underclassification	5
F1-REF	6	0	sortmerna	0.76:0.9:3:0.8:1.0	SH090920.07FU_KC257440_refs	k__Fungi;p__Basidiomycota;c__Agaricomycetes;o__Agaricales;f__Entolomataceae;g__Entoloma	k__Fungi;p__Basidiomycota;c__Agaricomycetes;o__Agaricales;f__Entolomataceae;g__Entoloma;s__Entoloma_shandongense	match	6
F1-REF	6	0	sortmerna	0.76:0.9:3:0.8:1.0	SH129674.07FU_AJ302417_reps	k__Fungi;p__Ascomycota;c__Sordariomycetes;o__Xylariales;f__Diatrypaceae	k__Fungi;p__Ascomycota;c__Sordariomycetes;o__Xylariales;f__Diatrypaceae;g__Cryptosphaeria;s__Cryptosphaeria_eunomia	underclassification	5
F1-REF	6	0	sortmerna	0.76:0.9:3:0.8:1.0	SH109731.07FU_JX195225_reps	k__Fungi;p__Ascomycota;c__Lecanoromycetes;o__Peltigerales;f__Peltigeraceae;g__Peltigera;s__Peltigera_neopolydactyla	k__Fungi;p__Ascomycota;c__Lecanoromycetes;o__Peltigerales;f__Peltigeraceae;g__Peltigera;s__Peltigera_scabrosa	overclassification	6
F1-REF	6	0	sortmerna	0.76:0.9:3:0.8:1.0	SH458101.07FU_UDB016319_refs	Unassigned	k__Fungi;p__Basidiomycota;c__Agaricomycetes;o__Russulales;f__Lachnocladiaceae;g__Scytinostroma;s__Scytinostroma_portentosum	underclassification	0
F1-REF	6	0	sortmerna	0.76:0.9:3:0.8:1.0	SH118354.07FU_FM208886_refs	k__Fungi;p__Basidiomycota;c__Agaricomycetes;o__Trechisporales;f__Hydnodontaceae;g__Sistotremastrum;s__Sistotremastrum_sp	k__Fungi;p__Basidiomycota;c__Agaricomycetes;o__Agaricales;f__Hygrophoraceae;g__Hygrocybe;s__Hygrocybe_miniata	misclassification	3
F1-REF	6	0	sortmerna	0.76:0.9:3:0.8:1.0	SH124509.07FU_UDB016941_reps	k__Fungi;p__Basidiomycota;c__Agaricomycetes;o__Trechisporales;f__Hydnodontaceae;g__Sistotremastrum;s__Sistotremastrum_sp	k__Fungi;p__Basidiomycota;c__Agaricomycetes;o__Agaricales;f__Amanitaceae;g__Amanita;s__Amanita_subviscosa	misclassification	3
F1-REF	6	0	sortmerna	0.76:0.9:3:0.8:1.0	SH081932.07FU_AY157844_refs	Unassigned	k__Fungi;p__Ascomycota;c__Leotiomycetes;o__Erysiphales;f__Erysiphaceae;g__Podosphaera;s__Podosphaera_leucotricha	underclassification	0
F1-REF	6	0	sortmerna	0.76:0.9:3:0.8:1.0	SH099998.07FU_KC800598_reps	Unassigned	k__Fungi;p__Ascomycota;c__Eurotiomycetes;o__Onygenales;f__Onygenaceae;g__Chrysosporium;s__Chrysosporium_queenslandicum	underclassification	0
F1-REF	6	0	sortmerna	0.76:0.9:3:0.8:1.0	SH108026.07FU_JX524622_refs	Unassigned	k__Fungi;p__Basidiomycota;c__Agaricomycetes;o__Gloeophyllales;f__Gloeophyllaceae;g__Gloeophyllum;s__Gloeophyllum_carbonarium	underclassification	0
F1-REF	6	0	sortmerna	0.76:0.9:3:0.8:1.0	SH079947.07FU_HM067973_reps	k__Fungi;p__Basidiomycota;c__Agaricomycetes	k__Fungi;p__Basidiomycota;c__Agaricomycetes;o__Agaricales;f__Pleurotaceae;g__Pleurotus;s__Pleurotus_ostreatus	underclassification	3
F1-REF	6	0	sortmerna	0.76:0.9:3:0.8:1.0	SH119874.07FU_KC152384_reps	k__Fungi;p__Basidiomycota;c__Agaricomycetes;o__Cantharellales;f__Tulasnellaceae;g__Tulasnella	k__Fungi;p__Basidiomycota;c__Agaricomycetes;o__Cantharellales;f__Tulasnellaceae;g__Tulasnella;s__Tulasnella_cystidiophora	match	6
F1-REF	6	0	sortmerna	0.76:0.9:3:0.8:1.0	SH105258.07FU_EU784356_reps	k__Fungi;p__Basidiomycota;c__Agaricomycetes;o__Agaricales;f__Hygrophoraceae;g__Chromosera;s__Chromosera_citrinopallida	k__Fungi;p__Basidiomycota;c__Agaricomycetes;o__Agaricales;f__Hygrophoraceae;g__Hygrocybe;s__Hygrocybe_xanthochroa	misclassification	5
F1-REF	6	0	sortmerna	0.76:0.9:3:0.8:1.0	SH536399.07FU_KP263113_reps	k__Fungi;p__Ascomycota;c__Sordariomycetes;o__Xylariales;f__Xylariaceae;g__Xylaria	k__Fungi;p__Ascomycota;c__Sordariomycetes;o__Xylariales;f__Xylariaceae;g__Xylaria;s__Xylaria_curta	match	6
F1-REF	6	0	sortmerna	0.76:0.9:3:0.8:1.0	SH112654.07FU_KC732647_reps	k__Fungi;p__Ascomycota;c__Lecanoromycetes;o__Peltigerales;f__Lobariaceae;g__Sticta	k__Fungi;p__Ascomycota;c__Lecanoromycetes;o__Peltigerales;f__Lobariaceae;g__Sticta;s__Sticta_dilatata	match	6
F1-REF	6	0	sortmerna	0.76:0.9:3:0.8:1.0	SH091484.07FU_EF652499_refs	k__Fungi;p__Ascomycota	k__Fungi;p__Ascomycota;c__Eurotiomycetes;o__Eurotiales;f__Trichocomaceae;g__Aspergillus;s__Aspergillus_nidulans	underclassification	2
F1-REF	6	0	sortmerna	0.76:0.9:3:0.8:1.0	SH108963.07FU_AY725580_reps	Unassigned	k__Fungi;p__Ascomycota;c__Dothideomycetes;o__Capnodiales;f__Teratosphaeriaceae;g__Teratosphaeria;s__Teratosphaeria_toledana	underclassification	0
F1-REF	6	0	sortmerna	0.76:0.9:3:0.8:1.0	SH118343.07FU_JX242880_refs	k__Fungi;p__Basidiomycota	k__Fungi;p__Basidiomycota;c__Wallemiomycetes;o__Geminibasidiales;f__Geminibasidiaceae;g__Geminibasidium;s__Geminibasidium_hirsutum	underclassification	2
F1-REF	6	0	sortmerna	0.76:0.9:3:0.8:1.0	SH088316.07FU_AF505780_reps	Unassigned	k__Fungi;p__Basidiomycota;c__Agaricomycetes;o__Agaricales;f__Omphalotaceae;g__Gymnopus;s__Gymnopus_foetidus	underclassification	0
F1-REF	6	0	sortmerna	0.76:0.9:3:0.8:1.0	SH125814.07FU_UDB001597_refs	k__Fungi;p__Basidiomycota;c__Agaricomycetes;o__Russulales;f__Russulaceae;g__Lactarius;s__Lactarius_vinaceorufescens	k__Fungi;p__Basidiomycota;c__Agaricomycetes;o__Russulales;f__Russulaceae;g__Lactarius;s__Lactarius_helvus	overclassification	6
F1-REF	6	0	sortmerna	0.76:0.9:3:0.8:1.0	SH079192.07FU_FJ196936_reps	k__Fungi;p__Basidiomycota;c__Agaricomycetes;o__Russulales;f__Russulaceae;g__Lactarius	k__Fungi;p__Basidiomycota;c__Agaricomycetes;o__Russulales;f__Russulaceae;g__Lactarius;s__Lactarius_yazooensis	match	6
F1-REF	6	0	sortmerna	0.76:0.9:3:0.8:1.0	SH547004.07FU_KP413067_reps	k__Fungi;p__Basidiomycota;c__Entorrhizomycetes;o__Entorrhizales;f__Entorrhizaceae;g__Entorrhiza;s__Entorrhiza_aschersoniana	k__Fungi;p__Basidiomycota;c__Entorrhizomycetes;o__Entorrhizales;f__Entorrhizaceae;g__Entorrhiza;s__Entorrhiza_cypericola	overclassification	6
F1-REF	6	0	sortmerna	0.76:0.9:3:0.8:1.0	SH107473.07FU_FJ265768_reps	k__Fungi;p__Ascomycota;c__Lichinomycetes;o__Lichinales;f__Lichinaceae;g__Phylliscum;s__Phylliscum_sp	k__Fungi;p__Ascomycota;c__Eurotiomycetes;o__Chaetothyriales;f__Herpotrichiellaceae;g__Rhinocladiella;s__Rhinocladiella_sp	misclassification	2
F1-REF	6	0	sortmerna	0.76:0.9:3:0.8:1.0	SH467838.07FU_JN168779_reps	Unassigned	k__Fungi;p__Basidiomycota;c__Agaricomycetes;o__Boletales;f__Boletaceae;g__Aureoboletus;s__Aureoboletus_sp	underclassification	0
F1-REF	6	0	sortmerna	0.76:0.9:3:0.8:1.0	SH091298.07FU_AJ534294_refs	k__Fungi;p__Basidiomycota;c__Agaricomycetes;o__Geastrales;f__Geastraceae;g__Geastrum;s__Geastrum_corollinum	k__Fungi;p__Basidiomycota;c__Agaricomycetes;o__Polyporales;f__Meruliaceae;g__Hyphoderma;s__Hyphoderma_setigerum	misclassification	3
F1-REF	6	0	sortmerna	0.76:0.9:3:0.8:1.0	SH078543.07FU_JQ734547_reps	k__Fungi;p__Basidiomycota;c__Agaricomycetes;o__Agaricales;f__Agaricaceae;g__Lycoperdon	k__Fungi;p__Basidiomycota;c__Agaricomycetes;o__Agaricales;f__Agaricaceae;g__Calvatia;s__Calvatia_holothurioides	misclassification	5
F1-REF	6	0	sortmerna	0.76:0.9:3:0.8:1.0	SH101505.07FU_JF263480_refs	k__Fungi;p__Basidiomycota;c__Pucciniomycetes;o__Pucciniales;f__Uropyxidaceae;g__Dasyspora	k__Fungi;p__Basidiomycota;c__Pucciniomycetes;o__Pucciniales;f__Uropyxidaceae;g__Dasyspora;s__Dasyspora_mesoamericana	match	6
F1-REF	6	0	sortmerna	0.76:0.9:3:0.8:1.0	SH128113.07FU_AM882735_refs	Unassigned	k__Fungi;p__Basidiomycota;c__Agaricomycetes;o__Agaricales;f__Inocybaceae;g__Inocybe;s__Inocybe_erinaceomorpha	underclassification	0
F1-REF	6	0	sortmerna	0.76:0.9:3:0.8:1.0	SH111764.07FU_GQ344605_reps	k__Fungi;p__Ascomycota;c__Eurotiomycetes;o__Verrucariales;f__Verrucariaceae;g__Placidiopsis	k__Fungi;p__Ascomycota;c__Eurotiomycetes;o__Verrucariales;f__Verrucariaceae;g__Placidiopsis;s__Placidiopsis_cinerascens	match	6
F1-REF	6	0	sortmerna	0.76:0.9:3:0.8:1.0	SH101869.07FU_FR846385_reps	k__Fungi;p__Glomeromycota;c__Glomeromycetes;o__Diversisporales;f__Acaulosporaceae;g__Acaulospora;s__Acaulospora_cavernata	k__Fungi;p__Glomeromycota;c__Glomeromycetes;o__Diversisporales;f__Acaulosporaceae;g__Acaulospora;s__Acaulospora_punctata	overclassification	6
F1-REF	6	0	sortmerna	0.76:0.9:3:0.8:1.0	SH090988.07FU_JX857799_reps	k__Fungi;p__Basidiomycota;c__Agaricomycetes;o__Agaricales;f__Cortinariaceae;g__Cortinarius	k__Fungi;p__Basidiomycota;c__Agaricomycetes;o__Hymenochaetales;f__Schizoporaceae;g__Xylodon;s__Xylodon_erastii	misclassification	3
F1-REF	6	0	sortmerna	0.76:0.9:3:0.8:1.0	SH126875.07FU_KF854286_reps	k__Fungi	k__Fungi;p__Ascomycota;c__Geoglossomycetes;o__Geoglossales;f__Geoglossaceae;g__Geoglossum;s__Geoglossum_simile	underclassification	1
F1-REF	6	0	sortmerna	0.76:0.9:3:0.8:1.0	SH079333.07FU_AY061665_reps	k__Fungi;p__Basidiomycota;c__Agaricomycetes	k__Fungi;p__Basidiomycota;c__Agaricomycetes;o__Russulales;f__Russulaceae;g__Russula;s__Russula_claroflava	underclassification	3
F1-REF	6	0	sortmerna	0.76:0.9:3:0.8:1.0	SH080568.07FU_UDB016092_refs	Unassigned	k__Fungi;p__Basidiomycota;c__Agaricomycetes;o__Thelephorales;f__Thelephoraceae;g__Amaurodon;s__Amaurodon_mustialaensis	underclassification	0
F1-REF	6	0	sortmerna	0.76:0.9:3:0.8:1.0	SH125067.07FU_DQ534475_reps	Unassigned	k__Fungi;p__Ascomycota;c__Lecanoromycetes;o__Pertusariales;f__Pertusariaceae;g__Pertusaria;s__Pertusaria_excludens	underclassification	0
F1-REF	6	0	sortmerna	0.76:0.9:3:0.8:1.0	SH077874.07FU_UDB008103_reps	Unassigned	k__Fungi;p__Basidiomycota;c__Agaricomycetes;o__Boletales;f__Boletaceae;g__Phylloporus;s__Phylloporus_sp	underclassification	0
F1-REF	6	0	sortmerna	0.76:0.9:3:0.8:1.0	SH107160.07FU_JF740263_refs	k__Fungi;p__Ascomycota;c__Eurotiomycetes;o__Eurotiales;f__Trichocomaceae;g__Aspergillus;s__Aspergillus_proliferans	k__Fungi;p__Ascomycota;c__Dothideomycetes;o__Pleosporales;f__Cucurbitariaceae;g__Pyrenochaetopsis;s__Pyrenochaetopsis_pratorum	misclassification	2
F1-REF	6	0	sortmerna	0.76:0.9:3:0.8:1.0	SH100673.07FU_HM010926_reps	k__Fungi;p__Ascomycota;c__Lecanoromycetes;o__Lecanorales;f__Parmeliaceae	k__Fungi;p__Ascomycota;c__Lecanoromycetes;o__Lecanorales;f__Parmeliaceae;g__Flavoparmelia;s__Flavoparmelia_virensica	underclassification	5
F1-REF	6	0	sortmerna	0.76:0.9:3:0.8:1.0	SH118432.07FU_DQ873618_reps	k__Fungi;p__Basidiomycota;c__Agaricomycetes	k__Fungi;p__Basidiomycota;c__Agaricomycetes;o__Hymenochaetales;f__Schizoporaceae;g__Hyphodontia;s__Hyphodontia_floccosa	underclassification	3
F1-REF	6	0	sortmerna	0.76:0.9:3:0.8:1.0	SH077673.07FU_AF046223_reps	Unassigned	k__Fungi;p__Ascomycota;c__Pezizomycetes;o__Pezizales;f__Helvellaceae;g__Helvella;s__Helvella_dovrensis	underclassification	0
F1-REF	6	0	sortmerna	0.76:0.9:3:0.8:1.0	SH107968.07FU_UDB014162_reps	k__Fungi;p__Basidiomycota;c__Agaricomycetes;o__Trechisporales;f__Hydnodontaceae;g__Sistotremastrum;s__Sistotremastrum_sp	k__Fungi;p__Basidiomycota;c__Agaricomycetes;o__Trechisporales;f__Hydnodontaceae;g__Subulicystidium;s__Subulicystidium_sp	misclassification	5
F1-REF	6	0	sortmerna	0.76:0.9:3:0.8:1.0	SH090855.07FU_EU057000_refs	k__Fungi;p__Basidiomycota;c__Agaricomycetes;o__Agaricales;f__Cortinariaceae;g__Cortinarius	k__Fungi;p__Basidiomycota;c__Agaricomycetes;o__Agaricales;f__Cortinariaceae;g__Cortinarius;s__Cortinarius_jardinensis	match	6
F1-REF	6	0	sortmerna	0.76:0.9:3:0.8:1.0	SH099607.07FU_Z54109_reps	k__Fungi;p__Ascomycota;c__Sordariomycetes;o__Hypocreales;f__Cordycipitaceae;g__Cordyceps;s__Cordyceps_bassiana	k__Fungi;p__Ascomycota;c__Sordariomycetes;o__Hypocreales;f__Cordycipitaceae;g__Beauveria;s__Beauveria_vermiconia	misclassification	5
F1-REF	6	0	sortmerna	0.76:0.9:3:0.8:1.0	SH094441.07FU_UDB012509_reps	k__Fungi;p__Basidiomycota;c__Agaricomycetes;o__Agaricales;f__Cortinariaceae;g__Cortinarius	k__Fungi;p__Basidiomycota;c__Agaricomycetes;o__Agaricales;f__Cortinariaceae;g__Cortinarius;s__Cortinarius_fulvescens	match	6
F1-REF	6	0	sortmerna	0.76:0.9:3:0.8:1.0	SH089233.07FU_JF519061_reps	k__Fungi;p__Basidiomycota;c__Agaricomycetes	k__Fungi;p__Basidiomycota;c__Agaricomycetes;o__Thelephorales;f__Thelephoraceae;g__Tomentella;s__Tomentella_punicea	underclassification	3
F1-REF	6	0	sortmerna	0.76:0.9:3:0.8:1.0	SH100759.07FU_HM056199_refs	Unassigned	k__Fungi;p__Ascomycota;c__Pezizomycetes;o__Pezizales;f__Pezizaceae;g__Terfezia;s__Terfezia_extremadurensis	underclassification	0
F1-REF	6	0	sortmerna	0.76:0.9:3:0.8:1.0	SH107631.07FU_GU319999_reps	k__Fungi;p__Ascomycota;c__Eurotiomycetes;o__Eurotiales;f__Trichocomaceae;g__Penicillium	k__Fungi;p__Ascomycota;c__Eurotiomycetes;o__Eurotiales;f__Trichocomaceae;g__Penicillium;s__Penicillium_commune	match	6
F1-REF	6	0	sortmerna	0.76:0.9:3:0.8:1.0	SH126339.07FU_KF764563_refs	k__Fungi;p__Ascomycota;c__Sordariomycetes;o__Diaporthales;f__Togniniaceae;g__Phaeoacremonium;s__Phaeoacremonium_rubrigenum	k__Fungi;p__Ascomycota;c__Sordariomycetes;o__Diaporthales;f__Togniniaceae;g__Phaeoacremonium;s__Phaeoacremonium_hispanicum	overclassification	6
F1-REF	6	0	sortmerna	0.76:0.9:3:0.8:1.0	SH090050.07FU_UDB018689_reps	Unassigned	k__Fungi;p__Basidiomycota;c__Agaricomycetes;o__Polyporales;f__Phanerochaetaceae;g__Phanerochaete;s__Phanerochaete_tuberculata	underclassification	0
F1-REF	6	0	sortmerna	0.76:0.9:3:0.8:1.0	SH121497.07FU_JX893021_reps	Unassigned	k__Fungi;p__Ascomycota;c__Dothideomycetes;o__Pleosporales;f__Pleosporaceae;g__Alternariaster;s__Alternariaster_helianthi	underclassification	0
F1-REF	6	0	sortmerna	0.76:0.9:3:0.8:1.0	SH086611.07FU_KJ775674_refs	k__Fungi;p__Ascomycota;c__Eurotiomycetes;o__Eurotiales;f__Trichocomaceae;g__Penicillium	k__Fungi;p__Ascomycota;c__Eurotiomycetes;o__Eurotiales;f__Trichocomaceae;g__Penicillium;s__Penicillium_singorense	match	6
F1-REF	6	0	sortmerna	0.76:0.9:3:0.8:1.0	SH102261.07FU_HE792978_reps	Unassigned	k__Fungi;p__Ascomycota;c__Sordariomycetes;o__Hypocreales;f__Hypocreaceae;g__Cladobotryum;s__Cladobotryum_soroaense	underclassification	0
F1-REF	6	0	sortmerna	0.76:0.9:3:0.8:1.0	SH091797.07FU_AM922220_reps	k__Fungi;p__Ascomycota;c__Sordariomycetes;o__Sordariales;f__Lasiosphaeriaceae;g__Lasiosphaeria;s__Lasiosphaeria_ovina	k__Fungi;p__Ascomycota;c__Sordariomycetes;o__Xylariales;f__Xylariaceae;g__Biscogniauxia;s__Biscogniauxia_anceps	misclassification	3
F1-REF	6	0	sortmerna	0.76:0.9:3:0.8:1.0	SH093177.07FU_AB859762_reps	k__Fungi;p__Ascomycota;c__Dothideomycetes;o__Pleosporales;f__Pleosporaceae;g__Curvularia	k__Fungi;p__Ascomycota;c__Dothideomycetes;o__Pleosporales;f__Pleosporaceae;g__Curvularia;s__Curvularia_tsudae	match	6
F1-REF	6	0	sortmerna	0.76:0.9:3:0.8:1.0	SH118893.07FU_UDB001739_refs	k__Fungi;p__Basidiomycota;c__Agaricomycetes	k__Fungi;p__Basidiomycota;c__Agaricomycetes;o__Atheliales;f__Atheliaceae;g__Piloderma;s__Piloderma_byssinum	underclassification	3
F1-REF	6	0	sortmerna	0.76:0.9:3:0.8:1.0	SH098659.07FU_AY257962_reps	k__Fungi;p__Ascomycota;c__Lecanoromycetes;o__Peltigerales;f__Peltigeraceae;g__Peltigera	k__Fungi;p__Ascomycota;c__Lecanoromycetes;o__Peltigerales;f__Peltigeraceae;g__Peltigera;s__Peltigera_elisabethae	match	6
F1-REF	6	0	sortmerna	0.76:0.9:3:0.8:1.0	SH086887.07FU_AF210674_refs	k__Fungi;p__Ascomycota;c__Sordariomycetes;o__Hypocreales;f__Bionectriaceae;g__Clonostachys;s__Clonostachys_divergens	k__Fungi;p__Ascomycota;c__Sordariomycetes;o__Hypocreales;f__Bionectriaceae;g__Clonostachys;s__Clonostachys_miodochialis	overclassification	6
F1-REF	6	0	sortmerna	0.76:0.9:3:0.8:1.0	SH100930.07FU_EU101315_refs	k__Fungi;p__Ascomycota;c__Dothideomycetes;o__Botryosphaeriales;f__Aplosporellaceae;g__Aplosporella	k__Fungi;p__Ascomycota;c__Dothideomycetes;o__Botryosphaeriales;f__Aplosporellaceae;g__Aplosporella;s__Aplosporella_africana	match	6
F1-REF	6	0	sortmerna	0.76:0.9:3:0.8:1.0	SH076641.07FU_KC965275_reps	k__Fungi;p__Ascomycota;c__Leotiomycetes;o__Helotiales;f__Helotiaceae;g__Hymenoscyphus;s__Hymenoscyphus_sp	k__Fungi;p__Ascomycota;c__Leotiomycetes;o__Helotiales;f__Helotiaceae;g__Rhizoscyphus;s__Rhizoscyphus_sp	misclassification	5
F1-REF	6	0	sortmerna	0.76:0.9:3:0.8:1.0	SH081944.07FU_AB525941_reps	k__Fungi;p__Ascomycota	k__Fungi;p__Ascomycota;c__Leotiomycetes;o__Erysiphales;f__Erysiphaceae;g__Podosphaera;s__Podosphaera_clandestina	underclassification	2
F1-REF	6	0	sortmerna	0.76:0.9:3:0.8:1.0	SH111511.07FU_DQ389727_reps	Unassigned	k__Fungi;p__Basidiomycota;c__Agaricomycetes;o__Agaricales;f__Psathyrellaceae;g__Coprinopsis;s__Coprinopsis_pannucioides	underclassification	0
F1-REF	6	0	sortmerna	0.76:0.9:3:0.8:1.0	SH091474.07FU_EF652426_refs	k__Fungi;p__Ascomycota;c__Eurotiomycetes;o__Eurotiales;f__Trichocomaceae;g__Aspergillus	k__Fungi;p__Ascomycota;c__Eurotiomycetes;o__Eurotiales;f__Trichocomaceae;g__Aspergillus;s__Aspergillus_stellatus	match	6
F1-REF	6	0	sortmerna	0.76:0.9:3:0.8:1.0	SH092411.07FU_FJ025341_reps	k__Fungi;p__Ascomycota;c__Dothideomycetes;o__Botryosphaeriales;f__Botryosphaeriaceae;g__Microdiplodia;s__Microdiplodia_sp	k__Fungi;p__Ascomycota;c__Dothideomycetes;o__Pleosporales;f__Montagnulaceae;g__Paracamarosporium;s__Paracamarosporium_fagi	misclassification	3
F1-REF	6	0	sortmerna	0.76:0.9:3:0.8:1.0	SH110163.07FU_AB037401_refs	Unassigned	k__Fungi;p__Ascomycota;c__Saccharomycetes;o__Saccharomycetales;f__Saccharomycetaceae;g__Lachancea;s__Lachancea_kluyveri	underclassification	0
F1-REF	6	0	sortmerna	0.76:0.9:3:0.8:1.0	SH087976.07FU_JQ087877_refs	k__Fungi;p__Basidiomycota;c__Agaricomycetes;o__Hymenochaetales;f__Hymenochaetaceae	k__Fungi;p__Basidiomycota;c__Agaricomycetes;o__Hymenochaetales;f__Hymenochaetaceae;g__Fomitiporia;s__Fomitiporia_cupressicola	underclassification	5
F1-REF	6	0	sortmerna	0.76:0.9:3:0.8:1.0	SH103968.07FU_AY616689_refs	k__Fungi;p__Ascomycota;c__Sordariomycetes;o__Xylariales;f__Xylariaceae;g__Hypoxylon;s__Hypoxylon_howeanum	k__Fungi;p__Ascomycota;c__Sordariomycetes;o__Xylariales;f__Xylariaceae;g__Hypoxylon;s__Hypoxylon_fragiforme	overclassification	6
F1-REF	6	0	sortmerna	0.76:0.9:3:0.8:1.0	SH111267.07FU_JF908093_reps	Unassigned	k__Fungi;p__Basidiomycota;c__Agaricomycetes;o__Agaricales;f__Inocybaceae;g__Inocybe;s__Inocybe_dunensis	underclassification	0
F1-REF	6	0	sortmerna	0.76:0.9:3:0.8:1.0	SH135217.07FU_KF732397_refs	k__Fungi;p__Basidiomycota;c__Agaricomycetes;o__Agaricales;f__Cortinariaceae;g__Cortinarius	k__Fungi;p__Basidiomycota;c__Agaricomycetes;o__Agaricales;f__Cortinariaceae;g__Cortinarius;s__Cortinarius_pseudonaevosus	match	6
F1-REF	6	0	sortmerna	0.76:0.9:3:0.8:1.0	SH105769.07FU_HQ021865_reps	k__Fungi;p__Basidiomycota;c__Agaricomycetes;o__Agaricales;f__Clavariaceae;g__Clavulinopsis;s__Clavulinopsis_laeticolor	k__Fungi;p__Basidiomycota;c__Agaricomycetes;o__Agaricales;f__Clavariaceae;g__Clavulinopsis;s__Clavulinopsis_fusiformis	overclassification	6
F1-REF	6	0	sortmerna	0.76:0.9:3:0.8:1.0	SH132839.07FU_JN159512_reps	k__Fungi;p__Basidiomycota;c__Agaricomycetes;o__Agaricales;f__Psathyrellaceae;g__Coprinellus	k__Fungi;p__Basidiomycota;c__Agaricomycetes;o__Agaricales;f__Psathyrellaceae;g__Coprinellus;s__Coprinellus_plagioporus	match	6
F1-REF	6	0	sortmerna	0.76:0.9:3:0.8:1.0	SH105225.07FU_AM949568_refs	Unassigned	k__Fungi;p__Ascomycota;c__Eurotiomycetes;o__Onygenales;f__Onygenaceae;g__Chrysosporium;s__Chrysosporium_speluncarum	underclassification	0
F1-REF	6	0	sortmerna	0.76:0.9:3:0.8:1.0	SH122623.07FU_JQ989328_refs	Unassigned	k__Fungi;p__Ascomycota;c__Pezizomycetes;o__Pezizales;f__Pyronemataceae;g__Wilcoxina;s__Wilcoxina_rehmii	underclassification	0
F1-REF	6	0	sortmerna	0.76:0.9:3:0.8:1.0	SH131581.07FU_UDB004940_reps	k__Fungi;p__Basidiomycota;c__Agaricomycetes;o__Agaricales;f__Tricholomataceae;g__Tricholoma;s__Tricholoma_basirubens	k__Fungi;p__Basidiomycota;c__Agaricomycetes;o__Agaricales;f__Tricholomataceae;g__Tricholoma;s__Tricholoma_squarrulosum	overclassification	6
F1-REF	6	0	sortmerna	0.76:0.9:3:0.8:1.0	SH079294.07FU_HQ604322_reps	Unassigned	k__Fungi;p__Basidiomycota;c__Agaricomycetes;o__Agaricales;f__Inocybaceae;g__Inocybe;s__Inocybe_fuscidula	underclassification	0
F1-REF	6	0	sortmerna	0.76:0.9:3:0.8:1.0	SH083610.07FU_EF409749_reps	Unassigned	k__Fungi;p__Basidiomycota;c__Agaricomycetes;o__Agaricales;f__Pleurotaceae;g__Nematoctonus;s__Nematoctonus_pachysporus	underclassification	0
F1-REF	6	0	sortmerna	0.76:0.9:3:0.8:1.0	SH102856.07FU_KF617815_reps	k__Fungi;p__Ascomycota;c__Leotiomycetes;o__Rhytismatales;f__Cudoniaceae	k__Fungi;p__Ascomycota;c__Leotiomycetes;o__Rhytismatales;f__Cudoniaceae;g__Spathularia;s__Spathularia_sp	underclassification	5
F1-REF	6	0	sortmerna	0.76:0.9:3:0.8:1.0	SH115732.07FU_KJ816758_reps	k__Fungi;p__Ascomycota;c__Lecanoromycetes;o__Teloschistales;f__Teloschistaceae;g__Caloplaca	k__Fungi;p__Ascomycota;c__Lecanoromycetes;o__Teloschistales;f__Teloschistaceae;g__Caloplaca;s__Caloplaca_sp	match	6
F1-REF	6	0	sortmerna	0.76:0.9:3:0.8:1.0	SH092853.07FU_AB125957_reps	k__Fungi;p__Basidiomycota;c__Pucciniomycetes;o__Pucciniales;f__Pucciniaceae;g__Puccinia;s__Puccinia_convolvuli	k__Fungi;p__Basidiomycota;c__Pucciniomycetes;o__Pucciniales;f__Pucciniaceae;g__Puccinia;s__Puccinia_calystegiae-soldanellae	overclassification	6
F1-REF	6	0	sortmerna	0.76:0.9:3:0.8:1.0	SH132516.07FU_KC691205_refs	k__Fungi;p__Basidiomycota;c__Agaricomycetes;o__Russulales;f__Russulaceae;g__Lactarius	k__Fungi;p__Basidiomycota;c__Agaricomycetes;o__Russulales;f__Russulaceae;g__Lactarius;s__Lactarius_rubidus	match	6
F1-REF	6	0	sortmerna	0.76:0.9:3:0.8:1.0	SH110778.07FU_AF491573_reps	Unassigned	k__Fungi;p__Ascomycota;c__Pezizomycetes;o__Pezizales;f__Pezizaceae;g__Peziza;s__Peziza_echinospora	underclassification	0
F1-REF	6	0	sortmerna	0.76:0.9:3:0.8:1.0	SH122063.07FU_EU784249_refs	Unassigned	k__Fungi;p__Basidiomycota;c__Agaricomycetes;o__Geastrales;f__Geastraceae;g__Geastrum;s__Geastrum_striatum	underclassification	0
F1-REF	6	0	sortmerna	0.76:0.9:3:0.8:1.0	SH102851.07FU_KC833140_reps	k__Fungi;p__Ascomycota;c__Leotiomycetes;o__Rhytismatales;f__Cudoniaceae;g__Cudonia	k__Fungi;p__Ascomycota;c__Leotiomycetes;o__Rhytismatales;f__Cudoniaceae;g__Cudonia;s__Cudonia_lutea	match	6
F1-REF	6	0	sortmerna	0.76:0.9:3:0.8:1.0	SH109197.07FU_DQ303006_reps	k__Fungi;p__Ascomycota;c__Dothideomycetes;o__Capnodiales;f__Teratosphaeriaceae;g__Pseudoteratosphaeria	k__Fungi;p__Ascomycota;c__Dothideomycetes;o__Capnodiales;f__Teratosphaeriaceae;g__Pseudoteratosphaeria;s__Pseudoteratosphaeria_perpendicularis	match	6
F1-REF	6	0	sortmerna	0.76:0.9:3:0.8:1.0	SH092977.07FU_AF011307_refs	k__Fungi;p__Ascomycota;c__Leotiomycetes;o__Erysiphales;f__Erysiphaceae;g__Erysiphe	k__Fungi;p__Ascomycota;c__Leotiomycetes;o__Erysiphales;f__Erysiphaceae;g__Erysiphe;s__Erysiphe_polygoni	match	6
F1-REF	6	0	sortmerna	0.76:0.9:3:0.8:1.0	SH113195.07FU_DQ104714_refs	k__Fungi;p__Ascomycota;c__Saccharomycetes;o__Saccharomycetales;f__Pichiaceae;g__Pichia;s__Pichia_membranifaciens	k__Fungi;p__Ascomycota;c__Saccharomycetes;o__Saccharomycetales;f__Pichiaceae;g__Pichia;s__Pichia_mandshurica	overclassification	6
F1-REF	6	0	sortmerna	0.76:0.9:3:0.8:1.0	SH111303.07FU_KC966124_reps	k__Fungi	k__Fungi;p__Basidiomycota;c__Tremellomycetes;o__Cystofilobasidiales;f__Cystofilobasidiaceae;g__Mrakia;s__Mrakia_cryoconiti	underclassification	1
F1-REF	6	0	sortmerna	0.76:0.9:3:0.8:1.0	SH123164.07FU_EU722342_reps	Unassigned	k__Fungi;p__Ascomycota;c__Lecanoromycetes;o__Teloschistales;f__Caliciaceae;g__Dirinaria;s__Dirinaria_applanata	underclassification	0
F1-REF	6	0	sortmerna	0.76:0.9:3:0.8:1.0	SH096846.07FU_UDB000910_reps	k__Fungi;p__Basidiomycota;c__Agaricomycetes;o__Russulales;f__Russulaceae;g__Russula	k__Fungi;p__Basidiomycota;c__Agaricomycetes;o__Russulales;f__Russulaceae;g__Russula;s__Russula_lilacea	match	6
F1-REF	6	0	sortmerna	0.76:0.9:3:0.8:1.0	SH110673.07FU_HM152006_reps	k__Fungi;p__Ascomycota;c__Pezizomycetes;o__Pezizales;f__Tuberaceae;g__Tuber;s__Tuber_excavatum	k__Fungi;p__Ascomycota;c__Pezizomycetes;o__Pezizales;f__Tuberaceae;g__Tuber;s__Tuber_fulgens	overclassification	6
F1-REF	6	0	sortmerna	0.76:0.9:3:0.8:1.0	SH132819.07FU_GU227717_refs	k__Fungi;p__Basidiomycota;c__Agaricomycetes;o__Agaricales;f__Psathyrellaceae;g__Coprinellus	k__Fungi;p__Basidiomycota;c__Agaricomycetes;o__Agaricales;f__Psathyrellaceae;g__Coprinellus;s__Coprinellus_radicellus	match	6
F1-REF	6	0	sortmerna	0.76:0.9:3:0.8:1.0	SH132641.07FU_JQ677050_reps	Unassigned	k__Fungi;p__Basidiomycota;c__Agaricomycetes;o__Cantharellales;f__Clavulinaceae;g__Clavulina;s__Clavulina_cirrhata	underclassification	0
F1-REF	6	0	sortmerna	0.76:0.9:3:0.8:1.0	SH089705.07FU_EU142935_reps	Unassigned	k__Fungi;p__Ascomycota;c__Lecanoromycetes;o__Peltigerales;f__Coccocarpiaceae;g__Coccocarpia;s__Coccocarpia_palmicola	underclassification	0
F1-REF	6	0	sortmerna	0.76:0.9:3:0.8:1.0	SH092643.07FU_UDB002498_refs	k__Fungi;p__Basidiomycota;c__Agaricomycetes;o__Russulales;f__Russulaceae;g__Russula	k__Fungi;p__Basidiomycota;c__Agaricomycetes;o__Russulales;f__Russulaceae;g__Russula;s__Russula_maculata	match	6
F1-REF	6	0	sortmerna	0.76:0.9:3:0.8:1.0	SH100618.07FU_AF492089_reps	k__Fungi;p__Ascomycota;c__Taphrinomycetes;o__Taphrinales;f__Taphrinaceae;g__Taphrina	k__Fungi;p__Ascomycota;c__Taphrinomycetes;o__Taphrinales;f__Taphrinaceae;g__Taphrina;s__Taphrina_confusa	match	6
F1-REF	6	0	sortmerna	0.76:0.9:3:0.8:1.0	SH135646.07FU_AY669563_reps	k__Fungi;p__Basidiomycota;c__Agaricomycetes;o__Agaricales;f__Cortinariaceae;g__Cortinarius	k__Fungi;p__Basidiomycota;c__Agaricomycetes;o__Agaricales;f__Cortinariaceae;g__Cortinarius;s__Cortinarius_subarquatus	match	6
F1-REF	6	0	sortmerna	0.76:0.9:3:0.8:1.0	SH097524.07FU_GQ892988_reps	Unassigned	k__Fungi;p__Basidiomycota;c__Agaricomycetes;o__Agaricales;f__Inocybaceae;g__Inocybe;s__Inocybe_angustifolia	underclassification	0
F1-REF	6	0	sortmerna	0.76:0.9:3:0.8:1.0	SH548528.07FU_JX514118_reps	k__Fungi;p__Basidiomycota;c__Agaricomycetes;o__Agaricales	k__Fungi;p__Basidiomycota;c__Agaricomycetes;o__Agaricales;f__Tricholomataceae;g__Singerocybe;s__Singerocybe_clitocyboides	underclassification	4
F1-REF	6	0	sortmerna	0.76:0.9:3:0.8:1.0	SH097206.07FU_FJ860836_refs	k__Fungi;p__Ascomycota;c__Sordariomycetes;o__Hypocreales;f__Hypocreaceae;g__Trichoderma	k__Fungi;p__Ascomycota;c__Sordariomycetes;o__Hypocreales;f__Hypocreaceae;g__Trichoderma;s__Trichoderma_silvae-virgineae	match	6
F1-REF	6	0	sortmerna	0.76:0.9:3:0.8:1.0	SH107989.07FU_UDB018057_reps	k__Fungi;p__Basidiomycota;c__Agaricomycetes	k__Fungi;p__Basidiomycota;c__Agaricomycetes;o__Russulales;f__Albatrellaceae;g__Albatrellus;s__Albatrellus_ovinus	underclassification	3
F1-REF	6	0	sortmerna	0.76:0.9:3:0.8:1.0	SH088242.07FU_AY880943_refs	Unassigned	k__Fungi;p__Basidiomycota;c__Agaricomycetes;o__Boletales;f__Rhizopogonaceae;g__Rhizopogon;s__Rhizopogon_sp	underclassification	0
F1-REF	6	0	sortmerna	0.76:0.9:3:0.8:1.0	SH121750.07FU_AF210670_reps	Unassigned	k__Fungi;p__Ascomycota;c__Sordariomycetes;o__Hypocreales;f__Bionectriaceae;g__Bionectria;s__Bionectria_setosa	underclassification	0
F1-REF	6	0	sortmerna	0.76:0.9:3:0.8:1.0	SH086677.07FU_AY742699_refs	k__Fungi;p__Ascomycota;c__Eurotiomycetes;o__Eurotiales;f__Trichocomaceae	k__Fungi;p__Ascomycota;c__Eurotiomycetes;o__Eurotiales;f__Trichocomaceae;g__Penicillium;s__Penicillium_chermesinum	underclassification	5
F1-REF	6	0	sortmerna	0.76:0.9:3:0.8:1.0	SH120829.07FU_JX415339_reps	k__Fungi;p__Glomeromycota;c__Glomeromycetes;o__Archaeosporales;f__Archaeosporaceae;g__Archaeospora;s__Archaeospora_trappei	k__Fungi;p__Ascomycota;c__Pezizomycetes;o__Pezizales;f__Pezizaceae;g__Peziza;s__Peziza_oliviae	misclassification	1
F1-REF	6	0	sortmerna	0.76:0.9:3:0.8:1.0	SH113448.07FU_UDB000571_refs	k__Fungi	k__Fungi;p__Basidiomycota;c__Agaricomycetes;o__Agaricales;f__Hygrophoraceae;g__Hygrophorus;s__Hygrophorus_nemoreus	underclassification	1
F1-REF	6	0	sortmerna	0.76:0.9:3:0.8:1.0	SH129536.07FU_JF832597_refs	k__Fungi;p__Ascomycota;c__Sordariomycetes;o__Hypocreales;f__Nectriaceae;g__Pleonectria;s__Pleonectria_cucurbitula	k__Fungi;p__Ascomycota;c__Sordariomycetes;o__Hypocreales;f__Nectriaceae;g__Pleonectria;s__Pleonectria_aquifolii	overclassification	6
F1-REF	6	0	sortmerna	0.76:0.9:3:0.8:1.0	SH135185.07FU_UDB015567_refs	k__Fungi;p__Basidiomycota;c__Agaricomycetes;o__Agaricales;f__Agaricaceae	k__Fungi;p__Basidiomycota;c__Agaricomycetes;o__Agaricales;f__Agaricaceae;g__Chamaemyces;s__Chamaemyces_fracidus	underclassification	5
F1-REF	6	0	sortmerna	0.76:0.9:3:0.8:1.0	SH096786.07FU_DQ911600_reps	k__Fungi;p__Basidiomycota;c__Agaricomycetes;o__Agaricales;f__Agaricaceae	k__Fungi;p__Basidiomycota;c__Agaricomycetes;o__Agaricales;f__Agaricaceae;g__Leucoagaricus;s__Leucoagaricus_barssii	underclassification	5
F1-REF	6	0	sortmerna	0.76:0.9:3:0.8:1.0	SH126016.07FU_KF773779_refs	k__Fungi;p__Basidiomycota;c__Agaricomycetes;o__Sebacinales;f__Sebacinaceae;g__Sebacina	k__Fungi;p__Basidiomycota;c__Agaricomycetes;o__Sebacinales;f__Sebacinaceae;g__Sebacina;s__Sebacina_tomentosa	match	6
F1-REF	6	0	sortmerna	0.76:0.9:3:0.8:1.0	SH128160.07FU_JN857233_reps	k__Fungi;p__Ascomycota;c__Orbiliomycetes;o__Orbiliales;f__Orbiliaceae;g__Orbilia;s__Orbilia_phragmotricha	k__Fungi;p__Ascomycota;c__Lecanoromycetes;o__Peltigerales;f__Nephromataceae;g__Nephroma;s__Nephroma_cellulosum	misclassification	2
F1-REF	6	0	sortmerna	0.76:0.9:3:0.8:1.0	SH100767.07FU_UDB017394_reps	k__Fungi;p__Ascomycota;c__Pezizomycetes;o__Pezizales;f__Pezizaceae;g__Peziza	k__Fungi;p__Ascomycota;c__Pezizomycetes;o__Pezizales;f__Pezizaceae;g__Peziza;s__Peziza_depressa	match	6
F1-REF	6	0	sortmerna	0.76:0.9:3:0.8:1.0	SH103401.07FU_HQ149687_refs	k__Fungi;p__Ascomycota;c__Dothideomycetes;o__Capnodiales;f__Mycosphaerellaceae	k__Fungi;p__Ascomycota;c__Dothideomycetes;o__Capnodiales;f__Mycosphaerellaceae;g__Ramichloridium;s__Ramichloridium_ducassei	underclassification	5
F1-REF	6	0	sortmerna	0.76:0.9:3:0.8:1.0	SH116413.07FU_GU981574_refs	k__Fungi;p__Ascomycota;c__Eurotiomycetes;o__Eurotiales;f__Trichocomaceae;g__Penicillium	k__Fungi;p__Ascomycota;c__Eurotiomycetes;o__Eurotiales;f__Trichocomaceae;g__Penicillium;s__Penicillium_vanderhammenii	match	6
F1-REF	6	0	sortmerna	0.76:0.9:3:0.8:1.0	SH096647.07FU_UDB011584_refs	Unassigned	k__Fungi;p__Basidiomycota;c__Agaricomycetes;o__Agaricales;f__Tricholomataceae;g__Tricholoma;s__Tricholoma_sulphureum	underclassification	0
F1-REF	6	0	sortmerna	0.76:0.9:3:0.8:1.0	SH094155.07FU_AF132502_reps	k__Fungi;p__Ascomycota;c__Pezizomycetes;o__Pezizales;f__Tuberaceae;g__Tuber;s__Tuber_sinense	k__Fungi;p__Ascomycota;c__Pezizomycetes;o__Pezizales;f__Tuberaceae;g__Tuber;s__Tuber_indicum	overclassification	6
F1-REF	6	0	sortmerna	0.76:0.9:3:0.8:1.0	SH125014.07FU_FN549910_refs	k__Fungi;p__Ascomycota;c__Sordariomycetes	k__Fungi;p__Ascomycota;c__Dothideomycetes;o__Venturiales;f__Venturiaceae;g__Fusicladium;s__Fusicladium_cordae	misclassification	2
F1-REF	6	0	sortmerna	0.76:0.9:3:0.8:1.0	SH536983.07FU_KJ938856_reps	Unassigned	k__Fungi;p__Ascomycota;c__Pezizomycetes;o__Pezizales;f__Pyronemataceae;g__Genea;s__Genea_lobulata	underclassification	0
F1-REF	6	0	sortmerna	0.76:0.9:3:0.8:1.0	SH093337.07FU_HM036605_reps	k__Fungi;p__Basidiomycota;c__Agaricomycetes;o__Hymenochaetales;f__Repetobasidiaceae;g__Sidera;s__Sidera_sp	k__Fungi;p__Ascomycota;c__Eurotiomycetes;o__Eurotiales;f__Trichocomaceae;g__Penicillium;s__Penicillium_chrysogenum	misclassification	1
F1-REF	6	0	sortmerna	0.76:0.9:3:0.8:1.0	SH081613.07FU_FJ176721_refs	k__Fungi;p__Basidiomycota;c__Agaricomycetes;o__Agaricales;f__Amanitaceae;g__Amanita	k__Fungi;p__Basidiomycota;c__Agaricomycetes;o__Agaricales;f__Amanitaceae;g__Amanita;s__Amanita_fuligineoides	match	6
F1-REF	6	0	sortmerna	0.76:0.9:3:0.8:1.0	SH110116.07FU_AY386822_reps	k__Fungi;p__Basidiomycota;c__Agaricomycetes;o__Agaricales;f__Strophariaceae;g__Pholiota;s__Pholiota_gallica	k__Fungi;p__Basidiomycota;c__Agaricomycetes;o__Agaricales;f__Strophariaceae;g__Gymnopilus;s__Gymnopilus_purpuratus	misclassification	5
F1-REF	6	0	sortmerna	0.76:0.9:3:0.8:1.0	SH124157.07FU_UDB011562_refs	Unassigned	k__Fungi;p__Basidiomycota;c__Agaricomycetes;o__Agaricales;f__Tricholomataceae;g__Tricholoma;s__Tricholoma_fucatum	underclassification	0
F1-REF	6	0	sortmerna	0.76:0.9:3:0.8:1.0	SH121349.07FU_AB077659_refs	k__Fungi;p__Ascomycota;c__Leotiomycetes;o__Erysiphales;f__Erysiphaceae;g__Golovinomyces	k__Fungi;p__Ascomycota;c__Leotiomycetes;o__Erysiphales;f__Erysiphaceae;g__Golovinomyces;s__Golovinomyces_artemisiae	match	6
F1-REF	6	0	sortmerna	0.76:0.9:3:0.8:1.0	SH103849.07FU_FM163189_reps	k__Fungi;p__Basidiomycota;c__Agaricomycetes;o__Agaricales;f__Psathyrellaceae;g__Parasola	k__Fungi;p__Basidiomycota;c__Agaricomycetes;o__Agaricales;f__Psathyrellaceae;g__Parasola;s__Parasola_plicatilis	match	6
F1-REF	6	0	sortmerna	0.76:0.9:3:0.8:1.0	SH094916.07FU_KJ831890_reps	Unassigned	k__Fungi;p__Basidiomycota;c__Agaricomycetes;o__Russulales;f__Peniophoraceae;g__Peniophora;s__Peniophora_sp	underclassification	0
F1-REF	6	0	sortmerna	0.76:0.9:3:0.8:1.0	SH096478.07FU_KC176279_reps	k__Fungi;p__Basidiomycota;c__Agaricomycetes;o__Agaricales;f__Entolomataceae;g__Clitopilus	k__Fungi;p__Basidiomycota;c__Agaricomycetes;o__Agaricales;f__Entolomataceae;g__Clitopilus;s__Clitopilus_passeckerianus	match	6
F1-REF	6	0	sortmerna	0.76:0.9:3:0.8:1.0	SH098656.07FU_FJ596896_reps	Unassigned	k__Fungi;p__Basidiomycota;c__Agaricomycetes;o__Agaricales;f__Tricholomataceae;g__Clitocybe;s__Clitocybe_sp	underclassification	0
F1-REF	6	0	sortmerna	0.76:0.9:3:0.8:1.0	SH119885.07FU_KF853415_reps	Unassigned	k__Fungi;p__Basidiomycota;c__Agaricomycetes;o__Agaricales;f__Agaricaceae;g__Leucoagaricus;s__Leucoagaricus_croceobasis	underclassification	0
F1-REF	6	0	sortmerna	0.76:0.9:3:0.8:1.0	SH111358.07FU_JX092086_refs	Unassigned	k__Fungi;p__Ascomycota;c__Pezizomycetes;o__Pezizales;f__Tuberaceae;g__Tuber;s__Tuber_sinosphaerosporum	underclassification	0
F1-REF	6	0	sortmerna	0.76:0.9:3:0.8:1.0	SH111531.07FU_EU118644_refs	Unassigned	k__Fungi;p__Basidiomycota;c__Agaricomycetes;o__Boletales;f__Hygrophoropsidaceae;g__Leucogyrophana;s__Leucogyrophana_romellii	underclassification	0
F1-REF	6	0	sortmerna	0.76:0.9:3:0.8:1.0	SH128311.07FU_JF907910_reps	k__Fungi;p__Basidiomycota;c__Agaricomycetes	k__Fungi;p__Basidiomycota;c__Agaricomycetes;o__Agaricales;f__Cortinariaceae;g__Cortinarius;s__Cortinarius_riederi	underclassification	3
F1-REF	6	0	sortmerna	0.76:0.9:3:0.8:1.0	SH098450.07FU_HQ692575_reps	k__Fungi;p__Ascomycota;c__Sordariomycetes;o__Xylariales;f__Diatrypaceae;g__Eutypella;s__Eutypella_vitis	k__Fungi;p__Ascomycota;c__Sordariomycetes;o__Xylariales;f__Diatrypaceae;g__Eutypella;s__Eutypella_citricola	overclassification	6
F1-REF	6	0	sortmerna	0.76:0.9:3:0.8:1.0	SH106346.07FU_HE866704_reps	k__Fungi;p__Ascomycota;c__Sordariomycetes;o__Ophiostomatales;f__Ophiostomataceae;g__Grosmannia	k__Fungi;p__Ascomycota;c__Sordariomycetes;o__Ophiostomatales;f__Ophiostomataceae;g__Grosmannia;s__Grosmannia_europhioides	match	6
F1-REF	6	0	sortmerna	0.76:0.9:3:0.8:1.0	SH082589.07FU_AB711997_reps	k__Fungi;p__Basidiomycota;c__Agaricomycetes;o__Agaricales;f__Hydnangiaceae	k__Fungi;p__Basidiomycota;c__Agaricomycetes;o__Agaricales;f__Hydnangiaceae;g__Laccaria;s__Laccaria_sp	underclassification	5
F1-REF	6	0	sortmerna	0.76:0.9:3:0.8:1.0	SH135366.07FU_JX045675_refs	k__Fungi;p__Basidiomycota;c__Agaricomycetes;o__Agaricales;f__Cortinariaceae;g__Cortinarius	k__Fungi;p__Basidiomycota;c__Agaricomycetes;o__Agaricales;f__Cortinariaceae;g__Cortinarius;s__Cortinarius_harrisonii	match	6
F1-REF	6	0	sortmerna	0.76:0.9:3:0.8:1.0	SH536326.07FU_LC042528_reps	k__Fungi;p__Ascomycota;c__Sordariomycetes	k__Fungi;p__Ascomycota;c__Sordariomycetes;o__Hypocreales;f__Ophiocordycipitaceae;g__Ophiocordyceps;s__Ophiocordyceps_sp	underclassification	3
F1-REF	6	0	sortmerna	0.76:0.9:3:0.8:1.0	SH132529.07FU_UDB000368_refs	k__Fungi;p__Basidiomycota;c__Agaricomycetes;o__Russulales;f__Russulaceae;g__Lactarius	k__Fungi;p__Basidiomycota;c__Agaricomycetes;o__Russulales;f__Russulaceae;g__Lactarius;s__Lactarius_torminosus	match	6
F1-REF	6	0	sortmerna	0.76:0.9:3:0.8:1.0	SH117507.07FU_JN615481_reps	k__Fungi;p__Ascomycota;c__Sordariomycetes;o__Hypocreales	k__Fungi;p__Ascomycota;c__Sordariomycetes;o__Hypocreales;f__Nectriaceae;g__Cosmospora;s__Cosmospora_sp	underclassification	4
F1-REF	6	0	sortmerna	0.76:0.9:3:0.8:1.0	SH126610.07FU_FN669197_reps	Unassigned	k__Fungi;p__Basidiomycota;c__Agaricomycetes;o__Agaricales;f__Entolomataceae;g__Entoloma;s__Entoloma_boreale	underclassification	0
F1-REF	6	0	sortmerna	0.76:0.9:3:0.8:1.0	SH107708.07FU_JN133297_refs	k__Fungi;p__Basidiomycota;c__Agaricomycetes;o__Agaricales;f__Amanitaceae;g__Amanita;s__Amanita_calyptroderma	k__Fungi;p__Basidiomycota;c__Agaricomycetes;o__Agaricales;f__Amanitaceae;g__Amanita;s__Amanita_vernicoccora	overclassification	6
F1-REF	6	0	sortmerna	0.76:0.9:3:0.8:1.0	SH122067.07FU_JN943160_refs	k__Fungi;p__Basidiomycota;c__Agaricomycetes;o__Geastrales;f__Geastraceae;g__Geastrum;s__Geastrum_sp	k__Fungi;p__Basidiomycota;c__Agaricomycetes;o__Geastrales;f__Geastraceae;g__Geastrum;s__Geastrum_parvistriatum	overclassification	6
F1-REF	6	0	sortmerna	0.76:0.9:3:0.8:1.0	SH110011.07FU_JN890036_reps	Unassigned	k__Fungi;p__Basidiomycota;c__Agaricomycetes;o__Boletales;f__Boletaceae;g__Tylopilus;s__Tylopilus_orsonianus	underclassification	0
F1-REF	6	0	sortmerna	0.76:0.9:3:0.8:1.0	SH105730.07FU_EU292422_reps	Unassigned	k__Fungi;p__Basidiomycota;c__Agaricomycetes;o__Atheliales;f__Atheliaceae;g__Tylospora;s__Tylospora_sp	underclassification	0
F1-REF	6	0	sortmerna	0.76:0.9:3:0.8:1.0	SH100598.07FU_JN882334_refs	Unassigned	k__Fungi;p__Basidiomycota;c__Microbotryomycetes;o__Heterogastridiales;f__Heterogastridiaceae;g__Colacogloea;s__Colacogloea_eucalyptica	underclassification	0
F1-REF	6	0	sortmerna	0.76:0.9:3:0.8:1.0	SH116286.07FU_JN615244_reps	Unassigned	k__Fungi;p__Ascomycota;c__Sordariomycetes;o__Xylariales;f__Diatrypaceae;g__Eutypella;s__Eutypella_sp	underclassification	0
F1-REF	6	0	sortmerna	0.76:0.9:3:0.8:1.0	SH122674.07FU_EF591924_refs	k__Fungi;p__Ascomycota;c__Dothideomycetes;o__Botryosphaeriales;f__Botryosphaeriaceae;g__Dothiorella	k__Fungi;p__Ascomycota;c__Dothideomycetes;o__Botryosphaeriales;f__Botryosphaeriaceae;g__Dothiorella;s__Dothiorella_santali	match	6
F1-REF	6	0	sortmerna	0.76:0.9:3:0.8:1.0	SH107056.07FU_EF626961_refs	k__Fungi;p__Ascomycota;c__Eurotiomycetes;o__Eurotiales;f__Trichocomaceae;g__Penicillium;s__Penicillium_coffeae	k__Fungi;p__Ascomycota;c__Eurotiomycetes;o__Eurotiales;f__Trichocomaceae;g__Penicillium;s__Penicillium_ochrosalmoneum	overclassification	6
F1-REF	6	0	sortmerna	0.76:0.9:3:0.8:1.0	SH104028.07FU_KF164454_reps	k__Fungi;p__Basidiomycota;c__Pucciniomycetes;o__Pucciniales;f__Melampsoraceae;g__Melampsora;s__Melampsora_coleosporioides	k__Fungi;p__Basidiomycota;c__Pucciniomycetes;o__Pucciniales;f__Melampsoraceae;g__Melampsora;s__Melampsora_sp	overclassification	6
F1-REF	6	0	sortmerna	0.76:0.9:3:0.8:1.0	SH083229.07FU_HQ667593_reps	k__Fungi;p__Basidiomycota;c__Agaricomycetes;o__Agaricales;f__Agaricaceae;g__Tulostoma;s__Tulostoma_fimbriatum	k__Fungi;p__Basidiomycota;c__Agaricomycetes;o__Agaricales;f__Agaricaceae;g__Tulostoma;s__Tulostoma_domingueziae	overclassification	6
F1-REF	6	0	sortmerna	0.76:0.9:3:0.8:1.0	SH549523.07FU_KR674111_reps	k__Fungi;p__Basidiomycota;c__Agaricomycetes;o__Agaricales;f__Cortinariaceae;g__Cortinarius	k__Fungi;p__Basidiomycota;c__Agaricomycetes;o__Agaricales;f__Cortinariaceae;g__Cortinarius;s__Cortinarius_aurescens	match	6
F1-REF	6	0	sortmerna	0.76:0.9:3:0.8:1.0	SH540169.07FU_UDB024671_reps	k__Fungi;p__Basidiomycota;c__Agaricomycetes;o__Agaricales;f__Inocybaceae;g__Inocybe;s__Inocybe_nitidiuscula	k__Fungi;p__Basidiomycota;c__Agaricomycetes;o__Agaricales;f__Inocybaceae;g__Inocybe;s__Inocybe_inodora	overclassification	6
F1-REF	6	0	sortmerna	0.76:0.9:3:0.8:1.0	SH087863.07FU_FJ596855_reps	k__Fungi;p__Basidiomycota;c__Agaricomycetes;o__Agaricales;f__Physalacriaceae;g__Hymenopellis	k__Fungi;p__Basidiomycota;c__Agaricomycetes;o__Agaricales;f__Physalacriaceae;g__Hymenopellis;s__Hymenopellis_furfuracea	match	6
F1-REF	6	0	sortmerna	0.76:0.9:3:0.8:1.0	SH107716.07FU_AB451969_reps	k__Fungi;p__Basidiomycota;c__Agaricomycetes;o__Agaricales;f__Amanitaceae;g__Amanita;s__Amanita_garabitoana	k__Fungi;p__Basidiomycota;c__Agaricomycetes;o__Agaricales;f__Amanitaceae;g__Amanita;s__Amanita_javanica	overclassification	6
F1-REF	6	0	sortmerna	0.76:0.9:3:0.8:1.0	SH093003.07FU_KF582797_reps	k__Fungi;p__Ascomycota;c__Leotiomycetes;o__Erysiphales;f__Erysiphaceae;g__Erysiphe	k__Fungi;p__Ascomycota;c__Leotiomycetes;o__Erysiphales;f__Erysiphaceae;g__Erysiphe;s__Erysiphe_caricae	match	6
F1-REF	6	0	sortmerna	0.76:0.9:3:0.8:1.0	SH127269.07FU_DQ218302_refs	k__Fungi;p__Ascomycota;c__Pezizomycetes;o__Pezizales	k__Fungi;p__Ascomycota;c__Pezizomycetes;o__Pezizales;f__Pyronemataceae;g__Genea;s__Genea_balsleyi	underclassification	4
F1-REF	6	0	sortmerna	0.76:0.9:3:0.8:1.0	SH120757.07FU_AB544476_reps	Unassigned	k__Fungi;p__Ascomycota;c__Sordariomycetes;o__Hypocreales;f__Ophiocordycipitaceae;g__Ophiocordyceps;s__Ophiocordyceps_nutans	underclassification	0
F1-REF	6	0	sortmerna	0.76:0.9:3:0.8:1.0	SH131023.07FU_EU668916_reps	k__Fungi;p__Basidiomycota;c__Agaricomycetes;o__Agaricales;f__Strophariaceae;g__Hebeloma	k__Fungi;p__Basidiomycota;c__Agaricomycetes;o__Agaricales;f__Strophariaceae;g__Hebeloma;s__Hebeloma_sinapizans	match	6
F1-REF	6	0	sortmerna	0.76:0.9:3:0.8:1.0	SH102707.07FU_HM365257_reps	k__Fungi;p__Ascomycota;c__Sordariomycetes;o__Sordariales;f__Chaetomiaceae;g__Chaetomium	k__Fungi;p__Ascomycota;c__Sordariomycetes;o__Sordariales;f__Chaetomiaceae;g__Chaetomium;s__Chaetomium_perlucidum	match	6
F1-REF	6	0	sortmerna	0.76:0.9:3:0.8:1.0	SH107972.07FU_GU207275_reps	Unassigned	k__Fungi;p__Basidiomycota;c__Agaricomycetes;o__Polyporales;f__Polyporaceae;g__Lentinus;s__Lentinus_badius	underclassification	0
F1-REF	6	0	sortmerna	0.76:0.9:3:0.8:1.0	SH132402.07FU_DQ192181_refs	k__Fungi;p__Basidiomycota;c__Agaricomycetes;o__Agaricales;f__Cortinariaceae;g__Descolea;s__Descolea_gunnii	k__Fungi;p__Basidiomycota;c__Agaricomycetes;o__Agaricales;f__Cortinariaceae;g__Descolea;s__Descolea_maculata	overclassification	6
F1-REF	6	0	sortmerna	0.76:0.9:3:0.8:1.0	SH135328.07FU_AY669590_reps	k__Fungi;p__Basidiomycota;c__Agaricomycetes;o__Agaricales;f__Cortinariaceae;g__Cortinarius	k__Fungi;p__Basidiomycota;c__Agaricomycetes;o__Agaricales;f__Cortinariaceae;g__Cortinarius;s__Cortinarius_croceocoeruleus	match	6
F1-REF	6	0	sortmerna	0.76:0.9:3:0.8:1.0	SH135236.07FU_UDB016126_refs	k__Fungi;p__Basidiomycota;c__Agaricomycetes;o__Agaricales;f__Cortinariaceae;g__Cortinarius	k__Fungi;p__Basidiomycota;c__Agaricomycetes;o__Agaricales;f__Cortinariaceae;g__Cortinarius;s__Cortinarius_spilomeus	match	6
F1-REF	6	0	sortmerna	0.76:0.9:3:0.8:1.0	SH091249.07FU_AF180177_reps	Unassigned	k__Fungi;p__Basidiomycota;c__Pucciniomycetes;o__Pucciniales;f__Pucciniaceae;g__Uromyces;s__Uromyces_pisi-sativi	underclassification	0
F1-REF	6	0	sortmerna	0.76:0.9:3:0.8:1.0	SH121328.07FU_KC485535_reps	Unassigned	k__Fungi;p__Basidiomycota;c__Agaricomycetes;o__Polyporales;f__Meruliaceae;g__Flaviporus;s__Flaviporus_liebmannii	underclassification	0
F1-REF	6	0	sortmerna	0.76:0.9:3:0.8:1.0	SH112649.07FU_KC732551_reps	k__Fungi;p__Ascomycota;c__Lecanoromycetes;o__Peltigerales;f__Lobariaceae;g__Sticta	k__Fungi;p__Ascomycota;c__Lecanoromycetes;o__Peltigerales;f__Lobariaceae;g__Sticta;s__Sticta_papillata	match	6
F1-REF	6	0	sortmerna	0.76:0.9:3:0.8:1.0	SH080210.07FU_EF560681_reps	Unassigned	k__Fungi;p__Basidiomycota;c__Agaricomycetes;o__Russulales;f__Russulaceae;g__Lactarius;s__Lactarius_crassiusculus	underclassification	0
F1-REF	6	0	sortmerna	0.76:0.9:3:0.8:1.0	SH094599.07FU_KP165574_refs	k__Fungi;p__Basidiomycota;c__Agaricomycetes;o__Agaricales;f__Cortinariaceae;g__Cortinarius	k__Fungi;p__Basidiomycota;c__Agaricomycetes;o__Agaricales;f__Cortinariaceae;g__Cortinarius;s__Cortinarius_subexitiosus	match	6
F1-REF	6	0	sortmerna	0.76:0.9:3:0.8:1.0	SH546453.07FU_KP192591_reps	k__Fungi;p__Basidiomycota;c__Agaricomycetes;o__Agaricales;f__Lyophyllaceae;g__Lyophyllum	k__Fungi;p__Basidiomycota;c__Agaricomycetes;o__Agaricales;f__Lyophyllaceae;g__Lyophyllum;s__Lyophyllum_sp	match	6
F1-REF	6	0	sortmerna	0.76:0.9:3:0.8:1.0	SH110789.07FU_KJ140612_reps	Unassigned	k__Fungi;p__Basidiomycota;c__Agaricomycetes;o__Polyporales;f__Meruliaceae;g__Gloeoporus;s__Gloeoporus_pannocinctus	underclassification	0
F1-REF	6	0	sortmerna	0.76:0.9:3:0.8:1.0	SH132836.07FU_GU227707_reps	k__Fungi;p__Basidiomycota;c__Agaricomycetes;o__Agaricales;f__Psathyrellaceae;g__Coprinellus	k__Fungi;p__Basidiomycota;c__Agaricomycetes;o__Agaricales;f__Psathyrellaceae;g__Coprinellus;s__Coprinellus_heterosetulosus	match	6
F1-REF	6	0	sortmerna	0.76:0.9:3:0.8:1.0	SH130469.07FU_KC581327_reps	k__Fungi;p__Basidiomycota;c__Agaricomycetes;o__Russulales;f__Russulaceae;g__Russula	k__Fungi;p__Basidiomycota;c__Agaricomycetes;o__Russulales;f__Russulaceae;g__Russula;s__Russula_fragilis	match	6
F1-REF	6	0	sortmerna	0.76:0.9:3:0.8:1.0	SH121026.07FU_EU263926_reps	Unassigned	k__Fungi;p__Ascomycota;c__Lecanoromycetes;o__Lecideales;f__Lecideaceae;g__Lecidea;s__Lecidea_tessellata	underclassification	0
F1-REF	6	0	sortmerna	0.76:0.9:3:0.8:1.0	SH131891.07FU_EF434013_reps	Unassigned	k__Fungi;p__Ascomycota;c__Dothideomycetes;o__Venturiales;f__Venturiaceae;g__Venturia;s__Venturia_sp	underclassification	0
F1-REF	6	0	sortmerna	0.76:0.9:3:0.8:1.0	SH119892.07FU_UDB000475_refs	k__Fungi;p__Basidiomycota;c__Agaricomycetes;o__Boletales;f__Boletaceae;g__Xerocomellus	k__Fungi;p__Basidiomycota;c__Agaricomycetes;o__Boletales;f__Boletaceae;g__Xerocomellus;s__Xerocomellus_porosporus	match	6
F1-REF	6	0	sortmerna	0.76:0.9:3:0.8:1.0	SH083628.07FU_EF409725_reps	k__Fungi;p__Basidiomycota;c__Agaricomycetes;o__Agaricales;f__Pleurotaceae	k__Fungi;p__Basidiomycota;c__Agaricomycetes;o__Agaricales;f__Pleurotaceae;g__Hohenbuehelia;s__Hohenbuehelia_petaloides	underclassification	5
F1-REF	6	0	sortmerna	0.76:0.9:3:0.8:1.0	SH082745.07FU_KJ406283_reps	k__Fungi;p__Ascomycota;c__Lecanoromycetes;o__Lecanorales;f__Parmeliaceae;g__Usnea	k__Fungi;p__Ascomycota;c__Lecanoromycetes;o__Lecanorales;f__Parmeliaceae;g__Usnea;s__Usnea_macaronesica	match	6
F1-REF	6	0	sortmerna	0.76:0.9:3:0.8:1.0	SH132062.07FU_UDB019640_refs	k__Fungi;p__Basidiomycota;c__Agaricomycetes;o__Agaricales;f__Strophariaceae	k__Fungi;p__Basidiomycota;c__Agaricomycetes;o__Agaricales;f__Strophariaceae;g__Hypholoma;s__Hypholoma_lateritium	underclassification	5
F1-REF	6	0	sortmerna	0.76:0.9:3:0.8:1.0	SH093797.07FU_KF447774_reps	k__Fungi;p__Basidiomycota;c__Exobasidiomycetes;o__Entylomatales;f__Entylomataceae;g__Entyloma	k__Fungi;p__Basidiomycota;c__Exobasidiomycetes;o__Entylomatales;f__Entylomataceae;g__Entyloma;s__Entyloma_sp	match	6
F1-REF	6	0	sortmerna	0.76:0.9:3:0.8:1.0	SH127366.07FU_JN969435_reps	k__Fungi;p__Basidiomycota;c__Agaricomycetes;o__Boletales;f__Diplocystidiaceae;g__Astraeus;s__Astraeus_sp	k__Fungi;p__Basidiomycota;c__Agaricomycetes;o__Boletales;f__Diplocystidiaceae;g__Astraeus;s__Astraeus_odoratus	overclassification	6
F1-REF	6	0	sortmerna	0.76:0.9:3:0.8:1.0	SH097005.07FU_JX310418_reps	Unassigned	k__Fungi;p__Basidiomycota;c__Agaricomycetes;o__Gomphales;f__Gomphaceae;g__Ramaria;s__Ramaria_suecica	underclassification	0
F1-REF	6	0	sortmerna	0.76:0.9:3:0.8:1.0	SH114083.07FU_JQ760186_reps	Unassigned	k__Fungi;p__Ascomycota;c__Sordariomycetes;o__Xylariales;f__Xylariaceae;g__Annulohypoxylon;s__Annulohypoxylon_truncatum	underclassification	0
F1-REF	6	0	sortmerna	0.76:0.9:3:0.8:1.0	SH082029.07FU_AF501548_reps	k__Fungi;p__Basidiomycota;c__Agaricomycetes;o__Agaricales;f__Strophariaceae;g__Gymnopilus;s__Gymnopilus_tyallus	k__Fungi;p__Basidiomycota;c__Agaricomycetes;o__Agaricales;f__Strophariaceae;g__Gymnopilus;s__Gymnopilus_penetrans	overclassification	6
F1-REF	6	0	sortmerna	0.76:0.9:3:0.8:1.0	SH107632.07FU_KF313092_reps	k__Fungi;p__Ascomycota;c__Eurotiomycetes;o__Eurotiales;f__Trichocomaceae;g__Penicillium	k__Fungi;p__Ascomycota;c__Eurotiomycetes;o__Eurotiales;f__Trichocomaceae;g__Penicillium;s__Penicillium_atramentosum	match	6
F1-REF	6	0	sortmerna	0.76:0.9:3:0.8:1.0	SH104562.07FU_AM882921_reps	Unassigned	k__Fungi;p__Basidiomycota;c__Agaricomycetes;o__Agaricales;f__Inocybaceae;g__Inocybe;s__Inocybe_pseudoasterospora	underclassification	0
F1-REF	6	0	sortmerna	0.76:0.9:3:0.8:1.0	SH103494.07FU_AY684241_reps	k__Fungi;p__Ascomycota;c__Sordariomycetes;o__Xylariales;f__Diatrypaceae	k__Fungi;p__Ascomycota;c__Sordariomycetes;o__Xylariales;f__Diatrypaceae;g__Diatrype;s__Diatrype_oregonensis	underclassification	5
F1-REF	6	0	sortmerna	0.76:0.9:3:0.8:1.0	SH090850.07FU_UDB001868_refs	k__Fungi;p__Basidiomycota;c__Agaricomycetes;o__Agaricales;f__Cortinariaceae;g__Cortinarius;s__Cortinarius_lilaciotinctus	k__Fungi;p__Basidiomycota;c__Agaricomycetes;o__Agaricales;f__Cortinariaceae;g__Cortinarius;s__Cortinarius_arcuatorum	overclassification	6
F1-REF	6	0	sortmerna	0.76:0.9:3:0.8:1.0	SH110113.07FU_AY280976_reps	k__Fungi;p__Basidiomycota;c__Agaricomycetes;o__Agaricales;f__Strophariaceae;g__Gymnopilus	k__Fungi;p__Basidiomycota;c__Agaricomycetes;o__Agaricales;f__Strophariaceae;g__Gymnopilus;s__Gymnopilus_hispidus	match	6
F1-REF	6	0	sortmerna	0.76:0.9:3:0.8:1.0	SH090281.07FU_JQ288907_reps	Unassigned	k__Fungi;p__Ascomycota;c__Pezizomycetes;o__Pezizales;f__Tuberaceae;g__Tuber;s__Tuber_foetidum	underclassification	0
F1-REF	6	0	sortmerna	0.76:0.9:3:0.8:1.0	SH131617.07FU_UDB011659_reps	Unassigned	k__Fungi;p__Basidiomycota;c__Agaricomycetes;o__Agaricales;f__Tricholomataceae;g__Tricholoma;s__Tricholoma_arvernense	underclassification	0
F1-REF	6	0	sortmerna	0.76:0.9:3:0.8:1.0	SH120194.07FU_AB302839_reps	Unassigned	k__Fungi;p__Ascomycota;c__Saccharomycetes;o__Saccharomycetales;f__Saccharomycetaceae;g__Zygosaccharomyces;s__Zygosaccharomyces_mellis	underclassification	0
F1-REF	6	0	sortmerna	0.76:0.9:3:0.8:1.0	SH549472.07FU_KJ847427_reps	Unassigned	k__Fungi;p__Ascomycota;c__Dothideomycetes;o__Botryosphaeriales;f__Botryosphaeriaceae;g__Phyllosticta;s__Phyllosticta_schimicola	underclassification	0
F1-REF	6	0	sortmerna	0.76:0.9:3:0.8:1.0	SH107886.07FU_JN969410_reps	k__Fungi;p__Ascomycota;c__Dothideomycetes;o__Hysteriales;f__Gloniaceae;g__Cenococcum;s__Cenococcum_geophilum	k__Fungi;p__Ascomycota;c__Dothideomycetes;o__Hysteriales;f__Gloniaceae;g__Cenococcum;s__Cenococcum_sp	overclassification	6
F1-REF	6	0	sortmerna	0.76:0.9:3:0.8:1.0	SH102561.07FU_UDB011658_refs	Unassigned	k__Fungi;p__Basidiomycota;c__Agaricomycetes;o__Gomphales;f__Gomphaceae;g__Gomphus;s__Gomphus_clavatus	underclassification	0
F1-REF	6	0	sortmerna	0.76:0.9:3:0.8:1.0	SH087552.07FU_AM269783_reps	k__Fungi;p__Basidiomycota;c__Agaricomycetes;o__Hymenochaetales;f__Hymenochaetaceae	k__Fungi;p__Basidiomycota;c__Agaricomycetes;o__Hymenochaetales;f__Hymenochaetaceae;g__Inocutis;s__Inocutis_sp	underclassification	5
F1-REF	6	0	sortmerna	0.76:0.9:3:0.8:1.0	SH082169.07FU_KC595901_reps	Unassigned	k__Fungi;p__Basidiomycota;c__Agaricomycetes;o__Polyporales;f__Fomitopsidaceae;g__Antrodia;s__Antrodia_minuta	underclassification	0
F1-REF	6	0	sortmerna	0.76:0.9:3:0.8:1.0	SH088754.07FU_JF692191_reps	Unassigned	k__Fungi;p__Basidiomycota;c__Agaricomycetes;o__Hymenochaetales;f__Hymenochaetaceae;g__Fuscoporia;s__Fuscoporia_callimorpha	underclassification	0
F1-REF	6	0	sortmerna	0.76:0.9:3:0.8:1.0	SH544597.07FU_KJ920015_reps	Unassigned	k__Fungi;p__Basidiomycota;c__Agaricomycetes;o__Agaricales;f__Cortinariaceae;g__Cortinarius;s__Cortinarius_kioloensis	underclassification	0
F1-REF	6	0	sortmerna	0.76:0.9:3:0.8:1.0	SH083105.07FU_EU030179_reps	Unassigned	k__Fungi;p__Basidiomycota;c__Agaricomycetes;o__Polyporales;f__Polyporaceae;g__Funalia;s__Funalia_caperata	underclassification	0
F1-REF	6	0	sortmerna	0.76:0.9:3:0.8:1.0	SH119786.07FU_AY740070_reps	Unassigned	k__Fungi;p__Basidiomycota;c__Ustilaginomycetes;o__Ustilaginales;f__Ustilaginaceae;g__Sporisorium;s__Sporisorium_scitamineum	underclassification	0
F1-REF	6	0	sortmerna	0.76:0.9:3:0.8:1.0	SH091032.07FU_UDB016179_reps	Unassigned	k__Fungi;p__Basidiomycota;c__Agaricomycetes;o__Thelephorales;f__Bankeraceae;g__Phellodon;s__Phellodon_tomentosus	underclassification	0
F1-REF	6	0	sortmerna	0.76:0.9:3:0.8:1.0	SH132213.07FU_FJ789624_reps	k__Fungi;p__Basidiomycota;c__Agaricomycetes;o__Russulales;f__Russulaceae;g__Russula	k__Fungi;p__Basidiomycota;c__Agaricomycetes;o__Russulales;f__Russulaceae;g__Russula;s__Russula_turci	match	6
F1-REF	6	0	sortmerna	0.76:0.9:3:0.8:1.0	SH088202.07FU_HM577230_reps	Unassigned	k__Fungi;p__Ascomycota;c__Lecanoromycetes;o__Lecanorales;f__Lecanoraceae;g__Rhizoplaca;s__Rhizoplaca_subdiscrepans	underclassification	0
F1-REF	6	0	sortmerna	0.76:0.9:3:0.8:1.0	SH114313.07FU_EU434823_refs	k__Fungi;p__Ascomycota;c__Leotiomycetes;o__Helotiales	k__Fungi;p__Ascomycota;c__Leotiomycetes;o__Helotiales;f__Vibrisseaceae;g__Acephala;s__Acephala_sp	underclassification	4
F1-REF	6	0	sortmerna	0.76:0.9:3:0.8:1.0	SH117273.07FU_EU254801_refs	k__Fungi;p__Ascomycota;c__Sordariomycetes;o__Diaporthales;f__Gnomoniaceae	k__Fungi;p__Ascomycota;c__Sordariomycetes;o__Diaporthales;f__Gnomoniaceae;g__Gnomonia;s__Gnomonia_virginianae	underclassification	5
F1-REF	6	0	sortmerna	0.76:0.9:3:0.8:1.0	SH132438.07FU_AY902794_reps	k__Fungi;p__Ascomycota;c__Orbiliomycetes;o__Orbiliales;f__Orbiliaceae;g__Orbilia;s__Orbilia_sp	k__Fungi;p__Ascomycota;c__Orbiliomycetes;o__Orbiliales;f__Orbiliaceae;g__Dactylella;s__Dactylella_mammillata	misclassification	5
F1-REF	6	0	sortmerna	0.76:0.9:3:0.8:1.0	SH100571.07FU_AY354274_reps	k__Fungi	k__Fungi;p__Ascomycota;c__Pezizomycetes;o__Pezizales;f__Pyronemataceae;g__Scutellinia;s__Scutellinia_sp	underclassification	1
F1-REF	6	0	sortmerna	0.76:0.9:3:0.8:1.0	SH116520.07FU_EF535676_reps	k__Fungi;p__Ascomycota;c__Dothideomycetes;o__Capnodiales;f__Mycosphaerellaceae	k__Fungi;p__Ascomycota;c__Dothideomycetes;o__Capnodiales;f__Mycosphaerellaceae;g__Ramularia;s__Ramularia_lamii	underclassification	5
F1-REF	6	0	sortmerna	0.76:0.9:3:0.8:1.0	SH085259.07FU_UDB015518_reps	k__Fungi;p__Basidiomycota;c__Agaricomycetes;o__Boletales;f__Boletaceae;g__Leccinum;s__Leccinum_scabrum	k__Fungi;p__Basidiomycota;c__Agaricomycetes;o__Boletales;f__Boletaceae;g__Leccinum;s__Leccinum_schistophilum	overclassification	6
F1-REF	6	0	sortmerna	0.76:0.9:3:0.8:1.0	SH076833.07FU_EF394829_reps	k__Fungi;p__Ascomycota;c__Dothideomycetes;o__Capnodiales;f__Teratosphaeriaceae	k__Fungi;p__Ascomycota;c__Dothideomycetes;o__Capnodiales;f__Teratosphaeriaceae;g__Readeriella;s__Readeriella_novae-zelandiae	underclassification	5
F1-REF	6	0	sortmerna	0.76:0.9:3:0.8:1.0	SH106935.07FU_AY219341_reps	k__Fungi;p__Basidiomycota;c__Agaricomycetes;o__Polyporales	k__Fungi;p__Basidiomycota;c__Agaricomycetes;o__Polyporales;f__Phanerochaetaceae;g__Phlebiopsis;s__Phlebiopsis_crassa	underclassification	4
F1-REF	6	0	sortmerna	0.76:0.9:3:0.8:1.0	SH112640.07FU_KC732574_reps	k__Fungi;p__Ascomycota;c__Lecanoromycetes;o__Peltigerales;f__Lobariaceae;g__Sticta;s__Sticta_sp	k__Fungi;p__Ascomycota;c__Lecanoromycetes;o__Peltigerales;f__Lobariaceae;g__Sticta;s__Sticta_sylvatica	overclassification	6
F1-REF	6	0	sortmerna	0.76:0.9:3:0.8:1.0	SH093343.07FU_KC107954_reps	k__Fungi;p__Ascomycota	k__Fungi;p__Ascomycota;c__Arthoniomycetes;o__Arthoniales;f__Roccellaceae;g__Dirina;s__Dirina_madagascariensis	underclassification	2
F1-REF	6	0	sortmerna	0.76:0.9:3:0.8:1.0	SH097734.07FU_AF398454_reps	k__Fungi;p__Basidiomycota;c__Exobasidiomycetes;o__Tilletiales;f__Tilletiaceae;g__Tilletia	k__Fungi;p__Basidiomycota;c__Exobasidiomycetes;o__Tilletiales;f__Tilletiaceae;g__Tilletia;s__Tilletia_elymi	match	6
F1-REF	6	0	sortmerna	0.76:0.9:3:0.8:1.0	SH128253.07FU_EF619582_reps	k__Fungi;p__Ascomycota;c__Lecanoromycetes;o__Lecanorales;f__Stereocaulaceae;g__Lepraria;s__Lepraria_hodkinsoniana	k__Fungi;p__Ascomycota;c__Lecanoromycetes;o__Lecanorales;f__Stereocaulaceae;g__Lepraria;s__Lepraria_umbricola	overclassification	6
F1-REF	6	0	sortmerna	0.76:0.9:3:0.8:1.0	SH118601.07FU_AM084455_reps	k__Fungi;p__Ascomycota;c__Dothideomycetes;o__Pleosporales;f__Phaeosphaeriaceae;g__Phaeosphaeria	k__Fungi;p__Ascomycota;c__Dothideomycetes;o__Pleosporales;f__Phaeosphaeriaceae;g__Phaeosphaeria;s__Phaeosphaeria_juncophila	match	6
F1-REF	6	0	sortmerna	0.76:0.9:3:0.8:1.0	SH105942.07FU_JN943910_reps	k__Fungi;p__Basidiomycota;c__Agaricomycetes	k__Fungi;p__Basidiomycota;c__Agaricomycetes;o__Atheliales;f__Atheliaceae;g__Amphinema;s__Amphinema_sp	underclassification	3
F1-REF	6	0	sortmerna	0.76:0.9:3:0.8:1.0	SH094508.07FU_KM273090_refs	k__Fungi;p__Basidiomycota;c__Agaricomycetes;o__Agaricales;f__Cortinariaceae;g__Cortinarius	k__Fungi;p__Basidiomycota;c__Agaricomycetes;o__Agaricales;f__Cortinariaceae;g__Cortinarius;s__Cortinarius_disjungendulus	match	6
F1-REF	6	0	sortmerna	0.76:0.9:3:0.8:1.0	SH092115.07FU_HM071902_refs	Unassigned	k__Fungi;p__Ascomycota;c__Sordariomycetes;o__Microascales;f__Ceratocystidaceae;g__Ceratocystis;s__Ceratocystis_corymbiicola	underclassification	0
F1-REF	6	0	sortmerna	0.76:0.9:3:0.8:1.0	SH135175.07FU_UDB003297_refs	Unassigned	k__Fungi;p__Basidiomycota;c__Agaricomycetes;o__Thelephorales;f__Bankeraceae;g__Phellodon;s__Phellodon_sp	underclassification	0
F1-REF	6	0	sortmerna	0.76:0.9:3:0.8:1.0	SH102263.07FU_UDB016399_reps	Unassigned	k__Fungi;p__Ascomycota;c__Eurotiomycetes;o__Eurotiales;f__Trichocomaceae;g__Paecilomyces;s__Paecilomyces_penicillatus	underclassification	0
F1-REF	6	0	sortmerna	0.76:0.9:3:0.8:1.0	SH544549.07FU_KJ583208_reps	k__Fungi;p__Basidiomycota;c__Agaricomycetes;o__Russulales;f__Bondarzewiaceae	k__Fungi;p__Basidiomycota;c__Agaricomycetes;o__Russulales;f__Bondarzewiaceae;g__Bondarzewia;s__Bondarzewia_podocarpi	underclassification	5
F1-REF	6	0	sortmerna	0.76:0.9:3:0.8:1.0	SH109486.07FU_DQ322078_reps	k__Fungi;p__Ascomycota;c__Eurotiomycetes;o__Eurotiales;f__Trichocomaceae;g__Penicillium;s__Penicillium_miczynskii	k__Fungi;p__Ascomycota;c__Sordariomycetes;o__Xylariales;f__Xylariaceae;g__Astrocystis;s__Astrocystis_mirabilis	misclassification	2
F1-REF	6	0	sortmerna	0.76:0.9:3:0.8:1.0	SH080416.07FU_FJ596810_reps	Unassigned	k__Fungi;p__Basidiomycota;c__Agaricomycetes;o__Agaricales;f__Strophariaceae;g__Agrocybe;s__Agrocybe_erebia	underclassification	0
F1-REF	6	0	sortmerna	0.76:0.9:3:0.8:1.0	SH133393.07FU_EU598190_reps	k__Fungi;p__Basidiomycota;c__Agaricomycetes;o__Russulales;f__Russulaceae;g__Russula	k__Fungi;p__Basidiomycota;c__Agaricomycetes;o__Russulales;f__Russulaceae;g__Russula;s__Russula_granulata	match	6
F1-REF	6	0	sortmerna	0.76:0.9:3:0.8:1.0	SH106258.07FU_JQ780409_reps	k__Fungi;p__Basidiomycota;c__Agaricomycetes;o__Polyporales;f__Polyporaceae	k__Fungi;p__Basidiomycota;c__Agaricomycetes;o__Polyporales;f__Polyporaceae;g__Grammothele;s__Grammothele_quercina	underclassification	5
F1-REF	6	0	sortmerna	0.76:0.9:3:0.8:1.0	SH537336.07FU_KR919760_reps	k__Fungi;p__Basidiomycota;c__Agaricomycetes;o__Agaricales;f__Amanitaceae;g__Amanita	k__Fungi;p__Basidiomycota;c__Agaricomycetes;o__Agaricales;f__Amanitaceae;g__Amanita;s__Amanita_morrisii	match	6
F1-REF	6	0	sortmerna	0.76:0.9:3:0.8:1.0	SH130365.07FU_UDB011748_refs	k__Fungi;p__Basidiomycota;c__Agaricomycetes;o__Agaricales;f__Tricholomataceae;g__Clitocybe	k__Fungi;p__Basidiomycota;c__Agaricomycetes;o__Agaricales;f__Tricholomataceae;g__Clitocybe;s__Clitocybe_fragrans	match	6
F1-REF	6	0	sortmerna	0.76:0.9:3:0.8:1.0	SH092705.07FU_KJ792752_reps	k__Fungi;p__Basidiomycota;c__Agaricomycetes;o__Polyporales;f__Ganodermataceae;g__Ganoderma	k__Fungi;p__Basidiomycota;c__Agaricomycetes;o__Polyporales;f__Ganodermataceae;g__Ganoderma;s__Ganoderma_perzonatum	match	6
F1-REF	6	0	sortmerna	0.76:0.9:3:0.8:1.0	SH112635.07FU_KC732456_reps	k__Fungi;p__Ascomycota;c__Lecanoromycetes;o__Peltigerales;f__Lobariaceae;g__Sticta	k__Fungi;p__Ascomycota;c__Lecanoromycetes;o__Peltigerales;f__Lobariaceae;g__Sticta;s__Sticta_maculofuliginosa	match	6
F1-REF	6	0	sortmerna	0.76:0.9:3:0.8:1.0	SH096426.07FU_KC811046_reps	k__Fungi;p__Ascomycota;c__Eurotiomycetes;o__Eurotiales;f__Trichocomaceae;g__Penicillium	k__Fungi;p__Ascomycota;c__Eurotiomycetes;o__Eurotiales;f__Trichocomaceae;g__Penicillium;s__Penicillium_steckii	match	6
F1-REF	6	0	sortmerna	0.76:0.9:3:0.8:1.0	SH101074.07FU_AF486124_refs	Unassigned	k__Fungi;p__Ascomycota;c__Leotiomycetes;o__Helotiales;f__Vibrisseaceae;g__Phialocephala;s__Phialocephala_fluminis	underclassification	0
F1-REF	6	0	sortmerna	0.76:0.9:3:0.8:1.0	SH124988.07FU_JF740243_reps	k__Fungi;p__Ascomycota;c__Dothideomycetes;o__Pleosporales	k__Fungi;p__Ascomycota;c__Dothideomycetes;o__Pleosporales;f__Leptosphaeriaceae;g__Leptosphaeria;s__Leptosphaeria_rubefaciens	underclassification	4
F1-REF	6	0	sortmerna	0.76:0.9:3:0.8:1.0	SH089628.07FU_UDB016198_refs	k__Fungi;p__Basidiomycota;c__Agaricomycetes;o__Thelephorales;f__Thelephoraceae;g__Tomentellopsis	k__Fungi;p__Basidiomycota;c__Agaricomycetes;o__Thelephorales;f__Thelephoraceae;g__Tomentellopsis;s__Tomentellopsis_echinospora	match	6
F1-REF	6	0	sortmerna	0.76:0.9:3:0.8:1.0	SH115301.07FU_JQ761752_reps	k__Fungi;p__Ascomycota;c__Sordariomycetes;o__Sordariales;f__Lasiosphaeriaceae;g__Podospora;s__Podospora_sp	k__Fungi;p__Ascomycota;c__Sordariomycetes;o__Xylariales;f__Xylariaceae;g__Rosellinia;s__Rosellinia_subiculata	misclassification	3
F1-REF	6	0	sortmerna	0.76:0.9:3:0.8:1.0	SH077037.07FU_AJ884624_reps	Unassigned	k__Fungi;p__Basidiomycota;c__Agaricomycetes;o__Agaricales;f__Agaricaceae;g__Agaricus;s__Agaricus_comtulus	underclassification	0
F1-REF	6	0	sortmerna	0.76:0.9:3:0.8:1.0	SH093155.07FU_JN006761_reps	k__Fungi;p__Ascomycota;c__Dothideomycetes;o__Pleosporales;f__Pleosporaceae	k__Fungi;p__Ascomycota;c__Dothideomycetes;o__Pleosporales;f__Pleosporaceae;g__Curvularia;s__Curvularia_brachyspora	underclassification	5
F1-REF	6	0	sortmerna	0.76:0.9:3:0.8:1.0	SH112632.07FU_KC732594_reps	k__Fungi;p__Ascomycota;c__Lecanoromycetes;o__Peltigerales;f__Lobariaceae;g__Sticta	k__Fungi;p__Ascomycota;c__Lecanoromycetes;o__Peltigerales;f__Lobariaceae;g__Sticta;s__Sticta_gyalocarpa	match	6
F1-REF	6	0	sortmerna	0.76:0.9:3:0.8:1.0	SH080423.07FU_UDB015324_reps	k__Fungi;p__Basidiomycota;c__Agaricomycetes;o__Agaricales;f__Strophariaceae;g__Pholiota;s__Pholiota_sp	k__Fungi;p__Basidiomycota;c__Agaricomycetes;o__Agaricales;f__Strophariaceae;g__Pholiota;s__Pholiota_tuberculosa	overclassification	6
F1-REF	6	0	sortmerna	0.76:0.9:3:0.8:1.0	SH104391.07FU_AB180201_reps	k__Fungi;p__Basidiomycota	k__Fungi;p__Basidiomycota;c__Tremellomycetes;o__Trichosporonales;f__Trichosporonaceae;g__Trichosporon;s__Trichosporon_shinodae	underclassification	2
F1-REF	6	0	sortmerna	0.76:0.9:3:0.8:1.0	SH077991.07FU_AY176408_refs	Unassigned	k__Fungi;p__Basidiomycota;c__Agaricomycetes;o__Agaricales;f__Agaricaceae;g__Leucoagaricus;s__Leucoagaricus_cinerascens	underclassification	0
F1-REF	6	0	sortmerna	0.76:0.9:3:0.8:1.0	SH130037.07FU_UDB018058_refs	Unassigned	k__Fungi;p__Basidiomycota;c__Agaricomycetes;o__Agaricales;f__Marasmiaceae;g__Crinipellis;s__Crinipellis_scabella	underclassification	0
F1-REF	6	0	sortmerna	0.76:0.9:3:0.8:1.0	SH117884.07FU_JX454924_reps	k__Fungi;p__Basidiomycota;c__Agaricomycetes;o__Agaricales;f__Entolomataceae;g__Entoloma	k__Fungi;p__Basidiomycota;c__Agaricomycetes;o__Agaricales;f__Entolomataceae;g__Entoloma;s__Entoloma_tibiicystidiatum	match	6
F1-REF	6	0	sortmerna	0.76:0.9:3:0.8:1.0	SH536629.07FU_KU865015_reps	k__Fungi;p__Ascomycota	k__Fungi;p__Ascomycota;c__Pezizomycetes;o__Pezizales;f__Morchellaceae;g__Morchella;s__Morchella_sp	underclassification	2
F1-REF	6	0	sortmerna	0.76:0.9:3:0.8:1.0	SH083118.07FU_UDB016393_refs	Unassigned	k__Fungi;p__Basidiomycota;c__Agaricomycetes;o__Polyporales;f__Polyporaceae;g__Dichomitus;s__Dichomitus_campestris	underclassification	0
F1-REF	6	0	sortmerna	0.76:0.9:3:0.8:1.0	SH121280.07FU_KC618700_reps	Unassigned	k__Fungi;p__Ascomycota;c__Lecanoromycetes;o__Peltigerales;f__Pannariaceae;g__Fuscopannaria;s__Fuscopannaria_ignobilis	underclassification	0
F1-REF	6	0	sortmerna	0.76:0.9:3:0.8:1.0	SH079327.07FU_UDB011326_refs	k__Fungi;p__Basidiomycota;c__Agaricomycetes;o__Russulales;f__Russulaceae;g__Russula	k__Fungi;p__Basidiomycota;c__Agaricomycetes;o__Russulales;f__Russulaceae;g__Russula;s__Russula_decolorans	match	6
F1-REF	6	0	sortmerna	0.76:0.9:3:0.8:1.0	SH087111.07FU_EF423620_refs	k__Fungi;p__Basidiomycota;c__Agaricomycetes;o__Boletales;f__Gomphidiaceae;g__Chroogomphus	k__Fungi;p__Basidiomycota;c__Agaricomycetes;o__Boletales;f__Gomphidiaceae;g__Chroogomphus;s__Chroogomphus_roseolus	match	6
F1-REF	6	0	sortmerna	0.76:0.9:3:0.8:1.0	SH112772.07FU_AB524809_refs	k__Fungi;p__Ascomycota	k__Fungi;p__Ascomycota;c__Dothideomycetes;o__Pleosporales;f__Tetraplosphaeriaceae;g__Triplosphaeria;s__Triplosphaeria_acuta	underclassification	2
F1-REF	6	0	sortmerna	0.76:0.9:3:0.8:1.0	SH077048.07FU_KC135887_reps	Unassigned	k__Fungi;p__Basidiomycota;c__Agaricomycetes;o__Agaricales;f__Agaricaceae;g__Agaricus;s__Agaricus_altipes	underclassification	0
F1-REF	6	0	sortmerna	0.76:0.9:3:0.8:1.0	SH123865.07FU_KF060300_reps	k__Fungi;p__Glomeromycota;c__Glomeromycetes;o__Glomerales;f__Glomeraceae;g__Septoglomus	k__Fungi;p__Glomeromycota;c__Glomeromycetes;o__Glomerales;f__Glomeraceae;g__Septoglomus;s__Septoglomus_constrictum	match	6
F1-REF	6	0	sortmerna	0.76:0.9:3:0.8:1.0	SH118125.07FU_AF072236_reps	k__Fungi;p__Ascomycota;c__Lecanoromycetes;o__Lecanorales;f__Parmeliaceae	k__Fungi;p__Ascomycota;c__Lecanoromycetes;o__Lecanorales;f__Parmeliaceae;g__Tuckermanopsis;s__Tuckermanopsis_platyphylla	underclassification	5
F1-REF	6	0	sortmerna	0.76:0.9:3:0.8:1.0	SH086599.07FU_GU981591_refs	k__Fungi;p__Ascomycota;c__Eurotiomycetes;o__Eurotiales;f__Trichocomaceae;g__Penicillium	k__Fungi;p__Ascomycota;c__Eurotiomycetes;o__Eurotiales;f__Trichocomaceae;g__Penicillium;s__Penicillium_wotroi	match	6
F1-REF	6	0	sortmerna	0.76:0.9:3:0.8:1.0	SH109383.07FU_KC506340_reps	Unassigned	k__Fungi;p__Ascomycota;c__Sordariomycetes;o__Diaporthales;f__Valsaceae;g__Cytospora;s__Cytospora_magnoliae	underclassification	0
F1-REF	6	0	sortmerna	0.76:0.9:3:0.8:1.0	SH116002.07FU_AY616213_refs	k__Fungi;p__Ascomycota;c__Lecanoromycetes	k__Fungi;p__Ascomycota;c__Dothideomycetes;o__Dothideales;f__Dothioraceae;g__Hormonema;s__Hormonema_prunorum	misclassification	2
F1-REF	6	0	sortmerna	0.76:0.9:3:0.8:1.0	SH133835.07FU_KJ728757_refs	k__Fungi;p__Basidiomycota;c__Exobasidiomycetes;o__Tilletiales;f__Tilletiaceae;g__Tilletia;s__Tilletia_barclayana	k__Fungi;p__Basidiomycota;c__Exobasidiomycetes;o__Tilletiales;f__Tilletiaceae;g__Tilletia;s__Tilletia_ehrhartae	overclassification	6
F1-REF	6	0	sortmerna	0.76:0.9:3:0.8:1.0	SH542083.07FU_KM887889_refs	k__Fungi;p__Ascomycota;c__Sordariomycetes;o__Hypocreales;f__Stachybotriaceae;g__Gibbosporina;s__Gibbosporina_amphorella	k__Fungi;p__Ascomycota;c__Sordariomycetes;o__Hypocreales;f__Stachybotriaceae;g__Gibbosporina;s__Gibbosporina_nitida	overclassification	6
F1-REF	6	0	sortmerna	0.76:0.9:3:0.8:1.0	SH088340.07FU_AY582126_refs	k__Fungi;p__Ascomycota;c__Saccharomycetes;o__Saccharomycetales;f__Saccharomycetaceae;g__Naumovozyma;s__Naumovozyma_baii	k__Fungi;p__Ascomycota;c__Saccharomycetes;o__Saccharomycetales;f__Saccharomycetaceae;g__Kazachstania;s__Kazachstania_aerobia	misclassification	5
F1-REF	6	0	sortmerna	0.76:0.9:3:0.8:1.0	SH132855.07FU_GU227706_reps	k__Fungi;p__Basidiomycota;c__Agaricomycetes;o__Agaricales;f__Psathyrellaceae;g__Coprinellus	k__Fungi;p__Basidiomycota;c__Agaricomycetes;o__Agaricales;f__Psathyrellaceae;g__Coprinellus;s__Coprinellus_marculentus	match	6
F1-REF	6	0	sortmerna	0.76:0.9:3:0.8:1.0	SH077665.07FU_UDB016913_refs	k__Fungi;p__Basidiomycota;c__Agaricomycetes;o__Hymenochaetales;f__Schizoporaceae;g__Hyphodontia;s__Hyphodontia_arguta	k__Fungi;p__Basidiomycota;c__Agaricomycetes;o__Boletales;f__Boletaceae;g__Boletus;s__Boletus_sp	misclassification	3
F1-REF	6	0	sortmerna	0.76:0.9:3:0.8:1.0	SH104597.07FU_AJ557325_reps	k__Fungi;p__Basidiomycota;c__Agaricomycetes	k__Fungi;p__Basidiomycota;c__Agaricomycetes;o__Boletales;f__Serpulaceae;g__Serpula;s__Serpula_himantioides	underclassification	3
F1-REF	6	0	sortmerna	0.76:0.9:3:0.8:1.0	SH545947.07FU_LC009704_reps	k__Fungi;p__Basidiomycota;c__Agaricomycetes;o__Agaricales	k__Fungi;p__Basidiomycota;c__Agaricomycetes;o__Agaricales;f__Strophariaceae;g__Hebeloma;s__Hebeloma_radicosoides	underclassification	4
F1-REF	6	0	sortmerna	0.76:0.9:3:0.8:1.0	SH134614.07FU_EF560675_reps	k__Fungi;p__Basidiomycota;c__Agaricomycetes;o__Russulales;f__Russulaceae;g__Lactarius	k__Fungi;p__Basidiomycota;c__Agaricomycetes;o__Russulales;f__Russulaceae;g__Lactarius;s__Lactarius_atromarginatus	match	6
F1-REF	6	0	sortmerna	0.76:0.9:3:0.8:1.0	SH131603.07FU_KJ705248_reps	k__Fungi;p__Basidiomycota;c__Agaricomycetes;o__Agaricales;f__Tricholomataceae;g__Tricholoma	k__Fungi;p__Basidiomycota;c__Agaricomycetes;o__Agaricales;f__Tricholomataceae;g__Tricholoma;s__Tricholoma_davisiae	match	6
F1-REF	6	0	sortmerna	0.76:0.9:3:0.8:1.0	SH106866.07FU_KJ133460_reps	Unassigned	k__Fungi;p__Ascomycota;c__Lecanoromycetes;o__Teloschistales;f__Teloschistaceae;g__Xanthomendoza;s__Xanthomendoza_trachyphylla	underclassification	0
F1-REF	6	0	sortmerna	0.76:0.9:3:0.8:1.0	SH539746.07FU_LC119085_reps	k__Fungi;p__Ascomycota;c__Saccharomycetes;o__Saccharomycetales;f__Lipomycetaceae;g__Lipomyces;s__Lipomyces_mesembrius	k__Fungi;p__Ascomycota;c__Saccharomycetes;o__Saccharomycetales;f__Trichomonascaceae;g__Sugiyamaella;s__Sugiyamaella_sp	misclassification	4
F1-REF	6	0	sortmerna	0.76:0.9:3:0.8:1.0	SH100010.07FU_KF385260_reps	k__Fungi;p__Basidiomycota;c__Agaricomycetes;o__Agaricales;f__Amanitaceae;g__Amanita;s__Amanita_phalloides	k__Fungi;p__Basidiomycota;c__Agaricomycetes;o__Agaricales;f__Amanitaceae;g__Amanita;s__Amanita_manginiana	overclassification	6
F1-REF	6	0	sortmerna	0.76:0.9:3:0.8:1.0	SH128450.07FU_JQ665516_refs	Unassigned	k__Fungi;p__Basidiomycota;c__Agaricomycetes;o__Sebacinales;f__Sebacinaceae;g__Helvellosebacina;s__Helvellosebacina_concrescens	underclassification	0
F1-REF	6	0	sortmerna	0.76:0.9:3:0.8:1.0	SH080875.07FU_UDB014252_reps	k__Fungi;p__Basidiomycota;c__Agaricomycetes;o__Thelephorales;f__Thelephoraceae;g__Tomentella;s__Tomentella_sp	k__Fungi;p__Basidiomycota;c__Agaricomycetes;o__Thelephorales;f__Thelephoraceae;g__Tomentella;s__Tomentella_bryophila	overclassification	6
F1-REF	6	0	sortmerna	0.76:0.9:3:0.8:1.0	SH085175.07FU_AF377104_reps	Unassigned	k__Fungi;p__Basidiomycota;c__Agaricomycetes;o__Gomphales;f__Gomphaceae;g__Gautieria;s__Gautieria_monticola	underclassification	0
F1-REF	6	0	sortmerna	0.76:0.9:3:0.8:1.0	SH085391.07FU_JQ691492_reps	Unassigned	k__Fungi;p__Ascomycota;c__Pezizomycetes;o__Pezizales;f__Morchellaceae;g__Morchella;s__Morchella_esculenta	underclassification	0
F1-REF	6	0	sortmerna	0.76:0.9:3:0.8:1.0	SH482580.07FU_UDB011860_reps	Unassigned	k__Fungi;p__Basidiomycota;c__Agaricomycetes;o__Agaricales;f__Lyophyllaceae;g__Lyophyllum;s__Lyophyllum_konradianum	underclassification	0
F1-REF	6	0	sortmerna	0.76:0.9:3:0.8:1.0	SH120261.07FU_JQ723020_refs	Unassigned	k__Fungi;p__Ascomycota;c__Pezizomycetes;o__Pezizales;f__Morchellaceae;g__Morchella;s__Morchella_tridentina	underclassification	0
F1-REF	6	0	sortmerna	0.76:0.9:3:0.8:1.0	SH101876.07FU_HE603642_reps	k__Fungi	k__Fungi;p__Glomeromycota;c__Glomeromycetes;o__Diversisporales;f__Acaulosporaceae;g__Acaulospora;s__Acaulospora_nivalis	underclassification	1
F1-REF	6	0	sortmerna	0.76:0.9:3:0.8:1.0	SH080927.07FU_DQ848612_refs	k__Fungi;p__Basidiomycota;c__Agaricomycetes;o__Thelephorales;f__Thelephoraceae;g__Tomentella;s__Tomentella_sp	k__Fungi;p__Basidiomycota;c__Agaricomycetes;o__Thelephorales;f__Thelephoraceae;g__Tomentella;s__Tomentella_capitata	overclassification	6
F1-REF	6	0	sortmerna	0.76:0.9:3:0.8:1.0	SH100676.07FU_HM017035_reps	k__Fungi;p__Ascomycota;c__Lecanoromycetes;o__Lecanorales;f__Parmeliaceae;g__Parmotrema	k__Fungi;p__Ascomycota;c__Lecanoromycetes;o__Lecanorales;f__Parmeliaceae;g__Parmotrema;s__Parmotrema_hypoleucinum	match	6
F1-REF	6	0	sortmerna	0.76:0.9:3:0.8:1.0	SH128245.07FU_JQ627125_refs	k__Fungi;p__Ascomycota;c__Lecanoromycetes;o__Lecanorales;f__Stereocaulaceae;g__Lepraria;s__Lepraria_normandinoides	k__Fungi;p__Ascomycota;c__Lecanoromycetes;o__Lecanorales;f__Stereocaulaceae;g__Lepraria;s__Lepraria_oxybapha	overclassification	6
F1-REF	6	0	sortmerna	0.76:0.9:3:0.8:1.0	SH082527.07FU_DQ361048_reps	k__Fungi;p__Ascomycota	k__Fungi;p__Ascomycota;c__Saccharomycetes;o__Saccharomycetales;f__Saccharomycopsidaceae;g__Saccharomycopsis;s__Saccharomycopsis_schoenii	underclassification	2
F1-REF	6	0	sortmerna	0.76:0.9:3:0.8:1.0	SH102256.07FU_AF054847_refs	k__Fungi;p__Ascomycota;c__Sordariomycetes	k__Fungi;p__Ascomycota;c__Sordariomycetes;o__Hypocreales;f__Hypocreaceae;g__Hypomyces;s__Hypomyces_microspermus	underclassification	3
F1-REF	6	0	sortmerna	0.76:0.9:3:0.8:1.0	SH120746.07FU_HQ154024_reps	k__Fungi;p__Basidiomycota;c__Pucciniomycetes;o__Pucciniales	k__Fungi;p__Basidiomycota;c__Pucciniomycetes;o__Pucciniales;f__Pucciniaceae;g__Puccinia;s__Puccinia_polysora	underclassification	4
F1-REF	6	0	sortmerna	0.76:0.9:3:0.8:1.0	SH083297.07FU_UDB015076_refs	Unassigned	k__Fungi;p__Basidiomycota;c__Agaricomycetes;o__Agaricales;f__Tricholomataceae;g__Clitocybe;s__Clitocybe_alexandri	underclassification	0
F1-REF	6	0	sortmerna	0.76:0.9:3:0.8:1.0	SH135218.07FU_AY669595_refs	Unassigned	k__Fungi;p__Basidiomycota;c__Agaricomycetes;o__Agaricales;f__Cortinariaceae;g__Cortinarius;s__Cortinarius_rubellus	underclassification	0
F1-REF	6	0	sortmerna	0.76:0.9:3:0.8:1.0	SH094409.07FU_FN428984_reps	k__Fungi;p__Basidiomycota;c__Agaricomycetes;o__Agaricales;f__Cortinariaceae;g__Cortinarius	k__Fungi;p__Basidiomycota;c__Agaricomycetes;o__Agaricales;f__Cortinariaceae;g__Cortinarius;s__Cortinarius_subturibulosus	match	6
F1-REF	6	0	sortmerna	0.76:0.9:3:0.8:1.0	SH077639.07FU_JQ001855_reps	k__Fungi;p__Basidiomycota;c__Agaricomycetes;o__Polyporales;f__Polyporaceae;g__Perenniporia	k__Fungi;p__Basidiomycota;c__Agaricomycetes;o__Polyporales;f__Polyporaceae;g__Perenniporia;s__Perenniporia_aridula	match	6
F1-REF	6	0	sortmerna	0.76:0.9:3:0.8:1.0	SH115680.07FU_KF617906_reps	Unassigned	k__Fungi;p__Ascomycota;c__Leotiomycetes;o__Helotiales;f__Helotiaceae;g__Tricladium;s__Tricladium_sp	underclassification	0
F1-REF	6	0	sortmerna	0.76:0.9:3:0.8:1.0	SH092847.07FU_KC152105_reps	Unassigned	k__Fungi;p__Basidiomycota;c__Agaricomycetes;o__Russulales;f__Russulaceae;g__Gymnomyces;s__Gymnomyces_sp	underclassification	0
F1-REF	6	0	sortmerna	0.76:0.9:3:0.8:1.0	SH543193.07FU_KM371453_reps	k__Fungi;p__Ascomycota;c__Eurotiomycetes;o__Verrucariales;f__Verrucariaceae;g__Bagliettoa;s__Bagliettoa_marmorea	k__Fungi;p__Ascomycota;c__Eurotiomycetes;o__Verrucariales;f__Verrucariaceae;g__Bagliettoa;s__Bagliettoa_limborioides	overclassification	6
F1-REF	6	0	sortmerna	0.76:0.9:3:0.8:1.0	SH118788.07FU_KC429050_reps	Unassigned	k__Fungi;p__Basidiomycota;c__Agaricomycetes;o__Agaricales;f__Amanitaceae;g__Amanita;s__Amanita_pseudoporphyria	underclassification	0
F1-REF	6	0	sortmerna	0.76:0.9:3:0.8:1.0	SH108234.07FU_FR692350_reps	k__Fungi	k__Fungi;p__Glomeromycota;c__Glomeromycetes;o__Diversisporales;f__Acaulosporaceae;g__Acaulospora;s__Acaulospora_scrobiculata	underclassification	1
F1-REF	6	0	sortmerna	0.76:0.9:3:0.8:1.0	SH098510.07FU_FM208879_reps	Unassigned	k__Fungi;p__Basidiomycota;c__Agaricomycetes;o__Agaricales;f__Hygrophoraceae;g__Hygrocybe;s__Hygrocybe_spadicea	underclassification	0
F1-REF	6	0	sortmerna	0.76:0.9:3:0.8:1.0	SH113055.07FU_EU558722_reps	k__Fungi;p__Ascomycota;c__Leotiomycetes;o__Erysiphales;f__Erysiphaceae;g__Golovinomyces;s__Golovinomyces_montagnei	k__Fungi;p__Ascomycota;c__Lecanoromycetes;o__Peltigerales;f__Lobariaceae;g__Pseudocyphellaria;s__Pseudocyphellaria_berberina	misclassification	2
F1-REF	6	0	sortmerna	0.76:0.9:3:0.8:1.0	SH082469.07FU_FJ362027_reps	k__Fungi;p__Basidiomycota;c__Agaricomycetes;o__Agaricales;f__Bolbitiaceae;g__Conocybe;s__Conocybe_apala	k__Fungi;p__Basidiomycota;c__Agaricomycetes;o__Agaricales;f__Bolbitiaceae;g__Conocybe;s__Conocybe_deliquescens	overclassification	6
F1-REF	6	0	sortmerna	0.76:0.9:3:0.8:1.0	SH134603.07FU_FJ596903_reps	k__Fungi;p__Basidiomycota;c__Agaricomycetes;o__Russulales;f__Russulaceae;g__Lactarius;s__Lactarius_sp	k__Fungi;p__Basidiomycota;c__Agaricomycetes;o__Russulales;f__Russulaceae;g__Lactarius;s__Lactarius_subplinthogalus	overclassification	6
F1-REF	6	0	sortmerna	0.76:0.9:3:0.8:1.0	SH085305.07FU_HQ599410_reps	k__Fungi	k__Fungi;p__Ascomycota;c__Eurotiomycetes;o__Pyrenulales;f__Massariaceae;g__Massaria;s__Massaria_macra	underclassification	1
F1-REF	6	0	sortmerna	0.76:0.9:3:0.8:1.0	SH079012.07FU_UDB000428_reps	Unassigned	k__Fungi;p__Basidiomycota;c__Agaricomycetes;o__Boletales;f__Boletaceae;g__Chalciporus;s__Chalciporus_piperatus	underclassification	0
F1-REF	6	0	sortmerna	0.76:0.9:3:0.8:1.0	SH131568.07FU_GU060263_reps	k__Fungi;p__Basidiomycota;c__Agaricomycetes;o__Agaricales;f__Tricholomataceae;g__Tricholoma	k__Fungi;p__Basidiomycota;c__Agaricomycetes;o__Agaricales;f__Tricholomataceae;g__Tricholoma;s__Tricholoma_cingulatum	match	6
F1-REF	6	0	sortmerna	0.76:0.9:3:0.8:1.0	SH092574.07FU_KC011050_refs	k__Fungi;p__Ascomycota;c__Lecanoromycetes;o__Peltigerales;f__Lobariaceae;g__Lobariella	k__Fungi;p__Ascomycota;c__Lecanoromycetes;o__Peltigerales;f__Lobariaceae;g__Lobariella;s__Lobariella_pallidocrenulata	match	6
F1-REF	6	0	sortmerna	0.76:0.9:3:0.8:1.0	SH132100.07FU_FJ596862_reps	Unassigned	k__Fungi;p__Basidiomycota;c__Agaricomycetes;o__Agaricales;f__Strophariaceae;g__Pholiota;s__Pholiota_henningsii	underclassification	0
F1-REF	6	0	sortmerna	0.76:0.9:3:0.8:1.0	SH119802.07FU_UDB015967_refs	k__Fungi;p__Basidiomycota;c__Agaricomycetes;o__Agaricales;f__Inocybaceae;g__Inocybe	k__Fungi;p__Basidiomycota;c__Agaricomycetes;o__Agaricales;f__Inocybaceae;g__Inocybe;s__Inocybe_myriadophylla	match	6
F1-REF	6	0	sortmerna	0.76:0.9:3:0.8:1.0	SH089773.07FU_Z54108_reps	k__Fungi;p__Ascomycota;c__Sordariomycetes;o__Hypocreales;f__Nectriaceae;g__Xenoacremonium;s__Xenoacremonium_recifei	k__Fungi;p__Ascomycota;c__Sordariomycetes;o__Hypocreales;f__Ophiocordycipitaceae;g__Tolypocladium;s__Tolypocladium_tundrense	misclassification	4
F1-REF	6	0	sortmerna	0.76:0.9:3:0.8:1.0	SH081714.07FU_HQ020410_reps	k__Fungi;p__Basidiomycota;c__Agaricomycetes;o__Agaricales;f__Agaricaceae;g__Lepiota;s__Lepiota_magnispora	k__Fungi;p__Basidiomycota;c__Agaricomycetes;o__Agaricales;f__Cortinariaceae;g__Gigasperma;s__Gigasperma_sp	misclassification	4
F1-REF	6	0	sortmerna	0.76:0.9:3:0.8:1.0	SH132220.07FU_JN944004_reps	Unassigned	k__Fungi;p__Basidiomycota;c__Agaricomycetes;o__Russulales;f__Russulaceae;g__Russula;s__Russula_zvarae	underclassification	0
F1-REF	6	0	sortmerna	0.76:0.9:3:0.8:1.0	SH134092.07FU_KC992951_refs	k__Fungi;p__Basidiomycota;c__Agaricomycetes;o__Agaricales;f__Psathyrellaceae	k__Fungi;p__Basidiomycota;c__Agaricomycetes;o__Agaricales;f__Psathyrellaceae;g__Lacrymaria;s__Lacrymaria_subcinnamomea	underclassification	5
F1-REF	6	0	sortmerna	0.76:0.9:3:0.8:1.0	SH551711.07FU_LN810859_reps	k__Fungi;p__Ascomycota;c__Lecanoromycetes;o__Acarosporales;f__Acarosporaceae	k__Fungi;p__Ascomycota;c__Lecanoromycetes;o__Acarosporales;f__Acarosporaceae;g__Sarcogyne;s__Sarcogyne_hypophaeoides	underclassification	5
F1-REF	6	0	sortmerna	0.76:0.9:3:0.8:1.0	SH120902.07FU_JX025040_refs	k__Fungi;p__Ascomycota;c__Dothideomycetes;o__Botryosphaeriales;f__Botryosphaeriaceae;g__Phyllosticta;s__Phyllosticta_aloeicola	k__Fungi;p__Ascomycota;c__Dothideomycetes;o__Botryosphaeriales;f__Botryosphaeriaceae;g__Phyllosticta;s__Phyllosticta_styracicola	overclassification	6
F1-REF	6	0	sortmerna	0.76:0.9:3:0.8:1.0	SH110780.07FU_DQ267127_reps	k__Fungi;p__Basidiomycota;c__Pucciniomycetes;o__Pucciniales;f__Pucciniaceae;g__Puccinia	k__Fungi;p__Basidiomycota;c__Pucciniomycetes;o__Pucciniales;f__Pucciniaceae;g__Gymnosporangium;s__Gymnosporangium_juniperi-virginianae	misclassification	5
F1-REF	6	0	sortmerna	0.76:0.9:3:0.8:1.0	SH118050.07FU_EF373560_reps	k__Fungi;p__Ascomycota	k__Fungi;p__Ascomycota;c__Lecanoromycetes;o__Lecanorales;f__Parmeliaceae;g__Flavocetraria;s__Flavocetraria_nivalis	underclassification	2
F1-REF	6	0	sortmerna	0.76:0.9:3:0.8:1.0	SH116967.07FU_KC411730_refs	k__Fungi;p__Ascomycota;c__Eurotiomycetes;o__Eurotiales;f__Trichocomaceae;g__Penicillium	k__Fungi;p__Ascomycota;c__Eurotiomycetes;o__Eurotiales;f__Trichocomaceae;g__Penicillium;s__Penicillium_odoratum	match	6
F1-REF	6	0	sortmerna	0.76:0.9:3:0.8:1.0	SH094098.07FU_U66436_reps	k__Fungi;p__Basidiomycota;c__Agaricomycetes;o__Agaricales;f__Tricholomataceae;g__Arrhenia;s__Arrhenia_acerosa	k__Fungi;p__Basidiomycota;c__Agaricomycetes;o__Agaricales;f__Tricholomataceae;g__Arrhenia;s__Arrhenia_griseopallida	overclassification	6
F1-REF	6	0	sortmerna	0.76:0.9:3:0.8:1.0	SH537815.07FU_KP968440_reps	k__Fungi;p__Ascomycota;c__Sordariomycetes;o__Sordariales;f__Chaetomiaceae;g__Humicola;s__Humicola_sp	k__Fungi;p__Ascomycota;c__Dothideomycetes;o__Capnodiales;f__Mycosphaerellaceae;g__Cercospora;s__Cercospora_sp	misclassification	2
F1-REF	6	0	sortmerna	0.76:0.9:3:0.8:1.0	SH109778.07FU_AY515362_reps	k__Fungi;p__Ascomycota;c__Sordariomycetes;o__Sordariales;f__Lasiosphaeriaceae;g__Podospora;s__Podospora_sp	k__Fungi;p__Ascomycota;c__Sordariomycetes;o__Sordariales;f__Lasiosphaeriaceae;g__Schizothecium;s__Schizothecium_miniglutinans	misclassification	5
F1-REF	6	0	sortmerna	0.76:0.9:3:0.8:1.0	SH081768.07FU_UDB014381_reps	k__Fungi;p__Basidiomycota;c__Agaricomycetes;o__Hymenochaetales;f__Repetobasidiaceae;g__Rickenella;s__Rickenella_fibula	k__Fungi;p__Basidiomycota;c__Agaricomycetes;o__Hymenochaetales;f__Repetobasidiaceae;g__Rickenella;s__Rickenella_sp	overclassification	6
F1-REF	6	0	sortmerna	0.76:0.9:3:0.8:1.0	SH539124.07FU_LN794638_reps	k__Fungi;p__Basidiomycota;c__Agaricomycetes;o__Agaricales;f__Cortinariaceae;g__Cortinarius	k__Fungi;p__Basidiomycota;c__Agaricomycetes;o__Agaricales;f__Cortinariaceae;g__Cortinarius;s__Cortinarius_prodigiosus	match	6
F1-REF	6	0	sortmerna	0.76:0.9:3:0.8:1.0	SH077609.07FU_JX429211_refs	k__Fungi;p__Basidiomycota;c__Agaricomycetes;o__Agaricales;f__Tricholomataceae;g__Melanoleuca;s__Melanoleuca_tristis	k__Fungi;p__Basidiomycota;c__Agaricomycetes;o__Agaricales;f__Tricholomataceae;g__Melanoleuca;s__Melanoleuca_longisterigma	overclassification	6
F1-REF	6	0	sortmerna	0.76:0.9:3:0.8:1.0	SH082554.07FU_DQ534572_reps	k__Fungi;p__Basidiomycota;c__Agaricomycetes;o__Boletales;f__Serpulaceae;g__Austropaxillus;s__Austropaxillus_statuum	k__Fungi;p__Basidiomycota;c__Agaricomycetes;o__Boletales;f__Serpulaceae;g__Austropaxillus;s__Austropaxillus_infundibuliformis	overclassification	6
F1-REF	6	0	sortmerna	0.76:0.9:3:0.8:1.0	SH135520.07FU_JX178615_reps	k__Fungi;p__Basidiomycota;c__Agaricomycetes;o__Agaricales;f__Cortinariaceae;g__Cortinarius	k__Fungi;p__Basidiomycota;c__Agaricomycetes;o__Agaricales;f__Cortinariaceae;g__Cortinarius;s__Cortinarius_perelegans	match	6
F1-REF	6	0	sortmerna	0.76:0.9:3:0.8:1.0	SH080000.07FU_KF958047_refs	Unassigned	k__Fungi;p__Ascomycota;c__Saccharomycetes;o__Saccharomycetales;f__Saccharomycodaceae;g__Hanseniaspora;s__Hanseniaspora_nectarophila	underclassification	0
F1-REF	6	0	sortmerna	0.76:0.9:3:0.8:1.0	SH077429.07FU_JQ782549_reps	Unassigned	k__Fungi;p__Neocallimastigomycota;c__Neocallimastigomycetes;o__Neocallimastigales;f__Neocallimastigaceae;g__Neocallimastix;s__Neocallimastix_frontalis	underclassification	0
F1-REF	6	0	sortmerna	0.76:0.9:3:0.8:1.0	SH089026.07FU_EU057042_reps	k__Fungi;p__Basidiomycota;c__Agaricomycetes;o__Agaricales;f__Cortinariaceae;g__Cortinarius	k__Fungi;p__Basidiomycota;c__Agaricomycetes;o__Agaricales;f__Cortinariaceae;g__Cortinarius;s__Cortinarius_verrucisporus	match	6
F1-REF	6	0	sortmerna	0.76:0.9:3:0.8:1.0	SH130246.07FU_UDB015475_refs	k__Fungi;p__Basidiomycota;c__Agaricomycetes;o__Agaricales;f__Entolomataceae;g__Entoloma	k__Fungi;p__Basidiomycota;c__Agaricomycetes;o__Agaricales;f__Entolomataceae;g__Entoloma;s__Entoloma_pleopodium	match	6
F1-REF	6	0	sortmerna	0.76:0.9:3:0.8:1.0	SH124708.07FU_AB587010_refs	k__Fungi;p__Ascomycota;c__Sordariomycetes;o__Hypocreales;f__Nectriaceae	k__Fungi;p__Ascomycota;c__Sordariomycetes;o__Hypocreales;f__Nectriaceae;g__Gibberella;s__Gibberella_fujikuroi	underclassification	5
F1-REF	6	0	sortmerna	0.76:0.9:3:0.8:1.0	SH090339.07FU_KJ780631_reps	k__Fungi;p__Basidiomycota;c__Agaricomycetes;o__Atheliales;f__Atheliaceae;g__Cora	k__Fungi;p__Basidiomycota;c__Agaricomycetes;o__Atheliales;f__Atheliaceae;g__Cora;s__Cora_cyphellifera	match	6
F1-REF	6	0	sortmerna	0.76:0.9:3:0.8:1.0	SH100260.07FU_EU543194_reps	k__Fungi;p__Ascomycota;c__Pezizomycetes;o__Pezizales;f__Pezizaceae;g__Pachyphlodes	k__Fungi;p__Ascomycota;c__Pezizomycetes;o__Pezizales;f__Pezizaceae;g__Pachyphlodes;s__Pachyphlodes_melanoxantha	match	6
F1-REF	6	0	sortmerna	0.76:0.9:3:0.8:1.0	SH079772.07FU_UDB011833_refs	k__Fungi;p__Basidiomycota;c__Agaricomycetes;o__Agaricales;f__Mycenaceae;g__Mycena;s__Mycena_sp	k__Fungi;p__Basidiomycota;c__Agaricomycetes;o__Agaricales;f__Strophariaceae;g__Galerina;s__Galerina_fallax	misclassification	4
F1-REF	6	0	sortmerna	0.76:0.9:3:0.8:1.0	SH121758.07FU_AF210667_reps	k__Fungi;p__Ascomycota;c__Sordariomycetes	k__Fungi;p__Ascomycota;c__Sordariomycetes;o__Hypocreales;f__Bionectriaceae;g__Clonostachys;s__Clonostachys_buxi	underclassification	3
F1-REF	6	0	sortmerna	0.76:0.9:3:0.8:1.0	SH128323.07FU_JF439131_reps	k__Fungi;p__Glomeromycota;c__Glomeromycetes;o__Glomerales;f__Glomeraceae;g__Septoglomus;s__Septoglomus_viscosum	k__Fungi;p__Glomeromycota;c__Glomeromycetes;o__Glomerales;f__Glomeraceae;g__Glomus;s__Glomus_aggregatum	misclassification	5
F1-REF	6	0	sortmerna	0.76:0.9:3:0.8:1.0	SH095063.07FU_KF644361_reps	k__Fungi;p__Ascomycota;c__Lecanoromycetes;o__Lecanorales;f__Stereocaulaceae;g__Stereocaulon	k__Fungi;p__Ascomycota;c__Lecanoromycetes;o__Lecanorales;f__Stereocaulaceae;g__Stereocaulon;s__Stereocaulon_exutum	match	6
F1-REF	6	0	sortmerna	0.76:0.9:3:0.8:1.0	SH077362.07FU_DQ366852_reps	k__Fungi;p__Basidiomycota;c__Microbotryomycetes;o__Microbotryales;f__Microbotryaceae;g__Microbotryum	k__Fungi;p__Basidiomycota;c__Microbotryomycetes;o__Microbotryales;f__Microbotryaceae;g__Microbotryum;s__Microbotryum_minuartiae	match	6
F1-REF	6	0	sortmerna	0.76:0.9:3:0.8:1.0	SH115522.07FU_KF251627_reps	Unassigned	k__Fungi;p__Ascomycota;c__Dothideomycetes;o__Capnodiales;f__Mycosphaerellaceae;g__Sphaerulina;s__Sphaerulina_quercicola	underclassification	0
F1-REF	6	0	sortmerna	0.76:0.9:3:0.8:1.0	SH080170.07FU_GU328559_reps	Unassigned	k__Fungi;p__Basidiomycota;c__Agaricomycetes;o__Agaricales;f__Inocybaceae;g__Inocybe;s__Inocybe_tubarioides	underclassification	0
F1-REF	6	0	sortmerna	0.76:0.9:3:0.8:1.0	SH099649.07FU_HQ540523_refs	Unassigned	k__Fungi;p__Ascomycota;c__Eurotiomycetes;o__Ascosphaerales;f__Ascosphaeraceae;g__Ascosphaera;s__Ascosphaera_subglobosa	underclassification	0
F1-REF	6	0	sortmerna	0.76:0.9:3:0.8:1.0	SH549481.07FU_LC001725_reps	k__Fungi;p__Ascomycota;c__Dothideomycetes;o__Pleosporales;f__Lophiostomataceae	k__Fungi;p__Ascomycota;c__Dothideomycetes;o__Pleosporales;f__Lophiostomataceae;g__Sigarispora;s__Sigarispora_caulium	underclassification	5
F1-REF	6	0	sortmerna	0.76:0.9:3:0.8:1.0	SH133728.07FU_AM085529_refs	k__Fungi;p__Basidiomycota;c__Agaricomycetes;o__Boletales;f__Rhizopogonaceae;g__Rhizopogon	k__Fungi;p__Basidiomycota;c__Agaricomycetes;o__Boletales;f__Rhizopogonaceae;g__Rhizopogon;s__Rhizopogon_sardous	match	6
F1-REF	6	0	sortmerna	0.76:0.9:3:0.8:1.0	SH134908.07FU_AY329597_refs	k__Fungi;p__Basidiomycota;c__Agaricomycetes;o__Agaricales;f__Tricholomataceae;g__Tricholomopsis;s__Tricholomopsis_decora	k__Fungi;p__Basidiomycota;c__Agaricomycetes;o__Agaricales;f__Tricholomataceae;g__Tricholomopsis;s__Tricholomopsis_sp	overclassification	6
F1-REF	6	0	sortmerna	0.76:0.9:3:0.8:1.0	SH112987.07FU_DQ001288_reps	Unassigned	k__Fungi;p__Ascomycota;c__Lecanoromycetes;o__Peltigerales;f__Lobariaceae;g__Lobaria;s__Lobaria_pindarensis	underclassification	0
F1-REF	6	0	sortmerna	0.76:0.9:3:0.8:1.0	SH079636.07FU_JN180322_reps	Unassigned	k__Fungi;p__Basidiomycota;c__Agaricomycetes;o__Agaricales;f__Agaricaceae;g__Macrolepiota;s__Macrolepiota_subcitrophylla	underclassification	0
F1-REF	6	0	sortmerna	0.76:0.9:3:0.8:1.0	SH134155.07FU_JX082347_reps	k__Fungi;p__Basidiomycota;c__Agaricomycetes	k__Fungi;p__Basidiomycota;c__Agaricomycetes;o__Polyporales;f__Polyporaceae;g__Skeletocutis;s__Skeletocutis_nivea	underclassification	3
F1-REF	6	0	sortmerna	0.76:0.9:3:0.8:1.0	SH087106.07FU_DQ533974_refs	k__Fungi;p__Basidiomycota;c__Agaricomycetes;o__Boletales;f__Gomphidiaceae;g__Chroogomphus;s__Chroogomphus_rutilus	k__Fungi;p__Basidiomycota;c__Agaricomycetes;o__Boletales;f__Gomphidiaceae;g__Chroogomphus;s__Chroogomphus_vinicolor	overclassification	6
F1-REF	6	0	sortmerna	0.76:0.9:3:0.8:1.0	SH089937.07FU_JQ806418_reps	Unassigned	k__Fungi;p__Basidiomycota;c__Agaricomycetes;o__Polyporales;f__Polyporaceae;g__Trametes;s__Trametes_ljubarskyi	underclassification	0
F1-REF	6	0	sortmerna	0.76:0.9:3:0.8:1.0	SH536427.07FU_KP242221_reps	k__Fungi;p__Basidiomycota;c__Agaricomycetes;o__Agaricales;f__Cortinariaceae;g__Cortinarius;s__Cortinarius_sp	k__Fungi;p__Basidiomycota;c__Agaricomycetes;o__Boletales;f__Boletaceae;g__Austroboletus;s__Austroboletus_sp	misclassification	3
F1-REF	6	0	sortmerna	0.76:0.9:3:0.8:1.0	SH088752.07FU_JX484015_reps	Unassigned	k__Fungi;p__Basidiomycota;c__Agaricomycetes;o__Hymenochaetales;f__Hymenochaetaceae;g__Fuscoporia;s__Fuscoporia_senex	underclassification	0
F1-REF	6	0	sortmerna	0.76:0.9:3:0.8:1.0	SH105681.07FU_EF568100_refs	k__Fungi;p__Ascomycota	k__Fungi;p__Ascomycota;c__Saccharomycetes;o__Saccharomycetales;f__Trichomonascaceae;g__Zygoascus;s__Zygoascus_hellenicus	underclassification	2
F1-REF	6	0	sortmerna	0.76:0.9:3:0.8:1.0	SH127735.07FU_FR852328_reps	k__Fungi;p__Basidiomycota;c__Agaricomycetes;o__Atheliales;f__Atheliaceae;g__Byssocorticium;s__Byssocorticium_atrovirens	k__Fungi;p__Basidiomycota;c__Agaricomycetes;o__Atheliales;f__Atheliaceae;g__Byssocorticium;s__Byssocorticium_sp	overclassification	6
F1-REF	6	0	sortmerna	0.76:0.9:3:0.8:1.0	SH129557.07FU_HQ650611_reps	Unassigned	k__Fungi;p__Ascomycota;c__Lecanoromycetes;o__Lecanorales;f__Parmeliaceae;g__Evernia;s__Evernia_prunastri	underclassification	0
F1-REF	6	0	sortmerna	0.76:0.9:3:0.8:1.0	SH122996.07FU_JF288798_reps	k__Fungi;p__Ascomycota;c__Lecanoromycetes;o__Lecanorales;f__Cladoniaceae;g__Cladonia	k__Fungi;p__Ascomycota;c__Lecanoromycetes;o__Lecanorales;f__Cladoniaceae;g__Cladonia;s__Cladonia_corsicana	match	6
F1-REF	6	0	sortmerna	0.76:0.9:3:0.8:1.0	SH086795.07FU_EU427300_refs	k__Fungi;p__Ascomycota;c__Eurotiomycetes;o__Eurotiales;f__Trichocomaceae	k__Fungi;p__Ascomycota;c__Eurotiomycetes;o__Eurotiales;f__Trichocomaceae;g__Penicillium;s__Penicillium_malacaense	underclassification	5
F1-REF	6	0	sortmerna	0.76:0.9:3:0.8:1.0	SH133520.07FU_AY217136_reps	k__Fungi;p__Basidiomycota;c__Pucciniomycetes;o__Pucciniales;f__Pucciniaceae;g__Puccinia;s__Puccinia_andropogonis	k__Fungi;p__Basidiomycota;c__Pucciniomycetes;o__Pucciniales;f__Pucciniaceae;g__Puccinia;s__Puccinia_asparagi	overclassification	6
F1-REF	6	0	sortmerna	0.76:0.9:3:0.8:1.0	SH129665.07FU_GQ293951_reps	k__Fungi;p__Ascomycota;c__Sordariomycetes;o__Xylariales;f__Diatrypaceae	k__Fungi;p__Ascomycota;c__Sordariomycetes;o__Xylariales;f__Diatrypaceae;g__Diatrype;s__Diatrype_whitmanensis	underclassification	5
F1-REF	6	0	sortmerna	0.76:0.9:3:0.8:1.0	SH079342.07FU_UDB007450_reps	k__Fungi;p__Basidiomycota;c__Agaricomycetes	k__Fungi;p__Basidiomycota;c__Agaricomycetes;o__Russulales;f__Russulaceae;g__Russula;s__Russula_xerampelina	underclassification	3
F1-REF	6	0	sortmerna	0.76:0.9:3:0.8:1.0	SH114999.07FU_EU686045_reps	Unassigned	k__Fungi;p__Ascomycota;c__Sordariomycetes;o__Xylariales;f__Xylariaceae;g__Xylaria;s__Xylaria_hypoxylon	underclassification	0
F1-REF	6	0	sortmerna	0.76:0.9:3:0.8:1.0	SH123504.07FU_AY587917_reps	k__Fungi;p__Ascomycota;c__Sordariomycetes;o__Sordariales;f__Lasiosphaeriaceae;g__Lasiosphaeria;s__Lasiosphaeria_ovina	k__Fungi;p__Ascomycota;c__Sordariomycetes;o__Sordariales;f__Lasiosphaeriaceae;g__Lasiosphaeria;s__Lasiosphaeria_lanuginosa	overclassification	6
F1-REF	6	0	sortmerna	0.76:0.9:3:0.8:1.0	SH083040.07FU_KJ934907_reps	Unassigned	k__Fungi;p__Basidiomycota;c__Pucciniomycetes;o__Pucciniales;f__Pucciniaceae;g__Puccinia;s__Puccinia_recondita	underclassification	0
F1-REF	6	0	sortmerna	0.76:0.9:3:0.8:1.0	SH080872.07FU_UDB003320_refs	k__Fungi;p__Basidiomycota;c__Agaricomycetes;o__Thelephorales;f__Thelephoraceae;g__Tomentella;s__Tomentella_sp	k__Fungi;p__Basidiomycota;c__Agaricomycetes;o__Thelephorales;f__Thelephoraceae;g__Tomentella;s__Tomentella_subclavigera	overclassification	6
F1-REF	6	0	sortmerna	0.76:0.9:3:0.8:1.0	SH134718.07FU_JX454810_reps	k__Fungi;p__Basidiomycota;c__Agaricomycetes	k__Fungi;p__Basidiomycota;c__Agaricomycetes;o__Agaricales;f__Entolomataceae;g__Entoloma;s__Entoloma_nitens	underclassification	3
F1-REF	6	0	sortmerna	0.76:0.9:3:0.8:1.0	SH119575.07FU_JQ860326_reps	k__Fungi;p__Basidiomycota;c__Agaricomycetes;o__Hymenochaetales;f__Hymenochaetaceae;g__Inocutis;s__Inocutis_subdryophila	k__Fungi;p__Basidiomycota;c__Agaricomycetes;o__Hymenochaetales;f__Hymenochaetaceae;g__Tropicoporus;s__Tropicoporus_cubensis	misclassification	5
F1-REF	6	0	sortmerna	0.76:0.9:3:0.8:1.0	SH114302.07FU_AJ430223_refs	k__Fungi;p__Ascomycota;c__Leotiomycetes	k__Fungi;p__Ascomycota;c__Leotiomycetes;o__Helotiales;f__Dermateaceae;g__Mollisia;s__Mollisia_cinerea	underclassification	3
F1-REF	6	0	sortmerna	0.76:0.9:3:0.8:1.0	SH092571.07FU_KF002731_reps	Unassigned	k__Fungi;p__Ascomycota;c__Pezizomycetes;o__Pezizales;f__Tuberaceae;g__Tuber;s__Tuber_glabrum	underclassification	0
F1-REF	6	0	sortmerna	0.76:0.9:3:0.8:1.0	SH542878.07FU_KU844709_reps	Unassigned	k__Fungi;p__Ascomycota;c__Lecanoromycetes;o__Agyriales;f__Trapeliaceae;g__Placopsis;s__Placopsis_sp	underclassification	0
F1-REF	6	0	sortmerna	0.76:0.9:3:0.8:1.0	SH093172.07FU_JN601031_refs	k__Fungi;p__Ascomycota;c__Dothideomycetes;o__Pleosporales;f__Pleosporaceae;g__Curvularia	k__Fungi;p__Ascomycota;c__Dothideomycetes;o__Pleosporales;f__Pleosporaceae;g__Curvularia;s__Curvularia_ovariicola	match	6
F1-REF	6	0	sortmerna	0.76:0.9:3:0.8:1.0	SH121083.07FU_EF194155_reps	Unassigned	k__Fungi;p__Ascomycota;c__Sordariomycetes;o__Hypocreales;f__Ophiocordycipitaceae;g__Hirsutella;s__Hirsutella_kirchneri	underclassification	0
F1-REF	6	0	sortmerna	0.76:0.9:3:0.8:1.0	SH107628.07FU_AF263347_refs	k__Fungi;p__Ascomycota;c__Eurotiomycetes;o__Eurotiales;f__Trichocomaceae;g__Penicillium	k__Fungi;p__Ascomycota;c__Eurotiomycetes;o__Eurotiales;f__Trichocomaceae;g__Penicillium;s__Penicillium_bovifimosum	match	6
F1-REF	6	0	sortmerna	0.76:0.9:3:0.8:1.0	SH091814.07FU_KF007192_reps	k__Fungi;p__Basidiomycota;c__Agaricomycetes;o__Russulales;f__Russulaceae	k__Fungi;p__Basidiomycota;c__Agaricomycetes;o__Russulales;f__Russulaceae;g__Russula;s__Russula_cascadensis	underclassification	5
F1-REF	6	0	sortmerna	0.76:0.9:3:0.8:1.0	SH105594.07FU_JQ070491_reps	k__Fungi;p__Ascomycota;c__Eurotiomycetes;o__Chaetothyriales;f__Herpotrichiellaceae;g__Exophiala	k__Fungi;p__Ascomycota;c__Eurotiomycetes;o__Chaetothyriales;f__Herpotrichiellaceae;g__Exophiala;s__Exophiala_psychrophila	match	6
F1-REF	6	0	sortmerna	0.76:0.9:3:0.8:1.0	SH550988.07FU_KF923784_reps	k__Fungi;p__Ascomycota;c__Lecanoromycetes;o__Lecanorales;f__Parmeliaceae	k__Fungi;p__Ascomycota;c__Lecanoromycetes;o__Lecanorales;f__Parmeliaceae;g__Allocetraria;s__Allocetraria_sp	underclassification	5
F1-REF	6	0	sortmerna	0.76:0.9:3:0.8:1.0	SH076462.07FU_GU949583_refs	Unassigned	k__Fungi;p__Basidiomycota;c__Agaricomycetes;o__Agaricales;f__Inocybaceae;g__Inocybe;s__Inocybe_chondroderma	underclassification	0
F1-REF	6	0	sortmerna	0.76:0.9:3:0.8:1.0	SH123395.07FU_AY515361_reps	Unassigned	k__Fungi;p__Ascomycota;c__Sordariomycetes;o__Sordariales;f__Lasiosphaeriaceae;g__Podospora;s__Podospora_fimiseda	underclassification	0
F1-REF	6	0	sortmerna	0.76:0.9:3:0.8:1.0	SH086466.07FU_UDB000861_refs	k__Fungi;p__Basidiomycota;c__Agaricomycetes;o__Russulales;f__Russulaceae;g__Lactarius	k__Fungi;p__Basidiomycota;c__Agaricomycetes;o__Russulales;f__Russulaceae;g__Lactarius;s__Lactarius_hepaticus	match	6
F1-REF	6	0	sortmerna	0.76:0.9:3:0.8:1.0	SH095335.07FU_UDB016341_reps	Unassigned	k__Fungi;p__Basidiomycota;c__Agaricomycetes;o__Thelephorales;f__Thelephoraceae;g__Tomentella;s__Tomentella_ellisii	underclassification	0
F1-REF	6	0	sortmerna	0.76:0.9:3:0.8:1.0	SH121528.07FU_UDB000582_refs	Unassigned	k__Fungi;p__Basidiomycota;c__Agaricomycetes;o__Agaricales;f__Hygrophoraceae;g__Hygrophorus;s__Hygrophorus_cossus	underclassification	0
F1-REF	6	0	sortmerna	0.76:0.9:3:0.8:1.0	SH092776.07FU_JX968247_reps	Unassigned	k__Fungi;p__Basidiomycota;c__Agaricomycetes;o__Agaricales;f__Bolbitiaceae;g__Conocybe;s__Conocybe_aeruginosa	underclassification	0
F1-REF	6	0	sortmerna	0.76:0.9:3:0.8:1.0	SH096711.07FU_AJ629406_refs	k__Fungi;p__Basidiomycota;c__Agaricomycetes;o__Boletales	k__Fungi;p__Basidiomycota;c__Agaricomycetes;o__Boletales;f__Diplocystidiaceae;g__Astraeus;s__Astraeus_hygrometricus	underclassification	4
F1-REF	6	0	sortmerna	0.76:0.9:3:0.8:1.0	SH126295.07FU_EU639582_reps	Unassigned	k__Fungi;p__Ascomycota;c__Lecanoromycetes;o__Lecanorales;f__Psoraceae;g__Protoblastenia;s__Protoblastenia_rupestris	underclassification	0
F1-REF	6	0	sortmerna	0.76:0.9:3:0.8:1.0	SH123871.07FU_HF674439_reps	k__Fungi;p__Glomeromycota;c__Glomeromycetes;o__Glomerales;f__Glomeraceae	k__Fungi;p__Glomeromycota;c__Glomeromycetes;o__Glomerales;f__Glomeraceae;g__Septoglomus;s__Septoglomus_sp	underclassification	5
F1-REF	6	0	sortmerna	0.76:0.9:3:0.8:1.0	SH135350.07FU_AY174815_reps	k__Fungi;p__Basidiomycota;c__Agaricomycetes;o__Agaricales;f__Cortinariaceae;g__Cortinarius;s__Cortinarius_roseobulbus	k__Fungi;p__Basidiomycota;c__Agaricomycetes;o__Agaricales;f__Cortinariaceae;g__Cortinarius;s__Cortinarius_osmophorus	overclassification	6
F1-REF	6	0	sortmerna	0.76:0.9:3:0.8:1.0	SH097971.07FU_AY606973_refs	Unassigned	k__Fungi;p__Basidiomycota;c__Agaricomycetes;o__Russulales;f__Russulaceae;g__Lactifluus;s__Lactifluus_edulis	underclassification	0
F1-REF	6	0	sortmerna	0.76:0.9:3:0.8:1.0	SH096296.07FU_AB054117_refs	k__Fungi;p__Ascomycota;c__Saccharomycetes;o__Saccharomycetales;f__Debaryomycetaceae;g__Priceomyces;s__Priceomyces_castillae	k__Fungi;p__Ascomycota;c__Saccharomycetes;o__Saccharomycetales;f__Debaryomycetaceae;g__Priceomyces;s__Priceomyces_haplophilus	overclassification	6
F1-REF	6	0	sortmerna	0.76:0.9:3:0.8:1.0	SH079862.07FU_JQ915097_reps	Unassigned	k__Fungi;p__Basidiomycota;c__Agaricomycetes;o__Cantharellales;f__Cantharellaceae;g__Craterellus;s__Craterellus_pleurotoides	underclassification	0
F1-REF	6	0	sortmerna	0.76:0.9:3:0.8:1.0	SH107924.07FU_JN204283_refs	k__Fungi;p__Basidiomycota;c__Ustilaginomycetes;o__Urocystidales;f__Floromycetaceae;g__Antherospora	k__Fungi;p__Basidiomycota;c__Ustilaginomycetes;o__Urocystidales;f__Floromycetaceae;g__Antherospora;s__Antherospora_tractemae	match	6
F1-REF	6	0	sortmerna	0.76:0.9:3:0.8:1.0	SH077503.07FU_KC222806_reps	Unassigned	k__Fungi;p__Ascomycota;c__Archaeorhizomycetes;o__Archaeorhizomycetales;f__Archaeorhizomycetaceae;g__Archaeorhizomyces;s__Archaeorhizomyces_sp	underclassification	0
F1-REF	6	0	sortmerna	0.76:0.9:3:0.8:1.0	SH130455.07FU_UDB016038_refs	k__Fungi;p__Basidiomycota;c__Agaricomycetes	k__Fungi;p__Basidiomycota;c__Agaricomycetes;o__Russulales;f__Russulaceae;g__Russula;s__Russula_griseascens	underclassification	3
F1-REF	6	0	sortmerna	0.76:0.9:3:0.8:1.0	SH085718.07FU_AY860555_reps	k__Fungi;p__Ascomycota;c__Lecanoromycetes;o__Teloschistales;f__Physciaceae;g__Physcia	k__Fungi;p__Ascomycota;c__Lecanoromycetes;o__Teloschistales;f__Physciaceae;g__Physcia;s__Physcia_millegrana	match	6
F1-REF	6	0	sortmerna	0.76:0.9:3:0.8:1.0	SH537750.07FU_KR303627_reps	Unassigned	k__Fungi;p__Ascomycota;c__Lecanoromycetes;o__Lecanorales;f__Tephromelataceae;g__Calvitimela;s__Calvitimela_livida	underclassification	0
F1-REF	6	0	sortmerna	0.76:0.9:3:0.8:1.0	SH087869.07FU_HM005146_refs	Unassigned	k__Fungi;p__Basidiomycota;c__Agaricomycetes;o__Agaricales;f__Physalacriaceae;g__Ponticulomyces;s__Ponticulomyces_kedrovayae	underclassification	0
F1-REF	6	0	sortmerna	0.76:0.9:3:0.8:1.0	SH095058.07FU_DQ001301_reps	k__Fungi;p__Ascomycota;c__Lecanoromycetes;o__Lecanorales;f__Stereocaulaceae;g__Stereocaulon;s__Stereocaulon_intermedium	k__Fungi;p__Ascomycota;c__Lecanoromycetes;o__Lecanorales;f__Stereocaulaceae;g__Stereocaulon;s__Stereocaulon_myriocarpum	overclassification	6
F1-REF	6	0	sortmerna	0.76:0.9:3:0.8:1.0	SH107582.07FU_KC595941_reps	Unassigned	k__Fungi;p__Basidiomycota;c__Agaricomycetes;o__Polyporales;f__Fomitopsidaceae;g__Postia;s__Postia_lowei	underclassification	0
F1-REF	6	0	sortmerna	0.76:0.9:3:0.8:1.0	SH091584.07FU_JN182201_refs	k__Fungi;p__Basidiomycota;c__Agaricomycetes;o__Agaricales;f__Mycenaceae;g__Mycena;s__Mycena_pura	k__Fungi;p__Basidiomycota;c__Agaricomycetes;o__Agaricales;f__Mycenaceae;g__Mycena;s__Mycena_pearsoniana	overclassification	6
F1-REF	6	0	sortmerna	0.76:0.9:3:0.8:1.0	SH537169.07FU_KU315200_reps	k__Fungi;p__Basidiomycota;c__Agaricomycetes;o__Polyporales;f__Ganodermataceae	k__Fungi;p__Basidiomycota;c__Agaricomycetes;o__Polyporales;f__Ganodermataceae;g__Amauroderma;s__Amauroderma_sprucei	underclassification	5
F1-REF	6	0	sortmerna	0.76:0.9:3:0.8:1.0	SH108176.07FU_EU340897_reps	k__Fungi;p__Basidiomycota;c__Agaricomycetes;o__Polyporales;f__Fomitopsidaceae;g__Donkioporia;s__Donkioporia_expansa	k__Fungi;p__Basidiomycota;c__Agaricomycetes;o__Polyporales;f__Polyporaceae;g__Dichomitus;s__Dichomitus_albidofuscus	misclassification	4
F1-REF	6	0	sortmerna	0.76:0.9:3:0.8:1.0	SH118109.07FU_GU994561_reps	Unassigned	k__Fungi;p__Ascomycota;c__Lecanoromycetes;o__Lecanorales;f__Parmeliaceae;g__Melanelixia;s__Melanelixia_albertana	underclassification	0
F1-REF	6	0	sortmerna	0.76:0.9:3:0.8:1.0	SH109655.07FU_KC492924_reps	k__Fungi;p__Basidiomycota;c__Agaricomycetes;o__Russulales;f__Bondarzewiaceae;g__Heterobasidion	k__Fungi;p__Basidiomycota;c__Agaricomycetes;o__Russulales;f__Bondarzewiaceae;g__Heterobasidion;s__Heterobasidion_irregulare	match	6
F1-REF	6	0	sortmerna	0.76:0.9:3:0.8:1.0	SH133607.07FU_HQ533019_reps	k__Fungi;p__Basidiomycota;c__Agaricomycetes;o__Agaricales;f__Hydnangiaceae	k__Fungi;p__Basidiomycota;c__Agaricomycetes;o__Agaricales;f__Hydnangiaceae;g__Laccaria;s__Laccaria_paraphysata	underclassification	5
F1-REF	6	0	sortmerna	0.76:0.9:3:0.8:1.0	SH116962.07FU_AY313611_refs	k__Fungi;p__Ascomycota;c__Eurotiomycetes;o__Eurotiales;f__Trichocomaceae	k__Fungi;p__Ascomycota;c__Eurotiomycetes;o__Eurotiales;f__Trichocomaceae;g__Penicillium;s__Penicillium_thiersii	underclassification	5
F1-REF	6	0	sortmerna	0.76:0.9:3:0.8:1.0	SH130450.07FU_UDB000300_refs	k__Fungi;p__Basidiomycota;c__Agaricomycetes;o__Russulales;f__Russulaceae;g__Russula	k__Fungi;p__Basidiomycota;c__Agaricomycetes;o__Russulales;f__Russulaceae;g__Russula;s__Russula_emetica	match	6
F1-REF	6	0	sortmerna	0.76:0.9:3:0.8:1.0	SH132846.07FU_DQ389701_refs	k__Fungi;p__Basidiomycota;c__Agaricomycetes;o__Agaricales;f__Psathyrellaceae;g__Psathyrella	k__Fungi;p__Basidiomycota;c__Agaricomycetes;o__Agaricales;f__Psathyrellaceae;g__Psathyrella;s__Psathyrella_pertinax	match	6
F1-REF	6	0	sortmerna	0.76:0.9:3:0.8:1.0	SH125297.07FU_UDB015303_refs	Unassigned	k__Fungi;p__Basidiomycota;c__Agaricomycetes;o__Agaricales;f__Hygrophoraceae;g__Hygrophorus;s__Hygrophorus_piceae	underclassification	0
F1-REF	6	0	sortmerna	0.76:0.9:3:0.8:1.0	SH103542.07FU_HM034853_reps	k__Fungi;p__Ascomycota;c__Sordariomycetes;o__Xylariales;f__Xylariaceae;g__Muscodor	k__Fungi;p__Ascomycota;c__Sordariomycetes;o__Xylariales;f__Xylariaceae;g__Muscodor;s__Muscodor_fengyangensis	match	6
F1-REF	6	0	sortmerna	0.76:0.9:3:0.8:1.0	SH091333.07FU_DQ417407_reps	k__Fungi;p__Basidiomycota;c__Pucciniomycetes;o__Pucciniales;f__Pucciniaceae;g__Puccinia	k__Fungi;p__Basidiomycota;c__Pucciniomycetes;o__Pucciniales;f__Pucciniaceae;g__Puccinia;s__Puccinia_striiformis	match	6
F1-REF	6	0	sortmerna	0.76:0.9:3:0.8:1.0	SH095374.07FU_UDB016193_refs	Unassigned	k__Fungi;p__Basidiomycota;c__Agaricomycetes;o__Thelephorales;f__Thelephoraceae;g__Tomentella;s__Tomentella_cinerascens	underclassification	0
F1-REF	6	0	sortmerna	0.76:0.9:3:0.8:1.0	SH078658.07FU_AB440281_refs	k__Fungi;p__Ascomycota;c__Saccharomycetes;o__Saccharomycetales;f__Pichiaceae;g__Ogataea	k__Fungi;p__Ascomycota;c__Saccharomycetes;o__Saccharomycetales;f__Pichiaceae;g__Ogataea;s__Ogataea_ganodermae	match	6
F1-REF	6	0	sortmerna	0.76:0.9:3:0.8:1.0	SH080305.07FU_Z80877_reps	k__Fungi;p__Ascomycota;c__Leotiomycetes;o__Helotiales	k__Fungi;p__Ascomycota;c__Leotiomycetes;o__Helotiales;f__Sclerotiniaceae;g__Ciborinia;s__Ciborinia_candolleana	underclassification	4
F1-REF	6	0	sortmerna	0.76:0.9:3:0.8:1.0	SH087218.07FU_UDB003136_reps	k__Fungi;p__Basidiomycota;c__Agaricomycetes;o__Trechisporales;f__Hydnodontaceae;g__Sistotremastrum;s__Sistotremastrum_sp	k__Fungi;p__Basidiomycota;c__Agaricomycetes;o__Agaricales;f__Agaricaceae;g__Cystoderma;s__Cystoderma_saarenoksae	misclassification	3
F1-REF	6	0	sortmerna	0.76:0.9:3:0.8:1.0	SH093744.07FU_GU328562_reps	k__Fungi;p__Basidiomycota;c__Agaricomycetes;o__Trechisporales;f__Hydnodontaceae	k__Fungi;p__Basidiomycota;c__Agaricomycetes;o__Trechisporales;f__Hydnodontaceae;g__Trechispora;s__Trechispora_invisitata	underclassification	5
F1-REF	6	0	sortmerna	0.76:0.9:3:0.8:1.0	SH135623.07FU_AY669576_reps	k__Fungi;p__Basidiomycota;c__Agaricomycetes;o__Agaricales;f__Cortinariaceae;g__Cortinarius;s__Cortinarius_meleagris	k__Fungi;p__Basidiomycota;c__Agaricomycetes;o__Agaricales;f__Cortinariaceae;g__Cortinarius;s__Cortinarius_emodensis	overclassification	6
F1-REF	6	0	sortmerna	0.76:0.9:3:0.8:1.0	SH112089.07FU_HQ283370_refs	k__Fungi;p__Ascomycota;c__Saccharomycetes;o__Saccharomycetales;f__Pichiaceae;g__Yamadazyma	k__Fungi;p__Ascomycota;c__Saccharomycetes;o__Saccharomycetales;f__Pichiaceae;g__Yamadazyma;s__Yamadazyma_akitaensis	match	6
F1-REF	6	0	sortmerna	0.76:0.9:3:0.8:1.0	SH092970.07FU_JQ365940_refs	k__Fungi;p__Ascomycota;c__Leotiomycetes;o__Erysiphales;f__Erysiphaceae;g__Erysiphe;s__Erysiphe_sp	k__Fungi;p__Ascomycota;c__Leotiomycetes;o__Erysiphales;f__Erysiphaceae;g__Erysiphe;s__Erysiphe_platani	overclassification	6
F1-REF	6	0	sortmerna	0.76:0.9:3:0.8:1.0	SH093788.07FU_AY854966_reps	k__Fungi;p__Basidiomycota;c__Exobasidiomycetes;o__Entylomatales;f__Entylomataceae;g__Entyloma	k__Fungi;p__Basidiomycota;c__Exobasidiomycetes;o__Entylomatales;f__Entylomataceae;g__Entyloma;s__Entyloma_arnoseridis	match	6
F1-REF	6	0	sortmerna	0.76:0.9:3:0.8:1.0	SH111020.07FU_EU149921_reps	k__Fungi;p__Ascomycota;c__Sordariomycetes;o__Hypocreales;f__Ophiocordycipitaceae;g__Polycephalomyces;s__Polycephalomyces_sp	k__Fungi;p__Ascomycota;c__Sordariomycetes;o__Hypocreales;f__Cordycipitaceae;g__Cordyceps;s__Cordyceps_sp	misclassification	4
F1-REF	6	0	sortmerna	0.76:0.9:3:0.8:1.0	SH080230.07FU_UDB011116_refs	k__Fungi;p__Basidiomycota;c__Agaricomycetes;o__Russulales;f__Russulaceae;g__Russula	k__Fungi;p__Basidiomycota;c__Agaricomycetes;o__Russulales;f__Russulaceae;g__Russula;s__Russula_aurantioflammans	match	6
F1-REF	6	0	sortmerna	0.76:0.9:3:0.8:1.0	SH083815.07FU_EU292354_reps	Unassigned	k__Fungi;p__Basidiomycota;c__Agaricomycetes;o__Atheliales;f__Atheliaceae;g__Athelia;s__Athelia_sp	underclassification	0
F1-REF	6	0	sortmerna	0.76:0.9:3:0.8:1.0	SH127142.07FU_KF732477_refs	k__Fungi;p__Basidiomycota;c__Agaricomycetes;o__Agaricales;f__Cortinariaceae;g__Cortinarius	k__Fungi;p__Basidiomycota;c__Agaricomycetes;o__Agaricales;f__Cortinariaceae;g__Cortinarius;s__Cortinarius_vixolivascens	match	6
F1-REF	6	0	sortmerna	0.76:0.9:3:0.8:1.0	SH101264.07FU_KJ877648_reps	Unassigned	k__Fungi;p__Ascomycota;c__Dothideomycetes;o__Pleosporales;f__Massarinaceae;g__Helminthosporium;s__Helminthosporium_massarinum	underclassification	0
F1-REF	6	0	sortmerna	0.76:0.9:3:0.8:1.0	SH086637.07FU_KM189761_refs	k__Fungi;p__Ascomycota;c__Eurotiomycetes;o__Eurotiales;f__Trichocomaceae;g__Penicillium	k__Fungi;p__Ascomycota;c__Eurotiomycetes;o__Eurotiales;f__Trichocomaceae;g__Penicillium;s__Penicillium_sublectaticum	match	6
F1-REF	6	0	sortmerna	0.76:0.9:3:0.8:1.0	SH094657.07FU_KP165577_refs	k__Fungi;p__Basidiomycota;c__Agaricomycetes;o__Agaricales;f__Cortinariaceae;g__Cortinarius	k__Fungi;p__Basidiomycota;c__Agaricomycetes;o__Agaricales;f__Cortinariaceae;g__Cortinarius;s__Cortinarius_centrirufus	match	6
F1-REF	6	0	sortmerna	0.76:0.9:3:0.8:1.0	SH553990.07FU_KR336684_reps	k__Fungi;p__Ascomycota;c__Eurotiomycetes;o__Onygenales;f__Arthrodermataceae;g__Arthroderma;s__Arthroderma_simii	k__Fungi;p__Ascomycota;c__Eurotiomycetes;o__Onygenales;f__Arthrodermataceae;g__Trichophyton;s__Trichophyton_violaceum	misclassification	5
F1-REF	6	0	sortmerna	0.76:0.9:3:0.8:1.0	SH130348.07FU_UDB015736_refs	k__Fungi;p__Basidiomycota;c__Agaricomycetes;o__Agaricales;f__Tricholomataceae;g__Clitocybe	k__Fungi;p__Basidiomycota;c__Agaricomycetes;o__Agaricales;f__Tricholomataceae;g__Clitocybe;s__Clitocybe_metachroa	match	6
F1-REF	6	0	sortmerna	0.76:0.9:3:0.8:1.0	SH083419.07FU_EF655704_reps	k__Fungi;p__Basidiomycota;c__Agaricomycetes;o__Agaricales	k__Fungi;p__Basidiomycota;c__Agaricomycetes;o__Agaricales;f__Inocybaceae;g__Inocybe;s__Inocybe_concinnula	underclassification	4
F1-REF	6	0	sortmerna	0.76:0.9:3:0.8:1.0	SH095977.07FU_EU819461_reps	k__Fungi;p__Ascomycota;c__Dothideomycetes;o__Botryosphaeriales;f__Botryosphaeriaceae;g__Phyllosticta;s__Phyllosticta_hymenocallidicola	k__Fungi;p__Ascomycota;c__Pezizomycetes;o__Pezizales;f__Pezizaceae;g__Peziza;s__Peziza_ostracoderma	misclassification	2
F1-REF	6	0	sortmerna	0.76:0.9:3:0.8:1.0	SH134031.07FU_KC867367_refs	k__Fungi;p__Basidiomycota;c__Agaricomycetes;o__Polyporales	k__Fungi;p__Basidiomycota;c__Agaricomycetes;o__Polyporales;f__Polyporaceae;g__Coriolopsis;s__Coriolopsis_strumosa	underclassification	4
F1-REF	6	0	sortmerna	0.76:0.9:3:0.8:1.0	SH091488.07FU_EF591737_refs	k__Fungi;p__Ascomycota;c__Eurotiomycetes;o__Eurotiales;f__Trichocomaceae;g__Aspergillus	k__Fungi;p__Ascomycota;c__Eurotiomycetes;o__Eurotiales;f__Trichocomaceae;g__Aspergillus;s__Aspergillus_granulosus	match	6
F1-REF	6	0	sortmerna	0.76:0.9:3:0.8:1.0	SH133672.07FU_GQ250408_reps	Unassigned	k__Fungi;p__Basidiomycota;c__Agaricomycetes;o__Agaricales;f__Amanitaceae;g__Amanita;s__Amanita_silvicola	underclassification	0
F1-REF	6	0	sortmerna	0.76:0.9:3:0.8:1.0	SH538765.07FU_KC154103_reps	Unassigned	k__Fungi;p__Basidiomycota;c__Agaricomycetes;o__Russulales;f__Russulaceae;g__Lactifluus;s__Lactifluus_tropicosinicus	underclassification	0
F1-REF	6	0	sortmerna	0.76:0.9:3:0.8:1.0	SH091497.07FU_EF652502_refs	Unassigned	k__Fungi;p__Ascomycota;c__Eurotiomycetes;o__Eurotiales;f__Trichocomaceae;g__Aspergillus;s__Aspergillus_elongatus	underclassification	0
F1-REF	6	0	sortmerna	0.76:0.9:3:0.8:1.0	SH120346.07FU_KC898438_reps	Unassigned	k__Fungi;p__Basidiomycota;c__Agaricomycetes;o__Agaricales;f__Entolomataceae;g__Entoloma;s__Entoloma_eugenei	underclassification	0
F1-REF	6	0	sortmerna	0.76:0.9:3:0.8:1.0	SH123621.07FU_JN638252_refs	Unassigned	k__Fungi;p__Ascomycota;c__Eurotiomycetes;o__Verrucariales;f__Verrucariaceae;g__Hydropunctaria;s__Hydropunctaria_amphibia	underclassification	0
F1-REF	6	0	sortmerna	0.76:0.9:3:0.8:1.0	SH082017.07FU_KC585345_reps	Unassigned	k__Fungi;p__Basidiomycota;c__Agaricomycetes;o__Polyporales;f__Fomitopsidaceae;g__Fibroporia;s__Fibroporia_vaillantii	underclassification	0
F1-REF	6	0	sortmerna	0.76:0.9:3:0.8:1.0	SH092701.07FU_FJ491960_reps	k__Fungi;p__Basidiomycota;c__Agaricomycetes;o__Polyporales;f__Ganodermataceae;g__Ganoderma	k__Fungi;p__Basidiomycota;c__Agaricomycetes;o__Polyporales;f__Ganodermataceae;g__Ganoderma;s__Ganoderma_tropicum	match	6
F1-REF	6	0	sortmerna	0.76:0.9:3:0.8:1.0	SH091058.07FU_DQ873614_refs	k__Fungi;p__Basidiomycota;c__Agaricomycetes;o__Hymenochaetales;f__Schizoporaceae;g__Hyphodontia;s__Hyphodontia_crustosa	k__Fungi;p__Basidiomycota;c__Agaricomycetes;o__Hymenochaetales;f__Schizoporaceae;g__Xylodon;s__Xylodon_crustosus	misclassification	5
F1-REF	6	0	sortmerna	0.76:0.9:3:0.8:1.0	SH086252.07FU_KJ450905_reps	k__Fungi;p__Basidiomycota;c__Agaricomycetes;o__Agaricales;f__Cortinariaceae;g__Phaeocollybia;s__Phaeocollybia_attenuata	k__Fungi;p__Basidiomycota;c__Agaricomycetes;o__Agaricales;f__Cortinariaceae;g__Phaeocollybia;s__Phaeocollybia_benzokauffmanii	overclassification	6
F1-REF	6	0	sortmerna	0.76:0.9:3:0.8:1.0	SH116567.07FU_KF251383_reps	k__Fungi;p__Ascomycota;c__Dothideomycetes;o__Capnodiales;f__Mycosphaerellaceae;g__Septoria	k__Fungi;p__Ascomycota;c__Dothideomycetes;o__Capnodiales;f__Mycosphaerellaceae;g__Septoria;s__Septoria_clematidis	match	6
F1-REF	6	0	sortmerna	0.76:0.9:3:0.8:1.0	SH077031.07FU_AJ884634_reps	k__Fungi;p__Basidiomycota;c__Agaricomycetes;o__Agaricales;f__Agaricaceae;g__Agaricus	k__Fungi;p__Basidiomycota;c__Agaricomycetes;o__Agaricales;f__Agaricaceae;g__Agaricus;s__Agaricus_gennadii	match	6
F1-REF	6	0	sortmerna	0.76:0.9:3:0.8:1.0	SH115745.07FU_KC884523_reps	Unassigned	k__Fungi;p__Ascomycota;c__Lecanoromycetes;o__Teloschistales;f__Teloschistaceae;g__Caloplaca;s__Caloplaca_variabilis	underclassification	0
F1-REF	6	0	sortmerna	0.76:0.9:3:0.8:1.0	SH076802.07FU_DQ185925_reps	k__Fungi;p__Basidiomycota;c__Agaricomycetes;o__Russulales;f__Hericiaceae;g__Hericium;s__Hericium_erinaceus	k__Fungi;p__Basidiomycota;c__Agaricomycetes;o__Russulales;f__Hericiaceae;g__Hericium;s__Hericium_coralloides	overclassification	6
F1-REF	6	0	sortmerna	0.76:0.9:3:0.8:1.0	SH132733.07FU_DQ144613_reps	k__Fungi;p__Basidiomycota;c__Agaricomycetes;o__Polyporales;f__Fomitopsidaceae;g__Anomoloma;s__Anomoloma_albolutescens	k__Fungi;p__Basidiomycota;c__Agaricomycetes;o__Polyporales;f__Fomitopsidaceae;g__Anomoloma;s__Anomoloma_flavissimum	overclassification	6
F1-REF	6	0	sortmerna	0.76:0.9:3:0.8:1.0	SH131165.07FU_JX118731_refs	Unassigned	k__Fungi;p__Basidiomycota;c__Agaricomycetes;o__Agaricales;f__Psathyrellaceae;g__Coprinopsis;s__Coprinopsis_pachyderma	underclassification	0
F1-REF	6	0	sortmerna	0.76:0.9:3:0.8:1.0	SH100447.07FU_KC460876_reps	Unassigned	k__Fungi;p__Ascomycota;c__Sordariomycetes;o__Microascales;f__Microascaceae;g__Microascus;s__Microascus_sp	underclassification	0
F1-REF	6	0	sortmerna	0.76:0.9:3:0.8:1.0	SH133579.07FU_AB777480_reps	k__Fungi;p__Basidiomycota;c__Agaricomycetes;o__Agaricales;f__Hydnangiaceae;g__Laccaria	k__Fungi;p__Basidiomycota;c__Agaricomycetes;o__Agaricales;f__Hydnangiaceae;g__Laccaria;s__Laccaria_vinaceoavellanea	match	6
F1-REF	6	0	sortmerna	0.76:0.9:3:0.8:1.0	SH093385.07FU_AY737768_refs	k__Fungi;p__Ascomycota;c__Sordariomycetes;o__Hypocreales;f__Hypocreaceae;g__Trichoderma	k__Fungi;p__Ascomycota;c__Sordariomycetes;o__Hypocreales;f__Hypocreaceae;g__Trichoderma;s__Trichoderma_virescentiflavum	match	6
F1-REF	6	0	sortmerna	0.76:0.9:3:0.8:1.0	SH132531.07FU_JF908276_reps	k__Fungi;p__Basidiomycota;c__Agaricomycetes;o__Russulales;f__Russulaceae;g__Lactarius	k__Fungi;p__Basidiomycota;c__Agaricomycetes;o__Russulales;f__Russulaceae;g__Lactarius;s__Lactarius_rostratus	match	6
F1-REF	6	0	sortmerna	0.76:0.9:3:0.8:1.0	SH107803.07FU_UDB016415_refs	k__Fungi;p__Basidiomycota;c__Agaricomycetes;o__Trechisporales;f__Hydnodontaceae;g__Sistotremastrum;s__Sistotremastrum_sp	k__Fungi;p__Basidiomycota;c__Agaricomycetes;o__Polyporales;f__Fomitopsidaceae;g__Postia;s__Postia_undosa	misclassification	3
F1-REF	6	0	sortmerna	0.76:0.9:3:0.8:1.0	SH134090.07FU_DQ389729_refs	k__Fungi;p__Basidiomycota;c__Agaricomycetes;o__Agaricales;f__Psathyrellaceae;g__Coprinopsis;s__Coprinopsis_spelaiophila	k__Fungi;p__Basidiomycota;c__Agaricomycetes;o__Agaricales;f__Psathyrellaceae;g__Homophron;s__Homophron_spadiceum	misclassification	5
F1-REF	6	0	sortmerna	0.76:0.9:3:0.8:1.0	SH097744.07FU_UDB019687_refs	k__Fungi;p__Basidiomycota;c__Agaricomycetes;o__Agaricales;f__Lyophyllaceae;g__Hypsizygus;s__Hypsizygus_ulmarius	k__Fungi;p__Basidiomycota;c__Agaricomycetes;o__Agaricales;f__Lyophyllaceae;g__Hypsizygus;s__Hypsizygus_marmoreus	overclassification	6
F1-REF	6	0	sortmerna	0.76:0.9:3:0.8:1.0	SH083784.07FU_AY513170_refs	k__Fungi;p__Basidiomycota;c__Agaricomycetes	k__Fungi;p__Basidiomycota;c__Agaricomycetes;o__Russulales;f__Auriscalpiaceae;g__Lentinellus;s__Lentinellus_subaustralis	underclassification	3
F1-REF	6	0	sortmerna	0.76:0.9:3:0.8:1.0	SH133381.07FU_KF245486_reps	k__Fungi;p__Basidiomycota;c__Agaricomycetes;o__Russulales;f__Russulaceae;g__Russula	k__Fungi;p__Basidiomycota;c__Agaricomycetes;o__Russulales;f__Russulaceae;g__Russula;s__Russula_cerolens	match	6
F1-REF	6	0	sortmerna	0.76:0.9:3:0.8:1.0	SH117881.07FU_JX454912_reps	k__Fungi;p__Basidiomycota;c__Agaricomycetes	k__Fungi;p__Basidiomycota;c__Agaricomycetes;o__Agaricales;f__Entolomataceae;g__Entoloma;s__Entoloma_psammophilohebes	underclassification	3
F1-REF	6	0	sortmerna	0.76:0.9:3:0.8:1.0	SH090615.07FU_JQ754023_reps	k__Fungi;p__Ascomycota;c__Sordariomycetes;o__Diaporthales;f__Diaporthaceae;g__Diaporthe	k__Fungi;p__Ascomycota;c__Sordariomycetes;o__Diaporthales;f__Diaporthaceae;g__Diaporthe;s__Diaporthe_longicolla	match	6
F1-REF	6	0	sortmerna	0.76:0.9:3:0.8:1.0	SH083616.07FU_KC414247_reps	k__Fungi;p__Basidiomycota;c__Agaricomycetes	k__Fungi;p__Basidiomycota;c__Agaricomycetes;o__Agaricales;f__Pleurotaceae;g__Hohenbuehelia;s__Hohenbuehelia_portegna	underclassification	3
F1-REF	6	0	sortmerna	0.76:0.9:3:0.8:1.0	SH080295.07FU_Z80888_reps	k__Fungi;p__Ascomycota;c__Leotiomycetes;o__Helotiales	k__Fungi;p__Ascomycota;c__Leotiomycetes;o__Helotiales;f__Rutstroemiaceae;g__Scleromitrula;s__Scleromitrula_calthicola	underclassification	4
F1-REF	6	0	sortmerna	0.76:0.9:3:0.8:1.0	SH117528.07FU_EF661430_refs	k__Fungi;p__Ascomycota;c__Eurotiomycetes;o__Eurotiales;f__Trichocomaceae;g__Aspergillus	k__Fungi;p__Ascomycota;c__Eurotiomycetes;o__Eurotiales;f__Trichocomaceae;g__Aspergillus;s__Aspergillus_insulicola	match	6
F1-REF	6	0	sortmerna	0.76:0.9:3:0.8:1.0	SH097538.07FU_AM882771_reps	Unassigned	k__Fungi;p__Basidiomycota;c__Agaricomycetes;o__Agaricales;f__Inocybaceae;g__Inocybe;s__Inocybe_perlata	underclassification	0
F1-REF	6	0	sortmerna	0.76:0.9:3:0.8:1.0	SH135237.07FU_UDB011265_refs	k__Fungi;p__Basidiomycota;c__Agaricomycetes;o__Agaricales;f__Cortinariaceae;g__Cortinarius	k__Fungi;p__Basidiomycota;c__Agaricomycetes;o__Agaricales;f__Cortinariaceae;g__Cortinarius;s__Cortinarius_xanthocephalus	match	6
F1-REF	6	0	sortmerna	0.76:0.9:3:0.8:1.0	SH098001.07FU_HQ259267_reps	k__Fungi;p__Ascomycota;c__Dothideomycetes	k__Fungi;p__Ascomycota;c__Lecanoromycetes;o__Pertusariales;f__Megasporaceae;g__Aspicilia;s__Aspicilia_subradians	misclassification	2
F1-REF	6	0	sortmerna	0.76:0.9:3:0.8:1.0	SH119010.07FU_KF251249_refs	k__Fungi	k__Fungi;p__Ascomycota;c__Dothideomycetes;o__Pleosporales;f__Lentitheciaceae;g__Setoseptoria;s__Setoseptoria_phragmitis	underclassification	1
F1-REF	6	0	sortmerna	0.76:0.9:3:0.8:1.0	SH109672.07FU_UDB023691_reps	Unassigned	k__Fungi;p__Basidiomycota;c__Agaricomycetes;o__Agaricales;f__Mycenaceae;g__Mycena;s__Mycena_laevigata	underclassification	0
F1-REF	6	0	sortmerna	0.76:0.9:3:0.8:1.0	SH086467.07FU_UDB000398_refs	k__Fungi;p__Basidiomycota;c__Agaricomycetes;o__Russulales;f__Russulaceae;g__Lactarius	k__Fungi;p__Basidiomycota;c__Agaricomycetes;o__Russulales;f__Russulaceae;g__Lactarius;s__Lactarius_fulvissimus	match	6
F1-REF	6	0	sortmerna	0.76:0.9:3:0.8:1.0	SH077568.07FU_JQ279528_refs	k__Fungi;p__Basidiomycota;c__Agaricomycetes;o__Hymenochaetales;f__Hymenochaetaceae	k__Fungi;p__Basidiomycota;c__Agaricomycetes;o__Hymenochaetales;f__Hymenochaetaceae;g__Hymenochaete;s__Hymenochaete_villosa	underclassification	5
F1-REF	6	0	sortmerna	0.76:0.9:3:0.8:1.0	SH101541.07FU_EU075539_reps	k__Fungi;p__Ascomycota;c__Lecanoromycetes;o__Lecanorales;f__Parmeliaceae;g__Protoparmelia;s__Protoparmelia_sp	k__Fungi;p__Ascomycota;c__Lecanoromycetes;o__Lecanorales;f__Parmeliaceae;g__Protoparmelia;s__Protoparmelia_badia	overclassification	6
F1-REF	6	0	sortmerna	0.76:0.9:3:0.8:1.0	SH116540.07FU_KF251433_reps	k__Fungi;p__Ascomycota;c__Dothideomycetes;o__Capnodiales;f__Mycosphaerellaceae	k__Fungi;p__Ascomycota;c__Dothideomycetes;o__Capnodiales;f__Mycosphaerellaceae;g__Septoria;s__Septoria_hibiscicola	underclassification	5
F1-REF	6	0	sortmerna	0.76:0.9:3:0.8:1.0	SH080462.07FU_HQ604746_reps	k__Fungi;p__Basidiomycota;c__Agaricomycetes;o__Agaricales;f__Strophariaceae	k__Fungi;p__Basidiomycota;c__Agaricomycetes;o__Agaricales;f__Strophariaceae;g__Hypholoma;s__Hypholoma_dispersum	underclassification	5
F1-REF	6	0	sortmerna	0.76:0.9:3:0.8:1.0	SH541952.07FU_KJ938896_reps	Unassigned	k__Fungi;p__Ascomycota;c__Pezizomycetes;o__Pezizales;f__Pyronemataceae;g__Genea;s__Genea_oxygala	underclassification	0
F1-REF	6	0	sortmerna	0.76:0.9:3:0.8:1.0	SH117758.07FU_UDB015572_refs	Unassigned	k__Fungi;p__Basidiomycota;c__Agaricomycetes;o__Agaricales;f__Inocybaceae;g__Inocybe;s__Inocybe_angulatosquamulosa	underclassification	0
F1-REF	6	0	sortmerna	0.76:0.9:3:0.8:1.0	SH101256.07FU_GU907784_reps	k__Fungi;p__Ascomycota;c__Pezizomycetes;o__Pezizales;f__Tuberaceae;g__Tuber;s__Tuber_excavatum	k__Fungi;p__Ascomycota;c__Pezizomycetes;o__Pezizales;f__Tuberaceae;g__Tuber;s__Tuber_lyonii	overclassification	6
F1-REF	6	0	sortmerna	0.76:0.9:3:0.8:1.0	SH132543.07FU_KR025604_refs	k__Fungi;p__Basidiomycota;c__Agaricomycetes;o__Russulales;f__Russulaceae;g__Lactarius;s__Lactarius_vinaceorufescens	k__Fungi;p__Basidiomycota;c__Agaricomycetes;o__Russulales;f__Russulaceae;g__Lactarius;s__Lactarius_crenulatulus	overclassification	6
F1-REF	6	0	sortmerna	0.76:0.9:3:0.8:1.0	SH085703.07FU_AY860563_reps	k__Fungi;p__Ascomycota;c__Lecanoromycetes;o__Teloschistales;f__Physciaceae;g__Physcia	k__Fungi;p__Ascomycota;c__Lecanoromycetes;o__Teloschistales;f__Physciaceae;g__Physcia;s__Physcia_sp	match	6
F1-REF	6	0	sortmerna	0.76:0.9:3:0.8:1.0	SH085644.07FU_EU078639_reps	k__Fungi;p__Ascomycota;c__Eurotiomycetes;o__Eurotiales;f__Trichocomaceae;g__Aspergillus	k__Fungi;p__Ascomycota;c__Eurotiomycetes;o__Eurotiales;f__Trichocomaceae;g__Aspergillus;s__Aspergillus_longivesica	match	6
F1-REF	6	0	sortmerna	0.76:0.9:3:0.8:1.0	SH542566.07FU_KF605679_reps	k__Fungi;p__Basidiomycota;c__Agaricomycetes;o__Polyporales;f__Ganodermataceae;g__Ganoderma;s__Ganoderma_orbiforme	k__Fungi;p__Basidiomycota;c__Agaricomycetes;o__Polyporales;f__Ganodermataceae;g__Ganoderma;s__Ganoderma_zonatum	overclassification	6
F1-REF	6	0	sortmerna	0.76:0.9:3:0.8:1.0	SH091125.07FU_EU913713_refs	k__Fungi;p__Ascomycota;c__Sordariomycetes;o__Ophiostomatales;f__Ophiostomataceae;g__Ceratocystiopsis	k__Fungi;p__Ascomycota;c__Sordariomycetes;o__Ophiostomatales;f__Ophiostomataceae;g__Ophiostoma;s__Ophiostoma_ranaculosum	misclassification	5
F1-REF	6	0	sortmerna	0.76:0.9:3:0.8:1.0	SH540573.07FU_KF318084_reps	k__Fungi;p__Basidiomycota;c__Agaricomycetes	k__Fungi;p__Basidiomycota;c__Agaricomycetes;o__Russulales;f__Russulaceae;g__Russula;s__Russula_pectinata	underclassification	3
F1-REF	6	0	sortmerna	0.76:0.9:3:0.8:1.0	SH129806.07FU_UDB011247_refs	Unassigned	k__Fungi;p__Basidiomycota;c__Agaricomycetes;o__Agaricales;f__Agaricaceae;g__Cystolepiota;s__Cystolepiota_seminuda	underclassification	0
F1-REF	6	0	sortmerna	0.76:0.9:3:0.8:1.0	SH091578.07FU_FN394567_reps	k__Fungi;p__Basidiomycota;c__Agaricomycetes;o__Agaricales;f__Mycenaceae	k__Fungi;p__Basidiomycota;c__Agaricomycetes;o__Agaricales;f__Mycenaceae;g__Mycena;s__Mycena_bulbosa	underclassification	5
F1-REF	6	0	sortmerna	0.76:0.9:3:0.8:1.0	SH135602.07FU_KJ421015_reps	k__Fungi;p__Basidiomycota;c__Agaricomycetes;o__Agaricales;f__Cortinariaceae;g__Cortinarius	k__Fungi;p__Basidiomycota;c__Agaricomycetes;o__Agaricales;f__Cortinariaceae;g__Cortinarius;s__Cortinarius_inexspectatus	match	6
F1-REF	6	0	sortmerna	0.76:0.9:3:0.8:1.0	SH089734.07FU_KF747249_reps	k__Fungi;p__Ascomycota;c__Sordariomycetes;o__Hypocreales;f__Ophiocordycipitaceae;g__Tolypocladium;s__Tolypocladium_pustulatum	k__Fungi;p__Ascomycota;c__Sordariomycetes;o__Hypocreales;f__Ophiocordycipitaceae;g__Tolypocladium;s__Tolypocladium_sp	overclassification	6
F1-REF	6	0	sortmerna	0.76:0.9:3:0.8:1.0	SH544536.07FU_KP885635_reps	Unassigned	k__Fungi;p__Basidiomycota;c__Agaricomycetes;o__Agaricales;f__Lyophyllaceae;g__Calocybe;s__Calocybe_buxea	underclassification	0
F1-REF	6	0	sortmerna	0.76:0.9:3:0.8:1.0	SH089999.07FU_KJ009574_reps	k__Fungi;p__Basidiomycota;c__Agaricomycetes;o__Agaricales;f__Strophariaceae;g__Galerina	k__Fungi;p__Basidiomycota;c__Agaricomycetes;o__Agaricales;f__Pluteaceae;g__Pluteus;s__Pluteus_hongoi	misclassification	4
F1-REF	6	0	sortmerna	0.76:0.9:3:0.8:1.0	SH112617.07FU_KC732502_reps	k__Fungi;p__Ascomycota;c__Lecanoromycetes;o__Peltigerales;f__Lobariaceae;g__Sticta	k__Fungi;p__Ascomycota;c__Lecanoromycetes;o__Peltigerales;f__Lobariaceae;g__Sticta;s__Sticta_arbuscula	match	6
F1-REF	6	0	sortmerna	0.76:0.9:3:0.8:1.0	SH077452.07FU_UDB015159_refs	Unassigned	k__Fungi;p__Basidiomycota;c__Agaricomycetes;o__Agaricales;f__Agaricaceae;g__Lepiota;s__Lepiota_brunneoincarnata	underclassification	0
F1-REF	6	0	sortmerna	0.76:0.9:3:0.8:1.0	SH120776.07FU_HQ204680_reps	Unassigned	k__Fungi;p__Basidiomycota;c__Agaricomycetes;o__Agaricales;f__Inocybaceae;g__Inocybe;s__Inocybe_tenebrosa	underclassification	0
F1-REF	6	0	sortmerna	0.76:0.9:3:0.8:1.0	SH100535.07FU_U80612_refs	k__Fungi;p__Ascomycota;c__Sordariomycetes;o__Hypocreales;f__Clavicipitaceae;g__Neotyphodium;s__Neotyphodium_occultans	k__Fungi;p__Ascomycota;c__Sordariomycetes;o__Hypocreales;f__Clavicipitaceae;g__Neotyphodium;s__Neotyphodium_tembladerae	overclassification	6
F1-REF	6	0	sortmerna	0.76:0.9:3:0.8:1.0	SH539413.07FU_KP164972_reps	k__Fungi;p__Basidiomycota;c__Agaricomycetes;o__Agaricales;f__Cortinariaceae;g__Cortinarius;s__Cortinarius_sp	k__Fungi;p__Basidiomycota;c__Agaricomycetes;o__Agaricales;f__Agaricaceae;g__Leucoagaricus;s__Leucoagaricus_asiaticus	misclassification	4
F1-REF	6	0	sortmerna	0.76:0.9:3:0.8:1.0	SH093150.07FU_HE792919_refs	k__Fungi;p__Ascomycota;c__Dothideomycetes;o__Pleosporales;f__Pleosporaceae;g__Curvularia	k__Fungi;p__Ascomycota;c__Dothideomycetes;o__Pleosporales;f__Pleosporaceae;g__Bipolaris;s__Bipolaris_micropus	misclassification	5
F1-REF	6	0	sortmerna	0.76:0.9:3:0.8:1.0	SH115447.07FU_DQ425018_reps	k__Fungi;p__Basidiomycota;c__Pucciniomycetes;o__Pucciniales	k__Fungi;p__Basidiomycota;c__Pucciniomycetes;o__Pucciniales;f__Uropyxidaceae;g__Tranzschelia;s__Tranzschelia_anemones	underclassification	4
F1-REF	6	0	sortmerna	0.76:0.9:3:0.8:1.0	SH551307.07FU_UDB025254_reps	Unassigned	k__Fungi;p__Basidiomycota;c__Agaricomycetes;o__Cantharellales;f__Cantharellaceae;g__Pseudocraterellus;s__Pseudocraterellus_sp	underclassification	0
F1-REF	6	0	sortmerna	0.76:0.9:3:0.8:1.0	SH132517.07FU_JQ975968_reps	k__Fungi;p__Basidiomycota;c__Agaricomycetes;o__Russulales;f__Russulaceae;g__Lactarius;s__Lactarius_hatsudake	k__Fungi;p__Basidiomycota;c__Agaricomycetes;o__Russulales;f__Russulaceae;g__Lactarius;s__Lactarius_sanguifluus	overclassification	6
F1-REF	6	0	sortmerna	0.76:0.9:3:0.8:1.0	SH102362.07FU_AY315405_reps	k__Fungi;p__Ascomycota;c__Sordariomycetes;o__Xylariales;f__Xylariaceae;g__Xylaria	k__Fungi;p__Ascomycota;c__Sordariomycetes;o__Xylariales;f__Xylariaceae;g__Xylaria;s__Xylaria_enteroleuca	match	6
F1-REF	6	0	sortmerna	0.76:0.9:3:0.8:1.0	SH112768.07FU_GQ927282_reps	k__Fungi;p__Ascomycota;c__Lecanoromycetes;o__Peltigerales;f__Pannariaceae;g__Xanthopsoroma;s__Xanthopsoroma_sp	k__Fungi;p__Ascomycota;c__Lecanoromycetes;o__Peltigerales;f__Pannariaceae;g__Xanthopsoroma;s__Xanthopsoroma_soccatum	overclassification	6
F1-REF	6	0	sortmerna	0.76:0.9:3:0.8:1.0	SH099630.07FU_EF559269_reps	Unassigned	k__Fungi;p__Basidiomycota;c__Agaricomycetes;o__Agaricales;f__Hygrophoraceae;g__Hygrophorus;s__Hygrophorus_gliocyclus	underclassification	0
F1-REF	6	0	sortmerna	0.76:0.9:3:0.8:1.0	SH118084.07FU_KF617965_reps	Unassigned	k__Fungi;p__Ascomycota;c__Lecanoromycetes;o__Lecanorales;f__Parmeliaceae;g__Bryoria;s__Bryoria_simplicior	underclassification	0
F1-REF	6	0	sortmerna	0.76:0.9:3:0.8:1.0	SH081710.07FU_UDB015543_refs	Unassigned	k__Fungi;p__Basidiomycota;c__Agaricomycetes;o__Agaricales;f__Agaricaceae;g__Lepiota;s__Lepiota_cortinarius	underclassification	0
F1-REF	6	0	sortmerna	0.76:0.9:3:0.8:1.0	SH545343.07FU_KF988463_refs	k__Fungi;p__Basidiomycota;c__Agaricomycetes;o__Geastrales;f__Geastraceae;g__Geastrum	k__Fungi;p__Basidiomycota;c__Agaricomycetes;o__Geastrales;f__Geastraceae;g__Geastrum;s__Geastrum_kuharii	match	6
F1-REF	6	0	sortmerna	0.76:0.9:3:0.8:1.0	SH077075.07FU_AJ884632_reps	k__Fungi;p__Basidiomycota;c__Agaricomycetes;o__Agaricales;f__Agaricaceae;g__Agaricus	k__Fungi;p__Basidiomycota;c__Agaricomycetes;o__Agaricales;f__Agaricaceae;g__Agaricus;s__Agaricus_rollanii	match	6
F1-REF	6	0	sortmerna	0.76:0.9:3:0.8:1.0	SH540754.07FU_KJ684971_reps	Unassigned	k__Fungi;p__Basidiomycota;c__Agaricomycetes;o__Polyporales;f__Fomitopsidaceae;g__Postia;s__Postia_sp	underclassification	0
F1-REF	6	0	sortmerna	0.76:0.9:3:0.8:1.0	SH079696.07FU_EF420151_refs	k__Fungi;p__Basidiomycota;c__Agaricomycetes;o__Agaricales;f__Cortinariaceae;g__Cortinarius;s__Cortinarius_ovreboi	k__Fungi;p__Basidiomycota;c__Agaricomycetes;o__Agaricales;f__Cortinariaceae;g__Cortinarius;s__Cortinarius_comarostaphylidis	overclassification	6
F1-REF	6	0	sortmerna	0.76:0.9:3:0.8:1.0	SH100368.07FU_DQ173213_reps	k__Fungi;p__Ascomycota;c__Lecanoromycetes;o__Teloschistales;f__Teloschistaceae;g__Caloplaca	k__Fungi;p__Ascomycota;c__Lecanoromycetes;o__Teloschistales;f__Teloschistaceae;g__Caloplaca;s__Caloplaca_arcis	match	6
F1-REF	6	0	sortmerna	0.76:0.9:3:0.8:1.0	SH135276.07FU_UDB002216_refs	k__Fungi;p__Basidiomycota;c__Agaricomycetes;o__Agaricales;f__Cortinariaceae;g__Cortinarius	k__Fungi;p__Basidiomycota;c__Agaricomycetes;o__Agaricales;f__Cortinariaceae;g__Cortinarius;s__Cortinarius_camphoratus	match	6
F1-REF	6	0	sortmerna	0.76:0.9:3:0.8:1.0	SH102992.07FU_JN115301_reps	k__Fungi;p__Ascomycota;c__Lecanoromycetes;o__Lecanorales;f__Cladoniaceae;g__Cladia	k__Fungi;p__Ascomycota;c__Lecanoromycetes;o__Lecanorales;f__Cladoniaceae;g__Cladia;s__Cladia_tasmanica	match	6
F1-REF	6	0	sortmerna	0.76:0.9:3:0.8:1.0	SH102357.07FU_HQ823749_reps	k__Fungi;p__Ascomycota;c__Sordariomycetes;o__Xylariales;f__Xylariaceae;g__Xylaria;s__Xylaria_sp	k__Fungi;p__Ascomycota;c__Sordariomycetes;o__Xylariales;f__Xylariaceae;g__Rosellinia;s__Rosellinia_desmazieri	misclassification	5
F1-REF	6	0	sortmerna	0.76:0.9:3:0.8:1.0	SH090000.07FU_UDB015378_refs	Unassigned	k__Fungi;p__Basidiomycota;c__Agaricomycetes;o__Agaricales;f__Pluteaceae;g__Pluteus;s__Pluteus_petasatus	underclassification	0
F1-REF	6	0	sortmerna	0.76:0.9:3:0.8:1.0	SH103088.07FU_AY965758_reps	k__Fungi;p__Ascomycota;c__Orbiliomycetes;o__Orbiliales;f__Orbiliaceae;g__Orbilia;s__Orbilia_sp	k__Fungi;p__Ascomycota;c__Orbiliomycetes;o__Orbiliales;f__Orbiliaceae;g__Arthrobotrys;s__Arthrobotrys_entomopaga	misclassification	5
F1-REF	6	0	sortmerna	0.76:0.9:3:0.8:1.0	SH082473.07FU_AY194544_reps	k__Fungi;p__Basidiomycota;c__Agaricomycetes;o__Agaricales;f__Bolbitiaceae;g__Conocybe;s__Conocybe_apala	k__Fungi;p__Basidiomycota;c__Agaricomycetes;o__Agaricales;f__Bolbitiaceae;g__Conocybe;s__Conocybe_crispa	overclassification	6
F1-REF	6	0	sortmerna	0.76:0.9:3:0.8:1.0	SH079205.07FU_KJ146720_reps	k__Fungi;p__Basidiomycota;c__Agaricomycetes;o__Russulales;f__Russulaceae;g__Lactifluus;s__Lactifluus_sp	k__Fungi;p__Basidiomycota;c__Agaricomycetes;o__Russulales;f__Russulaceae;g__Lactarius;s__Lactarius_olivaceoumbrinus	misclassification	5
F1-REF	6	0	sortmerna	0.76:0.9:3:0.8:1.0	SH129522.07FU_JF832617_refs	k__Fungi;p__Ascomycota;c__Sordariomycetes;o__Hypocreales;f__Nectriaceae;g__Pleonectria;s__Pleonectria_cucurbitula	k__Fungi;p__Ascomycota;c__Sordariomycetes;o__Hypocreales;f__Nectriaceae;g__Pleonectria;s__Pleonectria_boothii	overclassification	6
F1-REF	6	0	sortmerna	0.76:0.9:3:0.8:1.0	SH080680.07FU_EU486433_reps	Unassigned	k__Fungi;p__Basidiomycota;c__Agaricomycetes;o__Gomphales;f__Gomphaceae;g__Ramaria;s__Ramaria_sp	underclassification	0
F1-REF	6	0	sortmerna	0.76:0.9:3:0.8:1.0	SH077407.07FU_UDB019776_reps	k__Fungi;p__Basidiomycota;c__Agaricomycetes;o__Agaricales;f__Hygrophoraceae;g__Cuphophyllus;s__Cuphophyllus_colemannianus	k__Fungi;p__Basidiomycota;c__Agaricomycetes;o__Agaricales;f__Hygrophoraceae;g__Cuphophyllus;s__Cuphophyllus_virgineus	overclassification	6
F1-REF	6	0	sortmerna	0.76:0.9:3:0.8:1.0	SH092604.07FU_FJ185308_refs	k__Fungi;p__Ascomycota;c__Sordariomycetes;o__Xylariales;f__Xylariaceae	k__Fungi;p__Ascomycota;c__Sordariomycetes;o__Xylariales;f__Xylariaceae;g__Hypoxylon;s__Hypoxylon_investiens	underclassification	5
F1-REF	6	0	sortmerna	0.76:0.9:3:0.8:1.0	SH094251.07FU_UDB011495_refs	k__Fungi;p__Basidiomycota;c__Agaricomycetes;o__Sebacinales;f__Sebacinaceae;g__Helvellosebacina;s__Helvellosebacina_sp	k__Fungi;p__Basidiomycota;c__Agaricomycetes;o__Boletales;f__Gyroporaceae;g__Gyroporus;s__Gyroporus_castaneus	misclassification	3
F1-REF	6	0	sortmerna	0.76:0.9:3:0.8:1.0	SH083990.07FU_FR852248_reps	Unassigned	k__Fungi;p__Basidiomycota;c__Agaricomycetes;o__Agaricales;f__Inocybaceae;g__Inocybe;s__Inocybe_huijsmanii	underclassification	0
F1-REF	6	0	sortmerna	0.76:0.9:3:0.8:1.0	SH539159.07FU_KP814498_reps	k__Fungi;p__Basidiomycota;c__Agaricomycetes;o__Hymenochaetales;f__Schizoporaceae	k__Fungi;p__Basidiomycota;c__Agaricomycetes;o__Hymenochaetales;f__Schizoporaceae;g__Xylodon;s__Xylodon_sp	underclassification	5
F1-REF	6	0	sortmerna	0.76:0.9:3:0.8:1.0	SH103496.07FU_HQ692590_reps	k__Fungi;p__Ascomycota;c__Sordariomycetes;o__Xylariales;f__Diatrypaceae	k__Fungi;p__Ascomycota;c__Sordariomycetes;o__Xylariales;f__Diatrypaceae;g__Diatrypella;s__Diatrypella_vulgaris	underclassification	5
F1-REF	6	0	sortmerna	0.76:0.9:3:0.8:1.0	SH117879.07FU_JX454880_reps	k__Fungi;p__Basidiomycota;c__Agaricomycetes;o__Agaricales;f__Entolomataceae;g__Entoloma	k__Fungi;p__Basidiomycota;c__Agaricomycetes;o__Agaricales;f__Entolomataceae;g__Entoloma;s__Entoloma_pseudofavrei	match	6
F1-REF	6	0	sortmerna	0.76:0.9:3:0.8:1.0	SH100416.07FU_GU480000_refs	k__Fungi;p__Basidiomycota;c__Agaricomycetes;o__Polyporales;f__Meruliaceae;g__Mycoacia;s__Mycoacia_sp	k__Fungi;p__Basidiomycota;c__Agaricomycetes;o__Polyporales;f__Meruliaceae;g__Mycoacia;s__Mycoacia_nothofagi	overclassification	6
F1-REF	6	0	sortmerna	0.76:0.9:3:0.8:1.0	SH107630.07FU_AF033487_refs	k__Fungi;p__Ascomycota;c__Eurotiomycetes;o__Eurotiales;f__Trichocomaceae;g__Penicillium	k__Fungi;p__Ascomycota;c__Eurotiomycetes;o__Eurotiales;f__Trichocomaceae;g__Penicillium;s__Penicillium_catenatum	match	6
F1-REF	6	0	sortmerna	0.76:0.9:3:0.8:1.0	SH134212.07FU_AY173370_reps	k__Fungi;p__Ascomycota;c__Lecanoromycetes;o__Peltigerales;f__Lobariaceae;g__Sticta	k__Fungi;p__Ascomycota;c__Lecanoromycetes;o__Peltigerales;f__Lobariaceae;g__Sticta;s__Sticta_beauvoisii	match	6
F1-REF	6	0	sortmerna	0.76:0.9:3:0.8:1.0	SH086684.07FU_EF652149_refs	k__Fungi;p__Ascomycota	k__Fungi;p__Ascomycota;c__Eurotiomycetes;o__Eurotiales;f__Trichocomaceae;g__Aspergillus;s__Aspergillus_cremeus	underclassification	2
F1-REF	6	0	sortmerna	0.76:0.9:3:0.8:1.0	SH113585.07FU_AY945303_refs	Unassigned	k__Fungi;p__Basidiomycota;c__Agaricomycetes;o__Agaricales;f__Strophariaceae;g__Hymenogaster;s__Hymenogaster_rubyensis	underclassification	0
F1-REF	6	0	sortmerna	0.76:0.9:3:0.8:1.0	SH116934.07FU_FR750022_refs	k__Fungi;p__Basidiomycota;c__Agaricomycetes;o__Trechisporales;f__Hydnodontaceae;g__Sistotremastrum;s__Sistotremastrum_sp	k__Fungi;p__Glomeromycota;c__Glomeromycetes;o__Archaeosporales;f__Archaeosporaceae;g__Archaeospora;s__Archaeospora_schenckii	misclassification	1
F1-REF	6	0	sortmerna	0.76:0.9:3:0.8:1.0	SH131595.07FU_HM240543_refs	k__Fungi;p__Basidiomycota;c__Agaricomycetes;o__Agaricales;f__Tricholomataceae;g__Tricholoma	k__Fungi;p__Basidiomycota;c__Agaricomycetes;o__Agaricales;f__Tricholomataceae;g__Tricholoma;s__Tricholoma_luteomaculosum	match	6
F1-REF	6	0	sortmerna	0.76:0.9:3:0.8:1.0	SH134591.07FU_UDB011475_reps	k__Fungi;p__Basidiomycota;c__Agaricomycetes;o__Agaricales	k__Fungi;p__Ascomycota;c__Pezizomycetes;o__Pezizales;f__Discinaceae;g__Gyromitra;s__Gyromitra_longipes	misclassification	1
F1-REF	6	0	sortmerna	0.76:0.9:3:0.8:1.0	SH104774.07FU_HQ698074_reps	k__Fungi;p__Ascomycota;c__Pezizomycetes;o__Pezizales;f__Pezizaceae;g__Terfezia;s__Terfezia_claveryi	k__Fungi;p__Ascomycota;c__Pezizomycetes;o__Pezizales;f__Pezizaceae;g__Terfezia;s__Terfezia_sp	overclassification	6
F1-REF	6	0	sortmerna	0.76:0.9:3:0.8:1.0	SH096229.07FU_AM882755_refs	Unassigned	k__Fungi;p__Basidiomycota;c__Agaricomycetes;o__Agaricales;f__Inocybaceae;g__Inocybe;s__Inocybe_soluta	underclassification	0
F1-REF	6	0	sortmerna	0.76:0.9:3:0.8:1.0	SH134766.07FU_UDB015455_refs	Unassigned	k__Fungi;p__Basidiomycota;c__Agaricomycetes;o__Agaricales;f__Marasmiaceae;g__Marasmius;s__Marasmius_epiphyllus	underclassification	0
F1-REF	6	0	sortmerna	0.76:0.9:3:0.8:1.0	SH099602.07FU_DQ494359_reps	k__Fungi;p__Ascomycota;c__Orbiliomycetes;o__Orbiliales;f__Orbiliaceae	k__Fungi;p__Ascomycota;c__Orbiliomycetes;o__Orbiliales;f__Orbiliaceae;g__Dactylella;s__Dactylella_intermedia	underclassification	5
F1-REF	6	0	sortmerna	0.76:0.9:3:0.8:1.0	SH133825.07FU_UDB017884_reps	k__Fungi;p__Basidiomycota;c__Agaricomycetes;o__Agaricales;f__Marasmiaceae;g__Gerronema	k__Fungi;p__Basidiomycota;c__Agaricomycetes;o__Agaricales;f__Marasmiaceae;g__Gerronema;s__Gerronema_xanthophyllum	match	6
F1-REF	6	0	sortmerna	0.76:0.9:3:0.8:1.0	SH123267.07FU_EU284721_reps	k__Fungi;p__Ascomycota;c__Sordariomycetes;o__Hypocreales;f__Cordycipitaceae;g__Lecanicillium	k__Fungi;p__Ascomycota;c__Sordariomycetes;o__Hypocreales;f__Cordycipitaceae;g__Lecanicillium;s__Lecanicillium_fusisporum	match	6
F1-REF	6	0	sortmerna	0.76:0.9:3:0.8:1.0	SH094782.07FU_JQ771192_refs	k__Fungi;p__Ascomycota;c__Pezizomycetes;o__Pezizales;f__Tuberaceae;g__Tuber	k__Fungi;p__Ascomycota;c__Pezizomycetes;o__Pezizales;f__Tuberaceae;g__Tuber;s__Tuber_pseudomagnatum	match	6
F1-REF	6	0	sortmerna	0.76:0.9:3:0.8:1.0	SH098715.07FU_JQ358911_refs	Unassigned	k__Fungi;p__Basidiomycota;c__Agaricomycetes;o__Russulales;f__Russulaceae;g__Lactarius;s__Lactarius_hygrophoroides	underclassification	0
F1-REF	6	0	sortmerna	0.76:0.9:3:0.8:1.0	SH104965.07FU_KF061269_refs	k__Fungi;p__Basidiomycota;c__Agaricomycetes;o__Sebacinales;f__Sebacinaceae;g__Sebacina;s__Sebacina_sp	k__Fungi;p__Basidiomycota;c__Agaricomycetes;o__Sebacinales;f__Sebacinaceae;g__Sebacina;s__Sebacina_dimitica	overclassification	6
F1-REF	6	0	sortmerna	0.76:0.9:3:0.8:1.0	SH091403.07FU_UDB015984_refs	k__Fungi;p__Basidiomycota;c__Agaricomycetes;o__Russulales;f__Russulaceae;g__Russula	k__Fungi;p__Basidiomycota;c__Agaricomycetes;o__Russulales;f__Russulaceae;g__Russula;s__Russula_persicina	match	6
F1-REF	6	0	sortmerna	0.76:0.9:3:0.8:1.0	SH111726.07FU_KF819518_reps	Unassigned	k__Fungi;p__Ascomycota;c__Eurotiomycetes;o__Verrucariales;f__Verrucariaceae;g__Verrucaria;s__Verrucaria_devensis	underclassification	0
F1-REF	6	0	sortmerna	0.76:0.9:3:0.8:1.0	SH122697.07FU_FJ824738_refs	k__Fungi;p__Ascomycota;c__Dothideomycetes;o__Botryosphaeriales;f__Botryosphaeriaceae;g__Dothiorella	k__Fungi;p__Ascomycota;c__Dothideomycetes;o__Botryosphaeriales;f__Botryosphaeriaceae;g__Dothiorella;s__Dothiorella_thripina	match	6
F1-REF	6	0	sortmerna	0.76:0.9:3:0.8:1.0	SH135200.07FU_GU363477_refs	k__Fungi;p__Basidiomycota;c__Agaricomycetes;o__Agaricales;f__Cortinariaceae;g__Cortinarius;s__Cortinarius_meinhardii	k__Fungi;p__Basidiomycota;c__Agaricomycetes;o__Agaricales;f__Cortinariaceae;g__Cortinarius;s__Cortinarius_elegantio-occidentalis	overclassification	6
F1-REF	6	0	sortmerna	0.76:0.9:3:0.8:1.0	SH131608.07FU_JF960845_reps	k__Fungi;p__Basidiomycota;c__Agaricomycetes;o__Agaricales;f__Tricholomataceae;g__Tricholoma	k__Fungi;p__Basidiomycota;c__Agaricomycetes;o__Agaricales;f__Tricholomataceae;g__Tricholoma;s__Tricholoma_viridiolivaceum	match	6
F1-REF	6	0	sortmerna	0.76:0.9:3:0.8:1.0	SH091617.07FU_FN394560_reps	k__Fungi;p__Basidiomycota;c__Agaricomycetes;o__Agaricales;f__Mycenaceae;g__Mycena	k__Fungi;p__Basidiomycota;c__Agaricomycetes;o__Agaricales;f__Mycenaceae;g__Mycena;s__Mycena_dura	match	6
F1-REF	6	0	sortmerna	0.76:0.9:3:0.8:1.0	SH135339.07FU_JN114098_refs	k__Fungi;p__Basidiomycota;c__Agaricomycetes;o__Agaricales;f__Cortinariaceae;g__Cortinarius	k__Fungi;p__Basidiomycota;c__Agaricomycetes;o__Agaricales;f__Cortinariaceae;g__Cortinarius;s__Cortinarius_vitiosus	match	6
F1-REF	6	0	sortmerna	0.76:0.9:3:0.8:1.0	SH135373.07FU_AY669535_reps	k__Fungi;p__Basidiomycota;c__Agaricomycetes;o__Agaricales;f__Cortinariaceae;g__Cortinarius	k__Fungi;p__Basidiomycota;c__Agaricomycetes;o__Agaricales;f__Cortinariaceae;g__Cortinarius;s__Cortinarius_hedyaromaticus	match	6
F1-REF	6	0	sortmerna	0.76:0.9:3:0.8:1.0	SH078728.07FU_JN649354_reps	Unassigned	k__Fungi;p__Basidiomycota;c__Agaricomycetes;o__Polyporales;f__Meruliaceae;g__Podoscypha;s__Podoscypha_bolleana	underclassification	0
F1-REF	6	0	sortmerna	0.76:0.9:3:0.8:1.0	SH135214.07FU_JN114080_refs	k__Fungi;p__Basidiomycota;c__Agaricomycetes;o__Agaricales;f__Cortinariaceae;g__Cortinarius	k__Fungi;p__Basidiomycota;c__Agaricomycetes;o__Agaricales;f__Cortinariaceae;g__Cortinarius;s__Cortinarius_cinnamomeus	match	6
F1-REF	6	0	sortmerna	0.76:0.9:3:0.8:1.0	SH136154.07FU_JQ003630_reps	k__Fungi;p__Basidiomycota;c__Agaricomycetes;o__Boletales;f__Boletaceae;g__Phylloporus;s__Phylloporus_parvisporus	k__Fungi;p__Basidiomycota;c__Agaricomycetes;o__Boletales;f__Boletaceae;g__Phylloporus;s__Phylloporus_phaeoxanthus	overclassification	6
F1-REF	6	0	sortmerna	0.76:0.9:3:0.8:1.0	SH100460.07FU_LM652397_refs	k__Fungi;p__Ascomycota;c__Sordariomycetes;o__Microascales;f__Microascaceae;g__Microascus	k__Fungi;p__Ascomycota;c__Sordariomycetes;o__Microascales;f__Microascaceae;g__Microascus;s__Microascus_cinereus	match	6
F1-REF	6	0	sortmerna	0.76:0.9:3:0.8:1.0	SH116321.07FU_AJ271576_refs	Unassigned	k__Fungi;p__Ascomycota;c__Sordariomycetes;o__Sordariales;f__Chaetomiaceae;g__Thielavia;s__Thielavia_arenaria	underclassification	0
F1-REF	6	0	sortmerna	0.76:0.9:3:0.8:1.0	SH130194.07FU_KC571712_reps	Unassigned	k__Fungi;p__Basidiomycota;c__Agaricomycetes;o__Thelephorales;f__Bankeraceae;g__Hydnellum;s__Hydnellum_complicatum	underclassification	0
F1-REF	6	0	sortmerna	0.76:0.9:3:0.8:1.0	SH103805.07FU_AY144542_reps	Unassigned	k__Fungi;p__Ascomycota;c__Leotiomycetes;o__Leotiales;f__Leotiaceae;g__Leotia;s__Leotia_lubrica	underclassification	0
F1-REF	6	0	sortmerna	0.76:0.9:3:0.8:1.0	SH084781.07FU_AB588962_reps	k__Fungi;p__Basidiomycota;c__Agaricomycetes	k__Fungi;p__Basidiomycota;c__Agaricomycetes;o__Agaricales;f__Entolomataceae;g__Entoloma;s__Entoloma_politum	underclassification	3
F1-REF	6	0	sortmerna	0.76:0.9:3:0.8:1.0	SH544582.07FU_KJ416267_reps	Unassigned	k__Fungi;p__Basidiomycota;c__Agaricomycetes;o__Agaricales;f__Omphalotaceae;g__Gymnopus;s__Gymnopus_barbipes	underclassification	0
F1-REF	6	0	sortmerna	0.76:0.9:3:0.8:1.0	SH120143.07FU_UDB011476_refs	k__Fungi;p__Basidiomycota;c__Agaricomycetes;o__Agaricales;f__Schizophyllaceae;g__Schizophyllum;s__Schizophyllum_commune	k__Fungi;p__Ascomycota;c__Pezizomycetes;o__Pezizales;f__Morchellaceae;g__Verpa;s__Verpa_bohemica	misclassification	1
F1-REF	6	0	sortmerna	0.76:0.9:3:0.8:1.0	SH135384.07FU_UDB020286_reps	k__Fungi;p__Basidiomycota;c__Agaricomycetes;o__Agaricales;f__Cortinariaceae;g__Cortinarius	k__Fungi;p__Basidiomycota;c__Agaricomycetes;o__Agaricales;f__Cortinariaceae;g__Cortinarius;s__Cortinarius_scaurus	match	6
F1-REF	6	0	sortmerna	0.76:0.9:3:0.8:1.0	SH122658.07FU_EU101331_reps	k__Fungi;p__Ascomycota;c__Dothideomycetes;o__Botryosphaeriales;f__Botryosphaeriaceae;g__Dothiorella	k__Fungi;p__Ascomycota;c__Dothideomycetes;o__Botryosphaeriales;f__Botryosphaeriaceae;g__Dothiorella;s__Dothiorella_sp	match	6
F1-REF	6	0	sortmerna	0.76:0.9:3:0.8:1.0	SH086319.07FU_UDB016438_refs	Unassigned	k__Fungi;p__Basidiomycota;c__Agaricomycetes;o__Thelephorales;f__Thelephoraceae;g__Pseudotomentella;s__Pseudotomentella_sp	underclassification	0
F1-REF	6	0	sortmerna	0.76:0.9:3:0.8:1.0	SH111789.07FU_UDB017860_refs	Unassigned	k__Fungi;p__Basidiomycota;c__Agaricomycetes;o__Agaricales;f__Hygrophoraceae;g__Hygrophorus;s__Hygrophorus_agathosmus	underclassification	0
F1-REF	6	0	sortmerna	0.76:0.9:3:0.8:1.0	SH095067.07FU_DQ396958_reps	k__Fungi;p__Ascomycota;c__Lecanoromycetes;o__Lecanorales;f__Stereocaulaceae;g__Stereocaulon	k__Fungi;p__Ascomycota;c__Lecanoromycetes;o__Lecanorales;f__Stereocaulaceae;g__Stereocaulon;s__Stereocaulon_sasakii	match	6
F1-REF	6	0	sortmerna	0.76:0.9:3:0.8:1.0	SH094051.07FU_JX310856_reps	k__Fungi;p__Basidiomycota;c__Agaricomycetes;o__Polyporales;f__Ganodermataceae;g__Ganoderma;s__Ganoderma_stipitatum	k__Fungi;p__Basidiomycota;c__Agaricomycetes;o__Polyporales;f__Ganodermataceae;g__Amauroderma;s__Amauroderma_praetervisum	misclassification	5
F1-REF	6	0	sortmerna	0.76:0.9:3:0.8:1.0	SH119939.07FU_JX310376_refs	Unassigned	k__Fungi;p__Basidiomycota;c__Agaricomycetes;o__Boletales;f__Rhizopogonaceae;g__Rhizopogon;s__Rhizopogon_truncatus	underclassification	0
F1-REF	6	0	sortmerna	0.76:0.9:3:0.8:1.0	SH105170.07FU_UDB018299_reps	Unassigned	k__Fungi;p__Basidiomycota;c__Agaricomycetes;o__Agaricales;f__Cortinariaceae;g__Cortinarius;s__Cortinarius_balaustinus	underclassification	0
F1-REF	6	0	sortmerna	0.76:0.9:3:0.8:1.0	SH127533.07FU_AJ629396_refs	k__Fungi;p__Basidiomycota;c__Agaricomycetes;o__Boletales;f__Boletaceae	k__Fungi;p__Basidiomycota;c__Agaricomycetes;o__Boletales;f__Diplocystidiaceae;g__Astraeus;s__Astraeus_asiaticus	misclassification	4
F1-REF	6	0	sortmerna	0.76:0.9:3:0.8:1.0	SH122841.07FU_JX045672_refs	k__Fungi;p__Basidiomycota;c__Agaricomycetes;o__Agaricales;f__Cortinariaceae;g__Cortinarius	k__Fungi;p__Basidiomycota;c__Agaricomycetes;o__Agaricales;f__Cortinariaceae;g__Cortinarius;s__Cortinarius_chrysolitus	match	6
F1-REF	6	0	sortmerna	0.76:0.9:3:0.8:1.0	SH541349.07FU_KP191471_reps	k__Fungi;p__Glomeromycota;c__Glomeromycetes;o__Diversisporales;f__Acaulosporaceae;g__Acaulospora	k__Fungi;p__Glomeromycota;c__Glomeromycetes;o__Diversisporales;f__Acaulosporaceae;g__Acaulospora;s__Acaulospora_ignota	match	6
F1-REF	6	0	sortmerna	0.76:0.9:3:0.8:1.0	SH082452.07FU_FJ596786_reps	Unassigned	k__Fungi;p__Basidiomycota;c__Agaricomycetes;o__Gomphales;f__Lentariaceae;g__Lentaria;s__Lentaria_byssiseda	underclassification	0
F1-REF	6	0	sortmerna	0.76:0.9:3:0.8:1.0	SH543098.07FU_KP053250_reps	k__Fungi;p__Basidiomycota;c__Cystobasidiomycetes;o__Cystobasidiales;f__Cystobasidiaceae;g__Cystobasidium	k__Fungi;p__Basidiomycota;c__Cystobasidiomycetes;o__Cystobasidiales;f__Cystobasidiaceae;g__Cystobasidium;s__Cystobasidium_fimetarium	match	6
F1-REF	6	0	sortmerna	0.76:0.9:3:0.8:1.0	SH114309.07FU_EU434847_refs	k__Fungi;p__Ascomycota;c__Leotiomycetes;o__Helotiales;f__Vibrisseaceae	k__Fungi;p__Ascomycota;c__Leotiomycetes;o__Helotiales;f__Vibrisseaceae;g__Phialocephala;s__Phialocephala_repens	underclassification	5
F1-REF	6	0	sortmerna	0.76:0.9:3:0.8:1.0	SH080723.07FU_HE608903_reps	k__Fungi;p__Ascomycota;c__Sordariomycetes;o__Hypocreales;f__Hypocreaceae;g__Trichoderma	k__Fungi;p__Ascomycota;c__Sordariomycetes;o__Hypocreales;f__Hypocreaceae;g__Trichoderma;s__Trichoderma_virens	match	6
F1-REF	6	0	sortmerna	0.76:0.9:3:0.8:1.0	SH120514.07FU_JQ677056_refs	k__Fungi;p__Basidiomycota;c__Agaricomycetes	k__Fungi;p__Basidiomycota;c__Agaricomycetes;o__Cantharellales;f__Clavulinaceae;g__Clavulina;s__Clavulina_guyanensis	underclassification	3
F1-REF	6	0	sortmerna	0.76:0.9:3:0.8:1.0	SH129088.07FU_AY906946_reps	k__Fungi;p__Ascomycota;c__Dothideomycetes;o__Pleosporales;f__Tetraplosphaeriaceae;g__Triplosphaeria;s__Triplosphaeria_sp	k__Fungi;p__Ascomycota;c__Sordariomycetes;o__Chaetosphaeriales;f__Chaetosphaeriaceae;g__Chaetosphaeria;s__Chaetosphaeria_lapaziana	misclassification	2
F1-REF	6	0	sortmerna	0.76:0.9:3:0.8:1.0	SH540264.07FU_JX363813_reps	k__Fungi;p__Ascomycota;c__Eurotiomycetes;o__Chaetothyriales;f__Chaetothyriaceae;g__Cyphellophora;s__Cyphellophora_laciniata	k__Fungi;p__Ascomycota;c__Eurotiomycetes;o__Chaetothyriales;f__Chaetothyriaceae;g__Cyphellophora;s__Cyphellophora_sp	overclassification	6
F1-REF	6	0	sortmerna	0.76:0.9:3:0.8:1.0	SH082748.07FU_GU992327_reps	k__Fungi;p__Ascomycota;c__Lecanoromycetes;o__Lecanorales;f__Parmeliaceae;g__Karoowia;s__Karoowia_perspersa	k__Fungi;p__Ascomycota;c__Lecanoromycetes;o__Lecanorales;f__Parmeliaceae;g__Xanthoparmelia;s__Xanthoparmelia_quintarioides	misclassification	5
F1-REF	6	0	sortmerna	0.76:0.9:3:0.8:1.0	SH079942.07FU_KF280337_reps	k__Fungi;p__Basidiomycota;c__Agaricomycetes	k__Fungi;p__Basidiomycota;c__Agaricomycetes;o__Agaricales;f__Pleurotaceae;g__Pleurotus;s__Pleurotus_albidus	underclassification	3
F1-REF	6	0	sortmerna	0.76:0.9:3:0.8:1.0	SH082413.07FU_DQ408768_reps	k__Fungi;p__Basidiomycota;c__Agaricomycetes;o__Thelephorales;f__Bankeraceae;g__Boletopsis;s__Boletopsis_leucomelaena	k__Fungi;p__Basidiomycota;c__Agaricomycetes;o__Thelephorales;f__Bankeraceae;g__Boletopsis;s__Boletopsis_grisea	overclassification	6
F1-REF	6	0	sortmerna	0.76:0.9:3:0.8:1.0	SH134661.07FU_AY016441_refs	Unassigned	k__Fungi;p__Basidiomycota;c__Agaricomycetes;o__Agaricales;f__Omphalotaceae;g__Lentinula;s__Lentinula_raphanica	underclassification	0
F1-REF	6	0	sortmerna	0.76:0.9:3:0.8:1.0	SH079746.07FU_AF215649_refs	Unassigned	k__Fungi;p__Basidiomycota;c__Agaricomycetes;o__Agaricales;f__Agaricaceae;g__Battarrea;s__Battarrea_sp	underclassification	0
F1-REF	6	0	sortmerna	0.76:0.9:3:0.8:1.0	SH113083.07FU_HE775276_reps	Unassigned	k__Fungi;p__Glomeromycota;c__Glomeromycetes;o__Diversisporales;f__Acaulosporaceae;g__Acaulospora;s__Acaulospora_koskei	underclassification	0
F1-REF	6	0	sortmerna	0.76:0.9:3:0.8:1.0	SH084198.07FU_EU161239_reps	Unassigned	k__Fungi;p__Ascomycota;c__Lecanoromycetes;o__Lecanorales;f__Ramalinaceae;g__Ramalina;s__Ramalina_terebrata	underclassification	0
F1-REF	6	0	sortmerna	0.76:0.9:3:0.8:1.0	SH128544.07FU_LC001709_refs	k__Fungi;p__Ascomycota;c__Dothideomycetes;o__Pleosporales;f__Lophiostomataceae;g__Lophiostoma;s__Lophiostoma_cynaroidis	k__Fungi;p__Ascomycota;c__Dothideomycetes;o__Pleosporales;f__Lophiostomataceae;g__Lophiotrema;s__Lophiotrema_eburnoides	misclassification	5
F1-REF	6	0	sortmerna	0.76:0.9:3:0.8:1.0	SH084689.07FU_JF431295_refs	k__Fungi;p__Ascomycota;c__Sordariomycetes;o__Diaporthales;f__Diaporthaceae;g__Diaporthe	k__Fungi;p__Ascomycota;c__Sordariomycetes;o__Diaporthales;f__Diaporthaceae;g__Diaporthe;s__Diaporthe_kochmanii	match	6
F1-REF	6	0	sortmerna	0.76:0.9:3:0.8:1.0	SH538625.07FU_KP192608_reps	k__Fungi;p__Basidiomycota;c__Agaricomycetes;o__Agaricales;f__Lyophyllaceae;g__Lyophyllum	k__Fungi;p__Basidiomycota;c__Agaricomycetes;o__Agaricales;f__Lyophyllaceae;g__Lyophyllum;s__Lyophyllum_pseudosinuatum	match	6
F1-REF	6	0	sortmerna	0.76:0.9:3:0.8:1.0	SH087513.07FU_EF612201_refs	Unassigned	k__Fungi;p__Ascomycota;c__Saccharomycetes;o__Saccharomycetales;f__Saccharomycetaceae;g__Kazachstania;s__Kazachstania_jiainica	underclassification	0
F1-REF	6	0	sortmerna	0.76:0.9:3:0.8:1.0	SH093828.07FU_KJ146724_reps	Unassigned	k__Fungi;p__Basidiomycota;c__Agaricomycetes;o__Agaricales;f__Pluteaceae;g__Pluteus;s__Pluteus_plautus	underclassification	0
F1-REF	6	0	sortmerna	0.76:0.9:3:0.8:1.0	SH124261.07FU_EF408555_refs	k__Fungi;p__Ascomycota;c__Sordariomycetes;o__Microascales;f__Ceratocystidaceae;g__Ceratocystis;s__Ceratocystis_zambeziensis	k__Fungi;p__Ascomycota;c__Sordariomycetes;o__Microascales;f__Ceratocystidaceae;g__Ceratocystis;s__Ceratocystis_tsitsikammensis	overclassification	6
F1-REF	6	0	sortmerna	0.76:0.9:3:0.8:1.0	SH107662.07FU_EU784291_refs	Unassigned	k__Fungi;p__Basidiomycota;c__Agaricomycetes;o__Agaricales;f__Hygrophoraceae;g__Hygrocybe;s__Hygrocybe_citrinovirens	underclassification	0
F1-REF	6	0	sortmerna	0.76:0.9:3:0.8:1.0	SH077926.07FU_UDB015781_refs	k__Fungi;p__Basidiomycota;c__Agaricomycetes;o__Agaricales;f__Lyophyllaceae;g__Lyophyllum	k__Fungi;p__Basidiomycota;c__Agaricomycetes;o__Agaricales;f__Lyophyllaceae;g__Lyophyllum;s__Lyophyllum_semitale	match	6
F1-REF	6	0	sortmerna	0.76:0.9:3:0.8:1.0	SH076706.07FU_UDB015985_reps	k__Fungi;p__Basidiomycota;c__Agaricomycetes;o__Russulales;f__Russulaceae;g__Russula	k__Fungi;p__Basidiomycota;c__Agaricomycetes;o__Russulales;f__Russulaceae;g__Russula;s__Russula_brunneoviolacea	match	6
F1-REF	6	0	sortmerna	0.76:0.9:3:0.8:1.0	SH076472.07FU_KJ432290_refs	k__Fungi;p__Basidiomycota;c__Agaricomycetes;o__Agaricales;f__Inocybaceae;g__Inocybe	k__Fungi;p__Basidiomycota;c__Agaricomycetes;o__Agaricales;f__Inocybaceae;g__Inocybe;s__Inocybe_lanatopurpurea	match	6
F1-REF	6	0	sortmerna	0.76:0.9:3:0.8:1.0	SH097508.07FU_EU623636_reps	Unassigned	k__Fungi;p__Basidiomycota;c__Agaricomycetes;o__Agaricales;f__Marasmiaceae;g__Clitocybula;s__Clitocybula_sp	underclassification	0
F1-REF	6	0	sortmerna	0.76:0.9:3:0.8:1.0	SH133264.07FU_UDB019554_reps	k__Fungi;p__Basidiomycota;c__Agaricomycetes;o__Agaricales;f__Mycenaceae;g__Mycena	k__Fungi;p__Basidiomycota;c__Agaricomycetes;o__Agaricales;f__Mycenaceae;g__Mycena;s__Mycena_meliigena	match	6
F1-REF	6	0	sortmerna	0.76:0.9:3:0.8:1.0	SH124581.07FU_UDB000687_refs	Unassigned	k__Fungi;p__Basidiomycota;c__Agaricomycetes;o__Boletales;f__Boletaceae;g__Aureoboletus;s__Aureoboletus_gentilis	underclassification	0
F1-REF	6	0	sortmerna	0.76:0.9:3:0.8:1.0	SH077699.07FU_KC992894_refs	k__Fungi;p__Basidiomycota;c__Agaricomycetes;o__Agaricales;f__Psathyrellaceae;g__Psathyrella;s__Psathyrella_fusca	k__Fungi;p__Basidiomycota;c__Agaricomycetes;o__Agaricales;f__Psathyrellaceae;g__Psathyrella;s__Psathyrella_panaeoloides	overclassification	6
F1-REF	6	0	sortmerna	0.76:0.9:3:0.8:1.0	SH099029.07FU_JX458093_reps	k__Fungi;p__Ascomycota;c__Saccharomycetes;o__Saccharomycetales;f__Saccharomycetaceae;g__Zygosaccharomyces;s__Zygosaccharomyces_pseudobailii	k__Fungi;p__Ascomycota;c__Saccharomycetes;o__Saccharomycetales;f__Saccharomycetaceae;g__Zygosaccharomyces;s__Zygosaccharomyces_parabailii	overclassification	6
F1-REF	6	0	sortmerna	0.76:0.9:3:0.8:1.0	SH132214.07FU_UDB016042_reps	k__Fungi;p__Basidiomycota;c__Agaricomycetes;o__Russulales;f__Russulaceae;g__Russula	k__Fungi;p__Basidiomycota;c__Agaricomycetes;o__Russulales;f__Russulaceae;g__Russula;s__Russula_integriformis	match	6
F1-REF	6	0	sortmerna	0.76:0.9:3:0.8:1.0	SH125074.07FU_FM205677_refs	k__Fungi;p__Ascomycota;c__Pezizomycetes;o__Pezizales;f__Tuberaceae;g__Tuber	k__Fungi;p__Ascomycota;c__Pezizomycetes;o__Pezizales;f__Tuberaceae;g__Tuber;s__Tuber_nitidum	match	6
F1-REF	6	0	sortmerna	0.76:0.9:3:0.8:1.0	SH086471.07FU_AY751560_refs	k__Fungi;p__Basidiomycota;c__Agaricomycetes;o__Russulales;f__Russulaceae;g__Lactarius;s__Lactarius_sp	k__Fungi;p__Basidiomycota;c__Agaricomycetes;o__Russulales;f__Russulaceae;g__Lactarius;s__Lactarius_luculentus	overclassification	6
F1-REF	6	0	sortmerna	0.76:0.9:3:0.8:1.0	SH133671.07FU_UDB013874_reps	Unassigned	k__Fungi;p__Basidiomycota;c__Agaricomycetes;o__Agaricales;f__Amanitaceae;g__Amanita;s__Amanita_congolensis	underclassification	0
F1-REF	6	0	sortmerna	0.76:0.9:3:0.8:1.0	SH122990.07FU_DQ530206_reps	k__Fungi;p__Ascomycota;c__Lecanoromycetes;o__Lecanorales;f__Cladoniaceae;g__Cladonia;s__Cladonia_subulata	k__Fungi;p__Ascomycota;c__Lecanoromycetes;o__Lecanorales;f__Cladoniaceae;g__Cladonia;s__Cladonia_cervicornis_subsp._verticillata	overclassification	6
F1-REF	6	0	sortmerna	0.76:0.9:3:0.8:1.0	SH106237.07FU_DQ278919_refs	Unassigned	k__Fungi;p__Ascomycota;c__Sordariomycetes;o__Xylariales;f__Amphisphaeriaceae;g__Truncatella;s__Truncatella_spadicea	underclassification	0
F1-REF	6	0	sortmerna	0.76:0.9:3:0.8:1.0	SH082498.07FU_FJ840442_refs	k__Fungi;p__Basidiomycota;c__Agaricomycetes;o__Boletales	k__Fungi;p__Basidiomycota;c__Agaricomycetes;o__Boletales;f__Sclerodermataceae;g__Scleroderma;s__Scleroderma_dictyosporum	underclassification	4
F1-REF	6	0	sortmerna	0.76:0.9:3:0.8:1.0	SH119334.07FU_FJ810522_refs	Unassigned	k__Fungi;p__Ascomycota;c__Saccharomycetes;o__Saccharomycetales;f__Saccharomycetaceae;g__Kazachstania;s__Kazachstania_hellenica	underclassification	0
F1-REF	6	0	sortmerna	0.76:0.9:3:0.8:1.0	SH131171.07FU_JX118711_reps	k__Fungi;p__Basidiomycota;c__Agaricomycetes;o__Agaricales;f__Psathyrellaceae;g__Coprinopsis	k__Fungi;p__Basidiomycota;c__Agaricomycetes;o__Agaricales;f__Psathyrellaceae;g__Coprinopsis;s__Coprinopsis_lagopus	match	6
F1-REF	6	0	sortmerna	0.76:0.9:3:0.8:1.0	SH080464.07FU_UDB011828_refs	k__Fungi;p__Basidiomycota;c__Agaricomycetes;o__Agaricales;f__Strophariaceae	k__Fungi;p__Basidiomycota;c__Agaricomycetes;o__Agaricales;f__Strophariaceae;g__Stropharia;s__Stropharia_hornemannii	underclassification	5
F1-REF	6	0	sortmerna	0.76:0.9:3:0.8:1.0	SH104656.07FU_FN547661_reps	k__Fungi;p__Glomeromycota;c__Glomeromycetes;o__Diversisporales;f__Diversisporaceae;g__Diversispora;s__Diversispora_spurca	k__Fungi;p__Glomeromycota;c__Glomeromycetes;o__Diversisporales;f__Diversisporaceae;g__Diversispora;s__Diversispora_aurantium	overclassification	6
F1-REF	6	0	sortmerna	0.76:0.9:3:0.8:1.0	SH538186.07FU_KU672366_reps	k__Fungi;p__Ascomycota;c__Leotiomycetes;o__Erysiphales;f__Erysiphaceae;g__Erysiphe	k__Fungi;p__Ascomycota;c__Leotiomycetes;o__Erysiphales;f__Erysiphaceae;g__Erysiphe;s__Erysiphe_cruciferarum	match	6
F1-REF	6	0	sortmerna	0.76:0.9:3:0.8:1.0	SH079095.07FU_KC855224_reps	k__Fungi;p__Basidiomycota;c__Agaricomycetes;o__Agaricales;f__Amanitaceae;g__Amanita;s__Amanita_cruzii	k__Fungi;p__Basidiomycota;c__Agaricomycetes;o__Agaricales;f__Amanitaceae;g__Amanita;s__Amanita_sp	overclassification	6
F1-REF	6	0	sortmerna	0.76:0.9:3:0.8:1.0	SH135201.07FU_EU292225_reps	k__Fungi;p__Basidiomycota;c__Agaricomycetes;o__Agaricales;f__Cortinariaceae;g__Cortinarius	k__Fungi;p__Basidiomycota;c__Agaricomycetes;o__Agaricales;f__Cortinariaceae;g__Cortinarius;s__Cortinarius_acutus	match	6
F1-REF	6	0	sortmerna	0.76:0.9:3:0.8:1.0	SH083780.07FU_AY513163_reps	k__Fungi;p__Basidiomycota;c__Agaricomycetes;o__Russulales;f__Auriscalpiaceae;g__Lentinellus	k__Fungi;p__Basidiomycota;c__Agaricomycetes;o__Russulales;f__Auriscalpiaceae;g__Lentinellus;s__Lentinellus_flabelliformis	match	6
F1-REF	6	0	sortmerna	0.76:0.9:3:0.8:1.0	SH077638.07FU_FJ154771_reps	k__Fungi;p__Basidiomycota;c__Agaricomycetes;o__Polyporales	k__Fungi;p__Basidiomycota;c__Agaricomycetes;o__Polyporales;f__Ganodermataceae;g__Ganoderma;s__Ganoderma_tsunodae	underclassification	4
F1-REF	6	0	sortmerna	0.76:0.9:3:0.8:1.0	SH079160.07FU_UDB000376_refs	k__Fungi;p__Basidiomycota;c__Agaricomycetes;o__Russulales;f__Russulaceae;g__Lactarius	k__Fungi;p__Basidiomycota;c__Agaricomycetes;o__Russulales;f__Russulaceae;g__Lactarius;s__Lactarius_lilacinus	match	6
F1-REF	6	0	sortmerna	0.76:0.9:3:0.8:1.0	SH100142.07FU_EU139143_reps	Unassigned	k__Fungi;p__Ascomycota;c__Eurotiomycetes;o__Chaetothyriales;f__Herpotrichiellaceae;g__Cladophialophora;s__Cladophialophora_sp	underclassification	0
F1-REF	6	0	sortmerna	0.76:0.9:3:0.8:1.0	SH126657.07FU_DQ166958_refs	Unassigned	k__Fungi;p__Ascomycota;c__Sordariomycetes;o__Sordariales;f__Lasiosphaeriaceae;g__Podospora;s__Podospora_fabiformis	underclassification	0
F1-REF	6	0	sortmerna	0.76:0.9:3:0.8:1.0	SH120780.07FU_HQ680352_refs	Unassigned	k__Fungi;p__Basidiomycota;c__Agaricomycetes;o__Cantharellales;f__Clavulinaceae;g__Clavulina;s__Clavulina_sprucei	underclassification	0
F1-REF	6	0	sortmerna	0.76:0.9:3:0.8:1.0	SH097443.07FU_EU045426_reps	Unassigned	k__Fungi;p__Ascomycota;c__Lecanoromycetes;o__Teloschistales;f__Physciaceae;g__Heterodermia;s__Heterodermia_diademata	underclassification	0
F1-REF	6	0	sortmerna	0.76:0.9:3:0.8:1.0	SH101516.07FU_FJ175180_reps	k__Fungi;p__Ascomycota;c__Sordariomycetes;o__Xylariales;f__Xylariaceae;g__Xylaria	k__Fungi;p__Ascomycota;c__Sordariomycetes;o__Xylariales;f__Xylariaceae;g__Rosellinia;s__Rosellinia_abscondita	misclassification	5
F1-REF	6	0	sortmerna	0.76:0.9:3:0.8:1.0	SH077023.07FU_EU131638_reps	k__Fungi;p__Basidiomycota;c__Agaricomycetes;o__Agaricales;f__Agaricaceae;g__Agaricus;s__Agaricus_devoniensis	k__Fungi;p__Basidiomycota;c__Agaricomycetes;o__Agaricales;f__Agaricaceae;g__Agaricus;s__Agaricus_subfloccosus	overclassification	6
F1-REF	6	0	sortmerna	0.76:0.9:3:0.8:1.0	SH086966.07FU_EU837221_reps	k__Fungi;p__Basidiomycota;c__Agaricomycetes;o__Boletales;f__Boletaceae	k__Fungi;p__Basidiomycota;c__Agaricomycetes;o__Boletales;f__Boletaceae;g__Rubroboletus;s__Rubroboletus_pulcherrimus	underclassification	5
F1-REF	6	0	sortmerna	0.76:0.9:3:0.8:1.0	SH080865.07FU_UDB016389_refs	k__Fungi;p__Basidiomycota;c__Agaricomycetes;o__Thelephorales;f__Thelephoraceae;g__Tomentella;s__Tomentella_sp	k__Fungi;p__Basidiomycota;c__Agaricomycetes;o__Thelephorales;f__Thelephoraceae;g__Tomentella;s__Tomentella_clavigera	overclassification	6
F1-REF	6	0	sortmerna	0.76:0.9:3:0.8:1.0	SH540917.07FU_KP267893_reps	k__Fungi;p__Ascomycota;c__Sordariomycetes;o__Diaporthales;f__Diaporthaceae	k__Fungi;p__Ascomycota;c__Sordariomycetes;o__Diaporthales;f__Diaporthaceae;g__Diaporthe;s__Diaporthe_penetriteum	underclassification	5
F1-REF	6	0	sortmerna	0.76:0.9:3:0.8:1.0	SH108095.07FU_HM490007_refs	Unassigned	k__Fungi;p__Ascomycota;c__Leotiomycetes;o__Erysiphales;f__Erysiphaceae;g__Erysiphe;s__Erysiphe_flexuosa	underclassification	0
F1-REF	6	0	sortmerna	0.76:0.9:3:0.8:1.0	SH547062.07FU_LC131359_reps	Unassigned	k__Fungi;p__Ascomycota;c__Sordariomycetes;o__Hypocreales;f__Nectriaceae;g__Fusarium;s__Fusarium_mangiferae	underclassification	0
F1-REF	6	0	sortmerna	0.76:0.9:3:0.8:1.0	SH081712.07FU_UDB015864_refs	Unassigned	k__Fungi;p__Basidiomycota;c__Agaricomycetes;o__Agaricales;f__Agaricaceae;g__Lepiota;s__Lepiota_erminea	underclassification	0
F1-REF	6	0	sortmerna	0.76:0.9:3:0.8:1.0	SH100907.07FU_EU681310_reps	k__Fungi;p__Ascomycota;c__Lecanoromycetes;o__Teloschistales;f__Teloschistaceae;g__Dufourea;s__Dufourea_capensis	k__Fungi;p__Ascomycota;c__Lecanoromycetes;o__Teloschistales;f__Teloschistaceae;g__Dufourea;s__Dufourea_turbinata	overclassification	6
F1-REF	6	0	sortmerna	0.76:0.9:3:0.8:1.0	SH094302.07FU_JX630619_reps	k__Fungi;p__Basidiomycota;c__Agaricomycetes	k__Fungi;p__Basidiomycota;c__Agaricomycetes;o__Agaricales;f__Cortinariaceae;g__Cortinarius;s__Cortinarius_scotoides	underclassification	3
F1-REF	6	0	sortmerna	0.76:0.9:3:0.8:1.0	SH105259.07FU_KJ194074_refs	k__Fungi;p__Basidiomycota;c__Agaricomycetes;o__Agaricales;f__Hygrophoraceae;g__Chromosera;s__Chromosera_citrinopallida	k__Fungi;p__Basidiomycota;c__Agaricomycetes;o__Agaricales;f__Hygrophoraceae;g__Chromosera;s__Chromosera_cyanophylla	overclassification	6
F1-REF	6	0	sortmerna	0.76:0.9:3:0.8:1.0	SH485954.07FU_JN710554_reps	Unassigned	k__Fungi;p__Basidiomycota;c__Agaricomycetes;o__Polyporales;f__Meruliaceae;g__Junghuhnia;s__Junghuhnia_nitida	underclassification	0
F1-REF	6	0	sortmerna	0.76:0.9:3:0.8:1.0	SH104563.07FU_JN197973_reps	Unassigned	k__Fungi;p__Basidiomycota;c__Agaricomycetes;o__Agaricales;f__Inocybaceae;g__Inocybe;s__Inocybe_calospora	underclassification	0
F1-REF	6	0	sortmerna	0.76:0.9:3:0.8:1.0	SH078097.07FU_FR750073_refs	k__Fungi;p__Glomeromycota;c__Glomeromycetes;o__Glomerales;f__Glomeraceae;g__Rhizophagus	k__Fungi;p__Glomeromycota;c__Glomeromycetes;o__Glomerales;f__Glomeraceae;g__Rhizophagus;s__Rhizophagus_fasciculatus	match	6
F1-REF	6	0	sortmerna	0.76:0.9:3:0.8:1.0	SH129989.07FU_GU328526_reps	Unassigned	k__Fungi;p__Basidiomycota;c__Agaricomycetes;o__Agaricales;f__Marasmiaceae;g__Marasmius;s__Marasmius_siccus	underclassification	0
F1-REF	6	0	sortmerna	0.76:0.9:3:0.8:1.0	SH546996.07FU_KF988379_reps	k__Fungi;p__Basidiomycota;c__Agaricomycetes;o__Geastrales;f__Geastraceae;g__Geastrum	k__Fungi;p__Basidiomycota;c__Agaricomycetes;o__Geastrales;f__Geastraceae;g__Geastrum;s__Geastrum_glaucescens	match	6
F1-REF	6	0	sortmerna	0.76:0.9:3:0.8:1.0	SH083864.07FU_UDB011180_reps	k__Fungi;p__Basidiomycota;c__Agaricomycetes	k__Fungi;p__Basidiomycota;c__Agaricomycetes;o__Russulales;f__Russulaceae;g__Russula;s__Russula_densifolia	underclassification	3
F1-REF	6	0	sortmerna	0.76:0.9:3:0.8:1.0	SH125751.07FU_GU187534_reps	k__Fungi;p__Basidiomycota;c__Agaricomycetes;o__Boletales;f__Tapinellaceae;g__Pseudomerulius;s__Pseudomerulius_aureus	k__Fungi;p__Basidiomycota;c__Agaricomycetes;o__Boletales;f__Tapinellaceae;g__Pseudomerulius;s__Pseudomerulius_curtisii	overclassification	6
F1-REF	6	0	sortmerna	0.76:0.9:3:0.8:1.0	SH080237.07FU_KC164352_refs	k__Fungi;p__Basidiomycota;c__Agaricomycetes;o__Russulales;f__Russulaceae;g__Russula	k__Fungi;p__Basidiomycota;c__Agaricomycetes;o__Russulales;f__Russulaceae;g__Russula;s__Russula_graminea	match	6
F1-REF	6	0	sortmerna	0.76:0.9:3:0.8:1.0	SH112630.07FU_KC732527_reps	k__Fungi;p__Ascomycota;c__Lecanoromycetes;o__Peltigerales;f__Lobariaceae;g__Sticta	k__Fungi;p__Ascomycota;c__Lecanoromycetes;o__Peltigerales;f__Lobariaceae;g__Sticta;s__Sticta_atroandensis	match	6
F1-REF	6	0	sortmerna	0.76:0.9:3:0.8:1.0	SH080226.07FU_UDB011780_reps	Unassigned	k__Fungi;p__Basidiomycota;c__Agaricomycetes;o__Agaricales;f__Entolomataceae;g__Entoloma;s__Entoloma_griseocyaneum	underclassification	0
F1-REF	6	0	sortmerna	0.76:0.9:3:0.8:1.0	SH132873.07FU_GQ249274_reps	Unassigned	k__Fungi;p__Basidiomycota;c__Agaricomycetes;o__Agaricales;f__Psathyrellaceae;g__Coprinellus;s__Coprinellus_aureogranulatus	underclassification	0
F1-REF	6	0	sortmerna	0.76:0.9:3:0.8:1.0	SH115620.07FU_EF524326_reps	k__Fungi;p__Ascomycota;c__Lecanoromycetes;o__Lecanorales;f__Psoraceae;g__Psora;s__Psora_globifera	k__Fungi;p__Ascomycota;c__Lecanoromycetes;o__Lecanorales;f__Psoraceae;g__Psora;s__Psora_decipiens	overclassification	6
F1-REF	6	0	sortmerna	0.76:0.9:3:0.8:1.0	SH130374.07FU_UDB011521_reps	k__Fungi;p__Basidiomycota;c__Agaricomycetes;o__Agaricales;f__Tricholomataceae;g__Lepista	k__Fungi;p__Basidiomycota;c__Agaricomycetes;o__Agaricales;f__Tricholomataceae;g__Lepista;s__Lepista_personata	match	6
F1-REF	6	0	sortmerna	0.76:0.9:3:0.8:1.0	SH103130.07FU_KF938454_reps	Unassigned	k__Fungi;p__Ascomycota;c__Eurotiomycetes;o__Onygenales;f__Onygenaceae;g__Auxarthron;s__Auxarthron_alboluteum	underclassification	0
F1-REF	6	0	sortmerna	0.76:0.9:3:0.8:1.0	SH131195.07FU_UDB019533_reps	k__Fungi;p__Basidiomycota;c__Agaricomycetes;o__Agaricales	k__Fungi;p__Basidiomycota;c__Agaricomycetes;o__Agaricales;f__Psathyrellaceae;g__Coprinopsis;s__Coprinopsis_narcotica	underclassification	4
F1-REF	6	0	sortmerna	0.76:0.9:3:0.8:1.0	SH548700.07FU_KP012829_reps	Unassigned	k__Fungi;p__Basidiomycota;c__Agaricomycetes;o__Polyporales;f__Polyporaceae;g__Favolus;s__Favolus_sp	underclassification	0
F1-REF	6	0	sortmerna	0.76:0.9:3:0.8:1.0	SH122096.07FU_KC581970_reps	k__Fungi;p__Basidiomycota;c__Agaricomycetes;o__Trechisporales;f__Hydnodontaceae;g__Sistotremastrum;s__Sistotremastrum_sp	k__Fungi;p__Basidiomycota;c__Agaricomycetes;o__Geastrales;f__Geastraceae;g__Geastrum;s__Geastrum_flexuosum	misclassification	3
F1-REF	6	0	sortmerna	0.76:0.9:3:0.8:1.0	SH086590.07FU_AF033438_refs	k__Fungi;p__Ascomycota;c__Eurotiomycetes;o__Eurotiales;f__Trichocomaceae;g__Penicillium	k__Fungi;p__Ascomycota;c__Eurotiomycetes;o__Eurotiales;f__Trichocomaceae;g__Penicillium;s__Penicillium_oxalicum	match	6
F1-REF	6	0	sortmerna	0.76:0.9:3:0.8:1.0	SH104349.07FU_HQ604500_reps	Unassigned	k__Fungi;p__Basidiomycota;c__Agaricomycetes;o__Agaricales;f__Inocybaceae;g__Inocybe;s__Inocybe_amblyospora	underclassification	0
F1-REF	6	0	sortmerna	0.76:0.9:3:0.8:1.0	SH114188.07FU_AY785274_reps	Unassigned	k__Fungi;p__Ascomycota;c__Lecanoromycetes;o__Lecanorales;f__Parmeliaceae;g__Relicina;s__Relicina_sydneyensis	underclassification	0
F1-REF	6	0	sortmerna	0.76:0.9:3:0.8:1.0	SH125921.07FU_JQ958318_refs	k__Fungi;p__Basidiomycota;c__Agaricomycetes;o__Boletales;f__Suillaceae;g__Suillus;s__Suillus_caerulescens	k__Fungi;p__Basidiomycota;c__Agaricomycetes;o__Boletales;f__Suillaceae;g__Suillus;s__Suillus_ponderosus	overclassification	6
F1-REF	6	0	sortmerna	0.76:0.9:3:0.8:1.0	SH119895.07FU_UDB000484_refs	Unassigned	k__Fungi;p__Basidiomycota;c__Agaricomycetes;o__Boletales;f__Boletaceae;g__Xerocomellus;s__Xerocomellus_ripariellus	underclassification	0
F1-REF	6	0	sortmerna	0.76:0.9:3:0.8:1.0	SH110018.07FU_KJ559465_reps	k__Fungi;p__Basidiomycota;c__Agaricomycetes;o__Agaricales;f__Tricholomataceae;g__Tricholoma;s__Tricholoma_quercetorum	k__Fungi;p__Basidiomycota;c__Agaricomycetes;o__Polyporales;f__Meripilaceae;g__Rigidoporus;s__Rigidoporus_microporus	misclassification	3
F1-REF	6	0	sortmerna	0.76:0.9:3:0.8:1.0	SH091256.07FU_JN204193_reps	Unassigned	k__Fungi;p__Basidiomycota;c__Pucciniomycetes;o__Pucciniales;f__Pucciniaceae;g__Puccinia;s__Puccinia_acroptili	underclassification	0
F1-REF	6	0	sortmerna	0.76:0.9:3:0.8:1.0	SH081603.07FU_UDB015173_refs	k__Fungi;p__Basidiomycota;c__Agaricomycetes;o__Agaricales;f__Amanitaceae;g__Amanita	k__Fungi;p__Basidiomycota;c__Agaricomycetes;o__Agaricales;f__Amanitaceae;g__Amanita;s__Amanita_virosa	match	6
F1-REF	6	0	sortmerna	0.76:0.9:3:0.8:1.0	SH077015.07FU_EU258674_refs	k__Fungi;p__Basidiomycota;c__Agaricomycetes;o__Agaricales;f__Agaricaceae;g__Agaricus	k__Fungi;p__Basidiomycota;c__Agaricomycetes;o__Agaricales;f__Agaricaceae;g__Agaricus;s__Agaricus_bitorquis	match	6
F1-REF	6	0	sortmerna	0.76:0.9:3:0.8:1.0	SH103403.07FU_DQ303026_reps	k__Fungi;p__Ascomycota;c__Dothideomycetes;o__Capnodiales;f__Mycosphaerellaceae;g__Zasmidium;s__Zasmidium_lonicericola	k__Fungi;p__Ascomycota;c__Dothideomycetes;o__Capnodiales;f__Mycosphaerellaceae;g__Zasmidium;s__Zasmidium_xenoparkii	overclassification	6
F1-REF	6	0	sortmerna	0.76:0.9:3:0.8:1.0	SH118588.07FU_AJ629402_refs	k__Fungi;p__Basidiomycota;c__Agaricomycetes;o__Boletales	k__Fungi;p__Basidiomycota;c__Agaricomycetes;o__Boletales;f__Diplocystidiaceae;g__Astraeus;s__Astraeus_smithii	underclassification	4
F1-REF	6	0	sortmerna	0.76:0.9:3:0.8:1.0	SH543225.07FU_KP226187_reps	Unassigned	k__Fungi;p__Basidiomycota;c__Agaricomycetes;o__Agaricales;f__Tricholomataceae;g__Infundibulicybe;s__Infundibulicybe_sp	underclassification	0
F1-REF	6	0	sortmerna	0.76:0.9:3:0.8:1.0	SH132841.07FU_JN159569_refs	Unassigned	k__Fungi;p__Basidiomycota;c__Agaricomycetes;o__Agaricales;f__Psathyrellaceae;g__Coprinellus;s__Coprinellus_curtus	underclassification	0
F1-REF	6	0	sortmerna	0.76:0.9:3:0.8:1.0	SH116279.07FU_GU083160_reps	k__Fungi;p__Ascomycota;c__Orbiliomycetes;o__Orbiliales;f__Orbiliaceae;g__Orbilia;s__Orbilia_sp	k__Fungi;p__Ascomycota;c__Orbiliomycetes;o__Orbiliales;f__Orbiliaceae;g__Dactylella;s__Dactylella_rhopalota	misclassification	5
F1-REF	6	0	sortmerna	0.76:0.9:3:0.8:1.0	SH131445.07FU_JQ279603_refs	k__Fungi;p__Basidiomycota;c__Agaricomycetes;o__Hymenochaetales;f__Hymenochaetaceae;g__Pseudochaete;s__Pseudochaete_rigidula	k__Fungi;p__Basidiomycota;c__Agaricomycetes;o__Hymenochaetales;f__Hymenochaetaceae;g__Pseudochaete;s__Pseudochaete_lamellata	overclassification	6
F1-REF	6	0	sortmerna	0.76:0.9:3:0.8:1.0	SH079712.07FU_HM436610_reps	k__Fungi;p__Basidiomycota;c__Agaricomycetes;o__Agaricales;f__Agaricaceae;g__Micropsalliota	k__Fungi;p__Basidiomycota;c__Agaricomycetes;o__Agaricales;f__Agaricaceae;g__Micropsalliota;s__Micropsalliota_arginophaea	match	6
F1-REF	6	0	sortmerna	0.76:0.9:3:0.8:1.0	SH107430.07FU_JF908722_reps	k__Fungi;p__Ascomycota;c__Pezizomycetes;o__Pezizales;f__Pyronemataceae;g__Scutellinia;s__Scutellinia_colensoi	k__Fungi;p__Ascomycota;c__Pezizomycetes;o__Pezizales;f__Pyronemataceae;g__Scutellinia;s__Scutellinia_olivascens	overclassification	6
F1-REF	6	0	sortmerna	0.76:0.9:3:0.8:1.0	SH082595.07FU_GQ205355_reps	k__Fungi;p__Basidiomycota;c__Agaricomycetes;o__Agaricales;f__Hydnangiaceae;g__Laccaria	k__Fungi;p__Basidiomycota;c__Agaricomycetes;o__Agaricales;f__Hydnangiaceae;g__Laccaria;s__Laccaria_laccata	match	6
F1-REF	6	0	sortmerna	0.76:0.9:3:0.8:1.0	SH120072.07FU_JQ403313_reps	k__Fungi;p__Ascomycota;c__Sordariomycetes;o__Hypocreales;f__Nectriaceae;g__Thelonectria	k__Fungi;p__Ascomycota;c__Sordariomycetes;o__Hypocreales;f__Nectriaceae;g__Thelonectria;s__Thelonectria_stemmata	match	6
F1-REF	6	0	sortmerna	0.76:0.9:3:0.8:1.0	SH079456.07FU_UDB015453_refs	Unassigned	k__Fungi;p__Basidiomycota;c__Agaricomycetes;o__Agaricales;f__Agaricaceae;g__Lepiota;s__Lepiota_fuscovinacea	underclassification	0
F1-REF	6	0	sortmerna	0.76:0.9:3:0.8:1.0	SH538225.07FU_KT983416_reps	k__Fungi;p__Ascomycota;c__Eurotiomycetes;o__Verrucariales;f__Verrucariaceae;g__Atla;s__Atla_tibelliorum	k__Fungi;p__Ascomycota;c__Eurotiomycetes;o__Verrucariales;f__Verrucariaceae;g__Atla;s__Atla_vitikainenii	overclassification	6
F1-REF	6	0	sortmerna	0.76:0.9:3:0.8:1.0	SH124420.07FU_DQ223735_refs	Unassigned	k__Fungi;p__Ascomycota;c__Sordariomycetes;o__Xylariales;f__Xylariaceae;g__Hypoxylon;s__Hypoxylon_fendleri	underclassification	0
F1-REF	6	0	sortmerna	0.76:0.9:3:0.8:1.0	SH087112.07FU_EF423623_refs	k__Fungi;p__Basidiomycota;c__Agaricomycetes;o__Boletales;f__Gomphidiaceae;g__Chroogomphus;s__Chroogomphus_albipes	k__Fungi;p__Basidiomycota;c__Agaricomycetes;o__Boletales;f__Gomphidiaceae;g__Chroogomphus;s__Chroogomphus_confusus	overclassification	6
F1-REF	6	0	sortmerna	0.76:0.9:3:0.8:1.0	SH106379.07FU_KC152127_reps	k__Fungi;p__Basidiomycota;c__Agaricomycetes	k__Fungi;p__Basidiomycota;c__Agaricomycetes;o__Hysterangiales;f__Hysterangiaceae;g__Hysterangium;s__Hysterangium_sp	underclassification	3
F1-REF	6	0	sortmerna	0.76:0.9:3:0.8:1.0	SH122490.07FU_AB180338_reps	k__Fungi;p__Basidiomycota;c__Exobasidiomycetes;o__Exobasidiales;f__Exobasidiaceae;g__Exobasidium	k__Fungi;p__Basidiomycota;c__Exobasidiomycetes;o__Exobasidiales;f__Exobasidiaceae;g__Exobasidium;s__Exobasidium_shiraianum	match	6
F1-REF	6	0	sortmerna	0.76:0.9:3:0.8:1.0	SH132785.07FU_JN943116_refs	k__Fungi;p__Basidiomycota;c__Agaricomycetes;o__Agaricales;f__Psathyrellaceae;g__Coprinellus;s__Coprinellus_domesticus	k__Fungi;p__Basidiomycota;c__Agaricomycetes;o__Agaricales;f__Psathyrellaceae;g__Coprinellus;s__Coprinellus_micaceus	overclassification	6
F1-REF	6	0	sortmerna	0.76:0.9:3:0.8:1.0	SH130041.07FU_FJ573196_reps	k__Fungi;p__Basidiomycota;c__Agaricomycetes;o__Agaricales;f__Marasmiaceae;g__Crinipellis;s__Crinipellis_cupreostipes	k__Fungi;p__Basidiomycota;c__Agaricomycetes;o__Agaricales;f__Marasmiaceae;g__Crinipellis;s__Crinipellis_nigricaulis	overclassification	6
F1-REF	6	0	sortmerna	0.76:0.9:3:0.8:1.0	SH126389.07FU_UDB004184_reps	Unassigned	k__Fungi;p__Ascomycota;c__Sordariomycetes;o__Hypocreales;f__Nectriaceae;g__Volutella;s__Volutella_sp	underclassification	0
F1-REF	6	0	sortmerna	0.76:0.9:3:0.8:1.0	SH090294.07FU_JN870099_refs	Unassigned	k__Fungi;p__Ascomycota;c__Pezizomycetes;o__Pezizales;f__Tuberaceae;g__Tuber;s__Tuber_microverrucosum	underclassification	0
F1-REF	6	0	sortmerna	0.76:0.9:3:0.8:1.0	SH123861.07FU_KF060322_reps	k__Fungi	k__Fungi;p__Glomeromycota;c__Glomeromycetes;o__Glomerales;f__Glomeraceae;g__Septoglomus;s__Septoglomus_jasnowskae	underclassification	1
F1-REF	6	0	sortmerna	0.76:0.9:3:0.8:1.0	SH076685.07FU_HQ650641_reps	k__Fungi;p__Ascomycota;c__Sordariomycetes;o__Ophiostomatales;f__Ophiostomataceae;g__Graphilbum;s__Graphilbum_rectangulosporium	k__Fungi;p__Ascomycota;c__Lecanoromycetes;o__Lecanorales;f__Sarrameanaceae;g__Loxospora;s__Loxospora_ochrophaea	misclassification	2
F1-REF	6	0	sortmerna	0.76:0.9:3:0.8:1.0	SH096539.07FU_JQ291566_refs	k__Fungi;p__Basidiomycota;c__Agaricomycetes;o__Agaricales;f__Entolomataceae;g__Entoloma;s__Entoloma_saussetiense	k__Fungi;p__Basidiomycota;c__Agaricomycetes;o__Agaricales;f__Entolomataceae;g__Entoloma;s__Entoloma_omiense	overclassification	6
F1-REF	6	0	sortmerna	0.76:0.9:3:0.8:1.0	SH133178.07FU_JN943107_reps	Unassigned	k__Fungi;p__Basidiomycota;c__Agaricomycetes;o__Agaricales;f__Psathyrellaceae;g__Parasola;s__Parasola_auricoma	underclassification	0
F1-REF	6	0	sortmerna	0.76:0.9:3:0.8:1.0	SH081452.07FU_KC184455_refs	k__Fungi;p__Basidiomycota;c__Agaricomycetes;o__Boletales;f__Boletaceae	k__Fungi;p__Basidiomycota;c__Agaricomycetes;o__Boletales;f__Boletaceae;g__Butyriboletus;s__Butyriboletus_primiregius	underclassification	5
F1-REF	6	0	sortmerna	0.76:0.9:3:0.8:1.0	SH105179.07FU_EU118619_refs	k__Fungi;p__Basidiomycota;c__Agaricomycetes;o__Gloeophyllales;f__Gloeophyllaceae;g__Veluticeps;s__Veluticeps_fimbriata	k__Fungi;p__Basidiomycota;c__Agaricomycetes;o__Gloeophyllales;f__Gloeophyllaceae;g__Veluticeps;s__Veluticeps_abietina	overclassification	6
F1-REF	6	0	sortmerna	0.76:0.9:3:0.8:1.0	SH131466.07FU_UDB016040_reps	k__Fungi;p__Basidiomycota;c__Agaricomycetes	k__Fungi;p__Basidiomycota;c__Agaricomycetes;o__Russulales;f__Russulaceae;g__Russula;s__Russula_albonigra	underclassification	3
F1-REF	6	0	sortmerna	0.76:0.9:3:0.8:1.0	SH079782.07FU_AJ585442_refs	k__Fungi;p__Basidiomycota;c__Agaricomycetes;o__Agaricales;f__Strophariaceae;g__Galerina	k__Fungi;p__Basidiomycota;c__Agaricomycetes;o__Agaricales;f__Strophariaceae;g__Galerina;s__Galerina_arctica	match	6
F1-REF	6	0	sortmerna	0.76:0.9:3:0.8:1.0	SH090947.07FU_AJ877218_refs	Unassigned	k__Fungi;p__Ascomycota;c__Eurotiomycetes;o__Onygenales;f__Arthrodermataceae;g__Arthroderma;s__Arthroderma_multifidum	underclassification	0
F1-REF	6	0	sortmerna	0.76:0.9:3:0.8:1.0	SH123004.07FU_GU207247_reps	k__Fungi;p__Ascomycota;c__Lecanoromycetes;o__Lecanorales;f__Cladoniaceae;g__Cladonia	k__Fungi;p__Ascomycota;c__Lecanoromycetes;o__Lecanorales;f__Cladoniaceae;g__Cladonia;s__Cladonia_stipitata	match	6
F1-REF	6	0	sortmerna	0.76:0.9:3:0.8:1.0	SH536313.07FU_KJ920004_reps	k__Fungi;p__Basidiomycota;c__Agaricomycetes;o__Agaricales;f__Cortinariaceae;g__Cortinarius	k__Fungi;p__Basidiomycota;c__Agaricomycetes;o__Agaricales;f__Cortinariaceae;g__Cortinarius;s__Cortinarius_austroviolaceus	match	6
F1-REF	6	0	sortmerna	0.76:0.9:3:0.8:1.0	SH104027.07FU_GQ120623_reps	k__Fungi;p__Basidiomycota;c__Pucciniomycetes;o__Pucciniales;f__Melampsoraceae;g__Melampsora	k__Fungi;p__Basidiomycota;c__Pucciniomycetes;o__Pucciniales;f__Melampsoraceae;g__Melampsora;s__Melampsora_chelidonii-pierotii	match	6
F1-REF	6	0	sortmerna	0.76:0.9:3:0.8:1.0	SH086475.07FU_JF908775_refs	k__Fungi;p__Basidiomycota;c__Agaricomycetes;o__Russulales;f__Russulaceae;g__Lactarius	k__Fungi;p__Basidiomycota;c__Agaricomycetes;o__Russulales;f__Russulaceae;g__Lactarius;s__Lactarius_borzianus	match	6
F1-REF	6	0	sortmerna	0.76:0.9:3:0.8:1.0	SH109452.07FU_U66443_reps	k__Fungi;p__Basidiomycota;c__Agaricomycetes	k__Fungi;p__Basidiomycota;c__Agaricomycetes;o__Agaricales;f__Tricholomataceae;g__Omphalina;s__Omphalina_sp	underclassification	3
F1-REF	6	0	sortmerna	0.76:0.9:3:0.8:1.0	SH087262.07FU_JQ757879_reps	k__Fungi;p__Ascomycota;c__Dothideomycetes;o__Pleosporales;f__Phaeosphaeriaceae	k__Fungi;p__Ascomycota;c__Dothideomycetes;o__Pleosporales;f__Phaeosphaeriaceae;g__Parastagonospora;s__Parastagonospora_sp	underclassification	5
F1-REF	6	0	sortmerna	0.76:0.9:3:0.8:1.0	SH080614.07FU_EF192106_refs	k__Fungi;p__Basidiomycota;c__Agaricomycetes;o__Thelephorales;f__Bankeraceae;g__Sarcodon;s__Sarcodon_calvatus	k__Fungi;p__Basidiomycota;c__Agaricomycetes;o__Boletales;f__Sclerodermataceae;g__Pisolithus;s__Pisolithus_sp	misclassification	3
F1-REF	6	0	sortmerna	0.76:0.9:3:0.8:1.0	SH082065.07FU_GQ927267_reps	k__Fungi;p__Ascomycota;c__Sordariomycetes;o__Hypocreales;f__Ophiocordycipitaceae;g__Tolypocladium;s__Tolypocladium_pustulatum	k__Fungi;p__Ascomycota;c__Lecanoromycetes;o__Peltigerales;f__Pannariaceae;g__Pannaria;s__Pannaria_rubiginosa	misclassification	2
F1-REF	6	0	sortmerna	0.76:0.9:3:0.8:1.0	SH088267.07FU_UDB015650_refs	k__Fungi;p__Basidiomycota;c__Agaricomycetes;o__Agaricales;f__Omphalotaceae;g__Gymnopus	k__Fungi;p__Basidiomycota;c__Agaricomycetes;o__Agaricales;f__Omphalotaceae;g__Gymnopus;s__Gymnopus_ocior	match	6
F1-REF	6	0	sortmerna	0.76:0.9:3:0.8:1.0	SH121744.07FU_AJ786576_reps	Unassigned	k__Fungi;p__Ascomycota;c__Sordariomycetes;o__Hypocreales;f__Ophiocordycipitaceae;g__Ophiocordyceps;s__Ophiocordyceps_myrmecophila	underclassification	0
F1-REF	6	0	sortmerna	0.76:0.9:3:0.8:1.0	SH096568.07FU_UDB016205_reps	k__Fungi;p__Basidiomycota;c__Agaricomycetes;o__Russulales;f__Russulaceae;g__Russula	k__Fungi;p__Basidiomycota;c__Agaricomycetes;o__Russulales;f__Russulaceae;g__Russula;s__Russula_pseudointegra	match	6
F1-REF	6	0	sortmerna	0.76:0.9:3:0.8:1.0	SH539154.07FU_KR704334_reps	k__Fungi;p__Glomeromycota;c__Glomeromycetes	k__Fungi;p__Ascomycota;c__Pneumocystidomycetes;o__Pneumocystidales;f__Pneumocystidaceae;g__Pneumocystis;s__Pneumocystis_sp	misclassification	1
F1-REF	6	0	sortmerna	0.76:0.9:3:0.8:1.0	SH099791.07FU_AB847052_reps	Unassigned	k__Fungi;p__Ascomycota;c__Eurotiomycetes;o__Eurotiales;f__Trichocomaceae;g__Rasamsonia;s__Rasamsonia_sp	underclassification	0
F1-REF	6	0	sortmerna	0.76:0.9:3:0.8:1.0	SH111029.07FU_AB080533_refs	Unassigned	k__Fungi;p__Ascomycota;c__Leotiomycetes;o__Erysiphales;f__Erysiphaceae;g__Phyllactinia;s__Phyllactinia_juglandis	underclassification	0
F1-REF	6	0	sortmerna	0.76:0.9:3:0.8:1.0	SH088181.07FU_AF046226_reps	k__Fungi;p__Ascomycota;c__Pezizomycetes;o__Pezizales;f__Helvellaceae;g__Helvella;s__Helvella_sp	k__Fungi;p__Ascomycota;c__Pezizomycetes;o__Pezizales;f__Helvellaceae;g__Helvella;s__Helvella_corium	overclassification	6
F1-REF	6	0	sortmerna	0.76:0.9:3:0.8:1.0	SH077627.07FU_KC787569_refs	Unassigned	k__Fungi;p__Basidiomycota;c__Agaricomycetes;o__Polyporales;f__Polyporaceae;g__Abundisporus;s__Abundisporus_pubertatis	underclassification	0
F1-REF	6	0	sortmerna	0.76:0.9:3:0.8:1.0	SH104879.07FU_FJ234198_reps	Unassigned	k__Fungi;p__Basidiomycota;c__Agaricomycetes;o__Polyporales;f__Polyporaceae;g__Pycnoporus;s__Pycnoporus_puniceus	underclassification	0
F1-REF	6	0	sortmerna	0.76:0.9:3:0.8:1.0	SH134268.07FU_GQ411524_refs	k__Fungi;p__Basidiomycota;c__Agaricomycetes;o__Hymenochaetales;f__Schizoporaceae;g__Hyphodontia	k__Fungi;p__Basidiomycota;c__Agaricomycetes;o__Hymenochaetales;f__Schizoporaceae;g__Xylodon;s__Xylodon_nothofagi	misclassification	5
F1-REF	6	0	sortmerna	0.76:0.9:3:0.8:1.0	SH087947.07FU_EF568083_refs	k__Fungi;p__Ascomycota;c__Saccharomycetes;o__Saccharomycetales;f__Saccharomycetaceae;g__Torulaspora;s__Torulaspora_pretoriensis	k__Fungi;p__Ascomycota;c__Saccharomycetes;o__Saccharomycetales;f__Saccharomycetaceae;g__Torulaspora;s__Torulaspora_delbrueckii	overclassification	6
F1-REF	6	0	sortmerna	0.76:0.9:3:0.8:1.0	SH091123.07FU_EU913704_reps	k__Fungi;p__Ascomycota;c__Sordariomycetes;o__Ophiostomatales;f__Ophiostomataceae;g__Ceratocystiopsis;s__Ceratocystiopsis_manitobensis	k__Fungi;p__Ascomycota;c__Sordariomycetes;o__Ophiostomatales;f__Ophiostomataceae;g__Ceratocystiopsis;s__Ceratocystiopsis_minima	overclassification	6
F1-REF	6	0	sortmerna	0.76:0.9:3:0.8:1.0	SH078056.07FU_JQ410333_refs	k__Fungi;p__Basidiomycota;c__Agaricomycetes;o__Agaricales;f__Entolomataceae	k__Fungi;p__Basidiomycota;c__Agaricomycetes;o__Agaricales;f__Entolomataceae;g__Entoloma;s__Entoloma_azureosquamulosum	underclassification	5
F1-REF	6	0	sortmerna	0.76:0.9:3:0.8:1.0	SH096421.07FU_AF033422_refs	Unassigned	k__Fungi;p__Ascomycota;c__Eurotiomycetes;o__Eurotiales;f__Trichocomaceae;g__Penicillium;s__Penicillium_citrinum	underclassification	0
F1-REF	6	0	sortmerna	0.76:0.9:3:0.8:1.0	SH126335.07FU_EU128050_refs	k__Fungi;p__Ascomycota;c__Sordariomycetes;o__Diaporthales;f__Togniniaceae;g__Phaeoacremonium	k__Fungi;p__Ascomycota;c__Sordariomycetes;o__Diaporthales;f__Togniniaceae;g__Phaeoacremonium;s__Phaeoacremonium_fuscum	match	6
F1-REF	6	0	sortmerna	0.76:0.9:3:0.8:1.0	SH101512.07FU_AF153727_reps	k__Fungi;p__Ascomycota;c__Sordariomycetes;o__Xylariales;f__Xylariaceae;g__Xylaria	k__Fungi;p__Ascomycota;c__Sordariomycetes;o__Xylariales;f__Xylariaceae;g__Xylaria;s__Xylaria_allantoidea	match	6
F1-REF	6	0	sortmerna	0.76:0.9:3:0.8:1.0	SH133537.07FU_EU669314_reps	k__Fungi;p__Basidiomycota;c__Agaricomycetes;o__Agaricales	k__Fungi;p__Basidiomycota;c__Agaricomycetes;o__Agaricales;f__Marasmiaceae;g__Hydropus;s__Hydropus_marginellus	underclassification	4
F1-REF	6	0	sortmerna	0.76:0.9:3:0.8:1.0	SH111881.07FU_JN257991_refs	k__Fungi;p__Basidiomycota;c__Agaricomycetes;o__Boletales;f__Boletaceae;g__Octaviania;s__Octaviania_mortae	k__Fungi;p__Basidiomycota;c__Agaricomycetes;o__Boletales;f__Boletaceae;g__Octaviania;s__Octaviania_decimae	overclassification	6
F1-REF	6	0	sortmerna	0.76:0.9:3:0.8:1.0	SH136407.07FU_JX987315_refs	Unassigned	k__Fungi;p__Basidiomycota;c__Agaricomycetes;o__Agaricales;f__Tricholomataceae;g__Melanoleuca;s__Melanoleuca_verrucipes	underclassification	0
F1-REF	6	0	sortmerna	0.76:0.9:3:0.8:1.0	SH079996.07FU_HQ604178_reps	Unassigned	k__Fungi;p__Basidiomycota;c__Agaricomycetes;o__Agaricales;f__Inocybaceae;g__Inocybe;s__Inocybe_lacera	underclassification	0
F1-REF	6	0	sortmerna	0.76:0.9:3:0.8:1.0	SH098479.07FU_KF638534_reps	k__Fungi;p__Basidiomycota;c__Agaricomycetes;o__Polyporales;f__Phanerochaetaceae;g__Phanerochaete	k__Fungi;p__Basidiomycota;c__Agaricomycetes;o__Polyporales;f__Phanerochaetaceae;g__Phanerochaete;s__Phanerochaete_sordida	match	6
F1-REF	6	0	sortmerna	0.76:0.9:3:0.8:1.0	SH080243.07FU_JF908677_reps	k__Fungi;p__Basidiomycota;c__Agaricomycetes;o__Russulales;f__Russulaceae;g__Russula	k__Fungi;p__Basidiomycota;c__Agaricomycetes;o__Russulales;f__Russulaceae;g__Russula;s__Russula_curtipes	match	6
F1-REF	6	0	sortmerna	0.76:0.9:3:0.8:1.0	SH121775.07FU_UDB019767_reps	k__Fungi;p__Basidiomycota;c__Agaricomycetes;o__Gomphales;f__Clavariadelphaceae;g__Clavariadelphus;s__Clavariadelphus_pistillaris	k__Fungi;p__Basidiomycota;c__Agaricomycetes;o__Gomphales;f__Clavariadelphaceae;g__Clavariadelphus;s__Clavariadelphus_truncatus	overclassification	6
F1-REF	6	0	sortmerna	0.76:0.9:3:0.8:1.0	SH091022.07FU_AY513228_reps	k__Fungi;p__Basidiomycota;c__Agaricomycetes;o__Russulales;f__Auriscalpiaceae;g__Lentinellus;s__Lentinellus_sublineolatus	k__Fungi;p__Basidiomycota;c__Agaricomycetes;o__Russulales;f__Auriscalpiaceae;g__Lentinellus;s__Lentinellus_vulpinus	overclassification	6
F1-REF	6	0	sortmerna	0.76:0.9:3:0.8:1.0	SH077905.07FU_GU138729_reps	Unassigned	k__Fungi;p__Ascomycota;c__Leotiomycetes;o__Rhytismatales;f__Rhytismataceae;g__Coccomyces;s__Coccomyces_dentatus	underclassification	0
F1-REF	6	0	sortmerna	0.76:0.9:3:0.8:1.0	SH078623.07FU_KF528010_reps	Unassigned	k__Fungi;p__Basidiomycota;c__Pucciniomycetes;o__Pucciniales;f__Phakopsoraceae;g__Phakopsora;s__Phakopsora_neocherimoliae	underclassification	0
F1-REF	6	0	sortmerna	0.76:0.9:3:0.8:1.0	SH082312.07FU_AY656924_reps	k__Fungi;p__Basidiomycota;c__Agaricomycetes;o__Agaricales;f__Amanitaceae;g__Amanita	k__Fungi;p__Basidiomycota;c__Agaricomycetes;o__Agaricales;f__Amanitaceae;g__Amanita;s__Amanita_multisquamosa	match	6
F1-REF	6	0	sortmerna	0.76:0.9:3:0.8:1.0	SH082638.07FU_JX466168_reps	k__Fungi;p__Ascomycota;c__Lecanoromycetes;o__Lecanorales;f__Parmeliaceae;g__Parmelina;s__Parmelina_atricha	k__Fungi;p__Ascomycota;c__Lecanoromycetes;o__Lecanorales;f__Parmeliaceae;g__Parmelina;s__Parmelina_tiliacea	overclassification	6
F1-REF	6	0	sortmerna	0.76:0.9:3:0.8:1.0	SH082085.07FU_KF926665_reps	Unassigned	k__Fungi;p__Basidiomycota;c__Agaricomycetes;o__Agaricales;f__Pluteaceae;g__Volvariella;s__Volvariella_sp	underclassification	0
F1-REF	6	0	sortmerna	0.76:0.9:3:0.8:1.0	SH109018.07FU_FJ389940_refs	Unassigned	k__Fungi;p__Ascomycota;c__Eurotiomycetes;o__Eurotiales;f__Trichocomaceae;g__Paecilomyces;s__Paecilomyces_fulvus	underclassification	0
F1-REF	6	0	sortmerna	0.76:0.9:3:0.8:1.0	SH134549.07FU_EU586332_reps	k__Fungi;p__Ascomycota;c__Orbiliomycetes;o__Orbiliales;f__Orbiliaceae;g__Arthrobotrys	k__Fungi;p__Ascomycota;c__Orbiliomycetes;o__Orbiliales;f__Orbiliaceae;g__Arthrobotrys;s__Arthrobotrys_cladodes	match	6
F1-REF	6	0	sortmerna	0.76:0.9:3:0.8:1.0	SH539130.07FU_KJ575611_reps	k__Fungi;p__Basidiomycota;c__Agaricomycetes;o__Agaricales;f__Agaricaceae;g__Agaricus	k__Fungi;p__Basidiomycota;c__Agaricomycetes;o__Agaricales;f__Agaricaceae;g__Agaricus;s__Agaricus_bisporiticus	match	6
F1-REF	6	0	sortmerna	0.76:0.9:3:0.8:1.0	SH094329.07FU_UDB017791_refs	k__Fungi;p__Basidiomycota;c__Agaricomycetes;o__Agaricales;f__Cortinariaceae;g__Cortinarius;s__Cortinarius_carranzae	k__Fungi;p__Basidiomycota;c__Agaricomycetes;o__Agaricales;f__Cortinariaceae;g__Cortinarius;s__Cortinarius_pseudorubricosus	overclassification	6
F1-REF	6	0	sortmerna	0.76:0.9:3:0.8:1.0	SH109991.07FU_AF454082_refs	k__Fungi;p__Ascomycota;c__Leotiomycetes;o__Helotiales;f__Vibrisseaceae;g__Phialocephala;s__Phialocephala_dimorphospora	k__Fungi;p__Ascomycota;c__Eurotiomycetes;o__Eurotiales;f__Trichocomaceae;g__Penicillium;s__Penicillium_penicillioides	misclassification	2
F1-REF	6	0	sortmerna	0.76:0.9:3:0.8:1.0	SH129698.07FU_AF275332_reps	k__Fungi;p__Ascomycota;c__Sordariomycetes;o__Hypocreales;f__Hypocreaceae;g__Trichoderma	k__Fungi;p__Ascomycota;c__Sordariomycetes;o__Hypocreales;f__Hypocreaceae;g__Trichoderma;s__Trichoderma_ceraceum	match	6
F1-REF	6	0	sortmerna	0.76:0.9:3:0.8:1.0	SH086645.07FU_JQ796872_reps	k__Fungi;p__Ascomycota;c__Eurotiomycetes;o__Eurotiales;f__Trichocomaceae;g__Penicillium	k__Fungi;p__Ascomycota;c__Eurotiomycetes;o__Eurotiales;f__Trichocomaceae;g__Penicillium;s__Penicillium_solitum	match	6
F1-REF	6	0	sortmerna	0.76:0.9:3:0.8:1.0	SH090088.07FU_UDB015689_refs	Unassigned	k__Fungi;p__Basidiomycota;c__Agaricomycetes;o__Polyporales;f__Polyporaceae;g__Polyporus;s__Polyporus_melanopus	underclassification	0
F1-REF	6	0	sortmerna	0.76:0.9:3:0.8:1.0	SH093482.07FU_KC923439_reps	Unassigned	k__Fungi;p__Ascomycota;c__Eurotiomycetes;o__Onygenales;f__Onygenaceae;g__Chrysosporium;s__Chrysosporium_carmichaelii	underclassification	0
F1-REF	6	0	sortmerna	0.76:0.9:3:0.8:1.0	SH116487.07FU_JX901785_refs	k__Fungi;p__Ascomycota;c__Dothideomycetes;o__Capnodiales;f__Mycosphaerellaceae;g__Pseudocercospora	k__Fungi;p__Ascomycota;c__Dothideomycetes;o__Capnodiales;f__Mycosphaerellaceae;g__Pseudocercospora;s__Pseudocercospora_norchiensis	match	6
F1-REF	6	0	sortmerna	0.76:0.9:3:0.8:1.0	SH134415.07FU_EU145952_reps	k__Fungi;p__Basidiomycota;c__Agaricomycetes;o__Agaricales;f__Physalacriaceae;g__Flammulina	k__Fungi;p__Basidiomycota;c__Agaricomycetes;o__Agaricales;f__Physalacriaceae;g__Flammulina;s__Flammulina_cephalariae	match	6
F1-REF	6	0	sortmerna	0.76:0.9:3:0.8:1.0	SH135583.07FU_KC520544_reps	Unassigned	k__Fungi;p__Basidiomycota;c__Agaricomycetes;o__Agaricales;f__Cortinariaceae;g__Cortinarius;s__Cortinarius_peraurantiacus	underclassification	0
F1-REF	6	0	sortmerna	0.76:0.9:3:0.8:1.0	SH135472.07FU_EU669315_reps	k__Fungi;p__Basidiomycota;c__Agaricomycetes;o__Agaricales;f__Cortinariaceae;g__Cortinarius	k__Fungi;p__Basidiomycota;c__Agaricomycetes;o__Agaricales;f__Cortinariaceae;g__Cortinarius;s__Cortinarius_magnivelatus	match	6
F1-REF	6	0	sortmerna	0.76:0.9:3:0.8:1.0	SH536987.07FU_KT222390_reps	Unassigned	k__Fungi;p__Ascomycota;c__Orbiliomycetes;o__Orbiliales;f__Orbiliaceae;g__Orbilia;s__Orbilia_euonymi	underclassification	0
F1-REF	6	0	sortmerna	0.76:0.9:3:0.8:1.0	SH109816.07FU_AY461831_reps	k__Fungi;p__Basidiomycota;c__Agaricomycetes;o__Agaricales;f__Psathyrellaceae;g__Coprinopsis;s__Coprinopsis_patouillardii	k__Fungi;p__Basidiomycota;c__Agaricomycetes;o__Agaricales;f__Agaricaceae;g__Coprinus;s__Coprinus_cordisporus	misclassification	4
F1-REF	6	0	sortmerna	0.76:0.9:3:0.8:1.0	SH471170.07FU_JX978408_reps	Unassigned	k__Fungi;p__Basidiomycota;c__Agaricomycetes;o__Polyporales;f__Polyporaceae;g__Perenniporia;s__Perenniporia_minutissima	underclassification	0
F1-REF	6	0	sortmerna	0.76:0.9:3:0.8:1.0	SH077760.07FU_AB586997_refs	k__Fungi;p__Ascomycota;c__Sordariomycetes;o__Hypocreales;f__Nectriaceae;g__Gibberella;s__Gibberella_zeae	k__Fungi;p__Ascomycota;c__Sordariomycetes;o__Hypocreales;f__Nectriaceae;g__Fusicolla;s__Fusicolla_violacea	misclassification	5
F1-REF	6	0	sortmerna	0.76:0.9:3:0.8:1.0	SH124394.07FU_KJ162314_reps	Unassigned	k__Fungi;p__Ascomycota;c__Lecanoromycetes;o__Lecideales;f__Porpidiaceae;g__Porpidia;s__Porpidia_striata	underclassification	0
F1-REF	6	0	sortmerna	0.76:0.9:3:0.8:1.0	SH543994.07FU_KM588684_reps	k__Fungi;p__Basidiomycota;c__Agaricomycetes;o__Agaricales;f__Strophariaceae;g__Stropharia;s__Stropharia_albonitens	k__Fungi;p__Basidiomycota;c__Agaricomycetes;o__Agaricales;f__Physalacriaceae;g__Cyptotrama;s__Cyptotrama_fagiphila	misclassification	4
F1-REF	6	0	sortmerna	0.76:0.9:3:0.8:1.0	SH082113.07FU_AM269805_reps	k__Fungi;p__Basidiomycota;c__Agaricomycetes;o__Hymenochaetales;f__Hymenochaetaceae;g__Phellinus	k__Fungi;p__Basidiomycota;c__Agaricomycetes;o__Hymenochaetales;f__Hymenochaetaceae;g__Phellinus;s__Phellinus_tuberculosus	match	6
F1-REF	6	0	sortmerna	0.76:0.9:3:0.8:1.0	SH130430.07FU_AY669624_refs	k__Fungi;p__Basidiomycota;c__Agaricomycetes;o__Agaricales;f__Cortinariaceae;g__Cortinarius	k__Fungi;p__Basidiomycota;c__Agaricomycetes;o__Agaricales;f__Cortinariaceae;g__Cortinarius;s__Cortinarius_iringa	match	6
F1-REF	6	0	sortmerna	0.76:0.9:3:0.8:1.0	SH128587.07FU_JN383488_refs	Unassigned	k__Fungi;p__Ascomycota;c__Dothideomycetes;o__Pleosporales;f__Pleosporaceae;g__Alternaria;s__Alternaria_dennisii	underclassification	0
F1-REF	6	0	sortmerna	0.76:0.9:3:0.8:1.0	SH093842.07FU_JN580823_refs	k__Fungi;p__Basidiomycota;c__Agaricomycetes;o__Agaricales;f__Inocybaceae;g__Inocybe	k__Fungi;p__Basidiomycota;c__Agaricomycetes;o__Agaricales;f__Inocybaceae;g__Inocybe;s__Inocybe_bufonia	match	6
F1-REF	6	0	sortmerna	0.76:0.9:3:0.8:1.0	SH100420.07FU_UDB016449_refs	k__Fungi;p__Basidiomycota;c__Agaricomycetes;o__Polyporales;f__Meruliaceae;g__Phlebia;s__Phlebia_tuberculata	k__Fungi;p__Basidiomycota;c__Agaricomycetes;o__Polyporales;f__Meruliaceae;g__Phlebia;s__Phlebia_livida	overclassification	6
F1-REF	6	0	sortmerna	0.76:0.9:3:0.8:1.0	SH077607.07FU_JN616459_reps	Unassigned	k__Fungi;p__Basidiomycota;c__Agaricomycetes;o__Agaricales;f__Tricholomataceae;g__Melanoleuca;s__Melanoleuca_pseudoluscina	underclassification	0
F1-REF	6	0	sortmerna	0.76:0.9:3:0.8:1.0	SH544032.07FU_KM250235_reps	k__Fungi;p__Ascomycota	k__Fungi;p__Ascomycota;c__Lecanoromycetes;o__Lecanorales;f__Parmeliaceae;g__Menegazzia;s__Menegazzia_subsimilis	underclassification	2
F1-REF	6	0	sortmerna	0.76:0.9:3:0.8:1.0	SH082214.07FU_JQ409481_refs	Unassigned	k__Fungi;p__Basidiomycota;c__Agaricomycetes;o__Polyporales;f__Polyporaceae;g__Lignosus;s__Lignosus_tigris	underclassification	0
F1-REF	6	0	sortmerna	0.76:0.9:3:0.8:1.0	SH127900.07FU_UDB000565_refs	Unassigned	k__Fungi;p__Basidiomycota;c__Agaricomycetes;o__Agaricales;f__Hygrophoraceae;g__Hygrophorus;s__Hygrophorus_inocybiformis	underclassification	0
F1-REF	6	0	sortmerna	0.76:0.9:3:0.8:1.0	SH103310.07FU_EU982635_reps	k__Fungi;p__Ascomycota;c__Lecanoromycetes	k__Fungi;p__Ascomycota;c__Lecanoromycetes;o__Peltigerales;f__Collemataceae;g__Leptogium;s__Leptogium_furfuraceum	underclassification	3
F1-REF	6	0	sortmerna	0.76:0.9:3:0.8:1.0	SH131873.07FU_HQ434389_reps	k__Fungi;p__Ascomycota;c__Dothideomycetes;o__Venturiales;f__Venturiaceae;g__Venturia;s__Venturia_pyrina	k__Fungi;p__Ascomycota;c__Dothideomycetes;o__Venturiales;f__Venturiaceae;g__Venturia;s__Venturia_nashicola	overclassification	6
F1-REF	6	0	sortmerna	0.76:0.9:3:0.8:1.0	SH100615.07FU_AY090489_reps	k__Fungi;p__Ascomycota;c__Taphrinomycetes;o__Taphrinales;f__Taphrinaceae;g__Taphrina;s__Taphrina_alni	k__Fungi;p__Ascomycota;c__Taphrinomycetes;o__Taphrinales;f__Taphrinaceae;g__Taphrina;s__Taphrina_tosquinetii	overclassification	6
F1-REF	6	0	sortmerna	0.76:0.9:3:0.8:1.0	SH109119.07FU_GQ376102_refs	Unassigned	k__Fungi;p__Ascomycota;c__Eurotiomycetes;o__Onygenales;f__Gymnoascaceae;g__Gymnoascus;s__Gymnoascus_reessii	underclassification	0
F1-REF	6	0	sortmerna	0.76:0.9:3:0.8:1.0	SH102818.07FU_HM365263_reps	k__Fungi;p__Ascomycota;c__Sordariomycetes;o__Sordariales;f__Chaetomiaceae;g__Chaetomium	k__Fungi;p__Ascomycota;c__Sordariomycetes;o__Sordariales;f__Chaetomiaceae;g__Chaetomium;s__Chaetomium_truncatulum	match	6
F1-REF	6	0	sortmerna	0.76:0.9:3:0.8:1.0	SH100290.07FU_FJ596806_refs	k__Fungi;p__Basidiomycota;c__Agaricomycetes	k__Fungi;p__Basidiomycota;c__Agaricomycetes;o__Polyporales;f__Fomitopsidaceae;g__Laetiporus;s__Laetiporus_sp	underclassification	3
F1-REF	6	0	sortmerna	0.76:0.9:3:0.8:1.0	SH077691.07FU_GU227704_reps	k__Fungi;p__Basidiomycota;c__Agaricomycetes;o__Agaricales;f__Psathyrellaceae;g__Coprinellus	k__Fungi;p__Basidiomycota;c__Agaricomycetes;o__Agaricales;f__Psathyrellaceae;g__Coprinellus;s__Coprinellus_bisporus	match	6
F1-REF	6	0	sortmerna	0.76:0.9:3:0.8:1.0	SH117472.07FU_AY773451_reps	Unassigned	k__Fungi;p__Ascomycota;c__Orbiliomycetes;o__Orbiliales;f__Orbiliaceae;g__Arthrobotrys;s__Arthrobotrys_ellipsospora	underclassification	0
F1-REF	6	0	sortmerna	0.76:0.9:3:0.8:1.0	SH123253.07FU_Z54111_reps	k__Fungi;p__Ascomycota;c__Sordariomycetes;o__Hypocreales;f__Cordycipitaceae;g__Isaria;s__Isaria_farinosa	k__Fungi;p__Ascomycota;c__Sordariomycetes;o__Hypocreales;f__Cordycipitaceae;g__Beauveria;s__Beauveria_bassiana	misclassification	5
F1-REF	6	0	sortmerna	0.76:0.9:3:0.8:1.0	SH116658.07FU_AF222840_reps	k__Fungi;p__Ascomycota;c__Dothideomycetes;o__Capnodiales;f__Mycosphaerellaceae;g__Pseudocercospora	k__Fungi;p__Ascomycota;c__Dothideomycetes;o__Capnodiales;f__Mycosphaerellaceae;g__Pseudocercospora;s__Pseudocercospora_eriodendri	match	6
F1-REF	6	0	sortmerna	0.76:0.9:3:0.8:1.0	SH094293.07FU_FJ552786_reps	k__Fungi;p__Basidiomycota;c__Agaricomycetes;o__Agaricales;f__Cortinariaceae;g__Cortinarius	k__Fungi;p__Basidiomycota;c__Agaricomycetes;o__Agaricales;f__Cortinariaceae;g__Cortinarius;s__Cortinarius_depressus	match	6
F1-REF	6	0	sortmerna	0.76:0.9:3:0.8:1.0	SH079188.07FU_UDB019724_reps	k__Fungi;p__Basidiomycota;c__Agaricomycetes;o__Russulales;f__Russulaceae;g__Lactarius	k__Fungi;p__Basidiomycota;c__Agaricomycetes;o__Russulales;f__Russulaceae;g__Lactarius;s__Lactarius_pallidomarginatus	match	6
F1-REF	6	0	sortmerna	0.76:0.9:3:0.8:1.0	SH104653.07FU_HE863856_reps	k__Fungi;p__Glomeromycota;c__Glomeromycetes;o__Diversisporales;f__Diversisporaceae;g__Diversispora	k__Fungi;p__Glomeromycota;c__Glomeromycetes;o__Diversisporales;f__Diversisporaceae;g__Diversispora;s__Diversispora_sp	match	6
F1-REF	6	0	sortmerna	0.76:0.9:3:0.8:1.0	SH546861.07FU_KP165554_refs	k__Fungi;p__Basidiomycota;c__Agaricomycetes;o__Agaricales;f__Cortinariaceae;g__Cortinarius	k__Fungi;p__Basidiomycota;c__Agaricomycetes;o__Agaricales;f__Cortinariaceae;g__Cortinarius;s__Cortinarius_crassisporus	match	6
F1-REF	6	0	sortmerna	0.76:0.9:3:0.8:1.0	SH131209.07FU_EF635638_reps	k__Fungi;p__Basidiomycota;c__Agaricomycetes;o__Agaricales;f__Psathyrellaceae;g__Coprinopsis;s__Coprinopsis_ochraceolanata	k__Fungi;p__Basidiomycota;c__Agaricomycetes;o__Agaricales;f__Psathyrellaceae;g__Coprinopsis;s__Coprinopsis_sp	overclassification	6
F1-REF	6	0	sortmerna	0.76:0.9:3:0.8:1.0	SH096454.07FU_DQ974740_reps	k__Fungi;p__Ascomycota;c__Eurotiomycetes;o__Eurotiales;f__Elaphomycetaceae;g__Elaphomyces;s__Elaphomyces_sp	k__Fungi;p__Ascomycota;c__Eurotiomycetes;o__Eurotiales;f__Elaphomycetaceae;g__Elaphomyces;s__Elaphomyces_muricatus	overclassification	6
F1-REF	6	0	sortmerna	0.76:0.9:3:0.8:1.0	SH127296.07FU_KJ419927_refs	k__Fungi;p__Basidiomycota;c__Agaricomycetes	k__Fungi;p__Basidiomycota;c__Agaricomycetes;o__Boletales;f__Boletaceae;g__Boletus;s__Boletus_roseogriseus	underclassification	3
F1-REF	6	0	sortmerna	0.76:0.9:3:0.8:1.0	SH109967.07FU_AB011806_refs	k__Fungi;p__Ascomycota;c__Saccharomycetes;o__Saccharomycetales;f__Saccharomycetaceae;g__Naumovozyma;s__Naumovozyma_baii	k__Fungi;p__Ascomycota;c__Saccharomycetes;o__Saccharomycetales;f__Saccharomycetaceae;g__Kazachstania;s__Kazachstania_kunashirensis	misclassification	5
F1-REF	6	0	sortmerna	0.76:0.9:3:0.8:1.0	SH131153.07FU_EU021615_refs	Unassigned	k__Fungi;p__Ascomycota;c__Eurotiomycetes;o__Eurotiales;f__Trichocomaceae;g__Aspergillus;s__Aspergillus_arenarius	underclassification	0
F1-REF	6	0	sortmerna	0.76:0.9:3:0.8:1.0	SH119894.07FU_AY372283_refs	Unassigned	k__Fungi;p__Basidiomycota;c__Agaricomycetes;o__Boletales;f__Boletaceae;g__Xerocomellus;s__Xerocomellus_dryophilus	underclassification	0
F1-REF	6	0	sortmerna	0.76:0.9:3:0.8:1.0	SH086951.07FU_UDB000407_refs	k__Fungi;p__Basidiomycota;c__Agaricomycetes;o__Agaricales;f__Amanitaceae;g__Amanita;s__Amanita_phalloides	k__Fungi;p__Basidiomycota;c__Agaricomycetes;o__Boletales;f__Boletaceae;g__Boletus;s__Boletus_pulchrotinctus	misclassification	3
F1-REF	6	0	sortmerna	0.76:0.9:3:0.8:1.0	SH119016.07FU_AY513198_reps	Unassigned	k__Fungi;p__Basidiomycota;c__Agaricomycetes;o__Russulales;f__Auriscalpiaceae;g__Lentinellus;s__Lentinellus_tridentinus	underclassification	0
F1-REF	6	0	sortmerna	0.76:0.9:3:0.8:1.0	SH129436.07FU_JX133172_refs	Unassigned	k__Fungi;p__Basidiomycota;c__Agaricomycetes;o__Agaricales;f__Agaricaceae;g__Leucoagaricus;s__Leucoagaricus_proximus	underclassification	0
F1-REF	6	0	sortmerna	0.76:0.9:3:0.8:1.0	SH083280.07FU_EU118607_refs	Unassigned	k__Fungi;p__Basidiomycota;c__Agaricomycetes;o__Cantharellales;f__Botryobasidiaceae;g__Botryobasidium;s__Botryobasidium_subcoronatum	underclassification	0
F1-REF	6	0	sortmerna	0.76:0.9:3:0.8:1.0	SH117885.07FU_UDB007921_reps	k__Fungi;p__Ascomycota	k__Fungi;p__Ascomycota;c__Pezizomycetes;o__Pezizales;f__Pezizaceae;g__Hydnobolites;s__Hydnobolites_cerebriformis	underclassification	2
F1-REF	6	0	sortmerna	0.76:0.9:3:0.8:1.0	SH086480.07FU_KF432982_refs	k__Fungi;p__Basidiomycota;c__Agaricomycetes;o__Russulales;f__Russulaceae;g__Lactarius;s__Lactarius_sp	k__Fungi;p__Basidiomycota;c__Agaricomycetes;o__Russulales;f__Russulaceae;g__Lactarius;s__Lactarius_lacunarum	overclassification	6
F1-REF	6	0	sortmerna	0.76:0.9:3:0.8:1.0	SH112287.07FU_UDB019756_reps	Unassigned	k__Fungi;p__Ascomycota;c__Leotiomycetes;o__Helotiales;f__Sclerotiniaceae;g__Encoelia;s__Encoelia_furfuracea	underclassification	0
F1-REF	6	0	sortmerna	0.76:0.9:3:0.8:1.0	SH102896.07FU_EU821898_refs	k__Fungi;p__Ascomycota;c__Dothideomycetes;o__Botryosphaeriales;f__Botryosphaeriaceae	k__Fungi;p__Ascomycota;c__Dothideomycetes;o__Botryosphaeriales;f__Botryosphaeriaceae;g__Neofusicoccum;s__Neofusicoccum_cordaticola	underclassification	5
F1-REF	6	0	sortmerna	0.76:0.9:3:0.8:1.0	SH133401.07FU_JF908679_reps	k__Fungi;p__Basidiomycota;c__Agaricomycetes;o__Russulales;f__Russulaceae	k__Fungi;p__Basidiomycota;c__Agaricomycetes;o__Russulales;f__Russulaceae;g__Russula;s__Russula_putida	underclassification	5
F1-REF	6	0	sortmerna	0.76:0.9:3:0.8:1.0	SH134930.07FU_AY244623_reps	Unassigned	k__Fungi;p__Basidiomycota;c__Agaricomycetes;o__Agaricales;f__Lyophyllaceae;g__Termitomyces;s__Termitomyces_fuliginosus	underclassification	0
F1-REF	6	0	sortmerna	0.76:0.9:3:0.8:1.0	SH102251.07FU_JF419265_refs	k__Fungi;p__Ascomycota;c__Pezizomycetes;o__Pezizales;f__Tuberaceae;g__Tuber	k__Fungi;p__Ascomycota;c__Pezizomycetes;o__Pezizales;f__Tuberaceae;g__Tuber;s__Tuber_walkeri	match	6
F1-REF	6	0	sortmerna	0.76:0.9:3:0.8:1.0	SH125625.07FU_EU118663_reps	Unassigned	k__Fungi;p__Basidiomycota;c__Agaricomycetes;o__Polyporales;f__Meruliaceae;g__Podoscypha;s__Podoscypha_multizonata	underclassification	0
F1-REF	6	0	sortmerna	0.76:0.9:3:0.8:1.0	SH101211.07FU_KF002728_reps	k__Fungi;p__Ascomycota;c__Pezizomycetes;o__Pezizales;f__Tuberaceae;g__Tuber	k__Fungi;p__Ascomycota;c__Pezizomycetes;o__Pezizales;f__Tuberaceae;g__Tuber;s__Tuber_subglobosum	match	6
F1-REF	6	0	sortmerna	0.76:0.9:3:0.8:1.0	SH116475.07FU_GU269653_refs	k__Fungi;p__Ascomycota;c__Dothideomycetes;o__Capnodiales;f__Mycosphaerellaceae;g__Pseudocercospora	k__Fungi;p__Ascomycota;c__Dothideomycetes;o__Capnodiales;f__Mycosphaerellaceae;g__Pseudocercospora;s__Pseudocercospora_araliae	match	6
F1-REF	6	0	sortmerna	0.76:0.9:3:0.8:1.0	SH134177.07FU_UDB015769_refs	k__Fungi;p__Basidiomycota;c__Agaricomycetes;o__Agaricales;f__Tricholomataceae	k__Fungi;p__Basidiomycota;c__Agaricomycetes;o__Agaricales;f__Tricholomataceae;g__Clitocybe;s__Clitocybe_gibba	underclassification	5
F1-REF	6	0	sortmerna	0.76:0.9:3:0.8:1.0	SH539636.07FU_KP317637_reps	k__Fungi;p__Basidiomycota;c__Agaricomycetes;o__Agaricales;f__Omphalotaceae;g__Gymnopus	k__Fungi;p__Basidiomycota;c__Agaricomycetes;o__Agaricales;f__Omphalotaceae;g__Marasmiellus;s__Marasmiellus_foliiphilus	misclassification	5
F1-REF	6	0	sortmerna	0.76:0.9:3:0.8:1.0	SH096752.07FU_JX310399_reps	Unassigned	k__Fungi;p__Basidiomycota;c__Agaricomycetes;o__Gomphales;f__Gomphaceae;g__Ramaria;s__Ramaria_gracilis	underclassification	0
F1-REF	6	0	sortmerna	0.76:0.9:3:0.8:1.0	SH547091.07FU_LM652432_reps	k__Fungi;p__Ascomycota;c__Sordariomycetes;o__Microascales;f__Microascaceae;g__Microascus	k__Fungi;p__Ascomycota;c__Sordariomycetes;o__Microascales;f__Microascaceae;g__Scopulariopsis;s__Scopulariopsis_brumptii	misclassification	5
F1-REF	6	0	sortmerna	0.76:0.9:3:0.8:1.0	SH084184.07FU_JF923602_reps	k__Fungi;p__Ascomycota;c__Lecanoromycetes;o__Lecanorales;f__Ramalinaceae;g__Ramalina	k__Fungi;p__Ascomycota;c__Lecanoromycetes;o__Lecanorales;f__Ramalinaceae;g__Ramalina;s__Ramalina_inflata_subsp._australis	match	6
F1-REF	6	0	sortmerna	0.76:0.9:3:0.8:1.0	SH078518.07FU_DQ112554_refs	k__Fungi;p__Basidiomycota;c__Agaricomycetes;o__Agaricales;f__Agaricaceae;g__Lycoperdon	k__Fungi;p__Basidiomycota;c__Agaricomycetes;o__Agaricales;f__Agaricaceae;g__Lycoperdon;s__Lycoperdon_pratense	match	6
F1-REF	6	0	sortmerna	0.76:0.9:3:0.8:1.0	SH087981.07FU_GU136219_reps	k__Fungi;p__Basidiomycota;c__Agaricomycetes;o__Hymenochaetales;f__Hymenochaetaceae;g__Fomitiporia;s__Fomitiporia_aethiopica	k__Fungi;p__Basidiomycota;c__Agaricomycetes;o__Hymenochaetales;f__Hymenochaetaceae;g__Fomitiporia;s__Fomitiporia_robusta	overclassification	6
F1-REF	6	0	sortmerna	0.76:0.9:3:0.8:1.0	SH096683.07FU_EU231989_refs	k__Fungi;p__Basidiomycota;c__Agaricomycetes;o__Boletales;f__Boletaceae;g__Boletus	k__Fungi;p__Basidiomycota;c__Agaricomycetes;o__Boletales;f__Boletaceae;g__Boletus;s__Boletus_subalpinus	match	6
F1-REF	6	0	sortmerna	0.76:0.9:3:0.8:1.0	SH083240.07FU_KC598297_reps	k__Fungi;p__Basidiomycota;c__Agaricomycetes;o__Russulales;f__Russulaceae;g__Russula	k__Fungi;p__Basidiomycota;c__Agaricomycetes;o__Russulales;f__Russulaceae;g__Russula;s__Russula_virescens	match	6
F1-REF	6	0	sortmerna	0.76:0.9:3:0.8:1.0	SH135459.07FU_JX045671_refs	k__Fungi;p__Basidiomycota;c__Agaricomycetes;o__Agaricales;f__Cortinariaceae;g__Cortinarius	k__Fungi;p__Basidiomycota;c__Agaricomycetes;o__Agaricales;f__Cortinariaceae;g__Cortinarius;s__Cortinarius_cascadensis	match	6
F1-REF	6	0	sortmerna	0.76:0.9:3:0.8:1.0	SH081711.07FU_AF391001_refs	k__Fungi;p__Basidiomycota;c__Agaricomycetes	k__Fungi;p__Basidiomycota;c__Agaricomycetes;o__Agaricales;f__Agaricaceae;g__Lepiota;s__Lepiota_spheniscispora	underclassification	3
F1-REF	6	0	sortmerna	0.76:0.9:3:0.8:1.0	SH124417.07FU_HM055451_reps	Unassigned	k__Fungi;p__Ascomycota;c__Sordariomycetes;o__Hypocreales;f__Clavicipitaceae;g__Metarhizium;s__Metarhizium_anisopliae	underclassification	0
F1-REF	6	0	sortmerna	0.76:0.9:3:0.8:1.0	SH095308.07FU_UDB015502_refs	Unassigned	k__Fungi;p__Basidiomycota;c__Agaricomycetes;o__Agaricales;f__Entolomataceae;g__Entoloma;s__Entoloma_vernum	underclassification	0
F1-REF	6	0	sortmerna	0.76:0.9:3:0.8:1.0	SH110074.07FU_UDB015055_refs	Unassigned	k__Fungi;p__Basidiomycota;c__Agaricomycetes;o__Thelephorales;f__Bankeraceae;g__Hydnellum;s__Hydnellum_geogenium	underclassification	0
F1-REF	6	0	sortmerna	0.76:0.9:3:0.8:1.0	SH540689.07FU_KJ862358_refs	k__Fungi;p__Basidiomycota;c__Pucciniomycetes;o__Pucciniales;f__Raveneliaceae;g__Endoraecium	k__Fungi;p__Basidiomycota;c__Pucciniomycetes;o__Pucciniales;f__Raveneliaceae;g__Endoraecium;s__Endoraecium_disparrimum	match	6
F1-REF	6	0	sortmerna	0.76:0.9:3:0.8:1.0	SH122994.07FU_FM205913_reps	k__Fungi;p__Ascomycota;c__Lecanoromycetes;o__Lecanorales;f__Cladoniaceae;g__Cladonia;s__Cladonia_grayi	k__Fungi;p__Ascomycota;c__Lecanoromycetes;o__Lecanorales;f__Cladoniaceae;g__Cladonia;s__Cladonia_cervicornis_subsp._pulvinata	overclassification	6
F1-REF	6	0	sortmerna	0.76:0.9:3:0.8:1.0	SH077554.07FU_JQ279561_refs	k__Fungi;p__Basidiomycota;c__Agaricomycetes	k__Fungi;p__Basidiomycota;c__Agaricomycetes;o__Hymenochaetales;f__Hymenochaetaceae;g__Hymenochaete;s__Hymenochaete_paucisetigera	underclassification	3
F1-REF	6	0	sortmerna	0.76:0.9:3:0.8:1.0	SH537786.07FU_KP994417_reps	k__Fungi	k__Fungi;p__Basidiomycota;c__Ustilaginomycetes;o__Urocystidales;f__Glomosporiaceae;g__Thecaphora;s__Thecaphora_frezzii	underclassification	1
F1-REF	6	0	sortmerna	0.76:0.9:3:0.8:1.0	SH089238.07FU_KC966111_reps	k__Fungi;p__Basidiomycota;c__Agaricomycetes;o__Thelephorales;f__Thelephoraceae;g__Tomentella;s__Tomentella_sp	k__Fungi;p__Basidiomycota;c__Agaricomycetes;o__Thelephorales;f__Thelephoraceae;g__Tomentella;s__Tomentella_fuscocinerea	overclassification	6
F1-REF	6	0	sortmerna	0.76:0.9:3:0.8:1.0	SH550874.07FU_KM388728_reps	Unassigned	k__Fungi;p__Basidiomycota;c__Agaricomycetes;o__Boletales;f__Boletaceae;g__Butyriboletus;s__Butyriboletus_sp	underclassification	0
F1-REF	6	0	sortmerna	0.76:0.9:3:0.8:1.0	SH115664.07FU_UDB015503_refs	Unassigned	k__Fungi;p__Basidiomycota;c__Agaricomycetes;o__Agaricales;f__Pleurotaceae;g__Pleurotus;s__Pleurotus_dryinus	underclassification	0
F1-REF	6	0	sortmerna	0.76:0.9:3:0.8:1.0	SH118073.07FU_HQ402721_reps	k__Fungi;p__Ascomycota;c__Lecanoromycetes;o__Lecanorales;f__Parmeliaceae;g__Bryoria	k__Fungi;p__Ascomycota;c__Lecanoromycetes;o__Lecanorales;f__Parmeliaceae;g__Bryoria;s__Bryoria_furcellata	match	6
F1-REF	6	0	sortmerna	0.76:0.9:3:0.8:1.0	SH077054.07FU_AF432900_reps	k__Fungi;p__Basidiomycota;c__Agaricomycetes;o__Agaricales;f__Agaricaceae;g__Agaricus	k__Fungi;p__Basidiomycota;c__Agaricomycetes;o__Agaricales;f__Agaricaceae;g__Agaricus;s__Agaricus_subperonatus	match	6
F1-REF	6	0	sortmerna	0.76:0.9:3:0.8:1.0	SH133289.07FU_KF692075_reps	k__Fungi;p__Basidiomycota;c__Agaricomycetes;o__Agaricales;f__Mycenaceae;g__Mycena;s__Mycena_purpureofusca	k__Fungi;p__Basidiomycota;c__Agaricomycetes;o__Agaricales;f__Mycenaceae;g__Mycena;s__Mycena_haematopus	overclassification	6
F1-REF	6	0	sortmerna	0.76:0.9:3:0.8:1.0	SH127797.07FU_KJ529006_reps	k__Fungi;p__Ascomycota;c__Dothideomycetes;o__Pleosporales;f__Phaeosphaeriaceae;g__Phaeosphaeria;s__Phaeosphaeria_sp	k__Fungi;p__Ascomycota;c__Dothideomycetes;o__Pleosporales;f__Phaeosphaeriaceae;g__Phaeosphaeria;s__Phaeosphaeria_typharum	overclassification	6
F1-REF	6	0	sortmerna	0.76:0.9:3:0.8:1.0	SH105804.07FU_JX407326_reps	k__Fungi;p__Basidiomycota;c__Agaricomycetes;o__Agaricales;f__Cortinariaceae;g__Cortinarius	k__Fungi;p__Basidiomycota;c__Agaricomycetes;o__Agaricales;f__Cortinariaceae;g__Cortinarius;s__Cortinarius_subbrunneus	match	6
F1-REF	6	0	sortmerna	0.76:0.9:3:0.8:1.0	SH079749.07FU_JX093786_refs	Unassigned	k__Fungi;p__Basidiomycota;c__Agaricomycetes;o__Hymenochaetales;f__Hymenochaetaceae;g__Fomitiporia;s__Fomitiporia_castilloi	underclassification	0
F1-REF	6	0	sortmerna	0.76:0.9:3:0.8:1.0	SH122671.07FU_EU520165_reps	k__Fungi;p__Ascomycota;c__Dothideomycetes;o__Botryosphaeriales;f__Botryosphaeriaceae;g__Phaeobotryon;s__Phaeobotryon_sp	k__Fungi;p__Ascomycota;c__Dothideomycetes;o__Botryosphaeriales;f__Botryosphaeriaceae;g__Phaeobotryon;s__Phaeobotryon_cupressi	overclassification	6
F1-REF	6	0	sortmerna	0.76:0.9:3:0.8:1.0	SH484841.07FU_JN168780_reps	k__Fungi;p__Basidiomycota;c__Agaricomycetes	k__Fungi;p__Basidiomycota;c__Agaricomycetes;o__Boletales;f__Boletaceae;g__Tylopilus;s__Tylopilus_vinaceipallidus	underclassification	3
F1-REF	6	0	sortmerna	0.76:0.9:3:0.8:1.0	SH110626.07FU_HF567937_reps	k__Fungi;p__Glomeromycota;c__Glomeromycetes;o__Diversisporales;f__Acaulosporaceae;g__Acaulospora;s__Acaulospora_sp	k__Fungi;p__Glomeromycota;c__Glomeromycetes;o__Diversisporales;f__Acaulosporaceae;g__Acaulospora;s__Acaulospora_tortuosa	overclassification	6
F1-REF	6	0	sortmerna	0.76:0.9:3:0.8:1.0	SH122396.07FU_KF849625_reps	Unassigned	k__Fungi;p__Glomeromycota;c__Glomeromycetes;o__Paraglomerales;f__Paraglomeraceae;g__Paraglomus;s__Paraglomus_occultum	underclassification	0
F1-REF	6	0	sortmerna	0.76:0.9:3:0.8:1.0	SH100533.07FU_DQ675574_refs	k__Fungi;p__Ascomycota;c__Sordariomycetes;o__Hypocreales;f__Clavicipitaceae	k__Fungi;p__Ascomycota;c__Sordariomycetes;o__Hypocreales;f__Clavicipitaceae;g__Epichloë;s__Epichloë_sibirici	underclassification	5
F1-REF	6	0	sortmerna	0.76:0.9:3:0.8:1.0	SH114089.07FU_DQ974727_reps	Unassigned	k__Fungi;p__Basidiomycota;c__Agaricomycetes;o__Agaricales;f__Hygrophoraceae;g__Hygrophorus;s__Hygrophorus_roseobrunneus	underclassification	0
F1-REF	6	0	sortmerna	0.76:0.9:3:0.8:1.0	SH091561.07FU_AY286194_reps	k__Fungi;p__Ascomycota;c__Pezizomycetes;o__Pezizales;f__Tuberaceae;g__Tuber;s__Tuber_aestivum	k__Fungi;p__Ascomycota;c__Pezizomycetes;o__Pezizales;f__Tuberaceae;g__Tuber;s__Tuber_uncinatum	overclassification	6
F1-REF	6	0	sortmerna	0.76:0.9:3:0.8:1.0	SH108796.07FU_DQ303042_reps	Unassigned	k__Fungi;p__Ascomycota;c__Dothideomycetes;o__Capnodiales;f__Mycosphaerellaceae;g__Phaeophleospora;s__Phaeophleospora_stramenti	underclassification	0
F1-REF	6	0	sortmerna	0.76:0.9:3:0.8:1.0	SH539489.07FU_KP012887_reps	Unassigned	k__Fungi;p__Basidiomycota;c__Agaricomycetes;o__Polyporales;f__Polyporaceae;g__Dichomitus;s__Dichomitus_sp	underclassification	0
F1-REF	6	0	sortmerna	0.76:0.9:3:0.8:1.0	SH079191.07FU_UDB000371_reps	k__Fungi;p__Basidiomycota;c__Agaricomycetes;o__Russulales;f__Russulaceae;g__Lactarius	k__Fungi;p__Basidiomycota;c__Agaricomycetes;o__Russulales;f__Russulaceae;g__Lactarius;s__Lactarius_scrobiculatus	match	6
F1-REF	6	0	sortmerna	0.76:0.9:3:0.8:1.0	SH099939.07FU_AY163553_reps	k__Fungi;p__Ascomycota	k__Fungi;p__Ascomycota;c__Eurotiomycetes;o__Chaetothyriales;f__Herpotrichiellaceae;g__Exophiala;s__Exophiala_jeanselmei	underclassification	2
F1-REF	6	0	sortmerna	0.76:0.9:3:0.8:1.0	SH547033.07FU_KU894641_reps	Unassigned	k__Fungi;p__Ascomycota;c__Lecanoromycetes;o__Pertusariales;f__Pertusariaceae;g__Pertusaria;s__Pertusaria_submultipuncta	underclassification	0
F1-REF	6	0	sortmerna	0.76:0.9:3:0.8:1.0	SH116344.07FU_AB683953_refs	k__Fungi;p__Ascomycota;c__Sordariomycetes;o__Xylariales;f__Amphisphaeriaceae	k__Fungi;p__Ascomycota;c__Sordariomycetes;o__Xylariales;f__Amphisphaeriaceae;g__Adisciso;s__Adisciso_kaki	underclassification	5
F1-REF	6	0	sortmerna	0.76:0.9:3:0.8:1.0	SH128251.07FU_KC209155_reps	k__Fungi;p__Ascomycota;c__Lecanoromycetes;o__Lecanorales;f__Stereocaulaceae;g__Lepraria;s__Lepraria_elobata	k__Fungi;p__Ascomycota;c__Lecanoromycetes;o__Lecanorales;f__Stereocaulaceae;g__Lepraria;s__Lepraria_humida	overclassification	6
F1-REF	6	0	sortmerna	0.76:0.9:3:0.8:1.0	SH091502.07FU_EF661224_refs	k__Fungi;p__Ascomycota;c__Eurotiomycetes;o__Eurotiales;f__Trichocomaceae;g__Aspergillus	k__Fungi;p__Ascomycota;c__Eurotiomycetes;o__Eurotiales;f__Trichocomaceae;g__Aspergillus;s__Aspergillus_ochraceoroseus	match	6
F1-REF	6	0	sortmerna	0.76:0.9:3:0.8:1.0	SH094892.07FU_JF950565_reps	Unassigned	k__Fungi;p__Basidiomycota;c__Agaricomycetes;o__Polyporales;f__Fomitopsidaceae;g__Postia;s__Postia_folliculocystidiata	underclassification	0
F1-REF	6	0	sortmerna	0.76:0.9:3:0.8:1.0	SH118168.07FU_AF097902_reps	Unassigned	k__Fungi;p__Ascomycota;c__Lecanoromycetes;o__Lecanorales;f__Parmeliaceae;g__Platismatia;s__Platismatia_tuckermanii	underclassification	0
F1-REF	6	0	sortmerna	0.76:0.9:3:0.8:1.0	SH079572.07FU_L54105_refs	k__Fungi;p__Basidiomycota;c__Agaricomycetes;o__Boletales;f__Suillaceae;g__Boletinus;s__Boletinus_asiaticus	k__Fungi;p__Basidiomycota;c__Agaricomycetes;o__Boletales;f__Suillaceae;g__Suillus;s__Suillus_cavipes	misclassification	5
F1-REF	6	0	sortmerna	0.76:0.9:3:0.8:1.0	SH092872.07FU_AF418629_reps	k__Fungi;p__Basidiomycota;c__Agaricomycetes;o__Russulales;f__Russulaceae;g__Russula	k__Fungi;p__Basidiomycota;c__Agaricomycetes;o__Russulales;f__Russulaceae;g__Russula;s__Russula_odorata	match	6
F1-REF	6	0	sortmerna	0.76:0.9:3:0.8:1.0	SH086478.07FU_KF432973_refs	k__Fungi;p__Basidiomycota;c__Agaricomycetes;o__Russulales;f__Russulaceae;g__Lactarius;s__Lactarius_sp	k__Fungi;p__Basidiomycota;c__Agaricomycetes;o__Russulales;f__Russulaceae;g__Lactarius;s__Lactarius_decipiens	overclassification	6
F1-REF	6	0	sortmerna	0.76:0.9:3:0.8:1.0	SH545237.07FU_KP744443_reps	k__Fungi;p__Basidiomycota;c__Agaricomycetes;o__Russulales;f__Russulaceae;g__Lactarius	k__Fungi;p__Basidiomycota;c__Agaricomycetes;o__Russulales;f__Russulaceae;g__Lactarius;s__Lactarius_atrobrunneus	match	6
F1-REF	6	0	sortmerna	0.76:0.9:3:0.8:1.0	SH089720.07FU_DQ309116_reps	k__Fungi;p__Basidiomycota;c__Cystobasidiomycetes;o__Cystobasidiales;f__Cystobasidiaceae;g__Occultifur;s__Occultifur_sp	k__Fungi;p__Basidiomycota;c__Agaricomycetes;o__Agaricales;f__Mycenaceae;g__Hemimycena;s__Hemimycena_sp	misclassification	2
F1-REF	6	0	sortmerna	0.76:0.9:3:0.8:1.0	SH124687.07FU_UDB011825_refs	Unassigned	k__Fungi;p__Basidiomycota;c__Agaricomycetes;o__Geastrales;f__Geastraceae;g__Geastrum;s__Geastrum_quadrifidum	underclassification	0
F1-REF	6	0	sortmerna	0.76:0.9:3:0.8:1.0	SH088228.07FU_UDB011779_refs	k__Fungi;p__Basidiomycota;c__Agaricomycetes;o__Agaricales;f__Physalacriaceae;g__Strobilurus;s__Strobilurus_conigenoides	k__Fungi;p__Basidiomycota;c__Agaricomycetes;o__Agaricales;f__Physalacriaceae;g__Strobilurus;s__Strobilurus_tenacellus	overclassification	6
F1-REF	6	0	sortmerna	0.76:0.9:3:0.8:1.0	SH126499.07FU_FM992398_refs	k__Fungi;p__Glomeromycota;c__Glomeromycetes;o__Glomerales;f__Glomeraceae;g__Rhizophagus;s__Rhizophagus_intraradices	k__Fungi;p__Glomeromycota;c__Glomeromycetes;o__Glomerales;f__Glomeraceae;g__Rhizophagus;s__Rhizophagus_prolifer	overclassification	6
F1-REF	6	0	sortmerna	0.76:0.9:3:0.8:1.0	SH091591.07FU_FN394617_reps	k__Fungi;p__Basidiomycota;c__Agaricomycetes;o__Agaricales;f__Mycenaceae;g__Mycena	k__Fungi;p__Basidiomycota;c__Agaricomycetes;o__Agaricales;f__Mycenaceae;g__Mycena;s__Mycena_diosma	match	6
F1-REF	6	0	sortmerna	0.76:0.9:3:0.8:1.0	SH083016.07FU_KF386752_refs	k__Fungi;p__Basidiomycota;c__Agaricomycetes;o__Russulales;f__Russulaceae;g__Russula	k__Fungi;p__Basidiomycota;c__Agaricomycetes;o__Russulales;f__Russulaceae;g__Russula;s__Russula_cantharellicola	match	6
F1-REF	6	0	sortmerna	0.76:0.9:3:0.8:1.0	SH130981.07FU_GU479354_reps	k__Fungi;p__Basidiomycota;c__Agaricomycetes;o__Agaricales;f__Strophariaceae;g__Hymenogaster	k__Fungi;p__Basidiomycota;c__Agaricomycetes;o__Agaricales;f__Strophariaceae;g__Hymenogaster;s__Hymenogaster_olivaceus	match	6
F1-REF	6	0	sortmerna	0.76:0.9:3:0.8:1.0	SH110279.07FU_KF376151_reps	k__Fungi;p__Ascomycota;c__Leotiomycetes;o__Helotiales;f__Dermateaceae;g__Pezicula	k__Fungi;p__Ascomycota;c__Leotiomycetes;o__Helotiales;f__Dermateaceae;g__Pezicula;s__Pezicula_frangulae	match	6
F1-REF	6	0	sortmerna	0.76:0.9:3:0.8:1.0	SH086268.07FU_JN102531_reps	k__Fungi;p__Basidiomycota;c__Agaricomycetes;o__Agaricales;f__Cortinariaceae;g__Phaeocollybia	k__Fungi;p__Basidiomycota;c__Agaricomycetes;o__Agaricales;f__Cortinariaceae;g__Phaeocollybia;s__Phaeocollybia_olivacea	match	6
F1-REF	6	0	sortmerna	0.76:0.9:3:0.8:1.0	SH123034.07FU_JF288802_reps	Unassigned	k__Fungi;p__Ascomycota;c__Lecanoromycetes;o__Lecanorales;f__Cladoniaceae;g__Cladonia;s__Cladonia_turgida	underclassification	0
F1-REF	6	0	sortmerna	0.76:0.9:3:0.8:1.0	SH134715.07FU_JX454808_reps	k__Fungi;p__Basidiomycota;c__Agaricomycetes	k__Fungi;p__Basidiomycota;c__Agaricomycetes;o__Agaricales;f__Entolomataceae;g__Entoloma;s__Entoloma_conicosericeum	underclassification	3
F1-REF	6	0	sortmerna	0.76:0.9:3:0.8:1.0	SH539745.07FU_KP739266_reps	Unassigned	k__Fungi;p__Basidiomycota;c__Agaricomycetes;o__Boletales;f__Boletaceae;g__Boletus;s__Boletus_kauffmanii	underclassification	0
F1-REF	6	0	sortmerna	0.76:0.9:3:0.8:1.0	SH082665.07FU_AY611079_reps	k__Fungi;p__Ascomycota;c__Lecanoromycetes;o__Lecanorales;f__Parmeliaceae	k__Fungi;p__Ascomycota;c__Lecanoromycetes;o__Lecanorales;f__Parmeliaceae;g__Melanohalea;s__Melanohalea_elegantula	underclassification	5
F1-REF	6	0	sortmerna	0.76:0.9:3:0.8:1.0	SH097364.07FU_EU623685_refs	k__Fungi;p__Basidiomycota;c__Agaricomycetes;o__Agaricales;f__Marasmiaceae;g__Megacollybia;s__Megacollybia_platyphylla	k__Fungi;p__Basidiomycota;c__Agaricomycetes;o__Agaricales;f__Marasmiaceae;g__Megacollybia;s__Megacollybia_marginata	overclassification	6
F1-REF	6	0	sortmerna	0.76:0.9:3:0.8:1.0	SH110257.07FU_KF376144_reps	k__Fungi;p__Ascomycota;c__Leotiomycetes;o__Helotiales;f__Dermateaceae;g__Pezicula	k__Fungi;p__Ascomycota;c__Leotiomycetes;o__Helotiales;f__Dermateaceae;g__Pezicula;s__Pezicula_eucrita	match	6
F1-REF	6	0	sortmerna	0.76:0.9:3:0.8:1.0	SH538638.07FU_KJ862387_refs	k__Fungi;p__Basidiomycota;c__Pucciniomycetes;o__Pucciniales;f__Raveneliaceae;g__Endoraecium;s__Endoraecium_irroratum	k__Fungi;p__Basidiomycota;c__Pucciniomycetes;o__Pucciniales;f__Raveneliaceae;g__Endoraecium;s__Endoraecium_podalyriifolium	overclassification	6
F1-REF	6	0	sortmerna	0.76:0.9:3:0.8:1.0	SH096555.07FU_KJ146730_reps	k__Fungi;p__Basidiomycota;c__Agaricomycetes;o__Russulales;f__Russulaceae;g__Russula	k__Fungi;p__Basidiomycota;c__Agaricomycetes;o__Russulales;f__Russulaceae;g__Russula;s__Russula_favrei	match	6
F1-REF	6	0	sortmerna	0.76:0.9:3:0.8:1.0	SH097758.07FU_AB115036_reps	Unassigned	k__Fungi;p__Basidiomycota;c__Agaricomycetes;o__Agaricales;f__Pleurotaceae;g__Pleurotus;s__Pleurotus_cystidiosus	underclassification	0
F1-REF	6	0	sortmerna	0.76:0.9:3:0.8:1.0	SH086875.07FU_AF358233_refs	k__Fungi;p__Ascomycota;c__Sordariomycetes;o__Hypocreales;f__Bionectriaceae;g__Bionectria;s__Bionectria_zelandiae-novae	k__Fungi;p__Ascomycota;c__Sordariomycetes;o__Hypocreales;f__Bionectriaceae;g__Clonostachys;s__Clonostachys_rosea	misclassification	5
F1-REF	6	0	sortmerna	0.76:0.9:3:0.8:1.0	SH540934.07FU_KT354924_reps	Unassigned	k__Fungi;p__Basidiomycota;c__Agaricomycetes;o__Cantharellales;f__Clavulinaceae;g__Multiclavula;s__Multiclavula_calocera	underclassification	0
F1-REF	6	0	sortmerna	0.76:0.9:3:0.8:1.0	SH112646.07FU_KC732728_reps	k__Fungi;p__Ascomycota;c__Lecanoromycetes;o__Peltigerales;f__Lobariaceae;g__Sticta	k__Fungi;p__Ascomycota;c__Lecanoromycetes;o__Peltigerales;f__Lobariaceae;g__Sticta;s__Sticta_subscrobiculata	match	6
F1-REF	6	0	sortmerna	0.76:0.9:3:0.8:1.0	SH101764.07FU_AB498940_refs	k__Fungi;p__Ascomycota;c__Leotiomycetes;o__Erysiphales;f__Erysiphaceae;g__Neoerysiphe	k__Fungi;p__Ascomycota;c__Leotiomycetes;o__Erysiphales;f__Erysiphaceae;g__Neoerysiphe;s__Neoerysiphe_galeopsidis	match	6
F1-REF	6	0	sortmerna	0.76:0.9:3:0.8:1.0	SH119974.07FU_HQ599419_reps	k__Fungi;p__Ascomycota;c__Eurotiomycetes;o__Pyrenulales;f__Massariaceae;g__Massaria;s__Massaria_mediterranea	k__Fungi;p__Ascomycota;c__Eurotiomycetes;o__Pyrenulales;f__Massariaceae;g__Massaria;s__Massaria_platanoidea	overclassification	6
F1-REF	6	0	sortmerna	0.76:0.9:3:0.8:1.0	SH081530.07FU_UDB016633_reps	Unassigned	k__Fungi;p__Basidiomycota;c__Agaricomycetes;o__Agaricales;f__Mycenaceae;g__Mycena;s__Mycena_alba	underclassification	0
F1-REF	6	0	sortmerna	0.76:0.9:3:0.8:1.0	SH540936.07FU_LT000106_reps	k__Fungi;p__Basidiomycota;c__Agaricomycetes;o__Agaricales;f__Tricholomataceae;g__Tricholoma;s__Tricholoma_equestre	k__Fungi;p__Basidiomycota;c__Agaricomycetes;o__Agaricales;f__Tricholomataceae;g__Tricholoma;s__Tricholoma_joachimii	overclassification	6
F1-REF	6	0	sortmerna	0.76:0.9:3:0.8:1.0	SH107609.07FU_JF263461_refs	Unassigned	k__Fungi;p__Basidiomycota;c__Pucciniomycetes;o__Pucciniales;f__Uropyxidaceae;g__Dasyspora;s__Dasyspora_echinata	underclassification	0
F1-REF	6	0	sortmerna	0.76:0.9:3:0.8:1.0	SH093802.07FU_AY854975_reps	k__Fungi;p__Basidiomycota;c__Exobasidiomycetes;o__Entylomatales;f__Entylomataceae;g__Entyloma	k__Fungi;p__Basidiomycota;c__Exobasidiomycetes;o__Entylomatales;f__Entylomataceae;g__Entyloma;s__Entyloma_dahliae	match	6
F1-REF	6	0	sortmerna	0.76:0.9:3:0.8:1.0	SH119566.07FU_FJ998405_reps	Unassigned	k__Fungi;p__Basidiomycota;c__Agaricomycetes;o__Agaricales;f__Agaricaceae;g__Lepiota;s__Lepiota_parvannulata	underclassification	0
F1-REF	6	0	sortmerna	0.76:0.9:3:0.8:1.0	SH542819.07FU_KU127238_reps	Unassigned	k__Fungi;p__Basidiomycota;c__Pucciniomycetes;o__Pucciniales;f__Pucciniaceae;g__Puccinia;s__Puccinia_hieracii	underclassification	0
F1-REF	6	0	sortmerna	0.76:0.9:3:0.8:1.0	SH121111.07FU_JQ836559_refs	Unassigned	k__Fungi;p__Ascomycota;c__Pezizomycetes;o__Pezizales;f__Pyronemataceae;g__Tricharina;s__Tricharina_praecox	underclassification	0
F1-REF	6	0	sortmerna	0.76:0.9:3:0.8:1.0	SH087220.07FU_UDB003132_refs	k__Fungi;p__Basidiomycota;c__Agaricomycetes;o__Agaricales;f__Agaricaceae	k__Fungi;p__Basidiomycota;c__Agaricomycetes;o__Agaricales;f__Agaricaceae;g__Cystoderma;s__Cystoderma_japonicum	underclassification	5
F1-REF	6	0	sortmerna	0.76:0.9:3:0.8:1.0	SH132067.07FU_UDB018233_refs	k__Fungi;p__Basidiomycota;c__Agaricomycetes;o__Agaricales;f__Strophariaceae;g__Pholiota;s__Pholiota_mixta	k__Fungi;p__Basidiomycota;c__Agaricomycetes;o__Agaricales;f__Strophariaceae;g__Pholiota;s__Pholiota_lubrica	overclassification	6
F1-REF	6	0	sortmerna	0.76:0.9:3:0.8:1.0	SH110785.07FU_UDB004532_reps	k__Fungi;p__Basidiomycota;c__Agaricomycetes;o__Russulales;f__Russulaceae;g__Lactarius;s__Lactarius_sp	k__Fungi;p__Basidiomycota;c__Agaricomycetes;o__Russulales;f__Russulaceae;g__Lactifluus;s__Lactifluus_longipes	misclassification	5
F1-REF	6	0	sortmerna	0.76:0.9:3:0.8:1.0	SH117314.07FU_EU254776_reps	k__Fungi;p__Ascomycota;c__Sordariomycetes;o__Diaporthales;f__Gnomoniaceae	k__Fungi;p__Ascomycota;c__Sordariomycetes;o__Diaporthales;f__Gnomoniaceae;g__Gnomonia;s__Gnomonia_betulina	underclassification	5
F1-REF	6	0	sortmerna	0.76:0.9:3:0.8:1.0	SH539532.07FU_KP109695_reps	k__Fungi;p__Ascomycota;c__Leotiomycetes;o__Erysiphales;f__Erysiphaceae;g__Erysiphe	k__Fungi;p__Ascomycota;c__Leotiomycetes;o__Erysiphales;f__Erysiphaceae;g__Erysiphe;s__Erysiphe_limonii	match	6
F1-REF	6	0	sortmerna	0.76:0.9:3:0.8:1.0	SH132834.07FU_FN396129_reps	k__Fungi;p__Basidiomycota;c__Agaricomycetes;o__Agaricales;f__Psathyrellaceae;g__Psathyrella	k__Fungi;p__Basidiomycota;c__Agaricomycetes;o__Agaricales;f__Psathyrellaceae;g__Psathyrella;s__Psathyrella_phegophila	match	6
F1-REF	6	0	sortmerna	0.76:0.9:3:0.8:1.0	SH104008.07FU_GQ479361_reps	k__Fungi;p__Basidiomycota;c__Pucciniomycetes;o__Pucciniales;f__Melampsoraceae;g__Melampsora	k__Fungi;p__Basidiomycota;c__Pucciniomycetes;o__Pucciniales;f__Melampsoraceae;g__Melampsora;s__Melampsora_occidentalis	match	6
F1-REF	6	0	sortmerna	0.76:0.9:3:0.8:1.0	SH078707.07FU_KC571741_reps	Unassigned	k__Fungi;p__Basidiomycota;c__Agaricomycetes;o__Thelephorales;f__Bankeraceae;g__Hydnellum;s__Hydnellum_spongiosipes	underclassification	0
F1-REF	6	0	sortmerna	0.76:0.9:3:0.8:1.0	SH124854.07FU_FJ639142_reps	k__Fungi	k__Fungi;p__Ascomycota;c__Arthoniomycetes;o__Arthoniales;f__Roccellaceae;g__Roccella;s__Roccella_verruculosa	underclassification	1
F1-REF	6	0	sortmerna	0.76:0.9:3:0.8:1.0	SH094348.07FU_FJ039708_reps	k__Fungi;p__Basidiomycota;c__Agaricomycetes;o__Agaricales;f__Cortinariaceae;g__Cortinarius	k__Fungi;p__Basidiomycota;c__Agaricomycetes;o__Agaricales;f__Cortinariaceae;g__Cortinarius;s__Cortinarius_hinnuleus	match	6
F1-REF	6	0	sortmerna	0.76:0.9:3:0.8:1.0	SH080482.07FU_HQ604750_reps	k__Fungi;p__Basidiomycota;c__Agaricomycetes;o__Agaricales;f__Strophariaceae;g__Leratiomyces;s__Leratiomyces_erythrocephalus	k__Fungi;p__Basidiomycota;c__Agaricomycetes;o__Agaricales;f__Strophariaceae;g__Leratiomyces;s__Leratiomyces_ceres	overclassification	6
F1-REF	6	0	sortmerna	0.76:0.9:3:0.8:1.0	SH126336.07FU_AF118140_refs	k__Fungi;p__Ascomycota;c__Sordariomycetes;o__Diaporthales;f__Togniniaceae;g__Phaeoacremonium	k__Fungi;p__Ascomycota;c__Sordariomycetes;o__Diaporthales;f__Togniniaceae;g__Phaeoacremonium;s__Phaeoacremonium_inflatipes	match	6
F1-REF	6	0	sortmerna	0.76:0.9:3:0.8:1.0	SH126446.07FU_AF394010_reps	k__Fungi;p__Ascomycota;c__Sordariomycetes	k__Fungi;p__Ascomycota;c__Pezizomycetes;o__Pezizales;f__Sarcoscyphaceae;g__Cookeina;s__Cookeina_speciosa	misclassification	2
F1-REF	6	0	sortmerna	0.76:0.9:3:0.8:1.0	SH134894.07FU_AB747662_refs	k__Fungi;p__Ascomycota;c__Saccharomycetes;o__Saccharomycetales;f__Lipomycetaceae;g__Lipomyces	k__Fungi;p__Ascomycota;c__Saccharomycetes;o__Saccharomycetales;f__Lipomycetaceae;g__Lipomyces;s__Lipomyces_yamadae	match	6
F1-REF	6	0	sortmerna	0.76:0.9:3:0.8:1.0	SH095146.07FU_AY302495_reps	k__Fungi;p__Basidiomycota;c__Pucciniomycetes;o__Pucciniales;f__Pucciniaceae;g__Puccinia;s__Puccinia_allii	k__Fungi;p__Basidiomycota;c__Pucciniomycetes;o__Pucciniales;f__Pucciniaceae;g__Uromyces;s__Uromyces_reichertii	misclassification	5
F1-REF	6	0	sortmerna	0.76:0.9:3:0.8:1.0	SH101733.07FU_UDB001408_refs	Unassigned	k__Fungi;p__Ascomycota;c__Pezizomycetes;o__Pezizales;f__Pyronemataceae;g__Genea;s__Genea_hispidula	underclassification	0
F1-REF	6	0	sortmerna	0.76:0.9:3:0.8:1.0	SH094296.07FU_GU817100_reps	k__Fungi;p__Basidiomycota;c__Agaricomycetes;o__Agaricales;f__Cortinariaceae;g__Cortinarius	k__Fungi;p__Basidiomycota;c__Agaricomycetes;o__Agaricales;f__Cortinariaceae;g__Cortinarius;s__Cortinarius_vernus	match	6
F1-REF	6	0	sortmerna	0.76:0.9:3:0.8:1.0	SH085381.07FU_JF419897_refs	Unassigned	k__Fungi;p__Ascomycota;c__Dothideomycetes;o__Pleosporales;f__Lindgomycetaceae;g__Lindgomyces;s__Lindgomyces_breviappendiculatus	underclassification	0
F1-REF	6	0	sortmerna	0.76:0.9:3:0.8:1.0	SH108174.07FU_JQ861737_reps	Unassigned	k__Fungi;p__Basidiomycota;c__Agaricomycetes;o__Polyporales;f__Polyporaceae;g__Perenniporia;s__Perenniporia_contraria	underclassification	0
F1-REF	6	0	sortmerna	0.76:0.9:3:0.8:1.0	SH087764.07FU_FJ860053_reps	Unassigned	k__Fungi;p__Basidiomycota;c__Agaricomycetes;o__Hymenochaetales;f__Hymenochaetaceae;g__Inonotus;s__Inonotus_rickii	underclassification	0
F1-REF	6	0	sortmerna	0.76:0.9:3:0.8:1.0	SH127999.07FU_HM485386_reps	k__Fungi;p__Ascomycota;c__Pezizomycetes;o__Pezizales;f__Tuberaceae;g__Tuber	k__Fungi;p__Ascomycota;c__Pezizomycetes;o__Pezizales;f__Tuberaceae;g__Tuber;s__Tuber_separans	match	6
F1-REF	6	0	sortmerna	0.76:0.9:3:0.8:1.0	SH134285.07FU_KC305465_reps	Unassigned	k__Fungi;p__Basidiomycota;c__Agaricomycetes;o__Agaricales;f__Inocybaceae;g__Inocybe;s__Inocybe_fibrillosibrunnea	underclassification	0
F1-REF	6	0	sortmerna	0.76:0.9:3:0.8:1.0	SH135371.07FU_KF732278_refs	k__Fungi;p__Basidiomycota;c__Agaricomycetes;o__Agaricales;f__Cortinariaceae;g__Cortinarius	k__Fungi;p__Basidiomycota;c__Agaricomycetes;o__Agaricales;f__Cortinariaceae;g__Cortinarius;s__Cortinarius_chromataphilus	match	6
F1-REF	6	0	sortmerna	0.76:0.9:3:0.8:1.0	SH089763.07FU_Z54113_reps	Unassigned	k__Fungi;p__Ascomycota;c__Sordariomycetes;o__Hypocreales;f__Ophiocordycipitaceae;g__Tolypocladium;s__Tolypocladium_nubicola	underclassification	0
F1-REF	6	0	sortmerna	0.76:0.9:3:0.8:1.0	SH086560.07FU_EU515871_refs	Unassigned	k__Fungi;p__Ascomycota;c__Saccharomycetes;o__Saccharomycetales;f__Saccharomycetaceae;g__Vanderwaltozyma;s__Vanderwaltozyma_verrucispora	underclassification	0
F1-REF	6	0	sortmerna	0.76:0.9:3:0.8:1.0	SH087041.07FU_JQ666054_refs	k__Fungi;p__Ascomycota;c__Sordariomycetes;o__Hypocreales;f__Nectriaceae	k__Fungi;p__Ascomycota;c__Sordariomycetes;o__Hypocreales;f__Nectriaceae;g__Gliocladiopsis;s__Gliocladiopsis_elghollii	underclassification	5
F1-REF	6	0	sortmerna	0.76:0.9:3:0.8:1.0	SH133261.07FU_UDB011703_refs	k__Fungi;p__Basidiomycota;c__Agaricomycetes;o__Agaricales;f__Mycenaceae;g__Mycena	k__Fungi;p__Basidiomycota;c__Agaricomycetes;o__Agaricales;f__Mycenaceae;g__Mycena;s__Mycena_vulgaris	match	6
F1-REF	6	0	sortmerna	0.76:0.9:3:0.8:1.0	SH103944.07FU_JQ760786_reps	Unassigned	k__Fungi;p__Ascomycota;c__Sordariomycetes;o__Xylariales;f__Xylariaceae;g__Hypoxylon;s__Hypoxylon_perforatum	underclassification	0
F1-REF	6	0	sortmerna	0.76:0.9:3:0.8:1.0	SH130379.07FU_JF908748_refs	k__Fungi;p__Basidiomycota;c__Agaricomycetes;o__Agaricales;f__Lyophyllaceae	k__Fungi;p__Basidiomycota;c__Agaricomycetes;o__Agaricales;f__Tricholomataceae;g__Ripartites;s__Ripartites_metrodii	misclassification	4
F1-REF	6	0	sortmerna	0.76:0.9:3:0.8:1.0	SH087504.07FU_UDB015377_refs	k__Fungi;p__Basidiomycota;c__Agaricomycetes;o__Agaricales;f__Marasmiaceae;g__Marasmius;s__Marasmius_nigrodiscus	k__Fungi;p__Basidiomycota;c__Agaricomycetes;o__Agaricales;f__Marasmiaceae;g__Marasmius;s__Marasmius_oreades	overclassification	6
F1-REF	6	0	sortmerna	0.76:0.9:3:0.8:1.0	SH087521.07FU_JX271818_refs	k__Fungi;p__Basidiomycota;c__Agaricomycetes;o__Thelephorales;f__Bankeraceae;g__Sarcodon;s__Sarcodon_imbricatus	k__Fungi;p__Basidiomycota;c__Agaricomycetes;o__Thelephorales;f__Bankeraceae;g__Sarcodon;s__Sarcodon_quercinofibulatus	overclassification	6
F1-REF	6	0	sortmerna	0.76:0.9:3:0.8:1.0	SH115380.07FU_JQ301699_refs	k__Fungi;p__Ascomycota	k__Fungi;p__Ascomycota;c__Lecanoromycetes;o__Lecanorales;f__Parmeliaceae;g__Cetraria;s__Cetraria_islandica	underclassification	2
F1-REF	6	0	sortmerna	0.76:0.9:3:0.8:1.0	SH079202.07FU_EF141539_refs	k__Fungi;p__Basidiomycota;c__Agaricomycetes;o__Russulales;f__Russulaceae;g__Lactarius	k__Fungi;p__Basidiomycota;c__Agaricomycetes;o__Russulales;f__Russulaceae;g__Lactarius;s__Lactarius_alboscrobiculatus	match	6
F1-REF	6	0	sortmerna	0.76:0.9:3:0.8:1.0	SH079394.07FU_JN102378_reps	k__Fungi;p__Ascomycota;c__Pezizomycetes;o__Pezizales;f__Tuberaceae;g__Tuber	k__Fungi;p__Ascomycota;c__Pezizomycetes;o__Pezizales;f__Tuberaceae;g__Tuber;s__Tuber_sp	match	6
F1-REF	6	0	sortmerna	0.76:0.9:3:0.8:1.0	SH091479.07FU_EF652428_refs	k__Fungi;p__Ascomycota;c__Eurotiomycetes;o__Eurotiales;f__Trichocomaceae;g__Aspergillus	k__Fungi;p__Ascomycota;c__Eurotiomycetes;o__Eurotiales;f__Trichocomaceae;g__Aspergillus;s__Aspergillus_caespitosus	match	6
F1-REF	6	0	sortmerna	0.76:0.9:3:0.8:1.0	SH100689.07FU_AY969592_reps	k__Fungi;p__Ascomycota;c__Lecanoromycetes;o__Lecanorales;f__Parmeliaceae;g__Parmotrema	k__Fungi;p__Ascomycota;c__Lecanoromycetes;o__Lecanorales;f__Parmeliaceae;g__Parmotrema;s__Parmotrema_hypotrypum	match	6
F1-REF	6	0	sortmerna	0.76:0.9:3:0.8:1.0	SH083745.07FU_EU686862_reps	k__Fungi;p__Ascomycota;c__Sordariomycetes;o__Hypocreales;f__Clavicipitaceae;g__Claviceps;s__Claviceps_sp	k__Fungi;p__Ascomycota;c__Sordariomycetes;o__Sordariales;f__Chaetomiaceae;g__Chaetomium;s__Chaetomium_sp	misclassification	3
F1-REF	6	0	sortmerna	0.76:0.9:3:0.8:1.0	SH132977.07FU_JF908169_reps	Unassigned	k__Fungi;p__Basidiomycota;c__Agaricomycetes;o__Agaricales;f__Inocybaceae;g__Inocybe;s__Inocybe_ochroalba	underclassification	0
F1-REF	6	0	sortmerna	0.76:0.9:3:0.8:1.0	SH101734.07FU_JN197701_reps	Unassigned	k__Fungi;p__Ascomycota;c__Pezizomycetes;o__Pezizales;f__Pyronemataceae;g__Genea;s__Genea_arenaria	underclassification	0
F1-REF	6	0	sortmerna	0.76:0.9:3:0.8:1.0	SH120775.07FU_FJ436331_refs	k__Fungi;p__Basidiomycota;c__Agaricomycetes;o__Trechisporales;f__Hydnodontaceae;g__Sistotremastrum;s__Sistotremastrum_sp	k__Fungi;p__Basidiomycota;c__Agaricomycetes;o__Agaricales;f__Inocybaceae;g__Inocybe;s__Inocybe_luteifolia	misclassification	3
F1-REF	6	0	sortmerna	0.76:0.9:3:0.8:1.0	SH085726.07FU_EU045440_reps	Unassigned	k__Fungi;p__Ascomycota;c__Lecanoromycetes;o__Teloschistales;f__Physciaceae;g__Physcia;s__Physcia_orientalis	underclassification	0
F1-REF	6	0	sortmerna	0.76:0.9:3:0.8:1.0	SH093185.07FU_JQ724431_reps	k__Fungi;p__Ascomycota;c__Dothideomycetes;o__Pleosporales;f__Pleosporaceae;g__Curvularia;s__Curvularia_inaequalis	k__Fungi;p__Ascomycota;c__Dothideomycetes;o__Pleosporales;f__Pleosporaceae;g__Curvularia;s__Curvularia_eragrostidis	overclassification	6
F1-REF	6	0	sortmerna	0.76:0.9:3:0.8:1.0	SH082701.07FU_HQ680615_reps	Unassigned	k__Fungi;p__Ascomycota;c__Lecanoromycetes;o__Lecanorales;f__Parmeliaceae;g__Hypogymnia;s__Hypogymnia_antarctica	underclassification	0
F1-REF	6	0	sortmerna	0.76:0.9:3:0.8:1.0	SH132804.07FU_DQ389711_refs	k__Fungi;p__Basidiomycota;c__Agaricomycetes;o__Agaricales;f__Psathyrellaceae;g__Psathyrella	k__Fungi;p__Basidiomycota;c__Agaricomycetes;o__Agaricales;f__Psathyrellaceae;g__Psathyrella;s__Psathyrella_obtusata	match	6
F1-REF	6	0	sortmerna	0.76:0.9:3:0.8:1.0	SH096743.07FU_EU232180_reps	k__Fungi;p__Basidiomycota;c__Agaricomycetes;o__Gloeophyllales;f__Gloeophyllaceae;g__Veluticeps;s__Veluticeps_sp	k__Fungi;p__Basidiomycota;c__Agaricomycetes;o__Polyporales;f__Fomitopsidaceae;g__Antrodia;s__Antrodia_lalashana	misclassification	3
F1-REF	6	0	sortmerna	0.76:0.9:3:0.8:1.0	SH093806.07FU_AY854964_reps	k__Fungi;p__Basidiomycota;c__Exobasidiomycetes;o__Entylomatales;f__Entylomataceae;g__Entyloma	k__Fungi;p__Basidiomycota;c__Exobasidiomycetes;o__Entylomatales;f__Entylomataceae;g__Entyloma;s__Entyloma_arnicale	match	6
F1-REF	6	0	sortmerna	0.76:0.9:3:0.8:1.0	SH087514.07FU_AY046156_refs	Unassigned	k__Fungi;p__Ascomycota;c__Saccharomycetes;o__Saccharomycetales;f__Saccharomycetaceae;g__Kazachstania;s__Kazachstania_transvaalensis	underclassification	0
F1-REF	6	0	sortmerna	0.76:0.9:3:0.8:1.0	SH080752.07FU_FJ860755_refs	k__Fungi;p__Ascomycota;c__Sordariomycetes;o__Hypocreales;f__Hypocreaceae;g__Trichoderma	k__Fungi;p__Ascomycota;c__Sordariomycetes;o__Hypocreales;f__Hypocreaceae;g__Trichoderma;s__Trichoderma_fomiticola	match	6
F1-REF	6	0	sortmerna	0.76:0.9:3:0.8:1.0	SH128238.07FU_JQ070289_reps	Unassigned	k__Fungi;p__Ascomycota;c__Lecanoromycetes;o__Lecanorales;f__Stereocaulaceae;g__Lepraria;s__Lepraria_harrisiana	underclassification	0
F1-REF	6	0	sortmerna	0.76:0.9:3:0.8:1.0	SH122369.07FU_AB278163_reps	Unassigned	k__Fungi;p__Ascomycota;c__Saccharomycetes;o__Saccharomycetales;f__Pichiaceae;g__Pichia;s__Pichia_norvegensis	underclassification	0
F1-REF	6	0	sortmerna	0.76:0.9:3:0.8:1.0	SH543494.07FU_KM243647_reps	k__Fungi;p__Ascomycota;c__Lecanoromycetes;o__Peltigerales;f__Collemataceae;g__Leptogium;s__Leptogium_sp	k__Fungi;p__Ascomycota;c__Pezizomycetes;o__Pezizales;f__Helvellaceae;g__Balsamia;s__Balsamia_vulgaris	misclassification	2
F1-REF	6	0	sortmerna	0.76:0.9:3:0.8:1.0	SH087573.07FU_EF530941_reps	k__Fungi;p__Basidiomycota;c__Agaricomycetes;o__Boletales;f__Gomphidiaceae;g__Gomphidius	k__Fungi;p__Basidiomycota;c__Agaricomycetes;o__Boletales;f__Gomphidiaceae;g__Gomphidius;s__Gomphidius_smithii	match	6
F1-REF	6	0	sortmerna	0.76:0.9:3:0.8:1.0	SH100612.07FU_AF492080_reps	k__Fungi;p__Ascomycota;c__Taphrinomycetes;o__Taphrinales;f__Taphrinaceae;g__Taphrina	k__Fungi;p__Ascomycota;c__Taphrinomycetes;o__Taphrinales;f__Taphrinaceae;g__Taphrina;s__Taphrina_carnea	match	6
F1-REF	6	0	sortmerna	0.76:0.9:3:0.8:1.0	SH093382.07FU_FJ860770_refs	k__Fungi;p__Ascomycota;c__Sordariomycetes;o__Hypocreales;f__Hypocreaceae;g__Trichoderma	k__Fungi;p__Ascomycota;c__Sordariomycetes;o__Hypocreales;f__Hypocreaceae;g__Trichoderma;s__Trichoderma_longipilis	match	6
F1-REF	6	0	sortmerna	0.76:0.9:3:0.8:1.0	SH094026.07FU_JX310844_reps	k__Fungi;p__Basidiomycota;c__Agaricomycetes;o__Polyporales;f__Ganodermataceae	k__Fungi;p__Basidiomycota;c__Agaricomycetes;o__Polyporales;f__Ganodermataceae;g__Amauroderma;s__Amauroderma_elegantissimum	underclassification	5
F1-REF	6	0	sortmerna	0.76:0.9:3:0.8:1.0	SH134928.07FU_GQ383691_reps	k__Fungi;p__Basidiomycota;c__Agaricomycetes;o__Agaricales	k__Fungi;p__Basidiomycota;c__Agaricomycetes;o__Agaricales;f__Lyophyllaceae;g__Termitomyces;s__Termitomyces_striatus	underclassification	4
F1-REF	6	0	sortmerna	0.76:0.9:3:0.8:1.0	SH131359.07FU_JQ677051_refs	k__Fungi;p__Basidiomycota;c__Agaricomycetes;o__Cantharellales;f__Clavulinaceae;g__Clavulina;s__Clavulina_samuelsii	k__Fungi;p__Basidiomycota;c__Agaricomycetes;o__Cantharellales;f__Clavulinaceae;g__Clavulina;s__Clavulina_pakaraimensis	overclassification	6
F1-REF	6	0	sortmerna	0.76:0.9:3:0.8:1.0	SH132835.07FU_KC992903_refs	k__Fungi;p__Basidiomycota;c__Agaricomycetes;o__Agaricales;f__Psathyrellaceae;g__Psathyrella	k__Fungi;p__Basidiomycota;c__Agaricomycetes;o__Agaricales;f__Psathyrellaceae;g__Psathyrella;s__Psathyrella_fennoscandica	match	6
F1-REF	6	0	sortmerna	0.76:0.9:3:0.8:1.0	SH105159.07FU_DQ309069_refs	k__Fungi;p__Basidiomycota;c__Agaricomycetes;o__Polyporales;f__Meruliaceae;g__Hypochnicium	k__Fungi;p__Basidiomycota;c__Agaricomycetes;o__Polyporales;f__Meruliaceae;g__Hypochnicium;s__Hypochnicium_lyndoniae	match	6
F1-REF	6	0	sortmerna	0.76:0.9:3:0.8:1.0	SH543016.07FU_KP257116_reps	k__Fungi;p__Basidiomycota;c__Tremellomycetes;o__Cystofilobasidiales;f__Cystofilobasidiaceae;g__Cystofilobasidium;s__Cystofilobasidium_intermedium	k__Fungi;p__Basidiomycota;c__Agaricomycetes;o__Agaricales;f__Clavariaceae;g__Clavaria;s__Clavaria_falcata	misclassification	2
F1-REF	6	0	sortmerna	0.76:0.9:3:0.8:1.0	SH536506.07FU_KT820104_reps	Unassigned	k__Fungi;p__Ascomycota;c__Eurotiomycetes;o__Pyrenulales;f__Pyrenulaceae;g__Pyrenula;s__Pyrenula_quassiicola	underclassification	0
F1-REF	6	0	sortmerna	0.76:0.9:3:0.8:1.0	SH077439.07FU_UDB013419_reps	k__Fungi;p__Basidiomycota;c__Agaricomycetes	k__Fungi;p__Basidiomycota;c__Agaricomycetes;o__Gomphales;f__Clavariadelphaceae;g__Clavariadelphus;s__Clavariadelphus_sp	underclassification	3
F1-REF	6	0	sortmerna	0.76:0.9:3:0.8:1.0	SH133914.07FU_UDB019694_refs	Unassigned	k__Fungi;p__Basidiomycota;c__Agaricomycetes;o__Agaricales;f__Entolomataceae;g__Entoloma;s__Entoloma_incanum	underclassification	0
F1-REF	6	0	sortmerna	0.76:0.9:3:0.8:1.0	SH118134.07FU_AY586576_reps	k__Fungi;p__Ascomycota;c__Lecanoromycetes;o__Lecanorales;f__Parmeliaceae;g__Parmotrema	k__Fungi;p__Ascomycota;c__Lecanoromycetes;o__Lecanorales;f__Parmeliaceae;g__Parmotrema;s__Parmotrema_cetratum	match	6
F1-REF	6	0	sortmerna	0.76:0.9:3:0.8:1.0	SH117482.07FU_KJ133465_reps	k__Fungi;p__Ascomycota;c__Lecanoromycetes;o__Teloschistales;f__Teloschistaceae;g__Gondwania;s__Gondwania_regalis	k__Fungi;p__Ascomycota;c__Lecanoromycetes;o__Teloschistales;f__Teloschistaceae;g__Gondwania;s__Gondwania_sejongensis	overclassification	6
F1-REF	6	0	sortmerna	0.76:0.9:3:0.8:1.0	SH085057.07FU_AB018043_refs	k__Fungi;p__Ascomycota;c__Saccharomycetes;o__Saccharomycetales;f__Saccharomycetaceae;g__Saccharomyces	k__Fungi;p__Ascomycota;c__Saccharomycetes;o__Saccharomycetales;f__Saccharomycetaceae;g__Saccharomyces;s__Saccharomyces_cerevisiae	match	6
F1-REF	6	0	sortmerna	0.76:0.9:3:0.8:1.0	SH108795.07FU_DQ303037_reps	Unassigned	k__Fungi;p__Ascomycota;c__Dothideomycetes;o__Capnodiales;f__Mycosphaerellaceae;g__Mycosphaerella;s__Mycosphaerella_sp	underclassification	0
F1-REF	6	0	sortmerna	0.76:0.9:3:0.8:1.0	SH089228.07FU_UDB016369_refs	k__Fungi;p__Basidiomycota;c__Agaricomycetes;o__Thelephorales;f__Thelephoraceae;g__Tomentella;s__Tomentella_sp	k__Fungi;p__Basidiomycota;c__Agaricomycetes;o__Thelephorales;f__Thelephoraceae;g__Tomentella;s__Tomentella_terrestris	overclassification	6
F1-REF	6	0	sortmerna	0.76:0.9:3:0.8:1.0	SH131576.07FU_UDB011580_refs	Unassigned	k__Fungi;p__Basidiomycota;c__Agaricomycetes;o__Agaricales;f__Tricholomataceae;g__Tricholoma;s__Tricholoma_album	underclassification	0
F1-REF	6	0	sortmerna	0.76:0.9:3:0.8:1.0	SH116539.07FU_EF535663_reps	k__Fungi;p__Ascomycota;c__Dothideomycetes;o__Capnodiales;f__Mycosphaerellaceae	k__Fungi;p__Ascomycota;c__Dothideomycetes;o__Capnodiales;f__Mycosphaerellaceae;g__Septoria;s__Septoria_lycopicola	underclassification	5
F1-REF	6	0	sortmerna	0.76:0.9:3:0.8:1.0	SH086274.07FU_KF219589_reps	Unassigned	k__Fungi;p__Basidiomycota;c__Agaricomycetes;o__Agaricales;f__Cortinariaceae;g__Phaeocollybia;s__Phaeocollybia_pseudofestiva	underclassification	0
F1-REF	6	0	sortmerna	0.76:0.9:3:0.8:1.0	SH134660.07FU_KC999904_reps	Unassigned	k__Fungi;p__Basidiomycota;c__Agaricomycetes;o__Hymenochaetales;f__Hymenochaetaceae;g__Inonotus;s__Inonotus_niveomarginatus	underclassification	0
F1-REF	6	0	sortmerna	0.76:0.9:3:0.8:1.0	SH124156.07FU_AJ302469_reps	Unassigned	k__Fungi;p__Ascomycota;c__Sordariomycetes;o__Xylariales;f__Diatrypaceae;g__Eutypella;s__Eutypella_quaternata	underclassification	0
F1-REF	6	0	sortmerna	0.76:0.9:3:0.8:1.0	SH100610.07FU_AF492118_reps	Unassigned	k__Fungi;p__Ascomycota;c__Taphrinomycetes;o__Taphrinales;f__Taphrinaceae;g__Taphrina;s__Taphrina_epiphylla	underclassification	0
F1-REF	6	0	sortmerna	0.76:0.9:3:0.8:1.0	SH086609.07FU_AF033402_refs	k__Fungi;p__Ascomycota;c__Eurotiomycetes;o__Eurotiales;f__Trichocomaceae;g__Penicillium	k__Fungi;p__Ascomycota;c__Eurotiomycetes;o__Eurotiales;f__Trichocomaceae;g__Penicillium;s__Penicillium_bilaiae	match	6
F1-REF	6	0	sortmerna	0.76:0.9:3:0.8:1.0	SH110457.07FU_AB746933_reps	k__Fungi;p__Ascomycota;c__Leotiomycetes	k__Fungi;p__Ascomycota;c__Leotiomycetes;o__Helotiales;f__Dermateaceae;g__Pezicula;s__Pezicula_diversispora	underclassification	3
F1-REF	6	0	sortmerna	0.76:0.9:3:0.8:1.0	SH127257.07FU_AB854092_refs	Unassigned	k__Fungi;p__Basidiomycota;c__Agaricomycetes;o__Agaricales;f__Mycenaceae;g__Panellus;s__Panellus_edulis	underclassification	0
F1-REF	6	0	sortmerna	0.76:0.9:3:0.8:1.0	SH120195.07FU_KC881076_reps	k__Fungi;p__Ascomycota;c__Saccharomycetes;o__Saccharomycetales;f__Saccharomycodaceae;g__Hanseniaspora	k__Fungi;p__Ascomycota;c__Saccharomycetes;o__Saccharomycetales;f__Saccharomycetaceae;g__Zygosaccharomyces;s__Zygosaccharomyces_siamensis	misclassification	4
F1-REF	6	0	sortmerna	0.76:0.9:3:0.8:1.0	SH107214.07FU_FJ411085_refs	k__Fungi;p__Basidiomycota;c__Agaricomycetes;o__Polyporales;f__Polyporaceae	k__Fungi;p__Basidiomycota;c__Agaricomycetes;o__Polyporales;f__Polyporaceae;g__Perenniporiella;s__Perenniporiella_chaquenia	underclassification	5
F1-REF	6	0	sortmerna	0.76:0.9:3:0.8:1.0	SH115100.07FU_AJ247563_reps	k__Fungi;p__Ascomycota;c__Leotiomycetes;o__Helotiales;f__Sclerotiniaceae;g__Amphobotrys;s__Amphobotrys_ricini	k__Fungi;p__Ascomycota;c__Lecanoromycetes;o__Lecanorales;f__Ramalinaceae;g__Biatora;s__Biatora_epixanthoides	misclassification	2
F1-REF	6	0	sortmerna	0.76:0.9:3:0.8:1.0	SH089046.07FU_KJ705134_reps	k__Fungi;p__Basidiomycota;c__Agaricomycetes;o__Agaricales;f__Cortinariaceae;g__Cortinarius	k__Fungi;p__Basidiomycota;c__Agaricomycetes;o__Agaricales;f__Cortinariaceae;g__Cortinarius;s__Cortinarius_aurilicis	match	6
F1-REF	6	0	sortmerna	0.76:0.9:3:0.8:1.0	SH097811.07FU_AY218432_reps	Unassigned	k__Fungi;p__Basidiomycota;c__Agaricomycetes;o__Polyporales;f__Sparassidaceae;g__Sparassis;s__Sparassis_spathulata	underclassification	0
F1-REF	6	0	sortmerna	0.76:0.9:3:0.8:1.0	SH108978.07FU_EU707882_reps	k__Fungi;p__Ascomycota;c__Dothideomycetes;o__Capnodiales;f__Teratosphaeriaceae;g__Teratosphaeria	k__Fungi;p__Ascomycota;c__Dothideomycetes;o__Capnodiales;f__Teratosphaeriaceae;g__Teratosphaeria;s__Teratosphaeria_proteae-arboreae	match	6
F1-REF	6	0	sortmerna	0.76:0.9:3:0.8:1.0	SH124686.07FU_UDB015858_reps	Unassigned	k__Fungi;p__Basidiomycota;c__Agaricomycetes;o__Geastrales;f__Geastraceae;g__Geastrum;s__Geastrum_minimum	underclassification	0
F1-REF	6	0	sortmerna	0.76:0.9:3:0.8:1.0	SH116168.07FU_AF414299_reps	k__Fungi;p__Ascomycota;c__Sordariomycetes;o__Hypocreales;f__Hypocreaceae;g__Trichoderma;s__Trichoderma_longibrachiatum	k__Fungi;p__Ascomycota;c__Sordariomycetes;o__Hypocreales;f__Hypocreaceae;g__Trichoderma;s__Trichoderma_ghanense	overclassification	6
F1-REF	6	0	sortmerna	0.76:0.9:3:0.8:1.0	SH133107.07FU_UDB015390_refs	Unassigned	k__Fungi;p__Basidiomycota;c__Agaricomycetes;o__Agaricales;f__Tricholomataceae;g__Tricholoma;s__Tricholoma_columbetta	underclassification	0
F1-REF	6	0	sortmerna	0.76:0.9:3:0.8:1.0	SH132784.07FU_DQ389720_refs	k__Fungi;p__Basidiomycota;c__Agaricomycetes;o__Agaricales;f__Psathyrellaceae;g__Psathyrella	k__Fungi;p__Basidiomycota;c__Agaricomycetes;o__Agaricales;f__Psathyrellaceae;g__Psathyrella;s__Psathyrella_candolleana	match	6
F1-REF	6	0	sortmerna	0.76:0.9:3:0.8:1.0	SH080232.07FU_UDB015971_reps	k__Fungi;p__Basidiomycota;c__Agaricomycetes;o__Russulales;f__Russulaceae;g__Russula	k__Fungi;p__Basidiomycota;c__Agaricomycetes;o__Russulales;f__Russulaceae;g__Russula;s__Russula_nauseosa	match	6
F1-REF	6	0	sortmerna	0.76:0.9:3:0.8:1.0	SH112308.07FU_AM268200_refs	k__Fungi;p__Glomeromycota;c__Glomeromycetes;o__Archaeosporales;f__Ambisporaceae;g__Ambispora;s__Ambispora_sp	k__Fungi;p__Glomeromycota;c__Glomeromycetes;o__Archaeosporales;f__Ambisporaceae;g__Ambispora;s__Ambispora_fennica	overclassification	6
F1-REF	6	0	sortmerna	0.76:0.9:3:0.8:1.0	SH106862.07FU_AM292815_refs	k__Fungi;p__Ascomycota;c__Lecanoromycetes;o__Teloschistales;f__Teloschistaceae;g__Xanthoria;s__Xanthoria_ulophyllodes	k__Fungi;p__Ascomycota;c__Lecanoromycetes;o__Teloschistales;f__Teloschistaceae;g__Xanthoria;s__Xanthoria_fallax	overclassification	6
F1-REF	6	0	sortmerna	0.76:0.9:3:0.8:1.0	SH133649.07FU_FJ596865_reps	k__Fungi;p__Basidiomycota;c__Agaricomycetes;o__Agaricales;f__Amanitaceae;g__Amanita;s__Amanita_porphyria	k__Fungi;p__Basidiomycota;c__Agaricomycetes;o__Agaricales;f__Amanitaceae;g__Amanita;s__Amanita_citrina	overclassification	6
F1-REF	6	0	sortmerna	0.76:0.9:3:0.8:1.0	SH077605.07FU_JX429125_reps	k__Fungi;p__Basidiomycota;c__Agaricomycetes;o__Agaricales;f__Tricholomataceae;g__Melanoleuca	k__Fungi;p__Basidiomycota;c__Agaricomycetes;o__Agaricales;f__Tricholomataceae;g__Melanoleuca;s__Melanoleuca_sp	match	6
F1-REF	6	0	sortmerna	0.76:0.9:3:0.8:1.0	SH097720.07FU_KC155395_reps	k__Fungi;p__Basidiomycota;c__Agaricomycetes	k__Fungi;p__Basidiomycota;c__Agaricomycetes;o__Russulales;f__Russulaceae;g__Russula;s__Russula_gelatinivelata	underclassification	3
F1-REF	6	0	sortmerna	0.76:0.9:3:0.8:1.0	SH077030.07FU_EF460356_reps	k__Fungi;p__Basidiomycota;c__Agaricomycetes;o__Agaricales;f__Agaricaceae;g__Agaricus;s__Agaricus_campestris	k__Fungi;p__Basidiomycota;c__Agaricomycetes;o__Agaricales;f__Agaricaceae;g__Agaricus;s__Agaricus_aristocratus	overclassification	6
F1-REF	6	0	sortmerna	0.76:0.9:3:0.8:1.0	SH095313.07FU_UDB025007_reps	Unassigned	k__Fungi;p__Basidiomycota;c__Agaricomycetes;o__Agaricales;f__Entolomataceae;g__Entoloma;s__Entoloma_pallescens	underclassification	0
F1-REF	6	0	sortmerna	0.76:0.9:3:0.8:1.0	SH134892.07FU_AB614130_refs	k__Fungi;p__Ascomycota;c__Saccharomycetes;o__Saccharomycetales;f__Lipomycetaceae;g__Lipomyces	k__Fungi;p__Ascomycota;c__Saccharomycetes;o__Saccharomycetales;f__Lipomycetaceae;g__Lipomyces;s__Lipomyces_tetrasporus	match	6
F1-REF	6	0	sortmerna	0.76:0.9:3:0.8:1.0	SH109352.07FU_DQ996040_refs	Unassigned	k__Fungi;p__Ascomycota;c__Sordariomycetes;o__Diaporthales;f__Valsaceae;g__Cytospora;s__Cytospora_rhizophorae	underclassification	0
F1-REF	6	0	sortmerna	0.76:0.9:3:0.8:1.0	SH092772.07FU_EU239385_reps	k__Fungi;p__Basidiomycota;c__Agaricomycetes;o__Polyporales;f__Ganodermataceae;g__Ganoderma	k__Fungi;p__Basidiomycota;c__Agaricomycetes;o__Polyporales;f__Ganodermataceae;g__Ganoderma;s__Ganoderma_steyaertianum	match	6
F1-REF	6	0	sortmerna	0.76:0.9:3:0.8:1.0	SH077637.07FU_KJ410695_reps	k__Fungi;p__Basidiomycota;c__Agaricomycetes;o__Polyporales;f__Polyporaceae;g__Truncospora;s__Truncospora_floridana	k__Fungi;p__Basidiomycota;c__Agaricomycetes;o__Polyporales;f__Polyporaceae;g__Truncospora;s__Truncospora_arizonica	overclassification	6
F1-REF	6	0	sortmerna	0.76:0.9:3:0.8:1.0	SH105090.07FU_AF444558_refs	k__Fungi;p__Basidiomycota;c__Agaricomycetes;o__Agaricales;f__Omphalotaceae;g__Gymnopus	k__Fungi;p__Basidiomycota;c__Agaricostilbomycetes;o__Agaricostilbales;f__Agaricostilbaceae;g__Bensingtonia;s__Bensingtonia_naganoensis	misclassification	2
F1-REF	6	0	sortmerna	0.76:0.9:3:0.8:1.0	SH113376.07FU_KF300545_reps	k__Fungi;p__Ascomycota;c__Sordariomycetes;o__Microascales;f__Ceratocystidaceae;g__Ceratocystis;s__Ceratocystis_zambeziensis	k__Fungi;p__Ascomycota;c__Sordariomycetes;o__Microascales;f__Ceratocystidaceae;g__Ceratocystis;s__Ceratocystis_colombiana	overclassification	6
F1-REF	6	0	sortmerna	0.76:0.9:3:0.8:1.0	SH133259.07FU_UDB015405_refs	k__Fungi;p__Basidiomycota;c__Agaricomycetes;o__Agaricales;f__Mycenaceae;g__Mycena	k__Fungi;p__Basidiomycota;c__Agaricomycetes;o__Agaricales;f__Mycenaceae;g__Mycena;s__Mycena_megaspora	match	6
F1-REF	6	0	sortmerna	0.76:0.9:3:0.8:1.0	SH110119.07FU_HG969656_reps	k__Fungi;p__Basidiomycota;c__Agaricomycetes	k__Fungi;p__Basidiomycota;c__Agaricomycetes;o__Agaricales;f__Strophariaceae;g__Gymnopilus;s__Gymnopilus_igniculus	underclassification	3
F1-REF	6	0	sortmerna	0.76:0.9:3:0.8:1.0	SH106732.07FU_EF592154_refs	k__Fungi;p__Ascomycota	k__Fungi;p__Ascomycota;c__Eurotiomycetes;o__Onygenales;f__Ajellomycetaceae;g__Emmonsia;s__Emmonsia_helica	underclassification	2
F1-REF	6	0	sortmerna	0.76:0.9:3:0.8:1.0	SH099868.07FU_DQ865099_reps	Unassigned	k__Fungi;p__Ascomycota;c__Sordariomycetes;o__Hypocreales;f__Hypocreaceae;g__Trichoderma;s__Trichoderma_citrinum	underclassification	0
F1-REF	6	0	sortmerna	0.76:0.9:3:0.8:1.0	SH077561.07FU_JQ279529_refs	k__Fungi;p__Basidiomycota;c__Agaricomycetes	k__Fungi;p__Basidiomycota;c__Agaricomycetes;o__Hymenochaetales;f__Hymenochaetaceae;g__Hymenochaete;s__Hymenochaete_rheicolor	underclassification	3
F1-REF	6	0	sortmerna	0.76:0.9:3:0.8:1.0	SH077071.07FU_JF495068_refs	k__Fungi;p__Basidiomycota;c__Agaricomycetes;o__Agaricales;f__Agaricaceae;g__Agaricus;s__Agaricus_padanus	k__Fungi;p__Basidiomycota;c__Agaricomycetes;o__Agaricales;f__Agaricaceae;g__Agaricus;s__Agaricus_erythrosarx	overclassification	6
F1-REF	6	0	sortmerna	0.76:0.9:3:0.8:1.0	SH117470.07FU_AF106525_reps	Unassigned	k__Fungi;p__Ascomycota;c__Orbiliomycetes;o__Orbiliales;f__Orbiliaceae;g__Arthrobotrys;s__Arthrobotrys_eudermata	underclassification	0
F1-REF	6	0	sortmerna	0.76:0.9:3:0.8:1.0	SH135599.07FU_AY174809_reps	k__Fungi;p__Basidiomycota;c__Agaricomycetes;o__Agaricales;f__Cortinariaceae;g__Cortinarius	k__Fungi;p__Basidiomycota;c__Agaricomycetes;o__Agaricales;f__Cortinariaceae;g__Cortinarius;s__Cortinarius_caesiocortinatus	match	6
F1-REF	6	0	sortmerna	0.76:0.9:3:0.8:1.0	SH132513.07FU_UDB000867_refs	Unassigned	k__Fungi;p__Basidiomycota;c__Agaricomycetes;o__Russulales;f__Russulaceae;g__Lactarius;s__Lactarius_subumbonatus	underclassification	0
F1-REF	6	0	sortmerna	0.76:0.9:3:0.8:1.0	SH094783.07FU_JN870100_reps	Unassigned	k__Fungi;p__Ascomycota;c__Pezizomycetes;o__Pezizales;f__Tuberaceae;g__Tuber;s__Tuber_huizeanum	underclassification	0
F1-REF	6	0	sortmerna	0.76:0.9:3:0.8:1.0	SH100857.07FU_DQ888715_reps	Unassigned	k__Fungi;p__Ascomycota;c__Lecanoromycetes;o__Teloschistales;f__Teloschistaceae;g__Gyalolechia;s__Gyalolechia_ehrenbergii	underclassification	0
F1-REF	6	0	sortmerna	0.76:0.9:3:0.8:1.0	SH546987.07FU_UDB022699_refs	k__Fungi;p__Basidiomycota;c__Agaricomycetes;o__Agaricales;f__Tricholomataceae;g__Tricholomopsis	k__Fungi;p__Basidiomycota;c__Agaricomycetes;o__Agaricales;f__Tricholomataceae;g__Tricholomopsis;s__Tricholomopsis_flavescens	match	6
F1-REF	6	0	sortmerna	0.76:0.9:3:0.8:1.0	SH082763.07FU_EU788036_reps	k__Fungi;p__Ascomycota;c__Lecanoromycetes;o__Lecanorales;f__Parmeliaceae	k__Fungi;p__Ascomycota;c__Lecanoromycetes;o__Lecanorales;f__Parmeliaceae;g__Parmelia;s__Parmelia_encryptata	underclassification	5
F1-REF	6	0	sortmerna	0.76:0.9:3:0.8:1.0	SH119602.07FU_JN899363_refs	k__Fungi;p__Ascomycota;c__Eurotiomycetes;o__Eurotiales;f__Trichocomaceae	k__Fungi;p__Ascomycota;c__Eurotiomycetes;o__Eurotiales;f__Trichocomaceae;g__Talaromyces;s__Talaromyces_echinosporus	underclassification	5
F1-REF	6	0	sortmerna	0.76:0.9:3:0.8:1.0	SH544586.07FU_KF845957_reps	Unassigned	k__Fungi;p__Basidiomycota;c__Agaricomycetes;o__Polyporales;f__Phanerochaetaceae;g__Ceriporiopsis;s__Ceriporiopsis_sp	underclassification	0
F1-REF	6	0	sortmerna	0.76:0.9:3:0.8:1.0	SH087810.07FU_AF079577_reps	Unassigned	k__Fungi;p__Basidiomycota;c__Agaricomycetes;o__Agaricales;f__Omphalotaceae;g__Lentinula;s__Lentinula_boryana	underclassification	0
F1-REF	6	0	sortmerna	0.76:0.9:3:0.8:1.0	SH116433.07FU_AB051665_reps	k__Fungi;p__Ascomycota;c__Lecanoromycetes;o__Lecanorales;f__Parmeliaceae	k__Fungi;p__Ascomycota;c__Lecanoromycetes;o__Lecanorales;f__Parmeliaceae;g__Dolichousnea;s__Dolichousnea_trichodeoides	underclassification	5
F1-REF	6	0	sortmerna	0.76:0.9:3:0.8:1.0	SH123866.07FU_KF060313_reps	k__Fungi	k__Fungi;p__Glomeromycota;c__Glomeromycetes;o__Glomerales;f__Glomeraceae;g__Septoglomus;s__Septoglomus_fuscum	underclassification	1
F1-REF	6	0	sortmerna	0.76:0.9:3:0.8:1.0	SH116558.07FU_KF251292_reps	k__Fungi;p__Ascomycota;c__Dothideomycetes;o__Capnodiales;f__Mycosphaerellaceae;g__Caryophylloseptoria	k__Fungi;p__Ascomycota;c__Dothideomycetes;o__Capnodiales;f__Mycosphaerellaceae;g__Caryophylloseptoria;s__Caryophylloseptoria_silenes	match	6
F1-REF	6	0	sortmerna	0.76:0.9:3:0.8:1.0	SH121336.07FU_GU929921_refs	k__Fungi;p__Ascomycota;c__Sordariomycetes;o__Diaporthales;f__Diaporthaceae;g__Diaporthe	k__Fungi;p__Ascomycota;c__Lecanoromycetes;o__Candelariales;f__Candelariaceae;g__Candelaria;s__Candelaria_concolor	misclassification	2
F1-REF	6	0	sortmerna	0.76:0.9:3:0.8:1.0	SH080703.07FU_HM466665_refs	Unassigned	k__Fungi;p__Ascomycota;c__Sordariomycetes;o__Hypocreales;f__Hypocreaceae;g__Trichoderma;s__Trichoderma_sulphureum	underclassification	0
F1-REF	6	0	sortmerna	0.76:0.9:3:0.8:1.0	SH538783.07FU_KP217811_refs	k__Fungi;p__Basidiomycota;c__Agaricomycetes;o__Polyporales;f__Polyporaceae;g__Perenniporia	k__Fungi;p__Basidiomycota;c__Agaricomycetes;o__Polyporales;f__Polyporaceae;g__Perenniporia;s__Perenniporia_vanhullii	match	6
F1-REF	6	0	sortmerna	0.76:0.9:3:0.8:1.0	SH543615.07FU_UDB024134_reps	Unassigned	k__Fungi;p__Basidiomycota;c__Agaricomycetes;o__Gomphales;f__Gomphaceae;g__Ramaria;s__Ramaria_aurea	underclassification	0
F1-REF	6	0	sortmerna	0.76:0.9:3:0.8:1.0	SH548676.07FU_KP204911_reps	k__Fungi;p__Ascomycota	k__Fungi;p__Ascomycota;c__Pezizomycetes;o__Pezizales;f__Sarcosomataceae;g__Donadinia;s__Donadinia_nigrella	underclassification	2
F1-REF	6	0	sortmerna	0.76:0.9:3:0.8:1.0	SH107811.07FU_KC867389_refs	k__Fungi;p__Basidiomycota;c__Agaricomycetes;o__Polyporales;f__Polyporaceae	k__Fungi;p__Basidiomycota;c__Agaricomycetes;o__Polyporales;f__Polyporaceae;g__Coriolopsis;s__Coriolopsis_sanguinaria	underclassification	5
F1-REF	6	0	sortmerna	0.76:0.9:3:0.8:1.0	SH117969.07FU_JN253519_reps	k__Fungi;p__Ascomycota;c__Sordariomycetes;o__Hypocreales;f__Bionectriaceae;g__Stephanonectria;s__Stephanonectria_sp	k__Fungi;p__Ascomycota;c__Sordariomycetes;o__Hypocreales;f__Bionectriaceae;g__Stephanonectria;s__Stephanonectria_keithii	overclassification	6
F1-REF	6	0	sortmerna	0.76:0.9:3:0.8:1.0	SH121348.07FU_AB077625_refs	Unassigned	k__Fungi;p__Ascomycota;c__Leotiomycetes;o__Erysiphales;f__Erysiphaceae;g__Golovinomyces;s__Golovinomyces_asterum	underclassification	0
F1-REF	6	0	sortmerna	0.76:0.9:3:0.8:1.0	SH090944.07FU_LN589976_reps	k__Fungi;p__Ascomycota;c__Eurotiomycetes;o__Onygenales;f__Arthrodermataceae;g__Arthroderma;s__Arthroderma_ciferrii	k__Fungi;p__Ascomycota;c__Eurotiomycetes;o__Onygenales;f__Arthrodermataceae;g__Trichophyton;s__Trichophyton_onychocola	misclassification	5
F1-REF	6	0	sortmerna	0.76:0.9:3:0.8:1.0	SH086595.07FU_AF033451_refs	k__Fungi;p__Ascomycota	k__Fungi;p__Ascomycota;c__Eurotiomycetes;o__Eurotiales;f__Trichocomaceae;g__Penicillium;s__Penicillium_decumbens	underclassification	2
F1-REF	6	0	sortmerna	0.76:0.9:3:0.8:1.0	SH103856.07FU_FM163204_reps	k__Fungi;p__Basidiomycota;c__Agaricomycetes;o__Agaricales;f__Psathyrellaceae;g__Parasola	k__Fungi;p__Basidiomycota;c__Agaricomycetes;o__Agaricales;f__Psathyrellaceae;g__Parasola;s__Parasola_sp	match	6
F1-REF	6	0	sortmerna	0.76:0.9:3:0.8:1.0	SH127641.07FU_AF104443_refs	Unassigned	k__Fungi;p__Ascomycota;c__Eurotiomycetes;o__Eurotiales;f__Trichocomaceae;g__Aspergillus;s__Aspergillus_leporis	underclassification	0
F1-REF	6	0	sortmerna	0.76:0.9:3:0.8:1.0	SH133832.07FU_KF291103_refs	Unassigned	k__Fungi;p__Basidiomycota;c__Agaricomycetes;o__Agaricales;f__Hygrophoraceae;g__Humidicutis;s__Humidicutis_auratocephala	underclassification	0
F1-REF	6	0	sortmerna	0.76:0.9:3:0.8:1.0	SH080820.07FU_JN197885_reps	k__Fungi;p__Basidiomycota;c__Agaricomycetes;o__Thelephorales;f__Thelephoraceae;g__Tomentella;s__Tomentella_sp	k__Fungi;p__Basidiomycota;c__Agaricomycetes;o__Thelephorales;f__Thelephoraceae;g__Tomentella;s__Tomentella_stuposa	overclassification	6
F1-REF	6	0	sortmerna	0.76:0.9:3:0.8:1.0	SH089638.07FU_UDB016194_refs	k__Fungi;p__Basidiomycota;c__Agaricomycetes;o__Thelephorales;f__Thelephoraceae;g__Tomentellopsis	k__Fungi;p__Basidiomycota;c__Agaricomycetes;o__Thelephorales;f__Thelephoraceae;g__Tomentellopsis;s__Tomentellopsis_bresadolana	match	6
F1-REF	6	0	sortmerna	0.76:0.9:3:0.8:1.0	SH082107.07FU_AY340039_reps	k__Fungi;p__Basidiomycota;c__Agaricomycetes;o__Hymenochaetales;f__Hymenochaetaceae;g__Phellinus	k__Fungi;p__Basidiomycota;c__Agaricomycetes;o__Hymenochaetales;f__Hymenochaetaceae;g__Phellinus;s__Phellinus_cinereus	match	6
F1-REF	6	0	sortmerna	0.76:0.9:3:0.8:1.0	SH105174.07FU_UDB011753_refs	k__Fungi;p__Basidiomycota;c__Agaricomycetes;o__Gloeophyllales;f__Gloeophyllaceae;g__Gloeophyllum;s__Gloeophyllum_striatum	k__Fungi;p__Basidiomycota;c__Agaricomycetes;o__Gloeophyllales;f__Gloeophyllaceae;g__Gloeophyllum;s__Gloeophyllum_sepiarium	overclassification	6
F1-REF	6	0	sortmerna	0.76:0.9:3:0.8:1.0	SH121039.07FU_AB699629_refs	k__Fungi;p__Basidiomycota;c__Agaricomycetes;o__Agaricales;f__Tricholomataceae;g__Tricholoma	k__Fungi;p__Basidiomycota;c__Agaricomycetes;o__Agaricales;f__Tricholomataceae;g__Tricholoma;s__Tricholoma_matsutake	match	6
F1-REF	6	0	sortmerna	0.76:0.9:3:0.8:1.0	SH126813.07FU_JQ619174_refs	Unassigned	k__Fungi;p__Basidiomycota;c__Agaricomycetes;o__Boletales;f__Boletaceae;g__Octaviania;s__Octaviania_japonimontana	underclassification	0
F1-REF	6	0	sortmerna	0.76:0.9:3:0.8:1.0	SH096875.07FU_GU327497_reps	k__Fungi;p__Basidiomycota;c__Agaricomycetes;o__Russulales;f__Russulaceae;g__Russula;s__Russula_azurea	k__Fungi;p__Basidiomycota;c__Agaricomycetes;o__Russulales;f__Russulaceae;g__Russula;s__Russula_emeticicolor	overclassification	6
F1-REF	6	0	sortmerna	0.76:0.9:3:0.8:1.0	SH106022.07FU_EU552107_reps	Unassigned	k__Fungi;p__Ascomycota;c__Eurotiomycetes;o__Chaetothyriales;f__Herpotrichiellaceae;g__Capronia;s__Capronia_kleinmondensis	underclassification	0
F1-REF	6	0	sortmerna	0.76:0.9:3:0.8:1.0	SH135131.07FU_EF552702_reps	k__Fungi;p__Ascomycota;c__Sordariomycetes;o__Hypocreales;f__Hypocreaceae;g__Trichoderma;s__Trichoderma_longibrachiatum	k__Fungi;p__Ascomycota;c__Sordariomycetes;o__Hypocreales;f__Hypocreaceae;g__Trichoderma;s__Trichoderma_reesei	overclassification	6
F1-REF	6	0	sortmerna	0.76:0.9:3:0.8:1.0	SH119998.07FU_JQ967241_refs	k__Fungi;p__Basidiomycota;c__Agaricomycetes;o__Cantharellales;f__Cantharellaceae;g__Craterellus;s__Craterellus_tubaeformis	k__Fungi;p__Basidiomycota;c__Agaricomycetes;o__Boletales;f__Boletaceae;g__Phylloporus;s__Phylloporus_brunneiceps	misclassification	3
F1-REF	6	0	sortmerna	0.76:0.9:3:0.8:1.0	SH086331.07FU_UDB015966_refs	k__Fungi;p__Basidiomycota;c__Agaricomycetes;o__Russulales;f__Russulaceae;g__Lactarius	k__Fungi;p__Basidiomycota;c__Agaricomycetes;o__Russulales;f__Russulaceae;g__Lactarius;s__Lactarius_pyrogalus	match	6
F1-REF	6	0	sortmerna	0.76:0.9:3:0.8:1.0	SH109023.07FU_FJ389933_refs	k__Fungi;p__Ascomycota;c__Eurotiomycetes;o__Eurotiales;f__Trichocomaceae;g__Byssochlamys;s__Byssochlamys_spectabilis	k__Fungi;p__Ascomycota;c__Eurotiomycetes;o__Eurotiales;f__Trichocomaceae;g__Byssochlamys;s__Byssochlamys_zollerniae	overclassification	6
F1-REF	6	0	sortmerna	0.76:0.9:3:0.8:1.0	SH123536.07FU_GU553328_reps	Unassigned	k__Fungi;p__Ascomycota;c__Sordariomycetes;o__Xylariales;f__Xylariaceae;g__Coniolariella;s__Coniolariella_ershadii	underclassification	0
F1-REF	6	0	sortmerna	0.76:0.9:3:0.8:1.0	SH086367.07FU_AY969525_refs	k__Fungi;p__Basidiomycota;c__Agaricomycetes;o__Agaricales	k__Fungi;p__Basidiomycota;c__Agaricomycetes;o__Agaricales;f__Agaricaceae;g__Cystolepiota;s__Cystolepiota_sp	underclassification	4
F1-REF	6	0	sortmerna	0.76:0.9:3:0.8:1.0	SH110003.07FU_FM878020_reps	k__Fungi;p__Basidiomycota;c__Agaricomycetes;o__Agaricales;f__Cortinariaceae;g__Cortinarius;s__Cortinarius_praestans	k__Fungi;p__Basidiomycota;c__Agaricomycetes;o__Agaricales;f__Psathyrellaceae;g__Coprinopsis;s__Coprinopsis_marcescibilis	misclassification	4
F1-REF	6	0	sortmerna	0.76:0.9:3:0.8:1.0	SH091804.07FU_AB734094_refs	Unassigned	k__Fungi;p__Ascomycota;c__Saccharomycetes;o__Saccharomycetales;f__Pichiaceae;g__Ogataea;s__Ogataea_wangdongensis	underclassification	0
F1-REF	6	0	sortmerna	0.76:0.9:3:0.8:1.0	SH095075.07FU_DQ396936_reps	Unassigned	k__Fungi;p__Ascomycota;c__Lecanoromycetes;o__Lecanorales;f__Stereocaulaceae;g__Stereocaulon;s__Stereocaulon_coniophyllum	underclassification	0
F1-REF	6	0	sortmerna	0.76:0.9:3:0.8:1.0	SH102313.07FU_JQ761304_reps	k__Fungi;p__Ascomycota;c__Sordariomycetes	k__Fungi;p__Ascomycota;c__Sordariomycetes;o__Xylariales;f__Xylariaceae;g__Xylaria;s__Xylaria_polymorpha	underclassification	3
F1-REF	6	0	sortmerna	0.76:0.9:3:0.8:1.0	SH110936.07FU_DQ463348_refs	Unassigned	k__Fungi;p__Basidiomycota;c__Agaricomycetes;o__Agaricales;f__Agaricaceae;g__Cyathus;s__Cyathus_gansuensis	underclassification	0
F1-REF	6	0	sortmerna	0.76:0.9:3:0.8:1.0	SH079781.07FU_UDB011712_refs	Unassigned	k__Fungi;p__Basidiomycota;c__Agaricomycetes;o__Agaricales;f__Strophariaceae;g__Galerina;s__Galerina_pumila	underclassification	0
F1-REF	6	0	sortmerna	0.76:0.9:3:0.8:1.0	SH543483.07FU_KM889911_reps	k__Fungi;p__Basidiomycota;c__Agaricomycetes;o__Agaricales;f__Agaricaceae;g__Micropsalliota	k__Fungi;p__Basidiomycota;c__Agaricomycetes;o__Agaricales;f__Agaricaceae;g__Micropsalliota;s__Micropsalliota_sp	match	6
F1-REF	6	0	sortmerna	0.76:0.9:3:0.8:1.0	SH079631.07FU_HM125528_refs	Unassigned	k__Fungi;p__Basidiomycota;c__Agaricomycetes;o__Agaricales;f__Agaricaceae;g__Macrolepiota;s__Macrolepiota_orientiexcoriata	underclassification	0
F1-REF	6	0	sortmerna	0.76:0.9:3:0.8:1.0	SH091498.07FU_EF652489_refs	k__Fungi;p__Ascomycota;c__Eurotiomycetes;o__Eurotiales;f__Trichocomaceae;g__Aspergillus	k__Fungi;p__Ascomycota;c__Eurotiomycetes;o__Eurotiales;f__Trichocomaceae;g__Aspergillus;s__Aspergillus_crustosus	match	6
F1-REF	6	0	sortmerna	0.76:0.9:3:0.8:1.0	SH108902.07FU_KF251183_reps	Unassigned	k__Fungi;p__Ascomycota;c__Dothideomycetes;o__Pleosporales;f__Phaeosphaeriaceae;g__Phaeosphaeria;s__Phaeosphaeria_juncicola	underclassification	0
F1-REF	6	0	sortmerna	0.76:0.9:3:0.8:1.0	SH101609.07FU_EU552116_reps	k__Fungi;p__Ascomycota	k__Fungi;p__Ascomycota;c__Dothideomycetes;o__Pleosporales;f__Dacampiaceae;g__Teichospora;s__Teichospora_austroafricana	underclassification	2
F1-REF	6	0	sortmerna	0.76:0.9:3:0.8:1.0	SH116851.07FU_FN252449_refs	Unassigned	k__Fungi;p__Ascomycota;c__Sordariomycetes;o__Xylariales;f__Xylariaceae;g__Hypoxylon;s__Hypoxylon_rubiginosum	underclassification	0
F1-REF	6	0	sortmerna	0.76:0.9:3:0.8:1.0	SH551648.07FU_UDB025513_reps	Unassigned	k__Fungi;p__Ascomycota;c__Pezizomycetes;o__Pezizales;f__Sarcoscyphaceae;g__Cookeina;s__Cookeina_sp	underclassification	0
F1-REF	6	0	sortmerna	0.76:0.9:3:0.8:1.0	SH121347.07FU_AB307667_refs	k__Fungi;p__Ascomycota	k__Fungi;p__Ascomycota;c__Leotiomycetes;o__Erysiphales;f__Erysiphaceae;g__Golovinomyces;s__Golovinomyces_biocellatus	underclassification	2
F1-REF	6	0	sortmerna	0.76:0.9:3:0.8:1.0	SH120321.07FU_HQ693877_reps	k__Fungi	k__Fungi;p__Basidiomycota;c__Agaricomycetes;o__Boletales;f__Boletaceae;g__Rossbeevera;s__Rossbeevera_griseovelutina	underclassification	1
F1-REF	6	0	sortmerna	0.76:0.9:3:0.8:1.0	SH537361.07FU_KR493469_reps	Unassigned	k__Fungi;p__Ascomycota;c__Pezizomycetes;o__Pezizales;f__Helvellaceae;g__Helvella;s__Helvella_pseudoreflexa	underclassification	0
F1-REF	6	0	sortmerna	0.76:0.9:3:0.8:1.0	SH077750.07FU_HM484548_refs	k__Fungi;p__Ascomycota;c__Sordariomycetes;o__Hypocreales;f__Nectriaceae;g__Nectria	k__Fungi;p__Ascomycota;c__Sordariomycetes;o__Hypocreales;f__Nectriaceae;g__Nectria;s__Nectria_cinnabarina	match	6
F1-REF	6	0	sortmerna	0.76:0.9:3:0.8:1.0	SH120883.07FU_KC193585_refs	Unassigned	k__Fungi;p__Ascomycota;c__Dothideomycetes;o__Botryosphaeriales;f__Botryosphaeriaceae;g__Phyllosticta;s__Phyllosticta_vaccinii	underclassification	0