#Taxon	pc0	pc1	pc2	pc3	pc4	pc5	pc6	pc7	pc8	pc9	pc10	pc11	pc12	pc13	pc14	pc15	pc16	pc17	pc18	pc19	pc20	pc21	pc22	pc23	pc24	pc25	pc26	pc27	pc28	pc29	pc30
HMPMockV1.2.Staggered1;k__Bacteria;p__Firmicutes;c__Bacilli;o__Bacillales;f__Staphylococcaceae;g__Staphylococcus	-0.031813024318	0.00326233069446	-0.00043099640344	-2.04484325435e-06	-7.0605089235e-05	0.000163818187633	9.57564351698e-05	1.03784813748e-07	7.67678078631e-06	8.21946943006e-06	1.01101152209e-06	2.21166711138e-07	-1.14162184297e-07	8.43873974341e-08	-1.85393255303e-08	2.76108729918e-08	-8.66795482871e-09	1.25529602167e-08	-9.97878453751e-10	3.46233575226e-09	-6.55299024438e-09	2.80354932129e-09	2.37457295299e-09	9.04441580848e-12	5.55881049086e-10	2.50585114487e-11	2.5858937746e-12	4.58220924369e-10	-3.74982037409e-10	-8.00328777983e-10	4.48268630744e-10
HMPMockV1.2.Staggered2;k__Bacteria;p__Firmicutes;c__Bacilli;o__Bacillales;f__Staphylococcaceae;g__Staphylococcus	-0.0317480799811	0.0031738956604	-0.000427729846609	-2.96992559687e-06	-6.85674302461e-05	0.000163555599835	9.49506858416e-05	2.84850045707e-07	7.74483759896e-06	8.32694877311e-06	1.01760095515e-06	2.05712354537e-07	-1.12544387191e-07	8.5702937588e-08	-1.92490091862e-08	2.78529257668e-08	-1.01842815397e-08	1.23602482208e-08	-2.7152352437e-09	3.85838922461e-09	-5.6938023436e-09	2.9205205351e-09	2.19626971651e-09	3.63600457986e-11	6.13293790106e-10	2.39476077752e-11	2.58468195004e-12	4.58220924363e-10	-3.7498203741e-10	-8.00328777985e-10	4.48268630744e-10
HMPMockV1.1.Even2;k__Bacteria;p__Firmicutes;c__Bacilli;o__Bacillales;f__Staphylococcaceae;g__Staphylococcus	-0.0307602506213	0.00196755344691	-0.000476589990269	2.95371280571e-06	-5.86940050767e-05	0.000158589546736	9.34266998081e-05	-2.64889739555e-08	7.40056222777e-06	8.46599317205e-06	1.11472807287e-06	2.3535195449e-07	-1.15782455634e-07	9.12647606821e-08	-1.13899305851e-08	3.05540484481e-08	-1.35025579497e-08	1.18310150585e-08	-1.58319628245e-09	4.21323156925e-09	-6.66261779745e-09	2.39841550203e-09	2.21576613177e-09	-4.74948528524e-11	4.64554687049e-10	2.75428568008e-11	2.58843578855e-12	4.58220924382e-10	-3.74982037409e-10	-8.0032877798e-10	4.48268630744e-10
HMPMockV1.1.Even1;k__Bacteria;p__Firmicutes;c__Bacilli;o__Bacillales;f__Staphylococcaceae;g__Staphylococcus	-0.0307395136246	0.00196507057211	-0.000484562554879	4.02193965785e-06	-6.23891102925e-05	0.00015931238215	9.45355949839e-05	-3.92273123607e-08	7.43046696471e-06	8.33244744589e-06	1.10887748542e-06	2.39979433964e-07	-1.22107032976e-07	9.07438130328e-08	-1.15666384403e-08	2.78229877196e-08	-1.14447121371e-08	1.53271967172e-08	-2.19285091984e-09	4.4060382908e-09	-6.62752809296e-09	2.39502134382e-09	2.40389849121e-09	-8.26276429863e-11	4.66606882271e-10	1.74859227604e-11	2.5887521821e-12	4.58220924383e-10	-3.74982037408e-10	-8.0032877798e-10	4.48268630744e-10
HMPMockV1.1.Even1;k__Bacteria;p__Proteobacteria;c__Gammaproteobacteria;o__Pseudomonadales;f__Moraxellaceae;g__Acinetobacter	-0.0109653268702	0.0201899749596	-8.68289773985e-05	-0.00084779966617	0.00123039483607	0.00107960944084	0.000836203516499	-3.30315536382e-05	5.54118157261e-05	5.12135816635e-05	1.83260554098e-06	4.57528224399e-06	-5.86934952956e-07	8.78806249821e-07	-2.61296181635e-08	9.20305274861e-08	-1.15533943616e-08	1.94343217511e-07	-2.65190624187e-08	1.68713340158e-08	-4.51190410009e-08	5.56844530833e-09	1.10704002981e-08	-1.01850821631e-09	1.09484238102e-09	2.01675774758e-10	2.63564123003e-12	4.58220924623e-10	-3.74982037395e-10	-8.00328777928e-10	4.48268630742e-10
HMPMockV1.1.Even2;k__Bacteria;p__Proteobacteria;c__Gammaproteobacteria;o__Pseudomonadales;f__Moraxellaceae;g__Acinetobacter	-0.0109436170134	0.0201413670337	-8.61820161188e-05	-0.000848494049521	0.00123001662732	0.00107962429132	0.000836049816654	-3.30343877428e-05	5.53502973928e-05	5.11064525365e-05	1.82745037268e-06	4.56984390541e-06	-5.82496737648e-07	8.76360414537e-07	-2.57471072954e-08	9.27956653031e-08	-1.12083665541e-08	1.94310202588e-07	-2.63478310674e-08	1.70889539963e-08	-4.52552162907e-08	5.51172216646e-09	1.12065476436e-08	-9.95732842941e-10	1.13994111295e-09	2.01644843629e-10	2.63615368882e-12	4.58220924625e-10	-3.74982037395e-10	-8.00328777927e-10	4.48268630742e-10
HMPMockV1.2.Staggered2;k__Bacteria;p__Firmicutes;c__Bacilli;o__Lactobacillales;f__Streptococcaceae;g__Streptococcus	-0.011347814824	-0.0250154249047	0.000956075234342	-0.00129804912331	-0.000448577293183	0.000231455173181	0.000280603464874	-1.29547493895e-06	-2.84404866211e-05	-1.30801995398e-05	-2.54824470632e-06	-6.96637949407e-07	3.57662364776e-07	-2.26276479617e-07	-5.96951802094e-08	9.53801833404e-08	-6.26764802651e-08	-8.44525380893e-08	1.30518457944e-08	1.3660813831e-08	2.1526647083e-08	-3.60969570819e-09	2.73032974655e-09	1.00519294121e-09	-1.43626562467e-09	-9.19856956634e-11	2.54250443409e-12	4.58220924148e-10	-3.74982037421e-10	-8.00328778032e-10	4.48268630746e-10
HMPMockV1.2.Staggered1;k__Bacteria;p__Firmicutes;c__Bacilli;o__Lactobacillales;f__Streptococcaceae;g__Streptococcus	-0.0103399118252	-0.0262108011124	0.000906510026085	-0.00128956105062	-0.000443343925928	0.000229955077844	0.000282188786243	-1.80800822962e-06	-2.80420747554e-05	-1.36137627791e-05	-2.46364822255e-06	-5.53615693121e-07	3.88126406551e-07	-2.1683277394e-07	-6.57820221726e-08	6.97658551585e-08	-4.77097323627e-08	-8.6459335114e-08	1.16695457852e-08	1.02365731563e-08	2.22822798194e-08	-5.30514203181e-09	5.81911441077e-10	8.08564073041e-10	-1.86764103949e-09	-9.53044908903e-11	2.53831501042e-12	4.58220924127e-10	-3.74982037422e-10	-8.00328778037e-10	4.48268630746e-10
HMPMockV1.1.Even1;k__Bacteria;p__Firmicutes;c__Bacilli;o__Lactobacillales;f__Streptococcaceae;g__Streptococcus	0.0114008638472	-0.0237068207984	-0.000444762230725	-0.000251865655828	-1.35986342534e-05	3.41668018565e-05	6.63385774518e-05	-2.83320233881e-06	-8.48081540998e-06	-8.40382609151e-06	4.6021289332e-07	2.85457353194e-07	4.34457015784e-08	-4.81196717658e-08	-1.45218102384e-08	1.53489720308e-08	-4.50911823343e-09	-2.94668425671e-08	-3.67661402046e-09	7.34469739011e-09	7.48315657197e-09	-8.52470542108e-10	4.41193678518e-10	2.65940948658e-10	-1.82427968104e-10	-3.37362541868e-11	2.571578422e-12	4.58220924296e-10	-3.74982037413e-10	-8.00328777999e-10	4.48268630744e-10
HMPMockV1.2.Staggered2;k__Bacteria;p__Proteobacteria;c__Alphaproteobacteria;o__Rhodobacterales;f__Rhodobacteraceae;g__Rhodobacter	-0.00445344490729	0.00433544421267	0.0002459069781	-2.1886300395e-05	-1.59112239048e-07	8.14439584046e-06	-2.73320176929e-06	1.35863157568e-06	-2.40059258449e-08	3.1443109726e-06	-2.01977267513e-07	-2.25510838764e-07	1.00889682648e-07	-2.74885040218e-08	-3.4057781471e-09	7.81756871132e-10	-7.71127191455e-09	-8.52951427928e-09	-3.65253632162e-09	-8.20057313263e-10	6.12644298627e-09	-1.78703307242e-09	-2.55883632048e-09	-3.40881975384e-11	-3.8615182296e-10	-9.2555529889e-13	2.56813209976e-12	4.58220924279e-10	-3.74982037414e-10	-8.00328778003e-10	4.48268630745e-10
HMPMockV1.1.Even2;k__Bacteria;p__[Thermi];c__Deinococci;o__Deinococcales;f__Deinococcaceae;g__Deinococcus	-0.0146415993079	0.0171704834876	0.000762850105357	-6.00803941465e-05	-7.25265467087e-05	3.51131566367e-05	1.48917878654e-06	1.89961006502e-06	2.4695429017e-06	5.71218197085e-06	-1.10023829936e-06	-3.40746982435e-07	2.24032115658e-07	-3.63604075706e-08	1.50877217634e-07	4.39164969128e-08	-2.83587513016e-09	4.48672008496e-08	2.41513169233e-08	9.36683251074e-10	-1.93057488885e-08	1.16744402242e-08	4.97315869396e-09	4.71763936581e-10	3.05045372232e-09	7.22114957444e-11	2.64218905717e-12	4.58220924655e-10	-3.74982037394e-10	-8.0032877792e-10	4.48268630741e-10
HMPMockV1.1.Even2;k__Bacteria;p__Firmicutes;c__Bacilli;o__Lactobacillales;f__Streptococcaceae;g__Streptococcus	0.0120837163507	-0.0252848604742	-0.000467230546218	-0.000268580995916	-1.52554644604e-05	3.93451147473e-05	7.1511301324e-05	-2.9124849717e-06	-9.07163782756e-06	-9.02823413451e-06	4.66464061581e-07	2.25980518706e-07	5.50883951512e-08	-5.19859521181e-08	-9.47737421027e-09	2.63821545375e-08	-8.74417292701e-09	-3.76277088325e-08	-5.41613221262e-09	7.74318388917e-09	9.48283637871e-09	-1.05240523235e-09	-3.53548457695e-10	1.52952559754e-10	-2.40051754688e-10	-4.21897742687e-11	2.571678431e-12	4.58220924297e-10	-3.74982037413e-10	-8.00328777999e-10	4.48268630744e-10
HMPMockV1.2.Staggered1;k__Bacteria;p__Proteobacteria;c__Alphaproteobacteria;o__Rhodobacterales;f__Rhodobacteraceae;g__Rhodobacter	-0.00390907396267	0.00380150210597	0.000221115588064	-2.02405737805e-05	-7.99466115535e-07	7.91871414702e-06	-1.51626671783e-06	1.19906560785e-06	-4.11031481193e-10	2.42933992127e-06	-2.21023129361e-07	-1.93249888602e-07	8.5406179466e-08	-2.17375467628e-08	3.15654179692e-09	2.21223907967e-09	-1.13829129199e-08	-7.63687915127e-09	-1.24049524372e-09	-5.53335448004e-10	5.50289419483e-09	-1.72393799476e-09	-2.10873102245e-09	-9.65880665346e-12	-1.97612118977e-10	-1.45918644403e-11	2.57197821457e-12	4.58220924298e-10	-3.74982037413e-10	-8.00328777999e-10	4.48268630744e-10
HMPMockV1.1.Even1;k__Bacteria;p__[Thermi];c__Deinococci;o__Deinococcales;f__Deinococcaceae;g__Deinococcus	-0.0145747604125	0.0172247105955	0.000751764567515	-6.01877795357e-05	-7.69357398577e-05	3.57654115054e-05	2.20454930665e-06	1.77087046245e-06	2.26138957231e-06	5.34456399405e-06	-1.09316627842e-06	-3.48746857827e-07	2.02082665294e-07	-3.47803979257e-08	1.25426670833e-07	4.08517044374e-08	-1.26860053648e-09	3.47119295764e-08	1.53902888203e-08	1.51467918074e-09	-1.62045926197e-08	9.72845370413e-09	3.69779702739e-09	2.10161003278e-10	2.53495503391e-09	6.02208623943e-11	2.63182797408e-12	4.58220924603e-10	-3.74982037396e-10	-8.00328777931e-10	4.48268630742e-10
HMPMockV1.2.Staggered2;k__Bacteria;p__Proteobacteria;c__Gammaproteobacteria;o__Enterobacteriales;f__Enterobacteriaceae;g__	-0.0423563411218	-0.00506250481366	0.00531627172219	0.000586630557977	0.00152770493556	-0.000448824880268	0.000752016669383	-3.2640656714e-05	-0.000101009817314	-0.00013814620783	-3.47069307236e-06	5.72598109569e-07	1.27081018451e-06	-1.01147456772e-06	-4.27975622081e-07	-2.25974798037e-07	3.52590272103e-08	-2.40823402436e-07	9.11955850585e-08	-5.79960978688e-08	8.93966155672e-08	-3.62100719329e-08	-1.8319086201e-08	5.43351041851e-09	-7.37537203641e-09	-3.86883642215e-10	2.45266270086e-12	4.5822092369e-10	-3.74982037446e-10	-8.00328778133e-10	4.48268630749e-10
HMPMockV1.1.Even2;k__Bacteria;p__Bacteroidetes;c__Bacteroidia;o__Bacteroidales;f__Bacteroidaceae;g__Bacteroides	-0.014956040515	0.0167871718479	0.000761665006835	-0.000121475067855	-0.000123193647993	4.58582683671e-05	2.43958789994e-05	2.12222197129e-06	4.42367576016e-07	3.39752377026e-06	-1.19692206369e-06	-3.85051845656e-07	1.09722856427e-07	-2.38281786172e-09	4.9936767794e-09	-2.20297082726e-09	-2.30908027716e-09	-3.57457348411e-09	2.4187026481e-09	-2.19884950909e-09	1.13931654713e-09	-9.88274737444e-10	-1.12447346275e-09	-1.15842431879e-10	-2.99333601674e-10	-4.43321155083e-12	2.57580303493e-12	4.58220924318e-10	-3.74982037412e-10	-8.00328777995e-10	4.48268630744e-10
HMPMockV1.2.Staggered2;k__Archaea;p__Euryarchaeota;c__Methanobacteria;o__Methanobacteriales;f__Methanobacteriaceae;g__Methanobrevibacter	-0.0193342556012	-0.0216006491546	0.0014621112235	-0.00147325885206	-0.000544804467812	0.00027427061413	0.000361956237519	-2.77998485096e-06	-2.12749629973e-05	-1.72550178087e-05	-3.48160729783e-06	-5.03961281987e-07	1.45861572032e-07	-8.13100608085e-07	-6.89216852861e-07	-1.83800748297e-07	4.01504006225e-08	2.64895195232e-07	2.48932804468e-07	-1.74397534957e-08	-4.65213703402e-08	1.53310171698e-08	6.69567413799e-08	1.36832716051e-08	-8.04722277717e-11	2.29539534357e-10	2.42364803689e-12	4.58220923545e-10	-3.74982037454e-10	-8.00328778169e-10	4.48268630753e-10
HMPMockV1.1.Even1;k__Bacteria;p__Bacteroidetes;c__Bacteroidia;o__Bacteroidales;f__Bacteroidaceae;g__Bacteroides	-0.0148995611141	0.0168234716244	0.000757411783157	-0.000121340716472	-0.0001240981196	4.56445660753e-05	2.39588390447e-05	2.20836644841e-06	2.1525129754e-07	3.39453522527e-06	-1.1876756225e-06	-3.98439649697e-07	9.93685534491e-08	-9.01188882021e-09	-1.63627764069e-09	-1.58784575908e-09	-2.37584926617e-09	-1.98291170637e-09	3.21542597304e-09	-1.44685006904e-09	3.10003889375e-10	-1.33456441833e-09	-5.82016587533e-10	1.39479249457e-10	-2.66088317042e-10	2.89849721413e-11	2.57504686528e-12	4.58220924314e-10	-3.74982037412e-10	-8.00328777996e-10	4.48268630744e-10
HMPMockV1.2.Staggered1;k__Archaea;p__Euryarchaeota;c__Methanobacteria;o__Methanobacteriales;f__Methanobacteriaceae;g__Methanobrevibacter	-0.0187649716695	-0.0222104521111	0.00142309411675	-0.00147350544764	-0.000551597903012	0.000275066041919	0.000362968998275	-3.09111495185e-06	-2.19924618043e-05	-1.77785171826e-05	-3.50940138106e-06	-3.99682878997e-07	1.83569888532e-07	-7.61398720131e-07	-6.48105468269e-07	-1.7227890158e-07	3.09160590028e-08	2.48460100377e-07	2.32844552024e-07	-1.35496833555e-08	-4.05420370057e-08	1.30701546245e-08	6.31473917839e-08	1.29551342608e-08	-3.93068154944e-10	2.03425209033e-10	2.43322132984e-12	4.58220923594e-10	-3.74982037452e-10	-8.00328778158e-10	4.48268630752e-10
HMPMockV1.2.Staggered1;k__Bacteria;p__Proteobacteria;c__Gammaproteobacteria;o__Enterobacteriales;f__Enterobacteriaceae;g__	-0.0423400410756	-0.00504699414403	0.00530983320452	0.00059037427707	0.00151975052647	-0.000448229676328	0.000761793546725	-3.20504323863e-05	-9.92647988022e-05	-0.000139691769652	-3.35441844499e-06	4.24728237345e-07	1.2982631221e-06	-1.05130709423e-06	-4.519578778e-07	-2.41411916727e-07	3.90050245784e-08	-2.27114922982e-07	1.04714074311e-07	-5.85818188616e-08	8.88372041771e-08	-3.4235455233e-08	-1.50315632851e-08	6.32405913189e-09	-6.69766304892e-09	-3.8352793813e-10	2.44873687613e-12	4.5822092367e-10	-3.74982037447e-10	-8.00328778137e-10	4.48268630749e-10
HMPMockV1.1.Even2;k__Bacteria;p__Firmicutes;c__Clostridia;o__Clostridiales;f__Clostridiaceae;g__Clostridium	-0.00205941614471	0.00118845502788	0.000160920977282	1.23185574434e-05	8.67474308162e-06	3.14869288405e-05	-1.18640204277e-06	1.22363038284e-06	-1.26227137549e-07	-7.26678926773e-07	-2.41598849063e-07	-3.3563748196e-07	2.30952933131e-07	-1.07925533325e-07	-2.46239451447e-08	9.78019935803e-09	-7.0331735963e-10	-4.39377682239e-08	3.32129945299e-09	1.64327546019e-09	1.06870025876e-08	-2.55648457759e-09	-3.22010726093e-09	2.01417465953e-10	-1.77722085316e-10	-5.05844056551e-11	2.55172487423e-12	4.58220924195e-10	-3.74982037419e-10	-8.00328778022e-10	4.48268630745e-10
HMPMockV1.1.Even1;k__Bacteria;p__Proteobacteria;c__Epsilonproteobacteria;o__Campylobacterales;f__Helicobacteraceae;g__Helicobacter	-0.0140844408566	0.0146811778519	0.00080267474392	-0.000120523437748	-8.18567634765e-05	4.02978609796e-05	2.71905181361e-05	1.0854920774e-06	1.06856883052e-06	3.04469340883e-06	-1.23044633883e-06	-4.31848620113e-07	2.57891810286e-07	-4.82554545518e-08	1.47395754004e-08	1.63616068949e-11	7.65083176141e-10	-3.05389718047e-08	8.58850672176e-09	-5.47186167438e-09	8.28449832496e-09	-1.83001092073e-09	-5.167134635e-09	-4.29072790477e-10	-3.62614010517e-10	-6.37067365749e-11	2.5681700456e-12	4.58220924279e-10	-3.74982037414e-10	-8.00328778003e-10	4.48268630744e-10
HMPMockV1.1.Even1;k__Bacteria;p__Firmicutes;c__Clostridia;o__Clostridiales;f__Clostridiaceae;g__Clostridium	-0.000416173244965	-0.000746126492177	7.54007570949e-05	1.29022756304e-05	2.25191113099e-05	2.67228559884e-05	-1.99459652128e-06	3.30072391243e-07	-7.59763682361e-07	-1.07333686941e-06	-7.41695199392e-08	-2.54310817925e-07	2.1687619981e-07	-1.03804427034e-07	-1.50174254492e-08	2.31386102514e-08	-3.98508119674e-09	-4.49006273931e-08	-9.22485638839e-10	4.57113389609e-09	1.21379819606e-08	-1.16383641288e-09	-3.07764819727e-09	1.76721924958e-11	-2.65326007837e-10	-5.28248825623e-11	2.55416354634e-12	4.58220924207e-10	-3.74982037418e-10	-8.00328778019e-10	4.48268630745e-10
HMPMockV1.1.Even2;k__Bacteria;p__Proteobacteria;c__Epsilonproteobacteria;o__Campylobacterales;f__Helicobacteraceae;g__Helicobacter	-0.0140669424252	0.0146777094277	0.000803105158638	-0.000124810254019	-8.22796925474e-05	4.1692518805e-05	2.51036298386e-05	8.05283354724e-07	7.87805790749e-07	3.560872065e-06	-1.25403767064e-06	-4.02684450712e-07	2.5142242678e-07	-7.72959674914e-08	-1.82946066528e-08	-7.67984167158e-09	2.86902333541e-09	-2.31085844661e-08	1.84803357099e-08	3.46236464724e-10	8.27863311932e-09	-1.034420962e-09	-5.12013641187e-10	4.99830602463e-10	-2.71691150536e-10	-3.47406190932e-11	2.55414943303e-12	4.58220924207e-10	-3.74982037418e-10	-8.00328778019e-10	4.48268630745e-10
HMPMockV1.2.Staggered1;k__Bacteria;p__Firmicutes;c__Bacilli;o__Bacillales;Other;Other	0.467136884364	0.285727814914	0.025662730162	-0.00228278030131	-0.0022142637997	-0.00291222752864	-0.00107216197884	9.11342716341e-05	-3.37843563653e-05	-0.000224884056874	-4.08882968124e-05	-2.6088097857e-05	7.7146305595e-06	-3.8201663104e-06	6.83375517948e-08	-5.56162780376e-07	4.16845478095e-07	-1.18954644134e-06	2.09527710308e-07	-1.11894997577e-07	2.5633093223e-07	-2.5027372128e-08	-7.95988173025e-08	4.14690281915e-09	-4.92802807476e-09	-1.16760348577e-09	2.22290161679e-12	4.5822092252e-10	-3.7498203751e-10	-8.00328778389e-10	4.48268630757e-10
HMPMockV1.2.Staggered2;k__Bacteria;p__Firmicutes;c__Bacilli;o__Bacillales;Other;Other	0.462229043146	0.283098439224	0.0252863501479	-0.00226693893616	-0.00229807003308	-0.00286590795036	-0.000996682436113	8.90413374166e-05	-2.66036170935e-05	-0.000230304274931	-3.99028854575e-05	-2.67720171523e-05	7.85018945057e-06	-3.94676137576e-06	1.77187376454e-07	-5.7799530523e-07	4.28409704357e-07	-1.23664283676e-06	1.9956472112e-07	-9.944742039e-08	2.64303129099e-07	-3.76605404997e-08	-7.81504986801e-08	5.06283792707e-09	-6.66940568695e-09	-1.22246659396e-09	2.21276464124e-12	4.58220922469e-10	-3.74982037513e-10	-8.00328778401e-10	4.48268630757e-10
HMPMockV1.1.Even2;k__Bacteria;p__Proteobacteria;c__Betaproteobacteria;o__Neisseriales;f__Neisseriaceae;g__Neisseria	-0.0127667176944	0.0152425613604	0.000640884150764	-6.62470978337e-05	-7.46161503112e-05	2.42101153821e-05	-1.00598484764e-06	2.01327950404e-06	7.60534520947e-07	5.50099781547e-06	-9.49645549423e-07	-3.51463180787e-07	9.71821966917e-08	-3.39091230152e-09	-1.68251971401e-08	-1.21008892636e-08	-1.3712963704e-08	-2.19664021491e-08	1.47119121555e-08	-6.7905852901e-09	8.8385603355e-09	-4.35366774092e-09	-3.82350220851e-09	2.95842904799e-11	-1.09560202191e-09	-3.4686279674e-11	2.55311030937e-12	4.58220924202e-10	-3.74982037418e-10	-8.0032877802e-10	4.48268630745e-10
HMPMockV1.1.Even2;k__Bacteria;p__Firmicutes;c__Bacilli;o__Bacillales;f__Listeriaceae;g__	-0.0405100330959	-0.00701645817194	0.00518882681832	0.000610441730274	0.00150488066633	-0.000446766662422	0.000784684828516	-2.01669364473e-05	-0.000105939249403	-0.000151485066193	-2.75647946752e-06	-1.25769807804e-06	1.34871080268e-06	-1.06672291574e-06	-1.71652124981e-07	-1.37813111426e-07	-2.02479129225e-08	-1.90471153607e-07	-8.19083679648e-08	-1.05356053636e-07	6.62916838893e-08	-6.41050831768e-08	-5.95395209024e-08	-3.49989986446e-09	-1.14175163506e-08	-3.17932575851e-10	2.64097135637e-12	4.58220924647e-10	-3.74982037394e-10	-8.00328777919e-10	4.4826863074e-10
HMPMockV1.1.Even2;k__Bacteria;p__Firmicutes;c__Bacilli;o__Bacillales;Other;Other	0.378143706918	0.238837877731	0.0171234875167	-0.00451712110506	-0.00549947699296	-0.00147182461801	-0.000302176392506	0.000137590687479	0.000196304541981	-0.000153131837152	-2.49990517594e-05	-3.11639129956e-05	7.37070889168e-06	-3.60435821513e-06	-6.05317859599e-07	-3.49595880224e-07	8.23765054189e-07	-1.41598700476e-06	3.8783346326e-07	1.30051223556e-08	1.53441604241e-07	8.73763974404e-08	-5.90468246394e-09	6.40545533915e-09	1.9998174975e-08	-8.06462157998e-10	2.29749325809e-12	4.58220922901e-10	-3.74982037489e-10	-8.00328778306e-10	4.48268630755e-10
HMPMockV1.1.Even1;k__Bacteria;p__Firmicutes;c__Bacilli;o__Bacillales;Other;Other	0.381951613657	0.240847352852	0.0174614807876	-0.00448054748722	-0.0054045211289	-0.00153235969075	-0.000331862769047	0.000145269532083	0.00018790058517	-0.000154013511403	-2.47234276766e-05	-3.20919842676e-05	7.14538516201e-06	-3.51029130877e-06	-5.18878622369e-07	-3.25998611198e-07	7.83878547774e-07	-1.41817508895e-06	3.59858479575e-07	1.1947271277e-08	1.55332586575e-07	8.75465717095e-08	-8.67824436697e-09	6.55013330081e-09	1.8274365577e-08	-8.01446095879e-10	2.28104336954e-12	4.58220922818e-10	-3.74982037494e-10	-8.00328778325e-10	4.48268630756e-10
HMPMockV1.1.Even1;k__Bacteria;p__Firmicutes;c__Bacilli;o__Bacillales;f__Listeriaceae;g__	-0.0404170419317	-0.00708899927518	0.00517633044655	0.000609268728076	0.0014994419993	-0.000452113099946	0.000794824918684	-2.22378529986e-05	-0.000104216504685	-0.000151798235021	-2.74739919079e-06	-1.06253215489e-06	1.38988444272e-06	-1.03535549961e-06	-1.77018491859e-07	-1.68838639462e-07	-1.02562445746e-08	-1.89746026027e-07	-7.35563923048e-08	-9.30873203972e-08	7.48092118259e-08	-5.95598918959e-08	-5.438527663e-08	-2.39192790146e-09	-1.04754480352e-08	-3.45831767195e-10	2.62471931395e-12	4.58220924565e-10	-3.74982037399e-10	-8.00328777938e-10	4.48268630741e-10
HMPMockV1.2.Staggered2;k__Bacteria;p__Firmicutes;c__Clostridia;o__Clostridiales;f__Clostridiaceae;g__Clostridium	0.024674149029	-0.0323583843422	-0.00111430352436	0.000115590104863	0.00021117649591	-2.57815542828e-05	-1.53234659619e-05	-3.10805577351e-06	-3.68605587707e-06	-8.44901177525e-06	1.8663233364e-06	4.18947516313e-07	8.6989252847e-08	-1.08351193325e-07	-1.17867987866e-08	2.35539460533e-08	-5.41394068107e-09	-5.27661290489e-08	1.56631971716e-08	5.46103508122e-11	8.49359261472e-09	5.44920089248e-11	-2.94375811656e-09	6.03947117434e-10	4.80007163412e-10	-4.53634824833e-11	2.56219755177e-12	4.58220924248e-10	-3.74982037416e-10	-8.0032877801e-10	4.48268630745e-10
HMPMockV1.2.Staggered1;k__Bacteria;p__Firmicutes;c__Clostridia;o__Clostridiales;f__Clostridiaceae;g__Clostridium	0.0248816815518	-0.0324973328041	-0.00112982526479	0.000110359385276	0.000211415530336	-3.57352365055e-05	-1.45823791655e-05	-3.54953634997e-06	-3.99392183692e-06	-8.29529139666e-06	1.96636763866e-06	4.91378153933e-07	1.96976852984e-08	-9.06543313481e-08	-1.01654069396e-08	2.078300983e-08	2.0740276165e-10	-3.47042231228e-08	9.68537128335e-10	3.19874071262e-09	6.39165591872e-09	3.44080380615e-10	-1.78586733802e-09	2.667972525e-10	3.72689209096e-10	-3.27125058497e-11	2.57010954316e-12	4.58220924289e-10	-3.74982037414e-10	-8.00328778001e-10	4.48268630744e-10
HMPMockV1.1.Even1;k__Bacteria;p__Proteobacteria;c__Betaproteobacteria;o__Neisseriales;f__Neisseriaceae;g__Neisseria	-0.0125953005607	0.0150976380794	0.000631720705228	-6.26354449813e-05	-7.3680841763e-05	2.50435363528e-05	-1.46095578758e-06	2.01275689702e-06	4.83895068064e-07	5.3752927572e-06	-9.73747754677e-07	-4.01606439426e-07	1.00457221527e-07	-7.89741559052e-09	-9.97151570374e-09	-3.80587760242e-09	-1.37571286649e-08	-2.19329452225e-08	8.23329065904e-09	-3.16172796773e-09	8.47305323847e-09	-3.54834935947e-09	-3.02348994943e-09	-6.52161185067e-11	-9.22304209177e-10	-3.3279898087e-11	2.55622945932e-12	4.58220924218e-10	-3.74982037417e-10	-8.00328778017e-10	4.48268630745e-10
HMPMockV1.1.Even2;k__Bacteria;p__Proteobacteria;c__Gammaproteobacteria;o__Pseudomonadales;f__Pseudomonadaceae;g__Pseudomonas	-0.0200303417525	-0.0360640014942	0.00827285485418	0.00730181431746	-0.00225967292979	0.00283182427271	0.000297699401619	7.83774155101e-05	0.000365577033621	0.000413255769113	-7.3253156167e-06	-4.91022604174e-06	-2.13626659615e-06	4.40377849307e-06	1.30126071952e-06	3.56403722296e-07	7.12272144732e-08	4.19508185536e-07	-3.54764618978e-07	-3.83610722362e-08	-2.37397997847e-07	4.39549544339e-08	-6.59005507731e-08	-2.96290903144e-08	1.28902739659e-08	9.80659044304e-10	3.13280018109e-12	4.58220927154e-10	-3.74982037257e-10	-8.00328777366e-10	4.4826863072e-10
HMPMockV1.1.Even1;k__Bacteria;p__Proteobacteria;c__Gammaproteobacteria;o__Pseudomonadales;f__Pseudomonadaceae;g__Pseudomonas	-0.0197351287063	-0.0364087920575	0.00825783736819	0.00730614543991	-0.00226502214944	0.00282500375814	0.000297180954354	7.87763550739e-05	0.000364626077292	0.000413958564309	-7.23759963535e-06	-4.87663121802e-06	-2.16597676862e-06	4.4682958403e-06	1.33833691578e-06	3.49149093285e-07	7.2722115584e-08	4.1893025983e-07	-3.71192828516e-07	-3.63828478258e-08	-2.35559387109e-07	4.38199059309e-08	-6.78293346264e-08	-3.02335860557e-08	1.27111533528e-08	9.76007962659e-10	3.14077400884e-12	4.58220927194e-10	-3.74982037255e-10	-8.00328777357e-10	4.4826863072e-10
HMPMockV1.1.Even2;k__Bacteria;p__Actinobacteria;c__Actinobacteria;o__Actinomycetales;f__Actinomycetaceae;g__Actinomyces	-0.0144989973114	0.0167978095616	0.000723571937634	-8.71232290195e-05	-0.000108144001366	4.04966751708e-05	1.66220346545e-05	2.26304046188e-06	6.68382545456e-07	3.73822324204e-06	-1.3346887217e-06	-4.67107159869e-07	1.38185846801e-07	-1.59354490871e-08	-2.8570701655e-09	-2.17943602272e-09	-4.08309513127e-09	-9.99725710913e-09	3.14929839488e-09	-4.73648471326e-09	2.99154067069e-09	-1.9956108699e-09	-2.72436649661e-09	-2.08365045596e-10	-5.09420808388e-10	-1.22944800676e-11	2.5710746124e-12	4.58220924294e-10	-3.74982037413e-10	-8.00328778e-10	4.48268630744e-10
HMPMockV1.2.Staggered2;k__Bacteria;p__Proteobacteria;c__Gammaproteobacteria;o__Pseudomonadales;f__Pseudomonadaceae;g__Pseudomonas	0.0244389999778	-0.0855930733145	0.00541022616948	0.00674578296244	-0.00174478793871	0.00243214749803	0.000242521176373	6.51670358866e-05	0.000322324253559	0.000362066990454	-3.01693655931e-06	-3.21928454321e-06	-2.2675144915e-06	4.03425981867e-06	1.20194316777e-06	3.23340504675e-07	5.69287667017e-08	3.88311517966e-07	-3.42984110321e-07	-2.889688721e-08	-2.12334376824e-07	3.99992141686e-08	-5.99323597031e-08	-2.70613151546e-08	1.21500978097e-08	8.78319495354e-10	3.10445538288e-12	4.58220927009e-10	-3.74982037265e-10	-8.00328777398e-10	4.48268630721e-10
HMPMockV1.1.Even1;k__Bacteria;p__Actinobacteria;c__Actinobacteria;o__Actinomycetales;f__Actinomycetaceae;g__Actinomyces	-0.0143180902392	0.0168687298939	0.000709569800371	-8.07709511707e-05	-0.000104100206165	3.95127108868e-05	1.47598491375e-05	2.40077358159e-06	9.96885466935e-07	3.80884332192e-06	-1.17307410931e-06	-4.27958519047e-07	1.13257720174e-07	-9.04593925355e-09	1.0032345292e-09	-2.36301138215e-09	-4.16880973751e-09	-7.68846561964e-09	6.26274363939e-09	-4.94128709156e-09	1.95055370087e-09	-1.5532342748e-09	-2.16521269098e-09	-1.1520005491e-10	-4.08168906812e-10	-8.12426230062e-12	2.57242427937e-12	4.582209243e-10	-3.74982037413e-10	-8.00328777998e-10	4.48268630744e-10
HMPMockV1.1.Even1;k__Bacteria;p__Proteobacteria;c__Alphaproteobacteria;o__Rhodobacterales;f__Rhodobacteraceae;g__Rhodobacter	0.0150379783283	-0.0197720896847	-0.000687925339481	4.5430244208e-05	0.000137098315885	-3.82103378888e-05	-1.06649221211e-05	-2.4329119591e-06	-1.45855833576e-06	-3.03392290872e-06	1.29459265124e-06	4.12582486807e-07	-3.86699872967e-08	-1.82900866039e-08	-7.61598119203e-09	4.89376794869e-09	-4.06338834579e-09	-2.37592383771e-08	-4.88572406584e-09	1.00897316855e-08	1.05149627401e-08	-3.12195653391e-10	4.60160477507e-10	2.21076042662e-10	6.37950400478e-11	-4.25500339228e-11	2.56494918047e-12	4.58220924262e-10	-3.74982037415e-10	-8.00328778007e-10	4.48268630745e-10
HMPMockV1.2.Staggered1;k__Bacteria;p__Proteobacteria;c__Gammaproteobacteria;o__Pseudomonadales;f__Pseudomonadaceae;g__Pseudomonas	0.0285383492041	-0.090158427211	0.0051385286647	0.00668767622468	-0.00170718900068	0.0023806103837	0.000236649873918	6.37944262913e-05	0.000317883829789	0.000357682422247	-2.54184492866e-06	-2.98839486814e-06	-2.27171381029e-06	4.00855552771e-06	1.18994410361e-06	2.93939381259e-07	6.95919157131e-08	4.06084665095e-07	-3.56113702959e-07	-2.68130244006e-08	-2.11985790558e-07	3.91803881811e-08	-5.91540608838e-08	-2.71575308082e-08	1.16764163681e-08	8.81575164509e-10	3.10621437161e-12	4.58220927018e-10	-3.74982037265e-10	-8.00328777396e-10	4.48268630721e-10
HMPMockV1.1.Even2;k__Archaea;p__Euryarchaeota;c__Methanobacteria;o__Methanobacteriales;f__Methanobacteriaceae;g__Methanobrevibacter	0.2826780158	-0.367962951553	-0.0134542051654	0.000605075654304	0.00191107160669	-0.00061403564488	-2.48749039502e-05	-5.12530438293e-05	-3.77475830824e-05	-9.35631169406e-05	2.2107878397e-05	8.45796792366e-06	-1.74877128125e-06	-1.92953274811e-07	-2.64605794839e-07	-4.8724984758e-08	8.24248075193e-08	8.49735979438e-08	1.50571247218e-09	4.5798043756e-08	-1.10293159132e-08	1.76477672802e-08	3.39698497519e-08	5.89120936128e-09	4.9819617619e-09	4.48992358597e-11	2.62213515807e-12	4.58220924554e-10	-3.74982037399e-10	-8.00328777943e-10	4.48268630742e-10
HMPMockV1.1.Even1;k__Archaea;p__Euryarchaeota;c__Methanobacteria;o__Methanobacteriales;f__Methanobacteriaceae;g__Methanobrevibacter	0.294481616232	-0.381478376471	-0.0140403402485	0.000681118370238	0.00200453220605	-0.000648316958167	-3.98840863186e-05	-5.29659896218e-05	-3.90636213603e-05	-9.65360635427e-05	2.31172606498e-05	8.78780523779e-06	-1.82785995382e-06	-1.32647914142e-07	-2.16695459026e-07	-3.35468813867e-08	8.64474095856e-08	5.88461362961e-08	-2.30080934418e-08	4.83599860633e-08	-7.50853214466e-09	1.70414707348e-08	2.8949198035e-08	4.79736539939e-09	5.14543978254e-09	2.64084909958e-11	2.6361910973e-12	4.58220924626e-10	-3.74982037396e-10	-8.00328777926e-10	4.48268630742e-10
HMPMockV1.1.Even2;k__Bacteria;p__Proteobacteria;c__Alphaproteobacteria;o__Rhodobacterales;f__Rhodobacteraceae;g__Rhodobacter	0.0174039331465	-0.0228863062033	-0.000799880166249	5.74390620233e-05	0.000153521650808	-4.1915259254e-05	-1.32414910416e-05	-3.32150654923e-06	-1.98394596201e-06	-3.46457371005e-06	1.51697709321e-06	5.18523386524e-07	-3.30789784312e-08	-6.64508092516e-09	1.08960229983e-09	1.45562548388e-08	-2.52433682248e-09	-2.87304965488e-08	-4.62243469876e-09	1.01479304923e-08	7.53758183288e-09	1.56793875028e-09	5.94553293983e-10	2.27772318087e-10	5.62741116727e-10	-3.3286200282e-11	2.57085326187e-12	4.58220924292e-10	-3.74982037413e-10	-8.00328778e-10	4.48268630744e-10
HMPMockV1.2.Staggered2;k__Bacteria;p__Proteobacteria;c__Gammaproteobacteria;o__Pseudomonadales;f__Moraxellaceae;g__Acinetobacter	0.0676101900266	-0.0793850806302	-0.00374004860534	-0.000419600509139	0.00156213499125	0.000702022978011	0.000644889030431	-4.05339041354e-05	3.74066194263e-05	1.68666494908e-05	7.56374284805e-06	5.96178556817e-06	-9.05384545268e-07	6.95960704993e-07	-4.90410251798e-08	8.04347896189e-08	1.14216314521e-08	1.47236212453e-07	-3.63017525038e-08	2.689855667e-08	-3.33205848874e-08	7.71824871237e-09	1.22260025136e-08	-1.82816780281e-10	2.15236505081e-09	1.45697589674e-10	2.63974505164e-12	4.58220924643e-10	-3.74982037394e-10	-8.00328777923e-10	4.48268630742e-10
HMPMockV1.2.Staggered1;k__Bacteria;p__Proteobacteria;c__Gammaproteobacteria;o__Pseudomonadales;f__Moraxellaceae;g__Acinetobacter	0.0706933269581	-0.0833288947228	-0.00389578043384	-0.000399668310833	0.00157268644749	0.000684093349096	0.000639480101233	-4.08106428241e-05	3.65094532638e-05	1.63920693129e-05	7.83558426806e-06	6.04643914523e-06	-9.45098534305e-07	7.08474807877e-07	-4.55438351605e-08	7.70779275341e-08	1.33842596633e-08	1.50917140666e-07	-4.1345365153e-08	2.86200331311e-08	-3.39176709608e-08	7.98484068579e-09	1.2704427404e-08	-2.75260271578e-10	2.22455037446e-09	1.4873802551e-10	2.64352538089e-12	4.58220924663e-10	-3.74982037393e-10	-8.00328777918e-10	4.48268630742e-10
HMPMockV1.1.Even2;k__Bacteria;p__Firmicutes;c__Bacilli;o__Lactobacillales;f__Enterococcaceae;g__Enterococcus	-0.0401212663775	-0.00315422703245	0.00367109765914	-0.000785653782849	0.00059530540545	-0.000385896071318	0.000519369009828	3.12026389018e-05	-5.3125426636e-05	-2.05296133525e-05	-0.000136292838305	-3.2883783476e-05	1.81416378009e-05	-3.59549668706e-06	-9.15047460946e-07	-1.06537265173e-06	-1.240378521e-08	-6.43843649342e-07	2.97099431619e-07	-2.41297322549e-07	4.19398249442e-07	-1.60855938893e-07	-1.46440525115e-07	7.57484640724e-09	-4.82505365363e-08	-1.63711388921e-09	1.9098485061e-12	4.58220920925e-10	-3.74982037598e-10	-8.00328778743e-10	4.48268630771e-10
HMPMockV1.1.Even1;k__Bacteria;p__Firmicutes;c__Bacilli;o__Lactobacillales;f__Enterococcaceae;g__Enterococcus	-0.0401127936161	-0.00317055209686	0.00367076156165	-0.000782797810826	0.000587533220418	-0.000396457198947	0.000523173432506	3.04058831792e-05	-5.35631737769e-05	-1.83827579042e-05	-0.000135945459367	-3.30571711353e-05	1.80980064861e-05	-3.59505622477e-06	-9.35643376298e-07	-1.0398911416e-06	-2.51633134938e-08	-6.39565512664e-07	2.85275591905e-07	-2.44721172017e-07	4.17175482756e-07	-1.59479098542e-07	-1.4622635048e-07	9.35864512172e-09	-4.77660630021e-08	-1.6300634421e-09	1.88048533542e-12	4.58220920776e-10	-3.74982037606e-10	-8.00328778777e-10	4.48268630772e-10
HMPMockV1.1.Even1;k__Bacteria;p__Proteobacteria;c__Gammaproteobacteria;o__Enterobacteriales;f__Enterobacteriaceae;g__Escherichia	0.422610049933	-0.528465251916	-0.020356615473	0.00156860394762	0.00305603143637	-0.00102749270546	-0.000205100078347	-7.36426960717e-05	-4.53465520048e-05	-0.000128724841588	3.40323240688e-05	1.25744325944e-05	-2.65786698436e-06	7.53457953614e-08	-8.99895439419e-08	1.0401477541e-08	1.07992366676e-07	5.75754145768e-10	-1.10720043496e-07	7.30039852233e-08	3.98103431093e-09	1.91997604834e-08	1.9130845074e-08	2.37034230088e-09	7.35668918219e-09	-3.45584625516e-11	2.70686511577e-12	4.58220924985e-10	-3.74982037376e-10	-8.00328777846e-10	4.48268630738e-10
HMPMockV1.1.Even2;k__Bacteria;p__Proteobacteria;c__Gammaproteobacteria;o__Enterobacteriales;f__Enterobacteriaceae;g__Escherichia	0.422610049933	-0.528465251916	-0.020356615473	0.00156860394762	0.00305603143637	-0.00102749270546	-0.000205100078347	-7.36426960717e-05	-4.53465520048e-05	-0.000128724841588	3.40323240688e-05	1.25744325944e-05	-2.65786698436e-06	7.53457953614e-08	-8.99895439419e-08	1.0401477541e-08	1.07992366676e-07	5.75754145768e-10	-1.10720043496e-07	7.30039852233e-08	3.98103431093e-09	1.91997604834e-08	1.9130845074e-08	2.37034230088e-09	7.35668918219e-09	-3.45584625516e-11	2.70686511577e-12	4.58220924985e-10	-3.74982037376e-10	-8.00328777846e-10	4.48268630738e-10
HMPMockV1.1.Even2;k__Bacteria;p__Proteobacteria;c__Gammaproteobacteria;o__Enterobacteriales;f__Enterobacteriaceae;g__	-0.0423319302574	-0.00505531541182	0.00531708127769	0.000604691204814	0.00151444973376	-0.000434058286641	0.000761540274898	-3.16819389255e-05	-9.9223382335e-05	-0.000139845478207	-3.33161024231e-06	8.3967868815e-08	1.26054201582e-06	-1.14671259505e-06	-4.90327867039e-07	-1.99985572477e-07	2.45486451617e-08	-2.22184011863e-07	1.30092479911e-07	-7.82581135887e-08	7.59348298954e-08	-3.53866464709e-08	-1.70921898951e-08	6.44302275904e-09	-6.24133924087e-09	-3.42272643619e-10	2.46144591703e-12	4.58220923735e-10	-3.74982037444e-10	-8.00328778123e-10	4.48268630749e-10
HMPMockV1.1.Even1;k__Bacteria;p__Proteobacteria;c__Gammaproteobacteria;o__Enterobacteriales;f__Enterobacteriaceae;g__	-0.042317470504	-0.00503859484909	0.00530915655007	0.000609719362462	0.00150339516222	-0.000437588899095	0.00077278930358	-3.04655697762e-05	-9.9681270813e-05	-0.000141874034278	-3.15610274109e-06	2.3062612675e-08	1.29108247678e-06	-1.06311133539e-06	-4.55234738193e-07	-2.19222547981e-07	2.88958999757e-08	-2.65212655679e-07	8.11307741815e-08	-7.31700041882e-08	9.13997105016e-08	-4.21613624364e-08	-2.68736404233e-08	4.45229258273e-09	-8.17500863114e-09	-4.02083385036e-10	2.45531664223e-12	4.58220923703e-10	-3.74982037446e-10	-8.0032877813e-10	4.48268630749e-10
HMPMockV1.2.Staggered2;k__Bacteria;p__Firmicutes;Other;Other;Other;Other	0.306443127845	0.254842631466	-0.0207900998725	0.0218089452325	0.00900928319938	-0.00426023560918	-0.00496117152977	2.45111298788e-05	0.000351933676277	0.000197721384213	6.98094100542e-05	7.37449707286e-06	-1.06635759676e-05	2.56415254551e-06	1.15479900471e-06	7.5810508643e-07	-1.54667423363e-07	5.72204532411e-07	-3.30777403043e-07	8.62515330412e-09	-3.15553039249e-07	9.9473104536e-08	-2.62295351917e-10	-2.25283661123e-08	3.38561601646e-08	1.24687722201e-09	3.23929541998e-12	4.58220927697e-10	-3.74982037227e-10	-8.00328777247e-10	4.48268630716e-10
HMPMockV1.1.Even2;k__Bacteria;p__Proteobacteria;c__Gammaproteobacteria;o__Pseudomonadales;f__Pseudomonadaceae;g__	-0.0514458193499	0.00223696701563	-0.000341703958789	-0.0177350701701	0.0153685699395	-0.00805850668512	-0.00287951345128	-0.000323206224211	0.00126055198181	-0.00056423489989	9.49720939431e-06	-1.04927465483e-05	1.17817443089e-06	-4.41661381485e-06	2.64564279446e-07	-7.12406297364e-07	2.5632090108e-06	-2.00310646683e-06	-2.10474565716e-07	-9.46446965846e-08	-7.51955223553e-08	1.73075174373e-07	1.52268327726e-08	7.0452941331e-10	3.92508670687e-08	-1.01804560356e-10	2.46423826796e-12	4.58220923746e-10	-3.74982037442e-10	-8.00328778119e-10	4.48268630749e-10
HMPMockV1.1.Even1;k__Bacteria;p__Proteobacteria;c__Gammaproteobacteria;o__Pseudomonadales;f__Pseudomonadaceae;g__	-0.0514035611801	0.00216742467462	-0.000291432804138	-0.0176293014667	0.0153161007302	-0.00797845696364	-0.00288213874489	-0.0003129568996	0.0012471844167	-0.00056060041711	9.52824955997e-06	-1.29864708451e-05	6.76116325997e-07	-4.53425298947e-06	3.64982053462e-07	-6.96452339265e-07	2.75392210669e-06	-2.11719933182e-06	-2.41408611855e-07	-1.08589761135e-07	-1.20872046002e-07	1.93232136754e-07	2.19204324301e-08	-1.31268636192e-09	4.06142724171e-08	6.9607330284e-11	2.42077157624e-12	4.58220923526e-10	-3.74982037454e-10	-8.0032877817e-10	4.48268630752e-10
HMPMockV1.1.Even2;k__Bacteria;p__Proteobacteria;c__Gammaproteobacteria;o__Pseudomonadales;f__Pseudomonadaceae;Other	0.0937843485863	0.111791850624	-0.0231616428597	-0.00323504583428	-0.00931044760064	9.29752289507e-05	0.00213031678203	9.98758508406e-05	-0.00236398590588	-0.000615776155267	1.08624016467e-05	2.52763769311e-05	5.26001345404e-06	-8.29523472454e-06	-3.92791935498e-06	-2.7593299844e-07	-2.86501285088e-06	7.86746800588e-07	1.25816803301e-06	2.1760826958e-07	7.86355097591e-07	-3.08259865319e-07	1.68043104765e-07	8.61189340829e-08	-7.83782858649e-08	-2.83012646631e-09	1.06453844384e-12	4.58220916626e-10	-3.74982037833e-10	-8.003287797e-10	4.48268630809e-10
HMPMockV1.2.Staggered1;k__Bacteria;p__Firmicutes;Other;Other;Other;Other	0.306595388671	0.25491868861	-0.0207720848445	0.0218327635079	0.00902444517182	-0.00425871767849	-0.00497113287059	2.37787687109e-05	0.000362676947025	0.00020169989619	6.62066657006e-05	6.68503565825e-06	-1.03361996979e-05	2.13254511234e-06	8.27916995523e-07	6.11987201053e-07	-1.34405559215e-07	7.30925719125e-07	-1.69115782615e-07	-5.25255656665e-09	-3.28394782119e-07	1.14416263833e-07	3.20299345391e-08	-1.51451009917e-08	3.24847552182e-08	1.35070367897e-09	3.1289232729e-12	4.58220927136e-10	-3.74982037258e-10	-8.00328777372e-10	4.48268630722e-10
HMPMockV1.1.Even1;k__Bacteria;p__Proteobacteria;c__Gammaproteobacteria;o__Pseudomonadales;f__Pseudomonadaceae;Other	0.0934039096038	0.11150826505	-0.0231048978495	-0.00315036806137	-0.00927251800014	9.46365085832e-05	0.00214174096793	9.05683174652e-05	-0.00233885832861	-0.000614864098659	1.05387937354e-05	2.75020949488e-05	5.82210204171e-06	-8.33329573269e-06	-4.16778695138e-06	-2.7478534187e-07	-3.05679676825e-06	9.15622469183e-07	1.27485736431e-06	2.32968778619e-07	8.27967169515e-07	-3.30265592889e-07	1.61372115531e-07	8.71040454797e-08	-8.00847081649e-08	-2.98382774447e-09	1.10032965025e-12	4.58220916807e-10	-3.74982037823e-10	-8.00328779658e-10	4.48268630807e-10
HMPMockV1.2.Staggered2;k__Bacteria;p__Proteobacteria;c__Gammaproteobacteria;o__Enterobacteriales;f__Enterobacteriaceae;Other	0.172599505025	0.141462706653	-0.0151364359223	-0.0192563732487	-0.0188365950918	0.00542422039522	-0.00357539656584	0.000267928597054	0.000520744390658	0.000971412321703	-3.24079324225e-05	-1.63327601402e-05	-3.53562220682e-06	5.34967908639e-06	3.61556494596e-06	1.0099927823e-06	-3.51169120845e-07	1.28633692492e-06	-7.27818715786e-07	2.50281590334e-07	-3.72221950765e-07	1.27880385412e-07	1.41029680663e-07	-9.66963064922e-09	9.00294048016e-09	1.79742289545e-09	2.45473403804e-12	4.5822092371e-10	-3.74982037446e-10	-8.0032877814e-10	4.48268630755e-10
HMPMockV1.1.Even2;k__Bacteria;p__Firmicutes;c__Bacilli;Other;Other;Other	0.30840713976	0.236930398188	-0.00952861269373	0.0121375635133	0.00327907666664	-0.00298009668373	-0.00312599343919	6.70787056433e-06	0.000185041037728	6.40065447785e-05	7.22151065734e-06	1.32887246795e-06	-1.22114947102e-05	3.16627758873e-06	5.98747314921e-07	1.86380752288e-07	2.04969915162e-07	1.48556352551e-06	-1.21886601025e-07	-2.26209667838e-07	-7.34883288901e-07	1.30646025165e-07	1.1844497741e-07	-1.61303029034e-08	1.47969763116e-08	3.05342720753e-09	3.63917771258e-12	4.58220929736e-10	-3.74982037117e-10	-8.00328776802e-10	4.48268630704e-10
HMPMockV1.1.Even1;k__Bacteria;p__Proteobacteria;c__Gammaproteobacteria;o__Pseudomonadales;f__Moraxellaceae;Other	-0.10002163505	-0.0667644751109	0.0228973654029	0.022638255628	-0.0385661910665	-0.0300973381948	-0.0238538093319	0.00102105734927	-0.0015569528433	-0.00135767428164	-8.68005666866e-05	-0.000144257750715	1.97439463769e-05	-2.5503682986e-05	8.29499747682e-07	-2.64564602649e-06	2.13909265007e-07	-5.66467769605e-06	8.61374991565e-07	-5.80677147475e-07	1.31313513206e-06	-1.70358312474e-07	-3.54919508704e-07	2.65906217615e-08	-3.50916042212e-08	-5.8534241429e-09	8.52176825562e-13	4.58220915535e-10	-3.74982037891e-10	-8.00328779923e-10	4.48268630808e-10
HMPMockV1.1.Even1;k__Bacteria;p__Firmicutes;c__Bacilli;Other;Other;Other	0.31347498405	0.239718255972	-0.00914824518603	0.0122300464342	0.00346079540972	-0.00303151698623	-0.0031825095865	9.2505266689e-06	0.00017389579236	6.08220143292e-05	3.86079577772e-06	7.35565973622e-08	-1.22329363831e-05	2.98614112098e-06	6.41440260092e-07	1.72138897148e-07	7.96371952693e-08	1.55807086081e-06	-1.62937164095e-07	-2.09921270201e-07	-7.25267573674e-07	1.0642379545e-07	1.4017297463e-07	-1.84590094571e-08	-6.66785185323e-10	3.09067328404e-09	3.60685437727e-12	4.58220929572e-10	-3.74982037126e-10	-8.00328776839e-10	4.48268630705e-10
HMPMockV1.2.Staggered1;k__Bacteria;p__Proteobacteria;c__Gammaproteobacteria;o__Enterobacteriales;f__Enterobacteriaceae;Other	0.173627245033	0.142343260872	-0.0153593517061	-0.019361871497	-0.0188811414879	0.00546642545754	-0.00369009647933	0.000262865503348	0.000514050089678	0.000989644165607	-3.36663527448e-05	-1.48603076296e-05	-3.70158692521e-06	5.75381785966e-06	3.69149885694e-06	1.16462287996e-06	-3.74990973556e-07	1.20232207515e-06	-7.99950075739e-07	2.86672993746e-07	-3.68329705238e-07	1.38778148133e-07	1.15647788842e-07	-2.53129597471e-08	4.30745344738e-09	1.82812678795e-09	2.61110669128e-12	4.58220924505e-10	-3.74982037402e-10	-8.00328777962e-10	4.48268630748e-10
HMPMockV1.1.Even2;k__Bacteria;p__Proteobacteria;c__Gammaproteobacteria;o__Pseudomonadales;f__Moraxellaceae;Other	-0.0998655627578	-0.0666083127129	0.0228470707642	0.0225960577509	-0.0385155398099	-0.0300444244563	-0.023803394632	0.00101743328654	-0.00155426755792	-0.0013527712923	-8.67219129608e-05	-0.000143883473253	1.96964021887e-05	-2.54503512543e-05	8.01005002702e-07	-2.65809885797e-06	2.30885085134e-07	-5.67444060094e-06	8.77020059697e-07	-5.83298156376e-07	1.31873939061e-06	-1.61085630649e-07	-3.54992853022e-07	2.6933514763e-08	-3.44147066858e-08	-5.85963887715e-09	8.24289470766e-13	4.58220915393e-10	-3.74982037899e-10	-8.00328779955e-10	4.4826863081e-10
HMPMockV1.2.Staggered2;k__Bacteria;p__Firmicutes;c__Bacilli;Other;Other;Other	0.334492968583	0.237927442096	0.000637388551084	0.00697093144744	0.000775621737139	-0.00240789626477	-0.00216922382776	-7.75295481083e-05	0.00023870422454	-2.82323218239e-05	-1.02660389687e-05	2.87252533948e-06	-1.98853517198e-06	-2.1929085207e-06	-1.13341180958e-06	-1.0400259118e-06	1.76158126795e-06	1.23517541936e-06	-8.25067008488e-08	-1.27961695531e-06	-7.8366077046e-07	-2.05325046027e-08	-3.58927883023e-07	-4.91560828332e-08	3.01165937852e-08	2.83474765748e-09	3.81037811489e-12	4.58220930607e-10	-3.74982037069e-10	-8.00328776605e-10	4.48268630694e-10
HMPMockV1.2.Staggered1;k__Bacteria;p__Firmicutes;c__Bacilli;Other;Other;Other	0.34011200508	0.241078517135	0.000992997109499	0.00702672068235	0.000926295460563	-0.00247430787491	-0.00226871404514	-7.04472274989e-05	0.000218227908826	-2.52709215541e-05	-1.0517022726e-05	5.24106119538e-07	-2.44868215378e-06	-1.54070692208e-06	-6.14460417837e-07	-7.8072341806e-07	1.28669766531e-06	9.42987621626e-07	-2.52039783057e-07	-1.07748395694e-06	-6.02945997629e-07	-4.91563444073e-08	-3.51980595133e-07	-4.92288208391e-08	2.87133084367e-08	2.11062296681e-09	3.72779853299e-12	4.58220930184e-10	-3.74982037091e-10	-8.00328776695e-10	4.48268630695e-10
HMPMockV1.1.Even2;k__Bacteria;p__Firmicutes;c__Bacilli;o__Lactobacillales;f__Lactobacillaceae;g__Lactobacillus	-0.00851800692365	0.00529391183685	0.000559513952783	-0.000188838206777	-5.77004055647e-05	3.95675681634e-05	1.90224039723e-05	1.39806914793e-06	-3.19972681204e-06	3.03757374935e-06	-9.06481246523e-07	-2.54068290214e-07	6.04108016295e-08	-8.33019298257e-08	-2.21541673065e-07	-1.56098241826e-08	-3.53483299674e-08	-9.27415182215e-08	1.03680535479e-08	-3.77548739991e-09	2.38097354693e-08	-1.08196736822e-08	-8.4157432979e-09	-1.38620697257e-09	-2.65865314577e-09	-9.68263984641e-11	2.50323290046e-12	4.58220923948e-10	-3.74982037432e-10	-8.00328778076e-10	4.48268630747e-10
HMPMockV1.2.Staggered2;k__Bacteria;p__Proteobacteria;c__Gammaproteobacteria;o__Pseudomonadales;f__Pseudomonadaceae;g__	-0.0513648841722	0.00210818183527	-0.000247998791998	-0.0175365060793	0.0152692005087	-0.00790998167758	-0.00288241122871	-0.000305707490577	0.00123589130978	-0.000556950490258	9.56340736058e-06	-1.48191331669e-05	3.31362549726e-07	-4.60450310299e-06	4.74246222314e-07	-7.37108809382e-07	2.83559812402e-06	-2.14540297356e-06	-2.58508131663e-07	-1.05925313784e-07	-1.26601191206e-07	2.16800109112e-07	2.32646658473e-08	-4.8693293192e-09	3.33232080614e-08	1.75560783067e-10	2.35082092059e-12	4.5822092317e-10	-3.74982037473e-10	-8.00328778249e-10	4.48268630756e-10
HMPMockV1.1.Even2;k__Bacteria;p__Firmicutes;c__Bacilli;o__Bacillales;f__Bacillaceae;g__	-0.05675913537	-0.00781135785993	0.00346153561741	-0.0109535826788	0.00712957855352	-0.0126726581926	-0.00350331560066	-0.00017729587271	0.000335674090032	0.000707053193927	5.57059103239e-05	5.20488462741e-05	-1.63402487057e-05	1.46355617969e-05	4.69247002935e-06	-2.82298384622e-06	-1.17001177485e-06	4.17656452616e-06	-1.42960520526e-06	3.63467128164e-07	-4.02228765609e-07	-1.14747129471e-07	-8.02337056305e-08	-4.13863228645e-08	-1.53994498918e-08	2.13912264419e-09	4.96020505407e-12	4.58220936442e-10	-3.74982036751e-10	-8.00328775299e-10	4.48268630636e-10
HMPMockV1.2.Staggered2;k__Bacteria;p__Proteobacteria;c__Gammaproteobacteria;o__Pseudomonadales;f__Pseudomonadaceae;Other	0.0922922781371	0.1106806032	-0.0230289765537	-0.00319215488041	-0.00932132519468	0.000115906034247	0.0021748148399	7.87430089973e-05	-0.00233012388384	-0.000617515725459	1.00389857417e-05	2.95796726316e-05	6.56409899305e-06	-8.38633453428e-06	-4.29492839642e-06	-2.27268727853e-07	-3.08449552658e-06	9.83209941691e-07	1.29269802141e-06	2.54591738889e-07	8.23396423532e-07	-3.41466235078e-07	1.7265960609e-07	9.10888184503e-08	-7.07027597842e-08	-3.04320487163e-09	1.19124927004e-12	4.5822091727e-10	-3.74982037798e-10	-8.00328779555e-10	4.48268630803e-10
HMPMockV1.1.Even1;k__Bacteria;p__Firmicutes;c__Bacilli;o__Bacillales;f__Bacillaceae;g__	-0.0567670877728	-0.00780319561233	0.00345439237989	-0.010968191994	0.00713272088358	-0.0126945777815	-0.00349819441797	-0.00018543174862	0.000336971539076	0.000709807873731	5.57161062173e-05	5.20617417401e-05	-1.66871458991e-05	1.43705557923e-05	4.89765884652e-06	-2.9086824429e-06	-1.20799030535e-06	4.15354529329e-06	-1.43220840709e-06	3.63238378083e-07	-3.62812929363e-07	-1.07828658926e-07	-8.22938503394e-08	-4.79082743234e-08	-1.81037278831e-08	2.04588700975e-09	5.00027819445e-12	4.58220936645e-10	-3.74982036739e-10	-8.00328775253e-10	4.48268630634e-10
HMPMockV1.2.Staggered1;k__Bacteria;p__Proteobacteria;c__Gammaproteobacteria;o__Pseudomonadales;f__Pseudomonadaceae;g__	-0.0512980263705	0.00200767291076	-0.000173772409122	-0.0173782731419	0.0151908745807	-0.00778942022745	-0.00288440954148	-0.000291421682981	0.00121660581635	-0.000551619126533	9.40751833439e-06	-1.75033725556e-05	-2.13846795284e-07	-4.68777266423e-06	5.45959809424e-07	-6.92624201939e-07	3.06429572669e-06	-2.26098271487e-06	-2.91417356681e-07	-1.30451842042e-07	-1.65640873079e-07	2.55440176375e-07	2.53022550694e-08	-6.20398347408e-09	4.34485092962e-08	3.09841012072e-10	2.32302569068e-12	4.58220923029e-10	-3.74982037481e-10	-8.00328778281e-10	4.48268630757e-10
HMPMockV1.2.Staggered1;k__Bacteria;p__Proteobacteria;c__Gammaproteobacteria;o__Pseudomonadales;f__Pseudomonadaceae;Other	0.091601508605	0.110160390278	-0.022946529547	-0.00312175373085	-0.0092916165558	0.000129948521249	0.00218324487258	6.49134406195e-05	-0.00230562804341	-0.000615394706951	9.66855697231e-06	3.21747986768e-05	7.17744686211e-06	-8.32037219086e-06	-4.24098577394e-06	-1.42292544824e-07	-3.35594297285e-06	1.04775555526e-06	1.34234555495e-06	2.93626921255e-07	8.67334766975e-07	-3.79844231955e-07	1.68524552193e-07	9.35751361889e-08	-7.73132799202e-08	-3.231446982e-09	1.23224153335e-12	4.58220917477e-10	-3.74982037787e-10	-8.00328779508e-10	4.482686308e-10
HMPMockV1.2.Staggered1;k__Bacteria;p__Proteobacteria;c__Epsilonproteobacteria;o__Campylobacterales;f__Helicobacteraceae;g__Helicobacter	0.214083335691	-0.269244714976	-0.0102458329784	0.000754124086732	0.00156241374204	-0.000515982299663	-9.72153138164e-05	-3.81838463333e-05	-2.31210210791e-05	-6.50454972899e-05	1.70917285033e-05	6.37671500882e-06	-1.2370574468e-06	5.65141493143e-09	-3.81838957417e-08	-8.94175702675e-09	6.99856815367e-08	-9.30004292811e-09	-4.43209698495e-08	3.05120398324e-08	5.54597373249e-09	1.32823668247e-08	8.76210072163e-09	4.71514011645e-10	3.85189990106e-09	-1.89893092745e-10	2.63351314132e-12	4.58220924611e-10	-3.74982037396e-10	-8.00328777928e-10	4.48268630741e-10
HMPMockV1.2.Staggered2;k__Bacteria;p__Proteobacteria;c__Epsilonproteobacteria;o__Campylobacterales;f__Helicobacteraceae;g__Helicobacter	0.223548357915	-0.281218361793	-0.0106949578668	0.000788723534713	0.00163088397563	-0.000537584250204	-9.71237616709e-05	-3.97304729519e-05	-2.43130682121e-05	-6.8503964904e-05	1.7821678607e-05	6.63115430383e-06	-1.25951119287e-06	-1.48179436595e-08	-6.73979526129e-08	-1.4110176411e-08	5.81855743723e-08	-1.73413662821e-08	-3.06718018931e-08	3.03075732299e-08	7.64682158839e-09	6.75832539099e-09	7.61831313521e-09	1.75955940538e-09	3.12882970886e-09	-4.35911351624e-11	2.62885009402e-12	4.58220924588e-10	-3.74982037398e-10	-8.00328777934e-10	4.48268630742e-10
HMPMockV1.2.Staggered2;k__Archaea;p__Euryarchaeota;c__Methanobacteria;o__Methanobacteriales;f__Methanobacteriaceae;Other	0.293496798215	0.246290449139	-0.0213125817121	0.0198195960092	0.00757447969787	-0.00374941151052	-0.00482658898197	1.84504559042e-05	0.00028660704953	0.000221461644312	4.96524810509e-05	8.1102031038e-06	-2.14287650367e-06	1.09687045139e-05	9.25400972688e-06	2.48223556064e-06	-5.34002526454e-07	-3.57564244963e-06	-3.36302268494e-06	2.47604613163e-07	6.06862980441e-07	-2.12757079577e-07	-8.99554957887e-07	-1.86163807596e-07	-3.80710436634e-09	-3.01311467437e-09	4.71566463635e-12	4.58220935181e-10	-3.74982036817e-10	-8.00328775548e-10	4.48268630628e-10
HMPMockV1.2.Staggered1;k__Bacteria;p__Proteobacteria;c__Betaproteobacteria;o__Neisseriales;f__Neisseriaceae;g__Neisseria	0.232660715961	-0.291226501823	-0.0111966078713	0.000854755918002	0.00169182389598	-0.000570183072844	-0.000115454199721	-3.94160669715e-05	-2.51100066382e-05	-7.0329445384e-05	1.87693554644e-05	6.90976139233e-06	-1.48166610342e-06	4.90541942879e-08	-4.48134318088e-08	-4.06662689758e-09	6.16769927285e-08	-1.26147522973e-09	-6.04882178721e-08	3.83616904645e-08	3.41508306473e-09	9.88702616197e-09	9.74763605035e-09	1.25708802108e-09	3.8737572699e-09	-2.31664785594e-11	2.64605216989e-12	4.58220924675e-10	-3.74982037393e-10	-8.00328777915e-10	4.48268630741e-10
HMPMockV1.2.Staggered1;k__Archaea;p__Euryarchaeota;c__Methanobacteria;o__Methanobacteriales;f__Methanobacteriaceae;Other	0.2965475065	0.248427773255	-0.0213621249213	0.0201045599179	0.00779886374035	-0.00382049774445	-0.00491629857476	2.68707271833e-05	0.000296413470251	0.000228917962673	5.10830249342e-05	6.77714628023e-06	-2.75847444121e-06	1.03736343911e-05	8.80898256625e-06	2.34245456364e-06	-4.02079602141e-07	-3.38052262919e-06	-3.18206894027e-06	1.93002748013e-07	5.45914980443e-07	-1.77775810028e-07	-8.58236142411e-07	-1.77357009261e-07	2.89450406621e-09	-2.73656750066e-09	4.59577367879e-12	4.58220934573e-10	-3.7498203685e-10	-8.00328775685e-10	4.48268630634e-10
HMPMockV1.2.Staggered2;k__Bacteria;p__Proteobacteria;c__Betaproteobacteria;o__Neisseriales;f__Neisseriaceae;g__Neisseria	0.237589113104	-0.297528367362	-0.0114287511037	0.000871535228938	0.00172723484991	-0.000580052776939	-0.000120378806192	-4.01125940466e-05	-2.6305621185e-05	-7.14147531817e-05	1.92047188863e-05	6.87763523299e-06	-1.51567818413e-06	6.81235546071e-08	-5.55594337935e-08	-2.37810579617e-08	4.2580411002e-08	5.23102132831e-09	-6.45434396174e-08	3.63908434255e-08	1.07914759703e-08	5.84736429732e-09	8.03273074247e-09	1.38338628336e-09	2.97537070662e-09	-4.80612897745e-11	2.63591955607e-12	4.58220924624e-10	-3.74982037396e-10	-8.00328777926e-10	4.48268630741e-10
HMPMockV1.1.Even2;k__Bacteria;p__Firmicutes;c__Bacilli;o__Bacillales;f__Planococcaceae;g__	-0.043241863304	-0.0129247058246	0.0103457800325	0.00422516545583	0.00484082348926	0.00853022618395	-0.00364042776989	0.00594872346907	-0.00145947048861	0.000150909517206	-5.56125730559e-05	0.000174461448932	9.10766464781e-06	-9.01429665704e-06	-1.48778317759e-07	-2.69496794251e-07	9.88335979599e-07	-7.82819835354e-07	1.52022343176e-06	3.19823419807e-07	1.31632672639e-06	-4.18919783582e-07	1.12018800495e-07	1.3061197665e-07	-1.46850025879e-07	-4.83456395828e-09	-2.95336499454e-12	4.58220896195e-10	-3.74982038949e-10	-8.00328784248e-10	4.48268630993e-10
HMPMockV1.2.Staggered2;k__Bacteria;p__Firmicutes;c__Bacilli;o__Bacillales;f__Listeriaceae;g__	0.227791508443	-0.309242833284	-0.00958989723344	0.00115194658191	0.0024305838771	-0.000771080510048	0.000160864843004	-4.09113108287e-05	-7.52373708617e-05	-0.000137955754849	1.83874329323e-05	5.86283338728e-06	-1.03220422498e-06	-5.47293059011e-07	-7.28882023508e-08	1.38510952803e-08	-4.50246009363e-08	-2.43320461879e-08	-1.36866967192e-07	-6.79262688343e-08	-1.17770361801e-08	-6.67282180542e-08	-4.51875048374e-08	-7.3658490458e-09	-1.47882369564e-08	-2.85920577416e-12	2.77266226005e-12	4.58220925319e-10	-3.74982037358e-10	-8.00328777772e-10	4.48268630735e-10
HMPMockV1.1.Even1;k__Bacteria;p__Firmicutes;c__Bacilli;o__Lactobacillales;f__Lactobacillaceae;g__Lactobacillus	-0.00537508084895	0.00119987100169	0.000411339572556	-0.000179005496426	-2.51096748284e-05	3.50159086261e-05	9.3820151481e-06	2.41986937486e-06	-5.60282601978e-06	2.48383505413e-06	-6.15869046882e-07	-5.08772986587e-07	8.17776929641e-08	8.14359161853e-09	-7.51544000819e-08	6.34909712682e-08	-2.72512711223e-08	-1.04596303673e-07	-1.09972636715e-08	1.71972704778e-08	7.35831539596e-09	4.80280795328e-09	3.3293850358e-09	-1.44012599654e-09	-6.80414311244e-10	-2.84954272263e-11	2.54583362936e-12	4.58220924165e-10	-3.7498203742e-10	-8.00328778028e-10	4.48268630746e-10
HMPMockV1.1.Even1;k__Bacteria;p__Firmicutes;c__Bacilli;o__Bacillales;f__Planococcaceae;g__	-0.0431355376089	-0.0129765358937	0.0104061574802	0.00435674418742	0.0048148282392	0.00870202156581	-0.00364267532687	0.00600285164029	-0.00147477520553	0.000147161136373	-5.70038905206e-05	0.00017623246956	8.82197130073e-06	-9.73399951727e-06	6.83110602918e-08	-3.43130524677e-07	1.17514907335e-06	-9.58147113576e-07	1.55283509144e-06	3.33224362971e-07	1.37344991611e-06	-3.9115508321e-07	1.06875073768e-07	1.2571451803e-07	-1.45095253025e-07	-5.0160892027e-09	-3.04652670317e-12	4.58220895721e-10	-3.74982038975e-10	-8.00328784353e-10	4.48268630997e-10
HMPMockV1.2.Staggered1;k__Bacteria;p__Firmicutes;c__Bacilli;o__Bacillales;f__Listeriaceae;g__	0.243205006623	-0.326645728277	-0.0104313835608	0.0011785870858	0.00249698507381	-0.000781968217878	0.000109093705383	-3.8225465285e-05	-7.49485932939e-05	-0.000137639287161	1.95053401243e-05	6.05996491797e-06	-1.22219444429e-06	-5.75721837966e-07	-7.61922936693e-08	2.59045136012e-08	-7.38720478813e-08	1.3635219465e-08	-1.78963084269e-07	-9.48221198557e-08	-3.38719849878e-08	-9.44823069312e-08	-6.06254285143e-08	-1.12346837299e-08	-2.11327588761e-08	7.0585174168e-11	2.82071404302e-12	4.58220925563e-10	-3.74982037345e-10	-8.00328777717e-10	4.48268630733e-10
HMPMockV1.1.Even2;k__Bacteria;p__Firmicutes;c__Bacilli;o__Bacillales;f__Planococcaceae;Other	-0.0395895114954	-0.0102376109458	0.00971484213891	0.00679400046341	0.000620535995857	0.00834077826639	-0.00162998570793	-0.00701567802324	-0.000783765215023	7.3375230549e-05	-0.000174573453225	-0.000122765934471	-2.42318118694e-06	6.47957203794e-06	1.36471470445e-06	3.06086090308e-06	-3.70938939374e-06	2.83979540404e-06	-9.64384280873e-07	-1.12578566694e-06	-1.10881829741e-06	-2.64216567735e-08	-2.90528581133e-07	-3.49242767147e-08	-3.81080309728e-08	4.64230960717e-09	3.06730391545e-12	4.58220926834e-10	-3.74982037276e-10	-8.00328777458e-10	4.48268630737e-10
HMPMockV1.1.Even1;k__Bacteria;p__Firmicutes;c__Bacilli;o__Bacillales;f__Planococcaceae;Other	-0.0395869069952	-0.0102334168901	0.00971241926416	0.00679660698755	0.000612054592345	0.00833475383958	-0.00162617467363	-0.007027154833	-0.00078225543912	7.2679729491e-05	-0.000174505648546	-0.000122911054069	-2.05149563293e-06	7.24877103596e-06	8.90782197378e-07	3.24742156293e-06	-3.85990903081e-06	2.79178136368e-06	-8.67508540583e-07	-1.17883240345e-06	-1.1434478012e-06	-2.39837749775e-08	-2.68319402391e-07	-3.47521113933e-08	-3.98816868102e-08	4.79032189442e-09	3.13491262571e-12	4.58220927178e-10	-3.74982037257e-10	-8.00328777382e-10	4.48268630734e-10
HMPMockV1.2.Staggered2;k__Bacteria;p__Firmicutes;c__Bacilli;o__Bacillales;f__Bacillaceae;g__	-0.0567141188482	-0.00775149607185	0.00344210640484	-0.0109859373977	0.00717499506577	-0.0126509875919	-0.00348426946913	-0.000181365962543	0.00033802425105	0.000707941305683	5.564165781e-05	5.19684805327e-05	-1.6650521773e-05	1.43208889488e-05	4.9045718015e-06	-2.93802039611e-06	-1.24212419958e-06	4.11960157614e-06	-1.45291303328e-06	3.40681842614e-07	-3.7430077132e-07	-1.04379887957e-07	-6.67185365212e-08	-4.73860640572e-08	-2.18406456247e-08	2.12032771403e-09	4.95923440042e-12	4.58220936436e-10	-3.74982036751e-10	-8.003287753e-10	4.48268630636e-10
HMPMockV1.2.Staggered1;k__Bacteria;p__Firmicutes;c__Bacilli;o__Bacillales;f__Bacillaceae;g__	-0.0567175838778	-0.00776290994296	0.00344759900402	-0.010975852286	0.00716847681857	-0.0126417273468	-0.00349143167939	-0.000176090826641	0.000337547719072	0.000705190341023	5.56131088255e-05	5.19413975828e-05	-1.63715767377e-05	1.45374599468e-05	4.72818669118e-06	-2.86835062512e-06	-1.22157862304e-06	4.16670839094e-06	-1.42535375587e-06	3.81059931129e-07	-3.98655857301e-07	-1.02576015661e-07	-9.48324847149e-08	-3.93189239516e-08	-1.83521316486e-08	2.14809393659e-09	4.86530930766e-12	4.58220935959e-10	-3.74982036777e-10	-8.00328775407e-10	4.48268630641e-10
HMPMockV1.2.Staggered1;k__Bacteria;p__Firmicutes;c__Bacilli;o__Bacillales;f__Bacillaceae;g__Bacillus	0.340215478912	-0.43769413104	-0.0163336285829	-0.000727058717131	0.00417030492941	-0.00269264961894	-0.000463796004839	-7.33861752146e-05	-5.86681544124e-07	8.94098379751e-05	4.12213855506e-05	2.24914950708e-05	-5.96068375061e-06	3.80630569259e-06	9.29766654942e-07	-4.71459578841e-07	-2.68565110007e-07	1.10460175819e-06	-4.64087467961e-07	1.17170413567e-07	-1.37918926121e-07	-3.11473890752e-08	3.49956084977e-08	-1.88387143523e-08	-1.27385372272e-09	6.8917482136e-10	3.47111730481e-12	4.58220928871e-10	-3.74982037164e-10	-8.00328776982e-10	4.48268630704e-10
HMPMockV1.2.Staggered2;k__Bacteria;p__Firmicutes;c__Bacilli;o__Bacillales;f__Bacillaceae;g__Bacillus	0.343135310681	-0.440948910944	-0.016457869841	-0.000612420421436	0.00411060856265	-0.00261534164806	-0.000463161029946	-5.77586947288e-05	-6.83099311378e-06	8.1688824667e-05	4.08503247033e-05	2.24113616247e-05	-5.81485237257e-06	3.80315270953e-06	8.0269070232e-07	-4.45889790052e-07	-2.35672496142e-07	1.04047460542e-06	-4.27812890968e-07	1.20675047284e-07	-1.47502366854e-07	-3.59256178154e-08	3.78246502412e-08	-1.87363819156e-08	8.65741068222e-09	6.42493055668e-10	3.54275249677e-12	4.58220929236e-10	-3.74982037144e-10	-8.00328776901e-10	4.482686307e-10
HMPMockV1.2.Staggered2;k__Bacteria;p__Bacteroidetes;c__Bacteroidia;o__Bacteroidales;f__Bacteroidaceae;g__Bacteroides	0.350212177526	-0.438551263286	-0.01685819779	0.00127992310175	0.00252874678095	-0.00084803048654	-0.000164177650772	-6.11886614567e-05	-3.80922154692e-05	-0.000106819613692	2.80952506532e-05	1.04104642433e-05	-2.16729086102e-06	5.27174275274e-08	-7.76263127454e-08	5.99708033736e-09	9.07586386718e-08	-2.7427788539e-09	-9.14006562912e-08	6.05422960055e-08	4.82018509135e-09	1.55409087576e-08	1.54328753165e-08	1.97770500591e-09	6.02843709191e-09	-3.49633330988e-11	2.6825133188e-12	4.58220924861e-10	-3.74982037383e-10	-8.00328777874e-10	4.48268630739e-10
HMPMockV1.2.Staggered1;k__Bacteria;p__Bacteroidetes;c__Bacteroidia;o__Bacteroidales;f__Bacteroidaceae;g__Bacteroides	0.350355624814	-0.438540196095	-0.0168552874205	0.00127843351557	0.00252728307983	-0.000848272426568	-0.000165357370808	-6.11717483272e-05	-3.79051419612e-05	-0.000106959130361	2.81698746347e-05	1.04250822637e-05	-2.18918559168e-06	5.45011985974e-08	-8.54901755672e-08	6.58317571162e-09	9.03032780602e-08	-2.89374829677e-09	-9.75764688143e-08	6.26504881815e-08	5.63337693211e-09	1.52440788885e-08	1.56522181818e-08	1.89194418974e-09	5.93249405059e-09	-3.74189093097e-11	2.68010082722e-12	4.58220924849e-10	-3.74982037383e-10	-8.00328777876e-10	4.48268630739e-10
HMPMockV1.2.Staggered2;k__Bacteria;p__Firmicutes;c__Bacilli;o__Bacillales;f__Planococcaceae;g__	-0.0434296928301	-0.0131041275127	0.010388124227	0.00427621735276	0.0047150586529	0.00838853295385	-0.00369459508033	0.00601045599864	-0.00146155629568	0.00015415557737	-5.62261137434e-05	0.000186030195342	1.11297146135e-05	-8.439273247e-06	-5.48926768199e-07	-2.93337283068e-07	1.4197199728e-07	-3.28885109538e-07	1.6426029192e-06	3.64640102436e-07	1.44956776374e-06	-5.59037425647e-07	1.19395337779e-07	1.37652520124e-07	-1.71238621748e-07	-5.33538372353e-09	-2.80890387672e-12	4.58220896927e-10	-3.74982038909e-10	-8.00328784083e-10	4.48268630985e-10
HMPMockV1.2.Staggered2;k__Bacteria;p__Firmicutes;c__Bacilli;o__Lactobacillales;f__Lactobacillaceae;g__Lactobacillus	0.372240468184	-0.466309112152	-0.0178930426356	0.0013610669663	0.00270863686731	-0.000901338838741	-0.000187690446118	-6.44784103176e-05	-4.01448719096e-05	-0.000113029347666	2.99996730587e-05	1.08398408826e-05	-2.28551809572e-06	1.11270060888e-08	-1.03588227373e-07	-1.06568811167e-08	9.0293385353e-08	-4.65705219647e-08	-9.79185298416e-08	7.29822424937e-08	-3.03142038693e-09	2.37494504709e-08	1.44845190134e-08	1.48485926572e-09	8.04465810496e-09	-1.58097387673e-11	2.6824897273e-12	4.58220924861e-10	-3.74982037383e-10	-8.00328777874e-10	4.48268630739e-10
HMPMockV1.2.Staggered2;k__Bacteria;p__Proteobacteria;c__Gammaproteobacteria;Other;Other;Other	0.100287935972	0.186029297181	-0.0626188594764	0.0399109055068	0.0156007758681	-0.00436903553847	-0.00701282959584	-6.58153809451e-05	0.000941965349361	0.000564706471666	0.00014602710077	1.9635400477e-05	-2.08651373754e-05	5.34153301288e-06	2.05007301586e-06	1.50086556478e-06	-3.31166726507e-07	1.47519868632e-06	-1.91998245219e-07	1.39383733143e-07	-5.97264733731e-07	3.40438421739e-07	1.5618681317e-07	-3.37952395729e-08	6.10181686104e-08	2.75226185534e-09	3.75081140399e-12	4.58220930302e-10	-3.74982037085e-10	-8.00328776673e-10	4.48268630697e-10
HMPMockV1.2.Staggered1;k__Bacteria;p__Firmicutes;c__Bacilli;o__Lactobacillales;f__Lactobacillaceae;g__Lactobacillus	0.382886320992	-0.479465379155	-0.0184236519426	0.00138855547661	0.00278309842821	-0.000942114453872	-0.000188385851077	-6.59337850619e-05	-4.02447341172e-05	-0.000116717034293	3.0852102028e-05	1.14225961693e-05	-2.38627553462e-06	9.88993759313e-08	-8.63212591459e-08	-6.30594842717e-09	6.17206287486e-08	-2.40382727093e-08	-1.14196884778e-07	6.84869400325e-08	-1.27795684336e-08	2.25317883537e-08	1.70036925033e-08	2.59559415476e-09	9.59643731666e-09	1.11359568508e-11	2.70706433332e-12	4.58220924986e-10	-3.74982037376e-10	-8.00328777846e-10	4.48268630738e-10
HMPMockV1.2.Staggered1;k__Bacteria;p__Firmicutes;c__Bacilli;o__Bacillales;f__Planococcaceae;g__	-0.0433541112864	-0.0131666756112	0.0104451924954	0.00439650553515	0.00468085351478	0.00852666486387	-0.00370194745784	0.00606563562436	-0.00147513797679	0.000151048942139	-5.75679824588e-05	0.000188958509676	1.10059683522e-05	-9.17287442701e-06	-2.61011541649e-07	-5.19999840301e-07	2.11985661279e-07	-3.87842948247e-07	1.67901530349e-06	4.07285947881e-07	1.51285422263e-06	-6.19701717514e-07	9.66466441213e-08	1.36804940034e-07	-1.68666776328e-07	-5.70851405192e-09	-2.82416287159e-12	4.58220896849e-10	-3.74982038914e-10	-8.00328784099e-10	4.48268630984e-10
HMPMockV1.2.Staggered1;k__Bacteria;p__Firmicutes;c__Bacilli;o__Lactobacillales;f__Enterococcaceae;g__Enterococcus	0.390392950588	-0.49203480221	-0.0186543621869	0.0014011400384	0.00291911248059	-0.000984198670362	-0.000185694881847	-5.59162456535e-05	-4.94694466734e-05	-0.000117786914977	2.36981101394e-05	9.62900945816e-06	-1.05894695809e-06	5.6329795516e-09	-2.77517313196e-07	1.8935409474e-08	7.05017931855e-08	-3.50274384913e-08	-7.74298031696e-08	4.67496653488e-08	3.2014669864e-08	1.98465054036e-08	6.48798935206e-09	2.08342998717e-09	1.33365307978e-08	-1.69297760312e-10	2.73550522156e-12	4.5822092513e-10	-3.74982037368e-10	-8.00328777813e-10	4.48268630736e-10
HMPMockV1.2.Staggered2;k__Bacteria;p__Firmicutes;c__Bacilli;o__Lactobacillales;f__Enterococcaceae;g__Enterococcus	0.400638931213	-0.503621046434	-0.0191933544793	0.0014539956565	0.00297025775923	-0.000988306307852	-0.000195374436928	-5.43096735885e-05	-5.00173084944e-05	-0.000121718874147	2.68627467948e-05	1.0859312341e-05	-1.50873294086e-06	2.79528396567e-07	-3.4276301751e-07	5.16949896254e-08	9.81028309416e-08	2.32667787589e-08	-7.40522673627e-08	7.2319570849e-08	-7.59469947905e-09	2.19246154089e-08	2.0908572015e-09	5.95435892754e-10	1.64085824963e-08	-4.77438464957e-11	2.8242013563e-12	4.58220925582e-10	-3.74982037343e-10	-8.00328777713e-10	4.48268630732e-10
HMPMockV1.2.Staggered1;k__Bacteria;p__Actinobacteria;c__Actinobacteria;o__Actinomycetales;f__Actinomycetaceae;g__Actinomyces	0.402586662117	-0.503670381698	-0.0193874964364	0.00148853085364	0.0029117015938	-0.000977729602327	-0.000192514235957	-7.02360649451e-05	-4.34120035775e-05	-0.000122876217349	3.24127667075e-05	1.19846375003e-05	-2.52973563862e-06	7.08891720008e-08	-8.63471802109e-08	9.56105165632e-09	1.03038171021e-07	3.36870013238e-10	-1.05531709003e-07	6.95687151293e-08	3.90760770415e-09	1.82436564485e-08	1.82318350984e-08	2.26643610321e-09	6.99806226062e-09	-3.34171703272e-11	2.70081179887e-12	4.58220924954e-10	-3.74982037378e-10	-8.00328777853e-10	4.48268630738e-10
HMPMockV1.2.Staggered2;k__Bacteria;p__Firmicutes;c__Bacilli;o__Bacillales;f__Planococcaceae;Other	-0.0396033451288	-0.0102581589482	0.00972299500744	0.00678687828942	0.000639892475173	0.00834713410857	-0.00163780073361	-0.00697161162561	-0.000785890430572	7.62676006232e-05	-0.000171742973566	-0.00013378264237	-4.55487073697e-06	5.52828363362e-06	2.24392028961e-06	2.71004169871e-06	-2.58923321074e-06	2.3012145258e-06	-1.16783706978e-06	-1.35251249024e-06	-1.21825195728e-06	1.18339165412e-07	-2.23604605996e-07	4.32710353318e-09	-2.88854244478e-08	5.15107508138e-09	1.95312565776e-12	4.58220921173e-10	-3.74982037585e-10	-8.00328778724e-10	4.48268630791e-10
HMPMockV1.2.Staggered2;k__Bacteria;p__Actinobacteria;c__Actinobacteria;o__Actinomycetales;f__Actinomycetaceae;g__Actinomyces	0.410641990281	-0.513576465747	-0.0197779813365	0.00152184742594	0.00297176022368	-0.000998349489765	-0.000199227469287	-7.10158473227e-05	-4.41460295564e-05	-0.000125219324636	3.30613901203e-05	1.22413920886e-05	-2.58119453406e-06	6.99994758734e-08	-8.68767639937e-08	9.43860832817e-09	1.05004527493e-07	2.21363478535e-10	-1.07358238276e-07	7.10745203571e-08	4.27705443775e-09	1.85108362607e-08	1.85333096238e-08	2.31200579425e-09	7.11729061688e-09	-3.52103924955e-11	2.70265273714e-12	4.58220924964e-10	-3.74982037377e-10	-8.00328777851e-10	4.48268630738e-10
HMPMockV1.2.Staggered2;k__Bacteria;p__Actinobacteria;c__Actinobacteria;o__Actinomycetales;f__Propionibacteriaceae;g__Propionibacterium	0.420719514935	-0.526101176442	-0.0202655506864	0.00156158683891	0.00304236035972	-0.00102289624373	-0.000204182568514	-7.33132573981e-05	-4.51436953912e-05	-0.000128148994378	3.38800813577e-05	1.25181811993e-05	-2.64597708597e-06	7.50087379401e-08	-8.95869780741e-08	1.03549467919e-08	1.07509265659e-07	5.73178528999e-10	-1.10224740299e-07	7.26774038e-08	3.96322531945e-09	1.91138708447e-08	1.90452637152e-08	2.35973855344e-09	7.32377929188e-09	-3.44042164346e-11	2.70629840945e-12	4.58220924982e-10	-3.74982037376e-10	-8.00328777847e-10	4.48268630738e-10
HMPMockV1.2.Staggered1;k__Bacteria;p__Firmicutes;c__Bacilli;o__Bacillales;f__Planococcaceae;Other	-0.0396092775666	-0.0102694369419	0.00972936906006	0.0067886388141	0.00064138471226	0.00835256626019	-0.00164528153514	-0.00700260519433	-0.00078773920278	7.76837009635e-05	-0.000169881514182	-0.000141394342652	-4.43393807624e-06	6.66971498745e-06	1.95749122741e-06	2.60432252937e-06	-2.71791259059e-06	2.64147986373e-06	-1.15951734567e-06	-1.40366304668e-06	-1.26703923802e-06	1.84056733729e-07	-2.68088458419e-07	-2.35977391795e-08	-3.0517729887e-08	5.55383982376e-09	2.47625776927e-12	4.58220923833e-10	-3.7498203744e-10	-8.00328778132e-10	4.48268630767e-10
HMPMockV1.2.Staggered1;k__Bacteria;p__Actinobacteria;c__Actinobacteria;o__Actinomycetales;f__Propionibacteriaceae;g__Propionibacterium	0.421780148488	-0.527427477078	-0.0203166401232	0.00156552359806	0.0030500301477	-0.00102547496433	-0.000204697312603	-7.34980800602e-05	-4.52575026104e-05	-0.000128472057888	3.39654930152e-05	1.25497395239e-05	-2.65264759204e-06	7.51978348946e-08	-8.98128267716e-08	1.03810516108e-08	1.07780296425e-07	5.7462350916e-10	-1.10502616768e-07	7.2860623479e-08	3.97321657268e-09	1.91620569046e-08	1.9093276823e-08	2.36568749929e-09	7.34224249618e-09	-3.44907520488e-11	2.70661634471e-12	4.58220924984e-10	-3.74982037376e-10	-8.00328777846e-10	4.48268630738e-10
HMPMockV1.2.Staggered1;k__Bacteria;p__Thermi;c__Deinococci;o__Deinococcales;f__Deinococcaceae;g__Deinococcus	0.422610049933	-0.528465251916	-0.020356615473	0.00156860394762	0.00305603143637	-0.00102749270546	-0.000205100078347	-7.36426960717e-05	-4.53465520048e-05	-0.000128724841588	3.40323240688e-05	1.25744325944e-05	-2.65786698436e-06	7.53457953614e-08	-8.99895439419e-08	1.0401477541e-08	1.07992366676e-07	5.75754145768e-10	-1.10720043496e-07	7.30039852233e-08	3.98103431093e-09	1.91997604834e-08	1.9130845074e-08	2.37034230088e-09	7.35668918219e-09	-3.45584625516e-11	2.70686511577e-12	4.58220924985e-10	-3.74982037376e-10	-8.00328777846e-10	4.48268630738e-10
HMPMockV1.2.Staggered2;k__Bacteria;p__Thermi;c__Deinococci;o__Deinococcales;f__Deinococcaceae;g__Deinococcus	0.422610049933	-0.528465251916	-0.020356615473	0.00156860394762	0.00305603143637	-0.00102749270546	-0.000205100078347	-7.36426960717e-05	-4.53465520048e-05	-0.000128724841588	3.40323240688e-05	1.25744325944e-05	-2.65786698436e-06	7.53457953614e-08	-8.99895439419e-08	1.0401477541e-08	1.07992366676e-07	5.75754145768e-10	-1.10720043496e-07	7.30039852233e-08	3.98103431093e-09	1.91997604834e-08	1.9130845074e-08	2.37034230088e-09	7.35668918219e-09	-3.45584625516e-11	2.70686511577e-12	4.58220924985e-10	-3.74982037376e-10	-8.00328777846e-10	4.48268630738e-10
HMPMockV1.2.Staggered2;k__Bacteria;p__Proteobacteria;c__Gammaproteobacteria;o__Enterobacteriales;f__Enterobacteriaceae;g__Escherichia	0.422610049933	-0.528465251916	-0.020356615473	0.00156860394762	0.00305603143637	-0.00102749270546	-0.000205100078347	-7.36426960717e-05	-4.53465520048e-05	-0.000128724841588	3.40323240688e-05	1.25744325944e-05	-2.65786698436e-06	7.53457953614e-08	-8.99895439419e-08	1.0401477541e-08	1.07992366676e-07	5.75754145768e-10	-1.10720043496e-07	7.30039852233e-08	3.98103431093e-09	1.91997604834e-08	1.9130845074e-08	2.37034230088e-09	7.35668918219e-09	-3.45584625516e-11	2.70686511577e-12	4.58220924985e-10	-3.74982037376e-10	-8.00328777846e-10	4.48268630738e-10
HMPMockV1.2.Staggered1;k__Bacteria;p__Proteobacteria;c__Gammaproteobacteria;o__Enterobacteriales;f__Enterobacteriaceae;g__Escherichia	0.422610049933	-0.528465251916	-0.020356615473	0.00156860394762	0.00305603143637	-0.00102749270546	-0.000205100078347	-7.36426960717e-05	-4.53465520048e-05	-0.000128724841588	3.40323240688e-05	1.25744325944e-05	-2.65786698436e-06	7.53457953614e-08	-8.99895439419e-08	1.0401477541e-08	1.07992366676e-07	5.75754145768e-10	-1.10720043496e-07	7.30039852233e-08	3.98103431093e-09	1.91997604834e-08	1.9130845074e-08	2.37034230088e-09	7.35668918219e-09	-3.45584625516e-11	2.70686511577e-12	4.58220924985e-10	-3.74982037376e-10	-8.00328777846e-10	4.48268630738e-10
HMPMockV1.2.Staggered1;k__Bacteria;p__Proteobacteria;c__Gammaproteobacteria;Other;Other;Other	0.104142002813	0.187820124686	-0.0621708646785	0.0397417329723	0.015547541405	-0.00441871151689	-0.00698472823734	-4.3540889423e-05	0.000940573276001	0.000558257070116	0.000145484529683	2.03276217263e-05	-2.0721950903e-05	5.69691907079e-06	1.9763611452e-06	1.51038222334e-06	-2.09133774188e-07	1.43133756138e-06	-1.66096806938e-07	8.3969344738e-08	-6.83130097022e-07	2.92499629958e-07	1.42285721778e-07	-2.59194213117e-08	7.25177046147e-08	2.86446161093e-09	3.81908538397e-12	4.5822093065e-10	-3.74982037066e-10	-8.00328776596e-10	4.48268630694e-10
HMPMockV1.2.Staggered2;k__Bacteria;Other;Other;Other;Other;Other	0.184903032058	0.170792448957	-0.0209721576911	0.00761797125447	-0.00195412514753	-0.00100388244838	-0.00170485041087	0.000110637984247	9.32087703988e-05	7.77558093953e-05	-6.05729742243e-05	-1.03127476902e-05	-6.93257653526e-06	2.6717497645e-06	-2.30004574978e-07	-1.75924499177e-06	5.82299234939e-07	3.67544316082e-06	-3.79869825902e-07	-7.35586704209e-07	-1.03337098494e-06	3.41219306451e-08	1.53886525352e-07	-8.73766077583e-09	-3.59782888126e-08	4.67301098697e-09	3.93971162527e-12	4.5822093127e-10	-3.74982037034e-10	-8.0032877647e-10	4.48268630695e-10
HMPMockV1.1.Even2;k__Bacteria;Other;Other;Other;Other;Other	0.1921560869	0.17809952597	-0.0217645563793	0.0108622652131	0.000156149870076	-0.00162689448732	-0.00192129640892	5.65352558226e-05	0.00014577076299	3.30838618156e-05	1.60916800405e-05	-1.35285504784e-06	-1.66277539815e-05	5.52110120682e-06	-7.64838128477e-06	-3.35199141828e-06	3.17728672497e-07	-1.71855204091e-06	-1.64535626351e-06	-1.9300237777e-07	6.18995312213e-07	-6.22741079056e-07	-2.31223023041e-07	-4.10798192599e-08	-1.77903030151e-07	-2.10956391856e-09	-7.4786398453e-13	4.58220907415e-10	-3.74982038336e-10	-8.00328781756e-10	4.48268630893e-10
HMPMockV1.1.Even2;k__Bacteria;p__Firmicutes;Other;Other;Other;Other	0.293497685771	0.245311915777	-0.020223871643	0.0206302009782	0.0080615630106	-0.00399129794131	-0.00448596391067	4.90981988609e-06	0.000344795301083	0.000160862713292	5.67544988192e-05	6.58602885314e-06	-9.78837478858e-06	2.18562178944e-06	7.5169417327e-07	9.90483990517e-08	1.6071624856e-07	7.21115671207e-07	2.13726615756e-07	-1.28127913532e-07	-3.87507833303e-07	1.08937136894e-07	3.94495108157e-08	-7.62467723234e-09	2.99149862939e-08	1.54430520956e-09	3.11742224079e-12	4.58220927079e-10	-3.74982037261e-10	-8.00328777387e-10	4.48268630723e-10
HMPMockV1.1.Even2;k__Bacteria;p__Firmicutes;c__Bacilli;o__Bacillales;f__Bacillaceae;g__Bacillus	0.296934856061	-0.390467043921	-0.0140701429518	-0.0016144681663	0.00449125071116	-0.00339756596886	-0.000754426046499	-4.62651541837e-05	1.36813281185e-05	0.000150617480314	4.2066112033e-05	2.40881164018e-05	-6.14762472594e-06	4.48945318117e-06	1.44718916522e-06	-5.61150704513e-07	-5.0057255656e-07	1.54233897318e-06	-6.72270950784e-07	1.86563148526e-07	-1.7747272916e-07	-8.52964089136e-08	6.92346688994e-08	-1.86490339956e-08	-1.06120109916e-08	8.65157812349e-10	3.66499719472e-12	4.58220929857e-10	-3.7498203711e-10	-8.00328776763e-10	4.48268630695e-10
HMPMockV1.1.Even1;k__Bacteria;p__Firmicutes;c__Bacilli;o__Bacillales;f__Bacillaceae;g__Bacillus	0.298477407683	-0.392039025163	-0.0141944585405	-0.00166738137786	0.0045479341408	-0.0033888227871	-0.000730369003201	-5.5660448324e-05	2.41223296675e-05	0.000143563234356	4.1747078426e-05	2.54447770922e-05	-5.9326947918e-06	4.27835445212e-06	1.43431583491e-06	-6.25221034467e-07	-3.50587567969e-07	1.40837440155e-06	-6.68979334688e-07	2.49164991232e-07	-2.16592529082e-07	-1.15380388573e-07	8.73703813422e-08	-1.27728132651e-08	1.40102751994e-08	7.52433289826e-10	3.77335320963e-12	4.58220930409e-10	-3.7498203708e-10	-8.0032877664e-10	4.4826863069e-10
HMPMockV1.1.Even1;k__Bacteria;p__Firmicutes;Other;Other;Other;Other	0.299224141855	0.249388684966	-0.0204098716473	0.0210839880566	0.00840980729506	-0.00411080203173	-0.00468104061232	2.83301300644e-05	0.000375167796649	0.000183120531534	5.7970092028e-05	4.16567987844e-06	-1.01053082267e-05	2.5890320803e-06	6.16998025806e-07	1.9199716398e-07	1.66455282142e-08	6.7482123776e-07	-2.16438435216e-07	-1.40708361568e-07	-3.46782211528e-07	5.25542266633e-08	-2.13319947395e-08	-2.3007205829e-08	1.32043354057e-08	1.42840582244e-09	3.10553391391e-12	4.58220927017e-10	-3.74982037265e-10	-8.00328777399e-10	4.48268630723e-10
HMPMockV1.2.Staggered1;k__Bacteria;Other;Other;Other;Other;Other	0.19216859105	0.177107962033	-0.0221493153636	0.00796453144071	-0.00162029582254	-0.00109934175822	-0.00212298512911	0.000134107669152	2.57451936835e-05	0.00011786748893	-5.12123567917e-05	-7.15135558509e-06	-7.70084992471e-06	5.11922549798e-06	6.94439958276e-07	-8.55763151103e-07	2.27146298991e-08	2.75651833283e-06	-5.70562345998e-07	-5.02874648365e-07	-8.54878943969e-07	-4.9558471836e-09	5.84559522467e-08	-2.02790574325e-08	-2.75295118416e-08	3.73666409219e-09	3.99277165036e-12	4.58220931536e-10	-3.74982037019e-10	-8.00328776405e-10	4.48268630689e-10
HMPMockV1.1.Even1;k__Bacteria;Other;Other;Other;Other;Other	0.19770352209	0.182702619738	-0.0222842666268	0.011723419408	0.000756233305369	-0.00181844082296	-0.00214530994928	7.24399358357e-05	0.000164529112207	5.00537042155e-05	1.79230285578e-05	-9.57799546241e-07	-1.6024947633e-05	4.52341799811e-06	-7.04068028886e-06	-2.80092741645e-06	-1.35138761171e-07	-7.23274666158e-07	-9.35945131841e-07	-3.63422557177e-07	3.90886777393e-07	-4.95494408727e-07	-1.61447866856e-07	-1.979846983e-08	-1.34467985189e-07	-1.21169220209e-09	-2.6119052636e-14	4.58220911088e-10	-3.74982038136e-10	-8.00328780941e-10	4.48268630862e-10
HMPMockV1.1.Even2;k__Bacteria;p__Proteobacteria;c__Gammaproteobacteria;o__Enterobacteriales;f__Enterobacteriaceae;Other	0.17532209966	0.142947904428	-0.0150589435781	-0.0195455727332	-0.0189650033253	0.00546305898025	-0.00367303470517	0.000272734096613	0.000504017713634	0.000985792123777	-3.49197080065e-05	-1.27872333847e-05	-2.83418224172e-06	6.62633753473e-06	3.70556121909e-06	6.73001543162e-07	-2.65908706718e-07	8.30080447523e-07	-8.52139253742e-07	2.94066952011e-07	-2.20069487801e-07	9.58992397434e-08	1.26789271904e-07	-2.01940550484e-08	-2.26131857459e-08	1.35221922432e-09	2.13170707011e-12	4.58220922066e-10	-3.74982037536e-10	-8.00328778504e-10	4.48268630769e-10
HMPMockV1.1.Even1;k__Bacteria;p__Proteobacteria;c__Gammaproteobacteria;o__Enterobacteriales;f__Enterobacteriaceae;Other	0.175949179962	0.143751316016	-0.0153743174645	-0.0195167951624	-0.0189237241735	0.00551530913941	-0.00382211838411	0.000264859749662	0.000513557742014	0.00101144195668	-3.58343700494e-05	-1.24410962142e-05	-3.22177820566e-06	5.69300331876e-06	3.70738248105e-06	9.99395043981e-07	-3.31611465433e-07	1.18413392614e-06	-5.83604283733e-07	4.0201758411e-07	-3.17558258847e-07	1.5983116479e-07	2.11681178907e-07	7.97736553581e-09	8.56045728548e-09	1.61715978359e-09	2.06831130686e-12	4.58220921745e-10	-3.74982037553e-10	-8.00328778578e-10	4.48268630773e-10
HMPMockV1.1.Even2;k__Bacteria;p__Firmicutes;c__Bacilli;o__Lactobacillales;Other;Other	0.256917390886	0.218775128551	-0.0185713973253	0.0182746863689	0.00615988111014	-0.00307119002972	-0.00367638650051	-0.000261403237424	0.000391676464967	0.000170688385871	3.22223041491e-05	3.66026871166e-05	-6.14952795345e-06	1.44173725728e-06	-2.14818150632e-06	2.31414436442e-07	-3.48025101731e-06	7.80067713133e-07	4.43549641955e-07	1.11385448247e-06	7.05936903167e-07	-4.89042728029e-07	2.94891421981e-07	5.24992753479e-08	-1.38397483063e-07	-2.46700444612e-09	1.19269755809e-12	4.58220917277e-10	-3.74982037799e-10	-8.00328779557e-10	4.48268630804e-10
HMPMockV1.1.Even1;k__Bacteria;p__Firmicutes;c__Bacilli;o__Lactobacillales;Other;Other	0.264455794992	0.224046869418	-0.0187773994541	0.0187867460623	0.00654611826442	-0.00320542315215	-0.00393492799229	-0.000233843151254	0.000435284175517	0.000187905715885	3.7156508981e-05	3.02873419627e-05	-3.81751080843e-06	1.47178518307e-07	-1.70872534674e-06	5.62410720943e-07	-2.99315984579e-06	2.82586606019e-07	1.24373371892e-06	5.14938687997e-07	4.69260042231e-07	-4.58970713882e-07	8.45981643466e-08	5.63564977352e-08	-1.0434264553e-07	-1.93909191699e-09	1.42601108146e-12	4.58220918467e-10	-3.74982037733e-10	-8.00328779294e-10	4.48268630794e-10
HMPMockV1.2.Staggered1;k__Bacteria;p__[Thermi];c__Deinococci;o__Deinococcales;f__Deinococcaceae;g__Deinococcus	-0.0151758464531	0.0167547787845	0.000847595663974	-9.38647102595e-05	2.6721287368e-06	2.76395952059e-05	-9.92162569982e-06	2.40440421193e-06	4.71272272966e-06	8.18087553029e-06	-1.60556050886e-06	-5.40205347034e-07	3.2298513418e-07	-2.64291312827e-08	3.18344861335e-07	3.89643370826e-08	-6.24330045357e-08	6.73177324622e-08	7.50223584315e-09	2.87029022867e-08	-5.58972598496e-08	2.09928927353e-08	1.46090444958e-08	3.27066534938e-10	4.20294273098e-09	2.03332690778e-10	2.70386061017e-12	4.58220924969e-10	-3.74982037376e-10	-8.0032877785e-10	4.48268630739e-10
HMPMockV1.2.Staggered2;k__Bacteria;p__[Thermi];c__Deinococci;o__Deinococcales;f__Deinococcaceae;g__Deinococcus	-0.0153164996257	0.0166151978515	0.000889175286127	-8.53264143507e-05	7.10137197166e-06	3.44194860703e-05	-3.0419364114e-05	3.00147136917e-06	1.81927806276e-06	1.04517729363e-05	-9.59662350508e-07	-7.09541614784e-07	3.85387753469e-07	-9.61436433091e-08	4.85181341656e-07	7.4274529302e-08	-1.34081367325e-07	1.44447803444e-07	9.20691367293e-09	4.04890430811e-09	-8.73064217726e-08	4.41537077468e-08	8.38225990535e-09	6.01451965674e-10	1.11351002191e-08	3.24714190615e-10	2.79784159224e-12	4.58220925448e-10	-3.7498203735e-10	-8.00328777744e-10	4.48268630735e-10
HMPMockV1.1.Even2;k__Bacteria;p__Firmicutes;c__Bacilli;o__Lactobacillales;f__Enterococcaceae;Other	-0.0037117448374	0.0352446087791	-0.0164704093726	-0.0153534928786	-0.018599255309	0.0093622823099	-0.00303515438538	-0.00223528346935	0.000810853248102	0.000323707198052	0.00217717413353	0.000435993148895	-0.000215013978801	3.5766574294e-05	9.05590100636e-06	1.28122567482e-05	2.52358806763e-06	1.55033892112e-06	-3.08334798826e-06	3.44676566466e-06	-3.02626833782e-06	2.38672221404e-06	1.1797140101e-06	-8.30398558012e-08	8.99312282782e-07	1.05011135436e-08	7.97626872775e-12	4.58220951821e-10	-3.74982035899e-10	-8.00328771898e-10	4.48268630514e-10
HMPMockV1.1.Even1;k__Bacteria;p__Firmicutes;c__Bacilli;o__Lactobacillales;f__Enterococcaceae;Other	-0.00408257497038	0.0347609894593	-0.016140649068	-0.014975005404	-0.0183183309228	0.00929271572885	-0.00297079934627	-0.00229183313372	0.000789703903594	0.000311457414316	0.00213284174943	0.000429585403488	-0.000209024262754	3.51097036423e-05	8.24052173624e-06	1.25248568607e-05	2.59022706508e-06	1.16069798425e-06	-3.3141216156e-06	3.34670902918e-06	-2.88693305735e-06	2.31078833549e-06	1.09276721239e-06	-1.25472475974e-07	8.3384290921e-07	1.02548976043e-08	7.94581794595e-12	4.58220951663e-10	-3.74982035908e-10	-8.00328771932e-10	4.48268630515e-10
HMPMockV1.1.Even2;k__Bacteria;p__Proteobacteria;c__Gammaproteobacteria;Other;Other;Other	0.136496282274	0.183699970625	-0.0463751533724	0.0304577722678	0.0108739496204	-0.00340565194538	-0.00532582708275	-0.000113502113798	0.000715758010836	0.000371322223143	0.000101976641165	1.19065745502e-05	-1.95758996155e-05	1.90646439444e-06	3.38044929924e-06	8.43061023786e-07	-1.39914273562e-07	2.25111240166e-06	-1.17218914012e-06	-4.71535854118e-08	-5.42940627235e-07	3.21967311898e-07	4.46955931487e-07	4.8090468977e-09	4.90989852498e-08	2.8871807652e-09	3.38860145378e-12	4.58220928462e-10	-3.74982037186e-10	-8.00328777086e-10	4.48268630715e-10
HMPMockV1.1.Even1;k__Bacteria;p__Proteobacteria;c__Gammaproteobacteria;Other;Other;Other	0.151041968691	0.191232640055	-0.0452315224871	0.0299858982778	0.0107643193014	-0.00358377174304	-0.00535384872373	-8.72101267536e-05	0.000704160672961	0.000366267503248	9.60679183262e-05	1.23261088244e-05	-1.84693742631e-05	3.25056660258e-06	2.56750563921e-06	5.25609768834e-07	8.1758047147e-08	2.4335871671e-06	-4.95458480054e-08	5.77946679294e-08	-8.01338353716e-07	3.27613142098e-07	2.0863129535e-07	-2.86576742218e-08	3.44625824693e-08	3.6985536116e-09	4.09532397625e-12	4.58220932057e-10	-3.7498203699e-10	-8.00328776288e-10	4.48268630684e-10
HMPMockV1.2.Staggered2;k__Bacteria;p__Proteobacteria;c__Gammaproteobacteria;o__Pseudomonadales;f__Moraxellaceae;Other	-0.0989160094388	-0.0656554934823	0.022553548169	0.0223192686039	-0.0380822347845	-0.0297273478627	-0.0233361877951	0.00100448449838	-0.00154929347107	-0.00128203537287	-8.15561222117e-05	-0.000139591260773	1.85981844664e-05	-2.43669153313e-05	1.31203399085e-06	-2.62202867081e-06	1.2665355841e-07	-5.21971188369e-06	7.9820080387e-07	-6.314200747e-07	1.25394988468e-06	-1.16234879908e-07	-3.7088738383e-07	2.0215322697e-08	-2.68486696791e-08	-5.4925225604e-09	1.14640929409e-12	4.58220917031e-10	-3.74982037809e-10	-8.00328779591e-10	4.48268630795e-10
HMPMockV1.2.Staggered1;k__Bacteria;p__Proteobacteria;c__Gammaproteobacteria;o__Pseudomonadales;f__Moraxellaceae;Other	-0.099079116126	-0.0658230719305	0.0226035835023	0.0223700247033	-0.0381806446891	-0.0297449726274	-0.0234769336174	0.00099201456089	-0.00154301217054	-0.00131301403778	-8.41017661076e-05	-0.000140650041162	1.94155123898e-05	-2.50911267023e-05	7.58492852813e-07	-2.58354074707e-06	7.50095223772e-08	-5.45995295242e-06	8.62328106359e-07	-5.88105645929e-07	1.35286704465e-06	-1.12976505499e-07	-3.62620408848e-07	2.65600869172e-08	-3.03945950094e-08	-5.8595988114e-09	8.33365058569e-13	4.58220915439e-10	-3.74982037896e-10	-8.00328779944e-10	4.48268630809e-10
HMPMockV1.1.Even2;k__Archaea;p__Euryarchaeota;c__Methanobacteria;o__Methanobacteriales;f__Methanobacteriaceae;Other	0.298630500431	0.249852881801	-0.0213882082353	0.0202317602522	0.00791569099515	-0.00386661325848	-0.00496654187704	3.31903101133e-05	0.00028742062861	0.000230397556361	5.2376190857e-05	6.96035864597e-06	-3.12766387089e-06	1.05762063446e-05	8.76532876307e-06	2.41242150358e-06	-3.63084342823e-07	-3.65374826369e-06	-3.34469125027e-06	1.83297704677e-07	5.94681422395e-07	-1.94310741306e-07	-9.01186295871e-07	-1.84345781208e-07	2.49305569873e-09	-2.96530251385e-09	4.51902356857e-12	4.58220934181e-10	-3.74982036871e-10	-8.00328775771e-10	4.48268630637e-10
HMPMockV1.1.Even1;k__Archaea;p__Euryarchaeota;c__Methanobacteria;o__Methanobacteriales;f__Methanobacteriaceae;Other	0.299165465127	0.250143632985	-0.0212606146174	0.0204934209006	0.00807810826951	-0.00390123733988	-0.00497268503995	1.98078215676e-05	0.000323554994112	0.00023233126415	5.21891697982e-05	8.57548345362e-06	-2.98040909288e-06	8.80396879218e-06	7.18828333276e-06	2.01249795001e-06	-4.39008662658e-07	-2.81059291353e-06	-2.63133455868e-06	1.79806279936e-07	4.82409070872e-07	-1.5526764543e-07	-7.24415313342e-07	-1.47634350934e-07	5.379027926e-09	-2.40062858392e-09	4.20873154903e-12	4.58220932607e-10	-3.74982036958e-10	-8.00328776126e-10	4.48268630655e-10
HMPMockV1.1.Even2;k__Bacteria;p__Firmicutes;c__Bacilli;o__Lactobacillales;f__Enterococcaceae;g__	-0.0441287833983	-0.0103807139175	0.00864263364411	0.00105465838914	0.0059904272012	0.00533861433461	-0.00289873481184	0.00403982641545	-0.00101779388013	0.000288528031822	-3.11764313176e-05	0.000118647850958	8.94240970027e-07	-1.61145980692e-05	7.40799794221e-06	-2.6294683917e-06	2.9093546775e-06	5.15052322319e-09	-4.95999005939e-07	1.11956841318e-06	1.21959445856e-06	-4.49701207943e-07	-2.64323222557e-07	-1.23009264746e-08	-1.0396535681e-07	-4.79812055834e-09	-6.7269446708e-13	4.58220907787e-10	-3.74982038314e-10	-8.00328781657e-10	4.48268630882e-10
HMPMockV1.1.Even1;k__Bacteria;p__Firmicutes;c__Bacilli;o__Lactobacillales;f__Enterococcaceae;g__	-0.0438190112734	-0.0109253308504	0.00902789049151	0.00190392948557	0.0055452206016	0.00603455622626	-0.00298275691393	0.0042030189626	-0.00108153793416	0.000257386005819	-3.40061205344e-05	0.00011864298199	3.44432115542e-06	-1.82560050635e-05	7.79281780185e-06	-3.0707118066e-06	3.25855693758e-06	-5.275363857e-07	-2.60764156217e-07	1.6080453109e-06	1.47669889596e-06	-4.64632439828e-07	-1.3326058066e-07	8.08412939452e-09	-1.15475613644e-07	-5.85025704578e-09	-1.40660576672e-12	4.58220904053e-10	-3.74982038518e-10	-8.00328782485e-10	4.48268630914e-10
HMPMockV1.1.Even1;k__Bacteria;p__Actinobacteria;c__Actinobacteria;o__Actinomycetales;f__Propionibacteriaceae;g__Propionibacterium	0.157874192042	-0.197716028904	-0.00760207446468	0.000576240714422	0.00113824052061	-0.000382193702613	-7.42318646194e-05	-2.75465338971e-05	-1.71528072509e-05	-4.82506871842e-05	1.26988241553e-05	4.70046044622e-06	-9.90675033526e-07	2.7445344929e-08	-3.42008756782e-08	3.55689042207e-09	4.04463419742e-08	1.2775562508e-10	-4.13678881922e-08	2.73205671082e-08	1.57310720678e-09	7.13858499708e-09	7.1783630049e-09	8.95248651116e-10	2.73601257429e-09	-1.32874529458e-11	2.62737110577e-12	4.5822092458e-10	-3.74982037398e-10	-8.00328777936e-10	4.48268630742e-10
HMPMockV1.1.Even2;k__Bacteria;p__Actinobacteria;c__Actinobacteria;o__Actinomycetales;f__Propionibacteriaceae;g__Propionibacterium	0.173171283344	-0.216862589296	-0.0083387647473	0.000632434328032	0.00124865476516	-0.000419286754109	-8.15125334817e-05	-3.02143099572e-05	-1.88069701679e-05	-5.29198865865e-05	1.39298051982e-05	5.15579574378e-06	-1.08674765261e-06	3.01305090393e-08	-3.74932231538e-08	3.91365689477e-09	4.43615332926e-08	1.43354673133e-10	-4.53759646522e-08	2.99659824303e-08	1.7223629379e-09	7.83152115665e-09	7.8727373834e-09	9.81634454972e-10	3.00156587695e-09	-1.45552324446e-11	2.6319483446e-12	4.58220924604e-10	-3.74982037397e-10	-8.00328777931e-10	4.48268630742e-10
HMPMockV1.2.Staggered2;k__Bacteria;p__Proteobacteria;Other;Other;Other;Other	0.146978957671	0.126342632733	-0.00667881939591	0.00334288855825	-0.00500080844573	-6.04968682575e-05	0.00145072189799	-0.000521875068445	0.000423194071331	-0.00028285728943	-1.31619674977e-05	4.67108222402e-05	1.35673515896e-05	-4.92205720163e-06	-6.37463262318e-06	-9.40622569802e-06	8.15515754884e-06	3.5918368825e-07	-1.04841797531e-06	-2.67494991023e-07	-2.81986885052e-08	-1.70240274368e-07	-2.77013042706e-07	-5.08971324894e-08	-7.86189423797e-09	-1.31140721277e-10	1.33851400729e-12	4.58220918034e-10	-3.74982037755e-10	-8.00328779395e-10	4.48268630799e-10
HMPMockV1.2.Staggered1;k__Bacteria;p__Firmicutes;c__Bacilli;o__Gemellales;f__;g__	-0.0428651444937	-0.0131536940171	0.010531029751	0.00517002970092	0.00362585201516	0.0084892709755	-0.00342238439571	0.00345600778282	-0.00143609939083	0.000172768955949	7.71287956223e-06	-0.000145152160064	1.02018525677e-05	1.97420640722e-05	-5.55223554126e-06	4.51319988018e-06	-1.06440482997e-05	8.29355916082e-06	-1.17156579673e-06	-1.72227157889e-06	-7.27089205246e-09	4.29975905048e-07	2.8108898427e-07	2.30384847858e-07	-1.90172950838e-07	1.47788549544e-08	8.43576624332e-13	4.5822091555e-10	-3.74982037895e-10	-8.00328780031e-10	4.48268630878e-10
HMPMockV1.2.Staggered2;k__Bacteria;p__Firmicutes;c__Bacilli;o__Gemellales;f__;g__	-0.0428997140871	-0.0130063352168	0.0104504319001	0.0049324045249	0.00385852058637	0.00844092865627	-0.0034282655893	0.00354461923398	-0.00144755790717	0.00018178098053	4.98985790363e-06	-0.000137960178829	7.76639772428e-06	2.08600395263e-05	-5.49720540755e-06	5.12763888124e-06	-1.35355402384e-05	9.51218429798e-06	-7.2872213155e-07	-1.87657775991e-06	1.20458782432e-06	1.25024314472e-06	1.19098153367e-07	1.97056693655e-07	-1.2759696477e-07	7.3143834763e-09	5.07437487958e-13	4.58220913812e-10	-3.74982037988e-10	-8.00328780378e-10	4.48268630868e-10
HMPMockV1.2.Staggered2;k__Bacteria;p__Firmicutes;c__Bacilli;o__Bacillales;f__Staphylococcaceae;Other	0.0149095577706	0.0337793954356	-0.00011960395611	0.00175785099615	-0.00644342648756	0.00199004405655	0.00510548012793	-0.00146439221738	-0.000162387095173	-0.000710494048722	-0.000282560870172	5.43958192108e-05	-2.56558164321e-05	-4.02057946686e-05	-2.06971487494e-05	-9.91039059476e-07	-6.18243868756e-06	-5.89428964209e-06	3.79696406402e-07	1.48558996881e-07	3.0749743752e-06	-2.71220653119e-06	-8.3245305646e-07	2.09242402597e-07	-7.83394277872e-07	-1.23367430484e-08	-1.28533741333e-11	4.58220845838e-10	-3.74982041705e-10	-8.00328795453e-10	4.48268631445e-10
HMPMockV1.2.Staggered2;k__Bacteria;p__Proteobacteria;c__Alphaproteobacteria;Other;Other;Other	0.145702349773	0.122342386186	-0.00654488299797	-0.00331926415384	-0.00836506506021	0.0013640853945	0.00103755351719	-0.000465252866411	-0.00035312029714	-0.000201857886905	-0.000132775525894	-1.18375737866e-05	-2.01249529404e-05	-4.50987917446e-06	5.18622105388e-06	8.10922624676e-06	-3.53613905972e-06	1.14420709916e-06	3.13345891212e-06	7.36034771551e-07	-1.42541577385e-06	1.11215826271e-06	1.1518015881e-06	1.08822656743e-07	-7.69676383911e-08	7.30576284478e-09	3.20501323714e-12	4.58220927538e-10	-3.74982037241e-10	-8.00328777323e-10	4.48268630746e-10
HMPMockV1.2.Staggered1;k__Bacteria;p__Firmicutes;c__Bacilli;o__Bacillales;f__Staphylococcaceae;Other	0.0172981478214	0.0356815171903	-0.000448818631954	0.00196094118964	-0.00671899471423	0.00163266255356	0.00555482505249	-0.00145088094142	3.65515100815e-05	-0.000777988353807	-0.000291131732186	4.13940674872e-05	-1.63467017013e-06	-3.84074125379e-05	-2.35482059014e-05	1.57070273211e-06	-8.65608796361e-08	-4.40272132463e-06	-3.86089687938e-06	6.78897406264e-06	2.63724697706e-06	-6.63780187893e-07	1.56298979692e-06	3.51315439232e-07	-3.63675351902e-07	-1.01589982943e-08	-1.23841025335e-11	4.58220848237e-10	-3.7498204157e-10	-8.0032879493e-10	4.4826863143e-10
HMPMockV1.2.Staggered1;k__Bacteria;p__Proteobacteria;Other;Other;Other;Other	0.165158029559	0.137738362274	-0.00671540871053	0.00290789796627	-0.00487221875743	-0.000129610739174	0.00107462110968	-0.000380732148179	0.000355890515896	-0.000242516164665	-1.93262721173e-05	2.19358431253e-05	7.10334448566e-06	-6.57828403713e-07	-3.99032121391e-06	-1.05625288004e-05	6.01351399975e-06	1.1718700099e-06	-8.88916544431e-07	-9.71313222531e-07	1.20070149912e-07	-6.32124000116e-07	-5.78469843487e-07	-5.73292407246e-08	-8.59968056177e-08	-7.49064352651e-10	1.61363561542e-12	4.5822091943e-10	-3.7498203768e-10	-8.00328779081e-10	4.48268630784e-10
HMPMockV1.2.Staggered1;k__Bacteria;p__Proteobacteria;c__Alphaproteobacteria;Other;Other;Other	0.142619341814	0.123417220631	-0.00852931725676	-0.00218476933832	-0.00790587848319	0.00118669358476	0.000863819890218	-0.000447782996855	-0.000237751228381	-0.000166796388969	-0.000122017744413	7.67765550223e-08	-2.07440236431e-05	-3.17298254879e-06	4.13661529958e-06	9.97586504907e-06	-2.03950784971e-06	6.2041659425e-07	1.63574542343e-06	1.20818662475e-06	-2.13250912981e-06	9.44193216358e-07	1.0956525443e-06	5.56651872178e-08	6.14532840034e-08	8.43778259082e-09	5.31073609266e-12	4.58220938251e-10	-3.74982036654e-10	-8.00328774936e-10	4.48268630648e-10
HMPMockV1.1.Even2;k__Bacteria;p__Firmicutes;c__Bacilli;o__Bacillales;f__Staphylococcaceae;Other	0.00922820967474	0.0316195145183	-0.0015609222695	0.00114633263681	-0.00730800060351	0.00205621337737	0.00525143942232	-0.00173540962425	-6.96520606453e-05	-0.000734199149425	-0.000340454334046	0.000142546449554	-2.62011946115e-05	-3.68559942404e-05	-4.45943919739e-05	-2.09936435635e-06	5.76350039297e-06	-7.60484645214e-07	-2.12437243383e-06	6.33581520193e-06	1.24989942811e-06	-2.21301062701e-07	2.96258744817e-06	5.86383608943e-07	5.16255775437e-07	-8.42794970035e-09	-1.11913514009e-11	4.58220854337e-10	-3.74982041226e-10	-8.00328793573e-10	4.48268631376e-10
HMPMockV1.1.Even1;k__Bacteria;p__Firmicutes;c__Bacilli;o__Bacillales;f__Staphylococcaceae;Other	0.0142073025204	0.033393520938	-0.000166530353074	0.00192214513809	-0.00650707538837	0.00240297246316	0.00451455204211	-0.00226428400342	-5.68429022855e-06	-0.000621916686534	-0.000302748684489	0.000218742945521	-1.14355991311e-05	-3.58378830095e-05	-4.55208382511e-05	6.92106044344e-06	6.02685266648e-06	-6.56688383852e-06	-1.69964991354e-06	3.75447759877e-06	4.73067516119e-07	-1.20384724404e-07	1.9083671462e-06	1.76214432806e-07	6.27196770596e-07	-6.56895766557e-09	-3.85784118105e-12	4.58220891614e-10	-3.74982039185e-10	-8.00328785251e-10	4.48268631029e-10
HMPMockV1.1.Even2;k__Bacteria;p__Firmicutes;c__Bacilli;o__Gemellales;f__;g__	-0.0436338104272	-0.0138750670666	0.0107066550386	0.00530872569188	0.00321755461314	0.00789788446483	-0.00363014739326	0.00353418406594	-0.00150737712482	0.000240224114603	8.21795422226e-06	-0.00014931453153	1.07070104557e-06	1.8345737541e-05	-2.38296252788e-06	-6.60750888856e-07	-7.01462202223e-06	7.78697753407e-06	-2.01048743809e-06	-2.49204840757e-06	-3.14655182247e-07	-4.35634316254e-07	3.31583683539e-07	2.74984448544e-07	-7.24071469233e-08	2.10573972875e-08	1.39969735865e-12	4.58220918404e-10	-3.74982037737e-10	-8.00328779423e-10	4.48268630871e-10
HMPMockV1.1.Even2;k__Bacteria;p__Firmicutes;c__Bacilli;o__Bacillales;f__Staphylococcaceae;g__Salinicoccus	-0.0377765596516	-0.00432452772212	0.00598694968977	0.00381604774066	8.71972832981e-05	0.00291447791877	0.00233268724696	1.76076254524e-05	-0.000306516684443	3.76514879898e-05	1.33422313714e-05	8.62614276065e-06	2.45883906327e-06	3.68608917287e-06	4.43109960066e-06	1.58445000528e-06	2.39143405566e-07	-1.10818079509e-06	-2.19791786637e-06	5.06828605454e-07	2.24540189074e-07	2.20364792859e-08	-2.90517453081e-07	-8.31941790553e-08	3.29937765141e-08	-1.14490871057e-09	3.87002167127e-12	4.58220930891e-10	-3.74982037052e-10	-8.00328776518e-10	4.48268630677e-10
HMPMockV1.2.Staggered1;k__Bacteria;p__Firmicutes;c__Bacilli;o__Lactobacillales;Other;Other	0.0285486454415	0.0542052859673	-0.00712853776248	0.00817841697637	-0.00338076838205	0.00150560543729	0.00300301145589	-0.00214627463121	0.000721891593169	-0.000582141429617	-0.000174764110086	0.000417452262919	4.46104732979e-05	9.23892177634e-05	2.34033443542e-05	-7.28604221122e-05	3.10555804134e-05	-5.55332012554e-06	2.3650630713e-05	3.7301010459e-05	9.93977714504e-06	2.62971728163e-06	1.69178104985e-05	2.4117239725e-06	-2.04527178103e-07	-3.51555702144e-08	-3.64964987936e-11	4.5822072562e-10	-3.74982048291e-10	-8.00328822253e-10	4.4826863251e-10
HMPMockV1.2.Staggered2;k__Bacteria;p__Firmicutes;c__Bacilli;o__Lactobacillales;Other;Other	0.023857043678	0.0504910927154	-0.00623690625319	0.00903000914028	-0.00289858880829	0.00153003879687	0.00304878338339	-0.00236937990814	0.000790756813664	-0.00059962917805	-0.000207739112052	0.000492287874873	5.37545785004e-05	0.000121946743446	2.36200620902e-05	-9.29375126513e-05	3.74565288859e-05	-1.14691572028e-05	3.02112090394e-05	4.70709395983e-05	1.38307002869e-05	2.95008639543e-06	2.15509333688e-05	3.16154540859e-06	-5.53577600119e-07	-4.83074851202e-08	-5.37991850984e-11	4.58220637625e-10	-3.74982053107e-10	-8.00328841852e-10	4.48268633298e-10
HMPMockV1.1.Even2;k__Bacteria;p__Proteobacteria;Other;Other;Other;Other	0.178419068903	0.156008878067	-0.0131229725827	0.00608992828661	-0.00244439254141	-0.000449797888985	-0.000737040109128	-0.000208305753013	0.000102843027746	-5.47847281239e-05	-3.14977866272e-05	-2.88338195089e-05	-1.58815203549e-05	-5.49093446448e-06	5.403338249e-06	-1.1875928482e-06	-1.65158887094e-06	2.25087537712e-06	1.23641206068e-06	-7.53314078991e-07	-1.36616178565e-07	3.4605146666e-08	6.50757892815e-08	-1.12478207039e-07	-8.03161134937e-08	1.77084065411e-09	5.16629280454e-12	4.58220937488e-10	-3.74982036694e-10	-8.00328775064e-10	4.48268630627e-10
HMPMockV1.2.Staggered2;k__Bacteria;p__Proteobacteria;c__Alphaproteobacteria;o__Rhodobacterales;f__Rhodobacteraceae;Other	-0.0117429227043	0.0288053044692	-0.0102893194874	-2.7135181639e-05	-0.00948783302216	0.00211614274921	0.00415713853139	-0.000498430058958	0.000146464247191	-0.000627705320228	5.40141437342e-05	6.02756793387e-05	-4.86712431087e-05	1.09438033686e-05	1.8410259231e-05	-6.28404483572e-06	-9.13933807078e-08	-4.22076067675e-06	-1.71221681583e-06	-2.6145713245e-06	1.28030424983e-06	-9.87186744535e-07	5.34805687902e-07	6.20900037517e-07	-2.52414323704e-07	-5.17438537879e-09	-9.42323980456e-12	4.58220863317e-10	-3.74982040751e-10	-8.00328791599e-10	4.48268631304e-10
HMPMockV1.1.Even1;k__Bacteria;p__Firmicutes;c__Bacilli;o__Gemellales;f__;g__	-0.0438587270548	-0.014107163288	0.0107681780917	0.0053961477008	0.00307573360707	0.00783194109308	-0.00375461603691	0.00380501230156	-0.0014881348144	0.000196270859658	1.71220618019e-08	-0.000103375387905	1.20715091734e-05	2.45473451871e-05	-1.00899123951e-05	5.49232235754e-06	-5.439609706e-06	6.7115701697e-06	-8.47534175178e-07	-1.01883655387e-06	-7.80573619749e-07	5.2068150716e-07	1.55594718121e-07	5.22778477011e-07	9.31260305632e-07	2.21500022574e-08	5.02273370293e-12	4.58220936847e-10	-3.74982036716e-10	-8.00328775301e-10	4.48268630698e-10
HMPMockV1.1.Even1;k__Bacteria;p__Firmicutes;c__Bacilli;o__Bacillales;f__Staphylococcaceae;g__Salinicoccus	-0.0382615399911	-0.004585782409	0.00607815077891	0.00353638154945	0.000477362037139	0.00275199433858	0.0021617855835	3.16548351933e-05	-0.000275514454318	5.68556732824e-05	6.69943212921e-06	5.1646898596e-06	3.98313325386e-06	5.08676350086e-06	5.92780084728e-06	1.98075304266e-06	-4.83025597833e-07	-1.40992846246e-06	-2.71183386727e-06	5.65708726478e-07	4.42273848367e-07	-7.99243944422e-08	-4.28772796766e-07	-1.06183900154e-07	1.5482338627e-08	-2.02379277358e-09	4.20575502117e-12	4.58220932594e-10	-3.74982036959e-10	-8.00328776133e-10	4.48268630657e-10
HMPMockV1.1.Even1;k__Bacteria;p__Proteobacteria;Other;Other;Other;Other	0.182211251842	0.162131243811	-0.0158068256135	0.00667286104841	-0.00227638988282	-0.000640342337007	-0.00118927172865	-0.000139294198761	0.000114252369483	-2.44974212988e-05	1.33652474153e-05	-1.83849321238e-05	-2.62133072752e-05	6.61163117482e-06	6.81483189885e-06	1.15019305317e-06	-1.25557127632e-06	1.49338458065e-06	7.58764684089e-07	-8.15081497417e-07	-1.22772517669e-06	3.44325067975e-07	1.76180641374e-08	-1.74918540369e-07	-3.27230090954e-07	7.356190465e-09	4.85040093251e-12	4.58220935895e-10	-3.74982036786e-10	-8.00328775453e-10	4.48268630662e-10
HMPMockV1.1.Even2;k__Bacteria;p__Firmicutes;c__Clostridia;o__Clostridiales;f__Clostridiaceae;Other	0.0395705120386	0.0585767854925	-0.00848263356589	-0.000760763690355	-0.00952518323322	-0.00127972652682	0.00415678748296	-0.000303815324546	-0.000561091886345	0.000668342975459	4.58088743602e-05	6.95283216972e-05	-5.54049094818e-05	2.92256962885e-05	6.59086449096e-06	-1.50233238658e-06	-1.45837280182e-06	7.62452476535e-06	-5.25081958648e-06	6.17438354671e-07	-7.97581987854e-07	1.03897365542e-06	1.35872554898e-07	-1.56312159418e-07	1.25965309359e-07	6.11160079136e-09	7.23397684753e-12	4.58220948015e-10	-3.74982036117e-10	-8.00328772733e-10	4.48268630537e-10
HMPMockV1.2.Staggered1;k__Bacteria;p__Proteobacteria;c__Alphaproteobacteria;o__Rhodobacterales;f__Rhodobacteraceae;Other	-0.00888084696514	0.0336388036824	-0.012670269416	-0.00032415574697	-0.00948046407175	0.00217090418148	0.00392323530254	-0.000475385609604	-5.06793823268e-05	-0.000579699354225	9.89192623613e-05	2.8719834581e-05	-4.24309706005e-05	-1.94053658072e-06	1.14719061595e-05	-8.81297938936e-06	2.53220698483e-06	-1.47547065031e-06	1.0980913063e-06	-1.84763938207e-06	1.2375374307e-06	5.22651467662e-07	8.12820340964e-07	7.25743796955e-07	-4.10283796997e-07	-1.37632644769e-09	-1.47453024675e-11	4.5822083627e-10	-3.74982042231e-10	-8.00328797659e-10	4.48268631572e-10
HMPMockV1.1.Even2;k__Bacteria;p__Proteobacteria;c__Epsilonproteobacteria;o__Campylobacterales;f__Helicobacteraceae;Other	0.0643973930318	0.100011164725	-0.0271018457176	0.0030333475276	-0.00712353040126	0.000483674610075	0.00105293585007	0.000150298408346	-0.000122800953349	-0.000208061656089	-2.06927915013e-05	-5.06569541755e-06	-3.55809179092e-05	1.55679402102e-05	4.96920040991e-06	1.23267638423e-06	-1.78642996169e-06	6.57384173864e-06	-2.86949586908e-06	-1.03181715061e-06	-1.99761018139e-06	1.70628436969e-07	1.05271212531e-08	-7.53113157229e-08	1.54340918911e-07	7.92731342001e-09	9.01341389223e-12	4.58220957075e-10	-3.74982035623e-10	-8.00328770725e-10	4.48268630463e-10
HMPMockV1.1.Even1;k__Bacteria;p__Proteobacteria;c__Epsilonproteobacteria;o__Campylobacterales;f__Helicobacteraceae;Other	0.0792827536343	0.108712763371	-0.0272990566576	0.000897502784985	-0.0080861267872	0.000870572812633	0.000308959053954	0.000141954384749	-0.000312179741643	-9.57130036505e-05	-7.44179437784e-06	9.41882382136e-06	-4.14244607199e-05	9.05644553702e-06	-7.38497575515e-06	-1.0872246192e-06	-2.09372469351e-06	9.63335801927e-06	-1.20652525497e-06	2.01744568094e-06	-1.71541284976e-06	5.23324429418e-07	1.97450628565e-06	1.64831148507e-07	1.47520993203e-08	8.74774673955e-09	3.20366002236e-12	4.58220927547e-10	-3.7498203724e-10	-8.0032877733e-10	4.48268630748e-10
HMPMockV1.1.Even1;k__Bacteria;p__Firmicutes;c__Bacilli;o__Lactobacillales;f__Carnobacteriaceae;g__Granulicatella	-0.0530118665003	0.00151379289652	-0.000419175012024	-0.0181093760689	0.0147474088363	-0.00982940752555	-0.0030939404525	-0.000449235285744	0.00131549649559	-0.000482537942709	1.41134928878e-05	2.05583059271e-05	4.04159902385e-06	-2.05122944675e-06	7.1584999286e-08	-1.31853855918e-06	3.14026208269e-07	-4.09663389425e-07	-6.52951989245e-08	5.73725102034e-08	3.24481508057e-07	-1.18854524898e-07	-5.74214688726e-08	4.93410259174e-09	-2.43412431776e-08	-1.37433962132e-09	3.03572365106e-12	4.58220926644e-10	-3.74982037284e-10	-8.00328777467e-10	4.48268630718e-10
HMPMockV1.1.Even2;k__Bacteria;p__Firmicutes;c__Clostridia;o__Clostridiales;f__Clostridiaceae;g__	-0.05446899169	-0.00372305315035	0.0019694233934	-0.0135150783397	0.010533913707	-0.00989511238032	-0.00368828945989	-7.85481810473e-05	0.000799694108458	-0.000119735666322	2.35390797187e-05	2.13291092421e-05	7.97502712832e-07	2.30209398975e-06	8.71730524758e-07	-1.69108704289e-06	-2.87763718169e-07	7.51386331873e-07	-4.70898404567e-07	-6.67639318441e-08	2.91478856856e-07	-1.28753204075e-07	-3.76076834914e-08	1.87474311534e-08	4.9055158644e-08	-1.35415393837e-09	3.43166700882e-12	4.5822092866e-10	-3.74982037174e-10	-8.00328777017e-10	4.48268630699e-10
HMPMockV1.2.Staggered2;k__Bacteria;p__Firmicutes;c__Clostridia;o__Clostridiales;f__Clostridiaceae;Other	0.0310945645357	0.0535265740392	-0.00863407288938	-0.000375655731092	-0.00960346244082	-0.00110076447866	0.00439190425658	-0.000281207574516	-0.000391043326655	0.000488538943733	4.15041468501e-05	6.85051443697e-05	-4.64724324456e-05	2.54841910456e-05	7.11237978568e-06	-5.51353338127e-06	3.50354596323e-06	5.39711210111e-06	-9.18602909442e-06	2.48532228016e-06	3.93048235334e-07	1.07806790234e-06	1.51821081562e-07	-1.64279584824e-07	3.51155330701e-07	2.36914236712e-10	5.94903752184e-12	4.58220941468e-10	-3.74982036469e-10	-8.00328774157e-10	4.48268630573e-10
HMPMockV1.1.Even1;k__Bacteria;p__Firmicutes;c__Clostridia;o__Clostridiales;f__Clostridiaceae;Other	0.037400216449	0.0556305868746	-0.00737896657896	-0.000688598493381	-0.0098659505101	-0.00128084606063	0.00414938860474	-0.000302767371501	-0.000279223491529	0.000658967546183	2.92220159268e-05	8.9712401806e-05	-5.58190637533e-05	2.66409129554e-05	1.58656128998e-06	-5.8471097008e-06	1.6530292156e-08	9.34448654999e-06	-1.87021363235e-06	-3.65918301141e-07	-1.74562959927e-06	1.79297822523e-07	3.62544258622e-07	-5.96708209005e-08	9.32636436819e-08	8.19878108663e-09	7.13000631583e-12	4.58220947503e-10	-3.74982036147e-10	-8.00328772865e-10	4.48268630551e-10
HMPMockV1.2.Staggered2;Unclassified;Other;Other;Other;Other;Other	0.576691133196	0.340897075389	0.0366079880748	-0.00347970107425	-0.000522917496551	-0.00363513370683	-0.00221303548146	6.55034237741e-05	-0.000255655233402	-0.000238751615307	-3.57037575726e-05	-1.46274909863e-05	4.45035189219e-06	-2.72490688205e-06	5.8195023112e-07	-5.50223107281e-07	2.67082678125e-08	-1.02425224176e-06	-4.09277239636e-07	-3.76443233646e-08	4.06297511191e-07	-1.13939926344e-07	-1.55651048285e-07	-1.2753119683e-08	-2.47983541294e-08	-1.65118827915e-09	2.01003941292e-12	4.58220921436e-10	-3.74982037569e-10	-8.00328778628e-10	4.48268630765e-10
HMPMockV1.2.Staggered2;Unknown;Other;Other;Other;Other;Other	0.0552449840722	0.182120655419	-0.0788136585757	0.0482758621435	0.0195657402428	-0.00500842729373	-0.00864154087632	-7.73822082078e-06	0.00112802791169	0.00077984206152	0.000151923146175	2.05274242455e-05	-2.0173942668e-05	6.11792713285e-06	1.55951426534e-06	2.02471043831e-06	-4.14993630733e-07	1.87978570007e-06	4.35563909099e-07	-7.88036156559e-08	-9.12070592374e-07	3.21363503673e-07	1.237901222e-07	-1.75707048667e-08	9.17480529649e-08	3.64190223884e-09	4.00271435187e-12	4.58220931587e-10	-3.74982037014e-10	-8.00328776391e-10	4.48268630688e-10
HMPMockV1.2.Staggered1;k__Bacteria;p__Firmicutes;c__Clostridia;o__Clostridiales;f__Clostridiaceae;Other	0.0291240905921	0.0527523137426	-0.0090777888377	-0.000407019137171	-0.00957231569958	-0.000653759102232	0.00380196145989	-0.000435848686296	-0.000289624343723	0.000563400907783	4.16000290934e-05	6.58596731382e-05	-4.04895391281e-05	1.73050597012e-05	6.77769206743e-06	-3.95570548902e-06	1.46139681833e-06	6.09650862012e-06	-2.23029036021e-06	2.50456269482e-06	-4.16467483812e-07	1.05862323648e-06	1.01488172112e-06	1.95792142245e-08	3.07268902796e-07	2.85406262219e-09	5.65864278376e-12	4.58220940005e-10	-3.74982036553e-10	-8.00328774507e-10	4.48268630603e-10
HMPMockV1.1.Even2;k__Bacteria;p__Firmicutes;c__Bacilli;o__Lactobacillales;f__Carnobacteriaceae;g__Granulicatella	-0.0529637666564	0.00153792235562	-0.000419317429826	-0.0181050376366	0.0147616166866	-0.00982481376925	-0.00305719220639	-0.000449347203927	0.00130947203773	-0.000466278238833	1.48196988636e-05	2.12704738599e-05	3.74690191649e-06	-1.8158024688e-06	1.3755203754e-07	-1.33925983347e-06	2.95047025935e-07	-3.44562367576e-07	-8.44567418947e-08	6.07729563011e-08	3.15920844736e-07	-1.19284445938e-07	-5.6144279823e-08	3.86421560347e-09	-2.43676049452e-08	-1.32855495961e-09	3.06961512925e-12	4.58220926817e-10	-3.74982037275e-10	-8.00328777429e-10	4.48268630717e-10
HMPMockV1.2.Staggered1;Unclassified;Other;Other;Other;Other;Other	0.581304231689	0.343223631732	0.0371367710968	-0.0033048044828	-0.000313004982527	-0.00374217793509	-0.00220485132472	6.82990351518e-05	-0.000261224322477	-0.000240354980108	-5.93700991482e-05	-2.08682173487e-05	8.33058347802e-06	-4.05107726021e-06	3.70779325681e-07	-8.01638601974e-07	7.70884358682e-08	-9.93927243781e-07	1.26497897645e-07	-1.88953371029e-07	3.96080752689e-07	-1.16556440042e-07	-1.47699379633e-07	1.33288199966e-09	-2.77738974468e-08	-1.63349585918e-09	1.90002173362e-12	4.58220920877e-10	-3.749820376e-10	-8.00328778753e-10	4.48268630771e-10
HMPMockV1.2.Staggered1;Unknown;Other;Other;Other;Other;Other	0.0556068744984	0.183033671792	-0.0791628005997	0.0487320722043	0.0198440460353	-0.00506380479617	-0.00872753689832	-1.61373371567e-05	0.00114153533003	0.000780799274476	0.000169596027062	2.48669611963e-05	-2.15430322031e-05	7.19610994813e-06	2.05760064452e-06	2.25234829873e-06	-3.81871150505e-07	1.37580722246e-06	-2.4849784617e-07	7.60823639964e-08	-7.64654697408e-07	2.8973514261e-07	3.31944863258e-08	-4.09730161456e-08	9.07571694722e-08	3.01580033059e-09	4.03208490991e-12	4.58220931734e-10	-3.74982037006e-10	-8.00328776354e-10	4.48268630684e-10
HMPMockV1.2.Staggered2;k__Bacteria;p__Firmicutes;c__Clostridia;o__Clostridiales;f__Clostridiaceae;g__	-0.0550858139216	-0.00440195437662	0.0021559122859	-0.0132517094427	0.0100120340452	-0.0104331607491	-0.00381894058336	-0.000109715516875	0.000755748291854	-5.6826883246e-05	2.53042661155e-05	2.48940418614e-05	-3.51319077359e-07	4.24430457122e-06	5.11701546461e-07	-7.73644453324e-07	-1.2030846339e-06	9.37777744888e-07	-5.88146106077e-07	-5.91521088028e-08	-2.4368257382e-07	-2.1808416491e-07	9.24162875241e-09	-1.63055971865e-08	-5.43074826485e-08	9.62558678423e-10	3.94511002969e-12	4.58220931277e-10	-3.74982037033e-10	-8.00328776447e-10	4.48268630683e-10
HMPMockV1.1.Even1;k__Bacteria;p__Firmicutes;c__Clostridia;o__Clostridiales;f__Clostridiaceae;g__	-0.0544960186177	-0.00393415234437	0.00206813833901	-0.0133093512825	0.0103139834717	-0.0100288681465	-0.00360785198547	-0.000108530018431	0.000768795551847	-4.82395355954e-05	2.64900623487e-05	2.43155136691e-05	-2.46988755849e-07	2.72231108456e-06	9.61596464875e-07	-1.49208948166e-06	5.23078693073e-07	3.62419497659e-07	-5.53030127589e-07	-1.69970694955e-10	4.09933496143e-08	-3.33784940699e-08	-9.21513798265e-09	-1.21841443972e-08	-1.43549332794e-09	-8.8937919004e-11	3.32516056382e-12	4.58220928122e-10	-3.74982037204e-10	-8.00328777144e-10	4.48268630708e-10
HMPMockV1.2.Staggered1;k__Bacteria;p__Firmicutes;c__Clostridia;o__Clostridiales;f__Clostridiaceae;g__	-0.0541700734772	-0.00371955565394	0.0020606131662	-0.0133209181902	0.0105937737127	-0.00949963672966	-0.00366084733388	3.5806251196e-05	0.000759463218535	-0.000118338531818	2.29004380272e-05	2.46273710536e-05	3.36186422332e-06	5.09589755254e-06	-1.14574350969e-06	-1.08645722698e-06	-1.88008299327e-06	6.88902279382e-07	-8.0284772976e-07	-2.70892883393e-07	-5.33248280345e-07	8.33744768731e-10	1.98875730503e-08	3.52135709353e-08	7.71787676159e-08	1.53257894916e-09	3.89780276617e-12	4.58220931042e-10	-3.74982037044e-10	-8.00328776502e-10	4.48268630687e-10
HMPMockV1.2.Staggered1;k__Bacteria;p__Proteobacteria;c__Gammaproteobacteria;o__Xanthomonadales;f__Xanthomonadaceae;g__Stenotrophomonas	-0.0344492154753	0.00707477524706	-0.000981157684905	-9.5476848506e-05	-9.44642061851e-05	0.000747289561546	-0.000406983171147	-5.81756275729e-06	0.000169301216715	-0.000377569289896	-1.60022272719e-05	-1.61019481055e-05	7.01495566212e-06	-5.50131355053e-06	-1.73799747921e-06	6.38967323181e-07	4.77529617173e-07	-1.5522782424e-06	4.84460033189e-07	-7.58581331867e-08	1.79095630663e-07	2.04146533563e-08	-2.14592436908e-08	2.714078529e-08	2.66529219012e-09	-1.00259982018e-09	1.74140014893e-12	4.58220920073e-10	-3.74982037644e-10	-8.00328778937e-10	4.48268630781e-10
HMPMockV1.2.Staggered1;k__Bacteria;p__Proteobacteria;c__Gammaproteobacteria;o__Enterobacteriales;f__Enterobacteriaceae;g__Serratia	-0.0354203473847	-0.00287801682211	0.00436015499659	0.00345909164654	-0.00391137817781	0.00394594005833	0.000495904282101	0.00111197427363	-0.000634282676274	0.000161656416386	-3.68248055255e-06	1.07761383825e-05	1.80134684446e-05	2.15066052259e-05	-1.40011005006e-05	5.96777575424e-06	1.30960690812e-06	2.08949697967e-06	7.78567895966e-07	1.12337749866e-06	-3.00955393672e-06	-9.83426625602e-07	-1.91270803166e-07	4.65684099504e-08	1.20423728907e-06	1.18610959464e-09	1.54292750079e-11	4.58220989703e-10	-3.74982033827e-10	-8.00328763399e-10	4.48268630131e-10
HMPMockV1.1.Even2;k__Bacteria;p__Firmicutes;c__Bacilli;o__Lactobacillales;f__Streptococcaceae;g__	-0.0422721688918	-0.0125639319075	0.0104092578935	0.00490533469216	0.00420423336756	0.00907418702821	-0.0033390985663	0.00255517900917	-0.00156036716313	0.000212943053084	1.12929309721e-05	-0.000358453927204	-4.51679877194e-05	8.41008129956e-06	-2.41654072306e-06	1.08291710958e-05	2.62011863311e-05	-1.28894065208e-05	-4.47062932782e-06	-2.90906671754e-06	-7.9844503842e-06	4.33400838227e-06	1.33367004172e-06	7.77273329591e-08	7.89130737989e-07	2.90286082677e-08	-3.07160371887e-12	4.58220895739e-10	-3.74982038966e-10	-8.00328784519e-10	4.48268631106e-10
HMPMockV1.1.Even2;Unclassified;Other;Other;Other;Other;Other	0.582356201946	0.343744302535	0.037270716867	-0.00324962001975	-0.000255511261698	-0.00377384358744	-0.00219402299685	6.96797062073e-05	-0.000263257720489	-0.00024219943996	-6.65896289154e-05	-2.26726689601e-05	9.25945550048e-06	-4.24689159289e-06	3.22593394687e-07	-8.47096876473e-07	7.68423796738e-08	-1.02988506231e-06	1.44498092354e-07	-2.01344078692e-07	4.1247850522e-07	-1.26681182794e-07	-1.5391587108e-07	1.66403475166e-09	-3.09370939526e-08	-1.700477282e-09	1.86839743426e-12	4.58220920716e-10	-3.74982037609e-10	-8.00328778789e-10	4.48268630772e-10
HMPMockV1.1.Even2;k__Bacteria;p__Proteobacteria;c__Betaproteobacteria;o__Neisseriales;f__Neisseriaceae;Other	-0.0097176817918	0.0235109201943	-0.00476406694705	0.00148613206194	-0.00868561516718	0.00164068414159	0.00611546085226	-0.0012053231739	0.00076279369625	-0.000759657567449	-2.91582717242e-05	8.19804796614e-05	1.54162340174e-05	-1.23178373889e-05	4.67551160309e-06	4.25437797268e-06	6.89936254824e-06	1.19148125827e-06	5.42611370155e-07	1.45287312819e-06	-2.68410374212e-06	1.80003222161e-06	3.90207956558e-07	-2.7852562476e-07	-4.08244674967e-07	1.43183783902e-08	7.11326028231e-12	4.58220947416e-10	-3.74982036159e-10	-8.00328772921e-10	4.48268630581e-10
HMPMockV1.1.Even2;Unknown;Other;Other;Other;Other;Other	0.0557315053613	0.183427251919	-0.0792933050558	0.048998276289	0.0200072338222	-0.00510789947948	-0.00874614544037	-2.11208857034e-05	0.00114204630469	0.000773784306201	0.000183039359688	2.81349461039e-05	-2.31706778293e-05	7.48464327987e-06	2.14002200862e-06	2.3268752772e-06	-3.75542704648e-07	1.41963299593e-06	-2.83783428067e-07	9.5548486343e-08	-7.89008755867e-07	3.06434859916e-07	4.17842927105e-08	-4.16040632605e-08	9.65089084811e-08	3.11072302091e-09	4.09264985029e-12	4.58220932042e-10	-3.74982036989e-10	-8.00328776286e-10	4.48268630681e-10
HMPMockV1.1.Even2;k__Bacteria;p__Firmicutes;c__Bacilli;o__Bacillales;f__Bacillaceae;Other	-0.0401923632998	-0.0109952521861	0.00986985560752	0.00617219092215	0.00192983983542	0.00845610500884	-0.0016474572779	-0.000966183925644	-0.000681651537966	0.000134525626405	-3.89070497809e-05	-0.000361026426736	-0.000130097752079	-0.000166886017939	0.000127395823397	-5.77693922832e-05	-1.54719813294e-05	-1.10871678624e-05	-4.38718915661e-06	-1.79347031273e-05	1.80767546153e-05	-1.17116020212e-05	7.76808438787e-06	-4.13355008043e-06	-1.32886309027e-06	-5.81368351282e-08	6.42556366515e-11	4.58221237543e-10	-3.74982020281e-10	-8.00328707707e-10	4.48268627582e-10
HMPMockV1.1.Even1;Unclassified;Other;Other;Other;Other;Other	0.582356201946	0.343744302535	0.037270716867	-0.00324962001975	-0.000255511261698	-0.00377384358744	-0.00219402299685	6.96797062073e-05	-0.000263257720489	-0.00024219943996	-6.65896289154e-05	-2.26726689601e-05	9.25945550048e-06	-4.24689159289e-06	3.22593394687e-07	-8.47096876473e-07	7.68423796738e-08	-1.02988506231e-06	1.44498092354e-07	-2.01344078692e-07	4.1247850522e-07	-1.26681182794e-07	-1.5391587108e-07	1.66403475166e-09	-3.09370939526e-08	-1.700477282e-09	1.86839743426e-12	4.58220920716e-10	-3.74982037609e-10	-8.00328778789e-10	4.48268630772e-10
HMPMockV1.1.Even1;Unknown;Other;Other;Other;Other;Other	0.0555764015677	0.182937439289	-0.0791308915431	0.048666983843	0.0198041457247	-0.00505302340382	-0.00872298700754	-1.49188321549e-05	0.00114141039392	0.000782514472763	0.000166309058371	2.40679209304e-05	-2.11450639044e-05	7.12556196318e-06	2.03744816813e-06	2.234126043e-06	-3.83418490289e-07	1.36509158005e-06	-2.39870327519e-07	7.1322790126e-08	-7.58699996301e-07	2.85651969972e-07	3.1094231468e-08	-4.08187216588e-08	8.93508376816e-08	2.99259121125e-09	4.01727644922e-12	4.58220931658e-10	-3.7498203701e-10	-8.00328776371e-10	4.48268630684e-10
HMPMockV1.1.Even1;k__Bacteria;p__Firmicutes;c__Bacilli;o__Lactobacillales;f__Streptococcaceae;g__	-0.0432067809683	-0.012030487531	0.00983779918561	0.00364460512796	0.00456405476881	0.00760316428527	-0.00333502072463	0.00234726335818	-0.00140362466945	0.000224737965974	1.07771108062e-05	-0.000326601376063	-4.66631897672e-05	3.45816614178e-06	2.15191911311e-06	5.82723472702e-06	2.27152587679e-05	-9.80749961613e-06	-4.43071631951e-06	-2.82748186494e-06	-6.03739898788e-06	3.5126982707e-06	5.44936654519e-07	1.29628683204e-07	9.36800601043e-07	2.03621556649e-08	-2.37644028456e-12	4.58220899246e-10	-3.7498203877e-10	-8.00328783686e-10	4.48268631041e-10
HMPMockV1.1.Even1;k__Bacteria;p__Proteobacteria;c__Betaproteobacteria;o__Neisseriales;f__Neisseriaceae;Other	-0.0131548243778	0.0203069527134	-0.00367207276122	0.00245077589968	-0.00840749554771	0.00131640828087	0.00684161552045	-0.00124774431546	0.00103226663253	-0.000855379120114	-1.78045532552e-05	8.62486965835e-05	3.42362834195e-05	-1.24528284069e-06	2.17349860418e-06	-2.22706362669e-06	1.02102946784e-05	1.86507389733e-06	1.74209697481e-07	-6.7126952722e-07	-6.99619566869e-07	2.72559699487e-06	-1.97938673732e-07	9.72027463358e-08	8.54186673384e-07	2.24646985661e-09	8.14403276907e-12	4.58220952645e-10	-3.74982035855e-10	-8.00328771674e-10	4.48268630481e-10
HMPMockV1.2.Staggered2;k__Bacteria;p__Proteobacteria;c__Alphaproteobacteria;o__Rhizobiales;f__Hyphomicrobiaceae;g__Devosia	-0.0382595963833	-0.000383268186514	0.00247091268407	-0.00149441198843	-0.000684100429615	0.000266341387417	0.000408672565111	-4.32170257417e-07	-3.6513114433e-05	-2.60873750744e-05	-5.27464042311e-06	-7.45517417466e-07	6.71456986603e-07	-2.03389379136e-07	-9.42040064624e-08	-6.54206516218e-08	1.29718122348e-08	-3.77631972012e-08	7.33279860856e-09	-1.20065974621e-09	1.97813158782e-08	-8.91049721588e-09	1.23300552908e-09	1.45168049932e-09	-2.7228718664e-09	-7.96706088984e-11	2.54665690448e-12	4.58220924169e-10	-3.7498203742e-10	-8.00328778027e-10	4.48268630745e-10
HMPMockV1.2.Staggered2;k__Bacteria;p__Proteobacteria;c__Gammaproteobacteria;o__Enterobacteriales;f__Enterobacteriaceae;g__Serratia	-0.0361823065211	-0.00400977701877	0.00506305314345	0.00364037009396	-0.00296627064094	0.00458288743465	4.2099521005e-05	0.00165828656946	-0.000746573636833	0.000158968378243	-1.20021661485e-06	1.73452996482e-05	2.84165242061e-05	3.28583641456e-05	-2.20922416382e-05	9.83385175642e-06	2.50943884484e-06	2.14745631057e-06	7.1404212483e-07	5.61960148273e-07	-4.53241549281e-06	-1.24778687541e-06	4.43069622013e-07	-1.0086261154e-07	1.99113825638e-06	2.09835210325e-09	2.64370751481e-11	4.58221045682e-10	-3.74982030759e-10	-8.003287509e-10	4.48268629605e-10
HMPMockV1.1.Even1;k__Bacteria;p__Firmicutes;c__Bacilli;o__Bacillales;f__Bacillaceae;Other	-0.0401158688278	-0.0109374391677	0.00984213323131	0.00609881529704	0.00206590234716	0.00844777251471	-0.0015490147757	-0.000281722586891	-0.000642933745947	0.000137081401424	-2.32160659923e-05	-0.000361921648484	-0.000131583159819	-0.000156758381895	0.000132648371617	-6.70730079468e-05	-2.45591096979e-05	-1.31998614808e-05	-6.12549076044e-07	-2.5281485238e-05	1.48516734089e-05	-2.08435961398e-05	1.1242882172e-05	-4.4530170363e-06	-2.57366800491e-06	-5.31704884386e-08	7.74891420161e-11	4.58221304845e-10	-3.74982016628e-10	-8.0032869275e-10	4.48268626986e-10
HMPMockV1.2.Staggered2;k__Bacteria;p__Proteobacteria;c__Gammaproteobacteria;o__Xanthomonadales;f__Xanthomonadaceae;g__Stenotrophomonas	-0.0344492154753	0.00707477524706	-0.000981157684905	-9.5476848506e-05	-9.44642061851e-05	0.000747289561546	-0.000406983171147	-5.81756275729e-06	0.000169301216715	-0.000377569289896	-1.60022272719e-05	-1.61019481055e-05	7.01495566212e-06	-5.50131355053e-06	-1.73799747921e-06	6.38967323181e-07	4.77529617173e-07	-1.5522782424e-06	4.84460033189e-07	-7.58581331867e-08	1.79095630663e-07	2.04146533563e-08	-2.14592436908e-08	2.714078529e-08	2.66529219012e-09	-1.00259982018e-09	1.74140014893e-12	4.58220920073e-10	-3.74982037644e-10	-8.00328778937e-10	4.48268630781e-10
HMPMockV1.2.Staggered1;k__Bacteria;p__Firmicutes;c__Bacilli;o__Lactobacillales;f__Enterococcaceae;g__	-0.0471065240147	-0.00646140990899	0.00556572726227	-0.00519574509234	0.00810590754817	-0.00143012570296	-0.00201218317389	0.00126916124544	-0.000289737240031	0.000555272693953	3.0478728978e-05	1.38402492786e-05	-2.12064596149e-06	-1.16434234693e-06	8.19137226131e-06	-4.64931404944e-07	4.81760220439e-06	2.54664231418e-06	-3.32438289027e-06	2.61816485004e-06	-5.9168400119e-07	9.38248270049e-07	1.05353009718e-06	1.09917177412e-08	1.98588174144e-07	2.85482194639e-09	3.24916068999e-12	4.58220927753e-10	-3.74982037222e-10	-8.00328777241e-10	4.48268630721e-10
HMPMockV1.1.Even2;k__Bacteria;p__Bacteroidetes;Other;Other;Other;Other	0.310485199971	0.251154654467	-0.0177360681433	0.0172764344455	0.00629730867035	-0.00345278593504	-0.00480482511123	7.51249119578e-05	0.000383098012926	0.000265240522634	3.53820655299e-05	-3.37340473934e-06	-5.4993977535e-06	6.13746616597e-06	5.69129880703e-06	5.23024197773e-07	-3.54974299542e-07	-9.10705699473e-07	2.53681174387e-06	-1.34652895086e-06	-5.05904871482e-07	7.74572841343e-08	-3.61268055401e-07	-1.15494770247e-08	3.5311071288e-08	1.53511547295e-09	4.00897393896e-12	4.5822093161e-10	-3.74982037014e-10	-8.00328776376e-10	4.48268630681e-10
HMPMockV1.1.Even2;k__Bacteria;p__Firmicutes;c__Bacilli;o__Lactobacillales;f__;g__	-0.0462582707391	-0.00684037081076	0.00593381904397	-0.00458523616889	0.00739120199644	-0.0039991927926	0.0003339921099	0.000324121956712	-0.000891897320226	0.0020962286166	9.11217676671e-05	1.99316278816e-05	-4.77499735181e-05	3.71267940485e-05	1.40278618016e-05	-3.6241357026e-06	-7.35601579733e-06	7.06928646159e-06	4.97292725095e-07	5.06285741245e-06	6.37254349047e-07	3.5923488916e-07	2.47290678747e-06	1.47022856454e-07	-2.38851904659e-07	1.36494949976e-09	1.20713653648e-12	4.58220917356e-10	-3.74982037799e-10	-8.00328779568e-10	4.48268630817e-10
HMPMockV1.2.Staggered1;k__Bacteria;p__Proteobacteria;c__Alphaproteobacteria;o__Rhizobiales;f__Hyphomicrobiaceae;g__Devosia	-0.0391000460175	-0.00134590510202	0.00304437156967	-0.00104600757651	-0.000295033753093	9.79914612411e-05	0.000475757136577	-5.45398793339e-06	-5.08684998087e-05	-5.30528547224e-05	-4.8873140987e-06	-7.57134356347e-07	8.37488366992e-07	-3.72812064011e-07	-1.1900346489e-07	-9.16568410586e-08	2.79666700978e-08	-8.76517562731e-08	1.91534185182e-09	-6.22599671901e-09	3.37520977063e-08	-1.31287002386e-08	-3.40432253977e-09	1.68067589675e-09	-2.9565825979e-09	-1.45881405994e-10	2.54869752311e-12	4.58220924179e-10	-3.7498203742e-10	-8.00328778025e-10	4.48268630745e-10
HMPMockV1.2.Staggered1;k__Bacteria;p__Firmicutes;c__Bacilli;o__Bacillales;f__Bacillaceae;Other	-0.0402982009081	-0.0111089030557	0.00992879130375	0.0060696443578	0.00220612903832	0.00864140987399	-0.00179574593095	-0.000603956540897	-0.000770593102046	0.000150229968179	-3.54500794625e-05	-0.000365484242885	-0.000137100102611	-0.000167879744942	0.000123562187813	-6.74960680304e-05	-1.39692095741e-05	-1.61535525416e-05	-7.94880613891e-06	-2.02775858937e-05	2.01801111846e-05	-1.63486938939e-05	9.59565712705e-06	-3.39987673374e-06	5.0278678827e-07	-8.38937121032e-08	6.70461150942e-11	4.5822125172e-10	-3.7498201948e-10	-8.003287044e-10	4.48268627357e-10
HMPMockV1.2.Staggered2;k__Bacteria;p__Firmicutes;c__Bacilli;o__Lactobacillales;f__Enterococcaceae;g__	-0.0476588573544	-0.00653398589703	0.00542310426445	-0.00543345091263	0.00782096989892	-0.00221085889321	-0.00204006850828	0.000938590121396	-0.000195284840688	0.000547398022522	4.40293276142e-05	-1.24622325088e-05	3.07929630171e-06	-9.53318430886e-07	1.00077419437e-05	-4.24764234894e-06	9.13805606021e-06	2.17428430895e-06	-3.93286415093e-06	4.55411758475e-06	-1.29994137494e-06	7.07317148377e-07	1.89973774068e-06	1.05146387026e-08	5.5112192514e-08	5.31753798734e-09	2.66902242243e-12	4.58220924814e-10	-3.74982037386e-10	-8.00328777916e-10	4.48268630758e-10
HMPMockV1.1.Even1;k__Bacteria;p__Firmicutes;c__Bacilli;o__Bacillales;f__Planococcaceae;g__Lysinibacillus	-0.0425954042425	-0.0124085526828	0.0102573786293	0.00420790354269	0.00511521614031	0.00916224662684	-0.00354890986686	0.00507023316555	-0.00148877138812	0.000109290224937	-3.32730907243e-05	-2.56660806258e-05	-1.39677820307e-05	3.03095177962e-06	5.85704324782e-06	-1.6251469662e-05	-5.62355193084e-06	1.39887264116e-05	-2.23280866068e-06	-7.19582278095e-06	1.44046662808e-05	9.35757278824e-06	-2.27460576965e-06	1.33664908053e-06	4.04877249845e-06	-5.10274861442e-08	-9.15724111862e-12	4.58220864542e-10	-3.74982040607e-10	-8.00328790993e-10	4.48268631092e-10
HMPMockV1.2.Staggered2;k__Bacteria;p__Firmicutes;c__Bacilli;o__Bacillales;f__Bacillaceae;Other	-0.0408063626263	-0.0116180018448	0.010130362946	0.00601275462325	0.00237752836242	0.00867186803952	-0.00216964876584	-0.00113339183128	-0.00105139628591	0.000244322107449	-1.86612451062e-05	-0.000503357118746	-0.000153263894966	-0.000146670773342	0.000121421689268	-6.79879910433e-05	-2.61980802948e-05	-4.54925204709e-06	-9.21949160935e-06	-1.74646661307e-05	2.23637746672e-05	-1.41224439199e-05	7.74096546215e-06	-2.86682894253e-06	5.22303650193e-08	-8.46971796707e-08	5.30410218557e-11	4.58221180507e-10	-3.74982023378e-10	-8.00328720299e-10	4.48268628024e-10
HMPMockV1.1.Even1;k__Bacteria;p__Bacteroidetes;Other;Other;Other;Other	0.31197048304	0.252708933135	-0.0181812243033	0.0174083733051	0.00642444887243	-0.00345845501776	-0.00496286804954	7.3160412546e-05	0.00036611992918	0.000293642025991	4.51966932722e-06	-7.70222268593e-06	-3.85306421183e-06	4.59625412537e-06	3.43183943176e-06	1.11876349587e-06	-4.08293170131e-07	-4.05950379767e-07	-8.87945148985e-07	-3.97104563533e-08	-1.0707355244e-07	-5.31661005799e-09	-2.26689185898e-07	-6.1093766381e-08	5.36810397821e-09	3.24993758617e-10	3.5383478211e-12	4.58220929212e-10	-3.74982037144e-10	-8.00328776902e-10	4.48268630698e-10
HMPMockV1.2.Staggered1;k__Fungi;p__Ascomycota;c__Saccharomycetes;o__Saccharomycetales;f__Incertae_sedis;g__Candida	0.422610049933	-0.528465251916	-0.020356615473	0.00156860394762	0.00305603143637	-0.00102749270546	-0.000205100078347	-7.36426960717e-05	-4.53465520048e-05	-0.000128724841588	3.40323240688e-05	1.25744325944e-05	-2.65786698436e-06	7.53457953614e-08	-8.99895439419e-08	1.0401477541e-08	1.07992366676e-07	5.75754145768e-10	-1.10720043496e-07	7.30039852233e-08	3.98103431093e-09	1.91997604834e-08	1.9130845074e-08	2.37034230088e-09	7.35668918219e-09	-3.45584625516e-11	2.70686511577e-12	4.58220924985e-10	-3.74982037376e-10	-8.00328777846e-10	4.48268630738e-10
HMPMockV1.2.Staggered2;k__Fungi;p__Ascomycota;c__Saccharomycetes;o__Saccharomycetales;f__Incertae_sedis;g__Candida	0.422610049933	-0.528465251916	-0.020356615473	0.00156860394762	0.00305603143637	-0.00102749270546	-0.000205100078347	-7.36426960717e-05	-4.53465520048e-05	-0.000128724841588	3.40323240688e-05	1.25744325944e-05	-2.65786698436e-06	7.53457953614e-08	-8.99895439419e-08	1.0401477541e-08	1.07992366676e-07	5.75754145768e-10	-1.10720043496e-07	7.30039852233e-08	3.98103431093e-09	1.91997604834e-08	1.9130845074e-08	2.37034230088e-09	7.35668918219e-09	-3.45584625516e-11	2.70686511577e-12	4.58220924985e-10	-3.74982037376e-10	-8.00328777846e-10	4.48268630738e-10
HMPMockV1.1.Even2;k__Bacteria;p__Firmicutes;c__Bacilli;o__Bacillales;f__Planococcaceae;g__Lysinibacillus	-0.0426016345452	-0.012372768746	0.0102349045827	0.00417628135407	0.00511569947599	0.00913133721407	-0.00354308892021	0.00494457619266	-0.00148490298857	0.000109526958466	-3.24485029567e-05	-4.55564396009e-05	-1.96348594295e-05	3.94795961053e-07	8.94886803702e-06	-1.88632462532e-05	-6.4152846287e-06	1.53751865856e-05	-2.39219462117e-06	-7.77807103738e-06	1.62711743454e-05	1.12923222827e-05	-2.73267651659e-06	1.24050212301e-06	3.73317188365e-06	-5.14164599663e-08	-1.37587367448e-11	4.58220841126e-10	-3.74982041888e-10	-8.00328796213e-10	4.48268631307e-10
HMPMockV1.2.Staggered1;k__Bacteria;p__Firmicutes;c__Bacilli;o__Bacillales;f__Staphylococcaceae;g__Salinicoccus	-0.0414832682063	-0.00610150397896	0.0058044482605	0.00240160955808	-0.0008724229675	0.000232316470617	0.000521954145264	4.23220875406e-05	-0.000281646854938	5.59775903105e-06	5.78860124363e-05	1.00470978003e-05	-5.17189572596e-06	3.10489431963e-06	3.28690303599e-06	1.20091658397e-06	-1.23901264258e-06	2.09213882641e-07	-1.35124540452e-06	3.81808325392e-07	2.13259799831e-07	-3.74560716648e-08	-1.24166330461e-07	-4.2087417166e-08	1.54052557219e-08	-8.19813383957e-10	3.69905236028e-12	4.58220930023e-10	-3.749820371e-10	-8.00328776715e-10	4.48268630687e-10
HMPMockV1.1.Even2;k__Bacteria;p__Firmicutes;c__Bacilli;o__Bacillales;f__Bacillaceae;g__Anaerobacillus	-0.0689786479847	-0.0246771652009	0.00907539826477	-0.00125375908205	-0.00587991780718	-0.0174816029879	-0.00926531412112	0.000216585184831	-0.000227486623013	0.000140387044411	1.55647627557e-05	-1.41360977353e-06	-5.9499148594e-06	3.55141622029e-06	3.52962264555e-06	-2.7126743579e-06	-8.1407256357e-07	1.44382750181e-06	-8.46074456907e-07	-7.30070165875e-08	1.40478575565e-07	1.47246459083e-07	-6.73948821448e-08	-8.31663674849e-08	-1.8644081718e-07	1.35114165638e-09	3.22431057302e-12	4.58220927609e-10	-3.74982037235e-10	-8.00328777267e-10	4.48268630718e-10
HMPMockV1.1.Even2;k__Bacteria;p__Proteobacteria;c__Alphaproteobacteria;Other;Other;Other	0.112848545396	0.105875017364	-0.0104631412384	-0.00468833093598	-0.00994817439476	0.00179137701687	0.00143779832199	-0.000336153383747	-0.000467020768518	-0.000241750434744	-9.67536089202e-05	2.93293399284e-06	-2.61465130017e-05	2.88832360922e-07	3.0300713708e-07	5.64571057852e-06	-1.45513271025e-06	7.94845435322e-06	1.1701826168e-06	-1.80632516624e-06	-3.21240053566e-06	1.54726118304e-06	2.03410561631e-06	3.58266505545e-07	-1.08372358283e-08	1.57086248689e-08	1.57703841722e-12	4.58220919302e-10	-3.74982037693e-10	-8.00328779213e-10	4.48268630854e-10
HMPMockV1.1.Even1;k__Bacteria;p__Proteobacteria;c__Alphaproteobacteria;Other;Other;Other	0.108192218858	0.102018102358	-0.00949928880924	-0.00391956107602	-0.00971445852665	0.00139185672417	0.00221145032827	-0.000141757136956	-0.000346926616833	-0.000366241950147	-0.000144670026139	2.21166926865e-05	-2.70712527382e-05	1.17924827743e-05	1.05173979305e-05	5.06015740105e-06	-7.12695839638e-07	3.25499765087e-06	-5.71793966503e-06	1.91731517005e-07	-1.84465778667e-06	6.60836701516e-07	1.29684247718e-06	1.00987117121e-07	-2.60535560518e-07	1.00361316754e-08	2.36601799946e-12	4.58220923283e-10	-3.74982037476e-10	-8.00328778289e-10	4.48268630793e-10
HMPMockV1.2.Staggered2;k__Bacteria;p__Firmicutes;c__Bacilli;o__Bacillales;f__Staphylococcaceae;g__Salinicoccus	-0.045042367481	-0.0065719480738	0.00524079737739	-0.000688827693943	0.000773238120477	-0.00225124294649	-0.000939662195185	3.32792629832e-05	-0.00013104088494	9.74224793641e-06	6.86046133934e-05	1.94127269092e-05	-3.8153733108e-06	-8.12071015873e-07	2.64144865918e-06	9.42552070381e-07	-8.94667778137e-07	1.78022297523e-06	-1.2663253902e-06	7.7738832465e-07	4.24712713877e-08	1.24311036429e-07	1.58723477533e-07	-1.1312260022e-08	5.14990294829e-08	4.41017669738e-11	3.91220566424e-12	4.5822093111e-10	-3.7498203704e-10	-8.00328776478e-10	4.48268630681e-10
HMPMockV1.1.Even1;k__Bacteria;p__Firmicutes;c__Bacilli;o__Lactobacillales;f__;g__	-0.0473339042076	-0.00769668363654	0.00609319279997	-0.00450437260922	0.00691181144996	-0.00464023234999	-9.2454499679e-05	0.00057957373516	-0.000901804921203	0.00204764969575	0.000101739674874	-1.11270000897e-06	-4.55107875895e-05	3.79035533913e-05	1.23947714758e-05	-4.96827439638e-06	-7.22149363398e-06	1.00887043488e-05	-1.38409914093e-06	2.33420304241e-06	1.80539962608e-08	1.68793084887e-07	1.43596309136e-06	-2.72220059032e-07	-2.28399436997e-07	4.65322042719e-09	8.88026152e-12	4.58220956365e-10	-3.74982035666e-10	-8.00328770868e-10	4.48268630457e-10
HMPMockV1.1.Even2;k__Bacteria;p__Bacteroidetes;c__Bacteroidia;o__Bacteroidales;Other;Other	0.228720670683	0.221584906943	-0.0336280697853	0.0217132105612	0.00729057229652	-0.00312797311511	-0.00546922648231	9.72430629412e-05	0.000447115672784	0.000449532502024	-2.84261728798e-05	-1.82820223584e-05	-6.4400812579e-06	-4.30420791217e-06	-7.2404570009e-06	-5.91056936307e-07	-6.57543039914e-07	3.23202126415e-06	5.18477214954e-07	3.0635123083e-07	-4.64379274135e-07	5.43358878992e-08	5.99372111809e-07	7.07248638878e-08	-3.18279797847e-08	2.57483176953e-09	9.24201789595e-13	4.58220915935e-10	-3.74982037871e-10	-8.00328779883e-10	4.48268630833e-10
HMPMockV1.1.Even2;k__Bacteria;p__[Thermi];c__Deinococci;o__Deinococcales;f__Deinococcaceae;Other	0.0053344199801	0.0437516530891	-0.0155956573157	-0.00681627361488	-0.0128216097797	0.00272487717814	0.00399402062261	-0.000574172949298	-0.00119743871969	-0.000640042866918	7.3858532332e-05	-2.46091721153e-05	-9.28204636271e-05	-2.36000682633e-05	-3.04984550955e-05	1.18397178909e-05	-1.08772942774e-05	1.21296107936e-05	9.28873297037e-06	-2.79862861919e-06	-6.98803807578e-06	-1.43411672479e-06	2.39871591497e-06	7.38073543624e-07	-8.16480795943e-07	2.77182761314e-08	-7.2594958547e-12	4.58220874436e-10	-3.7498204016e-10	-8.00328789318e-10	4.48268631334e-10
HMPMockV1.1.Even1;k__Bacteria;p__Firmicutes;c__Bacilli;o__Bacillales;f__Bacillaceae;g__Anaerobacillus	-0.0690266885038	-0.0242296608931	0.0088212375414	-0.00175592046778	-0.00553311404871	-0.0176175371795	-0.00928330655002	0.000126730177237	-0.000155791132421	7.79394442113e-05	1.36422703383e-05	-4.99663512172e-06	-6.10299836136e-06	1.74850542021e-06	4.019600637e-06	-3.01378133561e-06	-7.85333393879e-07	1.13119320133e-06	-7.83296530111e-07	1.2309927546e-08	2.46226666334e-07	-1.69709211935e-07	-1.00522360305e-07	-4.62341261366e-08	-3.20787411266e-08	-6.24314331974e-10	4.03752852687e-12	4.58220931742e-10	-3.74982037007e-10	-8.00328776333e-10	4.48268630672e-10
HMPMockV1.2.Staggered2;k__Bacteria;p__Firmicutes;c__Bacilli;o__Lactobacillales;f__Carnobacteriaceae;g__Granulicatella	-0.0557225291196	-0.00440026913688	0.00195295138994	-0.0137768931417	0.00994783143731	-0.011697780664	-0.00361008946378	-0.000304393693022	0.000760814674806	0.000137476803176	3.46611808645e-05	3.48298745495e-05	-7.19226033269e-06	5.81627706988e-06	3.01755852665e-06	-2.36095219329e-06	-5.24161525355e-07	1.8919311535e-06	-8.10748832736e-07	1.45306556913e-07	5.38081973832e-08	-1.44515187301e-07	-3.11253299416e-08	-3.95373816723e-08	-2.7102585871e-08	1.5854098704e-10	4.28526921061e-12	4.58220933002e-10	-3.74982036938e-10	-8.00328776056e-10	4.48268630663e-10
HMPMockV1.1.Even2;k__Bacteria;p__Firmicutes;c__Clostridia;o__Clostridiales;Other;Other	-0.0129238807642	0.0205301233372	-0.00500196534796	-0.00133832570427	-0.00929219208828	0.00297839774332	0.00418005365716	-0.00111615964638	8.3772925804e-05	-0.000375167975261	-0.000194566000108	3.96249256606e-05	-1.40547906852e-05	-1.59123971757e-05	1.05798556984e-05	9.46383872165e-06	-7.65401569974e-06	2.74958441206e-06	1.03934685492e-05	-5.48613568087e-06	-1.94352889898e-06	3.99950454334e-07	4.1804747123e-06	9.18781995639e-07	7.84990147097e-07	4.5468978739e-09	4.1252769135e-12	4.58220932246e-10	-3.74982036978e-10	-8.00328776272e-10	4.48268630704e-10
HMPMockV1.2.Staggered2;k__Bacteria;p__Firmicutes;c__Bacilli;o__Bacillales;f__Planococcaceae;g__Lysinibacillus	-0.0423401625229	-0.0128696769177	0.0105843098431	0.00486641424092	0.0048322591636	0.00968597297089	-0.00356906953065	0.00547589908413	-0.00156163472359	0.00012812245446	-4.35023457768e-05	2.49064797887e-05	-1.25569311393e-05	-4.51654594308e-06	7.61121528844e-06	-1.45927754616e-05	-4.75447279521e-06	1.11046108863e-05	-1.1579353564e-06	-5.50406060097e-06	1.27342693627e-05	8.09443116641e-06	-2.0719752614e-06	9.48543059093e-07	2.70716279338e-06	-4.07579304567e-08	-1.12337824436e-11	4.58220853993e-10	-3.74982041203e-10	-8.00328793418e-10	4.48268631234e-10
HMPMockV1.2.Staggered1;k__Bacteria;p__Firmicutes;c__Bacilli;o__Lactobacillales;f__Enterococcaceae;Other	-0.020853279581	0.0142315907661	-0.00455752216016	-0.00401938217827	-0.0104799435738	0.00684972732617	-2.16843091384e-05	-0.00275340948542	0.000693144024529	-1.17095172449e-05	0.00107241691736	0.000155039182418	-9.73255256452e-05	8.26715565795e-07	1.99305266049e-05	-1.28435326073e-06	-1.11180187871e-05	5.74552706784e-06	5.49329515623e-07	1.53835066248e-06	4.52604661801e-06	1.83886020338e-06	4.20204325064e-07	-2.82409521898e-07	3.18917290214e-09	-9.68906972019e-09	5.51742576584e-12	4.58220939207e-10	-3.74982036594e-10	-8.00328774607e-10	4.48268630565e-10
HMPMockV1.2.Staggered2;NO_HIT	-0.0709423530604	-0.0324186220105	0.012576533764	0.00534199198189	-0.0124691655052	-0.0204003138238	-0.00825793123494	0.000340389143459	-0.00133695007506	0.00186247239887	7.98173917451e-05	4.0798414286e-06	-5.71644184471e-05	6.53938847118e-05	1.33837234297e-05	0.000124568973142	0.000118426493407	8.05310636707e-05	3.13827678533e-05	-1.12216068246e-05	5.12527037998e-05	-2.6488723937e-05	3.14521800792e-06	-5.44778014135e-07	-5.37763525769e-06	-1.71159702481e-07	1.27371093554e-11	4.58220975236e-10	-3.74982034663e-10	-8.00328765755e-10	4.48268629718e-10
HMPMockV1.2.Staggered1;k__Bacteria;p__Firmicutes;c__Bacilli;o__Bacillales;f__Planococcaceae;g__Lysinibacillus	-0.0422361189283	-0.0130724145121	0.0107261586742	0.00514430371472	0.00472101424846	0.00991028900225	-0.00357986200198	0.00571656214104	-0.00159176036519	0.000135423892045	-4.87300078546e-05	5.85567658272e-05	-9.23575937203e-06	-6.97092012211e-06	7.02645097389e-06	-1.25606915766e-05	-3.95607766241e-06	9.03588708137e-06	-5.62257545948e-07	-4.40009093578e-06	1.10340940018e-05	6.54662170413e-06	-1.75701174562e-06	8.06415336741e-07	2.21072163176e-06	-3.56407234887e-08	-1.00059931066e-11	4.58220860249e-10	-3.7498204087e-10	-8.00328792059e-10	4.48268631199e-10
HMPMockV1.1.Even1;k__Bacteria;p__Bacteroidetes;c__Bacteroidia;o__Bacteroidales;Other;Other	0.265674168343	0.242258559493	-0.0304949320064	0.0241714415915	0.00950584429736	-0.00387429820594	-0.00591204772885	5.74555692731e-05	0.000567600584327	0.000436533378279	-5.55712107807e-06	-1.32498742304e-05	1.83695733464e-07	1.0842259761e-06	8.92908484798e-07	5.76849907754e-07	-2.50343368962e-07	2.15068826634e-07	1.2381341952e-07	-1.36680560134e-07	-1.60037782101e-07	2.94113090467e-08	-8.21487402831e-08	-1.95846482533e-08	7.77844632718e-09	6.28168995553e-10	2.77951921084e-12	4.58220925357e-10	-3.74982037355e-10	-8.00328777766e-10	4.48268630736e-10
HMPMockV1.1.Even2;NO_HIT	-0.0697637070377	-0.0286882987809	0.0109430676552	0.00229498177056	-0.00936968839077	-0.0191878975666	-0.00842463120592	0.000239931175095	-0.00086865104174	0.0012006819641	5.52208277593e-05	-2.61965492878e-05	-4.90857445651e-05	6.48539247233e-05	1.07063794484e-05	0.000152830677251	0.000144682446386	9.318064105e-05	3.93466293203e-05	-1.37449757846e-05	6.24076812551e-05	-3.19580069604e-05	3.76642020281e-06	-5.80981833507e-07	-6.49033642129e-06	-2.08972162039e-07	-2.77475323013e-09	4.58206806755e-10	-3.74982807456e-10	-8.00331925975e-10	4.48268761299e-10
HMPMockV1.1.Even2;k__Bacteria;p__Proteobacteria;c__Gammaproteobacteria;o__Pseudomonadales;f__Moraxellaceae;g__Alkanindiges	-0.0446894743651	-0.0107678222076	0.00846911441011	0.00209337044576	0.00318700919829	0.00276043158426	-0.00206521274597	0.000853465076256	-0.000961924034396	0.000507581152332	1.09277720348e-05	-9.7856078543e-05	-8.65297503164e-06	1.18191361164e-05	5.17339978642e-06	4.9320362644e-06	-1.62396939926e-05	6.52535853158e-06	2.99157050897e-07	1.41057444772e-06	1.49494170827e-06	-1.25408133157e-06	9.86150064037e-07	2.68684133923e-07	1.11753089225e-08	-6.18695041177e-09	3.52345361717e-12	4.58220929116e-10	-3.74982037152e-10	-8.00328776899e-10	4.48268630684e-10
HMPMockV1.1.Even1;NO_HIT	-0.0688785385682	-0.029226903272	0.011450897646	0.00336138053498	-0.00996752284333	-0.0194438505119	-0.00741608158815	0.000269353253972	-0.00117216582739	0.00183231678446	8.14569877708e-05	5.9458786291e-06	-5.77413439265e-05	6.78534428043e-05	1.31438597956e-05	0.000132531164494	0.000125794109204	8.48422688532e-05	3.34799299111e-05	-1.18996213832e-05	5.43491999617e-05	-2.80567233204e-05	3.34165742673e-06	-5.6353923823e-07	-5.69669130878e-06	-1.81642144189e-07	1.2996961105e-11	4.58220976512e-10	-3.74982034595e-10	-8.00328765417e-10	4.48268629672e-10
HMPMockV1.1.Even1;k__Bacteria;p__Firmicutes;c__Bacilli;o__Bacillales;f__Planococcaceae;g__Viridibacillus	-0.0417744715902	-0.0126161648573	0.0105747243549	0.00542173822333	0.00398996805974	0.00960782938143	-0.00323199661409	0.00279762529819	-0.00151444743269	0.000179610739315	-2.16109326378e-05	-0.000194812597021	-2.85572346574e-05	-1.33531122937e-05	1.67647181591e-06	3.41787199587e-05	-1.89970935763e-05	-1.02106887378e-05	4.64230087526e-06	2.51087846004e-06	-2.50828870841e-06	-1.65846808977e-06	5.98387898923e-07	-2.94717372505e-07	-5.81952926616e-07	6.56445931249e-09	7.70566516018e-12	4.58220950399e-10	-3.74982035996e-10	-8.00328772217e-10	4.48268630538e-10
HMPMockV1.1.Even1;k__Bacteria;p__Proteobacteria;c__Alphaproteobacteria;o__Rhodobacterales;f__Rhodobacteraceae;Other	-0.00663689291011	0.037468182014	-0.0130502925632	0.00311552465754	-0.0067149947642	0.0019450553935	0.00385422483282	-0.000921686936246	-0.000163195290393	-0.000596951187015	0.000146730843431	2.89205229545e-05	-1.94133470961e-05	-1.91787594443e-05	1.26943037697e-05	-1.09856229204e-05	4.57584336925e-06	1.24842957469e-05	4.85673395349e-06	-9.74908195747e-06	-3.23001517036e-06	-2.51231258588e-07	-6.84411903902e-07	4.16466705814e-07	3.21290090484e-07	1.17017803518e-08	4.83347094686e-12	4.58220935864e-10	-3.74982036783e-10	-8.00328775489e-10	4.4826863068e-10
HMPMockV1.1.Even1;k__Bacteria;p__Proteobacteria;c__Epsilonproteobacteria;o__Campylobacterales;Other;Other	0.136823326982	0.146606683899	-0.0279702187534	0.00298388441082	-0.00569858801096	0.00180647635934	-0.00382908321785	-6.88729961191e-05	0.000573518935287	0.000577209115516	9.7837822806e-05	7.00887410971e-05	-3.26124571401e-05	1.33526744873e-05	-1.3942916238e-06	-8.32172990624e-06	5.81341825691e-06	-3.86176714523e-07	1.51139537609e-06	-6.61167238058e-06	-1.33789717346e-06	-4.4898669074e-07	-1.25667915297e-06	6.30275418687e-08	-1.3897273157e-07	5.64933217372e-09	-2.19315522467e-12	4.58220900104e-10	-3.74982038737e-10	-8.0032878343e-10	4.48268630987e-10
HMPMockV1.1.Even2;k__Bacteria;p__Actinobacteria;c__Actinobacteria;o__Actinomycetales;Other;Other	0.161480975747	0.160910019013	-0.0235476420222	0.0107214314685	-0.000317508443361	-0.000885646977277	-0.00205146878385	1.88120419143e-05	0.000256318407501	9.22752123144e-05	0.000157489990854	4.67399947152e-05	-4.75085595845e-05	9.68771580959e-07	2.68741910941e-06	-8.0096815399e-08	-9.39907953834e-07	3.75910252957e-06	-2.55946917512e-06	1.96049038061e-06	-2.49492510476e-07	2.5646056123e-07	1.63848661203e-06	-1.81150015931e-07	4.59273484742e-08	2.71578190661e-09	6.81758653461e-12	4.58220945887e-10	-3.74982036233e-10	-8.00328773194e-10	4.4826863055e-10
HMPMockV1.1.Even2;k__Bacteria;p__Actinobacteria;c__Actinobacteria;o__Actinomycetales;f__Actinomycetaceae;Other	0.254056943882	0.214219338644	-0.0192224934738	0.0109091982616	0.00134689422492	-0.00185436502934	-0.00367589384865	6.28396428744e-05	0.000159098969126	0.000193896320953	0.000122327897493	3.36894361781e-05	-2.20771270721e-05	4.70254948001e-06	4.72579565059e-06	-3.22531312994e-07	6.9904049572e-07	6.65060672784e-06	3.02851198019e-06	1.7671888025e-06	-1.82412562028e-06	1.04963516763e-06	1.77795131202e-06	2.01258044531e-07	2.01616724036e-07	7.85895222122e-09	4.80929410154e-12	4.58220935708e-10	-3.74982036792e-10	-8.00328775503e-10	4.48268630669e-10
HMPMockV1.2.Staggered1;NO_HIT	-0.0674451828985	-0.028537616863	0.0114620878831	0.00352061579592	-0.00957041465939	-0.0193177599833	-0.00631070510077	0.00026685686428	-0.00135754778475	0.00232685053409	0.000102886796216	2.72183606231e-05	-6.68213478266e-05	7.52536876336e-05	1.51620363285e-05	0.000132712600456	0.000125974604147	8.72740595479e-05	3.3111160723e-05	-1.18685309299e-05	5.44129884284e-05	-2.8233807004e-05	3.39996922917e-06	-5.98446803597e-07	-5.73084629649e-06	-1.81345083093e-07	1.40589983809e-11	4.5822098191e-10	-3.74982034301e-10	-8.00328764214e-10	4.48268629622e-10
HMPMockV1.2.Staggered2;k__Bacteria;p__Firmicutes;c__Clostridia;o__Clostridiales;Other;Other	-0.0116740699834	0.0217421856895	-0.00575718013376	-0.00260443394336	-0.00983328270041	0.00339673014398	0.00412880024176	-0.00106578537451	-7.02432124188e-05	-0.00045764987514	-0.000198250157912	-6.72741324296e-05	-9.95992368617e-06	-2.34858923116e-05	6.67948497555e-06	-4.53795150722e-06	-6.85554104749e-06	1.40524523288e-05	7.37922623926e-06	-2.99692740144e-06	-2.99054459275e-06	-5.82409723286e-07	4.17964282383e-06	9.0108550922e-07	-1.09658862239e-06	1.81918490285e-08	-8.88552144966e-12	4.58220866123e-10	-3.74982040619e-10	-8.00328791132e-10	4.48268631381e-10
HMPMockV1.1.Even2;k__Bacteria;p__Proteobacteria;c__Alphaproteobacteria;o__Rhodobacterales;f__Rhodobacteraceae;Other	-0.0126110228528	0.0318720354705	-0.011900107912	0.0026848659937	-0.00749541610006	0.00125053023639	0.00551036597736	0.000197029394533	4.53242854037e-05	-0.000878235015153	2.85065903949e-05	2.82480014359e-05	-5.87308518634e-05	-1.78987456961e-05	1.78717491151e-05	-2.10967406772e-05	5.797700182e-06	1.26793783427e-05	-7.2471344587e-06	-7.05910657942e-06	-1.96307665752e-06	-2.07211097618e-06	-1.4127247335e-06	9.82780237851e-07	-1.77690699185e-06	1.47004647179e-08	-2.60139954755e-11	4.58220779043e-10	-3.7498204538e-10	-8.00328810542e-10	4.48268632172e-10
HMPMockV1.2.Staggered2;k__Bacteria;p__Firmicutes;c__Bacilli;o__Lactobacillales;f__Streptococcaceae;Other	0.0211169595745	0.0438020762709	-0.00430671482019	0.00595447873269	-0.00671215144781	0.000281907948439	0.0062818031097	-0.000575887302727	0.00227746112062	-0.000576262729552	2.11124945284e-05	-3.48323293302e-06	0.000105578749223	4.03724781344e-06	-1.63020576677e-05	-3.39344078727e-05	1.99134510502e-05	-3.27165879427e-05	3.76565000235e-06	-1.94389695462e-07	8.48264643753e-06	-3.31534882423e-06	-3.13649605796e-06	-1.58890392877e-07	-9.98316625942e-07	-3.57442564511e-08	-1.95678819738e-11	4.58220811616e-10	-3.74982043571e-10	-8.00328802954e-10	4.48268631665e-10
HMPMockV1.1.Even2;k__Bacteria;p__Proteobacteria;c__Epsilonproteobacteria;o__Campylobacterales;Other;Other	0.156925391715	0.155331611258	-0.0242649355506	0.00352947852297	-0.00503809553265	0.00096279220634	-0.00293303658782	0.000129094000648	0.000348960384405	0.000267724231985	0.000345629537115	7.95177711618e-05	-7.2013739094e-05	1.90963137071e-05	-2.31144820325e-06	-3.38638687312e-06	-5.44906949776e-07	2.65246827518e-06	-7.566280997e-06	-8.75603782358e-07	1.72512426598e-07	-5.35448072853e-07	1.81977075633e-07	5.3028033108e-08	-1.84072206091e-07	1.2444134464e-09	-2.69161366272e-12	4.58220897548e-10	-3.74982038876e-10	-8.00328783976e-10	4.48268630995e-10
HMPMockV1.1.Even2;k__Bacteria;p__Proteobacteria;c__Betaproteobacteria;Other;Other;Other	0.00971333375601	0.0420715529708	-0.0137028505303	-0.00933056529745	-0.0151022219857	0.00321186035007	0.00412062528038	-0.000111886322597	-0.000176289421388	-0.000410057953529	-7.60743142813e-05	2.23649594176e-05	-1.32061821236e-05	-6.5354805355e-06	-1.75195870817e-05	-4.90867753935e-06	5.18722663374e-06	6.23249466951e-06	-4.15202990823e-05	1.36122514919e-05	4.44086787708e-06	-1.76964935368e-06	1.63351575775e-06	-4.66582162161e-07	-5.90433186501e-07	-1.30181904916e-08	-5.58447395709e-12	4.58220882776e-10	-3.74982039678e-10	-8.00328787183e-10	4.48268631075e-10
HMPMockV1.1.Even2;k__Bacteria;p__Firmicutes;c__Bacilli;o__Bacillales;f__Planococcaceae;g__Viridibacillus	-0.0419762745513	-0.0121513526528	0.0102479874625	0.0048154145114	0.00424578397994	0.00907085552742	-0.00314128430042	0.00297123808791	-0.00137650847288	0.000150212194609	-4.00967288421e-05	-0.000102310793999	-2.55897288426e-05	-2.11943073098e-05	1.59058401525e-06	3.07961701975e-05	-1.65880984293e-05	-1.3200591217e-05	5.41434749159e-06	6.73389986243e-07	6.63741049879e-07	2.19011848556e-08	3.03920245651e-07	5.82968112073e-08	-6.89278006829e-08	-4.45219117706e-09	-2.24395902844e-13	4.58220910055e-10	-3.7498203819e-10	-8.00328781154e-10	4.48268630874e-10
HMPMockV1.2.Staggered2;k__Bacteria;p__Firmicutes;c__Bacilli;o__Bacillales;f__Planococcaceae;g__Planococcus	-0.0423980577979	-0.013240410807	0.0108155087332	0.00501042086612	0.00498353341314	0.00992766968168	-0.00375641582448	0.00678768129733	-0.0017145868049	8.20399799755e-05	5.94955115746e-05	7.92611849565e-05	0.000189779664211	0.000225648211856	-0.000166995586469	6.64622874585e-05	1.86311270419e-05	3.51475379006e-05	3.88662485451e-05	4.63786229455e-05	-2.86624952471e-05	1.25322738337e-05	-2.17747262223e-05	-1.41047536872e-05	5.79639536655e-06	7.37245593621e-09	2.96302830277e-10	4.58222417318e-10	-3.74981955748e-10	-8.00328444501e-10	4.48268616613e-10
HMPMockV1.1.Even2;k__Bacteria;p__Proteobacteria;c__Betaproteobacteria;o__Neisseriales;f__Neisseriaceae;g__	-0.042750351419	-0.0115872440196	0.00974234462775	0.00337928473727	0.0051543033891	0.00799764822877	-0.00319044327799	0.0029098496283	-0.00143466545744	0.000248183519073	3.42824157771e-05	-0.000303499665689	-2.17922190861e-05	2.37005047923e-05	3.33268362078e-06	-9.48896921805e-06	-2.48859008305e-06	1.01320577981e-05	-4.88089286561e-06	-4.35987450331e-06	6.66259140333e-07	-1.89775314126e-06	5.02940750807e-07	1.04948655519e-06	3.09169558071e-06	-2.07840979813e-08	1.13248782768e-11	4.58220968828e-10	-3.7498203494e-10	-8.00328767929e-10	4.48268630242e-10
HMPMockV1.1.Even1;k__Bacteria;p__Actinobacteria;c__Actinobacteria;o__Actinomycetales;Other;Other	0.173214764142	0.164914702789	-0.0204108884997	0.0120141584102	0.00130969977422	-0.000682380949289	-0.00268743573761	-0.000334728802655	0.000234355030009	0.000226209399881	1.46647942567e-05	1.92120430099e-05	-2.12019859312e-05	-2.022603827e-05	-8.4790721702e-07	-2.51321740976e-06	-6.01313167245e-07	6.88525110918e-07	6.44317053969e-07	3.77565928725e-06	9.23519453042e-07	-5.41087907977e-07	2.29061812338e-06	-1.52184989222e-07	-2.32996254598e-07	-2.15335140751e-09	3.02720707659e-12	4.58220926599e-10	-3.74982037289e-10	-8.00328777478e-10	4.48268630719e-10
HMPMockV1.1.Even1;k__Bacteria;p__Firmicutes;c__Clostridia;o__Clostridiales;Other;Other	-0.0104492100467	0.0245610929295	-0.00776580719687	-0.00318524038532	-0.0117812156348	0.00201575601893	0.00550410617827	-0.000604638558846	0.000220090110041	-0.000657513906154	-0.000119958396512	-9.74069579404e-06	4.0378377621e-05	-3.13547709886e-05	4.35429411392e-06	-7.43061477956e-07	1.73490443356e-06	1.64043584171e-05	9.93769564607e-06	3.99576550425e-07	-4.01299497013e-06	1.76012904085e-06	5.412844722e-06	7.4140380513e-07	7.69032241644e-07	1.50899782231e-08	1.09541381106e-11	4.58220966995e-10	-3.74982035084e-10	-8.00328768577e-10	4.48268630415e-10
HMPMockV1.2.Staggered2;k__Bacteria;p__Firmicutes;c__Bacilli;o__Lactobacillales;f__Enterococcaceae;Other	-0.0203392737839	0.0134948352479	-0.00360773999584	-0.00376506949951	-0.00957408382052	0.00752471120305	-0.00126705740101	-0.00230792966622	0.000591701767825	0.000172368825606	0.00104142498602	0.000184121008852	-9.56496563983e-05	-4.16119197661e-05	3.64333535717e-05	6.07635263459e-06	-2.37844537979e-05	7.77961842642e-06	-2.42322328449e-06	-1.10056850612e-05	7.40668703397e-06	1.63070527127e-06	-2.72166727362e-06	-7.60139904733e-07	-7.39328332168e-07	-1.21636091097e-08	6.25902611972e-12	4.58220942925e-10	-3.74982036393e-10	-8.00328773748e-10	4.48268630521e-10
HMPMockV1.1.Even2;k__Bacteria;p__Proteobacteria;c__Gammaproteobacteria;o__Xanthomonadales;f__Xanthomonadaceae;g__Stenotrophomonas	-0.0344492154753	0.00707477524706	-0.000981157684905	-9.5476848506e-05	-9.44642061851e-05	0.000747289561546	-0.000406983171147	-5.81756275729e-06	0.000169301216715	-0.000377569289896	-1.60022272719e-05	-1.61019481055e-05	7.01495566212e-06	-5.50131355053e-06	-1.73799747921e-06	6.38967323181e-07	4.77529617173e-07	-1.5522782424e-06	4.84460033189e-07	-7.58581331867e-08	1.79095630663e-07	2.04146533563e-08	-2.14592436908e-08	2.714078529e-08	2.66529219012e-09	-1.00259982018e-09	1.74140014893e-12	4.58220920073e-10	-3.74982037644e-10	-8.00328778937e-10	4.48268630781e-10
HMPMockV1.2.Staggered1;k__Bacteria;p__Proteobacteria;c__Deltaproteobacteria;o__Desulfovibrionales;f__Desulfovibrionaceae;g__Desulfovibrio	-0.0505511268564	0.00105466273643	0.000452667036799	-0.016185406008	0.0139872159914	-0.010192910676	-0.00063576201938	-0.000403444688536	0.000674772787818	0.000920600289899	7.26828413027e-05	7.7223729744e-05	-2.13881052374e-05	1.78523509865e-05	5.92433480106e-06	-3.20050066389e-06	-1.36635951977e-06	5.14101076616e-06	-1.72434731164e-06	3.35296896355e-07	-3.93528777413e-07	-1.59400798857e-07	4.44622371047e-08	-8.87587089233e-08	-2.72691828884e-08	2.49746800168e-09	5.94448630354e-12	4.58220941444e-10	-3.74982036477e-10	-8.00328774184e-10	4.4826863059e-10
HMPMockV1.2.Staggered1;k__Bacteria;p__Firmicutes;c__Bacilli;o__Lactobacillales;f__Streptococcaceae;Other	0.0329171661515	0.0473718961916	-0.0015466762526	0.00519833853969	-0.00681216737361	0.000476442619778	0.00612078472811	-0.00075170884372	0.00229622717487	-0.000587310436265	-6.22043108863e-05	-4.91293828135e-06	5.34519926019e-05	2.70120142396e-05	-2.63867399429e-05	-3.74675536545e-05	7.75155125564e-06	-2.7049513342e-05	2.75522507217e-05	-1.10255530134e-07	9.57831548904e-06	-6.42789007285e-07	1.18184690751e-06	1.06810085822e-06	-2.28433892567e-07	-3.83545181741e-08	-2.85765679599e-11	4.58220765837e-10	-3.74982046071e-10	-8.00328813184e-10	4.482686321e-10
HMPMockV1.1.Even2;k__Bacteria;p__Proteobacteria;c__Gammaproteobacteria;o__Pseudomonadales;f__Moraxellaceae;g__	-0.0485141053778	-0.00981927138998	0.00703048805575	-0.00276741786783	0.00607812657483	-0.000933096202933	-0.00307978919477	0.00186666618837	-0.000676643860469	0.000543118244764	3.43400934655e-05	-4.4974310572e-05	-1.29161794823e-05	6.78360815718e-06	1.38912963346e-05	-1.2295341617e-05	-2.59158300581e-06	3.89751971005e-06	-7.91476712622e-08	5.39495080806e-06	-5.29852571557e-06	-8.53704693476e-06	2.00339376796e-06	-5.14230570086e-07	-2.69333038915e-06	1.79135078002e-08	5.2564104504e-12	4.58220937989e-10	-3.74982036711e-10	-8.00328775092e-10	4.482686307e-10
HMPMockV1.1.Even2;k__Bacteria;p__Proteobacteria;c__Gammaproteobacteria;o__Pseudomonadales;Other;Other	0.0551948834274	0.0591591969772	-0.000516056150355	0.000936707338262	-0.00910338316917	-0.00118073365949	0.00861385832016	0.00027444297369	0.000771451658311	-0.00123310605613	0.000177605308486	-4.79931267554e-05	1.67958958284e-05	-1.50870547877e-06	-1.27382035037e-05	-2.28746666713e-05	1.31059402383e-05	-7.69987393695e-06	9.39137329115e-06	1.73551401562e-06	2.73043262339e-06	9.64304674143e-07	1.85559241767e-06	5.473125711e-07	2.11442463591e-07	-1.07694172368e-08	-9.50626799921e-12	4.5822086288e-10	-3.74982040767e-10	-8.00328791661e-10	4.48268631284e-10
HMPMockV1.1.Even1;k__Bacteria;p__[Thermi];c__Deinococci;o__Deinococcales;f__Deinococcaceae;Other	0.0113927030287	0.0518743517146	-0.0207626832221	-0.00995149027767	-0.0156300187462	0.00308810040369	0.00318201037732	-9.78962328723e-05	-0.000610716441386	-0.000251575537636	-0.000160381794258	-1.79455583811e-05	-4.90852093951e-06	-2.30188816783e-05	-2.0784271249e-06	-8.13276428162e-07	1.16835372704e-06	2.37701459728e-05	2.58957738463e-05	-1.0283796583e-05	-9.11832458425e-06	3.13561524272e-06	1.98587837773e-06	6.95638439336e-07	7.36398324972e-07	3.66137514115e-08	1.37834717577e-11	4.58220981454e-10	-3.74982034299e-10	-8.00328765464e-10	4.48268630354e-10
HMPMockV1.1.Even1;k__Bacteria;p__Proteobacteria;c__Gammaproteobacteria;o__Pseudomonadales;f__Moraxellaceae;g__	-0.0473368897675	-0.0110883608345	0.00805874700837	-0.000379166736179	0.004813677758	0.000945888747707	-0.00307452197097	0.00157286408932	-0.000897139083929	0.000561742411475	1.69117177388e-05	-6.76051338129e-05	-1.59572224773e-05	9.11599311379e-06	1.38617966437e-05	-7.66225755956e-06	-4.81594756498e-06	-9.54550497296e-08	3.0080199906e-06	8.79919962563e-06	-3.90877733435e-06	-7.13879513736e-06	3.66027908828e-06	-2.25378622185e-07	-2.39885524676e-06	1.28107582164e-08	1.23251565733e-12	4.58220917519e-10	-3.74982037826e-10	-8.00328779637e-10	4.48268630877e-10
HMPMockV1.1.Even2;k__Bacteria;p__Proteobacteria;c__Epsilonproteobacteria;Other;Other;Other	0.133846117805	0.143749246221	-0.0270337058226	0.00311468558801	-0.0053037812485	0.00106184274615	-0.00263625819225	6.97838859874e-05	-5.52607350489e-05	0.000393797182073	-0.000156481323746	-1.73117624576e-05	1.28845814746e-05	5.01552620305e-06	1.28145678905e-06	-4.25444095884e-06	9.63453123229e-07	-3.6111017555e-06	-7.64276882734e-06	1.42492780279e-06	2.40461095054e-06	-8.02401376797e-07	4.53407170876e-07	1.42922771679e-07	-3.16671297249e-07	-8.13793066699e-09	-6.46534560966e-12	4.58220878329e-10	-3.74982039926e-10	-8.00328788219e-10	4.48268631146e-10
HMPMockV1.2.Staggered2;k__Bacteria;p__Proteobacteria;c__Deltaproteobacteria;o__Desulfovibrionales;f__Desulfovibrionaceae;g__Desulfovibrio	-0.0506598029016	0.00120894091479	0.000344603312193	-0.0164050460289	0.0141384499525	-0.010129500302	-0.000790072209642	-0.000409543128616	0.000729379732735	0.000813428209207	6.83206095672e-05	7.31203614184e-05	-1.94458389921e-05	1.63514683866e-05	5.46979053905e-06	-3.05235548424e-06	-1.23601440957e-06	4.72020312724e-06	-1.59737054377e-06	3.14796890239e-07	-3.39659619231e-07	-1.56142218695e-07	3.70711573199e-08	-8.15383301609e-08	-2.70149137777e-08	2.20545331973e-09	5.7230608525e-12	4.58220940318e-10	-3.74982036539e-10	-8.00328774434e-10	4.482686306e-10
HMPMockV1.1.Even1;k__Bacteria;p__Proteobacteria;c__Gammaproteobacteria;o__Pseudomonadales;Other;Other	0.031890747062	0.0529409104972	-0.00849508421782	-0.00217122998274	-0.0109120502182	0.000871963196855	0.00592226565361	-0.000203495896934	0.000444384344098	-0.000715778200229	8.01142242759e-05	-1.89120929336e-05	2.00918354867e-05	-2.05291324468e-05	-3.1052157365e-05	-2.77175836249e-05	1.63939786662e-05	-3.73955696887e-06	2.27616640033e-05	-2.27704626007e-06	5.41779504527e-07	1.57219049209e-06	2.74553879422e-06	9.26313297339e-07	2.68847682016e-07	-1.84027645521e-09	-1.52477324478e-11	4.58220833739e-10	-3.74982042362e-10	-8.00328798224e-10	4.48268631595e-10
HMPMockV1.2.Staggered2;k__Bacteria;p__Firmicutes;c__Bacilli;o__Bacillales;f__Sporolactobacillaceae;g__Pullulanibacillus	-0.0424359472582	-0.0132790755153	0.0108350863691	0.00498226509505	0.00504144038055	0.00994040721276	-0.00379872597819	0.00697386209783	-0.00174235015115	7.76602885188e-05	8.65274374556e-05	7.71719004943e-05	0.000230181087624	0.000267754580965	-0.00019060550661	7.88740098844e-05	2.11513420425e-05	3.44522837681e-05	3.07295735664e-05	3.70138001042e-05	-3.44304856161e-05	1.2290538477e-05	-1.70875667051e-05	-9.99420330916e-06	5.75292071169e-06	1.06200744692e-07	2.39646748689e-10	4.58222129705e-10	-3.74981971478e-10	-8.0032850927e-10	4.48268619679e-10
HMPMockV1.2.Staggered1;k__Bacteria;p__Firmicutes;c__Clostridia;o__Clostridiales;Other;Other	-0.0143589985862	0.0180563126816	-0.00441642328826	-0.0023849095595	-0.00917363314509	0.00435974141955	0.00287091116446	0.000157535967346	0.000533690545777	-0.000145288552636	-0.000236037605624	-0.00010278371328	-1.42891576794e-05	-1.02312417811e-05	3.81339309157e-05	3.08726832921e-06	-6.7515246751e-06	-1.24704313787e-05	-8.43953859636e-06	-1.82240501608e-05	-8.37247419759e-07	-6.23169726677e-06	3.97473895546e-06	2.56476514392e-06	-2.66035642179e-07	-6.40535856403e-09	-3.31596523012e-11	4.58220742726e-10	-3.74982047349e-10	-8.00328818559e-10	4.4826863246e-10
HMPMockV1.1.Even1;k__Bacteria;p__Actinobacteria;c__Actinobacteria;o__Actinomycetales;f__Actinomycetaceae;Other	0.264287659221	0.219235943849	-0.0179454762587	0.0111400371719	0.00181446959925	-0.0020936459426	-0.0036170544952	4.97327552569e-05	2.22689487618e-05	0.000158630211149	5.21230640394e-05	7.45095041283e-06	-2.31118767776e-05	1.38171368858e-05	4.94906153706e-06	-7.29583866844e-07	-7.24500800156e-07	2.49283581438e-06	-8.50293001934e-07	7.43926840395e-07	1.69783320869e-07	9.20897043469e-07	5.01215173149e-07	8.25052145815e-08	2.37579563287e-07	3.64746809184e-10	3.10389230438e-12	4.58220927007e-10	-3.74982037263e-10	-8.00328777395e-10	4.48268630718e-10
HMPMockV1.2.Staggered1;k__Bacteria;p__Firmicutes;c__Bacilli;o__Bacillales;f__;g__	-0.0544443933545	-0.00369452613393	0.00193338263196	-0.0136823578281	0.0104820572116	-0.0109951576263	-0.0029918820722	-0.000168136346579	0.000663633894064	0.000337343802186	4.28791835116e-05	4.91302729934e-05	-8.14855319333e-06	9.36589072156e-06	2.35684521708e-06	-5.74987179127e-06	-4.1557742531e-06	5.36791043133e-07	-2.10078303229e-06	4.58866547219e-07	-1.88460397727e-06	1.59473480905e-07	1.82049878597e-08	5.85762876381e-08	4.49402205457e-07	4.14893740855e-09	6.25480765614e-12	4.58220943045e-10	-3.74982036385e-10	-8.00328773834e-10	4.4826863058e-10
HMPMockV1.1.Even1;k__Bacteria;p__Proteobacteria;c__Betaproteobacteria;Other;Other;Other	0.00259558974766	0.0422037703185	-0.0176946177825	-0.0107983408119	-0.0159422174939	0.00327482836027	0.003960407468	0.00040501620085	-0.000703341374759	-0.000445377955378	-5.85921306801e-05	-5.11229488022e-05	-7.34272269443e-05	-2.83609730249e-05	-1.60720287739e-05	-2.72651311408e-06	-3.01631858759e-06	2.4676132445e-05	-2.9825664642e-05	7.96423469323e-06	-5.03503271556e-07	-1.04781619402e-06	4.48537075623e-06	-8.8703170375e-07	-3.55656652047e-07	9.89286023049e-09	1.57344532406e-11	4.58220991224e-10	-3.74982033756e-10	-8.00328763103e-10	4.48268630145e-10
HMPMockV1.2.Staggered2;k__Bacteria;p__Proteobacteria;c__Gammaproteobacteria;o__Enterobacteriales;f__Enterobacteriaceae;g__Erwinia	-0.0426178452593	-0.0134288887401	0.0108235737226	0.00525758980865	0.00441334424253	0.00960198166076	-0.00374092581602	0.00568794284067	-0.00162651384013	0.000105385204345	1.60171314534e-05	4.4827083351e-05	9.49645370719e-05	0.000100389141165	-6.58254142694e-05	2.91208157757e-05	-5.52145830974e-06	1.52304112935e-05	6.55092802789e-06	3.87970740325e-06	-8.46174155025e-06	8.37313672056e-06	-1.26158997151e-06	-2.55273478724e-06	-1.52350350589e-06	5.70886852903e-08	3.89687551097e-11	4.58221109387e-10	-3.74982027326e-10	-8.00328736966e-10	4.4826862919e-10
HMPMockV1.2.Staggered1;k__Bacteria;p__Firmicutes;c__Bacilli;o__Lactobacillales;f__Carnobacteriaceae;g__Granulicatella	-0.0539348008549	-0.000453135751677	0.000364247242845	-0.0166811811947	0.0131542474616	-0.010449049679	-0.00328562641498	-0.000401340009811	0.00113580764305	-0.000287190147637	2.04907206376e-05	2.48595443789e-05	5.02204941557e-07	4.10761212017e-07	1.00629720127e-06	-1.65079513897e-06	4.82036230947e-08	3.12758078558e-07	-3.00389089664e-07	8.44453146824e-08	2.40045775325e-07	-1.27079880929e-07	-4.94759636333e-08	-9.13320655692e-09	-2.52378762856e-08	-8.94603740105e-10	3.42876867627e-12	4.58220928644e-10	-3.74982037175e-10	-8.00328777023e-10	4.48268630701e-10
HMPMockV1.1.Even2;k__Fungi;p__Ascomycota;c__Saccharomycetes;o__Saccharomycetales;f__Incertae_sedis;g__Candida	0.422610049933	-0.528465251916	-0.020356615473	0.00156860394762	0.00305603143637	-0.00102749270546	-0.000205100078347	-7.36426960717e-05	-4.53465520048e-05	-0.000128724841588	3.40323240688e-05	1.25744325944e-05	-2.65786698436e-06	7.53457953614e-08	-8.99895439419e-08	1.0401477541e-08	1.07992366676e-07	5.75754145768e-10	-1.10720043496e-07	7.30039852233e-08	3.98103431093e-09	1.91997604834e-08	1.9130845074e-08	2.37034230088e-09	7.35668918219e-09	-3.45584625516e-11	2.70686511577e-12	4.58220924985e-10	-3.74982037376e-10	-8.00328777846e-10	4.48268630738e-10
HMPMockV1.1.Even2;k__Bacteria;p__Thermi;c__Deinococci;o__Deinococcales;f__Deinococcaceae;g__Deinococcus	0.422610049933	-0.528465251916	-0.020356615473	0.00156860394762	0.00305603143637	-0.00102749270546	-0.000205100078347	-7.36426960717e-05	-4.53465520048e-05	-0.000128724841588	3.40323240688e-05	1.25744325944e-05	-2.65786698436e-06	7.53457953614e-08	-8.99895439419e-08	1.0401477541e-08	1.07992366676e-07	5.75754145768e-10	-1.10720043496e-07	7.30039852233e-08	3.98103431093e-09	1.91997604834e-08	1.9130845074e-08	2.37034230088e-09	7.35668918219e-09	-3.45584625516e-11	2.70686511577e-12	4.58220924985e-10	-3.74982037376e-10	-8.00328777846e-10	4.48268630738e-10
HMPMockV1.1.Even1;k__Bacteria;p__Thermi;c__Deinococci;o__Deinococcales;f__Deinococcaceae;g__Deinococcus	0.422610049933	-0.528465251916	-0.020356615473	0.00156860394762	0.00305603143637	-0.00102749270546	-0.000205100078347	-7.36426960717e-05	-4.53465520048e-05	-0.000128724841588	3.40323240688e-05	1.25744325944e-05	-2.65786698436e-06	7.53457953614e-08	-8.99895439419e-08	1.0401477541e-08	1.07992366676e-07	5.75754145768e-10	-1.10720043496e-07	7.30039852233e-08	3.98103431093e-09	1.91997604834e-08	1.9130845074e-08	2.37034230088e-09	7.35668918219e-09	-3.45584625516e-11	2.70686511577e-12	4.58220924985e-10	-3.74982037376e-10	-8.00328777846e-10	4.48268630738e-10
HMPMockV1.1.Even1;k__Fungi;p__Ascomycota;c__Saccharomycetes;o__Saccharomycetales;f__Incertae_sedis;g__Candida	0.422610049933	-0.528465251916	-0.020356615473	0.00156860394762	0.00305603143637	-0.00102749270546	-0.000205100078347	-7.36426960717e-05	-4.53465520048e-05	-0.000128724841588	3.40323240688e-05	1.25744325944e-05	-2.65786698436e-06	7.53457953614e-08	-8.99895439419e-08	1.0401477541e-08	1.07992366676e-07	5.75754145768e-10	-1.10720043496e-07	7.30039852233e-08	3.98103431093e-09	1.91997604834e-08	1.9130845074e-08	2.37034230088e-09	7.35668918219e-09	-3.45584625516e-11	2.70686511577e-12	4.58220924985e-10	-3.74982037376e-10	-8.00328777846e-10	4.48268630738e-10
HMPMockV1.1.Even1;k__Bacteria;p__Proteobacteria;c__Epsilonproteobacteria;Other;Other;Other	0.157821068778	0.159714136157	-0.0249210135803	0.00944982250116	-0.00101353931933	-0.000668356093749	-0.00213120655153	0.000165415477493	6.83155199586e-06	0.000113314269307	8.22648554216e-05	-2.477716224e-05	3.58685020516e-06	-1.08458761287e-06	1.68945271941e-05	5.28399570524e-06	-4.27896251308e-07	-1.67223732523e-06	-7.00207600614e-06	2.47235607663e-06	7.94546891162e-07	5.52491929877e-07	1.32759310034e-06	2.21749164177e-07	6.00818811758e-08	-2.47898796603e-09	-1.91564910544e-13	4.58220910244e-10	-3.74982038181e-10	-8.00328781127e-10	4.4826863087e-10
HMPMockV1.1.Even1;k__Bacteria;p__Proteobacteria;c__Betaproteobacteria;o__Neisseriales;f__Neisseriaceae;g__	-0.0428622317339	-0.0110440777616	0.00937400475788	0.00275094589061	0.00518045274959	0.00665047738566	-0.00256949504669	0.00237248295962	-0.0013645598862	0.000535189553365	1.97512895325e-05	-0.000215908723209	-3.9099612783e-05	-1.97666953751e-06	1.0998253336e-05	8.99944211593e-06	-9.12497220289e-06	-1.19679994539e-06	-3.69941468914e-07	1.88528296792e-07	-1.61665994159e-06	-2.34920824985e-06	6.47150828873e-07	-4.76644312522e-09	-1.87009541805e-07	2.38332414155e-09	4.699956193e-12	4.58220935132e-10	-3.74982036825e-10	-8.00328775602e-10	4.48268630658e-10
HMPMockV1.1.Even2;k__Bacteria;p__Firmicutes;c__Bacilli;o__Bacillales;f__;g__	-0.0549442411889	-0.00790421049622	0.00403482628171	-0.00960043556335	0.00705883548228	-0.0109665471855	-0.00292170550711	9.55399223856e-05	8.56043126572e-05	0.000937647106113	6.25327342962e-05	4.20479825134e-05	-2.2328432648e-05	1.69691060797e-05	5.23906962858e-06	-4.83024855109e-06	-1.85415469897e-06	2.4063479195e-06	-2.70485528588e-06	3.00033188189e-07	-2.10538898574e-06	-1.73885666411e-08	1.80915829264e-07	3.32313982467e-08	5.40828051405e-07	4.68670016285e-09	7.67594410295e-12	4.58220950276e-10	-3.74982035989e-10	-8.00328772222e-10	4.48268630513e-10
HMPMockV1.2.Staggered1;k__Bacteria;p__Firmicutes;c__Bacilli;o__Bacillales;f__Planococcaceae;g__Viridibacillus	-0.0417760087834	-0.0126132853786	0.0105655456235	0.0054011986899	0.00403592666862	0.00959141752755	-0.0032075706906	0.00339169709485	-0.00147462244998	0.000161208218306	-2.65480949952e-05	-0.000103886698471	-7.45297131515e-06	1.19518738682e-06	-8.7682107944e-06	2.65021334467e-05	-1.37113582641e-05	-7.8007837881e-06	3.64230002219e-06	-1.76336411995e-06	4.28440027519e-07	1.66434282341e-06	5.73959292985e-07	3.26194090445e-07	4.45243390298e-07	-2.00154600529e-09	-1.36760576987e-12	4.58220904265e-10	-3.74982038501e-10	-8.00328782456e-10	4.48268630932e-10
HMPMockV1.1.Even2;k__Bacteria;p__Firmicutes;c__Clostridia;o__Clostridiales;f__Clostridiaceae;g__Caloramator	-0.0482330217872	-0.0079612954595	0.00610479905661	-0.00457539043717	0.00750608090098	-0.00138771033613	-0.00279349971065	0.00159156367498	-0.000478038227666	0.000474111137052	3.85952812748e-05	-5.80052245394e-05	-1.12586393886e-05	8.60748459455e-06	6.67189734532e-06	1.78638995847e-07	-8.31972747701e-06	3.68307614326e-06	-5.28718846985e-07	1.87164377306e-06	-3.97254439834e-06	-5.64368296545e-06	9.38457236394e-07	-3.49757743616e-07	-1.7341169041e-06	1.37435402949e-08	6.62704620449e-12	4.58220944945e-10	-3.74982036315e-10	-8.00328773498e-10	4.48268630614e-10
HMPMockV1.1.Even1;k__Bacteria;p__Proteobacteria;c__Gammaproteobacteria;o__Pseudomonadales;f__Moraxellaceae;g__Alkanindiges	-0.0462668294597	-0.0121116868458	0.00889213711896	0.00174374684358	0.00342972061858	0.00213201792297	-0.00280626691464	0.000934116269316	-0.00103746542331	0.000664292033353	1.25470170243e-05	-8.52727758242e-05	-6.04529632944e-06	1.72288939338e-05	4.18249268762e-06	7.77855362943e-06	-1.40833001465e-05	3.85272224988e-06	1.49330443957e-06	4.53891664692e-06	1.04363805276e-06	-7.34874041952e-07	2.64797916901e-06	4.88067339609e-07	3.38597336666e-07	-6.58394360417e-09	2.78120251898e-12	4.58220925353e-10	-3.74982037355e-10	-8.00328777742e-10	4.48268630721e-10
HMPMockV1.2.Staggered1;k__Bacteria;p__Proteobacteria;c__Gammaproteobacteria;o__Enterobacteriales;f__Enterobacteriaceae;g__Erwinia	-0.0428633737838	-0.0136569634434	0.0108795774146	0.00531206263987	0.00427303756865	0.00945813273647	-0.00384416014414	0.00571889907616	-0.00164340774061	9.63391436677e-05	2.50189186539e-05	2.89305177458e-05	0.000106229511249	0.000119328787821	-7.63528635873e-05	3.01238269914e-05	1.80922732764e-07	1.7674923148e-05	6.52444143319e-06	5.92508720858e-06	-1.04774777281e-05	8.95016041626e-06	-2.87080924335e-06	-1.15071334845e-06	-3.55707736023e-07	5.46216368128e-08	2.32765394303e-11	4.58221029675e-10	-3.74982031672e-10	-8.00328754756e-10	4.48268629932e-10
HMPMockV1.2.Staggered1;k__Bacteria;p__Firmicutes;c__Bacilli;o__Bacillales;f__Planococcaceae;g__Planococcus	-0.042372008775	-0.0132148618831	0.0108033939085	0.00502803561685	0.00494618379686	0.00991135766336	-0.00372544644962	0.00671630013726	-0.00169361935939	8.8764072547e-05	4.45133153724e-05	9.95002068089e-05	0.000173083850793	0.000201357476398	-0.000150896917581	6.37973715931e-05	1.64356170801e-05	2.81817414339e-05	3.31865429009e-05	4.01353771294e-05	-2.69461160055e-05	7.21134802539e-06	-1.82157600625e-05	-1.08582393202e-05	6.97764661662e-06	6.42649533162e-08	2.61594273555e-10	4.58222241142e-10	-3.74981965359e-10	-8.00328484133e-10	4.48268618475e-10
HMPMockV1.2.Staggered2;k__Bacteria;p__Proteobacteria;c__Gammaproteobacteria;o__Enterobacteriales;f__Enterobacteriaceae;g__Enterobacter	-0.0423537121282	-0.0131945802649	0.010794358439	0.00504779908768	0.00490750500169	0.00992219143173	-0.00371560584028	0.00642968663772	-0.00168957082878	0.000105759864299	5.1269301612e-05	6.69805142498e-05	0.000158670848205	0.000175070047935	-0.000114683574142	4.96636474844e-05	7.7087922211e-06	1.58077784084e-05	-1.23948635493e-06	-7.49660589751e-06	-1.63019904656e-05	1.32054969813e-05	3.17469387988e-06	5.77185421212e-08	1.32192841191e-06	-4.70692602069e-08	7.28714417234e-12	4.58220948203e-10	-3.74982036123e-10	-8.00328772485e-10	4.48268630375e-10
HMPMockV1.1.Even2;k__Bacteria;p__Proteobacteria;c__Betaproteobacteria;o__Burkholderiales;f__;g__	-0.0557807088289	-0.00601277508527	0.00277502156769	-0.0121909198097	0.00854039914808	-0.0122628896443	-0.00311400204724	-0.000256095740869	0.000457229644443	0.00065192641455	5.478669111e-05	5.28830397292e-05	-1.65151166292e-05	1.28792517815e-05	5.25439899389e-06	-3.10426761074e-06	-1.16445192995e-06	3.88882856624e-06	-1.42215178033e-06	2.38386768011e-07	-1.9766127618e-07	-1.61339409915e-07	1.49486359879e-09	-7.46656114048e-08	-2.85471876368e-08	1.53310287589e-09	5.34269907734e-12	4.58220938382e-10	-3.74982036644e-10	-8.00328774862e-10	4.48268630616e-10
HMPMockV1.2.Staggered2;k__Bacteria;p__Proteobacteria;c__Alphaproteobacteria;o__Rhodobacterales;Other;Other	-0.0119825520924	0.026746469213	-0.00923784557101	-0.00189589025688	-0.0110877035367	0.00083232001869	0.00749945519928	-0.000290090682902	-0.000145422746385	-0.00102937937078	0.00030407193686	-0.000101078924912	-2.93124966342e-07	-6.11346644847e-05	-3.85317399971e-05	-2.77652924575e-05	2.23218800071e-05	6.64937005851e-06	2.94302221027e-05	-7.13803733224e-06	-8.74500505874e-06	-1.7644623756e-06	3.2534206019e-06	7.23866353993e-07	-3.57423372106e-07	2.91411264049e-08	-5.16581810132e-12	4.58220885119e-10	-3.74982039573e-10	-8.00328786945e-10	4.48268631236e-10
HMPMockV1.1.Even2;k__Bacteria;p__[Thermi];c__Deinococci;Other;Other;Other	-0.0128202024606	0.0284729712737	-0.0116381603533	-0.00478188071805	-0.0111747379658	0.00089153511641	0.00731073398749	-0.00059592598783	-0.00238372255934	-0.00112665683166	-0.00051387882083	-4.37357066828e-05	6.75175755344e-05	-7.50149650466e-05	-4.8689134153e-05	-3.07119426057e-05	1.09231831598e-05	1.869765275e-05	-1.88440795283e-05	-3.23350196852e-06	3.32132175416e-06	-2.90273998229e-06	-2.90444720464e-06	-4.05697048045e-07	-6.11801752616e-07	-8.43579255466e-09	-6.76878643617e-12	4.58220876786e-10	-3.74982040004e-10	-8.0032878854e-10	4.48268631148e-10
HMPMockV1.2.Staggered2;k__Bacteria;p__Firmicutes;c__Bacilli;o__Bacillales;f__Planococcaceae;g__Viridibacillus	-0.0420562114371	-0.0122041235298	0.0102626447776	0.0047471056754	0.00436409091157	0.00910481509577	-0.00320822460043	0.00327388119529	-0.00140362726851	0.000142274479753	-2.29015765125e-05	-0.000108475627669	-9.26816945788e-06	-3.792361914e-06	-4.85595774005e-06	2.38201937566e-05	-1.28330833984e-05	-7.97950312307e-06	4.58050677348e-06	1.4374549247e-06	-2.18250753111e-06	-1.68038588822e-06	2.27651671684e-07	-2.52381116579e-07	-5.23449782367e-07	5.56900851934e-09	6.21272281764e-12	4.58220942813e-10	-3.7498203641e-10	-8.00328773904e-10	4.48268630601e-10
HMPMockV1.2.Staggered2;k__Archaea;p__Euryarchaeota;c__Methanobacteria;o__Methanobacteriales;f__Methanobacteriaceae;g__	-0.0420772596963	-0.0129077351194	0.010670446936	0.00524186202139	0.00447241725414	0.00980897836404	-0.00346418655289	0.00483667582554	-0.001557320484	0.000141160129025	-4.95704099972e-05	1.39563922977e-05	-9.24770654675e-06	-1.92764427915e-07	3.50694410213e-06	-5.65062950379e-06	1.55455062636e-06	7.56773124808e-07	1.30811324744e-06	1.96150360995e-07	5.87829892276e-06	2.75531620091e-06	8.92043274769e-07	1.03817091795e-06	2.68632925423e-06	-3.04299500712e-08	-2.56605156648e-12	4.58220898137e-10	-3.74982038801e-10	-8.00328783648e-10	4.48268630872e-10
HMPMockV1.1.Even2;k__Bacteria;p__Firmicutes;c__Bacilli;o__Lactobacillales;f__Lactobacillaceae;Other	0.00952041387282	0.0277818218151	0.00344286447676	0.00697365236717	-0.00432881845559	0.00158868774496	0.005581710805	-0.00195249011827	0.00147119118915	-0.000751216630969	-4.35696302831e-05	0.000124121294485	-4.12211698172e-06	-5.8555273509e-06	7.53377694309e-05	-7.33207938586e-06	1.2895940555e-05	5.51559771217e-05	4.79265308653e-05	-1.1926049447e-05	-2.01808346373e-05	1.09910873796e-05	5.36641263409e-06	6.16344119882e-07	-1.52537578433e-07	9.75192326713e-08	3.58951700498e-11	4.58221094026e-10	-3.74982028189e-10	-8.00328740708e-10	4.48268629529e-10
HMPMockV1.2.Staggered2;k__Bacteria;p__Firmicutes;c__Bacilli;o__Bacillales;f__;g__	-0.0575517161524	-0.00907324284153	0.00393881343536	-0.0100620125974	0.00624402781058	-0.0121738318653	-0.00435165787504	-0.000108896559031	0.000347895374841	0.000392102440837	3.99455716024e-05	1.79880801868e-05	-1.45114020025e-05	7.12663814369e-06	4.78703164439e-06	-4.56226489774e-06	-1.3064024407e-06	8.0179330349e-07	-1.80881491103e-06	2.51047741484e-07	-1.11349426482e-06	4.40914550013e-07	-2.68721918274e-08	-6.21492310266e-08	8.7746727742e-08	4.40259695473e-09	4.40088577885e-12	4.58220933608e-10	-3.74982036904e-10	-8.00328775942e-10	4.4826863067e-10
HMPMockV1.1.Even1;k__Bacteria;p__Firmicutes;c__Bacilli;o__Bacillales;f__Planococcaceae;g__Rummeliibacillus	-0.0423590483296	-0.0121264227341	0.0101281333033	0.00421190271341	0.00467159848074	0.00818168266515	-0.00287151465133	0.00339674040308	-0.0015300076903	0.000451556643627	-5.69915168062e-06	-0.000159668115634	-4.36896819802e-05	-1.15468632053e-05	1.26492097691e-05	2.22694035967e-06	5.42172043564e-06	-5.05617408362e-06	-1.16529282571e-06	-4.97436283945e-07	-8.04351578373e-07	8.73426554042e-07	2.62111784218e-07	-6.53421827136e-08	9.97251684694e-08	3.34721812613e-09	-1.38985383758e-12	4.58220904173e-10	-3.74982038509e-10	-8.00328782503e-10	4.48268630942e-10
HMPMockV1.1.Even2;k__Bacteria;p__Proteobacteria;c__Gammaproteobacteria;o__Enterobacteriales;f__Enterobacteriaceae;g__Serratia	-0.0362500144674	-0.00393393765328	0.00490548305685	0.00367271339669	-0.00347916253169	0.00422504895783	4.02088518568e-05	0.00146000402388	-0.000711044211076	0.000129470029144	1.38560392616e-06	1.88093135181e-06	2.80866804619e-05	3.37839850145e-05	-2.30630642775e-05	8.72962154701e-06	3.06289468216e-06	5.04781968969e-06	4.09873205613e-06	6.5542424771e-06	-5.63360270162e-06	-1.31633796825e-06	-2.90913956291e-06	-5.3757385275e-07	1.34231410247e-06	6.73160173144e-09	2.81484464727e-11	4.58221054376e-10	-3.74982030292e-10	-8.00328748982e-10	4.48268629537e-10
HMPMockV1.2.Staggered2;k__Bacteria;p__Proteobacteria;c__Betaproteobacteria;o__Burkholderiales;f__;g__	-0.0543400405212	-0.00325265112134	0.0017131420936	-0.0141085512924	0.0107549097161	-0.0114052699738	-0.00270889219042	-0.00032142322193	0.000676815763195	0.00045163237538	4.89421271179e-05	4.98744490069e-05	-1.28864879044e-05	1.04756415029e-05	4.249189561e-06	-2.73615730418e-06	-8.79446670305e-07	3.16778589136e-06	-1.17949690568e-06	2.15167876952e-07	-1.17153147098e-07	-1.51897768993e-07	-4.2146336899e-09	-5.98424105057e-08	-2.74368285512e-08	1.06438699742e-09	4.94435808491e-12	4.58220936356e-10	-3.74982036755e-10	-8.00328775312e-10	4.48268630634e-10
HMPMockV1.2.Staggered2;k__Bacteria;p__Proteobacteria;c__Alphaproteobacteria;o__Rhodobacterales;f__Rhodobacteraceae;g__	-0.0602526909216	-0.0106102768042	0.00405495515918	-0.0101093527441	0.00540252041167	-0.0120824403053	-0.00659323087791	0.000180288479025	0.000688895567455	-0.000610816450848	-8.19745743577e-06	3.42801841197e-06	6.80748538248e-06	-7.50533062549e-06	5.79685335432e-07	-1.71160243434e-06	2.80751874329e-07	-1.40989476226e-06	2.45050400429e-07	3.13839789451e-08	6.76165412565e-07	-1.93682450858e-07	-1.31298307429e-07	1.22905505122e-08	-4.10458155918e-08	-2.85067827191e-09	2.23128306253e-12	4.58220922551e-10	-3.74982037508e-10	-8.00328778373e-10	4.48268630752e-10
HMPMockV1.1.Even1;k__Bacteria;p__Firmicutes;c__Bacilli;o__Bacillales;f__;g__	-0.0540837257005	-0.00459482438668	0.00250688650961	-0.0125294242021	0.00971375334562	-0.010922626717	-0.00260084229301	-2.96675120665e-05	0.000444122201777	0.000664282652069	5.5083085266e-05	6.19568515442e-05	-1.30149105021e-05	1.63529666473e-05	2.74924754436e-06	-1.91449055554e-06	-9.02167816765e-07	3.89326947646e-06	-1.52759451524e-06	1.30111258709e-07	-7.68662481311e-07	-9.65540286976e-07	2.25108326727e-07	1.01171427173e-07	5.35454598497e-07	-1.38473361273e-09	8.36134098352e-12	4.5822095374e-10	-3.74982035799e-10	-8.00328771417e-10	4.48268630461e-10
HMPMockV1.1.Even1;k__Bacteria;p__Proteobacteria;c__Betaproteobacteria;o__Burkholderiales;f__;g__	-0.0564126402543	-0.00659523974974	0.00291468923472	-0.0119811390813	0.00812065362424	-0.0124170546693	-0.00350617267012	-0.000246550596284	0.000484258696549	0.000527856070161	4.90260068916e-05	4.66977945963e-05	-1.42662126378e-05	1.10181299572e-05	4.77612851777e-06	-2.96085717995e-06	-1.02630284479e-06	3.38153208324e-06	-1.27680066631e-06	2.10007102444e-07	-1.29088588092e-07	-1.5859902168e-07	-9.55673884582e-09	-6.67159746061e-08	-2.84483920246e-08	1.171327167e-09	5.08159384409e-12	4.58220937054e-10	-3.74982036717e-10	-8.00328775157e-10	4.48268630627e-10
HMPMockV1.2.Staggered1;k__Bacteria;p__Firmicutes;c__Clostridia;o__Clostridiales;f__Clostridiaceae;g__Caloramator	-0.0487196526946	-0.00858598064565	0.0062972212221	-0.00430378825076	0.00704537370154	-0.00188940657572	-0.00283237652653	0.00158503922771	-0.000549182739324	0.000581765626639	5.69965308608e-05	-8.49839266351e-05	-9.28910069384e-06	1.81841951847e-05	8.50094212503e-06	-9.39188440104e-06	-1.04422565274e-05	1.08451522052e-05	-2.0395868247e-06	8.47157199046e-07	-2.64271532179e-06	-5.84271825305e-06	6.63291444715e-07	-2.65224113729e-07	-1.71780640128e-06	1.04388702878e-08	6.20658708406e-12	4.58220942797e-10	-3.74982036432e-10	-8.0032877396e-10	4.4826863062e-10
HMPMockV1.1.Even2;k__Bacteria;p__Firmicutes;c__Bacilli;o__Lactobacillales;f__Enterococcaceae;g__Vagococcus	-0.0541629455261	-0.00227127977767	0.00124930683118	-0.0149895628535	0.0115909146459	-0.0110729320142	-0.00287829690138	-0.000348984944276	0.000829875993174	0.000210411510516	3.97158084907e-05	4.18342148269e-05	-8.51519940417e-06	7.20045840726e-06	3.18616322801e-06	-2.37930744522e-06	-5.75446653049e-07	2.23741948436e-06	-8.92328074119e-07	1.72899035399e-07	-1.07947050689e-09	-1.43703565104e-07	-1.87713743958e-08	-4.324996614e-08	-2.67015789313e-08	4.26887760562e-10	4.44994957099e-12	4.5822093384e-10	-3.74982036892e-10	-8.0032877587e-10	4.48268630656e-10
HMPMockV1.2.Staggered2;k__Bacteria;p__Firmicutes;c__Clostridia;o__Clostridiales;f__Clostridiaceae;g__Caloramator	-0.0506351769722	-0.00979341037001	0.00637782802141	-0.00437203003668	0.00598559907204	-0.00384002486452	-0.00319476057987	0.00133499931208	-0.000501846387948	0.000650585213949	5.5720017461e-05	-5.82893498655e-05	-1.08254420484e-05	1.64518558483e-05	8.44034765532e-06	-6.42183943669e-06	-1.14996604101e-05	9.56701823191e-06	-1.47948901034e-06	1.14913274991e-06	-2.34748149726e-06	-5.48935194905e-06	5.97731813067e-07	-2.66568310724e-07	-1.60570488372e-06	9.1116720224e-09	6.6779827496e-12	4.58220945187e-10	-3.74982036299e-10	-8.00328773416e-10	4.48268630593e-10
HMPMockV1.2.Staggered2;k__Bacteria;p__Proteobacteria;c__Epsilonproteobacteria;o__Campylobacterales;f__Helicobacteraceae;Other	0.0504848070084	0.0902565529491	-0.0274842051124	0.000361703724119	-0.00956599312664	0.000971677072797	0.000683018106944	0.000193174182293	-6.3925821398e-05	-0.00017856067314	5.61502779974e-05	1.82016642096e-05	-6.83599464072e-05	2.81443014666e-05	9.91029280412e-06	1.04626476126e-05	-4.29292617675e-07	7.37980185124e-06	-1.49292791132e-05	6.00210287573e-06	-2.14981713818e-06	1.85028189003e-06	1.8144301263e-06	-2.03386176281e-07	3.90451184462e-07	1.02440926099e-08	1.09530559086e-11	4.58220966938e-10	-3.7498203508e-10	-8.0032876853e-10	4.48268630375e-10
HMPMockV1.2.Staggered1;k__Bacteria;p__Proteobacteria;c__Alphaproteobacteria;o__Rhodobacterales;Other;Other	-0.0112917431248	0.0281754540402	-0.0102226170727	-0.000951174414383	-0.0103929827653	0.00250326835742	0.00481951095133	-0.000840846879085	0.000887849154592	-0.000528189074277	0.000121121005045	-0.000127321722813	-4.86157805729e-05	-8.65965890633e-06	-2.58801065241e-05	-2.13727960152e-05	1.09342175222e-05	1.83166867376e-05	-1.22334530363e-05	1.81155660514e-06	-6.94322808691e-06	-5.37785158646e-06	1.87797132117e-06	-3.08859856338e-07	-1.05567622607e-06	2.41097054747e-08	6.61163529738e-12	4.58220944942e-10	-3.74982036306e-10	-8.00328773546e-10	4.48268630639e-10
HMPMockV1.1.Even1;k__Bacteria;p__Firmicutes;c__Bacilli;o__Bacillales;f__Staphylococcaceae;g__Macrococcus	-0.0425969323249	-0.0134047887262	0.0108009365772	0.00534239939044	0.00419479947947	0.00947350891799	-0.00366943258936	0.00503832550716	-0.00159840754521	0.000132744471411	-3.44988382845e-06	-3.48675846037e-06	4.82413082564e-05	4.96127665156e-05	-3.80807574648e-05	3.01704290319e-05	4.92616421784e-06	-4.03318247052e-06	7.00667415235e-07	1.48190213554e-07	-1.23069012942e-05	1.43391752698e-06	2.26465851994e-06	6.47552112864e-08	-2.57676185119e-06	5.74938235504e-08	-1.16927274504e-11	4.58220851948e-10	-3.74982041417e-10	-8.0032879451e-10	4.48268631648e-10
HMPMockV1.2.Staggered1;k__Bacteria;p__Proteobacteria;c__Gammaproteobacteria;o__Enterobacteriales;f__Enterobacteriaceae;g__Enterobacter	-0.042365256165	-0.013207257025	0.0108024149606	0.0050375163989	0.00492632220639	0.00992514357181	-0.00373208568522	0.00648804792853	-0.0017020519711	0.000104381198497	6.7088825724e-05	6.47594349206e-05	0.000179847371857	0.000193101044469	-0.000125493711584	5.57656606927e-05	9.37721476564e-06	1.37213695101e-05	-3.34405851811e-06	-8.57332454447e-06	-2.28308722778e-05	7.61481962833e-06	5.93967746777e-06	6.47279472983e-07	1.38280484758e-06	8.84251455142e-08	2.22515581816e-11	4.58221024701e-10	-3.74982031943e-10	-8.00328756092e-10	4.48268630117e-10
HMPMockV1.1.Even2;k__Bacteria;p__Firmicutes;c__Bacilli;o__Bacillales;f__Planococcaceae;g__Rummeliibacillus	-0.0447767089377	-0.00805827143972	0.0071715044949	-0.00192078726162	0.0074015052133	0.00266007281331	-0.00220076921496	0.00189270741944	-0.000835480032335	0.000559196682235	9.37749621939e-06	-0.000103086607383	-4.15806785286e-05	-2.68141470298e-06	1.03993259231e-05	9.59811523862e-07	1.09264478857e-05	-7.04342984241e-06	-5.34732511259e-07	1.60480174469e-06	-1.62885613825e-06	1.66126212142e-06	1.26262940623e-06	-1.05760626424e-08	2.42917195836e-07	6.09203971153e-09	-1.34950231922e-12	4.5822090439e-10	-3.74982038497e-10	-8.00328782471e-10	4.4826863095e-10
HMPMockV1.1.Even2;k__Bacteria;p__Firmicutes;c__Bacilli;o__Bacillales;f__Planococcaceae;g__Planococcus	-0.0424062274063	-0.0132478266567	0.0108180929987	0.00500785201426	0.00499353299094	0.00994052291096	-0.00376620426224	0.00678216208936	-0.00171804823131	8.25617658819e-05	6.34523461302e-05	7.29448355621e-05	0.000189617987949	0.000222704399305	-0.000161434175127	6.09695475343e-05	1.60746718868e-05	3.46360908357e-05	3.44342168274e-05	3.64736807069e-05	-2.5216672909e-05	1.76126050077e-05	-1.6421582092e-05	-1.61300175223e-05	3.17781875894e-06	-1.19069178302e-08	3.02039876919e-10	4.58222446301e-10	-3.74981954194e-10	-8.00328437944e-10	4.48268616277e-10
HMPMockV1.2.Staggered1;k__Bacteria;p__Proteobacteria;c__Epsilonproteobacteria;o__Campylobacterales;f__Helicobacteraceae;Other	0.0707448801043	0.0987521753926	-0.0232124606532	0.00205820601433	-0.00727755066482	0.000582927844498	0.00145020203826	0.000132021762567	-0.0002715369582	-0.000270972305215	5.08465333546e-05	-2.40049190067e-05	-2.8720966622e-05	-9.33368049857e-06	-1.01238141411e-05	1.4409061236e-06	-1.29950816972e-05	5.130253636e-06	-4.01948082092e-06	3.12401891253e-06	2.71741813766e-06	-1.4877212595e-06	4.61721550262e-07	3.39893245202e-09	-3.83287245347e-07	-8.62853002706e-09	4.66355160045e-14	4.58220911421e-10	-3.74982038119e-10	-8.0032878083e-10	4.48268630839e-10
HMPMockV1.1.Even1;k__Bacteria;p__Firmicutes;c__Bacilli;o__Lactobacillales;f__Lactobacillaceae;Other	0.0107377668157	0.0279983694232	0.00368290790344	0.00763045580569	-0.00523577439212	0.000336588238967	0.0069724681598	-0.0014927527241	0.00237573743162	-0.000533380535415	-1.35755738614e-05	0.000311113746992	4.5042060838e-05	1.83204280028e-05	1.17817114243e-05	-3.21085635901e-05	4.07212842199e-07	2.99545324692e-05	3.59042776563e-05	-1.45757540576e-05	-5.45985233774e-06	7.0558722447e-07	-8.17950284775e-07	5.78542614581e-07	-5.42125653878e-07	2.77988751123e-08	1.29023681531e-11	4.58220976917e-10	-3.74982034567e-10	-8.00328766447e-10	4.48268630363e-10
HMPMockV1.1.Even1;k__Bacteria;p__Firmicutes;c__Bacilli;o__Bacillales;f__Planococcaceae;g__Planococcus	-0.0424003831475	-0.013241803204	0.0108118419372	0.00501405600095	0.00498831695896	0.00993689398985	-0.00374680164969	0.00684549070195	-0.00169858652474	8.53071294135e-05	4.40775392879e-05	0.000101958362775	0.000166750316273	0.000193794424441	-0.000144830136392	5.54571041737e-05	1.71036884601e-05	3.3628977443e-05	3.69126622992e-05	4.34655762696e-05	-2.32716802881e-05	1.75293824645e-05	-2.14245642973e-05	-1.39913151624e-05	9.95367774219e-07	3.83343737187e-07	2.77849692288e-10	4.58222324381e-10	-3.74981960851e-10	-8.00328467081e-10	4.48268618731e-10
HMPMockV1.1.Even2;k__Bacteria;p__Firmicutes;c__Bacilli;o__Bacillales;f__Paenibacillaceae;g__Paenibacillus	-0.044430021825	-0.01374187983	0.0104729655444	0.00422886023736	0.00428902793872	0.00780197697307	-0.00420629143574	0.00561958075866	-0.00151403817049	3.1038153632e-05	4.661643453e-05	1.30592818098e-05	0.000125905194848	0.000137131709746	-8.82287597483e-05	3.30285458103e-05	6.28682627531e-06	1.52708849174e-05	2.70994780655e-06	-5.02231970905e-08	-1.60599093167e-05	6.56300657873e-06	1.50993739842e-06	-3.00444262114e-06	-2.51830160737e-07	7.51913519941e-08	6.5323664099e-11	4.5822124347e-10	-3.7498201999e-10	-8.00328707128e-10	4.48268627989e-10
HMPMockV1.2.Staggered1;k__Bacteria;p__Firmicutes;c__Bacilli;o__Bacillales;f__Sporolactobacillaceae;g__Pullulanibacillus	-0.042444905198	-0.0132877410428	0.010839286392	0.00497515145102	0.00505427443979	0.0099447732338	-0.00381004825879	0.00699010387525	-0.00175223482795	7.17658830625e-05	8.98917690907e-05	6.12755615523e-05	0.000233408816582	0.000280174801225	-0.000202789344895	8.08638509592e-05	2.43144526737e-05	4.23274750774e-05	4.25773818496e-05	5.36241673202e-05	-3.64354636693e-05	1.43677671592e-05	-2.61045033155e-05	-1.34824304462e-05	6.3711399331e-06	1.10561589537e-07	3.0104924115e-10	4.58222441775e-10	-3.74981954407e-10	-8.00328439552e-10	4.48268616724e-10
HMPMockV1.2.Staggered1;k__Bacteria;p__Proteobacteria;c__Alphaproteobacteria;o__Rhodobacterales;f__Rhodobacteraceae;g__	-0.0584668942103	-0.00702061329059	0.00260663941548	-0.0127745954977	0.0080452202369	-0.0123993824556	-0.0052822161917	-0.000260178685179	0.000860368314929	-0.00037070658224	1.08467592615e-05	9.05322420615e-06	2.01921293106e-06	-1.84484472836e-06	1.07337566483e-06	-1.78221336109e-06	3.77576184734e-08	-1.92127415711e-07	-2.15908503544e-07	2.76328403135e-08	3.36591338463e-07	-1.33608874174e-07	-7.71610763393e-08	-7.1023739919e-09	-2.67582116835e-08	-1.33057817891e-09	3.21433117216e-12	4.58220927553e-10	-3.74982037235e-10	-8.00328777264e-10	4.4826863071e-10
HMPMockV1.1.Even2;k__Bacteria;p__Proteobacteria;c__Gammaproteobacteria;o__Acidithiobacillales;f__;g__	-0.0428720684854	-0.0136749706151	0.0108858028362	0.00523376704561	0.00448454508173	0.0095433485553	-0.00384092902208	0.00659603950159	-0.00161930922474	0.000101822993262	-1.99392922762e-05	0.000171531961367	7.83440216632e-05	7.00095605799e-05	-5.3689199061e-05	2.55702209227e-05	7.25638655773e-06	7.12652128546e-06	4.32932667918e-06	6.87203632014e-06	-9.76381437658e-06	2.90639264519e-06	-4.45323404749e-06	2.77578986381e-06	2.90548298117e-07	2.70938471255e-08	-4.10047408267e-11	4.58220702962e-10	-3.74982049524e-10	-8.00328827601e-10	4.48268632937e-10
HMPMockV1.2.Staggered2;k__Bacteria;p__Firmicutes;c__Bacilli;o__Bacillales;f__Planococcaceae;g__Rummeliibacillus	-0.0441039238851	-0.00916418910717	0.00799841114317	-0.000150559563101	0.0066916547314	0.00483065007973	-0.00278877017045	0.00212526333108	-0.000967954773349	0.000274830938519	-3.72236955012e-06	-0.000179615359222	-4.61697986866e-05	-9.91994736579e-06	1.05957605677e-05	1.84617953465e-06	1.63267080085e-05	-1.05924729559e-05	-1.18000336393e-06	7.46676605197e-07	-2.56597299661e-06	2.28879700456e-06	1.18214221815e-06	-5.16071743069e-08	3.63509437053e-07	9.22588554759e-09	-2.38073668771e-12	4.58220899163e-10	-3.7498203878e-10	-8.0032878365e-10	4.48268631008e-10
HMPMockV1.2.Staggered2;k__Bacteria;p__Proteobacteria;c__Gammaproteobacteria;o__Enterobacteriales;f__Enterobacteriaceae;g__Brenneria	-0.0424545183724	-0.0132967299623	0.0108422893834	0.00496749667614	0.00506800719433	0.0099525487183	-0.00382142455067	0.00699358485466	-0.00176221470697	6.31174159224e-05	8.59736406595e-05	3.61049109205e-05	0.00022530924356	0.000288034235605	-0.000215900191307	7.97711969832e-05	2.98420014858e-05	5.57529363288e-05	6.49990383311e-05	8.63600388228e-05	-3.90394636339e-05	1.3824161078e-05	-4.36525315544e-05	-1.92366699968e-05	9.56649803647e-06	9.29022092713e-08	4.21878811092e-10	4.5822305588e-10	-3.74981920788e-10	-8.00328302218e-10	4.4826861082e-10
HMPMockV1.2.Staggered2;k__Bacteria;p__Firmicutes;c__Bacilli;o__Lactobacillales;f__Aerococcaceae;g__	-0.0990227441799	-0.0650261607285	0.0222762886185	0.0214157572557	-0.0370019035126	-0.0295810552735	-0.0234102251905	0.000980010400444	-0.00145435289774	-0.00137569247329	-8.55452492442e-05	-0.000140428895959	2.06806084906e-05	-2.64557074294e-05	5.24038682624e-07	-5.49201916103e-06	-2.44444744791e-06	-7.32883480303e-06	8.15175613158e-08	-2.70300062713e-07	1.70516639356e-07	4.0180807328e-07	-4.11421460589e-07	3.70075023275e-08	7.94166259653e-08	-2.01458102579e-09	6.53040195768e-13	4.58220914538e-10	-3.74982037945e-10	-8.00328780165e-10	4.4826863083e-10
HMPMockV1.1.Even2;k__Bacteria;p__Firmicutes;c__Bacilli;o__Lactobacillales;f__Streptococcaceae;Other	0.125488433514	0.119919680044	-0.0122973240502	0.0048010697342	-0.00510366081742	-0.000103080570492	0.00147135809967	-0.000239261452291	0.0010916410497	-0.000104962997556	-0.000355624531813	3.63004031502e-05	1.35167226678e-05	2.79083833111e-05	-2.68960323941e-05	-1.86296729232e-05	6.05926795051e-06	-1.6977942024e-05	-1.02014529582e-05	-1.42396189294e-05	3.65554949734e-06	-4.99196688537e-06	-8.65320424007e-06	-9.54383637545e-07	-9.99461446699e-07	-1.5975156553e-08	-4.48477078143e-12	4.58220888351e-10	-3.74982039375e-10	-8.00328785904e-10	4.48268630999e-10
HMPMockV1.1.Even2;k__Bacteria;p__Firmicutes;c__Bacilli;o__Lactobacillales;f__Enterococcaceae;g__Tetragenococcus	-0.0423453924314	-0.0131873582543	0.0107919606122	0.00505369965711	0.00489641557567	0.00992454997887	-0.00370935487168	0.00638267410641	-0.0016847219236	0.000111168543768	5.49157886582e-05	6.88827285769e-05	0.000154660347317	0.000157329154855	-0.000100763637725	4.44750232923e-05	7.89208700403e-06	9.36676146746e-06	-4.89262421824e-06	-8.49176196698e-06	-2.23520512008e-05	2.28487195465e-06	7.35922807122e-06	8.1323949778e-07	-8.0275520401e-07	8.88644799179e-08	6.13585566084e-12	4.58220942762e-10	-3.74982036451e-10	-8.00328774425e-10	4.48268630907e-10
HMPMockV1.2.Staggered2;k__Archaea;p__Euryarchaeota;Other;Other;Other;Other	0.335233522133	0.259438050362	-0.0123550640986	0.0164801220382	0.00555320209826	-0.00416955535844	-0.00535043433699	7.60791836483e-05	0.000318848817021	0.000237591370322	6.939410743e-06	-1.07936133419e-05	-9.81232626787e-07	1.43624218832e-08	9.44144159535e-07	3.37258797179e-07	-1.57898967651e-07	-6.54787564887e-08	7.03704132824e-08	-1.07501382727e-07	-5.28657250684e-08	2.80884492169e-08	-7.81974655913e-08	-1.44274027681e-08	9.99384962684e-09	1.86514848353e-10	2.63042230526e-12	4.58220924597e-10	-3.74982037397e-10	-8.00328777933e-10	4.48268630742e-10
HMPMockV1.2.Staggered1;k__Archaea;p__Euryarchaeota;Other;Other;Other;Other	0.326972948291	0.262230386035	-0.0174424549989	0.0190991550495	0.00774387584016	-0.00381889571937	-0.0052861505282	2.19891958964e-05	0.000405086130083	0.000265831846546	0.000113496553718	1.72977058858e-05	-1.43233880623e-05	3.10198730321e-06	1.61292684209e-06	1.04444970149e-06	-1.428028543e-07	4.78533601158e-07	-2.11280034142e-07	5.72866437177e-08	-3.02346038562e-07	1.69453079839e-07	2.80666072274e-10	-2.10715660655e-08	5.65768264618e-08	1.18743404399e-09	3.1685938116e-12	4.58220927337e-10	-3.74982037246e-10	-8.00328777326e-10	4.48268630719e-10
HMPMockV1.2.Staggered1;k__Bacteria;p__Firmicutes;c__Bacilli;o__Lactobacillales;f__Streptococcaceae;g__	-0.0453449799185	-0.00787118073775	0.00694501867257	-0.00279943397242	0.00817946801555	0.00235541939448	-0.00248499380517	0.003363263283	-0.000832642793204	0.000462769401768	7.32124984452e-05	-1.53709245424e-05	7.24585973448e-05	0.000102929863358	-5.26222654738e-05	1.76841565566e-05	2.11992965501e-06	1.26275349436e-05	-5.0631701976e-06	-6.67623365827e-06	-1.02459184225e-05	2.59312921921e-06	3.75076715844e-06	7.64040358716e-07	6.21017517877e-07	4.02894806632e-08	6.04809268211e-12	4.58220942149e-10	-3.74982036448e-10	-8.00328774256e-10	4.48268630723e-10
HMPMockV1.1.Even1;k__Bacteria;p__Proteobacteria;c__Epsilonproteobacteria;o__Campylobacterales;f__Helicobacteraceae;g__Flexispira	-0.045619294089	-0.0161092728445	0.0112531140241	0.00705966985236	-7.8504369487e-05	0.00613952614172	-0.00423698975031	0.00158449606336	-0.00117521703882	7.68736900072e-06	-6.62097087627e-05	8.67946487125e-06	6.21258395385e-06	-1.89405863946e-05	-6.6569469942e-06	2.64401225684e-06	-3.5119324828e-06	-9.46986755389e-06	3.23970405027e-06	-6.86090000336e-06	3.4214976325e-07	-3.32414643401e-06	-3.49556685117e-06	-3.69785491398e-07	-8.03497196986e-07	-3.71803901387e-09	-1.25009183246e-12	4.58220904846e-10	-3.74982038481e-10	-8.00328782317e-10	4.48268630914e-10
HMPMockV1.1.Even1;k__Bacteria;p__Firmicutes;c__Bacilli;o__Bacillales;f__Paenibacillaceae;g__Paenibacillus	-0.0465730246035	-0.0126755449586	0.00925090627976	0.00158938367698	0.00495489606821	0.00483666144719	-0.00442613367915	0.00507634857895	-0.00110577708645	-7.98401251915e-05	1.35787130027e-05	0.00010136729565	9.81387496581e-05	8.53156607292e-05	-6.11351967755e-05	1.74082052015e-05	-4.53200434458e-06	2.67021774721e-07	-3.31421013194e-06	-4.27999404782e-06	-1.46806886593e-05	8.72899822492e-06	3.7505239071e-06	-1.22735357751e-06	-2.13887731228e-06	8.21114295313e-08	1.01236463501e-11	4.58220962879e-10	-3.74982035349e-10	-8.00328769847e-10	4.4826863067e-10
HMPMockV1.2.Staggered2;k__Bacteria;p__Proteobacteria;c__Alphaproteobacteria;o__Rhodobacterales;f__Rhodobacteraceae;g__Paracoccus	-0.0440245871846	-0.0147221348484	0.0110879199659	0.00587902579928	0.00287885960277	0.00842574497135	-0.00416445278483	0.00385742082865	-0.00159408114834	9.74542633505e-05	1.16023888789e-05	-0.000170504323184	1.18430888535e-05	2.37416377527e-05	-6.44586973424e-06	4.86800353505e-06	-1.97807767036e-05	1.09972334002e-05	1.69085052103e-06	-8.77123727699e-07	-4.11521699423e-07	-6.96919686553e-07	1.12038385768e-06	-2.33472928803e-06	-1.804279705e-06	1.7533954182e-08	3.70191236973e-11	4.58221099363e-10	-3.74982027869e-10	-8.00328739003e-10	4.48268629156e-10
HMPMockV1.2.Staggered1;k__Bacteria;p__Firmicutes;c__Bacilli;o__Lactobacillales;f__Aerococcaceae;g__	-0.0984134905736	-0.0641392220922	0.0219727512392	0.0208864477662	-0.036311320445	-0.029317046351	-0.0231433917972	0.000961001043056	-0.00141651038307	-0.0013657844844	-8.42901459108e-05	-0.000137936240746	2.06599880987e-05	-2.65074654958e-05	4.9701779393e-07	-6.58141730139e-06	-3.47561514827e-06	-7.88368274973e-06	-2.20227706868e-07	-1.64645705598e-07	-2.83316518345e-07	6.26274081992e-07	-4.34525932865e-07	4.00196844802e-08	1.25086794035e-07	-4.67707499154e-10	6.36179772447e-13	4.58220914459e-10	-3.74982037949e-10	-8.00328780191e-10	4.48268630836e-10
HMPMockV1.2.Staggered2;k__Bacteria;p__Proteobacteria;c__Deltaproteobacteria;o__Desulfovibrionales;f__Desulfomicrobiaceae;g__Desulfomicrobium	-0.0521112224268	0.0032693983047	-0.00109863838482	-0.0193384414655	0.0161582503938	-0.00928262503388	-0.00285095713354	-0.000490990654531	0.00145868107912	-0.000617905165381	1.00609599419e-05	1.8317953976e-05	6.49403715142e-06	-3.69352227365e-06	-6.00861147887e-07	-1.07380716691e-06	5.04805636478e-07	-8.99880144237e-07	9.84637114985e-08	4.10096991672e-08	3.79788239481e-07	-1.12622353165e-07	-6.16401777768e-08	1.4893212765e-08	-2.36190306148e-08	-1.69453963968e-09	2.76582016044e-12	4.58220925271e-10	-3.74982037359e-10	-8.00328777772e-10	4.4826863073e-10
HMPMockV1.1.Even1;k__Bacteria;p__Actinobacteria;c__Actinobacteria;o__Actinomycetales;f__Nocardiaceae;g__Rhodococcus	-0.0140870016644	0.0176155083972	0.000678553849102	-5.22867982594e-05	-0.00010186771455	3.42497568518e-05	6.83666927459e-06	2.45475653627e-06	1.51155173318e-06	4.29082805198e-06	-1.1344108025e-06	-4.19147753179e-07	8.85955651601e-08	-2.51152135529e-09	2.99965103218e-09	-3.46718580181e-10	-3.59974352268e-09	-1.919080375e-11	3.69066340512e-09	-2.43346756739e-09	-1.32686980088e-10	-6.39994939479e-10	-6.37700393428e-10	-7.90306254849e-11	-2.45207677638e-10	1.07104156385e-12	2.57596091181e-12	4.58220924318e-10	-3.74982037412e-10	-8.00328777994e-10	4.48268630744e-10
HMPMockV1.1.Even1;k__Bacteria;p__Firmicutes;c__Bacilli;o__Lactobacillales;f__Streptococcaceae;Other	0.103142804221	0.105847236036	-0.0132863295153	0.00304451297917	-0.00648753253488	0.000677280038329	0.00147844380903	-5.31813223008e-05	0.00132350392099	5.48664039245e-05	-0.000422054182201	-0.000131164952165	3.24406238548e-05	1.75236974626e-05	-4.12681922115e-06	-1.09639966187e-06	-2.53450882685e-05	-6.98400726501e-06	7.75940762275e-06	6.677497238e-06	7.70268280749e-06	-1.76883584307e-06	1.6748183637e-06	2.21013272946e-07	-1.72859174237e-06	-2.14739192558e-08	-1.24084729673e-11	4.5822084802e-10	-3.74982041602e-10	-8.00328794939e-10	4.48268631401e-10
HMPMockV1.1.Even2;k__Bacteria;p__[Thermi];c__Deinococci;o__Deinococcales;Other;Other	0.0212538947981	0.0535604732634	-0.0178434929015	-0.0134027055111	-0.0176482358597	0.00349111518858	0.00351035675741	-1.51595086663e-05	-0.000985230177553	-0.000586340239627	0.000563807680449	0.000115955577135	-9.86106357475e-05	4.15407624647e-05	1.02649616722e-05	2.45848747301e-06	-2.19743009518e-05	-5.39417699364e-06	4.12935607223e-05	-1.09180337699e-05	-3.52710029147e-06	-2.42883842415e-06	1.85421048244e-07	6.59673972794e-07	-7.03864461675e-07	1.05749508122e-08	3.71936442769e-12	4.58220930174e-10	-3.74982037118e-10	-8.0032877679e-10	4.48268630751e-10
HMPMockV1.2.Staggered1;k__Bacteria;p__Firmicutes;c__Bacilli;o__Lactobacillales;f__;g__	-0.049107568505	-0.00546468468016	0.00446221954055	-0.00800060180833	0.00931234393714	-0.00432404125101	-0.00208388823938	0.00124837762856	-0.000143924490719	0.000681098126784	3.18948079754e-05	4.30994909644e-05	-2.18817972795e-05	5.68961753705e-06	6.74716204988e-06	6.52635082406e-07	-4.47118183663e-06	2.90368929734e-06	-4.55027730874e-07	-1.86886647032e-07	1.73683866045e-06	9.07594522921e-07	-2.19399244963e-07	6.6329752188e-08	3.14807783803e-07	-5.19392040078e-09	2.48763604809e-12	4.58220923847e-10	-3.74982037431e-10	-8.00328778064e-10	4.48268630727e-10
HMPMockV1.1.Even1;k__Bacteria;p__Firmicutes;c__Bacilli;o__Lactobacillales;f__Enterococcaceae;g__Vagococcus	-0.0524214125288	0.000466027116757	0.00027672818165	-0.0167054434803	0.0137417354582	-0.0102479813448	-0.00218401039908	-0.000409727313321	0.00097766531287	0.000170433715765	4.05907911268e-05	4.53558436363e-05	-7.79206925746e-06	7.07575481022e-06	2.84779533889e-06	-2.22512749429e-06	-4.81938191009e-07	2.15135611958e-06	-8.39164879594e-07	1.81615529187e-07	-2.84980672813e-09	-1.38854366138e-07	-1.27429216958e-08	-3.91157458894e-08	-2.59181364199e-08	4.01470885626e-10	4.38413632455e-12	4.58220933505e-10	-3.7498203691e-10	-8.00328775945e-10	4.48268630659e-10
HMPMockV1.2.Staggered2;k__Bacteria;p__Firmicutes;c__Bacilli;o__Bacillales;f__Staphylococcaceae;g__	-0.0441261049308	-0.0102715101923	0.00867642491303	0.000660851552669	0.00696352963296	0.00649456246361	-0.0035897342873	0.00535250833056	-0.00114042620261	-3.40750292475e-05	5.34632333849e-05	6.55446606325e-05	0.000154055909566	0.000169036038996	-0.00011654713343	4.46235022251e-05	6.35958985155e-06	1.61471327426e-05	9.65415994426e-06	4.00973248413e-07	-1.64138838513e-05	8.00508052563e-06	4.20690763135e-06	-1.08539991045e-05	5.30185537656e-06	6.37496630396e-08	2.5199593759e-10	4.58222192272e-10	-3.74981968045e-10	-8.00328495073e-10	4.48268618952e-10
HMPMockV1.1.Even1;k__Bacteria;p__Proteobacteria;c__Alphaproteobacteria;o__Rhizobiales;f__Hyphomicrobiaceae;g__Devosia	-0.0378820627586	4.6203480776e-05	0.00222782870221	-0.00168990215061	-0.00081456264275	0.000353901277589	0.000398045304124	8.95852699436e-07	-2.97657868645e-05	-1.43878580243e-05	-5.3743591017e-06	-6.44168204971e-07	5.91753188701e-07	-1.18324904559e-07	-8.4736638298e-08	-5.32207127905e-08	6.81100068907e-09	-1.39401306333e-08	8.92875849524e-09	1.17112733312e-09	1.33053443302e-08	-7.10548304666e-09	3.32144880596e-09	1.34175391944e-09	-2.60457303063e-09	-4.92183747142e-11	2.54706357392e-12	4.58220924171e-10	-3.7498203742e-10	-8.00328778027e-10	4.48268630746e-10
HMPMockV1.1.Even2;k__Bacteria;p__Proteobacteria;c__Gammaproteobacteria;o__Pseudomonadales;f__Pseudomonadaceae;g__Azorhizophilus	-0.0420250845017	-0.012858059965	0.0106656374283	0.00526648900702	0.00437686748808	0.00977749781441	-0.00346238211172	0.00422416801414	-0.00159629115078	0.000140625041717	1.47058255236e-05	-0.00010856172373	4.58280417709e-05	6.08032596094e-05	-3.71921467623e-05	1.83095376205e-05	-5.21947186136e-06	9.74918565281e-06	-2.0739569359e-06	-6.65720048096e-06	-6.73231452127e-06	1.23712323151e-06	1.68076779205e-06	-2.02751706697e-06	9.68906868825e-07	2.76470505789e-08	5.43486916761e-11	4.58221187571e-10	-3.74982023017e-10	-8.00328719342e-10	4.4826862835e-10
HMPMockV1.1.Even1;k__Bacteria;p__Firmicutes;c__Clostridia;o__Clostridiales;f__Clostridiaceae;g__Caloramator	-0.050084666996	-0.0109422913334	0.00717754809829	-0.00270942857206	0.0052124664132	-0.00227925265032	-0.00350403707111	0.00164279981012	-0.000672975484655	0.000557548004344	4.79384841152e-05	-9.88380226509e-05	-1.75043556383e-05	1.21518959661e-05	1.2446467954e-05	-1.22887263443e-05	-1.14336044765e-05	1.19587402433e-05	-2.09648492182e-06	-1.94525177698e-07	8.63537302811e-07	-3.49140868838e-06	-7.91208039263e-08	-8.44496183383e-08	-9.48746735839e-07	-1.16850500042e-09	3.54337066726e-12	4.58220929221e-10	-3.74982037159e-10	-8.0032877691e-10	4.48268630699e-10
HMPMockV1.2.Staggered2;k__Bacteria;p__Proteobacteria;c__Betaproteobacteria;o__Neisseriales;f__Neisseriaceae;Other	-0.00733866726513	0.020111994283	0.000463286928658	0.0049745463508	-0.00473748452457	0.00283900064346	0.00384909579423	-0.0026618104307	0.000716327301062	-0.000153227902931	-0.000102750590115	0.000192541462076	3.70389629059e-05	-1.06949007057e-05	-1.30269508531e-05	2.14020863091e-05	1.09596397643e-05	-2.31086833431e-05	1.05489410901e-05	-3.26057172721e-06	-3.34775659262e-06	2.84372501606e-06	-7.76586475255e-07	2.38294233011e-06	-7.65991849723e-07	1.13823749379e-08	-5.10724155073e-11	4.5822065168e-10	-3.74982052329e-10	-8.00328838964e-10	4.48268633372e-10
HMPMockV1.2.Staggered1;k__Bacteria;p__Firmicutes;c__Bacilli;o__Bacillales;f__Bacillaceae;g__Anaerobacillus	-0.0642725115175	-0.0192434352326	0.00750011866597	-0.003832566319	-0.00160271015225	-0.0148858760881	-0.00735829514763	0.000381214143289	-0.000117822239428	0.000293022955406	2.60409483336e-05	2.17292086016e-05	-4.14845788764e-06	1.0116700178e-05	1.05507842036e-06	-1.28958064861e-06	-7.15731403946e-07	2.4663379501e-06	-9.72049743006e-07	-3.47567396556e-07	-2.57314570335e-07	1.28644708839e-06	6.83789752494e-08	-2.061581127e-07	-7.33700175134e-07	8.40594667755e-09	2.30656902648e-13	4.58220912394e-10	-3.74982038074e-10	-8.00328780705e-10	4.48268630886e-10
HMPMockV1.1.Even1;k__Bacteria;p__Proteobacteria;c__Gammaproteobacteria;o__Enterobacteriales;f__Enterobacteriaceae;g__Serratia	-0.0360216104121	-0.0034449464114	0.00447445576212	0.00362732089604	-0.00445503143391	0.003204098181	0.000463494350664	0.00102990912045	-0.000672097816712	0.000257731206167	9.46116174818e-06	4.35838492933e-06	2.80577848896e-05	4.11461126934e-05	-2.76781271649e-05	1.0930858998e-05	3.36110180889e-06	7.16501343098e-06	6.78738453389e-06	9.12255320225e-06	-5.29017978038e-06	1.79582183543e-06	-4.50791399632e-06	-2.08251717013e-06	1.11980277591e-06	1.40872546698e-08	4.94494510013e-11	4.58221162621e-10	-3.74982024375e-10	-8.00328724826e-10	4.4826862853e-10
HMPMockV1.2.Staggered1;k__Archaea;p__Euryarchaeota;c__Methanobacteria;o__Methanobacteriales;f__Methanobacteriaceae;g__	-0.0421820249511	-0.013020704356	0.0107101549818	0.00517303718696	0.00464206010491	0.00986047293921	-0.00353343041506	0.00551428666589	-0.00157683930042	0.000139145074777	-4.65861483239e-05	6.48942958006e-05	1.96740302628e-06	1.86356250028e-07	-2.71196012085e-06	2.33892254099e-06	-4.59961499538e-06	2.37613871117e-06	3.99331704363e-07	-2.34597233685e-06	4.51234035083e-06	-2.82842248471e-08	-1.11818802896e-07	1.17317862869e-06	3.52329395131e-06	-3.54558974478e-08	7.32843720484e-12	4.58220948453e-10	-3.74982036042e-10	-8.00328772386e-10	4.48268630383e-10
HMPMockV1.1.Even1;k__Bacteria;p__Firmicutes;c__Bacilli;o__Bacillales;f__Planococcaceae;g__Kurthia	-0.0422516653928	-0.0130910431911	0.0107455981169	0.00511992335401	0.0047481558853	0.00988931933606	-0.0036136337077	0.00577328534155	-0.00163668966249	0.000129332114639	2.45414470957e-06	2.92666192546e-05	6.38309361278e-05	7.25015684667e-05	-4.91609529357e-05	1.92808135451e-05	8.3782700213e-06	7.15888769335e-06	2.70672139732e-06	2.38098327267e-06	-9.29447146367e-06	2.98673978807e-06	-7.64340317099e-07	-9.10178161328e-07	1.15534505665e-06	3.12394343445e-08	3.20642175648e-11	4.58221074339e-10	-3.74982029207e-10	-8.00328744653e-10	4.48268629431e-10
HMPMockV1.2.Staggered2;k__Bacteria;p__Proteobacteria;c__Deltaproteobacteria;o__Desulfuromonadales;f__Geobacteraceae;g__	-0.0525121082612	0.00268577439101	-0.000898887096777	-0.0189901729905	0.0157039625934	-0.00945609513454	-0.00302664405437	-0.000478422163066	0.00143378731611	-0.000624382329039	9.24365924285e-06	1.69520429624e-05	6.61172787148e-06	-3.88051920188e-06	-5.90979587352e-07	-1.08674126929e-06	5.02751291239e-07	-9.41002305104e-07	1.04854943532e-07	3.61500003711e-08	3.87881950646e-07	-1.13229433655e-07	-6.40308353777e-08	1.50107767408e-08	-2.37560280393e-08	-1.73066672078e-09	2.74872411323e-12	4.58220925184e-10	-3.74982037364e-10	-8.00328777791e-10	4.48268630731e-10
HMPMockV1.2.Staggered2;k__Bacteria;p__Proteobacteria;c__Alphaproteobacteria;o__Rhizobiales;f__Methylobacteriaceae;g__Methylobacterium	-0.0140870016644	0.0176155083972	0.000678553849102	-5.22867982594e-05	-0.00010186771455	3.42497568518e-05	6.83666927459e-06	2.45475653627e-06	1.51155173318e-06	4.29082805198e-06	-1.1344108025e-06	-4.19147753179e-07	8.85955651601e-08	-2.51152135529e-09	2.99965103218e-09	-3.46718580174e-10	-3.59974352269e-09	-1.91908037485e-11	3.69066340511e-09	-2.43346756739e-09	-1.3268698009e-10	-6.39994939479e-10	-6.37700393427e-10	-7.90306254861e-11	-2.45207677637e-10	1.07104156376e-12	2.57596091181e-12	4.58220924318e-10	-3.74982037412e-10	-8.00328777994e-10	4.48268630744e-10
HMPMockV1.2.Staggered2;k__Bacteria;p__Proteobacteria;c__Deltaproteobacteria;o__Desulfuromonadales;f__Desulfuromonadaceae;g__Desulfuromonas	-0.0521112224268	0.0032693983047	-0.00109863838482	-0.0193384414655	0.0161582503938	-0.00928262503388	-0.00285095713354	-0.000490990654531	0.00145868107912	-0.000617905165381	1.00609599419e-05	1.8317953976e-05	6.49403715142e-06	-3.69352227365e-06	-6.00861147887e-07	-1.07380716691e-06	5.04805636478e-07	-8.99880144237e-07	9.84637114985e-08	4.10096991672e-08	3.79788239481e-07	-1.12622353165e-07	-6.16401777768e-08	1.4893212765e-08	-2.36190306148e-08	-1.69453963968e-09	2.76582016045e-12	4.58220925271e-10	-3.74982037359e-10	-8.00328777772e-10	4.4826863073e-10
HMPMockV1.1.Even1;k__Bacteria;p__[Thermi];c__Deinococci;Other;Other;Other	-0.00852033005535	0.0319003498221	-0.0117971880838	-0.00421653790398	-0.011482916584	-0.000275788698303	0.0087669454401	-0.000373773449872	-0.00247568362353	-0.0015742567369	-0.000472095749716	3.22702367313e-05	1.84149700205e-05	3.42002960335e-05	1.41433271636e-05	-2.87846240192e-05	1.13038232854e-05	2.44687934936e-05	-7.63857989422e-06	7.27789824046e-06	-1.99481238595e-06	8.21000381478e-07	4.34818484784e-06	3.64664291853e-07	-3.76524469401e-08	1.22124187841e-08	7.48855947738e-12	4.58220949352e-10	-3.74982036057e-10	-8.003287725e-10	4.48268630554e-10
HMPMockV1.2.Staggered2;k__Bacteria;p__Firmicutes;c__Bacilli;o__Bacillales;f__Staphylococcaceae;g__Macrococcus	-0.0442663978448	-0.0136999021937	0.0104906223777	0.00427810720906	0.00428107871182	0.00770274677775	-0.00401372112874	0.00567384765414	-0.00154552846244	0.000129379040424	4.66905898241e-05	4.15486558414e-05	0.000134911683739	0.000152006104874	-9.95169338084e-05	4.49861034136e-05	9.4938294191e-06	9.50204513272e-06	-2.75067390363e-06	-8.09603366332e-06	-1.64825721304e-05	7.02268143818e-06	5.01207951051e-06	2.10871629635e-07	3.05465604391e-06	5.66064696013e-08	3.61907661915e-11	4.58221095465e-10	-3.74982028042e-10	-8.00328740085e-10	4.48268629326e-10
HMPMockV1.2.Staggered2;k__Bacteria;p__Firmicutes;c__Bacilli;o__Bacillales;f__Bacillaceae;g__Anaerobacillus	-0.0614083815875	-0.0142651018161	0.00560996231475	-0.00724223847738	0.0021109432827	-0.0147190571205	-0.00556004634466	-7.78524361478e-05	9.61138698888e-05	0.000581023792475	4.40998914674e-05	3.44173739952e-05	-1.52258473739e-05	1.05296432414e-05	5.47996938832e-06	-3.31464481081e-06	-1.21815660554e-06	3.38936905648e-06	-1.35622191271e-06	1.73809705368e-07	-9.38569711196e-08	-1.70511910004e-07	-3.07845402073e-08	-7.43807354881e-08	-3.05257248242e-08	1.07955702754e-09	5.14388383597e-12	4.58220937371e-10	-3.749820367e-10	-8.00328775086e-10	4.48268630624e-10
HMPMockV1.2.Staggered2;k__Bacteria;p__Firmicutes;c__Bacilli;o__Bacillales;f__Paenibacillaceae;g__Paenibacillus	-0.0428131310927	-0.0136184305582	0.0108787451322	0.00522664228317	0.00448474937022	0.00957825248416	-0.00384552246181	0.00620811245531	-0.00165619287462	0.000103410682847	2.17874961835e-05	7.18853451342e-05	0.000106634722765	0.000110660023526	-7.20942879159e-05	3.00497828627e-05	6.09538889778e-06	1.18237342166e-05	-4.08312702582e-07	-1.68750081454e-06	-1.24627879457e-05	7.84162582533e-06	1.42193185193e-07	1.49368525419e-06	-1.73299460304e-06	6.49385495817e-08	-3.31574302654e-11	4.58220742884e-10	-3.74982047372e-10	-8.00328818899e-10	4.48268632692e-10
HMPMockV1.1.Even2;k__Bacteria;p__Proteobacteria;c__Deltaproteobacteria;o__Desulfuromonadales;f__Pelobacteraceae;g__Pelobacter	-0.0423791021301	-0.0132198021269	0.0108068118991	0.00502738256582	0.00494548523478	0.00993314425189	-0.00374725879951	0.00651131715884	-0.00171462773217	9.19506063291e-05	6.26103633048e-05	3.77171485548e-05	0.000174470755004	0.000209700544339	-0.000145969908178	5.63070804479e-05	1.41802198493e-05	3.12421195452e-05	2.27885334127e-05	2.50394052893e-05	-2.1750585787e-05	1.53858155169e-05	-1.33402888642e-05	-8.1264864788e-06	4.06275554542e-06	8.18878713942e-08	1.80146364923e-10	4.5822182712e-10	-3.74981988025e-10	-8.00328576713e-10	4.4826862245e-10
HMPMockV1.2.Staggered2;k__Bacteria;p__Proteobacteria;c__Alphaproteobacteria;o__Rhizobiales;Other;Other	0.189035713733	0.1657436916	-0.0119360241407	0.0144011047214	0.00579667873527	0.000598125766885	-0.00461277697927	0.000631737143845	-0.000177589230859	0.000430927786026	2.13096449362e-05	-0.00010375839901	-5.4689270673e-05	-3.57150983976e-05	3.39367001606e-05	-1.12177894385e-05	-7.05685738614e-06	-4.7229291571e-06	-1.05448536414e-05	-1.6508320215e-05	1.03138184665e-05	3.07840603178e-06	6.35669000338e-06	2.5178898422e-06	3.64621907053e-07	-2.64815830546e-08	-4.8776272986e-11	4.58220663214e-10	-3.74982051669e-10	-8.0032883616e-10	4.48268633117e-10
HMPMockV1.2.Staggered1;k__Bacteria;p__Proteobacteria;c__Gammaproteobacteria;o__Xanthomonadales;f__Xanthomonadaceae;Other	0.270983991688	0.165185772499	0.0239145153252	0.000552373905193	-0.000205516831655	-0.00994830750887	0.00580031443517	0.000118267226646	-0.00234754375801	0.00535033247932	0.000207015019769	0.000219140057179	-9.68804457922e-05	7.6980716887e-05	2.43769594745e-05	-8.95074330323e-06	-6.73941079326e-06	2.17316075315e-05	-6.72708051357e-06	1.0255118511e-06	-2.50932913398e-06	-2.9540507108e-07	2.9086390577e-07	-3.81156453443e-07	-4.09922058262e-08	1.4052463106e-08	1.42598115921e-11	4.58220983759e-10	-3.7498203417e-10	-8.00328764801e-10	4.48268630224e-10
HMPMockV1.2.Staggered2;k__Bacteria;p__Proteobacteria;c__Alphaproteobacteria;o__Sphingomonadales;f__Erythrobacteraceae;g__Erythromicrobium	-0.0424250904322	-0.0132691841727	0.0108322484143	0.00498993740873	0.00502602029899	0.0099266554351	-0.00378442018325	0.00697721900484	-0.00173218460865	9.03526993824e-05	9.32586978199e-05	0.000106786428459	0.000242535325795	0.000261833023066	-0.000175537803303	8.42404095437e-05	1.67489130094e-05	1.7183293303e-05	-6.00124265161e-07	-2.40355969757e-06	-3.36281193469e-05	1.02972904617e-05	2.0009098396e-06	3.58216640237e-06	2.20342272703e-06	1.15162391632e-07	-1.81260274744e-11	4.58220819643e-10	-3.74982043158e-10	-8.00328802058e-10	4.48268632156e-10
HMPMockV1.2.Staggered1;k__Bacteria;p__Proteobacteria;c__Deltaproteobacteria;o__Desulfuromonadales;f__Pelobacteraceae;g__Pelobacter	-0.0423823501376	-0.0132240011433	0.0108015838761	0.00502771003355	0.00496233405074	0.0099281025413	-0.00372106507993	0.00679788817997	-0.00167863592694	9.59301957884e-05	2.81353339492e-05	0.000122198787331	0.000145307416671	0.00016308577308	-0.000120331555897	5.03176737714e-05	1.57851479607e-05	2.432017124e-05	2.32680208708e-05	3.1491231183e-05	-2.18870574095e-05	8.81214450766e-06	-1.67486484252e-05	-4.00197402757e-06	2.54000779662e-06	6.58369979256e-08	9.69945139207e-11	4.58221404479e-10	-3.74982011152e-10	-8.00328671065e-10	4.48268626409e-10
HMPMockV1.2.Staggered2;k__Bacteria;p__Firmicutes;c__Bacilli;o__Lactobacillales;f__Streptococcaceae;g__	-0.0463844427101	-0.00561768876738	0.00536676910507	-0.00581957625768	0.00925889758007	-0.000754594331051	-0.00186345531012	0.00159247301458	-0.000437108450986	0.00061178271416	5.16576950742e-05	-2.29859188177e-05	2.06331602863e-05	5.72501725328e-05	-3.13439855788e-05	2.09615267456e-05	7.60406278016e-06	3.83861636521e-06	-2.35319247245e-06	-1.11005894948e-06	-9.27474531643e-06	2.79892379193e-06	-1.58136919507e-06	1.03673572263e-06	4.96700658118e-07	3.1239459254e-08	-9.41184332235e-12	4.58220863532e-10	-3.74982040739e-10	-8.00328791747e-10	4.48268631428e-10
HMPMockV1.2.Staggered2;k__Bacteria;p__Proteobacteria;c__Gammaproteobacteria;o__Acidithiobacillales;f__;g__	-0.0433947483886	-0.0141582010647	0.0109847452215	0.00542439135961	0.00403260536992	0.0091620861985	-0.00399686337866	0.00645118953354	-0.00158583375181	9.5372806595e-05	-5.09185590138e-05	0.000192785334389	3.49290244608e-05	1.48837177175e-05	-1.75090512826e-05	7.8865098545e-06	2.19128375465e-06	1.20197367092e-06	2.08642981908e-06	1.16894442868e-06	-1.84673519526e-06	3.97480204857e-07	-4.34277311275e-07	7.54348372612e-07	3.09487213015e-08	4.64724259973e-09	-1.01478138005e-11	4.58220859679e-10	-3.74982040948e-10	-8.00328792463e-10	4.48268631374e-10
HMPMockV1.1.Even1;k__Bacteria;p__Proteobacteria;c__Gammaproteobacteria;o__Acidithiobacillales;f__;g__	-0.0423104338383	-0.0131503273299	0.0107620608911	0.00508639522971	0.00485012171289	0.00991456759636	-0.00363732108066	0.00641957473577	-0.00161603296849	0.000120223681874	-2.30822353468e-05	0.00014344740216	6.19255779917e-05	5.68688862943e-05	-4.20565352606e-05	1.77118611324e-05	4.38671870654e-06	7.54462944913e-06	2.33179741394e-06	2.45542877941e-06	-5.09684634399e-06	4.03382307491e-06	-2.71619847802e-06	2.11827808299e-06	8.70042069118e-07	1.43988563126e-08	-2.84494341028e-11	4.58220766721e-10	-3.74982046024e-10	-8.00328813275e-10	4.48268632282e-10
HMPMockV1.1.Even1;k__Bacteria;p__Firmicutes;c__Bacilli;o__Lactobacillales;f__Enterococcaceae;g__Tetragenococcus	-0.0423370889892	-0.0131787334092	0.0107862956062	0.00506103176225	0.00488441529367	0.00992333954005	-0.00369642699039	0.00636111060872	-0.00167341555742	0.000113393311936	4.35940616866e-05	7.74336225465e-05	0.000138895084256	0.000138818977702	-8.92123374405e-05	3.89904588269e-05	6.99430967649e-06	8.55497615627e-06	-4.16531477859e-06	-7.43587862844e-06	-1.98717366779e-05	2.26984367935e-06	6.55000404287e-06	5.99689283038e-07	-1.26701396564e-06	8.27451520034e-08	3.02625776395e-12	4.58220926913e-10	-3.74982037319e-10	-8.00328777927e-10	4.48268631033e-10
HMPMockV1.2.Staggered1;k__Bacteria;p__Proteobacteria;c__Gammaproteobacteria;o__Enterobacteriales;f__Enterobacteriaceae;g__Brenneria	-0.0424794480966	-0.0133214010352	0.0108551623372	0.00494692729677	0.00510415826588	0.00996195580716	-0.00385414998067	0.00705050371944	-0.00179062813078	4.97921869979e-05	0.000100482701854	-1.2783520056e-06	0.000243361724475	0.00032711865491	-0.000249273967052	8.83240837464e-05	3.72935558428e-05	7.19785046078e-05	8.8011767076e-05	0.000119590050934	-4.53858244202e-05	1.64302991698e-05	-6.16310992219e-05	-2.51446225035e-05	1.20323141235e-05	9.77540384574e-08	5.39824731611e-10	4.58223655375e-10	-3.74981887982e-10	-8.00328168272e-10	4.48268605133e-10
HMPMockV1.2.Staggered1;k__Bacteria;p__Firmicutes;c__Bacilli;o__Bacillales;f__Staphylococcaceae;g__Macrococcus	-0.0436655938714	-0.0125381422169	0.0100182917342	0.00352408287514	0.0049631958441	0.00765451157146	-0.00360917182508	0.00484998563978	-0.00146826509978	0.000190355408882	3.711415658e-05	-4.76748776417e-05	7.4030512913e-05	9.49527625593e-05	-5.57969901454e-05	1.90522251964e-05	6.36855654203e-06	8.50313621977e-06	-2.46178524996e-06	-5.37975180652e-06	-1.09904098321e-05	1.1836319192e-07	4.41590528048e-06	-1.34579785738e-06	3.12956168012e-06	2.70851699558e-08	6.51554041908e-11	4.5822124259e-10	-3.7498201999e-10	-8.00328707058e-10	4.4826862783e-10
HMPMockV1.2.Staggered1;k__Bacteria;p__Proteobacteria;c__Gammaproteobacteria;o__Pseudomonadales;f__Pseudomonadaceae;g__Azorhizophilus	-0.0421023134598	-0.0129355353301	0.010690820814	0.00521403741923	0.00451083873496	0.00979624628003	-0.00350102913609	0.0049682538303	-0.0015951424174	0.000133408708413	-2.62728716363e-06	1.09314863785e-06	6.07846105345e-05	7.03033022577e-05	-4.96913593137e-05	2.67451975688e-05	4.28154991064e-06	5.68640806498e-06	-4.42404791387e-06	-1.01540062494e-05	-6.58987874324e-06	7.61276856803e-06	1.49413418549e-06	5.73204897888e-07	8.82474860585e-07	3.47969628141e-08	-2.27476637044e-12	4.5822089979e-10	-3.74982038749e-10	-8.00328783652e-10	4.48268631091e-10
HMPMockV1.2.Staggered2;k__Bacteria;p__Proteobacteria;c__Deltaproteobacteria;o__Desulfuromonadales;f__Pelobacteraceae;g__Pelobacter	-0.0423983964334	-0.0132402872859	0.0108111615711	0.0050139213435	0.00498577851188	0.00993007978887	-0.00374236027437	0.00684746506434	-0.00169788553161	9.04264511432e-05	4.35549463941e-05	0.00010461098622	0.000166482873257	0.000193328988983	-0.000141551587466	5.97560815278e-05	1.97576650079e-05	2.98887532952e-05	2.82335720374e-05	4.07747183535e-05	-2.67071289382e-05	1.00764556813e-05	-2.25614522236e-05	-3.2368745401e-06	3.08045179913e-06	7.43494183729e-08	8.77520860705e-11	4.58221357564e-10	-3.74982013716e-10	-8.00328681588e-10	4.48268626879e-10
HMPMockV1.2.Staggered1;k__Bacteria;p__Firmicutes;c__Bacilli;o__Bacillales;f__Staphylococcaceae;g__	-0.0423858982322	-0.0132282988172	0.0108094916263	0.00502313805386	0.00496298834149	0.00993439983147	-0.00374743515608	0.00669884948837	-0.00170177231375	9.49794602666e-05	6.00112752012e-05	9.59619904216e-05	0.000186780274754	0.000201717590906	-0.000138015472126	5.56816680927e-05	7.5175778753e-06	1.64060442395e-05	7.57421927735e-06	-3.9755483089e-06	-2.05507844833e-05	8.79143800698e-06	7.3730597289e-06	-1.08439392201e-05	5.50225103502e-06	8.08068208378e-08	2.58566247964e-10	4.5822222574e-10	-3.74981966219e-10	-8.00328487702e-10	4.482686187e-10
HMPMockV1.1.Even1;k__Bacteria;p__[Thermi];c__Deinococci;o__Deinococcales;Other;Other	0.0117907617893	0.0470804182962	-0.0171159268789	-0.0129220449665	-0.0166083946365	0.00436534357823	0.00251401812847	-0.000923972509637	-0.00142924538235	-0.00043143342336	0.000552141652255	0.000166872808415	-1.98257757641e-05	2.96007466817e-05	-1.75739054291e-05	-1.34132730439e-05	-2.91875508416e-05	-2.09733808146e-05	4.34087640385e-05	5.12558594416e-06	6.00784930536e-06	-7.42215975036e-06	4.25125053281e-06	1.14135175687e-06	-2.28086738235e-06	-2.70545728561e-08	-2.29651123672e-11	4.58220794379e-10	-3.74982044552e-10	-8.00328806933e-10	4.48268631911e-10
HMPMockV1.2.Staggered1;k__Bacteria;p__Proteobacteria;c__Deltaproteobacteria;o__Desulfovibrionales;f__Desulfomicrobiaceae;g__Desulfomicrobium	-0.0521112224268	0.0032693983047	-0.00109863838482	-0.0193384414655	0.0161582503938	-0.00928262503388	-0.00285095713354	-0.000490990654531	0.00145868107912	-0.000617905165381	1.00609599419e-05	1.8317953976e-05	6.49403715142e-06	-3.69352227365e-06	-6.00861147887e-07	-1.07380716691e-06	5.04805636478e-07	-8.99880144237e-07	9.84637114985e-08	4.10096991672e-08	3.79788239481e-07	-1.12622353165e-07	-6.16401777768e-08	1.4893212765e-08	-2.36190306148e-08	-1.69453963968e-09	2.76582016044e-12	4.58220925271e-10	-3.74982037359e-10	-8.00328777772e-10	4.4826863073e-10
HMPMockV1.1.Even1;k__Bacteria;p__Proteobacteria;c__Gammaproteobacteria;o__Pseudomonadales;f__Pseudomonadaceae;g__Azorhizophilus	-0.0421419121431	-0.0129805297782	0.0107117318476	0.00519080737716	0.00455817308978	0.00984379184998	-0.00355771994491	0.00476430917923	-0.00164342524898	0.000139319554661	3.27095629598e-05	-0.000115640549708	6.40796183364e-05	8.74641660526e-05	-4.91117376459e-05	2.18216307828e-05	-3.57847242826e-06	1.04502869313e-05	-3.96396726906e-06	-7.53704889789e-06	-7.1158327699e-06	2.46923551331e-06	3.36240118396e-06	1.27742146941e-06	2.29400996596e-06	1.91596660527e-08	7.87682077284e-12	4.58220951415e-10	-3.74982035915e-10	-8.00328772056e-10	4.48268630558e-10
HMPMockV1.2.Staggered2;k__Bacteria;p__Proteobacteria;c__Gammaproteobacteria;o__Pseudomonadales;f__Pseudomonadaceae;g__Azorhizophilus	-0.0422179226282	-0.0130554634987	0.010729722985	0.00514728490729	0.00468648462037	0.00989345045657	-0.0035927659137	0.00539184409684	-0.00163002357259	0.000137771953166	-4.04753809506e-06	-2.46343460573e-05	3.20167893725e-05	4.40872670104e-05	-2.35115084154e-05	3.34640271257e-06	2.89098214081e-06	7.60460881648e-06	-3.07066655366e-06	-5.09704125312e-06	-1.8937111272e-06	1.30781043961e-06	1.55915744474e-06	1.07430858717e-06	2.48509787675e-06	-3.1572519215e-09	5.34528561805e-12	4.58220938469e-10	-3.74982036611e-10	-8.0032877481e-10	4.48268630593e-10
HMPMockV1.1.Even2;k__Bacteria;p__Proteobacteria;c__Deltaproteobacteria;Other;Other;Other	-0.0414881446773	-0.0123498364925	0.010468760579	0.00558960615784	0.00348209681	0.00913064403805	-0.00279179236652	0.000599439291546	-0.0015100923204	0.000386765071552	-2.66702577507e-05	-0.00041516933639	-0.000134550876076	-0.000104180688313	9.45782466451e-05	-1.5982143241e-05	-2.31683404357e-05	-2.42224531738e-05	-2.46263183351e-05	-2.51462174683e-05	1.02997217252e-05	-1.6045691526e-05	1.5437612691e-05	1.39126549102e-05	-1.40255436118e-07	-7.50912600518e-08	-2.30887755159e-10	4.58219737674e-10	-3.7498210229e-10	-8.0032904275e-10	4.48268641765e-10
HMPMockV1.2.Staggered1;k__Bacteria;p__Proteobacteria;c__Gammaproteobacteria;o__Acidithiobacillales;f__;g__	-0.0422763590878	-0.0131149583747	0.0107435113337	0.00511415843756	0.00479485847637	0.00991232551657	-0.00360249301618	0.00618558557802	-0.0015920582136	0.000128473567811	-4.58719603207e-05	0.00013441572566	2.06093900712e-05	1.11648450645e-05	-1.00257390002e-05	4.06288769258e-07	-6.4227698346e-07	4.61880717657e-06	1.04571534693e-07	-2.97642997366e-06	3.3898376783e-06	3.34584880084e-06	8.7379716679e-08	5.98357216155e-07	1.10254968922e-06	-1.03629140117e-08	-5.01534552863e-12	4.58220885709e-10	-3.74982039504e-10	-8.00328786543e-10	4.48268631063e-10
HMPMockV1.1.Even2;k__Bacteria;p__Proteobacteria;c__Epsilonproteobacteria;o__Campylobacterales;f__Helicobacteraceae;g__Flexispira	-0.0465635914108	-0.0170658178592	0.0116119295092	0.00666945790661	0.000953583023368	0.00662935547332	-0.00502938396964	0.00418512908401	-0.00153464158103	7.44285978463e-06	-2.95061861378e-05	1.94418054339e-05	3.42312350376e-05	2.08929134214e-05	-1.11627034018e-05	-3.10516560953e-07	9.20377576482e-07	4.01169879445e-06	-5.75538896958e-07	4.18761316813e-07	-7.11167429284e-06	-2.65465833595e-06	1.76518075946e-06	-8.06243273893e-07	-4.2596779707e-06	4.51419877446e-08	-8.18456052722e-12	4.58220869691e-10	-3.74982040464e-10	-8.00328790489e-10	4.48268631437e-10
HMPMockV1.2.Staggered1;k__Bacteria;p__Proteobacteria;c__Alphaproteobacteria;o__Rhizobiales;Other;Other	0.124026337321	0.119350083774	-0.0108418636581	0.00688016466113	0.000914651134131	0.00337636185924	-0.0043378016896	0.000928626406313	-0.000313856298903	0.000643234849053	6.03114791733e-06	-0.000109586775023	-5.49737625369e-05	-3.59066103061e-05	3.49941566593e-05	-4.67219448611e-06	-6.45651881319e-06	-1.00679564093e-05	-1.52862809975e-05	-2.08547015291e-05	7.75868316452e-06	5.19734707416e-07	8.90614514534e-06	5.88578705565e-06	1.25354759157e-07	-2.57853407366e-08	-1.05350234235e-10	4.58220375728e-10	-3.74982067395e-10	-8.00328900409e-10	4.48268635854e-10
HMPMockV1.2.Staggered1;k__Bacteria;p__Firmicutes;c__Bacilli;o__Bacillales;f__Paenibacillaceae;g__Paenibacillus	-0.0439184615464	-0.0146483449927	0.0111163060539	0.00553886304461	0.00371797276999	0.0088343188442	-0.00423571262831	0.00639441143655	-0.00165210469137	6.90583374731e-05	1.83551027697e-05	0.000113555926386	0.000118401619112	0.000115966786708	-8.07966729272e-05	3.56264212078e-05	7.83582653725e-06	1.22101735764e-05	4.9820548365e-06	3.72864180365e-06	-1.45845376724e-05	1.23779925441e-05	-1.82078660936e-06	-1.68739704471e-06	-4.90800305967e-06	1.00824114411e-07	-7.3514861204e-12	4.58220874019e-10	-3.74982040242e-10	-8.00328789796e-10	4.48268631573e-10
HMPMockV1.2.Staggered2;k__Bacteria;p__Proteobacteria;c__Gammaproteobacteria;o__;f__;g__	-0.0483776973163	-0.00773719888113	0.0060192000021	-0.00495863853713	0.00842445661738	0.000364408836972	-0.00395900812322	0.00329214960181	-0.000309985858548	-0.000255753565228	8.77964600485e-06	4.64402638028e-05	6.0845306107e-05	6.8049488972e-05	-5.24903859818e-05	1.9531738714e-05	8.18006956353e-06	1.45088315827e-05	1.36677452382e-05	2.02141424278e-05	-8.1631394054e-06	5.91880683706e-06	-1.25990054853e-05	-8.21604584612e-07	1.05804439926e-06	2.22570465626e-08	2.08681866741e-11	4.58221017376e-10	-3.74982032317e-10	-8.003287573e-10	4.48268629923e-10
HMPMockV1.2.Staggered1;k__Bacteria;p__Proteobacteria;c__Deltaproteobacteria;Other;Other;Other	-0.0414617519962	-0.0122727688472	0.0104407910435	0.0056496703826	0.00346089437663	0.00954773760665	-0.00303835992435	0.000297105663098	-0.00144381257079	0.000207167319213	-5.10288991347e-05	-0.000433222359221	-0.000158784198067	-0.000133715412866	0.000120012445426	-5.76074649319e-05	-1.56425837562e-05	-1.45314678551e-05	-2.14633959772e-05	-2.5720939696e-05	1.87455387213e-05	-1.02288317385e-05	1.59976628197e-05	4.0080094336e-06	-2.89461991152e-06	-5.63055655623e-08	-9.29349200941e-11	4.58220438652e-10	-3.74982063982e-10	-8.00328886216e-10	4.48268635164e-10
HMPMockV1.2.Staggered1;k__Bacteria;p__Proteobacteria;c__Alphaproteobacteria;o__Rhodobacterales;f__Rhodobacteraceae;g__Paracoccus	-0.0421440814099	-0.0129829261198	0.0107059322952	0.00519364389304	0.00456856787386	0.00985396984887	-0.00354133381057	0.00491507186244	-0.00161565790192	0.000142878475732	2.75301623745e-06	-6.55440347529e-05	2.86759670058e-05	3.77238784726e-05	-1.95184810477e-05	6.59180448743e-06	-4.15321047947e-06	5.83808568354e-06	-6.64670709373e-07	-1.32985874929e-06	-5.50503761831e-06	-6.49321342193e-06	2.44885126583e-06	-3.84090848335e-07	2.75808640775e-06	-5.60825541517e-09	4.69001158754e-11	4.58221149714e-10	-3.74982025066e-10	-8.00328727636e-10	4.48268628602e-10
HMPMockV1.1.Even2;k__Bacteria;p__Firmicutes;c__Bacilli;o__Lactobacillales;f__Aerococcaceae;g__	-0.100618408387	-0.0673490952521	0.0230712674689	0.022802044014	-0.0388105734516	-0.0302725072135	-0.0241090745537	0.00102979681265	-0.00155346424567	-0.00140164196802	-8.88324246413e-05	-0.00014695727866	2.07346142791e-05	-2.63201505889e-05	5.94807676824e-07	-2.6388335553e-06	2.56229862593e-07	-5.87566160924e-06	8.71802787525e-07	-5.47013855161e-07	1.3591272905e-06	-1.86079092402e-07	-3.50909747483e-07	2.9118453832e-08	-4.0195718981e-08	-6.06591645275e-09	6.97198447324e-13	4.58220914746e-10	-3.74982037934e-10	-8.00328780098e-10	4.48268630815e-10
HMPMockV1.1.Even1;k__Bacteria;p__Proteobacteria;c__Gammaproteobacteria;o__;f__;g__	-0.0473035563445	-0.0048111505311	0.00474047124726	-0.00734264582521	0.0106100468	0.000155523601545	-0.00326270595982	0.00284425447873	-7.89808638999e-05	-0.000258654629208	2.08492697374e-05	4.32942686995e-05	6.5920958504e-05	6.65014207721e-05	-4.42829431739e-05	1.80715490495e-05	2.62344247165e-06	5.40407703342e-06	-2.30609744197e-06	-5.67936853133e-06	-5.26482665657e-06	4.4790501084e-06	2.44965053242e-06	8.01280165068e-07	1.25649755005e-06	2.11474937528e-08	2.32604660722e-12	4.58220923154e-10	-3.74982037468e-10	-8.00328778371e-10	4.48268630829e-10
HMPMockV1.2.Staggered1;k__Bacteria;p__Proteobacteria;c__Betaproteobacteria;o__Burkholderiales;f__;g__	-0.0545365450558	-0.00311011441126	0.00158856221064	-0.0143685924068	0.0109085777741	-0.0113388262913	-0.00294133647293	-0.000328300376424	0.000748768517545	0.000303868544065	4.28621617469e-05	4.40846133123e-05	-1.02085462258e-05	8.3948994766e-06	3.62690595545e-06	-2.53449205874e-06	-7.00908398529e-07	2.585739212e-06	-1.00457912802e-06	1.86474920558e-07	-4.23083072926e-08	-1.47500146593e-07	-1.46351733564e-08	-4.99250227431e-08	-2.71042864506e-08	6.59583948165e-10	4.63862755443e-12	4.582209348e-10	-3.7498203684e-10	-8.00328775657e-10	4.48268630647e-10
HMPMockV1.1.Even2;k__Bacteria;p__Bacteroidetes;c__Bacteroidia;o__Bacteroidales;f__Bacteroidaceae;Other	0.224714900418	0.221868721717	-0.0341983060467	0.0259025619394	0.00969787161588	-0.00415442006546	-0.00483307359159	0.00013385729901	0.000532959305168	0.00028463522735	-8.03891823039e-05	-2.81882478483e-05	-3.71469681987e-05	-1.16111154878e-05	-3.05464442852e-05	-2.93198042077e-06	-2.23446651895e-06	9.93886799992e-06	-4.74852433149e-06	2.98796456881e-06	-4.94786136824e-07	-2.88898706818e-07	2.17072677484e-06	1.59077115035e-07	-2.38478785695e-07	4.99300549679e-09	-4.17649067568e-12	4.58220890016e-10	-3.74982039289e-10	-8.00328785685e-10	4.48268631086e-10
HMPMockV1.2.Staggered2;k__Bacteria;p__Proteobacteria;c__Alphaproteobacteria;o__Sphingomonadales;f__Erythrobacteraceae;g__	-0.0521110037454	0.0032691191658	-0.00109808429768	-0.0193390136336	0.0161614552416	-0.00927604746949	-0.00285380425921	-0.00048940792929	0.00145886361224	-0.0006167904182	1.02863398308e-05	2.55326499489e-05	9.2329069684e-06	-9.50820841881e-06	-8.08623886792e-07	-2.02698656022e-05	-1.73971869751e-05	-1.15851511347e-05	-4.95617363648e-06	1.74189572875e-06	-7.26247800915e-06	3.75657614629e-06	-5.2442836215e-07	7.0121976967e-08	7.63258925471e-07	2.41292038748e-08	2.02429134296e-12	4.58220921612e-10	-3.74982037555e-10	-8.0032877872e-10	4.48268630847e-10
HMPMockV1.1.Even2;k__Bacteria;p__Firmicutes;c__Bacilli;o__Bacillales;f__Staphylococcaceae;g__Macrococcus	-0.0432854608203	-0.014055778095	0.0109702323036	0.00539541384787	0.00408331172738	0.00923738404596	-0.00398973593543	0.00608145643535	-0.00163071081349	9.73772230806e-05	1.25079278751e-06	8.47219961918e-05	7.20030907935e-05	6.26725449911e-05	-4.09951958374e-05	1.52708470208e-05	4.25141151305e-06	7.50229257235e-06	6.47048800354e-07	1.2317683703e-06	-1.06501792234e-05	3.33334282356e-06	3.15336339958e-07	6.7432412147e-08	-4.7864011604e-06	6.86256663871e-08	-3.12797500586e-11	4.58220752357e-10	-3.74982046889e-10	-8.00328816822e-10	4.48268632625e-10
HMPMockV1.1.Even2;k__Bacteria;p__NC10;c__12-24;o__Methylomirabiliales;f__Methylomirabiliaceae;g__	-0.0423233575395	-0.0131628738648	0.0107764671427	0.00507343725195	0.00485971087642	0.00991844253738	-0.0036782457433	0.00626156153499	-0.00166191088166	0.000113045014336	2.4533628537e-05	6.97024333421e-05	0.000114256692011	0.000125483209214	-8.19963528439e-05	3.33221882975e-05	4.59050591266e-06	1.46690969689e-05	-1.3511158108e-07	-6.16460627545e-06	-8.37983638845e-06	1.53557018072e-05	1.20666615146e-06	-5.50506407069e-07	-8.83372232328e-07	6.69765667001e-08	3.38624544837e-13	4.58220913081e-10	-3.74982038048e-10	-8.00328780854e-10	4.48268631071e-10
HMPMockV1.2.Staggered2;k__Bacteria;p__Proteobacteria;c__Deltaproteobacteria;Other;Other;Other	-0.0415725813452	-0.0123930342431	0.0104758928708	0.00557397301303	0.00364511278705	0.00960598578473	-0.00309356837282	0.000904963322201	-0.00146402101151	0.00022601185371	-7.38351569436e-05	-0.000408649720677	-0.000201735508492	-0.00018524711332	0.000142972348885	-6.48814729634e-05	-3.31825201053e-06	-2.51143475185e-05	-2.13358616417e-05	-2.44944245902e-05	1.7403636582e-05	-1.5781840172e-05	1.46567664473e-05	1.8064385591e-06	-1.90211454732e-06	-6.68816590658e-08	-4.72699895828e-11	4.58220670753e-10	-3.74982051276e-10	-8.00328834302e-10	4.48268632929e-10
HMPMockV1.1.Even2;k__Bacteria;p__Proteobacteria;c__Alphaproteobacteria;o__Rhizobiales;f__Hyphomicrobiaceae;g__Devosia	-0.0378820627586	4.6203480776e-05	0.00222782870221	-0.00168990215061	-0.00081456264275	0.000353901277589	0.000398045304124	8.95852699436e-07	-2.97657868645e-05	-1.43878580243e-05	-5.3743591017e-06	-6.44168204971e-07	5.91753188701e-07	-1.18324904559e-07	-8.4736638298e-08	-5.32207127905e-08	6.81100068906e-09	-1.39401306333e-08	8.92875849524e-09	1.17112733313e-09	1.33053443302e-08	-7.10548304666e-09	3.32144880596e-09	1.34175391944e-09	-2.60457303063e-09	-4.92183747142e-11	2.54706357392e-12	4.58220924171e-10	-3.7498203742e-10	-8.00328778027e-10	4.48268630746e-10
HMPMockV1.1.Even2;k__Bacteria;p__Firmicutes;c__Bacilli;o__Lactobacillales;f__Lactobacillaceae;g__	-0.0463211071053	-0.00603959846478	0.00564038847623	-0.00536535417691	0.00928552692632	0.000250597352602	-0.00231339486564	0.00249681520526	-0.00043786357252	0.000388650783297	2.95610668329e-05	4.17052278405e-05	2.34943793045e-05	3.85527105922e-05	-1.76263453753e-05	1.15482804783e-05	-1.07394951086e-05	5.64135791436e-06	-1.06377471498e-06	-1.04013472907e-06	-3.66340061441e-06	-8.77406672511e-06	1.91738520748e-06	1.68274880547e-06	5.06005222024e-06	-3.27988606085e-08	3.29656695409e-11	4.5822107889e-10	-3.74982028909e-10	-8.00328743309e-10	4.48268629181e-10
HMPMockV1.1.Even2;k__Bacteria;p__Proteobacteria;c__Gammaproteobacteria;o__;f__;g__	-0.0486011489011	-0.00275653199878	0.00324527514721	-0.0105016310277	0.0121291509356	-0.00228619335519	-0.00320765613433	0.00224178332048	0.000285355195412	-0.000369178983779	4.20867448637e-05	2.95754552321e-05	9.39316730227e-05	0.000105071235488	-8.08917096994e-05	2.2468943221e-05	3.16148858914e-06	1.33308443114e-05	1.77003624189e-05	2.65735074479e-05	-1.76030269698e-05	6.61159494538e-06	-1.30833206466e-05	-5.8418308462e-06	3.48600962184e-06	4.78551859597e-08	1.34742343564e-10	4.58221596276e-10	-3.74982000647e-10	-8.00328628112e-10	4.48268624528e-10
HMPMockV1.1.Even1;k__Bacteria;p__Proteobacteria;c__Betaproteobacteria;o__Burkholderiales;f__Comamonadaceae;g__Comamonas	-0.043058188159	-0.00674226806393	0.00624666450264	0.000911797204729	0.00192691232678	0.000200633454485	7.33515352741e-05	0.000231138810745	0.000187279700883	-1.76579656346e-05	-2.0218313883e-06	3.82902450671e-06	1.89952770214e-05	3.48853135934e-05	9.51904984276e-06	7.37223581966e-06	1.62796093115e-06	-6.33347583065e-06	-4.17642894943e-06	5.53077287232e-06	-5.23303759374e-08	7.59734610102e-08	-4.56836419993e-06	-1.4892423554e-06	4.58854661279e-07	-4.565305989e-09	2.98186156383e-11	4.5822106276e-10	-3.74982029835e-10	-8.00328747027e-10	4.48268629407e-10
HMPMockV1.1.Even1;k__Bacteria;p__Firmicutes;c__Bacilli;o__Bacillales;f__Staphylococcaceae;g__	-0.0445042760073	-0.00928904188642	0.00799882554398	-0.000500692191951	0.00732988546237	0.00548373307867	-0.00343132882958	0.00391198023399	-0.000923483524425	-4.06053805263e-05	-3.9924401184e-06	-5.19285014095e-05	1.33601269394e-05	3.53152034547e-05	-1.6790084862e-05	-5.25309232745e-06	-2.58242001102e-06	1.63438553021e-05	8.53579447736e-07	-2.76803756793e-06	8.67035560939e-06	1.07002629677e-05	-3.86992920837e-06	7.72085924553e-08	3.74120977468e-06	-2.76990294328e-08	1.40511160929e-11	4.58220982566e-10	-3.74982034166e-10	-8.0032876476e-10	4.48268630058e-10
HMPMockV1.1.Even2;k__Bacteria;p__Proteobacteria;c__Deltaproteobacteria;o__Desulfobacterales;f__Desulfobacteraceae;g__Desulfococcus	-0.0518854898715	0.00294898645037	-0.000873730996723	-0.0188835697405	0.0158487765804	-0.00940543838875	-0.00253462718489	-0.000476239626777	0.00134564423125	-0.000394103490007	1.94092276504e-05	3.6403508812e-05	6.09918394249e-06	-8.29566643472e-06	6.63803466816e-08	-2.68528189861e-05	-2.35201551289e-05	-1.42054708764e-05	-6.87205743929e-06	2.34048073999e-06	-9.87265976374e-06	5.01474668252e-06	-6.60392117417e-07	7.31992622945e-08	1.01998002098e-06	3.31773496993e-08	2.24120318321e-12	4.58220922752e-10	-3.74982037491e-10	-8.00328778512e-10	4.48268630865e-10
HMPMockV1.2.Staggered1;k__Bacteria;p__Proteobacteria;c__Betaproteobacteria;o__Neisseriales;f__Neisseriaceae;Other	-0.0240190048932	0.0126855833151	-0.00389286378949	3.39127000465e-05	-0.00977749085024	0.00240044612485	0.00479159714043	-0.00207038582074	0.000302524401464	-0.000660143489315	-9.44762699304e-06	0.000118028747532	7.0518985358e-05	-1.71177573364e-05	-2.2895972891e-05	-2.11015084337e-06	-1.32237756593e-05	6.11572415914e-06	6.60580914169e-06	3.8330874416e-07	3.39087895888e-06	-1.72425791454e-06	-2.14423636999e-08	3.43014823156e-07	-2.87888155846e-07	-1.28517755574e-08	-3.10840880585e-13	4.58220909598e-10	-3.74982038221e-10	-8.00328781224e-10	4.48268630848e-10
HMPMockV1.2.Staggered2;k__Bacteria;p__Proteobacteria;c__Gammaproteobacteria;o__Pseudomonadales;f__Moraxellaceae;g__	-0.050895906552	-0.00790023288959	0.00527497230914	-0.00666804296482	0.00755438372017	-0.00494977264459	-0.00296768254767	0.00143851210982	-0.000253390098871	0.000592980139868	4.94557802418e-05	4.40865493416e-06	-7.46482523792e-06	1.42802183941e-05	6.59704430235e-06	-8.74260310984e-06	-8.36644365067e-07	5.42618581472e-06	-2.00852653299e-06	1.98652130907e-06	-4.97253281325e-06	-7.29771995246e-06	1.01627958357e-06	-1.76211266373e-07	-8.91889112121e-07	9.3262009804e-09	1.20045148662e-11	4.58220972304e-10	-3.7498203481e-10	-8.00328767364e-10	4.48268630338e-10
HMPMockV1.1.Even2;k__Bacteria;p__Firmicutes;c__Bacilli;o__Bacillales;f__Sporolactobacillaceae;g__Pullulanibacillus	-0.0424115957376	-0.0132544041551	0.0108211424034	0.00500280549423	0.00500566494779	0.00993269506292	-0.0037645946855	0.00690567506108	-0.00171394185454	8.80493047555e-05	6.61869398049e-05	0.000104975049883	0.000201596513594	0.000224769688981	-0.0001585055432	6.83390754938e-05	1.6598252147e-05	2.50337004368e-05	1.86563192142e-05	2.09037457382e-05	-2.8379364325e-05	1.17309365124e-05	-9.33867413471e-06	-5.7865575139e-06	2.96298989879e-06	1.01020150534e-07	1.40905726028e-10	4.58221627778e-10	-3.7498199895e-10	-8.0032862139e-10	4.48268624426e-10
HMPMockV1.2.Staggered1;k__Bacteria;p__Proteobacteria;c__Betaproteobacteria;o__Burkholderiales;f__Oxalobacteraceae;g__Ralstonia	-0.0140870016644	0.0176155083972	0.000678553849102	-5.22867982594e-05	-0.00010186771455	3.42497568518e-05	6.83666927459e-06	2.45475653627e-06	1.51155173318e-06	4.29082805198e-06	-1.1344108025e-06	-4.19147753179e-07	8.85955651601e-08	-2.51152135529e-09	2.99965103218e-09	-3.4671858018e-10	-3.59974352269e-09	-1.91908037451e-11	3.69066340512e-09	-2.43346756739e-09	-1.32686980089e-10	-6.39994939478e-10	-6.37700393427e-10	-7.90306254858e-11	-2.45207677638e-10	1.07104156386e-12	2.57596091181e-12	4.58220924318e-10	-3.74982037412e-10	-8.00328777994e-10	4.48268630744e-10
HMPMockV1.2.Staggered2;k__Bacteria;p__Proteobacteria;c__Alphaproteobacteria;o__Rhodobacterales;f__Rhodobacteraceae;g__Loktanella	-0.042459569071	-0.0133024229611	0.0108468755892	0.00496305293609	0.00507584252122	0.00995273397555	-0.00383110621891	0.00702291556105	-0.00176869068471	6.35688745671e-05	9.81881625296e-05	4.11497585466e-05	0.000244981081627	0.000302746877851	-0.000222116438617	8.42690312256e-05	2.70808540155e-05	5.02444501435e-05	5.56679736554e-05	6.97093441528e-05	-3.891519996e-05	1.35452416209e-05	-3.31623174053e-05	-1.94652823275e-05	9.6302722504e-06	6.78533089283e-07	4.87911548114e-10	4.58223393099e-10	-3.74981902308e-10	-8.00328229732e-10	4.48268609571e-10
HMPMockV1.1.Even2;k__Bacteria;p__Firmicutes;c__Clostridia;Other;Other;Other	-0.00634984573638	0.0424140715846	-0.0198906130774	-0.00368075082985	-0.0117102113732	0.00213436619972	0.00399945366334	-0.000286980461763	-0.000497602879132	-0.000439661350792	-0.000592560510245	-7.95918621673e-07	-2.44480888695e-05	1.66912542267e-05	1.17635444559e-05	-9.27998257064e-06	-1.36936256406e-07	7.58614428191e-06	1.6502733906e-05	-1.83583080908e-05	-8.83024368315e-06	-2.07124423995e-06	-4.89494898735e-06	-9.63100216221e-07	-2.67334107497e-06	4.49609781025e-08	1.01849343901e-11	4.58220963099e-10	-3.74982035339e-10	-8.00328769605e-10	4.48268630544e-10
HMPMockV1.1.Even1;k__Bacteria;p__Firmicutes;c__Bacilli;o__Lactobacillales;f__Aerococcaceae;g__	-0.100618408387	-0.0673490952521	0.0230712674689	0.022802044014	-0.0388105734516	-0.0302725072135	-0.0241090745537	0.00102979681265	-0.00155346424567	-0.00140164196802	-8.88324246413e-05	-0.00014695727866	2.07346142791e-05	-2.63201505889e-05	5.94807676824e-07	-2.6388335553e-06	2.56229862593e-07	-5.87566160924e-06	8.71802787525e-07	-5.47013855161e-07	1.3591272905e-06	-1.86079092402e-07	-3.50909747483e-07	2.9118453832e-08	-4.0195718981e-08	-6.06591645275e-09	6.97198447324e-13	4.58220914746e-10	-3.74982037934e-10	-8.00328780098e-10	4.48268630815e-10
HMPMockV1.2.Staggered2;k__Bacteria;p__Firmicutes;c__Clostridia;Other;Other;Other	-0.0136475651979	0.0325836191373	-0.0130156560135	0.0030345354848	-0.00731470239583	0.00170066991826	0.00466108380455	-0.00021483973254	0.000340708105284	-0.000731231556681	-0.000140200677727	-7.51296724357e-05	-0.00024607995185	-1.55375572804e-05	-8.13647828925e-06	-2.65405071401e-06	2.37710568958e-05	-6.46248998891e-06	6.20581050249e-06	-9.36397154185e-06	-1.87281237093e-05	-7.51052941029e-06	-7.68857114942e-07	-1.08493281111e-06	-1.41734100201e-06	5.91345991141e-08	1.68594216189e-11	4.58220997169e-10	-3.74982033462e-10	-8.00328762075e-10	4.48268630274e-10
HMPMockV1.2.Staggered1;k__Bacteria;p__Proteobacteria;c__Gammaproteobacteria;o__Pasteurellales;f__Pasteurellaceae;g__Haemophilus	-0.0378820627586	4.6203480776e-05	0.00222782870221	-0.00168990215061	-0.00081456264275	0.000353901277589	0.000398045304124	8.95852699436e-07	-2.97657868645e-05	-1.43878580243e-05	-5.3743591017e-06	-6.44168204971e-07	5.91753188701e-07	-1.18324904559e-07	-8.4736638298e-08	-5.32207127905e-08	6.81100068906e-09	-1.39401306333e-08	8.92875849524e-09	1.17112733313e-09	1.33053443302e-08	-7.10548304666e-09	3.32144880596e-09	1.34175391944e-09	-2.60457303063e-09	-4.92183747143e-11	2.54706357392e-12	4.58220924171e-10	-3.7498203742e-10	-8.00328778027e-10	4.48268630746e-10
HMPMockV1.2.Staggered1;k__Bacteria;p__Bacteroidetes;c__[Saprospirae];o__[Saprospirales];f__Chitinophagaceae;g__Sediminibacterium	-0.0378820627586	4.6203480776e-05	0.00222782870221	-0.00168990215061	-0.00081456264275	0.000353901277589	0.000398045304124	8.95852699436e-07	-2.97657868645e-05	-1.43878580243e-05	-5.3743591017e-06	-6.44168204971e-07	5.91753188701e-07	-1.18324904559e-07	-8.4736638298e-08	-5.32207127905e-08	6.81100068906e-09	-1.39401306333e-08	8.92875849524e-09	1.17112733313e-09	1.33053443302e-08	-7.10548304666e-09	3.32144880596e-09	1.34175391944e-09	-2.60457303063e-09	-4.92183747143e-11	2.54706357392e-12	4.58220924171e-10	-3.7498203742e-10	-8.00328778027e-10	4.48268630746e-10
HMPMockV1.2.Staggered2;k__Bacteria;p__Proteobacteria;c__Gammaproteobacteria;o__Enterobacteriales;f__Enterobacteriaceae;g__Salmonella	-0.042452298286	-0.0132942317133	0.0108411707779	0.00496929654181	0.00506424286096	0.00994709729804	-0.00381527105705	0.00699048113889	-0.00176019025495	6.50677970312e-05	8.54844844661e-05	3.65155137242e-05	0.000222662803904	0.000285558757496	-0.000213386081591	8.22082324244e-05	3.20688522562e-05	5.65494672915e-05	6.32478998415e-05	8.91370014088e-05	-3.92843624284e-05	1.72629705776e-05	-4.81356603115e-05	-1.38398995047e-05	6.31231000071e-06	5.1563218474e-07	3.31390949326e-10	4.58222597073e-10	-3.74981945879e-10	-8.00328406762e-10	4.4826861656e-10
HMPMockV1.2.Staggered1;k__Bacteria;p__Proteobacteria;c__Gammaproteobacteria;o__Pseudomonadales;f__Moraxellaceae;g__	-0.0474782393066	-0.00970348688639	0.00729758923238	-0.00226327877756	0.00659128845797	0.000755940975065	-0.00315191829171	0.00294565994521	-0.000768442785647	0.000426878315924	2.93539302412e-05	-3.64374436722e-06	2.39576877427e-08	9.53774598975e-06	7.22964250502e-06	-1.13820009874e-05	-5.04403029503e-07	5.21373598111e-06	-1.75091202586e-06	2.89155339793e-06	-6.698496155e-06	-1.06601034219e-05	1.41595033107e-06	-2.03176999514e-07	-1.3113439212e-06	1.1000562347e-08	1.38339983247e-11	4.58220981623e-10	-3.7498203431e-10	-8.00328765307e-10	4.48268630263e-10
HMPMockV1.2.Staggered2;k__Bacteria;p__Firmicutes;c__Bacilli;o__Lactobacillales;f__Aerococcaceae;g__Marinilactibacillus	-0.0496772757842	-0.000852506563537	0.00187623845511	-0.0132456696215	0.0133569555603	-0.00448158571331	-0.00306714016032	0.00133389048895	0.000675977584725	-0.000437182987295	1.68641842524e-05	5.12335907454e-05	4.55862540504e-05	3.78321681559e-05	-2.80115958613e-05	1.24545622455e-05	2.52268539708e-06	1.15373369138e-06	-9.76721646117e-07	-2.54021383784e-06	-4.67339980541e-06	1.39156594846e-06	1.75227514254e-06	3.65210031979e-07	3.35829460623e-07	1.71892756964e-08	3.94905023819e-12	4.58220931373e-10	-3.74982037029e-10	-8.00328776522e-10	4.48268630743e-10
HMPMockV1.2.Staggered2;k__Bacteria;p__Firmicutes;c__Bacilli;o__Lactobacillales;f__Aerococcaceae;g__Facklamia	-0.054154648386	-0.00157859388951	0.000892096616516	-0.0156814017521	0.0122001536776	-0.0108245353997	-0.00310902659824	-0.000368944309583	0.000964205686422	-1.84689234962e-05	3.08530262003e-05	3.83362095535e-05	-2.60467419378e-06	3.29051540585e-07	2.05683796486e-06	-1.43127116645e-05	-1.17275254973e-05	-5.48118112119e-06	-3.84887591387e-06	1.21787213626e-06	-4.771192195e-06	2.33575650229e-06	-3.29087390531e-07	7.69798359755e-09	4.76663831581e-07	1.63111057345e-08	3.50410918686e-12	4.582209291e-10	-3.74982037148e-10	-8.00328777009e-10	4.48268630751e-10
HMPMockV1.2.Staggered1;k__Bacteria;p__Proteobacteria;c__Gammaproteobacteria;o__;f__;g__	-0.0465217265672	-0.00903200653599	0.00728185693028	-0.00231196670586	0.0076747218269	0.00313766414884	-0.00382275705555	0.00439340844537	-0.000686229391209	-0.000156125301154	2.06764389881e-05	9.00440960192e-05	9.98770939224e-05	0.000102056470015	-7.86584575137e-05	2.43937251058e-05	2.32125820811e-06	1.17556155063e-05	1.3457932323e-05	2.01317701761e-05	-1.62189441283e-05	1.31102282547e-05	-1.10367870911e-05	-3.85956485337e-06	-1.29853207992e-06	8.12403618241e-08	5.25400792716e-11	4.58221178432e-10	-3.74982023549e-10	-8.00328721644e-10	4.48268628602e-10
HMPMockV1.1.Even1;k__Bacteria;p__Firmicutes;c__Clostridia;o__Clostridiales;f__Ruminococcaceae;g__Faecalibacterium	-0.0340013828491	-0.000832849653022	0.00313504699867	0.00312333584437	-0.00544351165272	0.00298204481708	0.00128413687803	0.000135046718308	-0.000435705841224	0.000150207771255	-9.58399156813e-06	-5.8156560725e-06	-1.01796061931e-06	8.56728923376e-07	5.60245915899e-08	2.25121047423e-07	-1.29005718162e-07	2.27679873077e-07	-1.54898650511e-08	-9.69393771252e-09	-8.66445361655e-08	2.16718451676e-08	2.10382560558e-08	-2.35409849299e-09	3.12664267413e-09	3.99505606639e-10	2.48740268668e-12	4.58220923871e-10	-3.74982037437e-10	-8.00328778097e-10	4.4826863075e-10
HMPMockV1.1.Even1;k__Bacteria;p__Proteobacteria;c__Deltaproteobacteria;o__Desulfobacterales;f__Desulfobacteraceae;g__Desulfococcus	-0.0518442189672	0.00289043792255	-0.000832259471415	-0.0188014639662	0.0157958591369	-0.00942089154504	-0.00248008918925	-0.000471902954434	0.00132528290717	-0.000352246858795	2.13445371176e-05	4.72344282085e-05	8.89075634954e-06	-1.52114099794e-05	-2.95095177082e-08	-5.16085185903e-05	-4.6604049362e-05	-2.77956343177e-05	-1.34238185123e-05	4.53676541472e-06	-1.97263832061e-05	9.99206675664e-06	-1.25308011738e-06	1.41539524784e-07	2.032370439e-06	6.65152432535e-08	1.37058360542e-12	4.58220918469e-10	-3.74982037719e-10	-8.00328779639e-10	4.48268631011e-10
HMPMockV1.1.Even1;k__Bacteria;p__Firmicutes;c__Bacilli;o__Lactobacillales;f__Aerococcaceae;g__Marinilactibacillus	-0.0436865419115	-0.0109528360027	0.00916742541087	0.00172350481842	0.00645668462674	0.00730089757449	-0.00357408498919	0.00575411870179	-0.00122519505092	1.08563778795e-05	1.3314675418e-05	0.000143832240133	0.000112064289757	0.00010560527001	-7.37040461793e-05	3.51531277726e-05	5.85120249153e-06	4.60416325172e-06	-2.39825150902e-06	-6.74958975621e-06	-1.28387743186e-05	3.77970793975e-06	4.80525687191e-06	9.77020651879e-07	9.10552440191e-07	4.76691082998e-08	4.75008339642e-12	4.58220935588e-10	-3.74982036805e-10	-8.00328775764e-10	4.48268630816e-10
HMPMockV1.1.Even2;k__Bacteria;p__[Thermi];c__Deinococci;o__Deinococcales;f__Trueperaceae;g__Truepera	-0.0521102164922	0.00326811426577	-0.00109608958395	-0.0193410734386	0.0161729926935	-0.00925236823767	-0.00286405391161	-0.000483710118425	0.00145952073147	-0.000612777328347	1.10977074307e-05	5.15055554516e-05	1.90928383095e-05	-3.04410785414e-05	-1.55656974685e-06	-8.93756759695e-05	-8.18443603766e-05	-5.00521267003e-05	-2.31528680892e-05	7.86508543526e-06	-3.47746365042e-05	1.76856907443e-05	-2.19046582589e-06	2.68945528094e-07	3.59601956738e-06	1.17094680527e-07	-6.45212399981e-13	4.58220908438e-10	-3.74982038258e-10	-8.00328782136e-10	4.48268631267e-10
HMPMockV1.1.Even2;k__Bacteria;p__Proteobacteria;c__Betaproteobacteria;o__Burkholderiales;f__Burkholderiaceae;g__Burkholderia	-0.0422009650271	-0.0130342826141	0.0107182999617	0.00516778058712	0.00464472732626	0.00990962811032	-0.00358694542116	0.00505252889319	-0.00162955994569	0.000137874812322	-1.25644126369e-05	-8.96815697941e-05	-4.08124183673e-07	2.94021164104e-05	-6.61516035174e-06	-1.33259466044e-05	-6.55308433725e-06	2.04292982987e-05	-3.63281979093e-06	-1.14413134442e-05	1.64239869252e-05	1.98229307351e-05	-2.46793947123e-06	8.02744588295e-07	1.5104855381e-06	-2.07002152501e-08	-3.20329890904e-11	4.5822074823e-10	-3.74982046993e-10	-8.00328817119e-10	4.48268632285e-10
HMPMockV1.2.Staggered2;k__Bacteria;p__NC10;c__12-24;o__Methylomirabiliales;f__Methylomirabiliaceae;g__	-0.0423574365611	-0.0131986292103	0.0107923917786	0.00504711962931	0.00491940630852	0.00992286126396	-0.00370478329827	0.00658794795181	-0.00167148373984	0.000105182006819	3.34239046684e-05	0.000110546436144	0.000143914284123	0.000151626410401	-0.00010354798005	4.48943588124e-05	7.64939627337e-06	1.41601791005e-05	3.54274899391e-06	-1.8244481807e-06	-1.5143411499e-05	1.27911297744e-05	1.35607295703e-06	-2.65125947314e-06	-2.08060777216e-07	8.29416924056e-08	5.18373078887e-11	4.58221174915e-10	-3.74982023734e-10	-8.00328722465e-10	4.48268628656e-10
HMPMockV1.1.Even1;k__Bacteria;p__Bacteroidetes;c__Bacteroidia;o__Bacteroidales;f__Bacteroidaceae;Other	0.225440080036	0.230095073128	-0.0395090957908	0.0282480945341	0.0111178418573	-0.00405417921882	-0.00635151117037	7.84435703185e-05	0.000677328047808	0.000541534733917	-8.70671227858e-05	-3.43108561078e-05	1.02507134464e-05	-3.87813012851e-07	3.90568415295e-07	2.46644924928e-07	-3.17147125983e-07	6.51625197532e-09	3.51296403372e-07	-2.74545323141e-07	-5.57372915747e-08	-6.91524389432e-08	-1.42588854951e-07	-1.86527648988e-08	-2.57770076914e-08	2.10953039663e-10	2.51774850581e-12	4.58220924024e-10	-3.74982037428e-10	-8.00328778061e-10	4.48268630747e-10
HMPMockV1.1.Even1;k__Bacteria;p__Proteobacteria;c__Betaproteobacteria;o__Neisseriales;f__Neisseriaceae;g__Conchiformibius	-0.0421662794189	-0.0130031166855	0.010713967142	0.00518948725082	0.00458729681675	0.00992870026344	-0.00358804795143	0.00457245062603	-0.00164744920902	0.000153023644851	3.285466596e-05	-0.000179699947491	-4.79300426141e-07	-4.93902915928e-06	2.47255162989e-05	-3.14644386232e-05	-1.17720102953e-06	9.17890374224e-06	-2.7410515693e-06	7.59483207131e-06	-1.47716828996e-05	-2.22746212687e-05	2.47715512449e-06	-1.54876953309e-06	-6.85988737834e-06	4.93010563153e-08	1.13956755874e-11	4.58220969287e-10	-3.7498203507e-10	-8.00328768348e-10	4.48268630544e-10
HMPMockV1.2.Staggered2;k__Bacteria;p__Proteobacteria;c__Deltaproteobacteria;o__Desulfuromonadales;f__Geobacteraceae;g__Geobacter	-0.0521112224268	0.0032693983047	-0.00109863838482	-0.0193384414655	0.0161582503938	-0.00928262503388	-0.00285095713354	-0.000490990654531	0.00145868107912	-0.000617905165381	1.00609599419e-05	1.8317953976e-05	6.49403715142e-06	-3.69352227365e-06	-6.00861147887e-07	-1.07380716691e-06	5.04805636478e-07	-8.99880144237e-07	9.84637114985e-08	4.10096991672e-08	3.79788239481e-07	-1.12622353165e-07	-6.16401777768e-08	1.4893212765e-08	-2.36190306148e-08	-1.69453963968e-09	2.76582016045e-12	4.58220925271e-10	-3.74982037359e-10	-8.00328777772e-10	4.4826863073e-10
HMPMockV1.1.Even1;k__Bacteria;p__Proteobacteria;c__Deltaproteobacteria;o__Desulfovibrionales;f__Desulfovibrionaceae;g__Desulfovibrio	-0.05068158781	0.00123986710451	0.000322941147886	-0.0164490744783	0.0141687659066	-0.0101167892286	-0.000821004816379	-0.000410765605553	0.000740326094406	0.000791944781446	6.7446168297e-05	7.22978112129e-05	-1.90564975116e-05	1.60506054874e-05	5.3786738158e-06	-3.02265869899e-06	-1.20988577848e-06	4.63584915694e-06	-1.57191712155e-06	3.10687514013e-07	-3.28861152308e-07	-1.55489012458e-07	3.5589561296e-08	-8.0090952406e-08	-2.69639436739e-08	2.14691684004e-09	5.67867450064e-12	4.58220940092e-10	-3.74982036551e-10	-8.00328774484e-10	4.48268630602e-10
HMPMockV1.1.Even2;k__Bacteria;p__Proteobacteria;c__Deltaproteobacteria;o__Desulfovibrionales;f__Desulfovibrionaceae;g__Desulfovibrio	-0.05043650759	0.000891947470189	0.00056664049635	-0.0159537544233	0.013827711423	-0.0102597888048	-0.00047301299058	-0.000397012740014	0.000617179525599	0.00103363334376	7.72836325865e-05	8.1551501025e-05	-2.34365891681e-05	1.94353131036e-05	6.40373695242e-06	-3.35674753306e-06	-1.50383287819e-06	5.58483132285e-06	-1.8582681215e-06	3.56917996558e-07	-4.50343905186e-07	-1.62837582623e-07	5.22575165656e-08	-9.63739521495e-08	-2.75373573412e-08	2.80545223656e-09	6.17802095895e-12	4.58220942633e-10	-3.74982036412e-10	-8.0032877392e-10	4.4826863058e-10
HMPMockV1.2.Staggered2;k__Bacteria;p__Proteobacteria;c__Gammaproteobacteria;o__Xanthomonadales;f__Xanthomonadaceae;Other	0.266168599726	0.162446723103	0.023709071382	0.000625823116254	-0.000134167834443	-0.00964293668689	0.00566155141373	0.000200766648183	-0.00233051420936	0.00527131337447	0.000196937119132	0.000221847057552	-0.000103360500391	6.65668753311e-05	2.96976006615e-05	-1.17164345766e-05	-6.97385108998e-06	2.06327875791e-05	-6.41161202303e-06	1.76668485132e-06	-1.64575877716e-06	-2.5231858884e-06	4.49589296429e-08	-1.50512338581e-07	9.62976272021e-07	5.08403307919e-10	1.96052325444e-11	4.58221010923e-10	-3.74982032671e-10	-8.00328758658e-10	4.4826862992e-10
HMPMockV1.2.Staggered1;k__Bacteria;p__Proteobacteria;c__Gammaproteobacteria;o__Pseudomonadales;Other;Other	0.291221822399	0.184317791976	0.0183780097051	-0.00036086830187	-0.00412754863981	-0.00145237038164	0.0026454987518	-0.000572068463306	0.000279898761604	-0.000650881428661	-1.21876369377e-05	-1.63628837903e-05	2.70620524398e-05	3.62009947028e-05	3.1366814591e-06	-5.01243916332e-05	1.07459295838e-05	-3.17158557064e-06	4.09481523126e-05	-7.62748216642e-06	1.45969598182e-06	-6.3061871334e-07	2.06231887919e-06	1.25774477895e-06	-3.36086199305e-07	-5.68587427872e-09	-1.47577945157e-11	4.58220836217e-10	-3.74982042244e-10	-8.00328797677e-10	4.48268631564e-10
HMPMockV1.2.Staggered1;k__Bacteria;p__Proteobacteria;c__Alphaproteobacteria;o__Sphingomonadales;f__Erythrobacteraceae;g__Erythromicrobium	-0.0424278413533	-0.0132717875528	0.0108333765478	0.00498763711003	0.00502989254357	0.00992729110314	-0.00378718254121	0.00698117077595	-0.00173531660573	8.86215562039e-05	9.35163575936e-05	0.000100415177283	0.000241989451364	0.000265285057015	-0.000179320088214	8.52509702477e-05	1.86350925044e-05	2.04364243476e-05	3.87599673599e-06	5.44393979325e-06	-3.47158295617e-05	1.0739271636e-05	-2.85446025138e-06	3.64526291487e-06	2.36463452032e-06	1.13894427345e-07	-2.04003297619e-11	4.58220808085e-10	-3.74982043788e-10	-8.00328804625e-10	4.48268632256e-10
HMPMockV1.2.Staggered2;k__Bacteria;p__Proteobacteria;c__Gammaproteobacteria;o__Pseudomonadales;f__Moraxellaceae;g__Alkanindiges	-0.0433225233693	-0.0115522944016	0.00948116498697	0.00349568768801	0.003736323354	0.00604341591661	-0.00270879396384	0.00054356280268	-0.0011858596006	0.000402068305911	-3.76447038943e-05	-0.000128927937606	-2.50577833134e-05	6.09474155689e-06	8.30605304396e-06	1.00198128725e-05	-1.15516901761e-05	-5.81854162595e-06	6.10976134915e-06	7.65561818894e-06	2.15428027889e-06	5.9365629649e-07	3.7435739873e-06	4.81635600656e-07	-1.10186671341e-07	-7.58818095931e-09	-5.52664467736e-12	4.582208831e-10	-3.74982039668e-10	-8.00328787172e-10	4.48268631117e-10
HMPMockV1.1.Even2;k__Bacteria;p__Proteobacteria;c__Alphaproteobacteria;o__Rhodobacterales;f__Rhodobacteraceae;g__	-0.0558425444237	-0.00216279350735	0.000760585142382	-0.0160968656594	0.0119298793288	-0.0108972313554	-0.00448619693509	-0.000374007003209	0.0012269775926	-0.000678192611738	2.45377651242e-06	5.60447454245e-06	7.58946616124e-06	-5.43403214405e-06	-5.08886622909e-07	-1.19419381217e-06	4.85684423102e-07	-1.28263256462e-06	1.57951332731e-07	-4.22288193493e-09	4.55122012636e-07	-1.18272871568e-07	-8.38916831388e-08	1.59874620779e-08	-2.48941604891e-08	-2.03079939453e-09	2.60669541329e-12	4.58220924462e-10	-3.74982037404e-10	-8.00328777951e-10	4.48268630737e-10
HMPMockV1.2.Staggered1;k__Bacteria;p__Firmicutes;c__Bacilli;o__Bacillales;f__Planococcaceae;g__Rummeliibacillus	-0.0417681419899	-0.0126495060527	0.010579341993	0.00537360513859	0.00391732535489	0.0090935562071	-0.00291179313724	0.00198968296639	-0.00167155084802	0.000449663068813	1.3979637381e-05	-0.00043358387954	-8.53544642702e-05	-1.42231712347e-05	1.55021551428e-05	3.93273976408e-06	3.40111775215e-05	-1.82601596132e-05	-5.21818513329e-06	-2.07435873606e-06	-6.97906872953e-06	4.68184688474e-06	1.14167623975e-06	-2.79175813831e-07	8.28265047995e-07	2.55229169445e-08	-2.55436959365e-12	4.5822089835e-10	-3.74982038818e-10	-8.00328783905e-10	4.48268631063e-10
HMPMockV1.2.Staggered2;k__Bacteria;p__Firmicutes;c__Bacilli;o__Bacillales;f__Thermoactinomycetaceae;g__Laceyella	-0.0424313015223	-0.0132751198579	0.010833510583	0.00498642201596	0.00503562226579	0.00994563392044	-0.00379900041125	0.00696751975889	-0.00173633284371	7.96385077791e-05	8.69946849021e-05	9.42935016281e-05	0.000235650015799	0.000261700048446	-0.00018362288218	7.30177845133e-05	1.2968210474e-05	2.46253980193e-05	2.09454434305e-05	1.17495448254e-05	-3.03011161845e-05	7.92385086763e-06	2.02610496283e-06	-1.75532840336e-05	8.80814820848e-06	9.83175484691e-08	4.12263932512e-10	4.58223007038e-10	-3.74981923473e-10	-8.00328313249e-10	4.48268611358e-10
HMPMockV1.2.Staggered2;k__Bacteria;p__Firmicutes;c__Bacilli;o__Bacillales;f__Paenibacillaceae;g__Brevibacillus	-0.0140870016644	0.0176155083972	0.000678553849102	-5.22867982594e-05	-0.00010186771455	3.42497568518e-05	6.83666927459e-06	2.45475653627e-06	1.51155173318e-06	4.29082805198e-06	-1.1344108025e-06	-4.19147753179e-07	8.85955651601e-08	-2.51152135529e-09	2.99965103218e-09	-3.46718580173e-10	-3.59974352268e-09	-1.91908037483e-11	3.69066340512e-09	-2.43346756739e-09	-1.32686980089e-10	-6.39994939478e-10	-6.37700393426e-10	-7.90306254859e-11	-2.45207677638e-10	1.07104156386e-12	2.5759609118e-12	4.58220924318e-10	-3.74982037412e-10	-8.00328777994e-10	4.48268630744e-10
HMPMockV1.1.Even2;k__Bacteria;p__Firmicutes;c__Bacilli;o__Bacillales;f__Planococcaceae;g__Kurthia	-0.0423054602175	-0.013145705722	0.0107626107899	0.00508862181263	0.00483922002535	0.00992311545685	-0.00364635601404	0.00626819234199	-0.00162867467239	0.000119528957148	-1.06175611992e-05	0.000102777657221	6.36378867449e-05	6.02301773775e-05	-4.42853795761e-05	1.35295249103e-05	5.84788082825e-06	1.02089485627e-05	9.50865793641e-06	1.35629801167e-05	-1.11503641094e-05	-4.74644240475e-06	-4.84469544966e-06	-2.41589185394e-06	2.16870079015e-06	1.4799866403e-08	7.58623982879e-11	4.58221296955e-10	-3.74982017028e-10	-8.00328694847e-10	4.48268627273e-10
HMPMockV1.2.Staggered1;k__Bacteria;p__Proteobacteria;c__Alphaproteobacteria;o__Rhodobacterales;f__Rhodobacteraceae;g__Loktanella	-0.0424519183334	-0.0132952360429	0.0108437817649	0.00496960925951	0.00506518015292	0.00995244532012	-0.00382440867281	0.00701161628263	-0.00175975838037	6.79808898406e-05	9.7609704247e-05	6.00223265229e-05	0.000247239000837	0.000292964825924	-0.000211544181658	8.04192598407e-05	2.07416862903e-05	4.06439899122e-05	4.32153425587e-05	4.56933689129e-05	-3.54989795699e-05	1.22370426095e-05	-1.75400032328e-05	-2.1604750059e-05	9.56699770967e-06	4.48077182994e-07	5.11216868783e-10	4.58223510899e-10	-3.74981895887e-10	-8.00328202332e-10	4.48268607712e-10
HMPMockV1.2.Staggered1;k__Bacteria;p__Firmicutes;c__Bacilli;o__Lactobacillales;f__Aerococcaceae;g__Marinilactibacillus	-0.0463665082377	-0.00648182263892	0.00593828042616	-0.00494443888171	0.00954919077664	0.0020662290643	-0.00337377831527	0.00385187752699	-0.000401349696565	-0.00019296793575	3.62654743831e-05	9.02156885905e-05	0.000113631616344	0.000111534906069	-7.61840924598e-05	3.61560547776e-05	6.08656986595e-06	4.74924566714e-06	-3.05166423213e-06	-7.12324140638e-06	-1.36830633924e-05	4.09471009795e-06	4.92547397139e-06	9.66943753631e-07	9.79766334499e-07	5.08756082199e-08	6.61417522415e-12	4.58220945074e-10	-3.74982036287e-10	-8.00328773663e-10	4.48268630738e-10
HMPMockV1.2.Staggered2;k__Bacteria;p__Firmicutes;c__Bacilli;o__Lactobacillales;f__;g__	-0.0493918541171	-0.00626579918798	0.00481103457125	-0.00741196540931	0.00872424602323	-0.00459163253096	-0.00207086605559	0.00118967624531	-0.00028856450366	0.000836814565577	6.68823498246e-05	-2.8134298903e-05	-1.16713655936e-05	3.40600161723e-05	-9.57877762048e-07	-8.72881453668e-06	-3.31812081829e-06	1.26161082726e-05	-1.85877716139e-06	-2.03472662591e-06	1.71677648712e-06	2.15344955793e-06	2.20619577917e-07	-1.57869205535e-06	1.19836146398e-06	-1.90598340131e-09	3.96145156565e-11	4.58221112562e-10	-3.74982027104e-10	-8.00328735916e-10	4.48268628943e-10
HMPMockV1.2.Staggered2;k__Bacteria;p__Firmicutes;c__Bacilli;o__Bacillales;f__[Exiguobacteraceae];g__	-0.0521108631644	0.00326893971937	-0.0010977280988	-0.0193393814559	0.0161635155009	-0.00927181903523	-0.00285563455428	-0.000488390463064	0.00145898095496	-0.000616073795012	1.04312269022e-05	3.01706687887e-05	1.09936089936e-05	-1.32462209407e-05	-9.42185647517e-07	-3.26101888821e-05	-2.89056107968e-05	-1.84542539143e-05	-8.20558336018e-06	2.83532246206e-06	-1.21753634547e-05	6.2439180388e-06	-8.21935052104e-07	1.05626182525e-07	1.2691090401e-06	4.07301818484e-08	1.54759424602e-12	4.58220919259e-10	-3.7498203768e-10	-8.0032877933e-10	4.48268630922e-10
HMPMockV1.1.Even2;k__Bacteria;p__Proteobacteria;c__Deltaproteobacteria;o__Desulfuromonadales;f__Geobacteraceae;g__Geobacter	-0.0521112224268	0.0032693983047	-0.00109863838482	-0.0193384414655	0.0161582503938	-0.00928262503388	-0.00285095713354	-0.000490990654531	0.00145868107912	-0.000617905165381	1.00609599419e-05	1.8317953976e-05	6.49403715142e-06	-3.69352227365e-06	-6.00861147887e-07	-1.07380716691e-06	5.04805636478e-07	-8.99880144237e-07	9.84637114985e-08	4.10096991672e-08	3.79788239481e-07	-1.12622353165e-07	-6.16401777768e-08	1.4893212765e-08	-2.36190306148e-08	-1.69453963968e-09	2.76582016044e-12	4.58220925271e-10	-3.74982037359e-10	-8.00328777772e-10	4.4826863073e-10
HMPMockV1.2.Staggered1;k__Bacteria;p__Firmicutes;c__Clostridia;Other;Other;Other	-0.0140390624723	0.0335030728514	-0.0136205921371	0.00276538845614	-0.00643196924133	0.00192442224412	0.00407843530989	-0.000602022874768	-0.000788352974145	-0.000697404374202	-0.000303498452295	0.000170068163185	-0.000163245450449	-8.97164978843e-05	-3.84648842552e-05	3.34087154028e-06	2.66782388508e-05	-2.23018462808e-05	5.44604216537e-07	-7.9954604832e-06	-2.58218937086e-06	5.61779425879e-06	-4.71985276895e-06	-1.9224644162e-06	-3.64655368813e-06	3.90395147193e-08	-2.79619400755e-11	4.58220769082e-10	-3.74982045922e-10	-8.00328812827e-10	4.48268632325e-10
HMPMockV1.2.Staggered1;k__Bacteria;p__Proteobacteria;c__Deltaproteobacteria;o__Desulfuromonadales;f__Desulfuromonadaceae;g__Desulfuromonas	-0.0521112224268	0.0032693983047	-0.00109863838482	-0.0193384414655	0.0161582503938	-0.00928262503388	-0.00285095713354	-0.000490990654531	0.00145868107912	-0.000617905165381	1.00609599419e-05	1.8317953976e-05	6.49403715142e-06	-3.69352227365e-06	-6.00861147887e-07	-1.07380716691e-06	5.04805636478e-07	-8.99880144237e-07	9.84637114985e-08	4.10096991672e-08	3.79788239481e-07	-1.12622353165e-07	-6.16401777768e-08	1.4893212765e-08	-2.36190306148e-08	-1.69453963968e-09	2.76582016044e-12	4.58220925271e-10	-3.74982037359e-10	-8.00328777772e-10	4.4826863073e-10
HMPMockV1.2.Staggered2;k__Bacteria;p__Proteobacteria;c__Betaproteobacteria;Other;Other;Other	-0.0137680771663	0.0183373616751	-0.00311378477015	-0.00223039213054	-0.00642249471463	0.00533326409186	0.00179330058159	-0.0008500157667	-0.00154768808527	-0.00031215539911	0.000123503733343	-0.000333802399195	2.60479786704e-05	-0.000133677241004	8.640497819e-05	-5.97812474386e-05	2.2526508361e-06	2.33397320668e-05	-1.92249629869e-05	8.19856096769e-06	1.32964973323e-05	-5.59371722553e-06	6.65484802393e-07	-1.62469240926e-06	-1.14601860631e-06	-4.23639491204e-08	1.9864522618e-11	4.58221012001e-10	-3.74982032617e-10	-8.00328758172e-10	4.4826862976e-10
HMPMockV1.2.Staggered2;k__Bacteria;p__Firmicutes;c__Bacilli;o__Lactobacillales;f__Enterococcaceae;g__Vagococcus	-0.0528093924747	-0.000811470173865	0.000839990206965	-0.0156521684212	0.012676313818	-0.0106677249674	-0.0021107424033	-0.000375885164668	0.00081364753325	0.000404574365795	4.92429012764e-05	5.25474754568e-05	-1.20348858836e-05	1.02020410277e-05	3.90008923685e-06	-2.5834974504e-06	-7.82457991907e-07	3.04581691791e-06	-1.11860785219e-06	2.20659577349e-07	-1.12865341634e-07	-1.47248653338e-07	3.21279724563e-10	-5.53958834146e-08	-2.67152999267e-08	1.01013239746e-09	4.86199806083e-12	4.58220935937e-10	-3.74982036778e-10	-8.00328775406e-10	4.48268630638e-10
HMPMockV1.2.Staggered2;k__Bacteria;p__Proteobacteria;c__Gammaproteobacteria;o__Pseudomonadales;Other;Other	0.114431669148	0.09276783228	0.00058533140619	-0.00474361816445	-0.00835152920071	0.00464901129386	-0.00108684488714	-0.00290755903031	-0.000146532812245	0.000186041258564	4.48847117139e-05	0.000208430532615	3.29585743029e-05	-1.90762974507e-05	-4.23010251567e-05	-1.13990698243e-05	1.01520865473e-05	-1.30524367921e-05	2.83758918917e-05	1.52099666799e-05	3.09742129204e-06	2.57048314142e-06	9.33885131643e-06	1.57764157447e-06	1.30099929153e-07	-1.23132244321e-08	-2.82832198296e-11	4.58220767437e-10	-3.74982045989e-10	-8.00328812994e-10	4.482686322e-10
HMPMockV1.1.Even1;k__Bacteria;p__Proteobacteria;c__Deltaproteobacteria;Other;Other;Other	-0.0416813338089	-0.0125736231869	0.0105278247358	0.0054624850444	0.00373478747654	0.00899862623368	-0.00272860992344	0.00116531539502	-0.00160256373332	0.000540774518992	-4.87716750667e-05	-0.000485712959105	-0.000249029571809	-0.00020983679603	0.000178040657924	-9.67328520617e-05	-3.00327800372e-05	1.06746868555e-06	-1.55519694602e-05	-7.09993527695e-06	2.86469225592e-05	-3.33359759295e-05	6.1443294781e-07	8.51719125598e-06	7.76007133109e-06	-2.10053348334e-07	-7.44910493294e-11	4.58220532333e-10	-3.74982058718e-10	-8.00328864428e-10	4.48268633731e-10
HMPMockV1.2.Staggered2;k__Bacteria;p__WS2;c__;o__;f__;g__	-0.0424127745051	-0.013256595946	0.0108234941537	0.00500056010295	0.0050083395302	0.00993110801292	-0.00376948682686	0.00692485696856	-0.0017164792605	9.18959391268e-05	7.39170121739e-05	0.000114631047685	0.000216143445261	0.000232892084148	-0.000159059530481	7.18063293338e-05	1.37142004834e-05	1.64300988906e-05	4.46579717224e-06	3.91078842767e-07	-3.08981797921e-05	4.98091803695e-06	3.23494019656e-06	-2.30146769279e-06	5.81575424148e-06	-1.30074688862e-06	-1.10742521645e-11	4.58220851671e-10	-3.7498204147e-10	-8.0032878805e-10	4.48268627177e-10
HMPMockV1.1.Even2;k__Bacteria;p__Proteobacteria;c__Gammaproteobacteria;o__Alteromonadales;f__Alteromonadaceae;g__Umboniibacter	-0.0423836907346	-0.0132255914931	0.0108039945423	0.00502713688494	0.00496425842107	0.00992685314779	-0.00372445788274	0.00681584221616	-0.00168044975924	9.6824385306e-05	3.77888991521e-05	0.000130239274666	0.000159969459515	0.000170988707411	-0.000122237751826	5.30836102159e-05	1.25246116448e-05	1.97746803704e-05	1.47088661993e-05	1.49540702681e-05	-2.05713918115e-05	1.41940891864e-05	-7.13854368088e-06	-5.08964178458e-06	-8.85822461536e-07	1.02326077382e-07	8.75038867747e-11	4.5822135622e-10	-3.74982013833e-10	-8.00328682059e-10	4.48268627001e-10
HMPMockV1.1.Even1;k__Bacteria;p__Firmicutes;c__Clostridia;Other;Other;Other	-0.00705340427889	0.0420919666109	-0.0179217740456	0.00209329692313	-0.00929351764678	0.00184956778072	0.00378989122373	-0.000533315491572	0.0012158570728	-0.000453673241547	0.000140553009425	8.58487317378e-05	-0.000166196326262	2.33019151145e-05	-9.92980141503e-05	-3.30161043367e-05	1.55301693731e-05	-1.31704371626e-05	-1.74252319032e-05	-2.56540302896e-05	-4.31185715247e-06	-1.1202098235e-05	-1.1201072085e-05	-1.73239155698e-06	-2.86712853738e-06	1.53924126609e-08	-1.49191341666e-11	4.5822083542e-10	-3.74982042288e-10	-8.00328797891e-10	4.48268631598e-10
HMPMockV1.2.Staggered1;k__Bacteria;p__Firmicutes;c__Clostridia;o__Clostridiales;f__Veillonellaceae;g__Thermosinus	-0.042467736215	-0.0133102405771	0.0108502977441	0.00495647866347	0.00508751163938	0.00995699708464	-0.00384088915722	0.00703415488864	-0.00177763498777	5.77917458741e-05	9.91744836915e-05	2.40807868411e-05	0.00024453548818	0.00031271164127	-0.000233270271477	8.55950983856e-05	3.09199871509e-05	5.90681005256e-05	6.89386452794e-05	8.94555737537e-05	-4.17192545368e-05	1.48061699673e-05	-4.41599271722e-05	-2.24443216806e-05	1.0687927165e-05	1.02394934507e-07	4.89790145565e-10	4.58223401076e-10	-3.74981901904e-10	-8.00328225147e-10	4.48268607581e-10
HMPMockV1.2.Staggered1;k__Bacteria;p__Firmicutes;c__Bacilli;o__Lactobacillales;f__Enterococcaceae;g__Tetragenococcus	-0.0423474062156	-0.0131890755789	0.0107826962733	0.00505712554342	0.0049114491356	0.00991780846405	-0.00367497176471	0.00670939443302	-0.00163804948693	0.00011222371495	4.02947642299e-06	0.000170334065761	0.000113814063504	0.000104891599804	-7.38509632454e-05	3.55295761201e-05	5.6943203399e-06	5.18799769536e-06	-1.9160018159e-06	-7.01122901645e-06	-1.21539907981e-05	6.83380036953e-06	4.62334581226e-06	5.18118209564e-07	-9.15774702212e-07	6.21349089349e-08	-6.32947008989e-12	4.58220879247e-10	-3.74982039906e-10	-8.00328788426e-10	4.48268631397e-10
HMPMockV1.1.Even2;k__Bacteria;p__Firmicutes;c__Clostridia;o__Clostridiales;f__Peptococcaceae;g__Desulfosporosinus	-0.0577999700864	-0.0238010732815	0.0119258908322	0.0056488502548	-0.00433901720468	-0.0043117142635	-0.00739821306474	0.00372313997449	-0.00127610011705	0.000301176307088	-3.11389992673e-05	0.000117339111757	-3.97728710335e-06	-1.52784644714e-05	7.47593386804e-06	-1.78066526996e-05	-1.33554859445e-05	-7.09251539812e-06	-2.76029241976e-06	1.96524955737e-06	-3.37282335028e-06	1.91497631104e-06	-6.46429439704e-07	2.97840758138e-08	3.80702359822e-07	1.07401869622e-08	-5.33070323146e-13	4.58220908562e-10	-3.7498203827e-10	-8.00328781564e-10	4.48268630924e-10
HMPMockV1.1.Even2;k__Bacteria;p__Firmicutes;c__Bacilli;o__Bacillales;f__Planococcaceae;g__Planomicrobium	-0.0776905172803	-0.0367546871478	0.0131702113345	0.00585806254474	-0.0148346307232	-0.018982484239	-0.0145342447665	0.0010189125858	-0.000475579369775	-0.000982595965583	-3.59484903744e-05	-6.50041182113e-05	3.67462051959e-05	9.51632159244e-06	-1.7647175432e-05	4.55762241627e-06	9.22487772878e-07	-1.39271496724e-06	2.73245162169e-06	-2.51253693996e-07	-1.6350444557e-06	7.25090945619e-07	1.14080856644e-06	-2.98065966113e-06	9.95681396069e-07	6.76202282402e-09	6.61631239877e-11	4.58221247524e-10	-3.74982019731e-10	-8.00328705825e-10	4.48268627707e-10
HMPMockV1.1.Even1;k__Bacteria;p__Firmicutes;c__Bacilli;o__Bacillales;f__Sporolactobacillaceae;g__Pullulanibacillus	-0.0424150584234	-0.0132577292659	0.0108221569575	0.00499985553733	0.00501075306938	0.00993592590229	-0.00376907153561	0.00690635293084	-0.00171756951379	8.50792220398e-05	6.41955021203e-05	9.59144588806e-05	0.000198261692362	0.000227336130249	-0.000163066223002	6.76653387036e-05	1.85278288251e-05	2.94543588511e-05	2.65552862769e-05	3.25644697377e-05	-2.95135395428e-05	9.78513356192e-06	-1.52793084502e-05	-7.7921296196e-06	5.15034624694e-06	8.63645679518e-08	1.94024700519e-10	4.58221897765e-10	-3.74981984161e-10	-8.0032856098e-10	4.4826862181e-10
HMPMockV1.2.Staggered1;k__Bacteria;p__Firmicutes;c__Bacilli;o__Bacillales;f__Planococcaceae;g__Planomicrobium	-0.0868393945714	-0.0545443417183	0.0201742162434	0.0185810785352	-0.0284226610392	-0.0207441778448	-0.0193033924008	0.00244218655898	-0.00159890185038	-0.00105240435364	-4.47443286562e-05	-9.00242652514e-05	7.59400952623e-05	4.56075369535e-05	-4.57976199571e-05	1.46271714764e-05	1.7565142115e-06	1.08969588598e-06	6.45191966435e-06	-3.3355574991e-07	-5.51368315787e-06	2.11816804317e-06	3.26136416223e-06	-7.79866903836e-06	2.64283253389e-06	2.32129367876e-08	1.6929341547e-10	4.58221771749e-10	-3.74981991054e-10	-8.003285888e-10	4.48268622798e-10
HMPMockV1.2.Staggered1;k__Bacteria;p__Firmicutes;c__Bacilli;o__Bacillales;f__Planococcaceae;g__Kurthia	-0.0421780151222	-0.0130153482698	0.0107231273608	0.005164202791	0.00461628562983	0.00986348688746	-0.0035844275842	0.00489548375169	-0.00166449918141	0.000138053496628	2.97425399127e-05	-0.000136836266383	5.26271934791e-05	8.8339447997e-05	-5.67552529794e-05	1.71836261408e-05	1.43229689827e-05	1.58187109767e-05	1.17554569749e-05	1.62292054708e-05	-1.16108518402e-05	7.56423790157e-06	-8.95522689147e-06	-4.63574246848e-06	5.34370526653e-07	5.02030245244e-08	8.41185840743e-11	4.58221338896e-10	-3.74982014748e-10	-8.00328685627e-10	4.48268626973e-10
HMPMockV1.1.Even1;k__Bacteria;p__NC10;c__12-24;o__Methylomirabiliales;f__Methylomirabiliaceae;g__	-0.0422684944169	-0.0131056056121	0.0107479646112	0.00511536652402	0.00476607028058	0.00991719076761	-0.00363321772956	0.0057571481166	-0.00164025799431	0.000124413445599	-5.66461464798e-06	8.86536424236e-06	4.83805517508e-05	6.88621591007e-05	-4.22722860691e-05	7.96072368442e-06	7.63592558767e-07	1.68674711026e-05	3.00391612765e-06	4.38761317805e-07	1.68153144821e-06	6.5744380019e-06	-3.78887138365e-06	3.06770308567e-08	6.07707448627e-06	-2.62998036029e-08	4.45162310669e-11	4.58221137528e-10	-3.74982025676e-10	-8.00328730168e-10	4.48268628604e-10
HMPMockV1.1.Even1;k__Bacteria;p__Proteobacteria;c__Deltaproteobacteria;o__Desulfuromonadales;f__Pelobacteraceae;g__Pelobacter	-0.042430867652	-0.0132748825799	0.0108348032069	0.0049858353343	0.00503463656821	0.00993477312362	-0.0037947391622	0.00698408595582	-0.00173773482451	8.4822030083e-05	9.44359438119e-05	9.87243817463e-05	0.000244852750923	0.000268209929547	-0.000183182405071	8.16246250052e-05	1.57211420066e-05	2.11857472295e-05	8.84929500977e-06	4.2125641257e-06	-3.30086302437e-05	1.04498424585e-05	1.44119467072e-06	-5.22573775319e-06	4.52354853793e-06	1.14780269521e-07	1.56925853053e-10	4.58221709324e-10	-3.74981994484e-10	-8.00328603279e-10	4.48268623718e-10
HMPMockV1.2.Staggered2;k__Bacteria;p__Proteobacteria;c__Alphaproteobacteria;o__Caulobacterales;f__Caulobacteraceae;g__	-0.0452007048788	-0.00943995152018	0.00730265656169	0.00131828137793	0.00136681106528	-0.000548956366995	-0.000927956985197	-3.77118643206e-05	0.000632040920448	0.000127479321991	-7.05641871425e-06	-3.41697671778e-06	8.25437691931e-07	1.93558581041e-06	9.33105703585e-07	1.53292123193e-08	2.18089132156e-07	-1.43391201351e-07	-2.66709699746e-07	-3.63817560422e-08	-4.9115624452e-08	1.74036808964e-10	-8.98223384536e-08	-2.0526863705e-08	3.26333585516e-09	1.4147465273e-10	3.01175182168e-12	4.58220926534e-10	-3.74982037291e-10	-8.003287775e-10	4.48268630723e-10
HMPMockV1.2.Staggered1;k__Bacteria;p__Proteobacteria;c__Deltaproteobacteria;o__Desulfuromonadales;f__Geobacteraceae;g__	-0.0521112224268	0.0032693983047	-0.00109863838482	-0.0193384414655	0.0161582503938	-0.00928262503388	-0.00285095713354	-0.000490990654531	0.00145868107912	-0.000617905165381	1.00609599419e-05	1.8317953976e-05	6.49403715142e-06	-3.69352227365e-06	-6.00861147887e-07	-1.07380716691e-06	5.04805636478e-07	-8.99880144237e-07	9.84637114985e-08	4.10096991672e-08	3.79788239481e-07	-1.12622353165e-07	-6.16401777768e-08	1.4893212765e-08	-2.36190306148e-08	-1.69453963968e-09	2.76582016045e-12	4.58220925271e-10	-3.74982037359e-10	-8.00328777772e-10	4.4826863073e-10
HMPMockV1.1.Even2;k__Bacteria;p__Proteobacteria;c__Deltaproteobacteria;o__Desulfuromonadales;f__Geobacteraceae;g__	-0.067498750823	-0.0213795766036	0.00773512704429	-0.00371209235268	-0.00325227574099	-0.0167352621868	-0.00882728900686	5.97948613031e-05	6.19319125477e-05	-0.000108432795327	8.46707898175e-06	-7.264801613e-06	-2.72672942182e-06	-4.42275202657e-07	3.06650757383e-06	-2.66085480058e-06	-5.15417594997e-07	4.67724718747e-07	-5.56898118561e-07	-7.57428015939e-09	3.18839588975e-07	-1.60541706658e-07	-1.04911110319e-07	-3.22897171729e-08	-3.09731458758e-08	-1.05166903512e-09	3.66863996205e-12	4.58220929865e-10	-3.74982037109e-10	-8.0032877675e-10	4.48268630688e-10
HMPMockV1.2.Staggered2;k__Bacteria;p__Firmicutes;c__Bacilli;o__Bacillales;f__Planococcaceae;g__Planomicrobium	-0.077347185054	-0.0457232892838	0.0181784698436	0.0156733023165	-0.0212665435995	-0.014180217613	-0.0159928113621	0.00341516616202	-0.0016302033114	-0.000811818441517	-1.43725291997e-05	-5.08037449032e-05	0.000113970537718	9.5157721705e-05	-7.77568478827e-05	2.65215304983e-05	2.79004342964e-06	5.88805327159e-06	1.02960001795e-05	-1.86506832959e-07	-1.02482859112e-05	3.70553829213e-06	5.74981952226e-06	-1.31911448663e-05	4.49114088587e-06	4.33828134643e-08	2.85437476085e-10	4.58222362129e-10	-3.74981958759e-10	-8.00328457017e-10	4.48268617276e-10
HMPMockV1.2.Staggered1;k__Bacteria;p__Proteobacteria;c__Alphaproteobacteria;o__Rhodobacterales;f__Rhodobacteraceae;g__Rhodovulum	-0.0423599654556	-0.0132025058375	0.0108001335226	0.00504137191109	0.00491887567045	0.00993192267378	-0.00373125426197	0.00643718488753	-0.00169964040502	0.00010522815188	6.54403951571e-05	6.02367662343e-05	0.000172938907411	0.000181070217278	-0.000118254386925	4.85677320403e-05	7.94699901349e-06	1.14564157745e-05	-2.89019035487e-07	-6.4157672764e-06	-2.48670452105e-05	-1.58722037052e-06	9.1734588849e-06	-4.48216230901e-06	3.82723244389e-06	7.45255921102e-08	1.46541861885e-10	4.58221656445e-10	-3.74981997377e-10	-8.00328614905e-10	4.48268624097e-10
HMPMockV1.2.Staggered1;k__Bacteria;p__Proteobacteria;c__Gammaproteobacteria;o__Pseudomonadales;f__Moraxellaceae;g__Alkanindiges	-0.0506101036467	-0.0119555292687	0.00758302009101	-0.00189243613938	0.00436567983148	-0.00200515176884	-0.00403135013296	0.00120618894132	-0.000708373487775	0.000397781114173	4.14123057779e-05	-0.000208604982323	-3.6208925856e-05	6.89340349619e-06	1.21959334219e-05	-1.15024003125e-05	6.53907543519e-06	3.64515976373e-06	-4.00033865718e-06	-1.71055910566e-06	-8.43522435e-07	4.53515070406e-07	9.13846949882e-08	-5.54521927241e-08	3.28313906904e-08	5.15304573842e-09	8.85067029326e-13	4.58220915744e-10	-3.7498203788e-10	-8.00328779932e-10	4.48268630836e-10
HMPMockV1.2.Staggered1;k__Bacteria;p__Proteobacteria;c__Alphaproteobacteria;o__Rhizobiales;f__;g__	-0.0578179501868	-0.0050386597608	0.00174487995091	-0.0143807372915	0.00969132994142	-0.0117520229374	-0.00535191212415	-0.000312074481921	0.00110431104091	-0.000710109495103	-1.57355589143e-06	-1.12619104003e-06	8.16939916644e-06	-6.35547854603e-06	-4.60194227333e-07	-1.25792791848e-06	4.75561427786e-07	-1.48526619894e-06	1.89444779266e-07	-2.81695425185e-08	4.95004598424e-07	-1.21264322487e-07	-9.56718918599e-08	1.65667705376e-08	-2.55692292461e-08	-2.20881926474e-09	2.52245290009e-12	4.58220924033e-10	-3.74982037427e-10	-8.00328778046e-10	4.4826863074e-10
HMPMockV1.1.Even1;k__Bacteria;p__Proteobacteria;c__Gammaproteobacteria;o__Xanthomonadales;f__Xanthomonadaceae;g__Stenotrophomonas	-0.0344492154753	0.00707477524706	-0.000981157684905	-9.5476848506e-05	-9.44642061851e-05	0.000747289561546	-0.000406983171147	-5.81756275729e-06	0.000169301216715	-0.000377569289896	-1.60022272719e-05	-1.61019481055e-05	7.01495566212e-06	-5.50131355053e-06	-1.73799747921e-06	6.38967323181e-07	4.77529617173e-07	-1.5522782424e-06	4.84460033189e-07	-7.58581331867e-08	1.79095630663e-07	2.04146533563e-08	-2.14592436908e-08	2.714078529e-08	2.66529219012e-09	-1.00259982018e-09	1.74140014893e-12	4.58220920073e-10	-3.74982037644e-10	-8.00328778937e-10	4.48268630781e-10
HMPMockV1.2.Staggered2;k__Bacteria;p__Firmicutes;c__Bacilli;o__Lactobacillales;f__Enterococcaceae;g__Tetragenococcus	-0.0423836864589	-0.0132267578779	0.0108062607097	0.00502555140861	0.00496525377636	0.00992247522524	-0.00372753235908	0.00683804667087	-0.00168213723285	0.000102759264755	4.73980232549e-05	0.000144077639668	0.000177600698543	0.000179486035863	-0.000121038021991	5.82933865434e-05	9.38855492876e-06	8.10970467089e-06	-4.81105845368e-06	-1.13470617397e-05	-2.19519165568e-05	6.55610913699e-06	7.893699041e-06	1.5401894578e-06	1.56795477471e-06	8.17763969517e-08	8.55036989683e-12	4.58220955058e-10	-3.74982035747e-10	-8.00328771618e-10	4.48268630758e-10
HMPMockV1.1.Even2;k__Bacteria;p__Proteobacteria;c__Deltaproteobacteria;o__Desulfobacterales;f__Desulfobulbaceae;g__	-0.05043650759	0.000891947470189	0.00056664049635	-0.0159537544233	0.013827711423	-0.0102597888048	-0.00047301299058	-0.000397012740014	0.000617179525599	0.00103363334376	7.72836325865e-05	8.1551501025e-05	-2.34365891681e-05	1.94353131036e-05	6.40373695242e-06	-3.35674753306e-06	-1.50383287819e-06	5.58483132285e-06	-1.8582681215e-06	3.56917996558e-07	-4.50343905186e-07	-1.62837582623e-07	5.22575165656e-08	-9.63739521495e-08	-2.75373573412e-08	2.80545223656e-09	6.17802095897e-12	4.58220942633e-10	-3.74982036412e-10	-8.0032877392e-10	4.4826863058e-10
HMPMockV1.1.Even2;k__Bacteria;p__Firmicutes;c__Bacilli;o__Lactobacillales;f__Aerococcaceae;g__Marinilactibacillus	-0.0423041270792	-0.0131444396067	0.0107542689815	0.00509396267973	0.00484777758087	0.00991338223453	-0.00361333085994	0.00655345942442	-0.00158566686553	0.000124207700338	-5.02278638585e-05	0.000200998088746	3.54862583734e-05	1.48169275413e-05	-1.69508813795e-05	7.63255310044e-06	1.55633466207e-06	4.42384756139e-07	1.05932720251e-06	-1.09499500705e-06	-1.51915918151e-06	2.69175687659e-07	1.14680464349e-06	3.44195836085e-07	8.50777425539e-08	5.25381421162e-09	-1.5903424195e-12	4.58220903172e-10	-3.7498203857e-10	-8.00328782752e-10	4.48268630966e-10
HMPMockV1.1.Even1;k__Bacteria;p__Firmicutes;c__Bacilli;o__Lactobacillales;f__Carnobacteriaceae;g__Carnobacterium	-0.0421949702139	-0.0132771269006	0.0108002779903	0.00492259744669	0.00444500951175	0.00703233083744	-0.00182799547433	0.00621485412971	-0.00202767596625	0.0012983182619	0.000136030425894	0.000155674543419	0.000194260646432	0.000245429031482	-0.000145384982443	7.09362756448e-05	1.00881182733e-05	1.53328220564e-05	-8.22258146652e-06	-1.40887231783e-05	-2.85920848253e-05	8.38399581637e-06	9.8970713068e-06	1.78028684168e-06	2.00318501481e-06	1.07744543111e-07	1.47680938043e-11	4.58220986775e-10	-3.74982034019e-10	-8.00328764688e-10	4.48268630552e-10
HMPMockV1.2.Staggered2;k__Bacteria;p__Proteobacteria;c__Alphaproteobacteria;o__Rhodobacterales;f__Rhodobacteraceae;g__Nautella	-0.0424416800318	-0.013285286465	0.0108393749822	0.00497733480091	0.00505021545863	0.00994230372214	-0.00380894822724	0.00699855568597	-0.0017492828463	7.66118690907e-05	9.59206153584e-05	7.76280759646e-05	0.000245277037556	0.000281130526418	-0.000197826992207	8.20813969653e-05	1.94333701125e-05	3.18728529828e-05	2.64789283711e-05	2.77383562122e-05	-3.51294913236e-05	1.16115692308e-05	-1.04928481995e-05	-1.1610674824e-05	6.62731671293e-06	1.11488676985e-07	2.81402165367e-10	4.58222341962e-10	-3.74981959866e-10	-8.00328461891e-10	4.48268617694e-10
HMPMockV1.2.Staggered2;k__Bacteria;p__Firmicutes;c__Bacilli;o__Bacillales;f__Planococcaceae;g__Kurthia	-0.0423553420049	-0.0131973280529	0.0107944968468	0.00504612909622	0.00491387721066	0.00992790407746	-0.00371499456073	0.0064742440476	-0.00168521720738	0.000106492677942	4.69748723519e-05	7.63534160402e-05	0.000150285855959	0.000159411402624	-0.000107108296703	4.48118609971e-05	1.03622720276e-05	1.40982578608e-05	5.01400307295e-06	5.72282625378e-06	-2.30765539902e-05	-3.16977751679e-07	-3.3171343201e-08	-1.40125894024e-06	2.90235463439e-06	6.1990627726e-08	7.48601088185e-11	4.58221292067e-10	-3.74982017305e-10	-8.0032869622e-10	4.48268627494e-10
HMPMockV1.2.Staggered2;k__Archaea;p__Euryarchaeota;c__Methanobacteria;o__Methanobacteriales;f__Methanobacteriaceae;g__Methanothermobacter	-0.0421491332803	-0.0129809780231	0.0107031337909	0.00520326625543	0.00454580837876	0.00991511889309	-0.00357921496068	0.00428925601974	-0.00165518037178	0.000148349441047	1.85755639496e-05	-0.000238685485657	-1.32525929274e-05	2.647307683e-05	6.32919274124e-06	-2.72230643489e-05	-7.78333081938e-06	2.43786825827e-05	-5.54692446959e-06	-9.16021149102e-06	1.24604601885e-05	1.09024612362e-05	-1.97681457712e-06	6.6948311688e-07	1.00342010353e-06	-2.06065622233e-08	-2.01663709431e-11	4.58220808596e-10	-3.74982043709e-10	-8.00328803672e-10	4.48268631729e-10
HMPMockV1.2.Staggered2;k__Bacteria;p__Proteobacteria;c__Gammaproteobacteria;o__Enterobacteriales;f__Enterobacteriaceae;g__Providencia	-0.0424539517091	-0.0132969647726	0.0108444595662	0.0049672777292	0.00506762507921	0.00994704178661	-0.00382253804209	0.00701578258363	-0.00176296634412	6.83578265186e-05	9.72484389339e-05	5.06979860452e-05	0.000243813446316	0.000296285043539	-0.000214615767949	8.52605264849e-05	2.64482121857e-05	4.55912595953e-05	4.6460379711e-05	5.99787920661e-05	-3.91672497405e-05	1.33656654475e-05	-2.94493655544e-05	-1.38367785402e-05	7.90225347183e-06	1.06472063872e-07	3.2169416809e-10	4.58222546745e-10	-3.74981948652e-10	-8.00328416075e-10	4.48268615713e-10
HMPMockV1.2.Staggered2;k__Archaea;p__Euryarchaeota;c__Methanobacteria;o__Methanobacteriales;f__Methanobacteriaceae;g__Methanobacterium	-0.0413526908176	-0.0121549994555	0.0104099379058	0.00569959755599	0.00332036999028	0.00938260604512	-0.00293840584221	0.000794600484262	-0.00137197269244	0.000153716063909	-5.44285948434e-05	-0.000175547328429	-2.52502495393e-05	-1.4369634627e-05	4.12571901636e-06	1.76523206125e-05	-1.32838471953e-05	6.66192172901e-07	-2.39163901566e-06	-6.15162945679e-06	-9.84087047475e-07	-7.37765702121e-07	-2.46601887661e-06	-2.91153653096e-07	-1.17835389666e-07	3.92239322717e-09	6.48152946625e-12	4.58220944175e-10	-3.74982036326e-10	-8.00328773572e-10	4.48268630572e-10
HMPMockV1.2.Staggered2;k__Bacteria;p__Proteobacteria;c__Gammaproteobacteria;o__Thiotrichales;f__Thiotrichaceae;g__Thiothrix	-0.0423858344534	-0.0132287385367	0.0108064593959	0.00502471302107	0.00496859910725	0.00993150033574	-0.00373348001058	0.00683147577275	-0.00168308183409	9.78102477751e-05	4.41503115394e-05	0.000139507464982	0.000173939787011	0.000178114350595	-0.000123882315179	5.24273046446e-05	7.08720313441e-06	1.13056478967e-05	5.05775328516e-06	-5.92294798425e-06	-1.98500485938e-05	6.27860479603e-06	8.73644306923e-06	-9.05158147623e-06	4.20720836757e-06	7.82260349233e-08	2.17856693725e-10	4.58222018817e-10	-3.74981977549e-10	-8.0032853393e-10	4.4826862066e-10
HMPMockV1.1.Even1;k__Bacteria;p__[Thermi];c__Deinococci;o__Deinococcales;f__Trueperaceae;g__Truepera	-0.0521102164922	0.00326811426577	-0.00109608958395	-0.0193410734386	0.0161729926935	-0.00925236823767	-0.00286405391161	-0.000483710118425	0.00145952073147	-0.000612777328347	1.10977074307e-05	5.15055554516e-05	1.90928383095e-05	-3.04410785414e-05	-1.55656974685e-06	-8.93756759695e-05	-8.18443603766e-05	-5.00521267003e-05	-2.31528680892e-05	7.86508543526e-06	-3.47746365042e-05	1.76856907443e-05	-2.19046582589e-06	2.68945528094e-07	3.59601956738e-06	1.17094680527e-07	-6.45212399981e-13	4.58220908438e-10	-3.74982038258e-10	-8.00328782136e-10	4.48268631267e-10
HMPMockV1.1.Even1;k__Bacteria;p__Proteobacteria;c__Deltaproteobacteria;o__Desulfobacterales;f__Desulfobulbaceae;g__	-0.0536471965321	-0.00570851234817	0.00316634451712	-0.011228640768	0.00849798992709	-0.0123298448875	-0.00122248472701	-0.000237758576833	3.96072782064e-05	0.0016315498032	9.62612308777e-05	9.36229012337e-05	-3.42695935257e-05	2.68767169893e-05	9.30122969853e-06	-4.3951257906e-06	-2.32717434597e-06	7.78065339249e-06	-2.57909372862e-06	4.36239431168e-07	-7.04049638972e-07	-1.88800213545e-07	7.46750287261e-08	-1.3974279883e-07	-3.04308231011e-08	4.25573884201e-09	7.37741154131e-12	4.58220948735e-10	-3.7498203608e-10	-8.00328772566e-10	4.48268630526e-10
HMPMockV1.2.Staggered1;k__Bacteria;p__Actinobacteria;c__Actinobacteria;o__Actinomycetales;f__Nocardiaceae;g__Rhodococcus	-0.0140870016644	0.0176155083972	0.000678553849102	-5.22867982594e-05	-0.00010186771455	3.42497568518e-05	6.83666927459e-06	2.45475653627e-06	1.51155173318e-06	4.29082805198e-06	-1.1344108025e-06	-4.19147753179e-07	8.85955651601e-08	-2.51152135529e-09	2.99965103218e-09	-3.4671858018e-10	-3.59974352269e-09	-1.91908037451e-11	3.69066340512e-09	-2.43346756739e-09	-1.32686980089e-10	-6.39994939478e-10	-6.37700393427e-10	-7.90306254858e-11	-2.45207677638e-10	1.07104156386e-12	2.57596091181e-12	4.58220924318e-10	-3.74982037412e-10	-8.00328777994e-10	4.48268630744e-10
HMPMockV1.1.Even1;k__Bacteria;p__Firmicutes;c__Clostridia;o__Clostridiales;f__Clostridiaceae;g__Sarcina	-0.0563773196767	-0.0261380440271	0.0136447199878	0.00987313917458	-0.00691090124723	-0.000311661607188	-0.00846773484858	0.00166025676651	-0.00149852574928	-0.000281717616674	-3.44328229294e-05	-0.000179537828504	1.71315126766e-05	4.48572914207e-05	1.89751820645e-05	-6.45358432543e-05	6.99968059301e-06	1.64524785124e-05	5.09557394037e-06	1.52151815423e-05	8.78282882145e-06	-7.18348736194e-07	7.88690970362e-06	1.3566250266e-06	-6.02447280475e-07	-2.63491405021e-08	-2.32563964537e-11	4.58220792931e-10	-3.74982044606e-10	-8.00328807232e-10	4.48268631893e-10
HMPMockV1.2.Staggered2;k__Bacteria;p__Proteobacteria;c__Deltaproteobacteria;o__Desulfuromonadales;f__Desulfuromonadaceae;g__	-0.0546642322142	-0.000447364514069	0.000173461923263	-0.0171205211772	0.013265154402	-0.0103873556749	-0.00396980541881	-0.00041094920889	0.00130014711466	-0.000659154470783	4.85604496384e-06	9.61925752146e-06	7.24354121077e-06	-4.88439744814e-06	-5.37931209744e-07	-1.15617697682e-06	4.9172270101e-07	-1.16176337924e-06	1.39165768131e-07	1.00610910447e-08	4.31332400061e-07	-1.16488497336e-07	-7.68648919718e-08	1.56419096633e-08	-2.44914878972e-08	-1.92461210352e-09	2.65694533344e-12	4.58220924717e-10	-3.7498203739e-10	-8.00328777894e-10	4.48268630735e-10
HMPMockV1.1.Even2;k__Bacteria;p__Firmicutes;c__Clostridia;o__Clostridiales;f__Veillonellaceae;g__Thermosinus	-0.04246298922	-0.0133056352367	0.0108482603071	0.0049600917966	0.00508059300965	0.00995258446816	-0.00383391394666	0.00702803581938	-0.00177273260044	6.17054169828e-05	9.84188939411e-05	3.24752285762e-05	0.00024378417605	0.000307181431847	-0.000226889517133	8.61674585763e-05	3.01040179491e-05	5.4837661131e-05	6.11906392031e-05	8.07361061428e-05	-4.1261807852e-05	1.44226620023e-05	-4.04925333674e-05	-1.81827144551e-05	9.44105967605e-06	1.03468007956e-07	4.0580638603e-10	4.58222974238e-10	-3.74981925258e-10	-8.00328320526e-10	4.48268611636e-10
HMPMockV1.2.Staggered2;k__Bacteria;p__Firmicutes;c__Clostridia;o__Clostridiales;f__Veillonellaceae;g__Thermosinus	-0.0424531745483	-0.0132962730779	0.0108441760303	0.00496806569893	0.00506662288657	0.00994814760406	-0.00382261381156	0.00701439475809	-0.00176188684068	6.84877504584e-05	9.72962019545e-05	5.35057887234e-05	0.000244624092333	0.000295144421311	-0.000213490651429	8.40771181895e-05	2.49698895497e-05	4.41360064433e-05	4.52051390532e-05	5.58923813547e-05	-3.83096608775e-05	1.30938066774e-05	-2.62513489817e-05	-1.55489100304e-05	8.23223775751e-06	1.07262499697e-07	3.5641608153e-10	4.58222723215e-10	-3.74981938999e-10	-8.00328376658e-10	4.48268614046e-10
HMPMockV1.2.Staggered2;k__Bacteria;p__Proteobacteria;c__Gammaproteobacteria;o__Alteromonadales;f__Moritellaceae;g__	-0.0423909784222	-0.0132343237334	0.0108102222485	0.00501942841691	0.00497636124721	0.00992860271808	-0.00374005687683	0.00685524080871	-0.00169018290755	9.87647442374e-05	5.19531361713e-05	0.000136904880971	0.000185498488525	0.000190910106584	-0.000130303243298	5.86699231862e-05	8.87739160702e-06	9.82232068446e-06	-1.58803002249e-07	-8.8475393403e-06	-2.2896580571e-05	3.57597622534e-06	9.07329454052e-06	-3.59048112105e-06	5.01406894885e-06	6.96756822626e-08	1.33280250945e-10	4.58221589031e-10	-3.74982001044e-10	-8.00328629916e-10	4.48268624709e-10
HMPMockV1.2.Staggered1;k__Bacteria;p__Proteobacteria;c__Gammaproteobacteria;o__Thiotrichales;f__Thiotrichaceae;g__Thiothrix	-0.0422954540191	-0.0131332564601	0.0107677952715	0.00509214879972	0.00480274813179	0.00992440809996	-0.00368169864393	0.00578334170645	-0.0016827033501	0.000114684181253	3.92357592021e-05	-2.96104369848e-05	0.000108889744312	0.000138796198157	-8.54380290332e-05	2.532198357e-05	3.59813132409e-07	2.03411051793e-05	7.08873380154e-07	-1.07243109388e-05	-3.42880615303e-06	1.35712260527e-05	4.39921051171e-06	-5.55191249976e-06	5.94651535235e-06	2.30052182105e-08	1.46923463868e-10	4.58221658099e-10	-3.74981997224e-10	-8.00328614144e-10	4.48268623847e-10
HMPMockV1.2.Staggered1;k__Bacteria;p__Firmicutes;c__Bacilli;o__Lactobacillales;f__Lactobacillaceae;g__	-0.0461842815233	-0.00594064801784	0.00560138722345	-0.00530914770742	0.0090253074849	-0.000259831700961	-0.00193233986286	0.00162336596757	-0.000469462609867	0.000588613197149	4.58118883185e-05	-3.35977813332e-05	2.42785282357e-06	2.74586875305e-05	-3.70028540617e-06	9.27087517601e-06	-2.44465261484e-05	1.03943973342e-05	7.56234838124e-08	-5.36463750598e-07	4.53623260556e-07	-6.00388577777e-06	7.83910413546e-07	9.21686452911e-07	2.17596267068e-06	-2.34684313337e-08	1.93466956572e-11	4.58221009578e-10	-3.7498203273e-10	-8.00328758841e-10	4.48268629869e-10
HMPMockV1.1.Even1;k__Bacteria;p__Proteobacteria;c__Gammaproteobacteria;o__Enterobacteriales;f__Enterobacteriaceae;g__Enterobacter	-0.0423419598321	-0.0131823446217	0.0107911998165	0.00505534902913	0.00488395140521	0.0099212037603	-0.00371558469545	0.00624510312881	-0.00169773008794	0.000108688170897	5.96882579928e-05	3.11022337476e-05	0.00016043619127	0.000182043592206	-0.000115027115831	4.89975150455e-05	6.16470370226e-06	1.54099149263e-05	-6.69476185213e-06	-1.49904099488e-05	-1.49074569124e-05	1.19673221126e-05	6.49535669572e-06	2.02250792687e-06	3.32636287956e-06	5.99673285519e-08	3.42074975046e-12	4.58220928915e-10	-3.74982037143e-10	-8.003287773e-10	4.48268630908e-10
HMPMockV1.1.Even1;k__Bacteria;p__Proteobacteria;c__Betaproteobacteria;o__Neisseriales;f__Neisseriaceae;g__Eikenella	-0.042296339813	-0.013136138193	0.0107494251478	0.00510129903536	0.00483588262059	0.00991161009407	-0.0036013337631	0.0065275094803	-0.00157606183429	0.000125770650695	-5.78329890736e-05	0.000207077928251	2.33050498567e-05	-4.57979286219e-07	-7.23457528202e-06	3.24746641815e-06	5.81784191521e-07	6.66404928467e-07	2.0036990147e-06	-6.66790385656e-07	1.29520052978e-06	4.98600138252e-06	1.58021326996e-07	-5.81152472198e-07	-3.1249842734e-06	2.36291512801e-08	-1.99727204558e-11	4.58220809664e-10	-3.74982043716e-10	-8.00328803732e-10	4.48268631909e-10
HMPMockV1.1.Even1;k__Bacteria;p__Firmicutes;c__Bacilli;o__Lactobacillales;f__Lactobacillaceae;g__	-0.0499870324435	-0.000307128741939	0.00148292444153	-0.0140343856157	0.0137113469165	-0.00510780783508	-0.00302868764916	0.00106636148066	0.000787261277301	-0.000458139231886	4.55981911354e-06	5.19511872471e-05	2.49779024556e-05	1.56053953832e-05	-1.38715194697e-05	5.20396653005e-06	1.70794937346e-06	-8.32103599089e-07	-6.37024733086e-07	-6.34152467058e-07	-2.84738612856e-06	-4.74644847393e-06	1.18984853464e-06	1.01182904786e-06	3.21007271864e-06	-1.85593650013e-08	2.02012063315e-11	4.58221013975e-10	-3.74982032476e-10	-8.00328757874e-10	4.48268629838e-10
HMPMockV1.2.Staggered2;k__Bacteria;p__Firmicutes;c__Bacilli;o__Lactobacillales;f__Lactobacillaceae;Other	-0.0319734821112	0.00131778440468	0.00361102801162	0.00640669945368	-0.00504217031935	-0.000466070989496	0.00810945539139	-0.00249721738489	0.000400215406724	7.03704855719e-05	-0.000244888504495	0.00066216297595	-2.38039895035e-05	4.70407447729e-05	-9.10441507652e-06	-8.37891841762e-06	-3.3767762693e-05	6.88115420949e-05	1.58510393015e-05	6.44785194979e-07	-6.78162471791e-06	-1.36376835677e-06	4.98525953707e-06	9.09077327757e-07	-3.41176416247e-07	3.40836101579e-08	2.73375060705e-11	4.5822105033e-10	-3.74982030562e-10	-8.00328750117e-10	4.48268629712e-10
HMPMockV1.2.Staggered2;k__Bacteria;p__Firmicutes;c__Bacilli;o__Lactobacillales;f__Aerococcaceae;g__Alkalibacterium	-0.0418718309526	-0.0126841408884	0.0105984484907	0.00536670081519	0.00416148963845	0.00965367730599	-0.00331805175328	0.00429324430773	-0.00147988798959	0.000105257464026	-5.28458008435e-05	0.000124683736678	6.14021751733e-05	6.29660289274e-05	-5.14900936819e-05	2.19884103125e-05	7.91433625156e-06	1.10028620247e-05	1.3823340601e-05	1.97263232302e-05	-9.7900181419e-06	-2.95209068426e-07	-1.04565854226e-05	-1.0692350384e-06	3.44400009609e-06	3.9614471746e-09	5.26460045729e-11	4.58221178938e-10	-3.74982023458e-10	-8.00328721121e-10	4.48268628338e-10
HMPMockV1.1.Even2;k__Bacteria;p__Firmicutes;c__Clostridia;o__Clostridiales;f__Clostridiaceae;g__Sarcina	-0.0544537940806	-0.0243462591913	0.0132348700973	0.00931101287722	-0.00552395897748	0.000990983853951	-0.00778767660054	0.00168766806885	-0.001496137119	-0.000233025253573	-3.20676228549e-05	-0.000180954374149	1.69748560852e-05	4.79519628124e-05	1.9774328777e-05	-6.7227017589e-05	7.29287410302e-06	1.74232672133e-05	5.2792161644e-06	1.59004943857e-05	9.10559845323e-06	-7.4149089462e-07	8.24507576671e-06	1.41434270368e-06	-6.2689300054e-07	-2.72310198086e-08	-2.42978571016e-11	4.58220787635e-10	-3.74982044896e-10	-8.00328808412e-10	4.48268631939e-10
HMPMockV1.1.Even2;k__Bacteria;p__Proteobacteria;c__Gammaproteobacteria;o__Oceanospirillales;f__Oceanospirillaceae;g__Oleibacter	-0.051601089244	0.00254526803379	-0.000590706203219	-0.0183094636584	0.01545536562	-0.0095668675745	-0.00213292925441	-0.000459223230067	0.0012029369769	-0.000113033516064	3.09707940027e-05	5.19923385019e-05	2.86245573165e-06	-8.28368379701e-06	1.11544757874e-06	-4.01607319751e-05	-3.59105043519e-05	-2.02968142873e-05	-1.06063380641e-05	3.53892776189e-06	-1.51573931714e-05	7.61049174982e-06	-9.52552030853e-07	9.14868214125e-08	1.54894434734e-06	5.13225101342e-08	2.32125842068e-12	4.58220923236e-10	-3.74982037462e-10	-8.00328778497e-10	4.48268630918e-10
HMPMockV1.1.Even2;k__Bacteria;p__Proteobacteria;c__Gammaproteobacteria;o__Enterobacteriales;f__Enterobacteriaceae;g__Erwinia	-0.0448712641021	-0.0155310674548	0.0113189028105	0.00583169829658	0.00297529152082	0.00817575781804	-0.00459075136632	0.00594855048491	-0.00168731232121	3.69897035877e-05	3.3440687386e-05	-5.14186429186e-06	0.000117771668439	0.00015451908225	-0.000107822417771	3.97275299605e-05	1.42197276846e-05	3.33152047612e-05	2.28861097803e-05	3.36618374369e-05	-1.41574285501e-05	1.80213794326e-05	-2.37435757195e-05	-5.65044841756e-07	1.21865410762e-06	5.58791846348e-08	5.57582692809e-12	4.58220939723e-10	-3.74982036564e-10	-8.00328774791e-10	4.48268630749e-10
HMPMockV1.1.Even2;k__Bacteria;p__Firmicutes;c__Bacilli;o__Lactobacillales;f__Aerococcaceae;g__Alkalibacterium	-0.0416351111744	-0.0124317527105	0.0105148327439	0.00551474212366	0.00378491706028	0.00951157586321	-0.00316334034865	0.00303679632999	-0.00142861972881	9.05918024039e-05	-4.75313189394e-05	7.47778877514e-05	8.64044528866e-05	0.000103426104641	-8.09982602181e-05	3.18105669542e-05	1.11657621314e-05	1.90058673256e-05	2.48351179619e-05	3.29914368081e-05	-1.52685319585e-05	-2.06396339597e-07	-1.60814825854e-05	-6.3727157503e-06	6.61467062307e-06	8.11967622668e-09	1.75156488327e-10	4.58221801671e-10	-3.74981989377e-10	-8.00328582008e-10	4.48268622445e-10
HMPMockV1.1.Even2;k__Bacteria;p__Firmicutes;c__Bacilli;o__Lactobacillales;f__Carnobacteriaceae;g__Carnobacterium	-0.0445068781496	-0.00897519455258	0.0076593922088	-0.00149283895032	0.0068005566246	-0.000747347126253	0.000282504340461	0.0035451555843	-0.0014840410154	0.00226608221472	0.000155606319514	0.000166297773984	8.48222493455e-05	0.00016716782305	-7.81214256708e-05	3.87611527891e-05	3.99015680984e-06	1.55356377102e-05	-6.86997280206e-06	-7.91601815127e-06	-1.75097128005e-05	4.82103295845e-06	5.90501628106e-06	9.32578797549e-07	1.16185295236e-06	6.73349133216e-08	1.34453685846e-11	4.58220979865e-10	-3.7498203439e-10	-8.0032876599e-10	4.48268630465e-10
HMPMockV1.2.Staggered1;k__Bacteria;p__Firmicutes;c__Bacilli;o__Lactobacillales;f__Aerococcaceae;g__Facklamia	-0.0530394142137	-0.000578853741223	0.000660021251848	-0.0160226598333	0.0129139404147	-0.0105667055884	-0.00240528674164	-0.000385935903775	0.000910786002302	0.000209420846668	4.12544426249e-05	4.49844142e-05	-8.49811808359e-06	7.46118391027e-06	3.07543671245e-06	-2.31551796374e-06	-5.45917140531e-07	2.27827463629e-06	-8.87495791686e-07	1.83035351357e-07	-1.4378833642e-08	-1.41380499522e-07	-1.32958018106e-08	-4.2274011966e-08	-2.6264707005e-08	4.76886636409e-10	4.45849384438e-12	4.58220933884e-10	-3.7498203689e-10	-8.00328775861e-10	4.48268630655e-10
HMPMockV1.1.Even1;k__Bacteria;p__Cyanobacteria;c__4C0d-2;o__;f__;g__	-0.0423519393019	-0.0131929664055	0.0107846868863	0.00505456120072	0.00491730782968	0.0099198722041	-0.00367923299914	0.00671569527808	-0.00164254344481	0.000107513483164	6.20766291266e-06	0.000160372517573	0.000114215088339	0.000110569897382	-8.07761060741e-05	3.61921519537e-05	7.58868826868e-06	1.24175655464e-05	8.10277482363e-06	5.49135952504e-06	-1.19515115676e-05	1.54146814474e-05	-3.00039925023e-06	-3.47915694696e-06	-4.56018664031e-06	9.78798622662e-08	2.09362554682e-11	4.58221017746e-10	-3.74982032373e-10	-8.0032875765e-10	4.48268630192e-10
HMPMockV1.2.Staggered2;k__Bacteria;p__Proteobacteria;c__Alphaproteobacteria;o__Sphingomonadales;Other;Other	-0.0420727916697	-0.0129085728653	0.0106035094342	0.00528655374561	0.00451105040702	0.00989665195925	-0.00329580700066	0.00573103873629	-0.00130724861672	0.000195298809677	-0.000340206995147	0.000381541113155	-0.000371006938946	-0.000463331558386	0.000291215133962	-0.000143899852231	-2.75718435432e-05	-4.47926390614e-05	-4.8507018167e-06	-2.94296005287e-06	5.24452541956e-05	-7.17683548175e-05	9.13998577926e-06	1.65577670417e-06	2.62144566032e-05	-4.55235542974e-07	2.13310985251e-10	4.58221994884e-10	-3.74981978493e-10	-8.00328536333e-10	4.48268619038e-10
HMPMockV1.2.Staggered1;k__Bacteria;p__Proteobacteria;c__Betaproteobacteria;o__Neisseriales;f__Neisseriaceae;g__	-0.0440700883417	-0.00902042052309	0.0078831294006	-0.000391897142882	0.00649151742501	0.00330112498919	-0.00186966513612	0.00130504577883	-0.00111905295391	0.000849036635062	4.17916368072e-05	-0.000274250431014	-7.13996336538e-05	-1.18208322207e-06	1.38124849472e-05	1.48586711883e-06	2.33517476103e-05	-1.03922022134e-05	-4.50698764518e-06	-1.31993669612e-06	-5.18561361629e-06	3.2587554702e-06	8.39001216808e-07	-2.41147646328e-07	5.77564884273e-07	1.95055030589e-08	4.70633909215e-13	4.58220913698e-10	-3.74982037983e-10	-8.00328780454e-10	4.48268630901e-10
HMPMockV1.1.Even2;k__Bacteria;p__Firmicutes;c__Bacilli;o__Lactobacillales;f__Leuconostocaceae;g__Weissella	-0.0411744248214	-0.0119708919174	0.0103409473204	0.00580398302594	0.00305281662553	0.00924382010195	-0.00277590648923	0.000228747123794	-0.00128971651218	0.000155217923584	-8.3376904076e-05	-9.85154278726e-05	-2.6954938632e-05	-4.14324033243e-05	-5.19884313331e-06	4.12429427389e-05	-1.46742819555e-05	6.1909455899e-07	-1.01446287128e-05	-2.06450701947e-05	-6.05483582924e-06	-1.43512007217e-06	-9.40130218983e-06	-1.27609822098e-06	7.19885528856e-08	2.06938294952e-08	2.29867336236e-11	4.58221028126e-10	-3.7498203173e-10	-8.00328754886e-10	4.4826862983e-10
HMPMockV1.1.Even2;k__Bacteria;p__Proteobacteria;c__Gammaproteobacteria;o__Alteromonadales;f__OM60;g__	-0.0609307107832	-0.00957032779655	0.00329588995222	-0.0116765350147	0.00616391878555	-0.0130989672484	-0.00671606939176	-0.000214483842316	0.000911018292794	-0.000760402765861	-7.91965543689e-06	-1.17320883215e-05	9.08323299282e-06	-7.80745469461e-06	-3.83466816121e-07	-1.35835741934e-06	4.59610041226e-07	-1.80456768333e-06	2.39070816231e-07	-6.59036743471e-08	5.57849885121e-07	-1.25978123936e-07	-1.14234644996e-07	1.74796202317e-08	-2.66329739541e-08	-2.48933542387e-09	2.3897071217e-12	4.58220923358e-10	-3.74982037464e-10	-8.00328778195e-10	4.48268630746e-10
HMPMockV1.1.Even2;k__Bacteria;p__Proteobacteria;c__Gammaproteobacteria;o__Chromatiales;f__;g__	-0.0581929748824	-0.00711685790039	0.00272711933015	-0.0125150657504	0.00792096656056	-0.01245579744	-0.00499317273626	-0.00025370848166	0.000780183495074	-0.000199288840107	1.79645306129e-05	1.5900187223e-05	-1.08744706917e-06	5.80203303371e-07	1.79092036012e-06	-2.01360997273e-06	-1.68203314627e-07	4.84921486423e-07	-4.18677452269e-07	6.13409454737e-08	2.4920151859e-07	-1.38616754252e-07	-6.48458527188e-08	-1.85701704713e-08	-2.71262284413e-08	-8.5882088084e-10	3.56943563546e-12	4.5822092936e-10	-3.74982037136e-10	-8.00328776864e-10	4.48268630694e-10
HMPMockV1.2.Staggered2;k__Bacteria;p__Proteobacteria;c__Gammaproteobacteria;o__Oceanospirillales;f__Alcanivoracaceae;g__Alcanivorax	-0.0491933405603	-0.0195504210655	0.0122195193565	0.00715222027425	-0.000246612091448	0.00518918969479	-0.00606120230531	0.00598453774149	-0.00161630152818	-6.57691810892e-05	-3.20061354921e-05	0.000122490099674	6.38429425901e-05	6.11006000397e-05	-5.28395873809e-05	2.27157047826e-05	1.11435062914e-05	1.29642348175e-05	1.51810470296e-05	2.67354999697e-05	-1.10731220309e-05	-1.63454804468e-07	-1.6406502161e-05	3.27788769458e-06	2.64241273026e-06	-2.70511556087e-10	-3.36981503669e-11	4.582207401e-10	-3.74982047463e-10	-8.00328819135e-10	4.48268632478e-10
HMPMockV1.1.Even1;k__Bacteria;p__Proteobacteria;c__Alphaproteobacteria;o__Rhodobacterales;Other;Other	-0.015514692789	0.0233985138567	-0.0104475688286	-0.0049990707048	-0.0130116463406	0.00263292296052	0.00551259070407	-0.000669598765568	0.000621793374324	-0.000312781585381	-0.000273212510348	-0.000156675453958	8.48796926646e-05	-0.000106131528917	-3.94096109633e-05	-1.76697338555e-05	3.59182993683e-05	2.05177502213e-05	1.91518801593e-05	-2.75113599402e-05	-2.08915221825e-05	-4.22575624149e-06	-5.07859038547e-06	-8.04616210966e-07	-1.18133095253e-06	7.52511800249e-08	2.08818205795e-11	4.58221017676e-10	-3.74982032343e-10	-8.0032875758e-10	4.48268630142e-10
HMPMockV1.1.Even1;k__Bacteria;p__Proteobacteria;c__Alphaproteobacteria;o__Rhodobacterales;f__Rhodobacteraceae;g__	-0.0590408204211	-0.0068189579177	0.00235420530856	-0.0133183721113	0.00830556127304	-0.012281179631	-0.00588783105071	-0.000273735302076	0.00102837460415	-0.000729867565758	-4.06666642714e-06	-5.29279354345e-06	8.52840531251e-06	-6.92589774726e-06	-4.30051315785e-07	-1.29738236525e-06	4.69294811637e-07	-1.61070606781e-06	2.08940722359e-07	-4.29936657368e-08	5.19693818198e-07	-1.23116173056e-07	-1.02964402021e-07	1.69253900603e-08	-2.59871289528e-08	-2.31902204154e-09	2.47030277286e-12	4.58220923768e-10	-3.74982037441e-10	-8.00328778104e-10	4.48268630742e-10
HMPMockV1.1.Even1;k__Bacteria;p__Firmicutes;c__Clostridia;o__Clostridiales;f__Peptococcaceae;g__Desulfosporosinus	-0.0556747588637	-0.0122956660148	0.0062928189198	-0.00520530492881	0.00429245667331	-0.00711575844961	-0.00530814637051	0.00175214821829	-0.00011500208198	3.53964175254e-05	-5.45595839277e-06	7.98565860116e-05	-9.07167522734e-08	-1.17967514146e-05	4.27540877374e-06	-2.41333023981e-05	-2.00537709935e-05	-1.13040425274e-05	-5.29480698843e-06	2.31662886123e-06	-7.24262471075e-06	3.7678367508e-06	-6.97803476733e-07	5.08817321395e-08	7.62015681914e-07	2.41049325168e-08	8.42694324143e-13	4.58220915609e-10	-3.74982037883e-10	-8.0032878006e-10	4.48268630902e-10
HMPMockV1.2.Staggered2;k__Bacteria;p__Proteobacteria;c__Gammaproteobacteria;o__Oceanospirillales;f__Oceanospirillaceae;g__Oleibacter	-0.0517553702283	0.00276431234651	-0.000743852682227	-0.0186220726827	0.0156728283695	-0.00947156474516	-0.00235448218083	-0.000466643499266	0.0012806896298	-0.000264471034936	2.49486465567e-05	5.18448284867e-05	7.7807534825e-06	-1.49980458408e-05	3.05745358867e-07	-5.50743513674e-05	-4.98298546625e-05	-2.93135756246e-05	-1.44083168596e-05	4.84988463261e-06	-2.11020123632e-05	1.06635823542e-05	-1.32767742329e-06	1.45262187074e-07	2.1692701716e-06	7.12534708593e-08	1.42232786895e-12	4.58220918752e-10	-3.74982037703e-10	-8.003287796e-10	4.48268631024e-10
HMPMockV1.2.Staggered1;k__Bacteria;p__Proteobacteria;c__Alphaproteobacteria;o__Rhodobacterales;f__Rhodobacteraceae;g__Nautella	-0.0424383414938	-0.0132820683219	0.0108379587476	0.00497994141657	0.0050453931454	0.00993981010595	-0.00380444873361	0.00699412342463	-0.00174574266891	7.91939692068e-05	9.54464001929e-05	8.40099459593e-05	0.000245060034846	0.000277162701351	-0.000193312596805	8.20579908616e-05	1.8411005463e-05	2.86432424731e-05	2.10342083501e-05	2.07192016904e-05	-3.45467252449e-05	1.127211998e-05	-7.04723252598e-06	-9.41723568184e-06	5.92854028787e-06	1.12448398358e-07	2.38503051278e-10	4.58222123932e-10	-3.74981971796e-10	-8.00328510616e-10	4.48268619769e-10
HMPMockV1.1.Even2;k__Bacteria;p__Firmicutes;c__Clostridia;o__Clostridiales;f__Ruminococcaceae;g__	-0.0590408204211	-0.0068189579177	0.00235420530856	-0.0133183721113	0.00830556127304	-0.012281179631	-0.00588783105071	-0.000273735302076	0.00102837460415	-0.000729867565758	-4.06666642714e-06	-5.29279354345e-06	8.52840531251e-06	-6.92589774726e-06	-4.30051315785e-07	-1.29738236525e-06	4.69294811637e-07	-1.61070606781e-06	2.08940722359e-07	-4.29936657368e-08	5.19693818198e-07	-1.23116173056e-07	-1.02964402021e-07	1.69253900603e-08	-2.59871289528e-08	-2.31902204154e-09	2.47030277286e-12	4.58220923768e-10	-3.74982037441e-10	-8.00328778104e-10	4.48268630742e-10
HMPMockV1.2.Staggered2;k__Bacteria;p__Proteobacteria;c__Alphaproteobacteria;o__Rhodobacterales;f__Rhodobacteraceae;g__Rhodovulum	-0.0423524994325	-0.0131949502741	0.0107965935438	0.00504687534219	0.00490703342895	0.00992634202079	-0.0037211078446	0.00639963691468	-0.00169451653941	0.00010972675168	6.29030198083e-05	6.11734303531e-05	0.000166645606163	0.000172420833924	-0.000110230976622	4.86709645365e-05	8.8383671247e-06	9.22086037401e-06	-5.83195974535e-06	-8.89959524353e-06	-2.51709973813e-05	-2.28947603616e-06	8.33316001765e-06	1.69153124473e-06	2.23240264246e-06	7.1827575749e-08	2.37583361897e-11	4.58221032406e-10	-3.74982031518e-10	-8.00328754316e-10	4.48268630005e-10
HMPMockV1.1.Even1;k__Bacteria;p__Firmicutes;c__Bacilli;o__Bacillales;f__Planococcaceae;g__Ureibacillus	-0.051036797164	-0.0135973044194	0.00841713386157	-0.000437523712788	0.00379252468777	0.000136354716276	-0.00543158525793	0.00322907513284	-0.0006958688142	-0.000245489813564	-1.53999462165e-05	-2.41868768523e-05	1.62666304239e-05	2.18151382351e-05	-1.21238163853e-05	-2.83598229688e-06	-1.65858220112e-06	7.36661511366e-06	-2.36299511323e-06	-5.14246634469e-06	4.67973295379e-06	7.60961056452e-07	6.07933897484e-09	1.80480758699e-06	5.71908153932e-06	-4.59602582294e-08	1.4949315394e-11	4.58220987217e-10	-3.74982033896e-10	-8.0032876366e-10	4.48268629972e-10
HMPMockV1.1.Even1;k__Bacteria;p__Firmicutes;c__Bacilli;o__Bacillales;f__Planococcaceae;g__Planomicrobium	-0.0918916996371	-0.059239418014	0.0212364683594	0.0201287658775	-0.0322315622571	-0.0242378986133	-0.0210654758568	0.00192431031866	-0.00158224139532	-0.00118045814558	-6.09099638508e-05	-0.000110899703501	5.56980855684e-05	1.92340515212e-05	-2.87870631579e-05	8.29630296476e-06	1.20640995023e-06	-1.46426852894e-06	4.40587680951e-06	-4.11823721836e-07	-2.99365266012e-06	1.27327742679e-06	1.93686372866e-06	-4.92848029121e-06	1.65905550783e-06	1.24773572661e-08	1.07474802561e-10	4.58221457515e-10	-3.74982008244e-10	-8.00328658943e-10	4.48268625738e-10
HMPMockV1.1.Even2;k__Bacteria;p__Proteobacteria;c__Deltaproteobacteria;o__Desulfobacterales;f__Desulfobacteraceae;g__Desulfofaba	-0.0424091439827	-0.0132531645296	0.0108209760003	0.00500473744245	0.00500379373656	0.00994239297393	-0.00377131646755	0.0069054922188	-0.00171031094018	8.93514864999e-05	6.81076550059e-05	0.000123294215273	0.000211633392212	0.000222399018791	-0.000153824922356	6.1010092534e-05	6.07112456329e-06	1.30805422252e-05	7.39155588373e-06	-1.06709174698e-05	-2.64995265299e-05	2.27840267033e-06	1.60901137689e-05	-1.69812780056e-05	9.84081820812e-06	-2.16597302158e-06	2.09208283255e-10	4.58221968872e-10	-3.74981980402e-10	-8.00328534282e-10	4.48268613743e-10
HMPMockV1.2.Staggered2;k__Archaea;Other;Other;Other;Other;Other	0.238955895705	0.228811250688	-0.0341177799473	0.0226786711244	0.00804793282561	-0.00334582212812	-0.00587734911845	0.000156746904435	0.000628456391236	0.000618292049726	-0.000298430905908	-8.54030568639e-05	3.59060448797e-05	-5.11077872503e-06	-9.13702850406e-07	-9.77483954558e-07	-3.99972898819e-07	-7.30394404151e-07	8.99437021076e-07	-5.78713612409e-07	3.49092432387e-07	-3.35314183608e-07	-2.78701719748e-07	-7.80800635062e-09	-1.16813077608e-07	-1.3706692617e-09	1.53333976776e-12	4.58220919013e-10	-3.74982037703e-10	-8.00328779172e-10	4.4826863079e-10
HMPMockV1.2.Staggered2;k__Bacteria;p__Proteobacteria;c__Epsilonproteobacteria;o__Campylobacterales;Other;Other	0.205606049235	0.183993912969	-0.0218405336781	0.00493909546402	-0.0028865059407	-0.000320960647475	-0.00310402833738	-0.00010515797931	-0.000436102087057	0.000185583579363	-1.80431430503e-06	8.26359373864e-05	2.62305049519e-05	4.80562860436e-05	4.39568808467e-05	6.50583438327e-06	4.13301548592e-06	-1.56503649375e-05	-2.47532916048e-05	-6.37513124534e-06	2.31126797913e-06	-2.14390812428e-06	-8.50250203303e-06	-1.42212407313e-06	-9.19653402638e-08	-1.27518119018e-08	1.88704059862e-11	4.58221007075e-10	-3.74982032879e-10	-8.00328759404e-10	4.48268629891e-10
HMPMockV1.2.Staggered1;k__Bacteria;p__Firmicutes;c__Bacilli;o__Lactobacillales;f__Enterococcaceae;g__Vagococcus	-0.0548001511376	-0.00504205624479	0.00252356458092	-0.012583684994	0.00925046926003	-0.0120000251882	-0.00252832269172	-0.00027294234413	0.000428427893314	0.000821870273169	6.28387580449e-05	6.16811723567e-05	-1.95956149553e-05	1.54565771303e-05	5.89861266759e-06	-3.29432023065e-06	-1.35078394421e-06	4.58826672006e-06	-1.62087065115e-06	2.78315226843e-07	-2.92998583822e-07	-1.64858583473e-07	1.71994936048e-08	-8.54615690207e-08	-2.86380844403e-08	2.03402887228e-09	5.70142769707e-12	4.58220940208e-10	-3.74982036545e-10	-8.00328774458e-10	4.482686306e-10
HMPMockV1.2.Staggered2;k__Bacteria;p__Proteobacteria;c__Gammaproteobacteria;o__Chromatiales;f__;g__	-0.0598049866249	-0.00905508914949	0.00331824432974	-0.0115252669091	0.0064529873264	-0.0130089436104	-0.00583912307021	-0.000215597896613	0.000760306495833	-0.000363168980355	9.26401946174e-06	5.52657618139e-06	1.88365386482e-06	-2.06789873818e-06	1.23282321297e-06	-1.86733098374e-06	-5.30597925849e-09	-2.16077712751e-07	-2.2921720353e-07	1.67177095035e-08	3.49313914229e-07	-1.36582029912e-07	-8.3275644048e-08	-8.69825220387e-09	-2.72960882453e-08	-1.3731043374e-09	3.21723006123e-12	4.58220927568e-10	-3.74982037234e-10	-8.00328777261e-10	4.48268630709e-10
HMPMockV1.2.Staggered2;k__Bacteria;p__Proteobacteria;c__Alphaproteobacteria;o__Rhizobiales;f__;g__	-0.0618126596188	-0.0108543004066	0.00373534278592	-0.0109103443696	0.00516448562474	-0.0134806014698	-0.00710258061757	-0.000186833161095	0.000856252014163	-0.000774652525909	-9.71771697473e-06	-1.47370925512e-05	9.34215257695e-06	-8.2188479367e-06	-3.61727382945e-07	-1.38681244458e-06	4.55090481701e-07	-1.89503643724e-06	2.53131526704e-07	-7.65950116984e-08	5.75656049685e-07	-1.27313701013e-07	-1.19494091718e-07	1.77382609784e-08	-2.6934368288e-08	-2.56881500229e-09	2.35209581782e-12	4.58220923166e-10	-3.74982037474e-10	-8.00328778237e-10	4.48268630747e-10
HMPMockV1.2.Staggered2;k__Bacteria;p__Proteobacteria;c__Deltaproteobacteria;o__Desulfobacterales;f__Desulfobulbaceae;g__	-0.0594140521739	-0.00961004168403	0.00370723420216	-0.0107359452614	0.00591165194984	-0.0132319056909	-0.0052864522332	-0.000192456293875	0.000564096075404	2.30446446146e-05	2.51221009935e-05	2.58123374054e-05	-3.00035875e-06	-1.12909652815e-06	2.70794466987e-06	-1.7116995203e-05	-1.41988493016e-05	-6.89501946314e-06	-4.56100993136e-06	1.39444226825e-06	-5.70345437683e-06	2.81808659947e-06	-4.11503790055e-07	7.68146187116e-09	5.75062735187e-07	1.94750971282e-08	3.44490482082e-12	4.58220928813e-10	-3.74982037163e-10	-8.0032877709e-10	4.48268630764e-10
HMPMockV1.2.Staggered2;k__Bacteria;p__Proteobacteria;c__Gammaproteobacteria;o__Thiotrichales;f__Piscirickettsiaceae;g__Piscirickettsia	-0.0423481503102	-0.0131895723316	0.0107805181595	0.00505527326494	0.00491274627103	0.00992022691464	-0.0036736337447	0.0066894095677	-0.00163873427889	0.000110172891319	-9.16321664282e-06	0.000154284784192	9.38293050602e-05	9.7587751335e-05	-7.44302321098e-05	3.28211751988e-05	1.17567901852e-05	1.29237621579e-05	1.21151003148e-05	2.10042687229e-05	-1.55260604486e-05	-3.64991864712e-06	-1.15901395862e-05	3.05354968912e-06	5.79084243503e-06	-4.69455119385e-09	7.47464658565e-12	4.58220949474e-10	-3.74982035985e-10	-8.00328772353e-10	4.48268630489e-10
HMPMockV1.2.Staggered2;k__Bacteria;p__Proteobacteria;c__Betaproteobacteria;o__Burkholderiales;f__Oxalobacteraceae;g__Ralstonia	-0.0140870016644	0.0176155083972	0.000678553849102	-5.22867982594e-05	-0.00010186771455	3.42497568518e-05	6.83666927459e-06	2.45475653627e-06	1.51155173318e-06	4.29082805198e-06	-1.1344108025e-06	-4.19147753179e-07	8.85955651601e-08	-2.51152135529e-09	2.99965103218e-09	-3.46718580177e-10	-3.59974352269e-09	-1.91908037466e-11	3.69066340512e-09	-2.43346756739e-09	-1.32686980089e-10	-6.39994939478e-10	-6.37700393427e-10	-7.90306254858e-11	-2.45207677637e-10	1.07104156386e-12	2.57596091181e-12	4.58220924318e-10	-3.74982037412e-10	-8.00328777994e-10	4.48268630744e-10
HMPMockV1.2.Staggered2;k__Bacteria;p__Proteobacteria;c__Betaproteobacteria;o__Neisseriales;f__Neisseriaceae;g__Conchiformibius	-0.0462152965092	-0.00656683109571	0.00600548058153	-0.00466896532527	0.00935473686404	0.00223364568854	-0.00329163181617	0.00369393993003	-0.000353778700469	-0.000169491675397	-4.04307977816e-05	0.00013627436737	3.04591865986e-06	-1.67387216052e-05	4.8552406694e-06	-3.28024657809e-06	-1.30025872785e-08	-1.21906145817e-06	1.53597170234e-06	8.63043329551e-07	2.23722420191e-06	-8.05627101235e-07	-3.2611779665e-07	3.70623889062e-08	-1.75889598095e-07	-8.74883946406e-09	-1.33518186058e-12	4.58220904401e-10	-3.74982038499e-10	-8.00328782393e-10	4.48268630902e-10
HMPMockV1.1.Even2;k__Bacteria;p__Proteobacteria;c__Betaproteobacteria;o__Neisseriales;f__Neisseriaceae;g__Conchiformibius	-0.0422410582475	-0.0130796644816	0.0107313941423	0.00513971768287	0.00473367430777	0.00991762188872	-0.00358638499553	0.005779677801	-0.00159353511081	0.000138135438371	-3.46905775499e-05	6.95286359555e-05	2.95314368579e-07	-1.78841820015e-05	1.44731745612e-05	-1.45929233994e-05	-6.5994231811e-07	2.477375694e-06	5.65492808938e-07	3.6892954472e-06	-3.24713695654e-06	-9.0070480042e-06	5.95307966347e-07	-5.37857087135e-07	-2.70252901922e-06	9.66773273909e-09	1.62839634822e-12	4.58220919519e-10	-3.74982037716e-10	-8.00328779164e-10	4.48268630842e-10
HMPMockV1.2.Staggered2;k__Bacteria;p__Proteobacteria;c__Deltaproteobacteria;o__Desulfobacterales;f__Desulfobacteraceae;g__Desulfococcus	-0.0521110489898	0.00326917691868	-0.0010981989364	-0.019338895254	0.0161607921696	-0.00927740834488	-0.00285321519873	-0.000489735389685	0.00145882584677	-0.000617021055548	1.02397095089e-05	2.40399542304e-05	8.66624424765e-06	-8.30516990603e-06	-7.65638492536e-07	-1.62982673053e-05	-1.36933264348e-05	-9.37440541254e-06	-3.91038659898e-06	1.38998827436e-06	-5.68131947496e-06	2.95605231882e-06	-4.28679082625e-07	5.86953360977e-08	6.00456589731e-07	1.87863603891e-08	2.17771109831e-12	4.58220922369e-10	-3.74982037514e-10	-8.00328778524e-10	4.48268630823e-10
HMPMockV1.2.Staggered1;k__Bacteria;p__Proteobacteria;c__Alphaproteobacteria;o__Rhizobiales;f__Methylocystaceae;g__Pleomorphomonas	-0.0424495698857	-0.0132927609112	0.0108426167827	0.00497076181774	0.00506133759778	0.00994435442585	-0.003817022452	0.00700984162084	-0.00175823118954	7.15832372026e-05	9.66809455971e-05	5.95332623936e-05	0.000243827637959	0.000291001946178	-0.000208664859254	8.48208018346e-05	2.46757003004e-05	4.11081558205e-05	3.93184357149e-05	4.99146397867e-05	-3.81517064138e-05	1.28531822695e-05	-2.40951023725e-05	-1.17296580966e-05	7.15616561525e-06	1.07928575831e-07	2.80912486665e-10	4.58222339476e-10	-3.74981959994e-10	-8.00328462402e-10	4.4826861769e-10
HMPMockV1.2.Staggered1;k__Bacteria;p__Firmicutes;c__Bacilli;o__Gemellales;Other;Other	-0.0414462455725	-0.0122658599208	0.0104192782859	0.00566793414124	0.00340471514724	0.00954528132025	-0.00298255051369	-0.000620413148741	-0.00146215812705	0.000246242165206	-0.000111840222106	-0.000692432308097	-0.000321525321477	-0.000208599072305	0.000157681322253	-6.68529462179e-05	-2.87188643862e-05	1.73131835144e-05	-2.45278756181e-06	-2.07199640317e-05	8.11525773228e-05	7.5722374519e-05	-2.01705279214e-05	2.27948908769e-06	-6.60591107099e-06	-9.39512521564e-08	-2.58132069116e-10	4.58219598043e-10	-3.74982109857e-10	-8.00329073351e-10	4.4826864277e-10
HMPMockV1.1.Even1;k__Bacteria;p__Firmicutes;c__Bacilli;o__Lactobacillales;f__Carnobacteriaceae;Other	-0.0418162642496	-0.0126301549595	0.0105290418185	0.00546683489833	0.00397645410049	0.00988443802293	-0.00328064005163	0.00140676363725	-0.00150155242357	0.0002149426781	-0.000162101825884	-0.000544981297477	-0.000396127671077	-0.000313209924736	0.000248872251581	-0.00017058644343	-3.96945453042e-05	4.02240991164e-05	-9.89362467034e-07	-7.38407928613e-06	9.56241858845e-05	2.84827267747e-05	-2.38172637317e-05	1.51709534203e-06	1.04356883675e-05	-3.23496718194e-07	-6.2325600654e-11	4.58220593198e-10	-3.74982055234e-10	-8.00328849818e-10	4.48268632556e-10
HMPMockV1.1.Even1;k__Bacteria;p__Proteobacteria;c__Deltaproteobacteria;o__Desulfovibrionales;f__Desulfomicrobiaceae;g__Desulfomicrobium	-0.0521112224268	0.0032693983047	-0.00109863838482	-0.0193384414655	0.0161582503938	-0.00928262503388	-0.00285095713354	-0.000490990654531	0.00145868107912	-0.000617905165381	1.00609599419e-05	1.8317953976e-05	6.49403715142e-06	-3.69352227365e-06	-6.00861147887e-07	-1.07380716691e-06	5.04805636478e-07	-8.99880144237e-07	9.84637114985e-08	4.10096991672e-08	3.79788239481e-07	-1.12622353165e-07	-6.16401777768e-08	1.4893212765e-08	-2.36190306148e-08	-1.69453963968e-09	2.76582016045e-12	4.58220925271e-10	-3.74982037359e-10	-8.00328777772e-10	4.4826863073e-10
HMPMockV1.1.Even1;k__Bacteria;p__Firmicutes;c__Bacilli;o__Lactobacillales;f__Aerococcaceae;g__Facklamia	-0.0521112224268	0.0032693983047	-0.00109863838482	-0.0193384414655	0.0161582503938	-0.00928262503388	-0.00285095713354	-0.000490990654531	0.00145868107912	-0.000617905165381	1.00609599419e-05	1.8317953976e-05	6.49403715142e-06	-3.69352227365e-06	-6.00861147887e-07	-1.07380716691e-06	5.04805636478e-07	-8.99880144237e-07	9.84637114985e-08	4.10096991672e-08	3.79788239481e-07	-1.12622353165e-07	-6.16401777768e-08	1.4893212765e-08	-2.36190306148e-08	-1.69453963968e-09	2.76582016045e-12	4.58220925271e-10	-3.74982037359e-10	-8.00328777772e-10	4.4826863073e-10
HMPMockV1.1.Even1;k__Bacteria;p__Proteobacteria;c__Gammaproteobacteria;o__Alteromonadales;f__Alteromonadaceae;g__Umboniibacter	-0.0423754358566	-0.0132182211683	0.0108008689749	0.0050326459108	0.00495307105979	0.00992153224842	-0.00371568924065	0.00680853391938	-0.00167213289846	0.000104983546964	3.72738571839e-05	0.000149980501054	0.000162862904748	0.000162409239445	-0.000110243800002	5.30396704826e-05	8.57632467888e-06	7.31457519825e-06	-4.20227771897e-06	-1.02838844489e-05	-1.98329639401e-05	5.90413085336e-06	7.19402110348e-06	1.41616048962e-06	1.41417493434e-06	7.38407217046e-08	7.49874047143e-12	4.58220949678e-10	-3.7498203604e-10	-8.00328772773e-10	4.4826863078e-10
HMPMockV1.1.Even1;k__Bacteria;p__Proteobacteria;c__Alphaproteobacteria;o__Rhodobacterales;f__Rhodobacteraceae;g__Paracoccus	-0.0452570115732	-0.0158685779459	0.0113479579263	0.00626692235087	0.00193880007963	0.00755274733253	-0.004583340276	0.00398421276155	-0.00156155970243	4.69054285339e-05	1.96634215016e-06	-9.36319736506e-05	3.19967828706e-05	3.07348421974e-05	-1.87650802426e-05	1.39688246941e-05	-3.99186532529e-05	1.88789450736e-05	1.41556812777e-05	2.47025024212e-06	6.28296360564e-06	1.09696892185e-05	1.04528356444e-06	-1.32963074084e-05	-5.39434045194e-06	5.72526498509e-08	1.90991143998e-10	4.58221881752e-10	-3.74981985126e-10	-8.00328564397e-10	4.4826862187e-10
HMPMockV1.2.Staggered2;k__Bacteria;p__Proteobacteria;c__Gammaproteobacteria;o__Xanthomonadales;f__Xanthomonadaceae;g__	-0.0573075227666	-0.00429801532542	0.00149327010028	-0.0148257394258	0.0102818963209	-0.0115045259851	-0.00514030612326	-0.000321548661525	0.00113670091249	-0.00069729853974	3.90907565859e-07	3.02416803682e-05	1.92687428777e-05	-2.99995505465e-05	-1.32606502289e-06	-8.00824428537e-05	-7.30478685653e-05	-4.5318934012e-05	-2.05787962096e-05	6.96378908272e-06	-3.09031618119e-05	1.57708582618e-05	-1.99337053178e-06	2.43249770137e-07	3.20642507242e-06	1.03898902279e-07	-5.01382666347e-13	4.58220909113e-10	-3.74982038223e-10	-8.00328781917e-10	4.48268631219e-10
HMPMockV1.1.Even2;k__Bacteria;p__Actinobacteria;c__Actinobacteria;Other;Other;Other	0.178153296033	0.169607906835	-0.0232238991406	0.00947748055351	-1.08642225106e-05	0.000364776903227	-0.00421574025511	0.00109275532314	0.000743127110758	0.000635118159189	-0.000416227945832	-7.5913133619e-05	5.0574951579e-05	3.5933308719e-05	2.1010272211e-05	1.07691024063e-05	-3.37008604738e-06	2.96414959668e-06	6.75530964846e-06	-2.51321700486e-05	-8.06046264254e-06	1.61083511843e-06	1.01925337448e-05	3.87910398955e-06	-6.80154183603e-07	3.85297270249e-08	-4.79284866784e-11	4.58220667802e-10	-3.7498205147e-10	-8.00328835574e-10	4.48268633342e-10
HMPMockV1.1.Even2;k__Bacteria;p__Proteobacteria;c__Gammaproteobacteria;o__Alteromonadales;f__;g__	-0.0521112224268	0.0032693983047	-0.00109863838482	-0.0193384414656	0.0161582503938	-0.00928262503388	-0.00285095713354	-0.000490990654531	0.00145868107912	-0.000617905165381	1.00609599419e-05	1.8317953976e-05	6.49403715142e-06	-3.69352227365e-06	-6.00861147887e-07	-1.07380716691e-06	5.04805636478e-07	-8.99880144237e-07	9.84637114985e-08	4.10096991672e-08	3.79788239481e-07	-1.12622353165e-07	-6.16401777768e-08	1.4893212765e-08	-2.36190306148e-08	-1.69453963968e-09	2.76582016045e-12	4.58220925271e-10	-3.74982037359e-10	-8.00328777772e-10	4.4826863073e-10
HMPMockV1.1.Even2;k__Bacteria;p__Proteobacteria;c__Gammaproteobacteria;o__Xanthomonadales;f__Sinobacteraceae;g__	-0.0521112224268	0.0032693983047	-0.00109863838482	-0.0193384414656	0.0161582503938	-0.00928262503388	-0.00285095713354	-0.000490990654531	0.00145868107912	-0.000617905165381	1.00609599419e-05	1.8317953976e-05	6.49403715142e-06	-3.69352227365e-06	-6.00861147887e-07	-1.07380716691e-06	5.04805636478e-07	-8.99880144237e-07	9.84637114985e-08	4.10096991672e-08	3.79788239481e-07	-1.12622353165e-07	-6.16401777768e-08	1.4893212765e-08	-2.36190306148e-08	-1.69453963968e-09	2.76582016045e-12	4.58220925271e-10	-3.74982037359e-10	-8.00328777772e-10	4.4826863073e-10
HMPMockV1.1.Even2;k__Bacteria;p__Proteobacteria;c__Alphaproteobacteria;o__Rhodobacterales;Other;Other	-0.018788730611	0.0232114373767	-0.00936164026059	-0.00242531039421	-0.0107358744199	1.86845136862e-05	0.00891939667155	-0.000147418619505	-0.00154826652362	-0.00145557431383	0.000458188784869	-0.000369018543027	2.66754681867e-05	3.90309852528e-05	-1.11360644858e-05	-4.45541846799e-05	-1.90046895111e-06	-4.60054050464e-05	9.3601609949e-06	-1.54925256255e-05	1.49024231422e-05	-7.00290899935e-06	-9.20032164107e-06	-2.4560793974e-07	-1.39387903511e-06	-6.13757552684e-08	-2.83483491507e-11	4.58220766878e-10	-3.7498204601e-10	-8.00328812786e-10	4.48268631983e-10
HMPMockV1.2.Staggered1;k__Bacteria;p__Proteobacteria;c__Gammaproteobacteria;o__Enterobacteriales;f__Enterobacteriaceae;g__Salmonella	-0.0424666667123	-0.0133088784581	0.0108495780091	0.00495626900101	0.00508527279308	0.00994647549585	-0.00383297174114	0.00703478798125	-0.00177797348737	6.13354575642e-05	9.81106963081e-05	1.85017362029e-05	0.000239500726636	0.000312691559418	-0.000232252097354	9.23794294668e-05	3.77439230364e-05	6.20894086713e-05	6.71240417523e-05	0.000101347262091	-4.56950366941e-05	1.58092966182e-05	-5.68704701184e-05	-8.92592724887e-06	7.62358053736e-06	9.94330403068e-08	2.18270928423e-10	4.58222021115e-10	-3.74981977394e-10	-8.00328533424e-10	4.48268620641e-10
HMPMockV1.2.Staggered1;k__Bacteria;p__Proteobacteria;c__Epsilonproteobacteria;o__Campylobacterales;Other;Other	0.179683906631	0.160683639136	-0.0178484759015	0.00336820835475	-0.00590378908096	0.000712128912422	-0.00219171500917	0.00039532330238	0.00187500530863	0.000230316872866	0.000200095544385	8.61784705466e-05	-0.000223051218372	6.63204033966e-05	-2.99237419055e-05	7.53839368037e-06	-9.77735269579e-06	1.94843551096e-05	-3.59271359013e-05	1.0880447033e-05	-2.40381971622e-06	-1.00261842621e-06	3.24868520389e-06	-5.37698451399e-07	-5.83877898074e-07	1.632673032e-08	3.72445224401e-12	4.58220930201e-10	-3.74982037096e-10	-8.00328776764e-10	4.48268630734e-10
HMPMockV1.2.Staggered1;k__Bacteria;p__Proteobacteria;c__Gammaproteobacteria;o__Alteromonadales;f__Moritellaceae;g__	-0.042351783535	-0.0131939379035	0.0107831539097	0.00505302239932	0.00491926274532	0.00993330354447	-0.00368762420406	0.00669939138363	-0.00164143769777	0.000106292230923	-4.42695013824e-06	0.000161455241709	0.000106115139852	0.000103297435945	-7.83149495345e-05	2.63881207247e-05	3.11361569792e-06	7.17044317971e-06	1.10576659185e-05	2.16822634953e-06	-1.17516613129e-05	-8.28387490572e-06	6.85127064479e-06	-1.23461002999e-05	1.14001269626e-05	-1.35896269671e-08	3.41193861422e-10	4.58222645607e-10	-3.7498194318e-10	-8.00328393388e-10	4.482686144e-10
HMPMockV1.2.Staggered1;k__Bacteria;p__Firmicutes;c__Bacilli;o__Bacillales;f__Thermoactinomycetaceae;g__Laceyella	-0.0424127238024	-0.0132566088958	0.0108226727626	0.0050018028123	0.00500889476854	0.00994348315907	-0.00377556628528	0.00691267639427	-0.00171436285317	8.71948953141e-05	6.96863528812e-05	0.000116968183696	0.000213294059273	0.000227582301689	-0.000158575690742	6.23764339717e-05	7.68856493849e-06	1.55340055296e-05	1.17410167858e-05	-3.59990833886e-06	-2.52470357695e-05	2.15878597793e-06	1.19740952218e-05	-1.7374343268e-05	1.0416877182e-05	7.06788076579e-08	4.29454690594e-10	4.58223094385e-10	-3.74981918675e-10	-8.00328293602e-10	4.48268610446e-10
HMPMockV1.2.Staggered1;k__Bacteria;p__Proteobacteria;c__Alphaproteobacteria;o__Rhizobiales;f__Rhizobiaceae;g__Sinorhizobium	-0.0544201303919	-9.46099969872e-05	5.47369423761e-05	-0.0173342583218	0.013554727639	-0.0102533272365	-0.00387572156123	-0.000411638359803	0.00131604525637	-0.000650342311188	6.33912971299e-06	4.20549443034e-05	1.91710181176e-05	-3.0244843877e-05	-1.45412320287e-06	-8.52453501402e-05	-7.79348084605e-05	-4.79484855055e-05	-2.20088361427e-05	7.46450927857e-06	-3.30539810854e-05	1.68346540854e-05	-2.1028679174e-06	2.57525191224e-07	3.42286645851e-06	1.11229890194e-07	-5.81288073921e-13	4.58220908738e-10	-3.74982038243e-10	-8.00328782039e-10	4.48268631245e-10
HMPMockV1.1.Even1;k__Bacteria;p__Firmicutes;c__Bacilli;o__Lactobacillales;f__Leuconostocaceae;g__	-0.0521109265637	0.00326902064619	-0.00109788873751	-0.0193392155753	0.0161625863643	-0.00927372597617	-0.00285480912709	-0.000488849320382	0.00145892803569	-0.000616396978018	1.03658856739e-05	2.80790132335e-05	1.01995669038e-05	-1.15604505877e-05	-8.81951912288e-07	-2.70449450499e-05	-2.37155373085e-05	-1.53564232489e-05	-6.74016328869e-06	2.34220844507e-06	-9.95974844982e-06	5.12217561667e-06	-6.87765368397e-07	8.96144819792e-08	1.04098055703e-06	3.32434662915e-08	1.76257528973e-12	4.5822092032e-10	-3.74982037624e-10	-8.00328779055e-10	4.48268630888e-10
HMPMockV1.1.Even2;k__Bacteria;p__Proteobacteria;c__Gammaproteobacteria;o__Xanthomonadales;f__Xanthomonadaceae;Other	0.252572198893	0.154712936572	0.0231289943659	0.000833209123954	6.72881576839e-05	-0.00878071318955	0.00526974994141	0.000433706191342	-0.00228243077788	0.00504820060784	0.000168481870275	0.000229490352721	-0.000121657125142	3.71630874089e-05	4.47205875423e-05	-1.95254452307e-05	-7.63580016305e-06	1.75302371254e-05	-5.52087746151e-06	3.85940861664e-06	7.92557524451e-07	-8.81339054902e-06	-6.49361002945e-07	5.00718103377e-07	3.79771079768e-06	-3.77336478863e-08	3.46981858214e-11	4.58221087623e-10	-3.7498202844e-10	-8.00328741314e-10	4.48268629062e-10
HMPMockV1.1.Even2;k__Bacteria;p__Firmicutes;c__Bacilli;o__Bacillales;f__Staphylococcaceae;g__	-0.0423210239077	-0.0131599606727	0.0107804090599	0.00507239132394	0.00484629278713	0.00993037433899	-0.00370582533759	0.00599684967344	-0.00169375191949	0.000107313475427	4.94854453365e-05	-7.89802650508e-06	0.000134466452294	0.00016325119792	-0.000104822670596	3.32525882187e-05	1.45939265852e-06	2.09044911346e-05	4.89535977204e-06	-8.76927012012e-06	-7.70479431086e-06	1.28603563438e-05	6.25245220264e-06	-1.03994937963e-05	6.88915601837e-06	3.96906341159e-08	2.46739539516e-10	4.5822216547e-10	-3.74981969478e-10	-8.00328500894e-10	4.48268619104e-10
HMPMockV1.1.Even2;k__Bacteria;p__Actinobacteria;c__Actinobacteria;o__Actinomycetales;f__;g__	-0.0521109265637	0.00326902064619	-0.00109788873751	-0.0193392155753	0.0161625863643	-0.00927372597617	-0.00285480912709	-0.000488849320382	0.00145892803569	-0.000616396978018	1.03658856739e-05	2.80790132335e-05	1.01995669038e-05	-1.15604505877e-05	-8.81951912288e-07	-2.70449450499e-05	-2.37155373085e-05	-1.53564232489e-05	-6.74016328869e-06	2.34220844507e-06	-9.95974844982e-06	5.12217561667e-06	-6.87765368397e-07	8.96144819792e-08	1.04098055703e-06	3.32434662915e-08	1.76257528973e-12	4.5822092032e-10	-3.74982037624e-10	-8.00328779055e-10	4.48268630888e-10
HMPMockV1.1.Even2;k__Bacteria;p__Bacteroidetes;c__Bacteroidia;o__Bacteroidales;f__Porphyromonadaceae;g__Porphyromonas	-0.0578170625975	-0.00503979273634	0.00174712889286	-0.0143830596206	0.00970433785293	-0.0117253257642	-0.0053634681048	-0.000305650479475	0.00110505191063	-0.000705584933014	-6.58778695429e-07	2.81569867325e-05	1.92859884236e-05	-2.99562634881e-05	-1.30346652054e-06	-7.91713415678e-05	-7.21854674073e-05	-4.48548955131e-05	-2.03264362213e-05	6.87542669521e-06	-3.05236054695e-05	1.55831295871e-05	-1.97404746373e-06	2.40730578181e-07	3.16822953369e-06	1.02605198529e-07	-4.87281712052e-13	4.5822090918e-10	-3.7498203822e-10	-8.00328781896e-10	4.48268631214e-10
HMPMockV1.1.Even2;k__Bacteria;p__Proteobacteria;c__Deltaproteobacteria;o__Desulfobacterales;f__Desulfobacteraceae;g__	-0.0514210422384	0.00228969264406	-0.000411436021475	-0.0179462950205	0.015207288641	-0.00966718847119	-0.00187950765001	-0.000448011197903	0.00111267435258	6.5156477813e-05	3.8350735436e-05	6.38774153935e-05	1.58072111291e-06	-9.90374080526e-06	1.7212035999e-06	-5.39561172016e-05	-4.87629667009e-05	-2.71427910437e-05	-1.43845033966e-05	4.77348707815e-06	-2.06411042576e-05	1.03362967274e-05	-1.26699150841e-06	1.18519859759e-07	2.10396671603e-06	7.00344100544e-08	2.16435427721e-12	4.58220922518e-10	-3.74982037498e-10	-8.00328778753e-10	4.48268630984e-10
HMPMockV1.2.Staggered1;k__Bacteria;p__Proteobacteria;c__Epsilonproteobacteria;Other;Other;Other	0.0172574390248	0.0521168385721	-0.0131879432374	-0.00059728087623	-0.00988950488794	-0.00210380493727	0.00954316116241	0.000657293919459	-0.00197742150804	-0.00187547570602	0.000193594393292	-1.13995410727e-05	-4.46137742184e-05	5.47322844426e-05	7.72143838854e-05	1.04393162552e-05	-2.44473612915e-06	4.53584533725e-06	2.27464396247e-05	-1.07902221287e-05	-9.29679870065e-06	2.64968137569e-06	-9.26570112585e-07	7.39575770635e-08	7.81660015691e-07	3.21344892646e-08	3.43348004935e-11	4.58221085888e-10	-3.74982028596e-10	-8.00328742123e-10	4.4826862935e-10
HMPMockV1.2.Staggered1;k__Bacteria;p__Proteobacteria;c__Betaproteobacteria;Other;Other;Other	-0.0178128980154	0.0204226546728	-0.00885084522832	-0.00593965315152	-0.0109518982914	0.00549604647012	0.00179766670389	-0.000579039190199	-0.000429219966023	-0.000188280310413	-0.000128377332518	0.000125194826689	-2.94061267505e-05	-3.06856646067e-05	6.94925140137e-05	1.71027539994e-05	1.78357226439e-06	-4.71887999152e-06	-2.15764803872e-05	1.16629312351e-05	-5.64082217434e-06	-6.18534447644e-06	-5.24071848546e-07	3.79230517364e-06	-3.31134371659e-06	1.4165839072e-08	-7.86869372447e-11	4.58220511344e-10	-3.74982060043e-10	-8.00328870382e-10	4.48268634732e-10
HMPMockV1.2.Staggered2;k__Bacteria;p__Proteobacteria;c__Gammaproteobacteria;o__Alteromonadales;f__HTCC2188;g__HTCC	-0.0558425444237	-0.00216279350734	0.000760585142379	-0.0160968656594	0.0119298793288	-0.0108972313554	-0.00448619693509	-0.000374007003209	0.0012269775926	-0.000678192611738	2.45377651243e-06	5.60447454247e-06	7.58946616124e-06	-5.43403214405e-06	-5.08886622909e-07	-1.19419381217e-06	4.85684423102e-07	-1.28263256462e-06	1.57951332731e-07	-4.22288193486e-09	4.55122012636e-07	-1.18272871568e-07	-8.38916831388e-08	1.59874620779e-08	-2.48941604891e-08	-2.03079939453e-09	2.60669541328e-12	4.58220924462e-10	-3.74982037404e-10	-8.00328777951e-10	4.48268630737e-10
HMPMockV1.2.Staggered1;k__Bacteria;p__Proteobacteria;c__Alphaproteobacteria;o__Sphingomonadales;Other;Other	-0.042085224542	-0.0129200822369	0.0106137121618	0.00527963481328	0.00452700443802	0.00989083967587	-0.00330863204766	0.00579288632835	-0.00132171319639	0.000189889361191	-0.000310188827993	0.000378560404727	-0.000333953573896	-0.000430182050312	0.000272110265289	-0.000130738787815	-2.79980109219e-05	-3.95605901492e-05	-7.61220884874e-06	-1.32559306934e-05	5.40352136618e-05	-3.76218173697e-05	1.05764975154e-05	-1.28725297712e-06	6.84233190149e-06	-2.79281590208e-07	7.03089403518e-11	4.58221267862e-10	-3.74982018473e-10	-8.00328699689e-10	4.48268626519e-10
HMPMockV1.2.Staggered2;k__Bacteria;p__Firmicutes;c__Bacilli;o__Lactobacillales;f__Lactobacillaceae;g__	-0.0521112224268	0.0032693983047	-0.00109863838482	-0.0193384414655	0.0161582503938	-0.00928262503388	-0.00285095713354	-0.000490990654531	0.00145868107912	-0.000617905165381	1.00609599419e-05	1.8317953976e-05	6.49403715142e-06	-3.69352227365e-06	-6.00861147887e-07	-1.07380716691e-06	5.04805636478e-07	-8.99880144237e-07	9.84637114985e-08	4.10096991672e-08	3.79788239481e-07	-1.12622353165e-07	-6.16401777768e-08	1.4893212765e-08	-2.36190306148e-08	-1.69453963968e-09	2.76582016044e-12	4.58220925271e-10	-3.74982037359e-10	-8.00328777772e-10	4.4826863073e-10
HMPMockV1.2.Staggered2;k__Bacteria;p__Proteobacteria;c__Alphaproteobacteria;o__Rhodobacterales;f__Hyphomonadaceae;g__Maricaulis	-0.0521112224268	0.0032693983047	-0.00109863838482	-0.0193384414655	0.0161582503938	-0.00928262503388	-0.00285095713354	-0.000490990654531	0.00145868107912	-0.000617905165381	1.00609599419e-05	1.8317953976e-05	6.49403715142e-06	-3.69352227365e-06	-6.00861147887e-07	-1.07380716691e-06	5.04805636478e-07	-8.99880144237e-07	9.84637114985e-08	4.10096991672e-08	3.79788239481e-07	-1.12622353165e-07	-6.16401777768e-08	1.4893212765e-08	-2.36190306148e-08	-1.69453963968e-09	2.76582016044e-12	4.58220925271e-10	-3.74982037359e-10	-8.00328777772e-10	4.4826863073e-10
HMPMockV1.2.Staggered2;k__Bacteria;p__Proteobacteria;c__Epsilonproteobacteria;Other;Other;Other	0.210106578512	0.184385419978	-0.0191732214952	0.00709416197535	-0.0019082059964	-0.00108252780701	-0.00219277460311	0.000175815636754	0.000177073601094	0.000185411618391	0.000302435340344	-2.66299923542e-05	2.1319583587e-05	-7.04089130015e-05	-4.65479645266e-05	-1.21314573032e-05	4.02582483653e-06	1.04494889164e-05	1.75023310813e-05	-7.61182596482e-07	-3.31788667768e-07	1.07209434917e-06	3.24658968424e-06	8.57241742698e-07	2.09495785676e-07	3.13945487641e-09	-1.24402206748e-11	4.58220848024e-10	-3.74982041581e-10	-8.0032879506e-10	4.48268631486e-10
HMPMockV1.2.Staggered1;k__Bacteria;p__Proteobacteria;c__Deltaproteobacteria;o__Desulfuromonadales;f__Geobacteraceae;g__Geobacter	-0.0521112224268	0.0032693983047	-0.00109863838482	-0.0193384414655	0.0161582503938	-0.00928262503388	-0.00285095713354	-0.000490990654531	0.00145868107912	-0.000617905165381	1.00609599419e-05	1.8317953976e-05	6.49403715142e-06	-3.69352227365e-06	-6.00861147887e-07	-1.07380716691e-06	5.04805636478e-07	-8.99880144237e-07	9.84637114985e-08	4.10096991672e-08	3.79788239481e-07	-1.12622353165e-07	-6.16401777768e-08	1.4893212765e-08	-2.36190306148e-08	-1.69453963968e-09	2.76582016045e-12	4.58220925271e-10	-3.74982037359e-10	-8.00328777772e-10	4.4826863073e-10
HMPMockV1.2.Staggered1;k__Bacteria;p__Proteobacteria;c__Alphaproteobacteria;o__Rhodobacterales;f__Hyphomonadaceae;g__Maricaulis	-0.0521112224268	0.0032693983047	-0.00109863838482	-0.0193384414655	0.0161582503938	-0.00928262503388	-0.00285095713354	-0.000490990654531	0.00145868107912	-0.000617905165381	1.00609599419e-05	1.8317953976e-05	6.49403715142e-06	-3.69352227365e-06	-6.00861147887e-07	-1.07380716691e-06	5.04805636478e-07	-8.99880144237e-07	9.84637114985e-08	4.10096991672e-08	3.79788239481e-07	-1.12622353165e-07	-6.16401777768e-08	1.4893212765e-08	-2.36190306148e-08	-1.69453963968e-09	2.76582016045e-12	4.58220925271e-10	-3.74982037359e-10	-8.00328777772e-10	4.4826863073e-10
HMPMockV1.2.Staggered1;k__Archaea;p__Euryarchaeota;c__Methanobacteria;o__Methanobacteriales;Other;Other	0.168556312635	0.210842369242	-0.0498640778843	0.034546980146	0.0139538169888	-0.0048852187652	-0.00589044312281	2.1998264971e-05	0.000233146064445	0.000264502422967	0.000115994535263	2.19388938773e-05	-1.32642123881e-06	3.30079268973e-05	2.83094741628e-05	7.14225035965e-06	-3.3872231307e-07	-1.25651126288e-05	-1.11271833626e-05	8.71380877528e-07	2.11467872092e-06	-6.40780683932e-07	-2.80915664044e-06	-5.78544385898e-07	-3.92046922822e-09	-1.044544983e-08	8.9141386718e-12	4.58220956485e-10	-3.74982035649e-10	-8.00328770739e-10	4.48268630393e-10
HMPMockV1.1.Even2;k__Bacteria;p__Proteobacteria;c__Betaproteobacteria;o__Neisseriales;f__Neisseriaceae;g__Eikenella	-0.0423388614404	-0.0131800041581	0.0107773435837	0.00506507714597	0.00489845800979	0.00991599950704	-0.00366193352429	0.00668062736136	-0.00162753509979	0.00011402114201	-4.6152020819e-06	0.000176927179194	0.000100182210214	8.80012806213e-05	-6.31170011886e-05	3.06297758074e-05	4.65692649701e-06	5.28404337036e-06	-9.36595603754e-07	-6.45296040405e-06	-9.19102528432e-06	1.11899760434e-05	3.5888482714e-06	-3.73021978553e-07	-3.96706282308e-06	7.83225795909e-08	-2.38274375164e-11	4.58220790233e-10	-3.74982044805e-10	-8.0032880839e-10	4.48268632291e-10
HMPMockV1.2.Staggered2;k__Bacteria;p__Proteobacteria;c__Betaproteobacteria;o__Neisseriales;f__Neisseriaceae;g__	-0.0470565377762	-0.00440059302587	0.00448483697947	-0.00759940296596	0.00998515033338	-0.00246746834241	-0.00157259170018	0.000552762347008	-0.000254408194969	0.000713878007216	4.84547646271e-05	-0.000127801792786	-4.6642141314e-05	4.76519752247e-06	9.67764693638e-06	-3.21842682052e-07	1.28069698129e-05	-4.29149782377e-06	-3.10014456972e-06	-6.3207486853e-07	-3.0185225926e-06	1.77765612934e-06	4.82082517441e-07	-1.63689453435e-07	3.14988039232e-07	1.16576559349e-08	2.50703687016e-12	4.58220924014e-10	-3.74982037424e-10	-8.00328778115e-10	4.48268630781e-10
HMPMockV1.2.Staggered1;k__Bacteria;p__Proteobacteria;c__Gammaproteobacteria;o__Enterobacteriales;f__Enterobacteriaceae;g__Trabulsiella	-0.0423009348993	-0.0131414669942	0.0107518512818	0.00509584131987	0.00484360036007	0.00991421084969	-0.00360985686953	0.00653946292197	-0.0015820160405	0.000125794026975	-5.67838279123e-05	0.000202593991218	2.74450096317e-05	7.06948475453e-06	-1.21363379159e-05	4.8238402923e-06	1.52340219386e-06	-1.18368989366e-06	7.9457698158e-07	9.46533923708e-08	-1.80117006737e-06	-7.19721622018e-06	1.3204002933e-06	1.38977013806e-06	4.17223384487e-06	-3.28108325694e-08	2.1530163779e-11	4.58221020729e-10	-3.74982032094e-10	-8.00328756288e-10	4.48268629725e-10
HMPMockV1.2.Staggered1;k__Bacteria;p__Firmicutes;c__Bacilli;o__Lactobacillales;f__Lactobacillaceae;Other	-0.0323925510317	0.000869395758379	0.00355363600722	0.00392670018166	-0.00364833472798	0.0055710389422	0.00189399368202	-0.00453922475479	-0.000634603338802	-0.000396145586507	0.000129158775951	0.000443231067568	0.000104735644854	-0.000159105805491	-2.68895449388e-05	-3.49336168597e-05	6.66431203011e-05	4.38822712392e-05	-3.4012458879e-06	1.38497562778e-05	-7.58491010886e-06	1.59030005768e-05	7.80464174834e-06	-4.48125559451e-07	-2.13050882151e-06	7.24810156973e-08	-2.14589765954e-11	4.58220802306e-10	-3.74982044112e-10	-8.00328805637e-10	4.48268632149e-10
HMPMockV1.2.Staggered1;k__Bacteria;p__Firmicutes;c__Clostridia;o__Clostridiales;f__;g__	-0.0521109265637	0.00326902064619	-0.00109788873751	-0.0193392155753	0.0161625863643	-0.00927372597617	-0.00285480912709	-0.000488849320382	0.00145892803569	-0.000616396978018	1.03658856739e-05	2.80790132335e-05	1.01995669038e-05	-1.15604505877e-05	-8.81951912288e-07	-2.704494505e-05	-2.37155373086e-05	-1.5356423249e-05	-6.74016328871e-06	2.34220844508e-06	-9.95974844984e-06	5.12217561668e-06	-6.87765368399e-07	8.96144819794e-08	1.04098055703e-06	3.32434662916e-08	1.76257528974e-12	4.5822092032e-10	-3.74982037624e-10	-8.00328779055e-10	4.48268630888e-10
HMPMockV1.2.Staggered2;k__Bacteria;p__Proteobacteria;c__Gammaproteobacteria;o__Enterobacteriales;f__Enterobacteriaceae;g__Proteus	-0.0978806724862	-0.064895625356	0.0225024968468	0.0219635132784	-0.0370535256766	-0.0296293374052	-0.0223861778982	0.000990572173306	-0.00168429904339	-0.000840528042266	-6.29482385916e-05	-0.000119325003116	1.05639342171e-05	-1.79324925909e-05	2.76919485307e-06	-3.29408610869e-06	-3.7158349326e-07	-3.58617243949e-06	2.14054519025e-07	-4.1976923534e-07	1.05047892397e-06	-1.98717722719e-07	-3.01520955206e-07	-6.93133687107e-09	-4.06889734682e-08	-4.43540190972e-09	1.87692696108e-12	4.58220920749e-10	-3.74982037607e-10	-8.00328778767e-10	4.48268630763e-10
HMPMockV1.1.Even2;k__Bacteria;p__Firmicutes;c__Bacilli;o__Bacillales;f__Thermoactinomycetaceae;g__Laceyella	-0.0424044923578	-0.0132481681095	0.0108168724095	0.00500877036801	0.0049969987571	0.00994511582097	-0.00376488119277	0.00687879482223	-0.00170407551687	8.86673055441e-05	5.71167418801e-05	0.000121856652622	0.000195858492402	0.000208698447575	-0.000147556316296	5.50984606002e-05	6.39380058249e-06	1.49187207252e-05	1.45333393386e-05	-8.66814144587e-07	-2.29471943351e-05	-1.51817380164e-06	1.16131614528e-05	-1.95849905963e-05	1.25607233727e-05	4.72599638247e-08	4.87698143973e-10	4.58223390384e-10	-3.74981902461e-10	-8.00328227341e-10	4.48268607559e-10
HMPMockV1.2.Staggered1;k__Archaea;Other;Other;Other;Other;Other	0.248510951507	0.228688496111	-0.0306552536174	0.019356110977	0.00624836545858	-0.00294305422498	-0.00558662706151	0.0002010582939	0.000595768001909	0.000657605453768	-0.000418057317658	-0.000114284339808	5.04342445591e-05	-7.80681557042e-06	-1.65292021647e-06	-1.67675771769e-06	-4.44797129146e-07	-1.15335922433e-06	1.20885285871e-06	-7.50632344126e-07	5.80914673874e-07	-4.86397984412e-07	-3.55868459733e-07	-1.55649791951e-09	-1.68411490015e-07	-2.27680865223e-09	9.72228695018e-13	4.58220916157e-10	-3.74982037859e-10	-8.00328779806e-10	4.48268630814e-10
HMPMockV1.2.Staggered1;k__Bacteria;p__Proteobacteria;c__Gammaproteobacteria;o__Alteromonadales;f__OM60;g__	-0.0604736320532	-0.0110117039773	0.00416177847326	-0.00995629985715	0.00483198512309	-0.0136457370923	-0.00579650358728	-0.000164727666833	0.000525746901056	-4.23077181272e-05	2.09283696145e-05	1.49935246907e-05	-3.93050365192e-06	2.18285039478e-06	2.68783842563e-06	-2.36603602492e-06	-4.20581671293e-07	1.00422209793e-06	-6.12605388684e-07	6.89651628389e-08	2.00231498255e-07	-1.4836465466e-07	-6.60479808219e-08	-3.1118939185e-08	-2.84414276262e-08	-5.45426346272e-10	3.87079143859e-12	4.58220930893e-10	-3.74982037053e-10	-8.00328776523e-10	4.4826863068e-10
HMPMockV1.2.Staggered2;k__Bacteria;p__Firmicutes;c__Bacilli;o__Gemellales;Other;Other	-0.0411219715675	-0.0119530327203	0.0103101176965	0.00586808767363	0.00292089931887	0.00929592233823	-0.00269369176174	-0.00164418186003	-0.00130438452822	0.000243292405637	-0.000153699267301	-0.000567733803291	-0.000306159120717	-0.000226250424967	0.000145552768918	-1.04963737477e-05	-8.51269680764e-05	4.63580131627e-06	1.21344259212e-05	-9.21435579916e-06	7.73948369377e-05	4.13895012629e-05	-1.69773226285e-05	1.5275363362e-06	8.65751834555e-06	-2.33074593451e-07	-6.2080782503e-11	4.58220594641e-10	-3.74982055201e-10	-8.00328850025e-10	4.48268632912e-10
HMPMockV1.1.Even1;k__Bacteria;p__Firmicutes;c__Bacilli;o__Bacillales;f__Planococcaceae;g__Sporosarcina	-0.0424293464632	-0.0132711731363	0.0108262185284	0.00498675633371	0.0050310954974	0.00994004398188	-0.00378153084176	0.00691189890959	-0.00173394542062	7.55257065356e-05	5.56252111986e-05	5.18369542508e-05	0.000180433338934	0.000239496596716	-0.000182426589773	7.13136653876e-05	3.29410001748e-05	5.1892901555e-05	5.84830620338e-05	9.26120608693e-05	-4.03418571129e-05	4.14354179298e-06	-5.20488813444e-05	-4.28955353899e-06	1.07650952786e-05	-2.26707721898e-06	-4.67826428755e-11	4.58220667666e-10	-3.74982051536e-10	-8.00328824361e-10	4.48268625662e-10
HMPMockV1.1.Even1;k__Bacteria;p__Proteobacteria;c__Deltaproteobacteria;o__Desulfobacterales;f__Desulfobacteraceae;g__Desulfofaba	-0.0424350551546	-0.0132789890925	0.010836635827	0.00498278674939	0.00504083189012	0.00993995647033	-0.0038017520237	0.00698921126032	-0.00174186389957	8.10089814905e-05	9.52235398254e-05	9.23314382263e-05	0.00024617470701	0.000272922248016	-0.000188754283974	8.02180282447e-05	1.54914986585e-05	2.43791054812e-05	1.56934464686e-05	1.0027043284e-05	-3.28595433862e-05	1.06405353082e-05	4.00683459319e-08	-1.06865018617e-05	6.00056652324e-06	1.14267715218e-07	2.65233980914e-10	4.58222259787e-10	-3.74981964367e-10	-8.00328480286e-10	4.48268618495e-10
HMPMockV1.1.Even2;k__Bacteria;p__Proteobacteria;c__Gammaproteobacteria;o__Enterobacteriales;f__Enterobacteriaceae;g__Brenneria	-0.0424739859704	-0.0133163387838	0.0108530082494	0.00495183196278	0.00509669374433	0.00996383263703	-0.00385075592029	0.0070419944297	-0.00178393392682	5.23524481055e-05	0.000100265499856	1.38334060523e-05	0.000246048619713	0.000319860536108	-0.000241625818919	8.41248126382e-05	3.1239585024e-05	6.42097582505e-05	7.91468719731e-05	9.94431654606e-05	-4.18822552509e-05	1.51937512365e-05	-4.75305006948e-05	-2.94074565723e-05	1.26292701722e-05	1.01327166657e-07	6.27563535117e-10	4.58224101294e-10	-3.74981863593e-10	-8.00328068689e-10	4.48268600934e-10
HMPMockV1.1.Even2;k__Bacteria;p__Firmicutes;c__Bacilli;o__Bacillales;f__Planococcaceae;g__Ureibacillus	-0.0467537987683	-0.00548728979498	0.00525518378547	-0.00612735688487	0.00991993605139	0.00105111064224	-0.00323622834802	0.00224290486113	-0.000204707518951	-0.000207046382978	-4.16251043874e-06	-8.11520857578e-05	-1.33642852181e-05	4.88735162585e-06	4.96642339111e-06	-1.46509029249e-05	-4.91387983699e-06	1.24633973596e-05	-2.50612247475e-06	-6.64858598894e-06	1.25540364433e-05	9.44096091218e-06	-2.1271256325e-06	1.00260958162e-06	3.09270824187e-06	-3.9285357705e-08	-9.01931321191e-12	4.58220865255e-10	-3.74982040583e-10	-8.00328790906e-10	4.4826863113e-10
HMPMockV1.2.Staggered2;k__Bacteria;p__Firmicutes;c__Bacilli;o__Lactobacillales;f__Leuconostocaceae;g__	-0.0521102164922	0.00326811426577	-0.00109608958395	-0.0193410734386	0.0161729926935	-0.00925236823767	-0.00286405391161	-0.000483710118425	0.00145952073147	-0.000612777328347	1.10977074307e-05	5.15055554516e-05	1.90928383095e-05	-3.04410785414e-05	-1.55656974685e-06	-8.93756759695e-05	-8.18443603766e-05	-5.00521267003e-05	-2.31528680892e-05	7.86508543526e-06	-3.47746365042e-05	1.76856907443e-05	-2.19046582589e-06	2.68945528094e-07	3.59601956738e-06	1.17094680527e-07	-6.45212400007e-13	4.58220908438e-10	-3.74982038258e-10	-8.00328782136e-10	4.48268631267e-10
HMPMockV1.2.Staggered2;k__Bacteria;p__Proteobacteria;c__Alphaproteobacteria;o__Rhizobiales;f__Methylocystaceae;g__Pleomorphomonas	-0.0424461191998	-0.0132894503704	0.0108411655907	0.00497350553746	0.00505638620616	0.00994223812926	-0.0038126789248	0.00700516311264	-0.0017545022553	7.41232481163e-05	9.62340445944e-05	6.6491042518e-05	0.000243838813879	0.000286841507007	-0.000203978518657	8.44745186724e-05	2.32798471908e-05	3.75777115977e-05	3.3694154818e-05	4.19891198665e-05	-3.7351966044e-05	1.24496017667e-05	-1.98786201166e-05	-1.00703007472e-05	6.56862142819e-06	1.09075578999e-07	2.48796912543e-10	4.58222176252e-10	-3.74981968927e-10	-8.00328498884e-10	4.48268619246e-10
HMPMockV1.2.Staggered1;k__Bacteria;p__Proteobacteria;c__Gammaproteobacteria;o__Chromatiales;f__;g__	-0.0618126596188	-0.0108543004067	0.00373534278592	-0.0109103443696	0.00516448562473	-0.0134806014698	-0.00710258061757	-0.000186833161095	0.000856252014162	-0.000774652525909	-9.71771697475e-06	-1.47370925512e-05	9.34215257695e-06	-8.2188479367e-06	-3.61727382945e-07	-1.38681244458e-06	4.55090481701e-07	-1.89503643724e-06	2.53131526704e-07	-7.65950116984e-08	5.75656049685e-07	-1.27313701013e-07	-1.19494091718e-07	1.77382609784e-08	-2.6934368288e-08	-2.56881500229e-09	2.35209581783e-12	4.58220923166e-10	-3.74982037474e-10	-8.00328778237e-10	4.48268630747e-10
HMPMockV1.1.Even1;k__Bacteria;p__Firmicutes;c__Bacilli;o__Bacillales;f__[Exiguobacteraceae];g__	-0.0521112224268	0.0032693983047	-0.00109863838482	-0.0193384414655	0.0161582503938	-0.00928262503388	-0.00285095713354	-0.000490990654531	0.00145868107912	-0.000617905165381	1.00609599419e-05	1.8317953976e-05	6.49403715142e-06	-3.69352227365e-06	-6.00861147887e-07	-1.07380716691e-06	5.04805636478e-07	-8.99880144237e-07	9.84637114985e-08	4.10096991672e-08	3.79788239481e-07	-1.12622353165e-07	-6.16401777768e-08	1.4893212765e-08	-2.36190306148e-08	-1.69453963968e-09	2.76582016044e-12	4.58220925271e-10	-3.74982037359e-10	-8.00328777772e-10	4.4826863073e-10
HMPMockV1.1.Even1;k__Bacteria;p__Firmicutes;c__Clostridia;o__Clostridiales;f__Ruminococcaceae;g__	-0.0521112224268	0.0032693983047	-0.00109863838482	-0.0193384414655	0.0161582503938	-0.00928262503388	-0.00285095713354	-0.000490990654531	0.00145868107912	-0.000617905165381	1.00609599419e-05	1.8317953976e-05	6.49403715142e-06	-3.69352227365e-06	-6.00861147887e-07	-1.07380716691e-06	5.04805636478e-07	-8.99880144237e-07	9.84637114985e-08	4.10096991672e-08	3.79788239481e-07	-1.12622353165e-07	-6.16401777768e-08	1.4893212765e-08	-2.36190306148e-08	-1.69453963968e-09	2.76582016044e-12	4.58220925271e-10	-3.74982037359e-10	-8.00328777772e-10	4.4826863073e-10
HMPMockV1.1.Even1;k__Bacteria;p__Firmicutes;c__Clostridia;o__;f__;g__	-0.0601949151413	-0.00850142065388	0.00293180325819	-0.0123172205298	0.00700906500268	-0.0127557247336	-0.00640489068529	-0.000231458963246	0.000957356568613	-0.000744254768292	-5.5573145813e-06	1.8428416433e-05	1.93664676378e-05	-2.9754257216e-05	-1.19800684291e-06	-7.49195355671e-05	-6.81609286701e-05	-4.26893825184e-05	-1.91487562764e-05	6.46306888686e-06	-2.87523425384e-05	1.47070624382e-05	-1.88387314616e-06	2.2897434905e-07	2.98998368632e-06	9.65679143635e-08	-4.21477258759e-13	4.58220909489e-10	-3.74982038204e-10	-8.00328781796e-10	4.48268631192e-10
HMPMockV1.1.Even1;k__Bacteria;p__Actinobacteria;c__Actinobacteria;o__Actinomycetales;f__;g__	-0.0601949151413	-0.00850142065388	0.00293180325819	-0.0123172205298	0.00700906500268	-0.0127557247336	-0.00640489068529	-0.000231458963246	0.000957356568613	-0.000744254768292	-5.5573145813e-06	1.8428416433e-05	1.93664676378e-05	-2.9754257216e-05	-1.19800684291e-06	-7.49195355671e-05	-6.81609286701e-05	-4.26893825184e-05	-1.91487562764e-05	6.46306888686e-06	-2.87523425384e-05	1.47070624382e-05	-1.88387314616e-06	2.2897434905e-07	2.98998368632e-06	9.65679143635e-08	-4.21477258759e-13	4.58220909489e-10	-3.74982038204e-10	-8.00328781796e-10	4.48268631192e-10
HMPMockV1.1.Even1;k__Bacteria;p__Proteobacteria;c__Gammaproteobacteria;o__Oceanospirillales;f__Alcanivoracaceae;g__Alcanivorax	-0.0521309569684	-0.0222892756426	0.012875081706	0.00795331220492	-0.00226990298899	0.00323331411031	-0.00718213964096	0.0059949732876	-0.00170960195465	-0.000164076476781	6.40241022134e-05	5.21762060355e-05	0.000206688929255	0.000221935444382	-0.00015556359022	6.88975391946e-05	1.51774709121e-05	1.95480142715e-05	1.10384600721e-05	1.06828978233e-05	-2.84564660248e-05	9.11049230962e-06	-3.74030593986e-06	-3.31680564628e-06	3.67187799873e-06	9.33900616589e-08	1.09316039263e-10	4.58221467259e-10	-3.74982007721e-10	-8.00328657228e-10	4.48268625931e-10
HMPMockV1.1.Even1;k__Bacteria;p__Actinobacteria;c__Actinobacteria;Other;Other;Other	0.113981103988	0.142429171358	-0.0308989259535	0.0161779956912	0.00325955830232	0.000548168728252	-0.00452519822341	0.0013761546694	0.000920712577871	0.00046669428572	2.31933907184e-05	4.92533039693e-05	-2.5845969024e-06	6.76133695208e-05	3.50482964588e-05	1.9534900259e-05	-4.661922215e-06	6.55468467618e-06	8.39174485113e-06	-3.669201135e-05	-1.32223823436e-05	3.21186669611e-06	1.57491870998e-05	5.79687828667e-06	-7.47120032258e-07	6.22198045155e-08	-7.03345565064e-11	4.58220554031e-10	-3.74982057704e-10	-8.00328861151e-10	4.48268634519e-10
HMPMockV1.2.Staggered2;k__Bacteria;p__Proteobacteria;c__Gammaproteobacteria;o__Alteromonadales;Other;Other	-0.0418368893693	-0.0126649522262	0.0105544951634	0.00541533040466	0.00406681680479	0.00976247301906	-0.00324601114543	0.00254673458024	-0.00148424675388	0.000225473752192	-0.000141849884141	-0.000281147327141	-0.000273042273268	-0.000247280992736	0.00018009866475	-8.73828661671e-05	-1.75248924604e-06	-1.53051456306e-05	-1.98220892262e-05	-1.48399884098e-05	4.05804383532e-05	-7.20113870356e-06	-4.19286619584e-06	1.57572844492e-05	6.01377065552e-06	-2.08093075457e-07	-2.70003568599e-10	4.58219538468e-10	-3.74982113045e-10	-8.00329086355e-10	4.48268643096e-10
HMPMockV1.1.Even2;k__Bacteria;p__Tenericutes;c__Mollicutes;o__Acholeplasmatales;f__;g__	-0.0421859272643	-0.0130164531496	0.0107247600838	0.00517473944431	0.00459624971967	0.00990989877213	-0.00362432396069	0.0044371629159	-0.00169544352087	0.000133622891558	5.55950210475e-05	-0.00025999665335	5.08973439983e-05	0.000114269281504	-5.03416609429e-05	7.83630174785e-07	-7.48854026998e-06	3.61858559857e-05	-7.82479096871e-06	-2.26465721528e-05	1.78835000444e-05	4.47515640291e-05	-1.9316387689e-06	-2.77690954683e-07	-4.14500625438e-06	6.09615019072e-08	-8.25930277018e-11	4.58220491206e-10	-3.7498206111e-10	-8.00328874936e-10	4.48268634973e-10
HMPMockV1.1.Even2;k__Bacteria;p__Proteobacteria;c__Gammaproteobacteria;o__Alteromonadales;f__Alteromonadaceae;g__	-0.0521112224268	0.0032693983047	-0.00109863838482	-0.0193384414655	0.0161582503938	-0.00928262503388	-0.00285095713354	-0.000490990654531	0.00145868107912	-0.000617905165381	1.00609599419e-05	1.8317953976e-05	6.49403715142e-06	-3.69352227365e-06	-6.00861147887e-07	-1.07380716691e-06	5.04805636478e-07	-8.99880144237e-07	9.84637114985e-08	4.10096991672e-08	3.79788239481e-07	-1.12622353165e-07	-6.16401777768e-08	1.4893212765e-08	-2.36190306148e-08	-1.69453963968e-09	2.76582016045e-12	4.58220925271e-10	-3.74982037359e-10	-8.00328777772e-10	4.4826863073e-10
HMPMockV1.1.Even2;k__Bacteria;p__Proteobacteria;c__Alphaproteobacteria;o__Sphingomonadales;f__Erythrobacteraceae;g__	-0.0521112224268	0.0032693983047	-0.00109863838482	-0.0193384414655	0.0161582503938	-0.00928262503388	-0.00285095713354	-0.000490990654531	0.00145868107912	-0.000617905165381	1.00609599419e-05	1.8317953976e-05	6.49403715142e-06	-3.69352227365e-06	-6.00861147887e-07	-1.07380716691e-06	5.04805636478e-07	-8.99880144237e-07	9.84637114985e-08	4.10096991672e-08	3.79788239481e-07	-1.12622353165e-07	-6.16401777768e-08	1.4893212765e-08	-2.36190306148e-08	-1.69453963968e-09	2.76582016045e-12	4.58220925271e-10	-3.74982037359e-10	-8.00328777772e-10	4.4826863073e-10
HMPMockV1.1.Even2;k__Bacteria;p__Proteobacteria;c__Gammaproteobacteria;o__Oceanospirillales;f__;g__	-0.0521112224268	0.0032693983047	-0.00109863838482	-0.0193384414655	0.0161582503938	-0.00928262503388	-0.00285095713354	-0.000490990654531	0.00145868107912	-0.000617905165381	1.00609599419e-05	1.8317953976e-05	6.49403715142e-06	-3.69352227365e-06	-6.00861147887e-07	-1.07380716691e-06	5.04805636478e-07	-8.99880144237e-07	9.84637114985e-08	4.10096991672e-08	3.79788239481e-07	-1.12622353165e-07	-6.16401777768e-08	1.4893212765e-08	-2.36190306148e-08	-1.69453963968e-09	2.76582016045e-12	4.58220925271e-10	-3.74982037359e-10	-8.00328777772e-10	4.4826863073e-10
HMPMockV1.1.Even2;k__Bacteria;p__Firmicutes;c__Bacilli;o__Bacillales;f__Planococcaceae;g__Sporosarcina	-0.0423756841327	-0.0132172226058	0.010794488911	0.00502984599779	0.00495297660607	0.00992140075826	-0.00370549754081	0.00675575201629	-0.00167232698081	0.000100625403589	4.30123768674e-06	0.00010744838173	0.000109450259226	0.000142296855807	-0.000110450009839	4.93233257e-05	2.70131243265e-05	3.00015985567e-05	3.22536881715e-05	6.73926056e-05	-2.74493978922e-05	-1.24744549499e-05	-4.15140611881e-05	1.28634743039e-05	1.25125202533e-05	1.1830704969e-06	7.92790613214e-12	4.58220955362e-10	-3.74982035491e-10	-8.00328776702e-10	4.4826863432e-10
HMPMockV1.2.Staggered1;k__Bacteria;p__Proteobacteria;c__Gammaproteobacteria;o__Alteromonadales;Other;Other	-0.0419928040491	-0.0128245680235	0.010629337818	0.00532532107203	0.00430152986321	0.00989787608426	-0.0034158011252	0.00325181808612	-0.00155604133534	0.000207221971882	-3.38830770237e-05	-0.000285745770692	-0.000180956525052	-0.000213207722629	0.0001816703594	-9.59774779337e-05	-5.99868609439e-06	-3.46756665411e-06	-2.49687248114e-05	8.17893333762e-06	-7.90151951765e-07	-3.17705173194e-05	-8.15088294435e-06	2.49596184278e-05	-2.47426259411e-05	2.93037478738e-08	-6.21242342565e-10	4.58217753575e-10	-3.74982211093e-10	-8.00329486706e-10	4.4826866096e-10
HMPMockV1.2.Staggered1;k__Bacteria;p__[Thermi];c__Deinococci;o__Deinococcales;f__Deinococcaceae;Other	-0.00776860227452	0.0335775683458	-0.0170689384312	-0.0138813016827	-0.0161529506554	0.007390301776	-0.00102552487072	-0.00248305444118	-0.0010766776132	0.000381512951156	0.000164684239907	0.000115273696429	-7.92968696714e-05	-0.000113375825327	-9.19165202187e-05	7.388091633e-05	-5.59067882679e-05	3.02959590682e-05	2.99742303314e-05	-1.89336788922e-05	-5.39815125244e-07	1.0117809713e-05	-8.61391039937e-07	1.41651618084e-06	3.25857797026e-06	9.11605408025e-09	4.48298512201e-12	4.58220934067e-10	-3.74982036834e-10	-8.00328775828e-10	4.48268630704e-10
HMPMockV1.2.Staggered2;k__Bacteria;p__Proteobacteria;c__Alphaproteobacteria;o__Rhizobiales;f__Phyllobacteriaceae;g__Chelativorans	-0.0422846792308	-0.0131243173626	0.0107415598924	0.00511068543489	0.00481906117753	0.00991115950346	-0.00358541493793	0.00648389365306	-0.00156208522019	0.000129450651258	-7.40919695972e-05	0.000214911976299	7.47172998831e-07	-2.54355211595e-05	8.49264188092e-06	-4.75120618555e-06	-3.58208069782e-07	-1.43184900079e-06	2.4943103629e-06	1.41106574981e-06	3.47551484353e-06	-1.26763026661e-06	-5.02436209231e-07	5.1841839667e-08	-2.77403309748e-07	-1.34517060136e-08	-4.06918320793e-12	4.58220890488e-10	-3.74982039259e-10	-8.00328785473e-10	4.48268631016e-10
HMPMockV1.2.Staggered2;k__Bacteria;p__Proteobacteria;c__Deltaproteobacteria;o__Desulfuromonadales;Other;Other	-0.0422180466277	-0.0130597303935	0.010749121078	0.00514920218539	0.00467791212907	0.00990715179119	-0.00363502808549	0.00520221156799	-0.00166450519367	0.000160928925384	0.00010049307165	-3.91378475968e-05	0.000141982366137	8.74746250413e-05	-1.06292291018e-05	1.42741820367e-05	-1.90239120597e-05	-3.70281770725e-05	-8.71737083457e-05	-0.000128598306618	-1.36341652506e-05	-4.5982338494e-06	7.73503536915e-05	1.3206188217e-05	-1.83938756177e-05	1.92479297143e-07	-3.17175885709e-10	4.58219299509e-10	-3.74982126531e-10	-8.00329142317e-10	4.48268646948e-10
HMPMockV1.2.Staggered2;k__Bacteria;p__Proteobacteria;c__Betaproteobacteria;o__Burkholderiales;f__Oxalobacteraceae;g__	-0.0521112224268	0.0032693983047	-0.00109863838482	-0.0193384414655	0.0161582503938	-0.00928262503388	-0.00285095713354	-0.000490990654531	0.00145868107912	-0.000617905165381	1.00609599419e-05	1.8317953976e-05	6.49403715142e-06	-3.69352227365e-06	-6.00861147887e-07	-1.07380716691e-06	5.04805636478e-07	-8.99880144237e-07	9.84637114985e-08	4.10096991672e-08	3.79788239481e-07	-1.12622353165e-07	-6.16401777768e-08	1.4893212765e-08	-2.36190306148e-08	-1.69453963968e-09	2.76582016045e-12	4.58220925271e-10	-3.74982037359e-10	-8.00328777772e-10	4.4826863073e-10
HMPMockV1.2.Staggered2;k__Bacteria;p__Proteobacteria;c__Gammaproteobacteria;o__Alteromonadales;f__[Chromatiaceae];g__Rheinheimera	-0.0521112224268	0.0032693983047	-0.00109863838482	-0.0193384414655	0.0161582503938	-0.00928262503388	-0.00285095713354	-0.000490990654531	0.00145868107912	-0.000617905165381	1.00609599419e-05	1.8317953976e-05	6.49403715142e-06	-3.69352227365e-06	-6.00861147887e-07	-1.07380716691e-06	5.04805636478e-07	-8.99880144237e-07	9.84637114985e-08	4.10096991672e-08	3.79788239481e-07	-1.12622353165e-07	-6.16401777768e-08	1.4893212765e-08	-2.36190306148e-08	-1.69453963968e-09	2.76582016045e-12	4.58220925271e-10	-3.74982037359e-10	-8.00328777772e-10	4.4826863073e-10
HMPMockV1.2.Staggered2;k__Bacteria;p__Cyanobacteria;c__4C0d-2;o__;f__;g__	-0.0424035525569	-0.0132451959453	0.0108126935022	0.00501028967603	0.00499341573227	0.0099387761466	-0.00375108094375	0.00684665509727	-0.00170251680703	8.42871617412e-05	4.09152727616e-05	9.3287477817e-05	0.0001627718417	0.000196309114178	-0.000148428797462	5.5861236989e-05	1.99499426095e-05	3.60811577538e-05	4.16251962565e-05	5.4294426012e-05	-2.63493669535e-05	9.19256457934e-06	-2.71625009815e-05	-1.21045290236e-05	6.20157201413e-06	6.4494769966e-08	2.69181196284e-10	4.58222279655e-10	-3.74981963258e-10	-8.00328475508e-10	4.48268618096e-10
HMPMockV1.2.Staggered2;k__Bacteria;p__Proteobacteria;c__Gammaproteobacteria;o__Enterobacteriales;f__Enterobacteriaceae;g__Yersinia	-0.0417988069548	-0.0126334337975	0.0105798092865	0.00539625485656	0.00400783308281	0.00965391904348	-0.00328304747068	0.00203019026015	-0.00161021131585	0.00021648081704	3.60985891271e-06	-0.000453462472048	-8.27396668743e-05	-1.80549822703e-05	1.47703958003e-05	4.39912041951e-06	3.50682184435e-05	-1.96546764962e-05	-5.03195237804e-06	-2.17050821422e-06	-7.01346721745e-06	4.7962019035e-06	1.15069918547e-06	-2.68402455436e-07	8.47805322788e-07	2.54277505767e-08	-3.20338282351e-12	4.58220895051e-10	-3.74982038997e-10	-8.00328784641e-10	4.48268631094e-10
HMPMockV1.1.Even1;k__Bacteria;p__Proteobacteria;c__Gammaproteobacteria;o__Oceanospirillales;f__Oceanospirillaceae;g__	-0.0521107651838	0.00326881465064	-0.00109747983897	-0.0193396378169	0.0161649514391	-0.00926887194469	-0.00285691021448	-0.000487681319937	0.00145906273928	-0.000615574330365	1.05322088004e-05	3.3403227374e-05	1.22207649506e-05	-1.58515023954e-05	-1.03527414742e-06	-4.12110202591e-05	-3.69266334605e-05	-2.32418103971e-05	-1.04703234707e-05	3.59740776104e-06	-1.5599495735e-05	7.97751996391e-06	-1.02928819965e-06	1.30371537915e-07	1.62167124121e-06	5.23005604362e-08	1.21535081479e-12	4.5822091762e-10	-3.74982037768e-10	-8.00328779755e-10	4.48268630974e-10
HMPMockV1.1.Even1;k__Bacteria;p__Proteobacteria;c__Gammaproteobacteria;o__Oceanospirillales;f__Oceanospirillaceae;g__Oleispira	-0.0521107651838	0.00326881465064	-0.00109747983897	-0.0193396378169	0.0161649514391	-0.00926887194469	-0.00285691021448	-0.000487681319937	0.00145906273928	-0.000615574330365	1.05322088004e-05	3.3403227374e-05	1.22207649506e-05	-1.58515023954e-05	-1.03527414742e-06	-4.12110202591e-05	-3.69266334605e-05	-2.32418103971e-05	-1.04703234707e-05	3.59740776104e-06	-1.5599495735e-05	7.97751996391e-06	-1.02928819965e-06	1.30371537915e-07	1.62167124121e-06	5.23005604362e-08	1.21535081479e-12	4.5822091762e-10	-3.74982037768e-10	-8.00328779755e-10	4.48268630974e-10
HMPMockV1.1.Even1;k__Bacteria;p__Proteobacteria;c__Gammaproteobacteria;o__Xanthomonadales;f__Xanthomonadaceae;g__	-0.0521107651838	0.00326881465064	-0.00109747983897	-0.0193396378169	0.0161649514391	-0.00926887194469	-0.00285691021448	-0.000487681319937	0.00145906273928	-0.000615574330365	1.05322088004e-05	3.3403227374e-05	1.22207649506e-05	-1.58515023954e-05	-1.03527414742e-06	-4.12110202591e-05	-3.69266334605e-05	-2.32418103971e-05	-1.04703234707e-05	3.59740776104e-06	-1.5599495735e-05	7.97751996391e-06	-1.02928819965e-06	1.30371537915e-07	1.62167124121e-06	5.23005604362e-08	1.21535081479e-12	4.5822091762e-10	-3.74982037768e-10	-8.00328779755e-10	4.48268630974e-10
HMPMockV1.1.Even1;k__Bacteria;p__Proteobacteria;c__Betaproteobacteria;o__Burkholderiales;f__Comamonadaceae;Other	0.0973319167397	0.0886164066735	-0.00651254661298	-0.0112008795577	-0.0110767065848	0.00467309143981	-0.000382272405972	0.00196299466333	-0.00182398474332	1.73371388223e-05	-2.9591948298e-05	5.58044313317e-05	-3.75936620745e-05	-0.000125622766128	-7.43957674656e-05	-2.07106706668e-05	-5.84455326918e-06	3.34182655566e-05	1.99228002579e-05	-2.98793324322e-05	-2.58894719608e-06	1.20812261098e-05	2.27374045522e-05	5.74721898138e-06	-8.26814103425e-06	9.24399923242e-08	-1.62756630084e-10	4.58220084091e-10	-3.74982083465e-10	-8.00328966272e-10	4.4826863907e-10
HMPMockV1.1.Even1;k__Bacteria;p__Proteobacteria;c__Gammaproteobacteria;o__Enterobacteriales;f__Enterobacteriaceae;g__Brenneria	-0.0424721512841	-0.0133146065046	0.0108522590761	0.00495337875228	0.00509411960439	0.00996352631798	-0.00384899195598	0.00703933401641	-0.00178182727136	5.34741426581e-05	0.000100104689717	1.81748505803e-05	0.000246472754431	0.000317543117601	-0.000239098101409	8.33686633986e-05	2.98951038652e-05	6.19910601055e-05	7.6162440571e-05	9.40383157282e-05	-4.1106463458e-05	1.48855264983e-05	-4.41251508336e-05	-2.96045883872e-05	1.25561179333e-05	1.02212370749e-07	6.32199045522e-10	4.58224124853e-10	-3.74981862306e-10	-8.00328063436e-10	4.48268600717e-10
HMPMockV1.2.Staggered1;k__Archaea;p__Euryarchaeota;c__Methanobacteria;o__Methanobacteriales;f__Methanobacteriaceae;g__Methanothermobacter	-0.0421753476552	-0.0130092719767	0.0107189484998	0.00518268057089	0.00459142892579	0.00992002265207	-0.00360479072493	0.00451001014443	-0.00166960042987	0.000144069451024	4.3350214462e-05	-0.00021675996558	2.32329970005e-05	5.00801911469e-05	-9.92087319728e-06	-1.65807145626e-05	-4.09012683282e-06	2.16436509315e-05	-5.08739283057e-06	-6.36273910905e-06	2.99939997654e-07	8.66054117643e-06	4.42327173694e-07	-9.62117881515e-07	-5.60686532113e-06	5.46828004347e-08	-3.19837259307e-11	4.58220748634e-10	-3.74982047088e-10	-8.00328817542e-10	4.48268632588e-10
HMPMockV1.2.Staggered1;k__Bacteria;p__Proteobacteria;c__Gammaproteobacteria;o__Enterobacteriales;f__Enterobacteriaceae;g__Edwardsiella	-0.0423897119903	-0.0132334242398	0.0108097647086	0.00501923741609	0.00497485230755	0.00992472456696	-0.00373763066639	0.00685622909669	-0.00168973107285	0.000102083892463	5.13409788655e-05	0.000138867095582	0.000185305019441	0.00019046618867	-0.000128086585745	6.11154330561e-05	1.03496201968e-05	6.96628909225e-06	-5.9098838267e-06	-1.11057352087e-05	-2.49402843017e-05	-2.40161701823e-06	8.98569519811e-06	3.06081144522e-06	7.10280981006e-06	4.18101386917e-08	4.00849693251e-11	4.5822111544e-10	-3.74982026917e-10	-8.00328735585e-10	4.48268629109e-10
HMPMockV1.2.Staggered1;k__Bacteria;p__Proteobacteria;c__Gammaproteobacteria;o__Enterobacteriales;f__Enterobacteriaceae;g__Proteus	-0.0959853168626	-0.063197069274	0.02210873257	0.0213829919999	-0.0358371079862	-0.0291840659994	-0.0211934032906	0.00096341665376	-0.00177487698027	-0.000452064555202	-4.50284174801e-05	-0.0001001949662	3.52269417415e-06	-1.21256524384e-05	4.27453982125e-06	-3.74772249182e-06	-8.06223508854e-07	-2.0011414758e-06	-2.41309666863e-07	-3.31676806233e-07	8.367992856e-07	-2.07467543707e-07	-2.67328714398e-07	-3.18888842811e-08	-4.1030457344e-08	-3.30658414915e-09	2.69366208599e-12	4.58220924904e-10	-3.7498203738e-10	-8.00328777845e-10	4.48268630727e-10
HMPMockV1.1.Even2;k__Bacteria;p__Proteobacteria;c__Alphaproteobacteria;o__Rhodobacterales;f__Rhodobacteraceae;g__Loktanella	-0.0424483003618	-0.0132920868748	0.0108425198232	0.00497348701582	0.00506065578515	0.00995954417035	-0.00382606041999	0.00700474864365	-0.00175444075033	6.80561718425e-05	9.80141579011e-05	7.46136294438e-05	0.000251986505764	0.000287416677009	-0.000206237773769	7.35387232836e-05	1.24168488015e-05	3.3147984221e-05	3.73648323434e-05	2.37752692074e-05	-3.10211701498e-05	1.08786049013e-05	1.44397361698e-07	-3.21673019817e-05	1.16051388282e-05	1.13720023942e-07	6.92460680787e-10	4.58224431116e-10	-3.74981845575e-10	-8.00327995155e-10	4.48268597905e-10
HMPMockV1.1.Even2;k__Bacteria;p__Proteobacteria;c__Betaproteobacteria;o__Burkholderiales;f__Burkholderiaceae;Other	-0.0407306588593	-0.0115820478111	0.0102286965639	0.00606715376832	0.00230724838399	0.00906122688269	-0.00250525955094	-0.00477359935068	-0.00138581626468	0.000309673610495	7.77541263607e-05	-0.00101410841119	-0.000164139484717	-0.000146081072755	9.86991594048e-05	5.28357258764e-05	-4.89520920139e-05	-5.6220533418e-05	1.13294662155e-05	4.01231080726e-05	-5.49347361805e-05	-8.75632799523e-05	9.48147560954e-06	-2.74868996355e-06	-7.99424892536e-06	5.02733171049e-08	1.26006969079e-10	4.58221552247e-10	-3.74982003282e-10	-8.00328638408e-10	4.48268625207e-10
HMPMockV1.1.Even2;k__Bacteria;p__Proteobacteria;c__Alphaproteobacteria;o__Rhizobiales;f__Rhizobiaceae;g__Sinorhizobium	-0.056520052119	-0.00315163205402	0.00110094287539	-0.0155098809429	0.0111744866804	-0.0111632899627	-0.00479541942452	-0.000346118579237	0.00118561300628	-0.000684492295589	2.01314996964e-06	3.34634796233e-05	1.92420906704e-05	-3.00664487275e-05	-1.36098998106e-06	-8.14905084773e-05	-7.43806703549e-05	-4.60360844193e-05	-2.09688071004e-05	7.10034913613e-06	-3.14897488865e-05	1.60609843955e-05	-2.02323345513e-06	2.47143066798e-07	3.26545454135e-06	1.0589826262e-07	-5.2317505022e-13	4.58220909011e-10	-3.74982038229e-10	-8.0032878195e-10	4.48268631226e-10
HMPMockV1.1.Even2;k__Bacteria;p__Proteobacteria;c__Gammaproteobacteria;o__Thiotrichales;f__Piscirickettsiaceae;g__Piscirickettsia	-0.0423955593352	-0.0132386868611	0.0108108276866	0.00501474827775	0.00498313445659	0.00993141633368	-0.00374425532208	0.00685098322295	-0.00169535618731	9.53142617164e-05	4.52641412913e-05	0.000119556737376	0.00017461035707	0.00019235878632	-0.000136157641943	5.84843146705e-05	1.45126510127e-05	1.78759822821e-05	1.31360260601e-05	1.62264144051e-05	-2.64157366199e-05	-3.21846293603e-06	-5.44316466598e-06	-2.29538124095e-06	9.94180784335e-06	2.4227377186e-08	1.52010022523e-10	4.58221684279e-10	-3.74981995777e-10	-8.0032860837e-10	4.48268623638e-10
HMPMockV1.1.Even2;k__Bacteria;p__Proteobacteria;c__Betaproteobacteria;o__Burkholderiales;Other;Other	-0.0390496528439	-0.00973007997015	0.00953142759986	0.00714749279425	-0.000133546298969	0.00770339808228	-0.000968109959256	-0.00634170728739	-0.000304827681404	6.37826648116e-05	-0.000462627034447	0.000904602528907	4.40769043516e-05	-7.487993585e-05	-5.73801264263e-05	0.000170024011901	-1.3991297863e-05	-9.46534588141e-05	1.62969697026e-05	-1.04881158434e-05	-1.02777615199e-05	7.37111669888e-06	1.87683551848e-05	-4.28399534121e-06	2.35459486655e-06	3.60182484138e-08	9.69443089969e-11	4.58221404045e-10	-3.74982011154e-10	-8.00328671024e-10	4.48268626385e-10
HMPMockV1.1.Even2;k__Bacteria;p__Firmicutes;c__Bacilli;o__Bacillales;f__Thermoactinomycetaceae;g__Thermoactinomyces	-0.0423964056844	-0.0132391362188	0.0108108923262	0.00501293147902	0.00498358899835	0.00992128983734	-0.00373823001009	0.00685437854108	-0.00169788314678	9.76656386231e-05	4.43753330887e-05	0.000109503159343	0.000169171111867	0.000194748965766	-0.000137775698933	6.60057003711e-05	2.26852186787e-05	2.31827633485e-05	1.44384283079e-05	3.36526614581e-05	-3.11694274626e-05	-1.9020780239e-06	-2.16028311555e-05	1.13297146825e-05	6.97582570141e-06	2.03664117786e-08	-1.22355440224e-10	4.58220289852e-10	-3.74982072057e-10	-8.00328919867e-10	4.48268636827e-10
HMPMockV1.2.Staggered2;k__Bacteria;p__Proteobacteria;c__Gammaproteobacteria;o__Xanthomonadales;f__Xanthomonadaceae;g__Luteimonas	-0.0423965505634	-0.0132397378096	0.0108149989724	0.00501535610413	0.00498371241701	0.00992275203247	-0.003744889669	0.00688664005426	-0.00169751582802	9.85654812429e-05	6.58222324087e-05	0.000135561996328	0.000202918604717	0.000207252076132	-0.000138506296274	6.72608673387e-05	1.03736396647e-05	1.06678848789e-05	-5.25996295959e-06	-1.37830398203e-05	-2.41538879401e-05	1.47867949151e-05	8.54031408265e-06	6.4001045886e-07	-2.33893000213e-06	1.29143789085e-07	-1.33373438239e-11	4.58220843809e-10	-3.7498204188e-10	-8.00328796729e-10	4.48268631974e-10
HMPMockV1.2.Staggered2;k__Bacteria;p__Firmicutes;c__Clostridia;o__Clostridiales;f__Ruminococcaceae;g__	-0.0549639945806	-0.000885386045072	0.000324620077674	-0.0168611375979	0.0129334621086	-0.0104995258702	-0.00410913861594	-0.000397249899929	0.00128198997316	-0.000660990955516	4.85355348924e-06	2.8117999983e-05	1.47427776637e-05	-2.07583570379e-05	-1.09270921641e-06	-5.31081433089e-05	-4.79505023579e-05	-3.0105659381e-05	-1.3533299755e-05	4.60881757014e-06	-2.02416769597e-05	1.03526526019e-05	-1.33090641606e-06	1.6517253008e-07	2.10460504536e-06	6.79243324104e-08	6.37646788833e-13	4.5822091475e-10	-3.74982037922e-10	-8.00328780476e-10	4.48268631051e-10
HMPMockV1.2.Staggered2;k__Bacteria;p__Proteobacteria;c__Deltaproteobacteria;o__Desulfobacterales;f__Desulfobacteraceae;g__Desulfofaba	-0.0422335840689	-0.0130706407423	0.0107448516063	0.00513605230886	0.00469406782069	0.0099240398978	-0.00364911557943	0.00508559186074	-0.0016841643741	0.000133316484866	5.03330427591e-05	-0.000139826067065	7.13378881483e-05	9.73218000794e-05	-4.68462410079e-05	5.35279212892e-06	5.51192226949e-07	1.671043975e-05	-6.70292943005e-06	-7.16643326891e-06	-9.50623574277e-06	-5.53467107021e-06	3.86570291218e-06	1.95231747319e-06	4.5464000496e-06	-6.71012526931e-11	2.57830957425e-11	4.58221042493e-10	-3.74982030915e-10	-8.00328751627e-10	4.48268629635e-10
HMPMockV1.2.Staggered2;k__Bacteria;p__Firmicutes;c__Clostridia;o__Clostridiales;f__;g__	-0.0521109265637	0.00326902064619	-0.00109788873751	-0.0193392155753	0.0161625863643	-0.00927372597617	-0.00285480912709	-0.000488849320382	0.00145892803569	-0.000616396978018	1.03658856739e-05	2.80790132335e-05	1.01995669038e-05	-1.15604505877e-05	-8.81951912289e-07	-2.70449450501e-05	-2.37155373086e-05	-1.5356423249e-05	-6.74016328873e-06	2.34220844509e-06	-9.95974844988e-06	5.1221756167e-06	-6.87765368401e-07	8.96144819797e-08	1.04098055704e-06	3.32434662918e-08	1.76257528973e-12	4.5822092032e-10	-3.74982037624e-10	-8.00328779055e-10	4.48268630888e-10
HMPMockV1.2.Staggered2;k__Bacteria;p__Proteobacteria;c__Gammaproteobacteria;o__Oceanospirillales;f__Oceanospirillaceae;g__Oleispira	-0.0521109265637	0.00326902064619	-0.00109788873751	-0.0193392155753	0.0161625863643	-0.00927372597617	-0.00285480912709	-0.000488849320382	0.00145892803569	-0.000616396978018	1.03658856739e-05	2.80790132335e-05	1.01995669038e-05	-1.15604505877e-05	-8.81951912289e-07	-2.70449450501e-05	-2.37155373086e-05	-1.5356423249e-05	-6.74016328873e-06	2.34220844509e-06	-9.95974844988e-06	5.1221756167e-06	-6.87765368401e-07	8.96144819797e-08	1.04098055704e-06	3.32434662918e-08	1.76257528973e-12	4.5822092032e-10	-3.74982037624e-10	-8.00328779055e-10	4.48268630888e-10
HMPMockV1.2.Staggered2;k__Bacteria;p__Firmicutes;c__Clostridia;o__Clostridiales;f__Veillonellaceae;Other	-0.0422060784548	-0.0130444709084	0.0106993731177	0.0051783549312	0.00470250098226	0.00987710049045	-0.00347285567159	0.00629012165824	-0.00147128670832	0.000165814498491	-0.000123735319367	0.000316384418025	-7.09083202857e-05	-0.000153517685978	0.000110887653877	-3.0839340921e-05	-1.71036433982e-05	-3.59863789414e-05	-5.02682905943e-05	-7.12309231945e-05	2.47230194478e-05	1.45958609445e-05	3.233640322e-05	1.77108496507e-05	-2.13806420702e-05	6.69404382919e-08	-5.10087594842e-10	4.58218318308e-10	-3.74982180133e-10	-8.00329360614e-10	4.48268655698e-10
HMPMockV1.2.Staggered2;k__Bacteria;p__Proteobacteria;c__Gammaproteobacteria;o__Alteromonadales;f__[Chromatiaceae];g__	-0.0423787628155	-0.0132214768098	0.0108001605419	0.00502770771803	0.00495824693579	0.00992136616338	-0.00371644485237	0.00679764436178	-0.0016766227913	0.000103713291771	2.57442015396e-05	0.000129355555493	0.000144905082393	0.000160477882386	-0.000113985133463	5.40676539549e-05	1.7483358725e-05	1.57543660407e-05	8.89992473247e-06	2.21784746696e-05	-2.59493607098e-05	-8.00399817539e-06	-1.30721939509e-05	9.22692823614e-06	9.43693111219e-06	-1.07708219968e-08	-5.81916787334e-11	4.58220615932e-10	-3.74982054194e-10	-8.0032884686e-10	4.48268633639e-10
HMPMockV1.2.Staggered2;k__Bacteria;p__Proteobacteria;c__Alphaproteobacteria;o__Rhodobacterales;f__Rhodobacteraceae;g__Phaeobacter	-0.0424524251698	-0.0132955505369	0.0108438695006	0.00496849325225	0.00506545843296	0.00994613721717	-0.00382063331501	0.00701376261094	-0.00176134858631	6.96432328135e-05	9.7044166869e-05	5.3694104705e-05	0.000243585697882	0.000294582177008	-0.000212731576984	8.49910686972e-05	2.57219828047e-05	4.50343032087e-05	4.37412539506e-05	5.57983701127e-05	-4.26474808513e-05	1.46163772856e-05	-2.72683083534e-05	-1.33697544772e-05	6.90358167327e-06	-3.61863199751e-06	-4.50174190244e-11	4.58220672753e-10	-3.7498205143e-10	-8.00328816798e-10	4.48268621193e-10
HMPMockV1.1.Even1;k__Bacteria;p__Proteobacteria;c__Deltaproteobacteria;o__Desulfovibrionales;f__Desulfovibrionaceae;g__	-0.0521102164922	0.00326811426577	-0.00109608958395	-0.0193410734386	0.0161729926935	-0.00925236823767	-0.00286405391161	-0.000483710118425	0.00145952073147	-0.000612777328347	1.10977074307e-05	5.15055554516e-05	1.90928383095e-05	-3.04410785414e-05	-1.55656974685e-06	-8.93756759695e-05	-8.18443603766e-05	-5.00521267003e-05	-2.31528680892e-05	7.86508543526e-06	-3.47746365042e-05	1.76856907443e-05	-2.19046582589e-06	2.68945528094e-07	3.59601956738e-06	1.17094680527e-07	-6.45212399981e-13	4.58220908438e-10	-3.74982038258e-10	-8.00328782136e-10	4.48268631267e-10
HMPMockV1.1.Even1;k__Bacteria;p__Planctomycetes;c__BD7-11;o__;f__;g__	-0.0521102164922	0.00326811426577	-0.00109608958395	-0.0193410734386	0.0161729926935	-0.00925236823767	-0.00286405391161	-0.000483710118425	0.00145952073147	-0.000612777328347	1.10977074307e-05	5.15055554516e-05	1.90928383095e-05	-3.04410785414e-05	-1.55656974685e-06	-8.93756759695e-05	-8.18443603766e-05	-5.00521267003e-05	-2.31528680892e-05	7.86508543526e-06	-3.47746365042e-05	1.76856907443e-05	-2.19046582589e-06	2.68945528094e-07	3.59601956738e-06	1.17094680527e-07	-6.45212399981e-13	4.58220908438e-10	-3.74982038258e-10	-8.00328782136e-10	4.48268631267e-10
HMPMockV1.1.Even1;k__Bacteria;p__Proteobacteria;c__Gammaproteobacteria;o__Oceanospirillales;f__Oceanospirillaceae;g__Marinomonas	-0.0521102164922	0.00326811426577	-0.00109608958395	-0.0193410734386	0.0161729926935	-0.00925236823767	-0.00286405391161	-0.000483710118425	0.00145952073147	-0.000612777328347	1.10977074307e-05	5.15055554516e-05	1.90928383095e-05	-3.04410785414e-05	-1.55656974685e-06	-8.93756759695e-05	-8.18443603766e-05	-5.00521267003e-05	-2.31528680892e-05	7.86508543526e-06	-3.47746365042e-05	1.76856907443e-05	-2.19046582589e-06	2.68945528094e-07	3.59601956738e-06	1.17094680527e-07	-6.45212399981e-13	4.58220908438e-10	-3.74982038258e-10	-8.00328782136e-10	4.48268631267e-10
HMPMockV1.1.Even1;k__Bacteria;p__Proteobacteria;c__Gammaproteobacteria;o__Methylococcales;f__Crenotrichaceae;g__Crenothrix	-0.0521102164922	0.00326811426577	-0.00109608958395	-0.0193410734386	0.0161729926935	-0.00925236823767	-0.00286405391161	-0.000483710118425	0.00145952073147	-0.000612777328347	1.10977074307e-05	5.15055554516e-05	1.90928383095e-05	-3.04410785414e-05	-1.55656974685e-06	-8.93756759695e-05	-8.18443603766e-05	-5.00521267003e-05	-2.31528680892e-05	7.86508543526e-06	-3.47746365042e-05	1.76856907443e-05	-2.19046582589e-06	2.68945528094e-07	3.59601956738e-06	1.17094680527e-07	-6.45212399981e-13	4.58220908438e-10	-3.74982038258e-10	-8.00328782136e-10	4.48268631267e-10
HMPMockV1.1.Even1;k__Bacteria;p__Firmicutes;c__Bacilli;o__Lactobacillales;f__Aerococcaceae;g__Alkalibacterium	-0.0423998418314	-0.0132423300384	0.0108115194611	0.00501081680443	0.00498877211104	0.00993018104041	-0.00374525442108	0.00684942304337	-0.00170039437815	9.20659219322e-05	4.08327093409e-05	0.000101508342692	0.000164853343117	0.000194813014939	-0.000142164612697	6.10054918065e-05	2.18070759958e-05	2.70987240134e-05	2.64434547324e-05	4.41534432194e-05	-2.69258512869e-05	-4.16690342537e-06	-2.39821635329e-05	1.92273514251e-06	1.07496296652e-05	2.99115884112e-06	3.5601460989e-10	4.58222729284e-10	-3.74981938387e-10	-8.00328389165e-10	4.48268623495e-10
HMPMockV1.1.Even1;k__Bacteria;p__Proteobacteria;c__Gammaproteobacteria;o__Enterobacteriales;f__Enterobacteriaceae;g__Erwinia	-0.0482590868718	-0.018691526117	0.0120625439156	0.0067603767161	0.000663993711642	0.00592400524172	-0.00584085452937	0.00640061269866	-0.00172890679898	-7.19525187907e-05	7.77246510793e-05	5.83292364557e-05	0.000224532272292	0.000249634259463	-0.000177476280022	7.12455098359e-05	1.4947134821e-05	2.64301560456e-05	2.3508889392e-05	1.9432998703e-05	-2.99866123402e-05	1.00180834261e-05	-4.39990202896e-06	-1.47288685008e-05	6.89273128578e-06	1.00946663913e-07	3.3956081411e-10	4.58222637489e-10	-3.74981943699e-10	-8.00328395813e-10	4.48268614861e-10
HMPMockV1.2.Staggered1;k__Bacteria;p__Firmicutes;c__Bacilli;o__Lactobacillales;f__Aerococcaceae;Other	-0.0419017475008	-0.0127296560071	0.0105803761818	0.00540131037888	0.00415232597973	0.00991107328639	-0.00333224586009	0.00252945019429	-0.00149914719237	0.000219664380563	-9.01932398167e-05	-0.000345455102217	-0.000302428070172	-0.000345211450346	0.000265029633361	-0.000155172858665	-1.77944505408e-05	1.44605798189e-06	-6.39570165644e-07	2.79216450362e-05	1.75857349636e-05	-3.1103780764e-05	-1.20001495208e-05	3.640018635e-07	-2.8987021221e-05	3.11721553302e-08	-2.40259356062e-10	4.58219689501e-10	-3.74982105266e-10	-8.00329054165e-10	4.48268642599e-10
HMPMockV1.2.Staggered1;k__Bacteria;p__Proteobacteria;c__Alphaproteobacteria;o__Rhizobiales;f__Phyllobacteriaceae;g__Chelativorans	-0.0422846792308	-0.0131243173626	0.0107415598924	0.00511068543489	0.00481906117753	0.00991115950346	-0.00358541493793	0.00648389365306	-0.00156208522019	0.000129450651258	-7.40919695972e-05	0.000214911976299	7.47172998831e-07	-2.54355211595e-05	8.49264188092e-06	-4.75120618555e-06	-3.58208069782e-07	-1.43184900079e-06	2.4943103629e-06	1.41106574981e-06	3.47551484353e-06	-1.26763026661e-06	-5.02436209231e-07	5.1841839667e-08	-2.77403309748e-07	-1.34517060136e-08	-4.06918320793e-12	4.58220890488e-10	-3.74982039259e-10	-8.00328785473e-10	4.48268631016e-10
HMPMockV1.2.Staggered1;k__Bacteria;p__WS2;c__;o__;f__;g__	-0.0424309632595	-0.0132750929374	0.0108349425512	0.004986081216	0.00503499514663	0.00993783279714	-0.00379685696768	0.00698360071787	-0.00173739583074	8.39700263999e-05	9.47266064321e-05	0.000100849100454	0.000246302067093	0.000267986306588	-0.000183243596836	7.95064603307e-05	1.35239614568e-05	2.0371017946e-05	8.94976911337e-06	-1.41812893893e-07	-3.30285208688e-05	1.05954569527e-05	5.6785775298e-06	-9.30254058089e-06	5.16724507707e-06	-1.12611643298e-06	1.19600165625e-10	4.58221516212e-10	-3.74982005135e-10	-8.00328640445e-10	4.4826862146e-10
HMPMockV1.2.Staggered1;k__Bacteria;p__Proteobacteria;c__Alphaproteobacteria;o__Rhodobacterales;f__Hyphomonadaceae;g__	-0.0521112224268	0.0032693983047	-0.00109863838482	-0.0193384414655	0.0161582503938	-0.00928262503388	-0.00285095713354	-0.000490990654531	0.00145868107912	-0.000617905165381	1.00609599419e-05	1.8317953976e-05	6.49403715142e-06	-3.69352227365e-06	-6.00861147887e-07	-1.07380716691e-06	5.04805636478e-07	-8.99880144237e-07	9.84637114985e-08	4.10096991672e-08	3.79788239481e-07	-1.12622353165e-07	-6.16401777768e-08	1.4893212765e-08	-2.36190306148e-08	-1.69453963968e-09	2.76582016044e-12	4.58220925271e-10	-3.74982037359e-10	-8.00328777772e-10	4.4826863073e-10
HMPMockV1.2.Staggered1;k__Bacteria;p__Firmicutes;c__Bacilli;o__Bacillales;f__[Exiguobacteraceae];g__	-0.0521112224268	0.0032693983047	-0.00109863838482	-0.0193384414655	0.0161582503938	-0.00928262503388	-0.00285095713354	-0.000490990654531	0.00145868107912	-0.000617905165381	1.00609599419e-05	1.8317953976e-05	6.49403715142e-06	-3.69352227365e-06	-6.00861147887e-07	-1.07380716691e-06	5.04805636478e-07	-8.99880144237e-07	9.84637114985e-08	4.10096991672e-08	3.79788239481e-07	-1.12622353165e-07	-6.16401777768e-08	1.4893212765e-08	-2.36190306148e-08	-1.69453963968e-09	2.76582016044e-12	4.58220925271e-10	-3.74982037359e-10	-8.00328777772e-10	4.4826863073e-10
HMPMockV1.2.Staggered1;k__Bacteria;p__Proteobacteria;c__Gammaproteobacteria;o__Oceanospirillales;f__Oceanospirillaceae;g__Oleispira	-0.0521112224268	0.0032693983047	-0.00109863838482	-0.0193384414655	0.0161582503938	-0.00928262503388	-0.00285095713354	-0.000490990654531	0.00145868107912	-0.000617905165381	1.00609599419e-05	1.8317953976e-05	6.49403715142e-06	-3.69352227365e-06	-6.00861147887e-07	-1.07380716691e-06	5.04805636478e-07	-8.99880144237e-07	9.84637114985e-08	4.10096991672e-08	3.79788239481e-07	-1.12622353165e-07	-6.16401777768e-08	1.4893212765e-08	-2.36190306148e-08	-1.69453963968e-09	2.76582016044e-12	4.58220925271e-10	-3.74982037359e-10	-8.00328777772e-10	4.4826863073e-10
HMPMockV1.2.Staggered1;k__Bacteria;p__Proteobacteria;c__Alphaproteobacteria;o__Rhizobiales;f__Phyllobacteriaceae;g__	-0.100618408387	-0.0673490952521	0.0230712674689	0.022802044014	-0.0388105734516	-0.0302725072135	-0.0241090745537	0.00102979681265	-0.00155346424567	-0.00140164196802	-8.88324246413e-05	-0.00014695727866	2.07346142791e-05	-2.63201505889e-05	5.94807676824e-07	-2.6388335553e-06	2.56229862593e-07	-5.87566160924e-06	8.71802787525e-07	-5.47013855161e-07	1.3591272905e-06	-1.86079092402e-07	-3.50909747483e-07	2.9118453832e-08	-4.0195718981e-08	-6.06591645275e-09	6.97198447324e-13	4.58220914746e-10	-3.74982037934e-10	-8.00328780098e-10	4.48268630815e-10
HMPMockV1.1.Even2;k__Bacteria;p__Firmicutes;c__Clostridia;o__Clostridiales;f__Peptococcaceae;g__Desulfotomaculum	-0.0521102164922	0.00326811426577	-0.00109608958395	-0.0193410734386	0.0161729926935	-0.00925236823767	-0.00286405391161	-0.000483710118425	0.00145952073147	-0.000612777328347	1.10977074307e-05	5.15055554516e-05	1.90928383095e-05	-3.04410785414e-05	-1.55656974685e-06	-8.93756759695e-05	-8.18443603766e-05	-5.00521267003e-05	-2.31528680892e-05	7.86508543526e-06	-3.47746365042e-05	1.76856907443e-05	-2.19046582589e-06	2.68945528094e-07	3.59601956738e-06	1.17094680527e-07	-6.45212399981e-13	4.58220908438e-10	-3.74982038258e-10	-8.00328782136e-10	4.48268631267e-10
HMPMockV1.1.Even2;k__Bacteria;p__Firmicutes;c__Clostridia;o__Clostridiales;f__Ruminococcaceae;g__Oscillospira	-0.0521102164922	0.00326811426577	-0.00109608958395	-0.0193410734386	0.0161729926935	-0.00925236823767	-0.00286405391161	-0.000483710118425	0.00145952073147	-0.000612777328347	1.10977074307e-05	5.15055554516e-05	1.90928383095e-05	-3.04410785414e-05	-1.55656974685e-06	-8.93756759695e-05	-8.18443603766e-05	-5.00521267003e-05	-2.31528680892e-05	7.86508543526e-06	-3.47746365042e-05	1.76856907443e-05	-2.19046582589e-06	2.68945528094e-07	3.59601956738e-06	1.17094680527e-07	-6.45212399981e-13	4.58220908438e-10	-3.74982038258e-10	-8.00328782136e-10	4.48268631267e-10
HMPMockV1.1.Even2;k__Bacteria;p__Proteobacteria;c__Gammaproteobacteria;o__Enterobacteriales;f__Enterobacteriaceae;g__Salmonella	-0.0424334666846	-0.0132773117207	0.0108358445535	0.00498356584311	0.00503823110354	0.00993447837508	-0.00379675265841	0.00698800858259	-0.00174082949645	8.34366214664e-05	9.45954075843e-05	9.20029029746e-05	0.00024387979225	0.000271586563377	-0.0001867952698	8.32048137445e-05	1.8161719122e-05	2.46327494477e-05	1.3071791529e-05	1.2928880159e-05	-3.44195846879e-05	1.096980659e-05	-4.41818517833e-06	-3.9859904663e-06	4.41429274227e-06	1.13281257281e-07	1.31039807426e-10	4.58221577762e-10	-3.74982001678e-10	-8.00328632654e-10	4.48268624954e-10
HMPMockV1.1.Even2;k__Bacteria;p__Firmicutes;c__Bacilli;o__Gemellales;Other;Other	-0.0397032389931	-0.0105848031112	0.00986339851619	0.0067425601036	0.000789769149472	0.00813381081662	-0.00145331596879	-0.00604096870332	-0.000662094752727	0.000201991127423	-0.000201390479831	-2.9466441826e-05	-5.22382194074e-05	-0.000128390231857	-1.04647367641e-05	0.000317554245696	-0.00034867535332	-2.61646601803e-05	6.1082627145e-05	1.05075830347e-05	5.61954736271e-05	-1.76767152484e-06	-4.89253123673e-06	4.98320192459e-06	1.21258958578e-05	-2.75422490965e-07	5.63881305076e-11	4.58221196976e-10	-3.74982022313e-10	-8.00328715538e-10	4.48268627313e-10
HMPMockV1.1.Even2;k__Bacteria;p__Firmicutes;c__Bacilli;o__Lactobacillales;f__Carnobacteriaceae;Other	-0.0418708584761	-0.0126878345926	0.0105565650214	0.0054235449369	0.00407198873719	0.00987921663266	-0.00331938163088	0.00195646283872	-0.00151866630325	0.000208673353746	-0.000137904129255	-0.000471505229077	-0.000335093922583	-0.000262568643408	0.000214725517412	-0.000141832378534	-3.24848834865e-05	3.3816716446e-05	-1.12403438045e-05	-1.32044912869e-05	8.17647076775e-05	2.65675693519e-05	-2.14889114827e-05	1.21111756876e-05	6.90966141537e-06	-2.79419044651e-07	-2.64544327426e-10	4.58219565626e-10	-3.74982111483e-10	-8.00329079687e-10	4.48268642475e-10
HMPMockV1.1.Even2;k__Bacteria;p__Firmicutes;c__Bacilli;o__Bacillales;f__Paenibacillaceae;Other	-0.0422221719634	-0.0130626853226	0.0107073515376	0.00515663497527	0.00472842018814	0.00986664105571	-0.00349023614736	0.00633665903738	-0.00149534813308	0.000172151671807	-0.000122344821047	0.00028588686444	-6.62277453555e-05	-0.000124485221704	9.3206929458e-05	-1.14699034043e-05	6.2345201166e-07	-3.56198579197e-05	-5.62596587817e-05	-4.13822566922e-05	4.85144126594e-06	-2.94261462401e-05	9.59843485566e-06	5.16010531436e-05	3.40795826283e-07	-1.53713010299e-07	-8.84317868157e-10	4.58216416829e-10	-3.74982283864e-10	-8.00329784277e-10	4.48268672978e-10
HMPMockV1.1.Even2;k__Bacteria;p__Cyanobacteria;c__4C0d-2;o__;f__;g__	-0.0423644382366	-0.0132049369454	0.0107877874165	0.00504374110914	0.00493577731212	0.0099329026588	-0.00369543205235	0.00671298687296	-0.00165545934486	9.61436419811e-05	-3.99519950833e-06	0.000124929370239	9.79346553053e-05	0.000117781222463	-9.71157209631e-05	3.24627296712e-05	1.5238767717e-05	2.97059298187e-05	3.97210840917e-05	5.25145750454e-05	-1.63743351388e-05	5.99501675877e-06	-2.68054316981e-05	-1.12981875322e-05	5.04620100852e-06	3.05123940528e-08	2.38385781232e-10	4.58222122981e-10	-3.74981971824e-10	-8.00328510315e-10	4.48268619459e-10
HMPMockV1.1.Even2;k__Bacteria;p__Firmicutes;c__Clostridia;o__Clostridiales;f__Christensenellaceae;g__	-0.0715140968109	-0.0249779991181	0.00856932395669	-0.00248224727369	-0.0058292791444	-0.0176785779057	-0.0113542041016	0.000117324332343	0.000253822949201	-0.000931399886437	-2.94963938915e-05	-4.77921390786e-05	1.21902680025e-05	-1.27441735998e-05	-1.22593618001e-07	-1.69981772226e-06	4.05375326924e-07	-2.89019273024e-06	4.0779934191e-07	-1.94199722565e-07	7.71523859889e-07	-1.4200504886e-07	-1.7734800566e-07	2.05833091918e-08	-3.02497059613e-08	-3.44309036491e-09	1.9383714752e-12	4.58220921061e-10	-3.74982037589e-10	-8.00328778702e-10	4.48268630764e-10
HMPMockV1.2.Staggered2;k__Bacteria;p__Actinobacteria;c__Actinobacteria;o__Actinomycetales;Other;Other	0.0192643066463	0.0374506248302	-0.00245475105921	-0.00205974298617	-0.00960856557997	0.00347101190363	0.00355590866637	-0.00206200074348	0.000558429043238	-0.000449883191713	0.000216555468963	0.000109652375084	-7.11773087422e-06	-6.81827627395e-06	-5.96596115905e-06	1.54224148486e-05	5.17707672555e-06	-1.22545538161e-05	2.41315637083e-06	6.06651910971e-06	-1.1114810199e-05	-7.80718250548e-06	2.02567383515e-06	-8.29044451274e-07	-2.57021953422e-06	3.45395424465e-08	1.2127189797e-11	4.58220972979e-10	-3.74982034801e-10	-8.0032876737e-10	4.48268630435e-10
HMPMockV1.2.Staggered1;k__Bacteria;p__Proteobacteria;c__Gammaproteobacteria;o__Alteromonadales;f__Alteromonadaceae;g__Umboniibacter	-0.0424499930603	-0.0132929855901	0.0108426491026	0.00496985341837	0.00506156486866	0.00993929117769	-0.003814009796	0.0070115392799	-0.00175949466927	7.2758925656e-05	9.62365414958e-05	5.45064733768e-05	0.000241108015358	0.000292197035901	-0.00020947388775	8.85814946849e-05	2.87619841334e-05	4.37615463536e-05	3.99696368388e-05	5.86277633131e-05	-4.05285518351e-05	1.35113747255e-05	-3.21749356172e-05	-4.91711013487e-06	5.67317454427e-06	1.05998093127e-07	1.43729755291e-10	4.58221642263e-10	-3.74981998134e-10	-8.00328618151e-10	4.48268624284e-10
HMPMockV1.2.Staggered1;k__Bacteria;p__Proteobacteria;c__Gammaproteobacteria;o__Alteromonadales;f__[Chromatiaceae];g__	-0.0424269884873	-0.0132709153179	0.0108329744893	0.00498814488319	0.00502855559117	0.00992518253373	-0.00378505294802	0.00698034922527	-0.00173463510772	8.96923317471e-05	9.32572014775e-05	0.000100891674207	0.000241182521488	0.000264460774756	-0.0001782316171	8.62729402706e-05	1.94562967356e-05	2.02252515355e-05	2.47443085893e-06	5.79096384522e-06	-3.51969493696e-05	1.08208380406e-05	-4.06505391137e-06	6.14527219407e-06	1.75621329717e-06	1.13644780913e-07	-7.0374072192e-11	4.582205541e-10	-3.74982057683e-10	-8.00328861368e-10	4.48268634662e-10
HMPMockV1.2.Staggered1;k__Bacteria;p__Firmicutes;c__Clostridia;o__Clostridiales;f__Veillonellaceae;Other	-0.0422317273197	-0.0130713263064	0.0107171146964	0.00515574364915	0.00474049605497	0.00987621809023	-0.00350947404229	0.00639205653976	-0.00150325961826	0.00016155282367	-8.76893638915e-05	0.000302570184566	-1.80425777525e-05	-9.64033228371e-05	7.75458892604e-05	-1.09843594912e-05	-1.47177273279e-05	-3.71559290127e-05	-5.99568909237e-05	-8.30555966781e-05	1.72034403227e-05	1.59438363964e-05	3.81243523332e-05	2.26462744933e-05	-2.16764912139e-05	9.35473537834e-08	-5.90326534586e-10	4.5821791064e-10	-3.7498220244e-10	-8.00329451865e-10	4.48268659668e-10
HMPMockV1.2.Staggered1;k__Archaea;p__Euryarchaeota;c__Methanobacteria;o__Methanobacteriales;f__Methanobacteriaceae;g__Methanobacterium	-0.0411850043161	-0.0119789350643	0.0103499075392	0.0058144150717	0.00306971153478	0.00926624293009	-0.00280323863748	0.000212607595038	-0.0013003817963	0.000143388607404	-8.70305984419e-05	-0.000119804065765	-2.01557735897e-05	1.07837478005e-05	8.47614498397e-06	1.74693757389e-05	-1.35275546817e-05	-2.05975516318e-05	1.74952936038e-05	2.21777256914e-05	5.10817675712e-06	2.38478082769e-06	1.02409057513e-05	1.30406668814e-06	-3.70116979864e-08	-1.99746676856e-08	-1.91185697494e-11	4.58220813968e-10	-3.74982043448e-10	-8.00328802565e-10	4.48268631741e-10
HMPMockV1.2.Staggered1;k__Bacteria;p__Proteobacteria;c__Gammaproteobacteria;o__Oceanospirillales;f__Alcanivoracaceae;g__Alcanivorax	-0.0741826330743	-0.0427822716437	0.0175145812247	0.0146926816227	-0.0188625667442	-0.0119946135994	-0.0148876667329	0.00375536757628	-0.00165232352926	-0.000733897260118	-4.4108713582e-06	-6.65584037124e-05	0.000119407364963	0.000124155212418	-0.000101012664087	4.1295976184e-05	1.71342161487e-05	2.24133359044e-05	2.58160563293e-05	4.07099157754e-05	-1.99465702629e-05	6.88823883449e-06	-2.43344454046e-05	-5.14574258092e-07	2.46006131598e-06	4.24289722843e-08	2.98130212603e-11	4.58221062985e-10	-3.7498202982e-10	-8.00328747218e-10	4.48268629557e-10
HMPMockV1.2.Staggered1;k__Bacteria;p__Firmicutes;c__Clostridia;o__Clostridiales;f__Clostridiaceae;g__Sarcina	-0.078569230253	-0.0352503636531	0.0120861051721	0.00364608153555	-0.0138180433856	-0.0207178985881	-0.0144522469891	0.000341839116707	-0.000183925619697	-0.0010430671318	-4.34096373358e-05	-5.67468995184e-05	1.99883524747e-05	-2.81932996582e-05	-3.8309115212e-07	-4.20646710163e-05	-3.70622202461e-05	-2.59558730143e-05	-1.00485021564e-05	3.27666764049e-06	-1.5065310798e-05	7.93745265156e-06	-1.18707160131e-06	1.38130760315e-07	1.61262941118e-06	4.99161730834e-08	8.70116985522e-14	4.58220911879e-10	-3.74982038081e-10	-8.00328781024e-10	4.4826863102e-10
HMPMockV1.1.Even1;k__Bacteria;p__Proteobacteria;c__Gammaproteobacteria;o__Enterobacteriales;f__Enterobacteriaceae;g__Salmonella	-0.0424424189081	-0.0132856787613	0.0108394314137	0.00497574870679	0.0050506122808	0.00993346313011	-0.00380368803423	0.00700151985259	-0.00175148892203	7.86646584537e-05	9.51446716894e-05	6.88511427608e-05	0.000240528490156	0.000283217191014	-0.000199239581643	8.86476860691e-05	2.65681514082e-05	3.65057570883e-05	2.76159462064e-05	4.29517464964e-05	-3.92795388847e-05	1.27607941541e-05	-2.46004935475e-05	2.84250188528e-07	4.0379672239e-06	1.081179929e-07	4.18767613796e-11	4.58221124605e-10	-3.74982026459e-10	-8.00328733834e-10	4.48268629209e-10
HMPMockV1.2.Staggered2;k__Bacteria;p__Firmicutes;c__Clostridia;o__Clostridiales;f__Clostridiaceae;g__Sarcina	-0.0832940541389	-0.0421286632814	0.0144400685215	0.00775093063809	-0.0191735855426	-0.0227653147221	-0.0165215671815	0.000489258622981	-0.000477398182406	-0.00111990459671	-5.31430917585e-05	-7.60776950488e-05	2.01482657185e-05	-2.77919105719e-05	-1.7354140306e-07	-3.36162772746e-05	-2.90654095085e-05	-2.16529705703e-05	-7.7084368113e-06	2.45730731999e-06	-1.15457883505e-05	6.19669584928e-06	-1.0078940612e-06	1.14770980354e-07	1.25845259758e-06	3.79200110399e-08	2.17766001857e-13	4.58220912493e-10	-3.7498203805e-10	-8.00328780826e-10	4.48268630976e-10
HMPMockV1.2.Staggered2;k__Bacteria;p__Proteobacteria;c__Gammaproteobacteria;o__Enterobacteriales;f__Enterobacteriaceae;g__Edwardsiella	-0.0423630529797	-0.0132062109559	0.0107919714449	0.00504118993095	0.00493608914181	0.00992301537786	-0.00370060575871	0.00675797913454	-0.00165765193164	0.000110084376159	1.56703002581e-05	0.000157169094569	0.000135062947	0.000134010104891	-9.24933555754e-05	4.32699966899e-05	8.04050231992e-06	2.9192906304e-06	-4.50357988397e-06	-6.79805720342e-06	-1.93286394188e-05	-1.25944413881e-05	7.22293414522e-06	3.88580427145e-06	1.12538204561e-05	-2.30556871981e-08	6.30583410513e-11	4.58221232155e-10	-3.74982020477e-10	-8.00328709152e-10	4.48268627778e-10
HMPMockV1.2.Staggered2;k__Bacteria;p__Firmicutes;c__Bacilli;o__Bacillales;f__Bacillaceae;g__Anoxybacillus	-0.0507528312222	-0.0210087885965	0.0125868027055	0.00752331397857	-0.00121550948854	0.00419505743625	-0.00670761365281	0.0061466380612	-0.00172187603711	-0.000134039390374	6.93277955579e-05	4.32875281944e-05	0.000211978493471	0.000237745572027	-0.000169844258079	7.1666981232e-05	1.85284366957e-05	2.76715262397e-05	2.31131435883e-05	2.76096037043e-05	-3.09839866088e-05	1.02217058792e-05	-1.26716800816e-05	-6.88915220972e-06	5.0089822112e-06	9.38284163008e-08	1.79709209068e-10	4.5822182504e-10	-3.74981988142e-10	-8.00328577278e-10	4.4826862253e-10
HMPMockV1.1.Even2;k__Bacteria;p__Firmicutes;c__Clostridia;o__Clostridiales;f__Veillonellaceae;Other	-0.0422430856641	-0.013083311932	0.0107242325085	0.0051440249645	0.00475741789135	0.00987061075501	-0.00352221978761	0.006434110967	-0.00151863331775	0.000162120389747	-7.62116283559e-05	0.00028928728474	-2.15486851246e-06	-7.2147427128e-05	6.31795496272e-05	1.38667545366e-06	-8.00591628906e-06	-3.56489273335e-05	-6.367666416e-05	-7.55694136011e-05	9.63763134869e-06	8.99955010047e-06	3.0403993586e-05	3.49133461133e-05	-1.89245989803e-05	6.15129788301e-08	-7.76426780035e-10	4.58216964942e-10	-3.74982254124e-10	-8.00329662984e-10	4.48268668524e-10
HMPMockV1.1.Even2;k__Bacteria;p__Proteobacteria;c__Alphaproteobacteria;o__Rhizobiales;f__Phyllobacteriaceae;g__	-0.100618408387	-0.0673490952521	0.0230712674689	0.022802044014	-0.0388105734516	-0.0302725072135	-0.0241090745537	0.00102979681265	-0.00155346424567	-0.00140164196802	-8.88324246413e-05	-0.00014695727866	2.07346142791e-05	-2.63201505889e-05	5.94807676824e-07	-2.6388335553e-06	2.56229862593e-07	-5.87566160924e-06	8.71802787525e-07	-5.47013855161e-07	1.3591272905e-06	-1.86079092402e-07	-3.50909747483e-07	2.9118453832e-08	-4.0195718981e-08	-6.06591645275e-09	6.97198447324e-13	4.58220914746e-10	-3.74982037934e-10	-8.00328780098e-10	4.48268630815e-10
HMPMockV1.1.Even2;k__Archaea;p__Euryarchaeota;Other;Other;Other;Other	0.222954195122	0.210463635691	-0.0310851383215	0.0135578217335	0.00210164200475	-0.00114949863612	-0.00585455813621	0.000104234041298	0.000621420847665	0.000667474963439	5.09577538975e-05	3.35985292373e-06	-9.46022134087e-06	4.25056290695e-06	1.4363211862e-06	1.12271961264e-06	-3.72183170363e-07	1.00184798605e-06	1.85796220188e-08	4.83351639416e-08	-4.14377717803e-07	1.56555228572e-07	3.67973185034e-08	-2.0920647075e-08	3.52493681163e-08	1.77634401437e-09	2.95520571705e-12	4.58220926254e-10	-3.74982037306e-10	-8.00328777571e-10	4.48268630731e-10
HMPMockV1.1.Even2;k__Bacteria;p__Proteobacteria;c__Gammaproteobacteria;o__Oceanospirillales;f__Alcanivoracaceae;g__Alcanivorax	-0.0553218399787	-0.0252492654504	0.0135272769644	0.00898091969492	-0.00476858275525	0.00099468682863	-0.00824803024712	0.00551060881364	-0.00164776197559	-0.000238700492953	3.12575178048e-06	6.44859045971e-05	0.000116829779868	0.00011776424799	-9.21255222721e-05	3.68336709733e-05	1.08455226868e-05	2.0241607583e-05	2.15615095279e-05	2.40566986557e-05	-1.35944022936e-05	1.89890214451e-05	-1.33937030079e-05	-7.87643180524e-06	-4.54428390874e-06	1.07376271454e-07	9.10448422156e-11	4.58221374046e-10	-3.7498201289e-10	-8.00328678074e-10	4.48268626833e-10
HMPMockV1.1.Even2;k__Bacteria;p__Proteobacteria;c__Alphaproteobacteria;o__Rhizobiales;Other;Other	0.118625736998	0.109944855608	-0.00342872297243	0.0129974450031	0.00630377676914	0.000631512176339	-0.00246223257574	0.00141280111363	-0.00103035938995	0.0014153202916	8.50079112927e-05	-0.000121915127341	-5.30953811394e-05	1.81320532693e-05	3.03773843736e-05	-2.30171109504e-05	-1.39983573953e-05	7.28015558437e-06	-2.99510968273e-05	-4.0751850362e-05	1.70954009941e-05	-1.11218901838e-06	1.52487883316e-05	1.01600122999e-05	1.00316708451e-05	-1.08498561232e-07	-9.55723384657e-11	4.58220425463e-10	-3.74982064548e-10	-8.00328888815e-10	4.48268635075e-10
HMPMockV1.1.Even2;k__Bacteria;p__Proteobacteria;c__Gammaproteobacteria;o__Xanthomonadales;f__Xanthomonadaceae;g__Luteimonas	-0.0424030996139	-0.0132441034654	0.0108130239053	0.00501231538525	0.00499173390379	0.00993647007426	-0.00374833761829	0.00684990434478	-0.00170155226142	8.30384172882e-05	4.53440585062e-05	9.4910957888e-05	0.000166381171976	0.000197525689875	-0.000149041760695	5.70386636425e-05	1.93739674722e-05	3.85278875067e-05	4.26036077273e-05	5.28826659543e-05	-2.4151788383e-05	2.27834806427e-05	-2.80401508265e-05	-1.41769540372e-05	-1.63943875211e-06	1.30159484922e-07	2.24682848758e-10	4.58222053374e-10	-3.7498197572e-10	-8.00328526402e-10	4.48268620457e-10
HMPMockV1.1.Even2;k__Bacteria;p__Proteobacteria;c__Epsilonproteobacteria;o__Campylobacterales;f__Helicobacteraceae;g__	-0.0736694128899	-0.0281173121867	0.00964495799512	-0.000610799015174	-0.00826414781546	-0.0185946522269	-0.0123062853081	0.000188959628721	0.000120416297183	-0.000963383834869	-3.33156846014e-05	-3.67001485982e-05	1.98225165182e-05	-2.86095550069e-05	-6.00402002994e-07	-5.08259682298e-05	-4.53552091591e-05	-3.04181422153e-05	-1.24752365884e-05	4.12637463951e-06	-1.87151859288e-05	9.74268192798e-06	-1.3728853466e-06	1.62355717311e-07	1.97992388455e-06	6.23566374247e-08	-4.85853567261e-14	4.58220911241e-10	-3.74982038114e-10	-8.0032878123e-10	4.48268631066e-10
HMPMockV1.1.Even2;k__Bacteria;p__Proteobacteria;c__Gammaproteobacteria;o__Thiotrichales;f__Piscirickettsiaceae;g__	-0.0548957977874	-0.00827535783308	0.0041773405252	-0.00939109656877	0.00642532045645	-0.0131348666975	-0.00151394595783	-0.000175826402262	-0.000185004151338	0.00186407287077	0.000103641407991	9.83173346485e-05	-3.84824285537e-05	2.97705962782e-05	1.04280324332e-05	-4.79893955742e-06	-2.64736269456e-06	8.63458419738e-06	-2.85941479806e-06	4.67086655739e-07	-8.02712979892e-07	-1.98896792237e-07	8.33929501223e-08	-1.56608461428e-07	-3.15560597855e-08	4.8197391886e-09	7.84384121225e-12	4.58220951108e-10	-3.7498203595e-10	-8.00328772039e-10	4.48268630505e-10
HMPMockV1.1.Even2;k__Bacteria;p__Firmicutes;c__Bacilli;o__Bacillales;f__Planococcaceae;g__Solibacillus	-0.0485784820401	-0.0189529072264	0.0120587664032	0.00720437238338	-0.00040046627715	0.00545795846247	-0.00585312736768	0.00291525515538	-0.00168070906764	-1.01502608937e-05	5.23581843674e-05	-0.000428801511955	-2.22003841601e-05	1.97129418923e-05	2.1209582384e-05	-4.20446179807e-05	-8.08268895835e-06	2.60434672368e-05	-7.3835327573e-06	-4.72525110068e-06	4.22533358429e-06	-2.7882689329e-06	-8.08777641841e-07	2.02360663192e-07	-6.72007353431e-07	-8.97674427672e-09	-3.21821843458e-12	4.58220894834e-10	-3.74982039032e-10	-8.00328784538e-10	4.48268630982e-10
HMPMockV1.2.Staggered1;k__Bacteria;p__Actinobacteria;c__Actinobacteria;o__Actinomycetales;Other;Other	0.311556865463	0.239823407437	-0.0125931506103	0.00665228792725	-0.000160347830306	-0.00127852754204	-0.00483329237792	0.00010985866698	0.000392422588332	0.000474909148484	1.42401167557e-05	-4.32416077108e-06	-4.34524032375e-06	2.2276639697e-06	1.14320554566e-06	6.08340748363e-07	-2.82042106927e-07	5.53722875394e-07	7.39996210948e-08	-6.32201682511e-09	-2.11543369392e-07	8.49199831648e-08	-1.84401683387e-09	-1.43353690911e-08	1.5886121666e-08	9.47541854443e-10	2.62409964717e-12	4.58220924568e-10	-3.74982037398e-10	-8.00328777943e-10	4.48268630744e-10
HMPMockV1.2.Staggered1;k__Bacteria;p__Proteobacteria;c__Gammaproteobacteria;o__Enterobacteriales;f__Enterobacteriaceae;g__Providencia	-0.0424587717149	-0.0133015890201	0.010846486628	0.00496344523181	0.00507454130878	0.00994999788344	-0.0038286051912	0.00702231764269	-0.00176817501416	6.48098747662e-05	9.78726816044e-05	4.09791820616e-05	0.000243797835507	0.000302096450637	-0.000221161767514	8.57442236003e-05	2.83979752595e-05	5.05226737477e-05	5.43165181069e-05	7.10493595738e-05	-4.02843474e-05	1.39293969434e-05	-3.53390550548e-05	-1.61546110282e-05	8.72295011409e-06	1.04869900717e-07	3.66554017658e-10	4.58222774742e-10	-3.74981936175e-10	-8.00328365115e-10	4.48268613539e-10
HMPMockV1.2.Staggered1;k__Bacteria;p__NC10;c__12-24;o__Methylomirabiliales;f__Methylomirabiliaceae;g__	-0.0423980793198	-0.0132398939544	0.0108120777959	0.00501647585372	0.00498524056423	0.00993718462482	-0.00374693728407	0.00685155462556	-0.0016958865019	8.73730044175e-05	4.97748557194e-05	0.000115456736589	0.000177147205888	0.000194464212352	-0.000141617230947	5.47566935606e-05	1.16869535796e-05	2.64526668243e-05	2.65606868978e-05	2.18667076711e-05	-2.08046092364e-05	1.99902244298e-05	-7.51387672947e-06	-1.70010742694e-05	-6.95372636159e-07	1.33118600101e-07	2.95565286066e-10	4.58222413654e-10	-3.74981956013e-10	-8.00328445965e-10	4.48268617077e-10
HMPMockV1.2.Staggered1;k__Bacteria;p__Proteobacteria;c__Gammaproteobacteria;o__Thiotrichales;f__Piscirickettsiaceae;g__Piscirickettsia	-0.0424325357005	-0.0132768174273	0.0108357734498	0.0049855643217	0.00503773110761	0.00994561752105	-0.0038033805016	0.00698427373265	-0.00173804984103	8.0850106869e-05	9.55730966072e-05	0.000103061838811	0.000249862961974	0.000268957365986	-0.00018501540711	7.49312894738e-05	9.1718946894e-06	1.87952902748e-05	1.16391490565e-05	-6.23999159908e-06	-2.9190524761e-05	9.52178318668e-06	1.335744796e-05	-1.89735959821e-05	7.67687309843e-06	1.17528319229e-07	4.32841816449e-10	4.58223111632e-10	-3.7498191777e-10	-8.00328290006e-10	4.48268610445e-10
HMPMockV1.2.Staggered1;k__Bacteria;p__Proteobacteria;c__Alphaproteobacteria;o__;f__;g__	-0.0482603641542	-0.00336870754496	0.00368366845015	-0.00962573503112	0.0117392908419	-0.00158336806361	-0.00325475736972	0.0025280562884	0.000157000434724	-0.000352269848002	4.64965582149e-05	6.97295684502e-06	0.000101382773797	0.000130826421794	-0.00010257182278	3.46691690823e-05	1.57565759407e-05	3.00251111325e-05	3.82835761008e-05	5.16925414149e-05	-1.82317711012e-05	6.68802150682e-06	-2.65409540791e-05	-1.13203567083e-05	5.19847157599e-06	3.75666938771e-08	2.42486783252e-10	4.58222143851e-10	-3.74981970684e-10	-8.00328505694e-10	4.48268619288e-10
HMPMockV1.2.Staggered1;k__Bacteria;p__Proteobacteria;c__Gammaproteobacteria;o__Thiohalorhabdales;f__;g__	-0.0482350591239	-0.00334443024561	0.00367302637558	-0.00960561441983	0.0117029806367	-0.00159888757197	-0.00322290483693	0.0024937472283	0.000184345952435	-0.000333643101302	4.32192841948e-05	5.7996677758e-05	0.00010146473054	0.000100316534535	-6.82053250658e-05	3.21297592265e-05	5.52031980317e-06	4.13518683256e-06	-2.96115047706e-06	-6.42793799979e-06	-1.23670083891e-05	3.72843115343e-06	4.37991579727e-06	8.48263853499e-07	8.89814204181e-07	4.59780504416e-08	6.9725730207e-12	4.58220946872e-10	-3.74982036188e-10	-8.00328773232e-10	4.48268630703e-10
HMPMockV1.2.Staggered1;k__Bacteria;p__Firmicutes;c__Clostridia;o__Clostridiales;f__Clostridiaceae;g__02d06	-0.0521102164922	0.00326811426577	-0.00109608958395	-0.0193410734386	0.0161729926935	-0.00925236823767	-0.00286405391161	-0.000483710118425	0.00145952073147	-0.000612777328347	1.10977074307e-05	5.15055554516e-05	1.90928383095e-05	-3.04410785414e-05	-1.55656974685e-06	-8.93756759695e-05	-8.18443603766e-05	-5.00521267003e-05	-2.31528680892e-05	7.86508543526e-06	-3.47746365042e-05	1.76856907443e-05	-2.19046582589e-06	2.68945528094e-07	3.59601956738e-06	1.17094680527e-07	-6.45212399994e-13	4.58220908438e-10	-3.74982038258e-10	-8.00328782136e-10	4.48268631267e-10
HMPMockV1.2.Staggered1;k__Bacteria;p__Proteobacteria;c__Gammaproteobacteria;o__Oceanospirillales;f__Oceanospirillaceae;g__Oleibacter	-0.0521102164922	0.00326811426577	-0.00109608958395	-0.0193410734386	0.0161729926935	-0.00925236823767	-0.00286405391161	-0.000483710118425	0.00145952073147	-0.000612777328347	1.10977074307e-05	5.15055554516e-05	1.90928383095e-05	-3.04410785414e-05	-1.55656974685e-06	-8.93756759695e-05	-8.18443603766e-05	-5.00521267003e-05	-2.31528680892e-05	7.86508543526e-06	-3.47746365042e-05	1.76856907443e-05	-2.19046582589e-06	2.68945528094e-07	3.59601956738e-06	1.17094680527e-07	-6.45212399994e-13	4.58220908438e-10	-3.74982038258e-10	-8.00328782136e-10	4.48268631267e-10
HMPMockV1.2.Staggered2;k__Bacteria;p__Proteobacteria;c__Alphaproteobacteria;o__Rhodobacterales;f__Rhodobacteraceae;g__Anaerospora	-0.100618408387	-0.0673490952521	0.0230712674689	0.022802044014	-0.0388105734516	-0.0302725072135	-0.0241090745537	0.00102979681265	-0.00155346424567	-0.00140164196802	-8.88324246413e-05	-0.00014695727866	2.07346142791e-05	-2.63201505889e-05	5.94807676824e-07	-2.6388335553e-06	2.56229862593e-07	-5.87566160924e-06	8.71802787525e-07	-5.47013855161e-07	1.3591272905e-06	-1.86079092402e-07	-3.50909747483e-07	2.9118453832e-08	-4.0195718981e-08	-6.06591645275e-09	6.97198447324e-13	4.58220914746e-10	-3.74982037934e-10	-8.00328780098e-10	4.48268630815e-10
HMPMockV1.2.Staggered2;k__Bacteria;p__Proteobacteria;c__Alphaproteobacteria;o__Rhizobiales;f__Phyllobacteriaceae;g__	-0.100618408387	-0.0673490952521	0.0230712674689	0.022802044014	-0.0388105734516	-0.0302725072135	-0.0241090745537	0.00102979681265	-0.00155346424567	-0.00140164196802	-8.88324246413e-05	-0.00014695727866	2.07346142791e-05	-2.63201505889e-05	5.94807676824e-07	-2.6388335553e-06	2.56229862593e-07	-5.87566160924e-06	8.71802787525e-07	-5.47013855161e-07	1.3591272905e-06	-1.86079092402e-07	-3.50909747483e-07	2.9118453832e-08	-4.0195718981e-08	-6.06591645275e-09	6.97198447324e-13	4.58220914746e-10	-3.74982037934e-10	-8.00328780098e-10	4.48268630815e-10
HMPMockV1.2.Staggered2;k__Bacteria;p__Proteobacteria;c__Gammaproteobacteria;o__Alteromonadales;f__Alteromonadaceae;g__Umboniibacter	-0.0424357712962	-0.0132793693182	0.0108366905221	0.00498124945816	0.00504121650238	0.00993138789651	-0.00379665368278	0.00699208422181	-0.00174400209605	8.29986081038e-05	9.44714713463e-05	8.38245645054e-05	0.000241572268761	0.000274944707547	-0.00019012340912	8.65822776838e-05	2.2406748222e-05	2.88694586912e-05	1.67954791399e-05	2.4772329252e-05	-3.68818971761e-05	1.17543994647e-05	-1.36334956068e-05	8.42425458057e-07	3.49088932621e-06	1.11000744489e-07	3.30785893591e-11	4.58221079888e-10	-3.74982028912e-10	-8.00328743861e-10	4.48268629656e-10
HMPMockV1.2.Staggered2;k__Bacteria;p__[Thermi];c__Deinococci;o__Deinococcales;f__Deinococcaceae;Other	-0.0263058112119	0.0164836015243	-0.00351654690811	0.00860755012821	-0.00136377274921	0.00259690419101	0.00361360969067	-0.00453077636628	-0.00164700008221	-0.00093188342053	-0.000380019511242	0.000602146809238	-4.9518136752e-05	-3.2800895145e-05	-1.66983998199e-05	3.42645954766e-05	8.65925363865e-05	-5.69768726474e-05	6.99426111286e-05	3.11577153802e-05	-2.06403233575e-05	1.86096949349e-05	2.39420924801e-05	2.67011466329e-06	3.02234074479e-06	6.77102965969e-08	-2.31803105546e-11	4.58220793739e-10	-3.74982044546e-10	-8.00328807588e-10	4.48268632261e-10
HMPMockV1.1.Even1;k__Bacteria;p__Caldiserica;c__OP5;o__;f__;g__	-0.0424208141695	-0.0132651730711	0.0108305235162	0.00499362614875	0.00502007600092	0.0099267186209	-0.00378082639202	0.00697085405254	-0.00172715673759	9.27499948165e-05	9.29567705743e-05	0.000117514763431	0.000243920770622	0.000256331619747	-0.000169612020943	8.19351088167e-05	1.30435910532e-05	1.16877872978e-05	-7.5505717599e-06	-1.61313595482e-05	-3.14872033319e-05	9.49001141333e-06	1.10422497598e-05	2.0983198146e-06	2.25996405638e-06	1.17486935564e-07	1.32827023111e-11	4.58220979272e-10	-3.7498203443e-10	-8.00328766423e-10	4.48268630661e-10
HMPMockV1.1.Even1;k__Bacteria;p__Proteobacteria;c__Alphaproteobacteria;o__Sphingomonadales;f__Erythrobacteraceae;g__Erythromicrobium	-0.0424208141695	-0.0132651730711	0.0108305235162	0.00499362614875	0.00502007600092	0.0099267186209	-0.00378082639202	0.00697085405254	-0.00172715673759	9.27499948165e-05	9.29567705743e-05	0.000117514763431	0.000243920770622	0.000256331619747	-0.000169612020943	8.19351088167e-05	1.30435910532e-05	1.16877872978e-05	-7.5505717599e-06	-1.61313595482e-05	-3.14872033319e-05	9.49001141333e-06	1.10422497598e-05	2.0983198146e-06	2.25996405638e-06	1.17486935564e-07	1.32827023111e-11	4.58220979272e-10	-3.7498203443e-10	-8.00328766423e-10	4.48268630661e-10
HMPMockV1.1.Even1;k__Bacteria;p__Proteobacteria;c__Alphaproteobacteria;o__Rhizobiales;f__Phyllobacteriaceae;g__	-0.100618408387	-0.0673490952521	0.0230712674689	0.022802044014	-0.0388105734516	-0.0302725072135	-0.0241090745537	0.00102979681265	-0.00155346424567	-0.00140164196802	-8.88324246413e-05	-0.00014695727866	2.07346142791e-05	-2.63201505889e-05	5.94807676824e-07	-2.6388335553e-06	2.56229862593e-07	-5.87566160924e-06	8.71802787525e-07	-5.47013855161e-07	1.3591272905e-06	-1.86079092402e-07	-3.50909747483e-07	2.9118453832e-08	-4.0195718981e-08	-6.06591645275e-09	6.97198447324e-13	4.58220914746e-10	-3.74982037934e-10	-8.00328780098e-10	4.48268630815e-10
HMPMockV1.1.Even1;k__Bacteria;p__Proteobacteria;c__Betaproteobacteria;o__Nitrosomonadales;f__Nitrosomonadaceae;g__Nitrosovibrio	-0.0424524454573	-0.0132955196953	0.0108438261094	0.00496847538463	0.00506546375747	0.00994611800635	-0.003820642058	0.00701374037767	-0.00176133863473	6.94665614412e-05	9.70533630994e-05	5.37351122897e-05	0.000243818324693	0.000294468978822	-0.000212570143086	8.51093711364e-05	2.58389112252e-05	4.40501926728e-05	4.40053364625e-05	5.65192397203e-05	-3.8818156722e-05	1.31894993551e-05	-2.76088375858e-05	-1.31124558877e-05	7.64578577115e-06	1.06972739858e-07	3.07675465101e-10	4.58222475497e-10	-3.74981952551e-10	-8.00328432e-10	4.48268616392e-10
HMPMockV1.1.Even1;k__Bacteria;p__Firmicutes;c__Clostridia;o__Clostridiales;f__;g__	-0.0642380189169	-0.0143852250845	0.00494383807862	-0.00880332009563	0.00241604443243	-0.0145300955788	-0.0081654864886	-0.000110793787734	0.000705644747921	-0.000813839366041	-1.4662386204e-05	-2.30008541831e-05	1.00541814333e-05	-9.35017935248e-06	-3.01943941708e-07	-1.46506376401e-06	4.42661693007e-07	-2.14382551049e-06	2.91798480506e-07	-1.05996189415e-07	6.24623002236e-07	-1.30986537975e-07	-1.33957570204e-07	1.84495230318e-08	-2.77632027063e-08	-2.78738384295e-09	2.24866473217e-12	4.5822092264e-10	-3.74982037503e-10	-8.00328778353e-10	4.48268630752e-10
HMPMockV1.1.Even1;k__Archaea;p__Euryarchaeota;c__Methanobacteria;o__Methanobacteriales;f__Methanobacteriaceae;g__Methanobacterium	-0.0420734912468	-0.0129033837232	0.01068220377	0.00525466342955	0.00440079711965	0.00992426667196	-0.00357113396942	0.00315093744822	-0.00169661467038	0.000163786202497	7.00070104935e-05	-0.000464032041117	-2.7567258965e-05	2.54670784525e-05	2.37864292224e-05	-4.69703410339e-05	-9.12505381097e-06	3.00333583426e-05	-8.4154497004e-06	-5.24753075637e-06	4.58360937102e-06	-3.11354266297e-06	-8.66011128635e-07	2.24015939362e-07	-7.50983807738e-07	-9.34059775471e-09	-3.70764554482e-12	4.58220892345e-10	-3.74982039169e-10	-8.00328785092e-10	4.48268631003e-10
HMPMockV1.1.Even1;k__Bacteria;p__Elusimicrobia;c__Elusimicrobia;o__Elusimicrobiales;f__Elusimicrobiaceae;g__Elusimicrobium	-0.0418416727557	-0.0126781239443	0.0105837341174	0.00536299944533	0.00410922338665	0.00960641582101	-0.00324294765046	0.00314598998469	-0.00154153358758	0.000206733218369	-8.02557186361e-05	-0.000191723844775	-9.21023576116e-05	-3.50668454094e-05	1.35134992446e-06	2.89169896281e-05	4.02131405974e-05	-3.12169385833e-05	-1.39179352999e-06	-8.02900049103e-06	7.64170805012e-06	2.39352980516e-05	-1.2498013072e-06	1.09210195884e-06	6.74812996188e-06	-2.46209843874e-08	-1.66269092213e-11	4.58220826672e-10	-3.7498204263e-10	-8.00328799522e-10	4.48268631517e-10
HMPMockV1.1.Even2;k__Bacteria;p__[Thermi];c__Deinococci;o__Thermales;f__Thermaceae;g__	-0.0424208141695	-0.0132651730711	0.0108305235162	0.00499362614875	0.00502007600092	0.0099267186209	-0.00378082639202	0.00697085405254	-0.00172715673759	9.27499948165e-05	9.29567705743e-05	0.000117514763431	0.000243920770622	0.000256331619747	-0.000169612020943	8.19351088167e-05	1.30435910532e-05	1.16877872978e-05	-7.5505717599e-06	-1.61313595482e-05	-3.14872033319e-05	9.49001141333e-06	1.10422497598e-05	2.0983198146e-06	2.25996405638e-06	1.17486935564e-07	1.32827023111e-11	4.58220979272e-10	-3.7498203443e-10	-8.00328766423e-10	4.48268630661e-10
HMPMockV1.1.Even2;k__Bacteria;p__Lentisphaerae;c__[Lentisphaeria];o__Z20;f__;g__	-0.0521102137024	0.00326811654457	-0.00109606172873	-0.0193411161693	0.016173087312	-0.00925220752039	-0.00286418998111	-0.000483735620359	0.00145943184763	-0.00061266675125	1.10859431199e-05	5.14870369279e-05	1.90012228169e-05	-3.05104544939e-05	-1.66692972865e-06	-8.94557877068e-05	-8.17975483212e-05	-5.01650934862e-05	-2.32180627031e-05	7.86678030478e-06	-3.47522513089e-05	1.77486156777e-05	-2.22008283313e-06	4.09293888042e-07	3.52912366885e-06	9.6723213033e-08	1.03125612057e-07	4.58745080867e-10	-3.74953448494e-10	-8.00211860435e-10	4.48263758837e-10
HMPMockV1.1.Even2;k__Bacteria;p__Elusimicrobia;c__Elusimicrobia;o__Elusimicrobiales;f__Elusimicrobiaceae;g__Elusimicrobium	-0.0418416727557	-0.0126781239443	0.0105837341174	0.00536299944533	0.00410922338665	0.00960641582101	-0.00324294765046	0.00314598998469	-0.00154153358758	0.000206733218369	-8.02557186361e-05	-0.000191723844775	-9.21023576116e-05	-3.50668454094e-05	1.35134992446e-06	2.89169896281e-05	4.02131405974e-05	-3.12169385833e-05	-1.39179352999e-06	-8.02900049103e-06	7.64170805012e-06	2.39352980516e-05	-1.2498013072e-06	1.09210195884e-06	6.74812996188e-06	-2.46209843874e-08	-1.66269092213e-11	4.58220826672e-10	-3.7498204263e-10	-8.00328799522e-10	4.48268631517e-10
HMPMockV1.2.Staggered2;k__Archaea;p__Euryarchaeota;c__Methanobacteria;o__Methanobacteriales;Other;Other	0.268854107654	0.237909682122	-0.025435795805	0.0229673407154	0.00923854648181	-0.00466270708372	-0.00391658176041	5.11245563007e-05	-0.00033841272444	-7.48038308295e-05	6.1669707334e-05	1.4606899842e-05	1.22982181672e-05	4.47919407999e-05	4.12427478554e-05	9.28544022139e-06	-2.82613360254e-07	-1.9761611946e-05	-1.65131932032e-05	1.23455602603e-06	3.66664639773e-06	-1.15048145941e-06	-4.25093545399e-06	-8.43408872381e-07	-6.47556582855e-08	-1.7624469614e-08	1.11395287145e-11	4.58220967763e-10	-3.7498203503e-10	-8.00328768174e-10	4.48268630256e-10
HMPMockV1.2.Staggered2;k__Bacteria;p__Proteobacteria;c__Alphaproteobacteria;o__Rhodobacterales;f__Hyphomonadaceae;g__	-0.0521112224268	0.0032693983047	-0.00109863838482	-0.0193384414655	0.0161582503938	-0.00928262503388	-0.00285095713354	-0.000490990654531	0.00145868107912	-0.000617905165381	1.00609599419e-05	1.8317953976e-05	6.49403715142e-06	-3.69352227365e-06	-6.00861147887e-07	-1.07380716691e-06	5.04805636478e-07	-8.99880144237e-07	9.84637114985e-08	4.10096991672e-08	3.79788239481e-07	-1.12622353165e-07	-6.16401777768e-08	1.4893212765e-08	-2.36190306148e-08	-1.69453963968e-09	2.76582016044e-12	4.58220925271e-10	-3.74982037359e-10	-8.00328777772e-10	4.4826863073e-10
HMPMockV1.2.Staggered1;k__Bacteria;p__Proteobacteria;c__Betaproteobacteria;o__Burkholderiales;Other;Other	-0.0422812419908	-0.013125973758	0.0107498212028	0.00510784793114	0.00481854882327	0.00989696961324	-0.00359778539489	0.00657092831326	-0.00156432205754	0.000154496309602	-3.30959443886e-05	0.000284555922441	7.80697218335e-05	5.26826174821e-06	1.81629055677e-05	1.22552350828e-05	-1.96371697064e-05	-5.55366487531e-05	-8.38047985612e-05	-0.000125274305739	1.734856877e-06	-3.14227983002e-05	7.51003575292e-05	2.02136103312e-05	9.68500709748e-06	-8.24200276639e-08	-1.99565041197e-10	4.58219897334e-10	-3.74982093477e-10	-8.00329007189e-10	4.48268640311e-10
HMPMockV1.2.Staggered1;k__Bacteria;p__Proteobacteria;c__Gammaproteobacteria;o__Aeromonadales;f__Aeromonadaceae;g__Tolumonas	-0.041499387327	-0.0123455778113	0.0104705961116	0.00558467078062	0.0035861764222	0.00935680871437	-0.00294613957925	0.0019565222119	-0.00137728530289	0.000196532021228	-0.000102790930776	-8.54608284509e-05	-6.41986388348e-05	-4.58811131369e-05	-7.16794399427e-06	8.60730951657e-05	-3.32155389696e-05	-3.04673720428e-05	1.11940418088e-05	-2.99399039094e-06	1.28663471854e-05	1.75225291821e-05	-1.14760828644e-06	1.2330170996e-06	5.22761920655e-06	-4.69190911335e-08	-6.99798968605e-12	4.58220875488e-10	-3.74982039987e-10	-8.00328788542e-10	4.48268631023e-10
HMPMockV1.2.Staggered1;k__Bacteria;p__Proteobacteria;c__Deltaproteobacteria;o__Desulfuromonadales;f__Desulfuromonadaceae;g__	-0.0682802844135	-0.0202700995476	0.00695799689975	-0.00529161297237	-0.00216469088799	-0.0162792524271	-0.0099369962736	1.59385011962e-05	0.000454632637523	-0.000879150766261	-2.29035015858e-05	-3.6773790236e-05	1.1240896194e-05	-1.12357317121e-05	-2.02304872983e-07	-1.5954826297e-06	4.21947045183e-07	-2.5584739659e-06	3.56243403507e-07	-1.54998152276e-07	7.06234589821e-07	-1.37107932911e-07	-1.58063367679e-07	1.96349597873e-08	-2.91445934035e-08	-3.15166524403e-09	2.07627958941e-12	4.58220921763e-10	-3.74982037551e-10	-8.00328778547e-10	4.48268630759e-10
HMPMockV1.2.Staggered1;k__Bacteria;p__Proteobacteria;c__Deltaproteobacteria;o__Desulfobacterales;f__Desulfobulbaceae;g__	-0.0736694128899	-0.0281173121866	0.00964495799509	-0.000610799015212	-0.00826414781541	-0.0185946522269	-0.0123062853081	0.000188959628719	0.000120416297186	-0.000963383834868	-3.33156846013e-05	-3.6700148598e-05	1.98225165182e-05	-2.86095550069e-05	-6.00402002996e-07	-5.08259682298e-05	-4.53552091592e-05	-3.04181422154e-05	-1.24752365884e-05	4.12637463952e-06	-1.87151859288e-05	9.742681928e-06	-1.3728853466e-06	1.62355717311e-07	1.97992388455e-06	6.23566374248e-08	-4.85853567267e-14	4.58220911241e-10	-3.74982038114e-10	-8.0032878123e-10	4.48268631066e-10
HMPMockV1.1.Even1;k__Bacteria;p__Proteobacteria;c__Alphaproteobacteria;o__Rhodobacterales;f__Rhodobacteraceae;g__Loktanella	-0.042430516669	-0.0132741966019	0.0108343750454	0.00498501273144	0.00503340107131	0.00992430476963	-0.00378746812287	0.00698577503825	-0.00173890846207	8.79450957074e-05	9.34288762794e-05	9.13927660785e-05	0.000239617807697	0.00026910600619	-0.000183157100619	8.87517011014e-05	2.31206999828e-05	2.51038025285e-05	8.20300378404e-06	1.83180057845e-05	-3.73168042483e-05	1.15813103991e-05	-1.26977988664e-05	8.45781641094e-06	1.46835572048e-06	1.1144926397e-07	-1.18177943337e-10	4.58220311144e-10	-3.7498207097e-10	-8.00328915622e-10	4.48268636948e-10
HMPMockV1.1.Even1;k__Bacteria;p__Actinobacteria;c__Actinobacteria;o__Actinomycetales;f__Microbacteriaceae;Other	-0.0417955500041	-0.0132529122363	0.0107337963905	0.00484548309318	0.00347685108794	0.00244833723709	0.00130235252144	0.00496825582219	-0.00245307465496	0.00322789223972	0.000197166974202	0.000298854459432	0.000112095967087	0.000175692449382	-4.72165065176e-05	5.50273946829e-05	-6.41392174616e-06	-2.10016601636e-05	-8.19065781284e-05	-0.000100973385153	-1.73048651342e-05	2.3952909639e-06	5.06164634182e-05	3.37156328273e-05	-8.42477046884e-06	1.0442173316e-07	-6.19031672849e-10	4.58217765482e-10	-3.74982210277e-10	-8.00329484458e-10	4.48268661127e-10
HMPMockV1.1.Even1;k__Bacteria;p__Firmicutes;c__Bacilli;o__Lactobacillales;f__Aerococcaceae;Other	-0.0416938105376	-0.0125173765728	0.0105553591602	0.00552883371287	0.00371754296344	0.00996502120685	-0.00342492432712	-0.00157509547926	-0.00176081117338	0.000253594802569	0.000216204091299	-0.00127796506202	-0.000207952665451	-0.000183400076611	0.00022529718353	-0.000184392857384	-1.58619757622e-05	3.29115548263e-05	-8.57928079822e-06	3.93673755027e-05	-3.67197738163e-05	-7.70423950618e-05	3.92077065748e-07	-1.0769274076e-05	-3.88635254546e-05	2.09752284037e-07	-1.42949538633e-11	4.58220838649e-10	-3.74982042664e-10	-8.00328798735e-10	4.48268632467e-10
HMPMockV1.1.Even1;k__Bacteria;p__Proteobacteria;c__Epsilonproteobacteria;o__Campylobacterales;f__Helicobacteraceae;g__	-0.0659696998907	-0.0169082313108	0.00580886957402	-0.00730018273781	0.000463402366318	-0.0152581222308	-0.00893405980936	-5.12795666883e-05	0.000598667880856	-0.000838167225397	-1.74537588757e-05	-5.1981114376e-06	1.9561917158e-05	-2.9263670555e-05	-9.41890482943e-07	-6.45937209939e-05	-5.83870488796e-05	-3.74302795314e-05	-1.62886764101e-05	5.46162849513e-06	-2.44507039914e-05	1.2579470791e-05	-1.66487837492e-06	2.00423506876e-07	2.55710091413e-06	8.19059385325e-08	-2.61666443609e-13	4.5822091024e-10	-3.74982038166e-10	-8.00328781553e-10	4.48268631138e-10
HMPMockV1.1.Even1;k__Bacteria;p__Proteobacteria;c__Alphaproteobacteria;o__Rhizobiales;f__Rhizobiaceae;g__Sinorhizobium	-0.0659696998907	-0.0169082313108	0.00580886957402	-0.00730018273781	0.000463402366318	-0.0152581222308	-0.00893405980936	-5.12795666883e-05	0.000598667880856	-0.000838167225397	-1.74537588757e-05	-5.1981114376e-06	1.9561917158e-05	-2.9263670555e-05	-9.41890482943e-07	-6.45937209939e-05	-5.83870488796e-05	-3.74302795314e-05	-1.62886764101e-05	5.46162849513e-06	-2.44507039914e-05	1.2579470791e-05	-1.66487837492e-06	2.00423506876e-07	2.55710091413e-06	8.19059385325e-08	-2.61666443609e-13	4.5822091024e-10	-3.74982038166e-10	-8.00328781553e-10	4.48268631138e-10
HMPMockV1.1.Even1;k__Bacteria;p__Proteobacteria;c__Gammaproteobacteria;o__Thiotrichales;f__Piscirickettsiaceae;g__	-0.05043650759	0.000891947470189	0.00056664049635	-0.0159537544233	0.013827711423	-0.0102597888048	-0.00047301299058	-0.000397012740014	0.000617179525599	0.00103363334376	7.72836325865e-05	8.1551501025e-05	-2.34365891681e-05	1.94353131036e-05	6.40373695242e-06	-3.35674753306e-06	-1.50383287819e-06	5.58483132285e-06	-1.8582681215e-06	3.56917996558e-07	-4.50343905186e-07	-1.62837582623e-07	5.22575165656e-08	-9.63739521495e-08	-2.75373573412e-08	2.80545223656e-09	6.17802095895e-12	4.58220942633e-10	-3.74982036412e-10	-8.0032877392e-10	4.4826863058e-10
HMPMockV1.1.Even1;k__Bacteria;p__Proteobacteria;c__Deltaproteobacteria;o__Desulfobacterales;f__Desulfobacteraceae;g__	-0.05043650759	0.000891947470189	0.00056664049635	-0.0159537544233	0.013827711423	-0.0102597888048	-0.00047301299058	-0.000397012740014	0.000617179525599	0.00103363334376	7.72836325865e-05	8.1551501025e-05	-2.34365891681e-05	1.94353131036e-05	6.40373695242e-06	-3.35674753306e-06	-1.50383287819e-06	5.58483132285e-06	-1.8582681215e-06	3.56917996558e-07	-4.50343905186e-07	-1.62837582623e-07	5.22575165656e-08	-9.63739521495e-08	-2.75373573412e-08	2.80545223656e-09	6.17802095895e-12	4.58220942633e-10	-3.74982036412e-10	-8.0032877392e-10	4.4826863058e-10
HMPMockV1.2.Staggered2;k__Bacteria;p__Proteobacteria;c__Gammaproteobacteria;o__Xanthomonadales;f__Xanthomonadaceae;g__Aquimonas	-0.0424185639082	-0.0132607571333	0.0108205022998	0.00499645681293	0.00501614373408	0.00994552497764	-0.00377321217007	0.00688217327759	-0.00172021574886	7.83808556253e-05	4.82434813095e-05	7.31715365463e-05	0.00017453585094	0.000220095047466	-0.000167399912592	6.07928690847e-05	2.38183384105e-05	4.14122771003e-05	5.063123204e-05	6.90632138731e-05	-3.17473390855e-05	-5.27926251164e-07	-3.35530463719e-05	-1.33577635699e-05	1.38587690905e-05	1.65806893998e-08	3.66113850007e-10	4.58222772442e-10	-3.74981936228e-10	-8.00328365153e-10	4.4826861326e-10
HMPMockV1.2.Staggered2;k__Bacteria;p__Firmicutes;c__Bacilli;o__Lactobacillales;f__Aerococcaceae;Other	-0.0415653213547	-0.0127844444197	0.0105585141232	0.00525131401295	0.0032528433034	0.00519423083826	-0.000217253321945	0.00115499309184	-0.00206674655721	0.00218056594557	4.87005522887e-05	-0.000387451862895	-0.000303923204598	-0.00026029839987	0.000241040249518	-0.000152553026941	-1.89414220174e-05	1.28627028422e-05	5.31587265867e-07	3.2506593058e-05	5.16171141321e-06	-5.29614037746e-05	-7.18322292168e-06	-5.38472289575e-06	-1.55708452961e-05	-2.86282033776e-08	1.21108373728e-11	4.58220972487e-10	-3.7498203498e-10	-8.0032876726e-10	4.48268630258e-10
HMPMockV1.2.Staggered2;k__Bacteria;p__Proteobacteria;c__Gammaproteobacteria;o__Enterobacteriales;f__Enterobacteriaceae;g__Trabulsiella	-0.0423098016276	-0.0131508213387	0.010757464767	0.00508774452987	0.00485698536873	0.00991587522036	-0.00362318883222	0.00656977343228	-0.00159288739704	0.000123799504639	-4.7343023357e-05	0.000195875090265	4.20074659768e-05	2.47994879802e-05	-2.33885087141e-05	1.00465929165e-05	2.54973506493e-06	-1.04833038069e-06	-1.32550317317e-07	-6.2338971168e-07	-4.67936183693e-06	-1.04315358312e-05	2.31467474921e-06	2.1195492099e-06	6.59930865647e-06	-4.33703561452e-08	3.54934439535e-11	4.5822109177e-10	-3.74982028185e-10	-8.00328740369e-10	4.4826862902e-10
HMPMockV1.1.Even2;k__Bacteria;p__Proteobacteria;c__Deltaproteobacteria;o__Desulfobacterales;Other;Other	-0.0420271245014	-0.0128528449587	0.0106184122423	0.00531349229191	0.00437096476931	0.00986233364918	-0.00335969086348	0.00415803348273	-0.0014709374659	0.000190364775934	-0.00015188799333	-5.81070962882e-05	-0.000238027926432	-0.000244180748643	0.000182828167341	-8.75578445492e-05	-1.69958078959e-05	8.81024779003e-06	-2.10266976278e-05	-1.51069263991e-05	5.53270974197e-05	4.33115924722e-05	-1.93572267403e-05	2.48687435938e-05	-2.43120810118e-05	-1.49461756057e-08	-7.477883861e-10	4.58217109618e-10	-3.74982246187e-10	-8.00329629959e-10	4.4826866673e-10
HMPMockV1.1.Even2;k__Bacteria;p__Proteobacteria;c__Gammaproteobacteria;o__Alteromonadales;f__Shewanellaceae;g__Shewanella	-0.0421662794189	-0.0130031166855	0.010713967142	0.00518948725082	0.00458729681675	0.00992870026344	-0.00358804795143	0.00457245062603	-0.00164744920902	0.000153023644851	3.285466596e-05	-0.000179699947491	-4.79300426141e-07	-4.93902915928e-06	2.47255162989e-05	-3.14644386232e-05	-1.17720102953e-06	9.17890374224e-06	-2.7410515693e-06	7.59483207131e-06	-1.47716828996e-05	-2.22746212687e-05	2.47715512449e-06	-1.54876953309e-06	-6.85988737834e-06	4.93010563153e-08	1.13956755874e-11	4.58220969287e-10	-3.7498203507e-10	-8.00328768348e-10	4.48268630544e-10
HMPMockV1.2.Staggered1;k__Bacteria;p__Firmicutes;c__Bacilli;o__Bacillales;f__Planococcaceae;g__Solibacillus	-0.0420734912468	-0.0129033837232	0.01068220377	0.00525466342955	0.00440079711965	0.00992426667196	-0.00357113396942	0.00315093744822	-0.00169661467038	0.000163786202497	7.00070104935e-05	-0.000464032041117	-2.7567258965e-05	2.54670784525e-05	2.37864292224e-05	-4.69703410339e-05	-9.12505381097e-06	3.00333583426e-05	-8.4154497004e-06	-5.24753075637e-06	4.58360937102e-06	-3.11354266297e-06	-8.66011128635e-07	2.24015939362e-07	-7.50983807738e-07	-9.34059775471e-09	-3.70764554482e-12	4.58220892345e-10	-3.74982039169e-10	-8.00328785092e-10	4.48268631003e-10
HMPMockV1.2.Staggered1;k__Bacteria;p__Proteobacteria;c__Deltaproteobacteria;o__Desulfobacterales;f__Desulfobacteraceae;g__Desulfofaba	-0.0420734912468	-0.0129033837232	0.01068220377	0.00525466342955	0.00440079711965	0.00992426667196	-0.00357113396942	0.00315093744822	-0.00169661467038	0.000163786202497	7.00070104935e-05	-0.000464032041117	-2.7567258965e-05	2.54670784525e-05	2.37864292224e-05	-4.69703410339e-05	-9.12505381097e-06	3.00333583426e-05	-8.4154497004e-06	-5.24753075637e-06	4.58360937102e-06	-3.11354266297e-06	-8.66011128635e-07	2.24015939362e-07	-7.50983807738e-07	-9.34059775471e-09	-3.70764554482e-12	4.58220892345e-10	-3.74982039169e-10	-8.00328785092e-10	4.48268631003e-10
HMPMockV1.2.Staggered1;k__Bacteria;p__Proteobacteria;c__Alphaproteobacteria;o__Sphingomonadales;f__Sphingomonadaceae;g__Novosphingobium	-0.0424208141695	-0.0132651730711	0.0108305235162	0.00499362614875	0.00502007600092	0.0099267186209	-0.00378082639202	0.00697085405254	-0.00172715673759	9.27499948165e-05	9.29567705743e-05	0.000117514763431	0.000243920770622	0.000256331619747	-0.000169612020943	8.19351088167e-05	1.30435910532e-05	1.16877872978e-05	-7.5505717599e-06	-1.61313595482e-05	-3.14872033319e-05	9.49001141333e-06	1.10422497598e-05	2.0983198146e-06	2.25996405638e-06	1.17486935564e-07	1.32827023111e-11	4.58220979272e-10	-3.7498203443e-10	-8.00328766423e-10	4.48268630661e-10
HMPMockV1.2.Staggered1;k__Bacteria;p__Proteobacteria;c__Epsilonproteobacteria;o__Nautiliales;f__Nautiliaceae;g__Nautilia	-0.0424208141695	-0.0132651730711	0.0108305235162	0.00499362614875	0.00502007600092	0.0099267186209	-0.00378082639202	0.00697085405254	-0.00172715673759	9.27499948165e-05	9.29567705743e-05	0.000117514763431	0.000243920770622	0.000256331619747	-0.000169612020943	8.19351088167e-05	1.30435910532e-05	1.16877872978e-05	-7.5505717599e-06	-1.61313595482e-05	-3.14872033319e-05	9.49001141333e-06	1.10422497598e-05	2.0983198146e-06	2.25996405638e-06	1.17486935564e-07	1.32827023111e-11	4.58220979272e-10	-3.7498203443e-10	-8.00328766423e-10	4.48268630661e-10
HMPMockV1.2.Staggered1;k__Bacteria;p__Firmicutes;c__Clostridia;o__Clostridiales;f__Peptococcaceae;g__Desulfosporosinus	-0.0567092451896	-0.0076381828701	0.00337971886792	-0.0111092796186	0.00724792581371	-0.0127613786059	-0.00342752068597	-0.000218661545931	0.00034584905419	0.000729223929786	5.6519125433e-05	5.29879035643e-05	-1.79151887372e-05	1.3715880142e-05	5.67762079297e-06	-3.26700828584e-06	-1.28382503559e-06	4.15226970634e-06	-1.51700925787e-06	2.43926515093e-07	-2.24160005725e-07	-1.65742771345e-07	1.86160855951e-09	-8.06874014019e-08	-2.91196525462e-08	1.6965311504e-09	5.49291814501e-12	4.58220939147e-10	-3.74982036603e-10	-8.00328774693e-10	4.48268630609e-10
HMPMockV1.2.Staggered1;k__Bacteria;p__Firmicutes;c__Bacilli;o__Lactobacillales;f__Carnobacteriaceae;g__Carnobacterium	-0.0491804714625	-0.000891140655697	0.00181559965723	-0.0134152391416	0.012079807195	-0.010992661633	0.00131044511664	-0.000326529304127	-1.39466395423e-05	0.00227228722561	0.00012770063707	0.000128976661312	-4.58845589077e-05	3.67819396365e-05	1.16571855277e-05	-5.06895280768e-06	-3.01031176419e-06	1.04483649232e-05	-3.32581699625e-06	5.938492196e-07	-1.07294301369e-06	-2.00499004716e-07	1.37680787322e-07	-1.79824325835e-07	-3.0476102386e-08	6.18044614374e-09	8.73717155784e-12	4.58220955654e-10	-3.74982035702e-10	-8.00328771032e-10	4.48268630467e-10
HMPMockV1.2.Staggered2;k__Bacteria;p__Proteobacteria;c__Gammaproteobacteria;o__Oceanospirillales;Other;Other	-0.0596033722777	-0.029428746627	0.0144351300302	0.010333668806	-0.0087516072269	-0.00474328107116	-0.00803572467009	0.00431063590739	-0.00185851155137	0.000760981574763	2.04557135854e-05	0.000180643039485	6.51475359265e-05	3.40175436481e-05	2.86534422743e-06	4.01384903586e-06	-2.32347617401e-05	-3.75572578932e-05	-5.72006457496e-05	-0.000104488278372	4.65784053041e-06	-1.57388697834e-05	6.92346574229e-05	-4.8280637208e-06	7.14256328562e-06	-9.8421205539e-09	2.03997101359e-10	4.58221948265e-10	-3.74981981361e-10	-8.00328549326e-10	4.48268621096e-10
HMPMockV1.2.Staggered2;k__Bacteria;p__Proteobacteria;c__Gammaproteobacteria;o__Thiohalorhabdales;f__;g__	-0.0482350591239	-0.00334443024561	0.00367302637558	-0.00960561441983	0.0117029806367	-0.00159888757197	-0.00322290483693	0.0024937472283	0.000184345952435	-0.000333643101302	4.32192841948e-05	5.7996677758e-05	0.00010146473054	0.000100316534535	-6.82053250658e-05	3.21297592265e-05	5.52031980317e-06	4.13518683256e-06	-2.96115047706e-06	-6.42793799979e-06	-1.23670083891e-05	3.72843115343e-06	4.37991579727e-06	8.48263853499e-07	8.89814204181e-07	4.59780504416e-08	6.9725730207e-12	4.58220946872e-10	-3.74982036188e-10	-8.00328773232e-10	4.48268630703e-10
HMPMockV1.2.Staggered2;k__Bacteria;p__Proteobacteria;c__Alphaproteobacteria;o__Ellin329;f__;g__	-0.0521102164922	0.00326811426577	-0.00109608958395	-0.0193410734386	0.0161729926935	-0.00925236823767	-0.00286405391161	-0.000483710118425	0.00145952073147	-0.000612777328347	1.10977074307e-05	5.15055554516e-05	1.90928383095e-05	-3.04410785414e-05	-1.55656974685e-06	-8.93756759695e-05	-8.18443603766e-05	-5.00521267003e-05	-2.31528680892e-05	7.86508543526e-06	-3.47746365042e-05	1.76856907443e-05	-2.19046582589e-06	2.68945528094e-07	3.59601956738e-06	1.17094680527e-07	-6.45212399994e-13	4.58220908438e-10	-3.74982038258e-10	-8.00328782136e-10	4.48268631267e-10
HMPMockV1.2.Staggered2;k__Bacteria;p__Firmicutes;c__Clostridia;o__Clostridiales;f__Ruminococcaceae;g__Oscillospira	-0.0521102164922	0.00326811426577	-0.00109608958395	-0.0193410734386	0.0161729926935	-0.00925236823767	-0.00286405391161	-0.000483710118425	0.00145952073147	-0.000612777328347	1.10977074307e-05	5.15055554516e-05	1.90928383095e-05	-3.04410785414e-05	-1.55656974685e-06	-8.93756759695e-05	-8.18443603766e-05	-5.00521267003e-05	-2.31528680892e-05	7.86508543526e-06	-3.47746365042e-05	1.76856907443e-05	-2.19046582589e-06	2.68945528094e-07	3.59601956738e-06	1.17094680527e-07	-6.45212399994e-13	4.58220908438e-10	-3.74982038258e-10	-8.00328782136e-10	4.48268631267e-10
HMPMockV1.1.Even1;k__Bacteria;p__Proteobacteria;c__Deltaproteobacteria;o__Syntrophobacterales;f__Syntrophaceae;g__Smithella	-0.0424403500544	-0.0132845803315	0.0108392734056	0.00498018977034	0.00504950117873	0.00995821678781	-0.00381841657466	0.00699322018606	-0.00174531190999	7.29168482373e-05	9.73173139625e-05	9.34265557317e-05	0.000253824422875	0.000277374530146	-0.000195284331222	7.02620765786e-05	6.5907637802e-06	2.35336255928e-05	2.44322962675e-05	3.54253700344e-07	-2.76594057137e-05	9.54296436891e-06	1.49009134269e-05	-3.30215398465e-05	1.12881457931e-05	1.1755590834e-07	7.12547892541e-10	4.58224533204e-10	-3.74981839997e-10	-8.00327972395e-10	4.48268596967e-10
HMPMockV1.1.Even1;k__Bacteria;p__Proteobacteria;c__Alphaproteobacteria;o__Rhizobiales;Other;Other	0.319043853654	0.263585777227	-0.0210112940944	0.0228743281346	0.00987586128025	-0.00444087153346	-0.00547008421861	2.4279410252e-05	0.0004393942921	0.00026579243312	5.82248653863e-05	2.7311385719e-06	-6.95561116441e-06	1.61887584349e-06	1.23130770165e-06	7.39889200363e-07	-1.49350162487e-07	1.9487396681e-07	-6.96426678565e-08	-5.28977961745e-08	-1.88265125323e-07	8.9876838561e-08	-5.60657891848e-08	-1.99700142544e-08	3.27859072642e-08	7.05122869455e-10	2.98052364227e-12	4.58220926379e-10	-3.74982037299e-10	-8.00328777538e-10	4.48268630727e-10
HMPMockV1.1.Even1;k__Bacteria;p__Actinobacteria;c__Actinobacteria;o__Actinomycetales;f__Microbacteriaceae;g__Salinibacterium	-0.0424840767452	-0.0133258663194	0.0108571287026	0.00494332462051	0.00511085151401	0.0099655173918	-0.00386045772398	0.0070566267028	-0.00179552053187	4.61831280659e-05	0.000101149955625	-1.00445388514e-05	0.000243715878765	0.000332606337896	-0.000255528265228	8.82836334561e-05	3.86342313971e-05	7.64125980477e-05	9.55612446847e-05	0.000129169838989	-4.61491101121e-05	1.68889872968e-05	-6.62599249312e-05	-2.832323159e-05	1.30316074859e-05	9.64585441521e-08	6.0206822789e-10	4.58223971721e-10	-3.74981870672e-10	-8.00328097577e-10	4.48268602124e-10
HMPMockV1.1.Even1;k__Bacteria;p__Proteobacteria;c__Gammaproteobacteria;o__Pseudomonadales;f__Pseudomonadaceae;g__Azomonas	-0.0715293792207	-0.0403168377918	0.0169552704373	0.0138911168922	-0.0168805361365	-0.0101571452129	-0.0139637455642	0.00401150849935	-0.00164938807783	-0.000664362559892	4.24244466052e-06	-2.67653614643e-05	0.000137279518577	0.000125527189778	-9.73447617724e-05	3.38116215116e-05	3.42349682139e-06	8.82898199177e-06	1.26520495275e-05	-9.63800774091e-08	-1.31501392116e-05	4.67844263825e-06	7.27500183968e-06	-1.64962106963e-05	5.62397503707e-06	5.57449959434e-08	3.56622545494e-10	4.58222723975e-10	-3.74981938966e-10	-8.00328376246e-10	4.48268613891e-10
HMPMockV1.1.Even1;k__Bacteria;p__Proteobacteria;c__Gammaproteobacteria;o__Aeromonadales;f__Aeromonadaceae;g__Oceanimonas	-0.0422846792308	-0.0131243173626	0.0107415598924	0.00511068543489	0.00481906117753	0.00991115950346	-0.00358541493793	0.00648389365306	-0.00156208522019	0.000129450651258	-7.40919695972e-05	0.000214911976299	7.47172998831e-07	-2.54355211595e-05	8.49264188092e-06	-4.75120618555e-06	-3.58208069782e-07	-1.43184900079e-06	2.4943103629e-06	1.41106574981e-06	3.47551484353e-06	-1.26763026661e-06	-5.02436209231e-07	5.1841839667e-08	-2.77403309748e-07	-1.34517060136e-08	-4.06918320793e-12	4.58220890488e-10	-3.74982039259e-10	-8.00328785474e-10	4.48268631016e-10
HMPMockV1.1.Even1;k__Bacteria;p__Firmicutes;c__Bacilli;o__Bacillales;f__Bacillaceae;g__Geobacillus	-0.0521112224268	0.0032693983047	-0.00109863838482	-0.0193384414655	0.0161582503938	-0.00928262503388	-0.00285095713354	-0.000490990654531	0.00145868107912	-0.000617905165381	1.00609599419e-05	1.8317953976e-05	6.49403715142e-06	-3.69352227365e-06	-6.00861147887e-07	-1.07380716691e-06	5.04805636478e-07	-8.99880144237e-07	9.84637114985e-08	4.10096991672e-08	3.79788239481e-07	-1.12622353165e-07	-6.16401777768e-08	1.4893212765e-08	-2.36190306148e-08	-1.69453963968e-09	2.76582016044e-12	4.58220925271e-10	-3.74982037359e-10	-8.00328777772e-10	4.4826863073e-10
HMPMockV1.1.Even1;k__Bacteria;p__Proteobacteria;c__Gammaproteobacteria;o__Thiotrichales;f__Piscirickettsiaceae;g__Methylophaga	-0.0521112224268	0.0032693983047	-0.00109863838482	-0.0193384414655	0.0161582503938	-0.00928262503388	-0.00285095713354	-0.000490990654531	0.00145868107912	-0.000617905165381	1.00609599419e-05	1.8317953976e-05	6.49403715142e-06	-3.69352227365e-06	-6.00861147887e-07	-1.07380716691e-06	5.04805636478e-07	-8.99880144237e-07	9.84637114985e-08	4.10096991672e-08	3.79788239481e-07	-1.12622353165e-07	-6.16401777768e-08	1.4893212765e-08	-2.36190306148e-08	-1.69453963968e-09	2.76582016044e-12	4.58220925271e-10	-3.74982037359e-10	-8.00328777772e-10	4.4826863073e-10
HMPMockV1.1.Even1;k__Bacteria;p__Firmicutes;c__Bacilli;o__Haloplasmatales;f__Haloplasmataceae;g__	-0.0521112224268	0.0032693983047	-0.00109863838482	-0.0193384414655	0.0161582503938	-0.00928262503388	-0.00285095713354	-0.000490990654531	0.00145868107912	-0.000617905165381	1.00609599419e-05	1.8317953976e-05	6.49403715142e-06	-3.69352227365e-06	-6.00861147887e-07	-1.07380716691e-06	5.04805636478e-07	-8.99880144237e-07	9.84637114985e-08	4.10096991672e-08	3.79788239481e-07	-1.12622353165e-07	-6.16401777768e-08	1.4893212765e-08	-2.36190306148e-08	-1.69453963968e-09	2.76582016044e-12	4.58220925271e-10	-3.74982037359e-10	-8.00328777772e-10	4.4826863073e-10
HMPMockV1.1.Even1;k__Bacteria;p__Proteobacteria;c__Deltaproteobacteria;o__Desulfovibrionales;f__Desulfomicrobiaceae;g__	-0.0521112224268	0.0032693983047	-0.00109863838482	-0.0193384414655	0.0161582503938	-0.00928262503388	-0.00285095713354	-0.000490990654531	0.00145868107912	-0.000617905165381	1.00609599419e-05	1.8317953976e-05	6.49403715142e-06	-3.69352227365e-06	-6.00861147887e-07	-1.07380716691e-06	5.04805636478e-07	-8.99880144237e-07	9.84637114985e-08	4.10096991672e-08	3.79788239481e-07	-1.12622353165e-07	-6.16401777768e-08	1.4893212765e-08	-2.36190306148e-08	-1.69453963968e-09	2.76582016044e-12	4.58220925271e-10	-3.74982037359e-10	-8.00328777772e-10	4.4826863073e-10
HMPMockV1.1.Even1;k__Bacteria;p__Proteobacteria;c__Deltaproteobacteria;o__Syntrophobacterales;f__Syntrophobacteraceae;g__	-0.0521112224268	0.0032693983047	-0.00109863838482	-0.0193384414655	0.0161582503938	-0.00928262503388	-0.00285095713354	-0.000490990654531	0.00145868107912	-0.000617905165381	1.00609599419e-05	1.8317953976e-05	6.49403715142e-06	-3.69352227365e-06	-6.00861147887e-07	-1.07380716691e-06	5.04805636478e-07	-8.99880144237e-07	9.84637114985e-08	4.10096991672e-08	3.79788239481e-07	-1.12622353165e-07	-6.16401777768e-08	1.4893212765e-08	-2.36190306148e-08	-1.69453963968e-09	2.76582016044e-12	4.58220925271e-10	-3.74982037359e-10	-8.00328777772e-10	4.4826863073e-10
HMPMockV1.1.Even1;k__Bacteria;p__Proteobacteria;c__Gammaproteobacteria;o__Thiohalorhabdales;f__;g__	-0.0521112224268	0.0032693983047	-0.00109863838482	-0.0193384414655	0.0161582503938	-0.00928262503388	-0.00285095713354	-0.000490990654531	0.00145868107912	-0.000617905165381	1.00609599419e-05	1.8317953976e-05	6.49403715142e-06	-3.69352227365e-06	-6.00861147887e-07	-1.07380716691e-06	5.04805636478e-07	-8.99880144237e-07	9.84637114985e-08	4.10096991672e-08	3.79788239481e-07	-1.12622353165e-07	-6.16401777768e-08	1.4893212765e-08	-2.36190306148e-08	-1.69453963968e-09	2.76582016044e-12	4.58220925271e-10	-3.74982037359e-10	-8.00328777772e-10	4.4826863073e-10
HMPMockV1.1.Even1;k__Bacteria;p__Proteobacteria;c__Deltaproteobacteria;o__Desulfuromonadales;f__Geobacteraceae;g__Geobacter	-0.0521112224268	0.0032693983047	-0.00109863838482	-0.0193384414655	0.0161582503938	-0.00928262503388	-0.00285095713354	-0.000490990654531	0.00145868107912	-0.000617905165381	1.00609599419e-05	1.8317953976e-05	6.49403715142e-06	-3.69352227365e-06	-6.00861147887e-07	-1.07380716691e-06	5.04805636478e-07	-8.99880144237e-07	9.84637114985e-08	4.10096991672e-08	3.79788239481e-07	-1.12622353165e-07	-6.16401777768e-08	1.4893212765e-08	-2.36190306148e-08	-1.69453963968e-09	2.76582016044e-12	4.58220925271e-10	-3.74982037359e-10	-8.00328777772e-10	4.4826863073e-10
HMPMockV1.1.Even1;k__Bacteria;p__Proteobacteria;c__Gammaproteobacteria;o__Xanthomonadales;f__Sinobacteraceae;g__	-0.0521112224268	0.0032693983047	-0.00109863838482	-0.0193384414655	0.0161582503938	-0.00928262503388	-0.00285095713354	-0.000490990654531	0.00145868107912	-0.000617905165381	1.00609599419e-05	1.8317953976e-05	6.49403715142e-06	-3.69352227365e-06	-6.00861147887e-07	-1.07380716691e-06	5.04805636478e-07	-8.99880144237e-07	9.84637114985e-08	4.10096991672e-08	3.79788239481e-07	-1.12622353165e-07	-6.16401777768e-08	1.4893212765e-08	-2.36190306148e-08	-1.69453963968e-09	2.76582016044e-12	4.58220925271e-10	-3.74982037359e-10	-8.00328777772e-10	4.4826863073e-10
HMPMockV1.1.Even1;k__Bacteria;p__Proteobacteria;c__Alphaproteobacteria;o__Sphingomonadales;f__Erythrobacteraceae;g__	-0.0521112224268	0.0032693983047	-0.00109863838482	-0.0193384414655	0.0161582503938	-0.00928262503388	-0.00285095713354	-0.000490990654531	0.00145868107912	-0.000617905165381	1.00609599419e-05	1.8317953976e-05	6.49403715142e-06	-3.69352227365e-06	-6.00861147887e-07	-1.07380716691e-06	5.04805636478e-07	-8.99880144237e-07	9.84637114985e-08	4.10096991672e-08	3.79788239481e-07	-1.12622353165e-07	-6.16401777768e-08	1.4893212765e-08	-2.36190306148e-08	-1.69453963968e-09	2.76582016044e-12	4.58220925271e-10	-3.74982037359e-10	-8.00328777772e-10	4.4826863073e-10
HMPMockV1.1.Even1;k__Bacteria;p__Proteobacteria;c__Gammaproteobacteria;o__Chromatiales;f__;g__	-0.0521112224268	0.0032693983047	-0.00109863838482	-0.0193384414655	0.0161582503938	-0.00928262503388	-0.00285095713354	-0.000490990654531	0.00145868107912	-0.000617905165381	1.00609599419e-05	1.8317953976e-05	6.49403715142e-06	-3.69352227365e-06	-6.00861147887e-07	-1.07380716691e-06	5.04805636478e-07	-8.99880144237e-07	9.84637114985e-08	4.10096991672e-08	3.79788239481e-07	-1.12622353165e-07	-6.16401777768e-08	1.4893212765e-08	-2.36190306148e-08	-1.69453963968e-09	2.76582016044e-12	4.58220925271e-10	-3.74982037359e-10	-8.00328777772e-10	4.4826863073e-10
HMPMockV1.1.Even1;k__Bacteria;p__Acidobacteria;c__Sva0725;o__Sva0725;f__;g__	-0.0601949151413	-0.00850142065388	0.00293180325819	-0.0123172205298	0.00700906500268	-0.0127557247336	-0.00640489068529	-0.000231458963246	0.000957356568613	-0.000744254768292	-5.5573145813e-06	1.8428416433e-05	1.93664676378e-05	-2.9754257216e-05	-1.19800684291e-06	-7.49195355671e-05	-6.81609286701e-05	-4.26893825184e-05	-1.91487562764e-05	6.46306888686e-06	-2.87523425384e-05	1.47070624382e-05	-1.88387314616e-06	2.2897434905e-07	2.98998368632e-06	9.65679143635e-08	-4.21477258772e-13	4.58220909489e-10	-3.74982038204e-10	-8.00328781796e-10	4.48268631192e-10
HMPMockV1.1.Even2;k__Bacteria;p__Firmicutes;c__Bacilli;o__Lactobacillales;f__Aerococcaceae;Other	-0.0416990102618	-0.0125238959013	0.0105940871132	0.00550769387663	0.00368675635835	0.00997121500516	-0.00354222367908	-0.00252364306852	-0.00192241417721	0.000253618187376	0.000401613779898	-0.00159589814196	-4.50431333002e-05	1.45569930369e-05	0.000125846876592	-0.000136258020629	-4.05135747194e-06	4.36455665655e-05	-3.47870484411e-05	2.28319327556e-05	-7.44684858817e-05	-8.07332976057e-05	8.23240241899e-06	6.69253474772e-06	-4.76941638753e-05	3.56033997304e-07	-3.51171939487e-10	4.5821912703e-10	-3.74982136423e-10	-8.00329182084e-10	4.48268649259e-10
HMPMockV1.1.Even2;k__Bacteria;p__Proteobacteria;c__Gammaproteobacteria;o__Alteromonadales;Other;Other	-0.0416851582048	-0.0125212953234	0.0105332050607	0.00545411816358	0.00385861942426	0.00947528666417	-0.00311190660683	0.00207961541624	-0.0015288826269	0.000249943043526	-5.27369997146e-05	-0.000286502895893	-8.19928016373e-05	-2.54375943784e-05	9.84226718634e-06	6.00739219525e-05	4.98027941562e-05	-6.27864571626e-05	-5.32557308039e-05	-7.28936063441e-05	9.47309072978e-06	5.20227867604e-05	2.29467762843e-05	2.63717444394e-05	-1.03532858809e-05	9.89510796003e-08	-6.30562795239e-10	4.58217706327e-10	-3.74982213444e-10	-8.00329497333e-10	4.48268661526e-10
HMPMockV1.1.Even2;k__Bacteria;p__Proteobacteria;c__Gammaproteobacteria;o__Aeromonadales;f__Aeromonadaceae;g__Oceanimonas	-0.0422846792308	-0.0131243173626	0.0107415598924	0.00511068543489	0.00481906117753	0.00991115950346	-0.00358541493793	0.00648389365306	-0.00156208522019	0.000129450651258	-7.40919695972e-05	0.000214911976299	7.47172998831e-07	-2.54355211595e-05	8.49264188092e-06	-4.75120618555e-06	-3.58208069782e-07	-1.43184900079e-06	2.4943103629e-06	1.41106574981e-06	3.47551484353e-06	-1.26763026661e-06	-5.02436209231e-07	5.1841839667e-08	-2.77403309748e-07	-1.34517060136e-08	-4.06918320793e-12	4.58220890488e-10	-3.74982039259e-10	-8.00328785474e-10	4.48268631016e-10
HMPMockV1.1.Even2;k__Bacteria;p__Proteobacteria;c__Gammaproteobacteria;o__Enterobacteriales;f__Enterobacteriaceae;g__Enterobacter	-0.0422846792308	-0.0131243173626	0.0107415598924	0.00511068543489	0.00481906117753	0.00991115950346	-0.00358541493793	0.00648389365306	-0.00156208522019	0.000129450651258	-7.40919695972e-05	0.000214911976299	7.47172998831e-07	-2.54355211595e-05	8.49264188092e-06	-4.75120618555e-06	-3.58208069782e-07	-1.43184900079e-06	2.4943103629e-06	1.41106574981e-06	3.47551484353e-06	-1.26763026661e-06	-5.02436209231e-07	5.1841839667e-08	-2.77403309748e-07	-1.34517060136e-08	-4.06918320793e-12	4.58220890488e-10	-3.74982039259e-10	-8.00328785474e-10	4.48268631016e-10
HMPMockV1.1.Even2;k__Bacteria;p__Proteobacteria;c__Alphaproteobacteria;o__;f__;g__	-0.0521112224268	0.0032693983047	-0.00109863838482	-0.0193384414655	0.0161582503938	-0.00928262503388	-0.00285095713354	-0.000490990654531	0.00145868107912	-0.000617905165381	1.00609599419e-05	1.8317953976e-05	6.49403715142e-06	-3.69352227365e-06	-6.00861147887e-07	-1.07380716691e-06	5.04805636478e-07	-8.99880144237e-07	9.84637114985e-08	4.10096991672e-08	3.79788239481e-07	-1.12622353165e-07	-6.16401777768e-08	1.4893212765e-08	-2.36190306148e-08	-1.69453963968e-09	2.76582016045e-12	4.58220925271e-10	-3.74982037359e-10	-8.00328777772e-10	4.4826863073e-10
HMPMockV1.1.Even2;k__Bacteria;p__Proteobacteria;c__Deltaproteobacteria;o__Syntrophobacterales;f__Syntrophobacteraceae;g__	-0.0521112224268	0.0032693983047	-0.00109863838482	-0.0193384414655	0.0161582503938	-0.00928262503388	-0.00285095713354	-0.000490990654531	0.00145868107912	-0.000617905165381	1.00609599419e-05	1.8317953976e-05	6.49403715142e-06	-3.69352227365e-06	-6.00861147887e-07	-1.07380716691e-06	5.04805636478e-07	-8.99880144237e-07	9.84637114985e-08	4.10096991672e-08	3.79788239481e-07	-1.12622353165e-07	-6.16401777768e-08	1.4893212765e-08	-2.36190306148e-08	-1.69453963968e-09	2.76582016045e-12	4.58220925271e-10	-3.74982037359e-10	-8.00328777772e-10	4.4826863073e-10
HMPMockV1.1.Even2;k__Bacteria;p__Proteobacteria;c__Gammaproteobacteria;o__Thiohalorhabdales;f__;g__	-0.0521112224268	0.0032693983047	-0.00109863838482	-0.0193384414655	0.0161582503938	-0.00928262503388	-0.00285095713354	-0.000490990654531	0.00145868107912	-0.000617905165381	1.00609599419e-05	1.8317953976e-05	6.49403715142e-06	-3.69352227365e-06	-6.00861147887e-07	-1.07380716691e-06	5.04805636478e-07	-8.99880144237e-07	9.84637114985e-08	4.10096991672e-08	3.79788239481e-07	-1.12622353165e-07	-6.16401777768e-08	1.4893212765e-08	-2.36190306148e-08	-1.69453963968e-09	2.76582016045e-12	4.58220925271e-10	-3.74982037359e-10	-8.00328777772e-10	4.4826863073e-10
HMPMockV1.1.Even2;k__Bacteria;p__Firmicutes;c__Bacilli;o__Bacillales;f__[Exiguobacteraceae];g__	-0.0521112224268	0.0032693983047	-0.00109863838482	-0.0193384414655	0.0161582503938	-0.00928262503388	-0.00285095713354	-0.000490990654531	0.00145868107912	-0.000617905165381	1.00609599419e-05	1.8317953976e-05	6.49403715142e-06	-3.69352227365e-06	-6.00861147887e-07	-1.07380716691e-06	5.04805636478e-07	-8.99880144237e-07	9.84637114985e-08	4.10096991672e-08	3.79788239481e-07	-1.12622353165e-07	-6.16401777768e-08	1.4893212765e-08	-2.36190306148e-08	-1.69453963968e-09	2.76582016045e-12	4.58220925271e-10	-3.74982037359e-10	-8.00328777772e-10	4.4826863073e-10
HMPMockV1.1.Even2;k__Bacteria;p__Proteobacteria;c__Gammaproteobacteria;o__Thiotrichales;f__Piscirickettsiaceae;g__Methylophaga	-0.0521112224268	0.0032693983047	-0.00109863838482	-0.0193384414655	0.0161582503938	-0.00928262503388	-0.00285095713354	-0.000490990654531	0.00145868107912	-0.000617905165381	1.00609599419e-05	1.8317953976e-05	6.49403715142e-06	-3.69352227365e-06	-6.00861147887e-07	-1.07380716691e-06	5.04805636478e-07	-8.99880144237e-07	9.84637114985e-08	4.10096991672e-08	3.79788239481e-07	-1.12622353165e-07	-6.16401777768e-08	1.4893212765e-08	-2.36190306148e-08	-1.69453963968e-09	2.76582016045e-12	4.58220925271e-10	-3.74982037359e-10	-8.00328777772e-10	4.4826863073e-10
HMPMockV1.1.Even2;k__Bacteria;p__Proteobacteria;c__Gammaproteobacteria;o__Oceanospirillales;f__Oceanospirillaceae;g__	-0.0521112224268	0.0032693983047	-0.00109863838482	-0.0193384414655	0.0161582503938	-0.00928262503388	-0.00285095713354	-0.000490990654531	0.00145868107912	-0.000617905165381	1.00609599419e-05	1.8317953976e-05	6.49403715142e-06	-3.69352227365e-06	-6.00861147887e-07	-1.07380716691e-06	5.04805636478e-07	-8.99880144237e-07	9.84637114985e-08	4.10096991672e-08	3.79788239481e-07	-1.12622353165e-07	-6.16401777768e-08	1.4893212765e-08	-2.36190306148e-08	-1.69453963968e-09	2.76582016045e-12	4.58220925271e-10	-3.74982037359e-10	-8.00328777772e-10	4.4826863073e-10
HMPMockV1.1.Even2;k__Bacteria;p__Firmicutes;c__Bacilli;o__Haloplasmatales;f__Haloplasmataceae;g__	-0.0521112224268	0.0032693983047	-0.00109863838482	-0.0193384414655	0.0161582503938	-0.00928262503388	-0.00285095713354	-0.000490990654531	0.00145868107912	-0.000617905165381	1.00609599419e-05	1.8317953976e-05	6.49403715142e-06	-3.69352227365e-06	-6.00861147887e-07	-1.07380716691e-06	5.04805636478e-07	-8.99880144237e-07	9.84637114985e-08	4.10096991672e-08	3.79788239481e-07	-1.12622353165e-07	-6.16401777768e-08	1.4893212765e-08	-2.36190306148e-08	-1.69453963968e-09	2.76582016045e-12	4.58220925271e-10	-3.74982037359e-10	-8.00328777772e-10	4.4826863073e-10
HMPMockV1.1.Even2;k__Bacteria;p__Proteobacteria;c__Deltaproteobacteria;o__Desulfobacterales;f__Desulfobulbaceae;g__Desulfotalea	-0.0521112224268	0.0032693983047	-0.00109863838482	-0.0193384414655	0.0161582503938	-0.00928262503388	-0.00285095713354	-0.000490990654531	0.00145868107912	-0.000617905165381	1.00609599419e-05	1.8317953976e-05	6.49403715142e-06	-3.69352227365e-06	-6.00861147887e-07	-1.07380716691e-06	5.04805636478e-07	-8.99880144237e-07	9.84637114985e-08	4.10096991672e-08	3.79788239481e-07	-1.12622353165e-07	-6.16401777768e-08	1.4893212765e-08	-2.36190306148e-08	-1.69453963968e-09	2.76582016045e-12	4.58220925271e-10	-3.74982037359e-10	-8.00328777772e-10	4.4826863073e-10
HMPMockV1.1.Even2;k__Bacteria;p__Firmicutes;c__Bacilli;o__Bacillales;f__Bacillaceae;g__Geobacillus	-0.0521112224268	0.0032693983047	-0.00109863838482	-0.0193384414655	0.0161582503938	-0.00928262503388	-0.00285095713354	-0.000490990654531	0.00145868107912	-0.000617905165381	1.00609599419e-05	1.8317953976e-05	6.49403715142e-06	-3.69352227365e-06	-6.00861147887e-07	-1.07380716691e-06	5.04805636478e-07	-8.99880144237e-07	9.84637114985e-08	4.10096991672e-08	3.79788239481e-07	-1.12622353165e-07	-6.16401777768e-08	1.4893212765e-08	-2.36190306148e-08	-1.69453963968e-09	2.76582016045e-12	4.58220925271e-10	-3.74982037359e-10	-8.00328777772e-10	4.4826863073e-10
HMPMockV1.1.Even2;k__Bacteria;p__Proteobacteria;c__Deltaproteobacteria;o__GMD14H09;f__;g__	-0.0521112224268	0.0032693983047	-0.00109863838482	-0.0193384414655	0.0161582503938	-0.00928262503388	-0.00285095713354	-0.000490990654531	0.00145868107912	-0.000617905165381	1.00609599419e-05	1.8317953976e-05	6.49403715142e-06	-3.69352227365e-06	-6.00861147887e-07	-1.07380716691e-06	5.04805636478e-07	-8.99880144237e-07	9.84637114985e-08	4.10096991672e-08	3.79788239481e-07	-1.12622353165e-07	-6.16401777768e-08	1.4893212765e-08	-2.36190306148e-08	-1.69453963968e-09	2.76582016045e-12	4.58220925271e-10	-3.74982037359e-10	-8.00328777772e-10	4.4826863073e-10
HMPMockV1.1.Even2;k__Bacteria;p__Proteobacteria;c__Deltaproteobacteria;o__Desulfovibrionales;f__Desulfomicrobiaceae;g__	-0.0521112224268	0.0032693983047	-0.00109863838482	-0.0193384414655	0.0161582503938	-0.00928262503388	-0.00285095713354	-0.000490990654531	0.00145868107912	-0.000617905165381	1.00609599419e-05	1.8317953976e-05	6.49403715142e-06	-3.69352227365e-06	-6.00861147887e-07	-1.07380716691e-06	5.04805636478e-07	-8.99880144237e-07	9.84637114985e-08	4.10096991672e-08	3.79788239481e-07	-1.12622353165e-07	-6.16401777768e-08	1.4893212765e-08	-2.36190306148e-08	-1.69453963968e-09	2.76582016045e-12	4.58220925271e-10	-3.74982037359e-10	-8.00328777772e-10	4.4826863073e-10
HMPMockV1.1.Even2;k__Bacteria;p__Proteobacteria;c__Alphaproteobacteria;o__Rhizobiales;f__Beijerinckiaceae;g__	-0.0521112224268	0.0032693983047	-0.00109863838482	-0.0193384414655	0.0161582503938	-0.00928262503388	-0.00285095713354	-0.000490990654531	0.00145868107912	-0.000617905165381	1.00609599419e-05	1.8317953976e-05	6.49403715142e-06	-3.69352227365e-06	-6.00861147887e-07	-1.07380716691e-06	5.04805636478e-07	-8.99880144237e-07	9.84637114985e-08	4.10096991672e-08	3.79788239481e-07	-1.12622353165e-07	-6.16401777768e-08	1.4893212765e-08	-2.36190306148e-08	-1.69453963968e-09	2.76582016045e-12	4.58220925271e-10	-3.74982037359e-10	-8.00328777772e-10	4.4826863073e-10
HMPMockV1.1.Even2;k__Bacteria;p__Acidobacteria;c__Sva0725;o__Sva0725;f__;g__	-0.0601949151413	-0.00850142065388	0.00293180325819	-0.0123172205298	0.00700906500268	-0.0127557247336	-0.00640489068529	-0.000231458963246	0.000957356568613	-0.000744254768292	-5.5573145813e-06	1.8428416433e-05	1.93664676378e-05	-2.9754257216e-05	-1.19800684291e-06	-7.49195355671e-05	-6.81609286701e-05	-4.26893825184e-05	-1.91487562764e-05	6.46306888686e-06	-2.87523425384e-05	1.47070624382e-05	-1.88387314616e-06	2.2897434905e-07	2.98998368632e-06	9.65679143635e-08	-4.21477258759e-13	4.58220909489e-10	-3.74982038204e-10	-8.00328781796e-10	4.48268631192e-10
HMPMockV1.2.Staggered1;k__Bacteria;p__Actinobacteria;c__Actinobacteria;o__Actinomycetales;f__Actinomycetaceae;Other	0.270732106482	0.218188316769	-0.0173113763974	0.00343197757471	-0.0030142413717	-1.85269665788e-05	-0.00502839033502	0.000140049734727	0.000472670717087	0.000637100865508	1.32201522429e-05	-3.71874512778e-06	-5.54294805845e-06	3.32653994327e-06	1.23526380837e-06	7.78675137054e-07	-3.71223303425e-07	8.82480840375e-07	1.04969064901e-07	3.48456432557e-08	-3.07340278356e-07	1.1373247676e-07	3.53724687301e-08	-1.50110995934e-08	1.77466422978e-08	1.39509286965e-09	2.63022167898e-12	4.58220924601e-10	-3.74982037397e-10	-8.00328777938e-10	4.48268630746e-10
HMPMockV1.2.Staggered1;k__Bacteria;p__Proteobacteria;c__Gammaproteobacteria;o__Xanthomonadales;f__Xanthomonadaceae;g__	-0.0590408204211	-0.0068189579177	0.00235420530856	-0.0133183721113	0.00830556127304	-0.012281179631	-0.00588783105071	-0.000273735302076	0.00102837460415	-0.000729867565758	-4.06666642714e-06	-5.29279354345e-06	8.52840531251e-06	-6.92589774726e-06	-4.30051315785e-07	-1.29738236525e-06	4.69294811637e-07	-1.61070606781e-06	2.08940722359e-07	-4.29936657368e-08	5.19693818198e-07	-1.23116173056e-07	-1.02964402021e-07	1.69253900603e-08	-2.59871289528e-08	-2.31902204154e-09	2.47030277286e-12	4.58220923768e-10	-3.74982037441e-10	-8.00328778104e-10	4.48268630742e-10
HMPMockV1.2.Staggered2;k__Bacteria;p__Proteobacteria;c__Gammaproteobacteria;o__Aeromonadales;f__Aeromonadaceae;g__Tolumonas	-0.041499387327	-0.0123455778113	0.0104705961116	0.00558467078062	0.0035861764222	0.00935680871437	-0.00294613957925	0.0019565222119	-0.00137728530289	0.000196532021228	-0.000102790930776	-8.54608284509e-05	-6.41986388348e-05	-4.58811131369e-05	-7.16794399427e-06	8.60730951657e-05	-3.32155389696e-05	-3.04673720428e-05	1.11940418088e-05	-2.99399039094e-06	1.28663471854e-05	1.75225291821e-05	-1.14760828644e-06	1.2330170996e-06	5.22761920655e-06	-4.69190911335e-08	-6.99798968605e-12	4.58220875488e-10	-3.74982039987e-10	-8.00328788542e-10	4.48268631023e-10
HMPMockV1.2.Staggered2;k__Bacteria;p__Firmicutes;c__Clostridia;o__Thermoanaerobacterales;f__Thermoanaerobacteraceae;g__Caldanaerobacter	-0.0423769412598	-0.0132198354483	0.0108005790059	0.00502838378748	0.00495531317221	0.00991144441563	-0.00371107606744	0.00680941474223	-0.00167617710424	0.000108949155305	3.17669247298e-05	0.000136105765683	0.0001528123875	0.000164013373572	-0.00011146496518	6.11602062982e-05	1.92449300039e-05	1.04791462723e-05	-3.35412420973e-06	1.30673949914e-05	-2.44367654256e-05	-7.34620625568e-06	-1.19817251897e-05	2.03701903781e-05	6.28983339187e-06	3.31510570446e-06	3.01663083065e-11	4.58221074097e-10	-3.74982028917e-10	-8.00328760556e-10	4.48268640272e-10
HMPMockV1.2.Staggered2;k__Bacteria;p__Firmicutes;c__Bacilli;o__Bacillales;f__Bacillaceae;g__Virgibacillus	-0.0423748363394	-0.013218791848	0.0108004981378	0.00503285661567	0.00495419260435	0.00993623222589	-0.00372578906478	0.00680115460151	-0.0016700177839	0.000103515427528	3.39232181489e-05	0.000160608276282	0.000165694761443	0.000158371953923	-0.000107796708356	4.25642813601e-05	-9.40330371508e-07	-7.43455381599e-07	-7.00725416973e-06	-3.08116437737e-05	-1.96243195955e-05	-8.0273641644e-06	2.81250670866e-05	-1.33930193715e-05	1.22205380093e-05	-3.29875369096e-06	7.38278676895e-11	4.58221277819e-10	-3.74982018239e-10	-8.00328683202e-10	4.48268616565e-10
HMPMockV1.2.Staggered2;k__Bacteria;p__Proteobacteria;c__Betaproteobacteria;o__Neisseriales;f__Neisseriaceae;g__Aquitalea	-0.0424403500544	-0.0132845803315	0.0108392734056	0.00498018977034	0.00504950117873	0.00995821678781	-0.00381841657466	0.00699322018606	-0.00174531190999	7.29168482373e-05	9.73173139625e-05	9.34265557317e-05	0.000253824422875	0.000277374530146	-0.000195284331222	7.02620765786e-05	6.5907637802e-06	2.35336255928e-05	2.44322962675e-05	3.54253700344e-07	-2.76594057137e-05	9.54296436891e-06	1.49009134269e-05	-3.30215398465e-05	1.12881457931e-05	1.1755590834e-07	7.12547892541e-10	4.58224533204e-10	-3.74981839997e-10	-8.00327972395e-10	4.48268596967e-10
HMPMockV1.2.Staggered2;k__Bacteria;p__Bacteroidetes;Other;Other;Other;Other	0.142538081237	0.152650618262	-0.0249416895394	0.0126145940345	0.000353223158375	-0.00270854217198	0.000731375322235	0.000221280491598	-0.000850204178883	-0.000759061804266	0.000357018268961	0.000107221225315	-0.000175642671412	3.05609515227e-05	-4.66192251373e-05	3.51549270668e-06	-6.82422120899e-06	8.45353319975e-06	-3.96325470666e-05	1.30426009293e-05	2.7368326075e-06	-1.87972442672e-06	2.33402878301e-06	-5.40327801093e-07	-6.83819434795e-07	-4.67269237936e-09	-7.19395058998e-12	4.58220874619e-10	-3.74982040125e-10	-8.00328789047e-10	4.48268631179e-10
HMPMockV1.2.Staggered2;k__Bacteria;p__[Thermi];c__Deinococci;Other;Other;Other	-0.0315352224762	-0.00235126896981	0.00600904930599	0.00888721798638	-0.00664051308401	0.00157463322438	0.00778317554735	-0.00178283438072	0.00458116809991	-0.000458526078744	0.000142864836833	0.000440063022149	0.000204699129079	-0.0001443243422	-0.000165937986102	-6.64266882236e-05	5.84761464385e-05	2.74671172782e-05	-0.000133035835253	-5.57282124583e-05	7.71884952351e-06	-1.55364039457e-05	-4.07077433634e-05	-5.76932243296e-06	-1.51645467804e-06	-2.75816364595e-08	1.49902116093e-11	4.58220987273e-10	-3.74982033905e-10	-8.00328763544e-10	4.48268629903e-10
HMPMockV1.2.Staggered2;k__Bacteria;p__Proteobacteria;c__Gammaproteobacteria;o__HTCC2188;f__;g__	-0.100618408387	-0.0673490952521	0.0230712674689	0.022802044014	-0.0388105734516	-0.0302725072135	-0.0241090745537	0.00102979681265	-0.00155346424567	-0.00140164196802	-8.88324246413e-05	-0.00014695727866	2.07346142791e-05	-2.63201505889e-05	5.94807676824e-07	-2.6388335553e-06	2.56229862593e-07	-5.87566160924e-06	8.71802787525e-07	-5.47013855161e-07	1.3591272905e-06	-1.86079092402e-07	-3.50909747483e-07	2.9118453832e-08	-4.0195718981e-08	-6.06591645275e-09	6.97198447324e-13	4.58220914746e-10	-3.74982037934e-10	-8.00328780098e-10	4.48268630815e-10
HMPMockV1.2.Staggered2;k__Bacteria;p__Firmicutes;c__Bacilli;o__Bacillales;f__Planococcaceae;g__Ureibacillus	-0.0494688072267	-0.0197875315519	0.0122475608736	0.007397131663	-0.000850113393302	0.00488596016736	-0.00613428753458	0.00414168799182	-0.00162084355834	-4.82267443066e-05	-2.54138524995e-05	-0.000163980264671	-2.39956645581e-05	7.42206927364e-06	8.59543483108e-06	-2.33322160722e-05	-8.33163022964e-06	2.01934731164e-05	-4.03732145664e-06	-1.09030862383e-05	2.02853589521e-05	1.54027683606e-05	-3.45421273792e-06	1.62171046729e-06	5.03834070113e-06	-6.33260410974e-08	-1.66435992838e-11	4.58220826429e-10	-3.74982042669e-10	-8.00328799406e-10	4.48268631391e-10
HMPMockV1.2.Staggered2;k__Bacteria;p__Proteobacteria;c__Alphaproteobacteria;o__;f__;g__	-0.0570176596556	-0.0268316735526	0.0139106633942	0.00940800446888	-0.00586950472737	-9.3988759512e-05	-0.0089226119314	0.00554991923026	-0.00173500646032	-0.000315773145955	5.36543605581e-05	-4.42727238035e-05	0.000187970562643	0.000242874715775	-0.000191497497002	6.55530167033e-05	2.90397310135e-05	5.58405331335e-05	7.18888842104e-05	9.67406257776e-05	-3.42720507615e-05	1.26202206995e-05	-4.97826711353e-05	-2.12351440791e-05	9.76365668469e-06	7.0827429001e-08	4.51725470529e-10	4.58223207477e-10	-3.74981912487e-10	-8.00328268207e-10	4.48268609296e-10
HMPMockV1.2.Staggered2;k__Bacteria;p__Proteobacteria;c__Epsilonproteobacteria;o__Nautiliales;f__Nautiliaceae;g__Nautilia	-0.0424208141695	-0.0132651730711	0.0108305235162	0.00499362614875	0.00502007600092	0.0099267186209	-0.00378082639202	0.00697085405254	-0.00172715673759	9.27499948165e-05	9.29567705743e-05	0.000117514763431	0.000243920770622	0.000256331619747	-0.000169612020943	8.19351088167e-05	1.30435910532e-05	1.16877872978e-05	-7.5505717599e-06	-1.61313595482e-05	-3.14872033319e-05	9.49001141333e-06	1.10422497598e-05	2.0983198146e-06	2.25996405638e-06	1.17486935564e-07	1.32827023111e-11	4.58220979272e-10	-3.7498203443e-10	-8.00328766423e-10	4.48268630661e-10
HMPMockV1.2.Staggered2;k__Bacteria;p__Proteobacteria;c__Alphaproteobacteria;o__Caulobacterales;f__Caulobacteraceae;Other	-0.000897422975949	0.04972449052	-0.0262500620913	-0.0170535329923	-0.0189249779556	0.00205560328926	0.00545641934397	0.000365980739442	-0.0042737941765	-0.00105673109937	-5.50400216731e-06	-1.94985487099e-06	1.67829324273e-06	-1.59737562443e-05	-6.23407794294e-06	-7.96290609403e-07	-1.25609019681e-06	4.62324926835e-08	1.80507356885e-06	1.62659415195e-07	5.63861521393e-07	-7.40642433319e-08	5.29548246234e-07	1.38759124358e-07	-4.32444081999e-08	-1.96930042757e-09	-5.30385084478e-13	4.58220908524e-10	-3.74982038275e-10	-8.00328781513e-10	4.48268630889e-10
HMPMockV1.1.Even1;k__Bacteria;p__Proteobacteria;c__Alphaproteobacteria;o__Rhodobacterales;f__Rhodobacteraceae;g__Nautella	-0.0424597026991	-0.0133020833135	0.0108465577317	0.00496144675321	0.00507504130471	0.00993885873747	-0.003821977348	0.00702605249263	-0.00177095466958	6.73963893635e-05	9.68949925815e-05	2.99202462246e-05	0.000237814665784	0.000304725648027	-0.000222941630204	9.4017747871e-05	3.73877996921e-05	5.63601329207e-05	5.57491605795e-05	9.02182313321e-05	-4.55134073269e-05	1.53774203468e-05	-5.31146881933e-05	-1.16700551248e-06	5.46036975796e-06	1.00622838769e-07	6.47520086373e-11	4.58221240872e-10	-3.74982020083e-10	-8.00328707763e-10	4.48268628047e-10
HMPMockV1.1.Even1;k__Bacteria;p__Firmicutes;c__Bacilli;o__Bacillales;f__Listeriaceae;Other	-0.0358366944506	-0.0068082731576	0.00803127174894	0.00738348984297	-0.00227916888595	0.00496191431838	0.00313186550455	-0.00379269607422	0.00164056002176	0.000148447939088	0.000681238133554	-0.00113821560722	0.000190092144797	1.52105001557e-05	-0.000118913665289	-7.37562326231e-05	-0.000120925750914	-0.000141156201728	9.80407110772e-05	-2.44774597136e-05	1.60660508108e-06	-8.55599116416e-05	-1.55704515502e-05	-3.45500965123e-06	-2.418611849e-05	-4.89205405884e-08	-7.15518059573e-11	4.58220547097e-10	-3.74982058356e-10	-8.00328862288e-10	4.48268634278e-10
HMPMockV1.1.Even1;k__Bacteria;p__Proteobacteria;c__Epsilonproteobacteria;o__Campylobacterales;f__Campylobacteraceae;g__Campylobacter	-0.0773646757303	-0.0457398036791	0.0181856119624	0.0156585562566	-0.0212420034654	-0.0141772973714	-0.0160096278218	0.0034405287687	-0.00165028676015	-0.000822511929586	-1.28394725351e-05	-9.21921827366e-05	0.000109927120073	0.000117250444805	-0.000101854421485	3.37301532492e-05	1.56074304764e-05	2.70396422535e-05	3.87475795463e-05	5.13397272822e-05	-1.76441676705e-05	6.64394746327e-06	-2.67145158209e-05	-1.13118215637e-05	5.18852556296e-06	3.49438677892e-08	2.41245610224e-10	4.58222137536e-10	-3.74981971029e-10	-8.0032850709e-10	4.48268619338e-10
HMPMockV1.1.Even1;k__Bacteria;p__Proteobacteria;c__Gammaproteobacteria;o__Alteromonadales;f__OM60;g__	-0.0885723704235	-0.0565538277091	0.0205686767318	0.0191125087772	-0.0310795632416	-0.0274425600569	-0.0165283292695	0.000857208399537	-0.00212913735564	0.0010672593053	2.50579939776e-05	-2.53752662644e-05	-2.40163779937e-05	1.05855446022e-05	1.01621112523e-05	-5.52194479024e-06	-2.50614890316e-06	4.19809073767e-06	-2.02228959388e-06	1.28624720504e-08	1.074477764e-09	-2.41689065795e-07	-1.33599061463e-07	-1.29500625262e-07	-4.23660387248e-08	1.10834753659e-09	5.88800390785e-12	4.58220941157e-10	-3.74982036493e-10	-8.00328774241e-10	4.48268630587e-10
HMPMockV1.1.Even1;k__Bacteria;p__Proteobacteria;c__Gammaproteobacteria;o__Thiotrichales;f__Piscirickettsiaceae;g__Piscirickettsia	-0.0423399485037	-0.0131826261099	0.0107765506164	0.00506021544383	0.00490249439817	0.00992153408065	-0.00366851750538	0.00667282916734	-0.00162985000925	0.000117018128697	-1.52442878686e-05	0.000173030827024	9.15198175506e-05	8.50814989482e-05	-6.16458894283e-05	2.78039518391e-05	6.0392668266e-06	-5.88108036558e-07	-3.2847831336e-06	-3.06473626547e-06	-1.44652138535e-05	-2.14282225087e-05	5.69520789936e-06	4.6007980542e-06	1.4851363016e-05	-7.92727363032e-08	8.29685965475e-11	4.58221333307e-10	-3.74982014896e-10	-8.00328686244e-10	4.48268626624e-10
HMPMockV1.1.Even1;k__Bacteria;p__Proteobacteria;c__Gammaproteobacteria;o__Enterobacteriales;f__Enterobacteriaceae;g__Trabulsiella	-0.0423399485037	-0.0131826261099	0.0107765506164	0.00506021544383	0.00490249439817	0.00992153408065	-0.00366851750538	0.00667282916734	-0.00162985000925	0.000117018128697	-1.52442878686e-05	0.000173030827024	9.15198175506e-05	8.50814989482e-05	-6.16458894283e-05	2.78039518391e-05	6.0392668266e-06	-5.88108036558e-07	-3.2847831336e-06	-3.06473626547e-06	-1.44652138535e-05	-2.14282225087e-05	5.69520789936e-06	4.6007980542e-06	1.4851363016e-05	-7.92727363032e-08	8.29685965475e-11	4.58221333307e-10	-3.74982014896e-10	-8.00328686244e-10	4.48268626624e-10
HMPMockV1.1.Even1;k__Bacteria;p__Firmicutes;c__Bacilli;o__Bacillales;f__Thermoactinomycetaceae;g__Thermoactinomyces	-0.0423399485037	-0.0131826261099	0.0107765506164	0.00506021544383	0.00490249439817	0.00992153408065	-0.00366851750538	0.00667282916734	-0.00162985000925	0.000117018128697	-1.52442878686e-05	0.000173030827024	9.15198175506e-05	8.50814989482e-05	-6.16458894283e-05	2.78039518391e-05	6.0392668266e-06	-5.88108036558e-07	-3.2847831336e-06	-3.06473626547e-06	-1.44652138535e-05	-2.14282225087e-05	5.69520789936e-06	4.6007980542e-06	1.4851363016e-05	-7.92727363032e-08	8.29685965475e-11	4.58221333307e-10	-3.74982014896e-10	-8.00328686244e-10	4.48268626624e-10
HMPMockV1.1.Even1;k__Bacteria;p__Proteobacteria;c__Gammaproteobacteria;o__Xanthomonadales;f__Xanthomonadaceae;g__Aquimonas	-0.0423399485037	-0.0131826261099	0.0107765506164	0.00506021544383	0.00490249439817	0.00992153408065	-0.00366851750538	0.00667282916734	-0.00162985000925	0.000117018128697	-1.52442878686e-05	0.000173030827024	9.15198175506e-05	8.50814989482e-05	-6.16458894283e-05	2.78039518391e-05	6.0392668266e-06	-5.88108036558e-07	-3.2847831336e-06	-3.06473626547e-06	-1.44652138535e-05	-2.14282225087e-05	5.69520789936e-06	4.6007980542e-06	1.4851363016e-05	-7.92727363032e-08	8.29685965475e-11	4.58221333307e-10	-3.74982014896e-10	-8.00328686244e-10	4.48268626624e-10
HMPMockV1.1.Even1;k__Bacteria;p__Proteobacteria;c__Gammaproteobacteria;o__Xanthomonadales;f__Xanthomonadaceae;g__Luteimonas	-0.0423383179088	-0.0131786931821	0.0107777400674	0.00506750799704	0.00489643981561	0.00991323222023	-0.00365864153374	0.00668452645837	-0.00162637764505	0.000112522648666	6.99340811424e-07	0.00017887535528	0.000104513406545	8.94611714578e-05	-6.38525570687e-05	3.20426877915e-05	3.96575633222e-06	8.22011907381e-06	2.37498161163e-07	-8.14707247333e-06	-6.55393099973e-06	2.74990753195e-05	2.53566845742e-06	-2.85993199492e-06	-1.33762757426e-05	1.57120237538e-07	-7.72254545481e-11	4.58220518696e-10	-3.74982059759e-10	-8.00328869462e-10	4.48268635124e-10
HMPMockV1.1.Even1;k__Bacteria;p__Chloroflexi;c__Dehalococcoidetes;o__Dehalococcoidales;f__;g__	-0.0521102164922	0.00326811426577	-0.00109608958395	-0.0193410734386	0.0161729926935	-0.00925236823767	-0.00286405391161	-0.000483710118425	0.00145952073147	-0.000612777328347	1.10977074307e-05	5.15055554516e-05	1.90928383095e-05	-3.04410785414e-05	-1.55656974685e-06	-8.93756759695e-05	-8.18443603766e-05	-5.00521267003e-05	-2.31528680892e-05	7.86508543526e-06	-3.47746365042e-05	1.76856907443e-05	-2.19046582589e-06	2.68945528094e-07	3.59601956738e-06	1.17094680527e-07	-6.45212399994e-13	4.58220908438e-10	-3.74982038258e-10	-8.00328782136e-10	4.48268631267e-10
HMPMockV1.1.Even1;k__Bacteria;p__Chloroflexi;c__SAR202;o__;f__;g__	-0.0521102164922	0.00326811426577	-0.00109608958395	-0.0193410734386	0.0161729926935	-0.00925236823767	-0.00286405391161	-0.000483710118425	0.00145952073147	-0.000612777328347	1.10977074307e-05	5.15055554516e-05	1.90928383095e-05	-3.04410785414e-05	-1.55656974685e-06	-8.93756759695e-05	-8.18443603766e-05	-5.00521267003e-05	-2.31528680892e-05	7.86508543526e-06	-3.47746365042e-05	1.76856907443e-05	-2.19046582589e-06	2.68945528094e-07	3.59601956738e-06	1.17094680527e-07	-6.45212399994e-13	4.58220908438e-10	-3.74982038258e-10	-8.00328782136e-10	4.48268631267e-10
HMPMockV1.1.Even1;k__Bacteria;p__Firmicutes;c__Clostridia;o__Clostridiales;f__Ruminococcaceae;g__Oscillospira	-0.0521102164922	0.00326811426577	-0.00109608958395	-0.0193410734386	0.0161729926935	-0.00925236823767	-0.00286405391161	-0.000483710118425	0.00145952073147	-0.000612777328347	1.10977074307e-05	5.15055554516e-05	1.90928383095e-05	-3.04410785414e-05	-1.55656974685e-06	-8.93756759695e-05	-8.18443603766e-05	-5.00521267003e-05	-2.31528680892e-05	7.86508543526e-06	-3.47746365042e-05	1.76856907443e-05	-2.19046582589e-06	2.68945528094e-07	3.59601956738e-06	1.17094680527e-07	-6.45212399994e-13	4.58220908438e-10	-3.74982038258e-10	-8.00328782136e-10	4.48268631267e-10
HMPMockV1.1.Even1;k__Bacteria;p__Proteobacteria;c__;o__;f__;g__	-0.0521102164922	0.00326811426577	-0.00109608958395	-0.0193410734386	0.0161729926935	-0.00925236823767	-0.00286405391161	-0.000483710118425	0.00145952073147	-0.000612777328347	1.10977074307e-05	5.15055554516e-05	1.90928383095e-05	-3.04410785414e-05	-1.55656974685e-06	-8.93756759695e-05	-8.18443603766e-05	-5.00521267003e-05	-2.31528680892e-05	7.86508543526e-06	-3.47746365042e-05	1.76856907443e-05	-2.19046582589e-06	2.68945528094e-07	3.59601956738e-06	1.17094680527e-07	-6.45212399994e-13	4.58220908438e-10	-3.74982038258e-10	-8.00328782136e-10	4.48268631267e-10
HMPMockV1.2.Staggered1;k__Bacteria;p__Proteobacteria;c__Gammaproteobacteria;o__Chromatiales;f__Chromatiaceae;g__Chromatium	-0.042443453335	-0.0132862279762	0.0108395104177	0.00497352817501	0.00505116783184	0.00992108630126	-0.00379632376402	0.00700566968586	-0.00175457742805	8.1538563562e-05	9.40583505528e-05	5.65634362754e-05	0.000233880523797	0.000286138521448	-0.000201217206854	9.78404908144e-05	3.65568452221e-05	4.2991822836e-05	2.92077711758e-05	6.42504928944e-05	-4.50896054702e-05	1.43697090467e-05	-4.43511970346e-05	1.6937145206e-05	4.12877939301e-07	1.0339903518e-07	-2.934588042e-10	4.58219420306e-10	-3.7498211969e-10	-8.00329114554e-10	4.4826864533e-10
HMPMockV1.2.Staggered1;k__Bacteria;p__Firmicutes;c__Clostridia;o__Thermoanaerobacterales;f__Thermoanaerobacteraceae;g__Caldanaerobacter	-0.042443453335	-0.0132862279762	0.0108395104177	0.00497352817501	0.00505116783184	0.00992108630126	-0.00379632376402	0.00700566968586	-0.00175457742805	8.1538563562e-05	9.40583505528e-05	5.65634362754e-05	0.000233880523797	0.000286138521448	-0.000201217206854	9.78404908144e-05	3.65568452221e-05	4.2991822836e-05	2.92077711758e-05	6.42504928944e-05	-4.50896054702e-05	1.43697090467e-05	-4.43511970346e-05	1.6937145206e-05	4.12877939301e-07	1.0339903518e-07	-2.934588042e-10	4.58219420306e-10	-3.7498211969e-10	-8.00329114554e-10	4.4826864533e-10
HMPMockV1.2.Staggered1;k__Bacteria;p__Firmicutes;c__Bacilli;o__Bacillales;f__Planococcaceae;g__Ureibacillus	-0.0520530251509	-0.0222103709669	0.0128256700918	0.00801718687219	-0.00238301691013	0.00322252719829	-0.00707527701343	0.00573232377489	-0.00161711904866	-0.000136091887423	-2.75089773307e-05	0.000119699476076	7.9722283672e-05	6.65145573587e-05	-5.12724399108e-05	2.27301542734e-05	5.0754273326e-06	-1.46936696534e-06	-2.59201881341e-06	-2.64511586375e-06	-1.18278236629e-05	-1.78878652727e-05	4.68752162489e-06	3.83885145414e-06	1.23694365601e-05	-6.70715996614e-08	6.92566968641e-11	4.58221263547e-10	-3.74982018736e-10	-8.00328701886e-10	4.48268627323e-10
HMPMockV1.2.Staggered1;k__Bacteria;p__Proteobacteria;c__Deltaproteobacteria;o__Desulfuromonadales;Other;Other	-0.0422985726523	-0.0131421168788	0.0107643070671	0.00509877769469	0.00484098292231	0.00989243026624	-0.00361816943615	0.00665765814057	-0.0015838879524	0.000145877499819	1.00626657491e-05	0.000284163788404	0.000132904685209	5.1519649889e-05	-8.39904523477e-06	2.81730505373e-05	-2.33383251947e-05	-5.00038278246e-05	-8.81808959233e-05	-0.000146536178898	5.8663292009e-06	1.71250652628e-05	8.31849385324e-05	1.08280648807e-05	-1.70277883372e-05	1.71577565008e-07	-3.01293692202e-10	4.58219379976e-10	-3.74982122079e-10	-8.00329124121e-10	4.48268646071e-10
HMPMockV1.2.Staggered1;k__Bacteria;p__Proteobacteria;c__Deltaproteobacteria;o__Desulfobacterales;f__Desulfobulbaceae;g__Desulfotalea	-0.0521112224268	0.0032693983047	-0.00109863838482	-0.0193384414655	0.0161582503938	-0.00928262503388	-0.00285095713354	-0.000490990654531	0.00145868107912	-0.000617905165381	1.00609599419e-05	1.8317953976e-05	6.49403715142e-06	-3.69352227365e-06	-6.00861147887e-07	-1.07380716691e-06	5.04805636478e-07	-8.99880144237e-07	9.84637114985e-08	4.10096991672e-08	3.79788239481e-07	-1.12622353165e-07	-6.16401777768e-08	1.4893212765e-08	-2.36190306148e-08	-1.69453963968e-09	2.76582016044e-12	4.58220925271e-10	-3.74982037359e-10	-8.00328777772e-10	4.4826863073e-10
HMPMockV1.2.Staggered1;k__Bacteria;p__Proteobacteria;c__Gammaproteobacteria;o__Alteromonadales;f__[Chromatiaceae];g__Rheinheimera	-0.0521112224268	0.0032693983047	-0.00109863838482	-0.0193384414655	0.0161582503938	-0.00928262503388	-0.00285095713354	-0.000490990654531	0.00145868107912	-0.000617905165381	1.00609599419e-05	1.8317953976e-05	6.49403715142e-06	-3.69352227365e-06	-6.00861147887e-07	-1.07380716691e-06	5.04805636478e-07	-8.99880144237e-07	9.84637114985e-08	4.10096991672e-08	3.79788239481e-07	-1.12622353165e-07	-6.16401777768e-08	1.4893212765e-08	-2.36190306148e-08	-1.69453963968e-09	2.76582016044e-12	4.58220925271e-10	-3.74982037359e-10	-8.00328777772e-10	4.4826863073e-10
HMPMockV1.2.Staggered1;k__Bacteria;p__Proteobacteria;c__Deltaproteobacteria;o__Desulfobacterales;f__Desulfobacteraceae;g__Desulfococcus	-0.0521112224268	0.0032693983047	-0.00109863838482	-0.0193384414655	0.0161582503938	-0.00928262503388	-0.00285095713354	-0.000490990654531	0.00145868107912	-0.000617905165381	1.00609599419e-05	1.8317953976e-05	6.49403715142e-06	-3.69352227365e-06	-6.00861147887e-07	-1.07380716691e-06	5.04805636478e-07	-8.99880144237e-07	9.84637114985e-08	4.10096991672e-08	3.79788239481e-07	-1.12622353165e-07	-6.16401777768e-08	1.4893212765e-08	-2.36190306148e-08	-1.69453963968e-09	2.76582016044e-12	4.58220925271e-10	-3.74982037359e-10	-8.00328777772e-10	4.4826863073e-10
HMPMockV1.2.Staggered1;k__Bacteria;p__Proteobacteria;c__Betaproteobacteria;o__SC-I-84;f__;g__	-0.0521112224268	0.0032693983047	-0.00109863838482	-0.0193384414655	0.0161582503938	-0.00928262503388	-0.00285095713354	-0.000490990654531	0.00145868107912	-0.000617905165381	1.00609599419e-05	1.8317953976e-05	6.49403715142e-06	-3.69352227365e-06	-6.00861147887e-07	-1.07380716691e-06	5.04805636478e-07	-8.99880144237e-07	9.84637114985e-08	4.10096991672e-08	3.79788239481e-07	-1.12622353165e-07	-6.16401777768e-08	1.4893212765e-08	-2.36190306148e-08	-1.69453963968e-09	2.76582016044e-12	4.58220925271e-10	-3.74982037359e-10	-8.00328777772e-10	4.4826863073e-10
HMPMockV1.2.Staggered1;k__Bacteria;p__Proteobacteria;c__Deltaproteobacteria;o__NB1-j;f__NB1-i;g__	-0.0521112224268	0.0032693983047	-0.00109863838482	-0.0193384414655	0.0161582503938	-0.00928262503388	-0.00285095713354	-0.000490990654531	0.00145868107912	-0.000617905165381	1.00609599419e-05	1.8317953976e-05	6.49403715142e-06	-3.69352227365e-06	-6.00861147887e-07	-1.07380716691e-06	5.04805636478e-07	-8.99880144237e-07	9.84637114985e-08	4.10096991672e-08	3.79788239481e-07	-1.12622353165e-07	-6.16401777768e-08	1.4893212765e-08	-2.36190306148e-08	-1.69453963968e-09	2.76582016044e-12	4.58220925271e-10	-3.74982037359e-10	-8.00328777772e-10	4.4826863073e-10
HMPMockV1.2.Staggered1;k__Bacteria;p__Proteobacteria;c__Gammaproteobacteria;o__Alteromonadales;f__HTCC2188;g__HTCC	-0.0521112224268	0.0032693983047	-0.00109863838482	-0.0193384414655	0.0161582503938	-0.00928262503388	-0.00285095713354	-0.000490990654531	0.00145868107912	-0.000617905165381	1.00609599419e-05	1.8317953976e-05	6.49403715142e-06	-3.69352227365e-06	-6.00861147887e-07	-1.07380716691e-06	5.04805636478e-07	-8.99880144237e-07	9.84637114985e-08	4.10096991672e-08	3.79788239481e-07	-1.12622353165e-07	-6.16401777768e-08	1.4893212765e-08	-2.36190306148e-08	-1.69453963968e-09	2.76582016044e-12	4.58220925271e-10	-3.74982037359e-10	-8.00328777772e-10	4.4826863073e-10
HMPMockV1.2.Staggered1;k__Bacteria;p__Proteobacteria;c__Gammaproteobacteria;o__Oceanospirillales;f__;g__	-0.0521112224268	0.0032693983047	-0.00109863838482	-0.0193384414655	0.0161582503938	-0.00928262503388	-0.00285095713354	-0.000490990654531	0.00145868107912	-0.000617905165381	1.00609599419e-05	1.8317953976e-05	6.49403715142e-06	-3.69352227365e-06	-6.00861147887e-07	-1.07380716691e-06	5.04805636478e-07	-8.99880144237e-07	9.84637114985e-08	4.10096991672e-08	3.79788239481e-07	-1.12622353165e-07	-6.16401777768e-08	1.4893212765e-08	-2.36190306148e-08	-1.69453963968e-09	2.76582016044e-12	4.58220925271e-10	-3.74982037359e-10	-8.00328777772e-10	4.4826863073e-10
HMPMockV1.2.Staggered1;k__Bacteria;p__Proteobacteria;c__Alphaproteobacteria;o__Sphingomonadales;f__Erythrobacteraceae;g__	-0.0521112224268	0.0032693983047	-0.00109863838482	-0.0193384414655	0.0161582503938	-0.00928262503388	-0.00285095713354	-0.000490990654531	0.00145868107912	-0.000617905165381	1.00609599419e-05	1.8317953976e-05	6.49403715142e-06	-3.69352227365e-06	-6.00861147887e-07	-1.07380716691e-06	5.04805636478e-07	-8.99880144237e-07	9.84637114985e-08	4.10096991672e-08	3.79788239481e-07	-1.12622353165e-07	-6.16401777768e-08	1.4893212765e-08	-2.36190306148e-08	-1.69453963968e-09	2.76582016044e-12	4.58220925271e-10	-3.74982037359e-10	-8.00328777772e-10	4.4826863073e-10
HMPMockV1.2.Staggered1;k__Bacteria;p__Firmicutes;c__Clostridia;o__Clostridiales;f__Christensenellaceae;g__	-0.0521112224268	0.0032693983047	-0.00109863838482	-0.0193384414655	0.0161582503938	-0.00928262503388	-0.00285095713354	-0.000490990654531	0.00145868107912	-0.000617905165381	1.00609599419e-05	1.8317953976e-05	6.49403715142e-06	-3.69352227365e-06	-6.00861147887e-07	-1.07380716691e-06	5.04805636478e-07	-8.99880144237e-07	9.84637114985e-08	4.10096991672e-08	3.79788239481e-07	-1.12622353165e-07	-6.16401777768e-08	1.4893212765e-08	-2.36190306148e-08	-1.69453963968e-09	2.76582016044e-12	4.58220925271e-10	-3.74982037359e-10	-8.00328777772e-10	4.4826863073e-10
HMPMockV1.2.Staggered1;k__Bacteria;p__Proteobacteria;c__Alphaproteobacteria;o__Rhizobiales;f__Rhizobiaceae;g__Rhizobium	-0.100618408387	-0.0673490952521	0.0230712674689	0.022802044014	-0.0388105734516	-0.0302725072135	-0.0241090745537	0.00102979681265	-0.00155346424567	-0.00140164196802	-8.88324246413e-05	-0.00014695727866	2.07346142791e-05	-2.63201505889e-05	5.94807676824e-07	-2.6388335553e-06	2.56229862593e-07	-5.87566160924e-06	8.71802787525e-07	-5.47013855161e-07	1.3591272905e-06	-1.86079092402e-07	-3.50909747483e-07	2.9118453832e-08	-4.0195718981e-08	-6.06591645275e-09	6.97198447324e-13	4.58220914746e-10	-3.74982037934e-10	-8.00328780098e-10	4.48268630815e-10
HMPMockV1.1.Even2;k__Bacteria;p__Firmicutes;c__Bacilli;o__Bacillales;f__Bacillaceae;g__Virgibacillus	-0.0423399485037	-0.0131826261099	0.0107765506164	0.00506021544383	0.00490249439817	0.00992153408065	-0.00366851750538	0.00667282916734	-0.00162985000925	0.000117018128697	-1.52442878686e-05	0.000173030827024	9.15198175506e-05	8.50814989482e-05	-6.16458894283e-05	2.78039518391e-05	6.0392668266e-06	-5.88108036558e-07	-3.2847831336e-06	-3.06473626547e-06	-1.44652138535e-05	-2.14282225087e-05	5.69520789936e-06	4.6007980542e-06	1.4851363016e-05	-7.92727363032e-08	8.29685965475e-11	4.58221333307e-10	-3.74982014896e-10	-8.00328686244e-10	4.48268626624e-10
HMPMockV1.1.Even2;k__Bacteria;p__Proteobacteria;c__Alphaproteobacteria;o__Rhodobacterales;f__Rhodobacteraceae;g__Rhodovulum	-0.0423399485037	-0.0131826261099	0.0107765506164	0.00506021544383	0.00490249439817	0.00992153408065	-0.00366851750538	0.00667282916734	-0.00162985000925	0.000117018128697	-1.52442878686e-05	0.000173030827024	9.15198175506e-05	8.50814989482e-05	-6.16458894283e-05	2.78039518391e-05	6.0392668266e-06	-5.88108036558e-07	-3.2847831336e-06	-3.06473626547e-06	-1.44652138535e-05	-2.14282225087e-05	5.69520789936e-06	4.6007980542e-06	1.4851363016e-05	-7.92727363032e-08	8.29685965475e-11	4.58221333307e-10	-3.74982014896e-10	-8.00328686244e-10	4.48268626624e-10
HMPMockV1.1.Even2;k__Bacteria;p__Firmicutes;c__Clostridia;o__Thermoanaerobacterales;f__Thermoanaerobacteraceae;g__Caldanaerobacter	-0.0423399485037	-0.0131826261099	0.0107765506164	0.00506021544383	0.00490249439817	0.00992153408065	-0.00366851750538	0.00667282916734	-0.00162985000925	0.000117018128697	-1.52442878686e-05	0.000173030827024	9.15198175506e-05	8.50814989482e-05	-6.16458894283e-05	2.78039518391e-05	6.0392668266e-06	-5.88108036558e-07	-3.2847831336e-06	-3.06473626547e-06	-1.44652138535e-05	-2.14282225087e-05	5.69520789936e-06	4.6007980542e-06	1.4851363016e-05	-7.92727363032e-08	8.29685965475e-11	4.58221333307e-10	-3.74982014896e-10	-8.00328686244e-10	4.48268626624e-10
HMPMockV1.1.Even2;k__Bacteria;p__Proteobacteria;c__Gammaproteobacteria;o__Enterobacteriales;f__Enterobacteriaceae;g__Edwardsiella	-0.0423399485037	-0.0131826261099	0.0107765506164	0.00506021544383	0.00490249439817	0.00992153408065	-0.00366851750538	0.00667282916734	-0.00162985000925	0.000117018128697	-1.52442878686e-05	0.000173030827024	9.15198175506e-05	8.50814989482e-05	-6.16458894283e-05	2.78039518391e-05	6.0392668266e-06	-5.88108036558e-07	-3.2847831336e-06	-3.06473626547e-06	-1.44652138535e-05	-2.14282225087e-05	5.69520789936e-06	4.6007980542e-06	1.4851363016e-05	-7.92727363032e-08	8.29685965475e-11	4.58221333307e-10	-3.74982014896e-10	-8.00328686244e-10	4.48268626624e-10
HMPMockV1.1.Even2;k__Bacteria;p__Proteobacteria;c__Deltaproteobacteria;o__Desulfovibrionales;f__Desulfohalobiaceae;g__Desulfonatronovibrio	-0.0423383179088	-0.0131786931821	0.0107777400674	0.00506750799704	0.00489643981561	0.00991323222023	-0.00365864153374	0.00668452645837	-0.00162637764505	0.000112522648666	6.99340811424e-07	0.00017887535528	0.000104513406545	8.94611714578e-05	-6.38525570687e-05	3.20426877915e-05	3.96575633222e-06	8.22011907381e-06	2.37498161163e-07	-8.14707247333e-06	-6.55393099973e-06	2.74990753195e-05	2.53566845742e-06	-2.85993199492e-06	-1.33762757426e-05	1.57120237538e-07	-7.72254545481e-11	4.58220518696e-10	-3.74982059759e-10	-8.00328869462e-10	4.48268635124e-10
HMPMockV1.1.Even2;k__Bacteria;p__Proteobacteria;c__;o__;f__;g__	-0.0521102164922	0.00326811426577	-0.00109608958395	-0.0193410734386	0.0161729926935	-0.00925236823767	-0.00286405391161	-0.000483710118425	0.00145952073147	-0.000612777328347	1.10977074307e-05	5.15055554516e-05	1.90928383095e-05	-3.04410785414e-05	-1.55656974685e-06	-8.93756759695e-05	-8.18443603766e-05	-5.00521267003e-05	-2.31528680892e-05	7.86508543526e-06	-3.47746365042e-05	1.76856907443e-05	-2.19046582589e-06	2.68945528094e-07	3.59601956738e-06	1.17094680527e-07	-6.45212399981e-13	4.58220908438e-10	-3.74982038258e-10	-8.00328782136e-10	4.48268631267e-10
HMPMockV1.1.Even2;k__Bacteria;p__Proteobacteria;c__Deltaproteobacteria;o__Desulfovibrionales;f__Desulfovibrionaceae;g__	-0.0521102164922	0.00326811426577	-0.00109608958395	-0.0193410734386	0.0161729926935	-0.00925236823767	-0.00286405391161	-0.000483710118425	0.00145952073147	-0.000612777328347	1.10977074307e-05	5.15055554516e-05	1.90928383095e-05	-3.04410785414e-05	-1.55656974685e-06	-8.93756759695e-05	-8.18443603766e-05	-5.00521267003e-05	-2.31528680892e-05	7.86508543526e-06	-3.47746365042e-05	1.76856907443e-05	-2.19046582589e-06	2.68945528094e-07	3.59601956738e-06	1.17094680527e-07	-6.45212399981e-13	4.58220908438e-10	-3.74982038258e-10	-8.00328782136e-10	4.48268631267e-10
HMPMockV1.1.Even2;k__Bacteria;p__[Thermi];c__Deinococci;o__Deinococcales;f__Deinococcaceae;g__CM44	-0.0521102164922	0.00326811426577	-0.00109608958395	-0.0193410734386	0.0161729926935	-0.00925236823767	-0.00286405391161	-0.000483710118425	0.00145952073147	-0.000612777328347	1.10977074307e-05	5.15055554516e-05	1.90928383095e-05	-3.04410785414e-05	-1.55656974685e-06	-8.93756759695e-05	-8.18443603766e-05	-5.00521267003e-05	-2.31528680892e-05	7.86508543526e-06	-3.47746365042e-05	1.76856907443e-05	-2.19046582589e-06	2.68945528094e-07	3.59601956738e-06	1.17094680527e-07	-6.45212399981e-13	4.58220908438e-10	-3.74982038258e-10	-8.00328782136e-10	4.48268631267e-10
HMPMockV1.1.Even2;k__Bacteria;p__Firmicutes;c__Bacilli;o__Lactobacillales;f__Leuconostocaceae;g__	-0.0521102164922	0.00326811426577	-0.00109608958395	-0.0193410734386	0.0161729926935	-0.00925236823767	-0.00286405391161	-0.000483710118425	0.00145952073147	-0.000612777328347	1.10977074307e-05	5.15055554516e-05	1.90928383095e-05	-3.04410785414e-05	-1.55656974685e-06	-8.93756759695e-05	-8.18443603766e-05	-5.00521267003e-05	-2.31528680892e-05	7.86508543526e-06	-3.47746365042e-05	1.76856907443e-05	-2.19046582589e-06	2.68945528094e-07	3.59601956738e-06	1.17094680527e-07	-6.45212399981e-13	4.58220908438e-10	-3.74982038258e-10	-8.00328782136e-10	4.48268631267e-10
HMPMockV1.1.Even2;k__Bacteria;p__Actinobacteria;c__Thermoleophilia;o__Solirubrobacterales;f__Patulibacteraceae;g__	-0.0521102164922	0.00326811426577	-0.00109608958395	-0.0193410734386	0.0161729926935	-0.00925236823767	-0.00286405391161	-0.000483710118425	0.00145952073147	-0.000612777328347	1.10977074307e-05	5.15055554516e-05	1.90928383095e-05	-3.04410785414e-05	-1.55656974685e-06	-8.93756759695e-05	-8.18443603766e-05	-5.00521267003e-05	-2.31528680892e-05	7.86508543526e-06	-3.47746365042e-05	1.76856907443e-05	-2.19046582589e-06	2.68945528094e-07	3.59601956738e-06	1.17094680527e-07	-6.45212399981e-13	4.58220908438e-10	-3.74982038258e-10	-8.00328782136e-10	4.48268631267e-10
HMPMockV1.1.Even2;k__Bacteria;p__Proteobacteria;c__Gammaproteobacteria;o__Oceanospirillales;f__Oceanospirillaceae;g__Oleispira	-0.0521102164922	0.00326811426577	-0.00109608958395	-0.0193410734386	0.0161729926935	-0.00925236823767	-0.00286405391161	-0.000483710118425	0.00145952073147	-0.000612777328347	1.10977074307e-05	5.15055554516e-05	1.90928383095e-05	-3.04410785414e-05	-1.55656974685e-06	-8.93756759695e-05	-8.18443603766e-05	-5.00521267003e-05	-2.31528680892e-05	7.86508543526e-06	-3.47746365042e-05	1.76856907443e-05	-2.19046582589e-06	2.68945528094e-07	3.59601956738e-06	1.17094680527e-07	-6.45212399981e-13	4.58220908438e-10	-3.74982038258e-10	-8.00328782136e-10	4.48268631267e-10
HMPMockV1.1.Even2;k__Bacteria;p__Firmicutes;c__Clostridia;o__;f__;g__	-0.0521102164922	0.00326811426577	-0.00109608958395	-0.0193410734386	0.0161729926935	-0.00925236823767	-0.00286405391161	-0.000483710118425	0.00145952073147	-0.000612777328347	1.10977074307e-05	5.15055554516e-05	1.90928383095e-05	-3.04410785414e-05	-1.55656974685e-06	-8.93756759695e-05	-8.18443603766e-05	-5.00521267003e-05	-2.31528680892e-05	7.86508543526e-06	-3.47746365042e-05	1.76856907443e-05	-2.19046582589e-06	2.68945528094e-07	3.59601956738e-06	1.17094680527e-07	-6.45212399981e-13	4.58220908438e-10	-3.74982038258e-10	-8.00328782136e-10	4.48268631267e-10
HMPMockV1.1.Even2;k__Bacteria;p__Acidobacteria;c__EC1113;o__;f__;g__	-0.0521102164922	0.00326811426577	-0.00109608958395	-0.0193410734386	0.0161729926935	-0.00925236823767	-0.00286405391161	-0.000483710118425	0.00145952073147	-0.000612777328347	1.10977074307e-05	5.15055554516e-05	1.90928383095e-05	-3.04410785414e-05	-1.55656974685e-06	-8.93756759695e-05	-8.18443603766e-05	-5.00521267003e-05	-2.31528680892e-05	7.86508543526e-06	-3.47746365042e-05	1.76856907443e-05	-2.19046582589e-06	2.68945528094e-07	3.59601956738e-06	1.17094680527e-07	-6.45212399981e-13	4.58220908438e-10	-3.74982038258e-10	-8.00328782136e-10	4.48268631267e-10
HMPMockV1.1.Even2;k__Bacteria;p__Proteobacteria;c__Gammaproteobacteria;o__Oceanospirillales;f__Oceanospirillaceae;g__Marinomonas	-0.0521102164922	0.00326811426577	-0.00109608958395	-0.0193410734386	0.0161729926935	-0.00925236823767	-0.00286405391161	-0.000483710118425	0.00145952073147	-0.000612777328347	1.10977074307e-05	5.15055554516e-05	1.90928383095e-05	-3.04410785414e-05	-1.55656974685e-06	-8.93756759695e-05	-8.18443603766e-05	-5.00521267003e-05	-2.31528680892e-05	7.86508543526e-06	-3.47746365042e-05	1.76856907443e-05	-2.19046582589e-06	2.68945528094e-07	3.59601956738e-06	1.17094680527e-07	-6.45212399981e-13	4.58220908438e-10	-3.74982038258e-10	-8.00328782136e-10	4.48268631267e-10
HMPMockV1.1.Even2;k__Bacteria;p__Proteobacteria;c__Gammaproteobacteria;o__Methylococcales;f__Crenotrichaceae;g__Crenothrix	-0.0521102164922	0.00326811426577	-0.00109608958395	-0.0193410734386	0.0161729926935	-0.00925236823767	-0.00286405391161	-0.000483710118425	0.00145952073147	-0.000612777328347	1.10977074307e-05	5.15055554516e-05	1.90928383095e-05	-3.04410785414e-05	-1.55656974685e-06	-8.93756759695e-05	-8.18443603766e-05	-5.00521267003e-05	-2.31528680892e-05	7.86508543526e-06	-3.47746365042e-05	1.76856907443e-05	-2.19046582589e-06	2.68945528094e-07	3.59601956738e-06	1.17094680527e-07	-6.45212399981e-13	4.58220908438e-10	-3.74982038258e-10	-8.00328782136e-10	4.48268631267e-10
HMPMockV1.2.Staggered2;k__Bacteria;p__Proteobacteria;c__Gammaproteobacteria;o__Alteromonadales;f__Shewanellaceae;g__Shewanella	-0.0421662794189	-0.0130031166855	0.010713967142	0.00518948725082	0.00458729681675	0.00992870026344	-0.00358804795143	0.00457245062603	-0.00164744920902	0.000153023644851	3.285466596e-05	-0.000179699947491	-4.79300426141e-07	-4.93902915928e-06	2.47255162989e-05	-3.14644386232e-05	-1.17720102953e-06	9.17890374224e-06	-2.7410515693e-06	7.59483207131e-06	-1.47716828996e-05	-2.22746212687e-05	2.47715512449e-06	-1.54876953309e-06	-6.85988737834e-06	4.93010563153e-08	1.13956755874e-11	4.58220969287e-10	-3.7498203507e-10	-8.00328768348e-10	4.48268630544e-10
HMPMockV1.2.Staggered2;k__Bacteria;p__Firmicutes;c__Bacilli;o__Bacillales;f__Planococcaceae;g__Sporosarcina	-0.0423650827244	-0.0132072172848	0.0107920494249	0.00503687684662	0.00493716968939	0.00989911284654	-0.00368641822555	0.00676594427023	-0.00166359127624	0.00011532404223	1.3591017318e-05	0.000133541673635	0.00012264065784	0.000139450045266	-9.60306032272e-05	6.12017814515e-05	2.75048605391e-05	1.37410850824e-05	-9.80918851105e-07	3.55138730344e-05	-2.39692121834e-05	-1.19376105476e-05	-3.14514726927e-05	3.64431851015e-05	5.53492671783e-06	6.35459444411e-06	2.09561230749e-11	4.58221035708e-10	-3.74982030773e-10	-8.00328783744e-10	4.48268650639e-10
HMPMockV1.2.Staggered2;k__Bacteria;p__Proteobacteria;c__Gammaproteobacteria;o__Thiotrichales;f__Thiotrichaceae;Other	-0.0420623803765	-0.0128946552806	0.0105980099596	0.00530039418957	0.00449056995028	0.00987321024738	-0.0032622297175	0.00570908468237	-0.00129490633325	0.000195623031343	-0.000338465937033	0.000378288256962	-0.000385627188517	-0.00047723084704	0.000299373816438	-0.00013596983023	-1.86526807175e-05	-2.71252081678e-05	4.57218168699e-06	2.19124712545e-05	5.67764444256e-05	-1.81951898875e-05	-2.02977985893e-05	1.18873163053e-05	-8.13391562941e-06	-2.19241988253e-07	-3.31021513408e-10	4.58219227857e-10	-3.74982130177e-10	-8.00329155708e-10	4.48268646015e-10
HMPMockV1.2.Staggered2;k__Bacteria;p__Bacteroidetes;c__Bacteroidia;o__Bacteroidales;Other;Other	0.270732106483	0.218188316769	-0.0173113763973	0.00343197757468	-0.00301424137171	-1.85269665748e-05	-0.00502839033501	0.000140049734727	0.000472670717087	0.000637100865508	1.32201522428e-05	-3.7187451278e-06	-5.54294805844e-06	3.32653994326e-06	1.23526380837e-06	7.78675137054e-07	-3.71223303425e-07	8.82480840375e-07	1.04969064901e-07	3.48456432557e-08	-3.07340278356e-07	1.1373247676e-07	3.53724687301e-08	-1.50110995934e-08	1.77466422977e-08	1.39509286964e-09	2.63022167898e-12	4.58220924601e-10	-3.74982037397e-10	-8.00328777938e-10	4.48268630746e-10
HMPMockV1.2.Staggered2;k__Bacteria;p__[Thermi];c__Deinococci;o__Deinococcales;Other;Other	-0.0123991509851	0.0289358764712	-0.0124255141371	-0.0058422182817	-0.0151315391198	0.00126657797692	0.00761047969834	0.000619376067689	0.000562272915234	-0.00137206327552	0.00102442083402	0.000172828709737	-0.000288078326267	0.000107034570403	-2.98581447815e-05	-2.06384273454e-05	-1.04548548788e-05	-2.11583165675e-05	2.57096060529e-05	-1.69665038958e-05	-1.92944356928e-07	-4.06549512352e-06	-3.2820597458e-06	1.67399360333e-07	-1.10664774156e-06	-6.31694242804e-11	-1.45503485427e-11	4.58220837258e-10	-3.74982042185e-10	-8.00328797441e-10	4.48268631554e-10
HMPMockV1.2.Staggered1;k__Bacteria;p__Proteobacteria;c__Alphaproteobacteria;o__Rhodobacterales;f__Rhodobacteraceae;g__Phaeobacter	-0.0424840605152	-0.0133258909927	0.0108571634156	0.00494333891461	0.00511084725441	0.00996553276045	-0.00386045072959	0.00705664448941	-0.00179552849314	4.63244651638e-05	0.00010114259864	-1.00773449192e-05	0.000243529777315	0.000332696896445	-0.000255657412347	8.81889915047e-05	3.85406886607e-05	7.71998864764e-05	9.53499786752e-05	0.000128593143302	-4.92125694155e-05	1.80304896412e-05	-6.59875015453e-05	-2.85290704616e-05	1.24378442076e-05	-2.88402524574e-06	3.1991392059e-10	4.58222529526e-10	-3.74981949775e-10	-8.00328405415e-10	4.48268605964e-10
HMPMockV1.2.Staggered1;k__Bacteria;p__Proteobacteria;c__Deltaproteobacteria;o__Desulfovibrionales;f__Desulfohalobiaceae;g__Desulfonatronovibrio	-0.0423383179088	-0.0131786931821	0.0107777400674	0.00506750799704	0.00489643981561	0.00991323222023	-0.00365864153374	0.00668452645837	-0.00162637764505	0.000112522648666	6.99340811424e-07	0.00017887535528	0.000104513406545	8.94611714578e-05	-6.38525570687e-05	3.20426877915e-05	3.96575633222e-06	8.22011907381e-06	2.37498161163e-07	-8.14707247333e-06	-6.55393099973e-06	2.74990753195e-05	2.53566845742e-06	-2.85993199492e-06	-1.33762757426e-05	1.57120237538e-07	-7.72254545481e-11	4.58220518696e-10	-3.74982059759e-10	-8.00328869462e-10	4.48268635124e-10
HMPMockV1.2.Staggered1;k__Bacteria;p__Proteobacteria;c__Epsilonproteobacteria;o__Campylobacterales;f__Helicobacteraceae;g__Flexispira	-0.054060333013	-0.0240819575073	0.0132786723067	0.0085553097218	-0.00374605388958	0.00188687345402	-0.00784647602435	0.00578264260456	-0.00169241823921	-0.000206128397751	5.65989315312e-05	6.46203550128e-05	0.000199283539353	0.00019980126568	-0.000135570655219	6.50203203423e-05	1.04861188151e-05	8.17509751636e-06	-5.86609685041e-06	-1.30144904096e-05	-2.49179372074e-05	7.55479331219e-06	8.76361785837e-06	1.68447954245e-06	1.7999321013e-06	9.27763651603e-08	1.07656015383e-11	4.58220966367e-10	-3.74982035131e-10	-8.00328769158e-10	4.48268630692e-10
HMPMockV1.2.Staggered1;k__Bacteria;p__NKB19;c__;o__;f__;g__	-0.0521102164922	0.00326811426577	-0.00109608958395	-0.0193410734386	0.0161729926935	-0.00925236823767	-0.00286405391161	-0.000483710118425	0.00145952073147	-0.000612777328347	1.10977074307e-05	5.15055554516e-05	1.90928383095e-05	-3.04410785414e-05	-1.55656974685e-06	-8.93756759695e-05	-8.18443603766e-05	-5.00521267003e-05	-2.31528680892e-05	7.86508543526e-06	-3.47746365042e-05	1.76856907443e-05	-2.19046582589e-06	2.68945528094e-07	3.59601956738e-06	1.17094680527e-07	-6.45212399994e-13	4.58220908438e-10	-3.74982038258e-10	-8.00328782136e-10	4.48268631267e-10
HMPMockV1.2.Staggered1;k__Bacteria;p__Verrucomicrobia;c__Verruco-5;o__WCHB1-41;f__RFP12;g__	-0.0521102164922	0.00326811426577	-0.00109608958395	-0.0193410734386	0.0161729926935	-0.00925236823767	-0.00286405391161	-0.000483710118425	0.00145952073147	-0.000612777328347	1.10977074307e-05	5.15055554516e-05	1.90928383095e-05	-3.04410785414e-05	-1.55656974685e-06	-8.93756759695e-05	-8.18443603766e-05	-5.00521267003e-05	-2.31528680892e-05	7.86508543526e-06	-3.47746365042e-05	1.76856907443e-05	-2.19046582589e-06	2.68945528094e-07	3.59601956738e-06	1.17094680527e-07	-6.45212399994e-13	4.58220908438e-10	-3.74982038258e-10	-8.00328782136e-10	4.48268631267e-10
HMPMockV1.2.Staggered1;k__Bacteria;p__Actinobacteria;c__Thermoleophilia;o__Solirubrobacterales;f__Patulibacteraceae;g__	-0.0521102164922	0.00326811426577	-0.00109608958395	-0.0193410734386	0.0161729926935	-0.00925236823767	-0.00286405391161	-0.000483710118425	0.00145952073147	-0.000612777328347	1.10977074307e-05	5.15055554516e-05	1.90928383095e-05	-3.04410785414e-05	-1.55656974685e-06	-8.93756759695e-05	-8.18443603766e-05	-5.00521267003e-05	-2.31528680892e-05	7.86508543526e-06	-3.47746365042e-05	1.76856907443e-05	-2.19046582589e-06	2.68945528094e-07	3.59601956738e-06	1.17094680527e-07	-6.45212399994e-13	4.58220908438e-10	-3.74982038258e-10	-8.00328782136e-10	4.48268631267e-10
HMPMockV1.2.Staggered1;k__Bacteria;p__Proteobacteria;c__Gammaproteobacteria;o__Methylococcales;f__Crenotrichaceae;g__Crenothrix	-0.0521102164922	0.00326811426577	-0.00109608958395	-0.0193410734386	0.0161729926935	-0.00925236823767	-0.00286405391161	-0.000483710118425	0.00145952073147	-0.000612777328347	1.10977074307e-05	5.15055554516e-05	1.90928383095e-05	-3.04410785414e-05	-1.55656974685e-06	-8.93756759695e-05	-8.18443603766e-05	-5.00521267003e-05	-2.31528680892e-05	7.86508543526e-06	-3.47746365042e-05	1.76856907443e-05	-2.19046582589e-06	2.68945528094e-07	3.59601956738e-06	1.17094680527e-07	-6.45212399994e-13	4.58220908438e-10	-3.74982038258e-10	-8.00328782136e-10	4.48268631267e-10
HMPMockV1.2.Staggered1;k__Bacteria;p__Acidobacteria;c__EC1113;o__;f__;g__	-0.0521102164922	0.00326811426577	-0.00109608958395	-0.0193410734386	0.0161729926935	-0.00925236823767	-0.00286405391161	-0.000483710118425	0.00145952073147	-0.000612777328347	1.10977074307e-05	5.15055554516e-05	1.90928383095e-05	-3.04410785414e-05	-1.55656974685e-06	-8.93756759695e-05	-8.18443603766e-05	-5.00521267003e-05	-2.31528680892e-05	7.86508543526e-06	-3.47746365042e-05	1.76856907443e-05	-2.19046582589e-06	2.68945528094e-07	3.59601956738e-06	1.17094680527e-07	-6.45212399994e-13	4.58220908438e-10	-3.74982038258e-10	-8.00328782136e-10	4.48268631267e-10
HMPMockV1.2.Staggered1;k__Archaea;p__Euryarchaeota;c__Thermoplasmata;o__E2;f__20c-4;g__	-0.0521102164922	0.00326811426577	-0.00109608958395	-0.0193410734386	0.0161729926935	-0.00925236823767	-0.00286405391161	-0.000483710118425	0.00145952073147	-0.000612777328347	1.10977074307e-05	5.15055554516e-05	1.90928383095e-05	-3.04410785414e-05	-1.55656974685e-06	-8.93756759695e-05	-8.18443603766e-05	-5.00521267003e-05	-2.31528680892e-05	7.86508543526e-06	-3.47746365042e-05	1.76856907443e-05	-2.19046582589e-06	2.68945528094e-07	3.59601956738e-06	1.17094680527e-07	-6.45212399994e-13	4.58220908438e-10	-3.74982038258e-10	-8.00328782136e-10	4.48268631267e-10
HMPMockV1.2.Staggered1;k__Bacteria;p__Firmicutes;c__Clostridia;o__Clostridiales;f__Peptostreptococcaceae;g__	-0.0521102164922	0.00326811426577	-0.00109608958395	-0.0193410734386	0.0161729926935	-0.00925236823767	-0.00286405391161	-0.000483710118425	0.00145952073147	-0.000612777328347	1.10977074307e-05	5.15055554516e-05	1.90928383095e-05	-3.04410785414e-05	-1.55656974685e-06	-8.93756759695e-05	-8.18443603766e-05	-5.00521267003e-05	-2.31528680892e-05	7.86508543526e-06	-3.47746365042e-05	1.76856907443e-05	-2.19046582589e-06	2.68945528094e-07	3.59601956738e-06	1.17094680527e-07	-6.45212399994e-13	4.58220908438e-10	-3.74982038258e-10	-8.00328782136e-10	4.48268631267e-10
HMPMockV1.2.Staggered1;k__Bacteria;p__Chloroflexi;c__SAR202;o__;f__;g__	-0.0521102164922	0.00326811426577	-0.00109608958395	-0.0193410734386	0.0161729926935	-0.00925236823767	-0.00286405391161	-0.000483710118425	0.00145952073147	-0.000612777328347	1.10977074307e-05	5.15055554516e-05	1.90928383095e-05	-3.04410785414e-05	-1.55656974685e-06	-8.93756759695e-05	-8.18443603766e-05	-5.00521267003e-05	-2.31528680892e-05	7.86508543526e-06	-3.47746365042e-05	1.76856907443e-05	-2.19046582589e-06	2.68945528094e-07	3.59601956738e-06	1.17094680527e-07	-6.45212399994e-13	4.58220908438e-10	-3.74982038258e-10	-8.00328782136e-10	4.48268631267e-10
HMPMockV1.2.Staggered1;k__Bacteria;p__Firmicutes;c__Clostridia;o__Clostridiales;f__[Mogibacteriaceae];g__	-0.0521102164922	0.00326811426577	-0.00109608958395	-0.0193410734386	0.0161729926935	-0.00925236823767	-0.00286405391161	-0.000483710118425	0.00145952073147	-0.000612777328347	1.10977074307e-05	5.15055554516e-05	1.90928383095e-05	-3.04410785414e-05	-1.55656974685e-06	-8.93756759695e-05	-8.18443603766e-05	-5.00521267003e-05	-2.31528680892e-05	7.86508543526e-06	-3.47746365042e-05	1.76856907443e-05	-2.19046582589e-06	2.68945528094e-07	3.59601956738e-06	1.17094680527e-07	-6.45212399994e-13	4.58220908438e-10	-3.74982038258e-10	-8.00328782136e-10	4.48268631267e-10
HMPMockV1.1.Even1;k__Bacteria;p__Firmicutes;c__Clostridia;o__Clostridiales;f__Ruminococcaceae;Other	0.319043853654	0.263585777227	-0.0210112940944	0.0228743281346	0.00987586128025	-0.00444087153346	-0.00547008421861	2.4279410252e-05	0.0004393942921	0.00026579243312	5.82248653863e-05	2.7311385719e-06	-6.95561116441e-06	1.61887584349e-06	1.23130770165e-06	7.39889200363e-07	-1.49350162487e-07	1.9487396681e-07	-6.96426678565e-08	-5.28977961745e-08	-1.88265125323e-07	8.9876838561e-08	-5.60657891848e-08	-1.99700142544e-08	3.27859072642e-08	7.05122869455e-10	2.98052364227e-12	4.58220926379e-10	-3.74982037299e-10	-8.00328777537e-10	4.48268630726e-10
HMPMockV1.1.Even1;k__Bacteria;p__Firmicutes;c__Bacilli;o__Bacillales;f__Bacillaceae;g__Virgibacillus	-0.0424840767452	-0.0133258663195	0.0108571287026	0.00494332462052	0.00511085151401	0.0099655173918	-0.00386045772398	0.0070566267028	-0.00179552053187	4.61831280659e-05	0.000101149955625	-1.00445388514e-05	0.000243715878765	0.000332606337896	-0.000255528265228	8.82836334561e-05	3.86342313971e-05	7.64125980477e-05	9.55612446847e-05	0.000129169838989	-4.61491101121e-05	1.68889872968e-05	-6.62599249312e-05	-2.832323159e-05	1.30316074859e-05	9.64585441521e-08	6.0206822789e-10	4.58223971721e-10	-3.74981870672e-10	-8.00328097577e-10	4.48268602124e-10
HMPMockV1.1.Even1;k__Bacteria;p__Firmicutes;c__Clostridia;o__Clostridiales;f__Veillonellaceae;g__Thermosinus	-0.0424840767452	-0.0133258663195	0.0108571287026	0.00494332462052	0.00511085151401	0.0099655173918	-0.00386045772398	0.0070566267028	-0.00179552053187	4.61831280659e-05	0.000101149955625	-1.00445388514e-05	0.000243715878765	0.000332606337896	-0.000255528265228	8.82836334561e-05	3.86342313971e-05	7.64125980477e-05	9.55612446847e-05	0.000129169838989	-4.61491101121e-05	1.68889872968e-05	-6.62599249312e-05	-2.832323159e-05	1.30316074859e-05	9.64585441521e-08	6.0206822789e-10	4.58223971721e-10	-3.74981870672e-10	-8.00328097577e-10	4.48268602124e-10
HMPMockV1.1.Even1;k__Archaea;p__Euryarchaeota;Other;Other;Other;Other	0.187387679507	0.223506514573	-0.0501522995751	0.0359363022118	0.0149415475512	-0.00477438550647	-0.00710811482949	1.57926227424e-06	0.000790720298396	0.000519788369661	0.000120632112537	1.54330423379e-05	-1.50631444969e-05	4.55175956168e-06	1.68566485514e-06	1.53338223878e-06	-2.62446433568e-07	8.07253481371e-07	-1.76713047962e-07	2.13253450844e-08	-4.88636940596e-07	1.98155849239e-07	-7.14074823704e-09	-3.07870387575e-08	6.46474078727e-08	1.90792294518e-09	3.53658674628e-12	4.5822092921e-10	-3.74982037144e-10	-8.00328776912e-10	4.48268630704e-10
HMPMockV1.1.Even1;k__Bacteria;p__Proteobacteria;c__Epsilonproteobacteria;o__Nautiliales;f__Nautiliaceae;g__	-0.100618408387	-0.0673490952521	0.0230712674689	0.022802044014	-0.0388105734516	-0.0302725072135	-0.0241090745537	0.00102979681265	-0.00155346424567	-0.00140164196802	-8.88324246413e-05	-0.00014695727866	2.07346142791e-05	-2.63201505889e-05	5.94807676824e-07	-2.6388335553e-06	2.56229862593e-07	-5.87566160924e-06	8.71802787525e-07	-5.47013855161e-07	1.3591272905e-06	-1.86079092402e-07	-3.50909747483e-07	2.9118453832e-08	-4.0195718981e-08	-6.06591645275e-09	6.97198447324e-13	4.58220914746e-10	-3.74982037934e-10	-8.00328780098e-10	4.48268630815e-10
HMPMockV1.1.Even1;k__Bacteria;p__Firmicutes;c__Bacilli;o__Gemellales;Other;Other	-0.0398714367323	-0.0107628007938	0.00992397784957	0.00656975112066	0.00114988066718	0.0080108164646	-0.00144744033599	-0.00378761788331	-0.000679568437653	0.000255033014033	-0.000253459367281	0.00033754001783	2.03827661851e-06	-0.000109454772354	-7.51493880924e-05	0.000404738224128	-0.000205068370416	-0.000122487590558	3.55745748493e-05	7.85741341222e-06	-8.35843889393e-06	2.46151685864e-06	4.02262805408e-06	2.69927064089e-05	-6.26484911478e-06	-7.43833393609e-09	-4.85903854059e-10	4.58218441552e-10	-3.74982173256e-10	-8.00329332735e-10	4.48268654424e-10
HMPMockV1.1.Even1;k__Bacteria;p__Firmicutes;c__Bacilli;o__Bacillales;f__Bacillaceae;g__Anoxybacillus	-0.0424208141695	-0.0132651730711	0.0108305235162	0.00499362614875	0.00502007600092	0.0099267186209	-0.00378082639202	0.00697085405254	-0.00172715673759	9.27499948165e-05	9.29567705743e-05	0.000117514763431	0.000243920770622	0.000256331619747	-0.000169612020943	8.19351088167e-05	1.30435910532e-05	1.16877872978e-05	-7.5505717599e-06	-1.61313595482e-05	-3.14872033319e-05	9.49001141333e-06	1.10422497598e-05	2.0983198146e-06	2.25996405638e-06	1.17486935564e-07	1.32827023111e-11	4.58220979272e-10	-3.7498203443e-10	-8.00328766423e-10	4.48268630661e-10
HMPMockV1.1.Even2;k__Bacteria;p__Actinobacteria;c__Actinobacteria;o__Actinomycetales;f__Microbacteriaceae;g__Salinibacterium	-0.0424840767452	-0.0133258663194	0.0108571287026	0.00494332462051	0.00511085151401	0.00996551739179	-0.00386045772398	0.00705662670279	-0.00179552053187	4.61831280659e-05	0.000101149955624	-1.00445388514e-05	0.000243715878765	0.000332606337896	-0.000255528265228	8.82836334561e-05	3.86342313971e-05	7.64125980477e-05	9.55612446847e-05	0.000129169838989	-4.61491101121e-05	1.68889872968e-05	-6.62599249312e-05	-2.832323159e-05	1.30316074859e-05	9.64585441521e-08	6.0206822789e-10	4.58223971721e-10	-3.74981870672e-10	-8.00328097577e-10	4.48268602123e-10
HMPMockV1.1.Even2;k__Bacteria;p__Proteobacteria;c__Gammaproteobacteria;o__Alteromonadales;f__Alteromonadaceae;g__Microbulbifer	-0.0424840767452	-0.0133258663194	0.0108571287026	0.00494332462051	0.00511085151401	0.00996551739179	-0.00386045772398	0.00705662670279	-0.00179552053187	4.61831280659e-05	0.000101149955624	-1.00445388514e-05	0.000243715878765	0.000332606337896	-0.000255528265228	8.82836334561e-05	3.86342313971e-05	7.64125980477e-05	9.55612446847e-05	0.000129169838989	-4.61491101121e-05	1.68889872968e-05	-6.62599249312e-05	-2.832323159e-05	1.30316074859e-05	9.64585441521e-08	6.0206822789e-10	4.58223971721e-10	-3.74981870672e-10	-8.00328097577e-10	4.48268602123e-10
HMPMockV1.1.Even2;k__Bacteria;p__Proteobacteria;c__Alphaproteobacteria;o__Rhodobacterales;f__Rhodobacteraceae;g__Nautella	-0.0424840767452	-0.0133258663194	0.0108571287026	0.00494332462051	0.00511085151401	0.00996551739179	-0.00386045772398	0.00705662670279	-0.00179552053187	4.61831280659e-05	0.000101149955624	-1.00445388514e-05	0.000243715878765	0.000332606337896	-0.000255528265228	8.82836334561e-05	3.86342313971e-05	7.64125980477e-05	9.55612446847e-05	0.000129169838989	-4.61491101121e-05	1.68889872968e-05	-6.62599249312e-05	-2.832323159e-05	1.30316074859e-05	9.64585441521e-08	6.0206822789e-10	4.58223971721e-10	-3.74981870672e-10	-8.00328097577e-10	4.48268602123e-10
HMPMockV1.1.Even2;k__Bacteria;p__[Thermi];c__Deinococci;o__Deinococcales;f__Deinococcaceae;g__Deinobacterium	-0.042418446134	-0.0132639990207	0.0108304325396	0.00499865808048	0.00501881536208	0.00995460490745	-0.00379737851403	0.00696156139423	-0.00172022750221	8.66370510677e-05	9.53826006708e-05	0.000145080087854	0.000258413441308	0.000249985022642	-0.000165485232015	6.10146932614e-05	-9.66482686915e-06	-9.37639562901e-07	-1.16603429649e-05	-6.5495278159e-05	-2.60732017731e-05	8.72370876602e-06	5.61623910707e-05	-3.58852911538e-05	8.932006751e-06	-7.32310488429e-06	6.2401956617e-11	4.58221208459e-10	-3.74982022417e-10	-8.00328679399e-10	4.4826860399e-10
HMPMockV1.1.Even2;k__Bacteria;p__Proteobacteria;c__Gammaproteobacteria;o__Pseudomonadales;f__Pseudomonadaceae;g__Azomonas	-0.100618408387	-0.0673490952521	0.0230712674689	0.022802044014	-0.0388105734516	-0.0302725072135	-0.0241090745537	0.00102979681265	-0.00155346424567	-0.00140164196802	-8.88324246413e-05	-0.00014695727866	2.07346142791e-05	-2.63201505889e-05	5.94807676824e-07	-2.6388335553e-06	2.56229862593e-07	-5.87566160924e-06	8.71802787525e-07	-5.47013855161e-07	1.3591272905e-06	-1.86079092402e-07	-3.50909747483e-07	2.9118453832e-08	-4.0195718981e-08	-6.06591645275e-09	6.97198447324e-13	4.58220914746e-10	-3.74982037934e-10	-8.00328780098e-10	4.48268630815e-10
HMPMockV1.1.Even2;k__Bacteria;p__Firmicutes;c__Bacilli;o__Bacillales;f__Listeriaceae;Other	-0.0403887948694	-0.011268823506	0.0100630755416	0.00634230704357	0.00191698434686	0.00863037389045	-0.00189547848421	-0.00103924517194	-0.000651961060608	0.000164506554158	-0.00036556057477	0.000579869191767	-0.000179526441677	-0.000366157119602	0.000147448170642	0.000177300631698	-0.000321311502793	-3.70812645464e-05	6.28295479453e-05	4.32439236377e-05	5.41431021637e-05	-8.94403899853e-05	-8.01151183143e-06	8.48552461915e-06	2.91402460091e-05	-5.45807684437e-07	2.15872770045e-10	4.58222007733e-10	-3.74981977799e-10	-8.00328533116e-10	4.48268618771e-10
HMPMockV1.1.Even2;k__Bacteria;p__Actinobacteria;c__Actinobacteria;o__Actinomycetales;f__Microbacteriaceae;Other	-0.0418663820679	-0.013247167118	0.0107426060727	0.00486903961704	0.00365871976039	0.00337132309749	0.000681051475741	0.00521019330092	-0.00235552672564	0.00284343688907	0.000182505494978	0.000285220075319	0.000124860197934	0.000177881254278	-5.28888294661e-05	6.2768246039e-05	-1.56192241879e-06	-2.13576685916e-05	-8.46056528427e-05	-9.65502369207e-05	-2.05130815157e-05	3.26227366175e-06	4.42226878357e-05	4.29334160738e-05	-1.04747468045e-05	1.0602901867e-07	-8.02216822294e-10	4.58216834481e-10	-3.74982261208e-10	-8.00329692464e-10	4.48268669954e-10
HMPMockV1.1.Even2;k__Bacteria;p__Proteobacteria;c__Alphaproteobacteria;o__Sphingomonadales;f__Erythrobacteraceae;g__Erythromicrobium	-0.0424208141695	-0.0132651730711	0.0108305235162	0.00499362614875	0.00502007600092	0.0099267186209	-0.00378082639202	0.00697085405254	-0.00172715673759	9.27499948165e-05	9.29567705743e-05	0.000117514763431	0.000243920770622	0.000256331619747	-0.000169612020943	8.19351088167e-05	1.30435910532e-05	1.16877872978e-05	-7.5505717599e-06	-1.61313595482e-05	-3.14872033319e-05	9.49001141333e-06	1.10422497598e-05	2.0983198146e-06	2.25996405638e-06	1.17486935564e-07	1.32827023111e-11	4.58220979272e-10	-3.7498203443e-10	-8.00328766423e-10	4.48268630661e-10
HMPMockV1.1.Even2;k__Bacteria;p__Proteobacteria;c__Gammaproteobacteria;o__Xanthomonadales;f__Sinobacteraceae;g__Hydrocarboniphaga	-0.0424208141695	-0.0132651730711	0.0108305235162	0.00499362614875	0.00502007600092	0.0099267186209	-0.00378082639202	0.00697085405254	-0.00172715673759	9.27499948165e-05	9.29567705743e-05	0.000117514763431	0.000243920770622	0.000256331619747	-0.000169612020943	8.19351088167e-05	1.30435910532e-05	1.16877872978e-05	-7.5505717599e-06	-1.61313595482e-05	-3.14872033319e-05	9.49001141333e-06	1.10422497598e-05	2.0983198146e-06	2.25996405638e-06	1.17486935564e-07	1.32827023111e-11	4.58220979272e-10	-3.7498203443e-10	-8.00328766423e-10	4.48268630661e-10
HMPMockV1.1.Even2;k__Bacteria;p__Firmicutes;c__Bacilli;o__Bacillales;f__Bacillaceae;g__Anoxybacillus	-0.0424208141695	-0.0132651730711	0.0108305235162	0.00499362614875	0.00502007600092	0.0099267186209	-0.00378082639202	0.00697085405254	-0.00172715673759	9.27499948165e-05	9.29567705743e-05	0.000117514763431	0.000243920770622	0.000256331619747	-0.000169612020943	8.19351088167e-05	1.30435910532e-05	1.16877872978e-05	-7.5505717599e-06	-1.61313595482e-05	-3.14872033319e-05	9.49001141333e-06	1.10422497598e-05	2.0983198146e-06	2.25996405638e-06	1.17486935564e-07	1.32827023111e-11	4.58220979272e-10	-3.7498203443e-10	-8.00328766423e-10	4.48268630661e-10
HMPMockV1.1.Even2;k__Bacteria;p__Proteobacteria;c__Epsilonproteobacteria;o__Nautiliales;f__Nautiliaceae;g__Nautilia	-0.0424208141695	-0.0132651730711	0.0108305235162	0.00499362614875	0.00502007600092	0.0099267186209	-0.00378082639202	0.00697085405254	-0.00172715673759	9.27499948165e-05	9.29567705743e-05	0.000117514763431	0.000243920770622	0.000256331619747	-0.000169612020943	8.19351088167e-05	1.30435910532e-05	1.16877872978e-05	-7.5505717599e-06	-1.61313595482e-05	-3.14872033319e-05	9.49001141333e-06	1.10422497598e-05	2.0983198146e-06	2.25996405638e-06	1.17486935564e-07	1.32827023111e-11	4.58220979272e-10	-3.7498203443e-10	-8.00328766423e-10	4.48268630661e-10
HMPMockV1.1.Even2;k__Bacteria;p__Proteobacteria;c__Deltaproteobacteria;o__Desulfuromonadales;Other;Other	-0.0416914834873	-0.013064994446	0.0106222854712	0.00502447397861	0.00340133529201	0.00339523167168	0.000917783382924	0.00451330190197	-0.00213515220813	0.00286873815386	-6.15268001969e-05	0.000395183583071	-0.000225044720121	-0.000213205091483	0.00017575969935	-8.47707748216e-05	-3.13438620128e-05	-2.32683655968e-05	-2.15640276174e-05	-4.55081791008e-05	3.76726921746e-05	-1.27947594248e-05	3.26936543827e-05	-1.28160903804e-05	-7.38525248523e-07	-9.02754845318e-08	2.20653134776e-10	4.58222032203e-10	-3.74981976804e-10	-8.00328529998e-10	4.48268619946e-10
HMPMockV1.2.Staggered2;k__Bacteria;p__Proteobacteria;c__Betaproteobacteria;o__SC-I-84;f__;g__	-0.0521112224268	0.0032693983047	-0.00109863838482	-0.0193384414655	0.0161582503938	-0.00928262503388	-0.00285095713354	-0.000490990654531	0.00145868107912	-0.000617905165381	1.00609599419e-05	1.8317953976e-05	6.49403715142e-06	-3.69352227365e-06	-6.00861147887e-07	-1.07380716691e-06	5.04805636478e-07	-8.99880144237e-07	9.84637114985e-08	4.10096991672e-08	3.79788239481e-07	-1.12622353165e-07	-6.16401777768e-08	1.4893212765e-08	-2.36190306148e-08	-1.69453963968e-09	2.76582016045e-12	4.58220925271e-10	-3.74982037359e-10	-8.00328777772e-10	4.4826863073e-10
HMPMockV1.2.Staggered2;k__Bacteria;p__Proteobacteria;c__Deltaproteobacteria;o__NB1-j;f__NB1-i;g__	-0.0521112224268	0.0032693983047	-0.00109863838482	-0.0193384414655	0.0161582503938	-0.00928262503388	-0.00285095713354	-0.000490990654531	0.00145868107912	-0.000617905165381	1.00609599419e-05	1.8317953976e-05	6.49403715142e-06	-3.69352227365e-06	-6.00861147887e-07	-1.07380716691e-06	5.04805636478e-07	-8.99880144237e-07	9.84637114985e-08	4.10096991672e-08	3.79788239481e-07	-1.12622353165e-07	-6.16401777768e-08	1.4893212765e-08	-2.36190306148e-08	-1.69453963968e-09	2.76582016045e-12	4.58220925271e-10	-3.74982037359e-10	-8.00328777772e-10	4.4826863073e-10
HMPMockV1.2.Staggered2;k__Bacteria;p__Firmicutes;c__Clostridia;o__Clostridiales;f__Peptococcaceae;g__Desulfosporosinus	-0.0521112224268	0.0032693983047	-0.00109863838482	-0.0193384414655	0.0161582503938	-0.00928262503388	-0.00285095713354	-0.000490990654531	0.00145868107912	-0.000617905165381	1.00609599419e-05	1.8317953976e-05	6.49403715142e-06	-3.69352227365e-06	-6.00861147887e-07	-1.07380716691e-06	5.04805636478e-07	-8.99880144237e-07	9.84637114985e-08	4.10096991672e-08	3.79788239481e-07	-1.12622353165e-07	-6.16401777768e-08	1.4893212765e-08	-2.36190306148e-08	-1.69453963968e-09	2.76582016045e-12	4.58220925271e-10	-3.74982037359e-10	-8.00328777772e-10	4.4826863073e-10
HMPMockV1.2.Staggered2;k__Bacteria;p__Proteobacteria;c__Alphaproteobacteria;o__Rhizobiales;f__Beijerinckiaceae;g__	-0.0521112224268	0.0032693983047	-0.00109863838482	-0.0193384414655	0.0161582503938	-0.00928262503388	-0.00285095713354	-0.000490990654531	0.00145868107912	-0.000617905165381	1.00609599419e-05	1.8317953976e-05	6.49403715142e-06	-3.69352227365e-06	-6.00861147887e-07	-1.07380716691e-06	5.04805636478e-07	-8.99880144237e-07	9.84637114985e-08	4.10096991672e-08	3.79788239481e-07	-1.12622353165e-07	-6.16401777768e-08	1.4893212765e-08	-2.36190306148e-08	-1.69453963968e-09	2.76582016045e-12	4.58220925271e-10	-3.74982037359e-10	-8.00328777772e-10	4.4826863073e-10
HMPMockV1.2.Staggered2;k__Bacteria;p__Proteobacteria;c__Gammaproteobacteria;o__Oceanospirillales;f__;g__	-0.0521112224268	0.0032693983047	-0.00109863838482	-0.0193384414655	0.0161582503938	-0.00928262503388	-0.00285095713354	-0.000490990654531	0.00145868107912	-0.000617905165381	1.00609599419e-05	1.8317953976e-05	6.49403715142e-06	-3.69352227365e-06	-6.00861147887e-07	-1.07380716691e-06	5.04805636478e-07	-8.99880144237e-07	9.84637114985e-08	4.10096991672e-08	3.79788239481e-07	-1.12622353165e-07	-6.16401777768e-08	1.4893212765e-08	-2.36190306148e-08	-1.69453963968e-09	2.76582016045e-12	4.58220925271e-10	-3.74982037359e-10	-8.00328777772e-10	4.4826863073e-10
HMPMockV1.2.Staggered2;k__Bacteria;p__Proteobacteria;c__Deltaproteobacteria;o__GMD14H09;f__;g__	-0.0521112224268	0.0032693983047	-0.00109863838482	-0.0193384414655	0.0161582503938	-0.00928262503388	-0.00285095713354	-0.000490990654531	0.00145868107912	-0.000617905165381	1.00609599419e-05	1.8317953976e-05	6.49403715142e-06	-3.69352227365e-06	-6.00861147887e-07	-1.07380716691e-06	5.04805636478e-07	-8.99880144237e-07	9.84637114985e-08	4.10096991672e-08	3.79788239481e-07	-1.12622353165e-07	-6.16401777768e-08	1.4893212765e-08	-2.36190306148e-08	-1.69453963968e-09	2.76582016045e-12	4.58220925271e-10	-3.74982037359e-10	-8.00328777772e-10	4.4826863073e-10
HMPMockV1.2.Staggered2;k__Bacteria;p__Firmicutes;c__Clostridia;o__;f__;g__	-0.0601949151413	-0.00850142065388	0.00293180325819	-0.0123172205298	0.00700906500268	-0.0127557247336	-0.00640489068529	-0.000231458963246	0.000957356568613	-0.000744254768292	-5.5573145813e-06	1.8428416433e-05	1.93664676378e-05	-2.9754257216e-05	-1.19800684291e-06	-7.49195355671e-05	-6.81609286701e-05	-4.26893825184e-05	-1.91487562764e-05	6.46306888686e-06	-2.87523425384e-05	1.47070624382e-05	-1.88387314616e-06	2.2897434905e-07	2.98998368632e-06	9.65679143635e-08	-4.21477258759e-13	4.58220909489e-10	-3.74982038204e-10	-8.00328781796e-10	4.48268631192e-10
HMPMockV1.2.Staggered2;k__Bacteria;p__Fusobacteria;c__Fusobacteriia;o__Fusobacteriales;f__Leptotrichiaceae;g__Streptobacillus	-0.0424840767452	-0.0133258663194	0.0108571287026	0.00494332462051	0.00511085151401	0.00996551739179	-0.00386045772398	0.00705662670279	-0.00179552053187	4.61831280659e-05	0.000101149955624	-1.00445388514e-05	0.000243715878765	0.000332606337896	-0.000255528265228	8.82836334561e-05	3.86342313971e-05	7.64125980477e-05	9.55612446847e-05	0.000129169838989	-4.61491101121e-05	1.68889872968e-05	-6.62599249312e-05	-2.832323159e-05	1.30316074859e-05	9.64585441521e-08	6.0206822789e-10	4.58223971721e-10	-3.74981870672e-10	-8.00328097577e-10	4.48268602123e-10
HMPMockV1.2.Staggered2;k__Bacteria;p__Proteobacteria;c__Gammaproteobacteria;o__Oceanospirillales;f__Saccharospirillaceae;g__Saccharospirillum	-0.0424840767452	-0.0133258663194	0.0108571287026	0.00494332462051	0.00511085151401	0.00996551739179	-0.00386045772398	0.00705662670279	-0.00179552053187	4.61831280659e-05	0.000101149955624	-1.00445388514e-05	0.000243715878765	0.000332606337896	-0.000255528265228	8.82836334561e-05	3.86342313971e-05	7.64125980477e-05	9.55612446847e-05	0.000129169838989	-4.61491101121e-05	1.68889872968e-05	-6.62599249312e-05	-2.832323159e-05	1.30316074859e-05	9.64585441521e-08	6.0206822789e-10	4.58223971721e-10	-3.74981870672e-10	-8.00328097577e-10	4.48268602123e-10
HMPMockV1.2.Staggered2;k__Bacteria;p__Firmicutes;c__Bacilli;o__Bacillales;f__Thermoactinomycetaceae;Other	-0.042359103234	-0.0132053036451	0.0108040368358	0.00504059687933	0.00493013381439	0.00986935460673	-0.00369014865473	0.00689130615219	-0.00166342570234	0.000143627719229	8.31341038192e-05	0.000226642505985	0.00023415371294	0.000184438897248	-8.66622144728e-05	8.93757912953e-05	2.43599143033e-06	-4.33079248306e-05	-0.00010827465075	-0.000129484438488	-2.55403964299e-05	4.50440786878e-06	5.871836922e-05	5.74992137456e-05	-1.39493133001e-05	1.31436890395e-07	-1.07850617164e-09	4.58215430374e-10	-3.74982338034e-10	-8.00330006348e-10	4.4826868338e-10
HMPMockV1.2.Staggered2;k__Bacteria;p__Proteobacteria;c__Alphaproteobacteria;o__Rhizobiales;f__Rhizobiaceae;g__Rhizobium	-0.100618408387	-0.0673490952521	0.0230712674689	0.022802044014	-0.0388105734516	-0.0302725072135	-0.0241090745537	0.00102979681265	-0.00155346424567	-0.00140164196802	-8.88324246413e-05	-0.00014695727866	2.07346142791e-05	-2.63201505889e-05	5.94807676824e-07	-2.6388335553e-06	2.56229862593e-07	-5.87566160924e-06	8.71802787525e-07	-5.47013855161e-07	1.3591272905e-06	-1.86079092402e-07	-3.50909747483e-07	2.9118453832e-08	-4.0195718981e-08	-6.06591645275e-09	6.97198447324e-13	4.58220914746e-10	-3.74982037934e-10	-8.00328780098e-10	4.48268630815e-10
HMPMockV1.2.Staggered2;k__Bacteria;p__Proteobacteria;c__Gammaproteobacteria;o__Alteromonadales;f__OM60;g__	-0.0805416784478	-0.0493569826804	0.0189002829071	0.0166528186194	-0.025925556435	-0.0255559286191	-0.0114744990801	0.000742149457462	-0.00251291942895	0.00271319348751	0.000100984939723	5.56794086659e-05	-5.38503728421e-05	3.51893413963e-05	1.6540313636e-05	-7.44401894686e-06	-4.347734747e-06	1.09139256356e-05	-3.95168451481e-06	3.86113356858e-07	-9.04294064059e-07	-2.7876238139e-07	1.12747292173e-08	-2.3524667799e-07	-4.38129185539e-08	5.89119019614e-09	9.34854088153e-12	4.58220958764e-10	-3.74982035533e-10	-8.00328770336e-10	4.48268630435e-10
HMPMockV1.2.Staggered2;k__Bacteria;p__Proteobacteria;c__Betaproteobacteria;o__Nitrosomonadales;f__Nitrosomonadaceae;g__Nitrosovibrio	-0.0424419016947	-0.0132854041539	0.0108393919116	0.00497685897268	0.00505033450528	0.00993965154453	-0.00380737016934	0.00699944493596	-0.00174994466902	7.72277058997e-05	9.56878322577e-05	7.49949960037e-05	0.000243852473336	0.000281756525797	-0.000198250769038	8.40512836965e-05	2.15738045011e-05	3.32627242143e-05	2.68200337215e-05	3.23023732972e-05	-3.63745055919e-05	1.19563367078e-05	-1.47251418038e-05	-8.04219732024e-06	5.85051186621e-06	1.1047747176e-07	2.0954454417e-10	4.58221976755e-10	-3.74981979844e-10	-8.00328543474e-10	4.48268621149e-10
HMPMockV1.2.Staggered2;k__Bacteria;p__Proteobacteria;c__Alphaproteobacteria;o__Rhizobiales;f__Xanthobacteraceae;g__Xanthobacter	-0.042443453335	-0.0132862279762	0.0108395104177	0.00497352817501	0.00505116783184	0.00992108630126	-0.00379632376402	0.00700566968586	-0.00175457742805	8.1538563562e-05	9.40583505528e-05	5.65634362754e-05	0.000233880523797	0.000286138521448	-0.000201217206854	9.78404908144e-05	3.65568452221e-05	4.2991822836e-05	2.92077711758e-05	6.42504928944e-05	-4.50896054702e-05	1.43697090467e-05	-4.43511970346e-05	1.6937145206e-05	4.12877939301e-07	1.0339903518e-07	-2.934588042e-10	4.58219420306e-10	-3.7498211969e-10	-8.00329114554e-10	4.4826864533e-10
HMPMockV1.2.Staggered1;k__Bacteria;p__Proteobacteria;c__Gammaproteobacteria;o__Pasteurellales;f__Pasteurellaceae;Other	0.319043853654	0.263585777227	-0.0210112940944	0.0228743281346	0.00987586128025	-0.00444087153346	-0.00547008421861	2.4279410252e-05	0.0004393942921	0.00026579243312	5.82248653863e-05	2.7311385719e-06	-6.95561116441e-06	1.61887584349e-06	1.23130770165e-06	7.39889200363e-07	-1.49350162487e-07	1.9487396681e-07	-6.96426678565e-08	-5.28977961745e-08	-1.88265125323e-07	8.9876838561e-08	-5.60657891848e-08	-1.99700142544e-08	3.27859072642e-08	7.05122869455e-10	2.98052364227e-12	4.58220926379e-10	-3.74982037299e-10	-8.00328777538e-10	4.48268630727e-10
HMPMockV1.2.Staggered1;k__Bacteria;p__Bacteroidetes;Other;Other;Other;Other	0.319043853654	0.263585777227	-0.0210112940944	0.0228743281346	0.00987586128025	-0.00444087153346	-0.00547008421861	2.4279410252e-05	0.0004393942921	0.00026579243312	5.82248653863e-05	2.7311385719e-06	-6.95561116441e-06	1.61887584349e-06	1.23130770165e-06	7.39889200363e-07	-1.49350162487e-07	1.9487396681e-07	-6.96426678565e-08	-5.28977961745e-08	-1.88265125323e-07	8.9876838561e-08	-5.60657891848e-08	-1.99700142544e-08	3.27859072642e-08	7.05122869455e-10	2.98052364227e-12	4.58220926379e-10	-3.74982037299e-10	-8.00328777538e-10	4.48268630727e-10
HMPMockV1.2.Staggered1;k__Bacteria;p__Proteobacteria;c__Betaproteobacteria;o__Burkholderiales;f__Comamonadaceae;g__Hydrogenophaga	-0.0424840767452	-0.0133258663195	0.0108571287026	0.00494332462052	0.00511085151401	0.0099655173918	-0.00386045772398	0.0070566267028	-0.00179552053187	4.61831280659e-05	0.000101149955625	-1.00445388514e-05	0.000243715878765	0.000332606337896	-0.000255528265228	8.82836334561e-05	3.86342313971e-05	7.64125980477e-05	9.55612446847e-05	0.000129169838989	-4.61491101121e-05	1.68889872968e-05	-6.62599249312e-05	-2.832323159e-05	1.30316074859e-05	9.64585441521e-08	6.0206822789e-10	4.58223971721e-10	-3.74981870672e-10	-8.00328097577e-10	4.48268602124e-10
HMPMockV1.2.Staggered1;k__Bacteria;p__Firmicutes;c__Bacilli;o__Lactobacillales;f__Aerococcaceae;g__Alkalibacterium	-0.0424840767452	-0.0133258663195	0.0108571287026	0.00494332462052	0.00511085151401	0.0099655173918	-0.00386045772398	0.0070566267028	-0.00179552053187	4.61831280659e-05	0.000101149955625	-1.00445388514e-05	0.000243715878765	0.000332606337896	-0.000255528265228	8.82836334561e-05	3.86342313971e-05	7.64125980477e-05	9.55612446847e-05	0.000129169838989	-4.61491101121e-05	1.68889872968e-05	-6.62599249312e-05	-2.832323159e-05	1.30316074859e-05	9.64585441521e-08	6.0206822789e-10	4.58223971721e-10	-3.74981870672e-10	-8.00328097577e-10	4.48268602124e-10
HMPMockV1.2.Staggered1;k__Bacteria;p__Firmicutes;c__Bacilli;o__Bacillales;f__Planococcaceae;g__Sporosarcina	-0.0423367114614	-0.0131777805484	0.0107697975676	0.0050617892873	0.00489641787066	0.00991601370585	-0.00365206331272	0.00662443467102	-0.00162608884501	0.000114676588726	-4.14683674954e-05	0.000141196347555	4.58893941642e-05	6.46241450242e-05	-5.83582459832e-05	2.6200199093e-05	2.19231263966e-05	1.98209447835e-05	2.53504212248e-05	6.04883088872e-05	-2.04115180877e-05	-2.54980077642e-05	-3.71866376615e-05	1.63555366576e-05	1.66138981681e-05	-1.39028579558e-07	-1.29666059777e-10	4.58220252591e-10	-3.74982073958e-10	-8.00328927297e-10	4.48268636616e-10
HMPMockV1.2.Staggered1;k__Bacteria;p__Proteobacteria;c__Alphaproteobacteria;o__Sphingomonadales;f__Sphingomonadaceae;Other	-0.0420124093535	-0.0128426059458	0.0105636326449	0.00534480400716	0.00441703153074	0.00988004126859	-0.00319459202974	0.0055099728541	-0.00123194218539	0.000202851964141	-0.00040818944994	0.000409706402034	-0.000485600022247	-0.000588969802972	0.000364701967528	-0.00017812383619	-2.71618063157e-05	-2.76711215979e-05	2.25840746085e-05	3.64959163459e-05	7.34009511943e-05	-2.27829136265e-05	-2.35918081473e-05	-4.0411141102e-06	-5.352138042e-06	-2.75328989168e-07	-3.8772954246e-11	4.5822071292e-10	-3.74982048919e-10	-8.00328823575e-10	4.48268631726e-10
HMPMockV1.2.Staggered1;k__Bacteria;p__Firmicutes;c__Bacilli;o__Lactobacillales;f__Leuconostocaceae;g__Weissella	-0.0424208141695	-0.0132651730711	0.0108305235162	0.00499362614875	0.00502007600092	0.0099267186209	-0.00378082639202	0.00697085405254	-0.00172715673759	9.27499948165e-05	9.29567705743e-05	0.000117514763431	0.000243920770622	0.000256331619747	-0.000169612020943	8.19351088167e-05	1.30435910532e-05	1.16877872978e-05	-7.5505717599e-06	-1.61313595482e-05	-3.14872033319e-05	9.49001141333e-06	1.10422497598e-05	2.0983198146e-06	2.25996405638e-06	1.17486935564e-07	1.32827023111e-11	4.58220979272e-10	-3.7498203443e-10	-8.00328766423e-10	4.48268630661e-10
HMPMockV1.2.Staggered1;k__Bacteria;p__Proteobacteria;c__Deltaproteobacteria;o__Desulfobacterales;f__Desulfobulbaceae;g__Desulfobulbus	-0.0424208141695	-0.0132651730711	0.0108305235162	0.00499362614875	0.00502007600092	0.0099267186209	-0.00378082639202	0.00697085405254	-0.00172715673759	9.27499948165e-05	9.29567705743e-05	0.000117514763431	0.000243920770622	0.000256331619747	-0.000169612020943	8.19351088167e-05	1.30435910532e-05	1.16877872978e-05	-7.5505717599e-06	-1.61313595482e-05	-3.14872033319e-05	9.49001141333e-06	1.10422497598e-05	2.0983198146e-06	2.25996405638e-06	1.17486935564e-07	1.32827023111e-11	4.58220979272e-10	-3.7498203443e-10	-8.00328766423e-10	4.48268630661e-10
HMPMockV1.2.Staggered1;k__Bacteria;p__Proteobacteria;c__Gammaproteobacteria;o__HTCC2188;f__;g__	-0.100618408387	-0.0673490952521	0.0230712674689	0.022802044014	-0.0388105734516	-0.0302725072135	-0.0241090745537	0.00102979681265	-0.00155346424567	-0.00140164196802	-8.88324246413e-05	-0.00014695727866	2.07346142791e-05	-2.63201505889e-05	5.94807676824e-07	-2.6388335553e-06	2.56229862593e-07	-5.87566160924e-06	8.71802787525e-07	-5.47013855161e-07	1.3591272905e-06	-1.86079092402e-07	-3.50909747483e-07	2.9118453832e-08	-4.0195718981e-08	-6.06591645275e-09	6.97198447324e-13	4.58220914746e-10	-3.74982037934e-10	-8.00328780098e-10	4.48268630815e-10
HMPMockV1.2.Staggered2;k__Bacteria;p__Proteobacteria;c__Betaproteobacteria;o__Neisseriales;f__Neisseriaceae;g__Eikenella	-0.0423399485037	-0.0131826261099	0.0107765506164	0.00506021544383	0.00490249439817	0.00992153408065	-0.00366851750538	0.00667282916734	-0.00162985000925	0.000117018128697	-1.52442878686e-05	0.000173030827024	9.15198175506e-05	8.50814989482e-05	-6.16458894283e-05	2.78039518391e-05	6.0392668266e-06	-5.88108036558e-07	-3.2847831336e-06	-3.06473626547e-06	-1.44652138535e-05	-2.14282225087e-05	5.69520789936e-06	4.6007980542e-06	1.4851363016e-05	-7.92727363032e-08	8.29685965475e-11	4.58221333307e-10	-3.74982014896e-10	-8.00328686244e-10	4.48268626624e-10
HMPMockV1.2.Staggered2;k__Bacteria;p__Firmicutes;c__Clostridia;o__Clostridiales;f__[Mogibacteriaceae];g__	-0.0521102164922	0.00326811426577	-0.00109608958395	-0.0193410734386	0.0161729926935	-0.00925236823767	-0.00286405391161	-0.000483710118425	0.00145952073147	-0.000612777328347	1.10977074307e-05	5.15055554516e-05	1.90928383095e-05	-3.04410785414e-05	-1.55656974685e-06	-8.93756759695e-05	-8.18443603766e-05	-5.00521267003e-05	-2.31528680892e-05	7.86508543526e-06	-3.47746365042e-05	1.76856907443e-05	-2.19046582589e-06	2.68945528094e-07	3.59601956738e-06	1.17094680527e-07	-6.45212399981e-13	4.58220908438e-10	-3.74982038258e-10	-8.00328782136e-10	4.48268631267e-10
HMPMockV1.2.Staggered2;k__Bacteria;p__Actinobacteria;c__Thermoleophilia;o__Solirubrobacterales;f__Patulibacteraceae;g__	-0.0521102164922	0.00326811426577	-0.00109608958395	-0.0193410734386	0.0161729926935	-0.00925236823767	-0.00286405391161	-0.000483710118425	0.00145952073147	-0.000612777328347	1.10977074307e-05	5.15055554516e-05	1.90928383095e-05	-3.04410785414e-05	-1.55656974685e-06	-8.93756759695e-05	-8.18443603766e-05	-5.00521267003e-05	-2.31528680892e-05	7.86508543526e-06	-3.47746365042e-05	1.76856907443e-05	-2.19046582589e-06	2.68945528094e-07	3.59601956738e-06	1.17094680527e-07	-6.45212399981e-13	4.58220908438e-10	-3.74982038258e-10	-8.00328782136e-10	4.48268631267e-10
HMPMockV1.2.Staggered2;k__Bacteria;p__Proteobacteria;c__Gammaproteobacteria;o__Oceanospirillales;f__Oceanospirillaceae;g__Marinomonas	-0.0521102164922	0.00326811426577	-0.00109608958395	-0.0193410734386	0.0161729926935	-0.00925236823767	-0.00286405391161	-0.000483710118425	0.00145952073147	-0.000612777328347	1.10977074307e-05	5.15055554516e-05	1.90928383095e-05	-3.04410785414e-05	-1.55656974685e-06	-8.93756759695e-05	-8.18443603766e-05	-5.00521267003e-05	-2.31528680892e-05	7.86508543526e-06	-3.47746365042e-05	1.76856907443e-05	-2.19046582589e-06	2.68945528094e-07	3.59601956738e-06	1.17094680527e-07	-6.45212399981e-13	4.58220908438e-10	-3.74982038258e-10	-8.00328782136e-10	4.48268631267e-10
HMPMockV1.2.Staggered2;k__Archaea;p__Euryarchaeota;c__Thermoplasmata;o__E2;f__20c-4;g__	-0.0521102164922	0.00326811426577	-0.00109608958395	-0.0193410734386	0.0161729926935	-0.00925236823767	-0.00286405391161	-0.000483710118425	0.00145952073147	-0.000612777328347	1.10977074307e-05	5.15055554516e-05	1.90928383095e-05	-3.04410785414e-05	-1.55656974685e-06	-8.93756759695e-05	-8.18443603766e-05	-5.00521267003e-05	-2.31528680892e-05	7.86508543526e-06	-3.47746365042e-05	1.76856907443e-05	-2.19046582589e-06	2.68945528094e-07	3.59601956738e-06	1.17094680527e-07	-6.45212399981e-13	4.58220908438e-10	-3.74982038258e-10	-8.00328782136e-10	4.48268631267e-10
HMPMockV1.2.Staggered2;k__Bacteria;p__Firmicutes;c__Clostridia;o__Clostridiales;f__Clostridiaceae;g__02d06	-0.0521102164922	0.00326811426577	-0.00109608958395	-0.0193410734386	0.0161729926935	-0.00925236823767	-0.00286405391161	-0.000483710118425	0.00145952073147	-0.000612777328347	1.10977074307e-05	5.15055554516e-05	1.90928383095e-05	-3.04410785414e-05	-1.55656974685e-06	-8.93756759695e-05	-8.18443603766e-05	-5.00521267003e-05	-2.31528680892e-05	7.86508543526e-06	-3.47746365042e-05	1.76856907443e-05	-2.19046582589e-06	2.68945528094e-07	3.59601956738e-06	1.17094680527e-07	-6.45212399981e-13	4.58220908438e-10	-3.74982038258e-10	-8.00328782136e-10	4.48268631267e-10
HMPMockV1.2.Staggered2;k__Bacteria;p__NKB19;c__;o__;f__;g__	-0.0521102164922	0.00326811426577	-0.00109608958395	-0.0193410734386	0.0161729926935	-0.00925236823767	-0.00286405391161	-0.000483710118425	0.00145952073147	-0.000612777328347	1.10977074307e-05	5.15055554516e-05	1.90928383095e-05	-3.04410785414e-05	-1.55656974685e-06	-8.93756759695e-05	-8.18443603766e-05	-5.00521267003e-05	-2.31528680892e-05	7.86508543526e-06	-3.47746365042e-05	1.76856907443e-05	-2.19046582589e-06	2.68945528094e-07	3.59601956738e-06	1.17094680527e-07	-6.45212399981e-13	4.58220908438e-10	-3.74982038258e-10	-8.00328782136e-10	4.48268631267e-10
HMPMockV1.2.Staggered2;k__Bacteria;p__Proteobacteria;c__Gammaproteobacteria;o__Oceanospirillales;f__Oceanospirillaceae;g__	-0.0521102164922	0.00326811426577	-0.00109608958395	-0.0193410734386	0.0161729926935	-0.00925236823767	-0.00286405391161	-0.000483710118425	0.00145952073147	-0.000612777328347	1.10977074307e-05	5.15055554516e-05	1.90928383095e-05	-3.04410785414e-05	-1.55656974685e-06	-8.93756759695e-05	-8.18443603766e-05	-5.00521267003e-05	-2.31528680892e-05	7.86508543526e-06	-3.47746365042e-05	1.76856907443e-05	-2.19046582589e-06	2.68945528094e-07	3.59601956738e-06	1.17094680527e-07	-6.45212399981e-13	4.58220908438e-10	-3.74982038258e-10	-8.00328782136e-10	4.48268631267e-10
HMPMockV1.2.Staggered2;k__Bacteria;p__Verrucomicrobia;c__Verruco-5;o__WCHB1-41;f__RFP12;g__	-0.0521102164922	0.00326811426577	-0.00109608958395	-0.0193410734386	0.0161729926935	-0.00925236823767	-0.00286405391161	-0.000483710118425	0.00145952073147	-0.000612777328347	1.10977074307e-05	5.15055554516e-05	1.90928383095e-05	-3.04410785414e-05	-1.55656974685e-06	-8.93756759695e-05	-8.18443603766e-05	-5.00521267003e-05	-2.31528680892e-05	7.86508543526e-06	-3.47746365042e-05	1.76856907443e-05	-2.19046582589e-06	2.68945528094e-07	3.59601956738e-06	1.17094680527e-07	-6.45212399981e-13	4.58220908438e-10	-3.74982038258e-10	-8.00328782136e-10	4.48268631267e-10
HMPMockV1.2.Staggered2;k__Bacteria;p__Firmicutes;c__Clostridia;o__Clostridiales;f__Peptostreptococcaceae;g__	-0.0521102164922	0.00326811426577	-0.00109608958395	-0.0193410734386	0.0161729926935	-0.00925236823767	-0.00286405391161	-0.000483710118425	0.00145952073147	-0.000612777328347	1.10977074307e-05	5.15055554516e-05	1.90928383095e-05	-3.04410785414e-05	-1.55656974685e-06	-8.93756759695e-05	-8.18443603766e-05	-5.00521267003e-05	-2.31528680892e-05	7.86508543526e-06	-3.47746365042e-05	1.76856907443e-05	-2.19046582589e-06	2.68945528094e-07	3.59601956738e-06	1.17094680527e-07	-6.45212399981e-13	4.58220908438e-10	-3.74982038258e-10	-8.00328782136e-10	4.48268631267e-10
HMPMockV1.2.Staggered2;k__Bacteria;p__Proteobacteria;c__Alphaproteobacteria;o__Rhizobiales;f__Rhizobiaceae;g__Sinorhizobium	-0.0521102164922	0.00326811426577	-0.00109608958395	-0.0193410734386	0.0161729926935	-0.00925236823767	-0.00286405391161	-0.000483710118425	0.00145952073147	-0.000612777328347	1.10977074307e-05	5.15055554516e-05	1.90928383095e-05	-3.04410785414e-05	-1.55656974685e-06	-8.93756759695e-05	-8.18443603766e-05	-5.00521267003e-05	-2.31528680892e-05	7.86508543526e-06	-3.47746365042e-05	1.76856907443e-05	-2.19046582589e-06	2.68945528094e-07	3.59601956738e-06	1.17094680527e-07	-6.45212399981e-13	4.58220908438e-10	-3.74982038258e-10	-8.00328782136e-10	4.48268631267e-10
HMPMockV1.2.Staggered2;k__Bacteria;p__Bacteroidetes;c__Bacteroidia;o__Bacteroidales;f__Porphyromonadaceae;g__Porphyromonas	-0.0521102164922	0.00326811426577	-0.00109608958395	-0.0193410734386	0.0161729926935	-0.00925236823767	-0.00286405391161	-0.000483710118425	0.00145952073147	-0.000612777328347	1.10977074307e-05	5.15055554516e-05	1.90928383095e-05	-3.04410785414e-05	-1.55656974685e-06	-8.93756759695e-05	-8.18443603766e-05	-5.00521267003e-05	-2.31528680892e-05	7.86508543526e-06	-3.47746365042e-05	1.76856907443e-05	-2.19046582589e-06	2.68945528094e-07	3.59601956738e-06	1.17094680527e-07	-6.45212399981e-13	4.58220908438e-10	-3.74982038258e-10	-8.00328782136e-10	4.48268631267e-10
HMPMockV1.2.Staggered2;k__Bacteria;p__Chloroflexi;c__Dehalococcoidetes;o__Dehalococcoidales;f__;g__	-0.0521102164922	0.00326811426577	-0.00109608958395	-0.0193410734386	0.0161729926935	-0.00925236823767	-0.00286405391161	-0.000483710118425	0.00145952073147	-0.000612777328347	1.10977074307e-05	5.15055554516e-05	1.90928383095e-05	-3.04410785414e-05	-1.55656974685e-06	-8.93756759695e-05	-8.18443603766e-05	-5.00521267003e-05	-2.31528680892e-05	7.86508543526e-06	-3.47746365042e-05	1.76856907443e-05	-2.19046582589e-06	2.68945528094e-07	3.59601956738e-06	1.17094680527e-07	-6.45212399981e-13	4.58220908438e-10	-3.74982038258e-10	-8.00328782136e-10	4.48268631267e-10
HMPMockV1.2.Staggered2;k__Bacteria;p__[Thermi];c__Deinococci;o__Deinococcales;f__Deinococcaceae;g__CM44	-0.0521102164922	0.00326811426577	-0.00109608958395	-0.0193410734386	0.0161729926935	-0.00925236823767	-0.00286405391161	-0.000483710118425	0.00145952073147	-0.000612777328347	1.10977074307e-05	5.15055554516e-05	1.90928383095e-05	-3.04410785414e-05	-1.55656974685e-06	-8.93756759695e-05	-8.18443603766e-05	-5.00521267003e-05	-2.31528680892e-05	7.86508543526e-06	-3.47746365042e-05	1.76856907443e-05	-2.19046582589e-06	2.68945528094e-07	3.59601956738e-06	1.17094680527e-07	-6.45212399981e-13	4.58220908438e-10	-3.74982038258e-10	-8.00328782136e-10	4.48268631267e-10
HMPMockV1.2.Staggered2;k__Bacteria;p__Proteobacteria;c__Deltaproteobacteria;o__Desulfobacterales;Other;Other	-0.0412436459026	-0.0120816894504	0.0103438447587	0.00582431630963	0.00314661161648	0.00937451050953	-0.00271669945303	0.000440057404604	-0.00115824351419	0.000190272748493	-0.000227541696758	-8.91965735238e-05	-0.000296493590322	-0.000330009130173	0.000206095951565	-2.71928774261e-05	-0.000154414838794	1.81101807617e-05	2.80604829926e-05	7.7847856755e-06	8.694303525e-05	3.02407778988e-05	-2.06545024135e-05	-3.15626299622e-06	-1.03101273343e-05	-1.7602813085e-07	-1.1124030347e-10	4.58220344401e-10	-3.74982069123e-10	-8.00328906356e-10	4.48268635542e-10
HMPMockV1.2.Staggered2;k__Bacteria;p__Proteobacteria;c__Gammaproteobacteria;o__Alteromonadales;f__Alteromonadaceae;Other	-0.0423584825779	-0.0132049741161	0.0108039894334	0.0050419291984	0.00492980048377	0.00987678070404	-0.00369456721686	0.00688881625223	-0.00166157259873	0.000141903376164	8.37858965011e-05	0.000234015129877	0.000238142492756	0.000182686098988	-8.54756393464e-05	8.38601084481e-05	-3.55722485808e-06	-4.71995642792e-05	-0.000109229745732	-0.000142263686327	-2.20543564786e-05	3.53905893322e-06	7.05687913124e-05	4.7507476735e-05	-1.17742597293e-05	1.34268265027e-07	-8.77304832291e-10	4.58216452954e-10	-3.74982282095e-10	-8.00329777916e-10	4.48268673708e-10
HMPMockV1.1.Even1;k__Archaea;Other;Other;Other;Other;Other	0.406814636418	0.290305285663	-0.00158395710717	0.0141663454165	0.00649873709958	-0.00421852888479	-0.00437806381135	3.94128422371e-05	0.000205176954569	9.64618087595e-05	1.66200339522e-05	-5.73679727214e-06	-1.55058894275e-06	-3.36379968647e-07	9.28402932663e-07	2.10893841415e-07	-7.39526484331e-08	-2.13379042899e-07	1.73758554736e-09	-1.02379890347e-07	1.19827515254e-08	1.76908314423e-08	-8.868248315e-08	-1.27586645857e-08	1.15449068585e-08	-9.67438477008e-11	2.60981490627e-12	4.58220924491e-10	-3.74982037402e-10	-8.00328777955e-10	4.48268630742e-10
HMPMockV1.1.Even1;k__Bacteria;p__Firmicutes;c__Bacilli;o__Bacillales;f__Paenibacillaceae;Other	-0.0421317260654	-0.0129706092733	0.010641863961	0.0052290268441	0.00459871214726	0.00987793865314	-0.00336887325392	0.00595507163501	-0.00138464580406	0.000193476920996	-0.000272073967624	0.000326656516439	-0.000273986058536	-0.000335545026648	0.000215947394385	-8.68290488706e-05	-3.85132909584e-06	-4.10777021117e-05	-2.53141443662e-05	1.09384381458e-05	2.14249639778e-05	-9.36237212826e-05	-1.06398867754e-05	4.55597736077e-05	3.5203112185e-05	-5.38447610102e-07	-4.53696173796e-10	4.58218605457e-10	-3.7498216375e-10	-8.00329293188e-10	4.48268650898e-10
HMPMockV1.1.Even1;k__Bacteria;p__Proteobacteria;c__Deltaproteobacteria;o__Desulfobacterales;Other;Other	-0.0422442486318	-0.013082225402	0.0107250513227	0.0051436353194	0.00475516533644	0.00984124495264	-0.00350200459628	0.00644890912856	-0.00152288123856	0.000165370711058	-6.952669914e-05	0.000267958831911	-8.23214067812e-06	-6.38716148654e-05	5.79983727387e-05	2.21271382512e-05	1.08195210643e-05	-1.77833363323e-05	-5.85361912796e-05	-3.57954409206e-05	2.41265531862e-06	3.93992120123e-05	-1.08527130782e-05	6.40742861211e-05	-4.1856799082e-05	1.83404493301e-07	-1.53609460625e-09	4.58213103781e-10	-3.7498246551e-10	-8.00330526212e-10	4.48268705488e-10
HMPMockV1.1.Even1;k__Bacteria;p__Bacteroidetes;c__Bacteroidia;o__Bacteroidales;f__Porphyromonadaceae;g__Porphyromonas	-0.100618408387	-0.0673490952521	0.0230712674689	0.022802044014	-0.0388105734516	-0.0302725072135	-0.0241090745537	0.00102979681265	-0.00155346424567	-0.00140164196802	-8.88324246413e-05	-0.00014695727866	2.07346142791e-05	-2.63201505889e-05	5.94807676824e-07	-2.6388335553e-06	2.56229862593e-07	-5.87566160924e-06	8.71802787525e-07	-5.47013855161e-07	1.3591272905e-06	-1.86079092402e-07	-3.50909747483e-07	2.9118453832e-08	-4.0195718981e-08	-6.06591645275e-09	6.97198447324e-13	4.58220914746e-10	-3.74982037934e-10	-8.00328780098e-10	4.48268630815e-10
HMPMockV1.1.Even1;k__Bacteria;p__Proteobacteria;c__Gammaproteobacteria;o__Xanthomonadales;f__Xanthomonadaceae;Other	0.166650499179	0.105839702244	0.0194632298893	0.00214377347818	0.00134037810794	-0.00333193969937	0.00279378230384	0.00190575469327	-0.00197857020397	0.00363825187428	-1.13394940339e-05	0.000277791731918	-0.000237281628773	-0.000148652516824	0.000139657518526	-6.88740542258e-05	-1.18189505554e-05	-2.07615810358e-06	1.0807011482e-07	1.70842601892e-05	1.62013619306e-05	-4.85639894464e-05	-5.03707724365e-06	4.6161327019e-06	2.17116581475e-05	-2.79402165853e-07	1.30077265559e-10	4.58221572322e-10	-3.74982001701e-10	-8.0032863171e-10	4.48268623641e-10
HMPMockV1.1.Even1;k__Bacteria;p__Proteobacteria;c__Alphaproteobacteria;o__Rickettsiales;f__Rickettsiaceae;g__Rickettsia	-0.0422876167502	-0.0131283775026	0.0107406293343	0.00510125368607	0.00482494708889	0.00989948686278	-0.00358261016628	0.00648034101607	-0.00156959834728	0.000137272180449	-8.89955468948e-05	0.000191664653137	-1.97425982873e-05	-2.48541835147e-05	7.58033896303e-06	5.66345755763e-06	1.65086626238e-05	-3.55087018997e-07	2.29892342061e-06	3.85556249969e-05	-6.7265552405e-06	-4.15295100252e-05	-2.79495808815e-05	3.15915241928e-05	1.87976005259e-05	4.74994869569e-06	9.66796898345e-11	4.58221416539e-10	-3.74982009882e-10	-8.00328690807e-10	4.48268641714e-10
HMPMockV1.1.Even1;k__Bacteria;p__Proteobacteria;c__Betaproteobacteria;o__Burkholderiales;Other;Other	-0.0422438630094	-0.0130871326368	0.0107228318923	0.00513814265938	0.00476358965427	0.00989221187321	-0.00354055735965	0.0064169641437	-0.00151940299417	0.00016424146245	-9.28404501973e-05	0.00029508107094	-9.94422325869e-06	-7.99350603507e-05	6.76090277718e-05	-1.25158359055e-05	-1.56907095537e-05	-5.19219120927e-05	-6.91821350125e-05	-9.12211197681e-05	6.65738365219e-06	-4.69730290458e-05	5.36652964531e-05	2.65501511503e-05	1.60645333693e-05	-1.96426923273e-07	-2.63097824347e-10	4.58219574365e-10	-3.74982111046e-10	-8.00329078689e-10	4.48268642958e-10
HMPMockV1.1.Even1;k__Bacteria;p__Actinobacteria;c__Actinobacteria;o__Actinomycetales;f__Microbacteriaceae;g__Microbacterium	-0.0417854573533	-0.0133414967253	0.0107575237295	0.00474700569039	0.00335539354214	0.00126942111777	0.00202457880641	0.00476003605089	-0.00267429028642	0.00367841021824	0.000227639859901	0.000146954568539	9.48038034814e-05	0.000274473667053	-0.000154208401634	5.31709590607e-05	2.12375996093e-05	6.57727654069e-05	5.91746100833e-05	8.68640152526e-05	-3.25764523325e-05	1.11046152114e-05	-4.39280687266e-05	-1.91368133739e-05	8.67072255137e-06	7.42408305994e-08	4.1026256051e-10	4.58222996748e-10	-3.74981924025e-10	-8.00328315322e-10	4.48268611308e-10
HMPMockV1.1.Even1;k__Bacteria;p__Proteobacteria;c__Deltaproteobacteria;o__Desulfuromonadales;Other;Other	-0.0414710124254	-0.0130193231428	0.0105618596911	0.00501465861482	0.00289284688662	0.00121243703563	0.00246848926924	0.0037289334851	-0.00229857138877	0.00378285610896	-0.000111919743809	0.000426788529129	-0.000391406797193	-0.000339910426859	0.000259278420203	-0.000124434020703	-2.26264255326e-05	-3.61638102346e-06	1.05231633658e-05	2.50814001575e-05	4.71235885385e-05	-1.53433187375e-05	-1.54826575374e-05	-2.94873505401e-06	-3.58510780056e-06	-1.73617524947e-07	-1.69648942473e-11	4.58220824214e-10	-3.74982042856e-10	-8.00328799321e-10	4.48268631043e-10
HMPMockV1.1.Even2;k__Bacteria;p__Actinobacteria;Other;Other;Other;Other	0.374231972684	0.224878722269	0.0283673642505	-0.000390889138458	0.00130704848791	0.000784369581567	-0.00253577598418	0.00187336301297	-0.000589046178955	-9.01027385681e-05	-0.000193742593157	0.000116583247824	-0.000166521694577	-0.00020280425581	0.000123621274472	-6.34716232745e-05	-7.27478177346e-06	-1.72504864994e-05	4.68912251876e-06	1.6266356236e-05	1.814923369e-05	-4.84515068541e-05	-5.33359709487e-06	4.87134636069e-06	2.17183615554e-05	-2.89904126111e-07	1.21816322787e-10	4.58221530293e-10	-3.74982003993e-10	-8.00328641036e-10	4.48268624007e-10
HMPMockV1.1.Even2;k__Bacteria;p__Firmicutes;c__Clostridia;o__Clostridiales;f__Peptococcaceae;Other	-0.0414558805475	-0.0122759126229	0.0105484106398	0.0056622981464	0.00319671065207	0.0100339448233	-0.00360384603243	-0.00689620753618	-0.00215963314199	0.000294461606409	0.000674534479303	-0.00254737149023	-7.83814097597e-06	0.000118039922842	0.000122122762807	-0.000191743833249	-6.09115878803e-06	7.28434202004e-05	-3.41532231625e-05	4.46974300003e-05	-0.000124254869358	-0.000148316567281	2.03547031268e-05	-1.11524377696e-05	-4.63547917899e-05	4.25817630289e-07	1.04184828359e-10	4.58221442078e-10	-3.74982009933e-10	-8.00328665594e-10	4.48268627709e-10
HMPMockV1.1.Even2;k__Bacteria;p__Proteobacteria;c__Betaproteobacteria;o__Methylophilales;f__;g__	-0.100618408387	-0.0673490952521	0.0230712674689	0.022802044014	-0.0388105734516	-0.0302725072135	-0.0241090745537	0.00102979681265	-0.00155346424567	-0.00140164196802	-8.88324246413e-05	-0.00014695727866	2.07346142791e-05	-2.63201505889e-05	5.94807676824e-07	-2.6388335553e-06	2.56229862593e-07	-5.87566160924e-06	8.71802787525e-07	-5.47013855161e-07	1.3591272905e-06	-1.86079092402e-07	-3.50909747483e-07	2.9118453832e-08	-4.0195718981e-08	-6.06591645275e-09	6.97198447324e-13	4.58220914746e-10	-3.74982037934e-10	-8.00328780098e-10	4.48268630815e-10
HMPMockV1.1.Even2;k__Bacteria;p__Proteobacteria;c__Betaproteobacteria;o__Thiobacterales;f__;g__	-0.100618408387	-0.0673490952521	0.0230712674689	0.022802044014	-0.0388105734516	-0.0302725072135	-0.0241090745537	0.00102979681265	-0.00155346424567	-0.00140164196802	-8.88324246413e-05	-0.00014695727866	2.07346142791e-05	-2.63201505889e-05	5.94807676824e-07	-2.6388335553e-06	2.56229862593e-07	-5.87566160924e-06	8.71802787525e-07	-5.47013855161e-07	1.3591272905e-06	-1.86079092402e-07	-3.50909747483e-07	2.9118453832e-08	-4.0195718981e-08	-6.06591645275e-09	6.97198447324e-13	4.58220914746e-10	-3.74982037934e-10	-8.00328780098e-10	4.48268630815e-10
HMPMockV1.1.Even2;k__Bacteria;p__Bacteroidetes;c__Bacteroidia;o__Bacteroidales;f__Bacteroidaceae;g__	-0.100618408387	-0.0673490952521	0.0230712674689	0.022802044014	-0.0388105734516	-0.0302725072135	-0.0241090745537	0.00102979681265	-0.00155346424567	-0.00140164196802	-8.88324246413e-05	-0.00014695727866	2.07346142791e-05	-2.63201505889e-05	5.94807676824e-07	-2.6388335553e-06	2.56229862593e-07	-5.87566160924e-06	8.71802787525e-07	-5.47013855161e-07	1.3591272905e-06	-1.86079092402e-07	-3.50909747483e-07	2.9118453832e-08	-4.0195718981e-08	-6.06591645275e-09	6.97198447324e-13	4.58220914746e-10	-3.74982037934e-10	-8.00328780098e-10	4.48268630815e-10
HMPMockV1.1.Even2;k__Bacteria;p__Firmicutes;c__Bacilli;o__Lactobacillales;f__Aerococcaceae;g__Aerococcus	-0.100618408387	-0.0673490952521	0.0230712674689	0.022802044014	-0.0388105734516	-0.0302725072135	-0.0241090745537	0.00102979681265	-0.00155346424567	-0.00140164196802	-8.88324246413e-05	-0.00014695727866	2.07346142791e-05	-2.63201505889e-05	5.94807676824e-07	-2.6388335553e-06	2.56229862593e-07	-5.87566160924e-06	8.71802787525e-07	-5.47013855161e-07	1.3591272905e-06	-1.86079092402e-07	-3.50909747483e-07	2.9118453832e-08	-4.0195718981e-08	-6.06591645275e-09	6.97198447324e-13	4.58220914746e-10	-3.74982037934e-10	-8.00328780098e-10	4.48268630815e-10
HMPMockV1.1.Even2;k__Bacteria;p__Firmicutes;c__Clostridia;o__Clostridiales;f__Syntrophomonadaceae;g__Syntrophomonas	-0.100618408387	-0.0673490952521	0.0230712674689	0.022802044014	-0.0388105734516	-0.0302725072135	-0.0241090745537	0.00102979681265	-0.00155346424567	-0.00140164196802	-8.88324246413e-05	-0.00014695727866	2.07346142791e-05	-2.63201505889e-05	5.94807676824e-07	-2.6388335553e-06	2.56229862593e-07	-5.87566160924e-06	8.71802787525e-07	-5.47013855161e-07	1.3591272905e-06	-1.86079092402e-07	-3.50909747483e-07	2.9118453832e-08	-4.0195718981e-08	-6.06591645275e-09	6.97198447324e-13	4.58220914746e-10	-3.74982037934e-10	-8.00328780098e-10	4.48268630815e-10
HMPMockV1.1.Even2;k__Bacteria;p__Proteobacteria;c__Epsilonproteobacteria;o__Nautiliales;f__Nautiliaceae;g__	-0.100618408387	-0.0673490952521	0.0230712674689	0.022802044014	-0.0388105734516	-0.0302725072135	-0.0241090745537	0.00102979681265	-0.00155346424567	-0.00140164196802	-8.88324246413e-05	-0.00014695727866	2.07346142791e-05	-2.63201505889e-05	5.94807676824e-07	-2.6388335553e-06	2.56229862593e-07	-5.87566160924e-06	8.71802787525e-07	-5.47013855161e-07	1.3591272905e-06	-1.86079092402e-07	-3.50909747483e-07	2.9118453832e-08	-4.0195718981e-08	-6.06591645275e-09	6.97198447324e-13	4.58220914746e-10	-3.74982037934e-10	-8.00328780098e-10	4.48268630815e-10
HMPMockV1.1.Even2;k__Bacteria;p__Proteobacteria;c__Deltaproteobacteria;o__Syntrophobacterales;f__Syntrophaceae;g__Smithella	-0.0424403500544	-0.0132845803315	0.0108392734056	0.00498018977034	0.00504950117873	0.00995821678781	-0.00381841657466	0.00699322018606	-0.00174531190999	7.29168482373e-05	9.73173139625e-05	9.34265557317e-05	0.000253824422875	0.000277374530146	-0.000195284331222	7.02620765786e-05	6.5907637802e-06	2.35336255928e-05	2.44322962675e-05	3.54253700344e-07	-2.76594057137e-05	9.54296436891e-06	1.49009134269e-05	-3.30215398465e-05	1.12881457931e-05	1.1755590834e-07	7.12547892541e-10	4.58224533204e-10	-3.74981839997e-10	-8.00327972395e-10	4.48268596967e-10
HMPMockV1.1.Even2;k__Bacteria;p__Firmicutes;c__Bacilli;o__Lactobacillales;f__Carnobacteriaceae;g__	-0.0424403500544	-0.0132845803315	0.0108392734056	0.00498018977034	0.00504950117873	0.00995821678781	-0.00381841657466	0.00699322018606	-0.00174531190999	7.29168482373e-05	9.73173139625e-05	9.34265557317e-05	0.000253824422875	0.000277374530146	-0.000195284331222	7.02620765786e-05	6.5907637802e-06	2.35336255928e-05	2.44322962675e-05	3.54253700344e-07	-2.76594057137e-05	9.54296436891e-06	1.49009134269e-05	-3.30215398465e-05	1.12881457931e-05	1.1755590834e-07	7.12547892541e-10	4.58224533204e-10	-3.74981839997e-10	-8.00327972395e-10	4.48268596967e-10
HMPMockV1.1.Even2;k__Bacteria;p__Proteobacteria;c__Epsilonproteobacteria;o__Campylobacterales;f__Campylobacteraceae;g__Campylobacter	-0.0618621872925	-0.031333609297	0.0149285082914	0.010896231085	-0.00952962347452	-0.00344715747663	-0.0106099966672	0.00504768340608	-0.00171483510314	-0.000436425237296	3.78224955359e-05	-5.56821187876e-05	0.000169388790603	0.000212964175068	-0.000170153907593	5.79761444523e-05	2.58415642189e-05	4.89831781621e-05	6.39980973856e-05	8.59308880406e-05	-3.03130309779e-05	1.11972985004e-05	-4.42902532033e-05	-1.88724482421e-05	8.67433975094e-06	6.22837239505e-08	4.01611218076e-10	4.58222952729e-10	-3.74981926426e-10	-8.00328325084e-10	4.48268611687e-10
HMPMockV1.2.Staggered2;k__Bacteria;p__Proteobacteria;c__Gammaproteobacteria;o__Thiotrichales;Other;Other	-0.0423622065146	-0.0132069512898	0.0108042738479	0.00503393528401	0.00493180046749	0.00983222412018	-0.00366805584409	0.00690375565199	-0.0016726912204	0.000152249434554	7.98751404095e-05	0.000189779386529	0.000214209813862	0.00019320288855	-9.25950901049e-05	0.000116954205531	3.24020728722e-05	-2.38497275874e-05	-0.000103499175842	-6.55881992939e-05	-4.29705961863e-05	9.33115254659e-06	-5.3374124127e-07	0.000107457898798	-2.48245811539e-05	1.17280017235e-07	-2.08451286838e-09	4.58210317476e-10	-3.74982617727e-10	-8.00331148507e-10	4.48268731743e-10
HMPMockV1.2.Staggered2;k__Bacteria;p__Proteobacteria;c__Alphaproteobacteria;o__Rhizobiales;f__Rhizobiaceae;Other	-0.100618408387	-0.0673490952521	0.0230712674689	0.022802044014	-0.0388105734516	-0.0302725072135	-0.0241090745537	0.00102979681265	-0.00155346424567	-0.00140164196802	-8.88324246413e-05	-0.00014695727866	2.07346142791e-05	-2.63201505889e-05	5.94807676824e-07	-2.6388335553e-06	2.56229862593e-07	-5.87566160924e-06	8.71802787525e-07	-5.47013855161e-07	1.3591272905e-06	-1.86079092402e-07	-3.50909747483e-07	2.9118453832e-08	-4.0195718981e-08	-6.06591645275e-09	6.97198447324e-13	4.58220914746e-10	-3.74982037934e-10	-8.00328780098e-10	4.48268630815e-10
HMPMockV1.2.Staggered2;k__Bacteria;p__Proteobacteria;c__Gammaproteobacteria;o__Xanthomonadales;f__Sinobacteraceae;g__Hydrocarboniphaga	-0.0424208141695	-0.0132651730711	0.0108305235162	0.00499362614875	0.00502007600092	0.0099267186209	-0.00378082639202	0.00697085405254	-0.00172715673759	9.27499948165e-05	9.29567705743e-05	0.000117514763431	0.000243920770622	0.000256331619747	-0.000169612020943	8.19351088167e-05	1.30435910532e-05	1.16877872978e-05	-7.5505717599e-06	-1.61313595482e-05	-3.14872033319e-05	9.49001141333e-06	1.10422497598e-05	2.0983198146e-06	2.25996405638e-06	1.17486935564e-07	1.32827023111e-11	4.58220979272e-10	-3.7498203443e-10	-8.00328766423e-10	4.48268630661e-10
HMPMockV1.2.Staggered2;k__Bacteria;p__Caldiserica;c__OP5;o__;f__;g__	-0.0424208141695	-0.0132651730711	0.0108305235162	0.00499362614875	0.00502007600092	0.0099267186209	-0.00378082639202	0.00697085405254	-0.00172715673759	9.27499948165e-05	9.29567705743e-05	0.000117514763431	0.000243920770622	0.000256331619747	-0.000169612020943	8.19351088167e-05	1.30435910532e-05	1.16877872978e-05	-7.5505717599e-06	-1.61313595482e-05	-3.14872033319e-05	9.49001141333e-06	1.10422497598e-05	2.0983198146e-06	2.25996405638e-06	1.17486935564e-07	1.32827023111e-11	4.58220979272e-10	-3.7498203443e-10	-8.00328766423e-10	4.48268630661e-10
HMPMockV1.2.Staggered2;k__Bacteria;p__Proteobacteria;c__Alphaproteobacteria;o__Sphingomonadales;f__Sphingomonadaceae;g__Novosphingobium	-0.0424208141695	-0.0132651730711	0.0108305235162	0.00499362614875	0.00502007600092	0.0099267186209	-0.00378082639202	0.00697085405254	-0.00172715673759	9.27499948165e-05	9.29567705743e-05	0.000117514763431	0.000243920770622	0.000256331619747	-0.000169612020943	8.19351088167e-05	1.30435910532e-05	1.16877872978e-05	-7.5505717599e-06	-1.61313595482e-05	-3.14872033319e-05	9.49001141333e-06	1.10422497598e-05	2.0983198146e-06	2.25996405638e-06	1.17486935564e-07	1.32827023111e-11	4.58220979272e-10	-3.7498203443e-10	-8.00328766423e-10	4.48268630661e-10
HMPMockV1.2.Staggered2;k__Bacteria;p__Proteobacteria;c__Deltaproteobacteria;o__Desulfobacterales;f__Desulfobulbaceae;g__Desulfobulbus	-0.0424208141695	-0.0132651730711	0.0108305235162	0.00499362614875	0.00502007600092	0.0099267186209	-0.00378082639202	0.00697085405254	-0.00172715673759	9.27499948165e-05	9.29567705743e-05	0.000117514763431	0.000243920770622	0.000256331619747	-0.000169612020943	8.19351088167e-05	1.30435910532e-05	1.16877872978e-05	-7.5505717599e-06	-1.61313595482e-05	-3.14872033319e-05	9.49001141333e-06	1.10422497598e-05	2.0983198146e-06	2.25996405638e-06	1.17486935564e-07	1.32827023111e-11	4.58220979272e-10	-3.7498203443e-10	-8.00328766423e-10	4.48268630661e-10
HMPMockV1.2.Staggered2;k__Bacteria;p__Firmicutes;c__Bacilli;o__Lactobacillales;f__Leuconostocaceae;g__Weissella	-0.0424208141695	-0.0132651730711	0.0108305235162	0.00499362614875	0.00502007600092	0.0099267186209	-0.00378082639202	0.00697085405254	-0.00172715673759	9.27499948165e-05	9.29567705743e-05	0.000117514763431	0.000243920770622	0.000256331619747	-0.000169612020943	8.19351088167e-05	1.30435910532e-05	1.16877872978e-05	-7.5505717599e-06	-1.61313595482e-05	-3.14872033319e-05	9.49001141333e-06	1.10422497598e-05	2.0983198146e-06	2.25996405638e-06	1.17486935564e-07	1.32827023111e-11	4.58220979272e-10	-3.7498203443e-10	-8.00328766423e-10	4.48268630661e-10
HMPMockV1.2.Staggered2;k__Bacteria;p__Firmicutes;c__Bacilli;o__Bacillales;f__Paenibacillaceae;Other	-0.0422667557212	-0.0131096996733	0.0107443236768	0.00513119890003	0.00479557414972	0.00992253333927	-0.00359322623218	0.00653460938486	-0.00153948631839	0.000142691532451	-2.48435715811e-05	0.000331355989342	9.22521208819e-05	-1.93219694416e-05	3.36989772003e-05	-1.62175269596e-05	-5.12085242281e-05	-6.30808779432e-05	-8.05217559639e-05	-0.0001870101687	3.02847918945e-05	2.10220216209e-05	0.000125044278419	-3.74868520779e-05	-1.31293919289e-05	1.98726338895e-07	5.90315895887e-10	4.58223911226e-10	-3.74981874255e-10	-8.00328111928e-10	4.48268603236e-10
HMPMockV1.2.Staggered2;k__Bacteria;p__Proteobacteria;c__Alphaproteobacteria;o__Caulobacterales;Other;Other	0.319043853654	0.263585777227	-0.0210112940944	0.0228743281346	0.00987586128025	-0.00444087153346	-0.00547008421861	2.4279410252e-05	0.0004393942921	0.00026579243312	5.82248653863e-05	2.7311385719e-06	-6.95561116441e-06	1.61887584349e-06	1.23130770165e-06	7.39889200363e-07	-1.49350162487e-07	1.9487396681e-07	-6.96426678565e-08	-5.28977961745e-08	-1.88265125323e-07	8.9876838561e-08	-5.60657891848e-08	-1.99700142544e-08	3.27859072642e-08	7.05122869455e-10	2.98052364227e-12	4.58220926379e-10	-3.74982037299e-10	-8.00328777537e-10	4.48268630726e-10
HMPMockV1.2.Staggered2;k__Bacteria;p__Proteobacteria;c__Alphaproteobacteria;o__Rickettsiales;f__Anaplasmataceae;g__Candidatus Neoehrlichia	-0.042423182205	-0.0132663471214	0.0108306144928	0.00498859421703	0.00502133663976	0.00989883233436	-0.00376427427001	0.00698014671085	-0.00173408597297	9.88629385652e-05	9.05309404778e-05	8.99494390082e-05	0.000229428099936	0.000262678216851	-0.00017373880987	0.000102855524372	3.57520089756e-05	2.43132141584e-05	-3.44080055489e-06	3.32325590626e-05	-3.69012048906e-05	1.02563140606e-05	-3.4077891551e-05	4.00819307829e-05	-4.41207863825e-06	7.55807875542e-06	-3.58365519948e-11	4.58220750085e-10	-3.74982046442e-10	-8.00328853446e-10	4.48268657333e-10
HMPMockV1.2.Staggered2;k__Bacteria;p__Proteobacteria;c__Gammaproteobacteria;o__Alteromonadales;f__Alteromonadaceae;g__Spongiibacter	-0.0424840767452	-0.0133258663195	0.0108571287026	0.00494332462052	0.00511085151401	0.0099655173918	-0.00386045772398	0.0070566267028	-0.00179552053187	4.61831280659e-05	0.000101149955625	-1.00445388514e-05	0.000243715878765	0.000332606337896	-0.000255528265228	8.82836334561e-05	3.86342313971e-05	7.64125980477e-05	9.55612446847e-05	0.000129169838989	-4.61491101121e-05	1.68889872968e-05	-6.62599249312e-05	-2.832323159e-05	1.30316074859e-05	9.64585441521e-08	6.0206822789e-10	4.58223971721e-10	-3.74981870672e-10	-8.00328097577e-10	4.48268602124e-10
HMPMockV1.2.Staggered2;k__Bacteria;p__Proteobacteria;c__Deltaproteobacteria;o__Myxococcales;f__Nannocystaceae;g__Nannocystis	-0.042418446134	-0.0132639990208	0.0108304325396	0.00499865808048	0.00501881536208	0.00995460490745	-0.00379737851403	0.00696156139423	-0.00172022750221	8.66370510677e-05	9.53826006708e-05	0.000145080087854	0.000258413441308	0.000249985022642	-0.000165485232015	6.10146932614e-05	-9.66482686915e-06	-9.37639562901e-07	-1.16603429649e-05	-6.5495278159e-05	-2.60732017731e-05	8.72370876602e-06	5.61623910707e-05	-3.58852911538e-05	8.932006751e-06	-7.32310488429e-06	6.2401956617e-11	4.58221208459e-10	-3.74982022417e-10	-8.003286794e-10	4.4826860399e-10
HMPMockV1.2.Staggered1;k__Bacteria;p__Proteobacteria;c__Alphaproteobacteria;o__Rickettsiales;f__Rickettsiaceae;g__Rickettsia	-0.0422876167502	-0.0131283775026	0.0107406293343	0.00510125368607	0.00482494708889	0.00989948686278	-0.00358261016628	0.00648034101607	-0.00156959834728	0.000137272180449	-8.89955468948e-05	0.000191664653137	-1.97425982873e-05	-2.48541835147e-05	7.58033896303e-06	5.66345755763e-06	1.65086626238e-05	-3.55087018997e-07	2.29892342061e-06	3.85556249969e-05	-6.7265552405e-06	-4.15295100252e-05	-2.79495808815e-05	3.15915241928e-05	1.87976005259e-05	4.74994869569e-06	9.66796898345e-11	4.58221416539e-10	-3.74982009882e-10	-8.00328690807e-10	4.48268641714e-10
HMPMockV1.2.Staggered1;k__Bacteria;p__Firmicutes;c__Bacilli;o__Bacillales;f__Paenibacillaceae;Other	-0.0421286227848	-0.0129689616286	0.0106416269489	0.00523568843943	0.00459704549415	0.00991506913969	-0.00339096606456	0.00594262213521	-0.001375380286	0.000184855205671	-0.000268815004214	0.000363519635895	-0.000254042159457	-0.000344309017949	0.000221880270016	-0.000114407463106	-3.38174105377e-05	-6.05358993549e-05	-3.00896192746e-05	-5.29578010483e-05	3.88551637342e-05	-9.84504659603e-05	4.8612223686e-05	-4.3989114448e-06	4.60783800387e-05	-5.24290736942e-07	5.52310522944e-10	4.58223718356e-10	-3.74981884057e-10	-8.00328151029e-10	4.48268602536e-10
HMPMockV1.2.Staggered1;k__Bacteria;p__Proteobacteria;c__Gammaproteobacteria;o__Thiotrichales;f__Thiotrichaceae;Other	-0.0421290084072	-0.0129640543938	0.0106438463792	0.00524118109945	0.00458862117632	0.00986410221912	-0.00335241330119	0.00597456712007	-0.00137885853039	0.000185984454279	-0.000245501253157	0.000336397396866	-0.000252330076877	-0.000328245572465	0.000212269614984	-7.97644889497e-05	-7.30717991977e-06	-2.63973235944e-05	-1.94436755417e-05	2.46787779927e-06	3.46104354008e-05	-1.20782249021e-05	-1.59057858453e-05	3.31252235259e-05	-1.18429524126e-05	-1.44459320367e-07	-7.20686258957e-10	4.58217247772e-10	-3.74982238522e-10	-8.00329598552e-10	4.48268665065e-10
HMPMockV1.2.Staggered1;k__Bacteria;p__Proteobacteria;c__Gammaproteobacteria;o__Pseudomonadales;f__Pseudomonadaceae;g__Azomonas	-0.0424403500544	-0.0132845803315	0.0108392734056	0.00498018977034	0.00504950117873	0.00995821678781	-0.00381841657466	0.00699322018606	-0.00174531190999	7.29168482373e-05	9.73173139625e-05	9.34265557317e-05	0.000253824422875	0.000277374530146	-0.000195284331222	7.02620765786e-05	6.5907637802e-06	2.35336255928e-05	2.44322962675e-05	3.54253700344e-07	-2.76594057137e-05	9.54296436891e-06	1.49009134269e-05	-3.30215398465e-05	1.12881457931e-05	1.1755590834e-07	7.12547892541e-10	4.58224533204e-10	-3.74981839997e-10	-8.00327972395e-10	4.48268596967e-10
HMPMockV1.2.Staggered1;k__Bacteria;p__Proteobacteria;c__Alphaproteobacteria;o__Rhizobiales;f__Bartonellaceae;g__Bartonella	-0.0424403500544	-0.0132845803315	0.0108392734056	0.00498018977034	0.00504950117873	0.00995821678781	-0.00381841657466	0.00699322018606	-0.00174531190999	7.29168482373e-05	9.73173139625e-05	9.34265557317e-05	0.000253824422875	0.000277374530146	-0.000195284331222	7.02620765786e-05	6.5907637802e-06	2.35336255928e-05	2.44322962675e-05	3.54253700344e-07	-2.76594057137e-05	9.54296436891e-06	1.49009134269e-05	-3.30215398465e-05	1.12881457931e-05	1.1755590834e-07	7.12547892541e-10	4.58224533204e-10	-3.74981839997e-10	-8.00327972395e-10	4.48268596967e-10
HMPMockV1.2.Staggered1;k__Bacteria;p__Firmicutes;c__Bacilli;o__Lactobacillales;f__Carnobacteriaceae;g__	-0.0424403500544	-0.0132845803315	0.0108392734056	0.00498018977034	0.00504950117873	0.00995821678781	-0.00381841657466	0.00699322018606	-0.00174531190999	7.29168482373e-05	9.73173139625e-05	9.34265557317e-05	0.000253824422875	0.000277374530146	-0.000195284331222	7.02620765786e-05	6.5907637802e-06	2.35336255928e-05	2.44322962675e-05	3.54253700344e-07	-2.76594057137e-05	9.54296436891e-06	1.49009134269e-05	-3.30215398465e-05	1.12881457931e-05	1.1755590834e-07	7.12547892541e-10	4.58224533204e-10	-3.74981839997e-10	-8.00327972395e-10	4.48268596967e-10
HMPMockV1.2.Staggered1;k__Bacteria;p__Proteobacteria;c__Gammaproteobacteria;o__Oceanospirillales;Other;Other	-0.0417011072523	-0.0132605723941	0.0107220501476	0.00481407439471	0.00323435952469	0.00121768942324	0.0021307539157	0.00464567251722	-0.00258313856072	0.00374049937391	0.000216715613167	0.000317033638249	9.50769926244e-05	0.000172774042854	-3.96534092531e-05	4.47062595415e-05	-1.28832541825e-05	-2.05269822597e-05	-7.83078118428e-05	-0.00010687091613	-1.30272432921e-05	1.23931403345e-06	5.91414975281e-05	2.14252551656e-05	-5.691468688e-06	1.02278685815e-07	-3.74784806928e-10	4.58219006816e-10	-3.74982142369e-10	-8.00329207116e-10	4.48268649358e-10
HMPMockV1.2.Staggered1;k__Bacteria;p__Firmicutes;c__Bacilli;o__Bacillales;f__Bacillaceae;g__Natronobacillus	-0.100618408387	-0.0673490952521	0.0230712674689	0.022802044014	-0.0388105734516	-0.0302725072135	-0.0241090745537	0.00102979681265	-0.00155346424567	-0.00140164196802	-8.88324246413e-05	-0.00014695727866	2.07346142791e-05	-2.63201505889e-05	5.94807676824e-07	-2.6388335553e-06	2.56229862593e-07	-5.87566160924e-06	8.71802787525e-07	-5.47013855161e-07	1.3591272905e-06	-1.86079092402e-07	-3.50909747483e-07	2.9118453832e-08	-4.0195718981e-08	-6.06591645275e-09	6.97198447324e-13	4.58220914746e-10	-3.74982037934e-10	-8.00328780098e-10	4.48268630815e-10
HMPMockV1.1.Even1;k__Bacteria;p__Proteobacteria;c__Alphaproteobacteria;o__Sphingomonadales;Other;Other	-0.0420164858408	-0.0128524382651	0.0105606590175	0.00532657262415	0.00443216798714	0.00990079591962	-0.00321928195883	0.00548072962652	-0.00124062309589	0.000214090664217	-0.00044804852164	0.000395095081394	-0.000518083994734	-0.000599918984246	0.000370218636629	-0.000188720676071	-2.19780300798e-05	-4.96916893738e-05	1.37783713716e-05	4.92017568655e-05	5.36227440598e-05	-0.000145101158197	-1.56929595425e-05	1.46107110126e-05	6.52169588543e-05	-8.6631142377e-07	3.61712173493e-10	4.58222749448e-10	-3.74981936762e-10	-8.00328365529e-10	4.48268610476e-10
HMPMockV1.1.Even1;k__Bacteria;p__Proteobacteria;c__Deltaproteobacteria;o__Syntrophobacterales;Other;Other	-0.0423622065146	-0.0132069512898	0.0108042738479	0.00503393528401	0.00493180046749	0.00983222412018	-0.00366805584409	0.00690375565199	-0.0016726912204	0.000152249434554	7.98751404095e-05	0.000189779386529	0.000214209813862	0.00019320288855	-9.25950901049e-05	0.000116954205531	3.24020728722e-05	-2.38497275874e-05	-0.000103499175842	-6.55881992939e-05	-4.29705961863e-05	9.33115254659e-06	-5.3374124127e-07	0.000107457898798	-2.48245811539e-05	1.17280017235e-07	-2.08451286838e-09	4.58210317476e-10	-3.74982617727e-10	-8.00331148507e-10	4.48268731743e-10
HMPMockV1.1.Even1;k__Bacteria;p__Proteobacteria;c__Betaproteobacteria;o__Nitrosomonadales;f__Nitrosomonadaceae;Other	-0.0423622065146	-0.0132069512898	0.0108042738479	0.00503393528401	0.00493180046749	0.00983222412018	-0.00366805584409	0.00690375565199	-0.0016726912204	0.000152249434554	7.98751404095e-05	0.000189779386529	0.000214209813862	0.00019320288855	-9.25950901049e-05	0.000116954205531	3.24020728722e-05	-2.38497275874e-05	-0.000103499175842	-6.55881992939e-05	-4.29705961863e-05	9.33115254659e-06	-5.3374124127e-07	0.000107457898798	-2.48245811539e-05	1.17280017235e-07	-2.08451286838e-09	4.58210317476e-10	-3.74982617727e-10	-8.00331148507e-10	4.48268731743e-10
HMPMockV1.1.Even1;k__Bacteria;p__Proteobacteria;c__Deltaproteobacteria;o__Sva0485;f__;g__	-0.100618408387	-0.0673490952521	0.0230712674689	0.022802044014	-0.0388105734516	-0.0302725072135	-0.0241090745537	0.00102979681265	-0.00155346424567	-0.00140164196802	-8.88324246413e-05	-0.00014695727866	2.07346142791e-05	-2.63201505889e-05	5.94807676824e-07	-2.6388335553e-06	2.56229862593e-07	-5.87566160924e-06	8.71802787525e-07	-5.47013855161e-07	1.3591272905e-06	-1.86079092402e-07	-3.50909747483e-07	2.9118453832e-08	-4.0195718981e-08	-6.06591645275e-09	6.97198447324e-13	4.58220914746e-10	-3.74982037934e-10	-8.00328780098e-10	4.48268630815e-10
HMPMockV1.1.Even1;k__Bacteria;p__Proteobacteria;c__Gammaproteobacteria;o__Oceanospirillales;f__Halomonadaceae;g__Candidatus Portiera	-0.100618408387	-0.0673490952521	0.0230712674689	0.022802044014	-0.0388105734516	-0.0302725072135	-0.0241090745537	0.00102979681265	-0.00155346424567	-0.00140164196802	-8.88324246413e-05	-0.00014695727866	2.07346142791e-05	-2.63201505889e-05	5.94807676824e-07	-2.6388335553e-06	2.56229862593e-07	-5.87566160924e-06	8.71802787525e-07	-5.47013855161e-07	1.3591272905e-06	-1.86079092402e-07	-3.50909747483e-07	2.9118453832e-08	-4.0195718981e-08	-6.06591645275e-09	6.97198447324e-13	4.58220914746e-10	-3.74982037934e-10	-8.00328780098e-10	4.48268630815e-10
HMPMockV1.1.Even1;k__Bacteria;p__Proteobacteria;c__Betaproteobacteria;o__Methylophilales;f__Methylophilaceae;g__	-0.100618408387	-0.0673490952521	0.0230712674689	0.022802044014	-0.0388105734516	-0.0302725072135	-0.0241090745537	0.00102979681265	-0.00155346424567	-0.00140164196802	-8.88324246413e-05	-0.00014695727866	2.07346142791e-05	-2.63201505889e-05	5.94807676824e-07	-2.6388335553e-06	2.56229862593e-07	-5.87566160924e-06	8.71802787525e-07	-5.47013855161e-07	1.3591272905e-06	-1.86079092402e-07	-3.50909747483e-07	2.9118453832e-08	-4.0195718981e-08	-6.06591645275e-09	6.97198447324e-13	4.58220914746e-10	-3.74982037934e-10	-8.00328780098e-10	4.48268630815e-10
HMPMockV1.1.Even1;k__Bacteria;p__Firmicutes;c__Bacilli;o__Bacillales;f__Bacillaceae;g__Pontibacillus	-0.100618408387	-0.0673490952521	0.0230712674689	0.022802044014	-0.0388105734516	-0.0302725072135	-0.0241090745537	0.00102979681265	-0.00155346424567	-0.00140164196802	-8.88324246413e-05	-0.00014695727866	2.07346142791e-05	-2.63201505889e-05	5.94807676824e-07	-2.6388335553e-06	2.56229862593e-07	-5.87566160924e-06	8.71802787525e-07	-5.47013855161e-07	1.3591272905e-06	-1.86079092402e-07	-3.50909747483e-07	2.9118453832e-08	-4.0195718981e-08	-6.06591645275e-09	6.97198447324e-13	4.58220914746e-10	-3.74982037934e-10	-8.00328780098e-10	4.48268630815e-10
HMPMockV1.1.Even1;k__Bacteria;p__Proteobacteria;c__Gammaproteobacteria;o__Enterobacteriales;f__Enterobacteriaceae;g__Proteus	-0.100618408387	-0.0673490952521	0.0230712674689	0.022802044014	-0.0388105734516	-0.0302725072135	-0.0241090745537	0.00102979681265	-0.00155346424567	-0.00140164196802	-8.88324246413e-05	-0.00014695727866	2.07346142791e-05	-2.63201505889e-05	5.94807676824e-07	-2.6388335553e-06	2.56229862593e-07	-5.87566160924e-06	8.71802787525e-07	-5.47013855161e-07	1.3591272905e-06	-1.86079092402e-07	-3.50909747483e-07	2.9118453832e-08	-4.0195718981e-08	-6.06591645275e-09	6.97198447324e-13	4.58220914746e-10	-3.74982037934e-10	-8.00328780098e-10	4.48268630815e-10
HMPMockV1.1.Even1;k__Bacteria;p__Proteobacteria;c__Betaproteobacteria;o__Methylophilales;f__;g__	-0.100618408387	-0.0673490952521	0.0230712674689	0.022802044014	-0.0388105734516	-0.0302725072135	-0.0241090745537	0.00102979681265	-0.00155346424567	-0.00140164196802	-8.88324246413e-05	-0.00014695727866	2.07346142791e-05	-2.63201505889e-05	5.94807676824e-07	-2.6388335553e-06	2.56229862593e-07	-5.87566160924e-06	8.71802787525e-07	-5.47013855161e-07	1.3591272905e-06	-1.86079092402e-07	-3.50909747483e-07	2.9118453832e-08	-4.0195718981e-08	-6.06591645275e-09	6.97198447324e-13	4.58220914746e-10	-3.74982037934e-10	-8.00328780098e-10	4.48268630815e-10
HMPMockV1.1.Even1;k__Bacteria;p__Firmicutes;c__Clostridia;o__Clostridiales;f__Clostridiaceae;g__02d06	-0.0403882185694	-0.0133727575369	0.0105583137834	0.00435436783014	-0.000155522401612	-0.0161227714303	0.0137946518672	0.000166854747085	-0.00443182979553	0.0109428643986	0.000480619668454	0.000460952783319	-0.000203020347085	0.000158208325367	4.84313255543e-05	-1.705438973e-05	-1.35556639662e-05	4.44931001254e-05	-1.35986591195e-05	2.2523677809e-06	-5.43113677319e-06	-4.64128959366e-07	7.3564368262e-07	-7.63976941637e-07	-5.10473176998e-08	2.9805403494e-08	2.665122575e-11	4.58221046801e-10	-3.74982030731e-10	-8.00328750812e-10	4.48268629676e-10
HMPMockV1.1.Even1;k__Bacteria;p__Proteobacteria;c__Deltaproteobacteria;o__;f__;g__	-0.0403882185694	-0.0133727575369	0.0105583137834	0.00435436783014	-0.000155522401612	-0.0161227714303	0.0137946518672	0.000166854747085	-0.00443182979553	0.0109428643986	0.000480619668454	0.000460952783319	-0.000203020347085	0.000158208325367	4.84313255543e-05	-1.705438973e-05	-1.35556639662e-05	4.44931001254e-05	-1.35986591195e-05	2.2523677809e-06	-5.43113677319e-06	-4.64128959366e-07	7.3564368262e-07	-7.63976941637e-07	-5.10473176998e-08	2.9805403494e-08	2.665122575e-11	4.58221046801e-10	-3.74982030731e-10	-8.00328750812e-10	4.48268629676e-10
HMPMockV1.1.Even1;k__Bacteria;p__Proteobacteria;c__Deltaproteobacteria;o__PB19;f__;g__	-0.0403882185694	-0.0133727575369	0.0105583137834	0.00435436783014	-0.000155522401612	-0.0161227714303	0.0137946518672	0.000166854747085	-0.00443182979553	0.0109428643986	0.000480619668454	0.000460952783319	-0.000203020347085	0.000158208325367	4.84313255543e-05	-1.705438973e-05	-1.35556639662e-05	4.44931001254e-05	-1.35986591195e-05	2.2523677809e-06	-5.43113677319e-06	-4.64128959366e-07	7.3564368262e-07	-7.63976941637e-07	-5.10473176998e-08	2.9805403494e-08	2.665122575e-11	4.58221046801e-10	-3.74982030731e-10	-8.00328750812e-10	4.48268629676e-10
HMPMockV1.1.Even1;k__Bacteria;p__Proteobacteria;c__Betaproteobacteria;o__Burkholderiales;f__Burkholderiaceae;g__Burkholderia	-0.0424840767452	-0.0133258663194	0.0108571287026	0.00494332462051	0.00511085151401	0.00996551739179	-0.00386045772398	0.00705662670279	-0.00179552053187	4.61831280659e-05	0.000101149955624	-1.00445388514e-05	0.000243715878765	0.000332606337896	-0.000255528265228	8.82836334561e-05	3.86342313971e-05	7.64125980477e-05	9.55612446847e-05	0.000129169838989	-4.61491101121e-05	1.68889872968e-05	-6.62599249312e-05	-2.832323159e-05	1.30316074859e-05	9.64585441521e-08	6.0206822789e-10	4.58223971721e-10	-3.74981870672e-10	-8.00328097577e-10	4.48268602123e-10
HMPMockV1.1.Even1;k__Bacteria;p__Proteobacteria;c__Epsilonproteobacteria;o__Nautiliales;f__;g__	-0.0424840767452	-0.0133258663194	0.0108571287026	0.00494332462051	0.00511085151401	0.00996551739179	-0.00386045772398	0.00705662670279	-0.00179552053187	4.61831280659e-05	0.000101149955624	-1.00445388514e-05	0.000243715878765	0.000332606337896	-0.000255528265228	8.82836334561e-05	3.86342313971e-05	7.64125980477e-05	9.55612446847e-05	0.000129169838989	-4.61491101121e-05	1.68889872968e-05	-6.62599249312e-05	-2.832323159e-05	1.30316074859e-05	9.64585441521e-08	6.0206822789e-10	4.58223971721e-10	-3.74981870672e-10	-8.00328097577e-10	4.48268602123e-10
HMPMockV1.1.Even1;k__Bacteria;p__Proteobacteria;c__Alphaproteobacteria;o__;f__;g__	-0.0424840767452	-0.0133258663194	0.0108571287026	0.00494332462051	0.00511085151401	0.00996551739179	-0.00386045772398	0.00705662670279	-0.00179552053187	4.61831280659e-05	0.000101149955624	-1.00445388514e-05	0.000243715878765	0.000332606337896	-0.000255528265228	8.82836334561e-05	3.86342313971e-05	7.64125980477e-05	9.55612446847e-05	0.000129169838989	-4.61491101121e-05	1.68889872968e-05	-6.62599249312e-05	-2.832323159e-05	1.30316074859e-05	9.64585441521e-08	6.0206822789e-10	4.58223971721e-10	-3.74981870672e-10	-8.00328097577e-10	4.48268602123e-10
HMPMockV1.1.Even1;k__Bacteria;p__Proteobacteria;c__Gammaproteobacteria;o__Enterobacteriales;f__Enterobacteriaceae;g__Providencia	-0.0424840767452	-0.0133258663194	0.0108571287026	0.00494332462051	0.00511085151401	0.00996551739179	-0.00386045772398	0.00705662670279	-0.00179552053187	4.61831280659e-05	0.000101149955624	-1.00445388514e-05	0.000243715878765	0.000332606337896	-0.000255528265228	8.82836334561e-05	3.86342313971e-05	7.64125980477e-05	9.55612446847e-05	0.000129169838989	-4.61491101121e-05	1.68889872968e-05	-6.62599249312e-05	-2.832323159e-05	1.30316074859e-05	9.64585441521e-08	6.0206822789e-10	4.58223971721e-10	-3.74981870672e-10	-8.00328097577e-10	4.48268602123e-10
HMPMockV1.1.Even2;k__Bacteria;p__[Thermi];c__Deinococci;o__Deinococcales;f__Deinococcaceae;g__R18-435	-0.0424841578953	-0.013325742953	0.0108569551376	0.00494325315006	0.00511087281203	0.00996544054853	-0.00386049269592	0.00705653776971	-0.00179548072554	4.54764425765e-05	0.000101186740546	-9.88050851251e-06	0.00024464638601	0.000332153545152	-0.000254882529635	8.87568432129e-05	3.91019450789e-05	7.24761559042e-05	9.66175747322e-05	0.000132053317419	-3.0831813595e-05	1.11814755747e-05	-6.76220418608e-05	-2.72940372321e-05	1.60004238774e-05	1.49988774936e-05	2.01283976439e-09	4.58231182694e-10	-3.74981475157e-10	-8.00326558385e-10	4.48268582922e-10
HMPMockV1.1.Even2;k__Bacteria;p__Tenericutes;c__Mollicutes;Other;Other;Other	-0.0420164858408	-0.0128524382651	0.0105606590175	0.00532657262415	0.00443216798714	0.00990079591962	-0.00321928195883	0.00548072962652	-0.00124062309589	0.000214090664217	-0.00044804852164	0.000395095081394	-0.000518083994734	-0.000599918984246	0.000370218636629	-0.000188720676071	-2.19780300798e-05	-4.96916893738e-05	1.37783713716e-05	4.92017568655e-05	5.36227440598e-05	-0.000145101158197	-1.56929595425e-05	1.46107110126e-05	6.52169588543e-05	-8.6631142377e-07	3.61712173493e-10	4.58222749448e-10	-3.74981936762e-10	-8.00328365529e-10	4.48268610476e-10
HMPMockV1.1.Even2;k__Bacteria;p__Proteobacteria;c__Gammaproteobacteria;o__Xanthomonadales;f__Xanthomonadaceae;g__	-0.100618408387	-0.0673490952521	0.0230712674689	0.022802044014	-0.0388105734516	-0.0302725072135	-0.0241090745537	0.00102979681265	-0.00155346424567	-0.00140164196802	-8.88324246413e-05	-0.00014695727866	2.07346142791e-05	-2.63201505889e-05	5.94807676824e-07	-2.6388335553e-06	2.56229862593e-07	-5.87566160924e-06	8.71802787525e-07	-5.47013855161e-07	1.3591272905e-06	-1.86079092402e-07	-3.50909747483e-07	2.9118453832e-08	-4.0195718981e-08	-6.06591645275e-09	6.97198447324e-13	4.58220914746e-10	-3.74982037934e-10	-8.00328780098e-10	4.48268630815e-10
HMPMockV1.1.Even2;k__Bacteria;p__Proteobacteria;c__Deltaproteobacteria;o__Sva0485;f__;g__	-0.100618408387	-0.0673490952521	0.0230712674689	0.022802044014	-0.0388105734516	-0.0302725072135	-0.0241090745537	0.00102979681265	-0.00155346424567	-0.00140164196802	-8.88324246413e-05	-0.00014695727866	2.07346142791e-05	-2.63201505889e-05	5.94807676824e-07	-2.6388335553e-06	2.56229862593e-07	-5.87566160924e-06	8.71802787525e-07	-5.47013855161e-07	1.3591272905e-06	-1.86079092402e-07	-3.50909747483e-07	2.9118453832e-08	-4.0195718981e-08	-6.06591645275e-09	6.97198447324e-13	4.58220914746e-10	-3.74982037934e-10	-8.00328780098e-10	4.48268630815e-10
HMPMockV1.1.Even2;k__Bacteria;p__Proteobacteria;c__Gammaproteobacteria;o__HTCC2188;f__;g__	-0.100618408387	-0.0673490952521	0.0230712674689	0.022802044014	-0.0388105734516	-0.0302725072135	-0.0241090745537	0.00102979681265	-0.00155346424567	-0.00140164196802	-8.88324246413e-05	-0.00014695727866	2.07346142791e-05	-2.63201505889e-05	5.94807676824e-07	-2.6388335553e-06	2.56229862593e-07	-5.87566160924e-06	8.71802787525e-07	-5.47013855161e-07	1.3591272905e-06	-1.86079092402e-07	-3.50909747483e-07	2.9118453832e-08	-4.0195718981e-08	-6.06591645275e-09	6.97198447324e-13	4.58220914746e-10	-3.74982037934e-10	-8.00328780098e-10	4.48268630815e-10
HMPMockV1.1.Even2;k__Bacteria;p__Proteobacteria;c__Alphaproteobacteria;o__Rhodobacterales;f__Rhodobacteraceae;g__Anaerospora	-0.100618408387	-0.0673490952521	0.0230712674689	0.022802044014	-0.0388105734516	-0.0302725072135	-0.0241090745537	0.00102979681265	-0.00155346424567	-0.00140164196802	-8.88324246413e-05	-0.00014695727866	2.07346142791e-05	-2.63201505889e-05	5.94807676824e-07	-2.6388335553e-06	2.56229862593e-07	-5.87566160924e-06	8.71802787525e-07	-5.47013855161e-07	1.3591272905e-06	-1.86079092402e-07	-3.50909747483e-07	2.9118453832e-08	-4.0195718981e-08	-6.06591645275e-09	6.97198447324e-13	4.58220914746e-10	-3.74982037934e-10	-8.00328780098e-10	4.48268630815e-10
HMPMockV1.1.Even2;k__Bacteria;p__Proteobacteria;c__Deltaproteobacteria;o__;f__;g__	-0.0403882185694	-0.0133727575369	0.0105583137834	0.00435436783014	-0.000155522401612	-0.0161227714303	0.0137946518672	0.000166854747085	-0.00443182979553	0.0109428643986	0.000480619668454	0.000460952783319	-0.000203020347085	0.000158208325367	4.84313255543e-05	-1.705438973e-05	-1.35556639662e-05	4.44931001254e-05	-1.35986591195e-05	2.2523677809e-06	-5.43113677319e-06	-4.64128959366e-07	7.3564368262e-07	-7.63976941637e-07	-5.10473176998e-08	2.9805403494e-08	2.665122575e-11	4.58221046801e-10	-3.74982030731e-10	-8.00328750812e-10	4.48268629676e-10
HMPMockV1.1.Even2;k__Bacteria;p__Proteobacteria;c__Deltaproteobacteria;o__Desulfobacterales;f__Desulfobacteraceae;Other	-0.0403882185694	-0.0133727575369	0.0105583137834	0.00435436783014	-0.000155522401612	-0.0161227714303	0.0137946518672	0.000166854747085	-0.00443182979553	0.0109428643986	0.000480619668454	0.000460952783319	-0.000203020347085	0.000158208325367	4.84313255543e-05	-1.705438973e-05	-1.35556639662e-05	4.44931001254e-05	-1.35986591195e-05	2.2523677809e-06	-5.43113677319e-06	-4.64128959366e-07	7.3564368262e-07	-7.63976941637e-07	-5.10473176998e-08	2.9805403494e-08	2.665122575e-11	4.58221046801e-10	-3.74982030731e-10	-8.00328750812e-10	4.48268629676e-10
HMPMockV1.1.Even2;k__Bacteria;p__Proteobacteria;c__Betaproteobacteria;o__Burkholderiales;f__Comamonadaceae;g__Schlegelella	-0.0424840767452	-0.0133258663194	0.0108571287026	0.00494332462051	0.00511085151401	0.00996551739179	-0.00386045772398	0.00705662670279	-0.00179552053187	4.61831280659e-05	0.000101149955624	-1.00445388514e-05	0.000243715878765	0.000332606337896	-0.000255528265228	8.82836334561e-05	3.86342313971e-05	7.64125980477e-05	9.55612446847e-05	0.000129169838989	-4.61491101121e-05	1.68889872968e-05	-6.62599249312e-05	-2.832323159e-05	1.30316074859e-05	9.64585441521e-08	6.0206822789e-10	4.58223971721e-10	-3.74981870672e-10	-8.00328097577e-10	4.48268602123e-10
HMPMockV1.1.Even2;k__Bacteria;p__Proteobacteria;c__Epsilonproteobacteria;o__Nautiliales;f__;g__	-0.0424840767452	-0.0133258663194	0.0108571287026	0.00494332462051	0.00511085151401	0.00996551739179	-0.00386045772398	0.00705662670279	-0.00179552053187	4.61831280659e-05	0.000101149955624	-1.00445388514e-05	0.000243715878765	0.000332606337896	-0.000255528265228	8.82836334561e-05	3.86342313971e-05	7.64125980477e-05	9.55612446847e-05	0.000129169838989	-4.61491101121e-05	1.68889872968e-05	-6.62599249312e-05	-2.832323159e-05	1.30316074859e-05	9.64585441521e-08	6.0206822789e-10	4.58223971721e-10	-3.74981870672e-10	-8.00328097577e-10	4.48268602123e-10
HMPMockV1.1.Even2;k__Bacteria;p__Proteobacteria;c__Alphaproteobacteria;o__Rhizobiales;f__Beijerinckiaceae;g__Chelatococcus	-0.0424840767452	-0.0133258663194	0.0108571287026	0.00494332462051	0.00511085151401	0.00996551739179	-0.00386045772398	0.00705662670279	-0.00179552053187	4.61831280659e-05	0.000101149955624	-1.00445388514e-05	0.000243715878765	0.000332606337896	-0.000255528265228	8.82836334561e-05	3.86342313971e-05	7.64125980477e-05	9.55612446847e-05	0.000129169838989	-4.61491101121e-05	1.68889872968e-05	-6.62599249312e-05	-2.832323159e-05	1.30316074859e-05	9.64585441521e-08	6.0206822789e-10	4.58223971721e-10	-3.74981870672e-10	-8.00328097577e-10	4.48268602123e-10
HMPMockV1.1.Even2;k__Bacteria;p__Proteobacteria;c__Alphaproteobacteria;o__Rhizobiales;f__Methylocystaceae;g__Pleomorphomonas	-0.0424840767452	-0.0133258663194	0.0108571287026	0.00494332462051	0.00511085151401	0.00996551739179	-0.00386045772398	0.00705662670279	-0.00179552053187	4.61831280659e-05	0.000101149955624	-1.00445388514e-05	0.000243715878765	0.000332606337896	-0.000255528265228	8.82836334561e-05	3.86342313971e-05	7.64125980477e-05	9.55612446847e-05	0.000129169838989	-4.61491101121e-05	1.68889872968e-05	-6.62599249312e-05	-2.832323159e-05	1.30316074859e-05	9.64585441521e-08	6.0206822789e-10	4.58223971721e-10	-3.74981870672e-10	-8.00328097577e-10	4.48268602123e-10
HMPMockV1.1.Even2;k__Bacteria;p__Proteobacteria;c__Betaproteobacteria;o__Nitrosomonadales;f__Nitrosomonadaceae;g__Nitrosovibrio	-0.0424840767452	-0.0133258663194	0.0108571287026	0.00494332462051	0.00511085151401	0.00996551739179	-0.00386045772398	0.00705662670279	-0.00179552053187	4.61831280659e-05	0.000101149955624	-1.00445388514e-05	0.000243715878765	0.000332606337896	-0.000255528265228	8.82836334561e-05	3.86342313971e-05	7.64125980477e-05	9.55612446847e-05	0.000129169838989	-4.61491101121e-05	1.68889872968e-05	-6.62599249312e-05	-2.832323159e-05	1.30316074859e-05	9.64585441521e-08	6.0206822789e-10	4.58223971721e-10	-3.74981870672e-10	-8.00328097577e-10	4.48268602123e-10
HMPMockV1.1.Even2;k__Bacteria;p__Actinobacteria;c__Actinobacteria;o__Actinomycetales;f__Microbacteriaceae;g__Microbacterium	-0.0424840767452	-0.0133258663194	0.0108571287026	0.00494332462051	0.00511085151401	0.00996551739179	-0.00386045772398	0.00705662670279	-0.00179552053187	4.61831280659e-05	0.000101149955624	-1.00445388514e-05	0.000243715878765	0.000332606337896	-0.000255528265228	8.82836334561e-05	3.86342313971e-05	7.64125980477e-05	9.55612446847e-05	0.000129169838989	-4.61491101121e-05	1.68889872968e-05	-6.62599249312e-05	-2.832323159e-05	1.30316074859e-05	9.64585441521e-08	6.0206822789e-10	4.58223971721e-10	-3.74981870672e-10	-8.00328097577e-10	4.48268602123e-10
HMPMockV1.1.Even2;k__Bacteria;p__Fusobacteria;c__Fusobacteriia;o__Fusobacteriales;f__Leptotrichiaceae;g__Streptobacillus	-0.0424840767452	-0.0133258663194	0.0108571287026	0.00494332462051	0.00511085151401	0.00996551739179	-0.00386045772398	0.00705662670279	-0.00179552053187	4.61831280659e-05	0.000101149955624	-1.00445388514e-05	0.000243715878765	0.000332606337896	-0.000255528265228	8.82836334561e-05	3.86342313971e-05	7.64125980477e-05	9.55612446847e-05	0.000129169838989	-4.61491101121e-05	1.68889872968e-05	-6.62599249312e-05	-2.832323159e-05	1.30316074859e-05	9.64585441521e-08	6.0206822789e-10	4.58223971721e-10	-3.74981870672e-10	-8.00328097577e-10	4.48268602123e-10
HMPMockV1.1.Even2;k__Bacteria;p__Firmicutes;c__Clostridia;o__Clostridiales;f__Clostridiaceae;g__Oxobacter	-0.0705033134782	-0.0403609263945	0.0168147906262	0.0135782059221	-0.0194830479266	-0.0231976393219	-0.00515721134325	0.000598325779868	-0.0029926470206	0.00477061121529	0.000195893621906	0.000156997752329	-9.11428664029e-05	6.5944087389e-05	2.45130666156e-05	-9.84661164265e-06	-6.6497170518e-06	1.93087192581e-05	-6.36342816599e-06	8.52676962869e-07	-2.03600474134e-06	-3.25104025884e-07	1.92366967568e-07	-3.67429243902e-07	-4.56215183404e-08	1.18697435206e-08	1.36742120987e-11	4.58220980774e-10	-3.74982034333e-10	-8.00328765455e-10	4.48268630246e-10
HMPMockV1.2.Staggered2;k__Bacteria;p__Actinobacteria;c__Actinobacteria;o__Actinomycetales;f__Actinomycetaceae;Other	0.198887911089	0.171655433822	-0.0105209093411	0.0171531843166	0.0076156739335	0.000337162821569	-0.00479763484421	-0.00225036532532	-0.000387328105243	0.000256902990753	0.000148841051	-0.000816298139785	-7.70313970219e-05	8.05158611406e-05	6.5584783632e-06	-5.13439598361e-05	-2.1686241202e-05	5.88014294929e-05	-1.60918406513e-05	-3.17499553808e-05	4.65647083381e-05	4.37312537514e-05	-8.12676882629e-06	4.19785807266e-06	1.4025637667e-05	-1.39473976835e-07	-3.44899487285e-11	4.58220735504e-10	-3.74982047487e-10	-8.00328819127e-10	4.4826863189e-10
HMPMockV1.2.Staggered2;k__Bacteria;p__Proteobacteria;c__Alphaproteobacteria;o__Rhizobiales;f__Bartonellaceae;g__Bartonella	-0.0424403500544	-0.0132845803315	0.0108392734056	0.00498018977034	0.00504950117873	0.00995821678781	-0.00381841657466	0.00699322018606	-0.00174531190999	7.29168482373e-05	9.73173139625e-05	9.34265557317e-05	0.000253824422875	0.000277374530146	-0.000195284331222	7.02620765786e-05	6.5907637802e-06	2.35336255928e-05	2.44322962675e-05	3.54253700344e-07	-2.76594057137e-05	9.54296436891e-06	1.49009134269e-05	-3.30215398465e-05	1.12881457931e-05	1.1755590834e-07	7.12547892541e-10	4.58224533204e-10	-3.74981839997e-10	-8.00327972395e-10	4.48268596967e-10
HMPMockV1.2.Staggered2;k__Bacteria;p__Proteobacteria;c__Betaproteobacteria;o__Burkholderiales;f__Comamonadaceae;Other	-0.0422411453512	-0.0130805777573	0.0107248143106	0.00515029691472	0.00475349868334	0.00987837543919	-0.00352409740692	0.00643645962876	-0.00151361572051	0.000156748995733	-6.62677357306e-05	0.000304821951367	1.17117583993e-05	-7.2635606168e-05	6.39312483712e-05	-5.4512759848e-06	-1.91465603777e-05	-3.72415335754e-05	-6.33116661879e-05	-9.96916801146e-05	1.98428550752e-05	3.45724673346e-05	4.83993973832e-05	1.41156010685e-05	-3.09815312282e-05	1.97561366461e-07	-5.30087909507e-10	4.5821821668e-10	-3.74982185817e-10	-8.00329384053e-10	4.48268657125e-10
HMPMockV1.2.Staggered2;k__Bacteria;p__Proteobacteria;c__Alphaproteobacteria;o__Rhizobiales;f__Phyllobacteriaceae;Other	-0.0414558805475	-0.0122759126229	0.0105484106398	0.0056622981464	0.00319671065207	0.0100339448233	-0.00360384603243	-0.00689620753618	-0.00215963314199	0.000294461606409	0.000674534479303	-0.00254737149023	-7.83814097597e-06	0.000118039922842	0.000122122762807	-0.000191743833249	-6.09115878803e-06	7.28434202004e-05	-3.41532231625e-05	4.46974300003e-05	-0.000124254869358	-0.000148316567281	2.03547031268e-05	-1.11524377696e-05	-4.63547917899e-05	4.25817630289e-07	1.04184828359e-10	4.58221442078e-10	-3.74982009933e-10	-8.00328665594e-10	4.48268627709e-10
HMPMockV1.2.Staggered2;k__Bacteria;p__Proteobacteria;c__Gammaproteobacteria;o__Oceanospirillales;f__Saccharospirillaceae;Other	-0.0423622065146	-0.0132069512898	0.0108042738479	0.00503393528401	0.00493180046749	0.00983222412018	-0.00366805584409	0.00690375565199	-0.0016726912204	0.000152249434554	7.98751404095e-05	0.000189779386529	0.000214209813862	0.00019320288855	-9.25950901049e-05	0.000116954205531	3.24020728722e-05	-2.38497275874e-05	-0.000103499175842	-6.55881992939e-05	-4.29705961863e-05	9.33115254659e-06	-5.3374124127e-07	0.000107457898798	-2.48245811539e-05	1.17280017235e-07	-2.08451286838e-09	4.58210317476e-10	-3.74982617727e-10	-8.00331148507e-10	4.48268731743e-10
HMPMockV1.2.Staggered2;k__Bacteria;p__Firmicutes;c__Clostridia;o__Clostridiales;f__Clostridiaceae;g__Oxobacter	-0.0604649485086	-0.0313648701087	0.0147292983452	0.0105035932248	-0.0130405394183	-0.0208393500247	0.00116007639355	0.000454502102274	-0.00347237461224	0.00682802894305	0.000290802304089	0.000258316095992	-0.000128435359964	9.66988333816e-05	3.24858195951e-05	-1.22492043384e-05	-8.9516993566e-06	2.77035128805e-05	-8.77517181715e-06	1.31924056888e-06	-3.16771541862e-06	-3.71445670378e-07	3.73459205918e-07	-4.99611809814e-07	-4.74301181269e-08	1.78482968451e-08	1.79998833158e-11	4.58221002783e-10	-3.74982033132e-10	-8.00328760574e-10	4.48268630056e-10
HMPMockV1.2.Staggered1;k__Bacteria;p__Bacteroidetes;c__[Saprospirae];o__[Saprospirales];f__Chitinophagaceae;Other	0.582356201946	0.343744302535	0.037270716867	-0.00324962001975	-0.000255511261698	-0.00377384358744	-0.00219402299685	6.96797062073e-05	-0.000263257720489	-0.00024219943996	-6.65896289154e-05	-2.26726689601e-05	9.25945550048e-06	-4.24689159289e-06	3.22593394687e-07	-8.47096876473e-07	7.68423796738e-08	-1.02988506231e-06	1.44498092354e-07	-2.01344078692e-07	4.1247850522e-07	-1.26681182794e-07	-1.5391587108e-07	1.66403475166e-09	-3.09370939526e-08	-1.700477282e-09	1.86839743426e-12	4.58220920716e-10	-3.74982037609e-10	-8.00328778789e-10	4.48268630772e-10
HMPMockV1.2.Staggered1;k__Bacteria;p__Bacteroidetes;c__Bacteroidia;o__Bacteroidales;Other;Other	0.319043853654	0.263585777227	-0.0210112940944	0.0228743281346	0.00987586128025	-0.00444087153346	-0.00547008421861	2.4279410252e-05	0.0004393942921	0.00026579243312	5.82248653863e-05	2.7311385719e-06	-6.95561116441e-06	1.61887584349e-06	1.23130770165e-06	7.39889200363e-07	-1.49350162487e-07	1.9487396681e-07	-6.96426678565e-08	-5.28977961745e-08	-1.88265125323e-07	8.9876838561e-08	-5.60657891848e-08	-1.99700142544e-08	3.27859072642e-08	7.05122869455e-10	2.98052364227e-12	4.58220926379e-10	-3.74982037299e-10	-8.00328777538e-10	4.48268630727e-10
HMPMockV1.2.Staggered1;k__Bacteria;p__Bacteroidetes;c__[Saprospirae];o__[Saprospirales];Other;Other	0.0557315053613	0.183427251919	-0.0792933050558	0.048998276289	0.0200072338222	-0.00510789947948	-0.00874614544037	-2.11208857034e-05	0.00114204630469	0.000773784306201	0.000183039359688	2.81349461039e-05	-2.31706778293e-05	7.48464327987e-06	2.14002200862e-06	2.3268752772e-06	-3.75542704648e-07	1.41963299593e-06	-2.83783428067e-07	9.5548486343e-08	-7.89008755867e-07	3.06434859916e-07	4.17842927105e-08	-4.16040632605e-08	9.65089084811e-08	3.11072302091e-09	4.09264985029e-12	4.58220932042e-10	-3.74982036989e-10	-8.00328776286e-10	4.48268630681e-10
HMPMockV1.2.Staggered1;k__Bacteria;p__Proteobacteria;c__Alphaproteobacteria;o__Rhizobiales;f__Phyllobacteriaceae;Other	-0.0414558805475	-0.0122759126229	0.0105484106398	0.0056622981464	0.00319671065207	0.0100339448233	-0.00360384603243	-0.00689620753618	-0.00215963314199	0.000294461606409	0.000674534479303	-0.00254737149023	-7.83814097597e-06	0.000118039922842	0.000122122762807	-0.000191743833249	-6.09115878803e-06	7.28434202004e-05	-3.41532231625e-05	4.46974300003e-05	-0.000124254869358	-0.000148316567281	2.03547031268e-05	-1.11524377696e-05	-4.63547917899e-05	4.25817630289e-07	1.04184828359e-10	4.58221442078e-10	-3.74982009933e-10	-8.00328665594e-10	4.48268627709e-10
HMPMockV1.2.Staggered1;k__Bacteria;p__Proteobacteria;c__Alphaproteobacteria;o__Rickettsiales;f__Anaplasmataceae;g__Candidatus Neoehrlichia	-0.042423182205	-0.0132663471214	0.0108306144928	0.00498859421703	0.00502133663976	0.00989883233436	-0.00376427427001	0.00698014671085	-0.00173408597297	9.88629385652e-05	9.05309404778e-05	8.99494390082e-05	0.000229428099936	0.000262678216851	-0.00017373880987	0.000102855524372	3.57520089756e-05	2.43132141584e-05	-3.44080055489e-06	3.32325590626e-05	-3.69012048906e-05	1.02563140606e-05	-3.4077891551e-05	4.00819307829e-05	-4.41207863825e-06	7.55807875542e-06	-3.58365519948e-11	4.58220750085e-10	-3.74982046442e-10	-8.00328853446e-10	4.48268657333e-10
HMPMockV1.2.Staggered1;k__Bacteria;p__Proteobacteria;c__Gammaproteobacteria;o__Alteromonadales;f__Alteromonadaceae;g__Microbulbifer	-0.0424840767452	-0.0133258663195	0.0108571287026	0.00494332462052	0.00511085151401	0.0099655173918	-0.00386045772398	0.0070566267028	-0.00179552053187	4.61831280659e-05	0.000101149955625	-1.00445388514e-05	0.000243715878765	0.000332606337896	-0.000255528265228	8.82836334561e-05	3.86342313971e-05	7.64125980477e-05	9.55612446847e-05	0.000129169838989	-4.61491101121e-05	1.68889872968e-05	-6.62599249312e-05	-2.832323159e-05	1.30316074859e-05	9.64585441521e-08	6.0206822789e-10	4.58223971721e-10	-3.74981870672e-10	-8.00328097577e-10	4.48268602124e-10
HMPMockV1.2.Staggered1;k__Bacteria;p__Proteobacteria;c__Alphaproteobacteria;o__Rhodobacterales;f__Rhodobacteraceae;g__Shimia	-0.0424840767452	-0.0133258663195	0.0108571287026	0.00494332462052	0.00511085151401	0.0099655173918	-0.00386045772398	0.0070566267028	-0.00179552053187	4.61831280659e-05	0.000101149955625	-1.00445388514e-05	0.000243715878765	0.000332606337896	-0.000255528265228	8.82836334561e-05	3.86342313971e-05	7.64125980477e-05	9.55612446847e-05	0.000129169838989	-4.61491101121e-05	1.68889872968e-05	-6.62599249312e-05	-2.832323159e-05	1.30316074859e-05	9.64585441521e-08	6.0206822789e-10	4.58223971721e-10	-3.74981870672e-10	-8.00328097577e-10	4.48268602124e-10
HMPMockV1.2.Staggered1;k__Bacteria;p__Proteobacteria;c__Betaproteobacteria;o__Burkholderiales;f__Comamonadaceae;g__Schlegelella	-0.0424840767452	-0.0133258663195	0.0108571287026	0.00494332462052	0.00511085151401	0.0099655173918	-0.00386045772398	0.0070566267028	-0.00179552053187	4.61831280659e-05	0.000101149955625	-1.00445388514e-05	0.000243715878765	0.000332606337896	-0.000255528265228	8.82836334561e-05	3.86342313971e-05	7.64125980477e-05	9.55612446847e-05	0.000129169838989	-4.61491101121e-05	1.68889872968e-05	-6.62599249312e-05	-2.832323159e-05	1.30316074859e-05	9.64585441521e-08	6.0206822789e-10	4.58223971721e-10	-3.74981870672e-10	-8.00328097577e-10	4.48268602124e-10
HMPMockV1.2.Staggered1;k__Bacteria;p__Proteobacteria;c__Betaproteobacteria;o__Burkholderiales;f__Burkholderiaceae;g__Burkholderia	-0.0424840767452	-0.0133258663195	0.0108571287026	0.00494332462052	0.00511085151401	0.0099655173918	-0.00386045772398	0.0070566267028	-0.00179552053187	4.61831280659e-05	0.000101149955625	-1.00445388514e-05	0.000243715878765	0.000332606337896	-0.000255528265228	8.82836334561e-05	3.86342313971e-05	7.64125980477e-05	9.55612446847e-05	0.000129169838989	-4.61491101121e-05	1.68889872968e-05	-6.62599249312e-05	-2.832323159e-05	1.30316074859e-05	9.64585441521e-08	6.0206822789e-10	4.58223971721e-10	-3.74981870672e-10	-8.00328097577e-10	4.48268602124e-10
HMPMockV1.2.Staggered1;k__Bacteria;p__Proteobacteria;c__Gammaproteobacteria;o__Thiotrichales;Other;Other	-0.0423622065146	-0.0132069512898	0.0108042738479	0.00503393528401	0.00493180046749	0.00983222412018	-0.00366805584409	0.00690375565199	-0.0016726912204	0.000152249434554	7.98751404095e-05	0.000189779386529	0.000214209813862	0.00019320288855	-9.25950901049e-05	0.000116954205531	3.24020728722e-05	-2.38497275874e-05	-0.000103499175842	-6.55881992939e-05	-4.29705961863e-05	9.33115254659e-06	-5.3374124127e-07	0.000107457898798	-2.48245811539e-05	1.17280017235e-07	-2.08451286838e-09	4.58210317476e-10	-3.74982617727e-10	-8.00331148507e-10	4.48268731743e-10
HMPMockV1.2.Staggered1;k__Bacteria;p__[Thermi];c__Deinococci;Other;Other;Other	-0.038026493765	-0.00833793547516	0.0090159260832	0.00797685436498	-0.00179839357019	0.00756012342362	-0.000566195951236	-0.00828504141738	0.000309660171363	-0.000420913877023	-0.000686657366164	0.00211576173128	0.000326516973269	0.000126322490009	-3.958610668e-05	-0.000259996271614	0.00014992090801	9.14814142848e-05	-2.6164496216e-05	-9.32191125002e-06	3.25111979269e-06	-4.16306120265e-06	-5.40840896101e-06	2.09110442649e-07	-5.01408367054e-07	4.09579865518e-10	-1.99280198765e-11	4.58220810044e-10	-3.74982043668e-10	-8.00328803512e-10	4.48268631729e-10
HMPMockV1.2.Staggered1;k__Bacteria;p__Firmicutes;c__Clostridia;o__Thermoanaerobacterales;f__Thermoanaerobacteraceae;Other	-0.0423528966729	-0.0132020083556	0.0108035628116	0.00505392006998	0.00492680050818	0.00994361557984	-0.00373433427602	0.00686640715259	-0.00164489466623	0.00012638428858	8.96520306386e-05	0.000300368744898	0.000274041511096	0.000166910914644	-7.47964632086e-05	3.42189628236e-05	-5.74961714536e-05	-8.2224319317e-05	-0.000117825600567	-0.000257276916876	9.32000308307e-06	-5.14908148686e-06	0.000177222590143	-4.24181563596e-05	7.8012224076e-06	1.59750636715e-07	9.33507221845e-10	4.58225656171e-10	-3.74981778648e-10	-8.0032772203e-10	4.48268586655e-10
HMPMockV1.2.Staggered1;k__Bacteria;p__Proteobacteria;c__Deltaproteobacteria;o__Myxococcales;f__Nannocystaceae;g__Nannocystis	-0.042418446134	-0.0132639990208	0.0108304325396	0.00499865808048	0.00501881536208	0.00995460490745	-0.00379737851403	0.00696156139423	-0.00172022750221	8.66370510677e-05	9.53826006708e-05	0.000145080087854	0.000258413441308	0.000249985022642	-0.000165485232015	6.10146932614e-05	-9.66482686915e-06	-9.37639562901e-07	-1.16603429649e-05	-6.5495278159e-05	-2.60732017731e-05	8.72370876602e-06	5.61623910707e-05	-3.58852911538e-05	8.932006751e-06	-7.32310488429e-06	6.2401956617e-11	4.58221208459e-10	-3.74982022417e-10	-8.003286794e-10	4.4826860399e-10
HMPMockV1.2.Staggered1;k__Bacteria;p__Proteobacteria;c__Deltaproteobacteria;o__;f__;g__	-0.100618408387	-0.0673490952521	0.0230712674689	0.022802044014	-0.0388105734516	-0.0302725072135	-0.0241090745537	0.00102979681265	-0.00155346424567	-0.00140164196802	-8.88324246413e-05	-0.00014695727866	2.07346142791e-05	-2.63201505889e-05	5.94807676824e-07	-2.6388335553e-06	2.56229862593e-07	-5.87566160924e-06	8.71802787525e-07	-5.47013855161e-07	1.3591272905e-06	-1.86079092402e-07	-3.50909747483e-07	2.9118453832e-08	-4.0195718981e-08	-6.06591645275e-09	6.97198447324e-13	4.58220914746e-10	-3.74982037934e-10	-8.00328780098e-10	4.48268630815e-10
HMPMockV1.2.Staggered1;k__Bacteria;p__Proteobacteria;c__Alphaproteobacteria;o__Rhodospirillales;f__Rhodospirillaceae;g__	-0.100618408387	-0.0673490952521	0.0230712674689	0.022802044014	-0.0388105734516	-0.0302725072135	-0.0241090745537	0.00102979681265	-0.00155346424567	-0.00140164196802	-8.88324246413e-05	-0.00014695727866	2.07346142791e-05	-2.63201505889e-05	5.94807676824e-07	-2.6388335553e-06	2.56229862593e-07	-5.87566160924e-06	8.71802787525e-07	-5.47013855161e-07	1.3591272905e-06	-1.86079092402e-07	-3.50909747483e-07	2.9118453832e-08	-4.0195718981e-08	-6.06591645275e-09	6.97198447324e-13	4.58220914746e-10	-3.74982037934e-10	-8.00328780098e-10	4.48268630815e-10
HMPMockV1.2.Staggered1;k__Bacteria;p__Acidobacteria;c__Sva0725;o__Sva0725;f__;g__	-0.100618408387	-0.0673490952521	0.0230712674689	0.022802044014	-0.0388105734516	-0.0302725072135	-0.0241090745537	0.00102979681265	-0.00155346424567	-0.00140164196802	-8.88324246413e-05	-0.00014695727866	2.07346142791e-05	-2.63201505889e-05	5.94807676824e-07	-2.6388335553e-06	2.56229862593e-07	-5.87566160924e-06	8.71802787525e-07	-5.47013855161e-07	1.3591272905e-06	-1.86079092402e-07	-3.50909747483e-07	2.9118453832e-08	-4.0195718981e-08	-6.06591645275e-09	6.97198447324e-13	4.58220914746e-10	-3.74982037934e-10	-8.00328780098e-10	4.48268630815e-10
HMPMockV1.2.Staggered1;k__Bacteria;p__Proteobacteria;c__Gammaproteobacteria;o__Oceanospirillales;f__Saccharospirillaceae;g__Reinekea	-0.100618408387	-0.0673490952521	0.0230712674689	0.022802044014	-0.0388105734516	-0.0302725072135	-0.0241090745537	0.00102979681265	-0.00155346424567	-0.00140164196802	-8.88324246413e-05	-0.00014695727866	2.07346142791e-05	-2.63201505889e-05	5.94807676824e-07	-2.6388335553e-06	2.56229862593e-07	-5.87566160924e-06	8.71802787525e-07	-5.47013855161e-07	1.3591272905e-06	-1.86079092402e-07	-3.50909747483e-07	2.9118453832e-08	-4.0195718981e-08	-6.06591645275e-09	6.97198447324e-13	4.58220914746e-10	-3.74982037934e-10	-8.00328780098e-10	4.48268630815e-10
HMPMockV1.2.Staggered2;k__Bacteria;p__Proteobacteria;c__Betaproteobacteria;o__Burkholderiales;f__Comamonadaceae;g__Comamonas	-0.0424840767452	-0.0133258663194	0.0108571287026	0.00494332462051	0.00511085151401	0.00996551739179	-0.00386045772398	0.00705662670279	-0.00179552053187	4.61831280659e-05	0.000101149955624	-1.00445388514e-05	0.000243715878765	0.000332606337896	-0.000255528265228	8.82836334561e-05	3.86342313971e-05	7.64125980477e-05	9.55612446847e-05	0.000129169838989	-4.61491101121e-05	1.68889872968e-05	-6.62599249312e-05	-2.832323159e-05	1.30316074859e-05	9.64585441521e-08	6.0206822789e-10	4.58223971721e-10	-3.74981870672e-10	-8.00328097577e-10	4.48268602123e-10
HMPMockV1.2.Staggered2;k__Bacteria;p__Proteobacteria;c__Gammaproteobacteria;o__Alteromonadales;f__Alteromonadaceae;g__Microbulbifer	-0.0424840767452	-0.0133258663194	0.0108571287026	0.00494332462051	0.00511085151401	0.00996551739179	-0.00386045772398	0.00705662670279	-0.00179552053187	4.61831280659e-05	0.000101149955624	-1.00445388514e-05	0.000243715878765	0.000332606337896	-0.000255528265228	8.82836334561e-05	3.86342313971e-05	7.64125980477e-05	9.55612446847e-05	0.000129169838989	-4.61491101121e-05	1.68889872968e-05	-6.62599249312e-05	-2.832323159e-05	1.30316074859e-05	9.64585441521e-08	6.0206822789e-10	4.58223971721e-10	-3.74981870672e-10	-8.00328097577e-10	4.48268602123e-10
HMPMockV1.2.Staggered2;k__Bacteria;p__Proteobacteria;c__Alphaproteobacteria;o__Rhizobiales;f__Beijerinckiaceae;g__Chelatococcus	-0.0424840767452	-0.0133258663194	0.0108571287026	0.00494332462051	0.00511085151401	0.00996551739179	-0.00386045772398	0.00705662670279	-0.00179552053187	4.61831280659e-05	0.000101149955624	-1.00445388514e-05	0.000243715878765	0.000332606337896	-0.000255528265228	8.82836334561e-05	3.86342313971e-05	7.64125980477e-05	9.55612446847e-05	0.000129169838989	-4.61491101121e-05	1.68889872968e-05	-6.62599249312e-05	-2.832323159e-05	1.30316074859e-05	9.64585441521e-08	6.0206822789e-10	4.58223971721e-10	-3.74981870672e-10	-8.00328097577e-10	4.48268602123e-10
HMPMockV1.2.Staggered2;k__Bacteria;p__Proteobacteria;c__Alphaproteobacteria;o__Rhodobacterales;f__Rhodobacteraceae;g__Shimia	-0.0424840767452	-0.0133258663194	0.0108571287026	0.00494332462051	0.00511085151401	0.00996551739179	-0.00386045772398	0.00705662670279	-0.00179552053187	4.61831280659e-05	0.000101149955624	-1.00445388514e-05	0.000243715878765	0.000332606337896	-0.000255528265228	8.82836334561e-05	3.86342313971e-05	7.64125980477e-05	9.55612446847e-05	0.000129169838989	-4.61491101121e-05	1.68889872968e-05	-6.62599249312e-05	-2.832323159e-05	1.30316074859e-05	9.64585441521e-08	6.0206822789e-10	4.58223971721e-10	-3.74981870672e-10	-8.00328097577e-10	4.48268602123e-10
HMPMockV1.2.Staggered2;k__Bacteria;p__Proteobacteria;c__Alphaproteobacteria;o__Sphingomonadales;f__Sphingomonadaceae;Other	-0.0420124093534	-0.0128426059458	0.0105636326449	0.00534480400716	0.00441703153074	0.00988004126859	-0.00319459202974	0.0055099728541	-0.00123194218539	0.000202851964141	-0.00040818944994	0.000409706402034	-0.000485600022247	-0.000588969802972	0.000364701967528	-0.00017812383619	-2.71618063157e-05	-2.76711215979e-05	2.25840746085e-05	3.64959163459e-05	7.34009511943e-05	-2.27829136265e-05	-2.35918081473e-05	-4.0411141102e-06	-5.352138042e-06	-2.75328989168e-07	-3.8772954246e-11	4.5822071292e-10	-3.74982048919e-10	-8.00328823575e-10	4.48268631726e-10
HMPMockV1.2.Staggered2;k__Bacteria;p__Firmicutes;c__Bacilli;o__Lactobacillales;f__Aerococcaceae;g__Aerococcus	-0.0705033134782	-0.0403609263945	0.0168147906262	0.0135782059221	-0.0194830479266	-0.0231976393219	-0.00515721134325	0.000598325779868	-0.0029926470206	0.00477061121529	0.000195893621906	0.000156997752329	-9.11428664029e-05	6.5944087389e-05	2.45130666156e-05	-9.84661164265e-06	-6.6497170518e-06	1.93087192581e-05	-6.36342816599e-06	8.52676962869e-07	-2.03600474134e-06	-3.25104025884e-07	1.92366967568e-07	-3.67429243902e-07	-4.56215183404e-08	1.18697435206e-08	1.36742120987e-11	4.58220980774e-10	-3.74982034333e-10	-8.00328765455e-10	4.48268630246e-10
HMPMockV1.2.Staggered2;k__Bacteria;p__Proteobacteria;c__Gammaproteobacteria;o__Thiotrichales;f__Piscirickettsiaceae;g__	-0.0705033134782	-0.0403609263945	0.0168147906262	0.0135782059221	-0.0194830479266	-0.0231976393219	-0.00515721134325	0.000598325779868	-0.0029926470206	0.00477061121529	0.000195893621906	0.000156997752329	-9.11428664029e-05	6.5944087389e-05	2.45130666156e-05	-9.84661164265e-06	-6.6497170518e-06	1.93087192581e-05	-6.36342816599e-06	8.52676962869e-07	-2.03600474134e-06	-3.25104025884e-07	1.92366967568e-07	-3.67429243902e-07	-4.56215183404e-08	1.18697435206e-08	1.36742120987e-11	4.58220980774e-10	-3.74982034333e-10	-8.00328765455e-10	4.48268630246e-10
HMPMockV1.2.Staggered2;k__Bacteria;p__Proteobacteria;c__Deltaproteobacteria;o__;f__;g__	-0.0705033134782	-0.0403609263945	0.0168147906262	0.0135782059221	-0.0194830479266	-0.0231976393219	-0.00515721134325	0.000598325779868	-0.0029926470206	0.00477061121529	0.000195893621906	0.000156997752329	-9.11428664029e-05	6.5944087389e-05	2.45130666156e-05	-9.84661164265e-06	-6.6497170518e-06	1.93087192581e-05	-6.36342816599e-06	8.52676962869e-07	-2.03600474134e-06	-3.25104025884e-07	1.92366967568e-07	-3.67429243902e-07	-4.56215183404e-08	1.18697435206e-08	1.36742120987e-11	4.58220980774e-10	-3.74982034333e-10	-8.00328765455e-10	4.48268630246e-10
HMPMockV1.2.Staggered2;k__Bacteria;p__Proteobacteria;c__Gammaproteobacteria;o__Alteromonadales;f__[Chromatiaceae];Other	-0.0423528966729	-0.0132020083556	0.0108035628116	0.00505392006998	0.00492680050818	0.00994361557984	-0.00373433427602	0.00686640715259	-0.00164489466623	0.00012638428858	8.96520306386e-05	0.000300368744898	0.000274041511096	0.000166910914644	-7.47964632086e-05	3.42189628236e-05	-5.74961714536e-05	-8.2224319317e-05	-0.000117825600567	-0.000257276916876	9.32000308307e-06	-5.14908148686e-06	0.000177222590143	-4.24181563596e-05	7.8012224076e-06	1.59750636715e-07	9.33507221845e-10	4.58225656171e-10	-3.74981778648e-10	-8.0032772203e-10	4.48268586655e-10
HMPMockV1.2.Staggered2;k__Bacteria;p__Proteobacteria;c__Gammaproteobacteria;o__Chromatiales;f__Chromatiaceae;g__Halochromatium	-0.100618408387	-0.0673490952521	0.0230712674689	0.022802044014	-0.0388105734516	-0.0302725072135	-0.0241090745537	0.00102979681265	-0.00155346424567	-0.00140164196802	-8.88324246413e-05	-0.00014695727866	2.07346142791e-05	-2.63201505889e-05	5.94807676824e-07	-2.6388335553e-06	2.56229862593e-07	-5.87566160924e-06	8.71802787525e-07	-5.47013855161e-07	1.3591272905e-06	-1.86079092402e-07	-3.50909747483e-07	2.9118453832e-08	-4.0195718981e-08	-6.06591645275e-09	6.97198447324e-13	4.58220914746e-10	-3.74982037934e-10	-8.00328780098e-10	4.48268630815e-10
HMPMockV1.2.Staggered2;k__Bacteria;p__Proteobacteria;c__Alphaproteobacteria;o__Caulobacterales;f__;g__	-0.100618408387	-0.0673490952521	0.0230712674689	0.022802044014	-0.0388105734516	-0.0302725072135	-0.0241090745537	0.00102979681265	-0.00155346424567	-0.00140164196802	-8.88324246413e-05	-0.00014695727866	2.07346142791e-05	-2.63201505889e-05	5.94807676824e-07	-2.6388335553e-06	2.56229862593e-07	-5.87566160924e-06	8.71802787525e-07	-5.47013855161e-07	1.3591272905e-06	-1.86079092402e-07	-3.50909747483e-07	2.9118453832e-08	-4.0195718981e-08	-6.06591645275e-09	6.97198447324e-13	4.58220914746e-10	-3.74982037934e-10	-8.00328780098e-10	4.48268630815e-10
HMPMockV1.1.Even1;k__Bacteria;p__Firmicutes;c__Clostridia;o__Clostridiales;f__Peptococcaceae;Other	-0.0414558805475	-0.0122759126229	0.0105484106398	0.0056622981464	0.00319671065207	0.0100339448233	-0.00360384603243	-0.00689620753618	-0.00215963314199	0.000294461606409	0.000674534479303	-0.00254737149023	-7.83814097597e-06	0.000118039922842	0.000122122762807	-0.000191743833249	-6.09115878803e-06	7.28434202004e-05	-3.41532231625e-05	4.46974300003e-05	-0.000124254869358	-0.000148316567281	2.03547031268e-05	-1.11524377696e-05	-4.63547917899e-05	4.25817630289e-07	1.04184828359e-10	4.58221442078e-10	-3.74982009933e-10	-8.00328665594e-10	4.48268627709e-10
HMPMockV1.1.Even1;k__Bacteria;p__Actinobacteria;Other;Other;Other;Other	-0.0420164858408	-0.0128524382651	0.0105606590175	0.00532657262415	0.00443216798714	0.00990079591962	-0.00321928195883	0.00548072962652	-0.00124062309589	0.000214090664217	-0.00044804852164	0.000395095081394	-0.000518083994734	-0.000599918984246	0.000370218636629	-0.000188720676071	-2.19780300798e-05	-4.96916893738e-05	1.37783713716e-05	4.92017568655e-05	5.36227440598e-05	-0.000145101158197	-1.56929595425e-05	1.46107110126e-05	6.52169588543e-05	-8.6631142377e-07	3.61712173493e-10	4.58222749448e-10	-3.74981936762e-10	-8.00328365529e-10	4.48268610476e-10
HMPMockV1.1.Even1;k__Bacteria;p__Firmicutes;c__Clostridia;o__Clostridiales;f__Veillonellaceae;Other	-0.0423622065146	-0.0132069512898	0.0108042738479	0.00503393528401	0.00493180046749	0.00983222412018	-0.00366805584409	0.00690375565199	-0.0016726912204	0.000152249434554	7.98751404095e-05	0.000189779386529	0.000214209813862	0.00019320288855	-9.25950901049e-05	0.000116954205531	3.24020728722e-05	-2.38497275874e-05	-0.000103499175842	-6.55881992939e-05	-4.29705961863e-05	9.33115254659e-06	-5.3374124127e-07	0.000107457898798	-2.48245811539e-05	1.17280017235e-07	-2.08451286838e-09	4.58210317476e-10	-3.74982617727e-10	-8.00331148507e-10	4.48268731743e-10
HMPMockV1.1.Even1;k__Bacteria;p__Proteobacteria;c__Deltaproteobacteria;o__Desulfuromonadales;f__Pelobacteraceae;Other	-0.0423528966729	-0.0132020083556	0.0108035628116	0.00505392006998	0.00492680050818	0.00994361557984	-0.00373433427602	0.00686640715259	-0.00164489466623	0.00012638428858	8.96520306386e-05	0.000300368744898	0.000274041511096	0.000166910914644	-7.47964632086e-05	3.42189628236e-05	-5.74961714536e-05	-8.2224319317e-05	-0.000117825600567	-0.000257276916876	9.32000308307e-06	-5.14908148686e-06	0.000177222590143	-4.24181563596e-05	7.8012224076e-06	1.59750636715e-07	9.33507221845e-10	4.58225656171e-10	-3.74981778648e-10	-8.0032772203e-10	4.48268586655e-10
HMPMockV1.1.Even1;k__Bacteria;p__Actinobacteria;c__Actinobacteria;o__Actinomycetales;f__Sporichthyaceae;g__Sporichthya	-0.100618408387	-0.0673490952521	0.0230712674689	0.022802044014	-0.0388105734516	-0.0302725072135	-0.0241090745537	0.00102979681265	-0.00155346424567	-0.00140164196802	-8.88324246413e-05	-0.00014695727866	2.07346142791e-05	-2.63201505889e-05	5.94807676824e-07	-2.6388335553e-06	2.56229862593e-07	-5.87566160924e-06	8.71802787525e-07	-5.47013855161e-07	1.3591272905e-06	-1.86079092402e-07	-3.50909747483e-07	2.9118453832e-08	-4.0195718981e-08	-6.06591645275e-09	6.97198447324e-13	4.58220914746e-10	-3.74982037934e-10	-8.00328780098e-10	4.48268630815e-10
HMPMockV1.1.Even1;k__Bacteria;p__Firmicutes;c__Bacilli;o__Bacillales;f__Paenibacillaceae;g__	-0.100618408387	-0.0673490952521	0.0230712674689	0.022802044014	-0.0388105734516	-0.0302725072135	-0.0241090745537	0.00102979681265	-0.00155346424567	-0.00140164196802	-8.88324246413e-05	-0.00014695727866	2.07346142791e-05	-2.63201505889e-05	5.94807676824e-07	-2.6388335553e-06	2.56229862593e-07	-5.87566160924e-06	8.71802787525e-07	-5.47013855161e-07	1.3591272905e-06	-1.86079092402e-07	-3.50909747483e-07	2.9118453832e-08	-4.0195718981e-08	-6.06591645275e-09	6.97198447324e-13	4.58220914746e-10	-3.74982037934e-10	-8.00328780098e-10	4.48268630815e-10
HMPMockV1.1.Even1;k__Bacteria;p__Proteobacteria;c__Epsilonproteobacteria;o__Campylobacterales;f__Campylobacteraceae;g__	-0.100618408387	-0.0673490952521	0.0230712674689	0.022802044014	-0.0388105734516	-0.0302725072135	-0.0241090745537	0.00102979681265	-0.00155346424567	-0.00140164196802	-8.88324246413e-05	-0.00014695727866	2.07346142791e-05	-2.63201505889e-05	5.94807676824e-07	-2.6388335553e-06	2.56229862593e-07	-5.87566160924e-06	8.71802787525e-07	-5.47013855161e-07	1.3591272905e-06	-1.86079092402e-07	-3.50909747483e-07	2.9118453832e-08	-4.0195718981e-08	-6.06591645275e-09	6.97198447324e-13	4.58220914746e-10	-3.74982037934e-10	-8.00328780098e-10	4.48268630815e-10
HMPMockV1.1.Even1;k__Bacteria;p__[Caldithrix];c__KSB1;o__MSB-5B5;f__;g__	-0.100618408387	-0.0673490952521	0.0230712674689	0.022802044014	-0.0388105734516	-0.0302725072135	-0.0241090745537	0.00102979681265	-0.00155346424567	-0.00140164196802	-8.88324246413e-05	-0.00014695727866	2.07346142791e-05	-2.63201505889e-05	5.94807676824e-07	-2.6388335553e-06	2.56229862593e-07	-5.87566160924e-06	8.71802787525e-07	-5.47013855161e-07	1.3591272905e-06	-1.86079092402e-07	-3.50909747483e-07	2.9118453832e-08	-4.0195718981e-08	-6.06591645275e-09	6.97198447324e-13	4.58220914746e-10	-3.74982037934e-10	-8.00328780098e-10	4.48268630815e-10
HMPMockV1.1.Even1;k__Bacteria;p__Proteobacteria;c__Alphaproteobacteria;o__Rhodobacterales;f__Rhodobacteraceae;g__Anaerospora	-0.100618408387	-0.0673490952521	0.0230712674689	0.022802044014	-0.0388105734516	-0.0302725072135	-0.0241090745537	0.00102979681265	-0.00155346424567	-0.00140164196802	-8.88324246413e-05	-0.00014695727866	2.07346142791e-05	-2.63201505889e-05	5.94807676824e-07	-2.6388335553e-06	2.56229862593e-07	-5.87566160924e-06	8.71802787525e-07	-5.47013855161e-07	1.3591272905e-06	-1.86079092402e-07	-3.50909747483e-07	2.9118453832e-08	-4.0195718981e-08	-6.06591645275e-09	6.97198447324e-13	4.58220914746e-10	-3.74982037934e-10	-8.00328780098e-10	4.48268630815e-10
HMPMockV1.1.Even1;k__Bacteria;p__Proteobacteria;c__Alphaproteobacteria;o__Rhizobiales;f__;g__	-0.100618408387	-0.0673490952521	0.0230712674689	0.022802044014	-0.0388105734516	-0.0302725072135	-0.0241090745537	0.00102979681265	-0.00155346424567	-0.00140164196802	-8.88324246413e-05	-0.00014695727866	2.07346142791e-05	-2.63201505889e-05	5.94807676824e-07	-2.6388335553e-06	2.56229862593e-07	-5.87566160924e-06	8.71802787525e-07	-5.47013855161e-07	1.3591272905e-06	-1.86079092402e-07	-3.50909747483e-07	2.9118453832e-08	-4.0195718981e-08	-6.06591645275e-09	6.97198447324e-13	4.58220914746e-10	-3.74982037934e-10	-8.00328780098e-10	4.48268630815e-10
HMPMockV1.1.Even1;k__Bacteria;p__Proteobacteria;c__Betaproteobacteria;o__Thiobacterales;f__;g__	-0.100618408387	-0.0673490952521	0.0230712674689	0.022802044014	-0.0388105734516	-0.0302725072135	-0.0241090745537	0.00102979681265	-0.00155346424567	-0.00140164196802	-8.88324246413e-05	-0.00014695727866	2.07346142791e-05	-2.63201505889e-05	5.94807676824e-07	-2.6388335553e-06	2.56229862593e-07	-5.87566160924e-06	8.71802787525e-07	-5.47013855161e-07	1.3591272905e-06	-1.86079092402e-07	-3.50909747483e-07	2.9118453832e-08	-4.0195718981e-08	-6.06591645275e-09	6.97198447324e-13	4.58220914746e-10	-3.74982037934e-10	-8.00328780098e-10	4.48268630815e-10
HMPMockV1.1.Even1;k__Bacteria;p__Firmicutes;c__Bacilli;o__Lactobacillales;f__Aerococcaceae;g__Aerococcus	-0.100618408387	-0.0673490952521	0.0230712674689	0.022802044014	-0.0388105734516	-0.0302725072135	-0.0241090745537	0.00102979681265	-0.00155346424567	-0.00140164196802	-8.88324246413e-05	-0.00014695727866	2.07346142791e-05	-2.63201505889e-05	5.94807676824e-07	-2.6388335553e-06	2.56229862593e-07	-5.87566160924e-06	8.71802787525e-07	-5.47013855161e-07	1.3591272905e-06	-1.86079092402e-07	-3.50909747483e-07	2.9118453832e-08	-4.0195718981e-08	-6.06591645275e-09	6.97198447324e-13	4.58220914746e-10	-3.74982037934e-10	-8.00328780098e-10	4.48268630815e-10
HMPMockV1.1.Even1;k__Bacteria;p__Firmicutes;c__Clostridia;o__Clostridiales;f__Syntrophomonadaceae;g__Syntrophomonas	-0.100618408387	-0.0673490952521	0.0230712674689	0.022802044014	-0.0388105734516	-0.0302725072135	-0.0241090745537	0.00102979681265	-0.00155346424567	-0.00140164196802	-8.88324246413e-05	-0.00014695727866	2.07346142791e-05	-2.63201505889e-05	5.94807676824e-07	-2.6388335553e-06	2.56229862593e-07	-5.87566160924e-06	8.71802787525e-07	-5.47013855161e-07	1.3591272905e-06	-1.86079092402e-07	-3.50909747483e-07	2.9118453832e-08	-4.0195718981e-08	-6.06591645275e-09	6.97198447324e-13	4.58220914746e-10	-3.74982037934e-10	-8.00328780098e-10	4.48268630815e-10
HMPMockV1.1.Even1;k__Bacteria;p__Firmicutes;c__Bacilli;o__Bacillales;f__Planococcaceae;g__Solibacillus	-0.100618408387	-0.0673490952521	0.0230712674689	0.022802044014	-0.0388105734516	-0.0302725072135	-0.0241090745537	0.00102979681265	-0.00155346424567	-0.00140164196802	-8.88324246413e-05	-0.00014695727866	2.07346142791e-05	-2.63201505889e-05	5.94807676824e-07	-2.6388335553e-06	2.56229862593e-07	-5.87566160924e-06	8.71802787525e-07	-5.47013855161e-07	1.3591272905e-06	-1.86079092402e-07	-3.50909747483e-07	2.9118453832e-08	-4.0195718981e-08	-6.06591645275e-09	6.97198447324e-13	4.58220914746e-10	-3.74982037934e-10	-8.00328780098e-10	4.48268630815e-10
HMPMockV1.1.Even1;k__Bacteria;p__Firmicutes;c__Clostridia;o__Clostridiales;f__Christensenellaceae;g__	-0.100618408387	-0.0673490952521	0.0230712674689	0.022802044014	-0.0388105734516	-0.0302725072135	-0.0241090745537	0.00102979681265	-0.00155346424567	-0.00140164196802	-8.88324246413e-05	-0.00014695727866	2.07346142791e-05	-2.63201505889e-05	5.94807676824e-07	-2.6388335553e-06	2.56229862593e-07	-5.87566160924e-06	8.71802787525e-07	-5.47013855161e-07	1.3591272905e-06	-1.86079092402e-07	-3.50909747483e-07	2.9118453832e-08	-4.0195718981e-08	-6.06591645275e-09	6.97198447324e-13	4.58220914746e-10	-3.74982037934e-10	-8.00328780098e-10	4.48268630815e-10
HMPMockV1.1.Even1;k__Bacteria;p__Proteobacteria;c__Deltaproteobacteria;o__Desulfuromonadales;f__Geobacteraceae;g__	-0.100618408387	-0.0673490952521	0.0230712674689	0.022802044014	-0.0388105734516	-0.0302725072135	-0.0241090745537	0.00102979681265	-0.00155346424567	-0.00140164196802	-8.88324246413e-05	-0.00014695727866	2.07346142791e-05	-2.63201505889e-05	5.94807676824e-07	-2.6388335553e-06	2.56229862593e-07	-5.87566160924e-06	8.71802787525e-07	-5.47013855161e-07	1.3591272905e-06	-1.86079092402e-07	-3.50909747483e-07	2.9118453832e-08	-4.0195718981e-08	-6.06591645275e-09	6.97198447324e-13	4.58220914746e-10	-3.74982037934e-10	-8.00328780098e-10	4.48268630815e-10
HMPMockV1.1.Even1;k__Bacteria;p__Proteobacteria;c__Deltaproteobacteria;o__Syntrophobacterales;f__;g__	-0.100618408387	-0.0673490952521	0.0230712674689	0.022802044014	-0.0388105734516	-0.0302725072135	-0.0241090745537	0.00102979681265	-0.00155346424567	-0.00140164196802	-8.88324246413e-05	-0.00014695727866	2.07346142791e-05	-2.63201505889e-05	5.94807676824e-07	-2.6388335553e-06	2.56229862593e-07	-5.87566160924e-06	8.71802787525e-07	-5.47013855161e-07	1.3591272905e-06	-1.86079092402e-07	-3.50909747483e-07	2.9118453832e-08	-4.0195718981e-08	-6.06591645275e-09	6.97198447324e-13	4.58220914746e-10	-3.74982037934e-10	-8.00328780098e-10	4.48268630815e-10
HMPMockV1.1.Even1;k__Bacteria;p__Proteobacteria;c__Gammaproteobacteria;o__[Marinicellales];f__[Marinicellaceae];g__	-0.100618408387	-0.0673490952521	0.0230712674689	0.022802044014	-0.0388105734516	-0.0302725072135	-0.0241090745537	0.00102979681265	-0.00155346424567	-0.00140164196802	-8.88324246413e-05	-0.00014695727866	2.07346142791e-05	-2.63201505889e-05	5.94807676824e-07	-2.6388335553e-06	2.56229862593e-07	-5.87566160924e-06	8.71802787525e-07	-5.47013855161e-07	1.3591272905e-06	-1.86079092402e-07	-3.50909747483e-07	2.9118453832e-08	-4.0195718981e-08	-6.06591645275e-09	6.97198447324e-13	4.58220914746e-10	-3.74982037934e-10	-8.00328780098e-10	4.48268630815e-10
HMPMockV1.1.Even1;k__Bacteria;p__Proteobacteria;c__Gammaproteobacteria;o__HTCC2188;f__;g__	-0.100618408387	-0.0673490952521	0.0230712674689	0.022802044014	-0.0388105734516	-0.0302725072135	-0.0241090745537	0.00102979681265	-0.00155346424567	-0.00140164196802	-8.88324246413e-05	-0.00014695727866	2.07346142791e-05	-2.63201505889e-05	5.94807676824e-07	-2.6388335553e-06	2.56229862593e-07	-5.87566160924e-06	8.71802787525e-07	-5.47013855161e-07	1.3591272905e-06	-1.86079092402e-07	-3.50909747483e-07	2.9118453832e-08	-4.0195718981e-08	-6.06591645275e-09	6.97198447324e-13	4.58220914746e-10	-3.74982037934e-10	-8.00328780098e-10	4.48268630815e-10
HMPMockV1.1.Even1;k__Bacteria;p__Proteobacteria;c__Deltaproteobacteria;o__Syntrophobacterales;f__Syntrophobacteraceae;Other	-0.100618408387	-0.0673490952521	0.0230712674689	0.022802044014	-0.0388105734516	-0.0302725072135	-0.0241090745537	0.00102979681265	-0.00155346424567	-0.00140164196802	-8.88324246413e-05	-0.00014695727866	2.07346142791e-05	-2.63201505889e-05	5.94807676824e-07	-2.6388335553e-06	2.56229862593e-07	-5.87566160924e-06	8.71802787525e-07	-5.47013855161e-07	1.3591272905e-06	-1.86079092402e-07	-3.50909747483e-07	2.9118453832e-08	-4.0195718981e-08	-6.06591645275e-09	6.97198447324e-13	4.58220914746e-10	-3.74982037934e-10	-8.00328780098e-10	4.48268630815e-10
HMPMockV1.1.Even1;k__Bacteria;p__Firmicutes;c__Bacilli;o__Gemellales;f__Gemellaceae;g__	-0.100618408387	-0.0673490952521	0.0230712674689	0.022802044014	-0.0388105734516	-0.0302725072135	-0.0241090745537	0.00102979681265	-0.00155346424567	-0.00140164196802	-8.88324246413e-05	-0.00014695727866	2.07346142791e-05	-2.63201505889e-05	5.94807676824e-07	-2.6388335553e-06	2.56229862593e-07	-5.87566160924e-06	8.71802787525e-07	-5.47013855161e-07	1.3591272905e-06	-1.86079092402e-07	-3.50909747483e-07	2.9118453832e-08	-4.0195718981e-08	-6.06591645275e-09	6.97198447324e-13	4.58220914746e-10	-3.74982037934e-10	-8.00328780098e-10	4.48268630815e-10
HMPMockV1.1.Even1;k__Bacteria;p__Proteobacteria;c__Alphaproteobacteria;o__Rhizobiales;f__Rhizobiaceae;g__Agrobacterium	-0.100618408387	-0.0673490952521	0.0230712674689	0.022802044014	-0.0388105734516	-0.0302725072135	-0.0241090745537	0.00102979681265	-0.00155346424567	-0.00140164196802	-8.88324246413e-05	-0.00014695727866	2.07346142791e-05	-2.63201505889e-05	5.94807676824e-07	-2.6388335553e-06	2.56229862593e-07	-5.87566160924e-06	8.71802787525e-07	-5.47013855161e-07	1.3591272905e-06	-1.86079092402e-07	-3.50909747483e-07	2.9118453832e-08	-4.0195718981e-08	-6.06591645275e-09	6.97198447324e-13	4.58220914746e-10	-3.74982037934e-10	-8.00328780098e-10	4.48268630815e-10
HMPMockV1.1.Even1;k__Bacteria;p__Proteobacteria;c__Alphaproteobacteria;o__Rhodobacterales;f__Hyphomonadaceae;g__	-0.0403882185694	-0.0133727575369	0.0105583137834	0.00435436783014	-0.000155522401612	-0.0161227714303	0.0137946518672	0.000166854747085	-0.00443182979553	0.0109428643986	0.000480619668454	0.000460952783319	-0.000203020347085	0.000158208325367	4.84313255543e-05	-1.705438973e-05	-1.35556639662e-05	4.44931001254e-05	-1.35986591195e-05	2.2523677809e-06	-5.43113677319e-06	-4.64128959366e-07	7.3564368262e-07	-7.63976941637e-07	-5.10473176998e-08	2.9805403494e-08	2.665122575e-11	4.58221046801e-10	-3.74982030731e-10	-8.00328750812e-10	4.48268629676e-10
HMPMockV1.1.Even1;k__Bacteria;p__Proteobacteria;c__Gammaproteobacteria;o__Oceanospirillales;f__Oceanospirillaceae;g__Oleibacter	-0.0403882185694	-0.0133727575369	0.0105583137834	0.00435436783014	-0.000155522401612	-0.0161227714303	0.0137946518672	0.000166854747085	-0.00443182979553	0.0109428643986	0.000480619668454	0.000460952783319	-0.000203020347085	0.000158208325367	4.84313255543e-05	-1.705438973e-05	-1.35556639662e-05	4.44931001254e-05	-1.35986591195e-05	2.2523677809e-06	-5.43113677319e-06	-4.64128959366e-07	7.3564368262e-07	-7.63976941637e-07	-5.10473176998e-08	2.9805403494e-08	2.665122575e-11	4.58221046801e-10	-3.74982030731e-10	-8.00328750812e-10	4.48268629676e-10
HMPMockV1.1.Even2;k__Bacteria;p__Proteobacteria;c__Deltaproteobacteria;o__Desulfovibrionales;Other;Other	-0.0420164858408	-0.0128524382651	0.0105606590175	0.00532657262415	0.00443216798714	0.00990079591962	-0.00321928195883	0.00548072962652	-0.00124062309589	0.000214090664217	-0.00044804852164	0.000395095081394	-0.000518083994734	-0.000599918984246	0.000370218636629	-0.000188720676071	-2.19780300798e-05	-4.96916893738e-05	1.37783713716e-05	4.92017568655e-05	5.36227440598e-05	-0.000145101158197	-1.56929595425e-05	1.46107110126e-05	6.52169588543e-05	-8.6631142377e-07	3.61712173493e-10	4.58222749448e-10	-3.74981936762e-10	-8.00328365529e-10	4.48268610476e-10
HMPMockV1.1.Even2;k__Bacteria;p__Proteobacteria;c__Alphaproteobacteria;o__Sphingomonadales;Other;Other	-0.0420164858408	-0.0128524382651	0.0105606590175	0.00532657262415	0.00443216798714	0.00990079591962	-0.00321928195883	0.00548072962652	-0.00124062309589	0.000214090664217	-0.00044804852164	0.000395095081394	-0.000518083994734	-0.000599918984246	0.000370218636629	-0.000188720676071	-2.19780300798e-05	-4.96916893738e-05	1.37783713716e-05	4.92017568655e-05	5.36227440598e-05	-0.000145101158197	-1.56929595425e-05	1.46107110126e-05	6.52169588543e-05	-8.6631142377e-07	3.61712173493e-10	4.58222749448e-10	-3.74981936762e-10	-8.00328365529e-10	4.48268610476e-10
HMPMockV1.1.Even2;k__Bacteria;p__Proteobacteria;c__Gammaproteobacteria;o__Oceanospirillales;Other;Other	-0.0420164858408	-0.0128524382651	0.0105606590175	0.00532657262415	0.00443216798714	0.00990079591962	-0.00321928195883	0.00548072962652	-0.00124062309589	0.000214090664217	-0.00044804852164	0.000395095081394	-0.000518083994734	-0.000599918984246	0.000370218636629	-0.000188720676071	-2.19780300798e-05	-4.96916893738e-05	1.37783713716e-05	4.92017568655e-05	5.36227440598e-05	-0.000145101158197	-1.56929595425e-05	1.46107110126e-05	6.52169588543e-05	-8.6631142377e-07	3.61712173493e-10	4.58222749448e-10	-3.74981936762e-10	-8.00328365529e-10	4.48268610476e-10
HMPMockV1.1.Even2;k__Bacteria;p__Proteobacteria;c__Gammaproteobacteria;o__Alteromonadales;f__Alteromonadaceae;Other	-0.0423622065146	-0.0132069512898	0.0108042738479	0.00503393528401	0.00493180046749	0.00983222412018	-0.00366805584409	0.00690375565199	-0.0016726912204	0.000152249434554	7.98751404095e-05	0.000189779386529	0.000214209813862	0.00019320288855	-9.25950901049e-05	0.000116954205531	3.24020728722e-05	-2.38497275874e-05	-0.000103499175842	-6.55881992939e-05	-4.29705961863e-05	9.33115254659e-06	-5.3374124127e-07	0.000107457898798	-2.48245811539e-05	1.17280017235e-07	-2.08451286838e-09	4.58210317476e-10	-3.74982617727e-10	-8.00331148507e-10	4.48268731743e-10
HMPMockV1.1.Even2;k__Bacteria;p__Proteobacteria;c__Deltaproteobacteria;o__Syntrophobacterales;Other;Other	-0.0423622065146	-0.0132069512898	0.0108042738479	0.00503393528401	0.00493180046749	0.00983222412018	-0.00366805584409	0.00690375565199	-0.0016726912204	0.000152249434554	7.98751404095e-05	0.000189779386529	0.000214209813862	0.00019320288855	-9.25950901049e-05	0.000116954205531	3.24020728722e-05	-2.38497275874e-05	-0.000103499175842	-6.55881992939e-05	-4.29705961863e-05	9.33115254659e-06	-5.3374124127e-07	0.000107457898798	-2.48245811539e-05	1.17280017235e-07	-2.08451286838e-09	4.58210317476e-10	-3.74982617727e-10	-8.00331148507e-10	4.48268731743e-10
HMPMockV1.1.Even2;k__Bacteria;p__Proteobacteria;c__Betaproteobacteria;o__Nitrosomonadales;f__Nitrosomonadaceae;Other	-0.0423622065146	-0.0132069512898	0.0108042738479	0.00503393528401	0.00493180046749	0.00983222412018	-0.00366805584409	0.00690375565199	-0.0016726912204	0.000152249434554	7.98751404095e-05	0.000189779386529	0.000214209813862	0.00019320288855	-9.25950901049e-05	0.000116954205531	3.24020728722e-05	-2.38497275874e-05	-0.000103499175842	-6.55881992939e-05	-4.29705961863e-05	9.33115254659e-06	-5.3374124127e-07	0.000107457898798	-2.48245811539e-05	1.17280017235e-07	-2.08451286838e-09	4.58210317476e-10	-3.74982617727e-10	-8.00331148507e-10	4.48268731743e-10
HMPMockV1.1.Even2;k__Bacteria;p__Proteobacteria;c__Deltaproteobacteria;o__Desulfuromonadales;f__Pelobacteraceae;Other	-0.0423528966729	-0.0132020083556	0.0108035628116	0.00505392006998	0.00492680050818	0.00994361557984	-0.00373433427602	0.00686640715259	-0.00164489466623	0.00012638428858	8.96520306386e-05	0.000300368744898	0.000274041511096	0.000166910914644	-7.47964632086e-05	3.42189628236e-05	-5.74961714536e-05	-8.2224319317e-05	-0.000117825600567	-0.000257276916876	9.32000308307e-06	-5.14908148686e-06	0.000177222590143	-4.24181563596e-05	7.8012224076e-06	1.59750636715e-07	9.33507221845e-10	4.58225656171e-10	-3.74981778648e-10	-8.0032772203e-10	4.48268586655e-10
HMPMockV1.1.Even2;k__Bacteria;p__[Caldithrix];c__KSB1;o__MSB-5B5;f__;g__	-0.100618408387	-0.0673490952521	0.0230712674689	0.022802044014	-0.0388105734516	-0.0302725072135	-0.0241090745537	0.00102979681265	-0.00155346424567	-0.00140164196802	-8.88324246413e-05	-0.00014695727866	2.07346142791e-05	-2.63201505889e-05	5.94807676824e-07	-2.6388335553e-06	2.56229862593e-07	-5.87566160924e-06	8.71802787525e-07	-5.47013855161e-07	1.3591272905e-06	-1.86079092402e-07	-3.50909747483e-07	2.9118453832e-08	-4.0195718981e-08	-6.06591645275e-09	6.97198447324e-13	4.58220914746e-10	-3.74982037934e-10	-8.00328780098e-10	4.48268630815e-10
HMPMockV1.1.Even2;k__Bacteria;p__Proteobacteria;c__Alphaproteobacteria;o__Rhodospirillales;f__Rhodospirillaceae;g__	-0.100618408387	-0.0673490952521	0.0230712674689	0.022802044014	-0.0388105734516	-0.0302725072135	-0.0241090745537	0.00102979681265	-0.00155346424567	-0.00140164196802	-8.88324246413e-05	-0.00014695727866	2.07346142791e-05	-2.63201505889e-05	5.94807676824e-07	-2.6388335553e-06	2.56229862593e-07	-5.87566160924e-06	8.71802787525e-07	-5.47013855161e-07	1.3591272905e-06	-1.86079092402e-07	-3.50909747483e-07	2.9118453832e-08	-4.0195718981e-08	-6.06591645275e-09	6.97198447324e-13	4.58220914746e-10	-3.74982037934e-10	-8.00328780098e-10	4.48268630815e-10
HMPMockV1.1.Even2;k__Bacteria;p__Firmicutes;c__Bacilli;o__Bacillales;f__Bacillaceae;g__Pontibacillus	-0.100618408387	-0.0673490952521	0.0230712674689	0.022802044014	-0.0388105734516	-0.0302725072135	-0.0241090745537	0.00102979681265	-0.00155346424567	-0.00140164196802	-8.88324246413e-05	-0.00014695727866	2.07346142791e-05	-2.63201505889e-05	5.94807676824e-07	-2.6388335553e-06	2.56229862593e-07	-5.87566160924e-06	8.71802787525e-07	-5.47013855161e-07	1.3591272905e-06	-1.86079092402e-07	-3.50909747483e-07	2.9118453832e-08	-4.0195718981e-08	-6.06591645275e-09	6.97198447324e-13	4.58220914746e-10	-3.74982037934e-10	-8.00328780098e-10	4.48268630815e-10
HMPMockV1.1.Even2;k__Bacteria;p__Proteobacteria;c__Gammaproteobacteria;o__Enterobacteriales;f__Enterobacteriaceae;g__Proteus	-0.100618408387	-0.0673490952521	0.0230712674689	0.022802044014	-0.0388105734516	-0.0302725072135	-0.0241090745537	0.00102979681265	-0.00155346424567	-0.00140164196802	-8.88324246413e-05	-0.00014695727866	2.07346142791e-05	-2.63201505889e-05	5.94807676824e-07	-2.6388335553e-06	2.56229862593e-07	-5.87566160924e-06	8.71802787525e-07	-5.47013855161e-07	1.3591272905e-06	-1.86079092402e-07	-3.50909747483e-07	2.9118453832e-08	-4.0195718981e-08	-6.06591645275e-09	6.97198447324e-13	4.58220914746e-10	-3.74982037934e-10	-8.00328780098e-10	4.48268630815e-10
HMPMockV1.1.Even2;k__Bacteria;p__Proteobacteria;c__Epsilonproteobacteria;o__Campylobacterales;f__Campylobacteraceae;g__	-0.100618408387	-0.0673490952521	0.0230712674689	0.022802044014	-0.0388105734516	-0.0302725072135	-0.0241090745537	0.00102979681265	-0.00155346424567	-0.00140164196802	-8.88324246413e-05	-0.00014695727866	2.07346142791e-05	-2.63201505889e-05	5.94807676824e-07	-2.6388335553e-06	2.56229862593e-07	-5.87566160924e-06	8.71802787525e-07	-5.47013855161e-07	1.3591272905e-06	-1.86079092402e-07	-3.50909747483e-07	2.9118453832e-08	-4.0195718981e-08	-6.06591645275e-09	6.97198447324e-13	4.58220914746e-10	-3.74982037934e-10	-8.00328780098e-10	4.48268630815e-10
HMPMockV1.1.Even2;k__Bacteria;p__Firmicutes;c__Bacilli;o__Gemellales;f__Gemellaceae;g__	-0.100618408387	-0.0673490952521	0.0230712674689	0.022802044014	-0.0388105734516	-0.0302725072135	-0.0241090745537	0.00102979681265	-0.00155346424567	-0.00140164196802	-8.88324246413e-05	-0.00014695727866	2.07346142791e-05	-2.63201505889e-05	5.94807676824e-07	-2.6388335553e-06	2.56229862593e-07	-5.87566160924e-06	8.71802787525e-07	-5.47013855161e-07	1.3591272905e-06	-1.86079092402e-07	-3.50909747483e-07	2.9118453832e-08	-4.0195718981e-08	-6.06591645275e-09	6.97198447324e-13	4.58220914746e-10	-3.74982037934e-10	-8.00328780098e-10	4.48268630815e-10
HMPMockV1.1.Even2;k__Bacteria;p__Proteobacteria;c__Gammaproteobacteria;o__[Marinicellales];f__[Marinicellaceae];g__	-0.100618408387	-0.0673490952521	0.0230712674689	0.022802044014	-0.0388105734516	-0.0302725072135	-0.0241090745537	0.00102979681265	-0.00155346424567	-0.00140164196802	-8.88324246413e-05	-0.00014695727866	2.07346142791e-05	-2.63201505889e-05	5.94807676824e-07	-2.6388335553e-06	2.56229862593e-07	-5.87566160924e-06	8.71802787525e-07	-5.47013855161e-07	1.3591272905e-06	-1.86079092402e-07	-3.50909747483e-07	2.9118453832e-08	-4.0195718981e-08	-6.06591645275e-09	6.97198447324e-13	4.58220914746e-10	-3.74982037934e-10	-8.00328780098e-10	4.48268630815e-10
HMPMockV1.1.Even2;k__Bacteria;p__Proteobacteria;c__Betaproteobacteria;o__Methylophilales;f__Methylophilaceae;g__	-0.100618408387	-0.0673490952521	0.0230712674689	0.022802044014	-0.0388105734516	-0.0302725072135	-0.0241090745537	0.00102979681265	-0.00155346424567	-0.00140164196802	-8.88324246413e-05	-0.00014695727866	2.07346142791e-05	-2.63201505889e-05	5.94807676824e-07	-2.6388335553e-06	2.56229862593e-07	-5.87566160924e-06	8.71802787525e-07	-5.47013855161e-07	1.3591272905e-06	-1.86079092402e-07	-3.50909747483e-07	2.9118453832e-08	-4.0195718981e-08	-6.06591645275e-09	6.97198447324e-13	4.58220914746e-10	-3.74982037934e-10	-8.00328780098e-10	4.48268630815e-10
HMPMockV1.1.Even2;k__Bacteria;p__Proteobacteria;c__Deltaproteobacteria;o__Syntrophobacterales;f__;g__	-0.100618408387	-0.0673490952521	0.0230712674689	0.022802044014	-0.0388105734516	-0.0302725072135	-0.0241090745537	0.00102979681265	-0.00155346424567	-0.00140164196802	-8.88324246413e-05	-0.00014695727866	2.07346142791e-05	-2.63201505889e-05	5.94807676824e-07	-2.6388335553e-06	2.56229862593e-07	-5.87566160924e-06	8.71802787525e-07	-5.47013855161e-07	1.3591272905e-06	-1.86079092402e-07	-3.50909747483e-07	2.9118453832e-08	-4.0195718981e-08	-6.06591645275e-09	6.97198447324e-13	4.58220914746e-10	-3.74982037934e-10	-8.00328780098e-10	4.48268630815e-10
HMPMockV1.1.Even2;k__Bacteria;p__Proteobacteria;c__Alphaproteobacteria;o__Rhodobacterales;f__Rhodobacteraceae;g__Paracoccus	-0.100618408387	-0.0673490952521	0.0230712674689	0.022802044014	-0.0388105734516	-0.0302725072135	-0.0241090745537	0.00102979681265	-0.00155346424567	-0.00140164196802	-8.88324246413e-05	-0.00014695727866	2.07346142791e-05	-2.63201505889e-05	5.94807676824e-07	-2.6388335553e-06	2.56229862593e-07	-5.87566160924e-06	8.71802787525e-07	-5.47013855161e-07	1.3591272905e-06	-1.86079092402e-07	-3.50909747483e-07	2.9118453832e-08	-4.0195718981e-08	-6.06591645275e-09	6.97198447324e-13	4.58220914746e-10	-3.74982037934e-10	-8.00328780098e-10	4.48268630815e-10
HMPMockV1.1.Even2;k__Bacteria;p__Proteobacteria;c__Alphaproteobacteria;o__Rhizobiales;f__Rhizobiaceae;Other	-0.100618408387	-0.0673490952521	0.0230712674689	0.022802044014	-0.0388105734516	-0.0302725072135	-0.0241090745537	0.00102979681265	-0.00155346424567	-0.00140164196802	-8.88324246413e-05	-0.00014695727866	2.07346142791e-05	-2.63201505889e-05	5.94807676824e-07	-2.6388335553e-06	2.56229862593e-07	-5.87566160924e-06	8.71802787525e-07	-5.47013855161e-07	1.3591272905e-06	-1.86079092402e-07	-3.50909747483e-07	2.9118453832e-08	-4.0195718981e-08	-6.06591645275e-09	6.97198447324e-13	4.58220914746e-10	-3.74982037934e-10	-8.00328780098e-10	4.48268630815e-10
HMPMockV1.1.Even2;k__Bacteria;p__Proteobacteria;c__Gammaproteobacteria;o__Chromatiales;f__Chromatiaceae;g__	-0.100618408387	-0.0673490952521	0.0230712674689	0.022802044014	-0.0388105734516	-0.0302725072135	-0.0241090745537	0.00102979681265	-0.00155346424567	-0.00140164196802	-8.88324246413e-05	-0.00014695727866	2.07346142791e-05	-2.63201505889e-05	5.94807676824e-07	-2.6388335553e-06	2.56229862593e-07	-5.87566160924e-06	8.71802787525e-07	-5.47013855161e-07	1.3591272905e-06	-1.86079092402e-07	-3.50909747483e-07	2.9118453832e-08	-4.0195718981e-08	-6.06591645275e-09	6.97198447324e-13	4.58220914746e-10	-3.74982037934e-10	-8.00328780098e-10	4.48268630815e-10
HMPMockV1.1.Even2;k__Bacteria;p__Firmicutes;c__Clostridia;o__Clostridiales;f__Gracilibacteraceae;g__	-0.100618408387	-0.0673490952521	0.0230712674689	0.022802044014	-0.0388105734516	-0.0302725072135	-0.0241090745537	0.00102979681265	-0.00155346424567	-0.00140164196802	-8.88324246413e-05	-0.00014695727866	2.07346142791e-05	-2.63201505889e-05	5.94807676824e-07	-2.6388335553e-06	2.56229862593e-07	-5.87566160924e-06	8.71802787525e-07	-5.47013855161e-07	1.3591272905e-06	-1.86079092402e-07	-3.50909747483e-07	2.9118453832e-08	-4.0195718981e-08	-6.06591645275e-09	6.97198447324e-13	4.58220914746e-10	-3.74982037934e-10	-8.00328780098e-10	4.48268630815e-10
HMPMockV1.1.Even2;k__Bacteria;p__Actinobacteria;c__Actinobacteria;o__Actinomycetales;f__Sporichthyaceae;g__Sporichthya	-0.100618408387	-0.0673490952521	0.0230712674689	0.022802044014	-0.0388105734516	-0.0302725072135	-0.0241090745537	0.00102979681265	-0.00155346424567	-0.00140164196802	-8.88324246413e-05	-0.00014695727866	2.07346142791e-05	-2.63201505889e-05	5.94807676824e-07	-2.6388335553e-06	2.56229862593e-07	-5.87566160924e-06	8.71802787525e-07	-5.47013855161e-07	1.3591272905e-06	-1.86079092402e-07	-3.50909747483e-07	2.9118453832e-08	-4.0195718981e-08	-6.06591645275e-09	6.97198447324e-13	4.58220914746e-10	-3.74982037934e-10	-8.00328780098e-10	4.48268630815e-10
HMPMockV1.1.Even2;k__Bacteria;p__Proteobacteria;c__Alphaproteobacteria;o__Rhodobacterales;f__Hyphomonadaceae;g__	-0.0403882185694	-0.0133727575369	0.0105583137834	0.00435436783014	-0.000155522401612	-0.0161227714303	0.0137946518672	0.000166854747085	-0.00443182979553	0.0109428643986	0.000480619668454	0.000460952783319	-0.000203020347085	0.000158208325367	4.84313255543e-05	-1.705438973e-05	-1.35556639662e-05	4.44931001254e-05	-1.35986591195e-05	2.2523677809e-06	-5.43113677319e-06	-4.64128959366e-07	7.3564368262e-07	-7.63976941637e-07	-5.10473176998e-08	2.9805403494e-08	2.665122575e-11	4.58221046801e-10	-3.74982030731e-10	-8.00328750812e-10	4.48268629676e-10
HMPMockV1.1.Even2;k__Bacteria;p__Firmicutes;c__Clostridia;o__Clostridiales;f__Clostridiaceae;g__02d06	-0.0403882185694	-0.0133727575369	0.0105583137834	0.00435436783014	-0.000155522401612	-0.0161227714303	0.0137946518672	0.000166854747085	-0.00443182979553	0.0109428643986	0.000480619668454	0.000460952783319	-0.000203020347085	0.000158208325367	4.84313255543e-05	-1.705438973e-05	-1.35556639662e-05	4.44931001254e-05	-1.35986591195e-05	2.2523677809e-06	-5.43113677319e-06	-4.64128959366e-07	7.3564368262e-07	-7.63976941637e-07	-5.10473176998e-08	2.9805403494e-08	2.665122575e-11	4.58221046801e-10	-3.74982030731e-10	-8.00328750812e-10	4.48268629676e-10
HMPMockV1.2.Staggered1;k__Bacteria;p__Bacteroidetes;c__Bacteroidia;o__Bacteroidales;f__Bacteroidaceae;Other	0.0557315053613	0.183427251919	-0.0792933050558	0.048998276289	0.0200072338222	-0.00510789947948	-0.00874614544037	-2.11208857034e-05	0.00114204630469	0.000773784306201	0.000183039359688	2.81349461039e-05	-2.31706778293e-05	7.48464327987e-06	2.14002200862e-06	2.3268752772e-06	-3.75542704648e-07	1.41963299593e-06	-2.83783428067e-07	9.5548486343e-08	-7.89008755867e-07	3.06434859916e-07	4.17842927105e-08	-4.16040632605e-08	9.65089084811e-08	3.11072302091e-09	4.09264985029e-12	4.58220932042e-10	-3.74982036989e-10	-8.00328776286e-10	4.48268630681e-10
HMPMockV1.2.Staggered1;k__Bacteria;p__Actinobacteria;c__Actinobacteria;Other;Other;Other	0.0557315053613	0.183427251919	-0.0792933050558	0.048998276289	0.0200072338222	-0.00510789947948	-0.00874614544037	-2.11208857034e-05	0.00114204630469	0.000773784306201	0.000183039359688	2.81349461039e-05	-2.31706778293e-05	7.48464327987e-06	2.14002200862e-06	2.3268752772e-06	-3.75542704648e-07	1.41963299593e-06	-2.83783428067e-07	9.5548486343e-08	-7.89008755867e-07	3.06434859916e-07	4.17842927105e-08	-4.16040632605e-08	9.65089084811e-08	3.11072302091e-09	4.09264985029e-12	4.58220932042e-10	-3.74982036989e-10	-8.00328776286e-10	4.48268630681e-10
HMPMockV1.2.Staggered1;k__Bacteria;p__Proteobacteria;c__Deltaproteobacteria;o__Desulfovibrionales;Other;Other	-0.0420164858408	-0.0128524382651	0.0105606590175	0.00532657262415	0.00443216798714	0.00990079591962	-0.00321928195883	0.00548072962652	-0.00124062309589	0.000214090664217	-0.00044804852164	0.000395095081394	-0.000518083994734	-0.000599918984246	0.000370218636629	-0.000188720676071	-2.19780300798e-05	-4.96916893738e-05	1.37783713716e-05	4.92017568655e-05	5.36227440598e-05	-0.000145101158197	-1.56929595425e-05	1.46107110126e-05	6.52169588543e-05	-8.6631142377e-07	3.61712173493e-10	4.58222749448e-10	-3.74981936762e-10	-8.00328365529e-10	4.48268610476e-10
HMPMockV1.2.Staggered1;k__Bacteria;p__Firmicutes;c__Bacilli;o__Lactobacillales;f__Carnobacteriaceae;Other	-0.0423622065146	-0.0132069512898	0.0108042738479	0.00503393528401	0.00493180046749	0.00983222412018	-0.00366805584409	0.00690375565199	-0.0016726912204	0.000152249434554	7.98751404095e-05	0.000189779386529	0.000214209813862	0.00019320288855	-9.25950901049e-05	0.000116954205531	3.24020728722e-05	-2.38497275874e-05	-0.000103499175842	-6.55881992939e-05	-4.29705961863e-05	9.33115254659e-06	-5.3374124127e-07	0.000107457898798	-2.48245811539e-05	1.17280017235e-07	-2.08451286838e-09	4.58210317476e-10	-3.74982617727e-10	-8.00331148507e-10	4.48268731743e-10
HMPMockV1.2.Staggered1;k__Bacteria;p__Proteobacteria;c__Deltaproteobacteria;o__Desulfobacterales;f__Desulfobulbaceae;Other	-0.0420083328661	-0.0128327736264	0.0105666062723	0.00536303539018	0.00440189507434	0.00985928661755	-0.00316990210065	0.00553921608169	-0.00122326127489	0.000191613264065	-0.00036833037824	0.000424317722675	-0.00045311604976	-0.000578020621698	0.000359185298427	-0.000167526996309	-3.23455825517e-05	-5.65055382195e-06	3.13897778454e-05	2.37900758262e-05	9.31791583288e-05	9.9535330944e-05	-3.14906567522e-05	-2.2692939233e-05	-7.59212349383e-05	3.15653445434e-07	-4.39258081985e-10	4.58218676392e-10	-3.74982161076e-10	-8.00329281621e-10	4.48268652977e-10
HMPMockV1.2.Staggered1;k__Bacteria;p__[Thermi];c__Deinococci;o__Deinococcales;Other;Other	-0.0274747084714	0.001703345331	0.00393531871522	0.0097798010307	-0.00992142447445	-0.00151827134382	0.0123431571086	0.00189638744844	0.00736804516692	-0.00170156071161	-0.000599455256109	1.98452248283e-05	-0.000401694362389	0.000401260030022	0.00057322679153	6.99671860868e-05	-2.70469343811e-05	0.000173264113086	0.000322286779545	-0.000118170929072	-0.000120087108299	3.25182161938e-05	1.17745202659e-05	4.75435092351e-06	7.6132280437e-06	4.48808703805e-07	2.78169864587e-10	4.58222327105e-10	-3.74981960944e-10	-8.00328467632e-10	4.48268619335e-10
HMPMockV1.2.Staggered1;k__Bacteria;p__Proteobacteria;c__Alphaproteobacteria;o__Sphingomonadales;f__Erythrobacteraceae;Other	-0.0423528966729	-0.0132020083556	0.0108035628116	0.00505392006998	0.00492680050818	0.00994361557984	-0.00373433427602	0.00686640715259	-0.00164489466623	0.00012638428858	8.96520306386e-05	0.000300368744898	0.000274041511096	0.000166910914644	-7.47964632086e-05	3.42189628236e-05	-5.74961714536e-05	-8.2224319317e-05	-0.000117825600567	-0.000257276916876	9.32000308307e-06	-5.14908148686e-06	0.000177222590143	-4.24181563596e-05	7.8012224076e-06	1.59750636715e-07	9.33507221845e-10	4.58225656171e-10	-3.74981778648e-10	-8.0032772203e-10	4.48268586655e-10
HMPMockV1.2.Staggered1;k__Bacteria;p__Proteobacteria;c__Gammaproteobacteria;o__Alteromonadales;f__[Chromatiaceae];Other	-0.0423528966729	-0.0132020083556	0.0108035628116	0.00505392006998	0.00492680050818	0.00994361557984	-0.00373433427602	0.00686640715259	-0.00164489466623	0.00012638428858	8.96520306386e-05	0.000300368744898	0.000274041511096	0.000166910914644	-7.47964632086e-05	3.42189628236e-05	-5.74961714536e-05	-8.2224319317e-05	-0.000117825600567	-0.000257276916876	9.32000308307e-06	-5.14908148686e-06	0.000177222590143	-4.24181563596e-05	7.8012224076e-06	1.59750636715e-07	9.33507221845e-10	4.58225656171e-10	-3.74981778648e-10	-8.0032772203e-10	4.48268586655e-10
HMPMockV1.2.Staggered1;k__Bacteria;p__Proteobacteria;c__Deltaproteobacteria;o__Syntrophobacterales;f__Syntrophobacteraceae;Other	-0.100618408387	-0.0673490952521	0.0230712674689	0.022802044014	-0.0388105734516	-0.0302725072135	-0.0241090745537	0.00102979681265	-0.00155346424567	-0.00140164196802	-8.88324246413e-05	-0.00014695727866	2.07346142791e-05	-2.63201505889e-05	5.94807676824e-07	-2.6388335553e-06	2.56229862593e-07	-5.87566160924e-06	8.71802787525e-07	-5.47013855161e-07	1.3591272905e-06	-1.86079092402e-07	-3.50909747483e-07	2.9118453832e-08	-4.0195718981e-08	-6.06591645275e-09	6.97198447324e-13	4.58220914746e-10	-3.74982037934e-10	-8.00328780098e-10	4.48268630815e-10
HMPMockV1.2.Staggered1;k__Bacteria;p__Firmicutes;c__Clostridia;o__Clostridiales;f__Syntrophomonadaceae;g__Syntrophomonas	-0.100618408387	-0.0673490952521	0.0230712674689	0.022802044014	-0.0388105734516	-0.0302725072135	-0.0241090745537	0.00102979681265	-0.00155346424567	-0.00140164196802	-8.88324246413e-05	-0.00014695727866	2.07346142791e-05	-2.63201505889e-05	5.94807676824e-07	-2.6388335553e-06	2.56229862593e-07	-5.87566160924e-06	8.71802787525e-07	-5.47013855161e-07	1.3591272905e-06	-1.86079092402e-07	-3.50909747483e-07	2.9118453832e-08	-4.0195718981e-08	-6.06591645275e-09	6.97198447324e-13	4.58220914746e-10	-3.74982037934e-10	-8.00328780098e-10	4.48268630815e-10
HMPMockV1.2.Staggered1;k__Bacteria;p__Cyanobacteria;c__Synechococcophycideae;o__Pseudanabaenales;f__Pseudanabaenaceae;g__	-0.100618408387	-0.0673490952521	0.0230712674689	0.022802044014	-0.0388105734516	-0.0302725072135	-0.0241090745537	0.00102979681265	-0.00155346424567	-0.00140164196802	-8.88324246413e-05	-0.00014695727866	2.07346142791e-05	-2.63201505889e-05	5.94807676824e-07	-2.6388335553e-06	2.56229862593e-07	-5.87566160924e-06	8.71802787525e-07	-5.47013855161e-07	1.3591272905e-06	-1.86079092402e-07	-3.50909747483e-07	2.9118453832e-08	-4.0195718981e-08	-6.06591645275e-09	6.97198447324e-13	4.58220914746e-10	-3.74982037934e-10	-8.00328780098e-10	4.48268630815e-10
HMPMockV1.2.Staggered1;k__Bacteria;p__Proteobacteria;c__Alphaproteobacteria;o__Caulobacterales;f__Caulobacteraceae;g__	-0.100618408387	-0.0673490952521	0.0230712674689	0.022802044014	-0.0388105734516	-0.0302725072135	-0.0241090745537	0.00102979681265	-0.00155346424567	-0.00140164196802	-8.88324246413e-05	-0.00014695727866	2.07346142791e-05	-2.63201505889e-05	5.94807676824e-07	-2.6388335553e-06	2.56229862593e-07	-5.87566160924e-06	8.71802787525e-07	-5.47013855161e-07	1.3591272905e-06	-1.86079092402e-07	-3.50909747483e-07	2.9118453832e-08	-4.0195718981e-08	-6.06591645275e-09	6.97198447324e-13	4.58220914746e-10	-3.74982037934e-10	-8.00328780098e-10	4.48268630815e-10
HMPMockV1.2.Staggered1;k__Bacteria;p__Firmicutes;c__Bacilli;o__Lactobacillales;f__Carnobacteriaceae;g__Desemzia	-0.100618408387	-0.0673490952521	0.0230712674689	0.022802044014	-0.0388105734516	-0.0302725072135	-0.0241090745537	0.00102979681265	-0.00155346424567	-0.00140164196802	-8.88324246413e-05	-0.00014695727866	2.07346142791e-05	-2.63201505889e-05	5.94807676824e-07	-2.6388335553e-06	2.56229862593e-07	-5.87566160924e-06	8.71802787525e-07	-5.47013855161e-07	1.3591272905e-06	-1.86079092402e-07	-3.50909747483e-07	2.9118453832e-08	-4.0195718981e-08	-6.06591645275e-09	6.97198447324e-13	4.58220914746e-10	-3.74982037934e-10	-8.00328780098e-10	4.48268630815e-10
HMPMockV1.2.Staggered1;k__Bacteria;p__Firmicutes;c__Clostridia;o__;f__;g__	-0.100618408387	-0.0673490952521	0.0230712674689	0.022802044014	-0.0388105734516	-0.0302725072135	-0.0241090745537	0.00102979681265	-0.00155346424567	-0.00140164196802	-8.88324246413e-05	-0.00014695727866	2.07346142791e-05	-2.63201505889e-05	5.94807676824e-07	-2.6388335553e-06	2.56229862593e-07	-5.87566160924e-06	8.71802787525e-07	-5.47013855161e-07	1.3591272905e-06	-1.86079092402e-07	-3.50909747483e-07	2.9118453832e-08	-4.0195718981e-08	-6.06591645275e-09	6.97198447324e-13	4.58220914746e-10	-3.74982037934e-10	-8.00328780098e-10	4.48268630815e-10
HMPMockV1.2.Staggered1;k__Bacteria;p__Proteobacteria;c__Epsilonproteobacteria;o__Campylobacterales;f__Helicobacteraceae;g__	-0.100618408387	-0.0673490952521	0.0230712674689	0.022802044014	-0.0388105734516	-0.0302725072135	-0.0241090745537	0.00102979681265	-0.00155346424567	-0.00140164196802	-8.88324246413e-05	-0.00014695727866	2.07346142791e-05	-2.63201505889e-05	5.94807676824e-07	-2.6388335553e-06	2.56229862593e-07	-5.87566160924e-06	8.71802787525e-07	-5.47013855161e-07	1.3591272905e-06	-1.86079092402e-07	-3.50909747483e-07	2.9118453832e-08	-4.0195718981e-08	-6.06591645275e-09	6.97198447324e-13	4.58220914746e-10	-3.74982037934e-10	-8.00328780098e-10	4.48268630815e-10
HMPMockV1.2.Staggered1;k__Bacteria;p__Proteobacteria;c__Gammaproteobacteria;o__Chromatiales;f__Chromatiaceae;g__	-0.100618408387	-0.0673490952521	0.0230712674689	0.022802044014	-0.0388105734516	-0.0302725072135	-0.0241090745537	0.00102979681265	-0.00155346424567	-0.00140164196802	-8.88324246413e-05	-0.00014695727866	2.07346142791e-05	-2.63201505889e-05	5.94807676824e-07	-2.6388335553e-06	2.56229862593e-07	-5.87566160924e-06	8.71802787525e-07	-5.47013855161e-07	1.3591272905e-06	-1.86079092402e-07	-3.50909747483e-07	2.9118453832e-08	-4.0195718981e-08	-6.06591645275e-09	6.97198447324e-13	4.58220914746e-10	-3.74982037934e-10	-8.00328780098e-10	4.48268630815e-10
HMPMockV1.2.Staggered1;k__Bacteria;p__Proteobacteria;c__Gammaproteobacteria;o__Thiotrichales;f__Thiotrichaceae;g__	-0.100618408387	-0.0673490952521	0.0230712674689	0.022802044014	-0.0388105734516	-0.0302725072135	-0.0241090745537	0.00102979681265	-0.00155346424567	-0.00140164196802	-8.88324246413e-05	-0.00014695727866	2.07346142791e-05	-2.63201505889e-05	5.94807676824e-07	-2.6388335553e-06	2.56229862593e-07	-5.87566160924e-06	8.71802787525e-07	-5.47013855161e-07	1.3591272905e-06	-1.86079092402e-07	-3.50909747483e-07	2.9118453832e-08	-4.0195718981e-08	-6.06591645275e-09	6.97198447324e-13	4.58220914746e-10	-3.74982037934e-10	-8.00328780098e-10	4.48268630815e-10
HMPMockV1.2.Staggered1;k__Bacteria;p__Proteobacteria;c__Alphaproteobacteria;o__Sphingomonadales;f__Sphingomonadaceae;g__Sphingopyxis	-0.100618408387	-0.0673490952521	0.0230712674689	0.022802044014	-0.0388105734516	-0.0302725072135	-0.0241090745537	0.00102979681265	-0.00155346424567	-0.00140164196802	-8.88324246413e-05	-0.00014695727866	2.07346142791e-05	-2.63201505889e-05	5.94807676824e-07	-2.6388335553e-06	2.56229862593e-07	-5.87566160924e-06	8.71802787525e-07	-5.47013855161e-07	1.3591272905e-06	-1.86079092402e-07	-3.50909747483e-07	2.9118453832e-08	-4.0195718981e-08	-6.06591645275e-09	6.97198447324e-13	4.58220914746e-10	-3.74982037934e-10	-8.00328780098e-10	4.48268630815e-10
HMPMockV1.2.Staggered1;k__Bacteria;p__Proteobacteria;c__Gammaproteobacteria;o__Enterobacteriales;f__Enterobacteriaceae;g__Morganella	-0.100618408387	-0.0673490952521	0.0230712674689	0.022802044014	-0.0388105734516	-0.0302725072135	-0.0241090745537	0.00102979681265	-0.00155346424567	-0.00140164196802	-8.88324246413e-05	-0.00014695727866	2.07346142791e-05	-2.63201505889e-05	5.94807676824e-07	-2.6388335553e-06	2.56229862593e-07	-5.87566160924e-06	8.71802787525e-07	-5.47013855161e-07	1.3591272905e-06	-1.86079092402e-07	-3.50909747483e-07	2.9118453832e-08	-4.0195718981e-08	-6.06591645275e-09	6.97198447324e-13	4.58220914746e-10	-3.74982037934e-10	-8.00328780098e-10	4.48268630815e-10
HMPMockV1.2.Staggered1;k__Bacteria;p__Proteobacteria;c__Epsilonproteobacteria;o__Campylobacterales;f__Campylobacteraceae;g__	-0.100618408387	-0.0673490952521	0.0230712674689	0.022802044014	-0.0388105734516	-0.0302725072135	-0.0241090745537	0.00102979681265	-0.00155346424567	-0.00140164196802	-8.88324246413e-05	-0.00014695727866	2.07346142791e-05	-2.63201505889e-05	5.94807676824e-07	-2.6388335553e-06	2.56229862593e-07	-5.87566160924e-06	8.71802787525e-07	-5.47013855161e-07	1.3591272905e-06	-1.86079092402e-07	-3.50909747483e-07	2.9118453832e-08	-4.0195718981e-08	-6.06591645275e-09	6.97198447324e-13	4.58220914746e-10	-3.74982037934e-10	-8.00328780098e-10	4.48268630815e-10
HMPMockV1.2.Staggered1;k__Bacteria;p__Proteobacteria;c__Betaproteobacteria;o__Nitrosomonadales;f__Nitrosomonadaceae;g__	-0.0403882185694	-0.0133727575369	0.0105583137834	0.00435436783014	-0.000155522401612	-0.0161227714303	0.0137946518672	0.000166854747085	-0.00443182979553	0.0109428643986	0.000480619668454	0.000460952783319	-0.000203020347085	0.000158208325367	4.84313255543e-05	-1.705438973e-05	-1.35556639662e-05	4.44931001254e-05	-1.35986591195e-05	2.2523677809e-06	-5.43113677319e-06	-4.64128959366e-07	7.3564368262e-07	-7.63976941637e-07	-5.10473176998e-08	2.9805403494e-08	2.665122575e-11	4.58221046801e-10	-3.74982030731e-10	-8.00328750812e-10	4.48268629676e-10
HMPMockV1.2.Staggered1;k__Bacteria;p__Firmicutes;c__Clostridia;o__Clostridiales;f__Clostridiaceae;g__Oxobacter	-0.0403882185694	-0.0133727575369	0.0105583137834	0.00435436783014	-0.000155522401612	-0.0161227714303	0.0137946518672	0.000166854747085	-0.00443182979553	0.0109428643986	0.000480619668454	0.000460952783319	-0.000203020347085	0.000158208325367	4.84313255543e-05	-1.705438973e-05	-1.35556639662e-05	4.44931001254e-05	-1.35986591195e-05	2.2523677809e-06	-5.43113677319e-06	-4.64128959366e-07	7.3564368262e-07	-7.63976941637e-07	-5.10473176998e-08	2.9805403494e-08	2.665122575e-11	4.58221046801e-10	-3.74982030731e-10	-8.00328750812e-10	4.48268629676e-10
HMPMockV1.2.Staggered1;k__Bacteria;p__Firmicutes;c__Bacilli;o__Lactobacillales;f__Aerococcaceae;g__Aerococcus	-0.0403882185694	-0.0133727575369	0.0105583137834	0.00435436783014	-0.000155522401612	-0.0161227714303	0.0137946518672	0.000166854747085	-0.00443182979553	0.0109428643986	0.000480619668454	0.000460952783319	-0.000203020347085	0.000158208325367	4.84313255543e-05	-1.705438973e-05	-1.35556639662e-05	4.44931001254e-05	-1.35986591195e-05	2.2523677809e-06	-5.43113677319e-06	-4.64128959366e-07	7.3564368262e-07	-7.63976941637e-07	-5.10473176998e-08	2.9805403494e-08	2.665122575e-11	4.58221046801e-10	-3.74982030731e-10	-8.00328750812e-10	4.48268629676e-10
HMPMockV1.2.Staggered1;k__Bacteria;p__Proteobacteria;c__Deltaproteobacteria;o__Desulfobacterales;Other;Other	-0.038761103898	-0.00968520874689	0.00956549206571	0.00735804146299	-0.000598199293412	0.00735995186128	-0.000571675009599	-0.0075592199704	-6.32990253256e-05	0.000114922444099	-0.000283072627899	0.00076464330214	0.00015903111138	-0.000132395254957	-7.53222953442e-05	0.000543321939467	-0.000620644975506	-2.44708397189e-05	0.000111880724519	3.72860904098e-05	5.46634602677e-05	-3.37796217735e-05	-3.30064120345e-07	2.36033822569e-06	-6.9364668361e-06	-2.25303945103e-07	7.00333665962e-11	4.58221266018e-10	-3.74982018837e-10	-8.00328700702e-10	4.48268627066e-10
HMPMockV1.2.Staggered2;k__Bacteria;p__Actinobacteria;c__Actinobacteria;Other;Other;Other	0.0557315053613	0.183427251919	-0.0792933050558	0.048998276289	0.0200072338222	-0.00510789947948	-0.00874614544037	-2.11208857034e-05	0.00114204630469	0.000773784306201	0.000183039359688	2.81349461039e-05	-2.31706778293e-05	7.48464327987e-06	2.14002200862e-06	2.3268752772e-06	-3.75542704648e-07	1.41963299593e-06	-2.83783428067e-07	9.5548486343e-08	-7.89008755867e-07	3.06434859916e-07	4.17842927105e-08	-4.16040632605e-08	9.65089084811e-08	3.11072302091e-09	4.09264985029e-12	4.58220932042e-10	-3.74982036989e-10	-8.00328776286e-10	4.48268630681e-10
HMPMockV1.2.Staggered2;k__Bacteria;p__Proteobacteria;c__Betaproteobacteria;o__Burkholderiales;Other;Other	-0.0420164858408	-0.0128524382651	0.0105606590175	0.00532657262415	0.00443216798714	0.00990079591962	-0.00321928195883	0.00548072962652	-0.00124062309589	0.000214090664217	-0.00044804852164	0.000395095081394	-0.000518083994734	-0.000599918984246	0.000370218636629	-0.000188720676071	-2.19780300798e-05	-4.96916893738e-05	1.37783713716e-05	4.92017568655e-05	5.36227440598e-05	-0.000145101158197	-1.56929595425e-05	1.46107110126e-05	6.52169588543e-05	-8.6631142377e-07	3.61712173493e-10	4.58222749448e-10	-3.74981936762e-10	-8.00328365529e-10	4.48268610476e-10
HMPMockV1.2.Staggered2;k__Bacteria;p__Proteobacteria;c__Betaproteobacteria;o__Nitrosomonadales;f__Nitrosomonadaceae;Other	-0.0423622065146	-0.0132069512898	0.0108042738479	0.00503393528401	0.00493180046749	0.00983222412018	-0.00366805584409	0.00690375565199	-0.0016726912204	0.000152249434554	7.98751404095e-05	0.000189779386529	0.000214209813862	0.00019320288855	-9.25950901049e-05	0.000116954205531	3.24020728722e-05	-2.38497275874e-05	-0.000103499175842	-6.55881992939e-05	-4.29705961863e-05	9.33115254659e-06	-5.3374124127e-07	0.000107457898798	-2.48245811539e-05	1.17280017235e-07	-2.08451286838e-09	4.58210317476e-10	-3.74982617727e-10	-8.00331148507e-10	4.48268731743e-10
HMPMockV1.2.Staggered2;k__Bacteria;p__Proteobacteria;c__Deltaproteobacteria;o__Desulfobacterales;f__Desulfobulbaceae;Other	-0.0420083328661	-0.0128327736264	0.0105666062723	0.00536303539018	0.00440189507434	0.00985928661755	-0.00316990210065	0.00553921608169	-0.00122326127489	0.000191613264065	-0.00036833037824	0.000424317722675	-0.00045311604976	-0.000578020621698	0.000359185298427	-0.000167526996309	-3.23455825517e-05	-5.65055382195e-06	3.13897778454e-05	2.37900758262e-05	9.31791583288e-05	9.9535330944e-05	-3.14906567522e-05	-2.2692939233e-05	-7.59212349383e-05	3.15653445434e-07	-4.39258081985e-10	4.58218676392e-10	-3.74982161076e-10	-8.00329281621e-10	4.48268652977e-10
HMPMockV1.2.Staggered2;k__Bacteria;p__Proteobacteria;c__Alphaproteobacteria;o__Sphingomonadales;f__Erythrobacteraceae;Other	-0.0423528966729	-0.0132020083556	0.0108035628116	0.00505392006998	0.00492680050818	0.00994361557984	-0.00373433427602	0.00686640715259	-0.00164489466623	0.00012638428858	8.96520306386e-05	0.000300368744898	0.000274041511096	0.000166910914644	-7.47964632086e-05	3.42189628236e-05	-5.74961714536e-05	-8.2224319317e-05	-0.000117825600567	-0.000257276916876	9.32000308307e-06	-5.14908148686e-06	0.000177222590143	-4.24181563596e-05	7.8012224076e-06	1.59750636715e-07	9.33507221845e-10	4.58225656171e-10	-3.74981778648e-10	-8.0032772203e-10	4.48268586655e-10
HMPMockV1.2.Staggered2;k__Bacteria;p__Firmicutes;c__Bacilli;o__Bacillales;f__Paenibacillaceae;g__	-0.100618408387	-0.0673490952521	0.0230712674689	0.022802044014	-0.0388105734516	-0.0302725072135	-0.0241090745537	0.00102979681265	-0.00155346424567	-0.00140164196802	-8.88324246413e-05	-0.00014695727866	2.07346142791e-05	-2.63201505889e-05	5.94807676824e-07	-2.6388335553e-06	2.56229862593e-07	-5.87566160924e-06	8.71802787525e-07	-5.47013855161e-07	1.3591272905e-06	-1.86079092402e-07	-3.50909747483e-07	2.9118453832e-08	-4.0195718981e-08	-6.06591645275e-09	6.97198447324e-13	4.58220914746e-10	-3.74982037934e-10	-8.00328780098e-10	4.48268630815e-10
HMPMockV1.2.Staggered2;k__Bacteria;p__Proteobacteria;c__Betaproteobacteria;o__Methylophilales;f__;g__	-0.100618408387	-0.0673490952521	0.0230712674689	0.022802044014	-0.0388105734516	-0.0302725072135	-0.0241090745537	0.00102979681265	-0.00155346424567	-0.00140164196802	-8.88324246413e-05	-0.00014695727866	2.07346142791e-05	-2.63201505889e-05	5.94807676824e-07	-2.6388335553e-06	2.56229862593e-07	-5.87566160924e-06	8.71802787525e-07	-5.47013855161e-07	1.3591272905e-06	-1.86079092402e-07	-3.50909747483e-07	2.9118453832e-08	-4.0195718981e-08	-6.06591645275e-09	6.97198447324e-13	4.58220914746e-10	-3.74982037934e-10	-8.00328780098e-10	4.48268630815e-10
HMPMockV1.2.Staggered2;k__Bacteria;p__Firmicutes;c__Bacilli;o__Bacillales;f__Bacillaceae;g__Natronobacillus	-0.100618408387	-0.0673490952521	0.0230712674689	0.022802044014	-0.0388105734516	-0.0302725072135	-0.0241090745537	0.00102979681265	-0.00155346424567	-0.00140164196802	-8.88324246413e-05	-0.00014695727866	2.07346142791e-05	-2.63201505889e-05	5.94807676824e-07	-2.6388335553e-06	2.56229862593e-07	-5.87566160924e-06	8.71802787525e-07	-5.47013855161e-07	1.3591272905e-06	-1.86079092402e-07	-3.50909747483e-07	2.9118453832e-08	-4.0195718981e-08	-6.06591645275e-09	6.97198447324e-13	4.58220914746e-10	-3.74982037934e-10	-8.00328780098e-10	4.48268630815e-10
HMPMockV1.2.Staggered2;k__Bacteria;p__Firmicutes;c__Bacilli;o__Bacillales;f__Bacillaceae;g__Pontibacillus	-0.100618408387	-0.0673490952521	0.0230712674689	0.022802044014	-0.0388105734516	-0.0302725072135	-0.0241090745537	0.00102979681265	-0.00155346424567	-0.00140164196802	-8.88324246413e-05	-0.00014695727866	2.07346142791e-05	-2.63201505889e-05	5.94807676824e-07	-2.6388335553e-06	2.56229862593e-07	-5.87566160924e-06	8.71802787525e-07	-5.47013855161e-07	1.3591272905e-06	-1.86079092402e-07	-3.50909747483e-07	2.9118453832e-08	-4.0195718981e-08	-6.06591645275e-09	6.97198447324e-13	4.58220914746e-10	-3.74982037934e-10	-8.00328780098e-10	4.48268630815e-10
HMPMockV1.2.Staggered2;k__Bacteria;p__Proteobacteria;c__Deltaproteobacteria;o__Syntrophobacterales;f__Syntrophobacteraceae;Other	-0.100618408387	-0.0673490952521	0.0230712674689	0.022802044014	-0.0388105734516	-0.0302725072135	-0.0241090745537	0.00102979681265	-0.00155346424567	-0.00140164196802	-8.88324246413e-05	-0.00014695727866	2.07346142791e-05	-2.63201505889e-05	5.94807676824e-07	-2.6388335553e-06	2.56229862593e-07	-5.87566160924e-06	8.71802787525e-07	-5.47013855161e-07	1.3591272905e-06	-1.86079092402e-07	-3.50909747483e-07	2.9118453832e-08	-4.0195718981e-08	-6.06591645275e-09	6.97198447324e-13	4.58220914746e-10	-3.74982037934e-10	-8.00328780098e-10	4.48268630815e-10
HMPMockV1.2.Staggered2;k__Bacteria;p__Firmicutes;c__Clostridia;o__Clostridiales;f__Gracilibacteraceae;g__	-0.100618408387	-0.0673490952521	0.0230712674689	0.022802044014	-0.0388105734516	-0.0302725072135	-0.0241090745537	0.00102979681265	-0.00155346424567	-0.00140164196802	-8.88324246413e-05	-0.00014695727866	2.07346142791e-05	-2.63201505889e-05	5.94807676824e-07	-2.6388335553e-06	2.56229862593e-07	-5.87566160924e-06	8.71802787525e-07	-5.47013855161e-07	1.3591272905e-06	-1.86079092402e-07	-3.50909747483e-07	2.9118453832e-08	-4.0195718981e-08	-6.06591645275e-09	6.97198447324e-13	4.58220914746e-10	-3.74982037934e-10	-8.00328780098e-10	4.48268630815e-10
HMPMockV1.2.Staggered2;k__Bacteria;p__Proteobacteria;c__Betaproteobacteria;o__Methylophilales;f__Methylophilaceae;g__	-0.100618408387	-0.0673490952521	0.0230712674689	0.022802044014	-0.0388105734516	-0.0302725072135	-0.0241090745537	0.00102979681265	-0.00155346424567	-0.00140164196802	-8.88324246413e-05	-0.00014695727866	2.07346142791e-05	-2.63201505889e-05	5.94807676824e-07	-2.6388335553e-06	2.56229862593e-07	-5.87566160924e-06	8.71802787525e-07	-5.47013855161e-07	1.3591272905e-06	-1.86079092402e-07	-3.50909747483e-07	2.9118453832e-08	-4.0195718981e-08	-6.06591645275e-09	6.97198447324e-13	4.58220914746e-10	-3.74982037934e-10	-8.00328780098e-10	4.48268630815e-10
HMPMockV1.2.Staggered2;k__Bacteria;p__Firmicutes;c__Bacilli;o__Lactobacillales;f__Carnobacteriaceae;g__Desemzia	-0.100618408387	-0.0673490952521	0.0230712674689	0.022802044014	-0.0388105734516	-0.0302725072135	-0.0241090745537	0.00102979681265	-0.00155346424567	-0.00140164196802	-8.88324246413e-05	-0.00014695727866	2.07346142791e-05	-2.63201505889e-05	5.94807676824e-07	-2.6388335553e-06	2.56229862593e-07	-5.87566160924e-06	8.71802787525e-07	-5.47013855161e-07	1.3591272905e-06	-1.86079092402e-07	-3.50909747483e-07	2.9118453832e-08	-4.0195718981e-08	-6.06591645275e-09	6.97198447324e-13	4.58220914746e-10	-3.74982037934e-10	-8.00328780098e-10	4.48268630815e-10
HMPMockV1.2.Staggered2;k__Bacteria;p__Proteobacteria;c__Betaproteobacteria;o__Thiobacterales;f__;g__	-0.100618408387	-0.0673490952521	0.0230712674689	0.022802044014	-0.0388105734516	-0.0302725072135	-0.0241090745537	0.00102979681265	-0.00155346424567	-0.00140164196802	-8.88324246413e-05	-0.00014695727866	2.07346142791e-05	-2.63201505889e-05	5.94807676824e-07	-2.6388335553e-06	2.56229862593e-07	-5.87566160924e-06	8.71802787525e-07	-5.47013855161e-07	1.3591272905e-06	-1.86079092402e-07	-3.50909747483e-07	2.9118453832e-08	-4.0195718981e-08	-6.06591645275e-09	6.97198447324e-13	4.58220914746e-10	-3.74982037934e-10	-8.00328780098e-10	4.48268630815e-10
HMPMockV1.2.Staggered2;k__Bacteria;p__Proteobacteria;c__Gammaproteobacteria;o__Enterobacteriales;f__Enterobacteriaceae;g__Morganella	-0.100618408387	-0.0673490952521	0.0230712674689	0.022802044014	-0.0388105734516	-0.0302725072135	-0.0241090745537	0.00102979681265	-0.00155346424567	-0.00140164196802	-8.88324246413e-05	-0.00014695727866	2.07346142791e-05	-2.63201505889e-05	5.94807676824e-07	-2.6388335553e-06	2.56229862593e-07	-5.87566160924e-06	8.71802787525e-07	-5.47013855161e-07	1.3591272905e-06	-1.86079092402e-07	-3.50909747483e-07	2.9118453832e-08	-4.0195718981e-08	-6.06591645275e-09	6.97198447324e-13	4.58220914746e-10	-3.74982037934e-10	-8.00328780098e-10	4.48268630815e-10
HMPMockV1.2.Staggered2;k__Bacteria;p__Proteobacteria;c__Alphaproteobacteria;o__Rhizobiales;f__Rhizobiaceae;g__Agrobacterium	-0.100618408387	-0.0673490952521	0.0230712674689	0.022802044014	-0.0388105734516	-0.0302725072135	-0.0241090745537	0.00102979681265	-0.00155346424567	-0.00140164196802	-8.88324246413e-05	-0.00014695727866	2.07346142791e-05	-2.63201505889e-05	5.94807676824e-07	-2.6388335553e-06	2.56229862593e-07	-5.87566160924e-06	8.71802787525e-07	-5.47013855161e-07	1.3591272905e-06	-1.86079092402e-07	-3.50909747483e-07	2.9118453832e-08	-4.0195718981e-08	-6.06591645275e-09	6.97198447324e-13	4.58220914746e-10	-3.74982037934e-10	-8.00328780098e-10	4.48268630815e-10
HMPMockV1.2.Staggered2;k__Bacteria;p__Cyanobacteria;c__Synechococcophycideae;o__Pseudanabaenales;f__Pseudanabaenaceae;g__	-0.100618408387	-0.0673490952521	0.0230712674689	0.022802044014	-0.0388105734516	-0.0302725072135	-0.0241090745537	0.00102979681265	-0.00155346424567	-0.00140164196802	-8.88324246413e-05	-0.00014695727866	2.07346142791e-05	-2.63201505889e-05	5.94807676824e-07	-2.6388335553e-06	2.56229862593e-07	-5.87566160924e-06	8.71802787525e-07	-5.47013855161e-07	1.3591272905e-06	-1.86079092402e-07	-3.50909747483e-07	2.9118453832e-08	-4.0195718981e-08	-6.06591645275e-09	6.97198447324e-13	4.58220914746e-10	-3.74982037934e-10	-8.00328780098e-10	4.48268630815e-10
HMPMockV1.2.Staggered2;k__Bacteria;p__Proteobacteria;c__Gammaproteobacteria;o__Oceanospirillales;f__Halomonadaceae;g__Candidatus Portiera	-0.100618408387	-0.0673490952521	0.0230712674689	0.022802044014	-0.0388105734516	-0.0302725072135	-0.0241090745537	0.00102979681265	-0.00155346424567	-0.00140164196802	-8.88324246413e-05	-0.00014695727866	2.07346142791e-05	-2.63201505889e-05	5.94807676824e-07	-2.6388335553e-06	2.56229862593e-07	-5.87566160924e-06	8.71802787525e-07	-5.47013855161e-07	1.3591272905e-06	-1.86079092402e-07	-3.50909747483e-07	2.9118453832e-08	-4.0195718981e-08	-6.06591645275e-09	6.97198447324e-13	4.58220914746e-10	-3.74982037934e-10	-8.00328780098e-10	4.48268630815e-10
HMPMockV1.2.Staggered2;k__Bacteria;p__Proteobacteria;c__Alphaproteobacteria;o__Sphingomonadales;f__Sphingomonadaceae;g__Sphingopyxis	-0.100618408387	-0.0673490952521	0.0230712674689	0.022802044014	-0.0388105734516	-0.0302725072135	-0.0241090745537	0.00102979681265	-0.00155346424567	-0.00140164196802	-8.88324246413e-05	-0.00014695727866	2.07346142791e-05	-2.63201505889e-05	5.94807676824e-07	-2.6388335553e-06	2.56229862593e-07	-5.87566160924e-06	8.71802787525e-07	-5.47013855161e-07	1.3591272905e-06	-1.86079092402e-07	-3.50909747483e-07	2.9118453832e-08	-4.0195718981e-08	-6.06591645275e-09	6.97198447324e-13	4.58220914746e-10	-3.74982037934e-10	-8.00328780098e-10	4.48268630815e-10
HMPMockV1.2.Staggered2;k__Bacteria;p__Proteobacteria;c__Gammaproteobacteria;o__Thiotrichales;f__Thiotrichaceae;g__	-0.100618408387	-0.0673490952521	0.0230712674689	0.022802044014	-0.0388105734516	-0.0302725072135	-0.0241090745537	0.00102979681265	-0.00155346424567	-0.00140164196802	-8.88324246413e-05	-0.00014695727866	2.07346142791e-05	-2.63201505889e-05	5.94807676824e-07	-2.6388335553e-06	2.56229862593e-07	-5.87566160924e-06	8.71802787525e-07	-5.47013855161e-07	1.3591272905e-06	-1.86079092402e-07	-3.50909747483e-07	2.9118453832e-08	-4.0195718981e-08	-6.06591645275e-09	6.97198447324e-13	4.58220914746e-10	-3.74982037934e-10	-8.00328780098e-10	4.48268630815e-10
HMPMockV1.2.Staggered2;k__Bacteria;p__Actinobacteria;c__Actinobacteria;o__Actinomycetales;f__Microbacteriaceae;g__Microbacterium	-0.0403882185694	-0.0133727575369	0.0105583137834	0.00435436783014	-0.000155522401612	-0.0161227714303	0.0137946518672	0.000166854747085	-0.00443182979553	0.0109428643986	0.000480619668454	0.000460952783319	-0.000203020347085	0.000158208325367	4.84313255543e-05	-1.705438973e-05	-1.35556639662e-05	4.44931001254e-05	-1.35986591195e-05	2.2523677809e-06	-5.43113677319e-06	-4.64128959366e-07	7.3564368262e-07	-7.63976941637e-07	-5.10473176998e-08	2.9805403494e-08	2.665122575e-11	4.58221046801e-10	-3.74982030731e-10	-8.00328750812e-10	4.48268629676e-10
HMPMockV1.2.Staggered2;k__Bacteria;p__Proteobacteria;c__Betaproteobacteria;o__Nitrosomonadales;f__Nitrosomonadaceae;g__	-0.0403882185694	-0.0133727575369	0.0105583137834	0.00435436783014	-0.000155522401612	-0.0161227714303	0.0137946518672	0.000166854747085	-0.00443182979553	0.0109428643986	0.000480619668454	0.000460952783319	-0.000203020347085	0.000158208325367	4.84313255543e-05	-1.705438973e-05	-1.35556639662e-05	4.44931001254e-05	-1.35986591195e-05	2.2523677809e-06	-5.43113677319e-06	-4.64128959366e-07	7.3564368262e-07	-7.63976941637e-07	-5.10473176998e-08	2.9805403494e-08	2.665122575e-11	4.58221046801e-10	-3.74982030731e-10	-8.00328750812e-10	4.48268629676e-10