dataset	level	iteration	method	parameters               	observed_taxonomy	expected_taxonomy	result	mismatch_level               	Precision	Recall	F-measure
F1-REF	5	1	sortmerna	0.76:0.9:5:0.9:1.0	Unassigned	k__Fungi;p__Ascomycota;c__Sordariomycetes;o__Magnaporthales;f__Magnaporthaceae;g__Falciphora	underclassification	0	0.104166666667	0.0317796610169	0.0487012987013
F1-REF	5	1	sortmerna	0.76:0.9:5:0.9:1.0	Unassigned	k__Fungi;p__Basidiomycota;c__Agaricomycetes;o__Thelephorales;f__Bankeraceae;g__Phellodon	underclassification	0	0.104166666667	0.0317796610169	0.0487012987013
F1-REF	5	1	sortmerna	0.76:0.9:5:0.9:1.0	k__Fungi;p__Ascomycota;c__Pezizomycotina_cls_Incertae_sedis;o__Pezizomycotina_ord_Incertae_sedis;f__Pezizomycotina_fam_Incertae_sedis;g__Dendrospora;s__Dendrospora_tenella	k__Fungi;p__Ascomycota;c__Leotiomycetes;o__Helotiales;f__Helotiaceae;g__Rhizoscyphus	misclassification	2	0.104166666667	0.0317796610169	0.0487012987013
F1-REF	5	1	sortmerna	0.76:0.9:5:0.9:1.0	Unassigned	k__Fungi;p__Ascomycota;c__Sordariomycetes;o__Xylariales;f__Xylariaceae;g__Nemania	underclassification	0	0.104166666667	0.0317796610169	0.0487012987013
F1-REF	5	1	sortmerna	0.76:0.9:5:0.9:1.0	Unassigned	k__Fungi;p__Basidiomycota;c__Agaricomycetes;o__Russulales;f__Russulaceae;g__Russula	underclassification	0	0.104166666667	0.0317796610169	0.0487012987013
F1-REF	5	1	sortmerna	0.76:0.9:5:0.9:1.0	k__Fungi;p__Ascomycota;c__Dothideomycetes;o__Capnodiales;f__Teratosphaeriaceae;g__Teratosphaeria;s__Teratosphaeria_complicata	k__Fungi;p__Ascomycota;c__Dothideomycetes;o__Capnodiales;f__Teratosphaeriaceae;g__Readeriella	overclassification	5	0.104166666667	0.0317796610169	0.0487012987013
F1-REF	5	1	sortmerna	0.76:0.9:5:0.9:1.0	k__Fungi;p__Basidiomycota;c__Agaricomycetes;o__Agaricales	k__Fungi;p__Basidiomycota;c__Agaricomycetes;o__Agaricales;f__Hygrophoraceae;g__Hygrophorus	underclassification	4	0.104166666667	0.0317796610169	0.0487012987013
F1-REF	5	1	sortmerna	0.76:0.9:5:0.9:1.0	Unassigned	k__Fungi;p__Ascomycota;c__Pezizomycotina_cls_Incertae_sedis;o__Pezizomycotina_ord_Incertae_sedis;f__Pezizomycotina_fam_Incertae_sedis;g__Paradictyoarthrinium	underclassification	0	0.104166666667	0.0317796610169	0.0487012987013
F1-REF	5	1	sortmerna	0.76:0.9:5:0.9:1.0	Unassigned	k__Fungi;p__Ascomycota;c__Pezizomycetes;o__Pezizales;f__Tuberaceae;g__Tuber	underclassification	0	0.104166666667	0.0317796610169	0.0487012987013
F1-REF	5	1	sortmerna	0.76:0.9:5:0.9:1.0	Unassigned	k__Fungi;p__Ascomycota;c__Leotiomycetes;o__Helotiales;f__Helotiales_fam_Incertae_sedis;g__Cairneyella	underclassification	0	0.104166666667	0.0317796610169	0.0487012987013
F1-REF	5	1	sortmerna	0.76:0.9:5:0.9:1.0	Unassigned	k__Fungi;p__Ascomycota;c__Geoglossomycetes;o__Geoglossales;f__Geoglossaceae;g__Sabuloglossum	underclassification	0	0.104166666667	0.0317796610169	0.0487012987013
F1-REF	5	1	sortmerna	0.76:0.9:5:0.9:1.0	Unassigned	k__Fungi;p__Ascomycota;c__Leotiomycetes;o__Leotiales;f__Leotiaceae;g__Microglossum	underclassification	0	0.104166666667	0.0317796610169	0.0487012987013
F1-REF	5	1	sortmerna	0.76:0.9:5:0.9:1.0	Unassigned	k__Fungi;p__Basidiomycota;c__Agaricomycetes;o__Agaricales;f__Inocybaceae;g__Crepidotus	underclassification	0	0.104166666667	0.0317796610169	0.0487012987013
F1-REF	5	1	sortmerna	0.76:0.9:5:0.9:1.0	Unassigned	k__Fungi;p__Ascomycota;c__Saccharomycetes;o__Saccharomycetales;f__Saccharomycetaceae;g__Kazachstania	underclassification	0	0.104166666667	0.0317796610169	0.0487012987013
F1-REF	5	1	sortmerna	0.76:0.9:5:0.9:1.0	Unassigned	k__Fungi;p__Basidiomycota;c__Agaricomycetes;o__Boletales;f__Boletaceae;g__Aureoboletus	underclassification	0	0.104166666667	0.0317796610169	0.0487012987013
F1-REF	5	1	sortmerna	0.76:0.9:5:0.9:1.0	k__Fungi;p__Basidiomycota;c__Agaricomycetes;o__Russulales;f__Stereaceae;g__Gloeocystidiellum;s__Gloeocystidiellum_porosum	k__Fungi;p__Basidiomycota;c__Agaricomycetes;o__Boletales;f__Boletinellaceae;g__Phlebopus	misclassification	3	0.104166666667	0.0317796610169	0.0487012987013
F1-REF	5	1	sortmerna	0.76:0.9:5:0.9:1.0	Unassigned	k__Fungi;p__Basidiomycota;c__Agaricomycetes;o__Agaricales;f__Agaricaceae;g__Lepiota	underclassification	0	0.104166666667	0.0317796610169	0.0487012987013
F1-REF	5	1	sortmerna	0.76:0.9:5:0.9:1.0	k__Fungi;p__Basidiomycota;c__Agaricomycetes;o__Hymenochaetales;f__Hymenochaetaceae;g__Hymenochaete	k__Fungi;p__Basidiomycota;c__Agaricomycetes;o__Hymenochaetales;f__Hymenochaetaceae;g__Inonotus	overclassification	5	0.104166666667	0.0317796610169	0.0487012987013
F1-REF	5	1	sortmerna	0.76:0.9:5:0.9:1.0	k__Fungi;p__Basidiomycota;c__Agaricomycetes;o__Polyporales	k__Fungi;p__Basidiomycota;c__Agaricomycetes;o__Polyporales;f__Polyporaceae;g__Dichomitus	underclassification	4	0.104166666667	0.0317796610169	0.0487012987013
F1-REF	5	1	sortmerna	0.76:0.9:5:0.9:1.0	Unassigned	k__Fungi;p__Basidiomycota;c__Agaricomycetes;o__Agaricales;f__Psathyrellaceae;g__Coprinellus	underclassification	0	0.104166666667	0.0317796610169	0.0487012987013
F1-REF	5	1	sortmerna	0.76:0.9:5:0.9:1.0	k__Fungi;p__Ascomycota;c__Sordariomycetes;o__Hypocreales;f__Nectriaceae	k__Fungi;p__Ascomycota;c__Sordariomycetes;o__Hypocreales;f__Hypocreales_fam_Incertae_sedis;g__Myrothecium	misclassification	4	0.104166666667	0.0317796610169	0.0487012987013
F1-REF	5	1	sortmerna	0.76:0.9:5:0.9:1.0	Unassigned	k__Fungi;p__Ascomycota;c__Sordariomycetes;o__Hypocreales;f__Nectriaceae;g__Cosmospora	underclassification	0	0.104166666667	0.0317796610169	0.0487012987013
F1-REF	5	1	sortmerna	0.76:0.9:5:0.9:1.0	Unassigned	k__Fungi;p__Ascomycota;c__Sordariomycetes;o__Hypocreales;f__Nectriaceae;g__Bisifusarium	underclassification	0	0.104166666667	0.0317796610169	0.0487012987013
F1-REF	5	1	sortmerna	0.76:0.9:5:0.9:1.0	Unassigned	k__Fungi;p__Basidiomycota;c__Agaricomycetes;o__Agaricales;f__Agaricaceae;g__Leucoagaricus	underclassification	0	0.104166666667	0.0317796610169	0.0487012987013
F1-REF	5	1	sortmerna	0.76:0.9:5:0.9:1.0	k__Fungi;p__Basidiomycota;c__Agaricomycetes;o__Agaricales	k__Fungi;p__Basidiomycota;c__Agaricomycetes;o__Agaricales;f__Agaricaceae;g__Calvatia	underclassification	4	0.104166666667	0.0317796610169	0.0487012987013
F1-REF	5	1	sortmerna	0.76:0.9:5:0.9:1.0	Unassigned	k__Fungi;p__Basidiomycota;c__Agaricomycetes;o__Agaricales;f__Agaricaceae;g__Arachnion	underclassification	0	0.104166666667	0.0317796610169	0.0487012987013
F1-REF	5	1	sortmerna	0.76:0.9:5:0.9:1.0	k__Fungi;p__Ascomycota;c__Saccharomycetes;o__Saccharomycetales;f__Saccharomycetales_fam_Incertae_sedis;g__Candida	k__Fungi;p__Ascomycota;c__Saccharomycetes;o__Saccharomycetales;f__Pichiaceae;g__Ogataea	misclassification	4	0.104166666667	0.0317796610169	0.0487012987013
F1-REF	5	1	sortmerna	0.76:0.9:5:0.9:1.0	k__Fungi;p__Basidiomycota;c__Pucciniomycetes;o__Pucciniales;f__Cronartiaceae;g__Cronartium;s__Cronartium_strobilinum	k__Fungi;p__Basidiomycota;c__Pucciniomycetes;o__Pucciniales;f__Pucciniastraceae;g__Pucciniastrum	misclassification	4	0.104166666667	0.0317796610169	0.0487012987013
F1-REF	5	1	sortmerna	0.76:0.9:5:0.9:1.0	Unassigned	k__Fungi;p__Basidiomycota;c__Agaricomycetes;o__Polyporales;f__Meruliaceae;g__Podoscypha	underclassification	0	0.104166666667	0.0317796610169	0.0487012987013
F1-REF	5	1	sortmerna	0.76:0.9:5:0.9:1.0	k__Fungi;p__Glomeromycota;c__Glomeromycetes;o__Glomerales;f__Glomeraceae;g__Dominikia;s__Dominikia_duoreactiva	k__Fungi;p__Glomeromycota;c__Glomeromycetes;o__Glomerales;f__Glomeraceae;g__Glomus	overclassification	5	0.104166666667	0.0317796610169	0.0487012987013
F1-REF	5	1	sortmerna	0.76:0.9:5:0.9:1.0	Unassigned	k__Fungi;p__Basidiomycota;c__Tremellomycetes;o__Tremellales;f__Tremellales_fam_Incertae_sedis;g__Kockovaella	underclassification	0	0.104166666667	0.0317796610169	0.0487012987013
F1-REF	5	1	sortmerna	0.76:0.9:5:0.9:1.0	k__Fungi;p__Zygomycota;c__Mucoromycotina_cls_Incertae_sedis;o__Mucorales;f__Mucoraceae;g__Mucor	k__Fungi;p__Zygomycota;c__Mucoromycotina_cls_Incertae_sedis;o__Mucorales;f__Mucoraceae;g__Actinomucor	overclassification	5	0.104166666667	0.0317796610169	0.0487012987013
F1-REF	5	1	sortmerna	0.76:0.9:5:0.9:1.0	Unassigned	k__Fungi;p__Ascomycota;c__Sordariomycetes;o__Chaetosphaeriales;f__Chaetosphaeriaceae;g__Thozetella	underclassification	0	0.104166666667	0.0317796610169	0.0487012987013
F1-REF	5	1	sortmerna	0.76:0.9:5:0.9:1.0	Unassigned	k__Fungi;p__Ascomycota;c__Lecanoromycetes;o__Ostropales;f__Stictidaceae;g__Cryptodiscus	underclassification	0	0.104166666667	0.0317796610169	0.0487012987013
F1-REF	5	1	sortmerna	0.76:0.9:5:0.9:1.0	k__Fungi;p__Basidiomycota;c__Agaricomycetes;o__Agaricales	k__Fungi;p__Basidiomycota;c__Agaricomycetes;o__Agaricales;f__Agaricaceae;g__Micropsalliota	underclassification	4	0.104166666667	0.0317796610169	0.0487012987013
F1-REF	5	1	sortmerna	0.76:0.9:5:0.9:1.0	k__Fungi;p__Basidiomycota;c__Agaricomycetes;o__Agaricales;f__Amanitaceae;g__Amanita;s__Amanita_gemmata	k__Fungi;p__Basidiomycota;c__Agaricomycetes;o__Agaricales;f__Amanitaceae;g__Limacella	overclassification	5	0.104166666667	0.0317796610169	0.0487012987013
F1-REF	5	1	sortmerna	0.76:0.9:5:0.9:1.0	Unassigned	k__Fungi;p__Zygomycota;c__Kickxellomycotina_cls_Incertae_sedis;o__Kickxellales;f__Kickxellaceae;g__Coemansia	underclassification	0	0.104166666667	0.0317796610169	0.0487012987013
F1-REF	5	1	sortmerna	0.76:0.9:5:0.9:1.0	Unassigned	k__Fungi;p__Ascomycota;c__Pezizomycetes;o__Pezizales;f__Helvellaceae;g__Balsamia	underclassification	0	0.104166666667	0.0317796610169	0.0487012987013
F1-REF	5	1	sortmerna	0.76:0.9:5:0.9:1.0	Unassigned	k__Fungi;p__Basidiomycota;c__Agaricomycetes;o__Agaricales;f__Omphalotaceae;g__Marasmiellus	underclassification	0	0.104166666667	0.0317796610169	0.0487012987013
F1-REF	5	1	sortmerna	0.76:0.9:5:0.9:1.0	k__Fungi;p__Ascomycota;c__Leotiomycetes;o__Helotiales;f__Sclerotiniaceae	k__Fungi;p__Ascomycota;c__Leotiomycetes;o__Helotiales;f__Sclerotiniaceae;g__Botrytis	match	5	0.104166666667	0.0317796610169	0.0487012987013
F1-REF	5	1	sortmerna	0.76:0.9:5:0.9:1.0	k__Fungi;p__Zygomycota;c__Mucoromycotina_cls_Incertae_sedis;o__Mucorales;f__Choanephoraceae;g__Choanephora	k__Fungi;p__Zygomycota;c__Mucoromycotina_cls_Incertae_sedis;o__Mucorales;f__Choanephoraceae;g__Gilbertella	overclassification	5	0.104166666667	0.0317796610169	0.0487012987013
F1-REF	5	1	sortmerna	0.76:0.9:5:0.9:1.0	k__Fungi;p__Glomeromycota;c__Glomeromycetes;o__Glomerales;f__Glomeraceae;g__Dominikia;s__Dominikia_duoreactiva	k__Fungi;p__Zygomycota;c__Mucoromycotina_cls_Incertae_sedis;o__Mucorales;f__Cunninghamellaceae;g__Cunninghamella	misclassification	1	0.104166666667	0.0317796610169	0.0487012987013
F1-REF	5	1	sortmerna	0.76:0.9:5:0.9:1.0	k__Fungi;p__Ascomycota;c__Leotiomycetes;o__Helotiales;f__Rutstroemiaceae;g__Lanzia;s__Lanzia_echinophila	k__Fungi;p__Ascomycota;c__Leotiomycetes;o__Helotiales;f__Rutstroemiaceae;g__Rutstroemia	overclassification	5	0.104166666667	0.0317796610169	0.0487012987013
F1-REF	5	1	sortmerna	0.76:0.9:5:0.9:1.0	k__Fungi;p__Ascomycota;c__Leotiomycetes;o__Helotiales;f__Rutstroemiaceae;g__Scleromitrula	k__Fungi;p__Ascomycota;c__Leotiomycetes;o__Helotiales;f__Sclerotiniaceae;g__Ciborinia	misclassification	4	0.104166666667	0.0317796610169	0.0487012987013
F1-REF	5	1	sortmerna	0.76:0.9:5:0.9:1.0	k__Fungi;p__Basidiomycota;c__Tremellomycetes;o__Tremellales;f__Tremellales_fam_Incertae_sedis;g__Cryptococcus;s__Cryptococcus_dimennae	k__Fungi;p__Basidiomycota;c__Tremellomycetes;o__Tremellales;f__Tremellales_fam_Incertae_sedis;g__Derxomyces	overclassification	5	0.104166666667	0.0317796610169	0.0487012987013
F1-REF	5	1	sortmerna	0.76:0.9:5:0.9:1.0	Unassigned	k__Fungi;p__Basidiomycota;c__Agaricomycetes;o__Agaricales;f__Strophariaceae;g__Pholiota	underclassification	0	0.104166666667	0.0317796610169	0.0487012987013
F1-REF	5	1	sortmerna	0.76:0.9:5:0.9:1.0	Unassigned	k__Fungi;p__Ascomycota;c__Eurotiomycetes;o__Chaetothyriales;f__Herpotrichiellaceae;g__Capronia	underclassification	0	0.104166666667	0.0317796610169	0.0487012987013
F1-REF	5	1	sortmerna	0.76:0.9:5:0.9:1.0	k__Fungi;p__Ascomycota;c__Lecanoromycetes;o__Lecanorales;f__Parmeliaceae;g__Relicinopsis;s__Relicinopsis_rahengensis	k__Fungi;p__Ascomycota;c__Eurotiomycetes;o__Eurotiales;f__Trichocomaceae;g__Trichocoma	misclassification	2	0.104166666667	0.0317796610169	0.0487012987013
F1-REF	5	1	sortmerna	0.76:0.9:5:0.9:1.0	k__Fungi;p__Ascomycota;c__Sordariomycetes	k__Fungi;p__Ascomycota;c__Sordariomycetes;o__Hypocreales;f__Clavicipitaceae;g__Metarhizium	underclassification	3	0.104166666667	0.0317796610169	0.0487012987013
F1-REF	5	1	sortmerna	0.76:0.9:5:0.9:1.0	Unassigned	k__Fungi;p__Basidiomycota;c__Agaricomycetes;o__Gomphales;f__Gomphaceae;g__Ramaria	underclassification	0	0.104166666667	0.0317796610169	0.0487012987013
F1-REF	5	1	sortmerna	0.76:0.9:5:0.9:1.0	k__Fungi;p__Basidiomycota;c__Agaricomycetes;o__Thelephorales;f__Thelephoraceae;g__Tomentella;s__Tomentella_stuposa	k__Fungi;p__Basidiomycota;c__Agaricomycetes;o__Thelephorales;f__Thelephoraceae;g__Thelephora	overclassification	5	0.104166666667	0.0317796610169	0.0487012987013
F1-REF	5	1	sortmerna	0.76:0.9:5:0.9:1.0	Unassigned	k__Fungi;p__Basidiomycota;c__Agaricomycetes;o__Agaricales;f__Marasmiaceae;g__Calyptella	underclassification	0	0.104166666667	0.0317796610169	0.0487012987013
F1-REF	5	1	sortmerna	0.76:0.9:5:0.9:1.0	Unassigned	k__Fungi;p__Basidiomycota;c__Agaricomycetes;o__Agaricales;f__Bolbitiaceae;g__Pholiotina	underclassification	0	0.104166666667	0.0317796610169	0.0487012987013
F1-REF	5	1	sortmerna	0.76:0.9:5:0.9:1.0	Unassigned	k__Fungi;p__Basidiomycota;c__Agaricomycetes;o__Agaricales;f__Agaricales_fam_Incertae_sedis;g__Panaeolus	underclassification	0	0.104166666667	0.0317796610169	0.0487012987013
F1-REF	5	1	sortmerna	0.76:0.9:5:0.9:1.0	Unassigned	k__Fungi;p__Ascomycota;c__Leotiomycetes;o__Erysiphales;f__Erysiphaceae;g__Sawadaea	underclassification	0	0.104166666667	0.0317796610169	0.0487012987013
F1-REF	5	1	sortmerna	0.76:0.9:5:0.9:1.0	Unassigned	k__Fungi;p__Ascomycota;c__Sordariomycetes;o__Hypocreomycetidae_ord_Incertae_sedis;f__Plectosphaerellaceae;g__Musicillium	underclassification	0	0.104166666667	0.0317796610169	0.0487012987013
F1-REF	5	1	sortmerna	0.76:0.9:5:0.9:1.0	Unassigned	k__Fungi;p__Ascomycota;c__Lecanoromycetes;o__Peltigerales;f__Pannariaceae;g__Pannaria	underclassification	0	0.104166666667	0.0317796610169	0.0487012987013
F1-REF	5	1	sortmerna	0.76:0.9:5:0.9:1.0	Unassigned	k__Fungi;p__Basidiomycota;c__Agaricomycetes;o__Hymenochaetales;f__Hymenochaetaceae;g__Phellinus	underclassification	0	0.104166666667	0.0317796610169	0.0487012987013
F1-REF	5	1	sortmerna	0.76:0.9:5:0.9:1.0	k__Fungi;p__Basidiomycota;c__Agaricomycetes;o__Boletales;f__Boletaceae	k__Fungi;p__Basidiomycota;c__Agaricomycetes;o__Boletales;f__Boletaceae;g__Porphyrellus	match	5	0.104166666667	0.0317796610169	0.0487012987013
F1-REF	5	1	sortmerna	0.76:0.9:5:0.9:1.0	Unassigned	k__Fungi;p__Basidiomycota;c__Agaricomycetes;o__Polyporales;f__Fomitopsidaceae;g__Fomitopsis	underclassification	0	0.104166666667	0.0317796610169	0.0487012987013
F1-REF	5	1	sortmerna	0.76:0.9:5:0.9:1.0	k__Fungi;p__Basidiomycota;c__Agaricomycetes	k__Fungi;p__Basidiomycota;c__Agaricomycetes;o__Polyporales;f__Fomitopsidaceae;g__Pilatoporus	underclassification	3	0.104166666667	0.0317796610169	0.0487012987013
F1-REF	5	1	sortmerna	0.76:0.9:5:0.9:1.0	Unassigned	k__Fungi;p__Basidiomycota;c__Agaricomycetes;o__Cantharellales;f__Hydnaceae;g__Sistotrema	underclassification	0	0.104166666667	0.0317796610169	0.0487012987013
F1-REF	5	1	sortmerna	0.76:0.9:5:0.9:1.0	Unassigned	k__Fungi;p__Basidiomycota;c__Agaricomycetes;o__Atheliales;f__Atheliaceae;g__Cora	underclassification	0	0.104166666667	0.0317796610169	0.0487012987013
F1-REF	5	1	sortmerna	0.76:0.9:5:0.9:1.0	Unassigned	k__Fungi;p__Basidiomycota;c__Agaricomycetes;o__Agaricales;f__Inocybaceae;g__Simocybe	underclassification	0	0.104166666667	0.0317796610169	0.0487012987013
F1-REF	5	1	sortmerna	0.76:0.9:5:0.9:1.0	k__Fungi;p__Basidiomycota;c__Agaricomycetes;o__Agaricales;f__Lyophyllaceae	k__Fungi;p__Basidiomycota;c__Agaricomycetes;o__Agaricales;f__Lyophyllaceae;g__Asterophora	match	5	0.104166666667	0.0317796610169	0.0487012987013
F1-REF	5	1	sortmerna	0.76:0.9:5:0.9:1.0	k__Fungi;p__Ascomycota;c__Lecanoromycetes;o__Lecanorales;f__Parmeliaceae	k__Fungi;p__Ascomycota;c__Lecanoromycetes;o__Lecanorales;f__Parmeliaceae;g__Melanelia	match	5	0.104166666667	0.0317796610169	0.0487012987013
F1-REF	5	1	sortmerna	0.76:0.9:5:0.9:1.0	Unassigned	k__Fungi;p__Ascomycota;c__Lecanoromycetes;o__Lecanorales;f__Parmeliaceae;g__Usnea	underclassification	0	0.104166666667	0.0317796610169	0.0487012987013
F1-REF	5	1	sortmerna	0.76:0.9:5:0.9:1.0	k__Fungi;p__Ascomycota;c__Lecanoromycetes;o__Lecanorales;f__Parmeliaceae	k__Fungi;p__Ascomycota;c__Lecanoromycetes;o__Lecanorales;f__Parmeliaceae;g__Evernia	match	5	0.104166666667	0.0317796610169	0.0487012987013
F1-REF	5	1	sortmerna	0.76:0.9:5:0.9:1.0	Unassigned	k__Fungi;p__Ascomycota;c__Lecanoromycetes;o__Lecanorales;f__Parmeliaceae;g__Hypogymnia	underclassification	0	0.104166666667	0.0317796610169	0.0487012987013
F1-REF	5	1	sortmerna	0.76:0.9:5:0.9:1.0	Unassigned	k__Fungi;p__Ascomycota;c__Lecanoromycetes;o__Lecanorales;f__Parmeliaceae;g__Nipponoparmelia	underclassification	0	0.104166666667	0.0317796610169	0.0487012987013
F1-REF	5	1	sortmerna	0.76:0.9:5:0.9:1.0	k__Fungi;p__Basidiomycota;c__Agaricomycetes;o__Polyporales;f__Polyporaceae;g__Perenniporia;s__Perenniporia_africana	k__Fungi;p__Basidiomycota;c__Agaricomycetes;o__Polyporales;f__Polyporaceae;g__Yuchengia	overclassification	5	0.104166666667	0.0317796610169	0.0487012987013
F1-REF	5	1	sortmerna	0.76:0.9:5:0.9:1.0	Unassigned	k__Fungi;p__Basidiomycota;c__Agaricomycetes;o__Polyporales;f__Polyporaceae;g__Funalia	underclassification	0	0.104166666667	0.0317796610169	0.0487012987013
F1-REF	5	1	sortmerna	0.76:0.9:5:0.9:1.0	k__Fungi;p__Basidiomycota;c__Agaricomycetes;o__Agaricales	k__Fungi;p__Basidiomycota;c__Agaricomycetes;o__Agaricales;f__Agaricaceae;g__Tulostoma	underclassification	4	0.104166666667	0.0317796610169	0.0487012987013
F1-REF	5	1	sortmerna	0.76:0.9:5:0.9:1.0	Unassigned	k__Fungi;p__Basidiomycota;c__Agaricomycetes;o__Agaricales;f__Tricholomataceae;g__Clitocybe	underclassification	0	0.104166666667	0.0317796610169	0.0487012987013
F1-REF	5	1	sortmerna	0.76:0.9:5:0.9:1.0	Unassigned	k__Fungi;p__Basidiomycota;c__Agaricomycetes;o__Cantharellales;f__Ceratobasidiaceae;g__Ceratobasidium	underclassification	0	0.104166666667	0.0317796610169	0.0487012987013
F1-REF	5	1	sortmerna	0.76:0.9:5:0.9:1.0	Unassigned	k__Fungi;p__Basidiomycota;c__Agaricomycetes;o__Sebacinales;f__Sebacinaceae;g__Sebacina	underclassification	0	0.104166666667	0.0317796610169	0.0487012987013
F1-REF	5	1	sortmerna	0.76:0.9:5:0.9:1.0	k__Fungi;p__Basidiomycota;c__Agaricomycetes;o__Agaricales;f__Pleurotaceae;g__Hohenbuehelia	k__Fungi;p__Basidiomycota;c__Agaricomycetes;o__Agaricales;f__Pleurotaceae;g__Nematoctonus	overclassification	5	0.104166666667	0.0317796610169	0.0487012987013
F1-REF	5	1	sortmerna	0.76:0.9:5:0.9:1.0	k__Fungi;p__Zygomycota;c__Mortierellomycotina_cls_Incertae_sedis;o__Mortierellales;f__Mortierellaceae;g__Dissophora;s__Dissophora_ornata	k__Fungi;p__Zygomycota;c__Mortierellomycotina_cls_Incertae_sedis;o__Mortierellales;f__Mortierellaceae;g__Mortierella	overclassification	5	0.104166666667	0.0317796610169	0.0487012987013
F1-REF	5	1	sortmerna	0.76:0.9:5:0.9:1.0	Unassigned	k__Fungi;p__Basidiomycota;c__Agaricomycetes;o__Russulales;f__Auriscalpiaceae;g__Lentinellus	underclassification	0	0.104166666667	0.0317796610169	0.0487012987013
F1-REF	5	1	sortmerna	0.76:0.9:5:0.9:1.0	k__Fungi;p__Basidiomycota;c__Agaricomycetes;o__Hymenochaetales;f__Schizoporaceae;g__Hyphodontia;s__Hyphodontia_arguta	k__Fungi;p__Basidiomycota;c__Agaricomycetes;o__Hymenochaetales;f__Schizoporaceae;g__Xylodon	overclassification	5	0.104166666667	0.0317796610169	0.0487012987013
F1-REF	5	1	sortmerna	0.76:0.9:5:0.9:1.0	k__Fungi;p__Ascomycota;c__Pezizomycetes;o__Pezizales;f__Pyronemataceae;g__Genea	k__Fungi;p__Ascomycota;c__Pezizomycetes;o__Pezizales;f__Pyronemataceae;g__Genabea	overclassification	5	0.104166666667	0.0317796610169	0.0487012987013
F1-REF	5	1	sortmerna	0.76:0.9:5:0.9:1.0	k__Fungi;p__Basidiomycota;c__Agaricomycetes;o__Agaricales	k__Fungi;p__Zygomycota;c__Mucoromycotina_cls_Incertae_sedis;o__Mucorales;f__Pilobolaceae;g__Pilobolus	misclassification	1	0.104166666667	0.0317796610169	0.0487012987013
F1-REF	5	1	sortmerna	0.76:0.9:5:0.9:1.0	k__Fungi;p__Ascomycota;c__Eurotiomycetes;o__Chaetothyriales;f__Herpotrichiellaceae;g__Exophiala;s__Exophiala_sp	k__Fungi;p__Ascomycota;c__Pezizomycotina_cls_Incertae_sedis;o__Pezizomycotina_ord_Incertae_sedis;f__Pezizomycotina_fam_Incertae_sedis;g__Knufia	misclassification	2	0.104166666667	0.0317796610169	0.0487012987013
F1-REF	5	1	sortmerna	0.76:0.9:5:0.9:1.0	k__Fungi;p__Ascomycota;c__Lecanoromycetes;o__Lecanorales;f__Parmeliaceae	k__Fungi;p__Ascomycota;c__Lecanoromycetes;o__Lecanorales;f__Ramalinaceae;g__Bacidia	misclassification	4	0.104166666667	0.0317796610169	0.0487012987013
F1-REF	5	1	sortmerna	0.76:0.9:5:0.9:1.0	Unassigned	k__Fungi;p__Ascomycota;c__Dothideomycetes;o__Pleosporales;f__Lophiostomataceae;g__Sigarispora	underclassification	0	0.104166666667	0.0317796610169	0.0487012987013
F1-REF	5	1	sortmerna	0.76:0.9:5:0.9:1.0	k__Fungi;p__Glomeromycota;c__Glomeromycetes;o__Diversisporales;f__Gigasporaceae	k__Fungi;p__Glomeromycota;c__Glomeromycetes;o__Diversisporales;f__Gigasporaceae;g__Scutellospora	match	5	0.104166666667	0.0317796610169	0.0487012987013
F1-REF	5	1	sortmerna	0.76:0.9:5:0.9:1.0	Unassigned	k__Fungi;p__Ascomycota;c__Saccharomycetes;o__Saccharomycetales;f__Pichiaceae;g__Kregervanrija	underclassification	0	0.104166666667	0.0317796610169	0.0487012987013
F1-REF	5	1	sortmerna	0.76:0.9:5:0.9:1.0	k__Fungi;p__Ascomycota;c__Saccharomycetes;o__Saccharomycetales;f__Saccharomycetales_fam_Incertae_sedis;g__Candida;s__Candida_etchellsii	k__Fungi;p__Ascomycota;c__Saccharomycetes;o__Saccharomycetales;f__Saccharomycetales_fam_Incertae_sedis;g__Starmerella	overclassification	5	0.104166666667	0.0317796610169	0.0487012987013
F1-REF	5	1	sortmerna	0.76:0.9:5:0.9:1.0	k__Fungi;p__Basidiomycota;c__Agaricomycetes;o__Agaricales	k__Fungi;p__Ascomycota;c__Pezizomycetes;o__Pezizales;f__Sarcosomataceae;g__Urnula	misclassification	1	0.104166666667	0.0317796610169	0.0487012987013
F1-REF	5	1	sortmerna	0.76:0.9:5:0.9:1.0	k__Fungi;p__Ascomycota;c__Sordariomycetes;o__Sordariales;f__Lasiosphaeriaceae;g__Podospora;s__Podospora_sp	k__Fungi;p__Ascomycota;c__Leotiomycetes;o__Leotiomycetes_ord_Incertae_sedis;f__Leotiomycetes_fam_Incertae_sedis;g__Meliniomyces	misclassification	2	0.104166666667	0.0317796610169	0.0487012987013
F1-REF	5	1	sortmerna	0.76:0.9:5:0.9:1.0	Unassigned	k__Fungi;p__Ascomycota;c__Sordariomycetes;o__Microascales;f__Halosphaeriaceae;g__Lignincola	underclassification	0	0.104166666667	0.0317796610169	0.0487012987013
F1-REF	5	1	sortmerna	0.76:0.9:5:0.9:1.0	Unassigned	k__Fungi;p__Ascomycota;c__Sordariomycetes;o__Hypocreales;f__Ophiocordycipitaceae;g__Ophiocordyceps	underclassification	0	0.104166666667	0.0317796610169	0.0487012987013
F1-REF	5	1	sortmerna	0.76:0.9:5:0.9:1.0	Unassigned	k__Fungi;p__Ascomycota;c__Sordariomycetes;o__Coniochaetales;f__Coniochaetaceae;g__Lecythophora	underclassification	0	0.104166666667	0.0317796610169	0.0487012987013
F1-REF	5	1	sortmerna	0.76:0.9:5:0.9:1.0	k__Fungi;p__Ascomycota	k__Fungi;p__Ascomycota;c__Pezizomycotina_cls_Incertae_sedis;o__Pezizomycotina_ord_Incertae_sedis;f__Pezizomycotina_fam_Incertae_sedis;g__Pseudorobillarda	underclassification	2	0.104166666667	0.0317796610169	0.0487012987013
F1-REF	5	1	sortmerna	0.76:0.9:5:0.9:1.0	Unassigned	k__Fungi;p__Ascomycota;c__Lecanoromycetes;o__Teloschistales;f__Physciaceae;g__Physcia	underclassification	0	0.104166666667	0.0317796610169	0.0487012987013
F1-REF	5	1	sortmerna	0.76:0.9:5:0.9:1.0	Unassigned	k__Fungi;p__Glomeromycota;c__Glomeromycetes;o__Diversisporales;f__Diversisporaceae;g__Redeckera	underclassification	0	0.104166666667	0.0317796610169	0.0487012987013
F1-REF	5	1	sortmerna	0.76:0.9:5:0.9:1.0	k__Fungi;p__Ascomycota	k__Fungi;p__Ascomycota;c__Lecanoromycetes;o__Teloschistales;f__Megalosporaceae;g__Austroblastenia	underclassification	2	0.104166666667	0.0317796610169	0.0487012987013
F1-REF	5	1	sortmerna	0.76:0.9:5:0.9:1.0	k__Fungi;p__Basidiomycota;c__Agaricomycetes;o__Agaricales;f__Agaricaceae	k__Fungi;p__Basidiomycota;c__Agaricomycetes;o__Agaricales;f__Cortinariaceae;g__Phaeocollybia	misclassification	4	0.104166666667	0.0317796610169	0.0487012987013
F1-REF	5	1	sortmerna	0.76:0.9:5:0.9:1.0	Unassigned	k__Fungi;p__Basidiomycota;c__Agaricomycetes;o__Boletales;f__Boletaceae;g__Heimioporus	underclassification	0	0.104166666667	0.0317796610169	0.0487012987013
F1-REF	5	1	sortmerna	0.76:0.9:5:0.9:1.0	k__Fungi;p__Basidiomycota;c__Ustilaginomycetes;o__Ustilaginales;f__Ustilaginaceae;g__Ustilago;s__Ustilago_shanxiensis	k__Fungi;p__Basidiomycota;c__Ustilaginomycetes;o__Ustilaginales;f__Ustilaginaceae;g__Sporisorium	overclassification	5	0.104166666667	0.0317796610169	0.0487012987013
F1-REF	5	1	sortmerna	0.76:0.9:5:0.9:1.0	k__Fungi;p__Ascomycota;c__Dothideomycetes;o__Botryosphaeriales;f__Botryosphaeriaceae;g__Neoscytalidium;s__Neoscytalidium_novaehollandiae	k__Fungi;p__Ascomycota;c__Dothideomycetes;o__Botryosphaeriales;f__Botryosphaeriaceae;g__Botryosphaeria	overclassification	5	0.104166666667	0.0317796610169	0.0487012987013
F1-REF	5	1	sortmerna	0.76:0.9:5:0.9:1.0	k__Fungi;p__Ascomycota;c__Saccharomycetes;o__Saccharomycetales;f__Lipomycetaceae;g__Lipomyces;s__Lipomyces_spencermartinsiae	k__Fungi;p__Ascomycota;c__Saccharomycetes;o__Saccharomycetales;f__Saccharomycetaceae;g__Vanderwaltozyma	misclassification	4	0.104166666667	0.0317796610169	0.0487012987013
F1-REF	5	1	sortmerna	0.76:0.9:5:0.9:1.0	k__Fungi;p__Zygomycota;c__Mucoromycotina_cls_Incertae_sedis;o__Mucorales;f__Saksenaeaceae;g__Apophysomyces	k__Fungi;p__Zygomycota;c__Mucoromycotina_cls_Incertae_sedis;o__Mucorales;f__Saksenaeaceae;g__Saksenaea	overclassification	5	0.104166666667	0.0317796610169	0.0487012987013
F1-REF	5	1	sortmerna	0.76:0.9:5:0.9:1.0	k__Fungi;p__Ascomycota	k__Fungi;p__Ascomycota;c__Eurotiomycetes;o__Eurotiales;f__Trichocomaceae;g__Talaromyces	underclassification	2	0.104166666667	0.0317796610169	0.0487012987013
F1-REF	5	1	sortmerna	0.76:0.9:5:0.9:1.0	k__Fungi;p__Ascomycota;c__Sordariomycetes;o__Hypocreales;f__Bionectriaceae;g__Clonostachys	k__Fungi;p__Ascomycota;c__Sordariomycetes;o__Hypocreales;f__Bionectriaceae;g__Bionectria	overclassification	5	0.104166666667	0.0317796610169	0.0487012987013
F1-REF	5	1	sortmerna	0.76:0.9:5:0.9:1.0	Unassigned	k__Fungi;p__Basidiomycota;c__Agaricomycetes;o__Boletales;f__Suillaceae;g__Truncocolumella	underclassification	0	0.104166666667	0.0317796610169	0.0487012987013
F1-REF	5	1	sortmerna	0.76:0.9:5:0.9:1.0	Unassigned	k__Fungi;p__Ascomycota;c__Sordariomycetes;o__Hypocreales;f__Nectriaceae;g__Gliocladiopsis	underclassification	0	0.104166666667	0.0317796610169	0.0487012987013
F1-REF	5	1	sortmerna	0.76:0.9:5:0.9:1.0	Unassigned	k__Fungi;p__Basidiomycota;c__Agaricomycetes;o__Boletales;f__Gomphidiaceae;g__Chroogomphus	underclassification	0	0.104166666667	0.0317796610169	0.0487012987013
F1-REF	5	1	sortmerna	0.76:0.9:5:0.9:1.0	k__Fungi;p__Ascomycota;c__Dothideomycetes;o__Pleosporales;f__Phaeosphaeriaceae;g__Phaeosphaeria	k__Fungi;p__Ascomycota;c__Dothideomycetes;o__Pleosporales;f__Phaeosphaeriaceae;g__Parastagonospora	overclassification	5	0.104166666667	0.0317796610169	0.0487012987013
F1-REF	5	1	sortmerna	0.76:0.9:5:0.9:1.0	Unassigned	k__Fungi;p__Ascomycota;c__Dothideomycetes;o__Pleosporales;f__Pleosporales_fam_Incertae_sedis;g__Shiraia	underclassification	0	0.104166666667	0.0317796610169	0.0487012987013
F1-REF	5	1	sortmerna	0.76:0.9:5:0.9:1.0	Unassigned	k__Fungi;p__Basidiomycota;c__Agaricomycetes;o__Thelephorales;f__Bankeraceae;g__Sarcodon	underclassification	0	0.104166666667	0.0317796610169	0.0487012987013
F1-REF	5	1	sortmerna	0.76:0.9:5:0.9:1.0	Unassigned	k__Fungi;p__Basidiomycota;c__Agaricomycetes;o__Hymenochaetales;f__Hymenochaetaceae;g__Inocutis	underclassification	0	0.104166666667	0.0317796610169	0.0487012987013
F1-REF	5	1	sortmerna	0.76:0.9:5:0.9:1.0	Unassigned	k__Fungi;p__Ascomycota;c__Eurotiomycetes;o__Onygenales;f__Onygenaceae;g__Chrysosporium	underclassification	0	0.104166666667	0.0317796610169	0.0487012987013
F1-REF	5	1	sortmerna	0.76:0.9:5:0.9:1.0	Unassigned	k__Fungi;p__Basidiomycota;c__Agaricomycetes;o__Agaricales;f__Physalacriaceae;g__Xerula	underclassification	0	0.104166666667	0.0317796610169	0.0487012987013
F1-REF	5	1	sortmerna	0.76:0.9:5:0.9:1.0	Unassigned	k__Fungi;p__Basidiomycota;c__Agaricomycetes;o__Boletales;f__Boletaceae;g__Hemileccinum	underclassification	0	0.104166666667	0.0317796610169	0.0487012987013
F1-REF	5	1	sortmerna	0.76:0.9:5:0.9:1.0	k__Fungi;p__Basidiomycota;c__Agaricomycetes;o__Agaricales	k__Fungi;p__Basidiomycota;c__Agaricomycetes;o__Agaricales;f__Physalacriaceae;g__Mucidula	underclassification	4	0.104166666667	0.0317796610169	0.0487012987013
F1-REF	5	1	sortmerna	0.76:0.9:5:0.9:1.0	Unassigned	k__Fungi;p__Basidiomycota;c__Agaricomycetes;o__Hymenochaetales;f__Hymenochaetaceae;g__Sanghuangporus	underclassification	0	0.104166666667	0.0317796610169	0.0487012987013
F1-REF	5	1	sortmerna	0.76:0.9:5:0.9:1.0	Unassigned	k__Fungi;p__Ascomycota;c__Leotiomycetes;o__Helotiales;f__Hyaloscyphaceae;g__Lachnum	underclassification	0	0.104166666667	0.0317796610169	0.0487012987013
F1-REF	5	1	sortmerna	0.76:0.9:5:0.9:1.0	Unassigned	k__Fungi;p__Basidiomycota;c__Agaricomycetes;o__Agaricales;f__Physalacriaceae;g__Strobilurus	underclassification	0	0.104166666667	0.0317796610169	0.0487012987013
F1-REF	5	1	sortmerna	0.76:0.9:5:0.9:1.0	k__Fungi;p__Basidiomycota;c__Agaricomycetes;o__Agaricales;f__Schizophyllaceae;g__Auriculariopsis;s__Auriculariopsis_albomellea	k__Fungi;p__Basidiomycota;c__Agaricomycetes;o__Boletales;f__Boletaceae;g__Borofutus	misclassification	3	0.104166666667	0.0317796610169	0.0487012987013
F1-REF	5	1	sortmerna	0.76:0.9:5:0.9:1.0	k__Fungi;p__Chytridiomycota;c__Chytridiomycetes;o__Spizellomycetales;f__Spizellomycetaceae;g__Powellomyces	k__Fungi;p__Chytridiomycota;c__Chytridiomycetes;o__Spizellomycetales;f__Spizellomycetaceae;g__Spizellomyces	overclassification	5	0.104166666667	0.0317796610169	0.0487012987013
F1-REF	5	1	sortmerna	0.76:0.9:5:0.9:1.0	k__Fungi;p__Basidiomycota;c__Agaricomycetes;o__Agaricales;f__Mycenaceae;g__Mycena	k__Fungi;p__Basidiomycota;c__Agaricomycetes;o__Agaricales;f__Mycenaceae;g__Filoboletus	overclassification	5	0.104166666667	0.0317796610169	0.0487012987013
F1-REF	5	1	sortmerna	0.76:0.9:5:0.9:1.0	k__Fungi;p__Ascomycota;c__Pezizomycotina_cls_Incertae_sedis;o__Pezizomycotina_ord_Incertae_sedis;f__Pezizomycotina_fam_Incertae_sedis;g__Polyscytalum;s__Polyscytalum_sp	k__Fungi;p__Ascomycota;c__Sordariomycetes;o__Xylariales;f__Amphisphaeriaceae;g__Phlogicylindrium	misclassification	2	0.104166666667	0.0317796610169	0.0487012987013
F1-REF	5	1	sortmerna	0.76:0.9:5:0.9:1.0	k__Fungi	k__Fungi;p__Ascomycota;c__Saccharomycetes;o__Saccharomycetales;f__Saccharomycetales_fam_Incertae_sedis;g__Wickerhamomyces	underclassification	1	0.104166666667	0.0317796610169	0.0487012987013
F1-REF	5	1	sortmerna	0.76:0.9:5:0.9:1.0	k__Fungi;p__Ascomycota	k__Fungi;p__Ascomycota;c__Dothideomycetes;o__Pleosporales;f__Pleosporales_fam_Incertae_sedis;g__Anguillospora	underclassification	2	0.104166666667	0.0317796610169	0.0487012987013
F1-REF	5	1	sortmerna	0.76:0.9:5:0.9:1.0	k__Fungi;p__Ascomycota	k__Fungi;p__Ascomycota;c__Pezizomycotina_cls_Incertae_sedis;o__Pezizomycotina_ord_Incertae_sedis;f__Pezizomycotina_fam_Incertae_sedis;g__Tetrachaetum	underclassification	2	0.104166666667	0.0317796610169	0.0487012987013
F1-REF	5	1	sortmerna	0.76:0.9:5:0.9:1.0	Unassigned	k__Fungi;p__Basidiomycota;c__Agaricomycetes;o__Polyporales;f__Phanerochaetaceae;g__Antrodiella	underclassification	0	0.104166666667	0.0317796610169	0.0487012987013
F1-REF	5	1	sortmerna	0.76:0.9:5:0.9:1.0	k__Fungi;p__Basidiomycota;c__Agaricomycetes;o__Trechisporales;f__Hydnodontaceae;g__Sistotremastrum;s__Sistotremastrum_sp	k__Fungi;p__Basidiomycota;c__Agaricomycetes;o__Cantharellales;f__Clavulinaceae;g__Membranomyces	misclassification	3	0.104166666667	0.0317796610169	0.0487012987013
F1-REF	5	1	sortmerna	0.76:0.9:5:0.9:1.0	k__Fungi;p__Basidiomycota;c__Agaricomycetes	k__Fungi;p__Basidiomycota;c__Agaricomycetes;o__Polyporales;f__Xenasmataceae;g__Xenasma	underclassification	3	0.104166666667	0.0317796610169	0.0487012987013
F1-REF	5	1	sortmerna	0.76:0.9:5:0.9:1.0	k__Fungi;p__Basidiomycota;c__Agaricomycetes;o__Agaricales	k__Fungi;p__Basidiomycota;c__Agaricomycetes;o__Polyporales;f__Meruliaceae;g__Flavodon	misclassification	3	0.104166666667	0.0317796610169	0.0487012987013
F1-REF	5	1	sortmerna	0.76:0.9:5:0.9:1.0	k__Fungi;p__Basidiomycota;c__Agaricomycetes	k__Fungi;p__Basidiomycota;c__Agaricomycetes;o__Polyporales;f__Polyporaceae;g__Royoporus	underclassification	3	0.104166666667	0.0317796610169	0.0487012987013
F1-REF	5	1	sortmerna	0.76:0.9:5:0.9:1.0	Unassigned	k__Fungi;p__Basidiomycota;c__Agaricomycetes;o__Polyporales;f__Polyporaceae;g__Polyporus	underclassification	0	0.104166666667	0.0317796610169	0.0487012987013
F1-REF	5	1	sortmerna	0.76:0.9:5:0.9:1.0	Unassigned	k__Fungi;p__Basidiomycota;c__Agaricomycetes;o__Agaricales;f__Agaricaceae;g__Echinoderma	underclassification	0	0.104166666667	0.0317796610169	0.0487012987013
F1-REF	5	1	sortmerna	0.76:0.9:5:0.9:1.0	k__Fungi;p__Ascomycota;c__Sordariomycetes	k__Fungi;p__Ascomycota;c__Sordariomycetes;o__Diaporthales;f__Diaporthales_fam_Incertae_sedis;g__Stenocarpella	underclassification	3	0.104166666667	0.0317796610169	0.0487012987013
F1-REF	5	1	sortmerna	0.76:0.9:5:0.9:1.0	Unassigned	k__Fungi;p__Basidiomycota;c__Agaricomycetes;o__Agaricomycetes_ord_Incertae_sedis;f__Agaricomycetes_fam_Incertae_sedis;g__Peniophorella	underclassification	0	0.104166666667	0.0317796610169	0.0487012987013
F1-REF	5	1	sortmerna	0.76:0.9:5:0.9:1.0	k__Fungi;p__Basidiomycota;c__Ustilaginomycetes;o__Urocystidales;f__Urocystidaceae;g__Melanoxa;s__Melanoxa_oxalidiellae	k__Fungi;p__Basidiomycota;c__Ustilaginomycetes;o__Urocystidales;f__Urocystidaceae;g__Urocystis	overclassification	5	0.104166666667	0.0317796610169	0.0487012987013
F1-REF	5	1	sortmerna	0.76:0.9:5:0.9:1.0	Unassigned	k__Fungi;p__Basidiomycota;c__Agaricomycetes;o__Thelephorales;f__Bankeraceae;g__Bankera	underclassification	0	0.104166666667	0.0317796610169	0.0487012987013
F1-REF	5	1	sortmerna	0.76:0.9:5:0.9:1.0	k__Fungi;p__Basidiomycota;c__Agaricomycetes;o__Boletales;f__Serpulaceae;g__Serpula	k__Fungi;p__Basidiomycota;c__Agaricomycetes;o__Boletales;f__Coniophoraceae;g__Coniophora	misclassification	4	0.104166666667	0.0317796610169	0.0487012987013
F1-REF	5	1	sortmerna	0.76:0.9:5:0.9:1.0	k__Fungi;p__Basidiomycota;c__Pucciniomycetes;o__Pucciniales;f__Pucciniaceae;g__Puccinia;s__Puccinia_argentata	k__Fungi;p__Basidiomycota;c__Pucciniomycetes;o__Pucciniales;f__Pucciniaceae;g__Uromyces	overclassification	5	0.104166666667	0.0317796610169	0.0487012987013
F1-REF	5	1	sortmerna	0.76:0.9:5:0.9:1.0	k__Fungi;p__Basidiomycota;c__Agaricomycetes;o__Boletales;f__Boletaceae	k__Fungi;p__Basidiomycota;c__Agaricomycetes;o__Boletales;f__Boletaceae;g__Cyanoboletus	match	5	0.104166666667	0.0317796610169	0.0487012987013
F1-REF	5	1	sortmerna	0.76:0.9:5:0.9:1.0	k__Fungi;p__Zygomycota;c__Mucoromycotina_cls_Incertae_sedis;o__Mucorales;f__Mucoraceae;g__Mucor;s__Mucor_racemosus	k__Fungi;p__Zygomycota;c__Mucoromycotina_cls_Incertae_sedis;o__Mucorales;f__Mucoraceae;g__Chaetocladium	overclassification	5	0.104166666667	0.0317796610169	0.0487012987013
F1-REF	5	1	sortmerna	0.76:0.9:5:0.9:1.0	Unassigned	k__Fungi;p__Basidiomycota;c__Agaricomycetes;o__Agaricales;f__Inocybaceae;g__Tubaria	underclassification	0	0.104166666667	0.0317796610169	0.0487012987013
F1-REF	5	1	sortmerna	0.76:0.9:5:0.9:1.0	k__Fungi;p__Ascomycota;c__Dothideomycetes;o__Pleosporales	k__Fungi;p__Ascomycota;c__Dothideomycetes;o__Pleosporales;f__Pleosporales_fam_Incertae_sedis;g__Phoma	underclassification	4	0.104166666667	0.0317796610169	0.0487012987013
F1-REF	5	1	sortmerna	0.76:0.9:5:0.9:1.0	k__Fungi;p__Ascomycota;c__Sordariomycetes;o__Microascales;f__Ceratocystidaceae;g__Ambrosiella;s__Ambrosiella_sp	k__Fungi;p__Ascomycota;c__Sordariomycetes;o__Microascales;f__Ceratocystidaceae;g__Ceratocystis	overclassification	5	0.104166666667	0.0317796610169	0.0487012987013
F1-REF	5	1	sortmerna	0.76:0.9:5:0.9:1.0	k__Fungi;p__Ascomycota;c__Pezizomycotina_cls_Incertae_sedis;o__Pezizomycotina_ord_Incertae_sedis;f__Pezizomycotina_fam_Incertae_sedis;g__Volucrispora;s__Volucrispora_graminea	k__Fungi;p__Ascomycota;c__Leotiomycetes;o__Helotiales;f__Helotiales_fam_Incertae_sedis;g__Helgardia	misclassification	2	0.104166666667	0.0317796610169	0.0487012987013
F1-REF	5	1	sortmerna	0.76:0.9:5:0.9:1.0	Unassigned	k__Fungi;p__Ascomycota;c__Leotiomycetes;o__Helotiales;f__Helotiales_fam_Incertae_sedis;g__Oculimacula	underclassification	0	0.104166666667	0.0317796610169	0.0487012987013
F1-REF	5	1	sortmerna	0.76:0.9:5:0.9:1.0	Unassigned	k__Fungi;p__Neocallimastigomycota;c__Neocallimastigomycetes;o__Neocallimastigales;f__Neocallimastigaceae;g__Cyllamyces	underclassification	0	0.104166666667	0.0317796610169	0.0487012987013
F1-REF	5	1	sortmerna	0.76:0.9:5:0.9:1.0	k__Fungi;p__Basidiomycota	k__Fungi;p__Ascomycota;c__Saccharomycetes;o__Saccharomycetales;f__Dipodascaceae;g__Basidioascus	misclassification	1	0.104166666667	0.0317796610169	0.0487012987013
F1-REF	5	1	sortmerna	0.76:0.9:5:0.9:1.0	Unassigned	k__Fungi;p__Basidiomycota;c__Agaricomycetes;o__Agaricales;f__Entolomataceae;g__Entocybe	underclassification	0	0.104166666667	0.0317796610169	0.0487012987013
F1-REF	5	1	sortmerna	0.76:0.9:5:0.9:1.0	Unassigned	k__Fungi;p__Ascomycota;c__Lecanoromycetes;o__Peltigerales;f__Lobariaceae;g__Lobariella	underclassification	0	0.104166666667	0.0317796610169	0.0487012987013
F1-REF	5	1	sortmerna	0.76:0.9:5:0.9:1.0	k__Fungi;p__Basidiomycota;c__Agaricomycetes	k__Fungi;p__Basidiomycota;c__Agaricomycetes;o__Trechisporales;f__Hydnodontaceae;g__Trechispora	underclassification	3	0.104166666667	0.0317796610169	0.0487012987013
F1-REF	5	1	sortmerna	0.76:0.9:5:0.9:1.0	Unassigned	k__Fungi;p__Ascomycota;c__Eurotiomycetes;o__Verrucariales;f__Verrucariaceae;g__Placopyrenium	underclassification	0	0.104166666667	0.0317796610169	0.0487012987013
F1-REF	5	1	sortmerna	0.76:0.9:5:0.9:1.0	k__Fungi;p__Ascomycota;c__Dothideomycetes;o__Pleosporales;f__Pleosporaceae;g__Curvularia;s__Curvularia_brachyspora	k__Fungi;p__Ascomycota;c__Dothideomycetes;o__Pleosporales;f__Pleosporaceae;g__Bipolaris	overclassification	5	0.104166666667	0.0317796610169	0.0487012987013
F1-REF	5	1	sortmerna	0.76:0.9:5:0.9:1.0	k__Fungi;p__Basidiomycota;c__Agaricomycetes	k__Fungi;p__Basidiomycota;c__Agaricomycetes;o__Russulales;f__Stereaceae;g__Conferticium	underclassification	3	0.104166666667	0.0317796610169	0.0487012987013
F1-REF	5	1	sortmerna	0.76:0.9:5:0.9:1.0	k__Fungi;p__Basidiomycota;c__Agaricomycetes;o__Polyporales;f__Meruliaceae;g__Junghuhnia;s__Junghuhnia_pseudozilingiana	k__Fungi;p__Basidiomycota;c__Agaricomycetes;o__Polyporales;f__Meruliaceae;g__Steccherinum	overclassification	5	0.104166666667	0.0317796610169	0.0487012987013
F1-REF	5	1	sortmerna	0.76:0.9:5:0.9:1.0	Unassigned	k__Fungi;p__Basidiomycota;c__Agaricomycetes;o__Corticiales;f__Corticiaceae;g__Marchandiobasidium	underclassification	0	0.104166666667	0.0317796610169	0.0487012987013
F1-REF	5	1	sortmerna	0.76:0.9:5:0.9:1.0	k__Fungi;p__Ascomycota;c__Sordariomycetes	k__Fungi;p__Ascomycota;c__Sordariomycetes;o__Hypocreales;f__Clavicipitaceae;g__Aschersonia	underclassification	3	0.104166666667	0.0317796610169	0.0487012987013
F1-REF	5	1	sortmerna	0.76:0.9:5:0.9:1.0	k__Fungi;p__Ascomycota;c__Sordariomycetes;o__Hypocreales;f__Nectriaceae;g__Nectria;s__Nectria_cinnabarina	k__Fungi;p__Ascomycota;c__Sordariomycetes;o__Hypocreales;f__Nectriaceae;g__Nalanthamala	overclassification	5	0.104166666667	0.0317796610169	0.0487012987013
F1-REF	5	1	sortmerna	0.76:0.9:5:0.9:1.0	k__Fungi;p__Ascomycota	k__Fungi;p__Ascomycota;c__Dothideomycetes;o__Capnodiales;f__Teratosphaeriaceae;g__Neodevriesia	underclassification	2	0.104166666667	0.0317796610169	0.0487012987013
F1-REF	5	1	sortmerna	0.76:0.9:5:0.9:1.0	Unassigned	k__Fungi;p__Ascomycota;c__Dothideomycetes;o__Capnodiales;f__Capnodiales_fam_Incertae_sedis;g__Capnobotryella	underclassification	0	0.104166666667	0.0317796610169	0.0487012987013
F1-REF	5	1	sortmerna	0.76:0.9:5:0.9:1.0	Unassigned	k__Fungi;p__Basidiomycota;c__Agaricomycetes;o__Agaricales;f__Tricholomataceae;g__Arrhenia	underclassification	0	0.104166666667	0.0317796610169	0.0487012987013
F1-REF	5	1	sortmerna	0.76:0.9:5:0.9:1.0	k__Fungi;p__Ascomycota;c__Saccharomycetes;o__Saccharomycetales;f__Saccharomycetales_fam_Incertae_sedis;g__Candida	k__Fungi;p__Ascomycota;c__Arthoniomycetes;o__Arthoniales;f__Roccellaceae;g__Roccella	misclassification	2	0.104166666667	0.0317796610169	0.0487012987013
F1-REF	5	1	sortmerna	0.76:0.9:5:0.9:1.0	k__Fungi;p__Ascomycota;c__Pezizomycetes;o__Pezizales;f__Pezizaceae;g__Pachyphlodes	k__Fungi;p__Ascomycota;c__Pezizomycetes;o__Pezizales;f__Pezizaceae;g__Peziza	overclassification	5	0.104166666667	0.0317796610169	0.0487012987013
F1-REF	5	1	sortmerna	0.76:0.9:5:0.9:1.0	Unassigned	k__Fungi;p__Ascomycota;c__Pezizomycotina_cls_Incertae_sedis;o__Pezizomycotina_ord_Incertae_sedis;f__Pezizomycotina_fam_Incertae_sedis;g__Ochroconis	underclassification	0	0.104166666667	0.0317796610169	0.0487012987013
F1-REF	5	1	sortmerna	0.76:0.9:5:0.9:1.0	k__Fungi;p__Basidiomycota;c__Agaricomycetes;o__Trechisporales;f__Hydnodontaceae;g__Sistotremastrum;s__Sistotremastrum_sp	k__Fungi;p__Basidiomycota;c__Agaricomycetes;o__Polyporales;f__Polyporaceae;g__Piloporia	misclassification	3	0.104166666667	0.0317796610169	0.0487012987013
F1-REF	5	1	sortmerna	0.76:0.9:5:0.9:1.0	Unassigned	k__Fungi;p__Basidiomycota;c__Agaricomycetes;o__Polyporales;f__Fomitopsidaceae;g__Postia	underclassification	0	0.104166666667	0.0317796610169	0.0487012987013
F1-REF	5	1	sortmerna	0.76:0.9:5:0.9:1.0	Unassigned	k__Fungi;p__Basidiomycota;c__Agaricomycetes;o__Russulales;f__Peniophoraceae;g__Peniophora	underclassification	0	0.104166666667	0.0317796610169	0.0487012987013
F1-REF	5	1	sortmerna	0.76:0.9:5:0.9:1.0	k__Fungi;p__Ascomycota	k__Fungi;p__Ascomycota;c__Pezizomycetes;o__Pezizales;f__Pyronemataceae;g__Flavoscypha	underclassification	2	0.104166666667	0.0317796610169	0.0487012987013
F1-REF	5	1	sortmerna	0.76:0.9:5:0.9:1.0	k__Fungi;p__Ascomycota;c__Pezizomycetes;o__Pezizales;f__Pezizaceae;g__Pachyphlodes	k__Fungi;p__Ascomycota;c__Pezizomycetes;o__Pezizales;f__Pezizaceae;g__Scabropezia	overclassification	5	0.104166666667	0.0317796610169	0.0487012987013
F1-REF	5	1	sortmerna	0.76:0.9:5:0.9:1.0	Unassigned	k__Fungi;p__Ascomycota;c__Sordariomycetes;o__Xylariales;f__Xylariaceae;g__Camillea	underclassification	0	0.104166666667	0.0317796610169	0.0487012987013
F1-REF	5	1	sortmerna	0.76:0.9:5:0.9:1.0	k__Fungi;p__Ascomycota;c__Sordariomycetes;o__Magnaporthales;f__Magnaporthaceae;g__Mycoleptodiscus;s__Mycoleptodiscus_sp	k__Fungi;p__Ascomycota;c__Eurotiomycetes;o__Onygenales;f__Arthrodermataceae;g__Microsporum	misclassification	2	0.104166666667	0.0317796610169	0.0487012987013
F1-REF	5	1	sortmerna	0.76:0.9:5:0.9:1.0	k__Fungi;p__Basidiomycota;c__Agaricomycetes	k__Fungi;p__Basidiomycota;c__Agaricomycetes;o__Russulales;f__Lachnocladiaceae;g__Asterostroma	underclassification	3	0.104166666667	0.0317796610169	0.0487012987013
F1-REF	5	1	sortmerna	0.76:0.9:5:0.9:1.0	Unassigned	k__Fungi;p__Basidiomycota;c__Agaricomycetes;o__Agaricales;f__Marasmiaceae;g__Macrocystidia	underclassification	0	0.104166666667	0.0317796610169	0.0487012987013
F1-REF	5	1	sortmerna	0.76:0.9:5:0.9:1.0	k__Fungi;p__Ascomycota;c__Saccharomycetes;o__Saccharomycetales;f__Saccharomycetales_fam_Incertae_sedis;g__Debaryomyces	k__Fungi;p__Ascomycota;c__Saccharomycetes;o__Saccharomycetales;f__Saccharomycetales_fam_Incertae_sedis;g__Schwanniomyces	overclassification	5	0.104166666667	0.0317796610169	0.0487012987013
F1-REF	5	1	sortmerna	0.76:0.9:5:0.9:1.0	k__Fungi;p__Ascomycota;c__Saccharomycetes;o__Saccharomycetales;f__Saccharomycetales_fam_Incertae_sedis;g__Candida	k__Fungi;p__Ascomycota;c__Saccharomycetes;o__Saccharomycetales;f__Pichiaceae;g__Yamadazyma	misclassification	4	0.104166666667	0.0317796610169	0.0487012987013
F1-REF	5	1	sortmerna	0.76:0.9:5:0.9:1.0	k__Fungi;p__Ascomycota;c__Pezizomycetes;o__Pezizales;f__Morchellaceae;g__Verpa;s__Verpa_bohemica	k__Fungi;p__Basidiomycota;c__Agaricomycetes;o__Agaricales;f__Schizophyllaceae;g__Schizophyllum	misclassification	1	0.104166666667	0.0317796610169	0.0487012987013
F1-REF	5	1	sortmerna	0.76:0.9:5:0.9:1.0	Unassigned	k__Fungi;p__Basidiomycota;c__Agaricomycetes;o__Polyporales;f__Polyporaceae;g__Nigroporus	underclassification	0	0.104166666667	0.0317796610169	0.0487012987013
F1-REF	5	1	sortmerna	0.76:0.9:5:0.9:1.0	Unassigned	k__Fungi;p__Ascomycota;c__Pezizomycotina_cls_Incertae_sedis;o__Pezizomycotina_ord_Incertae_sedis;f__Pezizomycotina_fam_Incertae_sedis;g__Lunulospora	underclassification	0	0.104166666667	0.0317796610169	0.0487012987013
F1-REF	5	1	sortmerna	0.76:0.9:5:0.9:1.0	Unassigned	k__Fungi;p__Ascomycota;c__Ascomycota_cls_Incertae_sedis;o__Ascomycota_ord_Incertae_sedis;f__Ascomycota_fam_Incertae_sedis;g__Luteocirrhus	underclassification	0	0.104166666667	0.0317796610169	0.0487012987013
F1-REF	5	1	sortmerna	0.76:0.9:5:0.9:1.0	Unassigned	k__Fungi;p__Ascomycota;c__Saccharomycetes;o__Saccharomycetales;f__Saccharomycetales_fam_Incertae_sedis;g__Peterozyma	underclassification	0	0.104166666667	0.0317796610169	0.0487012987013
F1-REF	5	1	sortmerna	0.76:0.9:5:0.9:1.0	Unassigned	k__Fungi;p__Basidiomycota;c__Agaricomycetes;o__Hymenochaetales;f__Hymenochaetaceae;g__Fulvifomes	underclassification	0	0.104166666667	0.0317796610169	0.0487012987013
F1-REF	5	1	sortmerna	0.76:0.9:5:0.9:1.0	Unassigned	k__Fungi;p__Ascomycota;c__Dothideomycetes;o__Capnodiales;f__Mycosphaerellaceae;g__Dissoconium	underclassification	0	0.104166666667	0.0317796610169	0.0487012987013
F1-REF	5	1	sortmerna	0.76:0.9:5:0.9:1.0	k__Fungi;p__Ascomycota;c__Dothideomycetes;o__Capnodiales;f__Mycosphaerellaceae;g__Sphaerulina;s__Sphaerulina_sp	k__Fungi;p__Ascomycota;c__Dothideomycetes;o__Capnodiales;f__Mycosphaerellaceae;g__Phaeophleospora	overclassification	5	0.104166666667	0.0317796610169	0.0487012987013
F1-REF	5	1	sortmerna	0.76:0.9:5:0.9:1.0	Unassigned	k__Fungi;p__Basidiomycota;c__Agaricomycetes;o__Agaricales;f__Marasmiaceae;g__Megacollybia	underclassification	0	0.104166666667	0.0317796610169	0.0487012987013
F1-REF	5	1	sortmerna	0.76:0.9:5:0.9:1.0	Unassigned	k__Fungi;p__Neocallimastigomycota;c__Neocallimastigomycetes;o__Neocallimastigales;f__Neocallimastigaceae;g__Oontomyces	underclassification	0	0.104166666667	0.0317796610169	0.0487012987013
F1-REF	5	1	sortmerna	0.76:0.9:5:0.9:1.0	k__Fungi;p__Ascomycota;c__Sordariomycetes;o__Hypocreales;f__Hypocreales_fam_Incertae_sedis;g__Acremonium;s__Acremonium_sp	k__Fungi;p__Ascomycota;c__Sordariomycetes;o__Ophiostomatales;f__Ophiostomataceae;g__Hyalorhinocladiella	misclassification	3	0.104166666667	0.0317796610169	0.0487012987013
F1-REF	5	1	sortmerna	0.76:0.9:5:0.9:1.0	Unassigned	k__Fungi;p__Basidiomycota;c__Agaricomycetes;o__Agaricales;f__Lyophyllaceae;g__Hypsizygus	underclassification	0	0.104166666667	0.0317796610169	0.0487012987013
F1-REF	5	1	sortmerna	0.76:0.9:5:0.9:1.0	k__Fungi;p__Ascomycota;c__Sordariomycetes;o__Sordariales;f__Sordariaceae	k__Fungi;p__Ascomycota;c__Sordariomycetes;o__Sordariales;f__Sordariaceae;g__Neurospora	match	5	0.104166666667	0.0317796610169	0.0487012987013
F1-REF	5	1	sortmerna	0.76:0.9:5:0.9:1.0	k__Fungi;p__Ascomycota;c__Lecanoromycetes	k__Fungi;p__Ascomycota;c__Lecanoromycetes;o__Candelariales;f__Candelariaceae;g__Candelariella	underclassification	3	0.104166666667	0.0317796610169	0.0487012987013
F1-REF	5	1	sortmerna	0.76:0.9:5:0.9:1.0	Unassigned	k__Fungi;p__Basidiomycota;c__Agaricomycetes;o__Boletales;f__Paxillaceae;g__Paxillus	underclassification	0	0.104166666667	0.0317796610169	0.0487012987013
F1-REF	5	1	sortmerna	0.76:0.9:5:0.9:1.0	Unassigned	k__Fungi;p__Ascomycota;c__Sordariomycetes;o__Xylariales;f__Diatrypaceae;g__Eutypella	underclassification	0	0.104166666667	0.0317796610169	0.0487012987013
F1-REF	5	1	sortmerna	0.76:0.9:5:0.9:1.0	Unassigned	k__Fungi;p__Basidiomycota;c__Agaricomycetes;o__Polyporales;f__Phanerochaetaceae;g__Phanerochaete	underclassification	0	0.104166666667	0.0317796610169	0.0487012987013
F1-REF	5	1	sortmerna	0.76:0.9:5:0.9:1.0	k__Fungi;p__Basidiomycota;c__Agaricomycetes	k__Fungi;p__Basidiomycota;c__Agaricomycetes;o__Agaricales;f__Hygrophoraceae;g__Gliophorus	underclassification	3	0.104166666667	0.0317796610169	0.0487012987013
F1-REF	5	1	sortmerna	0.76:0.9:5:0.9:1.0	Unassigned	k__Fungi;p__Ascomycota;c__Dothideomycetes;o__Pleosporales;f__Leptosphaeriaceae;g__Plenodomus	underclassification	0	0.104166666667	0.0317796610169	0.0487012987013
F1-REF	5	1	sortmerna	0.76:0.9:5:0.9:1.0	k__Fungi;p__Ascomycota;c__Dothideomycetes;o__Pleosporales;f__Leptosphaeriaceae	k__Fungi;p__Ascomycota;c__Dothideomycetes;o__Pleosporales;f__Leptosphaeriaceae;g__Paraleptosphaeria	match	5	0.104166666667	0.0317796610169	0.0487012987013
F1-REF	5	1	sortmerna	0.76:0.9:5:0.9:1.0	k__Fungi;p__Ascomycota;c__Saccharomycetes;o__Saccharomycetales;f__Saccharomycetales_fam_Incertae_sedis;g__Candida	k__Fungi;p__Ascomycota;c__Saccharomycetes;o__Saccharomycetales;f__Trichomonascaceae;g__Sugiyamaella	misclassification	4	0.104166666667	0.0317796610169	0.0487012987013
F1-REF	5	1	sortmerna	0.76:0.9:5:0.9:1.0	k__Fungi;p__Ascomycota;c__Sordariomycetes;o__Hypocreales;f__Ophiocordycipitaceae;g__Tolypocladium;s__Tolypocladium_parasiticum	k__Fungi;p__Ascomycota;c__Sordariomycetes;o__Hypocreales;f__Clavicipitaceae;g__Pochonia	misclassification	4	0.104166666667	0.0317796610169	0.0487012987013
F1-REF	5	1	sortmerna	0.76:0.9:5:0.9:1.0	Unassigned	k__Fungi;p__Ascomycota;c__Lecanoromycetes;o__Teloschistales;f__Teloschistaceae;g__Orientophila	underclassification	0	0.104166666667	0.0317796610169	0.0487012987013
F1-REF	5	1	sortmerna	0.76:0.9:5:0.9:1.0	k__Fungi	k__Fungi;p__Ascomycota;c__Pezizomycetes;o__Pezizales;f__Pyronemataceae;g__Tarzetta	underclassification	1	0.104166666667	0.0317796610169	0.0487012987013
F1-REF	5	1	sortmerna	0.76:0.9:5:0.9:1.0	k__Fungi;p__Ascomycota;c__Sordariomycetes;o__Sordariales;f__Lasiosphaeriaceae;g__Podospora;s__Podospora_austroamericana	k__Fungi;p__Ascomycota;c__Sordariomycetes;o__Sordariales;f__Lasiosphaeriaceae;g__Cercophora	overclassification	5	0.104166666667	0.0317796610169	0.0487012987013
F1-REF	5	1	sortmerna	0.76:0.9:5:0.9:1.0	k__Fungi;p__Ascomycota;c__Sordariomycetes;o__Magnaporthales;f__Magnaporthaceae;g__Pseudophialophora;s__Pseudophialophora_dichanthii	k__Fungi;p__Ascomycota;c__Sordariomycetes;o__Xylariales;f__Xylariaceae;g__Virgaria	misclassification	3	0.104166666667	0.0317796610169	0.0487012987013
F1-REF	5	1	sortmerna	0.76:0.9:5:0.9:1.0	k__Fungi;p__Ascomycota;c__Sordariomycetes;o__Hypocreales;f__Cordycipitaceae;g__Cordyceps;s__Cordyceps_bassiana	k__Fungi;p__Ascomycota;c__Sordariomycetes;o__Hypocreales;f__Cordycipitaceae;g__Beauveria	overclassification	5	0.104166666667	0.0317796610169	0.0487012987013
F1-REF	5	1	sortmerna	0.76:0.9:5:0.9:1.0	Unassigned	k__Fungi;p__Ascomycota;c__Pezizomycotina_cls_Incertae_sedis;o__Pezizomycotina_ord_Incertae_sedis;f__Pezizomycotina_fam_Incertae_sedis;g__Alysidiella	underclassification	0	0.104166666667	0.0317796610169	0.0487012987013
F1-REF	5	1	sortmerna	0.76:0.9:5:0.9:1.0	Unassigned	k__Fungi;p__Basidiomycota;c__Agaricomycetes;o__Sebacinales;f__Sebacinales_Group_B;g__Serendipita	underclassification	0	0.104166666667	0.0317796610169	0.0487012987013
F1-REF	5	1	sortmerna	0.76:0.9:5:0.9:1.0	Unassigned	k__Fungi;p__Ascomycota;c__Eurotiomycetes;o__Chaetothyriales;f__Chaetothyriales_fam_Incertae_sedis;g__Strelitziana	underclassification	0	0.104166666667	0.0317796610169	0.0487012987013
F1-REF	5	1	sortmerna	0.76:0.9:5:0.9:1.0	Unassigned	k__Fungi;p__Ascomycota;c__Geoglossomycetes;o__Geoglossales;f__Geoglossaceae;g__Glutinoglossum	underclassification	0	0.104166666667	0.0317796610169	0.0487012987013
F1-REF	5	1	sortmerna	0.76:0.9:5:0.9:1.0	Unassigned	k__Fungi;p__Ascomycota;c__Lecanoromycetes;o__Pertusariales;f__Megasporaceae;g__Teuvoa	underclassification	0	0.104166666667	0.0317796610169	0.0487012987013
F1-REF	5	1	sortmerna	0.76:0.9:5:0.9:1.0	k__Fungi;p__Ascomycota;c__Sordariomycetes;o__Sordariomycetidae_ord_Incertae_sedis;f__Glomerellaceae;g__Colletotrichum	k__Fungi;p__Ascomycota;c__Sordariomycetes;o__Sordariomycetidae_ord_Incertae_sedis;f__Glomerellaceae;g__Glomerella	overclassification	5	0.104166666667	0.0317796610169	0.0487012987013
F1-REF	5	1	sortmerna	0.76:0.9:5:0.9:1.0	Unassigned	k__Fungi;p__Basidiomycota;c__Agaricomycetes;o__Polyporales;f__Fomitopsidaceae;g__Laetiporus	underclassification	0	0.104166666667	0.0317796610169	0.0487012987013
F1-REF	5	1	sortmerna	0.76:0.9:5:0.9:1.0	k__Fungi;p__Ascomycota	k__Fungi;p__Ascomycota;c__Sordariomycetes;o__Sordariales;f__Lasiosphaeriaceae;g__Apodus	underclassification	2	0.104166666667	0.0317796610169	0.0487012987013
F1-REF	5	1	sortmerna	0.76:0.9:5:0.9:1.0	Unassigned	k__Fungi;p__Ascomycota;c__Leotiomycetes;o__Helotiales;f__Helotiaceae;g__Tricladium	underclassification	0	0.104166666667	0.0317796610169	0.0487012987013
F1-REF	5	1	sortmerna	0.76:0.9:5:0.9:1.0	k__Fungi;p__Ascomycota;c__Sordariomycetes;o__Hypocreales;f__Clavicipitaceae;g__Neotyphodium	k__Fungi;p__Ascomycota;c__Sordariomycetes;o__Hypocreales;f__Clavicipitaceae;g__Epichloë	overclassification	5	0.104166666667	0.0317796610169	0.0487012987013
F1-REF	5	1	sortmerna	0.76:0.9:5:0.9:1.0	k__Fungi;p__Ascomycota;c__Saccharomycetes;o__Saccharomycetales;f__Saccharomycetaceae;g__Lachancea;s__Lachancea_waltii	k__Fungi;p__Ascomycota;c__Orbiliomycetes;o__Orbiliales;f__Orbiliaceae;g__Orbilia	misclassification	2	0.104166666667	0.0317796610169	0.0487012987013
F1-REF	5	1	sortmerna	0.76:0.9:5:0.9:1.0	Unassigned	k__Fungi;p__Ascomycota;c__Lecanoromycetes;o__Teloschistales;f__Teloschistaceae;g__Gyalolechia	underclassification	0	0.104166666667	0.0317796610169	0.0487012987013
F1-REF	5	1	sortmerna	0.76:0.9:5:0.9:1.0	Unassigned	k__Fungi;p__Ascomycota;c__Leotiomycetes;o__Helotiales;f__Vibrisseaceae;g__Phialocephala	underclassification	0	0.104166666667	0.0317796610169	0.0487012987013
F1-REF	5	1	sortmerna	0.76:0.9:5:0.9:1.0	Unassigned	k__Fungi;p__Ascomycota;c__Dothideomycetes;o__Pleosporales;f__Massarinaceae;g__Helminthosporium	underclassification	0	0.104166666667	0.0317796610169	0.0487012987013
F1-REF	5	1	sortmerna	0.76:0.9:5:0.9:1.0	k__Fungi;p__Ascomycota;c__Sordariomycetes	k__Fungi;p__Ascomycota;c__Sordariomycetes;o__Ophiostomatales;f__Ophiostomataceae;g__Knoxdaviesia	underclassification	3	0.104166666667	0.0317796610169	0.0487012987013
F1-REF	5	1	sortmerna	0.76:0.9:5:0.9:1.0	Unassigned	k__Fungi;p__Ascomycota;c__Pezizomycotina_cls_Incertae_sedis;o__Pezizomycotina_ord_Incertae_sedis;f__Pezizomycotina_fam_Incertae_sedis;g__Stilbospora	underclassification	0	0.104166666667	0.0317796610169	0.0487012987013
F1-REF	5	1	sortmerna	0.76:0.9:5:0.9:1.0	k__Fungi;p__Ascomycota;c__Sordariomycetes;o__Xylariales	k__Fungi;p__Ascomycota;c__Sordariomycetes;o__Sordariales;f__Lasiosphaeriaceae;g__Bagadiella	misclassification	3	0.104166666667	0.0317796610169	0.0487012987013
F1-REF	5	1	sortmerna	0.76:0.9:5:0.9:1.0	k__Fungi;p__Basidiomycota;c__Pucciniomycetes;o__Pucciniales;f__Pileolariaceae;g__Pileolaria;s__Pileolaria_terebinthi	k__Fungi;p__Basidiomycota;c__Pucciniomycetes;o__Pucciniales;f__Uropyxidaceae;g__Dasyspora	misclassification	4	0.104166666667	0.0317796610169	0.0487012987013
F1-REF	5	1	sortmerna	0.76:0.9:5:0.9:1.0	Unassigned	k__Fungi;p__Basidiomycota;c__Agaricomycetes;o__Auriculariales;f__Auriculariales_fam_Incertae_sedis;g__Auricularia	underclassification	0	0.104166666667	0.0317796610169	0.0487012987013
F1-REF	5	1	sortmerna	0.76:0.9:5:0.9:1.0	Unassigned	k__Fungi;p__Ascomycota;c__Sordariomycetes;o__Sordariomycetidae_ord_Incertae_sedis;f__Sordariomycetidae_fam_Incertae_sedis;g__Xylomelasma	underclassification	0	0.104166666667	0.0317796610169	0.0487012987013
F1-REF	5	1	sortmerna	0.76:0.9:5:0.9:1.0	Unassigned	k__Fungi;p__Basidiomycota;c__Cystobasidiomycetes;o__Erythrobasidiales;f__Erythrobasidiales_fam_Incertae_sedis;g__Erythrobasidium	underclassification	0	0.104166666667	0.0317796610169	0.0487012987013
F1-REF	5	1	sortmerna	0.76:0.9:5:0.9:1.0	Unassigned	k__Fungi;p__Ascomycota;c__Lecanoromycetes;o__Lecanorales;f__Lecanoraceae;g__Lecidella	underclassification	0	0.104166666667	0.0317796610169	0.0487012987013
F1-REF	5	1	sortmerna	0.76:0.9:5:0.9:1.0	k__Fungi;p__Basidiomycota;c__Cystobasidiomycetes;o__Cystobasidiales;f__Cystobasidiaceae;g__Cystobasidium	k__Fungi;p__Basidiomycota;c__Cystobasidiomycetes;o__Cystobasidiales;f__Cystobasidiaceae;g__Occultifur	overclassification	5	0.104166666667	0.0317796610169	0.0487012987013
F1-REF	5	1	sortmerna	0.76:0.9:5:0.9:1.0	Unassigned	k__Fungi;p__Ascomycota;c__Sordariomycetes;o__Microascales;f__Microascaceae;g__Doratomyces	underclassification	0	0.104166666667	0.0317796610169	0.0487012987013
F1-REF	5	1	sortmerna	0.76:0.9:5:0.9:1.0	k__Fungi;p__Ascomycota;c__Sordariomycetes;o__Hypocreales;f__Nectriaceae;g__Fusarium;s__Fusarium_neocosmosporiellum	k__Fungi;p__Ascomycota;c__Pezizomycotina_cls_Incertae_sedis;o__Pezizomycotina_ord_Incertae_sedis;f__Pezizomycotina_fam_Incertae_sedis;g__Gamsia	misclassification	2	0.104166666667	0.0317796610169	0.0487012987013
F1-REF	5	1	sortmerna	0.76:0.9:5:0.9:1.0	k__Fungi;p__Ascomycota;c__Pezizomycetes;o__Pezizales;f__Pezizales_fam_Incertae_sedis;g__Picoa;s__Picoa_juniperi	k__Fungi;p__Ascomycota;c__Pezizomycetes;o__Pezizales;f__Pyronemataceae;g__Geopora	misclassification	4	0.104166666667	0.0317796610169	0.0487012987013
F1-REF	5	1	sortmerna	0.76:0.9:5:0.9:1.0	k__Fungi;p__Ascomycota	k__Fungi;p__Ascomycota;c__Sordariomycetes;o__Hypocreales;f__Hypocreaceae;g__Hypomyces	underclassification	2	0.104166666667	0.0317796610169	0.0487012987013
F1-REF	5	1	sortmerna	0.76:0.9:5:0.9:1.0	Unassigned	k__Fungi;p__Ascomycota;c__Lecanoromycetes;o__Lecanorales;f__Lecanorales_fam_Incertae_sedis;g__Solenopsora	underclassification	0	0.104166666667	0.0317796610169	0.0487012987013
F1-REF	5	1	sortmerna	0.76:0.9:5:0.9:1.0	k__Fungi;p__Ascomycota;c__Sordariomycetes	k__Fungi;p__Ascomycota;c__Sordariomycetes;o__Xylariales;f__Xylariaceae;g__Stilbohypoxylon	underclassification	3	0.104166666667	0.0317796610169	0.0487012987013
F1-REF	5	1	sortmerna	0.76:0.9:5:0.9:1.0	k__Fungi;p__Ascomycota;c__Sordariomycetes;o__Sordariales;f__Chaetomiaceae;g__Chaetomium;s__Chaetomium_brasiliense	k__Fungi;p__Ascomycota;c__Sordariomycetes;o__Sordariales;f__Chaetomiaceae;g__Humicola	overclassification	5	0.104166666667	0.0317796610169	0.0487012987013
F1-REF	5	1	sortmerna	0.76:0.9:5:0.9:1.0	k__Fungi;p__Ascomycota;c__Leotiomycetes;o__Rhytismatales;f__Cudoniaceae;g__Spathularia;s__Spathularia_sp	k__Fungi;p__Ascomycota;c__Leotiomycetes;o__Rhytismatales;f__Cudoniaceae;g__Cudonia	overclassification	5	0.104166666667	0.0317796610169	0.0487012987013
F1-REF	5	1	sortmerna	0.76:0.9:5:0.9:1.0	Unassigned	k__Fungi;p__Ascomycota;c__Lecanoromycetes;o__Lecanorales;f__Cladoniaceae;g__Cladia	underclassification	0	0.104166666667	0.0317796610169	0.0487012987013
F1-REF	5	1	sortmerna	0.76:0.9:5:0.9:1.0	Unassigned	k__Fungi;p__Ascomycota;c__Dothideomycetes;o__Capnodiales;f__Mycosphaerellaceae;g__Zasmidium	underclassification	0	0.104166666667	0.0317796610169	0.0487012987013
F1-REF	5	1	sortmerna	0.76:0.9:5:0.9:1.0	k__Fungi;p__Ascomycota;c__Sordariomycetes;o__Xylariales;f__Xylariaceae	k__Fungi;p__Ascomycota;c__Sordariomycetes;o__Xylariales;f__Xylariaceae;g__Muscodor	match	5	0.104166666667	0.0317796610169	0.0487012987013
F1-REF	5	1	sortmerna	0.76:0.9:5:0.9:1.0	Unassigned	k__Fungi;p__Ascomycota;c__Sordariomycetes;o__Hypocreales;f__Hypocreaceae;g__Sphaerostilbella	underclassification	0	0.104166666667	0.0317796610169	0.0487012987013
F1-REF	5	1	sortmerna	0.76:0.9:5:0.9:1.0	Unassigned	k__Fungi;p__Ascomycota;c__Leotiomycetes;o__Erysiphales;f__Erysiphaceae;g__Microidium	underclassification	0	0.104166666667	0.0317796610169	0.0487012987013
F1-REF	5	1	sortmerna	0.76:0.9:5:0.9:1.0	Unassigned	k__Fungi;p__Basidiomycota;c__Agaricomycetes;o__Auriculariales;f__Auriculariales_fam_Incertae_sedis;g__Aporpium	underclassification	0	0.104166666667	0.0317796610169	0.0487012987013
F1-REF	5	1	sortmerna	0.76:0.9:5:0.9:1.0	k__Fungi;p__Ascomycota;c__Orbiliomycetes;o__Orbiliales;f__Orbiliaceae;g__Dactylellina;s__Dactylellina_ellipsospora	k__Fungi;p__Ascomycota;c__Orbiliomycetes;o__Orbiliales;f__Orbiliaceae;g__Arthrobotrys	overclassification	5	0.104166666667	0.0317796610169	0.0487012987013
F1-REF	5	1	sortmerna	0.76:0.9:5:0.9:1.0	k__Fungi;p__Basidiomycota	k__Fungi;p__Basidiomycota;c__Tremellomycetes;o__Trichosporonales;f__Trichosporonaceae;g__Cutaneotrichosporon	underclassification	2	0.104166666667	0.0317796610169	0.0487012987013
F1-REF	5	1	sortmerna	0.76:0.9:5:0.9:1.0	Unassigned	k__Fungi;p__Ascomycota;c__Eurotiomycetes;o__Onygenales;f__Gymnoascaceae;g__Gymnoascus	underclassification	0	0.104166666667	0.0317796610169	0.0487012987013
F1-REF	5	1	sortmerna	0.76:0.9:5:0.9:1.0	Unassigned	k__Fungi;p__Basidiomycota;c__Agaricomycetes;o__Polyporales;f__Polyporaceae;g__Pycnoporus	underclassification	0	0.104166666667	0.0317796610169	0.0487012987013
F1-REF	5	1	sortmerna	0.76:0.9:5:0.9:1.0	k__Fungi;p__Basidiomycota	k__Fungi;p__Basidiomycota;c__Agaricostilbomycetes;o__Agaricostilbales;f__Agaricostilbaceae;g__Bensingtonia	underclassification	2	0.104166666667	0.0317796610169	0.0487012987013
F1-REF	5	1	sortmerna	0.76:0.9:5:0.9:1.0	Unassigned	k__Fungi;p__Basidiomycota;c__Agaricomycetes;o__Gloeophyllales;f__Gloeophyllaceae;g__Gloeophyllum	underclassification	0	0.104166666667	0.0317796610169	0.0487012987013
F1-REF	5	1	sortmerna	0.76:0.9:5:0.9:1.0	Unassigned	k__Fungi;p__Basidiomycota;c__Agaricomycetes;o__Gloeophyllales;f__Gloeophyllaceae;g__Veluticeps	underclassification	0	0.104166666667	0.0317796610169	0.0487012987013
F1-REF	5	1	sortmerna	0.76:0.9:5:0.9:1.0	k__Fungi;p__Basidiomycota;c__Agaricomycetes;o__Agaricales;f__Hygrophoraceae;g__Hygrocybe;s__Hygrocybe_xanthochroa	k__Fungi;p__Basidiomycota;c__Agaricomycetes;o__Agaricales;f__Hygrophoraceae;g__Chromosera	overclassification	5	0.104166666667	0.0317796610169	0.0487012987013
F1-REF	5	1	sortmerna	0.76:0.9:5:0.9:1.0	Unassigned	k__Fungi;p__Basidiomycota;c__Agaricomycetes;o__Polyporales;f__Polyporaceae;g__Rhodonia	underclassification	0	0.104166666667	0.0317796610169	0.0487012987013
F1-REF	5	1	sortmerna	0.76:0.9:5:0.9:1.0	Unassigned	k__Fungi;p__Ascomycota;c__Dothideomycetes;o__Dothideomycetes_ord_Incertae_sedis;f__Dothideomycetes_fam_Incertae_sedis;g__Minutisphaera	underclassification	0	0.104166666667	0.0317796610169	0.0487012987013
F1-REF	5	1	sortmerna	0.76:0.9:5:0.9:1.0	Unassigned	k__Fungi;p__Basidiomycota;c__Agaricomycetes;o__Atheliales;f__Atheliaceae;g__Tylospora	underclassification	0	0.104166666667	0.0317796610169	0.0487012987013
F1-REF	5	1	sortmerna	0.76:0.9:5:0.9:1.0	k__Fungi;p__Basidiomycota;c__Agaricomycetes;o__Agaricales;f__Hygrophoraceae;g__Lichenomphalia;s__Lichenomphalia_lobata	k__Fungi;p__Ascomycota;c__Pezizomycetes;o__Pezizales;f__Sarcoscyphaceae;g__Cookeina	misclassification	1	0.104166666667	0.0317796610169	0.0487012987013
F1-REF	5	1	sortmerna	0.76:0.9:5:0.9:1.0	k__Fungi;p__Ascomycota;c__Sordariomycetes;o__Ophiostomatales;f__Ophiostomataceae;g__Ophiostoma;s__Ophiostoma_angusticollis	k__Fungi;p__Ascomycota;c__Sordariomycetes;o__Hypocreales;f__Clavicipitaceae;g__Hypocrella	misclassification	3	0.104166666667	0.0317796610169	0.0487012987013
F1-REF	5	1	sortmerna	0.76:0.9:5:0.9:1.0	k__Fungi;p__Ascomycota;c__Eurotiomycetes;o__Eurotiales;f__Trichocomaceae;g__Penicillium	k__Fungi;p__Ascomycota;c__Sordariomycetes;o__Ophiostomatales;f__Ophiostomataceae;g__Grosmannia	misclassification	2	0.104166666667	0.0317796610169	0.0487012987013
F1-REF	5	1	sortmerna	0.76:0.9:5:0.9:1.0	k__Fungi	k__Fungi;p__Ascomycota;c__Pezizomycetes;o__Pezizales;f__Pezizaceae;g__Sarcosphaera	underclassification	1	0.104166666667	0.0317796610169	0.0487012987013
F1-REF	5	1	sortmerna	0.76:0.9:5:0.9:1.0	k__Fungi;p__Ascomycota;c__Pezizomycetes;o__Pezizales;f__Pyronemataceae	k__Fungi;p__Ascomycota;c__Pezizomycetes;o__Pezizales;f__Pyronemataceae;g__Parascutellinia	match	5	0.104166666667	0.0317796610169	0.0487012987013
F1-REF	5	1	sortmerna	0.76:0.9:5:0.9:1.0	Unassigned	k__Fungi;p__Basidiomycota;c__Agaricomycetes;o__Polyporales;f__Polyporaceae;g__Hapalopilus	underclassification	0	0.104166666667	0.0317796610169	0.0487012987013
F1-REF	5	1	sortmerna	0.76:0.9:5:0.9:1.0	Unassigned	k__Fungi;p__Basidiomycota;c__Agaricomycetes;o__Russulales;f__Bondarzewiaceae;g__Heterobasidion	underclassification	0	0.104166666667	0.0317796610169	0.0487012987013
F1-REF	5	1	sortmerna	0.76:0.9:5:0.9:1.0	k__Fungi;p__Ascomycota	k__Fungi;p__Ascomycota;c__Leotiomycetes;o__Helotiales;f__Helotiaceae;g__Cyathicula	underclassification	2	0.104166666667	0.0317796610169	0.0487012987013
F1-REF	5	1	sortmerna	0.76:0.9:5:0.9:1.0	k__Fungi;p__Ascomycota	k__Fungi;p__Ascomycota;c__Pezizomycotina_cls_Incertae_sedis;o__Pezizomycotina_ord_Incertae_sedis;f__Pezizomycotina_fam_Incertae_sedis;g__Blastomyces	underclassification	2	0.104166666667	0.0317796610169	0.0487012987013
F1-REF	5	1	sortmerna	0.76:0.9:5:0.9:1.0	k__Fungi;p__Ascomycota	k__Fungi;p__Ascomycota;c__Eurotiomycetes;o__Onygenales;f__Ajellomycetaceae;g__Emmonsia	underclassification	2	0.104166666667	0.0317796610169	0.0487012987013
F1-REF	5	1	sortmerna	0.76:0.9:5:0.9:1.0	k__Fungi;p__Ascomycota	k__Fungi;p__Ascomycota;c__Pezizomycetes;o__Pezizales;f__Sarcosomataceae;g__Strumella	underclassification	2	0.104166666667	0.0317796610169	0.0487012987013
F1-REF	5	1	sortmerna	0.76:0.9:5:0.9:1.0	k__Fungi;p__Ascomycota	k__Fungi;p__Ascomycota;c__Sordariomycetes;o__Ophiostomatales;f__Ophiostomataceae;g__Graphilbum	underclassification	2	0.104166666667	0.0317796610169	0.0487012987013
F1-REF	5	1	sortmerna	0.76:0.9:5:0.9:1.0	k__Fungi;p__Basidiomycota;c__Agaricomycetes;o__Agaricales;f__Marasmiaceae;g__Crinipellis;s__Crinipellis_zonata	k__Fungi;p__Basidiomycota;c__Agaricomycetes;o__Polyporales;f__Phanerochaetaceae;g__Phlebiopsis	misclassification	3	0.104166666667	0.0317796610169	0.0487012987013
F1-REF	5	1	sortmerna	0.76:0.9:5:0.9:1.0	k__Fungi;p__Ascomycota;c__Sordariomycetes;o__Xylariales;f__Xylariaceae;g__Xylaria	k__Fungi;p__Ascomycota;c__Sordariomycetes;o__Xylariales;f__Xylariaceae;g__Kretzschmaria	overclassification	5	0.104166666667	0.0317796610169	0.0487012987013
F1-REF	5	1	sortmerna	0.76:0.9:5:0.9:1.0	k__Fungi;p__Ascomycota	k__Fungi;p__Ascomycota;c__Leotiomycetes;o__Helotiales;f__Hemiphacidiaceae;g__Rhabdocline	underclassification	2	0.104166666667	0.0317796610169	0.0487012987013
F1-REF	5	1	sortmerna	0.76:0.9:5:0.9:1.0	Unassigned	k__Fungi;p__Basidiomycota;c__Agaricomycetes;o__Polyporales;f__Polyporaceae;g__Grammothelopsis	underclassification	0	0.104166666667	0.0317796610169	0.0487012987013
F1-REF	5	1	sortmerna	0.76:0.9:5:0.9:1.0	k__Fungi;p__Basidiomycota;c__Agaricomycetes;o__Polyporales;f__Polyporaceae;g__Perenniporia;s__Perenniporia_tibetica	k__Fungi;p__Basidiomycota;c__Agaricomycetes;o__Polyporales;f__Polyporaceae;g__Perenniporiella	overclassification	5	0.104166666667	0.0317796610169	0.0487012987013
F1-REF	5	1	sortmerna	0.76:0.9:5:0.9:1.0	k__Fungi;p__Ascomycota;c__Pezizomycetes;o__Pezizales;f__Pyronemataceae;g__Otidea;s__Otidea_alutacea	k__Fungi;p__Ascomycota;c__Dothideomycetes;o__Pleosporales;f__Lentitheciaceae;g__Aquilomyces	misclassification	2	0.104166666667	0.0317796610169	0.0487012987013
F1-REF	5	1	sortmerna	0.76:0.9:5:0.9:1.0	Unassigned	k__Fungi;p__Ascomycota;c__Dothideomycetes;o__Capnodiales;f__Mycosphaerellaceae;g__Paramycosphaerella	underclassification	0	0.104166666667	0.0317796610169	0.0487012987013
F1-REF	5	1	sortmerna	0.76:0.9:5:0.9:1.0	Unassigned	k__Fungi;p__Basidiomycota;c__Agaricomycetes;o__Polyporales;f__Polyporaceae;g__Abundisporus	underclassification	0	0.104166666667	0.0317796610169	0.0487012987013
F1-REF	5	1	sortmerna	0.76:0.9:5:0.9:1.0	Unassigned	k__Fungi;p__Basidiomycota;c__Agaricomycetes;o__Polyporales;f__Polyporaceae;g__Megasporoporia	underclassification	0	0.104166666667	0.0317796610169	0.0487012987013
F1-REF	5	1	sortmerna	0.76:0.9:5:0.9:1.0	k__Fungi;p__Ascomycota	k__Fungi;p__Ascomycota;c__Sordariomycetes;o__Xylariales;f__Amphisphaeriaceae;g__Pestalotiopsis	underclassification	2	0.104166666667	0.0317796610169	0.0487012987013
F1-REF	5	1	sortmerna	0.76:0.9:5:0.9:1.0	k__Fungi;p__Ascomycota;c__Sordariomycetes;o__Xylariales;f__Xylariaceae;g__Xylaria	k__Fungi;p__Ascomycota;c__Sordariomycetes;o__Xylariales;f__Hyponectriaceae;g__Beltraniella	misclassification	4	0.104166666667	0.0317796610169	0.0487012987013
F1-REF	5	1	sortmerna	0.76:0.9:5:0.9:1.0	Unassigned	k__Fungi;p__Ascomycota;c__Dothideomycetes;o__Capnodiales;f__Mycosphaerellaceae;g__Mycosphaerella	underclassification	0	0.104166666667	0.0317796610169	0.0487012987013
F1-REF	5	1	sortmerna	0.76:0.9:5:0.9:1.0	k__Fungi;p__Basidiomycota;c__Tremellomycetes;o__Tremellales;f__Tremellales_fam_Incertae_sedis;g__Dioszegia;s__Dioszegia_rishiriensis	k__Fungi;p__Basidiomycota;c__Agaricomycetes;o__Hymenochaetales;f__Hymenochaetaceae;g__Tubulicrinis	misclassification	2	0.104166666667	0.0317796610169	0.0487012987013
F1-REF	5	1	sortmerna	0.76:0.9:5:0.9:1.0	k__Fungi;p__Ascomycota;c__Sordariomycetes;o__Diaporthales;f__Valsaceae;g__Valsa;s__Valsa_sp	k__Fungi;p__Ascomycota;c__Sordariomycetes;o__Diaporthales;f__Valsaceae;g__Cytospora	overclassification	5	0.104166666667	0.0317796610169	0.0487012987013
F1-REF	5	1	sortmerna	0.76:0.9:5:0.9:1.0	k__Fungi;p__Basidiomycota	k__Fungi;p__Basidiomycota;c__Agaricomycetes;o__Agaricales;f__Tricholomataceae;g__Omphalina	underclassification	2	0.104166666667	0.0317796610169	0.0487012987013
F1-REF	5	1	sortmerna	0.76:0.9:5:0.9:1.0	k__Fungi;p__Ascomycota;c__Saccharomycetes;o__Saccharomycetales;f__Phaffomycetaceae;g__Starmera;s__Starmera_sp	k__Fungi;p__Basidiomycota;c__Agaricomycetes;o__Agaricales;f__Clavariaceae;g__Hyphodontiella	misclassification	1	0.104166666667	0.0317796610169	0.0487012987013
F1-REF	5	1	sortmerna	0.76:0.9:5:0.9:1.0	Unassigned	k__Fungi;p__Ascomycota;c__Sordariomycetes;o__Sordariales;f__Lasiosphaeriaceae;g__Schizothecium	underclassification	0	0.104166666667	0.0317796610169	0.0487012987013
F1-REF	5	1	sortmerna	0.76:0.9:5:0.9:1.0	k__Fungi;p__Basidiomycota;c__Agaricomycetes	k__Fungi;p__Basidiomycota;c__Agaricomycetes;o__Boletales;f__Boletaceae;g__Tylopilus	underclassification	3	0.104166666667	0.0317796610169	0.0487012987013
F1-REF	5	1	sortmerna	0.76:0.9:5:0.9:1.0	k__Fungi;p__Ascomycota;c__Eurotiomycetes;o__Eurotiales;f__Trichocomaceae;g__Aspergillus	k__Fungi;p__Ascomycota;c__Pezizomycetes;o__Pezizales;f__Discinaceae;g__Gyromitra	misclassification	2	0.104166666667	0.0317796610169	0.0487012987013
F1-REF	5	1	sortmerna	0.76:0.9:5:0.9:1.0	Unassigned	k__Fungi;p__Basidiomycota;c__Agaricomycetes;o__Agaricales;f__Strophariaceae;g__Pachylepyrium	underclassification	0	0.104166666667	0.0317796610169	0.0487012987013
F1-REF	5	1	sortmerna	0.76:0.9:5:0.9:1.0	k__Fungi;p__Ascomycota;c__Leotiomycetes;o__Helotiales;f__Dermateaceae;g__Pezicula	k__Fungi;p__Ascomycota;c__Leotiomycetes;o__Helotiales;f__Dermateaceae;g__Cryptosporiopsis	overclassification	5	0.104166666667	0.0317796610169	0.0487012987013
F1-REF	5	1	sortmerna	0.76:0.9:5:0.9:1.0	Unassigned	k__Fungi;p__Ascomycota;c__Leotiomycetes;o__Helotiales;f__Hyaloscyphaceae;g__Lachnellula	underclassification	0	0.104166666667	0.0317796610169	0.0487012987013
F1-REF	5	1	sortmerna	0.76:0.9:5:0.9:1.0	Unassigned	k__Fungi;p__Ascomycota;c__Leotiomycetes;o__Helotiales;f__Helotiales_fam_Incertae_sedis;g__Scytalidium	underclassification	0	0.104166666667	0.0317796610169	0.0487012987013
F1-REF	5	1	sortmerna	0.76:0.9:5:0.9:1.0	Unassigned	k__Fungi;p__Ascomycota;c__Leotiomycetes;o__Helotiales;f__Dermateaceae;g__Phlyctema	underclassification	0	0.104166666667	0.0317796610169	0.0487012987013
F1-REF	5	1	sortmerna	0.76:0.9:5:0.9:1.0	Unassigned	k__Fungi;p__Ascomycota;c__Lecanoromycetes;o__Teloschistales;f__Physciaceae;g__Hyperphyscia	underclassification	0	0.104166666667	0.0317796610169	0.0487012987013
F1-REF	5	1	sortmerna	0.76:0.9:5:0.9:1.0	k__Fungi;p__Basidiomycota	k__Fungi;p__Basidiomycota;c__Agaricomycetes;o__Agaricales;f__Agaricaceae;g__Cyathus	underclassification	2	0.104166666667	0.0317796610169	0.0487012987013
F1-REF	5	1	sortmerna	0.76:0.9:5:0.9:1.0	Unassigned	k__Fungi;p__Basidiomycota;c__Agaricomycetes;o__Boletales;f__Boletaceae;g__Afroboletus	underclassification	0	0.104166666667	0.0317796610169	0.0487012987013
F1-REF	5	1	sortmerna	0.76:0.9:5:0.9:1.0	Unassigned	k__Fungi;p__Ascomycota;c__Dothideomycetes;o__Capnodiales;f__Davidiellaceae;g__Graphiopsis	underclassification	0	0.104166666667	0.0317796610169	0.0487012987013
F1-REF	5	1	sortmerna	0.76:0.9:5:0.9:1.0	Unassigned	k__Fungi;p__Ascomycota;c__Lecanoromycetes;o__Lecanorales;f__Parmeliaceae;g__Austroparmelina	underclassification	0	0.104166666667	0.0317796610169	0.0487012987013
F1-REF	5	1	sortmerna	0.76:0.9:5:0.9:1.0	Unassigned	k__Fungi;p__Ascomycota;c__Eurotiomycetes;o__Verrucariales;f__Verrucariaceae;g__Placidiopsis	underclassification	0	0.104166666667	0.0317796610169	0.0487012987013
F1-REF	5	1	sortmerna	0.76:0.9:5:0.9:1.0	Unassigned	k__Fungi;p__Ascomycota;c__Pezizomycotina_cls_Incertae_sedis;o__Pezizomycotina_ord_Incertae_sedis;f__Pezizomycotina_fam_Incertae_sedis;g__Spiroplana	underclassification	0	0.104166666667	0.0317796610169	0.0487012987013
F1-REF	5	1	sortmerna	0.76:0.9:5:0.9:1.0	k__Fungi;p__Ascomycota;c__Pezizomycotina_cls_Incertae_sedis;o__Pezizomycotina_ord_Incertae_sedis;f__Pezizomycotina_fam_Incertae_sedis;g__Filosporella;s__Filosporella_fistucella	k__Fungi;p__Ascomycota;c__Leotiomycetes;o__Helotiales;f__Helotiaceae;g__Varicosporium	misclassification	2	0.104166666667	0.0317796610169	0.0487012987013
F1-REF	5	1	sortmerna	0.76:0.9:5:0.9:1.0	Unassigned	k__Fungi;p__Ascomycota;c__Sordariomycetes;o__Hypocreales;f__Nectriaceae;g__Aquanectria	underclassification	0	0.104166666667	0.0317796610169	0.0487012987013
F1-REF	5	1	sortmerna	0.76:0.9:5:0.9:1.0	Unassigned	k__Fungi;p__Ascomycota;c__Sordariomycetes;o__Hypocreales;f__Nectriaceae;g__Dactylonectria	underclassification	0	0.104166666667	0.0317796610169	0.0487012987013
F1-REF	5	1	sortmerna	0.76:0.9:5:0.9:1.0	k__Fungi;p__Ascomycota	k__Fungi;p__Ascomycota;c__Dothideomycetes;o__Pleosporales;f__Sporormiaceae;g__Preussia	underclassification	2	0.104166666667	0.0317796610169	0.0487012987013
F1-REF	5	1	sortmerna	0.76:0.9:5:0.9:1.0	k__Fungi;p__Ascomycota	k__Fungi;p__Ascomycota;c__Dothideomycetes;o__Pleosporales;f__Tetraplosphaeriaceae;g__Quadricrura	underclassification	2	0.104166666667	0.0317796610169	0.0487012987013
F1-REF	5	1	sortmerna	0.76:0.9:5:0.9:1.0	k__Fungi;p__Ascomycota	k__Fungi;p__Ascomycota;c__Dothideomycetes;o__Pleosporales;f__Tetraplosphaeriaceae;g__Pseudotetraploa	underclassification	2	0.104166666667	0.0317796610169	0.0487012987013
F1-REF	5	1	sortmerna	0.76:0.9:5:0.9:1.0	k__Fungi;p__Basidiomycota	k__Fungi;p__Basidiomycota;c__Tremellomycetes;o__Tremellales;f__Tremellales_fam_Incertae_sedis;g__Papiliotrema	underclassification	2	0.104166666667	0.0317796610169	0.0487012987013
F1-REF	5	1	sortmerna	0.76:0.9:5:0.9:1.0	Unassigned	k__Fungi;p__Ascomycota;c__Leotiomycetes;o__Helotiales;f__Hyaloscyphaceae;g__Bryoglossum	underclassification	0	0.104166666667	0.0317796610169	0.0487012987013
F1-REF	5	1	sortmerna	0.76:0.9:5:0.9:1.0	Unassigned	k__Fungi;p__Ascomycota;c__Leotiomycetes;o__Helotiales;f__Helotiales_fam_Incertae_sedis;g__Tetracladium	underclassification	0	0.104166666667	0.0317796610169	0.0487012987013
F1-REF	5	1	sortmerna	0.76:0.9:5:0.9:1.0	Unassigned	k__Fungi;p__Basidiomycota;c__Agaricomycetes;o__Agaricales;f__Strophariaceae;g__Hymenogaster	underclassification	0	0.104166666667	0.0317796610169	0.0487012987013
F1-REF	5	1	sortmerna	0.76:0.9:5:0.9:1.0	Unassigned	k__Fungi;p__Ascomycota;c__Sordariomycetes;o__Hypocreales;f__Cordycipitaceae;g__Lecanicillium	underclassification	0	0.104166666667	0.0317796610169	0.0487012987013
F1-REF	5	1	sortmerna	0.76:0.9:5:0.9:1.0	k__Fungi;p__Ascomycota;c__Dothideomycetes;o__Capnodiales;f__Mycosphaerellaceae;g__Septoria	k__Fungi;p__Ascomycota;c__Dothideomycetes;o__Capnodiales;f__Mycosphaerellaceae;g__Ruptoseptoria	overclassification	5	0.104166666667	0.0317796610169	0.0487012987013
F1-REF	5	1	sortmerna	0.76:0.9:5:0.9:1.0	k__Fungi;p__Basidiomycota;c__Tremellomycetes;o__Tremellales;f__Tremellales_fam_Incertae_sedis;g__Cryptococcus;s__Cryptococcus_nemorosus	k__Fungi;p__Basidiomycota;c__Tremellomycetes;o__Tremellales;f__Tremellales_fam_Incertae_sedis;g__Auriculibuller	overclassification	5	0.104166666667	0.0317796610169	0.0487012987013
F1-REF	5	1	sortmerna	0.76:0.9:5:0.9:1.0	k__Fungi	k__Fungi;p__Basidiomycota;c__Tremellomycetes;o__Tremellales;f__Tremellales_fam_Incertae_sedis;g__Rhynchogastrema	underclassification	1	0.104166666667	0.0317796610169	0.0487012987013
F1-REF	5	1	sortmerna	0.76:0.9:5:0.9:1.0	k__Fungi;p__Ascomycota	k__Fungi;p__Ascomycota;c__Dothideomycetes;o__Pleosporales;f__Pleosporaceae;g__Alternariaster	underclassification	2	0.104166666667	0.0317796610169	0.0487012987013
F1-REF	5	1	sortmerna	0.76:0.9:5:0.9:1.0	Unassigned	k__Fungi;p__Ascomycota;c__Leotiomycetes;o__Erysiphales;f__Erysiphaceae;g__Blumeria	underclassification	0	0.104166666667	0.0317796610169	0.0487012987013
F1-REF	5	1	sortmerna	0.76:0.9:5:0.9:1.0	Unassigned	k__Fungi;p__Ascomycota;c__Sordariomycetes;o__Hypocreales;f__Hypocreales_fam_Incertae_sedis;g__Stilbella	underclassification	0	0.104166666667	0.0317796610169	0.0487012987013
F1-REF	5	1	sortmerna	0.76:0.9:5:0.9:1.0	Unassigned	k__Fungi;p__Ascomycota;c__Lecanoromycetes;o__Teloschistales;f__Caliciaceae;g__Thelomma	underclassification	0	0.104166666667	0.0317796610169	0.0487012987013
F1-REF	5	1	sortmerna	0.76:0.9:5:0.9:1.0	Unassigned	k__Fungi;p__Ascomycota;c__Dothideomycetes;o__Tubeufiales;f__Tubeufiaceae;g__Helicosporium	underclassification	0	0.104166666667	0.0317796610169	0.0487012987013
F1-REF	5	1	sortmerna	0.76:0.9:5:0.9:1.0	Unassigned	k__Fungi;p__Ascomycota;c__Lecanoromycetes;o__Lecanorales;f__Lecanorales_fam_Incertae_sedis;g__Mycobilimbia	underclassification	0	0.104166666667	0.0317796610169	0.0487012987013
F1-REF	5	1	sortmerna	0.76:0.9:5:0.9:1.0	Unassigned	k__Fungi;p__Ascomycota;c__Lecanoromycetes;o__Lecanorales;f__Parmeliaceae;g__Sulcaria	underclassification	0	0.104166666667	0.0317796610169	0.0487012987013
F1-REF	5	1	sortmerna	0.76:0.9:5:0.9:1.0	k__Fungi;p__Basidiomycota	k__Fungi;p__Basidiomycota;c__Cystobasidiomycetes;o__Cystobasidiomycetes_ord_Incertae_sedis;f__Cystobasidiomycetes_fam_Incertae_sedis;g__Sakaguchia	underclassification	2	0.104166666667	0.0317796610169	0.0487012987013
F1-REF	5	1	sortmerna	0.76:0.9:5:0.9:1.0	k__Fungi;p__Ascomycota;c__Dothideomycetes;o__Capnodiales;f__Mycosphaerellaceae	k__Fungi;p__Ascomycota;c__Dothideomycetes;o__Capnodiales;f__Mycosphaerellaceae;g__Pseudocercospora	match	5	0.104166666667	0.0317796610169	0.0487012987013
F1-REF	5	1	sortmerna	0.76:0.9:5:0.9:1.0	k__Fungi;p__Basidiomycota;c__Agaricomycetes	k__Fungi;p__Ascomycota;c__Pezizomycotina_cls_Incertae_sedis;o__Pezizomycotina_ord_Incertae_sedis;f__Pezizomycotina_fam_Incertae_sedis;g__Chaetospermum	misclassification	1	0.104166666667	0.0317796610169	0.0487012987013
F1-REF	5	1	sortmerna	0.76:0.9:5:0.9:1.0	Unassigned	k__Fungi;p__Ascomycota;c__Lecanoromycetes;o__Teloschistales;f__Teloschistaceae;g__Seirophora	underclassification	0	0.104166666667	0.0317796610169	0.0487012987013
F1-REF	5	1	sortmerna	0.76:0.9:5:0.9:1.0	k__Fungi;p__Ascomycota	k__Fungi;p__Ascomycota;c__Dothideomycetes;o__Dothideales;f__Dothioraceae;g__Kabatina	underclassification	2	0.104166666667	0.0317796610169	0.0487012987013
F1-REF	5	1	sortmerna	0.76:0.9:5:0.9:1.0	k__Fungi;p__Ascomycota;c__Pezizomycetes;o__Pezizales;f__Pyronemataceae;g__Scutellinia;s__Scutellinia_sp	k__Fungi;p__Ascomycota;c__Dothideomycetes;o__Venturiales;f__Venturiaceae;g__Rhizosphaera	misclassification	2	0.104166666667	0.0317796610169	0.0487012987013
F1-REF	5	1	sortmerna	0.76:0.9:5:0.9:1.0	Unassigned	k__Fungi;p__Ascomycota;c__Sordariomycetes;o__Calosphaeriales;f__Calosphaeriaceae;g__Jattaea	underclassification	0	0.104166666667	0.0317796610169	0.0487012987013
F1-REF	5	1	sortmerna	0.76:0.9:5:0.9:1.0	k__Fungi;p__Basidiomycota;c__Tremellomycetes;o__Filobasidiales;f__Filobasidiaceae;g__Filobasidium;s__Filobasidium_magnum	k__Fungi;p__Basidiomycota;c__Tremellomycetes;o__Tremellales;f__Tremellales_fam_Incertae_sedis;g__Naganishia	misclassification	3	0.104166666667	0.0317796610169	0.0487012987013
F1-REF	5	1	sortmerna	0.76:0.9:5:0.9:1.0	Unassigned	k__Fungi;p__Ascomycota;c__Lecanoromycetes;o__Lecanorales;f__Parmeliaceae;g__Menegazzia	underclassification	0	0.104166666667	0.0317796610169	0.0487012987013
F1-REF	5	1	sortmerna	0.76:0.9:5:0.9:1.0	k__Fungi;p__Ascomycota;c__Dothideomycetes;o__Capnodiales;f__Mycosphaerellaceae;g__Pseudocercosporella;s__Pseudocercosporella_stellariicola	k__Fungi;p__Ascomycota;c__Dothideomycetes;o__Capnodiales;f__Mycosphaerellaceae;g__Ramularia	overclassification	5	0.104166666667	0.0317796610169	0.0487012987013
F1-REF	5	1	sortmerna	0.76:0.9:5:0.9:1.0	k__Fungi;p__Ascomycota;c__Dothideomycetes;o__Capnodiales;f__Mycosphaerellaceae;g__Passalora	k__Fungi;p__Ascomycota;c__Dothideomycetes;o__Capnodiales;f__Mycosphaerellaceae;g__Cercosporidium	overclassification	5	0.104166666667	0.0317796610169	0.0487012987013
F1-REF	5	1	sortmerna	0.76:0.9:5:0.9:1.0	k__Fungi;p__Ascomycota;c__Dothideomycetes;o__Capnodiales;f__Mycosphaerellaceae;g__Septoria	k__Fungi;p__Ascomycota;c__Dothideomycetes;o__Capnodiales;f__Mycosphaerellaceae;g__Caryophylloseptoria	overclassification	5	0.104166666667	0.0317796610169	0.0487012987013
F1-REF	5	1	sortmerna	0.76:0.9:5:0.9:1.0	k__Fungi;p__Basidiomycota;c__Agaricomycetes	k__Fungi;p__Basidiomycota;c__Agaricomycetes;o__Phallales;f__Phallaceae;g__Phallus	underclassification	3	0.104166666667	0.0317796610169	0.0487012987013
F1-REF	5	1	sortmerna	0.76:0.9:5:0.9:1.0	k__Fungi;p__Ascomycota	k__Fungi;p__Ascomycota;c__Dothideomycetes;o__Pleosporales;f__Pleosporales_fam_Incertae_sedis;g__Ascochyta	underclassification	2	0.104166666667	0.0317796610169	0.0487012987013
F1-REF	5	1	sortmerna	0.76:0.9:5:0.9:1.0	k__Fungi;p__Ascomycota;c__Sordariomycetes;o__Diaporthales;f__Gnomoniaceae	k__Fungi;p__Ascomycota;c__Sordariomycetes;o__Diaporthales;f__Gnomoniaceae;g__Ditopella	match	5	0.104166666667	0.0317796610169	0.0487012987013
F1-REF	5	1	sortmerna	0.76:0.9:5:0.9:1.0	Unassigned	k__Fungi;p__Ascomycota;c__Dothideomycetes;o__Pleosporales;f__Pleosporaceae;g__Falciformispora	underclassification	0	0.104166666667	0.0317796610169	0.0487012987013
F1-REF	5	1	sortmerna	0.76:0.9:5:0.9:1.0	Unassigned	k__Fungi;p__Ascomycota;c__Lecanoromycetes;o__Lecanorales;f__Tephromelataceae;g__Tephromela	underclassification	0	0.104166666667	0.0317796610169	0.0487012987013
F1-REF	5	1	sortmerna	0.76:0.9:5:0.9:1.0	Unassigned	k__Fungi;p__Ascomycota;c__Lecanoromycetes;o__Lecanorales;f__Lecanorales_fam_Incertae_sedis;g__Botryolepraria	underclassification	0	0.104166666667	0.0317796610169	0.0487012987013
F1-REF	5	1	sortmerna	0.76:0.9:5:0.9:1.0	Unassigned	k__Fungi;p__Ascomycota;c__Eurotiomycetes;o__Mycocaliciales;f__Mycocaliciaceae;g__Mycocalicium	underclassification	0	0.104166666667	0.0317796610169	0.0487012987013
F1-REF	5	1	sortmerna	0.76:0.9:5:0.9:1.0	k__Fungi;p__Ascomycota;c__Lecanoromycetes;o__Lecanorales;f__Parmeliaceae	k__Fungi;p__Ascomycota;c__Lecanoromycetes;o__Lecanorales;f__Parmeliaceae;g__Pseudevernia	match	5	0.104166666667	0.0317796610169	0.0487012987013
F1-REF	5	1	sortmerna	0.76:0.9:5:0.9:1.0	k__Fungi;p__Ascomycota	k__Fungi;p__Ascomycota;c__Lecanoromycetes;o__Lecanorales;f__Parmeliaceae;g__Tuckermanopsis	underclassification	2	0.104166666667	0.0317796610169	0.0487012987013
F1-REF	5	1	sortmerna	0.76:0.9:5:0.9:1.0	k__Fungi;p__Ascomycota	k__Fungi;p__Ascomycota;c__Lecanoromycetes;o__Lecanorales;f__Parmeliaceae;g__Cetrariella	underclassification	2	0.104166666667	0.0317796610169	0.0487012987013
F1-REF	5	1	sortmerna	0.76:0.9:5:0.9:1.0	k__Fungi;p__Ascomycota;c__Lecanoromycetes;o__Lecanorales;f__Parmeliaceae;g__Flavocetraria	k__Fungi;p__Ascomycota;c__Lecanoromycetes;o__Lecanorales;f__Parmeliaceae;g__Cetreliopsis	overclassification	5	0.104166666667	0.0317796610169	0.0487012987013
F1-REF	5	1	sortmerna	0.76:0.9:5:0.9:1.0	k__Fungi;p__Basidiomycota;c__Agaricomycetes;o__Agaricales;f__Cortinariaceae;g__Cortinarius;s__Cortinarius_tortuosus	k__Fungi;p__Basidiomycota;c__Agaricomycetes;o__Agaricales;f__Bolbitiaceae;g__Descomyces	misclassification	4	0.104166666667	0.0317796610169	0.0487012987013
F1-REF	5	1	sortmerna	0.76:0.9:5:0.9:1.0	Unassigned	k__Fungi;p__Zygomycota;c__Entomophthoromycotina_cls_Incertae_sedis;o__Entomophthorales;f__Entomophthoraceae;g__Zoophthora	underclassification	0	0.104166666667	0.0317796610169	0.0487012987013
F1-REF	5	1	sortmerna	0.76:0.9:5:0.9:1.0	k__Fungi;p__Ascomycota;c__Dothideomycetes;o__Pleosporales;f__Pleosporales_fam_Incertae_sedis;g__Paraphoma;s__Paraphoma_fimeti	k__Fungi;p__Ascomycota;c__Pezizomycotina_cls_Incertae_sedis;o__Pezizomycotina_ord_Incertae_sedis;f__Pezizomycotina_fam_Incertae_sedis;g__Wojnowicia	misclassification	2	0.104166666667	0.0317796610169	0.0487012987013
F1-REF	5	1	sortmerna	0.76:0.9:5:0.9:1.0	Unassigned	k__Fungi;p__Basidiomycota;c__Agaricomycetes;o__Polyporales;f__Fomitopsidaceae;g__Ischnoderma	underclassification	0	0.104166666667	0.0317796610169	0.0487012987013
F1-REF	5	1	sortmerna	0.76:0.9:5:0.9:1.0	k__Fungi;p__Ascomycota;c__Saccharomycetes;o__Saccharomycetales;f__Saccharomycetales_fam_Incertae_sedis;g__Candida;s__Candida_boleticola	k__Fungi;p__Ascomycota;c__Saccharomycetes;o__Saccharomycetales;f__Debaryomycetaceae;g__Scheffersomyces	misclassification	4	0.104166666667	0.0317796610169	0.0487012987013
F1-REF	5	1	sortmerna	0.76:0.9:5:0.9:1.0	k__Fungi;p__Ascomycota;c__Eurotiomycetes;o__Eurotiales;f__Trichocomaceae;g__Rasamsonia;s__Rasamsonia_argillacea	k__Fungi;p__Ascomycota;c__Eurotiomycetes;o__Eurotiales;f__Trichocomaceae;g__Sagenomella	overclassification	5	0.104166666667	0.0317796610169	0.0487012987013
F1-REF	5	1	sortmerna	0.76:0.9:5:0.9:1.0	Unassigned	k__Fungi;p__Ascomycota;c__Sordariomycetes;o__Xylariales;f__Xylariales_fam_Incertae_sedis;g__Dinemasporium	underclassification	0	0.104166666667	0.0317796610169	0.0487012987013
F1-REF	5	1	sortmerna	0.76:0.9:5:0.9:1.0	k__Fungi;p__Ascomycota;c__Saccharomycetes;o__Saccharomycetales;f__Debaryomycetaceae;g__Priceomyces;s__Priceomyces_melissophilus	k__Fungi;p__Ascomycota;c__Dothideomycetes;o__Pleosporales;f__Pleosporales_fam_Incertae_sedis;g__Berkleasmium	misclassification	2	0.104166666667	0.0317796610169	0.0487012987013
F1-REF	5	1	sortmerna	0.76:0.9:5:0.9:1.0	k__Fungi;p__Ascomycota;c__Saccharomycetes;o__Saccharomycetales;f__Saccharomycetales_fam_Incertae_sedis;g__Candida;s__Candida_quercitrusa	k__Fungi;p__Ascomycota;c__Saccharomycetes;o__Saccharomycetales;f__Saccharomycetaceae;g__Kurtzmaniella	misclassification	4	0.104166666667	0.0317796610169	0.0487012987013
F1-REF	5	1	sortmerna	0.76:0.9:5:0.9:1.0	k__Fungi;p__Ascomycota;c__Dothideomycetes;o__Valsariales;f__Valsariaceae;g__Valsaria;s__Valsaria_insitiva	k__Fungi;p__Ascomycota;c__Sordariomycetes;o__Hypocreales;f__Hypocreales_fam_Incertae_sedis;g__Stachybotrys	misclassification	2	0.104166666667	0.0317796610169	0.0487012987013
F1-REF	5	1	sortmerna	0.76:0.9:5:0.9:1.0	k__Fungi;p__Basidiomycota;c__Agaricomycetes;o__Agaricales;f__Agaricaceae;g__Agaricus	k__Fungi;p__Basidiomycota;c__Agaricomycetes;o__Agaricales;f__Agaricaceae;g__Coniolepiota	overclassification	5	0.104166666667	0.0317796610169	0.0487012987013
F1-REF	5	1	sortmerna	0.76:0.9:5:0.9:1.0	k__Fungi;p__Basidiomycota;c__Agaricomycetes;o__Agaricales;f__Tricholomataceae;g__Pseudoomphalina;s__Pseudoomphalina_kalchbrenneri	k__Fungi;p__Basidiomycota;c__Agaricomycetes;o__Agaricales;f__Omphalotaceae;g__Rhodocollybia	misclassification	4	0.104166666667	0.0317796610169	0.0487012987013
F1-REF	5	1	sortmerna	0.76:0.9:5:0.9:1.0	Unassigned	k__Fungi;p__Basidiomycota;c__Agaricomycetes;o__Agaricales;f__Tricholomataceae;g__Corneriella	underclassification	0	0.104166666667	0.0317796610169	0.0487012987013
F1-REF	5	1	sortmerna	0.76:0.9:5:0.9:1.0	k__Fungi;p__Ascomycota;c__Sordariomycetes;o__Hypocreomycetidae_ord_Incertae_sedis;f__Hypocreomycetidae_fam_Incertae_sedis;g__Ascothailandia;s__Ascothailandia_grenadoidea	k__Fungi;p__Ascomycota;c__Pezizomycotina_cls_Incertae_sedis;o__Pezizomycotina_ord_Incertae_sedis;f__Pezizomycotina_fam_Incertae_sedis;g__Canalisporium	misclassification	2	0.104166666667	0.0317796610169	0.0487012987013
F1-REF	5	1	sortmerna	0.76:0.9:5:0.9:1.0	Unassigned	k__Fungi;p__Ascomycota;c__Lecanoromycetes;o__Peltigerales;f__Pannariaceae;g__Kroswia	underclassification	0	0.104166666667	0.0317796610169	0.0487012987013
F1-REF	5	1	sortmerna	0.76:0.9:5:0.9:1.0	Unassigned	k__Fungi;p__Ascomycota;c__Sordariomycetes;o__Sordariales;f__Cephalothecaceae;g__Cephalotheca	underclassification	0	0.104166666667	0.0317796610169	0.0487012987013
F1-REF	5	1	sortmerna	0.76:0.9:5:0.9:1.0	Unassigned	k__Fungi;p__Ascomycota;c__Leotiomycetes;o__Helotiales;f__Helotiales_fam_Incertae_sedis;g__Thedgonia	underclassification	0	0.104166666667	0.0317796610169	0.0487012987013
F1-REF	5	1	sortmerna	0.76:0.9:5:0.9:1.0	Unassigned	k__Fungi;p__Ascomycota;c__Lecanoromycetes;o__Lecanorales;f__Lecanorales_fam_Incertae_sedis;g__Lecania	underclassification	0	0.104166666667	0.0317796610169	0.0487012987013
F1-REF	5	1	sortmerna	0.76:0.9:5:0.9:1.0	k__Fungi;p__Ascomycota;c__Dothideomycetes;o__Botryosphaeriales;f__Botryosphaeriaceae	k__Fungi;p__Ascomycota;c__Pezizomycotina_cls_Incertae_sedis;o__Pezizomycotina_ord_Incertae_sedis;f__Pezizomycotina_fam_Incertae_sedis;g__Dictyocatenulata	misclassification	2	0.104166666667	0.0317796610169	0.0487012987013
F1-REF	5	1	sortmerna	0.76:0.9:5:0.9:1.0	k__Fungi;p__Ascomycota;c__Sordariomycetes;o__Xylariales;f__Xylariaceae;g__Xylaria;s__Xylaria_cubensis	k__Fungi;p__Ascomycota;c__Sordariomycetes;o__Sordariales;f__Lasiosphaeriaceae;g__Apiosordaria	misclassification	3	0.104166666667	0.0317796610169	0.0487012987013
F1-REF	5	1	sortmerna	0.76:0.9:5:0.9:1.0	k__Fungi;p__Ascomycota	k__Fungi;p__Ascomycota;c__Lecanoromycetes;o__Teloschistales;f__Teloschistaceae;g__Gallowayella	underclassification	2	0.104166666667	0.0317796610169	0.0487012987013
F1-REF	5	1	sortmerna	0.76:0.9:5:0.9:1.0	k__Fungi;p__Basidiomycota;c__Agaricomycetes;o__Boletales;f__Paxillaceae	k__Fungi;p__Basidiomycota;c__Agaricomycetes;o__Boletales;f__Boletaceae;g__Strobilomyces	misclassification	4	0.104166666667	0.0317796610169	0.0487012987013
F1-REF	5	1	sortmerna	0.76:0.9:5:0.9:1.0	k__Fungi;p__Ascomycota	k__Fungi;p__Ascomycota;c__Leotiomycetes;o__Helotiales;f__Sclerotiniaceae;g__Amphobotrys	underclassification	2	0.104166666667	0.0317796610169	0.0487012987013
F1-REF	5	1	sortmerna	0.76:0.9:5:0.9:1.0	Unassigned	k__Fungi;p__Ascomycota;c__Dothideomycetes;o__Botryosphaeriales;f__Botryosphaeriaceae;g__Phaeobotryon	underclassification	0	0.104166666667	0.0317796610169	0.0487012987013
F1-REF	5	1	sortmerna	0.76:0.9:5:0.9:1.0	Unassigned	k__Fungi;p__Ascomycota;c__Lecanoromycetes;o__Peltigerales;f__Pannariaceae;g__Staurolemma	underclassification	0	0.104166666667	0.0317796610169	0.0487012987013
F1-REF	5	1	sortmerna	0.76:0.9:5:0.9:1.0	k__Fungi;p__Ascomycota	k__Fungi;p__Ascomycota;c__Dothideomycetes;o__Dothideomycetes_ord_Incertae_sedis;f__Dothideomycetes_fam_Incertae_sedis;g__Cladoriella	underclassification	2	0.104166666667	0.0317796610169	0.0487012987013
F1-REF	5	1	sortmerna	0.76:0.9:5:0.9:1.0	Unassigned	k__Fungi;p__Ascomycota;c__Sordariomycetes;o__Hypocreales;f__Cordycipitaceae;g__Isaria	underclassification	0	0.104166666667	0.0317796610169	0.0487012987013
F1-REF	5	1	sortmerna	0.76:0.9:5:0.9:1.0	Unassigned	k__Fungi;p__Ascomycota;c__Pezizomycetes;o__Pezizales;f__Sarcoscyphaceae;g__Phillipsia	underclassification	0	0.104166666667	0.0317796610169	0.0487012987013
F1-REF	5	1	sortmerna	0.76:0.9:5:0.9:1.0	k__Fungi;p__Ascomycota	k__Fungi;p__Ascomycota;c__Dothideomycetes;o__Capnodiales;f__Mycosphaerellaceae;g__Colletogloeum	underclassification	2	0.104166666667	0.0317796610169	0.0487012987013
F1-REF	5	1	sortmerna	0.76:0.9:5:0.9:1.0	k__Fungi	k__Fungi;p__Ascomycota;c__Saccharomycetes;o__Saccharomycetales;f__Saccharomycetales_fam_Incertae_sedis;g__Barnettozyma	underclassification	1	0.104166666667	0.0317796610169	0.0487012987013
F1-REF	5	1	sortmerna	0.76:0.9:5:0.9:1.0	Unassigned	k__Fungi;p__Ascomycota;c__Leotiomycetes;o__Rhytismatales;f__Rhytismataceae;g__Rhytisma	underclassification	0	0.104166666667	0.0317796610169	0.0487012987013
F1-REF	5	1	sortmerna	0.76:0.9:5:0.9:1.0	Unassigned	k__Fungi;p__Ascomycota;c__Eurotiomycetes;o__Verrucariales;f__Verrucariaceae;g__Hydropunctaria	underclassification	0	0.104166666667	0.0317796610169	0.0487012987013
F1-REF	5	1	sortmerna	0.76:0.9:5:0.9:1.0	Unassigned	k__Fungi;p__Basidiomycota;c__Agaricomycetes;o__Polyporales;f__Meruliaceae;g__Scopuloides	underclassification	0	0.104166666667	0.0317796610169	0.0487012987013
F1-REF	5	1	sortmerna	0.76:0.9:5:0.9:1.0	Unassigned	k__Fungi;p__Ascomycota;c__Sordariomycetes;o__Sordariomycetes_ord_Incertae_sedis;f__Sordariomycetes_fam_Incertae_sedis;g__Cryptovalsa	underclassification	0	0.104166666667	0.0317796610169	0.0487012987013
F1-REF	5	1	sortmerna	0.76:0.9:5:0.9:1.0	Unassigned	k__Fungi;p__Ascomycota;c__Lecanoromycetes;o__Lecideales;f__Porpidiaceae;g__Porpidia	underclassification	0	0.104166666667	0.0317796610169	0.0487012987013
F1-REF	5	1	sortmerna	0.76:0.9:5:0.9:1.0	k__Fungi;p__Basidiomycota;c__Agaricomycetes;o__Trechisporales;f__Hydnodontaceae;g__Sistotremastrum;s__Sistotremastrum_sp	k__Fungi;p__Basidiomycota;c__Agaricomycetes;o__Polyporales;f__Polyporales_fam_Incertae_sedis;g__Lepidostroma	misclassification	3	0.104166666667	0.0317796610169	0.0487012987013
F1-REF	5	1	sortmerna	0.76:0.9:5:0.9:1.0	Unassigned	k__Fungi;p__Ascomycota;c__Lecanoromycetes;o__Rhizocarpales;f__Catillariaceae;g__Toninia	underclassification	0	0.104166666667	0.0317796610169	0.0487012987013
F1-REF	5	1	sortmerna	0.76:0.9:5:0.9:1.0	Unassigned	k__Fungi;p__Ascomycota;c__Dothideomycetes;o__Botryosphaeriales;f__Botryosphaeriaceae;g__Pseudofusicoccum	underclassification	0	0.104166666667	0.0317796610169	0.0487012987013
F1-REF	5	1	sortmerna	0.76:0.9:5:0.9:1.0	Unassigned	k__Fungi;p__Basidiomycota;c__Agaricomycetes;o__Russulales;f__Albatrellaceae;g__Leucophleps	underclassification	0	0.104166666667	0.0317796610169	0.0487012987013
F1-REF	5	1	sortmerna	0.76:0.9:5:0.9:1.0	Unassigned	k__Fungi;p__Ascomycota;c__Dothideomycetes;o__Capnodiales;f__Capnodiales_fam_Incertae_sedis;g__Recurvomyces	underclassification	0	0.104166666667	0.0317796610169	0.0487012987013
F1-REF	5	1	sortmerna	0.76:0.9:5:0.9:1.0	Unassigned	k__Fungi;p__Ascomycota;c__Leotiomycetes;o__Leotiales;f__Leotiaceae;g__Pezoloma	underclassification	0	0.104166666667	0.0317796610169	0.0487012987013
F1-REF	5	1	sortmerna	0.76:0.9:5:0.9:1.0	Unassigned	k__Fungi;p__Basidiomycota;c__Agaricomycetes;o__Geastrales;f__Geastraceae;g__Nidulariopsis	underclassification	0	0.104166666667	0.0317796610169	0.0487012987013
F1-REF	5	1	sortmerna	0.76:0.9:5:0.9:1.0	Unassigned	k__Fungi;p__Basidiomycota;c__Agaricomycetes;o__Geastrales;f__Geastraceae;g__Sphaerobolus	underclassification	0	0.104166666667	0.0317796610169	0.0487012987013
F1-REF	5	1	sortmerna	0.76:0.9:5:0.9:1.0	Unassigned	k__Fungi;p__Ascomycota;c__Eurotiomycetes;o__Onygenales;f__Onygenaceae;g__Ophidiomyces	underclassification	0	0.104166666667	0.0317796610169	0.0487012987013
F1-REF	5	1	sortmerna	0.76:0.9:5:0.9:1.0	k__Fungi;p__Ascomycota;c__Pezizomycetes;o__Pezizales	k__Fungi;p__Ascomycota;c__Pezizomycetes;o__Pezizales;f__Sarcosomataceae;g__Galiella	underclassification	4	0.104166666667	0.0317796610169	0.0487012987013
F1-REF	5	1	sortmerna	0.76:0.9:5:0.9:1.0	k__Fungi;p__Basidiomycota	k__Fungi;p__Ascomycota;c__Pezizomycotina_cls_Incertae_sedis;o__Pezizomycotina_ord_Incertae_sedis;f__Pezizomycotina_fam_Incertae_sedis;g__Calcarisporiella	misclassification	1	0.104166666667	0.0317796610169	0.0487012987013
F1-REF	5	1	sortmerna	0.76:0.9:5:0.9:1.0	Unassigned	k__Fungi;p__Basidiomycota;c__Agaricomycetes;o__Thelephorales;f__Thelephoraceae;g__Polyozellus	underclassification	0	0.104166666667	0.0317796610169	0.0487012987013
F1-REF	5	1	sortmerna	0.76:0.9:5:0.9:1.0	Unassigned	k__Fungi;p__Ascomycota;c__Dothideomycetes;o__Pleosporales;f__Montagnulaceae;g__Deniquelata	underclassification	0	0.104166666667	0.0317796610169	0.0487012987013
F1-REF	5	1	sortmerna	0.76:0.9:5:0.9:1.0	Unassigned	k__Fungi;p__Basidiomycota;c__Agaricomycetes;o__Atheliales;f__Atheliaceae;g__Byssocorticium	underclassification	0	0.104166666667	0.0317796610169	0.0487012987013
F1-REF	5	1	sortmerna	0.76:0.9:5:0.9:1.0	Unassigned	k__Fungi;p__Basidiomycota;c__Agaricomycetes;o__Corticiales;f__Corticiaceae;g__Erythricium	underclassification	0	0.104166666667	0.0317796610169	0.0487012987013
F1-REF	5	1	sortmerna	0.76:0.9:5:0.9:1.0	Unassigned	k__Fungi;p__Basidiomycota;c__Agaricomycetes;o__Agaricales;f__Mycenaceae;g__Resinomycena	underclassification	0	0.104166666667	0.0317796610169	0.0487012987013
F1-REF	5	1	sortmerna	0.76:0.9:5:0.9:1.0	k__Fungi;p__Ascomycota	k__Fungi;p__Ascomycota;c__Pezizomycetes;o__Pezizales;f__Morchellaceae;g__Imaia	underclassification	2	0.104166666667	0.0317796610169	0.0487012987013
F1-REF	5	1	sortmerna	0.76:0.9:5:0.9:1.0	Unassigned	k__Fungi;p__Ascomycota;c__Pezizomycetes;o__Pezizales;f__Morchellaceae;g__Disciotis	underclassification	0	0.104166666667	0.0317796610169	0.0487012987013
F1-REF	5	1	sortmerna	0.76:0.9:5:0.9:1.0	k__Fungi;p__Ascomycota	k__Fungi;p__Ascomycota;c__Sordariomycetes;o__Chaetosphaeriales;f__Chaetosphaeriaceae;g__Chaetosphaeria	underclassification	2	0.104166666667	0.0317796610169	0.0487012987013
F1-REF	5	1	sortmerna	0.76:0.9:5:0.9:1.0	Unassigned	k__Fungi;p__Ascomycota;c__Lecanoromycetes;o__Teloschistales;f__Physciaceae;g__Phaeophyscia	underclassification	0	0.104166666667	0.0317796610169	0.0487012987013
F1-REF	5	1	sortmerna	0.76:0.9:5:0.9:1.0	Unassigned	k__Fungi;p__Ascomycota;c__Lecanoromycetes;o__Teloschistales;f__Teloschistaceae;g__Stellarangia	underclassification	0	0.104166666667	0.0317796610169	0.0487012987013
F1-REF	5	1	sortmerna	0.76:0.9:5:0.9:1.0	Unassigned	k__Fungi;p__Basidiomycota;c__Agaricomycetes;o__Agaricales;f__Psathyrellaceae;g__Kauffmania	underclassification	0	0.104166666667	0.0317796610169	0.0487012987013
F1-REF	5	1	sortmerna	0.76:0.9:5:0.9:1.0	Unassigned	k__Fungi;p__Ascomycota;c__Leotiomycetes;o__Helotiales;f__Helotiales_fam_Incertae_sedis;g__Llimoniella	underclassification	0	0.104166666667	0.0317796610169	0.0487012987013
F1-REF	5	1	sortmerna	0.76:0.9:5:0.9:1.0	k__Fungi;p__Ascomycota;c__Sordariomycetes;o__Sordariomycetes_ord_Incertae_sedis;f__Sordariomycetes_fam_Incertae_sedis;g__Thyronectria;s__Thyronectria_sinopica	k__Fungi;p__Ascomycota;c__Sordariomycetes;o__Hypocreales;f__Nectriaceae;g__Pleonectria	misclassification	3	0.104166666667	0.0317796610169	0.0487012987013
F1-REF	5	1	sortmerna	0.76:0.9:5:0.9:1.0	Unassigned	k__Fungi;p__Ascomycota;c__Sordariomycetes;o__Hypocreales;f__Nectriaceae;g__Mariannaea	underclassification	0	0.104166666667	0.0317796610169	0.0487012987013
F1-REF	5	1	sortmerna	0.76:0.9:5:0.9:1.0	k__Fungi;p__Ascomycota;c__Saccharomycetes;o__Saccharomycetales;f__Saccharomycetales_fam_Incertae_sedis;g__Candida;s__Candida_gosingica	k__Fungi;p__Ascomycota;c__Pezizomycetes;o__Pezizales;f__Pezizales_fam_Incertae_sedis;g__Cephaliophora	misclassification	2	0.104166666667	0.0317796610169	0.0487012987013
F1-REF	5	1	sortmerna	0.76:0.9:5:0.9:1.0	Unassigned	k__Fungi;p__Basidiomycota;c__Agaricomycetes;o__Agaricales;f__Agaricaceae;g__Heinemannomyces	underclassification	0	0.104166666667	0.0317796610169	0.0487012987013
F1-REF	5	1	sortmerna	0.76:0.9:5:0.9:1.0	Unassigned	k__Fungi;p__Ascomycota;c__Leotiomycetes;o__Helotiales;f__Helotiales_fam_Incertae_sedis;g__Bisporella	underclassification	0	0.104166666667	0.0317796610169	0.0487012987013
F1-REF	5	1	sortmerna	0.76:0.9:5:0.9:1.0	Unassigned	k__Fungi;p__Basidiomycota;c__Agaricomycetes;o__Agaricales;f__Strophariaceae;g__Hebeloma	underclassification	0	0.104166666667	0.0317796610169	0.0487012987013
F1-REF	5	1	sortmerna	0.76:0.9:5:0.9:1.0	Unassigned	k__Fungi;p__Basidiomycota;c__Agaricomycetes;o__Hymenochaetales;f__Hymenochaetaceae;g__Pseudochaete	underclassification	0	0.104166666667	0.0317796610169	0.0487012987013
F1-REF	5	1	sortmerna	0.76:0.9:5:0.9:1.0	k__Fungi;p__Ascomycota;c__Sordariomycetes	k__Fungi;p__Ascomycota;c__Sordariomycetes;o__Xylariales;f__Xylariales_fam_Incertae_sedis;g__Monographella	underclassification	3	0.104166666667	0.0317796610169	0.0487012987013
F1-REF	5	1	sortmerna	0.76:0.9:5:0.9:1.0	k__Fungi;p__Ascomycota;c__Dothideomycetes	k__Fungi;p__Ascomycota;c__Dothideomycetes;o__Venturiales;f__Venturiaceae;g__Venturia	underclassification	3	0.104166666667	0.0317796610169	0.0487012987013
F1-REF	5	1	sortmerna	0.76:0.9:5:0.9:1.0	k__Fungi;p__Ascomycota;c__Sordariomycetes;o__Xylariales;f__Xylariaceae	k__Fungi;p__Ascomycota;c__Pezizomycotina_cls_Incertae_sedis;o__Pezizomycotina_ord_Incertae_sedis;f__Pezizomycotina_fam_Incertae_sedis;g__Cryptostroma	misclassification	2	0.104166666667	0.0317796610169	0.0487012987013
F1-REF	5	1	sortmerna	0.76:0.9:5:0.9:1.0	Unassigned	k__Fungi;p__Basidiomycota;c__Agaricomycetes;o__Agaricales;f__Mycenaceae;g__Cruentomycena	underclassification	0	0.104166666667	0.0317796610169	0.0487012987013
F1-REF	5	1	sortmerna	0.76:0.9:5:0.9:1.0	Unassigned	k__Fungi;p__Ascomycota;c__Pezizomycetes;o__Pezizales;f__Rhizinaceae;g__Phymatotrichopsis	underclassification	0	0.104166666667	0.0317796610169	0.0487012987013
F1-REF	5	1	sortmerna	0.76:0.9:5:0.9:1.0	Unassigned	k__Fungi;p__Basidiomycota;c__Agaricomycetes;o__Agaricales;f__Lyophyllaceae;g__Ossicaulis	underclassification	0	0.104166666667	0.0317796610169	0.0487012987013
F1-REF	5	1	sortmerna	0.76:0.9:5:0.9:1.0	k__Fungi;p__Basidiomycota;c__Agaricomycetes;o__Agaricales	k__Fungi;p__Basidiomycota;c__Agaricomycetes;o__Agaricales;f__Pluteaceae;g__Volvopluteus	underclassification	4	0.104166666667	0.0317796610169	0.0487012987013
F1-REF	5	1	sortmerna	0.76:0.9:5:0.9:1.0	Unassigned	k__Fungi;p__Basidiomycota;c__Microbotryomycetes;o__Microbotryomycetes_ord_Incertae_sedis;f__Microbotryomycetes_fam_Incertae_sedis;g__Spencerozyma	underclassification	0	0.104166666667	0.0317796610169	0.0487012987013
F1-REF	5	1	sortmerna	0.76:0.9:5:0.9:1.0	k__Fungi;p__Ascomycota	k__Fungi;p__Ascomycota;c__Dothideomycetes;o__Dothideomycetes_ord_Incertae_sedis;f__Dothideomycetes_fam_Incertae_sedis;g__Peltaster	underclassification	2	0.104166666667	0.0317796610169	0.0487012987013
F1-REF	5	1	sortmerna	0.76:0.9:5:0.9:1.0	Unassigned	k__Fungi;p__Ascomycota;c__Arthoniomycetes;o__Arthoniales;f__Roccellaceae;g__Sigridea	underclassification	0	0.104166666667	0.0317796610169	0.0487012987013
F1-REF	5	1	sortmerna	0.76:0.9:5:0.9:1.0	Unassigned	k__Fungi;p__Basidiomycota;c__Agaricomycetes;o__Agaricales;f__Hygrophoraceae;g__Ampulloclitocybe	underclassification	0	0.104166666667	0.0317796610169	0.0487012987013
F1-REF	5	1	sortmerna	0.76:0.9:5:0.9:1.0	k__Fungi;p__Ascomycota	k__Fungi;p__Ascomycota;c__Eurotiomycetes;o__Eurotiales;f__Trichocomaceae;g__Chromocleista	underclassification	2	0.104166666667	0.0317796610169	0.0487012987013
F1-REF	5	1	sortmerna	0.76:0.9:5:0.9:1.0	Unassigned	k__Fungi;p__Ascomycota;c__Pezizomycetes;o__Pezizales;f__Pyronemataceae;g__Pustularia	underclassification	0	0.104166666667	0.0317796610169	0.0487012987013
F1-REF	5	1	sortmerna	0.76:0.9:5:0.9:1.0	k__Fungi;p__Zygomycota;c__Mucoromycotina_cls_Incertae_sedis;o__Mucorales;f__Syncephalastraceae;g__Syncephalastrum;s__Syncephalastrum_racemosum	k__Fungi;p__Zygomycota;c__Mucoromycotina_cls_Incertae_sedis;o__Mucorales;f__Syncephalastraceae;g__Zychaea	overclassification	5	0.104166666667	0.0317796610169	0.0487012987013
F1-REF	5	1	sortmerna	0.76:0.9:5:0.9:1.0	Unassigned	k__Fungi;p__Basidiomycota;c__Agaricomycetes;o__Agaricales;f__Agaricaceae;g__Chamaemyces	underclassification	0	0.104166666667	0.0317796610169	0.0487012987013
F1-REF	5	1	sortmerna	0.76:0.9:5:0.9:1.0	k__Fungi;p__Basidiomycota;c__Agaricomycetes;o__Agaricales;f__Marasmiaceae	k__Fungi;p__Basidiomycota;c__Agaricomycetes;o__Agaricales;f__Marasmiaceae;g__Campanella	match	5	0.104166666667	0.0317796610169	0.0487012987013
F1-REF	5	1	sortmerna	0.76:0.9:5:0.9:1.0	k__Fungi;p__Ascomycota;c__Pezizomycetes;o__Pezizales;f__Pyronemataceae;g__Sowerbyella;s__Sowerbyella_radiculata	k__Fungi;p__Ascomycota;c__Saccharomycetes;o__Saccharomycetales;f__Saccharomycodaceae;g__Saccharomycodes	misclassification	2	0.104166666667	0.0317796610169	0.0487012987013
F1-REF	5	1	sortmerna	0.76:0.9:5:0.9:1.0	Unassigned	k__Fungi;p__Basidiomycota;c__Agaricomycetes;o__Boletales;f__Boletaceae;g__Rheubarbariboletus	underclassification	0	0.104166666667	0.0317796610169	0.0487012987013
F1-REF	5	1	sortmerna	0.76:0.9:5:0.9:1.0	Unassigned	k__Fungi;p__Basidiomycota;c__Agaricomycetes;o__Russulales;f__Peniophoraceae;g__Gloiothele	underclassification	0	0.104166666667	0.0317796610169	0.0487012987013
F1-REF	5	1	sortmerna	0.76:0.9:5:0.9:1.0	Unassigned	k__Fungi;p__Ascomycota;c__Lecanoromycetes;o__Peltigerales;f__Collemataceae;g__Lepidocollema	underclassification	0	0.104166666667	0.0317796610169	0.0487012987013
F1-REF	5	1	sortmerna	0.76:0.9:5:0.9:1.0	k__Fungi;p__Basidiomycota	k__Fungi;p__Basidiomycota;c__Dacrymycetes;o__Dacrymycetales;f__Dacrymycetaceae;g__Ditiola	underclassification	2	0.104166666667	0.0317796610169	0.0487012987013
F1-REF	5	1	sortmerna	0.76:0.9:5:0.9:1.0	k__Fungi;p__Ascomycota	k__Fungi;p__Ascomycota;c__Saccharomycetes;o__Saccharomycetales;f__Saccharomycetaceae;g__Nakaseomyces	underclassification	2	0.104166666667	0.0317796610169	0.0487012987013
F1-REF	5	1	sortmerna	0.76:0.9:5:0.9:1.0	Unassigned	k__Fungi;p__Basidiomycota;c__Agaricomycetes;o__Agaricales;f__Mycenaceae;g__Xeromphalina	underclassification	0	0.104166666667	0.0317796610169	0.0487012987013
F1-REF	5	1	sortmerna	0.76:0.9:5:0.9:1.0	Unassigned	k__Fungi;p__Ascomycota;c__Saccharomycetes;o__Saccharomycetales;f__Trichomonascaceae;g__Wickerhamiella	underclassification	0	0.104166666667	0.0317796610169	0.0487012987013
F1-REF	5	1	sortmerna	0.76:0.9:5:0.9:1.0	k__Fungi;p__Basidiomycota;c__Tremellomycetes;o__Tremellales;f__Tremellales_fam_Incertae_sedis;g__Bullera;s__Bullera_arundinariae	k__Fungi;p__Basidiomycota;c__Tremellomycetes;o__Cystofilobasidiales;f__Cystofilobasidiaceae;g__Cystofilobasidium	misclassification	3	0.104166666667	0.0317796610169	0.0487012987013
F1-REF	5	1	sortmerna	0.76:0.9:5:0.9:1.0	Unassigned	k__Fungi;p__Ascomycota;c__Dothideomycetes;o__Capnodiales;f__Capnodiales_fam_Incertae_sedis;g__Baudoinia	underclassification	0	0.104166666667	0.0317796610169	0.0487012987013
F1-REF	5	1	sortmerna	0.76:0.9:5:0.9:1.0	Unassigned	k__Fungi;p__Ascomycota;c__Pezizomycotina_cls_Incertae_sedis;o__Pezizomycotina_ord_Incertae_sedis;f__Pezizomycotina_fam_Incertae_sedis;g__Pseudolachnella	underclassification	0	0.104166666667	0.0317796610169	0.0487012987013
F1-REF	5	1	sortmerna	0.76:0.9:5:0.9:1.0	k__Fungi;p__Basidiomycota;c__Agaricomycetes;o__Agaricales;f__Cortinariaceae;g__Cortinarius;s__Cortinarius_sp	k__Fungi;p__Basidiomycota;c__Agaricomycetes;o__Boletales;f__Boletaceae;g__Austroboletus	misclassification	3	0.104166666667	0.0317796610169	0.0487012987013
F1-REF	5	1	sortmerna	0.76:0.9:5:0.9:1.0	Unassigned	k__Fungi;p__Basidiomycota;c__Pucciniomycetes;o__Pucciniales;f__Pucciniales_fam_Incertae_sedis;g__Sphenorchidium	underclassification	0	0.104166666667	0.0317796610169	0.0487012987013
F1-REF	5	1	sortmerna	0.76:0.9:5:0.9:1.0	Unassigned	k__Fungi;p__Basidiomycota;c__Agaricomycetes;o__Boletales;f__Boletaceae;g__Boletellus	underclassification	0	0.104166666667	0.0317796610169	0.0487012987013
F1-REF	5	1	sortmerna	0.76:0.9:5:0.9:1.0	Unassigned	k__Fungi;p__Basidiomycota;c__Agaricomycetes;o__Agaricales;f__Tricholomataceae;g__Resupinatus	underclassification	0	0.104166666667	0.0317796610169	0.0487012987013
F1-REF	5	1	sortmerna	0.76:0.9:5:0.9:1.0	k__Fungi;p__Ascomycota;c__Dothideomycetes	k__Fungi;p__Ascomycota;c__Dothideomycetes;o__Pleosporales;f__Tetraplosphaeriaceae;g__Tetraplosphaeria	underclassification	3	0.104166666667	0.0317796610169	0.0487012987013
F1-REF	5	1	sortmerna	0.76:0.9:5:0.9:1.0	k__Fungi;p__Ascomycota	k__Fungi;p__Ascomycota;c__Pezizomycotina_cls_Incertae_sedis;o__Pezizomycotina_ord_Incertae_sedis;f__Pezizomycotina_fam_Incertae_sedis;g__Myrmaecium	underclassification	2	0.104166666667	0.0317796610169	0.0487012987013
F1-REF	5	1	sortmerna	0.76:0.9:5:0.9:1.0	Unassigned	k__Fungi;p__Ascomycota;c__Dothideomycetes;o__Capnodiales;f__Teratosphaeriaceae;g__Catenulostroma	underclassification	0	0.104166666667	0.0317796610169	0.0487012987013
F1-REF	5	1	sortmerna	0.76:0.9:5:0.9:1.0	k__Fungi;p__Basidiomycota;c__Agaricomycetes;o__Russulales;f__Russulaceae;g__Lactarius	k__Fungi;p__Ascomycota;c__Lecanoromycetes;o__Agyriales;f__Trapeliaceae;g__Trapelia	misclassification	1	0.104166666667	0.0317796610169	0.0487012987013
F1-REF	5	1	sortmerna	0.76:0.9:5:0.9:1.0	Unassigned	k__Fungi;p__Basidiomycota;c__Basidiomycota_cls_Incertae_sedis;o__Basidiomycota_ord_Incertae_sedis;f__Basidiomycota_fam_Incertae_sedis;g__Leiotrametes	underclassification	0	0.104166666667	0.0317796610169	0.0487012987013
F1-REF	5	1	sortmerna	0.76:0.9:5:0.9:1.0	Unassigned	k__Fungi;p__Ascomycota;c__Eurotiomycetes;o__Verrucariales;f__Verrucariaceae;g__Atla	underclassification	0	0.104166666667	0.0317796610169	0.0487012987013
F1-REF	5	1	sortmerna	0.76:0.9:5:0.9:1.0	k__Fungi;p__Ascomycota	k__Fungi;p__Ascomycota;c__Lecanoromycetes;o__Agyriales;f__Agyriaceae;g__Ptychographa	underclassification	2	0.104166666667	0.0317796610169	0.0487012987013
F1-REF	5	1	sortmerna	0.76:0.9:5:0.9:1.0	k__Fungi	k__Fungi;p__Glomeromycota;c__Glomeromycetes;o__Archaeosporales;f__Archaeosporaceae;g__Palaeospora	underclassification	1	0.104166666667	0.0317796610169	0.0487012987013
F1-REF	5	1	sortmerna	0.76:0.9:5:0.9:1.0	Unassigned	k__Fungi;p__Ascomycota;c__Eurotiomycetes;o__Coryneliales;f__Coryneliaceae;g__Corynelia	underclassification	0	0.104166666667	0.0317796610169	0.0487012987013
F1-REF	5	1	sortmerna	0.76:0.9:5:0.9:1.0	Unassigned	k__Fungi;p__Ascomycota;c__Saccharomycetes;o__Saccharomycetales;f__Trichomonascaceae;g__Spencermartinsiella	underclassification	0	0.104166666667	0.0317796610169	0.0487012987013
F1-REF	5	1	sortmerna	0.76:0.9:5:0.9:1.0	k__Fungi;p__Ascomycota;c__Sordariomycetes;o__Sordariales;f__Lasiosphaeriaceae;g__Podospora;s__Podospora_sp	k__Fungi;p__Ascomycota;c__Leotiomycetes;o__Helotiales;f__Rutstroemiaceae;g__Lambertella	misclassification	2	0.104166666667	0.0317796610169	0.0487012987013
F1-REF	5	1	sortmerna	0.76:0.9:5:0.9:1.0	k__Fungi;p__Ascomycota;c__Pezizomycetes;o__Pezizales;f__Pyronemataceae;g__Otidea;s__Otidea_alutacea	k__Fungi;p__Ascomycota;c__Pezizomycetes;o__Pezizales;f__Pyronemataceae;g__Hydnocystis	overclassification	5	0.104166666667	0.0317796610169	0.0487012987013
F1-REF	5	1	sortmerna	0.76:0.9:5:0.9:1.0	k__Fungi;p__Basidiomycota;c__Agaricomycetes	k__Fungi;p__Basidiomycota;c__Agaricomycetes;o__Agaricales;f__Clavariaceae;g__Scytinopogon	underclassification	3	0.104166666667	0.0317796610169	0.0487012987013
F1-REF	5	1	sortmerna	0.76:0.9:5:0.9:1.0	Unassigned	k__Fungi;p__Basidiomycota;c__Agaricomycetes;o__Boletales;f__Boletaceae;g__Costatisporus	underclassification	0	0.104166666667	0.0317796610169	0.0487012987013
F1-REF	5	1	sortmerna	0.76:0.9:5:0.9:1.0	Unassigned	k__Fungi;p__Basidiomycota;c__Agaricomycetes;o__Hymenochaetales;f__Hymenochaetaceae;g__Phylloporia	underclassification	0	0.104166666667	0.0317796610169	0.0487012987013
F1-REF	5	1	sortmerna	0.76:0.9:5:0.9:1.0	Unassigned	k__Fungi;p__Ascomycota;c__Sordariomycetes;o__Diaporthales;f__Diaporthales_fam_Incertae_sedis;g__Pedumispora	underclassification	0	0.104166666667	0.0317796610169	0.0487012987013
F1-REF	5	1	sortmerna	0.76:0.9:5:0.9:1.0	Unassigned	k__Fungi;p__Basidiomycota;c__Pucciniomycetes;o__Pucciniales;f__Pileolariaceae;g__Uromycladium	underclassification	0	0.104166666667	0.0317796610169	0.0487012987013
F1-REF	5	1	sortmerna	0.76:0.9:5:0.9:1.0	Unassigned	k__Fungi;p__Basidiomycota;c__Agaricomycetes;o__Agaricales;f__Tricholomataceae;g__Dennisiomyces	underclassification	0	0.104166666667	0.0317796610169	0.0487012987013
F1-REF	5	1	sortmerna	0.76:0.9:5:0.9:1.0	Unassigned	k__Fungi;p__Basidiomycota;c__Agaricomycetes;o__Russulales;f__Stephanosporaceae;g__Lindtneria	underclassification	0	0.104166666667	0.0317796610169	0.0487012987013
F1-REF	5	1	sortmerna	0.76:0.9:5:0.9:1.0	k__Fungi;p__Basidiomycota;c__Agaricomycetes;o__Polyporales;f__Phanerochaetaceae;g__Ceriporia;s__Ceriporia_alachuana	k__Fungi;p__Basidiomycota;c__Agaricomycetes;o__Polyporales;f__Polyporaceae;g__Macrohyporia	misclassification	4	0.104166666667	0.0317796610169	0.0487012987013
F1-REF	5	1	sortmerna	0.76:0.9:5:0.9:1.0	Unassigned	k__Fungi;p__Ascomycota;c__Sordariomycetes;o__Hypocreales;f__Nectriaceae;g__Stylonectria	underclassification	0	0.104166666667	0.0317796610169	0.0487012987013
F1-REF	5	1	sortmerna	0.76:0.9:5:0.9:1.0	Unassigned	k__Fungi;p__Ascomycota;c__Dothideomycetes;o__Pleosporales;f__Pleosporales_fam_Incertae_sedis;g__Tingoldiago	underclassification	0	0.104166666667	0.0317796610169	0.0487012987013
F1-REF	5	1	sortmerna	0.76:0.9:5:0.9:1.0	k__Fungi;p__Ascomycota;c__Lecanoromycetes;o__Acarosporales;f__Acarosporaceae;g__Acarospora;s__Acarospora_oligospora	k__Fungi;p__Ascomycota;c__Lecanoromycetes;o__Acarosporales;f__Acarosporaceae;g__Sarcogyne	overclassification	5	0.104166666667	0.0317796610169	0.0487012987013
F1-REF	5	1	sortmerna	0.76:0.9:5:0.9:1.0	k__Fungi;p__Ascomycota;c__Dothideomycetes;o__Pleosporales;f__Sporormiaceae;g__Sporormiella;s__Sporormiella_megalospora	k__Fungi;p__Ascomycota;c__Saccharomycetes;o__Saccharomycetales;f__Pichiaceae;g__Hyphopichia	misclassification	2	0.104166666667	0.0317796610169	0.0487012987013
F1-REF	5	1	sortmerna	0.76:0.9:5:0.9:1.0	Unassigned	k__Fungi;p__Basidiomycota;c__Agaricomycetes;o__Agaricales;f__Mycenaceae;g__Roridomyces	underclassification	0	0.104166666667	0.0317796610169	0.0487012987013
F1-REF	5	1	sortmerna	0.76:0.9:5:0.9:1.0	k__Fungi;p__Ascomycota;c__Dothideomycetes;o__Pleosporales;f__Phaeosphaeriaceae;g__Sclerostagonospora;s__Sclerostagonospora_sp	k__Fungi;p__Ascomycota;c__Dothideomycetes;o__Dothideomycetes_ord_Incertae_sedis;f__Dothideomycetes_fam_Incertae_sedis;g__Didymocyrtis	misclassification	3	0.104166666667	0.0317796610169	0.0487012987013
F1-REF	5	1	sortmerna	0.76:0.9:5:0.9:1.0	Unassigned	k__Fungi;p__Ascomycota;c__Dothideomycetes;o__Hysteriales;f__Hysteriaceae;g__Hysterium	underclassification	0	0.104166666667	0.0317796610169	0.0487012987013
F1-REF	5	1	sortmerna	0.76:0.9:5:0.9:1.0	Unassigned	k__Fungi;p__Ascomycota;c__Sordariomycetes;o__Diaporthales;f__Gnomoniaceae;g__Apioplagiostoma	underclassification	0	0.104166666667	0.0317796610169	0.0487012987013
F1-REF	5	1	sortmerna	0.76:0.9:5:0.9:1.0	k__Fungi;p__Basidiomycota;c__Agaricomycetes;o__Agaricales;f__Entolomataceae;g__Entoloma	k__Fungi;p__Basidiomycota;c__Agaricomycetes;o__Agaricales;f__Physalacriaceae;g__Physalacria	misclassification	4	0.104166666667	0.0317796610169	0.0487012987013
F1-REF	5	1	sortmerna	0.76:0.9:5:0.9:1.0	k__Fungi;p__Ascomycota;c__Pezizomycotina_cls_Incertae_sedis;o__Pezizomycotina_ord_Incertae_sedis;f__Pezizomycotina_fam_Incertae_sedis;g__Sympodiella;s__Sympodiella_acicola	k__Fungi;p__Ascomycota;c__Sordariomycetes;o__Sordariomycetes_ord_Incertae_sedis;f__Sordariomycetes_fam_Incertae_sedis;g__Barbatosphaeria	misclassification	2	0.104166666667	0.0317796610169	0.0487012987013
F1-REF	5	1	sortmerna	0.76:0.9:5:0.9:1.0	k__Fungi;p__Ascomycota;c__Dothideomycetes;o__Pleosporales	k__Fungi;p__Ascomycota;c__Dothideomycetes;o__Pleosporales;f__Pleosporales_fam_Incertae_sedis;g__Helicascus	underclassification	4	0.104166666667	0.0317796610169	0.0487012987013
F1-REF	5	1	sortmerna	0.76:0.9:5:0.9:1.0	k__Fungi;p__Ascomycota;c__Sordariomycetes;o__Microascales;f__Microascaceae;g__Scopulariopsis;s__Scopulariopsis_brumptii	k__Fungi;p__Ascomycota;c__Sordariomycetes;o__Microascales;f__Microascaceae;g__Microascus	overclassification	5	0.104166666667	0.0317796610169	0.0487012987013
F1-REF	5	1	sortmerna	0.76:0.9:5:0.9:1.0	Unassigned	k__Fungi;p__Basidiomycota;c__Agaricomycetes;o__Polyporales;f__Polyporaceae;g__Melanoderma	underclassification	0	0.104166666667	0.0317796610169	0.0487012987013
F1-REF	5	1	sortmerna	0.76:0.9:5:0.9:1.0	Unassigned	k__Fungi;p__Ascomycota;c__Pezizomycotina_cls_Incertae_sedis;o__Pezizomycotina_ord_Incertae_sedis;f__Pezizomycotina_fam_Incertae_sedis;g__Pseudolachnea	underclassification	0	0.104166666667	0.0317796610169	0.0487012987013
F1-REF	5	1	sortmerna	0.76:0.9:5:0.9:1.0	k__Fungi;p__Basidiomycota;c__Exobasidiomycetes;o__Exobasidiales;f__Exobasidiaceae;g__Exobasidium	k__Fungi;p__Basidiomycota;c__Exobasidiomycetes;o__Exobasidiomycetidae_ord_Incertae_sedis;f__Exobasidiomycetidae_fam_Incertae_sedis;g__Acaromyces	misclassification	3	0.104166666667	0.0317796610169	0.0487012987013
F1-REF	5	1	sortmerna	0.76:0.9:5:0.9:1.0	Unassigned	k__Fungi;p__Ascomycota;c__Eurotiomycetes;o__Chaetothyriales;f__Herpotrichiellaceae;g__Metulocladosporiella	underclassification	0	0.104166666667	0.0317796610169	0.0487012987013
F1-REF	5	1	sortmerna	0.76:0.9:5:0.9:1.0	k__Fungi;p__Ascomycota;c__Eurotiomycetes;o__Eurotiales;f__Elaphomycetaceae;g__Elaphomyces;s__Elaphomyces_aculeatus	k__Fungi;p__Basidiomycota;c__Agaricomycetes;o__Cantharellales;f__Cantharellaceae;g__Pseudocraterellus	misclassification	1	0.104166666667	0.0317796610169	0.0487012987013
F1-REF	5	1	sortmerna	0.76:0.9:5:0.9:1.0	k__Fungi;p__Glomeromycota;c__Glomeromycetes;o__Diversisporales;f__Diversisporaceae;g__Diversispora;s__Diversispora_sp	k__Fungi;p__Ascomycota;c__Lecanoromycetes;o__Lecanorales;f__Parmeliaceae;g__Pseudoparmelia	misclassification	1	0.104166666667	0.0317796610169	0.0487012987013
F1-REF	5	1	sortmerna	0.76:0.9:5:0.9:1.0	k__Fungi;p__Basidiomycota;c__Agaricomycetes	k__Fungi;p__Basidiomycota;c__Agaricomycetes;o__Hymenochaetales;f__Hymenochaetaceae;g__Asterodon	underclassification	3	0.104166666667	0.0317796610169	0.0487012987013