UclustConsensusTaxonAssigner parameters:
id_to_taxonomy_filepath:/home/nbokulic/ref_seq_dbs/Silva_108/taxa_mapping/Silva_RDP_taxa_mapping_Eukarya_only_species.txt
id_to_taxonomy_fp:/home/nbokulic/ref_seq_dbs/Silva_108/taxa_mapping/Silva_RDP_taxa_mapping_Eukarya_only_species.txt
max_accepts:5
min_consensus_fraction:0.75
reference_sequences_fp:/home/nbokulic/ref_seq_dbs/Silva_108/rep_set/Silva_108_rep_set_Eukarya_only.fna
similarity:0.7
unassignable_label:Unassigned
Result path: "/scratch/assign-taxMMNobcFKcRy4lNS1ycnS.txt"

.uc file contents:

# uclust --input /home/nbokulic/short-read-tax-assignment/data/qiime-mock-community/L18S-1/rep_set.fna --id 0.7 --rev --maxaccepts 5 --allhits --libonly --lib /home/nbokulic/ref_seq_dbs/Silva_108/rep_set/Silva_108_rep_set_Eukarya_only.fna --uc /scratch/UclustConsensusTaxonAssigner_UJJGlT.uc
# version=1.2.22
# Tab-separated fields:
# 1=Type, 2=ClusterNr, 3=SeqLength or ClusterSize, 4=PctId, 5=Strand, 6=QueryStart, 7=SeedStart, 8=Alignment, 9=QueryLabel, 10=TargetLabel
# Record types (field 1): L=LibSeed, S=NewSeed, H=Hit, R=Reject, D=LibCluster, C=NewCluster, N=NoHit
# For C and D types, PctId is average id with seed.
# QueryStart and SeedStart are zero-based relative to start of sequence.
# If minus strand, SeedStart is relative to reverse-complemented seed.
N	*	90	*	*	*	*	*	100416 EUK.Mock.1_88227	*
L	7185	1808	*	*	*	*	*	61571	*
H	7185	90	98.9	+	0	0	1649I90M69I	105028 EUK.Mock.1_26561	61571
L	4038	1741	*	*	*	*	*	3287	*
H	4038	90	96.7	+	0	0	1617I90M34I	105028 EUK.Mock.1_26561	3287
L	4634	1739	*	*	*	*	*	38113	*
H	4634	90	97.8	+	0	0	1598I90M51I	105028 EUK.Mock.1_26561	38113
L	7123	1651	*	*	*	*	*	61087	*
H	7123	90	97.8	+	0	0	1549I90M12I	105028 EUK.Mock.1_26561	61087
L	3034	1802	*	*	*	*	*	24055	*
H	3034	90	96.7	+	0	0	1646I90M66I	105028 EUK.Mock.1_26561	24055
L	854	1737	*	*	*	*	*	10764	*
H	854	69	100.0	+	0	0	1605I69M63I	107842 EUK.Mock.1_2159	10764
L	3447	1801	*	*	*	*	*	27744	*
H	3447	69	100.0	+	0	0	1645I69M87I	107842 EUK.Mock.1_2159	27744
L	4934	1731	*	*	*	*	*	40794	*
H	4934	69	100.0	+	0	0	1591I69M71I	107842 EUK.Mock.1_2159	40794
L	6170	1595	*	*	*	*	*	52258	*
H	6170	69	100.0	+	0	0	1436I69M90I	107842 EUK.Mock.1_2159	52258
L	3878	1874	*	*	*	*	*	31618	*
H	3878	69	98.6	+	0	0	1629I54MD14M177I	107842 EUK.Mock.1_2159	31618
N	*	90	*	*	*	*	*	1692 EUK.Mock.1_3944	*
N	*	90	*	*	*	*	*	17950 EUK.Mock.1_87	*
L	7688	2257	*	*	*	*	*	65995	*
H	7688	90	97.8	+	0	0	1582I90M585I	18339 EUK.Mock.1_827	65995
L	8570	1828	*	*	*	*	*	73609	*
H	8570	90	97.8	+	0	0	1668I90M70I	18339 EUK.Mock.1_827	73609
L	564	1829	*	*	*	*	*	105083	*
H	564	90	92.2	+	0	0	1679I90M60I	18339 EUK.Mock.1_827	105083
L	9379	1800	*	*	*	*	*	80767	*
H	9379	90	92.2	+	0	0	1675I90M35I	18339 EUK.Mock.1_827	80767
L	7681	1797	*	*	*	*	*	65940	*
H	7681	90	90.0	+	0	0	1653I90M54I	18339 EUK.Mock.1_827	65940
N	*	90	*	*	*	*	*	19213 EUK.Mock.1_5390	*
L	1313	1890	*	*	*	*	*	111701	*
H	1313	76	97.4	+	0	0	1729I76M85I	21577 EUK.Mock.1_72379	111701
L	465	1920	*	*	*	*	*	104302	*
H	465	76	97.4	+	0	0	1759I76M85I	21577 EUK.Mock.1_72379	104302
L	7017	2302	*	*	*	*	*	60168	*
H	7017	76	96.1	+	0	0	2036I76M190I	21577 EUK.Mock.1_72379	60168
L	4881	1793	*	*	*	*	*	40318	*
H	4881	76	94.7	+	0	0	1653I56MD19M65I	21577 EUK.Mock.1_72379	40318
L	437	1871	*	*	*	*	*	104051	*
H	437	76	94.7	+	0	0	1711I56MD19M85I	21577 EUK.Mock.1_72379	104051
H	7123	90	96.7	+	0	0	1549I90M12I	21638 EUK.Mock.1_34030	61087
H	3034	90	95.6	+	0	0	1646I90M66I	21638 EUK.Mock.1_34030	24055
H	4634	90	96.7	+	0	0	1598I90M51I	21638 EUK.Mock.1_34030	38113
H	7185	90	95.6	+	0	0	1649I90M69I	21638 EUK.Mock.1_34030	61571
L	2751	1797	*	*	*	*	*	21724	*
H	2751	90	95.6	+	0	0	1632I90M75I	21638 EUK.Mock.1_34030	21724
N	*	90	*	*	*	*	*	2172 EUK.Mock.1_2829	*
L	11182	1803	*	*	*	*	*	96648	*
H	11182	90	91.1	+	0	0	1644I90M69I	22392 EUK.Mock.1_133	96648
L	2499	1791	*	*	*	*	*	19455	*
H	2499	90	90.0	+	0	0	1638I90M63I	22392 EUK.Mock.1_133	19455
L	1905	2015	*	*	*	*	*	14030	*
H	1905	90	92.2	+	0	0	1590I58MD31M336I	22392 EUK.Mock.1_133	14030
L	9735	1796	*	*	*	*	*	83620	*
H	9735	90	77.8	+	0	0	1642I90M64I	22392 EUK.Mock.1_133	83620
L	3680	1711	*	*	*	*	*	29971	*
H	3680	90	83.3	+	0	0	1565I90M56I	22392 EUK.Mock.1_133	29971
H	4934	90	100.0	+	0	0	1591I90M50I	27972 EUK.Mock.1_3	40794
L	9284	1821	*	*	*	*	*	80038	*
H	9284	90	100.0	+	0	0	1663I13MI77M67I	27972 EUK.Mock.1_3	80038
H	854	90	98.9	+	0	0	1605I90M42I	27972 EUK.Mock.1_3	10764
H	6170	90	98.9	+	0	0	1436I90M69I	27972 EUK.Mock.1_3	52258
H	3447	90	97.8	+	0	0	1645I90M66I	27972 EUK.Mock.1_3	27744
L	9023	2014	*	*	*	*	*	77469	*
H	9023	90	98.9	+	0	0	1652I90M272I	29729 EUK.Mock.1_31377	77469
L	2925	2014	*	*	*	*	*	23203	*
H	2925	90	98.9	+	0	0	1653I90M271I	29729 EUK.Mock.1_31377	23203
L	3879	1797	*	*	*	*	*	31628	*
H	3879	90	96.7	+	0	0	1641I90M66I	29729 EUK.Mock.1_31377	31628
L	9368	1775	*	*	*	*	*	80689	*
H	9368	90	90.0	+	0	0	1629I90M56I	29729 EUK.Mock.1_31377	80689
L	6880	1786	*	*	*	*	*	58953	*
H	6880	90	90.0	+	0	0	1643I90M53I	29729 EUK.Mock.1_31377	58953
N	*	90	*	*	*	*	*	30313 EUK.Mock.1_95472	*
H	8570	90	100.0	+	0	0	1668I90M70I	3439 EUK.Mock.1_14	73609
H	7688	90	100.0	+	0	0	1582I90M585I	3439 EUK.Mock.1_14	65995
H	564	90	94.4	+	0	0	1679I90M60I	3439 EUK.Mock.1_14	105083
H	9379	90	94.4	+	0	0	1675I90M35I	3439 EUK.Mock.1_14	80767
L	4314	1778	*	*	*	*	*	354	*
H	4314	90	90.0	+	0	0	1647I90M41I	3439 EUK.Mock.1_14	354
L	88	1270	*	*	*	*	*	10084	*
H	88	90	96.7	+	0	0	1111I90M69I	39904 EUK.Mock.1_91821	10084
L	279	1717	*	*	*	*	*	102447	*
H	279	90	95.6	+	0	0	1595I90M32I	39904 EUK.Mock.1_91821	102447
L	4197	1791	*	*	*	*	*	34288	*
H	4197	90	95.6	+	0	0	1637I90M64I	39904 EUK.Mock.1_91821	34288
L	6339	2954	*	*	*	*	*	53760	*
H	6339	90	95.6	+	0	0	2364I90M500I	39904 EUK.Mock.1_91821	53760
L	4441	1797	*	*	*	*	*	36554	*
H	4441	90	95.6	+	0	0	1641I90M66I	39904 EUK.Mock.1_91821	36554
N	*	90	*	*	*	*	*	40757 EUK.Mock.1_65	*
N	*	90	*	*	*	*	*	41199 EUK.Mock.1_44774	*
N	*	90	*	*	*	*	*	4320 EUK.Mock.1_10709	*
H	4634	90	100.0	+	0	0	1598I90M51I	45517 EUK.Mock.1_7969	38113
H	7123	90	97.8	+	0	0	1549I90M12I	45517 EUK.Mock.1_7969	61087
H	3034	90	96.7	+	0	0	1646I90M66I	45517 EUK.Mock.1_7969	24055
H	7185	90	96.7	+	0	0	1649I90M69I	45517 EUK.Mock.1_7969	61571
L	676	1788	*	*	*	*	*	106081	*
H	676	90	96.7	+	0	0	1643I90M55I	45517 EUK.Mock.1_7969	106081
N	*	73	*	*	*	*	*	46487 EUK.Mock.1_42219	*
H	11182	90	92.2	+	0	0	1644I45MI45M68I	48031 EUK.Mock.1_20183	96648
H	1905	90	90.0	+	0	0	1590I90M335I	48031 EUK.Mock.1_20183	14030
L	8357	1772	*	*	*	*	*	71719	*
H	8357	90	84.4	+	0	0	1629I46MI44M52I	48031 EUK.Mock.1_20183	71719
H	9735	90	81.1	+	0	0	1642I41MI49M63I	48031 EUK.Mock.1_20183	83620
L	11058	1737	*	*	*	*	*	95481	*
H	11058	90	80.0	+	0	0	1626I40M2I50M19I	48031 EUK.Mock.1_20183	95481
N	*	90	*	*	*	*	*	49555 EUK.Mock.1_6	*
N	*	90	*	*	*	*	*	50176 EUK.Mock.1_7675	*
H	4634	90	97.8	+	0	0	1598I90M51I	50892 EUK.Mock.1_8	38113
H	7123	90	97.8	+	0	0	1549I90M12I	50892 EUK.Mock.1_8	61087
H	3034	90	96.7	+	0	0	1646I90M66I	50892 EUK.Mock.1_8	24055
H	7185	90	96.7	+	0	0	1649I90M69I	50892 EUK.Mock.1_8	61571
H	4038	90	94.4	+	0	0	1617I90M34I	50892 EUK.Mock.1_8	3287
L	7090	1800	*	*	*	*	*	60815	*
H	7090	90	100.0	+	0	0	1644I90M66I	54718 EUK.Mock.1_71	60815
L	8619	1713	*	*	*	*	*	74011	*
H	8619	90	96.7	+	0	0	1564I90M59I	54718 EUK.Mock.1_71	74011
L	8817	1741	*	*	*	*	*	75599	*
H	8817	90	97.8	+	0	0	1616I63MI16MI11M33I	54718 EUK.Mock.1_71	75599
L	2803	1686	*	*	*	*	*	22189	*
H	2803	90	96.7	+	0	0	1562I90M34I	54718 EUK.Mock.1_71	22189
L	8754	1803	*	*	*	*	*	75157	*
H	8754	90	95.6	+	0	0	1646I90M67I	54718 EUK.Mock.1_71	75157
N	*	90	*	*	*	*	*	60484 EUK.Mock.1_9514	*
L	3858	1355	*	*	*	*	*	31450	*
H	3858	90	100.0	+	0	0	1197I90M68I	6133 EUK.Mock.1_56612	31450
L	2523	1807	*	*	*	*	*	19662	*
H	2523	90	100.0	+	0	0	1649I90M68I	6133 EUK.Mock.1_56612	19662
L	10032	1808	*	*	*	*	*	8609	*
H	10032	90	96.7	+	0	0	1650I90M68I	6133 EUK.Mock.1_56612	8609
L	577	1735	*	*	*	*	*	105186	*
H	577	90	96.7	+	0	0	1627I90M18I	6133 EUK.Mock.1_56612	105186
L	1921	1789	*	*	*	*	*	1422	*
H	1921	90	96.7	+	0	0	1631I90M68I	6133 EUK.Mock.1_56612	1422
N	*	90	*	*	*	*	*	61583 EUK.Mock.1_11	*
N	*	90	*	*	*	*	*	62290 EUK.Mock.1_21436	*
H	7123	90	98.9	+	0	0	1549I90M12I	62320 EUK.Mock.1_2469	61087
H	7185	90	97.8	+	0	0	1649I90M69I	62320 EUK.Mock.1_2469	61571
L	9246	1651	*	*	*	*	*	79610	*
H	9246	90	97.8	+	0	0	1549I90M12I	62320 EUK.Mock.1_2469	79610
H	4634	90	96.7	+	0	0	1598I90M51I	62320 EUK.Mock.1_2469	38113
H	3034	90	95.6	+	0	0	1646I90M66I	62320 EUK.Mock.1_2469	24055
N	*	90	*	*	*	*	*	62715 EUK.Mock.1_6500	*
H	88	90	98.9	+	0	0	1111I90M69I	65251 EUK.Mock.1_54	10084
H	4197	90	97.8	+	0	0	1637I90M64I	65251 EUK.Mock.1_54	34288
H	279	90	97.8	+	0	0	1595I90M32I	65251 EUK.Mock.1_54	102447
L	818	2034	*	*	*	*	*	107387	*
H	818	90	94.4	+	0	0	1947I87M3D	65251 EUK.Mock.1_54	107387
L	10251	1748	*	*	*	*	*	88322	*
H	10251	90	95.6	+	0	0	1592I90M66I	65251 EUK.Mock.1_54	88322
L	6364	1487	*	*	*	*	*	5402	*
H	6364	90	100.0	+	0	0	1375I90M22I	67553 EUK.Mock.1_11853	5402
L	8562	1809	*	*	*	*	*	73554	*
H	8562	90	100.0	+	0	0	1651I90M68I	67553 EUK.Mock.1_11853	73554
L	6504	1849	*	*	*	*	*	553	*
H	6504	90	100.0	+	0	0	1691I90M68I	67553 EUK.Mock.1_11853	553
L	5617	1426	*	*	*	*	*	46888	*
H	5617	90	100.0	+	0	0	1265I90M71I	67553 EUK.Mock.1_11853	46888
L	9714	1791	*	*	*	*	*	83482	*
H	9714	90	98.9	+	0	0	1645I90M56I	67553 EUK.Mock.1_11853	83482
N	*	90	*	*	*	*	*	68028 EUK.Mock.1_3035	*
N	*	83	*	*	*	*	*	68188 EUK.Mock.1_107451	*
L	11256	1553	*	*	*	*	*	97289	*
H	11256	90	98.9	+	0	0	1391I90M72I	69102 EUK.Mock.1_1637	97289
L	9506	1797	*	*	*	*	*	81821	*
H	9506	90	98.9	+	0	0	1632I90M75I	69102 EUK.Mock.1_1637	81821
L	5603	1778	*	*	*	*	*	46764	*
H	5603	90	74.4	+	0	0	1633I37M2D22MD28M58I	69102 EUK.Mock.1_1637	46764
L	7778	2397	*	*	*	*	*	66800	*
H	7778	90	70.0	+	0	0	1606I44M2D17MD26M704I	69102 EUK.Mock.1_1637	66800
N	*	70	*	*	*	*	*	69771 EUK.Mock.1_58442	*
N	*	73	*	*	*	*	*	70015 EUK.Mock.1_53633	*
N	*	73	*	*	*	*	*	71403 EUK.Mock.1_12845	*
L	4104	1863	*	*	*	*	*	33585	*
H	4104	90	100.0	+	0	0	1703I90M70I	7240 EUK.Mock.1_42	33585
L	9936	1865	*	*	*	*	*	85366	*
H	9936	90	97.8	+	0	0	1706I64MD25M70I	7240 EUK.Mock.1_42	85366
L	254	1864	*	*	*	*	*	102297	*
H	254	90	94.4	+	0	0	1706I90M68I	7240 EUK.Mock.1_42	102297
L	7824	1874	*	*	*	*	*	67215	*
H	7824	90	92.2	+	0	0	1714I90M70I	7240 EUK.Mock.1_42	67215
L	5711	1859	*	*	*	*	*	47644	*
H	5711	90	93.3	+	0	0	1699I90M70I	7240 EUK.Mock.1_42	47644
N	*	90	*	*	*	*	*	76924 EUK.Mock.1_8762	*
H	9506	90	97.8	+	0	0	1632I90M75I	77917 EUK.Mock.1_933	81821
H	11256	90	97.8	+	0	0	1391I90M72I	77917 EUK.Mock.1_933	97289
L	6002	2512	*	*	*	*	*	50609	*
H	6002	90	70.0	+	0	0	1721I49M2D12MD26M704I	77917 EUK.Mock.1_933	50609
H	5603	90	75.6	+	0	0	1633I38M2D21MD28M58I	77917 EUK.Mock.1_933	46764
L	1881	1800	*	*	*	*	*	13813	*
H	1881	90	77.8	+	0	0	1656I38M2D29MD20M57I	77917 EUK.Mock.1_933	13813
N	*	80	*	*	*	*	*	78479 EUK.Mock.1_8043	*
N	*	90	*	*	*	*	*	78796 EUK.Mock.1_13247	*
N	*	90	*	*	*	*	*	80896 EUK.Mock.1_2685	*
N	*	90	*	*	*	*	*	82731 EUK.Mock.1_57716	*
H	6170	90	100.0	+	0	0	1436I90M69I	82995 EUK.Mock.1_3712	52258
H	3447	90	98.9	+	0	0	1645I90M66I	82995 EUK.Mock.1_3712	27744
H	4934	90	98.9	+	0	0	1591I90M50I	82995 EUK.Mock.1_3712	40794
H	854	90	97.8	+	0	0	1605I90M42I	82995 EUK.Mock.1_3712	10764
L	10646	1777	*	*	*	*	*	91684	*
H	10646	90	97.8	+	0	0	1646I90M41I	82995 EUK.Mock.1_3712	91684
N	*	90	*	*	*	*	*	85992 EUK.Mock.1_17025	*
N	*	90	*	*	*	*	*	87184 EUK.Mock.1_80832	*
H	8619	90	97.8	+	0	0	1564I90M59I	88832 EUK.Mock.1_99991	74011
H	7090	90	96.7	+	0	0	1644I90M66I	88832 EUK.Mock.1_99991	60815
L	6927	1747	*	*	*	*	*	59398	*
H	6927	90	95.6	+	0	0	1591I90M66I	88832 EUK.Mock.1_99991	59398
L	3875	1748	*	*	*	*	*	3160	*
H	3875	90	95.6	+	0	0	1592I90M66I	88832 EUK.Mock.1_99991	3160
L	5284	1728	*	*	*	*	*	44060	*
H	5284	90	95.6	+	0	0	1572I90M66I	88832 EUK.Mock.1_99991	44060
H	88	90	97.8	+	0	0	1111I90M69I	90696 EUK.Mock.1_2457	10084
H	279	90	96.7	+	0	0	1595I90M32I	90696 EUK.Mock.1_2457	102447
H	6339	90	95.6	+	0	0	2364I90M500I	90696 EUK.Mock.1_2457	53760
H	4197	90	96.7	+	0	0	1637I90M64I	90696 EUK.Mock.1_2457	34288
L	3527	1835	*	*	*	*	*	28521	*
H	3527	90	95.6	+	0	0	1659I90M86I	90696 EUK.Mock.1_2457	28521
N	*	84	*	*	*	*	*	91592 EUK.Mock.1_15625	*
H	7017	90	100.0	+	0	0	2036I90M176I	92560 EUK.Mock.1_215	60168
L	8108	1693	*	*	*	*	*	69613	*
H	8108	90	98.9	+	0	0	1533I41MD48M71I	92560 EUK.Mock.1_215	69613
H	465	90	98.9	+	0	0	1759I90M71I	92560 EUK.Mock.1_215	104302
H	1313	90	98.9	+	0	0	1729I90M71I	92560 EUK.Mock.1_215	111701
L	6258	1869	*	*	*	*	*	53047	*
H	6258	90	96.7	+	0	0	1708I90M71I	92560 EUK.Mock.1_215	53047
L	1217	2162	*	*	*	*	*	110911	*
H	1217	90	100.0	+	0	0	2006I90M66I	93109 EUK.Mock.1_5201	110911
L	10931	2237	*	*	*	*	*	94298	*
H	10931	90	100.0	+	0	0	2081I90M66I	93109 EUK.Mock.1_5201	94298
L	9016	2156	*	*	*	*	*	77392	*
H	9016	90	100.0	+	0	0	2000I90M66I	93109 EUK.Mock.1_5201	77392
L	8962	2131	*	*	*	*	*	769	*
H	8962	90	100.0	+	0	0	1975I90M66I	93109 EUK.Mock.1_5201	769
L	4062	2076	*	*	*	*	*	33079	*
H	4062	90	100.0	+	0	0	1969I90M17I	93109 EUK.Mock.1_5201	33079
N	*	90	*	*	*	*	*	95858 EUK.Mock.1_536	*
H	7090	90	98.9	+	0	0	1644I90M66I	9588 EUK.Mock.1_584	60815
H	8817	90	98.9	+	0	0	1616I63MI16MI11M33I	9588 EUK.Mock.1_584	75599
H	8619	90	97.8	+	0	0	1564I90M59I	9588 EUK.Mock.1_584	74011
H	2803	90	97.8	+	0	0	1562I90M34I	9588 EUK.Mock.1_584	22189
L	623	1598	*	*	*	*	*	105574	*
H	623	90	95.6	+	0	0	1499I90M9I	9588 EUK.Mock.1_584	105574
N	*	90	*	*	*	*	*	9654 EUK.Mock.1_91	*
N	*	90	*	*	*	*	*	96812 EUK.Mock.1_21494	*
L	5135	1792	*	*	*	*	*	4269	*
H	5135	90	94.4	+	0	0	1633I90M69I	97711 EUK.Mock.1_147	4269
L	5866	1704	*	*	*	*	*	49307	*
H	5866	90	92.2	+	0	0	1559I90M55I	97711 EUK.Mock.1_147	49307
L	8635	1789	*	*	*	*	*	74171	*
H	8635	90	92.2	+	0	0	1644I90M55I	97711 EUK.Mock.1_147	74171
L	5423	1731	*	*	*	*	*	45376	*
H	5423	90	93.3	+	0	0	1602I90M39I	97711 EUK.Mock.1_147	45376
L	2906	1713	*	*	*	*	*	23075	*
H	2906	90	91.1	+	0	0	1573I90M50I	97711 EUK.Mock.1_147	23075
N	*	90	*	*	*	*	*	98227 EUK.Mock.1_12659	*
L	7760	1404	*	*	*	*	*	66673	*
H	7760	90	98.9	+	0	0	1279I90M35I	98335 EUK.Mock.1_634	66673
L	4863	1376	*	*	*	*	*	40103	*
H	4863	90	98.9	+	0	0	1251I90M35I	98335 EUK.Mock.1_634	40103
L	3103	1414	*	*	*	*	*	2467	*
H	3103	90	97.8	+	0	0	1290I90M34I	98335 EUK.Mock.1_634	2467
L	10834	1843	*	*	*	*	*	93246	*
H	10834	90	90.0	+	0	0	1683I90M70I	98335 EUK.Mock.1_634	93246
L	6736	1783	*	*	*	*	*	57479	*
H	6736	90	77.8	+	0	0	1644I42M3D23M2I22M50I	98335 EUK.Mock.1_634	57479
N	*	90	*	*	*	*	*	99 EUK.Mock.1_5768	*
L	3171	1781	*	*	*	*	*	25160	*
H	3171	90	97.8	+	0	0	1626I90M65I	New.ReferenceOTU0 EUK.Mock.1_73063	25160
L	8717	1753	*	*	*	*	*	74829	*
H	8717	90	93.3	+	0	0	1594I47MI16MI27M67I	New.ReferenceOTU0 EUK.Mock.1_73063	74829
L	2726	1744	*	*	*	*	*	21485	*
H	2726	90	93.3	+	0	0	1589I45MI20MI25M63I	New.ReferenceOTU0 EUK.Mock.1_73063	21485
L	7875	1748	*	*	*	*	*	67609	*
H	7875	90	94.4	+	0	0	1592I45MI19MI26M64I	New.ReferenceOTU0 EUK.Mock.1_73063	67609
L	7503	1739	*	*	*	*	*	64286	*
H	7503	90	90.0	+	0	0	1585I90M64I	New.ReferenceOTU0 EUK.Mock.1_73063	64286
H	4934	90	96.7	+	0	0	1591I90M50I	New.ReferenceOTU1 EUK.Mock.1_34640	40794
H	6170	90	95.6	+	0	0	1436I90M69I	New.ReferenceOTU1 EUK.Mock.1_34640	52258
H	9284	90	96.7	+	0	0	1663I13MI77M67I	New.ReferenceOTU1 EUK.Mock.1_34640	80038
H	854	90	95.6	+	0	0	1605I90M42I	New.ReferenceOTU1 EUK.Mock.1_34640	10764
H	3447	90	94.4	+	0	0	1645I90M66I	New.ReferenceOTU1 EUK.Mock.1_34640	27744
H	11182	90	88.9	+	0	0	1644I90M69I	New.ReferenceOTU2 EUK.Mock.1_100090	96648
H	1905	90	90.0	+	0	0	1590I58MD31M336I	New.ReferenceOTU2 EUK.Mock.1_100090	14030
H	2499	90	87.8	+	0	0	1638I90M63I	New.ReferenceOTU2 EUK.Mock.1_100090	19455
H	9735	90	75.6	+	0	0	1642I90M64I	New.ReferenceOTU2 EUK.Mock.1_100090	83620
H	3680	90	81.1	+	0	0	1565I90M56I	New.ReferenceOTU2 EUK.Mock.1_100090	29971
H	4934	86	96.5	+	0	0	1591I86M54I	New.ReferenceOTU3 EUK.Mock.1_30981	40794
H	854	86	95.3	+	0	0	1605I86M46I	New.ReferenceOTU3 EUK.Mock.1_30981	10764
H	6170	86	95.3	+	0	0	1436I86M73I	New.ReferenceOTU3 EUK.Mock.1_30981	52258
H	9284	86	96.5	+	0	0	1663I13MI73M71I	New.ReferenceOTU3 EUK.Mock.1_30981	80038
H	3447	86	94.2	+	0	0	1645I86M70I	New.ReferenceOTU3 EUK.Mock.1_30981	27744
H	4934	90	95.6	+	0	0	1591I90M50I	New.ReferenceOTU4 EUK.Mock.1_95556	40794
H	6170	90	94.4	+	0	0	1436I90M69I	New.ReferenceOTU4 EUK.Mock.1_95556	52258
H	3447	90	93.3	+	0	0	1645I90M66I	New.ReferenceOTU4 EUK.Mock.1_95556	27744
H	854	90	94.4	+	0	0	1605I90M42I	New.ReferenceOTU4 EUK.Mock.1_95556	10764
H	9284	90	95.6	+	0	0	1663I13MI77M67I	New.ReferenceOTU4 EUK.Mock.1_95556	80038
H	4634	90	94.4	+	0	0	1598I90M51I	New.ReferenceOTU5 EUK.Mock.1_105091	38113
L	3242	1862	*	*	*	*	*	25771	*
H	3242	90	94.4	+	0	0	1639I90M133I	New.ReferenceOTU5 EUK.Mock.1_105091	25771
L	1595	1782	*	*	*	*	*	114376	*
H	1595	90	94.4	+	0	0	1626I90M66I	New.ReferenceOTU5 EUK.Mock.1_105091	114376
H	7123	90	94.4	+	0	0	1549I90M12I	New.ReferenceOTU5 EUK.Mock.1_105091	61087
H	3034	90	93.3	+	0	0	1646I90M66I	New.ReferenceOTU5 EUK.Mock.1_105091	24055
H	854	82	96.3	+	0	0	1605I82M50I	New.ReferenceOTU6 EUK.Mock.1_44283	10764
H	4934	82	96.3	+	0	0	1591I82M58I	New.ReferenceOTU6 EUK.Mock.1_44283	40794
H	3447	82	95.1	+	0	0	1645I82M74I	New.ReferenceOTU6 EUK.Mock.1_44283	27744
H	6170	82	95.1	+	0	0	1436I82M77I	New.ReferenceOTU6 EUK.Mock.1_44283	52258
H	9284	82	96.3	+	0	0	1663I13MI69M75I	New.ReferenceOTU6 EUK.Mock.1_44283	80038
H	4934	90	96.7	+	0	0	1591I90M50I	New.ReferenceOTU7 EUK.Mock.1_31821	40794
H	854	90	95.6	+	0	0	1605I90M42I	New.ReferenceOTU7 EUK.Mock.1_31821	10764
H	9284	90	96.7	+	0	0	1663I13MI77M67I	New.ReferenceOTU7 EUK.Mock.1_31821	80038
H	6170	90	95.6	+	0	0	1436I90M69I	New.ReferenceOTU7 EUK.Mock.1_31821	52258
H	3447	90	94.4	+	0	0	1645I90M66I	New.ReferenceOTU7 EUK.Mock.1_31821	27744
H	4934	90	95.6	+	0	0	1591I90M50I	New.ReferenceOTU9 EUK.Mock.1_32036	40794
H	6170	90	94.4	+	0	0	1436I90M69I	New.ReferenceOTU9 EUK.Mock.1_32036	52258
H	854	90	94.4	+	0	0	1605I90M42I	New.ReferenceOTU9 EUK.Mock.1_32036	10764
H	3447	90	93.3	+	0	0	1645I90M66I	New.ReferenceOTU9 EUK.Mock.1_32036	27744
H	3878	90	92.2	+	0	0	1629I52MD37M156I	New.ReferenceOTU9 EUK.Mock.1_32036	31618
H	4634	90	94.4	+	0	0	1598I90M51I	New.CleanUp.ReferenceOTU100 EUK.Mock.1_89206	38113
H	3034	90	93.3	+	0	0	1646I90M66I	New.CleanUp.ReferenceOTU100 EUK.Mock.1_89206	24055
H	7123	90	94.4	+	0	0	1549I90M12I	New.CleanUp.ReferenceOTU100 EUK.Mock.1_89206	61087
H	9246	90	93.3	+	0	0	1549I90M12I	New.CleanUp.ReferenceOTU100 EUK.Mock.1_89206	79610
H	7185	90	93.3	+	0	0	1649I90M69I	New.CleanUp.ReferenceOTU100 EUK.Mock.1_89206	61571
H	3171	90	96.7	+	0	0	1626I90M65I	New.CleanUp.ReferenceOTU1000 EUK.Mock.1_94589	25160
H	8717	90	92.2	+	0	0	1594I47MI16MI27M67I	New.CleanUp.ReferenceOTU1000 EUK.Mock.1_94589	74829
H	7875	90	93.3	+	0	0	1592I45MI19MI26M64I	New.CleanUp.ReferenceOTU1000 EUK.Mock.1_94589	67609
H	2726	90	92.2	+	0	0	1589I45MI20MI25M63I	New.CleanUp.ReferenceOTU1000 EUK.Mock.1_94589	21485
H	7503	90	88.9	+	0	0	1585I90M64I	New.CleanUp.ReferenceOTU1000 EUK.Mock.1_94589	64286
H	7688	90	94.4	+	0	0	1582I90M585I	New.CleanUp.ReferenceOTU1006 EUK.Mock.1_90512	65995
H	8570	90	94.4	+	0	0	1668I90M70I	New.CleanUp.ReferenceOTU1006 EUK.Mock.1_90512	73609
H	564	90	88.9	+	0	0	1679I90M60I	New.CleanUp.ReferenceOTU1006 EUK.Mock.1_90512	105083
L	6400	1838	*	*	*	*	*	54274	*
H	6400	90	85.6	+	0	0	1680I90M68I	New.CleanUp.ReferenceOTU1006 EUK.Mock.1_90512	54274
H	9379	90	88.9	+	0	0	1675I90M35I	New.CleanUp.ReferenceOTU1006 EUK.Mock.1_90512	80767
H	8570	90	95.6	+	0	0	1668I90M70I	New.CleanUp.ReferenceOTU1007 EUK.Mock.1_72627	73609
H	7688	90	95.6	+	0	0	1582I90M585I	New.CleanUp.ReferenceOTU1007 EUK.Mock.1_72627	65995
H	564	90	90.0	+	0	0	1679I90M60I	New.CleanUp.ReferenceOTU1007 EUK.Mock.1_72627	105083
H	9379	90	90.0	+	0	0	1675I90M35I	New.CleanUp.ReferenceOTU1007 EUK.Mock.1_72627	80767
H	6400	90	85.6	+	0	0	1680I90M68I	New.CleanUp.ReferenceOTU1007 EUK.Mock.1_72627	54274
H	8570	84	95.2	+	0	0	1668I84M76I	New.CleanUp.ReferenceOTU101 EUK.Mock.1_103285	73609
H	7688	84	95.2	+	0	0	1582I84M591I	New.CleanUp.ReferenceOTU101 EUK.Mock.1_103285	65995
H	564	84	89.3	+	0	0	1679I84M66I	New.CleanUp.ReferenceOTU101 EUK.Mock.1_103285	105083
L	9760	1742	*	*	*	*	*	8379	*
H	9760	84	90.5	+	0	0	1657I84MI	New.CleanUp.ReferenceOTU101 EUK.Mock.1_103285	8379
L	8790	1750	*	*	*	*	*	75440	*
H	8790	84	89.3	+	0	0	1630I84M36I	New.CleanUp.ReferenceOTU101 EUK.Mock.1_103285	75440
H	4863	90	94.4	+	0	0	1251I90M35I	New.CleanUp.ReferenceOTU1015 EUK.Mock.1_91316	40103
H	7760	90	94.4	+	0	0	1279I90M35I	New.CleanUp.ReferenceOTU1015 EUK.Mock.1_91316	66673
H	3103	90	93.3	+	0	0	1290I90M34I	New.CleanUp.ReferenceOTU1015 EUK.Mock.1_91316	2467
H	10834	90	86.7	+	0	0	1683I90M70I	New.CleanUp.ReferenceOTU1015 EUK.Mock.1_91316	93246
L	10123	1758	*	*	*	*	*	87028	*
H	10123	90	75.6	+	0	0	1622I38MI7M5D10M6D10MI14M55I	New.CleanUp.ReferenceOTU1015 EUK.Mock.1_91316	87028
H	4934	84	96.4	+	0	0	1591I84M56I	New.CleanUp.ReferenceOTU1017 EUK.Mock.1_66172	40794
H	854	84	95.2	+	0	0	1605I84M48I	New.CleanUp.ReferenceOTU1017 EUK.Mock.1_66172	10764
H	6170	84	95.2	+	0	0	1436I84M75I	New.CleanUp.ReferenceOTU1017 EUK.Mock.1_66172	52258
H	3447	84	94.0	+	0	0	1645I84M72I	New.CleanUp.ReferenceOTU1017 EUK.Mock.1_66172	27744
H	3878	84	91.7	+	0	0	1629I54MD29M162I	New.CleanUp.ReferenceOTU1017 EUK.Mock.1_66172	31618
H	854	90	97.8	+	0	0	1605I90M42I	New.CleanUp.ReferenceOTU102 EUK.Mock.1_84368	10764
H	4934	90	96.7	+	0	0	1591I90M50I	New.CleanUp.ReferenceOTU102 EUK.Mock.1_84368	40794
H	6170	90	95.6	+	0	0	1436I90M69I	New.CleanUp.ReferenceOTU102 EUK.Mock.1_84368	52258
H	3447	90	94.4	+	0	0	1645I90M66I	New.CleanUp.ReferenceOTU102 EUK.Mock.1_84368	27744
H	3878	90	93.3	+	0	0	1629I52MD37M156I	New.CleanUp.ReferenceOTU102 EUK.Mock.1_84368	31618
H	854	81	96.3	+	0	0	1605I81M51I	New.CleanUp.ReferenceOTU1027 EUK.Mock.1_47501	10764
H	4934	81	96.3	+	0	0	1591I81M59I	New.CleanUp.ReferenceOTU1027 EUK.Mock.1_47501	40794
H	6170	81	95.1	+	0	0	1436I81M78I	New.CleanUp.ReferenceOTU1027 EUK.Mock.1_47501	52258
H	3447	81	95.1	+	0	0	1645I81M75I	New.CleanUp.ReferenceOTU1027 EUK.Mock.1_47501	27744
H	3878	81	93.8	+	0	0	1629I53MD27M165I	New.CleanUp.ReferenceOTU1027 EUK.Mock.1_47501	31618
H	3878	72	94.4	+	0	0	1629I54MD17M174I	New.CleanUp.ReferenceOTU1039 EUK.Mock.1_67686	31618
H	3447	72	94.4	+	0	0	1645I72M84I	New.CleanUp.ReferenceOTU1039 EUK.Mock.1_67686	27744
H	6170	72	94.4	+	0	0	1436I72M87I	New.CleanUp.ReferenceOTU1039 EUK.Mock.1_67686	52258
H	4934	72	94.4	+	0	0	1591I72M68I	New.CleanUp.ReferenceOTU1039 EUK.Mock.1_67686	40794
H	854	72	94.4	+	0	0	1605I72M60I	New.CleanUp.ReferenceOTU1039 EUK.Mock.1_67686	10764
H	3034	84	96.4	+	0	0	1646I84M72I	New.CleanUp.ReferenceOTU104 EUK.Mock.1_103281	24055
H	4038	84	95.2	+	0	0	1617I84M40I	New.CleanUp.ReferenceOTU104 EUK.Mock.1_103281	3287
H	4634	84	95.2	+	0	0	1598I84M57I	New.CleanUp.ReferenceOTU104 EUK.Mock.1_103281	38113
H	7123	84	95.2	+	0	0	1549I84M18I	New.CleanUp.ReferenceOTU104 EUK.Mock.1_103281	61087
H	7185	84	94.0	+	0	0	1649I84M75I	New.CleanUp.ReferenceOTU104 EUK.Mock.1_103281	61571
H	5135	90	88.9	+	0	0	1633I90M69I	New.CleanUp.ReferenceOTU1040 EUK.Mock.1_66773	4269
L	3531	1780	*	*	*	*	*	28560	*
H	3531	90	86.7	+	0	0	1625I90M65I	New.CleanUp.ReferenceOTU1040 EUK.Mock.1_66773	28560
H	5866	90	86.7	+	0	0	1559I90M55I	New.CleanUp.ReferenceOTU1040 EUK.Mock.1_66773	49307
L	4843	1731	*	*	*	*	*	39901	*
H	4843	90	84.4	+	0	0	1575I90M66I	New.CleanUp.ReferenceOTU1040 EUK.Mock.1_66773	39901
H	5423	90	87.8	+	0	0	1602I90M39I	New.CleanUp.ReferenceOTU1040 EUK.Mock.1_66773	45376
N	*	90	*	*	*	*	*	New.CleanUp.ReferenceOTU1044 EUK.Mock.1_90986	*
H	11182	90	91.1	+	0	0	1644I90M69I	New.CleanUp.ReferenceOTU1047 EUK.Mock.1_35234	96648
H	1905	90	92.2	+	0	0	1590I57MD32M336I	New.CleanUp.ReferenceOTU1047 EUK.Mock.1_35234	14030
H	9735	90	77.8	+	0	0	1642I90M64I	New.CleanUp.ReferenceOTU1047 EUK.Mock.1_35234	83620
H	8357	90	83.3	+	0	0	1629I90M53I	New.CleanUp.ReferenceOTU1047 EUK.Mock.1_35234	71719
L	1377	1766	*	*	*	*	*	112195	*
H	1377	90	84.4	+	0	0	1621I90M55I	New.CleanUp.ReferenceOTU1047 EUK.Mock.1_35234	112195
N	*	90	*	*	*	*	*	New.CleanUp.ReferenceOTU1052 EUK.Mock.1_102839	*
H	8570	90	96.7	+	0	0	1668I90M70I	New.CleanUp.ReferenceOTU1054 EUK.Mock.1_66087	73609
H	7688	90	96.7	+	0	0	1582I90M585I	New.CleanUp.ReferenceOTU1054 EUK.Mock.1_66087	65995
H	564	90	91.1	+	0	0	1679I90M60I	New.CleanUp.ReferenceOTU1054 EUK.Mock.1_66087	105083
H	9379	90	91.1	+	0	0	1675I90M35I	New.CleanUp.ReferenceOTU1054 EUK.Mock.1_66087	80767
H	4314	90	86.7	+	0	0	1647I90M41I	New.CleanUp.ReferenceOTU1054 EUK.Mock.1_66087	354
H	4934	90	87.8	+	0	0	1591I90M50I	New.CleanUp.ReferenceOTU1055 EUK.Mock.1_66081	40794
H	6170	90	86.7	+	0	0	1436I90M69I	New.CleanUp.ReferenceOTU1055 EUK.Mock.1_66081	52258
H	854	90	86.7	+	0	0	1605I90M42I	New.CleanUp.ReferenceOTU1055 EUK.Mock.1_66081	10764
H	3447	90	86.7	+	0	0	1645I90M66I	New.CleanUp.ReferenceOTU1055 EUK.Mock.1_66081	27744
H	3878	90	84.4	+	0	0	1629I54MD35M156I	New.CleanUp.ReferenceOTU1055 EUK.Mock.1_66081	31618
H	88	90	94.4	+	0	0	1111I90M69I	New.CleanUp.ReferenceOTU1063 EUK.Mock.1_6000	10084
H	279	90	93.3	+	0	0	1595I90M32I	New.CleanUp.ReferenceOTU1063 EUK.Mock.1_6000	102447
L	5770	1738	*	*	*	*	*	48184	*
H	5770	90	92.2	+	0	0	1620I90M28I	New.CleanUp.ReferenceOTU1063 EUK.Mock.1_6000	48184
L	1012	1695	*	*	*	*	*	108861	*
H	1012	90	91.1	+	0	0	1569I90M36I	New.CleanUp.ReferenceOTU1063 EUK.Mock.1_6000	108861
L	1782	1753	*	*	*	*	*	12935	*
H	1782	90	91.1	+	0	0	1614I90M49I	New.CleanUp.ReferenceOTU1063 EUK.Mock.1_6000	12935
H	4934	90	96.7	+	0	0	1591I90M50I	New.CleanUp.ReferenceOTU1064 EUK.Mock.1_104743	40794
H	9284	90	96.7	+	0	0	1663I13MI77M67I	New.CleanUp.ReferenceOTU1064 EUK.Mock.1_104743	80038
H	6170	90	95.6	+	0	0	1436I90M69I	New.CleanUp.ReferenceOTU1064 EUK.Mock.1_104743	52258
H	854	90	95.6	+	0	0	1605I90M42I	New.CleanUp.ReferenceOTU1064 EUK.Mock.1_104743	10764
H	3447	90	94.4	+	0	0	1645I90M66I	New.CleanUp.ReferenceOTU1064 EUK.Mock.1_104743	27744
H	8570	79	96.2	+	0	0	1668I79M81I	New.CleanUp.ReferenceOTU1067 EUK.Mock.1_83642	73609
H	7688	79	96.2	+	0	0	1582I79M596I	New.CleanUp.ReferenceOTU1067 EUK.Mock.1_83642	65995
H	564	79	91.1	+	0	0	1679I79M71I	New.CleanUp.ReferenceOTU1067 EUK.Mock.1_83642	105083
H	9379	79	91.1	+	0	0	1675I79M46I	New.CleanUp.ReferenceOTU1067 EUK.Mock.1_83642	80767
H	8790	79	91.1	+	0	0	1630I79M41I	New.CleanUp.ReferenceOTU1067 EUK.Mock.1_83642	75440
H	4934	90	95.6	+	0	0	1591I90M50I	New.CleanUp.ReferenceOTU1071 EUK.Mock.1_95924	40794
H	6170	90	94.4	+	0	0	1436I90M69I	New.CleanUp.ReferenceOTU1071 EUK.Mock.1_95924	52258
H	854	90	94.4	+	0	0	1605I90M42I	New.CleanUp.ReferenceOTU1071 EUK.Mock.1_95924	10764
H	3447	90	93.3	+	0	0	1645I90M66I	New.CleanUp.ReferenceOTU1071 EUK.Mock.1_95924	27744
H	9284	90	95.6	+	0	0	1663I13MI77M67I	New.CleanUp.ReferenceOTU1071 EUK.Mock.1_95924	80038
H	8570	90	96.7	+	0	0	1668I90M70I	New.CleanUp.ReferenceOTU1075 EUK.Mock.1_104580	73609
H	7688	90	96.7	+	0	0	1582I90M585I	New.CleanUp.ReferenceOTU1075 EUK.Mock.1_104580	65995
H	564	90	91.1	+	0	0	1679I90M60I	New.CleanUp.ReferenceOTU1075 EUK.Mock.1_104580	105083
H	9379	90	91.1	+	0	0	1675I90M35I	New.CleanUp.ReferenceOTU1075 EUK.Mock.1_104580	80767
H	4314	90	86.7	+	0	0	1647I90M41I	New.CleanUp.ReferenceOTU1075 EUK.Mock.1_104580	354
H	8570	90	96.7	+	0	0	1668I90M70I	New.CleanUp.ReferenceOTU1083 EUK.Mock.1_101502	73609
H	7688	90	96.7	+	0	0	1582I90M585I	New.CleanUp.ReferenceOTU1083 EUK.Mock.1_101502	65995
H	564	90	93.3	+	0	0	1679I90M60I	New.CleanUp.ReferenceOTU1083 EUK.Mock.1_101502	105083
H	9379	90	91.1	+	0	0	1675I90M35I	New.CleanUp.ReferenceOTU1083 EUK.Mock.1_101502	80767
H	4314	90	88.9	+	0	0	1647I90M41I	New.CleanUp.ReferenceOTU1083 EUK.Mock.1_101502	354
H	1012	90	92.2	+	0	0	1569I90M36I	New.CleanUp.ReferenceOTU1090 EUK.Mock.1_13042	108861
L	882	1754	*	*	*	*	*	107888	*
H	882	90	92.2	+	0	0	1628I90M36I	New.CleanUp.ReferenceOTU1090 EUK.Mock.1_13042	107888
L	10814	1733	*	*	*	*	*	93107	*
H	10814	90	91.1	+	0	0	1605I90M38I	New.CleanUp.ReferenceOTU1090 EUK.Mock.1_13042	93107
H	1782	90	92.2	+	0	0	1614I90M49I	New.CleanUp.ReferenceOTU1090 EUK.Mock.1_13042	12935
H	3527	90	94.4	+	0	0	1659I90M86I	New.CleanUp.ReferenceOTU1090 EUK.Mock.1_13042	28521
H	7090	90	94.4	+	0	0	1644I90M66I	New.CleanUp.ReferenceOTU1097 EUK.Mock.1_62899	60815
H	5284	90	93.3	+	0	0	1572I90M66I	New.CleanUp.ReferenceOTU1097 EUK.Mock.1_62899	44060
L	6762	1749	*	*	*	*	*	57713	*
H	6762	90	93.3	+	0	0	1593I90M66I	New.CleanUp.ReferenceOTU1097 EUK.Mock.1_62899	57713
H	8619	90	93.3	+	0	0	1564I90M59I	New.CleanUp.ReferenceOTU1097 EUK.Mock.1_62899	74011
H	6927	90	93.3	+	0	0	1591I90M66I	New.CleanUp.ReferenceOTU1097 EUK.Mock.1_62899	59398
L	9443	1732	*	*	*	*	*	81305	*
H	9443	86	89.5	+	0	0	1592I86M54I	New.CleanUp.ReferenceOTU1098 EUK.Mock.1_11236	81305
L	1072	1658	*	*	*	*	*	109417	*
H	1072	86	86.0	+	0	0	1560I86M12I	New.CleanUp.ReferenceOTU1098 EUK.Mock.1_11236	109417
H	5866	86	88.4	+	0	0	1559I86M59I	New.CleanUp.ReferenceOTU1098 EUK.Mock.1_11236	49307
H	5135	86	90.7	+	0	0	1633I86M73I	New.CleanUp.ReferenceOTU1098 EUK.Mock.1_11236	4269
L	10983	1666	*	*	*	*	*	94778	*
H	10983	86	86.0	+	0	0	1570I86M10I	New.CleanUp.ReferenceOTU1098 EUK.Mock.1_11236	94778
N	*	90	*	*	*	*	*	New.CleanUp.ReferenceOTU1099 EUK.Mock.1_66794	*
H	4934	80	96.2	+	0	0	1591I80M60I	New.CleanUp.ReferenceOTU1100 EUK.Mock.1_105186	40794
H	3447	80	95.0	+	0	0	1645I80M76I	New.CleanUp.ReferenceOTU1100 EUK.Mock.1_105186	27744
H	6170	80	95.0	+	0	0	1436I80M79I	New.CleanUp.ReferenceOTU1100 EUK.Mock.1_105186	52258
H	854	80	96.2	+	0	0	1605I80M52I	New.CleanUp.ReferenceOTU1100 EUK.Mock.1_105186	10764
H	9284	80	96.2	+	0	0	1663I13MI67M77I	New.CleanUp.ReferenceOTU1100 EUK.Mock.1_105186	80038
H	854	90	96.7	+	0	0	1605I90M42I	New.CleanUp.ReferenceOTU1106 EUK.Mock.1_71395	10764
H	4934	90	95.6	+	0	0	1591I90M50I	New.CleanUp.ReferenceOTU1106 EUK.Mock.1_71395	40794
H	6170	90	94.4	+	0	0	1436I90M69I	New.CleanUp.ReferenceOTU1106 EUK.Mock.1_71395	52258
H	3447	90	93.3	+	0	0	1645I90M66I	New.CleanUp.ReferenceOTU1106 EUK.Mock.1_71395	27744
H	10646	90	92.2	+	0	0	1646I90M41I	New.CleanUp.ReferenceOTU1106 EUK.Mock.1_71395	91684
N	*	90	*	*	*	*	*	New.CleanUp.ReferenceOTU1114 EUK.Mock.1_108829	*
H	4934	90	96.7	+	0	0	1591I90M50I	New.CleanUp.ReferenceOTU1116 EUK.Mock.1_108040	40794
H	9284	90	96.7	+	0	0	1663I13MI77M67I	New.CleanUp.ReferenceOTU1116 EUK.Mock.1_108040	80038
H	6170	90	95.6	+	0	0	1436I90M69I	New.CleanUp.ReferenceOTU1116 EUK.Mock.1_108040	52258
H	854	90	95.6	+	0	0	1605I90M42I	New.CleanUp.ReferenceOTU1116 EUK.Mock.1_108040	10764
H	3447	90	94.4	+	0	0	1645I90M66I	New.CleanUp.ReferenceOTU1116 EUK.Mock.1_108040	27744
H	5135	90	91.1	+	0	0	1633I90M69I	New.CleanUp.ReferenceOTU1121 EUK.Mock.1_101475	4269
H	5866	90	88.9	+	0	0	1559I90M55I	New.CleanUp.ReferenceOTU1121 EUK.Mock.1_101475	49307
H	8635	90	88.9	+	0	0	1644I90M55I	New.CleanUp.ReferenceOTU1121 EUK.Mock.1_101475	74171
L	5437	1780	*	*	*	*	*	45474	*
H	5437	90	87.8	+	0	0	1634I90M56I	New.CleanUp.ReferenceOTU1121 EUK.Mock.1_101475	45474
H	2906	90	88.9	+	0	0	1573I90M50I	New.CleanUp.ReferenceOTU1121 EUK.Mock.1_101475	23075
H	8570	90	95.6	+	0	0	1668I90M70I	New.CleanUp.ReferenceOTU1129 EUK.Mock.1_88337	73609
H	7688	90	95.6	+	0	0	1582I90M585I	New.CleanUp.ReferenceOTU1129 EUK.Mock.1_88337	65995
H	564	90	90.0	+	0	0	1679I90M60I	New.CleanUp.ReferenceOTU1129 EUK.Mock.1_88337	105083
H	6400	90	86.7	+	0	0	1680I90M68I	New.CleanUp.ReferenceOTU1129 EUK.Mock.1_88337	54274
H	9760	90	86.7	+	0	0	1657I85M5D	New.CleanUp.ReferenceOTU1129 EUK.Mock.1_88337	8379
H	88	90	95.6	+	0	0	1111I90M69I	New.CleanUp.ReferenceOTU1131 EUK.Mock.1_87572	10084
H	279	90	94.4	+	0	0	1595I90M32I	New.CleanUp.ReferenceOTU1131 EUK.Mock.1_87572	102447
H	4197	90	94.4	+	0	0	1637I90M64I	New.CleanUp.ReferenceOTU1131 EUK.Mock.1_87572	34288
H	1012	90	92.2	+	0	0	1569I90M36I	New.CleanUp.ReferenceOTU1131 EUK.Mock.1_87572	108861
H	882	90	92.2	+	0	0	1628I90M36I	New.CleanUp.ReferenceOTU1131 EUK.Mock.1_87572	107888
H	4934	90	96.7	+	0	0	1591I90M50I	New.CleanUp.ReferenceOTU1133 EUK.Mock.1_10414	40794
H	854	90	95.6	+	0	0	1605I90M42I	New.CleanUp.ReferenceOTU1133 EUK.Mock.1_10414	10764
H	9284	90	96.7	+	0	0	1663I13MI77M67I	New.CleanUp.ReferenceOTU1133 EUK.Mock.1_10414	80038
H	6170	90	95.6	+	0	0	1436I90M69I	New.CleanUp.ReferenceOTU1133 EUK.Mock.1_10414	52258
H	3447	90	94.4	+	0	0	1645I90M66I	New.CleanUp.ReferenceOTU1133 EUK.Mock.1_10414	27744
H	3171	90	96.7	+	0	0	1626I90M65I	New.CleanUp.ReferenceOTU1139 EUK.Mock.1_67827	25160
H	8717	90	92.2	+	0	0	1594I47MI16MI27M67I	New.CleanUp.ReferenceOTU1139 EUK.Mock.1_67827	74829
H	7875	90	93.3	+	0	0	1592I45MI19MI26M64I	New.CleanUp.ReferenceOTU1139 EUK.Mock.1_67827	67609
L	2035	1727	*	*	*	*	*	15189	*
H	2035	90	91.1	+	0	0	1595I47MI16MI27M40I	New.CleanUp.ReferenceOTU1139 EUK.Mock.1_67827	15189
H	2726	90	92.2	+	0	0	1589I45MI20MI25M63I	New.CleanUp.ReferenceOTU1139 EUK.Mock.1_67827	21485
H	5135	90	88.9	+	0	0	1633I90M69I	New.CleanUp.ReferenceOTU1143 EUK.Mock.1_14098	4269
H	5866	90	86.7	+	0	0	1559I90M55I	New.CleanUp.ReferenceOTU1143 EUK.Mock.1_14098	49307
H	5423	90	87.8	+	0	0	1602I90M39I	New.CleanUp.ReferenceOTU1143 EUK.Mock.1_14098	45376
H	8635	90	86.7	+	0	0	1644I90M55I	New.CleanUp.ReferenceOTU1143 EUK.Mock.1_14098	74171
H	2906	90	85.6	+	0	0	1573I90M50I	New.CleanUp.ReferenceOTU1143 EUK.Mock.1_14098	23075
H	7688	90	96.7	+	0	0	1582I90M585I	New.CleanUp.ReferenceOTU1144 EUK.Mock.1_105767	65995
H	8570	90	96.7	+	0	0	1668I90M70I	New.CleanUp.ReferenceOTU1144 EUK.Mock.1_105767	73609
H	9379	90	91.1	+	0	0	1675I90M35I	New.CleanUp.ReferenceOTU1144 EUK.Mock.1_105767	80767
H	4314	90	88.9	+	0	0	1647I90M41I	New.CleanUp.ReferenceOTU1144 EUK.Mock.1_105767	354
H	6400	90	87.8	+	0	0	1680I90M68I	New.CleanUp.ReferenceOTU1144 EUK.Mock.1_105767	54274
H	88	90	96.7	+	0	0	1111I90M69I	New.CleanUp.ReferenceOTU1145 EUK.Mock.1_76937	10084
H	4197	90	95.6	+	0	0	1637I90M64I	New.CleanUp.ReferenceOTU1145 EUK.Mock.1_76937	34288
H	279	90	95.6	+	0	0	1595I90M32I	New.CleanUp.ReferenceOTU1145 EUK.Mock.1_76937	102447
H	818	90	92.2	+	0	0	1947I87M3D	New.CleanUp.ReferenceOTU1145 EUK.Mock.1_76937	107387
L	4318	2073	*	*	*	*	*	35477	*
H	4318	90	87.8	+	0	0	1987I86M4D	New.CleanUp.ReferenceOTU1145 EUK.Mock.1_76937	35477
N	*	90	*	*	*	*	*	New.CleanUp.ReferenceOTU1146 EUK.Mock.1_45457	*
H	4934	90	96.7	+	0	0	1591I90M50I	New.CleanUp.ReferenceOTU1147 EUK.Mock.1_92186	40794
H	6170	90	95.6	+	0	0	1436I90M69I	New.CleanUp.ReferenceOTU1147 EUK.Mock.1_92186	52258
H	9284	90	96.7	+	0	0	1663I13MI77M67I	New.CleanUp.ReferenceOTU1147 EUK.Mock.1_92186	80038
H	3447	90	94.4	+	0	0	1645I90M66I	New.CleanUp.ReferenceOTU1147 EUK.Mock.1_92186	27744
H	854	90	95.6	+	0	0	1605I90M42I	New.CleanUp.ReferenceOTU1147 EUK.Mock.1_92186	10764
H	88	90	96.7	+	0	0	1111I90M69I	New.CleanUp.ReferenceOTU1151 EUK.Mock.1_73899	10084
H	4197	90	95.6	+	0	0	1637I90M64I	New.CleanUp.ReferenceOTU1151 EUK.Mock.1_73899	34288
H	279	90	95.6	+	0	0	1595I90M32I	New.CleanUp.ReferenceOTU1151 EUK.Mock.1_73899	102447
H	818	90	92.2	+	0	0	1947I87M3D	New.CleanUp.ReferenceOTU1151 EUK.Mock.1_73899	107387
H	6339	90	94.4	+	0	0	2364I90M500I	New.CleanUp.ReferenceOTU1151 EUK.Mock.1_73899	53760
H	4934	90	96.7	+	0	0	1591I90M50I	New.CleanUp.ReferenceOTU1152 EUK.Mock.1_28249	40794
H	9284	90	96.7	+	0	0	1663I13MI77M67I	New.CleanUp.ReferenceOTU1152 EUK.Mock.1_28249	80038
H	6170	90	95.6	+	0	0	1436I90M69I	New.CleanUp.ReferenceOTU1152 EUK.Mock.1_28249	52258
H	854	90	95.6	+	0	0	1605I90M42I	New.CleanUp.ReferenceOTU1152 EUK.Mock.1_28249	10764
H	3447	90	94.4	+	0	0	1645I90M66I	New.CleanUp.ReferenceOTU1152 EUK.Mock.1_28249	27744
H	8570	90	93.3	+	0	0	1668I90M70I	New.CleanUp.ReferenceOTU1157 EUK.Mock.1_93886	73609
H	7688	90	93.3	+	0	0	1582I90M585I	New.CleanUp.ReferenceOTU1157 EUK.Mock.1_93886	65995
H	564	90	87.8	+	0	0	1679I90M60I	New.CleanUp.ReferenceOTU1157 EUK.Mock.1_93886	105083
H	6400	90	84.4	+	0	0	1680I90M68I	New.CleanUp.ReferenceOTU1157 EUK.Mock.1_93886	54274
H	9379	90	87.8	+	0	0	1675I90M35I	New.CleanUp.ReferenceOTU1157 EUK.Mock.1_93886	80767
H	4934	90	96.7	+	0	0	1591I90M50I	New.CleanUp.ReferenceOTU1163 EUK.Mock.1_67915	40794
H	9284	90	96.7	+	0	0	1663I13MI77M67I	New.CleanUp.ReferenceOTU1163 EUK.Mock.1_67915	80038
H	6170	90	95.6	+	0	0	1436I90M69I	New.CleanUp.ReferenceOTU1163 EUK.Mock.1_67915	52258
H	854	90	95.6	+	0	0	1605I90M42I	New.CleanUp.ReferenceOTU1163 EUK.Mock.1_67915	10764
H	3447	90	94.4	+	0	0	1645I90M66I	New.CleanUp.ReferenceOTU1163 EUK.Mock.1_67915	27744
H	8570	90	96.7	+	0	0	1668I90M70I	New.CleanUp.ReferenceOTU1165 EUK.Mock.1_11584	73609
H	7688	90	96.7	+	0	0	1582I90M585I	New.CleanUp.ReferenceOTU1165 EUK.Mock.1_11584	65995
H	9760	90	86.7	+	0	0	1657I85M5D	New.CleanUp.ReferenceOTU1165 EUK.Mock.1_11584	8379
H	564	90	91.1	+	0	0	1679I90M60I	New.CleanUp.ReferenceOTU1165 EUK.Mock.1_11584	105083
H	4314	90	86.7	+	0	0	1647I90M41I	New.CleanUp.ReferenceOTU1165 EUK.Mock.1_11584	354
H	8570	90	95.6	+	0	0	1668I90M70I	New.CleanUp.ReferenceOTU1167 EUK.Mock.1_101251	73609
H	7688	90	95.6	+	0	0	1582I90M585I	New.CleanUp.ReferenceOTU1167 EUK.Mock.1_101251	65995
H	564	90	90.0	+	0	0	1679I90M60I	New.CleanUp.ReferenceOTU1167 EUK.Mock.1_101251	105083
H	9379	90	90.0	+	0	0	1675I90M35I	New.CleanUp.ReferenceOTU1167 EUK.Mock.1_101251	80767
H	6400	90	86.7	+	0	0	1680I90M68I	New.CleanUp.ReferenceOTU1167 EUK.Mock.1_101251	54274
H	4634	90	94.4	+	0	0	1598I90M51I	New.CleanUp.ReferenceOTU1168 EUK.Mock.1_44296	38113
H	7123	90	94.4	+	0	0	1549I90M12I	New.CleanUp.ReferenceOTU1168 EUK.Mock.1_44296	61087
H	1595	90	93.3	+	0	0	1626I90M66I	New.CleanUp.ReferenceOTU1168 EUK.Mock.1_44296	114376
H	3242	90	93.3	+	0	0	1639I90M133I	New.CleanUp.ReferenceOTU1168 EUK.Mock.1_44296	25771
H	3034	90	93.3	+	0	0	1646I90M66I	New.CleanUp.ReferenceOTU1168 EUK.Mock.1_44296	24055
H	6170	70	95.7	+	0	0	1436I70M89I	New.CleanUp.ReferenceOTU1171 EUK.Mock.1_24180	52258
H	3447	70	95.7	+	0	0	1645I70M86I	New.CleanUp.ReferenceOTU1171 EUK.Mock.1_24180	27744
H	854	70	95.7	+	0	0	1605I70M62I	New.CleanUp.ReferenceOTU1171 EUK.Mock.1_24180	10764
H	4934	70	95.7	+	0	0	1591I70M70I	New.CleanUp.ReferenceOTU1171 EUK.Mock.1_24180	40794
H	3878	70	94.3	+	0	0	1629I54MD15M176I	New.CleanUp.ReferenceOTU1171 EUK.Mock.1_24180	31618
H	88	90	96.7	+	0	0	1111I90M69I	New.CleanUp.ReferenceOTU1174 EUK.Mock.1_106668	10084
H	4197	90	95.6	+	0	0	1637I90M64I	New.CleanUp.ReferenceOTU1174 EUK.Mock.1_106668	34288
H	279	90	95.6	+	0	0	1595I90M32I	New.CleanUp.ReferenceOTU1174 EUK.Mock.1_106668	102447
H	818	90	92.2	+	0	0	1947I87M3D	New.CleanUp.ReferenceOTU1174 EUK.Mock.1_106668	107387
H	6339	90	94.4	+	0	0	2364I90M500I	New.CleanUp.ReferenceOTU1174 EUK.Mock.1_106668	53760
H	4634	90	94.4	+	0	0	1598I90M51I	New.CleanUp.ReferenceOTU1191 EUK.Mock.1_87747	38113
H	7123	90	94.4	+	0	0	1549I90M12I	New.CleanUp.ReferenceOTU1191 EUK.Mock.1_87747	61087
H	7185	90	93.3	+	0	0	1649I90M69I	New.CleanUp.ReferenceOTU1191 EUK.Mock.1_87747	61571
H	3034	90	93.3	+	0	0	1646I90M66I	New.CleanUp.ReferenceOTU1191 EUK.Mock.1_87747	24055
H	4038	90	91.1	+	0	0	1617I90M34I	New.CleanUp.ReferenceOTU1191 EUK.Mock.1_87747	3287
H	8570	90	95.6	+	0	0	1668I90M70I	New.CleanUp.ReferenceOTU1192 EUK.Mock.1_50100	73609
H	7688	90	95.6	+	0	0	1582I90M585I	New.CleanUp.ReferenceOTU1192 EUK.Mock.1_50100	65995
H	564	90	90.0	+	0	0	1679I90M60I	New.CleanUp.ReferenceOTU1192 EUK.Mock.1_50100	105083
H	6400	90	86.7	+	0	0	1680I90M68I	New.CleanUp.ReferenceOTU1192 EUK.Mock.1_50100	54274
H	9379	90	90.0	+	0	0	1675I90M35I	New.CleanUp.ReferenceOTU1192 EUK.Mock.1_50100	80767
N	*	90	*	*	*	*	*	New.CleanUp.ReferenceOTU1194 EUK.Mock.1_24233	*
H	7688	90	93.3	+	0	0	1582I90M585I	New.CleanUp.ReferenceOTU1205 EUK.Mock.1_1488	65995
H	8570	90	93.3	+	0	0	1668I90M70I	New.CleanUp.ReferenceOTU1205 EUK.Mock.1_1488	73609
H	564	90	87.8	+	0	0	1679I90M60I	New.CleanUp.ReferenceOTU1205 EUK.Mock.1_1488	105083
H	9379	90	87.8	+	0	0	1675I90M35I	New.CleanUp.ReferenceOTU1205 EUK.Mock.1_1488	80767
L	137	1757	*	*	*	*	*	101249	*
H	137	90	85.6	+	0	0	1635I90M32I	New.CleanUp.ReferenceOTU1205 EUK.Mock.1_1488	101249
H	7090	90	94.4	+	0	0	1644I90M66I	New.CleanUp.ReferenceOTU1208 EUK.Mock.1_4840	60815
H	8754	90	91.1	+	0	0	1646I90M67I	New.CleanUp.ReferenceOTU1208 EUK.Mock.1_4840	75157
L	10977	1701	*	*	*	*	*	94743	*
H	10977	90	91.1	+	0	0	1588I90M23I	New.CleanUp.ReferenceOTU1208 EUK.Mock.1_4840	94743
L	11512	1561	*	*	*	*	*	99446	*
H	11512	90	90.0	+	0	0	1406I90M65I	New.CleanUp.ReferenceOTU1208 EUK.Mock.1_4840	99446
H	8619	90	91.1	+	0	0	1564I90M59I	New.CleanUp.ReferenceOTU1208 EUK.Mock.1_4840	74011
H	7760	90	96.7	+	0	0	1279I90M35I	New.CleanUp.ReferenceOTU1209 EUK.Mock.1_99242	66673
H	4863	90	96.7	+	0	0	1251I90M35I	New.CleanUp.ReferenceOTU1209 EUK.Mock.1_99242	40103
H	3103	90	95.6	+	0	0	1290I90M34I	New.CleanUp.ReferenceOTU1209 EUK.Mock.1_99242	2467
H	10834	90	87.8	+	0	0	1683I90M70I	New.CleanUp.ReferenceOTU1209 EUK.Mock.1_99242	93246
L	9259	1771	*	*	*	*	*	79808	*
H	9259	90	78.9	+	0	0	1639I62MD27M43I	New.CleanUp.ReferenceOTU1209 EUK.Mock.1_99242	79808
N	*	90	*	*	*	*	*	New.CleanUp.ReferenceOTU121 EUK.Mock.1_97821	*
H	3171	90	96.7	+	0	0	1626I90M65I	New.CleanUp.ReferenceOTU1213 EUK.Mock.1_107622	25160
H	8717	90	92.2	+	0	0	1594I47MI16MI27M67I	New.CleanUp.ReferenceOTU1213 EUK.Mock.1_107622	74829
H	7875	90	93.3	+	0	0	1592I45MI19MI26M64I	New.CleanUp.ReferenceOTU1213 EUK.Mock.1_107622	67609
H	2726	90	92.2	+	0	0	1589I45MI20MI25M63I	New.CleanUp.ReferenceOTU1213 EUK.Mock.1_107622	21485
H	7503	90	88.9	+	0	0	1585I90M64I	New.CleanUp.ReferenceOTU1213 EUK.Mock.1_107622	64286
H	854	90	97.8	+	0	0	1605I90M42I	New.CleanUp.ReferenceOTU1218 EUK.Mock.1_96589	10764
H	4934	90	96.7	+	0	0	1591I90M50I	New.CleanUp.ReferenceOTU1218 EUK.Mock.1_96589	40794
H	3447	90	94.4	+	0	0	1645I90M66I	New.CleanUp.ReferenceOTU1218 EUK.Mock.1_96589	27744
H	6170	90	95.6	+	0	0	1436I90M69I	New.CleanUp.ReferenceOTU1218 EUK.Mock.1_96589	52258
H	3878	90	92.2	+	0	0	1629I50MD39M156I	New.CleanUp.ReferenceOTU1218 EUK.Mock.1_96589	31618
H	3034	90	94.4	+	0	0	1646I90M66I	New.CleanUp.ReferenceOTU1226 EUK.Mock.1_18837	24055
H	7123	90	94.4	+	0	0	1549I90M12I	New.CleanUp.ReferenceOTU1226 EUK.Mock.1_18837	61087
H	4038	90	92.2	+	0	0	1617I90M34I	New.CleanUp.ReferenceOTU1226 EUK.Mock.1_18837	3287
H	4634	90	94.4	+	0	0	1598I90M51I	New.CleanUp.ReferenceOTU1226 EUK.Mock.1_18837	38113
H	7185	90	93.3	+	0	0	1649I90M69I	New.CleanUp.ReferenceOTU1226 EUK.Mock.1_18837	61571
N	*	90	*	*	*	*	*	New.CleanUp.ReferenceOTU1228 EUK.Mock.1_1868	*
H	8570	90	95.6	+	0	0	1668I90M70I	New.CleanUp.ReferenceOTU123 EUK.Mock.1_92943	73609
H	7688	90	95.6	+	0	0	1582I90M585I	New.CleanUp.ReferenceOTU123 EUK.Mock.1_92943	65995
H	8790	90	91.1	+	0	0	1630I90M30I	New.CleanUp.ReferenceOTU123 EUK.Mock.1_92943	75440
H	9760	90	86.7	+	0	0	1657I85M5D	New.CleanUp.ReferenceOTU123 EUK.Mock.1_92943	8379
H	564	90	90.0	+	0	0	1679I90M60I	New.CleanUp.ReferenceOTU123 EUK.Mock.1_92943	105083
N	*	86	*	*	*	*	*	New.CleanUp.ReferenceOTU1231 EUK.Mock.1_104047	*
H	854	82	96.3	+	0	0	1605I82M50I	New.CleanUp.ReferenceOTU1232 EUK.Mock.1_24528	10764
H	4934	82	96.3	+	0	0	1591I82M58I	New.CleanUp.ReferenceOTU1232 EUK.Mock.1_24528	40794
H	6170	82	95.1	+	0	0	1436I82M77I	New.CleanUp.ReferenceOTU1232 EUK.Mock.1_24528	52258
H	3447	82	95.1	+	0	0	1645I82M74I	New.CleanUp.ReferenceOTU1232 EUK.Mock.1_24528	27744
H	9284	82	96.3	+	0	0	1663I13MI69M75I	New.CleanUp.ReferenceOTU1232 EUK.Mock.1_24528	80038
H	88	90	96.7	+	0	0	1111I90M69I	New.CleanUp.ReferenceOTU1233 EUK.Mock.1_97188	10084
H	279	90	95.6	+	0	0	1595I90M32I	New.CleanUp.ReferenceOTU1233 EUK.Mock.1_97188	102447
L	1145	2264	*	*	*	*	*	110220	*
H	1145	90	95.6	+	0	0	1607I90M567I	New.CleanUp.ReferenceOTU1233 EUK.Mock.1_97188	110220
H	4197	90	95.6	+	0	0	1637I90M64I	New.CleanUp.ReferenceOTU1233 EUK.Mock.1_97188	34288
H	818	90	93.3	+	0	0	1947I87M3D	New.CleanUp.ReferenceOTU1233 EUK.Mock.1_97188	107387
H	88	90	95.6	+	0	0	1111I90M69I	New.CleanUp.ReferenceOTU1240 EUK.Mock.1_23744	10084
H	7090	90	94.4	+	0	0	1644I90M66I	New.CleanUp.ReferenceOTU1240 EUK.Mock.1_23744	60815
L	3439	1745	*	*	*	*	*	27643	*
H	3439	90	94.4	+	0	0	1600I90M55I	New.CleanUp.ReferenceOTU1240 EUK.Mock.1_23744	27643
H	8817	90	96.7	+	0	0	1616I63MI16MI11M33I	New.CleanUp.ReferenceOTU1240 EUK.Mock.1_23744	75599
L	302	1789	*	*	*	*	*	102699	*
H	302	90	92.2	+	0	0	1645I90M54I	New.CleanUp.ReferenceOTU1240 EUK.Mock.1_23744	102699
H	4934	90	93.3	+	0	0	1591I90M50I	New.CleanUp.ReferenceOTU1242 EUK.Mock.1_76434	40794
H	9284	90	93.3	+	0	0	1663I13MI77M67I	New.CleanUp.ReferenceOTU1242 EUK.Mock.1_76434	80038
H	6170	90	92.2	+	0	0	1436I90M69I	New.CleanUp.ReferenceOTU1242 EUK.Mock.1_76434	52258
H	854	90	92.2	+	0	0	1605I90M42I	New.CleanUp.ReferenceOTU1242 EUK.Mock.1_76434	10764
L	217	1799	*	*	*	*	*	102041	*
H	217	90	78.9	+	0	0	1644I90M65I	New.CleanUp.ReferenceOTU1242 EUK.Mock.1_76434	102041
H	4934	90	95.6	+	0	0	1591I90M50I	New.CleanUp.ReferenceOTU1243 EUK.Mock.1_66957	40794
H	6170	90	94.4	+	0	0	1436I90M69I	New.CleanUp.ReferenceOTU1243 EUK.Mock.1_66957	52258
H	854	90	94.4	+	0	0	1605I90M42I	New.CleanUp.ReferenceOTU1243 EUK.Mock.1_66957	10764
H	3447	90	93.3	+	0	0	1645I90M66I	New.CleanUp.ReferenceOTU1243 EUK.Mock.1_66957	27744
H	9284	90	95.6	+	0	0	1663I13MI77M67I	New.CleanUp.ReferenceOTU1243 EUK.Mock.1_66957	80038
H	8635	86	91.9	+	0	0	1644I86M59I	New.CleanUp.ReferenceOTU1245 EUK.Mock.1_106337	74171
H	2906	86	88.4	+	0	0	1573I86M54I	New.CleanUp.ReferenceOTU1245 EUK.Mock.1_106337	23075
H	5866	86	89.5	+	0	0	1559I86M59I	New.CleanUp.ReferenceOTU1245 EUK.Mock.1_106337	49307
H	5135	86	91.9	+	0	0	1633I86M73I	New.CleanUp.ReferenceOTU1245 EUK.Mock.1_106337	4269
L	4099	1681	*	*	*	*	*	33523	*
H	4099	86	88.4	+	0	0	1596I85MD	New.CleanUp.ReferenceOTU1245 EUK.Mock.1_106337	33523
H	8570	90	95.6	+	0	0	1668I90M70I	New.CleanUp.ReferenceOTU1247 EUK.Mock.1_80914	73609
H	7688	90	95.6	+	0	0	1582I90M585I	New.CleanUp.ReferenceOTU1247 EUK.Mock.1_80914	65995
H	564	90	90.0	+	0	0	1679I90M60I	New.CleanUp.ReferenceOTU1247 EUK.Mock.1_80914	105083
H	6400	90	86.7	+	0	0	1680I90M68I	New.CleanUp.ReferenceOTU1247 EUK.Mock.1_80914	54274
H	8790	90	88.9	+	0	0	1630I90M30I	New.CleanUp.ReferenceOTU1247 EUK.Mock.1_80914	75440
N	*	90	*	*	*	*	*	New.CleanUp.ReferenceOTU1257 EUK.Mock.1_70721	*
N	*	90	*	*	*	*	*	New.CleanUp.ReferenceOTU1261 EUK.Mock.1_105881	*
N	*	90	*	*	*	*	*	New.CleanUp.ReferenceOTU1263 EUK.Mock.1_40511	*
H	9506	90	90.0	+	0	0	1632I90M75I	New.CleanUp.ReferenceOTU1265 EUK.Mock.1_85589	81821
H	11256	90	90.0	+	0	0	1391I90M72I	New.CleanUp.ReferenceOTU1265 EUK.Mock.1_85589	97289
L	10043	2387	*	*	*	*	*	86241	*
H	10043	90	70.0	+	0	0	1608I36M2D25MD26M692I	New.CleanUp.ReferenceOTU1265 EUK.Mock.1_85589	86241
N	*	90	*	*	*	*	*	New.CleanUp.ReferenceOTU1268 EUK.Mock.1_103559	*
H	2499	90	85.6	+	0	0	1638I90M63I	New.CleanUp.ReferenceOTU1270 EUK.Mock.1_12932	19455
H	11182	90	86.7	+	0	0	1644I90M69I	New.CleanUp.ReferenceOTU1270 EUK.Mock.1_12932	96648
H	3680	90	81.1	+	0	0	1565I90M56I	New.CleanUp.ReferenceOTU1270 EUK.Mock.1_12932	29971
H	1905	90	87.8	+	0	0	1590I58MD31M336I	New.CleanUp.ReferenceOTU1270 EUK.Mock.1_12932	14030
H	1377	90	82.2	+	0	0	1621I90M55I	New.CleanUp.ReferenceOTU1270 EUK.Mock.1_12932	112195
H	8570	90	88.9	+	0	0	1668I90M70I	New.CleanUp.ReferenceOTU1272 EUK.Mock.1_58602	73609
H	7688	90	88.9	+	0	0	1582I90M585I	New.CleanUp.ReferenceOTU1272 EUK.Mock.1_58602	65995
H	564	90	84.4	+	0	0	1679I90M60I	New.CleanUp.ReferenceOTU1272 EUK.Mock.1_58602	105083
H	8790	90	82.2	+	0	0	1630I90M30I	New.CleanUp.ReferenceOTU1272 EUK.Mock.1_58602	75440
H	6400	90	80.0	+	0	0	1680I90M68I	New.CleanUp.ReferenceOTU1272 EUK.Mock.1_58602	54274
H	7688	90	96.7	+	0	0	1582I90M585I	New.CleanUp.ReferenceOTU1273 EUK.Mock.1_72384	65995
H	8570	90	96.7	+	0	0	1668I90M70I	New.CleanUp.ReferenceOTU1273 EUK.Mock.1_72384	73609
H	564	90	91.1	+	0	0	1679I90M60I	New.CleanUp.ReferenceOTU1273 EUK.Mock.1_72384	105083
H	9379	90	91.1	+	0	0	1675I90M35I	New.CleanUp.ReferenceOTU1273 EUK.Mock.1_72384	80767
H	4314	90	86.7	+	0	0	1647I90M41I	New.CleanUp.ReferenceOTU1273 EUK.Mock.1_72384	354
H	4934	90	96.7	+	0	0	1591I90M50I	New.CleanUp.ReferenceOTU1277 EUK.Mock.1_67211	40794
H	9284	90	96.7	+	0	0	1663I13MI77M67I	New.CleanUp.ReferenceOTU1277 EUK.Mock.1_67211	80038
H	6170	90	95.6	+	0	0	1436I90M69I	New.CleanUp.ReferenceOTU1277 EUK.Mock.1_67211	52258
H	854	90	95.6	+	0	0	1605I90M42I	New.CleanUp.ReferenceOTU1277 EUK.Mock.1_67211	10764
H	3447	90	94.4	+	0	0	1645I90M66I	New.CleanUp.ReferenceOTU1277 EUK.Mock.1_67211	27744
H	4934	78	96.2	+	0	0	1591I78M62I	New.CleanUp.ReferenceOTU1278 EUK.Mock.1_72389	40794
H	854	78	96.2	+	0	0	1605I78M54I	New.CleanUp.ReferenceOTU1278 EUK.Mock.1_72389	10764
H	3447	78	96.2	+	0	0	1645I78M78I	New.CleanUp.ReferenceOTU1278 EUK.Mock.1_72389	27744
H	6170	78	96.2	+	0	0	1436I78M81I	New.CleanUp.ReferenceOTU1278 EUK.Mock.1_72389	52258
H	3878	78	94.9	+	0	0	1629I52MD25M168I	New.CleanUp.ReferenceOTU1278 EUK.Mock.1_72389	31618
H	7688	90	94.4	+	0	0	1582I90M585I	New.CleanUp.ReferenceOTU1280 EUK.Mock.1_80777	65995
H	8570	90	94.4	+	0	0	1668I90M70I	New.CleanUp.ReferenceOTU1280 EUK.Mock.1_80777	73609
H	564	90	88.9	+	0	0	1679I90M60I	New.CleanUp.ReferenceOTU1280 EUK.Mock.1_80777	105083
H	4314	90	84.4	+	0	0	1647I90M41I	New.CleanUp.ReferenceOTU1280 EUK.Mock.1_80777	354
H	9379	90	88.9	+	0	0	1675I90M35I	New.CleanUp.ReferenceOTU1280 EUK.Mock.1_80777	80767
H	88	90	96.7	+	0	0	1111I90M69I	New.CleanUp.ReferenceOTU1282 EUK.Mock.1_102716	10084
H	279	90	95.6	+	0	0	1595I90M32I	New.CleanUp.ReferenceOTU1282 EUK.Mock.1_102716	102447
H	3527	90	95.6	+	0	0	1659I90M86I	New.CleanUp.ReferenceOTU1282 EUK.Mock.1_102716	28521
H	6339	90	95.6	+	0	0	2364I90M500I	New.CleanUp.ReferenceOTU1282 EUK.Mock.1_102716	53760
H	4197	90	95.6	+	0	0	1637I90M64I	New.CleanUp.ReferenceOTU1282 EUK.Mock.1_102716	34288
H	7688	90	96.7	+	0	0	1582I90M585I	New.CleanUp.ReferenceOTU1284 EUK.Mock.1_38239	65995
H	8570	90	96.7	+	0	0	1668I90M70I	New.CleanUp.ReferenceOTU1284 EUK.Mock.1_38239	73609
H	564	90	91.1	+	0	0	1679I90M60I	New.CleanUp.ReferenceOTU1284 EUK.Mock.1_38239	105083
H	9379	90	91.1	+	0	0	1675I90M35I	New.CleanUp.ReferenceOTU1284 EUK.Mock.1_38239	80767
H	6400	90	86.7	+	0	0	1680I90M68I	New.CleanUp.ReferenceOTU1284 EUK.Mock.1_38239	54274
H	7688	90	95.6	+	0	0	1582I90M585I	New.CleanUp.ReferenceOTU1285 EUK.Mock.1_66228	65995
H	8570	90	95.6	+	0	0	1668I90M70I	New.CleanUp.ReferenceOTU1285 EUK.Mock.1_66228	73609
H	564	90	90.0	+	0	0	1679I90M60I	New.CleanUp.ReferenceOTU1285 EUK.Mock.1_66228	105083
H	9379	90	90.0	+	0	0	1675I90M35I	New.CleanUp.ReferenceOTU1285 EUK.Mock.1_66228	80767
H	6400	90	86.7	+	0	0	1680I90M68I	New.CleanUp.ReferenceOTU1285 EUK.Mock.1_66228	54274
H	4934	90	96.7	+	0	0	1591I90M50I	New.CleanUp.ReferenceOTU1289 EUK.Mock.1_14881	40794
H	854	90	95.6	+	0	0	1605I90M42I	New.CleanUp.ReferenceOTU1289 EUK.Mock.1_14881	10764
H	3447	90	94.4	+	0	0	1645I90M66I	New.CleanUp.ReferenceOTU1289 EUK.Mock.1_14881	27744
H	6170	90	95.6	+	0	0	1436I90M69I	New.CleanUp.ReferenceOTU1289 EUK.Mock.1_14881	52258
H	9284	90	96.7	+	0	0	1663I13MI77M67I	New.CleanUp.ReferenceOTU1289 EUK.Mock.1_14881	80038
H	4934	83	96.4	+	0	0	1591I83M57I	New.CleanUp.ReferenceOTU129 EUK.Mock.1_100009	40794
H	854	83	95.2	+	0	0	1605I83M49I	New.CleanUp.ReferenceOTU129 EUK.Mock.1_100009	10764
H	3447	83	95.2	+	0	0	1645I83M73I	New.CleanUp.ReferenceOTU129 EUK.Mock.1_100009	27744
H	6170	83	95.2	+	0	0	1436I83M76I	New.CleanUp.ReferenceOTU129 EUK.Mock.1_100009	52258
H	9284	83	96.4	+	0	0	1663I13MI70M74I	New.CleanUp.ReferenceOTU129 EUK.Mock.1_100009	80038
H	4197	90	94.4	+	0	0	1637I90M64I	New.CleanUp.ReferenceOTU1297 EUK.Mock.1_102857	34288
H	302	90	94.4	+	0	0	1645I90M54I	New.CleanUp.ReferenceOTU1297 EUK.Mock.1_102857	102699
H	88	90	95.6	+	0	0	1111I90M69I	New.CleanUp.ReferenceOTU1297 EUK.Mock.1_102857	10084
H	818	90	91.1	+	0	0	1947I87M3D	New.CleanUp.ReferenceOTU1297 EUK.Mock.1_102857	107387
L	6456	2281	*	*	*	*	*	54751	*
H	6456	90	92.2	+	0	0	1606I90M585I	New.CleanUp.ReferenceOTU1297 EUK.Mock.1_102857	54751
H	1377	90	82.2	+	0	0	1621I90M55I	New.CleanUp.ReferenceOTU1298 EUK.Mock.1_45559	112195
H	2499	90	85.6	+	0	0	1638I90M63I	New.CleanUp.ReferenceOTU1298 EUK.Mock.1_45559	19455
H	11182	90	86.7	+	0	0	1644I90M69I	New.CleanUp.ReferenceOTU1298 EUK.Mock.1_45559	96648
L	11143	1746	*	*	*	*	*	96234	*
H	11143	90	81.1	+	0	0	1591I90M65I	New.CleanUp.ReferenceOTU1298 EUK.Mock.1_45559	96234
L	8274	1895	*	*	*	*	*	70969	*
H	8274	90	74.4	+	0	0	1739I90M66I	New.CleanUp.ReferenceOTU1298 EUK.Mock.1_45559	70969
H	854	81	95.1	+	0	0	1605I81M51I	New.CleanUp.ReferenceOTU1299 EUK.Mock.1_108562	10764
H	4934	81	95.1	+	0	0	1591I81M59I	New.CleanUp.ReferenceOTU1299 EUK.Mock.1_108562	40794
H	6170	81	93.8	+	0	0	1436I81M78I	New.CleanUp.ReferenceOTU1299 EUK.Mock.1_108562	52258
H	3447	81	93.8	+	0	0	1645I81M75I	New.CleanUp.ReferenceOTU1299 EUK.Mock.1_108562	27744
H	9284	81	95.1	+	0	0	1663I13MI68M76I	New.CleanUp.ReferenceOTU1299 EUK.Mock.1_108562	80038
H	4934	90	96.7	+	0	0	1591I90M50I	New.CleanUp.ReferenceOTU130 EUK.Mock.1_38850	40794
H	9284	90	96.7	+	0	0	1663I13MI77M67I	New.CleanUp.ReferenceOTU130 EUK.Mock.1_38850	80038
H	854	90	95.6	+	0	0	1605I90M42I	New.CleanUp.ReferenceOTU130 EUK.Mock.1_38850	10764
H	6170	90	95.6	+	0	0	1436I90M69I	New.CleanUp.ReferenceOTU130 EUK.Mock.1_38850	52258
H	3447	90	94.4	+	0	0	1645I90M66I	New.CleanUp.ReferenceOTU130 EUK.Mock.1_38850	27744
H	11256	90	95.6	+	0	0	1391I90M72I	New.CleanUp.ReferenceOTU1300 EUK.Mock.1_78626	97289
H	9506	90	95.6	+	0	0	1632I90M75I	New.CleanUp.ReferenceOTU1300 EUK.Mock.1_78626	81821
H	5603	90	73.3	+	0	0	1633I38M2D21MD28M58I	New.CleanUp.ReferenceOTU1300 EUK.Mock.1_78626	46764
L	4125	1757	*	*	*	*	*	33757	*
H	4125	90	75.6	+	0	0	1628I37M2D30MD20M42I	New.CleanUp.ReferenceOTU1300 EUK.Mock.1_78626	33757
H	5135	90	91.1	+	0	0	1633I90M69I	New.CleanUp.ReferenceOTU1302 EUK.Mock.1_11296	4269
H	5866	90	88.9	+	0	0	1559I90M55I	New.CleanUp.ReferenceOTU1302 EUK.Mock.1_11296	49307
H	8635	90	88.9	+	0	0	1644I90M55I	New.CleanUp.ReferenceOTU1302 EUK.Mock.1_11296	74171
H	2906	90	87.8	+	0	0	1573I90M50I	New.CleanUp.ReferenceOTU1302 EUK.Mock.1_11296	23075
H	5437	90	87.8	+	0	0	1634I90M56I	New.CleanUp.ReferenceOTU1302 EUK.Mock.1_11296	45474
N	*	90	*	*	*	*	*	New.CleanUp.ReferenceOTU1303 EUK.Mock.1_30349	*
H	11182	90	87.8	+	0	0	1644I90M69I	New.CleanUp.ReferenceOTU1310 EUK.Mock.1_73388	96648
H	2499	90	86.7	+	0	0	1638I90M63I	New.CleanUp.ReferenceOTU1310 EUK.Mock.1_73388	19455
H	1905	90	88.9	+	0	0	1590I58MD31M336I	New.CleanUp.ReferenceOTU1310 EUK.Mock.1_73388	14030
H	1377	90	81.1	+	0	0	1621I90M55I	New.CleanUp.ReferenceOTU1310 EUK.Mock.1_73388	112195
L	5351	1786	*	*	*	*	*	44767	*
H	5351	90	83.3	+	0	0	1641I90M55I	New.CleanUp.ReferenceOTU1310 EUK.Mock.1_73388	44767
H	8570	90	96.7	+	0	0	1668I90M70I	New.CleanUp.ReferenceOTU1312 EUK.Mock.1_69320	73609
H	7688	90	96.7	+	0	0	1582I90M585I	New.CleanUp.ReferenceOTU1312 EUK.Mock.1_69320	65995
H	564	90	91.1	+	0	0	1679I90M60I	New.CleanUp.ReferenceOTU1312 EUK.Mock.1_69320	105083
H	6400	90	91.1	+	0	0	1680I90M68I	New.CleanUp.ReferenceOTU1312 EUK.Mock.1_69320	54274
H	9379	90	91.1	+	0	0	1675I90M35I	New.CleanUp.ReferenceOTU1312 EUK.Mock.1_69320	80767
H	2499	90	86.7	+	0	0	1638I90M63I	New.CleanUp.ReferenceOTU1313 EUK.Mock.1_77375	19455
H	11182	90	86.7	+	0	0	1644I90M69I	New.CleanUp.ReferenceOTU1313 EUK.Mock.1_77375	96648
H	1905	90	87.8	+	0	0	1590I58MD31M336I	New.CleanUp.ReferenceOTU1313 EUK.Mock.1_77375	14030
H	8274	90	73.3	+	0	0	1739I90M66I	New.CleanUp.ReferenceOTU1313 EUK.Mock.1_77375	70969
L	4730	1759	*	*	*	*	*	39024	*
H	4730	90	85.6	+	0	0	1604I90M65I	New.CleanUp.ReferenceOTU1313 EUK.Mock.1_77375	39024
N	*	90	*	*	*	*	*	New.CleanUp.ReferenceOTU1316 EUK.Mock.1_11581	*
N	*	90	*	*	*	*	*	New.CleanUp.ReferenceOTU1317 EUK.Mock.1_103242	*
H	7688	90	93.3	+	0	0	1582I90M585I	New.CleanUp.ReferenceOTU1321 EUK.Mock.1_13745	65995
H	8570	90	93.3	+	0	0	1668I90M70I	New.CleanUp.ReferenceOTU1321 EUK.Mock.1_13745	73609
H	564	90	87.8	+	0	0	1679I90M60I	New.CleanUp.ReferenceOTU1321 EUK.Mock.1_13745	105083
H	9379	90	87.8	+	0	0	1675I90M35I	New.CleanUp.ReferenceOTU1321 EUK.Mock.1_13745	80767
H	9760	90	84.4	+	0	0	1657I85M5D	New.CleanUp.ReferenceOTU1321 EUK.Mock.1_13745	8379
H	2906	90	82.2	+	0	0	1573I90M50I	New.CleanUp.ReferenceOTU1323 EUK.Mock.1_95823	23075
L	8924	1720	*	*	*	*	*	76542	*
H	8924	90	83.3	+	0	0	1580I90M50I	New.CleanUp.ReferenceOTU1323 EUK.Mock.1_95823	76542
H	5866	90	83.3	+	0	0	1559I90M55I	New.CleanUp.ReferenceOTU1323 EUK.Mock.1_95823	49307
H	5135	90	85.6	+	0	0	1633I90M69I	New.CleanUp.ReferenceOTU1323 EUK.Mock.1_95823	4269
H	4099	90	78.9	+	0	0	1596I85M5D	New.CleanUp.ReferenceOTU1323 EUK.Mock.1_95823	33523
H	5423	90	91.1	+	0	0	1602I90M39I	New.CleanUp.ReferenceOTU1325 EUK.Mock.1_104027	45376
H	5135	90	92.2	+	0	0	1633I90M69I	New.CleanUp.ReferenceOTU1325 EUK.Mock.1_104027	4269
H	5866	90	90.0	+	0	0	1559I90M55I	New.CleanUp.ReferenceOTU1325 EUK.Mock.1_104027	49307
H	9443	90	88.9	+	0	0	1592I90M50I	New.CleanUp.ReferenceOTU1325 EUK.Mock.1_104027	81305
H	8635	90	90.0	+	0	0	1644I90M55I	New.CleanUp.ReferenceOTU1325 EUK.Mock.1_104027	74171
H	7760	90	95.6	+	0	0	1279I90M35I	New.CleanUp.ReferenceOTU1328 EUK.Mock.1_47193	66673
H	4863	90	95.6	+	0	0	1251I90M35I	New.CleanUp.ReferenceOTU1328 EUK.Mock.1_47193	40103
H	3103	90	94.4	+	0	0	1290I90M34I	New.CleanUp.ReferenceOTU1328 EUK.Mock.1_47193	2467
H	10834	90	90.0	+	0	0	1683I90M70I	New.CleanUp.ReferenceOTU1328 EUK.Mock.1_47193	93246
L	10914	1757	*	*	*	*	*	94120	*
H	10914	90	73.3	+	0	0	1613I41M5D12M5D27M64I	New.CleanUp.ReferenceOTU1328 EUK.Mock.1_47193	94120
H	4634	90	94.4	+	0	0	1598I90M51I	New.CleanUp.ReferenceOTU1329 EUK.Mock.1_28734	38113
H	3034	90	93.3	+	0	0	1646I90M66I	New.CleanUp.ReferenceOTU1329 EUK.Mock.1_28734	24055
H	7123	90	94.4	+	0	0	1549I90M12I	New.CleanUp.ReferenceOTU1329 EUK.Mock.1_28734	61087
H	9246	90	94.4	+	0	0	1549I90M12I	New.CleanUp.ReferenceOTU1329 EUK.Mock.1_28734	79610
H	7185	90	93.3	+	0	0	1649I90M69I	New.CleanUp.ReferenceOTU1329 EUK.Mock.1_28734	61571
H	4934	90	96.7	+	0	0	1591I90M50I	New.CleanUp.ReferenceOTU1334 EUK.Mock.1_43182	40794
H	6170	90	95.6	+	0	0	1436I90M69I	New.CleanUp.ReferenceOTU1334 EUK.Mock.1_43182	52258
H	854	90	95.6	+	0	0	1605I90M42I	New.CleanUp.ReferenceOTU1334 EUK.Mock.1_43182	10764
H	3447	90	94.4	+	0	0	1645I90M66I	New.CleanUp.ReferenceOTU1334 EUK.Mock.1_43182	27744
H	9284	90	96.7	+	0	0	1663I13MI77M67I	New.CleanUp.ReferenceOTU1334 EUK.Mock.1_43182	80038
H	5135	90	91.1	+	0	0	1633I90M69I	New.CleanUp.ReferenceOTU1336 EUK.Mock.1_45393	4269
H	5866	90	88.9	+	0	0	1559I90M55I	New.CleanUp.ReferenceOTU1336 EUK.Mock.1_45393	49307
H	8635	90	88.9	+	0	0	1644I90M55I	New.CleanUp.ReferenceOTU1336 EUK.Mock.1_45393	74171
H	2906	90	87.8	+	0	0	1573I90M50I	New.CleanUp.ReferenceOTU1336 EUK.Mock.1_45393	23075
H	5437	90	85.6	+	0	0	1634I90M56I	New.CleanUp.ReferenceOTU1336 EUK.Mock.1_45393	45474
H	7688	90	95.6	+	0	0	1582I90M585I	New.CleanUp.ReferenceOTU1337 EUK.Mock.1_58906	65995
H	8570	90	95.6	+	0	0	1668I90M70I	New.CleanUp.ReferenceOTU1337 EUK.Mock.1_58906	73609
H	564	90	90.0	+	0	0	1679I90M60I	New.CleanUp.ReferenceOTU1337 EUK.Mock.1_58906	105083
H	6400	90	86.7	+	0	0	1680I90M68I	New.CleanUp.ReferenceOTU1337 EUK.Mock.1_58906	54274
H	9379	90	90.0	+	0	0	1675I90M35I	New.CleanUp.ReferenceOTU1337 EUK.Mock.1_58906	80767
H	4934	90	93.3	+	0	0	1591I90M50I	New.CleanUp.ReferenceOTU1339 EUK.Mock.1_90231	40794
H	9284	90	93.3	+	0	0	1663I13MI77M67I	New.CleanUp.ReferenceOTU1339 EUK.Mock.1_90231	80038
H	854	90	92.2	+	0	0	1605I90M42I	New.CleanUp.ReferenceOTU1339 EUK.Mock.1_90231	10764
H	6170	90	92.2	+	0	0	1436I90M69I	New.CleanUp.ReferenceOTU1339 EUK.Mock.1_90231	52258
H	3447	90	91.1	+	0	0	1645I90M66I	New.CleanUp.ReferenceOTU1339 EUK.Mock.1_90231	27744
H	4934	90	96.7	+	0	0	1591I90M50I	New.CleanUp.ReferenceOTU134 EUK.Mock.1_106951	40794
H	9284	90	96.7	+	0	0	1663I13MI77M67I	New.CleanUp.ReferenceOTU134 EUK.Mock.1_106951	80038
H	6170	90	95.6	+	0	0	1436I90M69I	New.CleanUp.ReferenceOTU134 EUK.Mock.1_106951	52258
H	854	90	95.6	+	0	0	1605I90M42I	New.CleanUp.ReferenceOTU134 EUK.Mock.1_106951	10764
H	3447	90	94.4	+	0	0	1645I90M66I	New.CleanUp.ReferenceOTU134 EUK.Mock.1_106951	27744
H	7688	90	96.7	+	0	0	1582I90M585I	New.CleanUp.ReferenceOTU1340 EUK.Mock.1_38253	65995
H	8570	90	96.7	+	0	0	1668I90M70I	New.CleanUp.ReferenceOTU1340 EUK.Mock.1_38253	73609
H	564	90	91.1	+	0	0	1679I90M60I	New.CleanUp.ReferenceOTU1340 EUK.Mock.1_38253	105083
H	9379	90	91.1	+	0	0	1675I90M35I	New.CleanUp.ReferenceOTU1340 EUK.Mock.1_38253	80767
H	4314	90	86.7	+	0	0	1647I90M41I	New.CleanUp.ReferenceOTU1340 EUK.Mock.1_38253	354
H	6170	82	93.9	+	0	0	1436I82M77I	New.CleanUp.ReferenceOTU1343 EUK.Mock.1_103487	52258
H	3447	82	93.9	+	0	0	1645I82M74I	New.CleanUp.ReferenceOTU1343 EUK.Mock.1_103487	27744
H	4934	82	95.1	+	0	0	1591I82M58I	New.CleanUp.ReferenceOTU1343 EUK.Mock.1_103487	40794
H	854	82	95.1	+	0	0	1605I82M50I	New.CleanUp.ReferenceOTU1343 EUK.Mock.1_103487	10764
H	3878	82	91.5	+	0	0	1629I49MD32M164I	New.CleanUp.ReferenceOTU1343 EUK.Mock.1_103487	31618
H	5135	84	90.5	+	0	0	1633I84M75I	New.CleanUp.ReferenceOTU1344 EUK.Mock.1_103277	4269
H	5866	84	88.1	+	0	0	1559I84M61I	New.CleanUp.ReferenceOTU1344 EUK.Mock.1_103277	49307
H	8924	84	88.1	+	0	0	1580I84M56I	New.CleanUp.ReferenceOTU1344 EUK.Mock.1_103277	76542
H	4099	84	88.1	+	0	0	1596I84MI	New.CleanUp.ReferenceOTU1344 EUK.Mock.1_103277	33523
H	3531	84	85.7	+	0	0	1625I84M71I	New.CleanUp.ReferenceOTU1344 EUK.Mock.1_103277	28560
H	7688	90	96.7	+	0	0	1582I90M585I	New.CleanUp.ReferenceOTU1345 EUK.Mock.1_57482	65995
H	8570	90	96.7	+	0	0	1668I90M70I	New.CleanUp.ReferenceOTU1345 EUK.Mock.1_57482	73609
H	564	90	91.1	+	0	0	1679I90M60I	New.CleanUp.ReferenceOTU1345 EUK.Mock.1_57482	105083
H	9379	90	91.1	+	0	0	1675I90M35I	New.CleanUp.ReferenceOTU1345 EUK.Mock.1_57482	80767
H	9760	90	86.7	+	0	0	1657I85M5D	New.CleanUp.ReferenceOTU1345 EUK.Mock.1_57482	8379
H	8570	90	96.7	+	0	0	1668I90M70I	New.CleanUp.ReferenceOTU1351 EUK.Mock.1_74712	73609
H	7688	90	96.7	+	0	0	1582I90M585I	New.CleanUp.ReferenceOTU1351 EUK.Mock.1_74712	65995
H	9379	90	93.3	+	0	0	1675I90M35I	New.CleanUp.ReferenceOTU1351 EUK.Mock.1_74712	80767
H	6400	90	90.0	+	0	0	1680I90M68I	New.CleanUp.ReferenceOTU1351 EUK.Mock.1_74712	54274
H	9760	90	88.9	+	0	0	1657I85M5D	New.CleanUp.ReferenceOTU1351 EUK.Mock.1_74712	8379
N	*	90	*	*	*	*	*	New.CleanUp.ReferenceOTU1353 EUK.Mock.1_103790	*
H	3171	90	96.7	+	0	0	1626I90M65I	New.CleanUp.ReferenceOTU1355 EUK.Mock.1_70436	25160
H	8717	90	92.2	+	0	0	1594I47MI16MI27M67I	New.CleanUp.ReferenceOTU1355 EUK.Mock.1_70436	74829
H	7875	90	93.3	+	0	0	1592I45MI19MI26M64I	New.CleanUp.ReferenceOTU1355 EUK.Mock.1_70436	67609
H	2726	90	92.2	+	0	0	1589I45MI20MI25M63I	New.CleanUp.ReferenceOTU1355 EUK.Mock.1_70436	21485
H	7503	90	88.9	+	0	0	1585I90M64I	New.CleanUp.ReferenceOTU1355 EUK.Mock.1_70436	64286
H	4934	90	96.7	+	0	0	1591I90M50I	New.CleanUp.ReferenceOTU1358 EUK.Mock.1_25609	40794
H	9284	90	96.7	+	0	0	1663I13MI77M67I	New.CleanUp.ReferenceOTU1358 EUK.Mock.1_25609	80038
H	854	90	95.6	+	0	0	1605I90M42I	New.CleanUp.ReferenceOTU1358 EUK.Mock.1_25609	10764
H	6170	90	95.6	+	0	0	1436I90M69I	New.CleanUp.ReferenceOTU1358 EUK.Mock.1_25609	52258
H	3447	90	94.4	+	0	0	1645I90M66I	New.CleanUp.ReferenceOTU1358 EUK.Mock.1_25609	27744
H	5135	90	87.8	+	0	0	1633I90M69I	New.CleanUp.ReferenceOTU1362 EUK.Mock.1_12235	4269
H	5866	90	85.6	+	0	0	1559I90M55I	New.CleanUp.ReferenceOTU1362 EUK.Mock.1_12235	49307
H	8924	90	85.6	+	0	0	1580I90M50I	New.CleanUp.ReferenceOTU1362 EUK.Mock.1_12235	76542
H	5423	90	86.7	+	0	0	1602I90M39I	New.CleanUp.ReferenceOTU1362 EUK.Mock.1_12235	45376
H	2906	90	84.4	+	0	0	1573I90M50I	New.CleanUp.ReferenceOTU1362 EUK.Mock.1_12235	23075
H	3171	90	96.7	+	0	0	1626I90M65I	New.CleanUp.ReferenceOTU1367 EUK.Mock.1_105376	25160
H	8717	90	92.2	+	0	0	1594I47MI16MI27M67I	New.CleanUp.ReferenceOTU1367 EUK.Mock.1_105376	74829
H	7875	90	93.3	+	0	0	1592I45MI19MI26M64I	New.CleanUp.ReferenceOTU1367 EUK.Mock.1_105376	67609
H	2035	90	91.1	+	0	0	1595I47MI16MI27M40I	New.CleanUp.ReferenceOTU1367 EUK.Mock.1_105376	15189
H	2726	90	92.2	+	0	0	1589I45MI20MI25M63I	New.CleanUp.ReferenceOTU1367 EUK.Mock.1_105376	21485
H	4634	90	95.6	+	0	0	1598I90M51I	New.CleanUp.ReferenceOTU1369 EUK.Mock.1_89758	38113
H	3034	90	94.4	+	0	0	1646I90M66I	New.CleanUp.ReferenceOTU1369 EUK.Mock.1_89758	24055
H	7123	90	95.6	+	0	0	1549I90M12I	New.CleanUp.ReferenceOTU1369 EUK.Mock.1_89758	61087
H	7185	90	94.4	+	0	0	1649I90M69I	New.CleanUp.ReferenceOTU1369 EUK.Mock.1_89758	61571
H	4038	90	93.3	+	0	0	1617I90M34I	New.CleanUp.ReferenceOTU1369 EUK.Mock.1_89758	3287
H	3171	90	95.6	+	0	0	1626I90M65I	New.CleanUp.ReferenceOTU137 EUK.Mock.1_48530	25160
H	8717	90	91.1	+	0	0	1594I47MI16MI27M67I	New.CleanUp.ReferenceOTU137 EUK.Mock.1_48530	74829
H	7875	90	92.2	+	0	0	1592I45MI19MI26M64I	New.CleanUp.ReferenceOTU137 EUK.Mock.1_48530	67609
H	2726	90	91.1	+	0	0	1589I45MI20MI25M63I	New.CleanUp.ReferenceOTU137 EUK.Mock.1_48530	21485
H	7503	90	87.8	+	0	0	1585I90M64I	New.CleanUp.ReferenceOTU137 EUK.Mock.1_48530	64286
H	4934	90	95.6	+	0	0	1591I90M50I	New.CleanUp.ReferenceOTU1373 EUK.Mock.1_65327	40794
H	854	90	94.4	+	0	0	1605I90M42I	New.CleanUp.ReferenceOTU1373 EUK.Mock.1_65327	10764
H	9284	90	95.6	+	0	0	1663I13MI77M67I	New.CleanUp.ReferenceOTU1373 EUK.Mock.1_65327	80038
H	6170	90	94.4	+	0	0	1436I90M69I	New.CleanUp.ReferenceOTU1373 EUK.Mock.1_65327	52258
H	3447	90	93.3	+	0	0	1645I90M66I	New.CleanUp.ReferenceOTU1373 EUK.Mock.1_65327	27744
H	3171	90	98.9	+	0	0	1626I90M65I	New.CleanUp.ReferenceOTU1383 EUK.Mock.1_2207	25160
H	8717	90	94.4	+	0	0	1594I47MI16MI27M67I	New.CleanUp.ReferenceOTU1383 EUK.Mock.1_2207	74829
H	7875	90	95.6	+	0	0	1592I45MI19MI26M64I	New.CleanUp.ReferenceOTU1383 EUK.Mock.1_2207	67609
H	2726	90	94.4	+	0	0	1589I45MI20MI25M63I	New.CleanUp.ReferenceOTU1383 EUK.Mock.1_2207	21485
H	7503	90	91.1	+	0	0	1585I90M64I	New.CleanUp.ReferenceOTU1383 EUK.Mock.1_2207	64286
H	4634	90	95.6	+	0	0	1598I90M51I	New.CleanUp.ReferenceOTU1385 EUK.Mock.1_16023	38113
H	7123	90	95.6	+	0	0	1549I90M12I	New.CleanUp.ReferenceOTU1385 EUK.Mock.1_16023	61087
H	7185	90	94.4	+	0	0	1649I90M69I	New.CleanUp.ReferenceOTU1385 EUK.Mock.1_16023	61571
H	3034	90	94.4	+	0	0	1646I90M66I	New.CleanUp.ReferenceOTU1385 EUK.Mock.1_16023	24055
L	1387	1782	*	*	*	*	*	112271	*
H	1387	90	92.2	+	0	0	1626I90M66I	New.CleanUp.ReferenceOTU1385 EUK.Mock.1_16023	112271
H	5135	90	93.3	+	0	0	1633I90M69I	New.CleanUp.ReferenceOTU1387 EUK.Mock.1_94604	4269
H	5866	90	91.1	+	0	0	1559I90M55I	New.CleanUp.ReferenceOTU1387 EUK.Mock.1_94604	49307
H	5423	90	92.2	+	0	0	1602I90M39I	New.CleanUp.ReferenceOTU1387 EUK.Mock.1_94604	45376
H	8635	90	91.1	+	0	0	1644I90M55I	New.CleanUp.ReferenceOTU1387 EUK.Mock.1_94604	74171
H	4099	90	87.8	+	0	0	1596I85M5D	New.CleanUp.ReferenceOTU1387 EUK.Mock.1_94604	33523
H	8570	90	96.7	+	0	0	1668I90M70I	New.CleanUp.ReferenceOTU1389 EUK.Mock.1_81369	73609
H	7688	90	96.7	+	0	0	1582I90M585I	New.CleanUp.ReferenceOTU1389 EUK.Mock.1_81369	65995
H	564	90	91.1	+	0	0	1679I90M60I	New.CleanUp.ReferenceOTU1389 EUK.Mock.1_81369	105083
H	6400	90	86.7	+	0	0	1680I90M68I	New.CleanUp.ReferenceOTU1389 EUK.Mock.1_81369	54274
H	9379	90	91.1	+	0	0	1675I90M35I	New.CleanUp.ReferenceOTU1389 EUK.Mock.1_81369	80767
H	7123	90	95.6	+	0	0	1549I90M12I	New.CleanUp.ReferenceOTU139 EUK.Mock.1_104395	61087
H	3034	90	94.4	+	0	0	1646I90M66I	New.CleanUp.ReferenceOTU139 EUK.Mock.1_104395	24055
H	7185	90	94.4	+	0	0	1649I90M69I	New.CleanUp.ReferenceOTU139 EUK.Mock.1_104395	61571
H	4634	90	95.6	+	0	0	1598I90M51I	New.CleanUp.ReferenceOTU139 EUK.Mock.1_104395	38113
H	4038	90	92.2	+	0	0	1617I90M34I	New.CleanUp.ReferenceOTU139 EUK.Mock.1_104395	3287
H	854	90	95.6	+	0	0	1605I90M42I	New.CleanUp.ReferenceOTU1393 EUK.Mock.1_66782	10764
H	4934	90	96.7	+	0	0	1591I90M50I	New.CleanUp.ReferenceOTU1393 EUK.Mock.1_66782	40794
H	6170	90	95.6	+	0	0	1436I90M69I	New.CleanUp.ReferenceOTU1393 EUK.Mock.1_66782	52258
H	3447	90	94.4	+	0	0	1645I90M66I	New.CleanUp.ReferenceOTU1393 EUK.Mock.1_66782	27744
H	10646	90	93.3	+	0	0	1646I90M41I	New.CleanUp.ReferenceOTU1393 EUK.Mock.1_66782	91684
H	7688	90	96.7	+	0	0	1582I90M585I	New.CleanUp.ReferenceOTU1394 EUK.Mock.1_46130	65995
H	8570	90	96.7	+	0	0	1668I90M70I	New.CleanUp.ReferenceOTU1394 EUK.Mock.1_46130	73609
H	564	90	91.1	+	0	0	1679I90M60I	New.CleanUp.ReferenceOTU1394 EUK.Mock.1_46130	105083
H	9760	90	86.7	+	0	0	1657I85M5D	New.CleanUp.ReferenceOTU1394 EUK.Mock.1_46130	8379
H	9379	90	91.1	+	0	0	1675I90M35I	New.CleanUp.ReferenceOTU1394 EUK.Mock.1_46130	80767
H	4863	69	92.8	+	0	0	1251I69M56I	New.CleanUp.ReferenceOTU1395 EUK.Mock.1_43324	40103
H	7760	69	92.8	+	0	0	1279I69M56I	New.CleanUp.ReferenceOTU1395 EUK.Mock.1_43324	66673
H	3103	69	91.3	+	0	0	1290I69M55I	New.CleanUp.ReferenceOTU1395 EUK.Mock.1_43324	2467
H	10834	69	88.4	+	0	0	1683I69M91I	New.CleanUp.ReferenceOTU1395 EUK.Mock.1_43324	93246
L	7661	1799	*	*	*	*	*	65687	*
H	7661	69	82.6	+	0	0	1643I69M87I	New.CleanUp.ReferenceOTU1395 EUK.Mock.1_43324	65687
H	11182	90	87.8	+	0	0	1644I90M69I	New.CleanUp.ReferenceOTU1399 EUK.Mock.1_70337	96648
H	2499	90	86.7	+	0	0	1638I90M63I	New.CleanUp.ReferenceOTU1399 EUK.Mock.1_70337	19455
H	1905	90	88.9	+	0	0	1590I58MD31M336I	New.CleanUp.ReferenceOTU1399 EUK.Mock.1_70337	14030
H	4730	90	86.7	+	0	0	1604I90M65I	New.CleanUp.ReferenceOTU1399 EUK.Mock.1_70337	39024
L	8734	1766	*	*	*	*	*	74980	*
H	8734	90	81.1	+	0	0	1621I90M55I	New.CleanUp.ReferenceOTU1399 EUK.Mock.1_70337	74980
H	7688	90	95.6	+	0	0	1582I90M585I	New.CleanUp.ReferenceOTU1400 EUK.Mock.1_71835	65995
H	8570	90	95.6	+	0	0	1668I90M70I	New.CleanUp.ReferenceOTU1400 EUK.Mock.1_71835	73609
H	564	90	90.0	+	0	0	1679I90M60I	New.CleanUp.ReferenceOTU1400 EUK.Mock.1_71835	105083
H	9379	90	90.0	+	0	0	1675I90M35I	New.CleanUp.ReferenceOTU1400 EUK.Mock.1_71835	80767
H	6400	90	86.7	+	0	0	1680I90M68I	New.CleanUp.ReferenceOTU1400 EUK.Mock.1_71835	54274
H	8570	90	96.7	+	0	0	1668I90M70I	New.CleanUp.ReferenceOTU1402 EUK.Mock.1_71836	73609
H	7688	90	96.7	+	0	0	1582I90M585I	New.CleanUp.ReferenceOTU1402 EUK.Mock.1_71836	65995
H	6400	90	86.7	+	0	0	1680I90M68I	New.CleanUp.ReferenceOTU1402 EUK.Mock.1_71836	54274
H	564	90	91.1	+	0	0	1679I90M60I	New.CleanUp.ReferenceOTU1402 EUK.Mock.1_71836	105083
H	9379	90	91.1	+	0	0	1675I90M35I	New.CleanUp.ReferenceOTU1402 EUK.Mock.1_71836	80767
H	4934	83	95.2	+	0	0	1591I83M57I	New.CleanUp.ReferenceOTU1414 EUK.Mock.1_104608	40794
H	854	83	94.0	+	0	0	1605I83M49I	New.CleanUp.ReferenceOTU1414 EUK.Mock.1_104608	10764
H	3447	83	94.0	+	0	0	1645I83M73I	New.CleanUp.ReferenceOTU1414 EUK.Mock.1_104608	27744
H	6170	83	94.0	+	0	0	1436I83M76I	New.CleanUp.ReferenceOTU1414 EUK.Mock.1_104608	52258
L	1479	1812	*	*	*	*	*	113311	*
H	1479	83	91.6	+	0	0	1652I60MI23M76I	New.CleanUp.ReferenceOTU1414 EUK.Mock.1_104608	113311
H	8570	86	90.7	+	0	0	1668I86M74I	New.CleanUp.ReferenceOTU1416 EUK.Mock.1_78065	73609
H	7688	86	90.7	+	0	0	1582I86M589I	New.CleanUp.ReferenceOTU1416 EUK.Mock.1_78065	65995
H	564	86	86.0	+	0	0	1679I86M64I	New.CleanUp.ReferenceOTU1416 EUK.Mock.1_78065	105083
H	8790	86	84.9	+	0	0	1630I86M34I	New.CleanUp.ReferenceOTU1416 EUK.Mock.1_78065	75440
H	6400	86	82.6	+	0	0	1680I86M72I	New.CleanUp.ReferenceOTU1416 EUK.Mock.1_78065	54274
H	88	74	95.9	+	0	0	1111I74M85I	New.CleanUp.ReferenceOTU1421 EUK.Mock.1_104978	10084
H	4318	74	94.6	+	0	0	1987I74M12I	New.CleanUp.ReferenceOTU1421 EUK.Mock.1_104978	35477
L	3255	2110	*	*	*	*	*	25852	*
H	3255	74	94.6	+	0	0	2025I74M11I	New.CleanUp.ReferenceOTU1421 EUK.Mock.1_104978	25852
H	4197	74	94.6	+	0	0	1637I74M80I	New.CleanUp.ReferenceOTU1421 EUK.Mock.1_104978	34288
H	818	74	94.6	+	0	0	1947I74M13I	New.CleanUp.ReferenceOTU1421 EUK.Mock.1_104978	107387
H	4934	90	96.7	+	0	0	1591I90M50I	New.CleanUp.ReferenceOTU1423 EUK.Mock.1_104373	40794
H	9284	90	96.7	+	0	0	1663I13MI77M67I	New.CleanUp.ReferenceOTU1423 EUK.Mock.1_104373	80038
H	854	90	95.6	+	0	0	1605I90M42I	New.CleanUp.ReferenceOTU1423 EUK.Mock.1_104373	10764
H	6170	90	95.6	+	0	0	1436I90M69I	New.CleanUp.ReferenceOTU1423 EUK.Mock.1_104373	52258
H	3447	90	94.4	+	0	0	1645I90M66I	New.CleanUp.ReferenceOTU1423 EUK.Mock.1_104373	27744
H	8570	90	95.6	+	0	0	1668I90M70I	New.CleanUp.ReferenceOTU1424 EUK.Mock.1_101409	73609
H	7688	90	95.6	+	0	0	1582I90M585I	New.CleanUp.ReferenceOTU1424 EUK.Mock.1_101409	65995
H	564	90	90.0	+	0	0	1679I90M60I	New.CleanUp.ReferenceOTU1424 EUK.Mock.1_101409	105083
H	6400	90	86.7	+	0	0	1680I90M68I	New.CleanUp.ReferenceOTU1424 EUK.Mock.1_101409	54274
H	9379	90	90.0	+	0	0	1675I90M35I	New.CleanUp.ReferenceOTU1424 EUK.Mock.1_101409	80767
H	4934	90	96.7	+	0	0	1591I90M50I	New.CleanUp.ReferenceOTU1425 EUK.Mock.1_104375	40794
H	9284	90	96.7	+	0	0	1663I13MI77M67I	New.CleanUp.ReferenceOTU1425 EUK.Mock.1_104375	80038
H	854	90	95.6	+	0	0	1605I90M42I	New.CleanUp.ReferenceOTU1425 EUK.Mock.1_104375	10764
H	6170	90	95.6	+	0	0	1436I90M69I	New.CleanUp.ReferenceOTU1425 EUK.Mock.1_104375	52258
H	3447	90	94.4	+	0	0	1645I90M66I	New.CleanUp.ReferenceOTU1425 EUK.Mock.1_104375	27744
H	5866	90	87.8	+	0	0	1559I90M55I	New.CleanUp.ReferenceOTU1426 EUK.Mock.1_1647	49307
H	8635	90	88.9	+	0	0	1644I90M55I	New.CleanUp.ReferenceOTU1426 EUK.Mock.1_1647	74171
H	9443	90	86.7	+	0	0	1592I90M50I	New.CleanUp.ReferenceOTU1426 EUK.Mock.1_1647	81305
H	5135	90	90.0	+	0	0	1633I90M69I	New.CleanUp.ReferenceOTU1426 EUK.Mock.1_1647	4269
H	5423	90	88.9	+	0	0	1602I90M39I	New.CleanUp.ReferenceOTU1426 EUK.Mock.1_1647	45376
H	3171	90	95.6	+	0	0	1626I90M65I	New.CleanUp.ReferenceOTU1428 EUK.Mock.1_1312	25160
H	8717	90	91.1	+	0	0	1594I47MI16MI27M67I	New.CleanUp.ReferenceOTU1428 EUK.Mock.1_1312	74829
H	7875	90	92.2	+	0	0	1592I45MI19MI26M64I	New.CleanUp.ReferenceOTU1428 EUK.Mock.1_1312	67609
H	2726	90	91.1	+	0	0	1589I45MI20MI25M63I	New.CleanUp.ReferenceOTU1428 EUK.Mock.1_1312	21485
H	7503	90	87.8	+	0	0	1585I90M64I	New.CleanUp.ReferenceOTU1428 EUK.Mock.1_1312	64286
H	9735	90	76.7	+	0	0	1642I90M64I	New.CleanUp.ReferenceOTU1433 EUK.Mock.1_59662	83620
H	8274	90	74.4	+	0	0	1739I90M66I	New.CleanUp.ReferenceOTU1433 EUK.Mock.1_59662	70969
H	2499	90	87.8	+	0	0	1638I90M63I	New.CleanUp.ReferenceOTU1433 EUK.Mock.1_59662	19455
H	11143	90	83.3	+	0	0	1591I90M65I	New.CleanUp.ReferenceOTU1433 EUK.Mock.1_59662	96234
H	11182	90	87.8	+	0	0	1644I90M69I	New.CleanUp.ReferenceOTU1433 EUK.Mock.1_59662	96648
H	4934	90	92.2	+	0	0	1591I90M50I	New.CleanUp.ReferenceOTU1434 EUK.Mock.1_88372	40794
H	9284	90	92.2	+	0	0	1663I13MI77M67I	New.CleanUp.ReferenceOTU1434 EUK.Mock.1_88372	80038
H	6170	90	91.1	+	0	0	1436I90M69I	New.CleanUp.ReferenceOTU1434 EUK.Mock.1_88372	52258
H	854	90	91.1	+	0	0	1605I90M42I	New.CleanUp.ReferenceOTU1434 EUK.Mock.1_88372	10764
H	3447	90	90.0	+	0	0	1645I90M66I	New.CleanUp.ReferenceOTU1434 EUK.Mock.1_88372	27744
L	8293	1785	*	*	*	*	*	71176	*
H	8293	90	86.7	+	0	0	1629I90M66I	New.CleanUp.ReferenceOTU1440 EUK.Mock.1_109075	71176
H	1905	90	86.7	+	0	0	1590I59MD30M336I	New.CleanUp.ReferenceOTU1440 EUK.Mock.1_109075	14030
H	11182	90	86.7	+	0	0	1644I90M69I	New.CleanUp.ReferenceOTU1440 EUK.Mock.1_109075	96648
L	2721	1770	*	*	*	*	*	21436	*
H	2721	90	84.4	+	0	0	1620I90M60I	New.CleanUp.ReferenceOTU1440 EUK.Mock.1_109075	21436
H	2499	90	83.3	+	0	0	1638I90M63I	New.CleanUp.ReferenceOTU1440 EUK.Mock.1_109075	19455
H	8570	90	95.6	+	0	0	1668I90M70I	New.CleanUp.ReferenceOTU1442 EUK.Mock.1_102750	73609
H	7688	90	95.6	+	0	0	1582I90M585I	New.CleanUp.ReferenceOTU1442 EUK.Mock.1_102750	65995
H	564	90	90.0	+	0	0	1679I90M60I	New.CleanUp.ReferenceOTU1442 EUK.Mock.1_102750	105083
H	4314	90	85.6	+	0	0	1647I90M41I	New.CleanUp.ReferenceOTU1442 EUK.Mock.1_102750	354
H	6400	90	85.6	+	0	0	1680I90M68I	New.CleanUp.ReferenceOTU1442 EUK.Mock.1_102750	54274
H	9506	90	95.6	+	0	0	1632I90M75I	New.CleanUp.ReferenceOTU1444 EUK.Mock.1_102752	81821
H	11256	90	95.6	+	0	0	1391I90M72I	New.CleanUp.ReferenceOTU1444 EUK.Mock.1_102752	97289
H	10834	90	72.2	+	0	0	1683I39M2D49M72I	New.CleanUp.ReferenceOTU1444 EUK.Mock.1_102752	93246
L	11528	1745	*	*	*	*	*	99565	*
H	11528	90	72.2	+	0	0	1589I40M2D32MD15M69I	New.CleanUp.ReferenceOTU1444 EUK.Mock.1_102752	99565
L	962	3415	*	*	*	*	*	10845	*
H	962	90	70.0	+	0	0	1625I39M2D20M9I29M1693I	New.CleanUp.ReferenceOTU1444 EUK.Mock.1_102752	10845
H	7688	90	95.6	+	0	0	1582I90M585I	New.CleanUp.ReferenceOTU1445 EUK.Mock.1_105915	65995
H	8570	90	95.6	+	0	0	1668I90M70I	New.CleanUp.ReferenceOTU1445 EUK.Mock.1_105915	73609
H	564	90	90.0	+	0	0	1679I90M60I	New.CleanUp.ReferenceOTU1445 EUK.Mock.1_105915	105083
H	9760	90	85.6	+	0	0	1657I85M5D	New.CleanUp.ReferenceOTU1445 EUK.Mock.1_105915	8379
H	9379	90	90.0	+	0	0	1675I90M35I	New.CleanUp.ReferenceOTU1445 EUK.Mock.1_105915	80767
H	4934	90	96.7	+	0	0	1591I90M50I	New.CleanUp.ReferenceOTU1447 EUK.Mock.1_103781	40794
H	9284	90	96.7	+	0	0	1663I13MI77M67I	New.CleanUp.ReferenceOTU1447 EUK.Mock.1_103781	80038
H	6170	90	95.6	+	0	0	1436I90M69I	New.CleanUp.ReferenceOTU1447 EUK.Mock.1_103781	52258
H	854	90	95.6	+	0	0	1605I90M42I	New.CleanUp.ReferenceOTU1447 EUK.Mock.1_103781	10764
H	3447	90	94.4	+	0	0	1645I90M66I	New.CleanUp.ReferenceOTU1447 EUK.Mock.1_103781	27744
H	4934	90	96.7	+	0	0	1591I90M50I	New.CleanUp.ReferenceOTU1448 EUK.Mock.1_102358	40794
H	854	90	95.6	+	0	0	1605I90M42I	New.CleanUp.ReferenceOTU1448 EUK.Mock.1_102358	10764
H	3447	90	94.4	+	0	0	1645I90M66I	New.CleanUp.ReferenceOTU1448 EUK.Mock.1_102358	27744
H	9284	90	96.7	+	0	0	1663I13MI77M67I	New.CleanUp.ReferenceOTU1448 EUK.Mock.1_102358	80038
H	6170	90	95.6	+	0	0	1436I90M69I	New.CleanUp.ReferenceOTU1448 EUK.Mock.1_102358	52258
H	4934	90	95.6	+	0	0	1591I90M50I	New.CleanUp.ReferenceOTU1450 EUK.Mock.1_105795	40794
H	6170	90	94.4	+	0	0	1436I90M69I	New.CleanUp.ReferenceOTU1450 EUK.Mock.1_105795	52258
H	9284	90	95.6	+	0	0	1663I13MI77M67I	New.CleanUp.ReferenceOTU1450 EUK.Mock.1_105795	80038
H	854	90	94.4	+	0	0	1605I90M42I	New.CleanUp.ReferenceOTU1450 EUK.Mock.1_105795	10764
H	3447	90	93.3	+	0	0	1645I90M66I	New.CleanUp.ReferenceOTU1450 EUK.Mock.1_105795	27744
H	88	90	96.7	+	0	0	1111I90M69I	New.CleanUp.ReferenceOTU1455 EUK.Mock.1_64320	10084
H	4197	90	95.6	+	0	0	1637I90M64I	New.CleanUp.ReferenceOTU1455 EUK.Mock.1_64320	34288
H	6339	90	95.6	+	0	0	2364I90M500I	New.CleanUp.ReferenceOTU1455 EUK.Mock.1_64320	53760
H	818	90	92.2	+	0	0	1947I87M3D	New.CleanUp.ReferenceOTU1455 EUK.Mock.1_64320	107387
L	7339	2016	*	*	*	*	*	62826	*
H	7339	90	93.3	+	0	0	1633I90M293I	New.CleanUp.ReferenceOTU1455 EUK.Mock.1_64320	62826
H	4934	85	95.3	+	0	0	1591I85M55I	New.CleanUp.ReferenceOTU1458 EUK.Mock.1_64497	40794
H	854	85	94.1	+	0	0	1605I85M47I	New.CleanUp.ReferenceOTU1458 EUK.Mock.1_64497	10764
H	3447	85	92.9	+	0	0	1645I85M71I	New.CleanUp.ReferenceOTU1458 EUK.Mock.1_64497	27744
H	6170	85	94.1	+	0	0	1436I85M74I	New.CleanUp.ReferenceOTU1458 EUK.Mock.1_64497	52258
H	3878	85	90.6	+	0	0	1629I50MD34M161I	New.CleanUp.ReferenceOTU1458 EUK.Mock.1_64497	31618
H	4934	86	96.5	+	0	0	1591I86M54I	New.CleanUp.ReferenceOTU1460 EUK.Mock.1_93891	40794
H	9284	86	96.5	+	0	0	1663I13MI73M71I	New.CleanUp.ReferenceOTU1460 EUK.Mock.1_93891	80038
H	854	86	95.3	+	0	0	1605I86M46I	New.CleanUp.ReferenceOTU1460 EUK.Mock.1_93891	10764
H	6170	86	95.3	+	0	0	1436I86M73I	New.CleanUp.ReferenceOTU1460 EUK.Mock.1_93891	52258
H	3447	86	94.2	+	0	0	1645I86M70I	New.CleanUp.ReferenceOTU1460 EUK.Mock.1_93891	27744
H	5135	90	91.1	+	0	0	1633I90M69I	New.CleanUp.ReferenceOTU1461 EUK.Mock.1_76890	4269
H	5866	90	88.9	+	0	0	1559I90M55I	New.CleanUp.ReferenceOTU1461 EUK.Mock.1_76890	49307
H	8635	90	88.9	+	0	0	1644I90M55I	New.CleanUp.ReferenceOTU1461 EUK.Mock.1_76890	74171
H	5437	90	87.8	+	0	0	1634I90M56I	New.CleanUp.ReferenceOTU1461 EUK.Mock.1_76890	45474
H	2906	90	87.8	+	0	0	1573I90M50I	New.CleanUp.ReferenceOTU1461 EUK.Mock.1_76890	23075
H	8570	90	94.4	+	0	0	1668I90M70I	New.CleanUp.ReferenceOTU1463 EUK.Mock.1_76610	73609
H	7688	90	94.4	+	0	0	1582I90M585I	New.CleanUp.ReferenceOTU1463 EUK.Mock.1_76610	65995
H	564	90	88.9	+	0	0	1679I90M60I	New.CleanUp.ReferenceOTU1463 EUK.Mock.1_76610	105083
H	9379	90	88.9	+	0	0	1675I90M35I	New.CleanUp.ReferenceOTU1463 EUK.Mock.1_76610	80767
H	6400	90	84.4	+	0	0	1680I90M68I	New.CleanUp.ReferenceOTU1463 EUK.Mock.1_76610	54274
L	4596	1764	*	*	*	*	*	37746	*
H	4596	90	71.1	+	0	0	1623I90M51I	New.CleanUp.ReferenceOTU1464 EUK.Mock.1_8695	37746
L	11316	1746	*	*	*	*	*	97833	*
H	11316	90	73.3	+	0	0	1619I90M37I	New.CleanUp.ReferenceOTU1464 EUK.Mock.1_8695	97833
H	3878	90	80.0	+	0	0	1629I48MD41M156I	New.CleanUp.ReferenceOTU1464 EUK.Mock.1_8695	31618
H	854	90	82.2	+	0	0	1605I90M42I	New.CleanUp.ReferenceOTU1464 EUK.Mock.1_8695	10764
L	11500	1784	*	*	*	*	*	99356	*
H	11500	90	71.1	+	0	0	1634I90M60I	New.CleanUp.ReferenceOTU1464 EUK.Mock.1_8695	99356
H	9506	90	95.6	+	0	0	1632I90M75I	New.CleanUp.ReferenceOTU1471 EUK.Mock.1_74656	81821
H	11256	90	95.6	+	0	0	1391I90M72I	New.CleanUp.ReferenceOTU1471 EUK.Mock.1_74656	97289
H	11528	90	74.4	+	0	0	1589I40M2D32MD15M69I	New.CleanUp.ReferenceOTU1471 EUK.Mock.1_74656	99565
H	6002	90	72.2	+	0	0	1721I50M2D11MD26M704I	New.CleanUp.ReferenceOTU1471 EUK.Mock.1_74656	50609
L	8199	2305	*	*	*	*	*	70385	*
H	8199	90	77.8	+	0	0	1597I43M2D24MD20M621I	New.CleanUp.ReferenceOTU1471 EUK.Mock.1_74656	70385
H	9284	83	96.4	+	0	0	1663I13MI70M74I	New.CleanUp.ReferenceOTU1474 EUK.Mock.1_96020	80038
H	4934	83	96.4	+	0	0	1591I83M57I	New.CleanUp.ReferenceOTU1474 EUK.Mock.1_96020	40794
H	854	83	95.2	+	0	0	1605I83M49I	New.CleanUp.ReferenceOTU1474 EUK.Mock.1_96020	10764
H	6170	83	95.2	+	0	0	1436I83M76I	New.CleanUp.ReferenceOTU1474 EUK.Mock.1_96020	52258
H	3447	83	95.2	+	0	0	1645I83M73I	New.CleanUp.ReferenceOTU1474 EUK.Mock.1_96020	27744
H	5135	90	92.2	+	0	0	1633I90M69I	New.CleanUp.ReferenceOTU1476 EUK.Mock.1_19801	4269
H	5866	90	90.0	+	0	0	1559I90M55I	New.CleanUp.ReferenceOTU1476 EUK.Mock.1_19801	49307
H	5423	90	91.1	+	0	0	1602I90M39I	New.CleanUp.ReferenceOTU1476 EUK.Mock.1_19801	45376
H	8635	90	90.0	+	0	0	1644I90M55I	New.CleanUp.ReferenceOTU1476 EUK.Mock.1_19801	74171
H	8924	90	90.0	+	0	0	1580I90M50I	New.CleanUp.ReferenceOTU1476 EUK.Mock.1_19801	76542
H	5135	90	94.4	+	0	0	1633I46MI44M68I	New.CleanUp.ReferenceOTU1479 EUK.Mock.1_103809	4269
H	5866	90	92.2	+	0	0	1559I45MI45M54I	New.CleanUp.ReferenceOTU1479 EUK.Mock.1_103809	49307
H	5423	90	93.3	+	0	0	1602I46MI44M38I	New.CleanUp.ReferenceOTU1479 EUK.Mock.1_103809	45376
H	8635	90	92.2	+	0	0	1644I46MI44M54I	New.CleanUp.ReferenceOTU1479 EUK.Mock.1_103809	74171
H	2906	90	91.1	+	0	0	1573I46MI44M49I	New.CleanUp.ReferenceOTU1479 EUK.Mock.1_103809	23075
H	4934	90	96.7	+	0	0	1591I90M50I	New.CleanUp.ReferenceOTU1481 EUK.Mock.1_62642	40794
H	9284	90	96.7	+	0	0	1663I13MI77M67I	New.CleanUp.ReferenceOTU1481 EUK.Mock.1_62642	80038
H	6170	90	95.6	+	0	0	1436I90M69I	New.CleanUp.ReferenceOTU1481 EUK.Mock.1_62642	52258
H	854	90	95.6	+	0	0	1605I90M42I	New.CleanUp.ReferenceOTU1481 EUK.Mock.1_62642	10764
H	3447	90	94.4	+	0	0	1645I90M66I	New.CleanUp.ReferenceOTU1481 EUK.Mock.1_62642	27744
H	3171	90	92.2	+	0	0	1626I90M65I	New.CleanUp.ReferenceOTU1483 EUK.Mock.1_62640	25160
H	11143	90	87.8	+	0	0	1591I44MI21MI25M63I	New.CleanUp.ReferenceOTU1483 EUK.Mock.1_62640	96234
H	2726	90	90.0	+	0	0	1589I44MI21MI25M63I	New.CleanUp.ReferenceOTU1483 EUK.Mock.1_62640	21485
H	7875	90	88.9	+	0	0	1592I44MI20MI26M64I	New.CleanUp.ReferenceOTU1483 EUK.Mock.1_62640	67609
H	8717	90	88.9	+	0	0	1594I47MI16MI27M67I	New.CleanUp.ReferenceOTU1483 EUK.Mock.1_62640	74829
H	7688	90	91.1	+	0	0	1582I90M585I	New.CleanUp.ReferenceOTU1484 EUK.Mock.1_9505	65995
H	8570	90	91.1	+	0	0	1668I90M70I	New.CleanUp.ReferenceOTU1484 EUK.Mock.1_9505	73609
H	564	90	85.6	+	0	0	1679I90M60I	New.CleanUp.ReferenceOTU1484 EUK.Mock.1_9505	105083
H	9379	90	85.6	+	0	0	1675I90M35I	New.CleanUp.ReferenceOTU1484 EUK.Mock.1_9505	80767
H	137	90	83.3	+	0	0	1635I90M32I	New.CleanUp.ReferenceOTU1484 EUK.Mock.1_9505	101249
H	4104	90	95.6	+	0	0	1703I90M70I	New.CleanUp.ReferenceOTU149 EUK.Mock.1_25008	33585
H	9936	90	93.3	+	0	0	1706I64MD25M70I	New.CleanUp.ReferenceOTU149 EUK.Mock.1_25008	85366
L	10858	1855	*	*	*	*	*	93520	*
H	10858	90	90.0	+	0	0	1695I90M70I	New.CleanUp.ReferenceOTU149 EUK.Mock.1_25008	93520
H	7824	90	87.8	+	0	0	1714I90M70I	New.CleanUp.ReferenceOTU149 EUK.Mock.1_25008	67215
L	5762	1855	*	*	*	*	*	48063	*
H	5762	90	91.1	+	0	0	1695I90M70I	New.CleanUp.ReferenceOTU149 EUK.Mock.1_25008	48063
H	6170	74	94.6	+	0	0	1436I74M85I	New.CleanUp.ReferenceOTU1494 EUK.Mock.1_45206	52258
H	3447	74	94.6	+	0	0	1645I74M82I	New.CleanUp.ReferenceOTU1494 EUK.Mock.1_45206	27744
H	854	74	94.6	+	0	0	1605I74M58I	New.CleanUp.ReferenceOTU1494 EUK.Mock.1_45206	10764
H	4934	74	94.6	+	0	0	1591I74M66I	New.CleanUp.ReferenceOTU1494 EUK.Mock.1_45206	40794
L	1549	1504	*	*	*	*	*	113941	*
H	1549	74	86.5	+	0	0	1427I43M3D28M6I	New.CleanUp.ReferenceOTU1494 EUK.Mock.1_45206	113941
H	7688	90	91.1	+	0	0	1582I90M585I	New.CleanUp.ReferenceOTU1506 EUK.Mock.1_86530	65995
H	8570	90	91.1	+	0	0	1668I90M70I	New.CleanUp.ReferenceOTU1506 EUK.Mock.1_86530	73609
H	564	90	85.6	+	0	0	1679I90M60I	New.CleanUp.ReferenceOTU1506 EUK.Mock.1_86530	105083
H	9379	90	85.6	+	0	0	1675I90M35I	New.CleanUp.ReferenceOTU1506 EUK.Mock.1_86530	80767
H	6400	90	81.1	+	0	0	1680I90M68I	New.CleanUp.ReferenceOTU1506 EUK.Mock.1_86530	54274
H	7090	90	96.7	+	0	0	1644I90M66I	New.CleanUp.ReferenceOTU1509 EUK.Mock.1_78934	60815
H	88	90	96.7	+	0	0	1111I90M69I	New.CleanUp.ReferenceOTU1509 EUK.Mock.1_78934	10084
H	4197	90	95.6	+	0	0	1637I90M64I	New.CleanUp.ReferenceOTU1509 EUK.Mock.1_78934	34288
H	8619	90	95.6	+	0	0	1564I90M59I	New.CleanUp.ReferenceOTU1509 EUK.Mock.1_78934	74011
H	10251	90	93.3	+	0	0	1592I90M66I	New.CleanUp.ReferenceOTU1509 EUK.Mock.1_78934	88322
H	4634	90	92.2	+	0	0	1598I90M51I	New.CleanUp.ReferenceOTU1510 EUK.Mock.1_86538	38113
H	676	90	90.0	+	0	0	1643I90M55I	New.CleanUp.ReferenceOTU1510 EUK.Mock.1_86538	106081
H	7185	90	90.0	+	0	0	1649I90M69I	New.CleanUp.ReferenceOTU1510 EUK.Mock.1_86538	61571
H	7123	90	91.1	+	0	0	1549I90M12I	New.CleanUp.ReferenceOTU1510 EUK.Mock.1_86538	61087
H	4038	90	88.9	+	0	0	1617I90M34I	New.CleanUp.ReferenceOTU1510 EUK.Mock.1_86538	3287
H	8570	90	96.7	+	0	0	1668I90M70I	New.CleanUp.ReferenceOTU1514 EUK.Mock.1_2351	73609
H	7688	90	96.7	+	0	0	1582I90M585I	New.CleanUp.ReferenceOTU1514 EUK.Mock.1_2351	65995
H	564	90	91.1	+	0	0	1679I90M60I	New.CleanUp.ReferenceOTU1514 EUK.Mock.1_2351	105083
H	9379	90	91.1	+	0	0	1675I90M35I	New.CleanUp.ReferenceOTU1514 EUK.Mock.1_2351	80767
H	6400	90	87.8	+	0	0	1680I90M68I	New.CleanUp.ReferenceOTU1514 EUK.Mock.1_2351	54274
H	4934	86	95.3	+	0	0	1591I86M54I	New.CleanUp.ReferenceOTU1516 EUK.Mock.1_96591	40794
H	854	86	94.2	+	0	0	1605I86M46I	New.CleanUp.ReferenceOTU1516 EUK.Mock.1_96591	10764
H	6170	86	94.2	+	0	0	1436I86M73I	New.CleanUp.ReferenceOTU1516 EUK.Mock.1_96591	52258
H	9284	86	95.3	+	0	0	1663I13MI73M71I	New.CleanUp.ReferenceOTU1516 EUK.Mock.1_96591	80038
H	3447	86	93.0	+	0	0	1645I86M70I	New.CleanUp.ReferenceOTU1516 EUK.Mock.1_96591	27744
H	4634	90	94.4	+	0	0	1598I90M51I	New.CleanUp.ReferenceOTU1519 EUK.Mock.1_58744	38113
H	1387	90	92.2	+	0	0	1626I90M66I	New.CleanUp.ReferenceOTU1519 EUK.Mock.1_58744	112271
L	1242	1754	*	*	*	*	*	111098	*
H	1242	90	85.6	+	0	0	1625I61M3D26M42I	New.CleanUp.ReferenceOTU1519 EUK.Mock.1_58744	111098
H	676	90	92.2	+	0	0	1643I90M55I	New.CleanUp.ReferenceOTU1519 EUK.Mock.1_58744	106081
H	3034	90	92.2	+	0	0	1646I90M66I	New.CleanUp.ReferenceOTU1519 EUK.Mock.1_58744	24055
H	88	90	94.4	+	0	0	1111I90M69I	New.CleanUp.ReferenceOTU152 EUK.Mock.1_105620	10084
H	1012	90	91.1	+	0	0	1569I90M36I	New.CleanUp.ReferenceOTU152 EUK.Mock.1_105620	108861
L	2551	2204	*	*	*	*	*	19976	*
H	2551	90	93.3	+	0	0	2048I90M66I	New.CleanUp.ReferenceOTU152 EUK.Mock.1_105620	19976
H	4441	90	93.3	+	0	0	1641I90M66I	New.CleanUp.ReferenceOTU152 EUK.Mock.1_105620	36554
H	1782	90	91.1	+	0	0	1614I90M49I	New.CleanUp.ReferenceOTU152 EUK.Mock.1_105620	12935
H	4934	90	96.7	+	0	0	1591I90M50I	New.CleanUp.ReferenceOTU1522 EUK.Mock.1_102227	40794
H	9284	90	96.7	+	0	0	1663I13MI77M67I	New.CleanUp.ReferenceOTU1522 EUK.Mock.1_102227	80038
H	6170	90	95.6	+	0	0	1436I90M69I	New.CleanUp.ReferenceOTU1522 EUK.Mock.1_102227	52258
H	854	90	95.6	+	0	0	1605I90M42I	New.CleanUp.ReferenceOTU1522 EUK.Mock.1_102227	10764
H	3447	90	94.4	+	0	0	1645I90M66I	New.CleanUp.ReferenceOTU1522 EUK.Mock.1_102227	27744
H	11256	90	95.6	+	0	0	1391I90M72I	New.CleanUp.ReferenceOTU1523 EUK.Mock.1_27606	97289
H	9506	90	95.6	+	0	0	1632I90M75I	New.CleanUp.ReferenceOTU1523 EUK.Mock.1_27606	81821
L	4220	1774	*	*	*	*	*	34442	*
H	4220	90	70.0	+	0	0	1637I38M2D38MD11M50I	New.CleanUp.ReferenceOTU1523 EUK.Mock.1_27606	34442
L	7960	1251	*	*	*	*	*	68401	*
H	7960	90	71.1	+	0	0	1097I39M6I16MD34M59I	New.CleanUp.ReferenceOTU1523 EUK.Mock.1_27606	68401
H	1881	90	75.6	+	0	0	1656I38M2D29MD20M57I	New.CleanUp.ReferenceOTU1523 EUK.Mock.1_27606	13813
H	4934	90	95.6	+	0	0	1591I90M50I	New.CleanUp.ReferenceOTU1527 EUK.Mock.1_71735	40794
H	9284	90	95.6	+	0	0	1663I13MI77M67I	New.CleanUp.ReferenceOTU1527 EUK.Mock.1_71735	80038
H	6170	90	94.4	+	0	0	1436I90M69I	New.CleanUp.ReferenceOTU1527 EUK.Mock.1_71735	52258
H	854	90	94.4	+	0	0	1605I90M42I	New.CleanUp.ReferenceOTU1527 EUK.Mock.1_71735	10764
H	3447	90	93.3	+	0	0	1645I90M66I	New.CleanUp.ReferenceOTU1527 EUK.Mock.1_71735	27744
H	7760	90	88.9	+	0	0	1279I62MI28M34I	New.CleanUp.ReferenceOTU1529 EUK.Mock.1_71733	66673
H	4863	90	88.9	+	0	0	1251I62MI28M34I	New.CleanUp.ReferenceOTU1529 EUK.Mock.1_71733	40103
H	7123	90	87.8	+	0	0	1549I90M12I	New.CleanUp.ReferenceOTU1529 EUK.Mock.1_71733	61087
H	7185	90	86.7	+	0	0	1649I90M69I	New.CleanUp.ReferenceOTU1529 EUK.Mock.1_71733	61571
H	3103	90	87.8	+	0	0	1290I62MI28M33I	New.CleanUp.ReferenceOTU1529 EUK.Mock.1_71733	2467
N	*	90	*	*	*	*	*	New.CleanUp.ReferenceOTU1534 EUK.Mock.1_3259	*
H	4934	90	96.7	+	0	0	1591I90M50I	New.CleanUp.ReferenceOTU1544 EUK.Mock.1_38520	40794
H	6170	90	95.6	+	0	0	1436I90M69I	New.CleanUp.ReferenceOTU1544 EUK.Mock.1_38520	52258
H	854	90	95.6	+	0	0	1605I90M42I	New.CleanUp.ReferenceOTU1544 EUK.Mock.1_38520	10764
H	3447	90	94.4	+	0	0	1645I90M66I	New.CleanUp.ReferenceOTU1544 EUK.Mock.1_38520	27744
H	9284	90	96.7	+	0	0	1663I13MI77M67I	New.CleanUp.ReferenceOTU1544 EUK.Mock.1_38520	80038
H	8570	90	96.7	+	0	0	1668I90M70I	New.CleanUp.ReferenceOTU1545 EUK.Mock.1_33425	73609
H	7688	90	96.7	+	0	0	1582I90M585I	New.CleanUp.ReferenceOTU1545 EUK.Mock.1_33425	65995
H	564	90	91.1	+	0	0	1679I90M60I	New.CleanUp.ReferenceOTU1545 EUK.Mock.1_33425	105083
H	9379	90	91.1	+	0	0	1675I90M35I	New.CleanUp.ReferenceOTU1545 EUK.Mock.1_33425	80767
H	4314	90	86.7	+	0	0	1647I90M41I	New.CleanUp.ReferenceOTU1545 EUK.Mock.1_33425	354
H	4934	90	96.7	+	0	0	1591I90M50I	New.CleanUp.ReferenceOTU1549 EUK.Mock.1_106309	40794
H	6170	90	95.6	+	0	0	1436I90M69I	New.CleanUp.ReferenceOTU1549 EUK.Mock.1_106309	52258
H	9284	90	96.7	+	0	0	1663I13MI77M67I	New.CleanUp.ReferenceOTU1549 EUK.Mock.1_106309	80038
H	854	90	95.6	+	0	0	1605I90M42I	New.CleanUp.ReferenceOTU1549 EUK.Mock.1_106309	10764
H	3447	90	94.4	+	0	0	1645I90M66I	New.CleanUp.ReferenceOTU1549 EUK.Mock.1_106309	27744
H	7688	90	96.7	+	0	0	1582I90M585I	New.CleanUp.ReferenceOTU155 EUK.Mock.1_69188	65995
H	8570	90	96.7	+	0	0	1668I90M70I	New.CleanUp.ReferenceOTU155 EUK.Mock.1_69188	73609
H	9760	90	87.8	+	0	0	1657I85M5D	New.CleanUp.ReferenceOTU155 EUK.Mock.1_69188	8379
H	564	90	91.1	+	0	0	1679I90M60I	New.CleanUp.ReferenceOTU155 EUK.Mock.1_69188	105083
H	4314	90	86.7	+	0	0	1647I90M41I	New.CleanUp.ReferenceOTU155 EUK.Mock.1_69188	354
H	4934	76	96.1	+	0	0	1591I76M64I	New.CleanUp.ReferenceOTU1556 EUK.Mock.1_103063	40794
H	6170	76	96.1	+	0	0	1436I76M83I	New.CleanUp.ReferenceOTU1556 EUK.Mock.1_103063	52258
H	854	76	96.1	+	0	0	1605I76M56I	New.CleanUp.ReferenceOTU1556 EUK.Mock.1_103063	10764
H	3447	76	96.1	+	0	0	1645I76M80I	New.CleanUp.ReferenceOTU1556 EUK.Mock.1_103063	27744
H	10646	76	94.7	+	0	0	1646I76M55I	New.CleanUp.ReferenceOTU1556 EUK.Mock.1_103063	91684
H	4934	90	96.7	+	0	0	1591I90M50I	New.CleanUp.ReferenceOTU1558 EUK.Mock.1_107491	40794
H	854	90	95.6	+	0	0	1605I90M42I	New.CleanUp.ReferenceOTU1558 EUK.Mock.1_107491	10764
H	6170	90	95.6	+	0	0	1436I90M69I	New.CleanUp.ReferenceOTU1558 EUK.Mock.1_107491	52258
H	3447	90	94.4	+	0	0	1645I90M66I	New.CleanUp.ReferenceOTU1558 EUK.Mock.1_107491	27744
H	9284	90	96.7	+	0	0	1663I13MI77M67I	New.CleanUp.ReferenceOTU1558 EUK.Mock.1_107491	80038
H	4104	90	95.6	+	0	0	1703I90M70I	New.CleanUp.ReferenceOTU157 EUK.Mock.1_104486	33585
H	254	90	92.2	+	0	0	1706I90M68I	New.CleanUp.ReferenceOTU157 EUK.Mock.1_104486	102297
L	1952	1847	*	*	*	*	*	14424	*
H	1952	90	90.0	+	0	0	1687I90M70I	New.CleanUp.ReferenceOTU157 EUK.Mock.1_104486	14424
H	9936	90	93.3	+	0	0	1706I62MD27M70I	New.CleanUp.ReferenceOTU157 EUK.Mock.1_104486	85366
H	10858	90	90.0	+	0	0	1695I90M70I	New.CleanUp.ReferenceOTU157 EUK.Mock.1_104486	93520
H	7688	84	95.2	+	0	0	1582I84M591I	New.CleanUp.ReferenceOTU1571 EUK.Mock.1_107543	65995
H	8570	84	95.2	+	0	0	1668I84M76I	New.CleanUp.ReferenceOTU1571 EUK.Mock.1_107543	73609
H	9760	84	90.5	+	0	0	1657I84MI	New.CleanUp.ReferenceOTU1571 EUK.Mock.1_107543	8379
H	564	84	89.3	+	0	0	1679I84M66I	New.CleanUp.ReferenceOTU1571 EUK.Mock.1_107543	105083
H	9379	84	89.3	+	0	0	1675I84M41I	New.CleanUp.ReferenceOTU1571 EUK.Mock.1_107543	80767
N	*	90	*	*	*	*	*	New.CleanUp.ReferenceOTU1572 EUK.Mock.1_107016	*
H	11256	90	95.6	+	0	0	1391I63MI27M71I	New.CleanUp.ReferenceOTU1573 EUK.Mock.1_108365	97289
H	9506	90	95.6	+	0	0	1632I63MI27M74I	New.CleanUp.ReferenceOTU1573 EUK.Mock.1_108365	81821
L	5097	1766	*	*	*	*	*	42222	*
H	5097	90	70.0	+	0	0	1633I39M2D49M45I	New.CleanUp.ReferenceOTU1573 EUK.Mock.1_108365	42222
H	6002	90	70.0	+	0	0	1721I49M2D39M703I	New.CleanUp.ReferenceOTU1573 EUK.Mock.1_108365	50609
L	4546	1221	*	*	*	*	*	37371	*
H	4546	90	70.0	+	0	0	1078I39M2D49M55I	New.CleanUp.ReferenceOTU1573 EUK.Mock.1_108365	37371
H	4934	90	95.6	+	0	0	1591I90M50I	New.CleanUp.ReferenceOTU1575 EUK.Mock.1_107545	40794
H	6170	90	94.4	+	0	0	1436I90M69I	New.CleanUp.ReferenceOTU1575 EUK.Mock.1_107545	52258
H	9284	90	95.6	+	0	0	1663I13MI77M67I	New.CleanUp.ReferenceOTU1575 EUK.Mock.1_107545	80038
H	854	90	94.4	+	0	0	1605I90M42I	New.CleanUp.ReferenceOTU1575 EUK.Mock.1_107545	10764
H	3447	90	93.3	+	0	0	1645I90M66I	New.CleanUp.ReferenceOTU1575 EUK.Mock.1_107545	27744
H	4934	90	96.7	+	0	0	1591I90M50I	New.CleanUp.ReferenceOTU1576 EUK.Mock.1_97400	40794
H	854	90	95.6	+	0	0	1605I90M42I	New.CleanUp.ReferenceOTU1576 EUK.Mock.1_97400	10764
H	9284	90	96.7	+	0	0	1663I13MI77M67I	New.CleanUp.ReferenceOTU1576 EUK.Mock.1_97400	80038
H	6170	90	95.6	+	0	0	1436I90M69I	New.CleanUp.ReferenceOTU1576 EUK.Mock.1_97400	52258
H	3447	90	94.4	+	0	0	1645I90M66I	New.CleanUp.ReferenceOTU1576 EUK.Mock.1_97400	27744
H	7688	69	95.7	+	0	0	1582I69M606I	New.CleanUp.ReferenceOTU1577 EUK.Mock.1_27465	65995
H	8570	69	95.7	+	0	0	1668I69M91I	New.CleanUp.ReferenceOTU1577 EUK.Mock.1_27465	73609
H	9760	69	89.9	+	0	0	1657I69M16I	New.CleanUp.ReferenceOTU1577 EUK.Mock.1_27465	8379
H	564	69	88.4	+	0	0	1679I69M81I	New.CleanUp.ReferenceOTU1577 EUK.Mock.1_27465	105083
H	8790	69	89.9	+	0	0	1630I69M51I	New.CleanUp.ReferenceOTU1577 EUK.Mock.1_27465	75440
H	3171	90	96.7	+	0	0	1626I90M65I	New.CleanUp.ReferenceOTU1578 EUK.Mock.1_108364	25160
H	8717	90	92.2	+	0	0	1594I44MI19MI27M67I	New.CleanUp.ReferenceOTU1578 EUK.Mock.1_108364	74829
H	7503	90	88.9	+	0	0	1585I90M64I	New.CleanUp.ReferenceOTU1578 EUK.Mock.1_108364	64286
H	7875	90	94.4	+	0	0	1592I44MI20MI26M64I	New.CleanUp.ReferenceOTU1578 EUK.Mock.1_108364	67609
H	11143	90	91.1	+	0	0	1591I44MI21MI25M63I	New.CleanUp.ReferenceOTU1578 EUK.Mock.1_108364	96234
H	4934	90	95.6	+	0	0	1591I90M50I	New.CleanUp.ReferenceOTU1579 EUK.Mock.1_72396	40794
H	6170	90	94.4	+	0	0	1436I90M69I	New.CleanUp.ReferenceOTU1579 EUK.Mock.1_72396	52258
H	3878	90	92.2	+	0	0	1629I50MD39M156I	New.CleanUp.ReferenceOTU1579 EUK.Mock.1_72396	31618
H	854	90	94.4	+	0	0	1605I90M42I	New.CleanUp.ReferenceOTU1579 EUK.Mock.1_72396	10764
H	3447	90	93.3	+	0	0	1645I90M66I	New.CleanUp.ReferenceOTU1579 EUK.Mock.1_72396	27744
H	3531	77	92.2	+	0	0	1625I77M78I	New.CleanUp.ReferenceOTU1580 EUK.Mock.1_71280	28560
H	8924	77	92.2	+	0	0	1580I77M63I	New.CleanUp.ReferenceOTU1580 EUK.Mock.1_71280	76542
H	2906	77	89.6	+	0	0	1573I77M63I	New.CleanUp.ReferenceOTU1580 EUK.Mock.1_71280	23075
H	5135	77	93.5	+	0	0	1633I77M82I	New.CleanUp.ReferenceOTU1580 EUK.Mock.1_71280	4269
H	4099	77	90.9	+	0	0	1596I77M8I	New.CleanUp.ReferenceOTU1580 EUK.Mock.1_71280	33523
H	11256	90	96.7	+	0	0	1391I90M72I	New.CleanUp.ReferenceOTU1583 EUK.Mock.1_11757	97289
H	9506	90	96.7	+	0	0	1632I90M75I	New.CleanUp.ReferenceOTU1583 EUK.Mock.1_11757	81821
L	6297	1849	*	*	*	*	*	53327	*
H	6297	90	70.0	+	0	0	1644I49M5D18M2I18M118I	New.CleanUp.ReferenceOTU1583 EUK.Mock.1_11757	53327
L	3106	1845	*	*	*	*	*	24682	*
H	3106	90	71.1	+	0	0	1701I49M5D5M2I31M57I	New.CleanUp.ReferenceOTU1583 EUK.Mock.1_11757	24682
H	5603	90	72.2	+	0	0	1633I37M2D22MD28M58I	New.CleanUp.ReferenceOTU1583 EUK.Mock.1_11757	46764
H	676	90	84.4	+	0	0	1643I90M55I	New.CleanUp.ReferenceOTU1586 EUK.Mock.1_15404	106081
H	4634	90	86.7	+	0	0	1598I90M51I	New.CleanUp.ReferenceOTU1586 EUK.Mock.1_15404	38113
H	7123	90	86.7	+	0	0	1549I90M12I	New.CleanUp.ReferenceOTU1586 EUK.Mock.1_15404	61087
H	7185	90	85.6	+	0	0	1649I90M69I	New.CleanUp.ReferenceOTU1586 EUK.Mock.1_15404	61571
H	3242	90	85.6	+	0	0	1639I90M133I	New.CleanUp.ReferenceOTU1586 EUK.Mock.1_15404	25771
H	5135	90	92.2	+	0	0	1633I90M69I	New.CleanUp.ReferenceOTU1587 EUK.Mock.1_85536	4269
H	5437	90	87.8	+	0	0	1634I90M56I	New.CleanUp.ReferenceOTU1587 EUK.Mock.1_85536	45474
H	2906	90	88.9	+	0	0	1573I90M50I	New.CleanUp.ReferenceOTU1587 EUK.Mock.1_85536	23075
H	5866	90	90.0	+	0	0	1559I90M55I	New.CleanUp.ReferenceOTU1587 EUK.Mock.1_85536	49307
H	8635	90	90.0	+	0	0	1644I90M55I	New.CleanUp.ReferenceOTU1587 EUK.Mock.1_85536	74171
N	*	90	*	*	*	*	*	New.CleanUp.ReferenceOTU1591 EUK.Mock.1_21341	*
H	3447	79	96.2	+	0	0	1645I79M77I	New.CleanUp.ReferenceOTU1592 EUK.Mock.1_23672	27744
H	6170	79	96.2	+	0	0	1436I79M80I	New.CleanUp.ReferenceOTU1592 EUK.Mock.1_23672	52258
H	9284	79	96.2	+	0	0	1663I13MI66M78I	New.CleanUp.ReferenceOTU1592 EUK.Mock.1_23672	80038
H	854	79	96.2	+	0	0	1605I79M53I	New.CleanUp.ReferenceOTU1592 EUK.Mock.1_23672	10764
H	4934	79	96.2	+	0	0	1591I79M61I	New.CleanUp.ReferenceOTU1592 EUK.Mock.1_23672	40794
N	*	90	*	*	*	*	*	New.CleanUp.ReferenceOTU1594 EUK.Mock.1_81627	*
H	4934	90	96.7	+	0	0	1591I90M50I	New.CleanUp.ReferenceOTU1599 EUK.Mock.1_61785	40794
H	6170	90	95.6	+	0	0	1436I90M69I	New.CleanUp.ReferenceOTU1599 EUK.Mock.1_61785	52258
H	9284	90	96.7	+	0	0	1663I13MI77M67I	New.CleanUp.ReferenceOTU1599 EUK.Mock.1_61785	80038
H	854	90	95.6	+	0	0	1605I90M42I	New.CleanUp.ReferenceOTU1599 EUK.Mock.1_61785	10764
H	3447	90	94.4	+	0	0	1645I90M66I	New.CleanUp.ReferenceOTU1599 EUK.Mock.1_61785	27744
H	854	86	94.2	+	0	0	1605I86M46I	New.CleanUp.ReferenceOTU1603 EUK.Mock.1_25929	10764
H	4934	86	95.3	+	0	0	1591I86M54I	New.CleanUp.ReferenceOTU1603 EUK.Mock.1_25929	40794
H	3447	86	93.0	+	0	0	1645I86M70I	New.CleanUp.ReferenceOTU1603 EUK.Mock.1_25929	27744
H	6170	86	94.2	+	0	0	1436I86M73I	New.CleanUp.ReferenceOTU1603 EUK.Mock.1_25929	52258
H	10646	86	91.9	+	0	0	1646I86M45I	New.CleanUp.ReferenceOTU1603 EUK.Mock.1_25929	91684
N	*	90	*	*	*	*	*	New.CleanUp.ReferenceOTU1604 EUK.Mock.1_91670	*
H	4934	90	96.7	+	0	0	1591I90M50I	New.CleanUp.ReferenceOTU1606 EUK.Mock.1_103250	40794
H	854	90	95.6	+	0	0	1605I90M42I	New.CleanUp.ReferenceOTU1606 EUK.Mock.1_103250	10764
H	6170	90	95.6	+	0	0	1436I90M69I	New.CleanUp.ReferenceOTU1606 EUK.Mock.1_103250	52258
H	9284	90	96.7	+	0	0	1663I13MI77M67I	New.CleanUp.ReferenceOTU1606 EUK.Mock.1_103250	80038
H	3447	90	94.4	+	0	0	1645I90M66I	New.CleanUp.ReferenceOTU1606 EUK.Mock.1_103250	27744
H	4934	90	96.7	+	0	0	1591I90M50I	New.CleanUp.ReferenceOTU1608 EUK.Mock.1_103254	40794
H	6170	90	95.6	+	0	0	1436I90M69I	New.CleanUp.ReferenceOTU1608 EUK.Mock.1_103254	52258
H	854	90	95.6	+	0	0	1605I90M42I	New.CleanUp.ReferenceOTU1608 EUK.Mock.1_103254	10764
H	3447	90	94.4	+	0	0	1645I90M66I	New.CleanUp.ReferenceOTU1608 EUK.Mock.1_103254	27744
H	9284	90	96.7	+	0	0	1663I13MI77M67I	New.CleanUp.ReferenceOTU1608 EUK.Mock.1_103254	80038
H	9936	90	95.6	+	0	0	1706I62MD27M70I	New.CleanUp.ReferenceOTU1614 EUK.Mock.1_6374	85366
H	4104	90	95.6	+	0	0	1703I90M70I	New.CleanUp.ReferenceOTU1614 EUK.Mock.1_6374	33585
H	1313	90	93.3	+	0	0	1729I51MI39M70I	New.CleanUp.ReferenceOTU1614 EUK.Mock.1_6374	111701
H	465	90	93.3	+	0	0	1759I51MI39M70I	New.CleanUp.ReferenceOTU1614 EUK.Mock.1_6374	104302
L	7925	1864	*	*	*	*	*	68080	*
H	7925	90	91.1	+	0	0	1704I60M2I30M68I	New.CleanUp.ReferenceOTU1614 EUK.Mock.1_6374	68080
H	8570	90	96.7	+	0	0	1668I90M70I	New.CleanUp.ReferenceOTU1620 EUK.Mock.1_71198	73609
H	7688	90	96.7	+	0	0	1582I90M585I	New.CleanUp.ReferenceOTU1620 EUK.Mock.1_71198	65995
H	564	90	91.1	+	0	0	1679I90M60I	New.CleanUp.ReferenceOTU1620 EUK.Mock.1_71198	105083
H	9379	90	91.1	+	0	0	1675I90M35I	New.CleanUp.ReferenceOTU1620 EUK.Mock.1_71198	80767
H	4314	90	86.7	+	0	0	1647I90M41I	New.CleanUp.ReferenceOTU1620 EUK.Mock.1_71198	354
H	7090	90	96.7	+	0	0	1644I90M66I	New.CleanUp.ReferenceOTU1624 EUK.Mock.1_7319	60815
H	8817	90	96.7	+	0	0	1616I63MI16MI11M33I	New.CleanUp.ReferenceOTU1624 EUK.Mock.1_7319	75599
H	2803	90	95.6	+	0	0	1562I90M34I	New.CleanUp.ReferenceOTU1624 EUK.Mock.1_7319	22189
H	8619	90	95.6	+	0	0	1564I90M59I	New.CleanUp.ReferenceOTU1624 EUK.Mock.1_7319	74011
H	623	90	93.3	+	0	0	1499I90M9I	New.CleanUp.ReferenceOTU1624 EUK.Mock.1_7319	105574
H	88	90	96.7	+	0	0	1111I90M69I	New.CleanUp.ReferenceOTU1625 EUK.Mock.1_3107	10084
H	4197	90	95.6	+	0	0	1637I90M64I	New.CleanUp.ReferenceOTU1625 EUK.Mock.1_3107	34288
H	279	90	95.6	+	0	0	1595I90M32I	New.CleanUp.ReferenceOTU1625 EUK.Mock.1_3107	102447
H	818	90	92.2	+	0	0	1947I87M3D	New.CleanUp.ReferenceOTU1625 EUK.Mock.1_3107	107387
H	10251	90	93.3	+	0	0	1592I90M66I	New.CleanUp.ReferenceOTU1625 EUK.Mock.1_3107	88322
N	*	90	*	*	*	*	*	New.CleanUp.ReferenceOTU163 EUK.Mock.1_7984	*
H	4934	83	95.2	+	0	0	1591I83M57I	New.CleanUp.ReferenceOTU1630 EUK.Mock.1_103492	40794
H	854	83	94.0	+	0	0	1605I83M49I	New.CleanUp.ReferenceOTU1630 EUK.Mock.1_103492	10764
H	3447	83	94.0	+	0	0	1645I83M73I	New.CleanUp.ReferenceOTU1630 EUK.Mock.1_103492	27744
H	6170	83	94.0	+	0	0	1436I83M76I	New.CleanUp.ReferenceOTU1630 EUK.Mock.1_103492	52258
H	3878	83	91.6	+	0	0	1629I49MD33M163I	New.CleanUp.ReferenceOTU1630 EUK.Mock.1_103492	31618
H	3171	90	97.8	+	0	0	1626I90M65I	New.CleanUp.ReferenceOTU1631 EUK.Mock.1_85551	25160
H	8717	90	95.6	+	0	0	1594I47MI16MI27M67I	New.CleanUp.ReferenceOTU1631 EUK.Mock.1_85551	74829
H	7875	90	96.7	+	0	0	1592I45MI19MI26M64I	New.CleanUp.ReferenceOTU1631 EUK.Mock.1_85551	67609
H	2726	90	95.6	+	0	0	1589I45MI20MI25M63I	New.CleanUp.ReferenceOTU1631 EUK.Mock.1_85551	21485
H	7503	90	92.2	+	0	0	1585I90M64I	New.CleanUp.ReferenceOTU1631 EUK.Mock.1_85551	64286
H	4934	90	96.7	+	0	0	1591I90M50I	New.CleanUp.ReferenceOTU1632 EUK.Mock.1_2476	40794
H	9284	90	96.7	+	0	0	1663I13MI77M67I	New.CleanUp.ReferenceOTU1632 EUK.Mock.1_2476	80038
H	854	90	95.6	+	0	0	1605I90M42I	New.CleanUp.ReferenceOTU1632 EUK.Mock.1_2476	10764
H	6170	90	95.6	+	0	0	1436I90M69I	New.CleanUp.ReferenceOTU1632 EUK.Mock.1_2476	52258
H	3447	90	94.4	+	0	0	1645I90M66I	New.CleanUp.ReferenceOTU1632 EUK.Mock.1_2476	27744
H	8570	90	95.6	+	0	0	1668I90M70I	New.CleanUp.ReferenceOTU1636 EUK.Mock.1_42627	73609
H	7688	90	95.6	+	0	0	1582I90M585I	New.CleanUp.ReferenceOTU1636 EUK.Mock.1_42627	65995
H	564	90	90.0	+	0	0	1679I90M60I	New.CleanUp.ReferenceOTU1636 EUK.Mock.1_42627	105083
H	6400	90	86.7	+	0	0	1680I90M68I	New.CleanUp.ReferenceOTU1636 EUK.Mock.1_42627	54274
H	9379	90	90.0	+	0	0	1675I90M35I	New.CleanUp.ReferenceOTU1636 EUK.Mock.1_42627	80767
H	7688	90	96.7	+	0	0	1582I90M585I	New.CleanUp.ReferenceOTU1639 EUK.Mock.1_104162	65995
H	8570	90	96.7	+	0	0	1668I90M70I	New.CleanUp.ReferenceOTU1639 EUK.Mock.1_104162	73609
H	564	90	91.1	+	0	0	1679I90M60I	New.CleanUp.ReferenceOTU1639 EUK.Mock.1_104162	105083
H	9379	90	91.1	+	0	0	1675I90M35I	New.CleanUp.ReferenceOTU1639 EUK.Mock.1_104162	80767
H	4314	90	86.7	+	0	0	1647I90M41I	New.CleanUp.ReferenceOTU1639 EUK.Mock.1_104162	354
H	8570	90	96.7	+	0	0	1668I90M70I	New.CleanUp.ReferenceOTU1642 EUK.Mock.1_95549	73609
H	7688	90	96.7	+	0	0	1582I90M585I	New.CleanUp.ReferenceOTU1642 EUK.Mock.1_95549	65995
H	564	90	91.1	+	0	0	1679I90M60I	New.CleanUp.ReferenceOTU1642 EUK.Mock.1_95549	105083
H	4314	90	88.9	+	0	0	1647I90M41I	New.CleanUp.ReferenceOTU1642 EUK.Mock.1_95549	354
H	6400	90	90.0	+	0	0	1680I90M68I	New.CleanUp.ReferenceOTU1642 EUK.Mock.1_95549	54274
H	3034	90	94.4	+	0	0	1646I90M66I	New.CleanUp.ReferenceOTU1646 EUK.Mock.1_65445	24055
H	4038	90	92.2	+	0	0	1617I90M34I	New.CleanUp.ReferenceOTU1646 EUK.Mock.1_65445	3287
H	7123	90	95.6	+	0	0	1549I90M12I	New.CleanUp.ReferenceOTU1646 EUK.Mock.1_65445	61087
H	4634	90	95.6	+	0	0	1598I90M51I	New.CleanUp.ReferenceOTU1646 EUK.Mock.1_65445	38113
H	7185	90	94.4	+	0	0	1649I90M69I	New.CleanUp.ReferenceOTU1646 EUK.Mock.1_65445	61571
H	4934	83	96.4	+	0	0	1591I83M57I	New.CleanUp.ReferenceOTU1647 EUK.Mock.1_65331	40794
H	854	83	95.2	+	0	0	1605I83M49I	New.CleanUp.ReferenceOTU1647 EUK.Mock.1_65331	10764
H	6170	83	95.2	+	0	0	1436I83M76I	New.CleanUp.ReferenceOTU1647 EUK.Mock.1_65331	52258
H	3447	83	95.2	+	0	0	1645I83M73I	New.CleanUp.ReferenceOTU1647 EUK.Mock.1_65331	27744
H	1479	83	91.6	+	0	0	1652I62MI21M76I	New.CleanUp.ReferenceOTU1647 EUK.Mock.1_65331	113311
H	6170	90	96.7	+	0	0	1436I90M69I	New.CleanUp.ReferenceOTU1648 EUK.Mock.1_98190	52258
H	4934	90	96.7	+	0	0	1591I90M50I	New.CleanUp.ReferenceOTU1648 EUK.Mock.1_98190	40794
H	854	90	95.6	+	0	0	1605I90M42I	New.CleanUp.ReferenceOTU1648 EUK.Mock.1_98190	10764
H	3447	90	95.6	+	0	0	1645I90M66I	New.CleanUp.ReferenceOTU1648 EUK.Mock.1_98190	27744
H	10646	90	94.4	+	0	0	1646I90M41I	New.CleanUp.ReferenceOTU1648 EUK.Mock.1_98190	91684
H	4934	90	95.6	+	0	0	1591I90M50I	New.CleanUp.ReferenceOTU1649 EUK.Mock.1_60123	40794
H	6170	90	94.4	+	0	0	1436I90M69I	New.CleanUp.ReferenceOTU1649 EUK.Mock.1_60123	52258
H	9284	90	95.6	+	0	0	1663I13MI77M67I	New.CleanUp.ReferenceOTU1649 EUK.Mock.1_60123	80038
H	854	90	94.4	+	0	0	1605I90M42I	New.CleanUp.ReferenceOTU1649 EUK.Mock.1_60123	10764
H	1549	90	74.4	+	0	0	1427I43M3D34M10D	New.CleanUp.ReferenceOTU1649 EUK.Mock.1_60123	113941
H	9506	90	94.4	+	0	0	1632I90M75I	New.CleanUp.ReferenceOTU165 EUK.Mock.1_98146	81821
H	11256	90	94.4	+	0	0	1391I90M72I	New.CleanUp.ReferenceOTU165 EUK.Mock.1_98146	97289
H	1881	90	74.4	+	0	0	1656I38M2D29MD20M57I	New.CleanUp.ReferenceOTU165 EUK.Mock.1_98146	13813
H	4125	90	75.6	+	0	0	1628I37M2D30MD20M42I	New.CleanUp.ReferenceOTU165 EUK.Mock.1_98146	33757
H	5603	90	72.2	+	0	0	1633I38M2D21MD28M58I	New.CleanUp.ReferenceOTU165 EUK.Mock.1_98146	46764
H	4934	90	96.7	+	0	0	1591I90M50I	New.CleanUp.ReferenceOTU1650 EUK.Mock.1_89985	40794
H	9284	90	96.7	+	0	0	1663I13MI77M67I	New.CleanUp.ReferenceOTU1650 EUK.Mock.1_89985	80038
H	854	90	95.6	+	0	0	1605I90M42I	New.CleanUp.ReferenceOTU1650 EUK.Mock.1_89985	10764
H	6170	90	95.6	+	0	0	1436I90M69I	New.CleanUp.ReferenceOTU1650 EUK.Mock.1_89985	52258
H	3447	90	94.4	+	0	0	1645I90M66I	New.CleanUp.ReferenceOTU1650 EUK.Mock.1_89985	27744
H	854	82	96.3	+	0	0	1605I82M50I	New.CleanUp.ReferenceOTU1652 EUK.Mock.1_89297	10764
H	4934	82	96.3	+	0	0	1591I82M58I	New.CleanUp.ReferenceOTU1652 EUK.Mock.1_89297	40794
H	3447	82	95.1	+	0	0	1645I82M74I	New.CleanUp.ReferenceOTU1652 EUK.Mock.1_89297	27744
H	6170	82	95.1	+	0	0	1436I82M77I	New.CleanUp.ReferenceOTU1652 EUK.Mock.1_89297	52258
H	3878	82	93.9	+	0	0	1629I52MD29M164I	New.CleanUp.ReferenceOTU1652 EUK.Mock.1_89297	31618
H	7688	90	94.4	+	0	0	1582I90M585I	New.CleanUp.ReferenceOTU1653 EUK.Mock.1_80378	65995
H	8570	90	94.4	+	0	0	1668I90M70I	New.CleanUp.ReferenceOTU1653 EUK.Mock.1_80378	73609
H	564	90	90.0	+	0	0	1679I90M60I	New.CleanUp.ReferenceOTU1653 EUK.Mock.1_80378	105083
H	6400	90	86.7	+	0	0	1680I90M68I	New.CleanUp.ReferenceOTU1653 EUK.Mock.1_80378	54274
H	4314	90	86.7	+	0	0	1647I90M41I	New.CleanUp.ReferenceOTU1653 EUK.Mock.1_80378	354
N	*	90	*	*	*	*	*	New.CleanUp.ReferenceOTU1659 EUK.Mock.1_65249	*
H	854	76	94.7	+	0	0	1605I76M56I	New.CleanUp.ReferenceOTU1664 EUK.Mock.1_104567	10764
H	6170	76	94.7	+	0	0	1436I76M83I	New.CleanUp.ReferenceOTU1664 EUK.Mock.1_104567	52258
H	3447	76	94.7	+	0	0	1645I76M80I	New.CleanUp.ReferenceOTU1664 EUK.Mock.1_104567	27744
H	4934	76	94.7	+	0	0	1591I76M64I	New.CleanUp.ReferenceOTU1664 EUK.Mock.1_104567	40794
H	9284	76	94.7	+	0	0	1663I13MI63M81I	New.CleanUp.ReferenceOTU1664 EUK.Mock.1_104567	80038
H	6170	82	95.1	+	0	0	1436I82M77I	New.CleanUp.ReferenceOTU167 EUK.Mock.1_104717	52258
H	3447	82	95.1	+	0	0	1645I82M74I	New.CleanUp.ReferenceOTU167 EUK.Mock.1_104717	27744
H	854	82	96.3	+	0	0	1605I82M50I	New.CleanUp.ReferenceOTU167 EUK.Mock.1_104717	10764
H	4934	82	96.3	+	0	0	1591I82M58I	New.CleanUp.ReferenceOTU167 EUK.Mock.1_104717	40794
H	9284	82	96.3	+	0	0	1663I13MI69M75I	New.CleanUp.ReferenceOTU167 EUK.Mock.1_104717	80038
H	4863	90	95.6	+	0	0	1251I90M35I	New.CleanUp.ReferenceOTU1670 EUK.Mock.1_42485	40103
H	7760	90	95.6	+	0	0	1279I90M35I	New.CleanUp.ReferenceOTU1670 EUK.Mock.1_42485	66673
H	3103	90	94.4	+	0	0	1290I90M34I	New.CleanUp.ReferenceOTU1670 EUK.Mock.1_42485	2467
H	10834	90	87.8	+	0	0	1683I90M70I	New.CleanUp.ReferenceOTU1670 EUK.Mock.1_42485	93246
L	5350	1758	*	*	*	*	*	44760	*
H	5350	90	70.0	+	0	0	1613I73M2D15M57I	New.CleanUp.ReferenceOTU1670 EUK.Mock.1_42485	44760
H	4934	90	95.6	+	0	0	1591I90M50I	New.CleanUp.ReferenceOTU1671 EUK.Mock.1_43331	40794
H	854	90	94.4	+	0	0	1605I90M42I	New.CleanUp.ReferenceOTU1671 EUK.Mock.1_43331	10764
H	6170	90	94.4	+	0	0	1436I90M69I	New.CleanUp.ReferenceOTU1671 EUK.Mock.1_43331	52258
H	3447	90	93.3	+	0	0	1645I90M66I	New.CleanUp.ReferenceOTU1671 EUK.Mock.1_43331	27744
H	9284	90	95.6	+	0	0	1663I13MI77M67I	New.CleanUp.ReferenceOTU1671 EUK.Mock.1_43331	80038
H	8570	90	96.7	+	0	0	1668I90M70I	New.CleanUp.ReferenceOTU1674 EUK.Mock.1_103475	73609
H	7688	90	96.7	+	0	0	1582I90M585I	New.CleanUp.ReferenceOTU1674 EUK.Mock.1_103475	65995
H	564	90	91.1	+	0	0	1679I90M60I	New.CleanUp.ReferenceOTU1674 EUK.Mock.1_103475	105083
H	9379	90	91.1	+	0	0	1675I90M35I	New.CleanUp.ReferenceOTU1674 EUK.Mock.1_103475	80767
H	6400	90	87.8	+	0	0	1680I90M68I	New.CleanUp.ReferenceOTU1674 EUK.Mock.1_103475	54274
H	11256	69	92.8	+	0	0	1391I69M93I	New.CleanUp.ReferenceOTU1675 EUK.Mock.1_100784	97289
H	9506	69	92.8	+	0	0	1632I69M96I	New.CleanUp.ReferenceOTU1675 EUK.Mock.1_100784	81821
H	4125	69	75.4	+	0	0	1628I39M2D28M62I	New.CleanUp.ReferenceOTU1675 EUK.Mock.1_100784	33757
L	10387	2277	*	*	*	*	*	89452	*
H	10387	69	73.9	+	0	0	1592I49M2D18M618I	New.CleanUp.ReferenceOTU1675 EUK.Mock.1_100784	89452
L	5984	1790	*	*	*	*	*	5045	*
H	5984	69	71.0	+	0	0	1646I39M2D28M77I	New.CleanUp.ReferenceOTU1675 EUK.Mock.1_100784	5045
H	7123	90	95.6	+	0	0	1549I90M12I	New.CleanUp.ReferenceOTU1676 EUK.Mock.1_103478	61087
H	4634	90	95.6	+	0	0	1598I90M51I	New.CleanUp.ReferenceOTU1676 EUK.Mock.1_103478	38113
H	3034	90	94.4	+	0	0	1646I90M66I	New.CleanUp.ReferenceOTU1676 EUK.Mock.1_103478	24055
H	3242	90	94.4	+	0	0	1639I90M133I	New.CleanUp.ReferenceOTU1676 EUK.Mock.1_103478	25771
H	7185	90	94.4	+	0	0	1649I90M69I	New.CleanUp.ReferenceOTU1676 EUK.Mock.1_103478	61571
H	11256	90	95.6	+	0	0	1391I90M72I	New.CleanUp.ReferenceOTU1677 EUK.Mock.1_97342	97289
H	9506	90	95.6	+	0	0	1632I90M75I	New.CleanUp.ReferenceOTU1677 EUK.Mock.1_97342	81821
H	5603	90	74.4	+	0	0	1633I38M2D25MD24M58I	New.CleanUp.ReferenceOTU1677 EUK.Mock.1_97342	46764
H	5097	90	72.2	+	0	0	1633I39M2D28MD20M46I	New.CleanUp.ReferenceOTU1677 EUK.Mock.1_97342	42222
L	5083	1801	*	*	*	*	*	42046	*
H	5083	90	73.3	+	0	0	1645I39M2D20MD28M69I	New.CleanUp.ReferenceOTU1677 EUK.Mock.1_97342	42046
H	11256	78	93.6	+	0	0	1391I78M84I	New.CleanUp.ReferenceOTU1684 EUK.Mock.1_105561	97289
H	9506	78	93.6	+	0	0	1632I78M87I	New.CleanUp.ReferenceOTU1684 EUK.Mock.1_105561	81821
H	4125	78	71.8	+	0	0	1628I37M2D39M53I	New.CleanUp.ReferenceOTU1684 EUK.Mock.1_105561	33757
L	9266	1801	*	*	*	*	*	79857	*
H	9266	78	73.1	+	0	0	1655I39M3D36M71I	New.CleanUp.ReferenceOTU1684 EUK.Mock.1_105561	79857
L	4719	1677	*	*	*	*	*	38949	*
H	4719	78	71.8	+	0	0	1567I39M3D36M35I	New.CleanUp.ReferenceOTU1684 EUK.Mock.1_105561	38949
H	7760	90	94.4	+	0	0	1279I90M35I	New.CleanUp.ReferenceOTU1686 EUK.Mock.1_28466	66673
H	4863	90	94.4	+	0	0	1251I90M35I	New.CleanUp.ReferenceOTU1686 EUK.Mock.1_28466	40103
H	3103	90	93.3	+	0	0	1290I90M34I	New.CleanUp.ReferenceOTU1686 EUK.Mock.1_28466	2467
H	10834	90	86.7	+	0	0	1683I90M70I	New.CleanUp.ReferenceOTU1686 EUK.Mock.1_28466	93246
L	11063	1775	*	*	*	*	*	95528	*
H	11063	90	77.8	+	0	0	1629I62M3D6M2I19M57I	New.CleanUp.ReferenceOTU1686 EUK.Mock.1_28466	95528
H	88	90	96.7	+	0	0	1111I90M69I	New.CleanUp.ReferenceOTU1695 EUK.Mock.1_15279	10084
H	279	90	95.6	+	0	0	1595I90M32I	New.CleanUp.ReferenceOTU1695 EUK.Mock.1_15279	102447
H	4197	90	95.6	+	0	0	1637I90M64I	New.CleanUp.ReferenceOTU1695 EUK.Mock.1_15279	34288
H	5770	90	94.4	+	0	0	1620I90M28I	New.CleanUp.ReferenceOTU1695 EUK.Mock.1_15279	48184
L	6416	1761	*	*	*	*	*	54421	*
H	6416	90	92.2	+	0	0	1605I90M66I	New.CleanUp.ReferenceOTU1695 EUK.Mock.1_15279	54421
H	4934	90	96.7	+	0	0	1591I90M50I	New.CleanUp.ReferenceOTU170 EUK.Mock.1_95046	40794
H	9284	90	96.7	+	0	0	1663I13MI77M67I	New.CleanUp.ReferenceOTU170 EUK.Mock.1_95046	80038
H	6170	90	95.6	+	0	0	1436I90M69I	New.CleanUp.ReferenceOTU170 EUK.Mock.1_95046	52258
H	854	90	95.6	+	0	0	1605I90M42I	New.CleanUp.ReferenceOTU170 EUK.Mock.1_95046	10764
H	3447	90	94.4	+	0	0	1645I90M66I	New.CleanUp.ReferenceOTU170 EUK.Mock.1_95046	27744
H	7760	90	95.6	+	0	0	1279I90M35I	New.CleanUp.ReferenceOTU1700 EUK.Mock.1_62172	66673
H	4863	90	95.6	+	0	0	1251I90M35I	New.CleanUp.ReferenceOTU1700 EUK.Mock.1_62172	40103
H	3103	90	94.4	+	0	0	1290I90M34I	New.CleanUp.ReferenceOTU1700 EUK.Mock.1_62172	2467
H	10834	90	87.8	+	0	0	1683I90M70I	New.CleanUp.ReferenceOTU1700 EUK.Mock.1_62172	93246
H	9023	90	75.6	+	0	0	1652I62MD27M273I	New.CleanUp.ReferenceOTU1700 EUK.Mock.1_62172	77469
H	11256	90	95.6	+	0	0	1391I90M72I	New.CleanUp.ReferenceOTU1703 EUK.Mock.1_32078	97289
H	9506	90	95.6	+	0	0	1632I90M75I	New.CleanUp.ReferenceOTU1703 EUK.Mock.1_32078	81821
H	5097	90	70.0	+	0	0	1633I39M2D28MD20M46I	New.CleanUp.ReferenceOTU1703 EUK.Mock.1_32078	42222
H	6002	90	70.0	+	0	0	1721I49M2D12MD26M704I	New.CleanUp.ReferenceOTU1703 EUK.Mock.1_32078	50609
H	5603	90	75.6	+	0	0	1633I38M2D21MD28M58I	New.CleanUp.ReferenceOTU1703 EUK.Mock.1_32078	46764
H	7688	90	96.7	+	0	0	1582I90M585I	New.CleanUp.ReferenceOTU1704 EUK.Mock.1_60436	65995
H	8570	90	96.7	+	0	0	1668I90M70I	New.CleanUp.ReferenceOTU1704 EUK.Mock.1_60436	73609
H	564	90	92.2	+	0	0	1679I90M60I	New.CleanUp.ReferenceOTU1704 EUK.Mock.1_60436	105083
H	9379	90	92.2	+	0	0	1675I90M35I	New.CleanUp.ReferenceOTU1704 EUK.Mock.1_60436	80767
H	4314	90	88.9	+	0	0	1647I90M41I	New.CleanUp.ReferenceOTU1704 EUK.Mock.1_60436	354
H	1012	90	93.3	+	0	0	1569I90M36I	New.CleanUp.ReferenceOTU1707 EUK.Mock.1_105093	108861
H	1782	90	93.3	+	0	0	1614I90M49I	New.CleanUp.ReferenceOTU1707 EUK.Mock.1_105093	12935
H	3439	90	93.3	+	0	0	1600I90M55I	New.CleanUp.ReferenceOTU1707 EUK.Mock.1_105093	27643
H	88	90	95.6	+	0	0	1111I90M69I	New.CleanUp.ReferenceOTU1707 EUK.Mock.1_105093	10084
H	10814	90	92.2	+	0	0	1605I90M38I	New.CleanUp.ReferenceOTU1707 EUK.Mock.1_105093	93107
N	*	82	*	*	*	*	*	New.CleanUp.ReferenceOTU1709 EUK.Mock.1_100096	*
H	7688	90	96.7	+	0	0	1582I90M585I	New.CleanUp.ReferenceOTU171 EUK.Mock.1_20772	65995
H	8570	90	96.7	+	0	0	1668I90M70I	New.CleanUp.ReferenceOTU171 EUK.Mock.1_20772	73609
H	564	90	91.1	+	0	0	1679I90M60I	New.CleanUp.ReferenceOTU171 EUK.Mock.1_20772	105083
H	9379	90	91.1	+	0	0	1675I90M35I	New.CleanUp.ReferenceOTU171 EUK.Mock.1_20772	80767
H	6400	90	88.9	+	0	0	1680I90M68I	New.CleanUp.ReferenceOTU171 EUK.Mock.1_20772	54274
H	7123	90	95.6	+	0	0	1549I90M12I	New.CleanUp.ReferenceOTU1711 EUK.Mock.1_16162	61087
H	4634	90	95.6	+	0	0	1598I90M51I	New.CleanUp.ReferenceOTU1711 EUK.Mock.1_16162	38113
H	3034	90	94.4	+	0	0	1646I90M66I	New.CleanUp.ReferenceOTU1711 EUK.Mock.1_16162	24055
H	7185	90	94.4	+	0	0	1649I90M69I	New.CleanUp.ReferenceOTU1711 EUK.Mock.1_16162	61571
H	4038	90	92.2	+	0	0	1617I90M34I	New.CleanUp.ReferenceOTU1711 EUK.Mock.1_16162	3287
H	2499	90	85.6	+	0	0	1638I90M63I	New.CleanUp.ReferenceOTU1717 EUK.Mock.1_52864	19455
H	11182	90	86.7	+	0	0	1644I90M69I	New.CleanUp.ReferenceOTU1717 EUK.Mock.1_52864	96648
H	1905	90	87.8	+	0	0	1590I58MD31M336I	New.CleanUp.ReferenceOTU1717 EUK.Mock.1_52864	14030
H	8274	90	72.2	+	0	0	1739I90M66I	New.CleanUp.ReferenceOTU1717 EUK.Mock.1_52864	70969
H	11143	90	81.1	+	0	0	1591I90M65I	New.CleanUp.ReferenceOTU1717 EUK.Mock.1_52864	96234
H	8570	90	96.7	+	0	0	1668I90M70I	New.CleanUp.ReferenceOTU1722 EUK.Mock.1_104940	73609
H	7688	90	96.7	+	0	0	1582I90M585I	New.CleanUp.ReferenceOTU1722 EUK.Mock.1_104940	65995
H	9760	90	86.7	+	0	0	1657I85M5D	New.CleanUp.ReferenceOTU1722 EUK.Mock.1_104940	8379
H	564	90	93.3	+	0	0	1679I90M60I	New.CleanUp.ReferenceOTU1722 EUK.Mock.1_104940	105083
H	9379	90	93.3	+	0	0	1675I90M35I	New.CleanUp.ReferenceOTU1722 EUK.Mock.1_104940	80767
H	4934	83	96.4	+	0	0	1591I83M57I	New.CleanUp.ReferenceOTU1724 EUK.Mock.1_83113	40794
H	854	83	95.2	+	0	0	1605I83M49I	New.CleanUp.ReferenceOTU1724 EUK.Mock.1_83113	10764
H	1479	83	94.0	+	0	0	1652I63MI20M76I	New.CleanUp.ReferenceOTU1724 EUK.Mock.1_83113	113311
H	6170	83	95.2	+	0	0	1436I83M76I	New.CleanUp.ReferenceOTU1724 EUK.Mock.1_83113	52258
H	3447	83	95.2	+	0	0	1645I83M73I	New.CleanUp.ReferenceOTU1724 EUK.Mock.1_83113	27744
H	6170	69	95.7	+	0	0	1436I69M90I	New.CleanUp.ReferenceOTU1728 EUK.Mock.1_83447	52258
H	10646	69	94.2	+	0	0	1646I69M62I	New.CleanUp.ReferenceOTU1728 EUK.Mock.1_83447	91684
H	854	69	95.7	+	0	0	1605I69M63I	New.CleanUp.ReferenceOTU1728 EUK.Mock.1_83447	10764
H	3447	69	95.7	+	0	0	1645I69M87I	New.CleanUp.ReferenceOTU1728 EUK.Mock.1_83447	27744
H	1549	69	91.3	+	0	0	1427I43M3D23M11I	New.CleanUp.ReferenceOTU1728 EUK.Mock.1_83447	113941
H	2499	90	86.7	+	0	0	1638I90M63I	New.CleanUp.ReferenceOTU1729 EUK.Mock.1_93826	19455
H	11182	90	87.8	+	0	0	1644I90M69I	New.CleanUp.ReferenceOTU1729 EUK.Mock.1_93826	96648
H	8274	90	73.3	+	0	0	1739I90M66I	New.CleanUp.ReferenceOTU1729 EUK.Mock.1_93826	70969
H	1905	90	88.9	+	0	0	1590I58MD31M336I	New.CleanUp.ReferenceOTU1729 EUK.Mock.1_93826	14030
H	11143	90	82.2	+	0	0	1591I90M65I	New.CleanUp.ReferenceOTU1729 EUK.Mock.1_93826	96234
H	4934	82	96.3	+	0	0	1591I82M58I	New.CleanUp.ReferenceOTU1734 EUK.Mock.1_76884	40794
H	854	82	96.3	+	0	0	1605I82M50I	New.CleanUp.ReferenceOTU1734 EUK.Mock.1_76884	10764
H	6170	82	95.1	+	0	0	1436I82M77I	New.CleanUp.ReferenceOTU1734 EUK.Mock.1_76884	52258
H	3447	82	95.1	+	0	0	1645I82M74I	New.CleanUp.ReferenceOTU1734 EUK.Mock.1_76884	27744
H	9284	82	96.3	+	0	0	1663I13MI69M75I	New.CleanUp.ReferenceOTU1734 EUK.Mock.1_76884	80038
H	3171	90	95.6	+	0	0	1626I90M65I	New.CleanUp.ReferenceOTU1737 EUK.Mock.1_101882	25160
H	8717	90	92.2	+	0	0	1594I47MI16MI27M67I	New.CleanUp.ReferenceOTU1737 EUK.Mock.1_101882	74829
H	7875	90	93.3	+	0	0	1592I45MI19MI26M64I	New.CleanUp.ReferenceOTU1737 EUK.Mock.1_101882	67609
H	2726	90	91.1	+	0	0	1589I45MI18MI27M63I	New.CleanUp.ReferenceOTU1737 EUK.Mock.1_101882	21485
H	7503	90	88.9	+	0	0	1585I90M64I	New.CleanUp.ReferenceOTU1737 EUK.Mock.1_101882	64286
H	4934	90	96.7	+	0	0	1591I90M50I	New.CleanUp.ReferenceOTU174 EUK.Mock.1_42388	40794
H	9284	90	96.7	+	0	0	1663I13MI77M67I	New.CleanUp.ReferenceOTU174 EUK.Mock.1_42388	80038
H	6170	90	95.6	+	0	0	1436I90M69I	New.CleanUp.ReferenceOTU174 EUK.Mock.1_42388	52258
H	854	90	95.6	+	0	0	1605I90M42I	New.CleanUp.ReferenceOTU174 EUK.Mock.1_42388	10764
H	3447	90	94.4	+	0	0	1645I90M66I	New.CleanUp.ReferenceOTU174 EUK.Mock.1_42388	27744
H	4934	90	96.7	+	0	0	1591I90M50I	New.CleanUp.ReferenceOTU1742 EUK.Mock.1_77910	40794
H	9284	90	96.7	+	0	0	1663I13MI77M67I	New.CleanUp.ReferenceOTU1742 EUK.Mock.1_77910	80038
H	6170	90	95.6	+	0	0	1436I90M69I	New.CleanUp.ReferenceOTU1742 EUK.Mock.1_77910	52258
H	854	90	95.6	+	0	0	1605I90M42I	New.CleanUp.ReferenceOTU1742 EUK.Mock.1_77910	10764
H	3447	90	94.4	+	0	0	1645I90M66I	New.CleanUp.ReferenceOTU1742 EUK.Mock.1_77910	27744
H	4934	86	95.3	+	0	0	1591I86M54I	New.CleanUp.ReferenceOTU1744 EUK.Mock.1_101231	40794
H	854	86	94.2	+	0	0	1605I86M46I	New.CleanUp.ReferenceOTU1744 EUK.Mock.1_101231	10764
H	9284	86	95.3	+	0	0	1663I13MI73M71I	New.CleanUp.ReferenceOTU1744 EUK.Mock.1_101231	80038
H	6170	86	94.2	+	0	0	1436I86M73I	New.CleanUp.ReferenceOTU1744 EUK.Mock.1_101231	52258
H	3447	86	93.0	+	0	0	1645I86M70I	New.CleanUp.ReferenceOTU1744 EUK.Mock.1_101231	27744
H	4934	90	96.7	+	0	0	1591I90M50I	New.CleanUp.ReferenceOTU1749 EUK.Mock.1_15458	40794
H	9284	90	96.7	+	0	0	1663I13MI77M67I	New.CleanUp.ReferenceOTU1749 EUK.Mock.1_15458	80038
H	6170	90	95.6	+	0	0	1436I90M69I	New.CleanUp.ReferenceOTU1749 EUK.Mock.1_15458	52258
H	854	90	95.6	+	0	0	1605I90M42I	New.CleanUp.ReferenceOTU1749 EUK.Mock.1_15458	10764
H	3447	90	94.4	+	0	0	1645I90M66I	New.CleanUp.ReferenceOTU1749 EUK.Mock.1_15458	27744
H	4934	84	96.4	+	0	0	1591I84M56I	New.CleanUp.ReferenceOTU1750 EUK.Mock.1_64175	40794
H	854	84	95.2	+	0	0	1605I84M48I	New.CleanUp.ReferenceOTU1750 EUK.Mock.1_64175	10764
H	3447	84	94.0	+	0	0	1645I84M72I	New.CleanUp.ReferenceOTU1750 EUK.Mock.1_64175	27744
H	6170	84	95.2	+	0	0	1436I84M75I	New.CleanUp.ReferenceOTU1750 EUK.Mock.1_64175	52258
H	10646	84	92.9	+	0	0	1646I84M47I	New.CleanUp.ReferenceOTU1750 EUK.Mock.1_64175	91684
H	4934	90	96.7	+	0	0	1591I90M50I	New.CleanUp.ReferenceOTU1757 EUK.Mock.1_68442	40794
H	6170	90	95.6	+	0	0	1436I90M69I	New.CleanUp.ReferenceOTU1757 EUK.Mock.1_68442	52258
H	9284	90	96.7	+	0	0	1663I13MI77M67I	New.CleanUp.ReferenceOTU1757 EUK.Mock.1_68442	80038
H	854	90	95.6	+	0	0	1605I90M42I	New.CleanUp.ReferenceOTU1757 EUK.Mock.1_68442	10764
H	3447	90	94.4	+	0	0	1645I90M66I	New.CleanUp.ReferenceOTU1757 EUK.Mock.1_68442	27744
H	4934	90	96.7	+	0	0	1591I90M50I	New.CleanUp.ReferenceOTU1758 EUK.Mock.1_41028	40794
H	9284	90	96.7	+	0	0	1663I13MI77M67I	New.CleanUp.ReferenceOTU1758 EUK.Mock.1_41028	80038
H	6170	90	95.6	+	0	0	1436I90M69I	New.CleanUp.ReferenceOTU1758 EUK.Mock.1_41028	52258
H	854	90	95.6	+	0	0	1605I90M42I	New.CleanUp.ReferenceOTU1758 EUK.Mock.1_41028	10764
H	3447	90	94.4	+	0	0	1645I90M66I	New.CleanUp.ReferenceOTU1758 EUK.Mock.1_41028	27744
H	5135	90	92.2	+	0	0	1633I90M69I	New.CleanUp.ReferenceOTU176 EUK.Mock.1_83755	4269
H	5866	90	90.0	+	0	0	1559I90M55I	New.CleanUp.ReferenceOTU176 EUK.Mock.1_83755	49307
H	2906	90	88.9	+	0	0	1573I90M50I	New.CleanUp.ReferenceOTU176 EUK.Mock.1_83755	23075
H	8635	90	90.0	+	0	0	1644I90M55I	New.CleanUp.ReferenceOTU176 EUK.Mock.1_83755	74171
H	5437	90	87.8	+	0	0	1634I90M56I	New.CleanUp.ReferenceOTU176 EUK.Mock.1_83755	45474
H	4934	90	95.6	+	0	0	1591I90M50I	New.CleanUp.ReferenceOTU1760 EUK.Mock.1_102035	40794
H	9284	90	95.6	+	0	0	1663I13MI77M67I	New.CleanUp.ReferenceOTU1760 EUK.Mock.1_102035	80038
H	6170	90	94.4	+	0	0	1436I90M69I	New.CleanUp.ReferenceOTU1760 EUK.Mock.1_102035	52258
H	854	90	94.4	+	0	0	1605I90M42I	New.CleanUp.ReferenceOTU1760 EUK.Mock.1_102035	10764
H	3447	90	93.3	+	0	0	1645I90M66I	New.CleanUp.ReferenceOTU1760 EUK.Mock.1_102035	27744
H	8570	90	96.7	+	0	0	1668I90M70I	New.CleanUp.ReferenceOTU1764 EUK.Mock.1_4046	73609
H	7688	90	96.7	+	0	0	1582I90M585I	New.CleanUp.ReferenceOTU1764 EUK.Mock.1_4046	65995
H	564	90	91.1	+	0	0	1679I90M60I	New.CleanUp.ReferenceOTU1764 EUK.Mock.1_4046	105083
H	9379	90	91.1	+	0	0	1675I90M35I	New.CleanUp.ReferenceOTU1764 EUK.Mock.1_4046	80767
H	4314	90	86.7	+	0	0	1647I90M41I	New.CleanUp.ReferenceOTU1764 EUK.Mock.1_4046	354
H	88	90	95.6	+	0	0	1111I90M69I	New.CleanUp.ReferenceOTU1765 EUK.Mock.1_50128	10084
L	589	2034	*	*	*	*	*	105260	*
H	589	90	94.4	+	0	0	1920I90M24I	New.CleanUp.ReferenceOTU1765 EUK.Mock.1_50128	105260
L	7104	2366	*	*	*	*	*	60936	*
H	7104	90	94.4	+	0	0	1615I90M661I	New.CleanUp.ReferenceOTU1765 EUK.Mock.1_50128	60936
H	4197	90	94.4	+	0	0	1637I90M64I	New.CleanUp.ReferenceOTU1765 EUK.Mock.1_50128	34288
H	279	90	94.4	+	0	0	1595I90M32I	New.CleanUp.ReferenceOTU1765 EUK.Mock.1_50128	102447
N	*	90	*	*	*	*	*	New.CleanUp.ReferenceOTU1767 EUK.Mock.1_4042	*
H	7688	90	95.6	+	0	0	1582I90M585I	New.CleanUp.ReferenceOTU1769 EUK.Mock.1_92677	65995
H	8570	90	95.6	+	0	0	1668I90M70I	New.CleanUp.ReferenceOTU1769 EUK.Mock.1_92677	73609
H	564	90	90.0	+	0	0	1679I90M60I	New.CleanUp.ReferenceOTU1769 EUK.Mock.1_92677	105083
H	6400	90	86.7	+	0	0	1680I90M68I	New.CleanUp.ReferenceOTU1769 EUK.Mock.1_92677	54274
H	9379	90	90.0	+	0	0	1675I90M35I	New.CleanUp.ReferenceOTU1769 EUK.Mock.1_92677	80767
H	8570	90	94.4	+	0	0	1668I90M70I	New.CleanUp.ReferenceOTU1772 EUK.Mock.1_99316	73609
H	7688	90	94.4	+	0	0	1582I90M585I	New.CleanUp.ReferenceOTU1772 EUK.Mock.1_99316	65995
H	564	90	88.9	+	0	0	1679I90M60I	New.CleanUp.ReferenceOTU1772 EUK.Mock.1_99316	105083
H	9379	90	88.9	+	0	0	1675I90M35I	New.CleanUp.ReferenceOTU1772 EUK.Mock.1_99316	80767
H	4314	90	84.4	+	0	0	1647I90M41I	New.CleanUp.ReferenceOTU1772 EUK.Mock.1_99316	354
H	8570	90	95.6	+	0	0	1668I90M70I	New.CleanUp.ReferenceOTU1774 EUK.Mock.1_73853	73609
H	7688	90	95.6	+	0	0	1582I90M585I	New.CleanUp.ReferenceOTU1774 EUK.Mock.1_73853	65995
H	564	90	90.0	+	0	0	1679I90M60I	New.CleanUp.ReferenceOTU1774 EUK.Mock.1_73853	105083
H	6400	90	85.6	+	0	0	1680I90M68I	New.CleanUp.ReferenceOTU1774 EUK.Mock.1_73853	54274
H	8790	90	88.9	+	0	0	1630I90M30I	New.CleanUp.ReferenceOTU1774 EUK.Mock.1_73853	75440
H	5135	90	92.2	+	0	0	1633I90M69I	New.CleanUp.ReferenceOTU1775 EUK.Mock.1_74800	4269
H	5866	90	90.0	+	0	0	1559I90M55I	New.CleanUp.ReferenceOTU1775 EUK.Mock.1_74800	49307
H	8635	90	90.0	+	0	0	1644I90M55I	New.CleanUp.ReferenceOTU1775 EUK.Mock.1_74800	74171
H	8924	90	90.0	+	0	0	1580I90M50I	New.CleanUp.ReferenceOTU1775 EUK.Mock.1_74800	76542
H	2906	90	88.9	+	0	0	1573I90M50I	New.CleanUp.ReferenceOTU1775 EUK.Mock.1_74800	23075
H	4934	90	96.7	+	0	0	1591I90M50I	New.CleanUp.ReferenceOTU1777 EUK.Mock.1_106952	40794
H	9284	90	96.7	+	0	0	1663I13MI77M67I	New.CleanUp.ReferenceOTU1777 EUK.Mock.1_106952	80038
H	854	90	95.6	+	0	0	1605I90M42I	New.CleanUp.ReferenceOTU1777 EUK.Mock.1_106952	10764
H	6170	90	95.6	+	0	0	1436I90M69I	New.CleanUp.ReferenceOTU1777 EUK.Mock.1_106952	52258
H	3447	90	94.4	+	0	0	1645I90M66I	New.CleanUp.ReferenceOTU1777 EUK.Mock.1_106952	27744
H	88	90	96.7	+	0	0	1111I90M69I	New.CleanUp.ReferenceOTU1782 EUK.Mock.1_91132	10084
H	279	90	96.7	+	0	0	1595I90M32I	New.CleanUp.ReferenceOTU1782 EUK.Mock.1_91132	102447
H	5770	90	95.6	+	0	0	1620I90M28I	New.CleanUp.ReferenceOTU1782 EUK.Mock.1_91132	48184
H	4197	90	95.6	+	0	0	1637I90M64I	New.CleanUp.ReferenceOTU1782 EUK.Mock.1_91132	34288
L	5819	2337	*	*	*	*	*	48700	*
H	5819	90	92.2	+	0	0	1621I90M626I	New.CleanUp.ReferenceOTU1782 EUK.Mock.1_91132	48700
H	4934	83	88.0	+	0	0	1591I83M57I	New.CleanUp.ReferenceOTU1783 EUK.Mock.1_32859	40794
H	10983	83	78.3	+	0	0	1570I83M13I	New.CleanUp.ReferenceOTU1783 EUK.Mock.1_32859	94778
L	8341	1801	*	*	*	*	*	71605	*
H	8341	83	81.9	+	0	0	1645I83M73I	New.CleanUp.ReferenceOTU1783 EUK.Mock.1_32859	71605
H	3878	83	84.3	+	0	0	1629I48MD34M163I	New.CleanUp.ReferenceOTU1783 EUK.Mock.1_32859	31618
H	6170	83	86.7	+	0	0	1436I83M76I	New.CleanUp.ReferenceOTU1783 EUK.Mock.1_32859	52258
H	4634	90	95.6	+	0	0	1598I90M51I	New.CleanUp.ReferenceOTU1785 EUK.Mock.1_99796	38113
H	7123	90	95.6	+	0	0	1549I90M12I	New.CleanUp.ReferenceOTU1785 EUK.Mock.1_99796	61087
H	1595	90	94.4	+	0	0	1626I90M66I	New.CleanUp.ReferenceOTU1785 EUK.Mock.1_99796	114376
H	3242	90	94.4	+	0	0	1639I90M133I	New.CleanUp.ReferenceOTU1785 EUK.Mock.1_99796	25771
H	3034	90	94.4	+	0	0	1646I90M66I	New.CleanUp.ReferenceOTU1785 EUK.Mock.1_99796	24055
H	6170	86	94.2	+	0	0	1436I86M73I	New.CleanUp.ReferenceOTU1787 EUK.Mock.1_71038	52258
H	4934	86	95.3	+	0	0	1591I86M54I	New.CleanUp.ReferenceOTU1787 EUK.Mock.1_71038	40794
H	854	86	94.2	+	0	0	1605I86M46I	New.CleanUp.ReferenceOTU1787 EUK.Mock.1_71038	10764
H	3447	86	93.0	+	0	0	1645I86M70I	New.CleanUp.ReferenceOTU1787 EUK.Mock.1_71038	27744
H	3878	86	91.9	+	0	0	1629I53MD32M160I	New.CleanUp.ReferenceOTU1787 EUK.Mock.1_71038	31618
H	5351	90	84.4	+	0	0	1641I90M55I	New.CleanUp.ReferenceOTU179 EUK.Mock.1_108720	44767
H	11182	90	86.7	+	0	0	1644I90M69I	New.CleanUp.ReferenceOTU179 EUK.Mock.1_108720	96648
H	2499	90	85.6	+	0	0	1638I90M63I	New.CleanUp.ReferenceOTU179 EUK.Mock.1_108720	19455
H	1905	90	87.8	+	0	0	1590I58MD31M336I	New.CleanUp.ReferenceOTU179 EUK.Mock.1_108720	14030
H	8293	90	85.6	+	0	0	1629I90M66I	New.CleanUp.ReferenceOTU179 EUK.Mock.1_108720	71176
H	7688	90	95.6	+	0	0	1582I90M585I	New.CleanUp.ReferenceOTU1790 EUK.Mock.1_71034	65995
H	8570	90	95.6	+	0	0	1668I90M70I	New.CleanUp.ReferenceOTU1790 EUK.Mock.1_71034	73609
H	564	90	90.0	+	0	0	1679I90M60I	New.CleanUp.ReferenceOTU1790 EUK.Mock.1_71034	105083
H	9760	90	85.6	+	0	0	1657I85M5D	New.CleanUp.ReferenceOTU1790 EUK.Mock.1_71034	8379
H	4314	90	85.6	+	0	0	1647I90M41I	New.CleanUp.ReferenceOTU1790 EUK.Mock.1_71034	354
N	*	81	*	*	*	*	*	New.CleanUp.ReferenceOTU1792 EUK.Mock.1_106278	*
H	7688	90	87.8	+	0	0	1582I90M585I	New.CleanUp.ReferenceOTU1795 EUK.Mock.1_5579	65995
H	8570	90	87.8	+	0	0	1668I90M70I	New.CleanUp.ReferenceOTU1795 EUK.Mock.1_5579	73609
H	9760	90	82.2	+	0	0	1657I85M5D	New.CleanUp.ReferenceOTU1795 EUK.Mock.1_5579	8379
L	2690	1757	*	*	*	*	*	21187	*
H	2690	90	81.1	+	0	0	1635I90M32I	New.CleanUp.ReferenceOTU1795 EUK.Mock.1_5579	21187
L	5531	1814	*	*	*	*	*	46185	*
H	5531	90	73.3	+	0	0	1657I37M2D24M2I27M67I	New.CleanUp.ReferenceOTU1795 EUK.Mock.1_5579	46185
H	5135	90	90.0	+	0	0	1633I90M69I	New.CleanUp.ReferenceOTU180 EUK.Mock.1_12016	4269
H	5423	90	88.9	+	0	0	1602I90M39I	New.CleanUp.ReferenceOTU180 EUK.Mock.1_12016	45376
H	5866	90	87.8	+	0	0	1559I90M55I	New.CleanUp.ReferenceOTU180 EUK.Mock.1_12016	49307
H	8635	90	88.9	+	0	0	1644I90M55I	New.CleanUp.ReferenceOTU180 EUK.Mock.1_12016	74171
H	5437	90	86.7	+	0	0	1634I90M56I	New.CleanUp.ReferenceOTU180 EUK.Mock.1_12016	45474
H	8570	90	96.7	+	0	0	1668I90M70I	New.CleanUp.ReferenceOTU1802 EUK.Mock.1_7028	73609
H	7688	90	96.7	+	0	0	1582I90M585I	New.CleanUp.ReferenceOTU1802 EUK.Mock.1_7028	65995
H	564	90	91.1	+	0	0	1679I90M60I	New.CleanUp.ReferenceOTU1802 EUK.Mock.1_7028	105083
H	9379	90	91.1	+	0	0	1675I90M35I	New.CleanUp.ReferenceOTU1802 EUK.Mock.1_7028	80767
L	9105	1762	*	*	*	*	*	78322	*
H	9105	90	85.6	+	0	0	1635I90M37I	New.CleanUp.ReferenceOTU1802 EUK.Mock.1_7028	78322
H	5135	90	92.2	+	0	0	1633I90M69I	New.CleanUp.ReferenceOTU1804 EUK.Mock.1_70956	4269
H	5866	90	90.0	+	0	0	1559I90M55I	New.CleanUp.ReferenceOTU1804 EUK.Mock.1_70956	49307
H	8635	90	90.0	+	0	0	1644I90M55I	New.CleanUp.ReferenceOTU1804 EUK.Mock.1_70956	74171
H	2906	90	88.9	+	0	0	1573I90M50I	New.CleanUp.ReferenceOTU1804 EUK.Mock.1_70956	23075
H	5437	90	86.7	+	0	0	1634I90M56I	New.CleanUp.ReferenceOTU1804 EUK.Mock.1_70956	45474
H	5135	90	90.0	+	0	0	1633I90M69I	New.CleanUp.ReferenceOTU1806 EUK.Mock.1_75198	4269
H	5866	90	87.8	+	0	0	1559I90M55I	New.CleanUp.ReferenceOTU1806 EUK.Mock.1_75198	49307
H	8635	90	87.8	+	0	0	1644I90M55I	New.CleanUp.ReferenceOTU1806 EUK.Mock.1_75198	74171
H	5423	90	88.9	+	0	0	1602I90M39I	New.CleanUp.ReferenceOTU1806 EUK.Mock.1_75198	45376
L	11572	1720	*	*	*	*	*	99915	*
H	11572	90	86.7	+	0	0	1580I90M50I	New.CleanUp.ReferenceOTU1806 EUK.Mock.1_75198	99915
H	3447	82	93.9	+	0	0	1645I82M74I	New.CleanUp.ReferenceOTU1807 EUK.Mock.1_80974	27744
H	4934	82	95.1	+	0	0	1591I82M58I	New.CleanUp.ReferenceOTU1807 EUK.Mock.1_80974	40794
H	854	82	95.1	+	0	0	1605I82M50I	New.CleanUp.ReferenceOTU1807 EUK.Mock.1_80974	10764
H	6170	82	93.9	+	0	0	1436I82M77I	New.CleanUp.ReferenceOTU1807 EUK.Mock.1_80974	52258
H	10646	82	92.7	+	0	0	1646I82M49I	New.CleanUp.ReferenceOTU1807 EUK.Mock.1_80974	91684
H	854	90	97.8	+	0	0	1605I90M42I	New.CleanUp.ReferenceOTU1809 EUK.Mock.1_24944	10764
H	4934	90	96.7	+	0	0	1591I90M50I	New.CleanUp.ReferenceOTU1809 EUK.Mock.1_24944	40794
H	6170	90	95.6	+	0	0	1436I90M69I	New.CleanUp.ReferenceOTU1809 EUK.Mock.1_24944	52258
H	3447	90	94.4	+	0	0	1645I90M66I	New.CleanUp.ReferenceOTU1809 EUK.Mock.1_24944	27744
H	9284	90	96.7	+	0	0	1663I13MI77M67I	New.CleanUp.ReferenceOTU1809 EUK.Mock.1_24944	80038
H	4934	90	96.7	+	0	0	1591I90M50I	New.CleanUp.ReferenceOTU1811 EUK.Mock.1_72707	40794
H	854	90	95.6	+	0	0	1605I90M42I	New.CleanUp.ReferenceOTU1811 EUK.Mock.1_72707	10764
H	9284	90	96.7	+	0	0	1663I13MI77M67I	New.CleanUp.ReferenceOTU1811 EUK.Mock.1_72707	80038
H	6170	90	95.6	+	0	0	1436I90M69I	New.CleanUp.ReferenceOTU1811 EUK.Mock.1_72707	52258
H	3447	90	95.6	+	0	0	1645I90M66I	New.CleanUp.ReferenceOTU1811 EUK.Mock.1_72707	27744
H	4934	90	95.6	+	0	0	1591I90M50I	New.CleanUp.ReferenceOTU1817 EUK.Mock.1_96309	40794
H	854	90	94.4	+	0	0	1605I90M42I	New.CleanUp.ReferenceOTU1817 EUK.Mock.1_96309	10764
H	9284	90	95.6	+	0	0	1663I13MI77M67I	New.CleanUp.ReferenceOTU1817 EUK.Mock.1_96309	80038
H	6170	90	94.4	+	0	0	1436I90M69I	New.CleanUp.ReferenceOTU1817 EUK.Mock.1_96309	52258
H	3447	90	93.3	+	0	0	1645I90M66I	New.CleanUp.ReferenceOTU1817 EUK.Mock.1_96309	27744
H	8570	90	96.7	+	0	0	1668I90M70I	New.CleanUp.ReferenceOTU182 EUK.Mock.1_13540	73609
H	7688	90	96.7	+	0	0	1582I90M585I	New.CleanUp.ReferenceOTU182 EUK.Mock.1_13540	65995
H	564	90	91.1	+	0	0	1679I90M60I	New.CleanUp.ReferenceOTU182 EUK.Mock.1_13540	105083
H	9379	90	91.1	+	0	0	1675I90M35I	New.CleanUp.ReferenceOTU182 EUK.Mock.1_13540	80767
H	4314	90	88.9	+	0	0	1647I90M41I	New.CleanUp.ReferenceOTU182 EUK.Mock.1_13540	354
H	88	90	96.7	+	0	0	1111I90M69I	New.CleanUp.ReferenceOTU1825 EUK.Mock.1_103074	10084
H	279	90	95.6	+	0	0	1595I90M32I	New.CleanUp.ReferenceOTU1825 EUK.Mock.1_103074	102447
H	4197	90	95.6	+	0	0	1637I90M64I	New.CleanUp.ReferenceOTU1825 EUK.Mock.1_103074	34288
H	2551	90	94.4	+	0	0	2048I90M66I	New.CleanUp.ReferenceOTU1825 EUK.Mock.1_103074	19976
H	6339	90	94.4	+	0	0	2364I90M500I	New.CleanUp.ReferenceOTU1825 EUK.Mock.1_103074	53760
H	3447	72	95.8	+	0	0	1645I72M84I	New.CleanUp.ReferenceOTU1826 EUK.Mock.1_106551	27744
H	6170	72	95.8	+	0	0	1436I72M87I	New.CleanUp.ReferenceOTU1826 EUK.Mock.1_106551	52258
H	854	72	95.8	+	0	0	1605I72M60I	New.CleanUp.ReferenceOTU1826 EUK.Mock.1_106551	10764
H	4934	72	95.8	+	0	0	1591I72M68I	New.CleanUp.ReferenceOTU1826 EUK.Mock.1_106551	40794
H	3878	72	94.4	+	0	0	1629I54MD17M174I	New.CleanUp.ReferenceOTU1826 EUK.Mock.1_106551	31618
N	*	81	*	*	*	*	*	New.CleanUp.ReferenceOTU1828 EUK.Mock.1_88089	*
N	*	90	*	*	*	*	*	New.CleanUp.ReferenceOTU1831 EUK.Mock.1_56601	*
H	4934	85	95.3	+	0	0	1591I85M55I	New.CleanUp.ReferenceOTU1832 EUK.Mock.1_97099	40794
H	854	85	94.1	+	0	0	1605I85M47I	New.CleanUp.ReferenceOTU1832 EUK.Mock.1_97099	10764
H	9284	85	95.3	+	0	0	1663I13MI72M72I	New.CleanUp.ReferenceOTU1832 EUK.Mock.1_97099	80038
H	3447	85	92.9	+	0	0	1645I85M71I	New.CleanUp.ReferenceOTU1832 EUK.Mock.1_97099	27744
H	6170	85	94.1	+	0	0	1436I85M74I	New.CleanUp.ReferenceOTU1832 EUK.Mock.1_97099	52258
N	*	90	*	*	*	*	*	New.CleanUp.ReferenceOTU1834 EUK.Mock.1_72172	*
H	854	90	97.8	+	0	0	1605I90M42I	New.CleanUp.ReferenceOTU1836 EUK.Mock.1_59240	10764
H	6170	90	95.6	+	0	0	1436I90M69I	New.CleanUp.ReferenceOTU1836 EUK.Mock.1_59240	52258
H	4934	90	96.7	+	0	0	1591I90M50I	New.CleanUp.ReferenceOTU1836 EUK.Mock.1_59240	40794
H	3447	90	94.4	+	0	0	1645I90M66I	New.CleanUp.ReferenceOTU1836 EUK.Mock.1_59240	27744
H	3878	90	92.2	+	0	0	1629I54MD35M156I	New.CleanUp.ReferenceOTU1836 EUK.Mock.1_59240	31618
H	88	90	95.6	+	0	0	1111I90M69I	New.CleanUp.ReferenceOTU1841 EUK.Mock.1_23268	10084
H	279	90	94.4	+	0	0	1595I90M32I	New.CleanUp.ReferenceOTU1841 EUK.Mock.1_23268	102447
H	3439	90	95.6	+	0	0	1600I90M55I	New.CleanUp.ReferenceOTU1841 EUK.Mock.1_23268	27643
H	6456	90	95.6	+	0	0	1606I90M585I	New.CleanUp.ReferenceOTU1841 EUK.Mock.1_23268	54751
L	1045	1643	*	*	*	*	*	109115	*
H	1045	90	93.3	+	0	0	1533I90M20I	New.CleanUp.ReferenceOTU1841 EUK.Mock.1_23268	109115
H	4934	90	95.6	+	0	0	1591I90M50I	New.CleanUp.ReferenceOTU1846 EUK.Mock.1_72412	40794
H	9284	90	95.6	+	0	0	1663I13MI77M67I	New.CleanUp.ReferenceOTU1846 EUK.Mock.1_72412	80038
H	6170	90	94.4	+	0	0	1436I90M69I	New.CleanUp.ReferenceOTU1846 EUK.Mock.1_72412	52258
H	854	90	94.4	+	0	0	1605I90M42I	New.CleanUp.ReferenceOTU1846 EUK.Mock.1_72412	10764
H	3447	90	93.3	+	0	0	1645I90M66I	New.CleanUp.ReferenceOTU1846 EUK.Mock.1_72412	27744
H	4634	90	94.4	+	0	0	1598I90M51I	New.CleanUp.ReferenceOTU1847 EUK.Mock.1_77173	38113
H	3034	90	93.3	+	0	0	1646I90M66I	New.CleanUp.ReferenceOTU1847 EUK.Mock.1_77173	24055
H	7123	90	94.4	+	0	0	1549I90M12I	New.CleanUp.ReferenceOTU1847 EUK.Mock.1_77173	61087
H	7185	90	93.3	+	0	0	1649I90M69I	New.CleanUp.ReferenceOTU1847 EUK.Mock.1_77173	61571
H	4038	90	91.1	+	0	0	1617I90M34I	New.CleanUp.ReferenceOTU1847 EUK.Mock.1_77173	3287
H	4634	90	96.7	+	0	0	1598I90M51I	New.CleanUp.ReferenceOTU1848 EUK.Mock.1_54951	38113
H	7123	90	95.6	+	0	0	1549I90M12I	New.CleanUp.ReferenceOTU1848 EUK.Mock.1_54951	61087
H	3034	90	94.4	+	0	0	1646I90M66I	New.CleanUp.ReferenceOTU1848 EUK.Mock.1_54951	24055
H	7185	90	94.4	+	0	0	1649I90M69I	New.CleanUp.ReferenceOTU1848 EUK.Mock.1_54951	61571
H	4038	90	92.2	+	0	0	1617I90M34I	New.CleanUp.ReferenceOTU1848 EUK.Mock.1_54951	3287
H	8570	90	94.4	+	0	0	1668I90M70I	New.CleanUp.ReferenceOTU185 EUK.Mock.1_109141	73609
H	7688	90	94.4	+	0	0	1582I90M585I	New.CleanUp.ReferenceOTU185 EUK.Mock.1_109141	65995
H	564	90	91.1	+	0	0	1679I90M60I	New.CleanUp.ReferenceOTU185 EUK.Mock.1_109141	105083
H	6400	90	86.7	+	0	0	1680I90M68I	New.CleanUp.ReferenceOTU185 EUK.Mock.1_109141	54274
H	9379	90	90.0	+	0	0	1675I90M35I	New.CleanUp.ReferenceOTU185 EUK.Mock.1_109141	80767
N	*	90	*	*	*	*	*	New.CleanUp.ReferenceOTU1851 EUK.Mock.1_68995	*
H	88	90	95.6	+	0	0	1111I90M69I	New.CleanUp.ReferenceOTU1857 EUK.Mock.1_47214	10084
H	279	90	94.4	+	0	0	1595I90M32I	New.CleanUp.ReferenceOTU1857 EUK.Mock.1_47214	102447
H	1012	90	92.2	+	0	0	1569I90M36I	New.CleanUp.ReferenceOTU1857 EUK.Mock.1_47214	108861
H	5770	90	93.3	+	0	0	1620I90M28I	New.CleanUp.ReferenceOTU1857 EUK.Mock.1_47214	48184
H	882	90	92.2	+	0	0	1628I90M36I	New.CleanUp.ReferenceOTU1857 EUK.Mock.1_47214	107888
H	4934	90	91.1	+	0	0	1591I90M50I	New.CleanUp.ReferenceOTU1859 EUK.Mock.1_73478	40794
H	9284	90	91.1	+	0	0	1663I13MI77M67I	New.CleanUp.ReferenceOTU1859 EUK.Mock.1_73478	80038
H	217	90	74.4	+	0	0	1644I90M65I	New.CleanUp.ReferenceOTU1859 EUK.Mock.1_73478	102041
L	3931	1737	*	*	*	*	*	32013	*
H	3931	90	76.7	+	0	0	1596I90M51I	New.CleanUp.ReferenceOTU1859 EUK.Mock.1_73478	32013
H	854	90	90.0	+	0	0	1605I90M42I	New.CleanUp.ReferenceOTU1859 EUK.Mock.1_73478	10764
H	4934	90	95.6	+	0	0	1591I90M50I	New.CleanUp.ReferenceOTU1861 EUK.Mock.1_77286	40794
H	854	90	94.4	+	0	0	1605I90M42I	New.CleanUp.ReferenceOTU1861 EUK.Mock.1_77286	10764
H	9284	90	95.6	+	0	0	1663I13MI77M67I	New.CleanUp.ReferenceOTU1861 EUK.Mock.1_77286	80038
H	10646	90	94.4	+	0	0	1646I90M41I	New.CleanUp.ReferenceOTU1861 EUK.Mock.1_77286	91684
H	6170	90	94.4	+	0	0	1436I90M69I	New.CleanUp.ReferenceOTU1861 EUK.Mock.1_77286	52258
H	8570	90	95.6	+	0	0	1668I90M70I	New.CleanUp.ReferenceOTU1862 EUK.Mock.1_101785	73609
H	7688	90	95.6	+	0	0	1582I90M585I	New.CleanUp.ReferenceOTU1862 EUK.Mock.1_101785	65995
H	9760	90	85.6	+	0	0	1657I85M5D	New.CleanUp.ReferenceOTU1862 EUK.Mock.1_101785	8379
H	9379	90	90.0	+	0	0	1675I90M35I	New.CleanUp.ReferenceOTU1862 EUK.Mock.1_101785	80767
H	564	90	90.0	+	0	0	1679I90M60I	New.CleanUp.ReferenceOTU1862 EUK.Mock.1_101785	105083
H	5135	90	91.1	+	0	0	1633I90M69I	New.CleanUp.ReferenceOTU1864 EUK.Mock.1_101780	4269
H	2906	90	87.8	+	0	0	1573I90M50I	New.CleanUp.ReferenceOTU1864 EUK.Mock.1_101780	23075
H	5866	90	88.9	+	0	0	1559I90M55I	New.CleanUp.ReferenceOTU1864 EUK.Mock.1_101780	49307
H	8635	90	88.9	+	0	0	1644I90M55I	New.CleanUp.ReferenceOTU1864 EUK.Mock.1_101780	74171
H	5423	90	90.0	+	0	0	1602I90M39I	New.CleanUp.ReferenceOTU1864 EUK.Mock.1_101780	45376
H	5135	90	90.0	+	0	0	1633I90M69I	New.CleanUp.ReferenceOTU1870 EUK.Mock.1_59664	4269
H	3531	90	87.8	+	0	0	1625I90M65I	New.CleanUp.ReferenceOTU1870 EUK.Mock.1_59664	28560
H	5866	90	87.8	+	0	0	1559I90M55I	New.CleanUp.ReferenceOTU1870 EUK.Mock.1_59664	49307
H	8924	90	87.8	+	0	0	1580I90M50I	New.CleanUp.ReferenceOTU1870 EUK.Mock.1_59664	76542
H	5423	90	88.9	+	0	0	1602I90M39I	New.CleanUp.ReferenceOTU1870 EUK.Mock.1_59664	45376
H	4934	90	95.6	+	0	0	1591I90M50I	New.CleanUp.ReferenceOTU1874 EUK.Mock.1_69658	40794
H	9284	90	95.6	+	0	0	1663I13MI77M67I	New.CleanUp.ReferenceOTU1874 EUK.Mock.1_69658	80038
H	854	90	94.4	+	0	0	1605I90M42I	New.CleanUp.ReferenceOTU1874 EUK.Mock.1_69658	10764
H	6170	90	94.4	+	0	0	1436I90M69I	New.CleanUp.ReferenceOTU1874 EUK.Mock.1_69658	52258
H	3447	90	93.3	+	0	0	1645I90M66I	New.CleanUp.ReferenceOTU1874 EUK.Mock.1_69658	27744
H	8570	90	96.7	+	0	0	1668I90M70I	New.CleanUp.ReferenceOTU188 EUK.Mock.1_60284	73609
H	7688	90	96.7	+	0	0	1582I90M585I	New.CleanUp.ReferenceOTU188 EUK.Mock.1_60284	65995
H	564	90	91.1	+	0	0	1679I90M60I	New.CleanUp.ReferenceOTU188 EUK.Mock.1_60284	105083
H	9379	90	91.1	+	0	0	1675I90M35I	New.CleanUp.ReferenceOTU188 EUK.Mock.1_60284	80767
H	4314	90	86.7	+	0	0	1647I90M41I	New.CleanUp.ReferenceOTU188 EUK.Mock.1_60284	354
N	*	90	*	*	*	*	*	New.CleanUp.ReferenceOTU1880 EUK.Mock.1_81764	*
H	8570	90	95.6	+	0	0	1668I90M70I	New.CleanUp.ReferenceOTU1882 EUK.Mock.1_69656	73609
H	7688	90	95.6	+	0	0	1582I90M585I	New.CleanUp.ReferenceOTU1882 EUK.Mock.1_69656	65995
H	564	90	90.0	+	0	0	1679I90M60I	New.CleanUp.ReferenceOTU1882 EUK.Mock.1_69656	105083
H	9760	90	85.6	+	0	0	1657I85M5D	New.CleanUp.ReferenceOTU1882 EUK.Mock.1_69656	8379
H	9379	90	90.0	+	0	0	1675I90M35I	New.CleanUp.ReferenceOTU1882 EUK.Mock.1_69656	80767
H	4634	83	95.2	+	0	0	1598I83M58I	New.CleanUp.ReferenceOTU1886 EUK.Mock.1_70818	38113
H	1595	83	94.0	+	0	0	1626I83M73I	New.CleanUp.ReferenceOTU1886 EUK.Mock.1_70818	114376
H	3034	83	95.2	+	0	0	1646I83M73I	New.CleanUp.ReferenceOTU1886 EUK.Mock.1_70818	24055
H	7123	83	95.2	+	0	0	1549I83M19I	New.CleanUp.ReferenceOTU1886 EUK.Mock.1_70818	61087
H	3242	83	94.0	+	0	0	1639I83M140I	New.CleanUp.ReferenceOTU1886 EUK.Mock.1_70818	25771
H	88	90	96.7	+	0	0	1111I90M69I	New.CleanUp.ReferenceOTU1888 EUK.Mock.1_68773	10084
H	4197	90	95.6	+	0	0	1637I90M64I	New.CleanUp.ReferenceOTU1888 EUK.Mock.1_68773	34288
H	279	90	95.6	+	0	0	1595I90M32I	New.CleanUp.ReferenceOTU1888 EUK.Mock.1_68773	102447
L	1860	1749	*	*	*	*	*	13657	*
H	1860	90	94.4	+	0	0	1631I90M28I	New.CleanUp.ReferenceOTU1888 EUK.Mock.1_68773	13657
H	5770	90	94.4	+	0	0	1620I90M28I	New.CleanUp.ReferenceOTU1888 EUK.Mock.1_68773	48184
H	4634	90	95.6	+	0	0	1598I90M51I	New.CleanUp.ReferenceOTU1889 EUK.Mock.1_94956	38113
H	7185	90	94.4	+	0	0	1649I90M69I	New.CleanUp.ReferenceOTU1889 EUK.Mock.1_94956	61571
H	7123	90	95.6	+	0	0	1549I90M12I	New.CleanUp.ReferenceOTU1889 EUK.Mock.1_94956	61087
H	3242	90	94.4	+	0	0	1639I90M133I	New.CleanUp.ReferenceOTU1889 EUK.Mock.1_94956	25771
H	1595	90	94.4	+	0	0	1626I90M66I	New.CleanUp.ReferenceOTU1889 EUK.Mock.1_94956	114376
H	9506	90	95.6	+	0	0	1632I90M75I	New.CleanUp.ReferenceOTU1891 EUK.Mock.1_22623	81821
H	11256	90	95.6	+	0	0	1391I90M72I	New.CleanUp.ReferenceOTU1891 EUK.Mock.1_22623	97289
H	5603	90	74.4	+	0	0	1633I38M2D21MD28M58I	New.CleanUp.ReferenceOTU1891 EUK.Mock.1_22623	46764
H	1881	90	76.7	+	0	0	1656I38M2D29MD20M57I	New.CleanUp.ReferenceOTU1891 EUK.Mock.1_22623	13813
L	8441	1782	*	*	*	*	*	72444	*
H	8441	90	70.0	+	0	0	1637I52M3D35M58I	New.CleanUp.ReferenceOTU1891 EUK.Mock.1_22623	72444
H	8274	90	76.7	+	0	0	1739I90M66I	New.CleanUp.ReferenceOTU1896 EUK.Mock.1_38186	70969
H	2499	90	87.8	+	0	0	1638I90M63I	New.CleanUp.ReferenceOTU1896 EUK.Mock.1_38186	19455
H	11143	90	83.3	+	0	0	1591I90M65I	New.CleanUp.ReferenceOTU1896 EUK.Mock.1_38186	96234
H	9735	90	75.6	+	0	0	1642I90M64I	New.CleanUp.ReferenceOTU1896 EUK.Mock.1_38186	83620
L	3792	1844	*	*	*	*	*	30818	*
H	3792	90	72.2	+	0	0	1688I90M66I	New.CleanUp.ReferenceOTU1896 EUK.Mock.1_38186	30818
H	4934	80	96.2	+	0	0	1591I80M60I	New.CleanUp.ReferenceOTU1906 EUK.Mock.1_22539	40794
H	6170	80	95.0	+	0	0	1436I80M79I	New.CleanUp.ReferenceOTU1906 EUK.Mock.1_22539	52258
H	854	80	96.2	+	0	0	1605I80M52I	New.CleanUp.ReferenceOTU1906 EUK.Mock.1_22539	10764
H	3447	80	95.0	+	0	0	1645I80M76I	New.CleanUp.ReferenceOTU1906 EUK.Mock.1_22539	27744
H	10646	80	93.8	+	0	0	1646I80M51I	New.CleanUp.ReferenceOTU1906 EUK.Mock.1_22539	91684
H	4863	90	96.7	+	0	0	1251I90M35I	New.CleanUp.ReferenceOTU1911 EUK.Mock.1_53416	40103
H	7760	90	96.7	+	0	0	1279I90M35I	New.CleanUp.ReferenceOTU1911 EUK.Mock.1_53416	66673
H	3103	90	95.6	+	0	0	1290I90M34I	New.CleanUp.ReferenceOTU1911 EUK.Mock.1_53416	2467
H	10834	90	87.8	+	0	0	1683I90M70I	New.CleanUp.ReferenceOTU1911 EUK.Mock.1_53416	93246
H	6736	90	78.9	+	0	0	1644I42M3D23M2I22M50I	New.CleanUp.ReferenceOTU1911 EUK.Mock.1_53416	57479
H	4863	90	96.7	+	0	0	1251I90M35I	New.CleanUp.ReferenceOTU1913 EUK.Mock.1_64660	40103
H	7760	90	96.7	+	0	0	1279I90M35I	New.CleanUp.ReferenceOTU1913 EUK.Mock.1_64660	66673
H	3103	90	95.6	+	0	0	1290I90M34I	New.CleanUp.ReferenceOTU1913 EUK.Mock.1_64660	2467
H	10834	90	87.8	+	0	0	1683I90M70I	New.CleanUp.ReferenceOTU1913 EUK.Mock.1_64660	93246
H	9023	90	75.6	+	0	0	1652I62MD27M273I	New.CleanUp.ReferenceOTU1913 EUK.Mock.1_64660	77469
H	4934	90	96.7	+	0	0	1591I90M50I	New.CleanUp.ReferenceOTU192 EUK.Mock.1_446	40794
H	9284	90	96.7	+	0	0	1663I13MI77M67I	New.CleanUp.ReferenceOTU192 EUK.Mock.1_446	80038
H	6170	90	95.6	+	0	0	1436I90M69I	New.CleanUp.ReferenceOTU192 EUK.Mock.1_446	52258
H	854	90	95.6	+	0	0	1605I90M42I	New.CleanUp.ReferenceOTU192 EUK.Mock.1_446	10764
H	3447	90	94.4	+	0	0	1645I90M66I	New.CleanUp.ReferenceOTU192 EUK.Mock.1_446	27744
H	4934	90	96.7	+	0	0	1591I90M50I	New.CleanUp.ReferenceOTU1923 EUK.Mock.1_104575	40794
H	9284	90	96.7	+	0	0	1663I13MI77M67I	New.CleanUp.ReferenceOTU1923 EUK.Mock.1_104575	80038
H	6170	90	95.6	+	0	0	1436I90M69I	New.CleanUp.ReferenceOTU1923 EUK.Mock.1_104575	52258
H	854	90	95.6	+	0	0	1605I90M42I	New.CleanUp.ReferenceOTU1923 EUK.Mock.1_104575	10764
H	3447	90	94.4	+	0	0	1645I90M66I	New.CleanUp.ReferenceOTU1923 EUK.Mock.1_104575	27744
H	11256	90	95.6	+	0	0	1391I90M72I	New.CleanUp.ReferenceOTU1925 EUK.Mock.1_103688	97289
H	9506	90	95.6	+	0	0	1632I90M75I	New.CleanUp.ReferenceOTU1925 EUK.Mock.1_103688	81821
H	5097	90	70.0	+	0	0	1633I39M2D33MD15M46I	New.CleanUp.ReferenceOTU1925 EUK.Mock.1_103688	42222
H	1881	90	77.8	+	0	0	1656I38M2D33MD16M57I	New.CleanUp.ReferenceOTU1925 EUK.Mock.1_103688	13813
H	4546	90	70.0	+	0	0	1078I39M2D33MD15M56I	New.CleanUp.ReferenceOTU1925 EUK.Mock.1_103688	37371
H	11256	90	96.7	+	0	0	1391I90M72I	New.CleanUp.ReferenceOTU1926 EUK.Mock.1_85875	97289
H	9506	90	96.7	+	0	0	1632I90M75I	New.CleanUp.ReferenceOTU1926 EUK.Mock.1_85875	81821
H	7778	90	70.0	+	0	0	1606I44M2D17MD26M704I	New.CleanUp.ReferenceOTU1926 EUK.Mock.1_85875	66800
L	10313	1755	*	*	*	*	*	88901	*
H	10313	90	74.4	+	0	0	1626I37M2D39MD11M42I	New.CleanUp.ReferenceOTU1926 EUK.Mock.1_85875	88901
L	8995	2339	*	*	*	*	*	77188	*
H	8995	90	70.0	+	0	0	1606I37M2D24MD26M646I	New.CleanUp.ReferenceOTU1926 EUK.Mock.1_85875	77188
H	7760	90	95.6	+	0	0	1279I90M35I	New.CleanUp.ReferenceOTU1927 EUK.Mock.1_13079	66673
H	4863	90	95.6	+	0	0	1251I90M35I	New.CleanUp.ReferenceOTU1927 EUK.Mock.1_13079	40103
H	3103	90	94.4	+	0	0	1290I90M34I	New.CleanUp.ReferenceOTU1927 EUK.Mock.1_13079	2467
H	10834	90	86.7	+	0	0	1683I90M70I	New.CleanUp.ReferenceOTU1927 EUK.Mock.1_13079	93246
L	6292	1804	*	*	*	*	*	53297	*
H	6292	90	70.0	+	0	0	1668I61M8D21M54I	New.CleanUp.ReferenceOTU1927 EUK.Mock.1_13079	53297
H	4104	90	95.6	+	0	0	1703I90M70I	New.CleanUp.ReferenceOTU1939 EUK.Mock.1_35660	33585
H	9936	90	93.3	+	0	0	1706I62MD27M70I	New.CleanUp.ReferenceOTU1939 EUK.Mock.1_35660	85366
H	1952	90	93.3	+	0	0	1687I90M70I	New.CleanUp.ReferenceOTU1939 EUK.Mock.1_35660	14424
H	254	90	92.2	+	0	0	1706I90M68I	New.CleanUp.ReferenceOTU1939 EUK.Mock.1_35660	102297
L	7004	1784	*	*	*	*	*	60076	*
H	7004	90	85.6	+	0	0	1663I90M31I	New.CleanUp.ReferenceOTU1939 EUK.Mock.1_35660	60076
H	4934	90	96.7	+	0	0	1591I90M50I	New.CleanUp.ReferenceOTU194 EUK.Mock.1_69986	40794
H	9284	90	96.7	+	0	0	1663I13MI77M67I	New.CleanUp.ReferenceOTU194 EUK.Mock.1_69986	80038
H	854	90	95.6	+	0	0	1605I90M42I	New.CleanUp.ReferenceOTU194 EUK.Mock.1_69986	10764
H	6170	90	95.6	+	0	0	1436I90M69I	New.CleanUp.ReferenceOTU194 EUK.Mock.1_69986	52258
H	3447	90	94.4	+	0	0	1645I90M66I	New.CleanUp.ReferenceOTU194 EUK.Mock.1_69986	27744
N	*	90	*	*	*	*	*	New.CleanUp.ReferenceOTU1942 EUK.Mock.1_105319	*
H	7688	90	96.7	+	0	0	1582I90M585I	New.CleanUp.ReferenceOTU1944 EUK.Mock.1_68302	65995
H	8570	90	96.7	+	0	0	1668I90M70I	New.CleanUp.ReferenceOTU1944 EUK.Mock.1_68302	73609
H	564	90	91.1	+	0	0	1679I90M60I	New.CleanUp.ReferenceOTU1944 EUK.Mock.1_68302	105083
H	9379	90	91.1	+	0	0	1675I90M35I	New.CleanUp.ReferenceOTU1944 EUK.Mock.1_68302	80767
H	6400	90	87.8	+	0	0	1680I90M68I	New.CleanUp.ReferenceOTU1944 EUK.Mock.1_68302	54274
H	3034	90	94.4	+	0	0	1646I90M66I	New.CleanUp.ReferenceOTU1947 EUK.Mock.1_65542	24055
H	4634	90	95.6	+	0	0	1598I90M51I	New.CleanUp.ReferenceOTU1947 EUK.Mock.1_65542	38113
H	7123	90	95.6	+	0	0	1549I90M12I	New.CleanUp.ReferenceOTU1947 EUK.Mock.1_65542	61087
H	1595	90	94.4	+	0	0	1626I90M66I	New.CleanUp.ReferenceOTU1947 EUK.Mock.1_65542	114376
H	3242	90	94.4	+	0	0	1639I90M133I	New.CleanUp.ReferenceOTU1947 EUK.Mock.1_65542	25771
H	8570	78	94.9	+	0	0	1668I78M82I	New.CleanUp.ReferenceOTU1949 EUK.Mock.1_64543	73609
H	7688	78	94.9	+	0	0	1582I78M597I	New.CleanUp.ReferenceOTU1949 EUK.Mock.1_64543	65995
H	564	78	88.5	+	0	0	1679I78M72I	New.CleanUp.ReferenceOTU1949 EUK.Mock.1_64543	105083
H	6400	78	84.6	+	0	0	1680I78M80I	New.CleanUp.ReferenceOTU1949 EUK.Mock.1_64543	54274
H	8790	78	88.5	+	0	0	1630I78M42I	New.CleanUp.ReferenceOTU1949 EUK.Mock.1_64543	75440
H	5135	90	92.2	+	0	0	1633I90M69I	New.CleanUp.ReferenceOTU195 EUK.Mock.1_12947	4269
H	5866	90	90.0	+	0	0	1559I90M55I	New.CleanUp.ReferenceOTU195 EUK.Mock.1_12947	49307
H	8924	90	90.0	+	0	0	1580I90M50I	New.CleanUp.ReferenceOTU195 EUK.Mock.1_12947	76542
H	4099	90	84.4	+	0	0	1596I85M5D	New.CleanUp.ReferenceOTU195 EUK.Mock.1_12947	33523
H	2906	90	88.9	+	0	0	1573I90M50I	New.CleanUp.ReferenceOTU195 EUK.Mock.1_12947	23075
H	854	90	95.6	+	0	0	1605I90M42I	New.CleanUp.ReferenceOTU1950 EUK.Mock.1_43545	10764
H	4934	90	95.6	+	0	0	1591I90M50I	New.CleanUp.ReferenceOTU1950 EUK.Mock.1_43545	40794
H	6170	90	94.4	+	0	0	1436I90M69I	New.CleanUp.ReferenceOTU1950 EUK.Mock.1_43545	52258
H	3447	90	93.3	+	0	0	1645I90M66I	New.CleanUp.ReferenceOTU1950 EUK.Mock.1_43545	27744
H	3878	90	91.1	+	0	0	1629I54MD35M156I	New.CleanUp.ReferenceOTU1950 EUK.Mock.1_43545	31618
H	5135	90	92.2	+	0	0	1633I90M69I	New.CleanUp.ReferenceOTU1952 EUK.Mock.1_105557	4269
H	5866	90	90.0	+	0	0	1559I90M55I	New.CleanUp.ReferenceOTU1952 EUK.Mock.1_105557	49307
H	5423	90	91.1	+	0	0	1602I90M39I	New.CleanUp.ReferenceOTU1952 EUK.Mock.1_105557	45376
L	8384	1709	*	*	*	*	*	71943	*
H	8384	90	87.8	+	0	0	1569I90M50I	New.CleanUp.ReferenceOTU1952 EUK.Mock.1_105557	71943
H	11572	90	88.9	+	0	0	1580I90M50I	New.CleanUp.ReferenceOTU1952 EUK.Mock.1_105557	99915
H	4934	90	96.7	+	0	0	1591I90M50I	New.CleanUp.ReferenceOTU1956 EUK.Mock.1_6699	40794
H	9284	90	96.7	+	0	0	1663I13MI77M67I	New.CleanUp.ReferenceOTU1956 EUK.Mock.1_6699	80038
H	854	90	95.6	+	0	0	1605I90M42I	New.CleanUp.ReferenceOTU1956 EUK.Mock.1_6699	10764
H	6170	90	95.6	+	0	0	1436I90M69I	New.CleanUp.ReferenceOTU1956 EUK.Mock.1_6699	52258
H	3447	90	94.4	+	0	0	1645I90M66I	New.CleanUp.ReferenceOTU1956 EUK.Mock.1_6699	27744
H	5135	90	92.2	+	0	0	1633I90M69I	New.CleanUp.ReferenceOTU196 EUK.Mock.1_17396	4269
H	5866	90	90.0	+	0	0	1559I90M55I	New.CleanUp.ReferenceOTU196 EUK.Mock.1_17396	49307
H	8293	90	88.9	+	0	0	1629I90M66I	New.CleanUp.ReferenceOTU196 EUK.Mock.1_17396	71176
H	8635	90	90.0	+	0	0	1644I90M55I	New.CleanUp.ReferenceOTU196 EUK.Mock.1_17396	74171
H	5423	90	91.1	+	0	0	1602I90M39I	New.CleanUp.ReferenceOTU196 EUK.Mock.1_17396	45376
H	4934	90	95.6	+	0	0	1591I90M50I	New.CleanUp.ReferenceOTU1960 EUK.Mock.1_32667	40794
H	854	90	94.4	+	0	0	1605I90M42I	New.CleanUp.ReferenceOTU1960 EUK.Mock.1_32667	10764
H	9284	90	95.6	+	0	0	1663I13MI77M67I	New.CleanUp.ReferenceOTU1960 EUK.Mock.1_32667	80038
H	6170	90	94.4	+	0	0	1436I90M69I	New.CleanUp.ReferenceOTU1960 EUK.Mock.1_32667	52258
H	3447	90	93.3	+	0	0	1645I90M66I	New.CleanUp.ReferenceOTU1960 EUK.Mock.1_32667	27744
H	7688	90	93.3	+	0	0	1582I90M585I	New.CleanUp.ReferenceOTU1965 EUK.Mock.1_23844	65995
H	8570	90	93.3	+	0	0	1668I90M70I	New.CleanUp.ReferenceOTU1965 EUK.Mock.1_23844	73609
H	564	90	87.8	+	0	0	1679I90M60I	New.CleanUp.ReferenceOTU1965 EUK.Mock.1_23844	105083
H	9379	90	87.8	+	0	0	1675I90M35I	New.CleanUp.ReferenceOTU1965 EUK.Mock.1_23844	80767
H	137	90	85.6	+	0	0	1635I90M32I	New.CleanUp.ReferenceOTU1965 EUK.Mock.1_23844	101249
H	4863	90	95.6	+	0	0	1251I90M35I	New.CleanUp.ReferenceOTU1969 EUK.Mock.1_100243	40103
H	7760	90	95.6	+	0	0	1279I90M35I	New.CleanUp.ReferenceOTU1969 EUK.Mock.1_100243	66673
H	3103	90	94.4	+	0	0	1290I90M34I	New.CleanUp.ReferenceOTU1969 EUK.Mock.1_100243	2467
H	10834	90	86.7	+	0	0	1683I90M70I	New.CleanUp.ReferenceOTU1969 EUK.Mock.1_100243	93246
L	6656	1782	*	*	*	*	*	56653	*
H	6656	90	80.0	+	0	0	1628I33MD33MD22M66I	New.CleanUp.ReferenceOTU1969 EUK.Mock.1_100243	56653
H	4934	90	96.7	+	0	0	1591I90M50I	New.CleanUp.ReferenceOTU1976 EUK.Mock.1_17179	40794
H	9284	90	96.7	+	0	0	1663I13MI77M67I	New.CleanUp.ReferenceOTU1976 EUK.Mock.1_17179	80038
H	6170	90	95.6	+	0	0	1436I90M69I	New.CleanUp.ReferenceOTU1976 EUK.Mock.1_17179	52258
H	854	90	95.6	+	0	0	1605I90M42I	New.CleanUp.ReferenceOTU1976 EUK.Mock.1_17179	10764
H	3447	90	94.4	+	0	0	1645I90M66I	New.CleanUp.ReferenceOTU1976 EUK.Mock.1_17179	27744
H	4934	90	96.7	+	0	0	1591I90M50I	New.CleanUp.ReferenceOTU1982 EUK.Mock.1_106124	40794
H	6170	90	95.6	+	0	0	1436I90M69I	New.CleanUp.ReferenceOTU1982 EUK.Mock.1_106124	52258
H	854	90	95.6	+	0	0	1605I90M42I	New.CleanUp.ReferenceOTU1982 EUK.Mock.1_106124	10764
H	3447	90	94.4	+	0	0	1645I90M66I	New.CleanUp.ReferenceOTU1982 EUK.Mock.1_106124	27744
H	3878	90	92.2	+	0	0	1629I54MD35M156I	New.CleanUp.ReferenceOTU1982 EUK.Mock.1_106124	31618
H	8570	90	95.6	+	0	0	1668I90M70I	New.CleanUp.ReferenceOTU1984 EUK.Mock.1_69436	73609
H	7688	90	95.6	+	0	0	1582I90M585I	New.CleanUp.ReferenceOTU1984 EUK.Mock.1_69436	65995
H	564	90	90.0	+	0	0	1679I90M60I	New.CleanUp.ReferenceOTU1984 EUK.Mock.1_69436	105083
H	9760	90	85.6	+	0	0	1657I85M5D	New.CleanUp.ReferenceOTU1984 EUK.Mock.1_69436	8379
H	9379	90	90.0	+	0	0	1675I90M35I	New.CleanUp.ReferenceOTU1984 EUK.Mock.1_69436	80767
H	3171	90	97.8	+	0	0	1626I90M65I	New.CleanUp.ReferenceOTU1986 EUK.Mock.1_5986	25160
H	8717	90	93.3	+	0	0	1594I47MI16MI27M67I	New.CleanUp.ReferenceOTU1986 EUK.Mock.1_5986	74829
H	7875	90	94.4	+	0	0	1592I45MI19MI26M64I	New.CleanUp.ReferenceOTU1986 EUK.Mock.1_5986	67609
H	2726	90	93.3	+	0	0	1589I45MI20MI25M63I	New.CleanUp.ReferenceOTU1986 EUK.Mock.1_5986	21485
H	7503	90	90.0	+	0	0	1585I90M64I	New.CleanUp.ReferenceOTU1986 EUK.Mock.1_5986	64286
H	4934	90	95.6	+	0	0	1591I90M50I	New.CleanUp.ReferenceOTU1990 EUK.Mock.1_93781	40794
H	9284	90	95.6	+	0	0	1663I13MI77M67I	New.CleanUp.ReferenceOTU1990 EUK.Mock.1_93781	80038
H	6170	90	94.4	+	0	0	1436I90M69I	New.CleanUp.ReferenceOTU1990 EUK.Mock.1_93781	52258
H	854	90	94.4	+	0	0	1605I90M42I	New.CleanUp.ReferenceOTU1990 EUK.Mock.1_93781	10764
H	8341	90	91.1	+	0	0	1645I90M66I	New.CleanUp.ReferenceOTU1990 EUK.Mock.1_93781	71605
H	4934	90	96.7	+	0	0	1591I90M50I	New.CleanUp.ReferenceOTU1995 EUK.Mock.1_81528	40794
H	9284	90	96.7	+	0	0	1663I13MI77M67I	New.CleanUp.ReferenceOTU1995 EUK.Mock.1_81528	80038
H	854	90	95.6	+	0	0	1605I90M42I	New.CleanUp.ReferenceOTU1995 EUK.Mock.1_81528	10764
H	6170	90	95.6	+	0	0	1436I90M69I	New.CleanUp.ReferenceOTU1995 EUK.Mock.1_81528	52258
H	3447	90	94.4	+	0	0	1645I90M66I	New.CleanUp.ReferenceOTU1995 EUK.Mock.1_81528	27744
H	4634	90	96.7	+	0	0	1598I90M51I	New.CleanUp.ReferenceOTU1997 EUK.Mock.1_30748	38113
H	7123	90	94.4	+	0	0	1549I90M12I	New.CleanUp.ReferenceOTU1997 EUK.Mock.1_30748	61087
H	7185	90	93.3	+	0	0	1649I90M69I	New.CleanUp.ReferenceOTU1997 EUK.Mock.1_30748	61571
H	9246	90	93.3	+	0	0	1549I90M12I	New.CleanUp.ReferenceOTU1997 EUK.Mock.1_30748	79610
H	3034	90	93.3	+	0	0	1646I90M66I	New.CleanUp.ReferenceOTU1997 EUK.Mock.1_30748	24055
H	854	71	95.8	+	0	0	1605I71M61I	New.CleanUp.ReferenceOTU2 EUK.Mock.1_62458	10764
H	6170	71	95.8	+	0	0	1436I71M88I	New.CleanUp.ReferenceOTU2 EUK.Mock.1_62458	52258
H	4934	71	95.8	+	0	0	1591I71M69I	New.CleanUp.ReferenceOTU2 EUK.Mock.1_62458	40794
H	3447	71	95.8	+	0	0	1645I71M85I	New.CleanUp.ReferenceOTU2 EUK.Mock.1_62458	27744
H	9284	71	95.8	+	0	0	1663I13MI58M86I	New.CleanUp.ReferenceOTU2 EUK.Mock.1_62458	80038
H	254	71	93.0	+	0	0	1706I71M87I	New.CleanUp.ReferenceOTU2001 EUK.Mock.1_105428	102297
H	4104	71	94.4	+	0	0	1703I71M89I	New.CleanUp.ReferenceOTU2001 EUK.Mock.1_105428	33585
H	9936	71	87.3	+	0	0	1706I71M88I	New.CleanUp.ReferenceOTU2001 EUK.Mock.1_105428	85366
H	1952	71	88.7	+	0	0	1687I71M89I	New.CleanUp.ReferenceOTU2001 EUK.Mock.1_105428	14424
H	7925	71	87.3	+	0	0	1704I59MI12M88I	New.CleanUp.ReferenceOTU2001 EUK.Mock.1_105428	68080
H	8570	90	96.7	+	0	0	1668I90M70I	New.CleanUp.ReferenceOTU2003 EUK.Mock.1_84909	73609
H	7688	90	96.7	+	0	0	1582I90M585I	New.CleanUp.ReferenceOTU2003 EUK.Mock.1_84909	65995
H	564	90	91.1	+	0	0	1679I90M60I	New.CleanUp.ReferenceOTU2003 EUK.Mock.1_84909	105083
H	6400	90	86.7	+	0	0	1680I90M68I	New.CleanUp.ReferenceOTU2003 EUK.Mock.1_84909	54274
H	9379	90	91.1	+	0	0	1675I90M35I	New.CleanUp.ReferenceOTU2003 EUK.Mock.1_84909	80767
N	*	90	*	*	*	*	*	New.CleanUp.ReferenceOTU2005 EUK.Mock.1_21729	*
H	88	85	95.3	+	0	0	1111I85M74I	New.CleanUp.ReferenceOTU2006 EUK.Mock.1_65168	10084
H	279	85	94.1	+	0	0	1595I85M37I	New.CleanUp.ReferenceOTU2006 EUK.Mock.1_65168	102447
H	5770	85	92.9	+	0	0	1620I85M33I	New.CleanUp.ReferenceOTU2006 EUK.Mock.1_65168	48184
H	818	85	94.1	+	0	0	1947I85M2I	New.CleanUp.ReferenceOTU2006 EUK.Mock.1_65168	107387
H	4197	85	94.1	+	0	0	1637I85M69I	New.CleanUp.ReferenceOTU2006 EUK.Mock.1_65168	34288
H	4934	90	91.1	+	0	0	1591I90M50I	New.CleanUp.ReferenceOTU2008 EUK.Mock.1_71340	40794
H	9284	90	91.1	+	0	0	1663I13MI77M67I	New.CleanUp.ReferenceOTU2008 EUK.Mock.1_71340	80038
H	217	90	75.6	+	0	0	1644I90M65I	New.CleanUp.ReferenceOTU2008 EUK.Mock.1_71340	102041
H	854	90	90.0	+	0	0	1605I90M42I	New.CleanUp.ReferenceOTU2008 EUK.Mock.1_71340	10764
H	4596	90	75.6	+	0	0	1623I90M51I	New.CleanUp.ReferenceOTU2008 EUK.Mock.1_71340	37746
H	88	90	96.7	+	0	0	1111I90M69I	New.CleanUp.ReferenceOTU2009 EUK.Mock.1_101207	10084
H	4197	90	95.6	+	0	0	1637I90M64I	New.CleanUp.ReferenceOTU2009 EUK.Mock.1_101207	34288
L	2662	1772	*	*	*	*	*	20910	*
H	2662	90	93.3	+	0	0	1624I90M58I	New.CleanUp.ReferenceOTU2009 EUK.Mock.1_101207	20910
H	818	90	92.2	+	0	0	1947I87M3D	New.CleanUp.ReferenceOTU2009 EUK.Mock.1_101207	107387
H	3527	90	96.7	+	0	0	1659I90M86I	New.CleanUp.ReferenceOTU2009 EUK.Mock.1_101207	28521
N	*	90	*	*	*	*	*	New.CleanUp.ReferenceOTU2011 EUK.Mock.1_108899	*
N	*	90	*	*	*	*	*	New.CleanUp.ReferenceOTU202 EUK.Mock.1_105532	*
H	3171	90	96.7	+	0	0	1626I90M65I	New.CleanUp.ReferenceOTU2020 EUK.Mock.1_77906	25160
H	8717	90	92.2	+	0	0	1594I47MI16MI27M67I	New.CleanUp.ReferenceOTU2020 EUK.Mock.1_77906	74829
H	7875	90	93.3	+	0	0	1592I45MI19MI26M64I	New.CleanUp.ReferenceOTU2020 EUK.Mock.1_77906	67609
H	2726	90	92.2	+	0	0	1589I45MI20MI25M63I	New.CleanUp.ReferenceOTU2020 EUK.Mock.1_77906	21485
H	7503	90	88.9	+	0	0	1585I90M64I	New.CleanUp.ReferenceOTU2020 EUK.Mock.1_77906	64286
H	8570	90	93.3	+	0	0	1668I90M70I	New.CleanUp.ReferenceOTU2021 EUK.Mock.1_59878	73609
H	7688	90	93.3	+	0	0	1582I90M585I	New.CleanUp.ReferenceOTU2021 EUK.Mock.1_59878	65995
H	564	90	88.9	+	0	0	1679I90M60I	New.CleanUp.ReferenceOTU2021 EUK.Mock.1_59878	105083
H	6400	90	85.6	+	0	0	1680I90M68I	New.CleanUp.ReferenceOTU2021 EUK.Mock.1_59878	54274
H	9379	90	88.9	+	0	0	1675I90M35I	New.CleanUp.ReferenceOTU2021 EUK.Mock.1_59878	80767
H	9506	90	95.6	+	0	0	1632I90M75I	New.CleanUp.ReferenceOTU2022 EUK.Mock.1_4126	81821
H	11256	90	95.6	+	0	0	1391I90M72I	New.CleanUp.ReferenceOTU2022 EUK.Mock.1_4126	97289
L	6004	1902	*	*	*	*	*	5062	*
H	6004	90	71.1	+	0	0	1644I36M2D31MD20M171I	New.CleanUp.ReferenceOTU2022 EUK.Mock.1_4126	5062
L	3649	1782	*	*	*	*	*	2971	*
H	3649	90	71.1	+	0	0	1626I36M2D31MD20M69I	New.CleanUp.ReferenceOTU2022 EUK.Mock.1_4126	2971
H	4634	90	88.9	+	0	0	1598I90M51I	New.CleanUp.ReferenceOTU2024 EUK.Mock.1_9563	38113
H	7123	90	88.9	+	0	0	1549I90M12I	New.CleanUp.ReferenceOTU2024 EUK.Mock.1_9563	61087
H	7185	90	87.8	+	0	0	1649I90M69I	New.CleanUp.ReferenceOTU2024 EUK.Mock.1_9563	61571
H	9246	90	87.8	+	0	0	1549I90M12I	New.CleanUp.ReferenceOTU2024 EUK.Mock.1_9563	79610
H	3034	90	87.8	+	0	0	1646I90M66I	New.CleanUp.ReferenceOTU2024 EUK.Mock.1_9563	24055
H	3447	83	95.2	+	0	0	1645I83M73I	New.CleanUp.ReferenceOTU2025 EUK.Mock.1_68699	27744
H	6170	83	95.2	+	0	0	1436I83M76I	New.CleanUp.ReferenceOTU2025 EUK.Mock.1_68699	52258
H	4934	83	96.4	+	0	0	1591I83M57I	New.CleanUp.ReferenceOTU2025 EUK.Mock.1_68699	40794
H	10646	83	95.2	+	0	0	1646I83M48I	New.CleanUp.ReferenceOTU2025 EUK.Mock.1_68699	91684
H	854	83	95.2	+	0	0	1605I83M49I	New.CleanUp.ReferenceOTU2025 EUK.Mock.1_68699	10764
H	7688	90	96.7	+	0	0	1582I90M585I	New.CleanUp.ReferenceOTU2027 EUK.Mock.1_86730	65995
H	8570	90	96.7	+	0	0	1668I90M70I	New.CleanUp.ReferenceOTU2027 EUK.Mock.1_86730	73609
H	564	90	93.3	+	0	0	1679I90M60I	New.CleanUp.ReferenceOTU2027 EUK.Mock.1_86730	105083
H	9379	90	91.1	+	0	0	1675I90M35I	New.CleanUp.ReferenceOTU2027 EUK.Mock.1_86730	80767
H	6400	90	87.8	+	0	0	1680I90M68I	New.CleanUp.ReferenceOTU2027 EUK.Mock.1_86730	54274
H	4934	90	95.6	+	0	0	1591I90M50I	New.CleanUp.ReferenceOTU2033 EUK.Mock.1_69904	40794
H	9284	90	95.6	+	0	0	1663I13MI77M67I	New.CleanUp.ReferenceOTU2033 EUK.Mock.1_69904	80038
H	6170	90	94.4	+	0	0	1436I90M69I	New.CleanUp.ReferenceOTU2033 EUK.Mock.1_69904	52258
H	854	90	94.4	+	0	0	1605I90M42I	New.CleanUp.ReferenceOTU2033 EUK.Mock.1_69904	10764
H	3447	90	93.3	+	0	0	1645I90M66I	New.CleanUp.ReferenceOTU2033 EUK.Mock.1_69904	27744
H	88	90	96.7	+	0	0	1111I90M69I	New.CleanUp.ReferenceOTU2035 EUK.Mock.1_70247	10084
H	279	90	95.6	+	0	0	1595I90M32I	New.CleanUp.ReferenceOTU2035 EUK.Mock.1_70247	102447
H	4197	90	95.6	+	0	0	1637I90M64I	New.CleanUp.ReferenceOTU2035 EUK.Mock.1_70247	34288
H	1012	90	93.3	+	0	0	1569I90M36I	New.CleanUp.ReferenceOTU2035 EUK.Mock.1_70247	108861
H	1782	90	93.3	+	0	0	1614I90M49I	New.CleanUp.ReferenceOTU2035 EUK.Mock.1_70247	12935
H	8570	90	96.7	+	0	0	1668I90M70I	New.CleanUp.ReferenceOTU2037 EUK.Mock.1_105048	73609
H	7688	90	96.7	+	0	0	1582I90M585I	New.CleanUp.ReferenceOTU2037 EUK.Mock.1_105048	65995
H	6400	90	86.7	+	0	0	1680I90M68I	New.CleanUp.ReferenceOTU2037 EUK.Mock.1_105048	54274
H	564	90	91.1	+	0	0	1679I90M60I	New.CleanUp.ReferenceOTU2037 EUK.Mock.1_105048	105083
H	4314	90	86.7	+	0	0	1647I90M41I	New.CleanUp.ReferenceOTU2037 EUK.Mock.1_105048	354
H	4934	90	96.7	+	0	0	1591I90M50I	New.CleanUp.ReferenceOTU2039 EUK.Mock.1_102026	40794
H	9284	90	96.7	+	0	0	1663I13MI77M67I	New.CleanUp.ReferenceOTU2039 EUK.Mock.1_102026	80038
H	854	90	95.6	+	0	0	1605I90M42I	New.CleanUp.ReferenceOTU2039 EUK.Mock.1_102026	10764
H	6170	90	95.6	+	0	0	1436I90M69I	New.CleanUp.ReferenceOTU2039 EUK.Mock.1_102026	52258
H	3447	90	94.4	+	0	0	1645I90M66I	New.CleanUp.ReferenceOTU2039 EUK.Mock.1_102026	27744
H	7688	90	96.7	+	0	0	1582I90M585I	New.CleanUp.ReferenceOTU2041 EUK.Mock.1_24394	65995
H	8570	90	96.7	+	0	0	1668I90M70I	New.CleanUp.ReferenceOTU2041 EUK.Mock.1_24394	73609
H	564	90	91.1	+	0	0	1679I90M60I	New.CleanUp.ReferenceOTU2041 EUK.Mock.1_24394	105083
H	9379	90	91.1	+	0	0	1675I90M35I	New.CleanUp.ReferenceOTU2041 EUK.Mock.1_24394	80767
H	6400	90	86.7	+	0	0	1680I90M68I	New.CleanUp.ReferenceOTU2041 EUK.Mock.1_24394	54274
H	8570	90	96.7	+	0	0	1668I90M70I	New.CleanUp.ReferenceOTU205 EUK.Mock.1_841	73609
H	7688	90	96.7	+	0	0	1582I90M585I	New.CleanUp.ReferenceOTU205 EUK.Mock.1_841	65995
H	564	90	91.1	+	0	0	1679I90M60I	New.CleanUp.ReferenceOTU205 EUK.Mock.1_841	105083
H	6400	90	86.7	+	0	0	1680I90M68I	New.CleanUp.ReferenceOTU205 EUK.Mock.1_841	54274
H	9379	90	91.1	+	0	0	1675I90M35I	New.CleanUp.ReferenceOTU205 EUK.Mock.1_841	80767
H	3171	90	96.7	+	0	0	1626I90M65I	New.CleanUp.ReferenceOTU2053 EUK.Mock.1_105345	25160
H	8717	90	92.2	+	0	0	1594I47MI16MI27M67I	New.CleanUp.ReferenceOTU2053 EUK.Mock.1_105345	74829
H	2726	90	92.2	+	0	0	1589I45MI20MI25M63I	New.CleanUp.ReferenceOTU2053 EUK.Mock.1_105345	21485
H	7875	90	93.3	+	0	0	1592I45MI19MI26M64I	New.CleanUp.ReferenceOTU2053 EUK.Mock.1_105345	67609
H	7503	90	88.9	+	0	0	1585I90M64I	New.CleanUp.ReferenceOTU2053 EUK.Mock.1_105345	64286
H	4934	90	96.7	+	0	0	1591I90M50I	New.CleanUp.ReferenceOTU2054 EUK.Mock.1_106967	40794
H	9284	90	96.7	+	0	0	1663I13MI77M67I	New.CleanUp.ReferenceOTU2054 EUK.Mock.1_106967	80038
H	854	90	95.6	+	0	0	1605I90M42I	New.CleanUp.ReferenceOTU2054 EUK.Mock.1_106967	10764
H	6170	90	95.6	+	0	0	1436I90M69I	New.CleanUp.ReferenceOTU2054 EUK.Mock.1_106967	52258
H	10646	90	93.3	+	0	0	1646I90M41I	New.CleanUp.ReferenceOTU2054 EUK.Mock.1_106967	91684
H	4934	90	96.7	+	0	0	1591I90M50I	New.CleanUp.ReferenceOTU2056 EUK.Mock.1_99271	40794
H	9284	90	96.7	+	0	0	1663I13MI77M67I	New.CleanUp.ReferenceOTU2056 EUK.Mock.1_99271	80038
H	6170	90	95.6	+	0	0	1436I90M69I	New.CleanUp.ReferenceOTU2056 EUK.Mock.1_99271	52258
H	854	90	95.6	+	0	0	1605I90M42I	New.CleanUp.ReferenceOTU2056 EUK.Mock.1_99271	10764
H	3447	90	94.4	+	0	0	1645I90M66I	New.CleanUp.ReferenceOTU2056 EUK.Mock.1_99271	27744
H	5135	90	92.2	+	0	0	1633I90M69I	New.CleanUp.ReferenceOTU2059 EUK.Mock.1_106149	4269
H	5866	90	90.0	+	0	0	1559I90M55I	New.CleanUp.ReferenceOTU2059 EUK.Mock.1_106149	49307
H	8635	90	90.0	+	0	0	1644I90M55I	New.CleanUp.ReferenceOTU2059 EUK.Mock.1_106149	74171
H	5437	90	87.8	+	0	0	1634I90M56I	New.CleanUp.ReferenceOTU2059 EUK.Mock.1_106149	45474
H	5423	90	91.1	+	0	0	1602I90M39I	New.CleanUp.ReferenceOTU2059 EUK.Mock.1_106149	45376
H	1595	90	94.4	+	0	0	1626I90M66I	New.CleanUp.ReferenceOTU2062 EUK.Mock.1_108989	114376
H	3242	90	94.4	+	0	0	1639I90M133I	New.CleanUp.ReferenceOTU2062 EUK.Mock.1_108989	25771
H	4634	90	95.6	+	0	0	1598I90M51I	New.CleanUp.ReferenceOTU2062 EUK.Mock.1_108989	38113
H	3034	90	94.4	+	0	0	1646I90M66I	New.CleanUp.ReferenceOTU2062 EUK.Mock.1_108989	24055
H	7123	90	95.6	+	0	0	1549I90M12I	New.CleanUp.ReferenceOTU2062 EUK.Mock.1_108989	61087
H	5135	90	91.1	+	0	0	1633I90M69I	New.CleanUp.ReferenceOTU2063 EUK.Mock.1_102246	4269
H	8924	90	90.0	+	0	0	1580I90M50I	New.CleanUp.ReferenceOTU2063 EUK.Mock.1_102246	76542
H	2906	90	87.8	+	0	0	1573I90M50I	New.CleanUp.ReferenceOTU2063 EUK.Mock.1_102246	23075
H	5866	90	88.9	+	0	0	1559I90M55I	New.CleanUp.ReferenceOTU2063 EUK.Mock.1_102246	49307
H	8635	90	88.9	+	0	0	1644I90M55I	New.CleanUp.ReferenceOTU2063 EUK.Mock.1_102246	74171
N	*	90	*	*	*	*	*	New.CleanUp.ReferenceOTU2066 EUK.Mock.1_106142	*
H	88	90	96.7	+	0	0	1111I90M69I	New.CleanUp.ReferenceOTU2067 EUK.Mock.1_96576	10084
H	4197	90	95.6	+	0	0	1637I90M64I	New.CleanUp.ReferenceOTU2067 EUK.Mock.1_96576	34288
H	279	90	95.6	+	0	0	1595I90M32I	New.CleanUp.ReferenceOTU2067 EUK.Mock.1_96576	102447
H	818	90	92.2	+	0	0	1947I87M3D	New.CleanUp.ReferenceOTU2067 EUK.Mock.1_96576	107387
H	10251	90	93.3	+	0	0	1592I90M66I	New.CleanUp.ReferenceOTU2067 EUK.Mock.1_96576	88322
H	5135	90	90.0	+	0	0	1633I90M69I	New.CleanUp.ReferenceOTU2075 EUK.Mock.1_91682	4269
H	11182	90	88.9	+	0	0	1644I90M69I	New.CleanUp.ReferenceOTU2075 EUK.Mock.1_91682	96648
H	2721	90	85.6	+	0	0	1620I90M60I	New.CleanUp.ReferenceOTU2075 EUK.Mock.1_91682	21436
H	1905	90	90.0	+	0	0	1590I58MD31M336I	New.CleanUp.ReferenceOTU2075 EUK.Mock.1_91682	14030
H	2499	90	87.8	+	0	0	1638I90M63I	New.CleanUp.ReferenceOTU2075 EUK.Mock.1_91682	19455
H	4634	90	95.6	+	0	0	1598I90M51I	New.CleanUp.ReferenceOTU2077 EUK.Mock.1_101847	38113
H	7123	90	95.6	+	0	0	1549I90M12I	New.CleanUp.ReferenceOTU2077 EUK.Mock.1_101847	61087
H	3242	90	94.4	+	0	0	1639I90M133I	New.CleanUp.ReferenceOTU2077 EUK.Mock.1_101847	25771
H	1595	90	94.4	+	0	0	1626I90M66I	New.CleanUp.ReferenceOTU2077 EUK.Mock.1_101847	114376
H	7185	90	94.4	+	0	0	1649I90M69I	New.CleanUp.ReferenceOTU2077 EUK.Mock.1_101847	61571
H	4934	90	96.7	+	0	0	1591I90M50I	New.CleanUp.ReferenceOTU2081 EUK.Mock.1_3901	40794
H	9284	90	96.7	+	0	0	1663I13MI77M67I	New.CleanUp.ReferenceOTU2081 EUK.Mock.1_3901	80038
H	6170	90	95.6	+	0	0	1436I90M69I	New.CleanUp.ReferenceOTU2081 EUK.Mock.1_3901	52258
H	854	90	95.6	+	0	0	1605I90M42I	New.CleanUp.ReferenceOTU2081 EUK.Mock.1_3901	10764
H	3447	90	94.4	+	0	0	1645I90M66I	New.CleanUp.ReferenceOTU2081 EUK.Mock.1_3901	27744
H	88	90	95.6	+	0	0	1111I90M69I	New.CleanUp.ReferenceOTU2083 EUK.Mock.1_89861	10084
H	3439	90	93.3	+	0	0	1600I90M55I	New.CleanUp.ReferenceOTU2083 EUK.Mock.1_89861	27643
H	279	90	94.4	+	0	0	1595I90M32I	New.CleanUp.ReferenceOTU2083 EUK.Mock.1_89861	102447
H	4441	90	94.4	+	0	0	1641I90M66I	New.CleanUp.ReferenceOTU2083 EUK.Mock.1_89861	36554
H	2551	90	94.4	+	0	0	2048I90M66I	New.CleanUp.ReferenceOTU2083 EUK.Mock.1_89861	19976
H	4634	90	95.6	+	0	0	1598I90M51I	New.CleanUp.ReferenceOTU2085 EUK.Mock.1_105390	38113
H	7123	90	95.6	+	0	0	1549I90M12I	New.CleanUp.ReferenceOTU2085 EUK.Mock.1_105390	61087
H	7185	90	94.4	+	0	0	1649I90M69I	New.CleanUp.ReferenceOTU2085 EUK.Mock.1_105390	61571
H	3034	90	94.4	+	0	0	1646I90M66I	New.CleanUp.ReferenceOTU2085 EUK.Mock.1_105390	24055
H	9246	90	94.4	+	0	0	1549I90M12I	New.CleanUp.ReferenceOTU2085 EUK.Mock.1_105390	79610
N	*	90	*	*	*	*	*	New.CleanUp.ReferenceOTU2088 EUK.Mock.1_27567	*
H	4934	82	96.3	+	0	0	1591I48MI34M57I	New.CleanUp.ReferenceOTU209 EUK.Mock.1_101197	40794
H	854	82	95.1	+	0	0	1605I48MI34M49I	New.CleanUp.ReferenceOTU209 EUK.Mock.1_101197	10764
H	3447	82	95.1	+	0	0	1645I48MI34M73I	New.CleanUp.ReferenceOTU209 EUK.Mock.1_101197	27744
H	6170	82	95.1	+	0	0	1436I48MI34M76I	New.CleanUp.ReferenceOTU209 EUK.Mock.1_101197	52258
H	9284	82	96.3	+	0	0	1663I13MI35MI34M74I	New.CleanUp.ReferenceOTU209 EUK.Mock.1_101197	80038
H	4634	90	95.6	+	0	0	1598I90M51I	New.CleanUp.ReferenceOTU2090 EUK.Mock.1_24978	38113
H	7123	90	95.6	+	0	0	1549I90M12I	New.CleanUp.ReferenceOTU2090 EUK.Mock.1_24978	61087
H	9246	90	94.4	+	0	0	1549I90M12I	New.CleanUp.ReferenceOTU2090 EUK.Mock.1_24978	79610
H	3034	90	94.4	+	0	0	1646I90M66I	New.CleanUp.ReferenceOTU2090 EUK.Mock.1_24978	24055
H	7185	90	94.4	+	0	0	1649I90M69I	New.CleanUp.ReferenceOTU2090 EUK.Mock.1_24978	61571
H	4934	90	96.7	+	0	0	1591I90M50I	New.CleanUp.ReferenceOTU2091 EUK.Mock.1_71754	40794
H	854	90	95.6	+	0	0	1605I90M42I	New.CleanUp.ReferenceOTU2091 EUK.Mock.1_71754	10764
H	6170	90	95.6	+	0	0	1436I90M69I	New.CleanUp.ReferenceOTU2091 EUK.Mock.1_71754	52258
H	3447	90	94.4	+	0	0	1645I90M66I	New.CleanUp.ReferenceOTU2091 EUK.Mock.1_71754	27744
H	9284	90	96.7	+	0	0	1663I13MI77M67I	New.CleanUp.ReferenceOTU2091 EUK.Mock.1_71754	80038
H	5135	90	92.2	+	0	0	1633I90M69I	New.CleanUp.ReferenceOTU2092 EUK.Mock.1_105941	4269
H	5866	90	90.0	+	0	0	1559I90M55I	New.CleanUp.ReferenceOTU2092 EUK.Mock.1_105941	49307
H	8635	90	90.0	+	0	0	1644I90M55I	New.CleanUp.ReferenceOTU2092 EUK.Mock.1_105941	74171
H	5437	90	88.9	+	0	0	1634I90M56I	New.CleanUp.ReferenceOTU2092 EUK.Mock.1_105941	45474
H	2906	90	88.9	+	0	0	1573I90M50I	New.CleanUp.ReferenceOTU2092 EUK.Mock.1_105941	23075
H	8570	90	96.7	+	0	0	1668I90M70I	New.CleanUp.ReferenceOTU2095 EUK.Mock.1_32931	73609
H	7688	90	96.7	+	0	0	1582I90M585I	New.CleanUp.ReferenceOTU2095 EUK.Mock.1_32931	65995
H	564	90	91.1	+	0	0	1679I90M60I	New.CleanUp.ReferenceOTU2095 EUK.Mock.1_32931	105083
H	6400	90	87.8	+	0	0	1680I90M68I	New.CleanUp.ReferenceOTU2095 EUK.Mock.1_32931	54274
H	9379	90	91.1	+	0	0	1675I90M35I	New.CleanUp.ReferenceOTU2095 EUK.Mock.1_32931	80767
N	*	90	*	*	*	*	*	New.CleanUp.ReferenceOTU21 EUK.Mock.1_14753	*
N	*	90	*	*	*	*	*	New.CleanUp.ReferenceOTU210 EUK.Mock.1_849	*
H	11256	90	94.4	+	0	0	1391I90M72I	New.CleanUp.ReferenceOTU2107 EUK.Mock.1_27715	97289
H	9506	90	94.4	+	0	0	1632I90M75I	New.CleanUp.ReferenceOTU2107 EUK.Mock.1_27715	81821
H	5603	90	74.4	+	0	0	1633I38M2D21MD28M58I	New.CleanUp.ReferenceOTU2107 EUK.Mock.1_27715	46764
H	7123	90	95.6	+	0	0	1549I90M12I	New.CleanUp.ReferenceOTU2109 EUK.Mock.1_70752	61087
H	7185	90	94.4	+	0	0	1649I90M69I	New.CleanUp.ReferenceOTU2109 EUK.Mock.1_70752	61571
H	9246	90	94.4	+	0	0	1549I90M12I	New.CleanUp.ReferenceOTU2109 EUK.Mock.1_70752	79610
H	4634	90	95.6	+	0	0	1598I90M51I	New.CleanUp.ReferenceOTU2109 EUK.Mock.1_70752	38113
H	3034	90	94.4	+	0	0	1646I90M66I	New.CleanUp.ReferenceOTU2109 EUK.Mock.1_70752	24055
H	5135	90	92.2	+	0	0	1633I90M69I	New.CleanUp.ReferenceOTU211 EUK.Mock.1_71272	4269
H	5866	90	90.0	+	0	0	1559I90M55I	New.CleanUp.ReferenceOTU211 EUK.Mock.1_71272	49307
H	5423	90	91.1	+	0	0	1602I90M39I	New.CleanUp.ReferenceOTU211 EUK.Mock.1_71272	45376
H	8635	90	90.0	+	0	0	1644I90M55I	New.CleanUp.ReferenceOTU211 EUK.Mock.1_71272	74171
H	8924	90	90.0	+	0	0	1580I90M50I	New.CleanUp.ReferenceOTU211 EUK.Mock.1_71272	76542
N	*	90	*	*	*	*	*	New.CleanUp.ReferenceOTU2112 EUK.Mock.1_59762	*
H	4934	90	96.7	+	0	0	1591I90M50I	New.CleanUp.ReferenceOTU2118 EUK.Mock.1_81819	40794
H	9284	90	96.7	+	0	0	1663I13MI77M67I	New.CleanUp.ReferenceOTU2118 EUK.Mock.1_81819	80038
H	6170	90	95.6	+	0	0	1436I90M69I	New.CleanUp.ReferenceOTU2118 EUK.Mock.1_81819	52258
H	854	90	95.6	+	0	0	1605I90M42I	New.CleanUp.ReferenceOTU2118 EUK.Mock.1_81819	10764
H	3447	90	94.4	+	0	0	1645I90M66I	New.CleanUp.ReferenceOTU2118 EUK.Mock.1_81819	27744
H	5135	90	92.2	+	0	0	1633I90M69I	New.CleanUp.ReferenceOTU2120 EUK.Mock.1_107563	4269
H	5866	90	90.0	+	0	0	1559I90M55I	New.CleanUp.ReferenceOTU2120 EUK.Mock.1_107563	49307
H	8635	90	90.0	+	0	0	1644I90M55I	New.CleanUp.ReferenceOTU2120 EUK.Mock.1_107563	74171
H	5437	90	87.8	+	0	0	1634I90M56I	New.CleanUp.ReferenceOTU2120 EUK.Mock.1_107563	45474
H	5423	90	91.1	+	0	0	1602I90M39I	New.CleanUp.ReferenceOTU2120 EUK.Mock.1_107563	45376
H	7688	90	87.8	+	0	0	1582I90M585I	New.CleanUp.ReferenceOTU2133 EUK.Mock.1_38336	65995
H	8570	90	87.8	+	0	0	1668I90M70I	New.CleanUp.ReferenceOTU2133 EUK.Mock.1_38336	73609
H	564	90	83.3	+	0	0	1679I90M60I	New.CleanUp.ReferenceOTU2133 EUK.Mock.1_38336	105083
H	6400	90	78.9	+	0	0	1680I90M68I	New.CleanUp.ReferenceOTU2133 EUK.Mock.1_38336	54274
H	9379	90	83.3	+	0	0	1675I90M35I	New.CleanUp.ReferenceOTU2133 EUK.Mock.1_38336	80767
N	*	90	*	*	*	*	*	New.CleanUp.ReferenceOTU2137 EUK.Mock.1_93460	*
H	4934	90	93.3	+	0	0	1591I90M50I	New.CleanUp.ReferenceOTU2141 EUK.Mock.1_66792	40794
H	9284	90	93.3	+	0	0	1663I13MI77M67I	New.CleanUp.ReferenceOTU2141 EUK.Mock.1_66792	80038
H	854	90	92.2	+	0	0	1605I90M42I	New.CleanUp.ReferenceOTU2141 EUK.Mock.1_66792	10764
H	6170	90	92.2	+	0	0	1436I90M69I	New.CleanUp.ReferenceOTU2141 EUK.Mock.1_66792	52258
H	10646	90	90.0	+	0	0	1646I90M41I	New.CleanUp.ReferenceOTU2141 EUK.Mock.1_66792	91684
H	9506	90	94.4	+	0	0	1632I90M75I	New.CleanUp.ReferenceOTU2142 EUK.Mock.1_86954	81821
H	11256	90	94.4	+	0	0	1391I90M72I	New.CleanUp.ReferenceOTU2142 EUK.Mock.1_86954	97289
H	10834	90	72.2	+	0	0	1683I39M2D49M72I	New.CleanUp.ReferenceOTU2142 EUK.Mock.1_86954	93246
L	1322	3369	*	*	*	*	*	111760	*
H	1322	90	71.1	+	0	0	1542I39M2D28MD20M1740I	New.CleanUp.ReferenceOTU2142 EUK.Mock.1_86954	111760
H	3649	90	73.3	+	0	0	1626I39M2D28MD20M69I	New.CleanUp.ReferenceOTU2142 EUK.Mock.1_86954	2971
N	*	90	*	*	*	*	*	New.CleanUp.ReferenceOTU2146 EUK.Mock.1_22380	*
H	4934	90	96.7	+	0	0	1591I90M50I	New.CleanUp.ReferenceOTU2148 EUK.Mock.1_67318	40794
H	9284	90	96.7	+	0	0	1663I13MI77M67I	New.CleanUp.ReferenceOTU2148 EUK.Mock.1_67318	80038
H	6170	90	95.6	+	0	0	1436I90M69I	New.CleanUp.ReferenceOTU2148 EUK.Mock.1_67318	52258
H	854	90	95.6	+	0	0	1605I90M42I	New.CleanUp.ReferenceOTU2148 EUK.Mock.1_67318	10764
H	3447	90	94.4	+	0	0	1645I90M66I	New.CleanUp.ReferenceOTU2148 EUK.Mock.1_67318	27744
H	5135	90	92.2	+	0	0	1633I90M69I	New.CleanUp.ReferenceOTU2153 EUK.Mock.1_100538	4269
H	5866	90	90.0	+	0	0	1559I90M55I	New.CleanUp.ReferenceOTU2153 EUK.Mock.1_100538	49307
H	5423	90	91.1	+	0	0	1602I90M39I	New.CleanUp.ReferenceOTU2153 EUK.Mock.1_100538	45376
H	8635	90	90.0	+	0	0	1644I90M55I	New.CleanUp.ReferenceOTU2153 EUK.Mock.1_100538	74171
H	11572	90	88.9	+	0	0	1580I90M50I	New.CleanUp.ReferenceOTU2153 EUK.Mock.1_100538	99915
H	4934	90	96.7	+	0	0	1591I90M50I	New.CleanUp.ReferenceOTU2154 EUK.Mock.1_69310	40794
H	9284	90	96.7	+	0	0	1663I13MI77M67I	New.CleanUp.ReferenceOTU2154 EUK.Mock.1_69310	80038
H	854	90	95.6	+	0	0	1605I90M42I	New.CleanUp.ReferenceOTU2154 EUK.Mock.1_69310	10764
H	6170	90	95.6	+	0	0	1436I90M69I	New.CleanUp.ReferenceOTU2154 EUK.Mock.1_69310	52258
H	3447	90	94.4	+	0	0	1645I90M66I	New.CleanUp.ReferenceOTU2154 EUK.Mock.1_69310	27744
H	7688	90	90.0	+	0	0	1582I90M585I	New.CleanUp.ReferenceOTU2157 EUK.Mock.1_70800	65995
H	8570	90	90.0	+	0	0	1668I90M70I	New.CleanUp.ReferenceOTU2157 EUK.Mock.1_70800	73609
H	4314	90	82.2	+	0	0	1647I90M41I	New.CleanUp.ReferenceOTU2157 EUK.Mock.1_70800	354
H	9379	90	84.4	+	0	0	1675I90M35I	New.CleanUp.ReferenceOTU2157 EUK.Mock.1_70800	80767
H	564	90	84.4	+	0	0	1679I90M60I	New.CleanUp.ReferenceOTU2157 EUK.Mock.1_70800	105083
H	11182	90	82.2	+	0	0	1644I90M69I	New.CleanUp.ReferenceOTU2159 EUK.Mock.1_29136	96648
L	10768	2337	*	*	*	*	*	92681	*
H	10768	90	78.9	+	0	0	1623I90M624I	New.CleanUp.ReferenceOTU2159 EUK.Mock.1_29136	92681
H	1905	90	83.3	+	0	0	1590I57MD32M336I	New.CleanUp.ReferenceOTU2159 EUK.Mock.1_29136	14030
H	2499	90	82.2	+	0	0	1638I90M63I	New.CleanUp.ReferenceOTU2159 EUK.Mock.1_29136	19455
L	10973	1703	*	*	*	*	*	94711	*
H	10973	90	77.8	+	0	0	1574I90M39I	New.CleanUp.ReferenceOTU2159 EUK.Mock.1_29136	94711
H	3531	90	86.7	+	0	0	1625I90M65I	New.CleanUp.ReferenceOTU216 EUK.Mock.1_86802	28560
H	5135	90	88.9	+	0	0	1633I90M69I	New.CleanUp.ReferenceOTU216 EUK.Mock.1_86802	4269
H	5866	90	86.7	+	0	0	1559I90M55I	New.CleanUp.ReferenceOTU216 EUK.Mock.1_86802	49307
H	5423	90	87.8	+	0	0	1602I90M39I	New.CleanUp.ReferenceOTU216 EUK.Mock.1_86802	45376
H	8924	90	86.7	+	0	0	1580I90M50I	New.CleanUp.ReferenceOTU216 EUK.Mock.1_86802	76542
H	3034	90	92.2	+	0	0	1646I90M66I	New.CleanUp.ReferenceOTU2160 EUK.Mock.1_83952	24055
H	7123	90	93.3	+	0	0	1549I90M12I	New.CleanUp.ReferenceOTU2160 EUK.Mock.1_83952	61087
H	4634	90	93.3	+	0	0	1598I90M51I	New.CleanUp.ReferenceOTU2160 EUK.Mock.1_83952	38113
H	4038	90	90.0	+	0	0	1617I90M34I	New.CleanUp.ReferenceOTU2160 EUK.Mock.1_83952	3287
H	7185	90	92.2	+	0	0	1649I90M69I	New.CleanUp.ReferenceOTU2160 EUK.Mock.1_83952	61571
N	*	90	*	*	*	*	*	New.CleanUp.ReferenceOTU2161 EUK.Mock.1_82397	*
H	4934	85	96.5	+	0	0	1591I85M55I	New.CleanUp.ReferenceOTU2162 EUK.Mock.1_22704	40794
H	854	85	95.3	+	0	0	1605I85M47I	New.CleanUp.ReferenceOTU2162 EUK.Mock.1_22704	10764
H	3447	85	94.1	+	0	0	1645I85M71I	New.CleanUp.ReferenceOTU2162 EUK.Mock.1_22704	27744
H	6170	85	95.3	+	0	0	1436I85M74I	New.CleanUp.ReferenceOTU2162 EUK.Mock.1_22704	52258
H	9284	85	96.5	+	0	0	1663I13MI72M72I	New.CleanUp.ReferenceOTU2162 EUK.Mock.1_22704	80038
H	854	90	94.4	+	0	0	1605I90M42I	New.CleanUp.ReferenceOTU2169 EUK.Mock.1_81772	10764
H	4934	90	95.6	+	0	0	1591I90M50I	New.CleanUp.ReferenceOTU2169 EUK.Mock.1_81772	40794
H	6170	90	94.4	+	0	0	1436I90M69I	New.CleanUp.ReferenceOTU2169 EUK.Mock.1_81772	52258
H	3447	90	93.3	+	0	0	1645I90M66I	New.CleanUp.ReferenceOTU2169 EUK.Mock.1_81772	27744
H	9284	90	95.6	+	0	0	1663I13MI77M67I	New.CleanUp.ReferenceOTU2169 EUK.Mock.1_81772	80038
H	8570	90	96.7	+	0	0	1668I90M70I	New.CleanUp.ReferenceOTU2171 EUK.Mock.1_69488	73609
H	7688	90	96.7	+	0	0	1582I90M585I	New.CleanUp.ReferenceOTU2171 EUK.Mock.1_69488	65995
H	564	90	91.1	+	0	0	1679I90M60I	New.CleanUp.ReferenceOTU2171 EUK.Mock.1_69488	105083
H	6400	90	87.8	+	0	0	1680I90M68I	New.CleanUp.ReferenceOTU2171 EUK.Mock.1_69488	54274
H	9379	90	91.1	+	0	0	1675I90M35I	New.CleanUp.ReferenceOTU2171 EUK.Mock.1_69488	80767
H	7688	90	95.6	+	0	0	1582I90M585I	New.CleanUp.ReferenceOTU2172 EUK.Mock.1_25943	65995
H	8570	90	95.6	+	0	0	1668I90M70I	New.CleanUp.ReferenceOTU2172 EUK.Mock.1_25943	73609
H	564	90	90.0	+	0	0	1679I90M60I	New.CleanUp.ReferenceOTU2172 EUK.Mock.1_25943	105083
H	9379	90	90.0	+	0	0	1675I90M35I	New.CleanUp.ReferenceOTU2172 EUK.Mock.1_25943	80767
H	4314	90	85.6	+	0	0	1647I90M41I	New.CleanUp.ReferenceOTU2172 EUK.Mock.1_25943	354
H	9506	90	95.6	+	0	0	1632I90M75I	New.CleanUp.ReferenceOTU2175 EUK.Mock.1_66138	81821
H	11256	90	95.6	+	0	0	1391I90M72I	New.CleanUp.ReferenceOTU2175 EUK.Mock.1_66138	97289
H	5083	90	72.2	+	0	0	1645I39M2D20MD28M69I	New.CleanUp.ReferenceOTU2175 EUK.Mock.1_66138	42046
H	7688	90	96.7	+	0	0	1582I90M585I	New.CleanUp.ReferenceOTU2179 EUK.Mock.1_101750	65995
H	8570	90	96.7	+	0	0	1668I90M70I	New.CleanUp.ReferenceOTU2179 EUK.Mock.1_101750	73609
H	564	90	91.1	+	0	0	1679I90M60I	New.CleanUp.ReferenceOTU2179 EUK.Mock.1_101750	105083
H	9379	90	91.1	+	0	0	1675I90M35I	New.CleanUp.ReferenceOTU2179 EUK.Mock.1_101750	80767
H	4314	90	86.7	+	0	0	1647I90M41I	New.CleanUp.ReferenceOTU2179 EUK.Mock.1_101750	354
H	5135	90	92.2	+	0	0	1633I90M69I	New.CleanUp.ReferenceOTU218 EUK.Mock.1_86806	4269
H	5423	90	91.1	+	0	0	1602I90M39I	New.CleanUp.ReferenceOTU218 EUK.Mock.1_86806	45376
H	5866	90	90.0	+	0	0	1559I90M55I	New.CleanUp.ReferenceOTU218 EUK.Mock.1_86806	49307
H	9443	90	88.9	+	0	0	1592I90M50I	New.CleanUp.ReferenceOTU218 EUK.Mock.1_86806	81305
H	8635	90	90.0	+	0	0	1644I90M55I	New.CleanUp.ReferenceOTU218 EUK.Mock.1_86806	74171
H	4934	90	96.7	+	0	0	1592I90M49I	New.CleanUp.ReferenceOTU2182 EUK.Mock.1_21382	40794
H	9284	90	96.7	+	0	0	1664I12MI78M66I	New.CleanUp.ReferenceOTU2182 EUK.Mock.1_21382	80038
H	854	90	95.6	+	0	0	1606I90M41I	New.CleanUp.ReferenceOTU2182 EUK.Mock.1_21382	10764
H	6170	90	95.6	+	0	0	1437I90M68I	New.CleanUp.ReferenceOTU2182 EUK.Mock.1_21382	52258
H	3447	90	94.4	+	0	0	1646I90M65I	New.CleanUp.ReferenceOTU2182 EUK.Mock.1_21382	27744
H	5135	90	92.2	+	0	0	1633I90M69I	New.CleanUp.ReferenceOTU2187 EUK.Mock.1_75043	4269
H	8924	90	91.1	+	0	0	1580I90M50I	New.CleanUp.ReferenceOTU2187 EUK.Mock.1_75043	76542
H	5866	90	90.0	+	0	0	1559I90M55I	New.CleanUp.ReferenceOTU2187 EUK.Mock.1_75043	49307
H	2906	90	88.9	+	0	0	1573I90M50I	New.CleanUp.ReferenceOTU2187 EUK.Mock.1_75043	23075
H	5423	90	91.1	+	0	0	1602I90M39I	New.CleanUp.ReferenceOTU2187 EUK.Mock.1_75043	45376
N	*	90	*	*	*	*	*	New.CleanUp.ReferenceOTU2189 EUK.Mock.1_28868	*
H	4934	90	95.6	+	0	0	1591I90M50I	New.CleanUp.ReferenceOTU2192 EUK.Mock.1_67539	40794
H	9284	90	95.6	+	0	0	1663I13MI77M67I	New.CleanUp.ReferenceOTU2192 EUK.Mock.1_67539	80038
H	6170	90	94.4	+	0	0	1436I90M69I	New.CleanUp.ReferenceOTU2192 EUK.Mock.1_67539	52258
H	854	90	94.4	+	0	0	1605I90M42I	New.CleanUp.ReferenceOTU2192 EUK.Mock.1_67539	10764
H	3447	90	93.3	+	0	0	1645I90M66I	New.CleanUp.ReferenceOTU2192 EUK.Mock.1_67539	27744
H	8570	90	96.7	+	0	0	1668I90M70I	New.CleanUp.ReferenceOTU2199 EUK.Mock.1_784	73609
H	7688	90	96.7	+	0	0	1582I90M585I	New.CleanUp.ReferenceOTU2199 EUK.Mock.1_784	65995
H	564	90	91.1	+	0	0	1679I90M60I	New.CleanUp.ReferenceOTU2199 EUK.Mock.1_784	105083
H	6400	90	87.8	+	0	0	1680I90M68I	New.CleanUp.ReferenceOTU2199 EUK.Mock.1_784	54274
H	9379	90	91.1	+	0	0	1675I90M35I	New.CleanUp.ReferenceOTU2199 EUK.Mock.1_784	80767
H	11182	90	87.8	+	0	0	1644I90M69I	New.CleanUp.ReferenceOTU220 EUK.Mock.1_66355	96648
H	2499	90	86.7	+	0	0	1638I90M63I	New.CleanUp.ReferenceOTU220 EUK.Mock.1_66355	19455
H	1905	90	88.9	+	0	0	1590I58MD31M336I	New.CleanUp.ReferenceOTU220 EUK.Mock.1_66355	14030
H	9735	90	74.4	+	0	0	1642I90M64I	New.CleanUp.ReferenceOTU220 EUK.Mock.1_66355	83620
H	8293	90	86.7	+	0	0	1629I90M66I	New.CleanUp.ReferenceOTU220 EUK.Mock.1_66355	71176
H	7688	90	95.6	+	0	0	1582I90M585I	New.CleanUp.ReferenceOTU2200 EUK.Mock.1_85462	65995
H	8570	90	95.6	+	0	0	1668I90M70I	New.CleanUp.ReferenceOTU2200 EUK.Mock.1_85462	73609
H	564	90	90.0	+	0	0	1679I90M60I	New.CleanUp.ReferenceOTU2200 EUK.Mock.1_85462	105083
H	9379	90	90.0	+	0	0	1675I90M35I	New.CleanUp.ReferenceOTU2200 EUK.Mock.1_85462	80767
H	6400	90	86.7	+	0	0	1680I90M68I	New.CleanUp.ReferenceOTU2200 EUK.Mock.1_85462	54274
N	*	90	*	*	*	*	*	New.CleanUp.ReferenceOTU2202 EUK.Mock.1_105507	*
H	4934	86	96.5	+	0	0	1591I86M54I	New.CleanUp.ReferenceOTU2206 EUK.Mock.1_104548	40794
H	854	86	95.3	+	0	0	1605I86M46I	New.CleanUp.ReferenceOTU2206 EUK.Mock.1_104548	10764
H	6170	86	95.3	+	0	0	1436I86M73I	New.CleanUp.ReferenceOTU2206 EUK.Mock.1_104548	52258
H	9284	86	96.5	+	0	0	1663I13MI73M71I	New.CleanUp.ReferenceOTU2206 EUK.Mock.1_104548	80038
H	3447	86	94.2	+	0	0	1645I86M70I	New.CleanUp.ReferenceOTU2206 EUK.Mock.1_104548	27744
H	7688	90	96.7	+	0	0	1582I90M585I	New.CleanUp.ReferenceOTU2216 EUK.Mock.1_63838	65995
H	8570	90	96.7	+	0	0	1668I90M70I	New.CleanUp.ReferenceOTU2216 EUK.Mock.1_63838	73609
H	564	90	91.1	+	0	0	1679I90M60I	New.CleanUp.ReferenceOTU2216 EUK.Mock.1_63838	105083
H	6400	90	87.8	+	0	0	1680I90M68I	New.CleanUp.ReferenceOTU2216 EUK.Mock.1_63838	54274
H	8790	90	90.0	+	0	0	1630I90M30I	New.CleanUp.ReferenceOTU2216 EUK.Mock.1_63838	75440
H	7688	90	95.6	+	0	0	1582I90M585I	New.CleanUp.ReferenceOTU2220 EUK.Mock.1_74050	65995
H	8570	90	95.6	+	0	0	1668I90M70I	New.CleanUp.ReferenceOTU2220 EUK.Mock.1_74050	73609
H	564	90	90.0	+	0	0	1679I90M60I	New.CleanUp.ReferenceOTU2220 EUK.Mock.1_74050	105083
H	9379	90	90.0	+	0	0	1675I90M35I	New.CleanUp.ReferenceOTU2220 EUK.Mock.1_74050	80767
H	6400	90	85.6	+	0	0	1680I90M68I	New.CleanUp.ReferenceOTU2220 EUK.Mock.1_74050	54274
H	854	85	95.3	+	0	0	1605I85M47I	New.CleanUp.ReferenceOTU2224 EUK.Mock.1_95964	10764
H	4934	85	96.5	+	0	0	1591I85M55I	New.CleanUp.ReferenceOTU2224 EUK.Mock.1_95964	40794
H	3447	85	94.1	+	0	0	1645I85M71I	New.CleanUp.ReferenceOTU2224 EUK.Mock.1_95964	27744
H	6170	85	95.3	+	0	0	1436I85M74I	New.CleanUp.ReferenceOTU2224 EUK.Mock.1_95964	52258
H	1549	85	87.1	+	0	0	1427I43M3D24MI9M6D	New.CleanUp.ReferenceOTU2224 EUK.Mock.1_95964	113941
H	8570	90	96.7	+	0	0	1668I90M70I	New.CleanUp.ReferenceOTU2225 EUK.Mock.1_65313	73609
H	7688	90	96.7	+	0	0	1582I90M585I	New.CleanUp.ReferenceOTU2225 EUK.Mock.1_65313	65995
H	564	90	91.1	+	0	0	1679I90M60I	New.CleanUp.ReferenceOTU2225 EUK.Mock.1_65313	105083
H	4314	90	86.7	+	0	0	1647I90M41I	New.CleanUp.ReferenceOTU2225 EUK.Mock.1_65313	354
H	6400	90	86.7	+	0	0	1680I90M68I	New.CleanUp.ReferenceOTU2225 EUK.Mock.1_65313	54274
H	4934	90	96.7	+	0	0	1591I90M50I	New.CleanUp.ReferenceOTU223 EUK.Mock.1_68036	40794
H	9284	90	96.7	+	0	0	1663I13MI77M67I	New.CleanUp.ReferenceOTU223 EUK.Mock.1_68036	80038
H	854	90	95.6	+	0	0	1605I90M42I	New.CleanUp.ReferenceOTU223 EUK.Mock.1_68036	10764
H	6170	90	95.6	+	0	0	1436I90M69I	New.CleanUp.ReferenceOTU223 EUK.Mock.1_68036	52258
H	1479	90	94.4	+	0	0	1652I64MI26M69I	New.CleanUp.ReferenceOTU223 EUK.Mock.1_68036	113311
H	8570	86	95.3	+	0	0	1668I86M74I	New.CleanUp.ReferenceOTU2230 EUK.Mock.1_103454	73609
H	7688	86	95.3	+	0	0	1582I86M589I	New.CleanUp.ReferenceOTU2230 EUK.Mock.1_103454	65995
H	564	86	89.5	+	0	0	1679I86M64I	New.CleanUp.ReferenceOTU2230 EUK.Mock.1_103454	105083
H	6400	86	86.0	+	0	0	1680I86M72I	New.CleanUp.ReferenceOTU2230 EUK.Mock.1_103454	54274
H	9379	86	89.5	+	0	0	1675I86M39I	New.CleanUp.ReferenceOTU2230 EUK.Mock.1_103454	80767
H	8570	86	96.5	+	0	0	1668I86M74I	New.CleanUp.ReferenceOTU2232 EUK.Mock.1_108268	73609
H	7688	86	96.5	+	0	0	1582I86M589I	New.CleanUp.ReferenceOTU2232 EUK.Mock.1_108268	65995
H	564	86	90.7	+	0	0	1679I86M64I	New.CleanUp.ReferenceOTU2232 EUK.Mock.1_108268	105083
H	4314	86	86.0	+	0	0	1647I86M45I	New.CleanUp.ReferenceOTU2232 EUK.Mock.1_108268	354
H	9760	86	91.9	+	0	0	1657I85MD	New.CleanUp.ReferenceOTU2232 EUK.Mock.1_108268	8379
H	4934	69	95.7	+	0	0	1591I69M71I	New.CleanUp.ReferenceOTU2236 EUK.Mock.1_105239	40794
H	6170	69	95.7	+	0	0	1436I69M90I	New.CleanUp.ReferenceOTU2236 EUK.Mock.1_105239	52258
H	3447	69	95.7	+	0	0	1645I69M87I	New.CleanUp.ReferenceOTU2236 EUK.Mock.1_105239	27744
H	854	69	95.7	+	0	0	1605I69M63I	New.CleanUp.ReferenceOTU2236 EUK.Mock.1_105239	10764
H	10646	69	94.2	+	0	0	1646I69M62I	New.CleanUp.ReferenceOTU2236 EUK.Mock.1_105239	91684
H	7688	90	95.6	+	0	0	1582I90M585I	New.CleanUp.ReferenceOTU2237 EUK.Mock.1_6422	65995
H	8570	90	95.6	+	0	0	1668I90M70I	New.CleanUp.ReferenceOTU2237 EUK.Mock.1_6422	73609
H	564	90	90.0	+	0	0	1679I90M60I	New.CleanUp.ReferenceOTU2237 EUK.Mock.1_6422	105083
H	6400	90	87.8	+	0	0	1680I90M68I	New.CleanUp.ReferenceOTU2237 EUK.Mock.1_6422	54274
H	9379	90	91.1	+	0	0	1675I90M35I	New.CleanUp.ReferenceOTU2237 EUK.Mock.1_6422	80767
H	4934	90	96.7	+	0	0	1591I90M50I	New.CleanUp.ReferenceOTU224 EUK.Mock.1_68035	40794
H	854	90	95.6	+	0	0	1605I90M42I	New.CleanUp.ReferenceOTU224 EUK.Mock.1_68035	10764
H	9284	90	96.7	+	0	0	1663I13MI77M67I	New.CleanUp.ReferenceOTU224 EUK.Mock.1_68035	80038
H	6170	90	95.6	+	0	0	1436I90M69I	New.CleanUp.ReferenceOTU224 EUK.Mock.1_68035	52258
H	3447	90	94.4	+	0	0	1645I90M66I	New.CleanUp.ReferenceOTU224 EUK.Mock.1_68035	27744
N	*	90	*	*	*	*	*	New.CleanUp.ReferenceOTU2244 EUK.Mock.1_105542	*
H	4934	90	96.7	+	0	0	1591I90M50I	New.CleanUp.ReferenceOTU2249 EUK.Mock.1_95560	40794
H	9284	90	96.7	+	0	0	1663I13MI77M67I	New.CleanUp.ReferenceOTU2249 EUK.Mock.1_95560	80038
H	6170	90	95.6	+	0	0	1436I90M69I	New.CleanUp.ReferenceOTU2249 EUK.Mock.1_95560	52258
H	854	90	95.6	+	0	0	1605I90M42I	New.CleanUp.ReferenceOTU2249 EUK.Mock.1_95560	10764
H	3447	90	94.4	+	0	0	1645I90M66I	New.CleanUp.ReferenceOTU2249 EUK.Mock.1_95560	27744
H	4934	90	96.7	+	0	0	1591I90M50I	New.CleanUp.ReferenceOTU2251 EUK.Mock.1_70029	40794
H	6170	90	95.6	+	0	0	1436I90M69I	New.CleanUp.ReferenceOTU2251 EUK.Mock.1_70029	52258
H	9284	90	96.7	+	0	0	1663I13MI77M67I	New.CleanUp.ReferenceOTU2251 EUK.Mock.1_70029	80038
H	854	90	95.6	+	0	0	1605I90M42I	New.CleanUp.ReferenceOTU2251 EUK.Mock.1_70029	10764
H	3447	90	94.4	+	0	0	1645I90M66I	New.CleanUp.ReferenceOTU2251 EUK.Mock.1_70029	27744
H	3034	90	91.1	+	0	0	1646I90M66I	New.CleanUp.ReferenceOTU2262 EUK.Mock.1_52396	24055
H	7123	90	91.1	+	0	0	1549I90M12I	New.CleanUp.ReferenceOTU2262 EUK.Mock.1_52396	61087
H	9246	90	90.0	+	0	0	1549I90M12I	New.CleanUp.ReferenceOTU2262 EUK.Mock.1_52396	79610
H	4038	90	88.9	+	0	0	1617I90M34I	New.CleanUp.ReferenceOTU2262 EUK.Mock.1_52396	3287
H	7185	90	90.0	+	0	0	1649I90M69I	New.CleanUp.ReferenceOTU2262 EUK.Mock.1_52396	61571
N	*	90	*	*	*	*	*	New.CleanUp.ReferenceOTU2265 EUK.Mock.1_65513	*
H	7688	90	96.7	+	0	0	1582I90M585I	New.CleanUp.ReferenceOTU2267 EUK.Mock.1_72988	65995
H	8570	90	96.7	+	0	0	1668I90M70I	New.CleanUp.ReferenceOTU2267 EUK.Mock.1_72988	73609
H	564	90	92.2	+	0	0	1679I90M60I	New.CleanUp.ReferenceOTU2267 EUK.Mock.1_72988	105083
H	9379	90	92.2	+	0	0	1675I90M35I	New.CleanUp.ReferenceOTU2267 EUK.Mock.1_72988	80767
H	4314	90	88.9	+	0	0	1647I90M41I	New.CleanUp.ReferenceOTU2267 EUK.Mock.1_72988	354
H	11182	90	86.7	+	0	0	1644I90M69I	New.CleanUp.ReferenceOTU2272 EUK.Mock.1_104429	96648
H	2499	90	85.6	+	0	0	1638I90M63I	New.CleanUp.ReferenceOTU2272 EUK.Mock.1_104429	19455
H	1905	90	87.8	+	0	0	1590I58MD31M336I	New.CleanUp.ReferenceOTU2272 EUK.Mock.1_104429	14030
H	1377	90	82.2	+	0	0	1621I90M55I	New.CleanUp.ReferenceOTU2272 EUK.Mock.1_104429	112195
H	3680	90	82.2	+	0	0	1565I90M56I	New.CleanUp.ReferenceOTU2272 EUK.Mock.1_104429	29971
H	4934	90	96.7	+	0	0	1591I90M50I	New.CleanUp.ReferenceOTU2274 EUK.Mock.1_105433	40794
H	9284	90	96.7	+	0	0	1663I13MI77M67I	New.CleanUp.ReferenceOTU2274 EUK.Mock.1_105433	80038
H	854	90	95.6	+	0	0	1605I90M42I	New.CleanUp.ReferenceOTU2274 EUK.Mock.1_105433	10764
H	6170	90	95.6	+	0	0	1436I90M69I	New.CleanUp.ReferenceOTU2274 EUK.Mock.1_105433	52258
H	3447	90	94.4	+	0	0	1645I90M66I	New.CleanUp.ReferenceOTU2274 EUK.Mock.1_105433	27744
H	5135	90	92.2	+	0	0	1633I90M69I	New.CleanUp.ReferenceOTU2275 EUK.Mock.1_38977	4269
H	5866	90	90.0	+	0	0	1559I90M55I	New.CleanUp.ReferenceOTU2275 EUK.Mock.1_38977	49307
H	8635	90	90.0	+	0	0	1644I90M55I	New.CleanUp.ReferenceOTU2275 EUK.Mock.1_38977	74171
H	8924	90	90.0	+	0	0	1580I90M50I	New.CleanUp.ReferenceOTU2275 EUK.Mock.1_38977	76542
H	5437	90	90.0	+	0	0	1634I90M56I	New.CleanUp.ReferenceOTU2275 EUK.Mock.1_38977	45474
H	8570	90	96.7	+	0	0	1668I90M70I	New.CleanUp.ReferenceOTU2276 EUK.Mock.1_101696	73609
H	7688	90	96.7	+	0	0	1582I90M585I	New.CleanUp.ReferenceOTU2276 EUK.Mock.1_101696	65995
H	564	90	91.1	+	0	0	1679I90M60I	New.CleanUp.ReferenceOTU2276 EUK.Mock.1_101696	105083
H	9760	90	88.9	+	0	0	1657I85M5D	New.CleanUp.ReferenceOTU2276 EUK.Mock.1_101696	8379
H	4314	90	86.7	+	0	0	1647I90M41I	New.CleanUp.ReferenceOTU2276 EUK.Mock.1_101696	354
H	3171	78	96.2	+	0	0	1626I78M77I	New.CleanUp.ReferenceOTU2286 EUK.Mock.1_9190	25160
H	7875	78	92.3	+	0	0	1592I45MI19MI14M76I	New.CleanUp.ReferenceOTU2286 EUK.Mock.1_9190	67609
H	2726	78	91.0	+	0	0	1589I45MI20MI13M75I	New.CleanUp.ReferenceOTU2286 EUK.Mock.1_9190	21485
H	8717	78	91.0	+	0	0	1594I47MI16MI15M79I	New.CleanUp.ReferenceOTU2286 EUK.Mock.1_9190	74829
H	7503	78	87.2	+	0	0	1585I78M76I	New.CleanUp.ReferenceOTU2286 EUK.Mock.1_9190	64286
H	4934	90	96.7	+	0	0	1591I90M50I	New.CleanUp.ReferenceOTU2288 EUK.Mock.1_71974	40794
H	9284	90	96.7	+	0	0	1663I13MI77M67I	New.CleanUp.ReferenceOTU2288 EUK.Mock.1_71974	80038
H	6170	90	95.6	+	0	0	1436I90M69I	New.CleanUp.ReferenceOTU2288 EUK.Mock.1_71974	52258
H	854	90	95.6	+	0	0	1605I90M42I	New.CleanUp.ReferenceOTU2288 EUK.Mock.1_71974	10764
H	3447	90	94.4	+	0	0	1645I90M66I	New.CleanUp.ReferenceOTU2288 EUK.Mock.1_71974	27744
H	5135	90	90.0	+	0	0	1633I90M69I	New.CleanUp.ReferenceOTU2291 EUK.Mock.1_69868	4269
H	5866	90	87.8	+	0	0	1559I90M55I	New.CleanUp.ReferenceOTU2291 EUK.Mock.1_69868	49307
H	8635	90	87.8	+	0	0	1644I90M55I	New.CleanUp.ReferenceOTU2291 EUK.Mock.1_69868	74171
H	5437	90	86.7	+	0	0	1634I90M56I	New.CleanUp.ReferenceOTU2291 EUK.Mock.1_69868	45474
H	2906	90	86.7	+	0	0	1573I90M50I	New.CleanUp.ReferenceOTU2291 EUK.Mock.1_69868	23075
H	6170	85	95.3	+	0	0	1436I85M74I	New.CleanUp.ReferenceOTU2292 EUK.Mock.1_65171	52258
H	854	85	95.3	+	0	0	1605I85M47I	New.CleanUp.ReferenceOTU2292 EUK.Mock.1_65171	10764
H	3447	85	94.1	+	0	0	1645I85M71I	New.CleanUp.ReferenceOTU2292 EUK.Mock.1_65171	27744
H	4934	85	96.5	+	0	0	1591I85M55I	New.CleanUp.ReferenceOTU2292 EUK.Mock.1_65171	40794
H	10646	85	92.9	+	0	0	1646I85M46I	New.CleanUp.ReferenceOTU2292 EUK.Mock.1_65171	91684
H	5135	90	92.2	+	0	0	1633I90M69I	New.CleanUp.ReferenceOTU2295 EUK.Mock.1_41002	4269
H	3531	90	90.0	+	0	0	1625I90M65I	New.CleanUp.ReferenceOTU2295 EUK.Mock.1_41002	28560
H	5866	90	90.0	+	0	0	1559I90M55I	New.CleanUp.ReferenceOTU2295 EUK.Mock.1_41002	49307
H	8924	90	90.0	+	0	0	1580I90M50I	New.CleanUp.ReferenceOTU2295 EUK.Mock.1_41002	76542
H	11182	90	90.0	+	0	0	1644I90M69I	New.CleanUp.ReferenceOTU2295 EUK.Mock.1_41002	96648
H	8570	90	95.6	+	0	0	1668I90M70I	New.CleanUp.ReferenceOTU2297 EUK.Mock.1_108886	73609
H	7688	90	95.6	+	0	0	1582I90M585I	New.CleanUp.ReferenceOTU2297 EUK.Mock.1_108886	65995
H	564	90	90.0	+	0	0	1679I90M60I	New.CleanUp.ReferenceOTU2297 EUK.Mock.1_108886	105083
H	9379	90	90.0	+	0	0	1675I90M35I	New.CleanUp.ReferenceOTU2297 EUK.Mock.1_108886	80767
H	6400	90	86.7	+	0	0	1680I90M68I	New.CleanUp.ReferenceOTU2297 EUK.Mock.1_108886	54274
H	7688	90	92.2	+	0	0	1582I90M585I	New.CleanUp.ReferenceOTU23 EUK.Mock.1_63158	65995
H	8570	90	92.2	+	0	0	1668I90M70I	New.CleanUp.ReferenceOTU23 EUK.Mock.1_63158	73609
H	6400	90	83.3	+	0	0	1680I90M68I	New.CleanUp.ReferenceOTU23 EUK.Mock.1_63158	54274
H	564	90	86.7	+	0	0	1679I90M60I	New.CleanUp.ReferenceOTU23 EUK.Mock.1_63158	105083
H	7681	90	83.3	+	0	0	1653I90M54I	New.CleanUp.ReferenceOTU23 EUK.Mock.1_63158	65940
H	4934	90	95.6	+	0	0	1591I90M50I	New.CleanUp.ReferenceOTU230 EUK.Mock.1_102158	40794
H	9284	90	95.6	+	0	0	1663I13MI77M67I	New.CleanUp.ReferenceOTU230 EUK.Mock.1_102158	80038
H	6170	90	94.4	+	0	0	1436I90M69I	New.CleanUp.ReferenceOTU230 EUK.Mock.1_102158	52258
H	854	90	94.4	+	0	0	1605I90M42I	New.CleanUp.ReferenceOTU230 EUK.Mock.1_102158	10764
H	3447	90	93.3	+	0	0	1645I90M66I	New.CleanUp.ReferenceOTU230 EUK.Mock.1_102158	27744
H	5135	90	92.2	+	0	0	1633I90M69I	New.CleanUp.ReferenceOTU2300 EUK.Mock.1_64576	4269
H	5866	90	90.0	+	0	0	1559I90M55I	New.CleanUp.ReferenceOTU2300 EUK.Mock.1_64576	49307
H	5423	90	91.1	+	0	0	1602I90M39I	New.CleanUp.ReferenceOTU2300 EUK.Mock.1_64576	45376
H	8635	90	90.0	+	0	0	1644I90M55I	New.CleanUp.ReferenceOTU2300 EUK.Mock.1_64576	74171
H	2906	90	88.9	+	0	0	1573I90M50I	New.CleanUp.ReferenceOTU2300 EUK.Mock.1_64576	23075
H	8570	82	95.1	+	0	0	1668I82M78I	New.CleanUp.ReferenceOTU2303 EUK.Mock.1_44414	73609
H	7688	82	95.1	+	0	0	1582I82M593I	New.CleanUp.ReferenceOTU2303 EUK.Mock.1_44414	65995
H	2690	82	85.4	+	0	0	1635I82M40I	New.CleanUp.ReferenceOTU2303 EUK.Mock.1_44414	21187
H	9760	82	90.2	+	0	0	1657I82M3I	New.CleanUp.ReferenceOTU2303 EUK.Mock.1_44414	8379
H	564	82	89.0	+	0	0	1679I82M68I	New.CleanUp.ReferenceOTU2303 EUK.Mock.1_44414	105083
N	*	90	*	*	*	*	*	New.CleanUp.ReferenceOTU2304 EUK.Mock.1_8485	*
H	11182	90	87.8	+	0	0	1644I90M69I	New.CleanUp.ReferenceOTU2307 EUK.Mock.1_89174	96648
H	2499	90	86.7	+	0	0	1638I90M63I	New.CleanUp.ReferenceOTU2307 EUK.Mock.1_89174	19455
H	1905	90	88.9	+	0	0	1590I58MD31M336I	New.CleanUp.ReferenceOTU2307 EUK.Mock.1_89174	14030
H	9735	90	74.4	+	0	0	1642I90M64I	New.CleanUp.ReferenceOTU2307 EUK.Mock.1_89174	83620
H	2721	90	82.2	+	0	0	1620I90M60I	New.CleanUp.ReferenceOTU2307 EUK.Mock.1_89174	21436
H	4934	90	93.3	+	0	0	1591I90M50I	New.CleanUp.ReferenceOTU231 EUK.Mock.1_18576	40794
H	854	90	92.2	+	0	0	1605I90M42I	New.CleanUp.ReferenceOTU231 EUK.Mock.1_18576	10764
H	9284	90	93.3	+	0	0	1663I13MI77M67I	New.CleanUp.ReferenceOTU231 EUK.Mock.1_18576	80038
H	6170	90	92.2	+	0	0	1436I90M69I	New.CleanUp.ReferenceOTU231 EUK.Mock.1_18576	52258
H	3931	90	78.9	+	0	0	1596I90M51I	New.CleanUp.ReferenceOTU231 EUK.Mock.1_18576	32013
H	88	90	96.7	+	0	0	1111I90M69I	New.CleanUp.ReferenceOTU2318 EUK.Mock.1_98329	10084
H	4197	90	95.6	+	0	0	1637I90M64I	New.CleanUp.ReferenceOTU2318 EUK.Mock.1_98329	34288
H	279	90	95.6	+	0	0	1595I90M32I	New.CleanUp.ReferenceOTU2318 EUK.Mock.1_98329	102447
H	818	90	92.2	+	0	0	1947I87M3D	New.CleanUp.ReferenceOTU2318 EUK.Mock.1_98329	107387
H	302	90	93.3	+	0	0	1645I90M54I	New.CleanUp.ReferenceOTU2318 EUK.Mock.1_98329	102699
H	4934	90	96.7	+	0	0	1591I90M50I	New.CleanUp.ReferenceOTU2319 EUK.Mock.1_87639	40794
H	9284	90	96.7	+	0	0	1663I13MI77M67I	New.CleanUp.ReferenceOTU2319 EUK.Mock.1_87639	80038
H	854	90	95.6	+	0	0	1605I90M42I	New.CleanUp.ReferenceOTU2319 EUK.Mock.1_87639	10764
H	6170	90	95.6	+	0	0	1436I90M69I	New.CleanUp.ReferenceOTU2319 EUK.Mock.1_87639	52258
H	3447	90	94.4	+	0	0	1645I90M66I	New.CleanUp.ReferenceOTU2319 EUK.Mock.1_87639	27744
H	7688	90	94.4	+	0	0	1582I90M585I	New.CleanUp.ReferenceOTU232 EUK.Mock.1_2809	65995
H	8570	90	94.4	+	0	0	1668I90M70I	New.CleanUp.ReferenceOTU232 EUK.Mock.1_2809	73609
H	564	90	88.9	+	0	0	1679I90M60I	New.CleanUp.ReferenceOTU232 EUK.Mock.1_2809	105083
H	6400	90	85.6	+	0	0	1680I90M68I	New.CleanUp.ReferenceOTU232 EUK.Mock.1_2809	54274
H	9379	90	88.9	+	0	0	1675I90M35I	New.CleanUp.ReferenceOTU232 EUK.Mock.1_2809	80767
H	4934	84	96.4	+	0	0	1591I84M56I	New.CleanUp.ReferenceOTU2320 EUK.Mock.1_9286	40794
H	854	84	95.2	+	0	0	1605I84M48I	New.CleanUp.ReferenceOTU2320 EUK.Mock.1_9286	10764
H	9284	84	96.4	+	0	0	1663I13MI71M73I	New.CleanUp.ReferenceOTU2320 EUK.Mock.1_9286	80038
H	6170	84	95.2	+	0	0	1436I84M75I	New.CleanUp.ReferenceOTU2320 EUK.Mock.1_9286	52258
H	3447	84	94.0	+	0	0	1645I84M72I	New.CleanUp.ReferenceOTU2320 EUK.Mock.1_9286	27744
H	6170	90	93.3	+	0	0	1436I90M69I	New.CleanUp.ReferenceOTU2322 EUK.Mock.1_69918	52258
H	4934	90	94.4	+	0	0	1591I90M50I	New.CleanUp.ReferenceOTU2322 EUK.Mock.1_69918	40794
H	854	90	93.3	+	0	0	1605I90M42I	New.CleanUp.ReferenceOTU2322 EUK.Mock.1_69918	10764
H	3447	90	92.2	+	0	0	1645I90M66I	New.CleanUp.ReferenceOTU2322 EUK.Mock.1_69918	27744
H	3878	90	90.0	+	0	0	1629I49MD40M156I	New.CleanUp.ReferenceOTU2322 EUK.Mock.1_69918	31618
H	4934	90	96.7	+	0	0	1591I90M50I	New.CleanUp.ReferenceOTU2323 EUK.Mock.1_68421	40794
H	6170	90	95.6	+	0	0	1436I90M69I	New.CleanUp.ReferenceOTU2323 EUK.Mock.1_68421	52258
H	9284	90	96.7	+	0	0	1663I13MI77M67I	New.CleanUp.ReferenceOTU2323 EUK.Mock.1_68421	80038
H	854	90	95.6	+	0	0	1605I90M42I	New.CleanUp.ReferenceOTU2323 EUK.Mock.1_68421	10764
H	3447	90	94.4	+	0	0	1645I90M66I	New.CleanUp.ReferenceOTU2323 EUK.Mock.1_68421	27744
H	4934	90	95.6	+	0	0	1591I90M50I	New.CleanUp.ReferenceOTU2326 EUK.Mock.1_10030	40794
H	6170	90	94.4	+	0	0	1436I90M69I	New.CleanUp.ReferenceOTU2326 EUK.Mock.1_10030	52258
H	9284	90	95.6	+	0	0	1663I13MI77M67I	New.CleanUp.ReferenceOTU2326 EUK.Mock.1_10030	80038
H	854	90	94.4	+	0	0	1605I90M42I	New.CleanUp.ReferenceOTU2326 EUK.Mock.1_10030	10764
H	3447	90	93.3	+	0	0	1645I90M66I	New.CleanUp.ReferenceOTU2326 EUK.Mock.1_10030	27744
H	9506	90	94.4	+	0	0	1632I90M75I	New.CleanUp.ReferenceOTU2328 EUK.Mock.1_10031	81821
H	11256	90	94.4	+	0	0	1391I90M72I	New.CleanUp.ReferenceOTU2328 EUK.Mock.1_10031	97289
H	5097	90	71.1	+	0	0	1633I39M2D28MD20M46I	New.CleanUp.ReferenceOTU2328 EUK.Mock.1_10031	42222
H	5603	90	72.2	+	0	0	1633I38M2D21MD28M58I	New.CleanUp.ReferenceOTU2328 EUK.Mock.1_10031	46764
H	4546	90	71.1	+	0	0	1078I39M2D28MD20M56I	New.CleanUp.ReferenceOTU2328 EUK.Mock.1_10031	37371
H	7090	90	95.6	+	0	0	1644I90M66I	New.CleanUp.ReferenceOTU234 EUK.Mock.1_107425	60815
L	703	1702	*	*	*	*	*	106343	*
H	703	90	81.1	+	0	0	1573I90M39I	New.CleanUp.ReferenceOTU234 EUK.Mock.1_107425	106343
L	4072	1707	*	*	*	*	*	33190	*
H	4072	90	82.2	+	0	0	1577I59MI31M39I	New.CleanUp.ReferenceOTU234 EUK.Mock.1_107425	33190
H	8754	90	92.2	+	0	0	1646I90M67I	New.CleanUp.ReferenceOTU234 EUK.Mock.1_107425	75157
L	11329	1743	*	*	*	*	*	97923	*
H	11329	90	81.1	+	0	0	1598I90M55I	New.CleanUp.ReferenceOTU234 EUK.Mock.1_107425	97923
H	7688	90	96.7	+	0	0	1582I90M585I	New.CleanUp.ReferenceOTU2340 EUK.Mock.1_106798	65995
H	8570	90	96.7	+	0	0	1668I90M70I	New.CleanUp.ReferenceOTU2340 EUK.Mock.1_106798	73609
H	564	90	91.1	+	0	0	1679I90M60I	New.CleanUp.ReferenceOTU2340 EUK.Mock.1_106798	105083
H	6400	90	86.7	+	0	0	1680I90M68I	New.CleanUp.ReferenceOTU2340 EUK.Mock.1_106798	54274
H	9379	90	91.1	+	0	0	1675I90M35I	New.CleanUp.ReferenceOTU2340 EUK.Mock.1_106798	80767
H	4934	90	96.7	+	0	0	1591I90M50I	New.CleanUp.ReferenceOTU2342 EUK.Mock.1_99206	40794
H	9284	90	96.7	+	0	0	1663I13MI77M67I	New.CleanUp.ReferenceOTU2342 EUK.Mock.1_99206	80038
H	6170	90	95.6	+	0	0	1436I90M69I	New.CleanUp.ReferenceOTU2342 EUK.Mock.1_99206	52258
H	854	90	95.6	+	0	0	1605I90M42I	New.CleanUp.ReferenceOTU2342 EUK.Mock.1_99206	10764
H	3447	90	94.4	+	0	0	1645I90M66I	New.CleanUp.ReferenceOTU2342 EUK.Mock.1_99206	27744
H	4934	90	95.6	+	0	0	1591I90M50I	New.CleanUp.ReferenceOTU2345 EUK.Mock.1_39828	40794
H	854	90	94.4	+	0	0	1605I90M42I	New.CleanUp.ReferenceOTU2345 EUK.Mock.1_39828	10764
H	3447	90	94.4	+	0	0	1645I90M66I	New.CleanUp.ReferenceOTU2345 EUK.Mock.1_39828	27744
H	6170	90	94.4	+	0	0	1436I90M69I	New.CleanUp.ReferenceOTU2345 EUK.Mock.1_39828	52258
H	9284	90	95.6	+	0	0	1663I13MI77M67I	New.CleanUp.ReferenceOTU2345 EUK.Mock.1_39828	80038
H	11182	90	88.9	+	0	0	1644I90M69I	New.CleanUp.ReferenceOTU2346 EUK.Mock.1_8072	96648
H	2499	90	87.8	+	0	0	1638I90M63I	New.CleanUp.ReferenceOTU2346 EUK.Mock.1_8072	19455
H	1905	90	90.0	+	0	0	1590I58MD31M336I	New.CleanUp.ReferenceOTU2346 EUK.Mock.1_8072	14030
H	9735	90	75.6	+	0	0	1642I90M64I	New.CleanUp.ReferenceOTU2346 EUK.Mock.1_8072	83620
H	11143	90	83.3	+	0	0	1591I90M65I	New.CleanUp.ReferenceOTU2346 EUK.Mock.1_8072	96234
H	4634	90	95.6	+	0	0	1598I90M51I	New.CleanUp.ReferenceOTU2351 EUK.Mock.1_70587	38113
H	7123	90	95.6	+	0	0	1549I90M12I	New.CleanUp.ReferenceOTU2351 EUK.Mock.1_70587	61087
H	3034	90	94.4	+	0	0	1646I90M66I	New.CleanUp.ReferenceOTU2351 EUK.Mock.1_70587	24055
H	7185	90	94.4	+	0	0	1649I90M69I	New.CleanUp.ReferenceOTU2351 EUK.Mock.1_70587	61571
H	1595	90	94.4	+	0	0	1626I90M66I	New.CleanUp.ReferenceOTU2351 EUK.Mock.1_70587	114376
H	7688	90	96.7	+	0	0	1582I90M585I	New.CleanUp.ReferenceOTU2357 EUK.Mock.1_3460	65995
H	8570	90	96.7	+	0	0	1668I90M70I	New.CleanUp.ReferenceOTU2357 EUK.Mock.1_3460	73609
H	564	90	91.1	+	0	0	1679I90M60I	New.CleanUp.ReferenceOTU2357 EUK.Mock.1_3460	105083
H	6400	90	86.7	+	0	0	1680I90M68I	New.CleanUp.ReferenceOTU2357 EUK.Mock.1_3460	54274
H	9379	90	91.1	+	0	0	1675I90M35I	New.CleanUp.ReferenceOTU2357 EUK.Mock.1_3460	80767
H	7688	90	95.6	+	0	0	1582I90M585I	New.CleanUp.ReferenceOTU2360 EUK.Mock.1_91696	65995
H	8570	90	95.6	+	0	0	1668I90M70I	New.CleanUp.ReferenceOTU2360 EUK.Mock.1_91696	73609
H	564	90	90.0	+	0	0	1679I90M60I	New.CleanUp.ReferenceOTU2360 EUK.Mock.1_91696	105083
H	9379	90	90.0	+	0	0	1675I90M35I	New.CleanUp.ReferenceOTU2360 EUK.Mock.1_91696	80767
H	8790	90	90.0	+	0	0	1630I90M30I	New.CleanUp.ReferenceOTU2360 EUK.Mock.1_91696	75440
H	4934	81	96.3	+	0	0	1591I81M59I	New.CleanUp.ReferenceOTU2361 EUK.Mock.1_107158	40794
H	854	81	96.3	+	0	0	1605I81M51I	New.CleanUp.ReferenceOTU2361 EUK.Mock.1_107158	10764
H	6170	81	95.1	+	0	0	1436I81M78I	New.CleanUp.ReferenceOTU2361 EUK.Mock.1_107158	52258
H	3447	81	95.1	+	0	0	1645I81M75I	New.CleanUp.ReferenceOTU2361 EUK.Mock.1_107158	27744
H	9284	81	96.3	+	0	0	1663I13MI68M76I	New.CleanUp.ReferenceOTU2361 EUK.Mock.1_107158	80038
H	10646	74	86.5	+	0	0	1646I74M57I	New.CleanUp.ReferenceOTU2363 EUK.Mock.1_67506	91684
H	6170	74	87.8	+	0	0	1436I74M85I	New.CleanUp.ReferenceOTU2363 EUK.Mock.1_67506	52258
H	3878	74	86.5	+	0	0	1629I48MD25M172I	New.CleanUp.ReferenceOTU2363 EUK.Mock.1_67506	31618
H	3447	74	87.8	+	0	0	1645I74M82I	New.CleanUp.ReferenceOTU2363 EUK.Mock.1_67506	27744
H	4934	74	87.8	+	0	0	1591I74M66I	New.CleanUp.ReferenceOTU2363 EUK.Mock.1_67506	40794
H	5135	90	92.2	+	0	0	1633I90M69I	New.CleanUp.ReferenceOTU2371 EUK.Mock.1_55374	4269
H	5866	90	90.0	+	0	0	1559I90M55I	New.CleanUp.ReferenceOTU2371 EUK.Mock.1_55374	49307
H	8635	90	91.1	+	0	0	1644I90M55I	New.CleanUp.ReferenceOTU2371 EUK.Mock.1_55374	74171
H	5437	90	87.8	+	0	0	1634I90M56I	New.CleanUp.ReferenceOTU2371 EUK.Mock.1_55374	45474
H	2906	90	88.9	+	0	0	1573I90M50I	New.CleanUp.ReferenceOTU2371 EUK.Mock.1_55374	23075
H	4934	83	96.4	+	0	0	1591I83M57I	New.CleanUp.ReferenceOTU2374 EUK.Mock.1_34762	40794
H	854	83	95.2	+	0	0	1605I83M49I	New.CleanUp.ReferenceOTU2374 EUK.Mock.1_34762	10764
H	9284	83	96.4	+	0	0	1663I13MI70M74I	New.CleanUp.ReferenceOTU2374 EUK.Mock.1_34762	80038
H	3447	83	95.2	+	0	0	1645I83M73I	New.CleanUp.ReferenceOTU2374 EUK.Mock.1_34762	27744
H	6170	83	95.2	+	0	0	1436I83M76I	New.CleanUp.ReferenceOTU2374 EUK.Mock.1_34762	52258
H	4863	90	95.6	+	0	0	1251I90M35I	New.CleanUp.ReferenceOTU2375 EUK.Mock.1_71689	40103
H	7760	90	95.6	+	0	0	1279I90M35I	New.CleanUp.ReferenceOTU2375 EUK.Mock.1_71689	66673
H	3103	90	94.4	+	0	0	1290I90M34I	New.CleanUp.ReferenceOTU2375 EUK.Mock.1_71689	2467
H	10834	90	86.7	+	0	0	1683I90M70I	New.CleanUp.ReferenceOTU2375 EUK.Mock.1_71689	93246
L	8991	2107	*	*	*	*	*	77160	*
H	8991	90	78.9	+	0	0	1951I64MD25M67I	New.CleanUp.ReferenceOTU2375 EUK.Mock.1_71689	77160
H	7123	90	96.7	+	0	0	1549I90M12I	New.CleanUp.ReferenceOTU2382 EUK.Mock.1_107777	61087
H	7185	90	95.6	+	0	0	1649I90M69I	New.CleanUp.ReferenceOTU2382 EUK.Mock.1_107777	61571
H	4634	90	95.6	+	0	0	1598I90M51I	New.CleanUp.ReferenceOTU2382 EUK.Mock.1_107777	38113
H	3034	90	94.4	+	0	0	1646I90M66I	New.CleanUp.ReferenceOTU2382 EUK.Mock.1_107777	24055
H	9246	90	95.6	+	0	0	1549I90M12I	New.CleanUp.ReferenceOTU2382 EUK.Mock.1_107777	79610
N	*	90	*	*	*	*	*	New.CleanUp.ReferenceOTU2384 EUK.Mock.1_105849	*
H	5135	90	92.2	+	0	0	1633I90M69I	New.CleanUp.ReferenceOTU2387 EUK.Mock.1_48234	4269
H	5866	90	90.0	+	0	0	1559I90M55I	New.CleanUp.ReferenceOTU2387 EUK.Mock.1_48234	49307
H	8635	90	90.0	+	0	0	1644I90M55I	New.CleanUp.ReferenceOTU2387 EUK.Mock.1_48234	74171
H	5423	90	91.1	+	0	0	1602I90M39I	New.CleanUp.ReferenceOTU2387 EUK.Mock.1_48234	45376
H	2906	90	88.9	+	0	0	1573I90M50I	New.CleanUp.ReferenceOTU2387 EUK.Mock.1_48234	23075
H	7123	90	95.6	+	0	0	1549I90M12I	New.CleanUp.ReferenceOTU2388 EUK.Mock.1_25688	61087
H	9246	90	95.6	+	0	0	1549I90M12I	New.CleanUp.ReferenceOTU2388 EUK.Mock.1_25688	79610
H	4634	90	95.6	+	0	0	1598I90M51I	New.CleanUp.ReferenceOTU2388 EUK.Mock.1_25688	38113
H	3034	90	94.4	+	0	0	1646I90M66I	New.CleanUp.ReferenceOTU2388 EUK.Mock.1_25688	24055
H	7185	90	94.4	+	0	0	1649I90M69I	New.CleanUp.ReferenceOTU2388 EUK.Mock.1_25688	61571
H	7688	90	96.7	+	0	0	1582I90M585I	New.CleanUp.ReferenceOTU2394 EUK.Mock.1_99864	65995
H	8570	90	96.7	+	0	0	1668I90M70I	New.CleanUp.ReferenceOTU2394 EUK.Mock.1_99864	73609
H	564	90	91.1	+	0	0	1679I90M60I	New.CleanUp.ReferenceOTU2394 EUK.Mock.1_99864	105083
H	9379	90	91.1	+	0	0	1675I90M35I	New.CleanUp.ReferenceOTU2394 EUK.Mock.1_99864	80767
H	8790	90	90.0	+	0	0	1630I90M30I	New.CleanUp.ReferenceOTU2394 EUK.Mock.1_99864	75440
H	9506	90	96.7	+	0	0	1632I90M75I	New.CleanUp.ReferenceOTU2395 EUK.Mock.1_63512	81821
H	11256	90	96.7	+	0	0	1391I90M72I	New.CleanUp.ReferenceOTU2395 EUK.Mock.1_63512	97289
L	3246	2446	*	*	*	*	*	25807	*
H	3246	90	72.2	+	0	0	1606I46M5I22M2I22M743I	New.CleanUp.ReferenceOTU2395 EUK.Mock.1_63512	25807
H	8995	90	73.3	+	0	0	1606I37M2D24MD26M646I	New.CleanUp.ReferenceOTU2395 EUK.Mock.1_63512	77188
H	7778	90	73.3	+	0	0	1606I44M2D17MD26M704I	New.CleanUp.ReferenceOTU2395 EUK.Mock.1_63512	66800
H	4934	90	96.7	+	0	0	1591I90M50I	New.CleanUp.ReferenceOTU2405 EUK.Mock.1_76506	40794
H	854	90	95.6	+	0	0	1605I90M42I	New.CleanUp.ReferenceOTU2405 EUK.Mock.1_76506	10764
H	6170	90	95.6	+	0	0	1436I90M69I	New.CleanUp.ReferenceOTU2405 EUK.Mock.1_76506	52258
H	9284	90	96.7	+	0	0	1663I13MI77M67I	New.CleanUp.ReferenceOTU2405 EUK.Mock.1_76506	80038
H	3447	90	94.4	+	0	0	1645I90M66I	New.CleanUp.ReferenceOTU2405 EUK.Mock.1_76506	27744
H	8570	90	96.7	+	0	0	1668I90M70I	New.CleanUp.ReferenceOTU241 EUK.Mock.1_69446	73609
H	7688	90	96.7	+	0	0	1582I90M585I	New.CleanUp.ReferenceOTU241 EUK.Mock.1_69446	65995
H	564	90	91.1	+	0	0	1679I90M60I	New.CleanUp.ReferenceOTU241 EUK.Mock.1_69446	105083
H	6400	90	87.8	+	0	0	1680I90M68I	New.CleanUp.ReferenceOTU241 EUK.Mock.1_69446	54274
H	9379	90	91.1	+	0	0	1675I90M35I	New.CleanUp.ReferenceOTU241 EUK.Mock.1_69446	80767
H	7760	90	96.7	+	0	0	1279I90M35I	New.CleanUp.ReferenceOTU2410 EUK.Mock.1_107195	66673
H	4863	90	96.7	+	0	0	1251I90M35I	New.CleanUp.ReferenceOTU2410 EUK.Mock.1_107195	40103
H	3103	90	95.6	+	0	0	1290I90M34I	New.CleanUp.ReferenceOTU2410 EUK.Mock.1_107195	2467
H	10834	90	87.8	+	0	0	1683I90M70I	New.CleanUp.ReferenceOTU2410 EUK.Mock.1_107195	93246
H	6880	90	74.4	+	0	0	1643I67MD22M54I	New.CleanUp.ReferenceOTU2410 EUK.Mock.1_107195	58953
H	88	90	95.6	+	0	0	1111I90M69I	New.CleanUp.ReferenceOTU2411 EUK.Mock.1_93210	10084
H	1860	90	93.3	+	0	0	1631I90M28I	New.CleanUp.ReferenceOTU2411 EUK.Mock.1_93210	13657
H	4197	90	94.4	+	0	0	1637I90M64I	New.CleanUp.ReferenceOTU2411 EUK.Mock.1_93210	34288
H	818	90	91.1	+	0	0	1947I87M3D	New.CleanUp.ReferenceOTU2411 EUK.Mock.1_93210	107387
H	4318	90	87.8	+	0	0	1987I86M4D	New.CleanUp.ReferenceOTU2411 EUK.Mock.1_93210	35477
H	11182	90	91.1	+	0	0	1644I45MI45M68I	New.CleanUp.ReferenceOTU2415 EUK.Mock.1_31813	96648
H	1905	90	88.9	+	0	0	1590I90M335I	New.CleanUp.ReferenceOTU2415 EUK.Mock.1_31813	14030
H	9735	90	80.0	+	0	0	1642I41MI49M63I	New.CleanUp.ReferenceOTU2415 EUK.Mock.1_31813	83620
H	8357	90	83.3	+	0	0	1629I46MI44M52I	New.CleanUp.ReferenceOTU2415 EUK.Mock.1_31813	71719
H	11058	90	78.9	+	0	0	1626I40M2I50M19I	New.CleanUp.ReferenceOTU2415 EUK.Mock.1_31813	95481
H	7688	90	96.7	+	0	0	1582I90M585I	New.CleanUp.ReferenceOTU2418 EUK.Mock.1_69304	65995
H	8570	90	96.7	+	0	0	1668I90M70I	New.CleanUp.ReferenceOTU2418 EUK.Mock.1_69304	73609
H	564	90	91.1	+	0	0	1679I90M60I	New.CleanUp.ReferenceOTU2418 EUK.Mock.1_69304	105083
H	6400	90	88.9	+	0	0	1680I90M68I	New.CleanUp.ReferenceOTU2418 EUK.Mock.1_69304	54274
H	9379	90	91.1	+	0	0	1675I90M35I	New.CleanUp.ReferenceOTU2418 EUK.Mock.1_69304	80767
H	7688	90	96.7	+	0	0	1582I90M585I	New.CleanUp.ReferenceOTU2423 EUK.Mock.1_69821	65995
H	8570	90	96.7	+	0	0	1668I90M70I	New.CleanUp.ReferenceOTU2423 EUK.Mock.1_69821	73609
H	564	90	91.1	+	0	0	1679I90M60I	New.CleanUp.ReferenceOTU2423 EUK.Mock.1_69821	105083
H	9379	90	91.1	+	0	0	1675I90M35I	New.CleanUp.ReferenceOTU2423 EUK.Mock.1_69821	80767
H	4314	90	86.7	+	0	0	1647I90M41I	New.CleanUp.ReferenceOTU2423 EUK.Mock.1_69821	354
H	4934	83	95.2	+	0	0	1591I83M57I	New.CleanUp.ReferenceOTU2425 EUK.Mock.1_72056	40794
H	854	83	94.0	+	0	0	1605I83M49I	New.CleanUp.ReferenceOTU2425 EUK.Mock.1_72056	10764
H	6170	83	94.0	+	0	0	1436I83M76I	New.CleanUp.ReferenceOTU2425 EUK.Mock.1_72056	52258
H	3447	83	94.0	+	0	0	1645I83M73I	New.CleanUp.ReferenceOTU2425 EUK.Mock.1_72056	27744
H	3878	83	92.8	+	0	0	1629I52MD30M163I	New.CleanUp.ReferenceOTU2425 EUK.Mock.1_72056	31618
H	4934	80	95.0	+	0	0	1591I80M60I	New.CleanUp.ReferenceOTU2427 EUK.Mock.1_80737	40794
H	854	80	95.0	+	0	0	1605I80M52I	New.CleanUp.ReferenceOTU2427 EUK.Mock.1_80737	10764
H	3447	80	93.8	+	0	0	1645I80M76I	New.CleanUp.ReferenceOTU2427 EUK.Mock.1_80737	27744
H	10646	80	92.5	+	0	0	1646I80M51I	New.CleanUp.ReferenceOTU2427 EUK.Mock.1_80737	91684
H	6170	80	93.8	+	0	0	1436I80M79I	New.CleanUp.ReferenceOTU2427 EUK.Mock.1_80737	52258
H	4934	90	96.7	+	0	0	1591I90M50I	New.CleanUp.ReferenceOTU2428 EUK.Mock.1_97055	40794
H	9284	90	96.7	+	0	0	1663I13MI77M67I	New.CleanUp.ReferenceOTU2428 EUK.Mock.1_97055	80038
H	6170	90	95.6	+	0	0	1436I90M69I	New.CleanUp.ReferenceOTU2428 EUK.Mock.1_97055	52258
H	854	90	95.6	+	0	0	1605I90M42I	New.CleanUp.ReferenceOTU2428 EUK.Mock.1_97055	10764
H	3447	90	94.4	+	0	0	1645I90M66I	New.CleanUp.ReferenceOTU2428 EUK.Mock.1_97055	27744
H	4934	90	96.7	+	0	0	1591I90M50I	New.CleanUp.ReferenceOTU243 EUK.Mock.1_70330	40794
H	9284	90	96.7	+	0	0	1663I13MI77M67I	New.CleanUp.ReferenceOTU243 EUK.Mock.1_70330	80038
H	854	90	95.6	+	0	0	1605I90M42I	New.CleanUp.ReferenceOTU243 EUK.Mock.1_70330	10764
H	6170	90	95.6	+	0	0	1436I90M69I	New.CleanUp.ReferenceOTU243 EUK.Mock.1_70330	52258
H	3447	90	94.4	+	0	0	1645I90M66I	New.CleanUp.ReferenceOTU243 EUK.Mock.1_70330	27744
H	4934	90	95.6	+	0	0	1591I90M50I	New.CleanUp.ReferenceOTU2431 EUK.Mock.1_107359	40794
H	10646	90	94.4	+	0	0	1646I90M41I	New.CleanUp.ReferenceOTU2431 EUK.Mock.1_107359	91684
H	9284	90	95.6	+	0	0	1663I13MI77M67I	New.CleanUp.ReferenceOTU2431 EUK.Mock.1_107359	80038
H	854	90	94.4	+	0	0	1605I90M42I	New.CleanUp.ReferenceOTU2431 EUK.Mock.1_107359	10764
H	6170	90	94.4	+	0	0	1436I90M69I	New.CleanUp.ReferenceOTU2431 EUK.Mock.1_107359	52258
H	7688	90	93.3	+	0	0	1582I90M585I	New.CleanUp.ReferenceOTU2434 EUK.Mock.1_80606	65995
H	8570	90	93.3	+	0	0	1668I90M70I	New.CleanUp.ReferenceOTU2434 EUK.Mock.1_80606	73609
H	564	90	87.8	+	0	0	1679I90M60I	New.CleanUp.ReferenceOTU2434 EUK.Mock.1_80606	105083
H	6400	90	85.6	+	0	0	1680I90M68I	New.CleanUp.ReferenceOTU2434 EUK.Mock.1_80606	54274
H	9379	90	87.8	+	0	0	1675I90M35I	New.CleanUp.ReferenceOTU2434 EUK.Mock.1_80606	80767
H	4934	90	96.7	+	0	0	1591I90M50I	New.CleanUp.ReferenceOTU2438 EUK.Mock.1_69677	40794
H	9284	90	96.7	+	0	0	1663I13MI77M67I	New.CleanUp.ReferenceOTU2438 EUK.Mock.1_69677	80038
H	6170	90	95.6	+	0	0	1436I90M69I	New.CleanUp.ReferenceOTU2438 EUK.Mock.1_69677	52258
H	854	90	95.6	+	0	0	1605I90M42I	New.CleanUp.ReferenceOTU2438 EUK.Mock.1_69677	10764
H	3447	90	94.4	+	0	0	1645I90M66I	New.CleanUp.ReferenceOTU2438 EUK.Mock.1_69677	27744
H	854	82	95.1	+	0	0	1605I82M50I	New.CleanUp.ReferenceOTU2440 EUK.Mock.1_62113	10764
H	4934	82	95.1	+	0	0	1591I82M58I	New.CleanUp.ReferenceOTU2440 EUK.Mock.1_62113	40794
H	6170	82	93.9	+	0	0	1436I82M77I	New.CleanUp.ReferenceOTU2440 EUK.Mock.1_62113	52258
H	3447	82	93.9	+	0	0	1645I82M74I	New.CleanUp.ReferenceOTU2440 EUK.Mock.1_62113	27744
H	1549	82	80.5	+	0	0	1427I43M3D34M2D	New.CleanUp.ReferenceOTU2440 EUK.Mock.1_62113	113941
H	5135	90	92.2	+	0	0	1633I90M69I	New.CleanUp.ReferenceOTU2446 EUK.Mock.1_101570	4269
H	5866	90	90.0	+	0	0	1559I90M55I	New.CleanUp.ReferenceOTU2446 EUK.Mock.1_101570	49307
H	8635	90	90.0	+	0	0	1644I90M55I	New.CleanUp.ReferenceOTU2446 EUK.Mock.1_101570	74171
H	5437	90	88.9	+	0	0	1634I90M56I	New.CleanUp.ReferenceOTU2446 EUK.Mock.1_101570	45474
H	5423	90	91.1	+	0	0	1602I90M39I	New.CleanUp.ReferenceOTU2446 EUK.Mock.1_101570	45376
H	7688	90	96.7	+	0	0	1582I90M585I	New.CleanUp.ReferenceOTU2450 EUK.Mock.1_51290	65995
H	8570	90	96.7	+	0	0	1668I90M70I	New.CleanUp.ReferenceOTU2450 EUK.Mock.1_51290	73609
H	9379	90	91.1	+	0	0	1675I90M35I	New.CleanUp.ReferenceOTU2450 EUK.Mock.1_51290	80767
H	564	90	91.1	+	0	0	1679I90M60I	New.CleanUp.ReferenceOTU2450 EUK.Mock.1_51290	105083
H	9760	90	86.7	+	0	0	1657I85M5D	New.CleanUp.ReferenceOTU2450 EUK.Mock.1_51290	8379
H	88	90	96.7	+	0	0	1111I90M69I	New.CleanUp.ReferenceOTU2451 EUK.Mock.1_57538	10084
H	4197	90	95.6	+	0	0	1637I90M64I	New.CleanUp.ReferenceOTU2451 EUK.Mock.1_57538	34288
H	1145	90	94.4	+	0	0	1607I90M567I	New.CleanUp.ReferenceOTU2451 EUK.Mock.1_57538	110220
H	818	90	92.2	+	0	0	1947I87M3D	New.CleanUp.ReferenceOTU2451 EUK.Mock.1_57538	107387
H	279	90	95.6	+	0	0	1595I90M32I	New.CleanUp.ReferenceOTU2451 EUK.Mock.1_57538	102447
H	4934	90	95.6	+	0	0	1591I90M50I	New.CleanUp.ReferenceOTU2458 EUK.Mock.1_57991	40794
H	854	90	94.4	+	0	0	1605I90M42I	New.CleanUp.ReferenceOTU2458 EUK.Mock.1_57991	10764
H	9284	90	95.6	+	0	0	1663I13MI77M67I	New.CleanUp.ReferenceOTU2458 EUK.Mock.1_57991	80038
H	6170	90	94.4	+	0	0	1436I90M69I	New.CleanUp.ReferenceOTU2458 EUK.Mock.1_57991	52258
H	3447	90	93.3	+	0	0	1645I90M66I	New.CleanUp.ReferenceOTU2458 EUK.Mock.1_57991	27744
H	4934	90	95.6	+	0	0	1591I90M50I	New.CleanUp.ReferenceOTU2461 EUK.Mock.1_57998	40794
H	9284	90	95.6	+	0	0	1663I13MI77M67I	New.CleanUp.ReferenceOTU2461 EUK.Mock.1_57998	80038
H	6170	90	94.4	+	0	0	1436I90M69I	New.CleanUp.ReferenceOTU2461 EUK.Mock.1_57998	52258
H	854	90	94.4	+	0	0	1605I90M42I	New.CleanUp.ReferenceOTU2461 EUK.Mock.1_57998	10764
H	3447	90	93.3	+	0	0	1645I90M66I	New.CleanUp.ReferenceOTU2461 EUK.Mock.1_57998	27744
H	7688	90	96.7	+	0	0	1582I90M585I	New.CleanUp.ReferenceOTU2464 EUK.Mock.1_3134	65995
H	8570	90	96.7	+	0	0	1668I90M70I	New.CleanUp.ReferenceOTU2464 EUK.Mock.1_3134	73609
H	564	90	91.1	+	0	0	1679I90M60I	New.CleanUp.ReferenceOTU2464 EUK.Mock.1_3134	105083
H	8790	90	91.1	+	0	0	1630I90M30I	New.CleanUp.ReferenceOTU2464 EUK.Mock.1_3134	75440
H	9379	90	91.1	+	0	0	1675I90M35I	New.CleanUp.ReferenceOTU2464 EUK.Mock.1_3134	80767
H	4934	90	95.6	+	0	0	1591I90M50I	New.CleanUp.ReferenceOTU247 EUK.Mock.1_106045	40794
H	854	90	94.4	+	0	0	1605I90M42I	New.CleanUp.ReferenceOTU247 EUK.Mock.1_106045	10764
H	9284	90	95.6	+	0	0	1663I13MI77M67I	New.CleanUp.ReferenceOTU247 EUK.Mock.1_106045	80038
H	6170	90	94.4	+	0	0	1436I90M69I	New.CleanUp.ReferenceOTU247 EUK.Mock.1_106045	52258
H	3447	90	93.3	+	0	0	1645I90M66I	New.CleanUp.ReferenceOTU247 EUK.Mock.1_106045	27744
H	5135	90	92.2	+	0	0	1633I90M69I	New.CleanUp.ReferenceOTU2472 EUK.Mock.1_101743	4269
H	5866	90	90.0	+	0	0	1559I90M55I	New.CleanUp.ReferenceOTU2472 EUK.Mock.1_101743	49307
H	8924	90	90.0	+	0	0	1580I90M50I	New.CleanUp.ReferenceOTU2472 EUK.Mock.1_101743	76542
H	5423	90	91.1	+	0	0	1602I90M39I	New.CleanUp.ReferenceOTU2472 EUK.Mock.1_101743	45376
H	8635	90	90.0	+	0	0	1644I90M55I	New.CleanUp.ReferenceOTU2472 EUK.Mock.1_101743	74171
H	5437	70	88.6	+	0	0	1634I70M76I	New.CleanUp.ReferenceOTU2474 EUK.Mock.1_108416	45474
H	3531	70	85.7	+	0	0	1625I70M85I	New.CleanUp.ReferenceOTU2474 EUK.Mock.1_108416	28560
H	2906	70	87.1	+	0	0	1573I70M70I	New.CleanUp.ReferenceOTU2474 EUK.Mock.1_108416	23075
L	568	1763	*	*	*	*	*	105102	*
H	568	70	82.9	+	0	0	1631I70M62I	New.CleanUp.ReferenceOTU2474 EUK.Mock.1_108416	105102
H	8635	70	87.1	+	0	0	1644I70M75I	New.CleanUp.ReferenceOTU2474 EUK.Mock.1_108416	74171
H	854	90	95.6	+	0	0	1605I90M42I	New.CleanUp.ReferenceOTU2475 EUK.Mock.1_88710	10764
H	3447	90	95.6	+	0	0	1645I90M66I	New.CleanUp.ReferenceOTU2475 EUK.Mock.1_88710	27744
H	6170	90	95.6	+	0	0	1436I90M69I	New.CleanUp.ReferenceOTU2475 EUK.Mock.1_88710	52258
H	4934	90	96.7	+	0	0	1591I90M50I	New.CleanUp.ReferenceOTU2475 EUK.Mock.1_88710	40794
H	3878	90	94.4	+	0	0	1629I53MD36M156I	New.CleanUp.ReferenceOTU2475 EUK.Mock.1_88710	31618
L	2144	2164	*	*	*	*	*	16255	*
H	2144	90	87.8	+	0	0	1612I90M462I	New.CleanUp.ReferenceOTU2478 EUK.Mock.1_57660	16255
H	10251	90	92.2	+	0	0	1592I90M66I	New.CleanUp.ReferenceOTU2478 EUK.Mock.1_57660	88322
H	302	90	92.2	+	0	0	1645I90M54I	New.CleanUp.ReferenceOTU2478 EUK.Mock.1_57660	102699
H	2662	90	92.2	+	0	0	1624I90M58I	New.CleanUp.ReferenceOTU2478 EUK.Mock.1_57660	20910
H	6456	90	92.2	+	0	0	1606I90M585I	New.CleanUp.ReferenceOTU2478 EUK.Mock.1_57660	54751
H	4934	85	96.5	+	0	0	1591I85M55I	New.CleanUp.ReferenceOTU248 EUK.Mock.1_92176	40794
H	854	85	95.3	+	0	0	1605I85M47I	New.CleanUp.ReferenceOTU248 EUK.Mock.1_92176	10764
H	3447	85	94.1	+	0	0	1645I85M71I	New.CleanUp.ReferenceOTU248 EUK.Mock.1_92176	27744
H	6170	85	95.3	+	0	0	1436I85M74I	New.CleanUp.ReferenceOTU248 EUK.Mock.1_92176	52258
H	9284	85	96.5	+	0	0	1663I13MI72M72I	New.CleanUp.ReferenceOTU248 EUK.Mock.1_92176	80038
H	9284	86	94.2	+	0	0	1663I11MI75M71I	New.CleanUp.ReferenceOTU2482 EUK.Mock.1_104510	80038
H	4934	86	94.2	+	0	0	1591I86M54I	New.CleanUp.ReferenceOTU2482 EUK.Mock.1_104510	40794
H	854	86	93.0	+	0	0	1605I86M46I	New.CleanUp.ReferenceOTU2482 EUK.Mock.1_104510	10764
H	3447	86	91.9	+	0	0	1645I86M70I	New.CleanUp.ReferenceOTU2482 EUK.Mock.1_104510	27744
H	6170	86	93.0	+	0	0	1436I86M73I	New.CleanUp.ReferenceOTU2482 EUK.Mock.1_104510	52258
H	7688	90	95.6	+	0	0	1582I90M585I	New.CleanUp.ReferenceOTU2487 EUK.Mock.1_102865	65995
H	8570	90	95.6	+	0	0	1668I90M70I	New.CleanUp.ReferenceOTU2487 EUK.Mock.1_102865	73609
H	564	90	90.0	+	0	0	1679I90M60I	New.CleanUp.ReferenceOTU2487 EUK.Mock.1_102865	105083
H	6400	90	86.7	+	0	0	1680I90M68I	New.CleanUp.ReferenceOTU2487 EUK.Mock.1_102865	54274
H	8790	90	90.0	+	0	0	1630I90M30I	New.CleanUp.ReferenceOTU2487 EUK.Mock.1_102865	75440
H	4934	90	94.4	+	0	0	1591I90M50I	New.CleanUp.ReferenceOTU2494 EUK.Mock.1_97935	40794
H	6170	90	93.3	+	0	0	1436I90M69I	New.CleanUp.ReferenceOTU2494 EUK.Mock.1_97935	52258
H	3447	90	92.2	+	0	0	1645I90M66I	New.CleanUp.ReferenceOTU2494 EUK.Mock.1_97935	27744
H	854	90	93.3	+	0	0	1605I90M42I	New.CleanUp.ReferenceOTU2494 EUK.Mock.1_97935	10764
H	10646	90	91.1	+	0	0	1646I90M41I	New.CleanUp.ReferenceOTU2494 EUK.Mock.1_97935	91684
N	*	90	*	*	*	*	*	New.CleanUp.ReferenceOTU2499 EUK.Mock.1_38443	*
H	4934	90	96.7	+	0	0	1591I90M50I	New.CleanUp.ReferenceOTU2500 EUK.Mock.1_104085	40794
H	9284	90	96.7	+	0	0	1663I13MI77M67I	New.CleanUp.ReferenceOTU2500 EUK.Mock.1_104085	80038
H	6170	90	95.6	+	0	0	1436I90M69I	New.CleanUp.ReferenceOTU2500 EUK.Mock.1_104085	52258
H	854	90	95.6	+	0	0	1605I90M42I	New.CleanUp.ReferenceOTU2500 EUK.Mock.1_104085	10764
H	3447	90	94.4	+	0	0	1645I90M66I	New.CleanUp.ReferenceOTU2500 EUK.Mock.1_104085	27744
H	10251	90	95.6	+	0	0	1592I90M66I	New.CleanUp.ReferenceOTU2502 EUK.Mock.1_79551	88322
H	2662	90	95.6	+	0	0	1624I90M58I	New.CleanUp.ReferenceOTU2502 EUK.Mock.1_79551	20910
H	4197	90	95.6	+	0	0	1637I90M64I	New.CleanUp.ReferenceOTU2502 EUK.Mock.1_79551	34288
H	818	90	92.2	+	0	0	1947I87M3D	New.CleanUp.ReferenceOTU2502 EUK.Mock.1_79551	107387
L	10935	1786	*	*	*	*	*	94316	*
H	10935	90	93.3	+	0	0	1631I90M65I	New.CleanUp.ReferenceOTU2502 EUK.Mock.1_79551	94316
H	4934	90	96.7	+	0	0	1591I90M50I	New.CleanUp.ReferenceOTU2505 EUK.Mock.1_69295	40794
H	9284	90	96.7	+	0	0	1663I13MI77M67I	New.CleanUp.ReferenceOTU2505 EUK.Mock.1_69295	80038
H	6170	90	95.6	+	0	0	1436I90M69I	New.CleanUp.ReferenceOTU2505 EUK.Mock.1_69295	52258
H	854	90	95.6	+	0	0	1605I90M42I	New.CleanUp.ReferenceOTU2505 EUK.Mock.1_69295	10764
H	3447	90	94.4	+	0	0	1645I90M66I	New.CleanUp.ReferenceOTU2505 EUK.Mock.1_69295	27744
H	4934	90	96.7	+	0	0	1591I90M50I	New.CleanUp.ReferenceOTU2507 EUK.Mock.1_69457	40794
H	6170	90	95.6	+	0	0	1436I90M69I	New.CleanUp.ReferenceOTU2507 EUK.Mock.1_69457	52258
H	9284	90	96.7	+	0	0	1663I13MI77M67I	New.CleanUp.ReferenceOTU2507 EUK.Mock.1_69457	80038
H	854	90	95.6	+	0	0	1605I90M42I	New.CleanUp.ReferenceOTU2507 EUK.Mock.1_69457	10764
H	3447	90	94.4	+	0	0	1645I90M66I	New.CleanUp.ReferenceOTU2507 EUK.Mock.1_69457	27744
H	88	90	96.7	+	0	0	1111I90M69I	New.CleanUp.ReferenceOTU251 EUK.Mock.1_22935	10084
H	279	90	95.6	+	0	0	1595I90M32I	New.CleanUp.ReferenceOTU251 EUK.Mock.1_22935	102447
H	2551	90	95.6	+	0	0	2048I90M66I	New.CleanUp.ReferenceOTU251 EUK.Mock.1_22935	19976
H	6339	90	95.6	+	0	0	2364I90M500I	New.CleanUp.ReferenceOTU251 EUK.Mock.1_22935	53760
H	4197	90	95.6	+	0	0	1637I90M64I	New.CleanUp.ReferenceOTU251 EUK.Mock.1_22935	34288
H	7688	90	95.6	+	0	0	1582I90M585I	New.CleanUp.ReferenceOTU2517 EUK.Mock.1_103420	65995
H	8570	90	95.6	+	0	0	1668I90M70I	New.CleanUp.ReferenceOTU2517 EUK.Mock.1_103420	73609
H	9760	90	86.7	+	0	0	1657I85M5D	New.CleanUp.ReferenceOTU2517 EUK.Mock.1_103420	8379
H	4314	90	87.8	+	0	0	1647I90M41I	New.CleanUp.ReferenceOTU2517 EUK.Mock.1_103420	354
H	9379	90	90.0	+	0	0	1675I90M35I	New.CleanUp.ReferenceOTU2517 EUK.Mock.1_103420	80767
H	3447	75	96.0	+	0	0	1645I75M81I	New.CleanUp.ReferenceOTU2523 EUK.Mock.1_43767	27744
H	6170	75	96.0	+	0	0	1436I75M84I	New.CleanUp.ReferenceOTU2523 EUK.Mock.1_43767	52258
H	4934	75	96.0	+	0	0	1591I75M65I	New.CleanUp.ReferenceOTU2523 EUK.Mock.1_43767	40794
H	854	75	96.0	+	0	0	1605I75M57I	New.CleanUp.ReferenceOTU2523 EUK.Mock.1_43767	10764
H	10646	75	94.7	+	0	0	1646I75M56I	New.CleanUp.ReferenceOTU2523 EUK.Mock.1_43767	91684
H	8570	90	96.7	+	0	0	1668I90M70I	New.CleanUp.ReferenceOTU2525 EUK.Mock.1_88027	73609
H	7688	90	96.7	+	0	0	1582I90M585I	New.CleanUp.ReferenceOTU2525 EUK.Mock.1_88027	65995
H	564	90	91.1	+	0	0	1679I90M60I	New.CleanUp.ReferenceOTU2525 EUK.Mock.1_88027	105083
H	9379	90	91.1	+	0	0	1675I90M35I	New.CleanUp.ReferenceOTU2525 EUK.Mock.1_88027	80767
H	9760	90	86.7	+	0	0	1657I85M5D	New.CleanUp.ReferenceOTU2525 EUK.Mock.1_88027	8379
H	5135	90	92.2	+	0	0	1633I90M69I	New.CleanUp.ReferenceOTU2527 EUK.Mock.1_108323	4269
H	5866	90	90.0	+	0	0	1559I90M55I	New.CleanUp.ReferenceOTU2527 EUK.Mock.1_108323	49307
H	8635	90	90.0	+	0	0	1644I90M55I	New.CleanUp.ReferenceOTU2527 EUK.Mock.1_108323	74171
H	5423	90	91.1	+	0	0	1602I90M39I	New.CleanUp.ReferenceOTU2527 EUK.Mock.1_108323	45376
H	5437	90	86.7	+	0	0	1634I90M56I	New.CleanUp.ReferenceOTU2527 EUK.Mock.1_108323	45474
H	4104	90	96.7	+	0	0	1703I90M70I	New.CleanUp.ReferenceOTU2533 EUK.Mock.1_66588	33585
H	9936	90	94.4	+	0	0	1706I62MD27M70I	New.CleanUp.ReferenceOTU2533 EUK.Mock.1_66588	85366
H	254	90	91.1	+	0	0	1706I90M68I	New.CleanUp.ReferenceOTU2533 EUK.Mock.1_66588	102297
H	7824	90	88.9	+	0	0	1714I90M70I	New.CleanUp.ReferenceOTU2533 EUK.Mock.1_66588	67215
H	5762	90	91.1	+	0	0	1695I90M70I	New.CleanUp.ReferenceOTU2533 EUK.Mock.1_66588	48063
H	4934	90	96.7	+	0	0	1591I90M50I	New.CleanUp.ReferenceOTU2542 EUK.Mock.1_39016	40794
H	9284	90	96.7	+	0	0	1663I13MI77M67I	New.CleanUp.ReferenceOTU2542 EUK.Mock.1_39016	80038
H	6170	90	95.6	+	0	0	1436I90M69I	New.CleanUp.ReferenceOTU2542 EUK.Mock.1_39016	52258
H	854	90	95.6	+	0	0	1605I90M42I	New.CleanUp.ReferenceOTU2542 EUK.Mock.1_39016	10764
H	3878	90	93.3	+	0	0	1629I51MD38M156I	New.CleanUp.ReferenceOTU2542 EUK.Mock.1_39016	31618
H	8570	84	96.4	+	0	0	1668I84M76I	New.CleanUp.ReferenceOTU2543 EUK.Mock.1_56675	73609
H	7688	84	96.4	+	0	0	1582I84M591I	New.CleanUp.ReferenceOTU2543 EUK.Mock.1_56675	65995
H	564	84	90.5	+	0	0	1679I84M66I	New.CleanUp.ReferenceOTU2543 EUK.Mock.1_56675	105083
H	9760	84	91.7	+	0	0	1657I84MI	New.CleanUp.ReferenceOTU2543 EUK.Mock.1_56675	8379
H	6400	84	85.7	+	0	0	1680I84M74I	New.CleanUp.ReferenceOTU2543 EUK.Mock.1_56675	54274
H	4934	90	96.7	+	0	0	1591I90M50I	New.CleanUp.ReferenceOTU2545 EUK.Mock.1_25174	40794
H	9284	90	96.7	+	0	0	1663I13MI77M67I	New.CleanUp.ReferenceOTU2545 EUK.Mock.1_25174	80038
H	854	90	95.6	+	0	0	1605I90M42I	New.CleanUp.ReferenceOTU2545 EUK.Mock.1_25174	10764
H	6170	90	95.6	+	0	0	1436I90M69I	New.CleanUp.ReferenceOTU2545 EUK.Mock.1_25174	52258
H	3447	90	94.4	+	0	0	1645I90M66I	New.CleanUp.ReferenceOTU2545 EUK.Mock.1_25174	27744
H	4934	90	95.6	+	0	0	1591I90M50I	New.CleanUp.ReferenceOTU255 EUK.Mock.1_84953	40794
H	6170	90	94.4	+	0	0	1436I90M69I	New.CleanUp.ReferenceOTU255 EUK.Mock.1_84953	52258
H	3447	90	93.3	+	0	0	1645I90M66I	New.CleanUp.ReferenceOTU255 EUK.Mock.1_84953	27744
H	854	90	94.4	+	0	0	1605I90M42I	New.CleanUp.ReferenceOTU255 EUK.Mock.1_84953	10764
H	10646	90	92.2	+	0	0	1646I90M41I	New.CleanUp.ReferenceOTU255 EUK.Mock.1_84953	91684
N	*	90	*	*	*	*	*	New.CleanUp.ReferenceOTU2559 EUK.Mock.1_102314	*
H	4934	90	96.7	+	0	0	1591I90M50I	New.CleanUp.ReferenceOTU256 EUK.Mock.1_102086	40794
H	6170	90	95.6	+	0	0	1436I90M69I	New.CleanUp.ReferenceOTU256 EUK.Mock.1_102086	52258
H	9284	90	96.7	+	0	0	1663I13MI77M67I	New.CleanUp.ReferenceOTU256 EUK.Mock.1_102086	80038
H	3447	90	94.4	+	0	0	1645I90M66I	New.CleanUp.ReferenceOTU256 EUK.Mock.1_102086	27744
H	854	90	95.6	+	0	0	1605I90M42I	New.CleanUp.ReferenceOTU256 EUK.Mock.1_102086	10764
H	4934	90	96.7	+	0	0	1591I90M50I	New.CleanUp.ReferenceOTU2565 EUK.Mock.1_105683	40794
H	9284	90	96.7	+	0	0	1663I13MI77M67I	New.CleanUp.ReferenceOTU2565 EUK.Mock.1_105683	80038
H	6170	90	95.6	+	0	0	1436I90M69I	New.CleanUp.ReferenceOTU2565 EUK.Mock.1_105683	52258
H	854	90	95.6	+	0	0	1605I90M42I	New.CleanUp.ReferenceOTU2565 EUK.Mock.1_105683	10764
H	3447	90	94.4	+	0	0	1645I90M66I	New.CleanUp.ReferenceOTU2565 EUK.Mock.1_105683	27744
N	*	90	*	*	*	*	*	New.CleanUp.ReferenceOTU2567 EUK.Mock.1_105681	*
H	6170	77	94.8	+	0	0	1436I68MI9M81I	New.CleanUp.ReferenceOTU2568 EUK.Mock.1_105687	52258
H	854	77	94.8	+	0	0	1605I68MI9M54I	New.CleanUp.ReferenceOTU2568 EUK.Mock.1_105687	10764
H	4934	77	94.8	+	0	0	1591I68MI9M62I	New.CleanUp.ReferenceOTU2568 EUK.Mock.1_105687	40794
H	3447	77	94.8	+	0	0	1645I68MI9M78I	New.CleanUp.ReferenceOTU2568 EUK.Mock.1_105687	27744
H	10646	77	93.5	+	0	0	1646I68MI9M53I	New.CleanUp.ReferenceOTU2568 EUK.Mock.1_105687	91684
H	4934	90	95.6	+	0	0	1591I90M50I	New.CleanUp.ReferenceOTU2569 EUK.Mock.1_92437	40794
H	6170	90	94.4	+	0	0	1436I90M69I	New.CleanUp.ReferenceOTU2569 EUK.Mock.1_92437	52258
H	3447	90	93.3	+	0	0	1645I90M66I	New.CleanUp.ReferenceOTU2569 EUK.Mock.1_92437	27744
H	854	90	94.4	+	0	0	1605I90M42I	New.CleanUp.ReferenceOTU2569 EUK.Mock.1_92437	10764
H	10646	90	92.2	+	0	0	1646I90M41I	New.CleanUp.ReferenceOTU2569 EUK.Mock.1_92437	91684
N	*	90	*	*	*	*	*	New.CleanUp.ReferenceOTU2570 EUK.Mock.1_71964	*
H	5135	90	92.2	+	0	0	1633I90M69I	New.CleanUp.ReferenceOTU2574 EUK.Mock.1_104424	4269
H	5866	90	90.0	+	0	0	1559I90M55I	New.CleanUp.ReferenceOTU2574 EUK.Mock.1_104424	49307
H	5423	90	91.1	+	0	0	1602I90M39I	New.CleanUp.ReferenceOTU2574 EUK.Mock.1_104424	45376
H	8635	90	90.0	+	0	0	1644I90M55I	New.CleanUp.ReferenceOTU2574 EUK.Mock.1_104424	74171
H	8924	90	90.0	+	0	0	1580I90M50I	New.CleanUp.ReferenceOTU2574 EUK.Mock.1_104424	76542
H	11143	90	82.2	+	0	0	1591I90M65I	New.CleanUp.ReferenceOTU2575 EUK.Mock.1_85799	96234
H	2499	90	83.3	+	0	0	1638I90M63I	New.CleanUp.ReferenceOTU2575 EUK.Mock.1_85799	19455
H	8274	90	72.2	+	0	0	1739I90M66I	New.CleanUp.ReferenceOTU2575 EUK.Mock.1_85799	70969
H	11182	90	84.4	+	0	0	1644I90M69I	New.CleanUp.ReferenceOTU2575 EUK.Mock.1_85799	96648
L	5461	1759	*	*	*	*	*	4565	*
H	5461	90	78.9	+	0	0	1603I90M66I	New.CleanUp.ReferenceOTU2575 EUK.Mock.1_85799	4565
H	3171	90	92.2	+	0	0	1626I90M65I	New.CleanUp.ReferenceOTU2580 EUK.Mock.1_83092	25160
H	8717	90	88.9	+	0	0	1594I47MI16MI27M67I	New.CleanUp.ReferenceOTU2580 EUK.Mock.1_83092	74829
H	7875	90	88.9	+	0	0	1592I44MI20MI26M64I	New.CleanUp.ReferenceOTU2580 EUK.Mock.1_83092	67609
H	2726	90	90.0	+	0	0	1589I44MI21MI25M63I	New.CleanUp.ReferenceOTU2580 EUK.Mock.1_83092	21485
H	11143	90	87.8	+	0	0	1591I44MI21MI25M63I	New.CleanUp.ReferenceOTU2580 EUK.Mock.1_83092	96234
H	4934	90	96.7	+	0	0	1591I90M50I	New.CleanUp.ReferenceOTU2587 EUK.Mock.1_71367	40794
H	9284	90	96.7	+	0	0	1663I13MI77M67I	New.CleanUp.ReferenceOTU2587 EUK.Mock.1_71367	80038
H	854	90	95.6	+	0	0	1605I90M42I	New.CleanUp.ReferenceOTU2587 EUK.Mock.1_71367	10764
H	6170	90	95.6	+	0	0	1436I90M69I	New.CleanUp.ReferenceOTU2587 EUK.Mock.1_71367	52258
H	3447	90	94.4	+	0	0	1645I90M66I	New.CleanUp.ReferenceOTU2587 EUK.Mock.1_71367	27744
H	4104	90	96.7	+	0	0	1703I90M70I	New.CleanUp.ReferenceOTU2589 EUK.Mock.1_52830	33585
H	9936	90	94.4	+	0	0	1706I62MD27M70I	New.CleanUp.ReferenceOTU2589 EUK.Mock.1_52830	85366
H	1313	90	90.0	+	0	0	1729I51MI39M70I	New.CleanUp.ReferenceOTU2589 EUK.Mock.1_52830	111701
H	465	90	90.0	+	0	0	1759I51MI39M70I	New.CleanUp.ReferenceOTU2589 EUK.Mock.1_52830	104302
H	7824	90	88.9	+	0	0	1714I90M70I	New.CleanUp.ReferenceOTU2589 EUK.Mock.1_52830	67215
H	88	90	96.7	+	0	0	1111I90M69I	New.CleanUp.ReferenceOTU2590 EUK.Mock.1_100358	10084
H	279	90	95.6	+	0	0	1595I90M32I	New.CleanUp.ReferenceOTU2590 EUK.Mock.1_100358	102447
H	4197	90	95.6	+	0	0	1637I90M64I	New.CleanUp.ReferenceOTU2590 EUK.Mock.1_100358	34288
H	5770	90	94.4	+	0	0	1620I90M28I	New.CleanUp.ReferenceOTU2590 EUK.Mock.1_100358	48184
H	1045	90	94.4	+	0	0	1533I90M20I	New.CleanUp.ReferenceOTU2590 EUK.Mock.1_100358	109115
H	7688	83	95.2	+	0	0	1582I83M592I	New.CleanUp.ReferenceOTU2592 EUK.Mock.1_53522	65995
H	8570	83	95.2	+	0	0	1668I83M77I	New.CleanUp.ReferenceOTU2592 EUK.Mock.1_53522	73609
H	9760	83	90.4	+	0	0	1657I83M2I	New.CleanUp.ReferenceOTU2592 EUK.Mock.1_53522	8379
H	564	83	89.2	+	0	0	1679I83M67I	New.CleanUp.ReferenceOTU2592 EUK.Mock.1_53522	105083
H	9379	83	89.2	+	0	0	1675I83M42I	New.CleanUp.ReferenceOTU2592 EUK.Mock.1_53522	80767
H	88	90	94.4	+	0	0	1111I90M69I	New.CleanUp.ReferenceOTU2593 EUK.Mock.1_76694	10084
H	302	90	93.3	+	0	0	1645I90M54I	New.CleanUp.ReferenceOTU2593 EUK.Mock.1_76694	102699
H	279	90	93.3	+	0	0	1595I90M32I	New.CleanUp.ReferenceOTU2593 EUK.Mock.1_76694	102447
H	1045	90	92.2	+	0	0	1533I90M20I	New.CleanUp.ReferenceOTU2593 EUK.Mock.1_76694	109115
H	6339	90	93.3	+	0	0	2364I90M500I	New.CleanUp.ReferenceOTU2593 EUK.Mock.1_76694	53760
H	5135	90	92.2	+	0	0	1633I90M69I	New.CleanUp.ReferenceOTU2594 EUK.Mock.1_102912	4269
H	5423	90	91.1	+	0	0	1602I90M39I	New.CleanUp.ReferenceOTU2594 EUK.Mock.1_102912	45376
H	5866	90	90.0	+	0	0	1559I90M55I	New.CleanUp.ReferenceOTU2594 EUK.Mock.1_102912	49307
H	9443	90	88.9	+	0	0	1592I90M50I	New.CleanUp.ReferenceOTU2594 EUK.Mock.1_102912	81305
H	11572	90	90.0	+	0	0	1580I90M50I	New.CleanUp.ReferenceOTU2594 EUK.Mock.1_102912	99915
H	5135	90	94.4	+	0	0	1633I90M69I	New.CleanUp.ReferenceOTU2597 EUK.Mock.1_87627	4269
H	5866	90	92.2	+	0	0	1559I90M55I	New.CleanUp.ReferenceOTU2597 EUK.Mock.1_87627	49307
H	8635	90	92.2	+	0	0	1644I90M55I	New.CleanUp.ReferenceOTU2597 EUK.Mock.1_87627	74171
H	5423	90	93.3	+	0	0	1602I90M39I	New.CleanUp.ReferenceOTU2597 EUK.Mock.1_87627	45376
H	8924	90	92.2	+	0	0	1580I90M50I	New.CleanUp.ReferenceOTU2597 EUK.Mock.1_87627	76542
L	6614	1777	*	*	*	*	*	56306	*
H	6614	90	87.8	+	0	0	1622I90M65I	New.CleanUp.ReferenceOTU2602 EUK.Mock.1_99474	56306
H	5135	90	86.7	+	0	0	1633I90M69I	New.CleanUp.ReferenceOTU2602 EUK.Mock.1_99474	4269
L	9934	2633	*	*	*	*	*	8536	*
H	9934	90	70.0	+	0	0	1609I90M934I	New.CleanUp.ReferenceOTU2602 EUK.Mock.1_99474	8536
H	5866	90	84.4	+	0	0	1559I90M55I	New.CleanUp.ReferenceOTU2602 EUK.Mock.1_99474	49307
L	3092	2540	*	*	*	*	*	24584	*
H	3092	90	70.0	+	0	0	2384I90M66I	New.CleanUp.ReferenceOTU2602 EUK.Mock.1_99474	24584
H	7760	85	96.5	+	0	0	1279I85M40I	New.CleanUp.ReferenceOTU2607 EUK.Mock.1_76249	66673
H	4863	85	96.5	+	0	0	1251I85M40I	New.CleanUp.ReferenceOTU2607 EUK.Mock.1_76249	40103
H	3103	85	95.3	+	0	0	1290I85M39I	New.CleanUp.ReferenceOTU2607 EUK.Mock.1_76249	2467
L	10859	1766	*	*	*	*	*	93538	*
H	10859	85	72.9	+	0	0	1610I71MD13M72I	New.CleanUp.ReferenceOTU2607 EUK.Mock.1_76249	93538
L	7458	1847	*	*	*	*	*	63906	*
H	7458	85	78.8	+	0	0	1688I70M2I15M72I	New.CleanUp.ReferenceOTU2607 EUK.Mock.1_76249	63906
H	4104	90	95.6	+	0	0	1703I90M70I	New.CleanUp.ReferenceOTU2610 EUK.Mock.1_69928	33585
H	254	90	92.2	+	0	0	1706I90M68I	New.CleanUp.ReferenceOTU2610 EUK.Mock.1_69928	102297
H	9936	90	93.3	+	0	0	1706I62MD27M70I	New.CleanUp.ReferenceOTU2610 EUK.Mock.1_69928	85366
H	5711	90	90.0	+	0	0	1699I90M70I	New.CleanUp.ReferenceOTU2610 EUK.Mock.1_69928	47644
H	1952	90	90.0	+	0	0	1687I90M70I	New.CleanUp.ReferenceOTU2610 EUK.Mock.1_69928	14424
H	11182	90	88.9	+	0	0	1644I90M69I	New.CleanUp.ReferenceOTU2614 EUK.Mock.1_5074	96648
H	2499	90	87.8	+	0	0	1638I90M63I	New.CleanUp.ReferenceOTU2614 EUK.Mock.1_5074	19455
H	1905	90	90.0	+	0	0	1590I58MD31M336I	New.CleanUp.ReferenceOTU2614 EUK.Mock.1_5074	14030
H	8293	90	87.8	+	0	0	1629I90M66I	New.CleanUp.ReferenceOTU2614 EUK.Mock.1_5074	71176
H	5135	90	88.9	+	0	0	1633I90M69I	New.CleanUp.ReferenceOTU2614 EUK.Mock.1_5074	4269
H	7090	90	96.7	+	0	0	1644I90M66I	New.CleanUp.ReferenceOTU2616 EUK.Mock.1_75274	60815
H	8754	90	93.3	+	0	0	1646I90M67I	New.CleanUp.ReferenceOTU2616 EUK.Mock.1_75274	75157
H	10977	90	93.3	+	0	0	1588I90M23I	New.CleanUp.ReferenceOTU2616 EUK.Mock.1_75274	94743
H	8619	90	93.3	+	0	0	1564I90M59I	New.CleanUp.ReferenceOTU2616 EUK.Mock.1_75274	74011
L	8604	1858	*	*	*	*	*	73854	*
H	8604	90	91.1	+	0	0	1702I90M66I	New.CleanUp.ReferenceOTU2616 EUK.Mock.1_75274	73854
H	5866	90	90.0	+	0	0	1559I90M55I	New.CleanUp.ReferenceOTU2624 EUK.Mock.1_88434	49307
H	5437	90	90.0	+	0	0	1634I90M56I	New.CleanUp.ReferenceOTU2624 EUK.Mock.1_88434	45474
H	5135	90	92.2	+	0	0	1633I90M69I	New.CleanUp.ReferenceOTU2624 EUK.Mock.1_88434	4269
H	8635	90	90.0	+	0	0	1644I90M55I	New.CleanUp.ReferenceOTU2624 EUK.Mock.1_88434	74171
H	2906	90	91.1	+	0	0	1573I90M50I	New.CleanUp.ReferenceOTU2624 EUK.Mock.1_88434	23075
H	4934	90	94.4	+	0	0	1591I90M50I	New.CleanUp.ReferenceOTU2625 EUK.Mock.1_44752	40794
H	9284	90	94.4	+	0	0	1663I13MI77M67I	New.CleanUp.ReferenceOTU2625 EUK.Mock.1_44752	80038
H	854	90	93.3	+	0	0	1605I90M42I	New.CleanUp.ReferenceOTU2625 EUK.Mock.1_44752	10764
H	6170	90	93.3	+	0	0	1436I90M69I	New.CleanUp.ReferenceOTU2625 EUK.Mock.1_44752	52258
H	3447	90	92.2	+	0	0	1645I90M66I	New.CleanUp.ReferenceOTU2625 EUK.Mock.1_44752	27744
H	4934	90	96.7	+	0	0	1591I90M50I	New.CleanUp.ReferenceOTU2626 EUK.Mock.1_106909	40794
H	9284	90	96.7	+	0	0	1663I13MI77M67I	New.CleanUp.ReferenceOTU2626 EUK.Mock.1_106909	80038
H	854	90	95.6	+	0	0	1605I90M42I	New.CleanUp.ReferenceOTU2626 EUK.Mock.1_106909	10764
H	6170	90	95.6	+	0	0	1436I90M69I	New.CleanUp.ReferenceOTU2626 EUK.Mock.1_106909	52258
H	3447	90	94.4	+	0	0	1645I90M66I	New.CleanUp.ReferenceOTU2626 EUK.Mock.1_106909	27744
H	7017	81	96.3	+	0	0	2036I81M185I	New.CleanUp.ReferenceOTU2636 EUK.Mock.1_102460	60168
H	8108	81	96.3	+	0	0	1533I44MD36M80I	New.CleanUp.ReferenceOTU2636 EUK.Mock.1_102460	69613
H	6258	81	93.8	+	0	0	1708I81M80I	New.CleanUp.ReferenceOTU2636 EUK.Mock.1_102460	53047
H	465	81	95.1	+	0	0	1759I81M80I	New.CleanUp.ReferenceOTU2636 EUK.Mock.1_102460	104302
H	1313	81	95.1	+	0	0	1729I81M80I	New.CleanUp.ReferenceOTU2636 EUK.Mock.1_102460	111701
N	*	90	*	*	*	*	*	New.CleanUp.ReferenceOTU2638 EUK.Mock.1_87711	*
N	*	90	*	*	*	*	*	New.CleanUp.ReferenceOTU2646 EUK.Mock.1_107078	*
H	4934	90	96.7	+	0	0	1591I90M50I	New.CleanUp.ReferenceOTU2651 EUK.Mock.1_51849	40794
H	854	90	95.6	+	0	0	1605I90M42I	New.CleanUp.ReferenceOTU2651 EUK.Mock.1_51849	10764
H	6170	90	95.6	+	0	0	1436I90M69I	New.CleanUp.ReferenceOTU2651 EUK.Mock.1_51849	52258
H	3447	90	94.4	+	0	0	1645I90M66I	New.CleanUp.ReferenceOTU2651 EUK.Mock.1_51849	27744
H	10646	90	93.3	+	0	0	1646I90M41I	New.CleanUp.ReferenceOTU2651 EUK.Mock.1_51849	91684
H	5135	90	92.2	+	0	0	1633I90M69I	New.CleanUp.ReferenceOTU2656 EUK.Mock.1_89855	4269
H	5866	90	90.0	+	0	0	1559I90M55I	New.CleanUp.ReferenceOTU2656 EUK.Mock.1_89855	49307
H	8635	90	90.0	+	0	0	1644I90M55I	New.CleanUp.ReferenceOTU2656 EUK.Mock.1_89855	74171
H	5423	90	91.1	+	0	0	1602I90M39I	New.CleanUp.ReferenceOTU2656 EUK.Mock.1_89855	45376
H	2906	90	88.9	+	0	0	1573I90M50I	New.CleanUp.ReferenceOTU2656 EUK.Mock.1_89855	23075
N	*	90	*	*	*	*	*	New.CleanUp.ReferenceOTU2659 EUK.Mock.1_66904	*
H	8570	90	95.6	+	0	0	1668I51MI39M69I	New.CleanUp.ReferenceOTU2662 EUK.Mock.1_103192	73609
H	7688	90	95.6	+	0	0	1582I51MI39M584I	New.CleanUp.ReferenceOTU2662 EUK.Mock.1_103192	65995
H	564	90	90.0	+	0	0	1679I49MI41M59I	New.CleanUp.ReferenceOTU2662 EUK.Mock.1_103192	105083
H	9379	90	90.0	+	0	0	1675I51MI39M34I	New.CleanUp.ReferenceOTU2662 EUK.Mock.1_103192	80767
H	7681	90	86.7	+	0	0	1653I48MI42M53I	New.CleanUp.ReferenceOTU2662 EUK.Mock.1_103192	65940
H	5135	90	92.2	+	0	0	1633I90M69I	New.CleanUp.ReferenceOTU2665 EUK.Mock.1_104333	4269
H	5866	90	90.0	+	0	0	1559I90M55I	New.CleanUp.ReferenceOTU2665 EUK.Mock.1_104333	49307
H	5423	90	91.1	+	0	0	1602I90M39I	New.CleanUp.ReferenceOTU2665 EUK.Mock.1_104333	45376
H	8635	90	90.0	+	0	0	1644I90M55I	New.CleanUp.ReferenceOTU2665 EUK.Mock.1_104333	74171
H	2906	90	88.9	+	0	0	1573I90M50I	New.CleanUp.ReferenceOTU2665 EUK.Mock.1_104333	23075
H	4934	90	96.7	+	0	0	1591I90M50I	New.CleanUp.ReferenceOTU2667 EUK.Mock.1_8631	40794
H	6170	90	95.6	+	0	0	1436I90M69I	New.CleanUp.ReferenceOTU2667 EUK.Mock.1_8631	52258
H	9284	90	96.7	+	0	0	1663I13MI77M67I	New.CleanUp.ReferenceOTU2667 EUK.Mock.1_8631	80038
H	3447	90	94.4	+	0	0	1645I90M66I	New.CleanUp.ReferenceOTU2667 EUK.Mock.1_8631	27744
H	854	90	95.6	+	0	0	1605I90M42I	New.CleanUp.ReferenceOTU2667 EUK.Mock.1_8631	10764
H	6170	90	95.6	+	0	0	1436I90M69I	New.CleanUp.ReferenceOTU2673 EUK.Mock.1_58416	52258
H	4934	90	96.7	+	0	0	1591I90M50I	New.CleanUp.ReferenceOTU2673 EUK.Mock.1_58416	40794
H	3447	90	94.4	+	0	0	1645I90M66I	New.CleanUp.ReferenceOTU2673 EUK.Mock.1_58416	27744
H	854	90	95.6	+	0	0	1605I90M42I	New.CleanUp.ReferenceOTU2673 EUK.Mock.1_58416	10764
H	3878	90	92.2	+	0	0	1629I50MD39M156I	New.CleanUp.ReferenceOTU2673 EUK.Mock.1_58416	31618
H	4934	90	95.6	+	0	0	1591I90M50I	New.CleanUp.ReferenceOTU2674 EUK.Mock.1_26733	40794
H	854	90	94.4	+	0	0	1605I90M42I	New.CleanUp.ReferenceOTU2674 EUK.Mock.1_26733	10764
H	9284	90	95.6	+	0	0	1663I13MI77M67I	New.CleanUp.ReferenceOTU2674 EUK.Mock.1_26733	80038
H	6170	90	94.4	+	0	0	1436I90M69I	New.CleanUp.ReferenceOTU2674 EUK.Mock.1_26733	52258
H	3447	90	93.3	+	0	0	1645I90M66I	New.CleanUp.ReferenceOTU2674 EUK.Mock.1_26733	27744
H	3447	73	94.5	+	0	0	1645I73M83I	New.CleanUp.ReferenceOTU2684 EUK.Mock.1_47689	27744
H	4934	73	94.5	+	0	0	1591I73M67I	New.CleanUp.ReferenceOTU2684 EUK.Mock.1_47689	40794
H	6170	73	94.5	+	0	0	1436I73M86I	New.CleanUp.ReferenceOTU2684 EUK.Mock.1_47689	52258
H	854	73	94.5	+	0	0	1605I73M59I	New.CleanUp.ReferenceOTU2684 EUK.Mock.1_47689	10764
H	3878	73	93.2	+	0	0	1629I54MD18M173I	New.CleanUp.ReferenceOTU2684 EUK.Mock.1_47689	31618
H	88	90	96.7	+	0	0	1111I90M69I	New.CleanUp.ReferenceOTU2685 EUK.Mock.1_26608	10084
H	279	90	95.6	+	0	0	1595I90M32I	New.CleanUp.ReferenceOTU2685 EUK.Mock.1_26608	102447
H	4441	90	94.4	+	0	0	1641I90M66I	New.CleanUp.ReferenceOTU2685 EUK.Mock.1_26608	36554
H	4197	90	95.6	+	0	0	1637I90M64I	New.CleanUp.ReferenceOTU2685 EUK.Mock.1_26608	34288
H	3527	90	94.4	+	0	0	1659I90M86I	New.CleanUp.ReferenceOTU2685 EUK.Mock.1_26608	28521
H	5135	90	94.4	+	0	0	1633I90M69I	New.CleanUp.ReferenceOTU2686 EUK.Mock.1_64774	4269
H	5866	90	92.2	+	0	0	1559I90M55I	New.CleanUp.ReferenceOTU2686 EUK.Mock.1_64774	49307
H	5423	90	93.3	+	0	0	1602I90M39I	New.CleanUp.ReferenceOTU2686 EUK.Mock.1_64774	45376
H	8635	90	92.2	+	0	0	1644I90M55I	New.CleanUp.ReferenceOTU2686 EUK.Mock.1_64774	74171
H	2906	90	91.1	+	0	0	1573I90M50I	New.CleanUp.ReferenceOTU2686 EUK.Mock.1_64774	23075
H	7688	84	95.2	+	0	0	1582I84M591I	New.CleanUp.ReferenceOTU2687 EUK.Mock.1_71089	65995
H	8570	84	95.2	+	0	0	1668I84M76I	New.CleanUp.ReferenceOTU2687 EUK.Mock.1_71089	73609
H	564	84	89.3	+	0	0	1679I84M66I	New.CleanUp.ReferenceOTU2687 EUK.Mock.1_71089	105083
H	9760	84	91.7	+	0	0	1657I84MI	New.CleanUp.ReferenceOTU2687 EUK.Mock.1_71089	8379
H	9379	84	90.5	+	0	0	1675I84M41I	New.CleanUp.ReferenceOTU2687 EUK.Mock.1_71089	80767
H	3034	90	92.2	+	0	0	1646I90M66I	New.CleanUp.ReferenceOTU2688 EUK.Mock.1_40016	24055
H	4038	90	90.0	+	0	0	1617I90M34I	New.CleanUp.ReferenceOTU2688 EUK.Mock.1_40016	3287
H	7123	90	93.3	+	0	0	1549I90M12I	New.CleanUp.ReferenceOTU2688 EUK.Mock.1_40016	61087
H	4634	90	93.3	+	0	0	1598I90M51I	New.CleanUp.ReferenceOTU2688 EUK.Mock.1_40016	38113
H	7185	90	92.2	+	0	0	1649I90M69I	New.CleanUp.ReferenceOTU2688 EUK.Mock.1_40016	61571
H	5135	90	92.2	+	0	0	1633I90M69I	New.CleanUp.ReferenceOTU2690 EUK.Mock.1_3636	4269
H	5866	90	90.0	+	0	0	1559I90M55I	New.CleanUp.ReferenceOTU2690 EUK.Mock.1_3636	49307
H	5423	90	91.1	+	0	0	1602I90M39I	New.CleanUp.ReferenceOTU2690 EUK.Mock.1_3636	45376
H	8635	90	90.0	+	0	0	1644I90M55I	New.CleanUp.ReferenceOTU2690 EUK.Mock.1_3636	74171
H	2906	90	88.9	+	0	0	1573I90M50I	New.CleanUp.ReferenceOTU2690 EUK.Mock.1_3636	23075
H	7090	90	96.7	+	0	0	1644I90M66I	New.CleanUp.ReferenceOTU2696 EUK.Mock.1_38161	60815
H	8619	90	93.3	+	0	0	1564I90M59I	New.CleanUp.ReferenceOTU2696 EUK.Mock.1_38161	74011
H	8817	90	94.4	+	0	0	1616I63MI16MI11M33I	New.CleanUp.ReferenceOTU2696 EUK.Mock.1_38161	75599
H	8754	90	92.2	+	0	0	1646I90M67I	New.CleanUp.ReferenceOTU2696 EUK.Mock.1_38161	75157
H	2803	90	93.3	+	0	0	1562I90M34I	New.CleanUp.ReferenceOTU2696 EUK.Mock.1_38161	22189
H	4934	90	96.7	+	0	0	1591I90M50I	New.CleanUp.ReferenceOTU27 EUK.Mock.1_26436	40794
H	6170	90	95.6	+	0	0	1436I90M69I	New.CleanUp.ReferenceOTU27 EUK.Mock.1_26436	52258
H	854	90	95.6	+	0	0	1605I90M42I	New.CleanUp.ReferenceOTU27 EUK.Mock.1_26436	10764
H	3447	90	94.4	+	0	0	1645I90M66I	New.CleanUp.ReferenceOTU27 EUK.Mock.1_26436	27744
H	9284	90	96.7	+	0	0	1663I13MI77M67I	New.CleanUp.ReferenceOTU27 EUK.Mock.1_26436	80038
H	8570	90	96.7	+	0	0	1668I90M70I	New.CleanUp.ReferenceOTU270 EUK.Mock.1_99365	73609
H	7688	90	96.7	+	0	0	1582I90M585I	New.CleanUp.ReferenceOTU270 EUK.Mock.1_99365	65995
H	9760	90	86.7	+	0	0	1657I85M5D	New.CleanUp.ReferenceOTU270 EUK.Mock.1_99365	8379
H	9379	90	91.1	+	0	0	1675I90M35I	New.CleanUp.ReferenceOTU270 EUK.Mock.1_99365	80767
H	564	90	91.1	+	0	0	1679I90M60I	New.CleanUp.ReferenceOTU270 EUK.Mock.1_99365	105083
H	4934	90	95.6	+	0	0	1591I90M50I	New.CleanUp.ReferenceOTU2701 EUK.Mock.1_106576	40794
H	854	90	94.4	+	0	0	1605I90M42I	New.CleanUp.ReferenceOTU2701 EUK.Mock.1_106576	10764
H	3447	90	95.6	+	0	0	1645I90M66I	New.CleanUp.ReferenceOTU2701 EUK.Mock.1_106576	27744
H	9284	90	95.6	+	0	0	1663I13MI77M67I	New.CleanUp.ReferenceOTU2701 EUK.Mock.1_106576	80038
H	6170	90	94.4	+	0	0	1436I90M69I	New.CleanUp.ReferenceOTU2701 EUK.Mock.1_106576	52258
H	5135	90	92.2	+	0	0	1633I90M69I	New.CleanUp.ReferenceOTU2702 EUK.Mock.1_4651	4269
H	5866	90	90.0	+	0	0	1559I90M55I	New.CleanUp.ReferenceOTU2702 EUK.Mock.1_4651	49307
H	5423	90	91.1	+	0	0	1602I90M39I	New.CleanUp.ReferenceOTU2702 EUK.Mock.1_4651	45376
H	8635	90	90.0	+	0	0	1644I90M55I	New.CleanUp.ReferenceOTU2702 EUK.Mock.1_4651	74171
H	2906	90	88.9	+	0	0	1573I90M50I	New.CleanUp.ReferenceOTU2702 EUK.Mock.1_4651	23075
H	8570	90	95.6	+	0	0	1668I90M70I	New.CleanUp.ReferenceOTU2704 EUK.Mock.1_91922	73609
H	7688	90	95.6	+	0	0	1582I90M585I	New.CleanUp.ReferenceOTU2704 EUK.Mock.1_91922	65995
H	564	90	90.0	+	0	0	1679I90M60I	New.CleanUp.ReferenceOTU2704 EUK.Mock.1_91922	105083
H	9379	90	90.0	+	0	0	1675I90M35I	New.CleanUp.ReferenceOTU2704 EUK.Mock.1_91922	80767
H	4314	90	85.6	+	0	0	1647I90M41I	New.CleanUp.ReferenceOTU2704 EUK.Mock.1_91922	354
H	4934	84	96.4	+	0	0	1591I84M56I	New.CleanUp.ReferenceOTU2708 EUK.Mock.1_107183	40794
H	9284	84	96.4	+	0	0	1663I13MI71M73I	New.CleanUp.ReferenceOTU2708 EUK.Mock.1_107183	80038
H	854	84	95.2	+	0	0	1605I84M48I	New.CleanUp.ReferenceOTU2708 EUK.Mock.1_107183	10764
H	3447	84	94.0	+	0	0	1645I84M72I	New.CleanUp.ReferenceOTU2708 EUK.Mock.1_107183	27744
H	6170	84	95.2	+	0	0	1436I84M75I	New.CleanUp.ReferenceOTU2708 EUK.Mock.1_107183	52258
N	*	90	*	*	*	*	*	New.CleanUp.ReferenceOTU271 EUK.Mock.1_73560	*
H	4934	90	96.7	+	0	0	1591I90M50I	New.CleanUp.ReferenceOTU2714 EUK.Mock.1_47657	40794
H	9284	90	96.7	+	0	0	1663I13MI77M67I	New.CleanUp.ReferenceOTU2714 EUK.Mock.1_47657	80038
H	854	90	95.6	+	0	0	1605I90M42I	New.CleanUp.ReferenceOTU2714 EUK.Mock.1_47657	10764
H	6170	90	95.6	+	0	0	1436I90M69I	New.CleanUp.ReferenceOTU2714 EUK.Mock.1_47657	52258
H	3447	90	94.4	+	0	0	1645I90M66I	New.CleanUp.ReferenceOTU2714 EUK.Mock.1_47657	27744
H	4934	83	96.4	+	0	0	1591I83M57I	New.CleanUp.ReferenceOTU2716 EUK.Mock.1_86691	40794
H	854	83	95.2	+	0	0	1605I83M49I	New.CleanUp.ReferenceOTU2716 EUK.Mock.1_86691	10764
H	6170	83	95.2	+	0	0	1436I83M76I	New.CleanUp.ReferenceOTU2716 EUK.Mock.1_86691	52258
H	3878	83	94.0	+	0	0	1629I50MD32M163I	New.CleanUp.ReferenceOTU2716 EUK.Mock.1_86691	31618
H	3447	83	95.2	+	0	0	1645I83M73I	New.CleanUp.ReferenceOTU2716 EUK.Mock.1_86691	27744
H	8570	90	95.6	+	0	0	1668I90M70I	New.CleanUp.ReferenceOTU272 EUK.Mock.1_19576	73609
H	7688	90	95.6	+	0	0	1582I90M585I	New.CleanUp.ReferenceOTU272 EUK.Mock.1_19576	65995
H	564	90	90.0	+	0	0	1679I90M60I	New.CleanUp.ReferenceOTU272 EUK.Mock.1_19576	105083
H	6400	90	86.7	+	0	0	1680I90M68I	New.CleanUp.ReferenceOTU272 EUK.Mock.1_19576	54274
H	9379	90	90.0	+	0	0	1675I90M35I	New.CleanUp.ReferenceOTU272 EUK.Mock.1_19576	80767
H	7760	90	94.4	+	0	0	1279I90M35I	New.CleanUp.ReferenceOTU2721 EUK.Mock.1_26192	66673
H	4863	90	94.4	+	0	0	1251I90M35I	New.CleanUp.ReferenceOTU2721 EUK.Mock.1_26192	40103
H	3103	90	93.3	+	0	0	1290I90M34I	New.CleanUp.ReferenceOTU2721 EUK.Mock.1_26192	2467
H	10834	90	86.7	+	0	0	1683I90M70I	New.CleanUp.ReferenceOTU2721 EUK.Mock.1_26192	93246
H	10123	90	73.3	+	0	0	1622I38MI6M10I10M2I36M33I	New.CleanUp.ReferenceOTU2721 EUK.Mock.1_26192	87028
H	3171	90	96.7	+	0	0	1626I90M65I	New.CleanUp.ReferenceOTU2722 EUK.Mock.1_26193	25160
H	7875	90	93.3	+	0	0	1592I45MI19MI26M64I	New.CleanUp.ReferenceOTU2722 EUK.Mock.1_26193	67609
H	11143	90	92.2	+	0	0	1591I45MI20MI25M63I	New.CleanUp.ReferenceOTU2722 EUK.Mock.1_26193	96234
H	2726	90	92.2	+	0	0	1589I45MI20MI25M63I	New.CleanUp.ReferenceOTU2722 EUK.Mock.1_26193	21485
H	7503	90	91.1	+	0	0	1585I90M64I	New.CleanUp.ReferenceOTU2722 EUK.Mock.1_26193	64286
H	4934	82	96.3	+	0	0	1591I48MI34M57I	New.CleanUp.ReferenceOTU2723 EUK.Mock.1_99986	40794
H	854	82	95.1	+	0	0	1605I48MI34M49I	New.CleanUp.ReferenceOTU2723 EUK.Mock.1_99986	10764
H	3447	82	95.1	+	0	0	1645I48MI34M73I	New.CleanUp.ReferenceOTU2723 EUK.Mock.1_99986	27744
H	6170	82	95.1	+	0	0	1436I48MI34M76I	New.CleanUp.ReferenceOTU2723 EUK.Mock.1_99986	52258
H	9284	82	96.3	+	0	0	1663I13MI36MI33M74I	New.CleanUp.ReferenceOTU2723 EUK.Mock.1_99986	80038
H	8570	90	96.7	+	0	0	1668I90M70I	New.CleanUp.ReferenceOTU2725 EUK.Mock.1_100425	73609
H	7688	90	96.7	+	0	0	1582I90M585I	New.CleanUp.ReferenceOTU2725 EUK.Mock.1_100425	65995
H	564	90	91.1	+	0	0	1679I90M60I	New.CleanUp.ReferenceOTU2725 EUK.Mock.1_100425	105083
H	9379	90	91.1	+	0	0	1675I90M35I	New.CleanUp.ReferenceOTU2725 EUK.Mock.1_100425	80767
H	6400	90	86.7	+	0	0	1680I90M68I	New.CleanUp.ReferenceOTU2725 EUK.Mock.1_100425	54274
H	4863	69	94.2	+	0	0	1251I69M56I	New.CleanUp.ReferenceOTU2726 EUK.Mock.1_98151	40103
H	7760	69	94.2	+	0	0	1279I69M56I	New.CleanUp.ReferenceOTU2726 EUK.Mock.1_98151	66673
H	3103	69	92.8	+	0	0	1290I69M55I	New.CleanUp.ReferenceOTU2726 EUK.Mock.1_98151	2467
L	4071	1715	*	*	*	*	*	3318	*
H	4071	69	73.9	+	0	0	1584I59M9I10M53I	New.CleanUp.ReferenceOTU2726 EUK.Mock.1_98151	3318
L	5515	1703	*	*	*	*	*	46077	*
H	5515	69	72.5	+	0	0	1572I69M62I	New.CleanUp.ReferenceOTU2726 EUK.Mock.1_98151	46077
H	4934	90	95.6	+	0	0	1591I90M50I	New.CleanUp.ReferenceOTU2729 EUK.Mock.1_83888	40794
H	6170	90	94.4	+	0	0	1436I90M69I	New.CleanUp.ReferenceOTU2729 EUK.Mock.1_83888	52258
H	9284	90	95.6	+	0	0	1663I13MI77M67I	New.CleanUp.ReferenceOTU2729 EUK.Mock.1_83888	80038
H	854	90	94.4	+	0	0	1605I90M42I	New.CleanUp.ReferenceOTU2729 EUK.Mock.1_83888	10764
H	10646	90	92.2	+	0	0	1646I90M41I	New.CleanUp.ReferenceOTU2729 EUK.Mock.1_83888	91684
H	4934	90	96.7	+	0	0	1591I90M50I	New.CleanUp.ReferenceOTU2732 EUK.Mock.1_80619	40794
H	9284	90	96.7	+	0	0	1663I13MI77M67I	New.CleanUp.ReferenceOTU2732 EUK.Mock.1_80619	80038
H	854	90	95.6	+	0	0	1605I90M42I	New.CleanUp.ReferenceOTU2732 EUK.Mock.1_80619	10764
H	6170	90	95.6	+	0	0	1436I90M69I	New.CleanUp.ReferenceOTU2732 EUK.Mock.1_80619	52258
H	3447	90	94.4	+	0	0	1645I90M66I	New.CleanUp.ReferenceOTU2732 EUK.Mock.1_80619	27744
H	7688	90	96.7	+	0	0	1582I90M585I	New.CleanUp.ReferenceOTU2734 EUK.Mock.1_63988	65995
H	8570	90	96.7	+	0	0	1668I90M70I	New.CleanUp.ReferenceOTU2734 EUK.Mock.1_63988	73609
H	564	90	91.1	+	0	0	1679I90M60I	New.CleanUp.ReferenceOTU2734 EUK.Mock.1_63988	105083
H	9379	90	91.1	+	0	0	1675I90M35I	New.CleanUp.ReferenceOTU2734 EUK.Mock.1_63988	80767
H	8790	90	90.0	+	0	0	1630I90M30I	New.CleanUp.ReferenceOTU2734 EUK.Mock.1_63988	75440
H	7123	90	95.6	+	0	0	1549I90M12I	New.CleanUp.ReferenceOTU2739 EUK.Mock.1_107234	61087
H	7185	90	94.4	+	0	0	1649I90M69I	New.CleanUp.ReferenceOTU2739 EUK.Mock.1_107234	61571
H	4634	90	95.6	+	0	0	1598I90M51I	New.CleanUp.ReferenceOTU2739 EUK.Mock.1_107234	38113
H	3034	90	94.4	+	0	0	1646I90M66I	New.CleanUp.ReferenceOTU2739 EUK.Mock.1_107234	24055
H	9246	90	94.4	+	0	0	1549I90M12I	New.CleanUp.ReferenceOTU2739 EUK.Mock.1_107234	79610
H	3171	90	96.7	+	0	0	1626I90M65I	New.CleanUp.ReferenceOTU2740 EUK.Mock.1_100516	25160
H	8717	90	92.2	+	0	0	1594I47MI16MI27M67I	New.CleanUp.ReferenceOTU2740 EUK.Mock.1_100516	74829
H	11143	90	91.1	+	0	0	1591I45MI20MI25M63I	New.CleanUp.ReferenceOTU2740 EUK.Mock.1_100516	96234
H	2726	90	92.2	+	0	0	1589I45MI20MI25M63I	New.CleanUp.ReferenceOTU2740 EUK.Mock.1_100516	21485
H	7875	90	93.3	+	0	0	1592I45MI19MI26M64I	New.CleanUp.ReferenceOTU2740 EUK.Mock.1_100516	67609
H	7688	90	96.7	+	0	0	1582I90M585I	New.CleanUp.ReferenceOTU2742 EUK.Mock.1_40052	65995
H	8570	90	96.7	+	0	0	1668I90M70I	New.CleanUp.ReferenceOTU2742 EUK.Mock.1_40052	73609
H	564	90	91.1	+	0	0	1679I90M60I	New.CleanUp.ReferenceOTU2742 EUK.Mock.1_40052	105083
H	9379	90	91.1	+	0	0	1675I90M35I	New.CleanUp.ReferenceOTU2742 EUK.Mock.1_40052	80767
H	4314	90	86.7	+	0	0	1647I90M41I	New.CleanUp.ReferenceOTU2742 EUK.Mock.1_40052	354
H	11256	90	95.6	+	0	0	1391I90M72I	New.CleanUp.ReferenceOTU2743 EUK.Mock.1_23100	97289
H	9506	90	95.6	+	0	0	1632I90M75I	New.CleanUp.ReferenceOTU2743 EUK.Mock.1_23100	81821
H	5603	90	73.3	+	0	0	1633I37M2D22MD28M58I	New.CleanUp.ReferenceOTU2743 EUK.Mock.1_23100	46764
H	3171	90	97.8	+	0	0	1626I90M65I	New.CleanUp.ReferenceOTU2744 EUK.Mock.1_57520	25160
H	8717	90	93.3	+	0	0	1594I47MI16MI27M67I	New.CleanUp.ReferenceOTU2744 EUK.Mock.1_57520	74829
H	7875	90	94.4	+	0	0	1592I45MI19MI26M64I	New.CleanUp.ReferenceOTU2744 EUK.Mock.1_57520	67609
H	2726	90	93.3	+	0	0	1589I45MI20MI25M63I	New.CleanUp.ReferenceOTU2744 EUK.Mock.1_57520	21485
H	7503	90	90.0	+	0	0	1585I90M64I	New.CleanUp.ReferenceOTU2744 EUK.Mock.1_57520	64286
H	5135	90	92.2	+	0	0	1633I90M69I	New.CleanUp.ReferenceOTU2745 EUK.Mock.1_76334	4269
H	5866	90	90.0	+	0	0	1559I90M55I	New.CleanUp.ReferenceOTU2745 EUK.Mock.1_76334	49307
H	8293	90	88.9	+	0	0	1629I90M66I	New.CleanUp.ReferenceOTU2745 EUK.Mock.1_76334	71176
H	11182	90	90.0	+	0	0	1644I90M69I	New.CleanUp.ReferenceOTU2745 EUK.Mock.1_76334	96648
H	1905	90	88.9	+	0	0	1590I60MD29M336I	New.CleanUp.ReferenceOTU2745 EUK.Mock.1_76334	14030
H	4934	90	90.0	+	0	0	1591I90M50I	New.CleanUp.ReferenceOTU2747 EUK.Mock.1_26469	40794
H	10646	90	87.8	+	0	0	1646I90M41I	New.CleanUp.ReferenceOTU2747 EUK.Mock.1_26469	91684
H	854	90	88.9	+	0	0	1605I90M42I	New.CleanUp.ReferenceOTU2747 EUK.Mock.1_26469	10764
H	6170	90	88.9	+	0	0	1436I90M69I	New.CleanUp.ReferenceOTU2747 EUK.Mock.1_26469	52258
H	3447	90	88.9	+	0	0	1645I90M66I	New.CleanUp.ReferenceOTU2747 EUK.Mock.1_26469	27744
H	5135	90	93.3	+	0	0	1633I90M69I	New.CleanUp.ReferenceOTU2748 EUK.Mock.1_1949	4269
H	5866	90	91.1	+	0	0	1559I90M55I	New.CleanUp.ReferenceOTU2748 EUK.Mock.1_1949	49307
H	8635	90	91.1	+	0	0	1644I90M55I	New.CleanUp.ReferenceOTU2748 EUK.Mock.1_1949	74171
H	2906	90	90.0	+	0	0	1573I90M50I	New.CleanUp.ReferenceOTU2748 EUK.Mock.1_1949	23075
H	5437	90	88.9	+	0	0	1634I90M56I	New.CleanUp.ReferenceOTU2748 EUK.Mock.1_1949	45474
H	5135	90	92.2	+	0	0	1633I90M69I	New.CleanUp.ReferenceOTU2749 EUK.Mock.1_29084	4269
H	5866	90	90.0	+	0	0	1559I90M55I	New.CleanUp.ReferenceOTU2749 EUK.Mock.1_29084	49307
H	5423	90	91.1	+	0	0	1602I90M39I	New.CleanUp.ReferenceOTU2749 EUK.Mock.1_29084	45376
H	9443	90	88.9	+	0	0	1592I90M50I	New.CleanUp.ReferenceOTU2749 EUK.Mock.1_29084	81305
H	8635	90	90.0	+	0	0	1644I90M55I	New.CleanUp.ReferenceOTU2749 EUK.Mock.1_29084	74171
N	*	90	*	*	*	*	*	New.CleanUp.ReferenceOTU2754 EUK.Mock.1_57457	*
H	3171	90	97.8	+	0	0	1626I90M65I	New.CleanUp.ReferenceOTU2755 EUK.Mock.1_82149	25160
H	8717	90	93.3	+	0	0	1594I47MI16MI27M67I	New.CleanUp.ReferenceOTU2755 EUK.Mock.1_82149	74829
H	2726	90	93.3	+	0	0	1589I45MI20MI25M63I	New.CleanUp.ReferenceOTU2755 EUK.Mock.1_82149	21485
H	11143	90	93.3	+	0	0	1591I45MI20MI25M63I	New.CleanUp.ReferenceOTU2755 EUK.Mock.1_82149	96234
H	7875	90	94.4	+	0	0	1592I45MI19MI26M64I	New.CleanUp.ReferenceOTU2755 EUK.Mock.1_82149	67609
N	*	90	*	*	*	*	*	New.CleanUp.ReferenceOTU2758 EUK.Mock.1_103212	*
H	4934	90	96.7	+	0	0	1591I90M50I	New.CleanUp.ReferenceOTU2760 EUK.Mock.1_103211	40794
H	9284	90	96.7	+	0	0	1663I13MI77M67I	New.CleanUp.ReferenceOTU2760 EUK.Mock.1_103211	80038
H	6170	90	95.6	+	0	0	1436I90M69I	New.CleanUp.ReferenceOTU2760 EUK.Mock.1_103211	52258
H	854	90	95.6	+	0	0	1605I90M42I	New.CleanUp.ReferenceOTU2760 EUK.Mock.1_103211	10764
H	3447	90	94.4	+	0	0	1645I90M66I	New.CleanUp.ReferenceOTU2760 EUK.Mock.1_103211	27744
H	4934	90	92.2	+	0	0	1591I90M50I	New.CleanUp.ReferenceOTU2762 EUK.Mock.1_91995	40794
H	9284	90	92.2	+	0	0	1663I13MI77M67I	New.CleanUp.ReferenceOTU2762 EUK.Mock.1_91995	80038
H	6170	90	91.1	+	0	0	1436I90M69I	New.CleanUp.ReferenceOTU2762 EUK.Mock.1_91995	52258
H	854	90	91.1	+	0	0	1605I90M42I	New.CleanUp.ReferenceOTU2762 EUK.Mock.1_91995	10764
H	217	90	80.0	+	0	0	1644I90M65I	New.CleanUp.ReferenceOTU2762 EUK.Mock.1_91995	102041
H	8570	69	94.2	+	0	0	1668I69M91I	New.CleanUp.ReferenceOTU2771 EUK.Mock.1_108401	73609
H	7688	69	94.2	+	0	0	1582I69M606I	New.CleanUp.ReferenceOTU2771 EUK.Mock.1_108401	65995
H	564	69	87.0	+	0	0	1679I69M81I	New.CleanUp.ReferenceOTU2771 EUK.Mock.1_108401	105083
H	5531	69	75.4	+	0	0	1657I37M2D30M90I	New.CleanUp.ReferenceOTU2771 EUK.Mock.1_108401	46185
H	8790	69	87.0	+	0	0	1630I69M51I	New.CleanUp.ReferenceOTU2771 EUK.Mock.1_108401	75440
H	5423	90	91.1	+	0	0	1602I90M39I	New.CleanUp.ReferenceOTU2772 EUK.Mock.1_98798	45376
H	5135	90	92.2	+	0	0	1633I90M69I	New.CleanUp.ReferenceOTU2772 EUK.Mock.1_98798	4269
H	5866	90	90.0	+	0	0	1559I90M55I	New.CleanUp.ReferenceOTU2772 EUK.Mock.1_98798	49307
H	9443	90	88.9	+	0	0	1592I90M50I	New.CleanUp.ReferenceOTU2772 EUK.Mock.1_98798	81305
H	8635	90	90.0	+	0	0	1644I90M55I	New.CleanUp.ReferenceOTU2772 EUK.Mock.1_98798	74171
H	4934	90	95.6	+	0	0	1591I90M50I	New.CleanUp.ReferenceOTU2783 EUK.Mock.1_22509	40794
H	9284	90	95.6	+	0	0	1663I13MI77M67I	New.CleanUp.ReferenceOTU2783 EUK.Mock.1_22509	80038
H	6170	90	94.4	+	0	0	1436I90M69I	New.CleanUp.ReferenceOTU2783 EUK.Mock.1_22509	52258
H	854	90	94.4	+	0	0	1605I90M42I	New.CleanUp.ReferenceOTU2783 EUK.Mock.1_22509	10764
H	3447	90	93.3	+	0	0	1645I90M66I	New.CleanUp.ReferenceOTU2783 EUK.Mock.1_22509	27744
H	4934	85	89.4	+	0	0	1591I85M55I	New.CleanUp.ReferenceOTU2788 EUK.Mock.1_22501	40794
H	2721	85	76.5	+	0	0	1620I85M65I	New.CleanUp.ReferenceOTU2788 EUK.Mock.1_22501	21436
H	3931	85	76.5	+	0	0	1596I85M56I	New.CleanUp.ReferenceOTU2788 EUK.Mock.1_22501	32013
H	4596	85	74.1	+	0	0	1623I85M56I	New.CleanUp.ReferenceOTU2788 EUK.Mock.1_22501	37746
H	217	85	74.1	+	0	0	1644I85M70I	New.CleanUp.ReferenceOTU2788 EUK.Mock.1_22501	102041
H	4934	90	96.7	+	0	0	1591I90M50I	New.CleanUp.ReferenceOTU2792 EUK.Mock.1_69590	40794
H	854	90	95.6	+	0	0	1605I90M42I	New.CleanUp.ReferenceOTU2792 EUK.Mock.1_69590	10764
H	9284	90	96.7	+	0	0	1663I13MI77M67I	New.CleanUp.ReferenceOTU2792 EUK.Mock.1_69590	80038
H	3447	90	94.4	+	0	0	1645I90M66I	New.CleanUp.ReferenceOTU2792 EUK.Mock.1_69590	27744
H	6170	90	95.6	+	0	0	1436I90M69I	New.CleanUp.ReferenceOTU2792 EUK.Mock.1_69590	52258
H	4934	90	95.6	+	0	0	1591I90M50I	New.CleanUp.ReferenceOTU2795 EUK.Mock.1_85247	40794
H	9284	90	95.6	+	0	0	1663I13MI77M67I	New.CleanUp.ReferenceOTU2795 EUK.Mock.1_85247	80038
H	854	90	94.4	+	0	0	1605I90M42I	New.CleanUp.ReferenceOTU2795 EUK.Mock.1_85247	10764
H	6170	90	94.4	+	0	0	1436I90M69I	New.CleanUp.ReferenceOTU2795 EUK.Mock.1_85247	52258
H	3447	90	93.3	+	0	0	1645I90M66I	New.CleanUp.ReferenceOTU2795 EUK.Mock.1_85247	27744
H	279	90	88.9	+	0	0	1595I90M32I	New.CleanUp.ReferenceOTU2796 EUK.Mock.1_82415	102447
H	88	90	87.8	+	0	0	1111I90M69I	New.CleanUp.ReferenceOTU2796 EUK.Mock.1_82415	10084
H	5770	90	87.8	+	0	0	1620I90M28I	New.CleanUp.ReferenceOTU2796 EUK.Mock.1_82415	48184
H	818	90	84.4	+	0	0	1947I87M3D	New.CleanUp.ReferenceOTU2796 EUK.Mock.1_82415	107387
H	4318	90	81.1	+	0	0	1987I86M4D	New.CleanUp.ReferenceOTU2796 EUK.Mock.1_82415	35477
H	88	90	95.6	+	0	0	1111I90M69I	New.CleanUp.ReferenceOTU2798 EUK.Mock.1_85808	10084
H	10251	90	94.4	+	0	0	1592I90M66I	New.CleanUp.ReferenceOTU2798 EUK.Mock.1_85808	88322
H	2662	90	94.4	+	0	0	1624I90M58I	New.CleanUp.ReferenceOTU2798 EUK.Mock.1_85808	20910
H	4197	90	94.4	+	0	0	1637I90M64I	New.CleanUp.ReferenceOTU2798 EUK.Mock.1_85808	34288
H	818	90	91.1	+	0	0	1947I87M3D	New.CleanUp.ReferenceOTU2798 EUK.Mock.1_85808	107387
H	7760	69	89.9	+	0	0	1279I69M56I	New.CleanUp.ReferenceOTU2799 EUK.Mock.1_61461	66673
H	4863	69	89.9	+	0	0	1251I69M56I	New.CleanUp.ReferenceOTU2799 EUK.Mock.1_61461	40103
H	3103	69	88.4	+	0	0	1290I69M55I	New.CleanUp.ReferenceOTU2799 EUK.Mock.1_61461	2467
L	9160	1712	*	*	*	*	*	78838	*
H	9160	69	73.9	+	0	0	1581I39M6D24M68I	New.CleanUp.ReferenceOTU2799 EUK.Mock.1_61461	78838
H	4071	69	71.0	+	0	0	1584I39M6D24M68I	New.CleanUp.ReferenceOTU2799 EUK.Mock.1_61461	3318
H	7688	90	96.7	+	0	0	1582I90M585I	New.CleanUp.ReferenceOTU2804 EUK.Mock.1_102923	65995
H	8570	90	96.7	+	0	0	1668I90M70I	New.CleanUp.ReferenceOTU2804 EUK.Mock.1_102923	73609
H	564	90	91.1	+	0	0	1679I90M60I	New.CleanUp.ReferenceOTU2804 EUK.Mock.1_102923	105083
H	9379	90	91.1	+	0	0	1675I90M35I	New.CleanUp.ReferenceOTU2804 EUK.Mock.1_102923	80767
H	9760	90	86.7	+	0	0	1657I85M5D	New.CleanUp.ReferenceOTU2804 EUK.Mock.1_102923	8379
H	7688	90	96.7	+	0	0	1582I90M585I	New.CleanUp.ReferenceOTU2808 EUK.Mock.1_103437	65995
H	8570	90	96.7	+	0	0	1668I90M70I	New.CleanUp.ReferenceOTU2808 EUK.Mock.1_103437	73609
H	564	90	91.1	+	0	0	1679I90M60I	New.CleanUp.ReferenceOTU2808 EUK.Mock.1_103437	105083
H	4314	90	86.7	+	0	0	1647I90M41I	New.CleanUp.ReferenceOTU2808 EUK.Mock.1_103437	354
H	9105	90	87.8	+	0	0	1635I90M37I	New.CleanUp.ReferenceOTU2808 EUK.Mock.1_103437	78322
H	7688	90	96.7	+	0	0	1582I90M585I	New.CleanUp.ReferenceOTU2814 EUK.Mock.1_89031	65995
H	8570	90	96.7	+	0	0	1668I90M70I	New.CleanUp.ReferenceOTU2814 EUK.Mock.1_89031	73609
H	564	90	92.2	+	0	0	1679I90M60I	New.CleanUp.ReferenceOTU2814 EUK.Mock.1_89031	105083
H	9379	90	91.1	+	0	0	1675I90M35I	New.CleanUp.ReferenceOTU2814 EUK.Mock.1_89031	80767
H	4314	90	87.8	+	0	0	1647I90M41I	New.CleanUp.ReferenceOTU2814 EUK.Mock.1_89031	354
H	4934	86	96.5	+	0	0	1591I86M54I	New.CleanUp.ReferenceOTU2816 EUK.Mock.1_103383	40794
H	854	86	95.3	+	0	0	1605I86M46I	New.CleanUp.ReferenceOTU2816 EUK.Mock.1_103383	10764
H	3447	86	94.2	+	0	0	1645I86M70I	New.CleanUp.ReferenceOTU2816 EUK.Mock.1_103383	27744
H	6170	86	95.3	+	0	0	1436I86M73I	New.CleanUp.ReferenceOTU2816 EUK.Mock.1_103383	52258
H	9284	86	96.5	+	0	0	1663I13MI73M71I	New.CleanUp.ReferenceOTU2816 EUK.Mock.1_103383	80038
H	7760	90	96.7	+	0	0	1279I90M35I	New.CleanUp.ReferenceOTU2820 EUK.Mock.1_74073	66673
H	4863	90	96.7	+	0	0	1251I90M35I	New.CleanUp.ReferenceOTU2820 EUK.Mock.1_74073	40103
H	3103	90	95.6	+	0	0	1290I90M34I	New.CleanUp.ReferenceOTU2820 EUK.Mock.1_74073	2467
H	10834	90	88.9	+	0	0	1683I90M70I	New.CleanUp.ReferenceOTU2820 EUK.Mock.1_74073	93246
H	2925	90	74.4	+	0	0	1653I62MD27M272I	New.CleanUp.ReferenceOTU2820 EUK.Mock.1_74073	23203
H	4934	90	96.7	+	0	0	1591I90M50I	New.CleanUp.ReferenceOTU2821 EUK.Mock.1_1356	40794
H	9284	90	96.7	+	0	0	1663I13MI77M67I	New.CleanUp.ReferenceOTU2821 EUK.Mock.1_1356	80038
H	854	90	95.6	+	0	0	1605I90M42I	New.CleanUp.ReferenceOTU2821 EUK.Mock.1_1356	10764
H	6170	90	95.6	+	0	0	1436I90M69I	New.CleanUp.ReferenceOTU2821 EUK.Mock.1_1356	52258
H	3447	90	94.4	+	0	0	1645I90M66I	New.CleanUp.ReferenceOTU2821 EUK.Mock.1_1356	27744
H	7123	90	94.4	+	0	0	1549I90M12I	New.CleanUp.ReferenceOTU2824 EUK.Mock.1_104632	61087
H	7185	90	93.3	+	0	0	1649I90M69I	New.CleanUp.ReferenceOTU2824 EUK.Mock.1_104632	61571
H	3034	90	93.3	+	0	0	1646I90M66I	New.CleanUp.ReferenceOTU2824 EUK.Mock.1_104632	24055
H	3242	90	93.3	+	0	0	1639I90M133I	New.CleanUp.ReferenceOTU2824 EUK.Mock.1_104632	25771
H	4634	90	94.4	+	0	0	1598I90M51I	New.CleanUp.ReferenceOTU2824 EUK.Mock.1_104632	38113
H	4934	90	96.7	+	0	0	1591I90M50I	New.CleanUp.ReferenceOTU2826 EUK.Mock.1_65776	40794
H	854	90	95.6	+	0	0	1605I90M42I	New.CleanUp.ReferenceOTU2826 EUK.Mock.1_65776	10764
H	6170	90	95.6	+	0	0	1436I90M69I	New.CleanUp.ReferenceOTU2826 EUK.Mock.1_65776	52258
H	3447	90	94.4	+	0	0	1645I90M66I	New.CleanUp.ReferenceOTU2826 EUK.Mock.1_65776	27744
H	9284	90	96.7	+	0	0	1663I13MI77M67I	New.CleanUp.ReferenceOTU2826 EUK.Mock.1_65776	80038
N	*	85	*	*	*	*	*	New.CleanUp.ReferenceOTU2830 EUK.Mock.1_89929	*
H	10646	69	95.7	+	0	0	1646I69M62I	New.CleanUp.ReferenceOTU2835 EUK.Mock.1_66486	91684
H	1549	69	91.3	+	0	0	1427I43M3D23M11I	New.CleanUp.ReferenceOTU2835 EUK.Mock.1_66486	113941
H	4934	69	95.7	+	0	0	1591I69M71I	New.CleanUp.ReferenceOTU2835 EUK.Mock.1_66486	40794
H	3447	69	95.7	+	0	0	1645I69M87I	New.CleanUp.ReferenceOTU2835 EUK.Mock.1_66486	27744
H	854	69	95.7	+	0	0	1605I69M63I	New.CleanUp.ReferenceOTU2835 EUK.Mock.1_66486	10764
H	4934	85	96.5	+	0	0	1591I85M55I	New.CleanUp.ReferenceOTU2840 EUK.Mock.1_42518	40794
H	854	85	95.3	+	0	0	1605I85M47I	New.CleanUp.ReferenceOTU2840 EUK.Mock.1_42518	10764
H	6170	85	95.3	+	0	0	1436I85M74I	New.CleanUp.ReferenceOTU2840 EUK.Mock.1_42518	52258
H	3447	85	94.1	+	0	0	1645I85M71I	New.CleanUp.ReferenceOTU2840 EUK.Mock.1_42518	27744
H	10646	85	92.9	+	0	0	1646I85M46I	New.CleanUp.ReferenceOTU2840 EUK.Mock.1_42518	91684
H	7688	90	96.7	+	0	0	1582I90M585I	New.CleanUp.ReferenceOTU2841 EUK.Mock.1_103261	65995
H	8570	90	96.7	+	0	0	1668I90M70I	New.CleanUp.ReferenceOTU2841 EUK.Mock.1_103261	73609
H	564	90	91.1	+	0	0	1679I90M60I	New.CleanUp.ReferenceOTU2841 EUK.Mock.1_103261	105083
H	9379	90	91.1	+	0	0	1675I90M35I	New.CleanUp.ReferenceOTU2841 EUK.Mock.1_103261	80767
H	9760	90	87.8	+	0	0	1657I85M5D	New.CleanUp.ReferenceOTU2841 EUK.Mock.1_103261	8379
H	4934	90	95.6	+	0	0	1591I90M50I	New.CleanUp.ReferenceOTU2842 EUK.Mock.1_1362	40794
H	854	90	94.4	+	0	0	1605I90M42I	New.CleanUp.ReferenceOTU2842 EUK.Mock.1_1362	10764
H	3878	90	92.2	+	0	0	1629I54MD35M156I	New.CleanUp.ReferenceOTU2842 EUK.Mock.1_1362	31618
H	3447	90	93.3	+	0	0	1645I90M66I	New.CleanUp.ReferenceOTU2842 EUK.Mock.1_1362	27744
H	9284	90	95.6	+	0	0	1663I13MI77M67I	New.CleanUp.ReferenceOTU2842 EUK.Mock.1_1362	80038
H	4934	90	96.7	+	0	0	1591I90M50I	New.CleanUp.ReferenceOTU2845 EUK.Mock.1_69845	40794
H	9284	90	96.7	+	0	0	1663I13MI77M67I	New.CleanUp.ReferenceOTU2845 EUK.Mock.1_69845	80038
H	854	90	95.6	+	0	0	1605I90M42I	New.CleanUp.ReferenceOTU2845 EUK.Mock.1_69845	10764
H	6170	90	95.6	+	0	0	1436I90M69I	New.CleanUp.ReferenceOTU2845 EUK.Mock.1_69845	52258
H	3447	90	94.4	+	0	0	1645I90M66I	New.CleanUp.ReferenceOTU2845 EUK.Mock.1_69845	27744
H	4934	90	96.7	+	0	0	1591I90M50I	New.CleanUp.ReferenceOTU2849 EUK.Mock.1_88457	40794
H	9284	90	96.7	+	0	0	1663I13MI77M67I	New.CleanUp.ReferenceOTU2849 EUK.Mock.1_88457	80038
H	6170	90	95.6	+	0	0	1436I90M69I	New.CleanUp.ReferenceOTU2849 EUK.Mock.1_88457	52258
H	854	90	95.6	+	0	0	1605I90M42I	New.CleanUp.ReferenceOTU2849 EUK.Mock.1_88457	10764
H	3447	90	94.4	+	0	0	1645I90M66I	New.CleanUp.ReferenceOTU2849 EUK.Mock.1_88457	27744
H	4934	90	96.7	+	0	0	1591I90M50I	New.CleanUp.ReferenceOTU2851 EUK.Mock.1_68539	40794
H	854	90	95.6	+	0	0	1605I90M42I	New.CleanUp.ReferenceOTU2851 EUK.Mock.1_68539	10764
H	3447	90	95.6	+	0	0	1645I90M66I	New.CleanUp.ReferenceOTU2851 EUK.Mock.1_68539	27744
H	6170	90	95.6	+	0	0	1436I90M69I	New.CleanUp.ReferenceOTU2851 EUK.Mock.1_68539	52258
H	10646	90	94.4	+	0	0	1646I90M41I	New.CleanUp.ReferenceOTU2851 EUK.Mock.1_68539	91684
H	88	90	96.7	+	0	0	1111I90M69I	New.CleanUp.ReferenceOTU2853 EUK.Mock.1_102676	10084
H	279	90	95.6	+	0	0	1595I90M32I	New.CleanUp.ReferenceOTU2853 EUK.Mock.1_102676	102447
H	4197	90	95.6	+	0	0	1637I90M64I	New.CleanUp.ReferenceOTU2853 EUK.Mock.1_102676	34288
H	818	90	92.2	+	0	0	1947I87M3D	New.CleanUp.ReferenceOTU2853 EUK.Mock.1_102676	107387
H	2551	90	94.4	+	0	0	2048I90M66I	New.CleanUp.ReferenceOTU2853 EUK.Mock.1_102676	19976
H	7017	90	96.7	+	0	0	2036I90M176I	New.CleanUp.ReferenceOTU2855 EUK.Mock.1_1567	60168
H	8108	90	95.6	+	0	0	1533I41MD48M71I	New.CleanUp.ReferenceOTU2855 EUK.Mock.1_1567	69613
H	465	90	95.6	+	0	0	1759I90M71I	New.CleanUp.ReferenceOTU2855 EUK.Mock.1_1567	104302
H	1313	90	95.6	+	0	0	1729I90M71I	New.CleanUp.ReferenceOTU2855 EUK.Mock.1_1567	111701
H	6258	90	95.6	+	0	0	1708I90M71I	New.CleanUp.ReferenceOTU2855 EUK.Mock.1_1567	53047
H	7688	90	94.4	+	0	0	1582I90M585I	New.CleanUp.ReferenceOTU2856 EUK.Mock.1_1566	65995
H	8570	90	94.4	+	0	0	1668I90M70I	New.CleanUp.ReferenceOTU2856 EUK.Mock.1_1566	73609
H	564	90	88.9	+	0	0	1679I90M60I	New.CleanUp.ReferenceOTU2856 EUK.Mock.1_1566	105083
H	9379	90	88.9	+	0	0	1675I90M35I	New.CleanUp.ReferenceOTU2856 EUK.Mock.1_1566	80767
H	4314	90	84.4	+	0	0	1647I90M41I	New.CleanUp.ReferenceOTU2856 EUK.Mock.1_1566	354
N	*	90	*	*	*	*	*	New.CleanUp.ReferenceOTU2859 EUK.Mock.1_105695	*
N	*	90	*	*	*	*	*	New.CleanUp.ReferenceOTU2861 EUK.Mock.1_105697	*
H	7090	90	94.4	+	0	0	1644I90M66I	New.CleanUp.ReferenceOTU2868 EUK.Mock.1_71958	60815
H	10977	90	91.1	+	0	0	1588I90M23I	New.CleanUp.ReferenceOTU2868 EUK.Mock.1_71958	94743
H	8619	90	91.1	+	0	0	1564I90M59I	New.CleanUp.ReferenceOTU2868 EUK.Mock.1_71958	74011
H	8754	90	91.1	+	0	0	1646I90M67I	New.CleanUp.ReferenceOTU2868 EUK.Mock.1_71958	75157
H	8604	90	88.9	+	0	0	1702I90M66I	New.CleanUp.ReferenceOTU2868 EUK.Mock.1_71958	73854
H	4934	90	96.7	+	0	0	1591I90M50I	New.CleanUp.ReferenceOTU2871 EUK.Mock.1_32145	40794
H	9284	90	96.7	+	0	0	1663I13MI77M67I	New.CleanUp.ReferenceOTU2871 EUK.Mock.1_32145	80038
H	854	90	95.6	+	0	0	1605I90M42I	New.CleanUp.ReferenceOTU2871 EUK.Mock.1_32145	10764
H	6170	90	95.6	+	0	0	1436I90M69I	New.CleanUp.ReferenceOTU2871 EUK.Mock.1_32145	52258
H	3447	90	94.4	+	0	0	1645I90M66I	New.CleanUp.ReferenceOTU2871 EUK.Mock.1_32145	27744
H	4934	90	96.7	+	0	0	1591I90M50I	New.CleanUp.ReferenceOTU2874 EUK.Mock.1_75305	40794
H	9284	90	96.7	+	0	0	1663I13MI77M67I	New.CleanUp.ReferenceOTU2874 EUK.Mock.1_75305	80038
H	854	90	95.6	+	0	0	1605I90M42I	New.CleanUp.ReferenceOTU2874 EUK.Mock.1_75305	10764
H	3447	90	94.4	+	0	0	1645I90M66I	New.CleanUp.ReferenceOTU2874 EUK.Mock.1_75305	27744
H	6170	90	95.6	+	0	0	1436I90M69I	New.CleanUp.ReferenceOTU2874 EUK.Mock.1_75305	52258
H	11182	90	90.0	+	0	0	1644I90M69I	New.CleanUp.ReferenceOTU288 EUK.Mock.1_287	96648
H	2499	90	88.9	+	0	0	1638I90M63I	New.CleanUp.ReferenceOTU288 EUK.Mock.1_287	19455
H	1905	90	91.1	+	0	0	1590I58MD31M336I	New.CleanUp.ReferenceOTU288 EUK.Mock.1_287	14030
H	11143	90	84.4	+	0	0	1591I90M65I	New.CleanUp.ReferenceOTU288 EUK.Mock.1_287	96234
H	1377	90	84.4	+	0	0	1621I90M55I	New.CleanUp.ReferenceOTU288 EUK.Mock.1_287	112195
N	*	90	*	*	*	*	*	New.CleanUp.ReferenceOTU2880 EUK.Mock.1_69996	*
H	7090	72	91.7	+	0	0	1644I72M84I	New.CleanUp.ReferenceOTU2883 EUK.Mock.1_52109	60815
L	1692	1685	*	*	*	*	*	12097	*
H	1692	72	88.9	+	0	0	1606I72M7I	New.CleanUp.ReferenceOTU2883 EUK.Mock.1_52109	12097
L	6076	1700	*	*	*	*	*	51332	*
H	6076	72	87.5	+	0	0	1607I72M21I	New.CleanUp.ReferenceOTU2883 EUK.Mock.1_52109	51332
L	5081	1688	*	*	*	*	*	42028	*
H	5081	72	90.3	+	0	0	1564I72M52I	New.CleanUp.ReferenceOTU2883 EUK.Mock.1_52109	42028
H	6339	72	88.9	+	0	0	2364I72M518I	New.CleanUp.ReferenceOTU2883 EUK.Mock.1_52109	53760
H	88	90	94.4	+	0	0	1111I90M69I	New.CleanUp.ReferenceOTU2884 EUK.Mock.1_68087	10084
H	279	90	94.4	+	0	0	1595I90M32I	New.CleanUp.ReferenceOTU2884 EUK.Mock.1_68087	102447
H	7104	90	93.3	+	0	0	1615I90M661I	New.CleanUp.ReferenceOTU2884 EUK.Mock.1_68087	60936
H	5770	90	93.3	+	0	0	1620I90M28I	New.CleanUp.ReferenceOTU2884 EUK.Mock.1_68087	48184
H	589	90	93.3	+	0	0	1920I90M24I	New.CleanUp.ReferenceOTU2884 EUK.Mock.1_68087	105260
H	9506	90	93.3	+	0	0	1632I90M75I	New.CleanUp.ReferenceOTU289 EUK.Mock.1_76726	81821
H	11256	90	93.3	+	0	0	1391I90M72I	New.CleanUp.ReferenceOTU289 EUK.Mock.1_76726	97289
H	5603	90	72.2	+	0	0	1633I37M2D22MD28M58I	New.CleanUp.ReferenceOTU289 EUK.Mock.1_76726	46764
H	5083	90	70.0	+	0	0	1645I37M2D22MD28M69I	New.CleanUp.ReferenceOTU289 EUK.Mock.1_76726	42046
L	3035	1774	*	*	*	*	*	24070	*
H	3035	90	70.0	+	0	0	1631I39M3D20M2D26M58I	New.CleanUp.ReferenceOTU289 EUK.Mock.1_76726	24070
H	4934	90	96.7	+	0	0	1591I90M50I	New.CleanUp.ReferenceOTU2890 EUK.Mock.1_65831	40794
H	9284	90	96.7	+	0	0	1663I13MI77M67I	New.CleanUp.ReferenceOTU2890 EUK.Mock.1_65831	80038
H	854	90	95.6	+	0	0	1605I90M42I	New.CleanUp.ReferenceOTU2890 EUK.Mock.1_65831	10764
H	3447	90	94.4	+	0	0	1645I90M66I	New.CleanUp.ReferenceOTU2890 EUK.Mock.1_65831	27744
H	6170	90	95.6	+	0	0	1436I90M69I	New.CleanUp.ReferenceOTU2890 EUK.Mock.1_65831	52258
N	*	90	*	*	*	*	*	New.CleanUp.ReferenceOTU2893 EUK.Mock.1_93949	*
H	7688	90	96.7	+	0	0	1582I90M585I	New.CleanUp.ReferenceOTU2894 EUK.Mock.1_99441	65995
H	8570	90	96.7	+	0	0	1668I90M70I	New.CleanUp.ReferenceOTU2894 EUK.Mock.1_99441	73609
H	564	90	91.1	+	0	0	1679I90M60I	New.CleanUp.ReferenceOTU2894 EUK.Mock.1_99441	105083
H	9379	90	91.1	+	0	0	1675I90M35I	New.CleanUp.ReferenceOTU2894 EUK.Mock.1_99441	80767
H	9105	90	85.6	+	0	0	1635I90M37I	New.CleanUp.ReferenceOTU2894 EUK.Mock.1_99441	78322
H	7688	90	96.7	+	0	0	1582I90M585I	New.CleanUp.ReferenceOTU2895 EUK.Mock.1_69939	65995
H	8570	90	96.7	+	0	0	1668I90M70I	New.CleanUp.ReferenceOTU2895 EUK.Mock.1_69939	73609
H	9379	90	93.3	+	0	0	1675I90M35I	New.CleanUp.ReferenceOTU2895 EUK.Mock.1_69939	80767
H	564	90	93.3	+	0	0	1679I90M60I	New.CleanUp.ReferenceOTU2895 EUK.Mock.1_69939	105083
H	137	90	91.1	+	0	0	1635I90M32I	New.CleanUp.ReferenceOTU2895 EUK.Mock.1_69939	101249
H	7688	84	96.4	+	0	0	1582I84M591I	New.CleanUp.ReferenceOTU2898 EUK.Mock.1_69935	65995
H	8570	84	96.4	+	0	0	1668I84M76I	New.CleanUp.ReferenceOTU2898 EUK.Mock.1_69935	73609
H	564	84	90.5	+	0	0	1679I84M66I	New.CleanUp.ReferenceOTU2898 EUK.Mock.1_69935	105083
H	9760	84	91.7	+	0	0	1657I84MI	New.CleanUp.ReferenceOTU2898 EUK.Mock.1_69935	8379
H	6400	84	85.7	+	0	0	1680I84M74I	New.CleanUp.ReferenceOTU2898 EUK.Mock.1_69935	54274
H	9506	90	96.7	+	0	0	1632I90M75I	New.CleanUp.ReferenceOTU2899 EUK.Mock.1_83574	81821
H	11256	90	96.7	+	0	0	1391I90M72I	New.CleanUp.ReferenceOTU2899 EUK.Mock.1_83574	97289
H	5097	90	70.0	+	0	0	1633I37M2D30MD20M46I	New.CleanUp.ReferenceOTU2899 EUK.Mock.1_83574	42222
H	5603	90	73.3	+	0	0	1633I37M2D22MD28M58I	New.CleanUp.ReferenceOTU2899 EUK.Mock.1_83574	46764
H	4546	90	70.0	+	0	0	1078I37M2D30MD20M56I	New.CleanUp.ReferenceOTU2899 EUK.Mock.1_83574	37371
H	5135	90	90.0	+	0	0	1633I90M69I	New.CleanUp.ReferenceOTU2902 EUK.Mock.1_71222	4269
H	5866	90	87.8	+	0	0	1559I90M55I	New.CleanUp.ReferenceOTU2902 EUK.Mock.1_71222	49307
H	5423	90	88.9	+	0	0	1602I90M39I	New.CleanUp.ReferenceOTU2902 EUK.Mock.1_71222	45376
H	9443	90	86.7	+	0	0	1592I90M50I	New.CleanUp.ReferenceOTU2902 EUK.Mock.1_71222	81305
H	8635	90	87.8	+	0	0	1644I90M55I	New.CleanUp.ReferenceOTU2902 EUK.Mock.1_71222	74171
H	7688	90	95.6	+	0	0	1582I90M585I	New.CleanUp.ReferenceOTU2904 EUK.Mock.1_71224	65995
H	8570	90	95.6	+	0	0	1668I90M70I	New.CleanUp.ReferenceOTU2904 EUK.Mock.1_71224	73609
H	564	90	90.0	+	0	0	1679I90M60I	New.CleanUp.ReferenceOTU2904 EUK.Mock.1_71224	105083
H	6400	90	87.8	+	0	0	1680I90M68I	New.CleanUp.ReferenceOTU2904 EUK.Mock.1_71224	54274
H	4314	90	85.6	+	0	0	1647I90M41I	New.CleanUp.ReferenceOTU2904 EUK.Mock.1_71224	354
H	854	90	97.8	+	0	0	1605I90M42I	New.CleanUp.ReferenceOTU2905 EUK.Mock.1_44697	10764
H	4934	90	96.7	+	0	0	1591I90M50I	New.CleanUp.ReferenceOTU2905 EUK.Mock.1_44697	40794
H	6170	90	95.6	+	0	0	1436I90M69I	New.CleanUp.ReferenceOTU2905 EUK.Mock.1_44697	52258
H	3447	90	94.4	+	0	0	1645I90M66I	New.CleanUp.ReferenceOTU2905 EUK.Mock.1_44697	27744
H	3878	90	92.2	+	0	0	1629I54MD35M156I	New.CleanUp.ReferenceOTU2905 EUK.Mock.1_44697	31618
H	4934	90	96.7	+	0	0	1591I90M50I	New.CleanUp.ReferenceOTU2908 EUK.Mock.1_24769	40794
H	9284	90	96.7	+	0	0	1663I13MI77M67I	New.CleanUp.ReferenceOTU2908 EUK.Mock.1_24769	80038
H	6170	90	95.6	+	0	0	1436I90M69I	New.CleanUp.ReferenceOTU2908 EUK.Mock.1_24769	52258
H	3447	90	94.4	+	0	0	1645I90M66I	New.CleanUp.ReferenceOTU2908 EUK.Mock.1_24769	27744
H	854	90	95.6	+	0	0	1605I90M42I	New.CleanUp.ReferenceOTU2908 EUK.Mock.1_24769	10764
N	*	90	*	*	*	*	*	New.CleanUp.ReferenceOTU2913 EUK.Mock.1_105976	*
H	4934	86	96.5	+	0	0	1591I86M54I	New.CleanUp.ReferenceOTU2914 EUK.Mock.1_107641	40794
H	854	86	95.3	+	0	0	1605I86M46I	New.CleanUp.ReferenceOTU2914 EUK.Mock.1_107641	10764
H	3447	86	94.2	+	0	0	1645I86M70I	New.CleanUp.ReferenceOTU2914 EUK.Mock.1_107641	27744
H	9284	86	96.5	+	0	0	1663I13MI73M71I	New.CleanUp.ReferenceOTU2914 EUK.Mock.1_107641	80038
H	6170	86	95.3	+	0	0	1436I86M73I	New.CleanUp.ReferenceOTU2914 EUK.Mock.1_107641	52258
H	7123	90	95.6	+	0	0	1549I90M12I	New.CleanUp.ReferenceOTU2919 EUK.Mock.1_91716	61087
L	8483	1818	*	*	*	*	*	72899	*
H	8483	90	92.2	+	0	0	1642I90M86I	New.CleanUp.ReferenceOTU2919 EUK.Mock.1_91716	72899
H	7185	90	94.4	+	0	0	1649I90M69I	New.CleanUp.ReferenceOTU2919 EUK.Mock.1_91716	61571
H	4634	90	95.6	+	0	0	1598I90M51I	New.CleanUp.ReferenceOTU2919 EUK.Mock.1_91716	38113
H	3034	90	94.4	+	0	0	1646I90M66I	New.CleanUp.ReferenceOTU2919 EUK.Mock.1_91716	24055
H	7688	86	95.3	+	0	0	1582I86M589I	New.CleanUp.ReferenceOTU2920 EUK.Mock.1_19214	65995
H	8570	86	95.3	+	0	0	1668I86M74I	New.CleanUp.ReferenceOTU2920 EUK.Mock.1_19214	73609
H	564	86	89.5	+	0	0	1679I86M64I	New.CleanUp.ReferenceOTU2920 EUK.Mock.1_19214	105083
H	9760	86	89.5	+	0	0	1657I85MD	New.CleanUp.ReferenceOTU2920 EUK.Mock.1_19214	8379
H	9379	86	89.5	+	0	0	1675I86M39I	New.CleanUp.ReferenceOTU2920 EUK.Mock.1_19214	80767
H	4934	90	92.2	+	0	0	1591I90M50I	New.CleanUp.ReferenceOTU2921 EUK.Mock.1_96520	40794
H	854	90	91.1	+	0	0	1605I90M42I	New.CleanUp.ReferenceOTU2921 EUK.Mock.1_96520	10764
H	9284	90	92.2	+	0	0	1663I13MI77M67I	New.CleanUp.ReferenceOTU2921 EUK.Mock.1_96520	80038
H	6170	90	91.1	+	0	0	1436I90M69I	New.CleanUp.ReferenceOTU2921 EUK.Mock.1_96520	52258
H	10646	90	88.9	+	0	0	1646I90M41I	New.CleanUp.ReferenceOTU2921 EUK.Mock.1_96520	91684
H	8570	90	95.6	+	0	0	1668I90M70I	New.CleanUp.ReferenceOTU2933 EUK.Mock.1_24299	73609
H	7688	90	95.6	+	0	0	1582I90M585I	New.CleanUp.ReferenceOTU2933 EUK.Mock.1_24299	65995
H	564	90	90.0	+	0	0	1679I90M60I	New.CleanUp.ReferenceOTU2933 EUK.Mock.1_24299	105083
H	9379	90	90.0	+	0	0	1675I90M35I	New.CleanUp.ReferenceOTU2933 EUK.Mock.1_24299	80767
H	8790	90	90.0	+	0	0	1630I90M30I	New.CleanUp.ReferenceOTU2933 EUK.Mock.1_24299	75440
H	3034	90	93.3	+	0	0	1646I90M66I	New.CleanUp.ReferenceOTU294 EUK.Mock.1_3509	24055
H	4634	90	94.4	+	0	0	1598I90M51I	New.CleanUp.ReferenceOTU294 EUK.Mock.1_3509	38113
H	7123	90	94.4	+	0	0	1549I90M12I	New.CleanUp.ReferenceOTU294 EUK.Mock.1_3509	61087
H	9246	90	93.3	+	0	0	1549I90M12I	New.CleanUp.ReferenceOTU294 EUK.Mock.1_3509	79610
H	7185	90	93.3	+	0	0	1649I90M69I	New.CleanUp.ReferenceOTU294 EUK.Mock.1_3509	61571
H	5135	90	93.3	+	0	0	1633I46MI44M68I	New.CleanUp.ReferenceOTU2945 EUK.Mock.1_81455	4269
H	5866	90	91.1	+	0	0	1559I45MI45M54I	New.CleanUp.ReferenceOTU2945 EUK.Mock.1_81455	49307
H	5423	90	93.3	+	0	0	1602I54MI36M38I	New.CleanUp.ReferenceOTU2945 EUK.Mock.1_81455	45376
H	8635	90	91.1	+	0	0	1644I46MI44M54I	New.CleanUp.ReferenceOTU2945 EUK.Mock.1_81455	74171
H	9443	90	90.0	+	0	0	1592I46MI44M49I	New.CleanUp.ReferenceOTU2945 EUK.Mock.1_81455	81305
H	4934	90	96.7	+	0	0	1591I90M50I	New.CleanUp.ReferenceOTU2949 EUK.Mock.1_86904	40794
H	9284	90	96.7	+	0	0	1663I13MI77M67I	New.CleanUp.ReferenceOTU2949 EUK.Mock.1_86904	80038
H	854	90	95.6	+	0	0	1605I90M42I	New.CleanUp.ReferenceOTU2949 EUK.Mock.1_86904	10764
H	6170	90	95.6	+	0	0	1436I90M69I	New.CleanUp.ReferenceOTU2949 EUK.Mock.1_86904	52258
H	3447	90	94.4	+	0	0	1645I90M66I	New.CleanUp.ReferenceOTU2949 EUK.Mock.1_86904	27744
H	7688	90	94.4	+	0	0	1582I90M585I	New.CleanUp.ReferenceOTU2951 EUK.Mock.1_8602	65995
H	8570	90	94.4	+	0	0	1668I90M70I	New.CleanUp.ReferenceOTU2951 EUK.Mock.1_8602	73609
H	564	90	88.9	+	0	0	1679I90M60I	New.CleanUp.ReferenceOTU2951 EUK.Mock.1_8602	105083
H	6400	90	84.4	+	0	0	1680I90M68I	New.CleanUp.ReferenceOTU2951 EUK.Mock.1_8602	54274
H	9105	90	83.3	+	0	0	1635I90M37I	New.CleanUp.ReferenceOTU2951 EUK.Mock.1_8602	78322
H	4934	90	94.4	+	0	0	1591I90M50I	New.CleanUp.ReferenceOTU2952 EUK.Mock.1_4822	40794
H	6170	90	93.3	+	0	0	1436I90M69I	New.CleanUp.ReferenceOTU2952 EUK.Mock.1_4822	52258
H	854	90	93.3	+	0	0	1605I90M42I	New.CleanUp.ReferenceOTU2952 EUK.Mock.1_4822	10764
H	10646	90	91.1	+	0	0	1646I90M41I	New.CleanUp.ReferenceOTU2952 EUK.Mock.1_4822	91684
H	3447	90	92.2	+	0	0	1645I90M66I	New.CleanUp.ReferenceOTU2952 EUK.Mock.1_4822	27744
N	*	82	*	*	*	*	*	New.CleanUp.ReferenceOTU296 EUK.Mock.1_108588	*
H	4934	90	96.7	+	0	0	1591I90M50I	New.CleanUp.ReferenceOTU2963 EUK.Mock.1_82025	40794
H	854	90	95.6	+	0	0	1605I90M42I	New.CleanUp.ReferenceOTU2963 EUK.Mock.1_82025	10764
H	9284	90	96.7	+	0	0	1663I13MI77M67I	New.CleanUp.ReferenceOTU2963 EUK.Mock.1_82025	80038
H	6170	90	95.6	+	0	0	1436I90M69I	New.CleanUp.ReferenceOTU2963 EUK.Mock.1_82025	52258
H	3447	90	94.4	+	0	0	1645I90M66I	New.CleanUp.ReferenceOTU2963 EUK.Mock.1_82025	27744
H	4934	83	96.4	+	0	0	1591I83M57I	New.CleanUp.ReferenceOTU2965 EUK.Mock.1_87508	40794
H	854	83	95.2	+	0	0	1605I83M49I	New.CleanUp.ReferenceOTU2965 EUK.Mock.1_87508	10764
H	9284	83	96.4	+	0	0	1663I13MI70M74I	New.CleanUp.ReferenceOTU2965 EUK.Mock.1_87508	80038
H	6170	83	95.2	+	0	0	1436I83M76I	New.CleanUp.ReferenceOTU2965 EUK.Mock.1_87508	52258
H	3447	83	95.2	+	0	0	1645I83M73I	New.CleanUp.ReferenceOTU2965 EUK.Mock.1_87508	27744
H	8570	90	96.7	+	0	0	1668I90M70I	New.CleanUp.ReferenceOTU2966 EUK.Mock.1_48210	73609
H	7688	90	96.7	+	0	0	1582I90M585I	New.CleanUp.ReferenceOTU2966 EUK.Mock.1_48210	65995
H	564	90	91.1	+	0	0	1679I90M60I	New.CleanUp.ReferenceOTU2966 EUK.Mock.1_48210	105083
H	9379	90	91.1	+	0	0	1675I90M35I	New.CleanUp.ReferenceOTU2966 EUK.Mock.1_48210	80767
H	6400	90	87.8	+	0	0	1680I90M68I	New.CleanUp.ReferenceOTU2966 EUK.Mock.1_48210	54274
H	3034	90	94.4	+	0	0	1646I90M66I	New.CleanUp.ReferenceOTU2967 EUK.Mock.1_70782	24055
H	7123	90	95.6	+	0	0	1549I90M12I	New.CleanUp.ReferenceOTU2967 EUK.Mock.1_70782	61087
H	4634	90	95.6	+	0	0	1598I90M51I	New.CleanUp.ReferenceOTU2967 EUK.Mock.1_70782	38113
H	7185	90	94.4	+	0	0	1649I90M69I	New.CleanUp.ReferenceOTU2967 EUK.Mock.1_70782	61571
H	9246	90	94.4	+	0	0	1549I90M12I	New.CleanUp.ReferenceOTU2967 EUK.Mock.1_70782	79610
H	88	90	96.7	+	0	0	1111I90M69I	New.CleanUp.ReferenceOTU2968 EUK.Mock.1_105864	10084
H	6339	90	96.7	+	0	0	2364I90M500I	New.CleanUp.ReferenceOTU2968 EUK.Mock.1_105864	53760
H	2551	90	96.7	+	0	0	2048I90M66I	New.CleanUp.ReferenceOTU2968 EUK.Mock.1_105864	19976
H	3527	90	96.7	+	0	0	1659I90M86I	New.CleanUp.ReferenceOTU2968 EUK.Mock.1_105864	28521
H	4441	90	96.7	+	0	0	1641I90M66I	New.CleanUp.ReferenceOTU2968 EUK.Mock.1_105864	36554
H	4934	90	95.6	+	0	0	1591I90M50I	New.CleanUp.ReferenceOTU297 EUK.Mock.1_99568	40794
H	6170	90	94.4	+	0	0	1436I90M69I	New.CleanUp.ReferenceOTU297 EUK.Mock.1_99568	52258
H	9284	90	95.6	+	0	0	1663I13MI77M67I	New.CleanUp.ReferenceOTU297 EUK.Mock.1_99568	80038
H	1549	90	77.8	+	0	0	1427I43M3D23MI10M11D	New.CleanUp.ReferenceOTU297 EUK.Mock.1_99568	113941
H	10646	90	92.2	+	0	0	1646I90M41I	New.CleanUp.ReferenceOTU297 EUK.Mock.1_99568	91684
N	*	82	*	*	*	*	*	New.CleanUp.ReferenceOTU2970 EUK.Mock.1_105860	*
H	4934	90	96.7	+	0	0	1591I90M50I	New.CleanUp.ReferenceOTU2971 EUK.Mock.1_27584	40794
H	854	90	95.6	+	0	0	1605I90M42I	New.CleanUp.ReferenceOTU2971 EUK.Mock.1_27584	10764
H	3447	90	95.6	+	0	0	1645I90M66I	New.CleanUp.ReferenceOTU2971 EUK.Mock.1_27584	27744
H	6170	90	95.6	+	0	0	1436I90M69I	New.CleanUp.ReferenceOTU2971 EUK.Mock.1_27584	52258
H	9284	90	96.7	+	0	0	1663I13MI77M67I	New.CleanUp.ReferenceOTU2971 EUK.Mock.1_27584	80038
H	4934	90	95.6	+	0	0	1591I90M50I	New.CleanUp.ReferenceOTU2978 EUK.Mock.1_50690	40794
H	9284	90	95.6	+	0	0	1663I13MI77M67I	New.CleanUp.ReferenceOTU2978 EUK.Mock.1_50690	80038
H	854	90	94.4	+	0	0	1605I90M42I	New.CleanUp.ReferenceOTU2978 EUK.Mock.1_50690	10764
H	6170	90	94.4	+	0	0	1436I90M69I	New.CleanUp.ReferenceOTU2978 EUK.Mock.1_50690	52258
H	3447	90	93.3	+	0	0	1645I90M66I	New.CleanUp.ReferenceOTU2978 EUK.Mock.1_50690	27744
H	11256	90	94.4	+	0	0	1391I90M72I	New.CleanUp.ReferenceOTU2981 EUK.Mock.1_107530	97289
H	9506	90	94.4	+	0	0	1632I90M75I	New.CleanUp.ReferenceOTU2981 EUK.Mock.1_107530	81821
H	5097	90	70.0	+	0	0	1633I39M2D28MD20M46I	New.CleanUp.ReferenceOTU2981 EUK.Mock.1_107530	42222
H	4546	90	70.0	+	0	0	1078I39M2D28MD20M56I	New.CleanUp.ReferenceOTU2981 EUK.Mock.1_107530	37371
H	5603	90	73.3	+	0	0	1633I38M2D21MD28M58I	New.CleanUp.ReferenceOTU2981 EUK.Mock.1_107530	46764
H	8570	90	96.7	+	0	0	1668I90M70I	New.CleanUp.ReferenceOTU2982 EUK.Mock.1_107534	73609
H	7688	90	96.7	+	0	0	1582I90M585I	New.CleanUp.ReferenceOTU2982 EUK.Mock.1_107534	65995
H	564	90	91.1	+	0	0	1679I90M60I	New.CleanUp.ReferenceOTU2982 EUK.Mock.1_107534	105083
H	9379	90	91.1	+	0	0	1675I90M35I	New.CleanUp.ReferenceOTU2982 EUK.Mock.1_107534	80767
H	4314	90	86.7	+	0	0	1647I90M41I	New.CleanUp.ReferenceOTU2982 EUK.Mock.1_107534	354
H	4934	90	96.7	+	0	0	1591I90M50I	New.CleanUp.ReferenceOTU2984 EUK.Mock.1_3931	40794
H	9284	90	96.7	+	0	0	1663I13MI77M67I	New.CleanUp.ReferenceOTU2984 EUK.Mock.1_3931	80038
H	854	90	95.6	+	0	0	1605I90M42I	New.CleanUp.ReferenceOTU2984 EUK.Mock.1_3931	10764
H	6170	90	95.6	+	0	0	1436I90M69I	New.CleanUp.ReferenceOTU2984 EUK.Mock.1_3931	52258
H	3447	90	94.4	+	0	0	1645I90M66I	New.CleanUp.ReferenceOTU2984 EUK.Mock.1_3931	27744
H	4934	90	95.6	+	0	0	1591I90M50I	New.CleanUp.ReferenceOTU2988 EUK.Mock.1_96454	40794
H	9284	90	95.6	+	0	0	1663I13MI77M67I	New.CleanUp.ReferenceOTU2988 EUK.Mock.1_96454	80038
H	6170	90	94.4	+	0	0	1436I90M69I	New.CleanUp.ReferenceOTU2988 EUK.Mock.1_96454	52258
H	854	90	94.4	+	0	0	1605I90M42I	New.CleanUp.ReferenceOTU2988 EUK.Mock.1_96454	10764
H	3447	90	93.3	+	0	0	1645I90M66I	New.CleanUp.ReferenceOTU2988 EUK.Mock.1_96454	27744
H	8570	90	96.7	+	0	0	1668I90M70I	New.CleanUp.ReferenceOTU2989 EUK.Mock.1_96985	73609
H	7688	90	96.7	+	0	0	1582I90M585I	New.CleanUp.ReferenceOTU2989 EUK.Mock.1_96985	65995
H	137	90	91.1	+	0	0	1635I90M32I	New.CleanUp.ReferenceOTU2989 EUK.Mock.1_96985	101249
H	564	90	91.1	+	0	0	1679I90M60I	New.CleanUp.ReferenceOTU2989 EUK.Mock.1_96985	105083
H	9379	90	91.1	+	0	0	1675I90M35I	New.CleanUp.ReferenceOTU2989 EUK.Mock.1_96985	80767
H	4104	90	96.7	+	0	0	1703I90M70I	New.CleanUp.ReferenceOTU2990 EUK.Mock.1_106596	33585
H	9936	90	94.4	+	0	0	1706I62MD27M70I	New.CleanUp.ReferenceOTU2990 EUK.Mock.1_106596	85366
H	1313	90	88.9	+	0	0	1729I51MI39M70I	New.CleanUp.ReferenceOTU2990 EUK.Mock.1_106596	111701
H	465	90	88.9	+	0	0	1759I51MI39M70I	New.CleanUp.ReferenceOTU2990 EUK.Mock.1_106596	104302
H	7824	90	88.9	+	0	0	1714I90M70I	New.CleanUp.ReferenceOTU2990 EUK.Mock.1_106596	67215
H	4934	90	90.0	+	0	0	1591I90M50I	New.CleanUp.ReferenceOTU2992 EUK.Mock.1_66803	40794
H	217	90	76.7	+	0	0	1644I90M65I	New.CleanUp.ReferenceOTU2992 EUK.Mock.1_66803	102041
H	9284	90	90.0	+	0	0	1663I13MI77M67I	New.CleanUp.ReferenceOTU2992 EUK.Mock.1_66803	80038
H	4596	90	76.7	+	0	0	1623I90M51I	New.CleanUp.ReferenceOTU2992 EUK.Mock.1_66803	37746
H	3931	90	78.9	+	0	0	1596I90M51I	New.CleanUp.ReferenceOTU2992 EUK.Mock.1_66803	32013
H	5135	90	91.1	+	0	0	1633I90M69I	New.CleanUp.ReferenceOTU2997 EUK.Mock.1_82363	4269
H	5423	90	91.1	+	0	0	1602I90M39I	New.CleanUp.ReferenceOTU2997 EUK.Mock.1_82363	45376
H	3531	90	88.9	+	0	0	1625I90M65I	New.CleanUp.ReferenceOTU2997 EUK.Mock.1_82363	28560
H	5866	90	88.9	+	0	0	1559I90M55I	New.CleanUp.ReferenceOTU2997 EUK.Mock.1_82363	49307
H	8924	90	88.9	+	0	0	1580I90M50I	New.CleanUp.ReferenceOTU2997 EUK.Mock.1_82363	76542
H	9284	90	93.3	+	0	0	1663I13MI77M67I	New.CleanUp.ReferenceOTU2998 EUK.Mock.1_47642	80038
H	4934	90	93.3	+	0	0	1591I90M50I	New.CleanUp.ReferenceOTU2998 EUK.Mock.1_47642	40794
H	854	90	92.2	+	0	0	1605I90M42I	New.CleanUp.ReferenceOTU2998 EUK.Mock.1_47642	10764
H	6170	90	92.2	+	0	0	1436I90M69I	New.CleanUp.ReferenceOTU2998 EUK.Mock.1_47642	52258
H	3447	90	91.1	+	0	0	1645I90M66I	New.CleanUp.ReferenceOTU2998 EUK.Mock.1_47642	27744
H	4934	90	96.7	+	0	0	1591I90M50I	New.CleanUp.ReferenceOTU30 EUK.Mock.1_3193	40794
H	9284	90	96.7	+	0	0	1663I13MI77M67I	New.CleanUp.ReferenceOTU30 EUK.Mock.1_3193	80038
H	854	90	95.6	+	0	0	1605I90M42I	New.CleanUp.ReferenceOTU30 EUK.Mock.1_3193	10764
H	6170	90	95.6	+	0	0	1436I90M69I	New.CleanUp.ReferenceOTU30 EUK.Mock.1_3193	52258
H	3447	90	94.4	+	0	0	1645I90M66I	New.CleanUp.ReferenceOTU30 EUK.Mock.1_3193	27744
H	8570	90	94.4	+	0	0	1668I90M70I	New.CleanUp.ReferenceOTU3000 EUK.Mock.1_26509	73609
H	7688	90	94.4	+	0	0	1582I90M585I	New.CleanUp.ReferenceOTU3000 EUK.Mock.1_26509	65995
H	9379	90	88.9	+	0	0	1675I90M35I	New.CleanUp.ReferenceOTU3000 EUK.Mock.1_26509	80767
H	564	90	88.9	+	0	0	1679I90M60I	New.CleanUp.ReferenceOTU3000 EUK.Mock.1_26509	105083
H	137	90	86.7	+	0	0	1635I90M32I	New.CleanUp.ReferenceOTU3000 EUK.Mock.1_26509	101249
H	8570	90	96.7	+	0	0	1668I90M70I	New.CleanUp.ReferenceOTU3001 EUK.Mock.1_71782	73609
H	7688	90	96.7	+	0	0	1582I90M585I	New.CleanUp.ReferenceOTU3001 EUK.Mock.1_71782	65995
H	564	90	91.1	+	0	0	1679I90M60I	New.CleanUp.ReferenceOTU3001 EUK.Mock.1_71782	105083
H	9379	90	91.1	+	0	0	1675I90M35I	New.CleanUp.ReferenceOTU3001 EUK.Mock.1_71782	80767
H	4314	90	87.8	+	0	0	1647I90M41I	New.CleanUp.ReferenceOTU3001 EUK.Mock.1_71782	354
H	7688	90	96.7	+	0	0	1582I90M585I	New.CleanUp.ReferenceOTU3005 EUK.Mock.1_100357	65995
H	8570	90	96.7	+	0	0	1668I90M70I	New.CleanUp.ReferenceOTU3005 EUK.Mock.1_100357	73609
H	564	90	91.1	+	0	0	1679I90M60I	New.CleanUp.ReferenceOTU3005 EUK.Mock.1_100357	105083
H	9760	90	87.8	+	0	0	1657I85M5D	New.CleanUp.ReferenceOTU3005 EUK.Mock.1_100357	8379
H	4314	90	86.7	+	0	0	1647I90M41I	New.CleanUp.ReferenceOTU3005 EUK.Mock.1_100357	354
H	3242	90	93.3	+	0	0	1639I90M133I	New.CleanUp.ReferenceOTU3012 EUK.Mock.1_101905	25771
H	1595	90	93.3	+	0	0	1626I90M66I	New.CleanUp.ReferenceOTU3012 EUK.Mock.1_101905	114376
H	3034	90	93.3	+	0	0	1646I90M66I	New.CleanUp.ReferenceOTU3012 EUK.Mock.1_101905	24055
L	2655	1788	*	*	*	*	*	20839	*
H	2655	90	86.7	+	0	0	1644I90M54I	New.CleanUp.ReferenceOTU3012 EUK.Mock.1_101905	20839
H	7123	90	94.4	+	0	0	1549I90M12I	New.CleanUp.ReferenceOTU3012 EUK.Mock.1_101905	61087
H	5866	90	90.0	+	0	0	1559I90M55I	New.CleanUp.ReferenceOTU3014 EUK.Mock.1_103125	49307
H	5135	90	92.2	+	0	0	1633I90M69I	New.CleanUp.ReferenceOTU3014 EUK.Mock.1_103125	4269
H	2906	90	90.0	+	0	0	1573I90M50I	New.CleanUp.ReferenceOTU3014 EUK.Mock.1_103125	23075
H	8635	90	90.0	+	0	0	1644I90M55I	New.CleanUp.ReferenceOTU3014 EUK.Mock.1_103125	74171
H	5437	90	88.9	+	0	0	1634I90M56I	New.CleanUp.ReferenceOTU3014 EUK.Mock.1_103125	45474
N	*	90	*	*	*	*	*	New.CleanUp.ReferenceOTU3019 EUK.Mock.1_61354	*
H	4634	90	95.6	+	0	0	1598I90M51I	New.CleanUp.ReferenceOTU3020 EUK.Mock.1_68276	38113
H	3034	90	94.4	+	0	0	1646I90M66I	New.CleanUp.ReferenceOTU3020 EUK.Mock.1_68276	24055
H	7123	90	95.6	+	0	0	1549I90M12I	New.CleanUp.ReferenceOTU3020 EUK.Mock.1_68276	61087
H	4038	90	92.2	+	0	0	1617I90M34I	New.CleanUp.ReferenceOTU3020 EUK.Mock.1_68276	3287
H	7185	90	94.4	+	0	0	1649I90M69I	New.CleanUp.ReferenceOTU3020 EUK.Mock.1_68276	61571
H	7688	86	89.5	+	0	0	1582I86M589I	New.CleanUp.ReferenceOTU3021 EUK.Mock.1_107405	65995
H	8570	86	89.5	+	0	0	1668I86M74I	New.CleanUp.ReferenceOTU3021 EUK.Mock.1_107405	73609
H	564	86	84.9	+	0	0	1679I86M64I	New.CleanUp.ReferenceOTU3021 EUK.Mock.1_107405	105083
H	6400	86	80.2	+	0	0	1680I86M72I	New.CleanUp.ReferenceOTU3021 EUK.Mock.1_107405	54274
H	8790	86	82.6	+	0	0	1630I86M34I	New.CleanUp.ReferenceOTU3021 EUK.Mock.1_107405	75440
H	4934	86	94.2	+	0	0	1591I86M54I	New.CleanUp.ReferenceOTU3022 EUK.Mock.1_105873	40794
H	854	86	93.0	+	0	0	1605I86M46I	New.CleanUp.ReferenceOTU3022 EUK.Mock.1_105873	10764
H	6170	86	93.0	+	0	0	1436I86M73I	New.CleanUp.ReferenceOTU3022 EUK.Mock.1_105873	52258
H	9284	86	94.2	+	0	0	1663I13MI73M71I	New.CleanUp.ReferenceOTU3022 EUK.Mock.1_105873	80038
H	3447	86	91.9	+	0	0	1645I86M70I	New.CleanUp.ReferenceOTU3022 EUK.Mock.1_105873	27744
H	4934	90	96.7	+	0	0	1591I90M50I	New.CleanUp.ReferenceOTU3023 EUK.Mock.1_63352	40794
H	9284	90	96.7	+	0	0	1663I13MI77M67I	New.CleanUp.ReferenceOTU3023 EUK.Mock.1_63352	80038
H	854	90	95.6	+	0	0	1605I90M42I	New.CleanUp.ReferenceOTU3023 EUK.Mock.1_63352	10764
H	6170	90	95.6	+	0	0	1436I90M69I	New.CleanUp.ReferenceOTU3023 EUK.Mock.1_63352	52258
H	3447	90	94.4	+	0	0	1645I90M66I	New.CleanUp.ReferenceOTU3023 EUK.Mock.1_63352	27744
H	3171	90	95.6	+	0	0	1626I90M65I	New.CleanUp.ReferenceOTU3024 EUK.Mock.1_82628	25160
H	8717	90	92.2	+	0	0	1594I47MI16MI27M67I	New.CleanUp.ReferenceOTU3024 EUK.Mock.1_82628	74829
H	2726	90	93.3	+	0	0	1589I44MI21MI25M63I	New.CleanUp.ReferenceOTU3024 EUK.Mock.1_82628	21485
H	11143	90	91.1	+	0	0	1591I44MI21MI25M63I	New.CleanUp.ReferenceOTU3024 EUK.Mock.1_82628	96234
H	7875	90	92.2	+	0	0	1592I44MI20MI26M64I	New.CleanUp.ReferenceOTU3024 EUK.Mock.1_82628	67609
H	7688	90	91.1	+	0	0	1582I90M585I	New.CleanUp.ReferenceOTU3026 EUK.Mock.1_30121	65995
H	8570	90	91.1	+	0	0	1668I90M70I	New.CleanUp.ReferenceOTU3026 EUK.Mock.1_30121	73609
H	564	90	86.7	+	0	0	1679I90M60I	New.CleanUp.ReferenceOTU3026 EUK.Mock.1_30121	105083
H	6400	90	82.2	+	0	0	1680I90M68I	New.CleanUp.ReferenceOTU3026 EUK.Mock.1_30121	54274
H	4314	90	84.4	+	0	0	1647I90M41I	New.CleanUp.ReferenceOTU3026 EUK.Mock.1_30121	354
H	4934	90	95.6	+	0	0	1591I90M50I	New.CleanUp.ReferenceOTU3027 EUK.Mock.1_72520	40794
H	6170	90	94.4	+	0	0	1436I90M69I	New.CleanUp.ReferenceOTU3027 EUK.Mock.1_72520	52258
H	854	90	94.4	+	0	0	1605I90M42I	New.CleanUp.ReferenceOTU3027 EUK.Mock.1_72520	10764
H	9284	90	95.6	+	0	0	1663I13MI77M67I	New.CleanUp.ReferenceOTU3027 EUK.Mock.1_72520	80038
H	3447	90	93.3	+	0	0	1645I90M66I	New.CleanUp.ReferenceOTU3027 EUK.Mock.1_72520	27744
H	7688	90	95.6	+	0	0	1582I90M585I	New.CleanUp.ReferenceOTU3029 EUK.Mock.1_67292	65995
H	8570	90	95.6	+	0	0	1668I90M70I	New.CleanUp.ReferenceOTU3029 EUK.Mock.1_67292	73609
H	564	90	90.0	+	0	0	1679I90M60I	New.CleanUp.ReferenceOTU3029 EUK.Mock.1_67292	105083
H	9379	90	90.0	+	0	0	1675I90M35I	New.CleanUp.ReferenceOTU3029 EUK.Mock.1_67292	80767
H	9760	90	86.7	+	0	0	1657I85M5D	New.CleanUp.ReferenceOTU3029 EUK.Mock.1_67292	8379
H	4934	85	95.3	+	0	0	1591I85M55I	New.CleanUp.ReferenceOTU3045 EUK.Mock.1_74648	40794
H	854	85	94.1	+	0	0	1605I85M47I	New.CleanUp.ReferenceOTU3045 EUK.Mock.1_74648	10764
H	3447	85	92.9	+	0	0	1645I85M71I	New.CleanUp.ReferenceOTU3045 EUK.Mock.1_74648	27744
H	6170	85	94.1	+	0	0	1436I85M74I	New.CleanUp.ReferenceOTU3045 EUK.Mock.1_74648	52258
H	9284	85	95.3	+	0	0	1663I13MI72M72I	New.CleanUp.ReferenceOTU3045 EUK.Mock.1_74648	80038
H	854	90	97.8	+	0	0	1605I90M42I	New.CleanUp.ReferenceOTU3046 EUK.Mock.1_74685	10764
H	4934	90	96.7	+	0	0	1591I90M50I	New.CleanUp.ReferenceOTU3046 EUK.Mock.1_74685	40794
H	3447	90	94.4	+	0	0	1645I90M66I	New.CleanUp.ReferenceOTU3046 EUK.Mock.1_74685	27744
H	6170	90	95.6	+	0	0	1436I90M69I	New.CleanUp.ReferenceOTU3046 EUK.Mock.1_74685	52258
H	9284	90	96.7	+	0	0	1663I13MI77M67I	New.CleanUp.ReferenceOTU3046 EUK.Mock.1_74685	80038
H	4934	90	96.7	+	0	0	1591I90M50I	New.CleanUp.ReferenceOTU3047 EUK.Mock.1_89486	40794
H	6170	90	95.6	+	0	0	1436I90M69I	New.CleanUp.ReferenceOTU3047 EUK.Mock.1_89486	52258
H	854	90	95.6	+	0	0	1605I90M42I	New.CleanUp.ReferenceOTU3047 EUK.Mock.1_89486	10764
H	3447	90	94.4	+	0	0	1645I90M66I	New.CleanUp.ReferenceOTU3047 EUK.Mock.1_89486	27744
H	9284	90	96.7	+	0	0	1663I13MI77M67I	New.CleanUp.ReferenceOTU3047 EUK.Mock.1_89486	80038
H	7688	76	96.1	+	0	0	1582I76M599I	New.CleanUp.ReferenceOTU3049 EUK.Mock.1_89481	65995
H	8570	76	96.1	+	0	0	1668I76M84I	New.CleanUp.ReferenceOTU3049 EUK.Mock.1_89481	73609
H	9760	76	90.8	+	0	0	1657I76M9I	New.CleanUp.ReferenceOTU3049 EUK.Mock.1_89481	8379
H	564	76	89.5	+	0	0	1679I76M74I	New.CleanUp.ReferenceOTU3049 EUK.Mock.1_89481	105083
H	9379	76	89.5	+	0	0	1675I76M49I	New.CleanUp.ReferenceOTU3049 EUK.Mock.1_89481	80767
H	4934	90	96.7	+	0	0	1591I90M50I	New.CleanUp.ReferenceOTU305 EUK.Mock.1_37491	40794
H	854	90	95.6	+	0	0	1605I90M42I	New.CleanUp.ReferenceOTU305 EUK.Mock.1_37491	10764
H	9284	90	96.7	+	0	0	1663I13MI77M67I	New.CleanUp.ReferenceOTU305 EUK.Mock.1_37491	80038
H	6170	90	95.6	+	0	0	1436I90M69I	New.CleanUp.ReferenceOTU305 EUK.Mock.1_37491	52258
H	3447	90	94.4	+	0	0	1645I90M66I	New.CleanUp.ReferenceOTU305 EUK.Mock.1_37491	27744
H	8570	90	95.6	+	0	0	1668I90M70I	New.CleanUp.ReferenceOTU3050 EUK.Mock.1_108036	73609
H	7688	90	95.6	+	0	0	1582I90M585I	New.CleanUp.ReferenceOTU3050 EUK.Mock.1_108036	65995
H	564	90	91.1	+	0	0	1679I90M60I	New.CleanUp.ReferenceOTU3050 EUK.Mock.1_108036	105083
H	9379	90	91.1	+	0	0	1675I90M35I	New.CleanUp.ReferenceOTU3050 EUK.Mock.1_108036	80767
H	4314	90	87.8	+	0	0	1647I90M41I	New.CleanUp.ReferenceOTU3050 EUK.Mock.1_108036	354
H	7688	90	95.6	+	0	0	1582I90M585I	New.CleanUp.ReferenceOTU3053 EUK.Mock.1_72142	65995
H	8570	90	95.6	+	0	0	1668I90M70I	New.CleanUp.ReferenceOTU3053 EUK.Mock.1_72142	73609
H	564	90	90.0	+	0	0	1679I90M60I	New.CleanUp.ReferenceOTU3053 EUK.Mock.1_72142	105083
H	9379	90	90.0	+	0	0	1675I90M35I	New.CleanUp.ReferenceOTU3053 EUK.Mock.1_72142	80767
H	6400	90	86.7	+	0	0	1680I90M68I	New.CleanUp.ReferenceOTU3053 EUK.Mock.1_72142	54274
H	8570	90	95.6	+	0	0	1668I90M70I	New.CleanUp.ReferenceOTU3059 EUK.Mock.1_102847	73609
H	7688	90	95.6	+	0	0	1582I90M585I	New.CleanUp.ReferenceOTU3059 EUK.Mock.1_102847	65995
H	564	90	91.1	+	0	0	1679I90M60I	New.CleanUp.ReferenceOTU3059 EUK.Mock.1_102847	105083
H	9379	90	91.1	+	0	0	1675I90M35I	New.CleanUp.ReferenceOTU3059 EUK.Mock.1_102847	80767
H	6400	90	87.8	+	0	0	1680I90M68I	New.CleanUp.ReferenceOTU3059 EUK.Mock.1_102847	54274
N	*	90	*	*	*	*	*	New.CleanUp.ReferenceOTU3060 EUK.Mock.1_38148	*
H	5135	90	91.1	+	0	0	1633I90M69I	New.CleanUp.ReferenceOTU3061 EUK.Mock.1_593	4269
H	5866	90	88.9	+	0	0	1559I90M55I	New.CleanUp.ReferenceOTU3061 EUK.Mock.1_593	49307
H	8635	90	88.9	+	0	0	1644I90M55I	New.CleanUp.ReferenceOTU3061 EUK.Mock.1_593	74171
H	2906	90	87.8	+	0	0	1573I90M50I	New.CleanUp.ReferenceOTU3061 EUK.Mock.1_593	23075
H	5437	90	87.8	+	0	0	1634I90M56I	New.CleanUp.ReferenceOTU3061 EUK.Mock.1_593	45474
H	8570	90	96.7	+	0	0	1668I90M70I	New.CleanUp.ReferenceOTU3076 EUK.Mock.1_11699	73609
H	7688	90	96.7	+	0	0	1582I90M585I	New.CleanUp.ReferenceOTU3076 EUK.Mock.1_11699	65995
H	564	90	91.1	+	0	0	1679I90M60I	New.CleanUp.ReferenceOTU3076 EUK.Mock.1_11699	105083
H	9379	90	91.1	+	0	0	1675I90M35I	New.CleanUp.ReferenceOTU3076 EUK.Mock.1_11699	80767
H	6400	90	87.8	+	0	0	1680I90M68I	New.CleanUp.ReferenceOTU3076 EUK.Mock.1_11699	54274
H	11182	90	87.8	+	0	0	1644I90M69I	New.CleanUp.ReferenceOTU3078 EUK.Mock.1_104538	96648
H	1905	90	88.9	+	0	0	1590I58MD31M336I	New.CleanUp.ReferenceOTU3078 EUK.Mock.1_104538	14030
H	2499	90	86.7	+	0	0	1638I90M63I	New.CleanUp.ReferenceOTU3078 EUK.Mock.1_104538	19455
H	11143	90	84.4	+	0	0	1591I90M65I	New.CleanUp.ReferenceOTU3078 EUK.Mock.1_104538	96234
H	5461	90	80.0	+	0	0	1603I90M66I	New.CleanUp.ReferenceOTU3078 EUK.Mock.1_104538	4565
H	4934	90	95.6	+	0	0	1591I90M50I	New.CleanUp.ReferenceOTU3080 EUK.Mock.1_100627	40794
H	6170	90	94.4	+	0	0	1436I90M69I	New.CleanUp.ReferenceOTU3080 EUK.Mock.1_100627	52258
H	854	90	94.4	+	0	0	1605I90M42I	New.CleanUp.ReferenceOTU3080 EUK.Mock.1_100627	10764
H	3447	90	93.3	+	0	0	1645I90M66I	New.CleanUp.ReferenceOTU3080 EUK.Mock.1_100627	27744
H	10646	90	92.2	+	0	0	1646I90M41I	New.CleanUp.ReferenceOTU3080 EUK.Mock.1_100627	91684
H	88	90	96.7	+	0	0	1111I90M69I	New.CleanUp.ReferenceOTU3082 EUK.Mock.1_100621	10084
H	818	90	92.2	+	0	0	1947I87M3D	New.CleanUp.ReferenceOTU3082 EUK.Mock.1_100621	107387
H	4197	90	95.6	+	0	0	1637I90M64I	New.CleanUp.ReferenceOTU3082 EUK.Mock.1_100621	34288
H	1860	90	94.4	+	0	0	1631I90M28I	New.CleanUp.ReferenceOTU3082 EUK.Mock.1_100621	13657
H	4318	90	88.9	+	0	0	1987I86M4D	New.CleanUp.ReferenceOTU3082 EUK.Mock.1_100621	35477
H	11256	90	94.4	+	0	0	1391I90M72I	New.CleanUp.ReferenceOTU3084 EUK.Mock.1_94759	97289
H	9506	90	94.4	+	0	0	1632I90M75I	New.CleanUp.ReferenceOTU3084 EUK.Mock.1_94759	81821
H	1322	90	70.0	+	0	0	1542I39M2D28MD20M1740I	New.CleanUp.ReferenceOTU3084 EUK.Mock.1_94759	111760
H	6004	90	72.2	+	0	0	1644I39M2D28MD20M171I	New.CleanUp.ReferenceOTU3084 EUK.Mock.1_94759	5062
L	3392	1820	*	*	*	*	*	27228	*
H	3392	90	74.4	+	0	0	1685I42M30I7M2I30M7I11M6I	New.CleanUp.ReferenceOTU3084 EUK.Mock.1_94759	27228
H	8570	90	96.7	+	0	0	1668I90M70I	New.CleanUp.ReferenceOTU3088 EUK.Mock.1_97864	73609
H	7688	90	96.7	+	0	0	1582I90M585I	New.CleanUp.ReferenceOTU3088 EUK.Mock.1_97864	65995
H	564	90	92.2	+	0	0	1679I90M60I	New.CleanUp.ReferenceOTU3088 EUK.Mock.1_97864	105083
H	9379	90	92.2	+	0	0	1675I90M35I	New.CleanUp.ReferenceOTU3088 EUK.Mock.1_97864	80767
H	6400	90	87.8	+	0	0	1680I90M68I	New.CleanUp.ReferenceOTU3088 EUK.Mock.1_97864	54274
H	854	82	95.1	+	0	0	1605I82M50I	New.CleanUp.ReferenceOTU3096 EUK.Mock.1_12635	10764
H	4934	82	95.1	+	0	0	1591I82M58I	New.CleanUp.ReferenceOTU3096 EUK.Mock.1_12635	40794
H	6170	82	93.9	+	0	0	1436I82M77I	New.CleanUp.ReferenceOTU3096 EUK.Mock.1_12635	52258
H	3447	82	93.9	+	0	0	1645I82M74I	New.CleanUp.ReferenceOTU3096 EUK.Mock.1_12635	27744
H	10646	82	92.7	+	0	0	1646I82M49I	New.CleanUp.ReferenceOTU3096 EUK.Mock.1_12635	91684
H	3447	83	94.0	+	0	0	1645I83M73I	New.CleanUp.ReferenceOTU3099 EUK.Mock.1_67672	27744
H	854	83	94.0	+	0	0	1605I83M49I	New.CleanUp.ReferenceOTU3099 EUK.Mock.1_67672	10764
H	4934	83	95.2	+	0	0	1591I83M57I	New.CleanUp.ReferenceOTU3099 EUK.Mock.1_67672	40794
H	6170	83	94.0	+	0	0	1436I83M76I	New.CleanUp.ReferenceOTU3099 EUK.Mock.1_67672	52258
H	1549	83	79.5	+	0	0	1427I43M3D34M3D	New.CleanUp.ReferenceOTU3099 EUK.Mock.1_67672	113941
H	3034	90	95.6	+	0	0	1646I90M66I	New.CleanUp.ReferenceOTU3100 EUK.Mock.1_43745	24055
H	7123	90	94.4	+	0	0	1549I90M12I	New.CleanUp.ReferenceOTU3100 EUK.Mock.1_43745	61087
H	4634	90	94.4	+	0	0	1598I90M51I	New.CleanUp.ReferenceOTU3100 EUK.Mock.1_43745	38113
H	9246	90	93.3	+	0	0	1549I90M12I	New.CleanUp.ReferenceOTU3100 EUK.Mock.1_43745	79610
H	7185	90	93.3	+	0	0	1649I90M69I	New.CleanUp.ReferenceOTU3100 EUK.Mock.1_43745	61571
H	854	82	95.1	+	0	0	1605I82M50I	New.CleanUp.ReferenceOTU3101 EUK.Mock.1_2390	10764
H	4934	82	95.1	+	0	0	1591I82M58I	New.CleanUp.ReferenceOTU3101 EUK.Mock.1_2390	40794
H	3447	82	93.9	+	0	0	1645I82M74I	New.CleanUp.ReferenceOTU3101 EUK.Mock.1_2390	27744
H	6170	82	93.9	+	0	0	1436I82M77I	New.CleanUp.ReferenceOTU3101 EUK.Mock.1_2390	52258
H	10646	82	92.7	+	0	0	1646I82M49I	New.CleanUp.ReferenceOTU3101 EUK.Mock.1_2390	91684
H	8570	90	96.7	+	0	0	1668I90M70I	New.CleanUp.ReferenceOTU3104 EUK.Mock.1_104198	73609
H	7688	90	96.7	+	0	0	1582I90M585I	New.CleanUp.ReferenceOTU3104 EUK.Mock.1_104198	65995
H	564	90	91.1	+	0	0	1679I90M60I	New.CleanUp.ReferenceOTU3104 EUK.Mock.1_104198	105083
H	9379	90	91.1	+	0	0	1675I90M35I	New.CleanUp.ReferenceOTU3104 EUK.Mock.1_104198	80767
H	4314	90	86.7	+	0	0	1647I90M41I	New.CleanUp.ReferenceOTU3104 EUK.Mock.1_104198	354
H	4934	83	95.2	+	0	0	1591I83M57I	New.CleanUp.ReferenceOTU3107 EUK.Mock.1_84523	40794
H	854	83	94.0	+	0	0	1605I83M49I	New.CleanUp.ReferenceOTU3107 EUK.Mock.1_84523	10764
H	6170	83	94.0	+	0	0	1436I83M76I	New.CleanUp.ReferenceOTU3107 EUK.Mock.1_84523	52258
H	3447	83	94.0	+	0	0	1645I83M73I	New.CleanUp.ReferenceOTU3107 EUK.Mock.1_84523	27744
H	3878	83	91.6	+	0	0	1629I50MD32M163I	New.CleanUp.ReferenceOTU3107 EUK.Mock.1_84523	31618
H	88	90	96.7	+	0	0	1111I90M69I	New.CleanUp.ReferenceOTU3109 EUK.Mock.1_80297	10084
H	818	90	92.2	+	0	0	1947I87M3D	New.CleanUp.ReferenceOTU3109 EUK.Mock.1_80297	107387
H	4197	90	95.6	+	0	0	1637I90M64I	New.CleanUp.ReferenceOTU3109 EUK.Mock.1_80297	34288
H	279	90	95.6	+	0	0	1595I90M32I	New.CleanUp.ReferenceOTU3109 EUK.Mock.1_80297	102447
H	4318	90	87.8	+	0	0	1987I86M4D	New.CleanUp.ReferenceOTU3109 EUK.Mock.1_80297	35477
H	8570	90	96.7	+	0	0	1668I90M70I	New.CleanUp.ReferenceOTU3111 EUK.Mock.1_104197	73609
H	7688	90	96.7	+	0	0	1582I90M585I	New.CleanUp.ReferenceOTU3111 EUK.Mock.1_104197	65995
H	564	90	91.1	+	0	0	1679I90M60I	New.CleanUp.ReferenceOTU3111 EUK.Mock.1_104197	105083
H	9379	90	91.1	+	0	0	1675I90M35I	New.CleanUp.ReferenceOTU3111 EUK.Mock.1_104197	80767
H	4314	90	86.7	+	0	0	1647I90M41I	New.CleanUp.ReferenceOTU3111 EUK.Mock.1_104197	354
N	*	90	*	*	*	*	*	New.CleanUp.ReferenceOTU3118 EUK.Mock.1_66493	*
N	*	90	*	*	*	*	*	New.CleanUp.ReferenceOTU3119 EUK.Mock.1_89936	*
H	854	80	96.2	+	0	0	1605I80M52I	New.CleanUp.ReferenceOTU3125 EUK.Mock.1_108346	10764
H	4934	80	96.2	+	0	0	1591I80M60I	New.CleanUp.ReferenceOTU3125 EUK.Mock.1_108346	40794
H	6170	80	95.0	+	0	0	1436I80M79I	New.CleanUp.ReferenceOTU3125 EUK.Mock.1_108346	52258
H	3447	80	95.0	+	0	0	1645I80M76I	New.CleanUp.ReferenceOTU3125 EUK.Mock.1_108346	27744
H	9284	80	96.2	+	0	0	1663I13MI67M77I	New.CleanUp.ReferenceOTU3125 EUK.Mock.1_108346	80038
H	3171	90	95.6	+	0	0	1626I90M65I	New.CleanUp.ReferenceOTU3130 EUK.Mock.1_88518	25160
H	8717	90	91.1	+	0	0	1594I47MI16MI27M67I	New.CleanUp.ReferenceOTU3130 EUK.Mock.1_88518	74829
H	7875	90	92.2	+	0	0	1592I45MI19MI26M64I	New.CleanUp.ReferenceOTU3130 EUK.Mock.1_88518	67609
H	2726	90	91.1	+	0	0	1589I45MI20MI25M63I	New.CleanUp.ReferenceOTU3130 EUK.Mock.1_88518	21485
H	7503	90	87.8	+	0	0	1585I90M64I	New.CleanUp.ReferenceOTU3130 EUK.Mock.1_88518	64286
H	88	90	96.7	+	0	0	1111I90M69I	New.CleanUp.ReferenceOTU3131 EUK.Mock.1_45303	10084
H	4197	90	95.6	+	0	0	1637I90M64I	New.CleanUp.ReferenceOTU3131 EUK.Mock.1_45303	34288
H	279	90	95.6	+	0	0	1595I90M32I	New.CleanUp.ReferenceOTU3131 EUK.Mock.1_45303	102447
H	2662	90	93.3	+	0	0	1624I90M58I	New.CleanUp.ReferenceOTU3131 EUK.Mock.1_45303	20910
H	818	90	92.2	+	0	0	1947I87M3D	New.CleanUp.ReferenceOTU3131 EUK.Mock.1_45303	107387
H	4934	90	95.6	+	0	0	1591I90M50I	New.CleanUp.ReferenceOTU3133 EUK.Mock.1_49950	40794
H	9284	90	95.6	+	0	0	1663I13MI77M67I	New.CleanUp.ReferenceOTU3133 EUK.Mock.1_49950	80038
H	6170	90	94.4	+	0	0	1436I90M69I	New.CleanUp.ReferenceOTU3133 EUK.Mock.1_49950	52258
H	854	90	94.4	+	0	0	1605I90M42I	New.CleanUp.ReferenceOTU3133 EUK.Mock.1_49950	10764
H	3447	90	93.3	+	0	0	1645I90M66I	New.CleanUp.ReferenceOTU3133 EUK.Mock.1_49950	27744
H	8570	90	85.6	+	0	0	1668I90M70I	New.CleanUp.ReferenceOTU3135 EUK.Mock.1_2572	73609
H	7688	90	85.6	+	0	0	1582I90M585I	New.CleanUp.ReferenceOTU3135 EUK.Mock.1_2572	65995
H	2690	90	80.0	+	0	0	1635I90M32I	New.CleanUp.ReferenceOTU3135 EUK.Mock.1_2572	21187
H	5531	90	72.2	+	0	0	1657I37M2D24M2I27M67I	New.CleanUp.ReferenceOTU3135 EUK.Mock.1_2572	46185
L	5808	1764	*	*	*	*	*	48553	*
H	5808	90	75.6	+	0	0	1641I62MI28M32I	New.CleanUp.ReferenceOTU3135 EUK.Mock.1_2572	48553
H	7090	90	94.4	+	0	0	1644I90M66I	New.CleanUp.ReferenceOTU3136 EUK.Mock.1_52696	60815
H	11512	90	90.0	+	0	0	1406I90M65I	New.CleanUp.ReferenceOTU3136 EUK.Mock.1_52696	99446
H	10977	90	90.0	+	0	0	1588I90M23I	New.CleanUp.ReferenceOTU3136 EUK.Mock.1_52696	94743
H	8619	90	91.1	+	0	0	1564I90M59I	New.CleanUp.ReferenceOTU3136 EUK.Mock.1_52696	74011
H	8754	90	90.0	+	0	0	1646I90M67I	New.CleanUp.ReferenceOTU3136 EUK.Mock.1_52696	75157
H	3171	90	94.4	+	0	0	1626I90M65I	New.CleanUp.ReferenceOTU3138 EUK.Mock.1_34931	25160
H	8717	90	90.0	+	0	0	1594I47MI16MI27M67I	New.CleanUp.ReferenceOTU3138 EUK.Mock.1_34931	74829
H	7875	90	91.1	+	0	0	1592I45MI19MI26M64I	New.CleanUp.ReferenceOTU3138 EUK.Mock.1_34931	67609
H	2726	90	90.0	+	0	0	1589I45MI20MI25M63I	New.CleanUp.ReferenceOTU3138 EUK.Mock.1_34931	21485
H	7503	90	86.7	+	0	0	1585I90M64I	New.CleanUp.ReferenceOTU3138 EUK.Mock.1_34931	64286
H	5135	90	92.2	+	0	0	1633I90M69I	New.CleanUp.ReferenceOTU314 EUK.Mock.1_19594	4269
H	5866	90	90.0	+	0	0	1559I90M55I	New.CleanUp.ReferenceOTU314 EUK.Mock.1_19594	49307
H	5423	90	91.1	+	0	0	1602I90M39I	New.CleanUp.ReferenceOTU314 EUK.Mock.1_19594	45376
H	8635	90	90.0	+	0	0	1644I90M55I	New.CleanUp.ReferenceOTU314 EUK.Mock.1_19594	74171
H	4099	90	85.6	+	0	0	1596I85M5D	New.CleanUp.ReferenceOTU314 EUK.Mock.1_19594	33523
H	7123	90	95.6	+	0	0	1549I90M12I	New.CleanUp.ReferenceOTU3142 EUK.Mock.1_105964	61087
H	7185	90	94.4	+	0	0	1649I90M69I	New.CleanUp.ReferenceOTU3142 EUK.Mock.1_105964	61571
H	9246	90	94.4	+	0	0	1549I90M12I	New.CleanUp.ReferenceOTU3142 EUK.Mock.1_105964	79610
H	4634	90	95.6	+	0	0	1598I90M51I	New.CleanUp.ReferenceOTU3142 EUK.Mock.1_105964	38113
H	3034	90	94.4	+	0	0	1646I90M66I	New.CleanUp.ReferenceOTU3142 EUK.Mock.1_105964	24055
H	9506	90	95.6	+	0	0	1632I90M75I	New.CleanUp.ReferenceOTU3146 EUK.Mock.1_39500	81821
H	11256	90	95.6	+	0	0	1391I90M72I	New.CleanUp.ReferenceOTU3146 EUK.Mock.1_39500	97289
N	*	81	*	*	*	*	*	New.CleanUp.ReferenceOTU3148 EUK.Mock.1_1577	*
H	7688	90	92.2	+	0	0	1582I90M585I	New.CleanUp.ReferenceOTU3152 EUK.Mock.1_46428	65995
H	8570	90	92.2	+	0	0	1668I90M70I	New.CleanUp.ReferenceOTU3152 EUK.Mock.1_46428	73609
H	564	90	87.8	+	0	0	1679I90M60I	New.CleanUp.ReferenceOTU3152 EUK.Mock.1_46428	105083
H	9379	90	87.8	+	0	0	1675I90M35I	New.CleanUp.ReferenceOTU3152 EUK.Mock.1_46428	80767
H	4314	90	83.3	+	0	0	1647I90M41I	New.CleanUp.ReferenceOTU3152 EUK.Mock.1_46428	354
H	4934	90	96.7	+	0	0	1591I90M50I	New.CleanUp.ReferenceOTU3153 EUK.Mock.1_70147	40794
H	9284	90	96.7	+	0	0	1663I13MI77M67I	New.CleanUp.ReferenceOTU3153 EUK.Mock.1_70147	80038
H	854	90	95.6	+	0	0	1605I90M42I	New.CleanUp.ReferenceOTU3153 EUK.Mock.1_70147	10764
H	6170	90	95.6	+	0	0	1436I90M69I	New.CleanUp.ReferenceOTU3153 EUK.Mock.1_70147	52258
H	3447	90	94.4	+	0	0	1645I90M66I	New.CleanUp.ReferenceOTU3153 EUK.Mock.1_70147	27744
H	4934	90	96.7	+	0	0	1591I90M50I	New.CleanUp.ReferenceOTU3156 EUK.Mock.1_104446	40794
H	6170	90	95.6	+	0	0	1436I90M69I	New.CleanUp.ReferenceOTU3156 EUK.Mock.1_104446	52258
H	9284	90	96.7	+	0	0	1663I13MI77M67I	New.CleanUp.ReferenceOTU3156 EUK.Mock.1_104446	80038
H	854	90	95.6	+	0	0	1605I90M42I	New.CleanUp.ReferenceOTU3156 EUK.Mock.1_104446	10764
H	3447	90	94.4	+	0	0	1645I90M66I	New.CleanUp.ReferenceOTU3156 EUK.Mock.1_104446	27744
H	7123	90	94.4	+	0	0	1549I90M12I	New.CleanUp.ReferenceOTU3160 EUK.Mock.1_71947	61087
H	4634	90	94.4	+	0	0	1598I90M51I	New.CleanUp.ReferenceOTU3160 EUK.Mock.1_71947	38113
H	7185	90	93.3	+	0	0	1649I90M69I	New.CleanUp.ReferenceOTU3160 EUK.Mock.1_71947	61571
H	9246	90	93.3	+	0	0	1549I90M12I	New.CleanUp.ReferenceOTU3160 EUK.Mock.1_71947	79610
H	3034	90	93.3	+	0	0	1646I90M66I	New.CleanUp.ReferenceOTU3160 EUK.Mock.1_71947	24055
H	4934	80	96.2	+	0	0	1591I80M60I	New.CleanUp.ReferenceOTU3162 EUK.Mock.1_60086	40794
H	854	80	96.2	+	0	0	1605I80M52I	New.CleanUp.ReferenceOTU3162 EUK.Mock.1_60086	10764
H	3447	80	95.0	+	0	0	1645I80M76I	New.CleanUp.ReferenceOTU3162 EUK.Mock.1_60086	27744
H	6170	80	95.0	+	0	0	1436I80M79I	New.CleanUp.ReferenceOTU3162 EUK.Mock.1_60086	52258
H	10646	80	93.8	+	0	0	1646I80M51I	New.CleanUp.ReferenceOTU3162 EUK.Mock.1_60086	91684
N	*	90	*	*	*	*	*	New.CleanUp.ReferenceOTU3167 EUK.Mock.1_49010	*
H	8570	90	93.3	+	0	0	1668I90M70I	New.CleanUp.ReferenceOTU3168 EUK.Mock.1_21151	73609
H	7688	90	93.3	+	0	0	1582I90M585I	New.CleanUp.ReferenceOTU3168 EUK.Mock.1_21151	65995
H	564	90	88.9	+	0	0	1679I90M60I	New.CleanUp.ReferenceOTU3168 EUK.Mock.1_21151	105083
H	6400	90	84.4	+	0	0	1680I90M68I	New.CleanUp.ReferenceOTU3168 EUK.Mock.1_21151	54274
H	9379	90	88.9	+	0	0	1675I90M35I	New.CleanUp.ReferenceOTU3168 EUK.Mock.1_21151	80767
H	4104	90	95.6	+	0	0	1703I90M70I	New.CleanUp.ReferenceOTU317 EUK.Mock.1_86374	33585
H	1952	90	91.1	+	0	0	1687I90M70I	New.CleanUp.ReferenceOTU317 EUK.Mock.1_86374	14424
H	5762	90	92.2	+	0	0	1695I90M70I	New.CleanUp.ReferenceOTU317 EUK.Mock.1_86374	48063
H	9936	90	93.3	+	0	0	1706I62MD27M70I	New.CleanUp.ReferenceOTU317 EUK.Mock.1_86374	85366
L	8053	1859	*	*	*	*	*	69177	*
H	8053	90	86.7	+	0	0	1699I90M70I	New.CleanUp.ReferenceOTU317 EUK.Mock.1_86374	69177
H	7123	90	94.4	+	0	0	1549I90M12I	New.CleanUp.ReferenceOTU3171 EUK.Mock.1_18062	61087
H	7185	90	93.3	+	0	0	1649I90M69I	New.CleanUp.ReferenceOTU3171 EUK.Mock.1_18062	61571
H	9246	90	93.3	+	0	0	1549I90M12I	New.CleanUp.ReferenceOTU3171 EUK.Mock.1_18062	79610
H	3034	90	92.2	+	0	0	1646I90M66I	New.CleanUp.ReferenceOTU3171 EUK.Mock.1_18062	24055
H	4634	90	93.3	+	0	0	1598I90M51I	New.CleanUp.ReferenceOTU3171 EUK.Mock.1_18062	38113
H	4934	90	96.7	+	0	0	1591I90M50I	New.CleanUp.ReferenceOTU3176 EUK.Mock.1_17046	40794
H	6170	90	95.6	+	0	0	1436I90M69I	New.CleanUp.ReferenceOTU3176 EUK.Mock.1_17046	52258
H	9284	90	96.7	+	0	0	1663I13MI77M67I	New.CleanUp.ReferenceOTU3176 EUK.Mock.1_17046	80038
H	854	90	95.6	+	0	0	1605I90M42I	New.CleanUp.ReferenceOTU3176 EUK.Mock.1_17046	10764
H	3447	90	94.4	+	0	0	1645I90M66I	New.CleanUp.ReferenceOTU3176 EUK.Mock.1_17046	27744
H	854	71	95.8	+	0	0	1605I71M61I	New.CleanUp.ReferenceOTU3179 EUK.Mock.1_104571	10764
H	6170	71	95.8	+	0	0	1436I71M88I	New.CleanUp.ReferenceOTU3179 EUK.Mock.1_104571	52258
H	4934	71	95.8	+	0	0	1591I71M69I	New.CleanUp.ReferenceOTU3179 EUK.Mock.1_104571	40794
H	3447	71	95.8	+	0	0	1645I71M85I	New.CleanUp.ReferenceOTU3179 EUK.Mock.1_104571	27744
H	9284	71	95.8	+	0	0	1663I13MI58M86I	New.CleanUp.ReferenceOTU3179 EUK.Mock.1_104571	80038
H	7123	85	95.3	+	0	0	1549I85M17I	New.CleanUp.ReferenceOTU318 EUK.Mock.1_103114	61087
H	7185	85	94.1	+	0	0	1649I85M74I	New.CleanUp.ReferenceOTU318 EUK.Mock.1_103114	61571
H	3034	85	95.3	+	0	0	1646I85M71I	New.CleanUp.ReferenceOTU318 EUK.Mock.1_103114	24055
H	4634	85	95.3	+	0	0	1598I85M56I	New.CleanUp.ReferenceOTU318 EUK.Mock.1_103114	38113
H	9246	85	94.1	+	0	0	1549I85M17I	New.CleanUp.ReferenceOTU318 EUK.Mock.1_103114	79610
H	7760	72	95.8	+	0	0	1279I72M53I	New.CleanUp.ReferenceOTU3183 EUK.Mock.1_27912	66673
H	4863	72	95.8	+	0	0	1251I72M53I	New.CleanUp.ReferenceOTU3183 EUK.Mock.1_27912	40103
H	3103	72	94.4	+	0	0	1290I72M52I	New.CleanUp.ReferenceOTU3183 EUK.Mock.1_27912	2467
H	10834	72	87.5	+	0	0	1683I72M88I	New.CleanUp.ReferenceOTU3183 EUK.Mock.1_27912	93246
H	11500	72	76.4	+	0	0	1634I62M4D6M82I	New.CleanUp.ReferenceOTU3183 EUK.Mock.1_27912	99356
H	6170	72	95.8	+	0	0	1436I21MD50M88I	New.CleanUp.ReferenceOTU3188 EUK.Mock.1_54743	52258
H	854	72	95.8	+	0	0	1605I21MD50M61I	New.CleanUp.ReferenceOTU3188 EUK.Mock.1_54743	10764
H	3447	72	95.8	+	0	0	1645I21MD50M85I	New.CleanUp.ReferenceOTU3188 EUK.Mock.1_54743	27744
H	4934	72	95.8	+	0	0	1591I21MD50M69I	New.CleanUp.ReferenceOTU3188 EUK.Mock.1_54743	40794
H	3878	72	94.4	+	0	0	1629I21MD33MD16M175I	New.CleanUp.ReferenceOTU3188 EUK.Mock.1_54743	31618
H	7760	90	95.6	+	0	0	1279I90M35I	New.CleanUp.ReferenceOTU3197 EUK.Mock.1_74879	66673
H	4863	90	95.6	+	0	0	1251I90M35I	New.CleanUp.ReferenceOTU3197 EUK.Mock.1_74879	40103
H	3103	90	94.4	+	0	0	1290I90M34I	New.CleanUp.ReferenceOTU3197 EUK.Mock.1_74879	2467
L	5020	2419	*	*	*	*	*	41531	*
H	5020	90	80.0	+	0	0	1606I56MD33M724I	New.CleanUp.ReferenceOTU3197 EUK.Mock.1_74879	41531
H	10834	90	87.8	+	0	0	1683I90M70I	New.CleanUp.ReferenceOTU3197 EUK.Mock.1_74879	93246
H	7090	90	93.3	+	0	0	1644I90M66I	New.CleanUp.ReferenceOTU3200 EUK.Mock.1_98359	60815
H	8619	90	92.2	+	0	0	1564I90M59I	New.CleanUp.ReferenceOTU3200 EUK.Mock.1_98359	74011
H	8817	90	93.3	+	0	0	1616I63MI16MI11M33I	New.CleanUp.ReferenceOTU3200 EUK.Mock.1_98359	75599
H	8754	90	92.2	+	0	0	1646I90M67I	New.CleanUp.ReferenceOTU3200 EUK.Mock.1_98359	75157
H	10977	90	92.2	+	0	0	1588I90M23I	New.CleanUp.ReferenceOTU3200 EUK.Mock.1_98359	94743
H	4934	90	95.6	+	0	0	1591I90M50I	New.CleanUp.ReferenceOTU3201 EUK.Mock.1_1006	40794
H	9284	90	95.6	+	0	0	1663I13MI77M67I	New.CleanUp.ReferenceOTU3201 EUK.Mock.1_1006	80038
H	854	90	94.4	+	0	0	1605I90M42I	New.CleanUp.ReferenceOTU3201 EUK.Mock.1_1006	10764
H	6170	90	94.4	+	0	0	1436I90M69I	New.CleanUp.ReferenceOTU3201 EUK.Mock.1_1006	52258
H	10646	90	92.2	+	0	0	1646I90M41I	New.CleanUp.ReferenceOTU3201 EUK.Mock.1_1006	91684
H	4634	90	95.6	+	0	0	1598I90M51I	New.CleanUp.ReferenceOTU3206 EUK.Mock.1_77877	38113
H	7123	90	95.6	+	0	0	1549I90M12I	New.CleanUp.ReferenceOTU3206 EUK.Mock.1_77877	61087
H	3034	90	94.4	+	0	0	1646I90M66I	New.CleanUp.ReferenceOTU3206 EUK.Mock.1_77877	24055
H	1595	90	94.4	+	0	0	1626I90M66I	New.CleanUp.ReferenceOTU3206 EUK.Mock.1_77877	114376
H	3242	90	94.4	+	0	0	1639I90M133I	New.CleanUp.ReferenceOTU3206 EUK.Mock.1_77877	25771
H	3171	90	96.7	+	0	0	1626I90M65I	New.CleanUp.ReferenceOTU3208 EUK.Mock.1_103841	25160
H	8717	90	92.2	+	0	0	1594I47MI16MI27M67I	New.CleanUp.ReferenceOTU3208 EUK.Mock.1_103841	74829
H	7875	90	93.3	+	0	0	1592I45MI19MI26M64I	New.CleanUp.ReferenceOTU3208 EUK.Mock.1_103841	67609
H	2726	90	92.2	+	0	0	1589I45MI20MI25M63I	New.CleanUp.ReferenceOTU3208 EUK.Mock.1_103841	21485
H	7503	90	88.9	+	0	0	1585I90M64I	New.CleanUp.ReferenceOTU3208 EUK.Mock.1_103841	64286
H	3171	90	95.6	+	0	0	1626I90M65I	New.CleanUp.ReferenceOTU321 EUK.Mock.1_103113	25160
H	8717	90	91.1	+	0	0	1594I44MI19MI27M67I	New.CleanUp.ReferenceOTU321 EUK.Mock.1_103113	74829
H	7875	90	93.3	+	0	0	1592I44MI20MI26M64I	New.CleanUp.ReferenceOTU321 EUK.Mock.1_103113	67609
H	2726	90	92.2	+	0	0	1589I44MI21MI25M63I	New.CleanUp.ReferenceOTU321 EUK.Mock.1_103113	21485
H	7503	90	87.8	+	0	0	1585I90M64I	New.CleanUp.ReferenceOTU321 EUK.Mock.1_103113	64286
H	7123	90	95.6	+	0	0	1549I90M12I	New.CleanUp.ReferenceOTU3211 EUK.Mock.1_102289	61087
H	4634	90	95.6	+	0	0	1598I90M51I	New.CleanUp.ReferenceOTU3211 EUK.Mock.1_102289	38113
H	3034	90	94.4	+	0	0	1646I90M66I	New.CleanUp.ReferenceOTU3211 EUK.Mock.1_102289	24055
H	7185	90	94.4	+	0	0	1649I90M69I	New.CleanUp.ReferenceOTU3211 EUK.Mock.1_102289	61571
H	3242	90	94.4	+	0	0	1639I90M133I	New.CleanUp.ReferenceOTU3211 EUK.Mock.1_102289	25771
H	3171	90	97.8	+	0	0	1626I90M65I	New.CleanUp.ReferenceOTU322 EUK.Mock.1_37017	25160
H	8717	90	93.3	+	0	0	1594I47MI16MI27M67I	New.CleanUp.ReferenceOTU322 EUK.Mock.1_37017	74829
H	7875	90	94.4	+	0	0	1592I45MI19MI26M64I	New.CleanUp.ReferenceOTU322 EUK.Mock.1_37017	67609
H	7503	90	90.0	+	0	0	1585I90M64I	New.CleanUp.ReferenceOTU322 EUK.Mock.1_37017	64286
H	2726	90	93.3	+	0	0	1589I45MI20MI25M63I	New.CleanUp.ReferenceOTU322 EUK.Mock.1_37017	21485
H	4634	90	95.6	+	0	0	1598I90M51I	New.CleanUp.ReferenceOTU3229 EUK.Mock.1_106670	38113
H	7123	90	95.6	+	0	0	1549I90M12I	New.CleanUp.ReferenceOTU3229 EUK.Mock.1_106670	61087
H	3034	90	94.4	+	0	0	1646I90M66I	New.CleanUp.ReferenceOTU3229 EUK.Mock.1_106670	24055
H	7185	90	94.4	+	0	0	1649I90M69I	New.CleanUp.ReferenceOTU3229 EUK.Mock.1_106670	61571
H	9246	90	94.4	+	0	0	1549I90M12I	New.CleanUp.ReferenceOTU3229 EUK.Mock.1_106670	79610
H	5135	90	91.1	+	0	0	1633I90M69I	New.CleanUp.ReferenceOTU3230 EUK.Mock.1_82104	4269
H	5866	90	88.9	+	0	0	1559I90M55I	New.CleanUp.ReferenceOTU3230 EUK.Mock.1_82104	49307
H	5423	90	90.0	+	0	0	1602I90M39I	New.CleanUp.ReferenceOTU3230 EUK.Mock.1_82104	45376
H	8293	90	87.8	+	0	0	1629I90M66I	New.CleanUp.ReferenceOTU3230 EUK.Mock.1_82104	71176
H	2499	90	87.8	+	0	0	1638I90M63I	New.CleanUp.ReferenceOTU3230 EUK.Mock.1_82104	19455
H	4934	83	96.4	+	0	0	1591I83M57I	New.CleanUp.ReferenceOTU3237 EUK.Mock.1_8056	40794
H	854	83	95.2	+	0	0	1605I83M49I	New.CleanUp.ReferenceOTU3237 EUK.Mock.1_8056	10764
H	6170	83	95.2	+	0	0	1436I83M76I	New.CleanUp.ReferenceOTU3237 EUK.Mock.1_8056	52258
H	3447	83	95.2	+	0	0	1645I83M73I	New.CleanUp.ReferenceOTU3237 EUK.Mock.1_8056	27744
H	9284	83	96.4	+	0	0	1663I13MI70M74I	New.CleanUp.ReferenceOTU3237 EUK.Mock.1_8056	80038
H	7688	90	93.3	+	0	0	1582I90M585I	New.CleanUp.ReferenceOTU324 EUK.Mock.1_102343	65995
H	8570	90	93.3	+	0	0	1668I90M70I	New.CleanUp.ReferenceOTU324 EUK.Mock.1_102343	73609
H	564	90	87.8	+	0	0	1679I90M60I	New.CleanUp.ReferenceOTU324 EUK.Mock.1_102343	105083
H	6400	90	84.4	+	0	0	1680I90M68I	New.CleanUp.ReferenceOTU324 EUK.Mock.1_102343	54274
H	7681	90	83.3	+	0	0	1653I90M54I	New.CleanUp.ReferenceOTU324 EUK.Mock.1_102343	65940
H	11182	90	90.0	+	0	0	1644I90M69I	New.CleanUp.ReferenceOTU3244 EUK.Mock.1_19089	96648
H	2499	90	88.9	+	0	0	1638I90M63I	New.CleanUp.ReferenceOTU3244 EUK.Mock.1_19089	19455
H	8293	90	88.9	+	0	0	1629I90M66I	New.CleanUp.ReferenceOTU3244 EUK.Mock.1_19089	71176
H	1905	90	91.1	+	0	0	1590I58MD31M336I	New.CleanUp.ReferenceOTU3244 EUK.Mock.1_19089	14030
H	5135	90	90.0	+	0	0	1633I90M69I	New.CleanUp.ReferenceOTU3244 EUK.Mock.1_19089	4269
H	4934	90	95.6	+	0	0	1591I90M50I	New.CleanUp.ReferenceOTU3248 EUK.Mock.1_103887	40794
H	854	90	94.4	+	0	0	1605I90M42I	New.CleanUp.ReferenceOTU3248 EUK.Mock.1_103887	10764
H	9284	90	95.6	+	0	0	1663I13MI77M67I	New.CleanUp.ReferenceOTU3248 EUK.Mock.1_103887	80038
H	6170	90	94.4	+	0	0	1436I90M69I	New.CleanUp.ReferenceOTU3248 EUK.Mock.1_103887	52258
H	3447	90	93.3	+	0	0	1645I90M66I	New.CleanUp.ReferenceOTU3248 EUK.Mock.1_103887	27744
H	6170	78	96.2	+	0	0	1436I78M81I	New.CleanUp.ReferenceOTU3250 EUK.Mock.1_65914	52258
H	854	78	96.2	+	0	0	1605I78M54I	New.CleanUp.ReferenceOTU3250 EUK.Mock.1_65914	10764
H	4934	78	96.2	+	0	0	1591I78M62I	New.CleanUp.ReferenceOTU3250 EUK.Mock.1_65914	40794
H	3447	78	96.2	+	0	0	1645I78M78I	New.CleanUp.ReferenceOTU3250 EUK.Mock.1_65914	27744
H	3878	78	93.6	+	0	0	1629I48MD29M168I	New.CleanUp.ReferenceOTU3250 EUK.Mock.1_65914	31618
H	854	82	95.1	+	0	0	1605I82M50I	New.CleanUp.ReferenceOTU3252 EUK.Mock.1_103882	10764
H	4934	82	95.1	+	0	0	1591I82M58I	New.CleanUp.ReferenceOTU3252 EUK.Mock.1_103882	40794
H	9284	82	95.1	+	0	0	1663I13MI69M75I	New.CleanUp.ReferenceOTU3252 EUK.Mock.1_103882	80038
H	3447	82	93.9	+	0	0	1645I82M74I	New.CleanUp.ReferenceOTU3252 EUK.Mock.1_103882	27744
H	6170	82	93.9	+	0	0	1436I82M77I	New.CleanUp.ReferenceOTU3252 EUK.Mock.1_103882	52258
H	3447	73	94.5	+	0	0	1645I73M83I	New.CleanUp.ReferenceOTU3257 EUK.Mock.1_105902	27744
H	854	73	94.5	+	0	0	1605I73M59I	New.CleanUp.ReferenceOTU3257 EUK.Mock.1_105902	10764
H	6170	73	94.5	+	0	0	1436I73M86I	New.CleanUp.ReferenceOTU3257 EUK.Mock.1_105902	52258
H	4934	73	94.5	+	0	0	1591I73M67I	New.CleanUp.ReferenceOTU3257 EUK.Mock.1_105902	40794
H	10646	73	93.2	+	0	0	1646I73M58I	New.CleanUp.ReferenceOTU3257 EUK.Mock.1_105902	91684
N	*	90	*	*	*	*	*	New.CleanUp.ReferenceOTU3263 EUK.Mock.1_70792	*
N	*	90	*	*	*	*	*	New.CleanUp.ReferenceOTU3265 EUK.Mock.1_70790	*
H	3171	90	96.7	+	0	0	1626I90M65I	New.CleanUp.ReferenceOTU3267 EUK.Mock.1_106720	25160
H	8717	90	92.2	+	0	0	1594I47MI16MI27M67I	New.CleanUp.ReferenceOTU3267 EUK.Mock.1_106720	74829
H	7875	90	93.3	+	0	0	1592I45MI19MI26M64I	New.CleanUp.ReferenceOTU3267 EUK.Mock.1_106720	67609
H	2035	90	92.2	+	0	0	1595I47MI16MI27M40I	New.CleanUp.ReferenceOTU3267 EUK.Mock.1_106720	15189
H	2726	90	92.2	+	0	0	1589I45MI20MI25M63I	New.CleanUp.ReferenceOTU3267 EUK.Mock.1_106720	21485
H	5135	90	92.2	+	0	0	1633I90M69I	New.CleanUp.ReferenceOTU3268 EUK.Mock.1_106723	4269
H	5866	90	90.0	+	0	0	1559I90M55I	New.CleanUp.ReferenceOTU3268 EUK.Mock.1_106723	49307
H	8635	90	90.0	+	0	0	1644I90M55I	New.CleanUp.ReferenceOTU3268 EUK.Mock.1_106723	74171
H	5423	90	91.1	+	0	0	1602I90M39I	New.CleanUp.ReferenceOTU3268 EUK.Mock.1_106723	45376
H	2906	90	88.9	+	0	0	1573I90M50I	New.CleanUp.ReferenceOTU3268 EUK.Mock.1_106723	23075
H	7688	90	94.4	+	0	0	1582I90M585I	New.CleanUp.ReferenceOTU3269 EUK.Mock.1_70794	65995
H	8570	90	94.4	+	0	0	1668I90M70I	New.CleanUp.ReferenceOTU3269 EUK.Mock.1_70794	73609
H	4314	90	86.7	+	0	0	1647I90M41I	New.CleanUp.ReferenceOTU3269 EUK.Mock.1_70794	354
H	7681	90	86.7	+	0	0	1653I90M54I	New.CleanUp.ReferenceOTU3269 EUK.Mock.1_70794	65940
H	564	90	88.9	+	0	0	1679I90M60I	New.CleanUp.ReferenceOTU3269 EUK.Mock.1_70794	105083
N	*	90	*	*	*	*	*	New.CleanUp.ReferenceOTU3275 EUK.Mock.1_70555	*
H	4104	90	96.7	+	0	0	1703I90M70I	New.CleanUp.ReferenceOTU3276 EUK.Mock.1_10112	33585
H	254	90	93.3	+	0	0	1706I90M68I	New.CleanUp.ReferenceOTU3276 EUK.Mock.1_10112	102297
H	9936	90	94.4	+	0	0	1706I62MD27M70I	New.CleanUp.ReferenceOTU3276 EUK.Mock.1_10112	85366
H	7925	90	90.0	+	0	0	1704I60M2I30M68I	New.CleanUp.ReferenceOTU3276 EUK.Mock.1_10112	68080
H	5711	90	90.0	+	0	0	1699I90M70I	New.CleanUp.ReferenceOTU3276 EUK.Mock.1_10112	47644
H	5135	90	91.1	+	0	0	1633I90M69I	New.CleanUp.ReferenceOTU3277 EUK.Mock.1_72339	4269
H	5866	90	88.9	+	0	0	1559I90M55I	New.CleanUp.ReferenceOTU3277 EUK.Mock.1_72339	49307
H	5423	90	90.0	+	0	0	1602I90M39I	New.CleanUp.ReferenceOTU3277 EUK.Mock.1_72339	45376
H	9443	90	87.8	+	0	0	1592I90M50I	New.CleanUp.ReferenceOTU3277 EUK.Mock.1_72339	81305
H	8635	90	88.9	+	0	0	1644I90M55I	New.CleanUp.ReferenceOTU3277 EUK.Mock.1_72339	74171
H	4934	90	95.6	+	0	0	1591I90M50I	New.CleanUp.ReferenceOTU3279 EUK.Mock.1_107311	40794
H	9284	90	95.6	+	0	0	1663I13MI77M67I	New.CleanUp.ReferenceOTU3279 EUK.Mock.1_107311	80038
H	854	90	94.4	+	0	0	1605I90M42I	New.CleanUp.ReferenceOTU3279 EUK.Mock.1_107311	10764
H	6170	90	94.4	+	0	0	1436I90M69I	New.CleanUp.ReferenceOTU3279 EUK.Mock.1_107311	52258
H	3447	90	93.3	+	0	0	1645I90M66I	New.CleanUp.ReferenceOTU3279 EUK.Mock.1_107311	27744
H	4934	86	96.5	+	0	0	1591I86M54I	New.CleanUp.ReferenceOTU328 EUK.Mock.1_92132	40794
H	9284	86	96.5	+	0	0	1663I10MI76M71I	New.CleanUp.ReferenceOTU328 EUK.Mock.1_92132	80038
H	854	86	95.3	+	0	0	1605I86M46I	New.CleanUp.ReferenceOTU328 EUK.Mock.1_92132	10764
H	3447	86	94.2	+	0	0	1645I86M70I	New.CleanUp.ReferenceOTU328 EUK.Mock.1_92132	27744
H	6170	86	95.3	+	0	0	1436I86M73I	New.CleanUp.ReferenceOTU328 EUK.Mock.1_92132	52258
H	4934	90	96.7	+	0	0	1591I90M50I	New.CleanUp.ReferenceOTU3281 EUK.Mock.1_37051	40794
H	9284	90	96.7	+	0	0	1663I13MI77M67I	New.CleanUp.ReferenceOTU3281 EUK.Mock.1_37051	80038
H	854	90	95.6	+	0	0	1605I90M42I	New.CleanUp.ReferenceOTU3281 EUK.Mock.1_37051	10764
H	6170	90	95.6	+	0	0	1436I90M69I	New.CleanUp.ReferenceOTU3281 EUK.Mock.1_37051	52258
H	3447	90	94.4	+	0	0	1645I90M66I	New.CleanUp.ReferenceOTU3281 EUK.Mock.1_37051	27744
H	8570	90	96.7	+	0	0	1668I90M70I	New.CleanUp.ReferenceOTU3287 EUK.Mock.1_4633	73609
H	7688	90	96.7	+	0	0	1582I90M585I	New.CleanUp.ReferenceOTU3287 EUK.Mock.1_4633	65995
H	564	90	91.1	+	0	0	1679I90M60I	New.CleanUp.ReferenceOTU3287 EUK.Mock.1_4633	105083
H	9379	90	91.1	+	0	0	1675I90M35I	New.CleanUp.ReferenceOTU3287 EUK.Mock.1_4633	80767
H	4314	90	86.7	+	0	0	1647I90M41I	New.CleanUp.ReferenceOTU3287 EUK.Mock.1_4633	354
H	6170	77	94.8	+	0	0	1436I77M82I	New.CleanUp.ReferenceOTU329 EUK.Mock.1_92131	52258
H	4934	77	94.8	+	0	0	1591I77M63I	New.CleanUp.ReferenceOTU329 EUK.Mock.1_92131	40794
H	3447	77	94.8	+	0	0	1645I77M79I	New.CleanUp.ReferenceOTU329 EUK.Mock.1_92131	27744
H	854	77	94.8	+	0	0	1605I77M55I	New.CleanUp.ReferenceOTU329 EUK.Mock.1_92131	10764
H	10646	77	93.5	+	0	0	1646I77M54I	New.CleanUp.ReferenceOTU329 EUK.Mock.1_92131	91684
H	4934	90	96.7	+	0	0	1591I90M50I	New.CleanUp.ReferenceOTU3292 EUK.Mock.1_81586	40794
H	9284	90	96.7	+	0	0	1663I13MI77M67I	New.CleanUp.ReferenceOTU3292 EUK.Mock.1_81586	80038
H	854	90	95.6	+	0	0	1605I90M42I	New.CleanUp.ReferenceOTU3292 EUK.Mock.1_81586	10764
H	6170	90	95.6	+	0	0	1436I90M69I	New.CleanUp.ReferenceOTU3292 EUK.Mock.1_81586	52258
H	3447	90	94.4	+	0	0	1645I90M66I	New.CleanUp.ReferenceOTU3292 EUK.Mock.1_81586	27744
H	7688	90	95.6	+	0	0	1582I90M585I	New.CleanUp.ReferenceOTU3299 EUK.Mock.1_86335	65995
H	8570	90	95.6	+	0	0	1668I90M70I	New.CleanUp.ReferenceOTU3299 EUK.Mock.1_86335	73609
H	564	90	90.0	+	0	0	1679I90M60I	New.CleanUp.ReferenceOTU3299 EUK.Mock.1_86335	105083
H	9379	90	90.0	+	0	0	1675I90M35I	New.CleanUp.ReferenceOTU3299 EUK.Mock.1_86335	80767
H	4314	90	87.8	+	0	0	1647I90M41I	New.CleanUp.ReferenceOTU3299 EUK.Mock.1_86335	354
N	*	90	*	*	*	*	*	New.CleanUp.ReferenceOTU3302 EUK.Mock.1_69379	*
H	4934	90	96.7	+	0	0	1591I90M50I	New.CleanUp.ReferenceOTU3305 EUK.Mock.1_40927	40794
H	9284	90	96.7	+	0	0	1663I13MI77M67I	New.CleanUp.ReferenceOTU3305 EUK.Mock.1_40927	80038
H	854	90	95.6	+	0	0	1605I90M42I	New.CleanUp.ReferenceOTU3305 EUK.Mock.1_40927	10764
H	6170	90	95.6	+	0	0	1436I90M69I	New.CleanUp.ReferenceOTU3305 EUK.Mock.1_40927	52258
H	3447	90	94.4	+	0	0	1645I90M66I	New.CleanUp.ReferenceOTU3305 EUK.Mock.1_40927	27744
H	7688	90	96.7	+	0	0	1582I90M585I	New.CleanUp.ReferenceOTU3307 EUK.Mock.1_55120	65995
H	8570	90	96.7	+	0	0	1668I90M70I	New.CleanUp.ReferenceOTU3307 EUK.Mock.1_55120	73609
H	564	90	91.1	+	0	0	1679I90M60I	New.CleanUp.ReferenceOTU3307 EUK.Mock.1_55120	105083
H	6400	90	86.7	+	0	0	1680I90M68I	New.CleanUp.ReferenceOTU3307 EUK.Mock.1_55120	54274
H	9379	90	91.1	+	0	0	1675I90M35I	New.CleanUp.ReferenceOTU3307 EUK.Mock.1_55120	80767
H	11256	90	94.4	+	0	0	1391I90M72I	New.CleanUp.ReferenceOTU3308 EUK.Mock.1_93486	97289
H	9506	90	94.4	+	0	0	1632I90M75I	New.CleanUp.ReferenceOTU3308 EUK.Mock.1_93486	81821
H	1881	90	74.4	+	0	0	1656I38M2D29MD20M57I	New.CleanUp.ReferenceOTU3308 EUK.Mock.1_93486	13813
L	2971	1769	*	*	*	*	*	23558	*
H	2971	90	70.0	+	0	0	1623I37M2D33M9I18M49I	New.CleanUp.ReferenceOTU3308 EUK.Mock.1_93486	23558
H	7960	90	71.1	+	0	0	1097I39M6I16MD34M59I	New.CleanUp.ReferenceOTU3308 EUK.Mock.1_93486	68401
H	6170	79	94.9	+	0	0	1436I79M80I	New.CleanUp.ReferenceOTU331 EUK.Mock.1_107901	52258
H	3447	79	94.9	+	0	0	1645I79M77I	New.CleanUp.ReferenceOTU331 EUK.Mock.1_107901	27744
H	854	79	94.9	+	0	0	1605I79M53I	New.CleanUp.ReferenceOTU331 EUK.Mock.1_107901	10764
H	4934	79	94.9	+	0	0	1591I79M61I	New.CleanUp.ReferenceOTU331 EUK.Mock.1_107901	40794
H	9284	79	94.9	+	0	0	1663I10MI69M78I	New.CleanUp.ReferenceOTU331 EUK.Mock.1_107901	80038
H	7688	90	96.7	+	0	0	1582I90M585I	New.CleanUp.ReferenceOTU3313 EUK.Mock.1_103991	65995
H	8570	90	96.7	+	0	0	1668I90M70I	New.CleanUp.ReferenceOTU3313 EUK.Mock.1_103991	73609
H	564	90	91.1	+	0	0	1679I90M60I	New.CleanUp.ReferenceOTU3313 EUK.Mock.1_103991	105083
H	9379	90	91.1	+	0	0	1675I90M35I	New.CleanUp.ReferenceOTU3313 EUK.Mock.1_103991	80767
H	4314	90	86.7	+	0	0	1647I90M41I	New.CleanUp.ReferenceOTU3313 EUK.Mock.1_103991	354
H	4934	90	96.7	+	0	0	1591I90M50I	New.CleanUp.ReferenceOTU3317 EUK.Mock.1_18172	40794
H	9284	90	96.7	+	0	0	1663I13MI77M67I	New.CleanUp.ReferenceOTU3317 EUK.Mock.1_18172	80038
H	6170	90	95.6	+	0	0	1436I90M69I	New.CleanUp.ReferenceOTU3317 EUK.Mock.1_18172	52258
H	854	90	95.6	+	0	0	1605I90M42I	New.CleanUp.ReferenceOTU3317 EUK.Mock.1_18172	10764
H	3447	90	94.4	+	0	0	1645I90M66I	New.CleanUp.ReferenceOTU3317 EUK.Mock.1_18172	27744
H	4863	90	95.6	+	0	0	1251I90M35I	New.CleanUp.ReferenceOTU3321 EUK.Mock.1_46148	40103
H	7760	90	95.6	+	0	0	1279I90M35I	New.CleanUp.ReferenceOTU3321 EUK.Mock.1_46148	66673
H	3103	90	94.4	+	0	0	1290I90M34I	New.CleanUp.ReferenceOTU3321 EUK.Mock.1_46148	2467
H	10834	90	86.7	+	0	0	1683I90M70I	New.CleanUp.ReferenceOTU3321 EUK.Mock.1_46148	93246
L	8739	1734	*	*	*	*	*	75012	*
H	8739	90	74.4	+	0	0	1578I59MD30M67I	New.CleanUp.ReferenceOTU3321 EUK.Mock.1_46148	75012
H	854	80	96.2	+	0	0	1605I80M52I	New.CleanUp.ReferenceOTU3326 EUK.Mock.1_83993	10764
H	4934	80	96.2	+	0	0	1591I80M60I	New.CleanUp.ReferenceOTU3326 EUK.Mock.1_83993	40794
H	6170	80	95.0	+	0	0	1436I80M79I	New.CleanUp.ReferenceOTU3326 EUK.Mock.1_83993	52258
H	3447	80	95.0	+	0	0	1645I80M76I	New.CleanUp.ReferenceOTU3326 EUK.Mock.1_83993	27744
H	10646	80	93.8	+	0	0	1646I80M51I	New.CleanUp.ReferenceOTU3326 EUK.Mock.1_83993	91684
H	7688	90	96.7	+	0	0	1582I90M585I	New.CleanUp.ReferenceOTU3327 EUK.Mock.1_39525	65995
H	8570	90	96.7	+	0	0	1668I90M70I	New.CleanUp.ReferenceOTU3327 EUK.Mock.1_39525	73609
H	9760	90	88.9	+	0	0	1657I85M5D	New.CleanUp.ReferenceOTU3327 EUK.Mock.1_39525	8379
H	564	90	91.1	+	0	0	1679I90M60I	New.CleanUp.ReferenceOTU3327 EUK.Mock.1_39525	105083
H	4314	90	86.7	+	0	0	1647I90M41I	New.CleanUp.ReferenceOTU3327 EUK.Mock.1_39525	354
N	*	90	*	*	*	*	*	New.CleanUp.ReferenceOTU3330 EUK.Mock.1_22749	*
H	4934	90	96.7	+	0	0	1591I90M50I	New.CleanUp.ReferenceOTU3335 EUK.Mock.1_23165	40794
H	854	90	95.6	+	0	0	1605I90M42I	New.CleanUp.ReferenceOTU3335 EUK.Mock.1_23165	10764
H	3447	90	95.6	+	0	0	1645I90M66I	New.CleanUp.ReferenceOTU3335 EUK.Mock.1_23165	27744
H	6170	90	95.6	+	0	0	1436I90M69I	New.CleanUp.ReferenceOTU3335 EUK.Mock.1_23165	52258
H	9284	90	96.7	+	0	0	1663I13MI77M67I	New.CleanUp.ReferenceOTU3335 EUK.Mock.1_23165	80038
H	5135	90	92.2	+	0	0	1633I90M69I	New.CleanUp.ReferenceOTU3336 EUK.Mock.1_105554	4269
H	5866	90	90.0	+	0	0	1559I90M55I	New.CleanUp.ReferenceOTU3336 EUK.Mock.1_105554	49307
H	8635	90	90.0	+	0	0	1644I90M55I	New.CleanUp.ReferenceOTU3336 EUK.Mock.1_105554	74171
H	5437	90	87.8	+	0	0	1634I90M56I	New.CleanUp.ReferenceOTU3336 EUK.Mock.1_105554	45474
H	5423	90	91.1	+	0	0	1602I90M39I	New.CleanUp.ReferenceOTU3336 EUK.Mock.1_105554	45376
N	*	90	*	*	*	*	*	New.CleanUp.ReferenceOTU3338 EUK.Mock.1_85138	*
H	7688	90	95.6	+	0	0	1582I90M585I	New.CleanUp.ReferenceOTU3341 EUK.Mock.1_85130	65995
H	8570	90	95.6	+	0	0	1668I90M70I	New.CleanUp.ReferenceOTU3341 EUK.Mock.1_85130	73609
H	564	90	90.0	+	0	0	1679I90M60I	New.CleanUp.ReferenceOTU3341 EUK.Mock.1_85130	105083
H	6400	90	86.7	+	0	0	1680I90M68I	New.CleanUp.ReferenceOTU3341 EUK.Mock.1_85130	54274
H	9379	90	90.0	+	0	0	1675I90M35I	New.CleanUp.ReferenceOTU3341 EUK.Mock.1_85130	80767
H	4934	85	94.1	+	0	0	1591I85M55I	New.CleanUp.ReferenceOTU3345 EUK.Mock.1_69604	40794
H	9284	85	94.1	+	0	0	1663I13MI72M72I	New.CleanUp.ReferenceOTU3345 EUK.Mock.1_69604	80038
H	854	85	92.9	+	0	0	1605I85M47I	New.CleanUp.ReferenceOTU3345 EUK.Mock.1_69604	10764
H	3447	85	91.8	+	0	0	1645I85M71I	New.CleanUp.ReferenceOTU3345 EUK.Mock.1_69604	27744
H	6170	85	92.9	+	0	0	1436I85M74I	New.CleanUp.ReferenceOTU3345 EUK.Mock.1_69604	52258
H	7688	90	96.7	+	0	0	1582I90M585I	New.CleanUp.ReferenceOTU3348 EUK.Mock.1_69600	65995
H	8570	90	96.7	+	0	0	1668I90M70I	New.CleanUp.ReferenceOTU3348 EUK.Mock.1_69600	73609
H	564	90	91.1	+	0	0	1679I90M60I	New.CleanUp.ReferenceOTU3348 EUK.Mock.1_69600	105083
H	9379	90	91.1	+	0	0	1675I90M35I	New.CleanUp.ReferenceOTU3348 EUK.Mock.1_69600	80767
H	6400	90	88.9	+	0	0	1680I90M68I	New.CleanUp.ReferenceOTU3348 EUK.Mock.1_69600	54274
H	8570	85	96.5	+	0	0	1668I85M75I	New.CleanUp.ReferenceOTU335 EUK.Mock.1_71137	73609
H	7688	85	96.5	+	0	0	1582I85M590I	New.CleanUp.ReferenceOTU335 EUK.Mock.1_71137	65995
H	564	85	90.6	+	0	0	1679I85M65I	New.CleanUp.ReferenceOTU335 EUK.Mock.1_71137	105083
H	9379	85	90.6	+	0	0	1675I85M40I	New.CleanUp.ReferenceOTU335 EUK.Mock.1_71137	80767
H	9760	85	91.8	+	0	0	1657I85M	New.CleanUp.ReferenceOTU335 EUK.Mock.1_71137	8379
H	3447	90	91.1	+	0	0	1645I90M66I	New.CleanUp.ReferenceOTU3352 EUK.Mock.1_17866	27744
H	6170	90	90.0	+	0	0	1436I90M69I	New.CleanUp.ReferenceOTU3352 EUK.Mock.1_17866	52258
H	4934	90	91.1	+	0	0	1591I90M50I	New.CleanUp.ReferenceOTU3352 EUK.Mock.1_17866	40794
H	854	90	90.0	+	0	0	1605I90M42I	New.CleanUp.ReferenceOTU3352 EUK.Mock.1_17866	10764
H	3878	90	91.1	+	0	0	1629I50MD39M156I	New.CleanUp.ReferenceOTU3352 EUK.Mock.1_17866	31618
N	*	90	*	*	*	*	*	New.CleanUp.ReferenceOTU3353 EUK.Mock.1_36088	*
H	3242	90	86.7	+	0	0	1639I90M133I	New.CleanUp.ReferenceOTU3354 EUK.Mock.1_39457	25771
H	1595	90	86.7	+	0	0	1626I90M66I	New.CleanUp.ReferenceOTU3354 EUK.Mock.1_39457	114376
H	7185	90	86.7	+	0	0	1649I90M69I	New.CleanUp.ReferenceOTU3354 EUK.Mock.1_39457	61571
H	7123	90	87.8	+	0	0	1549I90M12I	New.CleanUp.ReferenceOTU3354 EUK.Mock.1_39457	61087
L	3387	1741	*	*	*	*	*	27175	*
H	3387	90	83.3	+	0	0	1609I90M42I	New.CleanUp.ReferenceOTU3354 EUK.Mock.1_39457	27175
H	8570	90	95.6	+	0	0	1668I90M70I	New.CleanUp.ReferenceOTU3359 EUK.Mock.1_93026	73609
H	7688	90	95.6	+	0	0	1582I90M585I	New.CleanUp.ReferenceOTU3359 EUK.Mock.1_93026	65995
H	564	90	90.0	+	0	0	1679I90M60I	New.CleanUp.ReferenceOTU3359 EUK.Mock.1_93026	105083
H	8790	90	90.0	+	0	0	1630I90M30I	New.CleanUp.ReferenceOTU3359 EUK.Mock.1_93026	75440
H	9760	90	85.6	+	0	0	1657I85M5D	New.CleanUp.ReferenceOTU3359 EUK.Mock.1_93026	8379
H	4934	86	96.5	+	0	0	1591I86M54I	New.CleanUp.ReferenceOTU3362 EUK.Mock.1_64867	40794
H	854	86	95.3	+	0	0	1605I86M46I	New.CleanUp.ReferenceOTU3362 EUK.Mock.1_64867	10764
H	6170	86	95.3	+	0	0	1436I86M73I	New.CleanUp.ReferenceOTU3362 EUK.Mock.1_64867	52258
H	9284	86	96.5	+	0	0	1663I13MI73M71I	New.CleanUp.ReferenceOTU3362 EUK.Mock.1_64867	80038
H	3447	86	94.2	+	0	0	1645I86M70I	New.CleanUp.ReferenceOTU3362 EUK.Mock.1_64867	27744
H	4934	85	96.5	+	0	0	1591I85M55I	New.CleanUp.ReferenceOTU3365 EUK.Mock.1_104058	40794
H	854	85	95.3	+	0	0	1605I85M47I	New.CleanUp.ReferenceOTU3365 EUK.Mock.1_104058	10764
H	6170	85	95.3	+	0	0	1436I85M74I	New.CleanUp.ReferenceOTU3365 EUK.Mock.1_104058	52258
H	3447	85	94.1	+	0	0	1645I85M71I	New.CleanUp.ReferenceOTU3365 EUK.Mock.1_104058	27744
H	9284	85	96.5	+	0	0	1663I13MI72M72I	New.CleanUp.ReferenceOTU3365 EUK.Mock.1_104058	80038
H	4934	90	95.6	+	0	0	1591I90M50I	New.CleanUp.ReferenceOTU3367 EUK.Mock.1_75519	40794
H	854	90	94.4	+	0	0	1605I90M42I	New.CleanUp.ReferenceOTU3367 EUK.Mock.1_75519	10764
H	3447	90	93.3	+	0	0	1645I90M66I	New.CleanUp.ReferenceOTU3367 EUK.Mock.1_75519	27744
H	6170	90	94.4	+	0	0	1436I90M69I	New.CleanUp.ReferenceOTU3367 EUK.Mock.1_75519	52258
H	10646	90	92.2	+	0	0	1646I90M41I	New.CleanUp.ReferenceOTU3367 EUK.Mock.1_75519	91684
H	3034	90	95.6	+	0	0	1646I90M66I	New.CleanUp.ReferenceOTU3369 EUK.Mock.1_95747	24055
H	4634	90	95.6	+	0	0	1598I90M51I	New.CleanUp.ReferenceOTU3369 EUK.Mock.1_95747	38113
H	4038	90	93.3	+	0	0	1617I90M34I	New.CleanUp.ReferenceOTU3369 EUK.Mock.1_95747	3287
H	7123	90	95.6	+	0	0	1549I90M12I	New.CleanUp.ReferenceOTU3369 EUK.Mock.1_95747	61087
H	7185	90	94.4	+	0	0	1649I90M69I	New.CleanUp.ReferenceOTU3369 EUK.Mock.1_95747	61571
H	7090	90	95.6	+	0	0	1644I90M66I	New.CleanUp.ReferenceOTU3376 EUK.Mock.1_84605	60815
H	8619	90	92.2	+	0	0	1564I90M59I	New.CleanUp.ReferenceOTU3376 EUK.Mock.1_84605	74011
H	8817	90	93.3	+	0	0	1616I63MI16MI11M33I	New.CleanUp.ReferenceOTU3376 EUK.Mock.1_84605	75599
H	8754	90	91.1	+	0	0	1646I90M67I	New.CleanUp.ReferenceOTU3376 EUK.Mock.1_84605	75157
H	2803	90	92.2	+	0	0	1562I90M34I	New.CleanUp.ReferenceOTU3376 EUK.Mock.1_84605	22189
H	3171	84	95.2	+	0	0	1626I84M71I	New.CleanUp.ReferenceOTU3378 EUK.Mock.1_73774	25160
H	7875	84	92.9	+	0	0	1592I45MI19MI20M70I	New.CleanUp.ReferenceOTU3378 EUK.Mock.1_73774	67609
H	2726	84	91.7	+	0	0	1589I45MI16MI23M69I	New.CleanUp.ReferenceOTU3378 EUK.Mock.1_73774	21485
H	8717	84	90.5	+	0	0	1594I47MI14MI23M73I	New.CleanUp.ReferenceOTU3378 EUK.Mock.1_73774	74829
H	11143	84	89.3	+	0	0	1591I45MI20MI19M69I	New.CleanUp.ReferenceOTU3378 EUK.Mock.1_73774	96234
H	88	90	96.7	+	0	0	1111I90M69I	New.CleanUp.ReferenceOTU3380 EUK.Mock.1_48587	10084
L	4385	1729	*	*	*	*	*	36118	*
H	4385	90	95.6	+	0	0	1613I90M26I	New.CleanUp.ReferenceOTU3380 EUK.Mock.1_48587	36118
H	279	90	95.6	+	0	0	1595I90M32I	New.CleanUp.ReferenceOTU3380 EUK.Mock.1_48587	102447
H	4197	90	95.6	+	0	0	1637I90M64I	New.CleanUp.ReferenceOTU3380 EUK.Mock.1_48587	34288
L	285	1884	*	*	*	*	*	10250	*
H	285	90	94.4	+	0	0	1788I90M6I	New.CleanUp.ReferenceOTU3380 EUK.Mock.1_48587	10250
H	8570	90	95.6	+	0	0	1668I90M70I	New.CleanUp.ReferenceOTU3381 EUK.Mock.1_29197	73609
H	7688	90	95.6	+	0	0	1582I90M585I	New.CleanUp.ReferenceOTU3381 EUK.Mock.1_29197	65995
H	564	90	90.0	+	0	0	1679I90M60I	New.CleanUp.ReferenceOTU3381 EUK.Mock.1_29197	105083
H	9379	90	90.0	+	0	0	1675I90M35I	New.CleanUp.ReferenceOTU3381 EUK.Mock.1_29197	80767
H	6400	90	86.7	+	0	0	1680I90M68I	New.CleanUp.ReferenceOTU3381 EUK.Mock.1_29197	54274
H	7688	90	96.7	+	0	0	1582I90M585I	New.CleanUp.ReferenceOTU3383 EUK.Mock.1_90916	65995
H	8570	90	96.7	+	0	0	1668I90M70I	New.CleanUp.ReferenceOTU3383 EUK.Mock.1_90916	73609
H	564	90	91.1	+	0	0	1679I90M60I	New.CleanUp.ReferenceOTU3383 EUK.Mock.1_90916	105083
H	9379	90	91.1	+	0	0	1675I90M35I	New.CleanUp.ReferenceOTU3383 EUK.Mock.1_90916	80767
H	4314	90	86.7	+	0	0	1647I90M41I	New.CleanUp.ReferenceOTU3383 EUK.Mock.1_90916	354
H	8570	90	95.6	+	0	0	1668I90M70I	New.CleanUp.ReferenceOTU3390 EUK.Mock.1_69138	73609
H	7688	90	95.6	+	0	0	1582I90M585I	New.CleanUp.ReferenceOTU3390 EUK.Mock.1_69138	65995
H	564	90	90.0	+	0	0	1679I90M60I	New.CleanUp.ReferenceOTU3390 EUK.Mock.1_69138	105083
H	6400	90	86.7	+	0	0	1680I90M68I	New.CleanUp.ReferenceOTU3390 EUK.Mock.1_69138	54274
H	7681	90	85.6	+	0	0	1653I90M54I	New.CleanUp.ReferenceOTU3390 EUK.Mock.1_69138	65940
H	7688	90	96.7	+	0	0	1582I90M585I	New.CleanUp.ReferenceOTU3392 EUK.Mock.1_103418	65995
H	8570	90	96.7	+	0	0	1668I90M70I	New.CleanUp.ReferenceOTU3392 EUK.Mock.1_103418	73609
H	564	90	91.1	+	0	0	1679I90M60I	New.CleanUp.ReferenceOTU3392 EUK.Mock.1_103418	105083
H	9379	90	91.1	+	0	0	1675I90M35I	New.CleanUp.ReferenceOTU3392 EUK.Mock.1_103418	80767
H	9760	90	86.7	+	0	0	1657I85M5D	New.CleanUp.ReferenceOTU3392 EUK.Mock.1_103418	8379
H	7688	90	96.7	+	0	0	1582I90M585I	New.CleanUp.ReferenceOTU3395 EUK.Mock.1_33495	65995
H	8570	90	96.7	+	0	0	1668I90M70I	New.CleanUp.ReferenceOTU3395 EUK.Mock.1_33495	73609
H	564	90	93.3	+	0	0	1679I90M60I	New.CleanUp.ReferenceOTU3395 EUK.Mock.1_33495	105083
H	9379	90	93.3	+	0	0	1675I90M35I	New.CleanUp.ReferenceOTU3395 EUK.Mock.1_33495	80767
H	4314	90	87.8	+	0	0	1647I90M41I	New.CleanUp.ReferenceOTU3395 EUK.Mock.1_33495	354
H	8570	90	96.7	+	0	0	1668I90M70I	New.CleanUp.ReferenceOTU3399 EUK.Mock.1_69421	73609
H	7688	90	96.7	+	0	0	1582I90M585I	New.CleanUp.ReferenceOTU3399 EUK.Mock.1_69421	65995
H	564	90	91.1	+	0	0	1679I90M60I	New.CleanUp.ReferenceOTU3399 EUK.Mock.1_69421	105083
H	9760	90	86.7	+	0	0	1657I85M5D	New.CleanUp.ReferenceOTU3399 EUK.Mock.1_69421	8379
H	9379	90	91.1	+	0	0	1675I90M35I	New.CleanUp.ReferenceOTU3399 EUK.Mock.1_69421	80767
H	4934	90	96.7	+	0	0	1591I90M50I	New.CleanUp.ReferenceOTU3401 EUK.Mock.1_108195	40794
H	9284	90	96.7	+	0	0	1663I13MI77M67I	New.CleanUp.ReferenceOTU3401 EUK.Mock.1_108195	80038
H	854	90	95.6	+	0	0	1605I90M42I	New.CleanUp.ReferenceOTU3401 EUK.Mock.1_108195	10764
H	6170	90	95.6	+	0	0	1436I90M69I	New.CleanUp.ReferenceOTU3401 EUK.Mock.1_108195	52258
H	3447	90	94.4	+	0	0	1645I90M66I	New.CleanUp.ReferenceOTU3401 EUK.Mock.1_108195	27744
L	662	1704	*	*	*	*	*	105915	*
H	662	90	87.8	+	0	0	1604I90M10I	New.CleanUp.ReferenceOTU3402 EUK.Mock.1_29331	105915
L	649	1761	*	*	*	*	*	105830	*
H	649	90	85.6	+	0	0	1611I90M60I	New.CleanUp.ReferenceOTU3402 EUK.Mock.1_29331	105830
L	10613	1806	*	*	*	*	*	9146	*
H	10613	90	85.6	+	0	0	1650I90M66I	New.CleanUp.ReferenceOTU3402 EUK.Mock.1_29331	9146
H	3931	90	84.4	+	0	0	1596I90M51I	New.CleanUp.ReferenceOTU3402 EUK.Mock.1_29331	32013
H	11182	90	87.8	+	0	0	1644I90M69I	New.CleanUp.ReferenceOTU3402 EUK.Mock.1_29331	96648
H	5135	90	91.1	+	0	0	1633I90M69I	New.CleanUp.ReferenceOTU3404 EUK.Mock.1_38998	4269
H	5866	90	88.9	+	0	0	1559I90M55I	New.CleanUp.ReferenceOTU3404 EUK.Mock.1_38998	49307
H	8635	90	88.9	+	0	0	1644I90M55I	New.CleanUp.ReferenceOTU3404 EUK.Mock.1_38998	74171
H	5437	90	86.7	+	0	0	1634I90M56I	New.CleanUp.ReferenceOTU3404 EUK.Mock.1_38998	45474
H	5423	90	90.0	+	0	0	1602I90M39I	New.CleanUp.ReferenceOTU3404 EUK.Mock.1_38998	45376
H	8570	90	96.7	+	0	0	1668I90M70I	New.CleanUp.ReferenceOTU3407 EUK.Mock.1_108199	73609
H	7688	90	96.7	+	0	0	1582I90M585I	New.CleanUp.ReferenceOTU3407 EUK.Mock.1_108199	65995
H	564	90	91.1	+	0	0	1679I90M60I	New.CleanUp.ReferenceOTU3407 EUK.Mock.1_108199	105083
H	9379	90	91.1	+	0	0	1675I90M35I	New.CleanUp.ReferenceOTU3407 EUK.Mock.1_108199	80767
H	6400	90	88.9	+	0	0	1680I90M68I	New.CleanUp.ReferenceOTU3407 EUK.Mock.1_108199	54274
H	4934	84	96.4	+	0	0	1591I84M56I	New.CleanUp.ReferenceOTU3411 EUK.Mock.1_61444	40794
H	854	84	95.2	+	0	0	1605I84M48I	New.CleanUp.ReferenceOTU3411 EUK.Mock.1_61444	10764
H	3447	84	94.0	+	0	0	1645I84M72I	New.CleanUp.ReferenceOTU3411 EUK.Mock.1_61444	27744
H	6170	84	95.2	+	0	0	1436I84M75I	New.CleanUp.ReferenceOTU3411 EUK.Mock.1_61444	52258
H	9284	84	96.4	+	0	0	1663I13MI71M73I	New.CleanUp.ReferenceOTU3411 EUK.Mock.1_61444	80038
H	88	90	95.6	+	0	0	1111I90M69I	New.CleanUp.ReferenceOTU3416 EUK.Mock.1_89835	10084
H	279	90	94.4	+	0	0	1595I90M32I	New.CleanUp.ReferenceOTU3416 EUK.Mock.1_89835	102447
H	6339	90	94.4	+	0	0	2364I90M500I	New.CleanUp.ReferenceOTU3416 EUK.Mock.1_89835	53760
H	2551	90	94.4	+	0	0	2048I90M66I	New.CleanUp.ReferenceOTU3416 EUK.Mock.1_89835	19976
H	3439	90	93.3	+	0	0	1600I90M55I	New.CleanUp.ReferenceOTU3416 EUK.Mock.1_89835	27643
H	5135	90	91.1	+	0	0	1633I90M69I	New.CleanUp.ReferenceOTU3418 EUK.Mock.1_98061	4269
H	5866	90	88.9	+	0	0	1559I90M55I	New.CleanUp.ReferenceOTU3418 EUK.Mock.1_98061	49307
H	2906	90	87.8	+	0	0	1573I90M50I	New.CleanUp.ReferenceOTU3418 EUK.Mock.1_98061	23075
H	8635	90	88.9	+	0	0	1644I90M55I	New.CleanUp.ReferenceOTU3418 EUK.Mock.1_98061	74171
H	5437	90	86.7	+	0	0	1634I90M56I	New.CleanUp.ReferenceOTU3418 EUK.Mock.1_98061	45474
H	7123	90	94.4	+	0	0	1549I90M12I	New.CleanUp.ReferenceOTU3425 EUK.Mock.1_35299	61087
H	4634	90	94.4	+	0	0	1598I90M51I	New.CleanUp.ReferenceOTU3425 EUK.Mock.1_35299	38113
H	3034	90	93.3	+	0	0	1646I90M66I	New.CleanUp.ReferenceOTU3425 EUK.Mock.1_35299	24055
H	9246	90	93.3	+	0	0	1549I90M12I	New.CleanUp.ReferenceOTU3425 EUK.Mock.1_35299	79610
H	7185	90	93.3	+	0	0	1649I90M69I	New.CleanUp.ReferenceOTU3425 EUK.Mock.1_35299	61571
H	4634	90	95.6	+	0	0	1598I90M51I	New.CleanUp.ReferenceOTU3428 EUK.Mock.1_88054	38113
H	7185	90	95.6	+	0	0	1649I90M69I	New.CleanUp.ReferenceOTU3428 EUK.Mock.1_88054	61571
H	7123	90	95.6	+	0	0	1549I90M12I	New.CleanUp.ReferenceOTU3428 EUK.Mock.1_88054	61087
H	3034	90	94.4	+	0	0	1646I90M66I	New.CleanUp.ReferenceOTU3428 EUK.Mock.1_88054	24055
H	1595	90	94.4	+	0	0	1626I90M66I	New.CleanUp.ReferenceOTU3428 EUK.Mock.1_88054	114376
N	*	90	*	*	*	*	*	New.CleanUp.ReferenceOTU3431 EUK.Mock.1_13118	*
H	8570	72	95.8	+	0	0	1668I72M88I	New.CleanUp.ReferenceOTU3433 EUK.Mock.1_28484	73609
H	7688	72	95.8	+	0	0	1582I72M603I	New.CleanUp.ReferenceOTU3433 EUK.Mock.1_28484	65995
H	9760	72	90.3	+	0	0	1657I72M13I	New.CleanUp.ReferenceOTU3433 EUK.Mock.1_28484	8379
H	564	72	88.9	+	0	0	1679I72M78I	New.CleanUp.ReferenceOTU3433 EUK.Mock.1_28484	105083
H	9379	72	88.9	+	0	0	1675I72M53I	New.CleanUp.ReferenceOTU3433 EUK.Mock.1_28484	80767
H	7185	90	93.3	+	0	0	1649I90M69I	New.CleanUp.ReferenceOTU344 EUK.Mock.1_103023	61571
H	7123	90	94.4	+	0	0	1549I90M12I	New.CleanUp.ReferenceOTU344 EUK.Mock.1_103023	61087
H	4634	90	94.4	+	0	0	1598I90M51I	New.CleanUp.ReferenceOTU344 EUK.Mock.1_103023	38113
H	9246	90	93.3	+	0	0	1549I90M12I	New.CleanUp.ReferenceOTU344 EUK.Mock.1_103023	79610
H	3034	90	93.3	+	0	0	1646I90M66I	New.CleanUp.ReferenceOTU344 EUK.Mock.1_103023	24055
H	4934	71	95.8	+	0	0	1591I71M69I	New.CleanUp.ReferenceOTU3440 EUK.Mock.1_105478	40794
H	3447	71	95.8	+	0	0	1645I71M85I	New.CleanUp.ReferenceOTU3440 EUK.Mock.1_105478	27744
H	6170	71	95.8	+	0	0	1436I71M88I	New.CleanUp.ReferenceOTU3440 EUK.Mock.1_105478	52258
H	854	71	95.8	+	0	0	1605I71M61I	New.CleanUp.ReferenceOTU3440 EUK.Mock.1_105478	10764
H	3878	71	94.4	+	0	0	1629I54MD16M175I	New.CleanUp.ReferenceOTU3440 EUK.Mock.1_105478	31618
H	4934	90	92.2	+	0	0	1591I90M50I	New.CleanUp.ReferenceOTU3444 EUK.Mock.1_16970	40794
H	9284	90	92.2	+	0	0	1663I13MI77M67I	New.CleanUp.ReferenceOTU3444 EUK.Mock.1_16970	80038
H	6170	90	91.1	+	0	0	1436I90M69I	New.CleanUp.ReferenceOTU3444 EUK.Mock.1_16970	52258
H	854	90	91.1	+	0	0	1605I90M42I	New.CleanUp.ReferenceOTU3444 EUK.Mock.1_16970	10764
H	3447	90	90.0	+	0	0	1645I90M66I	New.CleanUp.ReferenceOTU3444 EUK.Mock.1_16970	27744
H	4934	90	95.6	+	0	0	1591I90M50I	New.CleanUp.ReferenceOTU3445 EUK.Mock.1_108990	40794
H	6170	90	94.4	+	0	0	1436I90M69I	New.CleanUp.ReferenceOTU3445 EUK.Mock.1_108990	52258
H	3447	90	93.3	+	0	0	1645I90M66I	New.CleanUp.ReferenceOTU3445 EUK.Mock.1_108990	27744
H	854	90	94.4	+	0	0	1605I90M42I	New.CleanUp.ReferenceOTU3445 EUK.Mock.1_108990	10764
H	9284	90	95.6	+	0	0	1663I13MI77M67I	New.CleanUp.ReferenceOTU3445 EUK.Mock.1_108990	80038
H	3171	90	97.8	+	0	0	1626I90M65I	New.CleanUp.ReferenceOTU3447 EUK.Mock.1_47926	25160
H	8717	90	93.3	+	0	0	1594I47MI16MI27M67I	New.CleanUp.ReferenceOTU3447 EUK.Mock.1_47926	74829
H	7875	90	94.4	+	0	0	1592I45MI19MI26M64I	New.CleanUp.ReferenceOTU3447 EUK.Mock.1_47926	67609
H	2035	90	92.2	+	0	0	1595I47MI16MI27M40I	New.CleanUp.ReferenceOTU3447 EUK.Mock.1_47926	15189
H	2726	90	93.3	+	0	0	1589I45MI20MI25M63I	New.CleanUp.ReferenceOTU3447 EUK.Mock.1_47926	21485
H	7688	79	96.2	+	0	0	1582I79M596I	New.CleanUp.ReferenceOTU3449 EUK.Mock.1_105679	65995
H	8570	79	96.2	+	0	0	1668I79M81I	New.CleanUp.ReferenceOTU3449 EUK.Mock.1_105679	73609
H	564	79	89.9	+	0	0	1679I79M71I	New.CleanUp.ReferenceOTU3449 EUK.Mock.1_105679	105083
H	9379	79	91.1	+	0	0	1675I79M46I	New.CleanUp.ReferenceOTU3449 EUK.Mock.1_105679	80767
H	9760	79	92.4	+	0	0	1657I79M6I	New.CleanUp.ReferenceOTU3449 EUK.Mock.1_105679	8379
H	4934	90	96.7	+	0	0	1591I90M50I	New.CleanUp.ReferenceOTU345 EUK.Mock.1_103022	40794
H	9284	90	96.7	+	0	0	1663I13MI77M67I	New.CleanUp.ReferenceOTU345 EUK.Mock.1_103022	80038
H	854	90	95.6	+	0	0	1605I90M42I	New.CleanUp.ReferenceOTU345 EUK.Mock.1_103022	10764
H	6170	90	95.6	+	0	0	1436I90M69I	New.CleanUp.ReferenceOTU345 EUK.Mock.1_103022	52258
H	3447	90	94.4	+	0	0	1645I90M66I	New.CleanUp.ReferenceOTU345 EUK.Mock.1_103022	27744
H	7688	85	96.5	+	0	0	1582I85M590I	New.CleanUp.ReferenceOTU3451 EUK.Mock.1_108281	65995
H	8570	85	96.5	+	0	0	1668I85M75I	New.CleanUp.ReferenceOTU3451 EUK.Mock.1_108281	73609
H	564	85	91.8	+	0	0	1679I85M65I	New.CleanUp.ReferenceOTU3451 EUK.Mock.1_108281	105083
H	9379	85	91.8	+	0	0	1675I85M40I	New.CleanUp.ReferenceOTU3451 EUK.Mock.1_108281	80767
H	9760	85	91.8	+	0	0	1657I85M	New.CleanUp.ReferenceOTU3451 EUK.Mock.1_108281	8379
H	4934	90	96.7	+	0	0	1591I90M50I	New.CleanUp.ReferenceOTU3454 EUK.Mock.1_366	40794
H	9284	90	96.7	+	0	0	1663I13MI77M67I	New.CleanUp.ReferenceOTU3454 EUK.Mock.1_366	80038
H	6170	90	95.6	+	0	0	1436I90M69I	New.CleanUp.ReferenceOTU3454 EUK.Mock.1_366	52258
H	854	90	95.6	+	0	0	1605I90M42I	New.CleanUp.ReferenceOTU3454 EUK.Mock.1_366	10764
H	3447	90	94.4	+	0	0	1645I90M66I	New.CleanUp.ReferenceOTU3454 EUK.Mock.1_366	27744
H	4934	90	95.6	+	0	0	1591I90M50I	New.CleanUp.ReferenceOTU3458 EUK.Mock.1_104876	40794
H	9284	90	95.6	+	0	0	1663I13MI77M67I	New.CleanUp.ReferenceOTU3458 EUK.Mock.1_104876	80038
H	854	90	94.4	+	0	0	1605I90M42I	New.CleanUp.ReferenceOTU3458 EUK.Mock.1_104876	10764
H	6170	90	94.4	+	0	0	1436I90M69I	New.CleanUp.ReferenceOTU3458 EUK.Mock.1_104876	52258
H	3447	90	93.3	+	0	0	1645I90M66I	New.CleanUp.ReferenceOTU3458 EUK.Mock.1_104876	27744
H	4934	90	96.7	+	0	0	1591I90M50I	New.CleanUp.ReferenceOTU346 EUK.Mock.1_86204	40794
H	9284	90	96.7	+	0	0	1663I13MI77M67I	New.CleanUp.ReferenceOTU346 EUK.Mock.1_86204	80038
H	854	90	95.6	+	0	0	1605I90M42I	New.CleanUp.ReferenceOTU346 EUK.Mock.1_86204	10764
H	6170	90	95.6	+	0	0	1436I90M69I	New.CleanUp.ReferenceOTU346 EUK.Mock.1_86204	52258
H	3447	90	94.4	+	0	0	1645I90M66I	New.CleanUp.ReferenceOTU346 EUK.Mock.1_86204	27744
H	4934	90	96.7	+	0	0	1591I90M50I	New.CleanUp.ReferenceOTU3468 EUK.Mock.1_109174	40794
H	9284	90	96.7	+	0	0	1663I10MI80M67I	New.CleanUp.ReferenceOTU3468 EUK.Mock.1_109174	80038
H	6170	90	95.6	+	0	0	1436I90M69I	New.CleanUp.ReferenceOTU3468 EUK.Mock.1_109174	52258
H	854	90	95.6	+	0	0	1605I90M42I	New.CleanUp.ReferenceOTU3468 EUK.Mock.1_109174	10764
H	3447	90	94.4	+	0	0	1645I90M66I	New.CleanUp.ReferenceOTU3468 EUK.Mock.1_109174	27744
H	4934	90	96.7	+	0	0	1591I90M50I	New.CleanUp.ReferenceOTU3469 EUK.Mock.1_109177	40794
H	854	90	95.6	+	0	0	1605I90M42I	New.CleanUp.ReferenceOTU3469 EUK.Mock.1_109177	10764
H	6170	90	95.6	+	0	0	1436I90M69I	New.CleanUp.ReferenceOTU3469 EUK.Mock.1_109177	52258
H	3447	90	94.4	+	0	0	1645I90M66I	New.CleanUp.ReferenceOTU3469 EUK.Mock.1_109177	27744
H	9284	90	96.7	+	0	0	1663I13MI77M67I	New.CleanUp.ReferenceOTU3469 EUK.Mock.1_109177	80038
N	*	82	*	*	*	*	*	New.CleanUp.ReferenceOTU3476 EUK.Mock.1_108272	*
H	4934	90	96.7	+	0	0	1591I90M50I	New.CleanUp.ReferenceOTU3477 EUK.Mock.1_1721	40794
H	9284	90	96.7	+	0	0	1663I13MI77M67I	New.CleanUp.ReferenceOTU3477 EUK.Mock.1_1721	80038
H	854	90	95.6	+	0	0	1605I90M42I	New.CleanUp.ReferenceOTU3477 EUK.Mock.1_1721	10764
H	6170	90	95.6	+	0	0	1436I90M69I	New.CleanUp.ReferenceOTU3477 EUK.Mock.1_1721	52258
H	3447	90	94.4	+	0	0	1645I90M66I	New.CleanUp.ReferenceOTU3477 EUK.Mock.1_1721	27744
H	4934	90	95.6	+	0	0	1591I90M50I	New.CleanUp.ReferenceOTU3481 EUK.Mock.1_22989	40794
H	9284	90	95.6	+	0	0	1663I13MI77M67I	New.CleanUp.ReferenceOTU3481 EUK.Mock.1_22989	80038
H	854	90	94.4	+	0	0	1605I90M42I	New.CleanUp.ReferenceOTU3481 EUK.Mock.1_22989	10764
H	6170	90	94.4	+	0	0	1436I90M69I	New.CleanUp.ReferenceOTU3481 EUK.Mock.1_22989	52258
H	3447	90	93.3	+	0	0	1645I90M66I	New.CleanUp.ReferenceOTU3481 EUK.Mock.1_22989	27744
H	4934	90	96.7	+	0	0	1591I90M50I	New.CleanUp.ReferenceOTU3486 EUK.Mock.1_73947	40794
H	9284	90	96.7	+	0	0	1663I13MI77M67I	New.CleanUp.ReferenceOTU3486 EUK.Mock.1_73947	80038
H	6170	90	95.6	+	0	0	1436I90M69I	New.CleanUp.ReferenceOTU3486 EUK.Mock.1_73947	52258
H	854	90	95.6	+	0	0	1605I90M42I	New.CleanUp.ReferenceOTU3486 EUK.Mock.1_73947	10764
H	3447	90	94.4	+	0	0	1645I90M66I	New.CleanUp.ReferenceOTU3486 EUK.Mock.1_73947	27744
N	*	90	*	*	*	*	*	New.CleanUp.ReferenceOTU3487 EUK.Mock.1_10876	*
H	3171	90	96.7	+	0	0	1626I90M65I	New.CleanUp.ReferenceOTU3489 EUK.Mock.1_33967	25160
H	8717	90	92.2	+	0	0	1594I47MI16MI27M67I	New.CleanUp.ReferenceOTU3489 EUK.Mock.1_33967	74829
H	7875	90	93.3	+	0	0	1592I45MI19MI26M64I	New.CleanUp.ReferenceOTU3489 EUK.Mock.1_33967	67609
H	2726	90	92.2	+	0	0	1589I45MI20MI25M63I	New.CleanUp.ReferenceOTU3489 EUK.Mock.1_33967	21485
H	11143	90	90.0	+	0	0	1591I45MI20MI25M63I	New.CleanUp.ReferenceOTU3489 EUK.Mock.1_33967	96234
H	7760	90	96.7	+	0	0	1279I90M35I	New.CleanUp.ReferenceOTU349 EUK.Mock.1_47706	66673
H	4863	90	96.7	+	0	0	1251I90M35I	New.CleanUp.ReferenceOTU349 EUK.Mock.1_47706	40103
H	3103	90	95.6	+	0	0	1290I90M34I	New.CleanUp.ReferenceOTU349 EUK.Mock.1_47706	2467
H	10834	90	87.8	+	0	0	1683I90M70I	New.CleanUp.ReferenceOTU349 EUK.Mock.1_47706	93246
H	2925	90	76.7	+	0	0	1653I62MD27M272I	New.CleanUp.ReferenceOTU349 EUK.Mock.1_47706	23203
H	4934	90	96.7	+	0	0	1591I90M50I	New.CleanUp.ReferenceOTU3493 EUK.Mock.1_69953	40794
H	6170	90	95.6	+	0	0	1436I90M69I	New.CleanUp.ReferenceOTU3493 EUK.Mock.1_69953	52258
H	854	90	95.6	+	0	0	1605I90M42I	New.CleanUp.ReferenceOTU3493 EUK.Mock.1_69953	10764
H	9284	90	96.7	+	0	0	1663I13MI77M67I	New.CleanUp.ReferenceOTU3493 EUK.Mock.1_69953	80038
H	3447	90	94.4	+	0	0	1645I90M66I	New.CleanUp.ReferenceOTU3493 EUK.Mock.1_69953	27744
H	8570	84	95.2	+	0	0	1668I84M76I	New.CleanUp.ReferenceOTU3496 EUK.Mock.1_1039	73609
H	7688	84	95.2	+	0	0	1582I84M591I	New.CleanUp.ReferenceOTU3496 EUK.Mock.1_1039	65995
H	564	84	89.3	+	0	0	1679I84M66I	New.CleanUp.ReferenceOTU3496 EUK.Mock.1_1039	105083
H	2690	84	84.5	+	0	0	1635I84M38I	New.CleanUp.ReferenceOTU3496 EUK.Mock.1_1039	21187
H	5808	84	85.7	+	0	0	1641I62MI22M38I	New.CleanUp.ReferenceOTU3496 EUK.Mock.1_1039	48553
H	4934	90	96.7	+	0	0	1591I90M50I	New.CleanUp.ReferenceOTU350 EUK.Mock.1_107051	40794
H	6170	90	95.6	+	0	0	1436I90M69I	New.CleanUp.ReferenceOTU350 EUK.Mock.1_107051	52258
H	9284	90	96.7	+	0	0	1663I13MI77M67I	New.CleanUp.ReferenceOTU350 EUK.Mock.1_107051	80038
H	854	90	95.6	+	0	0	1605I90M42I	New.CleanUp.ReferenceOTU350 EUK.Mock.1_107051	10764
H	3447	90	94.4	+	0	0	1645I90M66I	New.CleanUp.ReferenceOTU350 EUK.Mock.1_107051	27744
H	2499	90	81.1	+	0	0	1638I90M63I	New.CleanUp.ReferenceOTU3500 EUK.Mock.1_62503	19455
H	11182	90	82.2	+	0	0	1644I90M69I	New.CleanUp.ReferenceOTU3500 EUK.Mock.1_62503	96648
H	1905	90	83.3	+	0	0	1590I58MD31M336I	New.CleanUp.ReferenceOTU3500 EUK.Mock.1_62503	14030
H	5351	90	77.8	+	0	0	1641I90M55I	New.CleanUp.ReferenceOTU3500 EUK.Mock.1_62503	44767
H	11143	90	76.7	+	0	0	1591I90M65I	New.CleanUp.ReferenceOTU3500 EUK.Mock.1_62503	96234
H	5135	90	92.2	+	0	0	1633I90M69I	New.CleanUp.ReferenceOTU3504 EUK.Mock.1_74314	4269
H	5866	90	90.0	+	0	0	1559I90M55I	New.CleanUp.ReferenceOTU3504 EUK.Mock.1_74314	49307
H	8635	90	90.0	+	0	0	1644I90M55I	New.CleanUp.ReferenceOTU3504 EUK.Mock.1_74314	74171
H	5423	90	91.1	+	0	0	1602I90M39I	New.CleanUp.ReferenceOTU3504 EUK.Mock.1_74314	45376
H	2906	90	88.9	+	0	0	1573I90M50I	New.CleanUp.ReferenceOTU3504 EUK.Mock.1_74314	23075
H	7688	90	95.6	+	0	0	1582I90M585I	New.CleanUp.ReferenceOTU3507 EUK.Mock.1_99420	65995
H	8570	90	95.6	+	0	0	1668I90M70I	New.CleanUp.ReferenceOTU3507 EUK.Mock.1_99420	73609
H	564	90	90.0	+	0	0	1679I90M60I	New.CleanUp.ReferenceOTU3507 EUK.Mock.1_99420	105083
H	9379	90	90.0	+	0	0	1675I90M35I	New.CleanUp.ReferenceOTU3507 EUK.Mock.1_99420	80767
H	6400	90	86.7	+	0	0	1680I90M68I	New.CleanUp.ReferenceOTU3507 EUK.Mock.1_99420	54274
H	88	90	96.7	+	0	0	1111I90M69I	New.CleanUp.ReferenceOTU3509 EUK.Mock.1_58417	10084
H	4197	90	95.6	+	0	0	1637I90M64I	New.CleanUp.ReferenceOTU3509 EUK.Mock.1_58417	34288
H	1860	90	94.4	+	0	0	1631I90M28I	New.CleanUp.ReferenceOTU3509 EUK.Mock.1_58417	13657
H	818	90	92.2	+	0	0	1947I87M3D	New.CleanUp.ReferenceOTU3509 EUK.Mock.1_58417	107387
H	4318	90	87.8	+	0	0	1987I86M4D	New.CleanUp.ReferenceOTU3509 EUK.Mock.1_58417	35477
H	7688	90	96.7	+	0	0	1582I90M585I	New.CleanUp.ReferenceOTU3510 EUK.Mock.1_21861	65995
H	8570	90	96.7	+	0	0	1668I90M70I	New.CleanUp.ReferenceOTU3510 EUK.Mock.1_21861	73609
H	564	90	91.1	+	0	0	1679I90M60I	New.CleanUp.ReferenceOTU3510 EUK.Mock.1_21861	105083
H	9379	90	91.1	+	0	0	1675I90M35I	New.CleanUp.ReferenceOTU3510 EUK.Mock.1_21861	80767
H	9105	90	86.7	+	0	0	1635I90M37I	New.CleanUp.ReferenceOTU3510 EUK.Mock.1_21861	78322
H	4934	90	95.6	+	0	0	1591I90M50I	New.CleanUp.ReferenceOTU3511 EUK.Mock.1_17274	40794
H	9284	90	95.6	+	0	0	1663I13MI77M67I	New.CleanUp.ReferenceOTU3511 EUK.Mock.1_17274	80038
H	854	90	94.4	+	0	0	1605I90M42I	New.CleanUp.ReferenceOTU3511 EUK.Mock.1_17274	10764
H	6170	90	94.4	+	0	0	1436I90M69I	New.CleanUp.ReferenceOTU3511 EUK.Mock.1_17274	52258
H	3447	90	93.3	+	0	0	1645I90M66I	New.CleanUp.ReferenceOTU3511 EUK.Mock.1_17274	27744
H	5135	90	91.1	+	0	0	1633I90M69I	New.CleanUp.ReferenceOTU3515 EUK.Mock.1_8443	4269
H	5866	90	88.9	+	0	0	1559I90M55I	New.CleanUp.ReferenceOTU3515 EUK.Mock.1_8443	49307
H	5423	90	90.0	+	0	0	1602I90M39I	New.CleanUp.ReferenceOTU3515 EUK.Mock.1_8443	45376
H	8635	90	88.9	+	0	0	1644I90M55I	New.CleanUp.ReferenceOTU3515 EUK.Mock.1_8443	74171
H	9443	90	87.8	+	0	0	1592I90M50I	New.CleanUp.ReferenceOTU3515 EUK.Mock.1_8443	81305
H	11182	90	87.8	+	0	0	1644I90M69I	New.CleanUp.ReferenceOTU3521 EUK.Mock.1_66114	96648
L	3775	1788	*	*	*	*	*	30676	*
H	3775	90	77.8	+	0	0	1634I90M64I	New.CleanUp.ReferenceOTU3521 EUK.Mock.1_66114	30676
L	8667	1762	*	*	*	*	*	74458	*
H	8667	90	77.8	+	0	0	1635I90M37I	New.CleanUp.ReferenceOTU3521 EUK.Mock.1_66114	74458
H	5135	90	87.8	+	0	0	1633I90M69I	New.CleanUp.ReferenceOTU3521 EUK.Mock.1_66114	4269
H	2499	90	86.7	+	0	0	1638I90M63I	New.CleanUp.ReferenceOTU3521 EUK.Mock.1_66114	19455
H	4934	86	96.5	+	0	0	1591I86M54I	New.CleanUp.ReferenceOTU3530 EUK.Mock.1_102432	40794
H	3447	86	94.2	+	0	0	1645I86M70I	New.CleanUp.ReferenceOTU3530 EUK.Mock.1_102432	27744
H	854	86	95.3	+	0	0	1605I86M46I	New.CleanUp.ReferenceOTU3530 EUK.Mock.1_102432	10764
H	6170	86	95.3	+	0	0	1436I86M73I	New.CleanUp.ReferenceOTU3530 EUK.Mock.1_102432	52258
H	9284	86	96.5	+	0	0	1663I13MI73M71I	New.CleanUp.ReferenceOTU3530 EUK.Mock.1_102432	80038
H	7688	90	96.7	+	0	0	1582I90M585I	New.CleanUp.ReferenceOTU3534 EUK.Mock.1_75130	65995
H	8570	90	96.7	+	0	0	1668I90M70I	New.CleanUp.ReferenceOTU3534 EUK.Mock.1_75130	73609
H	564	90	91.1	+	0	0	1679I90M60I	New.CleanUp.ReferenceOTU3534 EUK.Mock.1_75130	105083
H	6400	90	86.7	+	0	0	1680I90M68I	New.CleanUp.ReferenceOTU3534 EUK.Mock.1_75130	54274
H	9379	90	91.1	+	0	0	1675I90M35I	New.CleanUp.ReferenceOTU3534 EUK.Mock.1_75130	80767
H	11182	90	88.9	+	0	0	1644I90M69I	New.CleanUp.ReferenceOTU3536 EUK.Mock.1_70417	96648
L	9738	1777	*	*	*	*	*	8364	*
H	9738	90	77.8	+	0	0	1631I90M56I	New.CleanUp.ReferenceOTU3536 EUK.Mock.1_70417	8364
H	9735	90	78.9	+	0	0	1642I90M64I	New.CleanUp.ReferenceOTU3536 EUK.Mock.1_70417	83620
H	1377	90	82.2	+	0	0	1621I90M55I	New.CleanUp.ReferenceOTU3536 EUK.Mock.1_70417	112195
H	1905	90	90.0	+	0	0	1590I56MD33M336I	New.CleanUp.ReferenceOTU3536 EUK.Mock.1_70417	14030
N	*	90	*	*	*	*	*	New.CleanUp.ReferenceOTU3539 EUK.Mock.1_4284	*
H	3171	90	96.7	+	0	0	1626I90M65I	New.CleanUp.ReferenceOTU3550 EUK.Mock.1_107732	25160
H	8717	90	92.2	+	0	0	1594I47MI16MI27M67I	New.CleanUp.ReferenceOTU3550 EUK.Mock.1_107732	74829
H	7875	90	93.3	+	0	0	1592I45MI19MI26M64I	New.CleanUp.ReferenceOTU3550 EUK.Mock.1_107732	67609
H	7503	90	90.0	+	0	0	1585I90M64I	New.CleanUp.ReferenceOTU3550 EUK.Mock.1_107732	64286
H	2726	90	92.2	+	0	0	1589I45MI20MI25M63I	New.CleanUp.ReferenceOTU3550 EUK.Mock.1_107732	21485
H	7688	90	96.7	+	0	0	1582I90M585I	New.CleanUp.ReferenceOTU3551 EUK.Mock.1_10299	65995
H	8570	90	96.7	+	0	0	1668I90M70I	New.CleanUp.ReferenceOTU3551 EUK.Mock.1_10299	73609
H	564	90	91.1	+	0	0	1679I90M60I	New.CleanUp.ReferenceOTU3551 EUK.Mock.1_10299	105083
H	9379	90	91.1	+	0	0	1675I90M35I	New.CleanUp.ReferenceOTU3551 EUK.Mock.1_10299	80767
H	6400	90	87.8	+	0	0	1680I90M68I	New.CleanUp.ReferenceOTU3551 EUK.Mock.1_10299	54274
H	8570	90	96.7	+	0	0	1668I90M70I	New.CleanUp.ReferenceOTU3552 EUK.Mock.1_107888	73609
H	7688	90	96.7	+	0	0	1582I90M585I	New.CleanUp.ReferenceOTU3552 EUK.Mock.1_107888	65995
H	564	90	92.2	+	0	0	1679I90M60I	New.CleanUp.ReferenceOTU3552 EUK.Mock.1_107888	105083
H	9379	90	92.2	+	0	0	1675I90M35I	New.CleanUp.ReferenceOTU3552 EUK.Mock.1_107888	80767
H	4314	90	88.9	+	0	0	1647I90M41I	New.CleanUp.ReferenceOTU3552 EUK.Mock.1_107888	354
H	7688	90	96.7	+	0	0	1582I90M585I	New.CleanUp.ReferenceOTU3556 EUK.Mock.1_93453	65995
H	8570	90	96.7	+	0	0	1668I90M70I	New.CleanUp.ReferenceOTU3556 EUK.Mock.1_93453	73609
H	564	90	91.1	+	0	0	1679I90M60I	New.CleanUp.ReferenceOTU3556 EUK.Mock.1_93453	105083
H	9379	90	91.1	+	0	0	1675I90M35I	New.CleanUp.ReferenceOTU3556 EUK.Mock.1_93453	80767
H	4314	90	86.7	+	0	0	1647I90M41I	New.CleanUp.ReferenceOTU3556 EUK.Mock.1_93453	354
H	4934	90	93.3	+	0	0	1591I90M50I	New.CleanUp.ReferenceOTU3557 EUK.Mock.1_102543	40794
H	9284	90	93.3	+	0	0	1663I13MI77M67I	New.CleanUp.ReferenceOTU3557 EUK.Mock.1_102543	80038
H	854	90	92.2	+	0	0	1605I90M42I	New.CleanUp.ReferenceOTU3557 EUK.Mock.1_102543	10764
H	6170	90	92.2	+	0	0	1436I90M69I	New.CleanUp.ReferenceOTU3557 EUK.Mock.1_102543	52258
H	3447	90	91.1	+	0	0	1645I90M66I	New.CleanUp.ReferenceOTU3557 EUK.Mock.1_102543	27744
H	7688	90	96.7	+	0	0	1582I90M585I	New.CleanUp.ReferenceOTU3568 EUK.Mock.1_63947	65995
H	8570	90	96.7	+	0	0	1668I90M70I	New.CleanUp.ReferenceOTU3568 EUK.Mock.1_63947	73609
H	564	90	91.1	+	0	0	1679I90M60I	New.CleanUp.ReferenceOTU3568 EUK.Mock.1_63947	105083
H	9379	90	91.1	+	0	0	1675I90M35I	New.CleanUp.ReferenceOTU3568 EUK.Mock.1_63947	80767
H	6400	90	87.8	+	0	0	1680I90M68I	New.CleanUp.ReferenceOTU3568 EUK.Mock.1_63947	54274
H	4934	90	96.7	+	0	0	1591I90M50I	New.CleanUp.ReferenceOTU357 EUK.Mock.1_31401	40794
H	6170	90	95.6	+	0	0	1436I90M69I	New.CleanUp.ReferenceOTU357 EUK.Mock.1_31401	52258
H	9284	90	96.7	+	0	0	1663I13MI77M67I	New.CleanUp.ReferenceOTU357 EUK.Mock.1_31401	80038
H	3447	90	94.4	+	0	0	1645I90M66I	New.CleanUp.ReferenceOTU357 EUK.Mock.1_31401	27744
H	854	90	95.6	+	0	0	1605I90M42I	New.CleanUp.ReferenceOTU357 EUK.Mock.1_31401	10764
H	4934	90	95.6	+	0	0	1591I90M50I	New.CleanUp.ReferenceOTU3573 EUK.Mock.1_41199	40794
H	9284	90	95.6	+	0	0	1663I13MI77M67I	New.CleanUp.ReferenceOTU3573 EUK.Mock.1_41199	80038
H	6170	90	94.4	+	0	0	1436I90M69I	New.CleanUp.ReferenceOTU3573 EUK.Mock.1_41199	52258
H	854	90	94.4	+	0	0	1605I90M42I	New.CleanUp.ReferenceOTU3573 EUK.Mock.1_41199	10764
H	3447	90	93.3	+	0	0	1645I90M66I	New.CleanUp.ReferenceOTU3573 EUK.Mock.1_41199	27744
H	7688	90	95.6	+	0	0	1582I90M585I	New.CleanUp.ReferenceOTU3584 EUK.Mock.1_66827	65995
H	8570	90	95.6	+	0	0	1668I90M70I	New.CleanUp.ReferenceOTU3584 EUK.Mock.1_66827	73609
H	564	90	90.0	+	0	0	1679I90M60I	New.CleanUp.ReferenceOTU3584 EUK.Mock.1_66827	105083
H	9379	90	90.0	+	0	0	1675I90M35I	New.CleanUp.ReferenceOTU3584 EUK.Mock.1_66827	80767
H	4314	90	85.6	+	0	0	1647I90M41I	New.CleanUp.ReferenceOTU3584 EUK.Mock.1_66827	354
H	8570	84	94.0	+	0	0	1668I84M76I	New.CleanUp.ReferenceOTU3588 EUK.Mock.1_107080	73609
H	7688	84	94.0	+	0	0	1582I84M591I	New.CleanUp.ReferenceOTU3588 EUK.Mock.1_107080	65995
H	4314	84	83.3	+	0	0	1647I84M47I	New.CleanUp.ReferenceOTU3588 EUK.Mock.1_107080	354
H	564	84	88.1	+	0	0	1679I84M66I	New.CleanUp.ReferenceOTU3588 EUK.Mock.1_107080	105083
H	9760	84	90.5	+	0	0	1657I84MI	New.CleanUp.ReferenceOTU3588 EUK.Mock.1_107080	8379
N	*	90	*	*	*	*	*	New.CleanUp.ReferenceOTU3590 EUK.Mock.1_97473	*
H	4634	90	95.6	+	0	0	1598I90M51I	New.CleanUp.ReferenceOTU3591 EUK.Mock.1_83123	38113
H	7123	90	95.6	+	0	0	1549I90M12I	New.CleanUp.ReferenceOTU3591 EUK.Mock.1_83123	61087
H	1595	90	94.4	+	0	0	1626I90M66I	New.CleanUp.ReferenceOTU3591 EUK.Mock.1_83123	114376
H	3242	90	94.4	+	0	0	1639I90M133I	New.CleanUp.ReferenceOTU3591 EUK.Mock.1_83123	25771
H	3034	90	94.4	+	0	0	1646I90M66I	New.CleanUp.ReferenceOTU3591 EUK.Mock.1_83123	24055
N	*	90	*	*	*	*	*	New.CleanUp.ReferenceOTU3592 EUK.Mock.1_101745	*
H	7123	90	95.6	+	0	0	1549I90M12I	New.CleanUp.ReferenceOTU3593 EUK.Mock.1_7730	61087
H	7185	90	94.4	+	0	0	1649I90M69I	New.CleanUp.ReferenceOTU3593 EUK.Mock.1_7730	61571
L	10826	1784	*	*	*	*	*	93199	*
H	10826	90	94.4	+	0	0	1628I90M66I	New.CleanUp.ReferenceOTU3593 EUK.Mock.1_7730	93199
H	3034	90	94.4	+	0	0	1646I90M66I	New.CleanUp.ReferenceOTU3593 EUK.Mock.1_7730	24055
H	4634	90	95.6	+	0	0	1598I90M51I	New.CleanUp.ReferenceOTU3593 EUK.Mock.1_7730	38113
H	7760	90	96.7	+	0	0	1279I90M35I	New.CleanUp.ReferenceOTU3596 EUK.Mock.1_26673	66673
H	4863	90	96.7	+	0	0	1251I90M35I	New.CleanUp.ReferenceOTU3596 EUK.Mock.1_26673	40103
H	3103	90	95.6	+	0	0	1290I90M34I	New.CleanUp.ReferenceOTU3596 EUK.Mock.1_26673	2467
H	10859	90	75.6	+	0	0	1610I71MD18M67I	New.CleanUp.ReferenceOTU3596 EUK.Mock.1_26673	93538
H	10834	90	88.9	+	0	0	1683I90M70I	New.CleanUp.ReferenceOTU3596 EUK.Mock.1_26673	93246
H	8570	90	96.7	+	0	0	1668I90M70I	New.CleanUp.ReferenceOTU3598 EUK.Mock.1_99958	73609
H	7688	90	96.7	+	0	0	1582I90M585I	New.CleanUp.ReferenceOTU3598 EUK.Mock.1_99958	65995
H	9379	90	91.1	+	0	0	1675I90M35I	New.CleanUp.ReferenceOTU3598 EUK.Mock.1_99958	80767
H	564	90	91.1	+	0	0	1679I90M60I	New.CleanUp.ReferenceOTU3598 EUK.Mock.1_99958	105083
H	6400	90	90.0	+	0	0	1680I90M68I	New.CleanUp.ReferenceOTU3598 EUK.Mock.1_99958	54274
H	11256	90	93.3	+	0	0	1391I90M72I	New.CleanUp.ReferenceOTU360 EUK.Mock.1_74438	97289
H	9506	90	93.3	+	0	0	1632I90M75I	New.CleanUp.ReferenceOTU360 EUK.Mock.1_74438	81821
H	6297	90	70.0	+	0	0	1644I52M3D35M118I	New.CleanUp.ReferenceOTU360 EUK.Mock.1_74438	53327
H	10387	90	73.3	+	0	0	1592I61M3D26M598I	New.CleanUp.ReferenceOTU360 EUK.Mock.1_74438	89452
H	8441	90	70.0	+	0	0	1637I52M3D35M58I	New.CleanUp.ReferenceOTU360 EUK.Mock.1_74438	72444
H	4934	90	91.1	+	0	0	1591I90M50I	New.CleanUp.ReferenceOTU3603 EUK.Mock.1_62386	40794
H	9284	90	91.1	+	0	0	1663I13MI77M67I	New.CleanUp.ReferenceOTU3603 EUK.Mock.1_62386	80038
H	854	90	90.0	+	0	0	1605I90M42I	New.CleanUp.ReferenceOTU3603 EUK.Mock.1_62386	10764
H	6170	90	90.0	+	0	0	1436I90M69I	New.CleanUp.ReferenceOTU3603 EUK.Mock.1_62386	52258
H	11316	90	81.1	+	0	0	1619I90M37I	New.CleanUp.ReferenceOTU3603 EUK.Mock.1_62386	97833
H	7688	90	96.7	+	0	0	1582I90M585I	New.CleanUp.ReferenceOTU3606 EUK.Mock.1_103143	65995
H	8570	90	96.7	+	0	0	1668I90M70I	New.CleanUp.ReferenceOTU3606 EUK.Mock.1_103143	73609
H	564	90	91.1	+	0	0	1679I90M60I	New.CleanUp.ReferenceOTU3606 EUK.Mock.1_103143	105083
H	9379	90	91.1	+	0	0	1675I90M35I	New.CleanUp.ReferenceOTU3606 EUK.Mock.1_103143	80767
H	6400	90	87.8	+	0	0	1680I90M68I	New.CleanUp.ReferenceOTU3606 EUK.Mock.1_103143	54274
H	3531	90	85.6	+	0	0	1625I90M65I	New.CleanUp.ReferenceOTU3607 EUK.Mock.1_86320	28560
H	5135	90	87.8	+	0	0	1633I90M69I	New.CleanUp.ReferenceOTU3607 EUK.Mock.1_86320	4269
H	5866	90	85.6	+	0	0	1559I90M55I	New.CleanUp.ReferenceOTU3607 EUK.Mock.1_86320	49307
H	11182	90	85.6	+	0	0	1644I90M69I	New.CleanUp.ReferenceOTU3607 EUK.Mock.1_86320	96648
H	8924	90	85.6	+	0	0	1580I90M50I	New.CleanUp.ReferenceOTU3607 EUK.Mock.1_86320	76542
H	11182	90	86.7	+	0	0	1644I90M69I	New.CleanUp.ReferenceOTU3608 EUK.Mock.1_96872	96648
H	2721	90	83.3	+	0	0	1620I90M60I	New.CleanUp.ReferenceOTU3608 EUK.Mock.1_96872	21436
H	1905	90	87.8	+	0	0	1590I58MD31M336I	New.CleanUp.ReferenceOTU3608 EUK.Mock.1_96872	14030
H	5135	90	86.7	+	0	0	1633I90M69I	New.CleanUp.ReferenceOTU3608 EUK.Mock.1_96872	4269
H	3106	90	73.3	+	0	0	1701I90M54I	New.CleanUp.ReferenceOTU3608 EUK.Mock.1_96872	24682
N	*	90	*	*	*	*	*	New.CleanUp.ReferenceOTU3609 EUK.Mock.1_3775	*
H	7688	90	95.6	+	0	0	1582I90M585I	New.CleanUp.ReferenceOTU361 EUK.Mock.1_101846	65995
H	8570	90	95.6	+	0	0	1668I90M70I	New.CleanUp.ReferenceOTU361 EUK.Mock.1_101846	73609
H	564	90	90.0	+	0	0	1679I90M60I	New.CleanUp.ReferenceOTU361 EUK.Mock.1_101846	105083
H	6400	90	86.7	+	0	0	1680I90M68I	New.CleanUp.ReferenceOTU361 EUK.Mock.1_101846	54274
H	9379	90	90.0	+	0	0	1675I90M35I	New.CleanUp.ReferenceOTU361 EUK.Mock.1_101846	80767
H	3171	90	96.7	+	0	0	1626I90M65I	New.CleanUp.ReferenceOTU3611 EUK.Mock.1_106425	25160
H	8717	90	92.2	+	0	0	1594I47MI16MI27M67I	New.CleanUp.ReferenceOTU3611 EUK.Mock.1_106425	74829
H	7875	90	93.3	+	0	0	1592I45MI19MI26M64I	New.CleanUp.ReferenceOTU3611 EUK.Mock.1_106425	67609
H	2726	90	92.2	+	0	0	1589I45MI20MI25M63I	New.CleanUp.ReferenceOTU3611 EUK.Mock.1_106425	21485
H	7503	90	88.9	+	0	0	1585I90M64I	New.CleanUp.ReferenceOTU3611 EUK.Mock.1_106425	64286
H	4934	84	96.4	+	0	0	1591I84M56I	New.CleanUp.ReferenceOTU3612 EUK.Mock.1_103149	40794
H	854	84	95.2	+	0	0	1605I84M48I	New.CleanUp.ReferenceOTU3612 EUK.Mock.1_103149	10764
H	9284	84	96.4	+	0	0	1663I13MI71M73I	New.CleanUp.ReferenceOTU3612 EUK.Mock.1_103149	80038
H	3878	84	92.9	+	0	0	1629I48MD35M162I	New.CleanUp.ReferenceOTU3612 EUK.Mock.1_103149	31618
H	3447	84	94.0	+	0	0	1645I84M72I	New.CleanUp.ReferenceOTU3612 EUK.Mock.1_103149	27744
H	7688	90	96.7	+	0	0	1582I90M585I	New.CleanUp.ReferenceOTU3615 EUK.Mock.1_31528	65995
H	8570	90	96.7	+	0	0	1668I90M70I	New.CleanUp.ReferenceOTU3615 EUK.Mock.1_31528	73609
H	564	90	91.1	+	0	0	1679I90M60I	New.CleanUp.ReferenceOTU3615 EUK.Mock.1_31528	105083
H	9379	90	91.1	+	0	0	1675I90M35I	New.CleanUp.ReferenceOTU3615 EUK.Mock.1_31528	80767
H	9760	90	87.8	+	0	0	1657I85M5D	New.CleanUp.ReferenceOTU3615 EUK.Mock.1_31528	8379
N	*	90	*	*	*	*	*	New.CleanUp.ReferenceOTU3618 EUK.Mock.1_90720	*
H	7760	90	96.7	+	0	0	1279I90M35I	New.CleanUp.ReferenceOTU3620 EUK.Mock.1_31986	66673
H	3103	90	95.6	+	0	0	1290I90M34I	New.CleanUp.ReferenceOTU3620 EUK.Mock.1_31986	2467
H	4863	90	96.7	+	0	0	1251I90M35I	New.CleanUp.ReferenceOTU3620 EUK.Mock.1_31986	40103
H	10834	90	87.8	+	0	0	1683I90M70I	New.CleanUp.ReferenceOTU3620 EUK.Mock.1_31986	93246
H	6736	90	75.6	+	0	0	1644I42M3D23M2I22M50I	New.CleanUp.ReferenceOTU3620 EUK.Mock.1_31986	57479
H	4934	90	95.6	+	0	0	1591I90M50I	New.CleanUp.ReferenceOTU3625 EUK.Mock.1_107467	40794
H	854	90	94.4	+	0	0	1605I90M42I	New.CleanUp.ReferenceOTU3625 EUK.Mock.1_107467	10764
H	3447	90	93.3	+	0	0	1645I90M66I	New.CleanUp.ReferenceOTU3625 EUK.Mock.1_107467	27744
H	6170	90	94.4	+	0	0	1436I90M69I	New.CleanUp.ReferenceOTU3625 EUK.Mock.1_107467	52258
H	9284	90	95.6	+	0	0	1663I13MI77M67I	New.CleanUp.ReferenceOTU3625 EUK.Mock.1_107467	80038
H	4934	90	96.7	+	0	0	1591I90M50I	New.CleanUp.ReferenceOTU3628 EUK.Mock.1_59488	40794
H	9284	90	96.7	+	0	0	1663I13MI77M67I	New.CleanUp.ReferenceOTU3628 EUK.Mock.1_59488	80038
H	6170	90	95.6	+	0	0	1436I90M69I	New.CleanUp.ReferenceOTU3628 EUK.Mock.1_59488	52258
H	854	90	95.6	+	0	0	1605I90M42I	New.CleanUp.ReferenceOTU3628 EUK.Mock.1_59488	10764
H	3447	90	94.4	+	0	0	1645I90M66I	New.CleanUp.ReferenceOTU3628 EUK.Mock.1_59488	27744
H	5135	90	92.2	+	0	0	1633I90M69I	New.CleanUp.ReferenceOTU363 EUK.Mock.1_72062	4269
H	5866	90	90.0	+	0	0	1559I90M55I	New.CleanUp.ReferenceOTU363 EUK.Mock.1_72062	49307
H	5423	90	91.1	+	0	0	1602I90M39I	New.CleanUp.ReferenceOTU363 EUK.Mock.1_72062	45376
H	9443	90	88.9	+	0	0	1592I90M50I	New.CleanUp.ReferenceOTU363 EUK.Mock.1_72062	81305
H	8635	90	90.0	+	0	0	1644I90M55I	New.CleanUp.ReferenceOTU363 EUK.Mock.1_72062	74171
H	11182	90	86.7	+	0	0	1644I90M69I	New.CleanUp.ReferenceOTU3634 EUK.Mock.1_72466	96648
H	2499	90	85.6	+	0	0	1638I90M63I	New.CleanUp.ReferenceOTU3634 EUK.Mock.1_72466	19455
H	9735	90	75.6	+	0	0	1642I90M64I	New.CleanUp.ReferenceOTU3634 EUK.Mock.1_72466	83620
H	1905	90	87.8	+	0	0	1590I58MD31M336I	New.CleanUp.ReferenceOTU3634 EUK.Mock.1_72466	14030
H	1377	90	81.1	+	0	0	1621I90M55I	New.CleanUp.ReferenceOTU3634 EUK.Mock.1_72466	112195
H	4934	83	96.4	+	0	0	1591I83M57I	New.CleanUp.ReferenceOTU3636 EUK.Mock.1_56174	40794
H	854	83	95.2	+	0	0	1605I83M49I	New.CleanUp.ReferenceOTU3636 EUK.Mock.1_56174	10764
H	3447	83	95.2	+	0	0	1645I83M73I	New.CleanUp.ReferenceOTU3636 EUK.Mock.1_56174	27744
H	6170	83	95.2	+	0	0	1436I83M76I	New.CleanUp.ReferenceOTU3636 EUK.Mock.1_56174	52258
H	9284	83	96.4	+	0	0	1663I13MI70M74I	New.CleanUp.ReferenceOTU3636 EUK.Mock.1_56174	80038
H	8570	90	96.7	+	0	0	1668I90M70I	New.CleanUp.ReferenceOTU3639 EUK.Mock.1_40005	73609
H	7688	90	96.7	+	0	0	1582I90M585I	New.CleanUp.ReferenceOTU3639 EUK.Mock.1_40005	65995
H	564	90	91.1	+	0	0	1679I90M60I	New.CleanUp.ReferenceOTU3639 EUK.Mock.1_40005	105083
H	9379	90	91.1	+	0	0	1675I90M35I	New.CleanUp.ReferenceOTU3639 EUK.Mock.1_40005	80767
H	6400	90	87.8	+	0	0	1680I90M68I	New.CleanUp.ReferenceOTU3639 EUK.Mock.1_40005	54274
H	3171	90	97.8	+	0	0	1626I90M65I	New.CleanUp.ReferenceOTU3640 EUK.Mock.1_26415	25160
H	8717	90	93.3	+	0	0	1594I47MI16MI27M67I	New.CleanUp.ReferenceOTU3640 EUK.Mock.1_26415	74829
H	7875	90	94.4	+	0	0	1592I45MI19MI26M64I	New.CleanUp.ReferenceOTU3640 EUK.Mock.1_26415	67609
H	2726	90	93.3	+	0	0	1589I45MI20MI25M63I	New.CleanUp.ReferenceOTU3640 EUK.Mock.1_26415	21485
H	7503	90	90.0	+	0	0	1585I90M64I	New.CleanUp.ReferenceOTU3640 EUK.Mock.1_26415	64286
H	4934	90	96.7	+	0	0	1591I90M50I	New.CleanUp.ReferenceOTU3641 EUK.Mock.1_11180	40794
H	9284	90	96.7	+	0	0	1663I13MI77M67I	New.CleanUp.ReferenceOTU3641 EUK.Mock.1_11180	80038
H	6170	90	95.6	+	0	0	1436I90M69I	New.CleanUp.ReferenceOTU3641 EUK.Mock.1_11180	52258
H	854	90	95.6	+	0	0	1605I90M42I	New.CleanUp.ReferenceOTU3641 EUK.Mock.1_11180	10764
H	3447	90	94.4	+	0	0	1645I90M66I	New.CleanUp.ReferenceOTU3641 EUK.Mock.1_11180	27744
H	10251	90	92.2	+	0	0	1592I90M66I	New.CleanUp.ReferenceOTU3642 EUK.Mock.1_64665	88322
H	2662	90	92.2	+	0	0	1624I90M58I	New.CleanUp.ReferenceOTU3642 EUK.Mock.1_64665	20910
H	302	90	92.2	+	0	0	1645I90M54I	New.CleanUp.ReferenceOTU3642 EUK.Mock.1_64665	102699
H	4197	90	92.2	+	0	0	1637I90M64I	New.CleanUp.ReferenceOTU3642 EUK.Mock.1_64665	34288
H	88	90	93.3	+	0	0	1111I90M69I	New.CleanUp.ReferenceOTU3642 EUK.Mock.1_64665	10084
H	5423	90	91.1	+	0	0	1602I90M39I	New.CleanUp.ReferenceOTU3643 EUK.Mock.1_55661	45376
H	5135	90	92.2	+	0	0	1633I90M69I	New.CleanUp.ReferenceOTU3643 EUK.Mock.1_55661	4269
H	5866	90	90.0	+	0	0	1559I90M55I	New.CleanUp.ReferenceOTU3643 EUK.Mock.1_55661	49307
H	9443	90	88.9	+	0	0	1592I90M50I	New.CleanUp.ReferenceOTU3643 EUK.Mock.1_55661	81305
H	8924	90	90.0	+	0	0	1580I90M50I	New.CleanUp.ReferenceOTU3643 EUK.Mock.1_55661	76542
H	7688	90	95.6	+	0	0	1582I90M585I	New.CleanUp.ReferenceOTU3644 EUK.Mock.1_21264	65995
H	8570	90	95.6	+	0	0	1668I90M70I	New.CleanUp.ReferenceOTU3644 EUK.Mock.1_21264	73609
H	9760	90	85.6	+	0	0	1657I85M5D	New.CleanUp.ReferenceOTU3644 EUK.Mock.1_21264	8379
H	564	90	90.0	+	0	0	1679I90M60I	New.CleanUp.ReferenceOTU3644 EUK.Mock.1_21264	105083
H	9379	90	90.0	+	0	0	1675I90M35I	New.CleanUp.ReferenceOTU3644 EUK.Mock.1_21264	80767
H	4934	90	95.6	+	0	0	1591I90M50I	New.CleanUp.ReferenceOTU3651 EUK.Mock.1_107265	40794
H	854	90	94.4	+	0	0	1605I90M42I	New.CleanUp.ReferenceOTU3651 EUK.Mock.1_107265	10764
H	9284	90	95.6	+	0	0	1663I13MI77M67I	New.CleanUp.ReferenceOTU3651 EUK.Mock.1_107265	80038
H	6170	90	94.4	+	0	0	1436I90M69I	New.CleanUp.ReferenceOTU3651 EUK.Mock.1_107265	52258
H	3447	90	93.3	+	0	0	1645I90M66I	New.CleanUp.ReferenceOTU3651 EUK.Mock.1_107265	27744
N	*	90	*	*	*	*	*	New.CleanUp.ReferenceOTU3652 EUK.Mock.1_103484	*
N	*	90	*	*	*	*	*	New.CleanUp.ReferenceOTU3659 EUK.Mock.1_103415	*
H	7123	90	93.3	+	0	0	1549I90M12I	New.CleanUp.ReferenceOTU3662 EUK.Mock.1_61879	61087
H	7185	90	92.2	+	0	0	1649I90M69I	New.CleanUp.ReferenceOTU3662 EUK.Mock.1_61879	61571
H	9246	90	92.2	+	0	0	1549I90M12I	New.CleanUp.ReferenceOTU3662 EUK.Mock.1_61879	79610
H	3034	90	92.2	+	0	0	1646I90M66I	New.CleanUp.ReferenceOTU3662 EUK.Mock.1_61879	24055
H	4634	90	93.3	+	0	0	1598I90M51I	New.CleanUp.ReferenceOTU3662 EUK.Mock.1_61879	38113
H	4104	90	94.4	+	0	0	1703I90M70I	New.CleanUp.ReferenceOTU3669 EUK.Mock.1_94289	33585
H	465	90	92.2	+	0	0	1759I51MI39M70I	New.CleanUp.ReferenceOTU3669 EUK.Mock.1_94289	104302
H	1313	90	92.2	+	0	0	1729I51MI39M70I	New.CleanUp.ReferenceOTU3669 EUK.Mock.1_94289	111701
H	7017	90	91.1	+	0	0	2036I51MI39M175I	New.CleanUp.ReferenceOTU3669 EUK.Mock.1_94289	60168
H	9936	90	92.2	+	0	0	1706I62MD27M70I	New.CleanUp.ReferenceOTU3669 EUK.Mock.1_94289	85366
H	5135	79	89.9	+	0	0	1633I79M80I	New.CleanUp.ReferenceOTU367 EUK.Mock.1_27882	4269
H	5866	79	87.3	+	0	0	1559I79M66I	New.CleanUp.ReferenceOTU367 EUK.Mock.1_27882	49307
H	8924	79	88.6	+	0	0	1580I79M61I	New.CleanUp.ReferenceOTU367 EUK.Mock.1_27882	76542
H	4099	79	87.3	+	0	0	1596I79M6I	New.CleanUp.ReferenceOTU367 EUK.Mock.1_27882	33523
H	8635	79	87.3	+	0	0	1644I79M66I	New.CleanUp.ReferenceOTU367 EUK.Mock.1_27882	74171
H	2721	90	84.4	+	0	0	1620I90M60I	New.CleanUp.ReferenceOTU3674 EUK.Mock.1_7703	21436
H	2499	90	86.7	+	0	0	1638I90M63I	New.CleanUp.ReferenceOTU3674 EUK.Mock.1_7703	19455
H	1905	90	88.9	+	0	0	1590I58MD31M336I	New.CleanUp.ReferenceOTU3674 EUK.Mock.1_7703	14030
H	11182	90	87.8	+	0	0	1644I90M69I	New.CleanUp.ReferenceOTU3674 EUK.Mock.1_7703	96648
H	8293	90	86.7	+	0	0	1629I90M66I	New.CleanUp.ReferenceOTU3674 EUK.Mock.1_7703	71176
H	854	81	96.3	+	0	0	1605I81M51I	New.CleanUp.ReferenceOTU3687 EUK.Mock.1_99824	10764
H	4934	81	96.3	+	0	0	1591I81M59I	New.CleanUp.ReferenceOTU3687 EUK.Mock.1_99824	40794
H	3447	81	95.1	+	0	0	1645I81M75I	New.CleanUp.ReferenceOTU3687 EUK.Mock.1_99824	27744
H	6170	81	95.1	+	0	0	1436I81M78I	New.CleanUp.ReferenceOTU3687 EUK.Mock.1_99824	52258
H	9284	81	96.3	+	0	0	1663I13MI68M76I	New.CleanUp.ReferenceOTU3687 EUK.Mock.1_99824	80038
N	*	80	*	*	*	*	*	New.CleanUp.ReferenceOTU3688 EUK.Mock.1_91892	*
H	88	90	95.6	+	0	0	1111I90M69I	New.CleanUp.ReferenceOTU3690 EUK.Mock.1_94605	10084
H	279	90	94.4	+	0	0	1595I90M32I	New.CleanUp.ReferenceOTU3690 EUK.Mock.1_94605	102447
H	1012	90	92.2	+	0	0	1569I90M36I	New.CleanUp.ReferenceOTU3690 EUK.Mock.1_94605	108861
H	10814	90	91.1	+	0	0	1605I90M38I	New.CleanUp.ReferenceOTU3690 EUK.Mock.1_94605	93107
H	882	90	92.2	+	0	0	1628I90M36I	New.CleanUp.ReferenceOTU3690 EUK.Mock.1_94605	107888
H	7688	90	95.6	+	0	0	1582I90M585I	New.CleanUp.ReferenceOTU3691 EUK.Mock.1_80502	65995
H	8570	90	95.6	+	0	0	1668I90M70I	New.CleanUp.ReferenceOTU3691 EUK.Mock.1_80502	73609
H	564	90	90.0	+	0	0	1679I90M60I	New.CleanUp.ReferenceOTU3691 EUK.Mock.1_80502	105083
H	9760	90	87.8	+	0	0	1657I85M5D	New.CleanUp.ReferenceOTU3691 EUK.Mock.1_80502	8379
H	9379	90	92.2	+	0	0	1675I90M35I	New.CleanUp.ReferenceOTU3691 EUK.Mock.1_80502	80767
H	7688	90	96.7	+	0	0	1582I21MI69M584I	New.CleanUp.ReferenceOTU3693 EUK.Mock.1_101633	65995
H	8570	90	96.7	+	0	0	1668I21MI69M69I	New.CleanUp.ReferenceOTU3693 EUK.Mock.1_101633	73609
H	564	90	91.1	+	0	0	1679I21MI69M59I	New.CleanUp.ReferenceOTU3693 EUK.Mock.1_101633	105083
H	9379	90	91.1	+	0	0	1675I21MI69M34I	New.CleanUp.ReferenceOTU3693 EUK.Mock.1_101633	80767
H	9760	90	86.7	+	0	0	1657I21MI63M6D	New.CleanUp.ReferenceOTU3693 EUK.Mock.1_101633	8379
H	854	90	97.8	+	0	0	1605I90M42I	New.CleanUp.ReferenceOTU3695 EUK.Mock.1_67656	10764
H	4934	90	96.7	+	0	0	1591I90M50I	New.CleanUp.ReferenceOTU3695 EUK.Mock.1_67656	40794
H	3447	90	95.6	+	0	0	1645I90M66I	New.CleanUp.ReferenceOTU3695 EUK.Mock.1_67656	27744
H	6170	90	95.6	+	0	0	1436I90M69I	New.CleanUp.ReferenceOTU3695 EUK.Mock.1_67656	52258
H	9284	90	96.7	+	0	0	1663I13MI77M67I	New.CleanUp.ReferenceOTU3695 EUK.Mock.1_67656	80038
H	8570	90	96.7	+	0	0	1668I90M70I	New.CleanUp.ReferenceOTU3697 EUK.Mock.1_69143	73609
H	7688	90	96.7	+	0	0	1582I90M585I	New.CleanUp.ReferenceOTU3697 EUK.Mock.1_69143	65995
H	564	90	91.1	+	0	0	1679I90M60I	New.CleanUp.ReferenceOTU3697 EUK.Mock.1_69143	105083
H	9379	90	91.1	+	0	0	1675I90M35I	New.CleanUp.ReferenceOTU3697 EUK.Mock.1_69143	80767
H	4314	90	86.7	+	0	0	1647I90M41I	New.CleanUp.ReferenceOTU3697 EUK.Mock.1_69143	354
H	4934	90	96.7	+	0	0	1591I90M50I	New.CleanUp.ReferenceOTU3700 EUK.Mock.1_67658	40794
H	9284	90	96.7	+	0	0	1663I13MI77M67I	New.CleanUp.ReferenceOTU3700 EUK.Mock.1_67658	80038
H	854	90	95.6	+	0	0	1605I90M42I	New.CleanUp.ReferenceOTU3700 EUK.Mock.1_67658	10764
H	6170	90	95.6	+	0	0	1436I90M69I	New.CleanUp.ReferenceOTU3700 EUK.Mock.1_67658	52258
H	3447	90	94.4	+	0	0	1645I90M66I	New.CleanUp.ReferenceOTU3700 EUK.Mock.1_67658	27744
H	11256	90	94.4	+	0	0	1391I90M72I	New.CleanUp.ReferenceOTU3701 EUK.Mock.1_35601	97289
H	9506	90	94.4	+	0	0	1632I90M75I	New.CleanUp.ReferenceOTU3701 EUK.Mock.1_35601	81821
H	1881	90	74.4	+	0	0	1656I38M2D29MD20M57I	New.CleanUp.ReferenceOTU3701 EUK.Mock.1_35601	13813
H	9266	90	71.1	+	0	0	1655I39M3D48M59I	New.CleanUp.ReferenceOTU3701 EUK.Mock.1_35601	79857
H	4719	90	72.2	+	0	0	1567I39M3D20M2D26M25I	New.CleanUp.ReferenceOTU3701 EUK.Mock.1_35601	38949
N	*	90	*	*	*	*	*	New.CleanUp.ReferenceOTU3702 EUK.Mock.1_16331	*
H	5135	90	90.0	+	0	0	1633I90M69I	New.CleanUp.ReferenceOTU3704 EUK.Mock.1_74647	4269
H	5866	90	87.8	+	0	0	1559I90M55I	New.CleanUp.ReferenceOTU3704 EUK.Mock.1_74647	49307
H	8635	90	87.8	+	0	0	1644I90M55I	New.CleanUp.ReferenceOTU3704 EUK.Mock.1_74647	74171
H	5423	90	88.9	+	0	0	1602I90M39I	New.CleanUp.ReferenceOTU3704 EUK.Mock.1_74647	45376
H	2906	90	86.7	+	0	0	1573I90M50I	New.CleanUp.ReferenceOTU3704 EUK.Mock.1_74647	23075
H	7688	90	95.6	+	0	0	1582I90M585I	New.CleanUp.ReferenceOTU3705 EUK.Mock.1_108696	65995
H	8570	90	95.6	+	0	0	1668I90M70I	New.CleanUp.ReferenceOTU3705 EUK.Mock.1_108696	73609
H	564	90	90.0	+	0	0	1679I90M60I	New.CleanUp.ReferenceOTU3705 EUK.Mock.1_108696	105083
H	6400	90	86.7	+	0	0	1680I90M68I	New.CleanUp.ReferenceOTU3705 EUK.Mock.1_108696	54274
H	9379	90	90.0	+	0	0	1675I90M35I	New.CleanUp.ReferenceOTU3705 EUK.Mock.1_108696	80767
H	854	74	95.9	+	0	0	1605I74M58I	New.CleanUp.ReferenceOTU3709 EUK.Mock.1_69387	10764
H	3447	74	95.9	+	0	0	1645I74M82I	New.CleanUp.ReferenceOTU3709 EUK.Mock.1_69387	27744
H	6170	74	95.9	+	0	0	1436I74M85I	New.CleanUp.ReferenceOTU3709 EUK.Mock.1_69387	52258
H	4934	74	95.9	+	0	0	1591I74M66I	New.CleanUp.ReferenceOTU3709 EUK.Mock.1_69387	40794
H	3878	74	95.9	+	0	0	1629I51MD22M172I	New.CleanUp.ReferenceOTU3709 EUK.Mock.1_69387	31618
H	4934	90	96.7	+	0	0	1591I90M50I	New.CleanUp.ReferenceOTU371 EUK.Mock.1_8260	40794
H	854	90	95.6	+	0	0	1605I90M42I	New.CleanUp.ReferenceOTU371 EUK.Mock.1_8260	10764
H	9284	90	96.7	+	0	0	1663I13MI77M67I	New.CleanUp.ReferenceOTU371 EUK.Mock.1_8260	80038
H	6170	90	95.6	+	0	0	1436I90M69I	New.CleanUp.ReferenceOTU371 EUK.Mock.1_8260	52258
H	3447	90	94.4	+	0	0	1645I90M66I	New.CleanUp.ReferenceOTU371 EUK.Mock.1_8260	27744
N	*	82	*	*	*	*	*	New.CleanUp.ReferenceOTU3710 EUK.Mock.1_48640	*
H	10814	90	93.3	+	0	0	1605I90M38I	New.CleanUp.ReferenceOTU3719 EUK.Mock.1_98054	93107
L	9764	1808	*	*	*	*	*	83827	*
H	9764	90	95.6	+	0	0	1652I90M66I	New.CleanUp.ReferenceOTU3719 EUK.Mock.1_98054	83827
H	1782	90	94.4	+	0	0	1614I90M49I	New.CleanUp.ReferenceOTU3719 EUK.Mock.1_98054	12935
H	882	90	94.4	+	0	0	1628I90M36I	New.CleanUp.ReferenceOTU3719 EUK.Mock.1_98054	107888
H	1012	90	94.4	+	0	0	1569I90M36I	New.CleanUp.ReferenceOTU3719 EUK.Mock.1_98054	108861
H	4934	90	96.7	+	0	0	1591I90M50I	New.CleanUp.ReferenceOTU372 EUK.Mock.1_107296	40794
H	6170	90	95.6	+	0	0	1436I90M69I	New.CleanUp.ReferenceOTU372 EUK.Mock.1_107296	52258
H	3447	90	94.4	+	0	0	1645I90M66I	New.CleanUp.ReferenceOTU372 EUK.Mock.1_107296	27744
H	10646	90	94.4	+	0	0	1646I90M41I	New.CleanUp.ReferenceOTU372 EUK.Mock.1_107296	91684
H	854	90	95.6	+	0	0	1605I90M42I	New.CleanUp.ReferenceOTU372 EUK.Mock.1_107296	10764
H	4934	90	96.7	+	0	0	1591I48MI42M49I	New.CleanUp.ReferenceOTU3721 EUK.Mock.1_46536	40794
H	6170	90	95.6	+	0	0	1436I48MI42M68I	New.CleanUp.ReferenceOTU3721 EUK.Mock.1_46536	52258
H	9284	90	96.7	+	0	0	1663I13MI35MI42M66I	New.CleanUp.ReferenceOTU3721 EUK.Mock.1_46536	80038
H	854	90	95.6	+	0	0	1605I48MI42M41I	New.CleanUp.ReferenceOTU3721 EUK.Mock.1_46536	10764
H	3447	90	94.4	+	0	0	1645I48MI42M65I	New.CleanUp.ReferenceOTU3721 EUK.Mock.1_46536	27744
H	4934	90	95.6	+	0	0	1591I90M50I	New.CleanUp.ReferenceOTU3722 EUK.Mock.1_95080	40794
H	854	90	94.4	+	0	0	1605I90M42I	New.CleanUp.ReferenceOTU3722 EUK.Mock.1_95080	10764
H	9284	90	95.6	+	0	0	1663I13MI77M67I	New.CleanUp.ReferenceOTU3722 EUK.Mock.1_95080	80038
H	6170	90	94.4	+	0	0	1436I90M69I	New.CleanUp.ReferenceOTU3722 EUK.Mock.1_95080	52258
H	3447	90	93.3	+	0	0	1645I90M66I	New.CleanUp.ReferenceOTU3722 EUK.Mock.1_95080	27744
H	11256	90	94.4	+	0	0	1391I90M72I	New.CleanUp.ReferenceOTU3723 EUK.Mock.1_23820	97289
H	9506	90	94.4	+	0	0	1632I90M75I	New.CleanUp.ReferenceOTU3723 EUK.Mock.1_23820	81821
H	1881	90	74.4	+	0	0	1656I38M2D29MD20M57I	New.CleanUp.ReferenceOTU3723 EUK.Mock.1_23820	13813
H	5603	90	72.2	+	0	0	1633I38M2D21MD28M58I	New.CleanUp.ReferenceOTU3723 EUK.Mock.1_23820	46764
H	9266	90	71.1	+	0	0	1655I39M3D48M59I	New.CleanUp.ReferenceOTU3723 EUK.Mock.1_23820	79857
H	4934	90	96.7	+	0	0	1591I90M50I	New.CleanUp.ReferenceOTU3726 EUK.Mock.1_57228	40794
H	6170	90	95.6	+	0	0	1436I90M69I	New.CleanUp.ReferenceOTU3726 EUK.Mock.1_57228	52258
H	9284	90	96.7	+	0	0	1663I13MI77M67I	New.CleanUp.ReferenceOTU3726 EUK.Mock.1_57228	80038
H	854	90	95.6	+	0	0	1605I90M42I	New.CleanUp.ReferenceOTU3726 EUK.Mock.1_57228	10764
H	3447	90	94.4	+	0	0	1645I90M66I	New.CleanUp.ReferenceOTU3726 EUK.Mock.1_57228	27744
H	854	90	95.6	+	0	0	1605I90M42I	New.CleanUp.ReferenceOTU3728 EUK.Mock.1_13586	10764
H	4934	90	94.4	+	0	0	1591I90M50I	New.CleanUp.ReferenceOTU3728 EUK.Mock.1_13586	40794
H	6170	90	93.3	+	0	0	1436I90M69I	New.CleanUp.ReferenceOTU3728 EUK.Mock.1_13586	52258
H	3447	90	92.2	+	0	0	1645I90M66I	New.CleanUp.ReferenceOTU3728 EUK.Mock.1_13586	27744
H	10646	90	91.1	+	0	0	1646I90M41I	New.CleanUp.ReferenceOTU3728 EUK.Mock.1_13586	91684
H	4934	90	95.6	+	0	0	1591I90M50I	New.CleanUp.ReferenceOTU3729 EUK.Mock.1_95645	40794
H	9284	90	95.6	+	0	0	1663I13MI77M67I	New.CleanUp.ReferenceOTU3729 EUK.Mock.1_95645	80038
H	6170	90	94.4	+	0	0	1436I90M69I	New.CleanUp.ReferenceOTU3729 EUK.Mock.1_95645	52258
H	854	90	94.4	+	0	0	1605I90M42I	New.CleanUp.ReferenceOTU3729 EUK.Mock.1_95645	10764
H	3447	90	93.3	+	0	0	1645I90M66I	New.CleanUp.ReferenceOTU3729 EUK.Mock.1_95645	27744
H	7123	90	94.4	+	0	0	1549I90M12I	New.CleanUp.ReferenceOTU3731 EUK.Mock.1_20486	61087
H	7185	90	93.3	+	0	0	1649I90M69I	New.CleanUp.ReferenceOTU3731 EUK.Mock.1_20486	61571
H	4634	90	94.4	+	0	0	1598I90M51I	New.CleanUp.ReferenceOTU3731 EUK.Mock.1_20486	38113
H	3034	90	93.3	+	0	0	1646I90M66I	New.CleanUp.ReferenceOTU3731 EUK.Mock.1_20486	24055
H	9246	90	93.3	+	0	0	1549I90M12I	New.CleanUp.ReferenceOTU3731 EUK.Mock.1_20486	79610
H	3171	90	95.6	+	0	0	1626I90M65I	New.CleanUp.ReferenceOTU3734 EUK.Mock.1_66099	25160
H	8717	90	91.1	+	0	0	1594I47MI16MI27M67I	New.CleanUp.ReferenceOTU3734 EUK.Mock.1_66099	74829
H	7875	90	92.2	+	0	0	1592I45MI19MI26M64I	New.CleanUp.ReferenceOTU3734 EUK.Mock.1_66099	67609
H	2726	90	91.1	+	0	0	1589I45MI20MI25M63I	New.CleanUp.ReferenceOTU3734 EUK.Mock.1_66099	21485
H	7503	90	87.8	+	0	0	1585I90M64I	New.CleanUp.ReferenceOTU3734 EUK.Mock.1_66099	64286
N	*	90	*	*	*	*	*	New.CleanUp.ReferenceOTU3735 EUK.Mock.1_49419	*
H	4934	90	96.7	+	0	0	1591I90M50I	New.CleanUp.ReferenceOTU3736 EUK.Mock.1_17112	40794
H	9284	90	96.7	+	0	0	1663I13MI77M67I	New.CleanUp.ReferenceOTU3736 EUK.Mock.1_17112	80038
H	854	90	95.6	+	0	0	1605I90M42I	New.CleanUp.ReferenceOTU3736 EUK.Mock.1_17112	10764
H	6170	90	95.6	+	0	0	1436I90M69I	New.CleanUp.ReferenceOTU3736 EUK.Mock.1_17112	52258
H	3447	90	94.4	+	0	0	1645I90M66I	New.CleanUp.ReferenceOTU3736 EUK.Mock.1_17112	27744
H	8570	90	96.7	+	0	0	1668I90M70I	New.CleanUp.ReferenceOTU3741 EUK.Mock.1_19314	73609
H	7688	90	96.7	+	0	0	1582I90M585I	New.CleanUp.ReferenceOTU3741 EUK.Mock.1_19314	65995
H	564	90	91.1	+	0	0	1679I90M60I	New.CleanUp.ReferenceOTU3741 EUK.Mock.1_19314	105083
H	8790	90	90.0	+	0	0	1630I90M30I	New.CleanUp.ReferenceOTU3741 EUK.Mock.1_19314	75440
H	9379	90	91.1	+	0	0	1675I90M35I	New.CleanUp.ReferenceOTU3741 EUK.Mock.1_19314	80767
H	854	82	96.3	+	0	0	1605I82M50I	New.CleanUp.ReferenceOTU3742 EUK.Mock.1_105243	10764
H	4934	82	96.3	+	0	0	1591I82M58I	New.CleanUp.ReferenceOTU3742 EUK.Mock.1_105243	40794
H	3447	82	95.1	+	0	0	1645I82M74I	New.CleanUp.ReferenceOTU3742 EUK.Mock.1_105243	27744
H	6170	82	95.1	+	0	0	1436I82M77I	New.CleanUp.ReferenceOTU3742 EUK.Mock.1_105243	52258
H	10646	82	93.9	+	0	0	1646I82M49I	New.CleanUp.ReferenceOTU3742 EUK.Mock.1_105243	91684
H	5135	90	90.0	+	0	0	1633I90M69I	New.CleanUp.ReferenceOTU3743 EUK.Mock.1_81275	4269
H	5866	90	87.8	+	0	0	1559I90M55I	New.CleanUp.ReferenceOTU3743 EUK.Mock.1_81275	49307
H	4099	90	82.2	+	0	0	1596I85M5D	New.CleanUp.ReferenceOTU3743 EUK.Mock.1_81275	33523
H	8924	90	87.8	+	0	0	1580I90M50I	New.CleanUp.ReferenceOTU3743 EUK.Mock.1_81275	76542
H	2906	90	86.7	+	0	0	1573I90M50I	New.CleanUp.ReferenceOTU3743 EUK.Mock.1_81275	23075
H	7760	90	95.6	+	0	0	1279I90M35I	New.CleanUp.ReferenceOTU3749 EUK.Mock.1_93967	66673
H	4863	90	95.6	+	0	0	1251I90M35I	New.CleanUp.ReferenceOTU3749 EUK.Mock.1_93967	40103
H	3103	90	94.4	+	0	0	1290I90M34I	New.CleanUp.ReferenceOTU3749 EUK.Mock.1_93967	2467
H	10834	90	87.8	+	0	0	1683I90M70I	New.CleanUp.ReferenceOTU3749 EUK.Mock.1_93967	93246
H	5350	90	70.0	+	0	0	1613I73M2D15M57I	New.CleanUp.ReferenceOTU3749 EUK.Mock.1_93967	44760
H	9506	90	95.6	+	0	0	1632I90M75I	New.CleanUp.ReferenceOTU375 EUK.Mock.1_708	81821
H	11256	90	95.6	+	0	0	1391I90M72I	New.CleanUp.ReferenceOTU375 EUK.Mock.1_708	97289
H	5603	90	74.4	+	0	0	1633I38M2D21MD28M58I	New.CleanUp.ReferenceOTU375 EUK.Mock.1_708	46764
H	5097	90	71.1	+	0	0	1633I39M2D28MD20M46I	New.CleanUp.ReferenceOTU375 EUK.Mock.1_708	42222
H	4546	90	71.1	+	0	0	1078I39M2D28MD20M56I	New.CleanUp.ReferenceOTU375 EUK.Mock.1_708	37371
H	8570	90	96.7	+	0	0	1668I90M70I	New.CleanUp.ReferenceOTU3752 EUK.Mock.1_93961	73609
H	7688	90	96.7	+	0	0	1582I90M585I	New.CleanUp.ReferenceOTU3752 EUK.Mock.1_93961	65995
H	9760	90	88.9	+	0	0	1657I85M5D	New.CleanUp.ReferenceOTU3752 EUK.Mock.1_93961	8379
H	6400	90	86.7	+	0	0	1680I90M68I	New.CleanUp.ReferenceOTU3752 EUK.Mock.1_93961	54274
H	564	90	91.1	+	0	0	1679I90M60I	New.CleanUp.ReferenceOTU3752 EUK.Mock.1_93961	105083
H	662	90	85.6	+	0	0	1604I90M10I	New.CleanUp.ReferenceOTU3754 EUK.Mock.1_67663	105915
H	11182	90	85.6	+	0	0	1644I90M69I	New.CleanUp.ReferenceOTU3754 EUK.Mock.1_67663	96648
H	2499	90	84.4	+	0	0	1638I90M63I	New.CleanUp.ReferenceOTU3754 EUK.Mock.1_67663	19455
L	11090	1729	*	*	*	*	*	95783	*
H	11090	90	78.9	+	0	0	1590I90M49I	New.CleanUp.ReferenceOTU3754 EUK.Mock.1_67663	95783
H	8274	90	72.2	+	0	0	1739I90M66I	New.CleanUp.ReferenceOTU3754 EUK.Mock.1_67663	70969
H	8570	90	92.2	+	0	0	1668I90M70I	New.CleanUp.ReferenceOTU3755 EUK.Mock.1_69895	73609
H	7688	90	92.2	+	0	0	1582I90M585I	New.CleanUp.ReferenceOTU3755 EUK.Mock.1_69895	65995
H	4314	90	82.2	+	0	0	1647I90M41I	New.CleanUp.ReferenceOTU3755 EUK.Mock.1_69895	354
H	564	90	86.7	+	0	0	1679I90M60I	New.CleanUp.ReferenceOTU3755 EUK.Mock.1_69895	105083
H	9379	90	86.7	+	0	0	1675I90M35I	New.CleanUp.ReferenceOTU3755 EUK.Mock.1_69895	80767
H	8570	90	96.7	+	0	0	1668I90M70I	New.CleanUp.ReferenceOTU3756 EUK.Mock.1_108701	73609
H	7688	90	96.7	+	0	0	1582I90M585I	New.CleanUp.ReferenceOTU3756 EUK.Mock.1_108701	65995
H	9760	90	88.9	+	0	0	1657I85M5D	New.CleanUp.ReferenceOTU3756 EUK.Mock.1_108701	8379
H	564	90	91.1	+	0	0	1679I90M60I	New.CleanUp.ReferenceOTU3756 EUK.Mock.1_108701	105083
H	9379	90	91.1	+	0	0	1675I90M35I	New.CleanUp.ReferenceOTU3756 EUK.Mock.1_108701	80767
N	*	82	*	*	*	*	*	New.CleanUp.ReferenceOTU3757 EUK.Mock.1_88403	*
H	7123	90	95.6	+	0	0	1549I90M12I	New.CleanUp.ReferenceOTU3758 EUK.Mock.1_84163	61087
H	7185	90	94.4	+	0	0	1649I90M69I	New.CleanUp.ReferenceOTU3758 EUK.Mock.1_84163	61571
H	4634	90	95.6	+	0	0	1598I90M51I	New.CleanUp.ReferenceOTU3758 EUK.Mock.1_84163	38113
H	3242	90	94.4	+	0	0	1639I90M133I	New.CleanUp.ReferenceOTU3758 EUK.Mock.1_84163	25771
H	3034	90	94.4	+	0	0	1646I90M66I	New.CleanUp.ReferenceOTU3758 EUK.Mock.1_84163	24055
H	7688	90	96.7	+	0	0	1582I90M585I	New.CleanUp.ReferenceOTU3764 EUK.Mock.1_95464	65995
H	8570	90	96.7	+	0	0	1668I90M70I	New.CleanUp.ReferenceOTU3764 EUK.Mock.1_95464	73609
H	564	90	91.1	+	0	0	1679I90M60I	New.CleanUp.ReferenceOTU3764 EUK.Mock.1_95464	105083
H	9760	90	87.8	+	0	0	1657I85M5D	New.CleanUp.ReferenceOTU3764 EUK.Mock.1_95464	8379
H	9379	90	92.2	+	0	0	1675I90M35I	New.CleanUp.ReferenceOTU3764 EUK.Mock.1_95464	80767
H	4934	90	96.7	+	0	0	1591I90M50I	New.CleanUp.ReferenceOTU3765 EUK.Mock.1_71926	40794
H	9284	90	96.7	+	0	0	1663I13MI77M67I	New.CleanUp.ReferenceOTU3765 EUK.Mock.1_71926	80038
H	854	90	95.6	+	0	0	1605I90M42I	New.CleanUp.ReferenceOTU3765 EUK.Mock.1_71926	10764
H	6170	90	95.6	+	0	0	1436I90M69I	New.CleanUp.ReferenceOTU3765 EUK.Mock.1_71926	52258
H	3447	90	94.4	+	0	0	1645I90M66I	New.CleanUp.ReferenceOTU3765 EUK.Mock.1_71926	27744
H	7688	90	96.7	+	0	0	1582I90M585I	New.CleanUp.ReferenceOTU3768 EUK.Mock.1_103038	65995
H	8570	90	96.7	+	0	0	1668I90M70I	New.CleanUp.ReferenceOTU3768 EUK.Mock.1_103038	73609
H	564	90	91.1	+	0	0	1679I90M60I	New.CleanUp.ReferenceOTU3768 EUK.Mock.1_103038	105083
H	9760	90	86.7	+	0	0	1657I85M5D	New.CleanUp.ReferenceOTU3768 EUK.Mock.1_103038	8379
H	5808	90	85.6	+	0	0	1641I62MI28M32I	New.CleanUp.ReferenceOTU3768 EUK.Mock.1_103038	48553
H	7090	90	96.7	+	0	0	1644I90M66I	New.CleanUp.ReferenceOTU3770 EUK.Mock.1_104869	60815
H	6339	90	92.2	+	0	0	2364I90M500I	New.CleanUp.ReferenceOTU3770 EUK.Mock.1_104869	53760
H	6762	90	93.3	+	0	0	1593I90M66I	New.CleanUp.ReferenceOTU3770 EUK.Mock.1_104869	57713
H	2803	90	93.3	+	0	0	1562I90M34I	New.CleanUp.ReferenceOTU3770 EUK.Mock.1_104869	22189
H	5284	90	93.3	+	0	0	1572I90M66I	New.CleanUp.ReferenceOTU3770 EUK.Mock.1_104869	44060
H	854	90	97.8	+	0	0	1605I90M42I	New.CleanUp.ReferenceOTU3774 EUK.Mock.1_87992	10764
H	4934	90	96.7	+	0	0	1591I90M50I	New.CleanUp.ReferenceOTU3774 EUK.Mock.1_87992	40794
H	6170	90	95.6	+	0	0	1436I90M69I	New.CleanUp.ReferenceOTU3774 EUK.Mock.1_87992	52258
H	3447	90	94.4	+	0	0	1645I90M66I	New.CleanUp.ReferenceOTU3774 EUK.Mock.1_87992	27744
H	3878	90	92.2	+	0	0	1629I54MD35M156I	New.CleanUp.ReferenceOTU3774 EUK.Mock.1_87992	31618
H	4934	90	96.7	+	0	0	1591I90M50I	New.CleanUp.ReferenceOTU3775 EUK.Mock.1_95066	40794
H	6170	90	95.6	+	0	0	1436I90M69I	New.CleanUp.ReferenceOTU3775 EUK.Mock.1_95066	52258
H	854	90	95.6	+	0	0	1605I90M42I	New.CleanUp.ReferenceOTU3775 EUK.Mock.1_95066	10764
H	3447	90	94.4	+	0	0	1645I90M66I	New.CleanUp.ReferenceOTU3775 EUK.Mock.1_95066	27744
H	9284	90	96.7	+	0	0	1663I13MI77M67I	New.CleanUp.ReferenceOTU3775 EUK.Mock.1_95066	80038
H	10646	71	94.4	+	0	0	1646I71M60I	New.CleanUp.ReferenceOTU3778 EUK.Mock.1_104862	91684
H	3878	71	95.8	+	0	0	1629I52MD18M175I	New.CleanUp.ReferenceOTU3778 EUK.Mock.1_104862	31618
H	3447	71	95.8	+	0	0	1645I71M85I	New.CleanUp.ReferenceOTU3778 EUK.Mock.1_104862	27744
H	6170	71	95.8	+	0	0	1436I71M88I	New.CleanUp.ReferenceOTU3778 EUK.Mock.1_104862	52258
H	1549	71	93.0	+	0	0	1427I42M3D26M9I	New.CleanUp.ReferenceOTU3778 EUK.Mock.1_104862	113941
H	88	90	95.6	+	0	0	1111I90M69I	New.CleanUp.ReferenceOTU3783 EUK.Mock.1_109164	10084
H	279	90	94.4	+	0	0	1595I90M32I	New.CleanUp.ReferenceOTU3783 EUK.Mock.1_109164	102447
H	4197	90	94.4	+	0	0	1637I90M64I	New.CleanUp.ReferenceOTU3783 EUK.Mock.1_109164	34288
H	3439	90	93.3	+	0	0	1600I90M55I	New.CleanUp.ReferenceOTU3783 EUK.Mock.1_109164	27643
H	5770	90	93.3	+	0	0	1620I90M28I	New.CleanUp.ReferenceOTU3783 EUK.Mock.1_109164	48184
H	9506	86	94.2	+	0	0	1632I86M79I	New.CleanUp.ReferenceOTU3785 EUK.Mock.1_81306	81821
H	11256	86	94.2	+	0	0	1391I86M76I	New.CleanUp.ReferenceOTU3785 EUK.Mock.1_81306	97289
H	4125	86	75.6	+	0	0	1628I37M2D31MD15M46I	New.CleanUp.ReferenceOTU3785 EUK.Mock.1_81306	33757
H	5603	86	73.3	+	0	0	1633I37M2D22MD24M62I	New.CleanUp.ReferenceOTU3785 EUK.Mock.1_81306	46764
H	4719	86	73.3	+	0	0	1567I39M3D19M2D23M29I	New.CleanUp.ReferenceOTU3785 EUK.Mock.1_81306	38949
H	854	90	97.8	+	0	0	1605I90M42I	New.CleanUp.ReferenceOTU3789 EUK.Mock.1_42417	10764
H	4934	90	96.7	+	0	0	1591I90M50I	New.CleanUp.ReferenceOTU3789 EUK.Mock.1_42417	40794
H	3447	90	94.4	+	0	0	1645I90M66I	New.CleanUp.ReferenceOTU3789 EUK.Mock.1_42417	27744
H	6170	90	95.6	+	0	0	1436I90M69I	New.CleanUp.ReferenceOTU3789 EUK.Mock.1_42417	52258
H	10646	90	93.3	+	0	0	1646I90M41I	New.CleanUp.ReferenceOTU3789 EUK.Mock.1_42417	91684
H	7688	90	96.7	+	0	0	1582I90M585I	New.CleanUp.ReferenceOTU3792 EUK.Mock.1_5925	65995
H	8570	90	96.7	+	0	0	1668I90M70I	New.CleanUp.ReferenceOTU3792 EUK.Mock.1_5925	73609
H	564	90	91.1	+	0	0	1679I90M60I	New.CleanUp.ReferenceOTU3792 EUK.Mock.1_5925	105083
H	9379	90	91.1	+	0	0	1675I90M35I	New.CleanUp.ReferenceOTU3792 EUK.Mock.1_5925	80767
H	4314	90	88.9	+	0	0	1647I90M41I	New.CleanUp.ReferenceOTU3792 EUK.Mock.1_5925	354
H	3447	90	90.0	+	0	0	1645I90M66I	New.CleanUp.ReferenceOTU3793 EUK.Mock.1_5922	27744
H	854	90	86.7	+	0	0	1605I90M42I	New.CleanUp.ReferenceOTU3793 EUK.Mock.1_5922	10764
H	6170	90	88.9	+	0	0	1436I90M69I	New.CleanUp.ReferenceOTU3793 EUK.Mock.1_5922	52258
H	4934	90	87.8	+	0	0	1591I90M50I	New.CleanUp.ReferenceOTU3793 EUK.Mock.1_5922	40794
H	3878	90	87.8	+	0	0	1629I54MD35M156I	New.CleanUp.ReferenceOTU3793 EUK.Mock.1_5922	31618
H	7760	90	95.6	+	0	0	1279I90M35I	New.CleanUp.ReferenceOTU3795 EUK.Mock.1_7124	66673
H	4863	90	95.6	+	0	0	1251I90M35I	New.CleanUp.ReferenceOTU3795 EUK.Mock.1_7124	40103
H	3103	90	94.4	+	0	0	1290I90M34I	New.CleanUp.ReferenceOTU3795 EUK.Mock.1_7124	2467
H	10834	90	87.8	+	0	0	1683I90M70I	New.CleanUp.ReferenceOTU3795 EUK.Mock.1_7124	93246
L	9604	1765	*	*	*	*	*	82548	*
H	9604	90	76.7	+	0	0	1625I90M50I	New.CleanUp.ReferenceOTU3795 EUK.Mock.1_7124	82548
H	3878	83	94.0	+	0	0	1629I52MD30M163I	New.CleanUp.ReferenceOTU3796 EUK.Mock.1_102045	31618
H	3447	83	95.2	+	0	0	1645I83M73I	New.CleanUp.ReferenceOTU3796 EUK.Mock.1_102045	27744
H	4934	83	96.4	+	0	0	1591I83M57I	New.CleanUp.ReferenceOTU3796 EUK.Mock.1_102045	40794
H	854	83	95.2	+	0	0	1605I83M49I	New.CleanUp.ReferenceOTU3796 EUK.Mock.1_102045	10764
H	6170	83	95.2	+	0	0	1436I83M76I	New.CleanUp.ReferenceOTU3796 EUK.Mock.1_102045	52258
H	7688	84	94.0	+	0	0	1582I84M591I	New.CleanUp.ReferenceOTU3797 EUK.Mock.1_105028	65995
H	8570	84	94.0	+	0	0	1668I84M76I	New.CleanUp.ReferenceOTU3797 EUK.Mock.1_105028	73609
H	564	84	89.3	+	0	0	1679I84M66I	New.CleanUp.ReferenceOTU3797 EUK.Mock.1_105028	105083
H	9379	84	88.1	+	0	0	1675I84M41I	New.CleanUp.ReferenceOTU3797 EUK.Mock.1_105028	80767
H	6400	84	83.3	+	0	0	1680I84M74I	New.CleanUp.ReferenceOTU3797 EUK.Mock.1_105028	54274
H	4863	90	96.7	+	0	0	1251I90M35I	New.CleanUp.ReferenceOTU38 EUK.Mock.1_7450	40103
H	7760	90	96.7	+	0	0	1279I90M35I	New.CleanUp.ReferenceOTU38 EUK.Mock.1_7450	66673
H	3103	90	95.6	+	0	0	1290I90M34I	New.CleanUp.ReferenceOTU38 EUK.Mock.1_7450	2467
H	10834	90	87.8	+	0	0	1683I90M70I	New.CleanUp.ReferenceOTU38 EUK.Mock.1_7450	93246
H	8739	90	77.8	+	0	0	1578I59MD30M67I	New.CleanUp.ReferenceOTU38 EUK.Mock.1_7450	75012
H	7688	90	96.7	+	0	0	1582I90M585I	New.CleanUp.ReferenceOTU3804 EUK.Mock.1_83674	65995
H	8570	90	96.7	+	0	0	1668I90M70I	New.CleanUp.ReferenceOTU3804 EUK.Mock.1_83674	73609
H	564	90	91.1	+	0	0	1679I90M60I	New.CleanUp.ReferenceOTU3804 EUK.Mock.1_83674	105083
H	6400	90	86.7	+	0	0	1680I90M68I	New.CleanUp.ReferenceOTU3804 EUK.Mock.1_83674	54274
H	9379	90	91.1	+	0	0	1675I90M35I	New.CleanUp.ReferenceOTU3804 EUK.Mock.1_83674	80767
H	2721	83	75.9	+	0	0	1620I83M67I	New.CleanUp.ReferenceOTU3805 EUK.Mock.1_39981	21436
H	4934	83	88.0	+	0	0	1591I83M57I	New.CleanUp.ReferenceOTU3805 EUK.Mock.1_39981	40794
H	6170	83	86.7	+	0	0	1436I83M76I	New.CleanUp.ReferenceOTU3805 EUK.Mock.1_39981	52258
H	649	83	78.3	+	0	0	1611I83M67I	New.CleanUp.ReferenceOTU3805 EUK.Mock.1_39981	105830
H	4596	83	74.7	+	0	0	1623I83M58I	New.CleanUp.ReferenceOTU3805 EUK.Mock.1_39981	37746
H	7688	90	96.7	+	0	0	1582I90M585I	New.CleanUp.ReferenceOTU3806 EUK.Mock.1_17245	65995
H	8570	90	96.7	+	0	0	1668I90M70I	New.CleanUp.ReferenceOTU3806 EUK.Mock.1_17245	73609
H	564	90	91.1	+	0	0	1679I90M60I	New.CleanUp.ReferenceOTU3806 EUK.Mock.1_17245	105083
H	6400	90	86.7	+	0	0	1680I90M68I	New.CleanUp.ReferenceOTU3806 EUK.Mock.1_17245	54274
H	9379	90	91.1	+	0	0	1675I90M35I	New.CleanUp.ReferenceOTU3806 EUK.Mock.1_17245	80767
H	7688	90	95.6	+	0	0	1582I90M585I	New.CleanUp.ReferenceOTU381 EUK.Mock.1_9877	65995
H	8570	90	95.6	+	0	0	1668I90M70I	New.CleanUp.ReferenceOTU381 EUK.Mock.1_9877	73609
H	564	90	90.0	+	0	0	1679I90M60I	New.CleanUp.ReferenceOTU381 EUK.Mock.1_9877	105083
H	6400	90	86.7	+	0	0	1680I90M68I	New.CleanUp.ReferenceOTU381 EUK.Mock.1_9877	54274
H	4314	90	85.6	+	0	0	1647I90M41I	New.CleanUp.ReferenceOTU381 EUK.Mock.1_9877	354
H	3878	71	95.8	+	0	0	1629I54MD16M175I	New.CleanUp.ReferenceOTU3810 EUK.Mock.1_53149	31618
H	4934	71	95.8	+	0	0	1591I71M69I	New.CleanUp.ReferenceOTU3810 EUK.Mock.1_53149	40794
H	6170	71	95.8	+	0	0	1436I71M88I	New.CleanUp.ReferenceOTU3810 EUK.Mock.1_53149	52258
H	3447	71	95.8	+	0	0	1645I71M85I	New.CleanUp.ReferenceOTU3810 EUK.Mock.1_53149	27744
H	854	71	95.8	+	0	0	1605I71M61I	New.CleanUp.ReferenceOTU3810 EUK.Mock.1_53149	10764
N	*	90	*	*	*	*	*	New.CleanUp.ReferenceOTU3817 EUK.Mock.1_45377	*
H	4934	90	94.4	+	0	0	1591I90M50I	New.CleanUp.ReferenceOTU3818 EUK.Mock.1_8457	40794
H	6170	90	93.3	+	0	0	1436I90M69I	New.CleanUp.ReferenceOTU3818 EUK.Mock.1_8457	52258
H	9284	90	94.4	+	0	0	1663I13MI77M67I	New.CleanUp.ReferenceOTU3818 EUK.Mock.1_8457	80038
H	854	90	93.3	+	0	0	1605I90M42I	New.CleanUp.ReferenceOTU3818 EUK.Mock.1_8457	10764
H	3447	90	92.2	+	0	0	1645I90M66I	New.CleanUp.ReferenceOTU3818 EUK.Mock.1_8457	27744
H	7123	90	94.4	+	0	0	1549I90M12I	New.CleanUp.ReferenceOTU3819 EUK.Mock.1_70438	61087
H	4634	90	94.4	+	0	0	1598I90M51I	New.CleanUp.ReferenceOTU3819 EUK.Mock.1_70438	38113
H	7185	90	93.3	+	0	0	1649I90M69I	New.CleanUp.ReferenceOTU3819 EUK.Mock.1_70438	61571
H	3034	90	93.3	+	0	0	1646I90M66I	New.CleanUp.ReferenceOTU3819 EUK.Mock.1_70438	24055
H	9246	90	93.3	+	0	0	1549I90M12I	New.CleanUp.ReferenceOTU3819 EUK.Mock.1_70438	79610
N	*	90	*	*	*	*	*	New.CleanUp.ReferenceOTU3820 EUK.Mock.1_83511	*
H	7688	90	92.2	+	0	0	1582I90M585I	New.CleanUp.ReferenceOTU3821 EUK.Mock.1_88081	65995
H	8570	90	92.2	+	0	0	1668I90M70I	New.CleanUp.ReferenceOTU3821 EUK.Mock.1_88081	73609
H	564	90	86.7	+	0	0	1679I90M60I	New.CleanUp.ReferenceOTU3821 EUK.Mock.1_88081	105083
H	6400	90	82.2	+	0	0	1680I90M68I	New.CleanUp.ReferenceOTU3821 EUK.Mock.1_88081	54274
H	9379	90	86.7	+	0	0	1675I90M35I	New.CleanUp.ReferenceOTU3821 EUK.Mock.1_88081	80767
H	7090	90	96.7	+	0	0	1644I90M66I	New.CleanUp.ReferenceOTU3824 EUK.Mock.1_86625	60815
H	2803	90	93.3	+	0	0	1562I90M34I	New.CleanUp.ReferenceOTU3824 EUK.Mock.1_86625	22189
H	8619	90	93.3	+	0	0	1564I90M59I	New.CleanUp.ReferenceOTU3824 EUK.Mock.1_86625	74011
H	6339	90	92.2	+	0	0	2364I90M500I	New.CleanUp.ReferenceOTU3824 EUK.Mock.1_86625	53760
H	8817	90	94.4	+	0	0	1616I63MI16MI11M33I	New.CleanUp.ReferenceOTU3824 EUK.Mock.1_86625	75599
H	3034	90	94.4	+	0	0	1646I90M66I	New.CleanUp.ReferenceOTU3828 EUK.Mock.1_6855	24055
H	3242	90	94.4	+	0	0	1639I90M133I	New.CleanUp.ReferenceOTU3828 EUK.Mock.1_6855	25771
H	1595	90	94.4	+	0	0	1626I90M66I	New.CleanUp.ReferenceOTU3828 EUK.Mock.1_6855	114376
H	7123	90	95.6	+	0	0	1549I90M12I	New.CleanUp.ReferenceOTU3828 EUK.Mock.1_6855	61087
H	4634	90	95.6	+	0	0	1598I90M51I	New.CleanUp.ReferenceOTU3828 EUK.Mock.1_6855	38113
H	5135	86	91.9	+	0	0	1633I86M73I	New.CleanUp.ReferenceOTU383 EUK.Mock.1_90084	4269
H	5866	86	89.5	+	0	0	1559I86M59I	New.CleanUp.ReferenceOTU383 EUK.Mock.1_90084	49307
H	5423	86	90.7	+	0	0	1602I86M43I	New.CleanUp.ReferenceOTU383 EUK.Mock.1_90084	45376
H	8924	86	89.5	+	0	0	1580I86M54I	New.CleanUp.ReferenceOTU383 EUK.Mock.1_90084	76542
H	8635	86	89.5	+	0	0	1644I86M59I	New.CleanUp.ReferenceOTU383 EUK.Mock.1_90084	74171
H	4934	90	96.7	+	0	0	1591I90M50I	New.CleanUp.ReferenceOTU3834 EUK.Mock.1_84978	40794
H	9284	90	96.7	+	0	0	1663I13MI77M67I	New.CleanUp.ReferenceOTU3834 EUK.Mock.1_84978	80038
H	6170	90	95.6	+	0	0	1436I90M69I	New.CleanUp.ReferenceOTU3834 EUK.Mock.1_84978	52258
H	854	90	95.6	+	0	0	1605I90M42I	New.CleanUp.ReferenceOTU3834 EUK.Mock.1_84978	10764
H	3447	90	94.4	+	0	0	1645I90M66I	New.CleanUp.ReferenceOTU3834 EUK.Mock.1_84978	27744
H	7688	90	95.6	+	0	0	1582I90M585I	New.CleanUp.ReferenceOTU3838 EUK.Mock.1_70407	65995
H	8570	90	95.6	+	0	0	1668I90M70I	New.CleanUp.ReferenceOTU3838 EUK.Mock.1_70407	73609
H	564	90	90.0	+	0	0	1679I90M60I	New.CleanUp.ReferenceOTU3838 EUK.Mock.1_70407	105083
H	9379	90	90.0	+	0	0	1675I90M35I	New.CleanUp.ReferenceOTU3838 EUK.Mock.1_70407	80767
H	4314	90	85.6	+	0	0	1647I90M41I	New.CleanUp.ReferenceOTU3838 EUK.Mock.1_70407	354
H	7688	90	96.7	+	0	0	1582I90M585I	New.CleanUp.ReferenceOTU3839 EUK.Mock.1_70406	65995
H	8570	90	96.7	+	0	0	1668I90M70I	New.CleanUp.ReferenceOTU3839 EUK.Mock.1_70406	73609
H	564	90	91.1	+	0	0	1679I90M60I	New.CleanUp.ReferenceOTU3839 EUK.Mock.1_70406	105083
H	6400	90	87.8	+	0	0	1680I90M68I	New.CleanUp.ReferenceOTU3839 EUK.Mock.1_70406	54274
H	9379	90	91.1	+	0	0	1675I90M35I	New.CleanUp.ReferenceOTU3839 EUK.Mock.1_70406	80767
H	564	90	93.3	+	0	0	1679I90M60I	New.CleanUp.ReferenceOTU3843 EUK.Mock.1_96288	105083
H	7688	90	95.6	+	0	0	1582I90M585I	New.CleanUp.ReferenceOTU3843 EUK.Mock.1_96288	65995
H	8570	90	95.6	+	0	0	1668I90M70I	New.CleanUp.ReferenceOTU3843 EUK.Mock.1_96288	73609
H	6400	90	88.9	+	0	0	1680I90M68I	New.CleanUp.ReferenceOTU3843 EUK.Mock.1_96288	54274
H	9379	90	93.3	+	0	0	1675I90M35I	New.CleanUp.ReferenceOTU3843 EUK.Mock.1_96288	80767
H	9443	90	91.1	+	0	0	1592I90M50I	New.CleanUp.ReferenceOTU3844 EUK.Mock.1_72934	81305
H	5135	90	92.2	+	0	0	1633I90M69I	New.CleanUp.ReferenceOTU3844 EUK.Mock.1_72934	4269
H	5423	90	91.1	+	0	0	1602I90M39I	New.CleanUp.ReferenceOTU3844 EUK.Mock.1_72934	45376
H	8635	90	92.2	+	0	0	1644I90M55I	New.CleanUp.ReferenceOTU3844 EUK.Mock.1_72934	74171
H	5866	90	90.0	+	0	0	1559I90M55I	New.CleanUp.ReferenceOTU3844 EUK.Mock.1_72934	49307
H	4934	90	96.7	+	0	0	1591I90M50I	New.CleanUp.ReferenceOTU3845 EUK.Mock.1_30524	40794
H	6170	90	95.6	+	0	0	1436I90M69I	New.CleanUp.ReferenceOTU3845 EUK.Mock.1_30524	52258
H	3447	90	94.4	+	0	0	1645I90M66I	New.CleanUp.ReferenceOTU3845 EUK.Mock.1_30524	27744
H	854	90	95.6	+	0	0	1605I90M42I	New.CleanUp.ReferenceOTU3845 EUK.Mock.1_30524	10764
H	9284	90	96.7	+	0	0	1663I13MI77M67I	New.CleanUp.ReferenceOTU3845 EUK.Mock.1_30524	80038
H	7688	90	96.7	+	0	0	1582I90M585I	New.CleanUp.ReferenceOTU3846 EUK.Mock.1_4725	65995
H	8570	90	96.7	+	0	0	1668I90M70I	New.CleanUp.ReferenceOTU3846 EUK.Mock.1_4725	73609
H	564	90	91.1	+	0	0	1679I90M60I	New.CleanUp.ReferenceOTU3846 EUK.Mock.1_4725	105083
H	9760	90	87.8	+	0	0	1657I85M5D	New.CleanUp.ReferenceOTU3846 EUK.Mock.1_4725	8379
H	9379	90	91.1	+	0	0	1675I90M35I	New.CleanUp.ReferenceOTU3846 EUK.Mock.1_4725	80767
N	*	90	*	*	*	*	*	New.CleanUp.ReferenceOTU3850 EUK.Mock.1_107725	*
H	4934	90	95.6	+	0	0	1591I90M50I	New.CleanUp.ReferenceOTU3851 EUK.Mock.1_79592	40794
H	9284	90	95.6	+	0	0	1663I13MI77M67I	New.CleanUp.ReferenceOTU3851 EUK.Mock.1_79592	80038
H	854	90	94.4	+	0	0	1605I90M42I	New.CleanUp.ReferenceOTU3851 EUK.Mock.1_79592	10764
H	6170	90	94.4	+	0	0	1436I90M69I	New.CleanUp.ReferenceOTU3851 EUK.Mock.1_79592	52258
H	3447	90	93.3	+	0	0	1645I90M66I	New.CleanUp.ReferenceOTU3851 EUK.Mock.1_79592	27744
H	4934	90	96.7	+	0	0	1591I90M50I	New.CleanUp.ReferenceOTU3852 EUK.Mock.1_79593	40794
H	9284	90	96.7	+	0	0	1663I13MI77M67I	New.CleanUp.ReferenceOTU3852 EUK.Mock.1_79593	80038
H	6170	90	95.6	+	0	0	1436I90M69I	New.CleanUp.ReferenceOTU3852 EUK.Mock.1_79593	52258
H	854	90	95.6	+	0	0	1605I90M42I	New.CleanUp.ReferenceOTU3852 EUK.Mock.1_79593	10764
H	3447	90	94.4	+	0	0	1645I90M66I	New.CleanUp.ReferenceOTU3852 EUK.Mock.1_79593	27744
H	7760	90	95.6	+	0	0	1279I90M35I	New.CleanUp.ReferenceOTU3853 EUK.Mock.1_8678	66673
H	4863	90	95.6	+	0	0	1251I90M35I	New.CleanUp.ReferenceOTU3853 EUK.Mock.1_8678	40103
H	3103	90	94.4	+	0	0	1290I90M34I	New.CleanUp.ReferenceOTU3853 EUK.Mock.1_8678	2467
H	10834	90	87.8	+	0	0	1683I90M70I	New.CleanUp.ReferenceOTU3853 EUK.Mock.1_8678	93246
H	8991	90	81.1	+	0	0	1951I67MD22M67I	New.CleanUp.ReferenceOTU3853 EUK.Mock.1_8678	77160
H	9506	74	95.9	+	0	0	1632I74M91I	New.CleanUp.ReferenceOTU3856 EUK.Mock.1_99542	81821
H	11256	74	95.9	+	0	0	1391I74M88I	New.CleanUp.ReferenceOTU3856 EUK.Mock.1_99542	97289
L	642	2398	*	*	*	*	*	105799	*
H	642	74	70.3	+	0	0	1608I45M2D27M718I	New.CleanUp.ReferenceOTU3856 EUK.Mock.1_99542	105799
H	1881	74	81.1	+	0	0	1656I37M2D35M72I	New.CleanUp.ReferenceOTU3856 EUK.Mock.1_99542	13813
H	11528	74	73.0	+	0	0	1589I40M2D32M84I	New.CleanUp.ReferenceOTU3856 EUK.Mock.1_99542	99565
H	4934	90	96.7	+	0	0	1591I90M50I	New.CleanUp.ReferenceOTU3858 EUK.Mock.1_107729	40794
H	9284	90	96.7	+	0	0	1663I13MI77M67I	New.CleanUp.ReferenceOTU3858 EUK.Mock.1_107729	80038
H	854	90	95.6	+	0	0	1605I90M42I	New.CleanUp.ReferenceOTU3858 EUK.Mock.1_107729	10764
H	6170	90	95.6	+	0	0	1436I90M69I	New.CleanUp.ReferenceOTU3858 EUK.Mock.1_107729	52258
H	3447	90	94.4	+	0	0	1645I90M66I	New.CleanUp.ReferenceOTU3858 EUK.Mock.1_107729	27744
H	4934	90	96.7	+	0	0	1591I90M50I	New.CleanUp.ReferenceOTU3859 EUK.Mock.1_87332	40794
H	6170	90	95.6	+	0	0	1436I90M69I	New.CleanUp.ReferenceOTU3859 EUK.Mock.1_87332	52258
H	10646	90	93.3	+	0	0	1646I90M41I	New.CleanUp.ReferenceOTU3859 EUK.Mock.1_87332	91684
H	3447	90	94.4	+	0	0	1645I90M66I	New.CleanUp.ReferenceOTU3859 EUK.Mock.1_87332	27744
H	9284	90	96.7	+	0	0	1663I13MI77M67I	New.CleanUp.ReferenceOTU3859 EUK.Mock.1_87332	80038
H	5135	90	91.1	+	0	0	1633I90M69I	New.CleanUp.ReferenceOTU3863 EUK.Mock.1_74096	4269
H	5423	90	90.0	+	0	0	1602I90M39I	New.CleanUp.ReferenceOTU3863 EUK.Mock.1_74096	45376
H	5866	90	88.9	+	0	0	1559I90M55I	New.CleanUp.ReferenceOTU3863 EUK.Mock.1_74096	49307
H	9443	90	87.8	+	0	0	1592I90M50I	New.CleanUp.ReferenceOTU3863 EUK.Mock.1_74096	81305
H	8635	90	88.9	+	0	0	1644I90M55I	New.CleanUp.ReferenceOTU3863 EUK.Mock.1_74096	74171
H	4934	90	96.7	+	0	0	1591I90M50I	New.CleanUp.ReferenceOTU387 EUK.Mock.1_51423	40794
H	9284	90	96.7	+	0	0	1663I13MI77M67I	New.CleanUp.ReferenceOTU387 EUK.Mock.1_51423	80038
H	6170	90	95.6	+	0	0	1436I90M69I	New.CleanUp.ReferenceOTU387 EUK.Mock.1_51423	52258
H	854	90	95.6	+	0	0	1605I90M42I	New.CleanUp.ReferenceOTU387 EUK.Mock.1_51423	10764
H	3447	90	94.4	+	0	0	1645I90M66I	New.CleanUp.ReferenceOTU387 EUK.Mock.1_51423	27744
H	8274	90	75.6	+	0	0	1739I90M66I	New.CleanUp.ReferenceOTU3872 EUK.Mock.1_81362	70969
H	11182	90	87.8	+	0	0	1644I90M69I	New.CleanUp.ReferenceOTU3872 EUK.Mock.1_81362	96648
H	2499	90	86.7	+	0	0	1638I90M63I	New.CleanUp.ReferenceOTU3872 EUK.Mock.1_81362	19455
H	1905	90	88.9	+	0	0	1590I58MD31M336I	New.CleanUp.ReferenceOTU3872 EUK.Mock.1_81362	14030
H	9735	90	76.7	+	0	0	1642I90M64I	New.CleanUp.ReferenceOTU3872 EUK.Mock.1_81362	83620
H	4934	90	96.7	+	0	0	1591I90M50I	New.CleanUp.ReferenceOTU3875 EUK.Mock.1_85851	40794
H	6170	90	95.6	+	0	0	1436I90M69I	New.CleanUp.ReferenceOTU3875 EUK.Mock.1_85851	52258
H	9284	90	96.7	+	0	0	1663I13MI77M67I	New.CleanUp.ReferenceOTU3875 EUK.Mock.1_85851	80038
H	3447	90	94.4	+	0	0	1645I90M66I	New.CleanUp.ReferenceOTU3875 EUK.Mock.1_85851	27744
H	854	90	95.6	+	0	0	1605I90M42I	New.CleanUp.ReferenceOTU3875 EUK.Mock.1_85851	10764
H	4863	90	95.6	+	0	0	1251I90M35I	New.CleanUp.ReferenceOTU3878 EUK.Mock.1_93550	40103
H	7760	90	95.6	+	0	0	1279I90M35I	New.CleanUp.ReferenceOTU3878 EUK.Mock.1_93550	66673
H	3103	90	94.4	+	0	0	1290I90M34I	New.CleanUp.ReferenceOTU3878 EUK.Mock.1_93550	2467
H	10834	90	87.8	+	0	0	1683I90M70I	New.CleanUp.ReferenceOTU3878 EUK.Mock.1_93550	93246
L	5764	1786	*	*	*	*	*	48093	*
H	5764	90	80.0	+	0	0	1646I62MD27M51I	New.CleanUp.ReferenceOTU3878 EUK.Mock.1_93550	48093
H	6170	86	95.3	+	0	0	1436I86M73I	New.CleanUp.ReferenceOTU3881 EUK.Mock.1_10736	52258
H	3447	86	94.2	+	0	0	1645I86M70I	New.CleanUp.ReferenceOTU3881 EUK.Mock.1_10736	27744
H	854	86	93.0	+	0	0	1605I86M46I	New.CleanUp.ReferenceOTU3881 EUK.Mock.1_10736	10764
H	4934	86	94.2	+	0	0	1591I86M54I	New.CleanUp.ReferenceOTU3881 EUK.Mock.1_10736	40794
H	10646	86	93.0	+	0	0	1646I86M45I	New.CleanUp.ReferenceOTU3881 EUK.Mock.1_10736	91684
H	8570	90	94.4	+	0	0	1668I90M70I	New.CleanUp.ReferenceOTU3882 EUK.Mock.1_70538	73609
H	7688	90	94.4	+	0	0	1582I90M585I	New.CleanUp.ReferenceOTU3882 EUK.Mock.1_70538	65995
H	564	90	88.9	+	0	0	1679I90M60I	New.CleanUp.ReferenceOTU3882 EUK.Mock.1_70538	105083
H	6400	90	84.4	+	0	0	1680I90M68I	New.CleanUp.ReferenceOTU3882 EUK.Mock.1_70538	54274
H	9379	90	88.9	+	0	0	1675I90M35I	New.CleanUp.ReferenceOTU3882 EUK.Mock.1_70538	80767
H	4934	90	96.7	+	0	0	1591I90M50I	New.CleanUp.ReferenceOTU3883 EUK.Mock.1_72224	40794
H	6170	90	95.6	+	0	0	1436I90M69I	New.CleanUp.ReferenceOTU3883 EUK.Mock.1_72224	52258
H	3447	90	94.4	+	0	0	1645I90M66I	New.CleanUp.ReferenceOTU3883 EUK.Mock.1_72224	27744
H	854	90	95.6	+	0	0	1605I90M42I	New.CleanUp.ReferenceOTU3883 EUK.Mock.1_72224	10764
H	9284	90	96.7	+	0	0	1663I13MI77M67I	New.CleanUp.ReferenceOTU3883 EUK.Mock.1_72224	80038
H	9506	90	91.1	+	0	0	1632I90M75I	New.CleanUp.ReferenceOTU3888 EUK.Mock.1_17490	81821
H	11256	90	91.1	+	0	0	1391I90M72I	New.CleanUp.ReferenceOTU3888 EUK.Mock.1_17490	97289
H	8570	90	94.4	+	0	0	1668I90M70I	New.CleanUp.ReferenceOTU389 EUK.Mock.1_60835	73609
H	7688	90	94.4	+	0	0	1582I90M585I	New.CleanUp.ReferenceOTU389 EUK.Mock.1_60835	65995
H	564	90	88.9	+	0	0	1679I90M60I	New.CleanUp.ReferenceOTU389 EUK.Mock.1_60835	105083
H	9379	90	88.9	+	0	0	1675I90M35I	New.CleanUp.ReferenceOTU389 EUK.Mock.1_60835	80767
H	9760	90	86.7	+	0	0	1657I85M5D	New.CleanUp.ReferenceOTU389 EUK.Mock.1_60835	8379
H	4934	84	96.4	+	0	0	1591I84M56I	New.CleanUp.ReferenceOTU3890 EUK.Mock.1_59031	40794
H	854	84	95.2	+	0	0	1605I84M48I	New.CleanUp.ReferenceOTU3890 EUK.Mock.1_59031	10764
H	6170	84	95.2	+	0	0	1436I84M75I	New.CleanUp.ReferenceOTU3890 EUK.Mock.1_59031	52258
H	3447	84	94.0	+	0	0	1645I84M72I	New.CleanUp.ReferenceOTU3890 EUK.Mock.1_59031	27744
H	9284	84	96.4	+	0	0	1663I13MI71M73I	New.CleanUp.ReferenceOTU3890 EUK.Mock.1_59031	80038
H	4934	90	96.7	+	0	0	1591I90M50I	New.CleanUp.ReferenceOTU3891 EUK.Mock.1_55253	40794
H	6170	90	95.6	+	0	0	1436I90M69I	New.CleanUp.ReferenceOTU3891 EUK.Mock.1_55253	52258
H	9284	90	96.7	+	0	0	1663I13MI77M67I	New.CleanUp.ReferenceOTU3891 EUK.Mock.1_55253	80038
H	854	90	95.6	+	0	0	1605I90M42I	New.CleanUp.ReferenceOTU3891 EUK.Mock.1_55253	10764
H	3447	90	94.4	+	0	0	1645I90M66I	New.CleanUp.ReferenceOTU3891 EUK.Mock.1_55253	27744
H	4934	90	96.7	+	0	0	1591I90M50I	New.CleanUp.ReferenceOTU3895 EUK.Mock.1_67237	40794
H	9284	90	96.7	+	0	0	1663I13MI77M67I	New.CleanUp.ReferenceOTU3895 EUK.Mock.1_67237	80038
H	6170	90	95.6	+	0	0	1436I90M69I	New.CleanUp.ReferenceOTU3895 EUK.Mock.1_67237	52258
H	854	90	95.6	+	0	0	1605I90M42I	New.CleanUp.ReferenceOTU3895 EUK.Mock.1_67237	10764
H	3447	90	94.4	+	0	0	1645I90M66I	New.CleanUp.ReferenceOTU3895 EUK.Mock.1_67237	27744
H	8570	90	95.6	+	0	0	1668I90M70I	New.CleanUp.ReferenceOTU3897 EUK.Mock.1_106254	73609
H	7688	90	95.6	+	0	0	1582I90M585I	New.CleanUp.ReferenceOTU3897 EUK.Mock.1_106254	65995
H	564	90	91.1	+	0	0	1679I90M60I	New.CleanUp.ReferenceOTU3897 EUK.Mock.1_106254	105083
H	9379	90	91.1	+	0	0	1675I90M35I	New.CleanUp.ReferenceOTU3897 EUK.Mock.1_106254	80767
H	4314	90	87.8	+	0	0	1647I90M41I	New.CleanUp.ReferenceOTU3897 EUK.Mock.1_106254	354
H	7688	90	95.6	+	0	0	1582I90M585I	New.CleanUp.ReferenceOTU390 EUK.Mock.1_40722	65995
H	8570	90	95.6	+	0	0	1668I90M70I	New.CleanUp.ReferenceOTU390 EUK.Mock.1_40722	73609
H	4314	90	87.8	+	0	0	1647I90M41I	New.CleanUp.ReferenceOTU390 EUK.Mock.1_40722	354
H	564	90	90.0	+	0	0	1679I90M60I	New.CleanUp.ReferenceOTU390 EUK.Mock.1_40722	105083
H	6400	90	86.7	+	0	0	1680I90M68I	New.CleanUp.ReferenceOTU390 EUK.Mock.1_40722	54274
H	3171	90	96.7	+	0	0	1626I90M65I	New.CleanUp.ReferenceOTU3900 EUK.Mock.1_106258	25160
H	8717	90	92.2	+	0	0	1594I47MI16MI27M67I	New.CleanUp.ReferenceOTU3900 EUK.Mock.1_106258	74829
H	7875	90	93.3	+	0	0	1592I45MI19MI26M64I	New.CleanUp.ReferenceOTU3900 EUK.Mock.1_106258	67609
H	2035	90	91.1	+	0	0	1595I47MI16MI27M40I	New.CleanUp.ReferenceOTU3900 EUK.Mock.1_106258	15189
H	2726	90	92.2	+	0	0	1589I45MI20MI25M63I	New.CleanUp.ReferenceOTU3900 EUK.Mock.1_106258	21485
H	8619	90	95.6	+	0	0	1564I90M59I	New.CleanUp.ReferenceOTU3901 EUK.Mock.1_106659	74011
L	8016	3749	*	*	*	*	*	68869	*
H	8016	90	94.4	+	0	0	2273I90M1386I	New.CleanUp.ReferenceOTU3901 EUK.Mock.1_106659	68869
H	11512	90	94.4	+	0	0	1406I90M65I	New.CleanUp.ReferenceOTU3901 EUK.Mock.1_106659	99446
H	7090	90	95.6	+	0	0	1644I90M66I	New.CleanUp.ReferenceOTU3901 EUK.Mock.1_106659	60815
H	8754	90	94.4	+	0	0	1646I90M67I	New.CleanUp.ReferenceOTU3901 EUK.Mock.1_106659	75157
H	854	82	96.3	+	0	0	1605I82M50I	New.CleanUp.ReferenceOTU3902 EUK.Mock.1_49293	10764
H	4934	82	96.3	+	0	0	1591I82M58I	New.CleanUp.ReferenceOTU3902 EUK.Mock.1_49293	40794
H	3447	82	95.1	+	0	0	1645I82M74I	New.CleanUp.ReferenceOTU3902 EUK.Mock.1_49293	27744
H	6170	82	95.1	+	0	0	1436I82M77I	New.CleanUp.ReferenceOTU3902 EUK.Mock.1_49293	52258
H	9284	82	96.3	+	0	0	1663I13MI69M75I	New.CleanUp.ReferenceOTU3902 EUK.Mock.1_49293	80038
H	8570	90	95.6	+	0	0	1668I90M70I	New.CleanUp.ReferenceOTU3905 EUK.Mock.1_67126	73609
H	7688	90	95.6	+	0	0	1582I90M585I	New.CleanUp.ReferenceOTU3905 EUK.Mock.1_67126	65995
H	564	90	92.2	+	0	0	1679I90M60I	New.CleanUp.ReferenceOTU3905 EUK.Mock.1_67126	105083
H	9379	90	90.0	+	0	0	1675I90M35I	New.CleanUp.ReferenceOTU3905 EUK.Mock.1_67126	80767
H	9105	90	86.7	+	0	0	1635I90M37I	New.CleanUp.ReferenceOTU3905 EUK.Mock.1_67126	78322
H	88	79	93.7	+	0	0	1111I79M80I	New.CleanUp.ReferenceOTU3908 EUK.Mock.1_92159	10084
H	7104	79	93.7	+	0	0	1615I79M672I	New.CleanUp.ReferenceOTU3908 EUK.Mock.1_92159	60936
H	589	79	93.7	+	0	0	1920I79M35I	New.CleanUp.ReferenceOTU3908 EUK.Mock.1_92159	105260
L	341	1988	*	*	*	*	*	10304	*
H	341	79	92.4	+	0	0	1910I78MD	New.CleanUp.ReferenceOTU3908 EUK.Mock.1_92159	10304
L	5641	1804	*	*	*	*	*	4706	*
H	5641	79	91.1	+	0	0	1647I79M78I	New.CleanUp.ReferenceOTU3908 EUK.Mock.1_92159	4706
H	3171	90	96.7	+	0	0	1626I90M65I	New.CleanUp.ReferenceOTU3911 EUK.Mock.1_72319	25160
H	8717	90	92.2	+	0	0	1594I45MI18MI27M67I	New.CleanUp.ReferenceOTU3911 EUK.Mock.1_72319	74829
H	11143	90	91.1	+	0	0	1591I47MI18MI25M63I	New.CleanUp.ReferenceOTU3911 EUK.Mock.1_72319	96234
H	7875	90	93.3	+	0	0	1592I45MI19MI26M64I	New.CleanUp.ReferenceOTU3911 EUK.Mock.1_72319	67609
H	2726	90	92.2	+	0	0	1589I45MI20MI25M63I	New.CleanUp.ReferenceOTU3911 EUK.Mock.1_72319	21485
H	7760	84	96.4	+	0	0	1279I84M41I	New.CleanUp.ReferenceOTU3916 EUK.Mock.1_107387	66673
H	4863	84	96.4	+	0	0	1251I84M41I	New.CleanUp.ReferenceOTU3916 EUK.Mock.1_107387	40103
H	3103	84	95.2	+	0	0	1290I84M40I	New.CleanUp.ReferenceOTU3916 EUK.Mock.1_107387	2467
H	9368	84	77.4	+	0	0	1629I67MD16M63I	New.CleanUp.ReferenceOTU3916 EUK.Mock.1_107387	80689
H	9023	84	76.2	+	0	0	1652I62MD21M279I	New.CleanUp.ReferenceOTU3916 EUK.Mock.1_107387	77469
H	3171	90	96.7	+	0	0	1626I90M65I	New.CleanUp.ReferenceOTU3917 EUK.Mock.1_107389	25160
H	7875	90	93.3	+	0	0	1592I45MI19MI26M64I	New.CleanUp.ReferenceOTU3917 EUK.Mock.1_107389	67609
H	8717	90	92.2	+	0	0	1594I47MI16MI27M67I	New.CleanUp.ReferenceOTU3917 EUK.Mock.1_107389	74829
H	2726	90	92.2	+	0	0	1589I45MI20MI25M63I	New.CleanUp.ReferenceOTU3917 EUK.Mock.1_107389	21485
H	11143	90	90.0	+	0	0	1591I45MI20MI25M63I	New.CleanUp.ReferenceOTU3917 EUK.Mock.1_107389	96234
H	5135	90	92.2	+	0	0	1633I90M69I	New.CleanUp.ReferenceOTU3918 EUK.Mock.1_73575	4269
H	5866	90	90.0	+	0	0	1559I90M55I	New.CleanUp.ReferenceOTU3918 EUK.Mock.1_73575	49307
H	2906	90	88.9	+	0	0	1573I90M50I	New.CleanUp.ReferenceOTU3918 EUK.Mock.1_73575	23075
H	8635	90	90.0	+	0	0	1644I90M55I	New.CleanUp.ReferenceOTU3918 EUK.Mock.1_73575	74171
H	5437	90	87.8	+	0	0	1634I90M56I	New.CleanUp.ReferenceOTU3918 EUK.Mock.1_73575	45474
H	7688	90	95.6	+	0	0	1582I90M585I	New.CleanUp.ReferenceOTU392 EUK.Mock.1_83806	65995
H	8570	90	95.6	+	0	0	1668I90M70I	New.CleanUp.ReferenceOTU392 EUK.Mock.1_83806	73609
H	564	90	90.0	+	0	0	1679I90M60I	New.CleanUp.ReferenceOTU392 EUK.Mock.1_83806	105083
H	9379	90	90.0	+	0	0	1675I90M35I	New.CleanUp.ReferenceOTU392 EUK.Mock.1_83806	80767
H	6400	90	85.6	+	0	0	1680I90M68I	New.CleanUp.ReferenceOTU392 EUK.Mock.1_83806	54274
H	8570	90	95.6	+	0	0	1668I90M70I	New.CleanUp.ReferenceOTU3922 EUK.Mock.1_58144	73609
H	7688	90	95.6	+	0	0	1582I90M585I	New.CleanUp.ReferenceOTU3922 EUK.Mock.1_58144	65995
H	564	90	90.0	+	0	0	1679I90M60I	New.CleanUp.ReferenceOTU3922 EUK.Mock.1_58144	105083
H	9379	90	90.0	+	0	0	1675I90M35I	New.CleanUp.ReferenceOTU3922 EUK.Mock.1_58144	80767
H	9760	90	86.7	+	0	0	1657I85M5D	New.CleanUp.ReferenceOTU3922 EUK.Mock.1_58144	8379
H	5135	90	92.2	+	0	0	1633I90M69I	New.CleanUp.ReferenceOTU3925 EUK.Mock.1_76240	4269
H	5866	90	90.0	+	0	0	1559I90M55I	New.CleanUp.ReferenceOTU3925 EUK.Mock.1_76240	49307
H	5423	90	91.1	+	0	0	1602I90M39I	New.CleanUp.ReferenceOTU3925 EUK.Mock.1_76240	45376
H	8635	90	90.0	+	0	0	1644I90M55I	New.CleanUp.ReferenceOTU3925 EUK.Mock.1_76240	74171
H	4099	90	85.6	+	0	0	1596I85M5D	New.CleanUp.ReferenceOTU3925 EUK.Mock.1_76240	33523
H	7123	90	95.6	+	0	0	1549I90M12I	New.CleanUp.ReferenceOTU3926 EUK.Mock.1_66787	61087
H	4634	90	95.6	+	0	0	1598I90M51I	New.CleanUp.ReferenceOTU3926 EUK.Mock.1_66787	38113
H	3242	90	94.4	+	0	0	1639I90M133I	New.CleanUp.ReferenceOTU3926 EUK.Mock.1_66787	25771
H	9246	90	94.4	+	0	0	1549I90M12I	New.CleanUp.ReferenceOTU3926 EUK.Mock.1_66787	79610
H	1595	90	94.4	+	0	0	1626I90M66I	New.CleanUp.ReferenceOTU3926 EUK.Mock.1_66787	114376
H	88	90	95.6	+	0	0	1111I90M69I	New.CleanUp.ReferenceOTU3928 EUK.Mock.1_34837	10084
H	4318	90	91.1	+	0	0	1987I86M4D	New.CleanUp.ReferenceOTU3928 EUK.Mock.1_34837	35477
H	279	90	94.4	+	0	0	1595I90M32I	New.CleanUp.ReferenceOTU3928 EUK.Mock.1_34837	102447
H	818	90	91.1	+	0	0	1947I87M3D	New.CleanUp.ReferenceOTU3928 EUK.Mock.1_34837	107387
H	4197	90	94.4	+	0	0	1637I90M64I	New.CleanUp.ReferenceOTU3928 EUK.Mock.1_34837	34288
H	88	90	93.3	+	0	0	1111I90M69I	New.CleanUp.ReferenceOTU393 EUK.Mock.1_51225	10084
H	4197	90	92.2	+	0	0	1637I90M64I	New.CleanUp.ReferenceOTU393 EUK.Mock.1_51225	34288
H	279	90	92.2	+	0	0	1595I90M32I	New.CleanUp.ReferenceOTU393 EUK.Mock.1_51225	102447
H	818	90	88.9	+	0	0	1947I87M3D	New.CleanUp.ReferenceOTU393 EUK.Mock.1_51225	107387
H	10251	90	90.0	+	0	0	1592I90M66I	New.CleanUp.ReferenceOTU393 EUK.Mock.1_51225	88322
H	4934	90	96.7	+	0	0	1591I90M50I	New.CleanUp.ReferenceOTU3930 EUK.Mock.1_3182	40794
H	6170	90	95.6	+	0	0	1436I90M69I	New.CleanUp.ReferenceOTU3930 EUK.Mock.1_3182	52258
H	9284	90	96.7	+	0	0	1663I13MI77M67I	New.CleanUp.ReferenceOTU3930 EUK.Mock.1_3182	80038
H	854	90	95.6	+	0	0	1605I90M42I	New.CleanUp.ReferenceOTU3930 EUK.Mock.1_3182	10764
H	3447	90	94.4	+	0	0	1645I90M66I	New.CleanUp.ReferenceOTU3930 EUK.Mock.1_3182	27744
H	4934	90	95.6	+	0	0	1591I90M50I	New.CleanUp.ReferenceOTU3933 EUK.Mock.1_67267	40794
H	6170	90	94.4	+	0	0	1436I90M69I	New.CleanUp.ReferenceOTU3933 EUK.Mock.1_67267	52258
H	9284	90	95.6	+	0	0	1663I13MI77M67I	New.CleanUp.ReferenceOTU3933 EUK.Mock.1_67267	80038
H	3447	90	93.3	+	0	0	1645I90M66I	New.CleanUp.ReferenceOTU3933 EUK.Mock.1_67267	27744
H	854	90	94.4	+	0	0	1605I90M42I	New.CleanUp.ReferenceOTU3933 EUK.Mock.1_67267	10764
H	4634	85	90.6	+	0	0	1598I85M56I	New.CleanUp.ReferenceOTU3934 EUK.Mock.1_59291	38113
H	7123	85	89.4	+	0	0	1549I85M17I	New.CleanUp.ReferenceOTU3934 EUK.Mock.1_59291	61087
H	676	85	88.2	+	0	0	1643I85M60I	New.CleanUp.ReferenceOTU3934 EUK.Mock.1_59291	106081
H	7185	85	88.2	+	0	0	1649I85M74I	New.CleanUp.ReferenceOTU3934 EUK.Mock.1_59291	61571
H	4038	85	88.2	+	0	0	1617I85M39I	New.CleanUp.ReferenceOTU3934 EUK.Mock.1_59291	3287
H	9284	90	90.0	+	0	0	1663I13MI77M67I	New.CleanUp.ReferenceOTU3936 EUK.Mock.1_71664	80038
H	4934	90	90.0	+	0	0	1591I90M50I	New.CleanUp.ReferenceOTU3936 EUK.Mock.1_71664	40794
H	6170	90	88.9	+	0	0	1436I90M69I	New.CleanUp.ReferenceOTU3936 EUK.Mock.1_71664	52258
H	3447	90	87.8	+	0	0	1645I90M66I	New.CleanUp.ReferenceOTU3936 EUK.Mock.1_71664	27744
H	854	90	88.9	+	0	0	1605I90M42I	New.CleanUp.ReferenceOTU3936 EUK.Mock.1_71664	10764
H	8570	90	96.7	+	0	0	1668I90M70I	New.CleanUp.ReferenceOTU3940 EUK.Mock.1_103702	73609
H	7688	90	96.7	+	0	0	1582I90M585I	New.CleanUp.ReferenceOTU3940 EUK.Mock.1_103702	65995
H	564	90	91.1	+	0	0	1679I90M60I	New.CleanUp.ReferenceOTU3940 EUK.Mock.1_103702	105083
H	9379	90	92.2	+	0	0	1675I90M35I	New.CleanUp.ReferenceOTU3940 EUK.Mock.1_103702	80767
H	6400	90	87.8	+	0	0	1680I90M68I	New.CleanUp.ReferenceOTU3940 EUK.Mock.1_103702	54274
H	5135	90	85.6	+	0	0	1633I90M69I	New.CleanUp.ReferenceOTU3941 EUK.Mock.1_49077	4269
H	3531	90	83.3	+	0	0	1625I90M65I	New.CleanUp.ReferenceOTU3941 EUK.Mock.1_49077	28560
H	5866	90	83.3	+	0	0	1559I90M55I	New.CleanUp.ReferenceOTU3941 EUK.Mock.1_49077	49307
H	5423	90	84.4	+	0	0	1602I90M39I	New.CleanUp.ReferenceOTU3941 EUK.Mock.1_49077	45376
H	8924	90	83.3	+	0	0	1580I90M50I	New.CleanUp.ReferenceOTU3941 EUK.Mock.1_49077	76542
H	3034	90	94.4	+	0	0	1646I90M66I	New.CleanUp.ReferenceOTU3942 EUK.Mock.1_42997	24055
H	7123	90	95.6	+	0	0	1549I90M12I	New.CleanUp.ReferenceOTU3942 EUK.Mock.1_42997	61087
H	4634	90	95.6	+	0	0	1598I90M51I	New.CleanUp.ReferenceOTU3942 EUK.Mock.1_42997	38113
H	7185	90	94.4	+	0	0	1649I90M69I	New.CleanUp.ReferenceOTU3942 EUK.Mock.1_42997	61571
H	4038	90	92.2	+	0	0	1617I90M34I	New.CleanUp.ReferenceOTU3942 EUK.Mock.1_42997	3287
H	8570	90	95.6	+	0	0	1668I90M70I	New.CleanUp.ReferenceOTU3943 EUK.Mock.1_21216	73609
H	7688	90	95.6	+	0	0	1582I90M585I	New.CleanUp.ReferenceOTU3943 EUK.Mock.1_21216	65995
H	564	90	90.0	+	0	0	1679I90M60I	New.CleanUp.ReferenceOTU3943 EUK.Mock.1_21216	105083
H	9379	90	90.0	+	0	0	1675I90M35I	New.CleanUp.ReferenceOTU3943 EUK.Mock.1_21216	80767
H	6400	90	86.7	+	0	0	1680I90M68I	New.CleanUp.ReferenceOTU3943 EUK.Mock.1_21216	54274
H	88	90	96.7	+	0	0	1111I90M69I	New.CleanUp.ReferenceOTU3957 EUK.Mock.1_101822	10084
H	4197	90	95.6	+	0	0	1637I90M64I	New.CleanUp.ReferenceOTU3957 EUK.Mock.1_101822	34288
H	818	90	92.2	+	0	0	1947I87M3D	New.CleanUp.ReferenceOTU3957 EUK.Mock.1_101822	107387
H	4318	90	88.9	+	0	0	1987I86M4D	New.CleanUp.ReferenceOTU3957 EUK.Mock.1_101822	35477
H	1860	90	94.4	+	0	0	1631I90M28I	New.CleanUp.ReferenceOTU3957 EUK.Mock.1_101822	13657
H	4934	90	95.6	+	0	0	1591I90M50I	New.CleanUp.ReferenceOTU3959 EUK.Mock.1_89698	40794
H	854	90	94.4	+	0	0	1605I90M42I	New.CleanUp.ReferenceOTU3959 EUK.Mock.1_89698	10764
H	6170	90	94.4	+	0	0	1436I90M69I	New.CleanUp.ReferenceOTU3959 EUK.Mock.1_89698	52258
H	3447	90	93.3	+	0	0	1645I90M66I	New.CleanUp.ReferenceOTU3959 EUK.Mock.1_89698	27744
H	9284	90	95.6	+	0	0	1663I13MI77M67I	New.CleanUp.ReferenceOTU3959 EUK.Mock.1_89698	80038
H	854	86	97.7	+	0	0	1605I86M46I	New.CleanUp.ReferenceOTU3963 EUK.Mock.1_82799	10764
H	4934	86	96.5	+	0	0	1591I86M54I	New.CleanUp.ReferenceOTU3963 EUK.Mock.1_82799	40794
H	6170	86	95.3	+	0	0	1436I86M73I	New.CleanUp.ReferenceOTU3963 EUK.Mock.1_82799	52258
H	3447	86	94.2	+	0	0	1645I86M70I	New.CleanUp.ReferenceOTU3963 EUK.Mock.1_82799	27744
H	9284	86	96.5	+	0	0	1663I13MI73M71I	New.CleanUp.ReferenceOTU3963 EUK.Mock.1_82799	80038
H	4934	90	96.7	+	0	0	1591I90M50I	New.CleanUp.ReferenceOTU3964 EUK.Mock.1_102895	40794
H	6170	90	95.6	+	0	0	1436I90M69I	New.CleanUp.ReferenceOTU3964 EUK.Mock.1_102895	52258
H	9284	90	96.7	+	0	0	1663I13MI77M67I	New.CleanUp.ReferenceOTU3964 EUK.Mock.1_102895	80038
H	854	90	95.6	+	0	0	1605I90M42I	New.CleanUp.ReferenceOTU3964 EUK.Mock.1_102895	10764
H	3447	90	94.4	+	0	0	1645I90M66I	New.CleanUp.ReferenceOTU3964 EUK.Mock.1_102895	27744
H	5135	90	92.2	+	0	0	1633I90M69I	New.CleanUp.ReferenceOTU3969 EUK.Mock.1_83077	4269
H	5866	90	90.0	+	0	0	1559I90M55I	New.CleanUp.ReferenceOTU3969 EUK.Mock.1_83077	49307
H	8635	90	90.0	+	0	0	1644I90M55I	New.CleanUp.ReferenceOTU3969 EUK.Mock.1_83077	74171
H	5437	90	88.9	+	0	0	1634I90M56I	New.CleanUp.ReferenceOTU3969 EUK.Mock.1_83077	45474
H	2906	90	88.9	+	0	0	1573I90M50I	New.CleanUp.ReferenceOTU3969 EUK.Mock.1_83077	23075
H	7688	90	95.6	+	0	0	1582I90M585I	New.CleanUp.ReferenceOTU397 EUK.Mock.1_107284	65995
H	8570	90	95.6	+	0	0	1668I90M70I	New.CleanUp.ReferenceOTU397 EUK.Mock.1_107284	73609
H	564	90	90.0	+	0	0	1679I90M60I	New.CleanUp.ReferenceOTU397 EUK.Mock.1_107284	105083
H	9379	90	90.0	+	0	0	1675I90M35I	New.CleanUp.ReferenceOTU397 EUK.Mock.1_107284	80767
H	5808	90	84.4	+	0	0	1641I62MI28M32I	New.CleanUp.ReferenceOTU397 EUK.Mock.1_107284	48553
H	4104	90	95.6	+	0	0	1703I90M70I	New.CleanUp.ReferenceOTU3971 EUK.Mock.1_49679	33585
H	9936	90	93.3	+	0	0	1706I64MD25M70I	New.CleanUp.ReferenceOTU3971 EUK.Mock.1_49679	85366
H	1952	90	90.0	+	0	0	1687I90M70I	New.CleanUp.ReferenceOTU3971 EUK.Mock.1_49679	14424
H	7824	90	87.8	+	0	0	1714I90M70I	New.CleanUp.ReferenceOTU3971 EUK.Mock.1_49679	67215
H	5762	90	91.1	+	0	0	1695I90M70I	New.CleanUp.ReferenceOTU3971 EUK.Mock.1_49679	48063
H	3439	90	87.8	+	0	0	1600I90M55I	New.CleanUp.ReferenceOTU3972 EUK.Mock.1_19267	27643
L	8066	1742	*	*	*	*	*	69320	*
H	8066	90	81.1	+	0	0	1622I90M30I	New.CleanUp.ReferenceOTU3972 EUK.Mock.1_19267	69320
L	7434	1658	*	*	*	*	*	63682	*
H	7434	90	81.1	+	0	0	1562I90M6I	New.CleanUp.ReferenceOTU3972 EUK.Mock.1_19267	63682
H	2662	90	84.4	+	0	0	1624I90M58I	New.CleanUp.ReferenceOTU3972 EUK.Mock.1_19267	20910
H	2144	90	80.0	+	0	0	1612I90M462I	New.CleanUp.ReferenceOTU3972 EUK.Mock.1_19267	16255
H	3171	90	96.7	+	0	0	1626I90M65I	New.CleanUp.ReferenceOTU3973 EUK.Mock.1_67397	25160
H	8717	90	92.2	+	0	0	1594I47MI16MI27M67I	New.CleanUp.ReferenceOTU3973 EUK.Mock.1_67397	74829
H	7875	90	93.3	+	0	0	1592I45MI19MI26M64I	New.CleanUp.ReferenceOTU3973 EUK.Mock.1_67397	67609
H	7503	90	88.9	+	0	0	1585I90M64I	New.CleanUp.ReferenceOTU3973 EUK.Mock.1_67397	64286
H	2726	90	92.2	+	0	0	1589I45MI20MI25M63I	New.CleanUp.ReferenceOTU3973 EUK.Mock.1_67397	21485
H	8274	90	75.6	+	0	0	1739I90M66I	New.CleanUp.ReferenceOTU3974 EUK.Mock.1_98911	70969
H	9735	90	75.6	+	0	0	1642I90M64I	New.CleanUp.ReferenceOTU3974 EUK.Mock.1_98911	83620
H	2499	90	86.7	+	0	0	1638I90M63I	New.CleanUp.ReferenceOTU3974 EUK.Mock.1_98911	19455
H	1377	90	83.3	+	0	0	1621I90M55I	New.CleanUp.ReferenceOTU3974 EUK.Mock.1_98911	112195
H	11182	90	87.8	+	0	0	1644I90M69I	New.CleanUp.ReferenceOTU3974 EUK.Mock.1_98911	96648
N	*	90	*	*	*	*	*	New.CleanUp.ReferenceOTU3979 EUK.Mock.1_7711	*
N	*	90	*	*	*	*	*	New.CleanUp.ReferenceOTU3988 EUK.Mock.1_85590	*
H	4934	90	96.7	+	0	0	1591I90M50I	New.CleanUp.ReferenceOTU3991 EUK.Mock.1_98592	40794
H	9284	90	96.7	+	0	0	1663I13MI77M67I	New.CleanUp.ReferenceOTU3991 EUK.Mock.1_98592	80038
H	6170	90	95.6	+	0	0	1436I90M69I	New.CleanUp.ReferenceOTU3991 EUK.Mock.1_98592	52258
H	854	90	95.6	+	0	0	1605I90M42I	New.CleanUp.ReferenceOTU3991 EUK.Mock.1_98592	10764
H	3447	90	94.4	+	0	0	1645I90M66I	New.CleanUp.ReferenceOTU3991 EUK.Mock.1_98592	27744
H	4934	90	95.6	+	0	0	1591I90M50I	New.CleanUp.ReferenceOTU3992 EUK.Mock.1_74526	40794
H	9284	90	95.6	+	0	0	1663I13MI77M67I	New.CleanUp.ReferenceOTU3992 EUK.Mock.1_74526	80038
H	6170	90	94.4	+	0	0	1436I90M69I	New.CleanUp.ReferenceOTU3992 EUK.Mock.1_74526	52258
H	854	90	94.4	+	0	0	1605I90M42I	New.CleanUp.ReferenceOTU3992 EUK.Mock.1_74526	10764
H	3447	90	93.3	+	0	0	1645I90M66I	New.CleanUp.ReferenceOTU3992 EUK.Mock.1_74526	27744
H	7688	90	95.6	+	0	0	1582I90M585I	New.CleanUp.ReferenceOTU3994 EUK.Mock.1_101606	65995
H	8570	90	95.6	+	0	0	1668I90M70I	New.CleanUp.ReferenceOTU3994 EUK.Mock.1_101606	73609
L	7801	1809	*	*	*	*	*	66979	*
H	7801	90	88.9	+	0	0	1651I72MI18M67I	New.CleanUp.ReferenceOTU3994 EUK.Mock.1_101606	66979
H	564	90	90.0	+	0	0	1679I90M60I	New.CleanUp.ReferenceOTU3994 EUK.Mock.1_101606	105083
H	6400	90	88.9	+	0	0	1680I90M68I	New.CleanUp.ReferenceOTU3994 EUK.Mock.1_101606	54274
H	5135	90	92.2	+	0	0	1633I90M69I	New.CleanUp.ReferenceOTU3996 EUK.Mock.1_44179	4269
H	5866	90	90.0	+	0	0	1559I90M55I	New.CleanUp.ReferenceOTU3996 EUK.Mock.1_44179	49307
H	8635	90	90.0	+	0	0	1644I90M55I	New.CleanUp.ReferenceOTU3996 EUK.Mock.1_44179	74171
H	5437	90	87.8	+	0	0	1634I90M56I	New.CleanUp.ReferenceOTU3996 EUK.Mock.1_44179	45474
H	5423	90	91.1	+	0	0	1602I90M39I	New.CleanUp.ReferenceOTU3996 EUK.Mock.1_44179	45376
H	4934	90	96.7	+	0	0	1591I90M50I	New.CleanUp.ReferenceOTU3997 EUK.Mock.1_82666	40794
H	9284	90	96.7	+	0	0	1663I13MI77M67I	New.CleanUp.ReferenceOTU3997 EUK.Mock.1_82666	80038
H	6170	90	95.6	+	0	0	1436I90M69I	New.CleanUp.ReferenceOTU3997 EUK.Mock.1_82666	52258
H	854	90	95.6	+	0	0	1605I90M42I	New.CleanUp.ReferenceOTU3997 EUK.Mock.1_82666	10764
H	3447	90	94.4	+	0	0	1645I90M66I	New.CleanUp.ReferenceOTU3997 EUK.Mock.1_82666	27744
H	4934	90	96.7	+	0	0	1591I90M50I	New.CleanUp.ReferenceOTU4 EUK.Mock.1_41260	40794
H	6170	90	95.6	+	0	0	1436I90M69I	New.CleanUp.ReferenceOTU4 EUK.Mock.1_41260	52258
H	854	90	95.6	+	0	0	1605I90M42I	New.CleanUp.ReferenceOTU4 EUK.Mock.1_41260	10764
H	3447	90	94.4	+	0	0	1645I90M66I	New.CleanUp.ReferenceOTU4 EUK.Mock.1_41260	27744
H	9284	90	96.7	+	0	0	1663I13MI77M67I	New.CleanUp.ReferenceOTU4 EUK.Mock.1_41260	80038
H	4934	90	95.6	+	0	0	1591I90M50I	New.CleanUp.ReferenceOTU4006 EUK.Mock.1_108858	40794
H	854	90	94.4	+	0	0	1605I90M42I	New.CleanUp.ReferenceOTU4006 EUK.Mock.1_108858	10764
H	6170	90	94.4	+	0	0	1436I90M69I	New.CleanUp.ReferenceOTU4006 EUK.Mock.1_108858	52258
H	3447	90	94.4	+	0	0	1645I90M66I	New.CleanUp.ReferenceOTU4006 EUK.Mock.1_108858	27744
H	9284	90	95.6	+	0	0	1663I13MI77M67I	New.CleanUp.ReferenceOTU4006 EUK.Mock.1_108858	80038
N	*	90	*	*	*	*	*	New.CleanUp.ReferenceOTU4018 EUK.Mock.1_104670	*
H	7688	90	94.4	+	0	0	1582I90M585I	New.CleanUp.ReferenceOTU4019 EUK.Mock.1_2169	65995
H	8570	90	94.4	+	0	0	1668I90M70I	New.CleanUp.ReferenceOTU4019 EUK.Mock.1_2169	73609
H	564	90	90.0	+	0	0	1679I90M60I	New.CleanUp.ReferenceOTU4019 EUK.Mock.1_2169	105083
H	6400	90	85.6	+	0	0	1680I90M68I	New.CleanUp.ReferenceOTU4019 EUK.Mock.1_2169	54274
H	4314	90	85.6	+	0	0	1647I90M41I	New.CleanUp.ReferenceOTU4019 EUK.Mock.1_2169	354
H	4634	90	95.6	+	0	0	1598I90M51I	New.CleanUp.ReferenceOTU402 EUK.Mock.1_69770	38113
H	3242	90	94.4	+	0	0	1639I90M133I	New.CleanUp.ReferenceOTU402 EUK.Mock.1_69770	25771
H	7123	90	95.6	+	0	0	1549I90M12I	New.CleanUp.ReferenceOTU402 EUK.Mock.1_69770	61087
H	1595	90	94.4	+	0	0	1626I90M66I	New.CleanUp.ReferenceOTU402 EUK.Mock.1_69770	114376
H	3034	90	94.4	+	0	0	1646I90M66I	New.CleanUp.ReferenceOTU402 EUK.Mock.1_69770	24055
H	7688	90	95.6	+	0	0	1582I90M585I	New.CleanUp.ReferenceOTU4025 EUK.Mock.1_94704	65995
H	8570	90	95.6	+	0	0	1668I90M70I	New.CleanUp.ReferenceOTU4025 EUK.Mock.1_94704	73609
H	564	90	90.0	+	0	0	1679I90M60I	New.CleanUp.ReferenceOTU4025 EUK.Mock.1_94704	105083
H	9379	90	90.0	+	0	0	1675I90M35I	New.CleanUp.ReferenceOTU4025 EUK.Mock.1_94704	80767
H	6400	90	85.6	+	0	0	1680I90M68I	New.CleanUp.ReferenceOTU4025 EUK.Mock.1_94704	54274
H	3171	90	96.7	+	0	0	1626I90M65I	New.CleanUp.ReferenceOTU4028 EUK.Mock.1_23109	25160
H	8717	90	93.3	+	0	0	1594I47MI16MI27M67I	New.CleanUp.ReferenceOTU4028 EUK.Mock.1_23109	74829
H	7875	90	94.4	+	0	0	1592I45MI19MI26M64I	New.CleanUp.ReferenceOTU4028 EUK.Mock.1_23109	67609
H	2726	90	93.3	+	0	0	1589I45MI20MI25M63I	New.CleanUp.ReferenceOTU4028 EUK.Mock.1_23109	21485
H	7503	90	90.0	+	0	0	1585I90M64I	New.CleanUp.ReferenceOTU4028 EUK.Mock.1_23109	64286
H	4934	90	96.7	+	0	0	1591I90M50I	New.CleanUp.ReferenceOTU4030 EUK.Mock.1_72817	40794
H	9284	90	96.7	+	0	0	1663I13MI77M67I	New.CleanUp.ReferenceOTU4030 EUK.Mock.1_72817	80038
H	854	90	95.6	+	0	0	1605I90M42I	New.CleanUp.ReferenceOTU4030 EUK.Mock.1_72817	10764
H	6170	90	95.6	+	0	0	1436I90M69I	New.CleanUp.ReferenceOTU4030 EUK.Mock.1_72817	52258
H	3447	90	94.4	+	0	0	1645I90M66I	New.CleanUp.ReferenceOTU4030 EUK.Mock.1_72817	27744
H	4934	90	96.7	+	0	0	1591I90M50I	New.CleanUp.ReferenceOTU4034 EUK.Mock.1_28976	40794
H	9284	90	96.7	+	0	0	1663I13MI77M67I	New.CleanUp.ReferenceOTU4034 EUK.Mock.1_28976	80038
H	854	90	95.6	+	0	0	1605I90M42I	New.CleanUp.ReferenceOTU4034 EUK.Mock.1_28976	10764
H	6170	90	95.6	+	0	0	1436I90M69I	New.CleanUp.ReferenceOTU4034 EUK.Mock.1_28976	52258
H	3447	90	94.4	+	0	0	1645I90M66I	New.CleanUp.ReferenceOTU4034 EUK.Mock.1_28976	27744
N	*	90	*	*	*	*	*	New.CleanUp.ReferenceOTU4036 EUK.Mock.1_105182	*
H	4934	90	96.7	+	0	0	1591I90M50I	New.CleanUp.ReferenceOTU4038 EUK.Mock.1_17100	40794
H	9284	90	96.7	+	0	0	1663I13MI77M67I	New.CleanUp.ReferenceOTU4038 EUK.Mock.1_17100	80038
H	6170	90	95.6	+	0	0	1436I90M69I	New.CleanUp.ReferenceOTU4038 EUK.Mock.1_17100	52258
H	854	90	95.6	+	0	0	1605I90M42I	New.CleanUp.ReferenceOTU4038 EUK.Mock.1_17100	10764
H	3447	90	94.4	+	0	0	1645I90M66I	New.CleanUp.ReferenceOTU4038 EUK.Mock.1_17100	27744
H	7688	90	96.7	+	0	0	1582I90M585I	New.CleanUp.ReferenceOTU4040 EUK.Mock.1_104384	65995
H	8570	90	96.7	+	0	0	1668I90M70I	New.CleanUp.ReferenceOTU4040 EUK.Mock.1_104384	73609
H	564	90	91.1	+	0	0	1679I90M60I	New.CleanUp.ReferenceOTU4040 EUK.Mock.1_104384	105083
H	9379	90	91.1	+	0	0	1675I90M35I	New.CleanUp.ReferenceOTU4040 EUK.Mock.1_104384	80767
H	4314	90	86.7	+	0	0	1647I90M41I	New.CleanUp.ReferenceOTU4040 EUK.Mock.1_104384	354
H	4934	90	96.7	+	0	0	1591I90M50I	New.CleanUp.ReferenceOTU4044 EUK.Mock.1_105259	40794
H	9284	90	96.7	+	0	0	1663I13MI77M67I	New.CleanUp.ReferenceOTU4044 EUK.Mock.1_105259	80038
H	6170	90	95.6	+	0	0	1436I90M69I	New.CleanUp.ReferenceOTU4044 EUK.Mock.1_105259	52258
H	854	90	95.6	+	0	0	1605I90M42I	New.CleanUp.ReferenceOTU4044 EUK.Mock.1_105259	10764
H	3447	90	94.4	+	0	0	1645I90M66I	New.CleanUp.ReferenceOTU4044 EUK.Mock.1_105259	27744
H	3034	90	93.3	+	0	0	1646I90M66I	New.CleanUp.ReferenceOTU4045 EUK.Mock.1_104383	24055
H	7123	90	94.4	+	0	0	1549I90M12I	New.CleanUp.ReferenceOTU4045 EUK.Mock.1_104383	61087
H	4634	90	94.4	+	0	0	1598I90M51I	New.CleanUp.ReferenceOTU4045 EUK.Mock.1_104383	38113
H	4038	90	91.1	+	0	0	1617I90M34I	New.CleanUp.ReferenceOTU4045 EUK.Mock.1_104383	3287
H	7185	90	93.3	+	0	0	1649I90M69I	New.CleanUp.ReferenceOTU4045 EUK.Mock.1_104383	61571
N	*	90	*	*	*	*	*	New.CleanUp.ReferenceOTU4046 EUK.Mock.1_71285	*
H	6170	90	84.4	+	0	0	1436I90M69I	New.CleanUp.ReferenceOTU4048 EUK.Mock.1_105255	52258
H	3447	90	84.4	+	0	0	1645I90M66I	New.CleanUp.ReferenceOTU4048 EUK.Mock.1_105255	27744
H	854	90	84.4	+	0	0	1605I90M42I	New.CleanUp.ReferenceOTU4048 EUK.Mock.1_105255	10764
H	4934	90	85.6	+	0	0	1591I90M50I	New.CleanUp.ReferenceOTU4048 EUK.Mock.1_105255	40794
H	3878	90	82.2	+	0	0	1629I54MD35M156I	New.CleanUp.ReferenceOTU4048 EUK.Mock.1_105255	31618
H	7760	90	96.7	+	0	0	1279I90M35I	New.CleanUp.ReferenceOTU405 EUK.Mock.1_21304	66673
H	4863	90	96.7	+	0	0	1251I90M35I	New.CleanUp.ReferenceOTU405 EUK.Mock.1_21304	40103
H	3103	90	95.6	+	0	0	1290I90M34I	New.CleanUp.ReferenceOTU405 EUK.Mock.1_21304	2467
H	10834	90	87.8	+	0	0	1683I90M70I	New.CleanUp.ReferenceOTU405 EUK.Mock.1_21304	93246
L	9060	1786	*	*	*	*	*	77858	*
H	9060	90	76.7	+	0	0	1640I69MD20M57I	New.CleanUp.ReferenceOTU405 EUK.Mock.1_21304	77858
H	4934	90	96.7	+	0	0	1591I90M50I	New.CleanUp.ReferenceOTU4051 EUK.Mock.1_105251	40794
H	9284	90	96.7	+	0	0	1663I13MI77M67I	New.CleanUp.ReferenceOTU4051 EUK.Mock.1_105251	80038
H	854	90	95.6	+	0	0	1605I90M42I	New.CleanUp.ReferenceOTU4051 EUK.Mock.1_105251	10764
H	6170	90	95.6	+	0	0	1436I90M69I	New.CleanUp.ReferenceOTU4051 EUK.Mock.1_105251	52258
H	3447	90	94.4	+	0	0	1645I90M66I	New.CleanUp.ReferenceOTU4051 EUK.Mock.1_105251	27744
H	7688	90	96.7	+	0	0	1582I90M585I	New.CleanUp.ReferenceOTU4052 EUK.Mock.1_103760	65995
H	8570	90	96.7	+	0	0	1668I90M70I	New.CleanUp.ReferenceOTU4052 EUK.Mock.1_103760	73609
H	564	90	91.1	+	0	0	1679I90M60I	New.CleanUp.ReferenceOTU4052 EUK.Mock.1_103760	105083
H	9379	90	91.1	+	0	0	1675I90M35I	New.CleanUp.ReferenceOTU4052 EUK.Mock.1_103760	80767
H	6400	90	86.7	+	0	0	1680I90M68I	New.CleanUp.ReferenceOTU4052 EUK.Mock.1_103760	54274
N	*	90	*	*	*	*	*	New.CleanUp.ReferenceOTU4053 EUK.Mock.1_56455	*
N	*	90	*	*	*	*	*	New.CleanUp.ReferenceOTU4056 EUK.Mock.1_104721	*
H	6504	90	95.6	+	0	0	1691I90M68I	New.CleanUp.ReferenceOTU4057 EUK.Mock.1_30994	553
H	5617	90	95.6	+	0	0	1265I90M71I	New.CleanUp.ReferenceOTU4057 EUK.Mock.1_30994	46888
H	8562	90	95.6	+	0	0	1651I90M68I	New.CleanUp.ReferenceOTU4057 EUK.Mock.1_30994	73554
H	6364	90	95.6	+	0	0	1375I90M22I	New.CleanUp.ReferenceOTU4057 EUK.Mock.1_30994	5402
H	9714	90	94.4	+	0	0	1645I90M56I	New.CleanUp.ReferenceOTU4057 EUK.Mock.1_30994	83482
H	4934	90	94.4	+	0	0	1591I90M50I	New.CleanUp.ReferenceOTU4066 EUK.Mock.1_59954	40794
H	854	90	93.3	+	0	0	1605I90M42I	New.CleanUp.ReferenceOTU4066 EUK.Mock.1_59954	10764
H	9284	90	94.4	+	0	0	1663I13MI77M67I	New.CleanUp.ReferenceOTU4066 EUK.Mock.1_59954	80038
H	6170	90	93.3	+	0	0	1436I90M69I	New.CleanUp.ReferenceOTU4066 EUK.Mock.1_59954	52258
H	3447	90	92.2	+	0	0	1645I90M66I	New.CleanUp.ReferenceOTU4066 EUK.Mock.1_59954	27744
H	7760	81	96.3	+	0	0	1279I81M44I	New.CleanUp.ReferenceOTU4069 EUK.Mock.1_73181	66673
H	4863	81	96.3	+	0	0	1251I81M44I	New.CleanUp.ReferenceOTU4069 EUK.Mock.1_73181	40103
H	3103	81	95.1	+	0	0	1290I81M43I	New.CleanUp.ReferenceOTU4069 EUK.Mock.1_73181	2467
L	9676	1843	*	*	*	*	*	83189	*
H	9676	81	77.8	+	0	0	1699I40MI30M2D9M64I	New.CleanUp.ReferenceOTU4069 EUK.Mock.1_73181	83189
H	10834	81	86.4	+	0	0	1683I81M79I	New.CleanUp.ReferenceOTU4069 EUK.Mock.1_73181	93246
H	4934	90	95.6	+	0	0	1591I90M50I	New.CleanUp.ReferenceOTU4072 EUK.Mock.1_60141	40794
H	9284	90	95.6	+	0	0	1663I13MI77M67I	New.CleanUp.ReferenceOTU4072 EUK.Mock.1_60141	80038
H	854	90	94.4	+	0	0	1605I90M42I	New.CleanUp.ReferenceOTU4072 EUK.Mock.1_60141	10764
H	6170	90	94.4	+	0	0	1436I90M69I	New.CleanUp.ReferenceOTU4072 EUK.Mock.1_60141	52258
H	3447	90	93.3	+	0	0	1645I90M66I	New.CleanUp.ReferenceOTU4072 EUK.Mock.1_60141	27744
H	7123	90	95.6	+	0	0	1549I90M12I	New.CleanUp.ReferenceOTU4074 EUK.Mock.1_27242	61087
H	7185	90	94.4	+	0	0	1649I90M69I	New.CleanUp.ReferenceOTU4074 EUK.Mock.1_27242	61571
H	9246	90	94.4	+	0	0	1549I90M12I	New.CleanUp.ReferenceOTU4074 EUK.Mock.1_27242	79610
H	4634	90	93.3	+	0	0	1598I90M51I	New.CleanUp.ReferenceOTU4074 EUK.Mock.1_27242	38113
H	3034	90	92.2	+	0	0	1646I90M66I	New.CleanUp.ReferenceOTU4074 EUK.Mock.1_27242	24055
H	7688	69	95.7	+	0	0	1582I69M606I	New.CleanUp.ReferenceOTU4077 EUK.Mock.1_104706	65995
H	8570	69	95.7	+	0	0	1668I69M91I	New.CleanUp.ReferenceOTU4077 EUK.Mock.1_104706	73609
H	564	69	88.4	+	0	0	1679I69M81I	New.CleanUp.ReferenceOTU4077 EUK.Mock.1_104706	105083
H	9760	69	89.9	+	0	0	1657I69M16I	New.CleanUp.ReferenceOTU4077 EUK.Mock.1_104706	8379
H	8790	69	87.0	+	0	0	1630I69M51I	New.CleanUp.ReferenceOTU4077 EUK.Mock.1_104706	75440
N	*	90	*	*	*	*	*	New.CleanUp.ReferenceOTU408 EUK.Mock.1_7261	*
H	4934	84	96.4	+	0	0	1591I84M56I	New.CleanUp.ReferenceOTU4080 EUK.Mock.1_8862	40794
H	854	84	95.2	+	0	0	1605I84M48I	New.CleanUp.ReferenceOTU4080 EUK.Mock.1_8862	10764
H	6170	84	95.2	+	0	0	1436I84M75I	New.CleanUp.ReferenceOTU4080 EUK.Mock.1_8862	52258
H	3878	84	94.0	+	0	0	1629I50MD33M162I	New.CleanUp.ReferenceOTU4080 EUK.Mock.1_8862	31618
H	3447	84	94.0	+	0	0	1645I84M72I	New.CleanUp.ReferenceOTU4080 EUK.Mock.1_8862	27744
H	854	90	95.6	+	0	0	1605I90M42I	New.CleanUp.ReferenceOTU4087 EUK.Mock.1_6138	10764
H	4934	90	96.7	+	0	0	1591I90M50I	New.CleanUp.ReferenceOTU4087 EUK.Mock.1_6138	40794
H	3447	90	94.4	+	0	0	1645I90M66I	New.CleanUp.ReferenceOTU4087 EUK.Mock.1_6138	27744
H	6170	90	95.6	+	0	0	1436I90M69I	New.CleanUp.ReferenceOTU4087 EUK.Mock.1_6138	52258
H	3878	90	92.2	+	0	0	1629I54MD35M156I	New.CleanUp.ReferenceOTU4087 EUK.Mock.1_6138	31618
H	88	90	95.6	+	0	0	1111I90M69I	New.CleanUp.ReferenceOTU4091 EUK.Mock.1_103099	10084
H	2551	90	93.3	+	0	0	2048I90M66I	New.CleanUp.ReferenceOTU4091 EUK.Mock.1_103099	19976
H	10251	90	93.3	+	0	0	1592I90M66I	New.CleanUp.ReferenceOTU4091 EUK.Mock.1_103099	88322
H	4441	90	93.3	+	0	0	1641I90M66I	New.CleanUp.ReferenceOTU4091 EUK.Mock.1_103099	36554
H	6339	90	93.3	+	0	0	2364I90M500I	New.CleanUp.ReferenceOTU4091 EUK.Mock.1_103099	53760
H	4934	90	95.6	+	0	0	1591I90M50I	New.CleanUp.ReferenceOTU4095 EUK.Mock.1_68576	40794
H	854	90	94.4	+	0	0	1605I90M42I	New.CleanUp.ReferenceOTU4095 EUK.Mock.1_68576	10764
H	9284	90	95.6	+	0	0	1663I13MI77M67I	New.CleanUp.ReferenceOTU4095 EUK.Mock.1_68576	80038
H	6170	90	94.4	+	0	0	1436I90M69I	New.CleanUp.ReferenceOTU4095 EUK.Mock.1_68576	52258
H	3447	90	93.3	+	0	0	1645I90M66I	New.CleanUp.ReferenceOTU4095 EUK.Mock.1_68576	27744
H	5135	90	92.2	+	0	0	1633I90M69I	New.CleanUp.ReferenceOTU4097 EUK.Mock.1_83535	4269
H	5866	90	90.0	+	0	0	1559I90M55I	New.CleanUp.ReferenceOTU4097 EUK.Mock.1_83535	49307
H	8635	90	90.0	+	0	0	1644I90M55I	New.CleanUp.ReferenceOTU4097 EUK.Mock.1_83535	74171
H	5423	90	91.1	+	0	0	1602I90M39I	New.CleanUp.ReferenceOTU4097 EUK.Mock.1_83535	45376
H	5437	90	87.8	+	0	0	1634I90M56I	New.CleanUp.ReferenceOTU4097 EUK.Mock.1_83535	45474
H	9506	90	96.7	+	0	0	1632I90M75I	New.CleanUp.ReferenceOTU4099 EUK.Mock.1_14348	81821
H	11256	90	96.7	+	0	0	1391I90M72I	New.CleanUp.ReferenceOTU4099 EUK.Mock.1_14348	97289
H	7778	90	70.0	+	0	0	1606I44M2D17MD26M704I	New.CleanUp.ReferenceOTU4099 EUK.Mock.1_14348	66800
H	5603	90	73.3	+	0	0	1633I37M2D22MD28M58I	New.CleanUp.ReferenceOTU4099 EUK.Mock.1_14348	46764
H	8570	90	96.7	+	0	0	1668I90M70I	New.CleanUp.ReferenceOTU4104 EUK.Mock.1_64068	73609
H	7688	90	96.7	+	0	0	1582I90M585I	New.CleanUp.ReferenceOTU4104 EUK.Mock.1_64068	65995
H	564	90	91.1	+	0	0	1679I90M60I	New.CleanUp.ReferenceOTU4104 EUK.Mock.1_64068	105083
H	6400	90	87.8	+	0	0	1680I90M68I	New.CleanUp.ReferenceOTU4104 EUK.Mock.1_64068	54274
H	9379	90	91.1	+	0	0	1675I90M35I	New.CleanUp.ReferenceOTU4104 EUK.Mock.1_64068	80767
H	7688	90	96.7	+	0	0	1582I90M585I	New.CleanUp.ReferenceOTU4105 EUK.Mock.1_71867	65995
H	8570	90	96.7	+	0	0	1668I90M70I	New.CleanUp.ReferenceOTU4105 EUK.Mock.1_71867	73609
H	564	90	91.1	+	0	0	1679I90M60I	New.CleanUp.ReferenceOTU4105 EUK.Mock.1_71867	105083
H	9379	90	91.1	+	0	0	1675I90M35I	New.CleanUp.ReferenceOTU4105 EUK.Mock.1_71867	80767
H	4314	90	86.7	+	0	0	1647I90M41I	New.CleanUp.ReferenceOTU4105 EUK.Mock.1_71867	354
H	8570	90	95.6	+	0	0	1668I90M70I	New.CleanUp.ReferenceOTU4106 EUK.Mock.1_88091	73609
H	7688	90	95.6	+	0	0	1582I90M585I	New.CleanUp.ReferenceOTU4106 EUK.Mock.1_88091	65995
H	564	90	91.1	+	0	0	1679I90M60I	New.CleanUp.ReferenceOTU4106 EUK.Mock.1_88091	105083
H	9379	90	91.1	+	0	0	1675I90M35I	New.CleanUp.ReferenceOTU4106 EUK.Mock.1_88091	80767
H	4314	90	86.7	+	0	0	1647I90M41I	New.CleanUp.ReferenceOTU4106 EUK.Mock.1_88091	354
N	*	90	*	*	*	*	*	New.CleanUp.ReferenceOTU4107 EUK.Mock.1_108391	*
H	5135	90	91.1	+	0	0	1633I90M69I	New.CleanUp.ReferenceOTU4109 EUK.Mock.1_33901	4269
H	5866	90	88.9	+	0	0	1559I90M55I	New.CleanUp.ReferenceOTU4109 EUK.Mock.1_33901	49307
H	3531	90	88.9	+	0	0	1625I90M65I	New.CleanUp.ReferenceOTU4109 EUK.Mock.1_33901	28560
H	5423	90	90.0	+	0	0	1602I90M39I	New.CleanUp.ReferenceOTU4109 EUK.Mock.1_33901	45376
H	8924	90	88.9	+	0	0	1580I90M50I	New.CleanUp.ReferenceOTU4109 EUK.Mock.1_33901	76542
H	4934	90	96.7	+	0	0	1591I90M50I	New.CleanUp.ReferenceOTU411 EUK.Mock.1_66197	40794
H	9284	90	96.7	+	0	0	1663I13MI77M67I	New.CleanUp.ReferenceOTU411 EUK.Mock.1_66197	80038
H	6170	90	95.6	+	0	0	1436I90M69I	New.CleanUp.ReferenceOTU411 EUK.Mock.1_66197	52258
H	854	90	95.6	+	0	0	1605I90M42I	New.CleanUp.ReferenceOTU411 EUK.Mock.1_66197	10764
H	3447	90	94.4	+	0	0	1645I90M66I	New.CleanUp.ReferenceOTU411 EUK.Mock.1_66197	27744
H	854	81	96.3	+	0	0	1605I33MI48M50I	New.CleanUp.ReferenceOTU4110 EUK.Mock.1_64060	10764
H	4934	81	96.3	+	0	0	1591I33MI48M58I	New.CleanUp.ReferenceOTU4110 EUK.Mock.1_64060	40794
H	3447	81	95.1	+	0	0	1645I33MI48M74I	New.CleanUp.ReferenceOTU4110 EUK.Mock.1_64060	27744
H	6170	81	95.1	+	0	0	1436I33MI48M77I	New.CleanUp.ReferenceOTU4110 EUK.Mock.1_64060	52258
H	1549	81	85.2	+	0	0	1427I33MI9M3D34M2D	New.CleanUp.ReferenceOTU4110 EUK.Mock.1_64060	113941
H	88	90	96.7	+	0	0	1111I90M69I	New.CleanUp.ReferenceOTU4111 EUK.Mock.1_64061	10084
L	20	1748	*	*	*	*	*	1002	*
H	20	90	94.4	+	0	0	1592I90M66I	New.CleanUp.ReferenceOTU4111 EUK.Mock.1_64061	1002
H	589	90	95.6	+	0	0	1920I90M24I	New.CleanUp.ReferenceOTU4111 EUK.Mock.1_64061	105260
H	279	90	95.6	+	0	0	1595I90M32I	New.CleanUp.ReferenceOTU4111 EUK.Mock.1_64061	102447
H	4197	90	95.6	+	0	0	1637I90M64I	New.CleanUp.ReferenceOTU4111 EUK.Mock.1_64061	34288
H	3171	90	97.8	+	0	0	1626I90M65I	New.CleanUp.ReferenceOTU4112 EUK.Mock.1_108398	25160
H	8717	90	93.3	+	0	0	1594I47MI16MI27M67I	New.CleanUp.ReferenceOTU4112 EUK.Mock.1_108398	74829
H	7875	90	94.4	+	0	0	1592I45MI19MI26M64I	New.CleanUp.ReferenceOTU4112 EUK.Mock.1_108398	67609
H	7503	90	90.0	+	0	0	1585I90M64I	New.CleanUp.ReferenceOTU4112 EUK.Mock.1_108398	64286
H	2726	90	93.3	+	0	0	1589I45MI20MI25M63I	New.CleanUp.ReferenceOTU4112 EUK.Mock.1_108398	21485
H	4934	90	96.7	+	0	0	1591I90M50I	New.CleanUp.ReferenceOTU4113 EUK.Mock.1_21446	40794
H	9284	90	96.7	+	0	0	1663I13MI77M67I	New.CleanUp.ReferenceOTU4113 EUK.Mock.1_21446	80038
H	6170	90	95.6	+	0	0	1436I90M69I	New.CleanUp.ReferenceOTU4113 EUK.Mock.1_21446	52258
H	854	90	95.6	+	0	0	1605I90M42I	New.CleanUp.ReferenceOTU4113 EUK.Mock.1_21446	10764
H	3447	90	94.4	+	0	0	1645I90M66I	New.CleanUp.ReferenceOTU4113 EUK.Mock.1_21446	27744
H	4104	90	94.4	+	0	0	1703I90M70I	New.CleanUp.ReferenceOTU4114 EUK.Mock.1_21441	33585
H	254	90	93.3	+	0	0	1706I90M68I	New.CleanUp.ReferenceOTU4114 EUK.Mock.1_21441	102297
H	1952	90	91.1	+	0	0	1687I90M70I	New.CleanUp.ReferenceOTU4114 EUK.Mock.1_21441	14424
H	9936	90	92.2	+	0	0	1706I62MD27M70I	New.CleanUp.ReferenceOTU4114 EUK.Mock.1_21441	85366
H	10858	90	88.9	+	0	0	1695I90M70I	New.CleanUp.ReferenceOTU4114 EUK.Mock.1_21441	93520
H	7688	90	95.6	+	0	0	1582I90M585I	New.CleanUp.ReferenceOTU4119 EUK.Mock.1_835	65995
H	8570	90	95.6	+	0	0	1668I90M70I	New.CleanUp.ReferenceOTU4119 EUK.Mock.1_835	73609
H	564	90	91.1	+	0	0	1679I90M60I	New.CleanUp.ReferenceOTU4119 EUK.Mock.1_835	105083
H	4314	90	86.7	+	0	0	1647I90M41I	New.CleanUp.ReferenceOTU4119 EUK.Mock.1_835	354
H	9379	90	90.0	+	0	0	1675I90M35I	New.CleanUp.ReferenceOTU4119 EUK.Mock.1_835	80767
H	4934	90	96.7	+	0	0	1591I90M50I	New.CleanUp.ReferenceOTU412 EUK.Mock.1_69175	40794
H	6170	90	95.6	+	0	0	1436I90M69I	New.CleanUp.ReferenceOTU412 EUK.Mock.1_69175	52258
H	9284	90	96.7	+	0	0	1663I13MI77M67I	New.CleanUp.ReferenceOTU412 EUK.Mock.1_69175	80038
H	854	90	95.6	+	0	0	1605I90M42I	New.CleanUp.ReferenceOTU412 EUK.Mock.1_69175	10764
H	3447	90	94.4	+	0	0	1645I90M66I	New.CleanUp.ReferenceOTU412 EUK.Mock.1_69175	27744
H	4934	90	96.7	+	0	0	1591I90M50I	New.CleanUp.ReferenceOTU4121 EUK.Mock.1_63495	40794
H	6170	90	95.6	+	0	0	1436I90M69I	New.CleanUp.ReferenceOTU4121 EUK.Mock.1_63495	52258
H	854	90	95.6	+	0	0	1605I90M42I	New.CleanUp.ReferenceOTU4121 EUK.Mock.1_63495	10764
H	3447	90	94.4	+	0	0	1645I90M66I	New.CleanUp.ReferenceOTU4121 EUK.Mock.1_63495	27744
H	9284	90	96.7	+	0	0	1663I13MI77M67I	New.CleanUp.ReferenceOTU4121 EUK.Mock.1_63495	80038
N	*	90	*	*	*	*	*	New.CleanUp.ReferenceOTU4122 EUK.Mock.1_32528	*
H	11256	90	95.6	+	0	0	1391I90M72I	New.CleanUp.ReferenceOTU4124 EUK.Mock.1_19949	97289
H	9506	90	95.6	+	0	0	1632I90M75I	New.CleanUp.ReferenceOTU4124 EUK.Mock.1_19949	81821
H	5603	90	76.7	+	0	0	1633I38M2D30MD19M58I	New.CleanUp.ReferenceOTU4124 EUK.Mock.1_19949	46764
H	4125	90	77.8	+	0	0	1628I37M2D30MD20M42I	New.CleanUp.ReferenceOTU4124 EUK.Mock.1_19949	33757
H	7778	90	71.1	+	0	0	1606I44M2D17MD26M704I	New.CleanUp.ReferenceOTU4124 EUK.Mock.1_19949	66800
H	8570	90	96.7	+	0	0	1668I90M70I	New.CleanUp.ReferenceOTU4130 EUK.Mock.1_103948	73609
H	7688	90	96.7	+	0	0	1582I90M585I	New.CleanUp.ReferenceOTU4130 EUK.Mock.1_103948	65995
H	564	90	91.1	+	0	0	1679I90M60I	New.CleanUp.ReferenceOTU4130 EUK.Mock.1_103948	105083
H	9379	90	91.1	+	0	0	1675I90M35I	New.CleanUp.ReferenceOTU4130 EUK.Mock.1_103948	80767
H	4314	90	87.8	+	0	0	1647I90M41I	New.CleanUp.ReferenceOTU4130 EUK.Mock.1_103948	354
H	3171	90	96.7	+	0	0	1626I90M65I	New.CleanUp.ReferenceOTU4132 EUK.Mock.1_22893	25160
H	8717	90	92.2	+	0	0	1594I47MI16MI27M67I	New.CleanUp.ReferenceOTU4132 EUK.Mock.1_22893	74829
H	7875	90	93.3	+	0	0	1592I45MI19MI26M64I	New.CleanUp.ReferenceOTU4132 EUK.Mock.1_22893	67609
H	2726	90	92.2	+	0	0	1589I45MI20MI25M63I	New.CleanUp.ReferenceOTU4132 EUK.Mock.1_22893	21485
L	10053	1789	*	*	*	*	*	86362	*
H	10053	90	71.1	+	0	0	1639I90M60I	New.CleanUp.ReferenceOTU4132 EUK.Mock.1_22893	86362
H	8570	90	96.7	+	0	0	1668I90M70I	New.CleanUp.ReferenceOTU4136 EUK.Mock.1_86634	73609
H	7688	90	96.7	+	0	0	1582I90M585I	New.CleanUp.ReferenceOTU4136 EUK.Mock.1_86634	65995
H	4314	90	88.9	+	0	0	1647I90M41I	New.CleanUp.ReferenceOTU4136 EUK.Mock.1_86634	354
H	564	90	91.1	+	0	0	1679I90M60I	New.CleanUp.ReferenceOTU4136 EUK.Mock.1_86634	105083
H	9379	90	91.1	+	0	0	1675I90M35I	New.CleanUp.ReferenceOTU4136 EUK.Mock.1_86634	80767
N	*	90	*	*	*	*	*	New.CleanUp.ReferenceOTU414 EUK.Mock.1_105217	*
H	4934	90	96.7	+	0	0	1591I90M50I	New.CleanUp.ReferenceOTU4140 EUK.Mock.1_103944	40794
H	9284	90	96.7	+	0	0	1663I13MI77M67I	New.CleanUp.ReferenceOTU4140 EUK.Mock.1_103944	80038
H	6170	90	95.6	+	0	0	1436I90M69I	New.CleanUp.ReferenceOTU4140 EUK.Mock.1_103944	52258
H	854	90	95.6	+	0	0	1605I90M42I	New.CleanUp.ReferenceOTU4140 EUK.Mock.1_103944	10764
H	3447	90	94.4	+	0	0	1645I90M66I	New.CleanUp.ReferenceOTU4140 EUK.Mock.1_103944	27744
H	9284	90	96.7	+	0	0	1663I11MI79M67I	New.CleanUp.ReferenceOTU4142 EUK.Mock.1_74331	80038
H	4934	90	96.7	+	0	0	1591I90M50I	New.CleanUp.ReferenceOTU4142 EUK.Mock.1_74331	40794
H	854	90	95.6	+	0	0	1605I90M42I	New.CleanUp.ReferenceOTU4142 EUK.Mock.1_74331	10764
H	6170	90	95.6	+	0	0	1436I90M69I	New.CleanUp.ReferenceOTU4142 EUK.Mock.1_74331	52258
H	3447	90	94.4	+	0	0	1645I90M66I	New.CleanUp.ReferenceOTU4142 EUK.Mock.1_74331	27744
H	4934	90	87.8	+	0	0	1591I90M50I	New.CleanUp.ReferenceOTU4143 EUK.Mock.1_18095	40794
H	9284	90	87.8	+	0	0	1663I13MI77M67I	New.CleanUp.ReferenceOTU4143 EUK.Mock.1_18095	80038
H	6170	90	86.7	+	0	0	1436I90M69I	New.CleanUp.ReferenceOTU4143 EUK.Mock.1_18095	52258
H	854	90	86.7	+	0	0	1605I90M42I	New.CleanUp.ReferenceOTU4143 EUK.Mock.1_18095	10764
H	3447	90	85.6	+	0	0	1645I90M66I	New.CleanUp.ReferenceOTU4143 EUK.Mock.1_18095	27744
H	4934	90	96.7	+	0	0	1591I90M50I	New.CleanUp.ReferenceOTU4144 EUK.Mock.1_102387	40794
H	9284	90	96.7	+	0	0	1663I13MI77M67I	New.CleanUp.ReferenceOTU4144 EUK.Mock.1_102387	80038
H	6170	90	95.6	+	0	0	1436I90M69I	New.CleanUp.ReferenceOTU4144 EUK.Mock.1_102387	52258
H	854	90	95.6	+	0	0	1605I90M42I	New.CleanUp.ReferenceOTU4144 EUK.Mock.1_102387	10764
H	3447	90	94.4	+	0	0	1645I90M66I	New.CleanUp.ReferenceOTU4144 EUK.Mock.1_102387	27744
H	4934	90	96.7	+	0	0	1591I90M50I	New.CleanUp.ReferenceOTU4148 EUK.Mock.1_105720	40794
H	6170	90	95.6	+	0	0	1436I90M69I	New.CleanUp.ReferenceOTU4148 EUK.Mock.1_105720	52258
H	9284	90	96.7	+	0	0	1663I13MI77M67I	New.CleanUp.ReferenceOTU4148 EUK.Mock.1_105720	80038
H	3447	90	94.4	+	0	0	1645I90M66I	New.CleanUp.ReferenceOTU4148 EUK.Mock.1_105720	27744
H	854	90	95.6	+	0	0	1605I90M42I	New.CleanUp.ReferenceOTU4148 EUK.Mock.1_105720	10764
N	*	90	*	*	*	*	*	New.CleanUp.ReferenceOTU415 EUK.Mock.1_15891	*
H	8570	81	95.1	+	0	0	1668I81M79I	New.CleanUp.ReferenceOTU4152 EUK.Mock.1_79104	73609
H	7688	81	95.1	+	0	0	1582I81M594I	New.CleanUp.ReferenceOTU4152 EUK.Mock.1_79104	65995
H	9760	81	92.6	+	0	0	1657I81M4I	New.CleanUp.ReferenceOTU4152 EUK.Mock.1_79104	8379
H	6400	81	84.0	+	0	0	1680I81M77I	New.CleanUp.ReferenceOTU4152 EUK.Mock.1_79104	54274
H	564	81	88.9	+	0	0	1679I81M69I	New.CleanUp.ReferenceOTU4152 EUK.Mock.1_79104	105083
H	7688	90	95.6	+	0	0	1582I90M585I	New.CleanUp.ReferenceOTU4158 EUK.Mock.1_30902	65995
H	8570	90	95.6	+	0	0	1668I90M70I	New.CleanUp.ReferenceOTU4158 EUK.Mock.1_30902	73609
H	9760	90	86.7	+	0	0	1657I85M5D	New.CleanUp.ReferenceOTU4158 EUK.Mock.1_30902	8379
H	9379	90	90.0	+	0	0	1675I90M35I	New.CleanUp.ReferenceOTU4158 EUK.Mock.1_30902	80767
H	564	90	90.0	+	0	0	1679I90M60I	New.CleanUp.ReferenceOTU4158 EUK.Mock.1_30902	105083
N	*	90	*	*	*	*	*	New.CleanUp.ReferenceOTU4159 EUK.Mock.1_37623	*
H	5135	90	91.1	+	0	0	1633I90M69I	New.CleanUp.ReferenceOTU4160 EUK.Mock.1_109172	4269
H	5866	90	88.9	+	0	0	1559I90M55I	New.CleanUp.ReferenceOTU4160 EUK.Mock.1_109172	49307
H	5423	90	90.0	+	0	0	1602I90M39I	New.CleanUp.ReferenceOTU4160 EUK.Mock.1_109172	45376
H	8635	90	88.9	+	0	0	1644I90M55I	New.CleanUp.ReferenceOTU4160 EUK.Mock.1_109172	74171
H	9443	90	87.8	+	0	0	1592I90M50I	New.CleanUp.ReferenceOTU4160 EUK.Mock.1_109172	81305
H	4934	90	96.7	+	0	0	1591I90M50I	New.CleanUp.ReferenceOTU4161 EUK.Mock.1_41511	40794
H	9284	90	96.7	+	0	0	1663I13MI77M67I	New.CleanUp.ReferenceOTU4161 EUK.Mock.1_41511	80038
H	854	90	95.6	+	0	0	1605I90M42I	New.CleanUp.ReferenceOTU4161 EUK.Mock.1_41511	10764
H	6170	90	95.6	+	0	0	1436I90M69I	New.CleanUp.ReferenceOTU4161 EUK.Mock.1_41511	52258
H	3447	90	94.4	+	0	0	1645I90M66I	New.CleanUp.ReferenceOTU4161 EUK.Mock.1_41511	27744
N	*	90	*	*	*	*	*	New.CleanUp.ReferenceOTU4163 EUK.Mock.1_70430	*
H	8570	90	96.7	+	0	0	1668I90M70I	New.CleanUp.ReferenceOTU4167 EUK.Mock.1_39883	73609
H	7688	90	96.7	+	0	0	1582I90M585I	New.CleanUp.ReferenceOTU4167 EUK.Mock.1_39883	65995
H	564	90	91.1	+	0	0	1679I90M60I	New.CleanUp.ReferenceOTU4167 EUK.Mock.1_39883	105083
H	9760	90	86.7	+	0	0	1657I85M5D	New.CleanUp.ReferenceOTU4167 EUK.Mock.1_39883	8379
H	9379	90	91.1	+	0	0	1675I90M35I	New.CleanUp.ReferenceOTU4167 EUK.Mock.1_39883	80767
H	3034	90	92.2	+	0	0	1646I90M66I	New.CleanUp.ReferenceOTU4168 EUK.Mock.1_4756	24055
H	3242	90	92.2	+	0	0	1639I90M133I	New.CleanUp.ReferenceOTU4168 EUK.Mock.1_4756	25771
H	4634	90	93.3	+	0	0	1598I90M51I	New.CleanUp.ReferenceOTU4168 EUK.Mock.1_4756	38113
H	7123	90	93.3	+	0	0	1549I90M12I	New.CleanUp.ReferenceOTU4168 EUK.Mock.1_4756	61087
H	1595	90	92.2	+	0	0	1626I90M66I	New.CleanUp.ReferenceOTU4168 EUK.Mock.1_4756	114376
H	3171	90	96.7	+	0	0	1626I90M65I	New.CleanUp.ReferenceOTU4172 EUK.Mock.1_105940	25160
H	8717	90	92.2	+	0	0	1594I47MI16MI27M67I	New.CleanUp.ReferenceOTU4172 EUK.Mock.1_105940	74829
H	7875	90	93.3	+	0	0	1592I45MI19MI26M64I	New.CleanUp.ReferenceOTU4172 EUK.Mock.1_105940	67609
H	2726	90	92.2	+	0	0	1589I45MI20MI25M63I	New.CleanUp.ReferenceOTU4172 EUK.Mock.1_105940	21485
H	7503	90	88.9	+	0	0	1585I90M64I	New.CleanUp.ReferenceOTU4172 EUK.Mock.1_105940	64286
H	7123	90	95.6	+	0	0	1549I90M12I	New.CleanUp.ReferenceOTU4178 EUK.Mock.1_71580	61087
H	3034	90	94.4	+	0	0	1646I90M66I	New.CleanUp.ReferenceOTU4178 EUK.Mock.1_71580	24055
H	4634	90	95.6	+	0	0	1598I90M51I	New.CleanUp.ReferenceOTU4178 EUK.Mock.1_71580	38113
H	7185	90	94.4	+	0	0	1649I90M69I	New.CleanUp.ReferenceOTU4178 EUK.Mock.1_71580	61571
H	8483	90	90.0	+	0	0	1642I90M86I	New.CleanUp.ReferenceOTU4178 EUK.Mock.1_71580	72899
H	4934	90	96.7	+	0	0	1591I90M50I	New.CleanUp.ReferenceOTU419 EUK.Mock.1_63902	40794
H	6170	90	95.6	+	0	0	1436I90M69I	New.CleanUp.ReferenceOTU419 EUK.Mock.1_63902	52258
H	854	90	95.6	+	0	0	1605I90M42I	New.CleanUp.ReferenceOTU419 EUK.Mock.1_63902	10764
H	3447	90	95.6	+	0	0	1645I90M66I	New.CleanUp.ReferenceOTU419 EUK.Mock.1_63902	27744
H	10646	90	94.4	+	0	0	1646I90M41I	New.CleanUp.ReferenceOTU419 EUK.Mock.1_63902	91684
H	5135	90	91.1	+	0	0	1633I90M69I	New.CleanUp.ReferenceOTU4190 EUK.Mock.1_93489	4269
H	5866	90	88.9	+	0	0	1559I90M55I	New.CleanUp.ReferenceOTU4190 EUK.Mock.1_93489	49307
H	8924	90	88.9	+	0	0	1580I90M50I	New.CleanUp.ReferenceOTU4190 EUK.Mock.1_93489	76542
H	4843	90	86.7	+	0	0	1575I90M66I	New.CleanUp.ReferenceOTU4190 EUK.Mock.1_93489	39901
L	5963	1719	*	*	*	*	*	50314	*
H	5963	90	87.8	+	0	0	1580I90M49I	New.CleanUp.ReferenceOTU4190 EUK.Mock.1_93489	50314
H	4934	90	96.7	+	0	0	1591I90M50I	New.CleanUp.ReferenceOTU4191 EUK.Mock.1_4371	40794
H	9284	90	96.7	+	0	0	1663I13MI77M67I	New.CleanUp.ReferenceOTU4191 EUK.Mock.1_4371	80038
H	6170	90	95.6	+	0	0	1436I90M69I	New.CleanUp.ReferenceOTU4191 EUK.Mock.1_4371	52258
H	854	90	95.6	+	0	0	1605I90M42I	New.CleanUp.ReferenceOTU4191 EUK.Mock.1_4371	10764
H	3447	90	94.4	+	0	0	1645I90M66I	New.CleanUp.ReferenceOTU4191 EUK.Mock.1_4371	27744
H	4934	90	96.7	+	0	0	1591I90M50I	New.CleanUp.ReferenceOTU4194 EUK.Mock.1_99878	40794
H	9284	90	96.7	+	0	0	1663I13MI77M67I	New.CleanUp.ReferenceOTU4194 EUK.Mock.1_99878	80038
H	854	90	95.6	+	0	0	1605I90M42I	New.CleanUp.ReferenceOTU4194 EUK.Mock.1_99878	10764
H	6170	90	95.6	+	0	0	1436I90M69I	New.CleanUp.ReferenceOTU4194 EUK.Mock.1_99878	52258
H	3447	90	94.4	+	0	0	1645I90M66I	New.CleanUp.ReferenceOTU4194 EUK.Mock.1_99878	27744
H	7688	90	96.7	+	0	0	1582I90M585I	New.CleanUp.ReferenceOTU4195 EUK.Mock.1_62522	65995
H	8570	90	96.7	+	0	0	1668I90M70I	New.CleanUp.ReferenceOTU4195 EUK.Mock.1_62522	73609
H	9379	90	94.4	+	0	0	1675I90M35I	New.CleanUp.ReferenceOTU4195 EUK.Mock.1_62522	80767
H	564	90	93.3	+	0	0	1679I90M60I	New.CleanUp.ReferenceOTU4195 EUK.Mock.1_62522	105083
H	4314	90	88.9	+	0	0	1647I90M41I	New.CleanUp.ReferenceOTU4195 EUK.Mock.1_62522	354
H	7123	90	94.4	+	0	0	1549I90M12I	New.CleanUp.ReferenceOTU4196 EUK.Mock.1_106390	61087
L	8897	1769	*	*	*	*	*	76388	*
H	8897	90	88.9	+	0	0	1644I90M35I	New.CleanUp.ReferenceOTU4196 EUK.Mock.1_106390	76388
L	2757	1834	*	*	*	*	*	21786	*
H	2757	90	90.0	+	0	0	1678I90M66I	New.CleanUp.ReferenceOTU4196 EUK.Mock.1_106390	21786
H	8483	90	91.1	+	0	0	1642I90M86I	New.CleanUp.ReferenceOTU4196 EUK.Mock.1_106390	72899
L	11545	1805	*	*	*	*	*	99676	*
H	11545	90	88.9	+	0	0	1650I90M65I	New.CleanUp.ReferenceOTU4196 EUK.Mock.1_106390	99676
H	4934	90	96.7	+	0	0	1591I90M50I	New.CleanUp.ReferenceOTU4198 EUK.Mock.1_42703	40794
H	9284	90	96.7	+	0	0	1663I13MI77M67I	New.CleanUp.ReferenceOTU4198 EUK.Mock.1_42703	80038
H	6170	90	95.6	+	0	0	1436I90M69I	New.CleanUp.ReferenceOTU4198 EUK.Mock.1_42703	52258
H	854	90	95.6	+	0	0	1605I90M42I	New.CleanUp.ReferenceOTU4198 EUK.Mock.1_42703	10764
H	3447	90	94.4	+	0	0	1645I90M66I	New.CleanUp.ReferenceOTU4198 EUK.Mock.1_42703	27744
N	*	90	*	*	*	*	*	New.CleanUp.ReferenceOTU42 EUK.Mock.1_90415	*
H	3034	90	92.2	+	0	0	1646I90M66I	New.CleanUp.ReferenceOTU4201 EUK.Mock.1_54247	24055
H	7123	90	92.2	+	0	0	1549I90M12I	New.CleanUp.ReferenceOTU4201 EUK.Mock.1_54247	61087
H	9246	90	91.1	+	0	0	1549I90M12I	New.CleanUp.ReferenceOTU4201 EUK.Mock.1_54247	79610
H	4038	90	90.0	+	0	0	1617I90M34I	New.CleanUp.ReferenceOTU4201 EUK.Mock.1_54247	3287
H	4634	90	92.2	+	0	0	1598I90M51I	New.CleanUp.ReferenceOTU4201 EUK.Mock.1_54247	38113
N	*	90	*	*	*	*	*	New.CleanUp.ReferenceOTU4202 EUK.Mock.1_64240	*
H	4934	90	88.9	+	0	0	1591I90M50I	New.CleanUp.ReferenceOTU4205 EUK.Mock.1_79075	40794
H	3447	90	87.8	+	0	0	1645I90M66I	New.CleanUp.ReferenceOTU4205 EUK.Mock.1_79075	27744
H	854	90	87.8	+	0	0	1605I90M42I	New.CleanUp.ReferenceOTU4205 EUK.Mock.1_79075	10764
H	6170	90	87.8	+	0	0	1436I90M69I	New.CleanUp.ReferenceOTU4205 EUK.Mock.1_79075	52258
H	3878	90	85.6	+	0	0	1629I54MD35M156I	New.CleanUp.ReferenceOTU4205 EUK.Mock.1_79075	31618
H	2803	90	95.6	+	0	0	1562I90M34I	New.CleanUp.ReferenceOTU4209 EUK.Mock.1_85395	22189
H	623	90	93.3	+	0	0	1499I90M9I	New.CleanUp.ReferenceOTU4209 EUK.Mock.1_85395	105574
H	8817	90	96.7	+	0	0	1616I63MI16MI11M33I	New.CleanUp.ReferenceOTU4209 EUK.Mock.1_85395	75599
H	279	90	93.3	+	0	0	1595I90M32I	New.CleanUp.ReferenceOTU4209 EUK.Mock.1_85395	102447
H	3439	90	94.4	+	0	0	1600I90M55I	New.CleanUp.ReferenceOTU4209 EUK.Mock.1_85395	27643
H	6170	84	95.2	+	0	0	1436I84M75I	New.CleanUp.ReferenceOTU421 EUK.Mock.1_69378	52258
H	4934	84	96.4	+	0	0	1591I84M56I	New.CleanUp.ReferenceOTU421 EUK.Mock.1_69378	40794
H	854	84	95.2	+	0	0	1605I84M48I	New.CleanUp.ReferenceOTU421 EUK.Mock.1_69378	10764
H	3447	84	94.0	+	0	0	1645I84M72I	New.CleanUp.ReferenceOTU421 EUK.Mock.1_69378	27744
H	10646	84	92.9	+	0	0	1646I84M47I	New.CleanUp.ReferenceOTU421 EUK.Mock.1_69378	91684
H	7185	90	94.4	+	0	0	1649I90M69I	New.CleanUp.ReferenceOTU4214 EUK.Mock.1_105790	61571
H	4634	90	95.6	+	0	0	1598I90M51I	New.CleanUp.ReferenceOTU4214 EUK.Mock.1_105790	38113
H	7123	90	95.6	+	0	0	1549I90M12I	New.CleanUp.ReferenceOTU4214 EUK.Mock.1_105790	61087
H	3034	90	94.4	+	0	0	1646I90M66I	New.CleanUp.ReferenceOTU4214 EUK.Mock.1_105790	24055
H	4038	90	92.2	+	0	0	1617I90M34I	New.CleanUp.ReferenceOTU4214 EUK.Mock.1_105790	3287
H	4934	90	96.7	+	0	0	1591I90M50I	New.CleanUp.ReferenceOTU4215 EUK.Mock.1_105822	40794
H	6170	90	95.6	+	0	0	1436I90M69I	New.CleanUp.ReferenceOTU4215 EUK.Mock.1_105822	52258
H	9284	90	96.7	+	0	0	1663I13MI77M67I	New.CleanUp.ReferenceOTU4215 EUK.Mock.1_105822	80038
H	854	90	95.6	+	0	0	1605I90M42I	New.CleanUp.ReferenceOTU4215 EUK.Mock.1_105822	10764
H	3447	90	94.4	+	0	0	1645I90M66I	New.CleanUp.ReferenceOTU4215 EUK.Mock.1_105822	27744
H	4934	83	95.2	+	0	0	1591I83M57I	New.CleanUp.ReferenceOTU4216 EUK.Mock.1_100944	40794
H	854	83	94.0	+	0	0	1605I83M49I	New.CleanUp.ReferenceOTU4216 EUK.Mock.1_100944	10764
H	3447	83	94.0	+	0	0	1645I83M73I	New.CleanUp.ReferenceOTU4216 EUK.Mock.1_100944	27744
H	6170	83	94.0	+	0	0	1436I83M76I	New.CleanUp.ReferenceOTU4216 EUK.Mock.1_100944	52258
H	3878	83	91.6	+	0	0	1629I50MD32M163I	New.CleanUp.ReferenceOTU4216 EUK.Mock.1_100944	31618
H	88	90	94.4	+	0	0	1111I90M69I	New.CleanUp.ReferenceOTU422 EUK.Mock.1_7511	10084
H	279	90	93.3	+	0	0	1595I90M32I	New.CleanUp.ReferenceOTU422 EUK.Mock.1_7511	102447
H	4197	90	93.3	+	0	0	1637I90M64I	New.CleanUp.ReferenceOTU422 EUK.Mock.1_7511	34288
H	1012	90	91.1	+	0	0	1569I90M36I	New.CleanUp.ReferenceOTU422 EUK.Mock.1_7511	108861
H	10814	90	90.0	+	0	0	1605I90M38I	New.CleanUp.ReferenceOTU422 EUK.Mock.1_7511	93107
H	7123	90	94.4	+	0	0	1549I90M12I	New.CleanUp.ReferenceOTU429 EUK.Mock.1_108811	61087
H	7185	90	93.3	+	0	0	1649I90M69I	New.CleanUp.ReferenceOTU429 EUK.Mock.1_108811	61571
H	3034	90	93.3	+	0	0	1646I90M66I	New.CleanUp.ReferenceOTU429 EUK.Mock.1_108811	24055
H	4634	90	94.4	+	0	0	1598I90M51I	New.CleanUp.ReferenceOTU429 EUK.Mock.1_108811	38113
H	9246	90	93.3	+	0	0	1549I90M12I	New.CleanUp.ReferenceOTU429 EUK.Mock.1_108811	79610
H	7123	90	92.2	+	0	0	1549I90M12I	New.CleanUp.ReferenceOTU433 EUK.Mock.1_7407	61087
H	7185	90	91.1	+	0	0	1649I90M69I	New.CleanUp.ReferenceOTU433 EUK.Mock.1_7407	61571
H	4634	90	92.2	+	0	0	1598I90M51I	New.CleanUp.ReferenceOTU433 EUK.Mock.1_7407	38113
H	3034	90	91.1	+	0	0	1646I90M66I	New.CleanUp.ReferenceOTU433 EUK.Mock.1_7407	24055
H	9246	90	91.1	+	0	0	1549I90M12I	New.CleanUp.ReferenceOTU433 EUK.Mock.1_7407	79610
H	2499	90	87.8	+	0	0	1638I90M63I	New.CleanUp.ReferenceOTU434 EUK.Mock.1_92046	19455
H	11182	90	88.9	+	0	0	1644I90M69I	New.CleanUp.ReferenceOTU434 EUK.Mock.1_92046	96648
H	1905	90	90.0	+	0	0	1590I58MD31M336I	New.CleanUp.ReferenceOTU434 EUK.Mock.1_92046	14030
H	8274	90	76.7	+	0	0	1739I90M66I	New.CleanUp.ReferenceOTU434 EUK.Mock.1_92046	70969
H	4730	90	87.8	+	0	0	1604I90M65I	New.CleanUp.ReferenceOTU434 EUK.Mock.1_92046	39024
H	88	90	96.7	+	0	0	1111I90M69I	New.CleanUp.ReferenceOTU435 EUK.Mock.1_81340	10084
H	4197	90	95.6	+	0	0	1637I90M64I	New.CleanUp.ReferenceOTU435 EUK.Mock.1_81340	34288
H	818	90	93.3	+	0	0	1947I87M3D	New.CleanUp.ReferenceOTU435 EUK.Mock.1_81340	107387
H	279	90	95.6	+	0	0	1595I90M32I	New.CleanUp.ReferenceOTU435 EUK.Mock.1_81340	102447
H	4318	90	88.9	+	0	0	1987I86M4D	New.CleanUp.ReferenceOTU435 EUK.Mock.1_81340	35477
H	4634	90	95.6	+	0	0	1598I90M51I	New.CleanUp.ReferenceOTU436 EUK.Mock.1_65717	38113
H	3242	90	93.3	+	0	0	1639I90M133I	New.CleanUp.ReferenceOTU436 EUK.Mock.1_65717	25771
H	1595	90	93.3	+	0	0	1626I90M66I	New.CleanUp.ReferenceOTU436 EUK.Mock.1_65717	114376
H	7123	90	94.4	+	0	0	1549I90M12I	New.CleanUp.ReferenceOTU436 EUK.Mock.1_65717	61087
H	3034	90	93.3	+	0	0	1646I90M66I	New.CleanUp.ReferenceOTU436 EUK.Mock.1_65717	24055
H	88	90	96.7	+	0	0	1111I90M69I	New.CleanUp.ReferenceOTU438 EUK.Mock.1_70808	10084
H	279	90	95.6	+	0	0	1595I90M32I	New.CleanUp.ReferenceOTU438 EUK.Mock.1_70808	102447
H	4197	90	95.6	+	0	0	1637I90M64I	New.CleanUp.ReferenceOTU438 EUK.Mock.1_70808	34288
H	818	90	92.2	+	0	0	1947I87M3D	New.CleanUp.ReferenceOTU438 EUK.Mock.1_70808	107387
H	4318	90	87.8	+	0	0	1987I86M4D	New.CleanUp.ReferenceOTU438 EUK.Mock.1_70808	35477
H	4934	90	96.7	+	0	0	1591I90M50I	New.CleanUp.ReferenceOTU439 EUK.Mock.1_20780	40794
H	6170	90	95.6	+	0	0	1436I90M69I	New.CleanUp.ReferenceOTU439 EUK.Mock.1_20780	52258
H	9284	90	96.7	+	0	0	1663I13MI77M67I	New.CleanUp.ReferenceOTU439 EUK.Mock.1_20780	80038
H	854	90	95.6	+	0	0	1605I90M42I	New.CleanUp.ReferenceOTU439 EUK.Mock.1_20780	10764
H	3447	90	94.4	+	0	0	1645I90M66I	New.CleanUp.ReferenceOTU439 EUK.Mock.1_20780	27744
H	8570	90	94.4	+	0	0	1668I90M70I	New.CleanUp.ReferenceOTU443 EUK.Mock.1_72589	73609
H	7688	90	94.4	+	0	0	1582I90M585I	New.CleanUp.ReferenceOTU443 EUK.Mock.1_72589	65995
H	564	90	88.9	+	0	0	1679I90M60I	New.CleanUp.ReferenceOTU443 EUK.Mock.1_72589	105083
H	6400	90	85.6	+	0	0	1680I90M68I	New.CleanUp.ReferenceOTU443 EUK.Mock.1_72589	54274
H	9379	90	88.9	+	0	0	1675I90M35I	New.CleanUp.ReferenceOTU443 EUK.Mock.1_72589	80767
H	88	90	95.6	+	0	0	1111I90M69I	New.CleanUp.ReferenceOTU444 EUK.Mock.1_20543	10084
H	279	90	94.4	+	0	0	1595I90M32I	New.CleanUp.ReferenceOTU444 EUK.Mock.1_20543	102447
H	3439	90	93.3	+	0	0	1600I90M55I	New.CleanUp.ReferenceOTU444 EUK.Mock.1_20543	27643
H	5770	90	93.3	+	0	0	1620I90M28I	New.CleanUp.ReferenceOTU444 EUK.Mock.1_20543	48184
H	6416	90	90.0	+	0	0	1605I90M66I	New.CleanUp.ReferenceOTU444 EUK.Mock.1_20543	54421
H	7760	90	96.7	+	0	0	1279I90M35I	New.CleanUp.ReferenceOTU45 EUK.Mock.1_47084	66673
H	4863	90	96.7	+	0	0	1251I90M35I	New.CleanUp.ReferenceOTU45 EUK.Mock.1_47084	40103
H	3103	90	95.6	+	0	0	1290I90M34I	New.CleanUp.ReferenceOTU45 EUK.Mock.1_47084	2467
H	6736	90	76.7	+	0	0	1644I46M3D19M2I22M50I	New.CleanUp.ReferenceOTU45 EUK.Mock.1_47084	57479
H	9368	90	74.4	+	0	0	1629I67MD22M57I	New.CleanUp.ReferenceOTU45 EUK.Mock.1_47084	80689
N	*	90	*	*	*	*	*	New.CleanUp.ReferenceOTU454 EUK.Mock.1_104104	*
H	7688	90	95.6	+	0	0	1582I90M585I	New.CleanUp.ReferenceOTU455 EUK.Mock.1_28997	65995
H	8570	90	95.6	+	0	0	1668I90M70I	New.CleanUp.ReferenceOTU455 EUK.Mock.1_28997	73609
H	564	90	90.0	+	0	0	1679I90M60I	New.CleanUp.ReferenceOTU455 EUK.Mock.1_28997	105083
H	9379	90	90.0	+	0	0	1675I90M35I	New.CleanUp.ReferenceOTU455 EUK.Mock.1_28997	80767
H	9760	90	86.7	+	0	0	1657I85M5D	New.CleanUp.ReferenceOTU455 EUK.Mock.1_28997	8379
H	8570	90	94.4	+	0	0	1668I90M70I	New.CleanUp.ReferenceOTU458 EUK.Mock.1_103580	73609
H	7688	90	94.4	+	0	0	1582I90M585I	New.CleanUp.ReferenceOTU458 EUK.Mock.1_103580	65995
H	564	90	88.9	+	0	0	1679I90M60I	New.CleanUp.ReferenceOTU458 EUK.Mock.1_103580	105083
H	9379	90	88.9	+	0	0	1675I90M35I	New.CleanUp.ReferenceOTU458 EUK.Mock.1_103580	80767
H	4314	90	84.4	+	0	0	1647I90M41I	New.CleanUp.ReferenceOTU458 EUK.Mock.1_103580	354
H	4934	83	95.2	+	0	0	1591I83M57I	New.CleanUp.ReferenceOTU462 EUK.Mock.1_1102	40794
H	854	83	94.0	+	0	0	1605I83M49I	New.CleanUp.ReferenceOTU462 EUK.Mock.1_1102	10764
H	6170	83	94.0	+	0	0	1436I83M76I	New.CleanUp.ReferenceOTU462 EUK.Mock.1_1102	52258
H	3447	83	94.0	+	0	0	1645I83M73I	New.CleanUp.ReferenceOTU462 EUK.Mock.1_1102	27744
H	3878	83	92.8	+	0	0	1629I48MD34M163I	New.CleanUp.ReferenceOTU462 EUK.Mock.1_1102	31618
H	4934	80	96.2	+	0	0	1591I80M60I	New.CleanUp.ReferenceOTU469 EUK.Mock.1_105634	40794
H	854	80	96.2	+	0	0	1605I80M52I	New.CleanUp.ReferenceOTU469 EUK.Mock.1_105634	10764
H	6170	80	95.0	+	0	0	1436I80M79I	New.CleanUp.ReferenceOTU469 EUK.Mock.1_105634	52258
H	3447	80	95.0	+	0	0	1645I80M76I	New.CleanUp.ReferenceOTU469 EUK.Mock.1_105634	27744
H	10646	80	93.8	+	0	0	1646I80M51I	New.CleanUp.ReferenceOTU469 EUK.Mock.1_105634	91684
H	1045	90	94.4	+	0	0	1533I90M20I	New.CleanUp.ReferenceOTU471 EUK.Mock.1_69196	109115
H	88	90	94.4	+	0	0	1111I90M69I	New.CleanUp.ReferenceOTU471 EUK.Mock.1_69196	10084
H	279	90	93.3	+	0	0	1595I90M32I	New.CleanUp.ReferenceOTU471 EUK.Mock.1_69196	102447
H	882	90	91.1	+	0	0	1628I90M36I	New.CleanUp.ReferenceOTU471 EUK.Mock.1_69196	107888
H	1012	90	91.1	+	0	0	1569I90M36I	New.CleanUp.ReferenceOTU471 EUK.Mock.1_69196	108861
H	4934	90	96.7	+	0	0	1591I90M50I	New.CleanUp.ReferenceOTU473 EUK.Mock.1_68359	40794
H	9284	90	96.7	+	0	0	1663I13MI77M67I	New.CleanUp.ReferenceOTU473 EUK.Mock.1_68359	80038
H	854	90	95.6	+	0	0	1605I90M42I	New.CleanUp.ReferenceOTU473 EUK.Mock.1_68359	10764
H	6170	90	95.6	+	0	0	1436I90M69I	New.CleanUp.ReferenceOTU473 EUK.Mock.1_68359	52258
H	3447	90	94.4	+	0	0	1645I90M66I	New.CleanUp.ReferenceOTU473 EUK.Mock.1_68359	27744
N	*	90	*	*	*	*	*	New.CleanUp.ReferenceOTU479 EUK.Mock.1_85405	*
H	4934	90	94.4	+	0	0	1591I90M50I	New.CleanUp.ReferenceOTU483 EUK.Mock.1_85408	40794
H	854	90	93.3	+	0	0	1605I90M42I	New.CleanUp.ReferenceOTU483 EUK.Mock.1_85408	10764
H	9284	90	94.4	+	0	0	1663I13MI77M67I	New.CleanUp.ReferenceOTU483 EUK.Mock.1_85408	80038
H	6170	90	93.3	+	0	0	1436I90M69I	New.CleanUp.ReferenceOTU483 EUK.Mock.1_85408	52258
H	3447	90	92.2	+	0	0	1645I90M66I	New.CleanUp.ReferenceOTU483 EUK.Mock.1_85408	27744
H	9506	90	91.1	+	0	0	1632I90M75I	New.CleanUp.ReferenceOTU49 EUK.Mock.1_105406	81821
H	11256	90	91.1	+	0	0	1391I90M72I	New.CleanUp.ReferenceOTU49 EUK.Mock.1_105406	97289
H	3447	70	95.7	+	0	0	1645I70M86I	New.CleanUp.ReferenceOTU490 EUK.Mock.1_89899	27744
H	4934	70	95.7	+	0	0	1591I70M70I	New.CleanUp.ReferenceOTU490 EUK.Mock.1_89899	40794
H	6170	70	95.7	+	0	0	1436I70M89I	New.CleanUp.ReferenceOTU490 EUK.Mock.1_89899	52258
H	854	70	95.7	+	0	0	1605I70M62I	New.CleanUp.ReferenceOTU490 EUK.Mock.1_89899	10764
H	3878	70	95.7	+	0	0	1629I50MD19M176I	New.CleanUp.ReferenceOTU490 EUK.Mock.1_89899	31618
H	7688	90	95.6	+	0	0	1582I90M585I	New.CleanUp.ReferenceOTU492 EUK.Mock.1_78054	65995
H	8570	90	95.6	+	0	0	1668I90M70I	New.CleanUp.ReferenceOTU492 EUK.Mock.1_78054	73609
H	564	90	90.0	+	0	0	1679I90M60I	New.CleanUp.ReferenceOTU492 EUK.Mock.1_78054	105083
H	6400	90	86.7	+	0	0	1680I90M68I	New.CleanUp.ReferenceOTU492 EUK.Mock.1_78054	54274
H	9379	90	90.0	+	0	0	1675I90M35I	New.CleanUp.ReferenceOTU492 EUK.Mock.1_78054	80767
H	3171	90	96.7	+	0	0	1626I90M65I	New.CleanUp.ReferenceOTU494 EUK.Mock.1_83408	25160
H	8717	90	92.2	+	0	0	1594I47MI12MI31M67I	New.CleanUp.ReferenceOTU494 EUK.Mock.1_83408	74829
H	7875	90	93.3	+	0	0	1592I45MI19MI26M64I	New.CleanUp.ReferenceOTU494 EUK.Mock.1_83408	67609
H	2726	90	92.2	+	0	0	1589I45MI20MI25M63I	New.CleanUp.ReferenceOTU494 EUK.Mock.1_83408	21485
H	7503	90	90.0	+	0	0	1585I90M64I	New.CleanUp.ReferenceOTU494 EUK.Mock.1_83408	64286
H	7688	90	91.1	+	0	0	1582I90M585I	New.CleanUp.ReferenceOTU497 EUK.Mock.1_16018	65995
H	8570	90	91.1	+	0	0	1668I90M70I	New.CleanUp.ReferenceOTU497 EUK.Mock.1_16018	73609
H	564	90	85.6	+	0	0	1679I90M60I	New.CleanUp.ReferenceOTU497 EUK.Mock.1_16018	105083
H	6400	90	82.2	+	0	0	1680I90M68I	New.CleanUp.ReferenceOTU497 EUK.Mock.1_16018	54274
H	9379	90	85.6	+	0	0	1675I90M35I	New.CleanUp.ReferenceOTU497 EUK.Mock.1_16018	80767
H	4934	90	96.7	+	0	0	1591I90M50I	New.CleanUp.ReferenceOTU498 EUK.Mock.1_13539	40794
H	9284	90	96.7	+	0	0	1663I13MI77M67I	New.CleanUp.ReferenceOTU498 EUK.Mock.1_13539	80038
H	6170	90	95.6	+	0	0	1436I90M69I	New.CleanUp.ReferenceOTU498 EUK.Mock.1_13539	52258
H	854	90	95.6	+	0	0	1605I90M42I	New.CleanUp.ReferenceOTU498 EUK.Mock.1_13539	10764
H	3447	90	94.4	+	0	0	1645I90M66I	New.CleanUp.ReferenceOTU498 EUK.Mock.1_13539	27744
H	5135	90	90.0	+	0	0	1633I90M69I	New.CleanUp.ReferenceOTU499 EUK.Mock.1_5220	4269
H	8635	90	87.8	+	0	0	1644I90M55I	New.CleanUp.ReferenceOTU499 EUK.Mock.1_5220	74171
H	5866	90	87.8	+	0	0	1559I90M55I	New.CleanUp.ReferenceOTU499 EUK.Mock.1_5220	49307
H	5423	90	88.9	+	0	0	1602I90M39I	New.CleanUp.ReferenceOTU499 EUK.Mock.1_5220	45376
L	9428	1664	*	*	*	*	*	81147	*
H	9428	90	81.1	+	0	0	1566I90M8I	New.CleanUp.ReferenceOTU499 EUK.Mock.1_5220	81147
H	4934	82	96.3	+	0	0	1591I82M58I	New.CleanUp.ReferenceOTU50 EUK.Mock.1_72101	40794
H	854	82	96.3	+	0	0	1605I82M50I	New.CleanUp.ReferenceOTU50 EUK.Mock.1_72101	10764
H	10646	82	93.9	+	0	0	1646I82M49I	New.CleanUp.ReferenceOTU50 EUK.Mock.1_72101	91684
H	6170	82	95.1	+	0	0	1436I82M77I	New.CleanUp.ReferenceOTU50 EUK.Mock.1_72101	52258
H	3447	82	95.1	+	0	0	1645I82M74I	New.CleanUp.ReferenceOTU50 EUK.Mock.1_72101	27744
H	3034	90	95.6	+	0	0	1646I90M66I	New.CleanUp.ReferenceOTU504 EUK.Mock.1_65665	24055
H	4038	90	93.3	+	0	0	1617I90M34I	New.CleanUp.ReferenceOTU504 EUK.Mock.1_65665	3287
H	4634	90	94.4	+	0	0	1598I90M51I	New.CleanUp.ReferenceOTU504 EUK.Mock.1_65665	38113
H	7185	90	93.3	+	0	0	1649I90M69I	New.CleanUp.ReferenceOTU504 EUK.Mock.1_65665	61571
H	7123	90	94.4	+	0	0	1549I90M12I	New.CleanUp.ReferenceOTU504 EUK.Mock.1_65665	61087
H	7123	90	95.6	+	0	0	1549I90M12I	New.CleanUp.ReferenceOTU507 EUK.Mock.1_76860	61087
H	4634	90	95.6	+	0	0	1598I90M51I	New.CleanUp.ReferenceOTU507 EUK.Mock.1_76860	38113
H	3034	90	94.4	+	0	0	1646I90M66I	New.CleanUp.ReferenceOTU507 EUK.Mock.1_76860	24055
H	7185	90	94.4	+	0	0	1649I90M69I	New.CleanUp.ReferenceOTU507 EUK.Mock.1_76860	61571
H	3242	90	94.4	+	0	0	1639I90M133I	New.CleanUp.ReferenceOTU507 EUK.Mock.1_76860	25771
N	*	90	*	*	*	*	*	New.CleanUp.ReferenceOTU51 EUK.Mock.1_72361	*
H	854	73	95.9	+	0	0	1605I73M59I	New.CleanUp.ReferenceOTU510 EUK.Mock.1_108025	10764
H	3447	73	95.9	+	0	0	1645I73M83I	New.CleanUp.ReferenceOTU510 EUK.Mock.1_108025	27744
H	4934	73	95.9	+	0	0	1591I73M67I	New.CleanUp.ReferenceOTU510 EUK.Mock.1_108025	40794
H	6170	73	95.9	+	0	0	1436I73M86I	New.CleanUp.ReferenceOTU510 EUK.Mock.1_108025	52258
H	10646	73	94.5	+	0	0	1646I73M58I	New.CleanUp.ReferenceOTU510 EUK.Mock.1_108025	91684
H	2803	85	91.8	+	0	0	1562I85M39I	New.CleanUp.ReferenceOTU513 EUK.Mock.1_92828	22189
H	623	85	91.8	+	0	0	1499I85M14I	New.CleanUp.ReferenceOTU513 EUK.Mock.1_92828	105574
L	9546	1777	*	*	*	*	*	82078	*
H	9546	85	90.6	+	0	0	1629I59MD25M64I	New.CleanUp.ReferenceOTU513 EUK.Mock.1_92828	82078
H	7090	85	92.9	+	0	0	1644I85M71I	New.CleanUp.ReferenceOTU513 EUK.Mock.1_92828	60815
H	3439	85	91.8	+	0	0	1600I85M60I	New.CleanUp.ReferenceOTU513 EUK.Mock.1_92828	27643
H	8570	90	96.7	+	0	0	1668I90M70I	New.CleanUp.ReferenceOTU516 EUK.Mock.1_104345	73609
H	7688	90	96.7	+	0	0	1582I90M585I	New.CleanUp.ReferenceOTU516 EUK.Mock.1_104345	65995
H	564	90	91.1	+	0	0	1679I90M60I	New.CleanUp.ReferenceOTU516 EUK.Mock.1_104345	105083
H	6400	90	86.7	+	0	0	1680I90M68I	New.CleanUp.ReferenceOTU516 EUK.Mock.1_104345	54274
H	4314	90	86.7	+	0	0	1647I90M41I	New.CleanUp.ReferenceOTU516 EUK.Mock.1_104345	354
H	6170	76	94.7	+	0	0	1436I76M83I	New.CleanUp.ReferenceOTU517 EUK.Mock.1_104344	52258
H	4934	76	94.7	+	0	0	1591I76M64I	New.CleanUp.ReferenceOTU517 EUK.Mock.1_104344	40794
H	3447	76	94.7	+	0	0	1645I76M80I	New.CleanUp.ReferenceOTU517 EUK.Mock.1_104344	27744
H	854	76	94.7	+	0	0	1605I76M56I	New.CleanUp.ReferenceOTU517 EUK.Mock.1_104344	10764
H	3878	76	93.4	+	0	0	1629I56MD19M170I	New.CleanUp.ReferenceOTU517 EUK.Mock.1_104344	31618
H	4934	90	95.6	+	0	0	1591I90M50I	New.CleanUp.ReferenceOTU518 EUK.Mock.1_105522	40794
H	9284	90	95.6	+	0	0	1663I13MI77M67I	New.CleanUp.ReferenceOTU518 EUK.Mock.1_105522	80038
H	6170	90	94.4	+	0	0	1436I90M69I	New.CleanUp.ReferenceOTU518 EUK.Mock.1_105522	52258
H	854	90	94.4	+	0	0	1605I90M42I	New.CleanUp.ReferenceOTU518 EUK.Mock.1_105522	10764
H	3447	90	93.3	+	0	0	1645I90M66I	New.CleanUp.ReferenceOTU518 EUK.Mock.1_105522	27744
H	3034	90	94.4	+	0	0	1646I90M66I	New.CleanUp.ReferenceOTU527 EUK.Mock.1_105967	24055
H	7123	90	95.6	+	0	0	1549I90M12I	New.CleanUp.ReferenceOTU527 EUK.Mock.1_105967	61087
H	4634	90	95.6	+	0	0	1598I90M51I	New.CleanUp.ReferenceOTU527 EUK.Mock.1_105967	38113
H	7185	90	94.4	+	0	0	1649I90M69I	New.CleanUp.ReferenceOTU527 EUK.Mock.1_105967	61571
H	4038	90	92.2	+	0	0	1617I90M34I	New.CleanUp.ReferenceOTU527 EUK.Mock.1_105967	3287
H	7760	90	96.7	+	0	0	1279I90M35I	New.CleanUp.ReferenceOTU534 EUK.Mock.1_105965	66673
H	4863	90	96.7	+	0	0	1251I90M35I	New.CleanUp.ReferenceOTU534 EUK.Mock.1_105965	40103
H	3103	90	95.6	+	0	0	1290I90M34I	New.CleanUp.ReferenceOTU534 EUK.Mock.1_105965	2467
H	10834	90	87.8	+	0	0	1683I90M70I	New.CleanUp.ReferenceOTU534 EUK.Mock.1_105965	93246
H	9368	90	73.3	+	0	0	1629I67MD22M57I	New.CleanUp.ReferenceOTU534 EUK.Mock.1_105965	80689
H	4934	90	96.7	+	0	0	1591I90M50I	New.CleanUp.ReferenceOTU536 EUK.Mock.1_71074	40794
H	9284	90	96.7	+	0	0	1663I13MI77M67I	New.CleanUp.ReferenceOTU536 EUK.Mock.1_71074	80038
H	854	90	95.6	+	0	0	1605I90M42I	New.CleanUp.ReferenceOTU536 EUK.Mock.1_71074	10764
H	6170	90	95.6	+	0	0	1436I90M69I	New.CleanUp.ReferenceOTU536 EUK.Mock.1_71074	52258
H	3447	90	94.4	+	0	0	1645I90M66I	New.CleanUp.ReferenceOTU536 EUK.Mock.1_71074	27744
H	9506	90	95.6	+	0	0	1632I90M75I	New.CleanUp.ReferenceOTU539 EUK.Mock.1_53843	81821
H	11256	90	95.6	+	0	0	1391I90M72I	New.CleanUp.ReferenceOTU539 EUK.Mock.1_53843	97289
H	5603	90	74.4	+	0	0	1633I38M2D21MD28M58I	New.CleanUp.ReferenceOTU539 EUK.Mock.1_53843	46764
H	1881	90	76.7	+	0	0	1656I38M2D29MD20M57I	New.CleanUp.ReferenceOTU539 EUK.Mock.1_53843	13813
H	3246	90	70.0	+	0	0	1606I46M5I22M2I22M743I	New.CleanUp.ReferenceOTU539 EUK.Mock.1_53843	25807
H	4934	90	95.6	+	0	0	1591I90M50I	New.CleanUp.ReferenceOTU54 EUK.Mock.1_22336	40794
H	3447	90	95.6	+	0	0	1645I90M66I	New.CleanUp.ReferenceOTU54 EUK.Mock.1_22336	27744
H	854	90	94.4	+	0	0	1605I90M42I	New.CleanUp.ReferenceOTU54 EUK.Mock.1_22336	10764
H	9284	90	95.6	+	0	0	1663I13MI77M67I	New.CleanUp.ReferenceOTU54 EUK.Mock.1_22336	80038
H	6170	90	94.4	+	0	0	1436I90M69I	New.CleanUp.ReferenceOTU54 EUK.Mock.1_22336	52258
H	854	80	96.2	+	0	0	1605I80M52I	New.CleanUp.ReferenceOTU543 EUK.Mock.1_24921	10764
H	4934	80	96.2	+	0	0	1591I80M60I	New.CleanUp.ReferenceOTU543 EUK.Mock.1_24921	40794
H	6170	80	95.0	+	0	0	1436I80M79I	New.CleanUp.ReferenceOTU543 EUK.Mock.1_24921	52258
H	3447	80	95.0	+	0	0	1645I80M76I	New.CleanUp.ReferenceOTU543 EUK.Mock.1_24921	27744
H	3878	80	92.5	+	0	0	1629I50MD29M166I	New.CleanUp.ReferenceOTU543 EUK.Mock.1_24921	31618
H	2499	90	87.8	+	0	0	1638I90M63I	New.CleanUp.ReferenceOTU556 EUK.Mock.1_99772	19455
H	9735	90	75.6	+	0	0	1642I90M64I	New.CleanUp.ReferenceOTU556 EUK.Mock.1_99772	83620
H	11182	90	88.9	+	0	0	1644I90M69I	New.CleanUp.ReferenceOTU556 EUK.Mock.1_99772	96648
H	11143	90	84.4	+	0	0	1591I90M65I	New.CleanUp.ReferenceOTU556 EUK.Mock.1_99772	96234
H	3680	90	81.1	+	0	0	1565I90M56I	New.CleanUp.ReferenceOTU556 EUK.Mock.1_99772	29971
H	11182	90	88.9	+	0	0	1644I90M69I	New.CleanUp.ReferenceOTU559 EUK.Mock.1_1480	96648
H	1905	90	90.0	+	0	0	1590I58MD31M336I	New.CleanUp.ReferenceOTU559 EUK.Mock.1_1480	14030
H	2499	90	87.8	+	0	0	1638I90M63I	New.CleanUp.ReferenceOTU559 EUK.Mock.1_1480	19455
H	9735	90	75.6	+	0	0	1642I90M64I	New.CleanUp.ReferenceOTU559 EUK.Mock.1_1480	83620
H	11143	90	83.3	+	0	0	1591I90M65I	New.CleanUp.ReferenceOTU559 EUK.Mock.1_1480	96234
H	7688	90	94.4	+	0	0	1582I90M585I	New.CleanUp.ReferenceOTU56 EUK.Mock.1_72586	65995
H	8570	90	94.4	+	0	0	1668I90M70I	New.CleanUp.ReferenceOTU56 EUK.Mock.1_72586	73609
H	9760	90	85.6	+	0	0	1657I85M5D	New.CleanUp.ReferenceOTU56 EUK.Mock.1_72586	8379
H	4314	90	84.4	+	0	0	1647I90M41I	New.CleanUp.ReferenceOTU56 EUK.Mock.1_72586	354
H	564	90	88.9	+	0	0	1679I90M60I	New.CleanUp.ReferenceOTU56 EUK.Mock.1_72586	105083
H	8570	90	95.6	+	0	0	1668I90M70I	New.CleanUp.ReferenceOTU564 EUK.Mock.1_17521	73609
H	7688	90	95.6	+	0	0	1582I90M585I	New.CleanUp.ReferenceOTU564 EUK.Mock.1_17521	65995
H	564	90	90.0	+	0	0	1679I90M60I	New.CleanUp.ReferenceOTU564 EUK.Mock.1_17521	105083
H	6400	90	86.7	+	0	0	1680I90M68I	New.CleanUp.ReferenceOTU564 EUK.Mock.1_17521	54274
H	9379	90	90.0	+	0	0	1675I90M35I	New.CleanUp.ReferenceOTU564 EUK.Mock.1_17521	80767
H	4934	85	96.5	+	0	0	1591I85M55I	New.CleanUp.ReferenceOTU565 EUK.Mock.1_96659	40794
H	854	85	95.3	+	0	0	1605I85M47I	New.CleanUp.ReferenceOTU565 EUK.Mock.1_96659	10764
H	6170	85	95.3	+	0	0	1436I85M74I	New.CleanUp.ReferenceOTU565 EUK.Mock.1_96659	52258
H	3447	85	94.1	+	0	0	1645I85M71I	New.CleanUp.ReferenceOTU565 EUK.Mock.1_96659	27744
H	9284	85	96.5	+	0	0	1663I13MI72M72I	New.CleanUp.ReferenceOTU565 EUK.Mock.1_96659	80038
H	3034	90	94.4	+	0	0	1646I90M66I	New.CleanUp.ReferenceOTU567 EUK.Mock.1_15417	24055
H	4038	90	92.2	+	0	0	1617I90M34I	New.CleanUp.ReferenceOTU567 EUK.Mock.1_15417	3287
H	7123	90	95.6	+	0	0	1549I90M12I	New.CleanUp.ReferenceOTU567 EUK.Mock.1_15417	61087
H	4634	90	95.6	+	0	0	1598I90M51I	New.CleanUp.ReferenceOTU567 EUK.Mock.1_15417	38113
H	7185	90	94.4	+	0	0	1649I90M69I	New.CleanUp.ReferenceOTU567 EUK.Mock.1_15417	61571
H	7760	90	96.7	+	0	0	1279I90M35I	New.CleanUp.ReferenceOTU572 EUK.Mock.1_19563	66673
H	4863	90	96.7	+	0	0	1251I90M35I	New.CleanUp.ReferenceOTU572 EUK.Mock.1_19563	40103
H	3103	90	95.6	+	0	0	1290I90M34I	New.CleanUp.ReferenceOTU572 EUK.Mock.1_19563	2467
H	10834	90	88.9	+	0	0	1683I90M70I	New.CleanUp.ReferenceOTU572 EUK.Mock.1_19563	93246
L	1668	1782	*	*	*	*	*	11973	*
H	1668	90	76.7	+	0	0	1626I62MD27M67I	New.CleanUp.ReferenceOTU572 EUK.Mock.1_19563	11973
H	4634	90	95.6	+	0	0	1598I90M51I	New.CleanUp.ReferenceOTU573 EUK.Mock.1_8318	38113
H	7123	90	95.6	+	0	0	1549I90M12I	New.CleanUp.ReferenceOTU573 EUK.Mock.1_8318	61087
H	3034	90	94.4	+	0	0	1646I90M66I	New.CleanUp.ReferenceOTU573 EUK.Mock.1_8318	24055
H	4038	90	92.2	+	0	0	1617I90M34I	New.CleanUp.ReferenceOTU573 EUK.Mock.1_8318	3287
H	7185	90	94.4	+	0	0	1649I90M69I	New.CleanUp.ReferenceOTU573 EUK.Mock.1_8318	61571
H	5135	90	92.2	+	0	0	1633I90M69I	New.CleanUp.ReferenceOTU574 EUK.Mock.1_70454	4269
H	5866	90	90.0	+	0	0	1559I90M55I	New.CleanUp.ReferenceOTU574 EUK.Mock.1_70454	49307
H	8924	90	91.1	+	0	0	1580I90M50I	New.CleanUp.ReferenceOTU574 EUK.Mock.1_70454	76542
H	8635	90	90.0	+	0	0	1644I90M55I	New.CleanUp.ReferenceOTU574 EUK.Mock.1_70454	74171
H	5437	90	87.8	+	0	0	1634I90M56I	New.CleanUp.ReferenceOTU574 EUK.Mock.1_70454	45474
H	854	90	97.8	+	0	0	1605I90M42I	New.CleanUp.ReferenceOTU58 EUK.Mock.1_39405	10764
H	4934	90	96.7	+	0	0	1591I90M50I	New.CleanUp.ReferenceOTU58 EUK.Mock.1_39405	40794
H	3447	90	94.4	+	0	0	1645I90M66I	New.CleanUp.ReferenceOTU58 EUK.Mock.1_39405	27744
H	6170	90	95.6	+	0	0	1436I90M69I	New.CleanUp.ReferenceOTU58 EUK.Mock.1_39405	52258
H	9284	90	96.7	+	0	0	1663I13MI77M67I	New.CleanUp.ReferenceOTU58 EUK.Mock.1_39405	80038
N	*	90	*	*	*	*	*	New.CleanUp.ReferenceOTU585 EUK.Mock.1_87363	*
H	3439	90	93.3	+	0	0	1600I90M55I	New.CleanUp.ReferenceOTU586 EUK.Mock.1_91745	27643
H	88	90	95.6	+	0	0	1111I90M69I	New.CleanUp.ReferenceOTU586 EUK.Mock.1_91745	10084
H	1012	90	92.2	+	0	0	1569I90M36I	New.CleanUp.ReferenceOTU586 EUK.Mock.1_91745	108861
H	4441	90	94.4	+	0	0	1641I90M66I	New.CleanUp.ReferenceOTU586 EUK.Mock.1_91745	36554
H	279	90	94.4	+	0	0	1595I90M32I	New.CleanUp.ReferenceOTU586 EUK.Mock.1_91745	102447
H	8570	90	95.6	+	0	0	1668I90M70I	New.CleanUp.ReferenceOTU59 EUK.Mock.1_89687	73609
H	7688	90	95.6	+	0	0	1582I90M585I	New.CleanUp.ReferenceOTU59 EUK.Mock.1_89687	65995
H	9760	90	86.7	+	0	0	1657I85M5D	New.CleanUp.ReferenceOTU59 EUK.Mock.1_89687	8379
H	564	90	90.0	+	0	0	1679I90M60I	New.CleanUp.ReferenceOTU59 EUK.Mock.1_89687	105083
H	9379	90	90.0	+	0	0	1675I90M35I	New.CleanUp.ReferenceOTU59 EUK.Mock.1_89687	80767
H	88	90	96.7	+	0	0	1111I90M69I	New.CleanUp.ReferenceOTU592 EUK.Mock.1_72785	10084
H	279	90	95.6	+	0	0	1595I90M32I	New.CleanUp.ReferenceOTU592 EUK.Mock.1_72785	102447
H	5819	90	92.2	+	0	0	1621I90M626I	New.CleanUp.ReferenceOTU592 EUK.Mock.1_72785	48700
H	6416	90	92.2	+	0	0	1605I90M66I	New.CleanUp.ReferenceOTU592 EUK.Mock.1_72785	54421
H	1045	90	94.4	+	0	0	1533I90M20I	New.CleanUp.ReferenceOTU592 EUK.Mock.1_72785	109115
H	4934	90	95.6	+	0	0	1591I90M50I	New.CleanUp.ReferenceOTU593 EUK.Mock.1_3510	40794
H	9284	90	95.6	+	0	0	1663I13MI77M67I	New.CleanUp.ReferenceOTU593 EUK.Mock.1_3510	80038
H	854	90	94.4	+	0	0	1605I90M42I	New.CleanUp.ReferenceOTU593 EUK.Mock.1_3510	10764
H	6170	90	94.4	+	0	0	1436I90M69I	New.CleanUp.ReferenceOTU593 EUK.Mock.1_3510	52258
H	3447	90	93.3	+	0	0	1645I90M66I	New.CleanUp.ReferenceOTU593 EUK.Mock.1_3510	27744
N	*	90	*	*	*	*	*	New.CleanUp.ReferenceOTU594 EUK.Mock.1_80905	*
H	88	90	95.6	+	0	0	1111I90M69I	New.CleanUp.ReferenceOTU598 EUK.Mock.1_10360	10084
H	882	90	92.2	+	0	0	1628I90M36I	New.CleanUp.ReferenceOTU598 EUK.Mock.1_10360	107888
H	1012	90	92.2	+	0	0	1569I90M36I	New.CleanUp.ReferenceOTU598 EUK.Mock.1_10360	108861
H	1782	90	92.2	+	0	0	1614I90M49I	New.CleanUp.ReferenceOTU598 EUK.Mock.1_10360	12935
H	10814	90	93.3	+	0	0	1605I90M38I	New.CleanUp.ReferenceOTU598 EUK.Mock.1_10360	93107
H	7688	90	96.7	+	0	0	1582I90M585I	New.CleanUp.ReferenceOTU599 EUK.Mock.1_97636	65995
H	8570	90	96.7	+	0	0	1668I90M70I	New.CleanUp.ReferenceOTU599 EUK.Mock.1_97636	73609
H	564	90	92.2	+	0	0	1679I90M60I	New.CleanUp.ReferenceOTU599 EUK.Mock.1_97636	105083
H	9379	90	92.2	+	0	0	1675I90M35I	New.CleanUp.ReferenceOTU599 EUK.Mock.1_97636	80767
H	4314	90	88.9	+	0	0	1647I90M41I	New.CleanUp.ReferenceOTU599 EUK.Mock.1_97636	354
H	4934	90	96.7	+	0	0	1591I90M50I	New.CleanUp.ReferenceOTU6 EUK.Mock.1_70613	40794
H	9284	90	96.7	+	0	0	1663I13MI77M67I	New.CleanUp.ReferenceOTU6 EUK.Mock.1_70613	80038
H	6170	90	95.6	+	0	0	1436I90M69I	New.CleanUp.ReferenceOTU6 EUK.Mock.1_70613	52258
H	3447	90	94.4	+	0	0	1645I90M66I	New.CleanUp.ReferenceOTU6 EUK.Mock.1_70613	27744
H	854	90	95.6	+	0	0	1605I90M42I	New.CleanUp.ReferenceOTU6 EUK.Mock.1_70613	10764
H	4934	90	96.7	+	0	0	1591I90M50I	New.CleanUp.ReferenceOTU601 EUK.Mock.1_58001	40794
H	9284	90	96.7	+	0	0	1663I13MI77M67I	New.CleanUp.ReferenceOTU601 EUK.Mock.1_58001	80038
H	854	90	95.6	+	0	0	1605I90M42I	New.CleanUp.ReferenceOTU601 EUK.Mock.1_58001	10764
H	6170	90	95.6	+	0	0	1436I90M69I	New.CleanUp.ReferenceOTU601 EUK.Mock.1_58001	52258
H	3447	90	94.4	+	0	0	1645I90M66I	New.CleanUp.ReferenceOTU601 EUK.Mock.1_58001	27744
H	4934	90	96.7	+	0	0	1591I90M50I	New.CleanUp.ReferenceOTU604 EUK.Mock.1_58009	40794
H	6170	90	95.6	+	0	0	1436I90M69I	New.CleanUp.ReferenceOTU604 EUK.Mock.1_58009	52258
H	3447	90	94.4	+	0	0	1645I90M66I	New.CleanUp.ReferenceOTU604 EUK.Mock.1_58009	27744
H	854	90	95.6	+	0	0	1605I90M42I	New.CleanUp.ReferenceOTU604 EUK.Mock.1_58009	10764
H	9284	90	96.7	+	0	0	1663I13MI77M67I	New.CleanUp.ReferenceOTU604 EUK.Mock.1_58009	80038
H	8570	83	95.2	+	0	0	1668I83M77I	New.CleanUp.ReferenceOTU614 EUK.Mock.1_34295	73609
H	7688	83	95.2	+	0	0	1582I83M592I	New.CleanUp.ReferenceOTU614 EUK.Mock.1_34295	65995
H	564	83	89.2	+	0	0	1679I83M67I	New.CleanUp.ReferenceOTU614 EUK.Mock.1_34295	105083
H	6400	83	85.5	+	0	0	1680I83M75I	New.CleanUp.ReferenceOTU614 EUK.Mock.1_34295	54274
H	9379	83	89.2	+	0	0	1675I83M42I	New.CleanUp.ReferenceOTU614 EUK.Mock.1_34295	80767
H	9506	90	95.6	+	0	0	1632I90M75I	New.CleanUp.ReferenceOTU616 EUK.Mock.1_80265	81821
H	11256	90	95.6	+	0	0	1391I90M72I	New.CleanUp.ReferenceOTU616 EUK.Mock.1_80265	97289
H	5097	90	70.0	+	0	0	1633I37M2D30MD20M46I	New.CleanUp.ReferenceOTU616 EUK.Mock.1_80265	42222
H	4546	90	70.0	+	0	0	1078I37M2D30MD20M56I	New.CleanUp.ReferenceOTU616 EUK.Mock.1_80265	37371
H	5603	90	72.2	+	0	0	1633I37M2D22MD28M58I	New.CleanUp.ReferenceOTU616 EUK.Mock.1_80265	46764
H	7688	86	96.5	+	0	0	1582I86M589I	New.CleanUp.ReferenceOTU618 EUK.Mock.1_105991	65995
H	8570	86	96.5	+	0	0	1668I86M74I	New.CleanUp.ReferenceOTU618 EUK.Mock.1_105991	73609
H	564	86	90.7	+	0	0	1679I86M64I	New.CleanUp.ReferenceOTU618 EUK.Mock.1_105991	105083
H	9760	86	90.7	+	0	0	1657I85MD	New.CleanUp.ReferenceOTU618 EUK.Mock.1_105991	8379
H	9379	86	90.7	+	0	0	1675I86M39I	New.CleanUp.ReferenceOTU618 EUK.Mock.1_105991	80767
H	7688	90	93.3	+	0	0	1582I90M585I	New.CleanUp.ReferenceOTU623 EUK.Mock.1_30891	65995
H	8570	90	93.3	+	0	0	1668I90M70I	New.CleanUp.ReferenceOTU623 EUK.Mock.1_30891	73609
H	564	90	87.8	+	0	0	1679I90M60I	New.CleanUp.ReferenceOTU623 EUK.Mock.1_30891	105083
H	6400	90	83.3	+	0	0	1680I90M68I	New.CleanUp.ReferenceOTU623 EUK.Mock.1_30891	54274
H	9379	90	87.8	+	0	0	1675I90M35I	New.CleanUp.ReferenceOTU623 EUK.Mock.1_30891	80767
H	4934	90	96.7	+	0	0	1591I90M50I	New.CleanUp.ReferenceOTU624 EUK.Mock.1_58483	40794
H	9284	90	96.7	+	0	0	1663I13MI77M67I	New.CleanUp.ReferenceOTU624 EUK.Mock.1_58483	80038
H	854	90	95.6	+	0	0	1605I90M42I	New.CleanUp.ReferenceOTU624 EUK.Mock.1_58483	10764
H	6170	90	95.6	+	0	0	1436I90M69I	New.CleanUp.ReferenceOTU624 EUK.Mock.1_58483	52258
H	3447	90	94.4	+	0	0	1645I90M66I	New.CleanUp.ReferenceOTU624 EUK.Mock.1_58483	27744
H	4934	90	96.7	+	0	0	1591I90M50I	New.CleanUp.ReferenceOTU631 EUK.Mock.1_33786	40794
H	6170	90	95.6	+	0	0	1436I90M69I	New.CleanUp.ReferenceOTU631 EUK.Mock.1_33786	52258
H	9284	90	96.7	+	0	0	1663I13MI77M67I	New.CleanUp.ReferenceOTU631 EUK.Mock.1_33786	80038
H	854	90	95.6	+	0	0	1605I90M42I	New.CleanUp.ReferenceOTU631 EUK.Mock.1_33786	10764
H	3447	90	94.4	+	0	0	1645I90M66I	New.CleanUp.ReferenceOTU631 EUK.Mock.1_33786	27744
N	*	90	*	*	*	*	*	New.CleanUp.ReferenceOTU633 EUK.Mock.1_70671	*
H	7760	90	96.7	+	0	0	1279I90M35I	New.CleanUp.ReferenceOTU639 EUK.Mock.1_74628	66673
H	4863	90	96.7	+	0	0	1251I90M35I	New.CleanUp.ReferenceOTU639 EUK.Mock.1_74628	40103
H	3103	90	95.6	+	0	0	1290I90M34I	New.CleanUp.ReferenceOTU639 EUK.Mock.1_74628	2467
H	10834	90	87.8	+	0	0	1683I90M70I	New.CleanUp.ReferenceOTU639 EUK.Mock.1_74628	93246
H	6656	90	81.1	+	0	0	1628I33MD33MD22M66I	New.CleanUp.ReferenceOTU639 EUK.Mock.1_74628	56653
H	7688	69	95.7	+	0	0	1582I69M606I	New.CleanUp.ReferenceOTU644 EUK.Mock.1_99828	65995
H	8570	69	95.7	+	0	0	1668I69M91I	New.CleanUp.ReferenceOTU644 EUK.Mock.1_99828	73609
H	9760	69	92.8	+	0	0	1657I69M16I	New.CleanUp.ReferenceOTU644 EUK.Mock.1_99828	8379
H	564	69	88.4	+	0	0	1679I69M81I	New.CleanUp.ReferenceOTU644 EUK.Mock.1_99828	105083
H	4314	69	82.6	+	0	0	1647I69M62I	New.CleanUp.ReferenceOTU644 EUK.Mock.1_99828	354
H	4863	69	95.7	+	0	0	1251I69M56I	New.CleanUp.ReferenceOTU647 EUK.Mock.1_107115	40103
H	7760	69	95.7	+	0	0	1279I69M56I	New.CleanUp.ReferenceOTU647 EUK.Mock.1_107115	66673
H	3103	69	94.2	+	0	0	1290I69M55I	New.CleanUp.ReferenceOTU647 EUK.Mock.1_107115	2467
L	8731	1416	*	*	*	*	*	74924	*
H	8731	69	88.4	+	0	0	1300I69M47I	New.CleanUp.ReferenceOTU647 EUK.Mock.1_107115	74924
H	10834	69	87.0	+	0	0	1683I69M91I	New.CleanUp.ReferenceOTU647 EUK.Mock.1_107115	93246
H	4634	90	95.6	+	0	0	1598I90M51I	New.CleanUp.ReferenceOTU651 EUK.Mock.1_86214	38113
H	7123	90	95.6	+	0	0	1549I90M12I	New.CleanUp.ReferenceOTU651 EUK.Mock.1_86214	61087
H	3034	90	94.4	+	0	0	1646I90M66I	New.CleanUp.ReferenceOTU651 EUK.Mock.1_86214	24055
H	7185	90	94.4	+	0	0	1649I90M69I	New.CleanUp.ReferenceOTU651 EUK.Mock.1_86214	61571
H	9246	90	94.4	+	0	0	1549I90M12I	New.CleanUp.ReferenceOTU651 EUK.Mock.1_86214	79610
N	*	90	*	*	*	*	*	New.CleanUp.ReferenceOTU654 EUK.Mock.1_74323	*
H	8570	90	95.6	+	0	0	1668I90M70I	New.CleanUp.ReferenceOTU656 EUK.Mock.1_94883	73609
H	7688	90	95.6	+	0	0	1582I90M585I	New.CleanUp.ReferenceOTU656 EUK.Mock.1_94883	65995
H	564	90	90.0	+	0	0	1679I90M60I	New.CleanUp.ReferenceOTU656 EUK.Mock.1_94883	105083
H	6400	90	86.7	+	0	0	1680I90M68I	New.CleanUp.ReferenceOTU656 EUK.Mock.1_94883	54274
H	9379	90	90.0	+	0	0	1675I90M35I	New.CleanUp.ReferenceOTU656 EUK.Mock.1_94883	80767
N	*	90	*	*	*	*	*	New.CleanUp.ReferenceOTU661 EUK.Mock.1_99810	*
N	*	90	*	*	*	*	*	New.CleanUp.ReferenceOTU663 EUK.Mock.1_27749	*
H	7760	90	93.3	+	0	0	1279I90M35I	New.CleanUp.ReferenceOTU664 EUK.Mock.1_71652	66673
H	4863	90	93.3	+	0	0	1251I90M35I	New.CleanUp.ReferenceOTU664 EUK.Mock.1_71652	40103
H	3103	90	92.2	+	0	0	1290I90M34I	New.CleanUp.ReferenceOTU664 EUK.Mock.1_71652	2467
H	6736	90	77.8	+	0	0	1644I42M4D20M3I24M50I	New.CleanUp.ReferenceOTU664 EUK.Mock.1_71652	57479
L	10812	1674	*	*	*	*	*	93099	*
H	10812	90	73.3	+	0	0	1562I65MD24M23I	New.CleanUp.ReferenceOTU664 EUK.Mock.1_71652	93099
H	854	82	96.3	+	0	0	1605I82M50I	New.CleanUp.ReferenceOTU670 EUK.Mock.1_23537	10764
H	4934	82	96.3	+	0	0	1591I82M58I	New.CleanUp.ReferenceOTU670 EUK.Mock.1_23537	40794
H	6170	82	95.1	+	0	0	1436I82M77I	New.CleanUp.ReferenceOTU670 EUK.Mock.1_23537	52258
H	3447	82	95.1	+	0	0	1645I82M74I	New.CleanUp.ReferenceOTU670 EUK.Mock.1_23537	27744
H	9284	82	96.3	+	0	0	1663I13MI69M75I	New.CleanUp.ReferenceOTU670 EUK.Mock.1_23537	80038
H	4934	90	96.7	+	0	0	1591I90M50I	New.CleanUp.ReferenceOTU672 EUK.Mock.1_73434	40794
H	6170	90	95.6	+	0	0	1436I90M69I	New.CleanUp.ReferenceOTU672 EUK.Mock.1_73434	52258
H	854	90	95.6	+	0	0	1605I90M42I	New.CleanUp.ReferenceOTU672 EUK.Mock.1_73434	10764
H	3447	90	94.4	+	0	0	1645I90M66I	New.CleanUp.ReferenceOTU672 EUK.Mock.1_73434	27744
H	10646	90	93.3	+	0	0	1646I90M41I	New.CleanUp.ReferenceOTU672 EUK.Mock.1_73434	91684
H	4934	90	96.7	+	0	0	1591I90M50I	New.CleanUp.ReferenceOTU675 EUK.Mock.1_59755	40794
H	9284	90	96.7	+	0	0	1663I13MI77M67I	New.CleanUp.ReferenceOTU675 EUK.Mock.1_59755	80038
H	6170	90	95.6	+	0	0	1436I90M69I	New.CleanUp.ReferenceOTU675 EUK.Mock.1_59755	52258
H	854	90	95.6	+	0	0	1605I90M42I	New.CleanUp.ReferenceOTU675 EUK.Mock.1_59755	10764
H	3447	90	94.4	+	0	0	1645I90M66I	New.CleanUp.ReferenceOTU675 EUK.Mock.1_59755	27744
H	9506	90	94.4	+	0	0	1632I90M75I	New.CleanUp.ReferenceOTU680 EUK.Mock.1_67905	81821
H	11256	90	94.4	+	0	0	1391I90M72I	New.CleanUp.ReferenceOTU680 EUK.Mock.1_67905	97289
H	6297	90	70.0	+	0	0	1644I49M5D18M2I18M118I	New.CleanUp.ReferenceOTU680 EUK.Mock.1_67905	53327
H	5603	90	74.4	+	0	0	1633I38M2D21MD28M58I	New.CleanUp.ReferenceOTU680 EUK.Mock.1_67905	46764
H	3106	90	71.1	+	0	0	1701I46M5D8M2I31M57I	New.CleanUp.ReferenceOTU680 EUK.Mock.1_67905	24682
N	*	90	*	*	*	*	*	New.CleanUp.ReferenceOTU681 EUK.Mock.1_42914	*
H	662	90	86.7	+	0	0	1604I90M10I	New.CleanUp.ReferenceOTU682 EUK.Mock.1_103359	105915
H	11182	90	87.8	+	0	0	1644I90M69I	New.CleanUp.ReferenceOTU682 EUK.Mock.1_103359	96648
H	1905	90	88.9	+	0	0	1590I57MD32M336I	New.CleanUp.ReferenceOTU682 EUK.Mock.1_103359	14030
H	9735	90	74.4	+	0	0	1642I90M64I	New.CleanUp.ReferenceOTU682 EUK.Mock.1_103359	83620
L	2737	1738	*	*	*	*	*	21634	*
H	2737	90	77.8	+	0	0	1606I90M42I	New.CleanUp.ReferenceOTU682 EUK.Mock.1_103359	21634
H	4197	90	96.7	+	0	0	1637I90M64I	New.CleanUp.ReferenceOTU687 EUK.Mock.1_69360	34288
H	88	90	95.6	+	0	0	1111I90M69I	New.CleanUp.ReferenceOTU687 EUK.Mock.1_69360	10084
H	1012	90	92.2	+	0	0	1569I90M36I	New.CleanUp.ReferenceOTU687 EUK.Mock.1_69360	108861
H	818	90	93.3	+	0	0	1947I87M3D	New.CleanUp.ReferenceOTU687 EUK.Mock.1_69360	107387
H	882	90	92.2	+	0	0	1628I90M36I	New.CleanUp.ReferenceOTU687 EUK.Mock.1_69360	107888
H	7688	90	96.7	+	0	0	1582I90M585I	New.CleanUp.ReferenceOTU69 EUK.Mock.1_11723	65995
H	8570	90	96.7	+	0	0	1668I90M70I	New.CleanUp.ReferenceOTU69 EUK.Mock.1_11723	73609
H	564	90	91.1	+	0	0	1679I90M60I	New.CleanUp.ReferenceOTU69 EUK.Mock.1_11723	105083
H	6400	90	86.7	+	0	0	1680I90M68I	New.CleanUp.ReferenceOTU69 EUK.Mock.1_11723	54274
H	9379	90	91.1	+	0	0	1675I90M35I	New.CleanUp.ReferenceOTU69 EUK.Mock.1_11723	80767
N	*	90	*	*	*	*	*	New.CleanUp.ReferenceOTU690 EUK.Mock.1_42573	*
H	7688	90	95.6	+	0	0	1582I90M585I	New.CleanUp.ReferenceOTU692 EUK.Mock.1_85144	65995
H	8570	90	95.6	+	0	0	1668I90M70I	New.CleanUp.ReferenceOTU692 EUK.Mock.1_85144	73609
H	564	90	90.0	+	0	0	1679I90M60I	New.CleanUp.ReferenceOTU692 EUK.Mock.1_85144	105083
H	6400	90	86.7	+	0	0	1680I90M68I	New.CleanUp.ReferenceOTU692 EUK.Mock.1_85144	54274
H	9379	90	90.0	+	0	0	1675I90M35I	New.CleanUp.ReferenceOTU692 EUK.Mock.1_85144	80767
H	8570	90	96.7	+	0	0	1668I90M70I	New.CleanUp.ReferenceOTU695 EUK.Mock.1_98894	73609
H	7688	90	96.7	+	0	0	1582I90M585I	New.CleanUp.ReferenceOTU695 EUK.Mock.1_98894	65995
H	564	90	91.1	+	0	0	1679I90M60I	New.CleanUp.ReferenceOTU695 EUK.Mock.1_98894	105083
H	6400	90	86.7	+	0	0	1680I90M68I	New.CleanUp.ReferenceOTU695 EUK.Mock.1_98894	54274
H	9379	90	91.1	+	0	0	1675I90M35I	New.CleanUp.ReferenceOTU695 EUK.Mock.1_98894	80767
H	88	90	95.6	+	0	0	1111I90M69I	New.CleanUp.ReferenceOTU696 EUK.Mock.1_94641	10084
H	279	90	94.4	+	0	0	1595I90M32I	New.CleanUp.ReferenceOTU696 EUK.Mock.1_94641	102447
H	5770	90	93.3	+	0	0	1620I90M28I	New.CleanUp.ReferenceOTU696 EUK.Mock.1_94641	48184
H	4197	90	94.4	+	0	0	1637I90M64I	New.CleanUp.ReferenceOTU696 EUK.Mock.1_94641	34288
H	818	90	91.1	+	0	0	1947I87M3D	New.CleanUp.ReferenceOTU696 EUK.Mock.1_94641	107387
H	5135	90	93.3	+	0	0	1633I90M69I	New.CleanUp.ReferenceOTU703 EUK.Mock.1_61756	4269
H	5866	90	91.1	+	0	0	1559I90M55I	New.CleanUp.ReferenceOTU703 EUK.Mock.1_61756	49307
H	8924	90	91.1	+	0	0	1580I90M50I	New.CleanUp.ReferenceOTU703 EUK.Mock.1_61756	76542
H	8635	90	91.1	+	0	0	1644I90M55I	New.CleanUp.ReferenceOTU703 EUK.Mock.1_61756	74171
H	5423	90	92.2	+	0	0	1602I90M39I	New.CleanUp.ReferenceOTU703 EUK.Mock.1_61756	45376
H	4934	90	91.1	+	0	0	1591I90M50I	New.CleanUp.ReferenceOTU707 EUK.Mock.1_15263	40794
H	9284	90	91.1	+	0	0	1663I13MI77M67I	New.CleanUp.ReferenceOTU707 EUK.Mock.1_15263	80038
H	6170	90	90.0	+	0	0	1436I90M69I	New.CleanUp.ReferenceOTU707 EUK.Mock.1_15263	52258
H	854	90	90.0	+	0	0	1605I90M42I	New.CleanUp.ReferenceOTU707 EUK.Mock.1_15263	10764
H	3447	90	88.9	+	0	0	1645I90M66I	New.CleanUp.ReferenceOTU707 EUK.Mock.1_15263	27744
H	4934	90	96.7	+	0	0	1591I90M50I	New.CleanUp.ReferenceOTU708 EUK.Mock.1_90507	40794
H	9284	90	96.7	+	0	0	1663I13MI77M67I	New.CleanUp.ReferenceOTU708 EUK.Mock.1_90507	80038
H	854	90	95.6	+	0	0	1605I90M42I	New.CleanUp.ReferenceOTU708 EUK.Mock.1_90507	10764
H	6170	90	95.6	+	0	0	1436I90M69I	New.CleanUp.ReferenceOTU708 EUK.Mock.1_90507	52258
H	3447	90	94.4	+	0	0	1645I90M66I	New.CleanUp.ReferenceOTU708 EUK.Mock.1_90507	27744
H	4934	90	95.6	+	0	0	1591I90M50I	New.CleanUp.ReferenceOTU709 EUK.Mock.1_72638	40794
H	6170	90	94.4	+	0	0	1436I90M69I	New.CleanUp.ReferenceOTU709 EUK.Mock.1_72638	52258
H	3447	90	93.3	+	0	0	1645I90M66I	New.CleanUp.ReferenceOTU709 EUK.Mock.1_72638	27744
H	854	90	94.4	+	0	0	1605I90M42I	New.CleanUp.ReferenceOTU709 EUK.Mock.1_72638	10764
H	1549	90	77.8	+	0	0	1427I43M3D22M5D12M5D	New.CleanUp.ReferenceOTU709 EUK.Mock.1_72638	113941
H	8570	90	94.4	+	0	0	1668I90M70I	New.CleanUp.ReferenceOTU711 EUK.Mock.1_102998	73609
H	7688	90	94.4	+	0	0	1582I90M585I	New.CleanUp.ReferenceOTU711 EUK.Mock.1_102998	65995
H	564	90	88.9	+	0	0	1679I90M60I	New.CleanUp.ReferenceOTU711 EUK.Mock.1_102998	105083
L	4322	1748	*	*	*	*	*	35570	*
H	4322	90	75.6	+	0	0	1626I90M32I	New.CleanUp.ReferenceOTU711 EUK.Mock.1_102998	35570
H	9379	90	88.9	+	0	0	1675I90M35I	New.CleanUp.ReferenceOTU711 EUK.Mock.1_102998	80767
H	3034	90	95.6	+	0	0	1646I90M66I	New.CleanUp.ReferenceOTU714 EUK.Mock.1_106541	24055
H	4634	90	95.6	+	0	0	1598I90M51I	New.CleanUp.ReferenceOTU714 EUK.Mock.1_106541	38113
H	7123	90	95.6	+	0	0	1549I90M12I	New.CleanUp.ReferenceOTU714 EUK.Mock.1_106541	61087
H	4038	90	93.3	+	0	0	1617I90M34I	New.CleanUp.ReferenceOTU714 EUK.Mock.1_106541	3287
H	7185	90	94.4	+	0	0	1649I90M69I	New.CleanUp.ReferenceOTU714 EUK.Mock.1_106541	61571
H	7688	90	96.7	+	0	0	1582I90M585I	New.CleanUp.ReferenceOTU715 EUK.Mock.1_101675	65995
H	8570	90	96.7	+	0	0	1668I90M70I	New.CleanUp.ReferenceOTU715 EUK.Mock.1_101675	73609
H	564	90	92.2	+	0	0	1679I90M60I	New.CleanUp.ReferenceOTU715 EUK.Mock.1_101675	105083
H	9379	90	91.1	+	0	0	1675I90M35I	New.CleanUp.ReferenceOTU715 EUK.Mock.1_101675	80767
H	6400	90	86.7	+	0	0	1680I90M68I	New.CleanUp.ReferenceOTU715 EUK.Mock.1_101675	54274
H	8570	80	95.0	+	0	0	1668I80M80I	New.CleanUp.ReferenceOTU716 EUK.Mock.1_58960	73609
H	7688	80	95.0	+	0	0	1582I80M595I	New.CleanUp.ReferenceOTU716 EUK.Mock.1_58960	65995
H	564	80	88.8	+	0	0	1679I80M70I	New.CleanUp.ReferenceOTU716 EUK.Mock.1_58960	105083
H	9760	80	90.0	+	0	0	1657I80M5I	New.CleanUp.ReferenceOTU716 EUK.Mock.1_58960	8379
H	9379	80	88.8	+	0	0	1675I80M45I	New.CleanUp.ReferenceOTU716 EUK.Mock.1_58960	80767
H	7688	90	96.7	+	0	0	1582I90M585I	New.CleanUp.ReferenceOTU718 EUK.Mock.1_69838	65995
H	8570	90	96.7	+	0	0	1668I90M70I	New.CleanUp.ReferenceOTU718 EUK.Mock.1_69838	73609
H	564	90	91.1	+	0	0	1679I90M60I	New.CleanUp.ReferenceOTU718 EUK.Mock.1_69838	105083
H	9379	90	91.1	+	0	0	1675I90M35I	New.CleanUp.ReferenceOTU718 EUK.Mock.1_69838	80767
H	6400	90	88.9	+	0	0	1680I90M68I	New.CleanUp.ReferenceOTU718 EUK.Mock.1_69838	54274
N	*	90	*	*	*	*	*	New.CleanUp.ReferenceOTU72 EUK.Mock.1_107968	*
H	5135	90	92.2	+	0	0	1633I90M69I	New.CleanUp.ReferenceOTU722 EUK.Mock.1_89260	4269
H	5866	90	90.0	+	0	0	1559I90M55I	New.CleanUp.ReferenceOTU722 EUK.Mock.1_89260	49307
H	8635	90	90.0	+	0	0	1644I90M55I	New.CleanUp.ReferenceOTU722 EUK.Mock.1_89260	74171
H	5423	90	91.1	+	0	0	1602I90M39I	New.CleanUp.ReferenceOTU722 EUK.Mock.1_89260	45376
H	5437	90	87.8	+	0	0	1634I90M56I	New.CleanUp.ReferenceOTU722 EUK.Mock.1_89260	45474
H	7688	90	96.7	+	0	0	1582I90M585I	New.CleanUp.ReferenceOTU726 EUK.Mock.1_69691	65995
H	8570	90	96.7	+	0	0	1668I90M70I	New.CleanUp.ReferenceOTU726 EUK.Mock.1_69691	73609
H	564	90	91.1	+	0	0	1679I90M60I	New.CleanUp.ReferenceOTU726 EUK.Mock.1_69691	105083
H	9379	90	91.1	+	0	0	1675I90M35I	New.CleanUp.ReferenceOTU726 EUK.Mock.1_69691	80767
H	9760	90	87.8	+	0	0	1657I85M5D	New.CleanUp.ReferenceOTU726 EUK.Mock.1_69691	8379
H	3447	73	95.9	+	0	0	1645I73M83I	New.CleanUp.ReferenceOTU728 EUK.Mock.1_70739	27744
H	4934	73	95.9	+	0	0	1591I73M67I	New.CleanUp.ReferenceOTU728 EUK.Mock.1_70739	40794
H	854	73	95.9	+	0	0	1605I73M59I	New.CleanUp.ReferenceOTU728 EUK.Mock.1_70739	10764
H	6170	73	95.9	+	0	0	1436I73M86I	New.CleanUp.ReferenceOTU728 EUK.Mock.1_70739	52258
H	10646	73	94.5	+	0	0	1646I73M58I	New.CleanUp.ReferenceOTU728 EUK.Mock.1_70739	91684
N	*	90	*	*	*	*	*	New.CleanUp.ReferenceOTU731 EUK.Mock.1_57770	*
H	4934	90	96.7	+	0	0	1591I90M50I	New.CleanUp.ReferenceOTU734 EUK.Mock.1_104137	40794
H	854	90	95.6	+	0	0	1605I90M42I	New.CleanUp.ReferenceOTU734 EUK.Mock.1_104137	10764
H	9284	90	96.7	+	0	0	1663I13MI77M67I	New.CleanUp.ReferenceOTU734 EUK.Mock.1_104137	80038
H	3447	90	94.4	+	0	0	1645I90M66I	New.CleanUp.ReferenceOTU734 EUK.Mock.1_104137	27744
H	6170	90	95.6	+	0	0	1436I90M69I	New.CleanUp.ReferenceOTU734 EUK.Mock.1_104137	52258
H	5135	90	91.1	+	0	0	1633I90M69I	New.CleanUp.ReferenceOTU735 EUK.Mock.1_7329	4269
H	5866	90	88.9	+	0	0	1559I90M55I	New.CleanUp.ReferenceOTU735 EUK.Mock.1_7329	49307
H	8635	90	90.0	+	0	0	1644I90M55I	New.CleanUp.ReferenceOTU735 EUK.Mock.1_7329	74171
H	2906	90	87.8	+	0	0	1573I90M50I	New.CleanUp.ReferenceOTU735 EUK.Mock.1_7329	23075
H	5437	90	87.8	+	0	0	1634I90M56I	New.CleanUp.ReferenceOTU735 EUK.Mock.1_7329	45474
N	*	90	*	*	*	*	*	New.CleanUp.ReferenceOTU736 EUK.Mock.1_108147	*
H	854	90	96.7	+	0	0	1605I90M42I	New.CleanUp.ReferenceOTU737 EUK.Mock.1_21007	10764
H	4934	90	95.6	+	0	0	1591I90M50I	New.CleanUp.ReferenceOTU737 EUK.Mock.1_21007	40794
H	9284	90	95.6	+	0	0	1663I13MI77M67I	New.CleanUp.ReferenceOTU737 EUK.Mock.1_21007	80038
H	3447	90	93.3	+	0	0	1645I90M66I	New.CleanUp.ReferenceOTU737 EUK.Mock.1_21007	27744
H	6170	90	94.4	+	0	0	1436I90M69I	New.CleanUp.ReferenceOTU737 EUK.Mock.1_21007	52258
N	*	90	*	*	*	*	*	New.CleanUp.ReferenceOTU74 EUK.Mock.1_69595	*
H	5135	86	91.9	+	0	0	1633I86M73I	New.CleanUp.ReferenceOTU741 EUK.Mock.1_20577	4269
H	5423	86	90.7	+	0	0	1602I86M43I	New.CleanUp.ReferenceOTU741 EUK.Mock.1_20577	45376
H	5866	86	89.5	+	0	0	1559I86M59I	New.CleanUp.ReferenceOTU741 EUK.Mock.1_20577	49307
H	8635	86	89.5	+	0	0	1644I86M59I	New.CleanUp.ReferenceOTU741 EUK.Mock.1_20577	74171
H	9443	86	88.4	+	0	0	1592I86M54I	New.CleanUp.ReferenceOTU741 EUK.Mock.1_20577	81305
H	88	90	96.7	+	0	0	1111I90M69I	New.CleanUp.ReferenceOTU753 EUK.Mock.1_22468	10084
H	279	90	95.6	+	0	0	1595I90M32I	New.CleanUp.ReferenceOTU753 EUK.Mock.1_22468	102447
H	4197	90	95.6	+	0	0	1637I90M64I	New.CleanUp.ReferenceOTU753 EUK.Mock.1_22468	34288
H	5770	90	94.4	+	0	0	1620I90M28I	New.CleanUp.ReferenceOTU753 EUK.Mock.1_22468	48184
H	5819	90	93.3	+	0	0	1621I90M626I	New.CleanUp.ReferenceOTU753 EUK.Mock.1_22468	48700
H	7688	90	96.7	+	0	0	1582I90M585I	New.CleanUp.ReferenceOTU755 EUK.Mock.1_2312	65995
H	8570	90	96.7	+	0	0	1668I90M70I	New.CleanUp.ReferenceOTU755 EUK.Mock.1_2312	73609
H	564	90	91.1	+	0	0	1679I90M60I	New.CleanUp.ReferenceOTU755 EUK.Mock.1_2312	105083
H	9379	90	91.1	+	0	0	1675I90M35I	New.CleanUp.ReferenceOTU755 EUK.Mock.1_2312	80767
H	7681	90	86.7	+	0	0	1653I90M54I	New.CleanUp.ReferenceOTU755 EUK.Mock.1_2312	65940
H	4934	90	95.6	+	0	0	1591I90M50I	New.CleanUp.ReferenceOTU756 EUK.Mock.1_104731	40794
H	9284	90	95.6	+	0	0	1663I13MI77M67I	New.CleanUp.ReferenceOTU756 EUK.Mock.1_104731	80038
H	6170	90	94.4	+	0	0	1436I90M69I	New.CleanUp.ReferenceOTU756 EUK.Mock.1_104731	52258
H	854	90	94.4	+	0	0	1605I90M42I	New.CleanUp.ReferenceOTU756 EUK.Mock.1_104731	10764
H	3447	90	93.3	+	0	0	1645I90M66I	New.CleanUp.ReferenceOTU756 EUK.Mock.1_104731	27744
H	854	90	97.8	+	0	0	1605I90M42I	New.CleanUp.ReferenceOTU76 EUK.Mock.1_90637	10764
H	4934	90	96.7	+	0	0	1591I90M50I	New.CleanUp.ReferenceOTU76 EUK.Mock.1_90637	40794
H	6170	90	95.6	+	0	0	1436I90M69I	New.CleanUp.ReferenceOTU76 EUK.Mock.1_90637	52258
H	3447	90	94.4	+	0	0	1645I90M66I	New.CleanUp.ReferenceOTU76 EUK.Mock.1_90637	27744
H	9284	90	96.7	+	0	0	1663I13MI77M67I	New.CleanUp.ReferenceOTU76 EUK.Mock.1_90637	80038
H	4934	90	96.7	+	0	0	1591I90M50I	New.CleanUp.ReferenceOTU762 EUK.Mock.1_105602	40794
H	9284	90	96.7	+	0	0	1663I13MI77M67I	New.CleanUp.ReferenceOTU762 EUK.Mock.1_105602	80038
H	6170	90	95.6	+	0	0	1436I90M69I	New.CleanUp.ReferenceOTU762 EUK.Mock.1_105602	52258
H	854	90	95.6	+	0	0	1605I90M42I	New.CleanUp.ReferenceOTU762 EUK.Mock.1_105602	10764
H	3447	90	94.4	+	0	0	1645I90M66I	New.CleanUp.ReferenceOTU762 EUK.Mock.1_105602	27744
H	7688	90	96.7	+	0	0	1582I90M585I	New.CleanUp.ReferenceOTU765 EUK.Mock.1_46112	65995
H	8570	90	96.7	+	0	0	1668I90M70I	New.CleanUp.ReferenceOTU765 EUK.Mock.1_46112	73609
H	564	90	91.1	+	0	0	1679I90M60I	New.CleanUp.ReferenceOTU765 EUK.Mock.1_46112	105083
H	9379	90	91.1	+	0	0	1675I90M35I	New.CleanUp.ReferenceOTU765 EUK.Mock.1_46112	80767
H	4314	90	86.7	+	0	0	1647I90M41I	New.CleanUp.ReferenceOTU765 EUK.Mock.1_46112	354
H	8570	90	96.7	+	0	0	1668I90M70I	New.CleanUp.ReferenceOTU766 EUK.Mock.1_105356	73609
H	7688	90	96.7	+	0	0	1582I90M585I	New.CleanUp.ReferenceOTU766 EUK.Mock.1_105356	65995
H	564	90	91.1	+	0	0	1679I90M60I	New.CleanUp.ReferenceOTU766 EUK.Mock.1_105356	105083
H	9379	90	91.1	+	0	0	1675I90M35I	New.CleanUp.ReferenceOTU766 EUK.Mock.1_105356	80767
H	6400	90	86.7	+	0	0	1680I90M68I	New.CleanUp.ReferenceOTU766 EUK.Mock.1_105356	54274
H	4934	90	96.7	+	0	0	1591I90M50I	New.CleanUp.ReferenceOTU769 EUK.Mock.1_53329	40794
H	6170	90	95.6	+	0	0	1436I90M69I	New.CleanUp.ReferenceOTU769 EUK.Mock.1_53329	52258
H	9284	90	96.7	+	0	0	1663I13MI77M67I	New.CleanUp.ReferenceOTU769 EUK.Mock.1_53329	80038
H	3447	90	94.4	+	0	0	1645I90M66I	New.CleanUp.ReferenceOTU769 EUK.Mock.1_53329	27744
H	854	90	95.6	+	0	0	1605I90M42I	New.CleanUp.ReferenceOTU769 EUK.Mock.1_53329	10764
N	*	90	*	*	*	*	*	New.CleanUp.ReferenceOTU772 EUK.Mock.1_101511	*
H	4934	90	91.1	+	0	0	1591I90M50I	New.CleanUp.ReferenceOTU774 EUK.Mock.1_511	40794
H	2906	90	87.8	+	0	0	1573I90M50I	New.CleanUp.ReferenceOTU774 EUK.Mock.1_511	23075
H	5135	90	88.9	+	0	0	1633I90M69I	New.CleanUp.ReferenceOTU774 EUK.Mock.1_511	4269
H	8924	90	90.0	+	0	0	1580I90M50I	New.CleanUp.ReferenceOTU774 EUK.Mock.1_511	76542
H	5866	90	87.8	+	0	0	1559I90M55I	New.CleanUp.ReferenceOTU774 EUK.Mock.1_511	49307
H	3171	90	96.7	+	0	0	1626I90M65I	New.CleanUp.ReferenceOTU776 EUK.Mock.1_89882	25160
H	8717	90	92.2	+	0	0	1594I47MI16MI27M67I	New.CleanUp.ReferenceOTU776 EUK.Mock.1_89882	74829
H	7875	90	93.3	+	0	0	1592I45MI19MI26M64I	New.CleanUp.ReferenceOTU776 EUK.Mock.1_89882	67609
H	7503	90	88.9	+	0	0	1585I90M64I	New.CleanUp.ReferenceOTU776 EUK.Mock.1_89882	64286
H	2726	90	92.2	+	0	0	1589I45MI20MI25M63I	New.CleanUp.ReferenceOTU776 EUK.Mock.1_89882	21485
H	4634	90	95.6	+	0	0	1598I90M51I	New.CleanUp.ReferenceOTU777 EUK.Mock.1_101469	38113
H	7185	90	94.4	+	0	0	1649I90M69I	New.CleanUp.ReferenceOTU777 EUK.Mock.1_101469	61571
H	7123	90	95.6	+	0	0	1549I90M12I	New.CleanUp.ReferenceOTU777 EUK.Mock.1_101469	61087
H	3034	90	94.4	+	0	0	1646I90M66I	New.CleanUp.ReferenceOTU777 EUK.Mock.1_101469	24055
H	9246	90	94.4	+	0	0	1549I90M12I	New.CleanUp.ReferenceOTU777 EUK.Mock.1_101469	79610
H	7688	90	96.7	+	0	0	1582I90M585I	New.CleanUp.ReferenceOTU778 EUK.Mock.1_89889	65995
H	8570	90	96.7	+	0	0	1668I90M70I	New.CleanUp.ReferenceOTU778 EUK.Mock.1_89889	73609
H	564	90	91.1	+	0	0	1679I90M60I	New.CleanUp.ReferenceOTU778 EUK.Mock.1_89889	105083
H	9379	90	91.1	+	0	0	1675I90M35I	New.CleanUp.ReferenceOTU778 EUK.Mock.1_89889	80767
H	9760	90	86.7	+	0	0	1657I85M5D	New.CleanUp.ReferenceOTU778 EUK.Mock.1_89889	8379
H	4934	90	92.2	+	0	0	1591I90M50I	New.CleanUp.ReferenceOTU779 EUK.Mock.1_91038	40794
H	9284	90	92.2	+	0	0	1663I13MI77M67I	New.CleanUp.ReferenceOTU779 EUK.Mock.1_91038	80038
H	6170	90	91.1	+	0	0	1436I90M69I	New.CleanUp.ReferenceOTU779 EUK.Mock.1_91038	52258
H	854	90	91.1	+	0	0	1605I90M42I	New.CleanUp.ReferenceOTU779 EUK.Mock.1_91038	10764
H	10646	90	88.9	+	0	0	1646I90M41I	New.CleanUp.ReferenceOTU779 EUK.Mock.1_91038	91684
N	*	90	*	*	*	*	*	New.CleanUp.ReferenceOTU780 EUK.Mock.1_2265	*
H	4634	90	92.2	+	0	0	1598I90M51I	New.CleanUp.ReferenceOTU781 EUK.Mock.1_100119	38113
H	3242	90	90.0	+	0	0	1639I90M133I	New.CleanUp.ReferenceOTU781 EUK.Mock.1_100119	25771
H	1595	90	90.0	+	0	0	1626I90M66I	New.CleanUp.ReferenceOTU781 EUK.Mock.1_100119	114376
H	3034	90	90.0	+	0	0	1646I90M66I	New.CleanUp.ReferenceOTU781 EUK.Mock.1_100119	24055
H	7185	90	90.0	+	0	0	1649I90M69I	New.CleanUp.ReferenceOTU781 EUK.Mock.1_100119	61571
H	5135	81	91.4	+	0	0	1633I81M78I	New.CleanUp.ReferenceOTU783 EUK.Mock.1_45717	4269
H	5423	81	90.1	+	0	0	1602I81M48I	New.CleanUp.ReferenceOTU783 EUK.Mock.1_45717	45376
H	5866	81	88.9	+	0	0	1559I81M64I	New.CleanUp.ReferenceOTU783 EUK.Mock.1_45717	49307
H	9443	81	87.7	+	0	0	1592I81M59I	New.CleanUp.ReferenceOTU783 EUK.Mock.1_45717	81305
H	2721	81	84.0	+	0	0	1620I81M69I	New.CleanUp.ReferenceOTU783 EUK.Mock.1_45717	21436
H	7760	90	96.7	+	0	0	1279I90M35I	New.CleanUp.ReferenceOTU784 EUK.Mock.1_9781	66673
H	4863	90	96.7	+	0	0	1251I90M35I	New.CleanUp.ReferenceOTU784 EUK.Mock.1_9781	40103
H	3103	90	95.6	+	0	0	1290I90M34I	New.CleanUp.ReferenceOTU784 EUK.Mock.1_9781	2467
H	10834	90	90.0	+	0	0	1683I90M70I	New.CleanUp.ReferenceOTU784 EUK.Mock.1_9781	93246
H	6880	90	80.0	+	0	0	1643I42M3D23M2I22M54I	New.CleanUp.ReferenceOTU784 EUK.Mock.1_9781	58953
H	4934	90	96.7	+	0	0	1591I90M50I	New.CleanUp.ReferenceOTU786 EUK.Mock.1_70360	40794
H	854	90	95.6	+	0	0	1605I90M42I	New.CleanUp.ReferenceOTU786 EUK.Mock.1_70360	10764
H	9284	90	96.7	+	0	0	1663I13MI77M67I	New.CleanUp.ReferenceOTU786 EUK.Mock.1_70360	80038
H	6170	90	95.6	+	0	0	1436I90M69I	New.CleanUp.ReferenceOTU786 EUK.Mock.1_70360	52258
H	3447	90	94.4	+	0	0	1645I90M66I	New.CleanUp.ReferenceOTU786 EUK.Mock.1_70360	27744
H	8570	90	95.6	+	0	0	1668I90M70I	New.CleanUp.ReferenceOTU79 EUK.Mock.1_69767	73609
H	7688	90	95.6	+	0	0	1582I90M585I	New.CleanUp.ReferenceOTU79 EUK.Mock.1_69767	65995
H	564	90	91.1	+	0	0	1679I90M60I	New.CleanUp.ReferenceOTU79 EUK.Mock.1_69767	105083
H	6400	90	87.8	+	0	0	1680I90M68I	New.CleanUp.ReferenceOTU79 EUK.Mock.1_69767	54274
H	9379	90	91.1	+	0	0	1675I90M35I	New.CleanUp.ReferenceOTU79 EUK.Mock.1_69767	80767
H	5135	90	91.1	+	0	0	1633I90M69I	New.CleanUp.ReferenceOTU795 EUK.Mock.1_102977	4269
H	5866	90	88.9	+	0	0	1559I90M55I	New.CleanUp.ReferenceOTU795 EUK.Mock.1_102977	49307
H	8635	90	88.9	+	0	0	1644I90M55I	New.CleanUp.ReferenceOTU795 EUK.Mock.1_102977	74171
H	2906	90	87.8	+	0	0	1573I90M50I	New.CleanUp.ReferenceOTU795 EUK.Mock.1_102977	23075
H	5423	90	90.0	+	0	0	1602I90M39I	New.CleanUp.ReferenceOTU795 EUK.Mock.1_102977	45376
H	8570	90	96.7	+	0	0	1668I90M70I	New.CleanUp.ReferenceOTU8 EUK.Mock.1_40649	73609
H	7688	90	96.7	+	0	0	1582I90M585I	New.CleanUp.ReferenceOTU8 EUK.Mock.1_40649	65995
H	564	90	91.1	+	0	0	1679I90M60I	New.CleanUp.ReferenceOTU8 EUK.Mock.1_40649	105083
H	9379	90	91.1	+	0	0	1675I90M35I	New.CleanUp.ReferenceOTU8 EUK.Mock.1_40649	80767
H	9105	90	86.7	+	0	0	1635I90M37I	New.CleanUp.ReferenceOTU8 EUK.Mock.1_40649	78322
H	7760	90	94.4	+	0	0	1279I90M35I	New.CleanUp.ReferenceOTU800 EUK.Mock.1_104350	66673
H	4863	90	94.4	+	0	0	1251I90M35I	New.CleanUp.ReferenceOTU800 EUK.Mock.1_104350	40103
H	3103	90	93.3	+	0	0	1290I90M34I	New.CleanUp.ReferenceOTU800 EUK.Mock.1_104350	2467
L	7948	1836	*	*	*	*	*	68324	*
H	7948	90	71.1	+	0	0	1704I42M2D19MI27M43I	New.CleanUp.ReferenceOTU800 EUK.Mock.1_104350	68324
H	10834	90	85.6	+	0	0	1683I90M70I	New.CleanUp.ReferenceOTU800 EUK.Mock.1_104350	93246
H	4934	90	96.7	+	0	0	1591I90M50I	New.CleanUp.ReferenceOTU801 EUK.Mock.1_9076	40794
H	9284	90	96.7	+	0	0	1663I13MI77M67I	New.CleanUp.ReferenceOTU801 EUK.Mock.1_9076	80038
H	6170	90	95.6	+	0	0	1436I90M69I	New.CleanUp.ReferenceOTU801 EUK.Mock.1_9076	52258
H	854	90	95.6	+	0	0	1605I90M42I	New.CleanUp.ReferenceOTU801 EUK.Mock.1_9076	10764
H	3447	90	94.4	+	0	0	1645I90M66I	New.CleanUp.ReferenceOTU801 EUK.Mock.1_9076	27744
H	4934	90	95.6	+	0	0	1591I90M50I	New.CleanUp.ReferenceOTU804 EUK.Mock.1_75390	40794
H	854	90	94.4	+	0	0	1605I90M42I	New.CleanUp.ReferenceOTU804 EUK.Mock.1_75390	10764
H	9284	90	95.6	+	0	0	1663I13MI77M67I	New.CleanUp.ReferenceOTU804 EUK.Mock.1_75390	80038
H	6170	90	94.4	+	0	0	1436I90M69I	New.CleanUp.ReferenceOTU804 EUK.Mock.1_75390	52258
H	3447	90	93.3	+	0	0	1645I90M66I	New.CleanUp.ReferenceOTU804 EUK.Mock.1_75390	27744
H	4934	90	96.7	+	0	0	1591I90M50I	New.CleanUp.ReferenceOTU805 EUK.Mock.1_108836	40794
H	9284	90	96.7	+	0	0	1663I13MI77M67I	New.CleanUp.ReferenceOTU805 EUK.Mock.1_108836	80038
H	6170	90	95.6	+	0	0	1436I90M69I	New.CleanUp.ReferenceOTU805 EUK.Mock.1_108836	52258
H	854	90	95.6	+	0	0	1605I90M42I	New.CleanUp.ReferenceOTU805 EUK.Mock.1_108836	10764
H	3447	90	94.4	+	0	0	1645I90M66I	New.CleanUp.ReferenceOTU805 EUK.Mock.1_108836	27744
H	7123	90	94.4	+	0	0	1549I90M12I	New.CleanUp.ReferenceOTU806 EUK.Mock.1_104358	61087
H	7185	90	94.4	+	0	0	1649I90M69I	New.CleanUp.ReferenceOTU806 EUK.Mock.1_104358	61571
H	9246	90	93.3	+	0	0	1549I90M12I	New.CleanUp.ReferenceOTU806 EUK.Mock.1_104358	79610
H	4634	90	94.4	+	0	0	1598I90M51I	New.CleanUp.ReferenceOTU806 EUK.Mock.1_104358	38113
H	3034	90	93.3	+	0	0	1646I90M66I	New.CleanUp.ReferenceOTU806 EUK.Mock.1_104358	24055
H	4934	90	95.6	+	0	0	1591I90M50I	New.CleanUp.ReferenceOTU808 EUK.Mock.1_20195	40794
H	9284	90	95.6	+	0	0	1663I13MI77M67I	New.CleanUp.ReferenceOTU808 EUK.Mock.1_20195	80038
H	854	90	94.4	+	0	0	1605I90M42I	New.CleanUp.ReferenceOTU808 EUK.Mock.1_20195	10764
H	6170	90	94.4	+	0	0	1436I90M69I	New.CleanUp.ReferenceOTU808 EUK.Mock.1_20195	52258
H	3447	90	93.3	+	0	0	1645I90M66I	New.CleanUp.ReferenceOTU808 EUK.Mock.1_20195	27744
H	4934	90	96.7	+	0	0	1591I90M50I	New.CleanUp.ReferenceOTU811 EUK.Mock.1_105266	40794
H	3878	90	93.3	+	0	0	1629I50MD39M156I	New.CleanUp.ReferenceOTU811 EUK.Mock.1_105266	31618
H	9284	90	96.7	+	0	0	1663I13MI77M67I	New.CleanUp.ReferenceOTU811 EUK.Mock.1_105266	80038
H	6170	90	95.6	+	0	0	1436I90M69I	New.CleanUp.ReferenceOTU811 EUK.Mock.1_105266	52258
H	854	90	95.6	+	0	0	1605I90M42I	New.CleanUp.ReferenceOTU811 EUK.Mock.1_105266	10764
H	4934	90	96.7	+	0	0	1591I90M50I	New.CleanUp.ReferenceOTU812 EUK.Mock.1_74169	40794
H	9284	90	96.7	+	0	0	1663I13MI77M67I	New.CleanUp.ReferenceOTU812 EUK.Mock.1_74169	80038
H	6170	90	95.6	+	0	0	1436I90M69I	New.CleanUp.ReferenceOTU812 EUK.Mock.1_74169	52258
H	854	90	95.6	+	0	0	1605I90M42I	New.CleanUp.ReferenceOTU812 EUK.Mock.1_74169	10764
H	10646	90	93.3	+	0	0	1646I90M41I	New.CleanUp.ReferenceOTU812 EUK.Mock.1_74169	91684
H	8570	84	94.0	+	0	0	1668I84M76I	New.CleanUp.ReferenceOTU815 EUK.Mock.1_8782	73609
H	7688	84	94.0	+	0	0	1582I84M591I	New.CleanUp.ReferenceOTU815 EUK.Mock.1_8782	65995
H	9760	84	89.3	+	0	0	1657I84MI	New.CleanUp.ReferenceOTU815 EUK.Mock.1_8782	8379
H	564	84	88.1	+	0	0	1679I84M66I	New.CleanUp.ReferenceOTU815 EUK.Mock.1_8782	105083
H	9379	84	88.1	+	0	0	1675I84M41I	New.CleanUp.ReferenceOTU815 EUK.Mock.1_8782	80767
H	88	90	96.7	+	0	0	1111I90M69I	New.CleanUp.ReferenceOTU816 EUK.Mock.1_1667	10084
H	279	90	95.6	+	0	0	1595I90M32I	New.CleanUp.ReferenceOTU816 EUK.Mock.1_1667	102447
H	882	90	93.3	+	0	0	1628I90M36I	New.CleanUp.ReferenceOTU816 EUK.Mock.1_1667	107888
H	4197	90	95.6	+	0	0	1637I90M64I	New.CleanUp.ReferenceOTU816 EUK.Mock.1_1667	34288
H	2551	90	95.6	+	0	0	2048I90M66I	New.CleanUp.ReferenceOTU816 EUK.Mock.1_1667	19976
H	4934	90	96.7	+	0	0	1591I90M50I	New.CleanUp.ReferenceOTU82 EUK.Mock.1_30306	40794
H	9284	90	96.7	+	0	0	1663I13MI77M67I	New.CleanUp.ReferenceOTU82 EUK.Mock.1_30306	80038
H	854	90	95.6	+	0	0	1605I90M42I	New.CleanUp.ReferenceOTU82 EUK.Mock.1_30306	10764
H	6170	90	95.6	+	0	0	1436I90M69I	New.CleanUp.ReferenceOTU82 EUK.Mock.1_30306	52258
H	3447	90	94.4	+	0	0	1645I90M66I	New.CleanUp.ReferenceOTU82 EUK.Mock.1_30306	27744
H	3034	90	96.7	+	0	0	1646I90M66I	New.CleanUp.ReferenceOTU83 EUK.Mock.1_70262	24055
H	4038	90	94.4	+	0	0	1617I90M34I	New.CleanUp.ReferenceOTU83 EUK.Mock.1_70262	3287
H	4634	90	95.6	+	0	0	1598I90M51I	New.CleanUp.ReferenceOTU83 EUK.Mock.1_70262	38113
H	7123	90	95.6	+	0	0	1549I90M12I	New.CleanUp.ReferenceOTU83 EUK.Mock.1_70262	61087
H	7185	90	94.4	+	0	0	1649I90M69I	New.CleanUp.ReferenceOTU83 EUK.Mock.1_70262	61571
N	*	90	*	*	*	*	*	New.CleanUp.ReferenceOTU832 EUK.Mock.1_44995	*
H	4934	90	95.6	+	0	0	1591I90M50I	New.CleanUp.ReferenceOTU84 EUK.Mock.1_74531	40794
H	9284	90	95.6	+	0	0	1663I13MI77M67I	New.CleanUp.ReferenceOTU84 EUK.Mock.1_74531	80038
H	6170	90	94.4	+	0	0	1436I90M69I	New.CleanUp.ReferenceOTU84 EUK.Mock.1_74531	52258
H	854	90	94.4	+	0	0	1605I90M42I	New.CleanUp.ReferenceOTU84 EUK.Mock.1_74531	10764
H	3447	90	93.3	+	0	0	1645I90M66I	New.CleanUp.ReferenceOTU84 EUK.Mock.1_74531	27744
H	11256	90	95.6	+	0	0	1391I90M72I	New.CleanUp.ReferenceOTU840 EUK.Mock.1_71250	97289
H	9506	90	95.6	+	0	0	1632I90M75I	New.CleanUp.ReferenceOTU840 EUK.Mock.1_71250	81821
H	5603	90	74.4	+	0	0	1633I38M2D21MD28M58I	New.CleanUp.ReferenceOTU840 EUK.Mock.1_71250	46764
H	5083	90	75.6	+	0	0	1645I39M2D20MD28M69I	New.CleanUp.ReferenceOTU840 EUK.Mock.1_71250	42046
H	6002	90	70.0	+	0	0	1721I49M2D12MD26M704I	New.CleanUp.ReferenceOTU840 EUK.Mock.1_71250	50609
H	4934	90	96.7	+	0	0	1591I90M50I	New.CleanUp.ReferenceOTU841 EUK.Mock.1_105179	40794
H	9284	90	96.7	+	0	0	1663I13MI77M67I	New.CleanUp.ReferenceOTU841 EUK.Mock.1_105179	80038
H	854	90	95.6	+	0	0	1605I90M42I	New.CleanUp.ReferenceOTU841 EUK.Mock.1_105179	10764
H	3447	90	94.4	+	0	0	1645I90M66I	New.CleanUp.ReferenceOTU841 EUK.Mock.1_105179	27744
H	6170	90	95.6	+	0	0	1436I90M69I	New.CleanUp.ReferenceOTU841 EUK.Mock.1_105179	52258
H	11182	90	87.8	+	0	0	1644I90M69I	New.CleanUp.ReferenceOTU844 EUK.Mock.1_109187	96648
H	2721	90	84.4	+	0	0	1620I90M60I	New.CleanUp.ReferenceOTU844 EUK.Mock.1_109187	21436
H	1905	90	87.8	+	0	0	1590I58MD31M336I	New.CleanUp.ReferenceOTU844 EUK.Mock.1_109187	14030
H	3106	90	74.4	+	0	0	1701I90M54I	New.CleanUp.ReferenceOTU844 EUK.Mock.1_109187	24682
H	9735	90	75.6	+	0	0	1642I90M64I	New.CleanUp.ReferenceOTU844 EUK.Mock.1_109187	83620
H	8570	90	95.6	+	0	0	1668I90M70I	New.CleanUp.ReferenceOTU848 EUK.Mock.1_88913	73609
H	7688	90	95.6	+	0	0	1582I90M585I	New.CleanUp.ReferenceOTU848 EUK.Mock.1_88913	65995
H	564	90	90.0	+	0	0	1679I90M60I	New.CleanUp.ReferenceOTU848 EUK.Mock.1_88913	105083
H	6400	90	86.7	+	0	0	1680I90M68I	New.CleanUp.ReferenceOTU848 EUK.Mock.1_88913	54274
H	9379	90	90.0	+	0	0	1675I90M35I	New.CleanUp.ReferenceOTU848 EUK.Mock.1_88913	80767
N	*	90	*	*	*	*	*	New.CleanUp.ReferenceOTU859 EUK.Mock.1_68943	*
H	4934	90	96.7	+	0	0	1591I90M50I	New.CleanUp.ReferenceOTU863 EUK.Mock.1_44286	40794
H	854	90	95.6	+	0	0	1605I90M42I	New.CleanUp.ReferenceOTU863 EUK.Mock.1_44286	10764
H	9284	90	96.7	+	0	0	1663I13MI77M67I	New.CleanUp.ReferenceOTU863 EUK.Mock.1_44286	80038
H	6170	90	95.6	+	0	0	1436I90M69I	New.CleanUp.ReferenceOTU863 EUK.Mock.1_44286	52258
H	3447	90	94.4	+	0	0	1645I90M66I	New.CleanUp.ReferenceOTU863 EUK.Mock.1_44286	27744
H	88	90	94.4	+	0	0	1111I90M69I	New.CleanUp.ReferenceOTU864 EUK.Mock.1_21963	10084
H	279	90	93.3	+	0	0	1595I90M32I	New.CleanUp.ReferenceOTU864 EUK.Mock.1_21963	102447
H	4197	90	93.3	+	0	0	1637I90M64I	New.CleanUp.ReferenceOTU864 EUK.Mock.1_21963	34288
L	6108	1688	*	*	*	*	*	51620	*
H	6108	90	92.2	+	0	0	1581I90M17I	New.CleanUp.ReferenceOTU864 EUK.Mock.1_21963	51620
H	818	90	90.0	+	0	0	1947I87M3D	New.CleanUp.ReferenceOTU864 EUK.Mock.1_21963	107387
H	3034	90	94.4	+	0	0	1646I90M66I	New.CleanUp.ReferenceOTU869 EUK.Mock.1_107466	24055
H	4634	90	95.6	+	0	0	1598I90M51I	New.CleanUp.ReferenceOTU869 EUK.Mock.1_107466	38113
H	7123	90	95.6	+	0	0	1549I90M12I	New.CleanUp.ReferenceOTU869 EUK.Mock.1_107466	61087
H	7185	90	94.4	+	0	0	1649I90M69I	New.CleanUp.ReferenceOTU869 EUK.Mock.1_107466	61571
H	4038	90	92.2	+	0	0	1617I90M34I	New.CleanUp.ReferenceOTU869 EUK.Mock.1_107466	3287
H	4934	90	96.7	+	0	0	1591I90M50I	New.CleanUp.ReferenceOTU87 EUK.Mock.1_73747	40794
H	9284	90	96.7	+	0	0	1663I13MI77M67I	New.CleanUp.ReferenceOTU87 EUK.Mock.1_73747	80038
H	6170	90	95.6	+	0	0	1436I90M69I	New.CleanUp.ReferenceOTU87 EUK.Mock.1_73747	52258
H	854	90	95.6	+	0	0	1605I90M42I	New.CleanUp.ReferenceOTU87 EUK.Mock.1_73747	10764
H	3447	90	94.4	+	0	0	1645I90M66I	New.CleanUp.ReferenceOTU87 EUK.Mock.1_73747	27744
H	4934	82	95.1	+	0	0	1591I82M58I	New.CleanUp.ReferenceOTU870 EUK.Mock.1_88166	40794
H	854	82	95.1	+	0	0	1605I82M50I	New.CleanUp.ReferenceOTU870 EUK.Mock.1_88166	10764
H	9284	82	95.1	+	0	0	1663I13MI69M75I	New.CleanUp.ReferenceOTU870 EUK.Mock.1_88166	80038
H	3878	82	92.7	+	0	0	1629I50MD31M164I	New.CleanUp.ReferenceOTU870 EUK.Mock.1_88166	31618
H	3447	82	93.9	+	0	0	1645I82M74I	New.CleanUp.ReferenceOTU870 EUK.Mock.1_88166	27744
H	3034	90	93.3	+	0	0	1646I90M66I	New.CleanUp.ReferenceOTU872 EUK.Mock.1_99610	24055
H	7123	90	94.4	+	0	0	1549I90M12I	New.CleanUp.ReferenceOTU872 EUK.Mock.1_99610	61087
H	4634	90	94.4	+	0	0	1598I90M51I	New.CleanUp.ReferenceOTU872 EUK.Mock.1_99610	38113
H	7185	90	93.3	+	0	0	1649I90M69I	New.CleanUp.ReferenceOTU872 EUK.Mock.1_99610	61571
H	4038	90	91.1	+	0	0	1617I90M34I	New.CleanUp.ReferenceOTU872 EUK.Mock.1_99610	3287
H	4934	90	96.7	+	0	0	1591I90M50I	New.CleanUp.ReferenceOTU873 EUK.Mock.1_96641	40794
H	9284	90	96.7	+	0	0	1663I13MI77M67I	New.CleanUp.ReferenceOTU873 EUK.Mock.1_96641	80038
H	6170	90	95.6	+	0	0	1436I90M69I	New.CleanUp.ReferenceOTU873 EUK.Mock.1_96641	52258
H	854	90	95.6	+	0	0	1605I90M42I	New.CleanUp.ReferenceOTU873 EUK.Mock.1_96641	10764
H	3447	90	94.4	+	0	0	1645I90M66I	New.CleanUp.ReferenceOTU873 EUK.Mock.1_96641	27744
H	5423	90	90.0	+	0	0	1602I90M39I	New.CleanUp.ReferenceOTU877 EUK.Mock.1_70443	45376
H	5135	90	91.1	+	0	0	1633I90M69I	New.CleanUp.ReferenceOTU877 EUK.Mock.1_70443	4269
H	5866	90	88.9	+	0	0	1559I90M55I	New.CleanUp.ReferenceOTU877 EUK.Mock.1_70443	49307
H	3531	90	88.9	+	0	0	1625I90M65I	New.CleanUp.ReferenceOTU877 EUK.Mock.1_70443	28560
H	9443	90	87.8	+	0	0	1592I90M50I	New.CleanUp.ReferenceOTU877 EUK.Mock.1_70443	81305
H	4934	90	91.1	+	0	0	1591I90M50I	New.CleanUp.ReferenceOTU881 EUK.Mock.1_58639	40794
H	854	90	90.0	+	0	0	1605I90M42I	New.CleanUp.ReferenceOTU881 EUK.Mock.1_58639	10764
H	6170	90	90.0	+	0	0	1436I90M69I	New.CleanUp.ReferenceOTU881 EUK.Mock.1_58639	52258
H	3447	90	90.0	+	0	0	1645I90M66I	New.CleanUp.ReferenceOTU881 EUK.Mock.1_58639	27744
H	3878	90	87.8	+	0	0	1629I54MD35M156I	New.CleanUp.ReferenceOTU881 EUK.Mock.1_58639	31618
H	9506	90	95.6	+	0	0	1632I90M75I	New.CleanUp.ReferenceOTU882 EUK.Mock.1_5786	81821
H	11256	90	95.6	+	0	0	1391I90M72I	New.CleanUp.ReferenceOTU882 EUK.Mock.1_5786	97289
H	3106	90	70.0	+	0	0	1701I49M5D5M2I31M57I	New.CleanUp.ReferenceOTU882 EUK.Mock.1_5786	24682
L	8493	1673	*	*	*	*	*	72977	*
H	8493	90	70.0	+	0	0	1544I52M3D35M42I	New.CleanUp.ReferenceOTU882 EUK.Mock.1_5786	72977
H	10387	90	75.6	+	0	0	1592I49M5D8M2I28M598I	New.CleanUp.ReferenceOTU882 EUK.Mock.1_5786	89452
N	*	90	*	*	*	*	*	New.CleanUp.ReferenceOTU884 EUK.Mock.1_24992	*
H	4934	83	92.8	+	0	0	1591I83M57I	New.CleanUp.ReferenceOTU885 EUK.Mock.1_24993	40794
H	854	83	91.6	+	0	0	1605I83M49I	New.CleanUp.ReferenceOTU885 EUK.Mock.1_24993	10764
H	3447	83	91.6	+	0	0	1645I83M73I	New.CleanUp.ReferenceOTU885 EUK.Mock.1_24993	27744
H	6170	83	91.6	+	0	0	1436I83M76I	New.CleanUp.ReferenceOTU885 EUK.Mock.1_24993	52258
H	1479	83	88.0	+	0	0	1652I62MI21M76I	New.CleanUp.ReferenceOTU885 EUK.Mock.1_24993	113311
H	4934	90	95.6	+	0	0	1591I90M50I	New.CleanUp.ReferenceOTU887 EUK.Mock.1_41651	40794
H	854	90	94.4	+	0	0	1605I90M42I	New.CleanUp.ReferenceOTU887 EUK.Mock.1_41651	10764
H	3447	90	95.6	+	0	0	1645I90M66I	New.CleanUp.ReferenceOTU887 EUK.Mock.1_41651	27744
H	6170	90	94.4	+	0	0	1436I90M69I	New.CleanUp.ReferenceOTU887 EUK.Mock.1_41651	52258
H	10646	90	94.4	+	0	0	1646I90M41I	New.CleanUp.ReferenceOTU887 EUK.Mock.1_41651	91684
H	4934	90	94.4	+	0	0	1591I90M50I	New.CleanUp.ReferenceOTU889 EUK.Mock.1_106182	40794
H	9284	90	94.4	+	0	0	1663I13MI77M67I	New.CleanUp.ReferenceOTU889 EUK.Mock.1_106182	80038
H	6170	90	93.3	+	0	0	1436I90M69I	New.CleanUp.ReferenceOTU889 EUK.Mock.1_106182	52258
H	854	90	93.3	+	0	0	1605I90M42I	New.CleanUp.ReferenceOTU889 EUK.Mock.1_106182	10764
H	3447	90	92.2	+	0	0	1645I90M66I	New.CleanUp.ReferenceOTU889 EUK.Mock.1_106182	27744
H	4934	86	96.5	+	0	0	1591I86M54I	New.CleanUp.ReferenceOTU890 EUK.Mock.1_107850	40794
H	854	86	95.3	+	0	0	1605I86M46I	New.CleanUp.ReferenceOTU890 EUK.Mock.1_107850	10764
H	6170	86	95.3	+	0	0	1436I86M73I	New.CleanUp.ReferenceOTU890 EUK.Mock.1_107850	52258
H	3447	86	94.2	+	0	0	1645I86M70I	New.CleanUp.ReferenceOTU890 EUK.Mock.1_107850	27744
H	9284	86	96.5	+	0	0	1663I13MI73M71I	New.CleanUp.ReferenceOTU890 EUK.Mock.1_107850	80038
N	*	90	*	*	*	*	*	New.CleanUp.ReferenceOTU896 EUK.Mock.1_89013	*
N	*	72	*	*	*	*	*	New.CleanUp.ReferenceOTU90 EUK.Mock.1_69107	*
H	7688	69	89.9	+	0	0	1582I69M606I	New.CleanUp.ReferenceOTU905 EUK.Mock.1_87571	65995
H	8570	69	89.9	+	0	0	1668I69M91I	New.CleanUp.ReferenceOTU905 EUK.Mock.1_87571	73609
H	9760	69	87.0	+	0	0	1657I69M16I	New.CleanUp.ReferenceOTU905 EUK.Mock.1_87571	8379
H	8790	69	82.6	+	0	0	1630I69M51I	New.CleanUp.ReferenceOTU905 EUK.Mock.1_87571	75440
H	9379	69	82.6	+	0	0	1675I69M56I	New.CleanUp.ReferenceOTU905 EUK.Mock.1_87571	80767
H	3171	90	96.7	+	0	0	1626I90M65I	New.CleanUp.ReferenceOTU910 EUK.Mock.1_60743	25160
H	8717	90	92.2	+	0	0	1594I47MI16MI27M67I	New.CleanUp.ReferenceOTU910 EUK.Mock.1_60743	74829
H	7875	90	93.3	+	0	0	1592I45MI19MI26M64I	New.CleanUp.ReferenceOTU910 EUK.Mock.1_60743	67609
H	2726	90	92.2	+	0	0	1589I45MI20MI25M63I	New.CleanUp.ReferenceOTU910 EUK.Mock.1_60743	21485
H	7503	90	88.9	+	0	0	1585I90M64I	New.CleanUp.ReferenceOTU910 EUK.Mock.1_60743	64286
H	7688	90	93.3	+	0	0	1582I90M585I	New.CleanUp.ReferenceOTU915 EUK.Mock.1_86198	65995
H	8570	90	93.3	+	0	0	1668I90M70I	New.CleanUp.ReferenceOTU915 EUK.Mock.1_86198	73609
H	564	90	87.8	+	0	0	1679I90M60I	New.CleanUp.ReferenceOTU915 EUK.Mock.1_86198	105083
H	9760	90	83.3	+	0	0	1657I85M5D	New.CleanUp.ReferenceOTU915 EUK.Mock.1_86198	8379
H	9379	90	87.8	+	0	0	1675I90M35I	New.CleanUp.ReferenceOTU915 EUK.Mock.1_86198	80767
H	9506	85	94.1	+	0	0	1632I85M80I	New.CleanUp.ReferenceOTU92 EUK.Mock.1_13701	81821
H	11256	85	94.1	+	0	0	1391I85M77I	New.CleanUp.ReferenceOTU92 EUK.Mock.1_13701	97289
H	1881	85	75.3	+	0	0	1656I38M2D29MD15M62I	New.CleanUp.ReferenceOTU92 EUK.Mock.1_13701	13813
H	4719	85	70.6	+	0	0	1567I39M3D20M2D21M30I	New.CleanUp.ReferenceOTU92 EUK.Mock.1_13701	38949
H	4125	85	74.1	+	0	0	1628I39M2D29M2I15M44I	New.CleanUp.ReferenceOTU92 EUK.Mock.1_13701	33757
N	*	90	*	*	*	*	*	New.CleanUp.ReferenceOTU921 EUK.Mock.1_79737	*
H	8570	90	96.7	+	0	0	1668I90M70I	New.CleanUp.ReferenceOTU922 EUK.Mock.1_107585	73609
H	7688	90	96.7	+	0	0	1582I90M585I	New.CleanUp.ReferenceOTU922 EUK.Mock.1_107585	65995
H	564	90	91.1	+	0	0	1679I90M60I	New.CleanUp.ReferenceOTU922 EUK.Mock.1_107585	105083
H	9379	90	91.1	+	0	0	1675I90M35I	New.CleanUp.ReferenceOTU922 EUK.Mock.1_107585	80767
H	6400	90	86.7	+	0	0	1680I90M68I	New.CleanUp.ReferenceOTU922 EUK.Mock.1_107585	54274
H	3034	90	93.3	+	0	0	1646I90M66I	New.CleanUp.ReferenceOTU923 EUK.Mock.1_65999	24055
H	7123	90	94.4	+	0	0	1549I90M12I	New.CleanUp.ReferenceOTU923 EUK.Mock.1_65999	61087
H	9246	90	93.3	+	0	0	1549I90M12I	New.CleanUp.ReferenceOTU923 EUK.Mock.1_65999	79610
H	4634	90	94.4	+	0	0	1598I90M51I	New.CleanUp.ReferenceOTU923 EUK.Mock.1_65999	38113
H	7185	90	93.3	+	0	0	1649I90M69I	New.CleanUp.ReferenceOTU923 EUK.Mock.1_65999	61571
H	11256	90	91.1	+	0	0	1391I90M72I	New.CleanUp.ReferenceOTU926 EUK.Mock.1_58341	97289
H	9506	90	91.1	+	0	0	1632I90M75I	New.CleanUp.ReferenceOTU926 EUK.Mock.1_58341	81821
H	5603	90	71.1	+	0	0	1633I38M5D18M2I29M58I	New.CleanUp.ReferenceOTU926 EUK.Mock.1_58341	46764
H	1881	90	70.0	+	0	0	1656I52M3D35M57I	New.CleanUp.ReferenceOTU926 EUK.Mock.1_58341	13813
H	10043	90	71.1	+	0	0	1608I37M2D24MD26M692I	New.CleanUp.ReferenceOTU926 EUK.Mock.1_58341	86241
N	*	90	*	*	*	*	*	New.CleanUp.ReferenceOTU929 EUK.Mock.1_72353	*
H	7688	90	94.4	+	0	0	1582I90M585I	New.CleanUp.ReferenceOTU930 EUK.Mock.1_24539	65995
H	8570	90	94.4	+	0	0	1668I90M70I	New.CleanUp.ReferenceOTU930 EUK.Mock.1_24539	73609
H	564	90	88.9	+	0	0	1679I90M60I	New.CleanUp.ReferenceOTU930 EUK.Mock.1_24539	105083
H	9379	90	88.9	+	0	0	1675I90M35I	New.CleanUp.ReferenceOTU930 EUK.Mock.1_24539	80767
H	4314	90	84.4	+	0	0	1647I90M41I	New.CleanUp.ReferenceOTU930 EUK.Mock.1_24539	354
H	4934	90	96.7	+	0	0	1591I90M50I	New.CleanUp.ReferenceOTU931 EUK.Mock.1_38787	40794
H	6170	90	95.6	+	0	0	1436I90M69I	New.CleanUp.ReferenceOTU931 EUK.Mock.1_38787	52258
H	9284	90	96.7	+	0	0	1663I13MI77M67I	New.CleanUp.ReferenceOTU931 EUK.Mock.1_38787	80038
H	854	90	95.6	+	0	0	1605I90M42I	New.CleanUp.ReferenceOTU931 EUK.Mock.1_38787	10764
H	3447	90	94.4	+	0	0	1645I90M66I	New.CleanUp.ReferenceOTU931 EUK.Mock.1_38787	27744
H	9506	90	94.4	+	0	0	1632I90M75I	New.CleanUp.ReferenceOTU934 EUK.Mock.1_74487	81821
H	11256	90	94.4	+	0	0	1391I90M72I	New.CleanUp.ReferenceOTU934 EUK.Mock.1_74487	97289
H	5603	90	73.3	+	0	0	1633I37M2D23MD27M58I	New.CleanUp.ReferenceOTU934 EUK.Mock.1_74487	46764
H	854	82	95.1	+	0	0	1605I82M50I	New.CleanUp.ReferenceOTU937 EUK.Mock.1_38788	10764
H	4934	82	95.1	+	0	0	1591I82M58I	New.CleanUp.ReferenceOTU937 EUK.Mock.1_38788	40794
H	9284	82	95.1	+	0	0	1663I13MI69M75I	New.CleanUp.ReferenceOTU937 EUK.Mock.1_38788	80038
H	6170	82	93.9	+	0	0	1436I82M77I	New.CleanUp.ReferenceOTU937 EUK.Mock.1_38788	52258
H	3447	82	93.9	+	0	0	1645I82M74I	New.CleanUp.ReferenceOTU937 EUK.Mock.1_38788	27744
H	7090	90	94.4	+	0	0	1644I90M66I	New.CleanUp.ReferenceOTU938 EUK.Mock.1_37362	60815
H	8619	90	91.1	+	0	0	1564I90M59I	New.CleanUp.ReferenceOTU938 EUK.Mock.1_37362	74011
H	11512	90	90.0	+	0	0	1406I90M65I	New.CleanUp.ReferenceOTU938 EUK.Mock.1_37362	99446
H	8817	90	92.2	+	0	0	1616I63MI16MI11M33I	New.CleanUp.ReferenceOTU938 EUK.Mock.1_37362	75599
H	2803	90	91.1	+	0	0	1562I90M34I	New.CleanUp.ReferenceOTU938 EUK.Mock.1_37362	22189
N	*	90	*	*	*	*	*	New.CleanUp.ReferenceOTU948 EUK.Mock.1_4787	*
H	3171	90	97.8	+	0	0	1626I90M65I	New.CleanUp.ReferenceOTU953 EUK.Mock.1_60920	25160
H	8717	90	93.3	+	0	0	1594I47MI16MI27M67I	New.CleanUp.ReferenceOTU953 EUK.Mock.1_60920	74829
H	7875	90	94.4	+	0	0	1592I45MI19MI26M64I	New.CleanUp.ReferenceOTU953 EUK.Mock.1_60920	67609
H	2726	90	93.3	+	0	0	1589I45MI20MI25M63I	New.CleanUp.ReferenceOTU953 EUK.Mock.1_60920	21485
H	2035	90	92.2	+	0	0	1595I47MI16MI27M40I	New.CleanUp.ReferenceOTU953 EUK.Mock.1_60920	15189
H	4934	90	91.1	+	0	0	1591I90M50I	New.CleanUp.ReferenceOTU954 EUK.Mock.1_107038	40794
H	9284	90	91.1	+	0	0	1663I13MI77M67I	New.CleanUp.ReferenceOTU954 EUK.Mock.1_107038	80038
H	6170	90	90.0	+	0	0	1436I90M69I	New.CleanUp.ReferenceOTU954 EUK.Mock.1_107038	52258
H	854	90	90.0	+	0	0	1605I90M42I	New.CleanUp.ReferenceOTU954 EUK.Mock.1_107038	10764
H	3447	90	88.9	+	0	0	1645I90M66I	New.CleanUp.ReferenceOTU954 EUK.Mock.1_107038	27744
H	7760	90	96.7	+	0	0	1279I90M35I	New.CleanUp.ReferenceOTU956 EUK.Mock.1_107034	66673
H	4863	90	96.7	+	0	0	1251I90M35I	New.CleanUp.ReferenceOTU956 EUK.Mock.1_107034	40103
H	3103	90	95.6	+	0	0	1290I90M34I	New.CleanUp.ReferenceOTU956 EUK.Mock.1_107034	2467
H	10834	90	90.0	+	0	0	1683I90M70I	New.CleanUp.ReferenceOTU956 EUK.Mock.1_107034	93246
L	1859	1783	*	*	*	*	*	13649	*
H	1859	90	85.6	+	0	0	1627I62MD27M67I	New.CleanUp.ReferenceOTU956 EUK.Mock.1_107034	13649
H	7688	90	96.7	+	0	0	1582I90M585I	New.CleanUp.ReferenceOTU959 EUK.Mock.1_88544	65995
H	8570	90	96.7	+	0	0	1668I90M70I	New.CleanUp.ReferenceOTU959 EUK.Mock.1_88544	73609
H	564	90	91.1	+	0	0	1679I90M60I	New.CleanUp.ReferenceOTU959 EUK.Mock.1_88544	105083
H	9379	90	91.1	+	0	0	1675I90M35I	New.CleanUp.ReferenceOTU959 EUK.Mock.1_88544	80767
H	6400	90	86.7	+	0	0	1680I90M68I	New.CleanUp.ReferenceOTU959 EUK.Mock.1_88544	54274
H	7688	90	96.7	+	0	0	1582I90M585I	New.CleanUp.ReferenceOTU96 EUK.Mock.1_69165	65995
H	8570	90	96.7	+	0	0	1668I90M70I	New.CleanUp.ReferenceOTU96 EUK.Mock.1_69165	73609
H	564	90	91.1	+	0	0	1679I90M60I	New.CleanUp.ReferenceOTU96 EUK.Mock.1_69165	105083
H	9760	90	86.7	+	0	0	1657I85M5D	New.CleanUp.ReferenceOTU96 EUK.Mock.1_69165	8379
H	9379	90	91.1	+	0	0	1675I90M35I	New.CleanUp.ReferenceOTU96 EUK.Mock.1_69165	80767
H	4934	90	96.7	+	0	0	1591I90M50I	New.CleanUp.ReferenceOTU960 EUK.Mock.1_70713	40794
H	9284	90	96.7	+	0	0	1663I13MI77M67I	New.CleanUp.ReferenceOTU960 EUK.Mock.1_70713	80038
H	6170	90	95.6	+	0	0	1436I90M69I	New.CleanUp.ReferenceOTU960 EUK.Mock.1_70713	52258
H	3878	90	93.3	+	0	0	1629I52MD37M156I	New.CleanUp.ReferenceOTU960 EUK.Mock.1_70713	31618
H	854	90	95.6	+	0	0	1605I90M42I	New.CleanUp.ReferenceOTU960 EUK.Mock.1_70713	10764
H	4934	90	95.6	+	0	0	1591I90M50I	New.CleanUp.ReferenceOTU962 EUK.Mock.1_102979	40794
H	9284	90	95.6	+	0	0	1663I13MI77M67I	New.CleanUp.ReferenceOTU962 EUK.Mock.1_102979	80038
H	854	90	94.4	+	0	0	1605I90M42I	New.CleanUp.ReferenceOTU962 EUK.Mock.1_102979	10764
H	6170	90	94.4	+	0	0	1436I90M69I	New.CleanUp.ReferenceOTU962 EUK.Mock.1_102979	52258
H	3447	90	93.3	+	0	0	1645I90M66I	New.CleanUp.ReferenceOTU962 EUK.Mock.1_102979	27744
N	*	79	*	*	*	*	*	New.CleanUp.ReferenceOTU964 EUK.Mock.1_108646	*
H	4934	90	96.7	+	0	0	1591I90M50I	New.CleanUp.ReferenceOTU980 EUK.Mock.1_59742	40794
H	6170	90	95.6	+	0	0	1436I90M69I	New.CleanUp.ReferenceOTU980 EUK.Mock.1_59742	52258
H	9284	90	96.7	+	0	0	1663I13MI77M67I	New.CleanUp.ReferenceOTU980 EUK.Mock.1_59742	80038
H	854	90	95.6	+	0	0	1605I90M42I	New.CleanUp.ReferenceOTU980 EUK.Mock.1_59742	10764
H	3447	90	94.4	+	0	0	1645I90M66I	New.CleanUp.ReferenceOTU980 EUK.Mock.1_59742	27744
H	4634	90	95.6	+	0	0	1598I90M51I	New.CleanUp.ReferenceOTU982 EUK.Mock.1_71161	38113
H	7123	90	95.6	+	0	0	1549I90M12I	New.CleanUp.ReferenceOTU982 EUK.Mock.1_71161	61087
H	3034	90	94.4	+	0	0	1646I90M66I	New.CleanUp.ReferenceOTU982 EUK.Mock.1_71161	24055
H	9246	90	94.4	+	0	0	1549I90M12I	New.CleanUp.ReferenceOTU982 EUK.Mock.1_71161	79610
H	7185	90	94.4	+	0	0	1649I90M69I	New.CleanUp.ReferenceOTU982 EUK.Mock.1_71161	61571
N	*	90	*	*	*	*	*	New.CleanUp.ReferenceOTU984 EUK.Mock.1_103682	*
H	854	90	94.4	+	0	0	1605I90M42I	New.CleanUp.ReferenceOTU986 EUK.Mock.1_62272	10764
H	4934	90	93.3	+	0	0	1591I90M50I	New.CleanUp.ReferenceOTU986 EUK.Mock.1_62272	40794
H	9284	90	93.3	+	0	0	1663I13MI77M67I	New.CleanUp.ReferenceOTU986 EUK.Mock.1_62272	80038
H	6170	90	92.2	+	0	0	1436I90M69I	New.CleanUp.ReferenceOTU986 EUK.Mock.1_62272	52258
H	3447	90	91.1	+	0	0	1645I90M66I	New.CleanUp.ReferenceOTU986 EUK.Mock.1_62272	27744
H	88	90	95.6	+	0	0	1111I90M69I	New.CleanUp.ReferenceOTU99 EUK.Mock.1_82476	10084
H	4197	90	94.4	+	0	0	1637I90M64I	New.CleanUp.ReferenceOTU99 EUK.Mock.1_82476	34288
H	279	90	94.4	+	0	0	1595I90M32I	New.CleanUp.ReferenceOTU99 EUK.Mock.1_82476	102447
H	1860	90	93.3	+	0	0	1631I90M28I	New.CleanUp.ReferenceOTU99 EUK.Mock.1_82476	13657
H	10251	90	92.2	+	0	0	1592I90M66I	New.CleanUp.ReferenceOTU99 EUK.Mock.1_82476	88322
H	4934	90	96.7	+	0	0	1591I90M50I	New.CleanUp.ReferenceOTU991 EUK.Mock.1_71534	40794
H	9284	90	96.7	+	0	0	1663I13MI77M67I	New.CleanUp.ReferenceOTU991 EUK.Mock.1_71534	80038
H	6170	90	95.6	+	0	0	1436I90M69I	New.CleanUp.ReferenceOTU991 EUK.Mock.1_71534	52258
H	854	90	95.6	+	0	0	1605I90M42I	New.CleanUp.ReferenceOTU991 EUK.Mock.1_71534	10764
H	3447	90	94.4	+	0	0	1645I90M66I	New.CleanUp.ReferenceOTU991 EUK.Mock.1_71534	27744
H	4934	90	96.7	+	0	0	1591I90M50I	New.CleanUp.ReferenceOTU992 EUK.Mock.1_71535	40794
H	854	90	95.6	+	0	0	1605I90M42I	New.CleanUp.ReferenceOTU992 EUK.Mock.1_71535	10764
H	9284	90	96.7	+	0	0	1663I13MI77M67I	New.CleanUp.ReferenceOTU992 EUK.Mock.1_71535	80038
H	6170	90	95.6	+	0	0	1436I90M69I	New.CleanUp.ReferenceOTU992 EUK.Mock.1_71535	52258
H	3447	90	94.4	+	0	0	1645I90M66I	New.CleanUp.ReferenceOTU992 EUK.Mock.1_71535	27744
H	8570	90	96.7	+	0	0	1668I90M70I	New.CleanUp.ReferenceOTU994 EUK.Mock.1_26578	73609
H	7688	90	96.7	+	0	0	1582I90M585I	New.CleanUp.ReferenceOTU994 EUK.Mock.1_26578	65995
H	9760	90	88.9	+	0	0	1657I85M5D	New.CleanUp.ReferenceOTU994 EUK.Mock.1_26578	8379
H	564	90	91.1	+	0	0	1679I90M60I	New.CleanUp.ReferenceOTU994 EUK.Mock.1_26578	105083
H	4314	90	86.7	+	0	0	1647I90M41I	New.CleanUp.ReferenceOTU994 EUK.Mock.1_26578	354
H	8570	90	95.6	+	0	0	1668I90M70I	New.CleanUp.ReferenceOTU999 EUK.Mock.1_74563	73609
H	7688	90	95.6	+	0	0	1582I90M585I	New.CleanUp.ReferenceOTU999 EUK.Mock.1_74563	65995
H	564	90	90.0	+	0	0	1679I90M60I	New.CleanUp.ReferenceOTU999 EUK.Mock.1_74563	105083
H	6400	90	86.7	+	0	0	1680I90M68I	New.CleanUp.ReferenceOTU999 EUK.Mock.1_74563	54274
H	9379	90	90.0	+	0	0	1675I90M35I	New.CleanUp.ReferenceOTU999 EUK.Mock.1_74563	80767
D	88	63	*	*	*	*	96.0	10084	*
D	279	4	*	*	*	*	93.3	102447	*
D	465	2	*	*	*	*	97.4	104302	*
D	589	2	*	*	*	*	93.7	105260	*
D	854	34	*	*	*	*	96.0	10764	*
D	1905	31	*	*	*	*	88.9	14030	*
D	2499	2	*	*	*	*	87.8	19455	*
D	2523	2	*	*	*	*	100.0	19662	*
D	2925	2	*	*	*	*	98.9	23203	*
D	3034	5	*	*	*	*	96.1	24055	*
D	3171	49	*	*	*	*	96.5	25160	*
D	3439	2	*	*	*	*	87.8	27643	*
D	3447	7	*	*	*	*	94.7	27744	*
D	3527	3	*	*	*	*	95.6	28521	*
D	3878	4	*	*	*	*	94.3	31618	*
D	4062	2	*	*	*	*	100.0	33079	*
D	4104	16	*	*	*	*	95.9	33585	*
D	4197	3	*	*	*	*	96.1	34288	*
D	4441	2	*	*	*	*	96.7	36554	*
D	4634	48	*	*	*	*	94.9	38113	*
D	4863	32	*	*	*	*	95.6	40103	*
D	4934	76	*	*	*	*	94.8	40794	*
D	5135	100	*	*	*	*	91.5	4269	*
D	5423	3	*	*	*	*	92.2	45376	*
D	5437	2	*	*	*	*	88.6	45474	*
D	5617	2	*	*	*	*	100.0	46888	*
D	6170	8	*	*	*	*	97.0	52258	*
D	6364	2	*	*	*	*	95.6	5402	*
D	6456	3	*	*	*	*	93.9	54751	*
D	6614	2	*	*	*	*	87.8	56306	*
D	7017	3	*	*	*	*	98.3	60168	*
D	7090	16	*	*	*	*	95.3	60815	*
D	7123	44	*	*	*	*	94.8	61087	*
D	7185	2	*	*	*	*	98.9	61571	*
D	7688	127	*	*	*	*	95.7	65995	*
D	7760	13	*	*	*	*	95.4	66673	*
D	8108	2	*	*	*	*	96.3	69613	*
D	8570	149	*	*	*	*	95.5	73609	*
D	8619	2	*	*	*	*	97.8	74011	*
D	8635	2	*	*	*	*	92.2	74171	*
D	8817	6	*	*	*	*	96.4	75599	*
D	9246	2	*	*	*	*	94.4	79610	*
D	9284	322	*	*	*	*	96.1	80038	*
D	9506	23	*	*	*	*	95.0	81821	*
D	9764	2	*	*	*	*	95.6	83827	*
D	11182	11	*	*	*	*	87.9	96648	*
D	11256	27	*	*	*	*	94.8	97289	*
