#Taxon	pc0	pc1	pc2	pc3	pc4	pc5	pc6	pc7	pc8	pc9	pc10	pc11	pc12	pc13	pc14	pc15	pc16	pc17	pc18	pc19	pc20	pc21	pc22	pc23	pc24	pc25	pc26	pc27	pc28	pc29
Even4;k__Bacteria;p__Bacteroidetes;c__Bacteroidia;o__Bacteroidales;f__Bacteroidaceae;g__Bacteroides	-0.0239258746623	-0.00493957304037	-0.000530382382057	0.00145242208705	-0.000448412534312	-0.000352828271493	-0.000138527313328	5.52912604266e-05	-7.93789057476e-06	-1.348245154e-05	7.4572416265e-05	7.25840133105e-06	4.63448942309e-05	-5.78973716139e-06	7.82673876464e-06	1.18485935164e-05	-8.23784086413e-06	-6.48194655139e-06	-2.64159339173e-06	-2.58853041674e-06	-1.26027527745e-07	-3.31386738903e-08	1.69624934379e-08	-1.67026939669e-08	-9.58188761159e-10	-9.77160913746e-10	-6.64032001992e-10	-3.42705051506e-10	5.23626793428e-10	-2.78982888535e-10
Even1;k__Bacteria;p__Bacteroidetes;c__Bacteroidia;o__Bacteroidales;f__Bacteroidaceae;g__Bacteroides	-0.0252555128538	-0.00531211515212	-0.000220333998872	0.00152345271408	-0.000434651211897	-0.000348470934526	-0.000160130349947	4.31306497745e-05	3.00185724982e-06	-1.75758444771e-05	7.99950165624e-05	7.05060705869e-06	5.05809891178e-05	-5.43346942284e-06	1.03013471612e-05	1.43201722669e-05	-9.47383085303e-06	-7.35144053417e-06	-3.02616118728e-06	-3.0241916939e-06	-1.39276284299e-07	-3.16697225086e-08	1.64476821849e-08	-1.68087811269e-08	-7.55258095215e-10	-9.77160913746e-10	-6.64032001992e-10	-3.42705051506e-10	5.23626793428e-10	-2.78982888535e-10
Even3;k__Bacteria;p__Actinobacteria;c__Actinobacteria;o__Bifidobacteriales;f__Bifidobacteriaceae;g__Bifidobacterium	-0.00973245437628	-0.000442605996548	-0.00203834743568	0.000261230978161	-0.000251471093184	-0.000261386996105	8.98559074061e-06	-2.51310101404e-05	6.26998596885e-05	-9.28760843973e-06	5.411008819e-05	4.93447693013e-05	4.25555159262e-05	-8.97712728872e-06	-1.71854276143e-05	-6.89042319259e-06	3.84032504602e-06	1.80511847079e-06	4.99120041853e-07	7.57554444821e-07	1.45379928271e-07	-1.9778057928e-09	-1.56870637902e-08	1.44463590559e-08	-4.89799258332e-10	-9.77160913746e-10	-6.64032001992e-10	-3.42705051506e-10	5.23626793428e-10	-2.78982888535e-10
Even3;k__Bacteria;p__Bacteroidetes;c__Bacteroidia;o__Bacteroidales;f__Bacteroidaceae;g__Bacteroides	-0.0248779058192	-0.00535234231007	-1.2210406423e-06	0.00155698655697	-0.000487303963761	-0.000523086142491	-0.000180097272624	3.47278882525e-05	1.05960211796e-05	-1.52419302319e-05	7.75920780767e-05	1.76752094757e-06	4.71321356205e-05	-4.79558574081e-06	1.25736853312e-05	1.55513388779e-05	-9.83231966039e-06	-8.06073968847e-06	-3.43467678218e-06	-3.19436778427e-06	-1.61917976971e-07	-4.94622760903e-08	2.81595818745e-08	-1.9919578595e-08	-1.20599439831e-09	-9.77160913746e-10	-6.64032001992e-10	-3.42705051506e-10	5.23626793428e-10	-2.78982888535e-10
Even4;k__Bacteria;p__Actinobacteria;c__Actinobacteria;o__Bifidobacteriales;f__Bifidobacteriaceae;g__Bifidobacterium	-0.0102705868973	-0.00069685157218	-0.00187495387698	0.000336056752159	-0.000257921443868	-0.000244425594659	2.04454299491e-06	-3.58752476137e-05	7.2524842696e-05	-8.57166799686e-06	6.13803401183e-05	5.60221870016e-05	4.82056574754e-05	-1.08220865163e-05	-1.94664436848e-05	-8.14695069896e-06	4.14401573336e-06	2.30458813791e-06	4.39451068274e-07	6.26746270092e-07	1.40912008303e-07	-3.07389045249e-09	-1.90048102262e-08	1.27887358554e-08	-7.28477830095e-10	-9.77160913746e-10	-6.64032001992e-10	-3.42705051506e-10	5.23626793428e-10	-2.78982888535e-10
Even1;k__Bacteria;p__Actinobacteria;c__Actinobacteria;o__Bifidobacteriales;f__Bifidobacteriaceae;g__Bifidobacterium	-0.00993136991708	-0.000723447291403	-0.00173878448677	0.000339594479414	-0.000254691418835	-0.000264708233978	1.60785392538e-06	-2.71650847749e-05	6.42657407321e-05	-6.85572898393e-06	5.60170162282e-05	5.01087068258e-05	4.3504415291e-05	-9.63280980075e-06	-1.76054068088e-05	-7.53671712128e-06	3.65410882888e-06	1.90705793763e-06	4.83372381567e-07	6.36280359084e-07	1.33501430377e-07	-7.08883023878e-09	-1.37071162199e-08	1.22466492316e-08	-7.18152158167e-10	-9.77160913746e-10	-6.64032001992e-10	-3.42705051506e-10	5.23626793428e-10	-2.78982888535e-10
Even1;k__Bacteria;p__Firmicutes;c__Clostridia;o__Clostridiales;f__Clostridiaceae;g__Clostridium	-0.0146144916726	-0.0104023675829	0.0128523649253	-0.00235856558859	-0.00190489682547	0.000266276403772	-2.67242976675e-05	0.000440045362402	0.000156242037451	-9.65935275888e-05	0.000106018886031	5.57391612874e-05	-1.89726098498e-05	-1.46701751245e-05	-1.88611235988e-05	-5.39573048017e-06	2.03089509912e-05	1.38826804373e-05	1.62567460329e-06	1.14744195132e-05	9.25343347452e-07	-6.06400510203e-08	-2.59881263485e-08	9.39226366549e-08	-3.98121187747e-09	-9.77160913746e-10	-6.64032001992e-10	-3.42705051506e-10	5.23626793428e-10	-2.78982888535e-10
Even4;k__Bacteria;p__Firmicutes;c__Clostridia;o__Clostridiales;f__Clostridiaceae;g__Clostridium	-0.0159584514034	-0.011686061359	0.0152534490395	-0.00193392367846	-0.00178388014465	0.000227078139243	-4.48243182819e-05	0.000449095882893	0.000184253210319	-8.5461100858e-05	0.000109024449464	5.16651137014e-05	-2.58418680248e-05	-1.73483624147e-05	-1.75828215328e-05	-4.44074923359e-06	1.87430510435e-05	1.46794905056e-05	1.25583625569e-06	1.08298110074e-05	8.43745283009e-07	-7.57182915658e-08	-2.23466384549e-08	7.79728712402e-08	-5.21955652358e-09	-9.77160913746e-10	-6.64032001992e-10	-3.42705051506e-10	5.23626793428e-10	-2.78982888535e-10
Even3;k__Bacteria;p__Firmicutes;c__Clostridia;o__Clostridiales;f__Clostridiaceae;g__Clostridium	-0.0176803156661	-0.0132080385794	0.0174900232428	-0.00169853410252	-0.00154571022353	0.00015904785966	-4.65154099175e-05	0.000441330300924	0.000229280485315	-7.91291881826e-05	0.000109839999596	4.62644603196e-05	-3.74740031822e-05	-2.05646365579e-05	-1.67422088504e-05	-3.16657197129e-06	1.77457896752e-05	1.55535704108e-05	1.51750348305e-06	1.06753619831e-05	8.12946774541e-07	-6.89551759041e-08	-3.24874655548e-08	7.03497113806e-08	-5.66037478293e-09	-9.77160913746e-10	-6.64032001992e-10	-3.42705051506e-10	5.23626793428e-10	-2.78982888535e-10
Even3;k__Bacteria;p__Firmicutes;c__Erysipelotrichi;o__Erysipelotrichales;f__Erysipelotrichaceae;g__Catenibacterium	-0.0205107511576	0.00121793082019	-0.00936400542674	0.000465128213449	-0.0013111072822	-0.00212697401625	5.88971434143e-05	0.00017157224429	-0.000106377294274	6.08866635605e-06	5.13026930913e-05	1.10268398074e-06	1.46993109525e-05	-4.94290928123e-06	-9.55460710022e-06	-3.67557340606e-06	6.00340738341e-06	-1.22758804279e-06	-7.37155022178e-07	2.3816974318e-06	2.2477990421e-07	-4.48011400355e-08	2.88123996299e-08	3.18940564565e-08	-2.4529451753e-10	-9.77160913746e-10	-6.64032001992e-10	-3.42705051506e-10	5.23626793428e-10	-2.78982888535e-10
Even4;k__Bacteria;p__Actinobacteria;c__Coriobacteriia;o__Coriobacteriales;f__Coriobacteriaceae;g__Collinsella	8.82232333482e-05	0.00822903555696	-0.0114950902934	-0.00219912350261	-8.8441745791e-05	0.000110686339616	0.000276215830794	5.14578304839e-05	-9.64727789635e-05	-9.32664202957e-05	8.9721534157e-06	1.6832831088e-05	1.36720919235e-05	9.38503645736e-06	-1.96067947454e-06	3.63547933297e-06	7.65935034189e-06	-1.56085276182e-06	-6.5860570647e-08	2.7015638675e-06	3.03433936615e-07	-1.4533045542e-08	2.7719060678e-08	4.54840119479e-08	1.39631987013e-09	-9.77160913746e-10	-6.64032001992e-10	-3.42705051506e-10	5.23626793428e-10	-2.78982888535e-10
Even1;k__Bacteria;p__Firmicutes;c__Erysipelotrichi;o__Erysipelotrichales;f__Erysipelotrichaceae;g__Catenibacterium	-0.0205541317475	0.000591441819225	-0.00849647234831	0.000629494253085	-0.0012995307566	-0.00213008983653	4.02936093342e-05	0.00016876455979	-9.86201633712e-05	1.52260307479e-05	5.04240990703e-05	-2.19346463051e-07	1.42019138675e-05	-5.21844102143e-06	-9.96015879969e-06	-3.47295089084e-06	5.73728603365e-06	-9.89837557397e-07	-4.69535146448e-07	2.19097155442e-06	2.17144507332e-07	-5.28874990899e-08	3.50613930816e-08	2.99917650565e-08	-4.60561433637e-10	-9.77160913746e-10	-6.64032001992e-10	-3.42705051506e-10	5.23626793428e-10	-2.78982888535e-10
Even3;k__Bacteria;p__Proteobacteria;c__Gammaproteobacteria;o__Enterobacteriales;f__Enterobacteriaceae;g__Providencia	-0.0223559423903	-0.0392826058772	-0.0148259873883	-0.000311069369951	0.00172268711093	0.000166550689748	0.000488746986756	5.39303325185e-05	-0.000476424985768	3.11160745643e-05	7.87985774869e-05	-6.20843608271e-05	-2.00288669262e-05	5.33168055812e-06	4.02250612908e-05	2.13993033441e-05	-1.28550777237e-05	-1.36012020898e-05	-4.5604945863e-06	-7.11481835388e-07	-5.54153470356e-08	-7.81321895901e-08	9.78023735433e-08	8.4579033497e-09	1.04897988955e-09	-9.77160913746e-10	-6.64032001992e-10	-3.42705051506e-10	5.23626793428e-10	-2.78982888535e-10
Even4;k__Bacteria;p__Proteobacteria;c__Gammaproteobacteria;o__Enterobacteriales;f__Enterobacteriaceae;g__Providencia	-0.0213543360096	-0.0402114944316	-0.0152987892007	-1.78753269494e-05	0.00191338417905	0.000118734415302	0.000538740752123	3.77692077684e-05	-0.000468895286246	5.31338471406e-05	7.27335764576e-05	-5.33884965051e-05	-1.95496870178e-05	3.25495811574e-06	3.29338903557e-05	1.70971510342e-05	-1.33725409286e-05	-1.18611206313e-05	-3.66659122853e-06	-1.00306804544e-06	-7.40211486974e-08	-6.24176332619e-08	8.32436948333e-08	4.87339367603e-09	1.16451175641e-09	-9.77160913746e-10	-6.64032001992e-10	-3.42705051506e-10	5.23626793428e-10	-2.78982888535e-10
Even1;k__Bacteria;p__Proteobacteria;c__Gammaproteobacteria;o__Enterobacteriales;f__Enterobacteriaceae;g__Providencia	-0.0222588737733	-0.0396040985427	-0.014618104504	-0.000183936307114	0.00177055724122	0.000162599589604	0.00047390272943	3.63212974029e-05	-0.000459552784815	3.88828953519e-05	7.45469356681e-05	-6.16854961095e-05	-2.0150456016e-05	4.27388639007e-06	3.77806912893e-05	2.08697149718e-05	-1.45393572116e-05	-1.32635882371e-05	-4.44692567096e-06	-1.25084654988e-06	-1.43146729512e-07	-7.89995310689e-08	9.40650928557e-08	-4.28596444107e-09	6.12017558594e-10	-9.77160913746e-10	-6.64032001992e-10	-3.42705051506e-10	5.23626793428e-10	-2.78982888535e-10
Even4;k__Bacteria;p__Firmicutes;c__Erysipelotrichi;o__Erysipelotrichales;f__Erysipelotrichaceae;g__	-0.0677773010897	0.0122839665712	-0.00901946780145	-0.00700369582581	0.00279623424366	0.000572463517214	-0.000656520888937	-0.000453321674202	0.000325110701991	-0.000128627767839	-0.000318713762364	6.73912806006e-05	-0.000125278217918	9.42614268579e-05	-7.09190602118e-05	-1.02642405948e-05	0.000222514989194	1.49989014064e-05	-1.04031607587e-05	2.43400193277e-05	2.0997231754e-06	-8.85082410346e-08	1.49863694467e-07	3.39874802738e-07	9.68797771271e-09	-9.77160913746e-10	-6.64032001992e-10	-3.42705051506e-10	5.23626793427e-10	-2.78982888535e-10
Even3;k__Bacteria;p__Firmicutes;c__Erysipelotrichi;o__Erysipelotrichales;f__Erysipelotrichaceae;g__	-0.0619313259528	0.00784647024911	-0.0127852749446	-0.00611717178592	0.0020834530403	0.00111583184723	-0.00138551838048	-0.000714200778678	0.000666118618866	-6.20936594592e-06	9.02639872715e-05	-0.000210196777565	-0.000136984355791	-8.34539532926e-05	-8.03575871351e-05	-5.30078027123e-05	-1.28400710173e-06	2.96943624188e-05	-1.70864547477e-05	-5.09731140712e-06	-1.08026048323e-06	-3.56119480896e-07	1.2291676099e-07	-1.69296222218e-07	-1.8691454223e-08	-9.77160913746e-10	-6.64032001992e-10	-3.42705051506e-10	5.23626793428e-10	-2.78982888535e-10
Even3;k__Bacteria;p__Firmicutes;c__Bacilli;o__Lactobacillales;f__Streptococcaceae;g__Streptococcus	-0.00168523202083	0.00307850500348	-0.00863918921926	-0.0014672525201	-0.000168019983972	5.3323896559e-05	0.000226197662901	7.11789545737e-05	-0.000104546645059	-5.25226010597e-05	2.09529953181e-05	2.10544475213e-05	1.54595378921e-05	4.45284987657e-06	-6.68826497389e-06	-1.91571579278e-06	7.17248917635e-06	2.32352576685e-07	5.57093821432e-07	2.78156039228e-06	2.95174592075e-07	-2.98286038507e-08	3.19425080315e-08	4.14949837255e-08	6.58759827737e-10	-9.77160913746e-10	-6.64032001992e-10	-3.42705051506e-10	5.23626793428e-10	-2.78982888535e-10
Even1;k__Bacteria;p__Firmicutes;c__Erysipelotrichi;o__Erysipelotrichales;f__Erysipelotrichaceae;g__	-0.0619832444491	0.00797053567161	-0.0127300767472	-0.00610275577212	0.00208615655941	0.0011111786874	-0.00137546660224	-0.000715240957081	0.00065743269364	-6.24097654508e-06	9.15501251722e-05	-0.00020955295196	-0.000135005168086	-8.44038653309e-05	-8.03337398001e-05	-5.4121421296e-05	-1.8781202122e-06	2.96201413936e-05	-1.73348893465e-05	-5.02015299374e-06	-9.76512597704e-07	-3.70122313914e-07	1.33040590662e-07	-1.56306359102e-07	-1.8808838706e-08	-9.77160913746e-10	-6.64032001992e-10	-3.42705051506e-10	5.23626793428e-10	-2.78982888535e-10
Even1;k__Bacteria;p__Firmicutes;c__Clostridia;o__Clostridiales;f__[Tissierellaceae];g__Anaerococcus	-0.0369840508248	0.00281925205483	-0.0167632862557	9.35846329869e-05	-0.000694501256888	0.00101417514441	0.000513108924512	0.000594961977637	-0.000472289550925	-4.01278564748e-05	6.88324717329e-05	2.36915249363e-05	5.51571250543e-05	4.85615482735e-06	-2.94506066117e-05	-1.62861219861e-05	4.266117307e-06	6.78704325225e-06	3.30132811829e-06	2.42099970759e-06	3.05639611499e-07	-1.55153766319e-08	2.28167968037e-08	3.87863252016e-08	1.78184763337e-09	-9.77160913746e-10	-6.64032001992e-10	-3.42705051506e-10	5.23626793428e-10	-2.78982888535e-10
Even3;k__Bacteria;p__Firmicutes;c__Clostridia;o__Clostridiales;f__[Tissierellaceae];g__Anaerococcus	-0.0369392859908	0.00278856788101	-0.0167916000224	0.000104395674723	-0.000701049574861	0.00101838922801	0.000508947569558	0.000594281506745	-0.000468784997818	-3.79339588954e-05	6.54770479809e-05	2.45707643712e-05	5.57405752679e-05	5.77393726919e-06	-2.92994944367e-05	-1.5907116828e-05	4.75668813249e-06	6.4054169476e-06	2.94127517044e-06	2.36826510488e-06	2.97443444352e-07	-1.03442421077e-08	1.94641574713e-08	3.62564239086e-08	2.23636786377e-09	-9.77160913746e-10	-6.64032001992e-10	-3.42705051506e-10	5.23626793428e-10	-2.78982888535e-10
Even4;k__Bacteria;p__Firmicutes;c__Bacilli;o__Lactobacillales;f__Streptococcaceae;g__Streptococcus	-0.00195852403353	0.00309868820951	-0.00795337589852	-0.00129940756886	-0.000160760841594	6.83930971025e-05	0.00020884722578	7.2318377679e-05	-0.00010725109813	-4.75366355663e-05	1.86343598616e-05	1.75687078611e-05	1.4352091096e-05	3.86712556201e-06	-4.73379584614e-06	-2.18498628562e-06	5.97098966536e-06	8.15812134868e-07	6.93217547572e-07	2.51860215966e-06	2.66497281551e-07	-3.38046937813e-11	1.19570125187e-08	3.8624632198e-08	1.27761032413e-09	-9.77160913746e-10	-6.64032001992e-10	-3.42705051506e-10	5.23626793428e-10	-2.78982888535e-10
Even1;k__Bacteria;p__Firmicutes;c__Clostridia;o__Clostridiales;f__Lachnospiraceae;g__Dorea	-0.044803845282	-0.00707333541455	-0.0113252932704	-0.00326345604176	0.000901829568727	0.000415673224178	0.000991493977632	-0.000317587714756	-0.000546265133839	0.000129165620328	2.73432485142e-05	7.48050153782e-05	7.66253325362e-05	1.69789395056e-05	1.42824022355e-05	2.33078234495e-06	-1.5258172836e-05	-1.5037765109e-05	-4.88734329204e-06	-1.26308934163e-05	-7.87686974377e-07	-2.48806840753e-07	-1.41780986361e-07	-1.97414567552e-07	-2.34496456558e-08	-9.77160913746e-10	-6.64032001992e-10	-3.42705051506e-10	5.23626793428e-10	-2.78982888535e-10
Even1;k__Bacteria;p__Firmicutes;c__Clostridia;o__Clostridiales;f__Lachnospiraceae;Other	0.116258112063	-0.0198997612517	-0.0290854682114	0.00477845915371	-0.00171895922545	-0.00249965358968	-0.00193747002152	0.000613941428406	0.00143097554673	-0.000505364488206	-6.05727553417e-05	-0.000138643224058	-1.55988434104e-05	-7.9798370795e-05	-0.000106794198489	-6.21273066069e-05	5.6318071078e-05	5.75503414795e-05	-1.38963621535e-05	-5.04677768139e-06	-5.96441942778e-07	1.44061018375e-07	3.94937328846e-07	1.10385641169e-07	3.05992318922e-08	-9.77160913746e-10	-6.64032001992e-10	-3.42705051506e-10	5.23626793428e-10	-2.78982888535e-10
Even1;k__Bacteria;p__Firmicutes;c__Bacilli;o__Lactobacillales;f__Streptococcaceae;g__Streptococcus	-0.00208868584782	0.00226532099781	-0.00774332423163	-0.00128081106422	-0.000172733850637	4.54756501361e-05	0.0002054944252	7.01363593379e-05	-0.000100959601103	-4.46477101713e-05	1.94193920831e-05	1.90794986688e-05	1.40877517505e-05	3.61855458139e-06	-5.853996856e-06	-1.98205774635e-06	6.51015201485e-06	7.83088035489e-07	5.76210368717e-07	2.59371731984e-06	2.52379763284e-07	-1.27451843748e-08	1.76326853864e-08	3.56295419239e-08	7.95137118328e-10	-9.77160913746e-10	-6.64032001992e-10	-3.42705051506e-10	5.23626793428e-10	-2.78982888535e-10
Even4;k__Bacteria;p__Firmicutes;c__Clostridia;o__Clostridiales;f__[Tissierellaceae];g__Anaerococcus	-0.0369331798916	0.00280952276745	-0.0167630111951	0.000102855087157	-0.000698446746571	0.00101198870373	0.000520765134815	0.000600015021561	-0.000474703305889	-4.15729377778e-05	7.42283674873e-05	2.36139130789e-05	5.54504358738e-05	3.31545957945e-06	-2.98815034383e-05	-1.55277805369e-05	4.17549710519e-06	7.04998753729e-06	3.42616260731e-06	2.43264057221e-06	3.0426220655e-07	-8.83604715989e-09	1.47146977443e-08	4.1652181106e-08	1.08747035603e-09	-9.77160913746e-10	-6.64032001992e-10	-3.42705051506e-10	5.23626793428e-10	-2.78982888535e-10
Even4;k__Bacteria;p__Firmicutes;c__Erysipelotrichi;o__Erysipelotrichales;f__Erysipelotrichaceae;g__[Eubacterium]	-0.0168017955139	0.00594837431668	-0.0143704228156	-0.000959522842076	-0.00108510098496	-0.00158883738932	0.000218857565659	0.000169249028796	-0.000136880451263	-5.71112129521e-05	3.41675234515e-05	9.97617216273e-06	1.74607290954e-05	2.99459311993e-06	-5.15116133943e-06	1.97147171213e-06	7.11961776368e-06	-2.4209576477e-06	-4.17899526338e-07	3.20277153316e-06	3.5486285965e-07	-2.43300737492e-08	3.32089368348e-08	4.64425146731e-08	2.13973062255e-09	-9.77160913746e-10	-6.64032001992e-10	-3.42705051506e-10	5.23626793428e-10	-2.78982888535e-10
Even4;k__Bacteria;p__Firmicutes;c__Clostridia;o__Clostridiales;f__Lachnospiraceae;g__Dorea	-0.045607767552	-0.00800208580441	-0.0109237933894	-0.00350614425951	0.00119861005928	0.000333918238356	0.00103537170054	-0.000352279939348	-0.000477358585262	0.000134269878999	-5.39818734998e-06	8.48623981472e-05	6.74200476104e-05	4.30850395193e-05	1.69984821606e-05	4.45962957511e-06	-1.8846355485e-05	-1.4539678985e-05	-6.85716804634e-06	-1.04624039572e-05	-7.50238465767e-07	-3.21811453508e-07	-1.08155046802e-07	-2.03003634011e-07	-2.67639159564e-08	-9.77160913746e-10	-6.64032001992e-10	-3.42705051506e-10	5.23626793428e-10	-2.78982888535e-10
Even4;k__Bacteria;p__Firmicutes;c__Clostridia;o__Clostridiales;f__Lachnospiraceae;Other	0.118453699087	-0.0197412055124	-0.0289660448096	0.0048529070687	-0.00199286794811	-0.00247314612891	-0.00194810806782	0.000547839863945	0.00133851071992	-0.000499536575567	-1.87968884156e-05	-0.000137933821753	1.22650989013e-06	-0.000108746792685	-0.000106063007931	-6.98336003405e-05	5.87405764781e-05	5.91559970865e-05	-1.57381757629e-05	-9.13346425368e-06	-7.91129809717e-07	1.22873178033e-07	3.79601880239e-07	5.8181503941e-08	2.6183123972e-08	-9.77160913746e-10	-6.64032001992e-10	-3.42705051506e-10	5.23626793428e-10	-2.78982888535e-10
Even3;k__Bacteria;p__Firmicutes;c__Erysipelotrichi;o__Erysipelotrichales;f__Erysipelotrichaceae;g__[Eubacterium]	-0.0202087313361	0.00545985053333	-0.0149957771259	-0.000680630894019	-0.00129885589912	-0.0019440677952	0.000197194303065	0.000193746184003	-0.000153988936003	-4.7658139892e-05	4.78822577082e-05	6.51350609618e-06	2.07760071053e-05	8.31087371129e-07	-6.24816045977e-06	1.29049304562e-06	6.95497341682e-06	-2.94302218524e-06	-5.9086667202e-07	3.32676069588e-06	3.68166589142e-07	-9.84115909886e-08	7.95959297985e-08	4.94329940455e-08	-7.20650748208e-10	-9.77160913746e-10	-6.64032001992e-10	-3.42705051506e-10	5.23626793428e-10	-2.78982888535e-10
Even3;k__Bacteria;p__Firmicutes;c__Clostridia;o__Clostridiales;f__Lachnospiraceae;Other	0.125795833773	-0.0172706075714	-0.0279411032659	0.00533551491252	-0.0017038381217	-0.00255170124924	-0.00174206666456	0.000505348635762	0.00124458654747	-0.000352801140423	-0.000102429552516	-0.000147533045019	-2.78703089566e-05	-7.98796557716e-05	-0.000125870794636	-7.38606825472e-05	4.06716368591e-05	6.01645133127e-05	-1.74493470359e-05	-1.41958355979e-05	-1.32418160151e-06	1.83545997114e-08	3.69166014051e-07	-5.65496096126e-08	1.58615930158e-08	-9.77160913746e-10	-6.64032001992e-10	-3.42705051506e-10	5.23626793428e-10	-2.78982888535e-10
Even1;k__Bacteria;p__Firmicutes;c__Erysipelotrichi;o__Erysipelotrichales;f__Erysipelotrichaceae;g__[Eubacterium]	-0.0204008138054	0.00546088007482	-0.0149718107502	-0.000703891918976	-0.00128528396916	-0.00191154506057	0.000203852301538	0.000192319609197	-0.000149071097411	-5.27512968407e-05	4.40385460231e-05	9.64726901638e-06	2.04637583675e-05	1.41003792199e-06	-4.47720788611e-06	2.31382381156e-06	6.49711584738e-06	-3.03078637642e-06	-6.12220978144e-07	3.40872533336e-06	2.91514173525e-07	-6.43431564448e-08	3.24267040453e-08	5.93092818474e-08	-6.02555439607e-09	-9.77160913746e-10	-6.64032001992e-10	-3.42705051506e-10	5.23626793428e-10	-2.78982888535e-10
Even3;k__Bacteria;p__Firmicutes;c__Clostridia;o__Clostridiales;f__Lachnospiraceae;g__Dorea	-0.0456238452403	-0.00734383105248	-0.0100707417758	-0.00310277699146	0.000939634183173	0.00044127140513	0.000875361437031	-0.000366007134012	-0.000470817345119	8.80740826455e-05	5.0902245678e-05	7.67503673226e-05	7.59200925949e-05	1.70793422688e-05	1.98822268726e-05	1.23150140555e-05	-2.11793717655e-05	-1.95598250774e-05	-6.73740973967e-06	-1.16952703668e-05	-6.71610261751e-07	-2.71442667597e-07	-1.12337919738e-07	-1.78856086706e-07	-2.30908177572e-08	-9.77160913746e-10	-6.64032001992e-10	-3.42705051506e-10	5.23626793428e-10	-2.78982888535e-10
Even1;k__Bacteria;p__Firmicutes;c__Clostridia;o__Clostridiales;f__Lachnospiraceae;g__Roseburia	-0.00301880686143	-0.0436713319877	-0.0021791013493	-0.00446824242319	-0.000393893772589	5.80398316746e-05	5.49766816258e-05	-0.000335004262469	0.000183504008763	-0.000112892992893	8.81422574588e-05	0.00011392356179	3.54547173839e-05	6.95522747564e-06	7.47885241376e-06	4.97443909294e-06	2.08891931107e-05	-6.00839372997e-07	-5.82553006356e-06	8.14649120761e-06	9.37531648713e-07	-1.15084249225e-07	5.59986506001e-08	1.19893806491e-07	-1.409089798e-09	-9.77160913746e-10	-6.64032001992e-10	-3.42705051506e-10	5.23626793428e-10	-2.78982888535e-10
Even1;k__Bacteria;p__Firmicutes;c__Clostridia;o__Clostridiales;f__Lachnospiraceae;g__	-0.106944052042	0.0932392600322	0.0236952917157	-0.000441348290032	-0.00100343839154	0.000881793228907	0.00152617058744	-0.000214904909596	-0.00168685411561	0.000443673852193	6.96738536871e-05	7.41148542584e-05	-3.20657884146e-05	3.23040022258e-05	0.00010258875534	2.46006104968e-05	-9.47038055889e-05	-4.12957017024e-05	2.61299088404e-06	8.81435228545e-06	-7.9026747827e-08	-5.78114170569e-07	-1.82604200393e-07	-2.52998878197e-07	-5.1483453222e-08	-9.77160913745e-10	-6.64032001992e-10	-3.42705051507e-10	5.23626793427e-10	-2.78982888535e-10
Even3;k__Bacteria;p__Firmicutes;c__Clostridia;o__Clostridiales;f__Lachnospiraceae;g__Roseburia	-0.00358286551474	-0.0460902015881	-0.00246435995571	-0.00471771495117	-0.000137753956189	1.64700668786e-05	2.54572686682e-05	-0.000441484615073	0.000238404130275	-0.000140303701987	0.000114870142303	0.000118613822543	4.62650532172e-05	5.36081178757e-06	1.62934204917e-05	1.38157215096e-05	1.84938062149e-05	-4.89959366796e-06	-7.73676460414e-06	7.46315369136e-06	9.13666549907e-07	-1.38303645891e-07	7.11064215774e-08	1.17153256554e-07	-1.90233915308e-09	-9.77160913746e-10	-6.64032001992e-10	-3.42705051506e-10	5.23626793428e-10	-2.78982888535e-10
Even4;k__Bacteria;p__Firmicutes;c__Clostridia;o__Clostridiales;f__Lachnospiraceae;g__	-0.10654986075	0.0920277012294	0.0233431636839	-0.000646197818336	-0.000939753814189	0.00085724991237	0.00153739755383	-0.000185323531762	-0.00164297402415	0.000433210778133	6.61701787868e-05	7.74779102093e-05	-3.80928369285e-05	3.63985340778e-05	9.79270677259e-05	2.84407384238e-05	-9.10021931128e-05	-4.22541922577e-05	5.82606951316e-06	1.15629850028e-05	1.53919073514e-07	-5.02123182982e-07	-1.95590535229e-07	-1.90373957001e-07	-4.47639865514e-08	-9.77160913745e-10	-6.64032001992e-10	-3.42705051507e-10	5.23626793427e-10	-2.78982888535e-10
Even3;k__Bacteria;p__Firmicutes;c__Clostridia;o__Clostridiales;f__Lachnospiraceae;g__	-0.106865513377	0.0944295147941	0.023847222308	-0.000121948877351	-0.00117858483564	0.000975691476726	0.00132274692183	-1.01204587046e-05	-0.00152791019983	0.000343204925141	5.57682005567e-05	6.84608107982e-05	-1.52357600215e-05	2.75795304479e-05	0.00011731135441	1.30563313678e-05	-7.71987165021e-05	-3.42246378311e-05	8.09166550886e-06	1.4710479233e-05	2.87438432508e-07	-4.33951096214e-07	-2.08468398965e-07	-1.24467782347e-07	-3.70824439899e-08	-9.77160913745e-10	-6.64032001992e-10	-3.42705051507e-10	5.23626793427e-10	-2.78982888535e-10
Even4;k__Bacteria;p__Firmicutes;c__Clostridia;o__Clostridiales;f__Lachnospiraceae;g__Roseburia	-0.00601819951593	-0.0441734743237	0.0013614643613	-0.00357384109783	-0.000548435460935	0.000126415885382	-7.13515634675e-05	-0.000307538808649	0.00018386874728	-9.09335993334e-05	9.78920399845e-05	0.000102642503886	4.03291974454e-05	4.49438863674e-06	1.06793716397e-05	5.54071852566e-06	1.68588863843e-05	-2.23429844389e-06	-6.00024945889e-06	6.84397632101e-06	8.18572101531e-07	-1.09501872945e-07	5.28041119241e-08	1.04672923117e-07	-1.45576795993e-09	-9.77160913746e-10	-6.64032001992e-10	-3.42705051506e-10	5.23626793428e-10	-2.78982888535e-10
Even4;k__Bacteria;p__Proteobacteria;c__Gammaproteobacteria;o__Enterobacteriales;f__Enterobacteriaceae;g__Proteus	-0.0014030156495	0.00204923601627	-0.00278496780508	-0.000663592456696	5.35431488868e-05	1.88830161171e-05	7.94734849713e-05	1.83683805346e-05	-2.78092050594e-05	-2.68864704121e-05	-8.67905305117e-06	4.84085358352e-06	1.85538001924e-06	6.80699985745e-06	4.96031679995e-06	2.30768867269e-06	1.59820425802e-06	-3.1064289362e-07	4.00318479222e-08	8.64711074554e-07	8.49063798394e-08	-5.99728088596e-08	4.69410987007e-08	1.01162942863e-08	-9.47850923177e-10	-9.77160913746e-10	-6.64032001992e-10	-3.42705051506e-10	5.23626793428e-10	-2.78982888535e-10
Even3;k__Bacteria;p__Proteobacteria;c__Gammaproteobacteria;o__Enterobacteriales;f__Enterobacteriaceae;g__Proteus	-0.00206837571835	0.00212620014445	-0.0025849194527	-0.000677557491166	8.64498075574e-05	1.5975741118e-05	7.86691506671e-05	2.30777227185e-05	-1.09041409757e-05	-2.80364624429e-05	-1.74251273109e-05	7.99246436987e-06	-2.09848370995e-06	7.12494685652e-06	3.23551775212e-06	3.160967245e-06	1.94601623892e-06	-1.45633383225e-07	-4.33220806067e-08	1.24845122528e-06	9.3519772941e-08	-2.60916877315e-08	2.11565119727e-08	1.17432329972e-08	-3.2426807906e-10	-9.77160913746e-10	-6.64032001992e-10	-3.42705051506e-10	5.23626793428e-10	-2.78982888535e-10
Even4;k__Bacteria;p__Proteobacteria;c__Gammaproteobacteria;o__Enterobacteriales;f__Enterobacteriaceae;g__	-0.11570150593	0.134288637491	0.0464742803669	0.00931692240718	-0.00961636522503	0.00401750086261	-0.00206663056585	0.0017334679932	-0.000204994605612	-0.000200653488856	-1.9534149178e-05	-0.000139601578084	0.000135865582504	1.71940285361e-05	4.78645124906e-05	5.22251095297e-05	-6.71634066311e-05	-2.76539073391e-05	-7.65257962867e-06	-1.48532092029e-05	-1.54089720563e-06	-3.44070731944e-07	3.06899338836e-07	-1.81167773069e-07	-6.61859086708e-09	-9.77160913744e-10	-6.64032001992e-10	-3.42705051507e-10	5.23626793426e-10	-2.78982888536e-10
Even3;k__Bacteria;p__Proteobacteria;c__Gammaproteobacteria;o__Enterobacteriales;f__Enterobacteriaceae;g__	-0.115621524297	0.133499434124	0.0468991352445	0.0092361524099	-0.00967779315376	0.00401500669341	-0.00205661905191	0.00171922378114	-0.000220040827427	-0.000189706393073	-1.5728412566e-05	-0.000136578190231	0.000134772888784	1.74061440519e-05	4.66661368748e-05	5.229133577e-05	-6.80122584973e-05	-2.8083700221e-05	-8.1242093604e-06	-1.48577240944e-05	-1.45045017349e-06	-4.38373236015e-07	2.22422211155e-07	-1.99375081401e-07	-1.49861072021e-08	-9.77160913744e-10	-6.64032001992e-10	-3.42705051507e-10	5.23626793426e-10	-2.78982888536e-10
Even1;k__Bacteria;p__Proteobacteria;c__Gammaproteobacteria;o__Enterobacteriales;f__Enterobacteriaceae;g__Proteus	-0.00176898009775	0.000886804224482	-0.00107087519126	-0.000326399070129	4.3137970972e-05	1.61458691108e-05	3.46036720656e-05	9.75449669193e-06	-1.09410612074e-05	-1.67837056634e-05	-9.2281958798e-06	-2.93960618354e-06	-9.78385063759e-07	4.97681416491e-06	5.41222198263e-06	3.54144080111e-06	1.99723983705e-06	1.6007184118e-07	-4.77656397387e-08	6.05382590796e-07	4.91364767316e-08	-4.97600528736e-11	4.92025310574e-09	7.74074947639e-09	3.42885318119e-10	-9.77160913746e-10	-6.64032001992e-10	-3.42705051506e-10	5.23626793428e-10	-2.78982888535e-10
Even1;k__Bacteria;p__Proteobacteria;c__Gammaproteobacteria;o__Enterobacteriales;f__Enterobacteriaceae;g__	-0.115676571908	0.132657735564	0.0480601037526	0.00888704161854	-0.0102405010434	0.00411906407485	-0.0021128975342	0.00176891329758	-0.000230375335069	-0.000195802795143	-3.12792910869e-06	-0.000126721866633	0.000143075539374	1.75431249729e-05	4.36610054625e-05	4.9981521921e-05	-6.5301563883e-05	-2.71624741157e-05	-8.31814191345e-06	-1.32999792167e-05	-1.45161293233e-06	-4.10711237039e-07	2.77604486915e-07	-1.38535511883e-07	-6.17908866945e-09	-9.77160913744e-10	-6.64032001992e-10	-3.42705051507e-10	5.23626793426e-10	-2.78982888536e-10
Even4;k__Bacteria;p__Firmicutes;c__Erysipelotrichi;o__Erysipelotrichales;f__Erysipelotrichaceae;Other	0.25854596474	0.00503971256849	-0.00889384905405	0.00795046760999	-0.00553208664869	0.00365625444664	0.00314456376483	0.00107517644822	-0.00105743801776	-0.000118240093169	0.000879415487481	-9.79722039792e-05	0.000408391974599	-0.000215969266591	0.000213812000472	5.91032798623e-05	-0.00062858498629	-5.0386979819e-05	3.14430933968e-05	-6.34930718933e-05	-5.15936119235e-06	1.59986938773e-07	-2.81298676583e-07	-8.40659399752e-07	-2.31715567197e-08	-9.77160913747e-10	-6.64032001992e-10	-3.42705051506e-10	5.23626793428e-10	-2.78982888535e-10
Even3;k__Bacteria;p__Firmicutes;c__Clostridia;o__Clostridiales;f__Lachnospiraceae;g__[Ruminococcus]	-0.0405948619186	0.000578174663712	-0.0164782628034	-0.00173229216355	-0.000111768110638	0.000902695546527	0.000477770297253	0.000425889220205	-0.000236393052062	-5.6159164403e-05	1.36376366726e-05	5.58472705618e-05	2.5533814862e-05	4.00250620563e-06	-4.26841471e-05	1.37702640216e-06	3.85317346009e-05	1.73806297483e-05	3.3773220569e-06	7.43341783081e-06	7.4099596388e-07	3.71745124092e-08	-2.41505447265e-08	1.04129076023e-07	3.1204405057e-09	-9.77160913746e-10	-6.64032001992e-10	-3.42705051506e-10	5.23626793428e-10	-2.78982888535e-10
Even1;k__Bacteria;p__Firmicutes;c__Clostridia;o__Clostridiales;f__Clostridiaceae;g__SMB53	-0.0413459858432	-0.0504895088006	-0.0298446202134	-0.0162704606402	0.00304665255296	0.000508009339208	-0.00117377831968	-0.00129954630447	0.000916335453958	7.90634353111e-05	0.000205709720288	-0.000148713804381	-0.000222469823659	-0.000108605860215	-0.000174321529199	-9.78249022824e-05	5.17360720268e-05	5.11543571327e-05	-8.46327680019e-06	1.74109857238e-05	9.68202269075e-07	-1.9630998282e-07	7.46138007666e-08	1.3331331551e-07	-6.09341481175e-09	-9.77160913746e-10	-6.64032001992e-10	-3.42705051506e-10	5.23626793428e-10	-2.78982888535e-10
Even3;k__Bacteria;p__Firmicutes;c__Clostridia;o__Clostridiales;f__Clostridiaceae;g__SMB53	-0.0410357321707	-0.050640202423	-0.0300460562236	-0.0161834806056	0.00300348109313	0.000542257073691	-0.00123596946018	-0.00133012069067	0.000910536617228	8.09486353608e-05	0.000212980444412	-0.000153823656595	-0.000221565766636	-0.000112738142949	-0.000175227648855	-0.000101848900762	4.86874986558e-05	5.23319896047e-05	-1.18796801811e-05	1.59806231342e-05	8.02590095568e-07	-2.7583130211e-07	1.05521242708e-07	1.03112414575e-07	-9.90940392767e-09	-9.77160913746e-10	-6.64032001992e-10	-3.42705051506e-10	5.23626793428e-10	-2.78982888535e-10
Even4;k__Bacteria;p__Bacteroidetes;c__Bacteroidia;o__Bacteroidales;f__Porphyromonadaceae;g__Parabacteroides	-0.0369168418626	-0.00613823966338	-0.00498005937097	0.0024021218042	-0.000662716515519	0.000946783711112	0.000145736267376	0.000466830216502	-0.000344885740824	4.38689224368e-05	6.00160310108e-05	9.30091964295e-06	4.6932411686e-05	-1.20830462221e-05	-1.99599803424e-05	-1.34355373409e-05	-5.37688441276e-06	3.38169738236e-06	1.78300868203e-06	-1.07594351507e-06	-7.28785138083e-08	2.69163658541e-09	-1.67628636484e-08	9.47694613438e-09	1.82454173382e-09	-9.77160913746e-10	-6.64032001992e-10	-3.42705051506e-10	5.23626793428e-10	-2.78982888535e-10
Even4;k__Bacteria;p__Proteobacteria;c__Gammaproteobacteria;o__Enterobacteriales;f__Enterobacteriaceae;Other	0.00645193266806	-0.0460845001477	-0.0533335811963	0.0095910066678	-0.00280707555451	0.00492750874949	-0.00327929163127	-0.00123919058893	0.00587620929871	0.000310304987096	-0.000645718236064	-0.000655040778999	-0.000691576475076	0.000368729238946	0.000255112019666	0.000292262729202	-9.09241260798e-05	-3.79819279662e-05	-4.87604682449e-05	3.98364618073e-05	1.702018409e-06	-1.49942060162e-06	6.30509700105e-07	2.83829168677e-08	-6.49743719424e-08	-9.77160913746e-10	-6.64032001992e-10	-3.42705051506e-10	5.23626793428e-10	-2.78982888535e-10
Even1;k__Bacteria;Other;Other;Other;Other;Other	0.36284840379	0.0402091841132	0.0217078450816	-0.00837430628871	0.00196072196103	-0.00150383512504	0.000503663676499	-0.000906779761914	-0.000572926943227	0.000474566813801	0.000965477356161	-7.05194242233e-05	0.000329685001515	0.000263451145035	-5.34132167158e-05	-2.19020546551e-05	0.000136775057399	-4.82476613627e-05	1.54579452214e-06	2.38657935829e-05	2.50795643281e-06	1.81800173419e-07	3.26017071442e-07	4.73701872591e-07	3.61192643254e-08	-9.77160913746e-10	-6.64032001992e-10	-3.42705051506e-10	5.23626793428e-10	-2.78982888535e-10
Even3;k__Bacteria;p__Proteobacteria;c__Gammaproteobacteria;o__Enterobacteriales;f__Enterobacteriaceae;Other	0.0071447833448	-0.044698571429	-0.0533608661129	0.010522776743	-0.00232671027348	0.00475571494857	-0.00294851982759	-0.00118081696242	0.00591084035535	0.00044586118416	-0.000714286587582	-0.000566069451251	-0.00073963078018	0.000359892063831	0.000243903476808	0.000223439883573	-6.98068851545e-05	-1.21529120467e-05	-3.00020194055e-05	3.78453138517e-05	1.39903529814e-06	-8.87960245271e-07	7.17688955026e-07	4.60527441031e-08	-3.41975416021e-08	-9.77160913746e-10	-6.64032001992e-10	-3.42705051506e-10	5.23626793428e-10	-2.78982888535e-10
Even4;k__Bacteria;p__Bacteroidetes;c__Bacteroidia;o__Bacteroidales;f__Prevotellaceae;g__Prevotella	-0.0268932145816	-0.00355843470845	-0.00227144705214	0.00170904334017	-0.000980071341565	-0.00122266955555	-7.48313355943e-05	0.000249604987204	-7.82177336004e-05	5.90484948702e-05	-1.36009290634e-05	1.58714308047e-05	5.02989723204e-06	-1.01265999884e-05	-8.04009048002e-06	-2.98386489812e-06	-9.55648897582e-06	9.30967125826e-07	-1.7599792877e-06	-3.89181047338e-07	-1.45099267772e-07	-8.89255724595e-08	2.40976569565e-08	-3.3685140218e-08	-4.74993959503e-09	-9.77160913746e-10	-6.64032001992e-10	-3.42705051506e-10	5.23626793428e-10	-2.78982888535e-10
Even3;k__Bacteria;p__Firmicutes;c__Erysipelotrichi;o__Erysipelotrichales;f__Erysipelotrichaceae;Other	0.366726218519	0.0331127446284	0.0205823327608	-0.00080179879014	0.00168841747683	0.011420913779	0.00625781956455	0.00135837735775	-0.00200192351479	-0.000770814394948	-0.000563191167968	0.000850679339016	0.000463249870978	0.000395963561363	0.000315576727519	0.000235726336816	2.90009769247e-05	-0.0001047318257	6.06930643902e-05	2.19808875539e-05	4.54506805502e-06	1.22725200849e-06	-3.83759272885e-07	7.36688143438e-07	7.22412640695e-08	-9.77160913746e-10	-6.64032001992e-10	-3.42705051506e-10	5.23626793428e-10	-2.78982888535e-10
Even3;k__Bacteria;Other;Other;Other;Other;Other	0.361021350022	0.039646583459	0.0210780528489	-0.0079807010628	0.00179054276001	-0.00161379710059	0.000511007959318	-0.000876140976101	-0.000632755740744	0.000492486310167	0.00101913194756	-8.07086261801e-05	0.000360013476643	0.000272069276431	-5.27357564626e-05	-1.93349885698e-05	0.000144968074819	-5.14027963512e-05	2.62332220589e-06	2.26645457618e-05	2.63054545029e-06	1.99261021954e-07	2.51133476192e-07	5.05568940035e-07	3.74226045702e-08	-9.77160913746e-10	-6.64032001992e-10	-3.42705051506e-10	5.23626793428e-10	-2.78982888535e-10
Even4;k__Bacteria;p__Firmicutes;c__Clostridia;o__Clostridiales;f__Clostridiaceae;g__SMB53	-0.041256509955	-0.0503776935775	-0.0298899127629	-0.0161960766975	0.00302248051881	0.000526846483189	-0.00120529930992	-0.00131198391871	0.000913084610267	8.08469976077e-05	0.000209292957452	-0.000152090532517	-0.000221014473399	-0.000111393693114	-0.000174913127974	-9.91303953313e-05	5.00649183547e-05	5.14555380795e-05	-1.00552998378e-05	1.64131752612e-05	8.84653076482e-07	-2.29739943983e-07	8.69304784959e-08	1.18907258719e-07	-7.72326509449e-09	-9.77160913746e-10	-6.64032001992e-10	-3.42705051506e-10	5.23626793428e-10	-2.78982888535e-10
Even4;k__Bacteria;Other;Other;Other;Other;Other	0.35769195751	0.0384809272176	0.0198971554904	-0.00723747420846	0.00142637023795	-0.00183567120465	0.000556930742599	-0.000734317550565	-0.000748505351953	0.000518209237019	0.00111124896349	-7.76122412601e-05	0.000404514880513	0.000278334244522	-6.06069257713e-05	-1.69261927503e-05	0.000140205122347	-5.73142298367e-05	4.44731325746e-06	2.22057166064e-05	2.66399311511e-06	2.86990323945e-07	2.98573233063e-07	5.27320841987e-07	4.40374317423e-08	-9.77160913746e-10	-6.64032001992e-10	-3.42705051506e-10	5.23626793428e-10	-2.78982888535e-10
Even1;k__Bacteria;p__Firmicutes;c__Erysipelotrichi;o__Erysipelotrichales;f__Erysipelotrichaceae;Other	0.361834969787	0.0317002529408	0.0191760590875	-7.92834426216e-05	0.00121128313256	0.0109401425114	0.00630593282161	0.00146658323922	-0.00203498009885	-0.000759974896438	-0.000587282653763	0.000855719782269	0.000461046067426	0.00039677256928	0.000316956355602	0.000233056584352	2.77740160915e-05	-0.000102505445821	6.03065894599e-05	2.14339735685e-05	4.03469154018e-06	1.14102915256e-06	-3.85277607066e-07	6.63136972314e-07	6.71801850992e-08	-9.77160913746e-10	-6.64032001992e-10	-3.42705051506e-10	5.23626793428e-10	-2.78982888535e-10
Even1;k__Bacteria;p__Actinobacteria;c__Coriobacteriia;o__Coriobacteriales;f__Coriobacteriaceae;g__Collinsella	-0.000543321330606	0.00825624727998	-0.0115077650529	-0.00220465568691	-8.05523496953e-05	0.000122884718851	0.000272129205313	4.84997319199e-05	-8.85265359272e-05	-9.43236624569e-05	6.87120820274e-06	1.59850528607e-05	1.2453861851e-05	9.38144571052e-06	-2.10867071371e-06	3.95721014706e-06	8.29702195188e-06	-1.07280991842e-06	-6.65195994209e-08	2.79212489839e-06	3.10441288924e-07	-1.41718346517e-08	2.72604030496e-08	4.6403883342e-08	1.39912952579e-09	-9.77160913746e-10	-6.64032001992e-10	-3.42705051506e-10	5.23626793428e-10	-2.78982888535e-10
Even3;k__Bacteria;p__Actinobacteria;c__Coriobacteriia;o__Coriobacteriales;f__Coriobacteriaceae;g__Collinsella	9.53083582721e-05	0.00825213312781	-0.0114813662682	-0.00219976211115	-9.04672005812e-05	0.000109653705148	0.000278475242081	5.58862151574e-05	-9.79774552494e-05	-9.20035157191e-05	6.62272444682e-06	1.61414075019e-05	1.13676439492e-05	9.14910356987e-06	-1.50510215285e-06	2.9966196951e-06	8.13008485584e-06	-1.40066782465e-06	-1.42867945292e-07	3.00489683084e-06	3.1402455122e-07	-1.95310973175e-08	3.00598904753e-08	4.6119950456e-08	1.17881347128e-09	-9.77160913746e-10	-6.64032001992e-10	-3.42705051506e-10	5.23626793428e-10	-2.78982888535e-10
Even1;k__Bacteria;p__Proteobacteria;c__Gammaproteobacteria;o__Enterobacteriales;f__Enterobacteriaceae;Other	0.00626682070935	-0.0437644234574	-0.0529937142007	0.0107962052933	-0.00176273462453	0.00455818864295	-0.00263193871326	-0.00111479983986	0.0060733079134	0.000448600657243	-0.000751570583154	-0.000475739168768	-0.000784488971993	0.00036092224355	0.000193708796682	0.000166142948119	-2.73199386539e-05	-4.56931975425e-06	-2.87124280042e-05	4.38114407553e-05	2.06105594564e-06	-1.08641376486e-06	4.48120851162e-07	4.8476960258e-08	-5.54769427292e-08	-9.77160913746e-10	-6.64032001992e-10	-3.42705051506e-10	5.23626793428e-10	-2.78982888535e-10
Even4;k__Bacteria;p__Firmicutes;c__Clostridia;o__Clostridiales;f__Lachnospiraceae;g__[Ruminococcus]	-0.0400384770743	0.000490155650904	-0.0165937028932	-0.0016064042634	-0.000157224640192	0.000925154100729	0.000486763647283	0.000429290077002	-0.000244466833605	-5.12436886035e-05	1.37428169555e-05	6.01744981499e-05	3.46311857055e-05	6.53413835285e-06	-4.31993099701e-05	2.3563084224e-06	3.78761902349e-05	1.83367027375e-05	3.70177342002e-06	7.18311814888e-06	7.70393674933e-07	5.12749591582e-08	-2.88964746803e-08	1.09839972834e-07	3.82990959551e-09	-9.77160913746e-10	-6.64032001992e-10	-3.42705051506e-10	5.23626793428e-10	-2.78982888535e-10
Even1;k__Bacteria;p__Firmicutes;c__Clostridia;o__Clostridiales;f__Lachnospiraceae;g__[Ruminococcus]	-0.0401571189704	0.000193327534266	-0.0165921386683	-0.00173260913839	-0.000124456894102	0.000905204819868	0.000518241093047	0.000429913781807	-0.000230814292534	-5.14248497788e-05	7.1269611819e-06	7.07378706205e-05	3.72502121856e-05	9.17756935375e-06	-4.53099650117e-05	5.16374988118e-06	4.33075211283e-05	1.949336879e-05	4.5801343761e-06	8.27134619177e-06	9.01467199456e-07	7.48479290805e-08	-3.92092505152e-08	1.29811556286e-07	5.11097070464e-09	-9.77160913746e-10	-6.64032001992e-10	-3.42705051506e-10	5.23626793428e-10	-2.78982888535e-10
Even4;k__Bacteria;p__Firmicutes;c__Clostridia;o__Clostridiales;f__Lachnospiraceae;g__Blautia	-0.0040727089719	0.00612957997277	-0.0122565217888	-0.00255650559456	-3.97472827752e-05	0.000210620559657	0.000277543856405	4.47977521139e-05	-8.29616836966e-05	-0.000115725596162	2.6841533485e-05	3.49037047252e-05	3.11089152285e-05	1.3712349729e-05	4.07215872782e-06	1.35745133983e-05	9.00025425938e-06	-4.0930577814e-06	-1.18797827076e-06	3.65766721158e-06	4.20572164668e-07	-2.79365247413e-08	4.13655870849e-08	6.27115812383e-08	1.7048327246e-09	-9.77160913746e-10	-6.64032001992e-10	-3.42705051506e-10	5.23626793428e-10	-2.78982888535e-10
Even1;k__Bacteria;p__Bacteroidetes;c__Bacteroidia;o__Bacteroidales;f__Rikenellaceae;g__	-0.036029509505	-0.0131206236716	0.000951929626027	-0.000308014759892	-0.00442598866179	0.00164106138859	-0.000191541252265	0.000834730991805	-0.000405798438315	-1.4563145161e-05	0.000119343986004	7.6645710332e-05	8.67062027011e-05	-2.00009069237e-05	-4.48151587766e-05	-3.79391287472e-05	1.63502805336e-05	1.36717215015e-05	2.87132659073e-06	1.00311741927e-05	1.04615699766e-06	-4.89771345722e-08	1.79286308595e-08	1.3199523927e-07	2.83060777048e-10	-9.77160913746e-10	-6.64032001992e-10	-3.42705051506e-10	5.23626793428e-10	-2.78982888535e-10
Even1;k__Bacteria;p__Firmicutes;c__Clostridia;o__Clostridiales;f__Lachnospiraceae;g__Blautia	-0.00484220626222	0.00535208963209	-0.0123680449421	-0.00282769284649	5.72140979309e-05	0.000206306683487	0.000311542838549	3.36760076016e-05	-6.91527693466e-05	-0.000125347841505	3.22802246904e-05	3.8156992732e-05	3.19993872094e-05	1.88935922969e-05	6.04465474089e-06	1.06221938999e-05	1.09136561477e-05	-5.50683798827e-06	-1.83905889417e-07	5.1314264374e-06	5.3342457101e-07	-1.13057781874e-08	3.79290028292e-08	7.90804353498e-08	2.71726645745e-09	-9.77160913746e-10	-6.64032001992e-10	-3.42705051506e-10	5.23626793428e-10	-2.78982888535e-10
Even3;k__Bacteria;p__Bacteroidetes;c__Bacteroidia;o__Bacteroidales;f__Porphyromonadaceae;g__Parabacteroides	-0.037131595227	-0.00948335639058	-0.000282085161794	0.00319962045013	-0.000596426620869	0.000882069973146	5.08467995877e-05	0.000437332067515	-0.000311971336413	7.32924974715e-05	5.74993384684e-05	3.15825004175e-06	3.8422377325e-05	-1.6802331251e-05	-1.81388498854e-05	-1.56575911243e-05	-7.50744241712e-06	3.20448333661e-06	1.73906519866e-06	-2.1998089897e-06	-1.2681080332e-07	1.05678720706e-08	-3.23878398058e-08	1.71367455745e-08	3.27449791624e-09	-9.77160913746e-10	-6.64032001992e-10	-3.42705051506e-10	5.23626793428e-10	-2.78982888535e-10
Even3;k__Bacteria;p__Bacteroidetes;c__Bacteroidia;o__Bacteroidales;f__Prevotellaceae;g__Prevotella	-0.0283239810303	-0.00653485734676	0.00208936756676	0.00236209186588	-0.000843636589754	-0.00121012491115	-0.000189454740854	0.000232284641396	-1.95858945668e-05	8.88919281378e-05	-4.05019690227e-05	2.12790798314e-05	-2.09747436938e-06	-1.01894147757e-05	-4.56136684243e-06	-2.67192977328e-06	-1.69989014343e-05	9.56147024442e-07	-3.4445681066e-06	-1.91031330762e-06	-3.5038490504e-07	-2.16322262115e-07	8.88079491223e-08	-7.2763578945e-08	-9.69782819492e-09	-9.77160913746e-10	-6.64032001992e-10	-3.42705051506e-10	5.23626793428e-10	-2.78982888535e-10
Even1;k__Bacteria;p__Bacteroidetes;c__Bacteroidia;o__Bacteroidales;f__Porphyromonadaceae;g__Parabacteroides	-0.0370900859606	-0.00973186378055	0.0001006336224	0.0032958911957	-0.000604253141782	0.000882585999562	3.52011834834e-05	0.000443374715262	-0.000298025315596	7.73080972111e-05	5.61499726709e-05	-8.85192284612e-08	3.89196036931e-05	-1.49033833478e-05	-1.81723362147e-05	-1.51013062928e-05	-7.0960193028e-06	3.90893189301e-06	2.07826021103e-06	-2.03866811791e-06	-1.54362630722e-07	2.28539803469e-08	-2.92682838278e-08	-2.36254747357e-08	-3.41619632411e-10	-9.77160913746e-10	-6.64032001992e-10	-3.42705051506e-10	5.23626793428e-10	-2.78982888535e-10
Even1;k__Bacteria;p__Firmicutes;c__Clostridia;o__Clostridiales;f__Clostridiaceae;g__	-0.103512860295	0.134592030585	0.00531436998367	0.0349764955735	0.0273914366137	-0.00356888873973	0.00125224125938	-0.00201023431921	0.000512256550114	0.000547430657829	-0.000849825073778	-0.000781859349793	-0.000409086783338	-2.73352409416e-05	0.000229540980722	0.000167910193039	-0.000274088043213	-7.09323984645e-05	-4.49185596529e-06	-9.88518702778e-05	-5.34927305236e-06	8.13473833154e-07	-1.9191621577e-07	-6.58037715685e-07	1.96183288504e-08	-9.77160913746e-10	-6.64032001992e-10	-3.42705051507e-10	5.23626793427e-10	-2.78982888536e-10
Even4;k__Bacteria;p__Proteobacteria;c__Gammaproteobacteria;Other;Other;Other	0.269851121287	0.025399691892	-0.00506436396975	0.00978268820666	0.00309815343286	-0.00516487887294	0.000389392067904	0.000448295061065	-0.00243044780083	0.0013204459398	0.000990097781946	0.000904642348087	0.000287900036807	-0.000585391207006	-0.000367988410666	-6.54095486897e-05	-6.44395724211e-05	1.00609515553e-05	-3.04379735192e-05	2.97292093174e-06	-4.593025882e-07	-1.00405031885e-06	-5.42127339175e-09	-2.25238676488e-07	-5.76218633227e-08	-9.77160913746e-10	-6.64032001992e-10	-3.42705051506e-10	5.23626793428e-10	-2.78982888535e-10
Even1;k__Bacteria;p__Bacteroidetes;c__Bacteroidia;o__Bacteroidales;f__Prevotellaceae;g__Prevotella	-0.0286473181664	-0.00691646185987	0.00280070614127	0.00249559808967	-0.000851547016837	-0.00117497623212	-0.000208781512576	0.000231535478249	-1.50678779473e-05	9.63491385366e-05	-4.79317441511e-05	1.87800942812e-05	-4.23671367729e-06	-1.24100556122e-05	-3.80958595922e-06	-2.40567822337e-06	-1.83097466449e-05	1.65597094068e-06	-3.34792863303e-06	-2.29927155572e-06	-4.15759446718e-07	-1.05895440152e-07	1.00595046016e-08	-7.8031433243e-08	-7.43275546437e-09	-9.77160913746e-10	-6.64032001992e-10	-3.42705051506e-10	5.23626793428e-10	-2.78982888535e-10
Even3;k__Bacteria;p__Proteobacteria;c__Gammaproteobacteria;Other;Other;Other	0.269636911266	0.0253522264641	-0.00461990989419	0.0091727299472	0.00352353230475	-0.00442862838922	0.000248498946274	0.000289459803744	-0.00232727216095	0.00119431647974	0.00107038468601	0.000896139983926	0.00033473340493	-0.000560477658544	-0.000330896304769	-2.38032579113e-05	-7.03975206978e-05	-4.4020414191e-06	-4.02162210242e-05	-2.45493007166e-06	-7.80872409656e-07	-1.19297271726e-06	3.79554909557e-08	-1.90109707124e-07	-5.58290218115e-08	-9.77160913746e-10	-6.64032001992e-10	-3.42705051506e-10	5.23626793428e-10	-2.78982888535e-10
Even3;k__Bacteria;p__Firmicutes;c__Erysipelotrichi;o__Erysipelotrichales;f__Erysipelotrichaceae;g__Holdemania	-0.0369445501648	-0.0108053178626	0.00116776449712	0.00353989924588	-0.000585148645915	0.000878009956446	1.66447390889e-05	0.00043969679797	-0.000298233660551	9.15157112557e-05	4.58713313067e-05	-2.70630112338e-06	2.95269120643e-05	-2.15966406324e-05	-1.89684044643e-05	-1.83869977268e-05	-9.92934146562e-06	6.03282085861e-06	2.47733408277e-06	-2.28156130086e-06	-2.19032255453e-07	4.19699190871e-08	-1.89808237256e-08	-2.3175426165e-08	-5.46455686731e-09	-9.77160913746e-10	-6.64032001992e-10	-3.42705051506e-10	5.23626793428e-10	-2.78982888535e-10
Even3;k__Bacteria;p__Firmicutes;c__Clostridia;o__Clostridiales;f__Lachnospiraceae;g__Blautia	-0.00437938790444	0.0051275863716	-0.0125934073535	-0.00268254691013	1.02039592022e-05	0.000247378593524	0.000295074014654	2.82977191631e-05	-8.46453398477e-05	-0.000121381325519	4.35035291345e-05	3.26177910705e-05	3.56848724562e-05	1.58916903535e-05	7.8590360532e-06	1.00581169589e-05	9.81252472572e-06	-5.54102316107e-06	-1.33192844914e-06	4.48534185513e-06	4.64779371989e-07	-3.70885161744e-08	4.95586481822e-08	6.78251672393e-08	1.5628892782e-09	-9.77160913746e-10	-6.64032001992e-10	-3.42705051506e-10	5.23626793428e-10	-2.78982888535e-10
Even3;k__Bacteria;p__Firmicutes;c__Clostridia;o__Clostridiales;f__Clostridiaceae;g__	-0.10465513237	0.134475531162	0.00846207266908	0.0318576211242	0.0235240179431	-0.00278957470058	0.000955694048851	-0.0016068492844	0.000426981287703	0.000451002308574	-0.000764765340079	-0.000710786596138	-0.000346170102771	-2.00945692315e-05	0.000209405554983	0.000152034793175	-0.000251362019736	-6.56652670122e-05	-4.05037597242e-06	-8.82134571266e-05	-4.64251140495e-06	7.05025440274e-07	-4.29332334407e-08	-4.40359185266e-07	3.41855944025e-08	-9.77160913745e-10	-6.64032001992e-10	-3.42705051507e-10	5.23626793427e-10	-2.78982888536e-10
Even4;k__Bacteria;p__Firmicutes;c__Erysipelotrichi;o__Erysipelotrichales;f__Erysipelotrichaceae;g__Catenibacterium	-0.0237534304915	-0.0215049383336	0.0229787347228	0.00636991043257	-0.000875099860298	-0.00216744047882	-0.000712420491234	7.4722157548e-06	0.000186018484057	0.000237896923906	3.45516235694e-06	-5.26432016778e-05	-3.00599231999e-05	-2.69285056312e-05	4.80516349525e-06	-9.1926098659e-06	-1.78285202496e-05	1.89354426362e-06	-8.70574954036e-07	-6.10803576545e-06	-6.5543637003e-07	-1.8686372755e-08	-3.58146098885e-08	-1.02606065305e-07	-4.74274805239e-09	-9.77160913746e-10	-6.64032001992e-10	-3.42705051506e-10	5.23626793428e-10	-2.78982888535e-10
Even1;k__Bacteria;p__Proteobacteria;c__Gammaproteobacteria;Other;Other;Other	0.276850851259	0.0273328062024	-0.00203818701803	0.00730509215127	0.00410769011502	-0.00400664561735	5.66201795664e-05	1.59521384109e-05	-0.00212415839251	0.00104421906267	0.00101414343324	0.00082110224246	0.000297952930348	-0.000536806732517	-0.000267861696522	1.73627822506e-05	-8.17470551725e-05	-1.74355015492e-05	-4.14722766347e-05	-2.94092131804e-06	-1.13401024209e-06	-1.12923742501e-06	1.67921374589e-07	-2.36938584979e-07	-5.13067128931e-08	-9.77160913746e-10	-6.64032001992e-10	-3.42705051506e-10	5.23626793428e-10	-2.78982888535e-10
Even4;k__Bacteria;p__Firmicutes;c__Clostridia;o__Clostridiales;f__Clostridiaceae;g__	-0.103094220635	0.13475269306	0.00407124252147	0.0362661776113	0.0289692538343	-0.00388706347162	0.00137304034773	-0.00217344632087	0.000542872818131	0.000583073231341	-0.000881114539638	-0.000808503059547	-0.000439334575489	-2.89412016083e-05	0.000236406733143	0.000174920211945	-0.000283071560423	-7.26086939225e-05	-5.43336256294e-06	-0.00010253966313	-5.74723044879e-06	8.11115635541e-07	-3.78514599204e-07	-5.72250535529e-07	2.94237821684e-08	-9.77160913746e-10	-6.64032001992e-10	-3.42705051507e-10	5.23626793427e-10	-2.78982888536e-10
Even3;k__Bacteria;p__Bacteroidetes;c__Bacteroidia;o__Bacteroidales;f__Rikenellaceae;g__	-0.036221349032	-0.0171440055602	0.00655436530333	0.000751689591232	-0.00428695115655	0.001562268793	-0.000313033436994	0.000799754296737	-0.000355380337041	3.05721557943e-05	0.000114855862876	6.75360398454e-05	8.08245480813e-05	-2.07431591557e-05	-4.13583079302e-05	-3.96271301882e-05	1.20444275357e-05	1.30550596996e-05	3.64705937614e-06	8.52100388352e-06	8.99682142637e-07	-4.36157791776e-08	1.32088384303e-08	1.11685140332e-07	6.75666538944e-11	-9.77160913746e-10	-6.64032001992e-10	-3.42705051506e-10	5.23626793428e-10	-2.78982888535e-10
Even4;k__Bacteria;p__Bacteroidetes;c__Bacteroidia;o__Bacteroidales;f__Rikenellaceae;g__	-0.0361063676703	-0.0174244406064	0.00673385866811	0.000829991114061	-0.00429783743464	0.00157029191876	-0.00033157139161	0.000790721696248	-0.000347120552812	3.30605168106e-05	0.000110701432524	6.5497898205e-05	7.98618574883e-05	-2.23199048424e-05	-4.14251945685e-05	-3.92114537292e-05	1.05060997203e-05	1.35099998693e-05	3.02313773641e-06	8.26729978476e-06	8.49222663377e-07	-1.3022376115e-08	-1.30787738301e-08	1.04840822578e-07	2.99616329487e-10	-9.77160913746e-10	-6.64032001992e-10	-3.42705051506e-10	5.23626793428e-10	-2.78982888535e-10
Even1;k__Bacteria;p__Firmicutes;c__Clostridia;o__Clostridiales;f__Clostridiaceae;Other	0.0746454480704	-0.0471446779061	-0.0586223664415	0.0258779269173	-0.0150257703933	0.00552370786182	-0.00089538949211	-0.000469794579478	-0.00249361593832	0.000129578255973	-0.00249064770532	0.000665594616478	0.000287061464943	-5.43476602997e-05	0.000347953922043	7.06598486571e-05	-0.000190171369002	-6.23840230055e-05	-2.80637046283e-06	-8.07929205222e-05	-1.07025900941e-05	-4.19959452849e-07	-4.97054555214e-08	-1.42249947478e-06	-3.72596527641e-08	-9.77160913747e-10	-6.64032001992e-10	-3.42705051506e-10	5.23626793429e-10	-2.78982888535e-10
Even1;k__Bacteria;p__Firmicutes;c__Erysipelotrichi;o__Erysipelotrichales;f__Erysipelotrichaceae;g__Holdemania	-0.0372508208463	-0.0136702420037	0.00534853714246	0.00428042558898	-0.00053023309414	0.000840968633972	-9.88731479068e-05	0.000394807780083	-0.000256981445129	0.00011865745877	4.87950368747e-05	-9.23875422523e-06	3.09174604186e-05	-2.27587948452e-05	-1.43610749477e-05	-1.71267352138e-05	-1.32005988618e-05	5.40241305346e-06	2.27531502802e-06	-3.46805403908e-06	-4.0573009963e-07	3.78123186593e-08	-2.81443887275e-08	-5.18701714497e-08	-5.57893910642e-09	-9.77160913746e-10	-6.64032001992e-10	-3.42705051506e-10	5.23626793428e-10	-2.78982888535e-10
Even3;k__Bacteria;p__Firmicutes;c__Clostridia;o__Clostridiales;f__Clostridiaceae;Other	0.0742930869218	-0.047463776017	-0.0587903708189	0.025884623256	-0.0152204599489	0.00562133300718	-0.000915947472772	-0.000540330474616	-0.00253915295491	0.000121464578044	-0.00262795429518	0.000693413721092	0.000267263434627	-6.4927922528e-05	0.000349784660586	6.61419724906e-05	-0.000194606852703	-5.77175852953e-05	6.41215653831e-06	-7.81528201616e-05	-9.78276986748e-06	-1.72198895173e-07	-2.30539067739e-07	-1.43271461252e-06	-4.40512971118e-08	-9.77160913747e-10	-6.64032001992e-10	-3.42705051506e-10	5.23626793429e-10	-2.78982888535e-10
Even1;k__Bacteria;p__Firmicutes;c__Clostridia;o__Clostridiales;f__Ruminococcaceae;g__Anaerotruncus	-0.00363808835965	-0.0119917514824	0.0110111247343	0.00191427449616	0.000108662522879	-4.16159708961e-05	-0.000263467725861	-0.000116175478452	0.000161719106867	7.89051940773e-05	1.51544746462e-05	2.31887154349e-05	1.00368217863e-05	-1.31794251128e-05	-6.55678232777e-06	-7.4923812567e-06	-4.81337059809e-06	3.22908161288e-06	-4.07370263352e-07	-2.08867117981e-06	-2.08339717719e-07	2.69504642944e-09	-3.69494016155e-08	-3.7781737145e-08	-2.34819129759e-09	-9.77160913746e-10	-6.64032001992e-10	-3.42705051506e-10	5.23626793428e-10	-2.78982888535e-10
Even1;k__Bacteria;p__Firmicutes;c__Clostridia;o__Clostridiales;f__Ruminococcaceae;g__	-0.111085134447	0.1308826373	0.0282465534778	0.0108754213749	-0.00187793389405	0.00233367358359	-0.00111089951806	0.00120805975104	3.12700245848e-05	-0.000232073561819	-0.000273922454286	-0.000208005147679	6.93651895079e-05	4.38959434745e-05	7.47976234599e-05	7.29565652586e-05	-3.89913626943e-05	-1.53774356234e-05	8.98864884919e-06	-2.01838798647e-05	-2.02554637061e-06	2.74502119258e-07	-3.32972411032e-08	-2.63336403684e-07	6.18233873411e-09	-9.77160913745e-10	-6.64032001992e-10	-3.42705051507e-10	5.23626793427e-10	-2.78982888536e-10
Even1;k__Bacteria;p__Firmicutes;c__Clostridia;o__Clostridiales;f__Ruminococcaceae;g__Faecalibacterium	-0.0513806412792	-0.0511840409003	-0.0250587762901	-0.0205924878437	0.00476634521841	-0.000802399503554	0.000625031752227	0.000299658262933	0.00155138454948	9.89039225162e-05	-0.00171845018677	0.00117580629	-0.00021757102358	0.000100349551432	-3.6461582592e-05	6.69087820612e-05	-0.000230708648471	9.87380098672e-06	-6.38351922079e-05	1.85456934e-05	-2.32856054302e-06	-2.17642899245e-06	5.48800296186e-07	-6.92914831986e-07	-1.21420200274e-07	-9.77160913746e-10	-6.64032001992e-10	-3.42705051506e-10	5.23626793428e-10	-2.78982888535e-10
Even4;k__Bacteria;p__Firmicutes;c__Clostridia;o__Clostridiales;f__Clostridiaceae;Other	0.0694823644623	-0.047777469221	-0.0594151351748	0.0247800759634	-0.0148639603948	0.00578138279798	-0.00175989700521	-0.00120227749655	-0.00214797834921	0.0001731049676	-0.0028136788391	0.000613289457902	0.000182130501799	-0.000107658998752	0.000343473896842	3.98441453952e-05	-0.000219579554792	-5.53786655086e-05	1.83727976758e-06	-8.55138876399e-05	-1.09644264678e-05	-1.03898745678e-07	6.19297023942e-09	-1.60317111716e-06	-4.15370367655e-08	-9.77160913747e-10	-6.64032001992e-10	-3.42705051506e-10	5.23626793429e-10	-2.78982888535e-10
Even3;k__Bacteria;p__Firmicutes;c__Clostridia;o__Clostridiales;f__Ruminococcaceae;g__	-0.111031404068	0.130324123412	0.0282772442542	0.0106268582797	-0.0019567335958	0.00232336571999	-0.00109549513671	0.00121396096646	-2.2527096128e-06	-0.000257497765122	-0.000275604834523	-0.000208756919296	8.21080268943e-05	4.45150221978e-05	6.59711046905e-05	6.3570265411e-05	-4.26122439388e-05	-1.66559030344e-05	9.22915650861e-06	-1.92634529096e-05	-1.75032476437e-06	3.47425183772e-07	-9.07545180077e-08	-2.53550561596e-07	2.39978195744e-08	-9.77160913745e-10	-6.64032001992e-10	-3.42705051507e-10	5.23626793427e-10	-2.78982888536e-10
Even4;k__Bacteria;p__Firmicutes;c__Clostridia;o__Clostridiales;f__Ruminococcaceae;g__Ruminococcus	-0.0315214387128	-0.122233991415	0.104944461484	0.0181593280094	0.001364648614	-0.000542390687236	-0.0031011244766	-0.00057551327597	0.000544775506571	0.00058883233484	-3.53355763602e-05	-0.000462890243558	-0.00018123718999	-4.34874193583e-06	0.000253605601994	0.000139759431859	-0.00013809251675	-5.56093690456e-05	-2.53688970142e-05	-3.95299759195e-05	-3.80363418512e-06	-1.70208269653e-07	1.25233099081e-07	-4.91066821362e-07	-1.08313823495e-08	-9.77160913747e-10	-6.64032001992e-10	-3.42705051506e-10	5.23626793428e-10	-2.78982888535e-10
Even4;k__Bacteria;p__Firmicutes;c__Clostridia;o__Clostridiales;f__Ruminococcaceae;g__	-0.11216725226	0.134383718274	0.0293402405138	0.011384235819	-0.00219020732359	0.00243830096222	-0.00118791168792	0.00122497012401	-2.0470547973e-05	-0.000239770303832	-0.00024196802955	-0.000218526589759	7.6244589496e-05	3.32198869614e-05	8.16442081906e-05	6.34776174161e-05	-5.45831703274e-05	-1.64092292836e-05	7.99499468672e-06	-2.16411188881e-05	-2.01498974117e-06	2.77972580802e-07	-1.34820456875e-07	-3.08527903626e-07	1.40828140417e-08	-9.77160913745e-10	-6.64032001992e-10	-3.42705051507e-10	5.23626793427e-10	-2.78982888536e-10
Even3;k__Bacteria;p__Firmicutes;c__Clostridia;o__Clostridiales;f__Ruminococcaceae;g__Anaerotruncus	-0.0036040350168	-0.0125742769492	0.0139736936362	0.00253777324808	0.000147657391524	-7.44850342647e-05	-0.000343178378542	-0.000107599659555	0.00017046235032	0.000101924078751	-7.33064034963e-06	1.74868553093e-06	-4.77424295948e-06	-1.30284328593e-05	5.54664001647e-07	-4.40456804396e-06	-9.81017605858e-06	2.67406503817e-06	-4.96902879844e-07	-3.37851836416e-06	-3.60073465621e-07	5.95175556153e-09	-3.84283114614e-08	-5.79474404462e-08	-2.6376764637e-09	-9.77160913746e-10	-6.64032001992e-10	-3.42705051506e-10	5.23626793428e-10	-2.78982888535e-10
Even3;k__Bacteria;p__Firmicutes;c__Clostridia;o__Clostridiales;f__Ruminococcaceae;g__Faecalibacterium	-0.0514529501887	-0.05117403996	-0.0249959059497	-0.0206251176401	0.00477574331434	-0.000814982846572	0.000652020552084	0.000297514398941	0.00154139887455	9.73706817538e-05	-0.00171190675963	0.00117055307202	-0.000213203819732	0.00010151231609	-3.56415459582e-05	6.56397726762e-05	-0.000229216178501	8.96054891578e-06	-6.22873274855e-05	1.88919504122e-05	-2.26377683052e-06	-2.13891375384e-06	5.33921578987e-07	-6.80433874158e-07	-1.19655982252e-07	-9.77160913746e-10	-6.64032001992e-10	-3.42705051506e-10	5.23626793428e-10	-2.78982888535e-10
Even4;k__Bacteria;p__Firmicutes;c__Clostridia;o__Clostridiales;f__Ruminococcaceae;g__Anaerotruncus	-0.00357560835799	-0.0130018861996	0.0149453340897	0.0027746334243	0.000121657059306	-7.60448093711e-05	-0.000366126000137	-0.000105223612964	0.000165703663734	0.000107939453514	-2.89556335596e-07	-2.42259892053e-06	-5.14431165975e-06	-1.5067939586e-05	4.48283227898e-07	-5.07350840946e-06	-9.49577673524e-06	2.54607586262e-06	-2.36177012175e-07	-3.53042492804e-06	-3.63654744113e-07	1.47781198414e-08	-4.24765430224e-08	-5.74335009669e-08	-2.27796208651e-09	-9.77160913746e-10	-6.64032001992e-10	-3.42705051506e-10	5.23626793428e-10	-2.78982888535e-10
Even4;k__Bacteria;p__Firmicutes;c__Clostridia;o__Clostridiales;f__Ruminococcaceae;g__Faecalibacterium	-0.0510147221312	-0.0508909630103	-0.0250091750802	-0.0204866540715	0.00470951822398	-0.000787517145489	0.000612963978297	0.000296692576773	0.00154407694084	9.71805040242e-05	-0.0017037111204	0.00116732364073	-0.000213135223592	0.000102666297831	-3.59899447048e-05	6.41175312671e-05	-0.000232900070657	1.05292918417e-05	-6.41654508775e-05	1.76117104545e-05	-2.41039136252e-06	-2.18308075243e-06	5.52401165129e-07	-7.04278383194e-07	-1.21860537111e-07	-9.77160913746e-10	-6.64032001992e-10	-3.42705051506e-10	5.23626793428e-10	-2.78982888535e-10
Even1;k__Bacteria;p__Firmicutes;c__Clostridia;o__Clostridiales;f__Ruminococcaceae;g__Ruminococcus	-0.032397870265	-0.12868044278	0.116929154332	0.0206126353734	0.00148419596289	-0.000648243356794	-0.00337236580408	-0.000642021147506	0.00068746769418	0.000695376799546	-5.64447580866e-05	-0.000466514404759	-0.000193736208167	-1.93301587648e-05	0.000246559769052	0.000129341085113	-0.000144445708349	-5.05755755351e-05	-2.42015973407e-05	-4.21757948719e-05	-4.11933985132e-06	-1.41783705562e-07	7.485500767e-08	-5.42607747255e-07	-1.27508801802e-08	-9.77160913747e-10	-6.64032001992e-10	-3.42705051506e-10	5.23626793429e-10	-2.78982888535e-10
Even3;k__Bacteria;p__Firmicutes;c__Clostridia;o__Clostridiales;f__Ruminococcaceae;g__Ruminococcus	-0.0325384120648	-0.128905129477	0.116897972981	0.0205494530054	0.001480186865	-0.000642352569988	-0.00337095704255	-0.000645313688044	0.000680155169577	0.000690372534298	-5.74941276048e-05	-0.000466725266814	-0.000193873607786	-1.94291713432e-05	0.000249859007954	0.000130443176043	-0.000145025667964	-5.01104960299e-05	-2.42017163297e-05	-4.19655519378e-05	-4.1034199436e-06	-1.41184715329e-07	7.572842634e-08	-5.40436577937e-07	-1.2677307081e-08	-9.77160913747e-10	-6.64032001992e-10	-3.42705051506e-10	5.23626793429e-10	-2.78982888535e-10
Even4;k__Bacteria;p__Proteobacteria;c__Gammaproteobacteria;o__Enterobacteriales;f__Enterobacteriaceae;g__Edwardsiella	-0.0760615022524	-0.0650895573955	0.0280818460877	-0.0251634381753	0.00968123203579	-0.00599488960133	0.00593139414635	-0.000955610291893	-0.00480912755718	-0.00180585312651	-0.000975343012362	-0.00038277312008	0.00165061441333	-0.000175816310355	-0.00125662599058	-0.000282299174459	5.19840631651e-05	0.000162127112633	5.91650776288e-05	8.70872248193e-07	3.06447050049e-06	1.02288075461e-06	-1.53697806814e-06	3.68893464341e-07	7.09548938974e-09	-9.77160913746e-10	-6.64032001992e-10	-3.42705051506e-10	5.23626793428e-10	-2.78982888535e-10
Even4;k__Bacteria;p__Firmicutes;c__Erysipelotrichi;o__Erysipelotrichales;f__Erysipelotrichaceae;g__Holdemania	-0.0374390663128	-0.0200177912679	0.0144444178998	0.00600283456387	-0.000454773559566	0.000753506354114	-0.000311805193422	0.000357299533628	-0.000173733467927	0.000192868235039	2.94143214834e-05	-2.52414154318e-05	1.10103636295e-05	-2.98000416071e-05	-1.1812436086e-05	-2.09841588277e-05	-1.83786573011e-05	6.62577675801e-06	2.27531806463e-06	-5.96019466186e-06	-4.67843341075e-07	5.58450605279e-08	-7.24625987441e-08	-7.11909880215e-08	-1.53292302376e-09	-9.77160913746e-10	-6.64032001992e-10	-3.42705051506e-10	5.23626793428e-10	-2.78982888535e-10
Even1;k__Bacteria;p__Firmicutes;c__Clostridia;o__Clostridiales;Other;Other	0.308933547495	0.0504383322521	0.015018967998	-0.00760175373295	0.00105289654978	-0.0323022491965	-0.00269427913058	-0.00436850403978	0.00317073503808	8.07588865697e-05	-0.000540160367588	-0.000996407496194	-0.00072281502955	0.000271165207935	0.000392873452963	0.000188014708913	-2.30633795769e-05	-0.000108277825509	-4.06238197963e-05	-1.17543527239e-05	-1.07400324376e-06	-1.24927950814e-06	-8.3564124936e-07	-8.77775199276e-07	-1.49503220858e-07	-9.77160913746e-10	-6.64032001992e-10	-3.42705051506e-10	5.23626793428e-10	-2.78982888535e-10
Even3;k__Bacteria;p__Proteobacteria;c__Gammaproteobacteria;o__Enterobacteriales;f__Enterobacteriaceae;g__Edwardsiella	-0.0760832554407	-0.065636508842	0.0291404739668	-0.0249266957866	0.00967052893846	-0.00600187883365	0.00590509472879	-0.000986897083637	-0.00483560611648	-0.00179548047317	-0.000985058022871	-0.000388803084727	0.00166248720446	-0.0001796892483	-0.00125773453185	-0.000285465129461	5.04470601509e-05	0.0001613905951	5.77151822417e-05	9.76127551857e-08	3.00753299584e-06	1.03203819519e-06	-1.47488958035e-06	3.63386082248e-07	8.77178970315e-09	-9.77160913746e-10	-6.64032001992e-10	-3.42705051506e-10	5.23626793428e-10	-2.78982888535e-10
Even3;k__Bacteria;p__Firmicutes;c__Clostridia;o__Clostridiales;f__Veillonellaceae;g__Mitsuokella	-0.0693371652921	-0.0139015759829	0.0240766515004	-0.000778665667332	0.00187931866419	0.000531291199442	0.000152678867414	-0.000989533017659	0.00181309035563	-0.00016960516648	-0.000964824551932	-0.000489447765153	-0.000429346026568	0.000254366272694	6.64022983185e-05	-9.4491139421e-05	0.000104158059088	8.38256867082e-05	2.9238551932e-05	-2.73945110588e-06	-1.1121924409e-06	1.04565665599e-06	3.5813367726e-07	1.96638990257e-07	8.01239201692e-08	-9.77160913746e-10	-6.64032001992e-10	-3.42705051506e-10	5.23626793428e-10	-2.78982888535e-10
Even3;k__Bacteria;p__Firmicutes;c__Clostridia;o__Clostridiales;Other;Other	0.305352686662	0.0511163279369	0.0141504812313	-0.00704447095076	0.000226952131729	-0.0359001804446	-0.00279718491147	-0.00446711885668	0.00341463541673	0.000149523881495	-0.000611093337823	-0.000993052075967	-0.00081927557428	0.000285984692248	0.000387871136175	0.000182793801275	-1.92131958524e-05	-0.000115738937738	-4.36391311899e-05	-1.10401787581e-05	-1.08084839019e-06	-1.70607995798e-06	-1.31977019909e-06	-1.06674668847e-06	-1.9762374793e-07	-9.77160913746e-10	-6.64032001992e-10	-3.42705051506e-10	5.23626793428e-10	-2.78982888535e-10
Even1;k__Bacteria;p__Firmicutes;c__Clostridia;o__Clostridiales;f__Eubacteriaceae;g__Anaerofustis	-0.0167423440685	-0.0642782558632	0.00477974959887	0.00133447760974	-0.000503904878845	0.000320929102885	0.000137888479751	0.000125618692422	-0.000307236819384	0.00020699668596	0.000137511841063	8.96419279563e-05	3.88952722857e-05	-2.76955319158e-05	-4.53620250637e-05	-4.26128290097e-05	9.19010844694e-06	1.44575341857e-05	2.81527933541e-06	5.3385025559e-06	7.74325525422e-07	-6.07539960695e-08	1.66414393791e-08	9.57645760892e-08	-4.64832714487e-10	-9.77160913746e-10	-6.64032001992e-10	-3.42705051506e-10	5.23626793428e-10	-2.78982888535e-10
Even3;k__Bacteria;p__Bacteroidetes;c__Bacteroidia;o__Bacteroidales;f__Bacteroidaceae;Other	0.433275727692	0.0582612573422	0.0411563710351	-0.0158449311686	0.00723090535314	0.00709179658563	0.00317051445006	0.000392281191002	-0.000531149182219	0.00113525769943	-0.00189919953911	-0.000120711622071	-0.001158942646	2.21180952304e-05	-0.000355795666421	-0.000462070253955	0.000192815647526	0.000222441374468	9.52721376422e-05	6.2104285382e-05	2.24839482953e-06	1.05184990274e-06	-7.63891044398e-07	2.32327702794e-07	1.63496555151e-08	-9.77160913746e-10	-6.64032001992e-10	-3.42705051506e-10	5.23626793428e-10	-2.78982888535e-10
Even1;k__Bacteria;p__Bacteroidetes;c__Bacteroidia;o__Bacteroidales;f__Bacteroidaceae;Other	0.42838335312	0.0568356507135	0.039413318713	-0.0148699278557	0.00641993221072	0.00564304614175	0.00311155420532	0.000620918347102	-0.000764657319995	0.00117473649419	-0.00192419602228	-0.000218879252984	-0.00121596980923	3.3148283583e-05	-0.000335820395774	-0.000456916091838	0.000186283031653	0.000219437284896	9.09090188696e-05	6.25372200502e-05	2.02023210485e-06	9.28290647713e-07	-6.71617293314e-07	2.000650113e-07	1.26232658338e-08	-9.77160913746e-10	-6.64032001992e-10	-3.42705051506e-10	5.23626793428e-10	-2.78982888535e-10
Even1;k__Bacteria;p__Proteobacteria;c__Gammaproteobacteria;o__Enterobacteriales;f__Enterobacteriaceae;g__Edwardsiella	-0.0757493130321	-0.0674687577703	0.0321619595272	-0.0239581104524	0.00956711458738	-0.00592924928917	0.00573871119198	-0.000991734843866	-0.00470308644095	-0.00171340149132	-0.00096913625516	-0.000376114787479	0.00161785527061	-0.000174770357895	-0.00122098412881	-0.000279934876695	4.70168313793e-05	0.000159574617197	6.04861480376e-05	4.48672942742e-07	3.25746216722e-06	1.26830055629e-06	-1.33703556779e-06	3.33446684409e-07	1.43430862195e-08	-9.77160913746e-10	-6.64032001992e-10	-3.42705051506e-10	5.23626793428e-10	-2.78982888535e-10
Even4;k__Bacteria;p__Bacteroidetes;c__Bacteroidia;o__Bacteroidales;f__Bacteroidaceae;Other	0.435472428376	0.0590559871929	0.0420253303194	-0.0166501375481	0.00746740007316	0.00677085856977	0.00291361223487	0.000284813473735	-0.000531300856758	0.00104964685098	-0.00191113298748	-0.000230589299432	-0.00118995036556	5.01743754485e-05	-0.000289355165582	-0.00040959587923	0.000172835172131	0.000202908909913	8.46695449672e-05	5.6900841762e-05	2.1032995342e-06	9.29367425994e-07	-6.31894747456e-07	2.28765683851e-07	1.58829749898e-08	-9.77160913746e-10	-6.64032001992e-10	-3.42705051506e-10	5.23626793428e-10	-2.78982888535e-10
Even4;k__Bacteria;p__Firmicutes;c__Clostridia;o__Clostridiales;f__Veillonellaceae;g__Mitsuokella	-0.0689446718653	-0.0162241292968	0.0270201149429	-5.51164802578e-05	0.00186419605618	0.000525205699424	3.30062798147e-05	-0.0010065161867	0.00183283325803	-0.000149335740847	-0.000946878954402	-0.000500937488821	-0.000423191433992	0.000249532109984	6.96477554623e-05	-9.59996186818e-05	0.000102096850401	8.54248679679e-05	2.91831643586e-05	-3.89451138787e-06	-9.53839865723e-07	8.13196621e-07	-4.31468187287e-08	3.58479968872e-08	4.32949795553e-08	-9.77160913746e-10	-6.64032001992e-10	-3.42705051506e-10	5.23626793428e-10	-2.78982888535e-10
Even1;k__Bacteria;p__Firmicutes;c__Clostridia;o__Clostridiales;f__Veillonellaceae;g__Mitsuokella	-0.0691999905751	-0.0159969517893	0.0272070092945	-8.38267785937e-05	0.00188391305228	0.000507311035398	6.57684303872e-05	-0.000991807414003	0.00183199038513	-0.000156557024208	-0.000952409288885	-0.000502811514818	-0.000425349319581	0.000251977583499	6.91723112699e-05	-9.75614907179e-05	0.000106326196152	8.48629009143e-05	3.07415598516e-05	-3.55747103904e-06	-8.58770052834e-07	8.25716757213e-07	-1.01096261441e-07	3.32230028793e-08	4.11769306501e-08	-9.77160913746e-10	-6.64032001992e-10	-3.42705051506e-10	5.23626793428e-10	-2.78982888535e-10
Even4;k__Bacteria;p__Firmicutes;c__Clostridia;o__Clostridiales;Other;Other	0.307772086674	0.0505313027736	0.0151860882777	-0.00740318035397	0.00230396591342	-0.0300884508879	-0.00248339690516	-0.00428024008136	0.00311910097077	4.11038095133e-05	-0.000629027628484	-0.000980657387532	-0.000744183208397	0.000302470408	0.000398502545753	0.000200558969163	-3.19780447517e-05	-0.00010657640912	-4.08853613538e-05	-1.35035385803e-05	-1.76465643781e-06	-1.40126687122e-06	-8.85534257098e-07	-7.94326883363e-07	-1.38631783654e-07	-9.77160913746e-10	-6.64032001992e-10	-3.42705051506e-10	5.23626793428e-10	-2.78982888535e-10
Even3;k__Bacteria;p__Firmicutes;c__Clostridia;o__Clostridiales;f__Peptococcaceae;g__Desulfosporosinus	-0.0628326772417	0.00908802294308	-0.0121142241159	-0.0061624472637	0.00213947245009	0.00106389699994	-0.00129753849325	-0.000633370314594	0.000661484714543	-8.28158522932e-06	9.47883471492e-05	-0.000217230363888	-0.000150847126245	-8.75753671733e-05	-8.56111015227e-05	-5.5484260291e-05	-2.92960701127e-06	3.48301329544e-05	-1.62812967164e-05	-4.48014320493e-06	-1.25573582224e-06	-4.55663356424e-07	1.6345562777e-07	-2.064760086e-07	-2.32981693181e-08	-9.77160913746e-10	-6.64032001992e-10	-3.42705051506e-10	5.23626793428e-10	-2.78982888535e-10
Even1;k__Bacteria;p__Firmicutes;c__Clostridia;o__Clostridiales;f__Peptococcaceae;g__Desulfosporosinus	-0.0628524000602	0.00922036518576	-0.0121140858887	-0.00611907896942	0.00213303126236	0.00107484717763	-0.00131519227381	-0.000629726027984	0.000675318146498	-9.54259353111e-06	9.53342770993e-05	-0.00021829962036	-0.000154135864428	-8.69834869798e-05	-8.65264830634e-05	-5.4650121227e-05	-2.92676052768e-06	3.43892595973e-05	-1.66543843008e-05	-4.88176644301e-06	-1.21126247155e-06	-3.70869108356e-07	1.11404349552e-07	-1.94957714821e-07	-2.081880334e-08	-9.77160913746e-10	-6.64032001992e-10	-3.42705051506e-10	5.23626793428e-10	-2.78982888535e-10
Even4;k__Bacteria;p__Firmicutes;c__Clostridia;o__Clostridiales;f__Peptococcaceae;g__Desulfosporosinus	-0.0624892058147	0.00860220690734	-0.012453526464	-0.0061344625925	0.00211649717733	0.00110272457981	-0.0013790275549	-0.000691064581667	0.000663454453973	6.66840184137e-06	8.65085029146e-05	-0.000222201616554	-0.000146605146532	-8.92605387528e-05	-8.5531370262e-05	-5.77474522583e-05	-3.8560594558e-06	3.39966229972e-05	-1.64710901552e-05	-5.57574560586e-06	-1.31884768773e-06	-4.32771314025e-07	1.54420940239e-07	-2.10636152221e-07	-2.23705678379e-08	-9.77160913746e-10	-6.64032001992e-10	-3.42705051506e-10	5.23626793428e-10	-2.78982888535e-10
Even3;k__Bacteria;p__Firmicutes;c__Clostridia;o__Clostridiales;f__Eubacteriaceae;g__Anaerofustis	-0.0167351979949	-0.0696604513997	0.0121717766184	0.00270669273092	-0.000428922306437	0.000230249664509	-1.09417875251e-05	0.000124464321144	-0.000246423472735	0.000268042096398	0.000118823115719	7.60495973892e-05	2.4048391171e-05	-3.28125977091e-05	-4.59088976694e-05	-4.66959622035e-05	6.91395717227e-06	1.83484939331e-05	3.60811045472e-06	4.65304182502e-06	4.95512583248e-07	4.56996242986e-08	-7.0763032722e-08	5.75225204007e-08	3.99134778073e-10	-9.77160913746e-10	-6.64032001992e-10	-3.42705051506e-10	5.23626793428e-10	-2.78982888535e-10
Even4;k__Bacteria;p__Proteobacteria;c__Gammaproteobacteria;o__Aeromonadales;f__Aeromonadaceae;g__	-0.120171560829	0.150686685657	0.0441975821827	0.00401050483334	-0.0166474205868	0.00571074975536	-0.00279832721924	0.00280398258855	-0.000190902771652	-0.000584598807191	9.71351130466e-05	-4.47637624731e-05	0.000294167544098	2.44368939714e-05	2.93490955022e-05	2.03462285389e-05	-6.37705389534e-06	-8.47578778316e-06	-3.31507164588e-07	5.98195093167e-06	6.06510632365e-07	-8.72712515122e-08	6.9975524299e-08	7.03655236299e-08	-1.43845649584e-09	-9.77160913744e-10	-6.64032001992e-10	-3.42705051507e-10	5.23626793426e-10	-2.78982888536e-10
Even3;k__Bacteria;p__Proteobacteria;c__Gammaproteobacteria;o__Aeromonadales;f__Aeromonadaceae;g__	-0.120216961059	0.150978861719	0.0442479036052	0.00408634619116	-0.0166670736354	0.00572434301499	-0.00281465666249	0.00281153843763	-0.000180208675615	-0.000587615027703	9.5455725511e-05	-4.75809994451e-05	0.000294007944417	2.47055992049e-05	2.74952654901e-05	2.14566596661e-05	-6.89916141386e-06	-8.99718188166e-06	-8.88145567593e-07	6.30006925628e-06	7.31575336299e-07	-1.90919487957e-07	1.46111020173e-07	8.43523027165e-08	-3.36749166289e-09	-9.77160913744e-10	-6.64032001992e-10	-3.42705051507e-10	5.23626793426e-10	-2.78982888536e-10
Even4;k__Bacteria;p__Bacteroidetes;c__Bacteroidia;o__Bacteroidales;Other;Other	0.402389803278	0.0778477394946	0.0430482542546	-0.018880195548	0.015253653267	-0.0107895526045	-0.00115020437285	-0.00589891290478	0.00404563900114	-0.000348403963814	-0.000722802640208	-0.000233903327463	-0.000576129393086	0.000109460274329	0.000254179219553	0.000213897019748	-1.1167681136e-05	-5.23447192643e-05	-3.42126705099e-05	-1.97016827525e-05	-2.0584884527e-06	-4.24184384831e-07	-4.4148065783e-08	-3.40651424354e-07	-3.07895742079e-08	-9.77160913746e-10	-6.64032001992e-10	-3.42705051506e-10	5.23626793428e-10	-2.78982888535e-10
Even4;k__Bacteria;p__Proteobacteria;c__Gammaproteobacteria;o__Enterobacteriales;f__Enterobacteriaceae;g__Citrobacter	-0.0698622679698	-0.0759503118457	0.0409256893939	-0.0169809464307	0.00924310189125	-0.00469718598128	0.00379414210918	0.00100336049759	-0.00141149824593	-0.00158070039687	0.000426934644213	0.000847786368574	-0.000684126288318	0.000127315778561	-0.000194258469474	-0.00053338795942	0.000603971565603	-0.000113810220596	-4.47812821609e-05	0.000102354677316	6.43577922305e-06	-1.83670351892e-06	6.45858427704e-07	6.30230094537e-07	-6.59221130946e-08	-9.77160913746e-10	-6.64032001992e-10	-3.42705051506e-10	5.23626793428e-10	-2.78982888535e-10
Even4;k__Bacteria;p__Proteobacteria;Other;Other;Other;Other	0.476266887356	0.083469224016	0.0604075480725	-0.0325267318856	0.0081692863838	-0.0133880293962	-0.00185199210294	-0.00614145180327	0.00477158762693	-0.000601888672215	-0.000752374363447	-6.72684376575e-06	-0.000551369219593	0.000188164196167	0.000239532047282	0.000173149118774	7.93499469636e-05	-2.49797021748e-05	-2.81791050162e-05	2.5453673591e-05	8.87741803136e-07	-3.5153527667e-07	2.86709209362e-07	1.06080974915e-07	-9.00725992509e-09	-9.77160913746e-10	-6.64032001992e-10	-3.42705051506e-10	5.23626793428e-10	-2.78982888535e-10
Even1;k__Bacteria;p__Bacteroidetes;c__Bacteroidia;o__Bacteroidales;Other;Other	0.381998608912	0.0790506810696	0.0387099307668	-0.0144231474204	0.0184626715368	-0.0109930880939	-0.000797835150954	-0.00589329434818	0.00398182090924	-0.000203774466221	-0.000831397556167	-0.000291466161205	-0.000654044090134	9.88889764946e-05	0.000232110899069	0.000215338470705	-3.11787598316e-05	-7.25263661238e-05	-2.83377916778e-05	-2.45914121604e-05	-3.25534429556e-06	-3.98621273762e-07	-1.25374021278e-07	-4.82813529684e-07	-3.1981511028e-08	-9.77160913746e-10	-6.64032001992e-10	-3.42705051506e-10	5.23626793428e-10	-2.78982888535e-10
Even1;k__Bacteria;p__Firmicutes;c__Clostridia;o__Clostridiales;f__;g__	-0.115187305479	0.144514649789	0.0323107934649	0.0129688740947	-0.00324355870618	0.00283359832711	-0.0013826132417	0.00117579108045	-0.000111517696543	-0.000141395153485	-0.000162896543806	-0.000248783756966	5.0385693645e-05	1.29130887782e-05	8.27721807982e-05	7.59456803931e-05	-9.56160716649e-05	-3.7345710253e-05	-5.46435049131e-06	-3.06648041347e-05	-4.88736575069e-06	9.12811041689e-07	2.41101399822e-06	5.69657777969e-07	2.09065806039e-07	-9.77160913745e-10	-6.64032001993e-10	-3.42705051507e-10	5.23626793427e-10	-2.78982888536e-10
Even3;k__Bacteria;p__Proteobacteria;Other;Other;Other;Other	0.472288666624	0.0827485061817	0.059079473023	-0.0319893113643	0.00724841715327	-0.0154373404164	-0.00203373562214	-0.00621153776193	0.00483482717752	-0.000575175909951	-0.000754236085507	-6.09526571209e-05	-0.000591942279036	0.00017692887698	0.000248604084752	0.000181681065648	7.58245139684e-05	-3.38533805891e-05	-2.80750033861e-05	2.37274073852e-05	9.6351219337e-07	-3.05599871914e-07	2.7852490876e-07	1.2704399573e-07	-5.90783555841e-09	-9.77160913746e-10	-6.64032001992e-10	-3.42705051506e-10	5.23626793428e-10	-2.78982888535e-10
Even1;k__Bacteria;p__Proteobacteria;c__Gammaproteobacteria;o__Aeromonadales;f__Aeromonadaceae;g__	-0.119874108506	0.150133522571	0.0439637303639	0.0039989753514	-0.0165888301232	0.00569566868149	-0.00278508139792	0.00278772545342	-0.000188115888886	-0.00058133767255	9.76120918476e-05	-4.42483655577e-05	0.00029560179444	2.36531716038e-05	2.68879468433e-05	2.08360112485e-05	-6.60275077772e-06	-9.07213805311e-06	-6.54622015444e-07	6.3010731605e-06	4.59469133802e-07	-1.96662994407e-07	1.30433464833e-07	4.2659496974e-08	-5.19645270724e-09	-9.77160913744e-10	-6.64032001992e-10	-3.42705051507e-10	5.23626793426e-10	-2.78982888536e-10
Even3;k__Bacteria;p__Proteobacteria;c__Gammaproteobacteria;o__Enterobacteriales;f__Enterobacteriaceae;g__Citrobacter	-0.0695692247916	-0.0788786318578	0.045658381513	-0.0157496618636	0.00916999896389	-0.00467772370459	0.00361592814969	0.000963604451264	-0.00135279642743	-0.00152293722981	0.000419627922975	0.000828450049563	-0.000682523262113	0.000119324185827	-0.000189907365759	-0.000527553840758	0.000592563198448	-0.000112032480502	-4.41835205795e-05	9.97143457111e-05	6.2167192751e-06	-1.80443321108e-06	6.23920829881e-07	6.02052415274e-07	-6.55938173031e-08	-9.77160913746e-10	-6.64032001992e-10	-3.42705051506e-10	5.23626793428e-10	-2.78982888535e-10
Even3;k__Bacteria;p__Bacteroidetes;c__Bacteroidia;o__Bacteroidales;Other;Other	0.390682388308	0.0751120454245	0.0409101348795	-0.0171519217776	0.0180641826716	-0.00440480559956	-0.000605510772488	-0.00547631819102	0.00362912570213	-0.000334667651916	-0.000743978462062	-0.000172710558691	-0.000560939452653	7.09976890591e-05	0.000182251952508	0.000189429858235	-2.12996942207e-05	-4.21079271895e-05	-2.48248299839e-05	-1.90404407968e-05	-1.81088000493e-06	-4.68258224284e-07	-4.28305667586e-07	-4.86616140015e-07	-5.94906280694e-08	-9.77160913746e-10	-6.64032001992e-10	-3.42705051506e-10	5.23626793428e-10	-2.78982888535e-10
Even1;k__Bacteria;p__Firmicutes;c__Clostridia;o__Clostridiales;f__Ruminococcaceae;Other	0.107426424239	-0.0422540801393	-0.0577354764721	0.0358223510402	-0.0177239874974	0.00473253539434	0.00310946010439	0.000872370877566	-0.0051787883247	0.000311088191902	0.00457248737071	-0.00141136430854	0.000829944532896	-0.000553457062015	-0.000612460030906	-0.000687683560178	0.000692021865188	0.000154524889196	0.000185980234534	3.03075591509e-05	1.23063647293e-05	4.82037704577e-06	-1.732116206e-06	2.30816857707e-06	2.54284534662e-07	-9.77160913746e-10	-6.64032001993e-10	-3.42705051506e-10	5.23626793427e-10	-2.78982888535e-10
Even4;k__Bacteria;p__Firmicutes;c__Clostridia;o__Clostridiales;f__Ruminococcaceae;g__Oscillospira	-0.0216191534622	0.00563192530867	-0.0149624035	-0.000645952402404	-0.00126934261857	-0.00199768569095	0.000224871356969	0.000230691793444	-0.00018515725819	-4.43113988926e-05	4.05875619893e-05	1.00779477539e-05	8.14387749247e-06	-3.52315137067e-06	-1.05211561186e-05	-6.60769732335e-06	8.38648482294e-06	-1.63338820229e-06	4.45849941862e-08	4.4500197569e-06	3.93053711497e-07	-3.39353633991e-08	2.92073100016e-08	5.23021778084e-08	3.18124089164e-10	-9.77160913746e-10	-6.64032001992e-10	-3.42705051506e-10	5.23626793428e-10	-2.78982888535e-10
Even3;k__Bacteria;p__Firmicutes;c__Clostridia;o__Clostridiales;f__;g__	-0.115316629047	0.144745860215	0.0325615354403	0.0128222753462	-0.00350421244379	0.00289206996412	-0.00140854853807	0.0012012372717	-0.0001144760571	-0.000143807321364	-0.000157813641687	-0.000245011663321	5.45620801582e-05	1.26392962082e-05	8.23435609889e-05	7.54798139236e-05	-9.46001859069e-05	-3.7184555728e-05	-5.5497434982e-06	-3.09473743347e-05	-5.23431245288e-06	1.44193824829e-06	3.34467105339e-06	8.29452280465e-07	2.81672757094e-07	-9.77160913745e-10	-6.64032001993e-10	-3.42705051508e-10	5.23626793427e-10	-2.78982888536e-10
Even1;k__Bacteria;p__Proteobacteria;Other;Other;Other;Other	0.468426704208	0.0822078827522	0.0579860684354	-0.0314645267865	0.00660976845115	-0.0173329464885	-0.00213970995741	-0.00617109601931	0.00487462397389	-0.000538073897142	-0.000712227755408	-5.60444596339e-05	-0.000572825180073	0.000187846417159	0.000252227553999	0.000185304683403	7.9024604595e-05	-3.83754350634e-05	-3.23911141919e-05	2.31945296525e-05	1.00295707839e-06	-3.56185978885e-07	3.31155774157e-07	4.17463129977e-08	-1.65888810919e-08	-9.77160913746e-10	-6.64032001992e-10	-3.42705051506e-10	5.23626793428e-10	-2.78982888535e-10
Even3;k__Bacteria;p__Firmicutes;c__Clostridia;o__Clostridiales;f__Ruminococcaceae;Other	0.106291992249	-0.0422756649612	-0.0576843071813	0.0354696920101	-0.017567822462	0.00473814316312	0.00304852802985	0.000899766017711	-0.00497361457328	0.000401729495759	0.00450477076434	-0.00132045352489	0.000796233751775	-0.000553827626183	-0.000625482666879	-0.000689480006903	0.00069740526781	0.000166688161553	0.000181830291739	3.08712642782e-05	1.19574600319e-05	4.64347185381e-06	-1.74555405899e-06	2.21523142212e-06	2.40999409363e-07	-9.77160913746e-10	-6.64032001993e-10	-3.42705051506e-10	5.23626793427e-10	-2.78982888535e-10
Even4;k__Bacteria;p__Firmicutes;c__Clostridia;o__Clostridiales;f__Ruminococcaceae;Other	0.107617517202	-0.0417014587081	-0.0574675166102	0.0359559277181	-0.0175782077683	0.00461384951402	0.00343753203863	0.00108508066644	-0.00492237055343	0.000554624304219	0.00443596603324	-0.0012477292907	0.000831128050287	-0.000563702500569	-0.000754368183278	-0.000754637797273	0.00076263259589	0.000195645442396	0.000201701447847	4.35324181711e-05	1.31717259143e-05	5.08585590666e-06	-1.86879174134e-06	2.44307267052e-06	2.65084615776e-07	-9.77160913746e-10	-6.64032001993e-10	-3.42705051506e-10	5.23626793427e-10	-2.78982888535e-10
Even4;k__Bacteria;p__Proteobacteria;c__Gammaproteobacteria;o__Enterobacteriales;f__Enterobacteriaceae;g__Erwinia	-0.0832560748217	-0.0366361005359	-0.000893193306644	-0.0325592822673	0.0087858250746	-0.00522548313657	0.00711934010113	-0.00178218975125	-0.00534383519746	0.000698459960568	0.000945853390303	0.00173225637156	-8.03711156338e-05	9.43075764973e-06	0.00142617228685	-0.000794053179869	0.000327890944356	0.000423586669363	0.000437606893066	-0.000273907043663	-9.87702879547e-06	1.22761077202e-05	-6.74466932837e-06	-4.50991767697e-07	4.52488571975e-07	-9.77160913749e-10	-6.64032001994e-10	-3.42705051507e-10	5.2362679343e-10	-2.78982888536e-10
Even1;k__Bacteria;p__Proteobacteria;c__Gammaproteobacteria;o__Enterobacteriales;f__Enterobacteriaceae;g__Citrobacter	-0.0686630766049	-0.0875315002604	0.0608548128454	-0.0115545151761	0.00885437938634	-0.00455543020703	0.00299046901184	0.000824680747543	-0.00111993318373	-0.00131071200295	0.000374656758582	0.000755530171566	-0.00066910538421	9.91560994397e-05	-0.000172415796441	-0.000502205322672	0.000547697966861	-0.000104144711091	-4.19615412004e-05	8.97569533286e-05	5.38168696097e-06	-1.68694504942e-06	5.47857886368e-07	4.94977179636e-07	-6.43765618998e-08	-9.77160913746e-10	-6.64032001992e-10	-3.42705051506e-10	5.23626793428e-10	-2.78982888535e-10
Even3;k__Bacteria;p__Proteobacteria;c__Gammaproteobacteria;o__Enterobacteriales;f__Enterobacteriaceae;g__Erwinia	-0.0836315778776	-0.0347351578422	-0.000548317848909	-0.0320405371107	0.00875777138626	-0.00517265931392	0.00706178126213	-0.00177222127272	-0.00531250001335	0.000677450372097	0.00093690672175	0.00170375070041	-8.30762857951e-05	9.93141817024e-06	0.00139676110548	-0.000785985704769	0.000318238444433	0.000413762238343	0.000428455734436	-0.000268044468273	-9.69076687358e-06	1.19732458947e-05	-6.62266449322e-06	-4.67337757668e-07	4.57041054209e-07	-9.77160913749e-10	-6.64032001994e-10	-3.42705051507e-10	5.2362679343e-10	-2.78982888536e-10
Even1;k__Bacteria;p__Firmicutes;c__Clostridia;o__Clostridiales;f__Lachnospiraceae;g__Lachnospira	-0.0652217239775	-0.0490444461709	-0.0149865047725	-0.0262738733771	0.00804358802288	-0.00301623599713	0.00451668319776	0.00169281212002	0.00146160154335	-0.000143438557149	-0.000252492801654	0.000411893943368	-0.00039803090266	0.000253555101403	-0.000286306176564	0.000309776238162	0.000317174641852	-0.000184630450118	0.000314430953008	0.000200039523076	2.32623924439e-05	7.44729700839e-06	-2.62823316262e-06	3.95857375572e-06	3.90055225628e-07	-9.77160913746e-10	-6.64032001992e-10	-3.42705051506e-10	5.23626793427e-10	-2.78982888536e-10
Even3;k__Bacteria;p__Firmicutes;c__Clostridia;o__Clostridiales;f__Lachnospiraceae;g__Lachnospira	-0.0651708222412	-0.0487672228082	-0.0149125013311	-0.0262050255285	0.00795253336261	-0.002992565277	0.00448384398887	0.00166827348074	0.00141637707395	-0.000163689801744	-0.000241410233017	0.000415312598382	-0.000389245247487	0.0002535101515	-0.000284330850571	0.000303710019306	0.000314073208591	-0.000179408040042	0.000311467862677	0.00019776047737	2.30328886499e-05	7.38101056842e-06	-2.60772074836e-06	3.91985337787e-06	3.86344690977e-07	-9.77160913746e-10	-6.64032001992e-10	-3.42705051506e-10	5.23626793427e-10	-2.78982888536e-10
Even4;k__Bacteria;p__Firmicutes;c__Clostridia;o__Clostridiales;f__Lachnospiraceae;g__Lachnospira	-0.0652217291005	-0.0494983918792	-0.0149422103835	-0.0265398394393	0.00788890092662	-0.00298833432182	0.00453161724358	0.00174142592021	0.00151039659063	-0.000128707773645	-0.000252340765185	0.000408738235665	-0.000400484729956	0.000252653913358	-0.000290031953148	0.00031771178172	0.000317545625054	-0.000186355411847	0.000317173316064	0.000201903479322	2.3478040988e-05	7.5080797715e-06	-2.65063517804e-06	3.99376742209e-06	3.93251417567e-07	-9.77160913746e-10	-6.64032001993e-10	-3.42705051506e-10	5.23626793427e-10	-2.78982888536e-10
Even3;k__Bacteria;p__Firmicutes;c__Clostridia;o__Clostridiales;f__Ruminococcaceae;g__Oscillospira	-0.0212101902472	0.00577621310863	-0.0150592442978	-0.000448932601569	-0.00133683831439	-0.00196503412656	0.000211623596002	0.000242954766886	-0.000198832660162	-3.3300216715e-05	5.6519254469e-05	5.78911564216e-06	2.00499012569e-05	-7.79470199411e-07	-1.0118339251e-05	-3.88276222437e-06	7.27586651075e-06	-2.1576989618e-06	6.80107249716e-08	3.99370214e-06	3.79777854678e-07	-2.58884933006e-08	3.12128773234e-08	5.334976676e-08	9.8031777356e-10	-9.77160913746e-10	-6.64032001992e-10	-3.42705051506e-10	5.23626793428e-10	-2.78982888535e-10
Even1;k__Bacteria;p__Firmicutes;c__Clostridia;o__Clostridiales;f__Ruminococcaceae;g__Oscillospira	-0.0214622439674	0.00569252322182	-0.015084756082	-0.000470000623249	-0.00134706549327	-0.00191785529277	0.000209379369957	0.000235820764118	-0.000199927476657	-3.59843851586e-05	5.45315239794e-05	4.71495266307e-06	1.99105988356e-05	-1.64391783261e-06	-9.00969331194e-06	-3.62890806359e-06	8.27240539855e-06	-5.08897827242e-07	-1.09892971983e-07	3.95633073349e-06	3.7894809173e-07	-2.88217926614e-08	3.11565193871e-08	5.2666013088e-08	7.62684056931e-10	-9.77160913746e-10	-6.64032001992e-10	-3.42705051506e-10	5.23626793428e-10	-2.78982888535e-10
Even1;k__Bacteria;p__Proteobacteria;c__Gammaproteobacteria;o__Enterobacteriales;f__Enterobacteriaceae;g__Erwinia	-0.0833755323425	-0.0346593028085	-0.000740680882927	-0.0318199519846	0.00882681263082	-0.00515590973787	0.00699658839296	-0.00169678092723	-0.00521209983909	0.00062099549222	0.000912824058977	0.00168079413939	-8.19566297996e-05	1.12714048056e-05	0.00137355654508	-0.000780599614332	0.000324508620992	0.000408586343298	0.000419110629358	-0.000253058801933	-8.86710504481e-06	1.13830032987e-05	-6.28024099745e-06	-4.22201181929e-07	5.06786362307e-07	-9.77160913749e-10	-6.64032001994e-10	-3.42705051507e-10	5.2362679343e-10	-2.78982888536e-10
Even4;k__Bacteria;p__Actinobacteria;c__Actinobacteria;o__Bifidobacteriales;f__Bifidobacteriaceae;Other	0.375329323752	0.0392072288347	0.0224542248412	-0.00958561598527	0.000199473588166	-0.00949709815969	-0.000190888269896	0.00487422777422	-0.00617496818291	0.000856019975087	-0.00345689384198	-0.00388396483933	-0.00301434386261	0.000646110870688	0.00122406776854	0.000543699395563	-0.000252257856195	-0.000171142002849	-4.14200760091e-05	-3.06351028141e-05	-7.904359834e-06	-8.77681046222e-07	2.02056342197e-06	-6.75564104515e-07	2.86044836881e-08	-9.77160913747e-10	-6.64032001992e-10	-3.42705051506e-10	5.23626793429e-10	-2.78982888535e-10
Even4;k__Bacteria;p__Firmicutes;c__Clostridia;o__Clostridiales;f__;g__	-0.115233690181	0.140077139164	0.0331434495917	0.0103000397465	-0.00479617174154	0.00299291136057	-0.00118661432644	0.00115244908738	-0.000374636785436	-8.9527401054e-05	-0.000100665775208	-0.000189500623891	7.76832150376e-05	1.22506129426e-05	7.28850948122e-05	6.53776806377e-05	-9.00411056437e-05	-3.86503979725e-05	-7.73771288078e-06	-2.79276449494e-05	-5.53603884575e-06	1.73948938765e-06	3.94208509357e-06	9.14205295777e-07	3.18396645275e-07	-9.77160913745e-10	-6.64032001993e-10	-3.42705051508e-10	5.23626793427e-10	-2.78982888536e-10
Even3;k__Bacteria;p__Actinobacteria;c__Actinobacteria;o__Bifidobacteriales;f__Bifidobacteriaceae;Other	0.360658519873	0.0349945635687	0.0184544896564	-0.00770441703106	-0.000446623836432	-0.00872730213229	-0.000208504403917	0.00471554304066	-0.00611964406653	0.000839142919242	-0.00323814293386	-0.0036710537726	-0.00285393153397	0.000578376464726	0.00112316253429	0.000478539346234	-0.00023684507088	-0.000137749207328	-5.17750363113e-05	-3.30635402319e-05	-8.64832337904e-06	-1.3545316156e-06	1.87813961137e-06	-9.24868853102e-07	-1.14090241221e-08	-9.77160913747e-10	-6.64032001992e-10	-3.42705051506e-10	5.23626793429e-10	-2.78982888535e-10
Even1;k__Bacteria;p__Actinobacteria;c__Actinobacteria;o__Bifidobacteriales;f__Bifidobacteriaceae;Other	0.365499022026	0.0367038611418	0.0199511738796	-0.00844329591246	-0.000218818457502	-0.00943732764256	-0.000176688718715	0.00481114322633	-0.00603964378041	0.000876560065454	-0.00336373672762	-0.00373264845013	-0.00293697115865	0.000584219791139	0.0011445895006	0.000513192147512	-0.000236700232482	-0.000153938417956	-4.46633128787e-05	-2.56705555277e-05	-7.76870970568e-06	-1.12733403367e-06	1.89441470306e-06	-7.54215718411e-07	5.81965181114e-09	-9.77160913747e-10	-6.64032001992e-10	-3.42705051506e-10	5.23626793429e-10	-2.78982888535e-10
Even1;k__Bacteria;p__Firmicutes;c__Clostridia;o__Clostridiales;f__[Tissierellaceae];Other	0.540849969392	0.0835969826218	0.0848122360901	-0.044845928448	0.0346760519493	0.0621130144211	0.00249064969419	-0.0047010245628	0.00207658657431	-0.00159743538667	-0.00140388014164	0.000367161912398	-0.000170394229805	0.000233372597846	0.000165735900957	0.000152632648175	0.000199308561903	-3.14207468622e-05	5.93292801338e-05	1.55312237902e-05	3.5445325271e-06	1.78515057652e-06	-5.33755433559e-07	7.35965767117e-07	9.58468584616e-08	-9.77160913746e-10	-6.64032001992e-10	-3.42705051506e-10	5.23626793428e-10	-2.78982888535e-10
Even3;k__Bacteria;p__Firmicutes;c__Clostridia;o__Clostridiales;f__[Tissierellaceae];Other	0.543475816768	0.0842188563716	0.0853851838969	-0.0449677629509	0.0347746894818	0.0623715055187	0.00256562501159	-0.00474880319855	0.00203512799107	-0.00164130058975	-0.00136533032371	0.000318893599891	-0.000196206392753	0.000209606617946	0.000170793924722	0.000128049933808	0.000175187110432	-1.06971480565e-05	5.94796991564e-05	1.12381702417e-05	3.03237036288e-06	1.74289964359e-06	-5.61375458583e-07	6.44541354565e-07	8.94197869692e-08	-9.77160913746e-10	-6.64032001992e-10	-3.42705051506e-10	5.23626793428e-10	-2.78982888535e-10
Even3;k__Bacteria;p__Firmicutes;c__Clostridia;o__Clostridiales;f__Veillonellaceae;Other	0.221053802935	-0.00530070896731	-0.0224113085912	0.0132170069218	-0.00560402875843	-0.00226932200323	-0.00199314001253	0.00291179563458	-0.0058829606579	0.000993001798383	0.00332516951377	0.00166513197638	0.0015161934385	-0.00099444236221	-0.000177074166691	0.000334820680892	-0.000434659515904	-0.000292227045203	-0.000106900563534	-5.82844698796e-06	3.06343204499e-06	-3.78635212887e-06	-1.69845984863e-06	-8.24364987506e-07	-2.99730724099e-07	-9.77160913746e-10	-6.64032001991e-10	-3.42705051505e-10	5.23626793428e-10	-2.78982888534e-10
Even1;k__Bacteria;p__Firmicutes;c__Clostridia;o__Clostridiales;f__Veillonellaceae;Other	0.223811731536	-0.00490233188961	-0.0225535642027	0.0136139593903	-0.00576152144586	-0.00223162901887	-0.00204450959525	0.00297583225808	-0.00582886363821	0.00102302629789	0.00331842501985	0.00173196951637	0.00146155239533	-0.000986940266513	-0.000188006213604	0.00036078093509	-0.00045231950888	-0.000306154396293	-0.00011428754007	-9.6841941365e-06	1.72142693953e-06	-3.07914946523e-06	-1.826288726e-07	-2.75901854726e-07	-1.64388136304e-07	-9.77160913746e-10	-6.64032001992e-10	-3.42705051505e-10	5.23626793428e-10	-2.78982888535e-10
Even4;k__Bacteria;p__Firmicutes;c__Clostridia;o__Clostridiales;f__[Tissierellaceae];Other	0.539592180194	0.0833568577556	0.0845126600266	-0.0448999103706	0.0346840483666	0.0620067850305	0.00237453098557	-0.00464074052333	0.00209943160254	-0.00145388658808	-0.00155996300538	0.000420204952012	-0.000153723011042	0.000280744095128	0.000155187355897	0.000162868835384	0.000227056863799	-2.94905086383e-05	6.03123604392e-05	2.15435056999e-05	3.97403997911e-06	1.8244004366e-06	-5.15914436104e-07	8.08936443341e-07	1.0025995368e-07	-9.77160913746e-10	-6.64032001992e-10	-3.42705051506e-10	5.23626793428e-10	-2.78982888535e-10
Even4;k__Bacteria;p__Firmicutes;c__Clostridia;o__Clostridiales;f__Veillonellaceae;Other	0.225703279871	-0.00454396932768	-0.0223183760842	0.0137962633896	-0.00582046461217	-0.00230024826632	-0.00193212669115	0.0030594366166	-0.00593078835196	0.00104476064955	0.00334543020068	0.00172169281133	0.00147136350805	-0.000977747139726	-0.000187228587118	0.000359103416706	-0.000440715959588	-0.000312396385212	-0.000110036062914	-1.3714296879e-05	2.69800688282e-06	-2.6814722466e-06	-1.04369788211e-07	-2.42502107275e-07	-1.5566746144e-07	-9.77160913746e-10	-6.64032001992e-10	-3.42705051505e-10	5.23626793428e-10	-2.78982888535e-10
Even4;k__Bacteria;p__Firmicutes;c__Clostridia;o__Clostridiales;f__Eubacteriaceae;g__Anaerofustis	-0.0283248418255	-0.123516843369	0.113607948986	0.0220235828776	0.000687500702056	-0.000562666817923	-0.00262901729298	-0.000470214395194	0.00079057059182	0.000969217406646	-3.47639155598e-05	-0.000128206547397	-0.000107954838924	-0.000109360548785	1.87265869366e-05	-4.56716337548e-05	-7.71491517111e-05	2.07327064372e-05	-4.92183369285e-07	-2.59537264263e-05	-2.52623106919e-06	1.44824431847e-07	-2.93806901707e-07	-3.88868154497e-07	-1.32426150756e-08	-9.77160913747e-10	-6.64032001992e-10	-3.42705051506e-10	5.23626793428e-10	-2.78982888535e-10
Even4;k__Bacteria;p__Bacteroidetes;Other;Other;Other;Other	0.507636561769	0.0777679016199	0.0721250347964	-0.0372065524041	0.0256862128306	0.0399495162295	0.00172555092862	-0.00371277829976	0.00169030946501	-0.00103405657957	-0.000658444789129	0.000245571749271	-6.54772588052e-05	0.000253514416337	0.000113335889007	7.90089162588e-05	5.03268582273e-05	1.31117591192e-05	1.42758587324e-05	-1.8826747936e-06	6.18801313294e-07	1.12538604144e-07	-7.16270849749e-07	-1.26642302992e-07	-3.250625439e-08	-9.77160913746e-10	-6.64032001992e-10	-3.42705051506e-10	5.23626793428e-10	-2.78982888535e-10
Even1;k__Bacteria;p__Bacteroidetes;Other;Other;Other;Other	0.505567130243	0.0775642975711	0.0713430465038	-0.0368445630769	0.0251272625985	0.0384834123513	0.00154597975396	-0.00387791346979	0.00179145860616	-0.00106025501329	-0.000554213833397	0.000227883780533	5.94246015942e-06	0.000287987706597	0.000152720023979	0.000119275469527	4.4227979816e-05	1.0163250448e-05	6.51705132984e-06	-4.65118162176e-06	2.9916552472e-07	1.67998800357e-07	-3.8066219834e-07	-4.8410287016e-08	-1.08803861863e-08	-9.77160913746e-10	-6.64032001992e-10	-3.42705051506e-10	5.23626793428e-10	-2.78982888535e-10
Even3;k__Bacteria;p__Firmicutes;Other;Other;Other;Other	0.194565215774	-0.0179579231291	-0.025806291989	0.0102031050962	-0.00244858795234	0.0125830368983	-0.00155042799001	0.00522898039812	-0.0071060968855	0.00101310497856	-0.000256001941603	-0.00207321272986	-0.000816875556224	0.000186173188868	0.000546167109119	0.000335088607671	-0.000400138036999	-0.000219323093486	-8.10677152564e-05	-8.24678205122e-05	-8.87135125145e-06	-1.85830060001e-06	1.39205929587e-06	-9.48900952811e-07	-3.53799571687e-08	-9.77160913746e-10	-6.64032001992e-10	-3.42705051506e-10	5.23626793429e-10	-2.78982888535e-10
Even1;k__Bacteria;p__Firmicutes;c__Coriobacteriia;o__Coriobacteriales;f__Coriobacteriaceae;g__Collinsella	-0.0525597014517	-0.241303684633	0.33091421187	0.0629984353469	0.00324542873412	-0.00238212334749	-0.0081247142301	-0.00164416546487	0.00301833495793	0.00246079302795	-0.000424536510131	-0.000540346340365	-0.000430653081598	-0.00025925576517	0.000138431046135	-5.17307730415e-05	-0.000249612744755	3.60307169605e-05	-2.47421666712e-06	-8.71982372576e-05	-9.45787108975e-06	4.00965041752e-07	-8.0387479111e-07	-1.40788232431e-06	-4.2744426336e-08	-9.77160913747e-10	-6.64032001992e-10	-3.42705051506e-10	5.23626793429e-10	-2.78982888535e-10
Even4;k__Bacteria;p__Firmicutes;c__Clostridia;o__Clostridiales;f__Eubacteriaceae;g__Eubacterium	-0.0525597014517	-0.241303684633	0.33091421187	0.0629984353469	0.00324542873412	-0.00238212334749	-0.0081247142301	-0.00164416546487	0.00301833495793	0.00246079302795	-0.000424536510131	-0.000540346340365	-0.000430653081598	-0.00025925576517	0.000138431046135	-5.17307730415e-05	-0.000249612744755	3.60307169605e-05	-2.47421666712e-06	-8.71982372576e-05	-9.45787108975e-06	4.00965041752e-07	-8.0387479111e-07	-1.40788232431e-06	-4.2744426336e-08	-9.77160913747e-10	-6.64032001992e-10	-3.42705051506e-10	5.23626793429e-10	-2.78982888535e-10
Even1;k__Bacteria;p__Firmicutes;c__Clostridia;o__Clostridiales;f__Eubacteriaceae;g__Eubacterium	-0.0525597014517	-0.241303684633	0.33091421187	0.0629984353469	0.00324542873412	-0.00238212334749	-0.0081247142301	-0.00164416546487	0.00301833495793	0.00246079302795	-0.000424536510131	-0.000540346340365	-0.000430653081598	-0.00025925576517	0.000138431046135	-5.17307730415e-05	-0.000249612744755	3.60307169605e-05	-2.47421666712e-06	-8.71982372576e-05	-9.45787108975e-06	4.00965041752e-07	-8.0387479111e-07	-1.40788232431e-06	-4.2744426336e-08	-9.77160913747e-10	-6.64032001992e-10	-3.42705051506e-10	5.23626793429e-10	-2.78982888535e-10
Even4;k__Bacteria;p__Firmicutes;c__Coriobacteriia;o__Coriobacteriales;f__Coriobacteriaceae;g__Collinsella	-0.0525597014517	-0.241303684633	0.33091421187	0.0629984353469	0.00324542873412	-0.00238212334749	-0.0081247142301	-0.00164416546487	0.00301833495793	0.00246079302795	-0.000424536510131	-0.000540346340365	-0.000430653081598	-0.00025925576517	0.000138431046135	-5.17307730415e-05	-0.000249612744755	3.60307169605e-05	-2.47421666712e-06	-8.71982372576e-05	-9.45787108975e-06	4.00965041752e-07	-8.0387479111e-07	-1.40788232431e-06	-4.2744426336e-08	-9.77160913747e-10	-6.64032001992e-10	-3.42705051506e-10	5.23626793429e-10	-2.78982888535e-10
Even3;k__Bacteria;p__Firmicutes;c__Coriobacteriia;o__Coriobacteriales;f__Coriobacteriaceae;g__Collinsella	-0.0525597014517	-0.241303684633	0.33091421187	0.0629984353469	0.00324542873412	-0.00238212334749	-0.0081247142301	-0.00164416546487	0.00301833495793	0.00246079302795	-0.000424536510131	-0.000540346340365	-0.000430653081598	-0.00025925576517	0.000138431046135	-5.17307730415e-05	-0.000249612744755	3.60307169605e-05	-2.47421666712e-06	-8.71982372576e-05	-9.45787108975e-06	4.00965041752e-07	-8.0387479111e-07	-1.40788232431e-06	-4.2744426336e-08	-9.77160913747e-10	-6.64032001992e-10	-3.42705051506e-10	5.23626793429e-10	-2.78982888535e-10
Even3;k__Bacteria;p__Firmicutes;c__Clostridia;o__Clostridiales;f__Eubacteriaceae;g__Eubacterium	-0.0525597014517	-0.241303684633	0.33091421187	0.0629984353469	0.00324542873412	-0.00238212334749	-0.0081247142301	-0.00164416546487	0.00301833495793	0.00246079302795	-0.000424536510131	-0.000540346340365	-0.000430653081598	-0.00025925576517	0.000138431046135	-5.17307730415e-05	-0.000249612744755	3.60307169605e-05	-2.47421666712e-06	-8.71982372576e-05	-9.45787108975e-06	4.00965041752e-07	-8.0387479111e-07	-1.40788232431e-06	-4.2744426336e-08	-9.77160913747e-10	-6.64032001992e-10	-3.42705051506e-10	5.23626793429e-10	-2.78982888535e-10
Even1;k__Bacteria;p__Firmicutes;Other;Other;Other;Other	0.211361040424	-0.0139259065666	-0.0216979166557	0.00872997846026	-0.00116434597422	0.0140013158211	-0.0015410066942	0.00529292859062	-0.00764766088861	0.000899468482408	-1.76219948906e-05	-0.00234409298403	-0.000873367611089	0.000252315523855	0.000638605599844	0.000375121184934	-0.00040661578167	-0.000221170658288	-7.9529469996e-05	-8.22739782665e-05	-8.64060932341e-06	-1.58338220294e-06	1.63618401345e-06	-9.7937436521e-07	-2.61640311668e-08	-9.77160913747e-10	-6.64032001992e-10	-3.42705051506e-10	5.23626793429e-10	-2.78982888535e-10
Even3;k__Bacteria;p__Bacteroidetes;Other;Other;Other;Other	0.499697413827	0.0752947011345	0.070083743252	-0.036325150779	0.0255129947952	0.040484449904	0.00178667213013	-0.00344962416187	0.00161433617598	-0.000972307002617	-0.000615537162073	0.000196489453629	-4.41138728575e-05	0.000270705407617	0.000119395791869	0.000106062057235	5.09064278127e-05	9.28471422642e-06	1.39492973625e-05	3.66432247688e-06	1.00367706126e-06	9.54368433239e-08	-6.47822008863e-07	-6.23081564946e-08	-2.93421048717e-08	-9.77160913746e-10	-6.64032001992e-10	-3.42705051506e-10	5.23626793428e-10	-2.78982888535e-10
Even1;k__Bacteria;p__Actinobacteria;c__Actinobacteria;Other;Other;Other	0.541397969604	0.0835903947553	0.0839032641117	-0.0434163118519	0.0337579772702	0.0590762942935	0.00263913096706	-0.00395854098527	0.00157549505791	-0.00162938637437	-0.000961924424184	0.000549019921228	-6.31197620283e-05	0.000232558009393	0.000126511723987	7.31052652967e-05	3.22655400866e-06	2.53070088463e-05	1.23389973938e-05	-1.43661062946e-05	-7.36669632737e-07	3.99765866076e-07	-1.36546941214e-07	-5.44903451123e-08	1.50401123919e-08	-9.77160913746e-10	-6.64032001992e-10	-3.42705051506e-10	5.23626793428e-10	-2.78982888535e-10
Even3;k__Bacteria;p__Actinobacteria;c__Actinobacteria;Other;Other;Other	0.546394757462	0.0848178349726	0.0851507463095	-0.0437573127547	0.0341966885347	0.0596170916491	0.00277369093219	-0.00380915598447	0.00149255348875	-0.00155840716406	-0.000898892628246	0.000592308920296	-5.47845718197e-05	0.00020991511844	9.32032647176e-05	7.25455524316e-05	1.4515882636e-05	1.85704621519e-05	2.85986308517e-05	-4.89122176768e-06	3.46974233807e-07	7.72668802788e-07	-2.81865976615e-07	1.29066014677e-07	3.36132935963e-08	-9.77160913746e-10	-6.64032001992e-10	-3.42705051506e-10	5.23626793428e-10	-2.78982888535e-10
Even4;k__Bacteria;p__Actinobacteria;c__Actinobacteria;Other;Other;Other	0.543173028468	0.084010637527	0.0843672150966	-0.0434918335222	0.0340178957795	0.0594627560805	0.00271922320793	-0.0038374999851	0.0015301194933	-0.00157119768703	-0.00091433435241	0.000644798101828	-7.09308811601e-05	0.000208275058636	0.00010723927851	3.76658121122e-05	9.45414017984e-06	6.16314583142e-06	2.60471688412e-05	3.20423618556e-06	6.21417459048e-07	6.25584786586e-07	-2.02783577875e-07	1.43548679e-07	2.78010113618e-08	-9.77160913746e-10	-6.64032001992e-10	-3.42705051506e-10	5.23626793428e-10	-2.78982888535e-10
Even4;k__Bacteria;p__Firmicutes;Other;Other;Other;Other	0.219718773201	-0.0127736607711	-0.0200537839355	0.00873739242514	-0.000841337377078	0.0149052363332	-0.00107826898899	0.00599015023514	-0.00847476247444	0.000923759423087	-0.000544428677686	-0.00259776562418	-0.00112312440856	0.000278495559651	0.000782238892075	0.000395821064977	-0.00039288189011	-0.000239280194346	-7.52165753747e-05	-7.05180208667e-05	-8.0394043405e-06	-1.61700060357e-06	1.62865525449e-06	-1.12693532741e-06	-5.12655377329e-08	-9.77160913747e-10	-6.64032001992e-10	-3.42705051506e-10	5.23626793429e-10	-2.78982888535e-10
Even3;k__Bacteria;p__Firmicutes;c__Clostridia;o__Clostridiales;f__Lachnospiraceae;g__Coprococcus	-0.0541376139993	-0.223285121722	0.302708725521	0.0555985484754	0.00337966712651	-0.00245543119815	-0.00700983698594	-0.00158458532132	0.00243458760693	0.00222859213975	-0.000382781629693	-0.000431046802287	-0.000373190927724	-0.000227502665559	0.00012795980492	-7.35823939266e-05	-0.000212520853202	4.21321201642e-05	1.25812895697e-05	-7.46994808412e-05	-9.0762989184e-06	9.30045591244e-07	-3.64988345147e-07	-1.09526636668e-06	1.67962625393e-08	-9.77160913747e-10	-6.64032001992e-10	-3.42705051506e-10	5.23626793429e-10	-2.78982888535e-10
Even1;k__Bacteria;p__Firmicutes;c__Clostridia;o__Clostridiales;f__Lachnospiraceae;g__Coprococcus	-0.0535029067842	-0.226178968552	0.308950835295	0.0575947173876	0.00308836525615	-0.00232547618423	-0.00728631787093	-0.00158844788728	0.0026229158028	0.00233330765508	-0.000369292780074	-0.000481012013024	-0.000387096968343	-0.000249932553	0.00013736354832	-5.68078360417e-05	-0.000231455238542	3.82395720256e-05	2.47887934741e-06	-7.80563254304e-05	-1.21408932623e-05	2.62987175819e-07	-3.72747573345e-07	-1.66277589516e-06	-3.32660870484e-08	-9.77160913747e-10	-6.64032001992e-10	-3.42705051506e-10	5.23626793429e-10	-2.78982888535e-10
Even3;k__Bacteria;p__Firmicutes;c__Bacilli;o__Lactobacillales;f__Lactobacillaceae;g__Lactobacillus	-0.113978829837	0.147739784904	0.0289101716736	0.0176083635484	0.00118783074918	0.00206166925807	-0.00133697682057	0.00092600115259	0.000212178263775	-0.000140575447828	-0.00028938195444	-0.000353173522754	-1.22930632793e-05	5.52533148996e-06	0.000114934683174	8.95945446212e-05	-0.000110184975571	-3.77478121546e-05	7.76333915818e-07	-4.27515407792e-05	-4.27306963401e-06	1.63064210584e-07	-1.18033566671e-07	-5.73916098098e-07	-6.60182784765e-09	-9.77160913745e-10	-6.64032001992e-10	-3.42705051507e-10	5.23626793427e-10	-2.78982888536e-10
Even4;k__Bacteria;p__Proteobacteria;c__Gammaproteobacteria;o__Enterobacteriales;f__Enterobacteriaceae;g__Enterobacter	-0.0551962913419	-0.230001303773	0.312790861734	0.0571885937417	0.00326915456312	-0.00251989912874	-0.00682852622097	-0.00217003248787	0.00222905552119	0.00265731836415	-0.000323795289662	-0.000449696342842	-0.000472546713767	-0.000229476808827	0.000101608519782	-2.44494647191e-05	-0.000281925683061	9.2901740616e-06	-2.33238210302e-05	-8.43880536481e-05	-1.54767015874e-05	7.10651099483e-06	1.07875169657e-05	1.1769387421e-06	8.10912584133e-07	-9.77160913749e-10	-6.64032001994e-10	-3.42705051508e-10	5.2362679343e-10	-2.78982888536e-10
Even3;k__Bacteria;p__Proteobacteria;c__Gammaproteobacteria;o__Enterobacteriales;f__Enterobacteriaceae;g__Enterobacter	-0.0542674212143	-0.234017685313	0.319240500273	0.0592543750587	0.0032566715333	-0.00246934044282	-0.00728677581722	-0.00198945674286	0.00250608907439	0.00259083794191	-0.00035755573821	-0.000481392891391	-0.00046146462455	-0.000237901476345	0.000113507534916	-3.28696525989e-05	-0.000271504536963	1.81378792975e-05	-1.60120366125e-05	-8.58351222669e-05	-1.14801791134e-05	3.39248455836e-06	4.44889989935e-06	-5.24456057462e-07	3.0202574397e-07	-9.77160913748e-10	-6.64032001993e-10	-3.42705051507e-10	5.23626793429e-10	-2.78982888536e-10
Even4;k__Bacteria;p__Firmicutes;c__Clostridia;o__Clostridiales;f__Lachnospiraceae;g__Coprococcus	-0.0534937490199	-0.23494663069	0.320072780952	0.0598274595979	0.00342313558411	-0.00248251330003	-0.00758687459352	-0.00166528805279	0.00274440141291	0.00238691509261	-0.000391687882401	-0.000496410735454	-0.000412966446393	-0.000249012845821	0.000132484547112	-5.83801514006e-05	-0.000240794161664	4.23651911499e-05	2.80051339718e-06	-8.24516107219e-05	-1.0893051972e-05	2.35689776945e-07	-8.14579646974e-07	-1.64182213847e-06	-5.68820809603e-08	-9.77160913747e-10	-6.64032001992e-10	-3.42705051506e-10	5.23626793429e-10	-2.78982888535e-10
Even1;k__Bacteria;p__Proteobacteria;c__Gammaproteobacteria;o__Enterobacteriales;f__Enterobacteriaceae;g__Enterobacter	-0.0536573726549	-0.236558860104	0.323294815919	0.0605587888197	0.00325972636704	-0.0024413311578	-0.00758448349362	-0.00185912674554	0.00268932465743	0.00253987500181	-0.000383772496182	-0.000503077238686	-0.000445077997791	-0.000247809022236	0.000124146992773	-4.10826462208e-05	-0.000262023931069	2.5117611648e-05	-1.03133454013e-05	-8.6041183186e-05	-1.22920116856e-05	2.55321063906e-06	3.2135572036e-06	-2.8399047279e-07	2.80980335084e-07	-9.77160913748e-10	-6.64032001993e-10	-3.42705051507e-10	5.23626793429e-10	-2.78982888536e-10
Even3;k__Bacteria;p__Firmicutes;c__Clostridia;o__Clostridiales;f__[Mogibacteriaceae];g__	-0.115638961211	0.148601726576	0.0329919087489	0.0140098118252	-0.0035635404812	0.00303630540718	-0.00173047275862	0.0014278111344	0.000107740179173	-0.000259584405803	-0.000187001320585	-0.000271808889696	6.93154076069e-05	1.05865869004e-05	9.17118083575e-05	7.151917533e-05	-8.26030155022e-05	-3.00570377296e-05	1.03011462034e-06	-3.00714554468e-05	-2.76847077375e-06	-6.07536630117e-07	4.21414735686e-07	-4.00873135034e-07	-2.07667402501e-08	-9.77160913744e-10	-6.64032001992e-10	-3.42705051507e-10	5.23626793427e-10	-2.78982888536e-10
Even3;k__Bacteria;p__Firmicutes;c__Clostridia;o__Clostridiales;f__Lachnospiraceae;g__Butyrivibrio	-0.0525597014517	-0.241303684633	0.33091421187	0.0629984353469	0.00324542873412	-0.00238212334749	-0.0081247142301	-0.00164416546487	0.00301833495793	0.00246079302795	-0.000424536510131	-0.000540346340365	-0.000430653081598	-0.00025925576517	0.000138431046135	-5.17307730415e-05	-0.000249612744755	3.60307169605e-05	-2.47421666712e-06	-8.71982372576e-05	-9.45787108975e-06	4.00965041752e-07	-8.0387479111e-07	-1.40788232431e-06	-4.2744426336e-08	-9.77160913747e-10	-6.64032001992e-10	-3.42705051506e-10	5.23626793429e-10	-2.78982888535e-10
Even4;k__Bacteria;p__Firmicutes;c__Clostridia;o__Clostridiales;f__Lachnospiraceae;g__Butyrivibrio	-0.0525597014517	-0.241303684633	0.33091421187	0.0629984353469	0.00324542873412	-0.00238212334749	-0.0081247142301	-0.00164416546487	0.00301833495793	0.00246079302795	-0.000424536510131	-0.000540346340365	-0.000430653081598	-0.00025925576517	0.000138431046135	-5.17307730415e-05	-0.000249612744755	3.60307169605e-05	-2.47421666712e-06	-8.71982372576e-05	-9.45787108975e-06	4.00965041752e-07	-8.0387479111e-07	-1.40788232431e-06	-4.2744426336e-08	-9.77160913747e-10	-6.64032001992e-10	-3.42705051506e-10	5.23626793429e-10	-2.78982888535e-10
Even1;k__Bacteria;p__Firmicutes;c__Clostridia;o__Clostridiales;f__Peptococcaceae;g__	-0.0525597014517	-0.241303684633	0.33091421187	0.0629984353469	0.00324542873412	-0.00238212334749	-0.0081247142301	-0.00164416546487	0.00301833495793	0.00246079302795	-0.000424536510131	-0.000540346340365	-0.000430653081598	-0.00025925576517	0.000138431046135	-5.17307730415e-05	-0.000249612744755	3.60307169605e-05	-2.47421666712e-06	-8.71982372576e-05	-9.45787108975e-06	4.00965041752e-07	-8.0387479111e-07	-1.40788232431e-06	-4.2744426336e-08	-9.77160913747e-10	-6.64032001992e-10	-3.42705051506e-10	5.23626793429e-10	-2.78982888535e-10
Even4;k__Bacteria;p__Firmicutes;c__Clostridia;o__Clostridiales;f__Clostridiaceae;g__Anaerococcus	-0.0525597014517	-0.241303684633	0.33091421187	0.0629984353469	0.00324542873412	-0.00238212334749	-0.0081247142301	-0.00164416546487	0.00301833495793	0.00246079302795	-0.000424536510131	-0.000540346340365	-0.000430653081598	-0.00025925576517	0.000138431046135	-5.17307730415e-05	-0.000249612744755	3.60307169605e-05	-2.47421666712e-06	-8.71982372576e-05	-9.45787108975e-06	4.00965041752e-07	-8.0387479111e-07	-1.40788232431e-06	-4.2744426336e-08	-9.77160913747e-10	-6.64032001992e-10	-3.42705051506e-10	5.23626793429e-10	-2.78982888535e-10
Even1;k__Bacteria;p__Firmicutes;c__Clostridia;o__Clostridiales;f__Clostridiaceae;g__Anaerococcus	-0.0525597014517	-0.241303684633	0.33091421187	0.0629984353469	0.00324542873412	-0.00238212334749	-0.0081247142301	-0.00164416546487	0.00301833495793	0.00246079302795	-0.000424536510131	-0.000540346340365	-0.000430653081598	-0.00025925576517	0.000138431046135	-5.17307730415e-05	-0.000249612744755	3.60307169605e-05	-2.47421666712e-06	-8.71982372576e-05	-9.45787108975e-06	4.00965041752e-07	-8.0387479111e-07	-1.40788232431e-06	-4.2744426336e-08	-9.77160913747e-10	-6.64032001992e-10	-3.42705051506e-10	5.23626793429e-10	-2.78982888535e-10
Even1;k__Bacteria;p__Firmicutes;c__Clostridia;o__Clostridiales;f__Lachnospiraceae;g__Butyrivibrio	-0.0525597014517	-0.241303684633	0.33091421187	0.0629984353469	0.00324542873412	-0.00238212334749	-0.0081247142301	-0.00164416546487	0.00301833495793	0.00246079302795	-0.000424536510131	-0.000540346340365	-0.000430653081598	-0.00025925576517	0.000138431046135	-5.17307730415e-05	-0.000249612744755	3.60307169605e-05	-2.47421666712e-06	-8.71982372576e-05	-9.45787108975e-06	4.00965041752e-07	-8.0387479111e-07	-1.40788232431e-06	-4.2744426336e-08	-9.77160913747e-10	-6.64032001992e-10	-3.42705051506e-10	5.23626793429e-10	-2.78982888535e-10
Even4;k__Bacteria;p__Firmicutes;c__Clostridia;o__Clostridiales;f__Peptococcaceae;g__	-0.0525597014517	-0.241303684633	0.33091421187	0.0629984353469	0.00324542873412	-0.00238212334749	-0.0081247142301	-0.00164416546487	0.00301833495793	0.00246079302795	-0.000424536510131	-0.000540346340365	-0.000430653081598	-0.00025925576517	0.000138431046135	-5.17307730415e-05	-0.000249612744755	3.60307169605e-05	-2.47421666712e-06	-8.71982372576e-05	-9.45787108975e-06	4.00965041752e-07	-8.0387479111e-07	-1.40788232431e-06	-4.2744426336e-08	-9.77160913747e-10	-6.64032001992e-10	-3.42705051506e-10	5.23626793429e-10	-2.78982888535e-10
Even3;k__Bacteria;p__Firmicutes;c__Clostridia;o__Clostridiales;f__Peptococcaceae;g__	-0.0525597014517	-0.241303684633	0.33091421187	0.0629984353469	0.00324542873412	-0.00238212334749	-0.0081247142301	-0.00164416546487	0.00301833495793	0.00246079302795	-0.000424536510131	-0.000540346340365	-0.000430653081598	-0.00025925576517	0.000138431046135	-5.17307730415e-05	-0.000249612744755	3.60307169605e-05	-2.47421666712e-06	-8.71982372576e-05	-9.45787108975e-06	4.00965041752e-07	-8.0387479111e-07	-1.40788232431e-06	-4.2744426336e-08	-9.77160913747e-10	-6.64032001992e-10	-3.42705051506e-10	5.23626793429e-10	-2.78982888535e-10
Even3;k__Bacteria;p__Firmicutes;c__Clostridia;o__Clostridiales;f__Clostridiaceae;g__Anaerococcus	-0.0525597014517	-0.241303684633	0.33091421187	0.0629984353469	0.00324542873412	-0.00238212334749	-0.0081247142301	-0.00164416546487	0.00301833495793	0.00246079302795	-0.000424536510131	-0.000540346340365	-0.000430653081598	-0.00025925576517	0.000138431046135	-5.17307730415e-05	-0.000249612744755	3.60307169605e-05	-2.47421666712e-06	-8.71982372576e-05	-9.45787108975e-06	4.00965041752e-07	-8.0387479111e-07	-1.40788232431e-06	-4.2744426336e-08	-9.77160913747e-10	-6.64032001992e-10	-3.42705051506e-10	5.23626793429e-10	-2.78982888535e-10
Even1;k__Bacteria;p__Firmicutes;c__Clostridia;o__Clostridiales;f__[Mogibacteriaceae];g__	-0.115405644133	0.148480643609	0.0324182900886	0.0145155445836	-0.00289603527699	0.00289941619494	-0.00167495053053	0.00135726936848	0.000122430148275	-0.000242823104455	-0.000201358954184	-0.000283278242589	5.77624522239e-05	9.91374476167e-06	9.4933591408e-05	7.4007832974e-05	-8.65640754617e-05	-3.1173128644e-05	3.72786697548e-07	-3.15199742491e-05	-3.13404627696e-06	1.04272207432e-07	-7.29963664051e-08	-4.2328375855e-07	-5.36950309111e-09	-9.77160913745e-10	-6.64032001992e-10	-3.42705051507e-10	5.23626793427e-10	-2.78982888536e-10
Even1;k__Bacteria;p__Firmicutes;c__Bacilli;o__Lactobacillales;f__Lactobacillaceae;g__Lactobacillus	-0.113842650158	0.147232672714	0.0286087143284	0.0176904903053	0.00148726565914	0.0019848124698	-0.00127237336494	0.000865325602563	0.000191274043946	-0.000117951099258	-0.000291570755497	-0.000354599219098	-2.04988500556e-05	5.82815148934e-06	0.000114696712912	9.15790774547e-05	-0.000113812391251	-3.91803047085e-05	-3.5611626842e-07	-4.34547022413e-05	-4.977640297e-06	7.06034654172e-07	8.16584111234e-07	-2.42832274286e-07	7.84640757381e-08	-9.77160913745e-10	-6.64032001993e-10	-3.42705051507e-10	5.23626793427e-10	-2.78982888536e-10
Even4;k__Bacteria;p__Firmicutes;c__Clostridia;o__Clostridiales;f__[Mogibacteriaceae];g__	-0.115564915597	0.148563283882	0.0328098551829	0.0141703149542	-0.00335162723227	0.00299283735466	-0.00171291460004	0.0014054287149	0.000112398758665	-0.000254275145808	-0.000191566689217	-0.000275439082006	6.56726898668e-05	1.03621300202e-05	9.27461969267e-05	7.23236495362e-05	-8.38360641774e-05	-3.04012414039e-05	9.98006947114e-07	-3.06258617111e-05	-2.84073299634e-06	-5.52984672407e-07	3.83356174243e-07	-4.08527403085e-07	-1.96866376197e-08	-9.77160913744e-10	-6.64032001992e-10	-3.42705051507e-10	5.23626793427e-10	-2.78982888536e-10
Even3;k__Bacteria;p__Firmicutes;c__Clostridia;o__Clostridiales;f__Peptococcaceae;Other	0.157677758183	-0.0358645153044	-0.0529139751236	0.0616426452281	-0.0285293430516	0.00289974089084	0.0214682151178	0.00189960368401	2.22306448577e-05	-0.00255288986808	0.0048352306696	0.00920863372332	0.00694036111147	6.79002595504e-05	-0.00106490476295	-0.000159828807976	0.000640220920635	-0.000113725531048	0.000270875455151	0.000155078235156	3.4017013594e-05	5.79217860888e-06	-4.33766425046e-06	4.38494970524e-06	2.29970820157e-07	-9.77160913745e-10	-6.64032001992e-10	-3.42705051506e-10	5.23626793426e-10	-2.78982888536e-10
Even1;k__Bacteria;p__Firmicutes;c__Clostridia;o__Clostridiales;f__Peptococcaceae;Other	0.158459343033	-0.0357842946574	-0.0530107865529	0.0619519868889	-0.0286743684399	0.00291851123916	0.0215615438814	0.00187961359575	2.80343887646e-07	-0.002544310633	0.00487234726163	0.00924382936184	0.0069645163335	6.49773579497e-05	-0.00105568112153	-0.000161712181777	0.000633654272646	-0.000106056710282	0.000269701657266	0.000159746934005	3.30789186197e-05	5.5744107935e-06	-4.28856188688e-06	4.21701218243e-06	2.15739176256e-07	-9.77160913746e-10	-6.64032001992e-10	-3.42705051506e-10	5.23626793426e-10	-2.78982888536e-10
Even1;k__Bacteria;p__Firmicutes;c__Clostridia;o__Clostridiales;f__Peptostreptococcaceae;g__	-0.109102052529	0.112247628405	0.024504580482	0.00676098078793	0.00171591637353	0.000760004619294	0.000624109239452	0.000258819479018	-0.00106282266765	0.000227171429294	-0.000215757332351	-0.000162465967281	0.000274480599584	-0.000153011416919	0.000293042681166	-7.40558094953e-05	3.99631216129e-06	-4.35731940134e-05	3.94023126193e-05	-9.61417317625e-05	-6.89937278913e-06	1.19390310986e-06	-1.1075878206e-06	-9.42855337061e-07	8.10481146466e-09	-9.77160913745e-10	-6.64032001992e-10	-3.42705051507e-10	5.23626793427e-10	-2.78982888536e-10
Even4;k__Bacteria;p__Firmicutes;c__Bacilli;o__Lactobacillales;f__Lactobacillaceae;g__Lactobacillus	-0.113956000279	0.14772793089	0.0288540404787	0.0176578497982	0.00125317411925	0.00204826499657	-0.00133156911594	0.000919100701289	0.000213614266887	-0.000138939447424	-0.000290790355069	-0.000354291873142	-1.34139774929e-05	5.45511525108e-06	0.000115254708055	8.98439377846e-05	-0.000110562918728	-3.78530095276e-05	7.82790820882e-07	-4.29312500066e-05	-4.2912944299e-06	1.64004904425e-07	-1.18754178568e-07	-5.76326271361e-07	-6.6215455005e-09	-9.77160913745e-10	-6.64032001992e-10	-3.42705051507e-10	5.23626793427e-10	-2.78982888536e-10
Even4;k__Bacteria;p__Firmicutes;c__Clostridia;o__Clostridiales;f__Peptococcaceae;Other	0.158506759829	-0.0357693000614	-0.052936477051	0.0619457719666	-0.0286561284991	0.00289309167772	0.0216017409591	0.00190873782283	-8.19154690467e-06	-0.00257063544262	0.00489714289135	0.00924206429931	0.00696996362906	5.39716832481e-05	-0.00105177952635	-0.000172014020162	0.000634168751826	-9.99490280643e-05	0.000262742523462	0.000154582203704	3.34938321981e-05	5.51839511544e-06	-4.26848605156e-06	4.26727663813e-06	2.14102891905e-07	-9.77160913745e-10	-6.64032001992e-10	-3.42705051506e-10	5.23626793426e-10	-2.78982888536e-10
Even4;k__Bacteria;p__Proteobacteria;c__Gammaproteobacteria;o__Enterobacteriales;f__Enterobacteriaceae;g__Klebsiella	-0.0906263395918	0.0121791815213	0.010039670142	-0.021814111993	0.00170929936045	-0.00195645052395	0.00431774781546	0.000245721806356	-0.0027822849907	-0.000212175425055	0.0002557880749	0.000551412783791	0.000353003615398	-0.000283473457083	0.000655144427599	-0.000602158433057	0.00040335544716	-2.35190724913e-05	3.58466832257e-05	0.00011488128376	5.76100867047e-06	-4.18324970242e-07	-4.21327316423e-07	3.93834123193e-07	-5.04607511378e-08	-9.77160913745e-10	-6.64032001992e-10	-3.42705051506e-10	5.23626793427e-10	-2.78982888535e-10
Even4;k__Bacteria;p__Firmicutes;c__Clostridia;o__Clostridiales;f__Peptostreptococcaceae;g__	-0.108884556516	0.111543784668	0.0242514768522	0.00672461032079	0.00192631921978	0.000691049335333	0.000636904256627	0.000252201061624	-0.0010843865109	0.000189985765784	-0.000225700405932	-0.000167072518882	0.000290344703253	-0.000149605575225	0.000289711646027	-7.59952117246e-05	-2.84147004888e-06	-3.00002450259e-05	4.30478305567e-05	-8.34135214279e-05	-8.378490033e-06	9.58971348772e-07	-1.02543551146e-06	-1.18080310438e-06	-7.34279369423e-09	-9.77160913745e-10	-6.64032001992e-10	-3.42705051507e-10	5.23626793427e-10	-2.78982888536e-10
Even3;k__Bacteria;p__Proteobacteria;c__Gammaproteobacteria;o__Enterobacteriales;f__Enterobacteriaceae;g__Klebsiella	-0.091749015183	0.0213503153676	0.0114635571728	-0.0195138146124	0.00028397527444	-0.00127031888365	0.00371872088819	0.000103225369993	-0.00257878126183	-0.000134856232631	0.000114272602468	0.000418749595974	0.000407269343905	-0.000281450745124	0.000610604426889	-0.00055317165923	0.000330733701274	-2.55503547284e-05	5.38084942241e-05	8.54049704391e-05	4.39196140786e-06	2.2474657106e-07	-7.14777305138e-07	2.94186122163e-07	-2.53435293266e-08	-9.77160913745e-10	-6.64032001992e-10	-3.42705051506e-10	5.23626793427e-10	-2.78982888535e-10
Even3;k__Bacteria;p__Firmicutes;c__Clostridia;o__Clostridiales;f__Peptostreptococcaceae;g__	-0.10918298324	0.114787378107	0.0245873295899	0.00777610060864	0.00179416434325	0.000858332377946	0.000391420370518	0.000382624505055	-0.000891550115091	0.000116300785592	-0.000192265541603	-0.00015081102912	0.000195671964491	-0.000111323292091	0.000280254206183	-6.33581563235e-05	-1.1149773621e-05	-2.64346343056e-05	3.32222177422e-05	-6.62080157329e-05	-5.20271486848e-06	9.07271587792e-07	-8.44876935029e-07	-7.32336306157e-07	3.36021228826e-09	-9.77160913745e-10	-6.64032001992e-10	-3.42705051507e-10	5.23626793427e-10	-2.78982888536e-10
Even1;k__Bacteria;p__Proteobacteria;c__Gammaproteobacteria;o__Enterobacteriales;f__Enterobacteriaceae;g__Klebsiella	-0.0973509103048	0.0392000967284	0.0172366842259	-0.0173653884181	-0.00182417210312	-0.000603814921676	0.0032831438232	0.000274230580758	-0.00274526265309	7.86185792913e-05	9.35274519988e-05	0.000345204769104	0.000624156103238	-0.000337536402612	0.000585702825739	-0.000463893044521	0.000276909886806	-7.59123868315e-07	5.49204086745e-05	2.80789000377e-05	9.81270888194e-07	5.79344546431e-07	-1.06622118722e-06	-1.34394967614e-07	-2.32610775247e-08	-9.77160913745e-10	-6.64032001992e-10	-3.42705051506e-10	5.23626793427e-10	-2.78982888535e-10
Even3;k__Bacteria;p__Proteobacteria;c__Gammaproteobacteria;o__Enterobacteriales;f__Enterobacteriaceae;g__Trabulsiella	-0.0784309161369	-0.0449585653903	-0.00406975740927	-0.0329817075298	0.00831501732828	-0.00495480990997	0.00734314729829	-0.00145745991627	-0.00412527649038	0.000453321939425	-0.000278085432935	0.000423563009097	0.000931190766403	-0.000261002112973	0.000187674017404	-0.000319050848016	0.000258993620527	5.99522978194e-05	0.000275015028986	-0.000121026930088	-1.1143775272e-06	7.12086954232e-06	-4.57238344822e-06	2.26003169648e-07	2.28468243983e-07	-9.77160913748e-10	-6.64032001993e-10	-3.42705051507e-10	5.23626793429e-10	-2.78982888536e-10
Even4;k__Bacteria;p__Proteobacteria;c__Gammaproteobacteria;o__Enterobacteriales;f__Enterobacteriaceae;g__Trabulsiella	-0.080925461857	-0.0408407021255	-0.00215408036301	-0.0331766495121	0.00754002639683	-0.00480700618271	0.00774995527999	-0.00215442123959	-0.00468311806011	0.0010710195194	-0.000387609272373	0.000295621516257	0.00127832514813	-0.00051615078489	0.000553080805496	-0.000476797146641	0.000316520829801	1.50429082098e-05	0.00024448102716	-0.000172584471659	-6.65822489756e-06	6.30951128542e-06	-4.66470681776e-06	-7.22923082294e-07	1.61533988222e-07	-9.77160913748e-10	-6.64032001993e-10	-3.42705051507e-10	5.23626793429e-10	-2.78982888536e-10
Even1;Unclassified;Other;Other;Other;Other;Other	0.427278983717	0.0912662699376	0.0428635723286	-0.0264194050499	-0.0175804909678	-0.0923862622518	-0.00771321510025	-0.00999330063761	0.00924369192657	-3.55627841333e-05	-0.000684092734767	-0.000649066303364	-0.00117887053049	0.0001510783193	0.000540863024902	0.000462126374184	0.000122785642484	-0.000159046682247	-0.000104195171626	3.66439069967e-05	1.52929769574e-06	-1.40273963395e-06	9.18230428729e-07	1.65699383217e-07	-3.7962899818e-08	-9.77160913746e-10	-6.64032001992e-10	-3.42705051506e-10	5.23626793428e-10	-2.78982888535e-10
Even3;k__Bacteria;p__Firmicutes;c__Clostridia;o__Clostridiales;f__Lachnospiraceae;g__Lachnobacterium	-0.0494012148936	-0.00968389781549	-0.0114753147091	-0.0109750821808	-0.00159363108835	0.000335165564988	0.00168137700387	0.000482624370669	-0.00102378006193	7.53992037767e-05	-0.000176229818726	0.000278082126244	0.000248347037962	1.14753962228e-05	3.16345607543e-05	-7.14288783389e-05	0.000168478570909	-7.36339144161e-06	4.165835555e-05	7.81271786629e-06	2.27575295222e-06	2.2434584306e-06	9.91683345428e-07	4.72916205246e-08	8.58647968684e-08	-9.77160913747e-10	-6.64032001992e-10	-3.42705051506e-10	5.23626793428e-10	-2.78982888535e-10
Even3;Unclassified;Other;Other;Other;Other;Other	0.427278983717	0.0912662699376	0.0428635723286	-0.0264194050499	-0.0175804909678	-0.0923862622518	-0.00771321510025	-0.00999330063761	0.00924369192657	-3.55627841333e-05	-0.000684092734767	-0.000649066303364	-0.00117887053049	0.0001510783193	0.000540863024902	0.000462126374184	0.000122785642484	-0.000159046682247	-0.000104195171626	3.66439069967e-05	1.52929769574e-06	-1.40273963395e-06	9.18230428729e-07	1.65699383217e-07	-3.7962899818e-08	-9.77160913746e-10	-6.64032001992e-10	-3.42705051506e-10	5.23626793428e-10	-2.78982888535e-10
Even3;k__Bacteria;p__Firmicutes;c__Bacilli;o__Lactobacillales;f__Streptococcaceae;Other	0.499492800111	0.0917197363927	0.0680755268107	-0.0372813988988	0.00963390210764	-0.0148760996531	-0.00242983485032	-0.00720809272977	0.00556100641946	-0.000914605312267	-0.00090743277844	-0.000101278086788	-0.000623707574683	0.000187561272666	0.0003646586474	0.0002678808766	6.8338337886e-05	-6.66038287932e-05	-3.69407829959e-05	6.25460506387e-06	2.54564412126e-06	4.0730138602e-08	2.05178860223e-07	4.11527097063e-07	1.79502773351e-08	-9.77160913746e-10	-6.64032001992e-10	-3.42705051506e-10	5.23626793428e-10	-2.78982888535e-10
Even4;k__Bacteria;p__Firmicutes;c__Bacilli;o__Lactobacillales;f__Streptococcaceae;Other	0.490376652588	0.088740943995	0.0651964828049	-0.0356066297889	0.00894899050373	-0.015147587282	-0.00228995769644	-0.00675883694328	0.00539622789092	-0.00078758854763	-0.000731866143714	-6.95081509993e-05	-0.00059375483073	0.000211066189888	0.000359024208054	0.000257984823123	0.000108987626106	-0.000117425114928	-5.97986786432e-05	1.98031632899e-05	5.97211782841e-07	-9.1905054697e-07	6.16226648882e-07	5.08871905776e-08	-2.48896399617e-08	-9.77160913746e-10	-6.64032001992e-10	-3.42705051506e-10	5.23626793428e-10	-2.78982888535e-10
Even1;k__Bacteria;p__Firmicutes;c__Clostridia;Other;Other;Other	0.434539426764	0.0579475585429	0.0547693292068	-0.0320026782733	0.0233966266764	0.0430252982564	0.000847753328207	-0.0042492334666	0.00221931111923	-0.000618136711971	-0.00190083375606	0.00110390316815	0.000159300418227	0.000204788135998	0.000118747286441	0.00026309872448	0.000197487739901	0.000103775783319	8.27199773557e-06	-1.87139446055e-05	4.62608962298e-06	-1.08851803642e-06	-3.93439337195e-06	-8.35345512685e-07	-2.72980340187e-07	-9.77160913746e-10	-6.64032001991e-10	-3.42705051505e-10	5.23626793428e-10	-2.78982888535e-10
Even3;k__Bacteria;p__Firmicutes;c__Clostridia;Other;Other;Other	0.411295383773	0.0525674011886	0.0506344953669	-0.0318333308651	0.023098406001	0.0414639613209	8.15762229579e-05	-0.00421562541697	0.00203829302481	-0.000777992749575	-0.00159303539164	0.000899999168928	0.000349852045074	0.000256891301677	0.000284737605424	0.000337369809861	0.000154957498092	8.27100677073e-05	-6.10015786579e-05	-5.27223102633e-05	2.49966119098e-06	-4.93501570065e-06	-6.79755552398e-06	-1.67514239311e-06	-5.45599690233e-07	-9.77160913744e-10	-6.6403200199e-10	-3.42705051505e-10	5.23626793428e-10	-2.78982888534e-10
Even4;k__Bacteria;p__Firmicutes;c__Clostridia;Other;Other;Other	0.462054405815	0.0648282057427	0.0637512615887	-0.0372017329747	0.0275522417669	0.0477789301414	0.000565904441675	-0.00388916704397	0.00193252419829	-0.000845768294314	-0.000862351350132	0.000535532310079	0.00024623731674	0.000349620838204	0.000187771908614	0.000138594296649	9.15687711151e-05	2.25647744629e-05	-5.64657959349e-05	-3.71933616917e-05	1.4126665428e-07	-3.49846568574e-06	-3.70936907428e-06	-9.68144052337e-07	-3.20092858177e-07	-9.77160913745e-10	-6.64032001991e-10	-3.42705051505e-10	5.23626793428e-10	-2.78982888534e-10
Even4;Unclassified;Other;Other;Other;Other;Other	0.427278983717	0.0912662699376	0.0428635723286	-0.0264194050499	-0.0175804909678	-0.0923862622518	-0.00771321510025	-0.00999330063761	0.00924369192657	-3.55627841333e-05	-0.000684092734767	-0.000649066303364	-0.00117887053049	0.0001510783193	0.000540863024902	0.000462126374184	0.000122785642484	-0.000159046682247	-0.000104195171626	3.66439069967e-05	1.52929769574e-06	-1.40273963395e-06	9.18230428729e-07	1.65699383217e-07	-3.7962899818e-08	-9.77160913746e-10	-6.64032001992e-10	-3.42705051506e-10	5.23626793428e-10	-2.78982888535e-10
Even1;k__Bacteria;p__Proteobacteria;c__Gammaproteobacteria;o__Enterobacteriales;f__Enterobacteriaceae;g__Trabulsiella	-0.0770813166827	-0.0435631223758	-0.00488491817696	-0.0316704506956	0.0080995114974	-0.00467004085441	0.00670448798683	-0.00106732495409	-0.00363346958309	5.23592257135e-05	-0.000231706915278	0.000500166307942	0.000689073692635	-0.000117473724082	0.000127934527735	-0.000307359361689	0.000259910229974	0.000105046535161	0.000274656954038	-6.71280332703e-05	2.53688873984e-06	6.9985620268e-06	-4.15254092848e-06	7.68601621645e-07	2.44374028742e-07	-9.77160913747e-10	-6.64032001993e-10	-3.42705051507e-10	5.23626793428e-10	-2.78982888536e-10
Even4;k__Bacteria;p__Bacteroidetes;c__Bacteroidia;o__Bacteroidales;f__S24-7;g__	-0.0538186822382	0.0132578868303	-0.0093812034343	-0.00286263100076	0.00113500664054	0.00026760366158	0.00119346903053	0.000261464567728	-0.00080815206602	1.76585369232e-06	-5.76791409249e-05	0.000168162960674	5.34966023105e-06	6.49058613905e-05	3.34705894558e-05	-3.99702057806e-05	1.51692682044e-05	2.94876360182e-05	1.53071406159e-05	2.7584853291e-05	1.82045255856e-06	5.08097779494e-08	-1.42109601311e-07	1.77274803484e-07	-4.44136083489e-09	-9.77160913746e-10	-6.64032001992e-10	-3.42705051506e-10	5.23626793427e-10	-2.78982888535e-10
Even1;k__Bacteria;p__Firmicutes;c__Bacilli;o__Lactobacillales;f__Streptococcaceae;Other	0.490177257676	0.0892599312258	0.06593063919	-0.0364471760261	0.00912676331578	-0.0156378819444	-0.00237536943157	-0.00689957562427	0.0056155913629	-0.00086465776706	-0.00083699676801	-0.000104106684335	-0.00062280309744	0.000157409075889	0.000392511195892	0.000236352930473	0.000127798600627	-0.000118317661264	-6.02011129424e-05	8.59214491422e-06	5.42818313754e-06	-1.90231104909e-07	4.06526799372e-07	8.05158366135e-07	2.13533984381e-08	-9.77160913746e-10	-6.64032001992e-10	-3.42705051506e-10	5.23626793428e-10	-2.78982888535e-10
Even1;k__Bacteria;p__Firmicutes;c__Clostridia;o__Clostridiales;f__Lachnospiraceae;g__Lachnobacterium	-0.0494166929682	-0.00901963941039	-0.0119772336781	-0.0105691081319	-0.00183574263662	0.000569866367961	0.00138989571833	0.000509840171339	-0.000676516877212	9.33832835669e-05	-0.000271858949186	0.000299147891703	0.000184037534976	6.3508299943e-05	1.53836509344e-05	-4.88519203345e-05	0.000106678421668	6.48139731902e-06	1.71601929374e-05	8.24318128162e-06	1.35868513948e-06	1.30082352573e-06	9.95594032422e-07	-1.04698591245e-07	4.3299420766e-08	-9.77160913747e-10	-6.64032001992e-10	-3.42705051506e-10	5.23626793428e-10	-2.78982888535e-10
Even1;Unknown;Other;Other;Other;Other;Other	0.57921900022	0.0934294465273	0.0952605973596	-0.0488891351078	0.0381332223348	0.0657575616163	0.00305359162221	-0.00428450740672	0.00176111612319	-0.00176648102431	-0.00114685398785	0.00054073932571	-5.40024981978e-05	0.000273283187377	0.000165415752187	9.0388844782e-05	-8.75346198823e-06	2.03803637835e-05	2.43054136222e-05	-1.49296015971e-05	-7.74395467705e-07	6.75063896831e-07	-2.67639720457e-07	-4.20167047377e-08	2.49831000651e-08	-9.77160913746e-10	-6.64032001992e-10	-3.42705051506e-10	5.23626793428e-10	-2.78982888535e-10
Even3;k__Bacteria;p__Bacteroidetes;c__Bacteroidia;o__Bacteroidales;f__S24-7;g__	-0.0476366020835	0.0115793849851	-0.0122073246991	-0.000868813959998	0.00035356997837	0.000703703375218	0.000753286299554	0.000306044188316	-0.000557552447463	-2.18940844517e-05	-5.5312933109e-05	6.37218023846e-05	1.76363255243e-05	2.3765484249e-05	2.84205114043e-05	-3.76649947415e-05	-1.61701358166e-05	3.29905183943e-05	9.79497210509e-06	1.23584011417e-05	6.02442721257e-07	2.05456601579e-08	-9.02831389224e-08	3.2707316208e-08	-5.56186539053e-09	-9.77160913746e-10	-6.64032001992e-10	-3.42705051506e-10	5.23626793428e-10	-2.78982888535e-10
Even4;k__Bacteria;p__Firmicutes;c__Clostridia;o__Clostridiales;f__Lachnospiraceae;g__Lachnobacterium	-0.049439457487	-0.0102031886867	-0.0116835969927	-0.0110230522324	-0.00155060212263	0.000340951213801	0.00171889547193	0.000479094347301	-0.00090213471009	4.83203976086e-05	-0.000146634423165	0.00026277280336	0.000220509675666	7.94259804176e-05	8.54721628186e-05	-0.000111060859703	0.000129690674061	4.01153074846e-05	2.75541523303e-05	2.52855595572e-05	2.20165952085e-06	3.80713968002e-07	-3.71187235939e-07	2.47922192627e-07	7.64244518457e-09	-9.77160913746e-10	-6.64032001992e-10	-3.42705051506e-10	5.23626793428e-10	-2.78982888535e-10
Even3;Unknown;Other;Other;Other;Other;Other	0.57921900022	0.0934294465273	0.0952605973596	-0.0488891351078	0.0381332223348	0.0657575616163	0.00305359162221	-0.00428450740672	0.00176111612319	-0.00176648102431	-0.00114685398785	0.00054073932571	-5.40024981978e-05	0.000273283187377	0.000165415752187	9.0388844782e-05	-8.75346198823e-06	2.03803637835e-05	2.43054136222e-05	-1.49296015971e-05	-7.74395467705e-07	6.75063896831e-07	-2.67639720457e-07	-4.20167047377e-08	2.49831000651e-08	-9.77160913746e-10	-6.64032001992e-10	-3.42705051506e-10	5.23626793428e-10	-2.78982888535e-10
Even4;Unknown;Other;Other;Other;Other;Other	0.57921900022	0.0934294465273	0.0952605973596	-0.0488891351078	0.0381332223348	0.0657575616163	0.00305359162221	-0.00428450740672	0.00176111612319	-0.00176648102431	-0.00114685398785	0.00054073932571	-5.40024981978e-05	0.000273283187377	0.000165415752187	9.0388844782e-05	-8.75346198823e-06	2.03803637835e-05	2.43054136222e-05	-1.49296015971e-05	-7.74395467705e-07	6.75063896831e-07	-2.67639720457e-07	-4.20167047377e-08	2.49831000651e-08	-9.77160913746e-10	-6.64032001992e-10	-3.42705051506e-10	5.23626793428e-10	-2.78982888535e-10
Even1;k__Bacteria;p__Bacteroidetes;c__Bacteroidia;o__Bacteroidales;f__S24-7;g__	-0.0561978192593	0.0129558688717	-0.00928192658481	-0.00343395058773	0.001565534716	0.000233917613901	0.00123797076929	0.0002551628607	-0.000401550180243	1.12474948245e-05	-0.000233221600616	9.48253236898e-05	2.13460613106e-06	0.000128212322612	2.45112000464e-05	-2.54511682838e-05	5.98627050693e-05	2.3685645667e-05	1.20345118894e-05	1.11452169149e-05	5.17064496705e-06	6.1854474453e-07	-2.76826890865e-07	7.32131671015e-07	3.39049540989e-08	-9.77160913746e-10	-6.64032001992e-10	-3.42705051506e-10	5.23626793427e-10	-2.78982888535e-10
Even4;k__Bacteria;p__Proteobacteria;c__Gammaproteobacteria;o__Enterobacteriales;f__Enterobacteriaceae;g__Salmonella	-0.076786499586	-0.0414952380942	-0.00473732660216	-0.0299364092859	0.00917618431156	-0.00478678492139	0.00631447539525	7.33927618098e-05	-0.00304609928071	-0.00112795655386	0.000750439209796	0.0012337808894	-0.000802347161397	0.000247696542822	-2.55945725786e-05	-0.000455544647486	0.000547992177404	-5.72788888321e-05	7.08721320208e-05	8.84715943209e-05	-3.47373309004e-05	-2.08583944049e-06	2.3793713176e-06	-4.12583045316e-06	-8.24162406051e-07	-9.77160913746e-10	-6.6403200199e-10	-3.42705051504e-10	5.23626793427e-10	-2.78982888533e-10
Even3;k__Bacteria;p__Proteobacteria;c__Gammaproteobacteria;o__Enterobacteriales;f__Enterobacteriaceae;g__Salmonella	-0.0785084466423	-0.0352735929743	-0.0032972325316	-0.0286222087737	0.00882961172422	-0.004587890663	0.00620615078687	-9.63768324952e-05	-0.00314746673237	-0.00101885805723	0.00077924971694	0.00123393823597	-0.000843158856942	0.000266384389607	-2.28097025616e-05	-0.000434010260975	0.00050554374451	-5.02210933556e-05	6.36726715688e-05	7.61572204685e-05	-4.08021007413e-05	-2.98247671363e-06	2.77392166455e-06	2.9187166193e-08	-5.58081160049e-07	-9.77160913743e-10	-6.6403200199e-10	-3.42705051505e-10	5.23626793426e-10	-2.78982888534e-10
Even1;k__Bacteria;p__Firmicutes;c__Erysipelotrichi;o__Erysipelotrichales;f__Erysipelotrichaceae;g__Sharpea	-0.0724672009647	-0.0485449193373	-0.00892201054512	-0.0298016375121	0.00917380384027	-0.00441039422567	0.00534085365064	0.000223582872705	-0.00231602077305	-0.000989102268235	-0.000174287983881	0.00111981756266	-0.000381196345059	0.00027673790756	-7.33130300019e-05	-0.000415042639041	0.000713822338983	-0.000294657026473	0.000146160588521	0.000231328321971	2.14227236712e-05	7.26922845956e-06	5.00051497806e-06	2.09750248314e-06	3.55229691108e-07	-9.77160913748e-10	-6.64032001993e-10	-3.42705051506e-10	5.23626793427e-10	-2.78982888536e-10
Even3;k__Bacteria;p__Bacteroidetes;c__Bacteroidia;o__Bacteroidales;f__Prevotellaceae;Other	0.101429638852	-0.0481114622787	-0.0585378212744	0.0322724001707	-0.0160287583233	0.00524652814527	-0.00161538620261	-0.000420356683118	-0.0103082258254	-0.00297767003369	0.00773408368216	-0.00668217920154	0.000641127931104	0.000472178373533	0.00162587540219	0.000961995596719	0.000614311147576	-0.000638258588079	0.000151335857462	-7.68801730638e-05	1.26438082147e-05	8.09725158882e-06	4.79924879107e-07	3.97354249637e-06	6.22680869561e-07	-9.77160913747e-10	-6.64032001993e-10	-3.42705051506e-10	5.23626793428e-10	-2.78982888536e-10
Even3;k__Bacteria;p__Proteobacteria;c__Gammaproteobacteria;o__Xanthomonadales;f__Xanthomonadaceae;g__Lysobacter	-0.0533256011997	-0.0508996248613	-0.02275138296	-0.0222478456395	0.00567679732395	-0.00147050223894	0.00127838197857	0.00100303243685	0.00147305562523	-0.000213515911849	-0.000941662577509	0.00114014342968	-0.000412205951333	-0.000196224625797	-0.000157419144829	-0.000189289580787	-0.000722554917531	-0.000359850020421	0.000138866541313	7.58106787293e-05	4.2120490676e-06	2.01972755376e-06	-1.00671535427e-06	5.52372044643e-07	7.43453372831e-08	-9.77160913747e-10	-6.64032001992e-10	-3.42705051506e-10	5.23626793428e-10	-2.78982888535e-10
Even1;k__Bacteria;p__Bacteroidetes;c__Bacteroidia;o__Bacteroidales;f__Prevotellaceae;Other	0.0981020709408	-0.0482672817445	-0.0580969321515	0.0314713428568	-0.0156431434454	0.0052266443795	-0.00160899601004	-0.000541133889347	-0.0098471494634	-0.00311158551041	0.00774505679879	-0.00650282580193	0.000559407561932	0.000459572812014	0.00161987288784	0.000912890778296	0.000637960319037	-0.000625622224762	0.000140998941245	-4.02168652409e-05	1.45606531854e-05	7.59024977282e-06	7.26887921975e-07	4.15036433596e-06	6.02912060687e-07	-9.77160913747e-10	-6.64032001993e-10	-3.42705051506e-10	5.23626793427e-10	-2.78982888536e-10
Even4;k__Bacteria;p__Firmicutes;c__Erysipelotrichi;o__Erysipelotrichales;f__Erysipelotrichaceae;g__Sharpea	-0.0718412786292	-0.0484010046182	-0.00926513249481	-0.0296364157524	0.0084721330367	-0.0041866136301	0.00578908659917	-0.000137298437917	-0.00210280512553	-0.000638918703557	-0.000111155969162	0.00083866510323	-0.000167201000522	0.000224665405072	0.000125667868591	-0.000485289152564	0.000457957523467	-5.27364923708e-05	-4.66500206151e-06	0.000150608077767	5.1804362264e-06	-1.99654501332e-06	3.64436315041e-07	2.31880097238e-07	-1.06253052055e-07	-9.77160913746e-10	-6.64032001992e-10	-3.42705051506e-10	5.23626793428e-10	-2.78982888535e-10
Even1;k__Bacteria;p__Proteobacteria;c__Gammaproteobacteria;o__Enterobacteriales;f__Enterobacteriaceae;g__Salmonella	-0.0777149872076	-0.0397461428755	-0.00416293055502	-0.029791581542	0.00888857847463	-0.00470446761927	0.0064213151133	-0.000266527392679	-0.00327117801296	-0.000900491636999	0.000815281619881	0.00130015091309	-0.000886214906701	0.000302766977834	-3.05414702104e-05	-0.000395498635015	0.000490128545519	-3.49136574866e-05	0.000103436438682	6.13841486966e-05	-5.35630795196e-05	1.99614485509e-06	8.04007108671e-06	-1.26279068849e-07	-2.00397305037e-06	-9.77160913741e-10	-6.64032001983e-10	-3.42705051501e-10	5.2362679342e-10	-2.7898288853e-10
Even4;k__Bacteria;p__Bacteroidetes;c__Bacteroidia;o__Bacteroidales;f__Prevotellaceae;Other	0.0926235471984	-0.0486244842202	-0.0575002263194	0.0298704405799	-0.0150779583243	0.00517176841087	-0.00178860395312	-0.000775287781716	-0.00927357549908	-0.0033252511218	0.00737812561929	-0.00641202494599	0.000434517888076	0.000486682004754	0.00149944397054	0.000725464222043	0.0005537002972	-0.000563395461478	0.000162473679662	-4.29558075511e-05	6.08788635206e-06	7.01636419755e-06	6.89046552003e-07	2.85655343058e-06	5.41460122723e-07	-9.77160913747e-10	-6.64032001993e-10	-3.42705051506e-10	5.23626793428e-10	-2.78982888536e-10
Even3;k__Bacteria;p__Firmicutes;c__Erysipelotrichi;o__Erysipelotrichales;f__Erysipelotrichaceae;g__Sharpea	-0.0726585014953	-0.0483305856293	-0.00888934558611	-0.0299364471872	0.00881698281864	-0.00428816519492	0.00570831340601	3.26465471785e-05	-0.00214769042174	-0.000622398975848	4.3458275987e-05	0.00106360433702	-0.000415032173691	0.000231988849118	0.000157834285213	-0.00048863350197	0.00056081484928	-0.000241159957196	0.000114313590955	0.000224704027575	8.11300902226e-06	2.99643193975e-06	3.19104064914e-06	2.83220560484e-07	1.19067464395e-07	-9.77160913748e-10	-6.64032001992e-10	-3.42705051506e-10	5.23626793428e-10	-2.78982888535e-10
Even3;k__Bacteria;p__Proteobacteria;c__Gammaproteobacteria;o__Enterobacteriales;f__Enterobacteriaceae;g__Serratia	-0.0865289127705	-0.00161385328243	0.00490471929781	-0.0233309443038	0.00344408380498	-0.00229881615297	0.00599913583023	0.000102967133953	-0.0014452682075	0.000924062155821	0.00088020944062	0.000265982940573	-9.01329213703e-05	-0.000316936368026	0.000621614630777	-0.000151812133814	-3.50842585266e-05	0.000138054001234	-3.41497111139e-05	0.000122635547642	2.74296090228e-05	2.15077611072e-06	2.94144617245e-06	4.85279459023e-06	3.3161452728e-07	-9.77160913744e-10	-6.64032001992e-10	-3.42705051506e-10	5.23626793426e-10	-2.78982888536e-10
Even4;k__Bacteria;p__Bacteroidetes;c__Bacteroidia;o__Bacteroidales;f__[Paraprevotellaceae];g__[Prevotella]	-0.0882422341701	0.030860898611	0.0055787410781	-0.0102186045194	0.00541447618418	-0.0014947873524	0.00208247701352	0.000531824867441	-0.0010898757801	-0.000625595237777	-0.000616898732009	0.000461437515008	-1.86509942789e-05	0.000223919542496	-0.000104216796575	-0.000129923033514	0.000397265907702	-0.000243318357436	0.000165006124648	0.000158195852193	1.567045451e-05	3.78128030861e-06	-1.08317330968e-06	2.58574159281e-06	2.20188068438e-07	-9.77160913745e-10	-6.64032001992e-10	-3.42705051507e-10	5.23626793427e-10	-2.78982888536e-10
Even1;k__Bacteria;p__Firmicutes;c__Clostridia;o__Clostridiales;f__Lachnospiraceae;g__Oribacterium	-0.0674276770931	-0.0201526325204	-0.00839474189029	-0.01866899697	0.0046133558485	-0.00189056227699	0.00328058606856	-0.000351706897985	-0.00123380261321	-0.00104787842708	0.000503389513234	0.000258376168554	-1.49649196649e-05	-5.59217526635e-05	0.000146804134214	-0.000177213580532	0.000201238404309	0.000159923466911	7.79464465853e-05	6.22466685161e-05	6.25434705212e-06	1.59553066774e-06	-9.39011803016e-07	8.66210947821e-07	5.85346534323e-08	-9.77160913746e-10	-6.64032001992e-10	-3.42705051506e-10	5.23626793428e-10	-2.78982888535e-10
Even1;k__Bacteria;p__Proteobacteria;c__Gammaproteobacteria;o__Enterobacteriales;f__Enterobacteriaceae;g__Serratia	-0.0847892023541	-0.00430929246762	0.00301775609843	-0.0225495342086	0.00519732292004	-0.00275477955875	0.00575287585604	0.000348721295318	-0.00138387903761	0.000442566642682	0.000799352701623	0.000305577603772	-9.18162680557e-05	-0.000248038832879	0.000543180827206	-0.000185669443227	-2.49248058434e-06	0.000193668574454	3.83164107829e-06	0.000125051804889	2.41080134215e-05	2.38268192453e-06	2.10360664937e-06	4.2113885106e-06	2.93503927937e-07	-9.77160913745e-10	-6.64032001992e-10	-3.42705051506e-10	5.23626793426e-10	-2.78982888536e-10
Even4;k__Bacteria;p__Actinobacteria;Other;Other;Other;Other	0.22731001565	-0.00406356241507	-0.0188079801547	0.0127270340839	-0.000944727204877	0.0186434693688	0.00273416646486	0.00299104118133	-0.00123401718759	0.00389333778875	0.00228237240057	0.00254058135131	0.00122787771636	-0.000923499522145	-0.00209651328375	-0.00154411491556	0.000309863167014	0.000450328436228	6.80749315793e-05	0.000192587604357	9.9974442748e-06	-1.44883292681e-06	-7.36047905513e-07	6.2478294201e-07	-1.36765460854e-07	-9.77160913745e-10	-6.64032001991e-10	-3.42705051505e-10	5.23626793427e-10	-2.78982888535e-10
Even3;k__Bacteria;p__Proteobacteria;c__Gammaproteobacteria;o__Xanthomonadales;f__Xanthomonadaceae;Other	0.167386678743	0.00506630411117	-0.0306720405823	0.0245237076245	0.0019563398432	-0.00128992742899	0.000872092302311	-0.0032992399911	-0.00255673475895	0.000482337072163	0.00144765799397	-0.0016666471558	0.000482696520903	0.000318336734077	0.000206988052138	0.000287436270966	0.00114525576486	0.00055548323481	-0.00021496277908	-0.000112876140625	-2.53415355419e-06	-2.26089290288e-06	1.76135859107e-06	-3.25355545019e-06	-3.90451068041e-07	-9.77160913748e-10	-6.64032001991e-10	-3.42705051505e-10	5.23626793428e-10	-2.78982888534e-10
Even4;k__Bacteria;p__Firmicutes;c__Clostridia;o__Clostridiales;f__Lachnospiraceae;g__Oribacterium	-0.0716723626785	-0.0249728934615	-0.00617164208012	-0.0225600994447	0.0057795260557	-0.00278615698961	0.00419016188409	-0.000114628172471	-0.00185498958253	-0.000975756478517	0.000553893113325	0.000578569447832	-0.000101373842766	-5.30417058978e-06	0.000329656078798	-0.000399566098149	0.000253660062089	0.000133763106351	9.91451654959e-05	9.21584881452e-05	7.47240158653e-06	1.734638025e-06	-1.02988379785e-06	9.76160982883e-07	5.98981958698e-08	-9.77160913746e-10	-6.64032001992e-10	-3.42705051506e-10	5.23626793428e-10	-2.78982888535e-10
Even4;k__Bacteria;p__Proteobacteria;c__Gammaproteobacteria;o__Enterobacteriales;f__Enterobacteriaceae;g__Serratia	-0.0900672989642	0.0129162946473	0.00852083118579	-0.0204087228732	0.00232921543457	-0.00181258226617	0.00522685105038	5.67983648259e-05	-0.00174874047209	0.000687378461181	0.000717582550865	0.000269792367519	-2.85877047673e-05	-0.000230213818847	0.000473561985459	-0.000145404383263	-3.84462618382e-05	0.000127399412995	-1.71133945107e-05	7.87559950845e-05	2.94110636688e-05	9.58578589219e-07	-9.39217034169e-07	3.66510682015e-06	5.195559582e-08	-9.77160913744e-10	-6.64032001991e-10	-3.42705051506e-10	5.23626793426e-10	-2.78982888535e-10
Even3;k__Bacteria;p__Firmicutes;c__Clostridia;o__Clostridiales;f__Clostridiaceae;g__Sarcina	-0.114286478104	0.147899528115	0.0296665886464	0.0169414930264	0.00030727165417	0.00224230341204	-0.0014098503728	0.00101899077259	0.00019282686516	-0.000162621984959	-0.000270402523443	-0.000338102772574	2.81223668316e-06	6.47155675649e-06	0.000110622067835	8.62337534948e-05	-0.00010509186079	-3.63301854927e-05	6.89321469515e-07	-4.03298016732e-05	-4.02747456061e-06	1.50387537853e-07	-1.08322690738e-07	-5.41436904182e-07	-6.3361152201e-09	-9.77160913745e-10	-6.64032001992e-10	-3.42705051507e-10	5.23626793427e-10	-2.78982888536e-10
Even1;k__Bacteria;p__Firmicutes;c__Erysipelotrichi;o__Erysipelotrichales;f__Erysipelotrichaceae;g__Coprobacillus	-0.0808209580324	-0.0227529692075	-0.000146936493228	-0.027255969148	0.00557378345491	-0.00341769128901	0.00569718127431	-0.000112372201298	-0.00245046819937	-8.48687288667e-05	-0.000183743275702	0.000143207052376	0.00073869794566	-0.000175354524612	3.93777246625e-05	-0.00015939423835	7.94336293361e-05	0.000117788790891	0.0001500041016	0.000222160056079	1.99364257611e-05	-1.13023204262e-05	7.80671598711e-06	1.98184331943e-06	-2.33834553021e-07	-9.77160913743e-10	-6.6403200199e-10	-3.42705051505e-10	5.23626793426e-10	-2.78982888534e-10
Even3;k__Bacteria;p__Bacteroidetes;c__Bacteroidia;o__Bacteroidales;f__[Paraprevotellaceae];g__[Prevotella]	-0.0875784644306	0.0296178537265	0.00498226297347	-0.0102547370534	0.00542787718875	-0.00145577751737	0.0019863816117	0.000612719845468	-0.000950360561002	-0.000656081814612	-0.000616547265369	0.000513718885758	-0.000106235346143	0.000262894498154	-0.000122982751568	-0.000118523747249	0.000426787598994	-0.000269266626769	0.000173215075159	0.000157149677052	1.61360345735e-05	4.07417653771e-06	-1.13986489039e-06	2.70969214434e-06	2.38983882828e-07	-9.77160913745e-10	-6.64032001992e-10	-3.42705051507e-10	5.23626793427e-10	-2.78982888536e-10
Even1;k__Bacteria;p__Proteobacteria;c__Gammaproteobacteria;o__Pseudomonadales;f__Moraxellaceae;g__Acinetobacter	0.00181240349834	0.00832081671157	-0.0114108348921	-0.00217235983954	-0.000111911335667	8.21421843954e-05	0.000280162559662	5.66953608629e-05	-0.000104080515788	-8.48549319979e-05	1.46391900058e-05	1.86326324272e-05	1.48501062627e-05	8.93985397336e-06	-4.77348435051e-06	1.78381976038e-06	8.60733602703e-06	-1.24243851502e-06	8.53178172638e-08	3.00683576752e-06	3.26133485446e-07	-1.38263787442e-08	2.77198242108e-08	4.85476733992e-08	1.47393354738e-09	-9.77160913746e-10	-6.64032001992e-10	-3.42705051506e-10	5.23626793428e-10	-2.78982888535e-10
Even3;k__Bacteria;p__Firmicutes;c__Erysipelotrichi;o__Erysipelotrichales;f__Erysipelotrichaceae;g__Coprobacillus	-0.0815071306615	-0.032563539859	-0.00013559916576	-0.0307968641335	0.00749009397118	-0.00466506551376	0.00675462960004	-0.00103485277319	-0.00417307282534	-0.000131021108197	-0.000709229745453	-0.000188178529015	0.00178064182053	-0.000481978440999	0.000120327656762	-0.000385889658106	4.66822213484e-05	0.000208718919374	0.00013938950107	0.000306941453443	2.32203527696e-05	-1.28905485443e-05	8.50834919639e-06	2.14981137455e-06	-3.03921380329e-07	-9.77160913743e-10	-6.6403200199e-10	-3.42705051505e-10	5.23626793426e-10	-2.78982888534e-10
Even3;k__Bacteria;p__Firmicutes;c__Clostridia;o__Clostridiales;f__Lachnospiraceae;g__Oribacterium	-0.0688895434359	-0.0293647514847	-0.0090867585229	-0.0222941846779	0.00542527950874	-0.00235310740457	0.00409051501314	5.79878795282e-07	-0.0008059191939	-0.00069111349607	0.000454640729	0.000439989955547	-0.000298671579834	-7.46834311118e-06	0.000370140735571	-0.000287271954988	0.000303044358103	0.000109784133472	9.95436207907e-05	8.76554265861e-05	7.4358053033e-06	1.82465464289e-06	-1.0456519334e-06	9.98953353633e-07	6.7027912e-08	-9.77160913746e-10	-6.64032001992e-10	-3.42705051506e-10	5.23626793428e-10	-2.78982888535e-10
Even3;k__Bacteria;p__Firmicutes;c__Clostridia;o__Clostridiales;f__Veillonellaceae;g__	-0.114005678406	0.147753725749	0.0289761844409	0.0175501655304	0.00111098405647	0.00207743326233	-0.00134333652034	0.000934116388459	0.000210489460614	-0.000142499456647	-0.00028772561302	-0.000351858293243	-1.09748185969e-05	5.60790889187e-06	0.000114558319761	8.93012472327e-05	-0.000109740497706	-3.7624095392e-05	7.68740309937e-07	-4.2540194781e-05	-4.25163646815e-06	1.61957913029e-07	-1.17186095214e-07	-5.71081627761e-07	-6.57863901596e-09	-9.77160913745e-10	-6.64032001992e-10	-3.42705051507e-10	5.23626793427e-10	-2.78982888536e-10
Even4;k__Bacteria;p__Bacteroidetes;c__Bacteroidia;o__Bacteroidales;f__Bacteroidaceae;g__5-7N15	-0.114286478104	0.147899528115	0.0296665886464	0.0169414930264	0.00030727165417	0.00224230341204	-0.0014098503728	0.00101899077259	0.00019282686516	-0.000162621984959	-0.000270402523443	-0.000338102772574	2.81223668316e-06	6.47155675649e-06	0.000110622067835	8.62337534948e-05	-0.00010509186079	-3.63301854927e-05	6.89321469515e-07	-4.03298016732e-05	-4.02747456061e-06	1.50387537853e-07	-1.08322690738e-07	-5.41436904182e-07	-6.3361152201e-09	-9.77160913745e-10	-6.64032001992e-10	-3.42705051507e-10	5.23626793427e-10	-2.78982888536e-10
Even1;k__Bacteria;p__Firmicutes;c__Clostridia;o__Clostridiales;f__Clostridiaceae;g__Sarcina	-0.114884157908	0.148209867229	0.0311361082122	0.0156459387022	-0.00140342345916	0.00259322814413	-0.0015514245504	0.00119964518797	0.000155232178744	-0.00020545261785	-0.000233530472442	-0.0003088242621	3.2157868314e-05	8.30982399912e-06	0.000102243788596	7.97046187786e-05	-9.51972760676e-05	-3.35761091148e-05	5.20279133191e-07	-3.56249984659e-05	-3.55034781884e-06	1.2576009125e-07	-8.94570085828e-08	-4.7833835846e-07	-5.81990535289e-09	-9.77160913745e-10	-6.64032001992e-10	-3.42705051507e-10	5.23626793427e-10	-2.78982888536e-10
Even4;k__Bacteria;p__Proteobacteria;c__Gammaproteobacteria;o__Xanthomonadales;f__Xanthomonadaceae;g__Lysobacter	-0.0533256011997	-0.0508996248613	-0.02275138296	-0.0222478456395	0.00567679732395	-0.00147050223894	0.00127838197857	0.00100303243685	0.00147305562523	-0.000213515911849	-0.000941662577509	0.00114014342968	-0.000412205951333	-0.000196224625797	-0.000157419144829	-0.000189289580787	-0.000722554917531	-0.000359850020421	0.000138866541313	7.58106787293e-05	4.2120490676e-06	2.01972755376e-06	-1.00671535427e-06	5.52372044643e-07	7.43453372831e-08	-9.77160913747e-10	-6.64032001992e-10	-3.42705051506e-10	5.23626793428e-10	-2.78982888535e-10
Even1;k__Bacteria;p__Bacteroidetes;c__Bacteroidia;o__Bacteroidales;f__Bacteroidaceae;g__5-7N15	-0.113088666072	0.134657255148	0.0293471882825	0.0116260167164	-0.000897391782306	0.00200096744879	-0.000733341833038	0.000855865368288	-0.000411136304294	-3.98687369184e-05	-0.000254077408997	-0.000276926363873	0.000211259779636	-7.06449223428e-05	0.000158369084644	2.07143224805e-05	-6.39836098484e-05	-3.07532047046e-05	2.01058843893e-05	-6.44126176221e-05	-5.02626596589e-06	6.8266488651e-07	-5.76734432248e-07	-6.70894127363e-07	4.04723482826e-09	-9.77160913745e-10	-6.64032001992e-10	-3.42705051507e-10	5.23626793427e-10	-2.78982888536e-10
Even4;k__Bacteria;p__Firmicutes;c__Clostridia;o__Clostridiales;f__Veillonellaceae;g__	-0.114045521607	0.147774413922	0.0290741471998	0.0174637998373	0.000996943783193	0.00210082699978	-0.0013527742967	0.000946159375394	0.00020798328153	-0.000145354680258	-0.000285267607067	-0.000349906496391	-9.01854724003e-06	5.73045352128e-06	0.000113999797529	8.8865994743e-05	-0.00010908089382	-3.74405000685e-05	7.5747142042e-07	-4.22265579212e-05	-4.219829711e-06	1.60316170605e-07	-1.15928449985e-07	-5.66875281849e-07	-6.54422685575e-09	-9.77160913745e-10	-6.64032001992e-10	-3.42705051507e-10	5.23626793427e-10	-2.78982888536e-10
Even3;k__Bacteria;p__Proteobacteria;c__Gammaproteobacteria;o__Pseudomonadales;f__Moraxellaceae;g__Acinetobacter	0.00181240349834	0.00832081671157	-0.0114108348921	-0.00217235983954	-0.000111911335667	8.21421843954e-05	0.000280162559662	5.66953608629e-05	-0.000104080515788	-8.48549319979e-05	1.46391900058e-05	1.86326324272e-05	1.48501062627e-05	8.93985397336e-06	-4.77348435051e-06	1.78381976038e-06	8.60733602703e-06	-1.24243851502e-06	8.53178172638e-08	3.00683576752e-06	3.26133485446e-07	-1.38263787442e-08	2.77198242109e-08	4.85476733992e-08	1.47393354738e-09	-9.77160913746e-10	-6.64032001992e-10	-3.42705051506e-10	5.23626793428e-10	-2.78982888535e-10
Even1;k__Bacteria;p__Proteobacteria;c__Gammaproteobacteria;o__Xanthomonadales;f__Xanthomonadaceae;g__Lysobacter	-0.0533256011997	-0.0508996248613	-0.02275138296	-0.0222478456395	0.00567679732395	-0.00147050223894	0.00127838197857	0.00100303243685	0.00147305562523	-0.000213515911849	-0.000941662577509	0.00114014342968	-0.000412205951333	-0.000196224625797	-0.000157419144829	-0.000189289580787	-0.000722554917531	-0.000359850020421	0.000138866541313	7.58106787293e-05	4.2120490676e-06	2.01972755376e-06	-1.00671535427e-06	5.52372044643e-07	7.43453372831e-08	-9.77160913747e-10	-6.64032001992e-10	-3.42705051506e-10	5.23626793428e-10	-2.78982888535e-10
Even3;k__Bacteria;p__Proteobacteria;c__Gammaproteobacteria;o__Xanthomonadales;f__Xanthomonadaceae;g__Luteimonas	-0.120230071707	0.150985678198	0.0442801443284	0.00405792502472	-0.0167046408616	0.00573205491446	-0.00281772691665	0.00281549856998	-0.000181031405302	-0.000588548834258	9.62695392869e-05	-4.69442517499e-05	0.00029463824012	2.47521032247e-05	2.73047353969e-05	2.13051360396e-05	-6.69571271933e-06	-8.94242595703e-06	-9.91710652799e-07	6.4568524436e-06	7.17285815825e-07	-9.45187366995e-08	7.92860373562e-08	8.60430782714e-08	-1.20269487406e-09	-9.77160913744e-10	-6.64032001992e-10	-3.42705051507e-10	5.23626793426e-10	-2.78982888536e-10
Even3;k__Bacteria;p__Firmicutes;c__Clostridia;o__Clostridiales;f__Clostridiaceae;g__02d06	-0.112379229896	0.135794634349	0.0278672038503	0.0136198750429	0.000918451429874	0.00169592833909	-0.000778115664564	0.000793777110329	-0.000250901254282	-0.000158567782367	-0.000314428466126	-0.000344356770958	0.000178035047532	-4.55153237039e-05	0.000121885555862	3.6059354893e-05	-0.000102263075163	-9.49628490344e-06	4.55449114122e-06	-1.33890516854e-05	-2.51094293089e-06	9.30366886452e-09	-1.15024244793e-07	-4.02314149848e-07	-1.61995902403e-08	-9.77160913745e-10	-6.64032001992e-10	-3.42705051507e-10	5.23626793427e-10	-2.78982888536e-10
Even3;k__Bacteria;p__Bacteroidetes;c__Bacteroidia;o__Bacteroidales;f__Bacteroidaceae;g__5-7N15	-0.114286478104	0.147899528115	0.0296665886464	0.0169414930264	0.00030727165417	0.00224230341204	-0.0014098503728	0.00101899077259	0.00019282686516	-0.000162621984959	-0.000270402523443	-0.000338102772574	2.81223668316e-06	6.47155675649e-06	0.000110622067835	8.62337534948e-05	-0.00010509186079	-3.63301854927e-05	6.89321469515e-07	-4.03298016732e-05	-4.02747456061e-06	1.50387537853e-07	-1.08322690738e-07	-5.41436904182e-07	-6.3361152201e-09	-9.77160913745e-10	-6.64032001992e-10	-3.42705051507e-10	5.23626793427e-10	-2.78982888536e-10
Even1;k__Bacteria;p__Firmicutes;c__Clostridia;o__Clostridiales;f__Veillonellaceae;g__	-0.114286478104	0.147899528115	0.0296665886464	0.0169414930264	0.00030727165417	0.00224230341204	-0.0014098503728	0.00101899077259	0.00019282686516	-0.000162621984959	-0.000270402523443	-0.000338102772574	2.81223668316e-06	6.47155675649e-06	0.000110622067835	8.62337534948e-05	-0.00010509186079	-3.63301854927e-05	6.89321469515e-07	-4.03298016732e-05	-4.02747456061e-06	1.50387537853e-07	-1.08322690738e-07	-5.41436904182e-07	-6.3361152201e-09	-9.77160913745e-10	-6.64032001992e-10	-3.42705051507e-10	5.23626793427e-10	-2.78982888536e-10
Even4;k__Bacteria;p__Firmicutes;c__Erysipelotrichi;o__Erysipelotrichales;f__Erysipelotrichaceae;g__Coprobacillus	-0.07976248433	-0.0398987829552	-0.00174070658215	-0.031886574144	0.00898517348102	-0.00526163433836	0.00682516878843	-0.000653658915979	-0.00435852257137	-0.000838697579279	-0.000229506714579	0.00030151221639	0.00111923010838	-0.000296037037647	0.000161109820649	-0.000578157748418	0.000225975217277	0.000216274248852	8.424419249e-05	0.000278771080141	1.8908673395e-05	-7.15952249666e-06	4.36562383159e-06	1.79599347326e-06	-1.91260463114e-07	-9.77160913744e-10	-6.64032001991e-10	-3.42705051505e-10	5.23626793426e-10	-2.78982888535e-10
Even1;k__Bacteria;p__Actinobacteria;Other;Other;Other;Other	0.336430102521	0.0280084222652	0.0193650379126	-0.0144260295533	0.0155459159567	0.0358903348625	-0.00190734020356	-0.000830202449101	-0.000498831540529	0.00228411818672	0.00178330455559	0.000927952558255	0.00108608242742	-0.000243792686154	-0.000959096385643	-0.000471119201126	6.13430084569e-05	0.00012655440179	1.86174891246e-05	3.22382637168e-05	1.48602725967e-06	1.14267070022e-07	-1.41212300692e-07	2.11440893859e-07	1.94004255094e-09	-9.77160913746e-10	-6.64032001992e-10	-3.42705051506e-10	5.23626793428e-10	-2.78982888535e-10
Even3;k__Bacteria;p__Actinobacteria;Other;Other;Other;Other	0.375204107262	0.0366312109513	0.0319019966081	-0.0171451956695	0.0170593471116	0.0396027623884	0.00192885131176	-0.000493770990512	-1.02969053403e-05	0.000363791591499	0.00117296440232	0.00041341530964	0.000552873223662	4.39648273365e-05	-0.000380637595654	-0.000341927592651	-0.000306192634946	0.000143866967427	8.65267123189e-05	4.84033388313e-05	2.50805694123e-06	1.16426076257e-06	-4.64799862158e-07	3.30492373432e-07	3.74586618007e-08	-9.77160913746e-10	-6.64032001992e-10	-3.42705051506e-10	5.23626793428e-10	-2.78982888535e-10
Even3;k__Bacteria;p__Actinobacteria;c__Actinobacteria;o__Bifidobacteriales;f__Bifidobacteriaceae;g__Gardnerella	-0.0727041689173	-0.0483012594536	-0.00954406134388	-0.029632997666	0.0086513477474	-0.00412792848392	0.0050884539195	-0.000492202310916	-0.00264113314139	-0.000434530907487	-0.000255200533173	0.00141135982846	-0.000564965986952	0.000506195017713	2.63055319798e-05	-0.000301594323886	0.000613758308508	-0.000249852428131	0.000278236460838	0.000185571155893	4.20319715434e-05	1.49851386574e-05	5.68332472064e-06	1.08780733112e-05	1.37514641268e-06	-9.77160913746e-10	-6.64032001994e-10	-3.42705051508e-10	5.23626793426e-10	-2.78982888537e-10
Even4;k__Bacteria;p__Proteobacteria;c__Gammaproteobacteria;o__Xanthomonadales;f__Xanthomonadaceae;Other	0.149014772946	0.00208378785679	-0.0343175845883	0.0243361033662	0.00266761074715	-0.000582124702103	3.67019675281e-06	-0.00367238513631	-0.00155387505579	0.000686262253628	0.000872207325268	-0.00162097971001	0.000281921334558	2.31224950325e-05	0.000208788692621	0.000521318003432	0.00101398225935	0.000578759635375	-0.000165342899892	-0.00010894800315	-4.3568166903e-06	-1.76729029949e-06	9.06898900042e-07	-4.39473881794e-07	-5.67248022492e-08	-9.77160913746e-10	-6.64032001992e-10	-3.42705051506e-10	5.23626793428e-10	-2.78982888535e-10
Even4;k__Bacteria;p__Firmicutes;c__Clostridia;o__Clostridiales;f__Clostridiaceae;g__Sarcina	-0.114607753434	0.148066347038	0.0304565105751	0.0162450839452	-0.000612291184528	0.00243093862839	-0.00148595180761	0.00111609930218	0.000172618309999	-0.000185645057895	-0.000250582411944	-0.000322364474151	1.85866152474e-05	7.45969440342e-06	0.000106118428244	8.27240984972e-05	-9.97731500833e-05	-3.48497660584e-05	5.98454868308e-07	-3.78007933425e-05	-3.77100102674e-06	1.3714936085e-07	-9.81816784081e-08	-5.07519067292e-07	-6.05863303923e-09	-9.77160913745e-10	-6.64032001992e-10	-3.42705051507e-10	5.23626793427e-10	-2.78982888536e-10
Even1;k__Bacteria;p__Proteobacteria;c__Gammaproteobacteria;o__[Marinicellales];f__[Marinicellaceae];g__	-0.120230071707	0.150985678198	0.0442801443284	0.00405792502472	-0.0167046408616	0.00573205491446	-0.00281772691665	0.00281549856998	-0.000181031405302	-0.000588548834258	9.62695392869e-05	-4.69442517499e-05	0.00029463824012	2.47521032247e-05	2.73047353969e-05	2.13051360396e-05	-6.69571271933e-06	-8.94242595703e-06	-9.91710652799e-07	6.4568524436e-06	7.17285815825e-07	-9.45187366995e-08	7.92860373562e-08	8.60430782714e-08	-1.20269487406e-09	-9.77160913744e-10	-6.64032001992e-10	-3.42705051507e-10	5.23626793426e-10	-2.78982888536e-10
Even4;k__Bacteria;p__Actinobacteria;c__Actinobacteria;o__Bifidobacteriales;f__Bifidobacteriaceae;g__	-0.0980295932125	0.0478930985609	0.0160905451669	-0.0119277828113	0.000707879955332	-0.000746054926293	0.00336064537196	-0.000221812868123	-0.00244201588973	-0.000121144275387	0.000375843095166	0.000460581636625	-0.000391241776612	0.000130982274513	-0.00013720358701	-0.000130239239567	0.000124840371489	-0.000132386477163	-6.81055356472e-05	3.04997917919e-05	1.16958872797e-06	-2.80839012316e-06	3.49791504369e-07	-3.89581183027e-07	-1.55223770984e-07	-9.77160913745e-10	-6.64032001992e-10	-3.42705051506e-10	5.23626793427e-10	-2.78982888535e-10
Even4;k__Bacteria;p__Firmicutes;c__Clostridia;o__Clostridiales;f__Lachnospiraceae;g__Moryella	-0.0847682884052	-0.0445913216899	-0.000884703659451	-0.035648624597	0.00645467760308	-0.00475336971102	0.0100199627831	-0.00492779229302	-0.00622667324356	0.00281785792514	9.5417487971e-05	0.000548868867912	0.000455714395079	-0.000124954515881	0.00025937764567	-0.000303280955019	-0.000243440809367	-0.000183906664144	2.88695356456e-05	-0.000237713060169	9.26249594554e-06	3.28540196155e-05	3.92536842001e-05	2.15652724381e-05	4.32589370158e-06	-9.77160913751e-10	-6.64032002003e-10	-3.42705051514e-10	5.23626793428e-10	-2.78982888542e-10
Even1;k__Bacteria;p__Firmicutes;c__Clostridia;o__Clostridiales;f__Lachnospiraceae;g__Moryella	-0.0946923948306	-0.0418441049202	0.00598195924967	-0.0396645945378	0.00584918876661	-0.00544980119642	0.0128919515997	-0.00800166727181	-0.00960269890124	0.00441636888554	0.000656713612832	0.000755140342344	0.000162156180262	-0.000209072413641	0.000144037441267	-9.94188744383e-05	-0.00039989097912	-0.000227043708568	-0.000145421324744	-0.000324942674193	4.77690166999e-05	3.01886191098e-05	3.46367447043e-05	2.4666442192e-05	3.98906098486e-06	-9.77160913748e-10	-6.64032002001e-10	-3.42705051513e-10	5.23626793426e-10	-2.78982888541e-10
Even1;k__Bacteria;p__Proteobacteria;c__Gammaproteobacteria;o__Xanthomonadales;f__Xanthomonadaceae;Other	0.156996493794	0.00336739121159	-0.0322110475636	0.0240624633045	0.00231045370211	-0.000968571772399	0.000530712796011	-0.0035230056752	-0.00212227720127	0.000611330410392	0.00116980208279	-0.00162937158822	0.000376079118862	0.000176640155632	0.000203648785174	0.000401719666944	0.00107122224885	0.000560610648623	-0.000190902523684	-0.000111305701019	-4.34443746526e-08	-1.17898010405e-06	1.50442953169e-06	-4.33463070258e-06	-5.03651123738e-07	-9.77160913749e-10	-6.64032001991e-10	-3.42705051505e-10	5.23626793428e-10	-2.78982888534e-10
Even1;k__Bacteria;p__Actinobacteria;c__Actinobacteria;o__Bifidobacteriales;f__Bifidobacteriaceae;g__	-0.102072128063	0.0626027846342	0.0217637387165	-0.0113638700527	-0.00306351380636	0.000285626065765	0.00223681876506	0.000407732945017	-0.00245485958319	-0.000248895051252	0.000268372651178	0.000396612803742	0.000111130378772	2.13593782351e-05	0.000142185394083	-0.000212190762045	8.0858473579e-05	4.60531601422e-05	2.47025244041e-05	4.54165058441e-05	3.05996269798e-06	-2.38038451071e-07	-5.10641852084e-07	1.34464141851e-07	-4.25865205025e-08	-9.77160913745e-10	-6.64032001992e-10	-3.42705051507e-10	5.23626793427e-10	-2.78982888535e-10
Even4;k__Bacteria;p__Firmicutes;c__Bacilli;o__Lactobacillales;Other;Other	0.147905539317	-0.00888247132905	-0.00298438640059	-0.014597419753	0.00738020305485	0.00113943016468	0.000260606640192	0.0042282650388	0.00672495486355	-0.00284799161205	-0.00162130915653	-0.000229070608099	-0.00218167820628	0.000830442642234	-0.00242100691678	0.000478094749247	0.000803820888185	-0.00120491611111	-0.000392464019036	-0.000145787577103	-8.78144902149e-06	-8.50568656963e-06	4.52537687063e-06	-1.16455864796e-06	-2.31878698309e-07	-9.77160913745e-10	-6.64032001992e-10	-3.42705051505e-10	5.23626793428e-10	-2.78982888534e-10
Even4;k__Bacteria;p__Proteobacteria;c__Gammaproteobacteria;o__Pasteurellales;f__Pasteurellaceae;g__Bibersteinia	-0.0923206096451	-0.0428495585131	0.00501041982353	-0.0395147019626	0.00693885040948	-0.0058451463553	0.0119191362815	-0.00649805777177	-0.00897197293571	0.00353345753738	0.000119482107171	0.000443110292864	0.00119639052659	-0.000607534249265	0.000396683460651	-0.000307641386474	-6.8399855389e-05	-0.00016166470281	7.11228462463e-05	-0.000285576089604	-5.6703293048e-05	2.71474530109e-05	3.87923818061e-05	-5.51789106629e-07	2.49423304993e-06	-9.77160913761e-10	-6.64032002001e-10	-3.42705051512e-10	5.23626793434e-10	-2.7898288854e-10
Even1;k__Bacteria;p__Bacteroidetes;c__Bacteroidia;o__Bacteroidales;f__[Paraprevotellaceae];g__[Prevotella]	-0.0880188501232	0.030442566198	0.00537800325442	-0.0102307645068	0.00541898613764	-0.00148165904253	0.00205013721483	0.000559049138892	-0.0010429235429	-0.000635855143443	-0.000616780449967	0.000479032207088	-4.81264973102e-05	0.000237036114112	-0.000110532262198	-0.000126086735252	0.000407201092272	-0.000252050948077	0.000167768752223	0.000157843774021	1.58271401083e-05	3.87985115494e-06	-1.10225220703e-06	2.62745572073e-06	2.26513582896e-07	-9.77160913745e-10	-6.64032001992e-10	-3.42705051507e-10	5.23626793427e-10	-2.78982888536e-10
Even1;k__Bacteria;p__Firmicutes;c__Bacilli;o__Lactobacillales;Other;Other	0.149000803191	-0.00959213442585	-0.00674596781005	-0.0138257413688	0.00701208665037	0.00684705811975	-0.000877304409539	0.00226640532281	0.00732981808176	-0.000979598981026	-0.00171248817113	9.36394573248e-05	-0.0013187110022	0.000589532890106	-0.00194354928504	0.00091566115218	0.000321030474545	-0.0006204304898	-4.61418372882e-05	-4.21627200387e-05	4.66733417871e-06	1.52961549713e-07	7.79658601042e-07	1.27548247011e-06	1.18192947108e-07	-9.77160913746e-10	-6.64032001992e-10	-3.42705051506e-10	5.23626793428e-10	-2.78982888535e-10
Even4;k__Bacteria;p__Actinobacteria;c__Actinobacteria;o__Bifidobacteriales;f__Bifidobacteriaceae;g__Gardnerella	-0.0720565455024	-0.0487145774243	-0.00919523638372	-0.0296686553844	0.0094356336322	-0.00456091731896	0.00477597881447	0.000161914297695	-0.00273577743185	-0.00135644834196	-0.000339582914898	0.00121520674817	-0.000193302667101	0.000462160958451	-0.000131375751321	-0.000368032385508	0.000566272550943	-5.49237655297e-05	0.000300533635678	0.000244988080035	2.54793129878e-05	6.95736423689e-06	-2.30626334235e-06	4.20117924225e-06	3.71626623262e-07	-9.77160913746e-10	-6.64032001992e-10	-3.42705051506e-10	5.23626793427e-10	-2.78982888536e-10
Even4;k__Bacteria;p__Proteobacteria;c__Gammaproteobacteria;o__Pseudomonadales;f__Moraxellaceae;g__Acinetobacter	0.00181240349834	0.00832081671157	-0.0114108348921	-0.00217235983954	-0.000111911335667	8.21421843954e-05	0.000280162559662	5.66953608629e-05	-0.000104080515788	-8.48549319979e-05	1.46391900058e-05	1.86326324272e-05	1.48501062627e-05	8.93985397336e-06	-4.77348435051e-06	1.78381976038e-06	8.60733602703e-06	-1.24243851502e-06	8.53178172638e-08	3.00683576752e-06	3.26133485446e-07	-1.38263787442e-08	2.77198242109e-08	4.85476733992e-08	1.47393354738e-09	-9.77160913746e-10	-6.64032001992e-10	-3.42705051506e-10	5.23626793428e-10	-2.78982888535e-10
Even1;k__Bacteria;p__Firmicutes;c__Clostridia;o__Clostridiales;f__Peptostreptococcaceae;g__Peptostreptococcus	-0.0951150634317	-0.0416016924451	0.0059638272554	-0.0391625740027	0.00512724433221	-0.00508877192394	0.0132992838461	-0.00868384618773	-0.00964664927454	0.00459714978951	0.000998963494184	0.000913330375327	-0.000620840222917	8.57445729067e-05	-0.000276519573616	0.000135674308285	-0.000517264040175	-0.000348501836139	-0.000281164465113	-0.000168924203094	9.50938658036e-05	0.000133167616814	0.000173351017186	-4.91344728982e-05	1.45273981179e-05	-9.77160913876e-10	-6.64032002062e-10	-3.42705051545e-10	5.23626793489e-10	-2.78982888572e-10
Even1;k__Bacteria;p__Actinobacteria;c__Actinobacteria;o__Bifidobacteriales;f__Bifidobacteriaceae;g__Gardnerella	-0.0737912889232	-0.0481212366219	-0.00823269208782	-0.03032796128	0.00902670635294	-0.00452888712666	0.00537076705051	-0.000518222560916	-0.00320318724634	-0.000791440585523	-7.74149117961e-05	0.00138063787736	-0.000474291086728	0.000509264657887	-4.67730619532e-05	-0.000338951715449	0.000496982625634	-6.91388186786e-05	0.000274151185076	0.000144920326751	3.73973780143e-05	1.43529255971e-05	4.86260698546e-06	9.86558858981e-06	1.2764549574e-06	-9.77160913746e-10	-6.64032001994e-10	-3.42705051508e-10	5.23626793426e-10	-2.78982888537e-10
Even4;k__Bacteria;p__Actinobacteria;c__Coriobacteriia;o__Coriobacteriales;f__Coriobacteriaceae;Other	0.0576779186179	-0.043221576707	-0.0435098235921	0.0116423501811	-0.0065899103308	-0.0025096710021	-0.00263592417303	-0.000545975581519	0.00102027618979	-0.00433969968421	0.00573616950138	0.00208478985277	0.00222081201958	0.00060316602905	0.000519594414801	0.00128845701903	-0.000402437389288	-0.000966111053088	-0.000153568879298	-2.26644909231e-05	-6.70848097707e-06	-1.02525971054e-05	-6.74529480132e-06	1.37087627776e-06	-2.66908752028e-07	-9.77160913742e-10	-6.64032001991e-10	-3.42705051505e-10	5.23626793428e-10	-2.78982888534e-10
Even3;NO_HIT	-0.119541806238	0.150711756908	0.0426392274158	0.00553102758746	-0.0151241295535	0.0054595239865	-0.00232400797324	0.00258230424595	-0.000119531025046	-0.000485627296524	0.000100567952475	-0.000132206170139	0.000135072222785	8.05224340078e-05	-2.62265073431e-05	-4.89322629873e-05	-0.000145461236352	-6.51048070268e-05	-0.000936149530598	0.000502909821741	-0.000231717094624	0.000907972273788	-0.000629763115649	2.88576387159e-06	2.01696159095e-05	-9.77160913902e-10	-6.64032002091e-10	-3.42705051562e-10	5.23626793489e-10	-2.78982888597e-10
Even4;k__Bacteria;p__Proteobacteria;c__Gammaproteobacteria;o__Xanthomonadales;f__Xanthomonadaceae;g__Luteimonas	-0.120230071707	0.150985678198	0.0442801443284	0.00405792502472	-0.0167046408616	0.00573205491446	-0.00281772691665	0.00281549856998	-0.000181031405302	-0.000588548834258	9.62695392869e-05	-4.69442517499e-05	0.00029463824012	2.47521032247e-05	2.73047353969e-05	2.13051360396e-05	-6.69571271933e-06	-8.94242595703e-06	-9.91710652799e-07	6.4568524436e-06	7.17285815825e-07	-9.45187366995e-08	7.92860373562e-08	8.60430782714e-08	-1.20269487406e-09	-9.77160913744e-10	-6.64032001992e-10	-3.42705051507e-10	5.23626793426e-10	-2.78982888536e-10
Even4;k__Bacteria;p__Firmicutes;c__Clostridia;o__Clostridiales;f__Clostridiaceae;g__02d06	-0.111512298892	0.130292409909	0.0270493016703	0.0121100486867	0.00119626041883	0.00144757603319	-0.000490963524453	0.000691407263848	-0.000452595854029	-0.000156724963006	-0.000334440258255	-0.000347199497497	0.000257681779736	-6.91457239134e-05	0.000127005323147	1.32528100738e-05	-0.000100977263514	2.70094263726e-06	6.31138644656e-06	-1.14325623624e-06	-1.82161037192e-06	-5.48253624945e-08	-1.18070405728e-07	-3.39076534242e-07	-2.06829879768e-08	-9.77160913745e-10	-6.64032001992e-10	-3.42705051507e-10	5.23626793427e-10	-2.78982888536e-10
Even1;k__Bacteria;p__Firmicutes;c__Clostridia;o__Clostridiales;f__Clostridiaceae;g__02d06	-0.114286478104	0.147899528115	0.0296665886464	0.0169414930264	0.00030727165417	0.00224230341204	-0.0014098503728	0.00101899077259	0.00019282686516	-0.000162621984959	-0.000270402523443	-0.000338102772574	2.81223668316e-06	6.47155675649e-06	0.000110622067835	8.62337534948e-05	-0.00010509186079	-3.63301854927e-05	6.89321469515e-07	-4.03298016732e-05	-4.02747456061e-06	1.50387537853e-07	-1.08322690738e-07	-5.41436904182e-07	-6.3361152201e-09	-9.77160913745e-10	-6.64032001992e-10	-3.42705051507e-10	5.23626793427e-10	-2.78982888536e-10
Even1;k__Bacteria;p__Proteobacteria;c__Gammaproteobacteria;o__Chromatiales;f__Halothiobacillaceae;g__Halothiobacillus	-0.099549712143	-0.0400794494145	0.0082879024013	-0.040388776692	0.00362756655922	-0.00480011999567	0.0148989084707	-0.0111209131239	-0.0111423648431	0.0060026987096	0.00142556863613	0.0010657318818	-0.00126476080629	0.000361969891417	-0.000533781876854	0.000477352451179	-0.000834962448869	-0.00046793817074	-0.000329648332251	-6.91172550618e-05	-8.9369820325e-06	-1.35451863121e-05	2.10426535601e-07	-4.24755961892e-06	-8.60297512326e-07	-9.77160913745e-10	-6.6403200199e-10	-3.42705051505e-10	5.23626793428e-10	-2.78982888534e-10
Even3;k__Bacteria;p__Firmicutes;c__Bacilli;o__Lactobacillales;Other;Other	0.116017454081	-0.0179381971668	-0.0227638410911	-0.000674732715115	0.00440635817624	0.00617600075241	-0.000612828724671	0.00243776744647	0.00441891752727	-0.000278528837728	-0.00225394768149	-0.00011891936248	-0.00111204282908	0.000692996944739	-0.000925787668023	0.00059146718422	0.000394434230849	-0.000369762651102	-0.000341989687103	-4.81171725596e-05	-7.55142228814e-06	-8.00908004994e-06	4.01937611155e-06	-1.39350678261e-06	-2.83063069563e-07	-9.77160913745e-10	-6.64032001991e-10	-3.42705051505e-10	5.23626793428e-10	-2.78982888534e-10
Even1;NO_HIT	-0.119688461757	0.1507882054	0.0429999943436	0.00521306388335	-0.0155452868162	0.00554610366245	-0.0023575614387	0.00262654209634	-0.000128690550182	-0.000495944738844	0.000109783016461	-0.000125206715919	0.000141822100945	8.118097937e-05	-2.85087746184e-05	-5.08130433501e-05	-0.000143489883259	-6.4618957795e-05	-0.000939543527175	0.00050586308177	-0.000232431148595	0.000911220848873	-0.000632015908268	2.91154193851e-06	2.02420415459e-05	-9.77160913902e-10	-6.64032002092e-10	-3.42705051562e-10	5.23626793489e-10	-2.78982888597e-10
Even1;k__Bacteria;p__Proteobacteria;c__Gammaproteobacteria;o__Xanthomonadales;f__Xanthomonadaceae;g__Luteimonas	-0.120230071707	0.150985678198	0.0442801443284	0.00405792502472	-0.0167046408616	0.00573205491446	-0.00281772691665	0.00281549856998	-0.000181031405302	-0.000588548834258	9.62695392869e-05	-4.69442517499e-05	0.00029463824012	2.47521032247e-05	2.73047353969e-05	2.13051360396e-05	-6.69571271933e-06	-8.94242595703e-06	-9.91710652799e-07	6.4568524436e-06	7.17285815825e-07	-9.45187366995e-08	7.92860373562e-08	8.60430782714e-08	-1.20269487406e-09	-9.77160913744e-10	-6.64032001992e-10	-3.42705051507e-10	5.23626793426e-10	-2.78982888536e-10
Even3;k__Bacteria;p__Bacteroidetes;c__Bacteroidia;o__Bacteroidales;f__RF16;g__	-0.0719473440817	-0.0167201144496	-0.0111565778178	-0.0159238645789	0.00953407821087	-0.00273136762564	0.00337728434792	-0.000517305247479	-0.00027079039327	-7.58612039981e-05	-0.000896884538142	0.000462863552505	7.32908709421e-05	0.000541461667713	0.000371637540499	-0.000270511407331	2.20079479002e-05	0.000275234946039	7.09368071902e-05	0.000108758903081	5.06331714579e-06	7.61733877597e-07	-4.15728893717e-07	5.29095894264e-07	9.33216173319e-09	-9.77160913746e-10	-6.64032001992e-10	-3.42705051506e-10	5.23626793428e-10	-2.78982888535e-10
Even3;k__Bacteria;p__Bacteroidetes;c__Bacteroidia;o__Bacteroidales;f__Porphyromonadaceae;g__Dysgonomonas	-0.101073441168	0.0657487003879	0.0140967276093	-0.0029714964418	0.00777081744174	-0.0020032424087	0.00341096548747	-0.00132698238627	-0.00279673990816	0.000776487537418	6.18370976382e-05	0.00032914883522	0.000150735670136	-0.000132326598072	0.000622761239206	-0.000233541277826	2.31275153973e-05	9.34338344297e-05	0.000154342609598	-0.000181779628032	-1.98897048676e-05	1.36135517788e-05	1.17240366579e-05	4.37448987248e-06	1.49439529002e-06	-9.77160913749e-10	-6.64032001997e-10	-3.4270505151e-10	5.23626793429e-10	-2.78982888538e-10
Even3;k__Bacteria;p__Proteobacteria;c__Gammaproteobacteria;o__Pasteurellales;f__Pasteurellaceae;g__Bibersteinia	-0.0909287444516	-0.0433814176177	0.0043866905532	-0.0393495432319	0.00758368240182	-0.00604987744849	0.0113519750525	-0.00559574068575	-0.0085421457642	0.00305929065824	-0.000138611073907	0.000321990976845	0.00167713856777	-0.000801579437797	0.000579773058884	-0.000466664637682	7.56042106522e-05	-9.9632446787e-05	0.000139496427772	-0.000332917575865	-7.09917814344e-05	4.19692267482e-05	5.76519699539e-05	8.02385482706e-06	4.5685837458e-06	-9.77160913764e-10	-6.64032002007e-10	-3.42705051515e-10	5.23626793435e-10	-2.78982888543e-10
Even1;k__Bacteria;p__Proteobacteria;c__Gammaproteobacteria;o__Pasteurellales;f__Pasteurellaceae;g__Bibersteinia	-0.0905426687645	-0.0435252119868	0.00421091167533	-0.0393025721503	0.00776625776447	-0.0061062991282	0.0111909801714	-0.005345572266	-0.00842516129108	0.00293113126371	-0.000209738085819	0.000286138170845	0.00180776868492	-0.000851398895527	0.000632097072748	-0.000512046961879	0.000112871186535	-8.31644536238e-05	0.000157497476993	-0.000353918372001	-6.46896374856e-05	3.84196112723e-05	5.04501890987e-05	8.90175485383e-06	4.30334256834e-06	-9.77160913761e-10	-6.64032002006e-10	-3.42705051515e-10	5.23626793434e-10	-2.78982888543e-10
Even1;k__Bacteria;p__Proteobacteria;c__Gammaproteobacteria;o__Thiohalorhabdales;f__;g__	-0.11480331233	0.148167888992	0.0309373326187	0.0158211827654	-0.00117202508632	0.00254576006442	-0.00153227442009	0.00117520884192	0.000160317450337	-0.000199659102289	-0.000238517996249	-0.000312784640329	2.81884108949e-05	8.06116949284e-06	0.000103377082406	8.05877867596e-05	-9.65356740012e-05	-3.39486411853e-05	5.43144763228e-07	-3.62613969674e-05	-3.61488670179e-06	1.29091340066e-07	-9.20088882948e-08	-4.86873427447e-07	-5.88973084218e-09	-9.77160913745e-10	-6.64032001992e-10	-3.42705051507e-10	5.23626793427e-10	-2.78982888536e-10
Even1;k__Bacteria;p__Bacteroidetes;c__Bacteroidia;o__Bacteroidales;f__Porphyromonadaceae;g__Dysgonomonas	-0.110086822924	0.119336024232	0.0234967585694	0.0109035277736	0.00425043268877	0.000448655881776	0.000829909460654	-0.000453831855308	-0.00111344684891	0.000485021731172	-0.000263470081549	-0.000268970354636	9.86858088432e-05	-7.46578382529e-05	0.000158130077118	4.7392931746e-05	-0.000127027156845	-6.32056490846e-05	6.04754070289e-06	-8.65755208742e-05	-7.03005202005e-06	8.57450525849e-08	-7.33025402694e-07	-1.11504623449e-06	-4.51752720079e-08	-9.77160913745e-10	-6.64032001992e-10	-3.42705051507e-10	5.23626793427e-10	-2.78982888536e-10
Even1;k__Bacteria;p__Proteobacteria;c__Alphaproteobacteria;o__Rhizobiales;f__Phyllobacteriaceae;g__Mesorhizobium	-0.099549712143	-0.0400794494145	0.0082879024013	-0.040388776692	0.00362756655922	-0.00480011999567	0.0148989084707	-0.0111209131239	-0.0111423648431	0.0060026987096	0.00142556863613	0.0010657318818	-0.00126476080629	0.000361969891417	-0.000533781876854	0.000477352451179	-0.000834962448869	-0.00046793817074	-0.000329648332251	-6.91172550618e-05	-8.9369820325e-06	-1.35451863121e-05	2.10426535601e-07	-4.24755961892e-06	-8.60297512326e-07	-9.77160913745e-10	-6.6403200199e-10	-3.42705051505e-10	5.23626793428e-10	-2.78982888534e-10
Even4;k__Bacteria;p__Proteobacteria;c__Gammaproteobacteria;o__[Marinicellales];f__[Marinicellaceae];g__	-0.120230071707	0.150985678198	0.0442801443284	0.00405792502472	-0.0167046408616	0.00573205491446	-0.00281772691665	0.00281549856998	-0.000181031405302	-0.000588548834258	9.62695392869e-05	-4.69442517499e-05	0.00029463824012	2.47521032247e-05	2.73047353969e-05	2.13051360396e-05	-6.69571271933e-06	-8.94242595703e-06	-9.917106528e-07	6.4568524436e-06	7.17285815825e-07	-9.45187366995e-08	7.92860373561e-08	8.60430782714e-08	-1.20269487406e-09	-9.77160913744e-10	-6.64032001992e-10	-3.42705051507e-10	5.23626793426e-10	-2.78982888536e-10
Even3;k__Bacteria;p__Bacteroidetes;c__Bacteroidia;o__Bacteroidales;f__Rikenellaceae;g__PW3	-0.0837705067702	-0.0457787721469	0.00087643190957	-0.0362043947106	0.0100861480655	-0.00649969775528	0.00869790495906	-0.00258442782353	-0.00690682304592	-9.77547434767e-05	-0.000974817606379	-0.000438166746722	0.00280637721027	-0.000825318530612	0.000290837876262	-0.000716556624136	-5.98312907576e-05	0.000393012223937	6.2532036217e-05	0.000390722198133	2.0237031515e-05	-2.10695436597e-06	-2.15547555632e-07	1.68452716516e-06	-1.64151715543e-07	-9.77160913745e-10	-6.64032001991e-10	-3.42705051505e-10	5.23626793427e-10	-2.78982888535e-10
Even3;k__Bacteria;p__Proteobacteria;c__Gammaproteobacteria;o__Thiohalorhabdales;f__;g__	-0.114286478104	0.147899528115	0.0296665886464	0.0169414930264	0.00030727165417	0.00224230341204	-0.0014098503728	0.00101899077259	0.00019282686516	-0.000162621984959	-0.000270402523443	-0.000338102772574	2.81223668316e-06	6.47155675649e-06	0.000110622067835	8.62337534948e-05	-0.00010509186079	-3.63301854927e-05	6.89321469515e-07	-4.03298016732e-05	-4.02747456061e-06	1.50387537853e-07	-1.08322690738e-07	-5.41436904182e-07	-6.3361152201e-09	-9.77160913745e-10	-6.64032001992e-10	-3.42705051507e-10	5.23626793427e-10	-2.78982888536e-10
Even3;k__Bacteria;p__Proteobacteria;c__Gammaproteobacteria;o__[Marinicellales];f__[Marinicellaceae];g__	-0.120230071707	0.150985678198	0.0442801443284	0.00405792502472	-0.0167046408616	0.00573205491446	-0.00281772691665	0.00281549856998	-0.000181031405302	-0.000588548834258	9.62695392869e-05	-4.69442517499e-05	0.00029463824012	2.47521032247e-05	2.73047353969e-05	2.13051360396e-05	-6.69571271933e-06	-8.94242595703e-06	-9.91710652799e-07	6.4568524436e-06	7.17285815825e-07	-9.45187366995e-08	7.92860373562e-08	8.60430782714e-08	-1.20269487406e-09	-9.77160913744e-10	-6.64032001992e-10	-3.42705051507e-10	5.23626793426e-10	-2.78982888536e-10
Even3;k__Bacteria;p__Firmicutes;c__Clostridia;o__Clostridiales;f__Lachnospiraceae;g__Moryella	-0.0948876482613	-0.0418643944124	0.00619921663285	-0.0398357675516	0.00578254058145	-0.00548530206651	0.0130006395279	-0.0081015272179	-0.0097037426701	0.00441135902827	0.000562335945857	0.00066222951965	0.000346071915827	-0.000289498052753	7.72213122424e-05	-5.22871082812e-05	-0.000349501727998	-0.000260302860783	-9.76529263556e-05	-0.000219729109367	-6.40916495179e-05	4.07564837735e-05	7.09144403757e-05	2.37823258772e-05	6.43497867256e-06	-9.77160913757e-10	-6.6403200201e-10	-3.42705051518e-10	5.23626793433e-10	-2.78982888546e-10
Even4;k__Bacteria;p__Actinobacteria;c__Actinobacteria;o__Actinomycetales;Other;Other	-0.0632566511453	-0.0515192153957	-0.0132786931214	-0.0281585208435	0.0120654317147	-0.00528956906343	0.00227705071089	0.00428774627982	-0.000170081678965	-0.00332231689705	-0.00260869625836	-0.00079699716651	0.00390346497982	-0.000966293953944	0.000766645806197	-0.000849721910299	0.000942488104757	0.000771474878323	0.0003781124568	0.000345034091539	8.54850355191e-05	-2.04512395682e-05	-5.95441680542e-05	-3.34707819611e-05	-6.75615925585e-06	-9.7716091375e-10	-6.64032001975e-10	-3.42705051494e-10	5.23626793425e-10	-2.78982888524e-10
Even4;NO_HIT	-0.120201756073	0.151055775122	0.044262678591	0.00410019091893	-0.0170193372358	0.00584913252826	-0.00247499856781	0.00278137457269	-0.000160748888158	-0.000532055786965	0.000142035740415	-0.000100708626149	0.000165446674506	8.34858881378e-05	-3.64967100819e-05	-5.73957746198e-05	-0.000136590147435	-6.29184854836e-05	-0.000951422515192	0.000516199491872	-0.000234930337492	0.000922590861669	-0.000639900682433	3.00176517273e-06	2.04955312732e-05	-9.77160913904e-10	-6.64032002093e-10	-3.42705051563e-10	5.2362679349e-10	-2.78982888598e-10
Even4;k__Bacteria;p__Firmicutes;c__Clostridia;o__Clostridiales;f__Peptostreptococcaceae;g__Peptostreptococcus	-0.0882470027552	-0.0438222643133	0.00192416276266	-0.0364676432997	0.00668254064159	-0.00509304824438	0.0109906157678	-0.00559931489447	-0.00737592972401	0.00247632961631	0.000876871154002	0.000971768956813	-0.000642645241062	0.000115332414665	-0.000275381290006	-7.38621944719e-05	-0.000108817472521	-0.000287775476997	-0.00017852795657	-3.08003545572e-05	1.63680479268e-05	8.07685111912e-05	0.000111757077594	-2.72725624391e-05	5.37723302222e-06	-9.77160913813e-10	-6.64032002018e-10	-3.4270505152e-10	5.2362679345e-10	-2.78982888548e-10
Even3;k__Bacteria;p__Firmicutes;c__Clostridia;o__Clostridiales;f__Peptostreptococcaceae;g__Peptostreptococcus	-0.0970076724071	-0.0410481628155	0.00715696941095	-0.0400973756284	0.00482922423371	-0.00518180231575	0.0138638776476	-0.00944553458752	-0.0103401817752	0.00514259197082	0.000938812124697	0.000837701981822	-0.000376095504038	-4.14153859864e-06	-0.000195578286337	0.000171220040733	-0.000576096389467	-0.000350533205515	-0.000230695370996	-0.000188990696517	4.99353345316e-05	8.9379010329e-05	0.000120202584567	-3.78587089618e-05	1.00078671918e-05	-9.77160913838e-10	-6.64032002041e-10	-3.42705051533e-10	5.23626793472e-10	-2.78982888561e-10
Even1;k__Bacteria;p__Bacteroidetes;c__Bacteroidia;o__Bacteroidales;f__RF16;g__	-0.0965291805977	0.0300193457986	0.0117423924614	-0.0160332319746	0.00571529967926	-0.00281795486167	0.00480500394101	-0.00136333615468	-0.00406662818728	0.000832193852515	0.00021973286831	0.000664601879117	0.00052694148181	-0.000264301805283	0.000905443443747	-0.000463452212741	0.00018160272039	0.00018445258188	0.000264171918226	-0.000254196580849	-1.22245995564e-05	7.57819498383e-06	-4.88310391478e-06	-1.23879330293e-06	2.14665715077e-07	-9.77160913748e-10	-6.64032001993e-10	-3.42705051507e-10	5.23626793429e-10	-2.78982888536e-10
Even1;k__Bacteria;p__Firmicutes;c__Clostridia;o__Clostridiales;f__Clostridiaceae;g__Caloramator	-0.115607276682	0.148585339244	0.0329140454646	0.0140784779149	-0.00347315334934	0.00301780374591	-0.00172271182699	0.00141821472756	0.000109747249502	-0.000257272395914	-0.000188919842836	-0.000273400879058	6.76624596691e-05	1.05339004161e-05	9.21071050712e-05	7.18051718381e-05	-8.32260501075e-05	-3.0244016707e-05	3.15758775668e-07	-2.9932767425e-05	-2.97308336585e-06	9.59639212861e-08	-6.66318622724e-08	-4.01996908081e-07	-5.1953551432e-09	-9.77160913745e-10	-6.64032001992e-10	-3.42705051507e-10	5.23626793427e-10	-2.78982888536e-10
Even3;k__Bacteria;p__Proteobacteria;c__Gammaproteobacteria;o__Enterobacteriales;f__Enterobacteriaceae;g__Photorhabdus	-0.0805436470058	-0.0464855624524	-0.00212733461578	-0.0344158869612	0.00931594566623	-0.0056211482019	0.00811417662405	-0.00142014220223	-0.00492174500733	1.71117352401e-05	0.000139938052995	0.000672160983586	0.000559607423651	-0.000331444814675	0.000214832739353	-0.000626382897756	0.000477835665426	-9.67481062151e-05	4.49769920071e-05	-0.000148556871338	2.22547662152e-05	4.51102504568e-06	-3.05229199946e-06	3.21908355667e-06	1.95301530124e-07	-9.77160913746e-10	-6.64032001992e-10	-3.42705051506e-10	5.23626793427e-10	-2.78982888535e-10
Even3;k__Bacteria;p__Firmicutes;c__Clostridia;o__Clostridiales;f__Christensenellaceae;g__	-0.120230071707	0.150985678198	0.0442801443284	0.00405792502472	-0.0167046408616	0.00573205491446	-0.00281772691665	0.00281549856998	-0.000181031405302	-0.000588548834258	9.62695392869e-05	-4.69442517499e-05	0.00029463824012	2.47521032247e-05	2.73047353969e-05	2.13051360396e-05	-6.69571271933e-06	-8.94242595703e-06	-9.91710652799e-07	6.4568524436e-06	7.17285815825e-07	-9.45187366995e-08	7.92860373562e-08	8.60430782714e-08	-1.20269487406e-09	-9.77160913744e-10	-6.64032001992e-10	-3.42705051507e-10	5.23626793426e-10	-2.78982888536e-10
Even4;k__Bacteria;p__Bacteroidetes;c__Bacteroidia;o__Bacteroidales;f__Porphyromonadaceae;g__Dysgonomonas	-0.0899127774983	0.0333744514257	0.00070547023158	-0.00313523112324	0.0165078943878	-0.00428659421765	0.0049223067869	-0.00161605944208	-0.0021145686711	1.80987544723e-05	8.75381831993e-05	0.000289418027789	-0.000688510057261	0.000118553722563	-8.23778897422e-05	-0.000131707641239	0.000108238948655	-0.000156482185663	-7.22743265422e-05	5.39141838402e-06	-1.32349459135e-05	7.94716248867e-06	1.74733489935e-05	5.66707261726e-06	1.45105658268e-06	-9.77160913748e-10	-6.64032001996e-10	-3.42705051509e-10	5.23626793428e-10	-2.78982888538e-10
Even4;k__Bacteria;p__Proteobacteria;c__Gammaproteobacteria;o__Enterobacteriales;f__Enterobacteriaceae;g__Dickeya	-0.0685006324555	-0.0495509434765	-0.0125967165101	-0.027674753688	0.00872847477057	-0.00368675271713	0.00384623002339	0.000607899868381	-0.00124027300867	-0.00106571869719	-0.00083571886486	0.00121976060386	-0.00045032563878	0.00054831236724	-0.000330497222754	-0.000213071668073	0.000857847105177	-0.000498882115943	0.000308750445018	0.000279537250573	3.04275869491e-05	7.48976225612e-06	-1.97410624784e-06	5.16734645046e-06	4.54047117623e-07	-9.77160913746e-10	-6.64032001992e-10	-3.42705051506e-10	5.23626793427e-10	-2.78982888536e-10
Even3;k__Bacteria;p__Bacteroidetes;c__Bacteroidia;o__Bacteroidales;f__;g__	-0.108448824934	0.0519346935184	0.0227319173187	-0.0161422679655	-0.00264320496826	-0.000438530868329	0.00666182403142	-0.00478559325449	-0.00574534698082	0.00292686350388	0.000699268079505	0.000485187766705	-0.00057099214963	0.000167154019736	-0.000251516402566	0.000272824969153	-0.000453884561232	-0.000240096270526	-0.000116726560003	-7.66570377449e-05	-6.29364080407e-06	-4.75990857818e-06	0.000178315422711	2.74333948977e-06	4.30512056025e-06	-9.77160913773e-10	-6.64032002004e-10	-3.42705051514e-10	5.2362679343e-10	-2.78982888541e-10
Even4;k__Bacteria;p__Proteobacteria;c__Betaproteobacteria;o__Burkholderiales;f__Oxalobacteraceae;g__	-0.11515627229	0.148351159834	0.0318051577706	0.015056092831	-0.00218227651889	0.00275299875386	-0.00161588108654	0.00128189435269	0.00013811589875	-0.000224952743394	-0.000216743197189	-0.000295494208551	4.55184810888e-05	9.14675867868e-06	9.84292874783e-05	7.67320045988e-05	-9.06924244868e-05	-3.23222206826e-05	4.43316768687e-07	-3.34829742414e-05	-3.33311938356e-06	1.14547595236e-07	-8.08677549188e-08	-4.49610565286e-07	-5.58488297433e-09	-9.77160913745e-10	-6.64032001992e-10	-3.42705051507e-10	5.23626793427e-10	-2.78982888536e-10
Even3;k__Bacteria;p__Firmicutes;c__Bacilli;o__Bacillales;Other;Other	0.0207739890745	-0.0398025767151	-0.0268254744374	-0.00807162802258	-0.00149298504538	0.000231697984303	0.00143518839299	-0.00230680606433	-0.000938534511879	0.000215762090944	0.000919040154484	-0.000709685701726	0.000830905583627	-0.00037870629169	-0.000225001448101	0.000119756694125	-0.000684579870914	-0.000125534516766	-0.000178276732649	2.56552290771e-06	0.000107936898396	-8.24912987533e-05	-0.000122516159033	-9.65290615038e-06	-8.07511167597e-06	-9.77160913707e-10	-6.64032001965e-10	-3.42705051489e-10	5.23626793416e-10	-2.7898288852e-10
Even4;k__Bacteria;p__Bacteroidetes;c__Bacteroidia;o__Bacteroidales;f__Bacteroidaceae;g__BF311	-0.106521159845	0.0902311004689	0.021733037043	0.000148324309596	0.00284281268133	-0.000353762607872	0.00209885536594	-0.000482720704517	-0.00220578038331	0.000550746401401	-0.00036602321528	-0.000209124369965	0.000757392592684	-0.000329499725327	0.00035103968887	-0.000163005950461	2.53399390794e-05	-2.49525089343e-05	8.39661783336e-05	-0.000163735763809	-1.04074802025e-05	2.5227740932e-06	-2.1834965198e-06	-1.37399609481e-06	3.54830833297e-08	-9.77160913746e-10	-6.64032001993e-10	-3.42705051507e-10	5.23626793428e-10	-2.78982888536e-10
Even4;k__Bacteria;p__Firmicutes;c__Bacilli;Other;Other;Other	0.100341589565	-0.0315182795311	-0.0423883958763	0.00493768354484	-0.00549258927331	0.00537595980259	-0.00649857566456	-0.000911395422775	0.000840681411454	0.00209050511038	-0.000198491541769	-0.00108089991036	2.84368507594e-06	-0.0016151049551	-3.85799682386e-05	-0.000227083805049	-0.000743345246518	0.000924691553616	-0.000336041942579	-0.000296459988561	-9.23140432012e-05	-1.48820965359e-05	3.07936259618e-06	-1.46788814854e-05	-1.00084070119e-06	-9.7716091375e-10	-6.64032001992e-10	-3.42705051505e-10	5.23626793434e-10	-2.78982888534e-10
Even3;k__Bacteria;p__Actinobacteria;c__Actinobacteria;o__Bifidobacteriales;f__Bifidobacteriaceae;g__Alloscardovia	-0.087644299042	-0.0443448729141	0.0022918303278	-0.0378153461569	0.00853034653223	-0.00608025585218	0.00997088918429	-0.00420471155538	-0.00766288537196	0.0019055511988	4.48509676293e-07	0.000541997180707	0.00147318329942	-0.000601318175862	0.000757349274754	-0.000600292824852	9.61089868438e-05	0.000148885129372	0.00020318769857	-0.000181603584908	-9.60974859619e-06	4.36307043042e-06	-4.80030962263e-06	-1.67466143645e-06	1.27524442019e-08	-9.77160913748e-10	-6.64032001993e-10	-3.42705051506e-10	5.23626793429e-10	-2.78982888535e-10
Even4;k__Bacteria;p__Proteobacteria;c__Gammaproteobacteria;o__Chromatiales;f__Halothiobacillaceae;g__Halothiobacillus	-0.099549712143	-0.0400794494145	0.0082879024013	-0.040388776692	0.00362756655922	-0.00480011999567	0.0148989084707	-0.0111209131239	-0.0111423648431	0.0060026987096	0.00142556863613	0.0010657318818	-0.00126476080629	0.000361969891417	-0.000533781876854	0.000477352451179	-0.000834962448869	-0.00046793817074	-0.000329648332251	-6.91172550618e-05	-8.9369820325e-06	-1.35451863121e-05	2.10426535601e-07	-4.24755961892e-06	-8.60297512326e-07	-9.77160913745e-10	-6.6403200199e-10	-3.42705051505e-10	5.23626793428e-10	-2.78982888534e-10
Even3;k__Bacteria;p__Proteobacteria;c__Gammaproteobacteria;o__Chromatiales;f__Halothiobacillaceae;g__Halothiobacillus	-0.099549712143	-0.0400794494145	0.0082879024013	-0.040388776692	0.00362756655922	-0.00480011999567	0.0148989084707	-0.0111209131239	-0.0111423648431	0.0060026987096	0.00142556863613	0.0010657318818	-0.00126476080629	0.000361969891417	-0.000533781876854	0.000477352451179	-0.000834962448869	-0.00046793817074	-0.000329648332251	-6.91172550618e-05	-8.9369820325e-06	-1.35451863121e-05	2.10426535601e-07	-4.24755961892e-06	-8.60297512326e-07	-9.77160913745e-10	-6.6403200199e-10	-3.42705051505e-10	5.23626793428e-10	-2.78982888534e-10
Even3;k__Bacteria;p__Actinobacteria;c__Actinobacteria;o__Bifidobacteriales;f__Bifidobacteriaceae;g__	-0.110455451527	0.0818376080597	0.0303400966902	-0.0115259597322	-0.00834352924301	0.00162532173399	0.00252112721148	-0.000633034397953	-0.00338011458737	0.000953876844258	0.000139296331224	0.000141745800444	0.000548318772754	-0.000170970674193	0.000136730091337	-7.76603323113e-05	-5.29388497063e-05	-7.22551404277e-05	1.19010337623e-05	-0.000102512276036	-6.23577655879e-06	-2.69000934824e-07	-1.42444849682e-06	-1.26218815373e-06	-9.51596884772e-08	-9.77160913745e-10	-6.64032001992e-10	-3.42705051507e-10	5.23626793427e-10	-2.78982888535e-10
Even3;k__Bacteria;p__Verrucomicrobia;c__Verrucomicrobiae;o__Verrucomicrobiales;f__Verrucomicrobiaceae;g__Akkermansia	-0.0188092606703	0.00528122278958	-0.0152205289011	-0.000503903579965	-0.00147780896676	-0.0022634085096	0.000181111521714	0.000211738316848	-0.000170694681466	-2.47968572725e-05	5.61210892149e-05	-1.40351900824e-08	1.73091278506e-05	-5.00979362483e-07	-1.08516713697e-05	-1.38064541896e-06	9.22736452757e-06	-2.01468145425e-06	-7.79685604341e-07	3.64742281626e-06	3.65438090916e-07	-3.84296028719e-08	3.82683793776e-08	5.17821154755e-08	6.34320457465e-10	-9.77160913746e-10	-6.64032001992e-10	-3.42705051506e-10	5.23626793428e-10	-2.78982888535e-10
Even4;k__Bacteria;p__Bacteroidetes;c__Bacteroidia;o__Bacteroidales;f__RF16;g__	-0.104057603152	0.0913077455115	0.0126405958016	0.00963970743851	0.0137615054945	-0.00243037911234	0.00340695633216	-0.00249042275357	-0.00224405422434	0.00120610449825	-0.000362207870723	-0.000287545049258	8.62951403324e-05	-0.000153100950506	0.000211416857068	7.00454255967e-05	-0.000148983011427	-0.000104889635655	5.81030759545e-05	-7.36376867423e-05	-7.08182202055e-05	-6.59900344357e-06	8.46484426894e-08	-1.08915870909e-05	-5.60549308128e-07	-9.77160913749e-10	-6.64032001993e-10	-3.42705051506e-10	5.23626793432e-10	-2.78982888535e-10
Even3;k__Bacteria;p__Bacteroidetes;c__Bacteroidia;o__Bacteroidales;f__Porphyromonadaceae;Other	0.0434041638992	-0.0334200209905	-0.00473336994874	-0.0250529489652	0.0160091427251	0.00620047227546	-0.00101618878739	0.00606807330703	0.00341649123966	-0.006901622842	-0.00079418372299	0.000824615004269	-0.000285115116359	0.00120971349153	-0.00110525173731	-0.000517580265151	0.000351956916311	0.000551228148541	0.000530893826358	0.000202519720056	-5.71800608912e-05	5.44655967809e-06	-1.05512383172e-06	-6.68243275384e-06	1.60989473184e-07	-9.77160913751e-10	-6.64032001995e-10	-3.42705051507e-10	5.23626793432e-10	-2.78982888536e-10
Even1;k__Bacteria;p__Actinobacteria;c__Coriobacteriia;o__Coriobacteriales;f__Coriobacteriaceae;Other	0.0842936566462	-0.0382112191381	-0.0422391130787	0.0165799648268	-0.0122333361794	-0.00532984952349	-0.000253226975371	-0.00413833744211	0.000578044494326	-0.00579215845903	0.00429763258076	0.00212497767398	0.0034241325339	0.000301803978096	0.00174908932493	0.00153863340414	-0.000914263605871	-0.000990902708492	-0.00018626416574	-8.65764021773e-05	-2.96819346721e-05	-2.15003691477e-05	-1.7348668957e-05	-4.16333606917e-07	-8.22238753762e-07	-9.77160913737e-10	-6.6403200199e-10	-3.42705051504e-10	5.23626793428e-10	-2.78982888534e-10
Even1;k__Bacteria;p__Proteobacteria;c__Alphaproteobacteria;o__Rickettsiales;f__;g__	-0.1202330523	0.150978299574	0.0442819828271	0.00405347598323	-0.0166715149275	0.00571973095512	-0.00285380358495	0.0028190905697	-0.000183166407107	-0.000594495470815	9.14520444313e-05	-4.12848439184e-05	0.00030823735229	1.85695995497e-05	3.40206770263e-05	2.95894424248e-05	6.97738567178e-06	-3.26073548055e-06	9.90536371933e-05	-4.72002674962e-05	2.55222987956e-05	-9.72192956214e-05	6.74455985078e-05	-2.20875036934e-07	-2.15875363888e-06	-9.77160913727e-10	-6.64032001982e-10	-3.42705051501e-10	5.23626793419e-10	-2.78982888529e-10
Even3;k__Bacteria;p__Firmicutes;c__Clostridia;o__Clostridiales;f__Clostridiaceae;g__Caloramator	-0.117029675152	0.149323905076	0.0364113066535	0.0109952308718	-0.00754438027622	0.00385295795163	-0.00205963954689	0.00184814821754	2.02768941768e-05	-0.000359203607713	-0.000101169263721	-0.000203721916809	0.000137501161347	1.49087320495e-05	7.21679144021e-05	5.62666992846e-05	-5.9678253988e-05	-2.36896810916e-05	-8.65395100168e-08	-1.87359613115e-05	-1.83758515609e-06	3.73538726748e-08	-2.17340470018e-08	-2.51830758433e-07	-3.96684429115e-09	-9.77160913744e-10	-6.64032001992e-10	-3.42705051507e-10	5.23626793426e-10	-2.78982888536e-10
Even3;k__Bacteria;p__Proteobacteria;c__Gammaproteobacteria;o__Pseudomonadales;f__Pseudomonadaceae;g__Pseudomonas	-0.0541176979705	0.00469527683943	-0.0146389398514	-0.00359757590624	0.000884690518806	0.00125207185777	-0.000623616160679	-0.000852653229258	0.000547297080369	-0.000626329834422	0.000467695946506	8.30804216656e-05	0.000327837448635	4.106635852e-05	0.000144005000235	0.000173098265386	-4.46045600237e-05	-7.4330229622e-05	-2.98437265477e-05	-1.58748719173e-05	-4.42124806548e-07	-3.10471479844e-07	2.75501714266e-07	-2.37826632965e-08	-1.45001572636e-09	-9.77160913746e-10	-6.64032001992e-10	-3.42705051506e-10	5.23626793428e-10	-2.78982888535e-10
Even4;k__Bacteria;p__Bacteroidetes;c__Bacteroidia;o__Bacteroidales;f__BS11;g__	-0.118887969926	0.150288805598	0.0409803091744	0.0069671177993	-0.0128632412613	0.00494404651069	-0.00249981930998	0.00240983551896	-9.6611795843e-05	-0.000492371803771	1.34726218963e-05	-0.000112689724194	0.000228742045796	2.06242378932e-05	4.61183265927e-05	3.59664367553e-05	-2.89141977675e-05	-1.51267587554e-05	-6.12122754212e-07	-4.10787590537e-06	-3.54111688532e-07	-3.9217319865e-08	3.69227761736e-08	-5.56459500246e-08	-2.36185430704e-09	-9.77160913744e-10	-6.64032001992e-10	-3.42705051507e-10	5.23626793426e-10	-2.78982888536e-10
Even1;k__Bacteria;p__Firmicutes;c__Bacilli;Other;Other;Other	0.0313523935327	-0.0440806694919	-0.0490393433878	0.000941942682041	-0.00515280536141	-0.000732343308507	-0.00936421787089	-0.00296744383181	0.00105949079525	-6.53732388314e-05	-0.00256308146196	0.000676488813869	0.000413344266426	-0.000761999893129	0.0012629534433	-0.000942390756172	-0.000131602794926	0.00128063439104	-0.000482050243841	-0.00053932267158	-8.99214806261e-05	-1.32994126989e-05	3.18044383485e-06	-1.38398335861e-05	-8.86220506572e-07	-9.7716091375e-10	-6.64032001993e-10	-3.42705051506e-10	5.23626793434e-10	-2.78982888534e-10
Even1;k__Bacteria;p__Bacteroidetes;c__Bacteroidia;o__Bacteroidales;f__;g__	-0.103914153829	0.0311010014595	0.0131134471427	-0.0154709266701	0.00633089716813	-0.00292963549415	0.00905711787154	-0.00694235172837	-0.0067167210947	0.0037759531149	0.000688284408035	0.000478969791698	-0.000852954544031	0.00019683858946	-0.000276895346753	0.000343500532717	-0.00058251157899	-0.000300161971337	-0.000179249736235	-8.73762453343e-05	-1.61077706085e-05	2.10335263567e-05	0.000154188420789	1.98273052331e-06	4.67812537078e-06	-9.77160913777e-10	-6.64032002006e-10	-3.42705051515e-10	5.23626793432e-10	-2.78982888542e-10
Even4;k__Bacteria;p__Proteobacteria;c__Gammaproteobacteria;o__Thiohalorhabdales;f__;g__	-0.113056769083	0.147261014305	0.0266430943673	0.0196070588199	0.0038269776919	0.00152028585982	-0.00111856557063	0.000647299504161	0.000270176852151	-7.44991885533e-05	-0.000346265708835	-0.000398342466537	-5.75655571311e-05	2.68937472859e-06	0.000127860136615	9.96672605544e-05	-0.000125449684528	-4.19966185001e-05	1.03712121896e-06	-5.00097990766e-05	-5.00914912124e-06	2.01057801554e-07	-1.47138289653e-07	-6.71260348826e-07	-7.39820218824e-09	-9.77160913745e-10	-6.64032001992e-10	-3.42705051507e-10	5.23626793427e-10	-2.78982888536e-10
Even1;k__Bacteria;p__Proteobacteria;c__Gammaproteobacteria;o__Enterobacteriales;f__Enterobacteriaceae;g__Dickeya	-0.0685006324555	-0.0495509434765	-0.0125967165101	-0.027674753688	0.00872847477057	-0.00368675271713	0.00384623002339	0.000607899868381	-0.00124027300867	-0.00106571869719	-0.00083571886486	0.00121976060386	-0.00045032563878	0.00054831236724	-0.000330497222754	-0.000213071668073	0.000857847105177	-0.000498882115943	0.000308750445018	0.000279537250573	3.04275869491e-05	7.48976225612e-06	-1.97410624784e-06	5.16734645046e-06	4.54047117623e-07	-9.77160913746e-10	-6.64032001992e-10	-3.42705051506e-10	5.23626793427e-10	-2.78982888536e-10
Even1;k__Bacteria;p__Proteobacteria;c__Betaproteobacteria;o__Burkholderiales;f__Oxalobacteraceae;g__	-0.116447784869	0.149021764509	0.0349806088944	0.0122565592076	-0.00587887835157	0.00351130395838	-0.00192180547966	0.00167226633527	5.68784031737e-05	-0.000317504475613	-0.000137067227905	-0.00023222694682	0.000108930783387	1.31190281995e-05	8.03248560395e-05	6.26233471475e-05	-6.93114433097e-05	-2.6371000207e-05	7.80370614012e-08	-2.33164729035e-05	-2.302107151e-06	6.13307107433e-08	-4.01013350672e-08	-3.13262365108e-07	-4.46941691245e-09	-9.77160913744e-10	-6.64032001992e-10	-3.42705051507e-10	5.23626793427e-10	-2.78982888536e-10
Even3;k__Bacteria;p__Firmicutes;c__Clostridia;o__Clostridiales;f__JTB215;g__	-0.0904289254056	-0.0435559977431	0.00414259586527	-0.0392817434228	0.00782607352916	-0.00611831726185	0.0111245759772	-0.00528384123707	-0.00840977321399	0.00290389555868	-0.000222827835803	0.000268899171701	0.00183029083614	-0.000845177697166	0.000649142135257	-0.000522398403167	0.000117927486474	-8.37743376518e-05	0.000167746630422	-0.000382125599023	-2.23201276697e-05	4.1304283524e-06	-5.7099332743e-06	-3.48589337221e-06	-4.75494641048e-08	-9.77160913748e-10	-6.64032001993e-10	-3.42705051506e-10	5.2362679343e-10	-2.78982888535e-10
Even3;k__Bacteria;p__Proteobacteria;c__Gammaproteobacteria;o__Enterobacteriales;f__Enterobacteriaceae;g__Dickeya	-0.0685006324555	-0.0495509434765	-0.0125967165101	-0.027674753688	0.00872847477057	-0.00368675271713	0.00384623002339	0.000607899868381	-0.00124027300867	-0.00106571869719	-0.00083571886486	0.00121976060386	-0.00045032563878	0.00054831236724	-0.000330497222754	-0.000213071668073	0.000857847105177	-0.000498882115943	0.000308750445018	0.000279537250573	3.04275869491e-05	7.48976225612e-06	-1.97410624784e-06	5.16734645046e-06	4.54047117623e-07	-9.77160913746e-10	-6.64032001992e-10	-3.42705051506e-10	5.23626793427e-10	-2.78982888536e-10
Even4;k__Bacteria;p__Verrucomicrobia;c__Verrucomicrobiae;o__Verrucomicrobiales;f__Verrucomicrobiaceae;g__Akkermansia	-0.0188092606703	0.00528122278958	-0.0152205289011	-0.000503903579965	-0.00147780896676	-0.0022634085096	0.000181111521714	0.000211738316848	-0.000170694681466	-2.47968572725e-05	5.61210892149e-05	-1.40351900823e-08	1.73091278506e-05	-5.00979362483e-07	-1.08516713697e-05	-1.38064541896e-06	9.22736452757e-06	-2.01468145425e-06	-7.79685604341e-07	3.64742281626e-06	3.65438090916e-07	-3.84296028719e-08	3.82683793775e-08	5.17821154755e-08	6.34320457465e-10	-9.77160913746e-10	-6.64032001992e-10	-3.42705051506e-10	5.23626793428e-10	-2.78982888535e-10
Even4;k__Bacteria;p__Firmicutes;c__Bacilli;o__Bacillales;Other;Other	0.0325033902812	-0.0378703552119	-0.0292568285326	-0.00524029378318	-0.00440293419385	0.00146577735995	0.0016038849399	-0.00382609827563	-0.000914434349408	0.00158380264892	0.00164077222185	-0.000400245889699	-9.76312171309e-05	-0.000201028056165	-0.00030561192028	0.00044824767474	-0.00076349096898	-0.0004144397894	-0.000163340140871	-0.000206181511362	7.89375394538e-06	-0.000130046538708	-0.000169275859976	-4.44512051282e-06	-9.02257192709e-06	-9.77160913681e-10	-6.64032001962e-10	-3.42705051487e-10	5.23626793417e-10	-2.78982888519e-10
Even4;k__Bacteria;p__Actinobacteria;c__Actinobacteria;o__Actinomycetales;f__Kineosporiaceae;g__Kineosporia	-0.099549712143	-0.0400794494145	0.0082879024013	-0.040388776692	0.00362756655922	-0.00480011999567	0.0148989084707	-0.0111209131239	-0.0111423648431	0.0060026987096	0.00142556863613	0.0010657318818	-0.00126476080629	0.000361969891417	-0.000533781876854	0.000477352451179	-0.000834962448869	-0.00046793817074	-0.000329648332251	-6.91172550618e-05	-8.9369820325e-06	-1.35451863121e-05	2.10426535601e-07	-4.24755961892e-06	-8.60297512326e-07	-9.77160913745e-10	-6.6403200199e-10	-3.42705051505e-10	5.23626793428e-10	-2.78982888534e-10
Even1;k__Bacteria;p__Actinobacteria;c__Actinobacteria;o__Bifidobacteriales;f__Bifidobacteriaceae;g__Alloscardovia	-0.0855877837547	-0.0448902825083	0.000845131588187	-0.0365783749355	0.0089716476195	-0.00599202723263	0.00911867709443	-0.00350368441254	-0.00712321649474	0.00116111668187	0.000264498498306	0.000814159301511	0.00103175371969	-0.000337643278527	0.000802742021306	-0.000626794158226	3.73140523585e-05	0.000336455336638	0.000213473843087	6.89519177571e-06	2.06946416137e-06	3.83014830427e-06	-3.75770726866e-06	-1.2156958626e-07	3.16521119586e-08	-9.77160913747e-10	-6.64032001992e-10	-3.42705051506e-10	5.23626793428e-10	-2.78982888535e-10
Even1;k__Bacteria;p__Firmicutes;c__Clostridia;o__Clostridiales;f__Eubacteriaceae;Other	-0.0228768691275	-0.0535569044389	-0.0431927628348	-0.00683686036363	-0.000140730551266	0.00439416094736	-0.00281615437614	0.000958199459075	0.00864426948925	0.000667327972742	0.00136024053324	-0.00345613269774	-0.00038786962116	-0.00203411989849	0.00132206803369	-0.000588973622455	0.00331053089886	-0.00143556909315	-0.000161370702865	0.000243845417857	-5.87031269711e-05	-1.12473149335e-05	5.16427280013e-06	-8.52981386433e-06	-4.96011044275e-07	-9.77160913748e-10	-6.64032001993e-10	-3.42705051506e-10	5.23626793432e-10	-2.78982888534e-10
Even3;k__Bacteria;p__Proteobacteria;c__Alphaproteobacteria;o__Rhizobiales;f__Phyllobacteriaceae;g__Mesorhizobium	-0.099549712143	-0.0400794494145	0.0082879024013	-0.040388776692	0.00362756655922	-0.00480011999567	0.0148989084707	-0.0111209131239	-0.0111423648431	0.0060026987096	0.00142556863613	0.0010657318818	-0.00126476080629	0.000361969891417	-0.000533781876854	0.000477352451179	-0.000834962448869	-0.00046793817074	-0.000329648332251	-6.91172550618e-05	-8.9369820325e-06	-1.35451863121e-05	2.10426535601e-07	-4.24755961892e-06	-8.60297512326e-07	-9.77160913745e-10	-6.6403200199e-10	-3.42705051505e-10	5.23626793428e-10	-2.78982888534e-10
Even3;k__Bacteria;p__Firmicutes;c__Clostridia;o__Clostridiales;f__Eubacteriaceae;Other	-0.0272583663485	-0.0533301717717	-0.0396550834507	-0.0112522622458	0.00273964955733	0.00250192486263	-0.00325093043304	0.00275728732166	0.00747578060995	0.00134264505635	3.15718955543e-06	-0.00293115845163	0.00204758484398	-0.00166163782414	0.00151005976079	-0.000307748850083	0.0027465896868	-0.000481271820602	4.73876501339e-05	-0.00012575286626	-4.59569193382e-06	5.6844506728e-06	-9.73754530724e-07	8.59954296866e-07	3.70183093594e-07	-9.77160913747e-10	-6.64032001993e-10	-3.42705051507e-10	5.23626793429e-10	-2.78982888536e-10
Even3;k__Bacteria;p__Bacteroidetes;c__Bacteroidia;o__Bacteroidales;f__Porphyromonadaceae;g__Paludibacter	-0.106492887627	0.0541033540077	0.0247158924014	-0.0177429239447	-0.00503660076475	-1.40212128683e-05	0.00459189840144	-0.00206500724287	-0.00470930235296	0.00150292441212	0.000187704005344	0.000250719166069	0.000657930680474	-0.000247576780448	0.000151753628396	-4.46043789346e-05	-1.63847921353e-06	-0.000104352426113	0.000193348717664	-7.00555524884e-05	-8.92804244683e-05	-0.000104345925387	6.45463084775e-05	-1.78790559702e-05	-3.01715578503e-06	-9.77160913735e-10	-6.64032001983e-10	-3.42705051501e-10	5.23626793428e-10	-2.78982888528e-10
Even3;k__Bacteria;p__Firmicutes;c__Bacilli;Other;Other;Other	0.0876484048559	-0.0336673990576	-0.0406240256217	0.00576789553835	-0.00559712869443	0.00234160116727	-0.00476504719274	-0.000310240748257	-0.00166134235056	0.00162949758568	-0.000424591212395	-0.00198318403223	0.000357474585036	-0.00217904814293	-0.000222065569672	-9.88947687798e-05	0.000902296267383	0.000353135816309	0.000748409649834	0.000125590369574	-0.000141818338948	1.135274338e-06	-3.60129343125e-06	-1.94612723337e-05	-3.90311503508e-07	-9.77160913756e-10	-6.64032001996e-10	-3.42705051507e-10	5.23626793438e-10	-2.78982888536e-10
Even1;k__Bacteria;p__Proteobacteria;c__Betaproteobacteria;o__Neisseriales;f__Neisseriaceae;g__Aquitalea	-0.0879522200459	-0.0440122563068	0.00186416541586	-0.0371942186803	0.00796551564147	-0.00570508507379	0.0100175160756	-0.00477622617008	-0.0077298146856	0.00213278661595	0.000723791370168	0.00115114456561	0.00028663570114	-0.00012343019424	0.000741956966917	-0.000452831272056	-5.9551071885e-05	0.000211852845583	0.000174994668837	-9.62371817366e-05	-3.83394122659e-06	2.86664417416e-06	-4.06538253674e-06	-1.126626048e-06	-4.41124295792e-08	-9.77160913747e-10	-6.64032001992e-10	-3.42705051506e-10	5.23626793429e-10	-2.78982888535e-10
Even4;k__Bacteria;p__Firmicutes;c__Bacilli;o__Lactobacillales;f__Streptococcaceae;g__Lactococcus	-0.0541176979705	0.00469527683943	-0.0146389398514	-0.00359757590624	0.000884690518806	0.00125207185777	-0.000623616160679	-0.000852653229258	0.000547297080369	-0.000626329834422	0.000467695946506	8.30804216656e-05	0.000327837448635	4.106635852e-05	0.000144005000235	0.000173098265386	-4.46045600237e-05	-7.4330229622e-05	-2.98437265477e-05	-1.58748719173e-05	-4.42124806548e-07	-3.10471479844e-07	2.75501714266e-07	-2.37826632965e-08	-1.45001572636e-09	-9.77160913746e-10	-6.64032001992e-10	-3.42705051506e-10	5.23626793428e-10	-2.78982888535e-10
Even4;k__Bacteria;p__Bacteroidetes;c__Bacteroidia;o__Bacteroidales;f__Porphyromonadaceae;g__Paludibacter	-0.108079505865	0.108773456552	0.0200879598232	0.00976549096309	0.00702850504981	-0.000479580323741	0.00170923580575	-0.00114742752836	-0.00157442982213	0.000722818813619	-0.000279660032593	-0.00025182585297	0.000118277755036	-0.000107003013686	0.000172951762747	7.08094180261e-05	-0.000109680727768	-7.56216743183e-05	0.000116644448832	-9.69388677172e-05	-3.11700249872e-05	-7.84282015854e-05	5.12551719767e-05	-7.91940300524e-06	-2.03320272044e-06	-9.77160913735e-10	-6.64032001985e-10	-3.42705051502e-10	5.23626793425e-10	-2.7898288853e-10
Even1;k__Bacteria;p__Firmicutes;c__Clostridia;o__Clostridiales;f__Peptostreptococcaceae;Other	-0.0848400947036	-0.0448602436922	-0.000259128798299	-0.0367346803506	0.00794714211238	-0.00545958424318	0.00952333636048	-0.00337839776133	-0.00606316370133	0.00230134809066	0.000855850642637	0.000852782772186	0.000622038858583	-0.00036187066487	0.00108864504101	-0.000297910580895	6.0433235498e-05	0.000270883301254	0.000511213017896	-0.000243090321043	-0.000186701320778	-0.000410361736047	-0.000520697037459	6.76955878313e-05	-1.65940194666e-05	-9.77160913494e-10	-6.64032001925e-10	-3.42705051469e-10	5.23626793396e-10	-2.78982888502e-10
Even1;k__Bacteria;p__Verrucomicrobia;c__Verrucomicrobiae;o__Verrucomicrobiales;f__Verrucomicrobiaceae;g__Akkermansia	-0.0188092606703	0.00528122278958	-0.0152205289011	-0.000503903579965	-0.00147780896676	-0.0022634085096	0.000181111521714	0.000211738316848	-0.000170694681466	-2.47968572725e-05	5.61210892149e-05	-1.40351900826e-08	1.73091278506e-05	-5.00979362483e-07	-1.08516713697e-05	-1.38064541896e-06	9.22736452757e-06	-2.01468145425e-06	-7.79685604341e-07	3.64742281626e-06	3.65438090916e-07	-3.84296028719e-08	3.82683793776e-08	5.17821154755e-08	6.34320457466e-10	-9.77160913746e-10	-6.64032001992e-10	-3.42705051506e-10	5.23626793428e-10	-2.78982888535e-10
Even1;k__Bacteria;p__Proteobacteria;c__Alphaproteobacteria;Other;Other;Other	-0.0727407874785	-0.0504500794669	-0.00412190996852	-0.0364585763287	0.0152589443718	-0.00839111819589	0.00381506953368	0.00511490479025	-0.00361950077701	-0.00351380166057	-0.00304092329144	-0.00114236950901	0.00734373442352	-0.00283512496497	0.00239952270957	-0.00193320591685	0.00200579571852	0.000623761233334	0.00144246805699	-7.19850087754e-05	-0.000516287549998	-8.07896258966e-05	-8.71300322497e-05	-0.000114937180222	-1.10358549787e-05	-9.77160913768e-10	-6.64032001981e-10	-3.42705051494e-10	5.23626793462e-10	-2.78982888521e-10
Even3;k__Bacteria;p__Firmicutes;c__Bacilli;o__Bacillales;f__Bacillaceae;g__Terribacillus	-0.0998865611147	-0.0399741457119	0.00852900945115	-0.0404671341939	0.00349852180886	-0.0047846552123	0.0151286320305	-0.0112321196141	-0.0111211762719	0.00609557389743	0.00142619012163	0.00110623329929	-0.00129504982051	0.000306108314595	-0.000558934260497	0.000459967541342	-0.000874839414219	-0.000449252150584	-0.000412904035808	-3.01946379556e-05	-0.000149358289698	0.000117830273479	0.000215475461058	7.63426163129e-05	1.91758929534e-05	-9.77160913774e-10	-6.64032002044e-10	-3.42705051542e-10	5.23626793439e-10	-2.78982888567e-10
Even3;k__Bacteria;p__Proteobacteria;c__Betaproteobacteria;o__Burkholderiales;f__Oxalobacteraceae;g__	-0.106361686633	0.143784661338	0.0101818477369	0.0341195836954	0.0229898216753	-0.0024106985912	0.000467318352329	-0.00137635295728	0.000691304559109	0.000405280480773	-0.000759298607083	-0.000726314133674	-0.000386289101234	-1.79025052012e-05	0.00022171184442	0.000172805243435	-0.000236286724884	-7.28471982071e-05	2.9306976326e-06	-0.000102712007162	-1.03538217292e-05	4.76929237258e-07	-3.5846766153e-07	-1.37807688079e-06	-1.31806756815e-08	-9.77160913746e-10	-6.64032001992e-10	-3.42705051507e-10	5.23626793427e-10	-2.78982888536e-10
Even3;k__Bacteria;p__Proteobacteria;c__Gammaproteobacteria;o__PYR10d3;f__;g__	-0.0884020839084	-0.0443285640384	0.00322141663503	-0.0390357360296	0.00875907507805	-0.00641124998767	0.010285835423	-0.00398671415109	-0.00780253062975	0.00221527263624	-0.000589138162902	9.18252361224e-05	0.00251808009002	-0.00111343271685	0.000912014137951	-0.000744565259691	0.000329680805441	1.59540303523e-06	0.00027827884435	-0.000451683008792	-2.52941600335e-05	8.05834272233e-06	-7.02556878762e-06	-3.31663420628e-06	1.33061213279e-07	-9.77160913749e-10	-6.64032001994e-10	-3.42705051507e-10	5.23626793431e-10	-2.78982888536e-10
Even3;k__Bacteria;p__Bacteroidetes;c__Bacteroidia;o__Bacteroidales;f__BS11;g__	-0.120230071707	0.150985678198	0.0442801443284	0.00405792502472	-0.0167046408616	0.00573205491446	-0.00281772691665	0.00281549856998	-0.000181031405302	-0.000588548834258	9.62695392869e-05	-4.69442517499e-05	0.00029463824012	2.47521032247e-05	2.73047353969e-05	2.13051360396e-05	-6.69571271933e-06	-8.94242595703e-06	-9.91710652799e-07	6.4568524436e-06	7.17285815825e-07	-9.45187366996e-08	7.92860373561e-08	8.60430782714e-08	-1.20269487406e-09	-9.77160913744e-10	-6.64032001992e-10	-3.42705051507e-10	5.23626793426e-10	-2.78982888536e-10
Even1;k__Bacteria;p__Proteobacteria;c__Gammaproteobacteria;o__Pseudomonadales;f__Pseudomonadaceae;g__Pseudomonas	-0.0541176979705	0.00469527683943	-0.0146389398514	-0.00359757590624	0.000884690518806	0.00125207185777	-0.000623616160679	-0.000852653229258	0.000547297080369	-0.000626329834422	0.000467695946506	8.30804216656e-05	0.000327837448635	4.106635852e-05	0.000144005000235	0.000173098265386	-4.46045600237e-05	-7.4330229622e-05	-2.98437265477e-05	-1.58748719173e-05	-4.42124806548e-07	-3.10471479844e-07	2.75501714266e-07	-2.37826632965e-08	-1.45001572636e-09	-9.77160913746e-10	-6.64032001992e-10	-3.42705051506e-10	5.23626793428e-10	-2.78982888535e-10
Even1;k__Bacteria;p__Firmicutes;c__Bacilli;o__Lactobacillales;f__Streptococcaceae;g__Lactococcus	-0.0541176979705	0.00469527683943	-0.0146389398514	-0.00359757590624	0.000884690518806	0.00125207185777	-0.000623616160679	-0.000852653229258	0.000547297080369	-0.000626329834422	0.000467695946506	8.30804216656e-05	0.000327837448635	4.106635852e-05	0.000144005000235	0.000173098265386	-4.46045600237e-05	-7.4330229622e-05	-2.98437265477e-05	-1.58748719173e-05	-4.42124806548e-07	-3.10471479844e-07	2.75501714266e-07	-2.37826632965e-08	-1.45001572636e-09	-9.77160913746e-10	-6.64032001992e-10	-3.42705051506e-10	5.23626793428e-10	-2.78982888535e-10
Even1;k__Bacteria;p__Firmicutes;c__Clostridia;o__Clostridiales;f__Eubacteriaceae;g__	-0.105291325602	0.0855242272457	0.0123036489568	0.00787197567776	0.0136183430352	-0.00252389316017	0.0048226235687	-0.00415926408843	-0.00316525652674	0.00211694796879	8.30436245394e-06	-9.85098181688e-05	-0.000612925859545	0.000107069030391	-3.55987151097e-05	0.000258140341322	-0.000409495675586	-0.000194163927638	-0.000103808384593	-8.32281777217e-05	-9.01474442265e-06	-4.05586357646e-06	-1.41401222537e-07	-2.17918176026e-06	-2.83299824943e-07	-9.77160913745e-10	-6.64032001992e-10	-3.42705051506e-10	5.23626793428e-10	-2.78982888535e-10
Even3;k__Bacteria;p__Actinobacteria;c__Actinobacteria;o__Actinomycetales;Other;Other	-0.07204617307	-0.0501637635042	-0.00454590232108	-0.0342315600113	0.0152827098568	-0.00804341642486	0.00388526376791	0.0045071613297	-0.00356166892615	-0.00424596815789	-0.0029620235625	-0.00149664230367	0.00644736095876	-0.00212248215616	0.00151608072052	-0.00185264353478	0.00096154269952	0.000919110172107	0.000619196074965	0.000212388429005	7.50278158307e-05	-3.98074269716e-05	-9.6594611603e-05	-3.03948736948e-05	-7.78507427194e-06	-9.77160913736e-10	-6.64032001971e-10	-3.42705051492e-10	5.23626793424e-10	-2.78982888523e-10
Even4;k__Bacteria;p__Bacteroidetes;c__Bacteroidia;o__Bacteroidales;f__Marinilabiaceae;g__	-0.110370641625	0.0771702462226	0.0256976288431	-0.00857962915252	-0.00328840052937	0.000556547305036	0.00440075969793	-0.00309244657922	-0.00423215805335	0.00206437822745	0.000480445174316	0.00027987953028	-0.000396693873946	0.000147122507047	-0.000158670101315	0.000216680319054	-0.000355024613943	-0.000192927200958	-0.000125633889126	-3.79288351212e-05	-4.54211729949e-06	-5.1369471501e-06	6.67080797038e-08	-1.77401318148e-06	-3.30188051162e-07	-9.77160913745e-10	-6.64032001991e-10	-3.42705051506e-10	5.23626793427e-10	-2.78982888535e-10
Even1;k__Bacteria;p__Firmicutes;c__Clostridia;o__Clostridiales;f__JTB215;g__	-0.0939758980257	-0.0422040067264	0.00575465951817	-0.0397122563608	0.00619332081863	-0.00560568499167	0.0125923719469	-0.00755381363752	-0.00947244773641	0.00410898567292	0.000418215236614	0.000578778558961	0.000626659641861	-0.000375731412717	0.000189116130547	-0.000133606404255	-0.000252640821714	-0.000233171383853	-2.56847439511e-05	-0.000260400131927	-1.7115571033e-05	-2.7434217949e-06	-3.407571126e-06	-3.7820969126e-06	-3.63618149524e-07	-9.77160913747e-10	-6.64032001992e-10	-3.42705051506e-10	5.23626793429e-10	-2.78982888535e-10
Even1;k__Bacteria;p__Proteobacteria;c__Gammaproteobacteria;o__PYR10d3;f__;g__	-0.0884020839084	-0.0443285640384	0.00322141663503	-0.0390357360296	0.00875907507805	-0.00641124998767	0.010285835423	-0.00398671415109	-0.00780253062975	0.00221527263624	-0.000589138162902	9.18252361224e-05	0.00251808009002	-0.00111343271685	0.000912014137951	-0.000744565259691	0.000329680805441	1.59540303523e-06	0.00027827884435	-0.000451683008792	-2.52941600335e-05	8.05834272233e-06	-7.02556878762e-06	-3.31663420628e-06	1.33061213279e-07	-9.77160913749e-10	-6.64032001994e-10	-3.42705051507e-10	5.23626793431e-10	-2.78982888536e-10
Even1;k__Bacteria;p__Proteobacteria;c__Gammaproteobacteria;o__;f__;g__	-0.120230071707	0.150985678198	0.0442801443284	0.00405792502472	-0.0167046408616	0.00573205491446	-0.00281772691665	0.00281549856998	-0.000181031405302	-0.000588548834258	9.62695392869e-05	-4.69442517499e-05	0.00029463824012	2.47521032247e-05	2.73047353969e-05	2.13051360396e-05	-6.69571271933e-06	-8.94242595703e-06	-9.91710652799e-07	6.4568524436e-06	7.17285815825e-07	-9.45187366995e-08	7.92860373562e-08	8.60430782714e-08	-1.20269487406e-09	-9.77160913744e-10	-6.64032001992e-10	-3.42705051507e-10	5.23626793426e-10	-2.78982888536e-10
Even3;k__Bacteria;p__Proteobacteria;c__Gammaproteobacteria;o__Alteromonadales;f__Moritellaceae;Other	-0.0825251057165	-0.0465478946827	0.000471177407032	-0.0382886939468	0.0114409696128	-0.00723073328871	0.00777254769539	-0.000319528823562	-0.00615168323715	0.000237971930515	-0.00159705089937	-0.000431579362461	0.00443676065097	-0.00180085860185	0.00165754929063	-0.00133987769627	0.000947891701411	0.000219544771782	0.000657172565852	-0.000677996241053	9.2906427865e-05	-9.93778065724e-05	-0.00020438209752	-7.53823298385e-05	-1.74028308431e-05	-9.77160913725e-10	-6.64032001946e-10	-3.42705051474e-10	5.23626793422e-10	-2.78982888507e-10
Even3;k__Bacteria;p__Bacteroidetes;c__Bacteroidia;o__Bacteroidales;f__Rikenellaceae;Other	-0.0270665175369	-0.0549111341698	-0.0520932849204	-0.00289218126129	-0.00152224151933	0.00558470747524	-0.00899739871626	-0.00177253008062	0.00585805041964	0.0011944529466	-0.00292276232733	0.00569867559579	-0.00444473603403	0.00461273725243	0.00330321956887	0.00102623542238	0.00212724449165	0.00353807651664	-0.000522663119286	-0.000349783542606	-3.07554640868e-05	-6.63743091135e-06	3.46644299205e-06	-4.37648076586e-06	-3.63855050288e-07	-9.77160913747e-10	-6.64032001992e-10	-3.42705051506e-10	5.2362679343e-10	-2.78982888535e-10
Even3;k__Bacteria;p__Proteobacteria;c__Deltaproteobacteria;o__Desulfobacterales;f__Desulfobacteraceae;g__	-0.113791345938	0.113820772561	0.0311649005071	0.00135017854092	-0.00546460891548	0.00223229311897	0.00114428444204	-0.000596949994238	-0.00207247808997	0.000843584092563	0.000185102332662	3.90937674145e-05	-0.000129229850152	7.31687281544e-05	-4.67842057451e-05	0.000134843578432	-0.000206929323934	-0.000105525906576	-7.2206584696e-05	-2.57138475291e-05	2.45764965599e-06	3.69727519798e-05	5.02515508305e-05	-9.45410727633e-06	1.37669706814e-06	-9.7716091377e-10	-6.64032001999e-10	-3.4270505151e-10	5.23626793431e-10	-2.78982888539e-10
Even4;k__Bacteria;p__Proteobacteria;c__Gammaproteobacteria;o__Xanthomonadales;f__Xanthomonadaceae;g__Thermomonas	-0.0727214391195	-0.0487779307189	-0.00720538765927	-0.030343303047	0.0102679436148	-0.00510314563983	0.00579171052694	0.00144687782285	-0.00216285692747	-0.00226120433736	0.000576068945335	0.00108211615802	-0.000729199984083	0.000189482832953	-0.000250755222909	-0.000615733636372	0.000748635712753	-0.000139471634625	-5.19131119838e-05	0.000134353089568	9.12154308144e-06	-2.21313884217e-06	8.88520708659e-07	9.7453463936e-07	-6.98282791485e-08	-9.77160913745e-10	-6.64032001992e-10	-3.42705051506e-10	5.23626793428e-10	-2.78982888535e-10
Even4;k__Bacteria;p__Bacteroidetes;c__Bacteroidia;o__Bacteroidales;f__;g__	-0.10272273149	0.0246535268299	0.0107207285474	-0.0158413689751	0.00839944273149	-0.00355824923159	0.00972453421389	-0.00753117639398	-0.00704463465659	0.00401492064926	0.000701374974654	0.000486675921963	-0.000925926306332	0.000211857062713	-0.000288697039874	0.000366216890234	-0.000611976353304	-0.000320257409585	-0.000190705553692	-9.49794520226e-05	1.64063527597e-05	3.99568112515e-05	0.000152583611119	-2.36032064231e-05	2.11089777158e-06	-9.77160913798e-10	-6.64032002002e-10	-3.42705051511e-10	5.23626793434e-10	-2.78982888539e-10
Even1;k__Bacteria;p__Actinobacteria;c__Actinobacteria;o__Actinomycetales;Other;Other	-0.0771268676865	-0.0484106149847	-0.00211337881655	-0.0361986552527	0.0134200479203	-0.00764938823763	0.00577000749032	0.00216694792207	-0.00481743344057	-0.00207193659988	-0.00230021863492	-0.000980248150359	0.00547252444589	-0.00196654346316	0.00158467154239	-0.0016040297949	0.000954924033771	0.000579926947708	0.000637608919032	-0.000219313229205	8.36962337866e-05	-6.86900352628e-05	-0.000148855210835	-5.22069736432e-05	-1.24482289731e-05	-9.7716091373e-10	-6.64032001959e-10	-3.42705051483e-10	5.23626793423e-10	-2.78982888515e-10
Even3;k__Bacteria;p__Bacteroidetes;c__Bacteroidia;o__Bacteroidales;f__[Paraprevotellaceae];g__	-0.0920206177028	-0.0425513207728	0.00380763309678	-0.038277059743	0.00631391498728	-0.00527835142727	0.0116271299748	-0.00697956230531	-0.00883185944352	0.00368522282479	0.00130727406895	0.00149920715613	-0.000715009719642	0.000169783773757	0.000507021063064	-0.000143246363707	-0.000266262054677	-1.16952803854e-05	6.66644828245e-05	-0.000202629056593	-1.08113124145e-05	-3.49337629484e-07	-3.82346161304e-06	-2.61481074998e-06	-2.33752618254e-07	-9.77160913747e-10	-6.64032001992e-10	-3.42705051506e-10	5.23626793429e-10	-2.78982888535e-10
Even3;k__Bacteria;p__Firmicutes;c__Clostridia;o__Clostridiales;f__Eubacteriaceae;g__	-0.0953647530114	-0.00618703400818	-0.00497262716816	-0.0134624411463	0.0233778025972	-0.00757933711703	0.0133266085547	-0.0108487417015	-0.00842669657687	0.00528074678984	0.000646367928938	0.000435574725935	-0.00136143740182	0.000268933568723	-0.00030492028899	0.000477043052589	-0.000807063708938	-0.000414481885134	-0.00026156356296	-0.000119503749324	-1.36487929898e-05	-1.05121840127e-05	-7.84537833793e-08	-4.25931105491e-06	-6.9566533732e-07	-9.77160913746e-10	-6.6403200199e-10	-3.42705051505e-10	5.23626793429e-10	-2.78982888534e-10
Even4;k__Bacteria;p__Proteobacteria;c__Gammaproteobacteria;o__Pasteurellales;f__Pasteurellaceae;Other	-0.0676891000722	-0.0505574138621	-0.0096827460927	-0.0293735747078	0.0123712767132	-0.00565100829622	0.00377752324391	0.004472091963	-0.000597380774141	-0.00387105419457	-0.000142867488085	0.000726842500061	0.000512610884888	-0.000267451318778	0.000267486826293	-0.00111774961052	0.00116104627815	2.95084148099e-05	0.000107785541695	-0.000129497621926	0.00019875581852	-2.38666063765e-05	-8.41330189303e-05	-3.47673300315e-05	-8.92697684725e-06	-9.77160913746e-10	-6.64032001966e-10	-3.42705051489e-10	5.23626793419e-10	-2.7898288852e-10
Even4;k__Bacteria;p__Firmicutes;c__Clostridia;o__Clostridiales;f__Eubacteriaceae;g__	-0.100573826832	0.0648521901029	0.00220580831323	0.00907641272603	0.0231940221604	-0.00513103465742	0.00723536582724	-0.0063618207174	-0.0041076434072	0.00297131538028	-1.94741144391e-05	-0.000114793681247	-0.000899525048912	0.000133063849496	-5.54629626385e-05	0.000332930406147	-0.000536695663859	-0.000252654928168	-0.000136276807943	-0.000111549766195	-1.20880171295e-05	-5.30681457849e-06	-2.11091936187e-07	-2.8945159198e-06	-3.72383129176e-07	-9.77160913746e-10	-6.64032001991e-10	-3.42705051506e-10	5.23626793428e-10	-2.78982888535e-10
Even4;k__Bacteria;p__Actinobacteria;c__Coriobacteriia;o__Coriobacteriales;f__Coriobacteriaceae;g__	-0.114182846415	0.110123676155	0.0359544077333	-0.00511215181537	-0.0115405459304	0.00323545981943	0.000166023261975	0.00103153306185	-0.00193932460461	0.000233286063326	3.19628790182e-05	3.12535481995e-05	0.000583342742123	-0.000156201865157	0.000161532571287	-9.76005916397e-05	-8.15361957075e-06	-1.52787501432e-05	0.000124415502792	-0.000215117373691	9.26940260819e-05	-0.000105776008148	0.000140957708054	5.03584784246e-08	-1.52433381967e-06	-9.77160913738e-10	-6.64032001982e-10	-3.42705051501e-10	5.23626793417e-10	-2.78982888529e-10
Even1;k__Bacteria;p__Bacteroidetes;c__Bacteroidia;o__Bacteroidales;f__Porphyromonadaceae;Other	0.159782577016	-0.00537989951025	0.0155700546684	-0.0297592825036	0.0203317352296	0.0199971076799	0.000337752938623	0.00445928632913	0.00497457607369	-0.00400334040099	-3.71766327257e-05	0.00123260816225	-0.00134202343384	0.000676822929659	0.000114813865672	-0.000205385963346	0.000736563998617	0.00013499720896	0.000275590474423	0.000211694383116	7.62724827102e-05	1.4406127075e-05	-2.26809350414e-06	1.26732877034e-05	9.49191121078e-07	-9.77160913744e-10	-6.64032001992e-10	-3.42705051507e-10	5.23626793424e-10	-2.78982888536e-10
Even1;k__Bacteria;p__Proteobacteria;c__Gammaproteobacteria;o__Chromatiales;f__Halothiobacillaceae;Other	-0.066662301351	-0.0521466302428	-0.0064122368242	-0.0365378175014	0.0197119501818	-0.00978409083881	0.00136466559164	0.0108414043694	-0.000647599792585	-0.00473684552236	-0.00497628753554	-0.00213719712831	0.0101315565016	-0.00413980176543	0.00415487366621	-0.00383612117794	0.0020908854959	0.00106236060908	0.000681658140733	-0.00248700090508	0.000980273336869	0.000168651336114	-4.72400988441e-05	0.000156405247761	1.04671776875e-05	-9.77160913707e-10	-6.64032001991e-10	-3.42705051513e-10	5.23626793371e-10	-2.78982888548e-10
Even3;k__Bacteria;p__Firmicutes;c__Clostridia;o__Clostridiales;f__[Acidaminobacteraceae];g__Fusibacter	-0.114286478104	0.147899528115	0.0296665886464	0.0169414930264	0.00030727165417	0.00224230341204	-0.0014098503728	0.00101899077259	0.00019282686516	-0.000162621984959	-0.000270402523443	-0.000338102772574	2.81223668316e-06	6.47155675649e-06	0.000110622067835	8.62337534948e-05	-0.00010509186079	-3.63301854927e-05	6.89321469515e-07	-4.03298016732e-05	-4.02747456061e-06	1.50387537853e-07	-1.08322690738e-07	-5.41436904182e-07	-6.3361152201e-09	-9.77160913745e-10	-6.64032001992e-10	-3.42705051507e-10	5.23626793427e-10	-2.78982888536e-10
Even3;k__Bacteria;p__Bacteroidetes;c__Bacteroidia;o__Bacteroidales;f__Bacteroidaceae;g__	-0.114286478104	0.147899528115	0.0296665886464	0.0169414930264	0.00030727165417	0.00224230341204	-0.0014098503728	0.00101899077259	0.00019282686516	-0.000162621984959	-0.000270402523443	-0.000338102772574	2.81223668316e-06	6.47155675649e-06	0.000110622067835	8.62337534948e-05	-0.00010509186079	-3.63301854927e-05	6.89321469515e-07	-4.03298016732e-05	-4.02747456061e-06	1.50387537853e-07	-1.08322690738e-07	-5.41436904182e-07	-6.3361152201e-09	-9.77160913745e-10	-6.64032001992e-10	-3.42705051507e-10	5.23626793427e-10	-2.78982888536e-10
Even4;k__Bacteria;p__Bacteroidetes;c__Bacteroidia;o__Bacteroidales;f__Porphyromonadaceae;Other	0.173688984493	-0.00270859158759	0.015048707093	-0.0305734618637	0.019226040958	0.0218910518257	-0.00110380819056	0.00198221347838	0.00349542409118	-0.00230799480319	-0.0032196381707	0.000645572415814	0.0017487440338	0.000250644763114	0.000871376372735	-0.00100794764002	0.00100613432775	-0.000549713903957	0.00084023518215	-0.000231367770039	-6.36017151472e-05	1.79104754364e-05	-7.0263637856e-06	-6.14921640104e-06	6.95553758204e-07	-9.77160913753e-10	-6.64032001997e-10	-3.42705051508e-10	5.23626793434e-10	-2.78982888537e-10
Even1;k__Bacteria;p__Bacteroidetes;c__Bacteroidia;o__Bacteroidales;f__BS11;g__	-0.118040326695	0.149848675536	0.0388962027613	0.00880450270955	-0.0104370941453	0.00444635699252	-0.00229903555839	0.0021536272762	-4.32941477638e-05	-0.000431628416095	-3.88201680344e-05	-0.000154213180475	0.000187123396749	1.80171650522e-05	5.80005947163e-05	4.52262056283e-05	-4.29469251663e-05	-1.90326531544e-05	-3.7238302879e-07	-1.07803359152e-05	-1.03078379654e-06	-4.29010923276e-09	1.0167032269e-08	-1.45133757369e-07	-3.09395500155e-09	-9.77160913744e-10	-6.64032001992e-10	-3.42705051507e-10	5.23626793426e-10	-2.78982888536e-10
Even3;k__Bacteria;p__Cyanobacteria;Other;Other;Other;Other	-0.0701000071628	-0.0501064750994	-0.00787087354971	-0.0315670967352	0.0143618655223	-0.0069737630446	0.00265944209619	0.00429765722274	-0.00286981924889	-0.00430074616364	-0.000447731460595	0.000922119635356	0.00264799157431	-0.00064371879378	0.0020483247989	-0.00157165765482	0.000875412455711	0.00126970484024	0.000887448017166	0.000476155550745	-0.000102069258927	-8.37796465155e-05	-0.000123690298968	-3.07205849547e-05	-7.85279464326e-06	-9.77160913717e-10	-6.64032001972e-10	-3.42705051492e-10	5.2362679343e-10	-2.78982888523e-10
Even3;k__Bacteria;p__Bacteroidetes;c__Bacteroidia;o__Bacteroidales;f__Marinilabiaceae;g__	-0.117029675152	0.149323905076	0.0364113066535	0.0109952308718	-0.0075443802762	0.00385295795162	-0.00205963954689	0.00184814821754	2.02768941772e-05	-0.000359203607712	-0.000101169263721	-0.000203721916809	0.000137501161346	1.49087320495e-05	7.21679144022e-05	5.62666992847e-05	-5.96782539881e-05	-2.36896810916e-05	-8.6539510015e-08	-1.87359613116e-05	-1.8375851561e-06	3.7353872675e-08	-2.1734047002e-08	-2.51830758434e-07	-3.96684429116e-09	-9.77160913744e-10	-6.64032001992e-10	-3.42705051507e-10	5.23626793426e-10	-2.78982888536e-10
Even4;k__Bacteria;p__Firmicutes;c__Erysipelotrichi;o__Erysipelotrichales;f__Erysipelotrichaceae;g__cc_115	-0.0799865765423	-0.0465142796342	-0.00279777490024	-0.0337827536757	0.0104670972907	-0.00597558697559	0.00679825050389	-0.00123710493077	-0.00560894380639	-0.000839895790847	0.000614458459756	0.00129301670548	0.000491137573433	6.92955077318e-05	0.00105491890837	-0.000814502484481	3.61081128549e-05	0.000788698663686	0.000300650635975	0.000369831953911	2.5343793856e-05	5.00283614486e-06	-2.29884458051e-06	3.30622638693e-06	1.78582692041e-07	-9.77160913746e-10	-6.64032001992e-10	-3.42705051506e-10	5.23626793427e-10	-2.78982888535e-10
Even4;k__Bacteria;p__Proteobacteria;c__Deltaproteobacteria;o__Desulfobacterales;f__Desulfobacteraceae;g__	-0.113791345938	0.113820772561	0.0311649005071	0.00135017854092	-0.00546460891548	0.00223229311897	0.00114428444204	-0.000596949994238	-0.00207247808997	0.000843584092563	0.000185102332662	3.90937674145e-05	-0.000129229850152	7.31687281544e-05	-4.67842057451e-05	0.000134843578432	-0.000206929323934	-0.000105525906576	-7.2206584696e-05	-2.57138475291e-05	2.45764965599e-06	3.69727519798e-05	5.02515508305e-05	-9.45410727633e-06	1.37669706814e-06	-9.7716091377e-10	-6.64032001999e-10	-3.4270505151e-10	5.23626793431e-10	-2.78982888539e-10
Even1;k__Bacteria;p__Firmicutes;c__Clostridia;o__Clostridiales;f__Clostridiaceae;g__Alkaliphilus	-0.120230071707	0.150985678198	0.0442801443284	0.00405792502472	-0.0167046408616	0.00573205491446	-0.00281772691665	0.00281549856998	-0.000181031405302	-0.000588548834258	9.62695392869e-05	-4.69442517499e-05	0.00029463824012	2.47521032247e-05	2.73047353969e-05	2.13051360396e-05	-6.69571271933e-06	-8.94242595703e-06	-9.917106528e-07	6.4568524436e-06	7.17285815825e-07	-9.45187366995e-08	7.92860373561e-08	8.60430782714e-08	-1.20269487406e-09	-9.77160913744e-10	-6.64032001992e-10	-3.42705051507e-10	5.23626793426e-10	-2.78982888536e-10
Even1;k__Bacteria;p__Bacteroidetes;c__Bacteroidia;o__Bacteroidales;f__Bacteroidaceae;g__	-0.0990114131746	0.0207761833737	0.0169076591995	-0.0246711823448	0.000271169764814	-0.00236348168696	0.0059179813098	-0.00171930991073	-0.00526203088826	0.00128066547941	-0.000360668928839	4.55687401649e-05	0.00177693280672	-0.000734037776827	0.000617111003766	-0.00048927512778	0.000217555299387	-1.91720662886e-06	0.000185188659349	-0.000298969721714	-1.66236780837e-05	5.34072223598e-06	-4.65728384596e-06	-2.18240844476e-06	8.83065772282e-08	-9.77160913747e-10	-6.64032001993e-10	-3.42705051507e-10	5.23626793429e-10	-2.78982888536e-10
Even1;k__Bacteria;p__Bacteroidetes;c__Bacteroidia;o__Bacteroidales;f__Porphyromonadaceae;g__Paludibacter	-0.110285332171	0.0959658895557	0.0277270957294	-0.00304103318574	-0.00362413573911	0.00118916912688	0.00186527960206	-0.000596431247112	-0.00255022135342	0.000742157468866	7.0143405417e-06	2.20909036263e-06	0.000375802174224	-0.000130387834392	0.000125299669374	5.5664839165e-06	-4.93676647278e-05	-7.55974469478e-05	5.48272173187e-05	-2.59258135958e-05	-6.42181613389e-05	-6.6564266353e-06	2.66896861521e-07	-9.97660293658e-06	-5.40021076868e-07	-9.77160913748e-10	-6.64032001993e-10	-3.42705051507e-10	5.23626793431e-10	-2.78982888535e-10
Even3;k__Bacteria;p__Firmicutes;c__Clostridia;o__Clostridiales;f__Peptostreptococcaceae;Other	-0.0778395187399	-0.0476794954612	-0.00312223763671	-0.0348822945336	0.0120781880699	-0.00679147895377	0.00585194211428	0.00086162625489	-0.00498974930339	-0.00151770178325	-0.000596445200587	0.000478305222855	0.00276436518461	-0.000887974859395	0.00161600359475	-0.00124383441882	0.000679142407231	0.000702092618835	0.000683050677397	2.59827256203e-05	-0.000122383647526	-0.000257973515121	-0.000339609237539	4.46853382264e-05	-1.03931476684e-05	-9.77160913584e-10	-6.6403200195e-10	-3.42705051483e-10	5.23626793408e-10	-2.78982888514e-10
Even3;k__Bacteria;p__Actinobacteria;c__Coriobacteriia;o__Coriobacteriales;f__Coriobacteriaceae;Other	0.0652292734266	-0.0499523242499	-0.052662093055	0.0262141245062	-0.0115295411214	0.00370680355319	0.000224012013143	-0.0016855770683	-0.0018790600053	-0.00659193564932	0.0069249118256	0.00193717574638	0.0040502764479	0.00104510869875	-0.00136508798222	0.000927419575071	-0.000588858080153	-0.00109502342447	-0.000130294210529	-0.000596300600728	-2.11772267326e-05	2.53967581101e-06	-2.05679120039e-07	-1.53973843067e-06	2.27358346989e-07	-9.77160913748e-10	-6.64032001994e-10	-3.42705051506e-10	5.2362679343e-10	-2.78982888536e-10
Even3;k__Bacteria;p__Actinobacteria;c__Actinobacteria;o__Actinomycetales;f__Kineosporiaceae;g__Kineosporia	-0.099549712143	-0.0400794494145	0.0082879024013	-0.040388776692	0.00362756655922	-0.00480011999567	0.0148989084707	-0.0111209131239	-0.0111423648431	0.0060026987096	0.00142556863613	0.0010657318818	-0.00126476080629	0.000361969891417	-0.000533781876854	0.000477352451179	-0.000834962448869	-0.00046793817074	-0.000329648332251	-6.91172550618e-05	-8.9369820325e-06	-1.35451863121e-05	2.10426535601e-07	-4.24755961892e-06	-8.60297512326e-07	-9.77160913745e-10	-6.6403200199e-10	-3.42705051505e-10	5.23626793428e-10	-2.78982888534e-10
Even3;k__Bacteria;p__Proteobacteria;c__Gammaproteobacteria;o__Enterobacteriales;f__Enterobacteriaceae;g__Brenneria	-0.099549712143	-0.0400794494145	0.0082879024013	-0.040388776692	0.00362756655922	-0.00480011999567	0.0148989084707	-0.0111209131239	-0.0111423648431	0.0060026987096	0.00142556863613	0.0010657318818	-0.00126476080629	0.000361969891417	-0.000533781876854	0.000477352451179	-0.000834962448869	-0.00046793817074	-0.000329648332251	-6.91172550618e-05	-8.9369820325e-06	-1.35451863121e-05	2.10426535601e-07	-4.24755961892e-06	-8.60297512326e-07	-9.77160913745e-10	-6.6403200199e-10	-3.42705051505e-10	5.23626793428e-10	-2.78982888534e-10
Even3;k__Bacteria;p__Firmicutes;c__Bacilli;o__Bacillales;f__Sporolactobacillaceae;g__Sporolactobacillus	-0.0635033556693	-0.0501214299892	-0.0173158466915	-0.0245832717626	0.0070852549829	-0.0024643408945	0.00241384434506	-0.000351626143825	-0.000905552512062	-0.000562694635629	-0.00196293103047	0.00134508613393	-0.000188714412311	0.000833649257548	-0.000143071012277	9.2091629955e-05	0.00128522831012	-5.20393522703e-06	3.18709963527e-06	0.00017318322157	1.75386418238e-05	8.24287924257e-07	3.66135829065e-07	2.76451691901e-06	1.26428487585e-07	-9.77160913745e-10	-6.64032001992e-10	-3.42705051506e-10	5.23626793427e-10	-2.78982888535e-10
Even3;k__Bacteria;p__Bacteroidetes;c__Bacteroidia;o__Bacteroidales;f__Porphyromonadaceae;g__Tannerella	-0.120230071707	0.150985678198	0.0442801443284	0.00405792502472	-0.0167046408616	0.00573205491446	-0.00281772691665	0.00281549856998	-0.000181031405302	-0.000588548834258	9.62695392869e-05	-4.69442517499e-05	0.00029463824012	2.47521032247e-05	2.73047353969e-05	2.13051360396e-05	-6.69571271933e-06	-8.94242595703e-06	-9.917106528e-07	6.4568524436e-06	7.17285815825e-07	-9.45187366995e-08	7.92860373561e-08	8.60430782714e-08	-1.20269487406e-09	-9.77160913744e-10	-6.64032001992e-10	-3.42705051507e-10	5.23626793426e-10	-2.78982888536e-10
Even4;k__Bacteria;p__Proteobacteria;c__Alphaproteobacteria;o__Rickettsiales;f__;g__	-0.120235734834	0.150971658813	0.0442836374759	0.00404947184588	-0.0166417015868	0.00570863939171	-0.00288627258642	0.00282232336944	-0.000185087908731	-0.000599847443716	8.71162990613e-05	-3.619137687e-05	0.000320476553243	1.30053462421e-05	4.00650244927e-05	3.70453181714e-05	1.92831742238e-05	1.85278594829e-06	0.000189094450255	-9.54916754421e-05	4.78468104774e-05	-0.000184631594818	0.000128075279731	-4.9710134062e-07	-4.10054948849e-06	-9.77160913712e-10	-6.64032001972e-10	-3.42705051496e-10	5.23626793413e-10	-2.78982888523e-10
Even1;k__Bacteria;p__Proteobacteria;c__Alphaproteobacteria;o__Rhizobiales;Other;Other	-0.066662301351	-0.0521466302428	-0.0064122368242	-0.0365378175014	0.0197119501818	-0.00978409083881	0.00136466559164	0.0108414043694	-0.000647599792585	-0.00473684552236	-0.00497628753554	-0.00213719712831	0.0101315565016	-0.00413980176543	0.00415487366621	-0.00383612117794	0.0020908854959	0.00106236060908	0.000681658140733	-0.00248700090508	0.000980273336869	0.000168651336114	-4.72400988441e-05	0.000156405247761	1.04671776875e-05	-9.77160913707e-10	-6.64032001991e-10	-3.42705051513e-10	5.23626793371e-10	-2.78982888548e-10
Even3;k__Bacteria;p__Proteobacteria;c__Gammaproteobacteria;o__Pasteurellales;f__Pasteurellaceae;Other	-0.0719538151687	-0.0491584846329	-0.00729224006596	-0.0308602014687	0.011209642924	-0.00553867035079	0.00523409417777	0.00237113072393	-0.00204521042776	-0.00254855894724	7.07230508696e-05	0.000763629840585	0.000276805222923	-0.000169065044279	0.000158927098481	-0.000892523172187	0.000904325889111	-4.43120938606e-05	6.64743572553e-05	-0.000134985351873	0.000251643889611	-8.0973068302e-07	-6.87150101834e-05	-8.86110710289e-05	-1.4300248448e-05	-9.77160913787e-10	-6.64032001958e-10	-3.4270505148e-10	5.23626793424e-10	-2.78982888513e-10
Even4;k__Bacteria;p__Proteobacteria;c__Gammaproteobacteria;o__Enterobacteriales;f__Enterobacteriaceae;g__Photorhabdus	-0.0835932225563	-0.0455775443789	-0.000218121385122	-0.0360340318274	0.00973508777097	-0.00616229969505	0.00829292975495	-0.00241550888233	-0.00654905244497	0.000469462106477	9.86313357596e-05	0.00077822036147	0.0013598272234	-0.000437588017091	0.000993674006759	-0.000784529388142	0.000161924981106	0.000451368694836	0.000291062725278	1.77541127526e-05	3.64181361765e-06	6.31233896377e-06	-4.32458352642e-06	4.67857561267e-07	1.59073486857e-07	-9.77160913747e-10	-6.64032001993e-10	-3.42705051506e-10	5.23626793428e-10	-2.78982888536e-10
Even4;k__Bacteria;p__Bacteroidetes;c__Bacteroidia;o__Bacteroidales;f__Rikenellaceae;g__PW3	-0.0837705067702	-0.0457787721469	0.00087643190957	-0.0362043947106	0.0100861480655	-0.00649969775528	0.00869790495906	-0.00258442782353	-0.00690682304592	-9.77547434767e-05	-0.000974817606379	-0.000438166746722	0.00280637721027	-0.000825318530612	0.000290837876262	-0.000716556624136	-5.98312907576e-05	0.000393012223937	6.2532036217e-05	0.000390722198133	2.0237031515e-05	-2.10695436597e-06	-2.15547555632e-07	1.68452716516e-06	-1.64151715543e-07	-9.77160913745e-10	-6.64032001991e-10	-3.42705051505e-10	5.23626793427e-10	-2.78982888535e-10
Even4;k__Bacteria;p__Firmicutes;c__Clostridia;o__Clostridiales;f__Clostridiaceae;g__Caloramator	-0.114286478104	0.147899528115	0.0296665886464	0.0169414930264	0.00030727165417	0.00224230341204	-0.0014098503728	0.00101899077259	0.00019282686516	-0.000162621984959	-0.000270402523443	-0.000338102772574	2.81223668316e-06	6.47155675649e-06	0.000110622067835	8.62337534948e-05	-0.00010509186079	-3.63301854927e-05	6.89321469515e-07	-4.03298016732e-05	-4.02747456061e-06	1.50387537853e-07	-1.08322690738e-07	-5.41436904182e-07	-6.3361152201e-09	-9.77160913745e-10	-6.64032001992e-10	-3.42705051507e-10	5.23626793427e-10	-2.78982888536e-10
Even1;k__Bacteria;p__Firmicutes;c__Bacilli;o__Lactobacillales;f__Carnobacteriaceae;g__Granulicatella	-0.120235734834	0.150971658813	0.0442836374759	0.00404947184588	-0.0166417015868	0.00570863939171	-0.00288627258642	0.00282232336944	-0.000185087908731	-0.000599847443716	8.71162990613e-05	-3.619137687e-05	0.000320476553243	1.30053462421e-05	4.00650244927e-05	3.70453181714e-05	1.92831742238e-05	1.85278594829e-06	0.000189094450255	-9.54916754421e-05	4.78468104774e-05	-0.000184631594818	0.000128075279731	-4.9710134062e-07	-4.10054948849e-06	-9.77160913712e-10	-6.64032001972e-10	-3.42705051496e-10	5.23626793413e-10	-2.78982888523e-10
Even1;k__Bacteria;p__Firmicutes;c__Erysipelotrichi;o__Erysipelotrichales;f__Erysipelotrichaceae;g__RFN20	-0.120235734834	0.150971658813	0.0442836374759	0.00404947184588	-0.0166417015868	0.00570863939171	-0.00288627258642	0.00282232336944	-0.000185087908731	-0.000599847443716	8.71162990613e-05	-3.619137687e-05	0.000320476553243	1.30053462421e-05	4.00650244927e-05	3.70453181714e-05	1.92831742238e-05	1.85278594829e-06	0.000189094450255	-9.54916754421e-05	4.78468104774e-05	-0.000184631594818	0.000128075279731	-4.9710134062e-07	-4.10054948849e-06	-9.77160913712e-10	-6.64032001972e-10	-3.42705051496e-10	5.23626793413e-10	-2.78982888523e-10
Even1;k__Bacteria;p__Bacteroidetes;c__Bacteroidia;o__Bacteroidales;f__[Paraprevotellaceae];g__	-0.0920206177028	-0.0425513207728	0.00380763309678	-0.038277059743	0.00631391498727	-0.00527835142727	0.0116271299748	-0.00697956230531	-0.00883185944352	0.00368522282479	0.00130727406895	0.00149920715613	-0.000715009719642	0.000169783773757	0.000507021063063	-0.000143246363707	-0.000266262054678	-1.16952803858e-05	6.66644828243e-05	-0.000202629056593	-1.08113124145e-05	-3.49337629493e-07	-3.82346161304e-06	-2.61481074998e-06	-2.33752618254e-07	-9.77160913747e-10	-6.64032001992e-10	-3.42705051506e-10	5.23626793429e-10	-2.78982888535e-10
Even1;k__Bacteria;p__Bacteroidetes;c__Bacteroidia;o__Bacteroidales;f__Rikenellaceae;Other	-0.0300686868954	-0.0551013543545	-0.047456607793	-0.00499222283884	0.000532439235641	0.00413884254348	-0.00756673410797	-0.00080552764909	0.00558274885618	-0.000479426052583	-0.00343544556521	0.00369090261241	-0.00257074250499	0.00392875939703	0.00209534763157	0.000816087738121	0.00113242093753	0.00315176649827	-0.000574674985939	0.000488570850276	1.57898703461e-05	-1.40676605973e-05	8.4498926932e-06	8.12590893505e-07	-5.65516684726e-07	-9.77160913743e-10	-6.64032001989e-10	-3.42705051504e-10	5.23626793426e-10	-2.78982888534e-10
Even1;k__Bacteria;p__Bacteroidetes;c__Bacteroidia;o__Bacteroidales;f__Rikenellaceae;g__PW3	-0.0837705067702	-0.0457787721469	0.00087643190957	-0.0362043947106	0.0100861480655	-0.00649969775528	0.00869790495906	-0.00258442782353	-0.00690682304592	-9.77547434767e-05	-0.000974817606379	-0.000438166746722	0.00280637721027	-0.000825318530612	0.000290837876262	-0.000716556624136	-5.98312907576e-05	0.000393012223937	6.2532036217e-05	0.000390722198133	2.0237031515e-05	-2.10695436597e-06	-2.15547555632e-07	1.68452716516e-06	-1.64151715543e-07	-9.77160913745e-10	-6.64032001991e-10	-3.42705051505e-10	5.23626793427e-10	-2.78982888535e-10
Even4;k__Bacteria;p__Bacteroidetes;c__Sphingobacteriia;o__Sphingobacteriales;f__Sphingobacteriaceae;g__Parapedobacter	-0.0884020839084	-0.0443285640384	0.00322141663503	-0.0390357360296	0.00875907507805	-0.00641124998767	0.010285835423	-0.00398671415109	-0.00780253062975	0.00221527263624	-0.000589138162902	9.18252361224e-05	0.00251808009002	-0.00111343271685	0.000912014137951	-0.000744565259691	0.000329680805441	1.59540303523e-06	0.00027827884435	-0.000451683008792	-2.52941600335e-05	8.05834272233e-06	-7.02556878762e-06	-3.31663420628e-06	1.33061213279e-07	-9.77160913749e-10	-6.64032001994e-10	-3.42705051507e-10	5.23626793431e-10	-2.78982888536e-10
Even4;k__Bacteria;p__Firmicutes;c__Bacilli;o__Bacillales;f__Sporolactobacillaceae;g__Sporolactobacillus	-0.0635033556693	-0.0501214299892	-0.0173158466915	-0.0245832717626	0.0070852549829	-0.0024643408945	0.00241384434506	-0.000351626143825	-0.000905552512062	-0.000562694635629	-0.00196293103047	0.00134508613393	-0.000188714412311	0.000833649257548	-0.000143071012277	9.2091629955e-05	0.00128522831012	-5.20393522703e-06	3.18709963527e-06	0.00017318322157	1.75386418238e-05	8.24287924257e-07	3.66135829065e-07	2.76451691901e-06	1.26428487585e-07	-9.77160913745e-10	-6.64032001992e-10	-3.42705051506e-10	5.23626793427e-10	-2.78982888535e-10
Even4;k__Bacteria;p__Proteobacteria;c__Gammaproteobacteria;o__;f__;g__	-0.120230071707	0.150985678198	0.0442801443284	0.00405792502472	-0.0167046408616	0.00573205491446	-0.00281772691665	0.00281549856998	-0.000181031405302	-0.000588548834258	9.62695392869e-05	-4.69442517499e-05	0.00029463824012	2.47521032247e-05	2.73047353969e-05	2.13051360396e-05	-6.69571271933e-06	-8.94242595703e-06	-9.917106528e-07	6.4568524436e-06	7.17285815825e-07	-9.45187366995e-08	7.92860373561e-08	8.60430782714e-08	-1.20269487406e-09	-9.77160913744e-10	-6.64032001992e-10	-3.42705051507e-10	5.23626793426e-10	-2.78982888536e-10
Even4;k__Bacteria;p__Proteobacteria;c__Gammaproteobacteria;o__Oceanospirillales;f__Oceanospirillaceae;g__Oceanospirillum	-0.120230071707	0.150985678198	0.0442801443284	0.00405792502472	-0.0167046408616	0.00573205491446	-0.00281772691665	0.00281549856998	-0.000181031405302	-0.000588548834258	9.62695392869e-05	-4.69442517499e-05	0.00029463824012	2.47521032247e-05	2.73047353969e-05	2.13051360396e-05	-6.69571271933e-06	-8.94242595703e-06	-9.917106528e-07	6.4568524436e-06	7.17285815825e-07	-9.45187366995e-08	7.92860373561e-08	8.60430782714e-08	-1.20269487406e-09	-9.77160913744e-10	-6.64032001992e-10	-3.42705051507e-10	5.23626793426e-10	-2.78982888536e-10
Even4;k__Bacteria;p__Firmicutes;c__Clostridia;o__Clostridiales;f__Christensenellaceae;g__	-0.120230071707	0.150985678198	0.0442801443284	0.00405792502472	-0.0167046408616	0.00573205491446	-0.00281772691665	0.00281549856998	-0.000181031405302	-0.000588548834258	9.62695392869e-05	-4.69442517499e-05	0.00029463824012	2.47521032247e-05	2.73047353969e-05	2.13051360396e-05	-6.69571271933e-06	-8.94242595703e-06	-9.917106528e-07	6.4568524436e-06	7.17285815825e-07	-9.45187366995e-08	7.92860373561e-08	8.60430782714e-08	-1.20269487406e-09	-9.77160913744e-10	-6.64032001992e-10	-3.42705051507e-10	5.23626793426e-10	-2.78982888536e-10
Even4;k__Bacteria;p__Firmicutes;c__Clostridia;o__Clostridiales;f__Peptostreptococcaceae;Other	-0.0767623449708	-0.0462144714023	-0.00647930575128	-0.0323534207796	0.00564204316552	-0.00344426359937	0.00990689817869	-0.00187645748867	-0.000940396482615	0.00302684631185	0.00219461632994	-0.000171384519396	-0.000785109206814	3.68577063497e-05	0.000302535336545	0.000955122498437	-0.00126696159593	0.00082193007124	0.000231283956003	0.000314898770292	-0.000127482853375	-0.000381222873122	-0.000468040360668	6.56528105245e-05	-1.53906971862e-05	-9.77160913513e-10	-6.64032001928e-10	-3.42705051471e-10	5.23626793395e-10	-2.78982888504e-10
Even4;k__Bacteria;p__Proteobacteria;c__Alphaproteobacteria;Other;Other;Other	-0.0825251057165	-0.0465478946827	0.000471177407032	-0.0382886939468	0.0114409696128	-0.00723073328871	0.00777254769539	-0.000319528823562	-0.00615168323715	0.000237971930515	-0.00159705089937	-0.000431579362461	0.00443676065097	-0.00180085860185	0.00165754929063	-0.00133987769627	0.000947891701411	0.000219544771782	0.000657172565852	-0.000677996241053	9.2906427865e-05	-9.93778065724e-05	-0.00020438209752	-7.53823298385e-05	-1.74028308431e-05	-9.77160913725e-10	-6.64032001946e-10	-3.42705051475e-10	5.23626793422e-10	-2.78982888507e-10
Even4;k__Bacteria;p__Proteobacteria;c__Alphaproteobacteria;o__Rhizobiales;f__Phyllobacteriaceae;g__Mesorhizobium	-0.099549712143	-0.0400794494145	0.0082879024013	-0.040388776692	0.00362756655922	-0.00480011999567	0.0148989084707	-0.0111209131239	-0.0111423648431	0.0060026987096	0.00142556863613	0.0010657318818	-0.00126476080629	0.000361969891417	-0.000533781876854	0.000477352451179	-0.000834962448869	-0.00046793817074	-0.000329648332251	-6.91172550618e-05	-8.9369820325e-06	-1.35451863121e-05	2.10426535601e-07	-4.24755961892e-06	-8.60297512326e-07	-9.77160913745e-10	-6.6403200199e-10	-3.42705051504e-10	5.23626793428e-10	-2.78982888533e-10
Even3;k__Bacteria;p__Proteobacteria;c__Alphaproteobacteria;Other;Other;Other	-0.0720318756573	-0.0505221583163	-0.00455025096649	-0.0352063433574	0.0152379334044	-0.00820944821489	0.00369770724565	0.00482655863634	-0.00361464543844	-0.00410592058823	-0.00296892909003	-0.00129372800247	0.00693634128783	-0.00247275158067	0.00188925912715	-0.00178563737062	0.0015892066074	0.000766172244983	0.0011803527187	0.000327406218418	-0.0004133457315	-8.05657890346e-05	-8.44337655931e-05	-0.000100788564673	-1.07188037883e-05	-9.77160913762e-10	-6.64032001979e-10	-3.42705051493e-10	5.23626793455e-10	-2.78982888521e-10
Even1;k__Bacteria;p__Proteobacteria;c__Gammaproteobacteria;o__Enterobacteriales;f__Enterobacteriaceae;g__Photorhabdus	-0.0849810586355	-0.0449675896134	0.000335167198388	-0.0360273041288	0.00907376882646	-0.00590686666355	0.00887279257736	-0.0033491605825	-0.00692989304738	0.000965752537632	0.000433973437463	0.000959220310979	0.000692431835683	-0.000164427549069	0.000804545955825	-0.000649440865314	-7.38537997487e-05	0.000423092095047	0.000136020761502	1.50142850746e-05	8.82519815066e-05	1.18840984634e-05	-4.98378071891e-06	1.2758832337e-05	6.50357628809e-07	-9.77160913742e-10	-6.64032001991e-10	-3.42705051506e-10	5.23626793423e-10	-2.78982888536e-10
Even1;k__Bacteria;p__Bacteroidetes;c__Bacteroidia;o__Bacteroidales;f__Marinilabiaceae;g__	-0.117029675152	0.149323905076	0.0364113066535	0.0109952308718	-0.00754438027619	0.00385295795162	-0.00205963954689	0.00184814821754	2.02768941775e-05	-0.000359203607712	-0.000101169263722	-0.000203721916809	0.000137501161346	1.49087320495e-05	7.21679144022e-05	5.62666992847e-05	-5.96782539881e-05	-2.36896810917e-05	-8.65395100139e-08	-1.87359613116e-05	-1.8375851561e-06	3.73538726752e-08	-2.17340470022e-08	-2.51830758434e-07	-3.96684429116e-09	-9.77160913744e-10	-6.64032001992e-10	-3.42705051507e-10	5.23626793426e-10	-2.78982888536e-10
Even1;k__Bacteria;p__Firmicutes;c__Bacilli;o__Bacillales;f__Sporolactobacillaceae;g__Sporolactobacillus	-0.0635033556693	-0.0501214299892	-0.0173158466915	-0.0245832717626	0.0070852549829	-0.0024643408945	0.00241384434506	-0.000351626143825	-0.000905552512062	-0.000562694635629	-0.00196293103047	0.00134508613393	-0.000188714412311	0.000833649257548	-0.000143071012277	9.2091629955e-05	0.00128522831012	-5.20393522703e-06	3.18709963527e-06	0.00017318322157	1.75386418238e-05	8.24287924257e-07	3.66135829065e-07	2.76451691901e-06	1.26428487585e-07	-9.77160913745e-10	-6.64032001992e-10	-3.42705051506e-10	5.23626793427e-10	-2.78982888535e-10
Even1;k__Bacteria;p__Firmicutes;c__Bacilli;o__Bacillales;Other;Other	0.118059879019	-0.0227561537047	-0.0262568627228	0.00274290902019	-0.00689164132405	0.000550181415478	0.00149986223546	-0.00192589492506	-0.00132187511764	0.00142507860311	0.00239345220536	-0.000937359099848	2.12549342618e-05	-0.000738732896937	-1.44123788573e-05	-5.33095402582e-05	-0.00133032098113	-6.02015174838e-05	-3.33476967422e-05	-0.000165587311798	2.6235769554e-05	-4.2615596726e-05	-6.47803972852e-05	-2.72163345635e-05	-6.27341047274e-06	-9.77160913738e-10	-6.64032001976e-10	-3.42705051494e-10	5.23626793426e-10	-2.78982888525e-10
Even1;k__Bacteria;p__Proteobacteria;c__Gammaproteobacteria;o__Pasteurellales;f__Pasteurellaceae;Other	-0.0742046370252	-0.048420160873	-0.00603058410741	-0.031644810037	0.0105965584242	-0.00547938087959	0.00600283994841	0.00126229006998	-0.00280934274494	-0.00185057534448	0.000183451390874	0.000783045381418	0.000152352234663	-0.000117138954959	0.00010163168658	-0.000773653663065	0.000768834572677	-8.32729178811e-05	4.46712321343e-05	-0.00013788165379	0.000279557038242	1.13591759329e-05	-6.05777277893e-05	-0.000117028601	-1.71361417928e-05	-9.77160913808e-10	-6.64032001953e-10	-3.42705051476e-10	5.23626793426e-10	-2.78982888509e-10
Even1;k__Bacteria;p__Bacteroidetes;c__Bacteroidia;o__Bacteroidales;f__[Paraprevotellaceae];g__Paraprevotella	-0.0884020839084	-0.0443285640384	0.00322141663503	-0.0390357360296	0.00875907507805	-0.00641124998767	0.010285835423	-0.00398671415109	-0.00780253062975	0.00221527263624	-0.000589138162902	9.18252361224e-05	0.00251808009002	-0.00111343271685	0.000912014137951	-0.000744565259691	0.000329680805441	1.59540303523e-06	0.00027827884435	-0.000451683008792	-2.52941600335e-05	8.05834272233e-06	-7.02556878762e-06	-3.31663420628e-06	1.33061213279e-07	-9.77160913749e-10	-6.64032001994e-10	-3.42705051507e-10	5.23626793431e-10	-2.78982888536e-10
Even1;k__Bacteria;p__Bacteroidetes;c__Bacteroidia;o__Bacteroidales;f__Rikenellaceae;g__AF12	-0.0884020839084	-0.0443285640384	0.00322141663503	-0.0390357360296	0.00875907507805	-0.00641124998767	0.010285835423	-0.00398671415109	-0.00780253062975	0.00221527263624	-0.000589138162902	9.18252361224e-05	0.00251808009002	-0.00111343271685	0.000912014137951	-0.000744565259691	0.000329680805441	1.59540303523e-06	0.00027827884435	-0.000451683008792	-2.52941600335e-05	8.05834272233e-06	-7.02556878762e-06	-3.31663420628e-06	1.33061213279e-07	-9.77160913749e-10	-6.64032001994e-10	-3.42705051507e-10	5.23626793431e-10	-2.78982888536e-10
Even1;k__Bacteria;p__Proteobacteria;c__Gammaproteobacteria;o__Enterobacteriales;f__Enterobacteriaceae;g__Plesiomonas	-0.0997585860102	-0.0400261350048	0.00843047387292	-0.0404450482262	0.00354773364767	-0.00479058782253	0.0150279550607	-0.0111923755786	-0.0111410830213	0.00605566412709	0.00142561258366	0.00109129506572	-0.00128506423331	0.000325628711275	-0.00056224339305	0.000475343388073	-0.0008450172937	-0.000460149550341	-0.000384726780502	-5.59513544718e-05	2.10703338417e-05	0.000197026143778	0.000268102451966	-4.93306388539e-05	7.359574022e-06	-9.7716091388e-10	-6.64032002026e-10	-3.42705051524e-10	5.2362679345e-10	-2.78982888551e-10
Even1;k__Bacteria;p__Firmicutes;c__Clostridia;o__Clostridiales;f__Christensenellaceae;g__	-0.120230071707	0.150985678198	0.0442801443284	0.00405792502472	-0.0167046408616	0.00573205491446	-0.00281772691665	0.00281549856998	-0.000181031405302	-0.000588548834258	9.62695392869e-05	-4.69442517499e-05	0.00029463824012	2.47521032247e-05	2.73047353969e-05	2.13051360396e-05	-6.69571271933e-06	-8.94242595703e-06	-9.91710652799e-07	6.4568524436e-06	7.17285815825e-07	-9.45187366995e-08	7.92860373562e-08	8.60430782714e-08	-1.20269487406e-09	-9.77160913744e-10	-6.64032001992e-10	-3.42705051507e-10	5.23626793426e-10	-2.78982888536e-10
Even3;k__Bacteria;p__Proteobacteria;c__Gammaproteobacteria;o__Alteromonadales;f__Moritellaceae;g__	-0.100156040292	-0.0398899027499	0.00872189509103	-0.0405298201954	0.00339528600858	-0.0047722833856	0.0153124108783	-0.0113210848062	-0.011104225415	0.0061698740477	0.00142668731003	0.00113863443329	-0.00131928103188	0.000261419053137	-0.000579056167412	0.000446059613471	-0.000906740986499	-0.000434303334459	-0.000479508598654	9.43455729325e-07	-0.00026169533583	0.000222930641312	0.000387687488676	0.000140814757058	3.5204845326e-05	-9.77160913798e-10	-6.64032002088e-10	-3.42705051572e-10	5.23626793447e-10	-2.78982888594e-10
Even3;k__Bacteria;p__Firmicutes;c__Erysipelotrichi;o__Erysipelotrichales;f__Erysipelotrichaceae;g__Allobaculum	-0.109828782902	0.145584915553	0.0187064218848	0.0266041690277	0.013066206041	-0.000375010214776	-0.000353942964919	-0.000328390075461	0.000473220568006	0.000156823152014	-0.00054540657049	-0.000556471663192	-0.000216057265895	-7.2388530947e-06	0.000173110067164	0.000134930216586	-0.000178888971843	-5.68710051445e-05	1.95009556125e-06	-7.54197922608e-05	-7.58604484293e-06	3.34067243768e-07	-2.49029236808e-07	-1.01204689102e-06	-1.01861804796e-08	-9.77160913745e-10	-6.64032001992e-10	-3.42705051507e-10	5.23626793427e-10	-2.78982888536e-10
Even4;k__Bacteria;p__Bacteroidetes;c__Bacteroidia;o__Bacteroidales;f__Prevotellaceae;g__	-0.0929722299846	-0.0424928855801	0.0053478745562	-0.0396185848539	0.00684444328374	-0.00579691416429	0.0121920598949	-0.00672844962528	-0.00904341183298	0.00385478986321	0.000145197401794	0.000425146079777	0.00101450265528	-0.000538384439952	0.000403949231759	-0.000385342274645	-0.000249792859915	-0.000161878414776	-0.000127387037654	-0.000552693985066	0.000188905081748	2.28941181731e-05	-9.27967854034e-06	2.78830018571e-05	1.40519752764e-06	-9.77160913737e-10	-6.6403200199e-10	-3.42705051506e-10	5.23626793417e-10	-2.78982888536e-10
Even4;k__Bacteria;p__;c__;o__;f__;g__	-0.120235734834	0.150971658813	0.0442836374759	0.00404947184588	-0.0166417015868	0.00570863939171	-0.00288627258642	0.00282232336944	-0.000185087908731	-0.000599847443716	8.71162990613e-05	-3.619137687e-05	0.000320476553243	1.30053462421e-05	4.00650244927e-05	3.70453181714e-05	1.92831742238e-05	1.85278594829e-06	0.000189094450255	-9.54916754421e-05	4.78468104774e-05	-0.000184631594818	0.000128075279731	-4.9710134062e-07	-4.10054948849e-06	-9.77160913712e-10	-6.64032001972e-10	-3.42705051496e-10	5.23626793413e-10	-2.78982888523e-10
Even4;k__Bacteria;p__Firmicutes;c__Bacilli;o__Bacillales;f__Bacillaceae;g__Terribacillus	-0.0999175677229	-0.0399716421029	0.00854704236016	-0.0404789570139	0.00348675459203	-0.00478326604776	0.0151417373877	-0.0112438592696	-0.0111263399788	0.00610134809533	0.00142604247421	0.00111023081275	-0.00129875095274	0.00029994484802	-0.000568968502795	0.000463629878232	-0.00086970677082	-0.000449811063988	-0.000422639507763	-3.31934303913e-05	-9.20359340272e-05	0.000207387942791	0.00031593646665	2.67275195109e-05	1.84976825436e-05	-9.77160913847e-10	-6.64032002051e-10	-3.42705051543e-10	5.23626793449e-10	-2.78982888568e-10
Even4;k__Bacteria;p__Chrysiogenetes;c__Chrysiogenetes;o__Chrysiogenales;f__Chrysiogenaceae;g__Desulfurispirillum	-0.0996709777728	-0.0400415400816	0.00837470093925	-0.0404169853927	0.00358111044909	-0.00479455267365	0.0149816089523	-0.0111609474604	-0.0111347369575	0.00603613377722	0.00142579237091	0.0010803123921	-0.00127566485141	0.000341859723761	-0.000542836734966	0.000471093883638	-0.000849318156395	-0.000461211203484	-0.000359620385532	-5.51051129037e-05	-5.94886527919e-05	3.37499792125e-05	7.77058389634e-05	2.47649037164e-05	6.35273105531e-06	-9.77160913755e-10	-6.64032002009e-10	-3.42705051518e-10	5.23626793432e-10	-2.78982888546e-10
Even1;k__Bacteria;p__Firmicutes;c__Clostridia;o__Clostridiales;f__[Acidaminobacteraceae];g__WH1-8	-0.0916679287574	-0.0268678389258	-0.000412363625823	-0.0274493588638	0.0155293799624	-0.00696957702231	0.0117234552581	-0.00700405020587	-0.00799983107653	0.00372189434026	-9.25873528986e-05	0.000196946081841	0.000763352978991	-0.00049882328378	0.000422728943641	-0.000307056117111	-0.000290308849851	-0.000165403717315	-0.000114826805667	-0.000531635416094	0.000168777707333	2.09600915378e-05	-8.54825095115e-06	2.49567001611e-05	1.27407623992e-06	-9.77160913738e-10	-6.6403200199e-10	-3.42705051506e-10	5.23626793418e-10	-2.78982888536e-10
Even4;k__Bacteria;p__Proteobacteria;c__Gammaproteobacteria;o__Chromatiales;f__Halothiobacillaceae;Other	-0.066662301351	-0.0521466302428	-0.0064122368242	-0.0365378175014	0.0197119501818	-0.00978409083881	0.00136466559164	0.0108414043694	-0.000647599792585	-0.00473684552236	-0.00497628753554	-0.00213719712831	0.0101315565016	-0.00413980176543	0.00415487366621	-0.00383612117794	0.0020908854959	0.00106236060908	0.000681658140733	-0.00248700090508	0.000980273336869	0.000168651336114	-4.72400988441e-05	0.000156405247761	1.04671776875e-05	-9.77160913707e-10	-6.64032001991e-10	-3.42705051513e-10	5.23626793371e-10	-2.78982888548e-10
Even3;k__Bacteria;p__Proteobacteria;c__Gammaproteobacteria;o__Chromatiales;f__Halothiobacillaceae;Other	-0.066662301351	-0.0521466302428	-0.0064122368242	-0.0365378175014	0.0197119501818	-0.00978409083881	0.00136466559164	0.0108414043694	-0.000647599792585	-0.00473684552236	-0.00497628753554	-0.00213719712831	0.0101315565016	-0.00413980176543	0.00415487366621	-0.00383612117794	0.0020908854959	0.00106236060908	0.000681658140733	-0.00248700090508	0.000980273336869	0.000168651336114	-4.72400988441e-05	0.000156405247761	1.04671776875e-05	-9.77160913707e-10	-6.64032001991e-10	-3.42705051513e-10	5.23626793371e-10	-2.78982888548e-10
Even3;k__Bacteria;p__Bacteroidetes;c__Bacteroidia;o__Bacteroidales;f__[Paraprevotellaceae];Other	-0.059752219978	-0.0531708314962	-0.0144306684783	-0.0279802648192	0.0162620386215	-0.00644746671368	0.000350446643293	0.00989059707919	0.0026552361097	-0.00567509183459	-0.00103116890395	0.000428748791836	0.00314439742059	-0.00172291021874	0.00298157677934	-0.00242251671427	0.00215907689032	0.000528912776359	0.000530718461458	0.000269855282173	1.70537488163e-05	1.5855898604e-05	-3.34176204186e-06	4.55359877225e-06	8.26956951273e-07	-9.77160913748e-10	-6.64032001994e-10	-3.42705051507e-10	5.23626793428e-10	-2.78982888537e-10
Even3;k__Bacteria;p__Proteobacteria;c__Gammaproteobacteria;o__Enterobacteriales;f__Enterobacteriaceae;g__Arsenophonus	-0.0837705067702	-0.0457787721469	0.00087643190957	-0.0362043947106	0.0100861480655	-0.00649969775528	0.00869790495906	-0.00258442782353	-0.00690682304592	-9.77547434767e-05	-0.000974817606379	-0.000438166746722	0.00280637721027	-0.000825318530612	0.000290837876262	-0.000716556624136	-5.98312907576e-05	0.000393012223937	6.2532036217e-05	0.000390722198133	2.0237031515e-05	-2.10695436597e-06	-2.15547555632e-07	1.68452716516e-06	-1.64151715543e-07	-9.77160913745e-10	-6.64032001991e-10	-3.42705051505e-10	5.23626793427e-10	-2.78982888535e-10
Even3;k__Bacteria;p__Proteobacteria;c__Betaproteobacteria;o__Neisseriales;f__Neisseriaceae;g__Aquitalea	-0.0837705067702	-0.0457787721469	0.00087643190957	-0.0362043947106	0.0100861480655	-0.00649969775528	0.00869790495906	-0.00258442782353	-0.00690682304592	-9.77547434767e-05	-0.000974817606379	-0.000438166746722	0.00280637721027	-0.000825318530612	0.000290837876262	-0.000716556624136	-5.98312907576e-05	0.000393012223937	6.2532036217e-05	0.000390722198133	2.0237031515e-05	-2.10695436597e-06	-2.15547555632e-07	1.68452716516e-06	-1.64151715543e-07	-9.77160913745e-10	-6.64032001991e-10	-3.42705051505e-10	5.23626793427e-10	-2.78982888535e-10
Even3;k__Bacteria;p__Firmicutes;c__Bacilli;o__Bacillales;f__Bacillaceae;g__Bacillus	-0.114286478104	0.147899528115	0.0296665886464	0.0169414930264	0.00030727165417	0.00224230341204	-0.0014098503728	0.00101899077259	0.00019282686516	-0.000162621984959	-0.000270402523443	-0.000338102772574	2.81223668316e-06	6.47155675649e-06	0.000110622067835	8.62337534948e-05	-0.00010509186079	-3.63301854927e-05	6.89321469515e-07	-4.03298016732e-05	-4.02747456061e-06	1.50387537853e-07	-1.08322690738e-07	-5.41436904182e-07	-6.3361152201e-09	-9.77160913745e-10	-6.64032001992e-10	-3.42705051507e-10	5.23626793427e-10	-2.78982888536e-10
Even3;k__Bacteria;p__Firmicutes;c__Bacilli;o__Bacillales;f__Bacillaceae;g__	-0.114286478104	0.147899528115	0.0296665886464	0.0169414930264	0.00030727165417	0.00224230341204	-0.0014098503728	0.00101899077259	0.00019282686516	-0.000162621984959	-0.000270402523443	-0.000338102772574	2.81223668316e-06	6.47155675649e-06	0.000110622067835	8.62337534948e-05	-0.00010509186079	-3.63301854927e-05	6.89321469515e-07	-4.03298016732e-05	-4.02747456061e-06	1.50387537853e-07	-1.08322690738e-07	-5.41436904182e-07	-6.3361152201e-09	-9.77160913745e-10	-6.64032001992e-10	-3.42705051507e-10	5.23626793427e-10	-2.78982888536e-10
Even3;k__Bacteria;p__Spirochaetes;c__GN05;o__IF025;f__;g__	-0.114286478104	0.147899528115	0.0296665886464	0.0169414930264	0.00030727165417	0.00224230341204	-0.0014098503728	0.00101899077259	0.00019282686516	-0.000162621984959	-0.000270402523443	-0.000338102772574	2.81223668316e-06	6.47155675649e-06	0.000110622067835	8.62337534948e-05	-0.00010509186079	-3.63301854927e-05	6.89321469515e-07	-4.03298016732e-05	-4.02747456061e-06	1.50387537853e-07	-1.08322690738e-07	-5.41436904182e-07	-6.3361152201e-09	-9.77160913745e-10	-6.64032001992e-10	-3.42705051507e-10	5.23626793427e-10	-2.78982888536e-10
Even1;k__Bacteria;p__Proteobacteria;c__Gammaproteobacteria;o__Xanthomonadales;f__Xanthomonadaceae;g__Thermomonas	-0.0727214391195	-0.0487779307189	-0.00720538765927	-0.030343303047	0.0102679436148	-0.00510314563983	0.00579171052694	0.00144687782285	-0.00216285692747	-0.00226120433736	0.000576068945335	0.00108211615802	-0.000729199984083	0.000189482832953	-0.000250755222909	-0.000615733636372	0.000748635712753	-0.000139471634625	-5.19131119838e-05	0.000134353089568	9.12154308144e-06	-2.21313884217e-06	8.88520708659e-07	9.7453463936e-07	-6.98282791485e-08	-9.77160913745e-10	-6.64032001991e-10	-3.42705051506e-10	5.23626793427e-10	-2.78982888535e-10
Even1;k__Bacteria;p__Proteobacteria;c__Gammaproteobacteria;o__Alteromonadales;f__OM60;g__	-0.120235734834	0.150971658813	0.0442836374759	0.00404947184588	-0.0166417015868	0.00570863939171	-0.00288627258642	0.00282232336944	-0.000185087908731	-0.000599847443716	8.71162990613e-05	-3.619137687e-05	0.000320476553243	1.30053462421e-05	4.00650244927e-05	3.70453181714e-05	1.92831742238e-05	1.85278594829e-06	0.000189094450255	-9.54916754421e-05	4.78468104774e-05	-0.000184631594818	0.000128075279731	-4.9710134062e-07	-4.10054948849e-06	-9.77160913712e-10	-6.64032001972e-10	-3.42705051496e-10	5.23626793413e-10	-2.78982888523e-10
Even1;k__Bacteria;p__Tenericutes;c__Mollicutes;o__Acholeplasmatales;f__;g__	-0.120235734834	0.150971658813	0.0442836374759	0.00404947184588	-0.0166417015868	0.00570863939171	-0.00288627258642	0.00282232336944	-0.000185087908731	-0.000599847443716	8.71162990613e-05	-3.619137687e-05	0.000320476553243	1.30053462421e-05	4.00650244927e-05	3.70453181714e-05	1.92831742238e-05	1.85278594829e-06	0.000189094450255	-9.54916754421e-05	4.78468104774e-05	-0.000184631594818	0.000128075279731	-4.9710134062e-07	-4.10054948849e-06	-9.77160913712e-10	-6.64032001972e-10	-3.42705051496e-10	5.23626793413e-10	-2.78982888523e-10
Even4;k__Bacteria;p__Proteobacteria;c__Gammaproteobacteria;o__Alteromonadales;f__Moritellaceae;Other	-0.0825251057165	-0.0465478946827	0.000471177407032	-0.0382886939468	0.0114409696128	-0.00723073328871	0.00777254769539	-0.000319528823562	-0.00615168323715	0.000237971930515	-0.00159705089937	-0.000431579362461	0.00443676065097	-0.00180085860185	0.00165754929063	-0.00133987769627	0.000947891701411	0.000219544771782	0.000657172565852	-0.000677996241053	9.2906427865e-05	-9.93778065724e-05	-0.00020438209752	-7.53823298385e-05	-1.74028308431e-05	-9.77160913725e-10	-6.64032001946e-10	-3.42705051474e-10	5.23626793422e-10	-2.78982888507e-10
Even4;k__Bacteria;p__Bacteroidetes;c__Bacteroidia;o__Bacteroidales;f__Rikenellaceae;Other	-0.0197747495024	-0.0552132942331	-0.0590490146573	0.00285945545476	-0.00495918654428	0.00765993898637	-0.011631631258	-0.00613127037893	0.00295133243058	0.00221920675055	-0.00783685090848	0.00539557544127	-0.00191212816196	0.00456216473223	0.00303983451051	0.00221163505447	0.00466673715787	0.00495856797497	-0.00202663706612	-0.000691633262002	-7.79070333555e-05	-4.06791048645e-05	1.53611180676e-05	-1.40854257104e-05	-1.96360144585e-06	-9.77160913744e-10	-6.64032001988e-10	-3.42705051503e-10	5.23626793431e-10	-2.78982888532e-10
Even1;k__Bacteria;p__Bacteroidetes;c__Bacteroidia;o__Bacteroidales;f__[Paraprevotellaceae];Other	-0.0583626299712	-0.0528357205072	-0.0175610138318	-0.0255027096218	0.015566861565	-0.00552732111458	-0.00117172609574	0.00951361002127	0.0028376749454	-0.00575504545411	0.00180673327976	0.00331376036497	-0.0010466997583	6.69795579029e-05	0.00374200108017	-0.00221754044597	0.00183654512316	0.00120215521315	0.000849998988752	0.000259576384881	2.68398335779e-05	2.45037810744e-05	-6.35068686693e-06	6.79904814271e-06	1.21601619435e-06	-9.77160913749e-10	-6.64032001995e-10	-3.42705051508e-10	5.23626793428e-10	-2.78982888538e-10
Even3;k__Bacteria;p__Cyanobacteria;c__Oscillatoriophycideae;Other;Other;Other	-0.0989501484783	-0.0402788638909	0.00785181695328	-0.0402569902217	0.00385744104853	-0.00482770330262	0.0144766185173	-0.0109254800023	-0.0111919355921	0.00583276367629	0.00142412101845	0.000994091663728	-0.0012123705992	0.00045969649565	-0.000501877672307	0.000517067171683	-0.00074931257686	-0.000504995998716	-0.000184913091965	-0.000149365635527	0.000358081472239	-0.000118274959721	-0.000248533630888	-0.00024274706109	-4.07272830958e-05	-9.77160913809e-10	-6.64032001895e-10	-3.42705051435e-10	5.23626793425e-10	-2.78982888471e-10
Even3;k__Bacteria;p__Proteobacteria;c__Gammaproteobacteria;o__Oceanospirillales;f__Hahellaceae;g__Hahella	-0.0884020839084	-0.0443285640384	0.00322141663503	-0.0390357360296	0.00875907507805	-0.00641124998767	0.010285835423	-0.00398671415109	-0.00780253062975	0.00221527263624	-0.000589138162902	9.18252361224e-05	0.00251808009002	-0.00111343271685	0.000912014137951	-0.000744565259691	0.000329680805441	1.59540303523e-06	0.00027827884435	-0.000451683008792	-2.52941600335e-05	8.05834272233e-06	-7.02556878762e-06	-3.31663420628e-06	1.33061213279e-07	-9.77160913749e-10	-6.64032001994e-10	-3.42705051507e-10	5.23626793431e-10	-2.78982888536e-10
Even3;k__Bacteria;p__Firmicutes;c__Erysipelotrichi;o__Erysipelotrichales;f__Erysipelotrichaceae;g__cc_115	-0.0884020839084	-0.0443285640384	0.00322141663503	-0.0390357360296	0.00875907507805	-0.00641124998767	0.010285835423	-0.00398671415109	-0.00780253062975	0.00221527263624	-0.000589138162902	9.18252361224e-05	0.00251808009002	-0.00111343271685	0.000912014137951	-0.000744565259691	0.000329680805441	1.59540303523e-06	0.00027827884435	-0.000451683008792	-2.52941600335e-05	8.05834272233e-06	-7.02556878762e-06	-3.31663420628e-06	1.33061213279e-07	-9.77160913749e-10	-6.64032001994e-10	-3.42705051507e-10	5.23626793431e-10	-2.78982888536e-10
Even3;k__Bacteria;p__Firmicutes;c__Clostridia;o__Clostridiales;f__Lachnospiraceae;g__Anaerostipes	-0.0884020839084	-0.0443285640384	0.00322141663503	-0.0390357360296	0.00875907507805	-0.00641124998767	0.010285835423	-0.00398671415109	-0.00780253062975	0.00221527263624	-0.000589138162902	9.18252361224e-05	0.00251808009002	-0.00111343271685	0.000912014137951	-0.000744565259691	0.000329680805441	1.59540303523e-06	0.00027827884435	-0.000451683008792	-2.52941600335e-05	8.05834272233e-06	-7.02556878762e-06	-3.31663420628e-06	1.33061213279e-07	-9.77160913749e-10	-6.64032001994e-10	-3.42705051507e-10	5.23626793431e-10	-2.78982888536e-10
Even3;k__Bacteria;p__Proteobacteria;c__Alphaproteobacteria;o__Rhodospirillales;f__Rhodospirillaceae;g__Inquilinus	-0.0884020839084	-0.0443285640384	0.00322141663503	-0.0390357360296	0.00875907507805	-0.00641124998767	0.010285835423	-0.00398671415109	-0.00780253062975	0.00221527263624	-0.000589138162902	9.18252361224e-05	0.00251808009002	-0.00111343271685	0.000912014137951	-0.000744565259691	0.000329680805441	1.59540303523e-06	0.00027827884435	-0.000451683008792	-2.52941600335e-05	8.05834272233e-06	-7.02556878762e-06	-3.31663420628e-06	1.33061213279e-07	-9.77160913749e-10	-6.64032001994e-10	-3.42705051507e-10	5.23626793431e-10	-2.78982888536e-10
Even3;k__Bacteria;p__Actinobacteria;c__Actinobacteria;o__Actinomycetales;f__Microbacteriaceae;g__Candidatus Aquiluna	-0.0995390715867	-0.0400672102113	0.00829164537239	-0.0403758042585	0.00363080391711	-0.00480108000435	0.0149124557112	-0.0111131155923	-0.0111248545736	0.00600630787557	0.00142739605648	0.00106628565023	-0.00125987835759	0.000365202224416	-0.000512588764525	0.000466831390186	-0.000853468813641	-0.000467202958267	-0.00031152826197	-5.9266977123e-05	-0.000232929742145	-0.000123728142408	-0.000157836603725	0.000187556401975	-6.89614370611e-05	-9.7716091336e-10	-6.64032001643e-10	-3.4270505131e-10	5.2362679308e-10	-2.78982888346e-10
Even3;k__Bacteria;p__Bacteroidetes;c__Bacteroidia;o__Bacteroidales;f__Rikenellaceae;g__Rikenella	-0.120230071707	0.150985678198	0.0442801443284	0.00405792502472	-0.0167046408616	0.00573205491446	-0.00281772691665	0.00281549856998	-0.000181031405302	-0.000588548834258	9.62695392869e-05	-4.69442517499e-05	0.00029463824012	2.47521032247e-05	2.73047353969e-05	2.13051360396e-05	-6.69571271933e-06	-8.94242595703e-06	-9.917106528e-07	6.4568524436e-06	7.17285815825e-07	-9.45187366995e-08	7.92860373561e-08	8.60430782714e-08	-1.20269487406e-09	-9.77160913744e-10	-6.64032001992e-10	-3.42705051507e-10	5.23626793426e-10	-2.78982888536e-10
Even3;k__Bacteria;p__Proteobacteria;c__Gammaproteobacteria;o__Legionellales;f__Coxiellaceae;g__	-0.120230071707	0.150985678198	0.0442801443284	0.00405792502472	-0.0167046408616	0.00573205491446	-0.00281772691665	0.00281549856998	-0.000181031405302	-0.000588548834258	9.62695392869e-05	-4.69442517499e-05	0.00029463824012	2.47521032247e-05	2.73047353969e-05	2.13051360396e-05	-6.69571271933e-06	-8.94242595703e-06	-9.917106528e-07	6.4568524436e-06	7.17285815825e-07	-9.45187366995e-08	7.92860373561e-08	8.60430782714e-08	-1.20269487406e-09	-9.77160913744e-10	-6.64032001992e-10	-3.42705051507e-10	5.23626793426e-10	-2.78982888536e-10
Even3;k__Bacteria;p__Proteobacteria;c__Gammaproteobacteria;o__Alteromonadales;f__OM60;g__Congregibacter	-0.120230071707	0.150985678198	0.0442801443284	0.00405792502472	-0.0167046408616	0.00573205491446	-0.00281772691665	0.00281549856998	-0.000181031405302	-0.000588548834258	9.62695392869e-05	-4.69442517499e-05	0.00029463824012	2.47521032247e-05	2.73047353969e-05	2.13051360396e-05	-6.69571271933e-06	-8.94242595703e-06	-9.917106528e-07	6.4568524436e-06	7.17285815825e-07	-9.45187366995e-08	7.92860373561e-08	8.60430782714e-08	-1.20269487406e-09	-9.77160913744e-10	-6.64032001992e-10	-3.42705051507e-10	5.23626793426e-10	-2.78982888536e-10
Even4;k__Bacteria;p__Bacteroidetes;c__Bacteroidia;o__Bacteroidales;f__Porphyromonadaceae;g__	-0.0837705067702	-0.0457787721469	0.00087643190957	-0.0362043947106	0.0100861480655	-0.00649969775528	0.00869790495906	-0.00258442782353	-0.00690682304592	-9.77547434767e-05	-0.000974817606379	-0.000438166746722	0.00280637721027	-0.000825318530612	0.000290837876262	-0.000716556624136	-5.98312907576e-05	0.000393012223937	6.2532036217e-05	0.000390722198133	2.0237031515e-05	-2.10695436597e-06	-2.15547555632e-07	1.68452716516e-06	-1.64151715543e-07	-9.77160913745e-10	-6.64032001991e-10	-3.42705051505e-10	5.23626793427e-10	-2.78982888535e-10
Even4;k__Bacteria;p__Firmicutes;c__Bacilli;o__Bacillales;f__Bacillaceae;g__	-0.114286478104	0.147899528115	0.0296665886464	0.0169414930264	0.00030727165417	0.00224230341204	-0.0014098503728	0.00101899077259	0.00019282686516	-0.000162621984959	-0.000270402523443	-0.000338102772574	2.81223668316e-06	6.47155675649e-06	0.000110622067835	8.62337534948e-05	-0.00010509186079	-3.63301854927e-05	6.89321469515e-07	-4.03298016732e-05	-4.02747456061e-06	1.50387537853e-07	-1.08322690738e-07	-5.41436904182e-07	-6.3361152201e-09	-9.77160913745e-10	-6.64032001992e-10	-3.42705051507e-10	5.23626793427e-10	-2.78982888536e-10
Even4;k__Bacteria;p__Firmicutes;c__Clostridia;o__Clostridiales;f__[Acidaminobacteraceae];g__Fusibacter	-0.114286478104	0.147899528115	0.0296665886464	0.0169414930264	0.00030727165417	0.00224230341204	-0.0014098503728	0.00101899077259	0.00019282686516	-0.000162621984959	-0.000270402523443	-0.000338102772574	2.81223668316e-06	6.47155675649e-06	0.000110622067835	8.62337534948e-05	-0.00010509186079	-3.63301854927e-05	6.89321469515e-07	-4.03298016732e-05	-4.02747456061e-06	1.50387537853e-07	-1.08322690738e-07	-5.41436904182e-07	-6.3361152201e-09	-9.77160913745e-10	-6.64032001992e-10	-3.42705051507e-10	5.23626793427e-10	-2.78982888536e-10
Even4;k__Bacteria;p__Spirochaetes;c__GN05;o__IF025;f__;g__	-0.114286478104	0.147899528115	0.0296665886464	0.0169414930264	0.00030727165417	0.00224230341204	-0.0014098503728	0.00101899077259	0.00019282686516	-0.000162621984959	-0.000270402523443	-0.000338102772574	2.81223668316e-06	6.47155675649e-06	0.000110622067835	8.62337534948e-05	-0.00010509186079	-3.63301854927e-05	6.89321469515e-07	-4.03298016732e-05	-4.02747456061e-06	1.50387537853e-07	-1.08322690738e-07	-5.41436904182e-07	-6.3361152201e-09	-9.77160913745e-10	-6.64032001992e-10	-3.42705051507e-10	5.23626793427e-10	-2.78982888536e-10
Even4;k__Bacteria;p__Firmicutes;c__Bacilli;o__Bacillales;f__Bacillaceae;g__Bacillus	-0.114286478104	0.147899528115	0.0296665886464	0.0169414930264	0.00030727165417	0.00224230341204	-0.0014098503728	0.00101899077259	0.00019282686516	-0.000162621984959	-0.000270402523443	-0.000338102772574	2.81223668316e-06	6.47155675649e-06	0.000110622067835	8.62337534948e-05	-0.00010509186079	-3.63301854927e-05	6.89321469515e-07	-4.03298016732e-05	-4.02747456061e-06	1.50387537853e-07	-1.08322690738e-07	-5.41436904182e-07	-6.3361152201e-09	-9.77160913745e-10	-6.64032001992e-10	-3.42705051507e-10	5.23626793427e-10	-2.78982888536e-10
Even1;k__Bacteria;p__Firmicutes;c__Erysipelotrichi;o__Erysipelotrichales;f__Erysipelotrichaceae;g__Allobaculum	-0.109828782902	0.145584915553	0.0187064218848	0.0266041690277	0.013066206041	-0.00037501021477	-0.000353942964921	-0.000328390075458	0.000473220568005	0.000156823152014	-0.000545406570489	-0.000556471663192	-0.000216057265894	-7.23885309467e-06	0.000173110067164	0.000134930216586	-0.000178888971843	-5.68710051445e-05	1.95009556125e-06	-7.54197922607e-05	-7.58604484292e-06	3.34067243767e-07	-2.49029236808e-07	-1.01204689102e-06	-1.01861804796e-08	-9.77160913745e-10	-6.64032001992e-10	-3.42705051507e-10	5.23626793427e-10	-2.78982888536e-10
Even1;k__Bacteria;p__Thermotogae;c__Thermotogae;o__Thermotogales;f__Thermotogaceae;g__Kosmotoga	-0.099549712143	-0.0400794494145	0.0082879024013	-0.040388776692	0.00362756655922	-0.00480011999567	0.0148989084707	-0.0111209131239	-0.0111423648431	0.0060026987096	0.00142556863613	0.0010657318818	-0.00126476080629	0.000361969891417	-0.000533781876854	0.000477352451179	-0.000834962448869	-0.00046793817074	-0.000329648332251	-6.91172550618e-05	-8.9369820325e-06	-1.35451863121e-05	2.10426535601e-07	-4.24755961892e-06	-8.60297512326e-07	-9.77160913745e-10	-6.6403200199e-10	-3.42705051505e-10	5.23626793428e-10	-2.78982888534e-10
Even1;k__Bacteria;p__Firmicutes;c__Bacilli;o__Bacillales;f__Paenibacillaceae;g__Paenibacillus	-0.099549712143	-0.0400794494145	0.0082879024013	-0.040388776692	0.00362756655922	-0.00480011999567	0.0148989084707	-0.0111209131239	-0.0111423648431	0.0060026987096	0.00142556863613	0.0010657318818	-0.00126476080629	0.000361969891417	-0.000533781876854	0.000477352451179	-0.000834962448869	-0.00046793817074	-0.000329648332251	-6.91172550618e-05	-8.9369820325e-06	-1.35451863121e-05	2.10426535601e-07	-4.24755961892e-06	-8.60297512326e-07	-9.77160913745e-10	-6.6403200199e-10	-3.42705051505e-10	5.23626793428e-10	-2.78982888534e-10
Even1;k__Bacteria;p__Proteobacteria;c__Gammaproteobacteria;o__Xanthomonadales;f__Xanthomonadaceae;g__Wohlfahrtiimonas	-0.099549712143	-0.0400794494145	0.0082879024013	-0.040388776692	0.00362756655922	-0.00480011999567	0.0148989084707	-0.0111209131239	-0.0111423648431	0.0060026987096	0.00142556863613	0.0010657318818	-0.00126476080629	0.000361969891417	-0.000533781876854	0.000477352451179	-0.000834962448869	-0.00046793817074	-0.000329648332251	-6.91172550618e-05	-8.9369820325e-06	-1.35451863121e-05	2.10426535601e-07	-4.24755961892e-06	-8.60297512326e-07	-9.77160913745e-10	-6.6403200199e-10	-3.42705051505e-10	5.23626793428e-10	-2.78982888534e-10
Even1;k__Bacteria;p__Actinobacteria;c__Actinobacteria;o__Actinomycetales;f__Kineosporiaceae;g__Kineosporia	-0.099549712143	-0.0400794494145	0.0082879024013	-0.040388776692	0.00362756655922	-0.00480011999567	0.0148989084707	-0.0111209131239	-0.0111423648431	0.0060026987096	0.00142556863613	0.0010657318818	-0.00126476080629	0.000361969891417	-0.000533781876854	0.000477352451179	-0.000834962448869	-0.00046793817074	-0.000329648332251	-6.91172550618e-05	-8.9369820325e-06	-1.35451863121e-05	2.10426535601e-07	-4.24755961892e-06	-8.60297512326e-07	-9.77160913745e-10	-6.6403200199e-10	-3.42705051505e-10	5.23626793428e-10	-2.78982888534e-10
Even1;k__Bacteria;p__Proteobacteria;c__Betaproteobacteria;Other;Other;Other	-0.0798547913641	-0.0471312423213	-0.00122413249772	-0.0339583262705	0.0110251285648	-0.00654230666924	0.0072239618413	-0.00157255738045	-0.00637292767474	-0.00207179644434	-0.00117520258229	-0.000801809741331	0.0030379115085	-0.000540066513782	-0.000240224049388	-0.000517973604488	-0.000174055639551	0.00063933290685	0.000178770827523	0.00130504234514	-7.88058611508e-05	-0.000157315324825	-0.00018241092785	-0.00010656076793	-2.05064825871e-05	-9.77160913728e-10	-6.64032001942e-10	-3.4270505147e-10	5.23626793431e-10	-2.78982888502e-10
Even1;k__Bacteria;p__Actinobacteria;c__Actinobacteria;o__Actinomycetales;f__Microbacteriaceae;g__Salinibacterium	-0.100156040292	-0.0398899027499	0.00872189509103	-0.0405298201954	0.00339528600857	-0.0047722833856	0.0153124108783	-0.0113210848061	-0.0111042254149	0.0061698740477	0.00142668731003	0.00113863443329	-0.00131928103188	0.000261419053137	-0.000579056167412	0.000446059613471	-0.000906740986499	-0.000434303334459	-0.000479508598654	9.43455729325e-07	-0.00026169533583	0.000222930641312	0.000387687488676	0.000140814757058	3.5204845326e-05	-9.77160913797e-10	-6.64032002088e-10	-3.42705051571e-10	5.23626793447e-10	-2.78982888593e-10
Even1;k__Bacteria;p__Proteobacteria;c__Betaproteobacteria;o__Neisseriales;f__Neisseriaceae;g__Microvirgula	-0.100156040292	-0.0398899027499	0.00872189509103	-0.0405298201954	0.00339528600857	-0.0047722833856	0.0153124108783	-0.0113210848061	-0.0111042254149	0.0061698740477	0.00142668731003	0.00113863443329	-0.00131928103188	0.000261419053137	-0.000579056167412	0.000446059613471	-0.000906740986499	-0.000434303334459	-0.000479508598654	9.43455729325e-07	-0.00026169533583	0.000222930641312	0.000387687488676	0.000140814757058	3.5204845326e-05	-9.77160913797e-10	-6.64032002088e-10	-3.42705051571e-10	5.23626793447e-10	-2.78982888593e-10
Even3;k__Bacteria;p__Proteobacteria;c__Alphaproteobacteria;o__Rhizobiales;Other;Other	-0.066662301351	-0.0521466302428	-0.0064122368242	-0.0365378175014	0.0197119501818	-0.00978409083881	0.00136466559164	0.0108414043694	-0.000647599792585	-0.00473684552236	-0.00497628753554	-0.00213719712831	0.0101315565016	-0.00413980176543	0.00415487366621	-0.00383612117794	0.0020908854959	0.00106236060908	0.000681658140733	-0.00248700090508	0.000980273336869	0.000168651336114	-4.72400988441e-05	0.000156405247761	1.04671776875e-05	-9.77160913707e-10	-6.64032001991e-10	-3.42705051513e-10	5.23626793371e-10	-2.78982888548e-10
Even3;k__Bacteria;p__Firmicutes;c__Erysipelotrichi;o__Erysipelotrichales;f__Erysipelotrichaceae;g__L7A_E11	-0.120235734834	0.150971658813	0.0442836374759	0.00404947184588	-0.0166417015868	0.00570863939171	-0.00288627258642	0.00282232336944	-0.000185087908731	-0.000599847443716	8.71162990613e-05	-3.619137687e-05	0.000320476553243	1.30053462421e-05	4.00650244927e-05	3.70453181714e-05	1.92831742238e-05	1.85278594829e-06	0.000189094450255	-9.54916754421e-05	4.78468104774e-05	-0.000184631594818	0.000128075279731	-4.9710134062e-07	-4.10054948849e-06	-9.77160913712e-10	-6.64032001972e-10	-3.42705051496e-10	5.23626793413e-10	-2.78982888523e-10
Even3;k__Bacteria;p__Actinobacteria;c__Coriobacteriia;o__Coriobacteriales;f__Coriobacteriaceae;g__	-0.120235734834	0.150971658813	0.0442836374759	0.00404947184588	-0.0166417015868	0.00570863939171	-0.00288627258642	0.00282232336944	-0.000185087908731	-0.000599847443716	8.71162990613e-05	-3.619137687e-05	0.000320476553243	1.30053462421e-05	4.00650244927e-05	3.70453181714e-05	1.92831742238e-05	1.85278594829e-06	0.000189094450255	-9.54916754421e-05	4.78468104774e-05	-0.000184631594818	0.000128075279731	-4.9710134062e-07	-4.10054948849e-06	-9.77160913712e-10	-6.64032001972e-10	-3.42705051496e-10	5.23626793413e-10	-2.78982888523e-10
Even3;k__Bacteria;p__Firmicutes;c__Erysipelotrichi;o__Erysipelotrichales;f__Erysipelotrichaceae;g__RFN20	-0.120235734834	0.150971658813	0.0442836374759	0.00404947184588	-0.0166417015868	0.00570863939171	-0.00288627258642	0.00282232336944	-0.000185087908731	-0.000599847443716	8.71162990613e-05	-3.619137687e-05	0.000320476553243	1.30053462421e-05	4.00650244927e-05	3.70453181714e-05	1.92831742238e-05	1.85278594829e-06	0.000189094450255	-9.54916754421e-05	4.78468104774e-05	-0.000184631594818	0.000128075279731	-4.9710134062e-07	-4.10054948849e-06	-9.77160913712e-10	-6.64032001972e-10	-3.42705051496e-10	5.23626793413e-10	-2.78982888523e-10
Even3;k__Bacteria;p__Acidobacteria;c__;o__;f__;g__	-0.120235734834	0.150971658813	0.0442836374759	0.00404947184588	-0.0166417015868	0.00570863939171	-0.00288627258642	0.00282232336944	-0.000185087908731	-0.000599847443716	8.71162990613e-05	-3.619137687e-05	0.000320476553243	1.30053462421e-05	4.00650244927e-05	3.70453181714e-05	1.92831742238e-05	1.85278594829e-06	0.000189094450255	-9.54916754421e-05	4.78468104774e-05	-0.000184631594818	0.000128075279731	-4.9710134062e-07	-4.10054948849e-06	-9.77160913712e-10	-6.64032001972e-10	-3.42705051496e-10	5.23626793413e-10	-2.78982888523e-10
Even3;k__Bacteria;p__Firmicutes;c__Bacilli;o__Lactobacillales;f__Carnobacteriaceae;g__Granulicatella	-0.120235734834	0.150971658813	0.0442836374759	0.00404947184588	-0.0166417015868	0.00570863939171	-0.00288627258642	0.00282232336944	-0.000185087908731	-0.000599847443716	8.71162990613e-05	-3.619137687e-05	0.000320476553243	1.30053462421e-05	4.00650244927e-05	3.70453181714e-05	1.92831742238e-05	1.85278594829e-06	0.000189094450255	-9.54916754421e-05	4.78468104774e-05	-0.000184631594818	0.000128075279731	-4.9710134062e-07	-4.10054948849e-06	-9.77160913712e-10	-6.64032001972e-10	-3.42705051496e-10	5.23626793413e-10	-2.78982888523e-10
Even3;k__Bacteria;p__Bacteroidetes;c__[Saprospirae];o__[Saprospirales];f__;g__	-0.120235734834	0.150971658813	0.0442836374759	0.00404947184588	-0.0166417015868	0.00570863939171	-0.00288627258642	0.00282232336944	-0.000185087908731	-0.000599847443716	8.71162990613e-05	-3.619137687e-05	0.000320476553243	1.30053462421e-05	4.00650244927e-05	3.70453181714e-05	1.92831742238e-05	1.85278594829e-06	0.000189094450255	-9.54916754421e-05	4.78468104774e-05	-0.000184631594818	0.000128075279731	-4.9710134062e-07	-4.10054948849e-06	-9.77160913712e-10	-6.64032001972e-10	-3.42705051496e-10	5.23626793413e-10	-2.78982888523e-10
Even1;k__Bacteria;p__Proteobacteria;c__Gammaproteobacteria;o__Enterobacteriales;f__Enterobacteriaceae;g__Arsenophonus	-0.0837705067702	-0.0457787721469	0.00087643190957	-0.0362043947106	0.0100861480655	-0.00649969775528	0.00869790495906	-0.00258442782353	-0.00690682304592	-9.77547434767e-05	-0.000974817606379	-0.000438166746722	0.00280637721027	-0.000825318530612	0.000290837876262	-0.000716556624136	-5.98312907576e-05	0.000393012223937	6.2532036217e-05	0.000390722198133	2.0237031515e-05	-2.10695436597e-06	-2.15547555632e-07	1.68452716516e-06	-1.64151715543e-07	-9.77160913745e-10	-6.64032001991e-10	-3.42705051505e-10	5.23626793427e-10	-2.78982888535e-10
Even1;k__Bacteria;p__Bacteroidetes;c__Bacteroidia;o__Bacteroidales;f__Porphyromonadaceae;g__	-0.0837705067702	-0.0457787721469	0.00087643190957	-0.0362043947106	0.0100861480655	-0.00649969775528	0.00869790495906	-0.00258442782353	-0.00690682304592	-9.77547434767e-05	-0.000974817606379	-0.000438166746722	0.00280637721027	-0.000825318530612	0.000290837876262	-0.000716556624136	-5.98312907576e-05	0.000393012223937	6.2532036217e-05	0.000390722198133	2.0237031515e-05	-2.10695436597e-06	-2.15547555632e-07	1.68452716516e-06	-1.64151715543e-07	-9.77160913745e-10	-6.64032001991e-10	-3.42705051505e-10	5.23626793427e-10	-2.78982888535e-10
Even1;k__Bacteria;p__Proteobacteria;c__Deltaproteobacteria;o__Desulfobacterales;f__Desulfobacteraceae;g__	-0.114286478104	0.147899528115	0.0296665886464	0.0169414930264	0.00030727165417	0.00224230341204	-0.0014098503728	0.00101899077259	0.00019282686516	-0.000162621984959	-0.000270402523443	-0.000338102772574	2.81223668316e-06	6.47155675649e-06	0.000110622067835	8.62337534948e-05	-0.00010509186079	-3.63301854927e-05	6.89321469515e-07	-4.03298016732e-05	-4.02747456061e-06	1.50387537853e-07	-1.08322690738e-07	-5.41436904182e-07	-6.3361152201e-09	-9.77160913745e-10	-6.64032001992e-10	-3.42705051507e-10	5.23626793427e-10	-2.78982888536e-10
Even1;k__Bacteria;p__Firmicutes;c__Bacilli;o__Bacillales;f__Bacillaceae;g__Bacillus	-0.114286478104	0.147899528115	0.0296665886464	0.0169414930264	0.00030727165417	0.00224230341204	-0.0014098503728	0.00101899077259	0.00019282686516	-0.000162621984959	-0.000270402523443	-0.000338102772574	2.81223668316e-06	6.47155675649e-06	0.000110622067835	8.62337534948e-05	-0.00010509186079	-3.63301854927e-05	6.89321469515e-07	-4.03298016732e-05	-4.02747456061e-06	1.50387537853e-07	-1.08322690738e-07	-5.41436904182e-07	-6.3361152201e-09	-9.77160913745e-10	-6.64032001992e-10	-3.42705051507e-10	5.23626793427e-10	-2.78982888536e-10
Even4;k__Bacteria;p__Proteobacteria;c__Gammaproteobacteria;o__PYR10d3;f__;g__	-0.0884020839084	-0.0443285640384	0.00322141663503	-0.0390357360296	0.00875907507805	-0.00641124998767	0.010285835423	-0.00398671415109	-0.00780253062975	0.00221527263624	-0.000589138162902	9.18252361224e-05	0.00251808009002	-0.00111343271685	0.000912014137951	-0.000744565259691	0.000329680805441	1.59540303523e-06	0.00027827884435	-0.000451683008792	-2.52941600335e-05	8.05834272233e-06	-7.02556878762e-06	-3.31663420628e-06	1.33061213279e-07	-9.77160913749e-10	-6.64032001994e-10	-3.42705051507e-10	5.23626793431e-10	-2.78982888536e-10
Even4;k__Bacteria;p__Firmicutes;c__Clostridia;o__Clostridiales;f__JTB215;g__	-0.0884020839084	-0.0443285640384	0.00322141663503	-0.0390357360296	0.00875907507805	-0.00641124998767	0.010285835423	-0.00398671415109	-0.00780253062975	0.00221527263624	-0.000589138162902	9.18252361224e-05	0.00251808009002	-0.00111343271685	0.000912014137951	-0.000744565259691	0.000329680805441	1.59540303523e-06	0.00027827884435	-0.000451683008792	-2.52941600335e-05	8.05834272233e-06	-7.02556878762e-06	-3.31663420628e-06	1.33061213279e-07	-9.77160913749e-10	-6.64032001994e-10	-3.42705051507e-10	5.23626793431e-10	-2.78982888536e-10
Even4;k__Bacteria;p__Actinobacteria;c__Actinobacteria;o__Bifidobacteriales;f__Bifidobacteriaceae;g__Alloscardovia	-0.0884020839084	-0.0443285640384	0.00322141663503	-0.0390357360296	0.00875907507805	-0.00641124998767	0.010285835423	-0.00398671415109	-0.00780253062975	0.00221527263624	-0.000589138162902	9.18252361224e-05	0.00251808009002	-0.00111343271685	0.000912014137951	-0.000744565259691	0.000329680805441	1.59540303523e-06	0.00027827884435	-0.000451683008792	-2.52941600335e-05	8.05834272233e-06	-7.02556878762e-06	-3.31663420628e-06	1.33061213279e-07	-9.77160913749e-10	-6.64032001994e-10	-3.42705051507e-10	5.23626793431e-10	-2.78982888536e-10
Even4;k__Bacteria;p__Firmicutes;c__AHT28;o__;f__;g__	-0.0884020839084	-0.0443285640384	0.00322141663503	-0.0390357360296	0.00875907507805	-0.00641124998767	0.010285835423	-0.00398671415109	-0.00780253062975	0.00221527263624	-0.000589138162902	9.18252361224e-05	0.00251808009002	-0.00111343271685	0.000912014137951	-0.000744565259691	0.000329680805441	1.59540303523e-06	0.00027827884435	-0.000451683008792	-2.52941600335e-05	8.05834272233e-06	-7.02556878762e-06	-3.31663420628e-06	1.33061213279e-07	-9.77160913749e-10	-6.64032001994e-10	-3.42705051507e-10	5.23626793431e-10	-2.78982888536e-10
Even4;k__Bacteria;p__Firmicutes;c__Bacilli;o__Bacillales;f__Thermoactinomycetaceae;g__Thermoactinomyces	-0.0939842091219	-0.0422866302945	0.00574397323212	-0.039701374184	0.0060395071378	-0.00557614209681	0.0126105816113	-0.00768023245011	-0.00954518047077	0.00403288243897	0.000478468979593	0.000638612919242	0.00061016964143	-0.000380230586451	0.000123405160118	-3.01645400553e-05	-0.000169156729361	-0.000249315012578	8.82285648209e-05	-3.88360241813e-05	-0.000249823141951	4.62502686641e-05	8.21465214044e-05	1.13010121444e-05	-2.03452954025e-05	-9.77160913695e-10	-6.64032001896e-10	-3.42705051451e-10	5.23626793335e-10	-2.78982888479e-10
Even4;k__Bacteria;p__Proteobacteria;c__Gammaproteobacteria;o__Enterobacteriales;f__Enterobacteriaceae;g__Plesiomonas	-0.0997585860102	-0.0400261350048	0.00843047387292	-0.0404450482262	0.00354773364767	-0.00479058782253	0.0150279550607	-0.0111923755786	-0.0111410830213	0.00605566412709	0.00142561258366	0.00109129506572	-0.00128506423331	0.000325628711275	-0.00056224339305	0.000475343388073	-0.0008450172937	-0.000460149550341	-0.000384726780502	-5.59513544718e-05	2.10703338417e-05	0.000197026143778	0.000268102451966	-4.93306388539e-05	7.359574022e-06	-9.7716091388e-10	-6.64032002026e-10	-3.42705051524e-10	5.2362679345e-10	-2.78982888551e-10
Even4;k__Bacteria;p__Proteobacteria;c__Gammaproteobacteria;o__Legionellales;f__Coxiellaceae;g__	-0.120230071707	0.150985678198	0.0442801443284	0.00405792502472	-0.0167046408616	0.00573205491446	-0.00281772691665	0.00281549856998	-0.000181031405302	-0.000588548834258	9.62695392869e-05	-4.69442517499e-05	0.00029463824012	2.47521032247e-05	2.73047353969e-05	2.13051360396e-05	-6.69571271933e-06	-8.94242595703e-06	-9.917106528e-07	6.4568524436e-06	7.17285815825e-07	-9.45187366995e-08	7.92860373561e-08	8.60430782714e-08	-1.20269487406e-09	-9.77160913744e-10	-6.64032001992e-10	-3.42705051507e-10	5.23626793426e-10	-2.78982888536e-10
Even4;k__Bacteria;p__Bacteroidetes;c__Bacteroidia;o__Bacteroidales;f__Bacteroidaceae;g__	-0.120230071707	0.150985678198	0.0442801443284	0.00405792502472	-0.0167046408616	0.00573205491446	-0.00281772691665	0.00281549856998	-0.000181031405302	-0.000588548834258	9.62695392869e-05	-4.69442517499e-05	0.00029463824012	2.47521032247e-05	2.73047353969e-05	2.13051360396e-05	-6.69571271933e-06	-8.94242595703e-06	-9.917106528e-07	6.4568524436e-06	7.17285815825e-07	-9.45187366995e-08	7.92860373561e-08	8.60430782714e-08	-1.20269487406e-09	-9.77160913744e-10	-6.64032001992e-10	-3.42705051507e-10	5.23626793426e-10	-2.78982888536e-10
Even4;k__Bacteria;p__Bacteroidetes;c__Sphingobacteriia;o__Sphingobacteriales;f__Sphingobacteriaceae;Other	-0.0512794100299	-0.0536295491096	-0.0244561532528	-0.0168477449715	0.0125819672959	-0.00219940903634	-0.000595210269087	0.00936914812528	0.00769270052677	-0.00609577493342	0.00375200823873	0.00347506458793	-0.00610808852882	0.00139886006747	0.00188553759504	-0.0014013380914	0.00149255632532	-2.00869226112e-05	-0.00075383452	0.00225208168008	0.000117136768619	-3.13567709789e-05	2.08659678144e-05	1.25647749766e-05	-8.96805333017e-07	-9.77160913735e-10	-6.64032001984e-10	-3.42705051502e-10	5.23626793418e-10	-2.78982888532e-10
Even4;k__Bacteria;p__Firmicutes;c__Clostridia;o__Clostridiales;f__Eubacteriaceae;Other	-0.059378538183	-0.0536825334212	-0.0169278495965	-0.0304048951377	0.0146257314735	-0.00625663208023	-0.00176918410638	0.00717780312034	0.000315998792213	-0.00275524897265	-0.00628143666617	-0.00106708769013	0.00878490543476	-0.00268483635414	0.00292314101966	-0.00191345581595	0.00263547990298	8.14379608854e-05	0.00203308784327	-0.00051375122197	-0.000180806067908	4.05766403121e-05	-1.87242722622e-05	-1.96730805808e-05	1.3240492308e-06	-9.77160913765e-10	-6.64032002003e-10	-3.42705051511e-10	5.23626793443e-10	-2.7898288854e-10
Even4;k__Bacteria;p__Actinobacteria;c__Actinobacteria;o__Actinomycetales;f__Microbacteriaceae;g__Candidatus Aquiluna	-0.0995390715867	-0.0400672102113	0.00829164537239	-0.0403758042585	0.00363080391711	-0.00480108000435	0.0149124557112	-0.0111131155923	-0.0111248545736	0.00600630787557	0.00142739605648	0.00106628565023	-0.00125987835759	0.000365202224416	-0.000512588764525	0.000466831390186	-0.000853468813641	-0.000467202958267	-0.00031152826197	-5.9266977123e-05	-0.000232929742145	-0.000123728142408	-0.000157836603725	0.000187556401975	-6.89614370611e-05	-9.7716091336e-10	-6.64032001642e-10	-3.4270505131e-10	5.2362679308e-10	-2.78982888346e-10
Even4;k__Bacteria;p__Firmicutes;c__Bacilli;o__Bacillales;f__Thermoactinomycetaceae;g__Laceyella	-0.100156040292	-0.0398899027499	0.00872189509103	-0.0405298201954	0.00339528600858	-0.0047722833856	0.0153124108783	-0.0113210848062	-0.011104225415	0.0061698740477	0.00142668731003	0.00113863443329	-0.00131928103188	0.000261419053137	-0.000579056167412	0.000446059613471	-0.000906740986499	-0.000434303334459	-0.000479508598654	9.43455729325e-07	-0.00026169533583	0.000222930641312	0.000387687488676	0.000140814757058	3.5204845326e-05	-9.77160913798e-10	-6.64032002088e-10	-3.42705051572e-10	5.23626793447e-10	-2.78982888594e-10
Even4;k__Bacteria;p__Proteobacteria;c__Alphaproteobacteria;o__Rhizobiales;f__Beijerinckiaceae;g__Methylocella	-0.100156040292	-0.0398899027499	0.00872189509103	-0.0405298201954	0.00339528600858	-0.0047722833856	0.0153124108783	-0.0113210848062	-0.011104225415	0.0061698740477	0.00142668731003	0.00113863443329	-0.00131928103188	0.000261419053137	-0.000579056167412	0.000446059613471	-0.000906740986499	-0.000434303334459	-0.000479508598654	9.43455729325e-07	-0.00026169533583	0.000222930641312	0.000387687488676	0.000140814757058	3.5204845326e-05	-9.77160913798e-10	-6.64032002088e-10	-3.42705051572e-10	5.23626793447e-10	-2.78982888594e-10
Even4;k__Bacteria;p__Bacteroidetes;c__Cytophagia;o__Cytophagales;f__Flammeovirgaceae;g__Persicobacter	-0.100156040292	-0.0398899027499	0.00872189509103	-0.0405298201954	0.00339528600858	-0.0047722833856	0.0153124108783	-0.0113210848062	-0.011104225415	0.0061698740477	0.00142668731003	0.00113863443329	-0.00131928103188	0.000261419053137	-0.000579056167412	0.000446059613471	-0.000906740986499	-0.000434303334459	-0.000479508598654	9.43455729325e-07	-0.00026169533583	0.000222930641312	0.000387687488676	0.000140814757058	3.5204845326e-05	-9.77160913798e-10	-6.64032002088e-10	-3.42705051572e-10	5.23626793447e-10	-2.78982888594e-10
Even1;k__Bacteria;p__Firmicutes;c__Clostridia;o__Thermoanaerobacterales;f__Caldicellulosiruptoraceae;g__Caldicellulosiruptor	-0.100156040292	-0.0398899027499	0.00872189509103	-0.0405298201954	0.00339528600858	-0.0047722833856	0.0153124108783	-0.0113210848062	-0.011104225415	0.0061698740477	0.00142668731003	0.00113863443329	-0.00131928103188	0.000261419053137	-0.000579056167412	0.000446059613471	-0.000906740986499	-0.000434303334459	-0.000479508598654	9.43455729325e-07	-0.00026169533583	0.000222930641312	0.000387687488676	0.000140814757058	3.5204845326e-05	-9.77160913798e-10	-6.64032002088e-10	-3.42705051572e-10	5.23626793447e-10	-2.78982888594e-10
Even1;k__Bacteria;p__Proteobacteria;c__Alphaproteobacteria;o__Rhizobiales;f__Beijerinckiaceae;g__Methylocella	-0.100156040292	-0.0398899027499	0.00872189509103	-0.0405298201954	0.00339528600858	-0.0047722833856	0.0153124108783	-0.0113210848062	-0.011104225415	0.0061698740477	0.00142668731003	0.00113863443329	-0.00131928103188	0.000261419053137	-0.000579056167412	0.000446059613471	-0.000906740986499	-0.000434303334459	-0.000479508598654	9.43455729325e-07	-0.00026169533583	0.000222930641312	0.000387687488676	0.000140814757058	3.5204845326e-05	-9.77160913798e-10	-6.64032002088e-10	-3.42705051572e-10	5.23626793447e-10	-2.78982888594e-10
Even1;k__Bacteria;p__Proteobacteria;c__Alphaproteobacteria;o__Rhodospirillales;f__Rhodospirillaceae;g__Inquilinus	-0.0884020839084	-0.0443285640384	0.00322141663503	-0.0390357360296	0.00875907507805	-0.00641124998767	0.010285835423	-0.00398671415109	-0.00780253062975	0.00221527263624	-0.000589138162902	9.18252361224e-05	0.00251808009002	-0.00111343271685	0.000912014137951	-0.000744565259691	0.000329680805441	1.59540303523e-06	0.00027827884435	-0.000451683008792	-2.52941600335e-05	8.05834272233e-06	-7.02556878762e-06	-3.31663420628e-06	1.33061213279e-07	-9.77160913749e-10	-6.64032001994e-10	-3.42705051507e-10	5.23626793431e-10	-2.78982888536e-10
Even1;k__Bacteria;p__Firmicutes;c__Clostridia;o__Clostridiales;f__Lachnospiraceae;g__Anaerostipes	-0.0884020839084	-0.0443285640384	0.00322141663503	-0.0390357360296	0.00875907507805	-0.00641124998767	0.010285835423	-0.00398671415109	-0.00780253062975	0.00221527263624	-0.000589138162902	9.18252361224e-05	0.00251808009002	-0.00111343271685	0.000912014137951	-0.000744565259691	0.000329680805441	1.59540303523e-06	0.00027827884435	-0.000451683008792	-2.52941600335e-05	8.05834272233e-06	-7.02556878762e-06	-3.31663420628e-06	1.33061213279e-07	-9.77160913749e-10	-6.64032001994e-10	-3.42705051507e-10	5.23626793431e-10	-2.78982888536e-10
Even1;k__Bacteria;p__Firmicutes;c__Erysipelotrichi;o__Erysipelotrichales;f__Erysipelotrichaceae;g__cc_115	-0.0884020839084	-0.0443285640384	0.00322141663503	-0.0390357360296	0.00875907507805	-0.00641124998767	0.010285835423	-0.00398671415109	-0.00780253062975	0.00221527263624	-0.000589138162902	9.18252361224e-05	0.00251808009002	-0.00111343271685	0.000912014137951	-0.000744565259691	0.000329680805441	1.59540303523e-06	0.00027827884435	-0.000451683008792	-2.52941600335e-05	8.05834272233e-06	-7.02556878762e-06	-3.31663420628e-06	1.33061213279e-07	-9.77160913749e-10	-6.64032001994e-10	-3.42705051507e-10	5.23626793431e-10	-2.78982888536e-10
Even1;k__Bacteria;p__Firmicutes;c__AHT28;o__;f__;g__	-0.0884020839084	-0.0443285640384	0.00322141663503	-0.0390357360296	0.00875907507805	-0.00641124998767	0.010285835423	-0.00398671415109	-0.00780253062975	0.00221527263624	-0.000589138162902	9.18252361224e-05	0.00251808009002	-0.00111343271685	0.000912014137951	-0.000744565259691	0.000329680805441	1.59540303523e-06	0.00027827884435	-0.000451683008792	-2.52941600335e-05	8.05834272233e-06	-7.02556878762e-06	-3.31663420628e-06	1.33061213279e-07	-9.77160913749e-10	-6.64032001994e-10	-3.42705051507e-10	5.23626793431e-10	-2.78982888536e-10
Even1;k__Bacteria;p__Proteobacteria;c__Gammaproteobacteria;o__Oceanospirillales;f__Hahellaceae;g__Hahella	-0.0884020839084	-0.0443285640384	0.00322141663503	-0.0390357360296	0.00875907507805	-0.00641124998767	0.010285835423	-0.00398671415109	-0.00780253062975	0.00221527263624	-0.000589138162902	9.18252361224e-05	0.00251808009002	-0.00111343271685	0.000912014137951	-0.000744565259691	0.000329680805441	1.59540303523e-06	0.00027827884435	-0.000451683008792	-2.52941600335e-05	8.05834272233e-06	-7.02556878762e-06	-3.31663420628e-06	1.33061213279e-07	-9.77160913749e-10	-6.64032001994e-10	-3.42705051507e-10	5.23626793431e-10	-2.78982888536e-10
Even1;k__Bacteria;p__Proteobacteria;c__Gammaproteobacteria;o__Alteromonadales;f__OM60;g__Congregibacter	-0.120230071707	0.150985678198	0.0442801443284	0.00405792502472	-0.0167046408616	0.00573205491446	-0.00281772691665	0.00281549856998	-0.000181031405302	-0.000588548834258	9.62695392869e-05	-4.69442517499e-05	0.00029463824012	2.47521032247e-05	2.73047353969e-05	2.13051360396e-05	-6.69571271933e-06	-8.94242595703e-06	-9.91710652799e-07	6.4568524436e-06	7.17285815825e-07	-9.45187366995e-08	7.92860373561e-08	8.60430782714e-08	-1.20269487406e-09	-9.77160913744e-10	-6.64032001992e-10	-3.42705051507e-10	5.23626793426e-10	-2.78982888536e-10
Even1;k__Bacteria;p__Bacteroidetes;c__Bacteroidia;o__Bacteroidales;f__Rikenellaceae;g__Rikenella	-0.120230071707	0.150985678198	0.0442801443284	0.00405792502472	-0.0167046408616	0.00573205491446	-0.00281772691665	0.00281549856998	-0.000181031405302	-0.000588548834258	9.62695392869e-05	-4.69442517499e-05	0.00029463824012	2.47521032247e-05	2.73047353969e-05	2.13051360396e-05	-6.69571271933e-06	-8.94242595703e-06	-9.91710652799e-07	6.4568524436e-06	7.17285815825e-07	-9.45187366995e-08	7.92860373561e-08	8.60430782714e-08	-1.20269487406e-09	-9.77160913744e-10	-6.64032001992e-10	-3.42705051507e-10	5.23626793426e-10	-2.78982888536e-10
Even3;k__Bacteria;p__Proteobacteria;c__Gammaproteobacteria;o__Alteromonadales;Other;Other	-0.0822575154869	-0.0469027779222	0.000218379232935	-0.038198498098	0.0110924314877	-0.00715506290047	0.00760687824451	-0.000606496951824	-0.0064064614238	-7.75346063503e-05	-0.00141867642774	-0.00028908132579	0.00440966831376	-0.0017673130369	0.00146186041229	-0.00100338462382	0.00125273961206	0.000153561254993	0.00105572255509	-5.81845511502e-05	-0.000254844347877	3.95483070887e-05	1.65886792612e-05	-0.0002944681226	-2.72792944723e-05	-9.77160913926e-10	-6.64032001957e-10	-3.4270505147e-10	5.23626793478e-10	-2.78982888499e-10
Even3;k__Bacteria;p__Firmicutes;c__Bacilli;o__Bacillales;f__Bacillaceae;Other	-0.0822575154869	-0.0469027779222	0.000218379232935	-0.038198498098	0.0110924314877	-0.00715506290047	0.00760687824451	-0.000606496951824	-0.0064064614238	-7.75346063503e-05	-0.00141867642774	-0.00028908132579	0.00440966831376	-0.0017673130369	0.00146186041229	-0.00100338462382	0.00125273961206	0.000153561254993	0.00105572255509	-5.81845511502e-05	-0.000254844347877	3.95483070887e-05	1.65886792612e-05	-0.0002944681226	-2.72792944723e-05	-9.77160913926e-10	-6.64032001957e-10	-3.4270505147e-10	5.23626793478e-10	-2.78982888499e-10
Even3;k__Bacteria;p__Actinobacteria;c__Actinobacteria;o__Actinomycetales;f__Microbacteriaceae;Other	-0.0625382813822	-0.0530459252587	-0.0126874603703	-0.0312989355391	0.017032611004	-0.00768889970785	-0.00105879787295	0.00934001124453	-0.000329540742628	-0.00599545590454	-0.000260764259112	0.00217174098111	0.00359809047668	-0.00140860713199	0.00419012553495	-0.00228054101542	0.0025972078337	0.00150384930455	0.00222182639935	9.59289655194e-05	-0.000806944994144	-3.58975584685e-05	-1.03674595667e-06	-0.000115821580657	-4.02628438261e-06	-9.77160913795e-10	-6.64032002009e-10	-3.4270505151e-10	5.23626793482e-10	-2.78982888535e-10
Even3;k__Bacteria;p__Firmicutes;c__Bacilli;o__Bacillales;f__Planococcaceae;g__Lysinibacillus	-0.099549712143	-0.0400794494145	0.0082879024013	-0.040388776692	0.00362756655922	-0.00480011999567	0.0148989084707	-0.0111209131239	-0.0111423648431	0.0060026987096	0.00142556863613	0.0010657318818	-0.00126476080629	0.000361969891417	-0.000533781876854	0.000477352451179	-0.000834962448869	-0.00046793817074	-0.000329648332251	-6.91172550618e-05	-8.9369820325e-06	-1.35451863121e-05	2.10426535601e-07	-4.24755961892e-06	-8.60297512326e-07	-9.77160913745e-10	-6.6403200199e-10	-3.42705051505e-10	5.23626793428e-10	-2.78982888534e-10
Even3;k__Bacteria;p__Proteobacteria;c__Gammaproteobacteria;o__Enterobacteriales;f__Enterobacteriaceae;g__Morganella	-0.099549712143	-0.0400794494145	0.0082879024013	-0.040388776692	0.00362756655922	-0.00480011999567	0.0148989084707	-0.0111209131239	-0.0111423648431	0.0060026987096	0.00142556863613	0.0010657318818	-0.00126476080629	0.000361969891417	-0.000533781876854	0.000477352451179	-0.000834962448869	-0.00046793817074	-0.000329648332251	-6.91172550618e-05	-8.9369820325e-06	-1.35451863121e-05	2.10426535601e-07	-4.24755961892e-06	-8.60297512326e-07	-9.77160913745e-10	-6.6403200199e-10	-3.42705051505e-10	5.23626793428e-10	-2.78982888534e-10
Even3;k__Bacteria;p__Proteobacteria;c__Gammaproteobacteria;o__Xanthomonadales;f__Xanthomonadaceae;g__Wohlfahrtiimonas	-0.099549712143	-0.0400794494145	0.0082879024013	-0.040388776692	0.00362756655922	-0.00480011999567	0.0148989084707	-0.0111209131239	-0.0111423648431	0.0060026987096	0.00142556863613	0.0010657318818	-0.00126476080629	0.000361969891417	-0.000533781876854	0.000477352451179	-0.000834962448869	-0.00046793817074	-0.000329648332251	-6.91172550618e-05	-8.9369820325e-06	-1.35451863121e-05	2.10426535601e-07	-4.24755961892e-06	-8.60297512326e-07	-9.77160913745e-10	-6.6403200199e-10	-3.42705051505e-10	5.23626793428e-10	-2.78982888534e-10
Even3;k__Bacteria;p__Proteobacteria;c__Deltaproteobacteria;o__Desulfobacterales;f__Desulfobulbaceae;g__Desulfobulbus	-0.099549712143	-0.0400794494145	0.0082879024013	-0.040388776692	0.00362756655922	-0.00480011999567	0.0148989084707	-0.0111209131239	-0.0111423648431	0.0060026987096	0.00142556863613	0.0010657318818	-0.00126476080629	0.000361969891417	-0.000533781876854	0.000477352451179	-0.000834962448869	-0.00046793817074	-0.000329648332251	-6.91172550618e-05	-8.9369820325e-06	-1.35451863121e-05	2.10426535601e-07	-4.24755961892e-06	-8.60297512326e-07	-9.77160913745e-10	-6.6403200199e-10	-3.42705051505e-10	5.23626793428e-10	-2.78982888534e-10
Even3;k__Bacteria;p__Firmicutes;c__Bacilli;o__Bacillales;f__Planococcaceae;Other	-0.0604234409416	-0.0529491098539	-0.0138834522018	-0.0271767306593	0.0173066280221	-0.00715105395551	-0.00130240746298	0.00864670326242	-7.55227697015e-05	-0.00768249029129	-0.000196651716616	0.00152030152916	0.00224703595316	-0.000223378875954	0.00264361969359	-0.00210635742014	0.000907178674579	0.00204533549811	0.000930949604201	0.000808781162885	5.96245697445e-05	2.35508586018e-05	-4.80811569663e-06	1.08600123928e-05	1.21746289641e-06	-9.77160913747e-10	-6.64032001994e-10	-3.42705051507e-10	5.23626793425e-10	-2.78982888537e-10
Even3;k__Bacteria;p__Firmicutes;c__Clostridia;o__Thermoanaerobacterales;f__Caldicellulosiruptoraceae;g__Caldicellulosiruptor	-0.100156040292	-0.0398899027499	0.00872189509103	-0.0405298201954	0.00339528600858	-0.0047722833856	0.0153124108783	-0.0113210848061	-0.011104225415	0.0061698740477	0.00142668731003	0.00113863443329	-0.00131928103188	0.000261419053137	-0.000579056167412	0.000446059613471	-0.000906740986499	-0.000434303334459	-0.000479508598654	9.43455729325e-07	-0.00026169533583	0.000222930641312	0.000387687488676	0.000140814757058	3.5204845326e-05	-9.77160913798e-10	-6.64032002088e-10	-3.42705051571e-10	5.23626793447e-10	-2.78982888593e-10
Even3;k__Bacteria;p__Cyanobacteria;c__Oscillatoriophycideae;o__Oscillatoriales;f__Oscillatoriaceae;g__	-0.100156040292	-0.0398899027499	0.00872189509103	-0.0405298201954	0.00339528600858	-0.0047722833856	0.0153124108783	-0.0113210848061	-0.011104225415	0.0061698740477	0.00142668731003	0.00113863443329	-0.00131928103188	0.000261419053137	-0.000579056167412	0.000446059613471	-0.000906740986499	-0.000434303334459	-0.000479508598654	9.43455729325e-07	-0.00026169533583	0.000222930641312	0.000387687488676	0.000140814757058	3.5204845326e-05	-9.77160913798e-10	-6.64032002088e-10	-3.42705051571e-10	5.23626793447e-10	-2.78982888593e-10
Even3;k__Bacteria;p__Proteobacteria;c__Gammaproteobacteria;o__Alteromonadales;f__[Chromatiaceae];g__Alishewanella	-0.100156040292	-0.0398899027499	0.00872189509103	-0.0405298201954	0.00339528600858	-0.0047722833856	0.0153124108783	-0.0113210848061	-0.011104225415	0.0061698740477	0.00142668731003	0.00113863443329	-0.00131928103188	0.000261419053137	-0.000579056167412	0.000446059613471	-0.000906740986499	-0.000434303334459	-0.000479508598654	9.43455729325e-07	-0.00026169533583	0.000222930641312	0.000387687488676	0.000140814757058	3.5204845326e-05	-9.77160913798e-10	-6.64032002088e-10	-3.42705051571e-10	5.23626793447e-10	-2.78982888593e-10
Even3;k__Bacteria;p__Cyanobacteria;c__Oscillatoriophycideae;o__Oscillatoriales;f__Phormidiaceae;g__Trichodesmium	-0.100156040292	-0.0398899027499	0.00872189509103	-0.0405298201954	0.00339528600858	-0.0047722833856	0.0153124108783	-0.0113210848061	-0.011104225415	0.0061698740477	0.00142668731003	0.00113863443329	-0.00131928103188	0.000261419053137	-0.000579056167412	0.000446059613471	-0.000906740986499	-0.000434303334459	-0.000479508598654	9.43455729325e-07	-0.00026169533583	0.000222930641312	0.000387687488676	0.000140814757058	3.5204845326e-05	-9.77160913798e-10	-6.64032002088e-10	-3.42705051571e-10	5.23626793447e-10	-2.78982888593e-10
Even3;k__Bacteria;p__Actinobacteria;c__Actinobacteria;o__Actinomycetales;f__Microbacteriaceae;g__Microbacterium	-0.100156040292	-0.0398899027499	0.00872189509103	-0.0405298201954	0.00339528600858	-0.0047722833856	0.0153124108783	-0.0113210848061	-0.011104225415	0.0061698740477	0.00142668731003	0.00113863443329	-0.00131928103188	0.000261419053137	-0.000579056167412	0.000446059613471	-0.000906740986499	-0.000434303334459	-0.000479508598654	9.43455729325e-07	-0.00026169533583	0.000222930641312	0.000387687488676	0.000140814757058	3.5204845326e-05	-9.77160913798e-10	-6.64032002088e-10	-3.42705051571e-10	5.23626793447e-10	-2.78982888593e-10
Even3;k__Bacteria;p__Chrysiogenetes;c__Chrysiogenetes;o__Chrysiogenales;f__Chrysiogenaceae;g__Desulfurispirillum	-0.100156040292	-0.0398899027499	0.00872189509103	-0.0405298201954	0.00339528600858	-0.0047722833856	0.0153124108783	-0.0113210848061	-0.011104225415	0.0061698740477	0.00142668731003	0.00113863443329	-0.00131928103188	0.000261419053137	-0.000579056167412	0.000446059613471	-0.000906740986499	-0.000434303334459	-0.000479508598654	9.43455729325e-07	-0.00026169533583	0.000222930641312	0.000387687488676	0.000140814757058	3.5204845326e-05	-9.77160913798e-10	-6.64032002088e-10	-3.42705051571e-10	5.23626793447e-10	-2.78982888593e-10
Even3;k__Bacteria;p__Bacteroidetes;c__Cytophagia;o__Cytophagales;f__Flammeovirgaceae;g__Flexithrix	-0.100156040292	-0.0398899027499	0.00872189509103	-0.0405298201954	0.00339528600858	-0.0047722833856	0.0153124108783	-0.0113210848061	-0.011104225415	0.0061698740477	0.00142668731003	0.00113863443329	-0.00131928103188	0.000261419053137	-0.000579056167412	0.000446059613471	-0.000906740986499	-0.000434303334459	-0.000479508598654	9.43455729325e-07	-0.00026169533583	0.000222930641312	0.000387687488676	0.000140814757058	3.5204845326e-05	-9.77160913798e-10	-6.64032002088e-10	-3.42705051571e-10	5.23626793447e-10	-2.78982888593e-10
Even4;k__Bacteria;p__Firmicutes;c__Clostridia;o__Clostridiales;f__[Acidaminobacteraceae];g__WH1-8	-0.0929722299846	-0.0424928855801	0.0053478745562	-0.0396185848539	0.00684444328374	-0.00579691416429	0.0121920598949	-0.00672844962528	-0.00904341183298	0.00385478986321	0.000145197401794	0.000425146079777	0.00101450265528	-0.000538384439952	0.000403949231759	-0.000385342274645	-0.000249792859915	-0.000161878414776	-0.000127387037654	-0.000552693985066	0.000188905081748	2.28941181731e-05	-9.27967854034e-06	2.78830018571e-05	1.40519752764e-06	-9.77160913737e-10	-6.6403200199e-10	-3.42705051506e-10	5.23626793417e-10	-2.78982888536e-10
Even4;k__Bacteria;p__Chloroflexi;c__Anaerolineae;o__;f__;g__	-0.120235734834	0.150971658813	0.0442836374759	0.00404947184588	-0.0166417015868	0.00570863939171	-0.00288627258642	0.00282232336944	-0.000185087908731	-0.000599847443716	8.71162990613e-05	-3.619137687e-05	0.000320476553243	1.30053462421e-05	4.00650244927e-05	3.70453181714e-05	1.92831742238e-05	1.85278594829e-06	0.000189094450255	-9.54916754421e-05	4.78468104774e-05	-0.000184631594818	0.000128075279731	-4.9710134062e-07	-4.10054948849e-06	-9.77160913712e-10	-6.64032001972e-10	-3.42705051496e-10	5.23626793413e-10	-2.78982888523e-10
Even1;k__Bacteria;p__Firmicutes;c__Bacilli;o__Bacillales;f__Thermoactinomycetaceae;g__Thermoactinomyces	-0.0927500404198	-0.0427649507975	0.00514814732688	-0.0395353197353	0.0065685000573	-0.00573668181744	0.0120700693893	-0.00695233785519	-0.00923351679718	0.00360569626796	0.000288291711626	0.000537629709009	0.000995384807704	-0.000508158907138	0.000263442232299	-0.000126254076041	-2.25601326509e-05	-0.000210557638174	0.000197602985073	-4.46194295348e-05	-0.000226407659414	-2.4060255956e-05	1.01733722368e-06	-3.52610105997e-05	-1.93376208157e-06	-9.77160913758e-10	-6.64032001994e-10	-3.42705051506e-10	5.23626793443e-10	-2.78982888533e-10
Even1;k__Bacteria;p__;c__;o__;f__;g__	-0.120235734834	0.150971658813	0.0442836374759	0.00404947184588	-0.0166417015868	0.00570863939171	-0.00288627258642	0.00282232336944	-0.000185087908731	-0.000599847443716	8.71162990613e-05	-3.619137687e-05	0.000320476553243	1.30053462421e-05	4.00650244927e-05	3.70453181714e-05	1.92831742238e-05	1.85278594829e-06	0.000189094450255	-9.54916754421e-05	4.78468104774e-05	-0.000184631594818	0.000128075279731	-4.9710134062e-07	-4.10054948849e-06	-9.77160913712e-10	-6.64032001972e-10	-3.42705051496e-10	5.23626793413e-10	-2.78982888523e-10
Even1;k__Bacteria;p__Firmicutes;c__Erysipelotrichi;o__Erysipelotrichales;f__Erysipelotrichaceae;g__L7A_E11	-0.120235734834	0.150971658813	0.0442836374759	0.00404947184588	-0.0166417015868	0.00570863939171	-0.00288627258642	0.00282232336944	-0.000185087908731	-0.000599847443716	8.71162990613e-05	-3.619137687e-05	0.000320476553243	1.30053462421e-05	4.00650244927e-05	3.70453181714e-05	1.92831742238e-05	1.85278594829e-06	0.000189094450255	-9.54916754421e-05	4.78468104774e-05	-0.000184631594818	0.000128075279731	-4.9710134062e-07	-4.10054948849e-06	-9.77160913712e-10	-6.64032001972e-10	-3.42705051496e-10	5.23626793413e-10	-2.78982888523e-10
Even1;k__Bacteria;p__Acidobacteria;c__;o__;f__;g__	-0.120235734834	0.150971658813	0.0442836374759	0.00404947184588	-0.0166417015868	0.00570863939171	-0.00288627258642	0.00282232336944	-0.000185087908731	-0.000599847443716	8.71162990613e-05	-3.619137687e-05	0.000320476553243	1.30053462421e-05	4.00650244927e-05	3.70453181714e-05	1.92831742238e-05	1.85278594829e-06	0.000189094450255	-9.54916754421e-05	4.78468104774e-05	-0.000184631594818	0.000128075279731	-4.9710134062e-07	-4.10054948849e-06	-9.77160913712e-10	-6.64032001972e-10	-3.42705051496e-10	5.23626793413e-10	-2.78982888523e-10
Even1;k__Bacteria;p__Chloroflexi;c__Anaerolineae;o__;f__;g__	-0.120235734834	0.150971658813	0.0442836374759	0.00404947184588	-0.0166417015868	0.00570863939171	-0.00288627258642	0.00282232336944	-0.000185087908731	-0.000599847443716	8.71162990613e-05	-3.619137687e-05	0.000320476553243	1.30053462421e-05	4.00650244927e-05	3.70453181714e-05	1.92831742238e-05	1.85278594829e-06	0.000189094450255	-9.54916754421e-05	4.78468104774e-05	-0.000184631594818	0.000128075279731	-4.9710134062e-07	-4.10054948849e-06	-9.77160913712e-10	-6.64032001972e-10	-3.42705051496e-10	5.23626793413e-10	-2.78982888523e-10
Even1;k__Bacteria;p__Bacteroidetes;c__[Saprospirae];o__[Saprospirales];f__;g__	-0.120235734834	0.150971658813	0.0442836374759	0.00404947184588	-0.0166417015868	0.00570863939171	-0.00288627258642	0.00282232336944	-0.000185087908731	-0.000599847443716	8.71162990613e-05	-3.619137687e-05	0.000320476553243	1.30053462421e-05	4.00650244927e-05	3.70453181714e-05	1.92831742238e-05	1.85278594829e-06	0.000189094450255	-9.54916754421e-05	4.78468104774e-05	-0.000184631594818	0.000128075279731	-4.9710134062e-07	-4.10054948849e-06	-9.77160913712e-10	-6.64032001972e-10	-3.42705051496e-10	5.23626793413e-10	-2.78982888523e-10
Even4;k__Bacteria;p__Proteobacteria;c__Gammaproteobacteria;o__Enterobacteriales;f__Enterobacteriaceae;g__Brenneria	-0.099549712143	-0.0400794494145	0.0082879024013	-0.040388776692	0.00362756655922	-0.00480011999567	0.0148989084707	-0.0111209131239	-0.0111423648431	0.0060026987096	0.00142556863613	0.0010657318818	-0.00126476080629	0.000361969891417	-0.000533781876854	0.000477352451179	-0.000834962448869	-0.00046793817074	-0.000329648332251	-6.91172550618e-05	-8.9369820325e-06	-1.35451863121e-05	2.10426535601e-07	-4.24755961892e-06	-8.60297512326e-07	-9.77160913745e-10	-6.6403200199e-10	-3.42705051504e-10	5.23626793428e-10	-2.78982888533e-10
Even4;k__Bacteria;p__Firmicutes;c__Clostridia;o__Clostridiales;f__Clostridiaceae;g__Caldanaerocella	-0.099549712143	-0.0400794494145	0.0082879024013	-0.040388776692	0.00362756655922	-0.00480011999567	0.0148989084707	-0.0111209131239	-0.0111423648431	0.0060026987096	0.00142556863613	0.0010657318818	-0.00126476080629	0.000361969891417	-0.000533781876854	0.000477352451179	-0.000834962448869	-0.00046793817074	-0.000329648332251	-6.91172550618e-05	-8.9369820325e-06	-1.35451863121e-05	2.10426535601e-07	-4.24755961892e-06	-8.60297512326e-07	-9.77160913745e-10	-6.6403200199e-10	-3.42705051504e-10	5.23626793428e-10	-2.78982888533e-10
Even4;k__Bacteria;p__Proteobacteria;c__Gammaproteobacteria;o__Enterobacteriales;f__Enterobacteriaceae;g__Morganella	-0.099549712143	-0.0400794494145	0.0082879024013	-0.040388776692	0.00362756655922	-0.00480011999567	0.0148989084707	-0.0111209131239	-0.0111423648431	0.0060026987096	0.00142556863613	0.0010657318818	-0.00126476080629	0.000361969891417	-0.000533781876854	0.000477352451179	-0.000834962448869	-0.00046793817074	-0.000329648332251	-6.91172550618e-05	-8.9369820325e-06	-1.35451863121e-05	2.10426535601e-07	-4.24755961892e-06	-8.60297512326e-07	-9.77160913745e-10	-6.6403200199e-10	-3.42705051504e-10	5.23626793428e-10	-2.78982888533e-10
Even4;k__Bacteria;p__Proteobacteria;c__Gammaproteobacteria;o__Xanthomonadales;f__Xanthomonadaceae;g__Wohlfahrtiimonas	-0.099549712143	-0.0400794494145	0.0082879024013	-0.040388776692	0.00362756655922	-0.00480011999567	0.0148989084707	-0.0111209131239	-0.0111423648431	0.0060026987096	0.00142556863613	0.0010657318818	-0.00126476080629	0.000361969891417	-0.000533781876854	0.000477352451179	-0.000834962448869	-0.00046793817074	-0.000329648332251	-6.91172550618e-05	-8.9369820325e-06	-1.35451863121e-05	2.10426535601e-07	-4.24755961892e-06	-8.60297512326e-07	-9.77160913745e-10	-6.6403200199e-10	-3.42705051504e-10	5.23626793428e-10	-2.78982888533e-10
Even4;k__Bacteria;p__Proteobacteria;c__Deltaproteobacteria;o__Desulfobacterales;f__Desulfobulbaceae;g__Desulfobulbus	-0.099549712143	-0.0400794494145	0.0082879024013	-0.040388776692	0.00362756655922	-0.00480011999567	0.0148989084707	-0.0111209131239	-0.0111423648431	0.0060026987096	0.00142556863613	0.0010657318818	-0.00126476080629	0.000361969891417	-0.000533781876854	0.000477352451179	-0.000834962448869	-0.00046793817074	-0.000329648332251	-6.91172550618e-05	-8.9369820325e-06	-1.35451863121e-05	2.10426535601e-07	-4.24755961892e-06	-8.60297512326e-07	-9.77160913745e-10	-6.6403200199e-10	-3.42705051504e-10	5.23626793428e-10	-2.78982888533e-10
Even4;k__Bacteria;p__Firmicutes;c__Bacilli;o__Bacillales;f__Planococcaceae;g__Lysinibacillus	-0.099549712143	-0.0400794494145	0.0082879024013	-0.040388776692	0.00362756655922	-0.00480011999567	0.0148989084707	-0.0111209131239	-0.0111423648431	0.0060026987096	0.00142556863613	0.0010657318818	-0.00126476080629	0.000361969891417	-0.000533781876854	0.000477352451179	-0.000834962448869	-0.00046793817074	-0.000329648332251	-6.91172550618e-05	-8.9369820325e-06	-1.35451863121e-05	2.10426535601e-07	-4.24755961892e-06	-8.60297512326e-07	-9.77160913745e-10	-6.6403200199e-10	-3.42705051504e-10	5.23626793428e-10	-2.78982888533e-10
Even4;k__Bacteria;p__Firmicutes;c__Bacilli;o__Bacillales;f__Planococcaceae;Other	-0.0604234409416	-0.0529491098539	-0.0138834522018	-0.0271767306593	0.0173066280221	-0.00715105395551	-0.00130240746298	0.00864670326242	-7.55227697015e-05	-0.00768249029129	-0.000196651716616	0.00152030152916	0.00224703595316	-0.000223378875954	0.00264361969359	-0.00210635742014	0.000907178674579	0.00204533549811	0.000930949604201	0.000808781162885	5.96245697445e-05	2.35508586018e-05	-4.80811569663e-06	1.08600123928e-05	1.21746289641e-06	-9.77160913747e-10	-6.64032001994e-10	-3.42705051507e-10	5.23626793425e-10	-2.78982888537e-10
Even4;k__Bacteria;p__Proteobacteria;c__Gammaproteobacteria;o__Vibrionales;f__;g__	-0.100156040292	-0.0398899027499	0.00872189509103	-0.0405298201954	0.00339528600858	-0.0047722833856	0.0153124108783	-0.0113210848061	-0.011104225415	0.0061698740477	0.00142668731003	0.00113863443329	-0.00131928103188	0.000261419053137	-0.000579056167412	0.000446059613471	-0.000906740986499	-0.000434303334459	-0.000479508598654	9.43455729325e-07	-0.00026169533583	0.000222930641312	0.000387687488676	0.000140814757058	3.5204845326e-05	-9.77160913798e-10	-6.64032002088e-10	-3.42705051571e-10	5.23626793447e-10	-2.78982888593e-10
Even4;k__Bacteria;p__Actinobacteria;c__Actinobacteria;o__Actinomycetales;f__Yaniellaceae;g__	-0.100156040292	-0.0398899027499	0.00872189509103	-0.0405298201954	0.00339528600858	-0.0047722833856	0.0153124108783	-0.0113210848061	-0.011104225415	0.0061698740477	0.00142668731003	0.00113863443329	-0.00131928103188	0.000261419053137	-0.000579056167412	0.000446059613471	-0.000906740986499	-0.000434303334459	-0.000479508598654	9.43455729325e-07	-0.00026169533583	0.000222930641312	0.000387687488676	0.000140814757058	3.5204845326e-05	-9.77160913798e-10	-6.64032002088e-10	-3.42705051571e-10	5.23626793447e-10	-2.78982888593e-10
Even4;k__Bacteria;p__Actinobacteria;c__Actinobacteria;o__Actinomycetales;f__Micrococcaceae;g__Renibacterium	-0.100156040292	-0.0398899027499	0.00872189509103	-0.0405298201954	0.00339528600858	-0.0047722833856	0.0153124108783	-0.0113210848061	-0.011104225415	0.0061698740477	0.00142668731003	0.00113863443329	-0.00131928103188	0.000261419053137	-0.000579056167412	0.000446059613471	-0.000906740986499	-0.000434303334459	-0.000479508598654	9.43455729325e-07	-0.00026169533583	0.000222930641312	0.000387687488676	0.000140814757058	3.5204845326e-05	-9.77160913798e-10	-6.64032002088e-10	-3.42705051571e-10	5.23626793447e-10	-2.78982888593e-10
Even4;k__Bacteria;p__Actinobacteria;c__Actinobacteria;o__Actinomycetales;f__Microbacteriaceae;g__Salinibacterium	-0.100156040292	-0.0398899027499	0.00872189509103	-0.0405298201954	0.00339528600858	-0.0047722833856	0.0153124108783	-0.0113210848061	-0.011104225415	0.0061698740477	0.00142668731003	0.00113863443329	-0.00131928103188	0.000261419053137	-0.000579056167412	0.000446059613471	-0.000906740986499	-0.000434303334459	-0.000479508598654	9.43455729325e-07	-0.00026169533583	0.000222930641312	0.000387687488676	0.000140814757058	3.5204845326e-05	-9.77160913798e-10	-6.64032002088e-10	-3.42705051571e-10	5.23626793447e-10	-2.78982888593e-10
Even4;k__Bacteria;p__Proteobacteria;c__Gammaproteobacteria;o__Methylococcales;f__Crenotrichaceae;g__Crenothrix	-0.100156040292	-0.0398899027499	0.00872189509103	-0.0405298201954	0.00339528600858	-0.0047722833856	0.0153124108783	-0.0113210848061	-0.011104225415	0.0061698740477	0.00142668731003	0.00113863443329	-0.00131928103188	0.000261419053137	-0.000579056167412	0.000446059613471	-0.000906740986499	-0.000434303334459	-0.000479508598654	9.43455729325e-07	-0.00026169533583	0.000222930641312	0.000387687488676	0.000140814757058	3.5204845326e-05	-9.77160913798e-10	-6.64032002088e-10	-3.42705051571e-10	5.23626793447e-10	-2.78982888593e-10
Even4;k__Bacteria;p__Proteobacteria;c__Betaproteobacteria;o__Neisseriales;f__Neisseriaceae;g__Microvirgula	-0.100156040292	-0.0398899027499	0.00872189509103	-0.0405298201954	0.00339528600858	-0.0047722833856	0.0153124108783	-0.0113210848061	-0.011104225415	0.0061698740477	0.00142668731003	0.00113863443329	-0.00131928103188	0.000261419053137	-0.000579056167412	0.000446059613471	-0.000906740986499	-0.000434303334459	-0.000479508598654	9.43455729325e-07	-0.00026169533583	0.000222930641312	0.000387687488676	0.000140814757058	3.5204845326e-05	-9.77160913798e-10	-6.64032002088e-10	-3.42705051571e-10	5.23626793447e-10	-2.78982888593e-10
Even4;k__Bacteria;p__Proteobacteria;c__Gammaproteobacteria;o__Alteromonadales;f__Moritellaceae;g__	-0.100156040292	-0.0398899027499	0.00872189509103	-0.0405298201954	0.00339528600858	-0.0047722833856	0.0153124108783	-0.0113210848061	-0.011104225415	0.0061698740477	0.00142668731003	0.00113863443329	-0.00131928103188	0.000261419053137	-0.000579056167412	0.000446059613471	-0.000906740986499	-0.000434303334459	-0.000479508598654	9.43455729325e-07	-0.00026169533583	0.000222930641312	0.000387687488676	0.000140814757058	3.5204845326e-05	-9.77160913798e-10	-6.64032002088e-10	-3.42705051571e-10	5.23626793447e-10	-2.78982888593e-10
Even4;k__Bacteria;p__Actinobacteria;c__Actinobacteria;o__Actinomycetales;f__Microbacteriaceae;Other	-0.0625382813821	-0.0530459252587	-0.0126874603703	-0.0312989355391	0.017032611004	-0.00768889970785	-0.00105879787295	0.00934001124453	-0.000329540742626	-0.00599545590454	-0.000260764259106	0.00217174098112	0.00359809047667	-0.00140860713198	0.00419012553496	-0.00228054101541	0.0025972078337	0.00150384930455	0.00222182639935	9.59289655194e-05	-0.000806944994144	-3.58975584685e-05	-1.03674595668e-06	-0.000115821580657	-4.02628438261e-06	-9.77160913795e-10	-6.64032002009e-10	-3.4270505151e-10	5.23626793482e-10	-2.78982888535e-10
Even3;k__Bacteria;p__Firmicutes;c__Clostridia;o__;f__;g__	-0.0997585860102	-0.0400261350048	0.00843047387292	-0.0404450482262	0.00354773364767	-0.00479058782253	0.0150279550607	-0.0111923755786	-0.0111410830213	0.00605566412709	0.00142561258366	0.00109129506572	-0.00128506423331	0.000325628711275	-0.00056224339305	0.000475343388073	-0.0008450172937	-0.000460149550341	-0.000384726780502	-5.59513544718e-05	2.10703338417e-05	0.000197026143778	0.000268102451966	-4.93306388539e-05	7.359574022e-06	-9.7716091388e-10	-6.64032002026e-10	-3.42705051524e-10	5.2362679345e-10	-2.78982888551e-10
Even1;k__Bacteria;p__Proteobacteria;c__Gammaproteobacteria;o__Alteromonadales;f__Moritellaceae;Other	-0.0825251057165	-0.0465478946827	0.000471177407032	-0.0382886939468	0.0114409696128	-0.00723073328871	0.00777254769539	-0.000319528823562	-0.00615168323715	0.000237971930515	-0.00159705089937	-0.000431579362461	0.00443676065097	-0.00180085860185	0.00165754929063	-0.00133987769627	0.000947891701411	0.000219544771782	0.000657172565852	-0.000677996241053	9.2906427865e-05	-9.93778065724e-05	-0.00020438209752	-7.53823298385e-05	-1.74028308431e-05	-9.77160913725e-10	-6.64032001946e-10	-3.42705051474e-10	5.23626793422e-10	-2.78982888507e-10
Even1;k__Bacteria;p__Actinobacteria;c__Coriobacteriia;o__Coriobacteriales;f__Coriobacteriaceae;g__	-0.0914845148454	-0.0430562588143	0.00471979619864	-0.039468240545	0.0075887877812	-0.0060389635766	0.0116121326934	-0.0056839305916	-0.00851771221412	0.00335753671473	-0.000174862446143	0.00028417201721	0.00156909095042	-0.000790728907901	0.000617035871765	-0.000602522753431	-0.0001110415963	-7.95220104859e-05	-0.000118130550193	-0.000663713742124	0.000260871084599	0.000189932441862	0.000189266814264	2.10333279984e-06	8.13647493837e-06	-9.77160913837e-10	-6.64032002017e-10	-3.42705051521e-10	5.2362679343e-10	-2.7898288855e-10
Even1;k__Bacteria;p__Proteobacteria;c__Deltaproteobacteria;o__Desulfobacterales;f__Desulfobulbaceae;g__Desulfobulbus	-0.099549712143	-0.0400794494145	0.0082879024013	-0.040388776692	0.00362756655922	-0.00480011999567	0.0148989084707	-0.0111209131239	-0.0111423648431	0.0060026987096	0.00142556863613	0.0010657318818	-0.00126476080629	0.000361969891417	-0.000533781876854	0.000477352451179	-0.000834962448869	-0.00046793817074	-0.000329648332251	-6.91172550618e-05	-8.9369820325e-06	-1.35451863121e-05	2.10426535601e-07	-4.24755961892e-06	-8.60297512326e-07	-9.77160913745e-10	-6.6403200199e-10	-3.42705051504e-10	5.23626793428e-10	-2.78982888534e-10
Even1;k__Bacteria;p__Proteobacteria;c__Gammaproteobacteria;o__Enterobacteriales;f__Enterobacteriaceae;g__Morganella	-0.099549712143	-0.0400794494145	0.0082879024013	-0.040388776692	0.00362756655922	-0.00480011999567	0.0148989084707	-0.0111209131239	-0.0111423648431	0.0060026987096	0.00142556863613	0.0010657318818	-0.00126476080629	0.000361969891417	-0.000533781876854	0.000477352451179	-0.000834962448869	-0.00046793817074	-0.000329648332251	-6.91172550618e-05	-8.9369820325e-06	-1.35451863121e-05	2.10426535601e-07	-4.24755961892e-06	-8.60297512326e-07	-9.77160913745e-10	-6.6403200199e-10	-3.42705051504e-10	5.23626793428e-10	-2.78982888534e-10
Even1;k__Bacteria;p__Firmicutes;c__Clostridia;o__Clostridiales;f__Clostridiaceae;g__Caldanaerocella	-0.099549712143	-0.0400794494145	0.0082879024013	-0.040388776692	0.00362756655922	-0.00480011999567	0.0148989084707	-0.0111209131239	-0.0111423648431	0.0060026987096	0.00142556863613	0.0010657318818	-0.00126476080629	0.000361969891417	-0.000533781876854	0.000477352451179	-0.000834962448869	-0.00046793817074	-0.000329648332251	-6.91172550618e-05	-8.9369820325e-06	-1.35451863121e-05	2.10426535601e-07	-4.24755961892e-06	-8.60297512326e-07	-9.77160913745e-10	-6.6403200199e-10	-3.42705051504e-10	5.23626793428e-10	-2.78982888534e-10
Even1;k__Bacteria;p__Actinobacteria;c__Actinobacteria;o__Actinomycetales;f__Microbacteriaceae;g__Candidatus Aquiluna	-0.0995390715867	-0.0400672102113	0.00829164537239	-0.0403758042585	0.00363080391711	-0.00480108000435	0.0149124557112	-0.0111131155923	-0.0111248545736	0.00600630787557	0.00142739605648	0.00106628565023	-0.00125987835759	0.000365202224416	-0.000512588764525	0.000466831390186	-0.000853468813641	-0.000467202958267	-0.00031152826197	-5.9266977123e-05	-0.000232929742145	-0.000123728142408	-0.000157836603725	0.000187556401975	-6.89614370611e-05	-9.7716091336e-10	-6.64032001642e-10	-3.4270505131e-10	5.2362679308e-10	-2.78982888345e-10
Even1;k__Bacteria;p__Actinobacteria;c__Actinobacteria;o__Actinomycetales;f__Microbacteriaceae;Other	-0.0595252092372	-0.0525848941877	-0.0179640477699	-0.0264763791698	0.0157329879584	-0.00589487031115	-0.00287230880942	0.00895805926921	0.000939043128354	-0.0060085983105	0.00373928746816	0.00591826094437	-0.00283978631035	0.00117145983739	0.004927912401	-0.00202040184591	0.00196736653518	0.00218873411701	0.00213704454433	0.000138486058465	-0.000517599619349	-5.67458240547e-06	-6.31847188935e-06	-7.23283467919e-05	-1.8249484067e-06	-9.77160913781e-10	-6.64032002005e-10	-3.4270505151e-10	5.23626793463e-10	-2.78982888537e-10
Even1;k__Bacteria;p__Firmicutes;c__Clostridia;o__Clostridiales;f__Veillonellaceae;g__Propionispora	-0.100156040292	-0.0398899027499	0.00872189509103	-0.0405298201954	0.00339528600857	-0.0047722833856	0.0153124108783	-0.0113210848061	-0.0111042254149	0.0061698740477	0.00142668731003	0.00113863443329	-0.00131928103188	0.000261419053137	-0.000579056167412	0.000446059613471	-0.000906740986499	-0.000434303334459	-0.000479508598654	9.43455729325e-07	-0.00026169533583	0.000222930641312	0.000387687488676	0.000140814757058	3.5204845326e-05	-9.77160913797e-10	-6.64032002088e-10	-3.42705051571e-10	5.23626793447e-10	-2.78982888593e-10
Even1;k__Bacteria;p__Thermotogae;c__Thermotogae;o__Thermotogales;f__Thermotogaceae;g__Thermotoga	-0.100156040292	-0.0398899027499	0.00872189509103	-0.0405298201954	0.00339528600857	-0.0047722833856	0.0153124108783	-0.0113210848061	-0.0111042254149	0.0061698740477	0.00142668731003	0.00113863443329	-0.00131928103188	0.000261419053137	-0.000579056167412	0.000446059613471	-0.000906740986499	-0.000434303334459	-0.000479508598654	9.43455729325e-07	-0.00026169533583	0.000222930641312	0.000387687488676	0.000140814757058	3.5204845326e-05	-9.77160913797e-10	-6.64032002088e-10	-3.42705051571e-10	5.23626793447e-10	-2.78982888593e-10
Even1;k__Bacteria;p__Bacteroidetes;c__Cytophagia;o__Cytophagales;f__Flammeovirgaceae;g__Persicobacter	-0.100156040292	-0.0398899027499	0.00872189509103	-0.0405298201954	0.00339528600857	-0.0047722833856	0.0153124108783	-0.0113210848061	-0.0111042254149	0.0061698740477	0.00142668731003	0.00113863443329	-0.00131928103188	0.000261419053137	-0.000579056167412	0.000446059613471	-0.000906740986499	-0.000434303334459	-0.000479508598654	9.43455729325e-07	-0.00026169533583	0.000222930641312	0.000387687488676	0.000140814757058	3.5204845326e-05	-9.77160913797e-10	-6.64032002088e-10	-3.42705051571e-10	5.23626793447e-10	-2.78982888593e-10
Even4;k__Bacteria;p__Firmicutes;c__Clostridia;o__;f__;g__	-0.0997585860102	-0.0400261350048	0.00843047387292	-0.0404450482262	0.00354773364767	-0.00479058782253	0.0150279550607	-0.0111923755786	-0.0111410830213	0.00605566412709	0.00142561258366	0.00109129506572	-0.00128506423331	0.000325628711275	-0.00056224339305	0.000475343388073	-0.0008450172937	-0.000460149550341	-0.000384726780502	-5.59513544718e-05	2.10703338417e-05	0.000197026143778	0.000268102451966	-4.93306388539e-05	7.359574022e-06	-9.7716091388e-10	-6.64032002026e-10	-3.42705051524e-10	5.2362679345e-10	-2.78982888551e-10
Even4;k__Bacteria;p__Firmicutes;c__Bacilli;o__Bacillales;f__Thermoactinomycetaceae;Other	-0.0587141367465	-0.0527631610287	-0.0160409786121	-0.0241951435762	0.0169647593463	-0.00637376223916	-0.00198811430514	0.00828828327661	0.000432011178268	-0.00824921588887	0.00115806970664	0.00255199503293	-0.000349274483685	0.00103171953252	0.00237404670181	-0.00196158316522	0.000133888522031	0.00245412583345	0.000472396720811	0.00106058425965	0.000444929549306	5.34413229797e-05	-7.82581425417e-06	6.7584954698e-05	3.69915731472e-06	-9.77160913726e-10	-6.64032001988e-10	-3.42705051507e-10	5.236267934e-10	-2.78982888539e-10
Even4;k__Bacteria;p__Actinobacteria;c__Actinobacteria;o__Bifidobacteriales;Other;Other	-0.00842025805633	-0.0588203914667	-0.0602549428355	-0.00108413000955	-0.0115607252175	0.00868079584704	-0.00128380447201	-0.000612895348199	0.0192353754967	0.00285683622575	-0.00316867085012	-0.00443419404078	0.00131914494986	0.00359758484499	0.0013605282311	-0.00380135721562	-0.00752543866978	-0.00011428703239	-0.000531901706235	-0.000931186948302	-0.00013907818789	-2.4014195425e-05	6.43434628873e-06	-2.35656142885e-05	-1.68418281975e-06	-9.77160913752e-10	-6.64032001992e-10	-3.42705051505e-10	5.23626793437e-10	-2.78982888533e-10
Even4;k__Bacteria;p__Proteobacteria;c__Alphaproteobacteria;o__Rhizobiales;Other;Other	-0.066662301351	-0.0521466302428	-0.0064122368242	-0.0365378175014	0.0197119501818	-0.00978409083881	0.00136466559164	0.0108414043694	-0.000647599792585	-0.00473684552236	-0.00497628753554	-0.00213719712831	0.0101315565016	-0.00413980176543	0.00415487366621	-0.00383612117794	0.0020908854959	0.00106236060908	0.000681658140733	-0.00248700090508	0.000980273336869	0.000168651336114	-4.72400988441e-05	0.000156405247761	1.04671776875e-05	-9.77160913707e-10	-6.64032001991e-10	-3.42705051513e-10	5.23626793371e-10	-2.78982888548e-10
Even1;k__Bacteria;p__Proteobacteria;c__Gammaproteobacteria;o__Alteromonadales;f__Alteromonadaceae;g__	-0.0786249164847	0.129382627617	-0.058014745446	0.0942429010366	0.102378746749	-0.0186962056025	0.00703740889028	-0.00976005601179	0.00243597648793	0.00239293911083	-0.00247043489982	-0.00208505389752	-0.00174814378394	-0.000103211722053	0.000610526062465	0.000475805458226	-0.000695468749213	-0.000200656742707	1.07755142034e-05	-0.000321049726374	-3.24960368192e-05	1.61982518517e-06	-1.2339750593e-06	-4.3063167989e-06	-3.71366372963e-08	-9.77160913749e-10	-6.64032001993e-10	-3.42705051506e-10	5.2362679343e-10	-2.78982888535e-10
Even1;k__Bacteria;p__Firmicutes;c__Bacilli;o__Bacillales;f__Thermoactinomycetaceae;Other	-0.0587141367465	-0.0527631610287	-0.0160409786121	-0.0241951435762	0.0169647593463	-0.00637376223916	-0.00198811430514	0.00828828327661	0.000432011178268	-0.00824921588887	0.00115806970664	0.00255199503293	-0.000349274483685	0.00103171953252	0.00237404670181	-0.00196158316522	0.000133888522031	0.00245412583345	0.000472396720811	0.00106058425965	0.000444929549306	5.34413229797e-05	-7.82581425417e-06	6.7584954698e-05	3.69915731472e-06	-9.77160913726e-10	-6.64032001988e-10	-3.42705051507e-10	5.236267934e-10	-2.78982888539e-10
Even3;k__Bacteria;p__Proteobacteria;c__Deltaproteobacteria;Other;Other;Other	-0.0655513535271	-0.0535069563297	-0.00741087297082	-0.0361214919084	0.0183322340496	-0.00948292910455	0.000754713063517	0.00972196321985	-0.00159812461361	-0.00598231349857	-0.00426081598638	-0.00157477898215	0.0100359672637	-0.00398867410136	0.00345233866891	-0.00254068018492	0.00322704913222	0.000818964492092	0.00230660825437	5.33718725735e-05	-0.00109629036894	-6.61205345316e-05	4.244979976e-06	-0.000159314814523	-6.22762035852e-06	-9.77160913809e-10	-6.64032002012e-10	-3.4270505151e-10	5.236267935e-10	-2.78982888533e-10
Even3;k__Bacteria;p__Proteobacteria;c__Deltaproteobacteria;o__Desulfobacterales;Other;Other	-0.0827926959462	-0.0461930114431	0.000723975581129	-0.0383788897955	0.0117895077378	-0.00730640367694	0.00793821714627	-3.25606952991e-05	-0.00589690505049	0.00055347846738	-0.001775425371	-0.000574077399133	0.00446385298818	-0.00183440416679	0.00185323816897	-0.00167637076872	0.000643043790763	0.000285528288572	0.000258622576617	-0.00129780793096	0.000440657203607	-0.000238303920233	-0.000425352874301	0.000143703462924	-7.5263672139e-06	-9.77160913523e-10	-6.64032001936e-10	-3.4270505148e-10	5.23626793367e-10	-2.78982888515e-10
Even3;k__Bacteria;p__Chrysiogenetes;c__Chrysiogenetes;o__Chrysiogenales;f__Chrysiogenaceae;Other	-0.0989636774467	-0.0402985995147	0.00784763143669	-0.0402755042877	0.00385262892585	-0.00482719669639	0.0144590434255	-0.0109349571235	-0.011214798234	0.00582724428587	0.00142346313091	0.00099661633057	-0.00121663063618	0.000454048027553	-0.000528617844327	0.000533910937275	-0.000721569908103	-0.000511841982106	-0.000195163144197	-0.000169740974874	0.000586601673186	0.000145217148709	2.89323785465e-05	-0.000429621430678	-4.8330968586e-05	-9.77160914044e-10	-6.64032001902e-10	-3.42705051429e-10	5.23626793455e-10	-2.78982888465e-10
Even3;k__Bacteria;p__Proteobacteria;c__Alphaproteobacteria;o__Rhizobiales;f__Beijerinckiaceae;g__Methylocella	-0.100156040292	-0.0398899027499	0.00872189509103	-0.0405298201954	0.00339528600858	-0.0047722833856	0.0153124108783	-0.0113210848061	-0.011104225415	0.0061698740477	0.00142668731003	0.00113863443329	-0.00131928103188	0.000261419053137	-0.000579056167412	0.000446059613471	-0.000906740986499	-0.000434303334459	-0.000479508598654	9.43455729325e-07	-0.00026169533583	0.000222930641312	0.000387687488676	0.000140814757058	3.5204845326e-05	-9.77160913798e-10	-6.64032002088e-10	-3.42705051571e-10	5.23626793447e-10	-2.78982888593e-10
Even3;k__Bacteria;p__Proteobacteria;c__Gammaproteobacteria;o__Xanthomonadales;f__Xanthomonadaceae;g__Ignatzschineria	-0.100156040292	-0.0398899027499	0.00872189509103	-0.0405298201954	0.00339528600858	-0.0047722833856	0.0153124108783	-0.0113210848061	-0.011104225415	0.0061698740477	0.00142668731003	0.00113863443329	-0.00131928103188	0.000261419053137	-0.000579056167412	0.000446059613471	-0.000906740986499	-0.000434303334459	-0.000479508598654	9.43455729325e-07	-0.00026169533583	0.000222930641312	0.000387687488676	0.000140814757058	3.5204845326e-05	-9.77160913798e-10	-6.64032002088e-10	-3.42705051571e-10	5.23626793447e-10	-2.78982888593e-10
Even3;k__Bacteria;p__Thermotogae;c__Thermotogae;o__Thermotogales;f__Thermotogaceae;g__Thermotoga	-0.100156040292	-0.0398899027499	0.00872189509103	-0.0405298201954	0.00339528600858	-0.0047722833856	0.0153124108783	-0.0113210848061	-0.011104225415	0.0061698740477	0.00142668731003	0.00113863443329	-0.00131928103188	0.000261419053137	-0.000579056167412	0.000446059613471	-0.000906740986499	-0.000434303334459	-0.000479508598654	9.43455729325e-07	-0.00026169533583	0.000222930641312	0.000387687488676	0.000140814757058	3.5204845326e-05	-9.77160913798e-10	-6.64032002088e-10	-3.42705051571e-10	5.23626793447e-10	-2.78982888593e-10
Even3;k__Bacteria;p__NC10;c__12-24;o__MIZ17;f__;g__	-0.100156040292	-0.0398899027499	0.00872189509103	-0.0405298201954	0.00339528600858	-0.0047722833856	0.0153124108783	-0.0113210848061	-0.011104225415	0.0061698740477	0.00142668731003	0.00113863443329	-0.00131928103188	0.000261419053137	-0.000579056167412	0.000446059613471	-0.000906740986499	-0.000434303334459	-0.000479508598654	9.43455729325e-07	-0.00026169533583	0.000222930641312	0.000387687488676	0.000140814757058	3.5204845326e-05	-9.77160913798e-10	-6.64032002088e-10	-3.42705051571e-10	5.23626793447e-10	-2.78982888593e-10
Even3;k__Bacteria;p__Firmicutes;c__Clostridia;o__Natranaerobiales;f__Contubernalisaceae;g__	-0.100156040292	-0.0398899027499	0.00872189509103	-0.0405298201954	0.00339528600858	-0.0047722833856	0.0153124108783	-0.0113210848061	-0.011104225415	0.0061698740477	0.00142668731003	0.00113863443329	-0.00131928103188	0.000261419053137	-0.000579056167412	0.000446059613471	-0.000906740986499	-0.000434303334459	-0.000479508598654	9.43455729325e-07	-0.00026169533583	0.000222930641312	0.000387687488676	0.000140814757058	3.5204845326e-05	-9.77160913798e-10	-6.64032002088e-10	-3.42705051571e-10	5.23626793447e-10	-2.78982888593e-10
Even3;k__Bacteria;p__Firmicutes;c__Clostridia;o__Clostridiales;f__Veillonellaceae;g__Propionispora	-0.100156040292	-0.0398899027499	0.00872189509103	-0.0405298201954	0.00339528600858	-0.0047722833856	0.0153124108783	-0.0113210848061	-0.011104225415	0.0061698740477	0.00142668731003	0.00113863443329	-0.00131928103188	0.000261419053137	-0.000579056167412	0.000446059613471	-0.000906740986499	-0.000434303334459	-0.000479508598654	9.43455729325e-07	-0.00026169533583	0.000222930641312	0.000387687488676	0.000140814757058	3.5204845326e-05	-9.77160913798e-10	-6.64032002088e-10	-3.42705051571e-10	5.23626793447e-10	-2.78982888593e-10
Even3;k__Bacteria;p__Firmicutes;c__Bacilli;o__Bacillales;f__Thermoactinomycetaceae;g__Laceyella	-0.100156040292	-0.0398899027499	0.00872189509103	-0.0405298201954	0.00339528600858	-0.0047722833856	0.0153124108783	-0.0113210848061	-0.011104225415	0.0061698740477	0.00142668731003	0.00113863443329	-0.00131928103188	0.000261419053137	-0.000579056167412	0.000446059613471	-0.000906740986499	-0.000434303334459	-0.000479508598654	9.43455729325e-07	-0.00026169533583	0.000222930641312	0.000387687488676	0.000140814757058	3.5204845326e-05	-9.77160913798e-10	-6.64032002088e-10	-3.42705051571e-10	5.23626793447e-10	-2.78982888593e-10
Even3;k__Bacteria;p__Proteobacteria;c__Gammaproteobacteria;o__Alteromonadales;f__HTCC2188;g__	-0.100156040292	-0.0398899027499	0.00872189509103	-0.0405298201954	0.00339528600858	-0.0047722833856	0.0153124108783	-0.0113210848061	-0.011104225415	0.0061698740477	0.00142668731003	0.00113863443329	-0.00131928103188	0.000261419053137	-0.000579056167412	0.000446059613471	-0.000906740986499	-0.000434303334459	-0.000479508598654	9.43455729325e-07	-0.00026169533583	0.000222930641312	0.000387687488676	0.000140814757058	3.5204845326e-05	-9.77160913798e-10	-6.64032002088e-10	-3.42705051571e-10	5.23626793447e-10	-2.78982888593e-10
Even3;k__Bacteria;p__Proteobacteria;c__Gammaproteobacteria;o__Oceanospirillales;Other;Other	-0.0547400544442	-0.0530714264216	-0.0208553495061	-0.0180238066136	0.0155911639285	-0.00466859793934	-0.00366450425354	0.00701172273022	0.000971816663695	-0.0100054010721	0.00422524832773	0.00489659111356	-0.00558968997633	0.00361748018149	0.00148363321961	-0.00102431415885	-0.000844609964904	0.00315000844564	0.00036776601085	0.00283437684202	0.000177257655525	-4.16368358755e-06	1.18813280408e-05	2.31748081665e-05	3.15147128325e-07	-9.77160913735e-10	-6.64032001986e-10	-3.42705051504e-10	5.23626793415e-10	-2.78982888534e-10
Even4;k__Bacteria;p__Proteobacteria;c__Deltaproteobacteria;Other;Other;Other	-0.0655513535271	-0.0535069563297	-0.00741087297082	-0.0361214919084	0.0183322340496	-0.00948292910455	0.000754713063517	0.00972196321985	-0.00159812461361	-0.00598231349857	-0.00426081598638	-0.00157477898215	0.0100359672637	-0.00398867410136	0.00345233866891	-0.00254068018492	0.00322704913222	0.000818964492092	0.00230660825437	5.33718725735e-05	-0.00109629036894	-6.61205345316e-05	4.244979976e-06	-0.000159314814523	-6.22762035852e-06	-9.77160913809e-10	-6.64032002012e-10	-3.4270505151e-10	5.236267935e-10	-2.78982888533e-10
Even4;k__Bacteria;p__Proteobacteria;c__Deltaproteobacteria;o__Desulfobacterales;Other;Other	-0.0827926959462	-0.0461930114431	0.000723975581129	-0.0383788897955	0.0117895077378	-0.00730640367694	0.00793821714627	-3.25606952991e-05	-0.00589690505049	0.00055347846738	-0.001775425371	-0.000574077399133	0.00446385298818	-0.00183440416679	0.00185323816897	-0.00167637076872	0.000643043790763	0.000285528288572	0.000258622576617	-0.00129780793096	0.000440657203607	-0.000238303920233	-0.000425352874301	0.000143703462924	-7.5263672139e-06	-9.77160913523e-10	-6.64032001936e-10	-3.4270505148e-10	5.23626793367e-10	-2.78982888515e-10
Even4;k__Bacteria;p__Proteobacteria;c__Betaproteobacteria;Other;Other;Other	-0.0989636774467	-0.0402985995147	0.00784763143669	-0.0402755042877	0.00385262892585	-0.00482719669639	0.0144590434255	-0.0109349571235	-0.011214798234	0.00582724428587	0.00142346313091	0.00099661633057	-0.00121663063618	0.000454048027553	-0.000528617844327	0.000533910937275	-0.000721569908103	-0.000511841982106	-0.000195163144197	-0.000169740974874	0.000586601673186	0.000145217148709	2.89323785465e-05	-0.000429621430678	-4.8330968586e-05	-9.77160914044e-10	-6.64032001902e-10	-3.42705051429e-10	5.23626793455e-10	-2.78982888465e-10
Even4;k__Bacteria;p__Cyanobacteria;c__Oscillatoriophycideae;Other;Other;Other	-0.0989433839941	-0.0402689960791	0.00785390971157	-0.0402477331887	0.00385984710986	-0.00482795660573	0.0144854060632	-0.0109207414418	-0.0111805042712	0.0058355233715	0.00142444996223	0.000992829330308	-0.00121024058072	0.000462520729698	-0.000488507586297	0.000508645288887	-0.000763183911238	-0.000501573007022	-0.000179788065849	-0.000139177965853	0.000243821371765	-0.000250021013936	-0.000387266635605	-0.000149309876296	-3.69254403507e-05	-9.77160913692e-10	-6.64032001892e-10	-3.42705051438e-10	5.2362679341e-10	-2.78982888474e-10
Even4;k__Bacteria;p__Actinobacteria;c__Actinobacteria;o__Actinomycetales;f__Micrococcaceae;Other	-0.0989230905414	-0.0402393926434	0.00786018798646	-0.0402199620896	0.00386706529388	-0.00482871651507	0.0145117687009	-0.01090652576	-0.0111462103084	0.00584380245712	0.00142543679354	0.000989042330045	-0.00120385052525	0.000470993431843	-0.000448397328267	0.000483379640499	-0.000804797914374	-0.000491304031937	-0.0001644129875	-0.000108614956832	-9.89589296551e-05	-0.000645259176581	-0.000803465649757	0.000131001678086	-2.55199121153e-05	-9.7716091334e-10	-6.64032001881e-10	-3.42705051446e-10	5.23626793364e-10	-2.78982888482e-10
Even4;k__Bacteria;p__Proteobacteria;c__Betaproteobacteria;o__Neisseriales;f__Neisseriaceae;Other	-0.0989230905414	-0.0402393926434	0.00786018798646	-0.0402199620896	0.00386706529388	-0.00482871651507	0.0145117687009	-0.01090652576	-0.0111462103084	0.00584380245712	0.00142543679354	0.000989042330045	-0.00120385052525	0.000470993431843	-0.000448397328267	0.000483379640499	-0.000804797914374	-0.000491304031937	-0.0001644129875	-0.000108614956832	-9.89589296551e-05	-0.000645259176581	-0.000803465649757	0.000131001678086	-2.55199121153e-05	-9.7716091334e-10	-6.64032001881e-10	-3.42705051446e-10	5.23626793364e-10	-2.78982888482e-10
Even4;k__Bacteria;p__NC10;c__12-24;o__MIZ17;f__;g__	-0.100156040292	-0.0398899027499	0.00872189509103	-0.0405298201954	0.00339528600858	-0.0047722833856	0.0153124108783	-0.0113210848061	-0.011104225415	0.0061698740477	0.00142668731003	0.00113863443329	-0.00131928103188	0.000261419053137	-0.000579056167412	0.000446059613471	-0.000906740986499	-0.000434303334459	-0.000479508598654	9.43455729325e-07	-0.00026169533583	0.000222930641312	0.000387687488676	0.000140814757058	3.5204845326e-05	-9.77160913798e-10	-6.64032002088e-10	-3.42705051571e-10	5.23626793447e-10	-2.78982888593e-10
Even4;k__Bacteria;p__Firmicutes;c__Clostridia;o__Natranaerobiales;f__Contubernalisaceae;g__	-0.100156040292	-0.0398899027499	0.00872189509103	-0.0405298201954	0.00339528600858	-0.0047722833856	0.0153124108783	-0.0113210848061	-0.011104225415	0.0061698740477	0.00142668731003	0.00113863443329	-0.00131928103188	0.000261419053137	-0.000579056167412	0.000446059613471	-0.000906740986499	-0.000434303334459	-0.000479508598654	9.43455729325e-07	-0.00026169533583	0.000222930641312	0.000387687488676	0.000140814757058	3.5204845326e-05	-9.77160913798e-10	-6.64032002088e-10	-3.42705051571e-10	5.23626793447e-10	-2.78982888593e-10
Even4;k__Bacteria;p__Firmicutes;c__Clostridia;o__Thermoanaerobacterales;f__Caldicellulosiruptoraceae;g__Caldicellulosiruptor	-0.100156040292	-0.0398899027499	0.00872189509103	-0.0405298201954	0.00339528600858	-0.0047722833856	0.0153124108783	-0.0113210848061	-0.011104225415	0.0061698740477	0.00142668731003	0.00113863443329	-0.00131928103188	0.000261419053137	-0.000579056167412	0.000446059613471	-0.000906740986499	-0.000434303334459	-0.000479508598654	9.43455729325e-07	-0.00026169533583	0.000222930641312	0.000387687488676	0.000140814757058	3.5204845326e-05	-9.77160913798e-10	-6.64032002088e-10	-3.42705051571e-10	5.23626793447e-10	-2.78982888593e-10
Even4;k__Bacteria;p__Cyanobacteria;c__Oscillatoriophycideae;o__Oscillatoriales;f__Oscillatoriaceae;g__	-0.100156040292	-0.0398899027499	0.00872189509103	-0.0405298201954	0.00339528600858	-0.0047722833856	0.0153124108783	-0.0113210848061	-0.011104225415	0.0061698740477	0.00142668731003	0.00113863443329	-0.00131928103188	0.000261419053137	-0.000579056167412	0.000446059613471	-0.000906740986499	-0.000434303334459	-0.000479508598654	9.43455729325e-07	-0.00026169533583	0.000222930641312	0.000387687488676	0.000140814757058	3.5204845326e-05	-9.77160913798e-10	-6.64032002088e-10	-3.42705051571e-10	5.23626793447e-10	-2.78982888593e-10
Even4;k__Bacteria;p__Proteobacteria;c__Gammaproteobacteria;o__Alteromonadales;f__[Chromatiaceae];g__	-0.0786249164847	0.129382627617	-0.058014745446	0.0942429010366	0.102378746749	-0.0186962056025	0.00703740889028	-0.00976005601179	0.00243597648793	0.00239293911083	-0.00247043489982	-0.00208505389752	-0.00174814378394	-0.000103211722053	0.000610526062465	0.000475805458226	-0.000695468749213	-0.000200656742707	1.07755142034e-05	-0.000321049726374	-3.24960368192e-05	1.61982518517e-06	-1.2339750593e-06	-4.3063167989e-06	-3.71366372963e-08	-9.77160913749e-10	-6.64032001993e-10	-3.42705051506e-10	5.2362679343e-10	-2.78982888535e-10
Even4;k__Bacteria;p__Proteobacteria;c__Gammaproteobacteria;o__Pasteurellales;Other;Other	-0.026827521722	-0.0566240495752	-0.0418257064688	-0.0172661047959	-0.00443975048875	0.00564498869812	0.0119373463408	0.0150413908878	0.0331966028268	0.0107043270926	0.00608382886771	-0.00859915689401	7.45279419694e-05	-0.00305047390416	0.000174800114136	0.00633356050019	-0.00555389147647	0.00309165384753	0.000442079054234	-0.000591517807646	-4.76533375086e-05	8.29383015204e-06	-1.01162078886e-05	-8.1064110586e-06	-2.25827662454e-07	-9.77160913751e-10	-6.64032001994e-10	-3.42705051506e-10	5.23626793432e-10	-2.78982888535e-10
Even4;k__Bacteria;p__Proteobacteria;c__Gammaproteobacteria;o__Xanthomonadales;Other;Other	0.000783373776501	-0.0599185624125	-0.0694695610188	0.00700685738363	-0.0151212125819	0.0101986994215	-0.00789437987841	-0.0084400384662	0.0122547618316	-0.00106690920767	-0.00779492070904	-0.00235171261416	0.0019414534538	0.00692161421956	0.00195339228958	-0.00886881607352	-0.00851121226643	-0.00171725747235	-0.00101889208647	-0.00110102151863	-0.000184790613081	-4.01682082135e-05	1.47096233774e-05	-3.12952159035e-05	-2.4133603984e-06	-9.77160913752e-10	-6.64032001991e-10	-3.42705051504e-10	5.23626793439e-10	-2.78982888532e-10
Even1;k__Bacteria;p__Cyanobacteria;Other;Other;Other;Other	-0.0822575154869	-0.0469027779222	0.000218379232935	-0.038198498098	0.0110924314877	-0.00715506290047	0.00760687824451	-0.000606496951824	-0.0064064614238	-7.75346063503e-05	-0.00141867642774	-0.00028908132579	0.00440966831376	-0.0017673130369	0.00146186041229	-0.00100338462382	0.00125273961206	0.000153561254993	0.00105572255509	-5.81845511502e-05	-0.000254844347877	3.95483070887e-05	1.65886792612e-05	-0.0002944681226	-2.72792944723e-05	-9.77160913926e-10	-6.64032001957e-10	-3.4270505147e-10	5.23626793478e-10	-2.78982888499e-10
Even1;k__Bacteria;p__Cyanobacteria;c__Oscillatoriophycideae;Other;Other;Other	-0.0989433839941	-0.040268996079	0.00785390971157	-0.0402477331886	0.00385984710986	-0.00482795660573	0.0144854060632	-0.0109207414418	-0.0111805042712	0.0058355233715	0.00142444996222	0.000992829330308	-0.00121024058072	0.000462520729698	-0.000488507586297	0.000508645288887	-0.000763183911238	-0.000501573007022	-0.000179788065849	-0.000139177965853	0.000243821371765	-0.000250021013936	-0.000387266635605	-0.000149309876296	-3.69254403507e-05	-9.77160913692e-10	-6.64032001891e-10	-3.42705051437e-10	5.23626793409e-10	-2.78982888473e-10
Even1;k__Bacteria;p__Proteobacteria;c__Gammaproteobacteria;o__Xanthomonadales;f__Xanthomonadaceae;g__Ignatzschineria	-0.100156040292	-0.0398899027499	0.00872189509103	-0.0405298201954	0.00339528600858	-0.0047722833856	0.0153124108783	-0.0113210848062	-0.011104225415	0.0061698740477	0.00142668731003	0.00113863443329	-0.00131928103188	0.000261419053137	-0.000579056167412	0.000446059613471	-0.000906740986499	-0.000434303334459	-0.000479508598654	9.43455729325e-07	-0.00026169533583	0.000222930641312	0.000387687488676	0.000140814757058	3.5204845326e-05	-9.77160913798e-10	-6.64032002088e-10	-3.42705051572e-10	5.23626793447e-10	-2.78982888594e-10
Even1;k__Bacteria;p__Proteobacteria;c__Gammaproteobacteria;o__Alteromonadales;f__HTCC2188;g__	-0.100156040292	-0.0398899027499	0.00872189509103	-0.0405298201954	0.00339528600858	-0.0047722833856	0.0153124108783	-0.0113210848062	-0.011104225415	0.0061698740477	0.00142668731003	0.00113863443329	-0.00131928103188	0.000261419053137	-0.000579056167412	0.000446059613471	-0.000906740986499	-0.000434303334459	-0.000479508598654	9.43455729325e-07	-0.00026169533583	0.000222930641312	0.000387687488676	0.000140814757058	3.5204845326e-05	-9.77160913798e-10	-6.64032002088e-10	-3.42705051572e-10	5.23626793447e-10	-2.78982888594e-10
Even1;k__Bacteria;p__Cyanobacteria;c__Oscillatoriophycideae;o__Oscillatoriales;f__Oscillatoriaceae;g__	-0.100156040292	-0.0398899027499	0.00872189509103	-0.0405298201954	0.00339528600858	-0.0047722833856	0.0153124108783	-0.0113210848062	-0.011104225415	0.0061698740477	0.00142668731003	0.00113863443329	-0.00131928103188	0.000261419053137	-0.000579056167412	0.000446059613471	-0.000906740986499	-0.000434303334459	-0.000479508598654	9.43455729325e-07	-0.00026169533583	0.000222930641312	0.000387687488676	0.000140814757058	3.5204845326e-05	-9.77160913798e-10	-6.64032002088e-10	-3.42705051572e-10	5.23626793447e-10	-2.78982888594e-10
Even1;k__Bacteria;p__Firmicutes;c__Bacilli;o__Bacillales;f__Bacillaceae;g__Terribacillus	-0.100156040292	-0.0398899027499	0.00872189509103	-0.0405298201954	0.00339528600858	-0.0047722833856	0.0153124108783	-0.0113210848062	-0.011104225415	0.0061698740477	0.00142668731003	0.00113863443329	-0.00131928103188	0.000261419053137	-0.000579056167412	0.000446059613471	-0.000906740986499	-0.000434303334459	-0.000479508598654	9.43455729325e-07	-0.00026169533583	0.000222930641312	0.000387687488676	0.000140814757058	3.5204845326e-05	-9.77160913798e-10	-6.64032002088e-10	-3.42705051572e-10	5.23626793447e-10	-2.78982888594e-10
Even1;k__Bacteria;p__Proteobacteria;c__Gammaproteobacteria;o__Alteromonadales;f__Moritellaceae;g__	-0.100156040292	-0.0398899027499	0.00872189509103	-0.0405298201954	0.00339528600858	-0.0047722833856	0.0153124108783	-0.0113210848062	-0.011104225415	0.0061698740477	0.00142668731003	0.00113863443329	-0.00131928103188	0.000261419053137	-0.000579056167412	0.000446059613471	-0.000906740986499	-0.000434303334459	-0.000479508598654	9.43455729325e-07	-0.00026169533583	0.000222930641312	0.000387687488676	0.000140814757058	3.5204845326e-05	-9.77160913798e-10	-6.64032002088e-10	-3.42705051572e-10	5.23626793447e-10	-2.78982888594e-10
Even1;k__Bacteria;p__Proteobacteria;c__Gammaproteobacteria;o__Oceanospirillales;Other;Other	-0.0547400544442	-0.0530714264216	-0.0208553495061	-0.0180238066136	0.0155911639285	-0.00466859793934	-0.00366450425354	0.00701172273022	0.000971816663695	-0.0100054010721	0.00422524832773	0.00489659111356	-0.00558968997633	0.00361748018149	0.00148363321961	-0.00102431415885	-0.000844609964904	0.00315000844564	0.00036776601085	0.00283437684202	0.000177257655525	-4.16368358755e-06	1.18813280408e-05	2.31748081665e-05	3.15147128325e-07	-9.77160913736e-10	-6.64032001986e-10	-3.42705051504e-10	5.23626793415e-10	-2.78982888534e-10
Even1;k__Bacteria;p__Actinobacteria;c__Actinobacteria;o__Bifidobacteriales;Other;Other	-0.0130220739728	-0.0582713059938	-0.0556476337438	-0.00512962370614	-0.00978048153532	0.00792184405981	0.0020214832312	0.0033006762108	0.0227256823292	0.00481870894247	-0.000855545920664	-0.00547543475409	0.00100799069788	0.0019355701577	0.00106409620186	-0.00126762778666	-0.00703255187145	0.00068719818759	-0.000288406516118	-0.000846269663138	-0.000116221975295	-1.59371890307e-05	2.2967077444e-06	-1.9700813481e-05	-1.31959403043e-06	-9.77160913751e-10	-6.64032001993e-10	-3.42705051505e-10	5.23626793436e-10	-2.78982888534e-10
Even1;k__Bacteria;p__Proteobacteria;c__Betaproteobacteria;o__Neisseriales;f__Neisseriaceae;Other	-0.0989230905414	-0.0402393926434	0.00786018798646	-0.0402199620896	0.00386706529388	-0.00482871651507	0.0145117687009	-0.01090652576	-0.0111462103084	0.00584380245712	0.00142543679354	0.000989042330045	-0.00120385052525	0.000470993431843	-0.000448397328267	0.000483379640499	-0.000804797914374	-0.000491304031937	-0.0001644129875	-0.000108614956832	-9.89589296551e-05	-0.000645259176581	-0.000803465649757	0.000131001678086	-2.55199121153e-05	-9.7716091334e-10	-6.64032001881e-10	-3.42705051446e-10	5.23626793364e-10	-2.78982888482e-10
Even1;k__Bacteria;p__Bacteroidetes;c__Bacteroidia;o__Bacteroidales;f__[Paraprevotellaceae];g__YRC22	-0.0786249164847	0.129382627617	-0.058014745446	0.0942429010366	0.102378746749	-0.0186962056025	0.00703740889028	-0.00976005601179	0.00243597648793	0.00239293911083	-0.00247043489982	-0.00208505389752	-0.00174814378394	-0.000103211722053	0.000610526062465	0.000475805458226	-0.000695468749213	-0.000200656742707	1.07755142034e-05	-0.000321049726374	-3.24960368192e-05	1.61982518517e-06	-1.2339750593e-06	-4.3063167989e-06	-3.71366372963e-08	-9.77160913749e-10	-6.64032001993e-10	-3.42705051506e-10	5.2362679343e-10	-2.78982888535e-10
Even3;k__Bacteria;p__Proteobacteria;c__Gammaproteobacteria;o__Alteromonadales;f__HTCC2188;Other	-0.0989636774467	-0.0402985995147	0.00784763143669	-0.0402755042877	0.00385262892585	-0.00482719669639	0.0144590434255	-0.0109349571235	-0.011214798234	0.00582724428587	0.00142346313091	0.00099661633057	-0.00121663063618	0.000454048027553	-0.000528617844327	0.000533910937275	-0.000721569908103	-0.000511841982106	-0.000195163144197	-0.000169740974874	0.000586601673186	0.000145217148709	2.89323785465e-05	-0.000429621430678	-4.8330968586e-05	-9.77160914044e-10	-6.64032001902e-10	-3.42705051429e-10	5.23626793455e-10	-2.78982888465e-10
Even3;k__Bacteria;p__Cyanobacteria;c__Nostocophycideae;o__Nostocales;f__Nostocaceae;g__Nodularia	-0.100157027952	-0.0398847777206	0.00872068742373	-0.0405279939634	0.00339602947681	-0.00477112327757	0.0153116790351	-0.0113224641876	-0.0111049519912	0.00617093480138	0.00142401930063	0.00113373989617	-0.00132265587381	0.000263427089285	-0.000581332134039	0.000441836087071	-0.000911342260089	-0.000425504784321	-0.000500373660868	1.18059088726e-05	-0.000156490117027	4.80583908586e-05	0.000287582535045	3.75183882514e-05	0.000182812652659	-9.77160914215e-10	-6.64032002772e-10	-3.42705051968e-10	5.23626794097e-10	-2.78982888978e-10
Even3;k__Bacteria;p__Firmicutes;c__Bacilli;o__Bacillales;f__Thermoactinomycetaceae;g__Thermoactinomyces	-0.100155052632	-0.0398950277792	0.00872310275833	-0.0405316464274	0.00339454254034	-0.00477344349363	0.0153131427215	-0.0113197054247	-0.0111034988387	0.00616881329402	0.00142935531943	0.00114352897041	-0.00131590618994	0.000259411016988	-0.000576780200784	0.000450283139872	-0.000902139712909	-0.000443101884597	-0.00045864353644	-9.91899741395e-06	-0.000366900554634	0.000397802891765	0.000487792442308	0.000244111125865	-0.000112402962007	-9.7716091338e-10	-6.64032001404e-10	-3.42705051175e-10	5.23626792797e-10	-2.78982888209e-10
Even3;k__Bacteria;p__Firmicutes;c__Erysipelotrichi;o__Erysipelotrichales;f__Erysipelotrichaceae;g__Bulleidia	-0.100155052632	-0.0398950277792	0.00872310275833	-0.0405316464274	0.00339454254034	-0.00477344349363	0.0153131427215	-0.0113197054247	-0.0111034988387	0.00616881329402	0.00142935531943	0.00114352897041	-0.00131590618994	0.000259411016988	-0.000576780200784	0.000450283139872	-0.000902139712909	-0.000443101884597	-0.00045864353644	-9.91899741395e-06	-0.000366900554634	0.000397802891765	0.000487792442308	0.000244111125865	-0.000112402962007	-9.7716091338e-10	-6.64032001404e-10	-3.42705051175e-10	5.23626792797e-10	-2.78982888209e-10
Even3;k__Bacteria;p__Firmicutes;c__Clostridia;o__Natranaerobiales;f__Anaerobrancaceae;g__	-0.0786249164847	0.129382627617	-0.058014745446	0.0942429010366	0.102378746749	-0.0186962056025	0.00703740889028	-0.00976005601179	0.00243597648793	0.00239293911083	-0.00247043489982	-0.00208505389752	-0.00174814378394	-0.000103211722053	0.000610526062465	0.000475805458226	-0.000695468749213	-0.000200656742707	1.07755142034e-05	-0.000321049726374	-3.24960368192e-05	1.61982518517e-06	-1.2339750593e-06	-4.3063167989e-06	-3.71366372963e-08	-9.77160913749e-10	-6.64032001993e-10	-3.42705051506e-10	5.2362679343e-10	-2.78982888535e-10
Even3;k__Bacteria;p__Firmicutes;c__Clostridia;o__Clostridiales;f__[Acidaminobacteraceae];g__WH1-8	-0.0786249164847	0.129382627617	-0.058014745446	0.0942429010366	0.102378746749	-0.0186962056025	0.00703740889028	-0.00976005601179	0.00243597648793	0.00239293911083	-0.00247043489982	-0.00208505389752	-0.00174814378394	-0.000103211722053	0.000610526062465	0.000475805458226	-0.000695468749213	-0.000200656742707	1.07755142034e-05	-0.000321049726374	-3.24960368192e-05	1.61982518517e-06	-1.2339750593e-06	-4.3063167989e-06	-3.71366372963e-08	-9.77160913749e-10	-6.64032001993e-10	-3.42705051506e-10	5.2362679343e-10	-2.78982888535e-10
Even3;k__Bacteria;p__Actinobacteria;c__Actinobacteria;o__Actinomycetales;f__Micrococcaceae;g__Arthrobacter	-0.0786249164847	0.129382627617	-0.058014745446	0.0942429010366	0.102378746749	-0.0186962056025	0.00703740889028	-0.00976005601179	0.00243597648793	0.00239293911083	-0.00247043489982	-0.00208505389752	-0.00174814378394	-0.000103211722053	0.000610526062465	0.000475805458226	-0.000695468749213	-0.000200656742707	1.07755142034e-05	-0.000321049726374	-3.24960368192e-05	1.61982518517e-06	-1.2339750593e-06	-4.3063167989e-06	-3.71366372963e-08	-9.77160913749e-10	-6.64032001993e-10	-3.42705051506e-10	5.2362679343e-10	-2.78982888535e-10
Even3;k__Bacteria;p__Firmicutes;c__Clostridia;o__Clostridiales;f__Clostridiaceae;g__Oxobacter	-0.0786249164847	0.129382627617	-0.058014745446	0.0942429010366	0.102378746749	-0.0186962056025	0.00703740889028	-0.00976005601179	0.00243597648793	0.00239293911083	-0.00247043489982	-0.00208505389752	-0.00174814378394	-0.000103211722053	0.000610526062465	0.000475805458226	-0.000695468749213	-0.000200656742707	1.07755142034e-05	-0.000321049726374	-3.24960368192e-05	1.61982518517e-06	-1.2339750593e-06	-4.3063167989e-06	-3.71366372963e-08	-9.77160913749e-10	-6.64032001993e-10	-3.42705051506e-10	5.2362679343e-10	-2.78982888535e-10
Even3;k__Bacteria;p__Proteobacteria;c__Gammaproteobacteria;o__Pasteurellales;Other;Other	-0.026827521722	-0.0566240495752	-0.0418257064688	-0.0172661047959	-0.00443975048875	0.00564498869812	0.0119373463408	0.0150413908878	0.0331966028268	0.0107043270926	0.00608382886771	-0.00859915689401	7.45279419694e-05	-0.00305047390416	0.000174800114136	0.00633356050019	-0.00555389147647	0.00309165384753	0.000442079054234	-0.000591517807646	-4.76533375086e-05	8.29383015204e-06	-1.01162078886e-05	-8.1064110586e-06	-2.25827662454e-07	-9.77160913751e-10	-6.64032001994e-10	-3.42705051506e-10	5.23626793432e-10	-2.78982888535e-10
Even3;k__Bacteria;p__Actinobacteria;c__Actinobacteria;o__Bifidobacteriales;Other;Other	0.000783373776501	-0.0599185624125	-0.0694695610188	0.00700685738363	-0.0151212125819	0.0101986994215	-0.00789437987841	-0.0084400384662	0.0122547618316	-0.00106690920767	-0.00779492070904	-0.00235171261416	0.0019414534538	0.00692161421956	0.00195339228958	-0.00886881607352	-0.00851121226643	-0.00171725747235	-0.00101889208647	-0.00110102151863	-0.000184790613081	-4.01682082135e-05	1.47096233774e-05	-3.12952159035e-05	-2.4133603984e-06	-9.77160913752e-10	-6.64032001991e-10	-3.42705051504e-10	5.23626793439e-10	-2.78982888532e-10
Even4;k__Bacteria;p__Cyanobacteria;Other;Other;Other;Other	-0.0655513535271	-0.0535069563297	-0.00741087297082	-0.0361214919084	0.0183322340496	-0.00948292910455	0.000754713063517	0.00972196321985	-0.00159812461361	-0.00598231349857	-0.00426081598638	-0.00157477898215	0.0100359672637	-0.00398867410136	0.00345233866891	-0.00254068018492	0.00322704913222	0.000818964492092	0.00230660825437	5.33718725735e-05	-0.00109629036894	-6.61205345316e-05	4.244979976e-06	-0.000159314814523	-6.22762035852e-06	-9.77160913809e-10	-6.64032002012e-10	-3.4270505151e-10	5.236267935e-10	-2.78982888533e-10
Even4;k__Bacteria;p__Chrysiogenetes;c__Chrysiogenetes;o__Chrysiogenales;f__Chrysiogenaceae;Other	-0.0989636774467	-0.0402985995147	0.00784763143669	-0.0402755042877	0.00385262892585	-0.00482719669639	0.0144590434255	-0.0109349571235	-0.011214798234	0.00582724428587	0.00142346313091	0.00099661633057	-0.00121663063618	0.000454048027553	-0.000528617844327	0.000533910937275	-0.000721569908103	-0.000511841982106	-0.000195163144197	-0.000169740974874	0.000586601673186	0.000145217148709	2.89323785465e-05	-0.000429621430678	-4.8330968586e-05	-9.77160914044e-10	-6.64032001902e-10	-3.42705051429e-10	5.23626793455e-10	-2.78982888465e-10
Even4;k__Bacteria;p__Firmicutes;c__Clostridia;o__Clostridiales;f__Clostridiaceae;g__Natronincola_Anaerovirgula	-0.0786249164847	0.129382627617	-0.058014745446	0.0942429010366	0.102378746749	-0.0186962056025	0.00703740889028	-0.00976005601179	0.00243597648793	0.00239293911083	-0.00247043489982	-0.00208505389752	-0.00174814378394	-0.000103211722053	0.000610526062465	0.000475805458226	-0.000695468749213	-0.000200656742707	1.07755142034e-05	-0.000321049726374	-3.24960368192e-05	1.61982518517e-06	-1.2339750593e-06	-4.3063167989e-06	-3.71366372963e-08	-9.77160913749e-10	-6.64032001993e-10	-3.42705051506e-10	5.2362679343e-10	-2.78982888535e-10
Even4;k__Bacteria;p__Proteobacteria;c__Gammaproteobacteria;o__Alteromonadales;f__Alteromonadaceae;g__	-0.0786249164847	0.129382627617	-0.058014745446	0.0942429010366	0.102378746749	-0.0186962056025	0.00703740889028	-0.00976005601179	0.00243597648793	0.00239293911083	-0.00247043489982	-0.00208505389752	-0.00174814378394	-0.000103211722053	0.000610526062465	0.000475805458226	-0.000695468749213	-0.000200656742707	1.07755142034e-05	-0.000321049726374	-3.24960368192e-05	1.61982518517e-06	-1.2339750593e-06	-4.3063167989e-06	-3.71366372963e-08	-9.77160913749e-10	-6.64032001993e-10	-3.42705051506e-10	5.2362679343e-10	-2.78982888535e-10
Even4;k__Bacteria;p__Firmicutes;c__Clostridia;o__Natranaerobiales;f__Anaerobrancaceae;g__	-0.0786249164847	0.129382627617	-0.058014745446	0.0942429010366	0.102378746749	-0.0186962056025	0.00703740889028	-0.00976005601179	0.00243597648793	0.00239293911083	-0.00247043489982	-0.00208505389752	-0.00174814378394	-0.000103211722053	0.000610526062465	0.000475805458226	-0.000695468749213	-0.000200656742707	1.07755142034e-05	-0.000321049726374	-3.24960368192e-05	1.61982518517e-06	-1.2339750593e-06	-4.3063167989e-06	-3.71366372963e-08	-9.77160913749e-10	-6.64032001993e-10	-3.42705051506e-10	5.2362679343e-10	-2.78982888535e-10
Even4;k__Bacteria;p__Firmicutes;c__Clostridia;o__Clostridiales;f__Clostridiaceae;g__Oxobacter	-0.0786249164847	0.129382627617	-0.058014745446	0.0942429010366	0.102378746749	-0.0186962056025	0.00703740889028	-0.00976005601179	0.00243597648793	0.00239293911083	-0.00247043489982	-0.00208505389752	-0.00174814378394	-0.000103211722053	0.000610526062465	0.000475805458226	-0.000695468749213	-0.000200656742707	1.07755142034e-05	-0.000321049726374	-3.24960368192e-05	1.61982518517e-06	-1.2339750593e-06	-4.3063167989e-06	-3.71366372963e-08	-9.77160913749e-10	-6.64032001993e-10	-3.42705051506e-10	5.2362679343e-10	-2.78982888535e-10
Even4;k__Bacteria;p__Actinobacteria;c__Actinobacteria;o__Actinomycetales;f__Micrococcaceae;g__Arthrobacter	-0.0786249164847	0.129382627617	-0.058014745446	0.0942429010366	0.102378746749	-0.0186962056025	0.00703740889028	-0.00976005601179	0.00243597648793	0.00239293911083	-0.00247043489982	-0.00208505389752	-0.00174814378394	-0.000103211722053	0.000610526062465	0.000475805458226	-0.000695468749213	-0.000200656742707	1.07755142034e-05	-0.000321049726374	-3.24960368192e-05	1.61982518517e-06	-1.2339750593e-06	-4.3063167989e-06	-3.71366372963e-08	-9.77160913749e-10	-6.64032001993e-10	-3.42705051506e-10	5.2362679343e-10	-2.78982888535e-10
Even1;k__Bacteria;p__Proteobacteria;c__Deltaproteobacteria;Other;Other;Other	-0.0655513535271	-0.0535069563297	-0.00741087297082	-0.0361214919084	0.0183322340496	-0.00948292910455	0.000754713063517	0.00972196321985	-0.00159812461361	-0.00598231349857	-0.00426081598638	-0.00157477898215	0.0100359672637	-0.00398867410136	0.00345233866891	-0.00254068018492	0.00322704913222	0.000818964492092	0.00230660825437	5.33718725735e-05	-0.00109629036894	-6.61205345316e-05	4.244979976e-06	-0.000159314814523	-6.22762035852e-06	-9.77160913809e-10	-6.64032002012e-10	-3.4270505151e-10	5.236267935e-10	-2.78982888533e-10
Even1;k__Bacteria;p__Proteobacteria;c__Deltaproteobacteria;o__Desulfobacterales;Other;Other	-0.066662301351	-0.0521466302428	-0.0064122368242	-0.0365378175014	0.0197119501818	-0.00978409083881	0.00136466559164	0.0108414043694	-0.000647599792585	-0.00473684552236	-0.00497628753554	-0.00213719712831	0.0101315565016	-0.00413980176543	0.00415487366621	-0.00383612117794	0.0020908854959	0.00106236060908	0.000681658140733	-0.00248700090508	0.000980273336869	0.000168651336114	-4.72400988441e-05	0.000156405247761	1.04671776875e-05	-9.77160913707e-10	-6.64032001991e-10	-3.42705051513e-10	5.23626793371e-10	-2.78982888548e-10
Even1;k__Bacteria;p__Proteobacteria;c__Gammaproteobacteria;o__Alteromonadales;f__HTCC2188;Other	-0.0989636774467	-0.0402985995147	0.00784763143669	-0.0402755042877	0.00385262892585	-0.00482719669639	0.0144590434255	-0.0109349571235	-0.011214798234	0.00582724428587	0.00142346313091	0.00099661633057	-0.00121663063618	0.000454048027553	-0.000528617844327	0.000533910937275	-0.000721569908103	-0.000511841982106	-0.000195163144197	-0.000169740974874	0.000586601673186	0.000145217148709	2.89323785465e-05	-0.000429621430678	-4.8330968586e-05	-9.77160914044e-10	-6.64032001902e-10	-3.42705051429e-10	5.23626793455e-10	-2.78982888465e-10
Even1;k__Bacteria;p__Cyanobacteria;c__Nostocophycideae;o__Nostocales;f__Nostocaceae;g__Nodularia	-0.100157027952	-0.0398847777206	0.00872068742373	-0.0405279939634	0.00339602947681	-0.00477112327757	0.0153116790351	-0.0113224641876	-0.0111049519912	0.00617093480138	0.00142401930063	0.00113373989617	-0.00132265587381	0.000263427089285	-0.000581332134039	0.000441836087071	-0.000911342260089	-0.000425504784321	-0.000500373660868	1.18059088726e-05	-0.000156490117027	4.80583908586e-05	0.000287582535045	3.75183882514e-05	0.000182812652659	-9.77160914215e-10	-6.64032002772e-10	-3.42705051968e-10	5.23626794097e-10	-2.78982888978e-10
Even1;k__Bacteria;p__Firmicutes;c__Erysipelotrichi;o__Erysipelotrichales;f__Erysipelotrichaceae;g__Bulleidia	-0.100155052632	-0.0398950277792	0.00872310275833	-0.0405316464274	0.00339454254034	-0.00477344349363	0.0153131427215	-0.0113197054247	-0.0111034988387	0.00616881329402	0.00142935531943	0.00114352897041	-0.00131590618994	0.000259411016988	-0.000576780200784	0.000450283139872	-0.000902139712909	-0.000443101884597	-0.00045864353644	-9.91899741395e-06	-0.000366900554634	0.000397802891765	0.000487792442308	0.000244111125865	-0.000112402962007	-9.7716091338e-10	-6.64032001404e-10	-3.42705051175e-10	5.23626792797e-10	-2.78982888209e-10
Even1;k__Bacteria;p__Firmicutes;c__Clostridia;o__Clostridiales;f__Clostridiaceae;g__Natronincola_Anaerovirgula	-0.0786249164847	0.129382627617	-0.058014745446	0.0942429010366	0.102378746749	-0.0186962056025	0.00703740889028	-0.00976005601179	0.00243597648793	0.00239293911083	-0.00247043489982	-0.00208505389752	-0.00174814378394	-0.000103211722053	0.000610526062465	0.000475805458226	-0.000695468749213	-0.000200656742707	1.07755142034e-05	-0.000321049726374	-3.24960368192e-05	1.61982518517e-06	-1.2339750593e-06	-4.3063167989e-06	-3.71366372963e-08	-9.77160913749e-10	-6.64032001993e-10	-3.42705051506e-10	5.2362679343e-10	-2.78982888535e-10
Even1;k__Bacteria;p__Proteobacteria;c__Gammaproteobacteria;o__Pasteurellales;Other;Other	-0.026827521722	-0.0566240495752	-0.0418257064688	-0.0172661047959	-0.00443975048875	0.00564498869812	0.0119373463408	0.0150413908878	0.0331966028268	0.0107043270926	0.00608382886771	-0.00859915689401	7.45279419694e-05	-0.00305047390416	0.000174800114136	0.00633356050019	-0.00555389147647	0.00309165384753	0.000442079054234	-0.000591517807646	-4.76533375086e-05	8.29383015204e-06	-1.01162078886e-05	-8.1064110586e-06	-2.25827662454e-07	-9.77160913751e-10	-6.64032001994e-10	-3.42705051506e-10	5.23626793432e-10	-2.78982888535e-10
Even1;k__Bacteria;p__Proteobacteria;c__Gammaproteobacteria;o__Xanthomonadales;Other;Other	0.000783373776501	-0.0599185624125	-0.0694695610188	0.00700685738363	-0.0151212125819	0.0101986994215	-0.00789437987841	-0.0084400384662	0.0122547618316	-0.00106690920767	-0.00779492070904	-0.00235171261416	0.0019414534538	0.00692161421956	0.00195339228958	-0.00886881607352	-0.00851121226643	-0.00171725747235	-0.00101889208647	-0.00110102151863	-0.000184790613081	-4.01682082135e-05	1.47096233774e-05	-3.12952159035e-05	-2.4133603984e-06	-9.77160913752e-10	-6.64032001991e-10	-3.42705051504e-10	5.23626793439e-10	-2.78982888532e-10