UclustConsensusTaxonAssigner parameters:
id_to_taxonomy_filepath:/home/ubuntu/data/unite-14.11/97_otu_taxonomy.txt
id_to_taxonomy_fp:/home/ubuntu/data/unite-14.11/97_otu_taxonomy.txt
max_accepts:1
min_consensus_fraction:1.0
reference_sequences_fp:/home/ubuntu/data/unite-14.11/97_otus.fasta
similarity:0.8
unassignable_label:Unassigned
Result path: /tmp/assign-taxwYyekp

.uc file contents:

# uclust --input /home/ubuntu/data/short-read-tax-assignment/data/simulated-community/F1-iter3/rep_set.fna --id 0.8 --rev --maxaccepts 1 --allhits --libonly --lib /home/ubuntu/data/unite-14.11/97_otus.fasta --uc /home/ubuntu/temp/UclustConsensusTaxonAssigner_DImTKa.uc
# version=1.2.22
# Tab-separated fields:
# 1=Type, 2=ClusterNr, 3=SeqLength or ClusterSize, 4=PctId, 5=Strand, 6=QueryStart, 7=SeedStart, 8=Alignment, 9=QueryLabel, 10=TargetLabel
# Record types (field 1): L=LibSeed, S=NewSeed, H=Hit, R=Reject, D=LibCluster, C=NewCluster, N=NoHit
# For C and D types, PctId is average id with seed.
# QueryStart and SeedStart are zero-based relative to start of sequence.
# If minus strand, SeedStart is relative to reverse-complemented seed.
L	30	1126	*	*	*	*	*	DQ525495	*
H	30	203	100.0	+	0	0	582I203M341I	DQ525495	DQ525495
L	35	597	*	*	*	*	*	DQ525514	*
H	35	202	100.0	+	0	0	51I202M344I	DQ525514	DQ525514
L	23637	494	*	*	*	*	*	DQ322125	*
H	23637	211	100.0	+	0	0	211M283I	DQ322124	DQ322125
L	65	518	*	*	*	*	*	DQ322131	*
H	65	176	100.0	+	0	0	28I176M314I	DQ322131	DQ322131
L	105	565	*	*	*	*	*	DQ539441	*
H	105	214	100.0	+	0	0	34I214M317I	DQ539441	DQ539441
L	116	637	*	*	*	*	*	AJ878506	*
H	116	252	100.0	+	0	0	13I252M372I	AJ878506	AJ878506
L	117	624	*	*	*	*	*	AJ878507	*
H	117	244	100.0	+	0	0	13I244M367I	AJ878507	AJ878507
L	129	650	*	*	*	*	*	AJ716305	*
H	129	222	100.0	+	0	0	28I222M400I	AJ716305	AJ716305
L	190	609	*	*	*	*	*	DQ681328	*
H	190	216	100.0	+	0	0	34I216M359I	DQ681328	DQ681328
L	193	596	*	*	*	*	*	DQ681337	*
H	193	210	100.0	+	0	0	39I210M347I	DQ681337	DQ681337
L	202	495	*	*	*	*	*	DQ631942	*
H	202	217	100.0	+	0	0	217M278I	DQ631942	DQ631942
L	203	525	*	*	*	*	*	DQ631943	*
H	203	249	100.0	+	0	0	249M276I	DQ631943	DQ631943
L	217	662	*	*	*	*	*	EU598176	*
H	217	228	100.0	+	0	0	228M434I	EU598176	EU598176
L	257	514	*	*	*	*	*	DQ825966	*
H	257	178	100.0	+	0	0	21I178M315I	DQ825966	DQ825966
L	268	607	*	*	*	*	*	AB540570	*
H	268	190	100.0	+	0	0	35I190M382I	AB540570	AB540570
L	281	722	*	*	*	*	*	AB015696	*
H	281	284	100.0	+	0	0	35I284M403I	AB015696	AB015696
L	293	568	*	*	*	*	*	EU427035	*
H	293	217	100.0	+	0	0	8I217M343I	EU427035	EU427035
L	298	670	*	*	*	*	*	AB255279	*
H	298	229	100.0	+	0	0	13I229M428I	AB255279	AB255279
L	302	547	*	*	*	*	*	AB255298	*
H	302	173	100.0	+	0	0	13I173M361I	AB255298	AB255298
L	323	526	*	*	*	*	*	U35308	*
H	323	197	100.0	+	0	0	197M329I	U35308	U35308
L	328	653	*	*	*	*	*	FJ010360	*
H	328	235	100.0	+	0	0	35I235M383I	FJ010360	FJ010360
L	340	680	*	*	*	*	*	AM400898	*
H	340	294	100.0	+	0	0	11I294M375I	AM400898	AM400898
L	348	622	*	*	*	*	*	JF745093	*
H	348	226	100.0	+	0	0	11I226M385I	JF745093	JF745093
L	356	240	*	*	*	*	*	AM397684	*
H	356	195	100.0	+	0	0	11I195M34I	AM397684	AM397684
L	383	606	*	*	*	*	*	DQ974719	*
H	383	269	100.0	+	0	0	269M337I	DQ974719	DQ974719
L	420	1546	*	*	*	*	*	AF272836	*
H	420	251	100.0	+	0	0	1295I251M	AF272836	AF272836
L	421	441	*	*	*	*	*	EF010914	*
H	421	227	100.0	+	0	0	11I227M203I	EF010914	EF010914
L	422	1677	*	*	*	*	*	DQ873592	*
H	422	1677	100.0	+	0	0	1677M	DQ873592	DQ873592
L	427	639	*	*	*	*	*	DQ873606	*
H	427	256	100.0	+	0	0	4I256M379I	DQ873606	DQ873606
L	439	1912	*	*	*	*	*	DQ873660	*
H	439	193	100.0	+	0	0	13I193M1706I	DQ873660	DQ873660
L	468	573	*	*	*	*	*	GQ388729	*
H	468	138	100.0	+	0	0	35I138M400I	GQ388729	GQ388729
L	486	470	*	*	*	*	*	DQ911449	*
H	486	172	100.0	+	0	0	172M298I	DQ911449	DQ911449
L	8357	484	*	*	*	*	*	FJ861408	*
H	8357	120	100.0	+	0	0	63I120M301I	AB539734	FJ861408
L	537	567	*	*	*	*	*	EF121336	*
H	537	218	100.0	+	0	0	I218M348I	EF121336	EF121336
L	544	676	*	*	*	*	*	GQ166898	*
H	544	217	100.0	+	0	0	I217M458I	GQ166898	GQ166898
L	546	728	*	*	*	*	*	JN182869	*
H	546	251	100.0	+	0	0	38I251M439I	JN182869	JN182869
L	547	1244	*	*	*	*	*	AY669658	*
H	547	197	100.0	+	0	0	41I197M1006I	AY669658	AY669658
L	579	867	*	*	*	*	*	EF093175	*
H	579	198	100.0	+	0	0	344I198M325I	EF093175	EF093175
L	588	945	*	*	*	*	*	AB254189	*
H	588	195	100.0	+	0	0	432I195M318I	AB254189	AB254189
L	639	607	*	*	*	*	*	FJ538352	*
H	639	272	100.0	+	0	0	24I272M311I	FJ538352	FJ538352
L	669	416	*	*	*	*	*	EF197948	*
H	669	108	100.0	+	0	0	24I108M284I	EF197948	EF197948
L	693	745	*	*	*	*	*	AY944892	*
H	693	291	100.0	+	0	0	7I291M447I	AY944892	AY944892
L	697	598	*	*	*	*	*	AJ271422	*
H	697	242	100.0	+	0	0	242M356I	AJ271422	AJ271422
L	716	489	*	*	*	*	*	EF203938	*
H	716	136	100.0	+	0	0	16I136M337I	EF203939	EF203938
L	721	716	*	*	*	*	*	AJ878536	*
H	721	303	100.0	+	0	0	303M413I	AJ878536	AJ878536
L	731	546	*	*	*	*	*	EF194842	*
H	731	187	100.0	+	0	0	38I187M321I	EF194842	EF194842
L	738	595	*	*	*	*	*	AF177149	*
H	738	198	100.0	+	0	0	31I198M366I	AF177149	AF177149
L	749	768	*	*	*	*	*	EF373567	*
H	749	219	100.0	+	0	0	216I219M333I	EF373567	EF373567
L	769	573	*	*	*	*	*	AY004783	*
H	769	230	100.0	+	0	0	10I230M333I	AY004783	AY004783
L	783	786	*	*	*	*	*	AM418551	*
H	783	145	100.0	+	0	0	328I145M313I	AM418551	AM418551
L	799	524	*	*	*	*	*	AF224333	*
H	799	244	100.0	+	0	0	244M280I	AF224333	AF224333
L	18099	645	*	*	*	*	*	AY373862	*
H	18099	229	100.0	+	0	0	11I229M405I	GU017496	AY373862
L	825	279	*	*	*	*	*	AB054045	*
H	825	228	100.0	+	0	0	22I228M29I	AB054045	AB054045
L	25980	551	*	*	*	*	*	GQ415344	*
H	25980	178	100.0	+	0	0	11I178M362I	FJ459948	GQ415344
L	882	612	*	*	*	*	*	HM036644	*
H	882	210	100.0	+	0	0	7I210M395I	HM036644	HM036644
L	886	633	*	*	*	*	*	AF336150	*
H	886	227	100.0	+	0	0	12I227M394I	AF336150	AF336150
L	898	621	*	*	*	*	*	EF155483	*
H	898	252	100.0	+	0	0	I252M368I	EF155483	EF155483
L	910	505	*	*	*	*	*	AY618679	*
H	910	199	100.0	+	0	0	13I199M293I	AY618679	AY618679
L	942	595	*	*	*	*	*	AF228650	*
H	942	200	100.0	+	0	0	200M395I	AF228650	AF228650
L	983	600	*	*	*	*	*	AF249906	*
H	983	303	100.0	+	0	0	303M297I	AF249906	AF249906
L	985	548	*	*	*	*	*	AF249908	*
H	985	217	100.0	+	0	0	217M331I	AF249908	AF249908
L	1026	752	*	*	*	*	*	EF183540	*
H	1026	251	100.0	+	0	0	27I251M474I	EF183540	EF183540
L	1051	1241	*	*	*	*	*	EF530932	*
H	1051	237	100.0	+	0	0	7I237M997I	EF530932	EF530932
L	1059	498	*	*	*	*	*	EF535663	*
H	1059	181	100.0	+	0	0	181M317I	EF535663	EF535663
L	1069	728	*	*	*	*	*	EF200037	*
H	1069	192	100.0	+	0	0	50I192M486I	EF200037	EF200037
L	1087	517	*	*	*	*	*	EF197069	*
H	1087	172	100.0	+	0	0	13I172M332I	EF197069	EF197069
L	1098	618	*	*	*	*	*	EF212840	*
H	1098	206	100.0	+	0	0	49I206M363I	EF212840	EF212840
L	1111	597	*	*	*	*	*	EF372410	*
H	1111	274	100.0	+	0	0	50I274M273I	EF372410	EF372410
L	1113	934	*	*	*	*	*	AY041172	*
H	1113	412	100.0	+	0	0	24I412M498I	AY041172	AY041172
L	1127	625	*	*	*	*	*	DQ068972	*
H	1127	235	100.0	+	0	0	5I235M385I	DQ068972	DQ068972
L	1128	567	*	*	*	*	*	EU295634	*
H	1128	242	100.0	+	0	0	242M325I	EU295634	EU295634
L	1132	554	*	*	*	*	*	AF387653	*
H	1132	225	100.0	+	0	0	225M329I	AF387653	AF387653
L	1150	487	*	*	*	*	*	EF395370	*
H	1150	162	100.0	+	0	0	162M325I	EF395370	EF395370
L	1151	594	*	*	*	*	*	EF568065	*
H	1151	242	100.0	+	0	0	242M352I	EF568065	EF568065
L	1163	617	*	*	*	*	*	AB190380	*
H	1163	234	100.0	+	0	0	19I234M364I	AB190380	AB190380
L	1175	627	*	*	*	*	*	EF421106	*
H	1175	293	100.0	+	0	0	2I293M332I	EF421106	EF421106
L	1177	588	*	*	*	*	*	EF421109	*
H	1177	266	100.0	+	0	0	266M322I	EF421109	EF421109
L	1187	543	*	*	*	*	*	EF600964	*
H	1187	210	100.0	+	0	0	210M333I	EF600964	EF600964
L	1195	558	*	*	*	*	*	EF392732	*
H	1195	118	100.0	+	0	0	71I118M369I	EF392732	EF392732
L	1214	598	*	*	*	*	*	EF619561	*
H	1214	240	100.0	+	0	0	27I240M331I	EF619561	EF619561
L	1243	974	*	*	*	*	*	JQ711843	*
H	1243	234	100.0	+	0	0	118I234M622I	JQ711843	JQ711843
L	1261	669	*	*	*	*	*	AF349687	*
H	1261	276	100.0	+	0	0	11I276M382I	AF349687	AF349687
L	1269	590	*	*	*	*	*	AF357053	*
H	1269	263	100.0	+	0	0	11I263M316I	AF357053	AF357053
L	1271	600	*	*	*	*	*	AF357058	*
H	1271	265	100.0	+	0	0	11I265M324I	AF357058	AF357058
L	1278	705	*	*	*	*	*	AF254929	*
H	1278	293	100.0	+	0	0	11I293M401I	AF254929	AF254929
L	1299	908	*	*	*	*	*	DQ534470	*
H	1299	208	100.0	+	0	0	273I208M427I	DQ534470	DQ534470
L	1302	692	*	*	*	*	*	DQ534479	*
H	1302	215	100.0	+	0	0	64I215M413I	DQ534479	DQ534479
L	1362	530	*	*	*	*	*	AY452509	*
H	1362	168	100.0	+	0	0	168M362I	AY452509	AY452509
L	1372	536	*	*	*	*	*	AF298130	*
H	1372	203	100.0	+	0	0	203M333I	AF298130	AF298130
L	1391	584	*	*	*	*	*	EU016102	*
H	1391	223	100.0	+	0	0	5I223M356I	EU016102	EU016102
L	1420	587	*	*	*	*	*	GU189520	*
H	1420	200	100.0	+	0	0	11I200M376I	GU189520	GU189520
L	1434	476	*	*	*	*	*	EF535190	*
H	1434	196	100.0	+	0	0	196M280I	EF535190	EF535190
L	1436	478	*	*	*	*	*	EF535195	*
H	1436	199	100.0	+	0	0	199M279I	EF535195	EF535195
L	19970	779	*	*	*	*	*	DQ866999	*
H	19970	256	100.0	+	0	0	108I256M415I	AB271785	DQ866999
L	1482	1183	*	*	*	*	*	EF592164	*
H	1482	234	100.0	+	0	0	234M949I	EF592164	EF592164
L	1537	1854	*	*	*	*	*	EU040212	*
H	1537	186	100.0	+	0	0	122I186M1546I	EU040212	EU040212
L	1608	548	*	*	*	*	*	EU057901	*
H	1608	218	100.0	+	0	0	218M330I	EU057901	EU057901
L	1624	538	*	*	*	*	*	EU092657	*
H	1624	177	100.0	+	0	0	33I177M328I	EU092657	EU092657
L	1650	441	*	*	*	*	*	EU149926	*
H	1650	160	100.0	+	0	0	160M281I	EU149926	EU149926
L	1667	548	*	*	*	*	*	AF332112	*
H	1667	209	100.0	+	0	0	209M339I	AF332112	AF332112
L	1673	565	*	*	*	*	*	AF332127	*
H	1673	178	100.0	+	0	0	178M387I	AF332127	AF332127
L	1679	517	*	*	*	*	*	EU037894	*
H	1679	165	100.0	+	0	0	12I165M340I	EU037894	EU037894
L	1684	651	*	*	*	*	*	AY050628	*
H	1684	210	100.0	+	0	0	11I210M430I	AY050628	AY050628
L	1685	491	*	*	*	*	*	AY035661	*
H	1685	108	100.0	+	0	0	11I108M372I	AY035661	AY035661
L	1690	651	*	*	*	*	*	EU047803	*
H	1690	234	100.0	+	0	0	13I234M404I	EU047803	EU047803
L	1710	1149	*	*	*	*	*	EF652086	*
H	1710	205	100.0	+	0	0	205M944I	EF652086	EF652086
L	1737	688	*	*	*	*	*	AM269795	*
H	1737	270	100.0	+	0	0	18I270M400I	AM269795	AM269795
L	1744	595	*	*	*	*	*	EU236704	*
H	1744	210	100.0	+	0	0	21I210M364I	EU236704	EU236704
L	1745	555	*	*	*	*	*	GU066724	*
H	1745	207	100.0	+	0	0	207M348I	GU066724	GU066724
L	1773	554	*	*	*	*	*	EU128046	*
H	1773	215	100.0	+	0	0	215M339I	EU128046	EU128046
L	1782	461	*	*	*	*	*	EU214583	*
H	1782	158	100.0	+	0	0	158M303I	EU214583	EU214583
L	1796	542	*	*	*	*	*	AB369268	*
H	1796	199	100.0	+	0	0	199M343I	AB369268	AB369268
L	1816	2062	*	*	*	*	*	AB369930	*
H	1816	200	100.0	+	0	0	606I200M1256I	AB369930	AB369930
L	1817	1744	*	*	*	*	*	AB369939	*
H	1817	198	100.0	+	0	0	1134I198M412I	AB369939	AB369939
L	1818	319	*	*	*	*	*	EF176489	*
H	1818	319	100.0	+	0	0	319M	EF176489	EF176489
L	1821	529	*	*	*	*	*	GU062298	*
H	1821	192	100.0	+	0	0	38I192M299I	GU062298	GU062298
L	27067	548	*	*	*	*	*	GU062246	*
H	27067	226	100.0	+	0	0	46I226M276I	AJ302468	GU062246
L	11121	608	*	*	*	*	*	FJ948132	*
H	11121	216	100.0	+	0	0	14I216M378I	FJ861375	FJ948132
L	1896	746	*	*	*	*	*	EU266087	*
H	1896	205	100.0	+	0	0	232I205M309I	EU266087	EU266087
L	1907	567	*	*	*	*	*	FJ556909	*
H	1907	191	100.0	+	0	0	45I191M331I	FJ556909	FJ556909
L	16841	795	*	*	*	*	*	AJ301702	*
H	16841	195	100.0	+	0	0	586I195M14I	AM901684	AJ301702
L	1910	540	*	*	*	*	*	GU062212	*
H	1910	206	100.0	+	0	0	39I206M295I	GU062212	GU062212
L	1933	349	*	*	*	*	*	AF438570	*
H	1933	272	100.0	+	0	0	272M77I	AF438570	AF438570
L	1944	904	*	*	*	*	*	EU352772	*
H	1944	304	100.0	+	0	0	153I304M447I	EU352772	EU352772
L	1957	617	*	*	*	*	*	HQ586862	*
H	1957	204	100.0	+	0	0	40I204M373I	HQ586862	HQ586862
L	1961	601	*	*	*	*	*	AM882792	*
H	1961	259	100.0	+	0	0	259M342I	AM882792	AM882792
L	1973	545	*	*	*	*	*	AM889230	*
H	1973	120	100.0	+	0	0	120I120M305I	AM889230	AM889230
L	1976	456	*	*	*	*	*	AM921705	*
H	1976	168	100.0	+	0	0	168M288I	AM921705	AM921705
L	1980	532	*	*	*	*	*	AM921720	*
H	1980	239	100.0	+	0	0	239M293I	AM921720	AM921720
L	7295	614	*	*	*	*	*	EU365847	*
H	7295	235	100.0	+	0	0	50I235M329I	EU365846	EU365847
L	1991	590	*	*	*	*	*	EU179862	*
H	1991	216	100.0	+	0	0	11I216M363I	EU179862	EU179862
L	2002	558	*	*	*	*	*	AB374294	*
H	2002	211	100.0	+	0	0	5I211M342I	AB374294	AB374294
L	2044	652	*	*	*	*	*	EU379214	*
H	2044	241	100.0	+	0	0	241M411I	EU379214	EU379214
L	2058	517	*	*	*	*	*	FJ697171	*
H	2058	138	100.0	+	0	0	17I138M362I	FJ697171	FJ697171
L	2072	620	*	*	*	*	*	AJ542531	*
H	2072	243	100.0	+	0	0	243M377I	AJ542531	AJ542531
L	2083	451	*	*	*	*	*	AF422988	*
H	2083	259	100.0	+	0	0	24I259M168I	AF422988	AF422988
L	2101	1004	*	*	*	*	*	EU443387	*
H	2101	144	100.0	+	0	0	7I144M853I	EU443387	EU443387
L	2110	646	*	*	*	*	*	EU326165	*
H	2110	189	100.0	+	0	0	8I189M449I	EU326165	EU326165
L	2111	735	*	*	*	*	*	EU435008	*
H	2111	289	100.0	+	0	0	289M446I	EU435008	EU435008
L	2168	512	*	*	*	*	*	EU199199	*
H	2168	226	100.0	+	0	0	226M286I	EU199199	EU199199
L	2169	510	*	*	*	*	*	EU314688	*
H	2169	207	100.0	+	0	0	207M303I	EU314688	EU314688
L	2173	493	*	*	*	*	*	HQ026244	*
H	2173	203	100.0	+	0	0	203M290I	HQ026244	HQ026244
L	2208	518	*	*	*	*	*	AF439458	*
H	2208	224	100.0	+	0	0	224M294I	AF439458	AF439458
L	2217	522	*	*	*	*	*	AF439498	*
H	2217	224	100.0	+	0	0	224M298I	AF439498	AF439498
L	2239	618	*	*	*	*	*	AF440867	*
H	2239	202	100.0	+	0	0	49I202M367I	AF440867	AF440867
L	2240	575	*	*	*	*	*	GQ120497	*
H	2240	207	100.0	+	0	0	11I207M357I	GQ120497	GQ120497
L	2250	584	*	*	*	*	*	EU523585	*
H	2250	248	100.0	+	0	0	248M336I	EU523585	EU523585
L	2276	520	*	*	*	*	*	EU526008	*
H	2276	196	100.0	+	0	0	196M324I	EU526008	EU526008
L	2290	491	*	*	*	*	*	EU343855	*
H	2290	184	100.0	+	0	0	184M307I	EU343855	EU343855
L	2294	843	*	*	*	*	*	EU556333	*
H	2294	843	100.0	+	0	0	843M	EU556333	EU556333
L	2298	873	*	*	*	*	*	FJ269238	*
H	2298	32	100.0	+	0	0	32M841I	FJ269238	FJ269238
L	2303	570	*	*	*	*	*	EU551179	*
H	2303	211	100.0	+	0	0	20I211M339I	EU551179	EU551179
L	2314	502	*	*	*	*	*	EU254771	*
H	2314	217	100.0	+	0	0	217M285I	EU254771	EU254771
L	2321	521	*	*	*	*	*	EU254820	*
H	2321	231	100.0	+	0	0	231M290I	EU254820	EU254820
L	2326	492	*	*	*	*	*	EU254862	*
H	2326	214	100.0	+	0	0	214M278I	EU254862	EU254862
L	2329	504	*	*	*	*	*	EU254939	*
H	2329	216	100.0	+	0	0	216M288I	EU254939	EU254939
L	2341	512	*	*	*	*	*	EU255060	*
H	2341	227	100.0	+	0	0	227M285I	EU255060	EU255060
L	2373	513	*	*	*	*	*	DQ914740	*
H	2373	203	100.0	+	0	0	203M310I	DQ914740	DQ914740
L	2385	565	*	*	*	*	*	AB044993	*
H	2385	249	100.0	+	0	0	249M316I	AB044993	AB044993
L	2388	565	*	*	*	*	*	GU066608	*
H	2388	207	100.0	+	0	0	207M358I	GU066608	GU066608
L	2407	764	*	*	*	*	*	FJ746949	*
H	2407	281	100.0	+	0	0	35I281M448I	FJ746949	FJ746949
L	2410	847	*	*	*	*	*	EU543193	*
H	2410	272	100.0	+	0	0	272M575I	EU543193	EU543193
L	2414	1472	*	*	*	*	*	EU543200	*
H	2414	243	100.0	+	0	0	243M1229I	EU543200	EU543200
L	2453	557	*	*	*	*	*	AJ309366	*
H	2453	161	100.0	+	0	0	40I161M356I	AJ309366	AJ309366
L	2458	695	*	*	*	*	*	AF263938	*
H	2458	255	100.0	+	0	0	24I255M416I	AF263938	AF263938
L	2478	568	*	*	*	*	*	AB045105	*
H	2478	251	100.0	+	0	0	251M317I	AB045105	AB045105
L	2498	1585	*	*	*	*	*	EU598158	*
H	2498	225	100.0	+	0	0	225M1360I	EU598158	EU598158
L	2550	872	*	*	*	*	*	AB078341	*
H	2550	276	100.0	+	0	0	49I276M547I	AB078341	AB078341
L	2553	474	*	*	*	*	*	EU434832	*
H	2553	190	100.0	+	0	0	190M284I	EU434832	EU434832
L	2563	605	*	*	*	*	*	AY015430	*
H	2563	186	100.0	+	0	0	11I186M408I	AY015430	AY015430
L	2577	553	*	*	*	*	*	AF333156	*
H	2577	208	100.0	+	0	0	208M345I	AF333156	AF333156
L	2584	615	*	*	*	*	*	AF394042	*
H	2584	206	100.0	+	0	0	31I206M378I	AF394042	AF394042
L	2585	623	*	*	*	*	*	AF394044	*
H	2585	204	100.0	+	0	0	36I204M383I	AF394044	AF394044
L	20555	592	*	*	*	*	*	GU183167	*
H	20555	200	100.0	+	0	0	32I200M360I	EU520187	GU183167
L	26116	533	*	*	*	*	*	FJ866504	*
H	26116	181	100.0	+	0	0	39I181M313I	FJ473426	FJ866504
L	2683	618	*	*	*	*	*	EU518659	*
H	2683	238	100.0	+	0	0	13I238M367I	EU518659	EU518659
L	2688	484	*	*	*	*	*	FJ884088	*
H	2688	172	100.0	+	0	0	172M312I	FJ884088	FJ884088
L	2695	585	*	*	*	*	*	AF201707	*
H	2695	211	100.0	+	0	0	27I211M347I	AF201707	AF201707
L	2709	519	*	*	*	*	*	EU678656	*
H	2709	186	100.0	+	0	0	186M333I	EU678656	EU678656
L	2714	531	*	*	*	*	*	EU678666	*
H	2714	188	100.0	+	0	0	188M343I	EU678666	EU678666
L	2778	723	*	*	*	*	*	EU697272	*
H	2778	235	100.0	+	0	0	8I235M480I	EU697272	EU697272
L	2779	489	*	*	*	*	*	EU558667	*
H	2779	233	100.0	+	0	0	233M256I	EU558667	EU558667
L	2785	490	*	*	*	*	*	EU553494	*
H	2785	206	100.0	+	0	0	206M284I	EU553494	EU553494
L	2790	1633	*	*	*	*	*	DQ389701	*
H	2790	281	100.0	+	0	0	41I281M1311I	DQ389701	DQ389701
L	2792	1634	*	*	*	*	*	DQ389726	*
H	2792	290	100.0	+	0	0	41I290M1303I	DQ389726	DQ389726
L	2808	619	*	*	*	*	*	EU918702	*
H	2808	220	100.0	+	0	0	36I220M363I	EU918702	EU918702
L	2818	657	*	*	*	*	*	EU623713	*
H	2818	295	100.0	+	0	0	295M362I	EU623713	EU623713
L	2819	705	*	*	*	*	*	EU623736	*
H	2819	360	100.0	+	0	0	360M345I	EU623736	EU623736
L	2860	1302	*	*	*	*	*	AB329690	*
H	2860	218	100.0	+	0	0	218M1084I	AB329690	AB329690
L	2866	573	*	*	*	*	*	EU553322	*
H	2866	236	100.0	+	0	0	236M337I	EU553322	EU553322
L	2869	408	*	*	*	*	*	EF621564	*
H	2869	127	100.0	+	0	0	3I127M278I	EF621564	EF621564
L	2874	751	*	*	*	*	*	AM947674	*
H	2874	118	100.0	+	0	0	498I118M135I	AM947674	AM947674
L	2883	786	*	*	*	*	*	AF351139	*
H	2883	174	100.0	+	0	0	35I174M577I	AF351139	AF351139
L	2884	644	*	*	*	*	*	AF351143	*
H	2884	177	100.0	+	0	0	36I177M431I	AF351143	AF351143
L	2892	546	*	*	*	*	*	EU707817	*
H	2892	222	100.0	+	0	0	222M324I	EU707817	EU707817
L	2918	636	*	*	*	*	*	EU669233	*
H	2918	272	100.0	+	0	0	I272M363I	EU669233	EU669233
L	2927	708	*	*	*	*	*	GQ165705	*
H	2927	270	100.0	+	0	0	43I270M395I	GQ165705	GQ165705
L	2967	294	*	*	*	*	*	AF296772	*
H	2967	282	100.0	+	0	0	282M12I	AF296772	AF296772
L	2968	293	*	*	*	*	*	AF296773	*
H	2968	281	100.0	+	0	0	281M12I	AF296773	AF296773
L	2994	606	*	*	*	*	*	EU837231	*
H	2994	263	100.0	+	0	0	263M343I	EU837231	EU837231
L	2996	612	*	*	*	*	*	EU819412	*
H	2996	202	100.0	+	0	0	49I202M361I	EU819412	EU819412
L	3009	611	*	*	*	*	*	EU819445	*
H	3009	203	100.0	+	0	0	49I203M359I	EU819445	EU819445
L	3016	653	*	*	*	*	*	GQ166887	*
H	3016	190	100.0	+	0	0	50I190M413I	GQ166887	GQ166887
L	3027	626	*	*	*	*	*	EU819489	*
H	3027	215	100.0	+	0	0	49I215M362I	EU819489	EU819489
L	3028	597	*	*	*	*	*	EU819499	*
H	3028	199	100.0	+	0	0	49I199M349I	EU819499	EU819499
L	3042	537	*	*	*	*	*	AY787678	*
H	3042	199	100.0	+	0	0	199M338I	AY787678	AY787678
L	3055	2121	*	*	*	*	*	EU825956	*
H	3055	244	100.0	+	0	0	36I244M1841I	EU825956	EU825956
L	3058	559	*	*	*	*	*	EU645679	*
H	3058	215	100.0	+	0	0	36I215M308I	EU645679	EU645679
L	3061	637	*	*	*	*	*	EU910061	*
H	3061	256	100.0	+	0	0	256M381I	EU910061	EU910061
L	3065	1274	*	*	*	*	*	FJ039637	*
H	3065	277	100.0	+	0	0	7I277M990I	FJ039637	FJ039637
L	3068	1234	*	*	*	*	*	EU660951	*
H	3068	231	100.0	+	0	0	35I231M968I	EU660951	EU660951
L	3071	558	*	*	*	*	*	EU673336	*
H	3071	192	100.0	+	0	0	11I192M355I	EU673336	EU673336
L	3084	683	*	*	*	*	*	EU863218	*
H	3084	245	100.0	+	0	0	11I245M427I	EU863218	EU863218
L	3088	592	*	*	*	*	*	EU856062	*
H	3088	212	100.0	+	0	0	24I212M356I	EU856062	EU856062
L	3100	530	*	*	*	*	*	FJ000376	*
H	3100	198	100.0	+	0	0	198M332I	FJ000376	FJ000376
L	3107	656	*	*	*	*	*	EU918698	*
H	3107	229	100.0	+	0	0	35I229M392I	EU918698	EU918698
L	3142	548	*	*	*	*	*	EU681283	*
H	3142	236	100.0	+	0	0	236M312I	EU681283	EU681283
L	3189	555	*	*	*	*	*	FJ000402	*
H	3189	201	100.0	+	0	0	12I201M342I	FJ000402	FJ000402
L	3197	543	*	*	*	*	*	EU681297	*
H	3197	237	100.0	+	0	0	237M306I	EU681297	EU681297
L	3202	660	*	*	*	*	*	FJ037729	*
H	3202	337	100.0	+	0	0	337M323I	FJ037729	FJ037729
L	3206	543	*	*	*	*	*	FJ037752	*
H	3206	176	100.0	+	0	0	9I176M358I	FJ037752	FJ037752
L	3208	612	*	*	*	*	*	FJ037767	*
H	3208	263	100.0	+	0	0	5I263M344I	FJ037767	FJ037767
L	3210	716	*	*	*	*	*	AB458161	*
H	3210	292	100.0	+	0	0	35I292M389I	AB458161	AB458161
L	3229	494	*	*	*	*	*	FJ009542	*
H	3229	208	100.0	+	0	0	208M286I	FJ009542	FJ009542
L	3232	542	*	*	*	*	*	EF687948	*
H	3232	182	100.0	+	0	0	37I182M323I	EF687948	EF687948
L	3240	557	*	*	*	*	*	GU295946	*
H	3240	210	100.0	+	0	0	13I210M334I	GU295946	GU295946
L	3266	618	*	*	*	*	*	AF444400	*
H	3266	173	100.0	+	0	0	11I173M434I	AF444400	AF444400
L	3277	531	*	*	*	*	*	AF444478	*
H	3277	151	100.0	+	0	0	11I151M369I	AF444478	AF444478
L	3278	528	*	*	*	*	*	AY370684	*
H	3278	152	100.0	+	0	0	11I152M365I	AY370684	AY370684
L	3284	542	*	*	*	*	*	AY624206	*
H	3284	228	100.0	+	0	0	228M314I	AY624206	AY624206
L	3301	630	*	*	*	*	*	AF444630	*
H	3301	202	100.0	+	0	0	11I202M417I	AF444630	AF444630
L	3302	629	*	*	*	*	*	AF444565	*
H	3302	204	100.0	+	0	0	11I204M414I	AF444565	AF444565
L	3305	669	*	*	*	*	*	AF444580	*
H	3305	218	100.0	+	0	0	11I218M440I	AF444580	AF444580
L	3311	666	*	*	*	*	*	AF444594	*
H	3311	189	100.0	+	0	0	11I189M466I	AF444594	AF444594
L	3348	483	*	*	*	*	*	AF210669	*
H	3348	84	100.0	+	0	0	90I84M309I	AF210669	AF210669
L	25272	539	*	*	*	*	*	GU973808	*
H	25272	148	100.0	+	0	0	86I148M305I	FJ643507	GU973808
L	3370	335	*	*	*	*	*	AF438576	*
H	3370	267	100.0	+	0	0	267M68I	AF438576	AF438576
L	3373	805	*	*	*	*	*	AY534210	*
H	3373	220	100.0	+	0	0	220M585I	AY534210	AY534210
L	3408	654	*	*	*	*	*	JF908710	*
H	3408	228	100.0	+	0	0	2I228M424I	JF908710	JF908710
L	3409	583	*	*	*	*	*	EU711957	*
H	3409	229	100.0	+	0	0	229M354I	EU711957	EU711957
L	3413	607	*	*	*	*	*	EU712012	*
H	3413	240	100.0	+	0	0	240M367I	EU712012	EU712012
L	3422	629	*	*	*	*	*	DQ497616	*
H	3422	218	100.0	+	0	0	22I218M389I	DQ497616	DQ497616
L	3481	649	*	*	*	*	*	FM206429	*
H	3481	247	100.0	+	0	0	39I247M363I	FM206429	FM206429
L	3495	863	*	*	*	*	*	AM980842	*
H	3495	139	100.0	+	0	0	393I139M331I	AM980842	AM980842
L	3500	864	*	*	*	*	*	AM980856	*
H	3500	147	100.0	+	0	0	391I147M326I	AM980856	AM980856
L	3510	651	*	*	*	*	*	EU784182	*
H	3510	241	100.0	+	0	0	39I241M371I	EU784182	EU784182
L	3523	600	*	*	*	*	*	EU784244	*
H	3523	223	100.0	+	0	0	50I223M327I	EU784244	EU784244
L	3540	628	*	*	*	*	*	EU784295	*
H	3540	219	100.0	+	0	0	219M409I	EU784295	EU784295
L	3544	742	*	*	*	*	*	EU784302	*
H	3544	320	100.0	+	0	0	49I320M373I	EU784302	EU784302
L	3565	727	*	*	*	*	*	EU784370	*
H	3565	315	100.0	+	0	0	39I315M373I	EU784370	EU784370
L	3632	552	*	*	*	*	*	DQ491486	*
H	3632	204	100.0	+	0	0	204M348I	DQ491486	DQ491486
L	3634	595	*	*	*	*	*	U66016	*
H	3634	208	100.0	+	0	0	26I208M361I	U66016	U66016
L	3643	708	*	*	*	*	*	AF510710	*
H	3643	300	100.0	+	0	0	8I300M400I	AF510710	AF510710
L	3646	732	*	*	*	*	*	EU833666	*
H	3646	313	100.0	+	0	0	21I313M398I	EU833666	EU833666
L	3650	535	*	*	*	*	*	JF740200	*
H	3650	218	100.0	+	0	0	218M317I	JF740200	JF740200
L	3665	546	*	*	*	*	*	AM419063	*
H	3665	174	100.0	+	0	0	11I174M361I	AM419063	AM419063
L	3672	480	*	*	*	*	*	Z73794	*
H	3672	181	100.0	+	0	0	181M299I	Z73794	Z73794
L	3675	481	*	*	*	*	*	Z73776	*
H	3675	182	100.0	+	0	0	182M299I	Z73776	Z73776
L	3676	522	*	*	*	*	*	FJ231404	*
H	3676	198	100.0	+	0	0	198M324I	FJ231404	FJ231404
L	3737	532	*	*	*	*	*	EU853477	*
H	3737	180	100.0	+	0	0	11I180M341I	EU853477	EU853477
L	3766	550	*	*	*	*	*	FJ266479	*
H	3766	206	100.0	+	0	0	6I206M338I	FJ266479	FJ266479
L	3787	603	*	*	*	*	*	FJ441045	*
H	3787	221	100.0	+	0	0	35I221M347I	FJ441045	FJ441045
L	3804	577	*	*	*	*	*	FJ478075	*
H	3804	217	100.0	+	0	0	7I217M353I	FJ478075	FJ478075
L	3819	741	*	*	*	*	*	EU862220	*
H	3819	245	100.0	+	0	0	13I245M483I	EU862220	EU862220
L	3831	450	*	*	*	*	*	GQ857642	*
H	3831	445	100.0	+	0	0	445M5I	GQ857642	GQ857642
L	4627	428	*	*	*	*	*	FJ824634	*
H	4627	211	100.0	+	0	0	9I211M208I	FJ499445	FJ824634
L	3860	566	*	*	*	*	*	FJ459982	*
H	3860	190	100.0	+	0	0	11I190M365I	FJ459982	FJ459982
L	3890	702	*	*	*	*	*	FJ466710	*
H	3890	216	100.0	+	0	0	41I216M445I	FJ466710	FJ466710
L	3929	686	*	*	*	*	*	FJ478026	*
H	3929	277	100.0	+	0	0	49I277M360I	FJ478026	FJ478026
L	3980	776	*	*	*	*	*	EU935500	*
H	3980	245	100.0	+	0	0	22I245M509I	EU935500	EU935500
L	4040	158	*	*	*	*	*	AM268204	*
H	4040	32	100.0	+	0	0	32M126I	AM268204	AM268204
L	4055	569	*	*	*	*	*	AY033121	*
H	4055	184	100.0	+	0	0	22I184M363I	AY033121	AY033121
L	4058	708	*	*	*	*	*	AY061656	*
H	4058	223	100.0	+	0	0	29I223M456I	AY061656	AY061656
L	4065	717	*	*	*	*	*	AY061684	*
H	4065	238	100.0	+	0	0	29I238M450I	AY061684	AY061684
L	4067	734	*	*	*	*	*	AY061688	*
H	4067	231	100.0	+	0	0	29I231M474I	AY061688	AY061688
L	4115	693	*	*	*	*	*	FM957565	*
H	4115	233	100.0	+	0	0	9I233M451I	FM957565	FM957565
L	4131	499	*	*	*	*	*	FJ603602	*
H	4131	179	100.0	+	0	0	16I179M304I	FJ603602	FJ603602
L	4132	532	*	*	*	*	*	AM181421	*
H	4132	211	100.0	+	0	0	211M321I	AM181421	AM181421
L	4166	544	*	*	*	*	*	AM697818	*
H	4166	245	100.0	+	0	0	245M299I	AM697818	AM697818
L	4168	535	*	*	*	*	*	AM697824	*
H	4168	235	100.0	+	0	0	235M300I	AM697824	AM697824
L	4226	1508	*	*	*	*	*	AB378736	*
H	4226	254	100.0	+	0	0	10I254M1244I	AB378736	AB378736
L	25984	564	*	*	*	*	*	AF201756	*
H	25984	242	100.0	+	0	0	4I242M318I	FJ185305	AF201756
L	4263	593	*	*	*	*	*	FJ534873	*
H	4263	199	100.0	+	0	0	7I199M387I	FJ534873	FJ534873
L	20002	602	*	*	*	*	*	DQ888740	*
H	20002	120	100.0	+	0	0	91I120M391I	FJ860794	DQ888740
L	4292	619	*	*	*	*	*	FJ596811	*
H	4292	272	100.0	+	0	0	272M347I	FJ596811	FJ596811
L	4293	645	*	*	*	*	*	FJ596814	*
H	4293	250	100.0	+	0	0	250M395I	FJ596814	FJ596814
L	4333	486	*	*	*	*	*	FJ473371	*
H	4333	163	100.0	+	0	0	163M323I	FJ473371	FJ473371
L	21949	579	*	*	*	*	*	DQ249994	*
H	21949	76	100.0	+	0	0	155I76M348I	AM921741	DQ249994
L	4342	722	*	*	*	*	*	FJ167637	*
H	4342	246	100.0	+	0	0	246M476I	FJ167637	FJ167637
L	4351	733	*	*	*	*	*	FJ379273	*
H	4351	267	100.0	+	0	0	17I267M449I	FJ379273	FJ379273
L	4361	1162	*	*	*	*	*	FJ717499	*
H	4361	197	100.0	+	0	0	197M965I	FJ717499	FJ717499
L	4371	1138	*	*	*	*	*	FJ765414	*
H	4371	220	100.0	+	0	0	220M918I	FJ765414	FJ765414
L	4375	349	*	*	*	*	*	FJ754318	*
H	4375	102	100.0	+	0	0	17I102M230I	FJ754318	FJ754318
L	4436	605	*	*	*	*	*	FJ713075	*
H	4436	219	100.0	+	0	0	219M386I	FJ713075	FJ713075
L	4460	601	*	*	*	*	*	FJ792583	*
H	4460	205	100.0	+	0	0	35I205M361I	FJ792583	FJ792583
L	4520	670	*	*	*	*	*	EU375546	*
H	4520	259	100.0	+	0	0	259M411I	EU375546	EU375546
L	4522	650	*	*	*	*	*	FJ492116	*
H	4522	252	100.0	+	0	0	252M398I	FJ492116	FJ492116
L	4529	719	*	*	*	*	*	FJ810174	*
H	4529	279	100.0	+	0	0	35I279M405I	FJ810174	FJ810174
L	4533	418	*	*	*	*	*	L08730	*
H	4533	73	100.0	+	0	0	73M345I	L08730	L08730
L	4549	579	*	*	*	*	*	FJ852594	*
H	4549	181	100.0	+	0	0	34I181M364I	FJ852594	FJ852594
L	4554	533	*	*	*	*	*	FJ210497	*
H	4554	200	100.0	+	0	0	46I200M287I	FJ210497	FJ210497
L	15255	503	*	*	*	*	*	AY927314	*
H	15255	183	100.0	+	0	0	13I183M307I	FJ210606	AY927314
L	4629	643	*	*	*	*	*	FJ824644	*
H	4629	272	100.0	+	0	0	11I272M360I	FJ824644	FJ824644
L	4638	474	*	*	*	*	*	FJ265748	*
H	4638	223	100.0	+	0	0	223M251I	FJ265748	FJ265748
L	4652	640	*	*	*	*	*	FJ375250	*
H	4652	296	100.0	+	0	0	296M344I	FJ375250	FJ375250
L	4655	673	*	*	*	*	*	FJ375253	*
H	4655	289	100.0	+	0	0	289M384I	FJ375253	FJ375253
L	4674	648	*	*	*	*	*	FJ403215	*
H	4674	241	100.0	+	0	0	13I241M394I	FJ403215	FJ403215
L	4681	450	*	*	*	*	*	FN386305	*
H	4681	181	100.0	+	0	0	181M269I	FN386305	FN386305
L	4700	2141	*	*	*	*	*	U66451	*
H	4700	282	100.0	+	0	0	26I282M1833I	U66451	U66451
L	4754	761	*	*	*	*	*	FJ871080	*
H	4754	189	100.0	+	0	0	259I189M313I	FJ871080	FJ871080
L	4757	792	*	*	*	*	*	FJ871088	*
H	4757	189	100.0	+	0	0	288I189M315I	FJ871088	FJ871088
L	4763	727	*	*	*	*	*	FJ871104	*
H	4763	190	100.0	+	0	0	221I190M316I	FJ871104	FJ871104
L	4800	670	*	*	*	*	*	AF418623	*
H	4800	217	100.0	+	0	0	11I217M442I	AF418623	AF418623
L	4820	280	*	*	*	*	*	AB092793	*
H	4820	275	100.0	+	0	0	275M5I	AB092793	AB092793
L	4829	534	*	*	*	*	*	FJ903290	*
H	4829	216	100.0	+	0	0	50I216M268I	FJ903290	FJ903290
L	4834	515	*	*	*	*	*	FJ903335	*
H	4834	198	100.0	+	0	0	41I198M276I	FJ903335	FJ903335
L	4848	634	*	*	*	*	*	FJ462770	*
H	4848	229	100.0	+	0	0	11I229M394I	FJ462770	FJ462770
L	4852	618	*	*	*	*	*	FJ411099	*
H	4852	229	100.0	+	0	0	2I229M387I	FJ411099	FJ411099
L	4873	2480	*	*	*	*	*	FJ664822	*
H	4873	207	100.0	+	0	0	208I207M2065I	FJ664822	FJ664822
L	4888	2512	*	*	*	*	*	FJ664861	*
H	4888	206	100.0	+	0	0	270I206M2036I	FJ664861	FJ664861
L	4890	2314	*	*	*	*	*	FJ664880	*
H	4890	206	100.0	+	0	0	273I206M1835I	FJ664880	FJ664880
L	4892	492	*	*	*	*	*	FJ435096	*
H	4892	233	100.0	+	0	0	22I233M237I	FJ435096	FJ435096
L	4902	501	*	*	*	*	*	FJ426985	*
H	4902	204	100.0	+	0	0	204M297I	FJ426985	FJ426985
L	4913	703	*	*	*	*	*	FJ770400	*
H	4913	287	100.0	+	0	0	11I287M405I	FJ770400	FJ770400
L	4917	616	*	*	*	*	*	AM087270	*
H	4917	213	100.0	+	0	0	25I213M378I	AM087270	AM087270
L	4937	1964	*	*	*	*	*	AM882964	*
H	4937	249	100.0	+	0	0	39I249M1676I	AM882964	AM882964
L	4944	582	*	*	*	*	*	FJ431226	*
H	4944	175	100.0	+	0	0	25I175M382I	FJ431226	FJ431226
L	4952	617	*	*	*	*	*	FJ431270	*
H	4952	217	100.0	+	0	0	25I217M375I	FJ431270	FJ431270
L	4960	630	*	*	*	*	*	FJ431281	*
H	4960	199	100.0	+	0	0	24I199M407I	FJ431281	FJ431281
L	4964	548	*	*	*	*	*	GQ121290	*
H	4964	186	100.0	+	0	0	186M362I	GQ121290	GQ121290
L	4977	652	*	*	*	*	*	AB535105	*
H	4977	270	100.0	+	0	0	270M382I	AB535105	AB535105
L	4989	706	*	*	*	*	*	GQ165657	*
H	4989	274	100.0	+	0	0	40I274M392I	GQ165657	GQ165657
L	4993	526	*	*	*	*	*	AJ244257	*
H	4993	227	100.0	+	0	0	227M299I	AJ244257	AJ244257
L	5032	771	*	*	*	*	*	FN421422	*
H	5032	259	100.0	+	0	0	11I259M501I	FN421422	FN421422
L	5084	1257	*	*	*	*	*	GQ181170	*
H	5084	191	100.0	+	0	0	28I191M1038I	GQ181170	GQ181170
L	5087	347	*	*	*	*	*	EU343806	*
H	5087	94	100.0	+	0	0	18I94M235I	EU343806	EU343806
L	5104	608	*	*	*	*	*	GQ250019	*
H	5104	200	100.0	+	0	0	24I200M384I	GQ250019	GQ250019
L	5115	688	*	*	*	*	*	EF460370	*
H	5115	328	100.0	+	0	0	11I328M349I	EF460370	EF460370
L	5116	607	*	*	*	*	*	EU569238	*
H	5116	249	100.0	+	0	0	249M358I	EU569238	EU569238
L	5132	665	*	*	*	*	*	AF491580	*
H	5132	258	100.0	+	0	0	37I258M370I	AF491580	AF491580
L	5141	572	*	*	*	*	*	EU700370	*
H	5141	216	100.0	+	0	0	23I216M333I	EU700370	EU700370
L	5142	548	*	*	*	*	*	GQ266162	*
H	5142	214	100.0	+	0	0	214M334I	GQ266162	GQ266162
L	5151	1178	*	*	*	*	*	AB378536	*
H	5151	217	100.0	+	0	0	13I217M948I	AB378536	AB378536
L	5162	828	*	*	*	*	*	AB511817	*
H	5162	163	100.0	+	0	0	225I163M440I	AB511817	AB511817
L	5179	1165	*	*	*	*	*	FJ717534	*
H	5179	199	100.0	+	0	0	199M966I	FJ717534	FJ717534
L	5183	1182	*	*	*	*	*	FJ039571	*
H	5183	201	100.0	+	0	0	6I201M975I	FJ039571	FJ039571
L	5184	1210	*	*	*	*	*	GQ159896	*
H	5184	277	100.0	+	0	0	277M933I	GQ159896	GQ159896
L	5204	744	*	*	*	*	*	AB512303	*
H	5204	167	100.0	+	0	0	242I167M335I	AB512303	AB512303
L	5212	687	*	*	*	*	*	AB512317	*
H	5212	246	100.0	+	0	0	3I246M438I	AB512317	AB512317
L	5239	423	*	*	*	*	*	GQ355327	*
H	5239	290	100.0	+	0	0	133I290M	GQ355327	GQ355327
L	28244	542	*	*	*	*	*	HQ115695	*
H	28244	210	100.0	+	0	0	10I210M322I	GQ337426	HQ115695
L	5274	1262	*	*	*	*	*	AB454302	*
H	5274	319	100.0	+	0	0	319M943I	AB454302	AB454302
L	5277	1223	*	*	*	*	*	AB454349	*
H	5277	279	100.0	+	0	0	279M944I	AB454349	AB454349
L	5300	768	*	*	*	*	*	GQ253451	*
H	5300	310	100.0	+	0	0	26I310M432I	GQ253451	GQ253451
L	5301	769	*	*	*	*	*	GQ253452	*
H	5301	746	100.0	+	0	0	23I746M	GQ253452	GQ253452
L	5318	669	*	*	*	*	*	GQ231739	*
H	5318	260	100.0	+	0	0	27I260M382I	GQ231739	GQ231739
L	5332	696	*	*	*	*	*	AY061735	*
H	5332	250	100.0	+	0	0	29I250M417I	AY061735	AY061735
L	5352	583	*	*	*	*	*	FJ491806	*
H	5352	233	100.0	+	0	0	233M350I	FJ491806	FJ491806
L	5353	624	*	*	*	*	*	GQ355959	*
H	5353	241	100.0	+	0	0	241M383I	GQ355959	GQ355959
L	5359	653	*	*	*	*	*	GQ411517	*
H	5359	237	100.0	+	0	0	11I237M405I	GQ411517	GQ411517
L	5393	602	*	*	*	*	*	GQ388716	*
H	5393	145	100.0	+	0	0	35I145M422I	GQ388716	GQ388716
L	5394	600	*	*	*	*	*	GQ388722	*
H	5394	142	100.0	+	0	0	35I142M423I	GQ388722	GQ388722
L	5402	531	*	*	*	*	*	FJ654148	*
H	5402	194	100.0	+	0	0	194M337I	FJ654148	FJ654148
L	5428	728	*	*	*	*	*	GQ303293	*
H	5428	240	100.0	+	0	0	122I240M366I	GQ303293	GQ303293
L	5454	459	*	*	*	*	*	AY549477	*
H	5454	190	100.0	+	0	0	190M269I	AY549477	AY549477
L	5475	500	*	*	*	*	*	AY581058	*
H	5475	220	100.0	+	0	0	220M280I	AY581058	AY581058
L	5487	700	*	*	*	*	*	AB458894	*
H	5487	232	100.0	+	0	0	27I232M441I	AB458894	AB458894
L	5509	595	*	*	*	*	*	GQ981492	*
H	5509	191	100.0	+	0	0	40I191M364I	GQ981492	GQ981492
L	5510	650	*	*	*	*	*	GQ981494	*
H	5510	282	100.0	+	0	0	40I282M328I	GQ981494	GQ981494
L	5514	700	*	*	*	*	*	GQ981514	*
H	5514	317	100.0	+	0	0	35I317M348I	GQ981514	GQ981514
L	5572	611	*	*	*	*	*	GQ925387	*
H	5572	198	100.0	+	0	0	50I198M363I	GQ925387	GQ925387
L	5602	581	*	*	*	*	*	GU062287	*
H	5602	228	100.0	+	0	0	33I228M320I	GU062287	GU062287
L	5607	597	*	*	*	*	*	GU080301	*
H	5607	239	100.0	+	0	0	38I239M320I	GU080301	GU080301
L	5641	460	*	*	*	*	*	GQ857633	*
H	5641	445	100.0	+	0	0	445M15I	GQ857633	GQ857633
L	11380	499	*	*	*	*	*	GQ852794	*
H	11380	179	100.0	+	0	0	5I179M315I	GQ852796	GQ852794
L	5690	1944	*	*	*	*	*	AM882810	*
H	5690	296	100.0	+	0	0	21I296M1627I	AM882810	AM882810
L	9973	645	*	*	*	*	*	HQ586870	*
H	9973	233	100.0	+	0	0	48I233M364I	AM882836	HQ586870
L	5700	1910	*	*	*	*	*	AM882877	*
H	5700	276	100.0	+	0	0	23I276M1611I	AM882877	AM882877
L	5719	511	*	*	*	*	*	FJ231014	*
H	5719	209	100.0	+	0	0	209M302I	FJ231014	FJ231014
L	5730	425	*	*	*	*	*	GU126456	*
H	5730	111	100.0	+	0	0	35I111M279I	GU126456	GU126456
L	5733	703	*	*	*	*	*	GQ342895	*
H	5733	303	100.0	+	0	0	303M400I	GQ342895	GQ342895
L	5741	594	*	*	*	*	*	FJ860738	*
H	5741	245	100.0	+	0	0	245M349I	FJ860738	FJ860738
L	5776	364	*	*	*	*	*	FJ768914	*
H	5776	102	100.0	+	0	0	102M262I	FJ768914	FJ768914
L	5778	691	*	*	*	*	*	GU136220	*
H	5778	295	100.0	+	0	0	295M396I	GU136220	GU136220
L	5782	721	*	*	*	*	*	EU191045	*
H	5782	291	100.0	+	0	0	291M430I	EU191045	EU191045
L	5783	1512	*	*	*	*	*	GU171370	*
H	5783	228	100.0	+	0	0	343I228M941I	GU171370	GU171370
L	13977	480	*	*	*	*	*	FJ515289	*
H	13977	150	100.0	+	0	0	150M330I	FJ515286	FJ515289
L	5806	495	*	*	*	*	*	GU247167	*
H	5806	80	100.0	+	0	0	112I80M303I	GU247167	GU247167
L	5811	764	*	*	*	*	*	GQ913350	*
H	5811	304	100.0	+	0	0	304M460I	GQ913350	GQ913350
L	5843	632	*	*	*	*	*	AF019636	*
H	5843	241	100.0	+	0	0	11I241M380I	AF019636	AF019636
L	5845	681	*	*	*	*	*	AY114359	*
H	5845	220	100.0	+	0	0	200I220M261I	AY114359	AY114359
L	5867	187	*	*	*	*	*	AJ495443	*
H	5867	187	100.0	+	0	0	187M	AJ495443	AJ495443
L	5872	560	*	*	*	*	*	AB084618	*
H	5872	218	100.0	+	0	0	218M342I	AB084618	AB084618
L	5886	582	*	*	*	*	*	AJ408359	*
H	5886	240	100.0	+	0	0	240M342I	AJ408359	AJ408359
L	5915	580	*	*	*	*	*	GU234098	*
H	5915	276	100.0	+	0	0	21I276M283I	GU234098	GU234098
L	5918	624	*	*	*	*	*	FJ876188	*
H	5918	243	100.0	+	0	0	I243M380I	FJ876188	FJ876188
L	5959	536	*	*	*	*	*	FJ887916	*
H	5959	173	100.0	+	0	0	30I173M333I	FJ887916	FJ887916
L	4592	753	*	*	*	*	*	FJ861985	*
H	4592	163	100.0	+	0	0	244I163M346I	GU138713	FJ861985
L	5963	601	*	*	*	*	*	GU138705	*
H	5963	182	100.0	+	0	0	31I182M388I	GU138705	GU138705
L	5968	759	*	*	*	*	*	GU138722	*
H	5968	162	100.0	+	0	0	258I162M339I	GU138722	GU138722
L	5971	780	*	*	*	*	*	GU138726	*
H	5971	169	100.0	+	0	0	250I169M361I	GU138726	GU138726
L	5973	769	*	*	*	*	*	GU138731	*
H	5973	166	100.0	+	0	0	253I166M350I	GU138731	GU138731
L	5977	527	*	*	*	*	*	GU138749	*
H	5977	168	100.0	+	0	0	24I168M335I	GU138749	GU138749
L	5979	770	*	*	*	*	*	GU138752	*
H	5979	167	100.0	+	0	0	255I167M348I	GU138752	GU138752
L	5990	680	*	*	*	*	*	AF482835	*
H	5990	312	100.0	+	0	0	4I312M364I	AF482835	AF482835
L	5993	333	*	*	*	*	*	AF482854	*
H	5993	299	100.0	+	0	0	4I299M30I	AF482854	AF482854
L	5997	691	*	*	*	*	*	AF482869	*
H	5997	315	100.0	+	0	0	4I315M372I	AF482869	AF482869
L	6002	602	*	*	*	*	*	AF000566	*
H	6002	211	100.0	+	0	0	35I211M356I	AF000566	AF000566
L	6019	494	*	*	*	*	*	GU229813	*
H	6019	181	100.0	+	0	0	181M313I	GU229813	GU229813
L	6023	276	*	*	*	*	*	AF022721	*
H	6023	82	100.0	+	0	0	82M194I	AF022721	AF022721
L	6058	586	*	*	*	*	*	FN185985	*
H	6058	206	100.0	+	0	0	30I206M350I	FN185985	FN185985
L	6060	416	*	*	*	*	*	GQ402827	*
H	6060	104	100.0	+	0	0	38I104M274I	GQ402827	GQ402827
L	27748	412	*	*	*	*	*	JN039043	*
H	27748	121	100.0	+	0	0	113I121M178I	FJ884745	JN039043
L	6081	702	*	*	*	*	*	AY189699	*
H	6081	290	100.0	+	0	0	15I290M397I	AY189699	AY189699
L	6129	466	*	*	*	*	*	FJ640565	*
H	6129	143	100.0	+	0	0	11I143M312I	FJ640565	FJ640565
L	6158	557	*	*	*	*	*	DQ092526	*
H	6158	200	100.0	+	0	0	200M357I	DQ092526	DQ092526
L	6167	532	*	*	*	*	*	FN386299	*
H	6167	194	100.0	+	0	0	194M338I	FN386299	FN386299
L	6168	995	*	*	*	*	*	FJ861966	*
H	6168	168	100.0	+	0	0	482I168M345I	FJ861966	FJ861966
L	6175	567	*	*	*	*	*	EU913721	*
H	6175	197	100.0	+	0	0	197M370I	EU913721	EU913721
L	6192	880	*	*	*	*	*	AY188366	*
H	6192	880	100.0	+	0	0	880M	AY188366	AY188366
L	6240	529	*	*	*	*	*	AY212819	*
H	6240	220	100.0	+	0	0	33I220M276I	AY212819	AY212819
L	6266	645	*	*	*	*	*	GU166425	*
H	6266	201	100.0	+	0	0	201M444I	GU166425	GU166425
L	6270	666	*	*	*	*	*	GU166424	*
H	6270	210	100.0	+	0	0	37I210M419I	GU166424	GU166424
L	6278	509	*	*	*	*	*	GU075858	*
H	6278	95	100.0	+	0	0	100I95M314I	GU075858	GU075858
L	6287	637	*	*	*	*	*	GU373520	*
H	6287	258	100.0	+	0	0	258M379I	GU373520	GU373520
L	6299	445	*	*	*	*	*	FJ515167	*
H	6299	124	100.0	+	0	0	12I124M309I	FJ515167	FJ515167
L	6302	2221	*	*	*	*	*	AY211545	*
H	6302	151	100.0	+	0	0	1760I151M310I	AY211545	AY211545
L	6324	591	*	*	*	*	*	GU391567	*
H	6324	246	100.0	+	0	0	246M345I	GU391567	GU391567
L	6325	601	*	*	*	*	*	GU391568	*
H	6325	248	100.0	+	0	0	248M353I	GU391568	GU391568
L	6328	539	*	*	*	*	*	AY303608	*
H	6328	207	100.0	+	0	0	207M332I	AY303608	AY303608
L	6343	1883	*	*	*	*	*	GU727553	*
H	6343	204	100.0	+	0	0	204M1679I	GU727553	GU727553
L	6346	620	*	*	*	*	*	GU594160	*
H	6346	226	100.0	+	0	0	226M394I	GU594160	GU594160
L	6357	555	*	*	*	*	*	GQ154594	*
H	6357	216	100.0	+	0	0	216M339I	GQ154594	GQ154594
L	6358	575	*	*	*	*	*	GQ154597	*
H	6358	219	100.0	+	0	0	219M356I	GQ154597	GQ154597
L	6404	563	*	*	*	*	*	GU593041	*
H	6404	190	100.0	+	0	0	24I190M349I	GU593041	GU593041
L	6423	1187	*	*	*	*	*	FN665421	*
H	6423	219	100.0	+	0	0	11I219M957I	FN665421	FN665421
L	6426	606	*	*	*	*	*	AB540577	*
H	6426	200	100.0	+	0	0	35I200M371I	AB540577	AB540577
L	6429	650	*	*	*	*	*	AF017652	*
H	6429	219	100.0	+	0	0	74I219M357I	AF017652	AF017652
L	6434	286	*	*	*	*	*	GU797430	*
H	6434	125	100.0	+	0	0	125M161I	GU797430	GU797430
L	6458	540	*	*	*	*	*	GU553303	*
H	6458	204	100.0	+	0	0	112I204M224I	GU553303	GU553303
L	6494	616	*	*	*	*	*	GU592433	*
H	6494	123	100.0	+	0	0	120I123M373I	GU592433	GU592433
L	6541	559	*	*	*	*	*	EU003533	*
H	6541	196	100.0	+	0	0	18I196M345I	EU003533	EU003533
L	6543	673	*	*	*	*	*	GU258221	*
H	6543	245	100.0	+	0	0	36I245M392I	GU258221	GU258221
L	6546	638	*	*	*	*	*	GU258226	*
H	6546	237	100.0	+	0	0	4I237M397I	GU258226	GU258226
L	6556	697	*	*	*	*	*	GU258277	*
H	6556	251	100.0	+	0	0	34I251M412I	GU258277	GU258277
L	6558	649	*	*	*	*	*	GU258298	*
H	6558	226	100.0	+	0	0	37I226M386I	GU258298	GU258298
L	6575	441	*	*	*	*	*	GU968419	*
H	6575	204	100.0	+	0	0	204M237I	GU968419	GU968419
L	6603	1503	*	*	*	*	*	AY154696	*
H	6603	205	100.0	+	0	0	359I205M939I	AY154696	AY154696
L	1353	624	*	*	*	*	*	GQ376103	*
H	1353	229	100.0	+	0	0	43I229M352I	AY751458	GQ376103
L	11140	887	*	*	*	*	*	EU484058	*
H	11140	176	100.0	+	0	0	216I176M495I	GQ152293	EU484058
L	6610	593	*	*	*	*	*	AB505448	*
H	6610	209	100.0	+	0	0	209M384I	AB505448	AB505448
L	6612	873	*	*	*	*	*	GU931705	*
H	6612	114	100.0	+	0	0	114M759I	GU931705	GU931705
L	6617	716	*	*	*	*	*	AY061724	*
H	6617	225	100.0	+	0	0	29I225M462I	AY061724	AY061724
L	6630	604	*	*	*	*	*	AY266390	*
H	6630	207	100.0	+	0	0	35I207M362I	AY266390	AY266390
L	6648	483	*	*	*	*	*	Z73783	*
H	6648	183	100.0	+	0	0	183M300I	Z73783	Z73783
L	6649	1986	*	*	*	*	*	EU552138	*
H	6649	178	100.0	+	0	0	595I178M1213I	EU552138	EU552138
L	10818	615	*	*	*	*	*	DQ317636	*
H	10818	138	100.0	+	0	0	71I138M406I	GQ281312	DQ317636
L	6659	694	*	*	*	*	*	HM031080	*
H	6659	226	100.0	+	0	0	49I226M419I	HM031080	HM031080
L	6670	544	*	*	*	*	*	GU322447	*
H	6670	177	100.0	+	0	0	11I177M356I	GU322447	GU322447
L	6712	633	*	*	*	*	*	HM044874	*
H	6712	223	100.0	+	0	0	26I223M384I	HM044874	HM044874
L	6714	499	*	*	*	*	*	FJ614639	*
H	6714	185	100.0	+	0	0	185M314I	FJ614639	FJ614639
L	6745	562	*	*	*	*	*	GU973637	*
H	6745	221	100.0	+	0	0	I221M340I	GU973637	GU973637
L	6751	530	*	*	*	*	*	GU973781	*
H	6751	184	100.0	+	0	0	13I184M333I	GU973781	GU973781
L	6767	573	*	*	*	*	*	GU973750	*
H	6767	235	100.0	+	0	0	6I235M332I	GU973750	GU973750
L	3093	562	*	*	*	*	*	EU872427	*
H	3093	183	100.0	+	0	0	38I183M341I	FJ184276	EU872427
L	6785	1063	*	*	*	*	*	AB213452	*
H	6785	217	100.0	+	0	0	491I217M355I	AB213452	AB213452
L	18678	2290	*	*	*	*	*	AY762623	*
H	18678	225	100.0	+	0	0	1751I225M314I	GQ272634	AY762623
L	6791	616	*	*	*	*	*	DQ361050	*
H	6791	270	100.0	+	0	0	270M346I	DQ361050	DQ361050
L	6797	678	*	*	*	*	*	FJ582638	*
H	6797	239	100.0	+	0	0	35I239M404I	FJ582638	FJ582638
L	6798	567	*	*	*	*	*	FJ974049	*
H	6798	192	100.0	+	0	0	192M375I	FJ974049	FJ974049
L	6802	546	*	*	*	*	*	AF444442	*
H	6802	149	100.0	+	0	0	11I149M386I	AF444442	AF444442
L	6807	1115	*	*	*	*	*	FN428937	*
H	6807	161	100.0	+	0	0	161M954I	FN428937	FN428937
L	6813	1116	*	*	*	*	*	FN428949	*
H	6813	149	100.0	+	0	0	19I149M948I	FN428949	FN428949
L	6841	309	*	*	*	*	*	HM243155	*
H	6841	265	100.0	+	0	0	11I265M33I	HM243155	HM243155
L	6842	268	*	*	*	*	*	HM243156	*
H	6842	224	100.0	+	0	0	11I224M33I	HM243156	HM243156
L	6853	834	*	*	*	*	*	AB481261	*
H	6853	169	100.0	+	0	0	364I169M301I	AB481261	AB481261
L	6860	918	*	*	*	*	*	EU750693	*
H	6860	176	100.0	+	0	0	122I176M620I	EU750693	EU750693
L	6885	732	*	*	*	*	*	AY345000	*
H	6885	286	100.0	+	0	0	286M446I	AY345000	AY345000
L	7035	757	*	*	*	*	*	FN868464	*
H	7035	163	100.0	+	0	0	245I163M349I	FN868464	FN868464
L	7097	841	*	*	*	*	*	GU068592	*
H	7097	341	100.0	+	0	0	13I341M487I	GU068592	GU068592
L	7139	795	*	*	*	*	*	GU225939	*
H	7139	227	100.0	+	0	0	227M568I	GU225939	GU225939
L	7140	598	*	*	*	*	*	GU453921	*
H	7140	237	100.0	+	0	0	25I237M336I	GU453921	GU453921
L	7161	506	*	*	*	*	*	EF552702	*
H	7161	256	100.0	+	0	0	256M250I	EF552702	EF552702
L	7174	703	*	*	*	*	*	EU753266	*
H	7174	271	100.0	+	0	0	11I271M421I	EU753266	EU753266
L	7194	757	*	*	*	*	*	GU980122	*
H	7194	297	100.0	+	0	0	297M460I	GU980122	GU980122
L	7244	653	*	*	*	*	*	HM126486	*
H	7244	283	100.0	+	0	0	4I283M366I	HM126486	HM126486
L	7251	580	*	*	*	*	*	AB525921	*
H	7251	214	100.0	+	0	0	21I214M345I	AB525921	AB525921
L	7259	485	*	*	*	*	*	FN386289	*
H	7259	196	100.0	+	0	0	196M289I	FN386289	FN386289
L	7282	703	*	*	*	*	*	AJ555513	*
H	7282	305	100.0	+	0	0	305M398I	AJ555513	AJ555513
L	7285	820	*	*	*	*	*	HM538474	*
H	7285	235	100.0	+	0	0	238I235M347I	HM538474	HM538474
L	7292	822	*	*	*	*	*	HM538488	*
H	7292	236	100.0	+	0	0	234I236M352I	HM538488	HM538488
L	7296	844	*	*	*	*	*	EU365859	*
H	7296	236	100.0	+	0	0	244I236M364I	EU365859	EU365859
L	7353	509	*	*	*	*	*	FJ185301	*
H	7353	222	100.0	+	0	0	222M287I	FJ185301	FJ185301
L	7369	325	*	*	*	*	*	HM131337	*
H	7369	325	100.0	+	0	0	325M	HM131337	HM131337
L	7372	271	*	*	*	*	*	HM131341	*
H	7372	271	100.0	+	0	0	271M	HM131341	HM131341
L	7391	642	*	*	*	*	*	FJ611951	*
H	7391	198	100.0	+	0	0	50I198M394I	FJ611951	FJ611951
L	7394	609	*	*	*	*	*	HM192907	*
H	7394	211	100.0	+	0	0	35I211M363I	HM192907	HM192907
L	7410	266	*	*	*	*	*	U52887	*
H	7410	266	100.0	+	0	0	266M	U52887	U52887
L	7421	644	*	*	*	*	*	AF501563	*
H	7421	266	100.0	+	0	0	266M378I	AF501563	AF501563
L	7422	480	*	*	*	*	*	AF501564	*
H	7422	127	100.0	+	0	0	127M353I	AF501564	AF501564
L	7440	780	*	*	*	*	*	AF505766	*
H	7440	264	100.0	+	0	0	I264M515I	AF505766	AF505766
L	7445	767	*	*	*	*	*	AF505772	*
H	7445	275	100.0	+	0	0	I275M491I	AF505772	AF505772
L	7449	679	*	*	*	*	*	HM209239	*
H	7449	233	100.0	+	0	0	10I233M436I	HM209239	HM209239
L	7486	423	*	*	*	*	*	HQ108012	*
H	7486	139	100.0	+	0	0	139M284I	HQ108012	HQ108012
L	7488	555	*	*	*	*	*	HM992808	*
H	7488	214	100.0	+	0	0	214M341I	HM992808	HM992808
L	7499	544	*	*	*	*	*	HM855223	*
H	7499	202	100.0	+	0	0	202M342I	HM855223	HM855223
L	7544	605	*	*	*	*	*	HM436634	*
H	7544	267	100.0	+	0	0	267M338I	HM436634	HM436634
L	7550	1473	*	*	*	*	*	HM241693	*
H	7550	166	100.0	+	0	0	92I166M1215I	HM241693	HM241693
L	7555	619	*	*	*	*	*	JF439462	*
H	7555	215	100.0	+	0	0	49I215M355I	JF439462	JF439462
L	5793	663	*	*	*	*	*	EU427323	*
H	5793	137	100.0	+	0	0	11I137M515I	HM189967	EU427323
L	7562	519	*	*	*	*	*	GU234032	*
H	7562	199	100.0	+	0	0	23I199M297I	GU234032	GU234032
L	7564	646	*	*	*	*	*	GU234048	*
H	7564	240	100.0	+	0	0	24I240M382I	GU234048	GU234048
L	7590	790	*	*	*	*	*	GU234141	*
H	7590	267	100.0	+	0	0	29I267M494I	GU234141	GU234141
L	7591	744	*	*	*	*	*	GU234144	*
H	7591	289	100.0	+	0	0	39I289M416I	GU234144	GU234144
L	7597	628	*	*	*	*	*	GU234165	*
H	7597	265	100.0	+	0	0	3I265M360I	GU234165	GU234165
L	7630	520	*	*	*	*	*	AF444645	*
H	7630	169	100.0	+	0	0	11I169M340I	AF444645	AF444645
L	12347	478	*	*	*	*	*	EU434852	*
H	12347	75	100.0	+	0	0	102I75M301I	HQ157938	EU434852
L	7640	777	*	*	*	*	*	HQ170519	*
H	7640	271	100.0	+	0	0	5I271M501I	HQ170519	HQ170519
L	7648	737	*	*	*	*	*	DQ777998	*
H	7648	235	100.0	+	0	0	26I235M476I	DQ777998	DQ777998
L	7667	557	*	*	*	*	*	HM036609	*
H	7667	209	100.0	+	0	0	3I209M345I	HM036609	HM036609
L	7677	586	*	*	*	*	*	GU137801	*
H	7677	239	100.0	+	0	0	239M347I	GU137801	GU137801
L	7686	576	*	*	*	*	*	GU137906	*
H	7686	241	100.0	+	0	0	241M335I	GU137906	GU137906
L	7698	634	*	*	*	*	*	GQ888694	*
H	7698	233	100.0	+	0	0	14I233M387I	GQ888694	GQ888694
L	7720	712	*	*	*	*	*	AY740045	*
H	7720	253	100.0	+	0	0	253M459I	AY740045	AY740045
L	7722	754	*	*	*	*	*	HQ013112	*
H	7722	270	100.0	+	0	0	5I270M479I	HQ013112	HQ013112
L	7725	720	*	*	*	*	*	HQ013116	*
H	7725	227	100.0	+	0	0	5I227M488I	HQ013116	HQ013116
L	7728	767	*	*	*	*	*	HQ013121	*
H	7728	258	100.0	+	0	0	5I258M504I	HQ013121	HQ013121
L	7729	1197	*	*	*	*	*	GQ259416	*
H	7729	232	100.0	+	0	0	232M965I	GQ259416	GQ259416
L	7744	469	*	*	*	*	*	HM853977	*
H	7744	169	100.0	+	0	0	10I169M290I	HM853977	HM853977
L	7785	512	*	*	*	*	*	U85548	*
H	7785	175	100.0	+	0	0	11I175M326I	U85548	U85548
L	7789	711	*	*	*	*	*	EU400584	*
H	7789	246	100.0	+	0	0	49I246M416I	EU400584	EU400584
L	7801	724	*	*	*	*	*	GU049455	*
H	7801	255	100.0	+	0	0	255M469I	GU049455	GU049455
L	13408	511	*	*	*	*	*	EF687955	*
H	13408	185	100.0	+	0	0	185M326I	EF488395	EF687955
L	7810	669	*	*	*	*	*	HQ318215	*
H	7810	221	100.0	+	0	0	37I221M411I	HQ318215	HQ318215
L	7830	456	*	*	*	*	*	FN394722	*
H	7830	168	100.0	+	0	0	168M288I	FN394722	FN394722
L	7834	936	*	*	*	*	*	AF009176	*
H	7834	223	100.0	+	0	0	360I223M353I	AF009176	AF009176
L	7843	665	*	*	*	*	*	HM562066	*
H	7843	278	100.0	+	0	0	17I278M370I	HM562066	HM562066
L	7848	812	*	*	*	*	*	FJ774085	*
H	7848	274	100.0	+	0	0	26I274M512I	FJ774085	FJ774085
L	7852	663	*	*	*	*	*	HM562139	*
H	7852	256	100.0	+	0	0	17I256M390I	HM562139	HM562139
L	7868	591	*	*	*	*	*	GQ850389	*
H	7868	228	100.0	+	0	0	228M363I	GQ850389	GQ850389
L	7869	595	*	*	*	*	*	GQ850392	*
H	7869	225	100.0	+	0	0	225M370I	GQ850392	GQ850392
L	7886	511	*	*	*	*	*	HQ166385	*
H	7886	193	100.0	+	0	0	16I193M302I	HQ166385	HQ166385
L	7887	502	*	*	*	*	*	HQ166386	*
H	7887	193	100.0	+	0	0	6I193M303I	HQ166386	HQ166386
L	7910	521	*	*	*	*	*	AY563510	*
H	7910	208	100.0	+	0	0	208M313I	AY563510	AY563510
L	7915	677	*	*	*	*	*	HM151979	*
H	7915	252	100.0	+	0	0	34I252M391I	HM151979	HM151979
L	7920	542	*	*	*	*	*	GU184117	*
H	7920	205	100.0	+	0	0	205M337I	GU184117	GU184117
L	7942	565	*	*	*	*	*	HM161486	*
H	7942	206	100.0	+	0	0	13I206M346I	HM161486	HM161486
L	7944	571	*	*	*	*	*	HM161460	*
H	7944	211	100.0	+	0	0	13I211M347I	HM161460	HM161460
L	7947	686	*	*	*	*	*	HM561972	*
H	7947	266	100.0	+	0	0	34I266M386I	HM561972	HM561972
L	7964	924	*	*	*	*	*	EU750680	*
H	7964	186	100.0	+	0	0	106I186M632I	EU750680	EU750680
L	7978	553	*	*	*	*	*	HQ316566	*
H	7978	190	100.0	+	0	0	50I190M313I	HQ316566	HQ316566
L	8020	538	*	*	*	*	*	GU062288	*
H	8020	208	100.0	+	0	0	39I208M291I	GU062288	GU062288
L	8041	720	*	*	*	*	*	FN669174	*
H	8041	239	100.0	+	0	0	239M481I	FN669174	FN669174
L	8047	490	*	*	*	*	*	AY752154	*
H	8047	184	100.0	+	0	0	184M306I	AY752154	AY752154
L	2622	594	*	*	*	*	*	EU520187	*
H	2622	178	100.0	+	0	0	46I178M370I	AJ301709	EU520187
L	8065	675	*	*	*	*	*	GU227719	*
H	8065	279	100.0	+	0	0	279M396I	GU227719	GU227719
L	10657	593	*	*	*	*	*	FJ177638	*
H	10657	212	100.0	+	0	0	21I212M360I	AB485603	FJ177638
L	8100	603	*	*	*	*	*	GU166447	*
H	8100	211	100.0	+	0	0	211M392I	GU166447	GU166447
L	8106	531	*	*	*	*	*	GQ169492	*
H	8106	183	100.0	+	0	0	8I183M340I	GQ169492	GQ169492
L	8135	619	*	*	*	*	*	DQ149862	*
H	8135	264	100.0	+	0	0	264M355I	DQ149862	DQ149862
L	8142	550	*	*	*	*	*	GQ461567	*
H	8142	550	100.0	+	0	0	550M	GQ461567	GQ461567
L	8143	456	*	*	*	*	*	GQ461570	*
H	8143	236	100.0	+	0	0	236M220I	GQ461570	GQ461570
L	8176	591	*	*	*	*	*	HQ608021	*
H	8176	199	100.0	+	0	0	35I199M357I	HQ608021	HQ608021
L	8177	568	*	*	*	*	*	FN650647	*
H	8177	238	100.0	+	0	0	13I238M317I	FN650647	FN650647
L	8182	624	*	*	*	*	*	GU981735	*
H	8182	248	100.0	+	0	0	39I248M337I	GU981735	GU981735
L	8187	576	*	*	*	*	*	FR733880	*
H	8187	211	100.0	+	0	0	211M365I	FR733880	FR733880
L	8213	525	*	*	*	*	*	HQ386247	*
H	8213	173	100.0	+	0	0	173M352I	HQ386247	HQ386247
L	8216	381	*	*	*	*	*	AB564556	*
H	8216	68	100.0	+	0	0	68M313I	AB564556	AB564556
L	8217	663	*	*	*	*	*	EU486443	*
H	8217	242	100.0	+	0	0	21I242M400I	EU486443	EU486443
L	8249	850	*	*	*	*	*	HQ436119	*
H	8249	332	100.0	+	0	0	332M518I	HQ436119	HQ436119
L	8251	721	*	*	*	*	*	EU819413	*
H	8251	266	100.0	+	0	0	49I266M406I	EU819413	EU819413
L	8252	939	*	*	*	*	*	HQ439175	*
H	8252	168	100.0	+	0	0	168M771I	HQ439175	HQ439175
L	8260	562	*	*	*	*	*	AF062633	*
H	8260	562	100.0	+	0	0	562M	AF062633	AF062633
L	8269	598	*	*	*	*	*	HQ655817	*
H	8269	211	100.0	+	0	0	13I211M374I	HQ655817	HQ655817
L	8277	542	*	*	*	*	*	HQ215803	*
H	8277	205	100.0	+	0	0	205M337I	HQ215803	HQ215803
L	8326	1973	*	*	*	*	*	AM882971	*
H	8326	291	100.0	+	0	0	44I291M1638I	AM882971	AM882971
L	8342	748	*	*	*	*	*	HM005073	*
H	8342	303	100.0	+	0	0	303M445I	HM005073	HM005073
L	8367	665	*	*	*	*	*	HQ287336	*
H	8367	239	100.0	+	0	0	163I239M263I	HQ287336	HQ287336
L	8368	515	*	*	*	*	*	HQ287338	*
H	8368	241	100.0	+	0	0	38I241M236I	HQ287338	HQ287338
L	8370	1316	*	*	*	*	*	HQ604080	*
H	8370	269	100.0	+	0	0	38I269M1009I	HQ604080	HQ604080
L	8425	1163	*	*	*	*	*	AF384861	*
H	8425	205	100.0	+	0	0	5I205M953I	AF384861	AF384861
L	8444	595	*	*	*	*	*	HQ432805	*
H	8444	293	100.0	+	0	0	293M302I	HQ432805	HQ432805
L	8456	543	*	*	*	*	*	HQ647295	*
H	8456	264	100.0	+	0	0	264M279I	HQ647295	HQ647295
L	8457	976	*	*	*	*	*	HQ011381	*
H	8457	253	100.0	+	0	0	279I253M444I	HQ011381	HQ011381
L	8482	535	*	*	*	*	*	AY265326	*
H	8482	158	100.0	+	0	0	11I158M366I	AY265326	AY265326
L	8507	559	*	*	*	*	*	HQ693230	*
H	8507	220	100.0	+	0	0	13I220M326I	HQ693230	HQ693230
L	8529	581	*	*	*	*	*	HQ630974	*
H	8529	174	100.0	+	0	0	50I174M357I	HQ630974	HQ630974
L	8542	639	*	*	*	*	*	HQ631065	*
H	8542	235	100.0	+	0	0	50I235M354I	HQ631065	HQ631065
L	8623	568	*	*	*	*	*	HQ694977	*
H	8623	222	100.0	+	0	0	19I222M327I	HQ694977	HQ694977
L	8629	568	*	*	*	*	*	EU402560	*
H	8629	204	100.0	+	0	0	13I204M351I	EU402560	EU402560
H	8629	204	100.0	+	0	0	13I204M351I	AM269786	EU402560
L	8634	602	*	*	*	*	*	FN600382	*
H	8634	221	100.0	+	0	0	221M381I	FN600382	FN600382
L	8647	695	*	*	*	*	*	HM049616	*
H	8647	274	100.0	+	0	0	20I274M401I	HM049616	HM049616
L	8649	694	*	*	*	*	*	FJ160954	*
H	8649	274	100.0	+	0	0	20I274M400I	FJ160954	FJ160954
L	8664	830	*	*	*	*	*	AY667581	*
H	8664	238	100.0	+	0	0	242I238M350I	AY667581	AY667581
L	8669	543	*	*	*	*	*	HQ605939	*
H	8669	229	100.0	+	0	0	4I229M310I	HQ605939	HQ605939
L	8679	1960	*	*	*	*	*	HQ599431	*
H	8679	573	100.0	+	0	0	150I573M1237I	HQ599431	HQ599431
L	8699	616	*	*	*	*	*	EU303009	*
H	8699	250	100.0	+	0	0	250M366I	EU303009	EU303009
L	8721	616	*	*	*	*	*	HQ874706	*
H	8721	276	100.0	+	0	0	276M340I	HQ874706	HQ874706
L	8814	723	*	*	*	*	*	AB015682	*
H	8814	288	100.0	+	0	0	35I288M400I	AB015682	AB015682
L	8821	640	*	*	*	*	*	HQ895838	*
H	8821	219	100.0	+	0	0	36I219M385I	HQ895838	HQ895838
L	8833	795	*	*	*	*	*	HM999950	*
H	8833	407	100.0	+	0	0	407M388I	HM999950	HM999950
L	8847	673	*	*	*	*	*	AY174703	*
H	8847	168	100.0	+	0	0	109I168M396I	AY174703	AY174703
L	8877	619	*	*	*	*	*	HQ832986	*
H	8877	220	100.0	+	0	0	37I220M362I	HQ832986	HQ832986
L	8961	541	*	*	*	*	*	HQ847023	*
H	8961	129	100.0	+	0	0	107I129M305I	HQ847023	HQ847023
L	8987	581	*	*	*	*	*	HQ696069	*
H	8987	218	100.0	+	0	0	17I218M346I	HQ696069	HQ696069
L	9015	597	*	*	*	*	*	HQ630288	*
H	9015	217	100.0	+	0	0	217M380I	HQ630288	HQ630288
L	9018	539	*	*	*	*	*	HQ630309	*
H	9018	155	100.0	+	0	0	155M384I	HQ630309	HQ630309
L	9033	542	*	*	*	*	*	AM262325	*
H	9033	147	100.0	+	0	0	11I147M384I	AM262325	AM262325
L	9034	593	*	*	*	*	*	FJ904917	*
H	9034	188	100.0	+	0	0	49I188M356I	FJ904917	FJ904917
L	9044	545	*	*	*	*	*	FJ487918	*
H	9044	188	100.0	+	0	0	40I188M317I	FJ487918	FJ487918
L	9080	505	*	*	*	*	*	GU994547	*
H	9080	222	100.0	+	0	0	3I222M280I	GU994547	GU994547
L	9098	481	*	*	*	*	*	GU994573	*
H	9098	215	100.0	+	0	0	4I215M262I	GU994573	GU994573
L	9113	1153	*	*	*	*	*	HM469392	*
H	9113	222	100.0	+	0	0	11I222M920I	HM469392	HM469392
L	9145	727	*	*	*	*	*	JF701778	*
H	9145	259	100.0	+	0	0	2I259M466I	JF701778	JF701778
L	9154	696	*	*	*	*	*	AY081041	*
H	9154	206	100.0	+	0	0	50I206M440I	AY081041	AY081041
L	11028	588	*	*	*	*	*	FJ011536	*
H	11028	222	100.0	+	0	0	40I222M326I	GU256759	FJ011536
L	9233	560	*	*	*	*	*	HQ589152	*
H	9233	221	100.0	+	0	0	41I221M298I	HQ589152	HQ589152
L	9241	528	*	*	*	*	*	JF681960	*
H	9241	229	100.0	+	0	0	229M299I	JF681960	JF681960
L	9243	517	*	*	*	*	*	JF681970	*
H	9243	218	100.0	+	0	0	218M299I	JF681970	JF681970
L	9247	516	*	*	*	*	*	JF907933	*
H	9247	205	100.0	+	0	0	205M311I	JF907933	JF907933
L	9264	860	*	*	*	*	*	JF440963	*
H	9264	285	100.0	+	0	0	30I285M545I	JF440963	JF440963
L	9290	583	*	*	*	*	*	HQ821486	*
H	9290	200	100.0	+	0	0	23I200M360I	HQ821486	HQ821486
L	9297	579	*	*	*	*	*	JN942828	*
H	9297	201	100.0	+	0	0	12I201M366I	JN942828	JN942828
L	9304	740	*	*	*	*	*	FJ596783	*
H	9304	263	100.0	+	0	0	263M477I	FJ596783	FJ596783
L	9305	741	*	*	*	*	*	JF313683	*
H	9305	263	100.0	+	0	0	263M478I	JF313683	JF313683
L	9306	626	*	*	*	*	*	JF313715	*
H	9306	251	100.0	+	0	0	251M375I	JF313715	JF313715
L	9349	502	*	*	*	*	*	GU066873	*
H	9349	158	100.0	+	0	0	158M344I	GU066873	GU066873
L	9351	579	*	*	*	*	*	FJ168610	*
H	9351	290	100.0	+	0	0	290M289I	FJ168610	FJ168610
L	9365	634	*	*	*	*	*	HQ404663	*
H	9365	225	100.0	+	0	0	11I225M398I	HQ404663	HQ404663
L	9375	530	*	*	*	*	*	GU138712	*
H	9375	168	100.0	+	0	0	24I168M338I	GU138712	GU138712
L	9376	481	*	*	*	*	*	EU520315	*
H	9376	223	100.0	+	0	0	223M258I	EU520315	EU520315
L	9392	251	*	*	*	*	*	AF267646	*
H	9392	251	100.0	+	0	0	251M	AF267646	AF267646
L	9408	1670	*	*	*	*	*	JF263484	*
H	9408	213	100.0	+	0	0	8I213M1449I	JF263484	JF263484
L	9412	629	*	*	*	*	*	HQ441574	*
H	9412	196	100.0	+	0	0	39I196M394I	HQ441574	HQ441574
L	9418	617	*	*	*	*	*	HQ215791	*
H	9418	256	100.0	+	0	0	10I256M351I	HQ215791	HQ215791
L	9435	729	*	*	*	*	*	JF514539	*
H	9435	327	100.0	+	0	0	13I327M389I	JF514539	JF514539
L	9552	606	*	*	*	*	*	AF516583	*
H	9552	236	100.0	+	0	0	236M370I	AF516583	AF516583
L	9576	1182	*	*	*	*	*	AF539731	*
H	9576	245	100.0	+	0	0	245M937I	AF539731	AF539731
L	9615	561	*	*	*	*	*	JF747058	*
H	9615	233	100.0	+	0	0	233M328I	JF747058	JF747058
L	9640	652	*	*	*	*	*	UDB001657	*
H	9640	234	100.0	+	0	0	22I234M396I	UDB001657	UDB001657
L	9650	592	*	*	*	*	*	AJ504646	*
H	9650	154	100.0	+	0	0	35I154M403I	AJ504646	AJ504646
L	9655	229	*	*	*	*	*	AY217021	*
H	9655	185	100.0	+	0	0	11I185M33I	AY217021	AY217021
L	9681	532	*	*	*	*	*	FJ415474	*
H	9681	180	100.0	+	0	0	11I180M341I	FJ415474	FJ415474
L	9709	723	*	*	*	*	*	HQ283364	*
H	9709	236	100.0	+	0	0	134I236M353I	HQ283364	HQ283364
L	9718	668	*	*	*	*	*	AJ006671	*
H	9718	226	100.0	+	0	0	35I226M407I	AJ006671	AJ006671
L	9720	748	*	*	*	*	*	HQ728288	*
H	9720	226	100.0	+	0	0	226M522I	HQ728288	HQ728288
L	9787	727	*	*	*	*	*	AY280988	*
H	9787	272	100.0	+	0	0	50I272M405I	AY280988	AY280988
L	9802	650	*	*	*	*	*	DQ383647	*
H	9802	222	100.0	+	0	0	17I222M411I	DQ383647	DQ383647
L	9816	531	*	*	*	*	*	JF703122	*
H	9816	213	100.0	+	0	0	213M318I	JF703122	JF703122
L	9817	512	*	*	*	*	*	JF703123	*
H	9817	193	100.0	+	0	0	193M319I	JF703123	JF703123
L	9841	564	*	*	*	*	*	HQ650631	*
H	9841	224	100.0	+	0	0	8I224M332I	HQ650631	HQ650631
L	9871	159	*	*	*	*	*	AB212991	*
H	9871	159	100.0	+	0	0	159M	AB212991	AB212991
L	9874	647	*	*	*	*	*	HQ667518	*
H	9874	262	100.0	+	0	0	262M385I	HQ667518	HQ667518
L	9886	588	*	*	*	*	*	GQ302677	*
H	9886	205	100.0	+	0	0	11I205M372I	GQ302677	GQ302677
L	10333	577	*	*	*	*	*	GQ365159	*
H	10333	209	100.0	+	0	0	18I209M350I	FJ785440	GQ365159
L	9924	520	*	*	*	*	*	JF951143	*
H	9924	184	100.0	+	0	0	184M336I	JF951143	JF951143
L	9928	507	*	*	*	*	*	JF951154	*
H	9928	202	100.0	+	0	0	202M305I	JF951154	JF951154
L	9942	613	*	*	*	*	*	HM595565	*
H	9942	232	100.0	+	0	0	I232M380I	HM595565	HM595565
L	9950	539	*	*	*	*	*	FJ169667	*
H	9950	182	100.0	+	0	0	11I182M346I	FJ169667	FJ169667
L	9966	622	*	*	*	*	*	GU222293	*
H	9966	203	100.0	+	0	0	39I203M380I	GU222293	GU222293
L	9974	590	*	*	*	*	*	HQ586874	*
H	9974	190	100.0	+	0	0	39I190M361I	HQ586874	HQ586874
L	9976	688	*	*	*	*	*	HQ728526	*
H	9976	268	100.0	+	0	0	33I268M387I	HQ728526	HQ728526
L	9984	884	*	*	*	*	*	AB154733	*
H	9984	884	100.0	+	0	0	884M	AB154733	AB154733
L	9999	601	*	*	*	*	*	JN198400	*
H	9999	217	100.0	+	0	0	41I217M343I	JN198400	JN198400
L	10008	1010	*	*	*	*	*	JN198424	*
H	10008	210	100.0	+	0	0	455I210M345I	JN198424	JN198424
L	10020	591	*	*	*	*	*	FJ228174	*
H	10020	216	100.0	+	0	0	21I216M354I	FJ228174	FJ228174
L	10056	659	*	*	*	*	*	JN194169	*
H	10056	416	100.0	+	0	0	92I416M151I	JN194169	JN194169
L	10086	548	*	*	*	*	*	HQ725080	*
H	10086	222	100.0	+	0	0	I222M325I	HQ725080	HQ725080
L	10094	478	*	*	*	*	*	EU448274	*
H	10094	190	100.0	+	0	0	190M288I	EU448274	EU448274
L	10113	693	*	*	*	*	*	AY194541	*
H	10113	295	100.0	+	0	0	295M398I	AY194541	AY194541
L	10144	1018	*	*	*	*	*	JN093261	*
H	10144	102	100.0	+	0	0	36I102M880I	JN093261	JN093261
L	10146	535	*	*	*	*	*	AY935624	*
H	10146	215	100.0	+	0	0	215M320I	AY935624	AY935624
L	10198	598	*	*	*	*	*	JN053507	*
H	10198	233	100.0	+	0	0	233M365I	JN053507	JN053507
L	10200	589	*	*	*	*	*	JN053509	*
H	10200	200	100.0	+	0	0	2I200M387I	JN053509	JN053509
L	10210	687	*	*	*	*	*	JF519834	*
H	10210	217	100.0	+	0	0	51I217M419I	JF519834	JF519834
L	10212	641	*	*	*	*	*	JF519839	*
H	10212	215	100.0	+	0	0	9I215M417I	JF519839	JF519839
L	10215	657	*	*	*	*	*	JF519842	*
H	10215	217	100.0	+	0	0	24I217M416I	JF519841	JF519842
L	10237	601	*	*	*	*	*	JN225906	*
H	10237	214	100.0	+	0	0	34I214M353I	JN225906	JN225906
L	10256	666	*	*	*	*	*	JN182876	*
H	10256	283	100.0	+	0	0	22I283M361I	JN182876	JN182876
L	10261	849	*	*	*	*	*	FJ608589	*
H	10261	281	100.0	+	0	0	9I281M559I	FJ608589	FJ608589
L	10291	534	*	*	*	*	*	AY360401	*
H	10291	184	100.0	+	0	0	184M350I	AY360401	AY360401
L	10310	420	*	*	*	*	*	HQ436455	*
H	10310	102	100.0	+	0	0	312I102M6I	HQ436455	HQ436455
L	10358	1555	*	*	*	*	*	JF439111	*
H	10358	130	100.0	+	0	0	222I130M1203I	JF439111	JF439111
L	10359	1540	*	*	*	*	*	JF439113	*
H	10359	138	100.0	+	0	0	224I138M1178I	JF439113	JF439113
L	10360	1549	*	*	*	*	*	JF439116	*
H	10360	142	100.0	+	0	0	222I142M1185I	JF439164	JF439116
L	10375	1540	*	*	*	*	*	JF439168	*
H	10375	145	100.0	+	0	0	222I145M1173I	JF439168	JF439168
L	10378	1556	*	*	*	*	*	JF439173	*
H	10378	144	100.0	+	0	0	224I144M1188I	JF439173	JF439173
L	10387	1494	*	*	*	*	*	JF439092	*
H	10387	102	100.0	+	0	0	222I102M1170I	JF439092	JF439092
L	10394	628	*	*	*	*	*	AY461838	*
H	10394	275	100.0	+	0	0	275M353I	AY461838	AY461838
L	10403	594	*	*	*	*	*	FJ459928	*
H	10403	226	100.0	+	0	0	11I226M357I	FJ459928	FJ459928
L	10408	1413	*	*	*	*	*	HE575669	*
H	10408	349	100.0	+	0	0	11I349M1053I	HE575669	HE575669
L	10425	723	*	*	*	*	*	JF907812	*
H	10425	310	100.0	+	0	0	25I310M388I	JF907812	JF907812
L	10436	717	*	*	*	*	*	JF907832	*
H	10436	298	100.0	+	0	0	39I298M380I	JF907832	JF907832
L	10448	582	*	*	*	*	*	AF389154	*
H	10448	215	100.0	+	0	0	4I215M363I	AF389154	AF389154
L	10470	862	*	*	*	*	*	JF908018	*
H	10470	204	100.0	+	0	0	204M658I	JF908018	JF908018
L	10487	454	*	*	*	*	*	JF908097	*
H	10487	281	100.0	+	0	0	281M173I	JF908097	JF908097
L	10496	628	*	*	*	*	*	JF908118	*
H	10496	230	100.0	+	0	0	25I230M373I	JF908118	JF908118
L	10498	617	*	*	*	*	*	JF908126	*
H	10498	253	100.0	+	0	0	24I253M340I	JF908126	JF908126
L	10500	625	*	*	*	*	*	JF908135	*
H	10500	290	100.0	+	0	0	33I290M302I	JF908135	JF908135
L	10529	759	*	*	*	*	*	JF908486	*
H	10529	278	100.0	+	0	0	278M481I	JF908486	JF908486
L	10534	748	*	*	*	*	*	JF908428	*
H	10534	283	100.0	+	0	0	50I283M415I	JF908428	JF908428
L	10536	490	*	*	*	*	*	JF908427	*
H	10536	294	100.0	+	0	0	16I294M180I	JF908427	JF908427
L	10543	464	*	*	*	*	*	JF908447	*
H	10543	270	100.0	+	0	0	270M194I	JF908447	JF908447
L	10597	678	*	*	*	*	*	GQ140236	*
H	10597	331	100.0	+	0	0	12I331M335I	GQ140236	GQ140236
L	10612	673	*	*	*	*	*	JF908791	*
H	10612	220	100.0	+	0	0	220M453I	JF908791	JF908791
L	10641	539	*	*	*	*	*	GU983658	*
H	10641	201	100.0	+	0	0	201M338I	GU983658	GU983658
H	10641	201	100.0	+	0	0	201M338I	Y17070	GU983658
L	10696	557	*	*	*	*	*	HE605220	*
H	10696	174	100.0	+	0	0	11I174M372I	HE605220	HE605220
L	10717	558	*	*	*	*	*	GU066701	*
H	10717	194	100.0	+	0	0	9I194M355I	GU066701	GU066701
L	10743	590	*	*	*	*	*	FJ839619	*
H	10743	184	100.0	+	0	0	67I184M339I	FJ839619	FJ839619
L	10749	690	*	*	*	*	*	JF495043	*
H	10749	325	100.0	+	0	0	325M365I	JF495043	JF495043
L	10753	702	*	*	*	*	*	JF495062	*
H	10753	324	100.0	+	0	0	324M378I	JF495062	JF495062
L	10756	702	*	*	*	*	*	JF495067	*
H	10756	328	100.0	+	0	0	328M374I	JF495067	JF495067
L	10777	554	*	*	*	*	*	JN603595	*
H	10777	157	100.0	+	0	0	41I157M356I	JN603595	JN603595
L	10812	715	*	*	*	*	*	JN003238	*
H	10812	191	100.0	+	0	0	191M524I	JN003238	JN003238
L	28079	491	*	*	*	*	*	JN641786	*
H	28079	32	100.0	+	0	0	195I32M264I	JN127358	JN641786
L	10831	564	*	*	*	*	*	HQ260622	*
H	10831	254	100.0	+	0	0	254M310I	HQ260622	HQ260622
L	25506	408	*	*	*	*	*	HM060607	*
H	25506	84	100.0	+	0	0	144I84M180I	JF796279	HM060607
L	10869	1165	*	*	*	*	*	JN673050	*
H	10869	191	100.0	+	0	0	35I191M939I	JN673050	JN673050
L	10878	607	*	*	*	*	*	AY010276	*
H	10878	235	100.0	+	0	0	235M372I	AY010276	AY010276
L	10907	566	*	*	*	*	*	JN031061	*
H	10907	86	100.0	+	0	0	130I86M350I	JN031061	JN031061
L	10919	620	*	*	*	*	*	AY373865	*
H	10919	216	100.0	+	0	0	11I216M393I	AY373865	AY373865
L	10930	687	*	*	*	*	*	AB091774	*
H	10930	251	100.0	+	0	0	11I251M425I	AB091774	AB091774
L	10937	576	*	*	*	*	*	GU947792	*
H	10937	137	100.0	+	0	0	79I137M360I	AF414314	GU947792
L	10962	543	*	*	*	*	*	JN197292	*
H	10962	181	100.0	+	0	0	24I181M338I	JN197292	JN197292
L	10279	210	*	*	*	*	*	EF534004	*
H	10279	105	100.0	+	0	0	61I105M44I	FJ412100	EF534004
L	10980	566	*	*	*	*	*	U68323	*
H	10980	255	100.0	+	0	0	255M311I	U68323	U68323
L	10981	532	*	*	*	*	*	U68324	*
H	10981	236	100.0	+	0	0	236M296I	U68324	U68324
L	10994	597	*	*	*	*	*	JN232143	*
H	10994	186	100.0	+	0	0	97I186M314I	JN232143	JN232143
L	9895	1656	*	*	*	*	*	AB027379	*
H	9895	196	100.0	+	0	0	198I196M1262I	GU390580	AB027379
L	11019	685	*	*	*	*	*	AJ309343	*
H	11019	240	100.0	+	0	0	40I240M405I	AJ309343	AJ309343
L	11025	709	*	*	*	*	*	DQ449983	*
H	11025	291	100.0	+	0	0	291M418I	DQ449983	DQ449983
L	11030	557	*	*	*	*	*	JN021539	*
H	11030	216	100.0	+	0	0	12I216M329I	JN021539	JN021539
L	11032	549	*	*	*	*	*	JN021545	*
H	11032	216	100.0	+	0	0	36I216M297I	JN021545	JN021545
L	11033	505	*	*	*	*	*	JN021546	*
H	11033	186	100.0	+	0	0	36I186M283I	JN021546	JN021546
L	11038	578	*	*	*	*	*	EU856765	*
H	11038	208	100.0	+	0	0	16I208M354I	EU919693	EU856765
L	11058	713	*	*	*	*	*	JF974076	*
H	11058	284	100.0	+	0	0	18I284M411I	JF974076	JF974076
L	11069	353	*	*	*	*	*	JF974132	*
H	11069	227	100.0	+	0	0	227M126I	JF974132	JF974132
L	11093	479	*	*	*	*	*	JN030999	*
H	11093	153	100.0	+	0	0	153M326I	JN030999	JN030999
L	21259	474	*	*	*	*	*	EF589870	*
H	21259	178	100.0	+	0	0	13I178M283I	FJ176473	EF589870
L	19102	567	*	*	*	*	*	FJ481036	*
H	19102	169	100.0	+	0	0	35I169M363I	EF601622	FJ481036
L	11206	388	*	*	*	*	*	JN247822	*
H	11206	33	100.0	+	0	0	33M355I	JN247822	JN247822
L	11211	510	*	*	*	*	*	JN049830	*
H	11211	223	100.0	+	0	0	223M287I	JN049830	JN049830
L	11222	305	*	*	*	*	*	JN049853	*
H	11222	158	100.0	+	0	0	158M147I	JN049853	JN049853
L	11231	609	*	*	*	*	*	JN049879	*
H	11231	214	100.0	+	0	0	30I214M365I	JN049879	JN049879
L	11242	549	*	*	*	*	*	JN022532	*
H	11242	549	100.0	+	0	0	549M	JN022532	JN022532
L	11244	685	*	*	*	*	*	EF534352	*
H	11244	244	100.0	+	0	0	10I244M431I	EF534352	EF534352
L	11256	571	*	*	*	*	*	AY789384	*
H	11256	198	100.0	+	0	0	40I198M333I	AY789384	AY789384
L	11262	678	*	*	*	*	*	HQ446358	*
H	11262	249	100.0	+	0	0	14I249M415I	HQ446358	HQ446358
L	11303	674	*	*	*	*	*	JN943055	*
H	11303	251	100.0	+	0	0	11I251M412I	JN943055	JN943055
L	11313	530	*	*	*	*	*	DQ859026	*
H	11313	125	100.0	+	0	0	96I125M309I	DQ859026	DQ859026
L	11345	689	*	*	*	*	*	EF460368	*
H	11345	326	100.0	+	0	0	11I326M352I	EF460368	EF460368
L	11348	575	*	*	*	*	*	JN942353	*
H	11348	188	100.0	+	0	0	11I188M376I	JN942353	JN942353
L	11346	568	*	*	*	*	*	JN942348	*
H	11346	84	100.0	+	0	0	136I84M348I	JN942354	JN942348
L	11362	746	*	*	*	*	*	HE614898	*
H	11362	316	100.0	+	0	0	34I316M396I	HE614898	HE614898
L	11368	1016	*	*	*	*	*	JN865203	*
H	11368	235	100.0	+	0	0	465I235M316I	JN865203	JN865203
H	11380	179	100.0	+	0	0	5I179M315I	GQ852794	GQ852794
L	28329	632	*	*	*	*	*	JN943502	*
H	28329	238	100.0	+	0	0	44I238M350I	JN943486	JN943502
L	11401	1643	*	*	*	*	*	FM876839	*
H	11401	108	100.0	+	0	0	272I108M1263I	FM876839	FM876839
L	11403	1586	*	*	*	*	*	FN547490	*
H	11403	146	100.0	+	0	0	224I146M1216I	FN547490	FN547490
L	11428	534	*	*	*	*	*	JN108914	*
H	11428	534	100.0	+	0	0	534M	JN108914	JN108914
L	11443	590	*	*	*	*	*	GU570536	*
H	11443	182	100.0	+	0	0	88I182M320I	GU570536	GU570536
L	11457	806	*	*	*	*	*	JN813401	*
H	11457	232	100.0	+	0	0	223I232M351I	JN813401	JN813401
L	11017	553	*	*	*	*	*	GU390580	*
H	11017	196	100.0	+	0	0	46I196M311I	EF192416	GU390580
L	11534	609	*	*	*	*	*	FJ538364	*
H	11534	271	100.0	+	0	0	24I271M314I	FJ538364	FJ538364
L	11549	691	*	*	*	*	*	AJ006678	*
H	11549	243	100.0	+	0	0	35I243M413I	AJ006678	AJ006678
L	11557	546	*	*	*	*	*	U85325	*
H	11557	330	100.0	+	0	0	4I330M212I	U85325	U85325
L	11582	664	*	*	*	*	*	JQ350874	*
H	11582	239	100.0	+	0	0	32I239M393I	JQ350874	JQ350874
L	11599	627	*	*	*	*	*	DQ200839	*
H	11599	250	100.0	+	0	0	250M377I	DQ200839	DQ200839
L	11618	714	*	*	*	*	*	EU427308	*
H	11618	251	100.0	+	0	0	251M463I	EU427308	EU427308
H	7801	30	96.7	+	0	0	229I30M465I	JQ029688	GU049455
L	11677	603	*	*	*	*	*	JQ317507	*
H	11677	276	100.0	+	0	0	276M327I	JQ317507	JQ317507
L	11681	602	*	*	*	*	*	JQ317516	*
H	11681	273	100.0	+	0	0	273M329I	JQ317516	JQ317516
L	11685	602	*	*	*	*	*	JQ317565	*
H	11685	267	100.0	+	0	0	267M335I	JQ317565	JQ317565
L	11706	622	*	*	*	*	*	JN943143	*
H	11706	139	100.0	+	0	0	154I139M329I	JN943143	JN943143
L	11708	1365	*	*	*	*	*	JN943278	*
H	11708	546	100.0	+	0	0	49I546M770I	JN943278	JN943278
L	11712	1619	*	*	*	*	*	JN943282	*
H	11712	549	100.0	+	0	0	49I549M1021I	JN943282	JN943282
L	11743	1934	*	*	*	*	*	JN710528	*
H	11743	227	100.0	+	0	0	15I227M1692I	JN710528	JN710528
L	11766	629	*	*	*	*	*	FJ379827	*
H	11766	218	100.0	+	0	0	218M411I	FJ379827	FJ379827
L	11771	694	*	*	*	*	*	JN899400	*
H	11771	211	100.0	+	0	0	12I211M471I	JN899400	JN899400
L	11823	613	*	*	*	*	*	AF418614	*
H	11823	254	100.0	+	0	0	254M359I	AF418614	AF418614
L	11825	522	*	*	*	*	*	JQ347275	*
H	11825	174	100.0	+	0	0	13I174M335I	JQ347275	JQ347275
L	11840	654	*	*	*	*	*	AY387491	*
H	11840	301	100.0	+	0	0	301M353I	AY387491	AY387491
L	11842	654	*	*	*	*	*	HM622269	*
H	11842	285	100.0	+	0	0	2I285M367I	HM622269	HM622269
L	11853	575	*	*	*	*	*	UDB001721	*
H	11853	203	100.0	+	0	0	203M372I	UDB001721	UDB001721
L	11895	551	*	*	*	*	*	AY624197	*
H	11895	220	100.0	+	0	0	220M331I	AY624197	AY624197
L	11903	717	*	*	*	*	*	AY344967	*
H	11903	269	100.0	+	0	0	10I269M438I	AY344967	AY344967
L	11907	743	*	*	*	*	*	AY340012	*
H	11907	331	100.0	+	0	0	331M412I	AY340012	AY340012
L	11918	1347	*	*	*	*	*	AY174805	*
H	11918	274	100.0	+	0	0	41I274M1032I	AY174805	AY174805
L	11922	1326	*	*	*	*	*	AY174811	*
H	11922	273	100.0	+	0	0	41I273M1012I	AY174811	AY174811
L	11926	1268	*	*	*	*	*	AY174817	*
H	11926	275	100.0	+	0	0	275M993I	AY174817	AY174817
L	11930	642	*	*	*	*	*	AY176459	*
H	11930	249	100.0	+	0	0	4I249M389I	AY176459	AY176459
L	11968	1837	*	*	*	*	*	AY225490	*
H	11968	251	100.0	+	0	0	251M1586I	AY225490	AY225490
L	11974	701	*	*	*	*	*	AY239315	*
H	11974	222	100.0	+	0	0	33I222M446I	AY239315	AY239315
L	11994	673	*	*	*	*	*	AY176436	*
H	11994	302	100.0	+	0	0	4I302M367I	AY176436	AY176436
L	11999	674	*	*	*	*	*	AY176453	*
H	11999	280	100.0	+	0	0	4I280M390I	AY176453	AY176453
L	12006	559	*	*	*	*	*	AY254161	*
H	12006	198	100.0	+	0	0	12I198M349I	AY254161	AY254161
L	12018	499	*	*	*	*	*	AY365468	*
H	12018	210	100.0	+	0	0	210M289I	AY365468	AY365468
L	12035	620	*	*	*	*	*	AY349113	*
H	12035	267	100.0	+	0	0	267M353I	AY349113	AY349113
L	12050	540	*	*	*	*	*	AJ504624	*
H	12050	139	100.0	+	0	0	11I139M390I	AJ504624	AJ504624
L	12051	568	*	*	*	*	*	AJ504634	*
H	12051	141	100.0	+	0	0	35I141M392I	AJ504634	AJ504634
L	12059	726	*	*	*	*	*	AY456344	*
H	12059	248	100.0	+	0	0	14I248M464I	AY456344	AY456344
L	12087	643	*	*	*	*	*	AY373297	*
H	12087	641	100.0	+	0	0	2I641M	AY373297	AY373297
L	12116	727	*	*	*	*	*	AJ419225	*
H	12116	311	100.0	+	0	0	311M416I	AJ419225	AJ419225
L	12128	974	*	*	*	*	*	AY425635	*
H	12128	222	100.0	+	0	0	463I222M289I	AY425635	AY425635
L	12140	582	*	*	*	*	*	AJ536563	*
H	12140	206	100.0	+	0	0	206M376I	AJ536563	AJ536563
L	12144	576	*	*	*	*	*	AJ536575	*
H	12144	231	100.0	+	0	0	231M345I	AJ536575	AJ536575
L	12169	596	*	*	*	*	*	AJ539368	*
H	12169	240	100.0	+	0	0	240M356I	AJ539368	AJ539368
L	12182	487	*	*	*	*	*	FJ427085	*
H	12182	176	100.0	+	0	0	176M311I	FJ427085	FJ427085
L	4382	605	*	*	*	*	*	DQ682575	*
H	4382	239	100.0	+	0	0	25I239M341I	AY857532	DQ682575
L	12193	692	*	*	*	*	*	U85797	*
H	12193	243	100.0	+	0	0	48I243M401I	U85797	U85797
L	12203	200	*	*	*	*	*	U03520	*
H	12203	184	100.0	+	0	0	I184M15I	U03520	U03520
L	12207	350	*	*	*	*	*	AF059285	*
H	12207	337	100.0	+	0	0	337M13I	AF059285	AF059285
L	12246	644	*	*	*	*	*	AY498683	*
H	12246	191	100.0	+	0	0	19I191M434I	AY498683	AY498683
L	12257	229	*	*	*	*	*	L18903	*
H	12257	181	100.0	+	0	0	15I181M33I	L18903	L18903
L	12259	661	*	*	*	*	*	AF110989	*
H	12259	346	100.0	+	0	0	7I346M308I	AF110989	AF110989
L	12271	554	*	*	*	*	*	AY398701	*
H	12271	226	100.0	+	0	0	226M328I	AY398701	AY398701
L	12276	523	*	*	*	*	*	AY485785	*
H	12276	212	100.0	+	0	0	212M311I	AY485785	AY485785
L	12281	332	*	*	*	*	*	AJ418742	*
H	12281	325	100.0	+	0	0	325M7I	AJ418742	AJ418742
L	1916	684	*	*	*	*	*	AM901703	*
H	1916	169	100.0	+	0	0	200I169M315I	EF687931	AM901703
L	12317	590	*	*	*	*	*	AY513156	*
H	12317	228	100.0	+	0	0	228M362I	AY513156	AY513156
L	12329	726	*	*	*	*	*	AB015687	*
H	12329	285	100.0	+	0	0	35I285M406I	AB015687	AB015687
L	12333	612	*	*	*	*	*	AB015692	*
H	12333	219	100.0	+	0	0	35I219M358I	AB015692	AB015692
L	12364	752	*	*	*	*	*	AY558595	*
H	12364	326	100.0	+	0	0	326M426I	AY558595	AY558595
L	12370	804	*	*	*	*	*	AY558603	*
H	12370	354	100.0	+	0	0	354M450I	AY558603	AY558603
L	12377	687	*	*	*	*	*	AY558631	*
H	12377	260	100.0	+	0	0	260M427I	AY558631	AY558631
L	12388	538	*	*	*	*	*	AF444459	*
H	12388	152	100.0	+	0	0	11I152M375I	AF444459	AF444459
L	12400	552	*	*	*	*	*	AY541248	*
H	12400	227	100.0	+	0	0	227M325I	AY541248	AY541248
L	12419	668	*	*	*	*	*	AY533702	*
H	12419	213	100.0	+	0	0	455I213M	AY533702	AY533702
L	12424	558	*	*	*	*	*	EF187917	*
H	12424	177	100.0	+	0	0	11I177M370I	EF187917	EF187917
L	12482	1387	*	*	*	*	*	DQ112554	*
H	12482	312	100.0	+	0	0	312M1075I	DQ112554	DQ112554
L	12494	647	*	*	*	*	*	AY571031	*
H	12494	267	100.0	+	0	0	13I267M367I	AY571031	AY571031
L	12503	681	*	*	*	*	*	AY571058	*
H	12503	283	100.0	+	0	0	25I283M373I	AY571058	AY571058
L	12530	506	*	*	*	*	*	AY611074	*
H	12530	224	100.0	+	0	0	224M282I	AY611074	AY611074
L	12540	529	*	*	*	*	*	AY586557	*
H	12540	225	100.0	+	0	0	225M304I	AY586557	AY586557
L	12547	705	*	*	*	*	*	AY640936	*
H	12547	303	100.0	+	0	0	30I303M372I	AY640936	AY640936
L	12552	636	*	*	*	*	*	AJ585474	*
H	12552	295	100.0	+	0	0	295M341I	AJ585474	AJ585474
L	12567	583	*	*	*	*	*	EU331087	*
H	12567	262	100.0	+	0	0	262M321I	EU331087	EU331087
L	12571	1231	*	*	*	*	*	AF106528	*
H	12571	234	100.0	+	0	0	632I234M365I	AF106528	AF106528
L	12572	1229	*	*	*	*	*	AF106531	*
H	12572	216	100.0	+	0	0	648I216M365I	AF106531	AF106531
L	12574	1246	*	*	*	*	*	AF106535	*
H	12574	232	100.0	+	0	0	648I232M366I	AF106535	AF106535
L	12578	573	*	*	*	*	*	EU520216	*
H	12578	224	100.0	+	0	0	224M349I	EU520216	EU520216
L	12596	296	*	*	*	*	*	AY558769	*
H	12596	296	100.0	+	0	0	296M	AY558769	AY558769
L	12609	217	*	*	*	*	*	AY558792	*
H	12609	217	100.0	+	0	0	217M	AY558792	AY558792
L	12621	601	*	*	*	*	*	AY245629	*
H	12621	231	100.0	+	0	0	11I231M359I	AY245629	AY245629
L	12632	727	*	*	*	*	*	AY606974	*
H	12632	257	100.0	+	0	0	43I257M427I	AY606974	AY606974
L	12649	593	*	*	*	*	*	AY737759	*
H	12649	236	100.0	+	0	0	236M357I	AY737759	AY737759
L	12652	579	*	*	*	*	*	FJ860752	*
H	12652	243	100.0	+	0	0	243M336I	FJ860752	FJ860752
L	12669	226	*	*	*	*	*	Z37071	*
H	12669	226	100.0	+	0	0	226M	Z37071	Z37071
L	12682	588	*	*	*	*	*	FJ442607	*
H	12682	238	100.0	+	0	0	9I238M341I	FJ442607	FJ442607
L	12689	529	*	*	*	*	*	AY755358	*
H	12689	180	100.0	+	0	0	5I180M344I	AY755358	AY755358
L	12697	737	*	*	*	*	*	EU597073	*
H	12697	211	100.0	+	0	0	32I211M494I	EU597073	EU597073
L	12710	778	*	*	*	*	*	AF079577	*
H	12710	280	100.0	+	0	0	2I280M496I	AF079577	AF079577
L	12739	573	*	*	*	*	*	AB180369	*
H	12739	194	100.0	+	0	0	194M379I	AB180369	AB180369
L	12767	645	*	*	*	*	*	FJ810176	*
H	12767	219	100.0	+	0	0	35I219M391I	FJ810176	FJ810176
L	12780	774	*	*	*	*	*	AY641459	*
H	12780	248	100.0	+	0	0	13I248M513I	AY641459	AY641459
L	12794	546	*	*	*	*	*	AB176616	*
H	12794	219	100.0	+	0	0	5I219M322I	AB176616	AB176616
L	12796	665	*	*	*	*	*	AY854068	*
H	12796	193	100.0	+	0	0	43I193M429I	AY854068	AY854068
L	12797	501	*	*	*	*	*	AY854070	*
H	12797	144	100.0	+	0	0	44I144M313I	AY854070	AY854070
L	12809	743	*	*	*	*	*	AJ698475	*
H	12809	257	100.0	+	0	0	11I257M475I	AJ698475	AJ698475
L	12845	668	*	*	*	*	*	DQ083786	*
H	12845	277	100.0	+	0	0	23I277M368I	DQ083786	DQ083786
L	12847	1331	*	*	*	*	*	AY669529	*
H	12847	276	100.0	+	0	0	38I276M1017I	AY669529	AY669529
L	12862	1203	*	*	*	*	*	AY669578	*
H	12862	278	100.0	+	0	0	2I278M923I	AY669578	AY669578
L	12871	1243	*	*	*	*	*	AY669606	*
H	12871	276	100.0	+	0	0	276M967I	AY669606	AY669606
L	12881	1256	*	*	*	*	*	AY669619	*
H	12881	272	100.0	+	0	0	35I272M949I	AY669619	AY669619
L	12900	627	*	*	*	*	*	FJ436989	*
H	12900	255	100.0	+	0	0	35I255M337I	FJ436989	FJ436989
L	12910	513	*	*	*	*	*	AY872281	*
H	12910	116	100.0	+	0	0	116M397I	AY872281	AY872281
L	12925	590	*	*	*	*	*	AF026307	*
H	12925	229	100.0	+	0	0	229M361I	AF026307	AF026307
L	12934	585	*	*	*	*	*	GQ241284	*
H	12934	218	100.0	+	0	0	24I218M343I	GQ241284	GQ241284
L	12940	544	*	*	*	*	*	AF161050	*
H	12940	146	100.0	+	0	0	146M398I	AF161050	AF161050
L	12958	527	*	*	*	*	*	AY756496	*
H	12958	231	100.0	+	0	0	231M296I	AY756496	AY756496
L	12976	493	*	*	*	*	*	AB026167	*
H	12976	178	100.0	+	0	0	178M315I	AB026167	AB026167
L	13013	465	*	*	*	*	*	AY853225	*
H	13013	188	100.0	+	0	0	188M277I	AY853225	AY853225
L	13017	442	*	*	*	*	*	AY853244	*
H	13017	164	100.0	+	0	0	164M278I	AY853244	AY853244
L	13018	628	*	*	*	*	*	FJ168603	*
H	13018	274	100.0	+	0	0	274M354I	FJ168603	FJ168603
L	13026	501	*	*	*	*	*	AF191549	*
H	13026	201	100.0	+	0	0	201M300I	AF191549	AF191549
L	13045	324	*	*	*	*	*	AB192991	*
H	13045	324	100.0	+	0	0	324M	AB192991	AB192991
L	13046	326	*	*	*	*	*	AB192994	*
H	13046	326	100.0	+	0	0	326M	AB192994	AB192994
L	13052	589	*	*	*	*	*	AY860559	*
H	13052	200	100.0	+	0	0	2I200M387I	AY860559	AY860559
L	13072	668	*	*	*	*	*	U56046	*
H	13072	270	100.0	+	0	0	13I270M385I	U56046	U56046
L	13077	2098	*	*	*	*	*	AY997038	*
H	13077	1040	100.0	+	0	0	290I1040M768I	AY997038	AY997038
L	13115	638	*	*	*	*	*	DQ007032	*
H	13115	222	100.0	+	0	0	23I222M393I	DQ007032	DQ007032
L	13122	555	*	*	*	*	*	AY965755	*
H	13122	218	100.0	+	0	0	3I218M334I	AY965755	AY965755
L	13150	341	*	*	*	*	*	AY923252	*
H	13150	112	100.0	+	0	0	112M229I	AY923252	AY923252
L	13170	764	*	*	*	*	*	EU819480	*
H	13170	253	100.0	+	0	0	49I253M462I	EU819480	EU819480
L	13182	820	*	*	*	*	*	AF193373	*
H	13182	306	100.0	+	0	0	11I306M503I	AF193373	AF193373
L	13208	548	*	*	*	*	*	DQ018093	*
H	13208	201	100.0	+	0	0	12I201M335I	DQ018093	DQ018093
L	13209	515	*	*	*	*	*	DQ018094	*
H	13209	192	100.0	+	0	0	192M323I	DQ018094	DQ018094
L	13237	681	*	*	*	*	*	FJ755858	*
H	13237	240	100.0	+	0	0	50I240M391I	FJ755858	FJ755858
L	13241	951	*	*	*	*	*	FJ845441	*
H	13241	243	100.0	+	0	0	117I243M591I	FJ845441	FJ845441
L	13268	643	*	*	*	*	*	AF097752	*
H	13268	276	100.0	+	0	0	276M367I	AF097752	AF097752
L	13280	694	*	*	*	*	*	AJ887993	*
H	13280	326	100.0	+	0	0	326M368I	AJ887993	AJ887993
L	13285	974	*	*	*	*	*	AY773454	*
H	13285	237	100.0	+	0	0	399I237M338I	AY773454	AY773454
L	13337	504	*	*	*	*	*	AY611121	*
H	13337	223	100.0	+	0	0	223M281I	AY611121	AY611121
L	13358	534	*	*	*	*	*	GQ922521	*
H	13358	189	100.0	+	0	0	189M345I	GQ922521	GQ922521
L	13415	362	*	*	*	*	*	DQ067604	*
H	13415	227	100.0	+	0	0	132I227M3I	DQ067604	DQ067604
L	13429	724	*	*	*	*	*	FJ548824	*
H	13429	234	100.0	+	0	0	35I234M455I	FJ548824	FJ548824
L	13435	526	*	*	*	*	*	EF029229	*
H	13435	194	100.0	+	0	0	194M332I	EF029229	EF029229
L	13477	822	*	*	*	*	*	AF237729	*
H	13477	329	100.0	+	0	0	47I329M446I	AF237729	AF237729
L	13481	742	*	*	*	*	*	EU819422	*
H	13481	241	100.0	+	0	0	49I241M452I	EU819422	EU819422
L	13484	308	*	*	*	*	*	AM183285	*
H	13484	277	100.0	+	0	0	277M31I	AM183285	AM183285
L	13488	808	*	*	*	*	*	DQ097357	*
H	13488	280	100.0	+	0	0	45I280M483I	DQ097357	DQ097357
L	13510	476	*	*	*	*	*	FJ808758	*
H	13510	194	100.0	+	0	0	194M282I	FJ808758	FJ808758
L	13528	550	*	*	*	*	*	DQ132827	*
H	13528	196	100.0	+	0	0	39I196M315I	DQ132827	DQ132827
L	13575	766	*	*	*	*	*	DQ192177	*
H	13575	299	100.0	+	0	0	42I299M425I	DQ192177	DQ192177
L	13617	484	*	*	*	*	*	FJ903339	*
H	13617	191	100.0	+	0	0	50I191M243I	FJ903339	FJ903339
L	13629	1359	*	*	*	*	*	DQ191253	*
H	13629	293	100.0	+	0	0	293M1066I	DQ191253	DQ191253
L	13647	594	*	*	*	*	*	AF243134	*
H	13647	215	100.0	+	0	0	11I215M368I	AF243134	AF243134
L	13663	1231	*	*	*	*	*	DQ218302	*
H	13663	214	100.0	+	0	0	214M1017I	DQ218302	DQ218302
L	13665	533	*	*	*	*	*	DQ202517	*
H	13665	195	100.0	+	0	0	195M338I	DQ202517	DQ202517
L	13704	2314	*	*	*	*	*	AB126045	*
H	13704	179	100.0	+	0	0	1765I179M370I	AB126045	AB126045
L	13715	539	*	*	*	*	*	DQ243798	*
H	13715	239	100.0	+	0	0	239M300I	DQ243798	DQ243798
L	13766	438	*	*	*	*	*	DQ241457	*
H	13766	149	100.0	+	0	0	149M289I	DQ241457	DQ241457
L	13771	423	*	*	*	*	*	DQ241454	*
H	13771	155	100.0	+	0	0	155M268I	DQ241454	DQ241454
L	13775	421	*	*	*	*	*	DQ241468	*
H	13775	142	100.0	+	0	0	142M279I	DQ241468	DQ241468
L	13776	512	*	*	*	*	*	DQ241469	*
H	13776	164	100.0	+	0	0	164M348I	DQ241469	DQ241469
L	13804	583	*	*	*	*	*	DQ279062	*
H	13804	209	100.0	+	0	0	209M374I	DQ279062	DQ279062
L	13811	507	*	*	*	*	*	FJ493194	*
H	13811	184	100.0	+	0	0	5I184M318I	FJ493194	FJ493194
L	13826	667	*	*	*	*	*	AB214899	*
H	13826	295	100.0	+	0	0	295M372I	AB214899	AB214899
L	13835	777	*	*	*	*	*	DQ320561	*
H	13835	237	100.0	+	0	0	201I237M339I	DQ320561	DQ320561
L	13844	506	*	*	*	*	*	EU254841	*
H	13844	219	100.0	+	0	0	219M287I	EU254841	EU254841
L	13856	580	*	*	*	*	*	AM180951	*
H	13856	103	100.0	+	0	0	10I103M467I	AM180951	AM180951
L	13878	682	*	*	*	*	*	DQ328140	*
H	13878	276	100.0	+	0	0	33I276M373I	DQ328140	DQ328140
L	13910	722	*	*	*	*	*	GQ267488	*
H	13910	239	100.0	+	0	0	49I239M434I	GQ267488	GQ267488
L	13924	742	*	*	*	*	*	FJ861968	*
H	13924	161	100.0	+	0	0	235I161M346I	FJ861968	FJ861968
L	13940	634	*	*	*	*	*	DQ361061	*
H	13940	289	100.0	+	0	0	289M345I	DQ361061	DQ361061
L	13960	673	*	*	*	*	*	DQ365624	*
H	13960	212	100.0	+	0	0	51I212M410I	DQ365624	DQ365624
L	13966	587	*	*	*	*	*	DQ365638	*
H	13966	200	100.0	+	0	0	200M387I	DQ365638	DQ365638
L	13968	560	*	*	*	*	*	DQ365642	*
H	13968	270	100.0	+	0	0	270M290I	DQ365642	DQ365642
L	13991	667	*	*	*	*	*	DQ366853	*
H	13991	212	100.0	+	0	0	12I212M443I	DQ366853	DQ366853
L	13993	687	*	*	*	*	*	DQ366855	*
H	13993	215	100.0	+	0	0	12I215M460I	DQ366855	DQ366855
L	14034	629	*	*	*	*	*	DQ394393	*
H	14034	189	100.0	+	0	0	17I189M423I	DQ394393	DQ394393
L	14039	1621	*	*	*	*	*	DQ389673	*
H	14039	277	100.0	+	0	0	40I277M1304I	DQ389673	DQ389673
L	14046	1602	*	*	*	*	*	DQ389704	*
H	14046	277	100.0	+	0	0	41I277M1284I	DQ389704	DQ389704
L	14048	1601	*	*	*	*	*	DQ389719	*
H	14048	266	100.0	+	0	0	41I266M1294I	DQ389719	DQ389719
L	14050	1762	*	*	*	*	*	DQ389662	*
H	14050	128	100.0	+	0	0	1634I128M	DQ389662	DQ389662
L	14052	969	*	*	*	*	*	UDB011593	*
H	14052	279	100.0	+	0	0	3I279M687I	UDB011593	UDB011593
L	14098	596	*	*	*	*	*	GQ166897	*
H	14098	218	100.0	+	0	0	218M378I	GQ166897	GQ166897
L	14108	1182	*	*	*	*	*	DQ425024	*
H	14108	246	100.0	+	0	0	246M936I	DQ425024	DQ425024
L	14114	565	*	*	*	*	*	GU132456	*
H	14114	184	100.0	+	0	0	40I184M341I	GU132456	GU132456
L	14143	883	*	*	*	*	*	AB154754	*
H	14143	883	100.0	+	0	0	883M	AB154754	AB154754
L	14144	886	*	*	*	*	*	AB154758	*
H	14144	886	100.0	+	0	0	886M	AB154758	AB154758
L	14164	571	*	*	*	*	*	FJ591128	*
H	14164	187	100.0	+	0	0	187M384I	FJ591128	FJ591128
L	14184	623	*	*	*	*	*	AM176667	*
H	14184	227	100.0	+	0	0	9I227M387I	AM176667	AM176667
L	14202	582	*	*	*	*	*	AF083193	*
H	14202	208	100.0	+	0	0	35I208M339I	AF083193	AF083193
L	14204	584	*	*	*	*	*	AF083199	*
H	14204	204	100.0	+	0	0	35I204M345I	AF083199	AF083199
L	14209	628	*	*	*	*	*	DQ340323	*
H	14209	256	100.0	+	0	0	256M372I	DQ340323	DQ340323
L	14248	570	*	*	*	*	*	DQ480350	*
H	14248	195	100.0	+	0	0	20I195M355I	DQ480350	DQ480350
L	14319	621	*	*	*	*	*	DQ494694	*
H	14319	282	100.0	+	0	0	282M339I	DQ494694	DQ494694
L	14327	526	*	*	*	*	*	AF224352	*
H	14327	221	100.0	+	0	0	221M305I	AF224352	AF224352
L	14345	640	*	*	*	*	*	AJ278368	*
H	14345	282	100.0	+	0	0	282M358I	AJ278368	AJ278368
L	14361	599	*	*	*	*	*	AB015916	*
H	14361	258	100.0	+	0	0	258M341I	AB015916	AB015916
L	14378	626	*	*	*	*	*	EU039882	*
H	14378	197	100.0	+	0	0	35I197M394I	EU039882	EU039882
L	14388	623	*	*	*	*	*	FJ746664	*
H	14388	282	100.0	+	0	0	282M341I	FJ746664	FJ746664
L	14405	556	*	*	*	*	*	AB044384	*
H	14405	249	100.0	+	0	0	249M307I	AB044384	AB044384
L	14408	559	*	*	*	*	*	FJ236461	*
H	14408	210	100.0	+	0	0	13I210M336I	FJ236461	FJ236461
L	14412	464	*	*	*	*	*	AB048615	*
H	14412	111	100.0	+	0	0	111M353I	AB048615	AB048615
L	14420	609	*	*	*	*	*	FJ494954	*
H	14420	223	100.0	+	0	0	35I223M351I	FJ494954	FJ494954
L	14424	536	*	*	*	*	*	AF444472	*
H	14424	156	100.0	+	0	0	11I156M369I	AF444472	AF444472
L	14466	698	*	*	*	*	*	AB080556	*
H	14466	287	100.0	+	0	0	35I287M376I	AB080556	AB080556
L	14478	614	*	*	*	*	*	FJ538353	*
H	14478	274	100.0	+	0	0	24I274M316I	FJ538353	FJ538353
L	14479	569	*	*	*	*	*	AF115730	*
H	14479	254	100.0	+	0	0	254M315I	AF115730	AF115730
L	14495	444	*	*	*	*	*	AB111459	*
H	14495	444	100.0	+	0	0	444M	AB111459	AB111459
L	14503	542	*	*	*	*	*	EU938595	*
H	14503	226	100.0	+	0	0	226M316I	EU938595	EU938595
L	14541	888	*	*	*	*	*	AB154728	*
H	14541	888	100.0	+	0	0	888M	AB154728	AB154728
L	27842	644	*	*	*	*	*	JN164957	*
H	27842	224	100.0	+	0	0	41I224M379I	AB158313	JN164957
L	14555	500	*	*	*	*	*	AB176638	*
H	14555	217	100.0	+	0	0	12I217M271I	AB176638	AB176638
L	14556	532	*	*	*	*	*	AY586570	*
H	14556	225	100.0	+	0	0	225M307I	AY586570	AY586570
L	14569	550	*	*	*	*	*	AB245153	*
H	14569	184	100.0	+	0	0	184M366I	AB245153	AB245153
L	14596	626	*	*	*	*	*	GU212389	*
H	14596	274	100.0	+	0	0	13I274M339I	GU212389	GU212389
L	14606	1199	*	*	*	*	*	EU715662	*
H	14606	214	100.0	+	0	0	14I214M971I	EU715662	EU715662
L	14611	587	*	*	*	*	*	AB198706	*
H	14611	211	100.0	+	0	0	211M376I	AB198706	AB198706
L	14613	587	*	*	*	*	*	AB198708	*
H	14613	208	100.0	+	0	0	208M379I	AB198708	AB198708
L	14621	747	*	*	*	*	*	AB210074	*
H	14621	229	100.0	+	0	0	17I229M501I	AB210074	AB210074
L	14661	515	*	*	*	*	*	AB245069	*
H	14661	212	100.0	+	0	0	212M303I	AB245069	AB245069
L	14665	1055	*	*	*	*	*	AB245116	*
H	14665	200	100.0	+	0	0	416I200M439I	AB245116	AB245116
L	14705	589	*	*	*	*	*	FJ177456	*
H	14705	218	100.0	+	0	0	25I218M346I	FJ177456	FJ177456
L	14709	484	*	*	*	*	*	AJ313143	*
H	14709	209	100.0	+	0	0	209M275I	AJ313143	AJ313143
L	14732	761	*	*	*	*	*	AB286069	*
H	14732	117	100.0	+	0	0	92I117M552I	AB286069	AB286069
L	14738	613	*	*	*	*	*	AB290020	*
H	14738	222	100.0	+	0	0	222M391I	AB290020	AB290020
L	14739	839	*	*	*	*	*	AB291712	*
H	14739	839	100.0	+	0	0	839M	AB291712	AB291712
L	14760	655	*	*	*	*	*	AB302832	*
H	14760	260	100.0	+	0	0	260M395I	AB302832	AB302832
L	14786	610	*	*	*	*	*	AB361024	*
H	14786	255	100.0	+	0	0	11I255M344I	AB361024	AB361024
L	14789	700	*	*	*	*	*	AB361027	*
H	14789	261	100.0	+	0	0	261M439I	AB361027	AB361027
L	14801	1149	*	*	*	*	*	AB365469	*
H	14801	202	100.0	+	0	0	13I202M934I	AB365469	AB365469
H	15255	183	100.0	+	0	0	13I183M307I	FJ466709	AY927314
L	14814	517	*	*	*	*	*	AB374284	*
H	14814	181	100.0	+	0	0	14I181M322I	AB374284	AB374284
L	14820	642	*	*	*	*	*	AB427181	*
H	14820	263	100.0	+	0	0	13I263M366I	AB427181	AB427181
L	14894	489	*	*	*	*	*	AB481252	*
H	14894	176	100.0	+	0	0	10I176M303I	AB481252	AB481252
L	14903	831	*	*	*	*	*	AB481273	*
H	14903	188	100.0	+	0	0	342I188M301I	AB481273	AB481273
L	14906	819	*	*	*	*	*	AB481279	*
H	14906	187	100.0	+	0	0	338I187M294I	AB481279	AB481279
L	14927	1050	*	*	*	*	*	AB505416	*
H	14927	216	100.0	+	0	0	270I216M564I	AB505416	AB505416
L	14928	1039	*	*	*	*	*	AB505417	*
H	14928	214	100.0	+	0	0	270I214M555I	AB505417	AB505417
L	15003	760	*	*	*	*	*	EF141543	*
H	15003	263	100.0	+	0	0	39I263M458I	EF141543	EF141543
L	15096	916	*	*	*	*	*	AB512310	*
H	15096	197	100.0	+	0	0	11I197M708I	AB512310	AB512310
L	15097	575	*	*	*	*	*	AB512332	*
H	15097	213	100.0	+	0	0	4I213M358I	AB512332	AB512332
L	15126	548	*	*	*	*	*	AB524808	*
H	15126	193	100.0	+	0	0	5I193M350I	AB524808	AB524808
L	15128	530	*	*	*	*	*	AB524813	*
H	15128	181	100.0	+	0	0	5I181M344I	AB524813	AB524813
L	15130	586	*	*	*	*	*	AB525928	*
H	15130	210	100.0	+	0	0	34I210M342I	AB525928	AB525928
L	15177	360	*	*	*	*	*	AB553456	*
H	15177	80	100.0	+	0	0	80M280I	AB553456	AB553456
L	15199	569	*	*	*	*	*	FJ389929	*
H	15199	220	100.0	+	0	0	220M349I	FJ389929	FJ389929
L	15202	551	*	*	*	*	*	AB594802	*
H	15202	227	100.0	+	0	0	227M324I	AB594802	AB594802
L	15211	437	*	*	*	*	*	AB599964	*
H	15211	200	100.0	+	0	0	200M237I	AB599964	AB599964
L	15214	498	*	*	*	*	*	AB665307	*
H	15214	136	100.0	+	0	0	136M362I	AB665307	AB665307
L	15253	568	*	*	*	*	*	AB045003	*
H	15253	251	100.0	+	0	0	251M317I	AB045003	AB045003
L	15258	737	*	*	*	*	*	GQ844244	*
H	15258	278	100.0	+	0	0	278M459I	GQ844244	GQ844244
L	15276	434	*	*	*	*	*	AB696984	*
H	15276	158	100.0	+	0	0	158M276I	AB696984	AB696984
L	15304	640	*	*	*	*	*	DQ164439	*
H	15304	257	100.0	+	0	0	7I257M376I	DQ164439	DQ164439
L	15318	646	*	*	*	*	*	AF012195	*
H	15318	251	100.0	+	0	0	29I251M366I	AF012195	AF012195
L	15322	528	*	*	*	*	*	AY179934	*
H	15322	210	100.0	+	0	0	210M318I	AY179934	AY179934
L	15327	626	*	*	*	*	*	FJ379812	*
H	15327	209	100.0	+	0	0	209M417I	FJ379812	FJ379812
L	15339	501	*	*	*	*	*	AF042416	*
H	15339	153	100.0	+	0	0	11I153M337I	AF042416	AF042416
L	15341	488	*	*	*	*	*	FJ534883	*
H	15341	132	100.0	+	0	0	11I132M345I	FJ534883	FJ534883
L	15342	463	*	*	*	*	*	FJ534885	*
H	15342	115	100.0	+	0	0	11I115M337I	FJ534885	FJ534885
L	15343	494	*	*	*	*	*	AF042453	*
H	15343	139	100.0	+	0	0	10I139M345I	AF042453	AF042453
L	15366	533	*	*	*	*	*	AF046219	*
H	15366	200	100.0	+	0	0	200M333I	AF046219	AF046219
L	15370	742	*	*	*	*	*	AF046223	*
H	15370	312	100.0	+	0	0	312M430I	AF046223	AF046223
L	15384	1473	*	*	*	*	*	AF050261	*
H	15384	206	100.0	+	0	0	206M1267I	AF050261	AF050261
L	15386	552	*	*	*	*	*	AY805553	*
H	15386	135	100.0	+	0	0	77I135M340I	AY805553	AY805553
L	15394	1558	*	*	*	*	*	EU040215	*
H	15394	240	100.0	+	0	0	58I240M1260I	EU040215	EU040215
L	15401	661	*	*	*	*	*	AF053976	*
H	15401	300	100.0	+	0	0	300M361I	AF053976	AF053976
L	15427	522	*	*	*	*	*	AF062816	*
H	15427	200	100.0	+	0	0	200M322I	AF062816	AF062816
L	15457	770	*	*	*	*	*	AF072235	*
H	15457	222	100.0	+	0	0	219I222M329I	AF072235	AF072235
L	15474	525	*	*	*	*	*	AF081448	*
H	15474	225	100.0	+	0	0	225M300I	AF081448	AF081448
L	15479	1510	*	*	*	*	*	AF081478	*
H	15479	223	100.0	+	0	0	342I223M945I	AF081478	AF081478
L	15491	250	*	*	*	*	*	AF094509	*
H	15491	237	100.0	+	0	0	237M13I	AF094509	AF094509
L	15507	562	*	*	*	*	*	AF097901	*
H	15507	219	100.0	+	0	0	14I219M329I	AF097901	AF097901
L	15513	552	*	*	*	*	*	GQ293948	*
H	15513	224	100.0	+	0	0	224M328I	GQ293948	GQ293948
L	15517	538	*	*	*	*	*	EU639588	*
H	15517	230	100.0	+	0	0	230M308I	EU639588	EU639588
L	15581	339	*	*	*	*	*	AF133179	*
H	15581	233	100.0	+	0	0	99I233M7I	AF133179	AF133179
L	15592	463	*	*	*	*	*	AF138814	*
H	15592	177	100.0	+	0	0	177M286I	AF138814	AF138814
L	15596	552	*	*	*	*	*	AF139855	*
H	15596	215	100.0	+	0	0	215M337I	AF139855	AF139855
L	15615	921	*	*	*	*	*	AF141620	*
H	15615	592	100.0	+	0	0	329I592M	AF141620	AF141620
L	15618	628	*	*	*	*	*	AF147491	*
H	15618	234	100.0	+	0	0	33I234M361I	AF147491	AF147491
L	2143	644	*	*	*	*	*	EU280089	*
H	2143	171	100.0	+	0	0	415I171M58I	AJ507077	EU280089
L	15637	437	*	*	*	*	*	AF162471	*
H	15637	114	100.0	+	0	0	114M323I	AF162471	AF162471
L	15639	550	*	*	*	*	*	DQ780444	*
H	15639	212	100.0	+	0	0	212M338I	DQ780444	DQ780444
L	15655	631	*	*	*	*	*	EU301636	*
H	15655	210	100.0	+	0	0	53I210M368I	EU301636	EU301636
L	15658	545	*	*	*	*	*	AF178515	*
H	15658	209	100.0	+	0	0	209M336I	AF178515	AF178515
L	15663	1003	*	*	*	*	*	AF178527	*
H	15663	211	100.0	+	0	0	445I211M347I	AF178527	AF178527
L	15677	587	*	*	*	*	*	AF180167	*
H	15677	229	100.0	+	0	0	229M358I	AF180167	AF180167
L	15691	544	*	*	*	*	*	AF191171	*
H	15691	240	100.0	+	0	0	240M304I	AF191171	AF191171
L	15693	539	*	*	*	*	*	AF191185	*
H	15693	235	100.0	+	0	0	235M304I	AF191185	AF191185
L	15700	803	*	*	*	*	*	AF193353	*
H	15700	502	100.0	+	0	0	11I502M290I	AF193353	AF193353
L	15711	649	*	*	*	*	*	AF200236	*
H	15711	265	100.0	+	0	0	265M384I	AF200236	AF200236
L	15785	510	*	*	*	*	*	AF224362	*
H	15785	208	100.0	+	0	0	208M302I	AF224362	AF224362
L	15789	485	*	*	*	*	*	AF224373	*
H	15789	202	100.0	+	0	0	202M283I	AF224373	AF224373
L	15790	921	*	*	*	*	*	AF224374	*
H	15790	209	100.0	+	0	0	414I209M298I	AF224374	AF224374
L	15804	580	*	*	*	*	*	AF225440	*
H	15804	198	100.0	+	0	0	11I198M371I	AF225440	AF225440
L	15807	568	*	*	*	*	*	AF227513	*
H	15807	222	100.0	+	0	0	14I222M332I	AF227513	AF227513
L	15812	540	*	*	*	*	*	AF229195	*
H	15812	209	100.0	+	0	0	209M331I	AF229195	AF229195
L	15813	540	*	*	*	*	*	AF229468	*
H	15813	204	100.0	+	0	0	204M336I	AF229468	AF229468
L	15822	547	*	*	*	*	*	AF246143	*
H	15822	137	100.0	+	0	0	11I137M399I	AF246143	AF246143
L	15833	576	*	*	*	*	*	AF250831	*
H	15833	244	100.0	+	0	0	244M332I	AF250831	AF250831
L	15840	934	*	*	*	*	*	AF346408	*
H	15840	309	100.0	+	0	0	11I309M614I	AF346408	AF346408
L	15870	296	*	*	*	*	*	FJ439684	*
H	15870	288	100.0	+	0	0	8I288M	FJ439684	FJ439684
L	15874	268	*	*	*	*	*	AF267649	*
H	15874	268	100.0	+	0	0	268M	AF267649	AF267649
L	15884	549	*	*	*	*	*	AY737774	*
H	15884	245	100.0	+	0	0	245M304I	AY737774	AY737774
L	15892	502	*	*	*	*	*	AF277032	*
H	15892	495	100.0	+	0	0	4I495M3I	AF277032	AF277032
L	15961	543	*	*	*	*	*	AF297962	*
H	15961	207	100.0	+	0	0	207M336I	AF297962	AF297962
L	15975	612	*	*	*	*	*	AF309522	*
H	15975	254	100.0	+	0	0	22I254M336I	AF309522	AF309522
L	15993	496	*	*	*	*	*	AF319429	*
H	15993	178	100.0	+	0	0	9I178M309I	AF319429	AF319429
L	16002	1980	*	*	*	*	*	AF322654	*
H	16002	644	100.0	+	0	0	1336I644M	AF322654	AF322654
L	16015	629	*	*	*	*	*	AF326981	*
H	16015	206	100.0	+	0	0	206M423I	AF326981	AF326981
L	16060	1212	*	*	*	*	*	AF347090	*
H	16060	1212	100.0	+	0	0	1212M	AF347090	AF347090
L	16062	1149	*	*	*	*	*	AF347094	*
H	16062	1149	100.0	+	0	0	1149M	AF347094	AF347094
L	16064	1241	*	*	*	*	*	AF347096	*
H	16064	1241	100.0	+	0	0	1241M	AF347096	AF347096
L	16080	543	*	*	*	*	*	AF350065	*
H	16080	224	100.0	+	0	0	224M319I	AF350065	AF350065
L	16084	801	*	*	*	*	*	AF350288	*
H	16084	234	100.0	+	0	0	35I234M532I	AF350288	AF350288
L	16096	640	*	*	*	*	*	AF350309	*
H	16096	185	100.0	+	0	0	I185M454I	AF350309	AF350309
L	16126	515	*	*	*	*	*	AF362054	*
H	16126	188	100.0	+	0	0	12I188M315I	AF362054	AF362054
L	16127	539	*	*	*	*	*	EU851920	*
H	16127	182	100.0	+	0	0	11I182M346I	EU851920	EU851920
L	16131	501	*	*	*	*	*	AF362062	*
H	16131	181	100.0	+	0	0	11I181M309I	AF362062	AF362062
L	16140	608	*	*	*	*	*	AF022786	*
H	16140	174	100.0	+	0	0	80I174M354I	AF022786	AF022786
L	16185	648	*	*	*	*	*	AF389128	*
H	16185	280	100.0	+	0	0	280M368I	AF389128	AF389128
L	16186	653	*	*	*	*	*	AF389135	*
H	16186	275	100.0	+	0	0	275M378I	AF389135	AF389135
L	16202	554	*	*	*	*	*	AF393718	*
H	16202	213	100.0	+	0	0	20I213M321I	AF393718	AF393718
L	16216	1831	*	*	*	*	*	AF394527	*
H	16216	533	100.0	+	0	0	1298I533M	AF394527	AF394527
L	16245	546	*	*	*	*	*	AF408681	*
H	16245	207	100.0	+	0	0	207M339I	AF408681	AF408681
L	16275	580	*	*	*	*	*	JQ863228	*
H	16275	205	100.0	+	0	0	35I205M340I	JQ863228	JQ863228
L	16281	600	*	*	*	*	*	GQ412728	*
H	16281	216	100.0	+	0	0	13I216M371I	GQ412728	GQ412728
L	16323	643	*	*	*	*	*	AF444506	*
H	16323	199	100.0	+	0	0	11I199M433I	AF444506	AF444506
L	1911	647	*	*	*	*	*	FN548148	*
H	1911	180	100.0	+	0	0	120I180M347I	AF444534	FN548148
L	16345	618	*	*	*	*	*	AF444544	*
H	16345	187	100.0	+	0	0	11I187M420I	AF444544	AF444544
L	16361	667	*	*	*	*	*	AF446088	*
H	16361	222	100.0	+	0	0	11I222M434I	AF446088	AF446088
L	16365	746	*	*	*	*	*	AF448488	*
H	16365	248	100.0	+	0	0	248M498I	AF448488	AF448488
L	16392	548	*	*	*	*	*	EU553343	*
H	16392	215	100.0	+	0	0	215M333I	EU553343	EU553343
L	16459	441	*	*	*	*	*	AY775709	*
H	16459	160	100.0	+	0	0	160M281I	AY775709	AY775709
L	16465	522	*	*	*	*	*	AF472626	*
H	16465	156	100.0	+	0	0	156M366I	AF472626	AF472626
L	16477	692	*	*	*	*	*	AF482863	*
H	16477	312	100.0	+	0	0	4I312M376I	AF482863	AF482863
L	16492	837	*	*	*	*	*	AF485069	*
H	16492	499	100.0	+	0	0	5I499M333I	AF485069	AF485069
L	16493	630	*	*	*	*	*	AF485072	*
H	16493	298	100.0	+	0	0	5I298M327I	AF485072	AF485072
L	16500	392	*	*	*	*	*	AF486129	*
H	16500	196	100.0	+	0	0	35I196M161I	AF486129	AF486129
L	16514	582	*	*	*	*	*	AF492102	*
H	16514	209	100.0	+	0	0	209M373I	AF492102	AF492102
L	16516	597	*	*	*	*	*	AF492103	*
H	16516	209	100.0	+	0	0	209M388I	AF492103	AF492103
L	16524	637	*	*	*	*	*	AF501547	*
H	16524	253	100.0	+	0	0	253M384I	AF501547	AF501547
L	16540	791	*	*	*	*	*	AF505520	*
H	16540	196	100.0	+	0	0	327I196M268I	AF505520	AF505520
L	16542	756	*	*	*	*	*	FJ596766	*
H	16542	256	100.0	+	0	0	256M500I	FJ596766	FJ596766
L	18437	1851	*	*	*	*	*	AY621000	*
H	18437	21	100.0	+	0	0	1679I21M151I	AF506427	AY621000
L	16571	1245	*	*	*	*	*	AF506461	*
H	16571	1245	100.0	+	0	0	1245M	AF506461	AF506461
L	27066	599	*	*	*	*	*	FJ903349	*
H	27066	178	100.0	+	0	0	110I178M311I	AB478886	FJ903349
L	16625	510	*	*	*	*	*	AF517916	*
H	16625	234	100.0	+	0	0	234M276I	AF517916	AF517916
L	16632	508	*	*	*	*	*	AF517929	*
H	16632	231	100.0	+	0	0	231M277I	AF517929	AF517929
L	16660	630	*	*	*	*	*	EU520249	*
H	16660	237	100.0	+	0	0	5I237M388I	EU520249	EU520249
L	16694	545	*	*	*	*	*	AJ012298	*
H	16694	188	100.0	+	0	0	11I188M346I	AJ012298	AJ012298
L	16698	540	*	*	*	*	*	AJ131686	*
H	16698	244	100.0	+	0	0	244M296I	AJ131686	AJ131686
L	16715	244	*	*	*	*	*	AJ223031	*
H	16715	64	100.0	+	0	0	180I64M	AJ223031	AJ223031
L	16720	678	*	*	*	*	*	AB302814	*
H	16720	252	100.0	+	0	0	252M426I	AB302814	AB302814
L	16737	661	*	*	*	*	*	AJ242899	*
H	16737	218	100.0	+	0	0	49I218M394I	AJ242899	AJ242899
L	16766	672	*	*	*	*	*	AJ247527	*
H	16766	219	100.0	+	0	0	178I219M275I	AJ247527	AJ247527
L	16772	724	*	*	*	*	*	AJ247571	*
H	16772	220	100.0	+	0	0	201I220M303I	AJ247571	AJ247571
L	16773	598	*	*	*	*	*	AJ247555	*
H	16773	218	100.0	+	0	0	81I218M299I	AJ247555	AJ247555
L	16774	705	*	*	*	*	*	AJ247518	*
H	16774	219	100.0	+	0	0	215I219M271I	AJ247518	AJ247518
L	16775	583	*	*	*	*	*	AJ247562	*
H	16775	220	100.0	+	0	0	21I220M342I	AJ247562	AJ247562
L	13591	610	*	*	*	*	*	FJ609216	*
H	13591	297	100.0	+	0	0	297M313I	FJ409220	FJ609216
L	16788	617	*	*	*	*	*	AJ271430	*
H	16788	262	100.0	+	0	0	262M355I	AJ271430	AJ271430
L	16805	498	*	*	*	*	*	AJ271588	*
H	16805	177	100.0	+	0	0	177M321I	AJ271588	AJ271588
L	16821	505	*	*	*	*	*	AJ292291	*
H	16821	237	100.0	+	0	0	237M268I	AJ292291	AJ292291
L	16834	607	*	*	*	*	*	AJ293884	*
H	16834	214	100.0	+	0	0	23I214M370I	AJ293884	AJ293884
L	16860	550	*	*	*	*	*	EF600032	*
H	16860	192	100.0	+	0	0	4I192M354I	EF600032	EF600032
L	16865	531	*	*	*	*	*	AJ302421	*
H	16865	228	100.0	+	0	0	228M303I	AJ302421	AJ302421
L	16870	616	*	*	*	*	*	AJ305236	*
H	16870	274	100.0	+	0	0	2I274M340I	AJ305236	AJ305236
L	16874	681	*	*	*	*	*	DQ068965	*
H	16874	257	100.0	+	0	0	16I257M408I	DQ068965	DQ068965
L	16880	608	*	*	*	*	*	AJ309347	*
H	16880	199	100.0	+	0	0	32I199M377I	AJ309347	AJ309347
L	16894	581	*	*	*	*	*	AJ315825	*
H	16894	242	100.0	+	0	0	3I242M336I	AJ315825	AJ315825
L	16904	615	*	*	*	*	*	AJ315841	*
H	16904	265	100.0	+	0	0	4I265M346I	AJ315841	AJ315841
L	16932	635	*	*	*	*	*	AJ408381	*
H	16932	259	100.0	+	0	0	259M376I	AJ408381	AJ408381
L	26236	355	*	*	*	*	*	AJ410757	*
H	26236	207	99.0	+	0	0	207M148I	AJ410782	AJ410757
L	16966	756	*	*	*	*	*	AF096213	*
H	16966	206	100.0	+	0	0	200I206M350I	AF096213	AF096213
L	16968	1498	*	*	*	*	*	AJ438956	*
H	16968	185	100.0	+	0	0	1313I185M	AJ438956	AJ438956
L	16970	1518	*	*	*	*	*	AJ438958	*
H	16970	184	100.0	+	0	0	1334I184M	AJ438958	AJ438958
L	16971	1512	*	*	*	*	*	AJ438959	*
H	16971	181	100.0	+	0	0	1331I181M	AJ438959	AJ438959
L	16990	388	*	*	*	*	*	AJ458282	*
H	16990	193	100.0	+	0	0	193M195I	AJ458282	AJ458282
L	17008	550	*	*	*	*	*	FJ489613	*
H	17008	243	100.0	+	0	0	243M307I	FJ489613	FJ489613
L	17014	724	*	*	*	*	*	FJ515178	*
H	17014	324	100.0	+	0	0	324M400I	FJ515178	FJ515178
L	17024	536	*	*	*	*	*	AJ518849	*
H	17024	136	100.0	+	0	0	11I136M389I	AJ518849	AJ518849
L	17025	571	*	*	*	*	*	AJ518864	*
H	17025	138	100.0	+	0	0	35I138M398I	AJ518864	AJ518864
L	17026	618	*	*	*	*	*	AJ519796	*
H	17026	232	100.0	+	0	0	232M386I	AJ519796	AJ519796
L	17079	581	*	*	*	*	*	AJ567733	*
H	17079	141	100.0	+	0	0	35I141M405I	AJ567733	AJ567733
L	17085	609	*	*	*	*	*	AJ567807	*
H	17085	173	100.0	+	0	0	35I173M401I	AJ567807	AJ567807
L	17090	610	*	*	*	*	*	AJ585432	*
H	17090	276	100.0	+	0	0	276M334I	AJ585432	AJ585432
L	17116	536	*	*	*	*	*	AJ608661	*
H	17116	156	100.0	+	0	0	11I156M369I	AJ608661	AJ608661
L	17117	647	*	*	*	*	*	AY944875	*
H	17117	248	100.0	+	0	0	7I248M392I	AY944875	AY944875
L	17154	710	*	*	*	*	*	AJ849892	*
H	17154	121	100.0	+	0	0	129I121M460I	AJ849892	AJ849892
L	17163	583	*	*	*	*	*	AJ567767	*
H	17163	148	100.0	+	0	0	35I148M400I	AJ567767	AJ567767
L	17180	629	*	*	*	*	*	AJ877209	*
H	17180	274	100.0	+	0	0	11I274M344I	AJ877209	AJ877209
L	17196	521	*	*	*	*	*	AY877351	*
H	17196	197	100.0	+	0	0	197M324I	AY877351	AY877351
L	17200	639	*	*	*	*	*	AJ889920	*
H	17200	273	100.0	+	0	0	4I273M362I	AJ889920	AJ889920
L	17204	738	*	*	*	*	*	UDB000068	*
H	17204	202	100.0	+	0	0	28I202M508I	UDB000068	UDB000068
L	17210	557	*	*	*	*	*	AJ410758	*
H	17210	206	100.0	+	0	0	206M351I	AJ410758	AJ410758
L	17264	350	*	*	*	*	*	AM159634	*
H	17264	153	100.0	+	0	0	64I153M133I	AM159634	AM159634
H	20555	200	100.0	+	0	0	32I200M360I	AM159636	GU183167
L	17306	808	*	*	*	*	*	AM269781	*
H	17306	347	100.0	+	0	0	23I347M438I	AM269781	AM269781
L	17316	301	*	*	*	*	*	AM279267	*
H	17316	97	100.0	+	0	0	97M204I	AM279267	AM279267
L	17324	564	*	*	*	*	*	AM292047	*
H	17324	227	100.0	+	0	0	227M337I	AM292047	AM292047
L	17335	466	*	*	*	*	*	AM292683	*
H	17335	186	100.0	+	0	0	186M280I	AM292683	AM292683
L	17371	494	*	*	*	*	*	AF220968	*
H	17371	167	100.0	+	0	0	167M327I	AF220968	AF220968
L	17401	1537	*	*	*	*	*	AM712260	*
H	17401	288	100.0	+	0	0	288M1249I	AM712260	AM712260
L	17409	498	*	*	*	*	*	AM743193	*
H	17409	135	100.0	+	0	0	135M363I	AM743193	AM743193
L	17444	1937	*	*	*	*	*	AM882790	*
H	17444	286	100.0	+	0	0	8I286M1643I	AM882790	AM882790
L	17452	156	*	*	*	*	*	FJ601812	*
H	17452	156	100.0	+	0	0	156M	FJ601812	FJ601812
L	17460	1909	*	*	*	*	*	AM882897	*
H	17460	260	100.0	+	0	0	23I260M1626I	AM882897	AM882897
L	17473	1938	*	*	*	*	*	AM882967	*
H	17473	278	100.0	+	0	0	23I278M1637I	AM882967	AM882967
L	17485	482	*	*	*	*	*	EU682197	*
H	17485	200	100.0	+	0	0	200M282I	EU682197	EU682197
L	17490	714	*	*	*	*	*	JN882323	*
H	17490	244	100.0	+	0	0	244M470I	JN882323	JN882323
L	17514	670	*	*	*	*	*	FJ791132	*
H	17514	273	100.0	+	0	0	21I273M376I	FJ791132	FJ791132
L	17517	551	*	*	*	*	*	AM921718	*
H	17517	242	100.0	+	0	0	242M309I	AM921718	AM921718
L	17518	527	*	*	*	*	*	AF439473	*
H	17518	226	100.0	+	0	0	226M301I	AF439473	AF439473
L	17520	637	*	*	*	*	*	AF444304	*
H	17520	184	100.0	+	0	0	10I184M443I	AF444304	AF444304
L	17523	503	*	*	*	*	*	AM924156	*
H	17523	211	100.0	+	0	0	211M292I	AM924156	AM924156
L	17547	175	*	*	*	*	*	AM981255	*
H	17547	175	100.0	+	0	0	175M	AM981255	AM981255
L	17551	576	*	*	*	*	*	EF989111	*
H	17551	142	100.0	+	0	0	35I142M399I	EF989111	EF989111
L	17553	628	*	*	*	*	*	FJ769330	*
H	17553	160	100.0	+	0	0	35I160M433I	FJ769330	FJ769330
L	17610	793	*	*	*	*	*	AY056036	*
H	17610	105	100.0	+	0	0	9I105M679I	AY056036	AY056036
L	17630	676	*	*	*	*	*	AY081027	*
H	17630	202	100.0	+	0	0	49I202M425I	AY081027	AY081027
L	17641	529	*	*	*	*	*	AY083188	*
H	17641	198	100.0	+	0	0	6I198M325I	AY083188	AY083188
L	17649	585	*	*	*	*	*	AF492119	*
H	17649	210	100.0	+	0	0	210M375I	AF492119	AF492119
L	17653	721	*	*	*	*	*	AB512299	*
H	17653	167	100.0	+	0	0	215I167M339I	AB512299	AB512299
L	17658	585	*	*	*	*	*	AY124104	*
H	17658	210	100.0	+	0	0	30I210M345I	AY124104	AY124104
L	17667	272	*	*	*	*	*	AY129374	*
H	17667	231	100.0	+	0	0	22I231M19I	AY129374	AY129374
L	17683	663	*	*	*	*	*	FJ466724	*
H	17683	184	100.0	+	0	0	42I184M437I	FJ466724	FJ466724
L	17693	442	*	*	*	*	*	FJ491946	*
H	17693	158	100.0	+	0	0	13I158M271I	FJ491946	FJ491946
L	17704	486	*	*	*	*	*	AY173386	*
H	17704	187	100.0	+	0	0	187M299I	AY173386	AY173386
L	17714	1271	*	*	*	*	*	AY174856	*
H	17714	266	100.0	+	0	0	266M1005I	AY174856	AY174856
L	17722	715	*	*	*	*	*	AY176377	*
H	17722	325	100.0	+	0	0	4I325M386I	AY176377	AY176377
L	17727	660	*	*	*	*	*	AY176392	*
H	17727	282	100.0	+	0	0	4I282M374I	AY176392	AY176392
L	17753	569	*	*	*	*	*	AY183368	*
H	17753	209	100.0	+	0	0	29I209M331I	AY183368	AY183368
L	17756	841	*	*	*	*	*	AY185184	*
H	17756	280	100.0	+	0	0	49I280M512I	AY185184	AY185184
L	17777	629	*	*	*	*	*	AY194968	*
H	17777	252	100.0	+	0	0	252M377I	AY194968	AY194968
L	17786	560	*	*	*	*	*	AY204625	*
H	17786	204	100.0	+	0	0	15I204M341I	AY204625	AY204625
L	17811	749	*	*	*	*	*	AY216476	*
H	17811	243	100.0	+	0	0	23I243M483I	AY216476	AY216476
L	17813	549	*	*	*	*	*	EU840557	*
H	17813	200	100.0	+	0	0	200M349I	EU840557	EU840557
L	17846	1828	*	*	*	*	*	AY225488	*
H	17846	245	100.0	+	0	0	245M1583I	AY225488	AY225488
L	17848	1808	*	*	*	*	*	AY225493	*
H	17848	220	100.0	+	0	0	220M1588I	AY225493	AY225493
L	17857	521	*	*	*	*	*	AF473559	*
H	17857	161	100.0	+	0	0	11I161M349I	AF473559	AF473559
L	17865	581	*	*	*	*	*	AY239213	*
H	17865	206	100.0	+	0	0	206M375I	AY239213	AY239213
L	17898	532	*	*	*	*	*	AY586565	*
H	17898	224	100.0	+	0	0	224M308I	AY586565	AY586565
L	17903	1639	*	*	*	*	*	AY254051	*
H	17903	223	100.0	+	0	0	5I223M1411I	AY254051	AY254051
L	17941	510	*	*	*	*	*	AY266155	*
H	17941	175	100.0	+	0	0	13I175M322I	AY266155	AY266155
L	17945	580	*	*	*	*	*	AY278839	*
H	17945	230	100.0	+	0	0	13I230M337I	AY278839	AY278839
L	17957	548	*	*	*	*	*	FJ430601	*
H	17957	175	100.0	+	0	0	13I175M360I	FJ430601	FJ430601
L	17958	853	*	*	*	*	*	AY293797	*
H	17958	177	100.0	+	0	0	387I177M289I	AY293797	AY293797
L	17967	493	*	*	*	*	*	EU664486	*
H	17967	148	100.0	+	0	0	148M345I	EU664486	EU664486
L	17991	566	*	*	*	*	*	AY315400	*
H	17991	232	100.0	+	0	0	232M334I	AY315400	AY315400
L	18005	157	*	*	*	*	*	AY328070	*
H	18005	31	100.0	+	0	0	31M126I	AY328070	AY328070
L	18019	743	*	*	*	*	*	GQ376079	*
H	18019	263	100.0	+	0	0	35I263M445I	GQ376079	GQ376079
L	18061	1327	*	*	*	*	*	EU873016	*
H	18061	272	100.0	+	0	0	272M1055I	EU873016	EU873016
L	8860	804	*	*	*	*	*	HM748580	*
H	8860	241	100.0	+	0	0	351I241M212I	FJ545230	HM748580
L	18080	761	*	*	*	*	*	AY367606	*
H	18080	325	100.0	+	0	0	7I325M429I	AY367606	AY367606
L	18110	505	*	*	*	*	*	AY398700	*
H	18110	226	100.0	+	0	0	226M279I	AY398700	AY398700
L	18114	627	*	*	*	*	*	EF105413	*
H	18114	252	100.0	+	0	0	36I252M339I	EF105413	EF105413
L	18133	342	*	*	*	*	*	AY442361	*
H	18133	105	100.0	+	0	0	42I105M195I	AY442361	AY442361
L	18143	543	*	*	*	*	*	AY450572	*
H	18143	225	100.0	+	0	0	225M318I	AY450572	AY450572
L	18146	540	*	*	*	*	*	AY450575	*
H	18146	222	100.0	+	0	0	222M318I	AY450575	AY450575
L	18180	785	*	*	*	*	*	AY471642	*
H	18180	227	100.0	+	0	0	26I227M532I	AY471642	AY471642
L	18210	852	*	*	*	*	*	AY498671	*
H	18210	211	100.0	+	0	0	215I211M426I	AY498671	AY498671
L	18234	610	*	*	*	*	*	AY513226	*
H	18234	230	100.0	+	0	0	230M380I	AY513226	AY513226
L	18267	740	*	*	*	*	*	GU136204	*
H	18267	327	100.0	+	0	0	327M413I	GU136204	GU136204
L	18279	2694	*	*	*	*	*	AY532651	*
H	18279	208	100.0	+	0	0	2161I208M325I	AY532651	AY532651
L	18287	522	*	*	*	*	*	AY534224	*
H	18287	174	100.0	+	0	0	174M348I	AY534224	AY534224
L	18289	539	*	*	*	*	*	AY534233	*
H	18289	186	100.0	+	0	0	13I186M340I	AY534233	AY534233
L	18298	1132	*	*	*	*	*	AY542867	*
H	18298	171	100.0	+	0	0	21I171M940I	AY542867	AY542867
L	18303	700	*	*	*	*	*	FJ914885	*
H	18303	273	100.0	+	0	0	13I273M414I	FJ914885	FJ914885
L	18337	568	*	*	*	*	*	AY571028	*
H	18337	193	100.0	+	0	0	13I193M362I	AY571028	AY571028
L	18360	482	*	*	*	*	*	AY581074	*
H	18360	204	100.0	+	0	0	204M278I	AY581074	AY581074
L	18368	500	*	*	*	*	*	AY581095	*
H	18368	221	100.0	+	0	0	221M279I	AY581095	AY581095
L	18383	584	*	*	*	*	*	AY587933	*
H	18383	196	100.0	+	0	0	31I196M357I	AY587933	AY587933
L	18410	501	*	*	*	*	*	AY611092	*
H	18410	222	100.0	+	0	0	222M279I	AY611092	AY611092
L	18417	502	*	*	*	*	*	AY611109	*
H	18417	220	100.0	+	0	0	220M282I	AY611109	AY611109
L	18441	714	*	*	*	*	*	AY621764	*
H	18441	241	100.0	+	0	0	44I241M429I	AY621764	AY621764
L	18459	546	*	*	*	*	*	FM206420	*
H	18459	244	100.0	+	0	0	244M302I	FM206420	FM206420
L	18465	498	*	*	*	*	*	AY642532	*
H	18465	85	100.0	+	0	0	118I85M295I	AY642532	AY642532
L	18473	673	*	*	*	*	*	AY645661	*
H	18473	254	100.0	+	0	0	11I254M408I	AY645661	AY645661
L	18477	644	*	*	*	*	*	AY646387	*
H	18477	221	100.0	+	0	0	35I221M388I	AY646387	AY646387
L	18503	668	*	*	*	*	*	GU222286	*
H	18503	269	100.0	+	0	0	33I269M366I	GU222286	GU222286
L	18508	1290	*	*	*	*	*	FJ717589	*
H	18508	288	100.0	+	0	0	10I288M992I	FJ717589	FJ717589
L	18519	555	*	*	*	*	*	AY672923	*
H	18519	230	100.0	+	0	0	230M325I	AY672923	AY672923
L	18527	605	*	*	*	*	*	AY681204	*
H	18527	213	100.0	+	0	0	27I213M365I	AY681204	AY681204
L	18542	582	*	*	*	*	*	AY702001	*
H	18542	197	100.0	+	0	0	13I197M372I	AY702001	AY702001
L	18552	557	*	*	*	*	*	AY714481	*
H	18552	195	100.0	+	0	0	37I195M325I	AY714481	AY714481
L	18554	576	*	*	*	*	*	AY720710	*
H	18554	257	100.0	+	0	0	257M319I	AY720710	AY720710
L	18573	802	*	*	*	*	*	AY740040	*
H	18573	304	100.0	+	0	0	17I304M481I	AY740040	AY740040
L	18600	1310	*	*	*	*	*	AY740167	*
H	18600	273	100.0	+	0	0	I273M1036I	AY740167	AY740167
L	18602	731	*	*	*	*	*	AY740066	*
H	18602	254	100.0	+	0	0	254M477I	AY740066	AY740066
L	18605	1136	*	*	*	*	*	AY742705	*
H	18605	210	100.0	+	0	0	210M926I	AY742705	AY742705
L	18646	519	*	*	*	*	*	AY756457	*
H	18646	230	100.0	+	0	0	230M289I	AY756457	AY756457
L	18647	508	*	*	*	*	*	AY756458	*
H	18647	215	100.0	+	0	0	215M293I	AY756458	AY756458
L	18665	483	*	*	*	*	*	AY756477	*
H	18665	198	100.0	+	0	0	198M285I	AY756477	AY756477
L	18694	485	*	*	*	*	*	AY781265	*
H	18694	188	100.0	+	0	0	188M297I	AY781265	AY781265
L	18699	555	*	*	*	*	*	EU128019	*
H	18699	216	100.0	+	0	0	216M339I	EU128019	EU128019
L	18706	568	*	*	*	*	*	AY787857	*
H	18706	161	100.0	+	0	0	47I161M360I	AY787857	AY787857
L	18712	163	*	*	*	*	*	AY788342	*
H	18712	163	100.0	+	0	0	163M	AY788342	AY788342
L	18715	535	*	*	*	*	*	AY789297	*
H	18715	196	100.0	+	0	0	6I196M333I	AY789297	AY789297
L	18734	845	*	*	*	*	*	AY789434	*
H	18734	176	100.0	+	0	0	350I176M319I	AY789434	AY789434
L	18735	797	*	*	*	*	*	AY789427	*
H	18735	201	100.0	+	0	0	298I201M298I	AY789427	AY789427
L	18844	593	*	*	*	*	*	AY916459	*
H	18844	221	100.0	+	0	0	15I221M357I	AY916459	AY916459
L	18858	566	*	*	*	*	*	AY916483	*
H	18858	203	100.0	+	0	0	15I203M348I	AY916483	AY916483
L	18866	735	*	*	*	*	*	AY916692	*
H	18866	242	100.0	+	0	0	31I242M462I	AY916692	AY916692
L	18874	626	*	*	*	*	*	AY920528	*
H	18874	263	100.0	+	0	0	263M363I	AY920528	AY920528
L	18878	557	*	*	*	*	*	AY924269	*
H	18878	183	100.0	+	0	0	11I183M363I	AY924269	AY924269
L	18884	575	*	*	*	*	*	FJ824629	*
H	18884	264	100.0	+	0	0	264M311I	FJ824629	FJ824629
L	18888	773	*	*	*	*	*	AY935514	*
H	18888	215	100.0	+	0	0	215M558I	AY935514	AY935514
L	18919	573	*	*	*	*	*	AY945231	*
H	18919	216	100.0	+	0	0	13I216M344I	AY945231	AY945231
L	18927	728	*	*	*	*	*	AY953422	*
H	18927	235	100.0	+	0	0	235M493I	AY953422	AY953422
L	18945	606	*	*	*	*	*	AY965895	*
H	18945	233	100.0	+	0	0	15I233M358I	AY965895	AY965895
L	19008	622	*	*	*	*	*	DQ001287	*
H	19008	229	100.0	+	0	0	6I229M387I	DQ001287	DQ001287
L	19024	453	*	*	*	*	*	DQ019400	*
H	19024	181	100.0	+	0	0	181M272I	DQ019400	DQ019400
L	19029	623	*	*	*	*	*	DQ023302	*
H	19029	243	100.0	+	0	0	10I243M370I	DQ023302	DQ023302
L	19047	661	*	*	*	*	*	DQ056860	*
H	19047	232	100.0	+	0	0	11I232M418I	DQ056860	DQ056860
L	19056	545	*	*	*	*	*	DQ066702	*
H	19056	237	100.0	+	0	0	9I237M299I	DQ066702	DQ066702
L	19059	648	*	*	*	*	*	DQ068380	*
H	19059	224	100.0	+	0	0	27I224M397I	DQ068380	DQ068380
L	19071	514	*	*	*	*	*	DQ069035	*
H	19071	204	100.0	+	0	0	204M310I	DQ069035	DQ069035
L	19080	672	*	*	*	*	*	FJ379261	*
H	19080	268	100.0	+	0	0	12I268M392I	FJ379261	FJ379261
L	19092	567	*	*	*	*	*	FJ770064	*
H	19092	191	100.0	+	0	0	11I191M365I	FJ770064	FJ770064
L	19118	953	*	*	*	*	*	DQ102665	*
H	19118	201	100.0	+	0	0	35I201M717I	DQ102665	DQ102665
L	19127	1610	*	*	*	*	*	DQ112624	*
H	19127	315	100.0	+	0	0	315M1295I	DQ112624	DQ112624
L	19160	597	*	*	*	*	*	DQ132820	*
H	19160	230	100.0	+	0	0	39I230M328I	DQ132820	DQ132820
L	19220	527	*	*	*	*	*	DQ202512	*
H	19220	207	100.0	+	0	0	207M320I	DQ202512	DQ202512
L	19223	375	*	*	*	*	*	DQ206835	*
H	19223	96	100.0	+	0	0	63I96M216I	DQ206835	DQ206835
L	19224	620	*	*	*	*	*	DQ218288	*
H	19224	215	100.0	+	0	0	215M405I	DQ218288	DQ218288
L	19242	647	*	*	*	*	*	JN943924	*
H	19242	220	100.0	+	0	0	29I220M398I	JN943924	JN943924
L	19306	473	*	*	*	*	*	DQ279484	*
H	19306	190	100.0	+	0	0	190M283I	DQ279484	DQ279484
L	19309	502	*	*	*	*	*	DQ279488	*
H	19309	222	100.0	+	0	0	222M280I	DQ279488	DQ279488
L	19311	494	*	*	*	*	*	DQ279491	*
H	19311	216	100.0	+	0	0	216M278I	DQ279491	DQ279491
L	19322	506	*	*	*	*	*	DQ279514	*
H	19322	222	100.0	+	0	0	222M284I	DQ279514	DQ279514
L	19325	501	*	*	*	*	*	AY611076	*
H	19325	223	100.0	+	0	0	223M278I	AY611076	AY611076
L	19345	678	*	*	*	*	*	DQ303035	*
H	19345	380	100.0	+	0	0	380M298I	DQ303035	DQ303035
L	19373	647	*	*	*	*	*	AF058303	*
H	19373	258	100.0	+	0	0	4I258M385I	AF058303	AF058303
L	19382	490	*	*	*	*	*	DQ780443	*
H	19382	207	100.0	+	0	0	207M283I	DQ780443	DQ780443
L	19389	711	*	*	*	*	*	DQ328094	*
H	19389	275	100.0	+	0	0	32I275M404I	DQ328094	DQ328094
L	19397	662	*	*	*	*	*	DQ328169	*
H	19397	264	100.0	+	0	0	19I264M379I	DQ328169	DQ328169
L	19401	696	*	*	*	*	*	DQ328207	*
H	19401	283	100.0	+	0	0	16I283M397I	DQ328207	DQ328207
L	19407	176	*	*	*	*	*	DQ328917	*
H	19407	176	100.0	+	0	0	176M	DQ328917	DQ328917
L	19477	687	*	*	*	*	*	EU266094	*
H	19477	276	100.0	+	0	0	8I276M403I	EU266094	EU266094
L	19502	754	*	*	*	*	*	EU266098	*
H	19502	220	100.0	+	0	0	212I220M322I	EU266098	EU266098
L	19507	577	*	*	*	*	*	DQ394398	*
H	19507	222	100.0	+	0	0	15I222M340I	DQ394398	DQ394398
L	19509	527	*	*	*	*	*	DQ396470	*
H	19509	172	100.0	+	0	0	172M355I	DQ396470	DQ396470
L	19532	577	*	*	*	*	*	DQ400136	*
H	19532	136	100.0	+	0	0	36I136M405I	DQ400136	DQ400136
L	19534	591	*	*	*	*	*	DQ400144	*
H	19534	135	100.0	+	0	0	35I135M421I	DQ400144	DQ400144
L	19546	313	*	*	*	*	*	DQ401566	*
H	19546	253	100.0	+	0	0	60I253M	DQ401566	DQ401566
L	19558	746	*	*	*	*	*	DQ407260	*
H	19558	241	100.0	+	0	0	9I241M496I	DQ407260	DQ407260
L	19577	249	*	*	*	*	*	DQ448033	*
H	19577	87	100.0	+	0	0	87M162I	DQ448033	DQ448033
L	19592	524	*	*	*	*	*	DQ451658	*
H	19592	236	100.0	+	0	0	236M288I	DQ451658	DQ451658
L	19612	472	*	*	*	*	*	DQ468033	*
H	19612	175	100.0	+	0	0	175M297I	DQ468033	DQ468033
L	19642	1258	*	*	*	*	*	FJ717492	*
H	19642	272	100.0	+	0	0	3I272M983I	FJ717492	FJ717492
L	19692	1056	*	*	*	*	*	DQ491494	*
H	19692	202	100.0	+	0	0	474I202M380I	DQ491494	DQ491494
L	19699	582	*	*	*	*	*	DQ492694	*
H	19699	235	100.0	+	0	0	235M347I	DQ492694	DQ492694
L	19707	574	*	*	*	*	*	DQ494363	*
H	19707	216	100.0	+	0	0	216M358I	DQ494363	DQ494363
L	19739	556	*	*	*	*	*	DQ525519	*
H	19739	205	100.0	+	0	0	15I205M336I	DQ525519	DQ525519
L	19791	697	*	*	*	*	*	DQ641315	*
H	19791	286	100.0	+	0	0	11I286M400I	DQ641315	DQ641315
L	19794	832	*	*	*	*	*	DQ641322	*
H	19794	280	100.0	+	0	0	11I280M541I	DQ641322	DQ641322
L	19818	754	*	*	*	*	*	DQ659349	*
H	19818	174	100.0	+	0	0	271I174M309I	DQ659349	DQ659349
L	19827	629	*	*	*	*	*	DQ663411	*
H	19827	279	100.0	+	0	0	279M350I	DQ663411	DQ663411
L	19867	621	*	*	*	*	*	DQ767592	*
H	19867	214	100.0	+	0	0	11I214M396I	DQ767592	DQ767592
L	19884	521	*	*	*	*	*	DQ782845	*
H	19884	216	100.0	+	0	0	216M305I	DQ782845	DQ782845
L	19920	578	*	*	*	*	*	DQ834939	*
H	19920	210	100.0	+	0	0	13I210M355I	DQ834939	DQ834939
L	19928	624	*	*	*	*	*	DQ836774	*
H	19928	224	100.0	+	0	0	35I224M365I	DQ836774	DQ836774
L	19962	627	*	*	*	*	*	DQ864987	*
H	19962	621	100.0	+	0	0	6I621M	DQ864987	DQ864987
L	19991	399	*	*	*	*	*	DQ885588	*
H	19991	322	100.0	+	0	0	77I322M	DQ885588	DQ885588
L	19995	588	*	*	*	*	*	DQ888715	*
H	19995	235	100.0	+	0	0	235M353I	DQ888715	DQ888715
L	19997	850	*	*	*	*	*	DQ888717	*
H	19997	228	100.0	+	0	0	273I228M349I	DQ888717	DQ888717
L	20013	433	*	*	*	*	*	DQ911441	*
H	20013	161	100.0	+	0	0	161M272I	DQ911441	DQ911441
L	20037	478	*	*	*	*	*	DQ914678	*
H	20037	201	100.0	+	0	0	201M277I	DQ914678	DQ914678
L	20043	663	*	*	*	*	*	DQ915483	*
H	20043	216	100.0	+	0	0	141I216M306I	DQ915483	DQ915483
L	20050	1757	*	*	*	*	*	DQ923539	*
H	20050	228	100.0	+	0	0	5I228M1524I	DQ923539	DQ923539
L	20082	1112	*	*	*	*	*	DQ981400	*
H	20082	218	100.0	+	0	0	218M894I	DQ981400	DQ981400
L	20088	1286	*	*	*	*	*	DQ989496	*
H	20088	303	100.0	+	0	0	303M983I	DQ989496	DQ989496
L	20091	841	*	*	*	*	*	DQ990017	*
H	20091	214	100.0	+	0	0	342I214M285I	DQ990017	DQ990017
L	20099	547	*	*	*	*	*	DQ993544	*
H	20099	198	100.0	+	0	0	198M349I	DQ993544	DQ993544
L	20102	555	*	*	*	*	*	DQ996039	*
H	20102	222	100.0	+	0	0	222M333I	DQ996039	DQ996039
L	20105	572	*	*	*	*	*	DQ999820	*
H	20105	222	100.0	+	0	0	222M350I	DQ999820	DQ999820
L	20128	556	*	*	*	*	*	EF025949	*
H	20128	209	100.0	+	0	0	15I209M332I	EF025949	EF025949
L	20142	642	*	*	*	*	*	EF026142	*
H	20142	273	100.0	+	0	0	11I273M358I	EF026142	EF026142
L	20143	618	*	*	*	*	*	EF026143	*
H	20143	247	100.0	+	0	0	11I247M360I	EF026143	EF026143
L	20144	616	*	*	*	*	*	EF026147	*
H	20144	242	100.0	+	0	0	11I242M363I	EF026147	EF026147
L	20152	540	*	*	*	*	*	EF029188	*
H	20152	205	100.0	+	0	0	205M335I	EF029188	EF029188
L	20163	465	*	*	*	*	*	DQ914666	*
H	20163	181	100.0	+	0	0	181M284I	DQ914666	DQ914666
L	20191	1129	*	*	*	*	*	EF057431	*
H	20191	166	100.0	+	0	0	166M963I	EF057431	EF057431
L	20195	307	*	*	*	*	*	EF062463	*
H	20195	255	100.0	+	0	0	255M52I	EF062463	EF062463
L	20198	515	*	*	*	*	*	EF063140	*
H	20198	188	100.0	+	0	0	188M327I	EF063140	EF063140
L	20209	727	*	*	*	*	*	EF079966	*
H	20209	242	100.0	+	0	0	242M485I	EF079966	EF079966
L	20268	849	*	*	*	*	*	EF093386	*
H	20268	849	100.0	+	0	0	849M	EF093386	EF093386
L	20308	558	*	*	*	*	*	EF126738	*
H	20308	118	100.0	+	0	0	118M440I	EF126738	EF126738
L	20316	623	*	*	*	*	*	FJ998312	*
H	20316	218	100.0	+	0	0	218M405I	FJ998312	FJ998312
L	20321	734	*	*	*	*	*	EF141552	*
H	20321	245	100.0	+	0	0	37I245M452I	EF141552	EF141552
L	20333	613	*	*	*	*	*	EF157737	*
H	20333	182	100.0	+	0	0	134I182M297I	EF157731	EF157737
L	20343	879	*	*	*	*	*	EF175513	*
H	20343	245	100.0	+	0	0	50I245M584I	EF175513	EF175513
L	20354	593	*	*	*	*	*	EF175541	*
H	20354	251	100.0	+	0	0	19I251M323I	EF175541	EF175541
L	20356	862	*	*	*	*	*	EF175551	*
H	20356	243	100.0	+	0	0	50I243M569I	EF175551	EF175551
L	20358	518	*	*	*	*	*	EF175942	*
H	20358	199	100.0	+	0	0	199M319I	EF175942	EF175942
L	20429	675	*	*	*	*	*	EF392529	*
H	20429	209	100.0	+	0	0	18I209M448I	EF392529	EF392529
L	20446	1991	*	*	*	*	*	EF397557	*
H	20446	184	100.0	+	0	0	1771I184M36I	EF397557	EF397557
L	20458	589	*	*	*	*	*	DQ974784	*
H	20458	236	100.0	+	0	0	236M353I	DQ974784	DQ974784
L	20459	531	*	*	*	*	*	AY624200	*
H	20459	218	100.0	+	0	0	218M313I	AY624200	AY624200
L	20506	651	*	*	*	*	*	EF091826	*
H	20506	277	100.0	+	0	0	277M374I	EF091826	EF091826
L	20520	899	*	*	*	*	*	EF458653	*
H	20520	263	100.0	+	0	0	263M636I	EF458653	EF458653
L	20530	553	*	*	*	*	*	EF488404	*
H	20530	185	100.0	+	0	0	36I185M332I	EF488404	EF488404
L	20535	561	*	*	*	*	*	EF488434	*
H	20535	211	100.0	+	0	0	24I211M326I	EF488434	EF488434
L	20538	625	*	*	*	*	*	EF493255	*
H	20538	262	100.0	+	0	0	28I262M335I	EF493255	EF493255
L	20551	587	*	*	*	*	*	FJ210472	*
H	20551	199	100.0	+	0	0	18I199M370I	FJ210472	FJ210472
L	22483	550	*	*	*	*	*	FJ210544	*
H	22483	208	100.0	+	0	0	45I208M297I	GU256748	FJ210544
L	20590	480	*	*	*	*	*	EF535169	*
H	20590	202	100.0	+	0	0	202M278I	EF535169	EF535169
L	20623	661	*	*	*	*	*	EF560674	*
H	20623	254	100.0	+	0	0	14I254M393I	EF560674	EF560674
L	20661	530	*	*	*	*	*	EF600940	*
H	20661	198	100.0	+	0	0	198M332I	EF600940	EF600940
L	20665	278	*	*	*	*	*	EF607077	*
H	20665	278	100.0	+	0	0	278M	EF607077	EF607077
L	20684	951	*	*	*	*	*	JQ711878	*
H	20684	235	100.0	+	0	0	117I235M599I	JQ711878	JQ711878
L	20699	702	*	*	*	*	*	EF621954	*
H	20699	201	100.0	+	0	0	34I201M467I	EF621954	EF621954
L	20704	600	*	*	*	*	*	FJ428243	*
H	20704	284	100.0	+	0	0	284M316I	FJ428243	FJ428243
L	20712	652	*	*	*	*	*	EF635904	*
H	20712	205	100.0	+	0	0	205M447I	EF635904	EF635904
L	20719	543	*	*	*	*	*	EF641891	*
H	20719	206	100.0	+	0	0	206M337I	EF641891	EF641891
L	20757	1123	*	*	*	*	*	EF669715	*
H	20757	196	100.0	+	0	0	196M927I	EF669715	EF669715
L	20762	543	*	*	*	*	*	EU669570	*
H	20762	212	100.0	+	0	0	212M331I	EU669570	EU669570
L	20779	667	*	*	*	*	*	AY216474	*
H	20779	237	100.0	+	0	0	23I237M407I	AY216474	AY216474
L	20785	595	*	*	*	*	*	FJ515217	*
H	20785	182	100.0	+	0	0	I182M412I	FJ515217	FJ515217
L	20787	610	*	*	*	*	*	FJ799939	*
H	20787	210	100.0	+	0	0	37I210M363I	FJ799939	FJ799939
L	20792	502	*	*	*	*	*	EU008607	*
H	20792	220	100.0	+	0	0	220M282I	EU008607	EU008607
L	20819	199	*	*	*	*	*	EU020086	*
H	20819	89	100.0	+	0	0	110I89M	EU020086	EU020086
L	20828	1156	*	*	*	*	*	EU021617	*
H	20828	216	100.0	+	0	0	216M940I	EU021617	EU021617
L	20843	850	*	*	*	*	*	EU035408	*
H	20843	211	100.0	+	0	0	325I211M314I	EU035408	EU035408
L	22570	647	*	*	*	*	*	FJ372388	*
H	22570	259	100.0	+	0	0	46I259M342I	EU035411	FJ372388
L	20853	1463	*	*	*	*	*	EU035436	*
H	20853	231	100.0	+	0	0	231M1232I	EU035436	EU035436
L	20879	501	*	*	*	*	*	EU041800	*
H	20879	188	100.0	+	0	0	188M313I	EU041800	EU041800
L	20896	492	*	*	*	*	*	EU045435	*
H	20896	187	100.0	+	0	0	16I187M289I	EU045435	EU045435
L	20900	489	*	*	*	*	*	EU045442	*
H	20900	184	100.0	+	0	0	16I184M289I	EU045442	EU045442
L	20918	1172	*	*	*	*	*	GQ159866	*
H	20918	287	100.0	+	0	0	287M885I	GQ159866	GQ159866
L	20925	536	*	*	*	*	*	EU057922	*
H	20925	208	100.0	+	0	0	208M328I	EU057922	EU057922
L	20941	701	*	*	*	*	*	EU075540	*
H	20941	233	100.0	+	0	0	226I233M242I	EU075540	EU075540
L	20946	415	*	*	*	*	*	EU075545	*
H	20946	121	100.0	+	0	0	14I121M280I	EU075545	EU075545
L	20948	414	*	*	*	*	*	EU075547	*
H	20948	121	100.0	+	0	0	14I121M279I	EU075547	EU075547
L	20949	415	*	*	*	*	*	EU075548	*
H	20949	121	100.0	+	0	0	14I121M280I	EU075548	EU075548
L	20963	614	*	*	*	*	*	EU082784	*
H	20963	211	100.0	+	0	0	35I211M368I	EU082784	EU082784
L	20986	1685	*	*	*	*	*	EU118606	*
H	20986	1685	100.0	+	0	0	1685M	EU118606	EU118606
L	21009	2011	*	*	*	*	*	EU118663	*
H	21009	248	100.0	+	0	0	30I248M1733I	EU118663	EU118663
L	21029	586	*	*	*	*	*	EU139140	*
H	21029	221	100.0	+	0	0	I221M364I	EU139140	EU139140
L	21040	697	*	*	*	*	*	EU141946	*
H	21040	312	100.0	+	0	0	4I312M381I	EU141946	EU141946
L	21089	745	*	*	*	*	*	EU186310	*
H	21089	274	100.0	+	0	0	48I274M423I	EU186310	EU186310
L	21126	538	*	*	*	*	*	EU249476	*
H	21126	166	100.0	+	0	0	12I166M360I	EU249476	EU249476
L	21140	534	*	*	*	*	*	EU254807	*
H	21140	243	100.0	+	0	0	243M291I	EU254807	EU254807
L	21158	524	*	*	*	*	*	EU263920	*
H	21158	189	100.0	+	0	0	189M335I	EU263920	EU263920
L	21172	485	*	*	*	*	*	EU266500	*
H	21172	140	100.0	+	0	0	19I140M326I	EU266500	EU266500
L	23481	652	*	*	*	*	*	FJ914990	*
H	23481	240	100.0	+	0	0	19I240M393I	EF513758	FJ914990
L	21253	572	*	*	*	*	*	EU330635	*
H	21253	209	100.0	+	0	0	51I209M312I	EU330635	EU330635
L	21267	622	*	*	*	*	*	EU340896	*
H	21267	256	100.0	+	0	0	256M366I	EU340896	EU340896
H	17813	67	100.0	+	0	0	121I67M361I	AB472620	EU840557
L	21325	720	*	*	*	*	*	EU402582	*
H	21325	240	100.0	+	0	0	13I240M467I	EU402582	EU402582
L	21364	688	*	*	*	*	*	AB470483	*
H	21364	228	100.0	+	0	0	36I228M424I	AB470483	AB470483
L	21376	515	*	*	*	*	*	EU678653	*
H	21376	183	100.0	+	0	0	183M332I	EU678653	EU678653
L	21389	1225	*	*	*	*	*	FJ627022	*
H	21389	267	100.0	+	0	0	267M958I	FJ627022	FJ627022
L	21409	725	*	*	*	*	*	EU784300	*
H	21409	250	100.0	+	0	0	36I250M439I	EU784300	EU784300
L	21434	719	*	*	*	*	*	EU520121	*
H	21434	192	100.0	+	0	0	152I192M375I	EU520121	EU520121
L	21451	620	*	*	*	*	*	EU520212	*
H	21451	235	100.0	+	0	0	14I235M371I	EU520212	EU520212
L	21453	672	*	*	*	*	*	EU520221	*
H	21453	185	100.0	+	0	0	17I185M470I	EU520221	EU520221
L	21459	625	*	*	*	*	*	EU523578	*
H	21459	268	100.0	+	0	0	268M357I	EU523578	EU523578
L	21462	723	*	*	*	*	*	EU525980	*
H	21462	278	100.0	+	0	0	48I278M397I	EU525980	EU525980
L	21473	1826	*	*	*	*	*	EU534408	*
H	21473	478	100.0	+	0	0	1348I478M	EU534408	EU534408
L	21499	1602	*	*	*	*	*	EU552156	*
H	21499	245	100.0	+	0	0	122I245M1235I	EU552156	EU552156
L	21506	538	*	*	*	*	*	EU553339	*
H	21506	217	100.0	+	0	0	217M321I	EU553339	EU553339
L	21514	459	*	*	*	*	*	EU553511	*
H	21514	173	100.0	+	0	0	173M286I	EU553511	EU553511
L	21521	503	*	*	*	*	*	FJ861381	*
H	21521	207	100.0	+	0	0	207M296I	FJ861381	FJ861381
L	21576	636	*	*	*	*	*	EU561494	*
H	21576	238	100.0	+	0	0	8I238M390I	EU561494	EU561494
L	21651	662	*	*	*	*	*	EU598193	*
H	21651	251	100.0	+	0	0	251M411I	EU598193	EU598193
L	21653	658	*	*	*	*	*	EU598197	*
H	21653	245	100.0	+	0	0	245M413I	EU598197	EU598197
L	21676	634	*	*	*	*	*	EU623636	*
H	21676	279	100.0	+	0	0	279M355I	EU623636	EU623636
L	21731	1264	*	*	*	*	*	EU655663	*
H	21731	279	100.0	+	0	0	279M985I	EU655663	EU655663
L	21742	636	*	*	*	*	*	EU661888	*
H	21742	235	100.0	+	0	0	11I235M390I	EU661888	EU661888
L	21761	497	*	*	*	*	*	EU669307	*
H	21761	154	100.0	+	0	0	15I154M328I	EU669307	EU669307
L	21784	719	*	*	*	*	*	EU669387	*
H	21784	232	100.0	+	0	0	39I232M448I	EU669387	EU669387
L	21792	789	*	*	*	*	*	EU670217	*
H	21792	228	100.0	+	0	0	15I228M546I	EU670217	EU670217
L	21794	778	*	*	*	*	*	EU670222	*
H	21794	211	100.0	+	0	0	211M567I	EU670222	EU670222
L	21797	693	*	*	*	*	*	EU670229	*
H	21797	210	100.0	+	0	0	19I210M464I	EU670229	EU670229
L	21799	781	*	*	*	*	*	EU670231	*
H	21799	278	100.0	+	0	0	443I278M60I	EU670231	EU670231
L	21805	479	*	*	*	*	*	AJ132505	*
H	21805	180	100.0	+	0	0	180M299I	AJ132505	AJ132505
L	21817	543	*	*	*	*	*	EU681317	*
H	21817	234	100.0	+	0	0	234M309I	EU681317	EU681317
L	21843	682	*	*	*	*	*	JQ256430	*
H	21843	188	100.0	+	0	0	49I188M445I	JQ256430	JQ256430
L	21853	519	*	*	*	*	*	EU696768	*
H	21853	163	100.0	+	0	0	11I163M345I	EU696768	EU696768
L	21860	592	*	*	*	*	*	EU697261	*
H	21860	237	100.0	+	0	0	237M355I	EU697261	EU697261
L	21867	720	*	*	*	*	*	EU706328	*
H	21867	256	100.0	+	0	0	40I256M424I	EU706328	EU706328
L	21886	737	*	*	*	*	*	JF908091	*
H	21886	312	100.0	+	0	0	42I312M383I	JF908091	JF908091
L	21897	1349	*	*	*	*	*	HQ604851	*
H	21897	228	100.0	+	0	0	38I228M1083I	HQ604851	HQ604851
L	21910	1131	*	*	*	*	*	EU715636	*
H	21910	218	100.0	+	0	0	14I218M899I	EU715636	EU715636
L	21912	1134	*	*	*	*	*	EU715665	*
H	21912	227	100.0	+	0	0	227M907I	EU715665	EU715665
L	21926	621	*	*	*	*	*	EU718099	*
H	21926	234	100.0	+	0	0	51I234M336I	EU718099	EU718099
L	21931	602	*	*	*	*	*	EU718106	*
H	21931	167	100.0	+	0	0	36I167M399I	EU718106	EU718106
L	21937	663	*	*	*	*	*	EU718114	*
H	21937	215	100.0	+	0	0	27I215M421I	EU718114	EU718114
L	21953	537	*	*	*	*	*	FJ355955	*
H	21953	234	100.0	+	0	0	234M303I	FJ355955	FJ355955
L	21991	605	*	*	*	*	*	EU784227	*
H	21991	183	100.0	+	0	0	39I183M383I	EU784227	EU784227
L	21996	670	*	*	*	*	*	EU784262	*
H	21996	220	100.0	+	0	0	39I220M411I	EU784262	EU784262
L	22017	759	*	*	*	*	*	EU784338	*
H	22017	291	100.0	+	0	0	46I291M422I	EU784338	EU784338
L	22025	606	*	*	*	*	*	EU784379	*
H	22025	190	100.0	+	0	0	39I190M377I	EU784379	EU784379
L	22030	555	*	*	*	*	*	EU784392	*
H	22030	239	100.0	+	0	0	8I239M308I	EU784392	EU784392
L	22058	604	*	*	*	*	*	FJ895878	*
H	22058	218	100.0	+	0	0	11I218M375I	FJ895878	FJ895878
L	22059	577	*	*	*	*	*	GQ365160	*
H	22059	219	100.0	+	0	0	3I219M355I	GQ365160	GQ365160
L	22076	573	*	*	*	*	*	EU819504	*
H	22076	267	100.0	+	0	0	49I267M257I	EU819504	EU819504
L	22129	745	*	*	*	*	*	EU836707	*
H	22129	170	100.0	+	0	0	90I170M485I	EU836707	EU836707
L	22158	518	*	*	*	*	*	AF439474	*
H	22158	223	100.0	+	0	0	223M295I	AF439474	AF439474
L	3659	636	*	*	*	*	*	AY865630	*
H	3659	121	100.0	+	0	0	149I121M366I	FJ860770	AY865630
L	22175	456	*	*	*	*	*	EF694633	*
H	22175	183	100.0	+	0	0	8I183M265I	EF694633	EF694633
L	22209	1044	*	*	*	*	*	EU888919	*
H	22209	217	100.0	+	0	0	499I217M328I	EU888919	EU888919
L	22222	602	*	*	*	*	*	EU913713	*
H	22222	224	100.0	+	0	0	224M378I	EU913713	EU913713
L	22250	314	*	*	*	*	*	EU935512	*
H	22250	260	100.0	+	0	0	36I260M18I	EU935512	EU935512
L	23415	867	*	*	*	*	*	AF486119	*
H	23415	199	100.0	+	0	0	350I199M318I	EU938675	AF486119
L	22281	598	*	*	*	*	*	EU977514	*
H	22281	228	100.0	+	0	0	10I228M360I	EU977514	EU977514
L	22297	516	*	*	*	*	*	FJ009533	*
H	22297	207	100.0	+	0	0	207M309I	FJ009533	FJ009533
L	22320	464	*	*	*	*	*	DQ468026	*
H	22320	178	100.0	+	0	0	178M286I	DQ468026	DQ468026
L	22332	1271	*	*	*	*	*	FJ039603	*
H	22332	274	100.0	+	0	0	7I274M990I	FJ039603	FJ039603
L	22339	1154	*	*	*	*	*	FJ039687	*
H	22339	229	100.0	+	0	0	229M925I	FJ039687	FJ039687
L	22346	1251	*	*	*	*	*	FJ039696	*
H	22346	274	100.0	+	0	0	6I274M971I	FJ039696	FJ039696
L	22353	1265	*	*	*	*	*	GQ411403	*
H	22353	256	100.0	+	0	0	7I256M1002I	GQ411403	GQ411403
L	22382	692	*	*	*	*	*	FJ167624	*
H	22382	251	100.0	+	0	0	251M441I	FJ167624	FJ167624
L	22431	529	*	*	*	*	*	FJ185304	*
H	22431	242	100.0	+	0	0	242M287I	FJ185304	FJ185304
L	22435	570	*	*	*	*	*	EU078739	*
H	22435	317	100.0	+	0	0	317M253I	EU078739	EU078739
L	22437	699	*	*	*	*	*	UDB003349	*
H	22437	234	100.0	+	0	0	234M465I	UDB003349	UDB003349
L	22457	1071	*	*	*	*	*	EU569284	*
H	22457	279	100.0	+	0	0	279M792I	EU569284	EU569284
L	22459	713	*	*	*	*	*	EU598169	*
H	22459	263	100.0	+	0	0	263M450I	EU598169	EU598169
L	22462	926	*	*	*	*	*	UDB011623	*
H	22462	222	100.0	+	0	0	3I222M701I	UDB011623	UDB011623
L	22463	842	*	*	*	*	*	EU569235	*
H	22463	270	100.0	+	0	0	270M572I	EU569235	EU569235
L	25960	599	*	*	*	*	*	FJ210545	*
H	25960	208	100.0	+	0	0	20I208M371I	FJ210544	FJ210545
H	15255	183	97.8	+	0	0	13I183M307I	FJ210559	AY927314
L	22522	497	*	*	*	*	*	FJ232937	*
H	22522	210	100.0	+	0	0	210M287I	FJ232937	FJ232937
L	22528	549	*	*	*	*	*	FJ235147	*
H	22528	225	100.0	+	0	0	59I225M265I	FJ235147	FJ235147
L	22535	485	*	*	*	*	*	FJ265750	*
H	22535	231	100.0	+	0	0	231M254I	FJ265750	FJ265750
L	22542	545	*	*	*	*	*	FJ265764	*
H	22542	219	100.0	+	0	0	2I219M324I	FJ265764	FJ265764
L	22546	448	*	*	*	*	*	FJ265772	*
H	22546	116	100.0	+	0	0	86I116M246I	FJ265772	FJ265772
H	28079	32	100.0	+	0	0	195I32M264I	FJ269236	JN641786
L	22558	688	*	*	*	*	*	GQ267493	*
H	22558	243	100.0	+	0	0	49I243M396I	GQ267493	GQ267493
L	22572	661	*	*	*	*	*	FJ372398	*
H	22572	185	100.0	+	0	0	122I185M354I	FJ372398	FJ372398
L	22580	665	*	*	*	*	*	JQ801386	*
H	22580	253	100.0	+	0	0	40I253M372I	JQ801386	JQ801386
L	22582	836	*	*	*	*	*	FJ379795	*
H	22582	216	100.0	+	0	0	216M620I	FJ379795	FJ379795
L	22608	633	*	*	*	*	*	FJ411106	*
H	22608	240	100.0	+	0	0	2I240M391I	FJ411106	FJ411106
L	22616	515	*	*	*	*	*	FJ425198	*
H	22616	183	100.0	+	0	0	183M332I	FJ425198	FJ425198
L	22640	643	*	*	*	*	*	FJ431228	*
H	22640	210	100.0	+	0	0	25I210M408I	FJ431228	FJ431228
L	22642	638	*	*	*	*	*	FJ431230	*
H	22642	210	100.0	+	0	0	26I210M402I	FJ431230	FJ431230
L	22648	606	*	*	*	*	*	FJ431241	*
H	22648	181	100.0	+	0	0	27I181M398I	FJ431241	FJ431241
L	22663	646	*	*	*	*	*	FJ431264	*
H	22663	219	100.0	+	0	0	27I219M400I	FJ431264	FJ431264
L	22668	591	*	*	*	*	*	FJ435104	*
H	22668	245	100.0	+	0	0	23I245M323I	FJ435104	FJ435104
L	22679	651	*	*	*	*	*	FJ439513	*
H	22679	234	100.0	+	0	0	3I234M414I	FJ439513	FJ439513
L	22680	486	*	*	*	*	*	FJ884130	*
H	22680	175	100.0	+	0	0	175M311I	FJ884130	FJ884130
L	22691	593	*	*	*	*	*	FJ375328	*
H	22691	211	100.0	+	0	0	13I211M369I	FJ375328	FJ375328
L	22694	561	*	*	*	*	*	FJ441625	*
H	22694	208	100.0	+	0	0	37I208M316I	FJ441625	FJ441625
L	22738	167	*	*	*	*	*	FJ480437	*
H	22738	167	100.0	+	0	0	167M	FJ480437	FJ480437
L	22752	751	*	*	*	*	*	FJ481050	*
H	22752	310	100.0	+	0	0	38I310M403I	FJ481050	FJ481050
L	21868	628	*	*	*	*	*	EU706331	*
H	21868	271	100.0	+	0	0	37I271M320I	EU706330	EU706331
L	22766	545	*	*	*	*	*	FJ487937	*
H	22766	175	100.0	+	0	0	51I175M319I	FJ487937	FJ487937
L	22767	727	*	*	*	*	*	FJ487939	*
H	22767	266	100.0	+	0	0	11I266M450I	FJ487939	FJ487939
L	22772	552	*	*	*	*	*	EU795708	*
H	22772	225	100.0	+	0	0	225M327I	EU795708	EU795708
L	22805	535	*	*	*	*	*	FJ534876	*
H	22805	156	100.0	+	0	0	11I156M368I	FJ534876	FJ534876
L	22835	613	*	*	*	*	*	FJ538367	*
H	22835	274	100.0	+	0	0	24I274M315I	FJ538367	FJ538367
L	22865	541	*	*	*	*	*	GU234134	*
H	22865	263	100.0	+	0	0	22I263M256I	GU234134	GU234134
L	22867	506	*	*	*	*	*	EF160066	*
H	22867	193	100.0	+	0	0	193M313I	EF160066	EF160066
L	22870	547	*	*	*	*	*	EF601602	*
H	22870	193	100.0	+	0	0	27I193M327I	EF601602	EF601602
L	22882	541	*	*	*	*	*	FJ582640	*
H	22882	175	100.0	+	0	0	10I175M356I	FJ582640	FJ582640
L	22896	627	*	*	*	*	*	FJ596857	*
H	22896	273	100.0	+	0	0	273M354I	FJ596857	FJ596857
L	22899	638	*	*	*	*	*	FJ596868	*
H	22899	287	100.0	+	0	0	287M351I	FJ596868	FJ596868
L	22906	631	*	*	*	*	*	FJ596888	*
H	22906	265	100.0	+	0	0	265M366I	FJ596888	FJ596888
L	22966	570	*	*	*	*	*	FJ624271	*
H	22966	212	100.0	+	0	0	50I212M308I	FJ624271	FJ624271
L	22967	561	*	*	*	*	*	FJ624262	*
H	22967	196	100.0	+	0	0	50I196M315I	FJ624262	FJ624262
L	22970	556	*	*	*	*	*	FJ624395	*
H	22970	196	100.0	+	0	0	196M360I	FJ624395	FJ624395
L	22981	573	*	*	*	*	*	FJ629334	*
H	22981	212	100.0	+	0	0	11I212M350I	FJ629334	FJ629334
L	22988	623	*	*	*	*	*	FJ644282	*
H	22988	195	100.0	+	0	0	11I195M417I	FJ644282	FJ644282
L	23050	644	*	*	*	*	*	JF313658	*
H	23050	294	100.0	+	0	0	294M350I	JF313658	JF313658
L	23081	636	*	*	*	*	*	FJ765018	*
H	23081	220	100.0	+	0	0	25I220M391I	FJ765018	FJ765018
L	23124	585	*	*	*	*	*	FJ769641	*
H	23124	255	100.0	+	0	0	255M330I	FJ769641	FJ769641
L	23155	782	*	*	*	*	*	FJ774080	*
H	23155	241	100.0	+	0	0	26I241M515I	FJ774080	FJ774080
L	23183	533	*	*	*	*	*	FJ798596	*
H	23183	207	100.0	+	0	0	2I207M324I	FJ798596	FJ798596
L	23185	606	*	*	*	*	*	FJ799922	*
H	23185	223	100.0	+	0	0	223M383I	FJ799922	FJ799922
L	23193	693	*	*	*	*	*	FJ481041	*
H	23193	254	100.0	+	0	0	35I254M404I	FJ481041	FJ481041
L	23207	722	*	*	*	*	*	FJ810131	*
H	23207	281	100.0	+	0	0	34I281M407I	FJ810131	FJ810131
L	23209	415	*	*	*	*	*	FJ810135	*
H	23209	106	100.0	+	0	0	35I106M274I	FJ810135	FJ810135
L	23222	672	*	*	*	*	*	EU350580	*
H	23222	237	100.0	+	0	0	237M435I	EU350580	EU350580
L	17260	402	*	*	*	*	*	AM159623	*
H	17260	207	100.0	+	0	0	61I207M134I	GU062313	AM159623
L	23228	461	*	*	*	*	*	AJ309808	*
H	23228	461	100.0	+	0	0	461M	AJ309808	AJ309808
L	23236	569	*	*	*	*	*	FN386303	*
H	23236	227	100.0	+	0	0	227M342I	FN386303	FN386303
L	23237	500	*	*	*	*	*	DQ449649	*
H	23237	196	100.0	+	0	0	196M304I	DQ449649	DQ449649
L	23251	864	*	*	*	*	*	FJ825371	*
H	23251	213	100.0	+	0	0	12I213M639I	FJ825371	FJ825371
L	23255	501	*	*	*	*	*	JN995639	*
H	23255	190	100.0	+	0	0	190M311I	JN995639	JN995639
L	23265	550	*	*	*	*	*	FJ838771	*
H	23265	231	100.0	+	0	0	231M319I	FJ838771	FJ838771
L	23275	600	*	*	*	*	*	FJ839634	*
H	23275	186	100.0	+	0	0	80I186M334I	FJ839634	FJ839634
L	23277	763	*	*	*	*	*	FJ839637	*
H	23277	283	100.0	+	0	0	106I283M374I	FJ839637	FJ839637
L	29430	561	*	*	*	*	*	EU664469	*
H	29430	220	100.0	+	0	0	18I220M323I	GU266273	EU664469
L	23292	907	*	*	*	*	*	FJ845410	*
H	23292	196	100.0	+	0	0	109I196M602I	FJ845410	FJ845410
L	23293	937	*	*	*	*	*	FJ845411	*
H	23293	198	100.0	+	0	0	117I198M622I	FJ845411	FJ845411
L	23298	962	*	*	*	*	*	FJ845425	*
H	23298	278	100.0	+	0	0	110I278M574I	FJ845425	FJ845425
L	23303	619	*	*	*	*	*	FJ848715	*
H	23303	252	100.0	+	0	0	252M367I	FJ848715	FJ848715
L	23391	514	*	*	*	*	*	FJ884113	*
H	23391	204	100.0	+	0	0	204M310I	FJ884113	FJ884113
L	23404	1240	*	*	*	*	*	FJ888526	*
H	23404	236	100.0	+	0	0	I236M1003I	FJ888526	FJ888526
L	23435	534	*	*	*	*	*	FJ903342	*
H	23435	206	100.0	+	0	0	50I206M278I	FJ903342	FJ903342
L	23442	2071	*	*	*	*	*	AM882776	*
H	23442	287	100.0	+	0	0	35I287M1749I	AM882776	AM882776
L	23443	2022	*	*	*	*	*	AM882762	*
H	23443	270	100.0	+	0	0	42I270M1710I	AM882762	AM882762
L	23446	2038	*	*	*	*	*	AM882766	*
H	23446	287	100.0	+	0	0	41I287M1710I	AM882766	AM882766
L	23457	1093	*	*	*	*	*	FJ904674	*
H	23457	181	100.0	+	0	0	181M912I	FJ904674	FJ904674
L	23471	600	*	*	*	*	*	FJ907537	*
H	23471	226	100.0	+	0	0	51I226M323I	FJ907537	FJ907537
L	23479	565	*	*	*	*	*	FJ914805	*
H	23479	221	100.0	+	0	0	14I221M330I	FJ914805	FJ914805
L	23482	649	*	*	*	*	*	FJ917410	*
H	23482	268	100.0	+	0	0	36I268M345I	FJ917410	FJ917410
L	23483	612	*	*	*	*	*	FJ917556	*
H	23483	230	100.0	+	0	0	50I230M332I	FJ917556	FJ917556
L	23495	518	*	*	*	*	*	FJ948175	*
H	23495	221	100.0	+	0	0	221M297I	FJ948175	FJ948175
L	23539	351	*	*	*	*	*	FM179645	*
H	23539	351	100.0	+	0	0	351M	FM179645	FM179645
L	23550	499	*	*	*	*	*	AF173310	*
H	23550	180	100.0	+	0	0	11I180M308I	AF173310	AF173310
L	23606	542	*	*	*	*	*	GQ922544	*
H	23606	192	100.0	+	0	0	192M350I	GQ922544	GQ922544
L	23627	266	*	*	*	*	*	FN185767	*
H	23627	257	100.0	+	0	0	257M9I	FN185767	FN185767
L	23659	521	*	*	*	*	*	FM163178	*
H	23659	246	100.0	+	0	0	246M275I	FM163178	FM163178
L	23666	674	*	*	*	*	*	AF345817	*
H	23666	278	100.0	+	0	0	278M396I	AF345817	AF345817
L	23675	692	*	*	*	*	*	FN396140	*
H	23675	279	100.0	+	0	0	13I279M400I	FN396140	FN396140
L	23698	1365	*	*	*	*	*	FN428884	*
H	23698	275	100.0	+	0	0	275M1090I	FN428884	FN428884
L	23699	1231	*	*	*	*	*	FN428895	*
H	23699	173	100.0	+	0	0	42I173M1016I	FN428895	FN428895
L	23714	513	*	*	*	*	*	FN435663	*
H	23714	217	100.0	+	0	0	217M296I	FN435663	FN435663
L	23738	561	*	*	*	*	*	FN546965	*
H	23738	224	100.0	+	0	0	5I224M332I	FN546965	FN546965
L	23758	1901	*	*	*	*	*	FN550884	*
H	23758	254	100.0	+	0	0	47I254M1600I	FN550884	FN550884
L	23766	1308	*	*	*	*	*	FN550916	*
H	23766	280	100.0	+	0	0	7I280M1021I	FN550916	FN550916
L	23776	1892	*	*	*	*	*	FN550931	*
H	23776	277	100.0	+	0	0	5I277M1610I	FN550931	FN550931
L	23792	569	*	*	*	*	*	EU482283	*
H	23792	226	100.0	+	0	0	226M343I	EU482283	EU482283
L	23816	310	*	*	*	*	*	FN669248	*
H	23816	205	100.0	+	0	0	205M105I	FN669248	FN669248
L	23827	766	*	*	*	*	*	FN687606	*
H	23827	766	100.0	+	0	0	766M	FN687606	FN687606
L	23849	408	*	*	*	*	*	FN985101	*
H	23849	125	100.0	+	0	0	125M283I	FN985101	FN985101
L	23853	556	*	*	*	*	*	FR667230	*
H	23853	195	100.0	+	0	0	195M361I	FR667230	FR667230
L	23856	586	*	*	*	*	*	EF536027	*
H	23856	210	100.0	+	0	0	10I210M366I	EF536027	EF536027
L	23872	466	*	*	*	*	*	FR715997	*
H	23872	76	100.0	+	0	0	57I76M333I	FR715997	FR715997
L	23885	940	*	*	*	*	*	UDB011024	*
H	23885	241	100.0	+	0	0	241M699I	UDB011024	UDB011024
L	23899	1681	*	*	*	*	*	FR750063	*
H	23899	153	100.0	+	0	0	272I153M1256I	FR750063	FR750063
L	23946	507	*	*	*	*	*	FR799266	*
H	23946	200	100.0	+	0	0	200M307I	FR799266	FR799266
L	23959	1234	*	*	*	*	*	AY669662	*
H	23959	213	100.0	+	0	0	33I213M988I	AY669662	AY669662
L	23970	1962	*	*	*	*	*	FN550907	*
H	23970	282	100.0	+	0	0	33I282M1647I	FN550907	FN550907
L	24005	922	*	*	*	*	*	GQ153120	*
H	24005	212	100.0	+	0	0	460I212M250I	GQ153120	GQ153120
L	24006	1100	*	*	*	*	*	HQ130700	*
H	24006	178	100.0	+	0	0	11I178M911I	HQ130700	HQ130700
L	24037	515	*	*	*	*	*	GQ166974	*
H	24037	207	100.0	+	0	0	18I207M290I	GQ166974	GQ166974
L	24043	536	*	*	*	*	*	AF285113	*
H	24043	223	100.0	+	0	0	223M313I	AF285113	AF285113
L	24071	641	*	*	*	*	*	GQ217541	*
H	24071	256	100.0	+	0	0	36I256M349I	GQ217541	GQ217541
L	24073	620	*	*	*	*	*	GQ166911	*
H	24073	219	100.0	+	0	0	219M401I	GQ166911	GQ166911
L	24075	592	*	*	*	*	*	FJ183437	*
H	24075	204	100.0	+	0	0	11I204M377I	FJ183437	FJ183437
L	24078	568	*	*	*	*	*	GQ220704	*
H	24078	221	100.0	+	0	0	18I221M329I	GQ220704	GQ220704
L	24101	1209	*	*	*	*	*	EU701002	*
H	24101	626	100.0	+	0	0	11I626M572I	EU701002	EU701002
L	24108	590	*	*	*	*	*	GQ241283	*
H	24108	226	100.0	+	0	0	24I226M340I	GQ241283	GQ241283
L	24114	563	*	*	*	*	*	GQ250000	*
H	24114	191	100.0	+	0	0	24I191M348I	GQ250000	GQ250000
L	24134	596	*	*	*	*	*	FJ860720	*
H	24134	242	100.0	+	0	0	242M354I	FJ860720	FJ860720
L	24142	1200	*	*	*	*	*	GQ259417	*
H	24142	238	100.0	+	0	0	238M962I	GQ259417	GQ259417
L	24147	540	*	*	*	*	*	GQ266152	*
H	24147	211	100.0	+	0	0	211M329I	GQ266152	GQ266152
L	24154	653	*	*	*	*	*	AB458895	*
H	24154	237	100.0	+	0	0	27I237M389I	AB458895	AB458895
L	24162	258	*	*	*	*	*	GQ285863	*
H	24162	233	100.0	+	0	0	25I233M	GQ285863	GQ285863
L	24172	653	*	*	*	*	*	GQ303279	*
H	24172	198	100.0	+	0	0	122I198M333I	GQ303279	GQ303279
L	24185	548	*	*	*	*	*	GQ338074	*
H	24185	152	100.0	+	0	0	29I152M367I	GQ338074	GQ338074
L	24192	735	*	*	*	*	*	GQ344480	*
H	24192	199	100.0	+	0	0	225I199M311I	GQ344480	GQ344480
L	24195	451	*	*	*	*	*	GQ344596	*
H	24195	219	100.0	+	0	0	20I219M212I	GQ344596	GQ344596
L	24201	649	*	*	*	*	*	GQ374451	*
H	24201	258	100.0	+	0	0	23I258M368I	GQ374451	GQ374451
L	24204	383	*	*	*	*	*	GQ376073	*
H	24204	104	100.0	+	0	0	11I104M268I	GQ376073	GQ376073
L	7243	667	*	*	*	*	*	HM190006	*
H	7243	234	100.0	+	0	0	12I234M421I	AM087267	HM190006
L	24239	548	*	*	*	*	*	AJ534271	*
H	24239	208	100.0	+	0	0	208M340I	AJ534271	AJ534271
L	24253	556	*	*	*	*	*	GQ426960	*
H	24253	228	100.0	+	0	0	228M328I	GQ426960	GQ426960
L	24262	2204	*	*	*	*	*	AY313032	*
H	24262	141	100.0	+	0	0	1763I141M300I	AY313032	AY313032
L	24264	616	*	*	*	*	*	GQ397993	*
H	24264	201	100.0	+	0	0	38I201M377I	GQ397993	GQ397993
L	24319	626	*	*	*	*	*	HQ631048	*
H	24319	225	100.0	+	0	0	50I225M351I	HQ631048	HQ631048
L	24324	592	*	*	*	*	*	FJ907535	*
H	24324	213	100.0	+	0	0	51I213M328I	FJ907535	FJ907535
L	24333	583	*	*	*	*	*	AY339334	*
H	24333	241	100.0	+	0	0	241M342I	AY339334	AY339334
H	20555	200	100.0	+	0	0	32I200M360I	FJ872066	GU183167
L	24351	610	*	*	*	*	*	GQ850386	*
H	24351	232	100.0	+	0	0	51I232M327I	GQ850386	GQ850386
L	24367	647	*	*	*	*	*	EU882132	*
H	24367	182	100.0	+	0	0	128I182M337I	EU882132	EU882132
L	14227	510	*	*	*	*	*	EF488411	*
H	14227	183	100.0	+	0	0	21I183M306I	JF779674	EF488411
L	24380	432	*	*	*	*	*	GQ870624	*
H	24380	223	100.0	+	0	0	223M209I	GQ870624	GQ870624
L	24407	670	*	*	*	*	*	GQ906536	*
H	24407	250	100.0	+	0	0	10I250M410I	GQ906536	GQ906536
L	24417	1690	*	*	*	*	*	FJ501579	*
H	24417	1039	100.0	+	0	0	13I1039M638I	FJ501579	FJ501579
L	24425	496	*	*	*	*	*	DQ279522	*
H	24425	218	100.0	+	0	0	218M278I	DQ279522	DQ279522
L	24428	498	*	*	*	*	*	GQ919281	*
H	24428	200	100.0	+	0	0	200M298I	GQ919281	GQ919281
L	24460	696	*	*	*	*	*	GQ981505	*
H	24460	247	100.0	+	0	0	39I247M410I	GQ981505	GQ981505
H	23483	230	100.0	+	0	0	63I230M319I	FJ917558	FJ917556
L	24488	550	*	*	*	*	*	GU046810	*
H	24488	218	100.0	+	0	0	218M332I	GU046810	GU046810
L	24492	567	*	*	*	*	*	GU046843	*
H	24492	217	100.0	+	0	0	17I217M333I	GU046843	GU046843
L	24514	640	*	*	*	*	*	JQ794584	*
H	24514	230	100.0	+	0	0	230M410I	JQ794584	JQ794584
L	24532	514	*	*	*	*	*	AB190390	*
H	24532	163	100.0	+	0	0	19I163M332I	AB190390	AB190390
L	24543	1383	*	*	*	*	*	GU058023	*
H	24543	1383	100.0	+	0	0	1383M	GU058023	GU058023
L	24545	825	*	*	*	*	*	GU058025	*
H	24545	825	100.0	+	0	0	825M	GU058025	GU058025
L	24555	645	*	*	*	*	*	GU062222	*
H	24555	281	100.0	+	0	0	40I281M324I	GU062222	GU062222
L	24579	769	*	*	*	*	*	GU067735	*
H	24579	204	100.0	+	0	0	299I204M266I	GU067735	GU067735
L	24580	543	*	*	*	*	*	GU067748	*
H	24580	208	100.0	+	0	0	49I208M286I	GU067748	GU067748
L	24586	555	*	*	*	*	*	EF565744	*
H	24586	184	100.0	+	0	0	28I184M343I	EF565744	EF565744
L	24635	692	*	*	*	*	*	AJ408393	*
H	24635	280	100.0	+	0	0	280M412I	AJ408393	AJ408393
L	24681	502	*	*	*	*	*	DQ374125	*
H	24681	203	100.0	+	0	0	203M299I	DQ374125	DQ374125
L	24682	787	*	*	*	*	*	GU184122	*
H	24682	204	100.0	+	0	0	255I204M328I	GU184122	GU184122
L	24694	548	*	*	*	*	*	GU187528	*
H	24694	206	100.0	+	0	0	3I206M339I	GU187528	GU187528
L	24709	584	*	*	*	*	*	GU191829	*
H	24709	222	100.0	+	0	0	222M362I	GU191829	GU191829
L	24721	594	*	*	*	*	*	GU207250	*
H	24721	231	100.0	+	0	0	231M363I	GU207250	GU207250
L	24728	611	*	*	*	*	*	GU207308	*
H	24728	247	100.0	+	0	0	247M364I	GU207308	GU207308
L	24737	392	*	*	*	*	*	AY684146	*
H	24737	101	100.0	+	0	0	101M291I	AY684146	AY684146
L	24755	657	*	*	*	*	*	GU222315	*
H	24755	218	100.0	+	0	0	38I218M401I	GU222315	GU222315
L	24756	676	*	*	*	*	*	GU222318	*
H	24756	260	100.0	+	0	0	39I260M377I	GU222318	GU222318
L	24787	697	*	*	*	*	*	GU229796	*
H	24787	184	100.0	+	0	0	250I184M263I	GU229794	GU229796
L	24788	508	*	*	*	*	*	GU229797	*
H	24788	184	100.0	+	0	0	42I184M282I	GU229797	GU229797
L	24792	675	*	*	*	*	*	GU233322	*
H	24792	284	100.0	+	0	0	49I284M342I	GU233322	GU233322
L	24813	736	*	*	*	*	*	GU233351	*
H	24813	276	100.0	+	0	0	49I276M411I	GU233351	GU233351
L	24826	556	*	*	*	*	*	AF495463	*
H	24826	198	100.0	+	0	0	18I198M340I	AF495463	AF495463
L	24841	646	*	*	*	*	*	GU244500	*
H	24841	284	100.0	+	0	0	7I284M355I	GU244500	GU244500
L	24844	469	*	*	*	*	*	GU246252	*
H	24844	107	100.0	+	0	0	118I107M244I	GU246252	GU246252
L	24850	543	*	*	*	*	*	GU246277	*
H	24850	194	100.0	+	0	0	194M349I	GU246277	GU246277
L	24860	502	*	*	*	*	*	GU247162	*
H	24860	80	100.0	+	0	0	113I80M309I	GU247162	GU247162
L	21675	543	*	*	*	*	*	EU622927	*
H	21675	192	100.0	+	0	0	36I192M315I	GU248332	EU622927
L	24873	658	*	*	*	*	*	GU258280	*
H	24873	231	100.0	+	0	0	50I231M377I	GU258280	GU258280
L	24882	772	*	*	*	*	*	GU266259	*
H	24882	235	100.0	+	0	0	24I235M513I	GU266258	GU266259
L	24890	493	*	*	*	*	*	EU402940	*
H	24890	169	100.0	+	0	0	11I169M313I	EU402940	EU402940
L	24891	534	*	*	*	*	*	EU402934	*
H	24891	196	100.0	+	0	0	11I196M327I	EU402934	EU402934
L	24896	467	*	*	*	*	*	GU291799	*
H	24896	189	100.0	+	0	0	189M278I	GU291799	GU291799
L	24925	500	*	*	*	*	*	EF584496	*
H	24925	214	100.0	+	0	0	214M286I	EF584496	EF584496
L	24929	477	*	*	*	*	*	GU300778	*
H	24929	221	100.0	+	0	0	4I221M252I	GU300778	GU300778
L	24953	581	*	*	*	*	*	EU179868	*
H	24953	216	100.0	+	0	0	11I216M354I	EU179868	EU179868
L	24962	561	*	*	*	*	*	FM206418	*
H	24962	254	100.0	+	0	0	254M307I	FM206418	FM206418
L	24973	429	*	*	*	*	*	AF314969	*
H	24973	134	100.0	+	0	0	I134M294I	AF314969	AF314969
L	25004	716	*	*	*	*	*	GU371295	*
H	25004	249	100.0	+	0	0	52I249M415I	GU371295	GU371295
L	25022	522	*	*	*	*	*	GU396232	*
H	25022	208	100.0	+	0	0	208M314I	GU396232	GU396232
L	25055	678	*	*	*	*	*	GU479277	*
H	25055	283	100.0	+	0	0	8I283M387I	GU479277	GU479277
L	25099	541	*	*	*	*	*	GU233805	*
H	25099	175	100.0	+	0	0	11I175M355I	GU233805	GU233805
L	25106	511	*	*	*	*	*	JN253539	*
H	25106	168	100.0	+	0	0	168M343I	JN253539	JN253539
L	25116	506	*	*	*	*	*	GU592003	*
H	25116	211	100.0	+	0	0	211M295I	GU592003	GU592003
L	25124	572	*	*	*	*	*	GQ129211	*
H	25124	212	100.0	+	0	0	11I212M349I	GQ129211	GQ129211
L	25129	554	*	*	*	*	*	AF515476	*
H	25129	185	100.0	+	0	0	185M369I	AF515476	AF515476
L	25179	726	*	*	*	*	*	FJ871094	*
H	25179	193	100.0	+	0	0	220I193M313I	FJ871094	FJ871094
L	25182	846	*	*	*	*	*	FJ871089	*
H	25182	189	100.0	+	0	0	328I189M329I	FJ871089	FJ871089
L	25183	705	*	*	*	*	*	GU827320	*
H	25183	189	100.0	+	0	0	215I189M301I	GU827320	GU827320
L	25233	557	*	*	*	*	*	AF410472	*
H	25233	139	100.0	+	0	0	11I139M407I	AF410472	AF410472
L	25251	549	*	*	*	*	*	FJ424261	*
H	25251	178	100.0	+	0	0	28I178M343I	FJ424261	FJ424261
L	13422	505	*	*	*	*	*	FJ824032	*
H	13422	183	100.0	+	0	0	13I183M309I	HQ340002	FJ824032
L	25258	564	*	*	*	*	*	GU973704	*
H	25258	213	100.0	+	0	0	15I213M336I	GU973704	GU973704
L	25268	522	*	*	*	*	*	FJ231026	*
H	25268	210	100.0	+	0	0	210M312I	FJ231026	FJ231026
L	6163	666	*	*	*	*	*	GU966508	*
H	6163	267	100.0	+	0	0	11I267M388I	HQ850364	GU966508
L	25277	607	*	*	*	*	*	AY373928	*
H	25277	209	100.0	+	0	0	11I209M387I	AY373928	AY373928
L	25289	806	*	*	*	*	*	GU979824	*
H	25289	224	100.0	+	0	0	274I224M308I	GU979824	GU979824
L	25333	870	*	*	*	*	*	DQ367882	*
H	25333	99	100.0	+	0	0	I99M770I	DQ367882	DQ367882
L	25340	562	*	*	*	*	*	HE572543	*
H	25340	562	100.0	+	0	0	562M	HE572543	HE572543
L	25383	514	*	*	*	*	*	EU520200	*
H	25383	170	100.0	+	0	0	170M344I	EU520200	EU520200
L	25416	275	*	*	*	*	*	GU066834	*
H	25416	231	100.0	+	0	0	13I231M31I	GU066834	GU066834
L	25424	705	*	*	*	*	*	HM020682	*
H	25424	248	100.0	+	0	0	33I248M424I	HM020682	HM020682
L	25427	658	*	*	*	*	*	HM020692	*
H	25427	212	100.0	+	0	0	50I212M396I	HM020692	HM020692
L	25435	640	*	*	*	*	*	HM595540	*
H	25435	283	100.0	+	0	0	283M357I	HM595540	HM595540
L	25451	538	*	*	*	*	*	HM037991	*
H	25451	193	100.0	+	0	0	11I193M334I	HM037991	HM037991
L	25457	1030	*	*	*	*	*	UDB011534	*
H	25457	266	100.0	+	0	0	4I266M760I	UDB011534	UDB011534
L	25468	299	*	*	*	*	*	L29560	*
H	25468	200	100.0	+	0	0	99I200M	L29560	L29560
L	25472	703	*	*	*	*	*	HM049580	*
H	25472	275	100.0	+	0	0	20I275M408I	HM049580	HM049580
L	25479	737	*	*	*	*	*	GU111920	*
H	25479	321	100.0	+	0	0	13I321M403I	GU111920	GU111920
L	25490	376	*	*	*	*	*	HM057148	*
H	25490	376	100.0	+	0	0	376M	HM057148	HM057148
L	25517	574	*	*	*	*	*	FJ790843	*
H	25517	221	100.0	+	0	0	14I221M339I	FJ790843	FJ790843
L	25534	623	*	*	*	*	*	AF482853	*
H	25534	305	100.0	+	0	0	305M318I	AF482853	AF482853
L	25548	332	*	*	*	*	*	HM131339	*
H	25548	332	100.0	+	0	0	332M	HM131339	HM131339
L	25553	539	*	*	*	*	*	GQ169767	*
H	25553	183	100.0	+	0	0	11I183M345I	GQ169767	GQ169767
L	25600	570	*	*	*	*	*	HM161454	*
H	25600	207	100.0	+	0	0	27I207M336I	HM161454	HM161454
L	25602	767	*	*	*	*	*	HM161461	*
H	25602	206	100.0	+	0	0	216I206M345I	HM161461	HM161461
L	25621	492	*	*	*	*	*	HM180398	*
H	25621	212	100.0	+	0	0	212M280I	HM180398	HM180398
L	25637	602	*	*	*	*	*	HM205102	*
H	25637	293	100.0	+	0	0	293M309I	HM205102	HM205102
L	25656	749	*	*	*	*	*	DQ365612	*
H	25656	284	100.0	+	0	0	51I284M414I	DQ365612	DQ365612
L	25670	313	*	*	*	*	*	HM243159	*
H	25670	269	100.0	+	0	0	11I269M33I	HM243159	HM243159
L	25711	594	*	*	*	*	*	HQ630988	*
H	25711	196	100.0	+	0	0	50I196M348I	HQ630988	HQ630988
L	25723	377	*	*	*	*	*	HM461581	*
H	25723	100	100.0	+	0	0	11I100M266I	HM461581	HM461581
L	25760	632	*	*	*	*	*	HM485400	*
H	25760	247	100.0	+	0	0	247M385I	HM485400	HM485400
L	25771	605	*	*	*	*	*	JQ724023	*
H	25771	198	100.0	+	0	0	39I198M368I	JQ724023	JQ724023
L	25784	686	*	*	*	*	*	HM536085	*
H	25784	223	100.0	+	0	0	51I223M412I	HM536085	HM536085
L	25799	658	*	*	*	*	*	HM538548	*
H	25799	235	100.0	+	0	0	105I235M318I	HM538548	HM538548
L	25800	842	*	*	*	*	*	HM538566	*
H	25800	237	100.0	+	0	0	254I237M351I	HM538566	HM538566
L	25806	600	*	*	*	*	*	EU833206	*
H	25806	215	100.0	+	0	0	24I215M361I	EU833206	EU833206
L	25820	827	*	*	*	*	*	FJ774073	*
H	25820	283	100.0	+	0	0	26I283M518I	FJ774073	FJ774073
L	25850	526	*	*	*	*	*	HM578759	*
H	25850	222	100.0	+	0	0	12I222M292I	HM578759	HM578759
L	25855	522	*	*	*	*	*	HM581945	*
H	25855	205	100.0	+	0	0	205M317I	HM581945	HM581945
L	25861	540	*	*	*	*	*	HM582192	*
H	25861	236	100.0	+	0	0	50I236M254I	HM582192	HM582192
L	25868	536	*	*	*	*	*	HM583833	*
H	25868	207	100.0	+	0	0	8I207M321I	HM583833	HM583833
L	25885	1666	*	*	*	*	*	HM595584	*
H	25885	142	100.0	+	0	0	1524I142M	HM595584	HM595584
L	25893	1743	*	*	*	*	*	HM595609	*
H	25893	144	100.0	+	0	0	1599I144M	HM595609	HM595609
L	25897	1737	*	*	*	*	*	HM595615	*
H	25897	146	100.0	+	0	0	1591I146M	HM595615	HM595615
L	25913	615	*	*	*	*	*	HM623128	*
H	25913	267	100.0	+	0	0	267M348I	HM623128	HM623128
L	25923	536	*	*	*	*	*	HM635337	*
H	25923	181	100.0	+	0	0	181M355I	HM635337	HM635337
L	25958	643	*	*	*	*	*	GQ422470	*
H	25958	211	100.0	+	0	0	49I211M383I	GQ422470	GQ422470
L	25973	627	*	*	*	*	*	EF393631	*
H	25973	616	100.0	+	0	0	11I616M	EF393631	EF393631
L	25992	530	*	*	*	*	*	HM992500	*
H	25992	202	100.0	+	0	0	202M328I	HM992500	HM992500
L	26010	388	*	*	*	*	*	HQ012454	*
H	26010	388	100.0	+	0	0	388M	HQ012454	HQ012454
L	26017	594	*	*	*	*	*	AY313074	*
H	26017	181	100.0	+	0	0	13I181M400I	AY313074	AY313074
L	26035	540	*	*	*	*	*	HQ022458	*
H	26035	125	100.0	+	0	0	100I125M315I	HQ022458	HQ022458
L	26063	615	*	*	*	*	*	JN207268	*
H	26063	223	100.0	+	0	0	50I223M342I	JN207268	JN207268
L	26099	564	*	*	*	*	*	U78815	*
H	26099	242	100.0	+	0	0	322I242M	U78815	U78815
L	26114	616	*	*	*	*	*	HQ171232	*
H	26114	210	100.0	+	0	0	109I210M297I	HQ171232	HQ171232
L	24438	559	*	*	*	*	*	EF152433	*
H	24438	183	100.0	+	0	0	11I183M365I	GU253292	EF152433
L	26127	841	*	*	*	*	*	HQ184961	*
H	26127	242	100.0	+	0	0	113I242M486I	HQ184961	HQ184961
L	26158	486	*	*	*	*	*	DQ914672	*
H	26158	196	100.0	+	0	0	196M290I	DQ914672	DQ914672
L	26167	591	*	*	*	*	*	HQ215817	*
H	26167	235	100.0	+	0	0	235M356I	HQ215817	HQ215817
L	26170	593	*	*	*	*	*	HQ215825	*
H	26170	236	100.0	+	0	0	236M357I	HQ215825	HQ215825
L	26194	581	*	*	*	*	*	DQ257363	*
H	26194	201	100.0	+	0	0	40I201M340I	DQ257363	DQ257363
L	26209	704	*	*	*	*	*	HQ248215	*
H	26209	261	100.0	+	0	0	11I261M432I	HQ248215	HQ248215
L	26215	469	*	*	*	*	*	EU057933	*
H	26215	206	100.0	+	0	0	206M263I	EU057933	EU057933
L	26223	265	*	*	*	*	*	AB615445	*
H	26223	255	100.0	+	0	0	10I255M	AB615445	AB615445
L	26253	674	*	*	*	*	*	HQ318236	*
H	26253	221	100.0	+	0	0	37I221M416I	HQ318236	HQ318236
L	26257	666	*	*	*	*	*	HQ318272	*
H	26257	230	100.0	+	0	0	38I230M398I	HQ318272	HQ318272
L	26260	654	*	*	*	*	*	HQ318282	*
H	26260	219	100.0	+	0	0	35I219M400I	HQ318282	HQ318282
L	26287	534	*	*	*	*	*	HQ377291	*
H	26287	534	100.0	+	0	0	534M	HQ377291	HQ377291
L	26300	563	*	*	*	*	*	HQ386245	*
H	26300	224	100.0	+	0	0	224M339I	HQ386245	HQ386245
L	26322	525	*	*	*	*	*	HQ413278	*
H	26322	341	100.0	+	0	0	180I341M4I	HQ413278	HQ413278
L	26336	672	*	*	*	*	*	GU327634	*
H	26336	282	100.0	+	0	0	14I282M376I	GU327634	GU327634
L	26341	664	*	*	*	*	*	HQ436123	*
H	26341	651	100.0	+	0	0	13I651M	HQ436123	HQ436123
L	26355	654	*	*	*	*	*	HQ446342	*
H	26355	238	100.0	+	0	0	20I238M396I	HQ446342	HQ446342
L	26370	213	*	*	*	*	*	EF176459	*
H	26370	89	100.0	+	0	0	89M124I	EF176459	EF176459
L	26388	633	*	*	*	*	*	HQ533047	*
H	26388	212	100.0	+	0	0	49I212M372I	HQ533047	HQ533047
L	26389	676	*	*	*	*	*	HQ533048	*
H	26389	236	100.0	+	0	0	49I236M391I	HQ533048	HQ533048
L	26390	547	*	*	*	*	*	HQ533049	*
H	26390	179	100.0	+	0	0	37I179M331I	HQ533049	HQ533049
L	26405	504	*	*	*	*	*	HQ533851	*
H	26405	200	100.0	+	0	0	200M304I	HQ533851	HQ533851
L	26408	528	*	*	*	*	*	EF029230	*
H	26408	196	100.0	+	0	0	196M332I	EF029230	EF029230
L	26420	829	*	*	*	*	*	HQ542918	*
H	26420	794	100.0	+	0	0	35I794M	HQ542918	HQ542918
L	26424	483	*	*	*	*	*	HQ585901	*
H	26424	314	100.0	+	0	0	123I314M46I	HQ585901	HQ585901
L	26426	411	*	*	*	*	*	HQ585903	*
H	26426	261	100.0	+	0	0	111I261M39I	HQ585903	HQ585903
L	26429	726	*	*	*	*	*	HQ586855	*
H	26429	290	100.0	+	0	0	34I290M402I	HQ586855	HQ586855
L	26440	593	*	*	*	*	*	FJ623267	*
H	26440	211	100.0	+	0	0	17I211M365I	FJ623267	FJ623267
L	26457	512	*	*	*	*	*	HQ602666	*
H	26457	177	100.0	+	0	0	39I177M296I	HQ602666	HQ602666
L	26475	1358	*	*	*	*	*	HQ604361	*
H	26475	290	100.0	+	0	0	38I290M1030I	HQ604361	HQ604361
L	26504	1298	*	*	*	*	*	EF530927	*
H	26504	273	100.0	+	0	0	20I273M1005I	EF530927	EF530927
L	26519	545	*	*	*	*	*	HQ605940	*
H	26519	230	100.0	+	0	0	4I230M311I	HQ605940	HQ605940
L	26529	584	*	*	*	*	*	HQ608027	*
H	26529	185	100.0	+	0	0	35I185M364I	HQ608027	HQ608027
L	26566	589	*	*	*	*	*	HQ630350	*
H	26566	186	100.0	+	0	0	186M403I	HQ630350	HQ630350
L	26577	673	*	*	*	*	*	HQ630987	*
H	26577	224	100.0	+	0	0	102I224M347I	HQ630987	HQ630987
L	26579	606	*	*	*	*	*	HQ630992	*
H	26579	198	100.0	+	0	0	50I198M358I	HQ630992	HQ630992
L	26631	613	*	*	*	*	*	HQ650653	*
H	26631	233	100.0	+	0	0	46I233M334I	HQ650653	HQ650653
L	26656	624	*	*	*	*	*	EU034671	*
H	26656	221	100.0	+	0	0	8I221M395I	EU034671	EU034671
L	26657	679	*	*	*	*	*	HQ650710	*
H	26657	199	100.0	+	0	0	124I199M356I	HQ650710	HQ650710
L	16657	510	*	*	*	*	*	AF546077	*
H	16657	200	100.0	+	0	0	28I200M282I	HQ650717	AF546077
L	26694	517	*	*	*	*	*	HQ667546	*
H	26694	208	100.0	+	0	0	208M309I	HQ667546	HQ667546
L	26713	428	*	*	*	*	*	HQ691408	*
H	26713	177	100.0	+	0	0	177M251I	HQ691408	HQ691408
L	26717	804	*	*	*	*	*	HQ695011	*
H	26717	631	100.0	+	0	0	173I631M	HQ695011	HQ695011
L	26738	590	*	*	*	*	*	AF396862	*
H	26738	231	100.0	+	0	0	231M359I	AF396862	AF396862
L	26753	622	*	*	*	*	*	HQ699658	*
H	26753	234	100.0	+	0	0	49I234M339I	HQ699658	HQ699658
L	26765	478	*	*	*	*	*	DQ780361	*
H	26765	193	100.0	+	0	0	193M285I	DQ780361	DQ780361
L	26767	547	*	*	*	*	*	GU981614	*
H	26767	210	100.0	+	0	0	210M337I	GU981614	GU981614
L	26773	489	*	*	*	*	*	HQ713761	*
H	26773	203	100.0	+	0	0	203M286I	HQ713761	HQ713761
L	26775	483	*	*	*	*	*	HQ713777	*
H	26775	194	100.0	+	0	0	194M289I	HQ713777	HQ713777
L	18400	693	*	*	*	*	*	AY606948	*
H	18400	249	100.0	+	0	0	17I249M427I	FM993280	AY606948
L	26785	547	*	*	*	*	*	HQ725088	*
H	26785	222	100.0	+	0	0	I222M324I	HQ725088	HQ725088
L	26787	706	*	*	*	*	*	HQ728298	*
H	26787	224	100.0	+	0	0	224M482I	HQ728298	HQ728298
L	26795	652	*	*	*	*	*	HQ738654	*
H	26795	219	100.0	+	0	0	11I219M422I	HQ738654	HQ738654
L	26798	701	*	*	*	*	*	HQ827179	*
H	26798	271	100.0	+	0	0	32I271M398I	HQ827179	HQ827179
L	26820	389	*	*	*	*	*	HQ832490	*
H	26820	295	100.0	+	0	0	94I295M	HQ832490	HQ832490
L	26841	514	*	*	*	*	*	JN030986	*
H	26841	217	100.0	+	0	0	217M297I	JN030986	JN030986
L	26846	1115	*	*	*	*	*	HQ843035	*
H	26846	206	100.0	+	0	0	568I206M341I	HQ843035	HQ843035
L	26863	645	*	*	*	*	*	HQ847036	*
H	26863	283	100.0	+	0	0	283M362I	HQ847036	HQ847036
L	26886	631	*	*	*	*	*	JQ397181	*
H	26886	273	100.0	+	0	0	273M358I	JQ397181	JQ397181
L	26903	604	*	*	*	*	*	FJ715822	*
H	26903	229	100.0	+	0	0	229M375I	FJ715822	FJ715822
L	26908	551	*	*	*	*	*	HQ889709	*
H	26908	191	100.0	+	0	0	14I191M346I	HQ889709	HQ889709
L	26916	621	*	*	*	*	*	GQ906948	*
H	26916	181	100.0	+	0	0	39I181M401I	GQ906948	GQ906948
L	26921	491	*	*	*	*	*	HQ891110	*
H	26921	188	100.0	+	0	0	15I188M288I	HQ891110	HQ891110
L	26925	513	*	*	*	*	*	HQ893783	*
H	26925	165	100.0	+	0	0	165M348I	HQ893783	HQ893783
L	26929	576	*	*	*	*	*	HQ897793	*
H	26929	188	100.0	+	0	0	25I188M363I	HQ897793	HQ897793
L	26940	579	*	*	*	*	*	HQ897823	*
H	26940	202	100.0	+	0	0	25I202M352I	HQ897823	HQ897823
L	26964	512	*	*	*	*	*	FJ571451	*
H	26964	167	100.0	+	0	0	167M345I	FJ571451	FJ571451
L	27012	577	*	*	*	*	*	JF273527	*
H	27012	238	100.0	+	0	0	7I238M332I	JF273527	JF273527
L	27030	287	*	*	*	*	*	GU373489	*
H	27030	230	100.0	+	0	0	230M57I	GU373489	GU373489
L	27059	581	*	*	*	*	*	JF314510	*
H	27059	258	100.0	+	0	0	3I258M320I	JF314510	JF314510
L	27084	1219	*	*	*	*	*	JF419894	*
H	27084	914	100.0	+	0	0	7I914M298I	JF419894	JF419894
L	10376	1559	*	*	*	*	*	JF439171	*
H	10376	141	100.0	+	0	0	224I141M1194I	JF439184	JF439171
L	27137	573	*	*	*	*	*	JF440612	*
H	27137	214	100.0	+	0	0	40I214M319I	JF440612	JF440612
L	27167	609	*	*	*	*	*	UDB003320	*
H	27167	236	100.0	+	0	0	236M373I	UDB003320	UDB003320
L	27205	619	*	*	*	*	*	FM205665	*
H	27205	251	100.0	+	0	0	251M368I	FM205665	FM205665
L	27221	733	*	*	*	*	*	JF797200	*
H	27221	328	100.0	+	0	0	13I328M392I	JF797200	JF797200
L	27233	599	*	*	*	*	*	JF908439	*
H	27233	236	100.0	+	0	0	25I236M338I	JF908439	JF908439
L	27241	242	*	*	*	*	*	DQ683757	*
H	27241	242	100.0	+	0	0	242M	DQ683757	DQ683757
L	27244	529	*	*	*	*	*	JF681958	*
H	27244	232	100.0	+	0	0	232M297I	JF681958	JF681958
L	27245	535	*	*	*	*	*	JF681959	*
H	27245	233	100.0	+	0	0	233M302I	JF681959	JF681959
L	27260	722	*	*	*	*	*	JF701707	*
H	27260	238	100.0	+	0	0	77I238M407I	JF701707	JF701707
L	27279	681	*	*	*	*	*	JF701767	*
H	27279	266	100.0	+	0	0	33I266M382I	JF701767	JF701767
L	27343	661	*	*	*	*	*	FJ687269	*
H	27343	273	100.0	+	0	0	24I273M364I	FJ687269	FJ687269
L	27348	546	*	*	*	*	*	JF747053	*
H	27348	226	100.0	+	0	0	226M320I	JF747053	JF747053
L	27354	1032	*	*	*	*	*	UDB011468	*
H	27354	262	100.0	+	0	0	4I262M766I	UDB011468	UDB011468
L	27376	570	*	*	*	*	*	JF795289	*
H	27376	229	100.0	+	0	0	229M341I	JF795289	JF795289
H	25506	84	100.0	+	0	0	144I84M180I	JF796294	HM060607
L	27402	590	*	*	*	*	*	JF817255	*
H	27402	224	100.0	+	0	0	11I224M355I	JF817255	JF817255
L	27403	593	*	*	*	*	*	JF817313	*
H	27403	184	100.0	+	0	0	11I184M398I	JF817313	JF817313
L	27418	779	*	*	*	*	*	JF831049	*
H	27418	207	100.0	+	0	0	247I207M325I	JF831049	JF831049
L	27424	633	*	*	*	*	*	JF834344	*
H	27424	231	100.0	+	0	0	231M402I	JF834344	JF834344
L	27426	622	*	*	*	*	*	JF834354	*
H	27426	224	100.0	+	0	0	224M398I	JF834354	JF834354
L	27441	391	*	*	*	*	*	DQ097878	*
H	27441	151	100.0	+	0	0	151M240I	DQ097878	DQ097878
L	28872	557	*	*	*	*	*	JF907762	*
H	28872	217	100.0	+	0	0	217M340I	JF907758	JF907762
L	27468	661	*	*	*	*	*	JF907963	*
H	27468	288	100.0	+	0	0	2I288M371I	JF907963	JF907963
L	27479	666	*	*	*	*	*	JF907993	*
H	27479	279	100.0	+	0	0	25I279M362I	JF907993	JF907993
L	17448	633	*	*	*	*	*	EU525969	*
H	17448	232	100.0	+	0	0	33I232M368I	HQ604492	EU525969
L	27554	710	*	*	*	*	*	JF908385	*
H	27554	252	100.0	+	0	0	17I252M441I	JF908385	JF908385
L	27558	226	*	*	*	*	*	JF908398	*
H	27558	204	100.0	+	0	0	22I204M	JF908398	JF908398
L	27562	789	*	*	*	*	*	JF908402	*
H	27562	291	100.0	+	0	0	291M498I	JF908402	JF908402
L	27572	627	*	*	*	*	*	DQ490644	*
H	27572	282	100.0	+	0	0	282M345I	DQ490644	DQ490644
L	27574	775	*	*	*	*	*	JF908471	*
H	27574	278	100.0	+	0	0	I278M496I	JF908471	JF908471
L	27588	610	*	*	*	*	*	JF908562	*
H	27588	250	100.0	+	0	0	30I250M330I	JF908562	JF908562
L	27592	808	*	*	*	*	*	JF908572	*
H	27592	197	100.0	+	0	0	337I197M274I	JF908572	JF908572
L	27627	581	*	*	*	*	*	JF922046	*
H	27627	228	100.0	+	0	0	228M353I	JF922046	JF922046
L	27637	631	*	*	*	*	*	FJ613267	*
H	27637	201	100.0	+	0	0	2I201M428I	FJ613267	FJ613267
L	27647	571	*	*	*	*	*	GU062312	*
H	27647	250	100.0	+	0	0	35I250M286I	GU062312	GU062312
L	27681	553	*	*	*	*	*	JF974085	*
H	27681	209	100.0	+	0	0	209M344I	JF974085	JF974085
L	27747	489	*	*	*	*	*	JN039042	*
H	27747	121	100.0	+	0	0	111I121M257I	JN039042	JN039042
L	27771	530	*	*	*	*	*	JN081877	*
H	27771	209	100.0	+	0	0	209M321I	JN081877	JN081877
L	27795	575	*	*	*	*	*	JQ425384	*
H	27795	210	100.0	+	0	0	15I210M350I	JQ425384	JQ425384
L	27814	567	*	*	*	*	*	JN153068	*
H	27814	204	100.0	+	0	0	18I204M345I	JN153068	JN153068
L	27816	645	*	*	*	*	*	JN157802	*
H	27816	178	100.0	+	0	0	302I178M165I	JN157802	JN157802
L	27817	515	*	*	*	*	*	DQ411545	*
H	27817	178	100.0	+	0	0	178M337I	DQ411545	DQ411545
L	27823	534	*	*	*	*	*	JN159667	*
H	27823	212	100.0	+	0	0	13I212M309I	JN159667	JN159667
L	27848	670	*	*	*	*	*	JN165010	*
H	27848	230	100.0	+	0	0	50I230M390I	JN165010	JN165010
L	27853	957	*	*	*	*	*	JN168664	*
H	27853	957	100.0	+	0	0	957M	JN168664	JN168664
L	27877	612	*	*	*	*	*	JN182920	*
H	27877	234	100.0	+	0	0	16I234M362I	JN182920	JN182920
L	27900	613	*	*	*	*	*	HQ213809	*
H	27900	185	100.0	+	0	0	11I185M417I	HQ213809	HQ213809
L	27923	572	*	*	*	*	*	JN207240	*
H	27923	222	100.0	+	0	0	49I222M301I	JN207240	JN207240
L	13657	572	*	*	*	*	*	DQ242474	*
H	13657	197	100.0	+	0	0	11I197M364I	EF503562	DQ242474
L	27937	482	*	*	*	*	*	FR667973	*
H	27937	233	100.0	+	0	0	233M249I	FR667973	FR667973
L	27958	647	*	*	*	*	*	JN241559	*
H	27958	244	100.0	+	0	0	244M403I	JN241559	JN241559
L	27965	525	*	*	*	*	*	AJ853459	*
H	27965	185	100.0	+	0	0	185M340I	AJ853459	AJ853459
L	27977	696	*	*	*	*	*	JN367290	*
H	27977	255	100.0	+	0	0	13I255M428I	JN367290	JN367290
L	27991	648	*	*	*	*	*	JN392213	*
H	27991	276	100.0	+	0	0	39I276M333I	JN392213	JN392213
L	27992	607	*	*	*	*	*	JN392267	*
H	27992	247	100.0	+	0	0	39I247M321I	JN392267	JN392267
L	27997	606	*	*	*	*	*	JQ768940	*
H	27997	183	100.0	+	0	0	11I183M412I	JQ768940	JQ768940
L	28000	556	*	*	*	*	*	JN400826	*
H	28000	196	100.0	+	0	0	11I196M349I	JN400826	JN400826
L	28006	556	*	*	*	*	*	GU565135	*
H	28006	209	100.0	+	0	0	25I209M322I	GU565135	GU565135
L	28011	569	*	*	*	*	*	JN564004	*
H	28011	207	100.0	+	0	0	11I207M351I	JN564004	JN564004
L	28078	795	*	*	*	*	*	JN641784	*
H	28078	229	100.0	+	0	0	219I229M347I	JN641784	JN641784
L	28085	688	*	*	*	*	*	JN642228	*
H	28085	263	100.0	+	0	0	47I263M378I	JN642226	JN642228
L	28087	678	*	*	*	*	*	JN642230	*
H	28087	254	100.0	+	0	0	37I254M387I	JN642230	JN642230
L	28129	2961	*	*	*	*	*	GQ458041	*
H	28129	234	100.0	+	0	0	1739I234M988I	GQ458041	GQ458041
L	28232	1195	*	*	*	*	*	FJ865436	*
H	28232	219	100.0	+	0	0	2I219M974I	FJ865436	FJ865436
L	28240	755	*	*	*	*	*	JN899325	*
H	28240	219	100.0	+	0	0	12I219M524I	JN899325	JN899325
L	28251	759	*	*	*	*	*	JN899387	*
H	28251	214	100.0	+	0	0	12I214M533I	JN899387	JN899387
L	28264	554	*	*	*	*	*	JN942162	*
H	28264	164	100.0	+	0	0	35I164M355I	JN942162	JN942162
L	28274	501	*	*	*	*	*	JN942635	*
H	28274	179	100.0	+	0	0	179M322I	JN942635	JN942635
L	28277	678	*	*	*	*	*	JN942785	*
H	28277	281	100.0	+	0	0	13I281M384I	JN942785	JN942785
L	28341	616	*	*	*	*	*	JN943621	*
H	28341	237	100.0	+	0	0	72I237M307I	JN943621	JN943621
L	28357	609	*	*	*	*	*	JN943895	*
H	28357	204	100.0	+	0	0	29I204M376I	JN943895	JN943895
L	28359	593	*	*	*	*	*	GU234029	*
H	28359	198	100.0	+	0	0	20I198M375I	GU234029	GU234029
L	28371	743	*	*	*	*	*	JN944082	*
H	28371	310	100.0	+	0	0	37I310M396I	JN944082	JN944082
L	28435	601	*	*	*	*	*	JQ317571	*
H	28435	266	100.0	+	0	0	266M335I	JQ317571	JQ317571
L	28439	603	*	*	*	*	*	JQ317577	*
H	28439	266	100.0	+	0	0	266M337I	JQ317577	JQ317577
L	28441	600	*	*	*	*	*	JQ317580	*
H	28441	272	100.0	+	0	0	272M328I	JQ317580	JQ317580
L	28454	655	*	*	*	*	*	JQ350859	*
H	28454	279	100.0	+	0	0	279M376I	JQ350859	JQ350859
L	21755	216	*	*	*	*	*	DQ517404	*
H	21755	198	100.0	+	0	0	8I198M10I	GQ159884	DQ517404
L	28488	204	*	*	*	*	*	L18906	*
H	28488	158	100.0	+	0	0	13I158M33I	L18906	L18906
L	28490	267	*	*	*	*	*	L42445	*
H	28490	267	100.0	+	0	0	267M	L42445	L42445
L	28503	647	*	*	*	*	*	L54109	*
H	28503	245	100.0	+	0	0	8I245M394I	L54109	L54109
L	28504	644	*	*	*	*	*	AY880940	*
H	28504	244	100.0	+	0	0	8I244M392I	AY880940	AY880940
L	28506	640	*	*	*	*	*	L54102	*
H	28506	241	100.0	+	0	0	8I241M391I	L54102	L54102
L	28514	291	*	*	*	*	*	U04079	*
H	28514	250	100.0	+	0	0	30I250M11I	U04079	U04079
L	28537	533	*	*	*	*	*	U35283	*
H	28537	196	100.0	+	0	0	196M337I	U35283	U35283
L	28542	803	*	*	*	*	*	U33077	*
H	28542	280	100.0	+	0	0	33I280M490I	U33077	U33077
L	28550	260	*	*	*	*	*	U38628	*
H	28550	172	100.0	+	0	0	88I172M	U38628	U38628
L	28580	996	*	*	*	*	*	U51960	*
H	28580	229	100.0	+	0	0	424I229M343I	U51960	U51960
L	28592	671	*	*	*	*	*	U56039	*
H	28592	275	100.0	+	0	0	13I275M383I	U56039	U56039
L	28593	670	*	*	*	*	*	U56044	*
H	28593	273	100.0	+	0	0	13I273M384I	U56044	U56044
L	28630	618	*	*	*	*	*	AF026308	*
H	28630	212	100.0	+	0	0	37I212M369I	AF026308	AF026308
L	28638	548	*	*	*	*	*	U68318	*
H	28638	250	100.0	+	0	0	250M298I	U68318	U68318
L	28652	651	*	*	*	*	*	U74616	*
H	28652	248	100.0	+	0	0	13I248M390I	U74616	U74616
L	28703	644	*	*	*	*	*	AF377205	*
H	28703	279	100.0	+	0	0	4I279M361I	AF377205	AF377205
L	28707	253	*	*	*	*	*	UDB000055	*
H	28707	250	100.0	+	0	0	3I250M	UDB000055	UDB000055
L	28743	630	*	*	*	*	*	UDB000291	*
H	28743	122	100.0	+	0	0	85I122M423I	UDB000291	UDB000291
L	28748	914	*	*	*	*	*	UDB000322	*
H	28748	490	100.0	+	0	0	490M424I	UDB000322	UDB000322
L	28753	701	*	*	*	*	*	AF418633	*
H	28753	226	100.0	+	0	0	11I226M464I	AF418633	AF418633
L	28776	575	*	*	*	*	*	UDB000518	*
H	28776	239	100.0	+	0	0	239M336I	UDB000518	UDB000518
L	28809	609	*	*	*	*	*	UDB000630	*
H	28809	257	100.0	+	0	0	13I257M339I	UDB000630	UDB000630
L	28823	871	*	*	*	*	*	FJ845442	*
H	28823	270	100.0	+	0	0	22I270M579I	FJ845442	FJ845442
L	28854	845	*	*	*	*	*	UDB000987	*
H	28854	845	100.0	+	0	0	845M	UDB000987	UDB000987
L	28859	1236	*	*	*	*	*	UDB000995	*
H	28859	172	100.0	+	0	0	172M1064I	UDB000995	UDB000995
L	28861	581	*	*	*	*	*	AF389168	*
H	28861	228	100.0	+	0	0	228M353I	AF389168	AF389168
L	28866	659	*	*	*	*	*	UDB001090	*
H	28866	277	100.0	+	0	0	277M382I	UDB001090	UDB001090
L	28877	565	*	*	*	*	*	UDB001133	*
H	28877	272	100.0	+	0	0	272M293I	UDB001133	UDB001133
L	28894	709	*	*	*	*	*	UDB001382	*
H	28894	200	100.0	+	0	0	32I200M477I	UDB001382	UDB001382
L	28906	651	*	*	*	*	*	FJ501551	*
H	28906	248	100.0	+	0	0	13I248M390I	FJ501551	FJ501551
L	28911	674	*	*	*	*	*	JQ888174	*
H	28911	311	100.0	+	0	0	13I311M350I	JQ888174	JQ888174
L	28926	681	*	*	*	*	*	DQ499640	*
H	28926	274	100.0	+	0	0	50I274M357I	DQ499640	DQ499640
L	28960	1277	*	*	*	*	*	AY669532	*
H	28960	273	100.0	+	0	0	32I273M972I	AY669532	AY669532
L	28966	656	*	*	*	*	*	AF085485	*
H	28966	289	100.0	+	0	0	11I289M356I	AF085485	AF085485
L	28969	490	*	*	*	*	*	JF907904	*
H	28969	163	100.0	+	0	0	163M327I	JF907904	JF907904
L	28980	748	*	*	*	*	*	UDB002355	*
H	28980	293	100.0	+	0	0	28I293M427I	UDB002355	UDB002355
L	28995	566	*	*	*	*	*	EU712092	*
H	28995	218	100.0	+	0	0	218M348I	EU712092	EU712092
L	29001	312	*	*	*	*	*	UDB002802	*
H	29001	276	100.0	+	0	0	3I276M33I	UDB002802	UDB002802
L	29022	591	*	*	*	*	*	AM946525	*
H	29022	239	100.0	+	0	0	239M352I	AM946525	AM946525
L	25429	674	*	*	*	*	*	FJ816639	*
H	25429	267	100.0	+	0	0	12I267M395I	FJ816640	FJ816639
L	29072	787	*	*	*	*	*	UDB008309	*
H	29072	205	100.0	+	0	0	205M582I	UDB008309	UDB008309
L	29089	635	*	*	*	*	*	FJ596815	*
H	29089	272	100.0	+	0	0	272M363I	FJ596815	FJ596815
L	29091	983	*	*	*	*	*	UDB011146	*
H	29091	273	100.0	+	0	0	I273M709I	UDB011146	UDB011146
L	29109	681	*	*	*	*	*	UDB011208	*
H	29109	252	100.0	+	0	0	7I252M422I	UDB011208	UDB011208
L	29114	996	*	*	*	*	*	UDB011229	*
H	29114	227	100.0	+	0	0	4I227M765I	UDB011229	UDB011229
L	29140	1327	*	*	*	*	*	AY174786	*
H	29140	271	100.0	+	0	0	41I271M1015I	AY174786	AY174786
L	29141	1273	*	*	*	*	*	FJ157142	*
H	29141	282	100.0	+	0	0	4I282M987I	FJ157142	FJ157142
L	29147	986	*	*	*	*	*	UDB011622	*
H	29147	298	100.0	+	0	0	3I298M685I	UDB011622	UDB011622
L	29161	576	*	*	*	*	*	AM946511	*
H	29161	224	100.0	+	0	0	224M352I	AM946511	AM946511
L	29168	916	*	*	*	*	*	AF454588	*
H	29168	192	100.0	+	0	0	8I192M716I	AF454588	AF454588
L	29174	975	*	*	*	*	*	UDB011430	*
H	29174	274	100.0	+	0	0	4I274M697I	UDB011430	UDB011430
L	28920	640	*	*	*	*	*	AY880939	*
H	28920	245	100.0	+	0	0	8I245M387I	FJ845439	AY880939
L	29183	689	*	*	*	*	*	DQ066402	*
H	29183	220	100.0	+	0	0	11I220M458I	DQ066402	DQ066402
L	29209	593	*	*	*	*	*	AJ547887	*
H	29209	211	100.0	+	0	0	211M382I	AJ547887	AJ547887
L	29212	604	*	*	*	*	*	FM208872	*
H	29212	258	100.0	+	0	0	258M346I	FM208872	FM208872
L	29216	800	*	*	*	*	*	EF685053	*
H	29216	267	100.0	+	0	0	267M533I	EF685053	EF685053
L	29236	674	*	*	*	*	*	AY462032	*
H	29236	274	100.0	+	0	0	274M400I	AY462032	AY462032
L	29250	728	*	*	*	*	*	EU784415	*
H	29250	285	100.0	+	0	0	3I285M440I	EU784415	EU784415
L	29257	639	*	*	*	*	*	AF454430	*
H	29257	227	100.0	+	0	0	11I227M401I	AF454430	AF454430
L	29266	666	*	*	*	*	*	UDB011648	*
H	29266	270	100.0	+	0	0	4I270M392I	UDB011648	UDB011648
L	29267	619	*	*	*	*	*	AM946498	*
H	29267	258	100.0	+	0	0	258M361I	AM946498	AM946498
L	29269	652	*	*	*	*	*	UDB011668	*
H	29269	280	100.0	+	0	0	4I280M368I	UDB011668	UDB011668
L	29291	975	*	*	*	*	*	UDB011743	*
H	29291	280	100.0	+	0	0	5I280M690I	UDB011743	UDB011743
L	29302	1011	*	*	*	*	*	UDB011765	*
H	29302	313	100.0	+	0	0	4I313M694I	UDB011765	UDB011765
L	29316	957	*	*	*	*	*	UDB011788	*
H	29316	250	100.0	+	0	0	4I250M703I	UDB011788	UDB011788
L	29342	983	*	*	*	*	*	UDB011841	*
H	29342	277	100.0	+	0	0	3I277M703I	UDB011841	UDB011841
L	29352	398	*	*	*	*	*	EU784202	*
H	29352	276	100.0	+	0	0	276M122I	EU784202	EU784202
L	29362	667	*	*	*	*	*	UDB011896	*
H	29362	289	100.0	+	0	0	289M378I	UDB011896	UDB011896
L	29366	589	*	*	*	*	*	JQ417289	*
H	29366	268	100.0	+	0	0	268M321I	JQ417289	JQ417289
L	29374	274	*	*	*	*	*	X82505	*
H	29374	274	100.0	+	0	0	274M	X82505	X82505
L	29416	194	*	*	*	*	*	Z81438	*
H	29416	194	100.0	+	0	0	194M	Z81438	Z81438
L	29424	682	*	*	*	*	*	EU181454	*
H	29424	297	100.0	+	0	0	11I297M374I	EU181454	EU181454
L	29428	591	*	*	*	*	*	EU519461	*
H	29428	233	100.0	+	0	0	233M358I	EU519461	EU519461
D	30	2	*	*	*	*	100.0	DQ525495	*
D	35	2	*	*	*	*	100.0	DQ525514	*
D	65	2	*	*	*	*	100.0	DQ322131	*
D	105	2	*	*	*	*	100.0	DQ539441	*
D	116	2	*	*	*	*	100.0	AJ878506	*
D	117	2	*	*	*	*	100.0	AJ878507	*
D	129	2	*	*	*	*	100.0	AJ716305	*
D	190	2	*	*	*	*	100.0	DQ681328	*
D	193	2	*	*	*	*	100.0	DQ681337	*
D	202	2	*	*	*	*	100.0	DQ631942	*
D	203	2	*	*	*	*	100.0	DQ631943	*
D	217	2	*	*	*	*	100.0	EU598176	*
D	257	2	*	*	*	*	100.0	DQ825966	*
D	268	2	*	*	*	*	100.0	AB540570	*
D	281	2	*	*	*	*	100.0	AB015696	*
D	293	2	*	*	*	*	100.0	EU427035	*
D	298	2	*	*	*	*	100.0	AB255279	*
D	302	2	*	*	*	*	100.0	AB255298	*
D	323	2	*	*	*	*	100.0	U35308	*
D	328	2	*	*	*	*	100.0	FJ010360	*
D	340	2	*	*	*	*	100.0	AM400898	*
D	348	2	*	*	*	*	100.0	JF745093	*
D	356	2	*	*	*	*	100.0	AM397684	*
D	383	2	*	*	*	*	100.0	DQ974719	*
D	420	2	*	*	*	*	100.0	AF272836	*
D	421	2	*	*	*	*	100.0	EF010914	*
D	422	2	*	*	*	*	100.0	DQ873592	*
D	427	2	*	*	*	*	100.0	DQ873606	*
D	439	2	*	*	*	*	100.0	DQ873660	*
D	468	2	*	*	*	*	100.0	GQ388729	*
D	486	2	*	*	*	*	100.0	DQ911449	*
D	537	2	*	*	*	*	100.0	EF121336	*
D	544	2	*	*	*	*	100.0	GQ166898	*
D	546	2	*	*	*	*	100.0	JN182869	*
D	547	2	*	*	*	*	100.0	AY669658	*
D	579	2	*	*	*	*	100.0	EF093175	*
D	588	2	*	*	*	*	100.0	AB254189	*
D	639	2	*	*	*	*	100.0	FJ538352	*
D	669	2	*	*	*	*	100.0	EF197948	*
D	693	2	*	*	*	*	100.0	AY944892	*
D	697	2	*	*	*	*	100.0	AJ271422	*
D	716	2	*	*	*	*	100.0	EF203938	*
D	721	2	*	*	*	*	100.0	AJ878536	*
D	731	2	*	*	*	*	100.0	EF194842	*
D	738	2	*	*	*	*	100.0	AF177149	*
D	749	2	*	*	*	*	100.0	EF373567	*
D	769	2	*	*	*	*	100.0	AY004783	*
D	783	2	*	*	*	*	100.0	AM418551	*
D	799	2	*	*	*	*	100.0	AF224333	*
D	825	2	*	*	*	*	100.0	AB054045	*
D	882	2	*	*	*	*	100.0	HM036644	*
D	886	2	*	*	*	*	100.0	AF336150	*
D	898	2	*	*	*	*	100.0	EF155483	*
D	910	2	*	*	*	*	100.0	AY618679	*
D	942	2	*	*	*	*	100.0	AF228650	*
D	983	2	*	*	*	*	100.0	AF249906	*
D	985	2	*	*	*	*	100.0	AF249908	*
D	1026	2	*	*	*	*	100.0	EF183540	*
D	1051	2	*	*	*	*	100.0	EF530932	*
D	1059	2	*	*	*	*	100.0	EF535663	*
D	1069	2	*	*	*	*	100.0	EF200037	*
D	1087	2	*	*	*	*	100.0	EF197069	*
D	1098	2	*	*	*	*	100.0	EF212840	*
D	1111	2	*	*	*	*	100.0	EF372410	*
D	1113	2	*	*	*	*	100.0	AY041172	*
D	1127	2	*	*	*	*	100.0	DQ068972	*
D	1128	2	*	*	*	*	100.0	EU295634	*
D	1132	2	*	*	*	*	100.0	AF387653	*
D	1150	2	*	*	*	*	100.0	EF395370	*
D	1151	2	*	*	*	*	100.0	EF568065	*
D	1163	2	*	*	*	*	100.0	AB190380	*
D	1175	2	*	*	*	*	100.0	EF421106	*
D	1177	2	*	*	*	*	100.0	EF421109	*
D	1187	2	*	*	*	*	100.0	EF600964	*
D	1195	2	*	*	*	*	100.0	EF392732	*
D	1214	2	*	*	*	*	100.0	EF619561	*
D	1243	2	*	*	*	*	100.0	JQ711843	*
D	1261	2	*	*	*	*	100.0	AF349687	*
D	1269	2	*	*	*	*	100.0	AF357053	*
D	1271	2	*	*	*	*	100.0	AF357058	*
D	1278	2	*	*	*	*	100.0	AF254929	*
D	1299	2	*	*	*	*	100.0	DQ534470	*
D	1302	2	*	*	*	*	100.0	DQ534479	*
D	1353	2	*	*	*	*	100.0	GQ376103	*
D	1362	2	*	*	*	*	100.0	AY452509	*
D	1372	2	*	*	*	*	100.0	AF298130	*
D	1391	2	*	*	*	*	100.0	EU016102	*
D	1420	2	*	*	*	*	100.0	GU189520	*
D	1434	2	*	*	*	*	100.0	EF535190	*
D	1436	2	*	*	*	*	100.0	EF535195	*
D	1482	2	*	*	*	*	100.0	EF592164	*
D	1537	2	*	*	*	*	100.0	EU040212	*
D	1608	2	*	*	*	*	100.0	EU057901	*
D	1624	2	*	*	*	*	100.0	EU092657	*
D	1650	2	*	*	*	*	100.0	EU149926	*
D	1667	2	*	*	*	*	100.0	AF332112	*
D	1673	2	*	*	*	*	100.0	AF332127	*
D	1679	2	*	*	*	*	100.0	EU037894	*
D	1684	2	*	*	*	*	100.0	AY050628	*
D	1685	2	*	*	*	*	100.0	AY035661	*
D	1690	2	*	*	*	*	100.0	EU047803	*
D	1710	2	*	*	*	*	100.0	EF652086	*
D	1737	2	*	*	*	*	100.0	AM269795	*
D	1744	2	*	*	*	*	100.0	EU236704	*
D	1745	2	*	*	*	*	100.0	GU066724	*
D	1773	2	*	*	*	*	100.0	EU128046	*
D	1782	2	*	*	*	*	100.0	EU214583	*
D	1796	2	*	*	*	*	100.0	AB369268	*
D	1816	2	*	*	*	*	100.0	AB369930	*
D	1817	2	*	*	*	*	100.0	AB369939	*
D	1818	2	*	*	*	*	100.0	EF176489	*
D	1821	2	*	*	*	*	100.0	GU062298	*
D	1896	2	*	*	*	*	100.0	EU266087	*
D	1907	2	*	*	*	*	100.0	FJ556909	*
D	1910	2	*	*	*	*	100.0	GU062212	*
D	1911	2	*	*	*	*	100.0	FN548148	*
D	1916	2	*	*	*	*	100.0	AM901703	*
D	1933	2	*	*	*	*	100.0	AF438570	*
D	1944	2	*	*	*	*	100.0	EU352772	*
D	1957	2	*	*	*	*	100.0	HQ586862	*
D	1961	2	*	*	*	*	100.0	AM882792	*
D	1973	2	*	*	*	*	100.0	AM889230	*
D	1976	2	*	*	*	*	100.0	AM921705	*
D	1980	2	*	*	*	*	100.0	AM921720	*
D	1991	2	*	*	*	*	100.0	EU179862	*
D	2002	2	*	*	*	*	100.0	AB374294	*
D	2044	2	*	*	*	*	100.0	EU379214	*
D	2058	2	*	*	*	*	100.0	FJ697171	*
D	2072	2	*	*	*	*	100.0	AJ542531	*
D	2083	2	*	*	*	*	100.0	AF422988	*
D	2101	2	*	*	*	*	100.0	EU443387	*
D	2110	2	*	*	*	*	100.0	EU326165	*
D	2111	2	*	*	*	*	100.0	EU435008	*
D	2143	2	*	*	*	*	100.0	EU280089	*
D	2168	2	*	*	*	*	100.0	EU199199	*
D	2169	2	*	*	*	*	100.0	EU314688	*
D	2173	2	*	*	*	*	100.0	HQ026244	*
D	2208	2	*	*	*	*	100.0	AF439458	*
D	2217	2	*	*	*	*	100.0	AF439498	*
D	2239	2	*	*	*	*	100.0	AF440867	*
D	2240	2	*	*	*	*	100.0	GQ120497	*
D	2250	2	*	*	*	*	100.0	EU523585	*
D	2276	2	*	*	*	*	100.0	EU526008	*
D	2290	2	*	*	*	*	100.0	EU343855	*
D	2294	2	*	*	*	*	100.0	EU556333	*
D	2298	2	*	*	*	*	100.0	FJ269238	*
D	2303	2	*	*	*	*	100.0	EU551179	*
D	2314	2	*	*	*	*	100.0	EU254771	*
D	2321	2	*	*	*	*	100.0	EU254820	*
D	2326	2	*	*	*	*	100.0	EU254862	*
D	2329	2	*	*	*	*	100.0	EU254939	*
D	2341	2	*	*	*	*	100.0	EU255060	*
D	2373	2	*	*	*	*	100.0	DQ914740	*
D	2385	2	*	*	*	*	100.0	AB044993	*
D	2388	2	*	*	*	*	100.0	GU066608	*
D	2407	2	*	*	*	*	100.0	FJ746949	*
D	2410	2	*	*	*	*	100.0	EU543193	*
D	2414	2	*	*	*	*	100.0	EU543200	*
D	2453	2	*	*	*	*	100.0	AJ309366	*
D	2458	2	*	*	*	*	100.0	AF263938	*
D	2478	2	*	*	*	*	100.0	AB045105	*
D	2498	2	*	*	*	*	100.0	EU598158	*
D	2550	2	*	*	*	*	100.0	AB078341	*
D	2553	2	*	*	*	*	100.0	EU434832	*
D	2563	2	*	*	*	*	100.0	AY015430	*
D	2577	2	*	*	*	*	100.0	AF333156	*
D	2584	2	*	*	*	*	100.0	AF394042	*
D	2585	2	*	*	*	*	100.0	AF394044	*
D	2622	2	*	*	*	*	100.0	EU520187	*
D	2683	2	*	*	*	*	100.0	EU518659	*
D	2688	2	*	*	*	*	100.0	FJ884088	*
D	2695	2	*	*	*	*	100.0	AF201707	*
D	2709	2	*	*	*	*	100.0	EU678656	*
D	2714	2	*	*	*	*	100.0	EU678666	*
D	2778	2	*	*	*	*	100.0	EU697272	*
D	2779	2	*	*	*	*	100.0	EU558667	*
D	2785	2	*	*	*	*	100.0	EU553494	*
D	2790	2	*	*	*	*	100.0	DQ389701	*
D	2792	2	*	*	*	*	100.0	DQ389726	*
D	2808	2	*	*	*	*	100.0	EU918702	*
D	2818	2	*	*	*	*	100.0	EU623713	*
D	2819	2	*	*	*	*	100.0	EU623736	*
D	2860	2	*	*	*	*	100.0	AB329690	*
D	2866	2	*	*	*	*	100.0	EU553322	*
D	2869	2	*	*	*	*	100.0	EF621564	*
D	2874	2	*	*	*	*	100.0	AM947674	*
D	2883	2	*	*	*	*	100.0	AF351139	*
D	2884	2	*	*	*	*	100.0	AF351143	*
D	2892	2	*	*	*	*	100.0	EU707817	*
D	2918	2	*	*	*	*	100.0	EU669233	*
D	2927	2	*	*	*	*	100.0	GQ165705	*
D	2967	2	*	*	*	*	100.0	AF296772	*
D	2968	2	*	*	*	*	100.0	AF296773	*
D	2994	2	*	*	*	*	100.0	EU837231	*
D	2996	2	*	*	*	*	100.0	EU819412	*
D	3009	2	*	*	*	*	100.0	EU819445	*
D	3016	2	*	*	*	*	100.0	GQ166887	*
D	3027	2	*	*	*	*	100.0	EU819489	*
D	3028	2	*	*	*	*	100.0	EU819499	*
D	3042	2	*	*	*	*	100.0	AY787678	*
D	3055	2	*	*	*	*	100.0	EU825956	*
D	3058	2	*	*	*	*	100.0	EU645679	*
D	3061	2	*	*	*	*	100.0	EU910061	*
D	3065	2	*	*	*	*	100.0	FJ039637	*
D	3068	2	*	*	*	*	100.0	EU660951	*
D	3071	2	*	*	*	*	100.0	EU673336	*
D	3084	2	*	*	*	*	100.0	EU863218	*
D	3088	2	*	*	*	*	100.0	EU856062	*
D	3093	2	*	*	*	*	100.0	EU872427	*
D	3100	2	*	*	*	*	100.0	FJ000376	*
D	3107	2	*	*	*	*	100.0	EU918698	*
D	3142	2	*	*	*	*	100.0	EU681283	*
D	3189	2	*	*	*	*	100.0	FJ000402	*
D	3197	2	*	*	*	*	100.0	EU681297	*
D	3202	2	*	*	*	*	100.0	FJ037729	*
D	3206	2	*	*	*	*	100.0	FJ037752	*
D	3208	2	*	*	*	*	100.0	FJ037767	*
D	3210	2	*	*	*	*	100.0	AB458161	*
D	3229	2	*	*	*	*	100.0	FJ009542	*
D	3232	2	*	*	*	*	100.0	EF687948	*
D	3240	2	*	*	*	*	100.0	GU295946	*
D	3266	2	*	*	*	*	100.0	AF444400	*
D	3277	2	*	*	*	*	100.0	AF444478	*
D	3278	2	*	*	*	*	100.0	AY370684	*
D	3284	2	*	*	*	*	100.0	AY624206	*
D	3301	2	*	*	*	*	100.0	AF444630	*
D	3302	2	*	*	*	*	100.0	AF444565	*
D	3305	2	*	*	*	*	100.0	AF444580	*
D	3311	2	*	*	*	*	100.0	AF444594	*
D	3348	2	*	*	*	*	100.0	AF210669	*
D	3370	2	*	*	*	*	100.0	AF438576	*
D	3373	2	*	*	*	*	100.0	AY534210	*
D	3408	2	*	*	*	*	100.0	JF908710	*
D	3409	2	*	*	*	*	100.0	EU711957	*
D	3413	2	*	*	*	*	100.0	EU712012	*
D	3422	2	*	*	*	*	100.0	DQ497616	*
D	3481	2	*	*	*	*	100.0	FM206429	*
D	3495	2	*	*	*	*	100.0	AM980842	*
D	3500	2	*	*	*	*	100.0	AM980856	*
D	3510	2	*	*	*	*	100.0	EU784182	*
D	3523	2	*	*	*	*	100.0	EU784244	*
D	3540	2	*	*	*	*	100.0	EU784295	*
D	3544	2	*	*	*	*	100.0	EU784302	*
D	3565	2	*	*	*	*	100.0	EU784370	*
D	3632	2	*	*	*	*	100.0	DQ491486	*
D	3634	2	*	*	*	*	100.0	U66016	*
D	3643	2	*	*	*	*	100.0	AF510710	*
D	3646	2	*	*	*	*	100.0	EU833666	*
D	3650	2	*	*	*	*	100.0	JF740200	*
D	3659	2	*	*	*	*	100.0	AY865630	*
D	3665	2	*	*	*	*	100.0	AM419063	*
D	3672	2	*	*	*	*	100.0	Z73794	*
D	3675	2	*	*	*	*	100.0	Z73776	*
D	3676	2	*	*	*	*	100.0	FJ231404	*
D	3737	2	*	*	*	*	100.0	EU853477	*
D	3766	2	*	*	*	*	100.0	FJ266479	*
D	3787	2	*	*	*	*	100.0	FJ441045	*
D	3804	2	*	*	*	*	100.0	FJ478075	*
D	3819	2	*	*	*	*	100.0	EU862220	*
D	3831	2	*	*	*	*	100.0	GQ857642	*
D	3860	2	*	*	*	*	100.0	FJ459982	*
D	3890	2	*	*	*	*	100.0	FJ466710	*
D	3929	2	*	*	*	*	100.0	FJ478026	*
D	3980	2	*	*	*	*	100.0	EU935500	*
D	4040	2	*	*	*	*	100.0	AM268204	*
D	4055	2	*	*	*	*	100.0	AY033121	*
D	4058	2	*	*	*	*	100.0	AY061656	*
D	4065	2	*	*	*	*	100.0	AY061684	*
D	4067	2	*	*	*	*	100.0	AY061688	*
D	4115	2	*	*	*	*	100.0	FM957565	*
D	4131	2	*	*	*	*	100.0	FJ603602	*
D	4132	2	*	*	*	*	100.0	AM181421	*
D	4166	2	*	*	*	*	100.0	AM697818	*
D	4168	2	*	*	*	*	100.0	AM697824	*
D	4226	2	*	*	*	*	100.0	AB378736	*
D	4263	2	*	*	*	*	100.0	FJ534873	*
D	4292	2	*	*	*	*	100.0	FJ596811	*
D	4293	2	*	*	*	*	100.0	FJ596814	*
D	4333	2	*	*	*	*	100.0	FJ473371	*
D	4342	2	*	*	*	*	100.0	FJ167637	*
D	4351	2	*	*	*	*	100.0	FJ379273	*
D	4361	2	*	*	*	*	100.0	FJ717499	*
D	4371	2	*	*	*	*	100.0	FJ765414	*
D	4375	2	*	*	*	*	100.0	FJ754318	*
D	4382	2	*	*	*	*	100.0	DQ682575	*
D	4436	2	*	*	*	*	100.0	FJ713075	*
D	4460	2	*	*	*	*	100.0	FJ792583	*
D	4520	2	*	*	*	*	100.0	EU375546	*
D	4522	2	*	*	*	*	100.0	FJ492116	*
D	4529	2	*	*	*	*	100.0	FJ810174	*
D	4533	2	*	*	*	*	100.0	L08730	*
D	4549	2	*	*	*	*	100.0	FJ852594	*
D	4554	2	*	*	*	*	100.0	FJ210497	*
D	4592	2	*	*	*	*	100.0	FJ861985	*
D	4627	2	*	*	*	*	100.0	FJ824634	*
D	4629	2	*	*	*	*	100.0	FJ824644	*
D	4638	2	*	*	*	*	100.0	FJ265748	*
D	4652	2	*	*	*	*	100.0	FJ375250	*
D	4655	2	*	*	*	*	100.0	FJ375253	*
D	4674	2	*	*	*	*	100.0	FJ403215	*
D	4681	2	*	*	*	*	100.0	FN386305	*
D	4700	2	*	*	*	*	100.0	U66451	*
D	4754	2	*	*	*	*	100.0	FJ871080	*
D	4757	2	*	*	*	*	100.0	FJ871088	*
D	4763	2	*	*	*	*	100.0	FJ871104	*
D	4800	2	*	*	*	*	100.0	AF418623	*
D	4820	2	*	*	*	*	100.0	AB092793	*
D	4829	2	*	*	*	*	100.0	FJ903290	*
D	4834	2	*	*	*	*	100.0	FJ903335	*
D	4848	2	*	*	*	*	100.0	FJ462770	*
D	4852	2	*	*	*	*	100.0	FJ411099	*
D	4873	2	*	*	*	*	100.0	FJ664822	*
D	4888	2	*	*	*	*	100.0	FJ664861	*
D	4890	2	*	*	*	*	100.0	FJ664880	*
D	4892	2	*	*	*	*	100.0	FJ435096	*
D	4902	2	*	*	*	*	100.0	FJ426985	*
D	4913	2	*	*	*	*	100.0	FJ770400	*
D	4917	2	*	*	*	*	100.0	AM087270	*
D	4937	2	*	*	*	*	100.0	AM882964	*
D	4944	2	*	*	*	*	100.0	FJ431226	*
D	4952	2	*	*	*	*	100.0	FJ431270	*
D	4960	2	*	*	*	*	100.0	FJ431281	*
D	4964	2	*	*	*	*	100.0	GQ121290	*
D	4977	2	*	*	*	*	100.0	AB535105	*
D	4989	2	*	*	*	*	100.0	GQ165657	*
D	4993	2	*	*	*	*	100.0	AJ244257	*
D	5032	2	*	*	*	*	100.0	FN421422	*
D	5084	2	*	*	*	*	100.0	GQ181170	*
D	5087	2	*	*	*	*	100.0	EU343806	*
D	5104	2	*	*	*	*	100.0	GQ250019	*
D	5115	2	*	*	*	*	100.0	EF460370	*
D	5116	2	*	*	*	*	100.0	EU569238	*
D	5132	2	*	*	*	*	100.0	AF491580	*
D	5141	2	*	*	*	*	100.0	EU700370	*
D	5142	2	*	*	*	*	100.0	GQ266162	*
D	5151	2	*	*	*	*	100.0	AB378536	*
D	5162	2	*	*	*	*	100.0	AB511817	*
D	5179	2	*	*	*	*	100.0	FJ717534	*
D	5183	2	*	*	*	*	100.0	FJ039571	*
D	5184	2	*	*	*	*	100.0	GQ159896	*
D	5204	2	*	*	*	*	100.0	AB512303	*
D	5212	2	*	*	*	*	100.0	AB512317	*
D	5239	2	*	*	*	*	100.0	GQ355327	*
D	5274	2	*	*	*	*	100.0	AB454302	*
D	5277	2	*	*	*	*	100.0	AB454349	*
D	5300	2	*	*	*	*	100.0	GQ253451	*
D	5301	2	*	*	*	*	100.0	GQ253452	*
D	5318	2	*	*	*	*	100.0	GQ231739	*
D	5332	2	*	*	*	*	100.0	AY061735	*
D	5352	2	*	*	*	*	100.0	FJ491806	*
D	5353	2	*	*	*	*	100.0	GQ355959	*
D	5359	2	*	*	*	*	100.0	GQ411517	*
D	5393	2	*	*	*	*	100.0	GQ388716	*
D	5394	2	*	*	*	*	100.0	GQ388722	*
D	5402	2	*	*	*	*	100.0	FJ654148	*
D	5428	2	*	*	*	*	100.0	GQ303293	*
D	5454	2	*	*	*	*	100.0	AY549477	*
D	5475	2	*	*	*	*	100.0	AY581058	*
D	5487	2	*	*	*	*	100.0	AB458894	*
D	5509	2	*	*	*	*	100.0	GQ981492	*
D	5510	2	*	*	*	*	100.0	GQ981494	*
D	5514	2	*	*	*	*	100.0	GQ981514	*
D	5572	2	*	*	*	*	100.0	GQ925387	*
D	5602	2	*	*	*	*	100.0	GU062287	*
D	5607	2	*	*	*	*	100.0	GU080301	*
D	5641	2	*	*	*	*	100.0	GQ857633	*
D	5690	2	*	*	*	*	100.0	AM882810	*
D	5700	2	*	*	*	*	100.0	AM882877	*
D	5719	2	*	*	*	*	100.0	FJ231014	*
D	5730	2	*	*	*	*	100.0	GU126456	*
D	5733	2	*	*	*	*	100.0	GQ342895	*
D	5741	2	*	*	*	*	100.0	FJ860738	*
D	5776	2	*	*	*	*	100.0	FJ768914	*
D	5778	2	*	*	*	*	100.0	GU136220	*
D	5782	2	*	*	*	*	100.0	EU191045	*
D	5783	2	*	*	*	*	100.0	GU171370	*
D	5793	2	*	*	*	*	100.0	EU427323	*
D	5806	2	*	*	*	*	100.0	GU247167	*
D	5811	2	*	*	*	*	100.0	GQ913350	*
D	5843	2	*	*	*	*	100.0	AF019636	*
D	5845	2	*	*	*	*	100.0	AY114359	*
D	5867	2	*	*	*	*	100.0	AJ495443	*
D	5872	2	*	*	*	*	100.0	AB084618	*
D	5886	2	*	*	*	*	100.0	AJ408359	*
D	5915	2	*	*	*	*	100.0	GU234098	*
D	5918	2	*	*	*	*	100.0	FJ876188	*
D	5959	2	*	*	*	*	100.0	FJ887916	*
D	5963	2	*	*	*	*	100.0	GU138705	*
D	5968	2	*	*	*	*	100.0	GU138722	*
D	5971	2	*	*	*	*	100.0	GU138726	*
D	5973	2	*	*	*	*	100.0	GU138731	*
D	5977	2	*	*	*	*	100.0	GU138749	*
D	5979	2	*	*	*	*	100.0	GU138752	*
D	5990	2	*	*	*	*	100.0	AF482835	*
D	5993	2	*	*	*	*	100.0	AF482854	*
D	5997	2	*	*	*	*	100.0	AF482869	*
D	6002	2	*	*	*	*	100.0	AF000566	*
D	6019	2	*	*	*	*	100.0	GU229813	*
D	6023	2	*	*	*	*	100.0	AF022721	*
D	6058	2	*	*	*	*	100.0	FN185985	*
D	6060	2	*	*	*	*	100.0	GQ402827	*
D	6081	2	*	*	*	*	100.0	AY189699	*
D	6129	2	*	*	*	*	100.0	FJ640565	*
D	6158	2	*	*	*	*	100.0	DQ092526	*
D	6163	2	*	*	*	*	100.0	GU966508	*
D	6167	2	*	*	*	*	100.0	FN386299	*
D	6168	2	*	*	*	*	100.0	FJ861966	*
D	6175	2	*	*	*	*	100.0	EU913721	*
D	6192	2	*	*	*	*	100.0	AY188366	*
D	6240	2	*	*	*	*	100.0	AY212819	*
D	6266	2	*	*	*	*	100.0	GU166425	*
D	6270	2	*	*	*	*	100.0	GU166424	*
D	6278	2	*	*	*	*	100.0	GU075858	*
D	6287	2	*	*	*	*	100.0	GU373520	*
D	6299	2	*	*	*	*	100.0	FJ515167	*
D	6302	2	*	*	*	*	100.0	AY211545	*
D	6324	2	*	*	*	*	100.0	GU391567	*
D	6325	2	*	*	*	*	100.0	GU391568	*
D	6328	2	*	*	*	*	100.0	AY303608	*
D	6343	2	*	*	*	*	100.0	GU727553	*
D	6346	2	*	*	*	*	100.0	GU594160	*
D	6357	2	*	*	*	*	100.0	GQ154594	*
D	6358	2	*	*	*	*	100.0	GQ154597	*
D	6404	2	*	*	*	*	100.0	GU593041	*
D	6423	2	*	*	*	*	100.0	FN665421	*
D	6426	2	*	*	*	*	100.0	AB540577	*
D	6429	2	*	*	*	*	100.0	AF017652	*
D	6434	2	*	*	*	*	100.0	GU797430	*
D	6458	2	*	*	*	*	100.0	GU553303	*
D	6494	2	*	*	*	*	100.0	GU592433	*
D	6541	2	*	*	*	*	100.0	EU003533	*
D	6543	2	*	*	*	*	100.0	GU258221	*
D	6546	2	*	*	*	*	100.0	GU258226	*
D	6556	2	*	*	*	*	100.0	GU258277	*
D	6558	2	*	*	*	*	100.0	GU258298	*
D	6575	2	*	*	*	*	100.0	GU968419	*
D	6603	2	*	*	*	*	100.0	AY154696	*
D	6610	2	*	*	*	*	100.0	AB505448	*
D	6612	2	*	*	*	*	100.0	GU931705	*
D	6617	2	*	*	*	*	100.0	AY061724	*
D	6630	2	*	*	*	*	100.0	AY266390	*
D	6648	2	*	*	*	*	100.0	Z73783	*
D	6649	2	*	*	*	*	100.0	EU552138	*
D	6659	2	*	*	*	*	100.0	HM031080	*
D	6670	2	*	*	*	*	100.0	GU322447	*
D	6712	2	*	*	*	*	100.0	HM044874	*
D	6714	2	*	*	*	*	100.0	FJ614639	*
D	6745	2	*	*	*	*	100.0	GU973637	*
D	6751	2	*	*	*	*	100.0	GU973781	*
D	6767	2	*	*	*	*	100.0	GU973750	*
D	6785	2	*	*	*	*	100.0	AB213452	*
D	6791	2	*	*	*	*	100.0	DQ361050	*
D	6797	2	*	*	*	*	100.0	FJ582638	*
D	6798	2	*	*	*	*	100.0	FJ974049	*
D	6802	2	*	*	*	*	100.0	AF444442	*
D	6807	2	*	*	*	*	100.0	FN428937	*
D	6813	2	*	*	*	*	100.0	FN428949	*
D	6841	2	*	*	*	*	100.0	HM243155	*
D	6842	2	*	*	*	*	100.0	HM243156	*
D	6853	2	*	*	*	*	100.0	AB481261	*
D	6860	2	*	*	*	*	100.0	EU750693	*
D	6885	2	*	*	*	*	100.0	AY345000	*
D	7035	2	*	*	*	*	100.0	FN868464	*
D	7097	2	*	*	*	*	100.0	GU068592	*
D	7139	2	*	*	*	*	100.0	GU225939	*
D	7140	2	*	*	*	*	100.0	GU453921	*
D	7161	2	*	*	*	*	100.0	EF552702	*
D	7174	2	*	*	*	*	100.0	EU753266	*
D	7194	2	*	*	*	*	100.0	GU980122	*
D	7243	2	*	*	*	*	100.0	HM190006	*
D	7244	2	*	*	*	*	100.0	HM126486	*
D	7251	2	*	*	*	*	100.0	AB525921	*
D	7259	2	*	*	*	*	100.0	FN386289	*
D	7282	2	*	*	*	*	100.0	AJ555513	*
D	7285	2	*	*	*	*	100.0	HM538474	*
D	7292	2	*	*	*	*	100.0	HM538488	*
D	7295	2	*	*	*	*	100.0	EU365847	*
D	7296	2	*	*	*	*	100.0	EU365859	*
D	7353	2	*	*	*	*	100.0	FJ185301	*
D	7369	2	*	*	*	*	100.0	HM131337	*
D	7372	2	*	*	*	*	100.0	HM131341	*
D	7391	2	*	*	*	*	100.0	FJ611951	*
D	7394	2	*	*	*	*	100.0	HM192907	*
D	7410	2	*	*	*	*	100.0	U52887	*
D	7421	2	*	*	*	*	100.0	AF501563	*
D	7422	2	*	*	*	*	100.0	AF501564	*
D	7440	2	*	*	*	*	100.0	AF505766	*
D	7445	2	*	*	*	*	100.0	AF505772	*
D	7449	2	*	*	*	*	100.0	HM209239	*
D	7486	2	*	*	*	*	100.0	HQ108012	*
D	7488	2	*	*	*	*	100.0	HM992808	*
D	7499	2	*	*	*	*	100.0	HM855223	*
D	7544	2	*	*	*	*	100.0	HM436634	*
D	7550	2	*	*	*	*	100.0	HM241693	*
D	7555	2	*	*	*	*	100.0	JF439462	*
D	7562	2	*	*	*	*	100.0	GU234032	*
D	7564	2	*	*	*	*	100.0	GU234048	*
D	7590	2	*	*	*	*	100.0	GU234141	*
D	7591	2	*	*	*	*	100.0	GU234144	*
D	7597	2	*	*	*	*	100.0	GU234165	*
D	7630	2	*	*	*	*	100.0	AF444645	*
D	7640	2	*	*	*	*	100.0	HQ170519	*
D	7648	2	*	*	*	*	100.0	DQ777998	*
D	7667	2	*	*	*	*	100.0	HM036609	*
D	7677	2	*	*	*	*	100.0	GU137801	*
D	7686	2	*	*	*	*	100.0	GU137906	*
D	7698	2	*	*	*	*	100.0	GQ888694	*
D	7720	2	*	*	*	*	100.0	AY740045	*
D	7722	2	*	*	*	*	100.0	HQ013112	*
D	7725	2	*	*	*	*	100.0	HQ013116	*
D	7728	2	*	*	*	*	100.0	HQ013121	*
D	7729	2	*	*	*	*	100.0	GQ259416	*
D	7744	2	*	*	*	*	100.0	HM853977	*
D	7785	2	*	*	*	*	100.0	U85548	*
D	7789	2	*	*	*	*	100.0	EU400584	*
D	7801	3	*	*	*	*	98.3	GU049455	*
D	7810	2	*	*	*	*	100.0	HQ318215	*
D	7830	2	*	*	*	*	100.0	FN394722	*
D	7834	2	*	*	*	*	100.0	AF009176	*
D	7843	2	*	*	*	*	100.0	HM562066	*
D	7848	2	*	*	*	*	100.0	FJ774085	*
D	7852	2	*	*	*	*	100.0	HM562139	*
D	7868	2	*	*	*	*	100.0	GQ850389	*
D	7869	2	*	*	*	*	100.0	GQ850392	*
D	7886	2	*	*	*	*	100.0	HQ166385	*
D	7887	2	*	*	*	*	100.0	HQ166386	*
D	7910	2	*	*	*	*	100.0	AY563510	*
D	7915	2	*	*	*	*	100.0	HM151979	*
D	7920	2	*	*	*	*	100.0	GU184117	*
D	7942	2	*	*	*	*	100.0	HM161486	*
D	7944	2	*	*	*	*	100.0	HM161460	*
D	7947	2	*	*	*	*	100.0	HM561972	*
D	7964	2	*	*	*	*	100.0	EU750680	*
D	7978	2	*	*	*	*	100.0	HQ316566	*
D	8020	2	*	*	*	*	100.0	GU062288	*
D	8041	2	*	*	*	*	100.0	FN669174	*
D	8047	2	*	*	*	*	100.0	AY752154	*
D	8065	2	*	*	*	*	100.0	GU227719	*
D	8100	2	*	*	*	*	100.0	GU166447	*
D	8106	2	*	*	*	*	100.0	GQ169492	*
D	8135	2	*	*	*	*	100.0	DQ149862	*
D	8142	2	*	*	*	*	100.0	GQ461567	*
D	8143	2	*	*	*	*	100.0	GQ461570	*
D	8176	2	*	*	*	*	100.0	HQ608021	*
D	8177	2	*	*	*	*	100.0	FN650647	*
D	8182	2	*	*	*	*	100.0	GU981735	*
D	8187	2	*	*	*	*	100.0	FR733880	*
D	8213	2	*	*	*	*	100.0	HQ386247	*
D	8216	2	*	*	*	*	100.0	AB564556	*
D	8217	2	*	*	*	*	100.0	EU486443	*
D	8249	2	*	*	*	*	100.0	HQ436119	*
D	8251	2	*	*	*	*	100.0	EU819413	*
D	8252	2	*	*	*	*	100.0	HQ439175	*
D	8260	2	*	*	*	*	100.0	AF062633	*
D	8269	2	*	*	*	*	100.0	HQ655817	*
D	8277	2	*	*	*	*	100.0	HQ215803	*
D	8326	2	*	*	*	*	100.0	AM882971	*
D	8342	2	*	*	*	*	100.0	HM005073	*
D	8357	2	*	*	*	*	100.0	FJ861408	*
D	8367	2	*	*	*	*	100.0	HQ287336	*
D	8368	2	*	*	*	*	100.0	HQ287338	*
D	8370	2	*	*	*	*	100.0	HQ604080	*
D	8425	2	*	*	*	*	100.0	AF384861	*
D	8444	2	*	*	*	*	100.0	HQ432805	*
D	8456	2	*	*	*	*	100.0	HQ647295	*
D	8457	2	*	*	*	*	100.0	HQ011381	*
D	8482	2	*	*	*	*	100.0	AY265326	*
D	8507	2	*	*	*	*	100.0	HQ693230	*
D	8529	2	*	*	*	*	100.0	HQ630974	*
D	8542	2	*	*	*	*	100.0	HQ631065	*
D	8623	2	*	*	*	*	100.0	HQ694977	*
D	8629	3	*	*	*	*	100.0	EU402560	*
D	8634	2	*	*	*	*	100.0	FN600382	*
D	8647	2	*	*	*	*	100.0	HM049616	*
D	8649	2	*	*	*	*	100.0	FJ160954	*
D	8664	2	*	*	*	*	100.0	AY667581	*
D	8669	2	*	*	*	*	100.0	HQ605939	*
D	8679	2	*	*	*	*	100.0	HQ599431	*
D	8699	2	*	*	*	*	100.0	EU303009	*
D	8721	2	*	*	*	*	100.0	HQ874706	*
D	8814	2	*	*	*	*	100.0	AB015682	*
D	8821	2	*	*	*	*	100.0	HQ895838	*
D	8833	2	*	*	*	*	100.0	HM999950	*
D	8847	2	*	*	*	*	100.0	AY174703	*
D	8860	2	*	*	*	*	100.0	HM748580	*
D	8877	2	*	*	*	*	100.0	HQ832986	*
D	8961	2	*	*	*	*	100.0	HQ847023	*
D	8987	2	*	*	*	*	100.0	HQ696069	*
D	9015	2	*	*	*	*	100.0	HQ630288	*
D	9018	2	*	*	*	*	100.0	HQ630309	*
D	9033	2	*	*	*	*	100.0	AM262325	*
D	9034	2	*	*	*	*	100.0	FJ904917	*
D	9044	2	*	*	*	*	100.0	FJ487918	*
D	9080	2	*	*	*	*	100.0	GU994547	*
D	9098	2	*	*	*	*	100.0	GU994573	*
D	9113	2	*	*	*	*	100.0	HM469392	*
D	9145	2	*	*	*	*	100.0	JF701778	*
D	9154	2	*	*	*	*	100.0	AY081041	*
D	9233	2	*	*	*	*	100.0	HQ589152	*
D	9241	2	*	*	*	*	100.0	JF681960	*
D	9243	2	*	*	*	*	100.0	JF681970	*
D	9247	2	*	*	*	*	100.0	JF907933	*
D	9264	2	*	*	*	*	100.0	JF440963	*
D	9290	2	*	*	*	*	100.0	HQ821486	*
D	9297	2	*	*	*	*	100.0	JN942828	*
D	9304	2	*	*	*	*	100.0	FJ596783	*
D	9305	2	*	*	*	*	100.0	JF313683	*
D	9306	2	*	*	*	*	100.0	JF313715	*
D	9349	2	*	*	*	*	100.0	GU066873	*
D	9351	2	*	*	*	*	100.0	FJ168610	*
D	9365	2	*	*	*	*	100.0	HQ404663	*
D	9375	2	*	*	*	*	100.0	GU138712	*
D	9376	2	*	*	*	*	100.0	EU520315	*
D	9392	2	*	*	*	*	100.0	AF267646	*
D	9408	2	*	*	*	*	100.0	JF263484	*
D	9412	2	*	*	*	*	100.0	HQ441574	*
D	9418	2	*	*	*	*	100.0	HQ215791	*
D	9435	2	*	*	*	*	100.0	JF514539	*
D	9552	2	*	*	*	*	100.0	AF516583	*
D	9576	2	*	*	*	*	100.0	AF539731	*
D	9615	2	*	*	*	*	100.0	JF747058	*
D	9640	2	*	*	*	*	100.0	UDB001657	*
D	9650	2	*	*	*	*	100.0	AJ504646	*
D	9655	2	*	*	*	*	100.0	AY217021	*
D	9681	2	*	*	*	*	100.0	FJ415474	*
D	9709	2	*	*	*	*	100.0	HQ283364	*
D	9718	2	*	*	*	*	100.0	AJ006671	*
D	9720	2	*	*	*	*	100.0	HQ728288	*
D	9787	2	*	*	*	*	100.0	AY280988	*
D	9802	2	*	*	*	*	100.0	DQ383647	*
D	9816	2	*	*	*	*	100.0	JF703122	*
D	9817	2	*	*	*	*	100.0	JF703123	*
D	9841	2	*	*	*	*	100.0	HQ650631	*
D	9871	2	*	*	*	*	100.0	AB212991	*
D	9874	2	*	*	*	*	100.0	HQ667518	*
D	9886	2	*	*	*	*	100.0	GQ302677	*
D	9895	2	*	*	*	*	100.0	AB027379	*
D	9924	2	*	*	*	*	100.0	JF951143	*
D	9928	2	*	*	*	*	100.0	JF951154	*
D	9942	2	*	*	*	*	100.0	HM595565	*
D	9950	2	*	*	*	*	100.0	FJ169667	*
D	9966	2	*	*	*	*	100.0	GU222293	*
D	9973	2	*	*	*	*	100.0	HQ586870	*
D	9974	2	*	*	*	*	100.0	HQ586874	*
D	9976	2	*	*	*	*	100.0	HQ728526	*
D	9984	2	*	*	*	*	100.0	AB154733	*
D	9999	2	*	*	*	*	100.0	JN198400	*
D	10008	2	*	*	*	*	100.0	JN198424	*
D	10020	2	*	*	*	*	100.0	FJ228174	*
D	10056	2	*	*	*	*	100.0	JN194169	*
D	10086	2	*	*	*	*	100.0	HQ725080	*
D	10094	2	*	*	*	*	100.0	EU448274	*
D	10113	2	*	*	*	*	100.0	AY194541	*
D	10144	2	*	*	*	*	100.0	JN093261	*
D	10146	2	*	*	*	*	100.0	AY935624	*
D	10198	2	*	*	*	*	100.0	JN053507	*
D	10200	2	*	*	*	*	100.0	JN053509	*
D	10210	2	*	*	*	*	100.0	JF519834	*
D	10212	2	*	*	*	*	100.0	JF519839	*
D	10215	2	*	*	*	*	100.0	JF519842	*
D	10237	2	*	*	*	*	100.0	JN225906	*
D	10256	2	*	*	*	*	100.0	JN182876	*
D	10261	2	*	*	*	*	100.0	FJ608589	*
D	10279	2	*	*	*	*	100.0	EF534004	*
D	10291	2	*	*	*	*	100.0	AY360401	*
D	10310	2	*	*	*	*	100.0	HQ436455	*
D	10333	2	*	*	*	*	100.0	GQ365159	*
D	10358	2	*	*	*	*	100.0	JF439111	*
D	10359	2	*	*	*	*	100.0	JF439113	*
D	10360	2	*	*	*	*	100.0	JF439116	*
D	10375	2	*	*	*	*	100.0	JF439168	*
D	10376	2	*	*	*	*	100.0	JF439171	*
D	10378	2	*	*	*	*	100.0	JF439173	*
D	10387	2	*	*	*	*	100.0	JF439092	*
D	10394	2	*	*	*	*	100.0	AY461838	*
D	10403	2	*	*	*	*	100.0	FJ459928	*
D	10408	2	*	*	*	*	100.0	HE575669	*
D	10425	2	*	*	*	*	100.0	JF907812	*
D	10436	2	*	*	*	*	100.0	JF907832	*
D	10448	2	*	*	*	*	100.0	AF389154	*
D	10470	2	*	*	*	*	100.0	JF908018	*
D	10487	2	*	*	*	*	100.0	JF908097	*
D	10496	2	*	*	*	*	100.0	JF908118	*
D	10498	2	*	*	*	*	100.0	JF908126	*
D	10500	2	*	*	*	*	100.0	JF908135	*
D	10529	2	*	*	*	*	100.0	JF908486	*
D	10534	2	*	*	*	*	100.0	JF908428	*
D	10536	2	*	*	*	*	100.0	JF908427	*
D	10543	2	*	*	*	*	100.0	JF908447	*
D	10597	2	*	*	*	*	100.0	GQ140236	*
D	10612	2	*	*	*	*	100.0	JF908791	*
D	10641	3	*	*	*	*	100.0	GU983658	*
D	10657	2	*	*	*	*	100.0	FJ177638	*
D	10696	2	*	*	*	*	100.0	HE605220	*
D	10717	2	*	*	*	*	100.0	GU066701	*
D	10743	2	*	*	*	*	100.0	FJ839619	*
D	10749	2	*	*	*	*	100.0	JF495043	*
D	10753	2	*	*	*	*	100.0	JF495062	*
D	10756	2	*	*	*	*	100.0	JF495067	*
D	10777	2	*	*	*	*	100.0	JN603595	*
D	10812	2	*	*	*	*	100.0	JN003238	*
D	10818	2	*	*	*	*	100.0	DQ317636	*
D	10831	2	*	*	*	*	100.0	HQ260622	*
D	10869	2	*	*	*	*	100.0	JN673050	*
D	10878	2	*	*	*	*	100.0	AY010276	*
D	10907	2	*	*	*	*	100.0	JN031061	*
D	10919	2	*	*	*	*	100.0	AY373865	*
D	10930	2	*	*	*	*	100.0	AB091774	*
D	10937	2	*	*	*	*	100.0	GU947792	*
D	10962	2	*	*	*	*	100.0	JN197292	*
D	10980	2	*	*	*	*	100.0	U68323	*
D	10981	2	*	*	*	*	100.0	U68324	*
D	10994	2	*	*	*	*	100.0	JN232143	*
D	11017	2	*	*	*	*	100.0	GU390580	*
D	11019	2	*	*	*	*	100.0	AJ309343	*
D	11025	2	*	*	*	*	100.0	DQ449983	*
D	11028	2	*	*	*	*	100.0	FJ011536	*
D	11030	2	*	*	*	*	100.0	JN021539	*
D	11032	2	*	*	*	*	100.0	JN021545	*
D	11033	2	*	*	*	*	100.0	JN021546	*
D	11038	2	*	*	*	*	100.0	EU856765	*
D	11058	2	*	*	*	*	100.0	JF974076	*
D	11069	2	*	*	*	*	100.0	JF974132	*
D	11093	2	*	*	*	*	100.0	JN030999	*
D	11121	2	*	*	*	*	100.0	FJ948132	*
D	11140	2	*	*	*	*	100.0	EU484058	*
D	11206	2	*	*	*	*	100.0	JN247822	*
D	11211	2	*	*	*	*	100.0	JN049830	*
D	11222	2	*	*	*	*	100.0	JN049853	*
D	11231	2	*	*	*	*	100.0	JN049879	*
D	11242	2	*	*	*	*	100.0	JN022532	*
D	11244	2	*	*	*	*	100.0	EF534352	*
D	11256	2	*	*	*	*	100.0	AY789384	*
D	11262	2	*	*	*	*	100.0	HQ446358	*
D	11303	2	*	*	*	*	100.0	JN943055	*
D	11313	2	*	*	*	*	100.0	DQ859026	*
D	11345	2	*	*	*	*	100.0	EF460368	*
D	11346	2	*	*	*	*	100.0	JN942348	*
D	11348	2	*	*	*	*	100.0	JN942353	*
D	11362	2	*	*	*	*	100.0	HE614898	*
D	11368	2	*	*	*	*	100.0	JN865203	*
D	11380	3	*	*	*	*	100.0	GQ852794	*
D	11401	2	*	*	*	*	100.0	FM876839	*
D	11403	2	*	*	*	*	100.0	FN547490	*
D	11428	2	*	*	*	*	100.0	JN108914	*
D	11443	2	*	*	*	*	100.0	GU570536	*
D	11457	2	*	*	*	*	100.0	JN813401	*
D	11534	2	*	*	*	*	100.0	FJ538364	*
D	11549	2	*	*	*	*	100.0	AJ006678	*
D	11557	2	*	*	*	*	100.0	U85325	*
D	11582	2	*	*	*	*	100.0	JQ350874	*
D	11599	2	*	*	*	*	100.0	DQ200839	*
D	11618	2	*	*	*	*	100.0	EU427308	*
D	11677	2	*	*	*	*	100.0	JQ317507	*
D	11681	2	*	*	*	*	100.0	JQ317516	*
D	11685	2	*	*	*	*	100.0	JQ317565	*
D	11706	2	*	*	*	*	100.0	JN943143	*
D	11708	2	*	*	*	*	100.0	JN943278	*
D	11712	2	*	*	*	*	100.0	JN943282	*
D	11743	2	*	*	*	*	100.0	JN710528	*
D	11766	2	*	*	*	*	100.0	FJ379827	*
D	11771	2	*	*	*	*	100.0	JN899400	*
D	11823	2	*	*	*	*	100.0	AF418614	*
D	11825	2	*	*	*	*	100.0	JQ347275	*
D	11840	2	*	*	*	*	100.0	AY387491	*
D	11842	2	*	*	*	*	100.0	HM622269	*
D	11853	2	*	*	*	*	100.0	UDB001721	*
D	11895	2	*	*	*	*	100.0	AY624197	*
D	11903	2	*	*	*	*	100.0	AY344967	*
D	11907	2	*	*	*	*	100.0	AY340012	*
D	11918	2	*	*	*	*	100.0	AY174805	*
D	11922	2	*	*	*	*	100.0	AY174811	*
D	11926	2	*	*	*	*	100.0	AY174817	*
D	11930	2	*	*	*	*	100.0	AY176459	*
D	11968	2	*	*	*	*	100.0	AY225490	*
D	11974	2	*	*	*	*	100.0	AY239315	*
D	11994	2	*	*	*	*	100.0	AY176436	*
D	11999	2	*	*	*	*	100.0	AY176453	*
D	12006	2	*	*	*	*	100.0	AY254161	*
D	12018	2	*	*	*	*	100.0	AY365468	*
D	12035	2	*	*	*	*	100.0	AY349113	*
D	12050	2	*	*	*	*	100.0	AJ504624	*
D	12051	2	*	*	*	*	100.0	AJ504634	*
D	12059	2	*	*	*	*	100.0	AY456344	*
D	12087	2	*	*	*	*	100.0	AY373297	*
D	12116	2	*	*	*	*	100.0	AJ419225	*
D	12128	2	*	*	*	*	100.0	AY425635	*
D	12140	2	*	*	*	*	100.0	AJ536563	*
D	12144	2	*	*	*	*	100.0	AJ536575	*
D	12169	2	*	*	*	*	100.0	AJ539368	*
D	12182	2	*	*	*	*	100.0	FJ427085	*
D	12193	2	*	*	*	*	100.0	U85797	*
D	12203	2	*	*	*	*	100.0	U03520	*
D	12207	2	*	*	*	*	100.0	AF059285	*
D	12246	2	*	*	*	*	100.0	AY498683	*
D	12257	2	*	*	*	*	100.0	L18903	*
D	12259	2	*	*	*	*	100.0	AF110989	*
D	12271	2	*	*	*	*	100.0	AY398701	*
D	12276	2	*	*	*	*	100.0	AY485785	*
D	12281	2	*	*	*	*	100.0	AJ418742	*
D	12317	2	*	*	*	*	100.0	AY513156	*
D	12329	2	*	*	*	*	100.0	AB015687	*
D	12333	2	*	*	*	*	100.0	AB015692	*
D	12347	2	*	*	*	*	100.0	EU434852	*
D	12364	2	*	*	*	*	100.0	AY558595	*
D	12370	2	*	*	*	*	100.0	AY558603	*
D	12377	2	*	*	*	*	100.0	AY558631	*
D	12388	2	*	*	*	*	100.0	AF444459	*
D	12400	2	*	*	*	*	100.0	AY541248	*
D	12419	2	*	*	*	*	100.0	AY533702	*
D	12424	2	*	*	*	*	100.0	EF187917	*
D	12482	2	*	*	*	*	100.0	DQ112554	*
D	12494	2	*	*	*	*	100.0	AY571031	*
D	12503	2	*	*	*	*	100.0	AY571058	*
D	12530	2	*	*	*	*	100.0	AY611074	*
D	12540	2	*	*	*	*	100.0	AY586557	*
D	12547	2	*	*	*	*	100.0	AY640936	*
D	12552	2	*	*	*	*	100.0	AJ585474	*
D	12567	2	*	*	*	*	100.0	EU331087	*
D	12571	2	*	*	*	*	100.0	AF106528	*
D	12572	2	*	*	*	*	100.0	AF106531	*
D	12574	2	*	*	*	*	100.0	AF106535	*
D	12578	2	*	*	*	*	100.0	EU520216	*
D	12596	2	*	*	*	*	100.0	AY558769	*
D	12609	2	*	*	*	*	100.0	AY558792	*
D	12621	2	*	*	*	*	100.0	AY245629	*
D	12632	2	*	*	*	*	100.0	AY606974	*
D	12649	2	*	*	*	*	100.0	AY737759	*
D	12652	2	*	*	*	*	100.0	FJ860752	*
D	12669	2	*	*	*	*	100.0	Z37071	*
D	12682	2	*	*	*	*	100.0	FJ442607	*
D	12689	2	*	*	*	*	100.0	AY755358	*
D	12697	2	*	*	*	*	100.0	EU597073	*
D	12710	2	*	*	*	*	100.0	AF079577	*
D	12739	2	*	*	*	*	100.0	AB180369	*
D	12767	2	*	*	*	*	100.0	FJ810176	*
D	12780	2	*	*	*	*	100.0	AY641459	*
D	12794	2	*	*	*	*	100.0	AB176616	*
D	12796	2	*	*	*	*	100.0	AY854068	*
D	12797	2	*	*	*	*	100.0	AY854070	*
D	12809	2	*	*	*	*	100.0	AJ698475	*
D	12845	2	*	*	*	*	100.0	DQ083786	*
D	12847	2	*	*	*	*	100.0	AY669529	*
D	12862	2	*	*	*	*	100.0	AY669578	*
D	12871	2	*	*	*	*	100.0	AY669606	*
D	12881	2	*	*	*	*	100.0	AY669619	*
D	12900	2	*	*	*	*	100.0	FJ436989	*
D	12910	2	*	*	*	*	100.0	AY872281	*
D	12925	2	*	*	*	*	100.0	AF026307	*
D	12934	2	*	*	*	*	100.0	GQ241284	*
D	12940	2	*	*	*	*	100.0	AF161050	*
D	12958	2	*	*	*	*	100.0	AY756496	*
D	12976	2	*	*	*	*	100.0	AB026167	*
D	13013	2	*	*	*	*	100.0	AY853225	*
D	13017	2	*	*	*	*	100.0	AY853244	*
D	13018	2	*	*	*	*	100.0	FJ168603	*
D	13026	2	*	*	*	*	100.0	AF191549	*
D	13045	2	*	*	*	*	100.0	AB192991	*
D	13046	2	*	*	*	*	100.0	AB192994	*
D	13052	2	*	*	*	*	100.0	AY860559	*
D	13072	2	*	*	*	*	100.0	U56046	*
D	13077	2	*	*	*	*	100.0	AY997038	*
D	13115	2	*	*	*	*	100.0	DQ007032	*
D	13122	2	*	*	*	*	100.0	AY965755	*
D	13150	2	*	*	*	*	100.0	AY923252	*
D	13170	2	*	*	*	*	100.0	EU819480	*
D	13182	2	*	*	*	*	100.0	AF193373	*
D	13208	2	*	*	*	*	100.0	DQ018093	*
D	13209	2	*	*	*	*	100.0	DQ018094	*
D	13237	2	*	*	*	*	100.0	FJ755858	*
D	13241	2	*	*	*	*	100.0	FJ845441	*
D	13268	2	*	*	*	*	100.0	AF097752	*
D	13280	2	*	*	*	*	100.0	AJ887993	*
D	13285	2	*	*	*	*	100.0	AY773454	*
D	13337	2	*	*	*	*	100.0	AY611121	*
D	13358	2	*	*	*	*	100.0	GQ922521	*
D	13408	2	*	*	*	*	100.0	EF687955	*
D	13415	2	*	*	*	*	100.0	DQ067604	*
D	13422	2	*	*	*	*	100.0	FJ824032	*
D	13429	2	*	*	*	*	100.0	FJ548824	*
D	13435	2	*	*	*	*	100.0	EF029229	*
D	13477	2	*	*	*	*	100.0	AF237729	*
D	13481	2	*	*	*	*	100.0	EU819422	*
D	13484	2	*	*	*	*	100.0	AM183285	*
D	13488	2	*	*	*	*	100.0	DQ097357	*
D	13510	2	*	*	*	*	100.0	FJ808758	*
D	13528	2	*	*	*	*	100.0	DQ132827	*
D	13575	2	*	*	*	*	100.0	DQ192177	*
D	13591	2	*	*	*	*	100.0	FJ609216	*
D	13617	2	*	*	*	*	100.0	FJ903339	*
D	13629	2	*	*	*	*	100.0	DQ191253	*
D	13647	2	*	*	*	*	100.0	AF243134	*
D	13657	2	*	*	*	*	100.0	DQ242474	*
D	13663	2	*	*	*	*	100.0	DQ218302	*
D	13665	2	*	*	*	*	100.0	DQ202517	*
D	13704	2	*	*	*	*	100.0	AB126045	*
D	13715	2	*	*	*	*	100.0	DQ243798	*
D	13766	2	*	*	*	*	100.0	DQ241457	*
D	13771	2	*	*	*	*	100.0	DQ241454	*
D	13775	2	*	*	*	*	100.0	DQ241468	*
D	13776	2	*	*	*	*	100.0	DQ241469	*
D	13804	2	*	*	*	*	100.0	DQ279062	*
D	13811	2	*	*	*	*	100.0	FJ493194	*
D	13826	2	*	*	*	*	100.0	AB214899	*
D	13835	2	*	*	*	*	100.0	DQ320561	*
D	13844	2	*	*	*	*	100.0	EU254841	*
D	13856	2	*	*	*	*	100.0	AM180951	*
D	13878	2	*	*	*	*	100.0	DQ328140	*
D	13910	2	*	*	*	*	100.0	GQ267488	*
D	13924	2	*	*	*	*	100.0	FJ861968	*
D	13940	2	*	*	*	*	100.0	DQ361061	*
D	13960	2	*	*	*	*	100.0	DQ365624	*
D	13966	2	*	*	*	*	100.0	DQ365638	*
D	13968	2	*	*	*	*	100.0	DQ365642	*
D	13977	2	*	*	*	*	100.0	FJ515289	*
D	13991	2	*	*	*	*	100.0	DQ366853	*
D	13993	2	*	*	*	*	100.0	DQ366855	*
D	14034	2	*	*	*	*	100.0	DQ394393	*
D	14039	2	*	*	*	*	100.0	DQ389673	*
D	14046	2	*	*	*	*	100.0	DQ389704	*
D	14048	2	*	*	*	*	100.0	DQ389719	*
D	14050	2	*	*	*	*	100.0	DQ389662	*
D	14052	2	*	*	*	*	100.0	UDB011593	*
D	14098	2	*	*	*	*	100.0	GQ166897	*
D	14108	2	*	*	*	*	100.0	DQ425024	*
D	14114	2	*	*	*	*	100.0	GU132456	*
D	14143	2	*	*	*	*	100.0	AB154754	*
D	14144	2	*	*	*	*	100.0	AB154758	*
D	14164	2	*	*	*	*	100.0	FJ591128	*
D	14184	2	*	*	*	*	100.0	AM176667	*
D	14202	2	*	*	*	*	100.0	AF083193	*
D	14204	2	*	*	*	*	100.0	AF083199	*
D	14209	2	*	*	*	*	100.0	DQ340323	*
D	14227	2	*	*	*	*	100.0	EF488411	*
D	14248	2	*	*	*	*	100.0	DQ480350	*
D	14319	2	*	*	*	*	100.0	DQ494694	*
D	14327	2	*	*	*	*	100.0	AF224352	*
D	14345	2	*	*	*	*	100.0	AJ278368	*
D	14361	2	*	*	*	*	100.0	AB015916	*
D	14378	2	*	*	*	*	100.0	EU039882	*
D	14388	2	*	*	*	*	100.0	FJ746664	*
D	14405	2	*	*	*	*	100.0	AB044384	*
D	14408	2	*	*	*	*	100.0	FJ236461	*
D	14412	2	*	*	*	*	100.0	AB048615	*
D	14420	2	*	*	*	*	100.0	FJ494954	*
D	14424	2	*	*	*	*	100.0	AF444472	*
D	14466	2	*	*	*	*	100.0	AB080556	*
D	14478	2	*	*	*	*	100.0	FJ538353	*
D	14479	2	*	*	*	*	100.0	AF115730	*
D	14495	2	*	*	*	*	100.0	AB111459	*
D	14503	2	*	*	*	*	100.0	EU938595	*
D	14541	2	*	*	*	*	100.0	AB154728	*
D	14555	2	*	*	*	*	100.0	AB176638	*
D	14556	2	*	*	*	*	100.0	AY586570	*
D	14569	2	*	*	*	*	100.0	AB245153	*
D	14596	2	*	*	*	*	100.0	GU212389	*
D	14606	2	*	*	*	*	100.0	EU715662	*
D	14611	2	*	*	*	*	100.0	AB198706	*
D	14613	2	*	*	*	*	100.0	AB198708	*
D	14621	2	*	*	*	*	100.0	AB210074	*
D	14661	2	*	*	*	*	100.0	AB245069	*
D	14665	2	*	*	*	*	100.0	AB245116	*
D	14705	2	*	*	*	*	100.0	FJ177456	*
D	14709	2	*	*	*	*	100.0	AJ313143	*
D	14732	2	*	*	*	*	100.0	AB286069	*
D	14738	2	*	*	*	*	100.0	AB290020	*
D	14739	2	*	*	*	*	100.0	AB291712	*
D	14760	2	*	*	*	*	100.0	AB302832	*
D	14786	2	*	*	*	*	100.0	AB361024	*
D	14789	2	*	*	*	*	100.0	AB361027	*
D	14801	2	*	*	*	*	100.0	AB365469	*
D	14814	2	*	*	*	*	100.0	AB374284	*
D	14820	2	*	*	*	*	100.0	AB427181	*
D	14894	2	*	*	*	*	100.0	AB481252	*
D	14903	2	*	*	*	*	100.0	AB481273	*
D	14906	2	*	*	*	*	100.0	AB481279	*
D	14927	2	*	*	*	*	100.0	AB505416	*
D	14928	2	*	*	*	*	100.0	AB505417	*
D	15003	2	*	*	*	*	100.0	EF141543	*
D	15096	2	*	*	*	*	100.0	AB512310	*
D	15097	2	*	*	*	*	100.0	AB512332	*
D	15126	2	*	*	*	*	100.0	AB524808	*
D	15128	2	*	*	*	*	100.0	AB524813	*
D	15130	2	*	*	*	*	100.0	AB525928	*
D	15177	2	*	*	*	*	100.0	AB553456	*
D	15199	2	*	*	*	*	100.0	FJ389929	*
D	15202	2	*	*	*	*	100.0	AB594802	*
D	15211	2	*	*	*	*	100.0	AB599964	*
D	15214	2	*	*	*	*	100.0	AB665307	*
D	15253	2	*	*	*	*	100.0	AB045003	*
D	15255	4	*	*	*	*	99.3	AY927314	*
D	15258	2	*	*	*	*	100.0	GQ844244	*
D	15276	2	*	*	*	*	100.0	AB696984	*
D	15304	2	*	*	*	*	100.0	DQ164439	*
D	15318	2	*	*	*	*	100.0	AF012195	*
D	15322	2	*	*	*	*	100.0	AY179934	*
D	15327	2	*	*	*	*	100.0	FJ379812	*
D	15339	2	*	*	*	*	100.0	AF042416	*
D	15341	2	*	*	*	*	100.0	FJ534883	*
D	15342	2	*	*	*	*	100.0	FJ534885	*
D	15343	2	*	*	*	*	100.0	AF042453	*
D	15366	2	*	*	*	*	100.0	AF046219	*
D	15370	2	*	*	*	*	100.0	AF046223	*
D	15384	2	*	*	*	*	100.0	AF050261	*
D	15386	2	*	*	*	*	100.0	AY805553	*
D	15394	2	*	*	*	*	100.0	EU040215	*
D	15401	2	*	*	*	*	100.0	AF053976	*
D	15427	2	*	*	*	*	100.0	AF062816	*
D	15457	2	*	*	*	*	100.0	AF072235	*
D	15474	2	*	*	*	*	100.0	AF081448	*
D	15479	2	*	*	*	*	100.0	AF081478	*
D	15491	2	*	*	*	*	100.0	AF094509	*
D	15507	2	*	*	*	*	100.0	AF097901	*
D	15513	2	*	*	*	*	100.0	GQ293948	*
D	15517	2	*	*	*	*	100.0	EU639588	*
D	15581	2	*	*	*	*	100.0	AF133179	*
D	15592	2	*	*	*	*	100.0	AF138814	*
D	15596	2	*	*	*	*	100.0	AF139855	*
D	15615	2	*	*	*	*	100.0	AF141620	*
D	15618	2	*	*	*	*	100.0	AF147491	*
D	15637	2	*	*	*	*	100.0	AF162471	*
D	15639	2	*	*	*	*	100.0	DQ780444	*
D	15655	2	*	*	*	*	100.0	EU301636	*
D	15658	2	*	*	*	*	100.0	AF178515	*
D	15663	2	*	*	*	*	100.0	AF178527	*
D	15677	2	*	*	*	*	100.0	AF180167	*
D	15691	2	*	*	*	*	100.0	AF191171	*
D	15693	2	*	*	*	*	100.0	AF191185	*
D	15700	2	*	*	*	*	100.0	AF193353	*
D	15711	2	*	*	*	*	100.0	AF200236	*
D	15785	2	*	*	*	*	100.0	AF224362	*
D	15789	2	*	*	*	*	100.0	AF224373	*
D	15790	2	*	*	*	*	100.0	AF224374	*
D	15804	2	*	*	*	*	100.0	AF225440	*
D	15807	2	*	*	*	*	100.0	AF227513	*
D	15812	2	*	*	*	*	100.0	AF229195	*
D	15813	2	*	*	*	*	100.0	AF229468	*
D	15822	2	*	*	*	*	100.0	AF246143	*
D	15833	2	*	*	*	*	100.0	AF250831	*
D	15840	2	*	*	*	*	100.0	AF346408	*
D	15870	2	*	*	*	*	100.0	FJ439684	*
D	15874	2	*	*	*	*	100.0	AF267649	*
D	15884	2	*	*	*	*	100.0	AY737774	*
D	15892	2	*	*	*	*	100.0	AF277032	*
D	15961	2	*	*	*	*	100.0	AF297962	*
D	15975	2	*	*	*	*	100.0	AF309522	*
D	15993	2	*	*	*	*	100.0	AF319429	*
D	16002	2	*	*	*	*	100.0	AF322654	*
D	16015	2	*	*	*	*	100.0	AF326981	*
D	16060	2	*	*	*	*	100.0	AF347090	*
D	16062	2	*	*	*	*	100.0	AF347094	*
D	16064	2	*	*	*	*	100.0	AF347096	*
D	16080	2	*	*	*	*	100.0	AF350065	*
D	16084	2	*	*	*	*	100.0	AF350288	*
D	16096	2	*	*	*	*	100.0	AF350309	*
D	16126	2	*	*	*	*	100.0	AF362054	*
D	16127	2	*	*	*	*	100.0	EU851920	*
D	16131	2	*	*	*	*	100.0	AF362062	*
D	16140	2	*	*	*	*	100.0	AF022786	*
D	16185	2	*	*	*	*	100.0	AF389128	*
D	16186	2	*	*	*	*	100.0	AF389135	*
D	16202	2	*	*	*	*	100.0	AF393718	*
D	16216	2	*	*	*	*	100.0	AF394527	*
D	16245	2	*	*	*	*	100.0	AF408681	*
D	16275	2	*	*	*	*	100.0	JQ863228	*
D	16281	2	*	*	*	*	100.0	GQ412728	*
D	16323	2	*	*	*	*	100.0	AF444506	*
D	16345	2	*	*	*	*	100.0	AF444544	*
D	16361	2	*	*	*	*	100.0	AF446088	*
D	16365	2	*	*	*	*	100.0	AF448488	*
D	16392	2	*	*	*	*	100.0	EU553343	*
D	16459	2	*	*	*	*	100.0	AY775709	*
D	16465	2	*	*	*	*	100.0	AF472626	*
D	16477	2	*	*	*	*	100.0	AF482863	*
D	16492	2	*	*	*	*	100.0	AF485069	*
D	16493	2	*	*	*	*	100.0	AF485072	*
D	16500	2	*	*	*	*	100.0	AF486129	*
D	16514	2	*	*	*	*	100.0	AF492102	*
D	16516	2	*	*	*	*	100.0	AF492103	*
D	16524	2	*	*	*	*	100.0	AF501547	*
D	16540	2	*	*	*	*	100.0	AF505520	*
D	16542	2	*	*	*	*	100.0	FJ596766	*
D	16571	2	*	*	*	*	100.0	AF506461	*
D	16625	2	*	*	*	*	100.0	AF517916	*
D	16632	2	*	*	*	*	100.0	AF517929	*
D	16657	2	*	*	*	*	100.0	AF546077	*
D	16660	2	*	*	*	*	100.0	EU520249	*
D	16694	2	*	*	*	*	100.0	AJ012298	*
D	16698	2	*	*	*	*	100.0	AJ131686	*
D	16715	2	*	*	*	*	100.0	AJ223031	*
D	16720	2	*	*	*	*	100.0	AB302814	*
D	16737	2	*	*	*	*	100.0	AJ242899	*
D	16766	2	*	*	*	*	100.0	AJ247527	*
D	16772	2	*	*	*	*	100.0	AJ247571	*
D	16773	2	*	*	*	*	100.0	AJ247555	*
D	16774	2	*	*	*	*	100.0	AJ247518	*
D	16775	2	*	*	*	*	100.0	AJ247562	*
D	16788	2	*	*	*	*	100.0	AJ271430	*
D	16805	2	*	*	*	*	100.0	AJ271588	*
D	16821	2	*	*	*	*	100.0	AJ292291	*
D	16834	2	*	*	*	*	100.0	AJ293884	*
D	16841	2	*	*	*	*	100.0	AJ301702	*
D	16860	2	*	*	*	*	100.0	EF600032	*
D	16865	2	*	*	*	*	100.0	AJ302421	*
D	16870	2	*	*	*	*	100.0	AJ305236	*
D	16874	2	*	*	*	*	100.0	DQ068965	*
D	16880	2	*	*	*	*	100.0	AJ309347	*
D	16894	2	*	*	*	*	100.0	AJ315825	*
D	16904	2	*	*	*	*	100.0	AJ315841	*
D	16932	2	*	*	*	*	100.0	AJ408381	*
D	16966	2	*	*	*	*	100.0	AF096213	*
D	16968	2	*	*	*	*	100.0	AJ438956	*
D	16970	2	*	*	*	*	100.0	AJ438958	*
D	16971	2	*	*	*	*	100.0	AJ438959	*
D	16990	2	*	*	*	*	100.0	AJ458282	*
D	17008	2	*	*	*	*	100.0	FJ489613	*
D	17014	2	*	*	*	*	100.0	FJ515178	*
D	17024	2	*	*	*	*	100.0	AJ518849	*
D	17025	2	*	*	*	*	100.0	AJ518864	*
D	17026	2	*	*	*	*	100.0	AJ519796	*
D	17079	2	*	*	*	*	100.0	AJ567733	*
D	17085	2	*	*	*	*	100.0	AJ567807	*
D	17090	2	*	*	*	*	100.0	AJ585432	*
D	17116	2	*	*	*	*	100.0	AJ608661	*
D	17117	2	*	*	*	*	100.0	AY944875	*
D	17154	2	*	*	*	*	100.0	AJ849892	*
D	17163	2	*	*	*	*	100.0	AJ567767	*
D	17180	2	*	*	*	*	100.0	AJ877209	*
D	17196	2	*	*	*	*	100.0	AY877351	*
D	17200	2	*	*	*	*	100.0	AJ889920	*
D	17204	2	*	*	*	*	100.0	UDB000068	*
D	17210	2	*	*	*	*	100.0	AJ410758	*
D	17260	2	*	*	*	*	100.0	AM159623	*
D	17264	2	*	*	*	*	100.0	AM159634	*
D	17306	2	*	*	*	*	100.0	AM269781	*
D	17316	2	*	*	*	*	100.0	AM279267	*
D	17324	2	*	*	*	*	100.0	AM292047	*
D	17335	2	*	*	*	*	100.0	AM292683	*
D	17371	2	*	*	*	*	100.0	AF220968	*
D	17401	2	*	*	*	*	100.0	AM712260	*
D	17409	2	*	*	*	*	100.0	AM743193	*
D	17444	2	*	*	*	*	100.0	AM882790	*
D	17448	2	*	*	*	*	100.0	EU525969	*
D	17452	2	*	*	*	*	100.0	FJ601812	*
D	17460	2	*	*	*	*	100.0	AM882897	*
D	17473	2	*	*	*	*	100.0	AM882967	*
D	17485	2	*	*	*	*	100.0	EU682197	*
D	17490	2	*	*	*	*	100.0	JN882323	*
D	17514	2	*	*	*	*	100.0	FJ791132	*
D	17517	2	*	*	*	*	100.0	AM921718	*
D	17518	2	*	*	*	*	100.0	AF439473	*
D	17520	2	*	*	*	*	100.0	AF444304	*
D	17523	2	*	*	*	*	100.0	AM924156	*
D	17547	2	*	*	*	*	100.0	AM981255	*
D	17551	2	*	*	*	*	100.0	EF989111	*
D	17553	2	*	*	*	*	100.0	FJ769330	*
D	17610	2	*	*	*	*	100.0	AY056036	*
D	17630	2	*	*	*	*	100.0	AY081027	*
D	17641	2	*	*	*	*	100.0	AY083188	*
D	17649	2	*	*	*	*	100.0	AF492119	*
D	17653	2	*	*	*	*	100.0	AB512299	*
D	17658	2	*	*	*	*	100.0	AY124104	*
D	17667	2	*	*	*	*	100.0	AY129374	*
D	17683	2	*	*	*	*	100.0	FJ466724	*
D	17693	2	*	*	*	*	100.0	FJ491946	*
D	17704	2	*	*	*	*	100.0	AY173386	*
D	17714	2	*	*	*	*	100.0	AY174856	*
D	17722	2	*	*	*	*	100.0	AY176377	*
D	17727	2	*	*	*	*	100.0	AY176392	*
D	17753	2	*	*	*	*	100.0	AY183368	*
D	17756	2	*	*	*	*	100.0	AY185184	*
D	17777	2	*	*	*	*	100.0	AY194968	*
D	17786	2	*	*	*	*	100.0	AY204625	*
D	17811	2	*	*	*	*	100.0	AY216476	*
D	17813	3	*	*	*	*	100.0	EU840557	*
D	17846	2	*	*	*	*	100.0	AY225488	*
D	17848	2	*	*	*	*	100.0	AY225493	*
D	17857	2	*	*	*	*	100.0	AF473559	*
D	17865	2	*	*	*	*	100.0	AY239213	*
D	17898	2	*	*	*	*	100.0	AY586565	*
D	17903	2	*	*	*	*	100.0	AY254051	*
D	17941	2	*	*	*	*	100.0	AY266155	*
D	17945	2	*	*	*	*	100.0	AY278839	*
D	17957	2	*	*	*	*	100.0	FJ430601	*
D	17958	2	*	*	*	*	100.0	AY293797	*
D	17967	2	*	*	*	*	100.0	EU664486	*
D	17991	2	*	*	*	*	100.0	AY315400	*
D	18005	2	*	*	*	*	100.0	AY328070	*
D	18019	2	*	*	*	*	100.0	GQ376079	*
D	18061	2	*	*	*	*	100.0	EU873016	*
D	18080	2	*	*	*	*	100.0	AY367606	*
D	18099	2	*	*	*	*	100.0	AY373862	*
D	18110	2	*	*	*	*	100.0	AY398700	*
D	18114	2	*	*	*	*	100.0	EF105413	*
D	18133	2	*	*	*	*	100.0	AY442361	*
D	18143	2	*	*	*	*	100.0	AY450572	*
D	18146	2	*	*	*	*	100.0	AY450575	*
D	18180	2	*	*	*	*	100.0	AY471642	*
D	18210	2	*	*	*	*	100.0	AY498671	*
D	18234	2	*	*	*	*	100.0	AY513226	*
D	18267	2	*	*	*	*	100.0	GU136204	*
D	18279	2	*	*	*	*	100.0	AY532651	*
D	18287	2	*	*	*	*	100.0	AY534224	*
D	18289	2	*	*	*	*	100.0	AY534233	*
D	18298	2	*	*	*	*	100.0	AY542867	*
D	18303	2	*	*	*	*	100.0	FJ914885	*
D	18337	2	*	*	*	*	100.0	AY571028	*
D	18360	2	*	*	*	*	100.0	AY581074	*
D	18368	2	*	*	*	*	100.0	AY581095	*
D	18383	2	*	*	*	*	100.0	AY587933	*
D	18400	2	*	*	*	*	100.0	AY606948	*
D	18410	2	*	*	*	*	100.0	AY611092	*
D	18417	2	*	*	*	*	100.0	AY611109	*
D	18437	2	*	*	*	*	100.0	AY621000	*
D	18441	2	*	*	*	*	100.0	AY621764	*
D	18459	2	*	*	*	*	100.0	FM206420	*
D	18465	2	*	*	*	*	100.0	AY642532	*
D	18473	2	*	*	*	*	100.0	AY645661	*
D	18477	2	*	*	*	*	100.0	AY646387	*
D	18503	2	*	*	*	*	100.0	GU222286	*
D	18508	2	*	*	*	*	100.0	FJ717589	*
D	18519	2	*	*	*	*	100.0	AY672923	*
D	18527	2	*	*	*	*	100.0	AY681204	*
D	18542	2	*	*	*	*	100.0	AY702001	*
D	18552	2	*	*	*	*	100.0	AY714481	*
D	18554	2	*	*	*	*	100.0	AY720710	*
D	18573	2	*	*	*	*	100.0	AY740040	*
D	18600	2	*	*	*	*	100.0	AY740167	*
D	18602	2	*	*	*	*	100.0	AY740066	*
D	18605	2	*	*	*	*	100.0	AY742705	*
D	18646	2	*	*	*	*	100.0	AY756457	*
D	18647	2	*	*	*	*	100.0	AY756458	*
D	18665	2	*	*	*	*	100.0	AY756477	*
D	18678	2	*	*	*	*	100.0	AY762623	*
D	18694	2	*	*	*	*	100.0	AY781265	*
D	18699	2	*	*	*	*	100.0	EU128019	*
D	18706	2	*	*	*	*	100.0	AY787857	*
D	18712	2	*	*	*	*	100.0	AY788342	*
D	18715	2	*	*	*	*	100.0	AY789297	*
D	18734	2	*	*	*	*	100.0	AY789434	*
D	18735	2	*	*	*	*	100.0	AY789427	*
D	18844	2	*	*	*	*	100.0	AY916459	*
D	18858	2	*	*	*	*	100.0	AY916483	*
D	18866	2	*	*	*	*	100.0	AY916692	*
D	18874	2	*	*	*	*	100.0	AY920528	*
D	18878	2	*	*	*	*	100.0	AY924269	*
D	18884	2	*	*	*	*	100.0	FJ824629	*
D	18888	2	*	*	*	*	100.0	AY935514	*
D	18919	2	*	*	*	*	100.0	AY945231	*
D	18927	2	*	*	*	*	100.0	AY953422	*
D	18945	2	*	*	*	*	100.0	AY965895	*
D	19008	2	*	*	*	*	100.0	DQ001287	*
D	19024	2	*	*	*	*	100.0	DQ019400	*
D	19029	2	*	*	*	*	100.0	DQ023302	*
D	19047	2	*	*	*	*	100.0	DQ056860	*
D	19056	2	*	*	*	*	100.0	DQ066702	*
D	19059	2	*	*	*	*	100.0	DQ068380	*
D	19071	2	*	*	*	*	100.0	DQ069035	*
D	19080	2	*	*	*	*	100.0	FJ379261	*
D	19092	2	*	*	*	*	100.0	FJ770064	*
D	19102	2	*	*	*	*	100.0	FJ481036	*
D	19118	2	*	*	*	*	100.0	DQ102665	*
D	19127	2	*	*	*	*	100.0	DQ112624	*
D	19160	2	*	*	*	*	100.0	DQ132820	*
D	19220	2	*	*	*	*	100.0	DQ202512	*
D	19223	2	*	*	*	*	100.0	DQ206835	*
D	19224	2	*	*	*	*	100.0	DQ218288	*
D	19242	2	*	*	*	*	100.0	JN943924	*
D	19306	2	*	*	*	*	100.0	DQ279484	*
D	19309	2	*	*	*	*	100.0	DQ279488	*
D	19311	2	*	*	*	*	100.0	DQ279491	*
D	19322	2	*	*	*	*	100.0	DQ279514	*
D	19325	2	*	*	*	*	100.0	AY611076	*
D	19345	2	*	*	*	*	100.0	DQ303035	*
D	19373	2	*	*	*	*	100.0	AF058303	*
D	19382	2	*	*	*	*	100.0	DQ780443	*
D	19389	2	*	*	*	*	100.0	DQ328094	*
D	19397	2	*	*	*	*	100.0	DQ328169	*
D	19401	2	*	*	*	*	100.0	DQ328207	*
D	19407	2	*	*	*	*	100.0	DQ328917	*
D	19477	2	*	*	*	*	100.0	EU266094	*
D	19502	2	*	*	*	*	100.0	EU266098	*
D	19507	2	*	*	*	*	100.0	DQ394398	*
D	19509	2	*	*	*	*	100.0	DQ396470	*
D	19532	2	*	*	*	*	100.0	DQ400136	*
D	19534	2	*	*	*	*	100.0	DQ400144	*
D	19546	2	*	*	*	*	100.0	DQ401566	*
D	19558	2	*	*	*	*	100.0	DQ407260	*
D	19577	2	*	*	*	*	100.0	DQ448033	*
D	19592	2	*	*	*	*	100.0	DQ451658	*
D	19612	2	*	*	*	*	100.0	DQ468033	*
D	19642	2	*	*	*	*	100.0	FJ717492	*
D	19692	2	*	*	*	*	100.0	DQ491494	*
D	19699	2	*	*	*	*	100.0	DQ492694	*
D	19707	2	*	*	*	*	100.0	DQ494363	*
D	19739	2	*	*	*	*	100.0	DQ525519	*
D	19791	2	*	*	*	*	100.0	DQ641315	*
D	19794	2	*	*	*	*	100.0	DQ641322	*
D	19818	2	*	*	*	*	100.0	DQ659349	*
D	19827	2	*	*	*	*	100.0	DQ663411	*
D	19867	2	*	*	*	*	100.0	DQ767592	*
D	19884	2	*	*	*	*	100.0	DQ782845	*
D	19920	2	*	*	*	*	100.0	DQ834939	*
D	19928	2	*	*	*	*	100.0	DQ836774	*
D	19962	2	*	*	*	*	100.0	DQ864987	*
D	19970	2	*	*	*	*	100.0	DQ866999	*
D	19991	2	*	*	*	*	100.0	DQ885588	*
D	19995	2	*	*	*	*	100.0	DQ888715	*
D	19997	2	*	*	*	*	100.0	DQ888717	*
D	20002	2	*	*	*	*	100.0	DQ888740	*
D	20013	2	*	*	*	*	100.0	DQ911441	*
D	20037	2	*	*	*	*	100.0	DQ914678	*
D	20043	2	*	*	*	*	100.0	DQ915483	*
D	20050	2	*	*	*	*	100.0	DQ923539	*
D	20082	2	*	*	*	*	100.0	DQ981400	*
D	20088	2	*	*	*	*	100.0	DQ989496	*
D	20091	2	*	*	*	*	100.0	DQ990017	*
D	20099	2	*	*	*	*	100.0	DQ993544	*
D	20102	2	*	*	*	*	100.0	DQ996039	*
D	20105	2	*	*	*	*	100.0	DQ999820	*
D	20128	2	*	*	*	*	100.0	EF025949	*
D	20142	2	*	*	*	*	100.0	EF026142	*
D	20143	2	*	*	*	*	100.0	EF026143	*
D	20144	2	*	*	*	*	100.0	EF026147	*
D	20152	2	*	*	*	*	100.0	EF029188	*
D	20163	2	*	*	*	*	100.0	DQ914666	*
D	20191	2	*	*	*	*	100.0	EF057431	*
D	20195	2	*	*	*	*	100.0	EF062463	*
D	20198	2	*	*	*	*	100.0	EF063140	*
D	20209	2	*	*	*	*	100.0	EF079966	*
D	20268	2	*	*	*	*	100.0	EF093386	*
D	20308	2	*	*	*	*	100.0	EF126738	*
D	20316	2	*	*	*	*	100.0	FJ998312	*
D	20321	2	*	*	*	*	100.0	EF141552	*
D	20333	2	*	*	*	*	100.0	EF157737	*
D	20343	2	*	*	*	*	100.0	EF175513	*
D	20354	2	*	*	*	*	100.0	EF175541	*
D	20356	2	*	*	*	*	100.0	EF175551	*
D	20358	2	*	*	*	*	100.0	EF175942	*
D	20429	2	*	*	*	*	100.0	EF392529	*
D	20446	2	*	*	*	*	100.0	EF397557	*
D	20458	2	*	*	*	*	100.0	DQ974784	*
D	20459	2	*	*	*	*	100.0	AY624200	*
D	20506	2	*	*	*	*	100.0	EF091826	*
D	20520	2	*	*	*	*	100.0	EF458653	*
D	20530	2	*	*	*	*	100.0	EF488404	*
D	20535	2	*	*	*	*	100.0	EF488434	*
D	20538	2	*	*	*	*	100.0	EF493255	*
D	20551	2	*	*	*	*	100.0	FJ210472	*
D	20555	4	*	*	*	*	100.0	GU183167	*
D	20590	2	*	*	*	*	100.0	EF535169	*
D	20623	2	*	*	*	*	100.0	EF560674	*
D	20661	2	*	*	*	*	100.0	EF600940	*
D	20665	2	*	*	*	*	100.0	EF607077	*
D	20684	2	*	*	*	*	100.0	JQ711878	*
D	20699	2	*	*	*	*	100.0	EF621954	*
D	20704	2	*	*	*	*	100.0	FJ428243	*
D	20712	2	*	*	*	*	100.0	EF635904	*
D	20719	2	*	*	*	*	100.0	EF641891	*
D	20757	2	*	*	*	*	100.0	EF669715	*
D	20762	2	*	*	*	*	100.0	EU669570	*
D	20779	2	*	*	*	*	100.0	AY216474	*
D	20785	2	*	*	*	*	100.0	FJ515217	*
D	20787	2	*	*	*	*	100.0	FJ799939	*
D	20792	2	*	*	*	*	100.0	EU008607	*
D	20819	2	*	*	*	*	100.0	EU020086	*
D	20828	2	*	*	*	*	100.0	EU021617	*
D	20843	2	*	*	*	*	100.0	EU035408	*
D	20853	2	*	*	*	*	100.0	EU035436	*
D	20879	2	*	*	*	*	100.0	EU041800	*
D	20896	2	*	*	*	*	100.0	EU045435	*
D	20900	2	*	*	*	*	100.0	EU045442	*
D	20918	2	*	*	*	*	100.0	GQ159866	*
D	20925	2	*	*	*	*	100.0	EU057922	*
D	20941	2	*	*	*	*	100.0	EU075540	*
D	20946	2	*	*	*	*	100.0	EU075545	*
D	20948	2	*	*	*	*	100.0	EU075547	*
D	20949	2	*	*	*	*	100.0	EU075548	*
D	20963	2	*	*	*	*	100.0	EU082784	*
D	20986	2	*	*	*	*	100.0	EU118606	*
D	21009	2	*	*	*	*	100.0	EU118663	*
D	21029	2	*	*	*	*	100.0	EU139140	*
D	21040	2	*	*	*	*	100.0	EU141946	*
D	21089	2	*	*	*	*	100.0	EU186310	*
D	21126	2	*	*	*	*	100.0	EU249476	*
D	21140	2	*	*	*	*	100.0	EU254807	*
D	21158	2	*	*	*	*	100.0	EU263920	*
D	21172	2	*	*	*	*	100.0	EU266500	*
D	21253	2	*	*	*	*	100.0	EU330635	*
D	21259	2	*	*	*	*	100.0	EF589870	*
D	21267	2	*	*	*	*	100.0	EU340896	*
D	21325	2	*	*	*	*	100.0	EU402582	*
D	21364	2	*	*	*	*	100.0	AB470483	*
D	21376	2	*	*	*	*	100.0	EU678653	*
D	21389	2	*	*	*	*	100.0	FJ627022	*
D	21409	2	*	*	*	*	100.0	EU784300	*
D	21434	2	*	*	*	*	100.0	EU520121	*
D	21451	2	*	*	*	*	100.0	EU520212	*
D	21453	2	*	*	*	*	100.0	EU520221	*
D	21459	2	*	*	*	*	100.0	EU523578	*
D	21462	2	*	*	*	*	100.0	EU525980	*
D	21473	2	*	*	*	*	100.0	EU534408	*
D	21499	2	*	*	*	*	100.0	EU552156	*
D	21506	2	*	*	*	*	100.0	EU553339	*
D	21514	2	*	*	*	*	100.0	EU553511	*
D	21521	2	*	*	*	*	100.0	FJ861381	*
D	21576	2	*	*	*	*	100.0	EU561494	*
D	21651	2	*	*	*	*	100.0	EU598193	*
D	21653	2	*	*	*	*	100.0	EU598197	*
D	21675	2	*	*	*	*	100.0	EU622927	*
D	21676	2	*	*	*	*	100.0	EU623636	*
D	21731	2	*	*	*	*	100.0	EU655663	*
D	21742	2	*	*	*	*	100.0	EU661888	*
D	21755	2	*	*	*	*	100.0	DQ517404	*
D	21761	2	*	*	*	*	100.0	EU669307	*
D	21784	2	*	*	*	*	100.0	EU669387	*
D	21792	2	*	*	*	*	100.0	EU670217	*
D	21794	2	*	*	*	*	100.0	EU670222	*
D	21797	2	*	*	*	*	100.0	EU670229	*
D	21799	2	*	*	*	*	100.0	EU670231	*
D	21805	2	*	*	*	*	100.0	AJ132505	*
D	21817	2	*	*	*	*	100.0	EU681317	*
D	21843	2	*	*	*	*	100.0	JQ256430	*
D	21853	2	*	*	*	*	100.0	EU696768	*
D	21860	2	*	*	*	*	100.0	EU697261	*
D	21867	2	*	*	*	*	100.0	EU706328	*
D	21868	2	*	*	*	*	100.0	EU706331	*
D	21886	2	*	*	*	*	100.0	JF908091	*
D	21897	2	*	*	*	*	100.0	HQ604851	*
D	21910	2	*	*	*	*	100.0	EU715636	*
D	21912	2	*	*	*	*	100.0	EU715665	*
D	21926	2	*	*	*	*	100.0	EU718099	*
D	21931	2	*	*	*	*	100.0	EU718106	*
D	21937	2	*	*	*	*	100.0	EU718114	*
D	21949	2	*	*	*	*	100.0	DQ249994	*
D	21953	2	*	*	*	*	100.0	FJ355955	*
D	21991	2	*	*	*	*	100.0	EU784227	*
D	21996	2	*	*	*	*	100.0	EU784262	*
D	22017	2	*	*	*	*	100.0	EU784338	*
D	22025	2	*	*	*	*	100.0	EU784379	*
D	22030	2	*	*	*	*	100.0	EU784392	*
D	22058	2	*	*	*	*	100.0	FJ895878	*
D	22059	2	*	*	*	*	100.0	GQ365160	*
D	22076	2	*	*	*	*	100.0	EU819504	*
D	22129	2	*	*	*	*	100.0	EU836707	*
D	22158	2	*	*	*	*	100.0	AF439474	*
D	22175	2	*	*	*	*	100.0	EF694633	*
D	22209	2	*	*	*	*	100.0	EU888919	*
D	22222	2	*	*	*	*	100.0	EU913713	*
D	22250	2	*	*	*	*	100.0	EU935512	*
D	22281	2	*	*	*	*	100.0	EU977514	*
D	22297	2	*	*	*	*	100.0	FJ009533	*
D	22320	2	*	*	*	*	100.0	DQ468026	*
D	22332	2	*	*	*	*	100.0	FJ039603	*
D	22339	2	*	*	*	*	100.0	FJ039687	*
D	22346	2	*	*	*	*	100.0	FJ039696	*
D	22353	2	*	*	*	*	100.0	GQ411403	*
D	22382	2	*	*	*	*	100.0	FJ167624	*
D	22431	2	*	*	*	*	100.0	FJ185304	*
D	22435	2	*	*	*	*	100.0	EU078739	*
D	22437	2	*	*	*	*	100.0	UDB003349	*
D	22457	2	*	*	*	*	100.0	EU569284	*
D	22459	2	*	*	*	*	100.0	EU598169	*
D	22462	2	*	*	*	*	100.0	UDB011623	*
D	22463	2	*	*	*	*	100.0	EU569235	*
D	22483	2	*	*	*	*	100.0	FJ210544	*
D	22522	2	*	*	*	*	100.0	FJ232937	*
D	22528	2	*	*	*	*	100.0	FJ235147	*
D	22535	2	*	*	*	*	100.0	FJ265750	*
D	22542	2	*	*	*	*	100.0	FJ265764	*
D	22546	2	*	*	*	*	100.0	FJ265772	*
D	22558	2	*	*	*	*	100.0	GQ267493	*
D	22570	2	*	*	*	*	100.0	FJ372388	*
D	22572	2	*	*	*	*	100.0	FJ372398	*
D	22580	2	*	*	*	*	100.0	JQ801386	*
D	22582	2	*	*	*	*	100.0	FJ379795	*
D	22608	2	*	*	*	*	100.0	FJ411106	*
D	22616	2	*	*	*	*	100.0	FJ425198	*
D	22640	2	*	*	*	*	100.0	FJ431228	*
D	22642	2	*	*	*	*	100.0	FJ431230	*
D	22648	2	*	*	*	*	100.0	FJ431241	*
D	22663	2	*	*	*	*	100.0	FJ431264	*
D	22668	2	*	*	*	*	100.0	FJ435104	*
D	22679	2	*	*	*	*	100.0	FJ439513	*
D	22680	2	*	*	*	*	100.0	FJ884130	*
D	22691	2	*	*	*	*	100.0	FJ375328	*
D	22694	2	*	*	*	*	100.0	FJ441625	*
D	22738	2	*	*	*	*	100.0	FJ480437	*
D	22752	2	*	*	*	*	100.0	FJ481050	*
D	22766	2	*	*	*	*	100.0	FJ487937	*
D	22767	2	*	*	*	*	100.0	FJ487939	*
D	22772	2	*	*	*	*	100.0	EU795708	*
D	22805	2	*	*	*	*	100.0	FJ534876	*
D	22835	2	*	*	*	*	100.0	FJ538367	*
D	22865	2	*	*	*	*	100.0	GU234134	*
D	22867	2	*	*	*	*	100.0	EF160066	*
D	22870	2	*	*	*	*	100.0	EF601602	*
D	22882	2	*	*	*	*	100.0	FJ582640	*
D	22896	2	*	*	*	*	100.0	FJ596857	*
D	22899	2	*	*	*	*	100.0	FJ596868	*
D	22906	2	*	*	*	*	100.0	FJ596888	*
D	22966	2	*	*	*	*	100.0	FJ624271	*
D	22967	2	*	*	*	*	100.0	FJ624262	*
D	22970	2	*	*	*	*	100.0	FJ624395	*
D	22981	2	*	*	*	*	100.0	FJ629334	*
D	22988	2	*	*	*	*	100.0	FJ644282	*
D	23050	2	*	*	*	*	100.0	JF313658	*
D	23081	2	*	*	*	*	100.0	FJ765018	*
D	23124	2	*	*	*	*	100.0	FJ769641	*
D	23155	2	*	*	*	*	100.0	FJ774080	*
D	23183	2	*	*	*	*	100.0	FJ798596	*
D	23185	2	*	*	*	*	100.0	FJ799922	*
D	23193	2	*	*	*	*	100.0	FJ481041	*
D	23207	2	*	*	*	*	100.0	FJ810131	*
D	23209	2	*	*	*	*	100.0	FJ810135	*
D	23222	2	*	*	*	*	100.0	EU350580	*
D	23228	2	*	*	*	*	100.0	AJ309808	*
D	23236	2	*	*	*	*	100.0	FN386303	*
D	23237	2	*	*	*	*	100.0	DQ449649	*
D	23251	2	*	*	*	*	100.0	FJ825371	*
D	23255	2	*	*	*	*	100.0	JN995639	*
D	23265	2	*	*	*	*	100.0	FJ838771	*
D	23275	2	*	*	*	*	100.0	FJ839634	*
D	23277	2	*	*	*	*	100.0	FJ839637	*
D	23292	2	*	*	*	*	100.0	FJ845410	*
D	23293	2	*	*	*	*	100.0	FJ845411	*
D	23298	2	*	*	*	*	100.0	FJ845425	*
D	23303	2	*	*	*	*	100.0	FJ848715	*
D	23391	2	*	*	*	*	100.0	FJ884113	*
D	23404	2	*	*	*	*	100.0	FJ888526	*
D	23415	2	*	*	*	*	100.0	AF486119	*
D	23435	2	*	*	*	*	100.0	FJ903342	*
D	23442	2	*	*	*	*	100.0	AM882776	*
D	23443	2	*	*	*	*	100.0	AM882762	*
D	23446	2	*	*	*	*	100.0	AM882766	*
D	23457	2	*	*	*	*	100.0	FJ904674	*
D	23471	2	*	*	*	*	100.0	FJ907537	*
D	23479	2	*	*	*	*	100.0	FJ914805	*
D	23481	2	*	*	*	*	100.0	FJ914990	*
D	23482	2	*	*	*	*	100.0	FJ917410	*
D	23483	3	*	*	*	*	100.0	FJ917556	*
D	23495	2	*	*	*	*	100.0	FJ948175	*
D	23539	2	*	*	*	*	100.0	FM179645	*
D	23550	2	*	*	*	*	100.0	AF173310	*
D	23606	2	*	*	*	*	100.0	GQ922544	*
D	23627	2	*	*	*	*	100.0	FN185767	*
D	23637	2	*	*	*	*	100.0	DQ322125	*
D	23659	2	*	*	*	*	100.0	FM163178	*
D	23666	2	*	*	*	*	100.0	AF345817	*
D	23675	2	*	*	*	*	100.0	FN396140	*
D	23698	2	*	*	*	*	100.0	FN428884	*
D	23699	2	*	*	*	*	100.0	FN428895	*
D	23714	2	*	*	*	*	100.0	FN435663	*
D	23738	2	*	*	*	*	100.0	FN546965	*
D	23758	2	*	*	*	*	100.0	FN550884	*
D	23766	2	*	*	*	*	100.0	FN550916	*
D	23776	2	*	*	*	*	100.0	FN550931	*
D	23792	2	*	*	*	*	100.0	EU482283	*
D	23816	2	*	*	*	*	100.0	FN669248	*
D	23827	2	*	*	*	*	100.0	FN687606	*
D	23849	2	*	*	*	*	100.0	FN985101	*
D	23853	2	*	*	*	*	100.0	FR667230	*
D	23856	2	*	*	*	*	100.0	EF536027	*
D	23872	2	*	*	*	*	100.0	FR715997	*
D	23885	2	*	*	*	*	100.0	UDB011024	*
D	23899	2	*	*	*	*	100.0	FR750063	*
D	23946	2	*	*	*	*	100.0	FR799266	*
D	23959	2	*	*	*	*	100.0	AY669662	*
D	23970	2	*	*	*	*	100.0	FN550907	*
D	24005	2	*	*	*	*	100.0	GQ153120	*
D	24006	2	*	*	*	*	100.0	HQ130700	*
D	24037	2	*	*	*	*	100.0	GQ166974	*
D	24043	2	*	*	*	*	100.0	AF285113	*
D	24071	2	*	*	*	*	100.0	GQ217541	*
D	24073	2	*	*	*	*	100.0	GQ166911	*
D	24075	2	*	*	*	*	100.0	FJ183437	*
D	24078	2	*	*	*	*	100.0	GQ220704	*
D	24101	2	*	*	*	*	100.0	EU701002	*
D	24108	2	*	*	*	*	100.0	GQ241283	*
D	24114	2	*	*	*	*	100.0	GQ250000	*
D	24134	2	*	*	*	*	100.0	FJ860720	*
D	24142	2	*	*	*	*	100.0	GQ259417	*
D	24147	2	*	*	*	*	100.0	GQ266152	*
D	24154	2	*	*	*	*	100.0	AB458895	*
D	24162	2	*	*	*	*	100.0	GQ285863	*
D	24172	2	*	*	*	*	100.0	GQ303279	*
D	24185	2	*	*	*	*	100.0	GQ338074	*
D	24192	2	*	*	*	*	100.0	GQ344480	*
D	24195	2	*	*	*	*	100.0	GQ344596	*
D	24201	2	*	*	*	*	100.0	GQ374451	*
D	24204	2	*	*	*	*	100.0	GQ376073	*
D	24239	2	*	*	*	*	100.0	AJ534271	*
D	24253	2	*	*	*	*	100.0	GQ426960	*
D	24262	2	*	*	*	*	100.0	AY313032	*
D	24264	2	*	*	*	*	100.0	GQ397993	*
D	24319	2	*	*	*	*	100.0	HQ631048	*
D	24324	2	*	*	*	*	100.0	FJ907535	*
D	24333	2	*	*	*	*	100.0	AY339334	*
D	24351	2	*	*	*	*	100.0	GQ850386	*
D	24367	2	*	*	*	*	100.0	EU882132	*
D	24380	2	*	*	*	*	100.0	GQ870624	*
D	24407	2	*	*	*	*	100.0	GQ906536	*
D	24417	2	*	*	*	*	100.0	FJ501579	*
D	24425	2	*	*	*	*	100.0	DQ279522	*
D	24428	2	*	*	*	*	100.0	GQ919281	*
D	24438	2	*	*	*	*	100.0	EF152433	*
D	24460	2	*	*	*	*	100.0	GQ981505	*
D	24488	2	*	*	*	*	100.0	GU046810	*
D	24492	2	*	*	*	*	100.0	GU046843	*
D	24514	2	*	*	*	*	100.0	JQ794584	*
D	24532	2	*	*	*	*	100.0	AB190390	*
D	24543	2	*	*	*	*	100.0	GU058023	*
D	24545	2	*	*	*	*	100.0	GU058025	*
D	24555	2	*	*	*	*	100.0	GU062222	*
D	24579	2	*	*	*	*	100.0	GU067735	*
D	24580	2	*	*	*	*	100.0	GU067748	*
D	24586	2	*	*	*	*	100.0	EF565744	*
D	24635	2	*	*	*	*	100.0	AJ408393	*
D	24681	2	*	*	*	*	100.0	DQ374125	*
D	24682	2	*	*	*	*	100.0	GU184122	*
D	24694	2	*	*	*	*	100.0	GU187528	*
D	24709	2	*	*	*	*	100.0	GU191829	*
D	24721	2	*	*	*	*	100.0	GU207250	*
D	24728	2	*	*	*	*	100.0	GU207308	*
D	24737	2	*	*	*	*	100.0	AY684146	*
D	24755	2	*	*	*	*	100.0	GU222315	*
D	24756	2	*	*	*	*	100.0	GU222318	*
D	24787	2	*	*	*	*	100.0	GU229796	*
D	24788	2	*	*	*	*	100.0	GU229797	*
D	24792	2	*	*	*	*	100.0	GU233322	*
D	24813	2	*	*	*	*	100.0	GU233351	*
D	24826	2	*	*	*	*	100.0	AF495463	*
D	24841	2	*	*	*	*	100.0	GU244500	*
D	24844	2	*	*	*	*	100.0	GU246252	*
D	24850	2	*	*	*	*	100.0	GU246277	*
D	24860	2	*	*	*	*	100.0	GU247162	*
D	24873	2	*	*	*	*	100.0	GU258280	*
D	24882	2	*	*	*	*	100.0	GU266259	*
D	24890	2	*	*	*	*	100.0	EU402940	*
D	24891	2	*	*	*	*	100.0	EU402934	*
D	24896	2	*	*	*	*	100.0	GU291799	*
D	24925	2	*	*	*	*	100.0	EF584496	*
D	24929	2	*	*	*	*	100.0	GU300778	*
D	24953	2	*	*	*	*	100.0	EU179868	*
D	24962	2	*	*	*	*	100.0	FM206418	*
D	24973	2	*	*	*	*	100.0	AF314969	*
D	25004	2	*	*	*	*	100.0	GU371295	*
D	25022	2	*	*	*	*	100.0	GU396232	*
D	25055	2	*	*	*	*	100.0	GU479277	*
D	25099	2	*	*	*	*	100.0	GU233805	*
D	25106	2	*	*	*	*	100.0	JN253539	*
D	25116	2	*	*	*	*	100.0	GU592003	*
D	25124	2	*	*	*	*	100.0	GQ129211	*
D	25129	2	*	*	*	*	100.0	AF515476	*
D	25179	2	*	*	*	*	100.0	FJ871094	*
D	25182	2	*	*	*	*	100.0	FJ871089	*
D	25183	2	*	*	*	*	100.0	GU827320	*
D	25233	2	*	*	*	*	100.0	AF410472	*
D	25251	2	*	*	*	*	100.0	FJ424261	*
D	25258	2	*	*	*	*	100.0	GU973704	*
D	25268	2	*	*	*	*	100.0	FJ231026	*
D	25272	2	*	*	*	*	100.0	GU973808	*
D	25277	2	*	*	*	*	100.0	AY373928	*
D	25289	2	*	*	*	*	100.0	GU979824	*
D	25333	2	*	*	*	*	100.0	DQ367882	*
D	25340	2	*	*	*	*	100.0	HE572543	*
D	25383	2	*	*	*	*	100.0	EU520200	*
D	25416	2	*	*	*	*	100.0	GU066834	*
D	25424	2	*	*	*	*	100.0	HM020682	*
D	25427	2	*	*	*	*	100.0	HM020692	*
D	25429	2	*	*	*	*	100.0	FJ816639	*
D	25435	2	*	*	*	*	100.0	HM595540	*
D	25451	2	*	*	*	*	100.0	HM037991	*
D	25457	2	*	*	*	*	100.0	UDB011534	*
D	25468	2	*	*	*	*	100.0	L29560	*
D	25472	2	*	*	*	*	100.0	HM049580	*
D	25479	2	*	*	*	*	100.0	GU111920	*
D	25490	2	*	*	*	*	100.0	HM057148	*
D	25506	3	*	*	*	*	100.0	HM060607	*
D	25517	2	*	*	*	*	100.0	FJ790843	*
D	25534	2	*	*	*	*	100.0	AF482853	*
D	25548	2	*	*	*	*	100.0	HM131339	*
D	25553	2	*	*	*	*	100.0	GQ169767	*
D	25600	2	*	*	*	*	100.0	HM161454	*
D	25602	2	*	*	*	*	100.0	HM161461	*
D	25621	2	*	*	*	*	100.0	HM180398	*
D	25637	2	*	*	*	*	100.0	HM205102	*
D	25656	2	*	*	*	*	100.0	DQ365612	*
D	25670	2	*	*	*	*	100.0	HM243159	*
D	25711	2	*	*	*	*	100.0	HQ630988	*
D	25723	2	*	*	*	*	100.0	HM461581	*
D	25760	2	*	*	*	*	100.0	HM485400	*
D	25771	2	*	*	*	*	100.0	JQ724023	*
D	25784	2	*	*	*	*	100.0	HM536085	*
D	25799	2	*	*	*	*	100.0	HM538548	*
D	25800	2	*	*	*	*	100.0	HM538566	*
D	25806	2	*	*	*	*	100.0	EU833206	*
D	25820	2	*	*	*	*	100.0	FJ774073	*
D	25850	2	*	*	*	*	100.0	HM578759	*
D	25855	2	*	*	*	*	100.0	HM581945	*
D	25861	2	*	*	*	*	100.0	HM582192	*
D	25868	2	*	*	*	*	100.0	HM583833	*
D	25885	2	*	*	*	*	100.0	HM595584	*
D	25893	2	*	*	*	*	100.0	HM595609	*
D	25897	2	*	*	*	*	100.0	HM595615	*
D	25913	2	*	*	*	*	100.0	HM623128	*
D	25923	2	*	*	*	*	100.0	HM635337	*
D	25958	2	*	*	*	*	100.0	GQ422470	*
D	25960	2	*	*	*	*	100.0	FJ210545	*
D	25973	2	*	*	*	*	100.0	EF393631	*
D	25980	2	*	*	*	*	100.0	GQ415344	*
D	25984	2	*	*	*	*	100.0	AF201756	*
D	25992	2	*	*	*	*	100.0	HM992500	*
D	26010	2	*	*	*	*	100.0	HQ012454	*
D	26017	2	*	*	*	*	100.0	AY313074	*
D	26035	2	*	*	*	*	100.0	HQ022458	*
D	26063	2	*	*	*	*	100.0	JN207268	*
D	26099	2	*	*	*	*	100.0	U78815	*
D	26114	2	*	*	*	*	100.0	HQ171232	*
D	26116	2	*	*	*	*	100.0	FJ866504	*
D	26127	2	*	*	*	*	100.0	HQ184961	*
D	26158	2	*	*	*	*	100.0	DQ914672	*
D	26167	2	*	*	*	*	100.0	HQ215817	*
D	26170	2	*	*	*	*	100.0	HQ215825	*
D	26194	2	*	*	*	*	100.0	DQ257363	*
D	26209	2	*	*	*	*	100.0	HQ248215	*
D	26215	2	*	*	*	*	100.0	EU057933	*
D	26223	2	*	*	*	*	100.0	AB615445	*
D	26236	2	*	*	*	*	99.0	AJ410757	*
D	26253	2	*	*	*	*	100.0	HQ318236	*
D	26257	2	*	*	*	*	100.0	HQ318272	*
D	26260	2	*	*	*	*	100.0	HQ318282	*
D	26287	2	*	*	*	*	100.0	HQ377291	*
D	26300	2	*	*	*	*	100.0	HQ386245	*
D	26322	2	*	*	*	*	100.0	HQ413278	*
D	26336	2	*	*	*	*	100.0	GU327634	*
D	26341	2	*	*	*	*	100.0	HQ436123	*
D	26355	2	*	*	*	*	100.0	HQ446342	*
D	26370	2	*	*	*	*	100.0	EF176459	*
D	26388	2	*	*	*	*	100.0	HQ533047	*
D	26389	2	*	*	*	*	100.0	HQ533048	*
D	26390	2	*	*	*	*	100.0	HQ533049	*
D	26405	2	*	*	*	*	100.0	HQ533851	*
D	26408	2	*	*	*	*	100.0	EF029230	*
D	26420	2	*	*	*	*	100.0	HQ542918	*
D	26424	2	*	*	*	*	100.0	HQ585901	*
D	26426	2	*	*	*	*	100.0	HQ585903	*
D	26429	2	*	*	*	*	100.0	HQ586855	*
D	26440	2	*	*	*	*	100.0	FJ623267	*
D	26457	2	*	*	*	*	100.0	HQ602666	*
D	26475	2	*	*	*	*	100.0	HQ604361	*
D	26504	2	*	*	*	*	100.0	EF530927	*
D	26519	2	*	*	*	*	100.0	HQ605940	*
D	26529	2	*	*	*	*	100.0	HQ608027	*
D	26566	2	*	*	*	*	100.0	HQ630350	*
D	26577	2	*	*	*	*	100.0	HQ630987	*
D	26579	2	*	*	*	*	100.0	HQ630992	*
D	26631	2	*	*	*	*	100.0	HQ650653	*
D	26656	2	*	*	*	*	100.0	EU034671	*
D	26657	2	*	*	*	*	100.0	HQ650710	*
D	26694	2	*	*	*	*	100.0	HQ667546	*
D	26713	2	*	*	*	*	100.0	HQ691408	*
D	26717	2	*	*	*	*	100.0	HQ695011	*
D	26738	2	*	*	*	*	100.0	AF396862	*
D	26753	2	*	*	*	*	100.0	HQ699658	*
D	26765	2	*	*	*	*	100.0	DQ780361	*
D	26767	2	*	*	*	*	100.0	GU981614	*
D	26773	2	*	*	*	*	100.0	HQ713761	*
D	26775	2	*	*	*	*	100.0	HQ713777	*
D	26785	2	*	*	*	*	100.0	HQ725088	*
D	26787	2	*	*	*	*	100.0	HQ728298	*
D	26795	2	*	*	*	*	100.0	HQ738654	*
D	26798	2	*	*	*	*	100.0	HQ827179	*
D	26820	2	*	*	*	*	100.0	HQ832490	*
D	26841	2	*	*	*	*	100.0	JN030986	*
D	26846	2	*	*	*	*	100.0	HQ843035	*
D	26863	2	*	*	*	*	100.0	HQ847036	*
D	26886	2	*	*	*	*	100.0	JQ397181	*
D	26903	2	*	*	*	*	100.0	FJ715822	*
D	26908	2	*	*	*	*	100.0	HQ889709	*
D	26916	2	*	*	*	*	100.0	GQ906948	*
D	26921	2	*	*	*	*	100.0	HQ891110	*
D	26925	2	*	*	*	*	100.0	HQ893783	*
D	26929	2	*	*	*	*	100.0	HQ897793	*
D	26940	2	*	*	*	*	100.0	HQ897823	*
D	26964	2	*	*	*	*	100.0	FJ571451	*
D	27012	2	*	*	*	*	100.0	JF273527	*
D	27030	2	*	*	*	*	100.0	GU373489	*
D	27059	2	*	*	*	*	100.0	JF314510	*
D	27066	2	*	*	*	*	100.0	FJ903349	*
D	27067	2	*	*	*	*	100.0	GU062246	*
D	27084	2	*	*	*	*	100.0	JF419894	*
D	27137	2	*	*	*	*	100.0	JF440612	*
D	27167	2	*	*	*	*	100.0	UDB003320	*
D	27205	2	*	*	*	*	100.0	FM205665	*
D	27221	2	*	*	*	*	100.0	JF797200	*
D	27233	2	*	*	*	*	100.0	JF908439	*
D	27241	2	*	*	*	*	100.0	DQ683757	*
D	27244	2	*	*	*	*	100.0	JF681958	*
D	27245	2	*	*	*	*	100.0	JF681959	*
D	27260	2	*	*	*	*	100.0	JF701707	*
D	27279	2	*	*	*	*	100.0	JF701767	*
D	27343	2	*	*	*	*	100.0	FJ687269	*
D	27348	2	*	*	*	*	100.0	JF747053	*
D	27354	2	*	*	*	*	100.0	UDB011468	*
D	27376	2	*	*	*	*	100.0	JF795289	*
D	27402	2	*	*	*	*	100.0	JF817255	*
D	27403	2	*	*	*	*	100.0	JF817313	*
D	27418	2	*	*	*	*	100.0	JF831049	*
D	27424	2	*	*	*	*	100.0	JF834344	*
D	27426	2	*	*	*	*	100.0	JF834354	*
D	27441	2	*	*	*	*	100.0	DQ097878	*
D	27468	2	*	*	*	*	100.0	JF907963	*
D	27479	2	*	*	*	*	100.0	JF907993	*
D	27554	2	*	*	*	*	100.0	JF908385	*
D	27558	2	*	*	*	*	100.0	JF908398	*
D	27562	2	*	*	*	*	100.0	JF908402	*
D	27572	2	*	*	*	*	100.0	DQ490644	*
D	27574	2	*	*	*	*	100.0	JF908471	*
D	27588	2	*	*	*	*	100.0	JF908562	*
D	27592	2	*	*	*	*	100.0	JF908572	*
D	27627	2	*	*	*	*	100.0	JF922046	*
D	27637	2	*	*	*	*	100.0	FJ613267	*
D	27647	2	*	*	*	*	100.0	GU062312	*
D	27681	2	*	*	*	*	100.0	JF974085	*
D	27747	2	*	*	*	*	100.0	JN039042	*
D	27748	2	*	*	*	*	100.0	JN039043	*
D	27771	2	*	*	*	*	100.0	JN081877	*
D	27795	2	*	*	*	*	100.0	JQ425384	*
D	27814	2	*	*	*	*	100.0	JN153068	*
D	27816	2	*	*	*	*	100.0	JN157802	*
D	27817	2	*	*	*	*	100.0	DQ411545	*
D	27823	2	*	*	*	*	100.0	JN159667	*
D	27842	2	*	*	*	*	100.0	JN164957	*
D	27848	2	*	*	*	*	100.0	JN165010	*
D	27853	2	*	*	*	*	100.0	JN168664	*
D	27877	2	*	*	*	*	100.0	JN182920	*
D	27900	2	*	*	*	*	100.0	HQ213809	*
D	27923	2	*	*	*	*	100.0	JN207240	*
D	27937	2	*	*	*	*	100.0	FR667973	*
D	27958	2	*	*	*	*	100.0	JN241559	*
D	27965	2	*	*	*	*	100.0	AJ853459	*
D	27977	2	*	*	*	*	100.0	JN367290	*
D	27991	2	*	*	*	*	100.0	JN392213	*
D	27992	2	*	*	*	*	100.0	JN392267	*
D	27997	2	*	*	*	*	100.0	JQ768940	*
D	28000	2	*	*	*	*	100.0	JN400826	*
D	28006	2	*	*	*	*	100.0	GU565135	*
D	28011	2	*	*	*	*	100.0	JN564004	*
D	28078	2	*	*	*	*	100.0	JN641784	*
D	28079	3	*	*	*	*	100.0	JN641786	*
D	28085	2	*	*	*	*	100.0	JN642228	*
D	28087	2	*	*	*	*	100.0	JN642230	*
D	28129	2	*	*	*	*	100.0	GQ458041	*
D	28232	2	*	*	*	*	100.0	FJ865436	*
D	28240	2	*	*	*	*	100.0	JN899325	*
D	28244	2	*	*	*	*	100.0	HQ115695	*
D	28251	2	*	*	*	*	100.0	JN899387	*
D	28264	2	*	*	*	*	100.0	JN942162	*
D	28274	2	*	*	*	*	100.0	JN942635	*
D	28277	2	*	*	*	*	100.0	JN942785	*
D	28329	2	*	*	*	*	100.0	JN943502	*
D	28341	2	*	*	*	*	100.0	JN943621	*
D	28357	2	*	*	*	*	100.0	JN943895	*
D	28359	2	*	*	*	*	100.0	GU234029	*
D	28371	2	*	*	*	*	100.0	JN944082	*
D	28435	2	*	*	*	*	100.0	JQ317571	*
D	28439	2	*	*	*	*	100.0	JQ317577	*
D	28441	2	*	*	*	*	100.0	JQ317580	*
D	28454	2	*	*	*	*	100.0	JQ350859	*
D	28488	2	*	*	*	*	100.0	L18906	*
D	28490	2	*	*	*	*	100.0	L42445	*
D	28503	2	*	*	*	*	100.0	L54109	*
D	28504	2	*	*	*	*	100.0	AY880940	*
D	28506	2	*	*	*	*	100.0	L54102	*
D	28514	2	*	*	*	*	100.0	U04079	*
D	28537	2	*	*	*	*	100.0	U35283	*
D	28542	2	*	*	*	*	100.0	U33077	*
D	28550	2	*	*	*	*	100.0	U38628	*
D	28580	2	*	*	*	*	100.0	U51960	*
D	28592	2	*	*	*	*	100.0	U56039	*
D	28593	2	*	*	*	*	100.0	U56044	*
D	28630	2	*	*	*	*	100.0	AF026308	*
D	28638	2	*	*	*	*	100.0	U68318	*
D	28652	2	*	*	*	*	100.0	U74616	*
D	28703	2	*	*	*	*	100.0	AF377205	*
D	28707	2	*	*	*	*	100.0	UDB000055	*
D	28743	2	*	*	*	*	100.0	UDB000291	*
D	28748	2	*	*	*	*	100.0	UDB000322	*
D	28753	2	*	*	*	*	100.0	AF418633	*
D	28776	2	*	*	*	*	100.0	UDB000518	*
D	28809	2	*	*	*	*	100.0	UDB000630	*
D	28823	2	*	*	*	*	100.0	FJ845442	*
D	28854	2	*	*	*	*	100.0	UDB000987	*
D	28859	2	*	*	*	*	100.0	UDB000995	*
D	28861	2	*	*	*	*	100.0	AF389168	*
D	28866	2	*	*	*	*	100.0	UDB001090	*
D	28872	2	*	*	*	*	100.0	JF907762	*
D	28877	2	*	*	*	*	100.0	UDB001133	*
D	28894	2	*	*	*	*	100.0	UDB001382	*
D	28906	2	*	*	*	*	100.0	FJ501551	*
D	28911	2	*	*	*	*	100.0	JQ888174	*
D	28920	2	*	*	*	*	100.0	AY880939	*
D	28926	2	*	*	*	*	100.0	DQ499640	*
D	28960	2	*	*	*	*	100.0	AY669532	*
D	28966	2	*	*	*	*	100.0	AF085485	*
D	28969	2	*	*	*	*	100.0	JF907904	*
D	28980	2	*	*	*	*	100.0	UDB002355	*
D	28995	2	*	*	*	*	100.0	EU712092	*
D	29001	2	*	*	*	*	100.0	UDB002802	*
D	29022	2	*	*	*	*	100.0	AM946525	*
D	29072	2	*	*	*	*	100.0	UDB008309	*
D	29089	2	*	*	*	*	100.0	FJ596815	*
D	29091	2	*	*	*	*	100.0	UDB011146	*
D	29109	2	*	*	*	*	100.0	UDB011208	*
D	29114	2	*	*	*	*	100.0	UDB011229	*
D	29140	2	*	*	*	*	100.0	AY174786	*
D	29141	2	*	*	*	*	100.0	FJ157142	*
D	29147	2	*	*	*	*	100.0	UDB011622	*
D	29161	2	*	*	*	*	100.0	AM946511	*
D	29168	2	*	*	*	*	100.0	AF454588	*
D	29174	2	*	*	*	*	100.0	UDB011430	*
D	29183	2	*	*	*	*	100.0	DQ066402	*
D	29209	2	*	*	*	*	100.0	AJ547887	*
D	29212	2	*	*	*	*	100.0	FM208872	*
D	29216	2	*	*	*	*	100.0	EF685053	*
D	29236	2	*	*	*	*	100.0	AY462032	*
D	29250	2	*	*	*	*	100.0	EU784415	*
D	29257	2	*	*	*	*	100.0	AF454430	*
D	29266	2	*	*	*	*	100.0	UDB011648	*
D	29267	2	*	*	*	*	100.0	AM946498	*
D	29269	2	*	*	*	*	100.0	UDB011668	*
D	29291	2	*	*	*	*	100.0	UDB011743	*
D	29302	2	*	*	*	*	100.0	UDB011765	*
D	29316	2	*	*	*	*	100.0	UDB011788	*
D	29342	2	*	*	*	*	100.0	UDB011841	*
D	29352	2	*	*	*	*	100.0	EU784202	*
D	29362	2	*	*	*	*	100.0	UDB011896	*
D	29366	2	*	*	*	*	100.0	JQ417289	*
D	29374	2	*	*	*	*	100.0	X82505	*
D	29416	2	*	*	*	*	100.0	Z81438	*
D	29424	2	*	*	*	*	100.0	EU181454	*
D	29428	2	*	*	*	*	100.0	EU519461	*
D	29430	2	*	*	*	*	100.0	EU664469	*
