dataset	level	iteration	method	parameters	seq_id               	observed_taxonomy	expected_taxonomy	result	mismatch_level
F1-REF	5	0	rdp	0.1	AF224395	Root;Ascomycota;Lecanoromycetes;Teloschistales;Physciaceae;Rinodina;Rinodina_septentrionalis	Root;Ascomycota;Lecanoromycetes;Teloschistales;Physciaceae;Physcia	overclassification	5
F1-REF	5	0	rdp	0.1	FN547645	Root;Glomeromycota;Glomeromycetes;Glomerales;Glomeraceae;Glomus;Glomus_aurantium	Root;Glomeromycota;Glomeromycetes;Diversisporales;Diversisporaceae;Diversispora	misclassification	3
F1-REF	5	0	rdp	0.1	U57988	Root;Ascomycota;Leotiomycetes;Helotiales;Hyaloscyphaceae;Lachnum;Lachnum_nudipes	Root;Ascomycota;Leotiomycetes;Helotiales;Hyaloscyphaceae;Perrotia	overclassification	5
F1-REF	5	0	rdp	0.1	EU819445	Root;Basidiomycota;Tremellomycetes;Tremellales;Exidiaceae;Sebacina;Sebacina	Root;Basidiomycota;Tremellomycetes;Tremellales;Exidiaceae;Tremellodendron	overclassification	5
F1-REF	5	0	rdp	0.1	AF479669	Root;Basidiomycota;Agaricomycetes;Hymenochaetales;Schizoporaceae;Oxyporus;Irpex_vellereus	Root;Basidiomycota;Agaricomycetes;Polyporales;Phanerochaetaceae;Australohydnum	misclassification	3
F1-REF	5	0	rdp	0.1	EU293816	Root;Basidiomycota;Agaricomycetes;Thelephorales;Bankeraceae;Boletopsis;Boletopsis_subsquamosa	Root;Basidiomycota;Agaricomycetes;Thelephorales;Bankeraceae;Sarcodon	overclassification	5
F1-REF	5	0	rdp	0.1	HQ650647	Root;Ascomycota;Lecanoromycetes;Lecanorales;Ramalinaceae;Biatora;Biatora_sphaeroidiza	Root;Ascomycota;Lecanoromycetes;Lecanorales;Ramalinaceae;Squamarina	overclassification	5
F1-REF	5	0	rdp	0.1	AF291284	Root;Basidiomycota;Tremellomycetes;Tremellales;Exidiaceae;Sebacina;Sebacina_calcea	Root;Basidiomycota;Tremellomycetes;Tremellales;Exidiaceae;Heterochaete	overclassification	5
F1-REF	5	0	rdp	0.1	GQ254687	Root;Ascomycota;Dothideomycetes;Botryosphaeriales;Botryosphaeriaceae;Microdiplodia;Microdiplodia_miyakei	Root;Ascomycota;Dothideomycetes;Pleosporales;Pleosporaceae;Leptosphaerulina	misclassification	3
F1-REF	5	0	rdp	0.1	FJ372685	Root;Basidiomycota;Agaricomycetes;Polyporales;Polyporaceae;Trametes;Trametes_punicea	Root;Basidiomycota;Agaricomycetes;Polyporales;Polyporaceae;Pycnoporus	overclassification	5
F1-REF	5	0	rdp	0.1	GU062254	Root;Ascomycota;Dothideomycetes;Capnodiales;Mycosphaerellaceae;Mycosphaerella;Ascochyta_pinodes	Root;Ascomycota;Dothideomycetes;Pleosporales;Leptosphaeriaceae;Peyronellaea	misclassification	3
F1-REF	5	0	rdp	0.1	AY367612	Root;Basidiomycota;Agaricomycetes;Agaricales;Tricholomataceae;Apterostigma_calverti_fungal_symbiont_s2;Apterostigma_calverti_fungal_symbiont_s2	Root;Basidiomycota;Agaricomycetes;Agaricales;Tricholomataceae;Apterostigma_manni_fungal_symbiont_s86	overclassification	5
F1-REF	5	0	rdp	0.1	GQ919276	Root;Ascomycota;Lecanoromycetes;Lecanorales;Parmeliaceae;Remototrachyna_costaricensis;Remototrachyna_costaricensis	Root;Ascomycota;Lecanoromycetes;Lecanorales;Parmeliaceae;Remototrachyna_dodapetta	overclassification	5
F1-REF	5	0	rdp	0.1	AB361643	Root;Ascomycota;Eurotiomycetes;Onygenales	Root;Ascomycota;Eurotiomycetes;Onygenales;Gymnoascaceae;Gymnoascus	underclassification	4
F1-REF	5	0	rdp	0.1	FJ594063	Root;Basidiomycota;Agaricomycetes;Polyporales;Phanerochaetaceae;Ceraceomyces;Ceraceomyces_americanus	Root;Basidiomycota;Agaricomycetes;Polyporales;Meruliaceae;Phlebia	misclassification	4
F1-REF	5	0	rdp	0.1	AB509853	Root;Basidiomycota;Agaricomycetes;Hymenochaetales;Hymenochaetaceae;Inocutis;Inocutis_jamaicensis	Root;Basidiomycota;Agaricomycetes;Russulales;Stereaceae;Xylobolus	misclassification	3
F1-REF	5	0	rdp	0.1	FJ914687	Root;Ascomycota;Sordariomycetes;Microascales;Microascaceae;Doratomyces;Doratomyces_verrucisporus	Root;Ascomycota;Sordariomycetes;Microascales;Microascaceae;Cephalotrichum	overclassification	5
F1-REF	5	0	rdp	0.1	DQ923529	Root;Ascomycota;Dothideomycetes;Capnodiales;Teratosphaeriaceae;Teratosphaeria;Teratosphaeria_pluritubularis	Root;Ascomycota;Dothideomycetes;Capnodiales;Teratosphaeriaceae;Colletogloeopsis	overclassification	5
F1-REF	5	0	rdp	0.1	HM005147	Root;Basidiomycota;Agaricomycetes;Agaricales;Physalacriaceae;Hymenopellis_gigaspora;Hymenopellis_gigaspora	Root;Basidiomycota;Agaricomycetes;Agaricales;Physalacriaceae;Protoxerula_flavo_olivacea	overclassification	5
F1-REF	5	0	rdp	0.1	AF345807	Root;Basidiomycota;Agaricomycetes;Agaricales;Strophariaceae;Pholiota;Flammula_alnicola	Root;Basidiomycota;Agaricomycetes;Agaricales;Strophariaceae;Kuehneromyces	overclassification	5
F1-REF	5	0	rdp	0.1	DQ001271	Root;Ascomycota;Lecanoromycetes;Lecanorales;Parmeliaceae;Cetrariella;Cetrariella_fastigiata	Root;Ascomycota;Lecanoromycetes;Lecanorales;Parmeliaceae;Allocetraria	overclassification	5
F1-REF	5	0	rdp	0.1	DQ001273	Root;Ascomycota;Lecanoromycetes;Lecanorales;Parmeliaceae	Root;Ascomycota;Lecanoromycetes;Lecanorales;Parmeliaceae;Anzia	match	5
F1-REF	5	0	rdp	0.1	DQ116558	Root;Ascomycota;Leotiomycetes;Helotiales	Root;Ascomycota;Leotiomycetes;Helotiales;Helotiaceae;Gremmeniella	underclassification	4
F1-REF	5	0	rdp	0.1	AF138833	Root;Ascomycota;Pezizomycetes;Pezizales	Root;Ascomycota;Arthoniomycetes;Arthoniales;Arthoniaceae;Sagenidiopsis	misclassification	2
F1-REF	5	0	rdp	0.1	AF033389	Root;Ascomycota;Eurotiomycetes;Eurotiales;Trichocomaceae;Talaromyces;Talaromyces_emersonii	Root;Ascomycota;Eurotiomycetes;Eurotiales;Trichocomaceae;Rasamsonia_argillacea	overclassification	5
F1-REF	5	0	rdp	0.1	AY046176	Root;Ascomycota;Saccharomycetes;Saccharomycetales;Saccharomycetaceae;Nakaseomyces	Root;Ascomycota;Saccharomycetes;Saccharomycetales;Saccharomycetaceae;Tetrapisispora	overclassification	5
F1-REF	5	0	rdp	0.1	AB072233	Root;Basidiomycota;Tremellomycetes;Cystofilobasidiales;Cystofilobasidiaceae;Udeniomyces;Udeniomyces_pannonicus	Root;Basidiomycota;Tremellomycetes;Cystofilobasidiales;Cystofilobasidiaceae;Itersonilia	overclassification	5
F1-REF	5	0	rdp	0.1	AJ458187	Root;Ascomycota;Sordariomycetes;Sordariales;Lasiosphaeriaceae;Podospora;Podospora_appendiculata	Root;Ascomycota;Sordariomycetes;Sordariales;Sordariaceae;Coronatomyces	misclassification	4
F1-REF	5	0	rdp	0.1	HQ676140	Root;Basidiomycota;Agaricomycetes;Polyporales;Polyporaceae;Wolfiporia;Wolfiporia_dilatohypha	Root;Basidiomycota;Agaricomycetes;Polyporales;Polyporaceae;Laetiporus	overclassification	5
F1-REF	5	0	rdp	0.1	AJ271430	Root;Ascomycota;Eurotiomycetes;Onygenales;Onygenaceae;Chrysosporium;Chrysosporium_vallenarense	Root;Ascomycota;Eurotiomycetes;Onygenales;Onygenaceae;Shanorella	overclassification	5
F1-REF	5	0	rdp	0.1	EU669394	Root;Basidiomycota;Agaricomycetes;Russulales;Albatrellaceae;Scutiger;Albatrellus_pes-caprae	Root;Basidiomycota;Agaricomycetes;Russulales;Albatrellaceae;Albatrellus	overclassification	5
F1-REF	5	0	rdp	0.1	EU142917	Root;Ascomycota;Lecanoromycetes	Root;Ascomycota;Lecanoromycetes;Lecanorales;Parmeliaceae;Cetrelia	underclassification	3
F1-REF	5	0	rdp	0.1	FJ172271	Root;Ascomycota;Sordariomycetes;Xylariales;Xylariaceae	Root;Ascomycota;Sordariomycetes;Xylariales;Xylariaceae;Xylotumulus	match	5
F1-REF	5	0	rdp	0.1	FJ839635	Root;Ascomycota;Dothideomycetes;Capnodiales;Mycosphaerellaceae;Verrucisporota_grevilleae;Verrucisporota_grevilleae	Root;Ascomycota;Dothideomycetes;Capnodiales;Mycosphaerellaceae;Verrucisporota_proteacearum	overclassification	5
F1-REF	5	0	rdp	0.1	AY916470	Root;Ascomycota;Dothideomycetes;Pleosporales;Tubeufiaceae;Helicoma;Helicoma_violaceum	Root;Ascomycota;Dothideomycetes;Pleosporales;Tubeufiaceae;Helicosporium	overclassification	5
F1-REF	5	0	rdp	0.1	GQ919278	Root;Ascomycota;Lecanoromycetes;Lecanorales;Parmeliaceae;Hypotrachyna;Hypotrachyna_incognita	Root;Ascomycota;Lecanoromycetes;Lecanorales;Parmeliaceae;Remototrachyna_aff_infirma_MAF_Lich_15611	overclassification	5
F1-REF	5	0	rdp	0.1	AY740153	Root;Basidiomycota;Ustilaginomycetes;Ustilaginales;Ustilaginaceae;Pseudozyma;Pseudozyma_antarctica	Root;Basidiomycota;Ustilaginomycetes;Ustilaginales;Ustilaginaceae;Moesziomyces	overclassification	5
F1-REF	5	0	rdp	0.1	AY487968	Root;Basidiomycota;Agaricomycetes;Gomphales;Gomphaceae;Clavariadelphus;Clavariadelphus_sachalinensis	Root;Basidiomycota;Agaricomycetes;Geastrales;Geastraceae;Sphaerobolus	misclassification	3
F1-REF	5	0	rdp	0.1	DQ534469	Root;Ascomycota;Lecanoromycetes;Lecanorales;Parmeliaceae;Kaernefeltia;Kaernefeltia_merrillii	Root;Ascomycota;Lecanoromycetes;Lecanorales;Lecanoraceae;Lecanora	misclassification	4
F1-REF	5	0	rdp	0.1	FJ786401	Root;Ascomycota;Dothideomycetes;Botryosphaeriales;Botryosphaeriaceae;Dothiorella;Dothiorella_longicollis	Root;Ascomycota;Dothideomycetes;Pleosporales;Dothidotthiaceae;Spencermartinsia	misclassification	3
F1-REF	5	0	rdp	0.1	EU552155	Root;Ascomycota;Sordariomycetes;Xylariales;Amphisphaeriaceae;Seimatosporium;Seimatosporium_grevilleae	Root;Ascomycota;Sordariomycetes;Xylariales;Amphisphaeriaceae;Sarcostroma	overclassification	5
F1-REF	5	0	rdp	0.1	GU234028	Root;Basidiomycota;Agaricomycetes;Agaricales;Lyophyllaceae;Tephrocybe;Tephrocybe_gibberosa	Root;Basidiomycota;Agaricomycetes;Agaricales;Tricholomataceae;Cystoderma	misclassification	4
F1-REF	5	0	rdp	0.1	HQ650619	Root;Ascomycota;Dothideomycetes;Pleosporales;Venturiaceae;Venturia;Venturia_atriseda	Root;Ascomycota;Lecanoromycetes;Lecanorales;Psoraceae;Psora	misclassification	2
F1-REF	5	0	rdp	0.1	JN053487	Root;Basidiomycota;Tremellomycetes;Tremellales;Tremellaceae	Root;Basidiomycota;Pucciniomycetes;Platygloeales;Platygloeaceae;Biatoropsis	misclassification	2
F1-REF	5	0	rdp	0.1	HQ650610	Root;Ascomycota;Lecanoromycetes;Lecanorales;Parmeliaceae;Melanelixia;Melanelixia_fuliginosa	Root;Ascomycota;Lecanoromycetes;Lecanorales;Parmeliaceae;Bryoria	overclassification	5
F1-REF	5	0	rdp	0.1	AF394020	Root;Ascomycota;Pezizomycetes;Pezizales;Sarcoscyphaceae;Sarcoscypha;Sarcoscypha_hosoyae	Root;Ascomycota;Pezizomycetes;Pezizales;Sarcoscyphaceae;Cookeina	overclassification	5
F1-REF	5	0	rdp	0.1	JF419897	Root;Ascomycota;Dothideomycetes;Pleosporales;Lindgomycetaceae;Lindgomyces_apiculatus;Lindgomyces_apiculatus	Root;Ascomycota;Dothideomycetes;Pleosporales;Lindgomycetaceae;Lindgomyces_breviappendiculatus	overclassification	5
F1-REF	5	0	rdp	0.1	EU852799	Root;Ascomycota;Lecanoromycetes;Teloschistales;Physciaceae;Phaeorrhiza;Phaeorrhiza_sareptana	Root;Ascomycota;Pezizomycetes;Pezizales;Pyronemataceae;Otidea	misclassification	2
F1-REF	5	0	rdp	0.1	AF357037	Root;Basidiomycota;Agaricomycetes;Agaricales;Lyophyllaceae;Tephrocybe;Lyophyllum_atratum	Root;Basidiomycota;Agaricomycetes;Agaricales;Lyophyllaceae;Asterophora	overclassification	5
F1-REF	5	0	rdp	0.1	FJ177450	Root;Ascomycota;Sordariomycetes;Hypocreales;Ophiocordycipitaceae;Ophiocordyceps;Ophiocordyceps_myrmecophila	Root;Ascomycota;Sordariomycetes;Hypocreales;Clavicipitaceae;Beauveria	misclassification	4
F1-REF	5	0	rdp	0.1	AF444299	Root;Basidiomycota;Agaricomycetes;Agaricales;Pleurotaceae;Pleurotus	Root;Basidiomycota;Tremellomycetes;Cystofilobasidiales;Cystofilobasidiaceae;Cystofilobasidium	misclassification	2
F1-REF	5	0	rdp	0.1	AY872281	Root;Ascomycota	Root;Basidiomycota;Agaricomycetes;Gomphales;Gomphaceae;Gloeocantharellus	misclassification	1
F1-REF	5	0	rdp	0.1	EU920673	Root;Basidiomycota;Agaricomycetes;Russulales;Russulaceae	Root;Basidiomycota;Agaricomycetes;Agaricales;Pluteaceae;Volvariella	misclassification	3
F1-REF	5	0	rdp	0.1	EF120414	Root;Ascomycota;Dothideomycetes;Pleosporales;Sporormiaceae;Preussia;Sporormiella_isomera	Root;Ascomycota;Sordariomycetes;Sordariales;Chaetomiaceae;Humicola	misclassification	2
F1-REF	5	0	rdp	0.1	FJ904627	Root;Ascomycota;Sordariomycetes;Hypocreales;Hypocreaceae;Sepedonium;Sepedonium_chalcipori	Root;Ascomycota;Sordariomycetes;Hypocreales;Hypocreaceae;Mycogone	overclassification	5
F1-REF	5	0	rdp	0.1	GQ337912	Root;Basidiomycota;Agaricomycetes;Polyporales;Ganodermataceae;Amauroderma;Amauroderma_subresinosum	Root;Basidiomycota;Agaricomycetes;Polyporales;Fomitopsidaceae;Donkioporia	misclassification	4
F1-REF	5	0	rdp	0.1	U57496	Root;Ascomycota;Leotiomycetes;Helotiales;Hyaloscyphaceae;Hyphodiscus;Hyphodiscus_otanii	Root;Ascomycota;Leotiomycetes;Helotiales;Hyaloscyphaceae;Arachnopeziza	overclassification	5
F1-REF	5	0	rdp	0.1	GQ337914	Root;Basidiomycota;Agaricomycetes;Polyporales;Polyporaceae;Heliocybe;Heliocybe_sulcata	Root;Basidiomycota;Agaricomycetes;Polyporales;Polyporaceae;Neolentinus	overclassification	5
F1-REF	5	0	rdp	0.1	AF059597	Root;Basidiomycota;Agaricomycetes;Agaricales;Strophariaceae;Weraroa;Weraroa_cucullata	Root;Basidiomycota;Agaricomycetes;Agaricales;Strophariaceae;Stropharia	overclassification	5
F1-REF	5	0	rdp	0.1	EF373566	Root;Ascomycota;Lecanoromycetes;Lecanorales;Parmeliaceae;Cetrariella;Cetrariella_fastigiata	Root;Ascomycota;Lecanoromycetes;Lecanorales;Parmeliaceae;Cetraria	overclassification	5
F1-REF	5	0	rdp	0.1	JF908767	Root;Ascomycota;Dothideomycetes	Root;Ascomycota;Pezizomycetes;Pezizales;Pyronemataceae;Hydnocystis	misclassification	2
F1-REF	5	0	rdp	0.1	EF121862	Root;Ascomycota;Sordariomycetes;Hypocreales;Ophiocordycipitaceae;Ophiocordyceps;Ophiocordyceps_emeiensis	Root;Ascomycota;Sordariomycetes;Hypocreales;Nectriaceae;Lanatonectria	misclassification	4
F1-REF	5	0	rdp	0.1	JF908763	Root;Basidiomycota;Agaricomycetes;Agaricales	Root;Ascomycota;Pezizomycetes;Pezizales;Pyronemataceae;Genabea	misclassification	1
F1-REF	5	0	rdp	0.1	EU784156	Root;Ascomycota;Lecanoromycetes;Lecanorales;Parmeliaceae;Melanelixia;Melanelixia_fuliginosa	Root;Ascomycota;Lecanoromycetes;Lecanorales;Parmeliaceae;Melanelia	overclassification	5
F1-REF	5	0	rdp	0.1	AB056132	Root;Ascomycota;Saccharomycetes;Saccharomycetales;Saccharomycetaceae;Kluyveromyces;Kluyveromyces_yarrowii	Root;Ascomycota;Saccharomycetes;Saccharomycetales;Saccharomycodaceae;Saccharomycodes	misclassification	4
F1-REF	5	0	rdp	0.1	GQ981522	Root;Basidiomycota;Agaricomycetes;Agaricales	Root;Ascomycota;Pezizomycetes;Pezizales;Sarcosomataceae;Pseudoplectania	misclassification	1
F1-REF	5	0	rdp	0.1	FJ903322	Root;Basidiomycota;Agaricomycetes;Russulales;Stereaceae;Acanthophysium;Acanthophysium_lividocaeruleum	Root;Basidiomycota;Agaricomycetes;Russulales;Stereaceae;Stereum	overclassification	5
F1-REF	5	0	rdp	0.1	FJ999711	Root;Ascomycota;Dothideomycetes;Capnodiales;Mycosphaerellaceae;Cladosporium;Cladosporium	Root;Ascomycota;Dothideomycetes;Capnodiales;Mycosphaerellaceae;Davidiella	overclassification	5
F1-REF	5	0	rdp	0.1	FJ499393	Root;Ascomycota;Pezizomycetes;Pezizales	Root;Ascomycota;Pezizomycetes;Pezizales;Sarcosomataceae;Sarcosoma	underclassification	4
F1-REF	5	0	rdp	0.1	AY176449	Root;Basidiomycota;Agaricomycetes;Agaricales;Cortinariaceae;Inocybe;Inocybe_phaeosticta	Root;Basidiomycota;Agaricomycetes;Agaricales;Tricholomataceae;Leucopholiota	misclassification	4
F1-REF	5	0	rdp	0.1	AY652759	Root;Basidiomycota;Pucciniomycetes;Pucciniales;Pucciniaceae;Puccinia;Puccinia_sessilis	Root;Basidiomycota;Pucciniomycetes;Pucciniales;Pucciniaceae;Endophyllum	overclassification	5
F1-REF	5	0	rdp	0.1	GQ169314	Root;Ascomycota;Eurotiomycetes;Eurotiales;Trichocomaceae;Neosartorya;Neosartorya_hiratsukae	Root;Ascomycota;Eurotiomycetes;Eurotiales;Trichocomaceae;Phialosimplex	overclassification	5
F1-REF	5	0	rdp	0.1	EU346953	Root;Ascomycota;Sordariomycetes;Coniochaetales;Coniochaetaceae;Coniochaeta	Root;Ascomycota;Pezizomycetes;Pezizales;Rhizinaceae;Rhizina	misclassification	2
F1-REF	5	0	rdp	0.1	HQ650711	Root;Ascomycota;Sordariomycetes	Root;Ascomycota;Lecanoromycetes;Ostropales;Gyalectaceae;Gyalecta	misclassification	2
F1-REF	5	0	rdp	0.1	JF681966	Root;Ascomycota;Sordariomycetes;Diaporthales;Valsaceae;Winterella;Winterella_aurantiaca	Root;Ascomycota;Sordariomycetes;Diaporthales;Melanconidaceae;Prosthecium	misclassification	4
F1-REF	5	0	rdp	0.1	DQ365668	Root;Basidiomycota;Agaricomycetes;Atheliales;Atheliaceae;Amphinema;Amphinema	Root;Basidiomycota;Agaricomycetes;Atheliales;Atheliaceae;Piloderma	overclassification	5
F1-REF	5	0	rdp	0.1	EF535707	Root;Ascomycota;Dothideomycetes;Capnodiales;Mycosphaerellaceae;Mycosphaerella;Mycosphaerella_eumusae	Root;Ascomycota;Dothideomycetes;Capnodiales;Mycosphaerellaceae;Phaeoisariopsis	overclassification	5
F1-REF	5	0	rdp	0.1	EU273515	Root;Ascomycota;Sordariomycetes;Hypocreales;Nectriaceae	Root;Ascomycota;Sordariomycetes;Hypocreales;Nectriaceae;Mariannaea	match	5
F1-REF	5	0	rdp	0.1	FJ914798	Root;Ascomycota;Lecanoromycetes;Lecanorales;Parmeliaceae;Kaernefeltia;Kaernefeltia_merrillii	Root;Ascomycota;Lecanoromycetes;Lecanorales;Parmeliaceae;Flavocetraria	overclassification	5
F1-REF	5	0	rdp	0.1	GQ229461	Root;Ascomycota;Saccharomycetes;Saccharomycetales;Trichomonascaceae;Arxula;Arxula_adeninivorans	Root;Ascomycota;Saccharomycetes;Saccharomycetales;Trichomonascaceae;Trichomonascus	overclassification	5
F1-REF	5	0	rdp	0.1	UDB011402	Root;Basidiomycota;Agaricomycetes;Agaricales;Physalacriaceae;Paraxerula_americana;Paraxerula_americana	Root;Basidiomycota;Agaricomycetes;Agaricales;Marasmiaceae;Strobilurus	misclassification	4
F1-REF	5	0	rdp	0.1	JN865203	Root;Ascomycota;Dothideomycetes;Pleosporales;Tubeufiaceae;Helicoma;Helicoma_ambiens	Root;Ascomycota;Dothideomycetes;Pleosporales;Tubeufiaceae;Tubeufia	overclassification	5
F1-REF	5	0	rdp	0.1	JN865201	Root;Ascomycota;Orbiliomycetes;Orbiliales;Orbiliaceae;Helicoon_gigantisporum;Helicoon_gigantisporum	Root;Ascomycota;Dothideomycetes;Pleosporales;Tubeufiaceae;Chlamydotubeufia_khunkornensis	misclassification	2
F1-REF	5	0	rdp	0.1	AF405301	Root;Ascomycota;Sordariomycetes;Xylariales;Amphisphaeriaceae;Pestalotiopsis;Pestalotiopsis_besseyi	Root;Ascomycota;Sordariomycetes;Xylariales;Amphisphaeriaceae;Bartalinia	overclassification	5
F1-REF	5	0	rdp	0.1	AB524805	Root;Ascomycota;Dothideomycetes;Pleosporales;Tetraplosphaeriaceae;Tetraplosphaeria;Tetraplosphaeria_yakushimensis	Root;Ascomycota;Dothideomycetes;Pleosporales;Lophiostomataceae;Tetraploa	misclassification	4
F1-REF	5	0	rdp	0.1	UDB003318	Root;Basidiomycota;Agaricomycetes;Thelephorales;Bankeraceae	Root;Basidiomycota;Agaricomycetes;Thelephorales;Thelephoraceae;Amaurodon	misclassification	4
F1-REF	5	0	rdp	0.1	DQ875354	Root;Basidiomycota;Ustilaginomycetes;Ustilaginales;Anthracoideaceae;Dermatosorus;Dermatosorus_cyperi	Root;Basidiomycota;Ustilaginomycetes;Ustilaginales;Anthracoideaceae;Trichocintractia	overclassification	5
F1-REF	5	0	rdp	0.1	DQ875356	Root;Basidiomycota;Ustilaginomycetes;Urocystidales;Urocystidaceae;Vankya;Vankya_heufleri	Root;Basidiomycota;Ustilaginomycetes;Urocystidales;Urocystidaceae;Ustacystis	overclassification	5
F1-REF	5	0	rdp	0.1	EU047803	Root;Basidiomycota;Agaricomycetes;Polyporales;Phanerochaetaceae;Ceraceomyces;Ceraceomyces_americanus	Root;Basidiomycota;Agaricomycetes;Polyporales;Phanerochaetaceae;Phanerochaete	overclassification	5
F1-REF	5	0	rdp	0.1	AJ271578	Root;Ascomycota;Sordariomycetes;Sordariales;Chaetomiaceae;Chaetomium;Chaetomium_globosum	Root;Ascomycota;Sordariomycetes;Sordariales;Chaetomiaceae;Thielavia	overclassification	5
F1-REF	5	0	rdp	0.1	EF527210	Root;Basidiomycota;Agaricomycetes;Hymenochaetales;Schizoporaceae;Hyphodontia;Hyphodontia_hastata	Root;Basidiomycota;Agaricomycetes;Hymenochaetales;Hymenochaetaceae;Phellinidium	misclassification	4
F1-REF	5	0	rdp	0.1	EF026128	Root;Ascomycota;Sordariomycetes;Microascales;Halosphaeriaceae	Root;Ascomycota;Sordariomycetes;Xylariales;Xylariaceae;Theissenia	misclassification	3
F1-REF	5	0	rdp	0.1	HM484865	Root;Ascomycota;Sordariomycetes;Hypocreales;Bionectriaceae;Sesquicillium;Sesquicillium_microsporum	Root;Ascomycota;Sordariomycetes;Hypocreales;Bionectriaceae;Nectriopsis	overclassification	5
F1-REF	5	0	rdp	0.1	FJ627252	Root;Basidiomycota;Agaricomycetes;Polyporales;Polyporaceae;Lentinus	Root;Basidiomycota;Agaricomycetes;Polyporales;Polyporaceae;Haploporus	overclassification	5
F1-REF	5	0	rdp	0.1	AF098410	Root	Root;Ascomycota;Lecanoromycetes;Ostropales;Thelotremataceae;Diploschistes	underclassification	1
F1-REF	5	0	rdp	0.1	EU644702	Root;Basidiomycota;Agaricomycetes;Russulales;Russulaceae;Lactarius;Lactarius_cremor	Root;Basidiomycota;Agaricomycetes;Russulales;Russulaceae;Arcangeliella	overclassification	5
F1-REF	5	0	rdp	0.1	EU784265	Root;Basidiomycota;Agaricomycetes;Russulales;Hericiaceae;Creolophus;Creolophus_cirrhatus	Root;Basidiomycota;Agaricomycetes;Russulales;Hericiaceae;Hericium	overclassification	5
F1-REF	5	0	rdp	0.1	AJ301962	Root;Ascomycota;Eurotiomycetes;Chaetothyriales;Herpotrichiellaceae;Phialophora;Phialophora_geniculata	Root;Ascomycota;Sordariomycetes;Hypocreales;Nectriaceae;Volutella	misclassification	2
F1-REF	5	0	rdp	0.1	HE611486	Root;Basidiomycota;Agaricomycetes;Cantharellales;Ceratobasidiaceae;Ceratobasidium	Root;Basidiomycota;Agaricomycetes;Corticiales;Corticiaceae;Waitea	misclassification	3
F1-REF	5	0	rdp	0.1	GU322457	Root;Ascomycota;Sordariomycetes;Xylariales;Xylariaceae;Rosellinia;Rosellinia_necatrix	Root;Ascomycota;Sordariomycetes;Xylariales;Xylariaceae;Amphirosellinia	overclassification	5
F1-REF	5	0	rdp	0.1	GQ913410	Root;Basidiomycota;Agaricomycetes;Agaricales;Physalacriaceae;Hymenopellis_rubrobrunnescens;Hymenopellis_rubrobrunnescens	Root;Basidiomycota;Agaricomycetes;Agaricales;Physalacriaceae;Hymenopellis_megalospora	overclassification	5
F1-REF	5	0	rdp	0.1	FJ904677	Root;Ascomycota;Leotiomycetes;Helotiales;Hyaloscyphaceae;Lasiobelonium;Lasiobelonium_lonicerae	Root;Ascomycota;Lecanoromycetes;Ostropales;Stictidaceae;Cryptodiscus	misclassification	2
F1-REF	5	0	rdp	0.1	EF600943	Root;Ascomycota;Dothideomycetes;Myriangiales;Elsinoaceae;Elsinoe;Elsinoe_proteae	Root;Ascomycota;Dothideomycetes;Myriangiales;Elsinoaceae;Sphaceloma	overclassification	5
F1-REF	5	0	rdp	0.1	FJ827711	Root;Chytridiomycota;Chytridiomycetes;Spizellomycetales;Spizellomycetaceae;Spizellomyces;Spizellomyces_palustris	Root;Chytridiomycota;Chytridiomycetes;Spizellomycetales;Spizellomycetaceae;Powellomyces	overclassification	5
F1-REF	5	0	rdp	0.1	AF444318	Root;Basidiomycota;Tremellomycetes;Tremellales;Cuniculitremaceae;Cuniculitrema;Cuniculitrema_polymorpha	Root;Basidiomycota;Tremellomycetes;Tremellales;Sirobasidiaceae;Fibulobasidium	misclassification	4
F1-REF	5	0	rdp	0.1	HQ897807	Root;Ascomycota;Sordariomycetes;Hypocreales;Nectriaceae	Root;Ascomycota;Sordariomycetes;Hypocreales;Nectriaceae;Pseudonectria	match	5
F1-REF	5	0	rdp	0.1	FJ627262	Root;Ascomycota;Dothideomycetes;Pleosporales;Montagnulaceae;Paraphaeosphaeria;Paraphaeosphaeria_michotii	Root;Basidiomycota;Agaricomycetes;Polyporales;Polyporaceae;Perenniporia	misclassification	1
F1-REF	5	0	rdp	0.1	AF506423	Root;Basidiomycota;Agaricomycetes;Polyporales;Polyporaceae;Daedaleopsis;Daedaleopsis_flavida	Root;Basidiomycota;Agaricomycetes;Polyporales;Hyphodermataceae;Metulodontia	misclassification	4
F1-REF	5	0	rdp	0.1	AB278192	Root;Ascomycota;Sordariomycetes;Ophiostomatales;Ophiostomataceae;Ophiostoma	Root;Ascomycota;Sordariomycetes;Sordariales;Cephalothecaceae;Fragosphaeria	misclassification	3
F1-REF	5	0	rdp	0.1	DQ641634	Root;Ascomycota;Sordariomycetes;Diaporthales;Gnomoniaceae;Gnomonia;Gnomonia_orcispora	Root;Ascomycota;Sordariomycetes;Xylariales;Xylariaceae;Nemania	misclassification	3
F1-REF	5	0	rdp	0.1	AF224333	Root;Ascomycota;Sordariomycetes;Coniochaetales;Coniochaetaceae;Coniochaeta;Coniochaeta_africana	Root;Ascomycota;Sordariomycetes;Ophiostomatales;Ophiostomataceae;Grosmannia	misclassification	3
F1-REF	5	0	rdp	0.1	EU598203	Root;Basidiomycota;Agaricomycetes;Agaricales;Marasmiaceae;Oudemansiella;Oudemansiella_mucida	Root;Basidiomycota;Agaricomycetes;Agaricales;Physalacriaceae;Mucidula	misclassification	4
F1-REF	5	0	rdp	0.1	EU697239	Root;Basidiomycota;Agaricomycetes;Boletales;Gomphidiaceae;Chroogomphus;Chroogomphus_asiaticus	Root;Basidiomycota;Agaricomycetes;Boletales;Gomphidiaceae;Brauniellula	overclassification	5
F1-REF	5	0	rdp	0.1	U19954	Root;Basidiomycota;Agaricomycetes;Cantharellales;Ceratobasidiaceae;Ceratobasidium	Root;Basidiomycota;Agaricomycetes;Cantharellales;Ceratobasidiaceae;Thanatephorus	overclassification	5
F1-REF	5	0	rdp	0.1	GU479900	Root;Ascomycota;Sordariomycetes;Hypocreales;Nectriaceae;Flagellospora;Flagellospora_penicillioides	Root;Ascomycota;Sordariomycetes;Hypocreales;Nectriaceae;Glionectria	overclassification	5
F1-REF	5	0	rdp	0.1	EU784392	Root;Ascomycota;Pezizomycetes;Pezizales;Pyronemataceae;Monascella;Monascella_botryosa	Root;Ascomycota;Pezizomycetes;Pezizales;Pyronemataceae;Flavoscypha	overclassification	5
F1-REF	5	0	rdp	0.1	EU266087	Root;Ascomycota;Lecanoromycetes;Acarosporales;Acarosporaceae;Glypholecia;Glypholecia_scabra	Root;Ascomycota;Lecanoromycetes;Acarosporales;Acarosporaceae;Sarcogyne	overclassification	5
F1-REF	5	0	rdp	0.1	AY150225	Root;Ascomycota;Sordariomycetes;Xylariales;Xylariaceae;Biscogniauxia;Biscogniauxia_bartholomaei	Root;Ascomycota;Sordariomycetes;Microascales;Halosphaeriaceae;Tirispora	misclassification	3
F1-REF	5	0	rdp	0.1	AF484690	Root;Microsporidia;Microsporea;Microsporida;Pseudonosematidae;Pseudonosema;Pseudonosema_cristatellae	Root;Microsporidia;Microsporea;Microsporida;Pseudonosematidae;Bryonosema	overclassification	5
F1-REF	5	0	rdp	0.1	GQ927253	Root;Ascomycota;Leotiomycetes;Erysiphales;Erysiphaceae;Golovinomyces;Golovinomyces_leuceriae	Root;Ascomycota;Leotiomycetes;Erysiphales;Erysiphaceae;Podosphaera	overclassification	5
F1-REF	5	0	rdp	0.1	AY548802	Root;Ascomycota;Arthoniomycetes;Arthoniales;Roccellaceae;Roccella;Roccella_phycopsis	Root;Ascomycota;Arthoniomycetes;Arthoniales;Roccellaceae;Dendrographa	overclassification	5
F1-REF	5	0	rdp	0.1	AF377299	Root;Ascomycota;Sordariomycetes;Xylariales;Amphisphaeriaceae;Pestalotiopsis;Pestalotiopsis_funerea	Root;Ascomycota;Sordariomycetes;Xylariales;Amphisphaeriaceae;Seiridium	overclassification	5
F1-REF	5	0	rdp	0.1	FJ515891	Root;Ascomycota;Leotiomycetes;Helotiales;Sclerotiniaceae;Botryotinia;Botryotinia_fuckeliana	Root;Ascomycota;Leotiomycetes;Helotiales;Sclerotiniaceae;Monilinia	overclassification	5
F1-REF	5	0	rdp	0.1	EF363683	Root;Ascomycota;Sordariomycetes;Hypocreales;Clavicipitaceae;Balansia;Balansia_pilulaeformis	Root;Ascomycota;Sordariomycetes;Hypocreales;Clavicipitaceae;Aciculosporium	overclassification	5
F1-REF	5	0	rdp	0.1	DQ536501	Root;Basidiomycota;Agaricomycetes;Boletales	Root;Chytridiomycota;Chytridiomycetes;Chytridiales;Chytridiaceae;Podochytrium	misclassification	1
F1-REF	5	0	rdp	0.1	AB278196	Root;Ascomycota;Sordariomycetes;Sordariales;Cephalothecaceae;Phialemonium;Phialemonium_obovatum	Root;Ascomycota;Sordariomycetes;Sordariales;Cephalothecaceae;Albertiniella	overclassification	5
F1-REF	5	0	rdp	0.1	EF652086	Root;Ascomycota;Eurotiomycetes;Eurotiales;Trichocomaceae;Penicillium;Penicillium_decumbens	Root;Ascomycota;Eurotiomycetes;Eurotiales;Trichocomaceae;Eurotium	overclassification	5
F1-REF	5	0	rdp	0.1	AY833058	Root;Ascomycota;Leotiomycetes;Helotiales;Hyaloscyphaceae;Microscypha;Microscypha_ellisii	Root;Ascomycota;Leotiomycetes;Helotiales;Helotiaceae;Bisporella	misclassification	4
F1-REF	5	0	rdp	0.1	EU673340	Root;Ascomycota;Dothideomycetes;Botryosphaeriales;Botryosphaeriaceae;Sphaeropsis;Diplodia_pinea	Root;Ascomycota;Dothideomycetes;Botryosphaeriales;Botryosphaeriaceae;Neodeightonia	overclassification	5
F1-REF	5	0	rdp	0.1	FJ380944	Root;Ascomycota;Orbiliomycetes;Orbiliales;Orbiliaceae;Arthrobotrys;Arthrobotrys_gephyropaga	Root;Ascomycota;Orbiliomycetes;Orbiliales;Orbiliaceae;Dactylella	overclassification	5
F1-REF	5	0	rdp	0.1	DQ202516	Root;Ascomycota;Leotiomycetes;Helotiales;Helotiaceae;Articulospora;Articulospora_atra	Root;Ascomycota;Leotiomycetes;Helotiales;Helotiaceae;Varicosporium	overclassification	5
F1-REF	5	0	rdp	0.1	EF369523	Root;Ascomycota;Eurotiomycetes;Verrucariales;Verrucariaceae;Bagliettoa;Verrucaria_baldensis	Root;Ascomycota;Eurotiomycetes;Verrucariales;Verrucariaceae;Verrucaria	overclassification	5
F1-REF	5	0	rdp	0.1	AY793430	Root;Ascomycota;Sordariomycetes;Hypocreales;Nectriaceae;Cylindrocladiella;Cylindrocladiella_lageniformis	Root;Ascomycota;Sordariomycetes;Hypocreales;Nectriaceae;Dematiocladium	overclassification	5
F1-REF	5	0	rdp	0.1	HM488751	Root;Basidiomycota;Agaricomycetes;Agaricales;Agaricaceae;Agaricus;Agaricus_devoniensis	Root;Basidiomycota;Agaricomycetes;Agaricales;Agaricaceae;Clarkeinda	overclassification	5
F1-REF	5	0	rdp	0.1	AJ131785	Root;Ascomycota;Eurotiomycetes;Onygenales;Onygenaceae;Chrysosporium;Chrysosporium_articulatum	Root;Ascomycota;Eurotiomycetes;Onygenales;Onygenaceae;Castanedomyces	overclassification	5
F1-REF	5	0	rdp	0.1	GQ500919	Root;Ascomycota;Leotiomycetes;Helotiales;Helotiaceae;Chlorociboria	Root;Ascomycota;Lecanoromycetes;Lecanorales;Cladoniaceae;Cladia	misclassification	2
F1-REF	5	0	rdp	0.1	GQ225699	Root;Ascomycota;Sordariomycetes;Hypocreales;Clavicipitaceae;Epichloe;Epichloe_elymi	Root;Ascomycota;Sordariomycetes;Ophiostomatales;Ophiostomataceae;Raffaelea	misclassification	3
F1-REF	5	0	rdp	0.1	JF706309	Root;Basidiomycota;Agaricomycetes;Agaricales;Tricholomataceae;Lepista;Lepista_saeva	Root;Basidiomycota;Agaricomycetes;Agaricales;Entolomataceae;Richoniella	misclassification	4
F1-REF	5	0	rdp	0.1	EU744915	Root;Basidiomycota;Pucciniomycetes;Pucciniales;Pucciniastraceae;Pucciniastrum;Pucciniastrum_coryli	Root;Basidiomycota;Pucciniomycetes;Pucciniales;Pucciniastraceae;Melampsoridium	overclassification	5
F1-REF	5	0	rdp	0.1	EU715596	Root;Ascomycota;Pezizomycetes;Pezizales;Pyronemataceae;Sowerbyella;Sowerbyella_imperialis	Root;Ascomycota;Pezizomycetes;Pezizales;Pyronemataceae;Trichophaea	overclassification	5
F1-REF	5	0	rdp	0.1	FJ596774	Root;Basidiomycota;Agaricomycetes;Russulales;Russulaceae;Lactarius;Lactarius_uvidus	Root;Basidiomycota;Agaricomycetes;Russulales;Russulaceae;Lactifluus	overclassification	5
F1-REF	5	0	rdp	0.1	AF079693	Root;Basidiomycota;Agaricomycetes;Agaricales;Agaricaceae;Cyphomyrmex_rimosus_symbiont_OC9;Cyphomyrmex_rimosus_symbiont_OC9	Root;Basidiomycota;Agaricomycetes;Agaricales;Agaricaceae;Cyphomyrmex_rimosus_symbiont_G9	overclassification	5
F1-REF	5	0	rdp	0.1	JF907774	Root;Basidiomycota;Agaricomycetes;Agaricales;Lyophyllaceae;Tephrocybe;Tephrocybe_inolens	Root;Basidiomycota;Agaricomycetes;Agaricales;Lyophyllaceae;Calocybe	overclassification	5
F1-REF	5	0	rdp	0.1	JN654921	Root;Ascomycota;Dothideomycetes;Pleosporales;Phaeosphaeriaceae;Sclerostagonospora;Sclerostagonospora_opuntiae	Root;Ascomycota;Dothideomycetes;Pleosporales;Phaeosphaeriaceae;Phaeosphaeriopsis	overclassification	5
F1-REF	5	0	rdp	0.1	GQ142024	Root;Basidiomycota;Agaricomycetes;Agaricales;Pleurotaceae;Nematoctonus;Nematoctonus_concurrens	Root;Basidiomycota;Agaricomycetes;Agaricales;Pleurotaceae;Hohenbuehelia	overclassification	5
F1-REF	5	0	rdp	0.1	EU040217	Root;Ascomycota;Sordariomycetes;Diaporthales;Togniniaceae;Phaeoacremonium	Root;Ascomycota;Sordariomycetes;Hypocreales;Nectriaceae;Falcocladium	misclassification	3
F1-REF	5	0	rdp	0.1	AF384861	Root;Basidiomycota;Agaricomycetes	Root;Basidiomycota;Tremellomycetes;Tremellales;Exidiaceae;Pseudohydnum	misclassification	2
F1-REF	5	0	rdp	0.1	AB190871	Root;Ascomycota;Sordariomycetes;Diaporthales;Togniniaceae;Phaeoacremonium;Phaeoacremonium_inflatipes	Root;Ascomycota;Sordariomycetes;Calosphaeriales;Pleurostomataceae;Pleurostomophora	misclassification	3
F1-REF	5	0	rdp	0.1	GQ340441	Root;Ascomycota;Saccharomycetes;Saccharomycetales;Saccharomycetaceae;Saccharomyces;Saccharomyces_spencerorum	Root;Ascomycota;Saccharomycetes;Saccharomycetales;Saccharomycetaceae;Lachancea	overclassification	5
F1-REF	5	0	rdp	0.1	DQ873651	Root;Basidiomycota;Agaricomycetes;Hymenochaetales;Schizoporaceae;Hyphodontia;Hyphodontia_aspera	Root;Basidiomycota;Agaricomycetes;Hymenochaetales;Schizoporaceae;Rogersella	overclassification	5
F1-REF	5	0	rdp	0.1	JN710531	Root;Basidiomycota;Agaricomycetes;Polyporales;Steccherinaceae;Antrodiella;Antrodiella_semisupina	Root;Basidiomycota;Agaricomycetes;Polyporales;Steccherinaceae;Fibricium	overclassification	5
F1-REF	5	0	rdp	0.1	EU035404	Root;Ascomycota;Eurotiomycetes;Chaetothyriales;Herpotrichiellaceae;Exophiala;Exophiala_capensis	Root;Ascomycota;Eurotiomycetes;Chaetothyriales;Herpotrichiellaceae;Cladophialophora	overclassification	5
F1-REF	5	0	rdp	0.1	AF351139	Root;Ascomycota;Lecanoromycetes;Peltigerales;Lobariaceae;Lobaria;Lobaria_meridionalis	Root;Ascomycota;Lecanoromycetes;Peltigerales;Lobariaceae;Pseudocyphellaria	overclassification	5
F1-REF	5	0	rdp	0.1	EF081003	Root;Ascomycota	Root;Ascomycota;Pezizomycetes;Pezizales;Morchellaceae;Morchella	underclassification	2
F1-REF	5	0	rdp	0.1	DQ885904	Root;Ascomycota;Dothideomycetes;Pleosporales;Tubeufiaceae;Helicoma;Helicoma_olivaceum	Root;Ascomycota;Dothideomycetes;Pleosporales;Venturiaceae;Sympoventuria	misclassification	4
F1-REF	5	0	rdp	0.1	FJ664848	Root;Ascomycota;Eurotiomycetes;Verrucariales;Verrucariaceae;Thelidium;Thelidium_minutulum	Root;Ascomycota;Eurotiomycetes;Verrucariales;Verrucariaceae;Parabagliettoa	overclassification	5
F1-REF	5	0	rdp	0.1	AB445116	Root;Basidiomycota;Agaricomycetes;Cantharellales;Cantharellaceae;Craterellus;Craterellus_carolinensis	Root;Basidiomycota;Agaricomycetes;Cantharellales;Cantharellaceae;Pterygellus	overclassification	5
F1-REF	5	0	rdp	0.1	AY789355	Root;Ascomycota;Lecanoromycetes;Teloschistales;Physciaceae	Root;Ascomycota;Leotiomycetes;Helotiales;Helotiaceae;Cordierites	misclassification	2
F1-REF	5	0	rdp	0.1	GQ344614	Root;Ascomycota;Eurotiomycetes;Verrucariales;Verrucariaceae;Hydropunctaria;Hydropunctaria_aractina	Root;Ascomycota;Eurotiomycetes;Verrucariales;Verrucariaceae;Placidiopsis	overclassification	5
F1-REF	5	0	rdp	0.1	AY571044	Root;Basidiomycota;Agaricomycetes;Agaricales	Root;Basidiomycota;Agaricomycetes;Agaricales;Schizophyllaceae;Henningsomyces	underclassification	4
F1-REF	5	0	rdp	0.1	HQ414605	Root;Ascomycota;Sordariomycetes;Diaporthales;Gnomoniaceae;Apiognomonia;Apiognomonia_hystrix	Root;Ascomycota;Sordariomycetes;Diaporthales;Valsaceae;Diplodina	misclassification	4
F1-REF	5	0	rdp	0.1	GU361938	Root;Ascomycota;Sordariomycetes;Hypocreales;Bionectriaceae;Bionectria;Bionectria_rossmaniae	Root;Ascomycota;Sordariomycetes;Hypocreales;Bionectriaceae;Stephanonectria	overclassification	5
F1-REF	5	0	rdp	0.1	AY277912	Root;Ascomycota;Sordariomycetes;Sordariales;Lasiosphaeriaceae;Podospora;Podospora_fibrinocaudata	Root;Ascomycota;Sordariomycetes;Sordariales;Lasiosphaeriaceae;Strattonia	overclassification	5
F1-REF	5	0	rdp	0.1	FN868479	Root;Ascomycota;Sordariomycetes;Xylariales;Amphisphaeriaceae;Seimatosporium;Seimatosporium_grevilleae	Root;Ascomycota;Sordariomycetes;Xylariales;Amphisphaeriaceae;Truncatella	overclassification	5
F1-REF	5	0	rdp	0.1	AY795873	Root;Ascomycota;Eurotiomycetes;Eurotiales;Trichocomaceae;Paecilomyces;Paecilomyces_formosus	Root;Ascomycota;Eurotiomycetes;Mycocaliciales;Mycocaliciaceae;Phaeocalicium	misclassification	3
F1-REF	5	0	rdp	0.1	EU035423	Root;Ascomycota;Dothideomycetes;Pleosporales;Tubeufiaceae;Helicoma;Helicoma_olivaceum	Root;Ascomycota;Dothideomycetes;Pleosporales;Venturiaceae;Fusicladium	misclassification	4
F1-REF	5	0	rdp	0.1	AB481261	Root;Ascomycota;Leotiomycetes;Helotiales;Hyaloscyphaceae;Dasyscyphella;Dasyscyphella_longistipitata	Root;Ascomycota;Leotiomycetes;Helotiales;Hyaloscyphaceae;Incrucipulum	overclassification	5
F1-REF	5	0	rdp	0.1	FJ481038	Root;Basidiomycota;Agaricomycetes;Agaricales;Mycenaceae;Resinomycena;Resinomycena_rhododendri	Root;Basidiomycota;Agaricomycetes;Agaricales;Mycenaceae;Panellus	overclassification	5
F1-REF	5	0	rdp	0.1	GQ267499	Root;Ascomycota;Pezizomycetes;Pezizales;Pyronemataceae;Scutellinia;Scutellinia_superba	Root;Ascomycota;Pezizomycetes;Pezizales;Pyronemataceae;Wilcoxina	overclassification	5
F1-REF	5	0	rdp	0.1	AF282108	Root;Ascomycota;Lecanoromycetes;Lecanorales;Ramalinaceae;Biatora;Biatora_carneoalbida	Root;Ascomycota;Lecanoromycetes;Lecanorales;Ramalinaceae;Toninia	overclassification	5
F1-REF	5	0	rdp	0.1	FN859431	Root;Ascomycota;Sordariomycetes;Hypocreales;Hypocreaceae;Sepedonium;Sepedonium_boletiphagum	Root;Ascomycota;Sordariomycetes;Hypocreales;Hypocreaceae;Hypomyces	overclassification	5
F1-REF	5	0	rdp	0.1	JF499851	Root;Ascomycota;Dothideomycetes;Capnodiales;Mycosphaerellaceae;Phaeothecoidea;Phaeothecoidea_proteae	Root;Ascomycota;Dothideomycetes;Capnodiales;Teratosphaeriaceae;Teratosphaeriaceae	misclassification	4
F1-REF	5	0	rdp	0.1	AF299347	Root;Ascomycota;Eurotiomycetes	Root;Ascomycota;Eurotiomycetes;Onygenales;Onygenaceae;Renispora	underclassification	3
F1-REF	5	0	rdp	0.1	HQ650626	Root;Ascomycota;Lecanoromycetes	Root;Ascomycota;Lecanoromycetes;Peltigerales;Placynthiaceae;Polychidium	underclassification	3
F1-REF	5	0	rdp	0.1	EU860383	Root;Ascomycota;Dothideomycetes;Botryosphaeriales;Botryosphaeriaceae;Sphaeropsis;Sphaeropsis_sapinea	Root;Ascomycota;Dothideomycetes;Botryosphaeriales;Botryosphaeriaceae;Diplodia	overclassification	5
F1-REF	5	0	rdp	0.1	DQ144611	Root;Basidiomycota;Agaricomycetes;Polyporales	Root;Basidiomycota;Agaricomycetes;Atheliales;Atheliaceae;Amylocorticium	misclassification	3
F1-REF	5	0	rdp	0.1	AY571032	Root;Basidiomycota;Agaricomycetes;Agaricales;Marasmiaceae;Marasmius;Marasmius_cremeus	Root;Basidiomycota;Agaricomycetes;Agaricales;Marasmiaceae;Chaetocalathus	overclassification	5
F1-REF	5	0	rdp	0.1	AJ292401	Root;Ascomycota;Sordariomycetes;Hypocreales;Clavicipitaceae;Pochonia;Pochonia_suchlasporia	Root;Ascomycota;Sordariomycetes;Hypocreales;Nectriaceae;Aphanocladium	misclassification	4
F1-REF	5	0	rdp	0.1	EU343866	Root;Ascomycota;Saccharomycetes;Saccharomycetales;Pichiaceae;Pichia;Pichia_koratensis	Root;Ascomycota;Saccharomycetes;Saccharomycetales;Debaryomycetaceae;Millerozyma	misclassification	4
F1-REF	5	0	rdp	0.1	FJ822972	Root;Chytridiomycota;Chytridiomycetes	Root;Chytridiomycota;Chytridiomycetes;Chytridiales;Chytridiaceae;Chytridium	underclassification	3
F1-REF	5	0	rdp	0.1	AY527405	Root;Ascomycota;Eurotiomycetes;Onygenales;Onygenaceae;Chrysosporium;Chrysosporium_lobatum	Root;Ascomycota;Eurotiomycetes;Onygenales;Ajellomycetaceae;Polytolypa	misclassification	4
F1-REF	5	0	rdp	0.1	FJ872075	Root;Ascomycota;Pezizomycetes;Pezizales;Pezizaceae;Peziza;Peziza_howsei	Root;Ascomycota;Pezizomycetes;Pezizales;Pezizaceae;Chromelosporium	overclassification	5
F1-REF	5	0	rdp	0.1	DQ974799	Root;Basidiomycota;Pucciniomycetes;Pucciniales	Root;Ascomycota;Pezizomycetes;Pezizales;Tuberaceae;Tuber	misclassification	1
F1-REF	5	0	rdp	0.1	GQ221126	Root;Ascomycota;Sordariomycetes;Sordariales;Chaetomiaceae;Chaetomium;Chaetomium_perlucidum	Root;Ascomycota;Sordariomycetes;Sordariales;Chaetomiaceae;Corynascus	overclassification	5
F1-REF	5	0	rdp	0.1	DQ201952	Root;Ascomycota;Lecanoromycetes;Teloschistales;Physciaceae;Buellia;Buellia_triphragmoides	Root;Ascomycota;Lecanoromycetes;Teloschistales;Caliciaceae;Tetramelas	misclassification	4
F1-REF	5	0	rdp	0.1	DQ494685	Root;Basidiomycota;Agaricomycetes;Agaricales;Strophariaceae;Psilocybe;Psilocybe_arcana	Root;Basidiomycota;Agaricomycetes;Agaricales;Inocybaceae;Pleuroflammula	misclassification	4
F1-REF	5	0	rdp	0.1	FJ501579	Root;Basidiomycota;Agaricomycetes;Polyporales;Polyporaceae;Wolfiporia;Wolfiporia_cocos	Root;Basidiomycota;Agaricomycetes;Polyporales;Polyporaceae;Poria	overclassification	5
F1-REF	5	0	rdp	0.1	JF908772	Root;Ascomycota;Pezizomycetes;Pezizales;Pezizaceae;Peziza	Root;Ascomycota;Pezizomycetes;Pezizales;Pezizaceae;Pachyphloeus	overclassification	5
F1-REF	5	0	rdp	0.1	AF391034	Root;Basidiomycota;Agaricomycetes;Agaricales;Entolomataceae	Root;Basidiomycota;Agaricomycetes;Agaricales;Tricholomataceae;Pseudobaeospora	misclassification	4
F1-REF	5	0	rdp	0.1	AJ537397	Root;Basidiomycota;Tremellomycetes;Tremellales;Exidiaceae;Guepinia;Guepinia_spathularia	Root;Basidiomycota;Dacrymycetes;Dacrymycetales;Dacrymycetaceae;Dacryopinax	misclassification	2
F1-REF	5	0	rdp	0.1	EU037891	Root;Ascomycota;Sordariomycetes;Xylariales;Xylariaceae;Anthostomella;Anthostomella_brabeji	Root;Ascomycota;Sordariomycetes;Chaetosphaeriales;Chaetosphaeriaceae;Chaetosphaeria	misclassification	3
F1-REF	5	0	rdp	0.1	GU234142	Root;Basidiomycota;Agaricomycetes;Agaricales;Tricholomataceae;Leucopaxillus	Root;Basidiomycota;Agaricomycetes;Agaricales;Tricholomataceae;Fayodia	overclassification	5
F1-REF	5	0	rdp	0.1	GU594155	Root;Basidiomycota;Agaricomycetes;Polyporales;Polyporaceae;Perenniporiella	Root;Basidiomycota;Agaricomycetes;Polyporales;Hapalopilaceae;Ceriporia	misclassification	4
F1-REF	5	0	rdp	0.1	EU673370	Root;Ascomycota;Sordariomycetes;Hypocreales;Ophiocordycipitaceae;Ophiocordyceps;Ophiocordyceps_myrmecophila	Root;Ascomycota;Sordariomycetes;Hypocreales;Clavicipitaceae;Cordyceps	misclassification	4
F1-REF	5	0	rdp	0.1	U21814	Root;Ascomycota;Leotiomycetes;Helotiales;Hyaloscyphaceae;Lachnum;Lachnum_pulverulentum	Root;Ascomycota;Leotiomycetes;Helotiales;Sclerotiniaceae;Piceomphale	misclassification	4
F1-REF	5	0	rdp	0.1	AY524843	Root;Ascomycota;Leotiomycetes;Helotiales;Hyaloscyphaceae;Bryoglossum;Bryoglossum_gracile	Root;Ascomycota;Leotiomycetes;Helotiales;Helotiaceae;Neocudoniella	misclassification	4
F1-REF	5	0	rdp	0.1	GQ981514	Root;Ascomycota;Pezizomycetes;Pezizales;Tuberaceae;Reddellomyces;Reddellomyces_donkii	Root;Ascomycota;Pezizomycetes;Pezizales;Pyronemataceae;Nothojafnea	misclassification	4
F1-REF	5	0	rdp	0.1	DQ885585	Root;Basidiomycota;Pucciniomycetes;Pucciniales;Uropyxidaceae;Leucotelium;Leucotelium_pruni_persicae	Root;Microsporidia;Microsporea;Microsporida;Enterocytozoonidae;Enterocytozoon	misclassification	1
F1-REF	5	0	rdp	0.1	JF440985	Root;Ascomycota;Sordariomycetes;Hypocreales;Nectriaceae;Geejayessia_atrofusca;Geejayessia_atrofusca	Root;Ascomycota;Sordariomycetes;Hypocreales;Niessliaceae;Rosasphaeria_moravica	misclassification	4
F1-REF	5	0	rdp	0.1	DQ449942	Root;Basidiomycota;Agaricomycetes;Agaricales;Marasmiaceae;Marasmius;Marasmius_tricolor	Root;Basidiomycota;Agaricomycetes;Agaricales;Marasmiaceae;Tetrapyrgos	overclassification	5
F1-REF	5	0	rdp	0.1	AY176354	Root;Basidiomycota;Agaricomycetes;Agaricales;Agaricaceae;Lepiota;Lepiota_hystrix	Root;Basidiomycota;Agaricomycetes;Agaricales;Agaricaceae;Echinoderma	overclassification	5
F1-REF	5	0	rdp	0.1	FJ356152	Root;Ascomycota;Lecanoromycetes;Lecanorales;Ramalinaceae;Ramalinopsis;Ramalinopsis_mannii	Root;Ascomycota;Lecanoromycetes;Lecanorales;Ramalinaceae;Ramalina	overclassification	5
F1-REF	5	0	rdp	0.1	EU833201	Root;Basidiomycota;Agaricomycetes;Hymenochaetales;Hymenochaetaceae;Inocutis;Inocutis_jamaicensis	Root;Ascomycota;Eurotiomycetes;Chaetothyriales;Herpotrichiellaceae;Capronia	misclassification	1
F1-REF	5	0	rdp	0.1	AM882885	Root;Basidiomycota;Agaricomycetes;Boletales;Hymenogasteraceae;Hymenogaster;Hymenogaster_tener	Root;Basidiomycota;Agaricomycetes;Agaricales;Bolbitiaceae;Naucoria	misclassification	3
F1-REF	5	0	rdp	0.1	JN710573	Root;Basidiomycota;Agaricomycetes;Polyporales;Steccherinaceae;Antrodiella;Antrodiella_citrea	Root;Basidiomycota;Agaricomycetes;Polyporales;Meruliaceae;Mycorrhaphium	misclassification	4
F1-REF	5	0	rdp	0.1	DQ004573	Root;Ascomycota;Lecanoromycetes;Lecanorales;Parmeliaceae;Cetrariella;Cetrariella_fastigiata	Root;Ascomycota;Lecanoromycetes;Lecanorales;Parmeliaceae;Vulpicida	overclassification	5
F1-REF	5	0	rdp	0.1	DQ004572	Root;Ascomycota;Lecanoromycetes;Lecanorales;Parmeliaceae;Kaernefeltia;Kaernefeltia_merrillii	Root;Ascomycota;Lecanoromycetes;Lecanorales;Parmeliaceae;Tuckermannopsis	overclassification	5
F1-REF	5	0	rdp	0.1	AY618667	Root;Basidiomycota;Dacrymycetes;Dacrymycetales;Dacrymycetaceae;Calocera;Calocera_furcata	Root;Basidiomycota;Dacrymycetes;Dacrymycetales;Dacrymycetaceae;Cerinosterus	overclassification	5
F1-REF	5	0	rdp	0.1	AF350290	Root;Ascomycota;Dothideomycetes;Pleosporales;Leptosphaeriaceae;Leptosphaeria;Leptosphaeria_proteicola	Root;Ascomycota;Lecanoromycetes;Peltigerales;Pannariaceae;Degelia	misclassification	2
F1-REF	5	0	rdp	0.1	EU623677	Root;Basidiomycota;Agaricomycetes;Agaricales;Marasmiaceae;Clitocybula;Clitocybula_atroalba	Root;Basidiomycota;Agaricomycetes;Agaricales;Marasmiaceae;Megacollybia	overclassification	5
F1-REF	5	0	rdp	0.1	JF440978	Root;Ascomycota;Sordariomycetes;Sordariales;Lasiosphaeriaceae;Podospora;Podospora_longicaudata	Root;Ascomycota;Sordariomycetes;Diaporthales;Melanconidaceae;Melogramma	misclassification	3
F1-REF	5	0	rdp	0.1	GQ355956	Root;Basidiomycota;Agaricomycetes;Polyporales;Polyporaceae;Trametes;Trametes_hirsuta	Root;Basidiomycota;Agaricomycetes;Polyporales;Polyporaceae;Grammothele	overclassification	5
F1-REF	5	0	rdp	0.1	AJ315842	Root;Ascomycota;Eurotiomycetes;Onygenales;Onygenaceae;Chrysosporium;Chrysosporium_speluncarum	Root;Ascomycota;Eurotiomycetes;Onygenales;Onygenaceae;Neogymnomyces	overclassification	5
F1-REF	5	0	rdp	0.1	AJ315841	Root;Ascomycota;Eurotiomycetes;Verrucariales;Verrucariaceae	Root;Ascomycota;Eurotiomycetes;Onygenales;Gymnoascaceae;Testudomyces	misclassification	3
F1-REF	5	0	rdp	0.1	AF178417	Root;Ascomycota;Sordariomycetes;Hypocreales;Nectriaceae;Haematonectria;Fusarium_solani	Root;Ascomycota;Sordariomycetes;Hypocreales;Nectriaceae;Nectria	overclassification	5
F1-REF	5	0	rdp	0.1	EU073198	Root;Ascomycota;Sordariomycetes;Hypocreales;Hypocreaceae;Sepedonium;Sepedonium_tulasneanum	Root;Ascomycota;Sordariomycetes;Hypocreales;Hypocreaceae;Hypocreopsis	overclassification	5
F1-REF	5	0	rdp	0.1	EU402589	Root;Basidiomycota;Agaricomycetes;Polyporales	Root;Basidiomycota;Agaricomycetes;Polyporales;Polyporaceae;Pycnoporellus	underclassification	4
F1-REF	5	0	rdp	0.1	EF088656	Root;Basidiomycota;Agaricomycetes;Hymenochaetales;Hymenochaetaceae;Inonotus;Inonotus_cuticularis	Root;Basidiomycota;Agaricomycetes;Hymenochaetales;Hymenochaetaceae;Phellinus	overclassification	5
F1-REF	5	0	rdp	0.1	JF505112	Root;Ascomycota;Sordariomycetes;Hypocreales;Bionectriaceae;Didymostilbe;Didymostilbe_echinofibrosa	Root;Ascomycota;Sordariomycetes;Hypocreales;Hypocreaceae;Cladobotryum	misclassification	4
F1-REF	5	0	rdp	0.1	AF020770	Root;Basidiomycota;Agaricomycetes;Thelephorales;Thelephoraceae;Tomentella;Tomentella_lilacinogrisea	Root;Basidiomycota;Agaricomycetes;Thelephorales;Thelephoraceae;Pisonia_grandis_mycobiont	overclassification	5
F1-REF	5	0	rdp	0.1	FJ839640	Root;Ascomycota;Dothideomycetes;Pleosporales;Pleomassariaceae;Prosthemium;Prosthemium_canba	Root;Ascomycota;Dothideomycetes;Capnodiales;Mycosphaerellaceae;Xenostigmina	misclassification	3
F1-REF	5	0	rdp	0.1	FJ411100	Root;Basidiomycota;Agaricomycetes;Polyporales;Polyporaceae;Perenniporiella;Perenniporiella_pendula	Root;Basidiomycota;Agaricomycetes;Polyporales;Polyporaceae;Abundisporus	overclassification	5
F1-REF	5	0	rdp	0.1	FJ911892	Root;Ascomycota;Orbiliomycetes;Orbiliales;Orbiliaceae;Arthrobotrys;Arthrobotrys_foliicola	Root;Ascomycota;Sordariomycetes;Xylariales;Hyponectriaceae;Microdochium	misclassification	2
F1-REF	5	0	rdp	0.1	AF444551	Root;Basidiomycota;Agaricostilbomycetes;Agaricostilbales;Agaricostilbaceae;Agaricostilbum;Agaricostilbum_hyphaenes	Root;Basidiomycota;Agaricostilbomycetes;Agaricostilbales;Agaricostilbaceae;Sterigmatomyces	overclassification	5
F1-REF	5	0	rdp	0.1	GU062273	Root;Ascomycota;Leotiomycetes;Helotiales;Dermateaceae;Pezicula;Pezicula_cinnamomea	Root;Ascomycota;Leotiomycetes;Helotiales;Dermateaceae;Cryptosporiopsis	overclassification	5
F1-REF	5	0	rdp	0.1	HQ610175	Root;Ascomycota;Sordariomycetes;Diaporthales;Gnomoniaceae	Root;Ascomycota;Sordariomycetes;Diaporthales;Gnomoniaceae;Greeneria	match	5
F1-REF	5	0	rdp	0.1	AF332127	Root;Ascomycota;Lecanoromycetes;Umbilicariales;Umbilicariaceae;Umbilicaria	Root;Ascomycota;Lecanoromycetes;Pertusariales;Pertusariaceae;Pertusaria	misclassification	3
F1-REF	5	0	rdp	0.1	JF433374	Root;Ascomycota;Leotiomycetes;Helotiales;Hyaloscyphaceae	Root;Ascomycota;Leotiomycetes;Helotiales;Sclerotiniaceae;Amphobotrys	misclassification	4
F1-REF	5	0	rdp	0.1	GQ850202	Root;Basidiomycota;Tremellomycetes;Tremellales;Tremellaceae;Tsuchiyaea;Tsuchiyaea_wingfieldii	Root;Basidiomycota;Tremellomycetes;Tremellales;Tremellaceae;Filobasidiella	overclassification	5
F1-REF	5	0	rdp	0.1	EU181457	Root;Ascomycota;Eurotiomycetes;Onygenales;Arthrodermataceae;Arthroderma;Arthroderma_fulvum	Root;Ascomycota;Eurotiomycetes;Onygenales;Arthrodermataceae;Microsporum	overclassification	5
F1-REF	5	0	rdp	0.1	DQ534455	Root;Ascomycota;Lecanoromycetes;Lecanorales;Parmeliaceae;Canoparmelia;Canoparmelia_schelpei	Root;Ascomycota;Lecanoromycetes;Teloschistales;Teloschistaceae;Caloplaca	misclassification	3
F1-REF	5	0	rdp	0.1	GU139172	Root;Basidiomycota;Microbotryomycetes;Microbotryales;Microbotryaceae;Sphacelotheca;Sporisorium_reilianum	Root;Basidiomycota;Ustilaginomycetes;Ustilaginales;Ustilaginaceae;Sporisorium	misclassification	2
F1-REF	5	0	rdp	0.1	HQ888720	Root;Blastocladiomycota;Blastocladiomycetes;Blastocladiales	Root;Blastocladiomycota;Blastocladiomycetes;Blastocladiales;Blastocladiaceae;Allomyces	underclassification	4
F1-REF	5	0	rdp	0.1	AF231912	Root;Basidiomycota;Agaricomycetes;Russulales;Russulaceae;Lactarius;Lactarius_badiopallescens	Root;Basidiomycota;Agaricomycetes;Russulales;Russulaceae;Zelleromyces	overclassification	5
F1-REF	5	0	rdp	0.1	FJ462759	Root;Ascomycota;Sordariomycetes;Diaporthales;Diaporthaceae;Diaporthe;Diaporthe_helianthi	Root;Ascomycota;Sordariomycetes;Diaporthales;Valsaceae;Phomopsis	misclassification	4
F1-REF	5	0	rdp	0.1	EF621920	Root;Basidiomycota;Microbotryomycetes;Microbotryales;Microbotryaceae;Liroa;Liroa_emodensis	Root;Basidiomycota;Microbotryomycetes;Microbotryales;Microbotryaceae;Microbotryum	overclassification	5
F1-REF	5	0	rdp	0.1	AF444425	Root;Basidiomycota;Tremellomycetes;Tremellales;Cuniculitremaceae;Fellomyces;Fellomyces_sichuanensis	Root;Basidiomycota;Tremellomycetes;Tremellales;Cuniculitremaceae;Kockovaella	overclassification	5
F1-REF	5	0	rdp	0.1	EU660447	Root;Ascomycota;Sordariomycetes;Hypocreales;Clavicipitaceae	Root;Ascomycota;Sordariomycetes;Microascales;Ceratocystidaceae;Gondwanamyces	misclassification	3
F1-REF	5	0	rdp	0.1	FJ442633	Root;Ascomycota;Sordariomycetes;Hypocreales;Hypocreaceae;Sepedonium;Sepedonium_chalcipori	Root;Ascomycota;Sordariomycetes;Hypocreales;Hypocreaceae;Sphaerostilbella	overclassification	5
F1-REF	5	0	rdp	0.1	DQ354521	Root;Basidiomycota;Pucciniomycetes;Pucciniales;Phragmidiaceae;Phragmidium;Phragmidium_violaceum	Root;Basidiomycota;Pucciniomycetes;Pucciniales;Raveneliaceae;Sphenospora	misclassification	4
F1-REF	5	0	rdp	0.1	GQ231739	Root;Ascomycota;Pezizomycetes;Pezizales;Pezizaceae;Peziza;Peziza_lividula	Root;Ascomycota;Pezizomycetes;Pezizales;Pezizaceae;Mattirolomyces	overclassification	5
F1-REF	5	0	rdp	0.1	AF336150	Root;Basidiomycota;Agaricomycetes;Russulales;Auriscalpiaceae;Lentinellus;Lentinellus_sublineolatus	Root;Basidiomycota;Agaricomycetes;Russulales;Auriscalpiaceae;Artomyces	overclassification	5
F1-REF	5	0	rdp	0.1	JQ398742	Root;Basidiomycota	Root;Ascomycota;Saccharomycetes;Saccharomycetales;Pichiaceae;Komagataella	misclassification	1
F1-REF	5	0	rdp	0.1	EF635909	Root;Basidiomycota;Ustilaginomycetes;Urocystidales;Urocystidaceae;Vankya;Vankya_heufleri	Root;Basidiomycota;Ustilaginomycetes;Urocystidales;Urocystidaceae;Flamingomyces	overclassification	5
F1-REF	5	0	rdp	0.1	GU992337	Root;Ascomycota;Lecanoromycetes;Lecanorales;Parmeliaceae;Xanthoparmelia;Xanthoparmelia_ryssolea	Root;Ascomycota;Lecanoromycetes;Lecanorales;Parmeliaceae;Karoowia	overclassification	5
F1-REF	5	0	rdp	0.1	DQ383639	Root;Ascomycota;Lecanoromycetes;Rhizocarpales;Rhizocarpaceae;Rhizocarpon;Rhizocarpon_disporum	Root;Ascomycota;Lecanoromycetes;Rhizocarpales;Rhizocarpaceae;Catolechia	overclassification	5
F1-REF	5	0	rdp	0.1	HM853977	Root;Ascomycota;Dothideomycetes;Pleosporales;Pleomassariaceae;Prosthemium;Prosthemium_stellare	Root;Ascomycota;Dothideomycetes;Pleosporales;Lophiostomataceae;Herpotrichia	misclassification	4
F1-REF	5	0	rdp	0.1	DQ780456	Root;Ascomycota;Lecanoromycetes;Lecanorales;Cladoniaceae;Cladonia	Root;Ascomycota;Dothideomycetes;Capnodiales;Mycosphaerellaceae;Guignardia	misclassification	2
F1-REF	5	0	rdp	0.1	EF635904	Root;Basidiomycota;Ustilaginomycetes;Urocystidales;Urocystidaceae;Vankya;Vankya_heufleri	Root;Basidiomycota;Ustilaginomycetes;Urocystidales;Urocystidaceae;Melanustilospora	overclassification	5
F1-REF	5	0	rdp	0.1	EU599575	Root;Ascomycota;Leotiomycetes;Helotiales;Sclerotiniaceae;Mycopappus;Mycopappus_alni	Root;Ascomycota;Leotiomycetes;Helotiales;Rutstroemiaceae;Moellerodiscus	misclassification	4
F1-REF	5	0	rdp	0.1	AB353761	Root;Ascomycota;Leotiomycetes;Erysiphales;Erysiphaceae;Erysiphe;Erysiphe_australiana	Root;Ascomycota;Leotiomycetes;Erysiphales;Erysiphaceae;Sawadaea	overclassification	5
F1-REF	5	0	rdp	0.1	EF029203	Root;Ascomycota;Dothideomycetes;Pleosporales;Venturiaceae;Venturia;Venturia_atriseda	Root;Ascomycota;Orbiliomycetes;Orbiliales;Orbiliaceae;Helicoon_fuscosporum	misclassification	2
F1-REF	5	0	rdp	0.1	AY854068	Root;Basidiomycota;Agaricomycetes;Boletales;Boletaceae	Root;Basidiomycota;Agaricomycetes;Boletales;Boletaceae;Strobilomyces	match	5
F1-REF	5	0	rdp	0.1	FM212666	Root;Basidiomycota;Ustilaginomycetes;Ustilaginales;Ustilaginaceae;Stegocintractia;Stegocintractia_luzulae	Root;Basidiomycota;Ustilaginomycetes;Ustilaginales;Ustilaginaceae;Schizonella	overclassification	5
F1-REF	5	0	rdp	0.1	HQ533012	Root;Basidiomycota;Agaricomycetes;Polyporales;Polyporaceae;Trametes;Trametes_maxima	Root;Basidiomycota;Agaricomycetes;Polyporales;Hapalopilaceae;Aurantiporus	misclassification	4
F1-REF	5	0	rdp	0.1	DQ322098	Root;Ascomycota	Root;Ascomycota;Sordariomycetes;Xylariales;Xylariaceae;Annulohypoxylon	underclassification	2
F1-REF	5	0	rdp	0.1	HQ533014	Root;Basidiomycota;Agaricomycetes;Agaricales;Pleurotaceae;Nematoctonus;Nematoctonus_robustus	Root;Basidiomycota;Agaricomycetes;Agaricales;Marasmiaceae;Marasmiellus	misclassification	4
F1-REF	5	0	rdp	0.1	EU266099	Root;Ascomycota;Lecanoromycetes;Lecanorales;Parmeliaceae;Hypogymnia;Hypogymnia_austerodes	Root;Ascomycota;Lecanoromycetes;Lecanorales;Parmeliaceae;Parmotrema	overclassification	5
F1-REF	5	0	rdp	0.1	U56049	Root;Basidiomycota;Agaricomycetes;Agaricales;Cortinariaceae;Dermocybe_egmontiana;Dermocybe_egmontiana	Root;Basidiomycota;Agaricomycetes;Agaricales;Cortinariaceae;Dermocybe_olivaceopicta	overclassification	5
F1-REF	5	0	rdp	0.1	GU222294	Root;Ascomycota;Leotiomycetes;Helotiales;Sclerotiniaceae;Torrendiella;Torrendiella_cannibalensis	Root;Ascomycota;Leotiomycetes;Helotiales;Helotiaceae;Discinella	misclassification	4
F1-REF	5	0	rdp	0.1	AY945231	Root;Ascomycota;Sordariomycetes;Hypocreales;Cordycipitaceae;Isaria;Isaria_javanica	Root;Ascomycota;Sordariomycetes;Hypocreales;Cordycipitaceae;Pseudogibellula	overclassification	5
F1-REF	5	0	rdp	0.1	EU552133	Root;Basidiomycota;Agaricomycetes	Root;Ascomycota;Dothideomycetes;Hysteriales;Hysteriaceae;Gloniopsis	misclassification	1
F1-REF	5	0	rdp	0.1	DQ361050	Root;Ascomycota;Saccharomycetes;Saccharomycetales;Saccharomycopsidaceae;Saccharomycopsis;Saccharomycopsis_javanensis	Root;Ascomycota;Saccharomycetes;Saccharomycetales;Saccharomycopsidaceae;Arthroascus	overclassification	5
F1-REF	5	0	rdp	0.1	AJ271431	Root;Ascomycota;Eurotiomycetes;Eurotiales;Trichocomaceae;Talaromyces	Root;Ascomycota;Eurotiomycetes;Onygenales;Onygenaceae;Amauroascus	misclassification	3
F1-REF	5	0	rdp	0.1	AB208109	Root;Ascomycota;Sordariomycetes;Hypocreales;Clavicipitaceae;Metacordyceps;Metacordyceps_brittlebankisoides	Root;Ascomycota;Sordariomycetes;Hypocreales;Clavicipitaceae;Berkelella	overclassification	5
F1-REF	5	0	rdp	0.1	FJ903297	Root;Basidiomycota;Agaricomycetes;Agaricales;Psathyrellaceae;Coprinopsis;Coprinopsis_cothurnata	Root;Basidiomycota;Agaricomycetes;Polyporales;Sistotremataceae;Sistotrema	misclassification	3
F1-REF	5	0	rdp	0.1	FJ903295	Root;Ascomycota;Lecanoromycetes;Umbilicariales;Umbilicariaceae;Umbilicaria	Root;Ascomycota;Lecanoromycetes;Agyriales;Agyriaceae;Sarea	misclassification	3
F1-REF	5	0	rdp	0.1	GQ396263	Root;Ascomycota;Eurotiomycetes;Eurotiales;Trichocomaceae;Penicillium	Root;Ascomycota;Lecanoromycetes;Peltigerales;Collemataceae;Collema	misclassification	2
F1-REF	5	0	rdp	0.1	HM631724	Root;Basidiomycota;Agaricomycetes;Agaricales;Tricholomataceae;Clitocybe;Clitocybe_bresadoliana	Root;Basidiomycota;Agaricomycetes;Agaricales;Tricholomataceae;Infundibulicybe	overclassification	5
F1-REF	5	0	rdp	0.1	AF229470	Root;Ascomycota;Dothideomycetes;Pleosporales;Pleosporaceae;Embellisia;Embellisia_phragmospora	Root;Ascomycota;Dothideomycetes;Pleosporales;Pleosporaceae;Alternaria	overclassification	5
F1-REF	5	0	rdp	0.1	EU683062	Root;Ascomycota;Sordariomycetes;Diaporthales;Gnomoniaceae	Root;Ascomycota;Sordariomycetes;Diaporthales;Valsaceae;Anisogramma	misclassification	4
F1-REF	5	0	rdp	0.1	GU214649	Root;Ascomycota;Dothideomycetes;Capnodiales;Capnodiaceae;Capnodium;Capnodium_coffeae	Root;Ascomycota;Dothideomycetes;Capnodiales;Capnodiaceae;Polychaeton	overclassification	5
F1-REF	5	0	rdp	0.1	AJ617491	Root;Basidiomycota;Agaricomycetes;Agaricales;Lycoperdaceae;Bovista;Lycoperdon_pusillum	Root;Basidiomycota;Agaricomycetes;Agaricales;Lycoperdaceae;Handkea	overclassification	5
F1-REF	5	0	rdp	0.1	FJ608589	Root;Basidiomycota;Agaricomycetes;Polyporales;Meruliaceae;Podoscypha;Podoscypha_multizonata	Root;Basidiomycota;Agaricomycetes;Polyporales;Meripilaceae;Abortiporus	misclassification	4
F1-REF	5	0	rdp	0.1	GQ334386	Root;Ascomycota;Dothideomycetes;Capnodiales;Teratosphaeriaceae;Teratosphaeria;Teratosphaeria_jonkershoekensis	Root;Ascomycota;Dothideomycetes;Capnodiales;Teratosphaeriaceae;Hortaea	overclassification	5
F1-REF	5	0	rdp	0.1	EU340897	Root;Basidiomycota;Agaricomycetes;Polyporales;Ganodermataceae;Amauroderma;Amauroderma_subresinosum	Root;Basidiomycota;Agaricomycetes;Polyporales;Polyporaceae;Dichomitus	misclassification	4
F1-REF	5	0	rdp	0.1	DQ873639	Root;Ascomycota;Sordariomycetes;Ophiostomatales;Ophiostomataceae;Ophiostoma;Ophiostoma_brevicolle	Root;Basidiomycota;Agaricomycetes;Polyporales;Phanerochaetaceae;Odonticium	misclassification	1
F1-REF	5	0	rdp	0.1	AF097903	Root;Ascomycota;Lecanoromycetes;Lecanorales;Parmeliaceae;Parmelia;Parmelia_pseudolaevior	Root;Ascomycota;Lecanoromycetes;Lecanorales;Parmeliaceae;Platismatia	overclassification	5
F1-REF	5	0	rdp	0.1	EU118648	Root;Basidiomycota;Agaricomycetes;Polyporales;Phanerochaetaceae;Rhizochaete;Rhizochaete_radicata	Root;Basidiomycota;Agaricomycetes;Polyporales;Meruliaceae;Meruliopsis	misclassification	4
F1-REF	5	0	rdp	0.1	AB507400	Root;Basidiomycota;Pucciniomycetes;Pucciniales	Root;Basidiomycota;Agaricomycetes;Boletales;Sclerodermataceae;Astraeus	misclassification	2
F1-REF	5	0	rdp	0.1	EU551189	Root;Ascomycota;Sordariomycetes;Sordariales;Sordariaceae;Gelasinospora;Gelasinospora_reticulata	Root;Ascomycota;Sordariomycetes;Sordariales;Sordariaceae;Neurospora	overclassification	5
F1-REF	5	0	rdp	0.1	GQ292540	Root;Ascomycota;Sordariomycetes;Diaporthales;Cryphonectriaceae;Cryphonectria;Cryphonectria_macrospora	Root;Ascomycota;Sordariomycetes;Diaporthales;Cryphonectriaceae;Holocryphia	overclassification	5
F1-REF	5	0	rdp	0.1	AF451790	Root;Ascomycota;Lecanoromycetes;Lecanorales;Parmeliaceae;Ahtiana;Ahtiana_sphaerosporella	Root;Ascomycota;Lecanoromycetes;Lecanorales;Parmeliaceae;Tuckermanella	overclassification	5
F1-REF	5	0	rdp	0.1	EU486435	Root;Basidiomycota;Agaricomycetes;Agaricales;Marasmiaceae;Marasmius	Root;Basidiomycota;Agaricomycetes;Agaricales;Tricholomataceae;Pleurotopsis	misclassification	4
F1-REF	5	0	rdp	0.1	U35307	Root;Ascomycota;Sordariomycetes;Hypocreales;Clavicipitaceae;Elaphocordyceps;Elaphocordyceps_paradoxa	Root;Ascomycota;Sordariomycetes;Hypocreales;Ophiocordycipitaceae;Tolypocladium	misclassification	4
F1-REF	5	0	rdp	0.1	FJ596767	Root;Basidiomycota;Agaricomycetes;Agaricales;Marasmiaceae;Marasmius;Marasmius_androsaceus	Root;Basidiomycota;Agaricomycetes;Agaricales;Marasmiaceae;Gymnopus	overclassification	5
F1-REF	5	0	rdp	0.1	DQ200844	Root;Ascomycota;Pezizomycetes;Pezizales;Pezizaceae;Peziza;Peziza_pseudoviolacea	Root;Ascomycota;Pezizomycetes;Pezizales;Pezizaceae;Sarcosphaera	overclassification	5
F1-REF	5	0	rdp	0.1	EU040222	Root;Ascomycota;Sordariomycetes;Xylariales;Amphisphaeriaceae;Pestalotiopsis;Pestalotiopsis_aff_palmarum_PP93	Root;Ascomycota;Sordariomycetes;Xylariales;Amphisphaeriaceae;Phlogicylindrium	overclassification	5
F1-REF	5	0	rdp	0.1	U21828	Root;Ascomycota;Leotiomycetes;Helotiales;Rutstroemiaceae;Lanzia;Lanzia_luteovirescens	Root;Ascomycota;Leotiomycetes;Helotiales;Rutstroemiaceae;Lambertella	overclassification	5
F1-REF	5	0	rdp	0.1	GQ167045	Root;Basidiomycota;Ustilaginomycetes;Ustilaginales;Ustilaginaceae;Ustilago;Ustilago_alcornii	Root;Basidiomycota;Ustilaginomycetes;Ustilaginales;Ustilaginaceae;Yenia	overclassification	5
F1-REF	5	0	rdp	0.1	FJ627527	Root;Basidiomycota;Agaricomycetes;Russulales;Stereaceae;Aleurodiscus;Aleurodiscus_aurantius	Root;Basidiomycota;Agaricomycetes;Russulales;Bondarzewiaceae;Heterobasidion	misclassification	4
F1-REF	5	0	rdp	0.1	EF619542	Root;Ascomycota;Lecanoromycetes;Lecanorales;Stereocaulaceae;Leproloma;Leproloma_diffusum_var_chrysodetoides	Root;Ascomycota;Lecanoromycetes;Lecanorales;Stereocaulaceae;Lepraria	overclassification	5
F1-REF	5	0	rdp	0.1	EF492210	Root;Ascomycota;Lecanoromycetes;Lecanorales;Parmeliaceae;Hypogymnia;Hypogymnia_antarctica	Root;Ascomycota;Lecanoromycetes;Lecanorales;Parmeliaceae;Usnea	overclassification	5
F1-REF	5	0	rdp	0.1	AY549983	Root;Basidiomycota;Tremellomycetes;Tremellales;Trichosporonaceae;Trichosporon	Root;Basidiomycota;Tremellomycetes;Tremellales;Trichosporonaceae;Cryptotrichosporon	overclassification	5
F1-REF	5	0	rdp	0.1	DQ407258	Root;Basidiomycota;Agaricomycetes;Boletales;Boletaceae;Leccinum;Leccinum_crocipodium	Root;Basidiomycota;Agaricomycetes;Boletales;Boletaceae;Pulveroboletus	overclassification	5
F1-REF	5	0	rdp	0.1	EF191235	Root;Ascomycota;Leotiomycetes;Rhytismatales;Rhytismataceae;Coccomyces;Coccomyces_australis	Root;Ascomycota;Leotiomycetes;Rhytismatales;Rhytismataceae;Lophodermium	overclassification	5
F1-REF	5	0	rdp	0.1	FJ596780	Root;Basidiomycota;Agaricomycetes;Agaricales;Strophariaceae;Weraroa;Weraroa_virescens	Root;Basidiomycota;Agaricomycetes;Agaricales;Strophariaceae;Hypholoma	overclassification	5
F1-REF	5	0	rdp	0.1	AF097751	Root;Basidiomycota;Agaricomycetes;Agaricales;Cortinariaceae;Inocybe;Inocybe_radiata	Root;Basidiomycota;Agaricomycetes;Agaricales;Phelloriniaceae;Dictyocephalos	misclassification	4
F1-REF	5	0	rdp	0.1	FJ805250	Root;Basidiomycota;Agaricomycetes;Polyporales;Polyporaceae;Coriolopsis;Coriolopsis_caperata	Root;Basidiomycota;Agaricomycetes;Polyporales;Ganodermataceae;Ganoderma	misclassification	4
F1-REF	5	0	rdp	0.1	EU819469	Root;Basidiomycota;Agaricomycetes;Agaricales;Bolbitiaceae;Alnicola;Alnicola	Root;Basidiomycota;Agaricomycetes;Agaricales;Bolbitiaceae;Hebeloma	overclassification	5
F1-REF	5	0	rdp	0.1	EU784214	Root;Basidiomycota;Agaricomycetes;Hymenochaetales;Hymenochaetaceae;Coltricia;Coltricia_perennis	Root;Basidiomycota;Agaricomycetes;Agaricales;Entolomataceae;Entoloma	misclassification	3
F1-REF	5	0	rdp	0.1	EU851104	Root;Ascomycota;Sordariomycetes;Diaporthales;Togniniaceae;Phaeoacremonium;Phaeoacremonium_globosum	Root;Ascomycota;Sordariomycetes;Diaporthales;Togniniaceae;Togninia	overclassification	5
F1-REF	5	0	rdp	0.1	GU324736	Root;Ascomycota;Sordariomycetes;Xylariales;Xylariaceae	Root;Ascomycota;Sordariomycetes;Xylariales;Xylariaceae;Xylaria	match	5
F1-REF	5	0	rdp	0.1	HM046877	Root;Basidiomycota;Agaricomycetes;Corticiales;Australovuilleminia_coccinea;Australovuilleminia_coccinea;Australovuilleminia_coccinea	Root;Basidiomycota;Agaricomycetes;Corticiales;Corticiaceae;Dendrocorticium	misclassification	4
F1-REF	5	0	rdp	0.1	AJ716159	Root;Ascomycota;Dothideomycetes;Pleosporales;Pleosporaceae;Drechslera;Drechslera_poae	Root;Basidiomycota;Agaricomycetes;Agaricales;Inocybaceae;Phaeomyces	misclassification	1
F1-REF	5	0	rdp	0.1	U66440	Root;Basidiomycota;Agaricomycetes;Cantharellales	Root;Basidiomycota;Agaricomycetes;Agaricales;Clavariaceae;Multiclavula	misclassification	3
F1-REF	5	0	rdp	0.1	DQ425023	Root;Basidiomycota;Pucciniomycetes;Pucciniales;Pucciniaceae;Puccinia	Root;Basidiomycota;Pucciniomycetes;Pucciniales;Uropyxidaceae;Tranzschelia	misclassification	4
F1-REF	5	0	rdp	0.1	GQ344601	Root;Ascomycota;Eurotiomycetes;Verrucariales;Verrucariaceae;Placopyrenium	Root;Ascomycota;Eurotiomycetes;Verrucariales;Verrucariaceae;Catapyrenium	overclassification	5
F1-REF	5	0	rdp	0.1	AF516557	Root;Basidiomycota;Agaricomycetes;Polyporales;Polyporaceae;Pseudofavolus;Pseudofavolus_cucullatus	Root;Basidiomycota;Agaricomycetes;Polyporales;Polyporaceae;Datronia	overclassification	5
F1-REF	5	0	rdp	0.1	AM944645	Root;Ascomycota;Dothideomycetes	Root;Ascomycota;Sordariomycetes;Ophiostomatales;Ophiostomataceae;Pesotum	misclassification	2
F1-REF	5	0	rdp	0.1	DQ018098	Root;Ascomycota;Dothideomycetes;Pleosporales	Root;Ascomycota;Dothideomycetes;Pleosporales;Massarinaceae;Pseudodictyosporium	underclassification	4
F1-REF	5	0	rdp	0.1	AY349109	Root;Basidiomycota;Ustilaginomycetes;Ustilaginales;Ustilaginaceae	Root;Chytridiomycota;Chytridiomycetes;Chytridiales;Chytridiaceae;Diplochytridium	misclassification	1
F1-REF	5	0	rdp	0.1	AF444630	Root;Basidiomycota;Microbotryomycetes;Leucosporidiales;Leucosporidiaceae;Leucosporidiella;Leucosporidiella_fragaria	Root;Basidiomycota;Microbotryomycetes;Leucosporidiales;Leucosporidiaceae;Mastigobasidium	overclassification	5
F1-REF	5	0	rdp	0.1	AF506471	Root;Basidiomycota;Agaricomycetes;Polyporales;Fomitopsidaceae;Postia;Oligoporus_guttulatus	Root;Basidiomycota;Agaricomycetes;Russulales;Stereaceae;Scytinostromella	misclassification	3
F1-REF	5	0	rdp	0.1	EU118629	Root;Basidiomycota;Agaricomycetes;Cantharellales;Botryobasidiaceae;Botryobasidium;Botryobasidium_subcoronatum	Root;Basidiomycota;Agaricomycetes;Cantharellales;Botryobasidiaceae;Haplotrichum	overclassification	5
F1-REF	5	0	rdp	0.1	GQ369593	Root;Ascomycota;Sordariomycetes;Chaetosphaeriales;Chaetosphaeriaceae;Dischloridium;Dischloridium_laeense	Root;Ascomycota;Sordariomycetes;Phyllachorales;Phyllachoraceae;Colletotrichum	misclassification	3
F1-REF	5	0	rdp	0.1	FJ839613	Root;Ascomycota;Dothideomycetes;Pleosporales;Pleosporaceae;Embellisia;Embellisia_phragmospora	Root;Ascomycota;Dothideomycetes;Pleosporales;Pleosporaceae;Chalastospora	overclassification	5
F1-REF	5	0	rdp	0.1	EF421111	Root;Basidiomycota;Agaricomycetes;Agaricales;Tricholomataceae	Root;Basidiomycota;Agaricomycetes;Agaricales;Entolomataceae;Trichopilus	misclassification	4
F1-REF	5	0	rdp	0.1	AB439544	Root;Basidiomycota;Agaricomycetes;Agaricales	Root;Basidiomycota;Agaricomycetes;Russulales;Lachnocladiaceae;Asterostroma	misclassification	3
F1-REF	5	0	rdp	0.1	JN033218	Root;Basidiomycota;Agaricomycetes;Agaricales;Cortinariaceae;Crepidotus;Crepidotus_subverrucisporus	Root;Basidiomycota;Agaricomycetes;Boletales;Serpulaceae;Neopaxillus	misclassification	3
F1-REF	5	0	rdp	0.1	EU784442	Root;Ascomycota;Dothideomycetes;Pleosporales	Root;Ascomycota;Leotiomycetes;Helotiales;Geoglossaceae;Trichoglossum	misclassification	2
F1-REF	5	0	rdp	0.1	EU254918	Root;Ascomycota;Sordariomycetes;Diaporthales;Gnomoniaceae;Gnomonia;Gnomonia_aff_setacea_BPI_878212A	Root;Ascomycota;Sordariomycetes;Diaporthales;Gnomoniaceae;Plagiostoma	overclassification	5
F1-REF	5	0	rdp	0.1	DQ534567	Root;Basidiomycota;Agaricomycetes;Boletales;Suillaceae;Truncocolumella;Truncocolumella_rubra	Root;Basidiomycota;Agaricomycetes;Boletales;Boletaceae;Boletus	misclassification	4
F1-REF	5	0	rdp	0.1	JN194152	Root;Glomeromycota;Glomeromycetes;Glomerales;Glomeraceae;Glomus;Glomus_intraradices	Root;Glomeromycota;Glomeromycetes;Glomerales;Glomeraceae;Rhizophagus	overclassification	5
F1-REF	5	0	rdp	0.1	GQ267480	Root;Basidiomycota;Agaricomycetes;Thelephorales;Thelephoraceae;Polyozellus;Polyozellus_multiplex	Root;Basidiomycota;Agaricomycetes;Thelephorales;Thelephoraceae;Pseudotomentella	overclassification	5
F1-REF	5	0	rdp	0.1	GU570110	Root;Ascomycota;Sordariomycetes	Root;Ascomycota;Lecanoromycetes;Peltigerales;Pannariaceae;Parmeliella	misclassification	2
F1-REF	5	0	rdp	0.1	AF350303	Root;Ascomycota;Lecanoromycetes;Peltigerales;Lobariaceae;Sticta;Sticta_squamata	Root;Ascomycota;Lecanoromycetes;Peltigerales;Lobariaceae;Dendriscocaulon	overclassification	5
F1-REF	5	0	rdp	0.1	EU012333	Root;Ascomycota;Leotiomycetes;Helotiales;Sclerotiniaceae;Sclerotinia;Sclerotinia_trifoliorum	Root;Ascomycota;Leotiomycetes;Helotiales;Sclerotiniaceae;Streptobotrys	overclassification	5
F1-REF	5	0	rdp	0.1	U38898	Root;Ascomycota;Pezizomycetes;Pezizales;Pezizaceae;Peziza;Peziza_howsei	Root;Ascomycota;Pezizomycetes;Pezizales;Pezizaceae;Plicaria	overclassification	5
F1-REF	5	0	rdp	0.1	AJ419192	Root;Basidiomycota;Agaricomycetes;Boletales;Boletinellaceae;Phlebopus;Phlebopus_marginatus	Root;Basidiomycota;Agaricomycetes;Boletales;Boletaceae;Boletinellus	misclassification	4
F1-REF	5	0	rdp	0.1	HQ650638	Root;Ascomycota;Lecanoromycetes;Lecanorales;Hymeneliaceae;Aspicilia;Aspicilia_aquatica	Root;Ascomycota;Lecanoromycetes;Lecanorales;Lecanoraceae;Circinaria	misclassification	4
F1-REF	5	0	rdp	0.1	JN871718	Root;Basidiomycota;Ustilaginomycetes;Ustilaginales;Ustilaginaceae;Macalpinomyces;Macalpinomyces_mackinlayi	Root;Basidiomycota;Ustilaginomycetes;Ustilaginales;Ustilaginaceae;Tubisorus_pachycarpus	overclassification	5
F1-REF	5	0	rdp	0.1	FJ357310	Root;Ascomycota;Dothideomycetes;Pleosporales;Pleosporaceae;Ulocladium;Ulocladium_alternariae	Root;Ascomycota;Dothideomycetes;Pleosporales;Pleosporaceae;Brachycladium	overclassification	5
F1-REF	5	0	rdp	0.1	GU187522	Root;Basidiomycota;Agaricomycetes;Boletales;Coniophoraceae;Leucogyrophana	Root;Basidiomycota;Agaricomycetes;Boletales;Coniophoraceae;Gyrodontium	overclassification	5
F1-REF	5	0	rdp	0.1	DQ873595	Root;Basidiomycota;Agaricomycetes;Hymenochaetales;Schizoporaceae;Hyphodontia;Hyphodontia_hastata	Root;Basidiomycota;Agaricomycetes;Agaricales;Cyphellaceae;Globulicium	misclassification	3
F1-REF	5	0	rdp	0.1	AY785274	Root;Ascomycota;Lecanoromycetes;Lecanorales;Parmeliaceae;Himantormia;Himantormia_lugubris	Root;Ascomycota;Lecanoromycetes;Lecanorales;Parmeliaceae;Relicina	overclassification	5
F1-REF	5	0	rdp	0.1	HQ897823	Root;Ascomycota;Sordariomycetes;Hypocreales;Hypocreaceae;Sepedonium;Sepedonium_boletiphagum	Root;Ascomycota;Sordariomycetes;Hypocreales;Nectriaceae;Stylonectria	misclassification	4
F1-REF	5	0	rdp	0.1	EU683655	Root;Ascomycota;Dothideomycetes;Botryosphaeriales;Botryosphaeriaceae;Dichomera;Dichomera_eucalypti	Root;Ascomycota;Dothideomycetes;Botryosphaeriales;Botryosphaeriaceae;Endomelanconiopsis	overclassification	5
F1-REF	5	0	rdp	0.1	FJ914867	Root;Ascomycota;Eurotiomycetes;Onygenales;Onygenaceae;Chrysosporium;Chrysosporium_queenslandicum	Root;Ascomycota;Eurotiomycetes;Onygenales;Onygenaceae;Coccidioides	overclassification	5
F1-REF	5	0	rdp	0.1	DQ865092	Root;Ascomycota;Eurotiomycetes;Chaetothyriales;Herpotrichiellaceae;Phialophora;Phialophora_geniculata	Root;Ascomycota;Sordariomycetes;Microascales;Microascaceae;Acremonium_furcatum	misclassification	2
F1-REF	5	0	rdp	0.1	EU162052	Root;Basidiomycota;Agaricomycetes;Polyporales;Fomitopsidaceae;Fomitopsis;Fomitopsis_rosea	Root;Basidiomycota;Agaricomycetes;Polyporales;Meripilaceae;Antrodia	misclassification	4
F1-REF	5	0	rdp	0.1	GU994566	Root;Ascomycota;Lecanoromycetes;Lecanorales;Parmeliaceae;Melanelixia;Melanelixia_fuliginosa	Root;Ascomycota;Lecanoromycetes;Lecanorales;Parmeliaceae;Melanohalea	overclassification	5
F1-REF	5	0	rdp	0.1	GQ458022	Root;Ascomycota;Saccharomycetes;Saccharomycetales;Dipodascaceae;Geotrichum;Geotrichum_klebahnii	Root;Ascomycota;Saccharomycetes;Saccharomycetales;Dipodascaceae;Galactomyces	overclassification	5
F1-REF	5	0	rdp	0.1	AF485078	Root;Ascomycota;Sordariomycetes;Sordariales;Chaetomiaceae;Trichocladium;Trichocladium_opacum	Root;Ascomycota;Pezizomycetes;Pezizales;Sarcosomataceae;Strumella	misclassification	2
F1-REF	5	0	rdp	0.1	EF081374	Root;Ascomycota;Saccharomycetes;Saccharomycetales;Pichiaceae;Nakazawaea;Nakazawaea_holstii	Root;Ascomycota;Arthoniomycetes;Arthoniales;Roccellaceae;Hubbsia	misclassification	2
F1-REF	5	0	rdp	0.1	EF585539	Root;Ascomycota;Dothideomycetes;Botryosphaeriales;Botryosphaeriaceae;Neofusicoccum;Neofusicoccum_mangiferae	Root;Ascomycota;Dothideomycetes;Botryosphaeriales;Botryosphaeriaceae;Neoscytalidium	overclassification	5
F1-REF	5	0	rdp	0.1	EU401714	Root;Basidiomycota;Agaricomycetes;Agaricales;Tricholomataceae;Phaeolepiota;Gymnopilus_spectabilis	Root;Basidiomycota;Agaricomycetes;Agaricales;Cortinariaceae;Gymnopilus	misclassification	4
F1-REF	5	0	rdp	0.1	FJ810128	Root;Basidiomycota;Agaricomycetes;Polyporales;Polyporaceae;Pseudofavolus;Pseudofavolus_cucullatus	Root;Basidiomycota;Agaricomycetes;Polyporales;Polyporaceae;Favolus	overclassification	5
F1-REF	5	0	rdp	0.1	AB273560	Root;Ascomycota;Leotiomycetes;Erysiphales;Erysiphaceae;Golovinomyces;Golovinomyces_riedlianus	Root;Ascomycota;Leotiomycetes;Erysiphales;Erysiphaceae;Blumeria	overclassification	5
F1-REF	5	0	rdp	0.1	FJ941882	Root;Ascomycota;Dothideomycetes;Botryosphaeriales;Botryosphaeriaceae;Lasiodiplodia;Lasiodiplodia_theobromae	Root;Ascomycota;Dothideomycetes;Botryosphaeriales;Botryosphaeriaceae;Botryosphaeria	overclassification	5
F1-REF	5	0	rdp	0.1	EF051729	Root;Ascomycota;Sordariomycetes;Hypocreales;Clavicipitaceae;Metacordyceps;Metarhizium_majus	Root;Ascomycota;Sordariomycetes;Hypocreales;Clavicipitaceae;Metarhizium	overclassification	5
F1-REF	5	0	rdp	0.1	GU138755	Root;Ascomycota;Leotiomycetes;Rhytismatales;Rhytismataceae;Coccomyces;Coccomyces_delta	Root;Ascomycota;Leotiomycetes;Rhytismatales;Rhytismataceae;Soleella	overclassification	5
F1-REF	5	0	rdp	0.1	GQ981509	Root;Basidiomycota;Agaricomycetes;Cantharellales;Clavulinaceae;Clavulina;Clavulina	Root;Basidiomycota;Agaricomycetes;Cantharellales;Clavulinaceae;Membranomyces	overclassification	5
F1-REF	5	0	rdp	0.1	GQ913398	Root;Basidiomycota;Agaricomycetes;Agaricales;Marasmiaceae;Xerula;Xerula_furfuracea	Root;Basidiomycota;Agaricomycetes;Agaricales;Physalacriaceae;Hymenopellis_orientalis	misclassification	4
F1-REF	5	0	rdp	0.1	AB524794	Root;Ascomycota;Dothideomycetes;Pleosporales;Tetraplosphaeriaceae;Triplosphaeria;Triplosphaeria_yezoensis	Root;Ascomycota;Dothideomycetes;Pleosporales;Tetraplosphaeriaceae;Pseudotetraploa	overclassification	5
F1-REF	5	0	rdp	0.1	EF105411	Root;Ascomycota;Lecanoromycetes;Lecanorales;Parmeliaceae;Xanthoparmelia;Xanthoparmelia_ryssolea	Root;Ascomycota;Lecanoromycetes;Lecanorales;Parmeliaceae;Everniopsis	overclassification	5
F1-REF	5	0	rdp	0.1	EF121328	Root;Ascomycota;Eurotiomycetes;Eurotiales;Thermoascaceae;Thermoascus;Thermoascus_aurantiacus_var_levisporus	Root;Ascomycota;Eurotiomycetes;Eurotiales;Trichocomaceae;Aspergillus	misclassification	4
F1-REF	5	0	rdp	0.1	GQ250004	Root;Ascomycota;Sordariomycetes;Hypocreales;Cordycipitaceae;Torrubiella;Torrubiella_ratticaudata	Root;Ascomycota;Sordariomycetes;Hypocreales;Clavicipitaceae;Akanthomyces	misclassification	4
F1-REF	5	0	rdp	0.1	AY176347	Root;Basidiomycota;Agaricomycetes;Agaricales;Agaricaceae;Chamaemyces;Chamaemyces_fracidus	Root;Basidiomycota;Agaricomycetes;Agaricales;Psathyrellaceae;Cystoagaricus	misclassification	4
F1-REF	5	0	rdp	0.1	FJ545249	Root;Ascomycota;Lecanoromycetes	Root;Ascomycota;Saccharomycetes;Saccharomycetales;Pichiaceae;Dekkera	misclassification	2
F1-REF	5	0	rdp	0.1	FJ596893	Root;Basidiomycota;Agaricomycetes;Agaricales;Tricholomataceae	Root;Basidiomycota;Agaricomycetes;Agaricales;Tricholomataceae;Resupinatus	match	5
F1-REF	5	0	rdp	0.1	AY961602	Root;Ascomycota;Lecanoromycetes	Root;Ascomycota;Lecanoromycetes;Pertusariales;Icmadophilaceae;Thamnolia	underclassification	3
F1-REF	5	0	rdp	0.1	EU330178	Root;Neocallimastigomycota;Neocallimastigomycetes;Neocallimastigales;Neocallimastigaceae;Neocallimastix;Neocallimastix_hurleyensis	Root;Neocallimastigomycota;Neocallimastigomycetes;Neocallimastigales;Neocallimastigaceae;Piromyces	overclassification	5
F1-REF	5	0	rdp	0.1	EU652341	Root;Basidiomycota;Agaricomycetes;Gomphales;Gomphaceae;Clavariadelphus;Clavariadelphus_sachalinensis	Root;Basidiomycota;Agaricomycetes;Gomphales;Gomphaceae;Ramaria	overclassification	5
F1-REF	5	0	rdp	0.1	EU685112	Root;Basidiomycota;Agaricomycetes;Boletales;Boletaceae;Tylopilus;Tylopilus_sordidus	Root;Basidiomycota;Agaricomycetes;Boletales;Boletaceae;Porphyrellus	overclassification	5
F1-REF	5	0	rdp	0.1	AF451767	Root;Ascomycota;Lecanoromycetes;Lecanorales;Parmeliaceae;Hypogymnia;Hypogymnia_pulverata	Root;Ascomycota;Lecanoromycetes;Lecanorales;Parmeliaceae;Asahinea	overclassification	5
F1-REF	5	0	rdp	0.1	JF419904	Root;Ascomycota;Dothideomycetes;Pleosporales;Lindgomycetaceae;Lindgomyces_apiculatus;Lindgomyces_apiculatus	Root;Ascomycota;Dothideomycetes;Pleosporales;Lindgomycetaceae;Lindgomyces_rotundatus	overclassification	5
F1-REF	5	0	rdp	0.1	AB260936	Root;Basidiomycota;Tremellomycetes;Tremellales;Trichosporonaceae;Trichosporon;Trichosporon_mucoides	Root;Basidiomycota;Tremellomycetes;Filobasidiales;Filobasidiaceae;Cryptococcus	misclassification	3
F1-REF	5	0	rdp	0.1	JF908791	Root;Basidiomycota;Agaricomycetes;Boletales;Boletaceae;Phylloporus;Phylloporus_rhodoxanthus	Root;Basidiomycota;Agaricomycetes;Boletales;Boletaceae;Tubosaeta	overclassification	5
F1-REF	5	0	rdp	0.1	JF908497	Root;Basidiomycota;Agaricomycetes;Agaricales;Tricholomataceae	Root;Basidiomycota;Agaricomycetes;Agaricales;Tricholomataceae;Mycenella	match	5
F1-REF	5	0	rdp	0.1	FJ903377	Root;Ascomycota;Sordariomycetes;Coniochaetales;Coniochaetaceae;Coniochaeta;Coniochaeta_ligniaria	Root;Ascomycota;Sordariomycetes;Coniochaetales;Coniochaetaceae;Lecythophora	overclassification	5
F1-REF	5	0	rdp	0.1	AJ302444	Root;Ascomycota;Sordariomycetes;Xylariales;Diatrypaceae;Diatrype;Diatrype_stigma	Root;Ascomycota;Sordariomycetes;Xylariales;Diatrypaceae;Diatrypella	overclassification	5
F1-REF	5	0	rdp	0.1	AB551948	Root;Ascomycota;Leotiomycetes;Helotiales;Hyaloscyphaceae;Lachnum;Lachnum_lushanense	Root;Ascomycota;Dothideomycetes;Pleosporales;Pleomassariaceae;Helminthosporium	misclassification	2
F1-REF	5	0	rdp	0.1	AM774156	Root;Ascomycota;Sordariomycetes;Microascales;Microascaceae;Graphium;Graphium_dubautiae	Root;Ascomycota;Sordariomycetes;Microascales;Microascaceae;Microascus	overclassification	5
F1-REF	5	0	rdp	0.1	EU622257	Root;Ascomycota;Sordariomycetes;Sordariales;Chaetomiaceae;Chaetomium;Chaetomium_atrobrunneum	Root;Basidiomycota;Agaricomycetes;Agaricales;Lycoperdaceae;Lycoperdon	misclassification	1
F1-REF	5	0	rdp	0.1	JN819280	Root;Ascomycota;Dothideomycetes;Jahnulales;Aliquandostipitaceae;Brachiosphaera;Brachiosphaera_tropicalis	Root;Ascomycota;Dothideomycetes;Jahnulales;Aliquandostipitaceae;Jahnula	overclassification	5
F1-REF	5	0	rdp	0.1	JN819283	Root;Ascomycota;Dothideomycetes;Botryosphaeriales;Botryosphaeriaceae	Root;Ascomycota;Dothideomycetes;Jahnulales;Aliquandostipitaceae;Manglicola	misclassification	3
F1-REF	5	0	rdp	0.1	EF394866	Root;Ascomycota;Dothideomycetes;Capnodiales;Teratosphaeriaceae;Teratosphaeria;Teratosphaeria_mareebensis	Root;Ascomycota;Dothideomycetes;Capnodiales;Teratosphaeriaceae;Batcheloromyces	overclassification	5
F1-REF	5	0	rdp	0.1	DQ872858	Root;Ascomycota;Saccharomycetes;Saccharomycetales;Saccharomycetaceae;Saccharomyces;Saccharomyces_bulderi	Root;Ascomycota;Saccharomycetes;Saccharomycetales;Saccharomycetaceae;Zygosaccharomyces	overclassification	5
F1-REF	5	0	rdp	0.1	EU157728	Root;Basidiomycota;Agaricomycetes;Agaricales;Pleurotaceae;Pleurotus;Pleurotus_ostreatus	Root;Basidiomycota;Agaricomycetes;Polyporales;Polyporaceae;Laccocephalum	misclassification	3
F1-REF	5	0	rdp	0.1	EU076919	Root;Ascomycota;Sordariomycetes;Hypocreales;Hypocreaceae;Hypocrea;Hypocrea_lutea	Root;Ascomycota;Sordariomycetes;Hypocreales;Hypocreaceae;Gliocladium	overclassification	5
F1-REF	5	0	rdp	0.1	DQ826735	Root;Ascomycota;Eurotiomycetes;Verrucariales;Verrucariaceae;Placopyrenium;Placopyrenium_bucekii	Root;Ascomycota;Eurotiomycetes;Verrucariales;Verrucariaceae;Endocarpon	overclassification	5
F1-REF	5	0	rdp	0.1	GU233360	Root;Basidiomycota;Agaricomycetes;Agaricales;Cortinariaceae;Inocybe;Inocybe_assimilata	Root;Basidiomycota;Agaricomycetes;Agaricales;Cortinariaceae;Astrosporina	overclassification	5
F1-REF	5	0	rdp	0.1	FJ861375	Root;Ascomycota;Eurotiomycetes;Eurotiales;Trichocomaceae;Paecilomyces;Paecilomyces_anatarcticus	Root;Ascomycota;Sordariomycetes;Hypocreales;Cordycipitaceae;Simplicillium	misclassification	2
F1-REF	5	0	rdp	0.1	DQ677496	Root;Basidiomycota;Agaricomycetes;Agaricales;Bolbitiaceae;Agrocybe;Agrocybe_erebia	Root;Basidiomycota;Agaricomycetes;Polyporales;Hyphodermataceae;Hyphoderma	misclassification	3
F1-REF	5	0	rdp	0.1	AF373985	Root;Ascomycota;Eurotiomycetes;Eurotiales;Trichocomaceae	Root;Ascomycota;Eurotiomycetes;Pyrenulales;Xanthopyreniaceae;Collemopsidium	misclassification	3
F1-REF	5	0	rdp	0.1	GQ203770	Root;Ascomycota;Dothideomycetes;Pleosporales;Sporormiaceae	Root;Ascomycota;Dothideomycetes;Pleosporales;Sporormiaceae;Sporormiella	match	5
F1-REF	5	0	rdp	0.1	HM536085	Root;Basidiomycota;Agaricomycetes;Gloeophyllales;Gloeophyllaceae;Gloeophyllum;Gloeophyllum_abietinum	Root;Basidiomycota;Agaricomycetes;Gloeophyllales;Gloeophyllaceae;Boreostereum	overclassification	5
F1-REF	5	0	rdp	0.1	AF506444	Root;Basidiomycota;Agaricomycetes;Russulales;Gloeocystidiellaceae;Gloeocystidiellum;Gloeocystidiellum_subasperisporum	Root;Basidiomycota;Agaricomycetes;Russulales;Bondarzewiaceae;Gloeodontia	misclassification	4
F1-REF	5	0	rdp	0.1	AY636061	Root;Basidiomycota;Agaricomycetes;Polyporales;Polyporaceae;Fibroporia	Root;Basidiomycota;Agaricomycetes;Polyporales;Polyporaceae;Tyromyces	overclassification	5
F1-REF	5	0	rdp	0.1	EU669382	Root;Basidiomycota;Agaricomycetes;Agaricales;Agaricaceae	Root;Basidiomycota;Agaricomycetes;Agaricales;Tricholomataceae;Gamundia	misclassification	4
F1-REF	5	0	rdp	0.1	EU669383	Root;Ascomycota;Pezizomycetes;Pezizales;Helvellaceae	Root;Ascomycota;Pezizomycetes;Pezizales;Helvellaceae;Balsamia	match	5
F1-REF	5	0	rdp	0.1	AY916464	Root;Ascomycota;Dothideomycetes;Pleosporales;Tubeufiaceae;Helicoma;Helicoma_violaceum	Root;Ascomycota;Dothideomycetes;Pleosporales;Tubeufiaceae;Helicomyces	overclassification	5
F1-REF	5	0	rdp	0.1	EU295634	Root;Ascomycota;Dothideomycetes;Pleosporales;Leptosphaeriaceae;Leptosphaeria;Coniothyrium_fuckelii	Root;Ascomycota;Dothideomycetes;Pleosporales;Montagnulaceae;Paraconiothyrium	misclassification	4
F1-REF	5	0	rdp	0.1	EF029190	Root;Ascomycota;Sordariomycetes;Sordariales;Helminthosphaeriaceae;Spadicoides;Spadicoides_bina	Root;Ascomycota;Sordariomycetes;Chaetosphaeriales;Chaetosphaeriaceae;Kylindria	misclassification	3
F1-REF	5	0	rdp	0.1	AM269795	Root;Basidiomycota;Agaricomycetes;Hymenochaetales;Schizoporaceae;Hyphodontia	Root;Basidiomycota;Agaricomycetes;Hymenochaetales;Hymenochaetaceae;Fuscoporia	misclassification	4
F1-REF	5	0	rdp	0.1	AF377057	Root;Basidiomycota;Agaricomycetes;Cantharellales;Clavulinaceae;Clavulina	Root;Basidiomycota;Agaricomycetes;Gomphales;Gomphaceae;Gautieria	misclassification	3
F1-REF	5	0	rdp	0.1	Z81428	Root;Ascomycota;Leotiomycetes;Helotiales;Sclerotiniaceae;Botryotinia;Botryotinia_calthae	Root;Ascomycota;Leotiomycetes;Helotiales;Sclerotiniaceae;Coprotinia	overclassification	5
F1-REF	5	0	rdp	0.1	EU552123	Root;Ascomycota;Dothideomycetes	Root;Ascomycota;Dothideomycetes;Pleosporales;Didymosphaeriaceae;Didymosphaeria	underclassification	3
F1-REF	5	0	rdp	0.1	AJ271422	Root;Ascomycota;Eurotiomycetes;Eurotiales;Trichocomaceae;Talaromyces	Root;Ascomycota;Eurotiomycetes;Onygenales;Onygenaceae;Auxarthron	misclassification	3
F1-REF	5	0	rdp	0.1	EU552127	Root;Ascomycota;Sordariomycetes;Calosphaeriales;Calosphaeriaceae;Calosphaeria;Calosphaeria_pulchella	Root;Ascomycota;Sordariomycetes;Calosphaeriales;Calosphaeriaceae;Jattaea	overclassification	5
F1-REF	5	0	rdp	0.1	GQ131880	Root;Ascomycota;Eurotiomycetes;Chaetothyriales;Herpotrichiellaceae;Phialophora;Phialophora_geniculata	Root;Ascomycota;Sordariomycetes;Hypocreales;Hypocreaceae;Acrostalagmus	misclassification	2
F1-REF	5	0	rdp	0.1	AF079716	Root;Basidiomycota;Agaricomycetes;Agaricales;Agaricaceae;Apterostigma_auriculatum_symbiont_S1;Apterostigma_auriculatum_symbiont_S1	Root;Basidiomycota;Agaricomycetes;Agaricales;Agaricaceae;Myrmicocrypta_infuscata_symbiont_G11	overclassification	5
F1-REF	5	0	rdp	0.1	GU234033	Root;Basidiomycota;Agaricomycetes;Agaricales;Tricholomataceae;Omphalina;Phaeotellus_griseopallidus	Root;Basidiomycota;Agaricomycetes;Agaricales;Tricholomataceae;Arrhenia	overclassification	5
F1-REF	5	0	rdp	0.1	HQ714768	Root;Basidiomycota;Agaricomycetes;Boletales;Melanogastraceae;Melanogaster;Melanogaster_ambiguus	Root;Basidiomycota;Agaricomycetes;Boletales;Paxillaceae;Alpova	misclassification	4
F1-REF	5	0	rdp	0.1	DQ000299	Root;Basidiomycota;Agaricomycetes;Hymenochaetales;Hymenochaetaceae;Inocutis;Inocutis_jamaicensis	Root;Basidiomycota;Agaricomycetes;Polyporales;Polyporaceae;Funalia	misclassification	3
F1-REF	5	0	rdp	0.1	HQ650602	Root;Ascomycota;Lecanoromycetes;Acarosporales;Acarosporaceae;Acarospora;Acarospora_fulvoviridula	Root;Ascomycota;Lecanoromycetes;Lecanorales;Lecanoraceae;Candelariella	misclassification	3
F1-REF	5	0	rdp	0.1	AF009814	Root;Ascomycota;Sordariomycetes;Xylariales;Amphisphaeriaceae;Seimatosporium;Seimatosporium_discosioides	Root;Ascomycota;Sordariomycetes;Xylariales;Amphisphaeriaceae;Discostroma	overclassification	5
F1-REF	5	0	rdp	0.1	AY428793	Root;Ascomycota;Sordariomycetes;Hypocreales;Nectriaceae;Fusarium;Fusarium_ciliatum	Root;Ascomycota;Sordariomycetes;Hypocreales;Nectriaceae;Nalanthamala	overclassification	5
F1-REF	5	0	rdp	0.1	DQ241463	Root;Basidiomycota;Pucciniomycetes;Pachnocybales;Pachnocybaceae;Pachnocybe;Pachnocybe_ferruginea	Root;Basidiomycota;Pucciniomycetes;Septobasidiales;Septobasidiaceae;Septobasidium	misclassification	3
F1-REF	5	0	rdp	0.1	EU041820	Root;Ascomycota;Dothideomycetes;Pleosporales;Tubeufiaceae;Helicoma;Helicoma_olivaceum	Root;Ascomycota;Dothideomycetes;Pleosporales;Venturiaceae;Veronaeopsis	misclassification	4
F1-REF	5	0	rdp	0.1	AJ292391	Root;Ascomycota;Sordariomycetes;Hypocreales;Cordycipitaceae;Isaria;Isaria_javanica	Root;Ascomycota;Sordariomycetes;Hypocreales;Cordycipitaceae;Lecanicillium	overclassification	5
F1-REF	5	0	rdp	0.1	AF250780	Root;Ascomycota;Lecanoromycetes;Teloschistales;Physciaceae;Buellia;Buellia_frigida	Root;Ascomycota;Lecanoromycetes;Teloschistales;Physciaceae;Amandinea	overclassification	5
F1-REF	5	0	rdp	0.1	HM436649	Root;Basidiomycota;Agaricomycetes;Agaricales;Agaricaceae;Agaricus;Agaricus_goossensiae	Root;Basidiomycota;Agaricomycetes;Agaricales;Agaricaceae;Hymenagaricus	overclassification	5
F1-REF	5	0	rdp	0.1	EU525946	Root;Basidiomycota;Agaricomycetes;Agaricales;Cortinariaceae;Dermocybe_fervida;Dermocybe_fervida	Root;Basidiomycota;Agaricomycetes;Agaricales;Cortinariaceae;Cortinarius	overclassification	5
F1-REF	5	0	rdp	0.1	AJ006677	Root;Basidiomycota;Agaricomycetes;Polyporales;Cystostereaceae;Dentocorticium;Dentocorticium_sulphurellum	Root;Basidiomycota;Agaricomycetes;Polyporales;Polyporaceae;Skeletocutis	misclassification	4
F1-REF	5	0	rdp	0.1	JN197292	Root;Ascomycota;Dothideomycetes;Capnodiales;Mycosphaerellaceae;Pseudocercospora;Pseudocercospora_norchiensis	Root;Ascomycota;Dothideomycetes;Dothideales;Dothideaceae;Scirrhia	misclassification	3
F1-REF	5	0	rdp	0.1	AJ006671	Root;Basidiomycota;Agaricomycetes;Polyporales;Polyporaceae;Cerrena;Cerrena_unicolor	Root;Basidiomycota;Agaricomycetes;Polyporales;Hapalopilaceae;Spongipellis	misclassification	4
F1-REF	5	0	rdp	0.1	EF373570	Root;Ascomycota;Lecanoromycetes;Lecanorales;Parmeliaceae;Kaernefeltia;Kaernefeltia_merrillii	Root;Ascomycota;Lecanoromycetes;Lecanorales;Parmeliaceae;Arctocetraria	overclassification	5
F1-REF	5	0	rdp	0.1	AF514292	Root;Ascomycota;Saccharomycetes;Saccharomycetales;Pichiaceae;Saturnispora;Saturnispora_quitensis	Root;Ascomycota;Saccharomycetes;Saccharomycetales;Metschnikowiaceae;Metschnikowia	misclassification	4
F1-REF	5	0	rdp	0.1	EU075539	Root;Ascomycota;Lecanoromycetes;Lecanorales;Parmeliaceae;Xanthoparmelia;Xanthoparmelia_saxeti	Root;Ascomycota;Lecanoromycetes;Lecanorales;Parmeliaceae;Protoparmelia	overclassification	5
F1-REF	5	0	rdp	0.1	HQ650696	Root;Ascomycota;Lecanoromycetes;Peltigerales;Lobariaceae;Lobaria;Lobaria_adscripta	Root;Ascomycota;Lecanoromycetes;Peltigerales;Lobariaceae;Lobariella	overclassification	5
F1-REF	5	0	rdp	0.1	GQ152145	Root;Ascomycota;Leotiomycetes;Helotiales;Hyaloscyphaceae;Discocistella;Cistella_grevillei	Root;Ascomycota;Leotiomycetes;Helotiales;Helotiaceae;Hymenoscyphus	misclassification	4
F1-REF	5	0	rdp	0.1	AF357052	Root;Basidiomycota;Agaricomycetes;Agaricales;Lyophyllaceae;Tephrocybe;Lyophyllum_atratum	Root;Basidiomycota;Agaricomycetes;Agaricales;Lyophyllaceae;Lyophyllum	overclassification	5
F1-REF	5	0	rdp	0.1	AJ247562	Root;Ascomycota;Lecanoromycetes;Lecanorales;Ramalinaceae;Biatora;Biatora_carneoalbida	Root;Ascomycota;Lecanoromycetes;Lecideales;Porpidiaceae;Mycobilimbia	misclassification	3
F1-REF	5	0	rdp	0.1	EF446017	Root;Ascomycota;Orbiliomycetes;Orbiliales;Orbiliaceae;Drechslerella;Drechslerella_dactyloides	Root;Ascomycota;Orbiliomycetes;Orbiliales;Orbiliaceae;Dactylellina	overclassification	5
F1-REF	5	0	rdp	0.1	FJ627021	Root;Basidiomycota;Agaricomycetes;Boletales;Boletaceae	Root;Basidiomycota;Agaricomycetes;Agaricales;Hygrophoraceae;Ampulloclitocybe	misclassification	3
F1-REF	5	0	rdp	0.1	DQ830803	Root;Basidiomycota;Agaricomycetes;Agaricales;Tricholomataceae;Clitocybe;Clitocybe_festiva	Root;Basidiomycota;Agaricomycetes;Agaricales;Tricholomataceae;Collybia	overclassification	5
F1-REF	5	0	rdp	0.1	AF451744	Root;Ascomycota;Lecanoromycetes;Lecanorales;Parmeliaceae	Root;Ascomycota;Lecanoromycetes;Lecanorales;Parmeliaceae;Omphalodium	match	5
F1-REF	5	0	rdp	0.1	FM206390	Root;Basidiomycota;Agaricomycetes;Agaricales;Cortinariaceae;Inocybe	Root;Ascomycota;Pezizomycetes;Pezizales;Pyronemataceae;Geopora	misclassification	1
F1-REF	5	0	rdp	0.1	EU833660	Root;Basidiomycota;Agaricomycetes;Agaricales;Lycoperdaceae;Bovista;Lycoperdon_pusillum	Root;Basidiomycota;Agaricomycetes;Agaricales;Agaricaceae;Holocotylon	misclassification	4
F1-REF	5	0	rdp	0.1	HQ833460	Root;Ascomycota;Lecanoromycetes;Peltigerales;Lobariaceae;Lobaria;Lobaria_oregana	Root;Ascomycota;Leotiomycetes;Helotiales;Sclerotiniaceae;Ciboria	misclassification	2
F1-REF	5	0	rdp	0.1	GU291281	Root;Basidiomycota;Agaricostilbomycetes;Agaricostilbales;Chionosphaeraceae;Kurtzmanomyces;Kurtzmanomyces_nectairei	Root;Basidiomycota;Agaricostilbomycetes;Agaricostilbales;Chionosphaeraceae;Stilbum	overclassification	5
F1-REF	5	0	rdp	0.1	DQ497617	Root;Ascomycota;Taphrinomycetes;Taphrinales;Taphrinaceae;Taphrina;Taphrina_sadebeckii	Root;Ascomycota;Taphrinomycetes;Taphrinales;Protomycetaceae;Protomyces	misclassification	4
F1-REF	5	0	rdp	0.1	DQ238719	Root;Basidiomycota;Microbotryomycetes;Microbotryales;Microbotryaceae;Liroa;Liroa_emodensis	Root;Basidiomycota;Microbotryomycetes;Microbotryales;Ustilentylomataceae;Bauerago	misclassification	4
F1-REF	5	0	rdp	0.1	AY555731	Root;Ascomycota;Sordariomycetes;Xylariales;Xylariaceae;Emarcea;Emarcea_castanopsidicola	Root;Ascomycota;Sordariomycetes;Xylariales;Xylariaceae;Muscodor	overclassification	5
F1-REF	5	0	rdp	0.1	FJ822973	Root	Root;Chytridiomycota;Chytridiomycetes;Chytridiales;Chytridiaceae;Polyphlyctis	underclassification	1
F1-REF	5	0	rdp	0.1	GQ919281	Root;Ascomycota;Lecanoromycetes;Lecanorales;Parmeliaceae;Remototrachyna_costaricensis;Remototrachyna_costaricensis	Root;Ascomycota;Lecanoromycetes;Lecanorales;Parmeliaceae;Remototrachyna_kingii	overclassification	5
F1-REF	5	0	rdp	0.1	GU292821	Root;Ascomycota;Sordariomycetes;Xylariales;Xylariaceae;Kretzschmaria;Kretzschmaria_megalospora	Root;Ascomycota;Sordariomycetes;Xylariales;Xylariaceae;Euepixylon	overclassification	5
F1-REF	5	0	rdp	0.1	JF681957	Root;Ascomycota;Sordariomycetes;Diaporthales;Gnomoniaceae;Gnomonia;Gnomonia_fragariae	Root;Ascomycota;Sordariomycetes;Diaporthales;Sydowiellaceae;Chapeckia	misclassification	4
F1-REF	5	0	rdp	0.1	GU233325	Root;Basidiomycota;Agaricomycetes;Agaricales;Cortinariaceae;Dermocybe_egmontiana;Dermocybe_egmontiana	Root;Basidiomycota;Agaricomycetes;Agaricales;Cortinariaceae;Dermocybe_leptospermorum	overclassification	5
F1-REF	5	0	rdp	0.1	EU254889	Root;Ascomycota;Sordariomycetes;Diaporthales;Gnomoniaceae;Gnomonia;Gnomonia_ischnostyla	Root;Ascomycota;Sordariomycetes;Diaporthales;Valsaceae;Ophiognomonia	misclassification	4
F1-REF	5	0	rdp	0.1	AY129365	Root;Basidiomycota;Agaricomycetes;Agaricales;Strophariaceae;Psilocybe;Psilocybe_australiana	Root;Basidiomycota;Agaricomycetes;Agaricales;Strophariaceae;Melanotus	overclassification	5
F1-REF	5	0	rdp	0.1	HQ414538	Root;Basidiomycota;Agaricomycetes;Agaricales;Amanitaceae;Amanita;Amanita_eijii	Root;Basidiomycota;Agaricomycetes;Phallales;Phallaceae;Dictyophora	misclassification	3
F1-REF	5	0	rdp	0.1	AF505780	Root;Basidiomycota;Agaricomycetes;Agaricales;Marasmiaceae;Marasmius;Marasmius_androsaceus	Root;Basidiomycota;Agaricomycetes;Agaricales;Marasmiaceae;Micromphale	overclassification	5
F1-REF	5	0	rdp	0.1	EU708340	Root;Basidiomycota;Agaricomycetes;Agaricales;Lyophyllaceae;Tephrocybe;Tephrocybe_rancida	Root;Basidiomycota;Agaricomycetes;Agaricales;Lyophyllaceae;Blastosporella	overclassification	5
F1-REF	5	0	rdp	0.1	AY239213	Root;Ascomycota;Taphrinomycetes;Taphrinales;Taphrinaceae;Taphrina;Taphrina_carpini	Root;Ascomycota;Taphrinomycetes;Taphrinales;Taphrinaceae;Lalaria	overclassification	5
F1-REF	5	0	rdp	0.1	EU520120	Root;Ascomycota;Sordariomycetes;Sordariales;Helminthosphaeriaceae;Spadicoides;Spadicoides_bina	Root;Ascomycota;Dothideomycetes;Botryosphaeriales;Botryosphaeriaceae;Macrophoma	misclassification	2
F1-REF	5	0	rdp	0.1	FJ845424	Root;Basidiomycota;Agaricomycetes;Thelephorales;Bankeraceae;Bankera;Bankera_violascens	Root;Basidiomycota;Agaricomycetes;Thelephorales;Bankeraceae;Phellodon	overclassification	5
F1-REF	5	0	rdp	0.1	GU367909	Root;Ascomycota;Leotiomycetes;Rhytismatales;Rhytismataceae;Coccomyces;Coccomyces_leptideus	Root;Ascomycota;Leotiomycetes;Rhytismatales;Rhytismataceae;Hypohelion	overclassification	5
F1-REF	5	0	rdp	0.1	GU590877	Root;Basidiomycota;Agaricomycetes;Russulales;Stereaceae;Aleurodiscus;Aleurodiscus_aurantius	Root;Basidiomycota;Agaricomycetes;Corticiales;Corticiaceae;Corticium	misclassification	3
F1-REF	5	0	rdp	0.1	HM005139	Root;Basidiomycota;Agaricomycetes;Agaricales;Physalacriaceae;Hymenopellis_gigaspora;Hymenopellis_gigaspora	Root;Basidiomycota;Agaricomycetes;Agaricales;Physalacriaceae;Hymenopellis_colensoi	overclassification	5
F1-REF	5	0	rdp	0.1	AY194555	Root;Basidiomycota;Agaricomycetes;Agaricales;Bolbitiaceae;Conocybe;Conocybe_bulbifera	Root;Basidiomycota;Agaricomycetes;Agaricales;Bolbitiaceae;Gastrocybe	overclassification	5
F1-REF	5	0	rdp	0.1	EF017208	Root;Ascomycota;Dothideomycetes;Botryosphaeriales;Botryosphaeriaceae;Neofusicoccum;Neofusicoccum_mangiferae	Root;Ascomycota;Dothideomycetes;Botryosphaeriales;Botryosphaeriaceae;Macrophomina	overclassification	5
F1-REF	5	0	rdp	0.1	AF448458	Root;Ascomycota;Lecanoromycetes;Baeomycetales;Baeomycetaceae;Phyllobaeis;Phyllobaeis_imbricata	Root;Ascomycota;Lecanoromycetes;Baeomycetales;Baeomycetaceae;Baeomyces	overclassification	5
F1-REF	5	0	rdp	0.1	AF324254	Root;Basidiomycota;Agaricomycetes;Polyporales;Polyporaceae;Lentinus;Lentinus_scleropus	Root;Basidiomycota;Agaricomycetes;Polyporales;Polyporaceae;Polyporus	overclassification	5
F1-REF	5	0	rdp	0.1	FN907920	Root;Basidiomycota;Agaricomycetes;Hymenochaetales;Schizoporaceae;Hyphodontia;Hyphodontia_rimosissima	Root;Basidiomycota;Agaricomycetes;Hymenochaetales;Schizoporaceae;Poriodontia	overclassification	5
F1-REF	5	0	rdp	0.1	DQ202270	Root;Basidiomycota;Microbotryomycetes	Root;Basidiomycota;Microbotryomycetes;Heterogastridiales;Heterogastridiaceae;Colacogloea	underclassification	3
F1-REF	5	0	rdp	0.1	AF407163	Root;Basidiomycota;Agaricomycetes;Agaricales;Cortinariaceae;Galerina;Galerina_marginata	Root;Basidiomycota;Agaricomycetes;Agaricales;Bolbitiaceae;Anamika	misclassification	4
F1-REF	5	0	rdp	0.1	FJ403215	Root;Basidiomycota;Agaricomycetes;Polyporales;Fomitopsidaceae;Fomitopsis;Fomitopsis_rosea	Root;Basidiomycota;Agaricomycetes;Polyporales;Fomitopsidaceae;Daedalea	overclassification	5
F1-REF	5	0	rdp	0.1	AY078151	Root;Ascomycota;Leotiomycetes;Helotiales;Vibrisseaceae;Phialocephala;Phialocephala_turiciensis	Root;Ascomycota;Leotiomycetes;Helotiales;Vibrisseaceae;Acephala	overclassification	5
F1-REF	5	0	rdp	0.1	EF197068	Root;Ascomycota;Sordariomycetes;Sordariales;Lasiosphaeriaceae	Root;Ascomycota;Sordariomycetes;Sordariales;Lasiosphaeriaceae;Cercophora	match	5
F1-REF	5	0	rdp	0.1	EF121334	Root;Ascomycota;Dothideomycetes;Capnodiales;Mycosphaerellaceae;Ramichloridium;Ramichloridium_cerophilum	Root;Ascomycota;Eurotiomycetes;Eurotiales;Trichocomaceae;Emericella	misclassification	2
F1-REF	5	0	rdp	0.1	HQ406808	Root;Ascomycota;Sordariomycetes;Coniochaetales;Coniochaetaceae;Coniochaeta;Coniochaeta_savoryi	Root;Ascomycota;Sordariomycetes;Sordariales;Lasiosphaeriaceae;Fimetariella	misclassification	3
F1-REF	5	0	rdp	0.1	FN185985	Root;Ascomycota;Lecanoromycetes;Umbilicariales;Umbilicariaceae;Umbilicaria;Umbilicaria_rigida	Root;Ascomycota;Lecanoromycetes;Umbilicariales;Umbilicariaceae;Lasallia	overclassification	5
F1-REF	5	0	rdp	0.1	EU819470	Root;Ascomycota;Pezizomycetes;Pezizales;Pyronemataceae;Genea;Genea_verrucosa	Root;Ascomycota;Pezizomycetes;Pezizales;Pyronemataceae;Humaria	overclassification	5
F1-REF	5	0	rdp	0.1	JN009733	Root;Ascomycota;Lecanoromycetes;Lecideales;Lecideaceae;Lecidea;Lecidea_polytrichina	Root;Ascomycota;Lecanoromycetes;Lecanorales;Tephromelataceae;Violella_fucata	misclassification	3
F1-REF	5	0	rdp	0.1	GU234077	Root;Basidiomycota;Agaricomycetes;Agaricales;Schizophyllaceae;Rectipilus;Rectipilus_natalensis	Root;Basidiomycota;Agaricomycetes;Agaricales;Tricholomataceae;Melanoleuca	misclassification	4
F1-REF	5	0	rdp	0.1	FJ789599	Root;Ascomycota;Pezizomycetes;Pezizales;Pyronemataceae	Root;Ascomycota;Pezizomycetes;Pezizales;Pyronemataceae;Gilkeya	match	5
F1-REF	5	0	rdp	0.1	FJ196771	Root;Ascomycota;Sordariomycetes;Sordariales;Lasiosphaeriaceae;Podospora	Root;Ascomycota;Sordariomycetes;Sordariales;Lasiosphaeriaceae;Arnium	overclassification	5
F1-REF	5	0	rdp	0.1	FJ538352	Root;Ascomycota;Sordariomycetes;Hypocreales;Niessliaceae;Melanopsamma;Guignardia_philoprina	Root;Ascomycota;Dothideomycetes;Botryosphaeriales;Botryosphaeriaceae;Phyllosticta	misclassification	2
F1-REF	5	0	rdp	0.1	EF600974	Root;Ascomycota;Dothideomycetes;Pleosporales;Leptosphaeriaceae;Leptosphaeria;Leptosphaeria_proteicola	Root;Ascomycota;Dothideomycetes;Pleosporales;Phaeosphaeriaceae;Eudarluca	misclassification	4
F1-REF	5	0	rdp	0.1	AY509552	Root;Basidiomycota;Tremellomycetes;Tremellales;Exidiaceae;Protodontia;Protodontia_piceicola	Root;Basidiomycota;Tremellomycetes;Tremellales;Exidiaceae;Heterochaetella	overclassification	5
F1-REF	5	0	rdp	0.1	EU375546	Root;Basidiomycota;Agaricomycetes;Cantharellales;Ceratobasidiaceae;Ceratobasidium;Ceratobasidium_cornigerum	Root;Basidiomycota;Agaricomycetes;Corticiales;Corticiaceae;Rhizoctonia	misclassification	3
F1-REF	5	0	rdp	0.1	EU045422	Root;Ascomycota;Lecanoromycetes;Teloschistales;Physciaceae;Phaeophyscia;Phaeophyscia_squarrosa	Root;Ascomycota;Lecanoromycetes;Teloschistales;Physciaceae;Heterodermia	overclassification	5
F1-REF	5	0	rdp	0.1	DQ494696	Root;Basidiomycota;Agaricomycetes;Agaricales;Cortinariaceae;Phaeomarasmius;Phaeomarasmius_proximans	Root;Basidiomycota;Agaricomycetes;Agaricales;Cortinariaceae;Simocybe	overclassification	5
F1-REF	5	0	rdp	0.1	GQ503036	Root;Basidiomycota;Agaricomycetes;Agaricales;Bolbitiaceae;Conocybe	Root;Basidiomycota;Agaricomycetes;Boletales;Hygrophoropsidaceae;Tapinella	misclassification	3
F1-REF	5	0	rdp	0.1	EF029224	Root;Ascomycota;Leotiomycetes;Helotiales;Hyaloscyphaceae;Hyaloscypha;Hyaloscypha_albohyalina_var_spiralis	Root;Ascomycota;Leotiomycetes;Helotiales;Hyaloscyphaceae;Pseudaegerita	overclassification	5
F1-REF	5	0	rdp	0.1	DQ389701	Root;Basidiomycota;Agaricomycetes;Agaricales;Psathyrellaceae;Coprinellus;Coprinellus_radicellus	Root;Basidiomycota;Agaricomycetes;Agaricales;Psathyrellaceae;Psathyrella	overclassification	5
F1-REF	5	0	rdp	0.1	AY259137	Root;Ascomycota;Leotiomycetes;Helotiales;Vibrisseaceae;Vibrissea;Vibrissea_flavovirens	Root;Ascomycota;Leotiomycetes;Helotiales;Dermateaceae;Mollisia	misclassification	4
F1-REF	5	0	rdp	0.1	EU021600	Root;Ascomycota;Eurotiomycetes;Eurotiales;Trichocomaceae;Talaromyces;Talaromyces_emodensis	Root;Ascomycota;Eurotiomycetes;Eurotiales;Trichocomaceae;Trichocoma	overclassification	5
F1-REF	5	0	rdp	0.1	JN864881	Root;Ascomycota;Eurotiomycetes;Eurotiales;Trichocomaceae;Penicillium;Penicillium_brasilianum	Root;Ascomycota;Eurotiomycetes;Eurotiales;Trichocomaceae;Penicilliopsis	overclassification	5
F1-REF	5	0	rdp	0.1	JF908719	Root;Ascomycota;Pezizomycetes;Pezizales;Pyronemataceae;Scutellinia;Scutellinia_heterosculpturata	Root;Ascomycota;Pezizomycetes;Pezizales;Pyronemataceae;Ramsbottomia	overclassification	5
F1-REF	5	0	rdp	0.1	EU552114	Root;Ascomycota;Pezizomycetes;Pezizales	Root;Ascomycota;Pezizomycetes;Pezizales;Sarcosomataceae;Conoplea	underclassification	4
F1-REF	5	0	rdp	0.1	AF260224	Root;Ascomycota;Dothideomycetes;Dothideales;Dothideaceae;Dothidea;Dothidea_insculpta	Root;Ascomycota;Dothideomycetes;Dothideales;Dothioraceae;Kabatina	misclassification	4
F1-REF	5	0	rdp	0.1	HQ650650	Root;Ascomycota;Lecanoromycetes;Lecanorales;Psoraceae;Protoblastenia;Protoblastenia_laeta	Root;Ascomycota;Lecanoromycetes;Lecanorales;Ramalinaceae;Bacidina	misclassification	4
F1-REF	5	0	rdp	0.1	EU784183	Root;Basidiomycota;Agaricomycetes;Agaricales;Agaricaceae;Lepiota	Root;Basidiomycota;Agaricomycetes;Agaricales;Agaricaceae;Battarrea	overclassification	5
F1-REF	5	0	rdp	0.1	AB481288	Root;Ascomycota;Leotiomycetes;Helotiales;Hyaloscyphaceae	Root;Ascomycota;Leotiomycetes;Helotiales;Hyaloscyphaceae;Trichopezizella	match	5
F1-REF	5	0	rdp	0.1	EU352773	Root;Neocallimastigomycota;Neocallimastigomycetes;Neocallimastigales;Neocallimastigaceae;Neocallimastix;Neocallimastix_patriciarum	Root;Chytridiomycota;Chytridiomycetes;Lobulomycetales;Lobulomycetaceae;Clydaea	misclassification	1
F1-REF	5	0	rdp	0.1	GQ267191	Root;Ascomycota;Lecanoromycetes;Lecanorales;Parmeliaceae;Parmelia;Parmelia_lindmanii	Root;Ascomycota;Lecanoromycetes;Lecanorales;Parmeliaceae;Parmelinella	overclassification	5
F1-REF	5	0	rdp	0.1	U59145	Root;Ascomycota;Leotiomycetes;Helotiales;Hyaloscyphaceae;Lachnum;Lachnum_pulverulentum	Root;Ascomycota;Leotiomycetes;Helotiales;Hyaloscyphaceae;Lachnellula	overclassification	5
F1-REF	5	0	rdp	0.1	EU669233	Root;Basidiomycota;Agaricomycetes;Agaricales;Cortinariaceae;Dermocybe_canaria;Dermocybe_canaria	Root;Basidiomycota;Agaricomycetes;Agaricales;Cortinariaceae;Dermocybe_humboldtensis	overclassification	5
F1-REF	5	0	rdp	0.1	EU784188	Root;Basidiomycota;Agaricomycetes;Agaricales;Tricholomataceae;Tricholoma;Tricholoma_elegans	Root;Basidiomycota;Agaricomycetes;Agaricales;Nidulariaceae;Crucibulum	misclassification	4
F1-REF	5	0	rdp	0.1	GQ304945	Root;Ascomycota;Pezizomycetes;Pezizales;Sarcoscyphaceae	Root;Ascomycota;Pezizomycetes;Pezizales;Morchellaceae;Ptychoverpa	misclassification	4
F1-REF	5	0	rdp	0.1	FM202494	Root;Basidiomycota;Agaricomycetes;Agaricales;Marasmiaceae;Marasmius	Root;Basidiomycota;Agaricomycetes;Polyporales;Meripilaceae;Physisporinus	misclassification	3
F1-REF	5	0	rdp	0.1	EU254750	Root;Ascomycota;Sordariomycetes;Diaporthales;Gnomoniaceae;Linospora;Linospora_ceuthocarpa	Root;Ascomycota;Sordariomycetes;Diaporthales;Gnomoniaceae;Apioplagiostoma	overclassification	5
F1-REF	5	0	rdp	0.1	AF540507	Root;Ascomycota;Lecanoromycetes;Teloschistales;Physciaceae;Pyxine;Pyxine_limbulata	Root;Ascomycota;Lecanoromycetes;Teloschistales;Caliciaceae;Dermatiscum	misclassification	4
F1-REF	5	0	rdp	0.1	FJ380935	Root;Ascomycota;Sordariomycetes;Hypocreales;Clavicipitaceae;Hypocrella;Hypocrella_luteola	Root;Ascomycota;Sordariomycetes;Hypocreales;Clavicipitaceae;Harposporium	overclassification	5
F1-REF	5	0	rdp	0.1	JF340250	Root;Ascomycota;Sordariomycetes;Hypocreales;Clavicipitaceae;Elaphocordyceps;Elaphocordyceps_paradoxa	Root;Ascomycota;Sordariomycetes;Hypocreales;Ophiocordycipitaceae;Chaunopycnis	misclassification	4
F1-REF	5	0	rdp	0.1	AY204590	Root;Ascomycota;Sordariomycetes;Hypocreales;Nectriaceae;Flagellospora;Flagellospora_curvula	Root;Ascomycota;Leotiomycetes;Leotiales;Leotiaceae;Alatospora	misclassification	2
F1-REF	5	0	rdp	0.1	AB524804	Root;Ascomycota;Dothideomycetes;Pleosporales;Tetraplosphaeriaceae;Triplosphaeria;Triplosphaeria_yezoensis	Root;Ascomycota;Dothideomycetes;Pleosporales;Tetraplosphaeriaceae;Quadricrura	overclassification	5
F1-REF	5	0	rdp	0.1	AY204610	Root;Ascomycota;Leotiomycetes;Helotiales;Hyaloscyphaceae;Discocistella;Cistella_grevillei	Root;Ascomycota;Leotiomycetes;Helotiales;Helotiaceae;Tricladium	misclassification	4
F1-REF	5	0	rdp	0.1	AJ877224	Root;Ascomycota;Eurotiomycetes;Onygenales;Arthrodermataceae;Trichophyton	Root;Ascomycota;Eurotiomycetes;Onygenales;Arthrodermataceae;Keratinomyces	overclassification	5
F1-REF	5	0	rdp	0.1	AJ877222	Root;Ascomycota;Eurotiomycetes;Onygenales;Arthrodermataceae;Arthroderma;Arthroderma_curreyi	Root;Ascomycota;Eurotiomycetes;Onygenales;Arthrodermataceae;Ctenomyces	overclassification	5
F1-REF	5	0	rdp	0.1	AF482859	Root;Basidiomycota;Agaricomycetes;Agaricales;Agaricaceae;Leucoagaricus;Leucoagaricus_birnbaumii	Root;Basidiomycota;Agaricomycetes;Agaricales;Agaricaceae;Leucocoprinus	overclassification	5
F1-REF	5	0	rdp	0.1	U21830	Root;Ascomycota;Leotiomycetes;Helotiales;Sclerotiniaceae	Root;Ascomycota;Leotiomycetes;Helotiales;Sclerotiniaceae;Ciborinia	match	5
F1-REF	5	0	rdp	0.1	U85789	Root;Basidiomycota;Agaricomycetes;Agaricales;Typhulaceae;Typhula;Typhula_variabilis	Root;Basidiomycota;Agaricomycetes;Atheliales;Atheliaceae;Fibulorhizoctonia	misclassification	3
F1-REF	5	0	rdp	0.1	AF482855	Root;Basidiomycota;Agaricomycetes;Agaricales;Agaricaceae;Macrolepiota;Macrolepiota_neomastoidea	Root;Basidiomycota;Agaricomycetes;Agaricales;Agaricaceae;Chlorophyllum	overclassification	5
F1-REF	5	0	rdp	0.1	GQ981497	Root;Ascomycota	Root;Basidiomycota;Agaricomycetes;Hysterangiales;Mesophelliaceae;Nothocastoreum	misclassification	1
F1-REF	5	0	rdp	0.1	EU118666	Root;Basidiomycota;Agaricomycetes;Agaricales	Root;Basidiomycota;Agaricomycetes;Polyporales;Sistotremataceae;Sistotremastrum	misclassification	3
F1-REF	5	0	rdp	0.1	AF435825	Root;Ascomycota;Pezizomycetes;Pezizales;Pezizaceae;Peziza;Peziza_kallioi	Root;Ascomycota;Pezizomycetes;Pezizales;Pezizaceae;Eremiomyces	overclassification	5
F1-REF	5	0	rdp	0.1	AB022351	Root;Ascomycota;Leotiomycetes;Erysiphales;Erysiphaceae;Erysiphe;Erysiphe_prunastri	Root;Ascomycota;Leotiomycetes;Erysiphales;Erysiphaceae;Brasiliomyces	overclassification	5
F1-REF	5	0	rdp	0.1	EF064155	Root;Ascomycota;Saccharomycetes;Saccharomycetales;Pichiaceae;Pichia;Pichia_pilisensis	Root;Ascomycota;Saccharomycetes;Saccharomycetales;Pichiaceae;Ogataea	overclassification	5
F1-REF	5	0	rdp	0.1	EF155483	Root;Ascomycota;Sordariomycetes;Xylariales;Diatrypaceae;Eutypella;Eutypella_prunastri	Root;Ascomycota;Sordariomycetes;Xylariales;Diatrypaceae;Eutypa	overclassification	5
F1-REF	5	0	rdp	0.1	EU553340	Root;Ascomycota;Eurotiomycetes;Eurotiales;Trichocomaceae;Penicillium;Penicillium_pittii	Root;Ascomycota;Sordariomycetes;Hypocreales;Clavicipitaceae;Nomuraea	misclassification	2
F1-REF	5	0	rdp	0.1	EU078628	Root;Ascomycota;Eurotiomycetes;Eurotiales;Trichocomaceae;Neosartorya;Neosartorya_fischeri	Root;Ascomycota;Eurotiomycetes;Eurotiales;Trichocomaceae;Neocarpenteles	overclassification	5
F1-REF	5	0	rdp	0.1	AY725552	Root;Ascomycota;Dothideomycetes;Capnodiales;Mycosphaerellaceae;Mycosphaerella;Mycosphaerella_communis	Root;Ascomycota;Dothideomycetes;Capnodiales;Mycosphaerellaceae;Dissoconium	overclassification	5
F1-REF	5	0	rdp	0.1	HQ647144	Root;Basidiomycota;Agaricomycetes;Boletales;Boletaceae;Leccinum;Leccinum_carpini	Root;Basidiomycota;Agaricomycetes;Boletales;Boletaceae;Octaviania	overclassification	5
F1-REF	5	0	rdp	0.1	AF389161	Root;Basidiomycota;Agaricomycetes;Agaricales;Cortinariaceae;Dermocybe_cardinalis;Dermocybe_cardinalis	Root;Basidiomycota;Agaricomycetes;Agaricales;Cortinariaceae;Dermocybe_austronanceiensis	overclassification	5
F1-REF	5	0	rdp	0.1	AJ439439	Root;Ascomycota;Eurotiomycetes;Onygenales;Onygenaceae;Chrysosporium;Chrysosporium_articulatum	Root;Ascomycota;Eurotiomycetes;Onygenales;Onygenaceae;Aphanoascus	overclassification	5
F1-REF	5	0	rdp	0.1	AY035661	Root;Glomeromycota;Glomeromycetes;Diversisporales;Gigasporaceae;Scutellospora;Scutellospora_spinosissima	Root;Glomeromycota;Glomeromycetes;Diversisporales;Gigasporaceae;Gigaspora	overclassification	5