#Taxon	pc0	pc1	pc2	pc3	pc4	pc5	pc6	pc7	pc8	pc9	pc10	pc11	pc12	pc13	pc14	pc15	pc16	pc17	pc18	pc19	pc20	pc21	pc22	pc23	pc24	pc25	pc26	pc27	pc28	pc29
Mock.3;Root;Saccharomycetes;Saccharomycetales;Incertae_sedis;Candida;Candida_catenulata	0.00325113179479	-0.00517459626135	0.00822554728176	0.0055414059207	0.0018807786462	-0.000935240936147	0.000705990360576	0.00118060619139	-0.000741841827684	0.000477215645728	0.000797053291478	8.48413899713e-05	-3.27273488036e-05	9.53622913671e-05	-5.46210438699e-05	4.58465102217e-07	-9.71551014197e-07	-1.06244195663e-06	-3.07129208461e-07	4.2785822467e-08	1.85175008155e-08	-1.58161221021e-08	-1.21491505853e-08	2.84985459611e-09	-6.59792780845e-10	1.97339092648e-09	7.30009442601e-10	7.21096603072e-11	1.31590055476e-10	-2.93051273699e-11
Mock.1;Root;Saccharomycetes;Saccharomycetales;Incertae_sedis;Candida;Candida_catenulata	0.00312128597687	-0.00498535905497	0.0079040993282	0.0053340412715	0.00180951724098	-0.000899587400437	0.000679653088982	0.00113437627037	-0.000713749113008	0.000458926419379	0.000766729762007	8.17463243376e-05	-3.15717562821e-05	9.18992340594e-05	-5.26643705208e-05	4.68007280293e-07	-9.29584805039e-07	-1.01689393466e-06	-2.92180324424e-07	4.96382588067e-08	2.30770791667e-08	-1.73047087378e-08	-1.20929988687e-08	3.36325154168e-09	-6.59792780845e-10	1.97339092648e-09	7.30009442601e-10	7.21096603072e-11	1.31590055476e-10	-2.93051273699e-11
Mock.2;Root;Saccharomycetes;Saccharomycetales;Incertae_sedis;Candida;Candida_catenulata	0.00312150010964	-0.00498511639093	0.00790374477486	0.00533376493053	0.00180941815464	-0.000899546929767	0.000679625186915	0.00113433827817	-0.00071372733063	0.000458905836411	0.000766699833795	8.17439569423e-05	-3.15711106255e-05	9.18963395705e-05	-5.26638870228e-05	4.68589484226e-07	-9.29446850753e-07	-1.01676913693e-06	-2.92121562944e-07	4.97539996394e-08	2.31491610518e-08	-1.73329735334e-08	-1.2098202658e-08	3.37171333386e-09	-6.59792780845e-10	1.97339092648e-09	7.30009442601e-10	7.21096603072e-11	1.31590055476e-10	-2.93051273699e-11
Mock.2;Root;Saccharomycetes;Saccharomycetales;Dipodascaceae;Galactomyces;Galactomyces_geotrichum	-0.099367884927	0.0344497947956	-0.00107273582916	-0.00258312772422	-0.00281423996699	-0.00306544200546	-0.000135462272769	0.0014593520936	0.00109037108198	-0.00134138658501	0.000263170894496	7.26040959751e-05	-0.000234653103057	0.000362834137045	0.000289799025113	2.52614844424e-05	3.00775769306e-06	-6.09005056749e-06	-2.09159261419e-06	7.63612289145e-08	6.05105708238e-07	-9.29143766541e-08	-2.28106424121e-07	-1.89763888875e-08	-6.59792780844e-10	1.97339092648e-09	7.30009442601e-10	7.2109660307e-11	1.31590055476e-10	-2.930512737e-11
Mock.1;Root;Saccharomycetes;Saccharomycetales;Dipodascaceae;Galactomyces;Galactomyces_geotrichum	-0.100093219392	0.036806408846	-0.00238623332628	-0.00327357542096	-0.00315077086542	-0.00274158985201	-0.000290799149932	0.00121551062961	0.00143226909762	-0.00128574495709	0.000272822979078	1.69927063155e-06	-0.000228172699457	0.000401633338357	0.000314027496375	2.5539143173e-05	3.34478641217e-06	-6.35646311685e-06	-1.74974107725e-06	4.65548639332e-07	2.10639967703e-07	-1.43040662675e-07	-1.30642914709e-07	2.99092647942e-09	-6.59792780844e-10	1.97339092648e-09	7.30009442601e-10	7.2109660307e-11	1.31590055476e-10	-2.930512737e-11
Mock.3;Root;Saccharomycetes;Saccharomycetales;Dipodascaceae;Galactomyces;Galactomyces_geotrichum	-0.101374385985	0.0413286601061	-0.00361141842158	-0.00307789450509	-0.00334024744973	-0.0027853759417	-0.000282223431285	0.00125947788879	0.00153068069212	-0.0014979448092	0.000211209922782	3.59140933008e-06	-0.000259357940183	0.000386544878064	0.000340673866167	2.69068042631e-05	3.50823930501e-06	-6.35009160048e-06	-1.05985459793e-06	1.11332402219e-06	-5.14592144004e-07	-2.24677145903e-07	4.69339873918e-08	5.09104749483e-08	-6.59792780844e-10	1.97339092648e-09	7.30009442601e-10	7.2109660307e-11	1.31590055476e-10	-2.930512737e-11
Mock.2;Root;Saccharomycetes;Saccharomycetales;Dipodascaceae;Galactomyces;Galactomyces_sp_BPY_54	-0.0129452168333	-0.0201140761884	0.0121091065234	0.0247818530256	-0.00694512812918	0.000838755205495	0.00172342555067	0.000356854923484	-0.000532374194006	-0.00101603730379	0.000810581891088	0.00010068765261	-0.000336729711155	-0.00069340614257	-2.73818275683e-05	-4.31424302444e-06	7.28659773458e-07	3.25000740676e-06	2.59201474253e-07	1.05270236075e-07	3.69511628597e-08	-2.05376905791e-08	2.20302285486e-08	1.02179153374e-08	-6.59792780845e-10	1.97339092648e-09	7.30009442601e-10	7.21096603072e-11	1.31590055476e-10	-2.93051273699e-11
Mock.1;Root;Saccharomycetes;Saccharomycetales;Dipodascaceae;Galactomyces;Galactomyces_sp_BPY_54	-0.0130226457951	-0.020067114276	0.0121355986452	0.0247688197514	-0.00693469595439	0.0008505102513	0.0017183600617	0.000351586594913	-0.000534417346204	-0.00101508220839	0.000815770496786	0.000100162298785	-0.000337428832165	-0.000692293626811	-2.68935227102e-05	-4.35934606317e-06	7.42664015569e-07	3.27856280397e-06	3.20930169698e-07	1.58912964821e-07	-1.2874130523e-08	-3.65613669783e-09	1.63554690576e-08	2.28798577831e-08	-6.59792780845e-10	1.97339092648e-09	7.30009442601e-10	7.21096603072e-11	1.31590055476e-10	-2.93051273699e-11
Mock.3;Root;Sordariomycetes;Hypocreales;Nectriaceae;Fusarium;Other	-0.0530637049034	-0.130399799523	0.0219835427161	-0.0277582191668	0.00862286900536	-0.00543370713734	-0.00239593667561	0.00338948006345	0.00294741235595	-0.00738884030928	0.00084444390617	0.00177507969342	-0.000407615585316	-0.000604193834251	-7.21582770863e-05	2.01853423406e-05	4.03838042102e-06	1.27245296794e-05	-1.42452714416e-06	1.63049998258e-06	4.96896183195e-07	-3.54081134102e-07	3.44131241384e-08	1.69361256195e-07	-6.59792780847e-10	1.97339092648e-09	7.30009442601e-10	7.21096603077e-11	1.31590055476e-10	-2.93051273698e-11
Mock.3;Root;Saccharomycetes;Saccharomycetales;Dipodascaceae;Galactomyces;Galactomyces_sp_BPY_54	-0.0131138871012	-0.0201058775112	0.0121294308402	0.0247354494539	-0.00693132759667	0.000823596955442	0.00172269909738	0.000363692940503	-0.000525816675472	-0.00100230439354	0.0008159621061	9.99235701169e-05	-0.000335015692076	-0.000689354010722	-2.80536318811e-05	-4.31099806609e-06	7.38973401032e-07	3.22512603879e-06	2.59139997792e-07	1.05695865541e-07	3.70260111752e-08	-2.06753532709e-08	2.17875519147e-08	1.01547343394e-08	-6.59792780845e-10	1.97339092648e-09	7.30009442601e-10	7.21096603072e-11	1.31590055476e-10	-2.93051273699e-11
Mock.3;Root;Saccharomycetes;Saccharomycetales;Pichiaceae;Issatchenkia;Issatchenkia_sp_YS5	-0.0719616629397	-0.107139565124	0.0505734233013	-0.0180044797093	-0.0116680642473	-4.3696028264e-05	-0.00457948383022	-0.0131337760401	0.000337458050982	0.00182830179308	0.000209966925715	0.000499032322751	0.000227300281717	2.97796115302e-05	-0.000610864968948	-0.000122896553673	1.10853451303e-05	4.14811768221e-06	2.13708422243e-06	1.56636689744e-06	2.25445019885e-07	-3.09679441849e-07	7.61373881866e-08	1.06082520051e-07	-6.59792780847e-10	1.97339092648e-09	7.30009442601e-10	7.21096603074e-11	1.31590055476e-10	-2.93051273698e-11
Mock.2;Root;Other;Other;Other;Other;Other	0.548563271708	0.145120278318	0.0760818419603	-0.0698250787463	-0.0110834128647	0.00267455964418	-0.00237228193921	0.00936449072459	-0.0022540285626	0.000255386945111	0.00146684130156	-0.000495695568677	0.000555049126696	-0.000787593359606	-0.000214593357634	7.9655212341e-05	1.76413353963e-05	2.60084849527e-06	7.67738802134e-07	3.59937345143e-07	2.80721438767e-08	-8.51151715402e-08	-3.06601586072e-08	-1.59208621744e-08	-6.59792780847e-10	1.97339092648e-09	7.30009442601e-10	7.21096603077e-11	1.31590055476e-10	-2.93051273698e-11
Mock.1;Root;Other;Other;Other;Other;Other	0.5474403376	0.144079088728	0.077782454081	-0.0705086040496	-0.0130445208343	0.00414382951304	-0.00136156074835	0.0109930663133	-0.00213063116068	0.000113929668532	0.00123902275865	-0.000508691739381	0.000393468267553	-0.000815818578572	-6.75962897888e-05	0.000100609005842	1.79597814319e-05	2.57312931632e-06	5.03957388363e-07	2.9655014366e-07	3.01660530431e-08	-6.73959220251e-08	-6.74762708836e-08	-2.51070237387e-08	-6.59792780847e-10	1.97339092648e-09	7.30009442601e-10	7.21096603077e-11	1.31590055476e-10	-2.93051273698e-11
Mock.2;Root;Saccharomycetes;Saccharomycetales;Saccharomycetaceae;Kluyveromyces;Kluyveromyces_lactis	-0.043206505076	-0.0143851002958	-0.00909819792547	0.0104829336517	0.00286135891687	-0.000231404361676	0.000713209247854	-0.0027352910315	0.000593996857464	-2.37466926026e-05	-0.000176116317715	8.40926385451e-05	-5.89913093313e-05	0.000140149158087	5.60876080431e-07	-2.28312751297e-05	-3.02442251286e-06	-1.1611978869e-06	-1.33466669604e-07	6.55140376543e-09	1.24904669359e-08	-7.15735389427e-09	6.05395852527e-09	4.15290698317e-09	-6.59792780845e-10	1.97339092648e-09	7.30009442601e-10	7.21096603072e-11	1.31590055476e-10	-2.93051273699e-11
Mock.1;Root;Saccharomycetes;Saccharomycetales;Saccharomycetaceae;Kluyveromyces;Kluyveromyces_lactis	-0.0432133072467	-0.0143692577635	-0.00912135521532	0.0104662908412	0.00285575745034	-0.000228690608331	0.000711124960564	-0.0027385300049	0.000596104992975	-2.51223861888e-05	-0.000178407561811	8.38417660564e-05	-5.88927042106e-05	0.000139864379423	7.19421465428e-07	-2.28314448527e-05	-3.02147416283e-06	-1.15809759707e-06	-1.32594853787e-07	6.36792609782e-09	1.23992994407e-08	-7.09658473565e-09	6.09153574458e-09	4.14006721398e-09	-6.59792780845e-10	1.97339092648e-09	7.30009442601e-10	7.21096603072e-11	1.31590055476e-10	-2.93051273699e-11
Mock.3;Root;Other;Other;Other;Other;Other	0.546599796554	0.14184587288	0.0789911054706	-0.0692309193938	-0.0156842417703	0.0072565312802	0.000927624902496	0.0129748133388	-0.00169240655026	-0.000212807732172	0.000664941554903	-0.000421784203189	1.01348801766e-05	-0.000848479071925	0.000226289965933	0.000133870415941	1.76724112731e-05	2.43186194147e-06	1.38423991498e-07	2.22232108666e-07	2.84818307859e-08	-3.38708501441e-08	-8.35136416244e-08	-1.90301132838e-08	-6.59792780847e-10	1.97339092648e-09	7.30009442601e-10	7.21096603077e-11	1.31590055476e-10	-2.93051273698e-11
Mock.1;Root;Saccharomycetes;Saccharomycetales;Pichiaceae;Pichia;Pichia_burtonii	-0.0434052358313	-0.0139222482814	-0.00977475632528	0.00999670087957	0.00269770767538	-0.000152119927608	0.00065231515865	-0.00282992018181	0.000655587691153	-6.39386605379e-05	-0.00024305681242	7.67632018729e-05	-5.61104833318e-05	0.000131829125903	5.1929039492e-06	-2.28362337196e-05	-2.93828415243e-06	-1.07062048597e-06	-1.079958862e-07	1.19095968913e-09	9.82693700376e-09	-5.38193522612e-09	7.15180648274e-09	3.77778304758e-09	-6.59792780845e-10	1.97339092648e-09	7.30009442601e-10	7.21096603072e-11	1.31590055476e-10	-2.93051273699e-11
Mock.1;Root;Saccharomycetes;Saccharomycetales;Pichiaceae;Issatchenkia;Issatchenkia_sp_YS5	-0.0719616629397	-0.107139565124	0.0505734233013	-0.0180044797093	-0.0116680642473	-4.3696028264e-05	-0.00457948383022	-0.0131337760401	0.000337458050982	0.00182830179308	0.000209966925715	0.000499032322751	0.000227300281717	2.97796115302e-05	-0.000610864968948	-0.000122896553673	1.10853451303e-05	4.14811768222e-06	2.13708422243e-06	1.56636689744e-06	2.25445019885e-07	-3.09679441849e-07	7.61373881866e-08	1.06082520051e-07	-6.59792780847e-10	1.97339092648e-09	7.30009442601e-10	7.21096603074e-11	1.31590055476e-10	-2.93051273698e-11
Mock.2;Root;Saccharomycetes;Saccharomycetales;Pichiaceae;Issatchenkia;Issatchenkia_sp_YS5	-0.0719616629397	-0.107139565124	0.0505734233013	-0.0180044797093	-0.0116680642473	-4.3696028264e-05	-0.00457948383022	-0.0131337760401	0.000337458050982	0.00182830179308	0.000209966925715	0.000499032322751	0.000227300281717	2.97796115302e-05	-0.000610864968948	-0.000122896553673	1.10853451303e-05	4.14811768222e-06	2.13708422243e-06	1.56636689744e-06	2.25445019885e-07	-3.09679441849e-07	7.61373881866e-08	1.06082520051e-07	-6.59792780847e-10	1.97339092648e-09	7.30009442601e-10	7.21096603074e-11	1.31590055476e-10	-2.93051273698e-11
Mock.3;Root;Saccharomycetes;Saccharomycetales;Pichiaceae;Pichia;Pichia_burtonii	-0.0437560782988	-0.0131051219008	-0.0109691633913	0.00913829773367	0.00240879514507	-1.21499142235e-05	0.000544811755476	-0.00299698000374	0.000764321138232	-0.000134894206301	-0.000361234636981	6.38236966451e-05	-5.10246268401e-05	0.000117140807447	1.33703603492e-05	-2.28449876938e-05	-2.78621410734e-06	-9.10713687516e-07	-6.30293560618e-08	-8.27245438354e-09	5.12469847946e-09	-2.24758259231e-09	9.08996490069e-09	3.11553322637e-09	-6.59792780845e-10	1.97339092648e-09	7.30009442601e-10	7.21096603072e-11	1.31590055476e-10	-2.93051273699e-11
Mock.1;Root;Sordariomycetes;Hypocreales;Nectriaceae;Fusarium;Other	-0.0530287622744	-0.13036004473	0.021896949568	-0.0278176345924	0.00870233493961	-0.00542913763909	-0.00233535701032	0.003410631108	0.00293814294788	-0.0073629195255	0.000843303309319	0.00177208353323	-0.000408184307146	-0.000593353905078	-7.08639008271e-05	2.13374548839e-05	4.08493342149e-06	1.29085479672e-05	-1.51225064401e-06	1.48838624916e-06	3.79438627233e-07	-3.46577007982e-07	2.98995231195e-09	1.27727216258e-07	-6.59792780847e-10	1.97339092648e-09	7.30009442601e-10	7.21096603077e-11	1.31590055476e-10	-2.93051273698e-11
Mock.2;Root;Saccharomycetes;Saccharomycetales;Pichiaceae;Pichia;Pichia_burtonii	-0.0437864791901	-0.013034316988	-0.0110726600964	0.00906391614316	0.00238376055191	-2.13563662666e-08	0.000535496465624	-0.00301145592374	0.000773743012761	-0.000141042583523	-0.000371474877359	6.27024740775e-05	-5.05839316996e-05	0.000115868048262	1.40789460717e-05	-2.28457462355e-05	-2.77303706823e-06	-8.96857584984e-07	-5.91329560456e-08	-9.0924697735e-09	4.71724426393e-09	-1.97598743887e-09	9.25790849047e-09	3.05814854032e-09	-6.59792780845e-10	1.97339092648e-09	7.30009442601e-10	7.21096603072e-11	1.31590055476e-10	-2.93051273699e-11
Mock.2;Root;Saccharomycetes;Saccharomycetales;Other;Other;Other	0.0772914951693	-0.120990741696	-0.0112254874692	0.0211975749458	-0.00609504266155	-0.00352995709737	-0.000307173067311	0.000838251040556	0.0029818778335	-0.00541571551185	-0.00343843505972	-0.00377664879053	0.00149319651604	0.000886024912708	0.000818149920812	2.92969604697e-05	-1.15503097275e-05	-1.15099347822e-05	-3.83669998397e-06	1.82090226123e-06	1.37765515456e-06	-4.68832301328e-07	-2.6864513337e-07	1.15491557142e-07	-6.59792780847e-10	1.97339092648e-09	7.30009442601e-10	7.21096603077e-11	1.31590055476e-10	-2.93051273698e-11
Mock.2;Root;Sordariomycetes;Hypocreales;Nectriaceae;Fusarium;Other	-0.0529869889317	-0.130451999331	0.0219434852979	-0.0277203894419	0.00857160378821	-0.00546300268341	-0.00238608098881	0.003368802209	0.00293548813664	-0.00738444315108	0.000850841238482	0.00177219669171	-0.000413302151035	-0.00060991134717	-7.4491214752e-05	2.20284824761e-05	4.09939227129e-06	1.30832220795e-05	-1.54042730333e-06	1.50885496896e-06	4.01742245338e-07	-3.30668375811e-07	3.42808292028e-08	1.54806388643e-07	-6.59792780847e-10	1.97339092648e-09	7.30009442601e-10	7.21096603077e-11	1.31590055476e-10	-2.93051273698e-11
Mock.3;Root;Saccharomycetes;Saccharomycetales;Saccharomycetaceae;Kluyveromyces;Kluyveromyces_lactis	-0.0446387295364	-0.011049391258	-0.0139740586728	0.00697872279804	0.00168194755366	0.000339987346793	0.000274354155107	-0.00341726994082	0.00103787328922	-0.000313404523868	-0.000658547000164	3.12704245575e-05	-3.82296035946e-05	8.01878622773e-05	3.39432461348e-05	-2.2867010986e-05	-2.40363552593e-06	-5.08419362711e-07	5.00976657728e-08	-3.20805589257e-08	-6.70521676135e-09	5.63783746903e-09	1.396599356e-08	1.44944180782e-09	-6.59792780845e-10	1.97339092648e-09	7.30009442601e-10	7.21096603072e-11	1.31590055476e-10	-2.93051273699e-11
Mock.1;Root;Saccharomycetes;Saccharomycetales;Other;Other;Other	0.0779796537751	-0.120986529323	-0.0119513297039	0.0216217093489	-0.00583725768911	-0.0034263519738	-0.00038962189929	0.00084460339161	0.00277960632717	-0.00554423106596	-0.00339331065056	-0.00385275280012	0.00154983700529	0.000840602639861	0.000796102999923	2.96222719216e-05	-1.17205346181e-05	-1.09593144282e-05	-3.5664827666e-06	2.08325426863e-06	1.53533613914e-06	-4.92687071632e-07	-2.74963611274e-07	1.24368068963e-07	-6.59792780847e-10	1.97339092648e-09	7.30009442601e-10	7.21096603077e-11	1.31590055476e-10	-2.93051273698e-11
Mock.1;Root;Eurotiomycetes;Eurotiales;Trichocomaceae;Penicillium;Penicillium_concentricum	-0.113322475389	0.0419193230954	0.0555485112759	0.0265954291766	-0.000430378927663	0.00373299183969	-0.0129888770461	-0.000620397812349	0.00533921861282	-0.00295981828926	-0.00165991841636	-0.000312387263122	0.0005078439761	-0.000400891585195	-0.000375245534803	0.000110656073772	2.24448751965e-05	2.85215787843e-05	-3.41660362932e-06	4.22853371068e-07	-9.5174222787e-07	-7.09995777748e-08	1.73406471534e-07	1.1053471062e-07	-6.59792780844e-10	1.97339092648e-09	7.30009442601e-10	7.21096603069e-11	1.31590055476e-10	-2.930512737e-11
Mock.3;Root;Saccharomycetes;Saccharomycetales;Other;Other;Other	0.0815622346031	-0.119986781648	-0.0137972979537	0.0233585666938	-0.00485529067173	-0.00322135653606	-1.01525169303e-05	-8.45597154318e-06	0.00248935121816	-0.00609321398753	-0.00321365860441	-0.00435182829351	0.00192934149191	0.000721172511957	0.000690685328477	2.01824913104e-05	-1.25521340889e-05	-1.07538290205e-05	-3.65187770365e-06	2.12333735306e-06	1.62937279091e-06	-5.31124878639e-07	-2.81842331529e-07	1.37301868684e-07	-6.59792780847e-10	1.97339092648e-09	7.30009442601e-10	7.21096603077e-11	1.31590055475e-10	-2.93051273698e-11
Mock.3;Root;Eurotiomycetes;Eurotiales;Trichocomaceae;Penicillium;Penicillium_concentricum	-0.113307809671	0.0418822367534	0.0555346843673	0.0265817988991	-0.000436166559997	0.00372116438287	-0.0129784315518	-0.000623056261426	0.00533508387654	-0.00295552703979	-0.00165638925198	-0.000311109735761	0.000508505912357	-0.000403952802126	-0.000372074522411	0.000109717765074	2.22064383241e-05	2.82642751052e-05	-3.47512951837e-06	3.28960891089e-07	-1.03106812561e-06	-4.68244924893e-08	1.8044196341e-07	1.03363717645e-07	-6.59792780844e-10	1.97339092648e-09	7.30009442601e-10	7.21096603069e-11	1.31590055476e-10	-2.930512737e-11
Mock.2;Root;Eurotiomycetes;Eurotiales;Trichocomaceae;Penicillium;Penicillium_concentricum	-0.113317575155	0.0419068192364	0.0555441540863	0.0265909932705	-0.00043217849612	0.00372913583908	-0.0129855388268	-0.000621173149061	0.00533799492143	-0.00295840631418	-0.00165896904468	-0.000312100464034	0.000507958175241	-0.000401876675578	-0.000374330123118	0.000110362810743	2.23789319189e-05	2.84518801947e-05	-3.43402979055e-06	3.88235649007e-07	-9.77748816365e-07	-6.22377800525e-08	1.75623126526e-07	1.07922506719e-07	-6.59792780844e-10	1.97339092648e-09	7.30009442601e-10	7.21096603069e-11	1.31590055476e-10	-2.930512737e-11
Mock.3;Root;Sordariomycetes;Hypocreales;Nectriaceae;Fusarium;Fusarium_sp_CBS_119875	-0.145336085768	0.196044953184	0.0228678901047	0.0642214496595	-0.00826672039628	-0.00626017378445	0.0079005421281	0.00392237306751	-0.0192824025778	0.00924086322648	-0.00129216272395	-0.000660270988312	-8.50338745558e-05	0.000787233464504	-0.000144133410661	2.10891514573e-06	-1.28973239633e-05	-2.21890441689e-05	1.62873209396e-06	-2.60997932958e-06	-4.62670058343e-07	5.28152927585e-07	-9.30466334781e-08	-2.41336139649e-07	-6.59792780841e-10	1.97339092648e-09	7.30009442601e-10	7.2109660306e-11	1.31590055477e-10	-2.93051273703e-11
Mock.2;Root;Saccharomycetes;Saccharomycetales;Saccharomycetaceae;Debaryomyces;Debaryomyces_hansenii	-0.146521066942	0.148275021319	0.000238224313872	0.000791648452285	0.0112161083338	0.0150333801232	0.00958203601552	-0.000272707198636	-0.00620387445289	0.00345473058632	0.00530860308228	0.00229427918334	-0.000728422956006	-0.00208362125366	-0.0011030306054	-8.41246746181e-06	8.88942583214e-06	1.91869000278e-05	4.11748396761e-06	2.9591150871e-07	6.72693692855e-08	-2.19614794434e-09	1.84481818185e-07	4.49235047709e-08	-6.59792780843e-10	1.97339092648e-09	7.30009442601e-10	7.21096603066e-11	1.31590055476e-10	-2.93051273701e-11
Mock.1;Root;Saccharomycetes;Saccharomycetales;Saccharomycetaceae;Debaryomyces;Debaryomyces_hansenii	-0.146575249549	0.148982261501	-0.0027093050107	-0.00121280678765	0.0104517845332	0.0152633714069	0.00925103208152	-0.000701873139011	-0.00589118284095	0.00325827746763	0.00498255580051	0.00224644554029	-0.000711110762356	-0.00210299902254	-0.00107532250562	-8.60332330573e-06	9.17006723812e-06	1.94289523876e-05	4.19558560042e-06	2.71514204105e-07	5.55508641655e-08	5.23242700464e-09	1.87931288055e-07	4.30805830369e-08	-6.59792780843e-10	1.97339092648e-09	7.30009442601e-10	7.21096603066e-11	1.31590055476e-10	-2.93051273701e-11
Mock.1;Root;Sordariomycetes;Hypocreales;Nectriaceae;Fusarium;Fusarium_sp_CBS_119875	-0.14533967662	0.196083361839	0.0229186189805	0.0643143028606	-0.00836082895217	-0.00625492174753	0.0078630168818	0.00388082592874	-0.0193064256333	0.00924671151883	-0.00129516098064	-0.000658864390034	-8.63786400291e-05	0.00078042864455	-0.000146565518815	1.68841526178e-06	-1.28320603317e-05	-2.21827038256e-05	1.60905019332e-06	-2.62897444249e-06	-3.99570021618e-07	5.85618022176e-07	-1.85546147638e-08	-1.78546434255e-07	-6.59792780841e-10	1.97339092648e-09	7.30009442601e-10	7.2109660306e-11	1.31590055477e-10	-2.93051273703e-11
Mock.3;Root;Saccharomycetes;Saccharomycetales;Dipodascaceae;Geotrichum;Geotrichum_sp_Po67	-0.0811021166629	-0.0934652288928	0.0509439024644	-0.0290533085749	0.00707079175843	0.00312796182458	-0.0019646182248	-0.00956095088393	0.00227244468263	0.00540476330914	-0.000708076805895	-0.00323667925731	-0.000277732597877	-0.00144453375479	0.00134358243377	0.000206622852247	1.70195568966e-05	4.67095810236e-05	-2.79002367086e-05	1.31670989049e-05	2.93299185364e-06	-3.06830364744e-06	-5.72951324263e-07	1.10541601301e-06	-6.59792780847e-10	1.97339092648e-09	7.30009442601e-10	7.21096603075e-11	1.31590055476e-10	-2.93051273698e-11
Mock.3;Root;Saccharomycetes;Saccharomycetales;Pichiaceae;Issatchenkia;Issatchenkia_sp_YS16A	-0.140597247319	0.236516744251	-0.00307464789532	0.0831417070386	-0.0052858698061	-0.0350538290347	0.0147793265435	0.024855897423	-0.000641851690443	-0.0061255310213	0.00258858597517	0.00330960453572	-0.00151236295515	-0.00120577541837	-7.57630510385e-05	0.000136902517283	4.08650584267e-06	-9.51188109885e-06	1.3359598283e-06	-1.87851341184e-06	-1.25258981413e-07	3.68491365148e-07	-1.39124816809e-07	-1.85912944715e-07	-6.5979278084e-10	1.97339092648e-09	7.30009442601e-10	7.21096603063e-11	1.31590055476e-10	-2.93051273703e-11
Mock.2;Root;Saccharomycetes;Saccharomycetales;Dipodascaceae;Geotrichum;Geotrichum_sp_Po67	-0.0811043646958	-0.0934613841204	0.0509454927877	-0.029052802703	0.00707053616699	0.00313026986643	-0.00196523522233	-0.00956206585432	0.00227172612945	0.00540482620639	-0.000707344272197	-0.00323646731546	-0.000277785969703	-0.00144460945819	0.00134349736514	0.000206604624275	1.70223544e-05	4.67162653131e-05	-2.78924193786e-05	1.31708669683e-05	2.9302483e-06	-3.0624598913e-06	-5.77005986118e-07	1.10797086891e-06	-6.59792780847e-10	1.97339092648e-09	7.30009442601e-10	7.21096603075e-11	1.31590055476e-10	-2.93051273698e-11
Mock.3;Root;Saccharomycetes;Saccharomycetales;Saccharomycetaceae;Debaryomyces;Debaryomyces_hansenii	-0.146665485421	0.150293345163	-0.00792988338497	-0.00471175703014	0.00911808338602	0.0156274924363	0.00868285172224	-0.00142716275905	-0.00533201971192	0.00290572518126	0.00440268805099	0.00216057823183	-0.000680165568509	-0.00213274178329	-0.0010243333434	-8.68439930207e-06	9.64198315186e-06	1.98013381245e-05	4.3234547832e-06	2.25669075371e-07	3.4692561283e-08	1.87386963519e-08	1.93388994795e-07	3.95380746143e-08	-6.59792780843e-10	1.97339092648e-09	7.30009442601e-10	7.21096603066e-11	1.31590055476e-10	-2.93051273701e-11
Mock.2;Root;Sordariomycetes;Hypocreales;Nectriaceae;Fusarium;Fusarium_sp_CBS_119875	-0.145336791937	0.195933069473	0.0228194903762	0.0640476192931	-0.00811872603946	-0.00623123057866	0.00795249535984	0.00396175784542	-0.0192711412303	0.00925409659678	-0.00129467336161	-0.000669064379625	-8.05638659046e-05	0.000802022839106	-0.000139898501734	2.62434024493e-06	-1.29646489056e-05	-2.23053569186e-05	1.58820706296e-06	-2.61622946669e-06	-4.47692037859e-07	5.41238718901e-07	-7.74391440727e-08	-2.27090352293e-07	-6.59792780841e-10	1.97339092648e-09	7.30009442601e-10	7.2109660306e-11	1.31590055477e-10	-2.93051273703e-11
Mock.1;Root;Saccharomycetes;Saccharomycetales;Dipodascaceae;Geotrichum;Geotrichum_sp_Po67	-0.0810779790739	-0.0935065110011	0.0509268268383	-0.029058740226	0.00707353609603	0.00310317990694	-0.00195799339606	-0.00954897921866	0.00228015993515	0.00540408796852	-0.000715942170114	-0.00323895492036	-0.000277159533657	-0.0014437209118	0.00134449583304	0.000206818569706	1.69895195305e-05	4.66378104387e-05	-2.79841729803e-05	1.31266404365e-05	2.9624499505e-06	-3.13104925298e-06	-5.29415590174e-07	1.07798400234e-06	-6.59792780847e-10	1.97339092648e-09	7.30009442601e-10	7.21096603075e-11	1.31590055476e-10	-2.93051273698e-11
Mock.1;Root;Saccharomycetes;Saccharomycetales;Pichiaceae;Issatchenkia;Issatchenkia_sp_YS16A	-0.140597247319	0.236516744251	-0.00307464789532	0.0831417070386	-0.0052858698061	-0.0350538290347	0.0147793265435	0.024855897423	-0.000641851690443	-0.0061255310213	0.00258858597517	0.00330960453572	-0.00151236295515	-0.00120577541837	-7.57630510385e-05	0.000136902517283	4.08650584267e-06	-9.51188109885e-06	1.3359598283e-06	-1.87851341184e-06	-1.25258981413e-07	3.68491365148e-07	-1.39124816809e-07	-1.85912944715e-07	-6.5979278084e-10	1.97339092648e-09	7.30009442601e-10	7.21096603063e-11	1.31590055476e-10	-2.93051273703e-11
Mock.3;Root;Saccharomycetes;Saccharomycetales;Pichiaceae;Pichia;Pichia_jadinii	-0.0663135124621	0.00271507753054	-0.0310392062815	-0.0130186557809	-0.00511749590785	0.00105903130368	-0.00264219351621	-0.00377434323218	0.00156525151251	-0.00229684521137	-0.00138703957438	-0.00206692817379	0.00151501888383	-0.000478261174874	-0.000212100281786	-2.4263027116e-05	2.27398542079e-06	3.1819409272e-06	5.6515703649e-07	-4.14849860462e-07	-1.62793941729e-07	1.12787866187e-07	3.43737116511e-08	-2.73981388587e-08	-6.59792780845e-10	1.97339092648e-09	7.30009442601e-10	7.21096603072e-11	1.31590055476e-10	-2.93051273699e-11
Mock.1;Root;Eurotiomycetes;Eurotiales;Trichocomaceae;Penicillium;Other	-0.00584348551088	-0.105615881157	-0.145313712725	-0.055999354857	-0.0378956217038	-0.0137883659018	0.0034748906924	0.00052431454167	-0.0106283832676	0.0036846513654	0.00255380597816	0.0015256554173	-0.00125950929563	-0.00212338333863	-1.47294232815e-05	-0.000249380827301	-2.02006264784e-05	-2.46036113798e-05	1.40199528361e-05	-7.18257621045e-07	1.68680993037e-06	2.50559853554e-07	-3.15923447713e-08	-1.89349828103e-07	-6.59792780847e-10	1.97339092648e-09	7.30009442601e-10	7.21096603077e-11	1.31590055476e-10	-2.93051273698e-11
Mock.2;Root;Saccharomycetes;Saccharomycetales;Pichiaceae;Issatchenkia;Issatchenkia_sp_YS16A	-0.140597247319	0.236516744251	-0.00307464789532	0.0831417070386	-0.0052858698061	-0.0350538290347	0.0147793265435	0.024855897423	-0.000641851690443	-0.0061255310213	0.00258858597517	0.00330960453572	-0.00151236295515	-0.00120577541837	-7.57630510385e-05	0.000136902517283	4.08650584267e-06	-9.51188109885e-06	1.3359598283e-06	-1.87851341184e-06	-1.25258981413e-07	3.68491365148e-07	-1.39124816809e-07	-1.85912944715e-07	-6.5979278084e-10	1.97339092648e-09	7.30009442601e-10	7.21096603063e-11	1.31590055476e-10	-2.93051273703e-11
Mock.2;Root;Saccharomycetes;Saccharomycetales;Pichiaceae;Pichia;Pichia_jadinii	-0.0667272239907	0.00415387066111	-0.0332399581652	-0.0144646230361	-0.00561452693636	0.00132629096487	-0.00282782112146	-0.00409279633359	0.00177627085235	-0.00241072880151	-0.00159440738261	-0.00209019148893	0.00152260136541	-0.000501992341936	-0.000197003443897	-2.44124765019e-05	2.52644152822e-06	3.44870466196e-06	6.45151504055e-07	-4.31460105865e-07	-1.71175571106e-07	1.1826231815e-07	3.78003038666e-08	-2.8606491958e-08	-6.59792780845e-10	1.97339092648e-09	7.30009442601e-10	7.21096603072e-11	1.31590055476e-10	-2.93051273699e-11
Mock.3;Root;Eurotiomycetes;Eurotiales;Trichocomaceae;Penicillium;Other	-0.00850649138179	-0.099480150132	-0.149347119257	-0.0595627866826	-0.0386732955077	-0.0127447656014	0.00283103371424	-0.000432689452452	-0.00980677658442	0.00322252638564	0.00184774636687	0.00142214051036	-0.00120929807667	-0.00215373218144	2.71236579483e-05	-0.000243358820198	-1.85873642673e-05	-2.28477139919e-05	1.4146145637e-05	-4.74347867991e-07	1.84732341208e-06	1.91439891878e-07	-3.99136256302e-08	-1.68626480434e-07	-6.59792780847e-10	1.97339092648e-09	7.30009442601e-10	7.21096603077e-11	1.31590055476e-10	-2.93051273698e-11
Mock.2;Root;Eurotiomycetes;Eurotiales;Trichocomaceae;Penicillium;Other	-0.00871347046069	-0.0986718421675	-0.150292220089	-0.0600801824185	-0.0389376288108	-0.0126474378758	0.00276370094256	-0.000582074052247	-0.0097555945694	0.00317543457439	0.00176753795579	0.00142021251801	-0.00120688546733	-0.00217069356652	3.32020603502e-05	-0.000244770247955	-1.8853289592e-05	-2.30452617709e-05	1.40431405882e-05	-7.93166786403e-07	1.61687149317e-06	2.71966749845e-07	-1.7741441702e-08	-1.91560000708e-07	-6.59792780847e-10	1.97339092648e-09	7.30009442601e-10	7.21096603077e-11	1.31590055476e-10	-2.93051273698e-11
Mock.1;Root;Saccharomycetes;Saccharomycetales;Pichiaceae;Pichia;Pichia_jadinii	-0.0675257906258	0.00585794815031	-0.0356227619835	-0.0162681829053	-0.00620342173055	0.00161190828915	-0.00303927922406	-0.00444305323787	0.00199310658134	-0.00256344382377	-0.00186342353156	-0.00208453594134	0.00151059039053	-0.00053084430253	-0.000174589939456	-2.41901871945e-05	2.83278317057e-06	3.78951981603e-06	7.41695631401e-07	-4.47497984173e-07	-1.7951247935e-07	1.23950858864e-07	4.20268859395e-08	-2.96186571019e-08	-6.59792780845e-10	1.97339092648e-09	7.30009442601e-10	7.21096603072e-11	1.31590055476e-10	-2.93051273699e-11
Mock.3;Root;Saccharomycetes;Saccharomycetales;Pichiaceae;Issatchenkia;Other	0.269809706994	-0.0887096250986	-0.156880024861	0.134126398367	0.0399153819445	0.030956713031	-0.0130785749137	-0.00716772866798	-0.00521565901683	0.000485306539798	0.00338808330376	-0.00231575063539	-0.000978901864206	-0.00177888429387	0.000476507312313	-6.50997429701e-05	-5.23710702511e-05	2.04441632914e-05	-3.42722546984e-06	-1.58793405345e-06	-3.44572099914e-07	3.45470321902e-07	3.10863950396e-07	3.98710828282e-08	-6.59792780847e-10	1.97339092648e-09	7.30009442601e-10	7.21096603077e-11	1.31590055475e-10	-2.93051273698e-11
Mock.2;Root;Saccharomycetes;Saccharomycetales;Saccharomycetaceae;Zygosaccharomyces;Zygosaccharomyces_sp_KS3_2007	-0.0558387300469	-0.0245181897893	0.00808918115243	0.0146709050985	0.00367296741379	-0.00192288003483	-0.000425466911246	0.00324593422099	-0.000934718020019	0.0026744880609	0.000805771402951	0.00224595463591	-0.00162124272326	0.000517304895212	0.000231247943713	2.12708260473e-05	-2.21122178427e-06	-5.96626294694e-07	5.94556647955e-08	2.87967582895e-07	1.24108675938e-07	-7.34217189831e-08	-1.18200498633e-09	2.40002592743e-08	-6.59792780845e-10	1.97339092648e-09	7.30009442601e-10	7.21096603072e-11	1.31590055476e-10	-2.93051273699e-11
Mock.1;Root;Saccharomycetes;Saccharomycetales;Pichiaceae;Issatchenkia;Other	0.269809706994	-0.0887096250986	-0.156880024861	0.134126398367	0.0399153819445	0.030956713031	-0.0130785749137	-0.00716772866798	-0.00521565901683	0.000485306539798	0.00338808330376	-0.00231575063539	-0.000978901864206	-0.00177888429387	0.000476507312313	-6.50997429701e-05	-5.23710702511e-05	2.04441632914e-05	-3.42722546984e-06	-1.58793405345e-06	-3.44572099914e-07	3.45470321902e-07	3.10863950396e-07	3.98710828282e-08	-6.59792780847e-10	1.97339092648e-09	7.30009442601e-10	7.21096603077e-11	1.31590055475e-10	-2.93051273698e-11
Mock.2;Root;Saccharomycetes;Saccharomycetales;Dipodascaceae;Galactomyces;Other	-0.00759815778626	-0.129051546934	-0.0624173622966	-0.023799410065	0.0462632866148	0.00456704220338	0.00121366498418	0.0390759156752	-0.00476785076141	0.0128668075673	-0.003790734272	-0.00514946089536	0.00108613117923	0.00141115866306	-0.00196935542472	-0.00015530745527	3.2584286669e-05	5.73124713836e-06	-6.96703195738e-06	6.44814067985e-06	-7.92641128335e-06	-9.96781791181e-07	1.3821707461e-06	5.49887963074e-07	-6.59792780847e-10	1.97339092648e-09	7.30009442601e-10	7.21096603077e-11	1.31590055476e-10	-2.93051273698e-11
Mock.1;Root;Saccharomycetes;Saccharomycetales;Saccharomycetaceae;Zygosaccharomyces;Zygosaccharomyces_sp_KS3_2007	-0.0558387300469	-0.0245181897893	0.00808918115243	0.0146709050985	0.00367296741379	-0.00192288003483	-0.000425466911246	0.00324593422099	-0.000934718020019	0.0026744880609	0.000805771402951	0.00224595463591	-0.00162124272326	0.000517304895212	0.000231247943713	2.12708260473e-05	-2.21122178427e-06	-5.96626294694e-07	5.94556647954e-08	2.87967582895e-07	1.24108675938e-07	-7.34217189832e-08	-1.18200498634e-09	2.40002592743e-08	-6.59792780845e-10	1.97339092648e-09	7.30009442601e-10	7.21096603072e-11	1.31590055476e-10	-2.93051273699e-11
Mock.2;Root;Saccharomycetes;Saccharomycetales;Pichiaceae;Issatchenkia;Other	0.269809706994	-0.0887096250986	-0.156880024861	0.134126398367	0.0399153819445	0.030956713031	-0.0130785749137	-0.00716772866798	-0.00521565901683	0.000485306539798	0.00338808330376	-0.00231575063539	-0.000978901864206	-0.00177888429387	0.000476507312313	-6.50997429701e-05	-5.23710702511e-05	2.04441632914e-05	-3.42722546984e-06	-1.58793405345e-06	-3.44572099914e-07	3.45470321902e-07	3.10863950396e-07	3.98710828282e-08	-6.59792780847e-10	1.97339092648e-09	7.30009442601e-10	7.21096603077e-11	1.31590055475e-10	-2.93051273698e-11
Mock.1;Root;Saccharomycetes;Saccharomycetales;Dipodascaceae;Galactomyces;Other	-0.00998443287465	-0.131813866435	-0.0572428665808	-0.0246557738975	0.0449221737167	0.00282221758453	0.00151773593825	0.0375505101708	-0.00610055766446	0.0105691919163	-0.00535595832388	-0.00459848239266	0.000829952054632	0.000880813574269	-0.00207679376711	-0.000185915841412	3.49118005473e-05	6.22761813046e-06	-1.27165789364e-05	2.35619801468e-06	-3.51881312202e-06	-6.53945817017e-07	3.0914765712e-07	2.53443866744e-07	-6.59792780847e-10	1.97339092648e-09	7.30009442601e-10	7.21096603077e-11	1.31590055476e-10	-2.93051273698e-11
Mock.3;Root;Saccharomycetes;Saccharomycetales;Dipodascaceae;Galactomyces;Other	-0.0112322704402	-0.134957171236	-0.0524144981584	-0.0244522952812	0.0402263603866	0.000128662114539	0.00250766970979	0.035050363229	-0.00540992502102	0.0104728331469	-0.00576689928753	-0.00404429421031	0.000931448140294	0.000634800158142	-0.0022306273765	-0.000191302013104	3.68820216553e-05	7.81462893589e-06	-1.63827527228e-05	-3.54876315681e-06	3.33075202242e-06	2.42751177452e-07	-1.38901836347e-06	-1.49840864371e-07	-6.59792780847e-10	1.97339092648e-09	7.30009442601e-10	7.21096603077e-11	1.31590055476e-10	-2.93051273698e-11
Mock.3;Root;Sordariomycetes;Hypocreales;Other;Other;Other	0.466978498727	0.0797619888824	-0.0318248538269	0.0493801333571	0.0581921068927	-0.0162349965566	-0.00132157183216	-0.0642597416132	0.00854771691436	0.000735322417665	-0.00249897357569	0.00514871233088	-0.000932651350992	0.00188919665949	-0.00152472064712	-0.000568764638383	-2.52601264139e-05	-2.0130891132e-05	3.47231622415e-06	2.38356412932e-06	3.54136320357e-07	-5.38381616721e-07	2.36382194474e-07	1.97582129966e-07	-6.59792780847e-10	1.97339092648e-09	7.30009442601e-10	7.21096603077e-11	1.31590055475e-10	-2.93051273698e-11
Mock.2;Root;Saccharomycetes;Saccharomycetales;Dipodascaceae;Other;Other	0.0960537218054	-0.159242295151	-0.0884728655197	0.0386773980166	-0.00519708775011	-0.0057556609824	0.00188157889757	0.00892090202554	-0.00970759464045	0.012627104673	0.000855421034403	0.014580870561	-0.00245600654441	-0.000331761418181	0.000937364848736	0.000447711873623	2.79023657747e-05	8.59016031051e-05	-1.32281561754e-05	8.96393076714e-06	2.38203322283e-06	-1.94229070124e-06	1.54831009893e-07	9.10862019197e-07	-6.59792780847e-10	1.97339092648e-09	7.30009442601e-10	7.21096603078e-11	1.31590055476e-10	-2.93051273698e-11
Mock.3;Root;Saccharomycetes;Saccharomycetales;Dipodascaceae;Other;Other	0.0899093895632	-0.163710802964	-0.0952868485841	0.0381771157078	-0.00596161839594	-0.00502318728609	-0.00274543928483	0.0144407033596	-0.0121157744781	0.0124679565306	0.00287395889322	0.0123950160329	-0.00119342061278	-0.000887942309572	0.000608233159728	0.000466375952026	2.29085712519e-05	8.80570436159e-05	-1.1752252457e-05	7.95408710092e-06	1.88182256897e-06	-1.6957334726e-06	2.72593800826e-07	8.44774722478e-07	-6.59792780847e-10	1.97339092648e-09	7.30009442601e-10	7.21096603078e-11	1.31590055476e-10	-2.93051273698e-11
Mock.1;Root;Saccharomycetes;Saccharomycetales;Dipodascaceae;Other;Other	0.0886529225622	-0.162692914134	-0.0886176422331	0.035412204022	-0.00679490830691	-0.00704258160312	0.00118895399648	0.0108440453712	-0.0108318213063	0.012422612088	0.00176301410053	0.0136003272637	-0.0014632079544	-0.000583795057722	0.000694560809096	0.000460802225901	2.88037281204e-05	8.92215503125e-05	-1.22835755768e-05	8.60002920615e-06	2.30172678503e-06	-1.81422544388e-06	9.63301812239e-08	9.7573666944e-07	-6.59792780847e-10	1.97339092648e-09	7.30009442601e-10	7.21096603078e-11	1.31590055476e-10	-2.93051273698e-11
Mock.1;Root;Sordariomycetes;Hypocreales;Other;Other;Other	0.465423600737	0.0791323154151	-0.0313627761949	0.0487986121456	0.0579957891009	-0.0163863749047	-0.00140689506674	-0.0640244323909	0.00839655214735	0.000634911797961	-0.00255310904068	0.00518629979088	-0.000969047238017	0.00188406788917	-0.00151775828696	-0.000567754874817	-2.49668798593e-05	-2.00325510497e-05	3.41265538169e-06	2.39764039031e-06	3.53213807811e-07	-5.42064622507e-07	2.34885461846e-07	1.99043618417e-07	-6.59792780847e-10	1.97339092648e-09	7.30009442601e-10	7.21096603077e-11	1.31590055475e-10	-2.93051273698e-11
Mock.3;Root;Saccharomycetes;Saccharomycetales;Saccharomycetaceae;Zygosaccharomyces;Zygosaccharomyces_sp_KS3_2007	-0.0558387300469	-0.0245181897893	0.00808918115243	0.0146709050985	0.00367296741379	-0.00192288003483	-0.000425466911246	0.00324593422099	-0.000934718020019	0.0026744880609	0.000805771402951	0.00224595463591	-0.00162124272326	0.000517304895212	0.000231247943713	2.12708260473e-05	-2.21122178427e-06	-5.96626294694e-07	5.94556647954e-08	2.87967582895e-07	1.24108675938e-07	-7.34217189831e-08	-1.18200498633e-09	2.40002592743e-08	-6.59792780845e-10	1.97339092648e-09	7.30009442601e-10	7.21096603072e-11	1.31590055476e-10	-2.93051273699e-11
Mock.1;Root;Sordariomycetes;Microascales;Microascaceae;Scopulariopsis;Scopulariopsis_sp_2468	-0.110523186791	0.0290575619583	0.0463721283208	0.0105622866454	0.00998121035293	0.00203199286626	-0.00485011383372	0.00289445170688	0.00452289068223	0.000235914451057	-0.00133115062189	-0.000300896992013	0.00154805134643	-0.000551854523409	0.00112173770229	-0.000577282505364	-4.58596354357e-05	-9.69863706569e-05	2.3116082037e-05	7.64199601476e-07	5.39354656837e-06	-1.53328458475e-07	-7.92649447074e-07	-3.97972053922e-07	-6.59792780844e-10	1.97339092648e-09	7.30009442601e-10	7.21096603069e-11	1.31590055476e-10	-2.930512737e-11
Mock.2;Root;Sordariomycetes;Hypocreales;Other;Other;Other	0.464085118279	0.0779857154927	-0.0323883715088	0.0495610508015	0.0576716730993	-0.0159962248573	-0.00140303153581	-0.0636468727153	0.00854574968863	0.000873385670465	-0.00242339263662	0.0051695657704	-0.000955409122047	0.00193045313499	-0.00151623350709	-0.000566671279183	-2.34173542503e-05	-1.97998705197e-05	2.98791834512e-06	2.76080512769e-06	4.34226910041e-07	-6.23923521479e-07	2.17644523898e-07	2.24490813637e-07	-6.59792780847e-10	1.97339092648e-09	7.30009442601e-10	7.21096603077e-11	1.31590055475e-10	-2.93051273698e-11
Mock.2;Root;Sordariomycetes;Microascales;Microascaceae;Scopulariopsis;Scopulariopsis_sp_2468	-0.110580108125	0.0294429399458	0.0462805689592	0.0106948939616	0.00995335179271	0.00196430296197	-0.0048135645996	0.00293440859061	0.00451256356664	0.000223632728663	-0.00132266771577	-0.000295708209531	0.0015406897404	-0.000552654785522	0.00111948990066	-0.000576255622837	-4.57425829949e-05	-9.68495086532e-05	2.30697161056e-05	7.63068222138e-07	5.38450624716e-06	-1.53363738141e-07	-7.91956541072e-07	-3.97420483743e-07	-6.59792780844e-10	1.97339092648e-09	7.30009442601e-10	7.21096603069e-11	1.31590055476e-10	-2.930512737e-11
Mock.3;Root;Sordariomycetes;Microascales;Microascaceae;Scopulariopsis;Scopulariopsis_sp_2468	-0.110400700333	0.0282436618738	0.0465648660005	0.0102869966378	0.0100389667184	0.00217236625482	-0.00492748788849	0.00281186984033	0.00454627848076	0.0002628527259	-0.0013516517409	-0.000308588663367	0.00156720643828	-0.000551056287471	0.00112653512132	-0.00057880611498	-4.6159074992e-05	-9.72202613204e-05	2.32267157666e-05	7.58459794412e-07	5.41003239282e-06	-1.51092143466e-07	-7.92991519439e-07	-3.99476180837e-07	-6.59792780844e-10	1.97339092648e-09	7.30009442601e-10	7.21096603069e-11	1.31590055476e-10	-2.930512737e-11
Mock.3;Root;Saccharomycetes;Saccharomycetales;Pichiaceae;Pichia;Pichia_kudriavzevii	-0.148503462841	0.0933056896998	-0.164118099576	-0.225088051421	0.117618129166	0.0406780921279	0.0473310840479	0.0249163850762	0.0136238617255	0.009772782049	-0.0138375583828	-0.00958574937148	0.00465330071106	0.0130949597857	0.00477163751553	0.000515694196092	-6.40613933266e-05	-9.61941937356e-05	-2.54459461379e-05	-3.93864348693e-06	-3.18726710317e-07	4.83711941066e-07	-1.14559074113e-06	-3.54530403567e-07	-6.59792780846e-10	1.97339092648e-09	7.30009442602e-10	7.21096603076e-11	1.31590055476e-10	-2.93051273698e-11
Mock.2;Root;Saccharomycetes;Saccharomycetales;Dipodascaceae;Geotrichum;Geotrichum_sp_TU_GM12	-0.0857554153549	-0.0860699971792	0.0567137027108	-0.0278082931608	0.0102255774758	0.00749141698461	-0.00553313039775	-0.00912769335165	0.00388015936402	0.00481512707841	-0.00147584439062	-0.0039147770796	-0.00035161283441	-0.001348150039	0.00113921343464	0.00010684460029	-0.000276251786097	-9.18507747081e-05	9.37250126017e-05	-6.87486841144e-05	-1.40831159276e-05	1.56643785201e-05	2.79609724463e-06	-5.16542039878e-06	-6.59792780845e-10	1.97339092647e-09	7.300094426e-10	7.21096603068e-11	1.31590055476e-10	-2.93051273697e-11
Mock.2;Root;Saccharomycetes;Saccharomycetales;Saccharomycetaceae;Zygosaccharomyces;Zygosaccharomyces_pseudorouxii	-0.0353968137585	-0.0336392588427	0.00432996426928	0.0176175201685	0.00668410824067	-0.000531273655256	0.0013465199149	-0.00204523549004	-0.000664788505085	0.00108521539549	0.00105647034938	8.92415395371e-05	-7.39909043705e-05	0.000178206279052	-9.58346493691e-05	0.000164751417442	0.000184258996901	-0.000178066732781	3.78523883414e-05	-9.68236684284e-06	-3.65041685493e-06	2.24922216328e-06	-1.24237059237e-06	-1.82369560918e-06	-6.59792780845e-10	1.97339092648e-09	7.30009442602e-10	7.21096603068e-11	1.31590055476e-10	-2.930512737e-11
Mock.1;Root;Saccharomycetes;Saccharomycetales;Dipodascaceae;Geotrichum;Geotrichum_sp_TU_GM12	-0.0857554153549	-0.0860699971792	0.0567137027108	-0.0278082931608	0.0102255774758	0.00749141698461	-0.00553313039775	-0.00912769335165	0.00388015936402	0.00481512707841	-0.00147584439062	-0.0039147770796	-0.00035161283441	-0.001348150039	0.00113921343464	0.00010684460029	-0.000276251786097	-9.18507747081e-05	9.37250126017e-05	-6.87486841144e-05	-1.40831159276e-05	1.56643785201e-05	2.79609724463e-06	-5.16542039878e-06	-6.59792780845e-10	1.97339092647e-09	7.300094426e-10	7.21096603068e-11	1.31590055476e-10	-2.93051273697e-11
Mock.1;Root;Saccharomycetes;Saccharomycetales;Saccharomycetaceae;Zygosaccharomyces;Zygosaccharomyces_pseudorouxii	-0.0353968137585	-0.0336392588427	0.00432996426928	0.0176175201685	0.00668410824067	-0.000531273655256	0.0013465199149	-0.00204523549004	-0.000664788505085	0.00108521539549	0.00105647034938	8.92415395371e-05	-7.39909043705e-05	0.000178206279052	-9.58346493691e-05	0.000164751417442	0.000184258996901	-0.000178066732781	3.78523883414e-05	-9.68236684284e-06	-3.65041685493e-06	2.24922216328e-06	-1.24237059237e-06	-1.82369560918e-06	-6.59792780845e-10	1.97339092648e-09	7.30009442602e-10	7.21096603068e-11	1.31590055476e-10	-2.930512737e-11
Mock.1;Root;Saccharomycetes;Saccharomycetales;Pichiaceae;Pichia;Pichia_kudriavzevii	-0.14875720004	0.100999246471	-0.175487489567	-0.226847871197	0.107006153384	0.0408360776648	0.0431801296435	0.0207787330439	0.0147147736608	0.0081159794476	-0.0150490518926	-0.00929632072923	0.0044924708138	0.012187765912	0.00465791995415	0.000487744683958	-5.84429887752e-05	-8.86932395774e-05	-2.34095144317e-05	-3.88843055654e-06	-3.77897215776e-07	5.09206456547e-07	-1.05468576347e-06	-3.46751411433e-07	-6.59792780846e-10	1.97339092648e-09	7.30009442602e-10	7.21096603076e-11	1.31590055476e-10	-2.93051273698e-11
Mock.2;Root;Saccharomycetes;Saccharomycetales;Pichiaceae;Pichia;Pichia_kudriavzevii	-0.148790648465	0.102013435017	-0.176986237863	-0.227079856105	0.105607249782	0.0408569038089	0.0426329379433	0.0202332949037	0.0148585810599	0.00789757458355	-0.0152087547293	-0.0092581673468	0.00447126971729	0.0120681767984	0.00464292935206	0.000484060292473	-5.77023532395e-05	-8.77044405064e-05	-2.31410656801e-05	-3.88181133212e-06	-3.85697255558e-07	5.1256722275e-07	-1.04270238701e-06	-3.45725960532e-07	-6.59792780846e-10	1.97339092648e-09	7.30009442602e-10	7.21096603076e-11	1.31590055476e-10	-2.93051273698e-11
Mock.3;Root;Saccharomycetes;Saccharomycetales;Dipodascaceae;Geotrichum;Geotrichum_sp_TU_GM12	-0.0857554153549	-0.0860699971792	0.0567137027108	-0.0278082931608	0.0102255774758	0.00749141698461	-0.00553313039775	-0.00912769335165	0.00388015936402	0.00481512707841	-0.00147584439062	-0.0039147770796	-0.00035161283441	-0.001348150039	0.00113921343464	0.00010684460029	-0.000276251786097	-9.18507747081e-05	9.37250126017e-05	-6.87486841144e-05	-1.40831159276e-05	1.56643785201e-05	2.79609724463e-06	-5.16542039878e-06	-6.59792780845e-10	1.97339092647e-09	7.300094426e-10	7.21096603068e-11	1.31590055476e-10	-2.93051273697e-11
Mock.1;Root;Sordariomycetes;Microascales;Microascaceae;Scopulariopsis;Other	-0.00457026553096	-0.00768510139601	-0.207838670625	-0.0852081585647	-0.0416401283377	0.00489714096924	-0.00293567231306	-0.0217800354151	0.00136861582946	-0.00912176168716	-0.00641242072905	-0.00526368405382	0.00152136324738	-0.000928855818374	-0.00206801464587	0.00088981565308	8.69731446204e-05	0.000174389343092	-3.5653223848e-05	-3.93406772691e-06	-7.94886389393e-06	8.13652668771e-07	1.12130618905e-06	4.6623248742e-07	-6.59792780847e-10	1.97339092648e-09	7.30009442601e-10	7.21096603077e-11	1.31590055476e-10	-2.93051273698e-11
Mock.1;Root;Eurotiomycetes;Eurotiales;Trichocomaceae;Other;Other	0.394754419525	-0.00713021944523	-0.08987086615	0.16210007313	0.0630049488892	0.0231750030491	0.0471457817625	-0.0884245287999	0.0215714064789	-0.0130490978565	-0.0132995726181	0.0017688239129	-0.00204559797617	0.00197140411088	0.00131757437351	-0.000563739018021	-5.93814627968e-05	-4.36235699323e-05	-8.3163214149e-06	2.36650534246e-06	4.98983500387e-07	-7.0456619467e-07	-5.9381074293e-08	2.09136624286e-07	-6.59792780847e-10	1.97339092648e-09	7.30009442601e-10	7.21096603078e-11	1.31590055475e-10	-2.93051273698e-11
Mock.2;Root;Sordariomycetes;Microascales;Microascaceae;Scopulariopsis;Other	-0.0176855551516	0.0135385125414	-0.222441366038	-0.100199505806	-0.0456142978468	0.00813495004023	-0.00548890854579	-0.0246244257181	0.00429031943565	-0.0102099382154	-0.00912585460427	-0.00511160412604	0.00153047761285	-0.00124495718048	-0.00166648591738	0.000807183040542	8.28025759628e-05	0.000162718865151	-3.16398051365e-05	-4.3932353511e-06	-6.70013660727e-06	8.9430495241e-07	9.18543396517e-07	3.6382063687e-07	-6.59792780847e-10	1.97339092648e-09	7.30009442601e-10	7.21096603077e-11	1.31590055476e-10	-2.93051273698e-11
Mock.3;Root;Sordariomycetes;Microascales;Microascaceae;Scopulariopsis;Other	-0.020165098616	0.0201953125482	-0.228317973444	-0.104144366334	-0.0467014702309	0.00935464114241	-0.00630239521237	-0.0254958446781	0.00490618469398	-0.0106615529789	-0.00966395680743	-0.00521286109572	0.00150461260013	-0.00129085358875	-0.00156758452034	0.000796364917844	8.38615371716e-05	0.000162550730972	-2.99349883876e-05	-2.75408566389e-06	-8.72971529675e-06	7.05986116003e-07	1.39449362962e-06	4.82220542331e-07	-6.59792780847e-10	1.97339092648e-09	7.30009442601e-10	7.21096603077e-11	1.31590055476e-10	-2.93051273698e-11
Mock.3;Root;Eurotiomycetes;Eurotiales;Trichocomaceae;Other;Other	0.394323817615	-0.00722512112001	-0.0896410463545	0.161328270473	0.0626834270847	0.0230648851043	0.0468925991794	-0.087956905993	0.0214094487095	-0.0129749648194	-0.0132082639399	0.00179772873346	-0.00204278584785	0.00198061790797	0.00129921859625	-0.000561655523049	-5.78853231804e-05	-4.29145603358e-05	-8.89266136612e-06	2.24738099439e-06	2.8161224038e-07	-6.68633978811e-07	-4.71150043722e-08	2.02821592102e-07	-6.59792780847e-10	1.97339092648e-09	7.30009442601e-10	7.21096603078e-11	1.31590055475e-10	-2.93051273698e-11
Mock.2;Root;Eurotiomycetes;Eurotiales;Trichocomaceae;Other;Other	0.395639757504	-0.0065935312309	-0.0896582145093	0.162259029273	0.0631630512153	0.0232080805675	0.0472587784333	-0.0886661723795	0.021671134874	-0.0130878789731	-0.0133553099091	0.00173959126979	-0.00204426382035	0.0019553233893	0.00133109251355	-0.00056433963361	-6.08410751816e-05	-4.42625514971e-05	-7.67389781367e-06	2.40581682797e-06	6.8319478668e-07	-7.21086275869e-07	-6.7719354378e-08	2.09535521993e-07	-6.59792780847e-10	1.97339092648e-09	7.30009442601e-10	7.21096603078e-11	1.31590055475e-10	-2.93051273698e-11
Mock.3;Root;Sordariomycetes;Hypocreales;Nectriaceae;Other;Other	0.168141956262	-0.124123198131	-0.243368009498	0.131308671768	-0.033530098497	0.041142846818	-0.0672915370773	0.0692136346685	0.0457038232483	0.0897280267243	0.0541690281923	-0.0200822533305	0.00794553649459	0.00778174129397	-0.00295068940195	0.000273733940677	4.44485209631e-05	-6.99463305226e-07	7.10904392398e-07	-6.24082595495e-06	-4.0387232979e-06	1.52044018011e-06	-1.60491244263e-07	-7.5031521201e-07	-6.59792780847e-10	1.97339092648e-09	7.30009442601e-10	7.21096603076e-11	1.31590055476e-10	-2.93051273698e-11
Mock.3;Root;Saccharomycetes;Saccharomycetales;Saccharomycetaceae;Zygosaccharomyces;Zygosaccharomyces_pseudorouxii	-0.0353968137585	-0.0336392588427	0.00432996426928	0.0176175201685	0.00668410824067	-0.000531273655256	0.0013465199149	-0.00204523549004	-0.000664788505085	0.00108521539549	0.00105647034938	8.92415395371e-05	-7.39909043705e-05	0.000178206279052	-9.58346493691e-05	0.000164751417442	0.000184258996901	-0.000178066732781	3.78523883414e-05	-9.68236684284e-06	-3.65041685493e-06	2.24922216328e-06	-1.24237059237e-06	-1.82369560918e-06	-6.59792780845e-10	1.97339092648e-09	7.30009442602e-10	7.21096603068e-11	1.31590055476e-10	-2.930512737e-11
Mock.1;Root;Sordariomycetes;Hypocreales;Nectriaceae;Other;Other	0.169117606354	-0.123870361838	-0.244399157606	0.13207934881	-0.0335935244458	0.041458800467	-0.0675340242792	0.0693578609546	0.04589630501	0.0899872998614	0.0544270195925	-0.0202127225585	0.00799268570794	0.00784600520828	-0.00297408934961	0.000282795641455	4.74803018581e-05	9.74898109369e-07	2.08334803786e-06	-2.28787964674e-06	-2.80037099176e-06	6.28866632623e-07	-1.54317609174e-07	-4.64522554039e-07	-6.59792780847e-10	1.97339092648e-09	7.30009442601e-10	7.21096603076e-11	1.31590055476e-10	-2.93051273698e-11
Mock.2;Root;Sordariomycetes;Hypocreales;Nectriaceae;Other;Other	0.167933145898	-0.124436926676	-0.243608396812	0.131444568158	-0.0337107154419	0.0411672172861	-0.0673385214235	0.0692987130571	0.0457026368247	0.0897935695798	0.0542193223272	-0.0200841290458	0.00790207749302	0.00779012590646	-0.00295994031597	0.000284852620696	4.21344557357e-05	-8.50390761529e-07	3.34433309408e-06	-4.60568269999e-06	-2.81812801133e-06	1.11584293161e-06	-2.0693210181e-07	-6.3519135203e-07	-6.59792780847e-10	1.97339092648e-09	7.30009442601e-10	7.21096603076e-11	1.31590055476e-10	-2.93051273698e-11
Mock.1;Root;Eurotiomycetes;Eurotiales;Trichocomaceae;Penicillium;Penicillium_paneum	-0.145999581173	0.0173855806247	-0.0519248248823	-0.20772212909	0.222337231497	0.0391190889841	0.0882927511309	0.0657467841936	0.00285872986504	0.0261221296853	-0.00188252612147	-0.0124418346311	0.00624037203652	0.0220471596442	0.00589380375414	0.000791500311892	-0.000119503875789	-0.000170213697949	-4.55414782642e-05	-4.43414527701e-06	2.65168536316e-07	2.32131761233e-07	-2.04264213421e-06	-4.31293589818e-07	-6.59792780846e-10	1.97339092648e-09	7.30009442602e-10	7.21096603076e-11	1.31590055476e-10	-2.93051273698e-11
Mock.2;Root;Saccharomycetes;Saccharomycetales;Dipodascaceae;Galactomyces;Galactomyces_sp_24	-0.10361429512	-0.0551201573604	0.0884881516435	-0.00680358473846	0.00178230309154	0.0282289514781	-0.028522877941	-0.0172929581213	0.00593159476	-0.00339563550079	0.000119807672172	-0.00727057990335	-0.00424906207395	0.00146331957875	-0.000890580973429	-0.000771876563941	0.0001263973175	-1.315404703e-05	-2.94292166351e-05	1.54269280737e-05	1.29556257699e-06	-3.87809049113e-06	-1.09614891578e-06	9.78461924774e-07	-6.59792780847e-10	1.97339092648e-09	7.30009442601e-10	7.21096603073e-11	1.31590055476e-10	-2.93051273699e-11
Mock.3;Root;Eurotiomycetes;Eurotiales;Trichocomaceae;Penicillium;Penicillium_paneum	-0.145999581173	0.0173855806247	-0.0519248248823	-0.20772212909	0.222337231497	0.0391190889841	0.0882927511309	0.0657467841936	0.00285872986504	0.0261221296853	-0.00188252612147	-0.0124418346311	0.00624037203652	0.0220471596442	0.00589380375414	0.000791500311892	-0.000119503875789	-0.000170213697949	-4.55414782642e-05	-4.43414527701e-06	2.65168536316e-07	2.32131761233e-07	-2.04264213421e-06	-4.31293589818e-07	-6.59792780846e-10	1.97339092648e-09	7.30009442602e-10	7.21096603076e-11	1.31590055476e-10	-2.93051273698e-11
Mock.2;Root;Eurotiomycetes;Eurotiales;Trichocomaceae;Penicillium;Penicillium_paneum	-0.145999581173	0.0173855806247	-0.0519248248823	-0.20772212909	0.222337231497	0.0391190889841	0.0882927511309	0.0657467841936	0.00285872986504	0.0261221296853	-0.00188252612147	-0.0124418346311	0.00624037203652	0.0220471596442	0.00589380375414	0.000791500311892	-0.000119503875789	-0.000170213697949	-4.55414782642e-05	-4.43414527701e-06	2.65168536316e-07	2.32131761233e-07	-2.04264213421e-06	-4.31293589818e-07	-6.59792780846e-10	1.97339092648e-09	7.30009442602e-10	7.21096603076e-11	1.31590055476e-10	-2.93051273698e-11
Mock.1;Root;Saccharomycetes;Saccharomycetales;Saccharomycetaceae;Zygosaccharomyces;Zygosaccharomyces_rouxii	-0.153417383935	0.242300520457	-0.384299790288	-0.259169043798	-0.0878953391231	0.0437376689962	-0.0330570598696	-0.0552141426636	0.0347506622422	-0.022313160842	-0.0372995637747	-0.00398062122993	0.00153863943861	-0.0044739230712	0.00256936237604	-2.55811793797e-05	4.47456591381e-05	4.90706595079e-05	1.39919635886e-05	-2.96621067232e-06	-1.46463356572e-06	9.77443401319e-07	6.14891720253e-07	-2.038810159e-07	-6.59792780847e-10	1.97339092648e-09	7.30009442601e-10	7.21096603077e-11	1.31590055476e-10	-2.93051273698e-11
Mock.2;Root;Sordariomycetes;Hypocreales;Nectriaceae;Fusarium;Fusarium_domesticum	-0.153417383935	0.242300520457	-0.384299790288	-0.259169043798	-0.0878953391231	0.0437376689962	-0.0330570598696	-0.0552141426636	0.0347506622422	-0.022313160842	-0.0372995637747	-0.00398062122993	0.00153863943861	-0.0044739230712	0.00256936237604	-2.55811793797e-05	4.47456591381e-05	4.90706595079e-05	1.39919635886e-05	-2.96621067232e-06	-1.46463356572e-06	9.77443401319e-07	6.14891720253e-07	-2.038810159e-07	-6.59792780847e-10	1.97339092648e-09	7.30009442601e-10	7.21096603077e-11	1.31590055476e-10	-2.93051273698e-11
Mock.1;Root;Eurotiomycetes;Eurotiales;Trichocomaceae;Penicillium;Penicillium_commune	-0.153417383935	0.242300520457	-0.384299790288	-0.259169043798	-0.0878953391231	0.0437376689962	-0.0330570598696	-0.0552141426636	0.0347506622422	-0.022313160842	-0.0372995637747	-0.00398062122993	0.00153863943861	-0.0044739230712	0.00256936237604	-2.55811793797e-05	4.47456591381e-05	4.90706595079e-05	1.39919635886e-05	-2.96621067232e-06	-1.46463356572e-06	9.77443401319e-07	6.14891720253e-07	-2.038810159e-07	-6.59792780847e-10	1.97339092648e-09	7.30009442601e-10	7.21096603077e-11	1.31590055476e-10	-2.93051273698e-11
Mock.2;Root;Eurotiomycetes;Eurotiales;Trichocomaceae;Penicillium;Penicillium_commune	-0.153417383935	0.242300520457	-0.384299790288	-0.259169043798	-0.0878953391231	0.0437376689962	-0.0330570598696	-0.0552141426636	0.0347506622422	-0.022313160842	-0.0372995637747	-0.00398062122993	0.00153863943861	-0.0044739230712	0.00256936237604	-2.55811793797e-05	4.47456591381e-05	4.90706595079e-05	1.39919635886e-05	-2.96621067232e-06	-1.46463356572e-06	9.77443401319e-07	6.14891720253e-07	-2.038810159e-07	-6.59792780847e-10	1.97339092648e-09	7.30009442601e-10	7.21096603077e-11	1.31590055476e-10	-2.93051273698e-11
Mock.3;Root;Sordariomycetes;Hypocreales;Nectriaceae;Fusarium;Fusarium_domesticum	-0.153417383935	0.242300520457	-0.384299790288	-0.259169043798	-0.0878953391231	0.0437376689962	-0.0330570598696	-0.0552141426636	0.0347506622422	-0.022313160842	-0.0372995637747	-0.00398062122993	0.00153863943861	-0.0044739230712	0.00256936237604	-2.55811793797e-05	4.47456591381e-05	4.90706595079e-05	1.39919635886e-05	-2.96621067232e-06	-1.46463356572e-06	9.77443401319e-07	6.14891720253e-07	-2.038810159e-07	-6.59792780847e-10	1.97339092648e-09	7.30009442601e-10	7.21096603077e-11	1.31590055476e-10	-2.93051273698e-11
Mock.3;Root;Eurotiomycetes;Eurotiales;Trichocomaceae;Penicillium;Penicillium_commune	-0.153417383935	0.242300520457	-0.384299790288	-0.259169043798	-0.0878953391231	0.0437376689962	-0.0330570598696	-0.0552141426636	0.0347506622422	-0.022313160842	-0.0372995637747	-0.00398062122993	0.00153863943861	-0.0044739230712	0.00256936237604	-2.55811793797e-05	4.47456591381e-05	4.90706595079e-05	1.39919635886e-05	-2.96621067232e-06	-1.46463356572e-06	9.77443401319e-07	6.14891720253e-07	-2.038810159e-07	-6.59792780847e-10	1.97339092648e-09	7.30009442601e-10	7.21096603077e-11	1.31590055476e-10	-2.93051273698e-11
Mock.1;Root;Sordariomycetes;Hypocreales;Nectriaceae;Fusarium;Fusarium_domesticum	-0.153417383935	0.242300520457	-0.384299790288	-0.259169043798	-0.0878953391231	0.0437376689962	-0.0330570598696	-0.0552141426636	0.0347506622422	-0.022313160842	-0.0372995637747	-0.00398062122993	0.00153863943861	-0.0044739230712	0.00256936237604	-2.55811793797e-05	4.47456591381e-05	4.90706595079e-05	1.39919635886e-05	-2.96621067232e-06	-1.46463356572e-06	9.77443401319e-07	6.14891720253e-07	-2.038810159e-07	-6.59792780847e-10	1.97339092648e-09	7.30009442601e-10	7.21096603077e-11	1.31590055476e-10	-2.93051273698e-11
Mock.3;Root;Saccharomycetes;Saccharomycetales;Saccharomycetaceae;Zygosaccharomyces;Zygosaccharomyces_rouxii	-0.153417383935	0.242300520457	-0.384299790288	-0.259169043798	-0.0878953391231	0.0437376689962	-0.0330570598696	-0.0552141426636	0.0347506622422	-0.022313160842	-0.0372995637747	-0.00398062122993	0.00153863943861	-0.0044739230712	0.00256936237604	-2.55811793797e-05	4.47456591381e-05	4.90706595079e-05	1.39919635886e-05	-2.96621067232e-06	-1.46463356572e-06	9.77443401319e-07	6.14891720253e-07	-2.038810159e-07	-6.59792780847e-10	1.97339092648e-09	7.30009442601e-10	7.21096603077e-11	1.31590055476e-10	-2.93051273698e-11
Mock.2;Root;Saccharomycetes;Saccharomycetales;Saccharomycetaceae;Zygosaccharomyces;Zygosaccharomyces_rouxii	-0.153417383935	0.242300520457	-0.384299790288	-0.259169043798	-0.0878953391231	0.0437376689962	-0.0330570598696	-0.0552141426636	0.0347506622422	-0.022313160842	-0.0372995637747	-0.00398062122993	0.00153863943861	-0.0044739230712	0.00256936237604	-2.55811793797e-05	4.47456591381e-05	4.90706595079e-05	1.39919635886e-05	-2.96621067232e-06	-1.46463356572e-06	9.77443401319e-07	6.14891720253e-07	-2.038810159e-07	-6.59792780847e-10	1.97339092648e-09	7.30009442601e-10	7.21096603077e-11	1.31590055476e-10	-2.93051273698e-11
Mock.3;Root;Saccharomycetes;Saccharomycetales;Dipodascaceae;Geotrichum;Other	0.0214029822086	-0.20366609508	-0.0832807923073	-0.0120030409745	-0.0512205825978	-0.00295489804159	0.0234359735994	0.0215470410372	-0.0436553375756	-0.0370643818478	0.00788561047952	0.0401288250464	0.0102770303104	0.033795452207	-0.0203611589829	-0.00355366049808	-0.000195279955036	-0.000661194658599	0.000354517873415	-0.000155791654587	-3.568703229e-05	3.73513496797e-05	6.51608861199e-06	-1.29697517048e-05	-6.59792780841e-10	1.97339092648e-09	7.300094426e-10	7.21096603062e-11	1.31590055476e-10	-2.93051273696e-11
Mock.1;Root;Saccharomycetes;Saccharomycetales;Dipodascaceae;Galactomyces;Galactomyces_sp_24	-0.103839444838	-0.0546637572127	0.0885185380808	-0.00681344768666	0.00171331473657	0.0284287409169	-0.0284948455371	-0.0174756795223	0.00571453182619	-0.00332666244312	0.000239968974308	-0.00723213425258	-0.00421580153531	0.00148330496371	-0.000849034895077	-0.000763752423203	0.000124533499434	-1.26578013448e-05	-2.66959988341e-05	1.74664441743e-05	-1.13329695779e-06	-4.11454549711e-06	-4.78774012287e-07	1.1342742288e-06	-6.59792780847e-10	1.97339092648e-09	7.30009442601e-10	7.21096603073e-11	1.31590055476e-10	-2.93051273699e-11
Mock.2;Root;Saccharomycetes;Saccharomycetales;Dipodascaceae;Geotrichum;Other	0.024386855297	-0.204070955057	-0.086840898515	-0.00939186075212	-0.0475764959884	-0.00180852424955	0.0202621342504	0.0233695151707	-0.0457927768878	-0.0378918754189	0.00718659508379	0.039126355825	0.00971815436582	0.0321571078796	-0.0196643042974	-0.00342480037897	-0.000192690966503	-0.000635035078269	0.000343175963729	-0.00015113651903	-3.46010728403e-05	3.62400663427e-05	6.35954776721e-06	-1.255254209e-05	-6.59792780841e-10	1.97339092648e-09	7.300094426e-10	7.21096603062e-11	1.31590055476e-10	-2.93051273696e-11
Mock.3;Root;Saccharomycetes;Saccharomycetales;Dipodascaceae;Galactomyces;Galactomyces_sp_24	-0.103583529225	-0.0551683362082	0.0884880362242	-0.00678642551117	0.00178605614533	0.0282018623003	-0.0285228172286	-0.0172667248734	0.00594419244031	-0.00338001485694	7.71569402975e-05	-0.0072846855246	-0.00425360477929	0.00146042459874	-0.000902315848976	-0.000774004922876	0.000126819914103	-1.33232922984e-05	-3.01961418852e-05	1.48271238458e-05	1.99342073007e-06	-3.80704590155e-06	-1.2733291453e-06	9.32670973663e-07	-6.59792780847e-10	1.97339092648e-09	7.30009442601e-10	7.21096603073e-11	1.31590055476e-10	-2.93051273699e-11
Mock.1;Root;Saccharomycetes;Saccharomycetales;Dipodascaceae;Geotrichum;Other	0.0246925317929	-0.204112430072	-0.0872056059801	-0.00912436397974	-0.0472031853307	-0.0016910864386	0.0199369970674	0.0235562146349	-0.046011742286	-0.0379766462277	0.00711498594682	0.0390236600099	0.00966090151515	0.0319892711995	-0.0195929165098	-0.00341159957971	-0.000192425743111	-0.00063235521602	0.000342014066053	-0.000150659633625	-3.44898240474e-05	3.61262232984e-05	6.34351127522e-06	-1.25098019434e-05	-6.59792780841e-10	1.97339092648e-09	7.300094426e-10	7.21096603062e-11	1.31590055476e-10	-2.93051273696e-11
Mock.1;Root;Sordariomycetes;Other;Other;Other;Other	0.541932244961	0.136688861147	0.0608022808807	-0.0502320277702	0.00528358996909	9.97741655484e-05	-0.00823346156387	-0.00335069086034	0.00185877507173	0.00858388860909	-0.00556661055348	0.0152316965201	-0.010335590952	0.001503841044	0.00179918799621	6.85066630647e-05	1.20825862643e-05	5.71532922124e-06	4.5079199045e-06	2.37340973664e-06	-5.23330711567e-07	-1.36233219104e-07	-4.89015650945e-07	8.18630664125e-08	-6.59792780847e-10	1.97339092648e-09	7.30009442601e-10	7.21096603077e-11	1.31590055476e-10	-2.93051273698e-11
Mock.3;Root;Sordariomycetes;Other;Other;Other;Other	0.553626277935	0.151508285373	0.0655553549956	-0.0637827028409	0.0104901558528	-0.0103129169573	-0.0161054879963	-0.00640787017053	-0.000395312369046	0.0093959252745	-0.00341669573231	0.0144839372864	-0.00875159493287	0.00140683505468	0.000805234175324	-1.31281755555e-05	1.98295359105e-05	8.48161076364e-06	4.25797663021e-06	4.31622128747e-06	8.85293918581e-07	-9.04189693922e-07	1.33725033284e-07	3.16293296683e-07	-6.59792780847e-10	1.97339092648e-09	7.30009442601e-10	7.21096603077e-11	1.31590055476e-10	-2.93051273698e-11
Mock.2;Root;Sordariomycetes;Other;Other;Other;Other	0.538696773367	0.136032206535	0.0585569957829	-0.0501754940917	0.00732243307862	-0.00201309190439	-0.00975403451296	-0.00478593592782	0.00120136368908	0.00821760909752	-0.00485805650871	0.0145603510842	-0.009623963868	0.00139695101394	0.00150391707405	4.21172297842e-05	1.57804487538e-05	9.07987326528e-06	3.87655000278e-06	3.84590843607e-06	-1.14046585399e-06	-1.38706296075e-08	-1.42535193595e-06	7.30203023724e-08	-6.59792780847e-10	1.97339092648e-09	7.30009442601e-10	7.21096603077e-11	1.31590055476e-10	-2.93051273698e-11
Mock.3;Root;Sordariomycetes;Hypocreales;Nectriaceae;Fusarium;Fusarium_sp_JJP_2009a	-0.0382321776169	-0.079566300172	0.0530198952811	-0.00364558360785	-0.00265559295664	0.0135656683312	-0.0150972551023	-0.0105630210596	0.00337858285464	0.00121070384222	-0.00128930266534	-0.000926216384514	0.00138309996039	-0.00132779577748	0.000584412032644	-0.000610622296997	-2.65153487747e-05	-6.16189481532e-05	2.80585575972e-05	3.46288584721e-06	2.18807174792e-06	-4.29179482431e-07	2.07413632934e-07	-1.09619393745e-07	-6.59792780847e-10	1.97339092648e-09	7.30009442601e-10	7.21096603073e-11	1.31590055476e-10	-2.93051273698e-11
Mock.1;Root;Sordariomycetes;Hypocreales;Nectriaceae;Fusarium;Fusarium_sp_JJP_2009a	-0.0375950068496	-0.0808513300382	0.0519498054908	-0.00413080392646	-0.0028274237886	0.0126605071427	-0.0150261619556	-0.0102435779925	0.00320307312675	0.00141813008783	-0.00125449921112	-0.000777322523579	0.0014776103865	-0.00138822978203	0.000580570481139	-0.000591393654619	-3.46704142248e-05	-6.7921607681e-05	2.0490077878e-05	-5.50618353151e-07	3.14740495229e-06	2.53150170464e-07	-3.73567619346e-07	-3.91354323109e-07	-6.59792780847e-10	1.97339092648e-09	7.30009442601e-10	7.21096603073e-11	1.31590055476e-10	-2.93051273698e-11
Mock.2;Root;Sordariomycetes;Hypocreales;Nectriaceae;Fusarium;Fusarium_sp_JJP_2009a	-0.0536615989585	-0.0796263268979	0.0592587760496	-0.00498046139787	-0.00215905527859	0.0142740162192	-0.0169777090456	-0.0111542976431	0.00421977055909	0.00132850505598	-0.00170379517543	-0.00097569697555	0.00168485971691	-0.00153661697671	0.0007561126994	-0.000707242912247	-3.67269757122e-05	-7.81545082758e-05	2.85944039713e-05	2.93632289659e-07	1.99951355613e-06	2.68391998596e-07	2.36731322443e-08	-4.03597893756e-07	-6.59792780846e-10	1.97339092648e-09	7.30009442601e-10	7.21096603073e-11	1.31590055476e-10	-2.93051273698e-11
Mock.1;NO_HIT	-0.141389460094	0.222067864054	-0.00604515476571	0.0598614943086	0.0101010036887	-0.0289460653592	0.0212035962858	0.030033494834	0.000302511979859	-0.00432648410468	0.00247292669519	0.00232169355611	-0.000763709831643	0.00276790711387	0.000450239612467	-0.00211680755553	-0.00225848078866	0.00206541298888	-0.000461204239396	0.00011539268681	4.42050230478e-05	-2.70968712353e-05	1.43727612202e-05	2.17266427204e-05	-6.59792780848e-10	1.97339092644e-09	7.30009442589e-10	7.21096603117e-11	1.31590055472e-10	-2.93051273698e-11
Mock.3;NO_HIT	-0.141385406753	0.21872709525	-0.00683955686044	0.0562400366925	0.0134963052801	-0.0280564723958	0.0220117847957	0.030165091061	0.000214455712159	-0.00376998664375	0.00236925419033	0.00207150717647	-0.000692579844572	0.0026387136964	0.000515009797704	-0.00165158851843	-0.00181354005909	0.00164961340919	-0.000370856222296	9.20772125411e-05	3.54298303182e-05	-2.16571062765e-05	1.14426135136e-05	1.7376633594e-05	-6.59792780847e-10	1.97339092644e-09	7.30009442591e-10	7.21096603106e-11	1.31590055473e-10	-2.93051273699e-11
Mock.2;NO_HIT	-0.141393979526	0.225792785558	-0.00515940492203	0.0638993808382	0.00631527870905	-0.0299379520039	0.0203024747365	0.0298867664477	0.000400693777048	-0.00494697282482	0.00258852042987	0.00260064869498	-0.000843019006868	0.00291195639331	0.000378021548304	-0.00263552180884	-0.00275458494583	0.00252902507545	-0.000561941312668	0.000141389191384	5.39892691369e-05	-3.31621510148e-05	1.76398445905e-05	2.6576856396e-05	-6.5979278085e-10	1.97339092643e-09	7.30009442586e-10	7.21096603128e-11	1.31590055471e-10	-2.93051273697e-11
Mock.3;Root;Sordariomycetes;Hypocreales;Nectriaceae;Fusarium;Fusarium_sp_HN26_2A	-0.141069256539	0.232638046285	-0.000431709096008	0.0814796837881	-0.00576955271456	-0.032223826056	0.0140300757597	0.022720599511	-0.00252300616405	-0.00460334729967	0.0021975414398	0.00292090660139	-0.00137437712877	-0.0010218015504	-8.66098148692e-05	0.000122860247619	2.46246999969e-06	-1.06805081369e-05	1.40167337973e-06	-1.95071546512e-06	-1.62418709729e-07	3.82523194652e-07	-1.36239937501e-07	-1.94055852343e-07	-6.5979278084e-10	1.97339092648e-09	7.30009442601e-10	7.21096603063e-11	1.31590055476e-10	-2.93051273703e-11
Mock.1;Root;Sordariomycetes;Hypocreales;Nectriaceae;Fusarium;Fusarium_sp_HN26_2A	-0.14073607356	0.235375950732	-0.00229731295434	0.0826528766708	-0.00542812948506	-0.0342214752175	0.0145589586659	0.0242278686254	-0.00119513241797	-0.0056778299267	0.00247357287653	0.00319528161386	-0.00147177888857	-0.0011516654572	-7.89532756946e-05	0.00013277243797	3.60884824179e-06	-9.85559493358e-06	1.35528734343e-06	-1.89974930987e-06	-1.36188313271e-07	3.72618373826e-07	-1.38276322895e-07	-1.88307917547e-07	-6.5979278084e-10	1.97339092648e-09	7.30009442601e-10	7.21096603063e-11	1.31590055476e-10	-2.93051273703e-11
Mock.2;Root;Sordariomycetes;Hypocreales;Nectriaceae;Fusarium;Fusarium_sp_HN26_2A	-0.141152552284	0.231953570174	3.46918685774e-05	0.0811863855674	-0.00585490852194	-0.0317244137656	0.0138978550331	0.0223437822324	-0.00285497460057	-0.00433472664291	0.00212853358062	0.00285231284828	-0.00135002668883	-0.000989335573694	-8.85239496629e-05	0.000120382200031	2.17587543916e-06	-1.08867364378e-05	1.41326988881e-06	-1.96345700394e-06	-1.68976308843e-07	3.84999399859e-07	-1.35730841152e-07	-1.95492836042e-07	-6.5979278084e-10	1.97339092648e-09	7.30009442601e-10	7.21096603063e-11	1.31590055476e-10	-2.93051273703e-11
Mock.3;Root;Eurotiomycetes;Eurotiales;Trichocomaceae;Aspergillus;Aspergillus_unguis	-0.110400700333	0.0282436618738	0.0465648660005	0.0102869966378	0.0100389667184	0.00217236625482	-0.00492748788849	0.00281186984033	0.00454627848076	0.0002628527259	-0.0013516517409	-0.000308588663367	0.00156720643828	-0.000551056287471	0.00112653512132	-0.00057880611498	-4.6159074992e-05	-9.72202613204e-05	2.32267157666e-05	7.58459794412e-07	5.41003239282e-06	-1.51092143466e-07	-7.92991519439e-07	-3.99476180837e-07	-6.59792780844e-10	1.97339092648e-09	7.30009442601e-10	7.21096603069e-11	1.31590055476e-10	-2.930512737e-11
Mock.1;Root;Eurotiomycetes;Eurotiales;Trichocomaceae;Aspergillus;Aspergillus_unguis	-0.110400700333	0.0282436618738	0.0465648660005	0.0102869966378	0.0100389667184	0.00217236625482	-0.00492748788849	0.00281186984033	0.00454627848076	0.0002628527259	-0.0013516517409	-0.000308588663367	0.00156720643828	-0.000551056287471	0.00112653512132	-0.00057880611498	-4.6159074992e-05	-9.72202613204e-05	2.32267157666e-05	7.58459794412e-07	5.41003239282e-06	-1.51092143466e-07	-7.92991519439e-07	-3.99476180837e-07	-6.59792780844e-10	1.97339092648e-09	7.30009442601e-10	7.21096603069e-11	1.31590055476e-10	-2.930512737e-11
Mock.2;Root;Eurotiomycetes;Eurotiales;Trichocomaceae;Aspergillus;Aspergillus_unguis	-0.110400700333	0.0282436618738	0.0465648660005	0.0102869966378	0.0100389667184	0.00217236625482	-0.00492748788849	0.00281186984033	0.00454627848076	0.0002628527259	-0.0013516517409	-0.000308588663367	0.00156720643828	-0.000551056287471	0.00112653512132	-0.00057880611498	-4.6159074992e-05	-9.72202613204e-05	2.32267157666e-05	7.58459794412e-07	5.41003239282e-06	-1.51092143466e-07	-7.92991519439e-07	-3.99476180837e-07	-6.59792780844e-10	1.97339092648e-09	7.30009442601e-10	7.21096603069e-11	1.31590055476e-10	-2.930512737e-11
Mock.1;Root;Sordariomycetes;Hypocreales;Nectriaceae;Fusarium;Fusarium_sp_ela1	-0.140597247319	0.236516744251	-0.00307464789532	0.0831417070386	-0.0052858698061	-0.0350538290347	0.0147793265435	0.024855897423	-0.000641851690443	-0.0061255310213	0.00258858597517	0.00330960453572	-0.00151236295515	-0.00120577541837	-7.57630510385e-05	0.000136902517283	4.08650584267e-06	-9.51188109885e-06	1.3359598283e-06	-1.87851341184e-06	-1.25258981413e-07	3.68491365148e-07	-1.39124816809e-07	-1.85912944715e-07	-6.5979278084e-10	1.97339092647e-09	7.30009442601e-10	7.21096603063e-11	1.31590055476e-10	-2.93051273703e-11
Mock.2;Root;Sordariomycetes;Microascales;Microascaceae;Scopulariopsis;Scopulariopsis_flava	-0.117334513871	-0.0308494213777	0.0735191705957	-0.0318086229051	0.0243477572988	0.0374042090494	-0.0149840718686	-0.01556193236	-0.000629935669698	-0.000976598850126	0.00849881777996	-0.0050266782021	-0.00175276756059	0.00457396859846	0.0024017914905	-0.00012581571144	2.06041351214e-07	3.92069622341e-06	0.000135050739235	0.000141270261741	-0.000148935651836	-1.84847441247e-05	3.69263922523e-05	1.0599786242e-05	-6.59792780844e-10	1.97339092648e-09	7.30009442608e-10	7.21096603078e-11	1.31590055477e-10	-2.93051273698e-11
Mock.3;Root;Sordariomycetes;Hypocreales;Nectriaceae;Fusarium;Fusarium_sp_ela1	-0.140597247319	0.236516744251	-0.00307464789532	0.0831417070386	-0.0052858698061	-0.0350538290347	0.0147793265435	0.024855897423	-0.000641851690443	-0.0061255310213	0.00258858597517	0.00330960453572	-0.00151236295515	-0.00120577541837	-7.57630510385e-05	0.000136902517283	4.08650584267e-06	-9.51188109885e-06	1.3359598283e-06	-1.87851341184e-06	-1.25258981413e-07	3.68491365148e-07	-1.39124816809e-07	-1.85912944715e-07	-6.5979278084e-10	1.97339092647e-09	7.30009442601e-10	7.21096603063e-11	1.31590055476e-10	-2.93051273703e-11
Mock.3;Root;Sordariomycetes;Hypocreales;Niessliaceae;Rosasphaeria_moravica;Rosasphaeria_moravica	-0.140597247319	0.236516744251	-0.00307464789532	0.0831417070386	-0.0052858698061	-0.0350538290347	0.0147793265435	0.024855897423	-0.000641851690443	-0.0061255310213	0.00258858597517	0.00330960453572	-0.00151236295515	-0.00120577541837	-7.57630510385e-05	0.000136902517283	4.08650584267e-06	-9.51188109885e-06	1.3359598283e-06	-1.87851341184e-06	-1.25258981413e-07	3.68491365148e-07	-1.39124816809e-07	-1.85912944715e-07	-6.5979278084e-10	1.97339092647e-09	7.30009442601e-10	7.21096603063e-11	1.31590055476e-10	-2.93051273703e-11
Mock.1;Root;Sordariomycetes;Microascales;Microascaceae;Scopulariopsis;Scopulariopsis_flava	-0.117334513871	-0.0308494213777	0.0735191705957	-0.0318086229051	0.0243477572988	0.0374042090494	-0.0149840718686	-0.01556193236	-0.000629935669698	-0.000976598850126	0.00849881777996	-0.0050266782021	-0.00175276756059	0.00457396859846	0.0024017914905	-0.00012581571144	2.06041351214e-07	3.92069622341e-06	0.000135050739235	0.000141270261741	-0.000148935651836	-1.84847441247e-05	3.69263922523e-05	1.0599786242e-05	-6.59792780844e-10	1.97339092648e-09	7.30009442608e-10	7.21096603078e-11	1.31590055477e-10	-2.93051273698e-11
Mock.1;Root;Sordariomycetes;Hypocreales;Niessliaceae;Rosasphaeria_moravica;Rosasphaeria_moravica	-0.140597247319	0.236516744251	-0.00307464789532	0.0831417070386	-0.0052858698061	-0.0350538290347	0.0147793265435	0.024855897423	-0.000641851690443	-0.0061255310213	0.00258858597517	0.00330960453572	-0.00151236295515	-0.00120577541837	-7.57630510385e-05	0.000136902517283	4.08650584267e-06	-9.51188109885e-06	1.3359598283e-06	-1.87851341184e-06	-1.25258981413e-07	3.68491365148e-07	-1.39124816809e-07	-1.85912944715e-07	-6.5979278084e-10	1.97339092647e-09	7.30009442601e-10	7.21096603063e-11	1.31590055476e-10	-2.93051273703e-11
Mock.2;Root;Sordariomycetes;Hypocreales;Niessliaceae;Rosasphaeria_moravica;Rosasphaeria_moravica	-0.140597247319	0.236516744251	-0.00307464789532	0.0831417070386	-0.0052858698061	-0.0350538290347	0.0147793265435	0.024855897423	-0.000641851690443	-0.0061255310213	0.00258858597517	0.00330960453572	-0.00151236295515	-0.00120577541837	-7.57630510385e-05	0.000136902517283	4.08650584267e-06	-9.51188109885e-06	1.3359598283e-06	-1.87851341184e-06	-1.25258981413e-07	3.68491365148e-07	-1.39124816809e-07	-1.85912944715e-07	-6.5979278084e-10	1.97339092647e-09	7.30009442601e-10	7.21096603063e-11	1.31590055476e-10	-2.93051273703e-11
Mock.1;Root;Tremellomycetes;Tremellales;Tremellaceae;Bullera;Bullera_sakaeratica	-0.1559690651	0.0472943200577	0.0964542767229	-0.0076882374827	-0.00651643686647	0.0784151721596	-0.0114588533814	-0.0493694621389	-0.0418362043113	0.0297521023273	0.00866037640717	-0.000315038594801	0.000170406341147	-0.00396171840007	-0.003558725843	-0.000418904505256	8.97897376056e-05	-4.28955918458e-05	-7.24981255666e-05	-4.07049261094e-05	0.000142224619386	0.00012769504714	0.000165504682067	0.000140533348281	-6.59792780899e-10	1.97339092656e-09	7.30009442658e-10	7.21096603262e-11	1.31590055498e-10	-2.93051273761e-11
Mock.2;Root;Sordariomycetes;Hypocreales;Nectriaceae;Fusarium;Fusarium_sp_ela1	-0.140597247319	0.236516744251	-0.00307464789532	0.0831417070386	-0.0052858698061	-0.0350538290347	0.0147793265435	0.024855897423	-0.000641851690443	-0.0061255310213	0.00258858597517	0.00330960453572	-0.00151236295515	-0.00120577541837	-7.57630510385e-05	0.000136902517283	4.08650584267e-06	-9.51188109885e-06	1.3359598283e-06	-1.87851341184e-06	-1.25258981413e-07	3.68491365148e-07	-1.39124816809e-07	-1.85912944715e-07	-6.5979278084e-10	1.97339092647e-09	7.30009442601e-10	7.21096603063e-11	1.31590055476e-10	-2.93051273703e-11
Mock.3;Root;Eurotiomycetes;Eurotiales;Trichocomaceae;Penicillium;Penicillium_sp_MU_2009_1	-0.140597247319	0.236516744251	-0.00307464789532	0.0831417070386	-0.0052858698061	-0.0350538290347	0.0147793265435	0.024855897423	-0.000641851690443	-0.0061255310213	0.00258858597517	0.00330960453572	-0.00151236295515	-0.00120577541837	-7.57630510385e-05	0.000136902517283	4.08650584267e-06	-9.51188109885e-06	1.3359598283e-06	-1.87851341184e-06	-1.25258981413e-07	3.68491365148e-07	-1.39124816809e-07	-1.85912944715e-07	-6.5979278084e-10	1.97339092647e-09	7.30009442601e-10	7.21096603063e-11	1.31590055476e-10	-2.93051273703e-11
Mock.3;Root;Tremellomycetes;Tremellales;Tremellaceae;Bullera;Bullera_sakaeratica	-0.156606983473	0.0534896847072	0.0975794816964	-0.00326114393723	-0.00981039128067	0.0783662845152	-0.0121373718227	-0.051403381579	-0.048027445461	0.0342993233303	0.00471245425321	-0.00248290663889	0.000867981569986	-0.00212264609085	-0.00300434543595	-0.000419974280537	6.23961620634e-05	-4.5324931987e-05	-5.85958296662e-05	-3.41706841883e-05	0.00011607257075	0.000104646813941	0.000135408607211	0.000114888806912	-6.59792780889e-10	1.97339092654e-09	7.30009442648e-10	7.21096603224e-11	1.31590055495e-10	-2.9305127375e-11
Mock.1;Root;Microsporea;Microsporida;Incertae_sedis;Microsporidium;Microsporidium_sp_JES2002G	-0.159477616149	0.0813688256297	0.102642904077	0.0166607770174	-0.0246331861446	0.0781462901155	-0.0151907048086	-0.0605560190593	-0.0758880306346	0.0547618178437	-0.0130531954396	-0.0122383128373	0.00400707009976	0.0061531793006	-0.000509633604268	-0.000424788269302	-6.08749278766e-05	-5.62569626221e-05	3.96450188565e-06	-4.76659554317e-06	-1.61164811402e-06	9.29764545325e-07	-2.37296444765e-08	-5.11629249841e-07	-6.59792780846e-10	1.97339092648e-09	7.300094426e-10	7.2109660305e-11	1.3159005548e-10	-2.930512737e-11
Mock.1;Root;Sordariomycetes;Hypocreales;Nectriaceae;Fusarium;Fusarium_sp_GrS5	-0.140597247319	0.236516744251	-0.00307464789532	0.0831417070386	-0.0052858698061	-0.0350538290347	0.0147793265435	0.024855897423	-0.000641851690443	-0.0061255310213	0.00258858597517	0.00330960453572	-0.00151236295515	-0.00120577541837	-7.57630510385e-05	0.000136902517283	4.08650584267e-06	-9.51188109885e-06	1.3359598283e-06	-1.87851341184e-06	-1.25258981413e-07	3.68491365148e-07	-1.39124816809e-07	-1.85912944715e-07	-6.5979278084e-10	1.97339092648e-09	7.30009442601e-10	7.21096603063e-11	1.31590055476e-10	-2.93051273703e-11
Mock.1;Root;Eurotiomycetes;Eurotiales;Trichocomaceae;Penicillium;Penicillium_sp_MU_2009_1	-0.140597247319	0.236516744251	-0.00307464789532	0.0831417070386	-0.0052858698061	-0.0350538290347	0.0147793265435	0.024855897423	-0.000641851690443	-0.0061255310213	0.00258858597517	0.00330960453572	-0.00151236295515	-0.00120577541837	-7.57630510385e-05	0.000136902517283	4.08650584267e-06	-9.51188109885e-06	1.3359598283e-06	-1.87851341184e-06	-1.25258981413e-07	3.68491365148e-07	-1.39124816809e-07	-1.85912944715e-07	-6.5979278084e-10	1.97339092648e-09	7.30009442601e-10	7.21096603063e-11	1.31590055476e-10	-2.93051273703e-11
Mock.3;Root;Eurotiomycetes;Eurotiales;Trichocomaceae;Aspergillus;Other	-0.016150703958	-0.204289533893	-0.0262374003599	-0.0568635456498	-0.0345359621742	-0.0696133391405	0.049650636588	-0.0206027713513	-0.0160140054084	0.0152397591281	0.00953761653443	-0.0165004221878	-0.0220626462871	-0.00849341681665	-0.00238527204581	0.00671070014633	-0.00162111766578	0.000206176028937	0.000486291674215	-0.000528456039141	-0.000157394454133	0.000120023688359	2.8086774319e-05	-3.55033681071e-05	-6.59792780833e-10	1.97339092646e-09	7.30009442594e-10	7.21096603042e-11	1.31590055476e-10	-2.93051273691e-11
Mock.3;Root;Saccharomycetes;Saccharomycetales;Incertae_sedis;Candida;Other	-0.0838815803871	-0.0972620587675	0.0696653920346	-0.019765511293	0.000818911925016	0.00936718312002	-0.0228887262399	-0.0122695736307	0.0188656556014	-0.0181625801563	0.0122134105125	-0.00198608492772	-0.00461456226827	0.00116570929186	0.00210045786207	0.000189583354513	0.000381686706968	-3.75145729481e-05	-0.000419753094815	0.000249760306582	-1.55611415478e-05	-5.53482322791e-05	8.02359281085e-08	1.91120486754e-05	-6.59792780849e-10	1.97339092648e-09	7.30009442607e-10	7.21096603095e-11	1.31590055476e-10	-2.93051273701e-11
Mock.1;Root;Eurotiomycetes;Eurotiales;Trichocomaceae;Aspergillus;Other	-0.016150703958	-0.204289533893	-0.0262374003599	-0.0568635456498	-0.0345359621742	-0.0696133391405	0.049650636588	-0.0206027713513	-0.0160140054084	0.0152397591281	0.00953761653443	-0.0165004221878	-0.0220626462871	-0.00849341681665	-0.00238527204581	0.00671070014633	-0.00162111766578	0.000206176028937	0.000486291674215	-0.000528456039141	-0.000157394454133	0.000120023688359	2.8086774319e-05	-3.55033681071e-05	-6.59792780833e-10	1.97339092646e-09	7.30009442594e-10	7.21096603042e-11	1.31590055476e-10	-2.93051273691e-11
Mock.2;Root;Microsporea;Microsporida;Incertae_sedis;Microsporidium;Microsporidium_sp_JES2002G	-0.159477616149	0.0813688256297	0.102642904077	0.0166607770174	-0.0246331861446	0.0781462901155	-0.0151907048086	-0.0605560190593	-0.0758880306346	0.0547618178437	-0.0130531954396	-0.0122383128373	0.00400707009976	0.0061531793006	-0.000509633604268	-0.000424788269302	-6.08749278766e-05	-5.62569626221e-05	3.96450188565e-06	-4.76659554317e-06	-1.61164811402e-06	9.29764545325e-07	-2.37296444765e-08	-5.11629249841e-07	-6.59792780846e-10	1.97339092648e-09	7.300094426e-10	7.2109660305e-11	1.3159005548e-10	-2.930512737e-11
Mock.2;Root;Agaricomycetes;Other;Other;Other;Other	-0.0809628384418	-0.0995098742992	0.0850353484789	-0.00647146402549	0.00543620814353	0.00651005316789	-0.0358884991659	-0.00337454507392	0.0266895822899	-0.017737720304	-0.0035542130026	-0.010275575979	-0.00618229974527	0.00374052689211	0.000251088971477	-0.000923196974971	0.000214108136426	-8.051148376e-05	-8.6184867796e-05	2.08845466517e-06	6.39271380865e-05	4.94687100866e-05	6.84610811093e-05	6.13923977084e-05	-6.5979278087e-10	1.97339092651e-09	7.30009442626e-10	7.21096603165e-11	1.31590055484e-10	-2.93051273725e-11
Mock.1;Root;Sordariomycetes;Hypocreales;Incertae_sedis;Stilbella;Stilbella_aciculosa	-0.1559690651	0.0472943200577	0.0964542767229	-0.0076882374827	-0.00651643686647	0.0784151721596	-0.0114588533814	-0.0493694621389	-0.0418362043113	0.0297521023273	0.00866037640717	-0.000315038594801	0.000170406341147	-0.00396171840007	-0.003558725843	-0.000418904505256	8.97897376056e-05	-4.28955918458e-05	-7.24981255666e-05	-4.07049261094e-05	0.000142224619386	0.00012769504714	0.000165504682067	0.000140533348281	-6.59792780899e-10	1.97339092656e-09	7.30009442658e-10	7.21096603262e-11	1.31590055498e-10	-2.93051273761e-11
Mock.2;Root;Sordariomycetes;Hypocreales;Nectriaceae;Fusarium;Fusarium_sp_GrS5	-0.140597247319	0.236516744251	-0.00307464789532	0.0831417070386	-0.0052858698061	-0.0350538290347	0.0147793265435	0.024855897423	-0.000641851690443	-0.0061255310213	0.00258858597517	0.00330960453572	-0.00151236295515	-0.00120577541837	-7.57630510385e-05	0.000136902517283	4.08650584267e-06	-9.51188109885e-06	1.3359598283e-06	-1.87851341184e-06	-1.25258981413e-07	3.68491365148e-07	-1.39124816809e-07	-1.85912944715e-07	-6.5979278084e-10	1.97339092648e-09	7.30009442601e-10	7.21096603063e-11	1.31590055476e-10	-2.93051273703e-11
Mock.3;Root;Incertae_sedis;Incertae_sedis;Incertae_sedis;Pulchromyces;Pulchromyces_fimicola	-0.159477616149	0.0813688256297	0.102642904077	0.0166607770174	-0.0246331861446	0.0781462901155	-0.0151907048086	-0.0605560190593	-0.0758880306346	0.0547618178437	-0.0130531954396	-0.0122383128373	0.00400707009976	0.0061531793006	-0.000509633604268	-0.000424788269302	-6.08749278766e-05	-5.62569626221e-05	3.96450188565e-06	-4.76659554317e-06	-1.61164811402e-06	9.29764545325e-07	-2.37296444765e-08	-5.11629249841e-07	-6.59792780846e-10	1.97339092648e-09	7.300094426e-10	7.2109660305e-11	1.3159005548e-10	-2.930512737e-11
Mock.3;Root;Eurotiomycetes;Eurotiales;Trichocomaceae;Penicillium;Penicillium_sp_274	-0.155955383051	0.0472776001452	0.0964456752527	-0.00769360172464	-0.0065236281377	0.0784264444458	-0.0114480401373	-0.0493616620064	-0.0418389902181	0.0297164658754	0.00865510112368	-0.000291726123096	0.000177254472761	-0.00392854182891	-0.00357764723592	-0.00042372011031	7.17953178789e-06	5.04394088388e-05	1.38436501254e-05	1.99709821288e-06	-1.3332796068e-07	-2.28990497281e-07	7.5413116585e-07	2.02132604273e-07	-6.59792780847e-10	1.97339092648e-09	7.30009442601e-10	7.2109660306e-11	1.31590055478e-10	-2.93051273699e-11
Mock.3;Root;Sordariomycetes;Hypocreales;Nectriaceae;Fusarium;Fusarium_sp_GrS5	-0.140597247319	0.236516744251	-0.00307464789532	0.0831417070386	-0.0052858698061	-0.0350538290347	0.0147793265435	0.024855897423	-0.000641851690443	-0.0061255310213	0.00258858597517	0.00330960453572	-0.00151236295515	-0.00120577541837	-7.57630510385e-05	0.000136902517283	4.08650584267e-06	-9.51188109885e-06	1.3359598283e-06	-1.87851341184e-06	-1.25258981413e-07	3.68491365148e-07	-1.39124816809e-07	-1.85912944715e-07	-6.5979278084e-10	1.97339092648e-09	7.30009442601e-10	7.21096603063e-11	1.31590055476e-10	-2.93051273703e-11
Mock.3;Root;Sordariomycetes;Hypocreales;Nectriaceae;Gibberella;Fusarium_equiseti	-0.145999581173	0.0173855806247	-0.0519248248823	-0.20772212909	0.222337231497	0.0391190889841	0.0882927511309	0.0657467841936	0.00285872986504	0.0261221296853	-0.00188252612147	-0.0124418346311	0.00624037203652	0.0220471596442	0.00589380375414	0.000791500311892	-0.000119503875789	-0.000170213697949	-4.55414782642e-05	-4.43414527701e-06	2.65168536316e-07	2.32131761233e-07	-2.04264213421e-06	-4.31293589818e-07	-6.59792780846e-10	1.97339092648e-09	7.30009442602e-10	7.21096603076e-11	1.31590055476e-10	-2.93051273698e-11
Mock.1;Root;Eurotiomycetes;Eurotiales;Trichocomaceae;Penicillium;Penicillium_sp_274	-0.155250936431	0.0404593550483	0.0952062294879	-0.012564477473	-0.00290171653633	0.0784824753118	-0.010699507203	-0.0471227905959	-0.0350291821348	0.0247073954817	0.0129967604363	0.00209759121974	-0.000588708652638	-0.00594488605481	-0.00419124996225	-0.000423506478511	2.07904237208e-05	7.17786831309e-05	1.58194797734e-05	3.34983696409e-06	1.62336069987e-07	-4.60741505802e-07	9.09703327915e-07	3.44884975096e-07	-6.59792780847e-10	1.97339092648e-09	7.30009442601e-10	7.21096603062e-11	1.31590055478e-10	-2.93051273699e-11
Mock.2;Root;Eurotiomycetes;Eurotiales;Trichocomaceae;Aspergillus;Other	-0.016150703958	-0.204289533893	-0.0262374003599	-0.0568635456498	-0.0345359621742	-0.0696133391405	0.049650636588	-0.0206027713513	-0.0160140054084	0.0152397591281	0.00953761653443	-0.0165004221878	-0.0220626462871	-0.00849341681665	-0.00238527204581	0.00671070014633	-0.00162111766578	0.000206176028937	0.000486291674215	-0.000528456039141	-0.000157394454133	0.000120023688359	2.8086774319e-05	-3.55033681071e-05	-6.59792780833e-10	1.97339092646e-09	7.30009442594e-10	7.21096603042e-11	1.31590055476e-10	-2.93051273691e-11
Mock.1;Root;Tremellomycetes;Tremellales;Tremellaceae;Bullera;Other	-0.148869870705	-0.0209550105617	0.0840254131937	-0.0564184519347	0.0296739140625	0.0790205699648	-0.0039302710623	-0.0269495475031	0.026250732895	-0.0204811474172	0.0520558683999	0.0236713847205	-0.00746183238642	-0.0239924543745	-0.00977043867803	-0.000436030607487	-0.000104542166336	0.000543837153815	0.000292627273681	0.000143630558692	-0.000424250529694	-0.000386318613495	-0.000491941799918	-0.000419363990717	-6.59792780693e-10	1.97339092623e-09	7.30009442428e-10	7.21096602471e-11	1.31590055417e-10	-2.93051273512e-11
Mock.2;Root;Sordariomycetes;Hypocreales;Incertae_sedis;Stilbella;Stilbella_aciculosa	-0.1559690651	0.0472943200577	0.0964542767229	-0.0076882374827	-0.00651643686647	0.0784151721596	-0.0114588533814	-0.0493694621389	-0.0418362043113	0.0297521023273	0.00866037640717	-0.000315038594801	0.000170406341147	-0.00396171840007	-0.003558725843	-0.000418904505256	8.97897376056e-05	-4.28955918458e-05	-7.24981255666e-05	-4.07049261094e-05	0.000142224619386	0.00012769504714	0.000165504682067	0.000140533348281	-6.59792780899e-10	1.97339092656e-09	7.30009442658e-10	7.21096603262e-11	1.31590055498e-10	-2.93051273761e-11
Mock.2;Root;Saccharomycetes;Saccharomycetales;Incertae_sedis;Candida;Other	-0.0838815803871	-0.0972620587675	0.0696653920346	-0.019765511293	0.000818911925016	0.00936718312002	-0.0228887262399	-0.0122695736307	0.0188656556014	-0.0181625801563	0.0122134105125	-0.00198608492772	-0.00461456226827	0.00116570929186	0.00210045786207	0.000189583354513	0.000381686706968	-3.75145729481e-05	-0.000419753094815	0.000249760306582	-1.55611415478e-05	-5.53482322791e-05	8.02359281085e-08	1.91120486754e-05	-6.59792780849e-10	1.97339092648e-09	7.30009442607e-10	7.21096603095e-11	1.31590055476e-10	-2.93051273701e-11
Mock.2;Root;Tremellomycetes;Tremellales;Tremellaceae;Bullera;Bullera_sakaeratica	-0.156846202862	0.0558129464507	0.0980014335614	-0.00160098385769	-0.011045624186	0.0783479516486	-0.0123918162382	-0.052166101369	-0.0503491608921	0.0360045312064	0.00323198344549	-0.00329585715542	0.0011295722808	-0.00143299397491	-0.00279645278332	-0.000420375446267	5.21235712352e-05	-4.62359345399e-05	-5.33824687036e-05	-3.17203434679e-05	0.000106265552511	9.60037264916e-05	0.000124122579139	0.000105272103898	-6.59792780886e-10	1.97339092654e-09	7.30009442644e-10	7.21096603209e-11	1.31590055493e-10	-2.93051273746e-11
Mock.3;Root;Microsporea;Microsporida;Incertae_sedis;Microsporidium;Microsporidium_sp_JES2002G	-0.159477616149	0.0813688256297	0.102642904077	0.0166607770174	-0.0246331861446	0.0781462901155	-0.0151907048086	-0.0605560190593	-0.0758880306346	0.0547618178437	-0.0130531954396	-0.0122383128373	0.00400707009976	0.0061531793006	-0.000509633604268	-0.000424788269302	-6.08749278766e-05	-5.62569626221e-05	3.96450188565e-06	-4.76659554317e-06	-1.61164811402e-06	9.29764545325e-07	-2.37296444765e-08	-5.11629249841e-07	-6.59792780846e-10	1.97339092648e-09	7.300094426e-10	7.2109660305e-11	1.3159005548e-10	-2.930512737e-11
Mock.3;Root;Microbotryomycetes;Sporidiobolales;Incertae_sedis;Sporobolomyces;Sporobolomyces_lophatheri	-0.159477616149	0.0813688256297	0.102642904077	0.0166607770174	-0.0246331861446	0.0781462901155	-0.0151907048086	-0.0605560190593	-0.0758880306346	0.0547618178437	-0.0130531954396	-0.0122383128373	0.00400707009976	0.0061531793006	-0.000509633604268	-0.000424788269302	-6.08749278766e-05	-5.62569626221e-05	3.96450188565e-06	-4.76659554317e-06	-1.61164811402e-06	9.29764545325e-07	-2.37296444765e-08	-5.11629249841e-07	-6.59792780846e-10	1.97339092648e-09	7.300094426e-10	7.2109660305e-11	1.3159005548e-10	-2.930512737e-11
Mock.1;Root;Sordariomycetes;Hypocreales;Nectriaceae;Gibberella;Fusarium_equiseti	-0.145999581173	0.0173855806247	-0.0519248248823	-0.20772212909	0.222337231497	0.0391190889841	0.0882927511309	0.0657467841936	0.00285872986504	0.0261221296853	-0.00188252612147	-0.0124418346311	0.00624037203652	0.0220471596442	0.00589380375414	0.000791500311892	-0.000119503875789	-0.000170213697949	-4.55414782642e-05	-4.43414527701e-06	2.65168536316e-07	2.32131761233e-07	-2.04264213421e-06	-4.31293589818e-07	-6.59792780846e-10	1.97339092648e-09	7.30009442602e-10	7.21096603076e-11	1.31590055476e-10	-2.93051273698e-11
Mock.2;Root;Sordariomycetes;Hypocreales;Nectriaceae;Gibberella;Fusarium_equiseti	-0.145999581173	0.0173855806247	-0.0519248248823	-0.20772212909	0.222337231497	0.0391190889841	0.0882927511309	0.0657467841936	0.00285872986504	0.0261221296853	-0.00188252612147	-0.0124418346311	0.00624037203652	0.0220471596442	0.00589380375414	0.000791500311892	-0.000119503875789	-0.000170213697949	-4.55414782642e-05	-4.43414527701e-06	2.65168536316e-07	2.32131761233e-07	-2.04264213421e-06	-4.31293589818e-07	-6.59792780846e-10	1.97339092648e-09	7.30009442602e-10	7.21096603076e-11	1.31590055476e-10	-2.93051273698e-11
Mock.1;Root;Incertae_sedis;Incertae_sedis;Incertae_sedis;Pulchromyces;Pulchromyces_fimicola	-0.159477616149	0.0813688256297	0.102642904077	0.0166607770174	-0.0246331861446	0.0781462901155	-0.0151907048086	-0.0605560190593	-0.0758880306346	0.0547618178437	-0.0130531954396	-0.0122383128373	0.00400707009976	0.0061531793006	-0.000509633604268	-0.000424788269302	-6.08749278766e-05	-5.62569626221e-05	3.96450188565e-06	-4.76659554317e-06	-1.61164811402e-06	9.29764545325e-07	-2.37296444765e-08	-5.11629249841e-07	-6.59792780846e-10	1.97339092648e-09	7.300094426e-10	7.2109660305e-11	1.3159005548e-10	-2.930512737e-11
Mock.2;Root;Eurotiomycetes;Eurotiales;Trichocomaceae;Penicillium;Penicillium_sp_MU_2009_1	-0.140597247319	0.236516744251	-0.00307464789532	0.0831417070386	-0.0052858698061	-0.0350538290347	0.0147793265435	0.024855897423	-0.000641851690443	-0.0061255310213	0.00258858597517	0.00330960453572	-0.00151236295515	-0.00120577541837	-7.57630510385e-05	0.000136902517283	4.08650584267e-06	-9.51188109885e-06	1.3359598283e-06	-1.87851341184e-06	-1.25258981413e-07	3.68491365148e-07	-1.39124816809e-07	-1.85912944715e-07	-6.5979278084e-10	1.97339092648e-09	7.30009442601e-10	7.21096603063e-11	1.31590055476e-10	-2.93051273703e-11
Mock.2;Root;Incertae_sedis;Incertae_sedis;Incertae_sedis;Pulchromyces;Pulchromyces_fimicola	-0.159477616149	0.0813688256297	0.102642904077	0.0166607770174	-0.0246331861446	0.0781462901155	-0.0151907048086	-0.0605560190593	-0.0758880306346	0.0547618178437	-0.0130531954396	-0.0122383128373	0.00400707009976	0.0061531793006	-0.000509633604268	-0.000424788269302	-6.08749278766e-05	-5.62569626221e-05	3.96450188565e-06	-4.76659554317e-06	-1.61164811402e-06	9.29764545325e-07	-2.37296444765e-08	-5.11629249841e-07	-6.59792780846e-10	1.97339092648e-09	7.300094426e-10	7.2109660305e-11	1.3159005548e-10	-2.930512737e-11
Mock.3;Root;Tremellomycetes;Tremellales;Tremellaceae;Bullera;Other	-0.148869870705	-0.0209550105617	0.0840254131937	-0.0564184519347	0.0296739140625	0.0790205699648	-0.0039302710623	-0.0269495475031	0.026250732895	-0.0204811474172	0.0520558683999	0.0236713847205	-0.00746183238642	-0.0239924543745	-0.00977043867803	-0.000436030607487	-0.000104542166336	0.000543837153815	0.000292627273681	0.000143630558692	-0.000424250529694	-0.000386318613495	-0.000491941799918	-0.000419363990717	-6.59792780693e-10	1.97339092623e-09	7.30009442428e-10	7.21096602471e-11	1.31590055417e-10	-2.93051273512e-11
Mock.3;Root;Incertae_sedis;Entomophthorales;Entomophthoraceae;Pandora;Pandora_neoaphidis	-0.1559690651	0.0472943200577	0.0964542767229	-0.0076882374827	-0.00651643686647	0.0784151721596	-0.0114588533814	-0.0493694621389	-0.0418362043113	0.0297521023273	0.00866037640717	-0.000315038594801	0.000170406341147	-0.00396171840007	-0.003558725843	-0.000418904505256	8.97897376056e-05	-4.28955918458e-05	-7.24981255666e-05	-4.07049261094e-05	0.000142224619386	0.00012769504714	0.000165504682067	0.000140533348281	-6.59792780899e-10	1.97339092656e-09	7.30009442658e-10	7.21096603262e-11	1.31590055498e-10	-2.93051273761e-11
Mock.3;Root;Sordariomycetes;Hypocreales;Incertae_sedis;Stilbella;Stilbella_aciculosa	-0.1559690651	0.0472943200577	0.0964542767229	-0.0076882374827	-0.00651643686647	0.0784151721596	-0.0114588533814	-0.0493694621389	-0.0418362043113	0.0297521023273	0.00866037640717	-0.000315038594801	0.000170406341147	-0.00396171840007	-0.003558725843	-0.000418904505256	8.97897376056e-05	-4.28955918458e-05	-7.24981255666e-05	-4.07049261094e-05	0.000142224619386	0.00012769504714	0.000165504682067	0.000140533348281	-6.59792780899e-10	1.97339092656e-09	7.30009442658e-10	7.21096603262e-11	1.31590055498e-10	-2.93051273761e-11
Mock.1;Root;Microbotryomycetes;Sporidiobolales;Incertae_sedis;Sporobolomyces;Sporobolomyces_diospyroris	-0.159477616149	0.0813688256297	0.102642904077	0.0166607770174	-0.0246331861446	0.0781462901155	-0.0151907048086	-0.0605560190593	-0.0758880306346	0.0547618178437	-0.0130531954396	-0.0122383128373	0.00400707009976	0.0061531793006	-0.000509633604268	-0.000424788269302	-6.08749278766e-05	-5.62569626221e-05	3.96450188565e-06	-4.76659554317e-06	-1.61164811402e-06	9.29764545325e-07	-2.37296444765e-08	-5.11629249841e-07	-6.59792780846e-10	1.97339092648e-09	7.300094426e-10	7.2109660305e-11	1.3159005548e-10	-2.930512737e-11
Mock.1;Root;Eurotiomycetes;Verrucariales;Verrucariaceae;Verrucaria;Verrucaria_madida	-0.159477616149	0.0813688256297	0.102642904077	0.0166607770174	-0.0246331861446	0.0781462901155	-0.0151907048086	-0.0605560190593	-0.0758880306346	0.0547618178437	-0.0130531954396	-0.0122383128373	0.00400707009976	0.0061531793006	-0.000509633604268	-0.000424788269302	-6.08749278766e-05	-5.62569626221e-05	3.96450188565e-06	-4.76659554317e-06	-1.61164811402e-06	9.29764545325e-07	-2.37296444765e-08	-5.11629249841e-07	-6.59792780846e-10	1.97339092648e-09	7.300094426e-10	7.2109660305e-11	1.3159005548e-10	-2.930512737e-11
Mock.1;Root;Agaricomycetes;Agaricales;Entolomataceae;Entoloma;Entoloma_lividocyanulum	-0.159477616149	0.0813688256297	0.102642904077	0.0166607770174	-0.0246331861446	0.0781462901155	-0.0151907048086	-0.0605560190593	-0.0758880306346	0.0547618178437	-0.0130531954396	-0.0122383128373	0.00400707009976	0.0061531793006	-0.000509633604268	-0.000424788269302	-6.08749278766e-05	-5.62569626221e-05	3.96450188565e-06	-4.76659554317e-06	-1.61164811402e-06	9.29764545325e-07	-2.37296444765e-08	-5.11629249841e-07	-6.59792780846e-10	1.97339092648e-09	7.300094426e-10	7.2109660305e-11	1.3159005548e-10	-2.930512737e-11
Mock.1;Root;Agaricomycetes;Agaricales;Other;Other;Other	-0.148910916854	-0.020904850824	0.0840512176042	-0.0564023592088	0.0296954878761	0.0789867531063	-0.00396271079461	-0.0269729479006	0.0262590906151	-0.0203742380613	0.0520716942503	0.0236014473053	-0.00748237678125	-0.0240919840879	-0.00971367449924	-0.000421583792325	0.000143288451117	0.000263832151761	3.3601946605e-05	1.5524485725e-05	2.823312346e-06	-2.5465005825e-06	2.3098527865e-06	1.6296563125e-06	-6.59792780849e-10	1.97339092647e-09	7.30009442601e-10	7.21096603079e-11	1.31590055475e-10	-2.93051273698e-11
Mock.1;Root;Sordariomycetes;Hypocreales;Incertae_sedis;Other;Other	-0.148869870705	-0.0209550105617	0.0840254131937	-0.0564184519347	0.0296739140625	0.0790205699648	-0.0039302710623	-0.0269495475031	0.026250732895	-0.0204811474172	0.0520558683999	0.0236713847205	-0.00746183238642	-0.0239924543745	-0.00977043867803	-0.000436030607487	-0.000104542166336	0.000543837153815	0.000292627273681	0.000143630558692	-0.000424250529694	-0.000386318613495	-0.000491941799918	-0.000419363990717	-6.59792780693e-10	1.97339092623e-09	7.30009442428e-10	7.21096602471e-11	1.31590055417e-10	-2.93051273512e-11
Mock.2;Root;Sordariomycetes;Hypocreales;Nectriaceae;Nectria;Nectria_rubropeziza	-0.145999581173	0.0173855806247	-0.0519248248823	-0.20772212909	0.222337231497	0.0391190889841	0.0882927511309	0.0657467841936	0.00285872986504	0.0261221296853	-0.00188252612147	-0.0124418346311	0.00624037203652	0.0220471596442	0.00589380375414	0.000791500311892	-0.000119503875789	-0.000170213697949	-4.55414782642e-05	-4.43414527701e-06	2.65168536316e-07	2.32131761233e-07	-2.04264213421e-06	-4.31293589818e-07	-6.59792780846e-10	1.97339092648e-09	7.30009442602e-10	7.21096603076e-11	1.31590055476e-10	-2.93051273698e-11
Mock.2;Root;Sordariomycetes;Chaetosphaeriales;Chaetosphaeriaceae;Chaetosphaeria;Chaetosphaeria_lentomita	-0.159477616149	0.0813688256297	0.102642904077	0.0166607770174	-0.0246331861446	0.0781462901155	-0.0151907048086	-0.0605560190593	-0.0758880306346	0.0547618178437	-0.0130531954396	-0.0122383128373	0.00400707009976	0.0061531793006	-0.000509633604268	-0.000424788269302	-6.08749278766e-05	-5.62569626221e-05	3.96450188565e-06	-4.76659554317e-06	-1.61164811402e-06	9.29764545325e-07	-2.37296444765e-08	-5.11629249841e-07	-6.59792780846e-10	1.97339092648e-09	7.300094426e-10	7.2109660305e-11	1.3159005548e-10	-2.930512737e-11
Mock.2;Root;Agaricomycetes;Polyporales;Sistotremataceae;Trechispora;Trechispora_incisa	-0.159477616149	0.0813688256297	0.102642904077	0.0166607770174	-0.0246331861446	0.0781462901155	-0.0151907048086	-0.0605560190593	-0.0758880306346	0.0547618178437	-0.0130531954396	-0.0122383128373	0.00400707009976	0.0061531793006	-0.000509633604268	-0.000424788269302	-6.08749278766e-05	-5.62569626221e-05	3.96450188565e-06	-4.76659554317e-06	-1.61164811402e-06	9.29764545325e-07	-2.37296444765e-08	-5.11629249841e-07	-6.59792780846e-10	1.97339092648e-09	7.300094426e-10	7.2109660305e-11	1.3159005548e-10	-2.930512737e-11
Mock.2;Root;Eurotiomycetes;Eurotiales;Trichocomaceae;Penicillium;Penicillium_sp_274	-0.154194266502	0.0302319874029	0.0933470608406	-0.0198707910957	0.00253115086577	0.0785665216109	-0.00957670780161	-0.04376448348	-0.0248144700098	0.0171937898912	0.0195092494053	0.00568156723402	-0.00173765334074	-0.00896940239367	-0.00511165405175	-0.000423186030814	4.12067616202e-05	0.000103787594569	1.87832242453e-05	5.37894509091e-06	6.05832115992e-07	-8.08368018586e-07	1.14306157101e-06	5.59013531331e-07	-6.59792780848e-10	1.97339092648e-09	7.30009442601e-10	7.21096603065e-11	1.31590055478e-10	-2.93051273699e-11
Mock.3;Root;Pezizomycetes;Pezizales;Morchellaceae;Morchella;Morchella_frustrata	-0.159477616149	0.0813688256297	0.102642904077	0.0166607770174	-0.0246331861446	0.0781462901155	-0.0151907048086	-0.0605560190593	-0.0758880306346	0.0547618178437	-0.0130531954396	-0.0122383128373	0.00400707009976	0.0061531793006	-0.000509633604268	-0.000424788269302	-6.08749278766e-05	-5.62569626221e-05	3.96450188565e-06	-4.76659554317e-06	-1.61164811402e-06	9.29764545325e-07	-2.37296444765e-08	-5.11629249841e-07	-6.59792780846e-10	1.97339092648e-09	7.300094426e-10	7.2109660305e-11	1.3159005548e-10	-2.930512737e-11
Mock.3;Root;Saccharomycetes;Saccharomycetales;Incertae_sedis;Candida;Candida_famata	-0.159477616149	0.0813688256297	0.102642904077	0.0166607770174	-0.0246331861446	0.0781462901155	-0.0151907048086	-0.0605560190593	-0.0758880306346	0.0547618178437	-0.0130531954396	-0.0122383128373	0.00400707009976	0.0061531793006	-0.000509633604268	-0.000424788269302	-6.08749278766e-05	-5.62569626221e-05	3.96450188565e-06	-4.76659554317e-06	-1.61164811402e-06	9.29764545325e-07	-2.37296444765e-08	-5.11629249841e-07	-6.59792780846e-10	1.97339092648e-09	7.300094426e-10	7.2109660305e-11	1.3159005548e-10	-2.930512737e-11
Mock.3;Root;Exobasidiomycetes;Microstromatales;Incertae_sedis;Jaminaea;Jaminaea_angkoriensis	-0.159477616149	0.0813688256297	0.102642904077	0.0166607770174	-0.0246331861446	0.0781462901155	-0.0151907048086	-0.0605560190593	-0.0758880306346	0.0547618178437	-0.0130531954396	-0.0122383128373	0.00400707009976	0.0061531793006	-0.000509633604268	-0.000424788269302	-6.08749278766e-05	-5.62569626221e-05	3.96450188565e-06	-4.76659554317e-06	-1.61164811402e-06	9.29764545325e-07	-2.37296444765e-08	-5.11629249841e-07	-6.59792780846e-10	1.97339092648e-09	7.300094426e-10	7.2109660305e-11	1.3159005548e-10	-2.930512737e-11
Mock.3;Root;Eurotiomycetes;Verrucariales;Verrucariaceae;Parabagliettoa;Parabagliettoa_dufourii	-0.159477616149	0.0813688256297	0.102642904077	0.0166607770174	-0.0246331861446	0.0781462901155	-0.0151907048086	-0.0605560190593	-0.0758880306346	0.0547618178437	-0.0130531954396	-0.0122383128373	0.00400707009976	0.0061531793006	-0.000509633604268	-0.000424788269302	-6.08749278766e-05	-5.62569626221e-05	3.96450188565e-06	-4.76659554317e-06	-1.61164811402e-06	9.29764545325e-07	-2.37296444765e-08	-5.11629249841e-07	-6.59792780846e-10	1.97339092648e-09	7.300094426e-10	7.2109660305e-11	1.3159005548e-10	-2.930512737e-11
Mock.3;Root;Glomeromycetes;Diversisporales;Gigasporaceae;Gigaspora;Gigaspora_sp_W2992	-0.159477616149	0.0813688256297	0.102642904077	0.0166607770174	-0.0246331861446	0.0781462901155	-0.0151907048086	-0.0605560190593	-0.0758880306346	0.0547618178437	-0.0130531954396	-0.0122383128373	0.00400707009976	0.0061531793006	-0.000509633604268	-0.000424788269302	-6.08749278766e-05	-5.62569626221e-05	3.96450188565e-06	-4.76659554317e-06	-1.61164811402e-06	9.29764545325e-07	-2.37296444765e-08	-5.11629249841e-07	-6.59792780846e-10	1.97339092648e-09	7.300094426e-10	7.2109660305e-11	1.3159005548e-10	-2.930512737e-11
Mock.3;Root;Microbotryomycetes;Sporidiobolales;Incertae_sedis;Sporobolomyces;Sporobolomyces_diospyroris	-0.159477616149	0.0813688256297	0.102642904077	0.0166607770174	-0.0246331861446	0.0781462901155	-0.0151907048086	-0.0605560190593	-0.0758880306346	0.0547618178437	-0.0130531954396	-0.0122383128373	0.00400707009976	0.0061531793006	-0.000509633604268	-0.000424788269302	-6.08749278766e-05	-5.62569626221e-05	3.96450188565e-06	-4.76659554317e-06	-1.61164811402e-06	9.29764545325e-07	-2.37296444765e-08	-5.11629249841e-07	-6.59792780846e-10	1.97339092648e-09	7.300094426e-10	7.2109660305e-11	1.3159005548e-10	-2.930512737e-11
Mock.3;Root;Dothideomycetes;Hysteriales;Hysteriaceae;Hysterographium;Hysterographium_pulchrum	-0.159477616149	0.0813688256297	0.102642904077	0.0166607770174	-0.0246331861446	0.0781462901155	-0.0151907048086	-0.0605560190593	-0.0758880306346	0.0547618178437	-0.0130531954396	-0.0122383128373	0.00400707009976	0.0061531793006	-0.000509633604268	-0.000424788269302	-6.08749278766e-05	-5.62569626221e-05	3.96450188565e-06	-4.76659554317e-06	-1.61164811402e-06	9.29764545325e-07	-2.37296444765e-08	-5.11629249841e-07	-6.59792780846e-10	1.97339092648e-09	7.300094426e-10	7.2109660305e-11	1.3159005548e-10	-2.930512737e-11
Mock.3;Root;Dothideomycetes;Other;Other;Other;Other	-0.148910916854	-0.020904850824	0.0840512176042	-0.0564023592088	0.0296954878762	0.0789867531064	-0.00396271079461	-0.0269729479007	0.0262590906151	-0.0203742380613	0.0520716942503	0.0236014473053	-0.00748237678125	-0.024091984088	-0.00971367449924	-0.000421583792325	0.000143288451117	0.000263832151761	3.3601946605e-05	1.5524485725e-05	2.823312346e-06	-2.5465005825e-06	2.3098527865e-06	1.6296563125e-06	-6.59792780849e-10	1.97339092648e-09	7.30009442601e-10	7.21096603079e-11	1.31590055476e-10	-2.93051273698e-11
Mock.1;Root;Incertae_sedis;Entomophthorales;Entomophthoraceae;Pandora;Pandora_neoaphidis	-0.1559690651	0.0472943200577	0.0964542767229	-0.0076882374827	-0.00651643686647	0.0784151721596	-0.0114588533814	-0.0493694621389	-0.0418362043113	0.0297521023273	0.00866037640717	-0.000315038594801	0.000170406341147	-0.00396171840007	-0.003558725843	-0.000418904505256	8.97897376056e-05	-4.28955918458e-05	-7.24981255666e-05	-4.07049261094e-05	0.000142224619386	0.00012769504714	0.000165504682067	0.000140533348281	-6.59792780899e-10	1.97339092656e-09	7.30009442658e-10	7.21096603262e-11	1.31590055498e-10	-2.93051273761e-11
Mock.2;Root;Sordariomycetes;Hypocreales;Incertae_sedis;Other;Other	-0.148869870705	-0.0209550105617	0.0840254131937	-0.0564184519347	0.0296739140625	0.0790205699648	-0.0039302710623	-0.0269495475031	0.026250732895	-0.0204811474172	0.0520558683999	0.0236713847205	-0.00746183238642	-0.0239924543745	-0.00977043867803	-0.000436030607487	-0.000104542166336	0.000543837153815	0.000292627273681	0.000143630558692	-0.000424250529694	-0.000386318613495	-0.000491941799918	-0.000419363990717	-6.59792780693e-10	1.97339092623e-09	7.30009442428e-10	7.21096602471e-11	1.31590055417e-10	-2.93051273512e-11
Mock.1;Root;Sordariomycetes;Chaetosphaeriales;Chaetosphaeriaceae;Chaetosphaeria;Chaetosphaeria_lentomita	-0.159477616149	0.0813688256297	0.102642904077	0.0166607770174	-0.0246331861446	0.0781462901155	-0.0151907048086	-0.0605560190593	-0.0758880306346	0.0547618178437	-0.0130531954396	-0.0122383128373	0.00400707009976	0.0061531793006	-0.000509633604268	-0.000424788269302	-6.08749278766e-05	-5.62569626221e-05	3.96450188565e-06	-4.76659554317e-06	-1.61164811402e-06	9.29764545325e-07	-2.37296444765e-08	-5.11629249841e-07	-6.59792780846e-10	1.97339092648e-09	7.300094426e-10	7.2109660305e-11	1.3159005548e-10	-2.930512737e-11
Mock.1;Root;Dothideomycetes;Hysteriales;Hysteriaceae;Hysterographium;Hysterographium_pulchrum	-0.159477616149	0.0813688256297	0.102642904077	0.0166607770174	-0.0246331861446	0.0781462901155	-0.0151907048086	-0.0605560190593	-0.0758880306346	0.0547618178437	-0.0130531954396	-0.0122383128373	0.00400707009976	0.0061531793006	-0.000509633604268	-0.000424788269302	-6.08749278766e-05	-5.62569626221e-05	3.96450188565e-06	-4.76659554317e-06	-1.61164811402e-06	9.29764545325e-07	-2.37296444765e-08	-5.11629249841e-07	-6.59792780846e-10	1.97339092648e-09	7.300094426e-10	7.2109660305e-11	1.3159005548e-10	-2.930512737e-11
Mock.1;Root;Pezizomycetes;Pezizales;Morchellaceae;Morchella;Morchella_frustrata	-0.159477616149	0.0813688256297	0.102642904077	0.0166607770174	-0.0246331861446	0.0781462901155	-0.0151907048086	-0.0605560190593	-0.0758880306346	0.0547618178437	-0.0130531954396	-0.0122383128373	0.00400707009976	0.0061531793006	-0.000509633604268	-0.000424788269302	-6.08749278766e-05	-5.62569626221e-05	3.96450188565e-06	-4.76659554317e-06	-1.61164811402e-06	9.29764545325e-07	-2.37296444765e-08	-5.11629249841e-07	-6.59792780846e-10	1.97339092648e-09	7.300094426e-10	7.2109660305e-11	1.3159005548e-10	-2.930512737e-11
Mock.1;Root;Pucciniomycetes;Pucciniales;Pucciniastraceae;Pucciniastrum;Pucciniastrum_goeppertianum	-0.159477616149	0.0813688256297	0.102642904077	0.0166607770174	-0.0246331861446	0.0781462901155	-0.0151907048086	-0.0605560190593	-0.0758880306346	0.0547618178437	-0.0130531954396	-0.0122383128373	0.00400707009976	0.0061531793006	-0.000509633604268	-0.000424788269302	-6.08749278766e-05	-5.62569626221e-05	3.96450188565e-06	-4.76659554317e-06	-1.61164811402e-06	9.29764545325e-07	-2.37296444765e-08	-5.11629249841e-07	-6.59792780846e-10	1.97339092648e-09	7.300094426e-10	7.2109660305e-11	1.3159005548e-10	-2.930512737e-11
Mock.1;Root;Exobasidiomycetes;Microstromatales;Incertae_sedis;Jaminaea;Jaminaea_angkoriensis	-0.159477616149	0.0813688256297	0.102642904077	0.0166607770174	-0.0246331861446	0.0781462901155	-0.0151907048086	-0.0605560190593	-0.0758880306346	0.0547618178437	-0.0130531954396	-0.0122383128373	0.00400707009976	0.0061531793006	-0.000509633604268	-0.000424788269302	-6.08749278766e-05	-5.62569626221e-05	3.96450188565e-06	-4.76659554317e-06	-1.61164811402e-06	9.29764545325e-07	-2.37296444765e-08	-5.11629249841e-07	-6.59792780846e-10	1.97339092648e-09	7.300094426e-10	7.2109660305e-11	1.3159005548e-10	-2.930512737e-11
Mock.1;Root;Eurotiomycetes;Other;Other;Other;Other	-0.148951963003	-0.0208546910863	0.0840770220147	-0.0563862664829	0.0297170616898	0.0789529362479	-0.00399515052692	-0.0269963482982	0.0262674483352	-0.0202673287055	0.0520875201007	0.0235315098902	-0.00750292117608	-0.0241915138014	-0.00965691032045	-0.000407136977163	0.00039111906857	-1.61728502931e-05	-0.000225423380471	-0.000112581587242	0.000429897154386	0.00038122561233	0.000496561505491	0.000422623303342	-6.59792781005e-10	1.97339092672e-09	7.30009442774e-10	7.21096603687e-11	1.31590055534e-10	-2.93051273884e-11
Mock.1;Root;Dothideomycetes;Other;Other;Other;Other	-0.148910916854	-0.020904850824	0.0840512176042	-0.0564023592088	0.0296954878761	0.0789867531063	-0.00396271079461	-0.0269729479006	0.0262590906151	-0.0203742380613	0.0520716942503	0.0236014473053	-0.00748237678125	-0.0240919840879	-0.00971367449924	-0.000421583792325	0.000143288451117	0.000263832151761	3.3601946605e-05	1.5524485725e-05	2.823312346e-06	-2.5465005825e-06	2.3098527865e-06	1.6296563125e-06	-6.59792780849e-10	1.97339092647e-09	7.30009442601e-10	7.21096603079e-11	1.31590055475e-10	-2.93051273698e-11
Mock.1;Root;Pucciniomycetes;Pucciniales;Other;Other;Other	-0.148910916854	-0.020904850824	0.0840512176042	-0.0564023592088	0.0296954878761	0.0789867531063	-0.00396271079461	-0.0269729479006	0.0262590906151	-0.0203742380613	0.0520716942503	0.0236014473053	-0.00748237678125	-0.0240919840879	-0.00971367449924	-0.000421583792325	0.000143288451117	0.000263832151761	3.3601946605e-05	1.5524485725e-05	2.823312346e-06	-2.5465005825e-06	2.3098527865e-06	1.6296563125e-06	-6.59792780849e-10	1.97339092647e-09	7.30009442601e-10	7.21096603079e-11	1.31590055475e-10	-2.93051273698e-11
Mock.1;Root;Eurotiomycetes;Verrucariales;Verrucariaceae;Other;Other	-0.148869870705	-0.0209550105617	0.0840254131937	-0.0564184519347	0.0296739140625	0.0790205699648	-0.0039302710623	-0.0269495475031	0.026250732895	-0.0204811474172	0.0520558683999	0.0236713847205	-0.00746183238642	-0.0239924543745	-0.00977043867803	-0.000436030607487	-0.000104542166336	0.000543837153815	0.000292627273681	0.000143630558692	-0.000424250529694	-0.000386318613495	-0.000491941799918	-0.000419363990717	-6.59792780693e-10	1.97339092623e-09	7.30009442428e-10	7.21096602471e-11	1.31590055417e-10	-2.93051273512e-11
Mock.1;Root;Sordariomycetes;Hypocreales;Nectriaceae;Nectria;Nectria_rubropeziza	-0.145999581173	0.0173855806247	-0.0519248248823	-0.20772212909	0.222337231497	0.0391190889841	0.0882927511309	0.0657467841936	0.00285872986504	0.0261221296853	-0.00188252612147	-0.0124418346311	0.00624037203652	0.0220471596442	0.00589380375414	0.000791500311892	-0.000119503875789	-0.000170213697949	-4.55414782642e-05	-4.43414527701e-06	2.65168536316e-07	2.32131761233e-07	-2.04264213421e-06	-4.31293589818e-07	-6.59792780846e-10	1.97339092648e-09	7.30009442602e-10	7.21096603076e-11	1.31590055476e-10	-2.93051273698e-11
Mock.2;Root;Pezizomycetes;Pezizales;Morchellaceae;Morchella;Morchella_frustrata	-0.159477616149	0.0813688256297	0.102642904077	0.0166607770174	-0.0246331861446	0.0781462901155	-0.0151907048086	-0.0605560190593	-0.0758880306346	0.0547618178437	-0.0130531954396	-0.0122383128373	0.00400707009976	0.0061531793006	-0.000509633604268	-0.000424788269302	-6.08749278766e-05	-5.62569626221e-05	3.96450188565e-06	-4.76659554317e-06	-1.61164811402e-06	9.29764545325e-07	-2.37296444765e-08	-5.11629249841e-07	-6.59792780846e-10	1.97339092648e-09	7.300094426e-10	7.2109660305e-11	1.3159005548e-10	-2.930512737e-11
Mock.2;Root;Glomeromycetes;Diversisporales;Gigasporaceae;Gigaspora;Gigaspora_sp_W2992	-0.159477616149	0.0813688256297	0.102642904077	0.0166607770174	-0.0246331861446	0.0781462901155	-0.0151907048086	-0.0605560190593	-0.0758880306346	0.0547618178437	-0.0130531954396	-0.0122383128373	0.00400707009976	0.0061531793006	-0.000509633604268	-0.000424788269302	-6.08749278766e-05	-5.62569626221e-05	3.96450188565e-06	-4.76659554317e-06	-1.61164811402e-06	9.29764545325e-07	-2.37296444765e-08	-5.11629249841e-07	-6.59792780846e-10	1.97339092648e-09	7.300094426e-10	7.2109660305e-11	1.3159005548e-10	-2.930512737e-11
Mock.2;Root;Pucciniomycetes;Pucciniales;Pucciniastraceae;Pucciniastrum;Pucciniastrum_goeppertianum	-0.159477616149	0.0813688256297	0.102642904077	0.0166607770174	-0.0246331861446	0.0781462901155	-0.0151907048086	-0.0605560190593	-0.0758880306346	0.0547618178437	-0.0130531954396	-0.0122383128373	0.00400707009976	0.0061531793006	-0.000509633604268	-0.000424788269302	-6.08749278766e-05	-5.62569626221e-05	3.96450188565e-06	-4.76659554317e-06	-1.61164811402e-06	9.29764545325e-07	-2.37296444765e-08	-5.11629249841e-07	-6.59792780846e-10	1.97339092648e-09	7.300094426e-10	7.2109660305e-11	1.3159005548e-10	-2.930512737e-11
Mock.2;Root;Microbotryomycetes;Sporidiobolales;Incertae_sedis;Sporobolomyces;Sporobolomyces_diospyroris	-0.159477616149	0.0813688256297	0.102642904077	0.0166607770174	-0.0246331861446	0.0781462901155	-0.0151907048086	-0.0605560190593	-0.0758880306346	0.0547618178437	-0.0130531954396	-0.0122383128373	0.00400707009976	0.0061531793006	-0.000509633604268	-0.000424788269302	-6.08749278766e-05	-5.62569626221e-05	3.96450188565e-06	-4.76659554317e-06	-1.61164811402e-06	9.29764545325e-07	-2.37296444765e-08	-5.11629249841e-07	-6.59792780846e-10	1.97339092648e-09	7.300094426e-10	7.2109660305e-11	1.3159005548e-10	-2.930512737e-11
Mock.2;Root;Saccharomycetes;Saccharomycetales;Incertae_sedis;Candida;Candida_famata	-0.159477616149	0.0813688256297	0.102642904077	0.0166607770174	-0.0246331861446	0.0781462901155	-0.0151907048086	-0.0605560190593	-0.0758880306346	0.0547618178437	-0.0130531954396	-0.0122383128373	0.00400707009976	0.0061531793006	-0.000509633604268	-0.000424788269302	-6.08749278766e-05	-5.62569626221e-05	3.96450188565e-06	-4.76659554317e-06	-1.61164811402e-06	9.29764545325e-07	-2.37296444765e-08	-5.11629249841e-07	-6.59792780846e-10	1.97339092648e-09	7.300094426e-10	7.2109660305e-11	1.3159005548e-10	-2.930512737e-11
Mock.2;Root;Eurotiomycetes;Verrucariales;Verrucariaceae;Verrucaria;Verrucaria_madida	-0.159477616149	0.0813688256297	0.102642904077	0.0166607770174	-0.0246331861446	0.0781462901155	-0.0151907048086	-0.0605560190593	-0.0758880306346	0.0547618178437	-0.0130531954396	-0.0122383128373	0.00400707009976	0.0061531793006	-0.000509633604268	-0.000424788269302	-6.08749278766e-05	-5.62569626221e-05	3.96450188565e-06	-4.76659554317e-06	-1.61164811402e-06	9.29764545325e-07	-2.37296444765e-08	-5.11629249841e-07	-6.59792780846e-10	1.97339092648e-09	7.300094426e-10	7.2109660305e-11	1.3159005548e-10	-2.930512737e-11
Mock.2;Root;Eurotiomycetes;Verrucariales;Verrucariaceae;Parabagliettoa;Parabagliettoa_dufourii	-0.159477616149	0.0813688256297	0.102642904077	0.0166607770174	-0.0246331861446	0.0781462901155	-0.0151907048086	-0.0605560190593	-0.0758880306346	0.0547618178437	-0.0130531954396	-0.0122383128373	0.00400707009976	0.0061531793006	-0.000509633604268	-0.000424788269302	-6.08749278766e-05	-5.62569626221e-05	3.96450188565e-06	-4.76659554317e-06	-1.61164811402e-06	9.29764545325e-07	-2.37296444765e-08	-5.11629249841e-07	-6.59792780846e-10	1.97339092648e-09	7.300094426e-10	7.2109660305e-11	1.3159005548e-10	-2.930512737e-11
Mock.2;Root;Sordariomycetes;Chaetosphaeriales;Chaetosphaeriaceae;Other;Other	-0.148951963003	-0.0208546910863	0.0840770220147	-0.0563862664829	0.0297170616898	0.0789529362479	-0.00399515052692	-0.0269963482982	0.0262674483352	-0.0202673287055	0.0520875201007	0.0235315098902	-0.00750292117608	-0.0241915138014	-0.00965691032045	-0.000407136977163	0.00039111906857	-1.61728502931e-05	-0.000225423380471	-0.000112581587242	0.000429897154386	0.00038122561233	0.000496561505491	0.000422623303342	-6.59792781005e-10	1.97339092672e-09	7.30009442774e-10	7.21096603687e-11	1.31590055534e-10	-2.93051273884e-11
Mock.2;Root;Eurotiomycetes;Verrucariales;Verrucariaceae;Other;Other	-0.148910916854	-0.020904850824	0.0840512176042	-0.0564023592088	0.0296954878761	0.0789867531064	-0.00396271079461	-0.0269729479007	0.0262590906151	-0.0203742380613	0.0520716942503	0.0236014473053	-0.00748237678125	-0.024091984088	-0.00971367449924	-0.000421583792325	0.000143288451117	0.000263832151761	3.3601946605e-05	1.5524485725e-05	2.823312346e-06	-2.5465005825e-06	2.3098527865e-06	1.6296563125e-06	-6.59792780849e-10	1.97339092648e-09	7.30009442601e-10	7.21096603079e-11	1.31590055476e-10	-2.93051273698e-11
Mock.2;Root;Eurotiomycetes;Other;Other;Other;Other	-0.148910916854	-0.020904850824	0.0840512176042	-0.0564023592088	0.0296954878761	0.0789867531064	-0.00396271079461	-0.0269729479007	0.0262590906151	-0.0203742380613	0.0520716942503	0.0236014473053	-0.00748237678125	-0.024091984088	-0.00971367449924	-0.000421583792325	0.000143288451117	0.000263832151761	3.3601946605e-05	1.5524485725e-05	2.823312346e-06	-2.5465005825e-06	2.3098527865e-06	1.6296563125e-06	-6.59792780849e-10	1.97339092648e-09	7.30009442601e-10	7.21096603079e-11	1.31590055476e-10	-2.93051273698e-11
Mock.2;Root;Pucciniomycetes;Pucciniales;Other;Other;Other	-0.148910916854	-0.020904850824	0.0840512176042	-0.0564023592088	0.0296954878761	0.0789867531064	-0.00396271079461	-0.0269729479007	0.0262590906151	-0.0203742380613	0.0520716942503	0.0236014473053	-0.00748237678125	-0.024091984088	-0.00971367449924	-0.000421583792325	0.000143288451117	0.000263832151761	3.3601946605e-05	1.5524485725e-05	2.823312346e-06	-2.5465005825e-06	2.3098527865e-06	1.6296563125e-06	-6.59792780849e-10	1.97339092648e-09	7.30009442601e-10	7.21096603079e-11	1.31590055476e-10	-2.93051273698e-11
Mock.2;Root;Tremellomycetes;Tremellales;Tremellaceae;Bullera;Other	-0.148869870705	-0.0209550105617	0.0840254131937	-0.0564184519347	0.0296739140625	0.0790205699648	-0.0039302710623	-0.0269495475031	0.026250732895	-0.0204811474172	0.0520558683999	0.0236713847205	-0.00746183238642	-0.0239924543745	-0.00977043867803	-0.000436030607487	-0.000104542166336	0.000543837153815	0.000292627273681	0.000143630558692	-0.000424250529694	-0.000386318613495	-0.000491941799918	-0.000419363990717	-6.59792780693e-10	1.97339092623e-09	7.30009442428e-10	7.21096602471e-11	1.31590055417e-10	-2.93051273512e-11
Mock.2;Root;Agaricomycetes;Polyporales;Other;Other;Other	-0.148869870705	-0.0209550105617	0.0840254131937	-0.0564184519347	0.0296739140625	0.0790205699648	-0.0039302710623	-0.0269495475031	0.026250732895	-0.0204811474172	0.0520558683999	0.0236713847205	-0.00746183238642	-0.0239924543745	-0.00977043867803	-0.000436030607487	-0.000104542166336	0.000543837153815	0.000292627273681	0.000143630558692	-0.000424250529694	-0.000386318613495	-0.000491941799918	-0.000419363990717	-6.59792780693e-10	1.97339092623e-09	7.30009442428e-10	7.21096602471e-11	1.31590055417e-10	-2.93051273512e-11
Mock.3;Root;Pezizomycetes;Pezizales;Morchellaceae;Morchella;Other	-0.148951963003	-0.0208546910863	0.0840770220147	-0.0563862664829	0.0297170616898	0.0789529362479	-0.00399515052692	-0.0269963482982	0.0262674483352	-0.0202673287055	0.0520875201007	0.0235315098902	-0.00750292117608	-0.0241915138014	-0.00965691032045	-0.000407136977163	0.00039111906857	-1.61728502931e-05	-0.000225423380471	-0.000112581587242	0.000429897154386	0.00038122561233	0.000496561505491	0.000422623303342	-6.59792781005e-10	1.97339092672e-09	7.30009442774e-10	7.21096603687e-11	1.31590055534e-10	-2.93051273884e-11
Mock.3;Root;Eurotiomycetes;Verrucariales;Verrucariaceae;Other;Other	-0.148951963003	-0.0208546910863	0.0840770220147	-0.0563862664829	0.0297170616898	0.0789529362479	-0.00399515052692	-0.0269963482982	0.0262674483352	-0.0202673287055	0.0520875201007	0.0235315098902	-0.00750292117608	-0.0241915138014	-0.00965691032045	-0.000407136977163	0.00039111906857	-1.61728502931e-05	-0.000225423380471	-0.000112581587242	0.000429897154386	0.00038122561233	0.000496561505491	0.000422623303342	-6.59792781005e-10	1.97339092672e-09	7.30009442774e-10	7.21096603687e-11	1.31590055534e-10	-2.93051273884e-11
Mock.3;Root;Incertae_sedis;Other;Other;Other;Other	-0.148869870705	-0.0209550105617	0.0840254131937	-0.0564184519347	0.0296739140625	0.0790205699648	-0.0039302710623	-0.0269495475031	0.026250732895	-0.0204811474172	0.0520558683999	0.0236713847205	-0.00746183238642	-0.0239924543745	-0.00977043867803	-0.000436030607487	-0.000104542166336	0.000543837153815	0.000292627273681	0.000143630558692	-0.000424250529694	-0.000386318613495	-0.000491941799918	-0.000419363990717	-6.59792780693e-10	1.97339092623e-09	7.30009442428e-10	7.21096602471e-11	1.31590055417e-10	-2.93051273512e-11
Mock.3;Root;Sordariomycetes;Hypocreales;Incertae_sedis;Other;Other	-0.148869870705	-0.0209550105617	0.0840254131937	-0.0564184519347	0.0296739140625	0.0790205699648	-0.0039302710623	-0.0269495475031	0.026250732895	-0.0204811474172	0.0520558683999	0.0236713847205	-0.00746183238642	-0.0239924543745	-0.00977043867803	-0.000436030607487	-0.000104542166336	0.000543837153815	0.000292627273681	0.000143630558692	-0.000424250529694	-0.000386318613495	-0.000491941799918	-0.000419363990717	-6.59792780693e-10	1.97339092623e-09	7.30009442428e-10	7.21096602471e-11	1.31590055417e-10	-2.93051273512e-11
Mock.3;Root;Eurotiomycetes;Other;Other;Other;Other	-0.148869870705	-0.0209550105617	0.0840254131937	-0.0564184519347	0.0296739140625	0.0790205699648	-0.0039302710623	-0.0269495475031	0.026250732895	-0.0204811474172	0.0520558683999	0.0236713847205	-0.00746183238642	-0.0239924543745	-0.00977043867803	-0.000436030607487	-0.000104542166336	0.000543837153815	0.000292627273681	0.000143630558692	-0.000424250529694	-0.000386318613495	-0.000491941799918	-0.000419363990717	-6.59792780693e-10	1.97339092623e-09	7.30009442428e-10	7.21096602471e-11	1.31590055417e-10	-2.93051273512e-11
Mock.3;Root;Tremellomycetes;Other;Other;Other;Other	-0.148869870705	-0.0209550105617	0.0840254131937	-0.0564184519347	0.0296739140625	0.0790205699648	-0.0039302710623	-0.0269495475031	0.026250732895	-0.0204811474172	0.0520558683999	0.0236713847205	-0.00746183238642	-0.0239924543745	-0.00977043867803	-0.000436030607487	-0.000104542166336	0.000543837153815	0.000292627273681	0.000143630558692	-0.000424250529694	-0.000386318613495	-0.000491941799918	-0.000419363990717	-6.59792780693e-10	1.97339092623e-09	7.30009442428e-10	7.21096602471e-11	1.31590055417e-10	-2.93051273512e-11
Mock.3;Root;Saccharomycetes;Saccharomycetales;Incertae_sedis;Other;Other	-0.0241987472904	-0.195764956135	-0.00849692543841	-0.0497917293237	-0.0246230201539	-0.0620390887421	0.039531411987	-0.0019221013983	-0.00747911895414	0.0294577918858	0.00460049551807	0.0119438337107	0.0149249436907	-0.0258896116029	0.0220638118034	-0.0137258005523	-0.0011516355706	-0.00217510717812	0.00054161378341	5.06592460102e-06	0.00011375398491	-2.27836954868e-07	-1.55501046124e-05	-9.5351498372e-06	-6.59792780838e-10	1.97339092646e-09	7.30009442596e-10	7.21096603068e-11	1.31590055475e-10	-2.93051273695e-11
Mock.3;Root;Sordariomycetes;Hypocreales;Nectriaceae;Nectria;Nectria_rubropeziza	-0.145999581173	0.0173855806247	-0.0519248248823	-0.20772212909	0.222337231497	0.0391190889841	0.0882927511309	0.0657467841936	0.00285872986504	0.0261221296853	-0.00188252612147	-0.0124418346311	0.00624037203652	0.0220471596442	0.00589380375414	0.000791500311892	-0.000119503875789	-0.000170213697949	-4.55414782642e-05	-4.43414527701e-06	2.65168536316e-07	2.32131761233e-07	-2.04264213421e-06	-4.31293589818e-07	-6.59792780846e-10	1.97339092648e-09	7.30009442602e-10	7.21096603076e-11	1.31590055476e-10	-2.93051273698e-11
Mock.1;Root;Saccharomycetes;Saccharomycetales;Incertae_sedis;Candida;Other	-0.0109164348584	-0.205054218329	-0.0358763112489	-0.0478154462035	-0.0402070846011	-0.0627203762581	0.0516690616293	-0.0158682672239	-0.021719831498	0.0142385013202	0.0106825911374	0.00689837746829	0.000839639977635	-0.00287728400381	0.00442373180907	0.00170642811094	0.00441560910395	0.00212396658764	-0.00185362195671	0.0012412565087	0.000258645938122	-0.000285062465849	-5.04121081122e-05	9.47290500192e-05	-6.59792780887e-10	1.97339092651e-09	7.30009442622e-10	7.21096603172e-11	1.31590055476e-10	-2.93051273718e-11
Mock.1;Root;Sordariomycetes;Chaetosphaeriales;Chaetosphaeriaceae;Other;Other	-0.148951963003	-0.0208546910863	0.0840770220147	-0.0563862664829	0.0297170616898	0.0789529362479	-0.00399515052692	-0.0269963482982	0.0262674483352	-0.0202673287055	0.0520875201007	0.0235315098902	-0.00750292117608	-0.0241915138014	-0.00965691032045	-0.000407136977163	0.00039111906857	-1.61728502931e-05	-0.000225423380471	-0.000112581587242	0.000429897154386	0.00038122561233	0.000496561505491	0.000422623303342	-6.59792781005e-10	1.97339092672e-09	7.30009442774e-10	7.21096603687e-11	1.31590055534e-10	-2.93051273884e-11
Mock.1;Root;Pezizomycetes;Pezizales;Morchellaceae;Morchella;Other	-0.148951963003	-0.0208546910863	0.0840770220147	-0.0563862664829	0.0297170616898	0.0789529362479	-0.00399515052692	-0.0269963482982	0.0262674483352	-0.0202673287055	0.0520875201007	0.0235315098902	-0.00750292117608	-0.0241915138014	-0.00965691032045	-0.000407136977163	0.00039111906857	-1.61728502931e-05	-0.000225423380471	-0.000112581587242	0.000429897154386	0.00038122561233	0.000496561505491	0.000422623303342	-6.59792781005e-10	1.97339092672e-09	7.30009442774e-10	7.21096603687e-11	1.31590055534e-10	-2.93051273884e-11
Mock.1;Root;Incertae_sedis;Other;Other;Other;Other	-0.148869870705	-0.0209550105617	0.0840254131937	-0.0564184519347	0.0296739140625	0.0790205699648	-0.0039302710623	-0.0269495475031	0.026250732895	-0.0204811474172	0.0520558683999	0.0236713847205	-0.00746183238642	-0.0239924543745	-0.00977043867803	-0.000436030607487	-0.000104542166336	0.000543837153815	0.000292627273681	0.000143630558692	-0.000424250529694	-0.000386318613495	-0.000491941799918	-0.000419363990717	-6.59792780693e-10	1.97339092623e-09	7.30009442428e-10	7.21096602471e-11	1.31590055417e-10	-2.93051273512e-11
Mock.2;Root;Pezizomycetes;Pezizales;Morchellaceae;Morchella;Other	-0.148951963003	-0.0208546910863	0.0840770220147	-0.0563862664829	0.0297170616898	0.0789529362479	-0.00399515052692	-0.0269963482982	0.0262674483352	-0.0202673287055	0.0520875201007	0.0235315098902	-0.00750292117608	-0.0241915138014	-0.00965691032045	-0.000407136977163	0.00039111906857	-1.61728502931e-05	-0.000225423380471	-0.000112581587242	0.000429897154386	0.00038122561233	0.000496561505491	0.000422623303342	-6.59792781005e-10	1.97339092672e-09	7.30009442774e-10	7.21096603687e-11	1.31590055534e-10	-2.93051273884e-11
Mock.2;Root;Tremellomycetes;Other;Other;Other;Other	-0.148869870705	-0.0209550105617	0.0840254131937	-0.0564184519347	0.0296739140625	0.0790205699648	-0.0039302710623	-0.0269495475031	0.026250732895	-0.0204811474172	0.0520558683999	0.0236713847205	-0.00746183238642	-0.0239924543745	-0.00977043867803	-0.000436030607487	-0.000104542166336	0.000543837153815	0.000292627273681	0.000143630558692	-0.000424250529694	-0.000386318613495	-0.000491941799918	-0.000419363990717	-6.59792780693e-10	1.97339092623e-09	7.30009442428e-10	7.21096602471e-11	1.31590055417e-10	-2.93051273512e-11
Mock.2;Root;Saccharomycetes;Saccharomycetales;Incertae_sedis;Other;Other	-0.0241987472904	-0.195764956135	-0.00849692543841	-0.0497917293237	-0.0246230201539	-0.0620390887421	0.039531411987	-0.0019221013983	-0.00747911895414	0.0294577918858	0.00460049551807	0.0119438337107	0.0149249436907	-0.0258896116029	0.0220638118034	-0.0137258005523	-0.0011516355706	-0.00217510717812	0.00054161378341	5.06592460102e-06	0.00011375398491	-2.27836954868e-07	-1.55501046124e-05	-9.5351498372e-06	-6.59792780838e-10	1.97339092646e-09	7.30009442596e-10	7.21096603068e-11	1.31590055475e-10	-2.93051273695e-11