UclustConsensusTaxonAssigner parameters:
id_to_taxonomy_filepath:/home/nbokulic/gg_13_5/gg_13_5_otus/taxonomy/97_otu_taxonomy_MOD.txt
id_to_taxonomy_fp:/home/nbokulic/gg_13_5/gg_13_5_otus/taxonomy/97_otu_taxonomy_MOD.txt
max_accepts:5
min_consensus_fraction:0.51
reference_sequences_fp:/home/nbokulic/gg_13_5/gg_13_5_otus/rep_set/97_otus.fasta
similarity:0.99
unassignable_label:Unassigned
Result path: "/scratch/assign-taxb6hdtGAV5IrHxoRevFoa.txt"

.uc file contents:

# uclust --input /home/nbokulic/open_reference_otus/turnbaugh1/psrotot_gg_13_5/rep_set.fna --id 0.99 --rev --maxaccepts 5 --allhits --libonly --lib /home/nbokulic/gg_13_5/gg_13_5_otus/rep_set/97_otus.fasta --uc /scratch/UclustConsensusTaxonAssigner_8Fauuk.uc
# version=1.2.22
# Tab-separated fields:
# 1=Type, 2=ClusterNr, 3=SeqLength or ClusterSize, 4=PctId, 5=Strand, 6=QueryStart, 7=SeedStart, 8=Alignment, 9=QueryLabel, 10=TargetLabel
# Record types (field 1): L=LibSeed, S=NewSeed, H=Hit, R=Reject, D=LibCluster, C=NewCluster, N=NoHit
# For C and D types, PctId is average id with seed.
# QueryStart and SeedStart are zero-based relative to start of sequence.
# If minus strand, SeedStart is relative to reverse-complemented seed.
L	26634	1358	*	*	*	*	*	304777	*
H	26634	101	99.0	+	0	0	499I101M758I	1010876 Even4_230106	304777
L	9285	1378	*	*	*	*	*	581079	*
H	9285	101	99.0	+	0	0	519I101M758I	1010876 Even4_230106	581079
L	75540	1457	*	*	*	*	*	3903651	*
H	75540	101	99.0	+	0	0	499I101M857I	1010876 Even4_230106	3903651
L	42816	1398	*	*	*	*	*	183162	*
H	42816	101	99.0	+	0	0	526I101M771I	1010876 Even4_230106	183162
L	78332	1480	*	*	*	*	*	1010876	*
H	78332	101	99.0	+	0	0	506I101M873I	1010876 Even4_230106	1010876
N	*	101	*	*	*	*	*	1022184 Even4_49960	*
L	55530	1421	*	*	*	*	*	9727	*
H	55530	101	99.0	+	0	0	473I101M847I	1028632 Even1_292640	9727
L	29555	1400	*	*	*	*	*	281015	*
H	29555	101	99.0	+	0	0	526I101M773I	1028632 Even1_292640	281015
L	66446	1425	*	*	*	*	*	1028632	*
H	66446	101	99.0	+	0	0	500I101M824I	1028632 Even1_292640	1028632
N	*	91	*	*	*	*	*	10298 Even1_109850	*
N	*	92	*	*	*	*	*	103730 Even3_155120	*
N	*	91	*	*	*	*	*	105411 Even1_92965	*
L	905	1380	*	*	*	*	*	1063126	*
H	905	101	99.0	+	0	0	446I101M833I	1063126 Even1_153	1063126
N	*	101	*	*	*	*	*	106860 Even4_157910	*
N	*	94	*	*	*	*	*	1100972 Even4_71280	*
N	*	91	*	*	*	*	*	1105589 Even1_15233	*
N	*	101	*	*	*	*	*	1109178 Even1_222032	*
L	77627	1496	*	*	*	*	*	1109297	*
H	77627	91	100.0	+	0	0	517I91M888I	1109297 Even3_14877	1109297
N	*	101	*	*	*	*	*	1110402 Even3_207777	*
N	*	91	*	*	*	*	*	1111921 Even4_275520	*
L	7341	1499	*	*	*	*	*	610462	*
H	7341	101	100.0	+	0	0	524I101M874I	1116679 Even1_1	610462
L	77227	1434	*	*	*	*	*	1116679	*
H	77227	101	100.0	+	0	0	502I101M831I	1116679 Even1_1	1116679
L	1847	1416	*	*	*	*	*	4484466	*
H	1847	101	99.0	+	0	0	481I19MD81M835I	1116679 Even1_1	4484466
L	59047	1415	*	*	*	*	*	1123414	*
H	59047	101	99.0	+	0	0	480I23MI78M833I	1123414 Even4_166659	1123414
L	37483	1401	*	*	*	*	*	222043	*
H	37483	101	99.0	+	0	0	524I101M776I	1123414 Even4_166659	222043
L	57045	1518	*	*	*	*	*	1129328	*
H	57045	101	100.0	+	0	0	521I101M896I	1129328 Even3_31156	1129328
L	69259	1441	*	*	*	*	*	3101394	*
H	69259	101	99.0	+	0	0	488I101M852I	1129328 Even3_31156	3101394
L	16022	1358	*	*	*	*	*	525841	*
H	16022	101	99.0	+	0	0	488I101M769I	1129328 Even3_31156	525841
L	29357	1364	*	*	*	*	*	287570	*
H	29357	101	100.0	+	0	0	488I101M775I	1133172 Even1_330109	287570
L	66583	1324	*	*	*	*	*	1133172	*
H	66583	101	100.0	+	0	0	370I101M853I	1133172 Even1_330109	1133172
L	20324	1360	*	*	*	*	*	350697	*
H	20324	101	100.0	+	0	0	486I101M773I	1133172 Even1_330109	350697
L	13544	1330	*	*	*	*	*	547714	*
H	13544	101	99.0	+	0	0	468I101M761I	1133172 Even1_330109	547714
L	26125	1364	*	*	*	*	*	308502	*
H	26125	101	99.0	+	0	0	486I101M777I	1133172 Even1_330109	308502
L	66719	1494	*	*	*	*	*	1134151	*
H	66719	101	99.0	+	0	0	528I101M865I	1134151 Even4_7378	1134151
L	94134	1431	*	*	*	*	*	4455895	*
H	94134	92	100.0	+	0	0	478I92M861I	1134377 Even4_79940	4455895
L	94133	1398	*	*	*	*	*	4455894	*
H	94133	92	100.0	+	0	0	474I92M832I	1134377 Even4_79940	4455894
L	45073	1507	*	*	*	*	*	168031	*
H	45073	92	100.0	+	0	0	500I92M915I	1134377 Even4_79940	168031
L	68775	1498	*	*	*	*	*	719519	*
H	68775	92	100.0	+	0	0	517I92M889I	1134377 Even4_79940	719519
L	44952	1422	*	*	*	*	*	169538	*
H	44952	92	100.0	+	0	0	458I92M872I	1134377 Even4_79940	169538
N	*	101	*	*	*	*	*	1135231 Even4_27891	*
L	62902	1515	*	*	*	*	*	825808	*
H	62902	101	100.0	+	0	0	505I101M909I	1142029 Even3_26	825808
L	64823	1433	*	*	*	*	*	824876	*
H	64823	101	99.0	+	0	0	420I101M912I	1142029 Even3_26	824876
L	18724	1369	*	*	*	*	*	370225	*
H	18724	101	99.0	+	0	0	505I101M763I	1142029 Even3_26	370225
L	68174	1446	*	*	*	*	*	1142029	*
H	68174	101	100.0	+	0	0	485I101M860I	1142029 Even3_26	1142029
L	83861	1359	*	*	*	*	*	4347159	*
H	83861	101	99.0	+	0	0	499I101M759I	1142029 Even3_26	4347159
L	36539	1392	*	*	*	*	*	232696	*
H	36539	101	99.0	+	0	0	435I32MI69M855I	123510 Even3_51671	232696
L	45224	1401	*	*	*	*	*	166235	*
H	45224	101	99.0	+	0	0	471I101M829I	123510 Even3_51671	166235
L	64584	1545	*	*	*	*	*	2529285	*
H	64584	101	99.0	+	0	0	526I101M918I	123510 Even3_51671	2529285
L	45337	1466	*	*	*	*	*	164915	*
H	45337	101	99.0	+	0	0	494I101M871I	123510 Even3_51671	164915
L	36369	1457	*	*	*	*	*	235024	*
H	36369	101	99.0	+	0	0	479I101M877I	123510 Even3_51671	235024
H	13544	101	99.0	+	0	0	468I101M761I	130402 Even3_36559	547714
L	7082	1406	*	*	*	*	*	628226	*
H	7082	101	99.0	+	0	0	480I101M825I	130402 Even3_36559	628226
H	26125	101	99.0	+	0	0	486I101M777I	130402 Even3_36559	308502
L	7385	1507	*	*	*	*	*	606927	*
H	7385	101	99.0	+	0	0	497I101M909I	130402 Even3_36559	606927
L	49547	1363	*	*	*	*	*	130402	*
H	49547	101	99.0	+	0	0	466I101M796I	130402 Even3_36559	130402
N	*	101	*	*	*	*	*	130773 Even3_224783	*
H	18724	101	99.0	+	0	0	505I101M763I	132041 Even4_100834	370225
H	83861	101	99.0	+	0	0	499I101M759I	132041 Even4_100834	4347159
L	53078	1402	*	*	*	*	*	72820	*
H	53078	101	99.0	+	0	0	496I101M805I	132041 Even4_100834	72820
L	19371	1356	*	*	*	*	*	359098	*
H	19371	101	99.0	+	0	0	487I101M768I	132041 Even4_100834	359098
L	12090	1381	*	*	*	*	*	559527	*
H	12090	101	99.0	+	0	0	503I101M777I	132041 Even4_100834	559527
L	40773	1393	*	*	*	*	*	194215	*
H	40773	101	99.0	+	0	0	524I101M768I	134174 Even3_173412	194215
N	*	85	*	*	*	*	*	134762 Even4_81315	*
L	30146	1371	*	*	*	*	*	277071	*
H	30146	101	100.0	+	0	0	498I101M772I	139137 Even3_150039	277071
L	18912	1424	*	*	*	*	*	366926	*
H	18912	101	100.0	+	0	0	514I101M809I	139137 Even3_150039	366926
L	66283	1428	*	*	*	*	*	613294	*
H	66283	101	99.0	+	0	0	522I101M805I	139137 Even3_150039	613294
L	84723	1514	*	*	*	*	*	4356421	*
H	84723	101	99.0	+	0	0	537I101M876I	139137 Even3_150039	4356421
L	12830	1400	*	*	*	*	*	553595	*
H	12830	101	100.0	+	0	0	473I101M826I	139137 Even3_150039	553595
L	47897	1496	*	*	*	*	*	144395	*
H	47897	101	99.0	+	0	0	515I101M880I	144395 Even1_12001	144395
L	44976	1458	*	*	*	*	*	169234	*
H	44976	101	99.0	+	0	0	495I101M862I	144395 Even1_12001	169234
L	26938	1362	*	*	*	*	*	302553	*
H	26938	101	99.0	+	0	0	515I101M746I	144395 Even1_12001	302553
L	22703	1381	*	*	*	*	*	333341	*
H	22703	101	99.0	+	0	0	502I101M778I	144395 Even1_12001	333341
L	41763	1392	*	*	*	*	*	188974	*
H	41763	101	99.0	+	0	0	517I101M774I	144395 Even1_12001	188974
N	*	80	*	*	*	*	*	147085 Even4_314011	*
N	*	91	*	*	*	*	*	148007 Even1_96542	*
N	*	101	*	*	*	*	*	148987 Even4_14208	*
N	*	101	*	*	*	*	*	1517154 Even3_151599	*
L	55048	1456	*	*	*	*	*	15458	*
H	55048	101	100.0	+	0	0	484I101M871I	15458 Even1_215612	15458
L	27397	1407	*	*	*	*	*	299918	*
H	27397	101	99.0	+	0	0	533I101M773I	15458 Even1_215612	299918
L	20569	1408	*	*	*	*	*	349024	*
H	20569	101	99.0	+	0	0	534I101M773I	15458 Even1_215612	349024
L	36037	1442	*	*	*	*	*	237444	*
H	36037	101	99.0	+	0	0	484I101M857I	15458 Even1_215612	237444
L	77476	1454	*	*	*	*	*	4143457	*
H	77476	101	99.0	+	0	0	491I101M862I	15458 Even1_215612	4143457
L	55016	1389	*	*	*	*	*	15728	*
H	55016	101	100.0	+	0	0	441I101M847I	15728 Even3_520	15728
L	18897	1371	*	*	*	*	*	367215	*
H	18897	101	100.0	+	0	0	511I101M759I	15728 Even3_520	367215
N	*	101	*	*	*	*	*	157516 Even1_109226	*
L	46158	1450	*	*	*	*	*	157772	*
H	46158	101	100.0	+	0	0	498I101M851I	157772 Even1_1492	157772
L	40665	1391	*	*	*	*	*	194692	*
H	40665	101	99.0	+	0	0	520I101M770I	157772 Even1_1492	194692
L	33124	1392	*	*	*	*	*	258946	*
H	33124	101	99.0	+	0	0	515I101M776I	157772 Even1_1492	258946
L	33058	1380	*	*	*	*	*	259275	*
H	33058	101	99.0	+	0	0	509I101M770I	157772 Even1_1492	259275
L	20364	1389	*	*	*	*	*	350404	*
H	20364	101	99.0	+	0	0	520I101M768I	157772 Even1_1492	350404
N	*	101	*	*	*	*	*	158581 Even3_361	*
N	*	101	*	*	*	*	*	158625 Even1_5045	*
N	*	101	*	*	*	*	*	158711 Even1_127768	*
L	16877	1373	*	*	*	*	*	514974	*
H	16877	101	99.0	+	0	0	528I101M744I	158967 Even1_79106	514974
L	9360	1396	*	*	*	*	*	580585	*
H	9360	101	99.0	+	0	0	526I101M769I	158967 Even1_79106	580585
L	27623	1392	*	*	*	*	*	298545	*
H	27623	101	99.0	+	0	0	522I101M769I	158967 Even1_79106	298545
L	22952	1396	*	*	*	*	*	331562	*
H	22952	101	99.0	+	0	0	525I101M770I	158967 Even1_79106	331562
L	46000	1453	*	*	*	*	*	158967	*
H	46000	101	99.0	+	0	0	506I101M846I	158967 Even1_79106	158967
L	45632	1564	*	*	*	*	*	161579	*
H	45632	101	100.0	+	0	0	547I101M916I	161579 Even1_114	161579
L	62461	1466	*	*	*	*	*	1130818	*
H	62461	101	99.0	+	0	0	591I101M774I	161579 Even1_114	1130818
L	81425	1668	*	*	*	*	*	4321932	*
H	81425	101	99.0	+	0	0	651I101M916I	161579 Even1_114	4321932
N	*	101	*	*	*	*	*	162491 Even4_13882	*
N	*	101	*	*	*	*	*	166268 Even4_3512	*
L	45156	1458	*	*	*	*	*	167187	*
H	45156	101	100.0	+	0	0	515I101M842I	167187 Even4_74487	167187
L	33868	1489	*	*	*	*	*	253380	*
H	33868	101	99.0	+	0	0	507I101M881I	167187 Even4_74487	253380
L	19115	1357	*	*	*	*	*	363321	*
H	19115	101	99.0	+	0	0	495I101M761I	167187 Even4_74487	363321
L	19120	1399	*	*	*	*	*	363232	*
H	19120	101	99.0	+	0	0	524I101M774I	167187 Even4_74487	363232
L	25861	1390	*	*	*	*	*	310608	*
H	25861	101	99.0	+	0	0	515I101M774I	167187 Even4_74487	310608
N	*	101	*	*	*	*	*	168031 Even4_57387	*
N	*	101	*	*	*	*	*	1698008 Even3_3336	*
N	*	101	*	*	*	*	*	170561 Even3_195733	*
L	41103	1398	*	*	*	*	*	192389	*
H	41103	101	100.0	+	0	0	522I101M775I	171532 Even1_586	192389
L	43169	1396	*	*	*	*	*	181344	*
H	43169	101	100.0	+	0	0	519I101M776I	171532 Even1_586	181344
L	43026	1392	*	*	*	*	*	182097	*
H	43026	101	99.0	+	0	0	517I101M774I	171532 Even1_586	182097
L	16572	1387	*	*	*	*	*	518613	*
H	16572	101	100.0	+	0	0	515I101M771I	171532 Even1_586	518613
L	26344	1388	*	*	*	*	*	307012	*
H	26344	101	100.0	+	0	0	519I101M768I	171532 Even1_586	307012
N	*	101	*	*	*	*	*	171718 Even4_215048	*
L	68116	1454	*	*	*	*	*	2957436	*
H	68116	101	99.0	+	0	0	502I101M851I	1721299 Even4_23233	2957436
L	68649	1453	*	*	*	*	*	3021821	*
H	68649	101	99.0	+	0	0	492I101M860I	1721299 Even4_23233	3021821
L	58003	1436	*	*	*	*	*	1721299	*
H	58003	101	100.0	+	0	0	495I101M840I	1721299 Even4_23233	1721299
L	23992	1392	*	*	*	*	*	324236	*
H	23992	101	99.0	+	0	0	515I101M776I	1721299 Even4_23233	324236
L	18714	1359	*	*	*	*	*	370361	*
H	18714	101	99.0	+	0	0	495I101M763I	1721299 Even4_23233	370361
L	44675	1458	*	*	*	*	*	172705	*
H	44675	101	99.0	+	0	0	494I101M863I	172705 Even3_101284	172705
L	92478	1436	*	*	*	*	*	4437814	*
H	92478	101	100.0	+	0	0	492I101M843I	1733364 Even4_168872	4437814
L	67451	1430	*	*	*	*	*	2876801	*
H	67451	101	100.0	+	0	0	490I101M839I	1733364 Even4_168872	2876801
L	43924	1396	*	*	*	*	*	177343	*
H	43924	101	100.0	+	0	0	526I101M769I	1733364 Even4_168872	177343
L	83804	1454	*	*	*	*	*	4346374	*
H	83804	101	100.0	+	0	0	501I101M852I	1733364 Even4_168872	4346374
L	59361	1444	*	*	*	*	*	1889556	*
H	59361	101	100.0	+	0	0	505I101M838I	1733364 Even4_168872	1889556
L	26272	1400	*	*	*	*	*	307571	*
H	26272	101	100.0	+	0	0	528I101M771I	173565 Even4_139	307571
L	21198	1400	*	*	*	*	*	344318	*
H	21198	101	100.0	+	0	0	528I101M771I	173565 Even4_139	344318
L	39892	1400	*	*	*	*	*	198786	*
H	39892	101	99.0	+	0	0	528I101M771I	173565 Even4_139	198786
L	28287	1387	*	*	*	*	*	294270	*
H	28287	101	100.0	+	0	0	523I101M763I	173565 Even4_139	294270
L	25477	1401	*	*	*	*	*	313121	*
H	25477	101	100.0	+	0	0	528I101M772I	173565 Even4_139	313121
N	*	101	*	*	*	*	*	173945 Even1_49846	*
L	43651	1390	*	*	*	*	*	178770	*
H	43651	101	100.0	+	0	0	515I101M774I	174415 Even1_197842	178770
L	44458	1391	*	*	*	*	*	174415	*
H	44458	101	100.0	+	0	0	515I101M775I	174415 Even1_197842	174415
L	10191	1369	*	*	*	*	*	574290	*
H	10191	101	99.0	+	0	0	489I101M779I	174415 Even1_197842	574290
L	80249	1491	*	*	*	*	*	4309927	*
H	80249	101	99.0	+	0	0	512I101M878I	174415 Even1_197842	4309927
L	45899	1460	*	*	*	*	*	159743	*
H	45899	101	99.0	+	0	0	495I101M864I	174415 Even1_197842	159743
N	*	94	*	*	*	*	*	174588 Even1_319412	*
N	*	101	*	*	*	*	*	174770 Even4_107269	*
L	28636	1401	*	*	*	*	*	292041	*
H	28636	101	100.0	+	0	0	528I101M772I	174831 Even1_176557	292041
L	16098	1398	*	*	*	*	*	524891	*
H	16098	101	100.0	+	0	0	527I101M770I	174831 Even1_176557	524891
L	42572	1403	*	*	*	*	*	184464	*
H	42572	101	100.0	+	0	0	528I101M774I	174831 Even1_176557	184464
L	16746	1400	*	*	*	*	*	516464	*
H	16746	101	100.0	+	0	0	528I101M771I	174831 Even1_176557	516464
L	44370	1398	*	*	*	*	*	174831	*
H	44370	101	100.0	+	0	0	528I101M769I	174831 Even1_176557	174831
N	*	101	*	*	*	*	*	174840 Even4_1370	*
L	26081	1357	*	*	*	*	*	308907	*
H	26081	101	100.0	+	0	0	497I101M759I	174998 Even4_15	308907
L	59189	1442	*	*	*	*	*	1868703	*
H	59189	101	100.0	+	0	0	491I101M850I	174998 Even4_15	1868703
L	59140	1442	*	*	*	*	*	1860111	*
H	59140	101	100.0	+	0	0	482I101M859I	174998 Even4_15	1860111
L	58926	1431	*	*	*	*	*	1835779	*
H	58926	101	100.0	+	0	0	485I101M845I	174998 Even4_15	1835779
L	42000	1389	*	*	*	*	*	187607	*
H	42000	101	100.0	+	0	0	517I101M771I	174998 Even4_15	187607
N	*	101	*	*	*	*	*	175145 Even3_35275	*
L	44315	1373	*	*	*	*	*	175148	*
H	44315	101	99.0	+	0	0	501I101M771I	175148 Even3_5868	175148
L	24772	1369	*	*	*	*	*	318396	*
H	24772	101	99.0	+	0	0	515I101M753I	175168 Even3_833	318396
L	23744	1388	*	*	*	*	*	325910	*
H	23744	101	99.0	+	0	0	517I101M770I	175168 Even3_833	325910
L	86164	1433	*	*	*	*	*	4371957	*
H	86164	101	99.0	+	0	0	494I101M838I	175168 Even3_833	4371957
L	40246	1392	*	*	*	*	*	196893	*
H	40246	101	99.0	+	0	0	517I101M774I	175168 Even3_833	196893
L	87435	1443	*	*	*	*	*	4385326	*
H	87435	101	99.0	+	0	0	485I101M857I	175168 Even3_833	4385326
H	41103	101	99.0	+	0	0	522I101M775I	175367 Even4_947	192389
H	43169	101	99.0	+	0	0	519I101M776I	175367 Even4_947	181344
H	16572	101	99.0	+	0	0	515I101M771I	175367 Even4_947	518613
H	26344	101	99.0	+	0	0	519I101M768I	175367 Even4_947	307012
L	42809	1389	*	*	*	*	*	183198	*
H	42809	101	99.0	+	0	0	515I101M773I	175367 Even4_947	183198
N	*	101	*	*	*	*	*	175474 Even4_187891	*
L	44231	1398	*	*	*	*	*	175612	*
H	44231	101	100.0	+	0	0	515I101M782I	175612 Even1_68294	175612
L	17966	1491	*	*	*	*	*	454363	*
H	17966	101	100.0	+	0	0	515I101M875I	175612 Even1_68294	454363
L	19317	1351	*	*	*	*	*	359978	*
H	19317	101	99.0	+	0	0	488I101M762I	175612 Even1_68294	359978
L	41716	1389	*	*	*	*	*	189208	*
H	41716	101	99.0	+	0	0	514I101M774I	175612 Even1_68294	189208
L	27354	1395	*	*	*	*	*	300235	*
H	27354	101	99.0	+	0	0	517I101M777I	175612 Even1_68294	300235
L	41873	1391	*	*	*	*	*	188321	*
H	41873	101	99.0	+	0	0	515I101M775I	176080 Even4_65783	188321
L	42984	1391	*	*	*	*	*	182305	*
H	42984	101	99.0	+	0	0	515I101M775I	176080 Even4_65783	182305
L	63212	1441	*	*	*	*	*	2354022	*
H	63212	101	99.0	+	0	0	482I101M858I	176080 Even4_65783	2354022
L	42914	1389	*	*	*	*	*	182729	*
H	42914	101	99.0	+	0	0	515I101M773I	176080 Even4_65783	182729
N	*	101	*	*	*	*	*	176154 Even4_166918	*
L	44111	1391	*	*	*	*	*	176297	*
H	44111	101	100.0	+	0	0	516I101M774I	176297 Even4_48003	176297
L	41549	1392	*	*	*	*	*	190076	*
H	41549	101	99.0	+	0	0	517I101M774I	176297 Even4_48003	190076
L	44031	1394	*	*	*	*	*	176806	*
H	44031	101	99.0	+	0	0	519I101M774I	176297 Even4_48003	176806
L	44050	1392	*	*	*	*	*	176703	*
H	44050	101	99.0	+	0	0	517I101M774I	176297 Even4_48003	176703
L	41566	1395	*	*	*	*	*	189987	*
H	41566	101	99.0	+	0	0	517I101M777I	176297 Even4_48003	189987
L	44108	1399	*	*	*	*	*	176306	*
H	44108	101	100.0	+	0	0	517I101M781I	176306 Even1_704	176306
L	40674	1390	*	*	*	*	*	194660	*
H	40674	101	100.0	+	0	0	515I101M774I	176306 Even1_704	194660
L	43089	1400	*	*	*	*	*	181836	*
H	43089	101	100.0	+	0	0	517I101M782I	176306 Even1_704	181836
L	40575	1390	*	*	*	*	*	195105	*
H	40575	101	100.0	+	0	0	515I101M774I	176306 Even1_704	195105
L	40574	1391	*	*	*	*	*	195115	*
H	40574	101	100.0	+	0	0	524I101M766I	176306 Even1_704	195115
L	44086	1463	*	*	*	*	*	176468	*
H	44086	101	100.0	+	0	0	500I97MI4M861I	176468 Even4_10535	176468
L	79845	1381	*	*	*	*	*	4306121	*
H	79845	101	99.0	+	0	0	457I101M823I	176468 Even4_10535	4306121
L	79589	1371	*	*	*	*	*	4303370	*
H	79589	101	99.0	+	0	0	473I95MI6M796I	176468 Even4_10535	4303370
L	12967	1454	*	*	*	*	*	552376	*
H	12967	101	99.0	+	0	0	515I101M838I	176468 Even4_10535	552376
L	12772	1502	*	*	*	*	*	554163	*
H	12772	101	99.0	+	0	0	527I101M874I	176468 Even4_10535	554163
L	44071	1396	*	*	*	*	*	176564	*
H	44071	101	99.0	+	0	0	526I101M769I	176564 Even4_166554	176564
L	43229	1367	*	*	*	*	*	181008	*
H	43229	101	99.0	+	0	0	497I101M769I	176690 Even4_13196	181008
L	19141	1362	*	*	*	*	*	362947	*
H	19141	101	99.0	+	0	0	498I101M763I	176690 Even4_13196	362947
L	43251	1391	*	*	*	*	*	180878	*
H	43251	101	99.0	+	0	0	517I101M773I	176690 Even4_13196	180878
L	43288	1379	*	*	*	*	*	180681	*
H	43288	101	99.0	+	0	0	504I101M774I	176690 Even4_13196	180681
L	43296	1392	*	*	*	*	*	180654	*
H	43296	101	99.0	+	0	0	517I101M774I	176690 Even4_13196	180654
N	*	101	*	*	*	*	*	177055 Even3_7663	*
L	43938	1394	*	*	*	*	*	177271	*
H	43938	101	100.0	+	0	0	520I101M773I	177271 Even4_35022	177271
L	21233	1394	*	*	*	*	*	344101	*
H	21233	101	100.0	+	0	0	526I101M767I	177271 Even4_35022	344101
L	22239	1395	*	*	*	*	*	336696	*
H	22239	101	100.0	+	0	0	527I101M767I	177271 Even4_35022	336696
L	41969	1391	*	*	*	*	*	187790	*
H	41969	101	100.0	+	0	0	520I101M770I	177271 Even4_35022	187790
L	36826	1476	*	*	*	*	*	228391	*
H	36826	101	100.0	+	0	0	506I101M869I	177271 Even4_35022	228391
L	43869	1392	*	*	*	*	*	177618	*
H	43869	101	100.0	+	0	0	517I101M774I	177618 Even1_1239	177618
L	28899	1367	*	*	*	*	*	290468	*
H	28899	101	99.0	+	0	0	513I101M753I	177618 Even1_1239	290468
L	42882	1392	*	*	*	*	*	182889	*
H	42882	101	100.0	+	0	0	517I101M774I	177618 Even1_1239	182889
L	40581	1389	*	*	*	*	*	195081	*
H	40581	101	100.0	+	0	0	514I101M774I	177618 Even1_1239	195081
N	*	101	*	*	*	*	*	177702 Even1_11583	*
N	*	101	*	*	*	*	*	178018 Even4_28336	*
L	59933	1432	*	*	*	*	*	1950496	*
H	59933	101	99.0	+	0	0	490I101M841I	178148 Even3_166396	1950496
L	59517	1470	*	*	*	*	*	1906635	*
H	59517	101	99.0	+	0	0	487I101M882I	178148 Even3_166396	1906635
L	40416	1391	*	*	*	*	*	195934	*
H	40416	91	100.0	+	0	0	515I91M785I	178173 Even4_125503	195934
L	45670	1469	*	*	*	*	*	161277	*
H	45670	91	100.0	+	0	0	495I91M883I	178173 Even4_125503	161277
L	41937	1376	*	*	*	*	*	187980	*
H	41937	91	100.0	+	0	0	514I91M771I	178173 Even4_125503	187980
L	40749	1361	*	*	*	*	*	194340	*
H	40749	91	100.0	+	0	0	518I91M752I	178173 Even4_125503	194340
L	9639	1501	*	*	*	*	*	578649	*
H	9639	91	100.0	+	0	0	524I91M886I	178173 Even4_125503	578649
N	*	101	*	*	*	*	*	178253 Even1_1313	*
L	43737	1390	*	*	*	*	*	178332	*
H	43737	101	100.0	+	0	0	515I101M774I	178332 Even3_100022	178332
L	37519	1346	*	*	*	*	*	221784	*
H	37519	101	99.0	+	0	0	477I101M768I	178332 Even3_100022	221784
L	44000	1389	*	*	*	*	*	176980	*
H	44000	101	99.0	+	0	0	514I101M774I	178332 Even3_100022	176980
L	41395	1389	*	*	*	*	*	190948	*
H	41395	101	99.0	+	0	0	513I101M775I	178332 Even3_100022	190948
H	33868	101	99.0	+	0	0	507I101M881I	178332 Even3_100022	253380
L	42263	1379	*	*	*	*	*	186143	*
H	42263	101	99.0	+	0	0	511I101M767I	178447 Even3_43	186143
L	41537	1396	*	*	*	*	*	190155	*
H	41537	101	99.0	+	0	0	517I101M778I	178447 Even3_43	190155
L	40771	1381	*	*	*	*	*	194219	*
H	40771	101	99.0	+	0	0	513I101M767I	178447 Even3_43	194219
L	42480	1390	*	*	*	*	*	185046	*
H	42480	101	99.0	+	0	0	522I101M767I	178447 Even3_43	185046
H	40773	101	100.0	+	0	0	524I101M768I	178447 Even3_43	194215
L	73122	1403	*	*	*	*	*	721704	*
H	73122	101	99.0	+	0	0	470I101M832I	178616 Even3_158734	721704
L	41102	1391	*	*	*	*	*	192396	*
H	41102	101	99.0	+	0	0	515I101M775I	178616 Even3_158734	192396
L	42922	1391	*	*	*	*	*	182653	*
H	42922	101	99.0	+	0	0	515I101M775I	178616 Even3_158734	182653
L	85373	1453	*	*	*	*	*	4363553	*
H	85373	101	99.0	+	0	0	492I101M860I	178616 Even3_158734	4363553
L	43309	1389	*	*	*	*	*	180577	*
H	43309	101	99.0	+	0	0	514I101M774I	178616 Even3_158734	180577
N	*	90	*	*	*	*	*	178770 Even4_321000	*
L	43609	1392	*	*	*	*	*	178977	*
H	43609	101	99.0	+	0	0	517I101M774I	178977 Even1_118977	178977
L	40890	1400	*	*	*	*	*	193623	*
H	40890	101	99.0	+	0	0	532I101M767I	179018 Even1_11312	193623
L	42959	1400	*	*	*	*	*	182483	*
H	42959	101	99.0	+	0	0	531I101M768I	179018 Even1_11312	182483
L	40197	1402	*	*	*	*	*	197105	*
H	40197	101	99.0	+	0	0	537I101M764I	179018 Even1_11312	197105
L	43402	1403	*	*	*	*	*	180112	*
H	43402	101	99.0	+	0	0	532I101M770I	179018 Even1_11312	180112
L	43599	1376	*	*	*	*	*	179018	*
H	43599	101	99.0	+	0	0	509I15MI86M765I	179018 Even1_11312	179018
N	*	91	*	*	*	*	*	179562 Even4_285804	*
L	41611	1385	*	*	*	*	*	189782	*
H	41611	101	100.0	+	0	0	513I101M771I	179760 Even1_14342	189782
L	43459	1389	*	*	*	*	*	179760	*
H	43459	101	100.0	+	0	0	514I101M774I	179760 Even1_14342	179760
H	42959	101	100.0	+	0	0	531I101M768I	180112 Even3_19	182483
H	40197	101	100.0	+	0	0	537I101M764I	180112 Even3_19	197105
H	40890	101	100.0	+	0	0	532I101M767I	180112 Even3_19	193623
H	43402	101	100.0	+	0	0	532I101M770I	180112 Even3_19	180112
L	16889	1393	*	*	*	*	*	514773	*
H	16889	101	99.0	+	0	0	530I101M762I	180112 Even3_19	514773
L	41134	1369	*	*	*	*	*	192231	*
H	41134	101	100.0	+	0	0	502I101M766I	180285 Even4_25833	192231
L	19802	1341	*	*	*	*	*	354517	*
H	19802	101	100.0	+	0	0	483I101M757I	180285 Even4_25833	354517
L	44444	1378	*	*	*	*	*	174493	*
H	44444	101	100.0	+	0	0	502I101M775I	180285 Even4_25833	174493
L	44201	1373	*	*	*	*	*	175789	*
H	44201	101	100.0	+	0	0	502I101M770I	180285 Even4_25833	175789
L	18721	1338	*	*	*	*	*	370287	*
H	18721	101	100.0	+	0	0	482I101M755I	180285 Even4_25833	370287
L	42301	1399	*	*	*	*	*	185974	*
H	42301	101	100.0	+	0	0	524I101M774I	180405 Even4_87256	185974
L	42879	1402	*	*	*	*	*	182893	*
H	42879	101	100.0	+	0	0	527I101M774I	180405 Even4_87256	182893
L	43347	1400	*	*	*	*	*	180405	*
H	43347	101	100.0	+	0	0	524I101M775I	180405 Even4_87256	180405
L	39856	1397	*	*	*	*	*	198964	*
H	39856	101	100.0	+	0	0	524I101M772I	180405 Even4_87256	198964
L	43345	1390	*	*	*	*	*	180414	*
H	43345	101	99.0	+	0	0	514I101M775I	180414 Even4_4734	180414
L	40505	1388	*	*	*	*	*	195465	*
H	40505	101	99.0	+	0	0	513I101M774I	180414 Even4_4734	195465
L	18877	1340	*	*	*	*	*	367542	*
H	18877	101	100.0	+	0	0	481I101M758I	180509 Even1_31391	367542
L	61815	1315	*	*	*	*	*	798581	*
H	61815	101	100.0	+	0	0	308I101M906I	180509 Even1_31391	798581
L	18762	1361	*	*	*	*	*	369602	*
H	18762	101	100.0	+	0	0	518I101M742I	180509 Even1_31391	369602
L	44410	1376	*	*	*	*	*	174654	*
H	44410	101	100.0	+	0	0	504I101M771I	180509 Even1_31391	174654
L	43773	1401	*	*	*	*	*	178117	*
H	43773	101	99.0	+	0	0	525I101M775I	180509 Even1_31391	178117
H	73122	101	99.0	+	0	0	470I101M832I	180577 Even4_155769	721704
H	41102	101	99.0	+	0	0	515I101M775I	180577 Even4_155769	192396
H	42922	101	99.0	+	0	0	515I101M775I	180577 Even4_155769	182653
H	85373	101	99.0	+	0	0	492I101M860I	180577 Even4_155769	4363553
H	43309	101	99.0	+	0	0	514I101M774I	180577 Even4_155769	180577
L	84501	1392	*	*	*	*	*	4354041	*
H	84501	101	99.0	+	0	0	523I101M768I	180606 Even1_166	4354041
L	64235	1431	*	*	*	*	*	2487129	*
H	64235	101	100.0	+	0	0	505I101M825I	180606 Even1_166	2487129
L	67802	1438	*	*	*	*	*	2920309	*
H	67802	101	100.0	+	0	0	490I101M847I	180606 Even1_166	2920309
L	68042	1434	*	*	*	*	*	2949328	*
H	68042	101	100.0	+	0	0	484I101M849I	180606 Even1_166	2949328
L	30243	1379	*	*	*	*	*	276484	*
H	30243	101	100.0	+	0	0	506I101M772I	180606 Even1_166	276484
L	78553	1430	*	*	*	*	*	4278525	*
H	78553	101	99.0	+	0	0	504I101M825I	180834 Even4_11881	4278525
L	44522	1391	*	*	*	*	*	174036	*
H	44522	101	99.0	+	0	0	521I101M769I	180834 Even4_11881	174036
H	40773	101	99.0	+	0	0	524I101M768I	181204 Even1_577	194215
N	*	101	*	*	*	*	*	181344 Even3_167927	*
N	*	101	*	*	*	*	*	181421 Even4_125485	*
L	43114	1389	*	*	*	*	*	181689	*
H	43114	101	100.0	+	0	0	515I101M773I	181689 Even1_164	181689
N	*	92	*	*	*	*	*	181719 Even3_309188	*
L	43101	1402	*	*	*	*	*	181756	*
H	43101	96	100.0	+	0	0	517I96M789I	181756 Even1_118565	181756
L	43076	1391	*	*	*	*	*	181871	*
H	43076	101	100.0	+	0	0	515I101M775I	181871 Even1_5462	181871
L	40313	1393	*	*	*	*	*	196508	*
H	40313	101	100.0	+	0	0	518I101M774I	181871 Even1_5462	196508
H	41763	101	100.0	+	0	0	517I101M774I	181871 Even1_5462	188974
H	26938	101	100.0	+	0	0	515I101M746I	181871 Even1_5462	302553
L	53922	1439	*	*	*	*	*	47477	*
H	53922	101	99.0	+	0	0	501I101M837I	181871 Even1_5462	47477
N	*	101	*	*	*	*	*	182157 Even3_25957	*
L	42966	1394	*	*	*	*	*	182428	*
H	42966	101	99.0	+	0	0	517I101M776I	182428 Even3_194	182428
N	*	90	*	*	*	*	*	182569 Even3_84662	*
N	*	84	*	*	*	*	*	182653 Even4_116661	*
L	79697	1394	*	*	*	*	*	4304475	*
H	79697	91	100.0	+	0	0	484I91M819I	182874 Even3_4196	4304475
H	68042	91	100.0	+	0	0	484I91M859I	182874 Even3_4196	2949328
L	66558	1442	*	*	*	*	*	2768843	*
H	66558	91	100.0	+	0	0	491I91M860I	182874 Even3_4196	2768843
L	72244	1399	*	*	*	*	*	3475269	*
H	72244	91	100.0	+	0	0	477I10MI10MI71M829I	182874 Even3_4196	3475269
L	56111	1494	*	*	*	*	*	1992	*
H	56111	91	100.0	+	0	0	522I91M881I	182874 Even3_4196	1992
N	*	101	*	*	*	*	*	182891 Even4_282267	*
H	26081	101	99.0	+	0	0	497I101M759I	183039 Even3_136265	308907
H	59189	101	99.0	+	0	0	491I101M850I	183039 Even3_136265	1868703
H	59140	101	99.0	+	0	0	482I101M859I	183039 Even3_136265	1860111
H	58926	101	99.0	+	0	0	485I101M845I	183039 Even3_136265	1835779
H	42000	101	99.0	+	0	0	517I101M771I	183039 Even3_136265	187607
N	*	101	*	*	*	*	*	183054 Even4_198993	*
L	40253	1390	*	*	*	*	*	196848	*
H	40253	101	100.0	+	0	0	517I101M772I	183089 Even1_851	196848
L	40337	1375	*	*	*	*	*	196346	*
H	40337	101	100.0	+	0	0	500I101M774I	183089 Even1_851	196346
L	57993	1335	*	*	*	*	*	1024529	*
H	57993	101	100.0	+	0	0	480I101M754I	183089 Even1_851	1024529
L	42887	1374	*	*	*	*	*	182861	*
H	42887	101	100.0	+	0	0	502I101M771I	183089 Even1_851	182861
L	28863	1382	*	*	*	*	*	290647	*
H	28863	101	100.0	+	0	0	507I101M774I	183089 Even1_851	290647
L	21391	1361	*	*	*	*	*	342844	*
H	21391	101	100.0	+	0	0	495I101M765I	183139 Even3_420	342844
L	42823	1387	*	*	*	*	*	183139	*
H	42823	101	100.0	+	0	0	515I101M771I	183139 Even3_420	183139
L	53820	1474	*	*	*	*	*	50530	*
H	53820	101	99.0	+	0	0	517I101M856I	183139 Even3_420	50530
H	42959	101	99.0	+	0	0	531I101M768I	183161 Even4_68075	182483
H	43402	101	99.0	+	0	0	532I101M770I	183161 Even4_68075	180112
L	78789	1379	*	*	*	*	*	4295707	*
H	78789	101	99.0	+	0	0	527I59MI42M750I	183161 Even4_68075	4295707
H	40890	101	99.0	+	0	0	532I101M767I	183161 Even4_68075	193623
L	40875	1402	*	*	*	*	*	193710	*
H	40875	101	99.0	+	0	0	532I101M769I	183161 Even4_68075	193710
N	*	101	*	*	*	*	*	183783 Even3_106626	*
N	*	92	*	*	*	*	*	183817 Even4_119985	*
N	*	101	*	*	*	*	*	183855 Even4_34625	*
L	42664	1389	*	*	*	*	*	183873	*
H	42664	101	100.0	+	0	0	514I101M774I	183873 Even4_880	183873
L	24312	1390	*	*	*	*	*	321693	*
H	24312	101	99.0	+	0	0	515I101M774I	183873 Even4_880	321693
L	59048	1447	*	*	*	*	*	1848900	*
H	59048	101	100.0	+	0	0	492I101M854I	1848900 Even3_68188	1848900
L	42126	1392	*	*	*	*	*	186955	*
H	42126	101	99.0	+	0	0	517I101M774I	1848900 Even3_68188	186955
L	83136	1447	*	*	*	*	*	4339831	*
H	83136	101	99.0	+	0	0	488I101M858I	1848900 Even3_68188	4339831
L	40564	1376	*	*	*	*	*	195177	*
H	40564	101	99.0	+	0	0	501I101M774I	1848900 Even3_68188	195177
L	40556	1393	*	*	*	*	*	195207	*
H	40556	101	99.0	+	0	0	518I101M774I	1848900 Even3_68188	195207
N	*	101	*	*	*	*	*	185088 Even3_55757	*
N	*	101	*	*	*	*	*	185232 Even1_69489	*
N	*	101	*	*	*	*	*	185338 Even1_50388	*
N	*	91	*	*	*	*	*	185730 Even4_158610	*
N	*	101	*	*	*	*	*	185888 Even1_9580	*
N	*	92	*	*	*	*	*	186841 Even3_325403	*
N	*	90	*	*	*	*	*	186858 Even1_180919	*
N	*	101	*	*	*	*	*	186888 Even1_28311	*
L	42132	1396	*	*	*	*	*	186906	*
H	42132	101	100.0	+	0	0	517I101M778I	186906 Even3_73747	186906
L	40022	1397	*	*	*	*	*	198071	*
H	40022	101	99.0	+	0	0	517I101M779I	186906 Even3_73747	198071
L	44225	1394	*	*	*	*	*	175635	*
H	44225	101	99.0	+	0	0	514I101M779I	186906 Even3_73747	175635
L	44222	1386	*	*	*	*	*	175650	*
H	44222	101	99.0	+	0	0	513I101M772I	186906 Even3_73747	175650
L	20498	1351	*	*	*	*	*	349482	*
H	20498	101	99.0	+	0	0	497I101M753I	186906 Even3_73747	349482
N	*	101	*	*	*	*	*	186968 Even3_50213	*
N	*	101	*	*	*	*	*	187038 Even3_12219	*
N	*	101	*	*	*	*	*	1871227 Even1_98512	*
L	42088	1398	*	*	*	*	*	187144	*
H	42088	101	100.0	+	0	0	508I101M789I	187144 Even3_465	187144
L	40239	1389	*	*	*	*	*	196932	*
H	40239	101	99.0	+	0	0	514I20MI81M773I	187144 Even3_465	196932
L	86804	1435	*	*	*	*	*	4378688	*
H	86804	101	99.0	+	0	0	501I101M833I	187178 Even1_315077	4378688
L	63929	1438	*	*	*	*	*	2442708	*
H	63929	101	99.0	+	0	0	505I101M832I	187178 Even1_315077	2442708
L	42683	1386	*	*	*	*	*	183817	*
H	42683	101	99.0	+	0	0	516I101M769I	187178 Even1_315077	183817
L	41739	1404	*	*	*	*	*	189090	*
H	41739	101	99.0	+	0	0	533I101M770I	187178 Even1_315077	189090
L	27859	1379	*	*	*	*	*	297057	*
H	27859	101	99.0	+	0	0	525I101M753I	187178 Even1_315077	297057
L	42066	1389	*	*	*	*	*	187248	*
H	42066	101	100.0	+	0	0	514I101M774I	187248 Even1_273036	187248
L	40152	1389	*	*	*	*	*	197326	*
H	40152	101	99.0	+	0	0	513I101M775I	187248 Even1_273036	197326
H	84501	101	99.0	+	0	0	523I101M768I	187324 Even4_21256	4354041
H	64235	101	99.0	+	0	0	505I101M825I	187324 Even4_21256	2487129
H	67802	101	99.0	+	0	0	490I101M847I	187324 Even4_21256	2920309
H	68042	101	99.0	+	0	0	484I101M849I	187324 Even4_21256	2949328
H	30243	101	99.0	+	0	0	506I101M772I	187324 Even4_21256	276484
N	*	101	*	*	*	*	*	187443 Even1_2275	*
N	*	90	*	*	*	*	*	187623 Even1_179699	*
N	*	101	*	*	*	*	*	187882 Even3_210007	*
L	32273	1391	*	*	*	*	*	264009	*
H	32273	101	99.0	+	0	0	514I101M776I	187894 Even3_56478	264009
L	42244	1392	*	*	*	*	*	186263	*
H	42244	101	99.0	+	0	0	517I101M774I	187894 Even3_56478	186263
L	19984	1370	*	*	*	*	*	353124	*
H	19984	101	99.0	+	0	0	517I101M752I	187894 Even3_56478	353124
L	83661	1422	*	*	*	*	*	4344860	*
H	83661	101	99.0	+	0	0	479I101M842I	187894 Even3_56478	4344860
L	42184	1391	*	*	*	*	*	186624	*
H	42184	101	99.0	+	0	0	516I101M774I	187894 Even3_56478	186624
N	*	101	*	*	*	*	*	187929 Even1_2752	*
N	*	101	*	*	*	*	*	188158 Even1_28629	*
N	*	101	*	*	*	*	*	188707 Even1_327076	*
L	41814	1400	*	*	*	*	*	188735	*
H	41814	101	100.0	+	0	0	530I101M769I	188735 Even4_29640	188735
L	59514	1438	*	*	*	*	*	1906483	*
H	59514	101	99.0	+	0	0	489I101M848I	188735 Even4_29640	1906483
L	59598	1431	*	*	*	*	*	1919007	*
H	59598	101	99.0	+	0	0	491I101M839I	188735 Even4_29640	1919007
L	92245	1433	*	*	*	*	*	4435396	*
H	92245	101	99.0	+	0	0	498I101M834I	188735 Even4_29640	4435396
L	89085	1441	*	*	*	*	*	4402960	*
H	89085	101	99.0	+	0	0	510I101M830I	188735 Even4_29640	4402960
L	59343	1448	*	*	*	*	*	1888072	*
H	59343	101	99.0	+	0	0	498I101M849I	1888072 Even1_176798	1888072
L	71882	1429	*	*	*	*	*	3426658	*
H	71882	101	99.0	+	0	0	491I101M837I	188887 Even4_80422	3426658
L	94888	1439	*	*	*	*	*	4463892	*
H	94888	101	99.0	+	0	0	491I101M847I	188887 Even4_80422	4463892
L	71975	1445	*	*	*	*	*	3439403	*
H	71975	101	99.0	+	0	0	504I101M840I	188887 Even4_80422	3439403
L	41287	1395	*	*	*	*	*	191483	*
H	41287	101	99.0	+	0	0	525I101M769I	188887 Even4_80422	191483
L	72220	1432	*	*	*	*	*	3472078	*
H	72220	101	99.0	+	0	0	485I101M846I	188887 Even4_80422	3472078
L	32215	1366	*	*	*	*	*	264372	*
H	32215	101	100.0	+	0	0	489I101M776I	189585 Even4_81410	264372
L	30589	1397	*	*	*	*	*	274374	*
H	30589	101	100.0	+	0	0	520I101M776I	189585 Even4_81410	274374
L	30224	1378	*	*	*	*	*	276597	*
H	30224	101	100.0	+	0	0	506I101M771I	189585 Even4_81410	276597
L	30117	1380	*	*	*	*	*	277208	*
H	30117	101	100.0	+	0	0	504I101M775I	189585 Even4_81410	277208
L	41221	1392	*	*	*	*	*	191811	*
H	41221	101	100.0	+	0	0	513I101M778I	189585 Even4_81410	191811
N	*	101	*	*	*	*	*	189667 Even1_324583	*
L	41630	1390	*	*	*	*	*	189679	*
H	41630	101	99.0	+	0	0	514I101M775I	189679 Even1_85467	189679
L	43279	1381	*	*	*	*	*	180721	*
H	43279	101	100.0	+	0	0	511I101M769I	189924 Even4_3411	180721
L	25171	1337	*	*	*	*	*	315463	*
H	25171	101	100.0	+	0	0	482I101M754I	189924 Even4_3411	315463
L	41684	1378	*	*	*	*	*	189356	*
H	41684	101	100.0	+	0	0	502I101M775I	189924 Even4_3411	189356
L	24964	1336	*	*	*	*	*	317012	*
H	24964	101	100.0	+	0	0	482I101M753I	189924 Even4_3411	317012
L	38145	1475	*	*	*	*	*	215855	*
H	38145	101	100.0	+	0	0	503I101M871I	189924 Even4_3411	215855
N	*	77	*	*	*	*	*	190063 Even4_62277	*
L	40156	1386	*	*	*	*	*	197314	*
H	40156	101	100.0	+	0	0	517I101M768I	190075 Even1_65195	197314
L	41550	1393	*	*	*	*	*	190075	*
H	41550	101	100.0	+	0	0	517I101M775I	190075 Even1_65195	190075
L	19712	1394	*	*	*	*	*	355196	*
H	19712	101	99.0	+	0	0	518I101M775I	190075 Even1_65195	355196
L	43942	1397	*	*	*	*	*	177237	*
H	43942	101	99.0	+	0	0	515I101M781I	190075 Even1_65195	177237
N	*	101	*	*	*	*	*	190358 Even4_111658	*
L	41490	1389	*	*	*	*	*	190441	*
H	41490	101	99.0	+	0	0	514I101M774I	190441 Even4_94520	190441
H	40253	101	99.0	+	0	0	517I101M772I	190637 Even4_44237	196848
H	40337	101	99.0	+	0	0	500I101M774I	190637 Even4_44237	196346
H	57993	101	99.0	+	0	0	480I101M754I	190637 Even4_44237	1024529
H	42887	101	99.0	+	0	0	502I101M771I	190637 Even4_44237	182861
H	28863	101	99.0	+	0	0	507I101M774I	190637 Even4_44237	290647
L	41441	1376	*	*	*	*	*	190649	*
H	41441	101	99.0	+	0	0	507I101M768I	190649 Even1_31694	190649
L	29344	1390	*	*	*	*	*	287645	*
H	29344	101	99.0	+	0	0	515I101M774I	190902 Even1_55556	287645
L	87987	1451	*	*	*	*	*	4390966	*
H	87987	101	99.0	+	0	0	485I101M865I	190902 Even1_55556	4390966
L	21556	1390	*	*	*	*	*	341622	*
H	21556	101	99.0	+	0	0	515I101M774I	190902 Even1_55556	341622
L	7636	1363	*	*	*	*	*	592866	*
H	7636	101	99.0	+	0	0	487I101M775I	190902 Even1_55556	592866
L	20067	1392	*	*	*	*	*	352529	*
H	20067	101	99.0	+	0	0	515I101M776I	190902 Even1_55556	352529
N	*	101	*	*	*	*	*	190913 Even1_266152	*
H	40337	95	100.0	+	0	0	500I95M780I	191218 Even4_72160	196346
L	40327	1377	*	*	*	*	*	196391	*
H	40327	95	100.0	+	0	0	509I95M773I	191218 Even4_72160	196391
L	93262	1374	*	*	*	*	*	4446320	*
H	93262	95	100.0	+	0	0	507I95M772I	191218 Even4_72160	4446320
H	40253	95	100.0	+	0	0	517I95M778I	191218 Even4_72160	196848
L	41223	1369	*	*	*	*	*	191797	*
H	41223	95	100.0	+	0	0	500I95M774I	191218 Even4_72160	191797
L	41278	1383	*	*	*	*	*	191541	*
H	41278	101	99.0	+	0	0	511I87MI14M770I	191393 Even1_175423	191541
L	41305	1379	*	*	*	*	*	191393	*
H	41305	101	99.0	+	0	0	502I88MI13M775I	191393 Even1_175423	191393
H	40773	101	99.0	+	0	0	524I101M768I	191393 Even1_175423	194215
L	26385	1372	*	*	*	*	*	306633	*
H	26385	101	99.0	+	0	0	504I101M767I	191393 Even1_175423	306633
H	26385	101	99.0	+	0	0	504I101M767I	191541 Even4_2423	306633
L	18761	1367	*	*	*	*	*	369635	*
H	18761	101	99.0	+	0	0	532I101M734I	191718 Even3_222674	369635
L	18731	1390	*	*	*	*	*	370099	*
H	18731	101	99.0	+	0	0	521I101M768I	191718 Even3_222674	370099
L	16781	1364	*	*	*	*	*	516022	*
H	16781	101	99.0	+	0	0	519I101M744I	191718 Even3_222674	516022
L	19277	1386	*	*	*	*	*	360636	*
H	19277	101	99.0	+	0	0	520I101M765I	191718 Even3_222674	360636
L	16486	1383	*	*	*	*	*	519746	*
H	16486	101	99.0	+	0	0	517I101M765I	191718 Even3_222674	519746
H	40253	101	99.0	+	0	0	517I101M772I	191797 Even4_173926	196848
H	40337	101	99.0	+	0	0	500I101M774I	191797 Even4_173926	196346
H	57993	101	99.0	+	0	0	480I101M754I	191797 Even4_173926	1024529
H	42887	101	99.0	+	0	0	502I101M771I	191797 Even4_173926	182861
H	28863	101	99.0	+	0	0	507I101M774I	191797 Even4_173926	290647
N	*	101	*	*	*	*	*	191978 Even4_33969	*
L	41176	1389	*	*	*	*	*	192025	*
H	41176	101	100.0	+	0	0	515I101M773I	192025 Even3_18086	192025
L	42319	1397	*	*	*	*	*	185884	*
H	42319	101	99.0	+	0	0	515I101M781I	192025 Even3_18086	185884
L	26561	1396	*	*	*	*	*	305272	*
H	26561	101	99.0	+	0	0	515I101M780I	192025 Even3_18086	305272
L	44153	1390	*	*	*	*	*	176070	*
H	44153	101	99.0	+	0	0	514I101M775I	192025 Even3_18086	176070
L	40774	1390	*	*	*	*	*	194207	*
H	40774	101	99.0	+	0	0	515I101M774I	192025 Even3_18086	194207
L	78351	1444	*	*	*	*	*	4254528	*
H	78351	101	99.0	+	0	0	484I101M859I	192093 Even1_105892	4254528
L	41164	1389	*	*	*	*	*	192093	*
H	41164	101	99.0	+	0	0	514I101M774I	192093 Even1_105892	192093
L	70578	1440	*	*	*	*	*	3265161	*
H	70578	101	99.0	+	0	0	489I101M850I	192093 Even1_105892	3265161
N	*	101	*	*	*	*	*	192111 Even4_9175	*
N	*	101	*	*	*	*	*	192684 Even1_136067	*
N	*	91	*	*	*	*	*	1928156 Even1_62654	*
N	*	101	*	*	*	*	*	192839 Even4_374	*
N	*	101	*	*	*	*	*	192983 Even4_48567	*
L	41258	1389	*	*	*	*	*	191608	*
H	41258	101	100.0	+	0	0	515I101M773I	193235 Even1_17	191608
L	41250	1393	*	*	*	*	*	191658	*
H	41250	101	100.0	+	0	0	517I101M775I	193235 Even1_17	191658
L	26551	1392	*	*	*	*	*	305329	*
H	26551	101	100.0	+	0	0	515I101M776I	193235 Even1_17	305329
L	43641	1392	*	*	*	*	*	178809	*
H	43641	101	100.0	+	0	0	517I101M774I	193235 Even1_17	178809
L	40956	1394	*	*	*	*	*	193235	*
H	40956	101	100.0	+	0	0	514I101M779I	193235 Even1_17	193235
N	*	101	*	*	*	*	*	193364 Even1_189706	*
N	*	101	*	*	*	*	*	193528 Even1_7560	*
N	*	97	*	*	*	*	*	193534 Even3_106567	*
N	*	101	*	*	*	*	*	193666 Even1_208086	*
L	40880	1389	*	*	*	*	*	193679	*
H	40880	101	99.0	+	0	0	514I101M774I	193679 Even3_280	193679
H	84501	101	99.0	+	0	0	523I101M768I	193859 Even3_17377	4354041
N	*	101	*	*	*	*	*	193863 Even3_52944	*
L	40088	1392	*	*	*	*	*	197661	*
H	40088	101	100.0	+	0	0	517I101M774I	194415 Even4_93813	197661
L	26829	1392	*	*	*	*	*	303274	*
H	26829	101	100.0	+	0	0	516I101M775I	194415 Even4_93813	303274
L	44295	1391	*	*	*	*	*	175261	*
H	44295	101	100.0	+	0	0	514I101M776I	194415 Even4_93813	175261
L	73808	1436	*	*	*	*	*	3686740	*
H	73808	101	100.0	+	0	0	477I101M858I	194415 Even4_93813	3686740
L	43297	1387	*	*	*	*	*	180640	*
H	43297	101	99.0	+	0	0	514I101M772I	194415 Even4_93813	180640
L	40726	1402	*	*	*	*	*	194425	*
H	40726	101	99.0	+	0	0	528I101M773I	194425 Even1_4362	194425
N	*	101	*	*	*	*	*	194449 Even4_97000	*
N	*	101	*	*	*	*	*	1944498 Even1_5014	*
H	43869	101	99.0	+	0	0	517I101M774I	195081 Even1_83611	177618
H	42882	101	99.0	+	0	0	517I101M774I	195081 Even1_83611	182889
H	40581	101	99.0	+	0	0	514I101M774I	195081 Even1_83611	195081
N	*	101	*	*	*	*	*	195157 Even3_182590	*
L	25384	1361	*	*	*	*	*	313764	*
H	25384	101	99.0	+	0	0	508I101M752I	195258 Even3_105077	313764
L	63823	1426	*	*	*	*	*	2430693	*
H	63823	101	99.0	+	0	0	498I101M827I	195258 Even3_105077	2430693
L	88366	1427	*	*	*	*	*	4395075	*
H	88366	101	99.0	+	0	0	503I101M823I	195258 Even3_105077	4395075
L	88367	1447	*	*	*	*	*	4395096	*
H	88367	101	99.0	+	0	0	511I101M835I	195258 Even3_105077	4395096
L	88965	1441	*	*	*	*	*	4401580	*
H	88965	101	99.0	+	0	0	490I101M850I	195258 Even3_105077	4401580
L	40464	1378	*	*	*	*	*	195704	*
H	40464	101	100.0	+	0	0	515I101M762I	195704 Even1_117929	195704
L	41837	1389	*	*	*	*	*	188591	*
H	41837	101	99.0	+	0	0	514I101M774I	195704 Even1_117929	188591
L	42380	1391	*	*	*	*	*	185603	*
H	42380	101	99.0	+	0	0	515I101M775I	195704 Even1_117929	185603
L	96135	1439	*	*	*	*	*	4476751	*
H	96135	101	99.0	+	0	0	482I101M856I	195704 Even1_117929	4476751
L	40279	1390	*	*	*	*	*	196711	*
H	40279	101	99.0	+	0	0	515I101M774I	195704 Even1_117929	196711
L	40404	1397	*	*	*	*	*	195999	*
H	40404	101	100.0	+	0	0	517I101M779I	196176 Even4_90	195999
L	40426	1392	*	*	*	*	*	195883	*
H	40426	101	100.0	+	0	0	517I101M774I	196176 Even4_90	195883
L	43440	1390	*	*	*	*	*	179865	*
H	43440	101	100.0	+	0	0	515I101M774I	196176 Even4_90	179865
L	40371	1395	*	*	*	*	*	196176	*
H	40371	101	100.0	+	0	0	516I63MI38M777I	196176 Even4_90	196176
L	56988	1447	*	*	*	*	*	1601633	*
H	56988	101	100.0	+	0	0	490I101M856I	196176 Even4_90	1601633
N	*	101	*	*	*	*	*	196219 Even4_30912	*
L	23865	1377	*	*	*	*	*	325181	*
H	23865	101	99.0	+	0	0	502I101M774I	196286 Even4_256086	325181
L	27113	1384	*	*	*	*	*	301493	*
H	27113	101	99.0	+	0	0	507I101M776I	196286 Even4_256086	301493
L	43476	1389	*	*	*	*	*	179665	*
H	43476	101	99.0	+	0	0	515I101M773I	196286 Even4_256086	179665
L	40169	1392	*	*	*	*	*	197248	*
H	40169	101	99.0	+	0	0	516I101M775I	196286 Even4_256086	197248
L	76467	1436	*	*	*	*	*	4015729	*
H	76467	101	99.0	+	0	0	490I101M845I	196286 Even4_256086	4015729
N	*	92	*	*	*	*	*	196346 Even4_245216	*
N	*	101	*	*	*	*	*	196391 Even3_252514	*
L	40293	1390	*	*	*	*	*	196604	*
H	40293	101	100.0	+	0	0	525I101M764I	196604 Even4_88238	196604
L	28433	1374	*	*	*	*	*	293262	*
H	28433	101	99.0	+	0	0	520I101M753I	196604 Even4_88238	293262
L	28082	1388	*	*	*	*	*	295705	*
H	28082	101	99.0	+	0	0	522I101M765I	196604 Even4_88238	295705
L	70669	1313	*	*	*	*	*	755474	*
H	70669	101	99.0	+	0	0	310I101M902I	196604 Even4_88238	755474
L	23132	1392	*	*	*	*	*	330294	*
H	23132	101	99.0	+	0	0	527I101M764I	196604 Even4_88238	330294
L	44477	1387	*	*	*	*	*	174301	*
H	44477	101	99.0	+	0	0	515I101M771I	196711 Even1_292	174301
L	41167	1390	*	*	*	*	*	192071	*
H	41167	101	99.0	+	0	0	515I101M774I	196711 Even1_292	192071
H	25861	101	99.0	+	0	0	515I101M774I	196711 Even1_292	310608
H	41837	101	99.0	+	0	0	514I101M774I	196711 Even1_292	188591
L	42308	1391	*	*	*	*	*	185949	*
H	42308	101	99.0	+	0	0	515I101M775I	196711 Even1_292	185949
N	*	101	*	*	*	*	*	196769 Even1_3612	*
N	*	101	*	*	*	*	*	196778 Even1_86230	*
H	41395	101	99.0	+	0	0	513I101M775I	197050 Even4_4152	190948
H	19115	101	99.0	+	0	0	495I101M761I	197050 Even4_4152	363321
L	88415	1435	*	*	*	*	*	4395677	*
H	88415	101	99.0	+	0	0	495I101M839I	197050 Even4_4152	4395677
L	42329	1387	*	*	*	*	*	185834	*
H	42329	101	99.0	+	0	0	516I101M770I	197050 Even4_4152	185834
L	16639	1391	*	*	*	*	*	517797	*
H	16639	101	99.0	+	0	0	515I101M775I	197050 Even4_4152	517797
L	40208	1391	*	*	*	*	*	197052	*
H	40208	101	100.0	+	0	0	521I101M769I	197052 Even4_109410	197052
L	76503	1449	*	*	*	*	*	4020502	*
H	76503	101	99.0	+	0	0	501I101M847I	197052 Even4_109410	4020502
L	40266	1361	*	*	*	*	*	196769	*
H	40266	101	99.0	+	0	0	489I101M771I	197052 Even4_109410	196769
L	44163	1397	*	*	*	*	*	176034	*
H	44163	101	99.0	+	0	0	527I101M769I	197052 Even4_109410	176034
L	96246	1415	*	*	*	*	*	4477861	*
H	96246	101	99.0	+	0	0	482I101M832I	197052 Even4_109410	4477861
N	*	101	*	*	*	*	*	197091 Even1_15413	*
H	42263	101	99.0	+	0	0	511I101M767I	197204 Even1_146800	186143
H	41537	101	99.0	+	0	0	517I101M778I	197204 Even1_146800	190155
H	40771	101	99.0	+	0	0	513I101M767I	197204 Even1_146800	194219
H	42480	101	99.0	+	0	0	522I101M767I	197204 Even1_146800	185046
H	40773	101	99.0	+	0	0	524I101M768I	197204 Even1_146800	194215
N	*	94	*	*	*	*	*	197344 Even3_98579	*
N	*	101	*	*	*	*	*	197354 Even3_315068	*
H	71882	101	100.0	+	0	0	491I101M837I	197367 Even1_9	3426658
H	94888	101	100.0	+	0	0	491I101M847I	197367 Even1_9	4463892
H	71975	101	100.0	+	0	0	504I101M840I	197367 Even1_9	3439403
H	41287	101	100.0	+	0	0	525I101M769I	197367 Even1_9	191483
H	72220	101	100.0	+	0	0	485I101M846I	197367 Even1_9	3472078
L	40105	1395	*	*	*	*	*	197537	*
H	40105	101	100.0	+	0	0	525I101M769I	197537 Even4_5149	197537
L	26737	1393	*	*	*	*	*	304047	*
H	26737	101	99.0	+	0	0	527I101M765I	197537 Even4_5149	304047
L	69877	1441	*	*	*	*	*	3180933	*
H	69877	101	99.0	+	0	0	498I101M842I	197537 Even4_5149	3180933
N	*	101	*	*	*	*	*	197867 Even3_27000	*
L	39069	1491	*	*	*	*	*	205904	*
H	39069	101	99.0	+	0	0	527I101M863I	198185 Even3_3879	205904
L	70655	1427	*	*	*	*	*	3272632	*
H	70655	101	99.0	+	0	0	486I101M840I	198185 Even3_3879	3272632
L	77723	1428	*	*	*	*	*	4174963	*
H	77723	101	99.0	+	0	0	514I101M813I	198185 Even3_3879	4174963
L	70506	1436	*	*	*	*	*	3256931	*
H	70506	101	99.0	+	0	0	501I101M834I	198185 Even3_3879	3256931
L	39891	1402	*	*	*	*	*	198788	*
H	39891	101	99.0	+	0	0	528I101M773I	198185 Even3_3879	198788
H	71882	101	99.0	+	0	0	491I101M837I	198449 Even4_323	3426658
H	94888	101	99.0	+	0	0	491I101M847I	198449 Even4_323	4463892
H	71975	101	99.0	+	0	0	504I101M840I	198449 Even4_323	3439403
H	41287	101	99.0	+	0	0	525I101M769I	198449 Even4_323	191483
H	72220	101	99.0	+	0	0	485I101M846I	198449 Even4_323	3472078
L	41425	1378	*	*	*	*	*	190706	*
H	41425	101	100.0	+	0	0	504I101M773I	198636 Even4_85397	190706
L	47192	1352	*	*	*	*	*	149909	*
H	47192	101	100.0	+	0	0	494I101M757I	198636 Even4_85397	149909
L	44269	1389	*	*	*	*	*	175391	*
H	44269	101	100.0	+	0	0	514I101M774I	198636 Even4_85397	175391
L	42094	1390	*	*	*	*	*	187112	*
H	42094	101	100.0	+	0	0	515I101M774I	198636 Even4_85397	187112
L	40415	1373	*	*	*	*	*	195937	*
H	40415	101	100.0	+	0	0	505I101M767I	198636 Even4_85397	195937
N	*	101	*	*	*	*	*	198786 Even4_42595	*
L	44777	1386	*	*	*	*	*	171559	*
H	44777	101	99.0	+	0	0	525I40MD60M761I	198788 Even4_8236	171559
L	45846	1452	*	*	*	*	*	160178	*
H	45846	101	99.0	+	0	0	506I40MD60M846I	198788 Even4_8236	160178
L	20135	1359	*	*	*	*	*	352034	*
H	20135	101	99.0	+	0	0	505I101M753I	198788 Even4_8236	352034
L	42528	1398	*	*	*	*	*	184753	*
H	42528	101	99.0	+	0	0	526I101M771I	198788 Even4_8236	184753
L	20665	1360	*	*	*	*	*	348304	*
H	20665	101	99.0	+	0	0	508I101M751I	198788 Even4_8236	348304
H	41258	101	99.0	+	0	0	515I101M773I	199036 Even1_7461	191608
H	41250	101	99.0	+	0	0	517I101M775I	199036 Even1_7461	191658
H	26551	101	99.0	+	0	0	515I101M776I	199036 Even1_7461	305329
H	43641	101	99.0	+	0	0	517I101M774I	199036 Even1_7461	178809
H	40956	101	99.0	+	0	0	514I101M779I	199036 Even1_7461	193235
N	*	92	*	*	*	*	*	199497 Even3_99771	*
N	*	91	*	*	*	*	*	199627 Even1_148795	*
N	*	91	*	*	*	*	*	199716 Even4_40522	*
L	32433	1400	*	*	*	*	*	263111	*
H	32433	101	100.0	+	0	0	527I101M772I	203713 Even4_1827	263111
L	22931	1383	*	*	*	*	*	331720	*
H	22931	101	100.0	+	0	0	521I101M761I	203713 Even4_1827	331720
L	39249	1497	*	*	*	*	*	203713	*
H	39249	101	100.0	+	0	0	526I101M870I	203713 Even4_1827	203713
L	30239	1401	*	*	*	*	*	276509	*
H	30239	101	100.0	+	0	0	526I101M774I	203713 Even4_1827	276509
L	39033	1498	*	*	*	*	*	206324	*
H	39033	101	100.0	+	0	0	526I101M871I	203713 Even4_1827	206324
N	*	91	*	*	*	*	*	2039020 Even1_6298	*
H	71882	101	99.0	+	0	0	491I101M837I	205904 Even4_32426	3426658
H	94888	101	99.0	+	0	0	491I101M847I	205904 Even4_32426	4463892
H	71975	101	99.0	+	0	0	504I101M840I	205904 Even4_32426	3439403
H	41287	101	99.0	+	0	0	525I101M769I	205904 Even4_32426	191483
H	72220	101	99.0	+	0	0	485I101M846I	205904 Even4_32426	3472078
L	60879	1450	*	*	*	*	*	2069039	*
H	60879	101	99.0	+	0	0	505I101M844I	2069039 Even1_303462	2069039
L	11631	1344	*	*	*	*	*	562924	*
H	11631	101	99.0	+	0	0	431I101M812I	2069039 Even1_303462	562924
L	38954	1476	*	*	*	*	*	207126	*
H	38954	101	99.0	+	0	0	505I101M870I	207126 Even3_18890	207126
H	26385	101	99.0	+	0	0	504I101M767I	207126 Even3_18890	306633
N	*	101	*	*	*	*	*	2101287 Even1_70049	*
L	38502	1488	*	*	*	*	*	211706	*
H	38502	101	100.0	+	0	0	524I101M863I	211706 Even3_103581	211706
L	31106	1443	*	*	*	*	*	271214	*
H	31106	101	99.0	+	0	0	526I101M816I	211706 Even3_103581	271214
L	83475	1378	*	*	*	*	*	4342992	*
H	83475	101	99.0	+	0	0	487I101M790I	211706 Even3_103581	4342992
H	41287	101	99.0	+	0	0	525I101M769I	211706 Even3_103581	191483
L	91169	1416	*	*	*	*	*	4424408	*
H	91169	101	99.0	+	0	0	499I101M816I	211706 Even3_103581	4424408
N	*	101	*	*	*	*	*	2120784 Even3_137021	*
L	26803	1389	*	*	*	*	*	303452	*
H	26803	101	100.0	+	0	0	514I101M774I	212341 Even4_44	303452
L	95341	1451	*	*	*	*	*	4468506	*
H	95341	101	100.0	+	0	0	492I101M858I	212341 Even4_44	4468506
L	41798	1390	*	*	*	*	*	188840	*
H	41798	101	100.0	+	0	0	515I101M774I	212341 Even4_44	188840
L	40396	1389	*	*	*	*	*	196057	*
H	40396	101	100.0	+	0	0	514I101M774I	212341 Even4_44	196057
L	28917	1376	*	*	*	*	*	290362	*
H	28917	101	100.0	+	0	0	502I101M773I	212341 Even4_44	290362
L	61349	1446	*	*	*	*	*	2123719	*
H	61349	101	100.0	+	0	0	481I101M864I	2123719 Even4_24088	2123719
L	86108	1439	*	*	*	*	*	4371300	*
H	86108	101	99.0	+	0	0	484I101M854I	2123719 Even4_24088	4371300
H	42000	101	99.0	+	0	0	517I101M771I	2123719 Even4_24088	187607
L	23482	1354	*	*	*	*	*	327730	*
H	23482	101	99.0	+	0	0	497I101M756I	2123719 Even4_24088	327730
L	86109	1443	*	*	*	*	*	4371302	*
H	86109	101	99.0	+	0	0	479I101M863I	2123719 Even4_24088	4371302
N	*	91	*	*	*	*	*	2128805 Even1_40800	*
L	61395	1425	*	*	*	*	*	2128807	*
H	61395	101	99.0	+	0	0	477I80MI21M846I	2128807 Even4_215815	2128807
H	26272	101	99.0	+	0	0	528I101M771I	215670 Even3_173303	307571
H	21198	101	99.0	+	0	0	528I101M771I	215670 Even3_173303	344318
H	28287	101	99.0	+	0	0	523I101M763I	215670 Even3_173303	294270
H	25477	101	99.0	+	0	0	528I101M772I	215670 Even3_173303	313121
L	28485	1399	*	*	*	*	*	292921	*
H	28485	101	99.0	+	0	0	528I101M770I	215670 Even3_173303	292921
L	50751	1477	*	*	*	*	*	109263	*
H	50751	101	99.0	+	0	0	500I101M876I	217410 Even3_6595	109263
L	3257	1391	*	*	*	*	*	831401	*
H	3257	101	99.0	+	0	0	468I101M822I	217410 Even3_6595	831401
L	88110	1459	*	*	*	*	*	4392233	*
H	88110	101	100.0	+	0	0	517I101M841I	217410 Even3_6595	4392233
L	67573	1501	*	*	*	*	*	845178	*
H	67573	101	99.0	+	0	0	519I101M881I	217410 Even3_6595	845178
L	80079	1498	*	*	*	*	*	4308187	*
H	80079	101	100.0	+	0	0	520I101M877I	217410 Even3_6595	4308187
N	*	90	*	*	*	*	*	217507 Even3_11926	*
L	38416	1481	*	*	*	*	*	212634	*
H	38416	101	99.0	+	0	0	503I101M877I	2185268 Even4_36054	212634
L	25528	1393	*	*	*	*	*	312743	*
H	25528	101	99.0	+	0	0	517I101M775I	2185268 Even4_36054	312743
L	18926	1393	*	*	*	*	*	366716	*
H	18926	101	99.0	+	0	0	519I101M773I	2185268 Even4_36054	366716
L	43367	1392	*	*	*	*	*	180289	*
H	43367	101	99.0	+	0	0	517I101M774I	2185268 Even4_36054	180289
L	28001	1389	*	*	*	*	*	296165	*
H	28001	101	99.0	+	0	0	514I101M774I	2185268 Even4_36054	296165
N	*	101	*	*	*	*	*	2190100 Even3_207943	*
N	*	101	*	*	*	*	*	220679 Even1_128093	*
L	91997	1413	*	*	*	*	*	4432891	*
H	91997	83	100.0	+	0	0	477I83M853I	221361 Even1_310043	4432891
L	14337	1406	*	*	*	*	*	541517	*
H	14337	83	100.0	+	0	0	520I83M803I	221361 Even1_310043	541517
L	31646	1496	*	*	*	*	*	268101	*
H	31646	83	100.0	+	0	0	518I83M895I	221361 Even1_310043	268101
L	8636	1413	*	*	*	*	*	585701	*
H	8636	83	100.0	+	0	0	480I83M850I	221361 Even1_310043	585701
L	64959	1365	*	*	*	*	*	2582263	*
H	64959	83	100.0	+	0	0	485I83M797I	221361 Even1_310043	2582263
L	27714	1390	*	*	*	*	*	297917	*
H	27714	101	99.0	+	0	0	515I101M774I	221784 Even4_2973	297917
L	21230	1390	*	*	*	*	*	344114	*
H	21230	101	99.0	+	0	0	515I101M774I	221784 Even4_2973	344114
H	19120	101	99.0	+	0	0	524I101M774I	221784 Even4_2973	363232
L	19128	1353	*	*	*	*	*	363064	*
H	19128	101	99.0	+	0	0	487I101M765I	221784 Even4_2973	363064
L	42921	1391	*	*	*	*	*	182656	*
H	42921	101	99.0	+	0	0	515I101M775I	221784 Even4_2973	182656
N	*	101	*	*	*	*	*	222043 Even3_176562	*
H	40575	91	100.0	+	0	0	515I91M784I	2220496 Even1_75342	195105
L	41946	1393	*	*	*	*	*	187945	*
H	41946	91	100.0	+	0	0	516I91M786I	2220496 Even1_75342	187945
H	40574	91	100.0	+	0	0	524I91M776I	2220496 Even1_75342	195115
L	39130	1486	*	*	*	*	*	205148	*
H	39130	91	100.0	+	0	0	508I91M887I	2220496 Even1_75342	205148
L	43718	1394	*	*	*	*	*	178452	*
H	43718	91	100.0	+	0	0	519I91M784I	2220496 Even1_75342	178452
N	*	101	*	*	*	*	*	22371 Even1_278017	*
L	11470	1359	*	*	*	*	*	564188	*
H	11470	101	99.0	+	0	0	497I101M761I	2256432 Even4_6408	564188
L	62424	1430	*	*	*	*	*	2256432	*
H	62424	101	99.0	+	0	0	489I101M840I	2256432 Even4_6408	2256432
N	*	101	*	*	*	*	*	2271953 Even1_52899	*
L	36812	1455	*	*	*	*	*	228556	*
H	36812	101	100.0	+	0	0	478I101M876I	228556 Even1_149460	228556
L	49241	1459	*	*	*	*	*	134671	*
H	49241	101	99.0	+	0	0	487I101M871I	228556 Even1_149460	134671
L	87317	1544	*	*	*	*	*	4384058	*
H	87317	101	99.0	+	0	0	535I101M908I	228556 Even1_149460	4384058
L	93568	1402	*	*	*	*	*	4449851	*
H	93568	101	99.0	+	0	0	467I101M834I	228556 Even1_149460	4449851
L	83719	1369	*	*	*	*	*	4345397	*
H	83719	101	99.0	+	0	0	506I101M762I	228556 Even1_149460	4345397
L	5495	1485	*	*	*	*	*	744029	*
H	5495	101	100.0	+	0	0	501I101M883I	230213 Even1_121884	744029
N	*	101	*	*	*	*	*	2304693 Even3_77863	*
L	36631	1454	*	*	*	*	*	231205	*
H	36631	101	100.0	+	0	0	476I101M877I	231205 Even3_13316	231205
N	*	92	*	*	*	*	*	2354022 Even1_315583	*
N	*	101	*	*	*	*	*	23706 Even4_327709	*
L	27529	1410	*	*	*	*	*	299151	*
H	27529	101	100.0	+	0	0	533I101M776I	237444 Even1_35	299151
L	27555	1402	*	*	*	*	*	298988	*
H	27555	101	100.0	+	0	0	533I101M768I	237444 Even1_35	298988
L	27781	1368	*	*	*	*	*	297525	*
H	27781	101	100.0	+	0	0	533I101M734I	237444 Even1_35	297525
L	27914	1411	*	*	*	*	*	296659	*
H	27914	101	100.0	+	0	0	533I101M777I	237444 Even1_35	296659
H	20569	101	100.0	+	0	0	534I101M773I	237444 Even1_35	349024
N	*	101	*	*	*	*	*	238594 Even1_95957	*
N	*	91	*	*	*	*	*	239358 Even1_74034	*
N	*	101	*	*	*	*	*	239362 Even3_7356	*
N	*	96	*	*	*	*	*	24546 Even3_30136	*
H	7341	101	99.0	+	0	0	524I101M874I	246846 Even1_17140	610462
H	77227	101	99.0	+	0	0	502I101M831I	246846 Even1_17140	1116679
L	64338	1460	*	*	*	*	*	2499530	*
H	64338	101	99.0	+	0	0	510I101M849I	2499530 Even3_81625	2499530
L	16176	1401	*	*	*	*	*	523987	*
H	16176	101	100.0	+	0	0	517I101M783I	25005 Even3_197648	523987
L	54684	1414	*	*	*	*	*	25005	*
H	54684	101	100.0	+	0	0	509I101M804I	25005 Even3_197648	25005
L	16129	1389	*	*	*	*	*	524575	*
H	16129	101	100.0	+	0	0	513I101M775I	25005 Even3_197648	524575
L	43033	1496	*	*	*	*	*	182065	*
H	43033	101	100.0	+	0	0	516I101M879I	25005 Even3_197648	182065
L	16905	1395	*	*	*	*	*	514533	*
H	16905	101	100.0	+	0	0	518I101M776I	25005 Even3_197648	514533
H	32273	101	99.0	+	0	0	514I101M776I	2532173 Even4_72998	264009
H	42244	101	99.0	+	0	0	517I101M774I	2532173 Even4_72998	186263
H	19984	101	99.0	+	0	0	517I101M752I	2532173 Even4_72998	353124
H	83661	101	99.0	+	0	0	479I101M842I	2532173 Even4_72998	4344860
H	42184	101	99.0	+	0	0	516I101M774I	2532173 Even4_72998	186624
N	*	101	*	*	*	*	*	253380 Even1_4336	*
L	60296	1439	*	*	*	*	*	1997391	*
H	60296	101	99.0	+	0	0	493I101M845I	255359 Even3_27107	1997391
L	23401	1408	*	*	*	*	*	328283	*
H	23401	101	99.0	+	0	0	533I101M774I	255359 Even3_27107	328283
L	95850	1510	*	*	*	*	*	4473883	*
H	95850	101	99.0	+	0	0	533I101M876I	255359 Even3_27107	4473883
L	28786	1409	*	*	*	*	*	291195	*
H	28786	101	99.0	+	0	0	533I101M775I	255359 Even3_27107	291195
L	33582	1474	*	*	*	*	*	255359	*
H	33582	101	99.0	+	0	0	513I101M860I	255359 Even3_27107	255359
N	*	90	*	*	*	*	*	258641 Even4_48614	*
N	*	101	*	*	*	*	*	259494 Even1_268038	*
N	*	101	*	*	*	*	*	259511 Even1_257493	*
L	65126	1428	*	*	*	*	*	2599028	*
H	65126	101	100.0	+	0	0	492I101M835I	2599028 Even1_135661	2599028
H	39891	101	99.0	+	0	0	528I101M773I	2599028 Even1_135661	198788
L	39955	1369	*	*	*	*	*	198449	*
H	39955	101	99.0	+	0	0	499I101M769I	2599028 Even1_135661	198449
L	85910	1429	*	*	*	*	*	4369327	*
H	85910	101	99.0	+	0	0	481I101M847I	2599028 Even1_135661	4369327
L	67437	1428	*	*	*	*	*	2874602	*
H	67437	101	99.0	+	0	0	512I101M815I	2599028 Even1_135661	2874602
L	65135	1436	*	*	*	*	*	2599837	*
H	65135	101	100.0	+	0	0	487I101M848I	2599837 Even1_171567	2599837
L	40493	1397	*	*	*	*	*	195508	*
H	40493	101	99.0	+	0	0	527I101M769I	2599837 Even1_171567	195508
N	*	91	*	*	*	*	*	261132 Even4_110756	*
N	*	101	*	*	*	*	*	2612863 Even1_149415	*
N	*	94	*	*	*	*	*	262166 Even4_9501	*
N	*	101	*	*	*	*	*	263138 Even3_111877	*
N	*	101	*	*	*	*	*	263645 Even4_222991	*
N	*	101	*	*	*	*	*	264507 Even1_11349	*
N	*	101	*	*	*	*	*	265563 Even4_172169	*
N	*	101	*	*	*	*	*	267626 Even3_301113	*
L	65869	1449	*	*	*	*	*	2686590	*
H	65869	101	100.0	+	0	0	493I101M855I	2686590 Even3_60549	2686590
L	84801	1441	*	*	*	*	*	4357353	*
H	84801	101	99.0	+	0	0	483I101M857I	2686590 Even3_60549	4357353
N	*	96	*	*	*	*	*	268693 Even4_208482	*
N	*	101	*	*	*	*	*	2688035 Even4_67867	*
L	31422	1444	*	*	*	*	*	269327	*
H	31422	101	100.0	+	0	0	512I101M831I	269327 Even3_18441	269327
H	41873	101	99.0	+	0	0	515I101M775I	269327 Even3_18441	188321
H	40169	101	99.0	+	0	0	516I101M775I	269327 Even3_18441	197248
H	63212	101	99.0	+	0	0	482I101M858I	269327 Even3_18441	2354022
H	76467	101	99.0	+	0	0	490I101M845I	269327 Even3_18441	4015729
L	85814	1452	*	*	*	*	*	4368216	*
H	85814	101	99.0	+	0	0	506I101M845I	271259 Even1_53077	4368216
L	38341	1493	*	*	*	*	*	213566	*
H	38341	101	99.0	+	0	0	527I101M865I	271259 Even1_53077	213566
L	93502	1446	*	*	*	*	*	4449055	*
H	93502	101	99.0	+	0	0	501I101M844I	271259 Even1_53077	4449055
L	62180	1432	*	*	*	*	*	2224336	*
H	62180	101	99.0	+	0	0	491I101M840I	271259 Even1_53077	2224336
L	31098	1395	*	*	*	*	*	271259	*
H	31098	101	99.0	+	0	0	526I101M768I	271259 Even1_53077	271259
N	*	101	*	*	*	*	*	271750 Even3_35550	*
L	30843	1357	*	*	*	*	*	272886	*
H	30843	101	99.0	+	0	0	412I101M844I	272886 Even1_284779	272886
L	46141	1455	*	*	*	*	*	157905	*
H	46141	101	100.0	+	0	0	506I101M848I	2730944 Even1_206	157905
L	46140	1457	*	*	*	*	*	157921	*
H	46140	101	100.0	+	0	0	510I101M846I	2730944 Even1_206	157921
L	16275	1394	*	*	*	*	*	522595	*
H	16275	101	100.0	+	0	0	522I101M771I	2730944 Even1_206	522595
L	66269	1448	*	*	*	*	*	2730944	*
H	66269	101	100.0	+	0	0	492I101M855I	2730944 Even1_206	2730944
L	46105	1454	*	*	*	*	*	158215	*
H	46105	101	100.0	+	0	0	507I101M846I	2730944 Even1_206	158215
L	29368	1398	*	*	*	*	*	287510	*
H	29368	101	99.0	+	0	0	532I101M765I	2750316 Even1_69543	287510
L	26660	1394	*	*	*	*	*	304563	*
H	26660	101	99.0	+	0	0	522I101M771I	2750316 Even1_69543	304563
H	28433	101	99.0	+	0	0	520I101M753I	2750316 Even1_69543	293262
L	96557	1358	*	*	*	*	*	4480861	*
H	96557	101	99.0	+	0	0	501I101M756I	2750316 Even1_69543	4480861
L	26841	1390	*	*	*	*	*	303221	*
H	26841	101	99.0	+	0	0	523I101M766I	2750316 Even1_69543	303221
N	*	101	*	*	*	*	*	276643 Even3_20675	*
N	*	101	*	*	*	*	*	28109 Even3_121009	*
L	28584	1399	*	*	*	*	*	292289	*
H	28584	101	100.0	+	0	0	524I101M774I	284014 Even1_60	292289
L	55515	1510	*	*	*	*	*	10002	*
H	55515	101	100.0	+	0	0	517I101M892I	284014 Even1_60	10002
L	94288	1418	*	*	*	*	*	4457268	*
H	94288	101	100.0	+	0	0	469I58MI29MI14M846I	284014 Even1_60	4457268
L	9189	1367	*	*	*	*	*	581782	*
H	9189	101	100.0	+	0	0	527I101M739I	284014 Even1_60	581782
L	93437	1493	*	*	*	*	*	4448331	*
H	93437	101	100.0	+	0	0	525I101M867I	284014 Even1_60	4448331
N	*	101	*	*	*	*	*	2868079 Even3_129705	*
N	*	101	*	*	*	*	*	287755 Even1_24302	*
N	*	101	*	*	*	*	*	287813 Even1_176624	*
N	*	91	*	*	*	*	*	287823 Even4_36524	*
H	28786	77	100.0	+	0	0	533I77M799I	288235 Even3_98694	291195
L	28850	1412	*	*	*	*	*	290759	*
H	28850	77	100.0	+	0	0	533I58MI19M801I	288235 Even3_98694	290759
L	27153	1407	*	*	*	*	*	301270	*
H	27153	77	100.0	+	0	0	533I77M797I	288235 Even3_98694	301270
L	27088	1396	*	*	*	*	*	301608	*
H	27088	77	100.0	+	0	0	522I77M797I	288235 Even3_98694	301608
L	85980	1467	*	*	*	*	*	4369988	*
H	85980	77	100.0	+	0	0	519I77M871I	288235 Even3_98694	4369988
H	26803	101	99.0	+	0	0	514I101M774I	288367 Even1_24223	303452
H	95341	101	99.0	+	0	0	492I101M858I	288367 Even1_24223	4468506
H	41798	101	99.0	+	0	0	515I101M774I	288367 Even1_24223	188840
H	40396	101	99.0	+	0	0	514I101M774I	288367 Even1_24223	196057
H	28917	101	99.0	+	0	0	502I101M773I	288367 Even1_24223	290362
H	27529	101	99.0	+	0	0	533I101M776I	288417 Even4_24784	299151
H	27555	101	99.0	+	0	0	533I101M768I	288417 Even4_24784	298988
H	27781	101	99.0	+	0	0	533I101M734I	288417 Even4_24784	297525
H	27914	101	99.0	+	0	0	533I101M777I	288417 Even4_24784	296659
H	20569	101	99.0	+	0	0	534I101M773I	288417 Even4_24784	349024
L	29158	1396	*	*	*	*	*	288889	*
H	29158	101	99.0	+	0	0	524I101M771I	288889 Even1_501	288889
L	29153	1375	*	*	*	*	*	288930	*
H	29153	101	100.0	+	0	0	506I101M768I	288930 Even4_2036	288930
L	21487	1390	*	*	*	*	*	342110	*
H	21487	101	99.0	+	0	0	515I101M774I	288930 Even4_2036	342110
N	*	93	*	*	*	*	*	288955 Even1_179454	*
L	27509	1403	*	*	*	*	*	299267	*
H	27509	101	99.0	+	0	0	526I101M776I	289709 Even4_253629	299267
L	83476	1434	*	*	*	*	*	4343005	*
H	83476	101	99.0	+	0	0	486I101M847I	289709 Even4_253629	4343005
L	4746	1371	*	*	*	*	*	797229	*
H	4746	101	99.0	+	0	0	507I101M763I	289709 Even4_253629	797229
L	83647	1447	*	*	*	*	*	4344722	*
H	83647	101	99.0	+	0	0	498I101M848I	289709 Even4_253629	4344722
L	45381	1403	*	*	*	*	*	164430	*
H	45381	101	99.0	+	0	0	473I101M829I	289709 Even4_253629	164430
N	*	101	*	*	*	*	*	289927 Even4_37994	*
N	*	95	*	*	*	*	*	289929 Even1_291091	*
L	67651	1423	*	*	*	*	*	2902741	*
H	67651	101	100.0	+	0	0	488I101M834I	2902741 Even4_163988	2902741
L	44254	1400	*	*	*	*	*	175485	*
H	44254	101	99.0	+	0	0	527I101M772I	2902741 Even4_163988	175485
L	87601	1444	*	*	*	*	*	4387250	*
H	87601	101	99.0	+	0	0	490I101M853I	2902741 Even4_163988	4387250
H	88366	101	99.0	+	0	0	503I101M823I	2902741 Even4_163988	4395075
H	88367	101	99.0	+	0	0	511I101M835I	2902741 Even4_163988	4395096
H	26803	101	99.0	+	0	0	514I101M774I	290362 Even1_18818	303452
H	95341	101	99.0	+	0	0	492I101M858I	290362 Even1_18818	4468506
H	41798	101	99.0	+	0	0	515I101M774I	290362 Even1_18818	188840
H	40396	101	99.0	+	0	0	514I101M774I	290362 Even1_18818	196057
H	28917	101	99.0	+	0	0	502I101M773I	290362 Even1_18818	290362
N	*	94	*	*	*	*	*	290735 Even1_241305	*
N	*	90	*	*	*	*	*	290759 Even4_211236	*
L	28776	1381	*	*	*	*	*	291267	*
H	28776	101	99.0	+	0	0	504I101M776I	291267 Even1_8545	291267
L	24128	1388	*	*	*	*	*	323001	*
H	24128	101	99.0	+	0	0	516I101M771I	291784 Even1_80296	323001
L	24609	1389	*	*	*	*	*	319633	*
H	24609	101	99.0	+	0	0	514I101M774I	291784 Even1_80296	319633
N	*	101	*	*	*	*	*	291794 Even3_22006	*
N	*	101	*	*	*	*	*	292041 Even4_153237	*
L	19995	1379	*	*	*	*	*	353032	*
H	19995	101	100.0	+	0	0	507I101M771I	292216 Even1_33366	353032
L	23876	1391	*	*	*	*	*	325098	*
H	23876	101	100.0	+	0	0	515I101M775I	292216 Even1_33366	325098
L	26872	1390	*	*	*	*	*	303037	*
H	26872	101	100.0	+	0	0	515I101M774I	292216 Even1_33366	303037
L	27836	1390	*	*	*	*	*	297150	*
H	27836	101	100.0	+	0	0	514I101M775I	292216 Even1_33366	297150
L	28600	1390	*	*	*	*	*	292216	*
H	28600	101	100.0	+	0	0	515I101M774I	292216 Even1_33366	292216
N	*	101	*	*	*	*	*	292289 Even4_79239	*
H	32273	101	100.0	+	0	0	514I101M776I	292399 Even3_202	264009
H	42244	101	100.0	+	0	0	517I101M774I	292399 Even3_202	186263
H	19984	101	100.0	+	0	0	517I101M752I	292399 Even3_202	353124
H	83661	101	100.0	+	0	0	479I101M842I	292399 Even3_202	4344860
H	42184	101	100.0	+	0	0	516I101M774I	292399 Even3_202	186624
L	28542	1499	*	*	*	*	*	292521	*
H	28542	101	100.0	+	0	0	498I101M900I	292521 Even3_384	292521
L	17850	1547	*	*	*	*	*	484304	*
H	17850	101	99.0	+	0	0	528I101M918I	292521 Even3_384	484304
N	*	101	*	*	*	*	*	292921 Even1_610	*
N	*	94	*	*	*	*	*	2932151 Even1_30970	*
L	41474	1373	*	*	*	*	*	190512	*
H	41474	101	100.0	+	0	0	515I101M757I	293508 Even1_87352	190512
L	41501	1393	*	*	*	*	*	190335	*
H	41501	101	100.0	+	0	0	517I101M775I	293508 Even1_87352	190335
L	41608	1390	*	*	*	*	*	189797	*
H	41608	101	100.0	+	0	0	515I101M774I	293508 Even1_87352	189797
L	41617	1359	*	*	*	*	*	189755	*
H	41617	101	100.0	+	0	0	513I101M745I	293508 Even1_87352	189755
L	41640	1390	*	*	*	*	*	189626	*
H	41640	101	100.0	+	0	0	513I101M776I	293508 Even1_87352	189626
L	21769	1391	*	*	*	*	*	340025	*
H	21769	101	100.0	+	0	0	516I101M774I	293600 Even4_6874	340025
L	22820	1390	*	*	*	*	*	332500	*
H	22820	101	100.0	+	0	0	515I101M774I	293600 Even4_6874	332500
L	22669	1392	*	*	*	*	*	333580	*
H	22669	101	100.0	+	0	0	517I101M774I	293600 Even4_6874	333580
L	28379	1390	*	*	*	*	*	293600	*
H	28379	101	100.0	+	0	0	515I101M774I	293600 Even4_6874	293600
H	44477	101	99.0	+	0	0	515I101M771I	293600 Even4_6874	174301
L	28328	1379	*	*	*	*	*	293990	*
H	28328	101	99.0	+	0	0	504I101M774I	293990 Even1_131219	293990
H	41258	101	99.0	+	0	0	515I101M773I	294022 Even1_171444	191608
H	41250	101	99.0	+	0	0	517I101M775I	294022 Even1_171444	191658
H	26551	101	99.0	+	0	0	515I101M776I	294022 Even1_171444	305329
H	43641	101	99.0	+	0	0	517I101M774I	294022 Even1_171444	178809
H	40956	101	99.0	+	0	0	514I101M779I	294022 Even1_171444	193235
N	*	96	*	*	*	*	*	294353 Even4_164622	*
L	24562	1390	*	*	*	*	*	319938	*
H	24562	101	100.0	+	0	0	515I101M774I	294440 Even4_19796	319938
L	28259	1382	*	*	*	*	*	294440	*
H	28259	101	100.0	+	0	0	504I101M777I	294440 Even4_19796	294440
L	28010	1390	*	*	*	*	*	296103	*
H	28010	101	100.0	+	0	0	515I101M774I	294440 Even4_19796	296103
L	26659	1390	*	*	*	*	*	304568	*
H	26659	101	100.0	+	0	0	515I101M774I	294440 Even4_19796	304568
N	*	93	*	*	*	*	*	295053 Even4_1259	*
L	28152	1384	*	*	*	*	*	295194	*
H	28152	101	100.0	+	0	0	520I101M763I	295194 Even1_278096	295194
H	28082	101	99.0	+	0	0	522I101M765I	295194 Even1_278096	295705
H	26841	101	99.0	+	0	0	523I101M766I	295194 Even1_278096	303221
H	29368	101	99.0	+	0	0	532I101M765I	295194 Even1_278096	287510
H	26660	101	99.0	+	0	0	522I101M771I	295194 Even1_278096	304563
L	22951	1364	*	*	*	*	*	331571	*
H	22951	101	99.0	+	0	0	515I101M748I	295361 Even4_78364	331571
N	*	101	*	*	*	*	*	295384 Even3_175351	*
N	*	101	*	*	*	*	*	295417 Even1_251344	*
N	*	101	*	*	*	*	*	295554 Even3_80749	*
L	65887	1425	*	*	*	*	*	2688035	*
H	65887	101	99.0	+	0	0	474I101M850I	295737 Even1_14698	2688035
L	19228	1358	*	*	*	*	*	361556	*
H	19228	101	99.0	+	0	0	496I101M761I	295737 Even1_14698	361556
L	19548	1386	*	*	*	*	*	356360	*
H	19548	101	99.0	+	0	0	516I101M769I	295737 Even1_14698	356360
L	75736	1440	*	*	*	*	*	3926480	*
H	75736	101	99.0	+	0	0	475I101M864I	295737 Even1_14698	3926480
L	88557	1439	*	*	*	*	*	4396888	*
H	88557	101	99.0	+	0	0	495I101M843I	295737 Even1_14698	4396888
H	21556	101	99.0	+	0	0	515I101M774I	2957436 Even4_14572	341622
H	23992	101	99.0	+	0	0	515I101M776I	2957436 Even4_14572	324236
L	94935	1446	*	*	*	*	*	4464533	*
H	94935	101	99.0	+	0	0	495I93MI8M849I	2957436 Even4_14572	4464533
H	20067	101	99.0	+	0	0	515I101M776I	2957436 Even4_14572	352529
L	8962	1356	*	*	*	*	*	583398	*
H	8962	101	99.0	+	0	0	496I101M759I	2957436 Even4_14572	583398
L	62304	1421	*	*	*	*	*	2243510	*
H	62304	101	99.0	+	0	0	507I101M813I	296470 Even4_879	2243510
N	*	101	*	*	*	*	*	296872 Even3_13823	*
H	86804	101	99.0	+	0	0	501I101M833I	297057 Even1_85211	4378688
H	63929	101	99.0	+	0	0	505I101M832I	297057 Even1_85211	2442708
H	42683	101	99.0	+	0	0	516I101M769I	297057 Even1_85211	183817
H	41739	101	99.0	+	0	0	533I101M770I	297057 Even1_85211	189090
H	27859	101	99.0	+	0	0	525I101M753I	297057 Even1_85211	297057
L	27829	1392	*	*	*	*	*	297182	*
H	27829	101	99.0	+	0	0	516I101M775I	297182 Even1_302021	297182
L	25500	1400	*	*	*	*	*	312969	*
H	25500	90	100.0	+	0	0	528I90M782I	297414 Even4_32743	312969
L	20985	1401	*	*	*	*	*	345899	*
H	20985	90	100.0	+	0	0	528I90M783I	297414 Even4_32743	345899
L	20332	1399	*	*	*	*	*	350627	*
H	20332	90	100.0	+	0	0	528I90M781I	297414 Even4_32743	350627
L	21874	1367	*	*	*	*	*	339221	*
H	21874	90	100.0	+	0	0	528I90M749I	297414 Even4_32743	339221
L	27800	1403	*	*	*	*	*	297414	*
H	27800	90	100.0	+	0	0	528I90M785I	297414 Even4_32743	297414
N	*	101	*	*	*	*	*	297529 Even4_55205	*
H	42959	101	99.0	+	0	0	531I101M768I	297635 Even1_25236	182483
H	40197	101	99.0	+	0	0	537I101M764I	297635 Even1_25236	197105
H	40890	101	99.0	+	0	0	532I101M767I	297635 Even1_25236	193623
H	43402	101	99.0	+	0	0	532I101M770I	297635 Even1_25236	180112
L	23187	1398	*	*	*	*	*	329820	*
H	23187	101	99.0	+	0	0	532I101M765I	297635 Even1_25236	329820
H	32273	101	99.0	+	0	0	514I101M776I	297643 Even3_171495	264009
H	42244	101	99.0	+	0	0	517I101M774I	297643 Even3_171495	186263
H	19984	101	99.0	+	0	0	517I101M752I	297643 Even3_171495	353124
H	83661	101	99.0	+	0	0	479I101M842I	297643 Even3_171495	4344860
H	42184	101	99.0	+	0	0	516I101M774I	297643 Even3_171495	186624
H	27714	101	100.0	+	0	0	515I101M774I	297917 Even3_62734	297917
H	21230	101	100.0	+	0	0	515I101M774I	297917 Even3_62734	344114
N	*	101	*	*	*	*	*	298254 Even1_293384	*
L	26991	1393	*	*	*	*	*	302239	*
H	26991	101	99.0	+	0	0	515I101M777I	298379 Even1_10119	302239
L	29289	1342	*	*	*	*	*	288004	*
H	29289	101	100.0	+	0	0	495I101M746I	2990918 Even4_8	288004
L	28298	1367	*	*	*	*	*	294210	*
H	28298	101	100.0	+	0	0	499I101M767I	2990918 Even4_8	294210
L	23212	1365	*	*	*	*	*	329688	*
H	23212	101	100.0	+	0	0	496I101M768I	2990918 Even4_8	329688
L	68393	1413	*	*	*	*	*	2990918	*
H	68393	101	100.0	+	0	0	477I101M835I	2990918 Even4_8	2990918
L	28683	1364	*	*	*	*	*	291811	*
H	28683	101	100.0	+	0	0	496I101M767I	2990918 Even4_8	291811
N	*	101	*	*	*	*	*	299902 Even4_85037	*
L	68474	1418	*	*	*	*	*	3002161	*
H	68474	101	99.0	+	0	0	493I32MI69M823I	3002161 Even4_277542	3002161
L	18825	1388	*	*	*	*	*	368486	*
H	18825	101	99.0	+	0	0	538I101M749I	3002161 Even4_277542	368486
L	13431	1368	*	*	*	*	*	548587	*
H	13431	101	99.0	+	0	0	537I101M730I	3002161 Even4_277542	548587
L	9455	1366	*	*	*	*	*	579851	*
H	9455	101	99.0	+	0	0	517I101M748I	3002161 Even4_277542	579851
L	39865	1393	*	*	*	*	*	198930	*
H	39865	101	99.0	+	0	0	517I101M775I	300517 Even4_178330	198930
L	23718	1396	*	*	*	*	*	326113	*
H	23718	101	99.0	+	0	0	516I101M779I	300517 Even4_178330	326113
L	72050	1439	*	*	*	*	*	3450454	*
H	72050	101	99.0	+	0	0	484I101M854I	300517 Even4_178330	3450454
L	87012	1439	*	*	*	*	*	4380813	*
H	87012	101	99.0	+	0	0	483I101M855I	300517 Even4_178330	4380813
L	86914	1490	*	*	*	*	*	4379957	*
H	86914	101	99.0	+	0	0	513I101M876I	300517 Even4_178330	4379957
N	*	101	*	*	*	*	*	300662 Even1_7845	*
N	*	94	*	*	*	*	*	300672 Even1_79638	*
N	*	79	*	*	*	*	*	300716 Even4_279720	*
L	27251	1403	*	*	*	*	*	300729	*
H	27251	101	100.0	+	0	0	524I101M778I	300729 Even4_19298	300729
L	13133	1419	*	*	*	*	*	550960	*
H	13133	101	99.0	+	0	0	475I101M843I	300729 Even4_19298	550960
L	66087	1381	*	*	*	*	*	1122622	*
H	66087	101	99.0	+	0	0	466I101M814I	300729 Even4_19298	1122622
L	70294	1446	*	*	*	*	*	3232397	*
H	70294	101	99.0	+	0	0	501I101M844I	300729 Even4_19298	3232397
L	60528	1460	*	*	*	*	*	825989	*
H	60528	101	99.0	+	0	0	527I101M832I	300729 Even4_19298	825989
N	*	101	*	*	*	*	*	301033 Even3_115533	*
H	26272	101	99.0	+	0	0	528I101M771I	301253 Even1_82951	307571
H	21198	101	99.0	+	0	0	528I101M771I	301253 Even1_82951	344318
H	28287	101	99.0	+	0	0	523I101M763I	301253 Even1_82951	294270
H	25477	101	99.0	+	0	0	528I101M772I	301253 Even1_82951	313121
H	28485	101	99.0	+	0	0	528I101M770I	301253 Even1_82951	292921
H	27088	101	100.0	+	0	0	522I101M773I	301608 Even4_8751	301608
L	27268	1407	*	*	*	*	*	300658	*
H	27268	101	99.0	+	0	0	533I101M773I	301608 Even4_8751	300658
H	27914	101	99.0	+	0	0	533I101M777I	301608 Even4_8751	296659
L	29253	1416	*	*	*	*	*	288235	*
H	29253	101	99.0	+	0	0	533I101M782I	301608 Even4_8751	288235
H	85980	101	99.0	+	0	0	519I101M847I	301608 Even4_8751	4369988
L	27062	1371	*	*	*	*	*	301765	*
H	27062	101	100.0	+	0	0	497I101M773I	301765 Even1_19596	301765
L	24282	1393	*	*	*	*	*	321902	*
H	24282	101	100.0	+	0	0	518I101M774I	301765 Even1_19596	321902
H	68116	101	99.0	+	0	0	502I101M851I	3021821 Even1_21221	2957436
H	68649	101	99.0	+	0	0	492I101M860I	3021821 Even1_21221	3021821
H	23992	101	99.0	+	0	0	515I101M776I	3021821 Even1_21221	324236
H	18714	101	99.0	+	0	0	495I101M763I	3021821 Even1_21221	370361
L	43539	1389	*	*	*	*	*	179408	*
H	43539	101	99.0	+	0	0	515I101M773I	3021821 Even1_21221	179408
L	26890	1427	*	*	*	*	*	302919	*
H	26890	101	100.0	+	0	0	534I101M792I	302919 Even4_288	302919
L	26896	1399	*	*	*	*	*	302880	*
H	26896	101	99.0	+	0	0	525I101M773I	302919 Even4_288	302880
H	95850	101	99.0	+	0	0	533I101M876I	302919 Even4_288	4473883
L	28497	1388	*	*	*	*	*	292820	*
H	28497	101	99.0	+	0	0	533I101M754I	302919 Even4_288	292820
H	60296	101	99.0	+	0	0	493I101M845I	302919 Even4_288	1997391
H	27529	101	99.0	+	0	0	533I101M776I	303161 Even4_54507	299151
H	27555	101	99.0	+	0	0	533I101M768I	303161 Even4_54507	298988
H	27781	101	99.0	+	0	0	533I101M734I	303161 Even4_54507	297525
H	27914	101	99.0	+	0	0	533I101M777I	303161 Even4_54507	296659
H	20569	101	99.0	+	0	0	534I101M773I	303161 Even4_54507	349024
N	*	78	*	*	*	*	*	303169 Even4_291005	*
N	*	101	*	*	*	*	*	303864 Even4_1359	*
N	*	101	*	*	*	*	*	303897 Even3_220655	*
N	*	91	*	*	*	*	*	305329 Even4_48668	*
N	*	86	*	*	*	*	*	306368 Even4_171991	*
H	40773	101	99.0	+	0	0	524I101M768I	306633 Even4_35456	194215
N	*	101	*	*	*	*	*	308426 Even1_73293	*
L	41263	1361	*	*	*	*	*	191593	*
H	41263	101	99.0	+	0	0	486I101M774I	308502 Even1_130	191593
H	7082	101	100.0	+	0	0	480I101M825I	308502 Even1_130	628226
H	13544	101	100.0	+	0	0	468I101M761I	308502 Even1_130	547714
H	7385	101	100.0	+	0	0	497I101M909I	308502 Even1_130	606927
H	26125	101	100.0	+	0	0	486I101M777I	308502 Even1_130	308502
N	*	101	*	*	*	*	*	309790 Even3_23748	*
N	*	91	*	*	*	*	*	310931 Even4_73778	*
L	25646	1355	*	*	*	*	*	311950	*
H	25646	101	100.0	+	0	0	504I101M750I	311950 Even1_23678	311950
L	35763	1493	*	*	*	*	*	239358	*
H	35763	101	99.0	+	0	0	517I101M875I	312140 Even4_11272	239358
N	*	101	*	*	*	*	*	312586 Even3_5426	*
L	25523	1357	*	*	*	*	*	312770	*
H	25523	101	99.0	+	0	0	505I101M751I	312770 Even1_3322	312770
L	89440	1438	*	*	*	*	*	4406684	*
H	89440	101	99.0	+	0	0	493I101M844I	313121 Even1_64812	4406684
H	26272	101	99.0	+	0	0	528I101M771I	313121 Even1_64812	307571
H	25500	101	99.0	+	0	0	528I101M771I	313121 Even1_64812	312969
H	25477	101	99.0	+	0	0	528I101M772I	313121 Even1_64812	313121
H	16098	101	99.0	+	0	0	527I101M770I	313121 Even1_64812	524891
L	25410	1391	*	*	*	*	*	313593	*
H	25410	101	100.0	+	0	0	516I101M774I	313593 Even4_1967	313593
N	*	101	*	*	*	*	*	3141094 Even1_107181	*
N	*	101	*	*	*	*	*	316642 Even3_208050	*
N	*	101	*	*	*	*	*	316761 Even1_50791	*
N	*	91	*	*	*	*	*	3173413 Even1_206365	*
N	*	101	*	*	*	*	*	317677 Even4_72554	*
L	24859	1388	*	*	*	*	*	317818	*
H	24859	101	99.0	+	0	0	513I101M774I	317818 Even1_98176	317818
N	*	101	*	*	*	*	*	317892 Even4_164233	*
N	*	101	*	*	*	*	*	319621 Even1_547	*
L	17038	1377	*	*	*	*	*	513440	*
H	17038	101	99.0	+	0	0	502I101M774I	319680 Even1_49040	513440
L	24573	1381	*	*	*	*	*	319870	*
H	24573	101	99.0	+	0	0	508I101M772I	319870 Even1_155	319870
L	39814	1392	*	*	*	*	*	199190	*
H	39814	101	99.0	+	0	0	521I101M770I	320120 Even4_103031	199190
L	42546	1399	*	*	*	*	*	184610	*
H	42546	101	99.0	+	0	0	527I101M771I	320120 Even4_103031	184610
L	87434	1449	*	*	*	*	*	4385318	*
H	87434	101	99.0	+	0	0	504I101M844I	320120 Even4_103031	4385318
L	41286	1393	*	*	*	*	*	191487	*
H	41286	101	99.0	+	0	0	521I101M771I	320120 Even4_103031	191487
N	*	101	*	*	*	*	*	3203801 Even4_171104	*
H	40404	101	99.0	+	0	0	517I101M779I	320430 Even1_7069	195999
H	40426	101	99.0	+	0	0	517I101M774I	320430 Even1_7069	195883
H	43440	101	99.0	+	0	0	515I101M774I	320430 Even1_7069	179865
H	40371	101	99.0	+	0	0	516I63MI38M777I	320430 Even1_7069	196176
H	56988	101	99.0	+	0	0	490I101M856I	320430 Even1_7069	1601633
N	*	101	*	*	*	*	*	320786 Even4_118031	*
N	*	101	*	*	*	*	*	3211875 Even3_23864	*
L	32300	1403	*	*	*	*	*	263873	*
H	32300	96	100.0	+	0	0	528I96M779I	3231096 Even4_15851	263873
L	32368	1401	*	*	*	*	*	263420	*
H	32368	96	100.0	+	0	0	526I96M779I	3231096 Even4_15851	263420
L	42142	1398	*	*	*	*	*	186872	*
H	42142	96	100.0	+	0	0	518I96M784I	3231096 Even4_15851	186872
L	32262	1403	*	*	*	*	*	264109	*
H	32262	96	100.0	+	0	0	526I96M781I	3231096 Even4_15851	264109
L	25368	1408	*	*	*	*	*	313878	*
H	25368	96	100.0	+	0	0	531I96M781I	3231096 Even4_15851	313878
N	*	101	*	*	*	*	*	323231 Even3_23384	*
L	36436	1442	*	*	*	*	*	234148	*
H	36436	101	100.0	+	0	0	465I101M876I	3232397 Even3_47	234148
H	13133	101	100.0	+	0	0	475I101M843I	3232397 Even3_47	550960
L	80180	1419	*	*	*	*	*	4309033	*
H	80180	101	99.0	+	0	0	483I101M835I	3232397 Even3_47	4309033
L	65569	1437	*	*	*	*	*	2654261	*
H	65569	101	100.0	+	0	0	482I101M854I	3232397 Even3_47	2654261
H	16022	101	100.0	+	0	0	488I101M769I	3232397 Even3_47	525841
N	*	101	*	*	*	*	*	323794 Even3_118334	*
H	68116	101	100.0	+	0	0	502I101M851I	3244671 Even4_32	2957436
H	68649	101	100.0	+	0	0	492I101M860I	3244671 Even4_32	3021821
H	58003	101	99.0	+	0	0	495I101M840I	3244671 Even4_32	1721299
H	23992	101	100.0	+	0	0	515I101M776I	3244671 Even4_32	324236
H	18714	101	100.0	+	0	0	495I101M763I	3244671 Even4_32	370361
N	*	101	*	*	*	*	*	3244992 Even4_138712	*
L	42824	1388	*	*	*	*	*	183137	*
H	42824	77	100.0	+	0	0	517I77M794I	326113 Even4_67654	183137
L	86274	1437	*	*	*	*	*	4373152	*
H	86274	77	100.0	+	0	0	489I77M871I	326113 Even4_67654	4373152
L	53048	1528	*	*	*	*	*	73371	*
H	53048	77	100.0	+	0	0	517I77M934I	326113 Even4_67654	73371
L	71869	1426	*	*	*	*	*	3424669	*
H	71869	77	100.0	+	0	0	490I77M859I	326113 Even4_67654	3424669
H	19712	77	100.0	+	0	0	518I77M799I	326113 Even4_67654	355196
L	20275	1375	*	*	*	*	*	351084	*
H	20275	101	100.0	+	0	0	500I101M774I	326430 Even1_13	351084
L	20439	1362	*	*	*	*	*	349902	*
H	20439	101	100.0	+	0	0	488I101M773I	326430 Even1_13	349902
L	28381	1364	*	*	*	*	*	293594	*
H	28381	101	100.0	+	0	0	488I101M775I	326430 Even1_13	293594
L	28254	1332	*	*	*	*	*	294499	*
H	28254	101	100.0	+	0	0	490I101M741I	326430 Even1_13	294499
L	27983	1362	*	*	*	*	*	296279	*
H	27983	101	100.0	+	0	0	488I101M773I	326430 Even1_13	296279
L	23641	1378	*	*	*	*	*	326626	*
H	23641	101	100.0	+	0	0	508I101M769I	326626 Even3_94447	326626
L	18993	1384	*	*	*	*	*	365496	*
H	18993	101	99.0	+	0	0	526I101M757I	326626 Even3_94447	365496
H	62180	101	99.0	+	0	0	491I101M840I	326626 Even3_94447	2224336
L	42039	1382	*	*	*	*	*	187388	*
H	42039	101	99.0	+	0	0	512I101M769I	326626 Even3_94447	187388
H	31098	101	99.0	+	0	0	526I101M768I	326626 Even3_94447	271259
L	42865	1324	*	*	*	*	*	182956	*
H	42865	101	99.0	+	0	0	486I101M737I	326850 Even3_6577	182956
L	40539	1359	*	*	*	*	*	195301	*
H	40539	101	99.0	+	0	0	486I101M772I	326850 Even3_6577	195301
L	24820	1358	*	*	*	*	*	318091	*
H	24820	101	99.0	+	0	0	488I101M769I	326850 Even3_6577	318091
L	90178	1405	*	*	*	*	*	4414489	*
H	90178	101	99.0	+	0	0	457I101M847I	326850 Even3_6577	4414489
H	20275	101	99.0	+	0	0	500I101M774I	326850 Even3_6577	351084
N	*	101	*	*	*	*	*	327050 Even1_82039	*
N	*	101	*	*	*	*	*	327076 Even3_4219	*
L	92147	1413	*	*	*	*	*	4434334	*
H	92147	101	99.0	+	0	0	463I101M849I	327756 Even1_853	4434334
L	40675	1389	*	*	*	*	*	194659	*
H	40675	101	99.0	+	0	0	514I101M774I	327756 Even1_853	194659
L	21623	1359	*	*	*	*	*	341054	*
H	21623	101	99.0	+	0	0	486I101M772I	327756 Even1_853	341054
L	25608	1361	*	*	*	*	*	312171	*
H	25608	101	99.0	+	0	0	488I101M772I	327756 Even1_853	312171
H	90178	101	99.0	+	0	0	457I101M847I	327756 Even1_853	4414489
L	23465	1409	*	*	*	*	*	327851	*
H	23465	101	100.0	+	0	0	535I101M773I	327851 Even3_17975	327851
L	25030	1403	*	*	*	*	*	316587	*
H	25030	101	99.0	+	0	0	533I101M769I	327851 Even3_17975	316587
H	28497	101	99.0	+	0	0	533I101M754I	327851 Even3_17975	292820
L	70407	1455	*	*	*	*	*	3244896	*
H	70407	101	99.0	+	0	0	517I101M837I	327851 Even3_17975	3244896
H	95850	101	99.0	+	0	0	533I101M876I	327851 Even3_17975	4473883
N	*	95	*	*	*	*	*	328458 Even1_119145	*
N	*	101	*	*	*	*	*	328466 Even1_107429	*
H	20275	101	99.0	+	0	0	500I101M774I	328836 Even1_4902	351084
H	20439	101	99.0	+	0	0	488I101M773I	328836 Even1_4902	349902
H	28381	101	99.0	+	0	0	488I101M775I	328836 Even1_4902	293594
H	28254	101	99.0	+	0	0	490I101M741I	328836 Even1_4902	294499
H	27983	101	99.0	+	0	0	488I101M773I	328836 Even1_4902	296279
L	23217	1391	*	*	*	*	*	329662	*
H	23217	101	99.0	+	0	0	515I101M775I	329662 Even1_36650	329662
N	*	101	*	*	*	*	*	329817 Even1_82180	*
L	83327	1439	*	*	*	*	*	4341534	*
H	83327	101	99.0	+	0	0	481I101M857I	3301187 Even4_2163	4341534
L	62934	1433	*	*	*	*	*	2320424	*
H	62934	101	99.0	+	0	0	475I101M857I	3301187 Even4_2163	2320424
L	40932	1392	*	*	*	*	*	193407	*
H	40932	101	99.0	+	0	0	515I101M776I	3301187 Even4_2163	193407
N	*	101	*	*	*	*	*	3318103 Even4_259450	*
N	*	101	*	*	*	*	*	331859 Even1_289073	*
N	*	101	*	*	*	*	*	332718 Even1_235	*
N	*	77	*	*	*	*	*	332764 Even1_71880	*
H	26634	101	99.0	+	0	0	499I101M758I	333189 Even3_207713	304777
H	42816	101	99.0	+	0	0	526I101M771I	333189 Even3_207713	183162
L	22721	1401	*	*	*	*	*	333189	*
H	22721	101	99.0	+	0	0	526I101M774I	333189 Even3_207713	333189
H	75540	101	99.0	+	0	0	499I101M857I	333189 Even3_207713	3903651
L	39769	1395	*	*	*	*	*	199422	*
H	39769	101	99.0	+	0	0	519I101M775I	333189 Even3_207713	199422
L	22629	1379	*	*	*	*	*	333859	*
H	22629	101	100.0	+	0	0	508I101M770I	333859 Even4_3211	333859
H	20275	101	99.0	+	0	0	500I101M774I	333896 Even4_61940	351084
H	20439	101	99.0	+	0	0	488I101M773I	333896 Even4_61940	349902
H	28381	101	99.0	+	0	0	488I101M775I	333896 Even4_61940	293594
H	28254	101	99.0	+	0	0	490I101M741I	333896 Even4_61940	294499
H	27983	101	99.0	+	0	0	488I101M773I	333896 Even4_61940	296279
N	*	101	*	*	*	*	*	333949 Even4_301659	*
N	*	101	*	*	*	*	*	3349140 Even1_37109	*
L	41658	1379	*	*	*	*	*	189524	*
H	41658	101	99.0	+	0	0	511I101M767I	335670 Even1_4658	189524
L	22392	1370	*	*	*	*	*	335670	*
H	22392	101	100.0	+	0	0	501I101M768I	335670 Even1_4658	335670
H	26803	101	99.0	+	0	0	514I101M774I	338355 Even3_16647	303452
H	95341	101	99.0	+	0	0	492I101M858I	338355 Even3_16647	4468506
H	41798	101	99.0	+	0	0	515I101M774I	338355 Even3_16647	188840
H	40396	101	99.0	+	0	0	514I101M774I	338355 Even3_16647	196057
H	28917	101	99.0	+	0	0	502I101M773I	338355 Even3_16647	290362
N	*	101	*	*	*	*	*	340474 Even3_78557	*
N	*	101	*	*	*	*	*	340547 Even4_1580	*
N	*	101	*	*	*	*	*	340642 Even4_1089	*
H	43229	101	100.0	+	0	0	497I101M769I	340761 Even1_50	181008
H	19141	101	100.0	+	0	0	498I101M763I	340761 Even1_50	362947
H	43251	101	100.0	+	0	0	517I101M773I	340761 Even1_50	180878
H	43288	101	100.0	+	0	0	504I101M774I	340761 Even1_50	180681
H	43296	101	100.0	+	0	0	517I101M774I	340761 Even1_50	180654
L	47712	1352	*	*	*	*	*	145801	*
H	47712	101	100.0	+	0	0	500I101M751I	3413566 Even1_16	145801
L	19496	1353	*	*	*	*	*	356760	*
H	19496	101	100.0	+	0	0	500I101M752I	3413566 Even1_16	356760
L	87913	1360	*	*	*	*	*	4390365	*
H	87913	101	100.0	+	0	0	422I43MI58M836I	3413566 Even1_16	4390365
L	19301	1364	*	*	*	*	*	360238	*
H	19301	101	99.0	+	0	0	498I101M765I	3413566 Even1_16	360238
L	86873	1482	*	*	*	*	*	4379449	*
H	86873	101	99.0	+	0	0	519I101M862I	3413566 Even1_16	4379449
N	*	101	*	*	*	*	*	341930 Even4_50471	*
H	29153	101	99.0	+	0	0	506I101M768I	342110 Even3_235117	288930
H	21487	101	100.0	+	0	0	515I101M774I	342110 Even3_235117	342110
N	*	101	*	*	*	*	*	342487 Even3_12829	*
N	*	78	*	*	*	*	*	342638 Even1_29327	*
N	*	101	*	*	*	*	*	342666 Even3_105489	*
N	*	101	*	*	*	*	*	3440955 Even1_7658	*
N	*	101	*	*	*	*	*	344118 Even4_26055	*
N	*	101	*	*	*	*	*	344133 Even1_53796	*
N	*	83	*	*	*	*	*	344318 Even1_172902	*
N	*	101	*	*	*	*	*	344553 Even1_22517	*
L	47716	1355	*	*	*	*	*	145765	*
H	47716	101	99.0	+	0	0	498I101M756I	345176 Even4_40803	145765
L	39938	1396	*	*	*	*	*	198542	*
H	39938	101	99.0	+	0	0	518I101M777I	345176 Even4_40803	198542
L	42550	1362	*	*	*	*	*	184573	*
H	42550	101	99.0	+	0	0	483I101M778I	345176 Even4_40803	184573
L	44290	1389	*	*	*	*	*	175280	*
H	44290	101	99.0	+	0	0	513I101M775I	345176 Even4_40803	175280
L	40790	1389	*	*	*	*	*	194107	*
H	40790	101	99.0	+	0	0	514I101M774I	345176 Even4_40803	194107
H	20275	101	99.0	+	0	0	500I101M774I	345246 Even4_19066	351084
H	20439	101	99.0	+	0	0	488I101M773I	345246 Even4_19066	349902
H	28381	101	99.0	+	0	0	488I101M775I	345246 Even4_19066	293594
H	28254	101	99.0	+	0	0	490I101M741I	345246 Even4_19066	294499
H	27983	101	99.0	+	0	0	488I101M773I	345246 Even4_19066	296279
H	42319	101	99.0	+	0	0	515I101M781I	345303 Even3_24550	185884
L	40172	1390	*	*	*	*	*	197225	*
H	40172	101	99.0	+	0	0	515I101M774I	345303 Even3_24550	197225
H	95341	101	99.0	+	0	0	492I101M858I	345303 Even3_24550	4468506
L	82677	1453	*	*	*	*	*	4335484	*
H	82677	101	99.0	+	0	0	484I101M868I	345303 Even3_24550	4335484
L	13166	1359	*	*	*	*	*	550727	*
H	13166	101	99.0	+	0	0	495I101M763I	345303 Even3_24550	550727
L	70405	1440	*	*	*	*	*	3244671	*
H	70405	101	99.0	+	0	0	485I101M854I	346689 Even4_110441	3244671
L	20877	1388	*	*	*	*	*	346689	*
H	20877	101	100.0	+	0	0	515I101M772I	346689 Even4_110441	346689
L	71392	1438	*	*	*	*	*	3366133	*
H	71392	101	99.0	+	0	0	486I101M851I	346689 Even4_110441	3366133
H	23992	101	99.0	+	0	0	515I101M776I	346689 Even4_110441	324236
L	62565	1446	*	*	*	*	*	2271953	*
H	62565	101	99.0	+	0	0	501I101M844I	346689 Even4_110441	2271953
N	*	101	*	*	*	*	*	3475269 Even3_895	*
N	*	94	*	*	*	*	*	347875 Even4_256124	*
L	20699	1333	*	*	*	*	*	347965	*
H	20699	101	100.0	+	0	0	487I101M745I	347965 Even1_5680	347965
H	20439	101	99.0	+	0	0	488I101M773I	347965 Even1_5680	349902
L	23610	1365	*	*	*	*	*	326850	*
H	23610	101	99.0	+	0	0	515I101M749I	347965 Even1_5680	326850
L	23578	1355	*	*	*	*	*	327076	*
H	23578	101	99.0	+	0	0	488I101M766I	347965 Even1_5680	327076
H	42865	101	99.0	+	0	0	486I101M737I	347965 Even1_5680	182956
L	42159	1392	*	*	*	*	*	186775	*
H	42159	95	100.0	+	0	0	518I95M779I	348748 Even3_12890	186775
L	41407	1386	*	*	*	*	*	190864	*
H	41407	95	100.0	+	0	0	513I95M778I	348748 Even3_12890	190864
L	41406	1381	*	*	*	*	*	190874	*
H	41406	95	100.0	+	0	0	505I95M781I	348748 Even3_12890	190874
L	42867	1389	*	*	*	*	*	182947	*
H	42867	95	100.0	+	0	0	514I95M780I	348748 Even3_12890	182947
L	42218	1389	*	*	*	*	*	186430	*
H	42218	95	100.0	+	0	0	514I95M780I	348748 Even3_12890	186430
H	42159	91	100.0	+	0	0	518I91M783I	349482 Even1_31086	186775
H	41407	91	100.0	+	0	0	513I91M782I	349482 Even1_31086	190864
H	41406	91	100.0	+	0	0	505I91M785I	349482 Even1_31086	190874
H	42867	91	100.0	+	0	0	514I91M784I	349482 Even1_31086	182947
H	42218	91	100.0	+	0	0	514I91M784I	349482 Even1_31086	186430
L	20462	1402	*	*	*	*	*	349786	*
H	20462	92	100.0	+	0	0	529I92M781I	349786 Even1_12635	349786
N	*	101	*	*	*	*	*	351084 Even4_148628	*
L	20083	1364	*	*	*	*	*	352473	*
H	20083	101	100.0	+	0	0	489I101M774I	352473 Even4_115217	352473
L	23673	1363	*	*	*	*	*	326430	*
H	23673	101	99.0	+	0	0	489I101M773I	352473 Even4_115217	326430
H	23610	101	99.0	+	0	0	515I101M749I	352473 Even4_115217	326850
H	23578	101	99.0	+	0	0	488I101M766I	352473 Even4_115217	327076
L	23478	1387	*	*	*	*	*	327756	*
H	23478	101	99.0	+	0	0	513I101M773I	352473 Even4_115217	327756
L	19840	1329	*	*	*	*	*	354220	*
H	19840	101	100.0	+	0	0	488I101M740I	354220 Even3_184495	354220
L	27631	1363	*	*	*	*	*	298514	*
H	27631	101	99.0	+	0	0	488I101M774I	354220 Even3_184495	298514
L	27653	1362	*	*	*	*	*	298381	*
H	27653	101	99.0	+	0	0	488I101M773I	354220 Even3_184495	298381
L	27733	1366	*	*	*	*	*	297783	*
H	27733	101	99.0	+	0	0	488I101M777I	354220 Even3_184495	297783
L	21159	1361	*	*	*	*	*	344578	*
H	21159	101	99.0	+	0	0	486I101M774I	354220 Even3_184495	344578
L	19832	1389	*	*	*	*	*	354258	*
H	19832	101	100.0	+	0	0	515I101M773I	354258 Even4_1301	354258
L	20881	1357	*	*	*	*	*	346666	*
H	20881	101	99.0	+	0	0	486I101M770I	354258 Even4_1301	346666
L	20812	1375	*	*	*	*	*	347131	*
H	20812	101	99.0	+	0	0	500I101M774I	354258 Even4_1301	347131
L	26934	1367	*	*	*	*	*	302610	*
H	26934	101	99.0	+	0	0	488I101M778I	354258 Even4_1301	302610
H	20439	101	99.0	+	0	0	488I101M773I	354258 Even4_1301	349902
N	*	101	*	*	*	*	*	355277 Even4_257745	*
N	*	101	*	*	*	*	*	355291 Even4_172564	*
N	*	91	*	*	*	*	*	355510 Even4_92911	*
N	*	101	*	*	*	*	*	356255 Even1_30100	*
L	19400	1374	*	*	*	*	*	358493	*
H	19400	101	100.0	+	0	0	516I101M757I	3562626 Even3_144	358493
L	72937	1430	*	*	*	*	*	3562626	*
H	72937	101	100.0	+	0	0	483I101M846I	3562626 Even3_144	3562626
L	61851	1432	*	*	*	*	*	2189140	*
H	61851	101	100.0	+	0	0	491I101M840I	3562626 Even3_144	2189140
L	38709	1491	*	*	*	*	*	209685	*
H	38709	101	100.0	+	0	0	526I101M864I	3562626 Even3_144	209685
L	19027	1365	*	*	*	*	*	364903	*
H	19027	101	100.0	+	0	0	498I101M766I	3562626 Even3_144	364903
L	54019	1414	*	*	*	*	*	44560	*
H	54019	101	99.0	+	0	0	498I101M815I	356360 Even3_417	44560
H	19548	101	100.0	+	0	0	516I101M769I	356360 Even3_417	356360
L	78063	1434	*	*	*	*	*	4217963	*
H	78063	101	99.0	+	0	0	486I101M847I	357002 Even4_57017	4217963
L	24251	1355	*	*	*	*	*	322114	*
H	24251	101	99.0	+	0	0	498I101M756I	357002 Even4_57017	322114
L	44210	1390	*	*	*	*	*	175741	*
H	44210	101	99.0	+	0	0	515I101M774I	357002 Even4_57017	175741
L	54551	1455	*	*	*	*	*	28914	*
H	54551	101	99.0	+	0	0	518I101M836I	357002 Even4_57017	28914
L	41578	1392	*	*	*	*	*	189914	*
H	41578	101	99.0	+	0	0	517I101M774I	357002 Even4_57017	189914
H	43229	101	99.0	+	0	0	497I101M769I	357412 Even3_171705	181008
H	19141	101	99.0	+	0	0	498I101M763I	357412 Even3_171705	362947
H	43251	101	99.0	+	0	0	517I101M773I	357412 Even3_171705	180878
H	43288	101	99.0	+	0	0	504I101M774I	357412 Even3_171705	180681
H	43296	101	99.0	+	0	0	517I101M774I	357412 Even3_171705	180654
L	19374	1377	*	*	*	*	*	359044	*
H	19374	101	100.0	+	0	0	514I101M762I	359493 Even1_53889	359044
L	19380	1354	*	*	*	*	*	358843	*
H	19380	101	100.0	+	0	0	486I101M767I	359493 Even1_53889	358843
L	40013	1391	*	*	*	*	*	198128	*
H	40013	101	100.0	+	0	0	514I101M776I	359493 Even1_53889	198128
L	40011	1390	*	*	*	*	*	198145	*
H	40011	101	100.0	+	0	0	514I101M775I	359493 Even1_53889	198145
L	43071	1394	*	*	*	*	*	181899	*
H	43071	101	100.0	+	0	0	514I101M779I	359493 Even1_53889	181899
L	19273	1353	*	*	*	*	*	360703	*
H	19273	101	99.0	+	0	0	487I101M765I	360703 Even4_20703	360703
L	19266	1351	*	*	*	*	*	360825	*
H	19266	101	99.0	+	0	0	486I97MI4M763I	360825 Even1_60251	360825
L	17855	1381	*	*	*	*	*	470879	*
H	17855	101	100.0	+	0	0	533I101M747I	3610691 Even3_65	470879
L	45193	1479	*	*	*	*	*	166692	*
H	45193	101	100.0	+	0	0	517I101M861I	3610691 Even3_65	166692
L	11939	1489	*	*	*	*	*	560629	*
H	11939	101	100.0	+	0	0	526I101M862I	3610691 Even3_65	560629
L	96051	1447	*	*	*	*	*	814112	*
H	96051	101	99.0	+	0	0	479I101M867I	3610691 Even3_65	814112
L	81368	1840	*	*	*	*	*	4321292	*
H	81368	101	100.0	+	0	0	481I101M1258I	3610691 Even3_65	4321292
N	*	101	*	*	*	*	*	361972 Even3_34291	*
N	*	95	*	*	*	*	*	363321 Even3_228841	*
H	64235	101	99.0	+	0	0	505I101M825I	363625 Even1_71712	2487129
H	67802	101	99.0	+	0	0	490I101M847I	363625 Even1_71712	2920309
H	68042	101	99.0	+	0	0	484I101M849I	363625 Even1_71712	2949328
H	30243	101	99.0	+	0	0	506I101M772I	363625 Even1_71712	276484
L	61944	1451	*	*	*	*	*	2198356	*
H	61944	101	99.0	+	0	0	504I101M846I	363625 Even1_71712	2198356
L	18999	1372	*	*	*	*	*	365385	*
H	18999	101	100.0	+	0	0	506I101M765I	365385 Even4_640	365385
N	*	92	*	*	*	*	*	366161 Even1_94752	*
L	18942	1449	*	*	*	*	*	366451	*
H	18942	101	100.0	+	0	0	438I101M910I	366451 Even4_29200	366451
L	51757	1391	*	*	*	*	*	100497	*
H	51757	101	99.0	+	0	0	482I101M808I	366451 Even4_29200	100497
L	4242	1361	*	*	*	*	*	811492	*
H	4242	101	99.0	+	0	0	504I101M756I	366451 Even4_29200	811492
L	62791	1505	*	*	*	*	*	814442	*
H	62791	101	99.0	+	0	0	527I101M877I	366451 Even4_29200	814442
L	9295	1481	*	*	*	*	*	581021	*
H	9295	101	99.0	+	0	0	532I101M848I	366451 Even4_29200	581021
N	*	101	*	*	*	*	*	367627 Even1_326312	*
N	*	101	*	*	*	*	*	3680006 Even4_78639	*
H	73122	101	99.0	+	0	0	470I101M832I	3682570 Even3_35918	721704
H	41102	101	99.0	+	0	0	515I101M775I	3682570 Even3_35918	192396
H	42922	101	99.0	+	0	0	515I101M775I	3682570 Even3_35918	182653
H	85373	101	99.0	+	0	0	492I101M860I	3682570 Even3_35918	4363553
H	43309	101	99.0	+	0	0	514I101M774I	3682570 Even3_35918	180577
N	*	101	*	*	*	*	*	3693042 Even3_163745	*
L	18771	1365	*	*	*	*	*	369449	*
H	18771	101	100.0	+	0	0	506I101M758I	369449 Even1_31419	369449
H	62180	101	99.0	+	0	0	491I101M840I	369449 Even1_31419	2224336
L	38321	1489	*	*	*	*	*	213813	*
H	38321	101	99.0	+	0	0	526I101M862I	369449 Even1_31419	213813
H	93502	101	99.0	+	0	0	501I101M844I	369449 Even1_31419	4449055
H	18993	101	99.0	+	0	0	526I101M757I	369449 Even1_31419	365496
L	43810	1381	*	*	*	*	*	177927	*
H	43810	101	100.0	+	0	0	504I101M776I	3694599 Even4_63965	177927
L	31070	1384	*	*	*	*	*	271431	*
H	31070	101	100.0	+	0	0	504I101M779I	3694599 Even4_63965	271431
L	31911	1384	*	*	*	*	*	266437	*
H	31911	101	100.0	+	0	0	504I101M779I	3694599 Even4_63965	266437
L	73889	1510	*	*	*	*	*	3694599	*
H	73889	101	100.0	+	0	0	503I65MI22MI14M904I	3694599 Even4_63965	3694599
L	44364	1385	*	*	*	*	*	174847	*
H	44364	101	100.0	+	0	0	504I101M780I	3694599 Even4_63965	174847
L	18730	1358	*	*	*	*	*	370105	*
H	18730	101	100.0	+	0	0	492I101M765I	370105 Even4_62180	370105
L	24088	1361	*	*	*	*	*	323325	*
H	24088	101	99.0	+	0	0	506I101M754I	370105 Even4_62180	323325
H	18993	101	99.0	+	0	0	526I101M757I	370105 Even4_62180	365496
L	57818	1440	*	*	*	*	*	1698008	*
H	57818	101	99.0	+	0	0	491I101M848I	370105 Even4_62180	1698008
H	62180	101	99.0	+	0	0	491I101M840I	370105 Even4_62180	2224336
N	*	101	*	*	*	*	*	370357 Even3_251227	*
H	13431	101	100.0	+	0	0	537I101M730I	3709990 Even4_370	548587
H	18825	101	100.0	+	0	0	538I101M749I	3709990 Even4_370	368486
H	68474	101	100.0	+	0	0	493I32MI69M823I	3709990 Even4_370	3002161
H	9455	101	100.0	+	0	0	517I101M748I	3709990 Even4_370	579851
L	74029	1414	*	*	*	*	*	3709990	*
H	74029	101	100.0	+	0	0	496I12MI8MI21M2I60M813I	3709990 Even4_370	3709990
N	*	101	*	*	*	*	*	3714917 Even1_288407	*
N	*	101	*	*	*	*	*	3747551 Even3_209689	*
N	*	101	*	*	*	*	*	3749797 Even4_325010	*
N	*	101	*	*	*	*	*	3750380 Even3_24469	*
N	*	91	*	*	*	*	*	3757787 Even1_231354	*
L	74710	1451	*	*	*	*	*	3794053	*
H	74710	101	99.0	+	0	0	492I101M858I	3794053 Even3_5044	3794053
N	*	91	*	*	*	*	*	38278 Even1_166684	*
N	*	92	*	*	*	*	*	38357 Even4_79070	*
L	21929	1392	*	*	*	*	*	338926	*
H	21929	101	100.0	+	0	0	517I101M774I	38415 Even4_252403	338926
L	26006	1381	*	*	*	*	*	309480	*
H	26006	101	100.0	+	0	0	504I101M776I	38415 Even4_252403	309480
L	41148	1394	*	*	*	*	*	192204	*
H	41148	101	100.0	+	0	0	517I101M776I	38415 Even4_252403	192204
L	30321	1392	*	*	*	*	*	275970	*
H	30321	101	100.0	+	0	0	517I101M774I	38415 Even4_252403	275970
L	54234	1495	*	*	*	*	*	38415	*
H	54234	101	100.0	+	0	0	515I21MI80M878I	38415 Even4_252403	38415
L	78637	1452	*	*	*	*	*	4289377	*
H	78637	101	99.0	+	0	0	481I101M870I	3857424 Even4_168575	4289377
L	94898	1438	*	*	*	*	*	4464065	*
H	94898	101	99.0	+	0	0	484I101M853I	3857424 Even4_168575	4464065
L	94088	1458	*	*	*	*	*	4455308	*
H	94088	101	99.0	+	0	0	492I101M865I	3857424 Even4_168575	4455308
L	26885	1392	*	*	*	*	*	302960	*
H	26885	101	99.0	+	0	0	511I101M780I	3857424 Even4_168575	302960
L	70410	1454	*	*	*	*	*	3244992	*
H	70410	101	99.0	+	0	0	501I101M852I	3857424 Even4_168575	3244992
N	*	101	*	*	*	*	*	3892768 Even3_8821	*
H	75540	101	100.0	+	0	0	499I101M857I	3903651 Even4_832	3903651
L	22408	1354	*	*	*	*	*	335550	*
H	22408	101	100.0	+	0	0	498I101M755I	3903651 Even4_832	335550
L	40693	1386	*	*	*	*	*	194562	*
H	40693	101	100.0	+	0	0	513I101M772I	3903651 Even4_832	194562
H	42816	101	100.0	+	0	0	526I101M771I	3903651 Even4_832	183162
H	9285	101	100.0	+	0	0	519I101M758I	3903651 Even4_832	581079
N	*	101	*	*	*	*	*	3908638 Even1_18782	*
N	*	93	*	*	*	*	*	3919797 Even3_282406	*
L	60855	1429	*	*	*	*	*	2065795	*
H	60855	101	99.0	+	0	0	473I101M855I	392887 Even1_51103	2065795
L	43660	1392	*	*	*	*	*	178751	*
H	43660	101	99.0	+	0	0	519I101M772I	392887 Even1_51103	178751
N	*	91	*	*	*	*	*	394270 Even4_295563	*
L	42761	1379	*	*	*	*	*	183457	*
H	42761	101	100.0	+	0	0	504I101M774I	3943186 Even1_19623	183457
L	62143	1444	*	*	*	*	*	2220496	*
H	62143	101	100.0	+	0	0	490I101M853I	3943186 Even1_19623	2220496
L	8797	1472	*	*	*	*	*	584463	*
H	8797	101	100.0	+	0	0	515I101M856I	3943186 Even1_19623	584463
L	54154	1454	*	*	*	*	*	40649	*
H	54154	101	100.0	+	0	0	516I101M837I	3943186 Even1_19623	40649
L	43508	1390	*	*	*	*	*	179551	*
H	43508	101	100.0	+	0	0	515I101M774I	3943186 Even1_19623	179551
L	76065	1448	*	*	*	*	*	3970651	*
H	76065	101	99.0	+	0	0	501I101M846I	3970651 Even4_166818	3970651
L	2815	1379	*	*	*	*	*	851323	*
H	2815	101	99.0	+	0	0	511I101M767I	3970651 Even4_166818	851323
L	61181	1364	*	*	*	*	*	846127	*
H	61181	101	99.0	+	0	0	495I101M768I	3970651 Even4_166818	846127
L	76200	1423	*	*	*	*	*	3989856	*
H	76200	101	100.0	+	0	0	508I101M814I	3989856 Even3_54346	3989856
L	43037	1396	*	*	*	*	*	182052	*
H	43037	101	99.0	+	0	0	526I101M769I	3989856 Even3_54346	182052
H	59514	101	99.0	+	0	0	489I101M848I	3989856 Even3_54346	1906483
L	24100	1397	*	*	*	*	*	323231	*
H	24100	101	99.0	+	0	0	525I101M771I	3989856 Even3_54346	323231
H	59598	101	99.0	+	0	0	491I101M839I	3989856 Even3_54346	1919007
L	78165	1445	*	*	*	*	*	4232048	*
H	78165	101	99.0	+	0	0	498I101M846I	4015729 Even1_253916	4232048
L	18947	1389	*	*	*	*	*	366386	*
H	18947	101	99.0	+	0	0	526I101M762I	4015729 Even1_253916	366386
H	42914	101	99.0	+	0	0	515I101M773I	4015729 Even1_253916	182729
L	44150	1389	*	*	*	*	*	176080	*
H	44150	101	99.0	+	0	0	514I101M774I	4015729 Even1_253916	176080
L	76859	1467	*	*	*	*	*	4067355	*
H	76859	101	99.0	+	0	0	509I101M857I	4067355 Even3_82864	4067355
N	*	101	*	*	*	*	*	40839 Even3_52821	*
N	*	91	*	*	*	*	*	4086959 Even4_209338	*
N	*	101	*	*	*	*	*	4094259 Even3_34271	*
L	12751	1381	*	*	*	*	*	554303	*
H	12751	101	100.0	+	0	0	513I101M767I	4094866 Even4_178277	554303
L	56871	1429	*	*	*	*	*	1586645	*
H	56871	101	100.0	+	0	0	480I101M848I	4094866 Even4_178277	1586645
L	27574	1392	*	*	*	*	*	298858	*
H	27574	101	99.0	+	0	0	516I101M775I	4094866 Even4_178277	298858
L	75196	1436	*	*	*	*	*	3857424	*
H	75196	101	100.0	+	0	0	482I101M853I	4094866 Even4_178277	3857424
L	44552	1393	*	*	*	*	*	173900	*
H	44552	101	100.0	+	0	0	515I101M777I	4094866 Even4_178277	173900
L	77371	1442	*	*	*	*	*	4128381	*
H	77371	101	100.0	+	0	0	472I101M869I	4128381 Even4_29348	4128381
L	77816	1441	*	*	*	*	*	4189999	*
H	77816	101	100.0	+	0	0	493I20MI81M846I	4189999 Even1_153959	4189999
H	24100	101	99.0	+	0	0	525I101M771I	4189999 Even1_153959	323231
L	84933	1427	*	*	*	*	*	4358723	*
H	84933	101	99.0	+	0	0	513I101M813I	4189999 Even1_153959	4358723
L	84855	1427	*	*	*	*	*	4357811	*
H	84855	101	99.0	+	0	0	488I101M838I	4189999 Even1_153959	4357811
L	46226	1451	*	*	*	*	*	157327	*
H	46226	101	99.0	+	0	0	506I101M844I	4189999 Even1_153959	157327
L	83642	1429	*	*	*	*	*	4344643	*
H	83642	101	99.0	+	0	0	485I101M843I	4225004 Even4_55625	4344643
L	42259	1384	*	*	*	*	*	186168	*
H	42259	101	99.0	+	0	0	513I101M770I	4225004 Even4_55625	186168
L	39976	1387	*	*	*	*	*	198324	*
H	39976	101	99.0	+	0	0	515I101M771I	4225004 Even4_55625	198324
H	83327	101	99.0	+	0	0	481I101M857I	4225004 Even4_55625	4341534
L	43247	1390	*	*	*	*	*	180903	*
H	43247	101	99.0	+	0	0	515I101M774I	4225004 Even4_55625	180903
L	78128	1416	*	*	*	*	*	4227110	*
H	78128	101	99.0	+	0	0	499I101M816I	4227110 Even4_243865	4227110
H	36812	101	99.0	+	0	0	478I101M876I	4227110 Even4_243865	228556
L	3762	1466	*	*	*	*	*	819999	*
H	3762	101	99.0	+	0	0	506I101M859I	4227110 Even4_243865	819999
L	41576	1396	*	*	*	*	*	189920	*
H	41576	101	100.0	+	0	0	526I101M769I	4232045 Even4_38026	189920
L	78162	1447	*	*	*	*	*	4232045	*
H	78162	101	100.0	+	0	0	504I101M842I	4232045 Even4_38026	4232045
H	67437	101	99.0	+	0	0	512I101M815I	4232045 Even4_38026	2874602
L	67446	1452	*	*	*	*	*	2875735	*
H	67446	101	99.0	+	0	0	502I101M849I	4232045 Even4_38026	2875735
H	92245	101	99.0	+	0	0	498I101M834I	4232045 Even4_38026	4435396
L	44047	1390	*	*	*	*	*	176722	*
H	44047	101	99.0	+	0	0	515I101M774I	4232048 Even1_171862	176722
H	43476	101	99.0	+	0	0	515I101M773I	4232048 Even1_171862	179665
H	63212	101	99.0	+	0	0	482I101M858I	4232048 Even1_171862	2354022
L	788	1347	*	*	*	*	*	1076587	*
H	788	101	99.0	+	0	0	490I101M756I	4232048 Even1_171862	1076587
H	44150	101	99.0	+	0	0	514I101M774I	4232048 Even1_171862	176080
L	78260	1448	*	*	*	*	*	4245940	*
H	78260	101	100.0	+	0	0	494I94MI7M852I	4245940 Even3_318736	4245940
L	78632	1437	*	*	*	*	*	4289139	*
H	78632	101	99.0	+	0	0	477I94MI7M858I	4245940 Even3_318736	4289139
L	22568	1350	*	*	*	*	*	334336	*
H	22568	101	99.0	+	0	0	497I94MI7M751I	4245940 Even3_318736	334336
L	69645	1427	*	*	*	*	*	3152469	*
H	69645	101	99.0	+	0	0	473I94MI7M852I	4245940 Even3_318736	3152469
L	42061	1393	*	*	*	*	*	187265	*
H	42061	101	99.0	+	0	0	517I94MI7M774I	4245940 Even3_318736	187265
H	78351	101	100.0	+	0	0	484I101M859I	4254528 Even3_1608	4254528
H	41164	101	100.0	+	0	0	514I101M774I	4254528 Even3_1608	192093
H	70578	101	100.0	+	0	0	489I101M850I	4254528 Even3_1608	3265161
N	*	90	*	*	*	*	*	4268506 Even3_106748	*
H	78553	101	100.0	+	0	0	504I101M825I	4278525 Even3_7077	4278525
H	44254	101	99.0	+	0	0	527I101M772I	4278525 Even3_7077	175485
H	44047	101	100.0	+	0	0	515I101M774I	4281639 Even4_132	176722
H	43476	101	100.0	+	0	0	515I101M773I	4281639 Even4_132	179665
H	63212	101	100.0	+	0	0	482I101M858I	4281639 Even4_132	2354022
H	788	101	100.0	+	0	0	490I101M756I	4281639 Even4_132	1076587
H	44150	101	100.0	+	0	0	514I101M774I	4281639 Even4_132	176080
H	40890	101	99.0	+	0	0	532I101M767I	4295707 Even1_29548	193623
H	42959	101	99.0	+	0	0	531I101M768I	4295707 Even1_29548	182483
H	78789	101	99.0	+	0	0	527I61MI40M750I	4295707 Even1_29548	4295707
H	43402	101	99.0	+	0	0	532I101M770I	4295707 Even1_29548	180112
H	40197	101	99.0	+	0	0	537I101M764I	4295707 Even1_29548	197105
N	*	101	*	*	*	*	*	4296211 Even3_108902	*
L	55214	1511	*	*	*	*	*	13811	*
H	55214	101	99.0	+	0	0	522I101M888I	4300127 Even3_11	13811
L	79272	1526	*	*	*	*	*	4300127	*
H	79272	101	99.0	+	0	0	545I101M880I	4300127 Even3_11	4300127
L	19089	1353	*	*	*	*	*	363731	*
H	19089	101	99.0	+	0	0	474I101M778I	4306262 Even4_188283	363731
L	42452	1374	*	*	*	*	*	185186	*
H	42452	101	99.0	+	0	0	494I101M779I	4306262 Even4_188283	185186
L	43007	1335	*	*	*	*	*	182176	*
H	43007	101	99.0	+	0	0	494I101M740I	4306262 Even4_188283	182176
L	43738	1375	*	*	*	*	*	178331	*
H	43738	101	99.0	+	0	0	494I101M780I	4306262 Even4_188283	178331
L	40856	1333	*	*	*	*	*	193829	*
H	40856	101	99.0	+	0	0	486I101M746I	4306262 Even4_188283	193829
N	*	91	*	*	*	*	*	4307897 Even4_205199	*
N	*	91	*	*	*	*	*	4308688 Even4_131727	*
L	13352	1482	*	*	*	*	*	549232	*
H	13352	97	100.0	+	0	0	496I97M889I	4309033 Even1_4540	549232
H	36436	97	100.0	+	0	0	465I97M880I	4309033 Even1_4540	234148
H	13133	97	100.0	+	0	0	475I97M847I	4309033 Even1_4540	550960
H	80180	97	100.0	+	0	0	483I97M839I	4309033 Even1_4540	4309033
H	65569	97	100.0	+	0	0	482I97M858I	4309033 Even1_4540	2654261
L	80567	1504	*	*	*	*	*	4313261	*
H	80567	101	99.0	+	0	0	526I101M877I	4313261 Even4_15348	4313261
N	*	101	*	*	*	*	*	4316320 Even1_83273	*
N	*	91	*	*	*	*	*	4318990 Even4_105247	*
H	62461	101	99.0	+	0	0	591I101M774I	4321932 Even1_166703	1130818
H	81425	101	99.0	+	0	0	651I101M916I	4321932 Even1_166703	4321932
H	45632	101	99.0	+	0	0	547I101M916I	4321932 Even1_166703	161579
H	86804	101	100.0	+	0	0	501I101M833I	4322986 Even3_60599	4378688
H	63929	101	100.0	+	0	0	505I101M832I	4322986 Even3_60599	2442708
H	42683	101	100.0	+	0	0	516I101M769I	4322986 Even3_60599	183817
H	41739	101	100.0	+	0	0	533I101M770I	4322986 Even3_60599	189090
H	27859	101	100.0	+	0	0	525I101M753I	4322986 Even3_60599	297057
L	70553	1420	*	*	*	*	*	3262406	*
H	70553	101	99.0	+	0	0	486I101M833I	4324964 Even3_44256	3262406
L	41129	1391	*	*	*	*	*	192255	*
H	41129	101	100.0	+	0	0	521I101M769I	4324964 Even3_44256	192255
L	41172	1397	*	*	*	*	*	192055	*
H	41172	101	100.0	+	0	0	527I101M769I	4324964 Even3_44256	192055
L	68361	1445	*	*	*	*	*	2987636	*
H	68361	101	100.0	+	0	0	501I101M843I	4324964 Even3_44256	2987636
L	60816	1435	*	*	*	*	*	2061739	*
H	60816	101	100.0	+	0	0	499I101M835I	4324964 Even3_44256	2061739
N	*	101	*	*	*	*	*	4325725 Even1_103327	*
L	41545	1380	*	*	*	*	*	190107	*
H	41545	101	100.0	+	0	0	500I80MI7MI14M777I	4329132 Even1_171504	190107
L	40057	1387	*	*	*	*	*	197864	*
H	40057	101	100.0	+	0	0	517I88M2I13M767I	4329132 Even1_171504	197864
L	82090	1424	*	*	*	*	*	4329132	*
H	82090	101	100.0	+	0	0	493I101M830I	4329132 Even1_171504	4329132
L	19179	1394	*	*	*	*	*	362344	*
H	19179	101	99.0	+	0	0	517I101M776I	4329132 Even1_171504	362344
L	90980	1439	*	*	*	*	*	4422315	*
H	90980	101	99.0	+	0	0	476I101M862I	4329132 Even1_171504	4422315
L	82219	1375	*	*	*	*	*	4330715	*
H	82219	101	100.0	+	0	0	413I101M861I	4330715 Even1_14185	4330715
L	43559	1387	*	*	*	*	*	179290	*
H	43559	101	99.0	+	0	0	517I101M769I	4330715 Even1_14185	179290
L	84557	1428	*	*	*	*	*	4354582	*
H	84557	101	99.0	+	0	0	473I101M854I	4330715 Even1_14185	4354582
H	40022	101	99.0	+	0	0	517I101M779I	4330715 Even1_14185	198071
L	40017	1390	*	*	*	*	*	198117	*
H	40017	101	99.0	+	0	0	514I101M775I	4330715 Even1_14185	198117
L	44724	1498	*	*	*	*	*	172202	*
H	44724	101	100.0	+	0	0	520I101M877I	4334049 Even1_26734	172202
L	16850	1396	*	*	*	*	*	515265	*
H	16850	101	100.0	+	0	0	521I101M774I	4334049 Even1_26734	515265
L	45573	1424	*	*	*	*	*	162230	*
H	45573	101	100.0	+	0	0	495I101M828I	4334049 Even1_26734	162230
L	34302	1409	*	*	*	*	*	250135	*
H	34302	101	100.0	+	0	0	466I101M842I	4334049 Even1_26734	250135
L	18397	1355	*	*	*	*	*	405425	*
H	18397	101	100.0	+	0	0	501I101M753I	4334049 Even1_26734	405425
N	*	101	*	*	*	*	*	4334501 Even1_1876	*
L	38783	1490	*	*	*	*	*	208972	*
H	38783	101	100.0	+	0	0	526I101M863I	4335293 Even1_38824	208972
L	82658	1451	*	*	*	*	*	4335293	*
H	82658	101	100.0	+	0	0	509I101M841I	4335293 Even1_38824	4335293
H	16275	101	99.0	+	0	0	522I101M771I	4335293 Even1_38824	522595
L	12829	1450	*	*	*	*	*	553611	*
H	12829	101	100.0	+	0	0	488I101M861I	4335781 Even1_77	553611
L	82713	1432	*	*	*	*	*	4335781	*
H	82713	101	100.0	+	0	0	425I101M906I	4335781 Even1_77	4335781
L	82717	1454	*	*	*	*	*	4335815	*
H	82717	101	100.0	+	0	0	495I101M858I	4335815 Even3_90064	4335815
L	69995	1438	*	*	*	*	*	3195500	*
H	69995	101	99.0	+	0	0	483I101M854I	4335815 Even3_90064	3195500
H	27354	101	99.0	+	0	0	517I101M777I	4335815 Even3_90064	300235
H	44222	101	99.0	+	0	0	513I101M772I	4335815 Even3_90064	175650
L	39959	1388	*	*	*	*	*	198422	*
H	39959	101	99.0	+	0	0	513I101M774I	4335815 Even3_90064	198422
N	*	101	*	*	*	*	*	4338598 Even4_54530	*
L	43126	1392	*	*	*	*	*	181603	*
H	43126	101	100.0	+	0	0	524I101M767I	4342104 Even4_14	181603
L	60197	1381	*	*	*	*	*	1983368	*
H	60197	101	100.0	+	0	0	496I101M784I	4342104 Even4_14	1983368
L	83388	1430	*	*	*	*	*	4342104	*
H	83388	101	100.0	+	0	0	489I101M840I	4342104 Even4_14	4342104
L	25643	1393	*	*	*	*	*	311961	*
H	25643	101	100.0	+	0	0	525I101M767I	4342104 Even4_14	311961
N	*	101	*	*	*	*	*	4344643 Even4_162663	*
H	60528	91	100.0	+	0	0	527I91M842I	4345333 Even3_8918	825989
H	36436	91	100.0	+	0	0	465I91M886I	4345333 Even3_8918	234148
H	13133	91	100.0	+	0	0	475I91M853I	4345333 Even3_8918	550960
L	55508	1506	*	*	*	*	*	10212	*
H	55508	91	100.0	+	0	0	513I91M902I	4345333 Even3_8918	10212
L	55509	1506	*	*	*	*	*	10211	*
H	55509	91	100.0	+	0	0	513I91M902I	4345333 Even3_8918	10211
H	62902	101	99.0	+	0	0	505I101M909I	4347159 Even3_28	825808
H	64823	101	99.0	+	0	0	420I101M912I	4347159 Even3_28	824876
H	18724	101	100.0	+	0	0	505I101M763I	4347159 Even3_28	370225
H	68174	101	99.0	+	0	0	485I101M860I	4347159 Even3_28	1142029
H	83861	101	100.0	+	0	0	499I101M759I	4347159 Even3_28	4347159
N	*	101	*	*	*	*	*	4347520 Even1_29891	*
L	84082	1420	*	*	*	*	*	4349517	*
H	84082	101	100.0	+	0	0	473I101M846I	4349517 Even3_221841	4349517
L	29042	1374	*	*	*	*	*	289622	*
H	29042	101	99.0	+	0	0	500I101M773I	4349517 Even3_221841	289622
L	26633	1371	*	*	*	*	*	304779	*
H	26633	101	99.0	+	0	0	500I101M770I	4349517 Even3_221841	304779
L	42835	1391	*	*	*	*	*	183089	*
H	42835	101	99.0	+	0	0	516I101M774I	4349517 Even3_221841	183089
H	28863	101	99.0	+	0	0	507I101M774I	4349517 Even3_221841	290647
L	18215	1391	*	*	*	*	*	425721	*
H	18215	101	99.0	+	0	0	527I101M763I	4350788 Even1_53786	425721
L	67921	1401	*	*	*	*	*	703635	*
H	67921	101	99.0	+	0	0	514I101M786I	4350788 Even1_53786	703635
L	84210	1492	*	*	*	*	*	4350788	*
H	84210	101	100.0	+	0	0	532I101M859I	4350788 Even1_53786	4350788
L	53577	1460	*	*	*	*	*	60332	*
H	53577	101	99.0	+	0	0	502I101M857I	4350788 Even1_53786	60332
L	36138	1421	*	*	*	*	*	236821	*
H	36138	101	99.0	+	0	0	485I101M835I	4350788 Even1_53786	236821
H	13352	101	99.0	+	0	0	496I101M885I	4351284 Even1_2590	549232
L	84387	1439	*	*	*	*	*	4352768	*
H	84387	101	100.0	+	0	0	488I101M850I	4352768 Even4_58865	4352768
L	93330	1450	*	*	*	*	*	4447176	*
H	93330	101	99.0	+	0	0	497I101M852I	4352768 Even4_58865	4447176
H	26125	92	100.0	+	0	0	486I92M786I	4354577 Even3_4314	308502
L	84556	1417	*	*	*	*	*	4354577	*
H	84556	92	100.0	+	0	0	458I92M867I	4354577 Even3_4314	4354577
H	7385	92	100.0	+	0	0	497I92M918I	4354577 Even3_4314	606927
H	13544	92	100.0	+	0	0	468I92M770I	4354577 Even3_4314	547714
H	7082	92	100.0	+	0	0	480I92M834I	4354577 Even3_4314	628226
N	*	101	*	*	*	*	*	4356065 Even3_14573	*
N	*	91	*	*	*	*	*	4356331 Even3_28102	*
L	76015	1451	*	*	*	*	*	3963289	*
H	76015	101	100.0	+	0	0	504I101M846I	4357205 Even4_115879	3963289
L	72139	1436	*	*	*	*	*	3465233	*
H	72139	101	99.0	+	0	0	490I101M845I	4357205 Even4_115879	3465233
L	27096	1395	*	*	*	*	*	301578	*
H	27096	101	99.0	+	0	0	525I101M769I	4357205 Even4_115879	301578
L	71974	1431	*	*	*	*	*	3439402	*
H	71974	101	99.0	+	0	0	488I101M842I	4357205 Even4_115879	3439402
L	91303	1433	*	*	*	*	*	4425495	*
H	91303	101	99.0	+	0	0	507I101M825I	4357205 Even4_115879	4425495
H	71882	101	99.0	+	0	0	491I101M837I	4361727 Even1_75078	3426658
H	94888	101	99.0	+	0	0	491I101M847I	4361727 Even1_75078	4463892
H	71975	101	99.0	+	0	0	504I101M840I	4361727 Even1_75078	3439403
H	41287	101	99.0	+	0	0	525I101M769I	4361727 Even1_75078	191483
H	72220	101	99.0	+	0	0	485I101M846I	4361727 Even1_75078	3472078
L	23526	1385	*	*	*	*	*	327383	*
H	23526	101	99.0	+	0	0	515I101M769I	4363269 Even3_27250	327383
N	*	94	*	*	*	*	*	4363553 Even4_144344	*
N	*	101	*	*	*	*	*	4366525 Even1_174018	*
L	85676	1408	*	*	*	*	*	4366525	*
H	85676	101	99.0	+	0	0	467I101M840I	4366728 Even4_10218	4366525
L	29147	1360	*	*	*	*	*	288955	*
H	29147	101	100.0	+	0	0	515I101M744I	4366728 Even4_10218	288955
L	85696	1448	*	*	*	*	*	4366728	*
H	85696	101	100.0	+	0	0	488I101M859I	4366728 Even4_10218	4366728
L	19720	1390	*	*	*	*	*	355154	*
H	19720	101	100.0	+	0	0	515I101M774I	4366728 Even4_10218	355154
L	22069	1384	*	*	*	*	*	337946	*
H	22069	101	100.0	+	0	0	515I101M768I	4366728 Even4_10218	337946
N	*	77	*	*	*	*	*	4368216 Even3_75432	*
L	85837	1400	*	*	*	*	*	4368600	*
H	85837	101	100.0	+	0	0	472I101M827I	4368600 Even3_25057	4368600
H	36369	101	99.0	+	0	0	479I101M877I	4368600 Even3_25057	235024
H	49241	101	99.0	+	0	0	487I101M871I	4368600 Even3_25057	134671
L	48968	1482	*	*	*	*	*	136946	*
H	48968	101	99.0	+	0	0	523I101M858I	4368600 Even3_25057	136946
H	93568	101	99.0	+	0	0	467I101M834I	4368600 Even3_25057	4449851
N	*	101	*	*	*	*	*	4369434 Even3_2044	*
N	*	92	*	*	*	*	*	4370025 Even4_291123	*
L	80123	1531	*	*	*	*	*	4308591	*
H	80123	101	99.0	+	0	0	532I101M898I	4372003 Even4_186817	4308591
H	83642	101	99.0	+	0	0	485I101M843I	4372382 Even1_15668	4344643
H	42259	101	99.0	+	0	0	513I101M770I	4372382 Even1_15668	186168
H	39976	101	99.0	+	0	0	515I101M771I	4372382 Even1_15668	198324
H	83327	101	99.0	+	0	0	481I101M857I	4372382 Even1_15668	4341534
H	43247	101	99.0	+	0	0	515I101M774I	4372382 Even1_15668	180903
H	26081	101	99.0	+	0	0	497I101M759I	4375894 Even3_140361	308907
H	59189	101	99.0	+	0	0	491I101M850I	4375894 Even3_140361	1868703
H	59140	101	99.0	+	0	0	482I101M859I	4375894 Even3_140361	1860111
H	58926	101	99.0	+	0	0	485I101M845I	4375894 Even3_140361	1835779
H	42000	101	99.0	+	0	0	517I101M771I	4375894 Even3_140361	187607
H	36539	101	99.0	+	0	0	435I32MI69M855I	4376230 Even4_125231	232696
L	88178	1376	*	*	*	*	*	4393066	*
H	88178	101	99.0	+	0	0	508I75MD25M768I	4376230 Even4_125231	4393066
H	45224	101	99.0	+	0	0	471I101M829I	4376230 Even4_125231	166235
H	64584	101	99.0	+	0	0	526I101M918I	4376230 Even4_125231	2529285
H	45337	101	99.0	+	0	0	494I101M871I	4376230 Even4_125231	164915
N	*	101	*	*	*	*	*	4376828 Even1_52650	*
L	86738	1422	*	*	*	*	*	4378081	*
H	86738	101	100.0	+	0	0	486I101M835I	4378081 Even1_743	4378081
L	36487	1480	*	*	*	*	*	233549	*
H	36487	101	99.0	+	0	0	504I101M875I	4379411 Even4_26938	233549
H	19301	101	100.0	+	0	0	498I101M765I	4379449 Even4_2986	360238
H	86873	101	100.0	+	0	0	519I101M862I	4379449 Even4_2986	4379449
H	87913	101	99.0	+	0	0	422I43MI58M836I	4379449 Even4_2986	4390365
H	19496	101	99.0	+	0	0	500I101M752I	4379449 Even4_2986	356760
L	32599	1387	*	*	*	*	*	262095	*
H	32599	101	99.0	+	0	0	520I101M766I	4379449 Even4_2986	262095
N	*	101	*	*	*	*	*	4379646 Even1_5353	*
N	*	101	*	*	*	*	*	4381913 Even1_24158	*
H	24772	101	100.0	+	0	0	515I101M753I	4385326 Even3_346	318396
H	23744	101	100.0	+	0	0	517I101M770I	4385326 Even3_346	325910
H	86164	101	100.0	+	0	0	494I101M838I	4385326 Even3_346	4371957
H	40246	101	100.0	+	0	0	517I101M774I	4385326 Even3_346	196893
H	87435	101	100.0	+	0	0	485I101M857I	4385326 Even3_346	4385326
N	*	101	*	*	*	*	*	4385479 Even1_6921	*
L	87600	1449	*	*	*	*	*	4387246	*
H	87600	101	99.0	+	0	0	490I101M858I	4387246 Even1_61438	4387246
H	36539	101	99.0	+	0	0	435I32MI69M855I	4389289 Even4_37302	232696
H	45224	101	99.0	+	0	0	471I101M829I	4389289 Even4_37302	166235
H	64584	101	99.0	+	0	0	526I101M918I	4389289 Even4_37302	2529285
H	45337	101	99.0	+	0	0	494I101M871I	4389289 Even4_37302	164915
H	36369	101	99.0	+	0	0	479I101M877I	4389289 Even4_37302	235024
H	47712	101	99.0	+	0	0	500I101M751I	4390365 Even3_6990	145801
H	19496	101	99.0	+	0	0	500I101M752I	4390365 Even3_6990	356760
H	87913	101	100.0	+	0	0	422I42MI59M836I	4390365 Even3_6990	4390365
N	*	101	*	*	*	*	*	4391326 Even1_217591	*
L	55528	1476	*	*	*	*	*	9819	*
H	55528	101	99.0	+	0	0	503I101M872I	4392183 Even1_27860	9819
L	88106	1450	*	*	*	*	*	4392183	*
H	88106	101	99.0	+	0	0	483I101M866I	4392183 Even1_27860	4392183
H	91997	101	99.0	+	0	0	477I101M835I	4392183 Even1_27860	4432891
H	26659	101	99.0	+	0	0	515I101M774I	4393073 Even3_42783	304568
L	88180	1443	*	*	*	*	*	4393073	*
H	88180	101	99.0	+	0	0	486I101M856I	4393073 Even3_42783	4393073
H	28010	101	99.0	+	0	0	515I101M774I	4393073 Even3_42783	296103
L	95422	1441	*	*	*	*	*	4469302	*
H	95422	101	99.0	+	0	0	478I101M862I	4393073 Even3_42783	4469302
L	69832	1368	*	*	*	*	*	842594	*
H	69832	101	99.0	+	0	0	510I101M757I	4393073 Even3_42783	842594
N	*	101	*	*	*	*	*	4397471 Even4_326809	*
N	*	101	*	*	*	*	*	4397962 Even4_57524	*
N	*	101	*	*	*	*	*	4401110 Even1_7473	*
L	43197	1382	*	*	*	*	*	181193	*
H	43197	101	100.0	+	0	0	507I101M774I	4404187 Even1_23	181193
L	36452	1404	*	*	*	*	*	233993	*
H	36452	101	100.0	+	0	0	416I101M887I	4404187 Even1_23	233993
L	89219	1448	*	*	*	*	*	4404187	*
H	89219	101	100.0	+	0	0	480I101M867I	4404187 Even1_23	4404187
L	42465	1389	*	*	*	*	*	185140	*
H	42465	101	100.0	+	0	0	514I101M774I	4404187 Even1_23	185140
L	18866	1350	*	*	*	*	*	367813	*
H	18866	101	100.0	+	0	0	487I101M762I	4404187 Even1_23	367813
N	*	101	*	*	*	*	*	4406925 Even1_157484	*
L	17852	1535	*	*	*	*	*	471180	*
H	17852	101	99.0	+	0	0	517I101M917I	4407603 Even4_11540	471180
L	89540	1483	*	*	*	*	*	4407603	*
H	89540	101	99.0	+	0	0	504I101M878I	4407603 Even4_11540	4407603
H	29555	101	99.0	+	0	0	526I101M773I	4407939 Even4_39360	281015
L	4878	1444	*	*	*	*	*	788593	*
H	4878	101	99.0	+	0	0	516I101M827I	4407939 Even4_39360	788593
H	55530	101	99.0	+	0	0	473I101M847I	4407939 Even4_39360	9727
L	12256	1502	*	*	*	*	*	558081	*
H	12256	101	99.0	+	0	0	528I101M873I	4407939 Even4_39360	558081
H	40890	101	99.0	+	0	0	532I101M767I	4410938 Even1_81898	193623
H	40197	101	99.0	+	0	0	537I101M764I	4410938 Even1_81898	197105
H	43402	101	99.0	+	0	0	532I101M770I	4410938 Even1_81898	180112
H	42959	101	99.0	+	0	0	531I101M768I	4410938 Even1_81898	182483
L	89850	1373	*	*	*	*	*	4410938	*
H	89850	101	99.0	+	0	0	513I101M759I	4410938 Even1_81898	4410938
N	*	101	*	*	*	*	*	4412103 Even4_263635	*
L	89954	1436	*	*	*	*	*	4412168	*
H	89954	101	100.0	+	0	0	493I101M842I	4412168 Even3_90370	4412168
H	20665	101	99.0	+	0	0	508I101M751I	4412168 Even3_90370	348304
L	75852	1445	*	*	*	*	*	3940440	*
H	75852	101	99.0	+	0	0	509I101M835I	4412168 Even3_90370	3940440
H	94888	101	99.0	+	0	0	491I101M847I	4412168 Even3_90370	4463892
H	24100	101	99.0	+	0	0	525I101M771I	4412168 Even3_90370	323231
N	*	90	*	*	*	*	*	4413347 Even1_122418	*
L	90138	1449	*	*	*	*	*	4414044	*
H	90138	101	100.0	+	0	0	506I101M842I	4414044 Even1_219130	4414044
L	43996	1392	*	*	*	*	*	177001	*
H	43996	101	99.0	+	0	0	517I101M774I	4414044 Even1_219130	177001
L	40140	1389	*	*	*	*	*	197364	*
H	40140	101	99.0	+	0	0	513I101M775I	4414044 Even1_219130	197364
L	39792	1392	*	*	*	*	*	199301	*
H	39792	101	99.0	+	0	0	517I101M774I	4414044 Even1_219130	199301
L	39798	1395	*	*	*	*	*	199279	*
H	39798	101	99.0	+	0	0	517I101M777I	4414044 Even1_219130	199279
L	42534	1394	*	*	*	*	*	184725	*
H	42534	101	100.0	+	0	0	524I101M769I	4414420 Even1_156	184725
L	20457	1353	*	*	*	*	*	349809	*
H	20457	101	99.0	+	0	0	501I101M751I	4414420 Even1_156	349809
L	43751	1395	*	*	*	*	*	178253	*
H	43751	101	100.0	+	0	0	525I101M769I	4414420 Even1_156	178253
L	25000	1359	*	*	*	*	*	316761	*
H	25000	101	100.0	+	0	0	507I101M751I	4414420 Even1_156	316761
L	42352	1395	*	*	*	*	*	185730	*
H	42352	101	100.0	+	0	0	525I101M769I	4414420 Even1_156	185730
L	90185	1501	*	*	*	*	*	4414605	*
H	90185	101	100.0	+	0	0	490I101M910I	4414605 Even1_804	4414605
L	71563	1518	*	*	*	*	*	928736	*
H	71563	101	99.0	+	0	0	538I101M879I	4414605 Even1_804	928736
L	90717	1516	*	*	*	*	*	4419617	*
H	90717	101	99.0	+	0	0	511I101M904I	4414605 Even1_804	4419617
L	71142	1480	*	*	*	*	*	3333615	*
H	71142	101	100.0	+	0	0	514I101M865I	4414605 Even1_804	3333615
L	14285	1482	*	*	*	*	*	541979	*
H	14285	101	100.0	+	0	0	470I101M911I	4414605 Even1_804	541979
N	*	101	*	*	*	*	*	4417158 Even3_22720	*
N	*	87	*	*	*	*	*	4420417 Even3_172545	*
L	9777	1358	*	*	*	*	*	577406	*
H	9777	101	99.0	+	0	0	495I101M762I	4422656 Even3_4436	577406
L	44480	1382	*	*	*	*	*	174288	*
H	44480	101	99.0	+	0	0	514I101M767I	4422656 Even3_4436	174288
H	9639	101	99.0	+	0	0	524I101M876I	4422656 Even3_4436	578649
L	54696	1536	*	*	*	*	*	24546	*
H	54696	101	99.0	+	0	0	528I101M907I	4422656 Even3_4436	24546
H	41102	101	99.0	+	0	0	515I101M775I	4422656 Even3_4436	192396
L	20519	1390	*	*	*	*	*	349343	*
H	20519	101	99.0	+	0	0	515I101M774I	4424111 Even1_11744	349343
L	80393	1376	*	*	*	*	*	4311535	*
H	80393	101	100.0	+	0	0	455I101M820I	4424111 Even1_11744	4311535
L	14840	1364	*	*	*	*	*	537886	*
H	14840	101	100.0	+	0	0	494I101M769I	4424111 Even1_11744	537886
L	17677	1387	*	*	*	*	*	508984	*
H	17677	101	100.0	+	0	0	514I101M772I	4424111 Even1_11744	508984
L	26806	1446	*	*	*	*	*	303444	*
H	26806	101	100.0	+	0	0	487I101M858I	4424111 Even1_11744	303444
N	*	101	*	*	*	*	*	4426298 Even1_31476	*
N	*	101	*	*	*	*	*	4426998 Even3_99141	*
L	27013	1389	*	*	*	*	*	302097	*
H	27013	101	99.0	+	0	0	513I101M775I	4429536 Even1_34433	302097
L	22145	1386	*	*	*	*	*	337365	*
H	22145	101	99.0	+	0	0	513I101M772I	4429536 Even1_34433	337365
L	91671	1452	*	*	*	*	*	4429536	*
H	91671	101	99.0	+	0	0	501I101M850I	4429536 Even1_34433	4429536
L	27289	1391	*	*	*	*	*	300563	*
H	27289	101	99.0	+	0	0	515I101M775I	4429536 Even1_34433	300563
L	28931	1388	*	*	*	*	*	290291	*
H	28931	101	99.0	+	0	0	513I101M774I	4429536 Even1_34433	290291
L	91757	1400	*	*	*	*	*	4430581	*
H	91757	101	99.0	+	0	0	528I101M771I	4430581 Even1_82978	4430581
L	41159	1389	*	*	*	*	*	192133	*
H	41159	101	100.0	+	0	0	514I101M774I	4431558 Even1_172	192133
L	42135	1394	*	*	*	*	*	186888	*
H	42135	101	100.0	+	0	0	515I101M778I	4431558 Even1_172	186888
L	14268	1358	*	*	*	*	*	542096	*
H	14268	101	100.0	+	0	0	495I101M762I	4431558 Even1_172	542096
L	91847	1439	*	*	*	*	*	4431558	*
H	91847	101	100.0	+	0	0	494I101M844I	4431558 Even1_172	4431558
L	73212	1437	*	*	*	*	*	3598692	*
H	73212	101	100.0	+	0	0	486I101M850I	4431558 Even1_172	3598692
L	82004	1381	*	*	*	*	*	4328189	*
H	82004	101	100.0	+	0	0	436I101M844I	4432891 Even3_116	4328189
L	18688	1364	*	*	*	*	*	372473	*
H	18688	101	99.0	+	0	0	506I101M757I	4432891 Even3_116	372473
L	37355	1495	*	*	*	*	*	223368	*
H	37355	101	99.0	+	0	0	504I101M890I	4432891 Even3_116	223368
H	37483	101	100.0	+	0	0	524I101M776I	4432891 Even3_116	222043
L	12878	1498	*	*	*	*	*	553208	*
H	12878	101	100.0	+	0	0	518I101M879I	4432891 Even3_116	553208
L	42081	1402	*	*	*	*	*	187179	*
H	42081	101	99.0	+	0	0	521I101M780I	4434294 Even1_2004	187179
L	92141	1449	*	*	*	*	*	4434294	*
H	92141	101	99.0	+	0	0	502I101M846I	4434294 Even1_2004	4434294
L	59503	1406	*	*	*	*	*	1904497	*
H	59503	101	100.0	+	0	0	465I101M840I	4434334 Even1_83	1904497
L	41246	1361	*	*	*	*	*	191691	*
H	41246	101	100.0	+	0	0	488I101M772I	4434334 Even1_83	191691
H	92147	101	100.0	+	0	0	463I101M849I	4434334 Even1_83	4434334
L	76771	1465	*	*	*	*	*	807226	*
H	76771	101	100.0	+	0	0	488I101M876I	4434334 Even1_83	807226
L	41562	1390	*	*	*	*	*	190003	*
H	41562	101	100.0	+	0	0	516I101M773I	4434334 Even1_83	190003
L	90961	1436	*	*	*	*	*	4422039	*
H	90961	101	100.0	+	0	0	489I101M846I	4435400 Even1_400	4422039
L	92246	1449	*	*	*	*	*	4435400	*
H	92246	101	100.0	+	0	0	490I101M858I	4435400 Even1_400	4435400
L	90177	1430	*	*	*	*	*	4414488	*
H	90177	101	100.0	+	0	0	481I30MI54MI17M846I	4437364 Even4_121850	4414488
L	40178	1392	*	*	*	*	*	197207	*
H	40178	101	99.0	+	0	0	517I101M774I	4437364 Even4_121850	197207
L	92986	1442	*	*	*	*	*	4443172	*
H	92986	101	99.0	+	0	0	484I101M857I	4437364 Even4_121850	4443172
L	23317	1355	*	*	*	*	*	328892	*
H	23317	101	99.0	+	0	0	497I101M757I	4437364 Even4_121850	328892
H	69645	101	99.0	+	0	0	473I101M853I	4437364 Even4_121850	3152469
H	26081	101	99.0	+	0	0	497I101M759I	4437368 Even4_4453	308907
H	59189	101	99.0	+	0	0	491I101M850I	4437368 Even4_4453	1868703
H	59140	101	99.0	+	0	0	482I101M859I	4437368 Even4_4453	1860111
H	58926	101	99.0	+	0	0	485I101M845I	4437368 Even4_4453	1835779
H	42000	101	99.0	+	0	0	517I101M771I	4437368 Even4_4453	187607
H	73122	101	100.0	+	0	0	470I101M832I	4437917 Even4_1006	721704
H	41102	101	100.0	+	0	0	515I101M775I	4437917 Even4_1006	192396
L	19487	1375	*	*	*	*	*	357020	*
H	19487	101	99.0	+	0	0	517I75MD25M758I	4437917 Even4_1006	357020
H	42922	101	100.0	+	0	0	515I101M775I	4437917 Even4_1006	182653
H	85373	101	100.0	+	0	0	492I101M860I	4437917 Even4_1006	4363553
N	*	101	*	*	*	*	*	4439530 Even4_27377	*
H	45193	101	99.0	+	0	0	517I101M861I	4440497 Even1_97835	166692
H	17855	101	99.0	+	0	0	533I101M747I	4440497 Even1_97835	470879
H	81368	101	99.0	+	0	0	481I101M1258I	4440497 Even1_97835	4321292
L	92741	1331	*	*	*	*	*	4440497	*
H	92741	101	100.0	+	0	0	437I101M793I	4440497 Even1_97835	4440497
L	71981	1400	*	*	*	*	*	3440955	*
H	71981	101	99.0	+	0	0	465I61MI40M833I	4440497 Even1_97835	3440955
N	*	101	*	*	*	*	*	4440624 Even3_160560	*
H	27529	101	99.0	+	0	0	533I101M776I	4441855 Even1_3546	299151
H	27555	101	99.0	+	0	0	533I101M768I	4441855 Even1_3546	298988
H	27781	101	99.0	+	0	0	533I101M734I	4441855 Even1_3546	297525
H	27914	101	99.0	+	0	0	533I101M777I	4441855 Even1_3546	296659
H	20569	101	99.0	+	0	0	534I101M773I	4441855 Even1_3546	349024
N	*	101	*	*	*	*	*	4442508 Even1_51584	*
N	*	101	*	*	*	*	*	4447176 Even1_3	*
N	*	101	*	*	*	*	*	4447188 Even4_29592	*
L	42584	1389	*	*	*	*	*	184391	*
H	42584	101	100.0	+	0	0	514I101M774I	4448492 Even4_80	184391
L	93448	1438	*	*	*	*	*	4448492	*
H	93448	101	100.0	+	0	0	495I101M842I	4448492 Even4_80	4448492
L	85630	1455	*	*	*	*	*	4366173	*
H	85630	101	100.0	+	0	0	493I101M861I	4448492 Even4_80	4366173
L	22725	1392	*	*	*	*	*	333166	*
H	22725	101	100.0	+	0	0	516I101M775I	4448492 Even4_80	333166
L	42406	1392	*	*	*	*	*	185486	*
H	42406	101	100.0	+	0	0	515I101M776I	4448492 Even4_80	185486
H	84501	101	100.0	+	0	0	523I101M768I	4449054 Even1_59	4354041
H	64235	101	99.0	+	0	0	505I101M825I	4449054 Even1_59	2487129
H	67802	101	99.0	+	0	0	490I101M847I	4449054 Even1_59	2920309
H	68042	101	99.0	+	0	0	484I101M849I	4449054 Even1_59	2949328
H	30243	101	99.0	+	0	0	506I101M772I	4449054 Even1_59	276484
L	38457	1493	*	*	*	*	*	212164	*
H	38457	101	100.0	+	0	0	527I101M865I	4449055 Even4_37	212164
H	85814	101	100.0	+	0	0	506I101M845I	4449055 Even4_37	4368216
L	21710	1358	*	*	*	*	*	340476	*
H	21710	101	100.0	+	0	0	505I101M752I	4449055 Even4_37	340476
H	38341	101	100.0	+	0	0	527I101M865I	4449055 Even4_37	213566
H	24088	101	100.0	+	0	0	506I101M754I	4449055 Even4_37	323325
L	93552	1497	*	*	*	*	*	4449633	*
H	93552	101	100.0	+	0	0	520I101M876I	4449633 Even4_82498	4449633
H	19400	101	99.0	+	0	0	516I101M757I	4451152 Even4_554	358493
H	72937	101	99.0	+	0	0	483I101M846I	4451152 Even4_554	3562626
H	61851	101	99.0	+	0	0	491I101M840I	4451152 Even4_554	2189140
H	38709	101	99.0	+	0	0	526I101M864I	4451152 Even4_554	209685
H	19027	101	99.0	+	0	0	498I101M766I	4451152 Even4_554	364903
H	83642	101	100.0	+	0	0	485I101M843I	4451899 Even1_723	4344643
H	42259	101	100.0	+	0	0	513I101M770I	4451899 Even1_723	186168
H	39976	101	100.0	+	0	0	515I101M771I	4451899 Even1_723	198324
H	83327	101	100.0	+	0	0	481I101M857I	4451899 Even1_723	4341534
H	43247	101	100.0	+	0	0	515I101M774I	4451899 Even1_723	180903
N	*	101	*	*	*	*	*	4452050 Even1_23683	*
N	*	101	*	*	*	*	*	4452633 Even1_207321	*
L	93919	1404	*	*	*	*	*	4453609	*
H	93919	101	100.0	+	0	0	533I101M770I	4453609 Even4_181	4453609
L	81756	1459	*	*	*	*	*	4325533	*
H	81756	101	100.0	+	0	0	512I101M846I	4453609 Even4_181	4325533
L	42754	1396	*	*	*	*	*	183480	*
H	42754	101	100.0	+	0	0	525I101M770I	4453609 Even4_181	183480
L	43418	1387	*	*	*	*	*	180045	*
H	43418	101	100.0	+	0	0	528I101M758I	4453609 Even4_181	180045
L	44146	1394	*	*	*	*	*	176108	*
H	44146	101	100.0	+	0	0	524I101M769I	4453609 Even4_181	176108
N	*	96	*	*	*	*	*	4454068 Even4_223718	*
N	*	101	*	*	*	*	*	4454295 Even1_124764	*
H	7341	101	99.0	+	0	0	524I101M874I	4455652 Even1_1157	610462
H	77227	101	99.0	+	0	0	502I101M831I	4455652 Even1_1157	1116679
H	28542	101	99.0	+	0	0	498I101M900I	4456376 Even1_17930	292521
H	17852	101	99.0	+	0	0	517I101M917I	4456376 Even1_17930	471180
L	51571	1382	*	*	*	*	*	102049	*
H	51571	101	99.0	+	0	0	482I101M799I	4456376 Even1_17930	102049
H	80249	101	100.0	+	0	0	512I101M878I	4459184 Even1_82028	4309927
L	43765	1391	*	*	*	*	*	178173	*
H	43765	101	100.0	+	0	0	515I101M775I	4459184 Even1_82028	178173
L	94493	1495	*	*	*	*	*	4459184	*
H	94493	101	100.0	+	0	0	515I101M879I	4459184 Even1_82028	4459184
L	42595	1383	*	*	*	*	*	184322	*
H	42595	101	100.0	+	0	0	515I101M767I	4459184 Even1_82028	184322
L	42758	1386	*	*	*	*	*	183467	*
H	42758	101	100.0	+	0	0	513I101M772I	4459184 Even1_82028	183467
N	*	101	*	*	*	*	*	4459708 Even4_301170	*
N	*	101	*	*	*	*	*	4459733 Even1_1331	*
L	94577	1362	*	*	*	*	*	4460263	*
H	94577	101	100.0	+	0	0	431I101M830I	4460263 Even3_6	4460263
L	60701	1381	*	*	*	*	*	1105928	*
H	60701	101	100.0	+	0	0	484I101M796I	4460263 Even3_6	1105928
N	*	101	*	*	*	*	*	4460775 Even1_10956	*
H	94935	101	100.0	+	0	0	495I88MI13M849I	4464533 Even4_176162	4464533
L	75259	1444	*	*	*	*	*	3866932	*
H	75259	101	99.0	+	0	0	484I101M859I	4464533 Even4_176162	3866932
L	93047	1443	*	*	*	*	*	4443846	*
H	93047	101	99.0	+	0	0	486I101M856I	4464533 Even4_176162	4443846
L	21665	1391	*	*	*	*	*	340759	*
H	21665	101	99.0	+	0	0	515I101M775I	4464533 Even4_176162	340759
L	85528	1447	*	*	*	*	*	4365178	*
H	85528	101	99.0	+	0	0	495I101M851I	4464533 Even4_176162	4365178
N	*	101	*	*	*	*	*	4467347 Even1_138797	*
L	95297	1471	*	*	*	*	*	4467984	*
H	95297	101	99.0	+	0	0	533I101M837I	4467984 Even1_89940	4467984
L	71715	1391	*	*	*	*	*	3407052	*
H	71715	101	99.0	+	0	0	477I101M813I	4467984 Even1_89940	3407052
L	53761	1405	*	*	*	*	*	52362	*
H	53761	101	99.0	+	0	0	491I101M813I	4467984 Even1_89940	52362
N	*	97	*	*	*	*	*	4468024 Even1_26769	*
L	85984	1429	*	*	*	*	*	4370025	*
H	85984	101	100.0	+	0	0	494I101M834I	4469302 Even3_145	4370025
L	13829	1365	*	*	*	*	*	545473	*
H	13829	101	100.0	+	0	0	495I101M769I	4469302 Even3_145	545473
L	40439	1400	*	*	*	*	*	195808	*
H	40439	101	100.0	+	0	0	517I101M782I	4469302 Even3_145	195808
H	69832	101	100.0	+	0	0	510I101M757I	4469302 Even3_145	842594
L	68375	1443	*	*	*	*	*	2990145	*
H	68375	101	100.0	+	0	0	495I101M847I	4469302 Even3_145	2990145
H	40404	101	99.0	+	0	0	517I101M779I	4470603 Even4_2079	195999
H	40426	101	99.0	+	0	0	517I101M774I	4470603 Even4_2079	195883
H	43440	101	99.0	+	0	0	515I101M774I	4470603 Even4_2079	179865
H	40371	101	99.0	+	0	0	516I63MI38M777I	4470603 Even4_2079	196176
H	56988	101	99.0	+	0	0	490I101M856I	4470603 Even4_2079	1601633
N	*	101	*	*	*	*	*	4475144 Even4_2150	*
L	8396	1367	*	*	*	*	*	587530	*
H	8396	101	99.0	+	0	0	517I101M749I	4475469 Even4_216899	587530
H	13431	101	99.0	+	0	0	537I101M730I	4475469 Even4_216899	548587
H	18825	101	99.0	+	0	0	538I101M749I	4475469 Even4_216899	368486
H	9455	101	99.0	+	0	0	517I101M748I	4475469 Even4_216899	579851
H	68474	101	99.0	+	0	0	493I32MI69M823I	4475469 Even4_216899	3002161
L	87476	1495	*	*	*	*	*	4385761	*
H	87476	101	100.0	+	0	0	528I101M866I	4476578 Even4_17116	4385761
L	61268	1496	*	*	*	*	*	1129060	*
H	61268	101	100.0	+	0	0	528I101M867I	4476578 Even4_17116	1129060
L	86220	1494	*	*	*	*	*	4372511	*
H	86220	101	99.0	+	0	0	528I101M865I	4476578 Even4_17116	4372511
L	85970	1497	*	*	*	*	*	4369878	*
H	85970	101	100.0	+	0	0	528I101M868I	4476578 Even4_17116	4369878
L	82033	1493	*	*	*	*	*	4328515	*
H	82033	101	100.0	+	0	0	527I101M865I	4476578 Even4_17116	4328515
N	*	101	*	*	*	*	*	4476950 Even1_9001	*
L	96214	1451	*	*	*	*	*	4477479	*
H	96214	101	100.0	+	0	0	488I101M862I	4477479 Even4_15092	4477479
L	36414	1494	*	*	*	*	*	234421	*
H	36414	101	100.0	+	0	0	517I101M876I	4477479 Even4_15092	234421
H	40208	101	99.0	+	0	0	521I101M769I	4477861 Even3_18	197052
H	76503	101	100.0	+	0	0	501I101M847I	4477861 Even3_18	4020502
H	40266	101	100.0	+	0	0	489I101M771I	4477861 Even3_18	196769
H	44163	101	100.0	+	0	0	527I101M769I	4477861 Even3_18	176034
H	96246	101	100.0	+	0	0	482I101M832I	4477861 Even3_18	4477861
H	28082	101	100.0	+	0	0	522I101M765I	4480861 Even1_31	295705
H	23132	101	100.0	+	0	0	527I101M764I	4480861 Even1_31	330294
L	23917	1384	*	*	*	*	*	324733	*
H	23917	101	100.0	+	0	0	520I101M763I	4480861 Even1_31	324733
H	70669	101	100.0	+	0	0	310I101M902I	4480861 Even1_31	755474
H	29368	101	100.0	+	0	0	532I101M765I	4480861 Even1_31	287510
L	40902	1384	*	*	*	*	*	193575	*
H	40902	101	100.0	+	0	0	514I101M769I	4481613 Even1_162356	193575
L	29367	1365	*	*	*	*	*	287514	*
H	29367	101	100.0	+	0	0	495I101M769I	4481613 Even1_162356	287514
L	40929	1371	*	*	*	*	*	193436	*
H	40929	101	100.0	+	0	0	501I101M769I	4481613 Even1_162356	193436
L	42530	1365	*	*	*	*	*	184745	*
H	42530	101	100.0	+	0	0	495I101M769I	4481613 Even1_162356	184745
L	41699	1367	*	*	*	*	*	189294	*
H	41699	101	100.0	+	0	0	495I101M771I	4481613 Even1_162356	189294
N	*	101	*	*	*	*	*	4481624 Even3_32531	*
L	71567	1410	*	*	*	*	*	681370	*
H	71567	101	99.0	+	0	0	473I93MI8M835I	4481861 Even1_67690	681370
L	16519	1396	*	*	*	*	*	519290	*
H	16519	101	99.0	+	0	0	519I101M776I	4481861 Even1_67690	519290
L	86599	1529	*	*	*	*	*	4376828	*
H	86599	101	99.0	+	0	0	512I101M916I	4481861 Even1_67690	4376828
H	62902	101	99.0	+	0	0	505I101M909I	4481861 Even1_67690	825808
L	11012	1410	*	*	*	*	*	567846	*
H	11012	101	99.0	+	0	0	513I101M796I	4481861 Even1_67690	567846
N	*	101	*	*	*	*	*	4484466 Even1_531	*
N	*	97	*	*	*	*	*	45363 Even4_233176	*
L	17858	1525	*	*	*	*	*	470117	*
H	17858	101	100.0	+	0	0	519I101M905I	470117 Even1_777	470117
H	62902	101	99.0	+	0	0	505I101M909I	471180 Even4_62	825808
H	68174	101	99.0	+	0	0	485I101M860I	471180 Even4_62	1142029
L	19184	1385	*	*	*	*	*	362214	*
H	19184	101	99.0	+	0	0	506I101M778I	471180 Even4_62	362214
H	17852	101	100.0	+	0	0	517I101M917I	471180 Even4_62	471180
H	11012	101	99.0	+	0	0	513I101M796I	471180 Even4_62	567846
N	*	101	*	*	*	*	*	47477 Even4_160440	*
L	19472	1341	*	*	*	*	*	357261	*
H	19472	101	100.0	+	0	0	484I101M756I	48084 Even3_228568	357261
L	38608	1475	*	*	*	*	*	210647	*
H	38608	101	100.0	+	0	0	502I101M872I	48084 Even3_228568	210647
L	40459	1392	*	*	*	*	*	195721	*
H	40459	101	100.0	+	0	0	516I101M775I	48084 Even3_228568	195721
L	40630	1379	*	*	*	*	*	194868	*
H	40630	101	100.0	+	0	0	510I101M768I	48084 Even3_228568	194868
L	40793	1382	*	*	*	*	*	194101	*
H	40793	101	100.0	+	0	0	510I101M771I	48084 Even3_228568	194101
N	*	101	*	*	*	*	*	503372 Even4_30	*
N	*	101	*	*	*	*	*	508842 Even3_97465	*
L	89948	1456	*	*	*	*	*	4412103	*
H	89948	101	99.0	+	0	0	493I53MI48M861I	509709 Even1_146375	4412103
N	*	91	*	*	*	*	*	509989 Even3_119833	*
H	43229	101	99.0	+	0	0	497I101M769I	510777 Even3_29165	181008
H	19141	101	99.0	+	0	0	498I101M763I	510777 Even3_29165	362947
H	43251	101	99.0	+	0	0	517I101M773I	510777 Even3_29165	180878
H	43288	101	99.0	+	0	0	504I101M774I	510777 Even3_29165	180681
H	43296	101	99.0	+	0	0	517I101M774I	510777 Even3_29165	180654
H	36539	101	100.0	+	0	0	435I32MI69M855I	510870 Even4_29	232696
H	88178	101	99.0	+	0	0	508I75MD25M768I	510870 Even4_29	4393066
H	45224	101	100.0	+	0	0	471I101M829I	510870 Even4_29	166235
H	64584	101	100.0	+	0	0	526I101M918I	510870 Even4_29	2529285
H	45337	101	100.0	+	0	0	494I101M871I	510870 Even4_29	164915
L	39107	1507	*	*	*	*	*	205417	*
H	39107	101	99.0	+	0	0	526I101M880I	511908 Even3_4694	205417
H	51757	101	99.0	+	0	0	482I101M808I	511908 Even3_4694	100497
L	14506	1466	*	*	*	*	*	540402	*
H	14506	101	99.0	+	0	0	489I101M876I	511908 Even3_4694	540402
L	19493	1501	*	*	*	*	*	356864	*
H	19493	101	99.0	+	0	0	523I101M877I	511908 Even3_4694	356864
L	14396	1503	*	*	*	*	*	541119	*
H	14396	101	99.0	+	0	0	526I101M876I	511908 Even3_4694	541119
L	16740	1366	*	*	*	*	*	516553	*
H	16740	101	99.0	+	0	0	517I101M748I	516553 Even3_28222	516553
L	15698	1393	*	*	*	*	*	529873	*
H	15698	101	99.0	+	0	0	516I101M776I	516553 Even3_28222	529873
H	36539	101	99.0	+	0	0	435I32MI69M855I	518002 Even4_48653	232696
H	45224	101	99.0	+	0	0	471I101M829I	518002 Even4_48653	166235
H	64584	101	99.0	+	0	0	526I101M918I	518002 Even4_48653	2529285
H	45337	101	99.0	+	0	0	494I101M871I	518002 Even4_48653	164915
H	36369	101	99.0	+	0	0	479I101M877I	518002 Even4_48653	235024
N	*	101	*	*	*	*	*	524661 Even4_48791	*
L	16049	1380	*	*	*	*	*	525474	*
H	16049	101	100.0	+	0	0	505I101M774I	525474 Even1_38725	525474
L	28736	1390	*	*	*	*	*	291496	*
H	28736	101	99.0	+	0	0	515I101M774I	525474 Even1_38725	291496
L	72359	1432	*	*	*	*	*	3484497	*
H	72359	101	99.0	+	0	0	475I101M856I	525474 Even1_38725	3484497
L	72361	1438	*	*	*	*	*	3484503	*
H	72361	101	99.0	+	0	0	497I101M840I	525474 Even1_38725	3484503
L	66187	1413	*	*	*	*	*	2724174	*
H	66187	101	99.0	+	0	0	481I101M831I	525474 Even1_38725	2724174
N	*	101	*	*	*	*	*	527988 Even3_74267	*
L	12130	1506	*	*	*	*	*	559204	*
H	12130	94	100.0	+	0	0	524I94M888I	528421 Even4_261	559204
L	58716	1453	*	*	*	*	*	737912	*
H	58716	94	100.0	+	0	0	471I94M888I	528421 Even4_261	737912
L	89406	1405	*	*	*	*	*	4406193	*
H	89406	94	100.0	+	0	0	522I94M789I	528421 Even4_261	4406193
L	21025	1504	*	*	*	*	*	345540	*
H	21025	94	100.0	+	0	0	526I94M884I	528421 Even4_261	345540
L	47822	1458	*	*	*	*	*	144814	*
H	47822	94	100.0	+	0	0	500I94M864I	528421 Even4_261	144814
N	*	101	*	*	*	*	*	529377 Even1_49038	*
L	15715	1391	*	*	*	*	*	529740	*
H	15715	101	100.0	+	0	0	516I101M774I	529740 Even4_23722	529740
L	15659	1379	*	*	*	*	*	530379	*
H	15659	101	99.0	+	0	0	504I101M774I	530379 Even1_24234	530379
H	29153	101	99.0	+	0	0	506I101M768I	530379 Even1_24234	288930
L	56395	1489	*	*	*	*	*	829133	*
H	56395	101	100.0	+	0	0	528I101M860I	532835 Even1_9566	829133
L	34377	1496	*	*	*	*	*	249525	*
H	34377	101	100.0	+	0	0	526I101M869I	532835 Even1_9566	249525
L	62000	1384	*	*	*	*	*	826298	*
H	62000	101	100.0	+	0	0	405I101M878I	532835 Even1_9566	826298
L	73330	1455	*	*	*	*	*	805022	*
H	73330	101	100.0	+	0	0	508I101M846I	532835 Even1_9566	805022
L	65870	1405	*	*	*	*	*	2686724	*
H	65870	101	100.0	+	0	0	476I101M828I	532835 Even1_9566	2686724
L	15400	1492	*	*	*	*	*	533373	*
H	15400	101	100.0	+	0	0	525I101M866I	533373 Even1_50181	533373
H	85814	101	99.0	+	0	0	506I101M845I	533373 Even1_50181	4368216
H	24088	101	99.0	+	0	0	506I101M754I	533373 Even1_50181	323325
H	21710	101	99.0	+	0	0	505I101M752I	533373 Even1_50181	340476
L	24518	1360	*	*	*	*	*	320291	*
H	24518	101	99.0	+	0	0	506I101M753I	533373 Even1_50181	320291
N	*	101	*	*	*	*	*	534957 Even1_317500	*
L	38646	1346	*	*	*	*	*	210269	*
H	38646	101	99.0	+	0	0	432I101M813I	534965 Even4_22311	210269
L	38513	1344	*	*	*	*	*	211593	*
H	38513	101	99.0	+	0	0	452I101M791I	534965 Even4_22311	211593
H	89406	101	99.0	+	0	0	522I101M782I	534965 Even4_22311	4406193
L	63192	1463	*	*	*	*	*	776980	*
H	63192	101	99.0	+	0	0	504I101M858I	534965 Even4_22311	776980
L	37606	1404	*	*	*	*	*	220970	*
H	37606	101	99.0	+	0	0	524I101M779I	534965 Even4_22311	220970
L	14944	1353	*	*	*	*	*	537085	*
H	14944	101	100.0	+	0	0	479I101M773I	537085 Even3_61553	537085
L	18340	1363	*	*	*	*	*	410307	*
H	18340	101	99.0	+	0	0	506I101M756I	537085 Even3_61553	410307
H	18215	101	99.0	+	0	0	527I101M763I	537085 Even3_61553	425721
H	79845	101	99.0	+	0	0	457I101M823I	537085 Even3_61553	4306121
H	79589	101	99.0	+	0	0	473I95MI6M796I	537085 Even3_61553	4303370
N	*	101	*	*	*	*	*	537506 Even1_102192	*
H	82004	101	99.0	+	0	0	436I101M844I	538000 Even4_115164	4328189
H	37483	101	99.0	+	0	0	524I101M776I	538000 Even4_115164	222043
H	12878	101	99.0	+	0	0	518I101M879I	538000 Even4_115164	553208
H	31646	101	99.0	+	0	0	518I101M877I	538000 Even4_115164	268101
H	36539	101	99.0	+	0	0	435I32MI69M855I	540402 Even3_172159	232696
H	45224	101	99.0	+	0	0	471I101M829I	540402 Even3_172159	166235
H	64584	101	99.0	+	0	0	526I101M918I	540402 Even3_172159	2529285
H	45337	101	99.0	+	0	0	494I101M871I	540402 Even3_172159	164915
H	36369	101	99.0	+	0	0	479I101M877I	540402 Even3_172159	235024
N	*	101	*	*	*	*	*	540793 Even3_69194	*
N	*	101	*	*	*	*	*	540982 Even4_252725	*
N	*	101	*	*	*	*	*	541119 Even1_172356	*
H	14337	101	100.0	+	0	0	520I101M785I	541517 Even4_8679	541517
L	14821	1498	*	*	*	*	*	538000	*
H	14821	101	99.0	+	0	0	527I101M870I	541517 Even4_8679	538000
L	21925	1394	*	*	*	*	*	338946	*
H	21925	101	99.0	+	0	0	520I38MI63M772I	546384 Even1_7600	338946
L	3620	1399	*	*	*	*	*	822899	*
H	3620	101	100.0	+	0	0	460I101M838I	546384 Even1_7600	822899
L	13705	1413	*	*	*	*	*	546384	*
H	13705	101	100.0	+	0	0	525I101M787I	546384 Even1_7600	546384
L	29565	1400	*	*	*	*	*	280706	*
H	29565	101	99.0	+	0	0	527I101M772I	546384 Even1_7600	280706
L	33147	1402	*	*	*	*	*	258785	*
H	33147	101	99.0	+	0	0	472I101M829I	546384 Even1_7600	258785
H	73122	101	99.0	+	0	0	470I101M832I	547287 Even1_23584	721704
H	41102	101	99.0	+	0	0	515I101M775I	547287 Even1_23584	192396
H	42922	101	99.0	+	0	0	515I101M775I	547287 Even1_23584	182653
H	85373	101	99.0	+	0	0	492I101M860I	547287 Even1_23584	4363553
H	43309	101	99.0	+	0	0	514I101M774I	547287 Even1_23584	180577
H	13544	101	100.0	+	0	0	468I38MI63M760I	547714 Even1_36186	547714
L	15210	1464	*	*	*	*	*	534957	*
H	15210	101	99.0	+	0	0	488I40MI61M874I	547714 Even1_36186	534957
H	26125	101	99.0	+	0	0	486I38MI63M776I	547714 Even1_36186	308502
H	7385	101	100.0	+	0	0	497I38MI63M908I	547714 Even1_36186	606927
H	7082	101	100.0	+	0	0	480I38MI63M824I	547714 Even1_36186	628226
H	13352	101	100.0	+	0	0	496I101M885I	549232 Even1_451	549232
H	80180	101	99.0	+	0	0	483I101M835I	549232 Even1_451	4309033
N	*	101	*	*	*	*	*	550013 Even3_146873	*
N	*	96	*	*	*	*	*	553611 Even1_8813	*
H	4878	101	100.0	+	0	0	516I101M827I	558081 Even1_21	788593
H	12256	101	100.0	+	0	0	528I101M873I	558081 Even1_21	558081
N	*	101	*	*	*	*	*	584463 Even1_12949	*
N	*	101	*	*	*	*	*	585574 Even4_214304	*
N	*	101	*	*	*	*	*	586920 Even4_181340	*
L	7857	1345	*	*	*	*	*	591285	*
H	7857	101	100.0	+	0	0	503I101M741I	591285 Even4_19814	591285
H	83861	101	99.0	+	0	0	499I101M759I	591285 Even4_19814	4347159
L	36359	1499	*	*	*	*	*	235262	*
H	36359	101	99.0	+	0	0	487I101M911I	591285 Even4_19814	235262
H	19371	101	99.0	+	0	0	487I101M768I	591285 Even4_19814	359098
L	7671	1374	*	*	*	*	*	592616	*
H	7671	101	100.0	+	0	0	518I101M755I	592616 Even4_27	592616
L	7185	1365	*	*	*	*	*	621472	*
H	7185	101	100.0	+	0	0	497I101M767I	621472 Even1_73430	621472
L	78580	1345	*	*	*	*	*	683112	*
H	78580	101	99.0	+	0	0	477I101M767I	621472 Even1_73430	683112
L	93677	1447	*	*	*	*	*	4450979	*
H	93677	101	99.0	+	0	0	479I101M867I	621472 Even1_73430	4450979
H	83136	101	99.0	+	0	0	488I101M858I	621472 Even1_73430	4339831
H	39938	101	99.0	+	0	0	518I101M777I	621472 Even1_73430	198542
N	*	101	*	*	*	*	*	622303 Even4_702	*
N	*	101	*	*	*	*	*	632346 Even1_394	*
N	*	101	*	*	*	*	*	634449 Even3_26459	*
L	75989	1498	*	*	*	*	*	637546	*
H	75989	101	100.0	+	0	0	518I101M879I	637546 Even3_48813	637546
H	45337	101	99.0	+	0	0	494I101M871I	637546 Even3_48813	164915
L	3746	1409	*	*	*	*	*	820346	*
H	3746	101	99.0	+	0	0	471I101M837I	637546 Even3_48813	820346
L	76445	1402	*	*	*	*	*	1105459	*
H	76445	101	99.0	+	0	0	472I101M829I	637546 Even3_48813	1105459
H	93568	101	99.0	+	0	0	467I101M834I	637546 Even3_48813	4449851
L	6786	1356	*	*	*	*	*	649107	*
H	6786	101	100.0	+	0	0	485I80MI21M769I	649107 Even4_10691	649107
L	71589	1496	*	*	*	*	*	3392840	*
H	71589	101	100.0	+	0	0	518I101M877I	649107 Even4_10691	3392840
L	24193	1481	*	*	*	*	*	322562	*
H	24193	101	99.0	+	0	0	503I101M877I	649107 Even4_10691	322562
L	31073	1398	*	*	*	*	*	271406	*
H	31073	101	100.0	+	0	0	526I101M771I	649107 Even4_10691	271406
L	29349	1379	*	*	*	*	*	287597	*
H	29349	101	100.0	+	0	0	504I101M774I	649107 Even4_10691	287597
L	66937	1480	*	*	*	*	*	652696	*
H	66937	87	100.0	+	0	0	488I87M905I	652696 Even3_172855	652696
L	71669	1500	*	*	*	*	*	664205	*
H	71669	101	100.0	+	0	0	508I101M891I	664205 Even3_33244	664205
L	30210	1415	*	*	*	*	*	276657	*
H	30210	101	100.0	+	0	0	483I101M831I	664205 Even3_33244	276657
L	52876	1525	*	*	*	*	*	78009	*
H	52876	101	99.0	+	0	0	535I101M889I	664205 Even3_33244	78009
L	3703	1492	*	*	*	*	*	821365	*
H	3703	101	99.0	+	0	0	522I101M869I	664205 Even3_33244	821365
L	45960	1549	*	*	*	*	*	159299	*
H	45960	101	100.0	+	0	0	538I101M910I	664205 Even3_33244	159299
L	62955	1520	*	*	*	*	*	1126691	*
H	62955	101	99.0	+	0	0	532I101M887I	676211 Even4_24613	1126691
L	34129	1496	*	*	*	*	*	251387	*
H	34129	101	99.0	+	0	0	527I101M868I	676211 Even4_24613	251387
L	86554	1511	*	*	*	*	*	4376234	*
H	86554	101	99.0	+	0	0	530I101M880I	676211 Even4_24613	4376234
L	90387	1502	*	*	*	*	*	4416562	*
H	90387	101	99.0	+	0	0	525I101M876I	676211 Even4_24613	4416562
H	38513	101	99.0	+	0	0	452I101M791I	676211 Even4_24613	211593
H	16519	101	99.0	+	0	0	519I101M776I	681370 Even1_10370	519290
H	53078	101	99.0	+	0	0	496I101M805I	681370 Even1_10370	72820
H	83861	101	99.0	+	0	0	499I101M759I	681370 Even1_10370	4347159
H	36359	101	99.0	+	0	0	487I101M911I	681370 Even1_10370	235262
N	*	92	*	*	*	*	*	72466 Even4_323936	*
N	*	101	*	*	*	*	*	727945 Even1_185787	*
N	*	101	*	*	*	*	*	732637 Even4_149863	*
N	*	101	*	*	*	*	*	744941 Even1_22952	*
N	*	101	*	*	*	*	*	746679 Even1_57042	*
N	*	101	*	*	*	*	*	769961 Even4_5388	*
N	*	101	*	*	*	*	*	777944 Even1_2700	*
H	36539	101	99.0	+	0	0	435I32MI69M855I	806143 Even4_5367	232696
H	45224	101	99.0	+	0	0	471I101M829I	806143 Even4_5367	166235
H	64584	101	99.0	+	0	0	526I101M918I	806143 Even4_5367	2529285
H	45337	101	99.0	+	0	0	494I101M871I	806143 Even4_5367	164915
H	36369	101	99.0	+	0	0	479I101M877I	806143 Even4_5367	235024
N	*	91	*	*	*	*	*	807226 Even1_136672	*
N	*	101	*	*	*	*	*	812218 Even3_29632	*
N	*	101	*	*	*	*	*	813479 Even1_16286	*
H	53577	101	99.0	+	0	0	502I101M857I	813564 Even4_21351	60332
L	45035	1457	*	*	*	*	*	168415	*
H	45035	101	99.0	+	0	0	494I101M862I	813564 Even4_21351	168415
L	92722	1493	*	*	*	*	*	4440251	*
H	92722	101	99.0	+	0	0	521I101M871I	813564 Even4_21351	4440251
L	45082	1457	*	*	*	*	*	167950	*
H	45082	101	99.0	+	0	0	495I101M861I	813564 Even4_21351	167950
L	13912	1467	*	*	*	*	*	544824	*
H	13912	101	99.0	+	0	0	506I101M860I	813564 Even4_21351	544824
L	3787	1426	*	*	*	*	*	819636	*
H	3787	101	100.0	+	0	0	471I101M854I	819636 Even4_7476	819636
H	12130	101	99.0	+	0	0	524I101M881I	819636 Even4_7476	559204
L	75589	1527	*	*	*	*	*	3908648	*
H	75589	101	99.0	+	0	0	543I101M883I	819636 Even4_7476	3908648
L	91046	1390	*	*	*	*	*	4423027	*
H	91046	101	99.0	+	0	0	523I101M766I	819636 Even4_7476	4423027
L	19067	1519	*	*	*	*	*	364163	*
H	19067	101	99.0	+	0	0	524I101M894I	819636 Even4_7476	364163
H	91997	101	99.0	+	0	0	477I101M835I	824402 Even1_25449	4432891
L	67578	1410	*	*	*	*	*	606063	*
H	67578	101	100.0	+	0	0	474I101M835I	824742 Even1_58923	606063
L	5453	1493	*	*	*	*	*	746679	*
H	5453	101	100.0	+	0	0	520I101M872I	824742 Even1_58923	746679
L	76837	1370	*	*	*	*	*	824742	*
H	76837	101	100.0	+	0	0	520I101M749I	824742 Even1_58923	824742
L	63290	1502	*	*	*	*	*	1141188	*
H	63290	101	100.0	+	0	0	526I101M875I	824742 Even1_58923	1141188
L	3716	1372	*	*	*	*	*	821080	*
H	3716	101	100.0	+	0	0	502I101M769I	824742 Even1_58923	821080
N	*	101	*	*	*	*	*	824876 Even1_328004	*
N	*	101	*	*	*	*	*	825808 Even3_152318	*
H	76065	101	99.0	+	0	0	501I101M846I	846127 Even1_42	3970651
H	2815	101	100.0	+	0	0	511I101M767I	846127 Even1_42	851323
H	61181	101	100.0	+	0	0	495I101M768I	846127 Even1_42	846127
L	65761	1388	*	*	*	*	*	847228	*
H	65761	101	99.0	+	0	0	517I101M770I	846127 Even1_42	847228
H	65761	101	100.0	+	0	0	517I101M770I	847228 Even1_28817	847228
L	41401	1395	*	*	*	*	*	190913	*
H	41401	101	99.0	+	0	0	525I101M769I	847228 Even1_28817	190913
L	43412	1397	*	*	*	*	*	180082	*
H	43412	101	100.0	+	0	0	527I101M769I	847228 Even1_28817	180082
L	90589	1440	*	*	*	*	*	4418496	*
H	90589	101	99.0	+	0	0	511I101M828I	847228 Even1_28817	4418496
L	56118	1404	*	*	*	*	*	1952	*
H	56118	101	100.0	+	0	0	506I101M797I	847228 Even1_28817	1952
N	*	101	*	*	*	*	*	87839 Even1_5370	*
N	*	94	*	*	*	*	*	897946 Even4_227396	*
N	*	101	*	*	*	*	*	909065 Even4_175377	*
N	*	101	*	*	*	*	*	924547 Even4_57388	*
H	29555	101	100.0	+	0	0	526I101M773I	9727 Even1_336	281015
H	55530	101	100.0	+	0	0	473I101M847I	9727 Even1_336	9727
L	40148	1397	*	*	*	*	*	197334	*
H	40148	101	99.0	+	0	0	519I101M777I	975306 Even1_31409	197334
L	1666	1354	*	*	*	*	*	975306	*
H	1666	101	100.0	+	0	0	497I101M756I	975306 Even1_31409	975306
L	43653	1393	*	*	*	*	*	178766	*
H	43653	101	99.0	+	0	0	517I101M775I	975306 Even1_31409	178766
L	43323	1392	*	*	*	*	*	180523	*
H	43323	101	99.0	+	0	0	517I101M774I	975306 Even1_31409	180523
L	70657	1458	*	*	*	*	*	3272764	*
H	70657	101	99.0	+	0	0	498I101M859I	975306 Even1_31409	3272764
H	75589	101	99.0	+	0	0	543I101M883I	9846 Even4_267106	3908648
L	61282	1432	*	*	*	*	*	2116285	*
H	61282	101	99.0	+	0	0	492I33MI68M838I	9846 Even4_267106	2116285
L	94650	1442	*	*	*	*	*	4461030	*
H	94650	101	99.0	+	0	0	488I101M853I	9846 Even4_267106	4461030
H	34129	101	99.0	+	0	0	527I101M868I	9846 Even4_267106	251387
H	48968	101	99.0	+	0	0	523I101M858I	9846 Even4_267106	136946
L	47366	1436	*	*	*	*	*	148620	*
H	47366	101	99.0	+	0	0	500I101M835I	9912 Even4_69718	148620
L	45159	1508	*	*	*	*	*	167120	*
H	45159	101	99.0	+	0	0	527I101M880I	9912 Even4_69718	167120
L	55521	1484	*	*	*	*	*	9939	*
H	55521	101	99.0	+	0	0	506I101M877I	9912 Even4_69718	9939
L	55523	1492	*	*	*	*	*	9912	*
H	55523	101	100.0	+	0	0	502I101M889I	9912 Even4_69718	9912
L	2135	1362	*	*	*	*	*	922761	*
H	2135	101	99.0	+	0	0	504I101M757I	9912 Even4_69718	922761
L	28689	1382	*	*	*	*	*	291784	*
H	28689	101	99.0	+	0	0	507I101M774I	99566 Even1_144714	291784
H	18999	101	99.0	+	0	0	506I101M765I	997439 Even1_29785	365385
L	1471	1428	*	*	*	*	*	997439	*
H	1471	101	99.0	+	0	0	497I101M830I	997439 Even1_29785	997439
H	12256	101	99.0	+	0	0	528I101M873I	9994 Even3_63472	558081
H	4878	101	99.0	+	0	0	516I101M827I	9994 Even3_63472	788593
N	*	101	*	*	*	*	*	New.ReferenceOTU10 Even1_167341	*
N	*	91	*	*	*	*	*	New.ReferenceOTU12 Even3_264034	*
N	*	95	*	*	*	*	*	New.ReferenceOTU13 Even1_89663	*
N	*	101	*	*	*	*	*	New.ReferenceOTU2 Even4_66235	*
N	*	101	*	*	*	*	*	New.ReferenceOTU3 Even3_239706	*
N	*	101	*	*	*	*	*	New.ReferenceOTU4 Even4_73661	*
N	*	101	*	*	*	*	*	New.ReferenceOTU6 Even1_102962	*
N	*	101	*	*	*	*	*	New.ReferenceOTU7 Even4_27127	*
N	*	97	*	*	*	*	*	New.ReferenceOTU8 Even3_69111	*
N	*	101	*	*	*	*	*	New.ReferenceOTU9 Even1_29238	*
N	*	101	*	*	*	*	*	New.CleanUp.ReferenceOTU1 Even4_230852	*
N	*	101	*	*	*	*	*	New.CleanUp.ReferenceOTU10 Even3_159752	*
N	*	101	*	*	*	*	*	New.CleanUp.ReferenceOTU1002 Even3_87658	*
N	*	101	*	*	*	*	*	New.CleanUp.ReferenceOTU1005 Even3_49124	*
N	*	101	*	*	*	*	*	New.CleanUp.ReferenceOTU101 Even3_144048	*
N	*	101	*	*	*	*	*	New.CleanUp.ReferenceOTU1012 Even3_16837	*
N	*	101	*	*	*	*	*	New.CleanUp.ReferenceOTU1016 Even4_116565	*
N	*	101	*	*	*	*	*	New.CleanUp.ReferenceOTU1017 Even1_328440	*
N	*	95	*	*	*	*	*	New.CleanUp.ReferenceOTU1036 Even4_178533	*
N	*	101	*	*	*	*	*	New.CleanUp.ReferenceOTU1038 Even1_64864	*
N	*	101	*	*	*	*	*	New.CleanUp.ReferenceOTU1039 Even1_158171	*
N	*	91	*	*	*	*	*	New.CleanUp.ReferenceOTU1048 Even1_153551	*
N	*	101	*	*	*	*	*	New.CleanUp.ReferenceOTU1050 Even3_135278	*
N	*	101	*	*	*	*	*	New.CleanUp.ReferenceOTU1052 Even3_115144	*
N	*	101	*	*	*	*	*	New.CleanUp.ReferenceOTU1053 Even1_327528	*
N	*	101	*	*	*	*	*	New.CleanUp.ReferenceOTU1056 Even1_205164	*
N	*	86	*	*	*	*	*	New.CleanUp.ReferenceOTU1059 Even3_176354	*
N	*	101	*	*	*	*	*	New.CleanUp.ReferenceOTU1060 Even3_238916	*
N	*	92	*	*	*	*	*	New.CleanUp.ReferenceOTU1067 Even1_220407	*
N	*	101	*	*	*	*	*	New.CleanUp.ReferenceOTU1071 Even1_309302	*
N	*	101	*	*	*	*	*	New.CleanUp.ReferenceOTU1072 Even1_270502	*
N	*	101	*	*	*	*	*	New.CleanUp.ReferenceOTU1073 Even3_144870	*
N	*	101	*	*	*	*	*	New.CleanUp.ReferenceOTU1074 Even3_23345	*
N	*	101	*	*	*	*	*	New.CleanUp.ReferenceOTU1076 Even1_267399	*
N	*	91	*	*	*	*	*	New.CleanUp.ReferenceOTU1082 Even1_10910	*
N	*	101	*	*	*	*	*	New.CleanUp.ReferenceOTU1085 Even1_270371	*
N	*	101	*	*	*	*	*	New.CleanUp.ReferenceOTU1086 Even1_111534	*
N	*	90	*	*	*	*	*	New.CleanUp.ReferenceOTU1089 Even1_269244	*
N	*	101	*	*	*	*	*	New.CleanUp.ReferenceOTU1093 Even4_148578	*
N	*	91	*	*	*	*	*	New.CleanUp.ReferenceOTU1094 Even3_8532	*
N	*	101	*	*	*	*	*	New.CleanUp.ReferenceOTU110 Even4_20362	*
N	*	101	*	*	*	*	*	New.CleanUp.ReferenceOTU1105 Even4_63804	*
N	*	101	*	*	*	*	*	New.CleanUp.ReferenceOTU1106 Even4_63805	*
N	*	101	*	*	*	*	*	New.CleanUp.ReferenceOTU1117 Even1_175901	*
N	*	101	*	*	*	*	*	New.CleanUp.ReferenceOTU1118 Even3_261076	*
N	*	101	*	*	*	*	*	New.CleanUp.ReferenceOTU1119 Even1_176300	*
N	*	101	*	*	*	*	*	New.CleanUp.ReferenceOTU1120 Even4_25389	*
N	*	91	*	*	*	*	*	New.CleanUp.ReferenceOTU1123 Even4_218098	*
N	*	91	*	*	*	*	*	New.CleanUp.ReferenceOTU1124 Even4_308247	*
N	*	101	*	*	*	*	*	New.CleanUp.ReferenceOTU1131 Even3_136619	*
N	*	101	*	*	*	*	*	New.CleanUp.ReferenceOTU1135 Even1_285874	*
N	*	90	*	*	*	*	*	New.CleanUp.ReferenceOTU1137 Even1_308094	*
N	*	94	*	*	*	*	*	New.CleanUp.ReferenceOTU1141 Even1_6923	*
N	*	91	*	*	*	*	*	New.CleanUp.ReferenceOTU1142 Even1_163732	*
N	*	91	*	*	*	*	*	New.CleanUp.ReferenceOTU1145 Even1_301875	*
N	*	101	*	*	*	*	*	New.CleanUp.ReferenceOTU1152 Even4_78665	*
N	*	101	*	*	*	*	*	New.CleanUp.ReferenceOTU1153 Even4_70217	*
N	*	92	*	*	*	*	*	New.CleanUp.ReferenceOTU1155 Even4_267463	*
N	*	101	*	*	*	*	*	New.CleanUp.ReferenceOTU1161 Even3_116815	*
N	*	91	*	*	*	*	*	New.CleanUp.ReferenceOTU1164 Even3_148558	*
N	*	95	*	*	*	*	*	New.CleanUp.ReferenceOTU1167 Even3_222026	*
N	*	101	*	*	*	*	*	New.CleanUp.ReferenceOTU1168 Even4_104267	*
N	*	101	*	*	*	*	*	New.CleanUp.ReferenceOTU1170 Even4_50786	*
N	*	90	*	*	*	*	*	New.CleanUp.ReferenceOTU1175 Even4_36898	*
N	*	101	*	*	*	*	*	New.CleanUp.ReferenceOTU1176 Even3_38791	*
N	*	101	*	*	*	*	*	New.CleanUp.ReferenceOTU118 Even3_299692	*
N	*	90	*	*	*	*	*	New.CleanUp.ReferenceOTU1181 Even1_25337	*
N	*	101	*	*	*	*	*	New.CleanUp.ReferenceOTU1183 Even1_37457	*
N	*	101	*	*	*	*	*	New.CleanUp.ReferenceOTU1190 Even4_112148	*
N	*	101	*	*	*	*	*	New.CleanUp.ReferenceOTU1191 Even3_119689	*
N	*	90	*	*	*	*	*	New.CleanUp.ReferenceOTU1194 Even4_138647	*
N	*	91	*	*	*	*	*	New.CleanUp.ReferenceOTU1196 Even3_94415	*
N	*	101	*	*	*	*	*	New.CleanUp.ReferenceOTU120 Even4_6602	*
N	*	91	*	*	*	*	*	New.CleanUp.ReferenceOTU1201 Even4_60681	*
N	*	93	*	*	*	*	*	New.CleanUp.ReferenceOTU1204 Even1_105293	*
N	*	101	*	*	*	*	*	New.CleanUp.ReferenceOTU121 Even4_153594	*
N	*	101	*	*	*	*	*	New.CleanUp.ReferenceOTU1210 Even1_322076	*
N	*	101	*	*	*	*	*	New.CleanUp.ReferenceOTU1213 Even1_12492	*
N	*	101	*	*	*	*	*	New.CleanUp.ReferenceOTU1214 Even1_38454	*
N	*	94	*	*	*	*	*	New.CleanUp.ReferenceOTU1217 Even3_99443	*
N	*	94	*	*	*	*	*	New.CleanUp.ReferenceOTU122 Even4_42232	*
N	*	101	*	*	*	*	*	New.CleanUp.ReferenceOTU1221 Even1_25486	*
N	*	95	*	*	*	*	*	New.CleanUp.ReferenceOTU1222 Even1_122743	*
N	*	101	*	*	*	*	*	New.CleanUp.ReferenceOTU1226 Even4_32412	*
N	*	101	*	*	*	*	*	New.CleanUp.ReferenceOTU1228 Even3_205004	*
N	*	94	*	*	*	*	*	New.CleanUp.ReferenceOTU1236 Even1_325759	*
N	*	101	*	*	*	*	*	New.CleanUp.ReferenceOTU1237 Even4_164104	*
N	*	101	*	*	*	*	*	New.CleanUp.ReferenceOTU1241 Even4_110748	*
N	*	101	*	*	*	*	*	New.CleanUp.ReferenceOTU1247 Even3_144250	*
N	*	101	*	*	*	*	*	New.CleanUp.ReferenceOTU1248 Even1_227508	*
N	*	91	*	*	*	*	*	New.CleanUp.ReferenceOTU1250 Even3_82362	*
N	*	101	*	*	*	*	*	New.CleanUp.ReferenceOTU1253 Even1_170336	*
N	*	101	*	*	*	*	*	New.CleanUp.ReferenceOTU1254 Even1_313819	*
N	*	101	*	*	*	*	*	New.CleanUp.ReferenceOTU1264 Even1_44346	*
N	*	95	*	*	*	*	*	New.CleanUp.ReferenceOTU1265 Even1_228986	*
N	*	101	*	*	*	*	*	New.CleanUp.ReferenceOTU1267 Even1_23375	*
N	*	101	*	*	*	*	*	New.CleanUp.ReferenceOTU1273 Even4_88596	*
N	*	101	*	*	*	*	*	New.CleanUp.ReferenceOTU1277 Even3_207448	*
N	*	101	*	*	*	*	*	New.CleanUp.ReferenceOTU1289 Even4_12627	*
N	*	101	*	*	*	*	*	New.CleanUp.ReferenceOTU1290 Even1_139291	*
N	*	101	*	*	*	*	*	New.CleanUp.ReferenceOTU1293 Even4_177415	*
N	*	101	*	*	*	*	*	New.CleanUp.ReferenceOTU1295 Even1_22379	*
N	*	101	*	*	*	*	*	New.CleanUp.ReferenceOTU1296 Even3_295324	*
N	*	101	*	*	*	*	*	New.CleanUp.ReferenceOTU1298 Even3_48958	*
N	*	101	*	*	*	*	*	New.CleanUp.ReferenceOTU1300 Even3_35643	*
N	*	101	*	*	*	*	*	New.CleanUp.ReferenceOTU1301 Even4_62690	*
N	*	95	*	*	*	*	*	New.CleanUp.ReferenceOTU1307 Even3_271503	*
N	*	95	*	*	*	*	*	New.CleanUp.ReferenceOTU131 Even1_263258	*
N	*	101	*	*	*	*	*	New.CleanUp.ReferenceOTU1311 Even4_171327	*
N	*	101	*	*	*	*	*	New.CleanUp.ReferenceOTU1314 Even1_4178	*
N	*	101	*	*	*	*	*	New.CleanUp.ReferenceOTU1319 Even4_32329	*
N	*	97	*	*	*	*	*	New.CleanUp.ReferenceOTU132 Even1_264790	*
N	*	95	*	*	*	*	*	New.CleanUp.ReferenceOTU1321 Even1_4171	*
N	*	101	*	*	*	*	*	New.CleanUp.ReferenceOTU1323 Even3_4724	*
N	*	101	*	*	*	*	*	New.CleanUp.ReferenceOTU1326 Even4_39911	*
N	*	101	*	*	*	*	*	New.CleanUp.ReferenceOTU1327 Even4_173256	*
N	*	101	*	*	*	*	*	New.CleanUp.ReferenceOTU1328 Even3_292768	*
N	*	101	*	*	*	*	*	New.CleanUp.ReferenceOTU1329 Even1_106571	*
N	*	101	*	*	*	*	*	New.CleanUp.ReferenceOTU1330 Even4_186437	*
N	*	93	*	*	*	*	*	New.CleanUp.ReferenceOTU1331 Even4_299002	*
N	*	101	*	*	*	*	*	New.CleanUp.ReferenceOTU1335 Even4_73180	*
N	*	77	*	*	*	*	*	New.CleanUp.ReferenceOTU1339 Even3_146138	*
N	*	101	*	*	*	*	*	New.CleanUp.ReferenceOTU1341 Even1_188699	*
N	*	101	*	*	*	*	*	New.CleanUp.ReferenceOTU1352 Even1_317546	*
N	*	91	*	*	*	*	*	New.CleanUp.ReferenceOTU1353 Even4_324599	*
N	*	101	*	*	*	*	*	New.CleanUp.ReferenceOTU136 Even1_268499	*
N	*	92	*	*	*	*	*	New.CleanUp.ReferenceOTU1360 Even3_214716	*
N	*	101	*	*	*	*	*	New.CleanUp.ReferenceOTU1362 Even4_571	*
N	*	101	*	*	*	*	*	New.CleanUp.ReferenceOTU1366 Even1_262158	*
N	*	101	*	*	*	*	*	New.CleanUp.ReferenceOTU1367 Even1_123640	*
N	*	101	*	*	*	*	*	New.CleanUp.ReferenceOTU1370 Even1_42218	*
N	*	101	*	*	*	*	*	New.CleanUp.ReferenceOTU1373 Even1_239848	*
N	*	94	*	*	*	*	*	New.CleanUp.ReferenceOTU1374 Even1_277694	*
N	*	91	*	*	*	*	*	New.CleanUp.ReferenceOTU1375 Even1_112405	*
N	*	101	*	*	*	*	*	New.CleanUp.ReferenceOTU1377 Even1_239844	*
N	*	101	*	*	*	*	*	New.CleanUp.ReferenceOTU1386 Even4_3459	*
N	*	101	*	*	*	*	*	New.CleanUp.ReferenceOTU1388 Even1_217932	*
N	*	101	*	*	*	*	*	New.CleanUp.ReferenceOTU1389 Even3_76166	*
N	*	101	*	*	*	*	*	New.CleanUp.ReferenceOTU139 Even4_138163	*
N	*	101	*	*	*	*	*	New.CleanUp.ReferenceOTU1393 Even1_239998	*
N	*	101	*	*	*	*	*	New.CleanUp.ReferenceOTU1399 Even1_1073	*
N	*	101	*	*	*	*	*	New.CleanUp.ReferenceOTU1403 Even4_8489	*
N	*	101	*	*	*	*	*	New.CleanUp.ReferenceOTU1418 Even3_247167	*
N	*	101	*	*	*	*	*	New.CleanUp.ReferenceOTU1419 Even4_269616	*
N	*	90	*	*	*	*	*	New.CleanUp.ReferenceOTU1420 Even1_199910	*
N	*	101	*	*	*	*	*	New.CleanUp.ReferenceOTU1422 Even4_277879	*
N	*	101	*	*	*	*	*	New.CleanUp.ReferenceOTU1425 Even1_53221	*
N	*	101	*	*	*	*	*	New.CleanUp.ReferenceOTU1427 Even1_20236	*
N	*	101	*	*	*	*	*	New.CleanUp.ReferenceOTU143 Even4_71449	*
N	*	91	*	*	*	*	*	New.CleanUp.ReferenceOTU1430 Even3_93139	*
N	*	101	*	*	*	*	*	New.CleanUp.ReferenceOTU1439 Even4_176955	*
N	*	94	*	*	*	*	*	New.CleanUp.ReferenceOTU1440 Even3_70904	*
N	*	101	*	*	*	*	*	New.CleanUp.ReferenceOTU1443 Even3_91077	*
N	*	101	*	*	*	*	*	New.CleanUp.ReferenceOTU1448 Even4_60325	*
N	*	90	*	*	*	*	*	New.CleanUp.ReferenceOTU145 Even1_288258	*
N	*	101	*	*	*	*	*	New.CleanUp.ReferenceOTU1454 Even1_20300	*
N	*	91	*	*	*	*	*	New.CleanUp.ReferenceOTU1457 Even1_86877	*
N	*	96	*	*	*	*	*	New.CleanUp.ReferenceOTU1463 Even3_327364	*
N	*	101	*	*	*	*	*	New.CleanUp.ReferenceOTU1465 Even4_113915	*
N	*	101	*	*	*	*	*	New.CleanUp.ReferenceOTU1469 Even3_176251	*
N	*	101	*	*	*	*	*	New.CleanUp.ReferenceOTU1470 Even1_240492	*
N	*	101	*	*	*	*	*	New.CleanUp.ReferenceOTU1472 Even3_3365	*
N	*	101	*	*	*	*	*	New.CleanUp.ReferenceOTU1474 Even4_96905	*
N	*	101	*	*	*	*	*	New.CleanUp.ReferenceOTU1476 Even4_86136	*
N	*	101	*	*	*	*	*	New.CleanUp.ReferenceOTU1485 Even3_64145	*
N	*	101	*	*	*	*	*	New.CleanUp.ReferenceOTU149 Even3_25831	*
N	*	101	*	*	*	*	*	New.CleanUp.ReferenceOTU1492 Even3_45785	*
N	*	101	*	*	*	*	*	New.CleanUp.ReferenceOTU1494 Even3_153718	*
N	*	96	*	*	*	*	*	New.CleanUp.ReferenceOTU150 Even4_84026	*
N	*	101	*	*	*	*	*	New.CleanUp.ReferenceOTU1502 Even1_52773	*
N	*	101	*	*	*	*	*	New.CleanUp.ReferenceOTU1503 Even1_38040	*
N	*	101	*	*	*	*	*	New.CleanUp.ReferenceOTU1504 Even1_7198	*
N	*	101	*	*	*	*	*	New.CleanUp.ReferenceOTU1505 Even1_145923	*
N	*	92	*	*	*	*	*	New.CleanUp.ReferenceOTU1508 Even3_293395	*
N	*	101	*	*	*	*	*	New.CleanUp.ReferenceOTU1509 Even4_181933	*
N	*	101	*	*	*	*	*	New.CleanUp.ReferenceOTU1510 Even3_8154	*
N	*	101	*	*	*	*	*	New.CleanUp.ReferenceOTU1512 Even1_305349	*
N	*	101	*	*	*	*	*	New.CleanUp.ReferenceOTU1514 Even3_299010	*
N	*	92	*	*	*	*	*	New.CleanUp.ReferenceOTU1518 Even4_76901	*
N	*	88	*	*	*	*	*	New.CleanUp.ReferenceOTU1519 Even1_256772	*
N	*	94	*	*	*	*	*	New.CleanUp.ReferenceOTU1522 Even3_54828	*
N	*	101	*	*	*	*	*	New.CleanUp.ReferenceOTU153 Even4_152741	*
N	*	101	*	*	*	*	*	New.CleanUp.ReferenceOTU1531 Even3_11066	*
N	*	101	*	*	*	*	*	New.CleanUp.ReferenceOTU1536 Even4_42256	*
N	*	96	*	*	*	*	*	New.CleanUp.ReferenceOTU1541 Even1_221832	*
N	*	101	*	*	*	*	*	New.CleanUp.ReferenceOTU155 Even3_156432	*
N	*	92	*	*	*	*	*	New.CleanUp.ReferenceOTU1554 Even4_110598	*
N	*	101	*	*	*	*	*	New.CleanUp.ReferenceOTU156 Even1_33362	*
N	*	101	*	*	*	*	*	New.CleanUp.ReferenceOTU1561 Even3_121678	*
N	*	91	*	*	*	*	*	New.CleanUp.ReferenceOTU1567 Even1_159059	*
N	*	101	*	*	*	*	*	New.CleanUp.ReferenceOTU1569 Even3_46786	*
N	*	101	*	*	*	*	*	New.CleanUp.ReferenceOTU1576 Even1_119989	*
N	*	101	*	*	*	*	*	New.CleanUp.ReferenceOTU1580 Even4_10221	*
N	*	101	*	*	*	*	*	New.CleanUp.ReferenceOTU1582 Even4_3841	*
N	*	92	*	*	*	*	*	New.CleanUp.ReferenceOTU1585 Even1_98401	*
N	*	101	*	*	*	*	*	New.CleanUp.ReferenceOTU1586 Even4_152601	*
N	*	93	*	*	*	*	*	New.CleanUp.ReferenceOTU1588 Even1_207325	*
N	*	101	*	*	*	*	*	New.CleanUp.ReferenceOTU1591 Even1_18948	*
N	*	101	*	*	*	*	*	New.CleanUp.ReferenceOTU1593 Even1_48580	*
N	*	79	*	*	*	*	*	New.CleanUp.ReferenceOTU1595 Even4_258168	*
N	*	97	*	*	*	*	*	New.CleanUp.ReferenceOTU1599 Even1_300225	*
N	*	91	*	*	*	*	*	New.CleanUp.ReferenceOTU1603 Even4_219753	*
N	*	92	*	*	*	*	*	New.CleanUp.ReferenceOTU1604 Even4_309367	*
N	*	101	*	*	*	*	*	New.CleanUp.ReferenceOTU1607 Even3_227775	*
N	*	95	*	*	*	*	*	New.CleanUp.ReferenceOTU1608 Even3_241409	*
N	*	101	*	*	*	*	*	New.CleanUp.ReferenceOTU1614 Even1_201105	*
N	*	101	*	*	*	*	*	New.CleanUp.ReferenceOTU1618 Even3_210154	*
N	*	101	*	*	*	*	*	New.CleanUp.ReferenceOTU162 Even1_62650	*
N	*	101	*	*	*	*	*	New.CleanUp.ReferenceOTU1631 Even1_63109	*
N	*	101	*	*	*	*	*	New.CleanUp.ReferenceOTU1632 Even1_265396	*
N	*	90	*	*	*	*	*	New.CleanUp.ReferenceOTU1638 Even1_274149	*
N	*	90	*	*	*	*	*	New.CleanUp.ReferenceOTU1642 Even3_303689	*
N	*	101	*	*	*	*	*	New.CleanUp.ReferenceOTU1643 Even3_220650	*
N	*	93	*	*	*	*	*	New.CleanUp.ReferenceOTU1644 Even4_238090	*
N	*	101	*	*	*	*	*	New.CleanUp.ReferenceOTU165 Even1_147989	*
N	*	101	*	*	*	*	*	New.CleanUp.ReferenceOTU1661 Even4_106106	*
N	*	101	*	*	*	*	*	New.CleanUp.ReferenceOTU1662 Even4_187500	*
N	*	101	*	*	*	*	*	New.CleanUp.ReferenceOTU167 Even1_96727	*
N	*	97	*	*	*	*	*	New.CleanUp.ReferenceOTU1674 Even4_63236	*
N	*	101	*	*	*	*	*	New.CleanUp.ReferenceOTU1675 Even1_23566	*
N	*	94	*	*	*	*	*	New.CleanUp.ReferenceOTU1681 Even1_287767	*
N	*	101	*	*	*	*	*	New.CleanUp.ReferenceOTU1685 Even3_128138	*
N	*	101	*	*	*	*	*	New.CleanUp.ReferenceOTU1686 Even4_66189	*
N	*	92	*	*	*	*	*	New.CleanUp.ReferenceOTU1687 Even1_156076	*
N	*	91	*	*	*	*	*	New.CleanUp.ReferenceOTU169 Even4_52639	*
N	*	101	*	*	*	*	*	New.CleanUp.ReferenceOTU1691 Even4_1024	*
N	*	101	*	*	*	*	*	New.CleanUp.ReferenceOTU1697 Even1_14224	*
N	*	101	*	*	*	*	*	New.CleanUp.ReferenceOTU17 Even4_175580	*
N	*	97	*	*	*	*	*	New.CleanUp.ReferenceOTU1701 Even4_107349	*
N	*	95	*	*	*	*	*	New.CleanUp.ReferenceOTU1708 Even3_317754	*
N	*	101	*	*	*	*	*	New.CleanUp.ReferenceOTU1711 Even4_15520	*
N	*	92	*	*	*	*	*	New.CleanUp.ReferenceOTU1717 Even1_242606	*
N	*	101	*	*	*	*	*	New.CleanUp.ReferenceOTU1718 Even3_77204	*
N	*	101	*	*	*	*	*	New.CleanUp.ReferenceOTU1720 Even1_224218	*
N	*	101	*	*	*	*	*	New.CleanUp.ReferenceOTU1722 Even1_60863	*
N	*	101	*	*	*	*	*	New.CleanUp.ReferenceOTU1724 Even3_31049	*
N	*	91	*	*	*	*	*	New.CleanUp.ReferenceOTU1728 Even4_140362	*
N	*	101	*	*	*	*	*	New.CleanUp.ReferenceOTU173 Even1_172365	*
N	*	91	*	*	*	*	*	New.CleanUp.ReferenceOTU1731 Even3_54767	*
N	*	101	*	*	*	*	*	New.CleanUp.ReferenceOTU1734 Even1_124686	*
N	*	101	*	*	*	*	*	New.CleanUp.ReferenceOTU1736 Even4_184083	*
N	*	101	*	*	*	*	*	New.CleanUp.ReferenceOTU1738 Even3_35459	*
N	*	101	*	*	*	*	*	New.CleanUp.ReferenceOTU1739 Even4_324857	*
N	*	101	*	*	*	*	*	New.CleanUp.ReferenceOTU1740 Even1_320216	*
N	*	101	*	*	*	*	*	New.CleanUp.ReferenceOTU1741 Even1_71234	*
N	*	101	*	*	*	*	*	New.CleanUp.ReferenceOTU1743 Even4_694	*
N	*	91	*	*	*	*	*	New.CleanUp.ReferenceOTU1744 Even1_206921	*
N	*	91	*	*	*	*	*	New.CleanUp.ReferenceOTU1746 Even1_314946	*
N	*	101	*	*	*	*	*	New.CleanUp.ReferenceOTU1747 Even1_96031	*
N	*	91	*	*	*	*	*	New.CleanUp.ReferenceOTU1754 Even1_214261	*
N	*	92	*	*	*	*	*	New.CleanUp.ReferenceOTU1757 Even1_397	*
N	*	101	*	*	*	*	*	New.CleanUp.ReferenceOTU1758 Even1_231439	*
N	*	101	*	*	*	*	*	New.CleanUp.ReferenceOTU1759 Even3_321645	*
N	*	101	*	*	*	*	*	New.CleanUp.ReferenceOTU1762 Even4_159723	*
N	*	101	*	*	*	*	*	New.CleanUp.ReferenceOTU1765 Even1_176072	*
N	*	101	*	*	*	*	*	New.CleanUp.ReferenceOTU177 Even4_235193	*
N	*	101	*	*	*	*	*	New.CleanUp.ReferenceOTU1772 Even1_7727	*
N	*	101	*	*	*	*	*	New.CleanUp.ReferenceOTU1776 Even3_173889	*
N	*	101	*	*	*	*	*	New.CleanUp.ReferenceOTU1778 Even1_33515	*
N	*	101	*	*	*	*	*	New.CleanUp.ReferenceOTU1779 Even3_162149	*
N	*	91	*	*	*	*	*	New.CleanUp.ReferenceOTU1780 Even4_141214	*
N	*	101	*	*	*	*	*	New.CleanUp.ReferenceOTU1781 Even1_266240	*
N	*	101	*	*	*	*	*	New.CleanUp.ReferenceOTU1785 Even3_51475	*
N	*	101	*	*	*	*	*	New.CleanUp.ReferenceOTU1787 Even3_283860	*
N	*	90	*	*	*	*	*	New.CleanUp.ReferenceOTU1788 Even4_35567	*
N	*	79	*	*	*	*	*	New.CleanUp.ReferenceOTU1789 Even1_238701	*
N	*	101	*	*	*	*	*	New.CleanUp.ReferenceOTU179 Even3_160309	*
N	*	101	*	*	*	*	*	New.CleanUp.ReferenceOTU1790 Even1_5343	*
N	*	101	*	*	*	*	*	New.CleanUp.ReferenceOTU1792 Even3_189826	*
N	*	90	*	*	*	*	*	New.CleanUp.ReferenceOTU180 Even1_213286	*
N	*	101	*	*	*	*	*	New.CleanUp.ReferenceOTU1806 Even4_51200	*
N	*	94	*	*	*	*	*	New.CleanUp.ReferenceOTU1808 Even1_127175	*
N	*	101	*	*	*	*	*	New.CleanUp.ReferenceOTU1809 Even1_52565	*
N	*	101	*	*	*	*	*	New.CleanUp.ReferenceOTU1812 Even4_2790	*
N	*	101	*	*	*	*	*	New.CleanUp.ReferenceOTU1814 Even1_50817	*
N	*	101	*	*	*	*	*	New.CleanUp.ReferenceOTU1817 Even4_175560	*
N	*	101	*	*	*	*	*	New.CleanUp.ReferenceOTU1825 Even3_153512	*
N	*	101	*	*	*	*	*	New.CleanUp.ReferenceOTU1828 Even3_315062	*
N	*	91	*	*	*	*	*	New.CleanUp.ReferenceOTU1829 Even1_250568	*
N	*	101	*	*	*	*	*	New.CleanUp.ReferenceOTU1834 Even1_304245	*
N	*	101	*	*	*	*	*	New.CleanUp.ReferenceOTU1853 Even3_65600	*
N	*	101	*	*	*	*	*	New.CleanUp.ReferenceOTU1855 Even1_176645	*
N	*	91	*	*	*	*	*	New.CleanUp.ReferenceOTU1857 Even3_35838	*
N	*	92	*	*	*	*	*	New.CleanUp.ReferenceOTU1861 Even4_293206	*
N	*	101	*	*	*	*	*	New.CleanUp.ReferenceOTU1863 Even1_66727	*
N	*	101	*	*	*	*	*	New.CleanUp.ReferenceOTU187 Even3_240142	*
N	*	91	*	*	*	*	*	New.CleanUp.ReferenceOTU1871 Even1_109601	*
N	*	101	*	*	*	*	*	New.CleanUp.ReferenceOTU1873 Even1_100501	*
N	*	101	*	*	*	*	*	New.CleanUp.ReferenceOTU1874 Even3_107877	*
N	*	101	*	*	*	*	*	New.CleanUp.ReferenceOTU1875 Even1_18597	*
N	*	101	*	*	*	*	*	New.CleanUp.ReferenceOTU1876 Even3_3451	*
N	*	101	*	*	*	*	*	New.CleanUp.ReferenceOTU188 Even4_231465	*
N	*	101	*	*	*	*	*	New.CleanUp.ReferenceOTU1881 Even3_16210	*
N	*	101	*	*	*	*	*	New.CleanUp.ReferenceOTU1885 Even1_108264	*
N	*	101	*	*	*	*	*	New.CleanUp.ReferenceOTU1891 Even4_234544	*
N	*	91	*	*	*	*	*	New.CleanUp.ReferenceOTU1897 Even1_291720	*
N	*	90	*	*	*	*	*	New.CleanUp.ReferenceOTU1902 Even1_237842	*
N	*	90	*	*	*	*	*	New.CleanUp.ReferenceOTU1903 Even4_242846	*
N	*	90	*	*	*	*	*	New.CleanUp.ReferenceOTU1904 Even4_246406	*
N	*	101	*	*	*	*	*	New.CleanUp.ReferenceOTU1908 Even1_222075	*
N	*	94	*	*	*	*	*	New.CleanUp.ReferenceOTU1909 Even4_168652	*
N	*	94	*	*	*	*	*	New.CleanUp.ReferenceOTU1916 Even1_326705	*
N	*	101	*	*	*	*	*	New.CleanUp.ReferenceOTU192 Even4_239610	*
N	*	101	*	*	*	*	*	New.CleanUp.ReferenceOTU1926 Even4_104334	*
N	*	101	*	*	*	*	*	New.CleanUp.ReferenceOTU193 Even1_257302	*
N	*	92	*	*	*	*	*	New.CleanUp.ReferenceOTU1930 Even1_316546	*
N	*	101	*	*	*	*	*	New.CleanUp.ReferenceOTU1934 Even3_227166	*
N	*	93	*	*	*	*	*	New.CleanUp.ReferenceOTU1935 Even1_330173	*
N	*	101	*	*	*	*	*	New.CleanUp.ReferenceOTU1938 Even3_298006	*
N	*	94	*	*	*	*	*	New.CleanUp.ReferenceOTU1939 Even1_265657	*
N	*	90	*	*	*	*	*	New.CleanUp.ReferenceOTU1941 Even1_295773	*
N	*	91	*	*	*	*	*	New.CleanUp.ReferenceOTU1942 Even4_16883	*
N	*	101	*	*	*	*	*	New.CleanUp.ReferenceOTU1944 Even4_269531	*
N	*	90	*	*	*	*	*	New.CleanUp.ReferenceOTU195 Even4_207889	*
N	*	101	*	*	*	*	*	New.CleanUp.ReferenceOTU1950 Even4_136557	*
N	*	101	*	*	*	*	*	New.CleanUp.ReferenceOTU1952 Even4_258172	*
N	*	101	*	*	*	*	*	New.CleanUp.ReferenceOTU1953 Even4_171879	*
N	*	101	*	*	*	*	*	New.CleanUp.ReferenceOTU1955 Even4_40971	*
N	*	90	*	*	*	*	*	New.CleanUp.ReferenceOTU1957 Even4_280956	*
N	*	101	*	*	*	*	*	New.CleanUp.ReferenceOTU1959 Even4_233694	*
N	*	93	*	*	*	*	*	New.CleanUp.ReferenceOTU1967 Even4_301146	*
N	*	93	*	*	*	*	*	New.CleanUp.ReferenceOTU1969 Even3_208862	*
N	*	92	*	*	*	*	*	New.CleanUp.ReferenceOTU1970 Even4_144612	*
N	*	101	*	*	*	*	*	New.CleanUp.ReferenceOTU1974 Even4_213289	*
N	*	101	*	*	*	*	*	New.CleanUp.ReferenceOTU1975 Even4_195959	*
N	*	101	*	*	*	*	*	New.CleanUp.ReferenceOTU1977 Even1_8695	*
N	*	101	*	*	*	*	*	New.CleanUp.ReferenceOTU1979 Even1_149623	*
N	*	94	*	*	*	*	*	New.CleanUp.ReferenceOTU198 Even4_217064	*
N	*	101	*	*	*	*	*	New.CleanUp.ReferenceOTU1983 Even1_55753	*
N	*	91	*	*	*	*	*	New.CleanUp.ReferenceOTU1985 Even4_307885	*
N	*	90	*	*	*	*	*	New.CleanUp.ReferenceOTU1988 Even4_330272	*
N	*	101	*	*	*	*	*	New.CleanUp.ReferenceOTU1990 Even3_38973	*
N	*	90	*	*	*	*	*	New.CleanUp.ReferenceOTU1996 Even4_272905	*
N	*	101	*	*	*	*	*	New.CleanUp.ReferenceOTU1997 Even4_43396	*
N	*	101	*	*	*	*	*	New.CleanUp.ReferenceOTU1998 Even4_92847	*
N	*	97	*	*	*	*	*	New.CleanUp.ReferenceOTU1999 Even4_144587	*
N	*	101	*	*	*	*	*	New.CleanUp.ReferenceOTU2003 Even1_11937	*
N	*	101	*	*	*	*	*	New.CleanUp.ReferenceOTU2010 Even1_1622	*
N	*	101	*	*	*	*	*	New.CleanUp.ReferenceOTU2014 Even1_295591	*
N	*	101	*	*	*	*	*	New.CleanUp.ReferenceOTU2015 Even3_202529	*
N	*	101	*	*	*	*	*	New.CleanUp.ReferenceOTU202 Even4_72061	*
N	*	101	*	*	*	*	*	New.CleanUp.ReferenceOTU2020 Even4_50097	*
N	*	91	*	*	*	*	*	New.CleanUp.ReferenceOTU2025 Even4_50092	*
N	*	95	*	*	*	*	*	New.CleanUp.ReferenceOTU2028 Even4_47499	*
N	*	101	*	*	*	*	*	New.CleanUp.ReferenceOTU203 Even3_241147	*
N	*	101	*	*	*	*	*	New.CleanUp.ReferenceOTU2039 Even4_14730	*
N	*	101	*	*	*	*	*	New.CleanUp.ReferenceOTU2040 Even3_4583	*
N	*	101	*	*	*	*	*	New.CleanUp.ReferenceOTU2042 Even4_260217	*
N	*	91	*	*	*	*	*	New.CleanUp.ReferenceOTU2044 Even1_316927	*
N	*	101	*	*	*	*	*	New.CleanUp.ReferenceOTU2045 Even1_35542	*
N	*	101	*	*	*	*	*	New.CleanUp.ReferenceOTU2046 Even4_29471	*
N	*	101	*	*	*	*	*	New.CleanUp.ReferenceOTU2047 Even1_115348	*
N	*	101	*	*	*	*	*	New.CleanUp.ReferenceOTU2054 Even3_317031	*
N	*	101	*	*	*	*	*	New.CleanUp.ReferenceOTU2062 Even4_97149	*
N	*	101	*	*	*	*	*	New.CleanUp.ReferenceOTU2063 Even4_5449	*
N	*	90	*	*	*	*	*	New.CleanUp.ReferenceOTU2064 Even1_56615	*
N	*	101	*	*	*	*	*	New.CleanUp.ReferenceOTU2067 Even1_136105	*
N	*	101	*	*	*	*	*	New.CleanUp.ReferenceOTU2069 Even4_91853	*
N	*	101	*	*	*	*	*	New.CleanUp.ReferenceOTU2072 Even4_272362	*
N	*	94	*	*	*	*	*	New.CleanUp.ReferenceOTU2074 Even4_145183	*
N	*	101	*	*	*	*	*	New.CleanUp.ReferenceOTU2075 Even3_35111	*
N	*	101	*	*	*	*	*	New.CleanUp.ReferenceOTU2079 Even4_268320	*
N	*	94	*	*	*	*	*	New.CleanUp.ReferenceOTU2081 Even1_155915	*
N	*	101	*	*	*	*	*	New.CleanUp.ReferenceOTU2083 Even3_115495	*
N	*	101	*	*	*	*	*	New.CleanUp.ReferenceOTU2084 Even1_57471	*
N	*	91	*	*	*	*	*	New.CleanUp.ReferenceOTU2085 Even1_321811	*
N	*	101	*	*	*	*	*	New.CleanUp.ReferenceOTU2092 Even3_50104	*
N	*	91	*	*	*	*	*	New.CleanUp.ReferenceOTU2095 Even4_275623	*
N	*	101	*	*	*	*	*	New.CleanUp.ReferenceOTU2099 Even1_198603	*
N	*	91	*	*	*	*	*	New.CleanUp.ReferenceOTU210 Even4_284462	*
N	*	94	*	*	*	*	*	New.CleanUp.ReferenceOTU2100 Even3_263268	*
N	*	101	*	*	*	*	*	New.CleanUp.ReferenceOTU2101 Even4_4794	*
N	*	101	*	*	*	*	*	New.CleanUp.ReferenceOTU2104 Even3_204965	*
N	*	92	*	*	*	*	*	New.CleanUp.ReferenceOTU2105 Even4_282011	*
N	*	91	*	*	*	*	*	New.CleanUp.ReferenceOTU2108 Even4_64973	*
N	*	101	*	*	*	*	*	New.CleanUp.ReferenceOTU211 Even4_31860	*
N	*	90	*	*	*	*	*	New.CleanUp.ReferenceOTU2112 Even1_329920	*
N	*	101	*	*	*	*	*	New.CleanUp.ReferenceOTU2115 Even1_43127	*
N	*	101	*	*	*	*	*	New.CleanUp.ReferenceOTU2128 Even1_157992	*
N	*	101	*	*	*	*	*	New.CleanUp.ReferenceOTU2132 Even3_280281	*
N	*	90	*	*	*	*	*	New.CleanUp.ReferenceOTU2133 Even1_31281	*
N	*	91	*	*	*	*	*	New.CleanUp.ReferenceOTU2139 Even4_237402	*
N	*	101	*	*	*	*	*	New.CleanUp.ReferenceOTU214 Even3_114264	*
N	*	101	*	*	*	*	*	New.CleanUp.ReferenceOTU2141 Even1_247041	*
N	*	94	*	*	*	*	*	New.CleanUp.ReferenceOTU2145 Even4_301704	*
N	*	101	*	*	*	*	*	New.CleanUp.ReferenceOTU2150 Even3_40449	*
N	*	101	*	*	*	*	*	New.CleanUp.ReferenceOTU2152 Even1_20496	*
N	*	101	*	*	*	*	*	New.CleanUp.ReferenceOTU2159 Even3_202333	*
N	*	101	*	*	*	*	*	New.CleanUp.ReferenceOTU2161 Even4_161606	*
N	*	91	*	*	*	*	*	New.CleanUp.ReferenceOTU2174 Even1_74943	*
N	*	92	*	*	*	*	*	New.CleanUp.ReferenceOTU2176 Even3_153648	*
N	*	101	*	*	*	*	*	New.CleanUp.ReferenceOTU218 Even4_3935	*
N	*	101	*	*	*	*	*	New.CleanUp.ReferenceOTU2184 Even1_158187	*
N	*	101	*	*	*	*	*	New.CleanUp.ReferenceOTU2187 Even1_21561	*
N	*	101	*	*	*	*	*	New.CleanUp.ReferenceOTU2193 Even4_283893	*
N	*	91	*	*	*	*	*	New.CleanUp.ReferenceOTU2201 Even4_329585	*
N	*	101	*	*	*	*	*	New.CleanUp.ReferenceOTU2206 Even3_272928	*
N	*	101	*	*	*	*	*	New.CleanUp.ReferenceOTU221 Even1_57931	*
N	*	91	*	*	*	*	*	New.CleanUp.ReferenceOTU2213 Even1_197397	*
N	*	101	*	*	*	*	*	New.CleanUp.ReferenceOTU2214 Even4_130663	*
N	*	101	*	*	*	*	*	New.CleanUp.ReferenceOTU2218 Even3_85111	*
N	*	90	*	*	*	*	*	New.CleanUp.ReferenceOTU2223 Even4_133929	*
N	*	101	*	*	*	*	*	New.CleanUp.ReferenceOTU2228 Even1_41654	*
N	*	101	*	*	*	*	*	New.CleanUp.ReferenceOTU2232 Even1_8065	*
N	*	101	*	*	*	*	*	New.CleanUp.ReferenceOTU2236 Even1_2566	*
N	*	101	*	*	*	*	*	New.CleanUp.ReferenceOTU2243 Even1_18635	*
N	*	101	*	*	*	*	*	New.CleanUp.ReferenceOTU2257 Even4_3863	*
N	*	101	*	*	*	*	*	New.CleanUp.ReferenceOTU2259 Even4_42140	*
N	*	101	*	*	*	*	*	New.CleanUp.ReferenceOTU2260 Even4_198803	*
N	*	101	*	*	*	*	*	New.CleanUp.ReferenceOTU2264 Even1_59961	*
N	*	101	*	*	*	*	*	New.CleanUp.ReferenceOTU227 Even4_255471	*
N	*	96	*	*	*	*	*	New.CleanUp.ReferenceOTU2270 Even4_306125	*
N	*	97	*	*	*	*	*	New.CleanUp.ReferenceOTU2271 Even1_156272	*
N	*	101	*	*	*	*	*	New.CleanUp.ReferenceOTU2277 Even1_32723	*
N	*	101	*	*	*	*	*	New.CleanUp.ReferenceOTU2278 Even3_287164	*
N	*	93	*	*	*	*	*	New.CleanUp.ReferenceOTU228 Even1_4703	*
N	*	101	*	*	*	*	*	New.CleanUp.ReferenceOTU2282 Even3_25740	*
N	*	90	*	*	*	*	*	New.CleanUp.ReferenceOTU2284 Even1_137174	*
N	*	101	*	*	*	*	*	New.CleanUp.ReferenceOTU2289 Even1_93825	*
N	*	95	*	*	*	*	*	New.CleanUp.ReferenceOTU229 Even3_92170	*
N	*	101	*	*	*	*	*	New.CleanUp.ReferenceOTU2295 Even3_42551	*
N	*	91	*	*	*	*	*	New.CleanUp.ReferenceOTU2296 Even1_147257	*
N	*	91	*	*	*	*	*	New.CleanUp.ReferenceOTU2298 Even3_34834	*
N	*	101	*	*	*	*	*	New.CleanUp.ReferenceOTU2299 Even4_63285	*
N	*	101	*	*	*	*	*	New.CleanUp.ReferenceOTU2301 Even1_16638	*
N	*	101	*	*	*	*	*	New.CleanUp.ReferenceOTU2302 Even1_41402	*
N	*	101	*	*	*	*	*	New.CleanUp.ReferenceOTU2303 Even4_1311	*
N	*	101	*	*	*	*	*	New.CleanUp.ReferenceOTU2305 Even1_69609	*
N	*	91	*	*	*	*	*	New.CleanUp.ReferenceOTU2308 Even4_217299	*
N	*	92	*	*	*	*	*	New.CleanUp.ReferenceOTU2312 Even1_220217	*
N	*	101	*	*	*	*	*	New.CleanUp.ReferenceOTU2314 Even4_155278	*
N	*	101	*	*	*	*	*	New.CleanUp.ReferenceOTU2319 Even1_90368	*
N	*	101	*	*	*	*	*	New.CleanUp.ReferenceOTU232 Even1_230953	*
N	*	93	*	*	*	*	*	New.CleanUp.ReferenceOTU2322 Even3_150333	*
N	*	101	*	*	*	*	*	New.CleanUp.ReferenceOTU2326 Even4_225089	*
N	*	94	*	*	*	*	*	New.CleanUp.ReferenceOTU2331 Even1_220804	*
N	*	101	*	*	*	*	*	New.CleanUp.ReferenceOTU2336 Even1_63380	*
N	*	101	*	*	*	*	*	New.CleanUp.ReferenceOTU2337 Even1_253442	*
N	*	101	*	*	*	*	*	New.CleanUp.ReferenceOTU2343 Even1_244801	*
N	*	93	*	*	*	*	*	New.CleanUp.ReferenceOTU2349 Even4_258340	*
N	*	101	*	*	*	*	*	New.CleanUp.ReferenceOTU2358 Even4_148647	*
N	*	101	*	*	*	*	*	New.CleanUp.ReferenceOTU2359 Even1_93722	*
N	*	101	*	*	*	*	*	New.CleanUp.ReferenceOTU2360 Even4_62738	*
N	*	90	*	*	*	*	*	New.CleanUp.ReferenceOTU237 Even3_126440	*
N	*	101	*	*	*	*	*	New.CleanUp.ReferenceOTU2373 Even1_174873	*
N	*	101	*	*	*	*	*	New.CleanUp.ReferenceOTU2375 Even3_43115	*
N	*	96	*	*	*	*	*	New.CleanUp.ReferenceOTU2379 Even1_56968	*
N	*	90	*	*	*	*	*	New.CleanUp.ReferenceOTU238 Even4_252419	*
N	*	101	*	*	*	*	*	New.CleanUp.ReferenceOTU2380 Even3_62387	*
N	*	101	*	*	*	*	*	New.CleanUp.ReferenceOTU2382 Even3_4687	*
N	*	90	*	*	*	*	*	New.CleanUp.ReferenceOTU2383 Even3_56568	*
N	*	101	*	*	*	*	*	New.CleanUp.ReferenceOTU239 Even4_193354	*
N	*	101	*	*	*	*	*	New.CleanUp.ReferenceOTU2393 Even1_77998	*
N	*	101	*	*	*	*	*	New.CleanUp.ReferenceOTU24 Even3_70948	*
N	*	101	*	*	*	*	*	New.CleanUp.ReferenceOTU2401 Even1_51495	*
N	*	101	*	*	*	*	*	New.CleanUp.ReferenceOTU2402 Even3_287495	*
N	*	90	*	*	*	*	*	New.CleanUp.ReferenceOTU2419 Even3_186614	*
N	*	101	*	*	*	*	*	New.CleanUp.ReferenceOTU2420 Even4_226826	*
N	*	91	*	*	*	*	*	New.CleanUp.ReferenceOTU2421 Even4_229278	*
N	*	101	*	*	*	*	*	New.CleanUp.ReferenceOTU2430 Even1_172097	*
N	*	93	*	*	*	*	*	New.CleanUp.ReferenceOTU2432 Even1_97347	*
N	*	101	*	*	*	*	*	New.CleanUp.ReferenceOTU2435 Even1_23040	*
N	*	94	*	*	*	*	*	New.CleanUp.ReferenceOTU2440 Even1_35136	*
N	*	101	*	*	*	*	*	New.CleanUp.ReferenceOTU2453 Even1_266134	*
N	*	101	*	*	*	*	*	New.CleanUp.ReferenceOTU2455 Even1_15930	*
N	*	101	*	*	*	*	*	New.CleanUp.ReferenceOTU2458 Even1_179160	*
N	*	101	*	*	*	*	*	New.CleanUp.ReferenceOTU246 Even3_203669	*
N	*	101	*	*	*	*	*	New.CleanUp.ReferenceOTU2461 Even3_54034	*
N	*	101	*	*	*	*	*	New.CleanUp.ReferenceOTU2475 Even3_30643	*
N	*	101	*	*	*	*	*	New.CleanUp.ReferenceOTU2478 Even3_51713	*
N	*	101	*	*	*	*	*	New.CleanUp.ReferenceOTU2486 Even3_275784	*
N	*	101	*	*	*	*	*	New.CleanUp.ReferenceOTU2487 Even1_39295	*
N	*	101	*	*	*	*	*	New.CleanUp.ReferenceOTU2492 Even1_1933	*
N	*	101	*	*	*	*	*	New.CleanUp.ReferenceOTU2498 Even3_94148	*
N	*	85	*	*	*	*	*	New.CleanUp.ReferenceOTU250 Even4_210264	*
N	*	101	*	*	*	*	*	New.CleanUp.ReferenceOTU2500 Even1_237924	*
N	*	101	*	*	*	*	*	New.CleanUp.ReferenceOTU2501 Even1_314745	*
N	*	101	*	*	*	*	*	New.CleanUp.ReferenceOTU2506 Even4_51694	*
N	*	90	*	*	*	*	*	New.CleanUp.ReferenceOTU2514 Even1_68678	*
N	*	101	*	*	*	*	*	New.CleanUp.ReferenceOTU2525 Even1_13127	*
N	*	101	*	*	*	*	*	New.CleanUp.ReferenceOTU2530 Even1_23842	*
N	*	79	*	*	*	*	*	New.CleanUp.ReferenceOTU2531 Even3_173162	*
N	*	94	*	*	*	*	*	New.CleanUp.ReferenceOTU2534 Even1_249130	*
N	*	101	*	*	*	*	*	New.CleanUp.ReferenceOTU2535 Even1_75576	*
N	*	101	*	*	*	*	*	New.CleanUp.ReferenceOTU2536 Even4_50506	*
N	*	101	*	*	*	*	*	New.CleanUp.ReferenceOTU254 Even4_190248	*
N	*	101	*	*	*	*	*	New.CleanUp.ReferenceOTU2540 Even4_211626	*
N	*	90	*	*	*	*	*	New.CleanUp.ReferenceOTU2548 Even3_212764	*
N	*	101	*	*	*	*	*	New.CleanUp.ReferenceOTU2552 Even1_17002	*
N	*	101	*	*	*	*	*	New.CleanUp.ReferenceOTU2555 Even1_87716	*
N	*	101	*	*	*	*	*	New.CleanUp.ReferenceOTU2558 Even4_10473	*
N	*	101	*	*	*	*	*	New.CleanUp.ReferenceOTU2571 Even1_6944	*
N	*	101	*	*	*	*	*	New.CleanUp.ReferenceOTU2578 Even1_2686	*
N	*	101	*	*	*	*	*	New.CleanUp.ReferenceOTU2580 Even1_261917	*
N	*	95	*	*	*	*	*	New.CleanUp.ReferenceOTU2583 Even4_168743	*
N	*	101	*	*	*	*	*	New.CleanUp.ReferenceOTU2584 Even1_300943	*
N	*	101	*	*	*	*	*	New.CleanUp.ReferenceOTU2587 Even4_1496	*
N	*	101	*	*	*	*	*	New.CleanUp.ReferenceOTU2589 Even1_194946	*
N	*	97	*	*	*	*	*	New.CleanUp.ReferenceOTU2590 Even4_320813	*
N	*	101	*	*	*	*	*	New.CleanUp.ReferenceOTU2594 Even1_38496	*
N	*	92	*	*	*	*	*	New.CleanUp.ReferenceOTU2596 Even1_151247	*
N	*	101	*	*	*	*	*	New.CleanUp.ReferenceOTU2597 Even1_108040	*
N	*	101	*	*	*	*	*	New.CleanUp.ReferenceOTU2598 Even4_110383	*
N	*	101	*	*	*	*	*	New.CleanUp.ReferenceOTU260 Even4_204349	*
N	*	96	*	*	*	*	*	New.CleanUp.ReferenceOTU2600 Even4_90220	*
N	*	101	*	*	*	*	*	New.CleanUp.ReferenceOTU2601 Even1_140299	*
N	*	101	*	*	*	*	*	New.CleanUp.ReferenceOTU2602 Even1_16022	*
N	*	101	*	*	*	*	*	New.CleanUp.ReferenceOTU2603 Even1_28020	*
N	*	101	*	*	*	*	*	New.CleanUp.ReferenceOTU2609 Even1_214553	*
N	*	101	*	*	*	*	*	New.CleanUp.ReferenceOTU2611 Even4_222656	*
N	*	101	*	*	*	*	*	New.CleanUp.ReferenceOTU2619 Even1_84285	*
N	*	92	*	*	*	*	*	New.CleanUp.ReferenceOTU2621 Even3_277415	*
N	*	101	*	*	*	*	*	New.CleanUp.ReferenceOTU2627 Even1_143580	*
N	*	101	*	*	*	*	*	New.CleanUp.ReferenceOTU2629 Even4_52617	*
N	*	95	*	*	*	*	*	New.CleanUp.ReferenceOTU263 Even3_44398	*
N	*	101	*	*	*	*	*	New.CleanUp.ReferenceOTU2630 Even1_256153	*
N	*	101	*	*	*	*	*	New.CleanUp.ReferenceOTU2631 Even4_10304	*
N	*	101	*	*	*	*	*	New.CleanUp.ReferenceOTU264 Even1_22108	*
N	*	101	*	*	*	*	*	New.CleanUp.ReferenceOTU2646 Even1_16288	*
N	*	101	*	*	*	*	*	New.CleanUp.ReferenceOTU265 Even4_18996	*
N	*	101	*	*	*	*	*	New.CleanUp.ReferenceOTU2652 Even1_206047	*
N	*	101	*	*	*	*	*	New.CleanUp.ReferenceOTU2658 Even4_132285	*
N	*	86	*	*	*	*	*	New.CleanUp.ReferenceOTU2659 Even4_176699	*
N	*	101	*	*	*	*	*	New.CleanUp.ReferenceOTU2661 Even3_14077	*
N	*	90	*	*	*	*	*	New.CleanUp.ReferenceOTU2667 Even1_44946	*
N	*	96	*	*	*	*	*	New.CleanUp.ReferenceOTU2668 Even1_203711	*
N	*	96	*	*	*	*	*	New.CleanUp.ReferenceOTU267 Even3_153886	*
N	*	101	*	*	*	*	*	New.CleanUp.ReferenceOTU2673 Even1_302739	*
N	*	95	*	*	*	*	*	New.CleanUp.ReferenceOTU2678 Even3_262246	*
N	*	101	*	*	*	*	*	New.CleanUp.ReferenceOTU2683 Even4_304045	*
N	*	101	*	*	*	*	*	New.CleanUp.ReferenceOTU2687 Even1_224534	*
N	*	101	*	*	*	*	*	New.CleanUp.ReferenceOTU269 Even3_182189	*
N	*	101	*	*	*	*	*	New.CleanUp.ReferenceOTU2692 Even3_258791	*
N	*	101	*	*	*	*	*	New.CleanUp.ReferenceOTU2698 Even3_13451	*
N	*	101	*	*	*	*	*	New.CleanUp.ReferenceOTU2701 Even1_303554	*
N	*	101	*	*	*	*	*	New.CleanUp.ReferenceOTU2703 Even1_24314	*
N	*	91	*	*	*	*	*	New.CleanUp.ReferenceOTU2710 Even4_35515	*
N	*	101	*	*	*	*	*	New.CleanUp.ReferenceOTU2717 Even1_108177	*
N	*	90	*	*	*	*	*	New.CleanUp.ReferenceOTU2723 Even3_224443	*
N	*	101	*	*	*	*	*	New.CleanUp.ReferenceOTU2724 Even4_62094	*
N	*	91	*	*	*	*	*	New.CleanUp.ReferenceOTU2729 Even1_194576	*
N	*	101	*	*	*	*	*	New.CleanUp.ReferenceOTU2730 Even3_300850	*
N	*	101	*	*	*	*	*	New.CleanUp.ReferenceOTU2731 Even3_16756	*
N	*	101	*	*	*	*	*	New.CleanUp.ReferenceOTU2743 Even1_312755	*
N	*	94	*	*	*	*	*	New.CleanUp.ReferenceOTU2745 Even4_316053	*
N	*	101	*	*	*	*	*	New.CleanUp.ReferenceOTU2746 Even1_121976	*
N	*	90	*	*	*	*	*	New.CleanUp.ReferenceOTU2748 Even3_26858	*
N	*	101	*	*	*	*	*	New.CleanUp.ReferenceOTU2755 Even1_78677	*
N	*	101	*	*	*	*	*	New.CleanUp.ReferenceOTU276 Even1_86353	*
N	*	101	*	*	*	*	*	New.CleanUp.ReferenceOTU2761 Even1_66725	*
N	*	101	*	*	*	*	*	New.CleanUp.ReferenceOTU2766 Even4_157215	*
N	*	91	*	*	*	*	*	New.CleanUp.ReferenceOTU2773 Even3_188323	*
N	*	101	*	*	*	*	*	New.CleanUp.ReferenceOTU2777 Even1_189734	*
N	*	101	*	*	*	*	*	New.CleanUp.ReferenceOTU2778 Even3_115460	*
N	*	101	*	*	*	*	*	New.CleanUp.ReferenceOTU2781 Even4_3256	*
N	*	101	*	*	*	*	*	New.CleanUp.ReferenceOTU2782 Even1_24266	*
N	*	101	*	*	*	*	*	New.CleanUp.ReferenceOTU2791 Even3_91631	*
N	*	101	*	*	*	*	*	New.CleanUp.ReferenceOTU2794 Even4_1488	*
N	*	91	*	*	*	*	*	New.CleanUp.ReferenceOTU2797 Even4_329209	*
N	*	101	*	*	*	*	*	New.CleanUp.ReferenceOTU2799 Even1_5646	*
N	*	90	*	*	*	*	*	New.CleanUp.ReferenceOTU28 Even1_302152	*
N	*	101	*	*	*	*	*	New.CleanUp.ReferenceOTU2800 Even4_244	*
N	*	91	*	*	*	*	*	New.CleanUp.ReferenceOTU2801 Even1_164010	*
N	*	95	*	*	*	*	*	New.CleanUp.ReferenceOTU2806 Even1_186453	*
N	*	91	*	*	*	*	*	New.CleanUp.ReferenceOTU2809 Even4_250254	*
N	*	101	*	*	*	*	*	New.CleanUp.ReferenceOTU2810 Even1_47574	*
N	*	92	*	*	*	*	*	New.CleanUp.ReferenceOTU2814 Even4_34130	*
N	*	101	*	*	*	*	*	New.CleanUp.ReferenceOTU2816 Even1_31481	*
N	*	95	*	*	*	*	*	New.CleanUp.ReferenceOTU2817 Even1_21164	*
N	*	101	*	*	*	*	*	New.CleanUp.ReferenceOTU2818 Even1_74762	*
N	*	101	*	*	*	*	*	New.CleanUp.ReferenceOTU282 Even3_54123	*
N	*	101	*	*	*	*	*	New.CleanUp.ReferenceOTU2829 Even1_15074	*
N	*	91	*	*	*	*	*	New.CleanUp.ReferenceOTU2831 Even3_198735	*
N	*	101	*	*	*	*	*	New.CleanUp.ReferenceOTU2838 Even4_98442	*
N	*	91	*	*	*	*	*	New.CleanUp.ReferenceOTU2839 Even4_198098	*
N	*	101	*	*	*	*	*	New.CleanUp.ReferenceOTU2842 Even3_260115	*
N	*	101	*	*	*	*	*	New.CleanUp.ReferenceOTU2847 Even3_30472	*
N	*	101	*	*	*	*	*	New.CleanUp.ReferenceOTU2848 Even1_99990	*
N	*	92	*	*	*	*	*	New.CleanUp.ReferenceOTU2849 Even3_229714	*
N	*	101	*	*	*	*	*	New.CleanUp.ReferenceOTU2855 Even3_266405	*
N	*	101	*	*	*	*	*	New.CleanUp.ReferenceOTU2856 Even1_129767	*
N	*	101	*	*	*	*	*	New.CleanUp.ReferenceOTU2861 Even1_196310	*
N	*	91	*	*	*	*	*	New.CleanUp.ReferenceOTU2866 Even3_154217	*
N	*	101	*	*	*	*	*	New.CleanUp.ReferenceOTU2869 Even3_221427	*
N	*	101	*	*	*	*	*	New.CleanUp.ReferenceOTU2870 Even3_167238	*
N	*	101	*	*	*	*	*	New.CleanUp.ReferenceOTU2872 Even1_254096	*
N	*	101	*	*	*	*	*	New.CleanUp.ReferenceOTU2873 Even4_128362	*
N	*	101	*	*	*	*	*	New.CleanUp.ReferenceOTU2878 Even1_167889	*
N	*	101	*	*	*	*	*	New.CleanUp.ReferenceOTU2879 Even3_206299	*
N	*	101	*	*	*	*	*	New.CleanUp.ReferenceOTU2886 Even3_125268	*
N	*	90	*	*	*	*	*	New.CleanUp.ReferenceOTU2894 Even1_256813	*
N	*	101	*	*	*	*	*	New.CleanUp.ReferenceOTU2899 Even1_318770	*
N	*	93	*	*	*	*	*	New.CleanUp.ReferenceOTU2904 Even3_8686	*
N	*	90	*	*	*	*	*	New.CleanUp.ReferenceOTU2917 Even4_110825	*
N	*	101	*	*	*	*	*	New.CleanUp.ReferenceOTU292 Even1_47667	*
N	*	101	*	*	*	*	*	New.CleanUp.ReferenceOTU2923 Even4_51646	*
N	*	101	*	*	*	*	*	New.CleanUp.ReferenceOTU2927 Even4_211254	*
N	*	101	*	*	*	*	*	New.CleanUp.ReferenceOTU2933 Even3_99626	*
N	*	94	*	*	*	*	*	New.CleanUp.ReferenceOTU2935 Even4_327865	*
N	*	101	*	*	*	*	*	New.CleanUp.ReferenceOTU2936 Even3_140057	*
N	*	90	*	*	*	*	*	New.CleanUp.ReferenceOTU294 Even1_269470	*
N	*	101	*	*	*	*	*	New.CleanUp.ReferenceOTU2943 Even1_575	*
N	*	101	*	*	*	*	*	New.CleanUp.ReferenceOTU2948 Even1_315755	*
N	*	101	*	*	*	*	*	New.CleanUp.ReferenceOTU2950 Even3_282150	*
N	*	101	*	*	*	*	*	New.CleanUp.ReferenceOTU2951 Even1_4528	*
N	*	101	*	*	*	*	*	New.CleanUp.ReferenceOTU2955 Even1_28541	*
N	*	101	*	*	*	*	*	New.CleanUp.ReferenceOTU2957 Even1_17747	*
N	*	92	*	*	*	*	*	New.CleanUp.ReferenceOTU296 Even1_24764	*
N	*	90	*	*	*	*	*	New.CleanUp.ReferenceOTU2962 Even4_90919	*
N	*	91	*	*	*	*	*	New.CleanUp.ReferenceOTU2963 Even3_297695	*
N	*	101	*	*	*	*	*	New.CleanUp.ReferenceOTU2969 Even4_207775	*
N	*	101	*	*	*	*	*	New.CleanUp.ReferenceOTU2977 Even1_164999	*
N	*	91	*	*	*	*	*	New.CleanUp.ReferenceOTU2978 Even4_272422	*
N	*	101	*	*	*	*	*	New.CleanUp.ReferenceOTU2982 Even1_194017	*
N	*	91	*	*	*	*	*	New.CleanUp.ReferenceOTU2984 Even3_232895	*
N	*	101	*	*	*	*	*	New.CleanUp.ReferenceOTU3 Even3_48120	*
N	*	101	*	*	*	*	*	New.CleanUp.ReferenceOTU300 Even4_323993	*
N	*	101	*	*	*	*	*	New.CleanUp.ReferenceOTU3000 Even3_59646	*
N	*	101	*	*	*	*	*	New.CleanUp.ReferenceOTU3004 Even3_32653	*
N	*	80	*	*	*	*	*	New.CleanUp.ReferenceOTU3005 Even4_300957	*
N	*	91	*	*	*	*	*	New.CleanUp.ReferenceOTU3007 Even3_26763	*
N	*	101	*	*	*	*	*	New.CleanUp.ReferenceOTU3008 Even1_48092	*
N	*	101	*	*	*	*	*	New.CleanUp.ReferenceOTU3009 Even1_292842	*
N	*	95	*	*	*	*	*	New.CleanUp.ReferenceOTU3013 Even1_83553	*
N	*	95	*	*	*	*	*	New.CleanUp.ReferenceOTU3016 Even1_208496	*
N	*	101	*	*	*	*	*	New.CleanUp.ReferenceOTU3017 Even4_16289	*
N	*	101	*	*	*	*	*	New.CleanUp.ReferenceOTU3018 Even3_59001	*
N	*	101	*	*	*	*	*	New.CleanUp.ReferenceOTU3020 Even1_121119	*
N	*	93	*	*	*	*	*	New.CleanUp.ReferenceOTU3023 Even1_159803	*
N	*	92	*	*	*	*	*	New.CleanUp.ReferenceOTU3025 Even3_11371	*
N	*	92	*	*	*	*	*	New.CleanUp.ReferenceOTU3026 Even1_114804	*
N	*	101	*	*	*	*	*	New.CleanUp.ReferenceOTU303 Even4_210597	*
N	*	90	*	*	*	*	*	New.CleanUp.ReferenceOTU3032 Even3_233641	*
N	*	90	*	*	*	*	*	New.CleanUp.ReferenceOTU3038 Even4_15048	*
N	*	101	*	*	*	*	*	New.CleanUp.ReferenceOTU3040 Even3_55234	*
N	*	101	*	*	*	*	*	New.CleanUp.ReferenceOTU3041 Even1_105952	*
N	*	101	*	*	*	*	*	New.CleanUp.ReferenceOTU3042 Even3_46911	*
N	*	101	*	*	*	*	*	New.CleanUp.ReferenceOTU3050 Even3_184245	*
N	*	101	*	*	*	*	*	New.CleanUp.ReferenceOTU3052 Even1_316825	*
N	*	101	*	*	*	*	*	New.CleanUp.ReferenceOTU3058 Even4_87744	*
N	*	101	*	*	*	*	*	New.CleanUp.ReferenceOTU3060 Even3_168354	*
N	*	101	*	*	*	*	*	New.CleanUp.ReferenceOTU3063 Even1_5012	*
N	*	101	*	*	*	*	*	New.CleanUp.ReferenceOTU3071 Even1_32869	*
N	*	101	*	*	*	*	*	New.CleanUp.ReferenceOTU3073 Even1_208878	*
N	*	94	*	*	*	*	*	New.CleanUp.ReferenceOTU3074 Even3_168406	*
N	*	90	*	*	*	*	*	New.CleanUp.ReferenceOTU3081 Even1_195423	*
N	*	101	*	*	*	*	*	New.CleanUp.ReferenceOTU309 Even4_285332	*
N	*	94	*	*	*	*	*	New.CleanUp.ReferenceOTU3090 Even4_38769	*
N	*	101	*	*	*	*	*	New.CleanUp.ReferenceOTU3100 Even3_90594	*
N	*	92	*	*	*	*	*	New.CleanUp.ReferenceOTU3102 Even3_11996	*
N	*	101	*	*	*	*	*	New.CleanUp.ReferenceOTU3106 Even3_296618	*
N	*	101	*	*	*	*	*	New.CleanUp.ReferenceOTU3111 Even3_58773	*
N	*	92	*	*	*	*	*	New.CleanUp.ReferenceOTU3112 Even1_255553	*
N	*	101	*	*	*	*	*	New.CleanUp.ReferenceOTU3115 Even1_318661	*
N	*	91	*	*	*	*	*	New.CleanUp.ReferenceOTU312 Even1_35536	*
N	*	101	*	*	*	*	*	New.CleanUp.ReferenceOTU3122 Even1_110241	*
N	*	91	*	*	*	*	*	New.CleanUp.ReferenceOTU3123 Even4_179867	*
N	*	94	*	*	*	*	*	New.CleanUp.ReferenceOTU3127 Even3_99556	*
N	*	90	*	*	*	*	*	New.CleanUp.ReferenceOTU3128 Even3_219907	*
N	*	101	*	*	*	*	*	New.CleanUp.ReferenceOTU3135 Even3_203556	*
N	*	101	*	*	*	*	*	New.CleanUp.ReferenceOTU3136 Even1_328609	*
N	*	101	*	*	*	*	*	New.CleanUp.ReferenceOTU3137 Even4_135379	*
N	*	101	*	*	*	*	*	New.CleanUp.ReferenceOTU314 Even1_59639	*
N	*	101	*	*	*	*	*	New.CleanUp.ReferenceOTU3140 Even4_141384	*
N	*	77	*	*	*	*	*	New.CleanUp.ReferenceOTU3148 Even3_281387	*
N	*	101	*	*	*	*	*	New.CleanUp.ReferenceOTU3152 Even1_257973	*
N	*	101	*	*	*	*	*	New.CleanUp.ReferenceOTU316 Even1_31540	*
N	*	101	*	*	*	*	*	New.CleanUp.ReferenceOTU3160 Even3_23674	*
N	*	101	*	*	*	*	*	New.CleanUp.ReferenceOTU3162 Even4_260675	*
N	*	101	*	*	*	*	*	New.CleanUp.ReferenceOTU3166 Even3_132986	*
N	*	101	*	*	*	*	*	New.CleanUp.ReferenceOTU3167 Even1_111757	*
N	*	92	*	*	*	*	*	New.CleanUp.ReferenceOTU317 Even4_100704	*
N	*	101	*	*	*	*	*	New.CleanUp.ReferenceOTU3172 Even1_18244	*
N	*	101	*	*	*	*	*	New.CleanUp.ReferenceOTU3179 Even4_2116	*
N	*	93	*	*	*	*	*	New.CleanUp.ReferenceOTU3183 Even3_49478	*
N	*	91	*	*	*	*	*	New.CleanUp.ReferenceOTU3185 Even1_114895	*
N	*	91	*	*	*	*	*	New.CleanUp.ReferenceOTU3190 Even3_113507	*
N	*	101	*	*	*	*	*	New.CleanUp.ReferenceOTU3192 Even3_97364	*
N	*	90	*	*	*	*	*	New.CleanUp.ReferenceOTU3193 Even1_52123	*
N	*	96	*	*	*	*	*	New.CleanUp.ReferenceOTU3196 Even1_63711	*
N	*	91	*	*	*	*	*	New.CleanUp.ReferenceOTU3198 Even1_211259	*
N	*	101	*	*	*	*	*	New.CleanUp.ReferenceOTU3199 Even1_97688	*
N	*	93	*	*	*	*	*	New.CleanUp.ReferenceOTU320 Even1_322113	*
N	*	101	*	*	*	*	*	New.CleanUp.ReferenceOTU3208 Even1_145264	*
N	*	101	*	*	*	*	*	New.CleanUp.ReferenceOTU321 Even3_224751	*
N	*	101	*	*	*	*	*	New.CleanUp.ReferenceOTU3212 Even3_219873	*
N	*	101	*	*	*	*	*	New.CleanUp.ReferenceOTU3216 Even3_129307	*
N	*	92	*	*	*	*	*	New.CleanUp.ReferenceOTU3227 Even1_87801	*
N	*	101	*	*	*	*	*	New.CleanUp.ReferenceOTU3231 Even4_286864	*
N	*	90	*	*	*	*	*	New.CleanUp.ReferenceOTU3236 Even4_185951	*
N	*	91	*	*	*	*	*	New.CleanUp.ReferenceOTU3240 Even4_188911	*
N	*	101	*	*	*	*	*	New.CleanUp.ReferenceOTU3241 Even4_35672	*
N	*	101	*	*	*	*	*	New.CleanUp.ReferenceOTU3243 Even1_221201	*
N	*	91	*	*	*	*	*	New.CleanUp.ReferenceOTU3244 Even1_165720	*
N	*	101	*	*	*	*	*	New.CleanUp.ReferenceOTU325 Even4_200508	*
N	*	91	*	*	*	*	*	New.CleanUp.ReferenceOTU3254 Even3_319769	*
N	*	101	*	*	*	*	*	New.CleanUp.ReferenceOTU3255 Even1_307813	*
N	*	101	*	*	*	*	*	New.CleanUp.ReferenceOTU3262 Even4_11301	*
N	*	101	*	*	*	*	*	New.CleanUp.ReferenceOTU3263 Even4_54424	*
N	*	101	*	*	*	*	*	New.CleanUp.ReferenceOTU3266 Even1_16191	*
N	*	101	*	*	*	*	*	New.CleanUp.ReferenceOTU3269 Even1_246215	*
N	*	90	*	*	*	*	*	New.CleanUp.ReferenceOTU3275 Even4_178639	*
N	*	101	*	*	*	*	*	New.CleanUp.ReferenceOTU3278 Even3_87969	*
N	*	90	*	*	*	*	*	New.CleanUp.ReferenceOTU3284 Even1_244149	*
N	*	101	*	*	*	*	*	New.CleanUp.ReferenceOTU3287 Even1_4539	*
N	*	91	*	*	*	*	*	New.CleanUp.ReferenceOTU3288 Even3_161266	*
N	*	101	*	*	*	*	*	New.CleanUp.ReferenceOTU3289 Even1_38529	*
N	*	95	*	*	*	*	*	New.CleanUp.ReferenceOTU329 Even3_64428	*
N	*	101	*	*	*	*	*	New.CleanUp.ReferenceOTU3290 Even4_35851	*
N	*	101	*	*	*	*	*	New.CleanUp.ReferenceOTU3297 Even1_29680	*
N	*	101	*	*	*	*	*	New.CleanUp.ReferenceOTU33 Even1_34934	*
N	*	91	*	*	*	*	*	New.CleanUp.ReferenceOTU330 Even1_309589	*
N	*	92	*	*	*	*	*	New.CleanUp.ReferenceOTU3302 Even3_168281	*
N	*	101	*	*	*	*	*	New.CleanUp.ReferenceOTU3305 Even4_266200	*
N	*	101	*	*	*	*	*	New.CleanUp.ReferenceOTU3306 Even3_116347	*
N	*	101	*	*	*	*	*	New.CleanUp.ReferenceOTU3315 Even1_172842	*
N	*	101	*	*	*	*	*	New.CleanUp.ReferenceOTU3318 Even3_220972	*
N	*	101	*	*	*	*	*	New.CleanUp.ReferenceOTU3319 Even1_73005	*
N	*	95	*	*	*	*	*	New.CleanUp.ReferenceOTU3320 Even4_311193	*
N	*	101	*	*	*	*	*	New.CleanUp.ReferenceOTU3323 Even3_49709	*
N	*	101	*	*	*	*	*	New.CleanUp.ReferenceOTU3327 Even3_309910	*
N	*	101	*	*	*	*	*	New.CleanUp.ReferenceOTU3329 Even4_1726	*
N	*	101	*	*	*	*	*	New.CleanUp.ReferenceOTU3333 Even3_127184	*
N	*	101	*	*	*	*	*	New.CleanUp.ReferenceOTU3334 Even3_130831	*
N	*	101	*	*	*	*	*	New.CleanUp.ReferenceOTU3338 Even3_175156	*
N	*	101	*	*	*	*	*	New.CleanUp.ReferenceOTU334 Even1_35427	*
N	*	101	*	*	*	*	*	New.CleanUp.ReferenceOTU3340 Even1_8562	*
N	*	101	*	*	*	*	*	New.CleanUp.ReferenceOTU3342 Even3_182138	*
N	*	101	*	*	*	*	*	New.CleanUp.ReferenceOTU3345 Even3_248018	*
N	*	101	*	*	*	*	*	New.CleanUp.ReferenceOTU3351 Even4_16824	*
N	*	88	*	*	*	*	*	New.CleanUp.ReferenceOTU3352 Even1_121176	*
N	*	101	*	*	*	*	*	New.CleanUp.ReferenceOTU3354 Even1_236708	*
N	*	101	*	*	*	*	*	New.CleanUp.ReferenceOTU3361 Even1_253387	*
N	*	91	*	*	*	*	*	New.CleanUp.ReferenceOTU3366 Even1_306054	*
N	*	101	*	*	*	*	*	New.CleanUp.ReferenceOTU3367 Even1_83898	*
N	*	91	*	*	*	*	*	New.CleanUp.ReferenceOTU3368 Even4_154677	*
N	*	101	*	*	*	*	*	New.CleanUp.ReferenceOTU337 Even4_8101	*
N	*	101	*	*	*	*	*	New.CleanUp.ReferenceOTU3372 Even1_72660	*
N	*	101	*	*	*	*	*	New.CleanUp.ReferenceOTU3373 Even3_229169	*
N	*	101	*	*	*	*	*	New.CleanUp.ReferenceOTU3377 Even1_18548	*
N	*	101	*	*	*	*	*	New.CleanUp.ReferenceOTU3379 Even1_113386	*
N	*	101	*	*	*	*	*	New.CleanUp.ReferenceOTU3385 Even4_88973	*
N	*	101	*	*	*	*	*	New.CleanUp.ReferenceOTU3391 Even3_328238	*
N	*	101	*	*	*	*	*	New.CleanUp.ReferenceOTU3392 Even4_176373	*
N	*	101	*	*	*	*	*	New.CleanUp.ReferenceOTU3395 Even1_217774	*
N	*	91	*	*	*	*	*	New.CleanUp.ReferenceOTU3397 Even4_57530	*
N	*	101	*	*	*	*	*	New.CleanUp.ReferenceOTU3399 Even4_47764	*
N	*	92	*	*	*	*	*	New.CleanUp.ReferenceOTU3403 Even4_107201	*
N	*	93	*	*	*	*	*	New.CleanUp.ReferenceOTU3405 Even1_118640	*
N	*	92	*	*	*	*	*	New.CleanUp.ReferenceOTU3408 Even1_207289	*
N	*	101	*	*	*	*	*	New.CleanUp.ReferenceOTU3409 Even3_52858	*
N	*	101	*	*	*	*	*	New.CleanUp.ReferenceOTU341 Even4_22739	*
N	*	101	*	*	*	*	*	New.CleanUp.ReferenceOTU3412 Even3_280399	*
N	*	94	*	*	*	*	*	New.CleanUp.ReferenceOTU3414 Even3_264456	*
N	*	94	*	*	*	*	*	New.CleanUp.ReferenceOTU3419 Even3_280392	*
N	*	84	*	*	*	*	*	New.CleanUp.ReferenceOTU3423 Even4_291234	*
N	*	101	*	*	*	*	*	New.CleanUp.ReferenceOTU3424 Even1_298758	*
N	*	91	*	*	*	*	*	New.CleanUp.ReferenceOTU3430 Even1_151427	*
N	*	101	*	*	*	*	*	New.CleanUp.ReferenceOTU3432 Even4_58041	*
N	*	91	*	*	*	*	*	New.CleanUp.ReferenceOTU3436 Even1_161826	*
N	*	101	*	*	*	*	*	New.CleanUp.ReferenceOTU3437 Even3_223950	*
N	*	101	*	*	*	*	*	New.CleanUp.ReferenceOTU344 Even1_93364	*
N	*	101	*	*	*	*	*	New.CleanUp.ReferenceOTU3440 Even1_273841	*
N	*	101	*	*	*	*	*	New.CleanUp.ReferenceOTU3441 Even1_6462	*
N	*	101	*	*	*	*	*	New.CleanUp.ReferenceOTU3449 Even1_112491	*
N	*	91	*	*	*	*	*	New.CleanUp.ReferenceOTU345 Even1_216873	*
N	*	101	*	*	*	*	*	New.CleanUp.ReferenceOTU3451 Even4_205451	*
N	*	101	*	*	*	*	*	New.CleanUp.ReferenceOTU3452 Even1_272089	*
N	*	90	*	*	*	*	*	New.CleanUp.ReferenceOTU3456 Even3_87229	*
N	*	101	*	*	*	*	*	New.CleanUp.ReferenceOTU3459 Even4_62296	*
N	*	81	*	*	*	*	*	New.CleanUp.ReferenceOTU3469 Even3_26011	*
N	*	101	*	*	*	*	*	New.CleanUp.ReferenceOTU3471 Even4_198198	*
N	*	101	*	*	*	*	*	New.CleanUp.ReferenceOTU3472 Even3_190891	*
N	*	101	*	*	*	*	*	New.CleanUp.ReferenceOTU3473 Even3_36065	*
N	*	91	*	*	*	*	*	New.CleanUp.ReferenceOTU3475 Even1_221754	*
N	*	101	*	*	*	*	*	New.CleanUp.ReferenceOTU3482 Even4_300738	*
N	*	93	*	*	*	*	*	New.CleanUp.ReferenceOTU3483 Even4_50446	*
N	*	101	*	*	*	*	*	New.CleanUp.ReferenceOTU349 Even3_56055	*
N	*	91	*	*	*	*	*	New.CleanUp.ReferenceOTU3490 Even1_70357	*
N	*	101	*	*	*	*	*	New.CleanUp.ReferenceOTU3492 Even4_184941	*
N	*	92	*	*	*	*	*	New.CleanUp.ReferenceOTU3495 Even3_264077	*
N	*	91	*	*	*	*	*	New.CleanUp.ReferenceOTU3496 Even3_290287	*
N	*	101	*	*	*	*	*	New.CleanUp.ReferenceOTU3499 Even4_318834	*
N	*	91	*	*	*	*	*	New.CleanUp.ReferenceOTU3502 Even1_50663	*
N	*	101	*	*	*	*	*	New.CleanUp.ReferenceOTU3504 Even4_111433	*
N	*	101	*	*	*	*	*	New.CleanUp.ReferenceOTU3509 Even1_238772	*
N	*	94	*	*	*	*	*	New.CleanUp.ReferenceOTU351 Even3_194465	*
N	*	101	*	*	*	*	*	New.CleanUp.ReferenceOTU3511 Even4_150435	*
N	*	101	*	*	*	*	*	New.CleanUp.ReferenceOTU3512 Even3_3306	*
N	*	91	*	*	*	*	*	New.CleanUp.ReferenceOTU3514 Even1_273931	*
N	*	101	*	*	*	*	*	New.CleanUp.ReferenceOTU3520 Even1_6263	*
N	*	101	*	*	*	*	*	New.CleanUp.ReferenceOTU3524 Even3_11819	*
N	*	94	*	*	*	*	*	New.CleanUp.ReferenceOTU3525 Even4_130625	*
N	*	90	*	*	*	*	*	New.CleanUp.ReferenceOTU3529 Even1_204227	*
N	*	96	*	*	*	*	*	New.CleanUp.ReferenceOTU3533 Even1_285240	*
N	*	101	*	*	*	*	*	New.CleanUp.ReferenceOTU3534 Even1_250894	*
N	*	90	*	*	*	*	*	New.CleanUp.ReferenceOTU3539 Even1_52209	*
N	*	101	*	*	*	*	*	New.CleanUp.ReferenceOTU354 Even4_283649	*
N	*	94	*	*	*	*	*	New.CleanUp.ReferenceOTU3540 Even4_214847	*
N	*	101	*	*	*	*	*	New.CleanUp.ReferenceOTU355 Even4_129519	*
N	*	101	*	*	*	*	*	New.CleanUp.ReferenceOTU356 Even4_194562	*
N	*	101	*	*	*	*	*	New.CleanUp.ReferenceOTU3563 Even4_251294	*
N	*	101	*	*	*	*	*	New.CleanUp.ReferenceOTU3564 Even4_247023	*
N	*	101	*	*	*	*	*	New.CleanUp.ReferenceOTU3566 Even4_174267	*
N	*	95	*	*	*	*	*	New.CleanUp.ReferenceOTU3569 Even4_7513	*
N	*	101	*	*	*	*	*	New.CleanUp.ReferenceOTU357 Even1_7768	*
N	*	97	*	*	*	*	*	New.CleanUp.ReferenceOTU3573 Even1_12795	*
N	*	101	*	*	*	*	*	New.CleanUp.ReferenceOTU3587 Even4_42407	*
N	*	101	*	*	*	*	*	New.CleanUp.ReferenceOTU3589 Even4_60638	*
N	*	101	*	*	*	*	*	New.CleanUp.ReferenceOTU3590 Even3_58496	*
N	*	101	*	*	*	*	*	New.CleanUp.ReferenceOTU3591 Even1_221211	*
N	*	91	*	*	*	*	*	New.CleanUp.ReferenceOTU3593 Even1_25153	*
N	*	101	*	*	*	*	*	New.CleanUp.ReferenceOTU3594 Even1_108374	*
N	*	101	*	*	*	*	*	New.CleanUp.ReferenceOTU3597 Even1_37517	*
N	*	101	*	*	*	*	*	New.CleanUp.ReferenceOTU36 Even4_249087	*
N	*	101	*	*	*	*	*	New.CleanUp.ReferenceOTU3600 Even3_155127	*
N	*	101	*	*	*	*	*	New.CleanUp.ReferenceOTU3611 Even3_123662	*
N	*	91	*	*	*	*	*	New.CleanUp.ReferenceOTU3612 Even1_33678	*
N	*	101	*	*	*	*	*	New.CleanUp.ReferenceOTU3615 Even4_287449	*
N	*	101	*	*	*	*	*	New.CleanUp.ReferenceOTU3618 Even1_28766	*
N	*	101	*	*	*	*	*	New.CleanUp.ReferenceOTU3621 Even1_307482	*
N	*	101	*	*	*	*	*	New.CleanUp.ReferenceOTU3623 Even1_36913	*
N	*	101	*	*	*	*	*	New.CleanUp.ReferenceOTU3630 Even1_33985	*
N	*	101	*	*	*	*	*	New.CleanUp.ReferenceOTU3633 Even1_1540	*
N	*	101	*	*	*	*	*	New.CleanUp.ReferenceOTU3638 Even3_134039	*
N	*	101	*	*	*	*	*	New.CleanUp.ReferenceOTU3641 Even1_9772	*
N	*	101	*	*	*	*	*	New.CleanUp.ReferenceOTU3642 Even1_22502	*
N	*	101	*	*	*	*	*	New.CleanUp.ReferenceOTU3648 Even3_144955	*
N	*	90	*	*	*	*	*	New.CleanUp.ReferenceOTU3653 Even4_204458	*
N	*	91	*	*	*	*	*	New.CleanUp.ReferenceOTU3654 Even4_219680	*
N	*	101	*	*	*	*	*	New.CleanUp.ReferenceOTU3660 Even4_53100	*
N	*	101	*	*	*	*	*	New.CleanUp.ReferenceOTU3661 Even1_303165	*
N	*	101	*	*	*	*	*	New.CleanUp.ReferenceOTU3665 Even1_274273	*
N	*	101	*	*	*	*	*	New.CleanUp.ReferenceOTU3668 Even4_44802	*
N	*	91	*	*	*	*	*	New.CleanUp.ReferenceOTU3671 Even1_116366	*
N	*	101	*	*	*	*	*	New.CleanUp.ReferenceOTU3674 Even3_51804	*
N	*	96	*	*	*	*	*	New.CleanUp.ReferenceOTU3678 Even1_33455	*
N	*	90	*	*	*	*	*	New.CleanUp.ReferenceOTU3685 Even3_269097	*
N	*	101	*	*	*	*	*	New.CleanUp.ReferenceOTU3688 Even4_144087	*
N	*	101	*	*	*	*	*	New.CleanUp.ReferenceOTU3689 Even4_134907	*
N	*	101	*	*	*	*	*	New.CleanUp.ReferenceOTU369 Even1_41951	*
N	*	101	*	*	*	*	*	New.CleanUp.ReferenceOTU3691 Even3_240185	*
N	*	91	*	*	*	*	*	New.CleanUp.ReferenceOTU3695 Even1_11503	*
N	*	101	*	*	*	*	*	New.CleanUp.ReferenceOTU3697 Even3_110636	*
N	*	95	*	*	*	*	*	New.CleanUp.ReferenceOTU370 Even3_122525	*
N	*	101	*	*	*	*	*	New.CleanUp.ReferenceOTU3703 Even3_148619	*
N	*	90	*	*	*	*	*	New.CleanUp.ReferenceOTU3706 Even4_132163	*
N	*	101	*	*	*	*	*	New.CleanUp.ReferenceOTU3714 Even1_178685	*
N	*	101	*	*	*	*	*	New.CleanUp.ReferenceOTU3716 Even4_26173	*
N	*	91	*	*	*	*	*	New.CleanUp.ReferenceOTU3717 Even3_319199	*
N	*	101	*	*	*	*	*	New.CleanUp.ReferenceOTU3719 Even4_263942	*
N	*	101	*	*	*	*	*	New.CleanUp.ReferenceOTU372 Even1_310829	*
N	*	101	*	*	*	*	*	New.CleanUp.ReferenceOTU3721 Even4_66107	*
N	*	101	*	*	*	*	*	New.CleanUp.ReferenceOTU3727 Even4_273918	*
N	*	101	*	*	*	*	*	New.CleanUp.ReferenceOTU3738 Even1_2894	*
N	*	101	*	*	*	*	*	New.CleanUp.ReferenceOTU3739 Even1_93075	*
N	*	101	*	*	*	*	*	New.CleanUp.ReferenceOTU3740 Even1_86568	*
N	*	94	*	*	*	*	*	New.CleanUp.ReferenceOTU3744 Even4_306695	*
N	*	101	*	*	*	*	*	New.CleanUp.ReferenceOTU3746 Even3_19940	*
N	*	101	*	*	*	*	*	New.CleanUp.ReferenceOTU3747 Even4_221098	*
N	*	91	*	*	*	*	*	New.CleanUp.ReferenceOTU3755 Even1_36347	*
N	*	101	*	*	*	*	*	New.CleanUp.ReferenceOTU3757 Even3_189666	*
N	*	101	*	*	*	*	*	New.CleanUp.ReferenceOTU376 Even1_36525	*
N	*	101	*	*	*	*	*	New.CleanUp.ReferenceOTU3760 Even4_237890	*
N	*	101	*	*	*	*	*	New.CleanUp.ReferenceOTU3765 Even1_41176	*
N	*	101	*	*	*	*	*	New.CleanUp.ReferenceOTU3766 Even4_94750	*
N	*	101	*	*	*	*	*	New.CleanUp.ReferenceOTU3767 Even3_271745	*
N	*	101	*	*	*	*	*	New.CleanUp.ReferenceOTU3768 Even4_140703	*
N	*	101	*	*	*	*	*	New.CleanUp.ReferenceOTU3771 Even1_90675	*
N	*	97	*	*	*	*	*	New.CleanUp.ReferenceOTU3772 Even4_113367	*
N	*	93	*	*	*	*	*	New.CleanUp.ReferenceOTU3775 Even3_306026	*
N	*	101	*	*	*	*	*	New.CleanUp.ReferenceOTU3776 Even1_102370	*
N	*	101	*	*	*	*	*	New.CleanUp.ReferenceOTU3777 Even4_54010	*
N	*	101	*	*	*	*	*	New.CleanUp.ReferenceOTU3785 Even1_18318	*
N	*	91	*	*	*	*	*	New.CleanUp.ReferenceOTU3786 Even4_34259	*
N	*	101	*	*	*	*	*	New.CleanUp.ReferenceOTU3787 Even4_74666	*
N	*	101	*	*	*	*	*	New.CleanUp.ReferenceOTU3794 Even4_145772	*
N	*	101	*	*	*	*	*	New.CleanUp.ReferenceOTU380 Even4_146683	*
N	*	101	*	*	*	*	*	New.CleanUp.ReferenceOTU3802 Even3_26825	*
N	*	80	*	*	*	*	*	New.CleanUp.ReferenceOTU3803 Even4_291553	*
N	*	101	*	*	*	*	*	New.CleanUp.ReferenceOTU3809 Even4_272	*
N	*	101	*	*	*	*	*	New.CleanUp.ReferenceOTU381 Even4_68898	*
N	*	91	*	*	*	*	*	New.CleanUp.ReferenceOTU3810 Even1_162030	*
N	*	94	*	*	*	*	*	New.CleanUp.ReferenceOTU3814 Even1_54885	*
N	*	94	*	*	*	*	*	New.CleanUp.ReferenceOTU3818 Even4_50475	*
N	*	101	*	*	*	*	*	New.CleanUp.ReferenceOTU382 Even1_176459	*
N	*	95	*	*	*	*	*	New.CleanUp.ReferenceOTU3825 Even3_101041	*
N	*	101	*	*	*	*	*	New.CleanUp.ReferenceOTU3826 Even4_222046	*
N	*	91	*	*	*	*	*	New.CleanUp.ReferenceOTU3829 Even4_240540	*
N	*	101	*	*	*	*	*	New.CleanUp.ReferenceOTU3830 Even1_79357	*
N	*	92	*	*	*	*	*	New.CleanUp.ReferenceOTU3834 Even4_324636	*
N	*	101	*	*	*	*	*	New.CleanUp.ReferenceOTU3838 Even4_8418	*
N	*	101	*	*	*	*	*	New.CleanUp.ReferenceOTU384 Even4_212977	*
N	*	94	*	*	*	*	*	New.CleanUp.ReferenceOTU3844 Even4_184797	*
N	*	101	*	*	*	*	*	New.CleanUp.ReferenceOTU3846 Even3_7428	*
N	*	101	*	*	*	*	*	New.CleanUp.ReferenceOTU3848 Even4_276975	*
N	*	101	*	*	*	*	*	New.CleanUp.ReferenceOTU3849 Even4_98412	*
N	*	93	*	*	*	*	*	New.CleanUp.ReferenceOTU385 Even4_105202	*
N	*	94	*	*	*	*	*	New.CleanUp.ReferenceOTU3851 Even4_295385	*
N	*	101	*	*	*	*	*	New.CleanUp.ReferenceOTU3856 Even1_171261	*
N	*	91	*	*	*	*	*	New.CleanUp.ReferenceOTU3859 Even4_240054	*
N	*	101	*	*	*	*	*	New.CleanUp.ReferenceOTU3864 Even1_282592	*
N	*	101	*	*	*	*	*	New.CleanUp.ReferenceOTU3865 Even4_17687	*
N	*	91	*	*	*	*	*	New.CleanUp.ReferenceOTU387 Even4_37233	*
N	*	101	*	*	*	*	*	New.CleanUp.ReferenceOTU3874 Even4_16370	*
N	*	101	*	*	*	*	*	New.CleanUp.ReferenceOTU388 Even4_68893	*
N	*	90	*	*	*	*	*	New.CleanUp.ReferenceOTU3882 Even4_52332	*
N	*	91	*	*	*	*	*	New.CleanUp.ReferenceOTU3884 Even1_267559	*
N	*	95	*	*	*	*	*	New.CleanUp.ReferenceOTU3885 Even3_64264	*
N	*	101	*	*	*	*	*	New.CleanUp.ReferenceOTU3888 Even1_7238	*
N	*	101	*	*	*	*	*	New.CleanUp.ReferenceOTU3894 Even3_34290	*
N	*	101	*	*	*	*	*	New.CleanUp.ReferenceOTU3897 Even1_319375	*
N	*	92	*	*	*	*	*	New.CleanUp.ReferenceOTU3898 Even1_250079	*
N	*	101	*	*	*	*	*	New.CleanUp.ReferenceOTU390 Even1_6362	*
N	*	101	*	*	*	*	*	New.CleanUp.ReferenceOTU3900 Even3_268779	*
N	*	94	*	*	*	*	*	New.CleanUp.ReferenceOTU3907 Even1_214684	*
N	*	101	*	*	*	*	*	New.CleanUp.ReferenceOTU3910 Even4_214163	*
N	*	101	*	*	*	*	*	New.CleanUp.ReferenceOTU3924 Even1_115560	*
N	*	101	*	*	*	*	*	New.CleanUp.ReferenceOTU3930 Even1_61337	*
N	*	101	*	*	*	*	*	New.CleanUp.ReferenceOTU3931 Even4_56380	*
N	*	101	*	*	*	*	*	New.CleanUp.ReferenceOTU3935 Even3_231811	*
N	*	92	*	*	*	*	*	New.CleanUp.ReferenceOTU3944 Even3_195928	*
N	*	101	*	*	*	*	*	New.CleanUp.ReferenceOTU3946 Even4_280834	*
N	*	101	*	*	*	*	*	New.CleanUp.ReferenceOTU3947 Even3_265316	*
N	*	81	*	*	*	*	*	New.CleanUp.ReferenceOTU3955 Even1_82507	*
N	*	101	*	*	*	*	*	New.CleanUp.ReferenceOTU3957 Even3_147255	*
N	*	94	*	*	*	*	*	New.CleanUp.ReferenceOTU396 Even1_263013	*
N	*	92	*	*	*	*	*	New.CleanUp.ReferenceOTU3966 Even3_200391	*
N	*	101	*	*	*	*	*	New.CleanUp.ReferenceOTU397 Even3_90517	*
N	*	97	*	*	*	*	*	New.CleanUp.ReferenceOTU3971 Even3_95854	*
N	*	101	*	*	*	*	*	New.CleanUp.ReferenceOTU3975 Even1_222191	*
N	*	101	*	*	*	*	*	New.CleanUp.ReferenceOTU3976 Even4_52659	*
N	*	101	*	*	*	*	*	New.CleanUp.ReferenceOTU398 Even1_24184	*
N	*	91	*	*	*	*	*	New.CleanUp.ReferenceOTU3983 Even4_225743	*
N	*	101	*	*	*	*	*	New.CleanUp.ReferenceOTU3984 Even4_1637	*
N	*	101	*	*	*	*	*	New.CleanUp.ReferenceOTU3986 Even1_268206	*
N	*	101	*	*	*	*	*	New.CleanUp.ReferenceOTU3988 Even3_68346	*
N	*	101	*	*	*	*	*	New.CleanUp.ReferenceOTU3992 Even3_47628	*
N	*	94	*	*	*	*	*	New.CleanUp.ReferenceOTU3993 Even3_61561	*
N	*	101	*	*	*	*	*	New.CleanUp.ReferenceOTU3994 Even3_223577	*
N	*	92	*	*	*	*	*	New.CleanUp.ReferenceOTU3995 Even4_151944	*
N	*	95	*	*	*	*	*	New.CleanUp.ReferenceOTU4001 Even3_103914	*
N	*	101	*	*	*	*	*	New.CleanUp.ReferenceOTU4003 Even1_200644	*
N	*	101	*	*	*	*	*	New.CleanUp.ReferenceOTU4004 Even1_104740	*
N	*	101	*	*	*	*	*	New.CleanUp.ReferenceOTU4005 Even1_246662	*
N	*	101	*	*	*	*	*	New.CleanUp.ReferenceOTU4006 Even4_48923	*
N	*	95	*	*	*	*	*	New.CleanUp.ReferenceOTU4011 Even1_113185	*
N	*	101	*	*	*	*	*	New.CleanUp.ReferenceOTU4012 Even4_91322	*
N	*	101	*	*	*	*	*	New.CleanUp.ReferenceOTU4019 Even4_314302	*
N	*	101	*	*	*	*	*	New.CleanUp.ReferenceOTU4033 Even1_201171	*
N	*	101	*	*	*	*	*	New.CleanUp.ReferenceOTU4034 Even4_207655	*
N	*	101	*	*	*	*	*	New.CleanUp.ReferenceOTU4036 Even4_101224	*
N	*	101	*	*	*	*	*	New.CleanUp.ReferenceOTU4039 Even1_278105	*
N	*	101	*	*	*	*	*	New.CleanUp.ReferenceOTU4040 Even4_242900	*
N	*	101	*	*	*	*	*	New.CleanUp.ReferenceOTU4043 Even4_57416	*
N	*	101	*	*	*	*	*	New.CleanUp.ReferenceOTU4047 Even4_235721	*
N	*	101	*	*	*	*	*	New.CleanUp.ReferenceOTU4049 Even3_143878	*
N	*	92	*	*	*	*	*	New.CleanUp.ReferenceOTU4051 Even3_156795	*
N	*	101	*	*	*	*	*	New.CleanUp.ReferenceOTU4052 Even3_28991	*
N	*	101	*	*	*	*	*	New.CleanUp.ReferenceOTU4053 Even1_146039	*
N	*	90	*	*	*	*	*	New.CleanUp.ReferenceOTU4055 Even3_123139	*
N	*	101	*	*	*	*	*	New.CleanUp.ReferenceOTU406 Even4_209088	*
N	*	101	*	*	*	*	*	New.CleanUp.ReferenceOTU4069 Even1_181848	*
N	*	101	*	*	*	*	*	New.CleanUp.ReferenceOTU4070 Even3_117767	*
N	*	101	*	*	*	*	*	New.CleanUp.ReferenceOTU4075 Even3_164128	*
N	*	101	*	*	*	*	*	New.CleanUp.ReferenceOTU4077 Even1_44850	*
N	*	101	*	*	*	*	*	New.CleanUp.ReferenceOTU4083 Even4_165924	*
N	*	96	*	*	*	*	*	New.CleanUp.ReferenceOTU4085 Even4_218278	*
N	*	101	*	*	*	*	*	New.CleanUp.ReferenceOTU4089 Even4_58060	*
N	*	101	*	*	*	*	*	New.CleanUp.ReferenceOTU4090 Even3_232120	*
N	*	90	*	*	*	*	*	New.CleanUp.ReferenceOTU4091 Even1_42451	*
N	*	101	*	*	*	*	*	New.CleanUp.ReferenceOTU4095 Even3_54797	*
N	*	93	*	*	*	*	*	New.CleanUp.ReferenceOTU4097 Even1_71242	*
N	*	90	*	*	*	*	*	New.CleanUp.ReferenceOTU410 Even3_281788	*
N	*	101	*	*	*	*	*	New.CleanUp.ReferenceOTU4103 Even1_178628	*
N	*	101	*	*	*	*	*	New.CleanUp.ReferenceOTU4107 Even4_72616	*
N	*	101	*	*	*	*	*	New.CleanUp.ReferenceOTU411 Even3_95741	*
N	*	101	*	*	*	*	*	New.CleanUp.ReferenceOTU4113 Even1_71402	*
N	*	101	*	*	*	*	*	New.CleanUp.ReferenceOTU4114 Even4_28905	*
N	*	101	*	*	*	*	*	New.CleanUp.ReferenceOTU4116 Even3_80537	*
N	*	101	*	*	*	*	*	New.CleanUp.ReferenceOTU4118 Even3_17729	*
N	*	91	*	*	*	*	*	New.CleanUp.ReferenceOTU4123 Even3_256319	*
N	*	91	*	*	*	*	*	New.CleanUp.ReferenceOTU4124 Even1_217887	*
N	*	101	*	*	*	*	*	New.CleanUp.ReferenceOTU4125 Even4_268152	*
N	*	101	*	*	*	*	*	New.CleanUp.ReferenceOTU4128 Even1_45910	*
N	*	101	*	*	*	*	*	New.CleanUp.ReferenceOTU413 Even1_270299	*
N	*	101	*	*	*	*	*	New.CleanUp.ReferenceOTU4132 Even1_47752	*
N	*	101	*	*	*	*	*	New.CleanUp.ReferenceOTU4134 Even1_328636	*
N	*	78	*	*	*	*	*	New.CleanUp.ReferenceOTU4139 Even1_318147	*
N	*	101	*	*	*	*	*	New.CleanUp.ReferenceOTU4141 Even4_85737	*
N	*	101	*	*	*	*	*	New.CleanUp.ReferenceOTU4144 Even3_89201	*
N	*	101	*	*	*	*	*	New.CleanUp.ReferenceOTU4150 Even4_46434	*
N	*	92	*	*	*	*	*	New.CleanUp.ReferenceOTU4152 Even3_310933	*
N	*	101	*	*	*	*	*	New.CleanUp.ReferenceOTU4160 Even1_302088	*
N	*	90	*	*	*	*	*	New.CleanUp.ReferenceOTU4163 Even3_204897	*
N	*	101	*	*	*	*	*	New.CleanUp.ReferenceOTU4164 Even1_86368	*
N	*	101	*	*	*	*	*	New.CleanUp.ReferenceOTU4165 Even4_99809	*
N	*	101	*	*	*	*	*	New.CleanUp.ReferenceOTU4168 Even1_141318	*
N	*	101	*	*	*	*	*	New.CleanUp.ReferenceOTU4170 Even1_311551	*
N	*	101	*	*	*	*	*	New.CleanUp.ReferenceOTU4171 Even1_127414	*
N	*	101	*	*	*	*	*	New.CleanUp.ReferenceOTU4175 Even1_18275	*
N	*	91	*	*	*	*	*	New.CleanUp.ReferenceOTU4180 Even3_100489	*
N	*	101	*	*	*	*	*	New.CleanUp.ReferenceOTU4184 Even3_71128	*
N	*	101	*	*	*	*	*	New.CleanUp.ReferenceOTU4186 Even1_309718	*
N	*	101	*	*	*	*	*	New.CleanUp.ReferenceOTU4187 Even4_4719	*
N	*	101	*	*	*	*	*	New.CleanUp.ReferenceOTU4190 Even4_8179	*
N	*	101	*	*	*	*	*	New.CleanUp.ReferenceOTU4199 Even4_135037	*
N	*	101	*	*	*	*	*	New.CleanUp.ReferenceOTU4204 Even3_252758	*
N	*	101	*	*	*	*	*	New.CleanUp.ReferenceOTU4205 Even1_35685	*
N	*	101	*	*	*	*	*	New.CleanUp.ReferenceOTU4206 Even3_110830	*
N	*	92	*	*	*	*	*	New.CleanUp.ReferenceOTU4208 Even3_7436	*
N	*	96	*	*	*	*	*	New.CleanUp.ReferenceOTU421 Even1_109153	*
N	*	91	*	*	*	*	*	New.CleanUp.ReferenceOTU4212 Even1_263984	*
N	*	101	*	*	*	*	*	New.CleanUp.ReferenceOTU4214 Even4_168142	*
N	*	101	*	*	*	*	*	New.CleanUp.ReferenceOTU4215 Even4_25087	*
N	*	101	*	*	*	*	*	New.CleanUp.ReferenceOTU4216 Even3_50568	*
N	*	101	*	*	*	*	*	New.CleanUp.ReferenceOTU4217 Even1_227837	*
N	*	91	*	*	*	*	*	New.CleanUp.ReferenceOTU422 Even4_119867	*
N	*	101	*	*	*	*	*	New.CleanUp.ReferenceOTU4223 Even1_257722	*
N	*	101	*	*	*	*	*	New.CleanUp.ReferenceOTU4225 Even4_161204	*
N	*	101	*	*	*	*	*	New.CleanUp.ReferenceOTU4233 Even4_139457	*
N	*	101	*	*	*	*	*	New.CleanUp.ReferenceOTU4239 Even1_15147	*
N	*	101	*	*	*	*	*	New.CleanUp.ReferenceOTU4242 Even3_89426	*
N	*	101	*	*	*	*	*	New.CleanUp.ReferenceOTU4244 Even1_220901	*
N	*	92	*	*	*	*	*	New.CleanUp.ReferenceOTU4254 Even3_133130	*
N	*	101	*	*	*	*	*	New.CleanUp.ReferenceOTU4255 Even3_133131	*
N	*	101	*	*	*	*	*	New.CleanUp.ReferenceOTU4256 Even4_315310	*
N	*	101	*	*	*	*	*	New.CleanUp.ReferenceOTU4258 Even4_81257	*
N	*	92	*	*	*	*	*	New.CleanUp.ReferenceOTU4260 Even1_162123	*
N	*	101	*	*	*	*	*	New.CleanUp.ReferenceOTU4262 Even1_101684	*
N	*	91	*	*	*	*	*	New.CleanUp.ReferenceOTU4265 Even4_309271	*
N	*	93	*	*	*	*	*	New.CleanUp.ReferenceOTU427 Even4_329744	*
N	*	101	*	*	*	*	*	New.CleanUp.ReferenceOTU4270 Even1_230407	*
N	*	91	*	*	*	*	*	New.CleanUp.ReferenceOTU4271 Even4_52725	*
N	*	101	*	*	*	*	*	New.CleanUp.ReferenceOTU4276 Even4_211078	*
N	*	92	*	*	*	*	*	New.CleanUp.ReferenceOTU4282 Even3_20605	*
N	*	94	*	*	*	*	*	New.CleanUp.ReferenceOTU4285 Even1_175283	*
N	*	90	*	*	*	*	*	New.CleanUp.ReferenceOTU4289 Even1_241032	*
N	*	101	*	*	*	*	*	New.CleanUp.ReferenceOTU4293 Even4_56394	*
N	*	96	*	*	*	*	*	New.CleanUp.ReferenceOTU43 Even4_251549	*
N	*	101	*	*	*	*	*	New.CleanUp.ReferenceOTU431 Even3_14346	*
N	*	101	*	*	*	*	*	New.CleanUp.ReferenceOTU4312 Even3_274666	*
N	*	101	*	*	*	*	*	New.CleanUp.ReferenceOTU4318 Even4_94217	*
N	*	101	*	*	*	*	*	New.CleanUp.ReferenceOTU4320 Even3_15062	*
N	*	94	*	*	*	*	*	New.CleanUp.ReferenceOTU4322 Even4_269613	*
N	*	101	*	*	*	*	*	New.CleanUp.ReferenceOTU4324 Even4_182604	*
N	*	97	*	*	*	*	*	New.CleanUp.ReferenceOTU4325 Even1_140066	*
N	*	101	*	*	*	*	*	New.CleanUp.ReferenceOTU4336 Even1_227488	*
N	*	94	*	*	*	*	*	New.CleanUp.ReferenceOTU4339 Even1_76431	*
N	*	91	*	*	*	*	*	New.CleanUp.ReferenceOTU4342 Even4_114210	*
N	*	101	*	*	*	*	*	New.CleanUp.ReferenceOTU4343 Even3_5103	*
N	*	90	*	*	*	*	*	New.CleanUp.ReferenceOTU4348 Even1_265798	*
N	*	92	*	*	*	*	*	New.CleanUp.ReferenceOTU4355 Even4_48303	*
N	*	101	*	*	*	*	*	New.CleanUp.ReferenceOTU4358 Even1_4474	*
N	*	101	*	*	*	*	*	New.CleanUp.ReferenceOTU4361 Even3_99953	*
N	*	101	*	*	*	*	*	New.CleanUp.ReferenceOTU4363 Even1_83330	*
N	*	101	*	*	*	*	*	New.CleanUp.ReferenceOTU4364 Even4_24598	*
N	*	101	*	*	*	*	*	New.CleanUp.ReferenceOTU4367 Even1_161376	*
N	*	101	*	*	*	*	*	New.CleanUp.ReferenceOTU4368 Even4_297620	*
N	*	101	*	*	*	*	*	New.CleanUp.ReferenceOTU4370 Even3_36880	*
N	*	101	*	*	*	*	*	New.CleanUp.ReferenceOTU4371 Even1_257217	*
N	*	101	*	*	*	*	*	New.CleanUp.ReferenceOTU4374 Even4_270820	*
N	*	88	*	*	*	*	*	New.CleanUp.ReferenceOTU4375 Even4_161928	*
N	*	97	*	*	*	*	*	New.CleanUp.ReferenceOTU438 Even1_321309	*
N	*	101	*	*	*	*	*	New.CleanUp.ReferenceOTU4380 Even1_62611	*
N	*	90	*	*	*	*	*	New.CleanUp.ReferenceOTU4392 Even3_187222	*
N	*	92	*	*	*	*	*	New.CleanUp.ReferenceOTU4393 Even4_98343	*
N	*	89	*	*	*	*	*	New.CleanUp.ReferenceOTU4400 Even4_225354	*
N	*	101	*	*	*	*	*	New.CleanUp.ReferenceOTU4401 Even4_46150	*
N	*	101	*	*	*	*	*	New.CleanUp.ReferenceOTU4404 Even3_56013	*
N	*	91	*	*	*	*	*	New.CleanUp.ReferenceOTU4405 Even4_27178	*
N	*	101	*	*	*	*	*	New.CleanUp.ReferenceOTU441 Even3_191004	*
N	*	101	*	*	*	*	*	New.CleanUp.ReferenceOTU4413 Even1_303720	*
N	*	101	*	*	*	*	*	New.CleanUp.ReferenceOTU4414 Even3_51913	*
N	*	94	*	*	*	*	*	New.CleanUp.ReferenceOTU4419 Even1_115626	*
N	*	101	*	*	*	*	*	New.CleanUp.ReferenceOTU4423 Even4_192242	*
N	*	101	*	*	*	*	*	New.CleanUp.ReferenceOTU4424 Even4_77141	*
N	*	101	*	*	*	*	*	New.CleanUp.ReferenceOTU4425 Even4_49790	*
N	*	101	*	*	*	*	*	New.CleanUp.ReferenceOTU4427 Even3_62832	*
N	*	93	*	*	*	*	*	New.CleanUp.ReferenceOTU4429 Even1_208565	*
N	*	101	*	*	*	*	*	New.CleanUp.ReferenceOTU4432 Even3_164790	*
N	*	92	*	*	*	*	*	New.CleanUp.ReferenceOTU4446 Even3_98192	*
N	*	92	*	*	*	*	*	New.CleanUp.ReferenceOTU4450 Even1_111973	*
N	*	101	*	*	*	*	*	New.CleanUp.ReferenceOTU4453 Even3_17879	*
N	*	101	*	*	*	*	*	New.CleanUp.ReferenceOTU4455 Even3_105190	*
N	*	101	*	*	*	*	*	New.CleanUp.ReferenceOTU4456 Even4_44006	*
N	*	101	*	*	*	*	*	New.CleanUp.ReferenceOTU4457 Even4_180727	*
N	*	101	*	*	*	*	*	New.CleanUp.ReferenceOTU4465 Even3_246683	*
N	*	94	*	*	*	*	*	New.CleanUp.ReferenceOTU4467 Even4_101416	*
N	*	101	*	*	*	*	*	New.CleanUp.ReferenceOTU447 Even4_19779	*
N	*	101	*	*	*	*	*	New.CleanUp.ReferenceOTU4470 Even1_281657	*
N	*	91	*	*	*	*	*	New.CleanUp.ReferenceOTU4472 Even1_152084	*
N	*	97	*	*	*	*	*	New.CleanUp.ReferenceOTU4474 Even1_328187	*
N	*	101	*	*	*	*	*	New.CleanUp.ReferenceOTU448 Even3_75410	*
N	*	101	*	*	*	*	*	New.CleanUp.ReferenceOTU4482 Even4_233683	*
N	*	101	*	*	*	*	*	New.CleanUp.ReferenceOTU4484 Even1_141258	*
N	*	101	*	*	*	*	*	New.CleanUp.ReferenceOTU4488 Even3_217542	*
N	*	94	*	*	*	*	*	New.CleanUp.ReferenceOTU4495 Even3_178396	*
N	*	101	*	*	*	*	*	New.CleanUp.ReferenceOTU4503 Even1_199269	*
N	*	101	*	*	*	*	*	New.CleanUp.ReferenceOTU4507 Even1_92325	*
N	*	101	*	*	*	*	*	New.CleanUp.ReferenceOTU4512 Even4_188444	*
N	*	101	*	*	*	*	*	New.CleanUp.ReferenceOTU4515 Even3_224731	*
N	*	94	*	*	*	*	*	New.CleanUp.ReferenceOTU4520 Even4_4893	*
N	*	95	*	*	*	*	*	New.CleanUp.ReferenceOTU4522 Even1_217882	*
N	*	101	*	*	*	*	*	New.CleanUp.ReferenceOTU4529 Even3_284868	*
N	*	101	*	*	*	*	*	New.CleanUp.ReferenceOTU4530 Even4_121006	*
N	*	90	*	*	*	*	*	New.CleanUp.ReferenceOTU4536 Even1_257196	*
N	*	101	*	*	*	*	*	New.CleanUp.ReferenceOTU4537 Even3_177979	*
N	*	101	*	*	*	*	*	New.CleanUp.ReferenceOTU4539 Even3_17479	*
N	*	101	*	*	*	*	*	New.CleanUp.ReferenceOTU4545 Even1_7581	*
N	*	101	*	*	*	*	*	New.CleanUp.ReferenceOTU4558 Even4_108925	*
N	*	101	*	*	*	*	*	New.CleanUp.ReferenceOTU4559 Even4_58904	*
N	*	90	*	*	*	*	*	New.CleanUp.ReferenceOTU4561 Even3_104377	*
N	*	101	*	*	*	*	*	New.CleanUp.ReferenceOTU4569 Even4_283020	*
N	*	101	*	*	*	*	*	New.CleanUp.ReferenceOTU4572 Even4_22536	*
N	*	101	*	*	*	*	*	New.CleanUp.ReferenceOTU4579 Even1_112440	*
N	*	101	*	*	*	*	*	New.CleanUp.ReferenceOTU458 Even1_167902	*
N	*	95	*	*	*	*	*	New.CleanUp.ReferenceOTU4585 Even4_110873	*
N	*	90	*	*	*	*	*	New.CleanUp.ReferenceOTU4586 Even1_317461	*
N	*	101	*	*	*	*	*	New.CleanUp.ReferenceOTU4589 Even1_204304	*
N	*	101	*	*	*	*	*	New.CleanUp.ReferenceOTU4597 Even1_30781	*
N	*	101	*	*	*	*	*	New.CleanUp.ReferenceOTU4605 Even1_39169	*
N	*	101	*	*	*	*	*	New.CleanUp.ReferenceOTU4608 Even4_324018	*
N	*	90	*	*	*	*	*	New.CleanUp.ReferenceOTU4611 Even4_245168	*
N	*	101	*	*	*	*	*	New.CleanUp.ReferenceOTU4619 Even3_304458	*
N	*	101	*	*	*	*	*	New.CleanUp.ReferenceOTU462 Even4_308084	*
N	*	101	*	*	*	*	*	New.CleanUp.ReferenceOTU4627 Even1_249026	*
N	*	91	*	*	*	*	*	New.CleanUp.ReferenceOTU4633 Even1_310150	*
N	*	101	*	*	*	*	*	New.CleanUp.ReferenceOTU4635 Even4_6706	*
N	*	101	*	*	*	*	*	New.CleanUp.ReferenceOTU4637 Even3_138503	*
N	*	101	*	*	*	*	*	New.CleanUp.ReferenceOTU4638 Even1_37787	*
N	*	101	*	*	*	*	*	New.CleanUp.ReferenceOTU4641 Even3_125097	*
N	*	92	*	*	*	*	*	New.CleanUp.ReferenceOTU4646 Even1_237039	*
N	*	101	*	*	*	*	*	New.CleanUp.ReferenceOTU4647 Even4_211229	*
N	*	95	*	*	*	*	*	New.CleanUp.ReferenceOTU4651 Even1_260460	*
N	*	101	*	*	*	*	*	New.CleanUp.ReferenceOTU4652 Even3_45557	*
N	*	92	*	*	*	*	*	New.CleanUp.ReferenceOTU4659 Even1_195572	*
N	*	91	*	*	*	*	*	New.CleanUp.ReferenceOTU4663 Even3_329520	*
N	*	101	*	*	*	*	*	New.CleanUp.ReferenceOTU4669 Even4_56562	*
N	*	101	*	*	*	*	*	New.CleanUp.ReferenceOTU4670 Even1_136297	*
N	*	97	*	*	*	*	*	New.CleanUp.ReferenceOTU4673 Even1_296410	*
N	*	101	*	*	*	*	*	New.CleanUp.ReferenceOTU4675 Even1_73739	*
N	*	90	*	*	*	*	*	New.CleanUp.ReferenceOTU4676 Even3_298918	*
N	*	101	*	*	*	*	*	New.CleanUp.ReferenceOTU4677 Even4_53078	*
N	*	101	*	*	*	*	*	New.CleanUp.ReferenceOTU4680 Even1_268796	*
N	*	91	*	*	*	*	*	New.CleanUp.ReferenceOTU4685 Even3_96449	*
N	*	101	*	*	*	*	*	New.CleanUp.ReferenceOTU4688 Even1_143520	*
N	*	101	*	*	*	*	*	New.CleanUp.ReferenceOTU4691 Even3_201164	*
N	*	90	*	*	*	*	*	New.CleanUp.ReferenceOTU4692 Even4_186044	*
N	*	101	*	*	*	*	*	New.CleanUp.ReferenceOTU4695 Even3_106431	*
N	*	97	*	*	*	*	*	New.CleanUp.ReferenceOTU4696 Even4_29633	*
N	*	101	*	*	*	*	*	New.CleanUp.ReferenceOTU4697 Even3_161027	*
N	*	101	*	*	*	*	*	New.CleanUp.ReferenceOTU4698 Even1_226702	*
N	*	91	*	*	*	*	*	New.CleanUp.ReferenceOTU4701 Even4_233589	*
N	*	101	*	*	*	*	*	New.CleanUp.ReferenceOTU4703 Even4_255539	*
N	*	101	*	*	*	*	*	New.CleanUp.ReferenceOTU4705 Even1_320325	*
N	*	97	*	*	*	*	*	New.CleanUp.ReferenceOTU4711 Even1_301873	*
N	*	101	*	*	*	*	*	New.CleanUp.ReferenceOTU4713 Even4_210000	*
N	*	97	*	*	*	*	*	New.CleanUp.ReferenceOTU4715 Even3_297778	*
N	*	94	*	*	*	*	*	New.CleanUp.ReferenceOTU4721 Even1_45476	*
N	*	96	*	*	*	*	*	New.CleanUp.ReferenceOTU4724 Even1_215258	*
N	*	101	*	*	*	*	*	New.CleanUp.ReferenceOTU4725 Even1_233998	*
N	*	101	*	*	*	*	*	New.CleanUp.ReferenceOTU4729 Even4_70264	*
N	*	91	*	*	*	*	*	New.CleanUp.ReferenceOTU473 Even3_218854	*
N	*	101	*	*	*	*	*	New.CleanUp.ReferenceOTU4734 Even1_268317	*
N	*	90	*	*	*	*	*	New.CleanUp.ReferenceOTU4740 Even4_307041	*
N	*	101	*	*	*	*	*	New.CleanUp.ReferenceOTU4742 Even1_63909	*
N	*	101	*	*	*	*	*	New.CleanUp.ReferenceOTU4743 Even1_102941	*
N	*	101	*	*	*	*	*	New.CleanUp.ReferenceOTU4744 Even3_38821	*
N	*	101	*	*	*	*	*	New.CleanUp.ReferenceOTU4746 Even3_120064	*
N	*	101	*	*	*	*	*	New.CleanUp.ReferenceOTU4750 Even3_72601	*
N	*	101	*	*	*	*	*	New.CleanUp.ReferenceOTU4754 Even1_34524	*
N	*	101	*	*	*	*	*	New.CleanUp.ReferenceOTU4755 Even3_110780	*
N	*	101	*	*	*	*	*	New.CleanUp.ReferenceOTU4756 Even3_120265	*
N	*	101	*	*	*	*	*	New.CleanUp.ReferenceOTU4757 Even3_168818	*
N	*	91	*	*	*	*	*	New.CleanUp.ReferenceOTU4758 Even1_79147	*
N	*	101	*	*	*	*	*	New.CleanUp.ReferenceOTU4762 Even3_13767	*
N	*	101	*	*	*	*	*	New.CleanUp.ReferenceOTU4769 Even1_33550	*
N	*	101	*	*	*	*	*	New.CleanUp.ReferenceOTU4772 Even4_274466	*
N	*	92	*	*	*	*	*	New.CleanUp.ReferenceOTU4773 Even3_88666	*
N	*	101	*	*	*	*	*	New.CleanUp.ReferenceOTU4777 Even1_112827	*
N	*	94	*	*	*	*	*	New.CleanUp.ReferenceOTU4780 Even4_232509	*
N	*	101	*	*	*	*	*	New.CleanUp.ReferenceOTU4781 Even1_100952	*
N	*	101	*	*	*	*	*	New.CleanUp.ReferenceOTU4784 Even4_50034	*
N	*	94	*	*	*	*	*	New.CleanUp.ReferenceOTU4791 Even1_255694	*
N	*	90	*	*	*	*	*	New.CleanUp.ReferenceOTU4794 Even3_246788	*
N	*	101	*	*	*	*	*	New.CleanUp.ReferenceOTU4795 Even1_524	*
N	*	101	*	*	*	*	*	New.CleanUp.ReferenceOTU4797 Even3_32798	*
N	*	92	*	*	*	*	*	New.CleanUp.ReferenceOTU4801 Even1_236928	*
N	*	97	*	*	*	*	*	New.CleanUp.ReferenceOTU4803 Even3_300996	*
N	*	101	*	*	*	*	*	New.CleanUp.ReferenceOTU4806 Even4_28962	*
N	*	101	*	*	*	*	*	New.CleanUp.ReferenceOTU4809 Even4_102779	*
N	*	101	*	*	*	*	*	New.CleanUp.ReferenceOTU4812 Even4_38146	*
N	*	101	*	*	*	*	*	New.CleanUp.ReferenceOTU4815 Even4_86091	*
N	*	101	*	*	*	*	*	New.CleanUp.ReferenceOTU4818 Even1_35418	*
N	*	93	*	*	*	*	*	New.CleanUp.ReferenceOTU4819 Even3_28808	*
N	*	101	*	*	*	*	*	New.CleanUp.ReferenceOTU4820 Even3_92510	*
N	*	101	*	*	*	*	*	New.CleanUp.ReferenceOTU4828 Even3_5494	*
N	*	101	*	*	*	*	*	New.CleanUp.ReferenceOTU483 Even3_73009	*
N	*	101	*	*	*	*	*	New.CleanUp.ReferenceOTU4830 Even4_4063	*
N	*	91	*	*	*	*	*	New.CleanUp.ReferenceOTU4831 Even3_274694	*
N	*	97	*	*	*	*	*	New.CleanUp.ReferenceOTU4833 Even1_249811	*
N	*	101	*	*	*	*	*	New.CleanUp.ReferenceOTU4835 Even3_49937	*
N	*	92	*	*	*	*	*	New.CleanUp.ReferenceOTU4836 Even4_72951	*
N	*	91	*	*	*	*	*	New.CleanUp.ReferenceOTU4838 Even1_36992	*
N	*	101	*	*	*	*	*	New.CleanUp.ReferenceOTU4839 Even1_235858	*
N	*	101	*	*	*	*	*	New.CleanUp.ReferenceOTU484 Even3_200511	*
N	*	101	*	*	*	*	*	New.CleanUp.ReferenceOTU4843 Even1_111561	*
N	*	93	*	*	*	*	*	New.CleanUp.ReferenceOTU4846 Even3_189635	*
N	*	93	*	*	*	*	*	New.CleanUp.ReferenceOTU4851 Even3_132822	*
N	*	101	*	*	*	*	*	New.CleanUp.ReferenceOTU4857 Even4_172076	*
N	*	101	*	*	*	*	*	New.CleanUp.ReferenceOTU4858 Even1_296174	*
N	*	101	*	*	*	*	*	New.CleanUp.ReferenceOTU4859 Even3_147860	*
N	*	93	*	*	*	*	*	New.CleanUp.ReferenceOTU4867 Even4_158468	*
N	*	91	*	*	*	*	*	New.CleanUp.ReferenceOTU4868 Even4_159992	*
N	*	90	*	*	*	*	*	New.CleanUp.ReferenceOTU487 Even1_84266	*
N	*	101	*	*	*	*	*	New.CleanUp.ReferenceOTU4871 Even1_70675	*
N	*	101	*	*	*	*	*	New.CleanUp.ReferenceOTU4872 Even4_85408	*
N	*	101	*	*	*	*	*	New.CleanUp.ReferenceOTU4873 Even4_325063	*
N	*	101	*	*	*	*	*	New.CleanUp.ReferenceOTU4875 Even1_175623	*
N	*	101	*	*	*	*	*	New.CleanUp.ReferenceOTU4877 Even1_20653	*
N	*	91	*	*	*	*	*	New.CleanUp.ReferenceOTU4882 Even4_284121	*
N	*	96	*	*	*	*	*	New.CleanUp.ReferenceOTU4887 Even4_160888	*
N	*	97	*	*	*	*	*	New.CleanUp.ReferenceOTU4888 Even4_79874	*
N	*	101	*	*	*	*	*	New.CleanUp.ReferenceOTU4889 Even1_175021	*
N	*	101	*	*	*	*	*	New.CleanUp.ReferenceOTU4892 Even4_303263	*
N	*	97	*	*	*	*	*	New.CleanUp.ReferenceOTU4893 Even3_217487	*
N	*	101	*	*	*	*	*	New.CleanUp.ReferenceOTU4897 Even4_58732	*
N	*	91	*	*	*	*	*	New.CleanUp.ReferenceOTU4899 Even1_102159	*
N	*	92	*	*	*	*	*	New.CleanUp.ReferenceOTU492 Even4_207901	*
N	*	92	*	*	*	*	*	New.CleanUp.ReferenceOTU494 Even1_183989	*
N	*	91	*	*	*	*	*	New.CleanUp.ReferenceOTU503 Even1_321476	*
N	*	101	*	*	*	*	*	New.CleanUp.ReferenceOTU506 Even3_48769	*
N	*	92	*	*	*	*	*	New.CleanUp.ReferenceOTU512 Even3_85220	*
N	*	101	*	*	*	*	*	New.CleanUp.ReferenceOTU513 Even3_190308	*
N	*	101	*	*	*	*	*	New.CleanUp.ReferenceOTU517 Even3_85229	*
N	*	101	*	*	*	*	*	New.CleanUp.ReferenceOTU524 Even1_116625	*
N	*	96	*	*	*	*	*	New.CleanUp.ReferenceOTU527 Even3_297759	*
N	*	101	*	*	*	*	*	New.CleanUp.ReferenceOTU528 Even1_130435	*
N	*	101	*	*	*	*	*	New.CleanUp.ReferenceOTU533 Even3_37728	*
N	*	90	*	*	*	*	*	New.CleanUp.ReferenceOTU537 Even4_135489	*
N	*	101	*	*	*	*	*	New.CleanUp.ReferenceOTU538 Even3_168072	*
N	*	101	*	*	*	*	*	New.CleanUp.ReferenceOTU539 Even1_270740	*
N	*	101	*	*	*	*	*	New.CleanUp.ReferenceOTU545 Even4_229455	*
N	*	101	*	*	*	*	*	New.CleanUp.ReferenceOTU559 Even3_189988	*
N	*	93	*	*	*	*	*	New.CleanUp.ReferenceOTU564 Even1_303073	*
N	*	101	*	*	*	*	*	New.CleanUp.ReferenceOTU567 Even1_104672	*
N	*	101	*	*	*	*	*	New.CleanUp.ReferenceOTU568 Even4_53126	*
N	*	101	*	*	*	*	*	New.CleanUp.ReferenceOTU572 Even3_228218	*
N	*	101	*	*	*	*	*	New.CleanUp.ReferenceOTU573 Even1_301928	*
N	*	101	*	*	*	*	*	New.CleanUp.ReferenceOTU574 Even4_187002	*
N	*	101	*	*	*	*	*	New.CleanUp.ReferenceOTU575 Even4_46698	*
N	*	90	*	*	*	*	*	New.CleanUp.ReferenceOTU576 Even3_92165	*
N	*	94	*	*	*	*	*	New.CleanUp.ReferenceOTU579 Even1_110518	*
N	*	91	*	*	*	*	*	New.CleanUp.ReferenceOTU584 Even1_260545	*
N	*	101	*	*	*	*	*	New.CleanUp.ReferenceOTU589 Even1_137637	*
N	*	101	*	*	*	*	*	New.CleanUp.ReferenceOTU590 Even1_249763	*
N	*	101	*	*	*	*	*	New.CleanUp.ReferenceOTU591 Even1_49625	*
N	*	101	*	*	*	*	*	New.CleanUp.ReferenceOTU596 Even1_206028	*
N	*	101	*	*	*	*	*	New.CleanUp.ReferenceOTU599 Even3_324771	*
N	*	101	*	*	*	*	*	New.CleanUp.ReferenceOTU602 Even3_62804	*
N	*	101	*	*	*	*	*	New.CleanUp.ReferenceOTU609 Even4_163397	*
N	*	91	*	*	*	*	*	New.CleanUp.ReferenceOTU61 Even1_327409	*
N	*	101	*	*	*	*	*	New.CleanUp.ReferenceOTU614 Even1_178884	*
N	*	101	*	*	*	*	*	New.CleanUp.ReferenceOTU615 Even4_77069	*
N	*	101	*	*	*	*	*	New.CleanUp.ReferenceOTU616 Even3_243309	*
N	*	101	*	*	*	*	*	New.CleanUp.ReferenceOTU618 Even4_123023	*
N	*	101	*	*	*	*	*	New.CleanUp.ReferenceOTU62 Even4_193751	*
N	*	101	*	*	*	*	*	New.CleanUp.ReferenceOTU621 Even1_9275	*
N	*	101	*	*	*	*	*	New.CleanUp.ReferenceOTU622 Even4_232525	*
N	*	101	*	*	*	*	*	New.CleanUp.ReferenceOTU626 Even4_63364	*
N	*	101	*	*	*	*	*	New.CleanUp.ReferenceOTU630 Even3_197891	*
N	*	101	*	*	*	*	*	New.CleanUp.ReferenceOTU635 Even1_125360	*
N	*	91	*	*	*	*	*	New.CleanUp.ReferenceOTU641 Even4_228149	*
N	*	101	*	*	*	*	*	New.CleanUp.ReferenceOTU643 Even4_283964	*
N	*	101	*	*	*	*	*	New.CleanUp.ReferenceOTU656 Even4_224305	*
N	*	94	*	*	*	*	*	New.CleanUp.ReferenceOTU657 Even4_312118	*
N	*	101	*	*	*	*	*	New.CleanUp.ReferenceOTU658 Even4_34203	*
N	*	101	*	*	*	*	*	New.CleanUp.ReferenceOTU662 Even4_5408	*
N	*	101	*	*	*	*	*	New.CleanUp.ReferenceOTU67 Even4_168088	*
N	*	101	*	*	*	*	*	New.CleanUp.ReferenceOTU671 Even4_109964	*
N	*	93	*	*	*	*	*	New.CleanUp.ReferenceOTU673 Even4_106241	*
N	*	97	*	*	*	*	*	New.CleanUp.ReferenceOTU676 Even1_317876	*
N	*	101	*	*	*	*	*	New.CleanUp.ReferenceOTU678 Even3_48685	*
N	*	101	*	*	*	*	*	New.CleanUp.ReferenceOTU684 Even3_105815	*
N	*	92	*	*	*	*	*	New.CleanUp.ReferenceOTU686 Even3_264789	*
N	*	101	*	*	*	*	*	New.CleanUp.ReferenceOTU692 Even3_64183	*
N	*	92	*	*	*	*	*	New.CleanUp.ReferenceOTU70 Even1_35249	*
N	*	101	*	*	*	*	*	New.CleanUp.ReferenceOTU701 Even4_22095	*
N	*	101	*	*	*	*	*	New.CleanUp.ReferenceOTU702 Even4_127632	*
N	*	101	*	*	*	*	*	New.CleanUp.ReferenceOTU706 Even1_105679	*
N	*	94	*	*	*	*	*	New.CleanUp.ReferenceOTU708 Even4_149781	*
N	*	91	*	*	*	*	*	New.CleanUp.ReferenceOTU709 Even1_132718	*
N	*	101	*	*	*	*	*	New.CleanUp.ReferenceOTU711 Even3_247322	*
N	*	94	*	*	*	*	*	New.CleanUp.ReferenceOTU717 Even3_225561	*
N	*	101	*	*	*	*	*	New.CleanUp.ReferenceOTU720 Even3_30780	*
N	*	101	*	*	*	*	*	New.CleanUp.ReferenceOTU724 Even3_198943	*
N	*	101	*	*	*	*	*	New.CleanUp.ReferenceOTU730 Even4_166953	*
N	*	101	*	*	*	*	*	New.CleanUp.ReferenceOTU734 Even4_96817	*
N	*	90	*	*	*	*	*	New.CleanUp.ReferenceOTU735 Even4_246778	*
N	*	79	*	*	*	*	*	New.CleanUp.ReferenceOTU736 Even1_21850	*
N	*	91	*	*	*	*	*	New.CleanUp.ReferenceOTU74 Even4_59774	*
N	*	101	*	*	*	*	*	New.CleanUp.ReferenceOTU750 Even4_63818	*
N	*	93	*	*	*	*	*	New.CleanUp.ReferenceOTU751 Even3_321856	*
N	*	95	*	*	*	*	*	New.CleanUp.ReferenceOTU752 Even1_330013	*
N	*	91	*	*	*	*	*	New.CleanUp.ReferenceOTU754 Even4_160269	*
N	*	101	*	*	*	*	*	New.CleanUp.ReferenceOTU757 Even3_64364	*
N	*	91	*	*	*	*	*	New.CleanUp.ReferenceOTU758 Even3_188381	*
N	*	101	*	*	*	*	*	New.CleanUp.ReferenceOTU766 Even1_250002	*
N	*	101	*	*	*	*	*	New.CleanUp.ReferenceOTU769 Even1_153410	*
N	*	101	*	*	*	*	*	New.CleanUp.ReferenceOTU772 Even4_141178	*
N	*	90	*	*	*	*	*	New.CleanUp.ReferenceOTU78 Even1_324812	*
N	*	95	*	*	*	*	*	New.CleanUp.ReferenceOTU786 Even1_124457	*
N	*	95	*	*	*	*	*	New.CleanUp.ReferenceOTU789 Even4_249608	*
N	*	94	*	*	*	*	*	New.CleanUp.ReferenceOTU794 Even4_138964	*
N	*	101	*	*	*	*	*	New.CleanUp.ReferenceOTU797 Even3_45927	*
N	*	92	*	*	*	*	*	New.CleanUp.ReferenceOTU803 Even1_30675	*
N	*	101	*	*	*	*	*	New.CleanUp.ReferenceOTU805 Even3_15025	*
N	*	96	*	*	*	*	*	New.CleanUp.ReferenceOTU813 Even3_302874	*
N	*	101	*	*	*	*	*	New.CleanUp.ReferenceOTU817 Even4_44095	*
N	*	101	*	*	*	*	*	New.CleanUp.ReferenceOTU82 Even4_181971	*
N	*	90	*	*	*	*	*	New.CleanUp.ReferenceOTU822 Even3_109441	*
N	*	101	*	*	*	*	*	New.CleanUp.ReferenceOTU823 Even3_4494	*
N	*	101	*	*	*	*	*	New.CleanUp.ReferenceOTU824 Even1_4949	*
N	*	91	*	*	*	*	*	New.CleanUp.ReferenceOTU828 Even4_272311	*
N	*	101	*	*	*	*	*	New.CleanUp.ReferenceOTU829 Even1_278738	*
N	*	97	*	*	*	*	*	New.CleanUp.ReferenceOTU837 Even4_234688	*
N	*	97	*	*	*	*	*	New.CleanUp.ReferenceOTU838 Even3_46853	*
N	*	101	*	*	*	*	*	New.CleanUp.ReferenceOTU84 Even1_56455	*
N	*	91	*	*	*	*	*	New.CleanUp.ReferenceOTU841 Even4_278148	*
N	*	101	*	*	*	*	*	New.CleanUp.ReferenceOTU842 Even1_268471	*
N	*	101	*	*	*	*	*	New.CleanUp.ReferenceOTU843 Even3_39030	*
N	*	101	*	*	*	*	*	New.CleanUp.ReferenceOTU845 Even1_219159	*
N	*	91	*	*	*	*	*	New.CleanUp.ReferenceOTU848 Even1_278086	*
N	*	90	*	*	*	*	*	New.CleanUp.ReferenceOTU854 Even3_93674	*
N	*	101	*	*	*	*	*	New.CleanUp.ReferenceOTU859 Even1_121663	*
N	*	91	*	*	*	*	*	New.CleanUp.ReferenceOTU86 Even3_42260	*
N	*	101	*	*	*	*	*	New.CleanUp.ReferenceOTU87 Even1_87655	*
N	*	101	*	*	*	*	*	New.CleanUp.ReferenceOTU873 Even4_219018	*
N	*	101	*	*	*	*	*	New.CleanUp.ReferenceOTU874 Even3_168046	*
N	*	90	*	*	*	*	*	New.CleanUp.ReferenceOTU880 Even4_235571	*
N	*	101	*	*	*	*	*	New.CleanUp.ReferenceOTU882 Even3_56188	*
N	*	101	*	*	*	*	*	New.CleanUp.ReferenceOTU885 Even1_4898	*
N	*	94	*	*	*	*	*	New.CleanUp.ReferenceOTU886 Even1_76142	*
N	*	93	*	*	*	*	*	New.CleanUp.ReferenceOTU887 Even1_35931	*
N	*	101	*	*	*	*	*	New.CleanUp.ReferenceOTU889 Even1_34005	*
N	*	101	*	*	*	*	*	New.CleanUp.ReferenceOTU89 Even1_264153	*
N	*	101	*	*	*	*	*	New.CleanUp.ReferenceOTU892 Even1_258337	*
N	*	101	*	*	*	*	*	New.CleanUp.ReferenceOTU893 Even3_27037	*
N	*	95	*	*	*	*	*	New.CleanUp.ReferenceOTU894 Even4_234683	*
N	*	101	*	*	*	*	*	New.CleanUp.ReferenceOTU898 Even4_173682	*
N	*	101	*	*	*	*	*	New.CleanUp.ReferenceOTU9 Even4_4285	*
N	*	101	*	*	*	*	*	New.CleanUp.ReferenceOTU907 Even4_177373	*
N	*	90	*	*	*	*	*	New.CleanUp.ReferenceOTU908 Even1_147299	*
N	*	91	*	*	*	*	*	New.CleanUp.ReferenceOTU909 Even1_280276	*
N	*	101	*	*	*	*	*	New.CleanUp.ReferenceOTU912 Even1_32508	*
N	*	96	*	*	*	*	*	New.CleanUp.ReferenceOTU915 Even3_165023	*
N	*	90	*	*	*	*	*	New.CleanUp.ReferenceOTU918 Even1_227994	*
N	*	101	*	*	*	*	*	New.CleanUp.ReferenceOTU919 Even3_1052	*
N	*	101	*	*	*	*	*	New.CleanUp.ReferenceOTU921 Even3_1058	*
N	*	101	*	*	*	*	*	New.CleanUp.ReferenceOTU933 Even4_88272	*
N	*	101	*	*	*	*	*	New.CleanUp.ReferenceOTU935 Even1_224411	*
N	*	101	*	*	*	*	*	New.CleanUp.ReferenceOTU940 Even1_137600	*
N	*	91	*	*	*	*	*	New.CleanUp.ReferenceOTU944 Even3_329805	*
N	*	101	*	*	*	*	*	New.CleanUp.ReferenceOTU945 Even4_249371	*
N	*	101	*	*	*	*	*	New.CleanUp.ReferenceOTU950 Even4_191641	*
N	*	90	*	*	*	*	*	New.CleanUp.ReferenceOTU953 Even1_164005	*
N	*	91	*	*	*	*	*	New.CleanUp.ReferenceOTU955 Even1_221470	*
N	*	94	*	*	*	*	*	New.CleanUp.ReferenceOTU957 Even4_210440	*
N	*	95	*	*	*	*	*	New.CleanUp.ReferenceOTU965 Even3_296649	*
N	*	101	*	*	*	*	*	New.CleanUp.ReferenceOTU967 Even1_42716	*
N	*	90	*	*	*	*	*	New.CleanUp.ReferenceOTU968 Even1_208632	*
N	*	101	*	*	*	*	*	New.CleanUp.ReferenceOTU969 Even3_67088	*
N	*	101	*	*	*	*	*	New.CleanUp.ReferenceOTU970 Even1_178188	*
N	*	91	*	*	*	*	*	New.CleanUp.ReferenceOTU974 Even4_140230	*
N	*	101	*	*	*	*	*	New.CleanUp.ReferenceOTU983 Even3_28854	*
N	*	101	*	*	*	*	*	New.CleanUp.ReferenceOTU988 Even3_126884	*
N	*	91	*	*	*	*	*	New.CleanUp.ReferenceOTU989 Even4_22398	*
N	*	101	*	*	*	*	*	New.CleanUp.ReferenceOTU990 Even4_98969	*
N	*	91	*	*	*	*	*	New.CleanUp.ReferenceOTU993 Even3_304752	*
N	*	95	*	*	*	*	*	New.CleanUp.ReferenceOTU995 Even1_276528	*
N	*	101	*	*	*	*	*	New.CleanUp.ReferenceOTU996 Even3_63500	*
N	*	101	*	*	*	*	*	New.CleanUp.ReferenceOTU997 Even3_171971	*
D	905	2	*	*	*	*	99.0	1063126	*
D	1471	2	*	*	*	*	99.0	997439	*
D	1666	2	*	*	*	*	100.0	975306	*
D	3716	2	*	*	*	*	100.0	821080	*
D	3762	2	*	*	*	*	99.0	819999	*
D	3787	2	*	*	*	*	100.0	819636	*
D	4878	2	*	*	*	*	99.0	788593	*
D	5495	2	*	*	*	*	100.0	744029	*
D	7082	3	*	*	*	*	100.0	628226	*
D	7185	2	*	*	*	*	100.0	621472	*
D	7671	2	*	*	*	*	100.0	592616	*
D	7857	2	*	*	*	*	100.0	591285	*
D	8962	2	*	*	*	*	99.0	583398	*
D	9285	2	*	*	*	*	100.0	581079	*
D	9455	2	*	*	*	*	99.0	579851	*
D	9639	2	*	*	*	*	100.0	578649	*
D	11012	2	*	*	*	*	99.0	567846	*
D	11631	2	*	*	*	*	99.0	562924	*
D	12090	2	*	*	*	*	99.0	559527	*
D	12256	3	*	*	*	*	99.5	558081	*
D	12830	2	*	*	*	*	100.0	553595	*
D	12878	2	*	*	*	*	100.0	553208	*
D	13166	2	*	*	*	*	99.0	550727	*
D	13352	3	*	*	*	*	99.5	549232	*
D	13705	2	*	*	*	*	100.0	546384	*
D	13912	2	*	*	*	*	99.0	544824	*
D	14285	2	*	*	*	*	100.0	541979	*
D	14337	2	*	*	*	*	100.0	541517	*
D	14396	2	*	*	*	*	99.0	541119	*
D	14944	2	*	*	*	*	100.0	537085	*
D	15400	2	*	*	*	*	100.0	533373	*
D	15698	2	*	*	*	*	99.0	529873	*
D	15715	2	*	*	*	*	100.0	529740	*
D	16022	2	*	*	*	*	100.0	525841	*
D	16049	2	*	*	*	*	100.0	525474	*
D	16098	2	*	*	*	*	99.0	524891	*
D	16486	2	*	*	*	*	99.0	519746	*
D	16639	2	*	*	*	*	99.0	517797	*
D	16905	2	*	*	*	*	100.0	514533	*
D	17038	2	*	*	*	*	99.0	513440	*
D	17852	2	*	*	*	*	100.0	471180	*
D	17858	2	*	*	*	*	100.0	470117	*
D	17966	2	*	*	*	*	100.0	454363	*
D	18397	2	*	*	*	*	100.0	405425	*
D	18714	2	*	*	*	*	100.0	370361	*
D	18721	2	*	*	*	*	100.0	370287	*
D	18730	2	*	*	*	*	100.0	370105	*
D	18771	2	*	*	*	*	100.0	369449	*
D	18866	2	*	*	*	*	100.0	367813	*
D	18897	2	*	*	*	*	100.0	367215	*
D	18942	2	*	*	*	*	100.0	366451	*
D	18999	2	*	*	*	*	100.0	365385	*
D	19027	3	*	*	*	*	99.5	364903	*
D	19266	2	*	*	*	*	99.0	360825	*
D	19273	2	*	*	*	*	99.0	360703	*
D	19548	2	*	*	*	*	100.0	356360	*
D	19712	2	*	*	*	*	100.0	355196	*
D	19832	2	*	*	*	*	100.0	354258	*
D	19840	2	*	*	*	*	100.0	354220	*
D	20067	2	*	*	*	*	99.0	352529	*
D	20083	2	*	*	*	*	100.0	352473	*
D	20275	2	*	*	*	*	99.0	351084	*
D	20324	2	*	*	*	*	100.0	350697	*
D	20462	2	*	*	*	*	100.0	349786	*
D	20569	5	*	*	*	*	99.3	349024	*
D	20665	2	*	*	*	*	99.0	348304	*
D	20699	2	*	*	*	*	100.0	347965	*
D	20877	2	*	*	*	*	100.0	346689	*
D	21230	2	*	*	*	*	100.0	344114	*
D	21487	2	*	*	*	*	100.0	342110	*
D	22069	2	*	*	*	*	100.0	337946	*
D	22392	2	*	*	*	*	100.0	335670	*
D	22629	2	*	*	*	*	100.0	333859	*
D	22951	2	*	*	*	*	99.0	331571	*
D	23187	2	*	*	*	*	99.0	329820	*
D	23217	2	*	*	*	*	99.0	329662	*
D	23465	2	*	*	*	*	100.0	327851	*
D	23526	2	*	*	*	*	99.0	327383	*
D	23641	2	*	*	*	*	100.0	326626	*
D	24088	2	*	*	*	*	100.0	323325	*
D	24282	2	*	*	*	*	100.0	321902	*
D	24573	2	*	*	*	*	99.0	319870	*
D	24609	2	*	*	*	*	99.0	319633	*
D	24859	2	*	*	*	*	99.0	317818	*
D	25368	2	*	*	*	*	100.0	313878	*
D	25410	2	*	*	*	*	100.0	313593	*
D	25477	2	*	*	*	*	100.0	313121	*
D	25523	2	*	*	*	*	99.0	312770	*
D	25643	2	*	*	*	*	100.0	311961	*
D	25646	2	*	*	*	*	100.0	311950	*
D	26125	2	*	*	*	*	100.0	308502	*
D	26344	2	*	*	*	*	100.0	307012	*
D	26385	4	*	*	*	*	99.0	306633	*
D	26659	2	*	*	*	*	100.0	304568	*
D	26806	2	*	*	*	*	100.0	303444	*
D	26841	2	*	*	*	*	99.0	303221	*
D	26890	2	*	*	*	*	100.0	302919	*
D	26938	2	*	*	*	*	100.0	302553	*
D	26991	2	*	*	*	*	99.0	302239	*
D	27088	2	*	*	*	*	100.0	301608	*
D	27251	2	*	*	*	*	100.0	300729	*
D	27800	2	*	*	*	*	100.0	297414	*
D	27829	2	*	*	*	*	99.0	297182	*
D	27859	4	*	*	*	*	99.3	297057	*
D	27983	5	*	*	*	*	99.3	296279	*
D	28001	2	*	*	*	*	99.0	296165	*
D	28152	2	*	*	*	*	100.0	295194	*
D	28328	2	*	*	*	*	99.0	293990	*
D	28379	2	*	*	*	*	100.0	293600	*
D	28485	3	*	*	*	*	99.0	292921	*
D	28542	2	*	*	*	*	100.0	292521	*
D	28600	2	*	*	*	*	100.0	292216	*
D	28683	2	*	*	*	*	100.0	291811	*
D	28689	2	*	*	*	*	99.0	291784	*
D	28776	2	*	*	*	*	99.0	291267	*
D	28863	4	*	*	*	*	99.3	290647	*
D	28917	5	*	*	*	*	99.3	290362	*
D	28931	2	*	*	*	*	99.0	290291	*
D	29153	3	*	*	*	*	99.5	288930	*
D	29158	2	*	*	*	*	99.0	288889	*
D	29349	2	*	*	*	*	100.0	287597	*
D	29368	2	*	*	*	*	100.0	287510	*
D	30243	3	*	*	*	*	99.5	276484	*
D	30843	2	*	*	*	*	99.0	272886	*
D	31098	2	*	*	*	*	99.0	271259	*
D	31422	2	*	*	*	*	100.0	269327	*
D	31646	2	*	*	*	*	99.0	268101	*
D	33582	2	*	*	*	*	99.0	255359	*
D	35763	2	*	*	*	*	99.0	239358	*
D	36359	2	*	*	*	*	99.0	235262	*
D	36369	6	*	*	*	*	99.0	235024	*
D	36414	2	*	*	*	*	100.0	234421	*
D	36487	2	*	*	*	*	99.0	233549	*
D	36631	2	*	*	*	*	100.0	231205	*
D	36812	2	*	*	*	*	100.0	228556	*
D	36826	2	*	*	*	*	100.0	228391	*
D	37483	2	*	*	*	*	99.0	222043	*
D	37606	2	*	*	*	*	99.0	220970	*
D	38145	2	*	*	*	*	100.0	215855	*
D	38502	2	*	*	*	*	100.0	211706	*
D	38513	2	*	*	*	*	99.0	211593	*
D	39033	2	*	*	*	*	100.0	206324	*
D	39769	2	*	*	*	*	99.0	199422	*
D	39856	2	*	*	*	*	100.0	198964	*
D	39891	2	*	*	*	*	99.0	198788	*
D	40105	2	*	*	*	*	100.0	197537	*
D	40197	2	*	*	*	*	99.0	197105	*
D	40208	2	*	*	*	*	100.0	197052	*
D	40293	2	*	*	*	*	100.0	196604	*
D	40415	2	*	*	*	*	100.0	195937	*
D	40464	2	*	*	*	*	100.0	195704	*
D	40505	2	*	*	*	*	99.0	195465	*
D	40574	2	*	*	*	*	100.0	195115	*
D	40581	3	*	*	*	*	99.5	195081	*
D	40726	2	*	*	*	*	99.0	194425	*
D	40773	6	*	*	*	*	99.2	194215	*
D	40790	2	*	*	*	*	99.0	194107	*
D	40793	2	*	*	*	*	100.0	194101	*
D	40856	2	*	*	*	*	99.0	193829	*
D	40875	2	*	*	*	*	99.0	193710	*
D	40880	2	*	*	*	*	99.0	193679	*
D	40932	2	*	*	*	*	99.0	193407	*
D	40956	4	*	*	*	*	99.3	193235	*
D	41102	2	*	*	*	*	99.0	192396	*
D	41176	2	*	*	*	*	100.0	192025	*
D	41221	2	*	*	*	*	100.0	191811	*
D	41223	2	*	*	*	*	100.0	191797	*
D	41286	2	*	*	*	*	99.0	191487	*
D	41441	2	*	*	*	*	99.0	190649	*
D	41490	2	*	*	*	*	99.0	190441	*
D	41550	2	*	*	*	*	100.0	190075	*
D	41562	2	*	*	*	*	100.0	190003	*
D	41578	2	*	*	*	*	99.0	189914	*
D	41630	2	*	*	*	*	99.0	189679	*
D	41640	2	*	*	*	*	100.0	189626	*
D	41699	2	*	*	*	*	100.0	189294	*
D	41763	2	*	*	*	*	99.0	188974	*
D	41814	2	*	*	*	*	100.0	188735	*
D	42000	5	*	*	*	*	99.3	187607	*
D	42066	2	*	*	*	*	100.0	187248	*
D	42088	2	*	*	*	*	100.0	187144	*
D	42132	2	*	*	*	*	100.0	186906	*
D	42184	5	*	*	*	*	99.3	186624	*
D	42218	3	*	*	*	*	100.0	186430	*
D	42308	2	*	*	*	*	99.0	185949	*
D	42352	2	*	*	*	*	100.0	185730	*
D	42406	2	*	*	*	*	100.0	185486	*
D	42664	2	*	*	*	*	100.0	183873	*
D	42758	2	*	*	*	*	100.0	183467	*
D	42809	2	*	*	*	*	99.0	183198	*
D	42823	2	*	*	*	*	100.0	183139	*
D	42914	2	*	*	*	*	99.0	182729	*
D	42921	2	*	*	*	*	99.0	182656	*
D	42966	2	*	*	*	*	99.0	182428	*
D	43071	2	*	*	*	*	100.0	181899	*
D	43101	2	*	*	*	*	100.0	181756	*
D	43114	2	*	*	*	*	100.0	181689	*
D	43247	4	*	*	*	*	99.3	180903	*
D	43296	5	*	*	*	*	99.3	180654	*
D	43309	5	*	*	*	*	99.0	180577	*
D	43402	2	*	*	*	*	100.0	180112	*
D	43459	2	*	*	*	*	100.0	179760	*
D	43508	2	*	*	*	*	100.0	179551	*
D	43539	2	*	*	*	*	99.0	179408	*
D	43599	2	*	*	*	*	99.0	179018	*
D	43609	2	*	*	*	*	99.0	178977	*
D	43660	2	*	*	*	*	99.0	178751	*
D	43718	2	*	*	*	*	100.0	178452	*
D	43737	2	*	*	*	*	100.0	178332	*
D	44071	2	*	*	*	*	99.0	176564	*
D	44086	2	*	*	*	*	100.0	176468	*
D	44111	2	*	*	*	*	100.0	176297	*
D	44146	2	*	*	*	*	100.0	176108	*
D	44150	4	*	*	*	*	99.3	176080	*
D	44315	2	*	*	*	*	99.0	175148	*
D	44364	2	*	*	*	*	100.0	174847	*
D	44370	2	*	*	*	*	100.0	174831	*
D	44410	2	*	*	*	*	100.0	174654	*
D	44458	2	*	*	*	*	100.0	174415	*
D	44522	2	*	*	*	*	99.0	174036	*
D	44552	2	*	*	*	*	100.0	173900	*
D	44675	2	*	*	*	*	99.0	172705	*
D	44952	2	*	*	*	*	100.0	169538	*
D	45156	2	*	*	*	*	100.0	167187	*
D	45337	3	*	*	*	*	99.5	164915	*
D	45381	2	*	*	*	*	99.0	164430	*
D	45632	3	*	*	*	*	99.5	161579	*
D	45960	2	*	*	*	*	100.0	159299	*
D	46000	2	*	*	*	*	99.0	158967	*
D	46105	2	*	*	*	*	100.0	158215	*
D	46158	2	*	*	*	*	100.0	157772	*
D	47822	2	*	*	*	*	100.0	144814	*
D	48968	2	*	*	*	*	99.0	136946	*
D	49547	2	*	*	*	*	99.0	130402	*
D	51571	2	*	*	*	*	99.0	102049	*
D	53761	2	*	*	*	*	99.0	52362	*
D	54234	2	*	*	*	*	100.0	38415	*
D	55048	2	*	*	*	*	100.0	15458	*
D	55509	2	*	*	*	*	100.0	10211	*
D	55523	2	*	*	*	*	100.0	9912	*
D	55530	2	*	*	*	*	100.0	9727	*
D	56111	2	*	*	*	*	100.0	1992	*
D	56118	2	*	*	*	*	100.0	1952	*
D	56988	4	*	*	*	*	99.3	1601633	*
D	57045	2	*	*	*	*	100.0	1129328	*
D	58003	2	*	*	*	*	100.0	1721299	*
D	59048	2	*	*	*	*	100.0	1848900	*
D	59343	2	*	*	*	*	99.0	1888072	*
D	59361	2	*	*	*	*	100.0	1889556	*
D	59517	2	*	*	*	*	99.0	1906635	*
D	60701	2	*	*	*	*	100.0	1105928	*
D	60816	2	*	*	*	*	100.0	2061739	*
D	61181	3	*	*	*	*	99.5	846127	*
D	61349	2	*	*	*	*	100.0	2123719	*
D	61395	2	*	*	*	*	99.0	2128807	*
D	61944	2	*	*	*	*	99.0	2198356	*
D	62304	2	*	*	*	*	99.0	2243510	*
D	62424	2	*	*	*	*	99.0	2256432	*
D	64338	2	*	*	*	*	99.0	2499530	*
D	64959	2	*	*	*	*	100.0	2582263	*
D	65126	2	*	*	*	*	100.0	2599028	*
D	65135	2	*	*	*	*	100.0	2599837	*
D	65569	2	*	*	*	*	100.0	2654261	*
D	65869	2	*	*	*	*	100.0	2686590	*
D	65870	2	*	*	*	*	100.0	2686724	*
D	66446	2	*	*	*	*	99.0	1028632	*
D	66719	2	*	*	*	*	99.0	1134151	*
D	66937	2	*	*	*	*	100.0	652696	*
D	67651	2	*	*	*	*	100.0	2902741	*
D	68174	2	*	*	*	*	100.0	1142029	*
D	68375	2	*	*	*	*	100.0	2990145	*
D	68474	2	*	*	*	*	99.0	3002161	*
D	69832	2	*	*	*	*	99.0	842594	*
D	70410	2	*	*	*	*	99.0	3244992	*
D	70578	3	*	*	*	*	99.5	3265161	*
D	72220	6	*	*	*	*	99.2	3472078	*
D	73212	2	*	*	*	*	100.0	3598692	*
D	73808	2	*	*	*	*	100.0	3686740	*
D	74029	2	*	*	*	*	100.0	3709990	*
D	74710	2	*	*	*	*	99.0	3794053	*
D	75989	2	*	*	*	*	100.0	637546	*
D	76015	2	*	*	*	*	100.0	3963289	*
D	76200	2	*	*	*	*	100.0	3989856	*
D	76467	2	*	*	*	*	99.0	4015729	*
D	76859	2	*	*	*	*	99.0	4067355	*
D	77227	4	*	*	*	*	99.3	1116679	*
D	77371	2	*	*	*	*	100.0	4128381	*
D	77627	2	*	*	*	*	100.0	1109297	*
D	77816	2	*	*	*	*	100.0	4189999	*
D	78162	2	*	*	*	*	100.0	4232045	*
D	78260	2	*	*	*	*	100.0	4245940	*
D	78332	2	*	*	*	*	99.0	1010876	*
D	78553	2	*	*	*	*	100.0	4278525	*
D	79272	2	*	*	*	*	99.0	4300127	*
D	80079	2	*	*	*	*	100.0	4308187	*
D	80123	2	*	*	*	*	99.0	4308591	*
D	80567	2	*	*	*	*	99.0	4313261	*
D	81368	2	*	*	*	*	100.0	4321292	*
D	82033	2	*	*	*	*	100.0	4328515	*
D	82090	2	*	*	*	*	100.0	4329132	*
D	82219	2	*	*	*	*	100.0	4330715	*
D	82658	2	*	*	*	*	100.0	4335293	*
D	82713	2	*	*	*	*	100.0	4335781	*
D	82717	2	*	*	*	*	100.0	4335815	*
D	83861	2	*	*	*	*	100.0	4347159	*
D	84082	2	*	*	*	*	100.0	4349517	*
D	84210	2	*	*	*	*	100.0	4350788	*
D	84387	2	*	*	*	*	100.0	4352768	*
D	84501	3	*	*	*	*	99.5	4354041	*
D	85373	2	*	*	*	*	100.0	4363553	*
D	85837	2	*	*	*	*	100.0	4368600	*
D	85980	2	*	*	*	*	100.0	4369988	*
D	86738	2	*	*	*	*	100.0	4378081	*
D	86873	2	*	*	*	*	100.0	4379449	*
D	86914	2	*	*	*	*	99.0	4379957	*
D	87435	3	*	*	*	*	99.5	4385326	*
D	87600	2	*	*	*	*	99.0	4387246	*
D	87913	3	*	*	*	*	100.0	4390365	*
D	88557	2	*	*	*	*	99.0	4396888	*
D	88965	2	*	*	*	*	99.0	4401580	*
D	89540	2	*	*	*	*	99.0	4407603	*
D	89850	2	*	*	*	*	99.0	4410938	*
D	89948	2	*	*	*	*	99.0	4412103	*
D	89954	2	*	*	*	*	100.0	4412168	*
D	90138	2	*	*	*	*	100.0	4414044	*
D	90177	2	*	*	*	*	100.0	4414488	*
D	90178	2	*	*	*	*	99.0	4414489	*
D	91757	2	*	*	*	*	99.0	4430581	*
D	91997	3	*	*	*	*	99.0	4432891	*
D	92141	2	*	*	*	*	99.0	4434294	*
D	92246	2	*	*	*	*	100.0	4435400	*
D	92741	2	*	*	*	*	100.0	4440497	*
D	93437	2	*	*	*	*	100.0	4448331	*
D	93552	2	*	*	*	*	100.0	4449633	*
D	94935	2	*	*	*	*	100.0	4464533	*
D	96246	2	*	*	*	*	100.0	4477861	*
