UclustConsensusTaxonAssigner parameters:
id_to_taxonomy_filepath:/home/nbokulic/gg_13_5/gg_13_5_otus/taxonomy/97_otu_taxonomy_MOD.txt
id_to_taxonomy_fp:/home/nbokulic/gg_13_5/gg_13_5_otus/taxonomy/97_otu_taxonomy_MOD.txt
max_accepts:5
min_consensus_fraction:0.51
reference_sequences_fp:/home/nbokulic/gg_13_5/gg_13_5_otus/rep_set/97_otus.fasta
similarity:0.97
unassignable_label:Unassigned
Result path: "/scratch/assign-taxXmiiWeGXehuiu1AfG5v0.txt"

.uc file contents:

# uclust --input /home/nbokulic/open_reference_otus/turnbaugh1/psrotot_gg_13_5/rep_set.fna --id 0.97 --rev --maxaccepts 5 --allhits --libonly --lib /home/nbokulic/gg_13_5/gg_13_5_otus/rep_set/97_otus.fasta --uc /scratch/UclustConsensusTaxonAssigner_UlkWGr.uc
# version=1.2.22
# Tab-separated fields:
# 1=Type, 2=ClusterNr, 3=SeqLength or ClusterSize, 4=PctId, 5=Strand, 6=QueryStart, 7=SeedStart, 8=Alignment, 9=QueryLabel, 10=TargetLabel
# Record types (field 1): L=LibSeed, S=NewSeed, H=Hit, R=Reject, D=LibCluster, C=NewCluster, N=NoHit
# For C and D types, PctId is average id with seed.
# QueryStart and SeedStart are zero-based relative to start of sequence.
# If minus strand, SeedStart is relative to reverse-complemented seed.
L	75540	1457	*	*	*	*	*	3903651	*
H	75540	101	99.0	+	0	0	499I101M857I	1010876 Even4_230106	3903651
L	40693	1386	*	*	*	*	*	194562	*
H	40693	101	99.0	+	0	0	513I101M772I	1010876 Even4_230106	194562
L	22408	1354	*	*	*	*	*	335550	*
H	22408	101	99.0	+	0	0	498I101M755I	1010876 Even4_230106	335550
L	39769	1395	*	*	*	*	*	199422	*
H	39769	101	99.0	+	0	0	519I101M775I	1010876 Even4_230106	199422
L	42816	1398	*	*	*	*	*	183162	*
H	42816	101	99.0	+	0	0	526I101M771I	1010876 Even4_230106	183162
L	79075	1406	*	*	*	*	*	4298205	*
H	79075	101	98.0	+	0	0	474I101M831I	1022184 Even4_49960	4298205
L	64959	1365	*	*	*	*	*	2582263	*
H	64959	101	98.0	+	0	0	485I101M779I	1022184 Even4_49960	2582263
L	47366	1436	*	*	*	*	*	148620	*
H	47366	101	97.0	+	0	0	500I101M835I	1022184 Even4_49960	148620
L	18092	1380	*	*	*	*	*	441019	*
H	18092	101	98.0	+	0	0	472I101M807I	1022184 Even4_49960	441019
L	73428	1419	*	*	*	*	*	665978	*
H	73428	101	98.0	+	0	0	457I72M7I29M854I	1022184 Even4_49960	665978
L	66446	1425	*	*	*	*	*	1028632	*
H	66446	101	99.0	+	0	0	500I101M824I	1028632 Even1_292640	1028632
L	64129	1463	*	*	*	*	*	691423	*
H	64129	101	98.0	+	0	0	504I101M858I	1028632 Even1_292640	691423
L	55530	1421	*	*	*	*	*	9727	*
H	55530	101	99.0	+	0	0	473I101M847I	1028632 Even1_292640	9727
L	29555	1400	*	*	*	*	*	281015	*
H	29555	101	99.0	+	0	0	526I101M773I	1028632 Even1_292640	281015
L	88019	1446	*	*	*	*	*	4391262	*
H	88019	101	98.0	+	0	0	492I101M853I	1028632 Even1_292640	4391262
L	61727	1482	*	*	*	*	*	1135231	*
H	61727	91	97.8	+	0	0	498I91M893I	10298 Even1_109850	1135231
L	36436	1442	*	*	*	*	*	234148	*
H	36436	91	97.8	+	0	0	465I91M886I	10298 Even1_109850	234148
L	82585	1514	*	*	*	*	*	4334501	*
H	82585	91	98.9	+	0	0	513I59MI32M909I	10298 Even1_109850	4334501
L	80180	1419	*	*	*	*	*	4309033	*
H	80180	91	97.8	+	0	0	483I91M845I	10298 Even1_109850	4309033
L	77227	1434	*	*	*	*	*	1116679	*
H	77227	91	98.9	+	0	0	502I91M841I	10298 Even1_109850	1116679
L	38321	1489	*	*	*	*	*	213813	*
H	38321	92	98.9	+	0	0	526I92M871I	103730 Even3_155120	213813
L	20051	1355	*	*	*	*	*	352617	*
H	20051	92	98.9	+	0	0	503I92M760I	103730 Even3_155120	352617
L	57818	1440	*	*	*	*	*	1698008	*
H	57818	92	98.9	+	0	0	491I92M857I	103730 Even3_155120	1698008
L	24518	1360	*	*	*	*	*	320291	*
H	24518	92	98.9	+	0	0	506I92M762I	103730 Even3_155120	320291
L	42039	1382	*	*	*	*	*	187388	*
H	42039	92	98.9	+	0	0	512I92M778I	103730 Even3_155120	187388
L	27521	1382	*	*	*	*	*	299187	*
H	27521	91	97.8	+	0	0	506I91M785I	105411 Even1_92965	299187
L	13829	1365	*	*	*	*	*	545473	*
H	13829	91	97.8	+	0	0	495I91M779I	105411 Even1_92965	545473
L	86127	1439	*	*	*	*	*	4371463	*
H	86127	91	97.8	+	0	0	477I91M871I	105411 Even1_92965	4371463
L	23379	1444	*	*	*	*	*	328466	*
H	23379	91	97.8	+	0	0	482I91M871I	105411 Even1_92965	328466
L	905	1380	*	*	*	*	*	1063126	*
H	905	101	99.0	+	0	0	446I101M833I	1063126 Even1_153	1063126
L	60701	1381	*	*	*	*	*	1105928	*
H	60701	101	97.0	+	0	0	484I101M796I	1063126 Even1_153	1105928
L	94577	1362	*	*	*	*	*	4460263	*
H	94577	101	97.0	+	0	0	431I101M830I	1063126 Even1_153	4460263
N	*	101	*	*	*	*	*	106860 Even4_157910	*
L	24719	1425	*	*	*	*	*	318763	*
H	24719	94	97.9	+	0	0	552I94M779I	1100972 Even4_71280	318763
L	24900	1406	*	*	*	*	*	317522	*
H	24900	94	97.9	+	0	0	533I94M779I	1100972 Even4_71280	317522
L	13965	1474	*	*	*	*	*	544419	*
H	13965	94	97.9	+	0	0	514I94M866I	1100972 Even4_71280	544419
L	5845	1486	*	*	*	*	*	716006	*
H	5845	94	97.9	+	0	0	510I94M882I	1100972 Even4_71280	716006
L	21020	1407	*	*	*	*	*	345575	*
H	21020	94	97.9	+	0	0	533I94M780I	1100972 Even4_71280	345575
L	75608	1500	*	*	*	*	*	1105589	*
H	75608	91	98.9	+	0	0	532I91M877I	1105589 Even1_15233	1105589
L	18271	1488	*	*	*	*	*	419245	*
H	18271	91	97.8	+	0	0	523I91M874I	1105589 Even1_15233	419245
L	40921	1390	*	*	*	*	*	193463	*
H	40921	101	97.0	+	0	0	515I101M774I	1109178 Even1_222032	193463
L	28123	1389	*	*	*	*	*	295370	*
H	28123	101	98.0	+	0	0	514I101M774I	1109178 Even1_222032	295370
L	27050	1390	*	*	*	*	*	301872	*
H	27050	101	98.0	+	0	0	515I101M774I	1109178 Even1_222032	301872
L	77627	1496	*	*	*	*	*	1109297	*
H	77627	91	100.0	+	0	0	517I91M888I	1109297 Even3_14877	1109297
L	22188	1390	*	*	*	*	*	337080	*
H	22188	91	98.9	+	0	0	514I91M785I	1109297 Even3_14877	337080
L	44047	1390	*	*	*	*	*	176722	*
H	44047	91	98.9	+	0	0	515I91M784I	1109297 Even3_14877	176722
L	42672	1390	*	*	*	*	*	183855	*
H	42672	91	98.9	+	0	0	515I91M784I	1109297 Even3_14877	183855
L	41763	1392	*	*	*	*	*	188974	*
H	41763	91	97.8	+	0	0	517I91M784I	1109297 Even3_14877	188974
L	102	1495	*	*	*	*	*	1110402	*
H	102	101	97.0	+	0	0	524I101M870I	1110402 Even3_207777	1110402
N	*	91	*	*	*	*	*	1111921 Even4_275520	*
L	7341	1499	*	*	*	*	*	610462	*
H	7341	101	100.0	+	0	0	524I101M874I	1116679 Even1_1	610462
H	77227	101	100.0	+	0	0	502I101M831I	1116679 Even1_1	1116679
L	60528	1460	*	*	*	*	*	825989	*
H	60528	101	99.0	+	0	0	527I101M832I	1116679 Even1_1	825989
L	16022	1358	*	*	*	*	*	525841	*
H	16022	101	99.0	+	0	0	488I101M769I	1116679 Even1_1	525841
L	13133	1419	*	*	*	*	*	550960	*
H	13133	101	99.0	+	0	0	475I101M843I	1116679 Even1_1	550960
L	14821	1498	*	*	*	*	*	538000	*
H	14821	101	99.0	+	0	0	527I101M870I	1123414 Even4_166659	538000
L	82707	1464	*	*	*	*	*	4335746	*
H	82707	101	98.0	+	0	0	506I101M857I	1123414 Even4_166659	4335746
L	5309	1445	*	*	*	*	*	754778	*
H	5309	101	98.0	+	0	0	508I101M836I	1123414 Even4_166659	754778
L	82004	1381	*	*	*	*	*	4328189	*
H	82004	101	99.0	+	0	0	436I101M844I	1123414 Even4_166659	4328189
L	31646	1496	*	*	*	*	*	268101	*
H	31646	101	99.0	+	0	0	518I101M877I	1123414 Even4_166659	268101
L	57045	1518	*	*	*	*	*	1129328	*
H	57045	101	100.0	+	0	0	521I101M896I	1129328 Even3_31156	1129328
H	80180	101	98.0	+	0	0	483I101M835I	1129328 Even3_31156	4309033
L	55509	1506	*	*	*	*	*	10211	*
H	55509	101	99.0	+	0	0	513I101M892I	1129328 Even3_31156	10211
L	55508	1506	*	*	*	*	*	10212	*
H	55508	101	99.0	+	0	0	513I101M892I	1129328 Even3_31156	10212
H	16022	101	99.0	+	0	0	488I101M769I	1129328 Even3_31156	525841
L	66583	1324	*	*	*	*	*	1133172	*
H	66583	101	100.0	+	0	0	370I101M853I	1133172 Even1_330109	1133172
L	20324	1360	*	*	*	*	*	350697	*
H	20324	101	100.0	+	0	0	486I101M773I	1133172 Even1_330109	350697
L	26125	1364	*	*	*	*	*	308502	*
H	26125	101	99.0	+	0	0	486I101M777I	1133172 Even1_330109	308502
L	15210	1464	*	*	*	*	*	534957	*
H	15210	101	98.0	+	0	0	488I101M875I	1133172 Even1_330109	534957
L	13544	1330	*	*	*	*	*	547714	*
H	13544	101	99.0	+	0	0	468I101M761I	1133172 Even1_330109	547714
L	76200	1423	*	*	*	*	*	3989856	*
H	76200	101	98.0	+	0	0	508I101M814I	1134151 Even4_7378	3989856
L	66719	1494	*	*	*	*	*	1134151	*
H	66719	101	99.0	+	0	0	528I101M865I	1134151 Even4_7378	1134151
L	67145	1495	*	*	*	*	*	1135130	*
H	67145	101	98.0	+	0	0	529I101M865I	1134151 Even4_7378	1135130
L	43037	1396	*	*	*	*	*	182052	*
H	43037	101	97.0	+	0	0	526I101M769I	1134151 Even4_7378	182052
L	76396	1431	*	*	*	*	*	4008675	*
H	76396	101	97.0	+	0	0	499I101M831I	1134151 Even4_7378	4008675
L	51811	1361	*	*	*	*	*	100027	*
H	51811	92	100.0	+	0	0	471I92M798I	1134377 Even4_79940	100027
L	15217	1399	*	*	*	*	*	534898	*
H	15217	92	100.0	+	0	0	483I92M824I	1134377 Even4_79940	534898
L	85004	1411	*	*	*	*	*	4359731	*
H	85004	92	98.9	+	0	0	476I38MD53M844I	1134377 Even4_79940	4359731
L	51743	1354	*	*	*	*	*	100650	*
H	51743	92	100.0	+	0	0	468I92M794I	1134377 Even4_79940	100650
L	14672	1505	*	*	*	*	*	539107	*
H	14672	92	100.0	+	0	0	518I92M895I	1134377 Even4_79940	539107
H	77227	101	97.0	+	0	0	502I101M831I	1135231 Even4_27891	1116679
L	66087	1381	*	*	*	*	*	1122622	*
H	66087	101	97.0	+	0	0	466I101M814I	1135231 Even4_27891	1122622
H	51743	101	97.0	+	0	0	468I101M785I	1135231 Even4_27891	100650
H	13133	101	97.0	+	0	0	475I101M843I	1135231 Even4_27891	550960
H	55509	101	97.0	+	0	0	513I101M892I	1135231 Even4_27891	10211
L	36359	1499	*	*	*	*	*	235262	*
H	36359	101	99.0	+	0	0	487I101M911I	1142029 Even3_26	235262
L	53078	1402	*	*	*	*	*	72820	*
H	53078	101	99.0	+	0	0	496I101M805I	1142029 Even3_26	72820
L	53234	1405	*	*	*	*	*	69933	*
H	53234	101	100.0	+	0	0	501I101M803I	1142029 Even3_26	69933
L	62902	1515	*	*	*	*	*	825808	*
H	62902	101	100.0	+	0	0	505I101M909I	1142029 Even3_26	825808
L	64823	1433	*	*	*	*	*	824876	*
H	64823	101	99.0	+	0	0	420I101M912I	1142029 Even3_26	824876
L	49738	1363	*	*	*	*	*	123510	*
H	49738	101	100.0	+	0	0	349I101M913I	123510 Even3_51671	123510
L	12967	1454	*	*	*	*	*	552376	*
H	12967	101	99.0	+	0	0	515I101M838I	123510 Even3_51671	552376
L	39261	1360	*	*	*	*	*	203579	*
H	39261	101	99.0	+	0	0	471I101M788I	123510 Even3_51671	203579
L	80354	1518	*	*	*	*	*	4311208	*
H	80354	101	98.0	+	0	0	541I101M876I	123510 Even3_51671	4311208
L	39107	1507	*	*	*	*	*	205417	*
H	39107	101	99.0	+	0	0	526I101M880I	123510 Even3_51671	205417
L	7082	1406	*	*	*	*	*	628226	*
H	7082	101	99.0	+	0	0	480I101M825I	130402 Even3_36559	628226
H	13544	101	99.0	+	0	0	468I101M761I	130402 Even3_36559	547714
L	7385	1507	*	*	*	*	*	606927	*
H	7385	101	99.0	+	0	0	497I101M909I	130402 Even3_36559	606927
L	49547	1363	*	*	*	*	*	130402	*
H	49547	101	99.0	+	0	0	466I101M796I	130402 Even3_36559	130402
H	26125	101	99.0	+	0	0	486I101M777I	130402 Even3_36559	308502
L	65865	1434	*	*	*	*	*	2686369	*
H	65865	101	97.0	+	0	0	475I101M858I	130773 Even3_224783	2686369
L	49443	1475	*	*	*	*	*	132041	*
H	49443	101	100.0	+	0	0	509I101M865I	132041 Even4_100834	132041
H	64823	101	98.0	+	0	0	420I101M912I	132041 Even4_100834	824876
L	12090	1381	*	*	*	*	*	559527	*
H	12090	101	99.0	+	0	0	503I101M777I	132041 Even4_100834	559527
L	18724	1369	*	*	*	*	*	370225	*
H	18724	101	99.0	+	0	0	505I101M763I	132041 Even4_100834	370225
L	91378	1527	*	*	*	*	*	4426298	*
H	91378	101	97.0	+	0	0	514I101M912I	132041 Even4_100834	4426298
L	43720	1385	*	*	*	*	*	178447	*
H	43720	101	99.0	+	0	0	513I101M771I	134174 Even3_173412	178447
L	40773	1393	*	*	*	*	*	194215	*
H	40773	101	99.0	+	0	0	524I101M768I	134174 Even3_173412	194215
L	26385	1372	*	*	*	*	*	306633	*
H	26385	101	99.0	+	0	0	504I101M767I	134174 Even3_173412	306633
L	40751	1388	*	*	*	*	*	194326	*
H	40751	101	98.0	+	0	0	514I101M773I	134174 Even3_173412	194326
L	40754	1378	*	*	*	*	*	194320	*
H	40754	101	98.0	+	0	0	509I101M768I	134174 Even3_173412	194320
L	38496	1493	*	*	*	*	*	211761	*
H	38496	85	98.8	+	0	0	526I85M882I	134762 Even4_81315	211761
L	31291	1403	*	*	*	*	*	270051	*
H	31291	85	98.8	+	0	0	526I85M792I	134762 Even4_81315	270051
L	22931	1383	*	*	*	*	*	331720	*
H	22931	85	98.8	+	0	0	521I85M777I	134762 Even4_81315	331720
L	24016	1380	*	*	*	*	*	324013	*
H	24016	85	98.8	+	0	0	523I85M772I	134762 Even4_81315	324013
L	33055	1398	*	*	*	*	*	259293	*
H	33055	85	98.8	+	0	0	525I85M788I	134762 Even4_81315	259293
L	9246	1410	*	*	*	*	*	581339	*
H	9246	101	100.0	+	0	0	482I101M827I	139137 Even3_150039	581339
L	87407	1447	*	*	*	*	*	4385067	*
H	87407	101	100.0	+	0	0	502I101M844I	139137 Even3_150039	4385067
L	3834	1452	*	*	*	*	*	818603	*
H	3834	101	100.0	+	0	0	537I73M3I28M811I	139137 Even3_150039	818603
L	3970	1472	*	*	*	*	*	816470	*
H	3970	101	100.0	+	0	0	513I101M858I	139137 Even3_150039	816470
L	48835	1504	*	*	*	*	*	137961	*
H	48835	101	100.0	+	0	0	530I101M873I	139137 Even3_150039	137961
L	43765	1391	*	*	*	*	*	178173	*
H	43765	101	97.0	+	0	0	515I101M775I	144395 Even1_12001	178173
L	23217	1391	*	*	*	*	*	329662	*
H	23217	101	99.0	+	0	0	515I101M775I	144395 Even1_12001	329662
L	40416	1391	*	*	*	*	*	195934	*
H	40416	101	97.0	+	0	0	515I101M775I	144395 Even1_12001	195934
L	44976	1458	*	*	*	*	*	169234	*
H	44976	101	99.0	+	0	0	495I101M862I	144395 Even1_12001	169234
L	43076	1391	*	*	*	*	*	181871	*
H	43076	101	99.0	+	0	0	515I101M775I	144395 Even1_12001	181871
L	8962	1356	*	*	*	*	*	583398	*
H	8962	80	98.8	+	0	0	496I80M780I	147085 Even4_314011	583398
L	47562	1353	*	*	*	*	*	147085	*
H	47562	80	98.8	+	0	0	495I80M778I	147085 Even4_314011	147085
L	70858	1434	*	*	*	*	*	3301064	*
H	70858	80	98.8	+	0	0	471I80M883I	147085 Even4_314011	3301064
L	21556	1390	*	*	*	*	*	341622	*
H	21556	80	98.8	+	0	0	515I80M795I	147085 Even4_314011	341622
L	87987	1451	*	*	*	*	*	4390966	*
H	87987	80	98.8	+	0	0	485I80M886I	147085 Even4_314011	4390966
L	93919	1404	*	*	*	*	*	4453609	*
H	93919	91	97.8	+	0	0	533I91M780I	148007 Even1_96542	4453609
L	47447	1358	*	*	*	*	*	148007	*
H	47447	91	98.9	+	0	0	506I91M761I	148007 Even1_96542	148007
L	42754	1396	*	*	*	*	*	183480	*
H	42754	91	97.8	+	0	0	525I91M780I	148007 Even1_96542	183480
L	81756	1459	*	*	*	*	*	4325533	*
H	81756	91	97.8	+	0	0	512I91M856I	148007 Even1_96542	4325533
L	43418	1387	*	*	*	*	*	180045	*
H	43418	91	97.8	+	0	0	528I91M768I	148007 Even1_96542	180045
N	*	101	*	*	*	*	*	148987 Even4_14208	*
L	91997	1413	*	*	*	*	*	4432891	*
H	91997	101	97.0	+	0	0	477I101M835I	1517154 Even3_151599	4432891
L	37483	1401	*	*	*	*	*	222043	*
H	37483	101	97.0	+	0	0	524I101M776I	1517154 Even3_151599	222043
H	14821	101	97.0	+	0	0	527I101M870I	1517154 Even3_151599	538000
H	31646	101	97.0	+	0	0	518I101M877I	1517154 Even3_151599	268101
L	12878	1498	*	*	*	*	*	553208	*
H	12878	101	97.0	+	0	0	518I101M879I	1517154 Even3_151599	553208
L	55048	1456	*	*	*	*	*	15458	*
H	55048	101	100.0	+	0	0	484I101M871I	15458 Even1_215612	15458
L	27781	1368	*	*	*	*	*	297525	*
H	27781	101	99.0	+	0	0	533I101M734I	15458 Even1_215612	297525
L	27555	1402	*	*	*	*	*	298988	*
H	27555	101	99.0	+	0	0	533I101M768I	15458 Even1_215612	298988
L	27529	1410	*	*	*	*	*	299151	*
H	27529	101	99.0	+	0	0	533I101M776I	15458 Even1_215612	299151
L	27448	1404	*	*	*	*	*	299659	*
H	27448	101	99.0	+	0	0	533I101M770I	15458 Even1_215612	299659
L	18897	1371	*	*	*	*	*	367215	*
H	18897	101	100.0	+	0	0	511I101M759I	15728 Even3_520	367215
L	55016	1389	*	*	*	*	*	15728	*
H	55016	101	100.0	+	0	0	441I101M847I	15728 Even3_520	15728
L	22336	1430	*	*	*	*	*	336037	*
H	22336	101	97.0	+	0	0	522I101M807I	15728 Even3_520	336037
L	22353	1397	*	*	*	*	*	335941	*
H	22353	101	97.0	+	0	0	434I101M862I	15728 Even3_520	335941
L	95708	1482	*	*	*	*	*	4472240	*
H	95708	101	97.0	+	0	0	521I101M860I	15728 Even3_520	4472240
L	24247	1381	*	*	*	*	*	322137	*
H	24247	101	97.0	+	0	0	506I101M774I	157516 Even1_109226	322137
L	28600	1390	*	*	*	*	*	292216	*
H	28600	101	97.0	+	0	0	515I101M774I	157516 Even1_109226	292216
L	46158	1450	*	*	*	*	*	157772	*
H	46158	101	100.0	+	0	0	498I101M851I	157772 Even1_1492	157772
L	18361	1489	*	*	*	*	*	408513	*
H	18361	101	99.0	+	0	0	516I101M872I	157772 Even1_1492	408513
L	32731	1394	*	*	*	*	*	261209	*
H	32731	101	99.0	+	0	0	521I101M772I	157772 Even1_1492	261209
L	26098	1451	*	*	*	*	*	308759	*
H	26098	101	99.0	+	0	0	498I101M852I	157772 Even1_1492	308759
L	27680	1396	*	*	*	*	*	298163	*
H	27680	101	99.0	+	0	0	527I101M768I	157772 Even1_1492	298163
L	60861	1534	*	*	*	*	*	2066374	*
H	60861	101	97.0	+	0	0	537I101M896I	158581 Even3_361	2066374
L	46141	1455	*	*	*	*	*	157905	*
H	46141	101	98.0	+	0	0	506I101M848I	158581 Even3_361	157905
L	16118	1386	*	*	*	*	*	524661	*
H	16118	101	97.0	+	0	0	521I101M764I	158581 Even3_361	524661
L	46140	1457	*	*	*	*	*	157921	*
H	46140	101	98.0	+	0	0	510I101M846I	158581 Even3_361	157921
L	46010	1453	*	*	*	*	*	158914	*
H	46010	101	97.0	+	0	0	506I101M846I	158581 Even3_361	158914
L	46050	1447	*	*	*	*	*	158625	*
H	46050	101	98.0	+	0	0	495I101M851I	158625 Even1_5045	158625
H	60861	101	97.0	+	0	0	537I101M896I	158711 Even1_127768	2066374
L	60608	1446	*	*	*	*	*	2039020	*
H	60608	101	98.0	+	0	0	501I101M844I	158711 Even1_127768	2039020
L	46039	1422	*	*	*	*	*	158711	*
H	46039	101	98.0	+	0	0	506I101M815I	158711 Even1_127768	158711
H	16118	101	97.0	+	0	0	521I101M764I	158711 Even1_127768	524661
L	35777	1453	*	*	*	*	*	239283	*
H	35777	101	98.0	+	0	0	507I101M845I	158711 Even1_127768	239283
L	16877	1373	*	*	*	*	*	514974	*
H	16877	101	99.0	+	0	0	528I101M744I	158967 Even1_79106	514974
L	16275	1394	*	*	*	*	*	522595	*
H	16275	101	98.0	+	0	0	522I101M771I	158967 Even1_79106	522595
L	27623	1392	*	*	*	*	*	298545	*
H	27623	101	99.0	+	0	0	522I101M769I	158967 Even1_79106	298545
L	29158	1396	*	*	*	*	*	288889	*
H	29158	101	97.0	+	0	0	524I101M771I	158967 Even1_79106	288889
L	22952	1396	*	*	*	*	*	331562	*
H	22952	101	99.0	+	0	0	525I101M770I	158967 Even1_79106	331562
L	45632	1564	*	*	*	*	*	161579	*
H	45632	101	100.0	+	0	0	547I101M916I	161579 Even1_114	161579
L	55199	1424	*	*	*	*	*	13900	*
H	55199	101	98.0	+	0	0	438I101M885I	161579 Even1_114	13900
L	62461	1466	*	*	*	*	*	1130818	*
H	62461	101	99.0	+	0	0	591I101M774I	161579 Even1_114	1130818
L	81425	1668	*	*	*	*	*	4321932	*
H	81425	101	99.0	+	0	0	651I101M916I	161579 Even1_114	4321932
L	10336	1367	*	*	*	*	*	573107	*
H	10336	101	98.0	+	0	0	452I82MI19M813I	161579 Even1_114	573107
N	*	101	*	*	*	*	*	162491 Even4_13882	*
L	55528	1476	*	*	*	*	*	9819	*
H	55528	101	97.0	+	0	0	503I101M872I	166268 Even4_3512	9819
H	37483	101	97.0	+	0	0	524I101M776I	166268 Even4_3512	222043
H	91997	101	97.0	+	0	0	477I101M835I	166268 Even4_3512	4432891
H	12878	101	97.0	+	0	0	518I101M879I	166268 Even4_3512	553208
H	82004	101	97.0	+	0	0	436I101M844I	166268 Even4_3512	4328189
L	45156	1458	*	*	*	*	*	167187	*
H	45156	101	100.0	+	0	0	515I101M842I	167187 Even4_74487	167187
L	19128	1353	*	*	*	*	*	363064	*
H	19128	101	99.0	+	0	0	487I101M765I	167187 Even4_74487	363064
L	43737	1390	*	*	*	*	*	178332	*
H	43737	101	98.0	+	0	0	515I101M774I	167187 Even4_74487	178332
L	25481	1357	*	*	*	*	*	313086	*
H	25481	101	99.0	+	0	0	499I101M757I	167187 Even4_74487	313086
L	19120	1399	*	*	*	*	*	363232	*
H	19120	101	99.0	+	0	0	524I101M774I	167187 Even4_74487	363232
L	39156	1492	*	*	*	*	*	204864	*
H	39156	101	97.0	+	0	0	491I101M900I	168031 Even4_57387	204864
H	14672	101	97.0	+	0	0	518I101M886I	168031 Even4_57387	539107
L	14842	1532	*	*	*	*	*	537871	*
H	14842	101	97.0	+	0	0	526I101M905I	168031 Even4_57387	537871
H	15217	101	97.0	+	0	0	483I101M815I	168031 Even4_57387	534898
L	59270	1504	*	*	*	*	*	1134377	*
H	59270	101	97.0	+	0	0	514I101M889I	168031 Even4_57387	1134377
L	46025	1454	*	*	*	*	*	158820	*
H	46025	101	97.0	+	0	0	507I101M846I	1698008 Even3_3336	158820
L	10555	1489	*	*	*	*	*	571458	*
H	10555	101	98.0	+	0	0	526I101M862I	1698008 Even3_3336	571458
L	35935	1449	*	*	*	*	*	238218	*
H	35935	101	97.0	+	0	0	505I101M843I	1698008 Even3_3336	238218
L	46134	1451	*	*	*	*	*	157970	*
H	46134	101	97.0	+	0	0	506I101M844I	1698008 Even3_3336	157970
L	46216	1452	*	*	*	*	*	157396	*
H	46216	101	97.0	+	0	0	507I101M844I	1698008 Even3_3336	157396
L	42823	1387	*	*	*	*	*	183139	*
H	42823	101	98.0	+	0	0	515I101M771I	170561 Even3_195733	183139
L	21391	1361	*	*	*	*	*	342844	*
H	21391	101	98.0	+	0	0	495I101M765I	170561 Even3_195733	342844
L	39985	1393	*	*	*	*	*	198252	*
H	39985	101	97.0	+	0	0	517I101M775I	170561 Even3_195733	198252
L	30537	1392	*	*	*	*	*	274744	*
H	30537	101	100.0	+	0	0	518I101M773I	171532 Even1_586	274744
L	41301	1390	*	*	*	*	*	191412	*
H	41301	101	100.0	+	0	0	514I101M775I	171532 Even1_586	191412
L	26344	1388	*	*	*	*	*	307012	*
H	26344	101	100.0	+	0	0	519I101M768I	171532 Even1_586	307012
L	20606	1383	*	*	*	*	*	348748	*
H	20606	101	100.0	+	0	0	519I101M763I	171532 Even1_586	348748
L	30079	1394	*	*	*	*	*	277443	*
H	30079	101	100.0	+	0	0	519I101M774I	171532 Even1_586	277443
N	*	101	*	*	*	*	*	171718 Even4_215048	*
L	58003	1436	*	*	*	*	*	1721299	*
H	58003	101	100.0	+	0	0	495I101M840I	1721299 Even4_23233	1721299
L	65869	1449	*	*	*	*	*	2686590	*
H	65869	101	98.0	+	0	0	493I101M855I	1721299 Even4_23233	2686590
L	71392	1438	*	*	*	*	*	3366133	*
H	71392	101	99.0	+	0	0	486I101M851I	1721299 Even4_23233	3366133
L	41404	1390	*	*	*	*	*	190902	*
H	41404	101	99.0	+	0	0	515I101M774I	1721299 Even4_23233	190902
L	20067	1392	*	*	*	*	*	352529	*
H	20067	101	99.0	+	0	0	515I101M776I	1721299 Even4_23233	352529
L	44675	1458	*	*	*	*	*	172705	*
H	44675	101	99.0	+	0	0	494I101M863I	172705 Even3_101284	172705
L	67451	1430	*	*	*	*	*	2876801	*
H	67451	101	100.0	+	0	0	490I101M839I	1733364 Even4_168872	2876801
L	76589	1440	*	*	*	*	*	4029584	*
H	76589	101	99.0	+	0	0	505I101M834I	1733364 Even4_168872	4029584
L	40362	1397	*	*	*	*	*	196219	*
H	40362	101	100.0	+	0	0	525I101M771I	1733364 Even4_168872	196219
L	40958	1395	*	*	*	*	*	193233	*
H	40958	101	100.0	+	0	0	525I101M769I	1733364 Even4_168872	193233
L	92478	1436	*	*	*	*	*	4437814	*
H	92478	101	100.0	+	0	0	492I101M843I	1733364 Even4_168872	4437814
L	62639	1433	*	*	*	*	*	2280817	*
H	62639	101	100.0	+	0	0	490I101M842I	173565 Even4_139	2280817
L	92339	1377	*	*	*	*	*	4436552	*
H	92339	101	100.0	+	0	0	523I101M753I	173565 Even4_139	4436552
L	28287	1387	*	*	*	*	*	294270	*
H	28287	101	100.0	+	0	0	523I101M763I	173565 Even4_139	294270
L	27154	1399	*	*	*	*	*	301253	*
H	27154	101	100.0	+	0	0	528I101M770I	173565 Even4_139	301253
L	89440	1438	*	*	*	*	*	4406684	*
H	89440	101	100.0	+	0	0	493I101M844I	173565 Even4_139	4406684
L	26006	1381	*	*	*	*	*	309480	*
H	26006	101	97.0	+	0	0	504I101M776I	173945 Even1_49846	309480
H	44047	101	98.0	+	0	0	515I101M774I	173945 Even1_49846	176722
L	41873	1391	*	*	*	*	*	188321	*
H	41873	101	98.0	+	0	0	515I101M775I	173945 Even1_49846	188321
L	41801	1389	*	*	*	*	*	188818	*
H	41801	101	98.0	+	0	0	515I101M773I	173945 Even1_49846	188818
L	44169	1393	*	*	*	*	*	175978	*
H	44169	101	98.0	+	0	0	515I101M777I	173945 Even1_49846	175978
L	44458	1391	*	*	*	*	*	174415	*
H	44458	101	100.0	+	0	0	515I101M775I	174415 Even1_197842	174415
L	43651	1390	*	*	*	*	*	178770	*
H	43651	101	100.0	+	0	0	515I101M774I	174415 Even1_197842	178770
L	44005	1391	*	*	*	*	*	176955	*
H	44005	101	99.0	+	0	0	515I101M775I	174415 Even1_197842	176955
L	41937	1376	*	*	*	*	*	187980	*
H	41937	101	99.0	+	0	0	514I101M761I	174415 Even1_197842	187980
L	42146	1392	*	*	*	*	*	186858	*
H	42146	101	99.0	+	0	0	515I101M776I	174415 Even1_197842	186858
L	40775	1393	*	*	*	*	*	194201	*
H	40775	94	97.9	+	0	0	515I94M784I	174588 Even1_319412	194201
L	24772	1369	*	*	*	*	*	318396	*
H	24772	94	98.9	+	0	0	515I94M760I	174588 Even1_319412	318396
L	38416	1481	*	*	*	*	*	212634	*
H	38416	94	97.9	+	0	0	503I94M884I	174588 Even1_319412	212634
L	43793	1389	*	*	*	*	*	178018	*
H	43793	94	97.9	+	0	0	513I94M782I	174588 Even1_319412	178018
L	71633	1441	*	*	*	*	*	3398712	*
H	71633	94	98.9	+	0	0	485I94M862I	174588 Even1_319412	3398712
L	41675	1396	*	*	*	*	*	189406	*
H	41675	101	98.0	+	0	0	524I101M771I	174770 Even4_107269	189406
L	30958	1398	*	*	*	*	*	272188	*
H	30958	101	98.0	+	0	0	526I101M771I	174770 Even4_107269	272188
L	22221	1375	*	*	*	*	*	336810	*
H	22221	101	98.0	+	0	0	503I101M771I	174770 Even4_107269	336810
L	21942	1378	*	*	*	*	*	338796	*
H	21942	101	98.0	+	0	0	506I101M771I	174770 Even4_107269	338796
L	32097	1394	*	*	*	*	*	265030	*
H	32097	101	97.0	+	0	0	517I101M776I	174770 Even4_107269	265030
L	16098	1398	*	*	*	*	*	524891	*
H	16098	101	100.0	+	0	0	527I101M770I	174831 Even1_176557	524891
L	28636	1401	*	*	*	*	*	292041	*
H	28636	101	100.0	+	0	0	528I101M772I	174831 Even1_176557	292041
L	44370	1398	*	*	*	*	*	174831	*
H	44370	101	100.0	+	0	0	528I101M769I	174831 Even1_176557	174831
L	42572	1403	*	*	*	*	*	184464	*
H	42572	101	100.0	+	0	0	528I101M774I	174831 Even1_176557	184464
L	16746	1400	*	*	*	*	*	516464	*
H	16746	101	100.0	+	0	0	528I101M771I	174831 Even1_176557	516464
L	44369	1389	*	*	*	*	*	174840	*
H	44369	101	97.0	+	0	0	514I101M774I	174840 Even4_1370	174840
L	40262	1393	*	*	*	*	*	196787	*
H	40262	101	97.0	+	0	0	518I101M774I	174840 Even4_1370	196787
L	42720	1377	*	*	*	*	*	183653	*
H	42720	101	97.0	+	0	0	502I101M774I	174840 Even4_1370	183653
L	57043	1453	*	*	*	*	*	1607319	*
H	57043	101	100.0	+	0	0	485I101M867I	174998 Even4_15	1607319
L	78260	1448	*	*	*	*	*	4245940	*
H	78260	101	99.0	+	0	0	494I101M853I	174998 Even4_15	4245940
L	85374	1445	*	*	*	*	*	4363554	*
H	85374	101	100.0	+	0	0	486I101M858I	174998 Even4_15	4363554
L	42210	1394	*	*	*	*	*	186471	*
H	42210	101	100.0	+	0	0	519I101M774I	174998 Even4_15	186471
L	75187	1435	*	*	*	*	*	3855886	*
H	75187	101	100.0	+	0	0	474I101M860I	174998 Even4_15	3855886
L	44316	1395	*	*	*	*	*	175145	*
H	44316	101	99.0	+	0	0	519I101M775I	175145 Even3_35275	175145
L	43365	1378	*	*	*	*	*	180312	*
H	43365	101	98.0	+	0	0	503I101M774I	175145 Even3_35275	180312
L	40148	1397	*	*	*	*	*	197334	*
H	40148	101	98.0	+	0	0	519I101M777I	175145 Even3_35275	197334
L	44528	1383	*	*	*	*	*	174010	*
H	44528	101	98.0	+	0	0	514I101M768I	175145 Even3_35275	174010
L	85078	1429	*	*	*	*	*	4360486	*
H	85078	101	98.0	+	0	0	482I101M846I	175145 Even3_35275	4360486
L	41441	1376	*	*	*	*	*	190649	*
H	41441	101	97.0	+	0	0	507I101M768I	175148 Even3_5868	190649
L	44315	1373	*	*	*	*	*	175148	*
H	44315	101	99.0	+	0	0	501I101M771I	175148 Even3_5868	175148
H	26385	101	97.0	+	0	0	504I101M767I	175148 Even3_5868	306633
H	43720	101	97.0	+	0	0	513I101M771I	175148 Even3_5868	178447
H	40773	101	97.0	+	0	0	524I101M768I	175148 Even3_5868	194215
L	44312	1391	*	*	*	*	*	175168	*
H	44312	101	100.0	+	0	0	516I101M774I	175168 Even3_833	175168
L	61151	1451	*	*	*	*	*	2101287	*
H	61151	101	99.0	+	0	0	488I101M862I	175168 Even3_833	2101287
L	61813	1451	*	*	*	*	*	2185268	*
H	61813	101	99.0	+	0	0	492I101M858I	175168 Even3_833	2185268
H	24772	101	99.0	+	0	0	515I101M753I	175168 Even3_833	318396
L	40246	1392	*	*	*	*	*	196893	*
H	40246	101	99.0	+	0	0	517I101M774I	175168 Even3_833	196893
L	23468	1395	*	*	*	*	*	327826	*
H	23468	101	99.0	+	0	0	519I101M775I	175367 Even4_947	327826
L	57681	1495	*	*	*	*	*	828333	*
H	57681	101	99.0	+	0	0	517I101M877I	175367 Even4_947	828333
L	23524	1396	*	*	*	*	*	327401	*
H	23524	101	99.0	+	0	0	520I101M775I	175367 Even4_947	327401
L	43169	1396	*	*	*	*	*	181344	*
H	43169	101	99.0	+	0	0	519I101M776I	175367 Even4_947	181344
L	42815	1391	*	*	*	*	*	183163	*
H	42815	101	99.0	+	0	0	516I101M774I	175367 Even4_947	183163
L	25172	1390	*	*	*	*	*	315462	*
H	25172	101	97.0	+	0	0	515I101M774I	175474 Even4_187891	315462
L	54059	1453	*	*	*	*	*	43159	*
H	54059	101	98.0	+	0	0	515I101M837I	175474 Even4_187891	43159
L	44231	1398	*	*	*	*	*	175612	*
H	44231	101	100.0	+	0	0	515I101M782I	175612 Even1_68294	175612
L	17966	1491	*	*	*	*	*	454363	*
H	17966	101	100.0	+	0	0	515I101M875I	175612 Even1_68294	454363
L	56983	1354	*	*	*	*	*	913091	*
H	56983	101	97.0	+	0	0	497I101M756I	175612 Even1_68294	913091
L	24664	1393	*	*	*	*	*	319197	*
H	24664	101	98.0	+	0	0	518I101M774I	175612 Even1_68294	319197
L	44276	1380	*	*	*	*	*	175367	*
H	44276	101	98.0	+	0	0	505I101M774I	175612 Even1_68294	175367
L	86371	1438	*	*	*	*	*	4374204	*
H	86371	101	99.0	+	0	0	488I101M849I	176080 Even4_65783	4374204
L	78575	1447	*	*	*	*	*	4281639	*
H	78575	101	99.0	+	0	0	485I101M861I	176080 Even4_65783	4281639
L	91149	1445	*	*	*	*	*	4424063	*
H	91149	101	99.0	+	0	0	486I101M858I	176080 Even4_65783	4424063
L	86376	1435	*	*	*	*	*	4374302	*
H	86376	101	99.0	+	0	0	488I101M846I	176080 Even4_65783	4374302
L	63212	1441	*	*	*	*	*	2354022	*
H	63212	101	99.0	+	0	0	482I101M858I	176080 Even4_65783	2354022
L	44136	1408	*	*	*	*	*	176154	*
H	44136	101	98.0	+	0	0	532I101M775I	176154 Even4_166918	176154
L	42301	1399	*	*	*	*	*	185974	*
H	42301	101	98.0	+	0	0	524I101M774I	176154 Even4_166918	185974
L	41147	1409	*	*	*	*	*	192206	*
H	41147	101	98.0	+	0	0	533I101M775I	176154 Even4_166918	192206
L	42879	1402	*	*	*	*	*	182893	*
H	42879	101	98.0	+	0	0	527I101M774I	176154 Even4_166918	182893
L	42766	1407	*	*	*	*	*	183446	*
H	42766	101	97.0	+	0	0	531I101M775I	176154 Even4_166918	183446
L	44111	1391	*	*	*	*	*	176297	*
H	44111	101	100.0	+	0	0	516I101M774I	176297 Even4_48003	176297
L	39908	1393	*	*	*	*	*	198696	*
H	39908	101	99.0	+	0	0	517I101M775I	176297 Even4_48003	198696
L	40947	1391	*	*	*	*	*	193312	*
H	40947	101	99.0	+	0	0	517I101M773I	176297 Even4_48003	193312
L	19462	1345	*	*	*	*	*	357412	*
H	19462	101	99.0	+	0	0	482I101M762I	176297 Even4_48003	357412
L	63102	1444	*	*	*	*	*	2341726	*
H	63102	101	99.0	+	0	0	480I101M863I	176297 Even4_48003	2341726
L	44108	1399	*	*	*	*	*	176306	*
H	44108	101	100.0	+	0	0	517I101M781I	176306 Even1_704	176306
L	40674	1390	*	*	*	*	*	194660	*
H	40674	101	100.0	+	0	0	515I101M774I	176306 Even1_704	194660
L	41454	1397	*	*	*	*	*	190605	*
H	41454	101	100.0	+	0	0	521I101M775I	176306 Even1_704	190605
L	43089	1400	*	*	*	*	*	181836	*
H	43089	101	100.0	+	0	0	517I101M782I	176306 Even1_704	181836
L	40575	1390	*	*	*	*	*	195105	*
H	40575	101	100.0	+	0	0	515I101M774I	176306 Even1_704	195105
L	86554	1511	*	*	*	*	*	4376234	*
H	86554	101	99.0	+	0	0	530I101M880I	176468 Even4_10535	4376234
L	52910	1397	*	*	*	*	*	77675	*
H	52910	101	99.0	+	0	0	523I101M773I	176468 Even4_10535	77675
L	15829	1356	*	*	*	*	*	528421	*
H	15829	101	99.0	+	0	0	486I101M769I	176468 Even4_10535	528421
L	52494	1524	*	*	*	*	*	86519	*
H	52494	101	99.0	+	0	0	531I101M892I	176468 Even4_10535	86519
L	52269	1503	*	*	*	*	*	91557	*
H	52269	101	99.0	+	0	0	524I101M878I	176468 Even4_10535	91557
L	42534	1394	*	*	*	*	*	184725	*
H	42534	101	99.0	+	0	0	524I101M769I	176564 Even4_166554	184725
L	39941	1396	*	*	*	*	*	198530	*
H	39941	101	98.0	+	0	0	526I101M769I	176564 Even4_166554	198530
L	83804	1454	*	*	*	*	*	4346374	*
H	83804	101	97.0	+	0	0	501I101M852I	176564 Even4_166554	4346374
L	40039	1395	*	*	*	*	*	197991	*
H	40039	101	98.0	+	0	0	523I101M771I	176564 Even4_166554	197991
L	24495	1354	*	*	*	*	*	320395	*
H	24495	101	98.0	+	0	0	501I101M752I	176564 Even4_166554	320395
L	43891	1392	*	*	*	*	*	177520	*
H	43891	101	100.0	+	0	0	517I101M774I	176690 Even4_13196	177520
L	44052	1394	*	*	*	*	*	176690	*
H	44052	101	100.0	+	0	0	517I101M776I	176690 Even4_13196	176690
L	18716	1372	*	*	*	*	*	370357	*
H	18716	101	100.0	+	0	0	497I101M774I	176690 Even4_13196	370357
L	43000	1390	*	*	*	*	*	182233	*
H	43000	101	99.0	+	0	0	515I101M774I	176690 Even4_13196	182233
L	28071	1348	*	*	*	*	*	295804	*
H	28071	101	99.0	+	0	0	502I101M745I	176690 Even4_13196	295804
L	27357	1389	*	*	*	*	*	300222	*
H	27357	101	97.0	+	0	0	514I101M774I	177055 Even3_7663	300222
L	67059	1461	*	*	*	*	*	2833757	*
H	67059	101	98.0	+	0	0	497I101M863I	177055 Even3_7663	2833757
L	67269	1445	*	*	*	*	*	2854740	*
H	67269	101	98.0	+	0	0	491I101M853I	177055 Even3_7663	2854740
L	22568	1350	*	*	*	*	*	334336	*
H	22568	101	98.0	+	0	0	497I101M752I	177055 Even3_7663	334336
L	21233	1394	*	*	*	*	*	344101	*
H	21233	101	100.0	+	0	0	526I101M767I	177271 Even4_35022	344101
L	22239	1395	*	*	*	*	*	336696	*
H	22239	101	100.0	+	0	0	527I101M767I	177271 Even4_35022	336696
L	43938	1394	*	*	*	*	*	177271	*
H	43938	101	100.0	+	0	0	520I101M773I	177271 Even4_35022	177271
L	36826	1476	*	*	*	*	*	228391	*
H	36826	101	100.0	+	0	0	506I101M869I	177271 Even4_35022	228391
L	41969	1391	*	*	*	*	*	187790	*
H	41969	101	100.0	+	0	0	520I101M770I	177271 Even4_35022	187790
L	43869	1392	*	*	*	*	*	177618	*
H	43869	101	100.0	+	0	0	517I101M774I	177618 Even1_1239	177618
L	42882	1392	*	*	*	*	*	182889	*
H	42882	101	100.0	+	0	0	517I101M774I	177618 Even1_1239	182889
L	40581	1389	*	*	*	*	*	195081	*
H	40581	101	100.0	+	0	0	514I101M774I	177618 Even1_1239	195081
L	40313	1393	*	*	*	*	*	196508	*
H	40313	101	99.0	+	0	0	518I101M774I	177618 Even1_1239	196508
L	90093	1451	*	*	*	*	*	4413619	*
H	90093	101	97.0	+	0	0	492I101M858I	177618 Even1_1239	4413619
L	40999	1398	*	*	*	*	*	193015	*
H	40999	101	97.0	+	0	0	515I101M782I	177702 Even1_11583	193015
L	41037	1388	*	*	*	*	*	192773	*
H	41037	101	97.0	+	0	0	513I101M774I	177702 Even1_11583	192773
L	83492	1434	*	*	*	*	*	4343184	*
H	83492	101	97.0	+	0	0	479I101M854I	177702 Even1_11583	4343184
L	41102	1391	*	*	*	*	*	192396	*
H	41102	101	97.0	+	0	0	515I101M775I	177702 Even1_11583	192396
L	91353	1444	*	*	*	*	*	4426051	*
H	91353	101	97.0	+	0	0	495I101M848I	177702 Even1_11583	4426051
L	22355	1488	*	*	*	*	*	335931	*
H	22355	101	97.0	+	0	0	515I101M872I	178018 Even4_28336	335931
H	43793	101	98.0	+	0	0	513I101M775I	178018 Even4_28336	178018
L	41399	1391	*	*	*	*	*	190921	*
H	41399	101	98.0	+	0	0	516I101M774I	178018 Even4_28336	190921
L	23744	1388	*	*	*	*	*	325910	*
H	23744	101	98.0	+	0	0	517I101M770I	178018 Even4_28336	325910
L	21074	1369	*	*	*	*	*	345172	*
H	21074	101	98.0	+	0	0	515I101M753I	178018 Even4_28336	345172
H	40039	101	99.0	+	0	0	523I101M771I	178148 Even3_166396	197991
L	22784	1360	*	*	*	*	*	332732	*
H	22784	101	99.0	+	0	0	508I101M751I	178148 Even3_166396	332732
L	42052	1401	*	*	*	*	*	187324	*
H	42052	101	99.0	+	0	0	527I101M773I	178148 Even3_166396	187324
H	40958	101	98.0	+	0	0	525I101M769I	178148 Even3_166396	193233
L	63929	1438	*	*	*	*	*	2442708	*
H	63929	101	98.0	+	0	0	505I101M832I	178148 Even3_166396	2442708
H	43651	91	100.0	+	0	0	515I91M784I	178173 Even4_125503	178770
L	10191	1369	*	*	*	*	*	574290	*
H	10191	91	100.0	+	0	0	489I91M789I	178173 Even4_125503	574290
L	45670	1469	*	*	*	*	*	161277	*
H	45670	91	100.0	+	0	0	495I91M883I	178173 Even4_125503	161277
L	45899	1460	*	*	*	*	*	159743	*
H	45899	91	100.0	+	0	0	495I91M874I	178173 Even4_125503	159743
L	40357	1382	*	*	*	*	*	196249	*
H	40357	91	100.0	+	0	0	515I91M776I	178173 Even4_125503	196249
L	90801	1438	*	*	*	*	*	4420408	*
H	90801	101	98.0	+	0	0	490I101M847I	178253 Even1_1313	4420408
L	23633	1355	*	*	*	*	*	326662	*
H	23633	101	97.0	+	0	0	501I101M753I	178253 Even1_1313	326662
L	61268	1496	*	*	*	*	*	1129060	*
H	61268	101	98.0	+	0	0	528I101M867I	178253 Even1_1313	1129060
L	19134	1363	*	*	*	*	*	362997	*
H	19134	101	97.0	+	0	0	505I101M757I	178253 Even1_1313	362997
L	44058	1395	*	*	*	*	*	176660	*
H	44058	101	98.0	+	0	0	525I101M769I	178253 Even1_1313	176660
L	28324	1387	*	*	*	*	*	294022	*
H	28324	101	99.0	+	0	0	515I101M771I	178332 Even3_100022	294022
L	42921	1391	*	*	*	*	*	182656	*
H	42921	101	99.0	+	0	0	515I101M775I	178332 Even3_100022	182656
L	16639	1391	*	*	*	*	*	517797	*
H	16639	101	99.0	+	0	0	515I101M775I	178332 Even3_100022	517797
L	96135	1439	*	*	*	*	*	4476751	*
H	96135	101	99.0	+	0	0	482I101M856I	178332 Even3_100022	4476751
L	42329	1387	*	*	*	*	*	185834	*
H	42329	101	99.0	+	0	0	516I101M770I	178332 Even3_100022	185834
H	43720	101	100.0	+	0	0	513I101M771I	178447 Even3_43	178447
H	40773	101	100.0	+	0	0	524I101M768I	178447 Even3_43	194215
H	26385	101	100.0	+	0	0	504I101M767I	178447 Even3_43	306633
H	40751	101	99.0	+	0	0	514I101M773I	178447 Even3_43	194326
H	40754	101	99.0	+	0	0	509I101M768I	178447 Even3_43	194320
L	43686	1389	*	*	*	*	*	178616	*
H	43686	101	100.0	+	0	0	514I101M774I	178616 Even3_158734	178616
L	23768	1368	*	*	*	*	*	325768	*
H	23768	101	97.0	+	0	0	514I101M753I	178616 Even3_158734	325768
L	42564	1366	*	*	*	*	*	184497	*
H	42564	101	99.0	+	0	0	488I101M777I	178616 Even3_158734	184497
H	40357	101	99.0	+	0	0	515I101M766I	178616 Even3_158734	196249
L	43309	1389	*	*	*	*	*	180577	*
H	43309	101	99.0	+	0	0	514I101M774I	178616 Even3_158734	180577
L	21687	1378	*	*	*	*	*	340642	*
H	21687	90	98.9	+	0	0	501I90M787I	178770 Even4_321000	340642
H	41102	90	98.9	+	0	0	515I90M786I	178770 Even4_321000	192396
L	43920	1387	*	*	*	*	*	177359	*
H	43920	90	98.9	+	0	0	515I90M782I	178770 Even4_321000	177359
H	40357	90	98.9	+	0	0	515I90M777I	178770 Even4_321000	196249
L	92513	1441	*	*	*	*	*	4438090	*
H	92513	90	98.9	+	0	0	487I90M864I	178770 Even4_321000	4438090
L	43609	1392	*	*	*	*	*	178977	*
H	43609	101	99.0	+	0	0	517I101M774I	178977 Even1_118977	178977
L	42959	1400	*	*	*	*	*	182483	*
H	42959	101	99.0	+	0	0	531I101M768I	179018 Even1_11312	182483
L	40197	1402	*	*	*	*	*	197105	*
H	40197	101	99.0	+	0	0	537I101M764I	179018 Even1_11312	197105
L	43402	1403	*	*	*	*	*	180112	*
H	43402	101	99.0	+	0	0	532I101M770I	179018 Even1_11312	180112
L	40890	1400	*	*	*	*	*	193623	*
H	40890	101	99.0	+	0	0	532I101M767I	179018 Even1_11312	193623
L	16889	1393	*	*	*	*	*	514773	*
H	16889	101	98.0	+	0	0	530I101M762I	179018 Even1_11312	514773
H	40773	91	97.8	+	0	0	524I91M778I	179562 Even4_285804	194215
H	26385	91	97.8	+	0	0	504I91M777I	179562 Even4_285804	306633
L	43506	1390	*	*	*	*	*	179562	*
H	43506	91	97.8	+	0	0	513I91M786I	179562 Even4_285804	179562
L	40880	1389	*	*	*	*	*	193679	*
H	40880	91	97.8	+	0	0	514I91M784I	179562 Even4_285804	193679
H	43720	91	97.8	+	0	0	513I91M781I	179562 Even4_285804	178447
L	41611	1385	*	*	*	*	*	189782	*
H	41611	101	100.0	+	0	0	513I101M771I	179760 Even1_14342	189782
L	43459	1389	*	*	*	*	*	179760	*
H	43459	101	100.0	+	0	0	514I101M774I	179760 Even1_14342	179760
H	23744	101	98.0	+	0	0	517I101M770I	179760 Even1_14342	325910
H	42959	101	100.0	+	0	0	531I101M768I	180112 Even3_19	182483
H	40890	101	100.0	+	0	0	532I101M767I	180112 Even3_19	193623
H	43402	101	100.0	+	0	0	532I101M770I	180112 Even3_19	180112
H	40197	101	100.0	+	0	0	537I101M764I	180112 Even3_19	197105
L	40875	1402	*	*	*	*	*	193710	*
H	40875	101	99.0	+	0	0	532I101M769I	180112 Even3_19	193710
L	44365	1373	*	*	*	*	*	174846	*
H	44365	101	100.0	+	0	0	502I101M770I	180285 Even4_25833	174846
L	18980	1371	*	*	*	*	*	365717	*
H	18980	101	100.0	+	0	0	505I101M765I	180285 Even4_25833	365717
L	18972	1354	*	*	*	*	*	365842	*
H	18972	101	100.0	+	0	0	498I101M755I	180285 Even4_25833	365842
L	19802	1341	*	*	*	*	*	354517	*
H	19802	101	100.0	+	0	0	483I101M757I	180285 Even4_25833	354517
L	31989	1470	*	*	*	*	*	265871	*
H	31989	101	100.0	+	0	0	503I101M866I	180285 Even4_25833	265871
L	39856	1397	*	*	*	*	*	198964	*
H	39856	101	100.0	+	0	0	524I101M772I	180405 Even4_87256	198964
H	42301	101	100.0	+	0	0	524I101M774I	180405 Even4_87256	185974
H	42879	101	100.0	+	0	0	527I101M774I	180405 Even4_87256	182893
L	43347	1400	*	*	*	*	*	180405	*
H	43347	101	100.0	+	0	0	524I101M775I	180405 Even4_87256	180405
H	41147	101	98.0	+	0	0	533I101M775I	180405 Even4_87256	192206
L	41004	1389	*	*	*	*	*	192983	*
H	41004	101	97.0	+	0	0	514I101M774I	180414 Even4_4734	192983
L	43345	1390	*	*	*	*	*	180414	*
H	43345	101	99.0	+	0	0	514I101M775I	180414 Even4_4734	180414
L	40505	1388	*	*	*	*	*	195465	*
H	40505	101	99.0	+	0	0	513I101M774I	180414 Even4_4734	195465
L	74710	1451	*	*	*	*	*	3794053	*
H	74710	101	97.0	+	0	0	492I101M858I	180414 Even4_4734	3794053
L	56998	1445	*	*	*	*	*	1602805	*
H	56998	101	98.0	+	0	0	487I101M857I	180414 Even4_4734	1602805
L	18954	1379	*	*	*	*	*	366195	*
H	18954	101	100.0	+	0	0	520I101M758I	180509 Even1_31391	366195
L	43881	1381	*	*	*	*	*	177561	*
H	43881	101	100.0	+	0	0	513I101M767I	180509 Even1_31391	177561
L	41724	1401	*	*	*	*	*	189150	*
H	41724	101	100.0	+	0	0	527I101M773I	180509 Even1_31391	189150
L	18877	1340	*	*	*	*	*	367542	*
H	18877	101	100.0	+	0	0	481I101M758I	180509 Even1_31391	367542
L	40153	1384	*	*	*	*	*	197324	*
H	40153	101	100.0	+	0	0	515I101M768I	180509 Even1_31391	197324
H	10191	101	99.0	+	0	0	489I101M779I	180577 Even4_155769	574290
H	41937	101	99.0	+	0	0	514I101M761I	180577 Even4_155769	187980
L	8590	1360	*	*	*	*	*	586019	*
H	8590	101	99.0	+	0	0	495I101M764I	180577 Even4_155769	586019
L	41633	1387	*	*	*	*	*	189667	*
H	41633	101	99.0	+	0	0	512I101M774I	180577 Even4_155769	189667
L	42922	1391	*	*	*	*	*	182653	*
H	42922	101	99.0	+	0	0	515I101M775I	180577 Even4_155769	182653
L	32870	1399	*	*	*	*	*	260410	*
H	32870	101	100.0	+	0	0	528I101M770I	180606 Even1_166	260410
L	41998	1397	*	*	*	*	*	187623	*
H	41998	101	100.0	+	0	0	527I101M769I	180606 Even1_166	187623
L	61944	1451	*	*	*	*	*	2198356	*
H	61944	101	100.0	+	0	0	504I101M846I	180606 Even1_166	2198356
L	42027	1394	*	*	*	*	*	187443	*
H	42027	101	100.0	+	0	0	523I101M770I	180606 Even1_166	187443
L	26737	1393	*	*	*	*	*	304047	*
H	26737	101	100.0	+	0	0	527I101M765I	180606 Even1_166	304047
L	43919	1393	*	*	*	*	*	177360	*
H	43919	101	98.0	+	0	0	523I101M769I	180834 Even4_11881	177360
L	27859	1379	*	*	*	*	*	297057	*
H	27859	101	98.0	+	0	0	525I101M753I	180834 Even4_11881	297057
L	41506	1399	*	*	*	*	*	190309	*
H	41506	101	97.0	+	0	0	529I101M769I	180834 Even4_11881	190309
L	40912	1400	*	*	*	*	*	193528	*
H	40912	101	99.0	+	0	0	527I101M772I	180834 Even4_11881	193528
L	44245	1391	*	*	*	*	*	175535	*
H	44245	101	97.0	+	0	0	521I101M769I	180834 Even4_11881	175535
L	43196	1394	*	*	*	*	*	181204	*
H	43196	101	99.0	+	0	0	527I101M766I	181204 Even1_577	181204
H	26385	101	99.0	+	0	0	504I101M767I	181204 Even1_577	306633
H	43720	101	99.0	+	0	0	513I101M771I	181204 Even1_577	178447
H	40773	101	99.0	+	0	0	524I101M768I	181204 Even1_577	194215
H	30537	101	98.0	+	0	0	518I101M773I	181344 Even3_167927	274744
H	20606	101	98.0	+	0	0	519I101M763I	181344 Even3_167927	348748
H	23524	101	98.0	+	0	0	520I101M775I	181344 Even3_167927	327401
H	24664	101	98.0	+	0	0	518I101M774I	181344 Even3_167927	319197
L	42809	1389	*	*	*	*	*	183198	*
H	42809	101	98.0	+	0	0	515I101M773I	181344 Even3_167927	183198
N	*	101	*	*	*	*	*	181421 Even4_125485	*
L	43114	1389	*	*	*	*	*	181689	*
H	43114	101	100.0	+	0	0	515I101M773I	181689 Even1_164	181689
L	28254	1332	*	*	*	*	*	294499	*
H	28254	101	97.0	+	0	0	490I101M741I	181689 Even1_164	294499
L	28779	1360	*	*	*	*	*	291254	*
H	28779	101	97.0	+	0	0	486I101M773I	181689 Even1_164	291254
L	19702	1374	*	*	*	*	*	355269	*
H	19702	101	97.0	+	0	0	516I101M757I	181689 Even1_164	355269
L	76879	1409	*	*	*	*	*	4070491	*
H	76879	101	97.0	+	0	0	456I101M852I	181689 Even1_164	4070491
N	*	92	*	*	*	*	*	181719 Even3_309188	*
L	43101	1402	*	*	*	*	*	181756	*
H	43101	96	100.0	+	0	0	517I96M789I	181756 Even1_118565	181756
H	41763	101	100.0	+	0	0	517I101M774I	181871 Even1_5462	188974
L	26938	1362	*	*	*	*	*	302553	*
H	26938	101	100.0	+	0	0	515I101M746I	181871 Even1_5462	302553
H	40313	101	100.0	+	0	0	518I101M774I	181871 Even1_5462	196508
L	22703	1381	*	*	*	*	*	333341	*
H	22703	101	100.0	+	0	0	502I101M778I	181871 Even1_5462	333341
H	43076	101	100.0	+	0	0	515I101M775I	181871 Even1_5462	181871
L	88367	1447	*	*	*	*	*	4395096	*
H	88367	101	98.0	+	0	0	511I101M835I	182157 Even3_25957	4395096
H	42027	101	98.0	+	0	0	523I101M770I	182157 Even3_25957	187443
H	41998	101	98.0	+	0	0	527I101M769I	182157 Even3_25957	187623
L	43306	1389	*	*	*	*	*	180606	*
H	43306	101	98.0	+	0	0	521I101M767I	182157 Even3_25957	180606
L	20462	1402	*	*	*	*	*	349786	*
H	20462	101	98.0	+	0	0	529I101M772I	182157 Even3_25957	349786
L	28869	1374	*	*	*	*	*	290632	*
H	28869	101	97.0	+	0	0	502I101M771I	182428 Even3_194	290632
L	42966	1394	*	*	*	*	*	182428	*
H	42966	101	99.0	+	0	0	517I101M776I	182428 Even3_194	182428
L	27496	1369	*	*	*	*	*	299326	*
H	27496	101	97.0	+	0	0	502I101M766I	182428 Even3_194	299326
L	29344	1390	*	*	*	*	*	287645	*
H	29344	101	97.0	+	0	0	515I101M774I	182428 Even3_194	287645
L	41630	1390	*	*	*	*	*	189679	*
H	41630	101	98.0	+	0	0	514I101M775I	182428 Even3_194	189679
L	42944	1393	*	*	*	*	*	182569	*
H	42944	90	97.8	+	0	0	523I90M780I	182569 Even3_84662	182569
H	92513	84	98.8	+	0	0	487I84M870I	182653 Even4_116661	4438090
L	28343	1389	*	*	*	*	*	293886	*
H	28343	84	97.6	+	0	0	513I84M792I	182653 Even4_116661	293886
L	88026	1444	*	*	*	*	*	4391326	*
H	88026	84	98.8	+	0	0	496I84M864I	182653 Even4_116661	4391326
H	45670	84	98.8	+	0	0	495I84M890I	182653 Even4_116661	161277
L	73775	1431	*	*	*	*	*	3682570	*
H	73775	84	98.8	+	0	0	483I84M864I	182653 Even4_116661	3682570
L	78374	1437	*	*	*	*	*	4256470	*
H	78374	91	100.0	+	0	0	511I91M835I	182874 Even3_4196	4256470
H	32870	91	100.0	+	0	0	528I91M780I	182874 Even3_4196	260410
L	56111	1494	*	*	*	*	*	1992	*
H	56111	91	100.0	+	0	0	522I91M881I	182874 Even3_4196	1992
L	88366	1427	*	*	*	*	*	4395075	*
H	88366	91	100.0	+	0	0	503I91M833I	182874 Even3_4196	4395075
H	88367	91	100.0	+	0	0	511I91M845I	182874 Even3_4196	4395096
L	59503	1406	*	*	*	*	*	1904497	*
H	59503	101	97.0	+	0	0	465I101M840I	182891 Even4_282267	1904497
L	92147	1413	*	*	*	*	*	4434334	*
H	92147	101	97.0	+	0	0	463I101M849I	182891 Even4_282267	4434334
L	13034	1297	*	*	*	*	*	551822	*
H	13034	101	97.0	+	0	0	307I101M889I	182891 Even4_282267	551822
L	41562	1390	*	*	*	*	*	190003	*
H	41562	101	97.0	+	0	0	516I101M773I	182891 Even4_282267	190003
L	40675	1389	*	*	*	*	*	194659	*
H	40675	101	97.0	+	0	0	514I101M774I	182891 Even4_282267	194659
L	42000	1389	*	*	*	*	*	187607	*
H	42000	101	99.0	+	0	0	517I101M771I	183039 Even3_136265	187607
L	78351	1444	*	*	*	*	*	4254528	*
H	78351	101	99.0	+	0	0	484I101M859I	183039 Even3_136265	4254528
L	41164	1389	*	*	*	*	*	192093	*
H	41164	101	99.0	+	0	0	514I101M774I	183039 Even3_136265	192093
H	57043	101	99.0	+	0	0	485I101M867I	183039 Even3_136265	1607319
H	78260	101	98.0	+	0	0	494I101M853I	183039 Even3_136265	4245940
L	42842	1393	*	*	*	*	*	183054	*
H	42842	101	97.0	+	0	0	518I101M774I	183054 Even4_198993	183054
L	42887	1374	*	*	*	*	*	182861	*
H	42887	101	100.0	+	0	0	502I101M771I	183089 Even1_851	182861
L	41223	1369	*	*	*	*	*	191797	*
H	41223	101	100.0	+	0	0	500I101M768I	183089 Even1_851	191797
L	28624	1373	*	*	*	*	*	292091	*
H	28624	101	100.0	+	0	0	500I101M772I	183089 Even1_851	292091
L	40253	1390	*	*	*	*	*	196848	*
H	40253	101	100.0	+	0	0	517I101M772I	183089 Even1_851	196848
L	28948	1377	*	*	*	*	*	290211	*
H	28948	101	100.0	+	0	0	508I101M768I	183089 Even1_851	290211
H	42823	101	100.0	+	0	0	515I101M771I	183139 Even3_420	183139
H	21391	101	100.0	+	0	0	495I101M765I	183139 Even3_420	342844
L	53820	1474	*	*	*	*	*	50530	*
H	53820	101	99.0	+	0	0	517I101M856I	183139 Even3_420	50530
L	43489	1402	*	*	*	*	*	179620	*
H	43489	101	99.0	+	0	0	532I101M769I	183161 Even4_68075	179620
L	78789	1379	*	*	*	*	*	4295707	*
H	78789	101	99.0	+	0	0	527I59MI42M750I	183161 Even4_68075	4295707
L	89850	1373	*	*	*	*	*	4410938	*
H	89850	101	98.0	+	0	0	513I101M759I	183161 Even4_68075	4410938
H	42959	101	99.0	+	0	0	531I101M768I	183161 Even4_68075	182483
H	16889	101	99.0	+	0	0	530I101M762I	183161 Even4_68075	514773
L	42693	1370	*	*	*	*	*	183783	*
H	42693	101	98.0	+	0	0	498I101M771I	183783 Even3_106626	183783
L	90961	1436	*	*	*	*	*	4422039	*
H	90961	101	97.0	+	0	0	489I101M846I	183783 Even3_106626	4422039
L	19026	1363	*	*	*	*	*	364926	*
H	19026	92	97.8	+	0	0	505I92M766I	183817 Even4_119985	364926
L	42082	1395	*	*	*	*	*	187178	*
H	42082	92	97.8	+	0	0	525I92M778I	183817 Even4_119985	187178
L	75755	1442	*	*	*	*	*	3929758	*
H	75755	92	97.8	+	0	0	493I92M857I	183817 Even4_119985	3929758
H	42052	92	97.8	+	0	0	527I92M782I	183817 Even4_119985	187324
L	86804	1435	*	*	*	*	*	4378688	*
H	86804	92	97.8	+	0	0	501I92M842I	183817 Even4_119985	4378688
L	40169	1392	*	*	*	*	*	197248	*
H	40169	101	97.0	+	0	0	516I101M775I	183855 Even4_34625	197248
H	86371	101	97.0	+	0	0	488I101M849I	183855 Even4_34625	4374204
L	44538	1392	*	*	*	*	*	173945	*
H	44538	101	97.0	+	0	0	517I101M774I	183855 Even4_34625	173945
H	42672	101	98.0	+	0	0	515I101M774I	183855 Even4_34625	183855
L	43476	1389	*	*	*	*	*	179665	*
H	43476	101	97.0	+	0	0	515I101M773I	183855 Even4_34625	179665
L	42664	1389	*	*	*	*	*	183873	*
H	42664	101	100.0	+	0	0	514I101M774I	183873 Even4_880	183873
L	43316	1391	*	*	*	*	*	180553	*
H	43316	101	98.0	+	0	0	514I101M776I	183873 Even4_880	180553
L	7636	1363	*	*	*	*	*	592866	*
H	7636	101	98.0	+	0	0	487I101M775I	183873 Even4_880	592866
L	42324	1390	*	*	*	*	*	185859	*
H	42324	101	98.0	+	0	0	516I101M773I	183873 Even4_880	185859
L	24669	1390	*	*	*	*	*	319165	*
H	24669	101	97.0	+	0	0	515I101M774I	183873 Even4_880	319165
L	59048	1447	*	*	*	*	*	1848900	*
H	59048	101	100.0	+	0	0	492I101M854I	1848900 Even3_68188	1848900
L	41566	1395	*	*	*	*	*	189987	*
H	41566	101	99.0	+	0	0	517I101M777I	1848900 Even3_68188	189987
L	40964	1392	*	*	*	*	*	193213	*
H	40964	101	99.0	+	0	0	517I101M774I	1848900 Even3_68188	193213
L	45541	1504	*	*	*	*	*	162623	*
H	45541	101	99.0	+	0	0	510I101M893I	1848900 Even3_68188	162623
L	42801	1391	*	*	*	*	*	183224	*
H	42801	101	99.0	+	0	0	517I101M773I	1848900 Even3_68188	183224
L	10589	1521	*	*	*	*	*	571178	*
H	10589	101	98.0	+	0	0	518I101M902I	185088 Even3_55757	571178
L	27265	1387	*	*	*	*	*	300672	*
H	27265	101	98.0	+	0	0	512I101M774I	185088 Even3_55757	300672
L	33729	1438	*	*	*	*	*	254376	*
H	33729	101	98.0	+	0	0	518I101M819I	185088 Even3_55757	254376
L	15570	1392	*	*	*	*	*	531539	*
H	15570	101	98.0	+	0	0	516I101M775I	185088 Even3_55757	531539
L	27292	1347	*	*	*	*	*	300517	*
H	27292	101	98.0	+	0	0	487I101M759I	185088 Even3_55757	300517
L	19366	1372	*	*	*	*	*	359149	*
H	19366	101	98.0	+	0	0	498I101M773I	185232 Even1_69489	359149
L	19317	1351	*	*	*	*	*	359978	*
H	19317	101	98.0	+	0	0	488I101M762I	185232 Even1_69489	359978
H	40148	101	98.0	+	0	0	519I101M777I	185232 Even1_69489	197334
L	43321	1392	*	*	*	*	*	180529	*
H	43321	101	98.0	+	0	0	517I101M774I	185232 Even1_69489	180529
L	43323	1392	*	*	*	*	*	180523	*
H	43323	101	98.0	+	0	0	517I101M774I	185232 Even1_69489	180523
L	44275	1391	*	*	*	*	*	175371	*
H	44275	101	97.0	+	0	0	515I101M775I	185338 Even1_50388	175371
H	21391	101	97.0	+	0	0	495I101M765I	185338 Even1_50388	342844
L	32410	1392	*	*	*	*	*	263207	*
H	32410	101	97.0	+	0	0	515I101M776I	185338 Even1_50388	263207
L	24954	1390	*	*	*	*	*	317073	*
H	24954	101	97.0	+	0	0	515I101M774I	185338 Even1_50388	317073
L	72374	1444	*	*	*	*	*	3486634	*
H	72374	91	97.8	+	0	0	491I91M862I	185730 Even4_158610	3486634
H	46039	91	97.8	+	0	0	506I91M825I	185730 Even4_158610	158711
L	21908	1396	*	*	*	*	*	339013	*
H	21908	101	98.0	+	0	0	527I101M768I	185888 Even1_9580	339013
L	62277	1447	*	*	*	*	*	2237211	*
H	62277	101	98.0	+	0	0	505I101M841I	185888 Even1_9580	2237211
H	43306	101	98.0	+	0	0	521I101M767I	185888 Even1_9580	180606
L	71974	1431	*	*	*	*	*	3439402	*
H	71974	101	98.0	+	0	0	488I101M842I	185888 Even1_9580	3439402
L	43259	1398	*	*	*	*	*	180834	*
H	43259	101	97.0	+	0	0	525I101M772I	185888 Even1_9580	180834
H	88366	92	97.8	+	0	0	503I92M832I	186841 Even3_325403	4395075
H	88367	92	97.8	+	0	0	511I92M844I	186841 Even3_325403	4395096
L	95261	1393	*	*	*	*	*	4467447	*
H	95261	92	97.8	+	0	0	500I92M801I	186841 Even3_325403	4467447
L	66558	1442	*	*	*	*	*	2768843	*
H	66558	92	97.8	+	0	0	491I92M859I	186841 Even3_325403	2768843
L	26115	1361	*	*	*	*	*	308598	*
H	26115	92	97.8	+	0	0	507I92M762I	186841 Even3_325403	308598
L	27558	1355	*	*	*	*	*	298973	*
H	27558	90	98.9	+	0	0	514I90M751I	186858 Even1_180919	298973
H	40416	90	98.9	+	0	0	515I90M786I	186858 Even1_180919	195934
L	41276	1402	*	*	*	*	*	191549	*
H	41276	90	98.9	+	0	0	526I90M786I	186858 Even1_180919	191549
L	42595	1383	*	*	*	*	*	184322	*
H	42595	90	98.9	+	0	0	515I90M778I	186858 Even1_180919	184322
L	40749	1361	*	*	*	*	*	194340	*
H	40749	90	98.9	+	0	0	518I90M753I	186858 Even1_180919	194340
L	49365	1382	*	*	*	*	*	132892	*
H	49365	101	98.0	+	0	0	495I101M786I	186888 Even1_28311	132892
L	21068	1393	*	*	*	*	*	345211	*
H	21068	101	97.0	+	0	0	516I101M776I	186888 Even1_28311	345211
L	75196	1436	*	*	*	*	*	3857424	*
H	75196	101	98.0	+	0	0	482I101M853I	186888 Even1_28311	3857424
L	25963	1378	*	*	*	*	*	309815	*
H	25963	101	97.0	+	0	0	504I101M773I	186888 Even1_28311	309815
L	26885	1392	*	*	*	*	*	302960	*
H	26885	101	98.0	+	0	0	511I101M780I	186888 Even1_28311	302960
L	44057	1391	*	*	*	*	*	176664	*
H	44057	101	99.0	+	0	0	514I101M776I	186906 Even3_73747	176664
H	40964	101	99.0	+	0	0	517I101M774I	186906 Even3_73747	193213
L	44050	1392	*	*	*	*	*	176703	*
H	44050	101	99.0	+	0	0	517I101M774I	186906 Even3_73747	176703
L	42458	1386	*	*	*	*	*	185164	*
H	42458	101	99.0	+	0	0	517I101M768I	186906 Even3_73747	185164
L	22031	1354	*	*	*	*	*	338177	*
H	22031	101	99.0	+	0	0	497I101M756I	186906 Even3_73747	338177
L	42123	1393	*	*	*	*	*	186968	*
H	42123	101	98.0	+	0	0	517I101M775I	186968 Even3_50213	186968
L	13560	1518	*	*	*	*	*	547601	*
H	13560	101	97.0	+	0	0	513I101M904I	186968 Even3_50213	547601
H	41441	101	97.0	+	0	0	507I101M768I	187038 Even3_12219	190649
L	42105	1397	*	*	*	*	*	187038	*
H	42105	101	97.0	+	0	0	525I101M771I	187038 Even3_12219	187038
L	29368	1398	*	*	*	*	*	287510	*
H	29368	101	98.0	+	0	0	532I101M765I	1871227 Even1_98512	287510
L	26660	1394	*	*	*	*	*	304563	*
H	26660	101	98.0	+	0	0	522I101M771I	1871227 Even1_98512	304563
L	23917	1384	*	*	*	*	*	324733	*
H	23917	101	98.0	+	0	0	520I101M763I	1871227 Even1_98512	324733
L	26841	1390	*	*	*	*	*	303221	*
H	26841	101	98.0	+	0	0	523I101M766I	1871227 Even1_98512	303221
L	96557	1358	*	*	*	*	*	4480861	*
H	96557	101	98.0	+	0	0	501I101M756I	1871227 Even1_98512	4480861
L	42088	1398	*	*	*	*	*	187144	*
H	42088	101	100.0	+	0	0	508I101M789I	187144 Even3_465	187144
L	40239	1389	*	*	*	*	*	196932	*
H	40239	101	99.0	+	0	0	514I20MI81M773I	187144 Even3_465	196932
L	21517	1392	*	*	*	*	*	341930	*
H	21517	101	98.0	+	0	0	517I101M774I	187144 Even3_465	341930
L	42319	1397	*	*	*	*	*	185884	*
H	42319	101	98.0	+	0	0	515I101M781I	187144 Even3_465	185884
L	42268	1388	*	*	*	*	*	186131	*
H	42268	101	98.0	+	0	0	513I101M774I	187144 Even3_465	186131
H	42082	101	100.0	+	0	0	525I101M769I	187178 Even1_315077	187178
L	20457	1353	*	*	*	*	*	349809	*
H	20457	101	98.0	+	0	0	501I101M751I	187178 Even1_315077	349809
H	63929	101	99.0	+	0	0	505I101M832I	187178 Even1_315077	2442708
L	42408	1400	*	*	*	*	*	185476	*
H	42408	101	99.0	+	0	0	529I101M770I	187178 Even1_315077	185476
H	44058	101	99.0	+	0	0	525I101M769I	187178 Even1_315077	176660
L	42066	1389	*	*	*	*	*	187248	*
H	42066	101	100.0	+	0	0	514I101M774I	187248 Even1_273036	187248
L	60119	1434	*	*	*	*	*	1972262	*
H	60119	101	98.0	+	0	0	468I101M865I	187248 Even1_273036	1972262
L	61787	1456	*	*	*	*	*	2183213	*
H	61787	101	98.0	+	0	0	485I101M870I	187248 Even1_273036	2183213
L	42584	1389	*	*	*	*	*	184391	*
H	42584	101	99.0	+	0	0	514I101M774I	187248 Even1_273036	184391
L	38118	1492	*	*	*	*	*	216111	*
H	38118	101	98.0	+	0	0	513I101M878I	187248 Even1_273036	216111
L	76272	1442	*	*	*	*	*	3997242	*
H	76272	101	99.0	+	0	0	496I101M845I	187324 Even4_21256	3997242
L	76015	1451	*	*	*	*	*	3963289	*
H	76015	101	98.0	+	0	0	504I101M846I	187324 Even4_21256	3963289
H	32870	101	99.0	+	0	0	528I101M770I	187324 Even4_21256	260410
H	75755	101	99.0	+	0	0	493I101M848I	187324 Even4_21256	3929758
L	42150	1396	*	*	*	*	*	186841	*
H	42150	101	99.0	+	0	0	527I101M768I	187324 Even4_21256	186841
L	66778	1433	*	*	*	*	*	2800178	*
H	66778	101	97.0	+	0	0	499I101M833I	187443 Even1_2275	2800178
L	86626	1423	*	*	*	*	*	4377091	*
H	86626	101	97.0	+	0	0	502I101M820I	187443 Even1_2275	4377091
L	25729	1400	*	*	*	*	*	311482	*
H	25729	101	99.0	+	0	0	527I101M772I	187443 Even1_2275	311482
L	84736	1386	*	*	*	*	*	4356641	*
H	84736	101	97.0	+	0	0	456I101M829I	187443 Even1_2275	4356641
L	65585	1437	*	*	*	*	*	2656868	*
H	65585	101	97.0	+	0	0	485I101M851I	187443 Even1_2275	2656868
H	88367	90	97.8	+	0	0	511I90M846I	187623 Even1_179699	4395096
H	88366	90	97.8	+	0	0	503I90M834I	187623 Even1_179699	4395075
L	87902	1424	*	*	*	*	*	4390319	*
H	87902	90	97.8	+	0	0	508I90M826I	187623 Even1_179699	4390319
L	41286	1393	*	*	*	*	*	191487	*
H	41286	90	97.8	+	0	0	521I90M782I	187623 Even1_179699	191487
L	87601	1444	*	*	*	*	*	4387250	*
H	87601	90	97.8	+	0	0	490I90M864I	187623 Even1_179699	4387250
L	41954	1382	*	*	*	*	*	187882	*
H	41954	101	97.0	+	0	0	515I101M766I	187882 Even3_210007	187882
L	41951	1391	*	*	*	*	*	187894	*
H	41951	101	100.0	+	0	0	517I101M773I	187894 Even3_56478	187894
L	43526	1359	*	*	*	*	*	179472	*
H	43526	101	99.0	+	0	0	517I101M741I	187894 Even3_56478	179472
L	40490	1392	*	*	*	*	*	195522	*
H	40490	101	99.0	+	0	0	516I101M775I	187894 Even3_56478	195522
L	40074	1393	*	*	*	*	*	197760	*
H	40074	101	99.0	+	0	0	517I101M775I	187894 Even3_56478	197760
L	18995	1366	*	*	*	*	*	365492	*
H	18995	101	99.0	+	0	0	497I101M768I	187894 Even3_56478	365492
N	*	101	*	*	*	*	*	187929 Even1_2752	*
L	88111	1486	*	*	*	*	*	4392243	*
H	88111	101	97.0	+	0	0	523I101M862I	188158 Even1_28629	4392243
L	93692	1460	*	*	*	*	*	4451152	*
H	93692	101	97.0	+	0	0	509I101M850I	188158 Even1_28629	4451152
L	83800	1463	*	*	*	*	*	4346307	*
H	83800	101	97.0	+	0	0	506I101M856I	188158 Even1_28629	4346307
L	9782	1398	*	*	*	*	*	577377	*
H	9782	101	97.0	+	0	0	528I101M769I	188158 Even1_28629	577377
H	26385	101	98.0	+	0	0	504I101M767I	188707 Even1_327076	306633
H	40773	101	98.0	+	0	0	524I101M768I	188707 Even1_327076	194215
H	43720	101	98.0	+	0	0	513I101M771I	188707 Even1_327076	178447
L	40771	1381	*	*	*	*	*	194219	*
H	40771	101	97.0	+	0	0	513I101M767I	188707 Even1_327076	194219
L	40179	1393	*	*	*	*	*	197204	*
H	40179	101	97.0	+	0	0	513I101M779I	188707 Even1_327076	197204
L	42230	1397	*	*	*	*	*	186352	*
H	42230	101	99.0	+	0	0	525I101M771I	188735 Even4_29640	186352
L	95318	1436	*	*	*	*	*	4468234	*
H	95318	101	99.0	+	0	0	511I101M824I	188735 Even4_29640	4468234
L	71975	1445	*	*	*	*	*	3439403	*
H	71975	101	99.0	+	0	0	504I101M840I	188735 Even4_29640	3439403
L	85910	1429	*	*	*	*	*	4369327	*
H	85910	101	99.0	+	0	0	481I101M847I	188735 Even4_29640	4369327
L	56269	1446	*	*	*	*	*	1508541	*
H	56269	101	99.0	+	0	0	503I101M842I	188735 Even4_29640	1508541
L	64584	1545	*	*	*	*	*	2529285	*
H	64584	101	98.0	+	0	0	526I101M918I	1888072 Even1_176798	2529285
L	64583	1543	*	*	*	*	*	2529278	*
H	64583	101	98.0	+	0	0	548I101M894I	1888072 Even1_176798	2529278
L	45224	1401	*	*	*	*	*	166235	*
H	45224	101	98.0	+	0	0	471I101M829I	1888072 Even1_176798	166235
L	48968	1482	*	*	*	*	*	136946	*
H	48968	101	98.0	+	0	0	523I101M858I	1888072 Even1_176798	136946
L	89149	1494	*	*	*	*	*	4403542	*
H	89149	101	98.0	+	0	0	506I101M887I	1888072 Even1_176798	4403542
L	41783	1400	*	*	*	*	*	188887	*
H	41783	101	100.0	+	0	0	528I101M771I	188887 Even4_80422	188887
L	77723	1428	*	*	*	*	*	4174963	*
H	77723	101	99.0	+	0	0	514I101M813I	188887 Even4_80422	4174963
L	42889	1396	*	*	*	*	*	182854	*
H	42889	101	99.0	+	0	0	526I101M769I	188887 Even4_80422	182854
L	42994	1398	*	*	*	*	*	182255	*
H	42994	101	99.0	+	0	0	526I101M771I	188887 Even4_80422	182255
H	43037	101	99.0	+	0	0	526I101M769I	188887 Even4_80422	182052
L	41221	1392	*	*	*	*	*	191811	*
H	41221	101	100.0	+	0	0	513I101M778I	189585 Even4_81410	191811
L	41552	1388	*	*	*	*	*	190063	*
H	41552	101	100.0	+	0	0	513I101M774I	189585 Even4_81410	190063
L	30388	1394	*	*	*	*	*	275557	*
H	30388	101	100.0	+	0	0	517I101M776I	189585 Even4_81410	275557
L	31281	1387	*	*	*	*	*	270105	*
H	31281	101	100.0	+	0	0	513I101M773I	189585 Even4_81410	270105
L	31676	1359	*	*	*	*	*	267914	*
H	31676	101	100.0	+	0	0	514I101M744I	189585 Even4_81410	267914
L	42928	1383	*	*	*	*	*	182630	*
H	42928	101	97.0	+	0	0	507I101M775I	189667 Even1_324583	182630
H	43651	101	97.0	+	0	0	515I101M774I	189667 Even1_324583	178770
H	42922	101	98.0	+	0	0	515I101M775I	189667 Even1_324583	182653
L	27210	1398	*	*	*	*	*	300952	*
H	27210	101	97.0	+	0	0	515I101M782I	189667 Even1_324583	300952
L	71012	1447	*	*	*	*	*	3320406	*
H	71012	101	97.0	+	0	0	487I101M859I	189667 Even1_324583	3320406
H	70858	101	98.0	+	0	0	471I101M862I	189679 Even1_85467	3301064
L	21665	1391	*	*	*	*	*	340759	*
H	21665	101	98.0	+	0	0	515I101M775I	189679 Even1_85467	340759
L	47316	1351	*	*	*	*	*	148987	*
H	47316	101	98.0	+	0	0	494I101M756I	189679 Even1_85467	148987
H	24669	101	98.0	+	0	0	515I101M774I	189679 Even1_85467	319165
H	29344	101	98.0	+	0	0	515I101M774I	189679 Even1_85467	287645
L	26461	1382	*	*	*	*	*	306021	*
H	26461	101	100.0	+	0	0	513I101M768I	189924 Even4_3411	306021
L	19213	1342	*	*	*	*	*	361811	*
H	19213	101	100.0	+	0	0	482I101M759I	189924 Even4_3411	361811
L	43279	1381	*	*	*	*	*	180721	*
H	43279	101	100.0	+	0	0	511I101M769I	189924 Even4_3411	180721
L	43257	1394	*	*	*	*	*	180846	*
H	43257	101	100.0	+	0	0	510I101M783I	189924 Even4_3411	180846
L	41708	1376	*	*	*	*	*	189250	*
H	41708	101	100.0	+	0	0	506I101M769I	189924 Even4_3411	189250
L	33050	1389	*	*	*	*	*	259335	*
H	33050	77	97.4	+	0	0	513I77M799I	190063 Even4_62277	259335
L	32299	1390	*	*	*	*	*	263876	*
H	32299	77	97.4	+	0	0	513I77M800I	190063 Even4_62277	263876
L	30117	1380	*	*	*	*	*	277208	*
H	30117	77	97.4	+	0	0	504I77M799I	190063 Even4_62277	277208
L	41649	1391	*	*	*	*	*	189585	*
H	41649	77	97.4	+	0	0	515I77M799I	190063 Even4_62277	189585
L	40059	1391	*	*	*	*	*	197853	*
H	40059	77	97.4	+	0	0	515I77M799I	190063 Even4_62277	197853
L	41550	1393	*	*	*	*	*	190075	*
H	41550	101	100.0	+	0	0	517I101M775I	190075 Even1_65195	190075
L	40156	1386	*	*	*	*	*	197314	*
H	40156	101	100.0	+	0	0	517I101M768I	190075 Even1_65195	197314
H	39908	101	98.0	+	0	0	517I101M775I	190075 Even1_65195	198696
L	39930	1392	*	*	*	*	*	198583	*
H	39930	101	99.0	+	0	0	517I101M774I	190075 Even1_65195	198583
H	43365	101	98.0	+	0	0	503I101M774I	190075 Even1_65195	180312
L	41499	1382	*	*	*	*	*	190358	*
H	41499	101	97.0	+	0	0	504I101M777I	190358 Even4_111658	190358
L	15659	1379	*	*	*	*	*	530379	*
H	15659	101	98.0	+	0	0	504I101M774I	190441 Even4_94520	530379
H	40505	101	97.0	+	0	0	513I101M774I	190441 Even4_94520	195465
H	41004	101	97.0	+	0	0	514I101M774I	190441 Even4_94520	192983
H	42887	101	99.0	+	0	0	502I101M771I	190637 Even4_44237	182861
H	41223	101	99.0	+	0	0	500I101M768I	190637 Even4_44237	191797
H	28624	101	99.0	+	0	0	500I101M772I	190637 Even4_44237	292091
H	40253	101	99.0	+	0	0	517I101M772I	190637 Even4_44237	196848
H	28948	101	99.0	+	0	0	508I101M768I	190637 Even4_44237	290211
H	41441	101	99.0	+	0	0	507I101M768I	190649 Even1_31694	190649
L	28098	1388	*	*	*	*	*	295556	*
H	28098	101	98.0	+	0	0	513I101M774I	190649 Even1_31694	295556
H	40773	101	98.0	+	0	0	524I101M768I	190649 Even1_31694	194215
H	40880	101	98.0	+	0	0	514I101M774I	190649 Even1_31694	193679
H	43720	101	98.0	+	0	0	513I101M771I	190649 Even1_31694	178447
L	18774	1337	*	*	*	*	*	369429	*
H	18774	101	98.0	+	0	0	473I101M763I	190902 Even1_55556	369429
L	62565	1446	*	*	*	*	*	2271953	*
H	62565	101	99.0	+	0	0	501I101M844I	190902 Even1_55556	2271953
L	40683	1358	*	*	*	*	*	194610	*
H	40683	101	98.0	+	0	0	517I101M740I	190902 Even1_55556	194610
L	40519	1379	*	*	*	*	*	195407	*
H	40519	101	98.0	+	0	0	503I101M775I	190902 Even1_55556	195407
L	41371	1390	*	*	*	*	*	191050	*
H	41371	101	98.0	+	0	0	514I101M775I	190902 Even1_55556	191050
L	72035	1443	*	*	*	*	*	3449121	*
H	72035	101	97.0	+	0	0	492I101M850I	190913 Even1_266152	3449121
L	61181	1364	*	*	*	*	*	846127	*
H	61181	101	98.0	+	0	0	495I101M768I	190913 Even1_266152	846127
L	58632	1453	*	*	*	*	*	1800048	*
H	58632	101	97.0	+	0	0	517I101M835I	190913 Even1_266152	1800048
L	2815	1379	*	*	*	*	*	851323	*
H	2815	101	98.0	+	0	0	511I101M767I	190913 Even1_266152	851323
L	68525	1440	*	*	*	*	*	3009852	*
H	68525	101	97.0	+	0	0	487I101M852I	190913 Even1_266152	3009852
L	41337	1361	*	*	*	*	*	191218	*
H	41337	95	100.0	+	0	0	488I95M778I	191218 Even4_72160	191218
L	29042	1374	*	*	*	*	*	289622	*
H	29042	95	100.0	+	0	0	500I95M779I	191218 Even4_72160	289622
H	40253	95	100.0	+	0	0	517I95M778I	191218 Even4_72160	196848
L	29033	1374	*	*	*	*	*	289679	*
H	29033	95	100.0	+	0	0	500I95M779I	191218 Even4_72160	289679
L	40327	1377	*	*	*	*	*	196391	*
H	40327	95	100.0	+	0	0	509I95M773I	191218 Even4_72160	196391
H	40773	101	99.0	+	0	0	524I101M768I	191393 Even1_175423	194215
H	26385	101	99.0	+	0	0	504I101M767I	191393 Even1_175423	306633
H	43720	101	99.0	+	0	0	513I101M771I	191393 Even1_175423	178447
L	41305	1379	*	*	*	*	*	191393	*
H	41305	101	99.0	+	0	0	502I88MI13M775I	191393 Even1_175423	191393
L	42391	1352	*	*	*	*	*	185568	*
H	42391	101	98.0	+	0	0	483I101M768I	191393 Even1_175423	185568
H	26385	101	99.0	+	0	0	504I101M767I	191541 Even4_2423	306633
H	43720	101	99.0	+	0	0	513I101M771I	191541 Even4_2423	178447
H	40773	101	99.0	+	0	0	524I101M768I	191541 Even4_2423	194215
L	41029	1374	*	*	*	*	*	192818	*
H	41029	101	98.0	+	0	0	504I63MI38M768I	191541 Even4_2423	192818
H	43196	101	97.0	+	0	0	527I101M766I	191541 Even4_2423	181204
L	16781	1364	*	*	*	*	*	516022	*
H	16781	101	99.0	+	0	0	519I101M744I	191718 Even3_222674	516022
L	9435	1484	*	*	*	*	*	580008	*
H	9435	101	99.0	+	0	0	516I101M867I	191718 Even3_222674	580008
L	16486	1383	*	*	*	*	*	519746	*
H	16486	101	99.0	+	0	0	517I101M765I	191718 Even3_222674	519746
L	18731	1390	*	*	*	*	*	370099	*
H	18731	101	99.0	+	0	0	521I101M768I	191718 Even3_222674	370099
L	18761	1367	*	*	*	*	*	369635	*
H	18761	101	99.0	+	0	0	532I101M734I	191718 Even3_222674	369635
L	94027	1341	*	*	*	*	*	4454432	*
H	94027	101	99.0	+	0	0	467I101M773I	191797 Even4_173926	4454432
L	84082	1420	*	*	*	*	*	4349517	*
H	84082	101	98.0	+	0	0	473I101M846I	191797 Even4_173926	4349517
L	57993	1335	*	*	*	*	*	1024529	*
H	57993	101	99.0	+	0	0	480I101M754I	191797 Even4_173926	1024529
H	28948	101	99.0	+	0	0	508I101M768I	191797 Even4_173926	290211
L	28617	1372	*	*	*	*	*	292145	*
H	28617	101	99.0	+	0	0	498I101M773I	191797 Even4_173926	292145
L	41188	1380	*	*	*	*	*	191978	*
H	41188	101	100.0	+	0	0	514I101M765I	191978 Even4_33969	191978
L	43163	1391	*	*	*	*	*	181417	*
H	43163	101	97.0	+	0	0	517I101M773I	191978 Even4_33969	181417
L	40174	1390	*	*	*	*	*	197221	*
H	40174	101	97.0	+	0	0	515I101M774I	191978 Even4_33969	197221
L	40949	1391	*	*	*	*	*	193302	*
H	40949	101	97.0	+	0	0	514I101M776I	191978 Even4_33969	193302
L	40393	1390	*	*	*	*	*	196082	*
H	40393	101	97.0	+	0	0	515I101M774I	191978 Even4_33969	196082
L	49775	1354	*	*	*	*	*	120281	*
H	49775	101	99.0	+	0	0	495I101M758I	192025 Even3_18086	120281
L	43844	1391	*	*	*	*	*	177740	*
H	43844	101	99.0	+	0	0	515I101M775I	192025 Even3_18086	177740
L	44153	1390	*	*	*	*	*	176070	*
H	44153	101	99.0	+	0	0	514I101M775I	192025 Even3_18086	176070
L	39989	1392	*	*	*	*	*	198245	*
H	39989	101	99.0	+	0	0	515I101M776I	192025 Even3_18086	198245
L	27254	1388	*	*	*	*	*	300716	*
H	27254	101	99.0	+	0	0	512I101M775I	192025 Even3_18086	300716
L	92435	1427	*	*	*	*	*	4437368	*
H	92435	101	99.0	+	0	0	473I101M853I	192093 Even1_105892	4437368
H	78351	101	99.0	+	0	0	484I101M859I	192093 Even1_105892	4254528
L	70578	1440	*	*	*	*	*	3265161	*
H	70578	101	99.0	+	0	0	489I101M850I	192093 Even1_105892	3265161
H	41164	101	99.0	+	0	0	514I101M774I	192093 Even1_105892	192093
H	67059	101	98.0	+	0	0	497I101M863I	192093 Even1_105892	2833757
L	49675	1376	*	*	*	*	*	127309	*
H	49675	101	97.0	+	0	0	524I101M751I	192111 Even4_9175	127309
L	87878	1444	*	*	*	*	*	4390134	*
H	87878	101	97.0	+	0	0	502I101M841I	192111 Even4_9175	4390134
L	40266	1361	*	*	*	*	*	196769	*
H	40266	101	97.0	+	0	0	489I101M771I	192111 Even4_9175	196769
L	44163	1397	*	*	*	*	*	176034	*
H	44163	101	97.0	+	0	0	527I101M769I	192111 Even4_9175	176034
L	19064	1382	*	*	*	*	*	364179	*
H	19064	101	97.0	+	0	0	523I101M758I	192111 Even4_9175	364179
L	24270	1384	*	*	*	*	*	321972	*
H	24270	101	98.0	+	0	0	527I101M756I	192684 Even1_136067	321972
N	*	91	*	*	*	*	*	1928156 Even1_62654	*
H	42027	101	98.0	+	0	0	523I101M770I	192839 Even4_374	187443
H	95261	101	98.0	+	0	0	500I101M792I	192839 Even4_374	4467447
L	40546	1396	*	*	*	*	*	195258	*
H	40546	101	98.0	+	0	0	524I101M771I	192839 Even4_374	195258
L	43012	1379	*	*	*	*	*	182157	*
H	43012	101	98.0	+	0	0	509I101M769I	192839 Even4_374	182157
L	65560	1439	*	*	*	*	*	2653002	*
H	65560	101	98.0	+	0	0	504I101M834I	192839 Even4_374	2653002
H	15659	101	98.0	+	0	0	504I101M774I	192983 Even4_48567	530379
H	43345	101	97.0	+	0	0	514I101M775I	192983 Even4_48567	180414
H	41004	101	98.0	+	0	0	514I101M774I	192983 Even4_48567	192983
H	28324	101	100.0	+	0	0	515I101M771I	193235 Even1_17	294022
H	42921	101	100.0	+	0	0	515I101M775I	193235 Even1_17	182656
H	16639	101	100.0	+	0	0	515I101M775I	193235 Even1_17	517797
H	96135	101	100.0	+	0	0	482I101M856I	193235 Even1_17	4476751
H	42329	101	100.0	+	0	0	516I101M770I	193235 Even1_17	185834
L	73760	1440	*	*	*	*	*	3680006	*
H	73760	101	97.0	+	0	0	484I101M855I	193364 Even1_189706	3680006
L	22554	1444	*	*	*	*	*	334427	*
H	22554	101	97.0	+	0	0	484I101M859I	193364 Even1_189706	334427
H	10191	101	97.0	+	0	0	489I101M779I	193364 Even1_189706	574290
L	40938	1390	*	*	*	*	*	193364	*
H	40938	101	98.0	+	0	0	515I101M774I	193364 Even1_189706	193364
L	28125	1390	*	*	*	*	*	295361	*
H	28125	101	97.0	+	0	0	515I101M774I	193364 Even1_189706	295361
L	40493	1397	*	*	*	*	*	195508	*
H	40493	101	99.0	+	0	0	527I101M769I	193528 Even1_7560	195508
L	15162	1398	*	*	*	*	*	535375	*
H	15162	101	98.0	+	0	0	528I101M769I	193528 Even1_7560	535375
L	43060	1397	*	*	*	*	*	181953	*
H	43060	101	98.0	+	0	0	525I101M771I	193528 Even1_7560	181953
L	43107	1396	*	*	*	*	*	181719	*
H	43107	101	98.0	+	0	0	526I101M769I	193528 Even1_7560	181719
L	61869	1531	*	*	*	*	*	1105984	*
H	61869	101	97.0	+	0	0	534I101M896I	193528 Even1_7560	1105984
H	42052	97	97.9	+	0	0	527I97M777I	193534 Even3_106567	187324
L	87434	1449	*	*	*	*	*	4385318	*
H	87434	97	97.9	+	0	0	504I97M848I	193534 Even3_106567	4385318
H	41286	97	97.9	+	0	0	521I97M775I	193534 Even3_106567	191487
H	43259	97	97.9	+	0	0	525I97M776I	193534 Even3_106567	180834
L	39814	1392	*	*	*	*	*	199190	*
H	39814	97	97.9	+	0	0	521I97M774I	193534 Even3_106567	199190
N	*	101	*	*	*	*	*	193666 Even1_208086	*
H	43720	101	99.0	+	0	0	513I101M771I	193679 Even3_280	178447
H	26385	101	99.0	+	0	0	504I101M767I	193679 Even3_280	306633
H	41441	101	98.0	+	0	0	507I101M768I	193679 Even3_280	190649
H	40880	101	99.0	+	0	0	514I101M774I	193679 Even3_280	193679
H	40773	101	99.0	+	0	0	524I101M768I	193679 Even3_280	194215
L	61012	1447	*	*	*	*	*	2085032	*
H	61012	101	99.0	+	0	0	504I101M842I	193859 Even3_17377	2085032
H	40912	101	99.0	+	0	0	527I101M772I	193859 Even3_17377	193528
L	59933	1432	*	*	*	*	*	1950496	*
H	59933	101	99.0	+	0	0	490I101M841I	193859 Even3_17377	1950496
H	87434	101	99.0	+	0	0	504I101M844I	193859 Even3_17377	4385318
H	41286	101	99.0	+	0	0	521I101M771I	193859 Even3_17377	191487
L	40844	1390	*	*	*	*	*	193863	*
H	40844	101	97.0	+	0	0	515I101M774I	193863 Even3_52944	193863
L	26829	1392	*	*	*	*	*	303274	*
H	26829	101	100.0	+	0	0	516I101M775I	194415 Even4_93813	303274
L	40731	1394	*	*	*	*	*	194415	*
H	40731	101	100.0	+	0	0	514I101M779I	194415 Even4_93813	194415
L	43171	1383	*	*	*	*	*	181336	*
H	43171	101	100.0	+	0	0	515I101M767I	194415 Even4_93813	181336
L	28936	1391	*	*	*	*	*	290281	*
H	28936	101	100.0	+	0	0	515I101M775I	194415 Even4_93813	290281
L	41829	1393	*	*	*	*	*	188648	*
H	41829	101	100.0	+	0	0	515I101M777I	194415 Even4_93813	188648
L	40726	1402	*	*	*	*	*	194425	*
H	40726	101	99.0	+	0	0	528I101M773I	194425 Even1_4362	194425
L	40306	1394	*	*	*	*	*	196553	*
H	40306	101	98.0	+	0	0	519I101M774I	194425 Even1_4362	196553
L	41472	1388	*	*	*	*	*	190518	*
H	41472	101	98.0	+	0	0	519I101M768I	194425 Even1_4362	190518
L	43589	1392	*	*	*	*	*	179116	*
H	43589	101	98.0	+	0	0	519I101M772I	194425 Even1_4362	179116
L	70869	1446	*	*	*	*	*	3302038	*
H	70869	101	98.0	+	0	0	489I101M856I	194425 Even1_4362	3302038
L	24368	1392	*	*	*	*	*	321290	*
H	24368	101	97.0	+	0	0	517I101M774I	194449 Even4_97000	321290
L	22863	1393	*	*	*	*	*	332210	*
H	22863	101	98.0	+	0	0	515I101M777I	194449 Even4_97000	332210
L	24367	1374	*	*	*	*	*	321295	*
H	24367	101	97.0	+	0	0	515I101M758I	194449 Even4_97000	321295
L	41163	1393	*	*	*	*	*	192099	*
H	41163	101	98.0	+	0	0	515I101M777I	194449 Even4_97000	192099
L	40896	1391	*	*	*	*	*	193606	*
H	40896	101	98.0	+	0	0	515I101M775I	194449 Even4_97000	193606
N	*	101	*	*	*	*	*	1944498 Even1_5014	*
H	40581	101	99.0	+	0	0	514I101M774I	195081 Even1_83611	195081
H	42882	101	99.0	+	0	0	517I101M774I	195081 Even1_83611	182889
H	43869	101	99.0	+	0	0	517I101M774I	195081 Even1_83611	177618
L	89940	1466	*	*	*	*	*	4412022	*
H	89940	101	97.0	+	0	0	495I101M870I	195081 Even1_83611	4412022
L	15735	1395	*	*	*	*	*	529506	*
H	15735	101	97.0	+	0	0	515I101M779I	195081 Even1_83611	529506
L	40568	1397	*	*	*	*	*	195157	*
H	40568	101	99.0	+	0	0	527I101M769I	195157 Even3_182590	195157
L	42885	1397	*	*	*	*	*	182874	*
H	42885	101	98.0	+	0	0	527I101M769I	195157 Even3_182590	182874
H	88367	101	98.0	+	0	0	511I101M835I	195157 Even3_182590	4395096
L	67802	1438	*	*	*	*	*	2920309	*
H	67802	101	98.0	+	0	0	490I101M847I	195157 Even3_182590	2920309
H	78374	101	98.0	+	0	0	511I101M825I	195157 Even3_182590	4256470
L	83803	1438	*	*	*	*	*	4346368	*
H	83803	101	97.0	+	0	0	486I101M851I	195258 Even3_105077	4346368
H	42027	101	99.0	+	0	0	523I101M770I	195258 Even3_105077	187443
H	43306	101	99.0	+	0	0	521I101M767I	195258 Even3_105077	180606
H	95261	101	99.0	+	0	0	500I101M792I	195258 Even3_105077	4467447
L	22847	1355	*	*	*	*	*	332317	*
H	22847	101	99.0	+	0	0	503I101M751I	195258 Even3_105077	332317
L	40464	1378	*	*	*	*	*	195704	*
H	40464	101	100.0	+	0	0	515I101M762I	195704 Even1_117929	195704
H	96135	101	99.0	+	0	0	482I101M856I	195704 Even1_117929	4476751
H	42921	101	99.0	+	0	0	515I101M775I	195704 Even1_117929	182656
L	72383	1385	*	*	*	*	*	3487876	*
H	72383	101	99.0	+	0	0	511I101M773I	195704 Even1_117929	3487876
L	41837	1389	*	*	*	*	*	188591	*
H	41837	101	99.0	+	0	0	514I101M774I	195704 Even1_117929	188591
L	88415	1435	*	*	*	*	*	4395677	*
H	88415	101	100.0	+	0	0	495I101M839I	196176 Even4_90	4395677
L	95565	1444	*	*	*	*	*	4470603	*
H	95565	101	100.0	+	0	0	475I101M868I	196176 Even4_90	4470603
L	40371	1395	*	*	*	*	*	196176	*
H	40371	101	100.0	+	0	0	516I63MI38M777I	196176 Even4_90	196176
L	40838	1396	*	*	*	*	*	193876	*
H	40838	101	100.0	+	0	0	516I101M779I	196176 Even4_90	193876
L	64687	1443	*	*	*	*	*	2545820	*
H	64687	101	100.0	+	0	0	487I101M855I	196176 Even4_90	2545820
L	46161	1452	*	*	*	*	*	157748	*
H	46161	101	99.0	+	0	0	505I101M846I	196219 Even4_30912	157748
L	39905	1398	*	*	*	*	*	198711	*
H	39905	101	98.0	+	0	0	528I101M769I	196219 Even4_30912	198711
H	39941	101	98.0	+	0	0	526I101M769I	196219 Even4_30912	198530
H	40039	101	98.0	+	0	0	523I101M771I	196219 Even4_30912	197991
L	40049	1399	*	*	*	*	*	197924	*
H	40049	101	99.0	+	0	0	525I101M773I	196219 Even4_30912	197924
L	20618	1382	*	*	*	*	*	348622	*
H	20618	101	99.0	+	0	0	507I101M774I	196286 Even4_256086	348622
L	44150	1389	*	*	*	*	*	176080	*
H	44150	101	99.0	+	0	0	514I101M774I	196286 Even4_256086	176080
H	63212	101	99.0	+	0	0	482I101M858I	196286 Even4_256086	2354022
L	44759	1480	*	*	*	*	*	171718	*
H	44759	101	98.0	+	0	0	517I101M862I	196286 Even4_256086	171718
H	44169	101	99.0	+	0	0	515I101M777I	196286 Even4_256086	175978
H	28624	92	98.9	+	0	0	500I92M781I	196346 Even4_245216	292091
L	26556	1376	*	*	*	*	*	305288	*
H	26556	92	98.9	+	0	0	500I92M784I	196346 Even4_245216	305288
L	92649	1415	*	*	*	*	*	4439530	*
H	92649	92	97.8	+	0	0	478I92M845I	196346 Even4_245216	4439530
L	2925	1434	*	*	*	*	*	843459	*
H	2925	92	98.9	+	0	0	478I92M864I	196346 Even4_245216	843459
L	24216	1370	*	*	*	*	*	322367	*
H	24216	92	98.9	+	0	0	497I92M781I	196346 Even4_245216	322367
L	65764	1420	*	*	*	*	*	2676432	*
H	65764	101	98.0	+	0	0	465I101M854I	196391 Even3_252514	2676432
L	51111	1477	*	*	*	*	*	105538	*
H	51111	101	97.0	+	0	0	500I101M876I	196391 Even3_252514	105538
L	87308	1412	*	*	*	*	*	4383953	*
H	87308	101	97.0	+	0	0	462I101M849I	196391 Even3_252514	4383953
H	26556	101	97.0	+	0	0	500I101M775I	196391 Even3_252514	305288
L	93827	1351	*	*	*	*	*	4452633	*
H	93827	101	97.0	+	0	0	496I101M754I	196391 Even3_252514	4452633
L	40293	1390	*	*	*	*	*	196604	*
H	40293	101	100.0	+	0	0	525I101M764I	196604 Even4_88238	196604
L	70669	1313	*	*	*	*	*	755474	*
H	70669	101	99.0	+	0	0	310I101M902I	196604 Even4_88238	755474
L	23132	1392	*	*	*	*	*	330294	*
H	23132	101	99.0	+	0	0	527I101M764I	196604 Even4_88238	330294
H	23917	101	99.0	+	0	0	520I101M763I	196604 Even4_88238	324733
H	26660	101	99.0	+	0	0	522I101M771I	196604 Even4_88238	304563
L	76390	1456	*	*	*	*	*	4008139	*
H	76390	101	99.0	+	0	0	493I101M862I	196711 Even1_292	4008139
L	39845	1380	*	*	*	*	*	199036	*
H	39845	101	99.0	+	0	0	513I101M766I	196711 Even1_292	199036
L	43641	1392	*	*	*	*	*	178809	*
H	43641	101	99.0	+	0	0	517I101M774I	196711 Even1_292	178809
L	52925	1392	*	*	*	*	*	77458	*
H	52925	101	99.0	+	0	0	411I101M880I	196711 Even1_292	77458
L	43203	1377	*	*	*	*	*	181167	*
H	43203	101	99.0	+	0	0	502I101M774I	196711 Even1_292	181167
H	19026	101	97.0	+	0	0	505I101M757I	196769 Even1_3612	364926
H	61869	101	98.0	+	0	0	534I101M896I	196769 Even1_3612	1105984
H	40266	101	99.0	+	0	0	489I101M771I	196769 Even1_3612	196769
H	41286	101	98.0	+	0	0	521I101M771I	196769 Even1_3612	191487
L	84501	1392	*	*	*	*	*	4354041	*
H	84501	101	98.0	+	0	0	523I101M768I	196769 Even1_3612	4354041
L	28590	1397	*	*	*	*	*	292260	*
H	28590	101	97.0	+	0	0	525I101M771I	196778 Even1_86230	292260
H	88415	101	99.0	+	0	0	495I101M839I	197050 Even4_4152	4395677
L	43052	1390	*	*	*	*	*	181990	*
H	43052	101	99.0	+	0	0	515I101M774I	197050 Even4_4152	181990
L	19995	1379	*	*	*	*	*	353032	*
H	19995	101	98.0	+	0	0	507I101M771I	197050 Even4_4152	353032
H	73760	101	97.0	+	0	0	484I101M855I	197050 Even4_4152	3680006
L	69635	1390	*	*	*	*	*	3150722	*
H	69635	101	99.0	+	0	0	515I101M774I	197050 Even4_4152	3150722
L	40208	1391	*	*	*	*	*	197052	*
H	40208	101	100.0	+	0	0	521I101M769I	197052 Even4_109410	197052
H	78374	101	97.0	+	0	0	511I101M825I	197052 Even4_109410	4256470
H	87601	101	97.0	+	0	0	490I101M853I	197052 Even4_109410	4387250
L	60879	1450	*	*	*	*	*	2069039	*
H	60879	101	98.0	+	0	0	505I101M844I	197052 Even4_109410	2069039
H	49675	101	99.0	+	0	0	524I101M751I	197052 Even4_109410	127309
L	21230	1390	*	*	*	*	*	344114	*
H	21230	101	98.0	+	0	0	515I101M774I	197091 Even1_15413	344114
L	27714	1390	*	*	*	*	*	297917	*
H	27714	101	98.0	+	0	0	515I101M774I	197091 Even1_15413	297917
L	78240	1439	*	*	*	*	*	4242681	*
H	78240	101	98.0	+	0	0	494I101M844I	197091 Even1_15413	4242681
L	42308	1391	*	*	*	*	*	185949	*
H	42308	101	98.0	+	0	0	515I101M775I	197091 Even1_15413	185949
L	44333	1393	*	*	*	*	*	175050	*
H	44333	101	98.0	+	0	0	518I101M774I	197091 Even1_15413	175050
L	43778	1370	*	*	*	*	*	178081	*
H	43778	101	99.0	+	0	0	500I101M769I	197204 Even1_146800	178081
L	42249	1387	*	*	*	*	*	186248	*
H	42249	101	99.0	+	0	0	513I101M773I	197204 Even1_146800	186248
L	63897	1420	*	*	*	*	*	2439770	*
H	63897	101	99.0	+	0	0	475I101M844I	197204 Even1_146800	2439770
H	43720	101	99.0	+	0	0	513I101M771I	197204 Even1_146800	178447
L	41278	1383	*	*	*	*	*	191541	*
H	41278	101	99.0	+	0	0	511I89MI12M770I	197204 Even1_146800	191541
L	40145	1403	*	*	*	*	*	197344	*
H	40145	94	97.9	+	0	0	528I94M781I	197344 Even3_98579	197344
N	*	101	*	*	*	*	*	197354 Even3_315068	*
H	42230	101	100.0	+	0	0	525I101M771I	197367 Even1_9	186352
H	95318	101	100.0	+	0	0	511I101M824I	197367 Even1_9	4468234
H	71975	101	100.0	+	0	0	504I101M840I	197367 Even1_9	3439403
H	85910	101	100.0	+	0	0	481I101M847I	197367 Even1_9	4369327
H	56269	101	100.0	+	0	0	503I101M842I	197367 Even1_9	1508541
H	32870	101	99.0	+	0	0	528I101M770I	197537 Even4_5149	260410
H	41998	101	99.0	+	0	0	527I101M769I	197537 Even4_5149	187623
H	61944	101	99.0	+	0	0	504I101M846I	197537 Even4_5149	2198356
H	42027	101	99.0	+	0	0	523I101M770I	197537 Even4_5149	187443
H	26737	101	99.0	+	0	0	527I101M765I	197537 Even4_5149	304047
L	41251	1397	*	*	*	*	*	191657	*
H	41251	101	97.0	+	0	0	523I101M773I	197867 Even3_27000	191657
L	43944	1395	*	*	*	*	*	177230	*
H	43944	101	97.0	+	0	0	517I101M777I	197867 Even3_27000	177230
L	61755	1438	*	*	*	*	*	2177184	*
H	61755	101	97.0	+	0	0	490I101M847I	197867 Even3_27000	2177184
L	83327	1439	*	*	*	*	*	4341534	*
H	83327	101	97.0	+	0	0	481I101M857I	197867 Even3_27000	4341534
L	6786	1356	*	*	*	*	*	649107	*
H	6786	101	97.0	+	0	0	485I77MI24M769I	197867 Even3_27000	649107
L	67437	1428	*	*	*	*	*	2874602	*
H	67437	101	99.0	+	0	0	512I101M815I	198185 Even3_3879	2874602
L	39891	1402	*	*	*	*	*	198788	*
H	39891	101	99.0	+	0	0	528I101M773I	198185 Even3_3879	198788
L	61450	1408	*	*	*	*	*	2137001	*
H	61450	101	99.0	+	0	0	505I101M802I	198185 Even3_3879	2137001
H	77723	101	99.0	+	0	0	514I101M813I	198185 Even3_3879	4174963
L	67310	1443	*	*	*	*	*	2859978	*
H	67310	101	99.0	+	0	0	492I101M850I	198185 Even3_3879	2859978
L	17037	1393	*	*	*	*	*	513445	*
H	17037	101	99.0	+	0	0	525I101M767I	198449 Even4_323	513445
L	70506	1436	*	*	*	*	*	3256931	*
H	70506	101	99.0	+	0	0	501I101M834I	198449 Even4_323	3256931
L	76590	1428	*	*	*	*	*	4029632	*
H	76590	101	99.0	+	0	0	498I101M829I	198449 Even4_323	4029632
H	42230	101	99.0	+	0	0	525I101M771I	198449 Even4_323	186352
L	31284	1391	*	*	*	*	*	270094	*
H	31284	101	99.0	+	0	0	474I101M816I	198449 Even4_323	270094
L	40397	1391	*	*	*	*	*	196054	*
H	40397	101	100.0	+	0	0	514I101M776I	198636 Even4_85397	196054
L	42219	1395	*	*	*	*	*	186427	*
H	42219	101	100.0	+	0	0	513I53MI27MI9MI12M778I	198636 Even4_85397	186427
L	40415	1373	*	*	*	*	*	195937	*
H	40415	101	100.0	+	0	0	505I101M767I	198636 Even4_85397	195937
L	29380	1389	*	*	*	*	*	287445	*
H	29380	101	100.0	+	0	0	515I101M773I	198636 Even4_85397	287445
L	42116	1390	*	*	*	*	*	186992	*
H	42116	101	100.0	+	0	0	515I101M774I	198636 Even4_85397	186992
L	38160	1493	*	*	*	*	*	215670	*
H	38160	101	97.0	+	0	0	528I101M864I	198786 Even4_42595	215670
L	44588	1451	*	*	*	*	*	173565	*
H	44588	101	97.0	+	0	0	508I101M842I	198786 Even4_42595	173565
L	22743	1400	*	*	*	*	*	333028	*
H	22743	101	97.0	+	0	0	528I101M771I	198786 Even4_42595	333028
H	62639	101	97.0	+	0	0	490I101M842I	198786 Even4_42595	2280817
H	92339	101	97.0	+	0	0	523I101M753I	198786 Even4_42595	4436552
H	43037	101	99.0	+	0	0	526I101M769I	198788 Even4_8236	182052
L	84473	1445	*	*	*	*	*	4353745	*
H	84473	101	99.0	+	0	0	501I101M843I	198788 Even4_8236	4353745
L	75852	1445	*	*	*	*	*	3940440	*
H	75852	101	99.0	+	0	0	509I101M835I	198788 Even4_8236	3940440
L	25614	1398	*	*	*	*	*	312140	*
H	25614	101	99.0	+	0	0	526I101M771I	198788 Even4_8236	312140
L	25179	1396	*	*	*	*	*	315429	*
H	25179	101	99.0	+	0	0	526I101M769I	198788 Even4_8236	315429
L	45105	1494	*	*	*	*	*	167741	*
H	45105	101	99.0	+	0	0	515I101M878I	199036 Even1_7461	167741
L	41250	1393	*	*	*	*	*	191658	*
H	41250	101	99.0	+	0	0	517I101M775I	199036 Even1_7461	191658
L	43840	1390	*	*	*	*	*	177758	*
H	43840	101	99.0	+	0	0	515I101M774I	199036 Even1_7461	177758
L	28270	1389	*	*	*	*	*	294353	*
H	28270	101	99.0	+	0	0	515I101M773I	199036 Even1_7461	294353
L	41395	1389	*	*	*	*	*	190948	*
H	41395	101	99.0	+	0	0	513I101M775I	199036 Even1_7461	190948
L	39754	1392	*	*	*	*	*	199497	*
H	39754	92	97.8	+	0	0	513I92M787I	199497 Even3_99771	199497
L	38709	1491	*	*	*	*	*	209685	*
H	38709	91	97.8	+	0	0	526I91M874I	199627 Even1_148795	209685
L	19400	1374	*	*	*	*	*	358493	*
H	19400	91	97.8	+	0	0	516I91M767I	199627 Even1_148795	358493
L	19027	1365	*	*	*	*	*	364903	*
H	19027	91	97.8	+	0	0	498I91M776I	199627 Even1_148795	364903
L	61851	1432	*	*	*	*	*	2189140	*
H	61851	91	97.8	+	0	0	491I91M850I	199627 Even1_148795	2189140
L	39734	1397	*	*	*	*	*	199627	*
H	39734	91	98.9	+	0	0	527I91M779I	199627 Even1_148795	199627
L	58149	1440	*	*	*	*	*	1740498	*
H	58149	91	98.9	+	0	0	505I91M844I	199716 Even4_40522	1740498
L	58208	1428	*	*	*	*	*	1749079	*
H	58208	91	98.9	+	0	0	514I91M823I	199716 Even4_40522	1749079
L	59514	1438	*	*	*	*	*	1906483	*
H	59514	91	98.9	+	0	0	489I91M858I	199716 Even4_40522	1906483
L	59598	1431	*	*	*	*	*	1919007	*
H	59598	91	98.9	+	0	0	491I91M849I	199716 Even4_40522	1919007
H	61268	91	97.8	+	0	0	528I91M877I	199716 Even4_40522	1129060
L	23613	1400	*	*	*	*	*	326820	*
H	23613	101	100.0	+	0	0	526I101M773I	203713 Even4_1827	326820
L	30239	1401	*	*	*	*	*	276509	*
H	30239	101	100.0	+	0	0	526I101M774I	203713 Even4_1827	276509
H	38496	101	100.0	+	0	0	526I101M866I	203713 Even4_1827	211761
L	39249	1497	*	*	*	*	*	203713	*
H	39249	101	100.0	+	0	0	526I101M870I	203713 Even4_1827	203713
L	39033	1498	*	*	*	*	*	206324	*
H	39033	101	100.0	+	0	0	526I101M871I	203713 Even4_1827	206324
H	60608	91	98.9	+	0	0	501I91M854I	2039020 Even1_6298	2039020
L	87125	1447	*	*	*	*	*	4381913	*
H	87125	91	98.9	+	0	0	501I91M855I	2039020 Even1_6298	4381913
L	28314	1390	*	*	*	*	*	294080	*
H	28314	91	98.9	+	0	0	517I91M782I	2039020 Even1_6298	294080
H	59514	101	99.0	+	0	0	489I101M848I	205904 Even4_32426	1906483
L	84840	1438	*	*	*	*	*	4357712	*
H	84840	101	99.0	+	0	0	491I101M846I	205904 Even4_32426	4357712
L	84855	1427	*	*	*	*	*	4357811	*
H	84855	101	99.0	+	0	0	488I101M838I	205904 Even4_32426	4357811
L	84933	1427	*	*	*	*	*	4358723	*
H	84933	101	99.0	+	0	0	513I101M813I	205904 Even4_32426	4358723
H	58208	101	99.0	+	0	0	514I101M813I	205904 Even4_32426	1749079
L	96246	1415	*	*	*	*	*	4477861	*
H	96246	101	98.0	+	0	0	482I101M832I	2069039 Even1_303462	4477861
H	49675	101	98.0	+	0	0	524I101M751I	2069039 Even1_303462	127309
H	60879	101	99.0	+	0	0	505I101M844I	2069039 Even1_303462	2069039
L	60609	1444	*	*	*	*	*	2039026	*
H	60609	101	98.0	+	0	0	501I101M842I	2069039 Even1_303462	2039026
H	40266	101	98.0	+	0	0	489I101M771I	2069039 Even1_303462	196769
L	38954	1476	*	*	*	*	*	207126	*
H	38954	101	99.0	+	0	0	505I101M870I	207126 Even3_18890	207126
H	26385	101	99.0	+	0	0	504I101M767I	207126 Even3_18890	306633
H	40773	101	99.0	+	0	0	524I101M768I	207126 Even3_18890	194215
H	43720	101	99.0	+	0	0	513I101M771I	207126 Even3_18890	178447
L	21546	1371	*	*	*	*	*	341724	*
H	21546	101	98.0	+	0	0	518I101M752I	207126 Even3_18890	341724
N	*	101	*	*	*	*	*	2101287 Even1_70049	*
L	38502	1488	*	*	*	*	*	211706	*
H	38502	101	100.0	+	0	0	524I101M863I	211706 Even3_103581	211706
L	45846	1452	*	*	*	*	*	160178	*
H	45846	101	98.0	+	0	0	506I36MD64M846I	211706 Even3_103581	160178
H	70506	101	99.0	+	0	0	501I101M834I	211706 Even3_103581	3256931
L	73493	1427	*	*	*	*	*	3638321	*
H	73493	101	99.0	+	0	0	489I101M837I	211706 Even3_103581	3638321
H	77723	101	99.0	+	0	0	514I101M813I	211706 Even3_103581	4174963
H	61151	101	98.0	+	0	0	488I101M862I	2120784 Even3_137021	2101287
H	24772	101	98.0	+	0	0	515I101M753I	2120784 Even3_137021	318396
H	40246	101	98.0	+	0	0	517I101M774I	2120784 Even3_137021	196893
L	61308	1392	*	*	*	*	*	2120784	*
H	61308	101	98.0	+	0	0	517I101M774I	2120784 Even3_137021	2120784
L	40544	1394	*	*	*	*	*	195271	*
H	40544	101	98.0	+	0	0	517I101M776I	2120784 Even3_137021	195271
H	49775	101	100.0	+	0	0	495I101M758I	212341 Even4_44	120281
H	43844	101	100.0	+	0	0	515I101M775I	212341 Even4_44	177740
H	44153	101	100.0	+	0	0	514I101M775I	212341 Even4_44	176070
H	39989	101	100.0	+	0	0	515I101M776I	212341 Even4_44	198245
H	27254	101	100.0	+	0	0	512I101M775I	212341 Even4_44	300716
L	61349	1446	*	*	*	*	*	2123719	*
H	61349	101	100.0	+	0	0	481I101M864I	2123719 Even4_24088	2123719
L	61348	1451	*	*	*	*	*	2123717	*
H	61348	101	99.0	+	0	0	503I101M847I	2123719 Even4_24088	2123717
L	92434	1431	*	*	*	*	*	4437364	*
H	92434	101	99.0	+	0	0	467I77MI24M862I	2123719 Even4_24088	4437364
L	62373	1441	*	*	*	*	*	2250985	*
H	62373	101	99.0	+	0	0	491I101M849I	2123719 Even4_24088	2250985
L	62765	1443	*	*	*	*	*	2298935	*
H	62765	101	99.0	+	0	0	479I101M863I	2123719 Even4_24088	2298935
L	40176	1396	*	*	*	*	*	197214	*
H	40176	91	98.9	+	0	0	526I91M779I	2128805 Even1_40800	197214
L	63476	1434	*	*	*	*	*	2388617	*
H	63476	91	98.9	+	0	0	485I91M858I	2128805 Even1_40800	2388617
H	39905	91	97.8	+	0	0	528I91M779I	2128805 Even1_40800	198711
L	61395	1425	*	*	*	*	*	2128807	*
H	61395	101	99.0	+	0	0	477I80MI21M846I	2128807 Even4_215815	2128807
H	62565	101	98.0	+	0	0	501I101M844I	2128807 Even4_215815	2271953
L	68116	1454	*	*	*	*	*	2957436	*
H	68116	101	98.0	+	0	0	502I101M851I	2128807 Even4_215815	2957436
L	68649	1453	*	*	*	*	*	3021821	*
H	68649	101	98.0	+	0	0	492I101M860I	2128807 Even4_215815	3021821
L	44257	1391	*	*	*	*	*	175474	*
H	44257	101	98.0	+	0	0	515I101M775I	2128807 Even4_215815	175474
H	42572	101	98.0	+	0	0	528I101M774I	215670 Even3_173303	184464
L	16552	1401	*	*	*	*	*	518820	*
H	16552	101	99.0	+	0	0	528I101M772I	215670 Even3_173303	518820
H	16098	101	98.0	+	0	0	527I101M770I	215670 Even3_173303	524891
L	20710	1374	*	*	*	*	*	347875	*
H	20710	101	99.0	+	0	0	527I101M746I	215670 Even3_173303	347875
L	28099	1396	*	*	*	*	*	295554	*
H	28099	101	99.0	+	0	0	524I101M771I	215670 Even3_173303	295554
L	74473	1436	*	*	*	*	*	1133201	*
H	74473	101	100.0	+	0	0	541I101M794I	217410 Even3_6595	1133201
L	64570	1410	*	*	*	*	*	812851	*
H	64570	101	100.0	+	0	0	504I101M805I	217410 Even3_6595	812851
L	85926	1531	*	*	*	*	*	4369489	*
H	85926	101	100.0	+	0	0	523I101M907I	217410 Even3_6595	4369489
L	5106	1510	*	*	*	*	*	769643	*
H	5106	101	100.0	+	0	0	528I101M881I	217410 Even3_6595	769643
L	33401	1436	*	*	*	*	*	256834	*
H	33401	101	100.0	+	0	0	468I101M867I	217410 Even3_6595	256834
L	4291	1410	*	*	*	*	*	810785	*
H	4291	90	97.8	+	0	0	479I90M841I	217507 Even3_11926	810785
L	58663	1523	*	*	*	*	*	217507	*
H	58663	90	97.8	+	0	0	513I90M920I	217507 Even3_11926	217507
L	41467	1391	*	*	*	*	*	190529	*
H	41467	101	99.0	+	0	0	515I101M775I	2185268 Even4_36054	190529
H	40775	101	99.0	+	0	0	515I101M777I	2185268 Even4_36054	194201
H	40544	101	99.0	+	0	0	517I101M776I	2185268 Even4_36054	195271
H	23744	101	99.0	+	0	0	517I101M770I	2185268 Even4_36054	325910
L	86164	1433	*	*	*	*	*	4371957	*
H	86164	101	99.0	+	0	0	494I101M838I	2185268 Even4_36054	4371957
L	21360	1360	*	*	*	*	*	343090	*
H	21360	101	98.0	+	0	0	488I101M771I	2190100 Even3_207943	343090
L	61862	1395	*	*	*	*	*	2190100	*
H	61862	101	98.0	+	0	0	456I101M838I	2190100 Even3_207943	2190100
L	23307	1325	*	*	*	*	*	328955	*
H	23307	101	98.0	+	0	0	488I101M736I	2190100 Even3_207943	328955
N	*	101	*	*	*	*	*	220679 Even1_128093	*
H	15217	83	100.0	+	0	0	483I83M833I	221361 Even1_310043	534898
L	18688	1364	*	*	*	*	*	372473	*
H	18688	83	100.0	+	0	0	506I83M775I	221361 Even1_310043	372473
H	79075	83	100.0	+	0	0	474I83M849I	221361 Even1_310043	4298205
H	5309	83	98.8	+	0	0	508I83M854I	221361 Even1_310043	754778
L	61005	1362	*	*	*	*	*	632346	*
H	61005	83	100.0	+	0	0	428I83M851I	221361 Even1_310043	632346
H	95565	101	99.0	+	0	0	475I101M868I	221784 Even4_2973	4470603
L	43361	1392	*	*	*	*	*	180341	*
H	43361	101	99.0	+	0	0	517I101M774I	221784 Even4_2973	180341
L	19889	1390	*	*	*	*	*	353791	*
H	19889	101	99.0	+	0	0	515I101M774I	221784 Even4_2973	353791
L	40209	1390	*	*	*	*	*	197050	*
H	40209	101	99.0	+	0	0	514I101M775I	221784 Even4_2973	197050
L	42015	1390	*	*	*	*	*	187505	*
H	42015	101	99.0	+	0	0	515I101M774I	221784 Even4_2973	187505
H	91997	101	98.0	+	0	0	477I101M835I	222043 Even3_176562	4432891
L	54626	1460	*	*	*	*	*	27032	*
H	54626	101	97.0	+	0	0	501I101M858I	222043 Even3_176562	27032
L	88344	1431	*	*	*	*	*	4394926	*
H	88344	101	97.0	+	0	0	494I101M836I	222043 Even3_176562	4394926
L	94441	1452	*	*	*	*	*	4458775	*
H	94441	101	97.0	+	0	0	474I101M877I	222043 Even3_176562	4458775
H	51743	101	97.0	+	0	0	468I101M785I	222043 Even3_176562	100650
L	41946	1393	*	*	*	*	*	187945	*
H	41946	91	100.0	+	0	0	516I91M786I	2220496 Even1_75342	187945
L	8797	1472	*	*	*	*	*	584463	*
H	8797	91	100.0	+	0	0	515I91M866I	2220496 Even1_75342	584463
L	41151	1394	*	*	*	*	*	192182	*
H	41151	91	100.0	+	0	0	518I91M785I	2220496 Even1_75342	192182
L	43718	1394	*	*	*	*	*	178452	*
H	43718	91	100.0	+	0	0	519I91M784I	2220496 Even1_75342	178452
L	75878	1437	*	*	*	*	*	3943186	*
H	75878	91	100.0	+	0	0	482I91M864I	2220496 Even1_75342	3943186
H	39754	101	97.0	+	0	0	513I101M778I	22371 Even1_278017	199497
L	54767	1455	*	*	*	*	*	22371	*
H	54767	101	98.0	+	0	0	516I101M838I	22371 Even1_278017	22371
L	43584	1399	*	*	*	*	*	179148	*
H	43584	101	97.0	+	0	0	528I101M770I	22371 Even1_278017	179148
L	15694	1390	*	*	*	*	*	529905	*
H	15694	101	97.0	+	0	0	515I101M774I	22371 Even1_278017	529905
H	43459	101	98.0	+	0	0	514I101M774I	22371 Even1_278017	179760
L	2975	1492	*	*	*	*	*	839200	*
H	2975	101	97.0	+	0	0	515I101M876I	2256432 Even4_6408	839200
H	43869	101	99.0	+	0	0	517I101M774I	2256432 Even4_6408	177618
L	62424	1430	*	*	*	*	*	2256432	*
H	62424	101	99.0	+	0	0	489I101M840I	2256432 Even4_6408	2256432
L	81203	1513	*	*	*	*	*	4319494	*
H	81203	101	97.0	+	0	0	526I101M886I	2256432 Even4_6408	4319494
L	85341	1354	*	*	*	*	*	4363269	*
H	85341	101	97.0	+	0	0	497I101M756I	2256432 Even4_6408	4363269
L	27221	1393	*	*	*	*	*	300877	*
H	27221	101	97.0	+	0	0	516I101M776I	2271953 Even1_52899	300877
L	36812	1455	*	*	*	*	*	228556	*
H	36812	101	100.0	+	0	0	478I101M876I	228556 Even1_149460	228556
H	64583	101	99.0	+	0	0	548I101M894I	228556 Even1_149460	2529278
H	64584	101	99.0	+	0	0	526I101M918I	228556 Even1_149460	2529285
L	17408	1352	*	*	*	*	*	510870	*
H	17408	101	99.0	+	0	0	479I101M772I	228556 Even1_149460	510870
L	17261	1365	*	*	*	*	*	511908	*
H	17261	101	99.0	+	0	0	496I101M768I	228556 Even1_149460	511908
L	5495	1485	*	*	*	*	*	744029	*
H	5495	101	100.0	+	0	0	501I101M883I	230213 Even1_121884	744029
L	36696	1458	*	*	*	*	*	230213	*
H	36696	101	100.0	+	0	0	480I101M877I	230213 Even1_121884	230213
L	6236	1456	*	*	*	*	*	688934	*
H	6236	101	99.0	+	0	0	504I101M851I	230213 Even1_121884	688934
L	13352	1482	*	*	*	*	*	549232	*
H	13352	101	98.0	+	0	0	496I101M885I	230213 Even1_121884	549232
L	4878	1444	*	*	*	*	*	788593	*
H	4878	101	99.0	+	0	0	516I101M827I	230213 Even1_121884	788593
H	12878	101	99.0	+	0	0	518I101M879I	2304693 Even3_77863	553208
H	91997	101	99.0	+	0	0	477I101M835I	2304693 Even3_77863	4432891
L	94133	1398	*	*	*	*	*	4455894	*
H	94133	101	98.0	+	0	0	474I101M823I	2304693 Even3_77863	4455894
H	82004	101	99.0	+	0	0	436I101M844I	2304693 Even3_77863	4328189
H	31646	101	99.0	+	0	0	518I101M877I	2304693 Even3_77863	268101
L	36631	1454	*	*	*	*	*	231205	*
H	36631	101	100.0	+	0	0	476I101M877I	231205 Even3_13316	231205
L	95300	1544	*	*	*	*	*	4468024	*
H	95300	101	98.0	+	0	0	535I101M908I	231205 Even3_13316	4468024
L	80567	1504	*	*	*	*	*	4313261	*
H	80567	101	98.0	+	0	0	526I101M877I	231205 Even3_13316	4313261
H	13352	101	99.0	+	0	0	496I101M885I	231205 Even3_13316	549232
H	4878	101	98.0	+	0	0	516I101M827I	231205 Even3_13316	788593
L	30099	1392	*	*	*	*	*	277349	*
H	30099	92	97.8	+	0	0	517I92M783I	2354022 Even1_315583	277349
H	20618	92	97.8	+	0	0	507I92M783I	2354022 Even1_315583	348622
H	41873	92	98.9	+	0	0	515I92M784I	2354022 Even1_315583	188321
L	788	1347	*	*	*	*	*	1076587	*
H	788	92	98.9	+	0	0	490I92M765I	2354022 Even1_315583	1076587
H	40169	92	98.9	+	0	0	516I92M784I	2354022 Even1_315583	197248
L	68393	1413	*	*	*	*	*	2990918	*
H	68393	101	98.0	+	0	0	477I101M835I	23706 Even4_327709	2990918
L	29289	1342	*	*	*	*	*	288004	*
H	29289	101	98.0	+	0	0	495I101M746I	23706 Even4_327709	288004
L	23212	1365	*	*	*	*	*	329688	*
H	23212	101	98.0	+	0	0	496I101M768I	23706 Even4_327709	329688
L	28683	1364	*	*	*	*	*	291811	*
H	28683	101	98.0	+	0	0	496I101M767I	23706 Even4_327709	291811
L	28298	1367	*	*	*	*	*	294210	*
H	28298	101	98.0	+	0	0	499I101M767I	23706 Even4_327709	294210
L	77476	1454	*	*	*	*	*	4143457	*
H	77476	101	100.0	+	0	0	491I101M862I	237444 Even1_35	4143457
L	85980	1467	*	*	*	*	*	4369988	*
H	85980	101	100.0	+	0	0	519I101M847I	237444 Even1_35	4369988
L	28497	1388	*	*	*	*	*	292820	*
H	28497	101	100.0	+	0	0	533I101M754I	237444 Even1_35	292820
L	33582	1474	*	*	*	*	*	255359	*
H	33582	101	100.0	+	0	0	513I101M860I	237444 Even1_35	255359
L	28560	1406	*	*	*	*	*	292424	*
H	28560	101	100.0	+	0	0	524I101M781I	237444 Even1_35	292424
L	16009	1393	*	*	*	*	*	526081	*
H	16009	101	98.0	+	0	0	516I101M776I	238594 Even1_95957	526081
L	35972	1380	*	*	*	*	*	237945	*
H	35972	101	98.0	+	0	0	407I101M872I	238594 Even1_95957	237945
L	74973	1499	*	*	*	*	*	812218	*
H	74973	101	97.0	+	0	0	517I101M881I	238594 Even1_95957	812218
L	32182	1479	*	*	*	*	*	264507	*
H	32182	101	97.0	+	0	0	505I101M873I	238594 Even1_95957	264507
H	58149	91	97.8	+	0	0	505I91M844I	239358 Even1_74034	1740498
L	78187	1434	*	*	*	*	*	4234212	*
H	78187	91	97.8	+	0	0	488I91M855I	239358 Even1_74034	4234212
H	25614	91	97.8	+	0	0	526I91M781I	239358 Even1_74034	312140
L	31106	1443	*	*	*	*	*	271214	*
H	31106	91	97.8	+	0	0	526I91M826I	239358 Even1_74034	271214
L	42717	1391	*	*	*	*	*	183662	*
H	42717	91	97.8	+	0	0	521I91M779I	239358 Even1_74034	183662
L	45159	1508	*	*	*	*	*	167120	*
H	45159	101	97.0	+	0	0	527I101M880I	239362 Even3_7356	167120
L	41113	1363	*	*	*	*	*	192342	*
H	41113	101	97.0	+	0	0	430I101M832I	239362 Even3_7356	192342
L	93773	1455	*	*	*	*	*	4452050	*
H	93773	101	98.0	+	0	0	493I101M861I	239362 Even3_7356	4452050
L	48740	1507	*	*	*	*	*	138826	*
H	48740	101	97.0	+	0	0	526I101M880I	239362 Even3_7356	138826
L	35762	1416	*	*	*	*	*	239362	*
H	35762	101	99.0	+	0	0	480I101M835I	239362 Even3_7356	239362
L	73212	1437	*	*	*	*	*	3598692	*
H	73212	96	97.9	+	0	0	486I96M855I	24546 Even3_30136	3598692
L	14268	1358	*	*	*	*	*	542096	*
H	14268	96	97.9	+	0	0	495I96M767I	24546 Even3_30136	542096
L	42135	1394	*	*	*	*	*	186888	*
H	42135	96	97.9	+	0	0	515I96M783I	24546 Even3_30136	186888
L	91847	1439	*	*	*	*	*	4431558	*
H	91847	96	97.9	+	0	0	494I96M849I	24546 Even3_30136	4431558
L	41159	1389	*	*	*	*	*	192133	*
H	41159	96	97.9	+	0	0	514I96M779I	24546 Even3_30136	192133
H	7341	101	99.0	+	0	0	524I101M874I	246846 Even1_17140	610462
H	36696	101	97.0	+	0	0	480I101M877I	246846 Even1_17140	230213
H	82585	101	98.0	+	0	0	513I59MI42M899I	246846 Even1_17140	4334501
H	5495	101	97.0	+	0	0	501I101M883I	246846 Even1_17140	744029
L	3039	1446	*	*	*	*	*	4484484	*
H	3039	101	99.0	+	0	0	479I101M866I	246846 Even1_17140	4484484
L	64338	1460	*	*	*	*	*	2499530	*
H	64338	101	99.0	+	0	0	510I101M849I	2499530 Even3_81625	2499530
H	42564	101	98.0	+	0	0	488I101M777I	2499530 Even3_81625	184497
L	91012	1446	*	*	*	*	*	4422656	*
H	91012	101	98.0	+	0	0	488I101M857I	2499530 Even3_81625	4422656
H	41633	101	98.0	+	0	0	512I101M774I	2499530 Even3_81625	189667
L	85373	1453	*	*	*	*	*	4363553	*
H	85373	101	98.0	+	0	0	492I101M860I	2499530 Even3_81625	4363553
L	43033	1496	*	*	*	*	*	182065	*
H	43033	101	100.0	+	0	0	516I101M879I	25005 Even3_197648	182065
L	15963	1365	*	*	*	*	*	526745	*
H	15963	101	100.0	+	0	0	518I101M746I	25005 Even3_197648	526745
L	16905	1395	*	*	*	*	*	514533	*
H	16905	101	100.0	+	0	0	518I101M776I	25005 Even3_197648	514533
L	53998	1447	*	*	*	*	*	45296	*
H	53998	101	100.0	+	0	0	493I101M853I	25005 Even3_197648	45296
L	15696	1392	*	*	*	*	*	529889	*
H	15696	101	100.0	+	0	0	520I101M771I	25005 Even3_197648	529889
L	64603	1447	*	*	*	*	*	2532173	*
H	64603	101	100.0	+	0	0	499I101M847I	2532173 Even4_72998	2532173
L	41800	1390	*	*	*	*	*	188820	*
H	41800	101	99.0	+	0	0	514I101M775I	2532173 Even4_72998	188820
L	42369	1391	*	*	*	*	*	185652	*
H	42369	101	100.0	+	0	0	516I101M774I	2532173 Even4_72998	185652
L	43946	1391	*	*	*	*	*	177224	*
H	43946	101	100.0	+	0	0	516I101M774I	2532173 Even4_72998	177224
L	43254	1383	*	*	*	*	*	180874	*
H	43254	101	100.0	+	0	0	508I101M774I	2532173 Even4_72998	180874
L	27761	1400	*	*	*	*	*	297641	*
H	27761	101	97.0	+	0	0	518I101M781I	253380 Even1_4336	297641
H	27714	101	98.0	+	0	0	515I101M774I	253380 Even1_4336	297917
L	26896	1399	*	*	*	*	*	302880	*
H	26896	101	99.0	+	0	0	525I101M773I	255359 Even3_27107	302880
L	36037	1442	*	*	*	*	*	237444	*
H	36037	101	99.0	+	0	0	484I101M857I	255359 Even3_27107	237444
H	33582	101	99.0	+	0	0	513I101M860I	255359 Even3_27107	255359
L	20569	1408	*	*	*	*	*	349024	*
H	20569	101	99.0	+	0	0	534I101M773I	255359 Even3_27107	349024
L	25030	1403	*	*	*	*	*	316587	*
H	25030	101	99.0	+	0	0	533I101M769I	255359 Even3_27107	316587
L	30468	1393	*	*	*	*	*	275132	*
H	30468	90	98.9	+	0	0	515I90M788I	258641 Even4_48614	275132
L	31450	1373	*	*	*	*	*	269161	*
H	31450	90	98.9	+	0	0	500I90M783I	258641 Even4_48614	269161
L	32157	1392	*	*	*	*	*	264693	*
H	32157	90	98.9	+	0	0	517I90M785I	258641 Even4_48614	264693
L	33169	1390	*	*	*	*	*	258641	*
H	33169	90	98.9	+	0	0	512I90M788I	258641 Even4_48614	258641
L	30988	1397	*	*	*	*	*	271944	*
H	30988	90	98.9	+	0	0	522I90M785I	258641 Even4_48614	271944
L	15746	1375	*	*	*	*	*	529377	*
H	15746	101	97.0	+	0	0	502I89MD11M773I	259494 Even1_268038	529377
L	33026	1389	*	*	*	*	*	259511	*
H	33026	101	98.0	+	0	0	516I101M772I	259511 Even1_257493	259511
L	32749	1391	*	*	*	*	*	261142	*
H	32749	101	98.0	+	0	0	516I101M774I	259511 Even1_257493	261142
L	65126	1428	*	*	*	*	*	2599028	*
H	65126	101	100.0	+	0	0	492I101M835I	2599028 Even1_135661	2599028
L	71882	1429	*	*	*	*	*	3426658	*
H	71882	101	99.0	+	0	0	491I101M837I	2599028 Even1_135661	3426658
L	71755	1426	*	*	*	*	*	3410999	*
H	71755	101	99.0	+	0	0	498I101M827I	2599028 Even1_135661	3410999
L	70655	1427	*	*	*	*	*	3272632	*
H	70655	101	99.0	+	0	0	486I101M840I	2599028 Even1_135661	3272632
H	70506	101	99.0	+	0	0	501I101M834I	2599028 Even1_135661	3256931
L	65135	1436	*	*	*	*	*	2599837	*
H	65135	101	100.0	+	0	0	487I101M848I	2599837 Even1_171567	2599837
H	61012	101	99.0	+	0	0	504I101M842I	2599837 Even1_171567	2085032
L	53153	1445	*	*	*	*	*	71331	*
H	53153	101	97.0	+	0	0	503I101M841I	2599837 Even1_171567	71331
H	66558	101	98.0	+	0	0	491I101M850I	2599837 Even1_171567	2768843
H	84501	101	99.0	+	0	0	523I101M768I	2599837 Even1_171567	4354041
L	32752	1392	*	*	*	*	*	261132	*
H	32752	91	98.9	+	0	0	519I91M782I	261132 Even4_110756	261132
L	32951	1402	*	*	*	*	*	259884	*
H	32951	91	97.8	+	0	0	526I91M785I	261132 Even4_110756	259884
L	22584	1396	*	*	*	*	*	334267	*
H	22584	91	97.8	+	0	0	517I91M788I	261132 Even4_110756	334267
L	21195	1395	*	*	*	*	*	344329	*
H	21195	91	97.8	+	0	0	526I91M778I	261132 Even4_110756	344329
L	22351	1399	*	*	*	*	*	335952	*
H	22351	91	97.8	+	0	0	527I91M781I	261132 Even4_110756	335952
L	90171	1434	*	*	*	*	*	4414420	*
H	90171	101	97.0	+	0	0	498I101M835I	2612863 Even1_149415	4414420
L	43751	1395	*	*	*	*	*	178253	*
H	43751	101	97.0	+	0	0	525I101M769I	2612863 Even1_149415	178253
H	63476	101	97.0	+	0	0	485I101M848I	2612863 Even1_149415	2388617
H	20457	101	97.0	+	0	0	501I101M751I	2612863 Even1_149415	349809
L	25523	1357	*	*	*	*	*	312770	*
H	25523	101	97.0	+	0	0	505I101M751I	2612863 Even1_149415	312770
L	32153	1396	*	*	*	*	*	264734	*
H	32153	94	97.9	+	0	0	531I94M771I	262166 Even4_9501	264734
L	32587	1404	*	*	*	*	*	262166	*
H	32587	94	97.9	+	0	0	531I94M779I	262166 Even4_9501	262166
N	*	101	*	*	*	*	*	263138 Even3_111877	*
L	72050	1439	*	*	*	*	*	3450454	*
H	72050	101	97.0	+	0	0	484I101M854I	263645 Even4_222991	3450454
L	32337	1393	*	*	*	*	*	263645	*
H	32337	101	99.0	+	0	0	515I101M777I	263645 Even4_222991	263645
L	65887	1425	*	*	*	*	*	2688035	*
H	65887	101	97.0	+	0	0	474I101M850I	263645 Even4_222991	2688035
L	19228	1358	*	*	*	*	*	361556	*
H	19228	101	97.0	+	0	0	496I101M761I	263645 Even4_222991	361556
L	40047	1400	*	*	*	*	*	197930	*
H	40047	101	97.0	+	0	0	517I101M782I	263645 Even4_222991	197930
L	69280	1453	*	*	*	*	*	727507	*
H	69280	101	98.0	+	0	0	495I101M857I	264507 Even1_11349	727507
L	29255	1390	*	*	*	*	*	288224	*
H	29255	101	97.0	+	0	0	515I101M774I	264507 Even1_11349	288224
L	22527	1444	*	*	*	*	*	334661	*
H	22527	101	97.0	+	0	0	485I101M858I	264507 Even1_11349	334661
L	21493	1494	*	*	*	*	*	342085	*
H	21493	101	98.0	+	0	0	517I94MI7M875I	264507 Even1_11349	342085
L	77769	1423	*	*	*	*	*	784256	*
H	77769	101	98.0	+	0	0	412I101M910I	264507 Even1_11349	784256
L	29349	1379	*	*	*	*	*	287597	*
H	29349	101	98.0	+	0	0	504I101M774I	265563 Even4_172169	287597
H	6786	101	98.0	+	0	0	485I80MI21M769I	265563 Even4_172169	649107
L	31073	1398	*	*	*	*	*	271406	*
H	31073	101	98.0	+	0	0	526I101M771I	265563 Even4_172169	271406
L	71589	1496	*	*	*	*	*	3392840	*
H	71589	101	98.0	+	0	0	518I101M877I	265563 Even4_172169	3392840
N	*	101	*	*	*	*	*	267626 Even3_301113	*
H	65869	101	100.0	+	0	0	493I101M855I	2686590 Even3_60549	2686590
H	18774	101	98.0	+	0	0	473I101M763I	2686590 Even3_60549	369429
L	44126	1353	*	*	*	*	*	176192	*
H	44126	101	98.0	+	0	0	478I101M774I	2686590 Even3_60549	176192
H	20067	101	99.0	+	0	0	515I101M776I	2686590 Even3_60549	352529
H	41371	101	98.0	+	0	0	514I101M775I	2686590 Even3_60549	191050
L	17858	1525	*	*	*	*	*	470117	*
H	17858	96	97.9	+	0	0	519I96M910I	268693 Even4_208482	470117
L	31536	1397	*	*	*	*	*	268693	*
H	31536	96	97.9	+	0	0	519I96M782I	268693 Even4_208482	268693
H	19228	101	97.0	+	0	0	496I101M761I	2688035 Even4_67867	361556
H	65887	101	97.0	+	0	0	474I101M850I	2688035 Even4_67867	2688035
L	31422	1444	*	*	*	*	*	269327	*
H	31422	101	100.0	+	0	0	512I101M831I	269327 Even3_18441	269327
H	78575	101	99.0	+	0	0	485I101M861I	269327 Even3_18441	4281639
L	29151	1386	*	*	*	*	*	288941	*
H	29151	101	97.0	+	0	0	509I101M776I	269327 Even3_18441	288941
H	44538	101	99.0	+	0	0	517I101M774I	269327 Even3_18441	173945
L	76467	1436	*	*	*	*	*	4015729	*
H	76467	101	99.0	+	0	0	490I101M845I	269327 Even3_18441	4015729
L	21710	1358	*	*	*	*	*	340476	*
H	21710	101	99.0	+	0	0	505I101M752I	271259 Even1_53077	340476
L	18993	1384	*	*	*	*	*	365496	*
H	18993	101	99.0	+	0	0	526I101M757I	271259 Even1_53077	365496
L	62180	1432	*	*	*	*	*	2224336	*
H	62180	101	99.0	+	0	0	491I101M840I	271259 Even1_53077	2224336
H	57818	101	99.0	+	0	0	491I101M848I	271259 Even1_53077	1698008
L	31098	1395	*	*	*	*	*	271259	*
H	31098	101	99.0	+	0	0	526I101M768I	271259 Even1_53077	271259
H	21391	101	97.0	+	0	0	495I101M765I	271750 Even3_35550	342844
H	42823	101	97.0	+	0	0	515I101M771I	271750 Even3_35550	183139
H	20067	101	98.0	+	0	0	515I101M776I	272886 Even1_284779	352529
L	30843	1357	*	*	*	*	*	272886	*
H	30843	101	99.0	+	0	0	412I101M844I	272886 Even1_284779	272886
L	44530	1387	*	*	*	*	*	174008	*
H	44530	101	97.0	+	0	0	512I101M774I	272886 Even1_284779	174008
H	87987	101	98.0	+	0	0	485I101M865I	272886 Even1_284779	4390966
H	21665	101	98.0	+	0	0	515I101M775I	272886 Even1_284779	340759
H	16275	101	100.0	+	0	0	522I101M771I	2730944 Even1_206	522595
L	46105	1454	*	*	*	*	*	158215	*
H	46105	101	100.0	+	0	0	507I101M846I	2730944 Even1_206	158215
L	66269	1448	*	*	*	*	*	2730944	*
H	66269	101	100.0	+	0	0	492I101M855I	2730944 Even1_206	2730944
H	46140	101	100.0	+	0	0	510I101M846I	2730944 Even1_206	157921
H	46141	101	100.0	+	0	0	506I101M848I	2730944 Even1_206	157905
H	70669	101	99.0	+	0	0	310I101M902I	2750316 Even1_69543	755474
H	23132	101	99.0	+	0	0	527I101M764I	2750316 Even1_69543	330294
H	23917	101	99.0	+	0	0	520I101M763I	2750316 Even1_69543	324733
H	26660	101	99.0	+	0	0	522I101M771I	2750316 Even1_69543	304563
H	26841	101	99.0	+	0	0	523I101M766I	2750316 Even1_69543	303221
L	41869	1387	*	*	*	*	*	188333	*
H	41869	101	98.0	+	0	0	511I101M775I	276643 Even3_20675	188333
L	44780	1447	*	*	*	*	*	171532	*
H	44780	101	97.0	+	0	0	489I101M857I	276643 Even3_20675	171532
L	21474	1393	*	*	*	*	*	342231	*
H	21474	101	97.0	+	0	0	519I101M773I	276643 Even3_20675	342231
L	86599	1529	*	*	*	*	*	4376828	*
H	86599	101	97.0	+	0	0	512I101M916I	28109 Even3_121009	4376828
H	12090	101	98.0	+	0	0	503I101M777I	28109 Even3_121009	559527
L	83861	1359	*	*	*	*	*	4347159	*
H	83861	101	98.0	+	0	0	499I101M759I	28109 Even3_121009	4347159
L	11012	1410	*	*	*	*	*	567846	*
H	11012	101	97.0	+	0	0	513I101M796I	28109 Even3_121009	567846
L	8811	1491	*	*	*	*	*	584375	*
H	8811	101	97.0	+	0	0	507I101M883I	28109 Even3_121009	584375
L	59938	1449	*	*	*	*	*	1951826	*
H	59938	101	100.0	+	0	0	498I101M850I	284014 Even1_60	1951826
L	65897	1444	*	*	*	*	*	2689396	*
H	65897	101	100.0	+	0	0	504I101M839I	284014 Even1_60	2689396
L	91316	1416	*	*	*	*	*	4425571	*
H	91316	101	100.0	+	0	0	481I101M834I	284014 Even1_60	4425571
L	55512	1522	*	*	*	*	*	10180	*
H	55512	101	100.0	+	0	0	522I101M899I	284014 Even1_60	10180
L	62659	1453	*	*	*	*	*	2281837	*
H	62659	101	100.0	+	0	0	491I101M861I	284014 Even1_60	2281837
L	27347	1392	*	*	*	*	*	300267	*
H	27347	101	97.0	+	0	0	517I101M774I	2868079 Even3_129705	300267
L	67903	1442	*	*	*	*	*	2932151	*
H	67903	101	98.0	+	0	0	483I101M858I	2868079 Even3_129705	2932151
L	28093	1393	*	*	*	*	*	295629	*
H	28093	101	97.0	+	0	0	517I101M775I	2868079 Even3_129705	295629
L	93752	1457	*	*	*	*	*	4451899	*
H	93752	101	98.0	+	0	0	495I101M861I	2868079 Even3_129705	4451899
L	16849	1383	*	*	*	*	*	515279	*
H	16849	101	97.0	+	0	0	507I101M775I	2868079 Even3_129705	515279
L	41984	1387	*	*	*	*	*	187720	*
H	41984	101	97.0	+	0	0	511I101M775I	287755 Even1_24302	187720
H	21687	101	98.0	+	0	0	501I101M776I	287755 Even1_24302	340642
H	28497	101	98.0	+	0	0	533I101M754I	287813 Even1_176624	292820
H	28560	101	98.0	+	0	0	524I101M781I	287813 Even1_176624	292424
H	25030	101	98.0	+	0	0	533I101M769I	287813 Even1_176624	316587
L	60296	1439	*	*	*	*	*	1997391	*
H	60296	101	98.0	+	0	0	493I101M845I	287813 Even1_176624	1997391
L	95850	1510	*	*	*	*	*	4473883	*
H	95850	101	98.0	+	0	0	533I101M876I	287813 Even1_176624	4473883
L	26178	1392	*	*	*	*	*	308170	*
H	26178	91	98.9	+	0	0	523I91M778I	287823 Even4_36524	308170
L	17523	1483	*	*	*	*	*	509989	*
H	17523	91	98.9	+	0	0	523I91M869I	287823 Even4_36524	509989
L	29315	1394	*	*	*	*	*	287823	*
H	29315	91	98.9	+	0	0	523I91M780I	287823 Even4_36524	287823
L	22971	1394	*	*	*	*	*	331453	*
H	22971	91	98.9	+	0	0	523I91M780I	287823 Even4_36524	331453
L	25979	1379	*	*	*	*	*	309696	*
H	25979	77	98.7	+	0	0	507I77M795I	288235 Even3_98694	309696
H	27529	77	100.0	+	0	0	533I77M800I	288235 Even3_98694	299151
L	80617	1407	*	*	*	*	*	4313711	*
H	80617	77	98.7	+	0	0	485I77M845I	288235 Even3_98694	4313711
L	29224	1408	*	*	*	*	*	288417	*
H	29224	77	100.0	+	0	0	533I77M798I	288235 Even3_98694	288417
L	23401	1408	*	*	*	*	*	328283	*
H	23401	77	100.0	+	0	0	533I77M798I	288235 Even3_98694	328283
L	42673	1389	*	*	*	*	*	183849	*
H	42673	101	99.0	+	0	0	514I101M774I	288367 Even1_24223	183849
L	29232	1391	*	*	*	*	*	288367	*
H	29232	101	99.0	+	0	0	515I101M775I	288367 Even1_24223	288367
L	50517	1522	*	*	*	*	*	110944	*
H	50517	101	99.0	+	0	0	514I101M907I	288367 Even1_24223	110944
L	41607	1392	*	*	*	*	*	189807	*
H	41607	101	99.0	+	0	0	517I101M774I	288367 Even1_24223	189807
L	27780	1367	*	*	*	*	*	297529	*
H	27780	101	99.0	+	0	0	513I101M753I	288367 Even1_24223	297529
H	29224	101	100.0	+	0	0	533I101M774I	288417 Even4_24784	288417
H	25030	101	99.0	+	0	0	533I101M769I	288417 Even4_24784	316587
H	36037	101	99.0	+	0	0	484I101M857I	288417 Even4_24784	237444
L	28993	1407	*	*	*	*	*	289925	*
H	28993	101	99.0	+	0	0	533I101M773I	288417 Even4_24784	289925
H	27781	101	99.0	+	0	0	533I101M734I	288417 Even4_24784	297525
L	41817	1396	*	*	*	*	*	188706	*
H	41817	101	97.0	+	0	0	526I101M769I	288889 Even1_501	188706
L	38341	1493	*	*	*	*	*	213566	*
H	38341	101	97.0	+	0	0	527I101M865I	288889 Even1_501	213566
L	93502	1446	*	*	*	*	*	4449055	*
H	93502	101	97.0	+	0	0	501I101M844I	288889 Even1_501	4449055
L	38457	1493	*	*	*	*	*	212164	*
H	38457	101	97.0	+	0	0	527I101M865I	288889 Even1_501	212164
H	18993	101	97.0	+	0	0	526I101M757I	288889 Even1_501	365496
L	29153	1375	*	*	*	*	*	288930	*
H	29153	101	100.0	+	0	0	506I101M768I	288930 Even4_2036	288930
L	21487	1390	*	*	*	*	*	342110	*
H	21487	101	99.0	+	0	0	515I101M774I	288930 Even4_2036	342110
H	2975	101	98.0	+	0	0	515I101M876I	288930 Even4_2036	839200
H	85341	101	98.0	+	0	0	497I101M756I	288930 Even4_2036	4363269
L	23371	1395	*	*	*	*	*	328523	*
H	23371	101	97.0	+	0	0	523I101M771I	288930 Even4_2036	328523
L	33868	1489	*	*	*	*	*	253380	*
H	33868	93	97.8	+	0	0	507I93M889I	288955 Even1_179454	253380
H	42921	93	97.8	+	0	0	515I93M783I	288955 Even1_179454	182656
H	52925	93	97.8	+	0	0	411I93M888I	288955 Even1_179454	77458
H	19889	93	97.8	+	0	0	515I93M782I	288955 Even1_179454	353791
L	41964	1392	*	*	*	*	*	187812	*
H	41964	93	97.8	+	0	0	517I93M782I	288955 Even1_179454	187812
H	62659	101	99.0	+	0	0	491I101M861I	289709 Even4_253629	2281837
L	60331	1389	*	*	*	*	*	1108706	*
H	60331	101	99.0	+	0	0	454I101M834I	289709 Even4_253629	1108706
L	29028	1400	*	*	*	*	*	289709	*
H	29028	101	99.0	+	0	0	526I101M773I	289709 Even4_253629	289709
L	36599	1507	*	*	*	*	*	231787	*
H	36599	101	99.0	+	0	0	526I101M880I	289709 Even4_253629	231787
L	83476	1434	*	*	*	*	*	4343005	*
H	83476	101	99.0	+	0	0	486I101M847I	289709 Even4_253629	4343005
L	78471	1436	*	*	*	*	*	4268506	*
H	78471	101	97.0	+	0	0	496I101M839I	289927 Even4_37994	4268506
L	50563	1440	*	*	*	*	*	110625	*
H	50563	101	97.0	+	0	0	515I101M824I	289927 Even4_37994	110625
L	28991	1390	*	*	*	*	*	289929	*
H	28991	95	98.9	+	0	0	515I95M780I	289929 Even1_291091	289929
L	67651	1423	*	*	*	*	*	2902741	*
H	67651	101	100.0	+	0	0	488I101M834I	2902741 Even4_163988	2902741
H	42027	101	99.0	+	0	0	523I101M770I	2902741 Even4_163988	187443
H	40546	101	99.0	+	0	0	524I101M771I	2902741 Even4_163988	195258
H	42150	101	99.0	+	0	0	527I101M768I	2902741 Even4_163988	186841
H	42885	101	99.0	+	0	0	527I101M769I	2902741 Even4_163988	182874
L	40730	1391	*	*	*	*	*	194416	*
H	40730	101	99.0	+	0	0	515I101M775I	290362 Even1_18818	194416
L	43481	1382	*	*	*	*	*	179657	*
H	43481	101	99.0	+	0	0	505I101M776I	290362 Even1_18818	179657
L	42103	1377	*	*	*	*	*	187050	*
H	42103	101	99.0	+	0	0	499I101M777I	290362 Even1_18818	187050
L	95341	1451	*	*	*	*	*	4468506	*
H	95341	101	99.0	+	0	0	492I101M858I	290362 Even1_18818	4468506
L	40774	1390	*	*	*	*	*	194207	*
H	40774	101	99.0	+	0	0	515I101M774I	290362 Even1_18818	194207
L	61259	1542	*	*	*	*	*	1140756	*
H	61259	94	97.9	+	0	0	533I94M915I	290735 Even1_241305	1140756
L	28853	1408	*	*	*	*	*	290735	*
H	28853	94	97.9	+	0	0	533I71MI23M780I	290735 Even1_241305	290735
L	80038	1558	*	*	*	*	*	4307897	*
H	80038	94	97.9	+	0	0	547I94M917I	290735 Even1_241305	4307897
H	95850	90	98.9	+	0	0	533I90M887I	290759 Even4_211236	4473883
H	77476	90	98.9	+	0	0	491I90M873I	290759 Even4_211236	4143457
L	28786	1409	*	*	*	*	*	291195	*
H	28786	90	98.9	+	0	0	533I90M786I	290759 Even4_211236	291195
L	28850	1412	*	*	*	*	*	290759	*
H	28850	90	100.0	+	0	0	533I60MI30M788I	290759 Even4_211236	290759
L	782	1369	*	*	*	*	*	1076969	*
H	782	90	97.8	+	0	0	513I90M766I	290759 Even4_211236	1076969
L	34438	1455	*	*	*	*	*	249142	*
H	34438	101	97.0	+	0	0	497I101M857I	291267 Even1_8545	249142
L	28776	1381	*	*	*	*	*	291267	*
H	28776	101	99.0	+	0	0	504I101M776I	291267 Even1_8545	291267
L	59991	1370	*	*	*	*	*	732637	*
H	59991	101	97.0	+	0	0	497I101M772I	291784 Even1_80296	732637
H	44759	101	97.0	+	0	0	517I101M862I	291784 Even1_80296	171718
H	44150	101	97.0	+	0	0	514I101M774I	291784 Even1_80296	176080
H	44538	101	97.0	+	0	0	517I101M774I	291784 Even1_80296	173945
H	86376	101	97.0	+	0	0	488I101M846I	291784 Even1_80296	4374302
H	40730	101	98.0	+	0	0	515I101M775I	291794 Even3_22006	194416
H	43481	101	98.0	+	0	0	505I101M776I	291794 Even3_22006	179657
H	42103	101	98.0	+	0	0	499I101M777I	291794 Even3_22006	187050
H	95341	101	98.0	+	0	0	492I101M858I	291794 Even3_22006	4468506
H	40774	101	98.0	+	0	0	515I101M774I	291794 Even3_22006	194207
L	10970	1385	*	*	*	*	*	568118	*
H	10970	101	98.0	+	0	0	517I101M767I	292041 Even4_153237	568118
L	25477	1401	*	*	*	*	*	313121	*
H	25477	101	98.0	+	0	0	528I101M772I	292041 Even4_153237	313121
H	28636	101	98.0	+	0	0	528I101M772I	292041 Even4_153237	292041
H	92339	101	98.0	+	0	0	523I101M753I	292041 Even4_153237	4436552
H	89440	101	98.0	+	0	0	493I101M844I	292041 Even4_153237	4406684
H	28600	101	100.0	+	0	0	515I101M774I	292216 Even1_33366	292216
L	26872	1390	*	*	*	*	*	303037	*
H	26872	101	100.0	+	0	0	515I101M774I	292216 Even1_33366	303037
L	23876	1391	*	*	*	*	*	325098	*
H	23876	101	100.0	+	0	0	515I101M775I	292216 Even1_33366	325098
H	24247	101	100.0	+	0	0	506I101M774I	292216 Even1_33366	322137
L	26150	1390	*	*	*	*	*	308338	*
H	26150	101	100.0	+	0	0	515I101M774I	292216 Even1_33366	308338
L	81950	1486	*	*	*	*	*	4327628	*
H	81950	101	98.0	+	0	0	517I101M868I	292289 Even4_79239	4327628
L	84543	1375	*	*	*	*	*	4354477	*
H	84543	101	98.0	+	0	0	467I101M807I	292289 Even4_79239	4354477
L	9189	1367	*	*	*	*	*	581782	*
H	9189	101	98.0	+	0	0	527I101M739I	292289 Even4_79239	581782
H	82004	101	97.0	+	0	0	436I101M844I	292289 Even4_79239	4328189
L	86442	1506	*	*	*	*	*	4375000	*
H	86442	101	98.0	+	0	0	526I101M879I	292289 Even4_79239	4375000
L	76302	1493	*	*	*	*	*	792436	*
H	76302	101	100.0	+	0	0	517I101M875I	292399 Even3_202	792436
H	40047	101	100.0	+	0	0	517I101M782I	292399 Even3_202	197930
L	82826	1440	*	*	*	*	*	4336731	*
H	82826	101	100.0	+	0	0	476I101M863I	292399 Even3_202	4336731
L	28736	1390	*	*	*	*	*	291496	*
H	28736	101	100.0	+	0	0	515I101M774I	292399 Even3_202	291496
L	82824	1431	*	*	*	*	*	4336728	*
H	82824	101	100.0	+	0	0	480I101M850I	292399 Even3_202	4336728
L	96642	1439	*	*	*	*	*	4481861	*
H	96642	101	99.0	+	0	0	507I101M831I	292521 Even3_384	4481861
L	28542	1499	*	*	*	*	*	292521	*
H	28542	101	100.0	+	0	0	498I101M900I	292521 Even3_384	292521
L	68174	1446	*	*	*	*	*	1142029	*
H	68174	101	99.0	+	0	0	485I101M860I	292521 Even3_384	1142029
L	64824	1508	*	*	*	*	*	822770	*
H	64824	101	99.0	+	0	0	495I101M912I	292521 Even3_384	822770
L	17850	1547	*	*	*	*	*	484304	*
H	17850	101	99.0	+	0	0	528I101M918I	292521 Even3_384	484304
L	17569	1401	*	*	*	*	*	509636	*
H	17569	101	98.0	+	0	0	528I101M772I	292921 Even1_610	509636
H	20710	101	98.0	+	0	0	527I101M746I	292921 Even1_610	347875
L	16908	1402	*	*	*	*	*	514512	*
H	16908	101	98.0	+	0	0	528I101M773I	292921 Even1_610	514512
L	20841	1366	*	*	*	*	*	346938	*
H	20841	101	98.0	+	0	0	528I101M737I	292921 Even1_610	346938
H	16746	101	97.0	+	0	0	528I101M771I	292921 Even1_610	516464
L	83642	1429	*	*	*	*	*	4344643	*
H	83642	94	98.9	+	0	0	485I94M850I	2932151 Even1_30970	4344643
L	42259	1384	*	*	*	*	*	186168	*
H	42259	94	98.9	+	0	0	513I94M777I	2932151 Even1_30970	186168
L	11545	1491	*	*	*	*	*	563572	*
H	11545	94	97.9	+	0	0	514I94M883I	2932151 Even1_30970	563572
L	41565	1390	*	*	*	*	*	189996	*
H	41565	94	98.9	+	0	0	515I94M781I	2932151 Even1_30970	189996
L	58391	1437	*	*	*	*	*	1769960	*
H	58391	94	98.9	+	0	0	485I94M858I	2932151 Even1_30970	1769960
L	41668	1390	*	*	*	*	*	189459	*
H	41668	101	100.0	+	0	0	515I101M774I	293508 Even1_87352	189459
L	41133	1375	*	*	*	*	*	192234	*
H	41133	101	100.0	+	0	0	506I101M768I	293508 Even1_87352	192234
L	41383	1388	*	*	*	*	*	190984	*
H	41383	101	100.0	+	0	0	513I101M774I	293508 Even1_87352	190984
L	42978	1378	*	*	*	*	*	182343	*
H	42978	101	100.0	+	0	0	513I101M764I	293508 Even1_87352	182343
L	17949	1350	*	*	*	*	*	456774	*
H	17949	101	100.0	+	0	0	493I101M756I	293508 Even1_87352	456774
L	28379	1390	*	*	*	*	*	293600	*
H	28379	101	100.0	+	0	0	515I101M774I	293600 Even4_6874	293600
L	22669	1392	*	*	*	*	*	333580	*
H	22669	101	100.0	+	0	0	517I101M774I	293600 Even4_6874	333580
L	22820	1390	*	*	*	*	*	332500	*
H	22820	101	100.0	+	0	0	515I101M774I	293600 Even4_6874	332500
L	21769	1391	*	*	*	*	*	340025	*
H	21769	101	100.0	+	0	0	516I101M774I	293600 Even4_6874	340025
H	43203	101	99.0	+	0	0	502I101M774I	293600 Even4_6874	181167
L	29037	1392	*	*	*	*	*	289636	*
H	29037	101	98.0	+	0	0	516I101M775I	293990 Even1_131219	289636
H	23379	101	97.0	+	0	0	482I101M861I	293990 Even1_131219	328466
H	22554	101	99.0	+	0	0	484I101M859I	293990 Even1_131219	334427
L	12822	1496	*	*	*	*	*	553654	*
H	12822	101	97.0	+	0	0	517I101M878I	293990 Even1_131219	553654
L	28753	1378	*	*	*	*	*	291416	*
H	28753	101	97.0	+	0	0	503I101M774I	293990 Even1_131219	291416
L	41258	1389	*	*	*	*	*	191608	*
H	41258	101	99.0	+	0	0	515I101M773I	294022 Even1_171444	191608
H	42921	101	99.0	+	0	0	515I101M775I	294022 Even1_171444	182656
H	41250	101	99.0	+	0	0	517I101M775I	294022 Even1_171444	191658
L	25861	1390	*	*	*	*	*	310608	*
H	25861	101	99.0	+	0	0	515I101M774I	294022 Even1_171444	310608
H	42329	101	99.0	+	0	0	516I101M770I	294022 Even1_171444	185834
H	41395	96	99.0	+	0	0	513I96M780I	294353 Even4_164622	190948
L	27836	1390	*	*	*	*	*	297150	*
H	27836	96	97.9	+	0	0	514I96M780I	294353 Even4_164622	297150
H	22669	96	97.9	+	0	0	517I96M779I	294353 Even4_164622	333580
H	42921	96	99.0	+	0	0	515I96M780I	294353 Even4_164622	182656
H	43203	96	99.0	+	0	0	502I96M779I	294353 Even4_164622	181167
L	28259	1382	*	*	*	*	*	294440	*
H	28259	101	100.0	+	0	0	504I101M777I	294440 Even4_19796	294440
L	24562	1390	*	*	*	*	*	319938	*
H	24562	101	100.0	+	0	0	515I101M774I	294440 Even4_19796	319938
L	28010	1390	*	*	*	*	*	296103	*
H	28010	101	100.0	+	0	0	515I101M774I	294440 Even4_19796	296103
L	26659	1390	*	*	*	*	*	304568	*
H	26659	101	100.0	+	0	0	515I101M774I	294440 Even4_19796	304568
H	15735	101	98.0	+	0	0	515I101M779I	294440 Even4_19796	529506
L	48504	1534	*	*	*	*	*	141145	*
H	48504	93	97.8	+	0	0	525I93M916I	295053 Even4_1259	141145
L	28152	1384	*	*	*	*	*	295194	*
H	28152	101	100.0	+	0	0	520I101M763I	295194 Even1_278096	295194
H	96557	101	99.0	+	0	0	501I101M756I	295194 Even1_278096	4480861
H	23132	101	99.0	+	0	0	527I101M764I	295194 Even1_278096	330294
H	23917	101	99.0	+	0	0	520I101M763I	295194 Even1_278096	324733
H	26660	101	99.0	+	0	0	522I101M771I	295194 Even1_278096	304563
L	23447	1347	*	*	*	*	*	327969	*
H	23447	101	98.0	+	0	0	495I101M751I	295361 Even4_78364	327969
L	71888	1351	*	*	*	*	*	1013316	*
H	71888	101	99.0	+	0	0	495I101M755I	295361 Even4_78364	1013316
L	71733	1454	*	*	*	*	*	3409363	*
H	71733	101	98.0	+	0	0	493I101M860I	295361 Even4_78364	3409363
L	71729	1439	*	*	*	*	*	3409154	*
H	71729	101	98.0	+	0	0	483I101M855I	295361 Even4_78364	3409154
L	18826	1374	*	*	*	*	*	368462	*
H	18826	101	98.0	+	0	0	495I101M778I	295361 Even4_78364	368462
N	*	101	*	*	*	*	*	295384 Even3_175351	*
H	40505	101	98.0	+	0	0	513I101M774I	295417 Even1_251344	195465
H	74710	101	98.0	+	0	0	492I101M858I	295417 Even1_251344	3794053
H	41004	101	97.0	+	0	0	514I101M774I	295417 Even1_251344	192983
H	43345	101	97.0	+	0	0	514I101M775I	295417 Even1_251344	180414
L	24035	1387	*	*	*	*	*	323862	*
H	24035	101	97.0	+	0	0	512I101M774I	295417 Even1_251344	323862
H	28099	101	97.0	+	0	0	524I101M771I	295554 Even3_80749	295554
H	27265	101	99.0	+	0	0	512I101M774I	295737 Even1_14698	300672
L	16572	1387	*	*	*	*	*	518613	*
H	16572	101	99.0	+	0	0	515I101M771I	295737 Even1_14698	518613
L	25688	1384	*	*	*	*	*	311704	*
H	25688	101	98.0	+	0	0	509I101M774I	295737 Even1_14698	311704
H	27292	101	99.0	+	0	0	487I101M759I	295737 Even1_14698	300517
L	38665	1485	*	*	*	*	*	210092	*
H	38665	101	99.0	+	0	0	507I101M877I	295737 Even1_14698	210092
H	68116	101	99.0	+	0	0	502I101M851I	2957436 Even4_14572	2957436
H	29344	101	99.0	+	0	0	515I101M774I	2957436 Even4_14572	287645
H	21556	101	99.0	+	0	0	515I101M774I	2957436 Even4_14572	341622
H	68649	101	99.0	+	0	0	492I101M860I	2957436 Even4_14572	3021821
H	24669	101	99.0	+	0	0	515I101M774I	2957436 Even4_14572	319165
H	58208	101	98.0	+	0	0	514I101M813I	296470 Even4_879	1749079
L	43924	1396	*	*	*	*	*	177343	*
H	43924	101	98.0	+	0	0	526I101M769I	296470 Even4_879	177343
L	20692	1395	*	*	*	*	*	348027	*
H	20692	101	98.0	+	0	0	525I101M769I	296470 Even4_879	348027
L	20665	1360	*	*	*	*	*	348304	*
H	20665	101	98.0	+	0	0	508I101M751I	296470 Even4_879	348304
H	58149	101	98.0	+	0	0	505I101M834I	296470 Even4_879	1740498
L	118	1495	*	*	*	*	*	1110135	*
H	118	101	97.0	+	0	0	515I101M879I	296872 Even3_13823	1110135
L	16259	1385	*	*	*	*	*	522863	*
H	16259	101	97.0	+	0	0	503I101M781I	296872 Even3_13823	522863
L	54498	1460	*	*	*	*	*	30587	*
H	54498	101	97.0	+	0	0	505I101M854I	296872 Even3_13823	30587
H	15746	101	98.0	+	0	0	502I89MD11M773I	296872 Even3_13823	529377
L	42729	1386	*	*	*	*	*	183603	*
H	42729	101	97.0	+	0	0	526I101M759I	297057 Even1_85211	183603
H	87601	101	99.0	+	0	0	490I101M853I	297057 Even1_85211	4387250
L	45653	1474	*	*	*	*	*	161423	*
H	45653	101	99.0	+	0	0	507I101M866I	297057 Even1_85211	161423
L	72139	1436	*	*	*	*	*	3465233	*
H	72139	101	99.0	+	0	0	490I101M845I	297057 Even1_85211	3465233
L	87816	1439	*	*	*	*	*	4389571	*
H	87816	101	97.0	+	0	0	492I101M846I	297057 Even1_85211	4389571
L	27829	1392	*	*	*	*	*	297182	*
H	27829	101	99.0	+	0	0	516I101M775I	297182 Even1_302021	297182
L	43440	1390	*	*	*	*	*	179865	*
H	43440	101	98.0	+	0	0	515I101M774I	297182 Even1_302021	179865
L	43582	1390	*	*	*	*	*	179151	*
H	43582	101	98.0	+	0	0	515I101M774I	297182 Even1_302021	179151
H	95565	101	98.0	+	0	0	475I101M868I	297182 Even1_302021	4470603
L	40577	1397	*	*	*	*	*	195100	*
H	40577	101	98.0	+	0	0	515I101M781I	297182 Even1_302021	195100
L	22742	1363	*	*	*	*	*	333042	*
H	22742	90	100.0	+	0	0	518I90M755I	297414 Even4_32743	333042
L	20985	1401	*	*	*	*	*	345899	*
H	20985	90	100.0	+	0	0	528I90M783I	297414 Even4_32743	345899
L	20332	1399	*	*	*	*	*	350627	*
H	20332	90	100.0	+	0	0	528I90M781I	297414 Even4_32743	350627
L	25500	1400	*	*	*	*	*	312969	*
H	25500	90	100.0	+	0	0	528I90M782I	297414 Even4_32743	312969
L	27800	1403	*	*	*	*	*	297414	*
H	27800	90	100.0	+	0	0	528I90M785I	297414 Even4_32743	297414
N	*	101	*	*	*	*	*	297529 Even4_55205	*
H	40890	101	99.0	+	0	0	532I101M767I	297635 Even1_25236	193623
L	23187	1398	*	*	*	*	*	329820	*
H	23187	101	99.0	+	0	0	532I101M765I	297635 Even1_25236	329820
H	43402	101	99.0	+	0	0	532I101M770I	297635 Even1_25236	180112
H	42959	101	99.0	+	0	0	531I101M768I	297635 Even1_25236	182483
H	40197	101	99.0	+	0	0	537I101M764I	297635 Even1_25236	197105
H	27292	101	99.0	+	0	0	487I101M759I	297643 Even3_171495	300517
H	76302	101	99.0	+	0	0	517I101M875I	297643 Even3_171495	792436
L	43458	1391	*	*	*	*	*	179785	*
H	43458	101	99.0	+	0	0	515I101M775I	297643 Even3_171495	179785
L	40124	1394	*	*	*	*	*	197458	*
H	40124	101	99.0	+	0	0	517I101M776I	297643 Even3_171495	197458
L	76020	1436	*	*	*	*	*	3964308	*
H	76020	101	99.0	+	0	0	476I101M859I	297643 Even3_171495	3964308
H	27714	101	100.0	+	0	0	515I101M774I	297917 Even3_62734	297917
H	21230	101	100.0	+	0	0	515I101M774I	297917 Even3_62734	344114
L	74483	1450	*	*	*	*	*	3767933	*
H	74483	101	97.0	+	0	0	495I101M854I	297917 Even3_62734	3767933
L	26806	1446	*	*	*	*	*	303444	*
H	26806	101	99.0	+	0	0	487I101M858I	297917 Even3_62734	303444
L	43539	1389	*	*	*	*	*	179408	*
H	43539	101	97.0	+	0	0	515I101M773I	297917 Even3_62734	179408
L	27667	1390	*	*	*	*	*	298254	*
H	27667	101	98.0	+	0	0	515I101M774I	298254 Even1_293384	298254
L	27374	1378	*	*	*	*	*	300103	*
H	27374	101	98.0	+	0	0	500I101M777I	298254 Even1_293384	300103
L	17611	1390	*	*	*	*	*	509383	*
H	17611	101	97.0	+	0	0	515I101M774I	298254 Even1_293384	509383
L	27973	1379	*	*	*	*	*	296330	*
H	27973	101	97.0	+	0	0	504I101M774I	298254 Even1_293384	296330
L	23329	1391	*	*	*	*	*	328825	*
H	23329	101	97.0	+	0	0	515I101M775I	298254 Even1_293384	328825
L	43197	1382	*	*	*	*	*	181193	*
H	43197	101	98.0	+	0	0	507I101M774I	298379 Even1_10119	181193
L	18866	1350	*	*	*	*	*	367813	*
H	18866	101	98.0	+	0	0	487I101M762I	298379 Even1_10119	367813
L	42973	1392	*	*	*	*	*	182372	*
H	42973	101	98.0	+	0	0	517I101M774I	298379 Even1_10119	182372
L	89219	1448	*	*	*	*	*	4404187	*
H	89219	101	98.0	+	0	0	480I101M867I	298379 Even1_10119	4404187
L	42465	1389	*	*	*	*	*	185140	*
H	42465	101	98.0	+	0	0	514I101M774I	298379 Even1_10119	185140
H	23212	101	100.0	+	0	0	496I101M768I	2990918 Even4_8	329688
H	28298	101	100.0	+	0	0	499I101M767I	2990918 Even4_8	294210
H	68393	101	100.0	+	0	0	477I101M835I	2990918 Even4_8	2990918
H	28683	101	100.0	+	0	0	496I101M767I	2990918 Even4_8	291811
H	29289	101	100.0	+	0	0	495I101M746I	2990918 Even4_8	288004
N	*	101	*	*	*	*	*	299902 Even4_85037	*
L	13431	1368	*	*	*	*	*	548587	*
H	13431	101	99.0	+	0	0	537I101M730I	3002161 Even4_277542	548587
L	18825	1388	*	*	*	*	*	368486	*
H	18825	101	99.0	+	0	0	538I101M749I	3002161 Even4_277542	368486
L	9455	1366	*	*	*	*	*	579851	*
H	9455	101	99.0	+	0	0	517I101M748I	3002161 Even4_277542	579851
L	59504	1460	*	*	*	*	*	1904686	*
H	59504	101	98.0	+	0	0	504I101M855I	3002161 Even4_277542	1904686
L	8396	1367	*	*	*	*	*	587530	*
H	8396	101	98.0	+	0	0	517I101M749I	3002161 Even4_277542	587530
H	76302	101	99.0	+	0	0	517I101M875I	300517 Even4_178330	792436
H	40047	101	99.0	+	0	0	517I101M782I	300517 Even4_178330	197930
H	82826	101	99.0	+	0	0	476I101M863I	300517 Even4_178330	4336731
H	28736	101	99.0	+	0	0	515I101M774I	300517 Even4_178330	291496
H	82824	101	99.0	+	0	0	480I101M850I	300517 Even4_178330	4336728
L	40267	1391	*	*	*	*	*	196753	*
H	40267	101	97.0	+	0	0	513I101M777I	300662 Even1_7845	196753
L	27267	1382	*	*	*	*	*	300662	*
H	27267	101	98.0	+	0	0	507I101M774I	300662 Even1_7845	300662
L	42925	1376	*	*	*	*	*	182643	*
H	42925	101	97.0	+	0	0	500I101M775I	300662 Even1_7845	182643
L	42835	1391	*	*	*	*	*	183089	*
H	42835	101	97.0	+	0	0	516I101M774I	300662 Even1_7845	183089
L	28796	1387	*	*	*	*	*	291128	*
H	28796	101	97.0	+	0	0	507I101M779I	300662 Even1_7845	291128
L	39863	1374	*	*	*	*	*	198945	*
H	39863	94	97.9	+	0	0	516I94M764I	300672 Even1_79638	198945
L	83661	1422	*	*	*	*	*	4344860	*
H	83661	94	98.9	+	0	0	479I94M849I	300672 Even1_79638	4344860
L	41487	1391	*	*	*	*	*	190458	*
H	41487	94	97.9	+	0	0	514I94M783I	300672 Even1_79638	190458
L	43516	1376	*	*	*	*	*	179526	*
H	43516	94	97.9	+	0	0	500I94M782I	300672 Even1_79638	179526
L	86914	1490	*	*	*	*	*	4379957	*
H	86914	94	98.9	+	0	0	513I94M883I	300672 Even1_79638	4379957
L	26839	1392	*	*	*	*	*	303226	*
H	26839	79	97.5	+	0	0	516I79M797I	300716 Even4_279720	303226
L	26803	1389	*	*	*	*	*	303452	*
H	26803	79	98.7	+	0	0	514I79M796I	300716 Even4_279720	303452
H	40774	79	98.7	+	0	0	515I79M796I	300716 Even4_279720	194207
H	42319	79	98.7	+	0	0	515I79M803I	300716 Even4_279720	185884
H	40730	79	98.7	+	0	0	515I79M797I	300716 Even4_279720	194416
H	55508	101	99.0	+	0	0	513I101M892I	300729 Even4_19298	10212
H	55509	101	99.0	+	0	0	513I101M892I	300729 Even4_19298	10211
H	66087	101	99.0	+	0	0	466I101M814I	300729 Even4_19298	1122622
H	60528	101	99.0	+	0	0	527I101M832I	300729 Even4_19298	825989
H	80180	101	98.0	+	0	0	483I101M835I	300729 Even4_19298	4309033
L	69832	1368	*	*	*	*	*	842594	*
H	69832	101	97.0	+	0	0	510I101M757I	301033 Even3_115533	842594
L	68375	1443	*	*	*	*	*	2990145	*
H	68375	101	97.0	+	0	0	495I101M847I	301033 Even3_115533	2990145
H	24562	101	97.0	+	0	0	515I101M774I	301033 Even3_115533	319938
H	28259	101	97.0	+	0	0	504I101M777I	301033 Even3_115533	294440
H	26659	101	97.0	+	0	0	515I101M774I	301033 Even3_115533	304568
H	38160	101	99.0	+	0	0	528I101M864I	301253 Even1_82951	215670
L	91515	1384	*	*	*	*	*	4427609	*
H	91515	101	97.0	+	0	0	513I101M770I	301253 Even1_82951	4427609
L	27948	1402	*	*	*	*	*	296442	*
H	27948	101	99.0	+	0	0	528I101M773I	301253 Even1_82951	296442
H	10970	101	99.0	+	0	0	517I101M767I	301253 Even1_82951	568118
L	89982	1451	*	*	*	*	*	4412542	*
H	89982	101	99.0	+	0	0	493I101M857I	301253 Even1_82951	4412542
L	27088	1396	*	*	*	*	*	301608	*
H	27088	101	100.0	+	0	0	522I101M773I	301608 Even4_8751	301608
H	33582	101	99.0	+	0	0	513I101M860I	301608 Even4_8751	255359
H	77476	101	99.0	+	0	0	491I101M862I	301608 Even4_8751	4143457
L	29253	1416	*	*	*	*	*	288235	*
H	29253	101	99.0	+	0	0	533I101M782I	301608 Even4_8751	288235
H	36037	101	99.0	+	0	0	484I101M857I	301608 Even4_8751	237444
L	27062	1371	*	*	*	*	*	301765	*
H	27062	101	100.0	+	0	0	497I101M773I	301765 Even1_19596	301765
L	24282	1393	*	*	*	*	*	321902	*
H	24282	101	100.0	+	0	0	518I101M774I	301765 Even1_19596	321902
L	40217	1391	*	*	*	*	*	197004	*
H	40217	101	98.0	+	0	0	516I101M774I	301765 Even1_19596	197004
L	71550	1434	*	*	*	*	*	3387754	*
H	71550	101	98.0	+	0	0	479I101M854I	301765 Even1_19596	3387754
H	43321	101	98.0	+	0	0	517I101M774I	301765 Even1_19596	180529
H	88415	101	97.0	+	0	0	495I101M839I	3021821 Even1_21221	4395677
H	27829	101	98.0	+	0	0	516I101M775I	3021821 Even1_21221	297182
H	20067	101	99.0	+	0	0	515I101M776I	3021821 Even1_21221	352529
L	94621	1443	*	*	*	*	*	4460786	*
H	94621	101	99.0	+	0	0	495I101M847I	3021821 Even1_21221	4460786
H	43539	101	99.0	+	0	0	515I101M773I	3021821 Even1_21221	179408
L	26890	1427	*	*	*	*	*	302919	*
H	26890	101	100.0	+	0	0	534I101M792I	302919 Even4_288	302919
L	27153	1407	*	*	*	*	*	301270	*
H	27153	101	99.0	+	0	0	533I101M773I	302919 Even4_288	301270
H	77476	101	99.0	+	0	0	491I101M862I	302919 Even4_288	4143457
L	27268	1407	*	*	*	*	*	300658	*
H	27268	101	99.0	+	0	0	533I101M773I	302919 Even4_288	300658
L	27397	1407	*	*	*	*	*	299918	*
H	27397	101	99.0	+	0	0	533I101M773I	302919 Even4_288	299918
L	26855	1414	*	*	*	*	*	303161	*
H	26855	101	100.0	+	0	0	534I17MI84M778I	303161 Even4_54507	303161
H	25030	101	99.0	+	0	0	533I101M769I	303161 Even4_54507	316587
H	27448	101	99.0	+	0	0	533I101M770I	303161 Even4_54507	299659
H	95850	101	99.0	+	0	0	533I101M876I	303161 Even4_54507	4473883
H	27529	101	99.0	+	0	0	533I101M776I	303161 Even4_54507	299151
L	23608	1390	*	*	*	*	*	326865	*
H	23608	78	98.7	+	0	0	515I78M797I	303169 Even4_291005	326865
L	38441	1492	*	*	*	*	*	212341	*
H	38441	78	98.7	+	0	0	515I78M899I	303169 Even4_291005	212341
L	24533	1392	*	*	*	*	*	320197	*
H	24533	78	98.7	+	0	0	516I78M798I	303169 Even4_291005	320197
L	82677	1453	*	*	*	*	*	4335484	*
H	82677	78	98.7	+	0	0	484I78M891I	303169 Even4_291005	4335484
L	40396	1389	*	*	*	*	*	196057	*
H	40396	78	98.7	+	0	0	514I78M797I	303169 Even4_291005	196057
H	21391	101	98.0	+	0	0	495I101M765I	303864 Even4_1359	342844
H	42823	101	98.0	+	0	0	515I101M771I	303864 Even4_1359	183139
L	26755	1393	*	*	*	*	*	303897	*
H	26755	101	98.0	+	0	0	517I101M775I	303897 Even3_220655	303897
H	21769	91	98.9	+	0	0	516I91M784I	305329 Even4_48668	340025
L	22094	1498	*	*	*	*	*	337735	*
H	22094	91	98.9	+	0	0	518I91M889I	305329 Even4_48668	337735
H	69635	91	98.9	+	0	0	515I91M784I	305329 Even4_48668	3150722
H	43361	91	98.9	+	0	0	517I91M784I	305329 Even4_48668	180341
L	37519	1346	*	*	*	*	*	221784	*
H	37519	91	98.9	+	0	0	477I91M778I	305329 Even4_48668	221784
N	*	86	*	*	*	*	*	306368 Even4_171991	*
L	43270	1370	*	*	*	*	*	180781	*
H	43270	101	98.0	+	0	0	513I101M756I	306633 Even4_35456	180781
L	41108	1379	*	*	*	*	*	192370	*
H	41108	101	98.0	+	0	0	504I101M774I	306633 Even4_35456	192370
H	42249	101	98.0	+	0	0	513I101M773I	306633 Even4_35456	186248
H	40754	101	98.0	+	0	0	509I101M768I	306633 Even4_35456	194320
H	40751	101	98.0	+	0	0	514I101M773I	306633 Even4_35456	194326
L	19548	1386	*	*	*	*	*	356360	*
H	19548	101	98.0	+	0	0	516I101M769I	308426 Even1_73293	356360
L	14332	1510	*	*	*	*	*	541602	*
H	14332	101	98.0	+	0	0	531I101M878I	308426 Even1_73293	541602
L	31043	1396	*	*	*	*	*	271593	*
H	31043	101	98.0	+	0	0	519I101M776I	308426 Even1_73293	271593
L	9423	1491	*	*	*	*	*	580090	*
H	9423	101	97.0	+	0	0	514I101M876I	308426 Even1_73293	580090
L	58147	1455	*	*	*	*	*	1740283	*
H	58147	101	98.0	+	0	0	495I101M859I	308426 Even1_73293	1740283
H	66583	101	99.0	+	0	0	370I101M853I	308502 Even1_130	1133172
H	20324	101	99.0	+	0	0	486I101M773I	308502 Even1_130	350697
H	26125	101	100.0	+	0	0	486I101M777I	308502 Even1_130	308502
H	15210	101	99.0	+	0	0	488I101M875I	308502 Even1_130	534957
H	13544	101	100.0	+	0	0	468I101M761I	308502 Even1_130	547714
H	29555	101	99.0	+	0	0	526I101M773I	309790 Even3_23748	281015
L	36504	1374	*	*	*	*	*	233220	*
H	36504	101	97.0	+	0	0	473I45MI56M799I	309790 Even3_23748	233220
L	29873	1492	*	*	*	*	*	278433	*
H	29873	101	97.0	+	0	0	520I101M871I	309790 Even3_23748	278433
H	55530	101	99.0	+	0	0	473I101M847I	309790 Even3_23748	9727
L	31101	1361	*	*	*	*	*	271238	*
H	31101	101	98.0	+	0	0	520I101M740I	309790 Even3_23748	271238
L	25812	1389	*	*	*	*	*	310931	*
H	25812	91	97.8	+	0	0	519I91M779I	310931 Even4_73778	310931
L	25646	1355	*	*	*	*	*	311950	*
H	25646	101	100.0	+	0	0	504I101M750I	311950 Even1_23678	311950
L	42528	1398	*	*	*	*	*	184753	*
H	42528	101	98.0	+	0	0	526I101M771I	311950 Even1_23678	184753
H	58208	101	98.0	+	0	0	514I101M813I	311950 Even1_23678	1749079
H	42994	101	98.0	+	0	0	526I101M771I	311950 Even1_23678	182255
L	39955	1369	*	*	*	*	*	198449	*
H	39955	101	98.0	+	0	0	499I101M769I	311950 Even1_23678	198449
L	92624	1428	*	*	*	*	*	4439360	*
H	92624	101	97.0	+	0	0	496I101M831I	312140 Even4_11272	4439360
L	75876	1430	*	*	*	*	*	3943182	*
H	75876	101	97.0	+	0	0	481I101M848I	312140 Even4_11272	3943182
H	61944	101	98.0	+	0	0	504I101M846I	312140 Even4_11272	2198356
H	84736	101	97.0	+	0	0	456I101M829I	312140 Even4_11272	4356641
L	19454	1396	*	*	*	*	*	357582	*
H	19454	101	97.0	+	0	0	526I101M769I	312140 Even4_11272	357582
L	25548	1356	*	*	*	*	*	312586	*
H	25548	101	99.0	+	0	0	498I101M757I	312586 Even3_5426	312586
L	42406	1392	*	*	*	*	*	185486	*
H	42406	101	98.0	+	0	0	515I101M776I	312586 Even3_5426	185486
L	85630	1455	*	*	*	*	*	4366173	*
H	85630	101	98.0	+	0	0	493I101M861I	312586 Even3_5426	4366173
L	40152	1389	*	*	*	*	*	197326	*
H	40152	101	98.0	+	0	0	513I101M775I	312586 Even3_5426	197326
H	42584	101	98.0	+	0	0	514I101M774I	312586 Even3_5426	184391
H	20457	101	99.0	+	0	0	501I101M751I	312770 Even1_3322	349809
H	63476	101	98.0	+	0	0	485I101M848I	312770 Even1_3322	2388617
H	25523	101	99.0	+	0	0	505I101M751I	312770 Even1_3322	312770
H	90171	101	98.0	+	0	0	498I101M835I	312770 Even1_3322	4414420
L	25000	1359	*	*	*	*	*	316761	*
H	25000	101	98.0	+	0	0	507I101M751I	312770 Even1_3322	316761
H	28099	101	98.0	+	0	0	524I101M771I	313121 Even1_64812	295554
H	22743	101	99.0	+	0	0	528I101M771I	313121 Even1_64812	333028
H	20710	101	99.0	+	0	0	527I101M746I	313121 Even1_64812	347875
H	42572	101	99.0	+	0	0	528I101M774I	313121 Even1_64812	184464
L	39892	1400	*	*	*	*	*	198786	*
H	39892	101	98.0	+	0	0	528I101M771I	313121 Even1_64812	198786
L	42064	1390	*	*	*	*	*	187256	*
H	42064	101	99.0	+	0	0	515I101M774I	313593 Even4_1967	187256
L	25410	1391	*	*	*	*	*	313593	*
H	25410	101	100.0	+	0	0	516I101M774I	313593 Even4_1967	313593
H	41454	101	99.0	+	0	0	521I101M775I	313593 Even4_1967	190605
H	41951	101	98.0	+	0	0	517I101M773I	313593 Even4_1967	187894
L	40137	1354	*	*	*	*	*	197393	*
H	40137	101	98.0	+	0	0	518I101M735I	313593 Even4_1967	197393
N	*	101	*	*	*	*	*	3141094 Even1_107181	*
L	25007	1362	*	*	*	*	*	316740	*
H	25007	101	97.0	+	0	0	515I77MI24M745I	316642 Even3_208050	316740
L	21651	1381	*	*	*	*	*	340853	*
H	21651	101	97.0	+	0	0	505I81MI20M774I	316642 Even3_208050	340853
H	40049	101	98.0	+	0	0	525I101M773I	316761 Even1_50791	197924
H	25000	101	99.0	+	0	0	507I101M751I	316761 Even1_50791	316761
L	76433	1358	*	*	*	*	*	4012190	*
H	76433	101	99.0	+	0	0	441I26MI29MI46M814I	316761 Even1_50791	4012190
H	40039	101	98.0	+	0	0	523I101M771I	316761 Even1_50791	197991
L	42726	1391	*	*	*	*	*	183619	*
H	42726	101	98.0	+	0	0	521I101M769I	316761 Even1_50791	183619
H	40176	91	97.8	+	0	0	526I91M779I	3173413 Even1_206365	197214
L	24880	1377	*	*	*	*	*	317677	*
H	24880	101	97.0	+	0	0	502I101M774I	317677 Even4_72554	317677
L	24859	1388	*	*	*	*	*	317818	*
H	24859	101	99.0	+	0	0	513I101M774I	317818 Even1_98176	317818
L	24845	1389	*	*	*	*	*	317892	*
H	24845	101	98.0	+	0	0	514I101M774I	317892 Even4_164233	317892
L	69833	1433	*	*	*	*	*	3173413	*
H	69833	101	98.0	+	0	0	490I101M842I	319621 Even1_547	3173413
L	93315	1433	*	*	*	*	*	4447072	*
H	93315	101	97.0	+	0	0	487I101M845I	319621 Even1_547	4447072
L	42736	1393	*	*	*	*	*	183579	*
H	42736	101	98.0	+	0	0	523I101M769I	319621 Even1_547	183579
L	81513	1392	*	*	*	*	*	4322986	*
H	81513	101	98.0	+	0	0	505I101M786I	319621 Even1_547	4322986
H	22784	101	100.0	+	0	0	508I101M751I	319621 Even1_547	332732
L	43011	1388	*	*	*	*	*	182163	*
H	43011	101	97.0	+	0	0	520I101M767I	319680 Even1_49040	182163
H	71888	101	98.0	+	0	0	495I101M755I	319680 Even1_49040	1013316
L	95422	1441	*	*	*	*	*	4469302	*
H	95422	101	99.0	+	0	0	478I101M862I	319680 Even1_49040	4469302
H	28010	101	99.0	+	0	0	515I101M774I	319680 Even1_49040	296103
L	24602	1380	*	*	*	*	*	319680	*
H	24602	101	99.0	+	0	0	504I101M775I	319680 Even1_49040	319680
L	15863	1441	*	*	*	*	*	527988	*
H	15863	101	98.0	+	0	0	494I101M846I	319870 Even1_155	527988
L	24573	1381	*	*	*	*	*	319870	*
H	24573	101	99.0	+	0	0	508I101M772I	319870 Even1_155	319870
L	5672	1340	*	*	*	*	*	727945	*
H	5672	101	98.0	+	0	0	494I101M745I	319870 Even1_155	727945
L	58049	1437	*	*	*	*	*	1727150	*
H	58049	101	97.0	+	0	0	480I101M856I	319870 Even1_155	1727150
H	39814	101	99.0	+	0	0	521I101M770I	320120 Even4_103031	199190
H	87434	101	99.0	+	0	0	504I101M844I	320120 Even4_103031	4385318
H	41286	101	99.0	+	0	0	521I101M771I	320120 Even4_103031	191487
L	42546	1399	*	*	*	*	*	184610	*
H	42546	101	99.0	+	0	0	527I101M771I	320120 Even4_103031	184610
H	66558	101	98.0	+	0	0	491I101M850I	320120 Even4_103031	2768843
L	93448	1438	*	*	*	*	*	4448492	*
H	93448	101	98.0	+	0	0	495I101M842I	3203801 Even4_171104	4448492
L	16734	1391	*	*	*	*	*	516576	*
H	16734	101	97.0	+	0	0	515I101M775I	3203801 Even4_171104	516576
H	60119	101	97.0	+	0	0	468I101M865I	3203801 Even4_171104	1972262
H	85630	101	98.0	+	0	0	493I101M861I	3203801 Even4_171104	4366173
H	42406	101	98.0	+	0	0	515I101M776I	3203801 Even4_171104	185486
L	454	1493	*	*	*	*	*	1105552	*
H	454	101	100.0	+	0	0	515I101M877I	320430 Even1_7069	1105552
L	23830	1390	*	*	*	*	*	325384	*
H	23830	101	100.0	+	0	0	515I101M774I	320430 Even1_7069	325384
L	24490	1390	*	*	*	*	*	320430	*
H	24490	101	100.0	+	0	0	515I101M774I	320430 Even1_7069	320430
H	29344	101	97.0	+	0	0	515I101M774I	320430 Even1_7069	287645
H	40838	101	99.0	+	0	0	516I101M779I	320430 Even1_7069	193876
H	95422	101	97.0	+	0	0	478I101M862I	320786 Even4_118031	4469302
H	86127	101	97.0	+	0	0	477I101M861I	320786 Even4_118031	4371463
L	78008	1456	*	*	*	*	*	4212517	*
H	78008	101	97.0	+	0	0	492I101M863I	320786 Even4_118031	4212517
L	85984	1429	*	*	*	*	*	4370025	*
H	85984	101	97.0	+	0	0	494I101M834I	320786 Even4_118031	4370025
L	91676	1451	*	*	*	*	*	4429608	*
H	91676	101	97.0	+	0	0	493I101M857I	320786 Even4_118031	4429608
N	*	101	*	*	*	*	*	3211875 Even3_23864	*
L	23422	1403	*	*	*	*	*	328143	*
H	23422	96	100.0	+	0	0	530I96M777I	3231096 Even4_15851	328143
L	70288	1406	*	*	*	*	*	3231096	*
H	70288	96	100.0	+	0	0	532I96M778I	3231096 Even4_15851	3231096
L	39880	1404	*	*	*	*	*	198865	*
H	39880	96	100.0	+	0	0	529I96M779I	3231096 Even4_15851	198865
L	32596	1402	*	*	*	*	*	262102	*
H	32596	96	100.0	+	0	0	527I96M779I	3231096 Even4_15851	262102
L	42007	1403	*	*	*	*	*	187561	*
H	42007	96	100.0	+	0	0	528I96M779I	3231096 Even4_15851	187561
L	85035	1451	*	*	*	*	*	4360055	*
H	85035	101	97.0	+	0	0	505I101M845I	323231 Even3_23384	4360055
L	72220	1432	*	*	*	*	*	3472078	*
H	72220	101	98.0	+	0	0	485I101M846I	323231 Even3_23384	3472078
H	42889	101	98.0	+	0	0	526I101M769I	323231 Even3_23384	182854
H	25179	101	98.0	+	0	0	526I101M769I	323231 Even3_23384	315429
H	42994	101	98.0	+	0	0	526I101M771I	323231 Even3_23384	182255
H	55508	101	100.0	+	0	0	513I101M892I	3232397 Even3_47	10212
H	55509	101	100.0	+	0	0	513I101M892I	3232397 Even3_47	10211
H	66087	101	100.0	+	0	0	466I101M814I	3232397 Even3_47	1122622
H	60528	101	100.0	+	0	0	527I101M832I	3232397 Even3_47	825989
H	80180	101	99.0	+	0	0	483I101M835I	3232397 Even3_47	4309033
H	44150	101	97.0	+	0	0	514I101M774I	323794 Even3_118334	176080
H	63212	101	97.0	+	0	0	482I101M858I	323794 Even3_118334	2354022
L	41605	1372	*	*	*	*	*	189816	*
H	41605	101	97.0	+	0	0	502I101M769I	323794 Even3_118334	189816
H	59991	101	98.0	+	0	0	497I101M772I	323794 Even3_118334	732637
H	29151	101	98.0	+	0	0	509I101M776I	323794 Even3_118334	288941
L	20605	1385	*	*	*	*	*	348751	*
H	20605	101	100.0	+	0	0	515I101M769I	3244671 Even4_32	348751
H	44257	101	100.0	+	0	0	515I101M775I	3244671 Even4_32	175474
L	41275	1381	*	*	*	*	*	191551	*
H	41275	101	98.0	+	0	0	516I101M764I	3244671 Even4_32	191551
L	83152	1424	*	*	*	*	*	4340036	*
H	83152	101	100.0	+	0	0	484I101M839I	3244671 Even4_32	4340036
L	29025	1388	*	*	*	*	*	289725	*
H	29025	101	100.0	+	0	0	514I101M773I	3244671 Even4_32	289725
H	26885	101	97.0	+	0	0	511I101M780I	3244992 Even4_138712	302960
L	57404	1456	*	*	*	*	*	1656581	*
H	57404	101	97.0	+	0	0	491I101M864I	3244992 Even4_138712	1656581
L	69112	1435	*	*	*	*	*	3082155	*
H	69112	101	97.0	+	0	0	492I101M842I	3244992 Even4_138712	3082155
L	83137	1441	*	*	*	*	*	4339832	*
H	83137	101	97.0	+	0	0	488I101M852I	3244992 Even4_138712	4339832
L	11388	1400	*	*	*	*	*	564806	*
H	11388	101	97.0	+	0	0	494I101M805I	3244992 Even4_138712	564806
L	39948	1388	*	*	*	*	*	198494	*
H	39948	77	98.7	+	0	0	514I77M797I	326113 Even4_67654	198494
H	64603	77	98.7	+	0	0	499I77M871I	326113 Even4_67654	2532173
L	91626	1442	*	*	*	*	*	4428949	*
H	91626	77	100.0	+	0	0	497I77M868I	326113 Even4_67654	4428949
L	91627	1434	*	*	*	*	*	4428953	*
H	91627	77	100.0	+	0	0	474I77M883I	326113 Even4_67654	4428953
H	40490	77	100.0	+	0	0	516I77M799I	326113 Even4_67654	195522
L	42865	1324	*	*	*	*	*	182956	*
H	42865	101	100.0	+	0	0	486I101M737I	326430 Even1_13	182956
L	26934	1367	*	*	*	*	*	302610	*
H	26934	101	100.0	+	0	0	488I101M778I	326430 Even1_13	302610
L	26760	1360	*	*	*	*	*	303845	*
H	26760	101	100.0	+	0	0	486I101M773I	326430 Even1_13	303845
L	26524	1354	*	*	*	*	*	305477	*
H	26524	101	100.0	+	0	0	515I101M738I	326430 Even1_13	305477
L	20439	1362	*	*	*	*	*	349902	*
H	20439	101	100.0	+	0	0	488I101M773I	326430 Even1_13	349902
L	23641	1378	*	*	*	*	*	326626	*
H	23641	101	100.0	+	0	0	508I101M769I	326626 Even3_94447	326626
L	41976	1398	*	*	*	*	*	187751	*
H	41976	101	99.0	+	0	0	526I101M771I	326626 Even3_94447	187751
H	38321	101	99.0	+	0	0	526I101M862I	326626 Even3_94447	213813
H	38341	101	99.0	+	0	0	527I101M865I	326626 Even3_94447	213566
H	20051	101	99.0	+	0	0	503I101M751I	326626 Even3_94447	352617
L	21159	1361	*	*	*	*	*	344578	*
H	21159	101	99.0	+	0	0	486I101M774I	326850 Even3_6577	344578
L	90178	1405	*	*	*	*	*	4414489	*
H	90178	101	99.0	+	0	0	457I101M847I	326850 Even3_6577	4414489
H	26760	101	99.0	+	0	0	486I101M773I	326850 Even3_6577	303845
L	21102	1361	*	*	*	*	*	344937	*
H	21102	101	99.0	+	0	0	488I101M772I	326850 Even3_6577	344937
L	21092	1330	*	*	*	*	*	345037	*
H	21092	101	99.0	+	0	0	488I101M741I	326850 Even3_6577	345037
L	35514	1451	*	*	*	*	*	240992	*
H	35514	101	98.0	+	0	0	506I101M844I	327050 Even1_82039	240992
L	36487	1480	*	*	*	*	*	233549	*
H	36487	101	98.0	+	0	0	504I101M875I	327050 Even1_82039	233549
L	19314	1364	*	*	*	*	*	360000	*
H	19314	101	97.0	+	0	0	507I101M756I	327050 Even1_82039	360000
L	86869	1441	*	*	*	*	*	4379411	*
H	86869	101	98.0	+	0	0	502I101M838I	327050 Even1_82039	4379411
L	46011	1453	*	*	*	*	*	158908	*
H	46011	101	98.0	+	0	0	506I101M846I	327050 Even1_82039	158908
H	42865	101	98.0	+	0	0	486I101M737I	327076 Even3_4219	182956
H	26934	101	98.0	+	0	0	488I101M778I	327076 Even3_4219	302610
L	9111	1467	*	*	*	*	*	582379	*
H	9111	101	98.0	+	0	0	487I101M879I	327076 Even3_4219	582379
L	19737	1355	*	*	*	*	*	355002	*
H	19737	101	98.0	+	0	0	488I101M766I	327076 Even3_4219	355002
L	23805	1360	*	*	*	*	*	325552	*
H	23805	101	98.0	+	0	0	488I101M771I	327076 Even3_4219	325552
L	76771	1465	*	*	*	*	*	807226	*
H	76771	101	99.0	+	0	0	488I101M876I	327756 Even1_853	807226
H	41562	101	99.0	+	0	0	516I101M773I	327756 Even1_853	190003
H	21159	101	99.0	+	0	0	486I101M774I	327756 Even1_853	344578
H	90178	101	99.0	+	0	0	457I101M847I	327756 Even1_853	4414489
H	23805	101	99.0	+	0	0	488I101M771I	327756 Even1_853	325552
L	23465	1409	*	*	*	*	*	327851	*
H	23465	101	100.0	+	0	0	535I101M773I	327851 Even3_17975	327851
L	29317	1395	*	*	*	*	*	287813	*
H	29317	101	99.0	+	0	0	516I101M778I	327851 Even3_17975	287813
H	25030	101	99.0	+	0	0	533I101M769I	327851 Even3_17975	316587
H	77476	101	99.0	+	0	0	491I101M862I	327851 Even3_17975	4143457
H	26896	101	99.0	+	0	0	525I101M773I	327851 Even3_17975	302880
L	23380	1504	*	*	*	*	*	328458	*
H	23380	95	100.0	+	0	0	533I95M876I	328458 Even1_119145	328458
H	95850	95	98.9	+	0	0	533I95M882I	328458 Even1_119145	4473883
H	27153	95	98.9	+	0	0	533I95M779I	328458 Even1_119145	301270
H	27268	95	98.9	+	0	0	533I95M779I	328458 Even1_119145	300658
H	27397	95	98.9	+	0	0	533I95M779I	328458 Even1_119145	299918
L	22128	1442	*	*	*	*	*	337495	*
H	22128	101	97.0	+	0	0	482I101M859I	328466 Even1_107429	337495
L	24184	1388	*	*	*	*	*	322604	*
H	24184	101	97.0	+	0	0	514I101M773I	328466 Even1_107429	322604
L	21608	1380	*	*	*	*	*	341139	*
H	21608	101	97.0	+	0	0	502I101M777I	328466 Even1_107429	341139
H	69832	101	98.0	+	0	0	510I101M757I	328466 Even1_107429	842594
L	62368	1447	*	*	*	*	*	2250345	*
H	62368	101	98.0	+	0	0	524I101M822I	328466 Even1_107429	2250345
L	41263	1361	*	*	*	*	*	191593	*
H	41263	101	99.0	+	0	0	486I101M774I	328836 Even1_4902	191593
H	76879	101	99.0	+	0	0	456I101M852I	328836 Even1_4902	4070491
L	24268	1398	*	*	*	*	*	321983	*
H	24268	101	99.0	+	0	0	517I101M780I	328836 Even1_4902	321983
L	24330	1375	*	*	*	*	*	321560	*
H	24330	101	99.0	+	0	0	501I101M773I	328836 Even1_4902	321560
H	28779	101	99.0	+	0	0	486I101M773I	328836 Even1_4902	291254
H	28379	101	99.0	+	0	0	515I101M774I	329662 Even1_36650	293600
H	22820	101	99.0	+	0	0	515I101M774I	329662 Even1_36650	332500
H	22669	101	99.0	+	0	0	517I101M774I	329662 Even1_36650	333580
H	23217	101	99.0	+	0	0	515I101M775I	329662 Even1_36650	329662
H	21769	101	99.0	+	0	0	516I101M774I	329662 Even1_36650	340025
L	23188	1491	*	*	*	*	*	329817	*
H	23188	101	98.0	+	0	0	518I101M872I	329817 Even1_82180	329817
H	41164	101	97.0	+	0	0	514I101M774I	329817 Even1_82180	192093
L	16700	1386	*	*	*	*	*	517040	*
H	16700	101	97.0	+	0	0	507I101M778I	3301187 Even4_2163	517040
L	88503	1484	*	*	*	*	*	4396426	*
H	88503	101	97.0	+	0	0	508I101M875I	3301187 Even4_2163	4396426
L	41242	1383	*	*	*	*	*	191703	*
H	41242	101	99.0	+	0	0	514I101M768I	3301187 Even4_2163	191703
L	19199	1377	*	*	*	*	*	361972	*
H	19199	101	98.0	+	0	0	517I101M759I	3301187 Even4_2163	361972
L	41155	1393	*	*	*	*	*	192155	*
H	41155	101	97.0	+	0	0	515I101M777I	3301187 Even4_2163	192155
L	39957	1356	*	*	*	*	*	198426	*
H	39957	101	98.0	+	0	0	479I101M776I	3318103 Even4_259450	198426
H	67269	101	98.0	+	0	0	491I101M853I	3318103 Even4_259450	2854740
H	27374	101	97.0	+	0	0	500I101M777I	331859 Even1_289073	300103
L	69922	1454	*	*	*	*	*	3185810	*
H	69922	101	98.0	+	0	0	504I101M849I	331859 Even1_289073	3185810
H	20569	101	98.0	+	0	0	534I101M773I	332718 Even1_235	349024
L	70407	1455	*	*	*	*	*	3244896	*
H	70407	101	98.0	+	0	0	517I101M837I	332718 Even1_235	3244896
H	27153	101	98.0	+	0	0	533I101M773I	332718 Even1_235	301270
H	28497	101	98.0	+	0	0	533I101M754I	332718 Even1_235	292820
H	28560	101	98.0	+	0	0	524I101M781I	332718 Even1_235	292424
L	20881	1357	*	*	*	*	*	346666	*
H	20881	77	98.7	+	0	0	486I77M794I	332764 Even1_71880	346666
L	20812	1375	*	*	*	*	*	347131	*
H	20812	77	98.7	+	0	0	500I77M798I	332764 Even1_71880	347131
L	60031	1426	*	*	*	*	*	1960569	*
H	60031	77	98.7	+	0	0	468I77M881I	332764 Even1_71880	1960569
H	24330	77	98.7	+	0	0	501I77M797I	332764 Even1_71880	321560
H	28254	77	98.7	+	0	0	490I77M765I	332764 Even1_71880	294499
L	24119	1373	*	*	*	*	*	323061	*
H	24119	101	98.0	+	0	0	501I101M771I	333189 Even3_207713	323061
H	42816	101	99.0	+	0	0	526I101M771I	333189 Even3_207713	183162
L	22721	1401	*	*	*	*	*	333189	*
H	22721	101	99.0	+	0	0	526I101M774I	333189 Even3_207713	333189
L	27951	1384	*	*	*	*	*	296424	*
H	27951	101	98.0	+	0	0	515I101M768I	333189 Even3_207713	296424
H	40693	101	99.0	+	0	0	513I101M772I	333189 Even3_207713	194562
L	22629	1379	*	*	*	*	*	333859	*
H	22629	101	100.0	+	0	0	508I101M770I	333859 Even4_3211	333859
L	21162	1361	*	*	*	*	*	344553	*
H	21162	101	98.0	+	0	0	488I101M772I	333859 Even4_3211	344553
H	20439	101	97.0	+	0	0	488I101M773I	333859 Even4_3211	349902
H	21159	101	97.0	+	0	0	486I101M774I	333859 Even4_3211	344578
L	26053	1372	*	*	*	*	*	309107	*
H	26053	101	97.0	+	0	0	498I101M773I	333859 Even4_3211	309107
L	22625	1389	*	*	*	*	*	333896	*
H	22625	101	100.0	+	0	0	515I101M773I	333896 Even4_61940	333896
H	24330	101	99.0	+	0	0	501I101M773I	333896 Even4_61940	321560
H	41263	101	99.0	+	0	0	486I101M774I	333896 Even4_61940	191593
L	24820	1358	*	*	*	*	*	318091	*
H	24820	101	99.0	+	0	0	488I101M769I	333896 Even4_61940	318091
H	9111	101	99.0	+	0	0	487I101M879I	333896 Even4_61940	582379
L	22618	1390	*	*	*	*	*	333949	*
H	22618	101	98.0	+	0	0	519I101M770I	333949 Even4_301659	333949
L	65761	1388	*	*	*	*	*	847228	*
H	65761	101	98.0	+	0	0	517I101M770I	3349140 Even1_37109	847228
L	56118	1404	*	*	*	*	*	1952	*
H	56118	101	98.0	+	0	0	506I101M797I	3349140 Even1_37109	1952
L	16277	1395	*	*	*	*	*	522582	*
H	16277	101	97.0	+	0	0	524I101M770I	3349140 Even1_37109	522582
L	58044	1447	*	*	*	*	*	1726408	*
H	58044	101	97.0	+	0	0	500I101M846I	3349140 Even1_37109	1726408
L	39879	1397	*	*	*	*	*	198866	*
H	39879	101	98.0	+	0	0	527I101M769I	3349140 Even1_37109	198866
L	22392	1370	*	*	*	*	*	335670	*
H	22392	101	100.0	+	0	0	501I101M768I	335670 Even1_4658	335670
L	41658	1379	*	*	*	*	*	189524	*
H	41658	101	99.0	+	0	0	511I101M767I	335670 Even1_4658	189524
H	49775	101	99.0	+	0	0	495I101M758I	338355 Even3_16647	120281
H	43844	101	99.0	+	0	0	515I101M775I	338355 Even3_16647	177740
H	44153	101	99.0	+	0	0	514I101M775I	338355 Even3_16647	176070
H	39989	101	99.0	+	0	0	515I101M776I	338355 Even3_16647	198245
H	27254	101	99.0	+	0	0	512I101M775I	338355 Even3_16647	300716
N	*	101	*	*	*	*	*	340474 Even3_78557	*
L	21699	1363	*	*	*	*	*	340547	*
H	21699	101	99.0	+	0	0	506I101M756I	340547 Even4_1580	340547
H	19400	101	97.0	+	0	0	516I101M757I	340547 Even4_1580	358493
L	72937	1430	*	*	*	*	*	3562626	*
H	72937	101	97.0	+	0	0	483I101M846I	340547 Even4_1580	3562626
H	19027	101	97.0	+	0	0	498I101M766I	340547 Even4_1580	364903
H	61851	101	97.0	+	0	0	491I101M840I	340547 Even4_1580	2189140
H	26872	101	97.0	+	0	0	515I101M774I	340642 Even4_1089	303037
H	26150	101	97.0	+	0	0	515I101M774I	340642 Even4_1089	308338
H	44057	101	100.0	+	0	0	514I101M776I	340761 Even1_50	176664
H	40964	101	100.0	+	0	0	517I101M774I	340761 Even1_50	193213
H	44050	101	100.0	+	0	0	517I101M774I	340761 Even1_50	176703
H	42458	101	100.0	+	0	0	517I101M768I	340761 Even1_50	185164
H	22031	101	100.0	+	0	0	497I101M756I	340761 Even1_50	338177
L	87913	1360	*	*	*	*	*	4390365	*
H	87913	101	100.0	+	0	0	422I43MI58M836I	3413566 Even1_16	4390365
L	19496	1353	*	*	*	*	*	356760	*
H	19496	101	100.0	+	0	0	500I101M752I	3413566 Even1_16	356760
L	47712	1352	*	*	*	*	*	145801	*
H	47712	101	100.0	+	0	0	500I101M751I	3413566 Even1_16	145801
L	30614	1448	*	*	*	*	*	274239	*
H	30614	101	97.0	+	0	0	500I101M847I	3413566 Even1_16	274239
L	19301	1364	*	*	*	*	*	360238	*
H	19301	101	99.0	+	0	0	498I101M765I	3413566 Even1_16	360238
L	40822	1393	*	*	*	*	*	193972	*
H	40822	101	97.0	+	0	0	518I101M774I	341930 Even4_50471	193972
H	42116	101	97.0	+	0	0	515I101M774I	341930 Even4_50471	186992
L	43515	1391	*	*	*	*	*	179534	*
H	43515	101	97.0	+	0	0	523I101M767I	341930 Even4_50471	179534
L	28031	1389	*	*	*	*	*	296007	*
H	28031	101	97.0	+	0	0	514I101M774I	341930 Even4_50471	296007
L	43342	1385	*	*	*	*	*	180442	*
H	43342	101	97.0	+	0	0	513I101M771I	341930 Even4_50471	180442
H	21487	101	100.0	+	0	0	515I101M774I	342110 Even3_235117	342110
L	74146	1526	*	*	*	*	*	839545	*
H	74146	101	97.0	+	0	0	515I101M910I	342110 Even3_235117	839545
H	90961	101	97.0	+	0	0	489I101M846I	342110 Even3_235117	4422039
L	43593	1392	*	*	*	*	*	179067	*
H	43593	101	97.0	+	0	0	514I101M777I	342487 Even3_12829	179067
H	29232	101	97.0	+	0	0	515I101M775I	342487 Even3_12829	288367
L	19262	1359	*	*	*	*	*	360861	*
H	19262	101	97.0	+	0	0	496I101M762I	342487 Even3_12829	360861
L	41798	1390	*	*	*	*	*	188840	*
H	41798	101	97.0	+	0	0	515I101M774I	342487 Even3_12829	188840
H	50517	101	97.0	+	0	0	514I101M907I	342487 Even3_12829	110944
L	80025	1397	*	*	*	*	*	4307782	*
H	80025	78	97.4	+	0	0	526I78M793I	342638 Even1_29327	4307782
L	28485	1399	*	*	*	*	*	292921	*
H	28485	78	97.4	+	0	0	528I78M793I	342638 Even1_29327	292921
L	21846	1397	*	*	*	*	*	339457	*
H	21846	78	97.4	+	0	0	526I78M793I	342638 Even1_29327	339457
L	42120	1399	*	*	*	*	*	186974	*
H	42120	78	97.4	+	0	0	528I78M793I	342638 Even1_29327	186974
H	25477	78	97.4	+	0	0	528I78M795I	342638 Even1_29327	313121
N	*	101	*	*	*	*	*	342666 Even3_105489	*
H	39156	101	97.0	+	0	0	491I101M900I	3440955 Even1_7658	204864
L	81368	1840	*	*	*	*	*	4321292	*
H	81368	101	97.0	+	0	0	481I101M1258I	3440955 Even1_7658	4321292
L	5120	1453	*	*	*	*	*	768553	*
H	5120	101	97.0	+	0	0	476I101M876I	3440955 Even1_7658	768553
L	39357	1471	*	*	*	*	*	202829	*
H	39357	101	97.0	+	0	0	480I101M890I	3440955 Even1_7658	202829
L	87443	1415	*	*	*	*	*	4385479	*
H	87443	101	97.0	+	0	0	475I101M839I	3440955 Even1_7658	4385479
L	64883	1445	*	*	*	*	*	2574091	*
H	64883	101	97.0	+	0	0	482I101M862I	344118 Even4_26055	2574091
H	29344	101	98.0	+	0	0	515I101M774I	344118 Even4_26055	287645
L	21228	1366	*	*	*	*	*	344118	*
H	21228	101	98.0	+	0	0	515I101M750I	344118 Even4_26055	344118
L	43106	1390	*	*	*	*	*	181728	*
H	43106	101	97.0	+	0	0	515I101M774I	344118 Even4_26055	181728
L	18837	1380	*	*	*	*	*	368264	*
H	18837	101	97.0	+	0	0	517I101M762I	344118 Even4_26055	368264
L	21226	1364	*	*	*	*	*	344133	*
H	21226	101	98.0	+	0	0	504I101M759I	344133 Even1_53796	344133
H	28259	101	97.0	+	0	0	504I101M777I	344133 Even1_53796	294440
H	44588	83	98.8	+	0	0	508I83M860I	344318 Even1_172902	173565
L	26272	1400	*	*	*	*	*	307571	*
H	26272	83	98.8	+	0	0	528I83M789I	344318 Even1_172902	307571
H	42120	83	97.6	+	0	0	528I83M788I	344318 Even1_172902	186974
L	26321	1378	*	*	*	*	*	307154	*
H	26321	83	97.6	+	0	0	528I83M767I	344318 Even1_172902	307154
L	13881	1398	*	*	*	*	*	545061	*
H	13881	83	98.8	+	0	0	528I83M787I	344318 Even1_172902	545061
H	21162	101	97.0	+	0	0	488I101M772I	344553 Even1_22517	344553
H	44057	101	99.0	+	0	0	514I101M776I	345176 Even4_40803	176664
H	40964	101	99.0	+	0	0	517I101M774I	345176 Even4_40803	193213
H	44050	101	99.0	+	0	0	517I101M774I	345176 Even4_40803	176703
H	42458	101	99.0	+	0	0	517I101M768I	345176 Even4_40803	185164
H	22031	101	99.0	+	0	0	497I101M756I	345176 Even4_40803	338177
L	21062	1366	*	*	*	*	*	345246	*
H	21062	101	100.0	+	0	0	490I101M775I	345246 Even4_19066	345246
L	21623	1359	*	*	*	*	*	341054	*
H	21623	101	99.0	+	0	0	486I101M772I	345246 Even4_19066	341054
L	29357	1364	*	*	*	*	*	287570	*
H	29357	101	97.0	+	0	0	488I101M775I	345246 Even4_19066	287570
L	27631	1363	*	*	*	*	*	298514	*
H	27631	101	99.0	+	0	0	488I101M774I	345246 Even4_19066	298514
L	29249	1360	*	*	*	*	*	288258	*
H	29249	101	99.0	+	0	0	486I101M773I	345246 Even4_19066	288258
H	82677	101	99.0	+	0	0	484I101M868I	345303 Even3_24550	4335484
L	13166	1359	*	*	*	*	*	550727	*
H	13166	101	99.0	+	0	0	495I101M763I	345303 Even3_24550	550727
L	40808	1390	*	*	*	*	*	194041	*
H	40808	101	99.0	+	0	0	515I101M774I	345303 Even3_24550	194041
H	23608	101	99.0	+	0	0	515I101M774I	345303 Even3_24550	326865
H	39989	101	99.0	+	0	0	515I101M776I	345303 Even3_24550	198245
L	20877	1388	*	*	*	*	*	346689	*
H	20877	101	100.0	+	0	0	515I101M772I	346689 Even4_110441	346689
H	68116	101	99.0	+	0	0	502I101M851I	346689 Even4_110441	2957436
L	13607	1362	*	*	*	*	*	547223	*
H	13607	101	97.0	+	0	0	497I101M764I	346689 Even4_110441	547223
H	20605	101	99.0	+	0	0	515I101M769I	346689 Even4_110441	348751
H	68649	101	99.0	+	0	0	492I101M860I	346689 Even4_110441	3021821
L	72244	1399	*	*	*	*	*	3475269	*
H	72244	101	97.0	+	0	0	477I8MI11MI82M819I	3475269 Even3_895	3475269
H	22742	94	98.9	+	0	0	518I94M751I	347875 Even4_256124	333042
H	20985	94	98.9	+	0	0	528I94M779I	347875 Even4_256124	345899
H	20332	94	98.9	+	0	0	528I94M777I	347875 Even4_256124	350627
H	25500	94	98.9	+	0	0	528I94M778I	347875 Even4_256124	312969
H	27800	94	98.9	+	0	0	528I94M781I	347875 Even4_256124	297414
L	20699	1333	*	*	*	*	*	347965	*
H	20699	101	100.0	+	0	0	487I101M745I	347965 Even1_5680	347965
L	40112	1363	*	*	*	*	*	197510	*
H	40112	101	99.0	+	0	0	489I101M773I	347965 Even1_5680	197510
H	21102	101	99.0	+	0	0	488I101M772I	347965 Even1_5680	344937
H	26760	101	99.0	+	0	0	486I101M773I	347965 Even1_5680	303845
H	21092	101	99.0	+	0	0	488I101M741I	347965 Even1_5680	345037
L	40022	1397	*	*	*	*	*	198071	*
H	40022	95	100.0	+	0	0	517I95M785I	348748 Even3_12890	198071
L	40057	1387	*	*	*	*	*	197864	*
H	40057	95	97.9	+	0	0	517I95M775I	348748 Even3_12890	197864
L	43388	1390	*	*	*	*	*	180171	*
H	43388	95	100.0	+	0	0	515I95M780I	348748 Even3_12890	180171
H	85078	95	100.0	+	0	0	482I95M852I	348748 Even3_12890	4360486
H	43365	95	100.0	+	0	0	503I95M780I	348748 Even3_12890	180312
H	30537	91	100.0	+	0	0	518I91M783I	349482 Even1_31086	274744
H	40057	91	100.0	+	0	0	517I91M779I	349482 Even1_31086	197864
H	43169	91	100.0	+	0	0	519I91M786I	349482 Even1_31086	181344
L	43145	1393	*	*	*	*	*	181485	*
H	43145	91	100.0	+	0	0	517I91M785I	349482 Even1_31086	181485
L	43144	1389	*	*	*	*	*	181529	*
H	43144	91	100.0	+	0	0	514I91M784I	349482 Even1_31086	181529
H	20462	92	100.0	+	0	0	529I92M781I	349786 Even1_12635	349786
L	83175	1432	*	*	*	*	*	4340358	*
H	83175	92	98.9	+	0	0	484I92M856I	349786 Even1_12635	4340358
L	41056	1401	*	*	*	*	*	192684	*
H	41056	92	98.9	+	0	0	527I92M782I	349786 Even1_12635	192684
H	40568	92	98.9	+	0	0	527I92M778I	349786 Even1_12635	195157
H	40546	92	98.9	+	0	0	524I92M780I	349786 Even1_12635	195258
L	42460	1360	*	*	*	*	*	185159	*
H	42460	101	97.0	+	0	0	488I101M771I	351084 Even4_148628	185159
H	76771	101	97.0	+	0	0	488I101M876I	351084 Even4_148628	807226
H	13034	101	97.0	+	0	0	307I101M889I	351084 Even4_148628	551822
L	43537	1362	*	*	*	*	*	179423	*
H	43537	101	97.0	+	0	0	488I101M773I	351084 Even4_148628	179423
L	41246	1361	*	*	*	*	*	191691	*
H	41246	101	97.0	+	0	0	488I101M772I	351084 Even4_148628	191691
L	20083	1364	*	*	*	*	*	352473	*
H	20083	101	100.0	+	0	0	489I101M774I	352473 Even4_115217	352473
H	28254	101	99.0	+	0	0	490I101M741I	352473 Even4_115217	294499
L	27983	1362	*	*	*	*	*	296279	*
H	27983	101	99.0	+	0	0	488I101M773I	352473 Even4_115217	296279
H	21092	101	99.0	+	0	0	488I101M741I	352473 Even4_115217	345037
L	20275	1375	*	*	*	*	*	351084	*
H	20275	101	99.0	+	0	0	500I101M774I	352473 Even4_115217	351084
H	42865	101	99.0	+	0	0	486I101M737I	354220 Even3_184495	182956
H	26934	101	99.0	+	0	0	488I101M778I	354220 Even3_184495	302610
H	26760	101	99.0	+	0	0	486I101M773I	354220 Even3_184495	303845
H	26524	101	99.0	+	0	0	515I101M738I	354220 Even3_184495	305477
H	20439	101	99.0	+	0	0	488I101M773I	354220 Even3_184495	349902
L	19832	1389	*	*	*	*	*	354258	*
H	19832	101	100.0	+	0	0	515I101M773I	354258 Even4_1301	354258
H	41263	101	99.0	+	0	0	486I101M774I	354258 Even4_1301	191593
H	26053	101	99.0	+	0	0	498I101M773I	354258 Even4_1301	309107
L	26031	1357	*	*	*	*	*	309279	*
H	26031	101	99.0	+	0	0	514I101M742I	354258 Even4_1301	309279
L	25747	1352	*	*	*	*	*	311402	*
H	25747	101	99.0	+	0	0	495I101M756I	354258 Even4_1301	311402
H	66269	101	97.0	+	0	0	492I101M855I	355277 Even4_257745	2730944
H	46141	101	97.0	+	0	0	506I101M848I	355277 Even4_257745	157905
L	19700	1400	*	*	*	*	*	355277	*
H	19700	101	97.0	+	0	0	527I101M772I	355277 Even4_257745	355277
H	46140	101	97.0	+	0	0	510I101M846I	355277 Even4_257745	157921
H	16275	101	97.0	+	0	0	522I101M771I	355277 Even4_257745	522595
H	69833	101	97.0	+	0	0	490I101M842I	355291 Even4_172564	3173413
L	19699	1353	*	*	*	*	*	355291	*
H	19699	101	99.0	+	0	0	501I101M751I	355291 Even4_172564	355291
H	42736	101	97.0	+	0	0	523I101M769I	355291 Even4_172564	183579
H	81513	101	97.0	+	0	0	505I101M786I	355291 Even4_172564	4322986
H	22784	101	99.0	+	0	0	508I101M751I	355291 Even4_172564	332732
L	70323	1437	*	*	*	*	*	3236435	*
H	70323	91	97.8	+	0	0	487I91M859I	355510 Even4_92911	3236435
L	25139	1360	*	*	*	*	*	315733	*
H	25139	101	97.0	+	0	0	488I101M771I	356255 Even1_30100	315733
H	41263	101	97.0	+	0	0	486I101M774I	356255 Even1_30100	191593
H	24820	101	97.0	+	0	0	488I101M769I	356255 Even1_30100	318091
H	24330	101	97.0	+	0	0	501I101M773I	356255 Even1_30100	321560
H	24268	101	97.0	+	0	0	517I101M780I	356255 Even1_30100	321983
H	19027	101	100.0	+	0	0	498I101M766I	3562626 Even3_144	364903
H	61851	101	100.0	+	0	0	491I101M840I	3562626 Even3_144	2189140
L	66352	1432	*	*	*	*	*	2740953	*
H	66352	101	100.0	+	0	0	491I101M840I	3562626 Even3_144	2740953
H	19400	101	100.0	+	0	0	516I101M757I	3562626 Even3_144	358493
H	72937	101	100.0	+	0	0	483I101M846I	3562626 Even3_144	3562626
H	19548	101	100.0	+	0	0	516I101M769I	356360 Even3_417	356360
L	32650	1385	*	*	*	*	*	261698	*
H	32650	101	98.0	+	0	0	509I101M775I	356360 Even3_417	261698
H	27357	101	99.0	+	0	0	514I101M774I	356360 Even3_417	300222
L	54019	1414	*	*	*	*	*	44560	*
H	54019	101	99.0	+	0	0	498I101M815I	356360 Even3_417	44560
H	10589	101	98.0	+	0	0	518I101M902I	356360 Even3_417	571178
H	44057	101	99.0	+	0	0	514I101M776I	357002 Even4_57017	176664
H	40964	101	99.0	+	0	0	517I101M774I	357002 Even4_57017	193213
H	44050	101	99.0	+	0	0	517I101M774I	357002 Even4_57017	176703
H	42458	101	99.0	+	0	0	517I101M768I	357002 Even4_57017	185164
H	22031	101	99.0	+	0	0	497I101M756I	357002 Even4_57017	338177
H	40964	101	99.0	+	0	0	517I101M774I	357412 Even3_171705	193213
H	40947	101	99.0	+	0	0	517I101M773I	357412 Even3_171705	193312
L	44290	1389	*	*	*	*	*	175280	*
H	44290	101	99.0	+	0	0	513I101M775I	357412 Even3_171705	175280
L	40942	1389	*	*	*	*	*	193343	*
H	40942	101	99.0	+	0	0	513I101M775I	357412 Even3_171705	193343
L	44377	1392	*	*	*	*	*	174792	*
H	44377	101	99.0	+	0	0	517I101M774I	357412 Even3_171705	174792
L	43339	1393	*	*	*	*	*	180462	*
H	43339	101	100.0	+	0	0	525I101M767I	359493 Even1_53889	180462
L	42933	1379	*	*	*	*	*	182613	*
H	42933	101	100.0	+	0	0	504I101M774I	359493 Even1_53889	182613
L	42010	1392	*	*	*	*	*	187533	*
H	42010	101	100.0	+	0	0	515I101M776I	359493 Even1_53889	187533
L	88108	1444	*	*	*	*	*	4392196	*
H	88108	101	100.0	+	0	0	481I101M862I	359493 Even1_53889	4392196
L	19014	1358	*	*	*	*	*	365167	*
H	19014	101	100.0	+	0	0	494I101M763I	359493 Even1_53889	365167
H	83152	101	98.0	+	0	0	484I101M839I	360703 Even4_20703	4340036
H	68649	101	98.0	+	0	0	492I101M860I	360703 Even4_20703	3021821
H	68116	101	98.0	+	0	0	502I101M851I	360703 Even4_20703	2957436
H	21665	101	98.0	+	0	0	515I101M775I	360703 Even4_20703	340759
H	44257	101	98.0	+	0	0	515I101M775I	360703 Even4_20703	175474
L	19266	1351	*	*	*	*	*	360825	*
H	19266	101	99.0	+	0	0	486I97MI4M763I	360825 Even1_60251	360825
H	52925	101	98.0	+	0	0	411I101M880I	360825 Even1_60251	77458
H	72383	101	98.0	+	0	0	511I101M773I	360825 Even1_60251	3487876
H	76390	101	98.0	+	0	0	493I101M862I	360825 Even1_60251	4008139
L	40956	1394	*	*	*	*	*	193235	*
H	40956	101	98.0	+	0	0	514I101M779I	360825 Even1_60251	193235
H	39156	101	100.0	+	0	0	491I101M900I	3610691 Even3_65	204864
L	45193	1479	*	*	*	*	*	166692	*
H	45193	101	100.0	+	0	0	517I101M861I	3610691 Even3_65	166692
H	39357	101	100.0	+	0	0	480I101M890I	3610691 Even3_65	202829
H	5120	101	100.0	+	0	0	476I101M876I	3610691 Even3_65	768553
L	17855	1381	*	*	*	*	*	470879	*
H	17855	101	100.0	+	0	0	533I101M747I	3610691 Even3_65	470879
L	27561	1392	*	*	*	*	*	298942	*
H	27561	101	97.0	+	0	0	517I101M774I	361972 Even3_34291	298942
H	83642	101	98.0	+	0	0	485I101M843I	361972 Even3_34291	4344643
L	40071	1392	*	*	*	*	*	197765	*
H	40071	101	97.0	+	0	0	517I101M774I	361972 Even3_34291	197765
L	57510	1409	*	*	*	*	*	1667433	*
H	57510	101	97.0	+	0	0	471I101M837I	361972 Even3_34291	1667433
L	92246	1449	*	*	*	*	*	4435400	*
H	92246	101	98.0	+	0	0	490I101M858I	361972 Even3_34291	4435400
H	43052	95	97.9	+	0	0	515I95M780I	363321 Even3_228841	181990
H	43440	95	97.9	+	0	0	515I95M780I	363321 Even3_228841	179865
H	28270	95	97.9	+	0	0	515I95M779I	363321 Even3_228841	294353
H	72383	95	97.9	+	0	0	511I95M779I	363321 Even3_228841	3487876
H	39845	95	97.9	+	0	0	513I95M772I	363321 Even3_228841	199036
L	19095	1369	*	*	*	*	*	363625	*
H	19095	101	100.0	+	0	0	507I101M761I	363625 Even1_71712	363625
H	62277	101	99.0	+	0	0	505I101M841I	363625 Even1_71712	2237211
H	88367	101	99.0	+	0	0	511I101M835I	363625 Even1_71712	4395096
H	41998	101	99.0	+	0	0	527I101M769I	363625 Even1_71712	187623
H	42027	101	99.0	+	0	0	523I101M770I	363625 Even1_71712	187443
L	18999	1372	*	*	*	*	*	365385	*
H	18999	101	100.0	+	0	0	506I101M765I	365385 Even4_640	365385
L	1471	1428	*	*	*	*	*	997439	*
H	1471	101	98.0	+	0	0	497I101M830I	365385 Even4_640	997439
H	86599	101	97.0	+	0	0	512I101M916I	365385 Even4_640	4376828
H	8811	101	97.0	+	0	0	507I101M883I	365385 Even4_640	584375
H	11012	101	97.0	+	0	0	513I101M796I	365385 Even4_640	567846
L	18956	1368	*	*	*	*	*	366161	*
H	18956	92	98.9	+	0	0	502I92M774I	366161 Even1_94752	366161
L	21664	1352	*	*	*	*	*	340761	*
H	21664	92	97.8	+	0	0	494I92M766I	366161 Even1_94752	340761
L	41123	1378	*	*	*	*	*	192282	*
H	41123	92	97.8	+	0	0	514I92M772I	366161 Even1_94752	192282
L	40015	1396	*	*	*	*	*	198119	*
H	40015	92	97.8	+	0	0	518I92M786I	366161 Even1_94752	198119
L	43795	1390	*	*	*	*	*	178015	*
H	43795	92	97.8	+	0	0	518I92M780I	366161 Even1_94752	178015
L	18942	1449	*	*	*	*	*	366451	*
H	18942	101	100.0	+	0	0	438I101M910I	366451 Even4_29200	366451
H	89149	101	99.0	+	0	0	506I101M887I	366451 Even4_29200	4403542
L	54827	1498	*	*	*	*	*	20321	*
H	54827	101	98.0	+	0	0	517I101M880I	366451 Even4_29200	20321
L	44806	1478	*	*	*	*	*	171217	*
H	44806	101	99.0	+	0	0	506I101M871I	366451 Even4_29200	171217
L	54730	1499	*	*	*	*	*	23694	*
H	54730	101	98.0	+	0	0	521I101M877I	366451 Even4_29200	23694
N	*	101	*	*	*	*	*	367627 Even1_326312	*
L	43355	1388	*	*	*	*	*	180386	*
H	43355	101	97.0	+	0	0	513I101M774I	3680006 Even4_78639	180386
H	73760	101	98.0	+	0	0	484I101M855I	3680006 Even4_78639	3680006
H	23876	101	97.0	+	0	0	515I101M775I	3680006 Even4_78639	325098
H	26872	101	97.0	+	0	0	515I101M774I	3680006 Even4_78639	303037
H	19995	101	97.0	+	0	0	507I101M771I	3680006 Even4_78639	353032
L	89948	1456	*	*	*	*	*	4412103	*
H	89948	101	99.0	+	0	0	493I53MI48M861I	3682570 Even3_35918	4412103
L	9639	1501	*	*	*	*	*	578649	*
H	9639	101	99.0	+	0	0	524I101M876I	3682570 Even3_35918	578649
L	93755	1442	*	*	*	*	*	4451907	*
H	93755	101	99.0	+	0	0	486I101M855I	3682570 Even3_35918	4451907
L	93803	1450	*	*	*	*	*	4452400	*
H	93803	101	99.0	+	0	0	490I101M859I	3682570 Even3_35918	4452400
H	41633	101	99.0	+	0	0	512I101M774I	3682570 Even3_35918	189667
N	*	101	*	*	*	*	*	3693042 Even3_163745	*
L	18771	1365	*	*	*	*	*	369449	*
H	18771	101	100.0	+	0	0	506I101M758I	369449 Even1_31419	369449
H	93502	101	99.0	+	0	0	501I101M844I	369449 Even1_31419	4449055
H	38321	101	99.0	+	0	0	526I101M862I	369449 Even1_31419	213813
H	62180	101	99.0	+	0	0	491I101M840I	369449 Even1_31419	2224336
H	21710	101	99.0	+	0	0	505I101M752I	369449 Even1_31419	340476
L	31070	1384	*	*	*	*	*	271431	*
H	31070	101	100.0	+	0	0	504I101M779I	3694599 Even4_63965	271431
L	43159	1379	*	*	*	*	*	181423	*
H	43159	101	100.0	+	0	0	503I101M775I	3694599 Even4_63965	181423
L	41234	1378	*	*	*	*	*	191753	*
H	41234	101	100.0	+	0	0	502I101M775I	3694599 Even4_63965	191753
L	31911	1384	*	*	*	*	*	266437	*
H	31911	101	100.0	+	0	0	504I101M779I	3694599 Even4_63965	266437
L	41110	1382	*	*	*	*	*	192365	*
H	41110	101	100.0	+	0	0	506I101M775I	3694599 Even4_63965	192365
L	18730	1358	*	*	*	*	*	370105	*
H	18730	101	100.0	+	0	0	492I101M765I	370105 Even4_62180	370105
H	20051	101	99.0	+	0	0	503I101M751I	370105 Even4_62180	352617
H	41817	101	99.0	+	0	0	526I101M769I	370105 Even4_62180	188706
H	38321	101	99.0	+	0	0	526I101M862I	370105 Even4_62180	213813
H	38341	101	99.0	+	0	0	527I101M865I	370105 Even4_62180	213566
H	41454	101	98.0	+	0	0	521I101M775I	370357 Even3_251227	190605
L	40574	1391	*	*	*	*	*	195115	*
H	40574	101	98.0	+	0	0	524I101M766I	370357 Even3_251227	195115
H	40575	101	98.0	+	0	0	515I101M774I	370357 Even3_251227	195105
H	43089	101	98.0	+	0	0	517I101M782I	370357 Even3_251227	181836
H	44108	101	98.0	+	0	0	517I101M781I	370357 Even3_251227	176306
H	9455	101	100.0	+	0	0	517I101M748I	3709990 Even4_370	579851
H	18825	101	100.0	+	0	0	538I101M749I	3709990 Even4_370	368486
H	13431	101	100.0	+	0	0	537I101M730I	3709990 Even4_370	548587
H	8396	101	99.0	+	0	0	517I101M749I	3709990 Even4_370	587530
H	59504	101	99.0	+	0	0	504I101M855I	3709990 Even4_370	1904686
N	*	101	*	*	*	*	*	3714917 Even1_288407	*
H	26885	101	98.0	+	0	0	511I101M780I	3747551 Even3_209689	302960
L	44552	1393	*	*	*	*	*	173900	*
H	44552	101	98.0	+	0	0	515I101M777I	3747551 Even3_209689	173900
L	94898	1438	*	*	*	*	*	4464065	*
H	94898	101	97.0	+	0	0	484I101M853I	3747551 Even3_209689	4464065
L	77097	1443	*	*	*	*	*	4094866	*
H	77097	101	98.0	+	0	0	480I101M862I	3747551 Even3_209689	4094866
L	77007	1436	*	*	*	*	*	4086959	*
H	77007	101	98.0	+	0	0	476I101M859I	3747551 Even3_209689	4086959
L	74356	1539	*	*	*	*	*	3749797	*
H	74356	101	97.0	+	0	0	527I101M911I	3749797 Even4_325010	3749797
H	40844	101	98.0	+	0	0	515I101M774I	3750380 Even3_24469	193863
L	51785	1524	*	*	*	*	*	100198	*
H	51785	101	98.0	+	0	0	515I101M908I	3750380 Even3_24469	100198
N	*	91	*	*	*	*	*	3757787 Even1_231354	*
H	40505	101	98.0	+	0	0	513I101M774I	3794053 Even3_5044	195465
L	28228	1380	*	*	*	*	*	294708	*
H	28228	101	98.0	+	0	0	504I101M775I	3794053 Even3_5044	294708
H	74710	101	99.0	+	0	0	492I101M858I	3794053 Even3_5044	3794053
H	43345	101	97.0	+	0	0	514I101M775I	3794053 Even3_5044	180414
L	18247	1364	*	*	*	*	*	421792	*
H	18247	91	98.9	+	0	0	507I91M766I	38278 Even1_166684	421792
L	39061	1505	*	*	*	*	*	205981	*
H	39061	91	98.9	+	0	0	531I91M883I	38278 Even1_166684	205981
L	38078	1506	*	*	*	*	*	216524	*
H	38078	91	98.9	+	0	0	533I91M882I	38278 Even1_166684	216524
L	38373	1505	*	*	*	*	*	213147	*
H	38373	91	98.9	+	0	0	534I91M880I	38278 Even1_166684	213147
L	40668	1411	*	*	*	*	*	194673	*
H	40668	91	98.9	+	0	0	533I91M787I	38278 Even1_166684	194673
L	54237	1457	*	*	*	*	*	38357	*
H	54237	92	97.8	+	0	0	492I92M873I	38357 Even4_79070	38357
L	41148	1394	*	*	*	*	*	192204	*
H	41148	101	100.0	+	0	0	517I101M776I	38415 Even4_252403	192204
H	26006	101	100.0	+	0	0	504I101M776I	38415 Even4_252403	309480
L	21929	1392	*	*	*	*	*	338926	*
H	21929	101	100.0	+	0	0	517I101M774I	38415 Even4_252403	338926
L	30321	1392	*	*	*	*	*	275970	*
H	30321	101	100.0	+	0	0	517I101M774I	38415 Even4_252403	275970
H	76467	101	99.0	+	0	0	490I101M845I	38415 Even4_252403	4015729
L	74339	1374	*	*	*	*	*	3747551	*
H	74339	101	99.0	+	0	0	486I101M787I	3857424 Even4_168575	3747551
H	91847	101	97.0	+	0	0	494I101M844I	3857424 Even4_168575	4431558
L	78637	1452	*	*	*	*	*	4289377	*
H	78637	101	99.0	+	0	0	481I101M870I	3857424 Even4_168575	4289377
L	65886	1433	*	*	*	*	*	2688034	*
H	65886	101	99.0	+	0	0	489I101M843I	3857424 Even4_168575	2688034
H	25963	101	97.0	+	0	0	504I101M773I	3857424 Even4_168575	309815
N	*	101	*	*	*	*	*	3892768 Even3_8821	*
L	9285	1378	*	*	*	*	*	581079	*
H	9285	101	100.0	+	0	0	519I101M758I	3903651 Even4_832	581079
H	42816	101	100.0	+	0	0	526I101M771I	3903651 Even4_832	183162
H	39769	101	100.0	+	0	0	519I101M775I	3903651 Even4_832	199422
H	40693	101	100.0	+	0	0	513I101M772I	3903651 Even4_832	194562
H	75540	101	100.0	+	0	0	499I101M857I	3903651 Even4_832	3903651
N	*	101	*	*	*	*	*	3908638 Even1_18782	*
L	23543	1370	*	*	*	*	*	327284	*
H	23543	93	97.8	+	0	0	505I93M772I	3919797 Even3_282406	327284
L	40100	1393	*	*	*	*	*	197568	*
H	40100	93	97.8	+	0	0	518I93M782I	3919797 Even3_282406	197568
L	75676	1510	*	*	*	*	*	3919792	*
H	75676	93	97.8	+	0	0	519I93M898I	3919797 Even3_282406	3919792
L	75677	1508	*	*	*	*	*	3919797	*
H	75677	93	97.8	+	0	0	516I93M899I	3919797 Even3_282406	3919797
L	42071	1389	*	*	*	*	*	187222	*
H	42071	93	97.8	+	0	0	516I93M780I	3919797 Even3_282406	187222
L	69995	1438	*	*	*	*	*	3195500	*
H	69995	101	98.0	+	0	0	483I101M854I	392887 Even1_51103	3195500
L	44921	1475	*	*	*	*	*	169847	*
H	44921	101	98.0	+	0	0	496I101M878I	392887 Even1_51103	169847
L	42650	1386	*	*	*	*	*	183969	*
H	42650	101	98.0	+	0	0	517I101M768I	392887 Even1_51103	183969
L	15577	1393	*	*	*	*	*	531436	*
H	15577	101	99.0	+	0	0	517I101M775I	392887 Even1_51103	531436
H	40964	101	98.0	+	0	0	517I101M774I	392887 Even1_51103	193213
N	*	91	*	*	*	*	*	394270 Even4_295563	*
H	41151	101	100.0	+	0	0	518I101M775I	3943186 Even1_19623	192182
H	41946	101	100.0	+	0	0	516I101M776I	3943186 Even1_19623	187945
L	42761	1379	*	*	*	*	*	183457	*
H	42761	101	100.0	+	0	0	504I101M774I	3943186 Even1_19623	183457
L	42861	1381	*	*	*	*	*	182980	*
H	42861	101	99.0	+	0	0	506I101M774I	3943186 Even1_19623	182980
L	43340	1390	*	*	*	*	*	180450	*
H	43340	101	100.0	+	0	0	516I101M773I	3943186 Even1_19623	180450
L	76065	1448	*	*	*	*	*	3970651	*
H	76065	101	99.0	+	0	0	501I101M846I	3970651 Even4_166818	3970651
H	61181	101	99.0	+	0	0	495I101M768I	3970651 Even4_166818	846127
H	2815	101	99.0	+	0	0	511I101M767I	3970651 Even4_166818	851323
H	58044	101	97.0	+	0	0	500I101M846I	3970651 Even4_166818	1726408
L	71273	1457	*	*	*	*	*	3349140	*
H	71273	101	97.0	+	0	0	512I101M844I	3970651 Even4_166818	3349140
H	43037	101	99.0	+	0	0	526I101M769I	3989856 Even3_54346	182052
H	76200	101	100.0	+	0	0	508I101M814I	3989856 Even3_54346	3989856
L	39069	1491	*	*	*	*	*	205904	*
H	39069	101	99.0	+	0	0	527I101M863I	3989856 Even3_54346	205904
L	41958	1395	*	*	*	*	*	187841	*
H	41958	101	99.0	+	0	0	525I101M769I	3989856 Even3_54346	187841
H	71755	101	99.0	+	0	0	498I101M827I	3989856 Even3_54346	3410999
H	44759	101	98.0	+	0	0	517I101M862I	4015729 Even1_253916	171718
L	42984	1391	*	*	*	*	*	182305	*
H	42984	101	99.0	+	0	0	515I101M775I	4015729 Even1_253916	182305
H	44150	101	99.0	+	0	0	514I101M774I	4015729 Even1_253916	176080
L	27113	1384	*	*	*	*	*	301493	*
H	27113	101	97.0	+	0	0	507I101M776I	4015729 Even1_253916	301493
L	40351	1391	*	*	*	*	*	196286	*
H	40351	101	99.0	+	0	0	515I101M775I	4015729 Even1_253916	196286
H	37483	101	99.0	+	0	0	524I101M776I	4067355 Even3_82864	222043
H	12878	101	99.0	+	0	0	518I101M879I	4067355 Even3_82864	553208
L	90449	1503	*	*	*	*	*	4417158	*
H	90449	101	98.0	+	0	0	526I101M876I	4067355 Even3_82864	4417158
H	14821	101	99.0	+	0	0	527I101M870I	4067355 Even3_82864	538000
H	31646	101	99.0	+	0	0	518I101M877I	4067355 Even3_82864	268101
H	70669	101	98.0	+	0	0	310I101M902I	40839 Even3_52821	755474
H	29368	101	98.0	+	0	0	532I101M765I	40839 Even3_52821	287510
L	28433	1374	*	*	*	*	*	293262	*
H	28433	101	98.0	+	0	0	520I101M753I	40839 Even3_52821	293262
H	28152	101	97.0	+	0	0	520I101M763I	40839 Even3_52821	295194
L	28082	1388	*	*	*	*	*	295705	*
H	28082	101	98.0	+	0	0	522I101M765I	40839 Even3_52821	295705
L	41065	1392	*	*	*	*	*	192619	*
H	41065	91	97.8	+	0	0	514I91M787I	4086959 Even4_209338	192619
L	77093	1440	*	*	*	*	*	4094259	*
H	77093	101	97.0	+	0	0	470I101M869I	4094259 Even3_34271	4094259
L	57206	1445	*	*	*	*	*	1630017	*
H	57206	101	100.0	+	0	0	477I101M867I	4094866 Even4_178277	1630017
H	78637	101	100.0	+	0	0	481I101M870I	4094866 Even4_178277	4289377
H	65886	101	100.0	+	0	0	489I101M843I	4094866 Even4_178277	2688034
H	11388	101	100.0	+	0	0	494I101M805I	4094866 Even4_178277	564806
L	56871	1429	*	*	*	*	*	1586645	*
H	56871	101	100.0	+	0	0	480I101M848I	4094866 Even4_178277	1586645
L	77371	1442	*	*	*	*	*	4128381	*
H	77371	101	100.0	+	0	0	472I101M869I	4128381 Even4_29348	4128381
H	42259	101	99.0	+	0	0	513I101M770I	4128381 Even4_29348	186168
H	43944	101	97.0	+	0	0	517I101M777I	4128381 Even4_29348	177230
L	40932	1392	*	*	*	*	*	193407	*
H	40932	101	99.0	+	0	0	515I101M776I	4128381 Even4_29348	193407
H	41242	101	99.0	+	0	0	514I101M768I	4128381 Even4_29348	191703
L	43947	1398	*	*	*	*	*	177222	*
H	43947	101	99.0	+	0	0	526I101M771I	4189999 Even1_153959	177222
L	41446	1400	*	*	*	*	*	190638	*
H	41446	101	99.0	+	0	0	528I101M771I	4189999 Even1_153959	190638
H	25614	101	99.0	+	0	0	526I101M771I	4189999 Even1_153959	312140
L	92245	1433	*	*	*	*	*	4435396	*
H	92245	101	99.0	+	0	0	498I101M834I	4189999 Even1_153959	4435396
L	77816	1441	*	*	*	*	*	4189999	*
H	77816	101	100.0	+	0	0	493I20MI81M846I	4189999 Even1_153959	4189999
L	78112	1451	*	*	*	*	*	4225004	*
H	78112	101	100.0	+	0	0	484I101M866I	4225004 Even4_55625	4225004
H	83642	101	99.0	+	0	0	485I101M843I	4225004 Even4_55625	4344643
H	41565	101	99.0	+	0	0	515I101M774I	4225004 Even4_55625	189996
H	93752	101	99.0	+	0	0	495I101M861I	4225004 Even4_55625	4451899
L	44472	1383	*	*	*	*	*	174332	*
H	44472	101	99.0	+	0	0	513I101M769I	4225004 Even4_55625	174332
L	78128	1416	*	*	*	*	*	4227110	*
H	78128	101	99.0	+	0	0	499I101M816I	4227110 Even4_243865	4227110
H	36812	101	99.0	+	0	0	478I101M876I	4227110 Even4_243865	228556
L	3762	1466	*	*	*	*	*	819999	*
H	3762	101	99.0	+	0	0	506I101M859I	4227110 Even4_243865	819999
H	39261	101	98.0	+	0	0	471I101M788I	4227110 Even4_243865	203579
L	13596	1362	*	*	*	*	*	547304	*
H	13596	101	98.0	+	0	0	494I101M767I	4227110 Even4_243865	547304
L	78162	1447	*	*	*	*	*	4232045	*
H	78162	101	100.0	+	0	0	504I101M842I	4232045 Even4_38026	4232045
L	41576	1396	*	*	*	*	*	189920	*
H	41576	101	100.0	+	0	0	526I101M769I	4232045 Even4_38026	189920
L	67144	1495	*	*	*	*	*	1146234	*
H	67144	101	98.0	+	0	0	528I101M866I	4232045 Even4_38026	1146234
L	66721	1494	*	*	*	*	*	1133471	*
H	66721	101	98.0	+	0	0	528I101M865I	4232045 Even4_38026	1133471
L	66644	1489	*	*	*	*	*	1107945	*
H	66644	101	97.0	+	0	0	524I101M864I	4232045 Even4_38026	1107945
H	41873	101	99.0	+	0	0	515I101M775I	4232048 Even1_171862	188321
H	78575	101	99.0	+	0	0	485I101M861I	4232048 Even1_171862	4281639
L	78165	1445	*	*	*	*	*	4232048	*
H	78165	101	99.0	+	0	0	498I101M846I	4232048 Even1_171862	4232048
H	40351	101	99.0	+	0	0	515I101M775I	4232048 Even1_171862	196286
L	42914	1389	*	*	*	*	*	182729	*
H	42914	101	99.0	+	0	0	515I101M773I	4232048 Even1_171862	182729
L	40178	1392	*	*	*	*	*	197207	*
H	40178	101	99.0	+	0	0	517I94MI7M773I	4245940 Even3_318736	197207
L	86109	1443	*	*	*	*	*	4371302	*
H	86109	101	99.0	+	0	0	479I94MI7M862I	4245940 Even3_318736	4371302
L	42061	1393	*	*	*	*	*	187265	*
H	42061	101	99.0	+	0	0	517I94MI7M774I	4245940 Even3_318736	187265
L	88350	1448	*	*	*	*	*	4394977	*
H	88350	101	99.0	+	0	0	493I94MI7M853I	4245940 Even3_318736	4394977
L	20859	1359	*	*	*	*	*	346771	*
H	20859	101	99.0	+	0	0	502I94MI7M755I	4245940 Even3_318736	346771
H	78351	101	100.0	+	0	0	484I101M859I	4254528 Even3_1608	4254528
H	41164	101	100.0	+	0	0	514I101M774I	4254528 Even3_1608	192093
H	70578	101	100.0	+	0	0	489I101M850I	4254528 Even3_1608	3265161
H	69280	90	98.9	+	0	0	495I90M868I	4268506 Even3_106748	727507
L	43851	1369	*	*	*	*	*	177702	*
H	43851	90	98.9	+	0	0	496I90M783I	4268506 Even3_106748	177702
H	78471	90	98.9	+	0	0	496I90M850I	4268506 Even3_106748	4268506
L	93330	1450	*	*	*	*	*	4447176	*
H	93330	90	98.9	+	0	0	497I90M863I	4268506 Even3_106748	4447176
H	32182	90	97.8	+	0	0	505I90M884I	4268506 Even3_106748	264507
L	78553	1430	*	*	*	*	*	4278525	*
H	78553	101	100.0	+	0	0	504I101M825I	4278525 Even3_7077	4278525
H	15162	101	99.0	+	0	0	528I101M769I	4278525 Even3_7077	535375
L	81701	1437	*	*	*	*	*	4324964	*
H	81701	101	98.0	+	0	0	494I101M842I	4278525 Even3_7077	4324964
H	22847	101	99.0	+	0	0	503I101M751I	4278525 Even3_7077	332317
H	84736	101	98.0	+	0	0	456I101M829I	4278525 Even3_7077	4356641
L	18947	1389	*	*	*	*	*	366386	*
H	18947	101	100.0	+	0	0	526I101M762I	4281639 Even4_132	366386
H	44150	101	100.0	+	0	0	514I101M774I	4281639 Even4_132	176080
H	41873	101	100.0	+	0	0	515I101M775I	4281639 Even4_132	188321
H	41801	101	100.0	+	0	0	515I101M773I	4281639 Even4_132	188818
H	788	101	100.0	+	0	0	490I101M756I	4281639 Even4_132	1076587
H	40197	101	99.0	+	0	0	537I101M764I	4295707 Even1_29548	197105
H	40890	101	99.0	+	0	0	532I101M767I	4295707 Even1_29548	193623
H	40875	101	98.0	+	0	0	532I101M769I	4295707 Even1_29548	193710
H	89850	101	97.0	+	0	0	513I101M759I	4295707 Even1_29548	4410938
H	78789	101	99.0	+	0	0	527I61MI40M750I	4295707 Even1_29548	4295707
N	*	101	*	*	*	*	*	4296211 Even3_108902	*
L	55214	1511	*	*	*	*	*	13811	*
H	55214	101	99.0	+	0	0	522I101M888I	4300127 Even3_11	13811
L	79272	1526	*	*	*	*	*	4300127	*
H	79272	101	99.0	+	0	0	545I101M880I	4300127 Even3_11	4300127
L	26443	1512	*	*	*	*	*	306124	*
H	26443	101	98.0	+	0	0	547I101M864I	4300127 Even3_11	306124
L	43403	1372	*	*	*	*	*	180110	*
H	43403	101	99.0	+	0	0	494I101M777I	4306262 Even4_188283	180110
L	43452	1353	*	*	*	*	*	179814	*
H	43452	101	99.0	+	0	0	498I101M754I	4306262 Even4_188283	179814
L	30780	1383	*	*	*	*	*	273232	*
H	30780	101	99.0	+	0	0	507I101M775I	4306262 Even4_188283	273232
L	79869	1339	*	*	*	*	*	4306262	*
H	79869	101	99.0	+	0	0	481I101M757I	4306262 Even4_188283	4306262
L	43007	1335	*	*	*	*	*	182176	*
H	43007	101	99.0	+	0	0	494I101M740I	4306262 Even4_188283	182176
H	80038	91	100.0	+	0	0	547I91M920I	4307897 Even4_205199	4307897
H	27268	91	98.9	+	0	0	533I91M783I	4307897 Even4_205199	300658
L	50525	1537	*	*	*	*	*	110876	*
H	50525	91	97.8	+	0	0	538I91M908I	4307897 Even4_205199	110876
H	23380	91	98.9	+	0	0	533I91M880I	4307897 Even4_205199	328458
L	3385	1391	*	*	*	*	*	828043	*
H	3385	91	97.8	+	0	0	460I91M840I	4307897 Even4_205199	828043
L	17852	1535	*	*	*	*	*	471180	*
H	17852	91	98.9	+	0	0	517I91M927I	4308688 Even4_131727	471180
H	12090	91	97.8	+	0	0	503I91M787I	4308688 Even4_131727	559527
H	8811	91	97.8	+	0	0	507I91M893I	4308688 Even4_131727	584375
H	62902	91	97.8	+	0	0	505I91M919I	4308688 Even4_131727	825808
H	64823	91	97.8	+	0	0	420I91M922I	4308688 Even4_131727	824876
H	80567	97	99.0	+	0	0	526I97M881I	4309033 Even1_4540	4313261
H	13352	97	100.0	+	0	0	496I97M889I	4309033 Even1_4540	549232
H	16022	97	100.0	+	0	0	488I97M773I	4309033 Even1_4540	525841
H	55508	97	100.0	+	0	0	513I97M896I	4309033 Even1_4540	10212
H	55509	97	100.0	+	0	0	513I97M896I	4309033 Even1_4540	10211
H	54237	101	97.0	+	0	0	492I101M864I	4313261 Even4_15348	38357
L	84255	1365	*	*	*	*	*	4351284	*
H	84255	101	98.0	+	0	0	508I101M756I	4313261 Even4_15348	4351284
H	80567	101	99.0	+	0	0	526I101M877I	4313261 Even4_15348	4313261
H	13352	101	98.0	+	0	0	496I101M885I	4313261 Even4_15348	549232
L	80915	1465	*	*	*	*	*	4316320	*
H	80915	101	98.0	+	0	0	507I101M857I	4316320 Even1_83273	4316320
H	14821	101	98.0	+	0	0	527I101M870I	4316320 Even1_83273	538000
H	12878	101	98.0	+	0	0	518I101M879I	4316320 Even1_83273	553208
H	37483	101	98.0	+	0	0	524I101M776I	4316320 Even1_83273	222043
H	91997	101	98.0	+	0	0	477I101M835I	4316320 Even1_83273	4432891
N	*	91	*	*	*	*	*	4318990 Even4_105247	*
H	62461	101	99.0	+	0	0	591I101M774I	4321932 Even1_166703	1130818
H	55199	101	98.0	+	0	0	438I101M885I	4321932 Even1_166703	13900
H	81425	101	99.0	+	0	0	651I101M916I	4321932 Even1_166703	4321932
H	45632	101	99.0	+	0	0	547I101M916I	4321932 Even1_166703	161579
L	73305	1430	*	*	*	*	*	661404	*
H	73305	101	98.0	+	0	0	473I101M856I	4321932 Even1_166703	661404
L	84958	1455	*	*	*	*	*	4359056	*
H	84958	101	100.0	+	0	0	517I101M837I	4322986 Even3_60599	4359056
L	41739	1404	*	*	*	*	*	189090	*
H	41739	101	100.0	+	0	0	533I101M770I	4322986 Even3_60599	189090
L	36808	1486	*	*	*	*	*	228601	*
H	36808	101	100.0	+	0	0	524I101M861I	4322986 Even3_60599	228601
L	92282	1439	*	*	*	*	*	4435784	*
H	92282	101	100.0	+	0	0	513I101M825I	4322986 Even3_60599	4435784
L	65941	1440	*	*	*	*	*	2696706	*
H	65941	101	100.0	+	0	0	491I101M848I	4322986 Even3_60599	2696706
L	64798	1359	*	*	*	*	*	2563561	*
H	64798	101	100.0	+	0	0	418I101M840I	4324964 Even3_44256	2563561
L	92514	1437	*	*	*	*	*	4438116	*
H	92514	101	100.0	+	0	0	489I101M847I	4324964 Even3_44256	4438116
L	92095	1438	*	*	*	*	*	4433947	*
H	92095	101	100.0	+	0	0	502I101M835I	4324964 Even3_44256	4433947
L	84920	1435	*	*	*	*	*	4358527	*
H	84920	101	100.0	+	0	0	490I101M844I	4324964 Even3_44256	4358527
L	83753	1445	*	*	*	*	*	4345850	*
H	83753	101	100.0	+	0	0	503I101M841I	4324964 Even3_44256	4345850
L	81770	1393	*	*	*	*	*	4325725	*
H	81770	101	98.0	+	0	0	451I101M841I	4325725 Even1_103327	4325725
H	22669	101	97.0	+	0	0	517I101M774I	4325725 Even1_103327	333580
H	28776	101	98.0	+	0	0	504I101M776I	4325725 Even1_103327	291267
H	22820	101	97.0	+	0	0	515I101M774I	4325725 Even1_103327	332500
H	21687	101	97.0	+	0	0	501I101M776I	4325725 Even1_103327	340642
L	82090	1424	*	*	*	*	*	4329132	*
H	82090	101	100.0	+	0	0	493I101M830I	4329132 Even1_171504	4329132
H	43145	101	99.0	+	0	0	517I101M775I	4329132 Even1_171504	181485
L	41190	1395	*	*	*	*	*	191974	*
H	41190	101	99.0	+	0	0	519I101M775I	4329132 Even1_171504	191974
L	75278	1446	*	*	*	*	*	3868447	*
H	75278	101	99.0	+	0	0	486I101M859I	4329132 Even1_171504	3868447
L	41198	1373	*	*	*	*	*	191923	*
H	41198	101	99.0	+	0	0	517I101M755I	4329132 Even1_171504	191923
L	82219	1375	*	*	*	*	*	4330715	*
H	82219	101	100.0	+	0	0	413I101M861I	4330715 Even1_14185	4330715
H	15696	101	98.0	+	0	0	520I101M771I	4330715 Even1_14185	529889
L	41545	1380	*	*	*	*	*	190107	*
H	41545	101	99.0	+	0	0	500I77MI12MI12M777I	4330715 Even1_14185	190107
L	44104	1396	*	*	*	*	*	176321	*
H	44104	101	99.0	+	0	0	517I101M778I	4330715 Even1_14185	176321
L	50038	1335	*	*	*	*	*	113909	*
H	50038	101	99.0	+	0	0	478I101M756I	4330715 Even1_14185	113909
L	23169	1495	*	*	*	*	*	329997	*
H	23169	101	100.0	+	0	0	487I101M907I	4334049 Even1_26734	329997
L	82539	1511	*	*	*	*	*	4334055	*
H	82539	101	100.0	+	0	0	531I101M879I	4334049 Even1_26734	4334055
L	34302	1409	*	*	*	*	*	250135	*
H	34302	101	100.0	+	0	0	466I101M842I	4334049 Even1_26734	250135
L	49691	1452	*	*	*	*	*	126133	*
H	49691	101	100.0	+	0	0	435I101M916I	4334049 Even1_26734	126133
L	18397	1355	*	*	*	*	*	405425	*
H	18397	101	100.0	+	0	0	501I101M753I	4334049 Even1_26734	405425
N	*	101	*	*	*	*	*	4334501 Even1_1876	*
L	82658	1451	*	*	*	*	*	4335293	*
H	82658	101	100.0	+	0	0	509I101M841I	4335293 Even1_38824	4335293
L	38783	1490	*	*	*	*	*	208972	*
H	38783	101	100.0	+	0	0	526I101M863I	4335293 Even1_38824	208972
H	41817	101	98.0	+	0	0	526I101M769I	4335293 Even1_38824	188706
H	24518	101	98.0	+	0	0	506I101M753I	4335293 Even1_38824	320291
H	93502	101	98.0	+	0	0	501I101M844I	4335293 Even1_38824	4449055
L	82713	1432	*	*	*	*	*	4335781	*
H	82713	101	100.0	+	0	0	425I101M906I	4335781 Even1_77	4335781
L	12829	1450	*	*	*	*	*	553611	*
H	12829	101	100.0	+	0	0	488I101M861I	4335781 Even1_77	553611
H	36359	101	97.0	+	0	0	487I101M911I	4335781 Even1_77	235262
H	53234	101	98.0	+	0	0	501I101M803I	4335781 Even1_77	69933
H	17850	101	98.0	+	0	0	528I101M918I	4335781 Even1_77	484304
L	82717	1454	*	*	*	*	*	4335815	*
H	82717	101	100.0	+	0	0	495I101M858I	4335815 Even3_90064	4335815
L	42708	1394	*	*	*	*	*	183698	*
H	42708	101	99.0	+	0	0	517I101M776I	4335815 Even3_90064	183698
L	41758	1391	*	*	*	*	*	189007	*
H	41758	101	99.0	+	0	0	515I101M775I	4335815 Even3_90064	189007
L	20498	1351	*	*	*	*	*	349482	*
H	20498	101	99.0	+	0	0	497I101M753I	4335815 Even3_90064	349482
L	44249	1392	*	*	*	*	*	175518	*
H	44249	101	99.0	+	0	0	517I101M774I	4335815 Even3_90064	175518
H	46011	101	98.0	+	0	0	506I101M846I	4338598 Even4_54530	158908
H	86869	101	98.0	+	0	0	502I101M838I	4338598 Even4_54530	4379411
L	19494	1363	*	*	*	*	*	356827	*
H	19494	101	97.0	+	0	0	506I101M756I	4338598 Even4_54530	356827
H	36487	101	98.0	+	0	0	504I101M875I	4338598 Even4_54530	233549
H	19314	101	98.0	+	0	0	507I101M756I	4338598 Even4_54530	360000
L	83388	1430	*	*	*	*	*	4342104	*
H	83388	101	100.0	+	0	0	489I101M840I	4342104 Even4_14	4342104
L	60197	1381	*	*	*	*	*	1983368	*
H	60197	101	100.0	+	0	0	496I101M784I	4342104 Even4_14	1983368
L	43126	1392	*	*	*	*	*	181603	*
H	43126	101	100.0	+	0	0	524I101M767I	4342104 Even4_14	181603
L	25643	1393	*	*	*	*	*	311961	*
H	25643	101	100.0	+	0	0	525I101M767I	4342104 Even4_14	311961
H	46050	101	97.0	+	0	0	495I101M851I	4342104 Even4_14	158625
H	29349	101	97.0	+	0	0	504I101M774I	4344643 Even4_162663	287597
H	27347	101	97.0	+	0	0	517I101M774I	4344643 Even4_162663	300267
H	74146	101	97.0	+	0	0	515I101M910I	4344643 Even4_162663	839545
H	77371	101	98.0	+	0	0	472I101M869I	4344643 Even4_162663	4128381
L	43535	1391	*	*	*	*	*	179426	*
H	43535	101	97.0	+	0	0	516I101M774I	4344643 Even4_162663	179426
L	70294	1446	*	*	*	*	*	3232397	*
H	70294	91	100.0	+	0	0	501I91M854I	4345333 Even3_8918	3232397
H	16022	91	100.0	+	0	0	488I91M779I	4345333 Even3_8918	525841
H	80180	91	100.0	+	0	0	483I91M845I	4345333 Even3_8918	4309033
H	13133	91	100.0	+	0	0	475I91M853I	4345333 Even3_8918	550960
H	66087	91	100.0	+	0	0	466I91M824I	4345333 Even3_8918	1122622
H	36359	101	100.0	+	0	0	487I101M911I	4347159 Even3_28	235262
H	53078	101	100.0	+	0	0	496I101M805I	4347159 Even3_28	72820
H	53234	101	99.0	+	0	0	501I101M803I	4347159 Even3_28	69933
H	62902	101	99.0	+	0	0	505I101M909I	4347159 Even3_28	825808
H	64823	101	99.0	+	0	0	420I101M912I	4347159 Even3_28	824876
N	*	101	*	*	*	*	*	4347520 Even1_29891	*
H	84082	101	100.0	+	0	0	473I101M846I	4349517 Even3_221841	4349517
L	41447	1374	*	*	*	*	*	190637	*
H	41447	101	99.0	+	0	0	500I101M773I	4349517 Even3_221841	190637
L	28863	1382	*	*	*	*	*	290647	*
H	28863	101	99.0	+	0	0	507I101M774I	4349517 Even3_221841	290647
H	28796	101	99.0	+	0	0	507I101M779I	4349517 Even3_221841	291128
H	42887	101	99.0	+	0	0	502I101M771I	4349517 Even3_221841	182861
L	53577	1460	*	*	*	*	*	60332	*
H	53577	101	99.0	+	0	0	502I101M857I	4350788 Even1_53786	60332
L	18340	1363	*	*	*	*	*	410307	*
H	18340	101	99.0	+	0	0	506I101M756I	4350788 Even1_53786	410307
L	18215	1391	*	*	*	*	*	425721	*
H	18215	101	99.0	+	0	0	527I101M763I	4350788 Even1_53786	425721
L	67921	1401	*	*	*	*	*	703635	*
H	67921	101	99.0	+	0	0	514I101M786I	4350788 Even1_53786	703635
L	84210	1492	*	*	*	*	*	4350788	*
H	84210	101	100.0	+	0	0	532I101M859I	4350788 Even1_53786	4350788
H	54237	101	98.0	+	0	0	492I101M864I	4351284 Even1_2590	38357
L	52467	1497	*	*	*	*	*	87839	*
H	52467	101	97.0	+	0	0	516I101M880I	4351284 Even1_2590	87839
H	84255	101	99.0	+	0	0	508I101M756I	4351284 Even1_2590	4351284
H	80567	101	98.0	+	0	0	526I101M877I	4351284 Even1_2590	4313261
L	45750	1537	*	*	*	*	*	160873	*
H	45750	101	97.0	+	0	0	528I101M908I	4351284 Even1_2590	160873
L	22642	1389	*	*	*	*	*	333753	*
H	22642	101	97.0	+	0	0	515I101M773I	4352768 Even4_58865	333753
L	84387	1439	*	*	*	*	*	4352768	*
H	84387	101	100.0	+	0	0	488I101M850I	4352768 Even4_58865	4352768
H	93330	101	99.0	+	0	0	497I101M852I	4352768 Even4_58865	4447176
L	84556	1417	*	*	*	*	*	4354577	*
H	84556	92	100.0	+	0	0	458I92M867I	4354577 Even3_4314	4354577
H	13544	92	100.0	+	0	0	468I92M770I	4354577 Even3_4314	547714
H	7082	92	100.0	+	0	0	480I92M834I	4354577 Even3_4314	628226
H	29357	92	98.9	+	0	0	488I92M784I	4354577 Even3_4314	287570
H	7385	92	100.0	+	0	0	497I92M918I	4354577 Even3_4314	606927
L	25021	1369	*	*	*	*	*	316642	*
H	25021	101	97.0	+	0	0	503I101M765I	4356065 Even3_14573	316642
L	77480	1451	*	*	*	*	*	4144205	*
H	77480	101	97.0	+	0	0	492I101M858I	4356065 Even3_14573	4144205
L	44158	1384	*	*	*	*	*	176057	*
H	44158	101	97.0	+	0	0	514I101M769I	4356065 Even3_14573	176057
H	93448	101	97.0	+	0	0	495I101M842I	4356065 Even3_14573	4448492
H	61787	101	97.0	+	0	0	485I101M870I	4356065 Even3_14573	2183213
N	*	91	*	*	*	*	*	4356331 Even3_28102	*
H	76015	101	100.0	+	0	0	504I101M846I	4357205 Even4_115879	3963289
H	42546	101	98.0	+	0	0	527I101M771I	4357205 Even4_115879	184610
L	42553	1395	*	*	*	*	*	184567	*
H	42553	101	98.0	+	0	0	525I101M769I	4357205 Even4_115879	184567
L	42616	1397	*	*	*	*	*	184209	*
H	42616	101	97.0	+	0	0	525I101M771I	4357205 Even4_115879	184209
H	83175	101	99.0	+	0	0	484I101M847I	4357205 Even4_115879	4340358
L	85191	1431	*	*	*	*	*	4361727	*
H	85191	101	100.0	+	0	0	492I101M838I	4361727 Even1_75078	4361727
H	71755	101	99.0	+	0	0	498I101M827I	4361727 Even1_75078	3410999
H	70655	101	99.0	+	0	0	486I101M840I	4361727 Even1_75078	3272632
H	70506	101	99.0	+	0	0	501I101M834I	4361727 Even1_75078	3256931
L	67810	1455	*	*	*	*	*	2921213	*
H	67810	101	99.0	+	0	0	506I101M848I	4361727 Even1_75078	2921213
L	28004	1359	*	*	*	*	*	296134	*
H	28004	101	97.0	+	0	0	488I101M770I	4363269 Even3_27250	296134
H	15659	101	99.0	+	0	0	504I101M774I	4363269 Even3_27250	530379
L	23526	1385	*	*	*	*	*	327383	*
H	23526	101	99.0	+	0	0	515I101M769I	4363269 Even3_27250	327383
L	64710	1448	*	*	*	*	*	2549971	*
H	64710	101	98.0	+	0	0	489I101M858I	4363269 Even3_27250	2549971
L	16134	1391	*	*	*	*	*	524515	*
H	16134	101	99.0	+	0	0	515I101M775I	4363269 Even3_27250	524515
H	27558	94	98.9	+	0	0	514I94M747I	4363553 Even4_144344	298973
H	40416	94	97.9	+	0	0	515I94M782I	4363553 Even4_144344	195934
H	41276	94	97.9	+	0	0	526I94M782I	4363553 Even4_144344	191549
H	42595	94	97.9	+	0	0	515I94M774I	4363553 Even4_144344	184322
H	40749	94	97.9	+	0	0	518I94M749I	4363553 Even4_144344	194340
L	21839	1391	*	*	*	*	*	339512	*
H	21839	101	97.0	+	0	0	515I101M775I	4366525 Even1_174018	339512
L	85676	1408	*	*	*	*	*	4366525	*
H	85676	101	98.0	+	0	0	467I101M840I	4366525 Even1_174018	4366525
L	21912	1392	*	*	*	*	*	338994	*
H	21912	101	98.0	+	0	0	515I101M776I	4366525 Even1_174018	338994
H	27761	101	97.0	+	0	0	518I101M781I	4366525 Even1_174018	297641
L	28030	1390	*	*	*	*	*	296010	*
H	28030	101	97.0	+	0	0	515I101M774I	4366525 Even1_174018	296010
L	29147	1360	*	*	*	*	*	288955	*
H	29147	101	100.0	+	0	0	515I101M744I	4366728 Even4_10218	288955
L	22069	1384	*	*	*	*	*	337946	*
H	22069	101	100.0	+	0	0	515I101M768I	4366728 Even4_10218	337946
H	28030	101	100.0	+	0	0	515I101M774I	4366728 Even4_10218	296010
H	27761	101	100.0	+	0	0	518I101M781I	4366728 Even4_10218	297641
L	85696	1448	*	*	*	*	*	4366728	*
H	85696	101	100.0	+	0	0	488I101M859I	4366728 Even4_10218	4366728
H	10555	77	98.7	+	0	0	526I77M886I	4368216 Even3_75432	571458
L	72350	1381	*	*	*	*	*	849393	*
H	72350	77	97.4	+	0	0	516I77M788I	4368216 Even3_75432	849393
L	32633	1404	*	*	*	*	*	261878	*
H	32633	77	97.4	+	0	0	489I77M838I	4368216 Even3_75432	261878
H	16118	77	98.7	+	0	0	521I77M788I	4368216 Even3_75432	524661
L	46012	1456	*	*	*	*	*	158906	*
H	46012	77	97.4	+	0	0	509I77M870I	4368216 Even3_75432	158906
L	85837	1400	*	*	*	*	*	4368600	*
H	85837	101	100.0	+	0	0	472I101M827I	4368600 Even3_25057	4368600
L	60686	1362	*	*	*	*	*	838674	*
H	60686	101	99.0	+	0	0	504I101M757I	4368600 Even3_25057	838674
L	60129	1447	*	*	*	*	*	816702	*
H	60129	101	99.0	+	0	0	488I101M858I	4368600 Even3_25057	816702
L	45574	1356	*	*	*	*	*	162215	*
H	45574	101	99.0	+	0	0	452I101M803I	4368600 Even3_25057	162215
L	22934	1331	*	*	*	*	*	331697	*
H	22934	101	99.0	+	0	0	437I101M793I	4368600 Even3_25057	331697
H	34438	101	98.0	+	0	0	497I101M857I	4369434 Even3_2044	249142
L	30576	1395	*	*	*	*	*	274455	*
H	30576	92	97.8	+	0	0	517I92M786I	4370025 Even4_291123	274455
L	32025	1393	*	*	*	*	*	265576	*
H	32025	92	97.8	+	0	0	517I92M784I	4370025 Even4_291123	265576
H	28259	92	98.9	+	0	0	504I92M786I	4370025 Even4_291123	294440
H	69832	92	98.9	+	0	0	510I92M766I	4370025 Even4_291123	842594
L	32442	1393	*	*	*	*	*	263074	*
H	32442	92	97.8	+	0	0	517I92M784I	4370025 Even4_291123	263074
L	30291	1395	*	*	*	*	*	276149	*
H	30291	101	99.0	+	0	0	523I101M771I	4372003 Even4_186817	276149
H	65761	101	98.0	+	0	0	517I101M770I	4372003 Even4_186817	847228
H	56118	101	98.0	+	0	0	506I101M797I	4372003 Even4_186817	1952
H	39879	101	98.0	+	0	0	527I101M769I	4372003 Even4_186817	198866
H	61181	101	99.0	+	0	0	495I101M768I	4372003 Even4_186817	846127
L	39976	1387	*	*	*	*	*	198324	*
H	39976	101	99.0	+	0	0	515I101M771I	4372382 Even1_15668	198324
H	41251	101	99.0	+	0	0	523I101M773I	4372382 Even1_15668	191657
H	41565	101	99.0	+	0	0	515I101M774I	4372382 Even1_15668	189996
H	61755	101	99.0	+	0	0	490I101M847I	4372382 Even1_15668	2177184
H	67903	101	99.0	+	0	0	483I101M858I	4372382 Even1_15668	2932151
L	86533	1439	*	*	*	*	*	4375894	*
H	86533	101	100.0	+	0	0	480I101M858I	4375894 Even3_140361	4375894
H	42000	101	99.0	+	0	0	517I101M771I	4375894 Even3_140361	187607
H	22568	101	99.0	+	0	0	497I101M752I	4375894 Even3_140361	334336
H	62765	101	99.0	+	0	0	479I101M863I	4375894 Even3_140361	2298935
L	82358	1446	*	*	*	*	*	4332082	*
H	82358	101	99.0	+	0	0	487I101M858I	4375894 Even3_140361	4332082
L	86552	1508	*	*	*	*	*	4376230	*
H	86552	101	100.0	+	0	0	526I101M881I	4376230 Even4_125231	4376230
L	63192	1463	*	*	*	*	*	776980	*
H	63192	101	99.0	+	0	0	504I101M858I	4376230 Even4_125231	776980
L	14944	1353	*	*	*	*	*	537085	*
H	14944	101	98.0	+	0	0	479I101M773I	4376230 Even4_125231	537085
L	90544	1492	*	*	*	*	*	4418165	*
H	90544	101	99.0	+	0	0	528I101M863I	4376230 Even4_125231	4418165
L	90387	1502	*	*	*	*	*	4416562	*
H	90387	101	99.0	+	0	0	525I101M876I	4376230 Even4_125231	4416562
H	86599	101	97.0	+	0	0	512I101M916I	4376828 Even1_52650	4376828
H	1471	101	97.0	+	0	0	497I101M830I	4376828 Even1_52650	997439
L	86738	1422	*	*	*	*	*	4378081	*
H	86738	101	100.0	+	0	0	486I101M835I	4378081 Even1_743	4378081
H	69833	101	97.0	+	0	0	490I101M842I	4378081 Even1_743	3173413
L	24611	1376	*	*	*	*	*	319621	*
H	24611	101	99.0	+	0	0	526I101M749I	4378081 Even1_743	319621
H	84501	101	98.0	+	0	0	523I101M768I	4378081 Even1_743	4354041
H	81513	101	97.0	+	0	0	505I101M786I	4378081 Even1_743	4322986
H	19314	101	97.0	+	0	0	507I101M756I	4379411 Even4_26938	360000
L	19160	1365	*	*	*	*	*	362608	*
H	19160	101	97.0	+	0	0	507I101M757I	4379411 Even4_26938	362608
H	36487	101	99.0	+	0	0	504I101M875I	4379411 Even4_26938	233549
H	35514	101	97.0	+	0	0	506I101M844I	4379411 Even4_26938	240992
H	86869	101	99.0	+	0	0	502I101M838I	4379411 Even4_26938	4379411
L	86873	1482	*	*	*	*	*	4379449	*
H	86873	101	100.0	+	0	0	519I101M862I	4379449 Even4_2986	4379449
H	19301	101	100.0	+	0	0	498I101M765I	4379449 Even4_2986	360238
H	87913	101	99.0	+	0	0	422I43MI58M836I	4379449 Even4_2986	4390365
L	53996	1489	*	*	*	*	*	45363	*
H	53996	101	99.0	+	0	0	505I101M883I	4379449 Even4_2986	45363
H	47712	101	99.0	+	0	0	500I101M751I	4379449 Even4_2986	145801
H	88026	101	97.0	+	0	0	496I101M847I	4379646 Even1_5353	4391326
L	22705	1391	*	*	*	*	*	333330	*
H	22705	101	97.0	+	0	0	515I101M775I	4379646 Even1_5353	333330
L	28226	1389	*	*	*	*	*	294710	*
H	28226	101	98.0	+	0	0	515I101M773I	4379646 Even1_5353	294710
L	86886	1454	*	*	*	*	*	4379646	*
H	86886	101	100.0	+	0	0	493I101M860I	4379646 Even1_5353	4379646
H	10191	101	97.0	+	0	0	489I101M779I	4379646 Even1_5353	574290
H	87125	101	98.0	+	0	0	501I101M845I	4381913 Even1_24158	4381913
L	53096	1447	*	*	*	*	*	72466	*
H	53096	101	97.0	+	0	0	480I50MI13MI38M864I	4381913 Even1_24158	72466
H	23744	101	100.0	+	0	0	517I101M770I	4385326 Even3_346	325910
H	86164	101	100.0	+	0	0	494I101M838I	4385326 Even3_346	4371957
L	87435	1443	*	*	*	*	*	4385326	*
H	87435	101	100.0	+	0	0	485I101M857I	4385326 Even3_346	4385326
H	40246	101	100.0	+	0	0	517I101M774I	4385326 Even3_346	196893
H	71633	101	100.0	+	0	0	485I101M855I	4385326 Even3_346	3398712
H	81368	101	98.0	+	0	0	481I101M1258I	4385479 Even1_6921	4321292
L	58195	1467	*	*	*	*	*	1746913	*
H	58195	101	98.0	+	0	0	506I101M860I	4385479 Even1_6921	1746913
H	39357	101	98.0	+	0	0	480I101M890I	4385479 Even1_6921	202829
H	17855	101	98.0	+	0	0	533I101M747I	4385479 Even1_6921	470879
L	73312	1424	*	*	*	*	*	3610691	*
H	73312	101	98.0	+	0	0	483I6MI19MI76M838I	4385479 Even1_6921	3610691
H	62368	101	98.0	+	0	0	524I101M822I	4387246 Even1_61438	2250345
L	80249	1491	*	*	*	*	*	4309927	*
H	80249	101	97.0	+	0	0	512I101M878I	4387246 Even1_61438	4309927
L	44362	1390	*	*	*	*	*	174853	*
H	44362	101	97.0	+	0	0	513I101M776I	4387246 Even1_61438	174853
H	42146	101	97.0	+	0	0	515I101M776I	4387246 Even1_61438	186858
H	40749	101	97.0	+	0	0	518I101M742I	4387246 Even1_61438	194340
L	49794	1462	*	*	*	*	*	119010	*
H	49794	101	99.0	+	0	0	495I101M866I	4389289 Even4_37302	119010
L	87803	1395	*	*	*	*	*	4389289	*
H	87803	101	100.0	+	0	0	476I101M818I	4389289 Even4_37302	4389289
L	49241	1459	*	*	*	*	*	134671	*
H	49241	101	99.0	+	0	0	487I101M871I	4389289 Even4_37302	134671
H	63192	101	99.0	+	0	0	504I101M858I	4389289 Even4_37302	776980
L	81136	1375	*	*	*	*	*	4318935	*
H	81136	101	99.0	+	0	0	518I101M756I	4389289 Even4_37302	4318935
H	47712	101	99.0	+	0	0	500I101M751I	4390365 Even3_6990	145801
H	19496	101	99.0	+	0	0	500I101M752I	4390365 Even3_6990	356760
H	87913	101	100.0	+	0	0	422I42MI59M836I	4390365 Even3_6990	4390365
H	19301	101	98.0	+	0	0	498I101M765I	4390365 Even3_6990	360238
L	71785	1392	*	*	*	*	*	3413566	*
H	71785	101	99.0	+	0	0	453I23MI15MI63M836I	4390365 Even3_6990	3413566
H	88026	101	98.0	+	0	0	496I101M847I	4391326 Even1_217591	4391326
H	40938	101	98.0	+	0	0	515I101M774I	4391326 Even1_217591	193364
H	41633	101	98.0	+	0	0	512I101M774I	4391326 Even1_217591	189667
H	89948	101	98.0	+	0	0	493I52MI49M861I	4391326 Even1_217591	4412103
H	93803	101	98.0	+	0	0	490I101M859I	4391326 Even1_217591	4452400
H	90449	101	98.0	+	0	0	526I101M876I	4392183 Even1_27860	4417158
H	91997	101	99.0	+	0	0	477I101M835I	4392183 Even1_27860	4432891
H	14821	101	99.0	+	0	0	527I101M870I	4392183 Even1_27860	538000
L	55524	1482	*	*	*	*	*	9870	*
H	55524	101	98.0	+	0	0	504I101M877I	4392183 Even1_27860	9870
H	55528	101	99.0	+	0	0	503I101M872I	4392183 Even1_27860	9819
H	95422	101	99.0	+	0	0	478I101M862I	4393073 Even3_42783	4469302
H	24562	101	99.0	+	0	0	515I101M774I	4393073 Even3_42783	319938
H	68375	101	99.0	+	0	0	495I101M847I	4393073 Even3_42783	2990145
H	86127	101	99.0	+	0	0	477I101M861I	4393073 Even3_42783	4371463
L	8870	1379	*	*	*	*	*	583974	*
H	8870	101	99.0	+	0	0	515I101M763I	4393073 Even3_42783	583974
H	37483	101	97.0	+	0	0	524I101M776I	4397471 Even4_326809	222043
H	31646	101	97.0	+	0	0	518I101M877I	4397471 Even4_326809	268101
H	91997	101	97.0	+	0	0	477I101M835I	4397471 Even4_326809	4432891
H	55528	101	97.0	+	0	0	503I101M872I	4397471 Even4_326809	9819
H	82004	101	97.0	+	0	0	436I101M844I	4397471 Even4_326809	4328189
L	92865	1408	*	*	*	*	*	4441854	*
H	92865	101	97.0	+	0	0	485I101M822I	4397962 Even4_57524	4441854
L	92866	1407	*	*	*	*	*	4441855	*
H	92866	101	97.0	+	0	0	485I101M821I	4397962 Even4_57524	4441855
L	55051	1519	*	*	*	*	*	15432	*
H	55051	101	97.0	+	0	0	515I101M903I	4397962 Even4_57524	15432
N	*	101	*	*	*	*	*	4401110 Even1_7473	*
H	18866	101	100.0	+	0	0	487I101M762I	4404187 Even1_23	367813
H	89219	101	100.0	+	0	0	480I101M867I	4404187 Even1_23	4404187
L	43688	1389	*	*	*	*	*	178612	*
H	43688	101	100.0	+	0	0	514I101M774I	4404187 Even1_23	178612
H	42465	101	100.0	+	0	0	514I101M774I	4404187 Even1_23	185140
H	43197	101	100.0	+	0	0	507I101M774I	4404187 Even1_23	181193
H	24611	101	97.0	+	0	0	526I101M749I	4406925 Even1_157484	319621
H	86804	101	97.0	+	0	0	501I101M833I	4406925 Even1_157484	4378688
H	41506	101	97.0	+	0	0	529I101M769I	4406925 Even1_157484	190309
L	77998	1439	*	*	*	*	*	4212012	*
H	77998	101	97.0	+	0	0	503I101M835I	4406925 Even1_157484	4212012
H	41739	101	97.0	+	0	0	533I101M770I	4406925 Even1_157484	189090
L	89540	1483	*	*	*	*	*	4407603	*
H	89540	101	99.0	+	0	0	504I101M878I	4407603 Even4_11540	4407603
H	17852	101	99.0	+	0	0	517I101M917I	4407603 Even4_11540	471180
H	36359	101	97.0	+	0	0	487I101M911I	4407603 Even4_11540	235262
H	12090	101	97.0	+	0	0	503I101M777I	4407603 Even4_11540	559527
H	53078	101	97.0	+	0	0	496I101M805I	4407603 Even4_11540	72820
H	64129	101	98.0	+	0	0	504I101M858I	4407939 Even4_39360	691423
H	55530	101	99.0	+	0	0	473I101M847I	4407939 Even4_39360	9727
L	89569	1465	*	*	*	*	*	4407939	*
H	89569	101	99.0	+	0	0	507I101M857I	4407939 Even4_39360	4407939
L	67096	1363	*	*	*	*	*	1010113	*
H	67096	101	98.0	+	0	0	506I101M756I	4407939 Even4_39360	1010113
H	93773	101	98.0	+	0	0	493I101M861I	4407939 Even4_39360	4452050
H	42959	101	99.0	+	0	0	531I101M768I	4410938 Even1_81898	182483
H	40890	101	99.0	+	0	0	532I101M767I	4410938 Even1_81898	193623
H	43402	101	99.0	+	0	0	532I101M770I	4410938 Even1_81898	180112
H	40197	101	99.0	+	0	0	537I101M764I	4410938 Even1_81898	197105
H	40875	101	98.0	+	0	0	532I101M769I	4410938 Even1_81898	193710
H	89948	101	99.0	+	0	0	493I51MI50M861I	4412103 Even4_263635	4412103
H	8590	101	98.0	+	0	0	495I101M764I	4412103 Even4_263635	586019
L	61399	1450	*	*	*	*	*	2129166	*
H	61399	101	97.0	+	0	0	492I101M857I	4412103 Even4_263635	2129166
L	54696	1536	*	*	*	*	*	24546	*
H	54696	101	98.0	+	0	0	528I101M907I	4412103 Even4_263635	24546
H	40938	101	97.0	+	0	0	515I101M774I	4412103 Even4_263635	193364
L	89954	1436	*	*	*	*	*	4412168	*
H	89954	101	100.0	+	0	0	493I101M842I	4412168 Even3_90370	4412168
H	76590	101	99.0	+	0	0	498I101M829I	4412168 Even3_90370	4029632
H	42717	101	99.0	+	0	0	521I101M769I	4412168 Even3_90370	183662
H	77723	101	99.0	+	0	0	514I101M813I	4412168 Even3_90370	4174963
H	42616	101	98.0	+	0	0	525I101M771I	4412168 Even3_90370	184209
H	68174	90	98.9	+	0	0	485I90M871I	4413347 Even1_122418	1142029
H	64823	90	98.9	+	0	0	420I90M923I	4413347 Even1_122418	824876
H	53234	90	98.9	+	0	0	501I90M814I	4413347 Even1_122418	69933
L	64825	1513	*	*	*	*	*	813479	*
H	64825	90	97.8	+	0	0	501I90M922I	4413347 Even1_122418	813479
H	36359	90	98.9	+	0	0	487I90M922I	4413347 Even1_122418	235262
L	42289	1394	*	*	*	*	*	186030	*
H	42289	101	99.0	+	0	0	518I101M775I	4414044 Even1_219130	186030
L	90138	1449	*	*	*	*	*	4414044	*
H	90138	101	100.0	+	0	0	506I101M842I	4414044 Even1_219130	4414044
H	21664	101	99.0	+	0	0	494I101M757I	4414044 Even1_219130	340761
L	40355	1391	*	*	*	*	*	196253	*
H	40355	101	99.0	+	0	0	516I101M774I	4414044 Even1_219130	196253
L	43054	1375	*	*	*	*	*	181985	*
H	43054	101	99.0	+	0	0	500I101M774I	4414044 Even1_219130	181985
H	42534	101	100.0	+	0	0	524I101M769I	4414420 Even1_156	184725
H	63476	101	100.0	+	0	0	485I101M848I	4414420 Even1_156	2388617
L	42352	1395	*	*	*	*	*	185730	*
H	42352	101	100.0	+	0	0	525I101M769I	4414420 Even1_156	185730
H	90171	101	100.0	+	0	0	498I101M835I	4414420 Even1_156	4414420
H	25000	101	100.0	+	0	0	507I101M751I	4414420 Even1_156	316761
L	81363	1506	*	*	*	*	*	4321230	*
H	81363	101	99.0	+	0	0	526I101M879I	4414605 Even1_804	4321230
L	19030	1499	*	*	*	*	*	364818	*
H	19030	101	99.0	+	0	0	508I101M890I	4414605 Even1_804	364818
L	57099	1508	*	*	*	*	*	1616784	*
H	57099	101	99.0	+	0	0	528I101M879I	4414605 Even1_804	1616784
L	63035	1366	*	*	*	*	*	947308	*
H	63035	101	100.0	+	0	0	506I101M759I	4414605 Even1_804	947308
L	84026	1498	*	*	*	*	*	4348984	*
H	84026	101	99.0	+	0	0	488I101M909I	4414605 Even1_804	4348984
L	35548	1458	*	*	*	*	*	240810	*
H	35548	101	98.0	+	0	0	480I101M877I	4417158 Even3_22720	240810
L	88834	1508	*	*	*	*	*	4399988	*
H	88834	101	98.0	+	0	0	527I101M880I	4417158 Even3_22720	4399988
H	55528	101	97.0	+	0	0	503I101M872I	4417158 Even3_22720	9819
H	14821	101	97.0	+	0	0	527I101M870I	4417158 Even3_22720	538000
H	55524	101	98.0	+	0	0	504I101M877I	4417158 Even3_22720	9870
L	56350	1448	*	*	*	*	*	1521321	*
H	56350	87	98.9	+	0	0	486I87M875I	4420417 Even3_172545	1521321
H	78471	87	100.0	+	0	0	496I87M853I	4420417 Even3_172545	4268506
L	85131	1451	*	*	*	*	*	4361093	*
H	85131	87	98.9	+	0	0	496I87M868I	4420417 Even3_172545	4361093
L	94536	1442	*	*	*	*	*	4459708	*
H	94536	87	98.9	+	0	0	495I87M860I	4420417 Even3_172545	4459708
L	56524	1407	*	*	*	*	*	1544606	*
H	56524	87	98.9	+	0	0	496I87M824I	4420417 Even3_172545	1544606
H	62368	101	97.0	+	0	0	524I101M822I	4422656 Even3_4436	2250345
H	54696	101	99.0	+	0	0	528I101M907I	4422656 Even3_4436	24546
L	27184	1391	*	*	*	*	*	301110	*
H	27184	101	97.0	+	0	0	515I101M775I	4422656 Even3_4436	301110
H	40416	101	98.0	+	0	0	515I101M775I	4422656 Even3_4436	195934
H	85373	101	99.0	+	0	0	492I101M860I	4422656 Even3_4436	4363553
L	25329	1387	*	*	*	*	*	314189	*
H	25329	101	100.0	+	0	0	515I101M771I	4424111 Even1_11744	314189
L	80393	1376	*	*	*	*	*	4311535	*
H	80393	101	100.0	+	0	0	455I101M820I	4424111 Even1_11744	4311535
L	14840	1364	*	*	*	*	*	537886	*
H	14840	101	100.0	+	0	0	494I101M769I	4424111 Even1_11744	537886
L	17677	1387	*	*	*	*	*	508984	*
H	17677	101	100.0	+	0	0	514I101M772I	4424111 Even1_11744	508984
L	91153	1391	*	*	*	*	*	4424111	*
H	91153	101	100.0	+	0	0	453I101M837I	4424111 Even1_11744	4424111
N	*	101	*	*	*	*	*	4426298 Even1_31476	*
N	*	101	*	*	*	*	*	4426998 Even3_99141	*
H	85341	101	98.0	+	0	0	497I101M756I	4429536 Even1_34433	4363269
L	27013	1389	*	*	*	*	*	302097	*
H	27013	101	99.0	+	0	0	513I101M775I	4429536 Even1_34433	302097
L	76676	1377	*	*	*	*	*	777944	*
H	76676	101	99.0	+	0	0	512I101M764I	4429536 Even1_34433	777944
L	22391	1390	*	*	*	*	*	335675	*
H	22391	101	97.0	+	0	0	515I101M774I	4429536 Even1_34433	335675
H	78112	101	98.0	+	0	0	484I101M866I	4429536 Even1_34433	4225004
L	91757	1400	*	*	*	*	*	4430581	*
H	91757	101	99.0	+	0	0	528I101M771I	4430581 Even1_82978	4430581
H	96246	101	97.0	+	0	0	482I101M832I	4430581 Even1_82978	4477861
L	76503	1449	*	*	*	*	*	4020502	*
H	76503	101	97.0	+	0	0	501I101M847I	4430581 Even1_82978	4020502
H	44163	101	97.0	+	0	0	527I101M769I	4430581 Even1_82978	176034
H	19064	101	97.0	+	0	0	523I101M758I	4430581 Even1_82978	364179
H	42135	101	100.0	+	0	0	515I101M778I	4431558 Even1_172	186888
H	41159	101	100.0	+	0	0	514I101M774I	4431558 Even1_172	192133
H	73212	101	100.0	+	0	0	486I101M850I	4431558 Even1_172	3598692
H	14268	101	100.0	+	0	0	495I101M762I	4431558 Even1_172	542096
L	94502	1439	*	*	*	*	*	4459279	*
H	94502	101	97.0	+	0	0	493I101M845I	4431558 Even1_172	4459279
H	14821	101	100.0	+	0	0	527I101M870I	4432891 Even3_116	538000
H	12878	101	100.0	+	0	0	518I101M879I	4432891 Even3_116	553208
H	37483	101	100.0	+	0	0	524I101M776I	4432891 Even3_116	222043
H	5309	101	99.0	+	0	0	508I101M836I	4432891 Even3_116	754778
H	82004	101	100.0	+	0	0	436I101M844I	4432891 Even3_116	4328189
L	92141	1449	*	*	*	*	*	4434294	*
H	92141	101	99.0	+	0	0	502I101M846I	4434294 Even1_2004	4434294
L	42081	1402	*	*	*	*	*	187179	*
H	42081	101	99.0	+	0	0	521I101M780I	4434294 Even1_2004	187179
H	66352	101	98.0	+	0	0	491I101M840I	4434294 Even1_2004	2740953
H	39734	101	97.0	+	0	0	527I101M769I	4434294 Even1_2004	199627
L	15084	1328	*	*	*	*	*	535955	*
H	15084	101	100.0	+	0	0	411I101M816I	4434334 Even1_83	535955
H	76771	101	100.0	+	0	0	488I101M876I	4434334 Even1_83	807226
L	43268	1395	*	*	*	*	*	180795	*
H	43268	101	100.0	+	0	0	517I101M777I	4434334 Even1_83	180795
H	42460	101	100.0	+	0	0	488I101M771I	4434334 Even1_83	185159
L	25018	1372	*	*	*	*	*	316675	*
H	25018	101	100.0	+	0	0	498I101M773I	4434334 Even1_83	316675
L	42362	1407	*	*	*	*	*	185692	*
H	42362	101	97.0	+	0	0	517I93M2I8M787I	4435400 Even1_400	185692
H	42259	101	97.0	+	0	0	513I101M770I	4435400 Even1_400	186168
H	88503	101	98.0	+	0	0	508I101M875I	4435400 Even1_400	4396426
H	16849	101	97.0	+	0	0	507I101M775I	4435400 Even1_400	515279
H	62424	101	97.0	+	0	0	489I101M840I	4435400 Even1_400	2256432
H	57043	101	99.0	+	0	0	485I101M867I	4437364 Even4_121850	1607319
H	78260	101	98.0	+	0	0	494I101M853I	4437364 Even4_121850	4245940
H	85374	101	99.0	+	0	0	486I101M858I	4437364 Even4_121850	4363554
H	42210	101	99.0	+	0	0	519I101M774I	4437364 Even4_121850	186471
H	75187	101	99.0	+	0	0	474I101M860I	4437364 Even4_121850	3855886
H	92435	101	100.0	+	0	0	473I101M853I	4437368 Even4_4453	4437368
H	88350	101	99.0	+	0	0	493I101M854I	4437368 Even4_4453	4394977
H	57043	101	99.0	+	0	0	485I101M867I	4437368 Even4_4453	1607319
L	23482	1354	*	*	*	*	*	327730	*
H	23482	101	99.0	+	0	0	497I101M756I	4437368 Even4_4453	327730
H	62765	101	99.0	+	0	0	479I101M863I	4437368 Even4_4453	2298935
H	43920	101	100.0	+	0	0	515I101M771I	4437917 Even4_1006	177359
H	9639	101	100.0	+	0	0	524I101M876I	4437917 Even4_1006	578649
H	10191	101	100.0	+	0	0	489I101M779I	4437917 Even4_1006	574290
H	89948	101	100.0	+	0	0	493I53MI48M861I	4437917 Even4_1006	4412103
L	92494	1439	*	*	*	*	*	4437917	*
H	92494	101	100.0	+	0	0	484I101M854I	4437917 Even4_1006	4437917
L	93262	1374	*	*	*	*	*	4446320	*
H	93262	101	97.0	+	0	0	507I101M766I	4439530 Even4_27377	4446320
H	26556	101	97.0	+	0	0	500I101M775I	4439530 Even4_27377	305288
H	28624	101	97.0	+	0	0	500I101M772I	4439530 Even4_27377	292091
H	2925	101	97.0	+	0	0	478I101M855I	4439530 Even4_27377	843459
H	28617	101	97.0	+	0	0	498I101M773I	4439530 Even4_27377	292145
H	73312	101	99.0	+	0	0	483I6MI19MI76M838I	4440497 Even1_97835	3610691
L	92741	1331	*	*	*	*	*	4440497	*
H	92741	101	100.0	+	0	0	437I101M793I	4440497 Even1_97835	4440497
L	11939	1489	*	*	*	*	*	560629	*
H	11939	101	99.0	+	0	0	526I101M862I	4440497 Even1_97835	560629
H	5120	101	99.0	+	0	0	476I101M876I	4440497 Even1_97835	768553
H	87443	101	99.0	+	0	0	475I101M839I	4440497 Even1_97835	4385479
L	80163	1493	*	*	*	*	*	4308841	*
H	80163	101	97.0	+	0	0	514I101M878I	4440624 Even3_160560	4308841
H	92865	101	100.0	+	0	0	485I101M822I	4441855 Even1_3546	4441854
H	92866	101	100.0	+	0	0	485I101M821I	4441855 Even1_3546	4441855
H	80617	101	99.0	+	0	0	485I101M821I	4441855 Even1_3546	4313711
H	36037	101	99.0	+	0	0	484I101M857I	4441855 Even1_3546	237444
H	29253	101	99.0	+	0	0	533I101M782I	4441855 Even1_3546	288235
L	31463	1391	*	*	*	*	*	269107	*
H	31463	101	97.0	+	0	0	515I101M775I	4442508 Even1_51584	269107
L	33159	1390	*	*	*	*	*	258710	*
H	33159	101	97.0	+	0	0	515I101M774I	4442508 Even1_51584	258710
L	42506	1391	*	*	*	*	*	184903	*
H	42506	101	97.0	+	0	0	517I101M773I	4442508 Even1_51584	184903
L	32130	1401	*	*	*	*	*	264846	*
H	32130	101	97.0	+	0	0	524I101M776I	4442508 Even1_51584	264846
L	44899	1412	*	*	*	*	*	170056	*
H	44899	101	97.0	+	0	0	495I101M816I	4442508 Even1_51584	170056
L	90802	1443	*	*	*	*	*	4420417	*
H	90802	101	100.0	+	0	0	492I101M850I	4447176 Even1_3	4420417
H	77769	101	100.0	+	0	0	412I101M910I	4447176 Even1_3	784256
H	93330	101	100.0	+	0	0	497I101M852I	4447176 Even1_3	4447176
H	69280	101	100.0	+	0	0	495I101M857I	4447176 Even1_3	727507
H	50563	101	100.0	+	0	0	515I101M824I	4447176 Even1_3	110625
L	46058	1449	*	*	*	*	*	158581	*
H	46058	101	97.0	+	0	0	504I101M844I	4447188 Even4_29592	158581
H	93448	101	100.0	+	0	0	495I101M842I	4448492 Even4_80	4448492
L	22725	1392	*	*	*	*	*	333166	*
H	22725	101	100.0	+	0	0	516I101M775I	4448492 Even4_80	333166
H	85630	101	100.0	+	0	0	493I101M861I	4448492 Even4_80	4366173
H	44158	101	100.0	+	0	0	514I101M769I	4448492 Even4_80	176057
H	42406	101	100.0	+	0	0	515I101M776I	4448492 Even4_80	185486
H	87434	101	100.0	+	0	0	504I101M844I	4449054 Even1_59	4385318
L	59517	1470	*	*	*	*	*	1906635	*
H	59517	101	100.0	+	0	0	487I101M882I	4449054 Even1_59	1906635
H	42052	101	100.0	+	0	0	527I101M773I	4449054 Even1_59	187324
H	40912	101	100.0	+	0	0	527I101M772I	4449054 Even1_59	193528
H	61012	101	100.0	+	0	0	504I101M842I	4449054 Even1_59	2085032
H	41976	101	100.0	+	0	0	526I101M771I	4449055 Even4_37	187751
H	38457	101	100.0	+	0	0	527I101M865I	4449055 Even4_37	212164
H	21710	101	100.0	+	0	0	505I101M752I	4449055 Even4_37	340476
H	42039	101	100.0	+	0	0	512I101M769I	4449055 Even4_37	187388
L	24088	1361	*	*	*	*	*	323325	*
H	24088	101	100.0	+	0	0	506I101M754I	4449055 Even4_37	323325
L	93552	1497	*	*	*	*	*	4449633	*
H	93552	101	100.0	+	0	0	520I101M876I	4449633 Even4_82498	4449633
L	39909	1388	*	*	*	*	*	198690	*
H	39909	101	98.0	+	0	0	513I101M774I	4449633 Even4_82498	198690
H	27347	101	99.0	+	0	0	517I101M774I	4449633 Even4_82498	300267
H	93692	101	100.0	+	0	0	509I101M850I	4451152 Even4_554	4451152
H	38709	101	99.0	+	0	0	526I101M864I	4451152 Even4_554	209685
H	88111	101	97.0	+	0	0	523I101M862I	4451152 Even4_554	4392243
H	42259	101	100.0	+	0	0	513I101M770I	4451899 Even1_723	186168
L	70861	1437	*	*	*	*	*	3301187	*
H	70861	101	100.0	+	0	0	484I101M852I	4451899 Even1_723	3301187
H	83327	101	100.0	+	0	0	481I101M857I	4451899 Even1_723	4341534
H	58391	101	100.0	+	0	0	485I101M851I	4451899 Even1_723	1769960
H	40932	101	100.0	+	0	0	515I101M776I	4451899 Even1_723	193407
L	9734	1424	*	*	*	*	*	578058	*
H	9734	101	97.0	+	0	0	487I101M836I	4452050 Even1_23683	578058
H	47366	101	98.0	+	0	0	500I101M835I	4452050 Even1_23683	148620
L	81033	1438	*	*	*	*	*	4317730	*
H	81033	101	98.0	+	0	0	493I101M844I	4452050 Even1_23683	4317730
H	35762	101	98.0	+	0	0	480I101M835I	4452050 Even1_23683	239362
L	11579	1439	*	*	*	*	*	563359	*
H	11579	101	98.0	+	0	0	446I101M892I	4452050 Even1_23683	563359
L	44810	1429	*	*	*	*	*	171184	*
H	44810	101	97.0	+	0	0	480I101M848I	4452633 Even1_207321	171184
L	72766	1411	*	*	*	*	*	3540765	*
H	72766	101	97.0	+	0	0	459I101M851I	4452633 Even1_207321	3540765
L	44845	1321	*	*	*	*	*	170652	*
H	44845	101	97.0	+	0	0	376I101M844I	4452633 Even1_207321	170652
L	44787	1362	*	*	*	*	*	171437	*
H	44787	101	97.0	+	0	0	411I101M850I	4452633 Even1_207321	171437
L	44784	1444	*	*	*	*	*	171480	*
H	44784	101	97.0	+	0	0	480I101M863I	4452633 Even1_207321	171480
H	43418	101	100.0	+	0	0	528I101M758I	4453609 Even4_181	180045
H	42754	101	100.0	+	0	0	525I101M770I	4453609 Even4_181	183480
H	81756	101	100.0	+	0	0	512I101M846I	4453609 Even4_181	4325533
H	93919	101	100.0	+	0	0	533I101M770I	4453609 Even4_181	4453609
L	44146	1394	*	*	*	*	*	176108	*
H	44146	101	100.0	+	0	0	524I101M769I	4453609 Even4_181	176108
L	71981	1400	*	*	*	*	*	3440955	*
H	71981	96	97.9	+	0	0	465I59MI37M838I	4454068 Even4_223718	3440955
H	11939	96	97.9	+	0	0	526I96M867I	4454068 Even4_223718	560629
H	81368	96	97.9	+	0	0	481I96M1263I	4454068 Even4_223718	4321292
H	45193	96	97.9	+	0	0	517I96M866I	4454068 Even4_223718	166692
H	39357	96	97.9	+	0	0	480I96M895I	4454068 Even4_223718	202829
H	82004	101	97.0	+	0	0	436I101M844I	4454295 Even1_124764	4328189
L	94112	1531	*	*	*	*	*	4455652	*
H	94112	101	99.0	+	0	0	526I101M904I	4455652 Even1_1157	4455652
L	1847	1416	*	*	*	*	*	4484466	*
H	1847	101	98.0	+	0	0	481I19MD81M835I	4455652 Even1_1157	4484466
H	77227	101	99.0	+	0	0	502I101M831I	4455652 Even1_1157	1116679
H	7341	101	99.0	+	0	0	524I101M874I	4455652 Even1_1157	610462
H	13133	101	98.0	+	0	0	475I101M843I	4455652 Even1_1157	550960
L	74595	1357	*	*	*	*	*	831342	*
H	74595	101	98.0	+	0	0	483I101M773I	4456376 Even1_17930	831342
L	71181	1397	*	*	*	*	*	1136109	*
H	71181	101	98.0	+	0	0	456I101M840I	4456376 Even1_17930	1136109
L	6579	1453	*	*	*	*	*	662974	*
H	6579	101	99.0	+	0	0	490I101M862I	4456376 Even1_17930	662974
H	17852	101	99.0	+	0	0	517I101M917I	4456376 Even1_17930	471180
H	64824	101	98.0	+	0	0	495I101M912I	4456376 Even1_17930	822770
H	40749	101	100.0	+	0	0	518I101M742I	4459184 Even1_82028	194340
H	43765	101	100.0	+	0	0	515I101M775I	4459184 Even1_82028	178173
L	42758	1386	*	*	*	*	*	183467	*
H	42758	101	100.0	+	0	0	513I101M772I	4459184 Even1_82028	183467
H	80249	101	100.0	+	0	0	512I101M878I	4459184 Even1_82028	4309927
H	45670	101	100.0	+	0	0	495I101M873I	4459184 Even1_82028	161277
H	56524	101	100.0	+	0	0	496I101M810I	4459708 Even4_301170	1544606
H	56350	101	100.0	+	0	0	486I101M861I	4459708 Even4_301170	1521321
L	58198	1445	*	*	*	*	*	1747203	*
H	58198	101	100.0	+	0	0	483I101M861I	4459708 Even4_301170	1747203
L	80962	1449	*	*	*	*	*	4316924	*
H	80962	101	100.0	+	0	0	485I101M863I	4459708 Even4_301170	4316924
L	28148	1392	*	*	*	*	*	295205	*
H	28148	101	97.0	+	0	0	516I101M775I	4459708 Even4_301170	295205
L	22224	1387	*	*	*	*	*	336785	*
H	22224	101	97.0	+	0	0	516I101M770I	4459733 Even1_1331	336785
L	25114	1360	*	*	*	*	*	315982	*
H	25114	101	98.0	+	0	0	488I101M771I	4459733 Even1_1331	315982
L	24504	1360	*	*	*	*	*	320363	*
H	24504	101	97.0	+	0	0	486I101M773I	4459733 Even1_1331	320363
L	22785	1373	*	*	*	*	*	332731	*
H	22785	101	97.0	+	0	0	500I101M772I	4459733 Even1_1331	332731
H	44845	101	97.0	+	0	0	376I101M844I	4459733 Even1_1331	170652
H	60701	101	100.0	+	0	0	484I101M796I	4460263 Even3_6	1105928
H	94577	101	100.0	+	0	0	431I101M830I	4460263 Even3_6	4460263
L	52346	1489	*	*	*	*	*	90396	*
H	52346	101	97.0	+	0	0	500I49M2I7MI21M3I24M882I	4460263 Even3_6	90396
H	60701	101	97.0	+	0	0	484I101M796I	4460775 Even1_10956	1105928
H	94577	101	97.0	+	0	0	431I101M830I	4460775 Even1_10956	4460263
H	26806	101	97.0	+	0	0	487I101M858I	4464533 Even4_176162	303444
L	42199	1391	*	*	*	*	*	186549	*
H	42199	101	97.0	+	0	0	517I101M773I	4464533 Even4_176162	186549
H	20605	101	99.0	+	0	0	515I101M769I	4464533 Even4_176162	348751
H	41275	101	97.0	+	0	0	516I101M764I	4464533 Even4_176162	191551
L	94935	1446	*	*	*	*	*	4464533	*
H	94935	101	100.0	+	0	0	495I88MI13M849I	4464533 Even4_176162	4464533
H	19400	101	98.0	+	0	0	516I101M757I	4467347 Even1_138797	358493
H	38709	101	98.0	+	0	0	526I101M864I	4467347 Even1_138797	209685
H	66352	101	98.0	+	0	0	491I101M840I	4467347 Even1_138797	2740953
H	19027	101	98.0	+	0	0	498I101M766I	4467347 Even1_138797	364903
H	72937	101	98.0	+	0	0	483I101M846I	4467347 Even1_138797	3562626
L	53761	1405	*	*	*	*	*	52362	*
H	53761	101	99.0	+	0	0	491I101M813I	4467984 Even1_89940	52362
L	71715	1391	*	*	*	*	*	3407052	*
H	71715	101	99.0	+	0	0	477I101M813I	4467984 Even1_89940	3407052
L	95297	1471	*	*	*	*	*	4467984	*
H	95297	101	99.0	+	0	0	533I101M837I	4467984 Even1_89940	4467984
L	81624	1484	*	*	*	*	*	4324039	*
H	81624	101	98.0	+	0	0	531I101M852I	4467984 Even1_89940	4324039
H	42352	101	97.0	+	0	0	525I101M769I	4467984 Even1_89940	185730
H	95300	97	100.0	+	0	0	535I97M912I	4468024 Even1_26769	4468024
H	89569	97	97.9	+	0	0	507I97M861I	4468024 Even1_26769	4407939
L	71237	1402	*	*	*	*	*	720489	*
H	71237	97	97.9	+	0	0	527I97M778I	4468024 Even1_26769	720489
L	8933	1365	*	*	*	*	*	583590	*
H	8933	97	97.9	+	0	0	496I97M772I	4468024 Even1_26769	583590
L	56753	1405	*	*	*	*	*	609704	*
H	56753	97	97.9	+	0	0	471I97M837I	4468024 Even1_26769	609704
H	95422	101	100.0	+	0	0	478I101M862I	4469302 Even3_145	4469302
H	13829	101	100.0	+	0	0	495I101M769I	4469302 Even3_145	545473
H	86127	101	100.0	+	0	0	477I101M861I	4469302 Even3_145	4371463
L	40439	1400	*	*	*	*	*	195808	*
H	40439	101	100.0	+	0	0	517I101M782I	4469302 Even3_145	195808
H	62368	101	100.0	+	0	0	524I101M822I	4469302 Even3_145	2250345
H	95565	101	99.0	+	0	0	475I101M868I	4470603 Even4_2079	4470603
H	40577	101	99.0	+	0	0	515I101M781I	4470603 Even4_2079	195100
L	56988	1447	*	*	*	*	*	1601633	*
H	56988	101	99.0	+	0	0	490I101M856I	4470603 Even4_2079	1601633
L	40404	1397	*	*	*	*	*	195999	*
H	40404	101	99.0	+	0	0	517I101M779I	4470603 Even4_2079	195999
H	43052	101	99.0	+	0	0	515I101M774I	4470603 Even4_2079	181990
L	25485	1451	*	*	*	*	*	313060	*
H	25485	101	98.0	+	0	0	487I101M863I	4475144 Even4_2150	313060
L	60474	1363	*	*	*	*	*	1022184	*
H	60474	101	98.0	+	0	0	506I101M756I	4475144 Even4_2150	1022184
L	6687	1498	*	*	*	*	*	656517	*
H	6687	101	98.0	+	0	0	520I101M877I	4475144 Even4_2150	656517
L	17901	1456	*	*	*	*	*	463204	*
H	17901	101	98.0	+	0	0	483I101M872I	4475144 Even4_2150	463204
L	79048	1377	*	*	*	*	*	4297918	*
H	79048	101	98.0	+	0	0	442I101M834I	4475144 Even4_2150	4297918
H	8396	101	99.0	+	0	0	517I101M749I	4475469 Even4_216899	587530
H	9455	101	99.0	+	0	0	517I101M748I	4475469 Even4_216899	579851
L	88555	1460	*	*	*	*	*	4396877	*
H	88555	101	98.0	+	0	0	514I101M845I	4475469 Even4_216899	4396877
H	18825	101	99.0	+	0	0	538I101M749I	4475469 Even4_216899	368486
H	13431	101	99.0	+	0	0	537I101M730I	4475469 Even4_216899	548587
L	82033	1493	*	*	*	*	*	4328515	*
H	82033	101	100.0	+	0	0	527I101M865I	4476578 Even4_17116	4328515
L	87476	1495	*	*	*	*	*	4385761	*
H	87476	101	100.0	+	0	0	528I101M866I	4476578 Even4_17116	4385761
H	61268	101	100.0	+	0	0	528I101M867I	4476578 Even4_17116	1129060
L	93603	1494	*	*	*	*	*	4450198	*
H	93603	101	100.0	+	0	0	528I101M865I	4476578 Even4_17116	4450198
L	68667	1503	*	*	*	*	*	1136275	*
H	68667	101	100.0	+	0	0	528I101M874I	4476578 Even4_17116	1136275
L	17719	1349	*	*	*	*	*	505565	*
H	17719	101	98.0	+	0	0	496I101M752I	4476950 Even1_9001	505565
L	17731	1343	*	*	*	*	*	503372	*
H	17731	101	98.0	+	0	0	493I101M749I	4476950 Even1_9001	503372
L	17799	1344	*	*	*	*	*	495396	*
H	17799	101	98.0	+	0	0	493I101M750I	4476950 Even1_9001	495396
L	17804	1347	*	*	*	*	*	495095	*
H	17804	101	98.0	+	0	0	493I101M753I	4476950 Even1_9001	495095
L	17808	1349	*	*	*	*	*	495070	*
H	17808	101	98.0	+	0	0	495I101M753I	4476950 Even1_9001	495070
H	96135	101	97.0	+	0	0	482I101M856I	4477479 Even4_15092	4476751
H	76390	101	97.0	+	0	0	493I101M862I	4477479 Even4_15092	4008139
L	96214	1451	*	*	*	*	*	4477479	*
H	96214	101	100.0	+	0	0	488I101M862I	4477479 Even4_15092	4477479
H	19120	101	97.0	+	0	0	524I101M774I	4477479 Even4_15092	363232
H	45105	101	97.0	+	0	0	515I101M878I	4477479 Even4_15092	167741
H	76503	101	100.0	+	0	0	501I101M847I	4477861 Even3_18	4020502
H	44163	101	100.0	+	0	0	527I101M769I	4477861 Even3_18	176034
H	40266	101	100.0	+	0	0	489I101M771I	4477861 Even3_18	196769
H	49675	101	100.0	+	0	0	524I101M751I	4477861 Even3_18	127309
H	87878	101	100.0	+	0	0	502I101M841I	4477861 Even3_18	4390134
H	26841	101	100.0	+	0	0	523I101M766I	4480861 Even1_31	303221
H	26660	101	100.0	+	0	0	522I101M771I	4480861 Even1_31	304563
H	70669	101	100.0	+	0	0	310I101M902I	4480861 Even1_31	755474
H	28082	101	100.0	+	0	0	522I101M765I	4480861 Even1_31	295705
H	23132	101	100.0	+	0	0	527I101M764I	4480861 Even1_31	330294
L	19086	1345	*	*	*	*	*	363794	*
H	19086	101	100.0	+	0	0	475I101M769I	4481613 Even1_162356	363794
L	19442	1332	*	*	*	*	*	357849	*
H	19442	101	100.0	+	0	0	475I101M756I	4481613 Even1_162356	357849
L	29367	1365	*	*	*	*	*	287514	*
H	29367	101	100.0	+	0	0	495I101M769I	4481613 Even1_162356	287514
L	40902	1384	*	*	*	*	*	193575	*
H	40902	101	100.0	+	0	0	514I101M769I	4481613 Even1_162356	193575
L	40929	1371	*	*	*	*	*	193436	*
H	40929	101	100.0	+	0	0	501I101M769I	4481613 Even1_162356	193436
N	*	101	*	*	*	*	*	4481624 Even3_32531	*
H	36359	101	98.0	+	0	0	487I101M911I	4481861 Even1_67690	235262
H	53078	101	98.0	+	0	0	496I101M805I	4481861 Even1_67690	72820
H	53234	101	99.0	+	0	0	501I101M803I	4481861 Even1_67690	69933
H	62902	101	99.0	+	0	0	505I101M909I	4481861 Even1_67690	825808
H	64823	101	98.0	+	0	0	420I101M912I	4481861 Even1_67690	824876
L	65569	1437	*	*	*	*	*	2654261	*
H	65569	101	97.0	+	0	0	482I101M854I	4484466 Even1_531	2654261
H	70294	101	97.0	+	0	0	501I101M844I	4484466 Even1_531	3232397
H	16022	101	97.0	+	0	0	488I101M769I	4484466 Even1_531	525841
H	55508	101	97.0	+	0	0	513I101M892I	4484466 Even1_531	10212
H	55509	101	97.0	+	0	0	513I101M892I	4484466 Even1_531	10211
H	53996	97	97.9	+	0	0	505I97M887I	45363 Even4_233176	45363
L	32599	1387	*	*	*	*	*	262095	*
H	32599	97	97.9	+	0	0	520I97M770I	45363 Even4_233176	262095
H	17858	101	100.0	+	0	0	519I101M905I	470117 Even1_777	470117
H	31536	101	98.0	+	0	0	519I101M777I	470117 Even1_777	268693
L	54033	1446	*	*	*	*	*	44184	*
H	54033	101	97.0	+	0	0	514I101M831I	470117 Even1_777	44184
L	36532	1477	*	*	*	*	*	232828	*
H	36532	101	97.0	+	0	0	494I101M882I	470117 Even1_777	232828
H	17852	101	100.0	+	0	0	517I101M917I	471180 Even4_62	471180
H	89540	101	98.0	+	0	0	504I101M878I	471180 Even4_62	4407603
L	19371	1356	*	*	*	*	*	359098	*
H	19371	101	98.0	+	0	0	487I101M768I	471180 Even4_62	359098
L	19184	1385	*	*	*	*	*	362214	*
H	19184	101	99.0	+	0	0	506I101M778I	471180 Even4_62	362214
L	7857	1345	*	*	*	*	*	591285	*
H	7857	101	97.0	+	0	0	503I101M741I	471180 Even4_62	591285
L	53922	1439	*	*	*	*	*	47477	*
H	53922	101	98.0	+	0	0	501I101M837I	47477 Even4_160440	47477
H	43869	101	98.0	+	0	0	517I101M774I	47477 Even4_160440	177618
L	53903	1451	*	*	*	*	*	48084	*
H	53903	101	100.0	+	0	0	518I101M832I	48084 Even3_228568	48084
L	39448	1370	*	*	*	*	*	202162	*
H	39448	101	100.0	+	0	0	498I101M771I	48084 Even3_228568	202162
L	40324	1359	*	*	*	*	*	196428	*
H	40324	101	100.0	+	0	0	489I101M769I	48084 Even3_228568	196428
L	19472	1341	*	*	*	*	*	357261	*
H	19472	101	100.0	+	0	0	484I101M756I	48084 Even3_228568	357261
L	40770	1379	*	*	*	*	*	194223	*
H	40770	101	100.0	+	0	0	503I101M775I	48084 Even3_228568	194223
H	17719	101	98.0	+	0	0	496I101M752I	503372 Even4_30	505565
H	17731	101	99.0	+	0	0	493I101M749I	503372 Even4_30	503372
H	17799	101	98.0	+	0	0	493I101M750I	503372 Even4_30	495396
H	17804	101	98.0	+	0	0	493I101M753I	503372 Even4_30	495095
H	17808	101	98.0	+	0	0	495I101M753I	503372 Even4_30	495070
N	*	101	*	*	*	*	*	508842 Even3_97465	*
L	28488	1391	*	*	*	*	*	292909	*
H	28488	101	97.0	+	0	0	515I101M775I	509709 Even1_146375	292909
H	41937	101	99.0	+	0	0	514I101M761I	509709 Even1_146375	187980
L	41909	1392	*	*	*	*	*	188137	*
H	41909	101	97.0	+	0	0	515I101M776I	509709 Even1_146375	188137
L	15986	1382	*	*	*	*	*	526441	*
H	15986	101	98.0	+	0	0	503I101M778I	509709 Even1_146375	526441
H	73775	101	99.0	+	0	0	483I101M847I	509709 Even1_146375	3682570
H	29315	91	97.8	+	0	0	523I91M780I	509989 Even3_119833	287823
H	17523	91	98.9	+	0	0	523I91M869I	509989 Even3_119833	509989
L	51518	1431	*	*	*	*	*	102513	*
H	51518	91	97.8	+	0	0	486I91M854I	509989 Even3_119833	102513
L	51512	1449	*	*	*	*	*	102565	*
H	51512	91	97.8	+	0	0	503I91M855I	509989 Even3_119833	102565
H	22971	91	97.8	+	0	0	523I91M780I	509989 Even3_119833	331453
L	41509	1388	*	*	*	*	*	190301	*
H	41509	101	98.0	+	0	0	517I101M770I	510777 Even3_29165	190301
H	58147	101	98.0	+	0	0	495I101M859I	510777 Even3_29165	1740283
H	19462	101	99.0	+	0	0	482I101M762I	510777 Even3_29165	357412
L	16590	1399	*	*	*	*	*	518438	*
H	16590	101	99.0	+	0	0	526I101M772I	510777 Even3_29165	518438
L	43400	1390	*	*	*	*	*	180119	*
H	43400	101	98.0	+	0	0	515I101M774I	510777 Even3_29165	180119
H	86554	101	100.0	+	0	0	530I101M880I	510870 Even4_29	4376234
L	4160	1420	*	*	*	*	*	813217	*
H	4160	101	100.0	+	0	0	471I101M848I	510870 Even4_29	813217
H	45224	101	100.0	+	0	0	471I101M829I	510870 Even4_29	166235
L	58716	1453	*	*	*	*	*	737912	*
H	58716	101	100.0	+	0	0	471I101M881I	510870 Even4_29	737912
L	4145	1421	*	*	*	*	*	813457	*
H	4145	101	100.0	+	0	0	480I101M840I	510870 Even4_29	813457
L	68589	1491	*	*	*	*	*	3015659	*
H	68589	101	99.0	+	0	0	499I81MI20M890I	511908 Even3_4694	3015659
H	67921	101	99.0	+	0	0	514I101M786I	511908 Even3_4694	703635
L	6255	1421	*	*	*	*	*	687940	*
H	6255	101	99.0	+	0	0	483I101M837I	511908 Even3_4694	687940
L	93568	1402	*	*	*	*	*	4449851	*
H	93568	101	99.0	+	0	0	467I101M834I	511908 Even3_4694	4449851
H	64584	101	99.0	+	0	0	526I101M918I	511908 Even3_4694	2529285
L	16740	1366	*	*	*	*	*	516553	*
H	16740	101	99.0	+	0	0	517I101M748I	516553 Even3_28222	516553
L	15698	1393	*	*	*	*	*	529873	*
H	15698	101	99.0	+	0	0	516I101M776I	516553 Even3_28222	529873
H	41509	101	98.0	+	0	0	517I101M770I	516553 Even3_28222	190301
H	44276	101	98.0	+	0	0	505I101M774I	516553 Even3_28222	175367
H	42861	101	97.0	+	0	0	506I101M774I	516553 Even3_28222	182980
L	16625	1358	*	*	*	*	*	518002	*
H	16625	101	100.0	+	0	0	488I101M769I	518002 Even4_48653	518002
L	74536	1462	*	*	*	*	*	676211	*
H	74536	101	99.0	+	0	0	481I71MI30M879I	518002 Even4_48653	676211
L	74538	1457	*	*	*	*	*	666757	*
H	74538	101	99.0	+	0	0	480I101M876I	518002 Even4_48653	666757
L	29565	1400	*	*	*	*	*	280706	*
H	29565	101	99.0	+	0	0	527I101M772I	518002 Even4_48653	280706
L	41144	1380	*	*	*	*	*	192215	*
H	41144	101	99.0	+	0	0	464I101M815I	518002 Even4_48653	192215
H	60861	101	98.0	+	0	0	537I101M896I	524661 Even4_48791	2066374
H	60608	101	97.0	+	0	0	501I101M844I	524661 Even4_48791	2039020
H	35777	101	97.0	+	0	0	507I101M845I	524661 Even4_48791	239283
H	10555	101	98.0	+	0	0	526I101M862I	524661 Even4_48791	571458
L	71219	1452	*	*	*	*	*	762358	*
H	71219	101	97.0	+	0	0	507I101M844I	524661 Even4_48791	762358
L	16049	1380	*	*	*	*	*	525474	*
H	16049	101	100.0	+	0	0	505I101M774I	525474 Even1_38725	525474
H	43400	101	99.0	+	0	0	515I101M774I	525474 Even1_38725	180119
L	70882	1438	*	*	*	*	*	3304796	*
H	70882	101	99.0	+	0	0	483I101M854I	525474 Even1_38725	3304796
L	16307	1392	*	*	*	*	*	522107	*
H	16307	101	99.0	+	0	0	517I101M774I	525474 Even1_38725	522107
H	43458	101	99.0	+	0	0	515I101M775I	525474 Even1_38725	179785
H	15863	101	98.0	+	0	0	494I101M846I	527988 Even3_74267	527988
H	5672	101	97.0	+	0	0	494I101M745I	527988 Even3_74267	727945
L	94650	1442	*	*	*	*	*	4461030	*
H	94650	94	100.0	+	0	0	488I94M860I	528421 Even4_261	4461030
L	15209	1365	*	*	*	*	*	534965	*
H	15209	94	100.0	+	0	0	496I94M775I	528421 Even4_261	534965
H	67921	94	100.0	+	0	0	514I94M793I	528421 Even4_261	703635
L	45468	1486	*	*	*	*	*	163421	*
H	45468	94	100.0	+	0	0	525I94M867I	528421 Even4_261	163421
L	3156	1421	*	*	*	*	*	833731	*
H	3156	94	100.0	+	0	0	464I94M863I	528421 Even4_261	833731
N	*	101	*	*	*	*	*	529377 Even1_49038	*
L	15715	1391	*	*	*	*	*	529740	*
H	15715	101	100.0	+	0	0	516I101M774I	529740 Even4_23722	529740
L	22965	1353	*	*	*	*	*	331476	*
H	22965	101	99.0	+	0	0	496I101M756I	529740 Even4_23722	331476
H	57043	101	99.0	+	0	0	485I101M867I	529740 Even4_23722	1607319
L	23317	1355	*	*	*	*	*	328892	*
H	23317	101	99.0	+	0	0	497I101M757I	529740 Even4_23722	328892
H	23482	101	99.0	+	0	0	497I101M756I	529740 Even4_23722	327730
H	29153	101	99.0	+	0	0	506I101M768I	530379 Even1_24234	288930
H	15659	101	99.0	+	0	0	504I101M774I	530379 Even1_24234	530379
L	3261	1442	*	*	*	*	*	831300	*
H	3261	101	100.0	+	0	0	508I101M833I	532835 Even1_9566	831300
L	3246	1386	*	*	*	*	*	831599	*
H	3246	101	100.0	+	0	0	492I101M793I	532835 Even1_9566	831599
L	69887	1484	*	*	*	*	*	839597	*
H	69887	101	100.0	+	0	0	528I101M855I	532835 Even1_9566	839597
L	45101	1482	*	*	*	*	*	167760	*
H	45101	101	100.0	+	0	0	528I101M853I	532835 Even1_9566	167760
L	3199	1424	*	*	*	*	*	832676	*
H	3199	101	100.0	+	0	0	507I101M816I	532835 Even1_9566	832676
L	15400	1492	*	*	*	*	*	533373	*
H	15400	101	100.0	+	0	0	525I101M866I	533373 Even1_50181	533373
H	57818	101	99.0	+	0	0	491I101M848I	533373 Even1_50181	1698008
H	42039	101	99.0	+	0	0	512I101M769I	533373 Even1_50181	187388
H	41976	101	99.0	+	0	0	526I101M771I	533373 Even1_50181	187751
H	20051	101	99.0	+	0	0	503I101M751I	533373 Even1_50181	352617
H	43268	101	98.0	+	0	0	517I101M777I	534957 Even1_317500	180795
H	41562	101	98.0	+	0	0	516I101M773I	534957 Even1_317500	190003
H	43537	101	98.0	+	0	0	488I101M773I	534957 Even1_317500	179423
H	92147	101	98.0	+	0	0	463I101M849I	534957 Even1_317500	4434334
H	41246	101	98.0	+	0	0	488I101M772I	534957 Even1_317500	191691
H	6255	101	99.0	+	0	0	483I101M837I	534965 Even4_22311	687940
H	12967	101	99.0	+	0	0	515I101M838I	534965 Even4_22311	552376
H	93568	101	99.0	+	0	0	467I101M834I	534965 Even4_22311	4449851
L	36141	1368	*	*	*	*	*	236811	*
H	36141	101	99.0	+	0	0	453I101M814I	534965 Even4_22311	236811
L	36138	1421	*	*	*	*	*	236821	*
H	36138	101	99.0	+	0	0	485I101M835I	534965 Even4_22311	236821
H	86554	101	99.0	+	0	0	530I101M880I	537085 Even3_61553	4376234
H	4160	101	99.0	+	0	0	471I101M848I	537085 Even3_61553	813217
H	45224	101	99.0	+	0	0	471I101M829I	537085 Even3_61553	166235
H	58716	101	99.0	+	0	0	471I101M881I	537085 Even3_61553	737912
H	4145	101	99.0	+	0	0	480I101M840I	537085 Even3_61553	813457
L	60784	1440	*	*	*	*	*	2058521	*
H	60784	101	97.0	+	0	0	503I101M836I	537506 Even1_102192	2058521
H	72035	101	97.0	+	0	0	492I101M850I	537506 Even1_102192	3449121
H	68525	101	97.0	+	0	0	487I101M852I	537506 Even1_102192	3009852
L	40760	1388	*	*	*	*	*	194286	*
H	40760	101	97.0	+	0	0	523I101M764I	537506 Even1_102192	194286
L	85833	1442	*	*	*	*	*	4368575	*
H	85833	101	97.0	+	0	0	516I101M825I	537506 Even1_102192	4368575
L	36231	1508	*	*	*	*	*	236142	*
H	36231	101	97.0	+	0	0	527I101M880I	538000 Even4_115164	236142
L	27734	1399	*	*	*	*	*	297771	*
H	27734	101	98.0	+	0	0	524I101M774I	538000 Even4_115164	297771
L	27509	1403	*	*	*	*	*	299267	*
H	27509	101	98.0	+	0	0	526I101M776I	538000 Even4_115164	299267
H	65897	101	98.0	+	0	0	504I101M839I	538000 Even4_115164	2689396
L	4418	1437	*	*	*	*	*	808486	*
H	4418	101	98.0	+	0	0	480I101M856I	538000 Even4_115164	808486
L	13912	1467	*	*	*	*	*	544824	*
H	13912	101	99.0	+	0	0	506I101M860I	540402 Even3_172159	544824
H	60129	101	99.0	+	0	0	488I101M858I	540402 Even3_172159	816702
L	79845	1381	*	*	*	*	*	4306121	*
H	79845	101	99.0	+	0	0	457I101M823I	540402 Even3_172159	4306121
L	60315	1382	*	*	*	*	*	1128398	*
H	60315	101	98.0	+	0	0	524I101M757I	540402 Even3_172159	1128398
L	65469	1377	*	*	*	*	*	810317	*
H	65469	101	98.0	+	0	0	505I101M771I	540402 Even3_172159	810317
N	*	101	*	*	*	*	*	540793 Even3_69194	*
L	14413	1492	*	*	*	*	*	540982	*
H	14413	101	98.0	+	0	0	525I101M866I	540982 Even4_252725	540982
H	38457	101	98.0	+	0	0	527I101M865I	540982 Even4_252725	212164
H	23641	101	97.0	+	0	0	508I101M769I	540982 Even4_252725	326626
H	3156	101	98.0	+	0	0	464I101M856I	541119 Even1_172356	833731
H	45224	101	98.0	+	0	0	471I101M829I	541119 Even1_172356	166235
L	61293	1379	*	*	*	*	*	2119418	*
H	61293	101	98.0	+	0	0	453I101M825I	541119 Even1_172356	2119418
L	61282	1432	*	*	*	*	*	2116285	*
H	61282	101	98.0	+	0	0	492I32MI69M838I	541119 Even1_172356	2116285
L	45337	1466	*	*	*	*	*	164915	*
H	45337	101	98.0	+	0	0	494I101M871I	541119 Even1_172356	164915
H	12878	101	99.0	+	0	0	518I101M879I	541517 Even4_8679	553208
L	14337	1406	*	*	*	*	*	541517	*
H	14337	101	100.0	+	0	0	520I101M785I	541517 Even4_8679	541517
H	14821	101	99.0	+	0	0	527I101M870I	541517 Even4_8679	538000
H	91997	101	99.0	+	0	0	477I101M835I	541517 Even4_8679	4432891
H	35548	101	98.0	+	0	0	480I101M877I	541517 Even4_8679	240810
L	13705	1413	*	*	*	*	*	546384	*
H	13705	101	100.0	+	0	0	525I101M787I	546384 Even1_7600	546384
L	12772	1502	*	*	*	*	*	554163	*
H	12772	101	99.0	+	0	0	527I101M874I	546384 Even1_7600	554163
H	15829	101	99.0	+	0	0	486I101M769I	546384 Even1_7600	528421
L	3620	1399	*	*	*	*	*	822899	*
H	3620	101	100.0	+	0	0	460I101M838I	546384 Even1_7600	822899
H	67921	101	99.0	+	0	0	514I101M786I	546384 Even1_7600	703635
H	93803	101	99.0	+	0	0	490I101M859I	547287 Even1_23584	4452400
H	8590	101	99.0	+	0	0	495I101M764I	547287 Even1_23584	586019
H	92494	101	99.0	+	0	0	484I101M854I	547287 Even1_23584	4437917
H	44458	101	98.0	+	0	0	515I101M775I	547287 Even1_23584	174415
H	42758	101	98.0	+	0	0	513I101M772I	547287 Even1_23584	183467
H	26031	101	99.0	+	0	0	514I38MI63M741I	547714 Even1_36186	309279
H	26053	101	99.0	+	0	0	498I38MI63M772I	547714 Even1_36186	309107
L	40539	1359	*	*	*	*	*	195301	*
H	40539	101	99.0	+	0	0	486I38MI63M771I	547714 Even1_36186	195301
H	7082	101	100.0	+	0	0	480I38MI63M824I	547714 Even1_36186	628226
H	19702	101	99.0	+	0	0	516I38MI63M756I	547714 Even1_36186	355269
H	80567	101	99.0	+	0	0	526I101M877I	549232 Even1_451	4313261
H	13352	101	100.0	+	0	0	496I101M885I	549232 Even1_451	549232
H	80180	101	99.0	+	0	0	483I101M835I	549232 Even1_451	4309033
H	70294	101	98.0	+	0	0	501I101M844I	549232 Even1_451	3232397
H	36436	101	98.0	+	0	0	465I101M876I	549232 Even1_451	234148
L	21056	1386	*	*	*	*	*	345303	*
H	21056	101	97.0	+	0	0	515I101M770I	550013 Even3_146873	345303
L	28685	1358	*	*	*	*	*	291794	*
H	28685	101	97.0	+	0	0	513I101M744I	550013 Even3_146873	291794
L	44357	1391	*	*	*	*	*	174882	*
H	44357	101	97.0	+	0	0	515I101M775I	550013 Even3_146873	174882
L	19292	1347	*	*	*	*	*	360385	*
H	19292	101	97.0	+	0	0	515I101M731I	550013 Even3_146873	360385
L	6106	1317	*	*	*	*	*	696563	*
H	6106	101	97.0	+	0	0	412I101M804I	550013 Even3_146873	696563
H	64823	96	99.0	+	0	0	420I96M917I	553611 Even1_8813	824876
H	19371	96	99.0	+	0	0	487I96M773I	553611 Even1_8813	359098
H	19184	96	99.0	+	0	0	506I96M783I	553611 Even1_8813	362214
H	18724	96	99.0	+	0	0	505I96M768I	553611 Even1_8813	370225
H	68174	96	99.0	+	0	0	485I96M865I	553611 Even1_8813	1142029
L	12256	1502	*	*	*	*	*	558081	*
H	12256	101	100.0	+	0	0	528I101M873I	558081 Even1_21	558081
H	4878	101	100.0	+	0	0	516I101M827I	558081 Even1_21	788593
L	57672	1529	*	*	*	*	*	1684080	*
H	57672	101	99.0	+	0	0	526I101M902I	558081 Even1_21	1684080
H	36696	101	99.0	+	0	0	480I101M877I	558081 Even1_21	230213
H	6236	101	98.0	+	0	0	504I101M851I	558081 Even1_21	688934
L	41103	1398	*	*	*	*	*	192389	*
H	41103	101	98.0	+	0	0	522I101M775I	584463 Even1_12949	192389
H	42815	101	98.0	+	0	0	516I101M774I	584463 Even1_12949	183163
H	24664	101	98.0	+	0	0	518I101M774I	584463 Even1_12949	319197
H	43169	101	98.0	+	0	0	519I101M776I	584463 Even1_12949	181344
H	16572	101	98.0	+	0	0	515I101M771I	584463 Even1_12949	518613
H	55530	101	97.0	+	0	0	473I101M847I	585574 Even4_214304	9727
H	29555	101	97.0	+	0	0	526I101M773I	585574 Even4_214304	281015
H	28869	101	98.0	+	0	0	502I101M771I	586920 Even4_181340	290632
H	27496	101	98.0	+	0	0	502I101M766I	586920 Even4_181340	299326
H	42135	101	98.0	+	0	0	515I101M778I	586920 Even4_181340	186888
L	26413	1353	*	*	*	*	*	306368	*
H	26413	101	97.0	+	0	0	502I101M750I	586920 Even4_181340	306368
H	14268	101	98.0	+	0	0	495I101M762I	586920 Even4_181340	542096
H	36359	101	99.0	+	0	0	487I101M911I	591285 Even4_19814	235262
H	53078	101	99.0	+	0	0	496I101M805I	591285 Even4_19814	72820
H	53234	101	98.0	+	0	0	501I101M803I	591285 Even4_19814	69933
H	62902	101	98.0	+	0	0	505I101M909I	591285 Even4_19814	825808
H	64823	101	98.0	+	0	0	420I101M912I	591285 Even4_19814	824876
L	7671	1374	*	*	*	*	*	592616	*
H	7671	101	100.0	+	0	0	518I101M755I	592616 Even4_27	592616
H	53996	101	97.0	+	0	0	505I101M883I	592616 Even4_27	45363
H	32599	101	97.0	+	0	0	520I101M766I	592616 Even4_27	262095
L	7185	1365	*	*	*	*	*	621472	*
H	7185	101	100.0	+	0	0	497I101M767I	621472 Even1_73430	621472
H	43144	101	99.0	+	0	0	514I101M774I	621472 Even1_73430	181529
L	40006	1389	*	*	*	*	*	198176	*
H	40006	101	98.0	+	0	0	514I101M774I	621472 Even1_73430	198176
L	44210	1390	*	*	*	*	*	175741	*
H	44210	101	99.0	+	0	0	515I101M774I	621472 Even1_73430	175741
H	42289	101	99.0	+	0	0	518I101M775I	621472 Even1_73430	186030
H	25114	101	97.0	+	0	0	488I101M771I	622303 Even4_702	315982
L	93782	1433	*	*	*	*	*	4452146	*
H	93782	101	97.0	+	0	0	478I101M854I	622303 Even4_702	4452146
H	94577	101	97.0	+	0	0	431I101M830I	622303 Even4_702	4460263
H	51743	101	98.0	+	0	0	468I101M785I	632346 Even1_394	100650
H	14672	101	98.0	+	0	0	518I101M886I	632346 Even1_394	539107
H	18688	101	98.0	+	0	0	506I101M757I	632346 Even1_394	372473
H	94441	101	98.0	+	0	0	474I101M877I	632346 Even1_394	4458775
H	51811	101	98.0	+	0	0	471I101M789I	632346 Even1_394	100027
L	32426	1391	*	*	*	*	*	263138	*
H	32426	101	98.0	+	0	0	516I101M774I	634449 Even3_26459	263138
L	75989	1498	*	*	*	*	*	637546	*
H	75989	101	100.0	+	0	0	518I101M879I	637546 Even3_48813	637546
L	47822	1458	*	*	*	*	*	144814	*
H	47822	101	99.0	+	0	0	500I101M857I	637546 Even3_48813	144814
H	17408	101	99.0	+	0	0	479I101M772I	637546 Even3_48813	510870
H	94650	101	99.0	+	0	0	488I101M853I	637546 Even3_48813	4461030
H	17261	101	99.0	+	0	0	496I101M768I	637546 Even3_48813	511908
L	30553	1371	*	*	*	*	*	274627	*
H	30553	101	97.0	+	0	0	516I101M754I	649107 Even4_10691	274627
H	31073	101	100.0	+	0	0	526I101M771I	649107 Even4_10691	271406
H	71589	101	100.0	+	0	0	518I101M877I	649107 Even4_10691	3392840
H	6786	101	100.0	+	0	0	485I80MI21M769I	649107 Even4_10691	649107
H	29349	101	100.0	+	0	0	504I101M774I	649107 Even4_10691	287597
L	66937	1480	*	*	*	*	*	652696	*
H	66937	87	100.0	+	0	0	488I87M905I	652696 Even3_172855	652696
H	53234	87	98.9	+	0	0	501I87M817I	652696 Even3_172855	69933
H	53078	87	98.9	+	0	0	496I87M819I	652696 Even3_172855	72820
H	62902	87	98.9	+	0	0	505I87M923I	652696 Even3_172855	825808
H	8811	87	98.9	+	0	0	507I87M897I	652696 Even3_172855	584375
L	30210	1415	*	*	*	*	*	276657	*
H	30210	101	100.0	+	0	0	483I101M831I	664205 Even3_33244	276657
L	31405	1503	*	*	*	*	*	269392	*
H	31405	101	100.0	+	0	0	512I101M890I	664205 Even3_33244	269392
L	71669	1500	*	*	*	*	*	664205	*
H	71669	101	100.0	+	0	0	508I101M891I	664205 Even3_33244	664205
L	45960	1549	*	*	*	*	*	159299	*
H	45960	101	100.0	+	0	0	538I101M910I	664205 Even3_33244	159299
L	52876	1525	*	*	*	*	*	78009	*
H	52876	101	99.0	+	0	0	535I101M889I	664205 Even3_33244	78009
H	86554	101	99.0	+	0	0	530I101M880I	676211 Even4_24613	4376234
H	4160	101	99.0	+	0	0	471I101M848I	676211 Even4_24613	813217
H	45224	101	99.0	+	0	0	471I101M829I	676211 Even4_24613	166235
H	58716	101	99.0	+	0	0	471I101M881I	676211 Even4_24613	737912
H	4145	101	99.0	+	0	0	480I101M840I	676211 Even4_24613	813457
H	36359	101	99.0	+	0	0	487I101M911I	681370 Even1_10370	235262
H	53078	101	99.0	+	0	0	496I101M805I	681370 Even1_10370	72820
H	53234	101	98.0	+	0	0	501I101M803I	681370 Even1_10370	69933
H	62902	101	98.0	+	0	0	505I101M909I	681370 Even1_10370	825808
H	64823	101	98.0	+	0	0	420I101M912I	681370 Even1_10370	824876
N	*	92	*	*	*	*	*	72466 Even4_323936	*
H	5672	101	98.0	+	0	0	494I101M745I	727945 Even1_185787	727945
H	15863	101	98.0	+	0	0	494I101M846I	727945 Even1_185787	527988
H	58049	101	97.0	+	0	0	480I101M856I	727945 Even1_185787	1727150
H	24573	101	97.0	+	0	0	508I101M772I	727945 Even1_185787	319870
L	74589	1442	*	*	*	*	*	3779973	*
H	74589	101	97.0	+	0	0	495I101M846I	732637 Even4_149863	3779973
L	28758	1381	*	*	*	*	*	291387	*
H	28758	101	98.0	+	0	0	507I101M773I	732637 Even4_149863	291387
L	44175	1390	*	*	*	*	*	175960	*
H	44175	101	97.0	+	0	0	514I101M775I	732637 Even4_149863	175960
H	41873	101	97.0	+	0	0	515I101M775I	732637 Even4_149863	188321
H	43476	101	97.0	+	0	0	515I101M773I	732637 Even4_149863	179665
H	14821	101	97.0	+	0	0	527I101M870I	744941 Even1_22952	538000
H	37483	101	97.0	+	0	0	524I101M776I	744941 Even1_22952	222043
H	91997	101	97.0	+	0	0	477I101M835I	744941 Even1_22952	4432891
H	31646	101	97.0	+	0	0	518I101M877I	744941 Even1_22952	268101
H	55528	101	97.0	+	0	0	503I101M872I	744941 Even1_22952	9819
L	62791	1505	*	*	*	*	*	814442	*
H	62791	101	97.0	+	0	0	527I101M877I	746679 Even1_57042	814442
L	62955	1520	*	*	*	*	*	1126691	*
H	62955	101	97.0	+	0	0	532I101M887I	746679 Even1_57042	1126691
H	63192	101	97.0	+	0	0	504I101M858I	746679 Even1_57042	776980
L	63290	1502	*	*	*	*	*	1141188	*
H	63290	101	98.0	+	0	0	526I101M875I	746679 Even1_57042	1141188
L	64016	1459	*	*	*	*	*	2457426	*
H	64016	101	97.0	+	0	0	498I101M860I	746679 Even1_57042	2457426
L	70443	1495	*	*	*	*	*	1126638	*
H	70443	101	97.0	+	0	0	528I101M866I	769961 Even4_5388	1126638
L	5103	1489	*	*	*	*	*	769961	*
H	5103	101	98.0	+	0	0	524I101M864I	769961 Even4_5388	769961
H	15659	101	97.0	+	0	0	504I101M774I	777944 Even1_2700	530379
H	74710	101	98.0	+	0	0	492I101M858I	777944 Even1_2700	3794053
L	41490	1389	*	*	*	*	*	190441	*
H	41490	101	97.0	+	0	0	514I101M774I	777944 Even1_2700	190441
H	40505	101	97.0	+	0	0	513I101M774I	777944 Even1_2700	195465
H	43345	101	97.0	+	0	0	514I101M775I	777944 Even1_2700	180414
H	48740	101	99.0	+	0	0	526I101M880I	806143 Even4_5367	138826
L	51323	1413	*	*	*	*	*	104044	*
H	51323	101	100.0	+	0	0	478I101M834I	806143 Even4_5367	104044
L	35400	1416	*	*	*	*	*	241789	*
H	35400	101	100.0	+	0	0	480I101M835I	806143 Even4_5367	241789
H	81033	101	99.0	+	0	0	493I101M844I	806143 Even4_5367	4317730
H	93773	101	100.0	+	0	0	493I101M861I	806143 Even4_5367	4452050
H	76771	91	97.8	+	0	0	488I91M886I	807226 Even1_136672	807226
H	92147	91	97.8	+	0	0	463I91M859I	807226 Even1_136672	4434334
H	42460	91	97.8	+	0	0	488I91M781I	807226 Even1_136672	185159
H	59503	91	97.8	+	0	0	465I91M850I	807226 Even1_136672	1904497
H	43537	91	97.8	+	0	0	488I91M783I	807226 Even1_136672	179423
H	28991	101	97.0	+	0	0	515I101M774I	812218 Even3_29632	289929
H	74973	101	98.0	+	0	0	517I101M881I	812218 Even3_29632	812218
H	12090	101	97.0	+	0	0	503I101M777I	813479 Even1_16286	559527
H	64825	101	98.0	+	0	0	501I101M911I	813479 Even1_16286	813479
H	36359	101	97.0	+	0	0	487I101M911I	813479 Even1_16286	235262
H	19371	101	97.0	+	0	0	487I101M768I	813479 Even1_16286	359098
H	53078	101	97.0	+	0	0	496I101M805I	813479 Even1_16286	72820
H	86554	101	99.0	+	0	0	530I101M880I	813564 Even4_21351	4376234
H	4160	101	99.0	+	0	0	471I101M848I	813564 Even4_21351	813217
H	45224	101	99.0	+	0	0	471I101M829I	813564 Even4_21351	166235
H	58716	101	99.0	+	0	0	471I101M881I	813564 Even4_21351	737912
H	4145	101	99.0	+	0	0	480I101M840I	813564 Even4_21351	813457
L	3787	1426	*	*	*	*	*	819636	*
H	3787	101	100.0	+	0	0	471I101M854I	819636 Even4_7476	819636
H	49241	101	99.0	+	0	0	487I101M871I	819636 Even4_7476	134671
H	13596	101	99.0	+	0	0	494I101M767I	819636 Even4_7476	547304
L	87317	1544	*	*	*	*	*	4384058	*
H	87317	101	99.0	+	0	0	535I101M908I	819636 Even4_7476	4384058
L	12017	1368	*	*	*	*	*	559954	*
H	12017	101	99.0	+	0	0	472I101M795I	819636 Even4_7476	559954
H	37483	101	99.0	+	0	0	524I101M776I	824402 Even1_25449	222043
H	91997	101	99.0	+	0	0	477I101M835I	824402 Even1_25449	4432891
L	45006	1409	*	*	*	*	*	168759	*
H	45006	101	99.0	+	0	0	479I101M829I	824402 Even1_25449	168759
H	14821	101	99.0	+	0	0	527I101M870I	824402 Even1_25449	538000
H	12878	101	99.0	+	0	0	518I101M879I	824402 Even1_25449	553208
L	44832	1373	*	*	*	*	*	170798	*
H	44832	101	99.0	+	0	0	427I101M845I	824742 Even1_58923	170798
H	44806	101	99.0	+	0	0	506I101M871I	824742 Even1_58923	171217
L	14506	1466	*	*	*	*	*	540402	*
H	14506	101	99.0	+	0	0	489I101M876I	824742 Even1_58923	540402
H	64583	101	99.0	+	0	0	548I101M894I	824742 Even1_58923	2529278
H	64584	101	99.0	+	0	0	526I101M918I	824742 Even1_58923	2529285
H	19371	101	98.0	+	0	0	487I101M768I	824876 Even1_328004	359098
H	19184	101	98.0	+	0	0	506I101M778I	824876 Even1_328004	362214
H	36359	101	98.0	+	0	0	487I101M911I	824876 Even1_328004	235262
H	18724	101	98.0	+	0	0	505I101M763I	824876 Even1_328004	370225
H	53078	101	98.0	+	0	0	496I101M805I	824876 Even1_328004	72820
H	53234	101	98.0	+	0	0	545I101M759I	825808 Even3_152318	69933
H	62902	101	98.0	+	0	0	549I101M865I	825808 Even3_152318	825808
H	17852	101	98.0	+	0	0	561I101M873I	825808 Even3_152318	471180
H	17850	101	98.0	+	0	0	572I101M874I	825808 Even3_152318	484304
H	28542	101	97.0	+	0	0	542I101M856I	825808 Even3_152318	292521
H	76065	101	99.0	+	0	0	501I101M846I	846127 Even1_42	3970651
H	61181	101	100.0	+	0	0	495I101M768I	846127 Even1_42	846127
H	2815	101	100.0	+	0	0	511I101M767I	846127 Even1_42	851323
H	58044	101	98.0	+	0	0	500I101M846I	846127 Even1_42	1726408
H	71273	101	98.0	+	0	0	512I101M844I	846127 Even1_42	3349140
L	43412	1397	*	*	*	*	*	180082	*
H	43412	101	100.0	+	0	0	527I101M769I	847228 Even1_28817	180082
H	65761	101	100.0	+	0	0	517I101M770I	847228 Even1_28817	847228
H	56118	101	100.0	+	0	0	506I101M797I	847228 Even1_28817	1952
H	39879	101	100.0	+	0	0	527I101M769I	847228 Even1_28817	198866
H	61181	101	99.0	+	0	0	495I101M768I	847228 Even1_28817	846127
H	52467	101	98.0	+	0	0	516I101M880I	87839 Even1_5370	87839
H	45750	101	98.0	+	0	0	528I101M908I	87839 Even1_5370	160873
H	54237	101	97.0	+	0	0	492I101M864I	87839 Even1_5370	38357
H	62659	101	97.0	+	0	0	491I101M861I	87839 Even1_5370	2281837
L	66531	1350	*	*	*	*	*	1017249	*
H	66531	94	97.9	+	0	0	434I94M822I	897946 Even4_227396	1017249
L	66532	1373	*	*	*	*	*	897946	*
H	66532	94	97.9	+	0	0	459I94M820I	897946 Even4_227396	897946
L	2265	1478	*	*	*	*	*	909065	*
H	2265	101	97.0	+	0	0	509I101M868I	909065 Even4_175377	909065
L	85922	1434	*	*	*	*	*	4369434	*
H	85922	101	97.0	+	0	0	482I101M851I	909065 Even4_175377	4369434
L	33913	1416	*	*	*	*	*	253074	*
H	33913	101	97.0	+	0	0	500I101M815I	924547 Even4_57388	253074
H	64129	101	99.0	+	0	0	504I101M858I	9727 Even1_336	691423
H	55530	101	100.0	+	0	0	473I101M847I	9727 Even1_336	9727
H	29555	101	100.0	+	0	0	526I101M773I	9727 Even1_336	281015
H	81950	101	99.0	+	0	0	517I101M868I	9727 Even1_336	4327628
L	23291	1504	*	*	*	*	*	329096	*
H	23291	101	99.0	+	0	0	527I101M876I	9727 Even1_336	329096
L	1666	1354	*	*	*	*	*	975306	*
H	1666	101	100.0	+	0	0	497I101M756I	975306 Even1_31409	975306
L	40613	1392	*	*	*	*	*	194925	*
H	40613	101	99.0	+	0	0	517I101M774I	975306 Even1_31409	194925
L	16559	1394	*	*	*	*	*	518748	*
H	16559	101	99.0	+	0	0	518I101M775I	975306 Even1_31409	518748
L	43296	1392	*	*	*	*	*	180654	*
H	43296	101	99.0	+	0	0	517I101M774I	975306 Even1_31409	180654
L	43288	1379	*	*	*	*	*	180681	*
H	43288	101	99.0	+	0	0	504I101M774I	975306 Even1_31409	180681
L	55526	1371	*	*	*	*	*	9846	*
H	55526	101	100.0	+	0	0	456I101M814I	9846 Even4_267106	9846
H	14944	101	98.0	+	0	0	479I101M773I	9846 Even4_267106	537085
L	37606	1404	*	*	*	*	*	220970	*
H	37606	101	99.0	+	0	0	524I101M779I	9846 Even4_267106	220970
H	15209	101	99.0	+	0	0	496I101M768I	9846 Even4_267106	534965
H	87317	101	99.0	+	0	0	535I101M908I	9846 Even4_267106	4384058
L	55523	1492	*	*	*	*	*	9912	*
H	55523	101	100.0	+	0	0	502I101M889I	9912 Even4_69718	9912
L	74970	1471	*	*	*	*	*	3829957	*
H	74970	101	98.0	+	0	0	528I101M842I	9912 Even4_69718	3829957
L	86364	1495	*	*	*	*	*	4374146	*
H	86364	101	99.0	+	0	0	487I101M907I	9912 Even4_69718	4374146
H	86442	101	98.0	+	0	0	526I101M879I	9912 Even4_69718	4375000
L	19493	1501	*	*	*	*	*	356864	*
H	19493	101	99.0	+	0	0	523I101M877I	9912 Even4_69718	356864
L	28689	1382	*	*	*	*	*	291784	*
H	28689	101	99.0	+	0	0	507I101M774I	99566 Even1_144714	291784
L	15952	1377	*	*	*	*	*	526982	*
H	15952	101	97.0	+	0	0	506I101M770I	99566 Even1_144714	526982
H	44175	101	97.0	+	0	0	514I101M775I	99566 Even1_144714	175960
H	27113	101	99.0	+	0	0	507I101M776I	99566 Even1_144714	301493
L	24321	1446	*	*	*	*	*	321610	*
H	24321	101	97.0	+	0	0	487I101M858I	99566 Even1_144714	321610
H	18999	101	99.0	+	0	0	506I101M765I	997439 Even1_29785	365385
H	1471	101	99.0	+	0	0	497I101M830I	997439 Even1_29785	997439
H	86599	101	98.0	+	0	0	512I101M916I	997439 Even1_29785	4376828
H	83861	101	97.0	+	0	0	499I101M759I	997439 Even1_29785	4347159
H	12090	101	97.0	+	0	0	503I101M777I	997439 Even1_29785	559527
H	12256	101	99.0	+	0	0	528I101M873I	9994 Even3_63472	558081
H	4878	101	99.0	+	0	0	516I101M827I	9994 Even3_63472	788593
H	36696	101	98.0	+	0	0	480I101M877I	9994 Even3_63472	230213
L	55517	1498	*	*	*	*	*	9994	*
H	55517	101	99.0	+	0	0	516I94MI7M880I	9994 Even3_63472	9994
L	61032	1528	*	*	*	*	*	820375	*
H	61032	101	98.0	+	0	0	521I101M906I	9994 Even3_63472	820375
N	*	101	*	*	*	*	*	New.ReferenceOTU10 Even1_167341	*
N	*	91	*	*	*	*	*	New.ReferenceOTU12 Even3_264034	*
N	*	95	*	*	*	*	*	New.ReferenceOTU13 Even1_89663	*
N	*	101	*	*	*	*	*	New.ReferenceOTU2 Even4_66235	*
N	*	101	*	*	*	*	*	New.ReferenceOTU3 Even3_239706	*
N	*	101	*	*	*	*	*	New.ReferenceOTU4 Even4_73661	*
N	*	101	*	*	*	*	*	New.ReferenceOTU6 Even1_102962	*
N	*	101	*	*	*	*	*	New.ReferenceOTU7 Even4_27127	*
N	*	97	*	*	*	*	*	New.ReferenceOTU8 Even3_69111	*
N	*	101	*	*	*	*	*	New.ReferenceOTU9 Even1_29238	*
N	*	101	*	*	*	*	*	New.CleanUp.ReferenceOTU1 Even4_230852	*
N	*	101	*	*	*	*	*	New.CleanUp.ReferenceOTU10 Even3_159752	*
N	*	101	*	*	*	*	*	New.CleanUp.ReferenceOTU1002 Even3_87658	*
N	*	101	*	*	*	*	*	New.CleanUp.ReferenceOTU1005 Even3_49124	*
N	*	101	*	*	*	*	*	New.CleanUp.ReferenceOTU101 Even3_144048	*
N	*	101	*	*	*	*	*	New.CleanUp.ReferenceOTU1012 Even3_16837	*
N	*	101	*	*	*	*	*	New.CleanUp.ReferenceOTU1016 Even4_116565	*
N	*	101	*	*	*	*	*	New.CleanUp.ReferenceOTU1017 Even1_328440	*
N	*	95	*	*	*	*	*	New.CleanUp.ReferenceOTU1036 Even4_178533	*
N	*	101	*	*	*	*	*	New.CleanUp.ReferenceOTU1038 Even1_64864	*
N	*	101	*	*	*	*	*	New.CleanUp.ReferenceOTU1039 Even1_158171	*
N	*	91	*	*	*	*	*	New.CleanUp.ReferenceOTU1048 Even1_153551	*
N	*	101	*	*	*	*	*	New.CleanUp.ReferenceOTU1050 Even3_135278	*
N	*	101	*	*	*	*	*	New.CleanUp.ReferenceOTU1052 Even3_115144	*
N	*	101	*	*	*	*	*	New.CleanUp.ReferenceOTU1053 Even1_327528	*
N	*	101	*	*	*	*	*	New.CleanUp.ReferenceOTU1056 Even1_205164	*
N	*	86	*	*	*	*	*	New.CleanUp.ReferenceOTU1059 Even3_176354	*
N	*	101	*	*	*	*	*	New.CleanUp.ReferenceOTU1060 Even3_238916	*
N	*	92	*	*	*	*	*	New.CleanUp.ReferenceOTU1067 Even1_220407	*
N	*	101	*	*	*	*	*	New.CleanUp.ReferenceOTU1071 Even1_309302	*
N	*	101	*	*	*	*	*	New.CleanUp.ReferenceOTU1072 Even1_270502	*
N	*	101	*	*	*	*	*	New.CleanUp.ReferenceOTU1073 Even3_144870	*
N	*	101	*	*	*	*	*	New.CleanUp.ReferenceOTU1074 Even3_23345	*
N	*	101	*	*	*	*	*	New.CleanUp.ReferenceOTU1076 Even1_267399	*
N	*	91	*	*	*	*	*	New.CleanUp.ReferenceOTU1082 Even1_10910	*
N	*	101	*	*	*	*	*	New.CleanUp.ReferenceOTU1085 Even1_270371	*
N	*	101	*	*	*	*	*	New.CleanUp.ReferenceOTU1086 Even1_111534	*
N	*	90	*	*	*	*	*	New.CleanUp.ReferenceOTU1089 Even1_269244	*
N	*	101	*	*	*	*	*	New.CleanUp.ReferenceOTU1093 Even4_148578	*
N	*	91	*	*	*	*	*	New.CleanUp.ReferenceOTU1094 Even3_8532	*
N	*	101	*	*	*	*	*	New.CleanUp.ReferenceOTU110 Even4_20362	*
N	*	101	*	*	*	*	*	New.CleanUp.ReferenceOTU1105 Even4_63804	*
N	*	101	*	*	*	*	*	New.CleanUp.ReferenceOTU1106 Even4_63805	*
N	*	101	*	*	*	*	*	New.CleanUp.ReferenceOTU1117 Even1_175901	*
N	*	101	*	*	*	*	*	New.CleanUp.ReferenceOTU1118 Even3_261076	*
N	*	101	*	*	*	*	*	New.CleanUp.ReferenceOTU1119 Even1_176300	*
N	*	101	*	*	*	*	*	New.CleanUp.ReferenceOTU1120 Even4_25389	*
N	*	91	*	*	*	*	*	New.CleanUp.ReferenceOTU1123 Even4_218098	*
N	*	91	*	*	*	*	*	New.CleanUp.ReferenceOTU1124 Even4_308247	*
N	*	101	*	*	*	*	*	New.CleanUp.ReferenceOTU1131 Even3_136619	*
N	*	101	*	*	*	*	*	New.CleanUp.ReferenceOTU1135 Even1_285874	*
N	*	90	*	*	*	*	*	New.CleanUp.ReferenceOTU1137 Even1_308094	*
N	*	94	*	*	*	*	*	New.CleanUp.ReferenceOTU1141 Even1_6923	*
N	*	91	*	*	*	*	*	New.CleanUp.ReferenceOTU1142 Even1_163732	*
N	*	91	*	*	*	*	*	New.CleanUp.ReferenceOTU1145 Even1_301875	*
N	*	101	*	*	*	*	*	New.CleanUp.ReferenceOTU1152 Even4_78665	*
N	*	101	*	*	*	*	*	New.CleanUp.ReferenceOTU1153 Even4_70217	*
N	*	92	*	*	*	*	*	New.CleanUp.ReferenceOTU1155 Even4_267463	*
N	*	101	*	*	*	*	*	New.CleanUp.ReferenceOTU1161 Even3_116815	*
N	*	91	*	*	*	*	*	New.CleanUp.ReferenceOTU1164 Even3_148558	*
N	*	95	*	*	*	*	*	New.CleanUp.ReferenceOTU1167 Even3_222026	*
N	*	101	*	*	*	*	*	New.CleanUp.ReferenceOTU1168 Even4_104267	*
N	*	101	*	*	*	*	*	New.CleanUp.ReferenceOTU1170 Even4_50786	*
N	*	90	*	*	*	*	*	New.CleanUp.ReferenceOTU1175 Even4_36898	*
N	*	101	*	*	*	*	*	New.CleanUp.ReferenceOTU1176 Even3_38791	*
N	*	101	*	*	*	*	*	New.CleanUp.ReferenceOTU118 Even3_299692	*
N	*	90	*	*	*	*	*	New.CleanUp.ReferenceOTU1181 Even1_25337	*
N	*	101	*	*	*	*	*	New.CleanUp.ReferenceOTU1183 Even1_37457	*
N	*	101	*	*	*	*	*	New.CleanUp.ReferenceOTU1190 Even4_112148	*
N	*	101	*	*	*	*	*	New.CleanUp.ReferenceOTU1191 Even3_119689	*
N	*	90	*	*	*	*	*	New.CleanUp.ReferenceOTU1194 Even4_138647	*
N	*	91	*	*	*	*	*	New.CleanUp.ReferenceOTU1196 Even3_94415	*
N	*	101	*	*	*	*	*	New.CleanUp.ReferenceOTU120 Even4_6602	*
N	*	91	*	*	*	*	*	New.CleanUp.ReferenceOTU1201 Even4_60681	*
N	*	93	*	*	*	*	*	New.CleanUp.ReferenceOTU1204 Even1_105293	*
N	*	101	*	*	*	*	*	New.CleanUp.ReferenceOTU121 Even4_153594	*
N	*	101	*	*	*	*	*	New.CleanUp.ReferenceOTU1210 Even1_322076	*
N	*	101	*	*	*	*	*	New.CleanUp.ReferenceOTU1213 Even1_12492	*
N	*	101	*	*	*	*	*	New.CleanUp.ReferenceOTU1214 Even1_38454	*
N	*	94	*	*	*	*	*	New.CleanUp.ReferenceOTU1217 Even3_99443	*
N	*	94	*	*	*	*	*	New.CleanUp.ReferenceOTU122 Even4_42232	*
N	*	101	*	*	*	*	*	New.CleanUp.ReferenceOTU1221 Even1_25486	*
N	*	95	*	*	*	*	*	New.CleanUp.ReferenceOTU1222 Even1_122743	*
N	*	101	*	*	*	*	*	New.CleanUp.ReferenceOTU1226 Even4_32412	*
N	*	101	*	*	*	*	*	New.CleanUp.ReferenceOTU1228 Even3_205004	*
N	*	94	*	*	*	*	*	New.CleanUp.ReferenceOTU1236 Even1_325759	*
N	*	101	*	*	*	*	*	New.CleanUp.ReferenceOTU1237 Even4_164104	*
N	*	101	*	*	*	*	*	New.CleanUp.ReferenceOTU1241 Even4_110748	*
N	*	101	*	*	*	*	*	New.CleanUp.ReferenceOTU1247 Even3_144250	*
N	*	101	*	*	*	*	*	New.CleanUp.ReferenceOTU1248 Even1_227508	*
N	*	91	*	*	*	*	*	New.CleanUp.ReferenceOTU1250 Even3_82362	*
N	*	101	*	*	*	*	*	New.CleanUp.ReferenceOTU1253 Even1_170336	*
N	*	101	*	*	*	*	*	New.CleanUp.ReferenceOTU1254 Even1_313819	*
N	*	101	*	*	*	*	*	New.CleanUp.ReferenceOTU1264 Even1_44346	*
N	*	95	*	*	*	*	*	New.CleanUp.ReferenceOTU1265 Even1_228986	*
N	*	101	*	*	*	*	*	New.CleanUp.ReferenceOTU1267 Even1_23375	*
N	*	101	*	*	*	*	*	New.CleanUp.ReferenceOTU1273 Even4_88596	*
N	*	101	*	*	*	*	*	New.CleanUp.ReferenceOTU1277 Even3_207448	*
N	*	101	*	*	*	*	*	New.CleanUp.ReferenceOTU1289 Even4_12627	*
N	*	101	*	*	*	*	*	New.CleanUp.ReferenceOTU1290 Even1_139291	*
N	*	101	*	*	*	*	*	New.CleanUp.ReferenceOTU1293 Even4_177415	*
N	*	101	*	*	*	*	*	New.CleanUp.ReferenceOTU1295 Even1_22379	*
N	*	101	*	*	*	*	*	New.CleanUp.ReferenceOTU1296 Even3_295324	*
N	*	101	*	*	*	*	*	New.CleanUp.ReferenceOTU1298 Even3_48958	*
N	*	101	*	*	*	*	*	New.CleanUp.ReferenceOTU1300 Even3_35643	*
N	*	101	*	*	*	*	*	New.CleanUp.ReferenceOTU1301 Even4_62690	*
N	*	95	*	*	*	*	*	New.CleanUp.ReferenceOTU1307 Even3_271503	*
N	*	95	*	*	*	*	*	New.CleanUp.ReferenceOTU131 Even1_263258	*
N	*	101	*	*	*	*	*	New.CleanUp.ReferenceOTU1311 Even4_171327	*
N	*	101	*	*	*	*	*	New.CleanUp.ReferenceOTU1314 Even1_4178	*
N	*	101	*	*	*	*	*	New.CleanUp.ReferenceOTU1319 Even4_32329	*
N	*	97	*	*	*	*	*	New.CleanUp.ReferenceOTU132 Even1_264790	*
N	*	95	*	*	*	*	*	New.CleanUp.ReferenceOTU1321 Even1_4171	*
N	*	101	*	*	*	*	*	New.CleanUp.ReferenceOTU1323 Even3_4724	*
N	*	101	*	*	*	*	*	New.CleanUp.ReferenceOTU1326 Even4_39911	*
N	*	101	*	*	*	*	*	New.CleanUp.ReferenceOTU1327 Even4_173256	*
N	*	101	*	*	*	*	*	New.CleanUp.ReferenceOTU1328 Even3_292768	*
N	*	101	*	*	*	*	*	New.CleanUp.ReferenceOTU1329 Even1_106571	*
N	*	101	*	*	*	*	*	New.CleanUp.ReferenceOTU1330 Even4_186437	*
N	*	93	*	*	*	*	*	New.CleanUp.ReferenceOTU1331 Even4_299002	*
N	*	101	*	*	*	*	*	New.CleanUp.ReferenceOTU1335 Even4_73180	*
N	*	77	*	*	*	*	*	New.CleanUp.ReferenceOTU1339 Even3_146138	*
N	*	101	*	*	*	*	*	New.CleanUp.ReferenceOTU1341 Even1_188699	*
N	*	101	*	*	*	*	*	New.CleanUp.ReferenceOTU1352 Even1_317546	*
N	*	91	*	*	*	*	*	New.CleanUp.ReferenceOTU1353 Even4_324599	*
N	*	101	*	*	*	*	*	New.CleanUp.ReferenceOTU136 Even1_268499	*
N	*	92	*	*	*	*	*	New.CleanUp.ReferenceOTU1360 Even3_214716	*
N	*	101	*	*	*	*	*	New.CleanUp.ReferenceOTU1362 Even4_571	*
N	*	101	*	*	*	*	*	New.CleanUp.ReferenceOTU1366 Even1_262158	*
N	*	101	*	*	*	*	*	New.CleanUp.ReferenceOTU1367 Even1_123640	*
N	*	101	*	*	*	*	*	New.CleanUp.ReferenceOTU1370 Even1_42218	*
N	*	101	*	*	*	*	*	New.CleanUp.ReferenceOTU1373 Even1_239848	*
N	*	94	*	*	*	*	*	New.CleanUp.ReferenceOTU1374 Even1_277694	*
N	*	91	*	*	*	*	*	New.CleanUp.ReferenceOTU1375 Even1_112405	*
N	*	101	*	*	*	*	*	New.CleanUp.ReferenceOTU1377 Even1_239844	*
N	*	101	*	*	*	*	*	New.CleanUp.ReferenceOTU1386 Even4_3459	*
N	*	101	*	*	*	*	*	New.CleanUp.ReferenceOTU1388 Even1_217932	*
N	*	101	*	*	*	*	*	New.CleanUp.ReferenceOTU1389 Even3_76166	*
N	*	101	*	*	*	*	*	New.CleanUp.ReferenceOTU139 Even4_138163	*
N	*	101	*	*	*	*	*	New.CleanUp.ReferenceOTU1393 Even1_239998	*
N	*	101	*	*	*	*	*	New.CleanUp.ReferenceOTU1399 Even1_1073	*
N	*	101	*	*	*	*	*	New.CleanUp.ReferenceOTU1403 Even4_8489	*
N	*	101	*	*	*	*	*	New.CleanUp.ReferenceOTU1418 Even3_247167	*
N	*	101	*	*	*	*	*	New.CleanUp.ReferenceOTU1419 Even4_269616	*
N	*	90	*	*	*	*	*	New.CleanUp.ReferenceOTU1420 Even1_199910	*
N	*	101	*	*	*	*	*	New.CleanUp.ReferenceOTU1422 Even4_277879	*
N	*	101	*	*	*	*	*	New.CleanUp.ReferenceOTU1425 Even1_53221	*
N	*	101	*	*	*	*	*	New.CleanUp.ReferenceOTU1427 Even1_20236	*
N	*	101	*	*	*	*	*	New.CleanUp.ReferenceOTU143 Even4_71449	*
N	*	91	*	*	*	*	*	New.CleanUp.ReferenceOTU1430 Even3_93139	*
N	*	101	*	*	*	*	*	New.CleanUp.ReferenceOTU1439 Even4_176955	*
N	*	94	*	*	*	*	*	New.CleanUp.ReferenceOTU1440 Even3_70904	*
N	*	101	*	*	*	*	*	New.CleanUp.ReferenceOTU1443 Even3_91077	*
N	*	101	*	*	*	*	*	New.CleanUp.ReferenceOTU1448 Even4_60325	*
N	*	90	*	*	*	*	*	New.CleanUp.ReferenceOTU145 Even1_288258	*
N	*	101	*	*	*	*	*	New.CleanUp.ReferenceOTU1454 Even1_20300	*
N	*	91	*	*	*	*	*	New.CleanUp.ReferenceOTU1457 Even1_86877	*
N	*	96	*	*	*	*	*	New.CleanUp.ReferenceOTU1463 Even3_327364	*
N	*	101	*	*	*	*	*	New.CleanUp.ReferenceOTU1465 Even4_113915	*
N	*	101	*	*	*	*	*	New.CleanUp.ReferenceOTU1469 Even3_176251	*
N	*	101	*	*	*	*	*	New.CleanUp.ReferenceOTU1470 Even1_240492	*
N	*	101	*	*	*	*	*	New.CleanUp.ReferenceOTU1472 Even3_3365	*
N	*	101	*	*	*	*	*	New.CleanUp.ReferenceOTU1474 Even4_96905	*
N	*	101	*	*	*	*	*	New.CleanUp.ReferenceOTU1476 Even4_86136	*
N	*	101	*	*	*	*	*	New.CleanUp.ReferenceOTU1485 Even3_64145	*
N	*	101	*	*	*	*	*	New.CleanUp.ReferenceOTU149 Even3_25831	*
N	*	101	*	*	*	*	*	New.CleanUp.ReferenceOTU1492 Even3_45785	*
N	*	101	*	*	*	*	*	New.CleanUp.ReferenceOTU1494 Even3_153718	*
N	*	96	*	*	*	*	*	New.CleanUp.ReferenceOTU150 Even4_84026	*
N	*	101	*	*	*	*	*	New.CleanUp.ReferenceOTU1502 Even1_52773	*
N	*	101	*	*	*	*	*	New.CleanUp.ReferenceOTU1503 Even1_38040	*
N	*	101	*	*	*	*	*	New.CleanUp.ReferenceOTU1504 Even1_7198	*
N	*	101	*	*	*	*	*	New.CleanUp.ReferenceOTU1505 Even1_145923	*
N	*	92	*	*	*	*	*	New.CleanUp.ReferenceOTU1508 Even3_293395	*
N	*	101	*	*	*	*	*	New.CleanUp.ReferenceOTU1509 Even4_181933	*
N	*	101	*	*	*	*	*	New.CleanUp.ReferenceOTU1510 Even3_8154	*
N	*	101	*	*	*	*	*	New.CleanUp.ReferenceOTU1512 Even1_305349	*
N	*	101	*	*	*	*	*	New.CleanUp.ReferenceOTU1514 Even3_299010	*
N	*	92	*	*	*	*	*	New.CleanUp.ReferenceOTU1518 Even4_76901	*
N	*	88	*	*	*	*	*	New.CleanUp.ReferenceOTU1519 Even1_256772	*
N	*	94	*	*	*	*	*	New.CleanUp.ReferenceOTU1522 Even3_54828	*
N	*	101	*	*	*	*	*	New.CleanUp.ReferenceOTU153 Even4_152741	*
N	*	101	*	*	*	*	*	New.CleanUp.ReferenceOTU1531 Even3_11066	*
N	*	101	*	*	*	*	*	New.CleanUp.ReferenceOTU1536 Even4_42256	*
N	*	96	*	*	*	*	*	New.CleanUp.ReferenceOTU1541 Even1_221832	*
N	*	101	*	*	*	*	*	New.CleanUp.ReferenceOTU155 Even3_156432	*
N	*	92	*	*	*	*	*	New.CleanUp.ReferenceOTU1554 Even4_110598	*
N	*	101	*	*	*	*	*	New.CleanUp.ReferenceOTU156 Even1_33362	*
N	*	101	*	*	*	*	*	New.CleanUp.ReferenceOTU1561 Even3_121678	*
N	*	91	*	*	*	*	*	New.CleanUp.ReferenceOTU1567 Even1_159059	*
N	*	101	*	*	*	*	*	New.CleanUp.ReferenceOTU1569 Even3_46786	*
N	*	101	*	*	*	*	*	New.CleanUp.ReferenceOTU1576 Even1_119989	*
N	*	101	*	*	*	*	*	New.CleanUp.ReferenceOTU1580 Even4_10221	*
N	*	101	*	*	*	*	*	New.CleanUp.ReferenceOTU1582 Even4_3841	*
N	*	92	*	*	*	*	*	New.CleanUp.ReferenceOTU1585 Even1_98401	*
N	*	101	*	*	*	*	*	New.CleanUp.ReferenceOTU1586 Even4_152601	*
N	*	93	*	*	*	*	*	New.CleanUp.ReferenceOTU1588 Even1_207325	*
N	*	101	*	*	*	*	*	New.CleanUp.ReferenceOTU1591 Even1_18948	*
N	*	101	*	*	*	*	*	New.CleanUp.ReferenceOTU1593 Even1_48580	*
N	*	79	*	*	*	*	*	New.CleanUp.ReferenceOTU1595 Even4_258168	*
N	*	97	*	*	*	*	*	New.CleanUp.ReferenceOTU1599 Even1_300225	*
N	*	91	*	*	*	*	*	New.CleanUp.ReferenceOTU1603 Even4_219753	*
N	*	92	*	*	*	*	*	New.CleanUp.ReferenceOTU1604 Even4_309367	*
N	*	101	*	*	*	*	*	New.CleanUp.ReferenceOTU1607 Even3_227775	*
N	*	95	*	*	*	*	*	New.CleanUp.ReferenceOTU1608 Even3_241409	*
N	*	101	*	*	*	*	*	New.CleanUp.ReferenceOTU1614 Even1_201105	*
N	*	101	*	*	*	*	*	New.CleanUp.ReferenceOTU1618 Even3_210154	*
N	*	101	*	*	*	*	*	New.CleanUp.ReferenceOTU162 Even1_62650	*
N	*	101	*	*	*	*	*	New.CleanUp.ReferenceOTU1631 Even1_63109	*
N	*	101	*	*	*	*	*	New.CleanUp.ReferenceOTU1632 Even1_265396	*
N	*	90	*	*	*	*	*	New.CleanUp.ReferenceOTU1638 Even1_274149	*
N	*	90	*	*	*	*	*	New.CleanUp.ReferenceOTU1642 Even3_303689	*
N	*	101	*	*	*	*	*	New.CleanUp.ReferenceOTU1643 Even3_220650	*
N	*	93	*	*	*	*	*	New.CleanUp.ReferenceOTU1644 Even4_238090	*
N	*	101	*	*	*	*	*	New.CleanUp.ReferenceOTU165 Even1_147989	*
N	*	101	*	*	*	*	*	New.CleanUp.ReferenceOTU1661 Even4_106106	*
N	*	101	*	*	*	*	*	New.CleanUp.ReferenceOTU1662 Even4_187500	*
N	*	101	*	*	*	*	*	New.CleanUp.ReferenceOTU167 Even1_96727	*
N	*	97	*	*	*	*	*	New.CleanUp.ReferenceOTU1674 Even4_63236	*
N	*	101	*	*	*	*	*	New.CleanUp.ReferenceOTU1675 Even1_23566	*
N	*	94	*	*	*	*	*	New.CleanUp.ReferenceOTU1681 Even1_287767	*
N	*	101	*	*	*	*	*	New.CleanUp.ReferenceOTU1685 Even3_128138	*
N	*	101	*	*	*	*	*	New.CleanUp.ReferenceOTU1686 Even4_66189	*
N	*	92	*	*	*	*	*	New.CleanUp.ReferenceOTU1687 Even1_156076	*
N	*	91	*	*	*	*	*	New.CleanUp.ReferenceOTU169 Even4_52639	*
N	*	101	*	*	*	*	*	New.CleanUp.ReferenceOTU1691 Even4_1024	*
N	*	101	*	*	*	*	*	New.CleanUp.ReferenceOTU1697 Even1_14224	*
N	*	101	*	*	*	*	*	New.CleanUp.ReferenceOTU17 Even4_175580	*
N	*	97	*	*	*	*	*	New.CleanUp.ReferenceOTU1701 Even4_107349	*
N	*	95	*	*	*	*	*	New.CleanUp.ReferenceOTU1708 Even3_317754	*
N	*	101	*	*	*	*	*	New.CleanUp.ReferenceOTU1711 Even4_15520	*
N	*	92	*	*	*	*	*	New.CleanUp.ReferenceOTU1717 Even1_242606	*
N	*	101	*	*	*	*	*	New.CleanUp.ReferenceOTU1718 Even3_77204	*
N	*	101	*	*	*	*	*	New.CleanUp.ReferenceOTU1720 Even1_224218	*
N	*	101	*	*	*	*	*	New.CleanUp.ReferenceOTU1722 Even1_60863	*
N	*	101	*	*	*	*	*	New.CleanUp.ReferenceOTU1724 Even3_31049	*
N	*	91	*	*	*	*	*	New.CleanUp.ReferenceOTU1728 Even4_140362	*
N	*	101	*	*	*	*	*	New.CleanUp.ReferenceOTU173 Even1_172365	*
N	*	91	*	*	*	*	*	New.CleanUp.ReferenceOTU1731 Even3_54767	*
N	*	101	*	*	*	*	*	New.CleanUp.ReferenceOTU1734 Even1_124686	*
N	*	101	*	*	*	*	*	New.CleanUp.ReferenceOTU1736 Even4_184083	*
N	*	101	*	*	*	*	*	New.CleanUp.ReferenceOTU1738 Even3_35459	*
N	*	101	*	*	*	*	*	New.CleanUp.ReferenceOTU1739 Even4_324857	*
N	*	101	*	*	*	*	*	New.CleanUp.ReferenceOTU1740 Even1_320216	*
N	*	101	*	*	*	*	*	New.CleanUp.ReferenceOTU1741 Even1_71234	*
N	*	101	*	*	*	*	*	New.CleanUp.ReferenceOTU1743 Even4_694	*
N	*	91	*	*	*	*	*	New.CleanUp.ReferenceOTU1744 Even1_206921	*
N	*	91	*	*	*	*	*	New.CleanUp.ReferenceOTU1746 Even1_314946	*
N	*	101	*	*	*	*	*	New.CleanUp.ReferenceOTU1747 Even1_96031	*
N	*	91	*	*	*	*	*	New.CleanUp.ReferenceOTU1754 Even1_214261	*
N	*	92	*	*	*	*	*	New.CleanUp.ReferenceOTU1757 Even1_397	*
N	*	101	*	*	*	*	*	New.CleanUp.ReferenceOTU1758 Even1_231439	*
N	*	101	*	*	*	*	*	New.CleanUp.ReferenceOTU1759 Even3_321645	*
N	*	101	*	*	*	*	*	New.CleanUp.ReferenceOTU1762 Even4_159723	*
N	*	101	*	*	*	*	*	New.CleanUp.ReferenceOTU1765 Even1_176072	*
N	*	101	*	*	*	*	*	New.CleanUp.ReferenceOTU177 Even4_235193	*
N	*	101	*	*	*	*	*	New.CleanUp.ReferenceOTU1772 Even1_7727	*
N	*	101	*	*	*	*	*	New.CleanUp.ReferenceOTU1776 Even3_173889	*
N	*	101	*	*	*	*	*	New.CleanUp.ReferenceOTU1778 Even1_33515	*
N	*	101	*	*	*	*	*	New.CleanUp.ReferenceOTU1779 Even3_162149	*
N	*	91	*	*	*	*	*	New.CleanUp.ReferenceOTU1780 Even4_141214	*
N	*	101	*	*	*	*	*	New.CleanUp.ReferenceOTU1781 Even1_266240	*
N	*	101	*	*	*	*	*	New.CleanUp.ReferenceOTU1785 Even3_51475	*
N	*	101	*	*	*	*	*	New.CleanUp.ReferenceOTU1787 Even3_283860	*
N	*	90	*	*	*	*	*	New.CleanUp.ReferenceOTU1788 Even4_35567	*
N	*	79	*	*	*	*	*	New.CleanUp.ReferenceOTU1789 Even1_238701	*
N	*	101	*	*	*	*	*	New.CleanUp.ReferenceOTU179 Even3_160309	*
N	*	101	*	*	*	*	*	New.CleanUp.ReferenceOTU1790 Even1_5343	*
N	*	101	*	*	*	*	*	New.CleanUp.ReferenceOTU1792 Even3_189826	*
N	*	90	*	*	*	*	*	New.CleanUp.ReferenceOTU180 Even1_213286	*
N	*	101	*	*	*	*	*	New.CleanUp.ReferenceOTU1806 Even4_51200	*
N	*	94	*	*	*	*	*	New.CleanUp.ReferenceOTU1808 Even1_127175	*
N	*	101	*	*	*	*	*	New.CleanUp.ReferenceOTU1809 Even1_52565	*
N	*	101	*	*	*	*	*	New.CleanUp.ReferenceOTU1812 Even4_2790	*
N	*	101	*	*	*	*	*	New.CleanUp.ReferenceOTU1814 Even1_50817	*
N	*	101	*	*	*	*	*	New.CleanUp.ReferenceOTU1817 Even4_175560	*
N	*	101	*	*	*	*	*	New.CleanUp.ReferenceOTU1825 Even3_153512	*
N	*	101	*	*	*	*	*	New.CleanUp.ReferenceOTU1828 Even3_315062	*
N	*	91	*	*	*	*	*	New.CleanUp.ReferenceOTU1829 Even1_250568	*
N	*	101	*	*	*	*	*	New.CleanUp.ReferenceOTU1834 Even1_304245	*
N	*	101	*	*	*	*	*	New.CleanUp.ReferenceOTU1853 Even3_65600	*
N	*	101	*	*	*	*	*	New.CleanUp.ReferenceOTU1855 Even1_176645	*
N	*	91	*	*	*	*	*	New.CleanUp.ReferenceOTU1857 Even3_35838	*
N	*	92	*	*	*	*	*	New.CleanUp.ReferenceOTU1861 Even4_293206	*
N	*	101	*	*	*	*	*	New.CleanUp.ReferenceOTU1863 Even1_66727	*
N	*	101	*	*	*	*	*	New.CleanUp.ReferenceOTU187 Even3_240142	*
N	*	91	*	*	*	*	*	New.CleanUp.ReferenceOTU1871 Even1_109601	*
N	*	101	*	*	*	*	*	New.CleanUp.ReferenceOTU1873 Even1_100501	*
N	*	101	*	*	*	*	*	New.CleanUp.ReferenceOTU1874 Even3_107877	*
N	*	101	*	*	*	*	*	New.CleanUp.ReferenceOTU1875 Even1_18597	*
N	*	101	*	*	*	*	*	New.CleanUp.ReferenceOTU1876 Even3_3451	*
N	*	101	*	*	*	*	*	New.CleanUp.ReferenceOTU188 Even4_231465	*
N	*	101	*	*	*	*	*	New.CleanUp.ReferenceOTU1881 Even3_16210	*
N	*	101	*	*	*	*	*	New.CleanUp.ReferenceOTU1885 Even1_108264	*
N	*	101	*	*	*	*	*	New.CleanUp.ReferenceOTU1891 Even4_234544	*
N	*	91	*	*	*	*	*	New.CleanUp.ReferenceOTU1897 Even1_291720	*
N	*	90	*	*	*	*	*	New.CleanUp.ReferenceOTU1902 Even1_237842	*
N	*	90	*	*	*	*	*	New.CleanUp.ReferenceOTU1903 Even4_242846	*
N	*	90	*	*	*	*	*	New.CleanUp.ReferenceOTU1904 Even4_246406	*
N	*	101	*	*	*	*	*	New.CleanUp.ReferenceOTU1908 Even1_222075	*
N	*	94	*	*	*	*	*	New.CleanUp.ReferenceOTU1909 Even4_168652	*
N	*	94	*	*	*	*	*	New.CleanUp.ReferenceOTU1916 Even1_326705	*
N	*	101	*	*	*	*	*	New.CleanUp.ReferenceOTU192 Even4_239610	*
N	*	101	*	*	*	*	*	New.CleanUp.ReferenceOTU1926 Even4_104334	*
N	*	101	*	*	*	*	*	New.CleanUp.ReferenceOTU193 Even1_257302	*
N	*	92	*	*	*	*	*	New.CleanUp.ReferenceOTU1930 Even1_316546	*
N	*	101	*	*	*	*	*	New.CleanUp.ReferenceOTU1934 Even3_227166	*
N	*	93	*	*	*	*	*	New.CleanUp.ReferenceOTU1935 Even1_330173	*
N	*	101	*	*	*	*	*	New.CleanUp.ReferenceOTU1938 Even3_298006	*
N	*	94	*	*	*	*	*	New.CleanUp.ReferenceOTU1939 Even1_265657	*
N	*	90	*	*	*	*	*	New.CleanUp.ReferenceOTU1941 Even1_295773	*
N	*	91	*	*	*	*	*	New.CleanUp.ReferenceOTU1942 Even4_16883	*
N	*	101	*	*	*	*	*	New.CleanUp.ReferenceOTU1944 Even4_269531	*
N	*	90	*	*	*	*	*	New.CleanUp.ReferenceOTU195 Even4_207889	*
N	*	101	*	*	*	*	*	New.CleanUp.ReferenceOTU1950 Even4_136557	*
N	*	101	*	*	*	*	*	New.CleanUp.ReferenceOTU1952 Even4_258172	*
N	*	101	*	*	*	*	*	New.CleanUp.ReferenceOTU1953 Even4_171879	*
N	*	101	*	*	*	*	*	New.CleanUp.ReferenceOTU1955 Even4_40971	*
N	*	90	*	*	*	*	*	New.CleanUp.ReferenceOTU1957 Even4_280956	*
N	*	101	*	*	*	*	*	New.CleanUp.ReferenceOTU1959 Even4_233694	*
N	*	93	*	*	*	*	*	New.CleanUp.ReferenceOTU1967 Even4_301146	*
N	*	93	*	*	*	*	*	New.CleanUp.ReferenceOTU1969 Even3_208862	*
N	*	92	*	*	*	*	*	New.CleanUp.ReferenceOTU1970 Even4_144612	*
N	*	101	*	*	*	*	*	New.CleanUp.ReferenceOTU1974 Even4_213289	*
N	*	101	*	*	*	*	*	New.CleanUp.ReferenceOTU1975 Even4_195959	*
N	*	101	*	*	*	*	*	New.CleanUp.ReferenceOTU1977 Even1_8695	*
N	*	101	*	*	*	*	*	New.CleanUp.ReferenceOTU1979 Even1_149623	*
N	*	94	*	*	*	*	*	New.CleanUp.ReferenceOTU198 Even4_217064	*
N	*	101	*	*	*	*	*	New.CleanUp.ReferenceOTU1983 Even1_55753	*
N	*	91	*	*	*	*	*	New.CleanUp.ReferenceOTU1985 Even4_307885	*
N	*	90	*	*	*	*	*	New.CleanUp.ReferenceOTU1988 Even4_330272	*
N	*	101	*	*	*	*	*	New.CleanUp.ReferenceOTU1990 Even3_38973	*
N	*	90	*	*	*	*	*	New.CleanUp.ReferenceOTU1996 Even4_272905	*
N	*	101	*	*	*	*	*	New.CleanUp.ReferenceOTU1997 Even4_43396	*
N	*	101	*	*	*	*	*	New.CleanUp.ReferenceOTU1998 Even4_92847	*
N	*	97	*	*	*	*	*	New.CleanUp.ReferenceOTU1999 Even4_144587	*
N	*	101	*	*	*	*	*	New.CleanUp.ReferenceOTU2003 Even1_11937	*
N	*	101	*	*	*	*	*	New.CleanUp.ReferenceOTU2010 Even1_1622	*
N	*	101	*	*	*	*	*	New.CleanUp.ReferenceOTU2014 Even1_295591	*
N	*	101	*	*	*	*	*	New.CleanUp.ReferenceOTU2015 Even3_202529	*
N	*	101	*	*	*	*	*	New.CleanUp.ReferenceOTU202 Even4_72061	*
N	*	101	*	*	*	*	*	New.CleanUp.ReferenceOTU2020 Even4_50097	*
N	*	91	*	*	*	*	*	New.CleanUp.ReferenceOTU2025 Even4_50092	*
N	*	95	*	*	*	*	*	New.CleanUp.ReferenceOTU2028 Even4_47499	*
N	*	101	*	*	*	*	*	New.CleanUp.ReferenceOTU203 Even3_241147	*
N	*	101	*	*	*	*	*	New.CleanUp.ReferenceOTU2039 Even4_14730	*
N	*	101	*	*	*	*	*	New.CleanUp.ReferenceOTU2040 Even3_4583	*
N	*	101	*	*	*	*	*	New.CleanUp.ReferenceOTU2042 Even4_260217	*
N	*	91	*	*	*	*	*	New.CleanUp.ReferenceOTU2044 Even1_316927	*
N	*	101	*	*	*	*	*	New.CleanUp.ReferenceOTU2045 Even1_35542	*
N	*	101	*	*	*	*	*	New.CleanUp.ReferenceOTU2046 Even4_29471	*
N	*	101	*	*	*	*	*	New.CleanUp.ReferenceOTU2047 Even1_115348	*
N	*	101	*	*	*	*	*	New.CleanUp.ReferenceOTU2054 Even3_317031	*
N	*	101	*	*	*	*	*	New.CleanUp.ReferenceOTU2062 Even4_97149	*
N	*	101	*	*	*	*	*	New.CleanUp.ReferenceOTU2063 Even4_5449	*
N	*	90	*	*	*	*	*	New.CleanUp.ReferenceOTU2064 Even1_56615	*
N	*	101	*	*	*	*	*	New.CleanUp.ReferenceOTU2067 Even1_136105	*
N	*	101	*	*	*	*	*	New.CleanUp.ReferenceOTU2069 Even4_91853	*
N	*	101	*	*	*	*	*	New.CleanUp.ReferenceOTU2072 Even4_272362	*
N	*	94	*	*	*	*	*	New.CleanUp.ReferenceOTU2074 Even4_145183	*
N	*	101	*	*	*	*	*	New.CleanUp.ReferenceOTU2075 Even3_35111	*
N	*	101	*	*	*	*	*	New.CleanUp.ReferenceOTU2079 Even4_268320	*
N	*	94	*	*	*	*	*	New.CleanUp.ReferenceOTU2081 Even1_155915	*
N	*	101	*	*	*	*	*	New.CleanUp.ReferenceOTU2083 Even3_115495	*
N	*	101	*	*	*	*	*	New.CleanUp.ReferenceOTU2084 Even1_57471	*
N	*	91	*	*	*	*	*	New.CleanUp.ReferenceOTU2085 Even1_321811	*
N	*	101	*	*	*	*	*	New.CleanUp.ReferenceOTU2092 Even3_50104	*
N	*	91	*	*	*	*	*	New.CleanUp.ReferenceOTU2095 Even4_275623	*
N	*	101	*	*	*	*	*	New.CleanUp.ReferenceOTU2099 Even1_198603	*
N	*	91	*	*	*	*	*	New.CleanUp.ReferenceOTU210 Even4_284462	*
N	*	94	*	*	*	*	*	New.CleanUp.ReferenceOTU2100 Even3_263268	*
N	*	101	*	*	*	*	*	New.CleanUp.ReferenceOTU2101 Even4_4794	*
N	*	101	*	*	*	*	*	New.CleanUp.ReferenceOTU2104 Even3_204965	*
N	*	92	*	*	*	*	*	New.CleanUp.ReferenceOTU2105 Even4_282011	*
N	*	91	*	*	*	*	*	New.CleanUp.ReferenceOTU2108 Even4_64973	*
N	*	101	*	*	*	*	*	New.CleanUp.ReferenceOTU211 Even4_31860	*
N	*	90	*	*	*	*	*	New.CleanUp.ReferenceOTU2112 Even1_329920	*
N	*	101	*	*	*	*	*	New.CleanUp.ReferenceOTU2115 Even1_43127	*
N	*	101	*	*	*	*	*	New.CleanUp.ReferenceOTU2128 Even1_157992	*
N	*	101	*	*	*	*	*	New.CleanUp.ReferenceOTU2132 Even3_280281	*
N	*	90	*	*	*	*	*	New.CleanUp.ReferenceOTU2133 Even1_31281	*
N	*	91	*	*	*	*	*	New.CleanUp.ReferenceOTU2139 Even4_237402	*
N	*	101	*	*	*	*	*	New.CleanUp.ReferenceOTU214 Even3_114264	*
N	*	101	*	*	*	*	*	New.CleanUp.ReferenceOTU2141 Even1_247041	*
N	*	94	*	*	*	*	*	New.CleanUp.ReferenceOTU2145 Even4_301704	*
N	*	101	*	*	*	*	*	New.CleanUp.ReferenceOTU2150 Even3_40449	*
N	*	101	*	*	*	*	*	New.CleanUp.ReferenceOTU2152 Even1_20496	*
N	*	101	*	*	*	*	*	New.CleanUp.ReferenceOTU2159 Even3_202333	*
N	*	101	*	*	*	*	*	New.CleanUp.ReferenceOTU2161 Even4_161606	*
N	*	91	*	*	*	*	*	New.CleanUp.ReferenceOTU2174 Even1_74943	*
N	*	92	*	*	*	*	*	New.CleanUp.ReferenceOTU2176 Even3_153648	*
N	*	101	*	*	*	*	*	New.CleanUp.ReferenceOTU218 Even4_3935	*
N	*	101	*	*	*	*	*	New.CleanUp.ReferenceOTU2184 Even1_158187	*
N	*	101	*	*	*	*	*	New.CleanUp.ReferenceOTU2187 Even1_21561	*
N	*	101	*	*	*	*	*	New.CleanUp.ReferenceOTU2193 Even4_283893	*
N	*	91	*	*	*	*	*	New.CleanUp.ReferenceOTU2201 Even4_329585	*
N	*	101	*	*	*	*	*	New.CleanUp.ReferenceOTU2206 Even3_272928	*
N	*	101	*	*	*	*	*	New.CleanUp.ReferenceOTU221 Even1_57931	*
N	*	91	*	*	*	*	*	New.CleanUp.ReferenceOTU2213 Even1_197397	*
N	*	101	*	*	*	*	*	New.CleanUp.ReferenceOTU2214 Even4_130663	*
N	*	101	*	*	*	*	*	New.CleanUp.ReferenceOTU2218 Even3_85111	*
N	*	90	*	*	*	*	*	New.CleanUp.ReferenceOTU2223 Even4_133929	*
N	*	101	*	*	*	*	*	New.CleanUp.ReferenceOTU2228 Even1_41654	*
N	*	101	*	*	*	*	*	New.CleanUp.ReferenceOTU2232 Even1_8065	*
N	*	101	*	*	*	*	*	New.CleanUp.ReferenceOTU2236 Even1_2566	*
N	*	101	*	*	*	*	*	New.CleanUp.ReferenceOTU2243 Even1_18635	*
N	*	101	*	*	*	*	*	New.CleanUp.ReferenceOTU2257 Even4_3863	*
N	*	101	*	*	*	*	*	New.CleanUp.ReferenceOTU2259 Even4_42140	*
N	*	101	*	*	*	*	*	New.CleanUp.ReferenceOTU2260 Even4_198803	*
N	*	101	*	*	*	*	*	New.CleanUp.ReferenceOTU2264 Even1_59961	*
N	*	101	*	*	*	*	*	New.CleanUp.ReferenceOTU227 Even4_255471	*
N	*	96	*	*	*	*	*	New.CleanUp.ReferenceOTU2270 Even4_306125	*
N	*	97	*	*	*	*	*	New.CleanUp.ReferenceOTU2271 Even1_156272	*
N	*	101	*	*	*	*	*	New.CleanUp.ReferenceOTU2277 Even1_32723	*
N	*	101	*	*	*	*	*	New.CleanUp.ReferenceOTU2278 Even3_287164	*
N	*	93	*	*	*	*	*	New.CleanUp.ReferenceOTU228 Even1_4703	*
N	*	101	*	*	*	*	*	New.CleanUp.ReferenceOTU2282 Even3_25740	*
N	*	90	*	*	*	*	*	New.CleanUp.ReferenceOTU2284 Even1_137174	*
N	*	101	*	*	*	*	*	New.CleanUp.ReferenceOTU2289 Even1_93825	*
N	*	95	*	*	*	*	*	New.CleanUp.ReferenceOTU229 Even3_92170	*
N	*	101	*	*	*	*	*	New.CleanUp.ReferenceOTU2295 Even3_42551	*
N	*	91	*	*	*	*	*	New.CleanUp.ReferenceOTU2296 Even1_147257	*
N	*	91	*	*	*	*	*	New.CleanUp.ReferenceOTU2298 Even3_34834	*
N	*	101	*	*	*	*	*	New.CleanUp.ReferenceOTU2299 Even4_63285	*
N	*	101	*	*	*	*	*	New.CleanUp.ReferenceOTU2301 Even1_16638	*
N	*	101	*	*	*	*	*	New.CleanUp.ReferenceOTU2302 Even1_41402	*
N	*	101	*	*	*	*	*	New.CleanUp.ReferenceOTU2303 Even4_1311	*
N	*	101	*	*	*	*	*	New.CleanUp.ReferenceOTU2305 Even1_69609	*
N	*	91	*	*	*	*	*	New.CleanUp.ReferenceOTU2308 Even4_217299	*
N	*	92	*	*	*	*	*	New.CleanUp.ReferenceOTU2312 Even1_220217	*
N	*	101	*	*	*	*	*	New.CleanUp.ReferenceOTU2314 Even4_155278	*
N	*	101	*	*	*	*	*	New.CleanUp.ReferenceOTU2319 Even1_90368	*
N	*	101	*	*	*	*	*	New.CleanUp.ReferenceOTU232 Even1_230953	*
N	*	93	*	*	*	*	*	New.CleanUp.ReferenceOTU2322 Even3_150333	*
N	*	101	*	*	*	*	*	New.CleanUp.ReferenceOTU2326 Even4_225089	*
N	*	94	*	*	*	*	*	New.CleanUp.ReferenceOTU2331 Even1_220804	*
N	*	101	*	*	*	*	*	New.CleanUp.ReferenceOTU2336 Even1_63380	*
N	*	101	*	*	*	*	*	New.CleanUp.ReferenceOTU2337 Even1_253442	*
N	*	101	*	*	*	*	*	New.CleanUp.ReferenceOTU2343 Even1_244801	*
N	*	93	*	*	*	*	*	New.CleanUp.ReferenceOTU2349 Even4_258340	*
N	*	101	*	*	*	*	*	New.CleanUp.ReferenceOTU2358 Even4_148647	*
N	*	101	*	*	*	*	*	New.CleanUp.ReferenceOTU2359 Even1_93722	*
N	*	101	*	*	*	*	*	New.CleanUp.ReferenceOTU2360 Even4_62738	*
N	*	90	*	*	*	*	*	New.CleanUp.ReferenceOTU237 Even3_126440	*
N	*	101	*	*	*	*	*	New.CleanUp.ReferenceOTU2373 Even1_174873	*
N	*	101	*	*	*	*	*	New.CleanUp.ReferenceOTU2375 Even3_43115	*
N	*	96	*	*	*	*	*	New.CleanUp.ReferenceOTU2379 Even1_56968	*
N	*	90	*	*	*	*	*	New.CleanUp.ReferenceOTU238 Even4_252419	*
N	*	101	*	*	*	*	*	New.CleanUp.ReferenceOTU2380 Even3_62387	*
N	*	101	*	*	*	*	*	New.CleanUp.ReferenceOTU2382 Even3_4687	*
N	*	90	*	*	*	*	*	New.CleanUp.ReferenceOTU2383 Even3_56568	*
N	*	101	*	*	*	*	*	New.CleanUp.ReferenceOTU239 Even4_193354	*
N	*	101	*	*	*	*	*	New.CleanUp.ReferenceOTU2393 Even1_77998	*
N	*	101	*	*	*	*	*	New.CleanUp.ReferenceOTU24 Even3_70948	*
N	*	101	*	*	*	*	*	New.CleanUp.ReferenceOTU2401 Even1_51495	*
N	*	101	*	*	*	*	*	New.CleanUp.ReferenceOTU2402 Even3_287495	*
N	*	90	*	*	*	*	*	New.CleanUp.ReferenceOTU2419 Even3_186614	*
N	*	101	*	*	*	*	*	New.CleanUp.ReferenceOTU2420 Even4_226826	*
N	*	91	*	*	*	*	*	New.CleanUp.ReferenceOTU2421 Even4_229278	*
N	*	101	*	*	*	*	*	New.CleanUp.ReferenceOTU2430 Even1_172097	*
N	*	93	*	*	*	*	*	New.CleanUp.ReferenceOTU2432 Even1_97347	*
N	*	101	*	*	*	*	*	New.CleanUp.ReferenceOTU2435 Even1_23040	*
N	*	94	*	*	*	*	*	New.CleanUp.ReferenceOTU2440 Even1_35136	*
N	*	101	*	*	*	*	*	New.CleanUp.ReferenceOTU2453 Even1_266134	*
N	*	101	*	*	*	*	*	New.CleanUp.ReferenceOTU2455 Even1_15930	*
N	*	101	*	*	*	*	*	New.CleanUp.ReferenceOTU2458 Even1_179160	*
N	*	101	*	*	*	*	*	New.CleanUp.ReferenceOTU246 Even3_203669	*
N	*	101	*	*	*	*	*	New.CleanUp.ReferenceOTU2461 Even3_54034	*
N	*	101	*	*	*	*	*	New.CleanUp.ReferenceOTU2475 Even3_30643	*
N	*	101	*	*	*	*	*	New.CleanUp.ReferenceOTU2478 Even3_51713	*
N	*	101	*	*	*	*	*	New.CleanUp.ReferenceOTU2486 Even3_275784	*
N	*	101	*	*	*	*	*	New.CleanUp.ReferenceOTU2487 Even1_39295	*
N	*	101	*	*	*	*	*	New.CleanUp.ReferenceOTU2492 Even1_1933	*
N	*	101	*	*	*	*	*	New.CleanUp.ReferenceOTU2498 Even3_94148	*
N	*	85	*	*	*	*	*	New.CleanUp.ReferenceOTU250 Even4_210264	*
N	*	101	*	*	*	*	*	New.CleanUp.ReferenceOTU2500 Even1_237924	*
N	*	101	*	*	*	*	*	New.CleanUp.ReferenceOTU2501 Even1_314745	*
N	*	101	*	*	*	*	*	New.CleanUp.ReferenceOTU2506 Even4_51694	*
N	*	90	*	*	*	*	*	New.CleanUp.ReferenceOTU2514 Even1_68678	*
N	*	101	*	*	*	*	*	New.CleanUp.ReferenceOTU2525 Even1_13127	*
N	*	101	*	*	*	*	*	New.CleanUp.ReferenceOTU2530 Even1_23842	*
N	*	79	*	*	*	*	*	New.CleanUp.ReferenceOTU2531 Even3_173162	*
N	*	94	*	*	*	*	*	New.CleanUp.ReferenceOTU2534 Even1_249130	*
N	*	101	*	*	*	*	*	New.CleanUp.ReferenceOTU2535 Even1_75576	*
N	*	101	*	*	*	*	*	New.CleanUp.ReferenceOTU2536 Even4_50506	*
N	*	101	*	*	*	*	*	New.CleanUp.ReferenceOTU254 Even4_190248	*
N	*	101	*	*	*	*	*	New.CleanUp.ReferenceOTU2540 Even4_211626	*
N	*	90	*	*	*	*	*	New.CleanUp.ReferenceOTU2548 Even3_212764	*
N	*	101	*	*	*	*	*	New.CleanUp.ReferenceOTU2552 Even1_17002	*
N	*	101	*	*	*	*	*	New.CleanUp.ReferenceOTU2555 Even1_87716	*
N	*	101	*	*	*	*	*	New.CleanUp.ReferenceOTU2558 Even4_10473	*
N	*	101	*	*	*	*	*	New.CleanUp.ReferenceOTU2571 Even1_6944	*
N	*	101	*	*	*	*	*	New.CleanUp.ReferenceOTU2578 Even1_2686	*
N	*	101	*	*	*	*	*	New.CleanUp.ReferenceOTU2580 Even1_261917	*
N	*	95	*	*	*	*	*	New.CleanUp.ReferenceOTU2583 Even4_168743	*
N	*	101	*	*	*	*	*	New.CleanUp.ReferenceOTU2584 Even1_300943	*
N	*	101	*	*	*	*	*	New.CleanUp.ReferenceOTU2587 Even4_1496	*
N	*	101	*	*	*	*	*	New.CleanUp.ReferenceOTU2589 Even1_194946	*
N	*	97	*	*	*	*	*	New.CleanUp.ReferenceOTU2590 Even4_320813	*
N	*	101	*	*	*	*	*	New.CleanUp.ReferenceOTU2594 Even1_38496	*
N	*	92	*	*	*	*	*	New.CleanUp.ReferenceOTU2596 Even1_151247	*
N	*	101	*	*	*	*	*	New.CleanUp.ReferenceOTU2597 Even1_108040	*
N	*	101	*	*	*	*	*	New.CleanUp.ReferenceOTU2598 Even4_110383	*
N	*	101	*	*	*	*	*	New.CleanUp.ReferenceOTU260 Even4_204349	*
N	*	96	*	*	*	*	*	New.CleanUp.ReferenceOTU2600 Even4_90220	*
N	*	101	*	*	*	*	*	New.CleanUp.ReferenceOTU2601 Even1_140299	*
N	*	101	*	*	*	*	*	New.CleanUp.ReferenceOTU2602 Even1_16022	*
N	*	101	*	*	*	*	*	New.CleanUp.ReferenceOTU2603 Even1_28020	*
N	*	101	*	*	*	*	*	New.CleanUp.ReferenceOTU2609 Even1_214553	*
N	*	101	*	*	*	*	*	New.CleanUp.ReferenceOTU2611 Even4_222656	*
N	*	101	*	*	*	*	*	New.CleanUp.ReferenceOTU2619 Even1_84285	*
N	*	92	*	*	*	*	*	New.CleanUp.ReferenceOTU2621 Even3_277415	*
N	*	101	*	*	*	*	*	New.CleanUp.ReferenceOTU2627 Even1_143580	*
N	*	101	*	*	*	*	*	New.CleanUp.ReferenceOTU2629 Even4_52617	*
N	*	95	*	*	*	*	*	New.CleanUp.ReferenceOTU263 Even3_44398	*
N	*	101	*	*	*	*	*	New.CleanUp.ReferenceOTU2630 Even1_256153	*
N	*	101	*	*	*	*	*	New.CleanUp.ReferenceOTU2631 Even4_10304	*
N	*	101	*	*	*	*	*	New.CleanUp.ReferenceOTU264 Even1_22108	*
N	*	101	*	*	*	*	*	New.CleanUp.ReferenceOTU2646 Even1_16288	*
N	*	101	*	*	*	*	*	New.CleanUp.ReferenceOTU265 Even4_18996	*
N	*	101	*	*	*	*	*	New.CleanUp.ReferenceOTU2652 Even1_206047	*
N	*	101	*	*	*	*	*	New.CleanUp.ReferenceOTU2658 Even4_132285	*
N	*	86	*	*	*	*	*	New.CleanUp.ReferenceOTU2659 Even4_176699	*
N	*	101	*	*	*	*	*	New.CleanUp.ReferenceOTU2661 Even3_14077	*
N	*	90	*	*	*	*	*	New.CleanUp.ReferenceOTU2667 Even1_44946	*
N	*	96	*	*	*	*	*	New.CleanUp.ReferenceOTU2668 Even1_203711	*
N	*	96	*	*	*	*	*	New.CleanUp.ReferenceOTU267 Even3_153886	*
N	*	101	*	*	*	*	*	New.CleanUp.ReferenceOTU2673 Even1_302739	*
N	*	95	*	*	*	*	*	New.CleanUp.ReferenceOTU2678 Even3_262246	*
N	*	101	*	*	*	*	*	New.CleanUp.ReferenceOTU2683 Even4_304045	*
N	*	101	*	*	*	*	*	New.CleanUp.ReferenceOTU2687 Even1_224534	*
N	*	101	*	*	*	*	*	New.CleanUp.ReferenceOTU269 Even3_182189	*
N	*	101	*	*	*	*	*	New.CleanUp.ReferenceOTU2692 Even3_258791	*
N	*	101	*	*	*	*	*	New.CleanUp.ReferenceOTU2698 Even3_13451	*
N	*	101	*	*	*	*	*	New.CleanUp.ReferenceOTU2701 Even1_303554	*
N	*	101	*	*	*	*	*	New.CleanUp.ReferenceOTU2703 Even1_24314	*
N	*	91	*	*	*	*	*	New.CleanUp.ReferenceOTU2710 Even4_35515	*
N	*	101	*	*	*	*	*	New.CleanUp.ReferenceOTU2717 Even1_108177	*
N	*	90	*	*	*	*	*	New.CleanUp.ReferenceOTU2723 Even3_224443	*
N	*	101	*	*	*	*	*	New.CleanUp.ReferenceOTU2724 Even4_62094	*
N	*	91	*	*	*	*	*	New.CleanUp.ReferenceOTU2729 Even1_194576	*
N	*	101	*	*	*	*	*	New.CleanUp.ReferenceOTU2730 Even3_300850	*
N	*	101	*	*	*	*	*	New.CleanUp.ReferenceOTU2731 Even3_16756	*
N	*	101	*	*	*	*	*	New.CleanUp.ReferenceOTU2743 Even1_312755	*
N	*	94	*	*	*	*	*	New.CleanUp.ReferenceOTU2745 Even4_316053	*
N	*	101	*	*	*	*	*	New.CleanUp.ReferenceOTU2746 Even1_121976	*
N	*	90	*	*	*	*	*	New.CleanUp.ReferenceOTU2748 Even3_26858	*
N	*	101	*	*	*	*	*	New.CleanUp.ReferenceOTU2755 Even1_78677	*
N	*	101	*	*	*	*	*	New.CleanUp.ReferenceOTU276 Even1_86353	*
N	*	101	*	*	*	*	*	New.CleanUp.ReferenceOTU2761 Even1_66725	*
N	*	101	*	*	*	*	*	New.CleanUp.ReferenceOTU2766 Even4_157215	*
N	*	91	*	*	*	*	*	New.CleanUp.ReferenceOTU2773 Even3_188323	*
N	*	101	*	*	*	*	*	New.CleanUp.ReferenceOTU2777 Even1_189734	*
N	*	101	*	*	*	*	*	New.CleanUp.ReferenceOTU2778 Even3_115460	*
N	*	101	*	*	*	*	*	New.CleanUp.ReferenceOTU2781 Even4_3256	*
N	*	101	*	*	*	*	*	New.CleanUp.ReferenceOTU2782 Even1_24266	*
N	*	101	*	*	*	*	*	New.CleanUp.ReferenceOTU2791 Even3_91631	*
N	*	101	*	*	*	*	*	New.CleanUp.ReferenceOTU2794 Even4_1488	*
N	*	91	*	*	*	*	*	New.CleanUp.ReferenceOTU2797 Even4_329209	*
N	*	101	*	*	*	*	*	New.CleanUp.ReferenceOTU2799 Even1_5646	*
N	*	90	*	*	*	*	*	New.CleanUp.ReferenceOTU28 Even1_302152	*
N	*	101	*	*	*	*	*	New.CleanUp.ReferenceOTU2800 Even4_244	*
N	*	91	*	*	*	*	*	New.CleanUp.ReferenceOTU2801 Even1_164010	*
N	*	95	*	*	*	*	*	New.CleanUp.ReferenceOTU2806 Even1_186453	*
N	*	91	*	*	*	*	*	New.CleanUp.ReferenceOTU2809 Even4_250254	*
N	*	101	*	*	*	*	*	New.CleanUp.ReferenceOTU2810 Even1_47574	*
N	*	92	*	*	*	*	*	New.CleanUp.ReferenceOTU2814 Even4_34130	*
N	*	101	*	*	*	*	*	New.CleanUp.ReferenceOTU2816 Even1_31481	*
N	*	95	*	*	*	*	*	New.CleanUp.ReferenceOTU2817 Even1_21164	*
N	*	101	*	*	*	*	*	New.CleanUp.ReferenceOTU2818 Even1_74762	*
N	*	101	*	*	*	*	*	New.CleanUp.ReferenceOTU282 Even3_54123	*
N	*	101	*	*	*	*	*	New.CleanUp.ReferenceOTU2829 Even1_15074	*
N	*	91	*	*	*	*	*	New.CleanUp.ReferenceOTU2831 Even3_198735	*
N	*	101	*	*	*	*	*	New.CleanUp.ReferenceOTU2838 Even4_98442	*
N	*	91	*	*	*	*	*	New.CleanUp.ReferenceOTU2839 Even4_198098	*
N	*	101	*	*	*	*	*	New.CleanUp.ReferenceOTU2842 Even3_260115	*
N	*	101	*	*	*	*	*	New.CleanUp.ReferenceOTU2847 Even3_30472	*
N	*	101	*	*	*	*	*	New.CleanUp.ReferenceOTU2848 Even1_99990	*
N	*	92	*	*	*	*	*	New.CleanUp.ReferenceOTU2849 Even3_229714	*
N	*	101	*	*	*	*	*	New.CleanUp.ReferenceOTU2855 Even3_266405	*
N	*	101	*	*	*	*	*	New.CleanUp.ReferenceOTU2856 Even1_129767	*
N	*	101	*	*	*	*	*	New.CleanUp.ReferenceOTU2861 Even1_196310	*
N	*	91	*	*	*	*	*	New.CleanUp.ReferenceOTU2866 Even3_154217	*
N	*	101	*	*	*	*	*	New.CleanUp.ReferenceOTU2869 Even3_221427	*
N	*	101	*	*	*	*	*	New.CleanUp.ReferenceOTU2870 Even3_167238	*
N	*	101	*	*	*	*	*	New.CleanUp.ReferenceOTU2872 Even1_254096	*
N	*	101	*	*	*	*	*	New.CleanUp.ReferenceOTU2873 Even4_128362	*
N	*	101	*	*	*	*	*	New.CleanUp.ReferenceOTU2878 Even1_167889	*
N	*	101	*	*	*	*	*	New.CleanUp.ReferenceOTU2879 Even3_206299	*
N	*	101	*	*	*	*	*	New.CleanUp.ReferenceOTU2886 Even3_125268	*
N	*	90	*	*	*	*	*	New.CleanUp.ReferenceOTU2894 Even1_256813	*
N	*	101	*	*	*	*	*	New.CleanUp.ReferenceOTU2899 Even1_318770	*
N	*	93	*	*	*	*	*	New.CleanUp.ReferenceOTU2904 Even3_8686	*
N	*	90	*	*	*	*	*	New.CleanUp.ReferenceOTU2917 Even4_110825	*
N	*	101	*	*	*	*	*	New.CleanUp.ReferenceOTU292 Even1_47667	*
N	*	101	*	*	*	*	*	New.CleanUp.ReferenceOTU2923 Even4_51646	*
N	*	101	*	*	*	*	*	New.CleanUp.ReferenceOTU2927 Even4_211254	*
N	*	101	*	*	*	*	*	New.CleanUp.ReferenceOTU2933 Even3_99626	*
N	*	94	*	*	*	*	*	New.CleanUp.ReferenceOTU2935 Even4_327865	*
N	*	101	*	*	*	*	*	New.CleanUp.ReferenceOTU2936 Even3_140057	*
N	*	90	*	*	*	*	*	New.CleanUp.ReferenceOTU294 Even1_269470	*
N	*	101	*	*	*	*	*	New.CleanUp.ReferenceOTU2943 Even1_575	*
N	*	101	*	*	*	*	*	New.CleanUp.ReferenceOTU2948 Even1_315755	*
N	*	101	*	*	*	*	*	New.CleanUp.ReferenceOTU2950 Even3_282150	*
N	*	101	*	*	*	*	*	New.CleanUp.ReferenceOTU2951 Even1_4528	*
N	*	101	*	*	*	*	*	New.CleanUp.ReferenceOTU2955 Even1_28541	*
N	*	101	*	*	*	*	*	New.CleanUp.ReferenceOTU2957 Even1_17747	*
N	*	92	*	*	*	*	*	New.CleanUp.ReferenceOTU296 Even1_24764	*
N	*	90	*	*	*	*	*	New.CleanUp.ReferenceOTU2962 Even4_90919	*
N	*	91	*	*	*	*	*	New.CleanUp.ReferenceOTU2963 Even3_297695	*
N	*	101	*	*	*	*	*	New.CleanUp.ReferenceOTU2969 Even4_207775	*
N	*	101	*	*	*	*	*	New.CleanUp.ReferenceOTU2977 Even1_164999	*
N	*	91	*	*	*	*	*	New.CleanUp.ReferenceOTU2978 Even4_272422	*
N	*	101	*	*	*	*	*	New.CleanUp.ReferenceOTU2982 Even1_194017	*
N	*	91	*	*	*	*	*	New.CleanUp.ReferenceOTU2984 Even3_232895	*
N	*	101	*	*	*	*	*	New.CleanUp.ReferenceOTU3 Even3_48120	*
N	*	101	*	*	*	*	*	New.CleanUp.ReferenceOTU300 Even4_323993	*
N	*	101	*	*	*	*	*	New.CleanUp.ReferenceOTU3000 Even3_59646	*
N	*	101	*	*	*	*	*	New.CleanUp.ReferenceOTU3004 Even3_32653	*
N	*	80	*	*	*	*	*	New.CleanUp.ReferenceOTU3005 Even4_300957	*
N	*	91	*	*	*	*	*	New.CleanUp.ReferenceOTU3007 Even3_26763	*
N	*	101	*	*	*	*	*	New.CleanUp.ReferenceOTU3008 Even1_48092	*
N	*	101	*	*	*	*	*	New.CleanUp.ReferenceOTU3009 Even1_292842	*
N	*	95	*	*	*	*	*	New.CleanUp.ReferenceOTU3013 Even1_83553	*
N	*	95	*	*	*	*	*	New.CleanUp.ReferenceOTU3016 Even1_208496	*
N	*	101	*	*	*	*	*	New.CleanUp.ReferenceOTU3017 Even4_16289	*
N	*	101	*	*	*	*	*	New.CleanUp.ReferenceOTU3018 Even3_59001	*
N	*	101	*	*	*	*	*	New.CleanUp.ReferenceOTU3020 Even1_121119	*
N	*	93	*	*	*	*	*	New.CleanUp.ReferenceOTU3023 Even1_159803	*
N	*	92	*	*	*	*	*	New.CleanUp.ReferenceOTU3025 Even3_11371	*
N	*	92	*	*	*	*	*	New.CleanUp.ReferenceOTU3026 Even1_114804	*
N	*	101	*	*	*	*	*	New.CleanUp.ReferenceOTU303 Even4_210597	*
N	*	90	*	*	*	*	*	New.CleanUp.ReferenceOTU3032 Even3_233641	*
N	*	90	*	*	*	*	*	New.CleanUp.ReferenceOTU3038 Even4_15048	*
N	*	101	*	*	*	*	*	New.CleanUp.ReferenceOTU3040 Even3_55234	*
N	*	101	*	*	*	*	*	New.CleanUp.ReferenceOTU3041 Even1_105952	*
N	*	101	*	*	*	*	*	New.CleanUp.ReferenceOTU3042 Even3_46911	*
N	*	101	*	*	*	*	*	New.CleanUp.ReferenceOTU3050 Even3_184245	*
N	*	101	*	*	*	*	*	New.CleanUp.ReferenceOTU3052 Even1_316825	*
N	*	101	*	*	*	*	*	New.CleanUp.ReferenceOTU3058 Even4_87744	*
N	*	101	*	*	*	*	*	New.CleanUp.ReferenceOTU3060 Even3_168354	*
N	*	101	*	*	*	*	*	New.CleanUp.ReferenceOTU3063 Even1_5012	*
N	*	101	*	*	*	*	*	New.CleanUp.ReferenceOTU3071 Even1_32869	*
N	*	101	*	*	*	*	*	New.CleanUp.ReferenceOTU3073 Even1_208878	*
N	*	94	*	*	*	*	*	New.CleanUp.ReferenceOTU3074 Even3_168406	*
N	*	90	*	*	*	*	*	New.CleanUp.ReferenceOTU3081 Even1_195423	*
N	*	101	*	*	*	*	*	New.CleanUp.ReferenceOTU309 Even4_285332	*
N	*	94	*	*	*	*	*	New.CleanUp.ReferenceOTU3090 Even4_38769	*
N	*	101	*	*	*	*	*	New.CleanUp.ReferenceOTU3100 Even3_90594	*
N	*	92	*	*	*	*	*	New.CleanUp.ReferenceOTU3102 Even3_11996	*
N	*	101	*	*	*	*	*	New.CleanUp.ReferenceOTU3106 Even3_296618	*
N	*	101	*	*	*	*	*	New.CleanUp.ReferenceOTU3111 Even3_58773	*
N	*	92	*	*	*	*	*	New.CleanUp.ReferenceOTU3112 Even1_255553	*
N	*	101	*	*	*	*	*	New.CleanUp.ReferenceOTU3115 Even1_318661	*
N	*	91	*	*	*	*	*	New.CleanUp.ReferenceOTU312 Even1_35536	*
N	*	101	*	*	*	*	*	New.CleanUp.ReferenceOTU3122 Even1_110241	*
N	*	91	*	*	*	*	*	New.CleanUp.ReferenceOTU3123 Even4_179867	*
N	*	94	*	*	*	*	*	New.CleanUp.ReferenceOTU3127 Even3_99556	*
N	*	90	*	*	*	*	*	New.CleanUp.ReferenceOTU3128 Even3_219907	*
N	*	101	*	*	*	*	*	New.CleanUp.ReferenceOTU3135 Even3_203556	*
N	*	101	*	*	*	*	*	New.CleanUp.ReferenceOTU3136 Even1_328609	*
N	*	101	*	*	*	*	*	New.CleanUp.ReferenceOTU3137 Even4_135379	*
N	*	101	*	*	*	*	*	New.CleanUp.ReferenceOTU314 Even1_59639	*
N	*	101	*	*	*	*	*	New.CleanUp.ReferenceOTU3140 Even4_141384	*
N	*	77	*	*	*	*	*	New.CleanUp.ReferenceOTU3148 Even3_281387	*
N	*	101	*	*	*	*	*	New.CleanUp.ReferenceOTU3152 Even1_257973	*
N	*	101	*	*	*	*	*	New.CleanUp.ReferenceOTU316 Even1_31540	*
N	*	101	*	*	*	*	*	New.CleanUp.ReferenceOTU3160 Even3_23674	*
N	*	101	*	*	*	*	*	New.CleanUp.ReferenceOTU3162 Even4_260675	*
N	*	101	*	*	*	*	*	New.CleanUp.ReferenceOTU3166 Even3_132986	*
N	*	101	*	*	*	*	*	New.CleanUp.ReferenceOTU3167 Even1_111757	*
N	*	92	*	*	*	*	*	New.CleanUp.ReferenceOTU317 Even4_100704	*
N	*	101	*	*	*	*	*	New.CleanUp.ReferenceOTU3172 Even1_18244	*
N	*	101	*	*	*	*	*	New.CleanUp.ReferenceOTU3179 Even4_2116	*
N	*	93	*	*	*	*	*	New.CleanUp.ReferenceOTU3183 Even3_49478	*
N	*	91	*	*	*	*	*	New.CleanUp.ReferenceOTU3185 Even1_114895	*
N	*	91	*	*	*	*	*	New.CleanUp.ReferenceOTU3190 Even3_113507	*
N	*	101	*	*	*	*	*	New.CleanUp.ReferenceOTU3192 Even3_97364	*
N	*	90	*	*	*	*	*	New.CleanUp.ReferenceOTU3193 Even1_52123	*
N	*	96	*	*	*	*	*	New.CleanUp.ReferenceOTU3196 Even1_63711	*
N	*	91	*	*	*	*	*	New.CleanUp.ReferenceOTU3198 Even1_211259	*
N	*	101	*	*	*	*	*	New.CleanUp.ReferenceOTU3199 Even1_97688	*
N	*	93	*	*	*	*	*	New.CleanUp.ReferenceOTU320 Even1_322113	*
N	*	101	*	*	*	*	*	New.CleanUp.ReferenceOTU3208 Even1_145264	*
N	*	101	*	*	*	*	*	New.CleanUp.ReferenceOTU321 Even3_224751	*
N	*	101	*	*	*	*	*	New.CleanUp.ReferenceOTU3212 Even3_219873	*
N	*	101	*	*	*	*	*	New.CleanUp.ReferenceOTU3216 Even3_129307	*
N	*	92	*	*	*	*	*	New.CleanUp.ReferenceOTU3227 Even1_87801	*
N	*	101	*	*	*	*	*	New.CleanUp.ReferenceOTU3231 Even4_286864	*
N	*	90	*	*	*	*	*	New.CleanUp.ReferenceOTU3236 Even4_185951	*
N	*	91	*	*	*	*	*	New.CleanUp.ReferenceOTU3240 Even4_188911	*
N	*	101	*	*	*	*	*	New.CleanUp.ReferenceOTU3241 Even4_35672	*
N	*	101	*	*	*	*	*	New.CleanUp.ReferenceOTU3243 Even1_221201	*
N	*	91	*	*	*	*	*	New.CleanUp.ReferenceOTU3244 Even1_165720	*
N	*	101	*	*	*	*	*	New.CleanUp.ReferenceOTU325 Even4_200508	*
N	*	91	*	*	*	*	*	New.CleanUp.ReferenceOTU3254 Even3_319769	*
N	*	101	*	*	*	*	*	New.CleanUp.ReferenceOTU3255 Even1_307813	*
N	*	101	*	*	*	*	*	New.CleanUp.ReferenceOTU3262 Even4_11301	*
N	*	101	*	*	*	*	*	New.CleanUp.ReferenceOTU3263 Even4_54424	*
N	*	101	*	*	*	*	*	New.CleanUp.ReferenceOTU3266 Even1_16191	*
N	*	101	*	*	*	*	*	New.CleanUp.ReferenceOTU3269 Even1_246215	*
N	*	90	*	*	*	*	*	New.CleanUp.ReferenceOTU3275 Even4_178639	*
N	*	101	*	*	*	*	*	New.CleanUp.ReferenceOTU3278 Even3_87969	*
N	*	90	*	*	*	*	*	New.CleanUp.ReferenceOTU3284 Even1_244149	*
N	*	101	*	*	*	*	*	New.CleanUp.ReferenceOTU3287 Even1_4539	*
N	*	91	*	*	*	*	*	New.CleanUp.ReferenceOTU3288 Even3_161266	*
N	*	101	*	*	*	*	*	New.CleanUp.ReferenceOTU3289 Even1_38529	*
N	*	95	*	*	*	*	*	New.CleanUp.ReferenceOTU329 Even3_64428	*
N	*	101	*	*	*	*	*	New.CleanUp.ReferenceOTU3290 Even4_35851	*
N	*	101	*	*	*	*	*	New.CleanUp.ReferenceOTU3297 Even1_29680	*
N	*	101	*	*	*	*	*	New.CleanUp.ReferenceOTU33 Even1_34934	*
N	*	91	*	*	*	*	*	New.CleanUp.ReferenceOTU330 Even1_309589	*
N	*	92	*	*	*	*	*	New.CleanUp.ReferenceOTU3302 Even3_168281	*
N	*	101	*	*	*	*	*	New.CleanUp.ReferenceOTU3305 Even4_266200	*
N	*	101	*	*	*	*	*	New.CleanUp.ReferenceOTU3306 Even3_116347	*
N	*	101	*	*	*	*	*	New.CleanUp.ReferenceOTU3315 Even1_172842	*
N	*	101	*	*	*	*	*	New.CleanUp.ReferenceOTU3318 Even3_220972	*
N	*	101	*	*	*	*	*	New.CleanUp.ReferenceOTU3319 Even1_73005	*
N	*	95	*	*	*	*	*	New.CleanUp.ReferenceOTU3320 Even4_311193	*
N	*	101	*	*	*	*	*	New.CleanUp.ReferenceOTU3323 Even3_49709	*
N	*	101	*	*	*	*	*	New.CleanUp.ReferenceOTU3327 Even3_309910	*
N	*	101	*	*	*	*	*	New.CleanUp.ReferenceOTU3329 Even4_1726	*
N	*	101	*	*	*	*	*	New.CleanUp.ReferenceOTU3333 Even3_127184	*
N	*	101	*	*	*	*	*	New.CleanUp.ReferenceOTU3334 Even3_130831	*
N	*	101	*	*	*	*	*	New.CleanUp.ReferenceOTU3338 Even3_175156	*
N	*	101	*	*	*	*	*	New.CleanUp.ReferenceOTU334 Even1_35427	*
N	*	101	*	*	*	*	*	New.CleanUp.ReferenceOTU3340 Even1_8562	*
N	*	101	*	*	*	*	*	New.CleanUp.ReferenceOTU3342 Even3_182138	*
N	*	101	*	*	*	*	*	New.CleanUp.ReferenceOTU3345 Even3_248018	*
N	*	101	*	*	*	*	*	New.CleanUp.ReferenceOTU3351 Even4_16824	*
N	*	88	*	*	*	*	*	New.CleanUp.ReferenceOTU3352 Even1_121176	*
N	*	101	*	*	*	*	*	New.CleanUp.ReferenceOTU3354 Even1_236708	*
N	*	101	*	*	*	*	*	New.CleanUp.ReferenceOTU3361 Even1_253387	*
N	*	91	*	*	*	*	*	New.CleanUp.ReferenceOTU3366 Even1_306054	*
N	*	101	*	*	*	*	*	New.CleanUp.ReferenceOTU3367 Even1_83898	*
N	*	91	*	*	*	*	*	New.CleanUp.ReferenceOTU3368 Even4_154677	*
N	*	101	*	*	*	*	*	New.CleanUp.ReferenceOTU337 Even4_8101	*
N	*	101	*	*	*	*	*	New.CleanUp.ReferenceOTU3372 Even1_72660	*
N	*	101	*	*	*	*	*	New.CleanUp.ReferenceOTU3373 Even3_229169	*
N	*	101	*	*	*	*	*	New.CleanUp.ReferenceOTU3377 Even1_18548	*
N	*	101	*	*	*	*	*	New.CleanUp.ReferenceOTU3379 Even1_113386	*
N	*	101	*	*	*	*	*	New.CleanUp.ReferenceOTU3385 Even4_88973	*
N	*	101	*	*	*	*	*	New.CleanUp.ReferenceOTU3391 Even3_328238	*
N	*	101	*	*	*	*	*	New.CleanUp.ReferenceOTU3392 Even4_176373	*
N	*	101	*	*	*	*	*	New.CleanUp.ReferenceOTU3395 Even1_217774	*
N	*	91	*	*	*	*	*	New.CleanUp.ReferenceOTU3397 Even4_57530	*
N	*	101	*	*	*	*	*	New.CleanUp.ReferenceOTU3399 Even4_47764	*
N	*	92	*	*	*	*	*	New.CleanUp.ReferenceOTU3403 Even4_107201	*
N	*	93	*	*	*	*	*	New.CleanUp.ReferenceOTU3405 Even1_118640	*
N	*	92	*	*	*	*	*	New.CleanUp.ReferenceOTU3408 Even1_207289	*
N	*	101	*	*	*	*	*	New.CleanUp.ReferenceOTU3409 Even3_52858	*
N	*	101	*	*	*	*	*	New.CleanUp.ReferenceOTU341 Even4_22739	*
N	*	101	*	*	*	*	*	New.CleanUp.ReferenceOTU3412 Even3_280399	*
N	*	94	*	*	*	*	*	New.CleanUp.ReferenceOTU3414 Even3_264456	*
N	*	94	*	*	*	*	*	New.CleanUp.ReferenceOTU3419 Even3_280392	*
N	*	84	*	*	*	*	*	New.CleanUp.ReferenceOTU3423 Even4_291234	*
N	*	101	*	*	*	*	*	New.CleanUp.ReferenceOTU3424 Even1_298758	*
N	*	91	*	*	*	*	*	New.CleanUp.ReferenceOTU3430 Even1_151427	*
N	*	101	*	*	*	*	*	New.CleanUp.ReferenceOTU3432 Even4_58041	*
N	*	91	*	*	*	*	*	New.CleanUp.ReferenceOTU3436 Even1_161826	*
N	*	101	*	*	*	*	*	New.CleanUp.ReferenceOTU3437 Even3_223950	*
N	*	101	*	*	*	*	*	New.CleanUp.ReferenceOTU344 Even1_93364	*
N	*	101	*	*	*	*	*	New.CleanUp.ReferenceOTU3440 Even1_273841	*
N	*	101	*	*	*	*	*	New.CleanUp.ReferenceOTU3441 Even1_6462	*
N	*	101	*	*	*	*	*	New.CleanUp.ReferenceOTU3449 Even1_112491	*
N	*	91	*	*	*	*	*	New.CleanUp.ReferenceOTU345 Even1_216873	*
N	*	101	*	*	*	*	*	New.CleanUp.ReferenceOTU3451 Even4_205451	*
N	*	101	*	*	*	*	*	New.CleanUp.ReferenceOTU3452 Even1_272089	*
N	*	90	*	*	*	*	*	New.CleanUp.ReferenceOTU3456 Even3_87229	*
N	*	101	*	*	*	*	*	New.CleanUp.ReferenceOTU3459 Even4_62296	*
N	*	81	*	*	*	*	*	New.CleanUp.ReferenceOTU3469 Even3_26011	*
N	*	101	*	*	*	*	*	New.CleanUp.ReferenceOTU3471 Even4_198198	*
N	*	101	*	*	*	*	*	New.CleanUp.ReferenceOTU3472 Even3_190891	*
N	*	101	*	*	*	*	*	New.CleanUp.ReferenceOTU3473 Even3_36065	*
N	*	91	*	*	*	*	*	New.CleanUp.ReferenceOTU3475 Even1_221754	*
N	*	101	*	*	*	*	*	New.CleanUp.ReferenceOTU3482 Even4_300738	*
N	*	93	*	*	*	*	*	New.CleanUp.ReferenceOTU3483 Even4_50446	*
N	*	101	*	*	*	*	*	New.CleanUp.ReferenceOTU349 Even3_56055	*
N	*	91	*	*	*	*	*	New.CleanUp.ReferenceOTU3490 Even1_70357	*
N	*	101	*	*	*	*	*	New.CleanUp.ReferenceOTU3492 Even4_184941	*
N	*	92	*	*	*	*	*	New.CleanUp.ReferenceOTU3495 Even3_264077	*
N	*	91	*	*	*	*	*	New.CleanUp.ReferenceOTU3496 Even3_290287	*
N	*	101	*	*	*	*	*	New.CleanUp.ReferenceOTU3499 Even4_318834	*
N	*	91	*	*	*	*	*	New.CleanUp.ReferenceOTU3502 Even1_50663	*
N	*	101	*	*	*	*	*	New.CleanUp.ReferenceOTU3504 Even4_111433	*
N	*	101	*	*	*	*	*	New.CleanUp.ReferenceOTU3509 Even1_238772	*
N	*	94	*	*	*	*	*	New.CleanUp.ReferenceOTU351 Even3_194465	*
N	*	101	*	*	*	*	*	New.CleanUp.ReferenceOTU3511 Even4_150435	*
N	*	101	*	*	*	*	*	New.CleanUp.ReferenceOTU3512 Even3_3306	*
N	*	91	*	*	*	*	*	New.CleanUp.ReferenceOTU3514 Even1_273931	*
N	*	101	*	*	*	*	*	New.CleanUp.ReferenceOTU3520 Even1_6263	*
N	*	101	*	*	*	*	*	New.CleanUp.ReferenceOTU3524 Even3_11819	*
N	*	94	*	*	*	*	*	New.CleanUp.ReferenceOTU3525 Even4_130625	*
N	*	90	*	*	*	*	*	New.CleanUp.ReferenceOTU3529 Even1_204227	*
N	*	96	*	*	*	*	*	New.CleanUp.ReferenceOTU3533 Even1_285240	*
N	*	101	*	*	*	*	*	New.CleanUp.ReferenceOTU3534 Even1_250894	*
N	*	90	*	*	*	*	*	New.CleanUp.ReferenceOTU3539 Even1_52209	*
N	*	101	*	*	*	*	*	New.CleanUp.ReferenceOTU354 Even4_283649	*
N	*	94	*	*	*	*	*	New.CleanUp.ReferenceOTU3540 Even4_214847	*
N	*	101	*	*	*	*	*	New.CleanUp.ReferenceOTU355 Even4_129519	*
N	*	101	*	*	*	*	*	New.CleanUp.ReferenceOTU356 Even4_194562	*
N	*	101	*	*	*	*	*	New.CleanUp.ReferenceOTU3563 Even4_251294	*
N	*	101	*	*	*	*	*	New.CleanUp.ReferenceOTU3564 Even4_247023	*
N	*	101	*	*	*	*	*	New.CleanUp.ReferenceOTU3566 Even4_174267	*
N	*	95	*	*	*	*	*	New.CleanUp.ReferenceOTU3569 Even4_7513	*
N	*	101	*	*	*	*	*	New.CleanUp.ReferenceOTU357 Even1_7768	*
N	*	97	*	*	*	*	*	New.CleanUp.ReferenceOTU3573 Even1_12795	*
N	*	101	*	*	*	*	*	New.CleanUp.ReferenceOTU3587 Even4_42407	*
N	*	101	*	*	*	*	*	New.CleanUp.ReferenceOTU3589 Even4_60638	*
N	*	101	*	*	*	*	*	New.CleanUp.ReferenceOTU3590 Even3_58496	*
N	*	101	*	*	*	*	*	New.CleanUp.ReferenceOTU3591 Even1_221211	*
N	*	91	*	*	*	*	*	New.CleanUp.ReferenceOTU3593 Even1_25153	*
N	*	101	*	*	*	*	*	New.CleanUp.ReferenceOTU3594 Even1_108374	*
N	*	101	*	*	*	*	*	New.CleanUp.ReferenceOTU3597 Even1_37517	*
N	*	101	*	*	*	*	*	New.CleanUp.ReferenceOTU36 Even4_249087	*
N	*	101	*	*	*	*	*	New.CleanUp.ReferenceOTU3600 Even3_155127	*
N	*	101	*	*	*	*	*	New.CleanUp.ReferenceOTU3611 Even3_123662	*
N	*	91	*	*	*	*	*	New.CleanUp.ReferenceOTU3612 Even1_33678	*
N	*	101	*	*	*	*	*	New.CleanUp.ReferenceOTU3615 Even4_287449	*
N	*	101	*	*	*	*	*	New.CleanUp.ReferenceOTU3618 Even1_28766	*
N	*	101	*	*	*	*	*	New.CleanUp.ReferenceOTU3621 Even1_307482	*
N	*	101	*	*	*	*	*	New.CleanUp.ReferenceOTU3623 Even1_36913	*
N	*	101	*	*	*	*	*	New.CleanUp.ReferenceOTU3630 Even1_33985	*
N	*	101	*	*	*	*	*	New.CleanUp.ReferenceOTU3633 Even1_1540	*
N	*	101	*	*	*	*	*	New.CleanUp.ReferenceOTU3638 Even3_134039	*
N	*	101	*	*	*	*	*	New.CleanUp.ReferenceOTU3641 Even1_9772	*
N	*	101	*	*	*	*	*	New.CleanUp.ReferenceOTU3642 Even1_22502	*
N	*	101	*	*	*	*	*	New.CleanUp.ReferenceOTU3648 Even3_144955	*
N	*	90	*	*	*	*	*	New.CleanUp.ReferenceOTU3653 Even4_204458	*
N	*	91	*	*	*	*	*	New.CleanUp.ReferenceOTU3654 Even4_219680	*
N	*	101	*	*	*	*	*	New.CleanUp.ReferenceOTU3660 Even4_53100	*
N	*	101	*	*	*	*	*	New.CleanUp.ReferenceOTU3661 Even1_303165	*
N	*	101	*	*	*	*	*	New.CleanUp.ReferenceOTU3665 Even1_274273	*
N	*	101	*	*	*	*	*	New.CleanUp.ReferenceOTU3668 Even4_44802	*
N	*	91	*	*	*	*	*	New.CleanUp.ReferenceOTU3671 Even1_116366	*
N	*	101	*	*	*	*	*	New.CleanUp.ReferenceOTU3674 Even3_51804	*
N	*	96	*	*	*	*	*	New.CleanUp.ReferenceOTU3678 Even1_33455	*
N	*	90	*	*	*	*	*	New.CleanUp.ReferenceOTU3685 Even3_269097	*
N	*	101	*	*	*	*	*	New.CleanUp.ReferenceOTU3688 Even4_144087	*
N	*	101	*	*	*	*	*	New.CleanUp.ReferenceOTU3689 Even4_134907	*
N	*	101	*	*	*	*	*	New.CleanUp.ReferenceOTU369 Even1_41951	*
N	*	101	*	*	*	*	*	New.CleanUp.ReferenceOTU3691 Even3_240185	*
N	*	91	*	*	*	*	*	New.CleanUp.ReferenceOTU3695 Even1_11503	*
N	*	101	*	*	*	*	*	New.CleanUp.ReferenceOTU3697 Even3_110636	*
N	*	95	*	*	*	*	*	New.CleanUp.ReferenceOTU370 Even3_122525	*
N	*	101	*	*	*	*	*	New.CleanUp.ReferenceOTU3703 Even3_148619	*
N	*	90	*	*	*	*	*	New.CleanUp.ReferenceOTU3706 Even4_132163	*
N	*	101	*	*	*	*	*	New.CleanUp.ReferenceOTU3714 Even1_178685	*
N	*	101	*	*	*	*	*	New.CleanUp.ReferenceOTU3716 Even4_26173	*
N	*	91	*	*	*	*	*	New.CleanUp.ReferenceOTU3717 Even3_319199	*
N	*	101	*	*	*	*	*	New.CleanUp.ReferenceOTU3719 Even4_263942	*
N	*	101	*	*	*	*	*	New.CleanUp.ReferenceOTU372 Even1_310829	*
N	*	101	*	*	*	*	*	New.CleanUp.ReferenceOTU3721 Even4_66107	*
N	*	101	*	*	*	*	*	New.CleanUp.ReferenceOTU3727 Even4_273918	*
N	*	101	*	*	*	*	*	New.CleanUp.ReferenceOTU3738 Even1_2894	*
N	*	101	*	*	*	*	*	New.CleanUp.ReferenceOTU3739 Even1_93075	*
N	*	101	*	*	*	*	*	New.CleanUp.ReferenceOTU3740 Even1_86568	*
N	*	94	*	*	*	*	*	New.CleanUp.ReferenceOTU3744 Even4_306695	*
N	*	101	*	*	*	*	*	New.CleanUp.ReferenceOTU3746 Even3_19940	*
N	*	101	*	*	*	*	*	New.CleanUp.ReferenceOTU3747 Even4_221098	*
N	*	91	*	*	*	*	*	New.CleanUp.ReferenceOTU3755 Even1_36347	*
N	*	101	*	*	*	*	*	New.CleanUp.ReferenceOTU3757 Even3_189666	*
N	*	101	*	*	*	*	*	New.CleanUp.ReferenceOTU376 Even1_36525	*
N	*	101	*	*	*	*	*	New.CleanUp.ReferenceOTU3760 Even4_237890	*
N	*	101	*	*	*	*	*	New.CleanUp.ReferenceOTU3765 Even1_41176	*
N	*	101	*	*	*	*	*	New.CleanUp.ReferenceOTU3766 Even4_94750	*
N	*	101	*	*	*	*	*	New.CleanUp.ReferenceOTU3767 Even3_271745	*
N	*	101	*	*	*	*	*	New.CleanUp.ReferenceOTU3768 Even4_140703	*
N	*	101	*	*	*	*	*	New.CleanUp.ReferenceOTU3771 Even1_90675	*
N	*	97	*	*	*	*	*	New.CleanUp.ReferenceOTU3772 Even4_113367	*
N	*	93	*	*	*	*	*	New.CleanUp.ReferenceOTU3775 Even3_306026	*
N	*	101	*	*	*	*	*	New.CleanUp.ReferenceOTU3776 Even1_102370	*
N	*	101	*	*	*	*	*	New.CleanUp.ReferenceOTU3777 Even4_54010	*
N	*	101	*	*	*	*	*	New.CleanUp.ReferenceOTU3785 Even1_18318	*
N	*	91	*	*	*	*	*	New.CleanUp.ReferenceOTU3786 Even4_34259	*
N	*	101	*	*	*	*	*	New.CleanUp.ReferenceOTU3787 Even4_74666	*
N	*	101	*	*	*	*	*	New.CleanUp.ReferenceOTU3794 Even4_145772	*
N	*	101	*	*	*	*	*	New.CleanUp.ReferenceOTU380 Even4_146683	*
N	*	101	*	*	*	*	*	New.CleanUp.ReferenceOTU3802 Even3_26825	*
N	*	80	*	*	*	*	*	New.CleanUp.ReferenceOTU3803 Even4_291553	*
N	*	101	*	*	*	*	*	New.CleanUp.ReferenceOTU3809 Even4_272	*
N	*	101	*	*	*	*	*	New.CleanUp.ReferenceOTU381 Even4_68898	*
N	*	91	*	*	*	*	*	New.CleanUp.ReferenceOTU3810 Even1_162030	*
N	*	94	*	*	*	*	*	New.CleanUp.ReferenceOTU3814 Even1_54885	*
N	*	94	*	*	*	*	*	New.CleanUp.ReferenceOTU3818 Even4_50475	*
N	*	101	*	*	*	*	*	New.CleanUp.ReferenceOTU382 Even1_176459	*
N	*	95	*	*	*	*	*	New.CleanUp.ReferenceOTU3825 Even3_101041	*
N	*	101	*	*	*	*	*	New.CleanUp.ReferenceOTU3826 Even4_222046	*
N	*	91	*	*	*	*	*	New.CleanUp.ReferenceOTU3829 Even4_240540	*
N	*	101	*	*	*	*	*	New.CleanUp.ReferenceOTU3830 Even1_79357	*
N	*	92	*	*	*	*	*	New.CleanUp.ReferenceOTU3834 Even4_324636	*
N	*	101	*	*	*	*	*	New.CleanUp.ReferenceOTU3838 Even4_8418	*
N	*	101	*	*	*	*	*	New.CleanUp.ReferenceOTU384 Even4_212977	*
N	*	94	*	*	*	*	*	New.CleanUp.ReferenceOTU3844 Even4_184797	*
N	*	101	*	*	*	*	*	New.CleanUp.ReferenceOTU3846 Even3_7428	*
N	*	101	*	*	*	*	*	New.CleanUp.ReferenceOTU3848 Even4_276975	*
N	*	101	*	*	*	*	*	New.CleanUp.ReferenceOTU3849 Even4_98412	*
N	*	93	*	*	*	*	*	New.CleanUp.ReferenceOTU385 Even4_105202	*
N	*	94	*	*	*	*	*	New.CleanUp.ReferenceOTU3851 Even4_295385	*
N	*	101	*	*	*	*	*	New.CleanUp.ReferenceOTU3856 Even1_171261	*
N	*	91	*	*	*	*	*	New.CleanUp.ReferenceOTU3859 Even4_240054	*
N	*	101	*	*	*	*	*	New.CleanUp.ReferenceOTU3864 Even1_282592	*
N	*	101	*	*	*	*	*	New.CleanUp.ReferenceOTU3865 Even4_17687	*
N	*	91	*	*	*	*	*	New.CleanUp.ReferenceOTU387 Even4_37233	*
N	*	101	*	*	*	*	*	New.CleanUp.ReferenceOTU3874 Even4_16370	*
N	*	101	*	*	*	*	*	New.CleanUp.ReferenceOTU388 Even4_68893	*
N	*	90	*	*	*	*	*	New.CleanUp.ReferenceOTU3882 Even4_52332	*
N	*	91	*	*	*	*	*	New.CleanUp.ReferenceOTU3884 Even1_267559	*
N	*	95	*	*	*	*	*	New.CleanUp.ReferenceOTU3885 Even3_64264	*
N	*	101	*	*	*	*	*	New.CleanUp.ReferenceOTU3888 Even1_7238	*
N	*	101	*	*	*	*	*	New.CleanUp.ReferenceOTU3894 Even3_34290	*
N	*	101	*	*	*	*	*	New.CleanUp.ReferenceOTU3897 Even1_319375	*
N	*	92	*	*	*	*	*	New.CleanUp.ReferenceOTU3898 Even1_250079	*
N	*	101	*	*	*	*	*	New.CleanUp.ReferenceOTU390 Even1_6362	*
N	*	101	*	*	*	*	*	New.CleanUp.ReferenceOTU3900 Even3_268779	*
N	*	94	*	*	*	*	*	New.CleanUp.ReferenceOTU3907 Even1_214684	*
N	*	101	*	*	*	*	*	New.CleanUp.ReferenceOTU3910 Even4_214163	*
N	*	101	*	*	*	*	*	New.CleanUp.ReferenceOTU3924 Even1_115560	*
N	*	101	*	*	*	*	*	New.CleanUp.ReferenceOTU3930 Even1_61337	*
N	*	101	*	*	*	*	*	New.CleanUp.ReferenceOTU3931 Even4_56380	*
N	*	101	*	*	*	*	*	New.CleanUp.ReferenceOTU3935 Even3_231811	*
N	*	92	*	*	*	*	*	New.CleanUp.ReferenceOTU3944 Even3_195928	*
N	*	101	*	*	*	*	*	New.CleanUp.ReferenceOTU3946 Even4_280834	*
N	*	101	*	*	*	*	*	New.CleanUp.ReferenceOTU3947 Even3_265316	*
N	*	81	*	*	*	*	*	New.CleanUp.ReferenceOTU3955 Even1_82507	*
N	*	101	*	*	*	*	*	New.CleanUp.ReferenceOTU3957 Even3_147255	*
N	*	94	*	*	*	*	*	New.CleanUp.ReferenceOTU396 Even1_263013	*
N	*	92	*	*	*	*	*	New.CleanUp.ReferenceOTU3966 Even3_200391	*
N	*	101	*	*	*	*	*	New.CleanUp.ReferenceOTU397 Even3_90517	*
N	*	97	*	*	*	*	*	New.CleanUp.ReferenceOTU3971 Even3_95854	*
N	*	101	*	*	*	*	*	New.CleanUp.ReferenceOTU3975 Even1_222191	*
N	*	101	*	*	*	*	*	New.CleanUp.ReferenceOTU3976 Even4_52659	*
N	*	101	*	*	*	*	*	New.CleanUp.ReferenceOTU398 Even1_24184	*
N	*	91	*	*	*	*	*	New.CleanUp.ReferenceOTU3983 Even4_225743	*
N	*	101	*	*	*	*	*	New.CleanUp.ReferenceOTU3984 Even4_1637	*
N	*	101	*	*	*	*	*	New.CleanUp.ReferenceOTU3986 Even1_268206	*
N	*	101	*	*	*	*	*	New.CleanUp.ReferenceOTU3988 Even3_68346	*
N	*	101	*	*	*	*	*	New.CleanUp.ReferenceOTU3992 Even3_47628	*
N	*	94	*	*	*	*	*	New.CleanUp.ReferenceOTU3993 Even3_61561	*
N	*	101	*	*	*	*	*	New.CleanUp.ReferenceOTU3994 Even3_223577	*
N	*	92	*	*	*	*	*	New.CleanUp.ReferenceOTU3995 Even4_151944	*
N	*	95	*	*	*	*	*	New.CleanUp.ReferenceOTU4001 Even3_103914	*
N	*	101	*	*	*	*	*	New.CleanUp.ReferenceOTU4003 Even1_200644	*
N	*	101	*	*	*	*	*	New.CleanUp.ReferenceOTU4004 Even1_104740	*
N	*	101	*	*	*	*	*	New.CleanUp.ReferenceOTU4005 Even1_246662	*
N	*	101	*	*	*	*	*	New.CleanUp.ReferenceOTU4006 Even4_48923	*
N	*	95	*	*	*	*	*	New.CleanUp.ReferenceOTU4011 Even1_113185	*
N	*	101	*	*	*	*	*	New.CleanUp.ReferenceOTU4012 Even4_91322	*
N	*	101	*	*	*	*	*	New.CleanUp.ReferenceOTU4019 Even4_314302	*
N	*	101	*	*	*	*	*	New.CleanUp.ReferenceOTU4033 Even1_201171	*
N	*	101	*	*	*	*	*	New.CleanUp.ReferenceOTU4034 Even4_207655	*
N	*	101	*	*	*	*	*	New.CleanUp.ReferenceOTU4036 Even4_101224	*
N	*	101	*	*	*	*	*	New.CleanUp.ReferenceOTU4039 Even1_278105	*
N	*	101	*	*	*	*	*	New.CleanUp.ReferenceOTU4040 Even4_242900	*
N	*	101	*	*	*	*	*	New.CleanUp.ReferenceOTU4043 Even4_57416	*
N	*	101	*	*	*	*	*	New.CleanUp.ReferenceOTU4047 Even4_235721	*
N	*	101	*	*	*	*	*	New.CleanUp.ReferenceOTU4049 Even3_143878	*
N	*	92	*	*	*	*	*	New.CleanUp.ReferenceOTU4051 Even3_156795	*
N	*	101	*	*	*	*	*	New.CleanUp.ReferenceOTU4052 Even3_28991	*
N	*	101	*	*	*	*	*	New.CleanUp.ReferenceOTU4053 Even1_146039	*
N	*	90	*	*	*	*	*	New.CleanUp.ReferenceOTU4055 Even3_123139	*
N	*	101	*	*	*	*	*	New.CleanUp.ReferenceOTU406 Even4_209088	*
N	*	101	*	*	*	*	*	New.CleanUp.ReferenceOTU4069 Even1_181848	*
N	*	101	*	*	*	*	*	New.CleanUp.ReferenceOTU4070 Even3_117767	*
N	*	101	*	*	*	*	*	New.CleanUp.ReferenceOTU4075 Even3_164128	*
N	*	101	*	*	*	*	*	New.CleanUp.ReferenceOTU4077 Even1_44850	*
N	*	101	*	*	*	*	*	New.CleanUp.ReferenceOTU4083 Even4_165924	*
N	*	96	*	*	*	*	*	New.CleanUp.ReferenceOTU4085 Even4_218278	*
N	*	101	*	*	*	*	*	New.CleanUp.ReferenceOTU4089 Even4_58060	*
N	*	101	*	*	*	*	*	New.CleanUp.ReferenceOTU4090 Even3_232120	*
N	*	90	*	*	*	*	*	New.CleanUp.ReferenceOTU4091 Even1_42451	*
N	*	101	*	*	*	*	*	New.CleanUp.ReferenceOTU4095 Even3_54797	*
N	*	93	*	*	*	*	*	New.CleanUp.ReferenceOTU4097 Even1_71242	*
N	*	90	*	*	*	*	*	New.CleanUp.ReferenceOTU410 Even3_281788	*
N	*	101	*	*	*	*	*	New.CleanUp.ReferenceOTU4103 Even1_178628	*
N	*	101	*	*	*	*	*	New.CleanUp.ReferenceOTU4107 Even4_72616	*
N	*	101	*	*	*	*	*	New.CleanUp.ReferenceOTU411 Even3_95741	*
N	*	101	*	*	*	*	*	New.CleanUp.ReferenceOTU4113 Even1_71402	*
N	*	101	*	*	*	*	*	New.CleanUp.ReferenceOTU4114 Even4_28905	*
N	*	101	*	*	*	*	*	New.CleanUp.ReferenceOTU4116 Even3_80537	*
N	*	101	*	*	*	*	*	New.CleanUp.ReferenceOTU4118 Even3_17729	*
N	*	91	*	*	*	*	*	New.CleanUp.ReferenceOTU4123 Even3_256319	*
N	*	91	*	*	*	*	*	New.CleanUp.ReferenceOTU4124 Even1_217887	*
N	*	101	*	*	*	*	*	New.CleanUp.ReferenceOTU4125 Even4_268152	*
N	*	101	*	*	*	*	*	New.CleanUp.ReferenceOTU4128 Even1_45910	*
N	*	101	*	*	*	*	*	New.CleanUp.ReferenceOTU413 Even1_270299	*
N	*	101	*	*	*	*	*	New.CleanUp.ReferenceOTU4132 Even1_47752	*
N	*	101	*	*	*	*	*	New.CleanUp.ReferenceOTU4134 Even1_328636	*
N	*	78	*	*	*	*	*	New.CleanUp.ReferenceOTU4139 Even1_318147	*
N	*	101	*	*	*	*	*	New.CleanUp.ReferenceOTU4141 Even4_85737	*
N	*	101	*	*	*	*	*	New.CleanUp.ReferenceOTU4144 Even3_89201	*
N	*	101	*	*	*	*	*	New.CleanUp.ReferenceOTU4150 Even4_46434	*
N	*	92	*	*	*	*	*	New.CleanUp.ReferenceOTU4152 Even3_310933	*
N	*	101	*	*	*	*	*	New.CleanUp.ReferenceOTU4160 Even1_302088	*
N	*	90	*	*	*	*	*	New.CleanUp.ReferenceOTU4163 Even3_204897	*
N	*	101	*	*	*	*	*	New.CleanUp.ReferenceOTU4164 Even1_86368	*
N	*	101	*	*	*	*	*	New.CleanUp.ReferenceOTU4165 Even4_99809	*
N	*	101	*	*	*	*	*	New.CleanUp.ReferenceOTU4168 Even1_141318	*
N	*	101	*	*	*	*	*	New.CleanUp.ReferenceOTU4170 Even1_311551	*
N	*	101	*	*	*	*	*	New.CleanUp.ReferenceOTU4171 Even1_127414	*
N	*	101	*	*	*	*	*	New.CleanUp.ReferenceOTU4175 Even1_18275	*
N	*	91	*	*	*	*	*	New.CleanUp.ReferenceOTU4180 Even3_100489	*
N	*	101	*	*	*	*	*	New.CleanUp.ReferenceOTU4184 Even3_71128	*
N	*	101	*	*	*	*	*	New.CleanUp.ReferenceOTU4186 Even1_309718	*
N	*	101	*	*	*	*	*	New.CleanUp.ReferenceOTU4187 Even4_4719	*
N	*	101	*	*	*	*	*	New.CleanUp.ReferenceOTU4190 Even4_8179	*
N	*	101	*	*	*	*	*	New.CleanUp.ReferenceOTU4199 Even4_135037	*
N	*	101	*	*	*	*	*	New.CleanUp.ReferenceOTU4204 Even3_252758	*
N	*	101	*	*	*	*	*	New.CleanUp.ReferenceOTU4205 Even1_35685	*
N	*	101	*	*	*	*	*	New.CleanUp.ReferenceOTU4206 Even3_110830	*
N	*	92	*	*	*	*	*	New.CleanUp.ReferenceOTU4208 Even3_7436	*
N	*	96	*	*	*	*	*	New.CleanUp.ReferenceOTU421 Even1_109153	*
N	*	91	*	*	*	*	*	New.CleanUp.ReferenceOTU4212 Even1_263984	*
N	*	101	*	*	*	*	*	New.CleanUp.ReferenceOTU4214 Even4_168142	*
N	*	101	*	*	*	*	*	New.CleanUp.ReferenceOTU4215 Even4_25087	*
N	*	101	*	*	*	*	*	New.CleanUp.ReferenceOTU4216 Even3_50568	*
N	*	101	*	*	*	*	*	New.CleanUp.ReferenceOTU4217 Even1_227837	*
N	*	91	*	*	*	*	*	New.CleanUp.ReferenceOTU422 Even4_119867	*
N	*	101	*	*	*	*	*	New.CleanUp.ReferenceOTU4223 Even1_257722	*
N	*	101	*	*	*	*	*	New.CleanUp.ReferenceOTU4225 Even4_161204	*
N	*	101	*	*	*	*	*	New.CleanUp.ReferenceOTU4233 Even4_139457	*
N	*	101	*	*	*	*	*	New.CleanUp.ReferenceOTU4239 Even1_15147	*
N	*	101	*	*	*	*	*	New.CleanUp.ReferenceOTU4242 Even3_89426	*
N	*	101	*	*	*	*	*	New.CleanUp.ReferenceOTU4244 Even1_220901	*
N	*	92	*	*	*	*	*	New.CleanUp.ReferenceOTU4254 Even3_133130	*
N	*	101	*	*	*	*	*	New.CleanUp.ReferenceOTU4255 Even3_133131	*
N	*	101	*	*	*	*	*	New.CleanUp.ReferenceOTU4256 Even4_315310	*
N	*	101	*	*	*	*	*	New.CleanUp.ReferenceOTU4258 Even4_81257	*
N	*	92	*	*	*	*	*	New.CleanUp.ReferenceOTU4260 Even1_162123	*
N	*	101	*	*	*	*	*	New.CleanUp.ReferenceOTU4262 Even1_101684	*
N	*	91	*	*	*	*	*	New.CleanUp.ReferenceOTU4265 Even4_309271	*
N	*	93	*	*	*	*	*	New.CleanUp.ReferenceOTU427 Even4_329744	*
N	*	101	*	*	*	*	*	New.CleanUp.ReferenceOTU4270 Even1_230407	*
N	*	91	*	*	*	*	*	New.CleanUp.ReferenceOTU4271 Even4_52725	*
N	*	101	*	*	*	*	*	New.CleanUp.ReferenceOTU4276 Even4_211078	*
N	*	92	*	*	*	*	*	New.CleanUp.ReferenceOTU4282 Even3_20605	*
N	*	94	*	*	*	*	*	New.CleanUp.ReferenceOTU4285 Even1_175283	*
N	*	90	*	*	*	*	*	New.CleanUp.ReferenceOTU4289 Even1_241032	*
N	*	101	*	*	*	*	*	New.CleanUp.ReferenceOTU4293 Even4_56394	*
N	*	96	*	*	*	*	*	New.CleanUp.ReferenceOTU43 Even4_251549	*
N	*	101	*	*	*	*	*	New.CleanUp.ReferenceOTU431 Even3_14346	*
N	*	101	*	*	*	*	*	New.CleanUp.ReferenceOTU4312 Even3_274666	*
N	*	101	*	*	*	*	*	New.CleanUp.ReferenceOTU4318 Even4_94217	*
N	*	101	*	*	*	*	*	New.CleanUp.ReferenceOTU4320 Even3_15062	*
N	*	94	*	*	*	*	*	New.CleanUp.ReferenceOTU4322 Even4_269613	*
N	*	101	*	*	*	*	*	New.CleanUp.ReferenceOTU4324 Even4_182604	*
N	*	97	*	*	*	*	*	New.CleanUp.ReferenceOTU4325 Even1_140066	*
N	*	101	*	*	*	*	*	New.CleanUp.ReferenceOTU4336 Even1_227488	*
N	*	94	*	*	*	*	*	New.CleanUp.ReferenceOTU4339 Even1_76431	*
N	*	91	*	*	*	*	*	New.CleanUp.ReferenceOTU4342 Even4_114210	*
N	*	101	*	*	*	*	*	New.CleanUp.ReferenceOTU4343 Even3_5103	*
N	*	90	*	*	*	*	*	New.CleanUp.ReferenceOTU4348 Even1_265798	*
N	*	92	*	*	*	*	*	New.CleanUp.ReferenceOTU4355 Even4_48303	*
N	*	101	*	*	*	*	*	New.CleanUp.ReferenceOTU4358 Even1_4474	*
N	*	101	*	*	*	*	*	New.CleanUp.ReferenceOTU4361 Even3_99953	*
N	*	101	*	*	*	*	*	New.CleanUp.ReferenceOTU4363 Even1_83330	*
N	*	101	*	*	*	*	*	New.CleanUp.ReferenceOTU4364 Even4_24598	*
N	*	101	*	*	*	*	*	New.CleanUp.ReferenceOTU4367 Even1_161376	*
N	*	101	*	*	*	*	*	New.CleanUp.ReferenceOTU4368 Even4_297620	*
N	*	101	*	*	*	*	*	New.CleanUp.ReferenceOTU4370 Even3_36880	*
N	*	101	*	*	*	*	*	New.CleanUp.ReferenceOTU4371 Even1_257217	*
N	*	101	*	*	*	*	*	New.CleanUp.ReferenceOTU4374 Even4_270820	*
N	*	88	*	*	*	*	*	New.CleanUp.ReferenceOTU4375 Even4_161928	*
N	*	97	*	*	*	*	*	New.CleanUp.ReferenceOTU438 Even1_321309	*
N	*	101	*	*	*	*	*	New.CleanUp.ReferenceOTU4380 Even1_62611	*
N	*	90	*	*	*	*	*	New.CleanUp.ReferenceOTU4392 Even3_187222	*
N	*	92	*	*	*	*	*	New.CleanUp.ReferenceOTU4393 Even4_98343	*
N	*	89	*	*	*	*	*	New.CleanUp.ReferenceOTU4400 Even4_225354	*
N	*	101	*	*	*	*	*	New.CleanUp.ReferenceOTU4401 Even4_46150	*
N	*	101	*	*	*	*	*	New.CleanUp.ReferenceOTU4404 Even3_56013	*
N	*	91	*	*	*	*	*	New.CleanUp.ReferenceOTU4405 Even4_27178	*
N	*	101	*	*	*	*	*	New.CleanUp.ReferenceOTU441 Even3_191004	*
N	*	101	*	*	*	*	*	New.CleanUp.ReferenceOTU4413 Even1_303720	*
N	*	101	*	*	*	*	*	New.CleanUp.ReferenceOTU4414 Even3_51913	*
N	*	94	*	*	*	*	*	New.CleanUp.ReferenceOTU4419 Even1_115626	*
N	*	101	*	*	*	*	*	New.CleanUp.ReferenceOTU4423 Even4_192242	*
N	*	101	*	*	*	*	*	New.CleanUp.ReferenceOTU4424 Even4_77141	*
N	*	101	*	*	*	*	*	New.CleanUp.ReferenceOTU4425 Even4_49790	*
N	*	101	*	*	*	*	*	New.CleanUp.ReferenceOTU4427 Even3_62832	*
N	*	93	*	*	*	*	*	New.CleanUp.ReferenceOTU4429 Even1_208565	*
N	*	101	*	*	*	*	*	New.CleanUp.ReferenceOTU4432 Even3_164790	*
N	*	92	*	*	*	*	*	New.CleanUp.ReferenceOTU4446 Even3_98192	*
N	*	92	*	*	*	*	*	New.CleanUp.ReferenceOTU4450 Even1_111973	*
N	*	101	*	*	*	*	*	New.CleanUp.ReferenceOTU4453 Even3_17879	*
N	*	101	*	*	*	*	*	New.CleanUp.ReferenceOTU4455 Even3_105190	*
N	*	101	*	*	*	*	*	New.CleanUp.ReferenceOTU4456 Even4_44006	*
N	*	101	*	*	*	*	*	New.CleanUp.ReferenceOTU4457 Even4_180727	*
N	*	101	*	*	*	*	*	New.CleanUp.ReferenceOTU4465 Even3_246683	*
N	*	94	*	*	*	*	*	New.CleanUp.ReferenceOTU4467 Even4_101416	*
N	*	101	*	*	*	*	*	New.CleanUp.ReferenceOTU447 Even4_19779	*
N	*	101	*	*	*	*	*	New.CleanUp.ReferenceOTU4470 Even1_281657	*
N	*	91	*	*	*	*	*	New.CleanUp.ReferenceOTU4472 Even1_152084	*
N	*	97	*	*	*	*	*	New.CleanUp.ReferenceOTU4474 Even1_328187	*
N	*	101	*	*	*	*	*	New.CleanUp.ReferenceOTU448 Even3_75410	*
N	*	101	*	*	*	*	*	New.CleanUp.ReferenceOTU4482 Even4_233683	*
N	*	101	*	*	*	*	*	New.CleanUp.ReferenceOTU4484 Even1_141258	*
N	*	101	*	*	*	*	*	New.CleanUp.ReferenceOTU4488 Even3_217542	*
N	*	94	*	*	*	*	*	New.CleanUp.ReferenceOTU4495 Even3_178396	*
N	*	101	*	*	*	*	*	New.CleanUp.ReferenceOTU4503 Even1_199269	*
N	*	101	*	*	*	*	*	New.CleanUp.ReferenceOTU4507 Even1_92325	*
N	*	101	*	*	*	*	*	New.CleanUp.ReferenceOTU4512 Even4_188444	*
N	*	101	*	*	*	*	*	New.CleanUp.ReferenceOTU4515 Even3_224731	*
N	*	94	*	*	*	*	*	New.CleanUp.ReferenceOTU4520 Even4_4893	*
N	*	95	*	*	*	*	*	New.CleanUp.ReferenceOTU4522 Even1_217882	*
N	*	101	*	*	*	*	*	New.CleanUp.ReferenceOTU4529 Even3_284868	*
N	*	101	*	*	*	*	*	New.CleanUp.ReferenceOTU4530 Even4_121006	*
N	*	90	*	*	*	*	*	New.CleanUp.ReferenceOTU4536 Even1_257196	*
N	*	101	*	*	*	*	*	New.CleanUp.ReferenceOTU4537 Even3_177979	*
N	*	101	*	*	*	*	*	New.CleanUp.ReferenceOTU4539 Even3_17479	*
N	*	101	*	*	*	*	*	New.CleanUp.ReferenceOTU4545 Even1_7581	*
N	*	101	*	*	*	*	*	New.CleanUp.ReferenceOTU4558 Even4_108925	*
N	*	101	*	*	*	*	*	New.CleanUp.ReferenceOTU4559 Even4_58904	*
N	*	90	*	*	*	*	*	New.CleanUp.ReferenceOTU4561 Even3_104377	*
N	*	101	*	*	*	*	*	New.CleanUp.ReferenceOTU4569 Even4_283020	*
N	*	101	*	*	*	*	*	New.CleanUp.ReferenceOTU4572 Even4_22536	*
N	*	101	*	*	*	*	*	New.CleanUp.ReferenceOTU4579 Even1_112440	*
N	*	101	*	*	*	*	*	New.CleanUp.ReferenceOTU458 Even1_167902	*
N	*	95	*	*	*	*	*	New.CleanUp.ReferenceOTU4585 Even4_110873	*
N	*	90	*	*	*	*	*	New.CleanUp.ReferenceOTU4586 Even1_317461	*
N	*	101	*	*	*	*	*	New.CleanUp.ReferenceOTU4589 Even1_204304	*
N	*	101	*	*	*	*	*	New.CleanUp.ReferenceOTU4597 Even1_30781	*
N	*	101	*	*	*	*	*	New.CleanUp.ReferenceOTU4605 Even1_39169	*
N	*	101	*	*	*	*	*	New.CleanUp.ReferenceOTU4608 Even4_324018	*
N	*	90	*	*	*	*	*	New.CleanUp.ReferenceOTU4611 Even4_245168	*
N	*	101	*	*	*	*	*	New.CleanUp.ReferenceOTU4619 Even3_304458	*
N	*	101	*	*	*	*	*	New.CleanUp.ReferenceOTU462 Even4_308084	*
N	*	101	*	*	*	*	*	New.CleanUp.ReferenceOTU4627 Even1_249026	*
N	*	91	*	*	*	*	*	New.CleanUp.ReferenceOTU4633 Even1_310150	*
N	*	101	*	*	*	*	*	New.CleanUp.ReferenceOTU4635 Even4_6706	*
N	*	101	*	*	*	*	*	New.CleanUp.ReferenceOTU4637 Even3_138503	*
N	*	101	*	*	*	*	*	New.CleanUp.ReferenceOTU4638 Even1_37787	*
N	*	101	*	*	*	*	*	New.CleanUp.ReferenceOTU4641 Even3_125097	*
N	*	92	*	*	*	*	*	New.CleanUp.ReferenceOTU4646 Even1_237039	*
N	*	101	*	*	*	*	*	New.CleanUp.ReferenceOTU4647 Even4_211229	*
N	*	95	*	*	*	*	*	New.CleanUp.ReferenceOTU4651 Even1_260460	*
N	*	101	*	*	*	*	*	New.CleanUp.ReferenceOTU4652 Even3_45557	*
N	*	92	*	*	*	*	*	New.CleanUp.ReferenceOTU4659 Even1_195572	*
N	*	91	*	*	*	*	*	New.CleanUp.ReferenceOTU4663 Even3_329520	*
N	*	101	*	*	*	*	*	New.CleanUp.ReferenceOTU4669 Even4_56562	*
N	*	101	*	*	*	*	*	New.CleanUp.ReferenceOTU4670 Even1_136297	*
N	*	97	*	*	*	*	*	New.CleanUp.ReferenceOTU4673 Even1_296410	*
N	*	101	*	*	*	*	*	New.CleanUp.ReferenceOTU4675 Even1_73739	*
N	*	90	*	*	*	*	*	New.CleanUp.ReferenceOTU4676 Even3_298918	*
N	*	101	*	*	*	*	*	New.CleanUp.ReferenceOTU4677 Even4_53078	*
N	*	101	*	*	*	*	*	New.CleanUp.ReferenceOTU4680 Even1_268796	*
N	*	91	*	*	*	*	*	New.CleanUp.ReferenceOTU4685 Even3_96449	*
N	*	101	*	*	*	*	*	New.CleanUp.ReferenceOTU4688 Even1_143520	*
N	*	101	*	*	*	*	*	New.CleanUp.ReferenceOTU4691 Even3_201164	*
N	*	90	*	*	*	*	*	New.CleanUp.ReferenceOTU4692 Even4_186044	*
N	*	101	*	*	*	*	*	New.CleanUp.ReferenceOTU4695 Even3_106431	*
N	*	97	*	*	*	*	*	New.CleanUp.ReferenceOTU4696 Even4_29633	*
N	*	101	*	*	*	*	*	New.CleanUp.ReferenceOTU4697 Even3_161027	*
N	*	101	*	*	*	*	*	New.CleanUp.ReferenceOTU4698 Even1_226702	*
N	*	91	*	*	*	*	*	New.CleanUp.ReferenceOTU4701 Even4_233589	*
N	*	101	*	*	*	*	*	New.CleanUp.ReferenceOTU4703 Even4_255539	*
N	*	101	*	*	*	*	*	New.CleanUp.ReferenceOTU4705 Even1_320325	*
N	*	97	*	*	*	*	*	New.CleanUp.ReferenceOTU4711 Even1_301873	*
N	*	101	*	*	*	*	*	New.CleanUp.ReferenceOTU4713 Even4_210000	*
N	*	97	*	*	*	*	*	New.CleanUp.ReferenceOTU4715 Even3_297778	*
N	*	94	*	*	*	*	*	New.CleanUp.ReferenceOTU4721 Even1_45476	*
N	*	96	*	*	*	*	*	New.CleanUp.ReferenceOTU4724 Even1_215258	*
N	*	101	*	*	*	*	*	New.CleanUp.ReferenceOTU4725 Even1_233998	*
N	*	101	*	*	*	*	*	New.CleanUp.ReferenceOTU4729 Even4_70264	*
N	*	91	*	*	*	*	*	New.CleanUp.ReferenceOTU473 Even3_218854	*
N	*	101	*	*	*	*	*	New.CleanUp.ReferenceOTU4734 Even1_268317	*
N	*	90	*	*	*	*	*	New.CleanUp.ReferenceOTU4740 Even4_307041	*
N	*	101	*	*	*	*	*	New.CleanUp.ReferenceOTU4742 Even1_63909	*
N	*	101	*	*	*	*	*	New.CleanUp.ReferenceOTU4743 Even1_102941	*
N	*	101	*	*	*	*	*	New.CleanUp.ReferenceOTU4744 Even3_38821	*
N	*	101	*	*	*	*	*	New.CleanUp.ReferenceOTU4746 Even3_120064	*
N	*	101	*	*	*	*	*	New.CleanUp.ReferenceOTU4750 Even3_72601	*
N	*	101	*	*	*	*	*	New.CleanUp.ReferenceOTU4754 Even1_34524	*
N	*	101	*	*	*	*	*	New.CleanUp.ReferenceOTU4755 Even3_110780	*
N	*	101	*	*	*	*	*	New.CleanUp.ReferenceOTU4756 Even3_120265	*
N	*	101	*	*	*	*	*	New.CleanUp.ReferenceOTU4757 Even3_168818	*
N	*	91	*	*	*	*	*	New.CleanUp.ReferenceOTU4758 Even1_79147	*
N	*	101	*	*	*	*	*	New.CleanUp.ReferenceOTU4762 Even3_13767	*
N	*	101	*	*	*	*	*	New.CleanUp.ReferenceOTU4769 Even1_33550	*
N	*	101	*	*	*	*	*	New.CleanUp.ReferenceOTU4772 Even4_274466	*
N	*	92	*	*	*	*	*	New.CleanUp.ReferenceOTU4773 Even3_88666	*
N	*	101	*	*	*	*	*	New.CleanUp.ReferenceOTU4777 Even1_112827	*
N	*	94	*	*	*	*	*	New.CleanUp.ReferenceOTU4780 Even4_232509	*
N	*	101	*	*	*	*	*	New.CleanUp.ReferenceOTU4781 Even1_100952	*
N	*	101	*	*	*	*	*	New.CleanUp.ReferenceOTU4784 Even4_50034	*
N	*	94	*	*	*	*	*	New.CleanUp.ReferenceOTU4791 Even1_255694	*
N	*	90	*	*	*	*	*	New.CleanUp.ReferenceOTU4794 Even3_246788	*
N	*	101	*	*	*	*	*	New.CleanUp.ReferenceOTU4795 Even1_524	*
N	*	101	*	*	*	*	*	New.CleanUp.ReferenceOTU4797 Even3_32798	*
N	*	92	*	*	*	*	*	New.CleanUp.ReferenceOTU4801 Even1_236928	*
N	*	97	*	*	*	*	*	New.CleanUp.ReferenceOTU4803 Even3_300996	*
N	*	101	*	*	*	*	*	New.CleanUp.ReferenceOTU4806 Even4_28962	*
N	*	101	*	*	*	*	*	New.CleanUp.ReferenceOTU4809 Even4_102779	*
N	*	101	*	*	*	*	*	New.CleanUp.ReferenceOTU4812 Even4_38146	*
N	*	101	*	*	*	*	*	New.CleanUp.ReferenceOTU4815 Even4_86091	*
N	*	101	*	*	*	*	*	New.CleanUp.ReferenceOTU4818 Even1_35418	*
N	*	93	*	*	*	*	*	New.CleanUp.ReferenceOTU4819 Even3_28808	*
N	*	101	*	*	*	*	*	New.CleanUp.ReferenceOTU4820 Even3_92510	*
N	*	101	*	*	*	*	*	New.CleanUp.ReferenceOTU4828 Even3_5494	*
N	*	101	*	*	*	*	*	New.CleanUp.ReferenceOTU483 Even3_73009	*
N	*	101	*	*	*	*	*	New.CleanUp.ReferenceOTU4830 Even4_4063	*
N	*	91	*	*	*	*	*	New.CleanUp.ReferenceOTU4831 Even3_274694	*
N	*	97	*	*	*	*	*	New.CleanUp.ReferenceOTU4833 Even1_249811	*
N	*	101	*	*	*	*	*	New.CleanUp.ReferenceOTU4835 Even3_49937	*
N	*	92	*	*	*	*	*	New.CleanUp.ReferenceOTU4836 Even4_72951	*
N	*	91	*	*	*	*	*	New.CleanUp.ReferenceOTU4838 Even1_36992	*
N	*	101	*	*	*	*	*	New.CleanUp.ReferenceOTU4839 Even1_235858	*
N	*	101	*	*	*	*	*	New.CleanUp.ReferenceOTU484 Even3_200511	*
N	*	101	*	*	*	*	*	New.CleanUp.ReferenceOTU4843 Even1_111561	*
N	*	93	*	*	*	*	*	New.CleanUp.ReferenceOTU4846 Even3_189635	*
N	*	93	*	*	*	*	*	New.CleanUp.ReferenceOTU4851 Even3_132822	*
N	*	101	*	*	*	*	*	New.CleanUp.ReferenceOTU4857 Even4_172076	*
N	*	101	*	*	*	*	*	New.CleanUp.ReferenceOTU4858 Even1_296174	*
N	*	101	*	*	*	*	*	New.CleanUp.ReferenceOTU4859 Even3_147860	*
N	*	93	*	*	*	*	*	New.CleanUp.ReferenceOTU4867 Even4_158468	*
N	*	91	*	*	*	*	*	New.CleanUp.ReferenceOTU4868 Even4_159992	*
N	*	90	*	*	*	*	*	New.CleanUp.ReferenceOTU487 Even1_84266	*
N	*	101	*	*	*	*	*	New.CleanUp.ReferenceOTU4871 Even1_70675	*
N	*	101	*	*	*	*	*	New.CleanUp.ReferenceOTU4872 Even4_85408	*
N	*	101	*	*	*	*	*	New.CleanUp.ReferenceOTU4873 Even4_325063	*
N	*	101	*	*	*	*	*	New.CleanUp.ReferenceOTU4875 Even1_175623	*
N	*	101	*	*	*	*	*	New.CleanUp.ReferenceOTU4877 Even1_20653	*
N	*	91	*	*	*	*	*	New.CleanUp.ReferenceOTU4882 Even4_284121	*
N	*	96	*	*	*	*	*	New.CleanUp.ReferenceOTU4887 Even4_160888	*
N	*	97	*	*	*	*	*	New.CleanUp.ReferenceOTU4888 Even4_79874	*
N	*	101	*	*	*	*	*	New.CleanUp.ReferenceOTU4889 Even1_175021	*
N	*	101	*	*	*	*	*	New.CleanUp.ReferenceOTU4892 Even4_303263	*
N	*	97	*	*	*	*	*	New.CleanUp.ReferenceOTU4893 Even3_217487	*
N	*	101	*	*	*	*	*	New.CleanUp.ReferenceOTU4897 Even4_58732	*
N	*	91	*	*	*	*	*	New.CleanUp.ReferenceOTU4899 Even1_102159	*
N	*	92	*	*	*	*	*	New.CleanUp.ReferenceOTU492 Even4_207901	*
N	*	92	*	*	*	*	*	New.CleanUp.ReferenceOTU494 Even1_183989	*
N	*	91	*	*	*	*	*	New.CleanUp.ReferenceOTU503 Even1_321476	*
N	*	101	*	*	*	*	*	New.CleanUp.ReferenceOTU506 Even3_48769	*
N	*	92	*	*	*	*	*	New.CleanUp.ReferenceOTU512 Even3_85220	*
N	*	101	*	*	*	*	*	New.CleanUp.ReferenceOTU513 Even3_190308	*
N	*	101	*	*	*	*	*	New.CleanUp.ReferenceOTU517 Even3_85229	*
N	*	101	*	*	*	*	*	New.CleanUp.ReferenceOTU524 Even1_116625	*
N	*	96	*	*	*	*	*	New.CleanUp.ReferenceOTU527 Even3_297759	*
N	*	101	*	*	*	*	*	New.CleanUp.ReferenceOTU528 Even1_130435	*
N	*	101	*	*	*	*	*	New.CleanUp.ReferenceOTU533 Even3_37728	*
N	*	90	*	*	*	*	*	New.CleanUp.ReferenceOTU537 Even4_135489	*
N	*	101	*	*	*	*	*	New.CleanUp.ReferenceOTU538 Even3_168072	*
N	*	101	*	*	*	*	*	New.CleanUp.ReferenceOTU539 Even1_270740	*
N	*	101	*	*	*	*	*	New.CleanUp.ReferenceOTU545 Even4_229455	*
N	*	101	*	*	*	*	*	New.CleanUp.ReferenceOTU559 Even3_189988	*
N	*	93	*	*	*	*	*	New.CleanUp.ReferenceOTU564 Even1_303073	*
N	*	101	*	*	*	*	*	New.CleanUp.ReferenceOTU567 Even1_104672	*
N	*	101	*	*	*	*	*	New.CleanUp.ReferenceOTU568 Even4_53126	*
N	*	101	*	*	*	*	*	New.CleanUp.ReferenceOTU572 Even3_228218	*
N	*	101	*	*	*	*	*	New.CleanUp.ReferenceOTU573 Even1_301928	*
N	*	101	*	*	*	*	*	New.CleanUp.ReferenceOTU574 Even4_187002	*
N	*	101	*	*	*	*	*	New.CleanUp.ReferenceOTU575 Even4_46698	*
N	*	90	*	*	*	*	*	New.CleanUp.ReferenceOTU576 Even3_92165	*
N	*	94	*	*	*	*	*	New.CleanUp.ReferenceOTU579 Even1_110518	*
N	*	91	*	*	*	*	*	New.CleanUp.ReferenceOTU584 Even1_260545	*
N	*	101	*	*	*	*	*	New.CleanUp.ReferenceOTU589 Even1_137637	*
N	*	101	*	*	*	*	*	New.CleanUp.ReferenceOTU590 Even1_249763	*
N	*	101	*	*	*	*	*	New.CleanUp.ReferenceOTU591 Even1_49625	*
N	*	101	*	*	*	*	*	New.CleanUp.ReferenceOTU596 Even1_206028	*
N	*	101	*	*	*	*	*	New.CleanUp.ReferenceOTU599 Even3_324771	*
N	*	101	*	*	*	*	*	New.CleanUp.ReferenceOTU602 Even3_62804	*
N	*	101	*	*	*	*	*	New.CleanUp.ReferenceOTU609 Even4_163397	*
N	*	91	*	*	*	*	*	New.CleanUp.ReferenceOTU61 Even1_327409	*
N	*	101	*	*	*	*	*	New.CleanUp.ReferenceOTU614 Even1_178884	*
N	*	101	*	*	*	*	*	New.CleanUp.ReferenceOTU615 Even4_77069	*
N	*	101	*	*	*	*	*	New.CleanUp.ReferenceOTU616 Even3_243309	*
N	*	101	*	*	*	*	*	New.CleanUp.ReferenceOTU618 Even4_123023	*
N	*	101	*	*	*	*	*	New.CleanUp.ReferenceOTU62 Even4_193751	*
N	*	101	*	*	*	*	*	New.CleanUp.ReferenceOTU621 Even1_9275	*
N	*	101	*	*	*	*	*	New.CleanUp.ReferenceOTU622 Even4_232525	*
N	*	101	*	*	*	*	*	New.CleanUp.ReferenceOTU626 Even4_63364	*
N	*	101	*	*	*	*	*	New.CleanUp.ReferenceOTU630 Even3_197891	*
N	*	101	*	*	*	*	*	New.CleanUp.ReferenceOTU635 Even1_125360	*
N	*	91	*	*	*	*	*	New.CleanUp.ReferenceOTU641 Even4_228149	*
N	*	101	*	*	*	*	*	New.CleanUp.ReferenceOTU643 Even4_283964	*
N	*	101	*	*	*	*	*	New.CleanUp.ReferenceOTU656 Even4_224305	*
N	*	94	*	*	*	*	*	New.CleanUp.ReferenceOTU657 Even4_312118	*
N	*	101	*	*	*	*	*	New.CleanUp.ReferenceOTU658 Even4_34203	*
N	*	101	*	*	*	*	*	New.CleanUp.ReferenceOTU662 Even4_5408	*
N	*	101	*	*	*	*	*	New.CleanUp.ReferenceOTU67 Even4_168088	*
N	*	101	*	*	*	*	*	New.CleanUp.ReferenceOTU671 Even4_109964	*
N	*	93	*	*	*	*	*	New.CleanUp.ReferenceOTU673 Even4_106241	*
N	*	97	*	*	*	*	*	New.CleanUp.ReferenceOTU676 Even1_317876	*
N	*	101	*	*	*	*	*	New.CleanUp.ReferenceOTU678 Even3_48685	*
N	*	101	*	*	*	*	*	New.CleanUp.ReferenceOTU684 Even3_105815	*
N	*	92	*	*	*	*	*	New.CleanUp.ReferenceOTU686 Even3_264789	*
N	*	101	*	*	*	*	*	New.CleanUp.ReferenceOTU692 Even3_64183	*
N	*	92	*	*	*	*	*	New.CleanUp.ReferenceOTU70 Even1_35249	*
N	*	101	*	*	*	*	*	New.CleanUp.ReferenceOTU701 Even4_22095	*
N	*	101	*	*	*	*	*	New.CleanUp.ReferenceOTU702 Even4_127632	*
N	*	101	*	*	*	*	*	New.CleanUp.ReferenceOTU706 Even1_105679	*
N	*	94	*	*	*	*	*	New.CleanUp.ReferenceOTU708 Even4_149781	*
N	*	91	*	*	*	*	*	New.CleanUp.ReferenceOTU709 Even1_132718	*
N	*	101	*	*	*	*	*	New.CleanUp.ReferenceOTU711 Even3_247322	*
N	*	94	*	*	*	*	*	New.CleanUp.ReferenceOTU717 Even3_225561	*
N	*	101	*	*	*	*	*	New.CleanUp.ReferenceOTU720 Even3_30780	*
N	*	101	*	*	*	*	*	New.CleanUp.ReferenceOTU724 Even3_198943	*
N	*	101	*	*	*	*	*	New.CleanUp.ReferenceOTU730 Even4_166953	*
N	*	101	*	*	*	*	*	New.CleanUp.ReferenceOTU734 Even4_96817	*
N	*	90	*	*	*	*	*	New.CleanUp.ReferenceOTU735 Even4_246778	*
N	*	79	*	*	*	*	*	New.CleanUp.ReferenceOTU736 Even1_21850	*
N	*	91	*	*	*	*	*	New.CleanUp.ReferenceOTU74 Even4_59774	*
N	*	101	*	*	*	*	*	New.CleanUp.ReferenceOTU750 Even4_63818	*
N	*	93	*	*	*	*	*	New.CleanUp.ReferenceOTU751 Even3_321856	*
N	*	95	*	*	*	*	*	New.CleanUp.ReferenceOTU752 Even1_330013	*
N	*	91	*	*	*	*	*	New.CleanUp.ReferenceOTU754 Even4_160269	*
N	*	101	*	*	*	*	*	New.CleanUp.ReferenceOTU757 Even3_64364	*
N	*	91	*	*	*	*	*	New.CleanUp.ReferenceOTU758 Even3_188381	*
N	*	101	*	*	*	*	*	New.CleanUp.ReferenceOTU766 Even1_250002	*
N	*	101	*	*	*	*	*	New.CleanUp.ReferenceOTU769 Even1_153410	*
N	*	101	*	*	*	*	*	New.CleanUp.ReferenceOTU772 Even4_141178	*
N	*	90	*	*	*	*	*	New.CleanUp.ReferenceOTU78 Even1_324812	*
N	*	95	*	*	*	*	*	New.CleanUp.ReferenceOTU786 Even1_124457	*
N	*	95	*	*	*	*	*	New.CleanUp.ReferenceOTU789 Even4_249608	*
N	*	94	*	*	*	*	*	New.CleanUp.ReferenceOTU794 Even4_138964	*
N	*	101	*	*	*	*	*	New.CleanUp.ReferenceOTU797 Even3_45927	*
N	*	92	*	*	*	*	*	New.CleanUp.ReferenceOTU803 Even1_30675	*
N	*	101	*	*	*	*	*	New.CleanUp.ReferenceOTU805 Even3_15025	*
N	*	96	*	*	*	*	*	New.CleanUp.ReferenceOTU813 Even3_302874	*
N	*	101	*	*	*	*	*	New.CleanUp.ReferenceOTU817 Even4_44095	*
N	*	101	*	*	*	*	*	New.CleanUp.ReferenceOTU82 Even4_181971	*
N	*	90	*	*	*	*	*	New.CleanUp.ReferenceOTU822 Even3_109441	*
N	*	101	*	*	*	*	*	New.CleanUp.ReferenceOTU823 Even3_4494	*
N	*	101	*	*	*	*	*	New.CleanUp.ReferenceOTU824 Even1_4949	*
N	*	91	*	*	*	*	*	New.CleanUp.ReferenceOTU828 Even4_272311	*
N	*	101	*	*	*	*	*	New.CleanUp.ReferenceOTU829 Even1_278738	*
N	*	97	*	*	*	*	*	New.CleanUp.ReferenceOTU837 Even4_234688	*
N	*	97	*	*	*	*	*	New.CleanUp.ReferenceOTU838 Even3_46853	*
N	*	101	*	*	*	*	*	New.CleanUp.ReferenceOTU84 Even1_56455	*
N	*	91	*	*	*	*	*	New.CleanUp.ReferenceOTU841 Even4_278148	*
N	*	101	*	*	*	*	*	New.CleanUp.ReferenceOTU842 Even1_268471	*
N	*	101	*	*	*	*	*	New.CleanUp.ReferenceOTU843 Even3_39030	*
N	*	101	*	*	*	*	*	New.CleanUp.ReferenceOTU845 Even1_219159	*
N	*	91	*	*	*	*	*	New.CleanUp.ReferenceOTU848 Even1_278086	*
N	*	90	*	*	*	*	*	New.CleanUp.ReferenceOTU854 Even3_93674	*
N	*	101	*	*	*	*	*	New.CleanUp.ReferenceOTU859 Even1_121663	*
N	*	91	*	*	*	*	*	New.CleanUp.ReferenceOTU86 Even3_42260	*
N	*	101	*	*	*	*	*	New.CleanUp.ReferenceOTU87 Even1_87655	*
N	*	101	*	*	*	*	*	New.CleanUp.ReferenceOTU873 Even4_219018	*
N	*	101	*	*	*	*	*	New.CleanUp.ReferenceOTU874 Even3_168046	*
N	*	90	*	*	*	*	*	New.CleanUp.ReferenceOTU880 Even4_235571	*
N	*	101	*	*	*	*	*	New.CleanUp.ReferenceOTU882 Even3_56188	*
N	*	101	*	*	*	*	*	New.CleanUp.ReferenceOTU885 Even1_4898	*
N	*	94	*	*	*	*	*	New.CleanUp.ReferenceOTU886 Even1_76142	*
N	*	93	*	*	*	*	*	New.CleanUp.ReferenceOTU887 Even1_35931	*
N	*	101	*	*	*	*	*	New.CleanUp.ReferenceOTU889 Even1_34005	*
N	*	101	*	*	*	*	*	New.CleanUp.ReferenceOTU89 Even1_264153	*
N	*	101	*	*	*	*	*	New.CleanUp.ReferenceOTU892 Even1_258337	*
N	*	101	*	*	*	*	*	New.CleanUp.ReferenceOTU893 Even3_27037	*
N	*	95	*	*	*	*	*	New.CleanUp.ReferenceOTU894 Even4_234683	*
N	*	101	*	*	*	*	*	New.CleanUp.ReferenceOTU898 Even4_173682	*
N	*	101	*	*	*	*	*	New.CleanUp.ReferenceOTU9 Even4_4285	*
N	*	101	*	*	*	*	*	New.CleanUp.ReferenceOTU907 Even4_177373	*
N	*	90	*	*	*	*	*	New.CleanUp.ReferenceOTU908 Even1_147299	*
N	*	91	*	*	*	*	*	New.CleanUp.ReferenceOTU909 Even1_280276	*
N	*	101	*	*	*	*	*	New.CleanUp.ReferenceOTU912 Even1_32508	*
N	*	96	*	*	*	*	*	New.CleanUp.ReferenceOTU915 Even3_165023	*
N	*	90	*	*	*	*	*	New.CleanUp.ReferenceOTU918 Even1_227994	*
N	*	101	*	*	*	*	*	New.CleanUp.ReferenceOTU919 Even3_1052	*
N	*	101	*	*	*	*	*	New.CleanUp.ReferenceOTU921 Even3_1058	*
N	*	101	*	*	*	*	*	New.CleanUp.ReferenceOTU933 Even4_88272	*
N	*	101	*	*	*	*	*	New.CleanUp.ReferenceOTU935 Even1_224411	*
N	*	101	*	*	*	*	*	New.CleanUp.ReferenceOTU940 Even1_137600	*
N	*	91	*	*	*	*	*	New.CleanUp.ReferenceOTU944 Even3_329805	*
N	*	101	*	*	*	*	*	New.CleanUp.ReferenceOTU945 Even4_249371	*
N	*	101	*	*	*	*	*	New.CleanUp.ReferenceOTU950 Even4_191641	*
N	*	90	*	*	*	*	*	New.CleanUp.ReferenceOTU953 Even1_164005	*
N	*	91	*	*	*	*	*	New.CleanUp.ReferenceOTU955 Even1_221470	*
N	*	94	*	*	*	*	*	New.CleanUp.ReferenceOTU957 Even4_210440	*
N	*	95	*	*	*	*	*	New.CleanUp.ReferenceOTU965 Even3_296649	*
N	*	101	*	*	*	*	*	New.CleanUp.ReferenceOTU967 Even1_42716	*
N	*	90	*	*	*	*	*	New.CleanUp.ReferenceOTU968 Even1_208632	*
N	*	101	*	*	*	*	*	New.CleanUp.ReferenceOTU969 Even3_67088	*
N	*	101	*	*	*	*	*	New.CleanUp.ReferenceOTU970 Even1_178188	*
N	*	91	*	*	*	*	*	New.CleanUp.ReferenceOTU974 Even4_140230	*
N	*	101	*	*	*	*	*	New.CleanUp.ReferenceOTU983 Even3_28854	*
N	*	101	*	*	*	*	*	New.CleanUp.ReferenceOTU988 Even3_126884	*
N	*	91	*	*	*	*	*	New.CleanUp.ReferenceOTU989 Even4_22398	*
N	*	101	*	*	*	*	*	New.CleanUp.ReferenceOTU990 Even4_98969	*
N	*	91	*	*	*	*	*	New.CleanUp.ReferenceOTU993 Even3_304752	*
N	*	95	*	*	*	*	*	New.CleanUp.ReferenceOTU995 Even1_276528	*
N	*	101	*	*	*	*	*	New.CleanUp.ReferenceOTU996 Even3_63500	*
N	*	101	*	*	*	*	*	New.CleanUp.ReferenceOTU997 Even3_171971	*
D	102	2	*	*	*	*	97.0	1110402	*
D	788	2	*	*	*	*	100.0	1076587	*
D	905	2	*	*	*	*	99.0	1063126	*
D	1471	3	*	*	*	*	98.0	997439	*
D	1666	2	*	*	*	*	100.0	975306	*
D	2815	4	*	*	*	*	99.0	851323	*
D	3039	2	*	*	*	*	99.0	4484484	*
D	3156	2	*	*	*	*	100.0	833731	*
D	3199	2	*	*	*	*	100.0	832676	*
D	3620	2	*	*	*	*	100.0	822899	*
D	3762	2	*	*	*	*	99.0	819999	*
D	3787	2	*	*	*	*	100.0	819636	*
D	4145	5	*	*	*	*	99.3	813457	*
D	4418	2	*	*	*	*	98.0	808486	*
D	4878	2	*	*	*	*	100.0	788593	*
D	5103	2	*	*	*	*	98.0	769961	*
D	6106	2	*	*	*	*	97.0	696563	*
D	6786	2	*	*	*	*	97.0	649107	*
D	7082	2	*	*	*	*	100.0	628226	*
D	7185	2	*	*	*	*	100.0	621472	*
D	7341	2	*	*	*	*	99.0	610462	*
D	7385	2	*	*	*	*	100.0	606927	*
D	7671	2	*	*	*	*	100.0	592616	*
D	8870	2	*	*	*	*	99.0	583974	*
D	9455	2	*	*	*	*	99.0	579851	*
D	9782	2	*	*	*	*	97.0	577377	*
D	10555	3	*	*	*	*	98.0	571458	*
D	11388	2	*	*	*	*	97.0	564806	*
D	11579	2	*	*	*	*	98.0	563359	*
D	12829	2	*	*	*	*	100.0	553611	*
D	12878	3	*	*	*	*	98.0	553208	*
D	13352	2	*	*	*	*	100.0	549232	*
D	13431	3	*	*	*	*	99.5	548587	*
D	13544	2	*	*	*	*	100.0	547714	*
D	13881	2	*	*	*	*	98.8	545061	*
D	14268	3	*	*	*	*	99.0	542096	*
D	14337	2	*	*	*	*	100.0	541517	*
D	14672	2	*	*	*	*	100.0	539107	*
D	15400	2	*	*	*	*	100.0	533373	*
D	15577	2	*	*	*	*	99.0	531436	*
D	15659	3	*	*	*	*	98.5	530379	*
D	15696	2	*	*	*	*	100.0	529889	*
D	15698	2	*	*	*	*	99.0	529873	*
D	15715	2	*	*	*	*	100.0	529740	*
D	15746	3	*	*	*	*	97.5	529377	*
D	15863	3	*	*	*	*	98.0	527988	*
D	16049	2	*	*	*	*	100.0	525474	*
D	16118	2	*	*	*	*	98.7	524661	*
D	16134	2	*	*	*	*	99.0	524515	*
D	16275	2	*	*	*	*	97.0	522595	*
D	16572	2	*	*	*	*	98.0	518613	*
D	16590	2	*	*	*	*	99.0	518438	*
D	16625	2	*	*	*	*	100.0	518002	*
D	16746	2	*	*	*	*	100.0	516464	*
D	16889	2	*	*	*	*	99.0	514773	*
D	17523	2	*	*	*	*	98.9	509989	*
D	17731	2	*	*	*	*	99.0	503372	*
D	17808	2	*	*	*	*	98.0	495070	*
D	17850	2	*	*	*	*	98.0	484304	*
D	17852	5	*	*	*	*	99.2	471180	*
D	17855	2	*	*	*	*	100.0	470879	*
D	17858	2	*	*	*	*	100.0	470117	*
D	17949	2	*	*	*	*	100.0	456774	*
D	17966	2	*	*	*	*	100.0	454363	*
D	18397	2	*	*	*	*	100.0	405425	*
D	18716	2	*	*	*	*	100.0	370357	*
D	18730	2	*	*	*	*	100.0	370105	*
D	18761	2	*	*	*	*	99.0	369635	*
D	18771	2	*	*	*	*	100.0	369449	*
D	18942	2	*	*	*	*	100.0	366451	*
D	18956	2	*	*	*	*	98.9	366161	*
D	18993	2	*	*	*	*	97.0	365496	*
D	18999	2	*	*	*	*	100.0	365385	*
D	19014	2	*	*	*	*	100.0	365167	*
D	19064	2	*	*	*	*	97.0	364179	*
D	19095	2	*	*	*	*	100.0	363625	*
D	19266	2	*	*	*	*	99.0	360825	*
D	19301	2	*	*	*	*	100.0	360238	*
D	19314	2	*	*	*	*	98.0	360000	*
D	19548	2	*	*	*	*	100.0	356360	*
D	19832	2	*	*	*	*	100.0	354258	*
D	20083	2	*	*	*	*	100.0	352473	*
D	20324	2	*	*	*	*	100.0	350697	*
D	20439	3	*	*	*	*	99.5	349902	*
D	20462	3	*	*	*	*	99.0	349786	*
D	20699	2	*	*	*	*	100.0	347965	*
D	20841	2	*	*	*	*	98.0	346938	*
D	20859	2	*	*	*	*	99.0	346771	*
D	20877	2	*	*	*	*	100.0	346689	*
D	21020	2	*	*	*	*	97.9	345575	*
D	21062	2	*	*	*	*	100.0	345246	*
D	21074	2	*	*	*	*	98.0	345172	*
D	21092	2	*	*	*	*	99.0	345037	*
D	21162	2	*	*	*	*	97.0	344553	*
D	21226	2	*	*	*	*	98.0	344133	*
D	21228	2	*	*	*	*	98.0	344118	*
D	21230	2	*	*	*	*	100.0	344114	*
D	21391	3	*	*	*	*	99.0	342844	*
D	21487	2	*	*	*	*	100.0	342110	*
D	21651	2	*	*	*	*	97.0	340853	*
D	21687	2	*	*	*	*	98.0	340642	*
D	21699	2	*	*	*	*	99.0	340547	*
D	21769	3	*	*	*	*	99.5	340025	*
D	21912	2	*	*	*	*	98.0	338994	*
D	21942	2	*	*	*	*	98.0	338796	*
D	22031	5	*	*	*	*	99.3	338177	*
D	22392	2	*	*	*	*	100.0	335670	*
D	22554	2	*	*	*	*	99.0	334427	*
D	22568	2	*	*	*	*	98.0	334336	*
D	22618	2	*	*	*	*	98.0	333949	*
D	22625	2	*	*	*	*	100.0	333896	*
D	22629	2	*	*	*	*	100.0	333859	*
D	22784	3	*	*	*	*	99.5	332732	*
D	22847	2	*	*	*	*	99.0	332317	*
D	22952	2	*	*	*	*	99.0	331562	*
D	22971	2	*	*	*	*	98.9	331453	*
D	23132	2	*	*	*	*	100.0	330294	*
D	23188	2	*	*	*	*	98.0	329817	*
D	23307	2	*	*	*	*	98.0	328955	*
D	23379	2	*	*	*	*	97.8	328466	*
D	23380	2	*	*	*	*	100.0	328458	*
D	23401	2	*	*	*	*	100.0	328283	*
D	23465	2	*	*	*	*	100.0	327851	*
D	23641	2	*	*	*	*	100.0	326626	*
D	23805	3	*	*	*	*	98.5	325552	*
D	24088	2	*	*	*	*	100.0	323325	*
D	24216	2	*	*	*	*	98.9	322367	*
D	24268	2	*	*	*	*	97.0	321983	*
D	24270	2	*	*	*	*	98.0	321972	*
D	24282	2	*	*	*	*	100.0	321902	*
D	24490	2	*	*	*	*	100.0	320430	*
D	24573	2	*	*	*	*	99.0	319870	*
D	24602	2	*	*	*	*	99.0	319680	*
D	24669	2	*	*	*	*	99.0	319165	*
D	24845	2	*	*	*	*	98.0	317892	*
D	24859	2	*	*	*	*	99.0	317818	*
D	24880	2	*	*	*	*	97.0	317677	*
D	24954	2	*	*	*	*	97.0	317073	*
D	25000	2	*	*	*	*	100.0	316761	*
D	25018	2	*	*	*	*	100.0	316675	*
D	25030	2	*	*	*	*	99.0	316587	*
D	25114	2	*	*	*	*	98.0	315982	*
D	25179	2	*	*	*	*	99.0	315429	*
D	25410	2	*	*	*	*	100.0	313593	*
D	25477	2	*	*	*	*	97.4	313121	*
D	25523	3	*	*	*	*	98.0	312770	*
D	25548	2	*	*	*	*	99.0	312586	*
D	25643	2	*	*	*	*	100.0	311961	*
D	25646	2	*	*	*	*	100.0	311950	*
D	25729	2	*	*	*	*	99.0	311482	*
D	25812	2	*	*	*	*	97.8	310931	*
D	26115	2	*	*	*	*	97.8	308598	*
D	26125	2	*	*	*	*	99.0	308502	*
D	26150	3	*	*	*	*	98.5	308338	*
D	26385	3	*	*	*	*	99.5	306633	*
D	26659	3	*	*	*	*	98.5	304568	*
D	26737	3	*	*	*	*	99.5	304047	*
D	26755	2	*	*	*	*	98.0	303897	*
D	26841	2	*	*	*	*	99.0	303221	*
D	26855	2	*	*	*	*	100.0	303161	*
D	26885	2	*	*	*	*	98.0	302960	*
D	26890	2	*	*	*	*	100.0	302919	*
D	27050	2	*	*	*	*	98.0	301872	*
D	27088	2	*	*	*	*	100.0	301608	*
D	27113	2	*	*	*	*	99.0	301493	*
D	27221	2	*	*	*	*	97.0	300877	*
D	27254	4	*	*	*	*	99.3	300716	*
D	27267	2	*	*	*	*	98.0	300662	*
D	27292	2	*	*	*	*	98.0	300517	*
D	27374	2	*	*	*	*	98.0	300103	*
D	27558	2	*	*	*	*	98.9	298973	*
D	27714	2	*	*	*	*	98.0	297917	*
D	27780	2	*	*	*	*	99.0	297529	*
D	27800	3	*	*	*	*	99.5	297414	*
D	27829	2	*	*	*	*	99.0	297182	*
D	28082	2	*	*	*	*	98.0	295705	*
D	28099	3	*	*	*	*	98.0	295554	*
D	28152	2	*	*	*	*	100.0	295194	*
D	28254	2	*	*	*	*	98.7	294499	*
D	28298	2	*	*	*	*	98.0	294210	*
D	28314	2	*	*	*	*	98.9	294080	*
D	28542	2	*	*	*	*	100.0	292521	*
D	28560	3	*	*	*	*	99.0	292424	*
D	28590	2	*	*	*	*	97.0	292260	*
D	28600	2	*	*	*	*	97.0	292216	*
D	28617	3	*	*	*	*	98.0	292145	*
D	28758	2	*	*	*	*	98.0	291387	*
D	28776	3	*	*	*	*	98.5	291267	*
D	28779	2	*	*	*	*	99.0	291254	*
D	28850	2	*	*	*	*	100.0	290759	*
D	28948	3	*	*	*	*	99.5	290211	*
D	28991	2	*	*	*	*	98.9	289929	*
D	29025	2	*	*	*	*	100.0	289725	*
D	29151	2	*	*	*	*	98.0	288941	*
D	29153	2	*	*	*	*	100.0	288930	*
D	29224	2	*	*	*	*	100.0	288417	*
D	29289	2	*	*	*	*	100.0	288004	*
D	29344	2	*	*	*	*	98.0	287645	*
D	29349	2	*	*	*	*	100.0	287597	*
D	29555	4	*	*	*	*	98.7	281015	*
D	30079	2	*	*	*	*	100.0	277443	*
D	30321	2	*	*	*	*	100.0	275970	*
D	30843	2	*	*	*	*	99.0	272886	*
D	30988	2	*	*	*	*	98.9	271944	*
D	31098	2	*	*	*	*	99.0	271259	*
D	31284	2	*	*	*	*	99.0	270094	*
D	31422	2	*	*	*	*	100.0	269327	*
D	31536	2	*	*	*	*	97.9	268693	*
D	31646	4	*	*	*	*	99.0	268101	*
D	31676	2	*	*	*	*	100.0	267914	*
D	31989	2	*	*	*	*	100.0	265871	*
D	32337	2	*	*	*	*	99.0	263645	*
D	32426	2	*	*	*	*	98.0	263138	*
D	32587	2	*	*	*	*	97.9	262166	*
D	32599	2	*	*	*	*	97.9	262095	*
D	32749	2	*	*	*	*	98.0	261142	*
D	32752	2	*	*	*	*	98.9	261132	*
D	33055	2	*	*	*	*	98.8	259293	*
D	33401	2	*	*	*	*	100.0	256834	*
D	33913	2	*	*	*	*	97.0	253074	*
D	34438	2	*	*	*	*	98.0	249142	*
D	35762	2	*	*	*	*	99.0	239362	*
D	35777	2	*	*	*	*	98.0	239283	*
D	35972	2	*	*	*	*	98.0	237945	*
D	36138	2	*	*	*	*	99.0	236821	*
D	36359	2	*	*	*	*	98.9	235262	*
D	36631	2	*	*	*	*	100.0	231205	*
D	36696	2	*	*	*	*	100.0	230213	*
D	36812	2	*	*	*	*	100.0	228556	*
D	37519	2	*	*	*	*	98.9	221784	*
D	38457	2	*	*	*	*	98.0	212164	*
D	38502	2	*	*	*	*	100.0	211706	*
D	38665	2	*	*	*	*	99.0	210092	*
D	38783	2	*	*	*	*	100.0	208972	*
D	39033	2	*	*	*	*	100.0	206324	*
D	39357	2	*	*	*	*	97.9	202829	*
D	39734	2	*	*	*	*	98.9	199627	*
D	39754	2	*	*	*	*	97.8	199497	*
D	39814	2	*	*	*	*	97.9	199190	*
D	39845	2	*	*	*	*	97.9	199036	*
D	39879	3	*	*	*	*	99.0	198866	*
D	39989	2	*	*	*	*	99.0	198245	*
D	40049	2	*	*	*	*	99.0	197924	*
D	40059	2	*	*	*	*	97.4	197853	*
D	40145	2	*	*	*	*	97.9	197344	*
D	40153	2	*	*	*	*	100.0	197324	*
D	40156	2	*	*	*	*	100.0	197314	*
D	40169	2	*	*	*	*	98.9	197248	*
D	40176	2	*	*	*	*	97.8	197214	*
D	40197	4	*	*	*	*	99.3	197105	*
D	40208	2	*	*	*	*	100.0	197052	*
D	40266	2	*	*	*	*	99.0	196769	*
D	40293	2	*	*	*	*	100.0	196604	*
D	40327	2	*	*	*	*	100.0	196391	*
D	40351	2	*	*	*	*	99.0	196286	*
D	40357	2	*	*	*	*	100.0	196249	*
D	40396	2	*	*	*	*	98.7	196057	*
D	40464	2	*	*	*	*	100.0	195704	*
D	40490	2	*	*	*	*	100.0	195522	*
D	40493	2	*	*	*	*	99.0	195508	*
D	40505	2	*	*	*	*	99.0	195465	*
D	40544	2	*	*	*	*	98.0	195271	*
D	40568	2	*	*	*	*	99.0	195157	*
D	40575	2	*	*	*	*	100.0	195105	*
D	40581	2	*	*	*	*	100.0	195081	*
D	40668	2	*	*	*	*	98.9	194673	*
D	40675	2	*	*	*	*	97.0	194659	*
D	40693	2	*	*	*	*	99.0	194562	*
D	40726	2	*	*	*	*	99.0	194425	*
D	40730	2	*	*	*	*	98.7	194416	*
D	40749	2	*	*	*	*	98.9	194340	*
D	40751	2	*	*	*	*	98.0	194326	*
D	40770	2	*	*	*	*	100.0	194223	*
D	40773	4	*	*	*	*	99.0	194215	*
D	40774	3	*	*	*	*	98.5	194207	*
D	40844	2	*	*	*	*	97.0	193863	*
D	40890	2	*	*	*	*	99.0	193623	*
D	40896	2	*	*	*	*	98.0	193606	*
D	40912	2	*	*	*	*	99.0	193528	*
D	40929	2	*	*	*	*	100.0	193436	*
D	40932	2	*	*	*	*	100.0	193407	*
D	40938	2	*	*	*	*	98.0	193364	*
D	41004	2	*	*	*	*	98.0	192983	*
D	41065	2	*	*	*	*	97.8	192619	*
D	41110	2	*	*	*	*	100.0	192365	*
D	41159	2	*	*	*	*	97.9	192133	*
D	41164	2	*	*	*	*	99.0	192093	*
D	41188	2	*	*	*	*	100.0	191978	*
D	41242	2	*	*	*	*	99.0	191703	*
D	41246	3	*	*	*	*	97.5	191691	*
D	41278	2	*	*	*	*	99.0	191541	*
D	41286	2	*	*	*	*	99.0	191487	*
D	41305	2	*	*	*	*	99.0	191393	*
D	41395	2	*	*	*	*	99.0	190948	*
D	41441	2	*	*	*	*	99.0	190649	*
D	41499	2	*	*	*	*	97.0	190358	*
D	41576	2	*	*	*	*	100.0	189920	*
D	41633	2	*	*	*	*	99.0	189667	*
D	41708	2	*	*	*	*	100.0	189250	*
D	41739	2	*	*	*	*	97.0	189090	*
D	41783	2	*	*	*	*	100.0	188887	*
D	41829	2	*	*	*	*	100.0	188648	*
D	41869	2	*	*	*	*	98.0	188333	*
D	41951	2	*	*	*	*	100.0	187894	*
D	41954	2	*	*	*	*	97.0	187882	*
D	41964	2	*	*	*	*	97.8	187812	*
D	41969	2	*	*	*	*	100.0	187790	*
D	42007	2	*	*	*	*	100.0	187561	*
D	42015	2	*	*	*	*	99.0	187505	*
D	42039	2	*	*	*	*	98.9	187388	*
D	42052	2	*	*	*	*	99.0	187324	*
D	42066	2	*	*	*	*	100.0	187248	*
D	42071	2	*	*	*	*	97.8	187222	*
D	42081	2	*	*	*	*	99.0	187179	*
D	42082	2	*	*	*	*	100.0	187178	*
D	42088	2	*	*	*	*	100.0	187144	*
D	42105	2	*	*	*	*	97.0	187038	*
D	42116	2	*	*	*	*	100.0	186992	*
D	42123	2	*	*	*	*	98.0	186968	*
D	42150	2	*	*	*	*	99.0	186841	*
D	42329	4	*	*	*	*	99.3	185834	*
D	42406	3	*	*	*	*	99.0	185486	*
D	42465	2	*	*	*	*	98.0	185140	*
D	42534	2	*	*	*	*	99.0	184725	*
D	42546	2	*	*	*	*	99.0	184610	*
D	42572	2	*	*	*	*	99.0	184464	*
D	42664	2	*	*	*	*	100.0	183873	*
D	42672	2	*	*	*	*	98.0	183855	*
D	42693	2	*	*	*	*	98.0	183783	*
D	42717	2	*	*	*	*	97.8	183662	*
D	42720	2	*	*	*	*	97.0	183653	*
D	42809	2	*	*	*	*	98.0	183198	*
D	42815	2	*	*	*	*	99.0	183163	*
D	42816	2	*	*	*	*	99.0	183162	*
D	42823	3	*	*	*	*	97.5	183139	*
D	42842	2	*	*	*	*	97.0	183054	*
D	42879	2	*	*	*	*	98.0	182893	*
D	42914	2	*	*	*	*	99.0	182729	*
D	42922	3	*	*	*	*	98.5	182653	*
D	42944	2	*	*	*	*	97.8	182569	*
D	42966	2	*	*	*	*	99.0	182428	*
D	42994	2	*	*	*	*	98.0	182255	*
D	43007	2	*	*	*	*	99.0	182176	*
D	43052	2	*	*	*	*	99.0	181990	*
D	43076	3	*	*	*	*	99.5	181871	*
D	43101	2	*	*	*	*	100.0	181756	*
D	43114	2	*	*	*	*	100.0	181689	*
D	43144	2	*	*	*	*	100.0	181529	*
D	43197	2	*	*	*	*	100.0	181193	*
D	43203	3	*	*	*	*	99.0	181167	*
D	43254	2	*	*	*	*	100.0	180874	*
D	43323	2	*	*	*	*	98.0	180523	*
D	43340	2	*	*	*	*	100.0	180450	*
D	43342	2	*	*	*	*	97.0	180442	*
D	43347	2	*	*	*	*	100.0	180405	*
D	43365	2	*	*	*	*	100.0	180312	*
D	43459	3	*	*	*	*	99.0	179760	*
D	43537	2	*	*	*	*	97.8	179423	*
D	43539	2	*	*	*	*	99.0	179408	*
D	43609	2	*	*	*	*	99.0	178977	*
D	43651	2	*	*	*	*	100.0	178770	*
D	43686	2	*	*	*	*	100.0	178616	*
D	43720	4	*	*	*	*	98.3	178447	*
D	43869	3	*	*	*	*	98.5	177618	*
D	44058	2	*	*	*	*	98.0	176660	*
D	44108	2	*	*	*	*	98.0	176306	*
D	44111	2	*	*	*	*	100.0	176297	*
D	44146	2	*	*	*	*	100.0	176108	*
D	44169	3	*	*	*	*	98.5	175978	*
D	44257	2	*	*	*	*	98.0	175474	*
D	44312	2	*	*	*	*	100.0	175168	*
D	44315	2	*	*	*	*	99.0	175148	*
D	44316	2	*	*	*	*	99.0	175145	*
D	44333	2	*	*	*	*	98.0	175050	*
D	44377	2	*	*	*	*	99.0	174792	*
D	44675	2	*	*	*	*	99.0	172705	*
D	44784	2	*	*	*	*	97.0	171480	*
D	44899	2	*	*	*	*	97.0	170056	*
D	45156	2	*	*	*	*	100.0	167187	*
D	45337	2	*	*	*	*	98.0	164915	*
D	45632	3	*	*	*	*	99.5	161579	*
D	45670	2	*	*	*	*	100.0	161277	*
D	45750	2	*	*	*	*	98.0	160873	*
D	45960	2	*	*	*	*	100.0	159299	*
D	46011	2	*	*	*	*	98.0	158908	*
D	46039	2	*	*	*	*	97.8	158711	*
D	46050	2	*	*	*	*	98.0	158625	*
D	46058	2	*	*	*	*	97.0	158581	*
D	46140	2	*	*	*	*	98.0	157921	*
D	46141	2	*	*	*	*	100.0	157905	*
D	46158	2	*	*	*	*	100.0	157772	*
D	47447	2	*	*	*	*	98.9	148007	*
D	47712	2	*	*	*	*	100.0	145801	*
D	48504	2	*	*	*	*	97.8	141145	*
D	48835	2	*	*	*	*	100.0	137961	*
D	49443	2	*	*	*	*	100.0	132041	*
D	49738	2	*	*	*	*	100.0	123510	*
D	50517	2	*	*	*	*	97.0	110944	*
D	50563	3	*	*	*	*	98.5	110625	*
D	51785	2	*	*	*	*	98.0	100198	*
D	51811	2	*	*	*	*	98.0	100027	*
D	52269	2	*	*	*	*	99.0	91557	*
D	53078	5	*	*	*	*	99.0	72820	*
D	54059	2	*	*	*	*	98.0	43159	*
D	54237	2	*	*	*	*	97.8	38357	*
D	55016	2	*	*	*	*	100.0	15728	*
D	55048	2	*	*	*	*	100.0	15458	*
D	55051	2	*	*	*	*	97.0	15432	*
D	55509	4	*	*	*	*	98.0	10211	*
D	55517	2	*	*	*	*	99.0	9994	*
D	55523	2	*	*	*	*	100.0	9912	*
D	55524	2	*	*	*	*	98.0	9870	*
D	55526	2	*	*	*	*	100.0	9846	*
D	55528	3	*	*	*	*	98.0	9819	*
D	55530	2	*	*	*	*	99.0	9727	*
D	56269	3	*	*	*	*	99.5	1508541	*
D	56871	2	*	*	*	*	100.0	1586645	*
D	57043	2	*	*	*	*	99.0	1607319	*
D	57045	2	*	*	*	*	100.0	1129328	*
D	58003	2	*	*	*	*	100.0	1721299	*
D	58147	2	*	*	*	*	98.0	1740283	*
D	58149	2	*	*	*	*	98.0	1740498	*
D	58208	2	*	*	*	*	99.0	1749079	*
D	58391	2	*	*	*	*	98.9	1769960	*
D	58663	2	*	*	*	*	97.8	217507	*
D	59048	2	*	*	*	*	100.0	1848900	*
D	59270	2	*	*	*	*	97.0	1134377	*
D	59598	2	*	*	*	*	98.9	1919007	*
D	60528	3	*	*	*	*	99.5	825989	*
D	60879	2	*	*	*	*	99.0	2069039	*
D	61005	2	*	*	*	*	100.0	632346	*
D	61012	2	*	*	*	*	100.0	2085032	*
D	61181	2	*	*	*	*	99.0	846127	*
D	61349	2	*	*	*	*	100.0	2123719	*
D	61395	2	*	*	*	*	99.0	2128807	*
D	61787	2	*	*	*	*	97.0	2183213	*
D	61944	2	*	*	*	*	98.0	2198356	*
D	62368	4	*	*	*	*	98.7	2250345	*
D	62424	2	*	*	*	*	99.0	2256432	*
D	62565	2	*	*	*	*	99.0	2271953	*
D	62659	2	*	*	*	*	100.0	2281837	*
D	62902	3	*	*	*	*	99.5	825808	*
D	63035	2	*	*	*	*	100.0	947308	*
D	63212	2	*	*	*	*	99.0	2354022	*
D	63290	2	*	*	*	*	98.0	1141188	*
D	63476	2	*	*	*	*	98.9	2388617	*
D	64338	2	*	*	*	*	99.0	2499530	*
D	64584	3	*	*	*	*	99.0	2529285	*
D	64687	2	*	*	*	*	100.0	2545820	*
D	64825	2	*	*	*	*	98.0	813479	*
D	65126	2	*	*	*	*	100.0	2599028	*
D	65135	2	*	*	*	*	100.0	2599837	*
D	65560	2	*	*	*	*	98.0	2653002	*
D	65764	2	*	*	*	*	98.0	2676432	*
D	65865	2	*	*	*	*	97.0	2686369	*
D	65869	2	*	*	*	*	100.0	2686590	*
D	65886	2	*	*	*	*	99.0	2688034	*
D	65887	2	*	*	*	*	97.0	2688035	*
D	65941	2	*	*	*	*	100.0	2696706	*
D	66087	2	*	*	*	*	100.0	1122622	*
D	66532	2	*	*	*	*	97.9	897946	*
D	66719	2	*	*	*	*	99.0	1134151	*
D	66937	2	*	*	*	*	100.0	652696	*
D	67269	2	*	*	*	*	98.0	2854740	*
D	67310	2	*	*	*	*	99.0	2859978	*
D	67651	2	*	*	*	*	100.0	2902741	*
D	67903	2	*	*	*	*	99.0	2932151	*
D	68174	2	*	*	*	*	99.0	1142029	*
D	68667	2	*	*	*	*	100.0	1136275	*
D	69635	2	*	*	*	*	99.0	3150722	*
D	69832	2	*	*	*	*	98.9	842594	*
D	69922	2	*	*	*	*	98.0	3185810	*
D	70323	2	*	*	*	*	97.8	3236435	*
D	70578	2	*	*	*	*	100.0	3265161	*
D	71589	2	*	*	*	*	98.0	3392840	*
D	71633	3	*	*	*	*	99.5	3398712	*
D	71888	2	*	*	*	*	99.0	1013316	*
D	71974	2	*	*	*	*	98.0	3439402	*
D	72139	2	*	*	*	*	99.0	3465233	*
D	72244	2	*	*	*	*	97.0	3475269	*
D	72937	3	*	*	*	*	99.0	3562626	*
D	73312	2	*	*	*	*	98.0	3610691	*
D	73428	2	*	*	*	*	98.0	665978	*
D	73760	2	*	*	*	*	98.0	3680006	*
D	73775	3	*	*	*	*	98.9	3682570	*
D	74356	2	*	*	*	*	97.0	3749797	*
D	74710	4	*	*	*	*	98.3	3794053	*
D	74973	2	*	*	*	*	98.0	812218	*
D	75187	3	*	*	*	*	99.5	3855886	*
D	75540	2	*	*	*	*	100.0	3903651	*
D	75608	2	*	*	*	*	98.9	1105589	*
D	75878	2	*	*	*	*	100.0	3943186	*
D	75989	2	*	*	*	*	100.0	637546	*
D	76015	2	*	*	*	*	100.0	3963289	*
D	76020	2	*	*	*	*	99.0	3964308	*
D	76200	2	*	*	*	*	100.0	3989856	*
D	76433	2	*	*	*	*	99.0	4012190	*
D	76676	2	*	*	*	*	99.0	777944	*
D	77007	2	*	*	*	*	98.0	4086959	*
D	77093	2	*	*	*	*	97.0	4094259	*
D	77227	3	*	*	*	*	99.5	1116679	*
D	77371	3	*	*	*	*	99.0	4128381	*
D	77627	2	*	*	*	*	100.0	1109297	*
D	77769	2	*	*	*	*	98.0	784256	*
D	77816	2	*	*	*	*	100.0	4189999	*
D	78112	2	*	*	*	*	100.0	4225004	*
D	78471	2	*	*	*	*	100.0	4268506	*
D	78553	2	*	*	*	*	100.0	4278525	*
D	78789	2	*	*	*	*	99.0	4295707	*
D	79048	2	*	*	*	*	98.0	4297918	*
D	79272	2	*	*	*	*	99.0	4300127	*
D	79845	2	*	*	*	*	99.0	4306121	*
D	80038	3	*	*	*	*	98.9	4307897	*
D	80163	2	*	*	*	*	97.0	4308841	*
D	80567	2	*	*	*	*	99.0	4313261	*
D	80962	2	*	*	*	*	100.0	4316924	*
D	82004	5	*	*	*	*	97.8	4328189	*
D	82090	2	*	*	*	*	100.0	4329132	*
D	82219	2	*	*	*	*	100.0	4330715	*
D	82717	2	*	*	*	*	100.0	4335815	*
D	82824	3	*	*	*	*	99.5	4336728	*
D	83476	2	*	*	*	*	99.0	4343005	*
D	83753	2	*	*	*	*	100.0	4345850	*
D	83861	2	*	*	*	*	98.0	4347159	*
D	84082	2	*	*	*	*	100.0	4349517	*
D	84210	2	*	*	*	*	100.0	4350788	*
D	84255	2	*	*	*	*	99.0	4351284	*
D	84387	2	*	*	*	*	100.0	4352768	*
D	85191	2	*	*	*	*	100.0	4361727	*
D	85373	2	*	*	*	*	99.0	4363553	*
D	85696	2	*	*	*	*	100.0	4366728	*
D	85833	2	*	*	*	*	97.0	4368575	*
D	85837	2	*	*	*	*	100.0	4368600	*
D	85922	2	*	*	*	*	97.0	4369434	*
D	86164	2	*	*	*	*	99.0	4371957	*
D	86376	2	*	*	*	*	97.0	4374302	*
D	86442	2	*	*	*	*	98.0	4375000	*
D	86533	2	*	*	*	*	100.0	4375894	*
D	86552	2	*	*	*	*	100.0	4376230	*
D	86738	2	*	*	*	*	100.0	4378081	*
D	86804	2	*	*	*	*	97.8	4378688	*
D	86869	2	*	*	*	*	99.0	4379411	*
D	86886	2	*	*	*	*	100.0	4379646	*
D	86914	2	*	*	*	*	98.9	4379957	*
D	87125	2	*	*	*	*	98.0	4381913	*
D	87443	2	*	*	*	*	97.0	4385479	*
D	87601	2	*	*	*	*	97.8	4387250	*
D	87803	2	*	*	*	*	100.0	4389289	*
D	87878	2	*	*	*	*	100.0	4390134	*
D	87913	2	*	*	*	*	100.0	4390365	*
D	87987	2	*	*	*	*	98.8	4390966	*
D	88367	2	*	*	*	*	100.0	4395096	*
D	88503	2	*	*	*	*	98.0	4396426	*
D	89149	2	*	*	*	*	98.0	4403542	*
D	89440	3	*	*	*	*	99.0	4406684	*
D	89569	2	*	*	*	*	99.0	4407939	*
D	89948	2	*	*	*	*	99.0	4412103	*
D	89954	2	*	*	*	*	100.0	4412168	*
D	89982	2	*	*	*	*	99.0	4412542	*
D	90138	2	*	*	*	*	100.0	4414044	*
D	91153	2	*	*	*	*	100.0	4424111	*
D	91353	2	*	*	*	*	97.0	4426051	*
D	91676	2	*	*	*	*	97.0	4429608	*
D	91757	2	*	*	*	*	99.0	4430581	*
D	91997	3	*	*	*	*	98.0	4432891	*
D	92246	2	*	*	*	*	98.0	4435400	*
D	92339	2	*	*	*	*	97.0	4436552	*
D	92435	2	*	*	*	*	100.0	4437368	*
D	92478	2	*	*	*	*	100.0	4437814	*
D	92494	3	*	*	*	*	99.5	4437917	*
D	92513	2	*	*	*	*	98.9	4438090	*
D	92741	2	*	*	*	*	100.0	4440497	*
D	92866	2	*	*	*	*	100.0	4441855	*
D	93330	2	*	*	*	*	98.9	4447176	*
D	93552	2	*	*	*	*	100.0	4449633	*
D	93692	2	*	*	*	*	100.0	4451152	*
D	93752	2	*	*	*	*	98.0	4451899	*
D	93773	2	*	*	*	*	100.0	4452050	*
D	93803	2	*	*	*	*	98.0	4452400	*
D	94577	4	*	*	*	*	98.0	4460263	*
D	94935	2	*	*	*	*	100.0	4464533	*
D	95297	2	*	*	*	*	99.0	4467984	*
D	95300	2	*	*	*	*	100.0	4468024	*
D	95850	2	*	*	*	*	98.0	4473883	*
D	96214	2	*	*	*	*	100.0	4477479	*
D	96557	2	*	*	*	*	98.0	4480861	*
