Taxon	blast_100.0	blast_0.0001	blast_1e-06	blast_1.0	blast_1e-10	blast_1e-30	mothur_0.0	mothur_0.1	mothur_0.2	mothur_0.3	mothur_0.4	mothur_0.5	mothur_0.6	mothur_0.7	mothur_0.8	mothur_0.9	mothur_1.0	rdp_0.0	rdp_0.1	rdp_0.2	rdp_0.3	rdp_0.4	rdp_0.5	rdp_0.6	rdp_0.7	rdp_0.8	rdp_0.9	rdp_1.0	rtax_single	rtax_paired	Expected
g__Pleomorphomonas	0	0	0	0	0	0	8.75518744856e-07	8.75518744856e-07	8.75518744856e-07	8.75518744856e-07	0	0	0	0	0	0	0	8.75518744856e-07	8.75518744856e-07	8.75518744856e-07	8.75518744856e-07	0	0	0	0	0	0	0	0	0	0	
g__Granulicatella	0.00115130714949	0.00115130714949	0.00115130714949	0.00115130714949	0.00115130714949	0.00115130714949	0.000182983417675	0.000179481342696	0.000178605823951	0.000179481342696	8.75518744856e-07	0	0	0	0	0	0	0.000182983417675	0.000182983417675	0.000179481342696	5.25311246914e-05	6.12863121399e-06	0	0	0	0	0	0	0.000573464777881	0.000964821656832	0	
g__Geobacter	0	0	0	0	0	0	0	0	0	0	0	0	0	0	0	0	0	0	0	0	0	0	0	0	0	0	0	0	0.0	0.0	0	
g__Clostridium	0.0235462011242	0.0235462011242	0.0235462011242	0.0235462011242	0.0235462011242	0.0235462011242	0.0236346285174	0.0236346285174	0.0236346285174	0.0236328774799	0.0236206202175	0.0235978567301	0.023574217724	0.0235225621181	0.0233334500692	0.023227512301	0.0229797404962	0.0236346285174	0.0236346285174	0.0236346285174	0.0236293754049	0.0236206202175	0.0235969812114	0.0234910434432	0.023454271656	0.0233623421877	0.0232292633385	0.0229202052216	0.0236162426238	0.0234787861808	0.021431633	
Other	0	0	0	0	0	0	0	0	0	1.75103748971e-06	1.75103748971e-06	3.50207497943e-06	9.63070619342e-06	9.63070619342e-06	4.37759372428e-06	0	0.000267033217181	0	0	0	0	1.75103748971e-06	3.50207497943e-06	7.87966870371e-06	7.87966870371e-06	6.12863121399e-05	0.0	2.4514524856e-05	0	0	0	
Other	0	0	0	0	0	0	0	0	0.0	0.0	0	0	0	0	0	0	0	0	0.0	0.0	0	0	0	0	0	0	0	0	0	0	0	
g__	0	0	0	0	0	0	0	0	0	0	0	0	0	0	0	0	0	0	0	0	0	0	0	0	0	0	0	0	1.75103748971e-06	1.75103748971e-06	0	
Other	0	0	0	0	0	0	0	0	0	0	0	0	0	0	0	0	0.0	0	0	0	0	0	0	0	0	0	0	0	0	0	0	
g__Burkholderia	0	0	0	0	0	0	1.75103748971e-06	1.75103748971e-06	1.75103748971e-06	0	0	0	0	0	0	0	0	1.75103748971e-06	1.75103748971e-06	1.75103748971e-06	0	0	0	0	0	0	0	0	0	0	0	
g__Edwardsiella	0	0	0	0	0	0	1.75103748971e-06	1.75103748971e-06	1.75103748971e-06	0.0	0.0	0.0	0	0	0	0	0	1.75103748971e-06	1.75103748971e-06	8.75518744856e-07	0.0	0.0	0.0	0	0	0	0	0	8.75518744856e-07	0	0	
g__	0	0	0	0	0	0	0	0	0	0	0	0	0	0	0	0	0	0	0	0	0	0	0	0	0	0	0	0	2.62655623457e-06	2.62655623457e-06	0	
g__Thalassobacillus	0	0	0	0	0	0	8.75518744856e-07	8.75518744856e-07	8.75518744856e-07	0	0	0	0	0	0	0	0	8.75518744856e-07	8.75518744856e-07	8.75518744856e-07	8.75518744856e-07	0	0	0	0	0	0	0	0	0	0	
g__Propionispora	0	0	0	0	0	0	0.0	0	0	0	0	0	0	0	0	0	0	0.0	0.0	0	0	0	0	0	0	0	0	0	0	0	0	
Other	0	0	0	0	0	0	0	0	0	0	0	0	0	0	0	0	0	0	0	0	0	0	0	0	0	0	0	0	0.0	0.0	0	
Other	0	0	0	0	0	0	0	0	0	0	0	0.0	0.0	0.0	0.0	0.0	1.75103748971e-06	0	0	0	0	0	0	0.0	0.0	0.0	0.0	4.11493810082e-05	0	0	0	
g__	0.20512703777	0.20512703777	0.20512703777	0.20512703777	0.20512703777	0.20512703777	4.2900418498e-05	4.2900418498e-05	2.27634873663e-05	2.27634873663e-05	2.18879686214e-05	0.0	0	0	0	0	0	4.2900418498e-05	4.2900418498e-05	2.27634873663e-05	2.27634873663e-05	2.27634873663e-05	0	0	0	0	0	0	2.36390061111e-05	3.15186748148e-05	0	
g__	1.48838186626e-05	1.48838186626e-05	1.48838186626e-05	1.48838186626e-05	1.48838186626e-05	1.48838186626e-05	0	0	0	0	0	0	0	0	0	0	0	0	0	0	0	0	0	0	0	0	0	0	1.48838186626e-05	1.48838186626e-05	0	
g__Carnobacterium	0	0	0	0	0	0	3.50207497943e-06	3.50207497943e-06	3.50207497943e-06	3.50207497943e-06	1.75103748971e-06	1.75103748971e-06	1.75103748971e-06	0	0	0	0	4.37759372428e-06	3.50207497943e-06	3.50207497943e-06	3.50207497943e-06	1.75103748971e-06	1.75103748971e-06	0	0	0	0	0	3.50207497943e-06	0.0	0	
Other	0	0	0	0	0	0	0	1.31327811728e-05	1.40082999177e-05	0	8.75518744856e-07	8.75518744856e-07	0	0	0	0	1.75103748971e-06	0	1.31327811728e-05	1.40082999177e-05	1.31327811728e-05	8.75518744856e-07	8.75518744856e-07	0	0	0	0	1.75103748971e-06	0	0	0	
g__	0	0	0	0	0	0	0.0	0	0	0	0	0	0	0	0	0	0	0.0	0.0	0	0	0	0	0	0	0	0	0	0	0	0	
g__	0.0	0.0	0.0	0.0	0.0	0.0	0	0	0	0	0	0	0	0	0	0	0	0	0	0	0	0	0	0	0	0	0	0	0.0	0.0	0	
g__Paenibacillus	0	0	0	0	0	0	3.50207497943e-06	3.50207497943e-06	8.75518744856e-07	0	0	0	0	0	0	0	0	3.50207497943e-06	1.75103748971e-06	8.75518744856e-07	0	0	0	0	0	0	0	0	0	0	0	
g__	0.0	0.0	0.0	0.0	0.0	0.0	0	0	0	0	0	0	0	0	0	0	0	0	0	0	0	0	0	0	0	0	0	0	0.0	0.0	0	
g__	1.75103748971e-06	1.75103748971e-06	1.75103748971e-06	1.75103748971e-06	1.75103748971e-06	1.75103748971e-06	1.75103748971e-06	1.75103748971e-06	1.75103748971e-06	1.75103748971e-06	1.75103748971e-06	1.75103748971e-06	1.75103748971e-06	1.75103748971e-06	1.75103748971e-06	1.75103748971e-06	0	1.75103748971e-06	1.75103748971e-06	1.75103748971e-06	1.75103748971e-06	1.75103748971e-06	1.75103748971e-06	1.75103748971e-06	1.75103748971e-06	1.75103748971e-06	1.75103748971e-06	1.75103748971e-06	1.75103748971e-06	1.75103748971e-06	0	
Other	0	0	0	0	0	0	0	6.12863121399e-06	1.66348561523e-05	6.21618308848e-05	0.000154091299095	0.000238141098601	0.00315712059395	0.0132150799349	8.75518744856e-07	0	0	0	6.12863121399e-06	1.05062249383e-05	7.52946120576e-05	6.56639058642e-05	0.00315099196274	0.0132597313908	0.0132010716349	0.000117319511811	0	0	0	0.0	0	
g__Tetragenococcus	0	0	0	0	0	0	4.37759372428e-06	3.50207497943e-06	2.62655623457e-06	8.75518744856e-07	0	0	0	0	0	0	0	4.37759372428e-06	4.37759372428e-06	3.50207497943e-06	1.75103748971e-06	0	0	0	0	0	0	0	0	0	0	
g__	0.0	0.0	0.0	0.0	0.0	0.0	0	0	0	0	0	0	0	0	0	0	0	0	0	0	0	0	0	0	0	0	0	0	0	0	0	
g__Octadecabacter	0.0	0.0	0.0	0.0	0.0	0.0	0	0	0	0	0	0	0	0	0	0	0	0	0	0	0	0	0	0	0	0	0	0	0.0	0	0	
g__	8.75518744856e-07	8.75518744856e-07	8.75518744856e-07	8.75518744856e-07	8.75518744856e-07	8.75518744856e-07	0	0	0	0	0	0	0	0	0	0	0	0	0	0	0	0	0	0	0	0	0	0	0	0	0	
Other	0	0	0	0	0	0	0	0	4.37759372428e-05	8.40497995062e-05	0.000132203330473	0.000148838186626	0.000316937785638	0.00160395034058	0.00166611217146	0.0274291267576	0.0271200686407	0	0	4.46514559877e-05	0.000115568474321	0.000132203330473	0.000296800854506	0.000358962685391	0.0261027158591	0.0273765956329	0.0274194960514	0.0271226951969	1.2257262428e-05	4.37759372428e-06	0	
g__Corynebacterium	0.0	0.0	0.0	0.0	0.0	0.0	0.0	0.0	0.0	0.0	0.0	0.0	0.0	0.0	0.0	0.0	0.0	0.0	0.0	0.0	0.0	0.0	0.0	0.0	0.0	0.0	0.0	0.0	0.0	0.0	0	
g__Methanobrevibacter	0.00470416221611	0.00470416221611	0.00470416221611	0.00470416221611	0.00470416221611	0.00470416221611	0.00470416221611	0.00470416221611	0.00470416221611	0.00470416221611	0.00470416221611	0.00470416221611	0.00470416221611	0.00470416221611	0.00470416221611	0.00470416221611	0.00470241117862	0.00470416221611	0.00470416221611	0.00470416221611	0.00470416221611	0.00470416221611	0.00470416221611	0.00470416221611	0.00470416221611	0.00470416221611	0.00470416221611	0.0046630128351	0.00470416221611	0.00470416221611	0.214316331	
g__Stenotrophomonas	0	0	0	0	0	0	4.37759372428e-06	4.37759372428e-06	4.37759372428e-06	4.37759372428e-06	4.37759372428e-06	4.37759372428e-06	4.37759372428e-06	4.37759372428e-06	4.37759372428e-06	4.37759372428e-06	4.37759372428e-06	4.37759372428e-06	4.37759372428e-06	4.37759372428e-06	4.37759372428e-06	4.37759372428e-06	4.37759372428e-06	4.37759372428e-06	4.37759372428e-06	4.37759372428e-06	4.37759372428e-06	4.37759372428e-06	4.37759372428e-06	4.37759372428e-06	0	
Other	0	0	0	0	0	0	0	0.0	0.0	1.75103748971e-06	1.75103748971e-06	2.62655623457e-06	2.62655623457e-06	2.62655623457e-06	2.62655623457e-06	2.01369311317e-05	0.000112941918086	0	0.0	0.0	1.75103748971e-06	1.75103748971e-06	1.75103748971e-06	2.62655623457e-06	2.62655623457e-06	2.62655623457e-06	2.01369311317e-05	4.2900418498e-05	0	0	0	
g__Rhodobacter	0.00995727468525	0.00995727468525	0.00995727468525	0.00995727468525	0.00995727468525	0.00995727468525	0.00995114605404	0.00995114605404	0.00995114605404	0.00994939501655	0.0099485194978	0.00994676846031	0.00994501742282	0.00992400497295	0.00990824563554	0.00988198007319	0.00977516678632	0.00995114605404	0.00995114605404	0.00995114605404	0.00994939501655	0.0099485194978	0.0099485194978	0.00994326638533	0.00992575601044	0.00991087219177	0.00988460662943	0.00975765641142	0.00995727468525	0.00995289709153	0.021431633	
g__Anaerobacillus	7.44190933128e-05	7.44190933128e-05	7.44190933128e-05	7.44190933128e-05	7.44190933128e-05	7.44190933128e-05	7.00414995885e-06	7.00414995885e-06	0	0	0	0	0	0	0	0	0	7.00414995885e-06	7.00414995885e-06	7.00414995885e-06	0	0	0	0	0	0	0	0	9.63070619342e-06	1.75103748971e-05	0	
g__Macrococcus	8.75518744856e-07	8.75518744856e-07	8.75518744856e-07	8.75518744856e-07	8.75518744856e-07	8.75518744856e-07	1.75103748971e-06	1.75103748971e-06	1.75103748971e-06	8.75518744856e-07	8.75518744856e-07	0	0	0	0	0	0	1.75103748971e-06	1.75103748971e-06	1.75103748971e-06	1.75103748971e-06	8.75518744856e-07	8.75518744856e-07	0	0	0	0	0	8.75518744856e-07	0	0	
g__	0.0	0.0	0.0	0.0	0.0	0.0	0	0	0	0	0	0	0	0	0	0	0	0	0	0	0	0	0	0	0	0	0	0	8.75518744856e-07	8.75518744856e-07	0	
g__	0	0	0	0	0	0	0	0	0	0	0	0	0	0	0	0	0	0.0	0.0	0	0	0	0	0	0	0	0	0	0	0	0	
g__Azorhizophilus	0	0	0	0	0	0	2.53900436008e-05	2.53900436008e-05	2.10124498766e-05	4.37759372428e-06	0	0	0	0	0	0	0	2.53900436008e-05	2.53900436008e-05	2.01369311317e-05	5.25311246914e-06	0	0	0	0	0	0	0	0	0	0	
g__Smithella	0	0	0	0	0	0	8.75518744856e-07	8.75518744856e-07	0	0	0	0	0	0	0	0	0	8.75518744856e-07	8.75518744856e-07	0	0	0	0	0	0	0	0	0	0	0	0	
g__Deinococcus	0.0597532788177	0.0597532788177	0.0597532788177	0.0597532788177	0.0597532788177	0.0597532788177	0.0597427725928	0.0597427725928	0.0597427725928	0.0597401460365	0.0597392705178	0.0597340174053	0.0597208846241	0.0596884904306	0.0596044406311	0.05936104642	0.0589092787477	0.0597427725928	0.0597427725928	0.0597427725928	0.0597401460365	0.0597340174053	0.0597305153303	0.0597208846241	0.0596779842056	0.0594661086694	0.0593522912326	0.0588935194103	0.0597541543364	0.0597462746677	0	
Other	0	0	0	0	0	0	0	3.50207497943e-06	6.82904620988e-05	0.000127825736749	0.000400987585144	0.000608485527675	0.00139732791679	0.00157418270325	0.0149687439808	0.0149057066312	0.00103661419391	0	5.25311246914e-06	2.71410810905e-05	0.000246020767305	0.000389605841461	0.000850128701255	0.00142534451663	0.00149100842249	0.0152033830044	0.0148190302754	0.039317795794	0.000358962685391	0.000849253182511	0	
g__02d06	4.37759372428e-06	4.37759372428e-06	4.37759372428e-06	4.37759372428e-06	4.37759372428e-06	4.37759372428e-06	0	0	0	0	0	0	0	0	0	0	0	0	0	0	0	0	0	0	0	0	0	0	2.62655623457e-06	4.37759372428e-06	0	
Other	0	0	0	0	0	0	0	0	0	0	0	0.0	0	1.75103748971e-06	0.0	8.75518744856e-07	2.62655623457e-06	0	0	0	1.75103748971e-06	0	0	0	8.75518744856e-07	0.0	0.0	1.75103748971e-06	0	0	0	
g__Aminobacter	0	0	0	0	0	0	0.0	0.0	0.0	0.0	0	0	0	0	0	0	0	0.0	0.0	0.0	0.0	0	0	0	0	0	0	0	0	0	0	
Other	0	0	0	0	0	0	0	0	0.0	0.0	0	0	0	0	0	0	0	0	0.0	0.0	0.0	0	0	0	0	0	0	0	0	0	0	
Other	0	0	0	0	0	0	0	0.0	9.63070619342e-06	3.15186748148e-05	0.000277539442119	0.000765203383004	0.00132641089846	0.00240417447338	0.00277276786496	0.00399674307027	0.0432532525521	0	0.0	7.00414995885e-06	3.064315607e-05	0.000246896286049	0.000906161900926	0.00132465986097	0.00240942758584	0.00300127825737	0.00408692150099	0.0223029645065	0.000503423278292	0.000101560174403	0	
g__Acinetobacter	0.00021450209249	0.00021450209249	0.00021450209249	0.00021450209249	0.00021450209249	0.00021450209249	0.20622231172	0.20622231172	0.20622231172	0.206221436201	0.206221436201	0.206219685163	0.206216183088	0.206211805495	0.206188166489	0.206174158189	0.205062249383	0.20622231172	0.20622231172	0.20622231172	0.20622231172	0.206221436201	0.206219685163	0.206216183088	0.206211805495	0.20618729097	0.206171531632	0.204954560577	0.00141133621671	0.000507800872017	0.002143163	
Other	0	0	0	0	0	0	0	0	0	0.0	0.0	0.0	0.0	2.62655623457e-06	3.50207497943e-06	1.92614123868e-05	4.11493810082e-05	0	0	0	0	0	0	0	0	0	0	0	0	0	0	
g__Deinococcus	0	0	0	0	0	0	0	0	0	0	0	0	0	0	0	0	0	0	0	0	0	0	0	0	0	0	0	0	0	0	0.000214316	
g__	0	0	0	0	0	0	0.0	0.0	0.0	0	0	0	0	0	0	0	0	0.0	0.0	0.0	0	0	0	0	0	0	0	0	0	0	0	
Other	0	0	0	0	0	0	0	0	0.0	0	8.75518744856e-07	1.75103748971e-06	2.62655623457e-06	6.12863121399e-06	1.05062249383e-05	1.48838186626e-05	1.31327811728e-05	0	0	0	8.75518744856e-07	2.62655623457e-06	1.75103748971e-06	1.75103748971e-06	8.75518744856e-06	5.25311246914e-06	3.23941935597e-05	1.2257262428e-05	0	0	0	
g__Shewanella	0	0	0	0	0	0	0.0	0.0	0	0	0	0	0	0	0	0	0	0.0	0.0	0	0	0	0	0	0	0	0	0	0	0	0	
g__Kurthia	0	0	0	0	0	0	1.75103748971e-06	8.75518744856e-07	0.0	0	0	0	0	0	0	0	0	8.75518744856e-07	8.75518744856e-07	0.0	0	0	0	0	0	0	0	0	0	0	0	
g__Candida	0	0	0	0	0	0	0	0	0	0	0	0	0	0	0	0	0	0	0	0	0	0	0	0	0	0	0	0	0	0	0.000214316	
g__	8.75518744856e-07	8.75518744856e-07	8.75518744856e-07	8.75518744856e-07	8.75518744856e-07	8.75518744856e-07	0	0	0	0	0	0	0	0	0	0	0	0	0	0	0	0	0	0	0	0	0	0	8.75518744856e-07	8.75518744856e-07	0	
g__Gracilibacter	8.75518744856e-07	8.75518744856e-07	8.75518744856e-07	8.75518744856e-07	8.75518744856e-07	8.75518744856e-07	0	0	0	0	0	0	0	0	0	0	0	0	0	0	0	0	0	0	0	0	0	0	0	0	0	
g__Coprococcus	0	0	0	0	0	0	7.00414995885e-06	7.00414995885e-06	7.00414995885e-06	7.00414995885e-06	0	0	0	0	0	0	0	7.00414995885e-06	7.00414995885e-06	7.00414995885e-06	0	7.00414995885e-06	0	0	0	0	0	0	0	0	0	
Other	0	0	0	0	0	0	0	2.62655623457e-06	1.75103748971e-05	0.000405365178868	0.000758199233046	0.000644381796214	0.000615489677634	0.000285419110823	0.000687282214712	0.0041026808384	0.00841723721305	0	0.0	2.36390061111e-05	0.000192614123868	0.000717049852037	0.000585722040309	0.000260029067222	0.000311684673169	0.000347580941708	0.000703917070864	0.00714160640179	4.37759372428e-06	2.01369311317e-05	0	
g__	0.0	0.0	0.0	0.0	0.0	0.0	0	0	0	0	0	0	0	0	0	0	0	0	0	0	0	0	0	0	0	0	0	0	0.0	0.0	0	
g__	0	0	0	0	0	0	0	0	0	0	0	0	0	0	0	0	0	0	0	0	0	0	0	0	0	0	0	0	0	8.75518744856e-07	0	
g__Rhodovulum	0	0	0	0	0	0	0.0	0.0	0.0	0.0	0.0	0	0	0	0	0	0	0.0	0.0	0.0	0.0	0.0	0	0	0	0	0	0	0.0	0	0	
g__Brenneria	0	0	0	0	0	0	0.0	0.0	0	0	0	0	0	0	0	0	0	0.0	0.0	0.0	0	0	0	0	0	0	0	0	0	0	0	
g__Brevibacillus	0	0	0	0	0	0	8.75518744856e-07	8.75518744856e-07	8.75518744856e-07	0	0	0	0	0	0	0	0	8.75518744856e-07	8.75518744856e-07	8.75518744856e-07	0	0	0	0	0	0	0	0	0	0	0	
g__Syntrophomonas	0.0	0.0	0.0	0.0	0.0	0.0	0	0	0	0	0	0	0	0	0	0	0	0	0	0	0	0	0	0	0	0	0	0	0	0	0	
Other	0	0	0	0	0	0	0	0	0	0	0	0	0	0	0	0	2.62655623457e-06	0	0	0	8.75518744856e-07	0	0	0	0	0	8.75518744856e-07	1.75103748971e-06	0	0	0	
g__Rhodococcus	8.75518744856e-07	8.75518744856e-07	8.75518744856e-07	8.75518744856e-07	8.75518744856e-07	8.75518744856e-07	8.75518744856e-07	8.75518744856e-07	8.75518744856e-07	8.75518744856e-07	8.75518744856e-07	8.75518744856e-07	8.75518744856e-07	8.75518744856e-07	8.75518744856e-07	8.75518744856e-07	0	8.75518744856e-07	8.75518744856e-07	8.75518744856e-07	8.75518744856e-07	8.75518744856e-07	8.75518744856e-07	8.75518744856e-07	8.75518744856e-07	8.75518744856e-07	8.75518744856e-07	8.75518744856e-07	8.75518744856e-07	8.75518744856e-07	0	
g__Trabulsiella	0	0	0	0	0	0	8.75518744856e-07	8.75518744856e-07	8.75518744856e-07	0	0	0	0	0	0	0	0	8.75518744856e-07	8.75518744856e-07	8.75518744856e-07	0	0	0	0	0	0	0	0	0	0	0	
g__Faecalibacterium	3.50207497943e-06	3.50207497943e-06	3.50207497943e-06	3.50207497943e-06	3.50207497943e-06	3.50207497943e-06	3.50207497943e-06	3.50207497943e-06	3.50207497943e-06	3.50207497943e-06	3.50207497943e-06	3.50207497943e-06	3.50207497943e-06	3.50207497943e-06	3.50207497943e-06	3.50207497943e-06	3.50207497943e-06	3.50207497943e-06	3.50207497943e-06	3.50207497943e-06	3.50207497943e-06	3.50207497943e-06	3.50207497943e-06	3.50207497943e-06	3.50207497943e-06	3.50207497943e-06	3.50207497943e-06	3.50207497943e-06	3.50207497943e-06	3.50207497943e-06	0	
g__Planomicrobium	2.62655623457e-06	2.62655623457e-06	2.62655623457e-06	2.62655623457e-06	2.62655623457e-06	2.62655623457e-06	0	0	0	0	0	0	0	0	0	0	0	0	0	0	0	0	0	0	0	0	0	0	1.75103748971e-06	8.75518744856e-07	0	
Other	0	0	0	0	0	0	0	0	0	0	1.75103748971e-06	8.75518744856e-07	0.0	1.75103748971e-06	8.75518744856e-07	6.12863121399e-06	0	0	0	0	0	8.75518744856e-07	2.62655623457e-06	8.75518744856e-07	6.12863121399e-06	4.37759372428e-06	1.2257262428e-05	0	0	0	0	
Other	0	0	0	0	0	0	0	0	0	8.75518744856e-07	1.57593374074e-05	1.66348561523e-05	3.50207497943e-06	7.87966870371e-06	1.40082999177e-05	2.01369311317e-05	7.52946120576e-05	0	0	0	0	3.50207497943e-06	3.50207497943e-06	1.57593374074e-05	6.12863121399e-06	2.62655623457e-05	2.62655623457e-05	8.14232432716e-05	0	0	0	
g__Oscillospira	0	0	0	0	0	0	0.0	0.0	0.0	0.0	0.0	0.0	0.0	0.0	0.0	0.0	0	0.0	0.0	0.0	0.0	0.0	0.0	0.0	0.0	0.0	0	0	0	0	0	
g__	0	0	0	0	0	0	0.0	0.0	0	0	0	0	0	0	0	0	0	0.0	0.0	0	0	0	0	0	0	0	0	0	0	0	0	
g__Pyrococcus	0	0	0	0	0	0	0.0	0.0	0.0	0	0	0	0	0	0	0	0	0.0	0.0	0.0	0	0	0	0	0	0	0	0	0	0	0	
g__Paracoccus	0	0	0	0	0	0	1.75103748971e-06	1.75103748971e-06	1.75103748971e-06	1.75103748971e-06	1.75103748971e-06	0	0	0	0	0	0	1.75103748971e-06	1.75103748971e-06	1.75103748971e-06	1.75103748971e-06	8.75518744856e-07	8.75518744856e-07	0	0	0	0	0	0	0	0	
g__	1.05062249383e-05	1.05062249383e-05	1.05062249383e-05	1.05062249383e-05	1.05062249383e-05	1.05062249383e-05	0	0	0	0	0	0	0	0	0	0	0	0	0	0	0	0	0	0	0	0	0	0	7.00414995885e-06	7.87966870371e-06	0	
g__	0.00553940709871	0.00553940709871	0.00553940709871	0.00553940709871	0.00553940709871	0.00553940709871	2.62655623457e-05	2.62655623457e-05	2.27634873663e-05	1.75103748971e-05	4.37759372428e-06	8.75518744856e-07	0	0	0	0	0	2.53900436008e-05	2.53900436008e-05	2.4514524856e-05	2.01369311317e-05	1.66348561523e-05	2.62655623457e-06	0	0	0	0	0	4.20248997531e-05	1.57593374074e-05	0	
g__	6.65394246091e-05	6.65394246091e-05	6.65394246091e-05	6.65394246091e-05	6.65394246091e-05	6.65394246091e-05	0.00122134864907	0.00122134864907	0.00121171794288	0.00119158101175	0.000961319581852	0.000508676390762	0.000206622423786	6.39128683745e-05	6.12863121399e-05	0.0	0	0.00122134864907	0.00122134864907	0.00121609553661	0.00119508308673	0.000991087219177	0.000512178465741	0.000193489642613	6.12863121399e-05	0.0	0.0	0	0.000140958517922	0.000158468892819	0	
g__Ureibacillus	0.0	0.0	0.0	0.0	0.0	0.0	8.75518744856e-06	8.75518744856e-06	8.75518744856e-06	8.75518744856e-06	7.00414995885e-06	7.00414995885e-06	0	0	0	0	0	8.75518744856e-06	8.75518744856e-06	8.75518744856e-06	7.00414995885e-06	7.00414995885e-06	0.0	0	0	0	0	0	0	0	0	
g__Enterococcus	0.00372007914689	0.00372007914689	0.00372007914689	0.00372007914689	0.00372007914689	0.00372007914689	0.00903622896566	0.00903622896566	0.00903097585319	0.00901434099704	0.00901258995955	0.00900033269712	0.00896881402231	0.00894692605369	0.00854681398729	0.00494580538969	0	0.00903622896566	0.00903622896566	0.00903097585319	0.00901434099704	0.00901434099704	0.00900471029085	0.00899245302842	0.00893641982875	0.008894394929	0.00842161480677	0	0.00919382233974	0.00940744891348	0.000214316	
g__Desulfosporosinus	1.75103748971e-06	1.75103748971e-06	1.75103748971e-06	1.75103748971e-06	1.75103748971e-06	1.75103748971e-06	0.0	0.0	0.0	0.0	0.0	0	0	0	0	0	0	0.0	0.0	0.0	0.0	0.0	0.0	0	0	0	0	0	4.37759372428e-06	2.62655623457e-06	0	
g__Serratia	0.0	0.0	0.0	0.0	0.0	0.0	8.75518744856e-06	8.75518744856e-06	8.75518744856e-06	8.75518744856e-06	8.75518744856e-06	8.75518744856e-06	8.75518744856e-06	8.75518744856e-06	8.75518744856e-06	8.75518744856e-06	0	8.75518744856e-06	8.75518744856e-06	8.75518744856e-06	8.75518744856e-06	8.75518744856e-06	8.75518744856e-06	8.75518744856e-06	8.75518744856e-06	8.75518744856e-06	8.75518744856e-06	0	8.75518744856e-06	9.63070619342e-06	0	
g__	0	0	0	0	0	0	2.62655623457e-06	2.62655623457e-06	0	0	0	0	0	0	0	0	0	2.62655623457e-06	8.75518744856e-07	0	0	0	0	0	0	0	0	0	0	0	0	
g__Bacillus	0.00100684655658	0.00100684655658	0.00100684655658	0.00100684655658	0.00100684655658	0.00100684655658	0.000244269729815	0.000244269729815	0.000240767654835	0.000236390061111	0.000232012467387	1.66348561523e-05	7.00414995885e-06	8.75518744856e-07	8.75518744856e-07	8.75518744856e-07	0	0.00024339421107	0.00024339421107	0.000239892136091	0.000238141098601	0.000230261429897	1.2257262428e-05	7.00414995885e-06	7.00414995885e-06	8.75518744856e-07	8.75518744856e-07	0	0.000960444063107	0.000949062319424	0.021431633	
g__Helicobacter	0.023958570453	0.023958570453	0.023958570453	0.023958570453	0.023958570453	0.023958570453	0.0239576949342	0.0239576949342	0.0239576949342	0.0239568194155	0.0239576949342	0.0239568194155	0.0239568194155	0.0239506907843	0.0239463131906	0.0239121679595	0.0238114833039	0.0239576949342	0.0239576949342	0.0239576949342	0.0239576949342	0.0239568194155	0.0239568194155	0.0239568194155	0.0239524418218	0.0239226741845	0.0239051638096	0.0238141098601	0.0239725787529	0.0239743297904	0.002143163	
Other	0	0	0	0	0	0	0	0	0	0	0	0	0	0	3.50207497943e-06	0	1.13817436831e-05	0	0	0	0	0	0	0	0	0	0	4.37759372428e-06	0	0	0	
g__	0.0	0.0	0.0	0.0	0.0	0.0	0	0	0	0	0	0	0	0	0	0	0	0	0	0	0	0	0	0	0	0	0	0	0.0	0	0	
Other	0	0	0	0	0	0	0	8.75518744856e-07	0	8.75518744856e-07	0	0	0	0	0	0	0	0	8.75518744856e-07	0.0	0	0	0	0	0	0	0	0	0	0	0	
g__	0.0	0.0	0.0	0.0	0.0	0.0	0	0	0	0	0	0	0	0	0	0	0	0	0	0	0	0	0	0	0	0	0	0	0	0	0	
Other	0	0	0	0	0	0	0	0.0	0.0	0.0	0	0	0	0	0	0	0	0	0.0	0.0	0.0	0	0	0	0	0	0	0	0	0	0	
g__	0	0	0	0	0	0	8.75518744856e-07	8.75518744856e-07	8.75518744856e-07	0	0	0	0	0	0	0	0	8.75518744856e-07	8.75518744856e-07	0	0	0	0	0	0	0	0	0	0	0	0	
Other	0	0	0	0	0	0	0	0	0	0	0	0	8.75518744856e-07	8.75518744856e-07	0	8.75518744856e-07	2.01369311317e-05	0	0	0	0	0	0.0	1.75103748971e-06	8.75518744856e-07	3.50207497943e-06	0.0	1.92614123868e-05	0	0	0	
g__Staphylococcus	0.464163266736	0.464163266736	0.464163266736	0.464163266736	0.464163266736	0.464163266736	0.46900138332	0.469000507801	0.46899437917	0.468975117757	0.468869179989	0.468464690329	0.468285208986	0.467604055403	0.4670340927	0.466667250346	0.448733124376	0.46900138332	0.468997881245	0.468993503651	0.468970740164	0.468886690364	0.468486578298	0.468227424749	0.467978777426	0.466886130032	0.466661121715	0.440226584251	0.464390901609	0.463482113152	0.095187328	
g__	1.75103748971e-06	1.75103748971e-06	1.75103748971e-06	1.75103748971e-06	1.75103748971e-06	1.75103748971e-06	1.57593374074e-05	1.57593374074e-05	1.57593374074e-05	1.05062249383e-05	0	0	0	0	0	0	0	1.57593374074e-05	1.57593374074e-05	1.48838186626e-05	1.48838186626e-05	0	0	0	0	0	0	0	0	0.0	0	
g__	0.0	0.0	0.0	0.0	0.0	0.0	0	0	0	0	0	0	0	0	0	0	0	0	0	0	0	0	0	0	0	0	0	0	0	0	0	
g__	0	0	0	0	0	0	0	0	0	0	0	0	0	0	0	0	0	0	0	0	0	0	0	0	0	0	0	0	0	0.0	0	
g__Chromatium	0	0	0	0	0	0	6.12863121399e-06	6.12863121399e-06	3.50207497943e-06	0	0	0	0	0	0	0	0	7.00414995885e-06	7.00414995885e-06	2.62655623457e-06	0	0	0	0	0	0	0	0	0	0	0	
g__Microbulbifer	0	0	0	0	0	0	0.0	0	0	0	0	0	0	0	0	0	0	0.0	0	0	0	0	0	0	0	0	0	0	0	0	0	
g__	0.0	0.0	0.0	0.0	0.0	0.0	0.0	0.0	0.0	0	0	0	0	0	0	0	0	0.0	0.0	0	0	0	0	0	0	0	0	0	0.0	0	0	
Other	0	0	0	0	0	0	0	8.75518744856e-07	1.75103748971e-06	4.37759372428e-06	5.25311246914e-06	7.87966870371e-06	1.05062249383e-05	1.92614123868e-05	2.80165998354e-05	2.88921185803e-05	7.87966870371e-06	0	8.75518744856e-07	2.62655623457e-06	4.37759372428e-06	5.25311246914e-06	6.12863121399e-06	1.13817436831e-05	1.8385893642e-05	2.71410810905e-05	3.58962685391e-05	2.53900436008e-05	0.0	0.0	0	
g__Flexispira	0	0	0	0	0	0	2.01369311317e-05	2.01369311317e-05	1.92614123868e-05	1.92614123868e-05	3.50207497943e-06	3.50207497943e-06	3.50207497943e-06	3.50207497943e-06	0	0	0	2.01369311317e-05	2.01369311317e-05	1.92614123868e-05	1.92614123868e-05	1.66348561523e-05	1.66348561523e-05	3.50207497943e-06	2.62655623457e-06	2.62655623457e-06	0	0	0	0	0	
Other	0	0	0	0	0	0	0	0	0	0	0	0	0	0	2.62655623457e-06	1.75103748971e-06	1.75103748971e-06	0	0	0	0	8.75518744856e-07	8.75518744856e-07	8.75518744856e-07	1.75103748971e-06	2.62655623457e-06	1.75103748971e-06	1.75103748971e-06	0	0	0	
Other	0	0	0	0	0	0	0	0	0	1.75103748971e-06	2.62655623457e-06	1.66348561523e-05	5.34066434362e-05	9.80580994239e-05	0.000234639023621	0.000302053966975	0.013567913989	0	0.0	0.0	4.37759372428e-06	1.75103748971e-06	2.4514524856e-05	5.16556059465e-05	9.54315431893e-05	0.000233763504877	0.000300302929486	0.000576091334115	1.75103748971e-06	3.50207497943e-06	0	
Other	0	0	0	0	0	0	0	0.0	0	0	0	0	0	0	0	0	0	0	0	0	0	0	0	0	0	0	0	0	0	0	0	
Other	0	0	0	0	0	0	0	0	0	0	0	0.0	0	0	0	0	0	0	0	0	0	8.75518744856e-07	8.75518744856e-07	0	0	0	0	0	0	0	0	
g__Marinilactibacillus	0	0	0	0	0	0	0.0	0.0	0	0	0	0	0	0	0	0	0	0.0	0	0	0	0	0	0	0	0	0	0	0	0	0	
g__Nautella	0	0	0	0	0	0	2.62655623457e-06	2.62655623457e-06	1.75103748971e-06	8.75518744856e-07	0.0	0	0	0	0	0	0	2.62655623457e-06	2.62655623457e-06	8.75518744856e-07	8.75518744856e-07	8.75518744856e-07	0	0	0	0	0	0	0	0	0	
g__Caloramator	7.00414995885e-06	7.00414995885e-06	7.00414995885e-06	7.00414995885e-06	7.00414995885e-06	7.00414995885e-06	8.75518744856e-07	8.75518744856e-07	8.75518744856e-07	8.75518744856e-07	0	0	0	0	0	0	0	8.75518744856e-07	8.75518744856e-07	8.75518744856e-07	8.75518744856e-07	0	0	0	0	0	0	0	8.75518744856e-06	7.87966870371e-06	0	
g__	0	0	0	0	0	0	0	0	0	0	0	0	0	0	0	0	0	0	0	0	0	0	0	0	0	0	0	0	0	0.0	0	
g__	8.75518744856e-07	8.75518744856e-07	8.75518744856e-07	8.75518744856e-07	8.75518744856e-07	8.75518744856e-07	0	0	0	0	0	0	0	0	0	0	0	0	0	0	0	0	0	0	0	0	0	0	0	0.0	0	
Other	0	0	0	0	0	0	0	0	0	0	0	0	0	0	0	0	0	0	0	0.0	0	0	0	0	0	0	0	0	0	0	0	
g__	0	0	0	0	0	0	1.75103748971e-06	8.75518744856e-07	0	0	0	0	0	0	0	0	0	1.75103748971e-06	0.0	0	0	0	0	0	0	0	0	0	0	0	0	
g__	4.37759372428e-06	4.37759372428e-06	4.37759372428e-06	4.37759372428e-06	4.37759372428e-06	4.37759372428e-06	0	0	0	0	0	0	0	0	0	0	0	0	0	0	0	0	0	0	0	0	0	0	0	0	0	
Other	0	0	0	0	0	0	0	0	0	0	0	0.0	0.0	8.75518744856e-07	8.75518744856e-07	8.75518744856e-07	0	0	0	0	0	0.0	0.0	0.0	0	1.75103748971e-06	0.0	2.62655623457e-06	0	0	0	
g__Trichococcus	0	0	0	0	0	0	0	0	0	0	0	0	0	0	0	0	0	0	0	0	0	0	0	0	0	0	0	0	0	3.50207497943e-06	0	
g__	0.00015321578035	0.00015321578035	0.00015321578035	0.00015321578035	0.00015321578035	0.00015321578035	0.000851879738745	0.000849253182511	0.000838746957572	0.000384352728992	3.32697123045e-05	3.064315607e-05	2.53900436008e-05	1.75103748971e-05	0	0	0	0.000851879738745	0.000851879738745	0.000832618326358	0.000677651508519	0.000142709555412	3.50207497943e-05	2.62655623457e-05	1.75103748971e-05	1.75103748971e-05	0	0	0.000121697105535	2.4514524856e-05	0	
g__Alcanivorax	4.37759372428e-06	4.37759372428e-06	4.37759372428e-06	4.37759372428e-06	4.37759372428e-06	4.37759372428e-06	1.75103748971e-06	8.75518744856e-07	0.0	0	0	0	0	0	0	0	0	1.75103748971e-06	8.75518744856e-07	8.75518744856e-07	0	0	0	0	0	0	0	0	1.75103748971e-06	8.75518744856e-07	0	
Other	0	0	0	0	0	0	0	0	8.75518744856e-07	8.75518744856e-07	0	0	0	0	8.75518744856e-07	0	4.37759372428e-06	0	0	8.75518744856e-07	0	0	0	0	0	0	0	3.50207497943e-06	0	0	0	
Other	0	0	0	0	0	0	0	8.75518744856e-07	1.75103748971e-06	8.75518744856e-07	0	0	0	0	0	0	0	0	8.75518744856e-07	0.0	1.75103748971e-06	0	0	0	0	0	0	0	0	0	0	
Other	0	0	0	0	0	0	0	0	0	0	0	0	0	0	0	0	0	0	0	0	0	0	0	0	0	0	0.0	0	0	0	0	
g__	0.00519795478821	0.00519795478821	0.00519795478821	0.00519795478821	0.00519795478821	0.00519795478821	0.0136064368138	0.0136046857763	0.013571416064	0.0134917438582	0.0133385280779	0.0131511670665	0.0100684655658	0	0	0	0	0.0136064368138	0.0136064368138	0.0135906774764	0.0134847397083	0.0134759845208	0.0101857850777	7.00414995885e-05	1.75103748971e-06	0	0	0	0.00488802115253	0.00517256474461	0	
g__	0	0	0	0	0	0	4.37759372428e-06	4.37759372428e-06	2.62655623457e-06	2.62655623457e-06	8.75518744856e-07	0	0	0	0	0	0	4.37759372428e-06	4.37759372428e-06	3.50207497943e-06	8.75518744856e-07	8.75518744856e-07	0	0	0	0	0	0	0	0	0	
g__Lysinibacillus	0	0	0	0	0	0	0.0	0.0	0	0	0	0	0	0	0	0	0	0.0	0.0	0.0	0	0	0	0	0	0	0	0	0	0	0	
Other	0	0	0	0	0	0	0	0	4.37759372428e-06	2.36390061111e-05	3.064315607e-05	5.60331996708e-05	9.54315431893e-05	0.000157593374074	0.000340576791749	0.000769580976729	0.00438897546796	0	2.62655623457e-06	4.37759372428e-06	6.12863121399e-06	3.58962685391e-05	5.69087184157e-05	8.84273932305e-05	0.000176854786461	0.000464024934774	0.000797597576564	0.00409655220718	2.62655623457e-06	2.62655623457e-06	0	
g__Providencia	0	0	0	0	0	0	0.0	0.0	0	0	0	0	0	0	0	0	0	0.0	0.0	0	0	0	0	0	0	0	0	0	0	0	0	
g__Coriobacterium	0	0	0	0	0	0	1.40082999177e-05	8.75518744856e-07	0	0	0	0	0	0	0	0	0	1.40082999177e-05	8.75518744856e-07	0	0	0	0	0	0	0	0	0	0	0	0	
g__Salinibacterium	0	0	0	0	0	0	1.75103748971e-06	1.75103748971e-06	1.75103748971e-06	0	0	0	0	0	0	0	0	1.75103748971e-06	1.75103748971e-06	8.75518744856e-07	0	0	0	0	0	0	0	0	0	0	0	
Other	0	0	0	0	0	0	0	0	2.62655623457e-06	7.00414995885e-06	1.8385893642e-05	3.23941935597e-05	3.93983435185e-05	6.82904620988e-05	0.000113817436831	0.000147087149136	0.000112941918086	0	0	2.62655623457e-06	1.13817436831e-05	1.92614123868e-05	3.41452310494e-05	0.000123448143025	0.000136580924198	0.000107688805617	0.000140082999177	0.000162846486543	1.13817436831e-05	3.50207497943e-06	0	
g__Enterobacter	0.0	0.0	0.0	0.0	0.0	0.0	3.50207497943e-06	3.50207497943e-06	2.62655623457e-06	2.62655623457e-06	8.75518744856e-07	0.0	0	0	0	0	0	3.50207497943e-06	3.50207497943e-06	2.62655623457e-06	8.75518744856e-07	8.75518744856e-07	8.75518744856e-07	0	0	0	0	0	0	0.0	0	
g__	0	0	0	0	0	0	0	0	0	0	0	0	0	0	0	0	0	0	0	0	0	0	0	0	0	0	0	0	0	8.75518744856e-07	0	
Other	0	0	0	0	0	0	0	0	0	0	0	0	0	0	0	0	0	0	0	0	0.0	0	0	0	0	0	0	0	0	0	0	
g__Umboniibacter	0	0	0	0	0	0	1.2257262428e-05	1.05062249383e-05	3.50207497943e-06	8.75518744856e-07	0.0	0.0	0	0	0	0	0	1.2257262428e-05	1.05062249383e-05	8.75518744856e-06	8.75518744856e-07	0.0	0	0	0	0	0	0	0	0	0	
g__Streptococcus	0.0499544730253	0.0499544730253	0.0499544730253	0.0499544730253	0.0499544730253	0.0499544730253	0.0503160622669	0.0503160622669	0.0503160622669	0.0503160622669	0.0503116846732	0.0503108091544	0.050133954368	0.0501094398431	0.0499290829817	0.0498669211508	0.0358936419829	0.0503160622669	0.0503160622669	0.0503160622669	0.0503160622669	0.0503116846732	0.0503099336357	0.0502994274107	0.0501059377681	0.0500315186748	0.0498494107759	0.0491017177678	0.0499527219878	0.0500227634874	0.142780992	
g__Neisseria	0.0183079724737	0.0183079724737	0.0183079724737	0.0183079724737	0.0183079724737	0.0183079724737	0.0182974662488	0.0182974662488	0.0182974662488	0.0182974662488	0.01829659073	0.0182904620988	0.0182318023429	0.0182160430055	0.0182002836681	0.0181293666497	0.017915740076	0.0182974662488	0.0182974662488	0.0182974662488	0.0182974662488	0.018293088655	0.0182887110613	0.0182729517239	0.018210789893	0.0181906529619	0.0181600098058	0.017915740076	0.0183079724737	0.0183062214362	0.002143163	
Other	0	0	0	0	0	0	0	0	0	0.0	0.0	0	0	0	0	0	0	0	0	0	0.0	0.0	0	0	0	0	0	0	0	0	0	
Other	0	0	0	0	0	0	0	0	0	0.0	8.75518744856e-07	8.75518744856e-07	0	0	0	0	1.66348561523e-05	0	0	0	0	0	8.75518744856e-07	0	0	0	0	1.92614123868e-05	0	0	0	
g__Bacteroides	0.0371447582693	0.0371447582693	0.0371447582693	0.0371447582693	0.0371447582693	0.0371447582693	0.0371447582693	0.0371447582693	0.0371447582693	0.0371447582693	0.0371447582693	0.0371447582693	0.0371395051568	0.0371333765256	0.0371027333695	0.0370948537008	0.0369565217391	0.0371447582693	0.0371447582693	0.0371447582693	0.0371447582693	0.0371447582693	0.0371447582693	0.0371430072318	0.0371211192632	0.037107986482	0.0370966047383	0.0369644014078	0.0371552644942	0.0371465093068	0.000214316	
g__	0.0	0.0	0.0	0.0	0.0	0.0	0	0	0	0	0	0	0	0	0	0	0	0	0	0	0	0	0	0	0	0	0	0	0	0	0	
Other	0	0	0	0	0	0	0	0	0	8.75518744856e-07	5.25311246914e-06	1.48838186626e-05	7.35435745679e-05	8.93029119753e-05	0.000103311211893	0.000112941918086	0.000135705405453	0	0	0	1.75103748971e-06	8.75518744856e-06	1.57593374074e-05	3.23941935597e-05	9.45560244445e-05	0.000112941918086	7.61701308025e-05	0.000209248980021	0	0	0	
g__	1.13817436831e-05	1.13817436831e-05	1.13817436831e-05	1.13817436831e-05	1.13817436831e-05	1.13817436831e-05	0	0	0	0	0	0	0	0	0	0	0	0	0	0	0	0	0	0	0	0	0	0	9.63070619342e-06	1.31327811728e-05	0	
g__Solibacillus	0	0	0	0	0	0	0	0	0	0	0	0	0	0	0	0	0	0	0	0	0	0	0	0	0	0	0	0	0	8.75518744856e-07	0	
g__	0	0	0	0	0	0	0	0	0	0	0	0	0	0	0	0	0	0	0	0	0	0	0	0	0	0	0	0	1.75103748971e-06	0.0	0	
g__Bradyrhizobium	0	0	0	0	0	0	0.0	0.0	0.0	0.0	0.0	0.0	0.0	0.0	0.0	0.0	0.0	0.0	0.0	0.0	0.0	0.0	0.0	0.0	0.0	0.0	0.0	0.0	0	0	0	
g__Candidatus Korarchaeum	0	0	0	0	0	0	0	0	0	0	0	0	0	0	0	0	0	8.75518744856e-07	8.75518744856e-07	0	0	0	0	0	0	0	0	0	0	0	0	
g__Erwinia	0.0	0.0	0.0	0.0	0.0	0.0	1.2257262428e-05	1.13817436831e-05	7.87966870371e-06	4.37759372428e-06	4.37759372428e-06	8.75518744856e-07	0	0	0	0	0	1.2257262428e-05	1.13817436831e-05	8.75518744856e-06	6.12863121399e-06	2.62655623457e-06	8.75518744856e-07	0.0	0	0	0	0	0	0.0	0	
g__Salmonella	0	0	0	0	0	0	2.62655623457e-06	8.75518744856e-07	8.75518744856e-07	0	0	0	0	0	0	0	0	2.62655623457e-06	8.75518744856e-07	8.75518744856e-07	0.0	8.75518744856e-07	0	0	0	0	0	0	0	0	0	
g__	0	0	0	0	0	0	8.75518744856e-07	8.75518744856e-07	0	0	0	0	0	0	0	0	0	8.75518744856e-07	8.75518744856e-07	0	0	0	0	0	0	0	0	0	0	0	0	
Other	0	0	0	0	0	0	0	0	0	0	0	0	0	0	0	0.0	0.0	0	0	0	0	0	0	0	0	0	0.0	0.0	0	0	0	
g__Proteus	0.0	0.0	0.0	0.0	0.0	0.0	0	0	0	0	0	0	0	0	0	0	0	0	0	0	0	0	0	0	0	0	0	0	0.0	1.75103748971e-06	0	
Other	0	0	0	0	0	0	0	0	0.0	0	0	0	0	0	0	0	0	0	0	0	0	0	0	0	0	0	0	0	0	0	0	
g__Chelativorans	0	0	0	0	0	0	0.0	0.0	0.0	0.0	0	0	0	0	0	0	0	0.0	0.0	0.0	0.0	0	0	0	0	0	0	0	0	0	0	
Other	0	0	0	0	0	0	0	0	0	0	0	0	0	0	0	0	0.0	0	0	0	0	0	0	0	0	0	0	0.0	0	0	0	
g__Jeotgalicoccus	0	0	0	0	0	0	1.75103748971e-06	1.75103748971e-06	1.75103748971e-06	1.75103748971e-06	0	0	0	0	0	0	0	1.75103748971e-06	1.75103748971e-06	1.75103748971e-06	1.75103748971e-06	0	0	0	0	0	0	0	0	0	0	
Other	0	0	0	0	0	0	0	0	0	0	0	0	0	8.75518744856e-07	8.75518744856e-06	2.27634873663e-05	2.4514524856e-05	0	0	0	0	0	0	0	1.75103748971e-06	9.63070619342e-06	2.18879686214e-05	3.6771787284e-05	0	0	0	
Other	0	0	0	0	0	0	0	0.0	1.8385893642e-05	5.42821621811e-05	4.72780122222e-05	0.000471029084733	0.000242518692325	0.000242518692325	1.66348561523e-05	0	0	0	0	1.92614123868e-05	5.60331996708e-05	4.64024934774e-05	0.000262655623457	0.00024339421107	2.27634873663e-05	1.40082999177e-05	0	0	1.66348561523e-05	6.12863121399e-06	0	
g__B46	0.0	0.0	0.0	0.0	0.0	0.0	0	0	0	0	0	0	0	0	0	0	0	0	0	0	0	0	0	0	0	0	0	0	0.0	0	0	
Other	0	0	0	0	0	0	0	0	0.0	8.75518744856e-07	0.0	0	0	0	0	0	0	0	0	8.75518744856e-07	0.0	0	0	0	0	0	0	0	0	0	0	
g__Vagococcus	9.63070619342e-06	9.63070619342e-06	9.63070619342e-06	9.63070619342e-06	9.63070619342e-06	9.63070619342e-06	1.05062249383e-05	1.05062249383e-05	9.63070619342e-06	7.00414995885e-06	1.75103748971e-06	1.75103748971e-06	1.75103748971e-06	1.75103748971e-06	0	0	0	1.05062249383e-05	1.05062249383e-05	1.05062249383e-05	7.00414995885e-06	1.75103748971e-06	1.75103748971e-06	1.75103748971e-06	0	0	0	0	5.25311246914e-06	3.50207497943e-06	0	
g__	0	0	0	0	0	0	0	0	0	0	0	0	0	0	0	0	0	0	0	0	0	0	0	0	0	0	0	0	0	0.0	0	
g__Actinomyces	0.0112372830902	0.0112372830902	0.0112372830902	0.0112372830902	0.0112372830902	0.0112372830902	0.0112399096465	0.0112399096465	0.0112399096465	0.0112399096465	0.0112390341277	0.0112390341277	0.0112329054965	0.0112320299778	0.0112241503091	0.0111917561155	0.0109833826542	0.0112399096465	0.0112399096465	0.0112399096465	0.0112399096465	0.0112390341277	0.0112390341277	0.0112364075715	0.011231154459	0.0112232747903	0.0111961337092	0.0110499220788	0.0112372830902	0.0112364075715	0.000214316	
g__	4.37759372428e-06	4.37759372428e-06	4.37759372428e-06	4.37759372428e-06	4.37759372428e-06	4.37759372428e-06	0	0	0	0	0	0	0	0	0	0	0	0	0	0	0	0	0	0	0	0	0	0	1.75103748971e-06	2.62655623457e-06	0	
Other	0	0	0	0	0	0	0	0	0	0	0	0	0	0	0	0	0.0	0	0	0	0	0	0	0	0	0	0.0	0.0	0.0	0.0	0	
g__	8.75518744856e-07	8.75518744856e-07	8.75518744856e-07	8.75518744856e-07	8.75518744856e-07	8.75518744856e-07	3.50207497943e-06	2.62655623457e-06	1.75103748971e-06	0	0	0	0	0	0	0	0	3.50207497943e-06	2.62655623457e-06	1.75103748971e-06	0	0	0	0	0	0	0	0	8.75518744856e-07	1.75103748971e-06	0	
g__Viridibacillus	0	0	0	0	0	0	2.97676373251e-05	2.97676373251e-05	2.18879686214e-05	1.2257262428e-05	0.0	2.62655623457e-06	0	0	0	0	0	2.97676373251e-05	2.88921185803e-05	2.71410810905e-05	1.40082999177e-05	2.62655623457e-06	0	0	0	0	0	0	0	0	0	
Other	0	0	0	0	0	0	0	0	0	0	0	0	0	0	0	0	1.31327811728e-05	0	0	0	0	0	0	0	0	0	0	1.05062249383e-05	0	0	0	
g__	0	0	0	0	0	0	0.0	0.0	0	0	0	0	0	0	0	0	0	0.0	0.0	0	0	0	0	0	0	0	0	0	0	0	0	
g__Eikenella	0	0	0	0	0	0	8.75518744856e-07	8.75518744856e-07	8.75518744856e-07	0	0	0	0	0	0	0	0	8.75518744856e-07	8.75518744856e-07	8.75518744856e-07	8.75518744856e-07	0	0	0	0	0	0	0	0	0	0	
g__Oxobacter	0.0	0.0	0.0	0.0	0.0	0.0	0	0	0	0	0	0	0	0	0	0	0	0	0	0	0	0	0	0	0	0	0	0	0.0	0	0	
g__Vulcanisaeta	0	0	0	0	0	0	0.0	0.0	0	0	0	0	0	0	0	0	0	0.0	0.0	0	0	0	0	0	0	0	0	0	0	0	0	
Other	0	0	0	0	0	0	0	0.0	0	0	0.0	0	0	0	0	0	0	0	0	1.75103748971e-06	0.0	0.0	0.0	0	0	0	0	0	0	0	0	
g__	0	0	0	0	0	0	0.0	0.0	0	0	0	0	0	0	0	0	0	0.0	0.0	0	0	0	0	0	0	0	0	0	0	0	0	
g__Thiothrix	0	0	0	0	0	0	0.0	0.0	0.0	0	0	0	0	0	0	0	0	0.0	0.0	0.0	0	0	0	0	0	0	0	0	0	0	0	
g__	0	0	0	0	0	0	0.0	0.0	0.0	0.0	0	0	0	0	0	0	0	0.0	0.0	0.0	0	0	0	0	0	0	0	0	0	0	0	
g__	0.000130452292984	0.000130452292984	0.000130452292984	0.000130452292984	0.000130452292984	0.000130452292984	1.31327811728e-05	1.31327811728e-05	1.05062249383e-05	7.00414995885e-06	3.50207497943e-06	0	8.75518744856e-07	0	0	0	0	1.31327811728e-05	1.31327811728e-05	1.05062249383e-05	6.12863121399e-06	2.62655623457e-06	0	0	0	0	0	0	4.2900418498e-05	5.25311246914e-05	0	
Other	0	0	0	0	0	0	0	0	0.0	0	0	8.75518744856e-07	8.75518744856e-07	1.75103748971e-06	8.75518744856e-07	5.25311246914e-06	3.50207497943e-06	0	0	0.0	0.0	0.0	0.0	0.0	8.75518744856e-07	2.62655623457e-06	2.62655623457e-06	4.37759372428e-06	0	0	0	
g__	0.00706543627099	0.00706543627099	0.00706543627099	0.00706543627099	0.00706543627099	0.00706543627099	0.007020784815	0.007020784815	0.007020784815	0.00701378066504	0.00693498397801	0.00687282214712	0.00680278064753	0.00233588401128	0.00349244427323	6.47883871194e-05	0	0.007020784815	0.007020784815	0.007020784815	0.00695599642788	0.00693848605299	0.00691659808436	0.00680365616628	0.00677826612268	0.00309933635679	2.62655623457e-06	0	0.00705493004605	0.00705493004605	0	
g__Loktanella	0	0	0	0	0	0	8.75518744856e-07	8.75518744856e-07	8.75518744856e-07	8.75518744856e-07	8.75518744856e-07	8.75518744856e-07	0	0	0	0	0	8.75518744856e-07	8.75518744856e-07	8.75518744856e-07	8.75518744856e-07	8.75518744856e-07	8.75518744856e-07	0	0	0	0	0	0	0	0	
g__	4.37759372428e-06	4.37759372428e-06	4.37759372428e-06	4.37759372428e-06	4.37759372428e-06	3.50207497943e-06	0	0	0	0	0	0	0	0	0	0	0	0	0	0	0	0	0	0	0	0	0	0	0	0.0	0	
g__Pelobacter	0	0	0	0	0	0	0.0	0.0	0	0	0	0	0	0	0	0	0	0.0	0.0	0.0	0	0	0	0	0	0	0	0	0	0	0	
g__Azomonas	0	0	0	0	0	0	0.0	0.0	0.0	0.0	0	0	0	0	0	0	0	0.0	0.0	0.0	0	0	0	0	0	0	0	0	0	0	0	
g__Devosia	6.12863121399e-06	6.12863121399e-06	6.12863121399e-06	6.12863121399e-06	6.12863121399e-06	6.12863121399e-06	6.12863121399e-06	6.12863121399e-06	6.12863121399e-06	6.12863121399e-06	6.12863121399e-06	6.12863121399e-06	6.12863121399e-06	6.12863121399e-06	6.12863121399e-06	6.12863121399e-06	6.12863121399e-06	6.12863121399e-06	6.12863121399e-06	6.12863121399e-06	6.12863121399e-06	6.12863121399e-06	6.12863121399e-06	6.12863121399e-06	6.12863121399e-06	6.12863121399e-06	6.12863121399e-06	6.12863121399e-06	6.12863121399e-06	6.12863121399e-06	0	
Other	0	0	0	0	0	0	0	0	0	0	0	0	0	0	0	0	0	0	0	0	0	0	0	0	0	0	0	0	8.75518744856e-07	8.75518744856e-07	0	
g__Aeromicrobium	0.0	0.0	0.0	0.0	0.0	0.0	0.0	0.0	0.0	0.0	0.0	0.0	0.0	0.0	0.0	0.0	0	0.0	0.0	0.0	0.0	0.0	0.0	0.0	0.0	0.0	0.0	0.0	0.0	0.0	0	
g__	2.62655623457e-06	2.62655623457e-06	2.62655623457e-06	2.62655623457e-06	2.62655623457e-06	2.62655623457e-06	0.0	0.0	0.0	0.0	0.0	0.0	0	0	0	0	0	0.0	0.0	0.0	0.0	0.0	0	0	0	0	0	0	2.62655623457e-06	3.50207497943e-06	0	
g__Propionibacterium	0.000103311211893	0.000103311211893	0.000103311211893	0.000103311211893	0.000103311211893	0.000103311211893	0.000103311211893	0.000103311211893	0.000103311211893	0.000103311211893	0.000103311211893	0.000103311211893	0.000103311211893	0.000103311211893	0.000103311211893	0.000103311211893	0.000103311211893	0.000103311211893	0.000103311211893	0.000103311211893	0.000103311211893	0.000103311211893	0.000103311211893	0.000103311211893	0.000103311211893	0.000103311211893	0.000103311211893	0.000103311211893	0.000103311211893	0.000103311211893	0.002143163	
Other	0	0	0	0	0	0	0	0	0	0	0	0	0	0	0	0	0	0	0	0	0	0	8.75518744856e-07	0	0	0	0	0	0	0	0	
Other	0	0	0	0	0	0	0	0	8.75518744856e-07	2.62655623457e-06	1.75103748971e-06	0	1.75103748971e-06	1.75103748971e-06	1.75103748971e-06	1.92614123868e-05	0.0001190705493	0	0	8.75518744856e-07	2.62655623457e-06	2.62655623457e-06	0	1.75103748971e-06	1.75103748971e-06	1.75103748971e-06	1.57593374074e-05	8.58008369959e-05	0	0	0	
Other	0	0	0	0	0	0	0	0.0	0	0	0	0	0	0	0	0	0	0	0	0.0	0	0	0	0	0	0	0	0	0	0	0	
g__	0.0229473463027	0.0229473463027	0.0229473463027	0.0229473463027	0.0229473463027	0.0229473463027	0.0229026948467	0.0229026948467	0.022901819328	0.0228939396592	0.0227354707664	0.0227153338353	0.0227030765729	0.0226960724229	0.0226382881858	0.0226251554046	0	0.0229026948467	0.0229026948467	0.022901819328	0.022764362885	0.0227354707664	0.0227258400602	0.0226995744979	0.0226960724229	0.0226400392232	0.0226251554046	0	0.0227626118475	0.0228256491971	0.002143163	
g__Phaeobacter	0	0	0	0	0	0	8.75518744856e-07	0.0	0.0	0	0	0	0	0	0	0	0	8.75518744856e-07	0.0	0.0	0.0	0	0	0	0	0	0	0	0	0	0	
g__Ralstonia	2.62655623457e-06	2.62655623457e-06	2.62655623457e-06	2.62655623457e-06	2.62655623457e-06	2.62655623457e-06	2.62655623457e-06	2.62655623457e-06	2.62655623457e-06	2.62655623457e-06	2.62655623457e-06	2.62655623457e-06	2.62655623457e-06	2.62655623457e-06	2.62655623457e-06	2.62655623457e-06	0	2.62655623457e-06	2.62655623457e-06	2.62655623457e-06	2.62655623457e-06	2.62655623457e-06	2.62655623457e-06	2.62655623457e-06	2.62655623457e-06	2.62655623457e-06	2.62655623457e-06	0.0	2.62655623457e-06	2.62655623457e-06	0	
g__HTCC	8.75518744856e-07	8.75518744856e-07	8.75518744856e-07	8.75518744856e-07	8.75518744856e-07	8.75518744856e-07	0	0	0	0	0	0	0	0	0	0	0	0	0	0	0	0	0	0	0	0	0	0	0	0.0	0	
Other	0	0	0	0	0	0	0	0	0	0	7.00414995885e-06	7.00414995885e-06	7.00414995885e-06	7.00414995885e-06	7.00414995885e-06	0	0	0	0	0	7.00414995885e-06	0	7.00414995885e-06	7.00414995885e-06	7.00414995885e-06	7.00414995885e-06	0	0	0	0	0	
g__Alishewanella	0	0	0	0	0	0	0.0	0.0	0.0	0	0	0	0	0	0	0	0	0.0	0.0	0.0	0	0	0	0	0	0	0	0	0	0	0	
NO_HIT	2.36390061111e-05	2.36390061111e-05	2.36390061111e-05	2.36390061111e-05	2.36390061111e-05	2.4514524856e-05	0	0	0	0	0	0	0	0	0	0	0	0	0	0	0	0	0	0	0	0	0	0	1.75103748971e-05	8.75518744856e-07	0	
g__Escherichia	0	0	0	0	0	0	0	0	0	0	0	0	0	0	0	0	0	0	0	0	0	0	0	0	0	0	0	0	0	0	0.214316331	
g__	0	0	0	0	0	0	0	0	0	0	0	0	0	0	0	0	0	0	0	0	0	0	0	0	0	0	0	0	0	1.75103748971e-06	0	
g__Alkalibacterium	0	0	0	0	0	0	1.75103748971e-06	1.75103748971e-06	1.75103748971e-06	8.75518744856e-07	0.0	0.0	0	0	0	0	0	1.75103748971e-06	1.75103748971e-06	1.75103748971e-06	0.0	0.0	0.0	0	0	0	0	0	0	0	0	
g__Haemophilus	0.0	0.0	0.0	0.0	0.0	0.0	0.0	0.0	0.0	0.0	0.0	0.0	0.0	0.0	0.0	0	0	0.0	0.0	0.0	0.0	0.0	0.0	0.0	0.0	0.0	0	0	0.0	0.0	0	
g__Desemzia	1.75103748971e-06	1.75103748971e-06	1.75103748971e-06	1.75103748971e-06	1.75103748971e-06	1.75103748971e-06	0	0	0	0	0	0	0	0	0	0	0	0	0	0	0	0	0	0	0	0	0	0	0	0	0	
Other	0	0	0	0	0	0	0	0	2.01369311317e-05	2.18879686214e-05	2.18879686214e-05	2.4514524856e-05	5.25311246914e-06	5.25311246914e-06	2.62655623457e-05	2.88921185803e-05	4.11493810082e-05	0	0	2.01369311317e-05	2.01369311317e-05	2.18879686214e-05	2.36390061111e-05	5.25311246914e-06	5.25311246914e-06	2.53900436008e-05	2.62655623457e-05	4.72780122222e-05	0.204779456828	0.204789963053	0	
g__Rhodobium	0	0	0	0	0	0	0.0	0.0	0	0	0	0	0	0	0	0	0	0.0	0.0	0	0	0	0	0	0	0	0	0	0	0	0	
g__	0.0138016774939	0.0138016774939	0.0138016774939	0.0138016774939	0.0138016774939	0.0138016774939	0.000303805004465	0.000303805004465	0.00027228632965	0.000247771804794	0.000231136948642	0.0	0	0	0	0	0	0.000303805004465	0.000303805004465	0.000285419110823	0.000246896286049	0.000242518692325	0	0	0	0	0	0	0.0137990509377	0.0137902957502	0	
g__	8.75518744856e-07	8.75518744856e-07	8.75518744856e-07	8.75518744856e-07	8.75518744856e-07	8.75518744856e-07	0	0	0	0	0	0	0	0	0	0	0	0	0	0	0	0	0	0	0	0	0	0	8.75518744856e-07	8.75518744856e-07	0	
g__Planococcus	0	0	0	0	0	0	9.63070619342e-06	2.62655623457e-06	0	0	0	0	0	0	0	0	0	9.63070619342e-06	3.50207497943e-06	8.75518744856e-07	0	0	0	0	0	0	0	0	0	0	0	
g__Thalassobius	0	0	0	0	0	0	0.0	0.0	0.0	0.0	0	0	0	0	0	0	0	0.0	0.0	0	0	0	0	0	0	0	0	0	0	0	0	
g__Salinicoccus	7.00414995885e-06	7.00414995885e-06	7.00414995885e-06	7.00414995885e-06	7.00414995885e-06	7.00414995885e-06	6.12863121399e-05	6.12863121399e-05	6.12863121399e-05	6.04107933951e-05	3.50207497943e-06	8.75518744856e-07	0	0	0	0	0	6.12863121399e-05	6.12863121399e-05	6.12863121399e-05	5.69087184157e-05	1.92614123868e-05	2.62655623457e-06	0	0	0	0	0	2.18879686214e-05	1.92614123868e-05	0	
g__Methylobacterium	4.37759372428e-06	4.37759372428e-06	4.37759372428e-06	4.37759372428e-06	4.37759372428e-06	4.37759372428e-06	4.37759372428e-06	4.37759372428e-06	4.37759372428e-06	4.37759372428e-06	4.37759372428e-06	4.37759372428e-06	4.37759372428e-06	4.37759372428e-06	4.37759372428e-06	4.37759372428e-06	4.37759372428e-06	4.37759372428e-06	4.37759372428e-06	4.37759372428e-06	4.37759372428e-06	4.37759372428e-06	4.37759372428e-06	4.37759372428e-06	4.37759372428e-06	4.37759372428e-06	4.37759372428e-06	4.37759372428e-06	4.37759372428e-06	4.37759372428e-06	0	
g__	0	0	0	0	0	0	0	0	0	0	0	0	0	0	0	0	0	0	0	0	0	0	0	0	0	0	0	0	0	0.0	0	
Other	0	0	0	0	0	0	0	0	0.0	0.0	8.75518744856e-07	2.62655623457e-06	1.75103748971e-06	5.25311246914e-06	1.13817436831e-05	3.23941935597e-05	6.47883871194e-05	0	0	0.0	0.0	8.75518744856e-07	8.75518744856e-07	2.62655623457e-06	5.25311246914e-06	8.75518744856e-06	2.10124498766e-05	6.65394246091e-05	0.0	0.0	0	
g__Pseudomonas	0.0284491060954	0.0284491060954	0.0284491060954	0.0284491060954	0.0284491060954	0.0284491060954	0.0272014918839	0.0272014918839	0.0272006163652	0.0271997408465	0.0271927366965	0.0271752263216	0.0271620935404	0.0259223589977	0.0258496909419	1.75103748971e-06	0	0.0272014918839	0.0272014918839	0.0272006163652	0.0271997408465	0.0271918611777	0.0271769773591	0.0271638445779	0.00142884659161	0.000133078849218	1.75103748971e-06	0	0.0275735873505	0.0284648654328	0.021431633	
g__Lactobacillus	0.0023323819363	0.0023323819363	0.0023323819363	0.0023323819363	0.0023323819363	0.0023323819363	0.0023227512301	0.0023227512301	0.0023227512301	0.0023227512301	0.00232100019261	0.00231312052391	0.00229473463027	0.00228422840533	0.00226759354918	0.00223257279938	0.00194190057609	0.00232362674885	0.00232362674885	0.00232362674885	0.00232362674885	0.0023227512301	0.00231049396768	0.00230524085521	0.00227809977412	0.00226234043671	0.00220017860582	0.00206097112539	0.00233063089881	0.00234901679245	0.002143163	
Other	0	0	0	0	0	0	0	0	0	0	0	0	0	0	0	0	0	0	0	8.75518744856e-07	0	0	0	0	0	0	0	0	0	0	0	
Other	0	0	0	0	0	0	0	0.0	6.12863121399e-06	9.63070619342e-06	8.75518744856e-06	7.00414995885e-06	2.01369311317e-05	1.92614123868e-05	2.62655623457e-05	4.81535309671e-05	0.000215377611235	0	0	1.75103748971e-06	8.75518744856e-06	7.00414995885e-06	7.00414995885e-06	9.63070619342e-06	2.01369311317e-05	3.32697123045e-05	3.85228247737e-05	0.000207497942531	1.75103748971e-06	8.75518744856e-07	0	
Other	0	0	0	0	0	0	0	0	0.0	0.0	0.0	0.0	0.0	0	0	0	0	0	0	8.75518744856e-07	0.0	0	0.0	0.0	0.0	0	0	0	0	0	0	
Other	0	0	0	0	0	0	0	0	0	0.0	0	0	0	0	0	0	0	0	0	0	0	0	0	0	0	0	0	0	0	0	0	
g__Sediminibacterium	0.0	0.0	0.0	0.0	0.0	0.0	0.0	0.0	0.0	0.0	0.0	0.0	0.0	0.0	0.0	0.0	0	0.0	0.0	0.0	0.0	0.0	0.0	0.0	0.0	0.0	0.0	0	0.0	0.0	0	
g__	1.75103748971e-06	1.75103748971e-06	1.75103748971e-06	1.75103748971e-06	1.75103748971e-06	1.75103748971e-06	0	0	0	0	0	0	0	0	0	0	0	0	0	0	0	0	0	0	0	0	0	0	0	0	0	
Other	0	0	0	0	0	0	0	0	0.0	4.37759372428e-06	0	0	0	0	0	0	0	0	0	8.75518744856e-07	0	4.37759372428e-06	0	0	0	0	0	0	0.0	0.0	0	
g__	0	0	0	0	0	0	6.12863121399e-06	6.12863121399e-06	6.12863121399e-06	6.12863121399e-06	2.62655623457e-06	0	0	0	0	0	0	6.12863121399e-06	6.12863121399e-06	6.12863121399e-06	4.37759372428e-06	2.62655623457e-06	0	0	0	0	0	0	0	0	0	
Other	0	0	0	0	0	0	0	2.62655623457e-06	7.00414995885e-06	1.8385893642e-05	9.80580994239e-05	0.000164597524033	0.000229385911152	0.00466213731636	0.00349419531072	0.00689821219072	0.00677038645397	0	2.62655623457e-06	7.00414995885e-06	7.79211682922e-05	9.63070619342e-05	0.000119946068045	0.000200493792572	0.000218004167469	0.00388642770842	0.0069700047278	0.0067826437164	8.75518744856e-07	0.0	0	
g__Desulfotomaculum	8.75518744856e-07	8.75518744856e-07	8.75518744856e-07	8.75518744856e-07	8.75518744856e-07	8.75518744856e-07	0	0	0	0	0	0	0	0	0	0	0	0	0	0	0	0	0	0	0	0	0	0	0	0	0	
g__	3.76473060288e-05	3.76473060288e-05	3.76473060288e-05	3.76473060288e-05	3.76473060288e-05	3.76473060288e-05	0.000320439860617	0.000320439860617	0.000281041517099	0.000258278029733	0.000220630723704	0.000220630723704	5.86597559054e-05	7.87966870371e-06	0.0	0	0	0.000320439860617	0.000320439860617	0.000281041517099	0.000225883836173	0.000220630723704	6.56639058642e-05	1.31327811728e-05	0.0	0.0	0	0	9.63070619342e-06	1.13817436831e-05	0	
Other	0	0	0	0	0	0	0	0	0	8.75518744856e-07	8.75518744856e-07	0	0	0	0	0	0	0	0	0	8.75518744856e-07	0	0	0	0	0	0	0	0	0	0	
g__	0	0	0	0	0	0	0	0	0	0	0	0	0	0	0	0	0	0	0	0	0	0	0	0	0	0	0	0	0.0	8.75518744856e-07	0	
g__Conchiformibius	0	0	0	0	0	0	1.75103748971e-06	1.75103748971e-06	1.75103748971e-06	1.75103748971e-06	1.75103748971e-06	0	0	0	0	0	0	1.75103748971e-06	1.75103748971e-06	1.75103748971e-06	1.75103748971e-06	1.75103748971e-06	1.75103748971e-06	0	0	0	0	0	0	0	0	
Other	0	0	0	0	0	0	0	4.37759372428e-06	2.10124498766e-05	0.000114692955576	0.000336199198025	0.000467527009753	0.000573464777881	0.000514805021976	0.000698663958395	0.000541946103066	0.00097707891926	0	1.75103748971e-06	1.57593374074e-05	0.000157593374074	0.00024514524856	0.000417622441296	0.000724054001996	0.000504298797037	0.000518307096955	0.000498170165823	0.00238228650475	4.2900418498e-05	2.71410810905e-05	0	
Other	0	0	0	0	0	0	0	1.75103748971e-06	3.50207497943e-06	8.75518744856e-06	0.000148838186626	0.000448265597366	0.000125199180514	0.000139207480432	0.00042375107251	6.56639058642e-05	0.0147997688631	0	1.75103748971e-06	4.37759372428e-06	1.31327811728e-05	6.56639058642e-05	0.00039485895393	7.44190933128e-05	7.52946120576e-05	6.21618308848e-05	7.09170183334e-05	0.00604458141449	5.25311246914e-06	1.75103748971e-06	0	
g__	0	0	0	0	0	0	0	0	0	0	0	0	0	0	0	0	0	0	0	0	0	0	0	0	0	0	0	0	0.0	0	0	
Other	0	0	0	0	0	0	0	0	0	0	0	0	0	0	0	0	0	0	0	0	8.75518744856e-07	8.75518744856e-07	8.75518744856e-07	1.75103748971e-06	8.75518744856e-07	3.50207497943e-06	1.92614123868e-05	5.60331996708e-05	0	0	0	
g__	2.62655623457e-06	2.62655623457e-06	2.62655623457e-06	2.62655623457e-06	2.62655623457e-06	2.62655623457e-06	4.72780122222e-05	4.72780122222e-05	3.76473060288e-05	3.41452310494e-05	2.71410810905e-05	2.4514524856e-05	2.4514524856e-05	1.92614123868e-05	2.01369311317e-05	0	0	4.72780122222e-05	4.64024934774e-05	3.76473060288e-05	3.58962685391e-05	2.62655623457e-05	2.4514524856e-05	2.01369311317e-05	1.92614123868e-05	0	0	0	2.62655623457e-06	2.62655623457e-06	0	
Other	0	0	0	0	0	0	0	0	0.0	0.0	0.0	0	0	0	0	0	0.0	0	0	0	0.0	0.0	0	0	0	0	0	0.0	0	0	0	
g__Sinorhizobium	0.0	0.0	0.0	0.0	0.0	0.0	0	0	0	0	0	0	0	0	0	0	0	0	0	0	0	0	0	0	0	0	0	0	0.0	0.0	0	
g__Alkanindiges	3.50207497943e-06	3.50207497943e-06	3.50207497943e-06	3.50207497943e-06	3.50207497943e-06	3.50207497943e-06	1.75103748971e-06	1.75103748971e-06	1.75103748971e-06	8.75518744856e-07	8.75518744856e-07	0	0	0	0	0	0	8.75518744856e-07	8.75518744856e-07	8.75518744856e-07	8.75518744856e-07	0.0	0	0	0	0	0	0	5.25311246914e-06	2.62655623457e-06	0	
g__Candidatus Blochmannia	0	0	0	0	0	0	0	0	0	0	0	0	0	0	0	0	0	0.0	0.0	0	0	0	0	0	0	0	0	0	0	0	0	
g__Candidatus Portiera	0.0	0.0	0.0	0.0	0.0	0.0	0	0	0	0	0	0	0	0	0	0	0	0	0	0	0	0	0	0	0	0	0	0	0.0	0.0	0	
Other	0	0	0	0	0	0	0	0	0	0	0	0	0	0	0	0	8.75518744856e-07	0	0	0	0	0	0	0	0	0	0	0	0	0	0	
Other	0	0	0	0	0	0	0	0	0.0	0.0	8.75518744856e-07	0.0	0	0	0	0.0	0.0	0	0	0	0.0	8.75518744856e-07	8.75518744856e-07	0	0	0	0.0	0.0	0.0	0	0	
Other	0	0	0	0	0	0	0	1.75103748971e-06	9.63070619342e-06	1.66348561523e-05	2.10124498766e-05	2.18879686214e-05	3.50207497943e-05	6.65394246091e-05	8.49253182511e-05	0.000175979267716	0.000552452328004	0	1.75103748971e-06	8.75518744856e-06	1.92614123868e-05	2.10124498766e-05	2.71410810905e-05	6.47883871194e-05	7.26680558231e-05	9.63070619342e-05	0.000178605823951	0.000574340296626	3.50207497943e-06	2.62655623457e-06	0	
g__	0	0	0	0	0	0	0	0	0	0	0	0	0	0	0	0	0	0	0	0	0	0	0	0	0	0	0	0	0	0.0	0	
Other	0	0	0	0	0	0	0	0	0	0	0	0	0	0	0	0	0.0	0	0	0	0	0	0	0	0	0	0	0	0	0	0	
g__	0	0	0	0	0	0	0.0	0.0	0	0	0	0	0	0	0	0	0	0.0	0	0	0	0	0	0	0	0	0	0	0	0	0	
g__Sarcina	1.75103748971e-06	1.75103748971e-06	1.75103748971e-06	1.75103748971e-06	1.75103748971e-06	1.75103748971e-06	0.0	0.0	0.0	0	0.0	0	0	0	0	0	0	0.0	0.0	0.0	0	0	0	0	0	0	0	0	1.75103748971e-06	8.49253182511e-05	0	
g__Facklamia	8.75518744856e-07	8.75518744856e-07	8.75518744856e-07	8.75518744856e-07	8.75518744856e-07	8.75518744856e-07	0	0	0	0	0	0	0	0	0	0	0	0	0	0	0	0	0	0	0	0	0	0	0.0	3.50207497943e-06	0	
Other	0	0	0	0	0	0	0	0	8.75518744856e-07	0.0	0.0	2.10124498766e-05	3.85228247737e-05	4.11493810082e-05	4.11493810082e-05	4.64024934774e-05	6.12863121399e-06	0	0	0	0.0	0.0	2.18879686214e-05	4.02738622634e-05	4.2900418498e-05	4.02738622634e-05	4.37759372428e-05	2.01369311317e-05	5.25311246914e-06	5.25311246914e-06	0	
g__Photorhabdus	0	0	0	0	0	0	0.0	0.0	0	0	0	0	0	0	0	0	0	0.0	0.0	0	0	0	0	0	0	0	0	0	0	0	0	
Other	0	0	0	0	0	0	0	0	0.0	0.0	5.25311246914e-06	9.63070619342e-06	7.87966870371e-06	1.05062249383e-05	1.05062249383e-05	1.75103748971e-05	1.2257262428e-05	0	0	0	0.0	5.25311246914e-06	7.87966870371e-06	9.63070619342e-06	1.13817436831e-05	1.2257262428e-05	2.18879686214e-05	2.10124498766e-05	1.75103748971e-06	0.0	0	
g__Pleomorphomonas	0	0	0	0	0	0	1.30166808765e-06	1.30166808765e-06	6.50834043827e-07	6.50834043827e-07	0	0	0	0	0	0	0	1.30166808765e-06	1.30166808765e-06	1.30166808765e-06	6.50834043827e-07	0	0	0	0	0	0	0	0	0	0	
g__Granulicatella	0.000113245123626	0.000113245123626	0.000113245123626	0.000113245123626	0.000113245123626	0.000113245123626	6.50834043827e-06	6.50834043827e-06	6.50834043827e-06	6.50834043827e-06	0.0	0	0	0	0	0	0	6.50834043827e-06	6.50834043827e-06	6.50834043827e-06	3.90500426296e-06	0.0	0	0	0	0	0	0	3.25417021914e-05	7.22425788648e-05	0	
g__Geobacter	0	0	0	0	0	0	0	0	0	0	0	0	0	0	0	0	0	0	0	0	0	0	0	0	0	0	0	0	0.0	0.0	0	
g__Clostridium	0.0168182025265	0.0168182025265	0.0168182025265	0.0168182025265	0.0168182025265	0.0168182025265	0.0169366543225	0.0169366543225	0.0169366543225	0.0169340509863	0.0169210343055	0.0168930484416	0.0168526967309	0.0167850099903	0.0166138406368	0.0165018971812	0.0162200860403	0.0169366543225	0.0169366543225	0.0169366543225	0.0169327493183	0.0169249393097	0.0168871909352	0.0167791524839	0.0167192757519	0.0166131898027	0.0165071038536	0.0162187843722	0.016928844314	0.016781104986	0.021431633	
Other	0	0	0	0	0	0	0	0	0	0.0	0.0	1.30166808765e-06	1.8874187271e-05	0.0	6.50834043827e-07	0	3.7748374542e-05	0	0	0	0	0.0	0.0	0.0	0.0	0.000529778911675	0.0	1.04133447012e-05	0	0	0	
Other	0	0	0	0	0	0	0	0	0.0	6.50834043827e-07	0	0	0	0	0	0	0	0	6.50834043827e-07	0.0	0	0	0	0	0	0	0	0	0	0	0	
g__	0	0	0	0	0	0	0	0	0	0	0	0	0	0	0	0	0	0	0	0	0	0	0	0	0	0	0	0	0.0	0.0	0	
Other	0	0	0	0	0	0	0	0	0	0	0	0	0	0	0	0	6.50834043827e-07	0	0	0	0	0	0	0	0	0	0	0	0	0	0	
g__Burkholderia	0	0	0	0	0	0	6.50834043827e-07	0.0	0.0	0	0	0	0	0	0	0	0	6.50834043827e-07	0.0	0.0	0	0	0	0	0	0	0	0	0	0	0	
g__Edwardsiella	0	0	0	0	0	0	1.8874187271e-05	1.8874187271e-05	1.43183489642e-05	9.11167661358e-06	6.50834043827e-07	6.50834043827e-07	0	0	0	0	0	1.8874187271e-05	1.8874187271e-05	1.62708510957e-05	6.50834043827e-06	5.20667235062e-06	6.50834043827e-07	0	0	0	0	0	6.50834043827e-07	0	0	
g__	0	0	0	0	0	0	0	0	0	0	0	0	0	0	0	0	0	0	0	0	0	0	0	0	0	0	0	0	6.50834043827e-07	1.95250213148e-06	0	
g__Thalassobacillus	0	0	0	0	0	0	6.50834043827e-07	6.50834043827e-07	6.50834043827e-07	0	0	0	0	0	0	0	0	6.50834043827e-07	6.50834043827e-07	6.50834043827e-07	6.50834043827e-07	0	0	0	0	0	0	0	0	0	0	
g__Propionispora	0	0	0	0	0	0	1.30166808765e-06	0	0	0	0	0	0	0	0	0	0	1.30166808765e-06	1.30166808765e-06	0	0	0	0	0	0	0	0	0	0	0	0	
Other	0	0	0	0	0	0	0	0	0	0	0	0	0	0	0	0	0	0	0	0	0	0	0	0	0	0	0	0	6.50834043827e-07	6.50834043827e-07	0	
Other	0	0	0	0	0	0	0	0	0	0	0	1.30166808765e-06	6.50834043827e-07	1.95250213148e-06	2.60333617531e-06	1.95250213148e-06	2.60333617531e-05	0	0	0	0	0	0	6.50834043827e-07	1.95250213148e-06	2.60333617531e-06	1.95250213148e-06	0.000551907269165	0	0	0	
g__	0.00924900259683	0.00924900259683	0.00924900259683	0.00924900259683	0.00924900259683	0.00924900259683	3.90500426296e-06	3.90500426296e-06	3.25417021914e-06	3.25417021914e-06	1.95250213148e-06	1.30166808765e-06	0	0	0	0	0	3.90500426296e-06	3.90500426296e-06	3.25417021914e-06	2.60333617531e-06	2.60333617531e-06	0	0	0	0	0	0	3.90500426296e-06	3.90500426296e-06	0	
g__	5.20667235062e-06	5.20667235062e-06	5.20667235062e-06	5.20667235062e-06	5.20667235062e-06	5.20667235062e-06	0	0	0	0	0	0	0	0	0	0	0	0	0	0	0	0	0	0	0	0	0	0	5.20667235062e-06	5.20667235062e-06	0	
g__Carnobacterium	0	0	0	0	0	0	0.0	0.0	0.0	0.0	0.0	0.0	0.0	0	0	0	0	6.50834043827e-07	0.0	0.0	0.0	0.0	0.0	0	0	0	0	0	6.50834043827e-07	0.0	0	
Other	0	0	0	0	0	0	0	8.20050895222e-05	8.52592597414e-05	0	0.0	0.0	0	0	0	0	6.50834043827e-07	0	8.20050895222e-05	8.52592597414e-05	8.20050895222e-05	0.0	0.0	0	0	0	0	0.0	0	0	0	
g__	0	0	0	0	0	0	0.0	0	0	0	0	0	0	0	0	0	0	0.0	0.0	0	0	0	0	0	0	0	0	0	0	0	0	
g__	1.95250213148e-06	1.95250213148e-06	1.95250213148e-06	1.95250213148e-06	1.95250213148e-06	1.95250213148e-06	0	0	0	0	0	0	0	0	0	0	0	0	0	0	0	0	0	0	0	0	0	0	1.95250213148e-06	6.50834043827e-07	0	
g__Paenibacillus	0	0	0	0	0	0	2.60333617531e-06	2.60333617531e-06	1.30166808765e-06	0	0	0	0	0	0	0	0	2.60333617531e-06	1.30166808765e-06	0.0	0	0	0	0	0	0	0	0	0	0	0	
g__	0.0	0.0	0.0	0.0	0.0	0.0	0	0	0	0	0	0	0	0	0	0	0	0	0	0	0	0	0	0	0	0	0	0	0.0	0.0	0	
g__	0.0	0.0	0.0	0.0	0.0	0.0	0.0	0.0	0.0	0.0	0.0	0.0	0.0	0.0	0.0	0.0	0	0.0	0.0	0.0	0.0	0.0	0.0	0.0	0.0	0.0	0.0	0.0	0.0	0.0	0	
Other	0	0	0	0	0	0	0	5.85750639444e-06	1.23658468327e-05	5.92258979883e-05	0.000113245123626	0.000176376025877	0.00201237886351	0.00833132659503	0.0	0	0	0	5.20667235062e-06	1.56200170519e-05	7.09409107772e-05	5.14158894623e-05	0.00203060221674	0.00837037663766	0.00831570657798	6.89884086457e-05	0	0	0	6.50834043827e-07	0	
g__Tetragenococcus	0	0	0	0	0	0	0.0	0.0	0.0	0.0	0	0	0	0	0	0	0	0.0	0.0	0.0	0.0	0	0	0	0	0	0	0	0	0	0	
g__	1.95250213148e-06	1.95250213148e-06	1.95250213148e-06	1.95250213148e-06	1.95250213148e-06	1.95250213148e-06	0	0	0	0	0	0	0	0	0	0	0	0	0	0	0	0	0	0	0	0	0	0	0	0	0	
g__Octadecabacter	6.50834043827e-07	6.50834043827e-07	6.50834043827e-07	6.50834043827e-07	6.50834043827e-07	6.50834043827e-07	0	0	0	0	0	0	0	0	0	0	0	0	0	0	0	0	0	0	0	0	0	0	6.50834043827e-07	0	0	
g__	0.0	0.0	0.0	0.0	0.0	0.0	0	0	0	0	0	0	0	0	0	0	0	0	0	0	0	0	0	0	0	0	0	0	0	0	0	
Other	0	0	0	0	0	0	0	0	2.79858638846e-05	5.20667235062e-05	6.50834043827e-05	8.39575916537e-05	0.00027725530267	0.00127172972164	0.0013543856452	0.0166450806709	0.0163483003469	0	0	2.86366979284e-05	5.01142213747e-05	6.63850724704e-05	0.000244713600479	0.000303939498467	0.0156480029157	0.0166301114879	0.0166229523134	0.016350252849	1.10641787451e-05	7.81000852593e-06	0	
g__Corynebacterium	2.60333617531e-06	2.60333617531e-06	2.60333617531e-06	2.60333617531e-06	2.60333617531e-06	2.60333617531e-06	2.60333617531e-06	2.60333617531e-06	2.60333617531e-06	2.60333617531e-06	2.60333617531e-06	2.60333617531e-06	2.60333617531e-06	2.60333617531e-06	2.60333617531e-06	2.60333617531e-06	2.60333617531e-06	2.60333617531e-06	2.60333617531e-06	2.60333617531e-06	2.60333617531e-06	2.60333617531e-06	2.60333617531e-06	2.60333617531e-06	2.60333617531e-06	2.60333617531e-06	2.60333617531e-06	2.60333617531e-06	2.60333617531e-06	2.60333617531e-06	0	
g__Methanobrevibacter	0.0646245663818	0.0646245663818	0.0646245663818	0.0646245663818	0.0646245663818	0.0646245663818	0.0646245663818	0.0646245663818	0.0646245663818	0.0646245663818	0.0646245663818	0.0646232647137	0.0646239155478	0.0646226138797	0.0646213122116	0.0646206613776	0.0645926755137	0.0646245663818	0.0646245663818	0.0646245663818	0.0646245663818	0.0646245663818	0.0646245663818	0.0646239155478	0.0646219630456	0.0646213122116	0.0646206613776	0.064062245768	0.0646245663818	0.0646323763903	0.214316331	
g__Stenotrophomonas	0	0	0	0	0	0	3.97008766735e-05	3.97008766735e-05	3.97008766735e-05	3.97008766735e-05	3.97008766735e-05	3.97008766735e-05	3.97008766735e-05	3.97008766735e-05	3.97008766735e-05	3.97008766735e-05	3.97008766735e-05	3.97008766735e-05	3.97008766735e-05	3.97008766735e-05	3.97008766735e-05	3.97008766735e-05	3.97008766735e-05	3.97008766735e-05	3.97008766735e-05	3.97008766735e-05	3.97008766735e-05	3.97008766735e-05	3.97008766735e-05	3.97008766735e-05	0	
Other	0	0	0	0	0	0	0	6.50834043827e-07	0.0	0.0	0.0	0.0	0.0	0.0	6.50834043827e-07	1.95250213148e-06	8.46084256975e-06	0	6.50834043827e-07	0.0	0.0	0.0	0.0	0.0	6.50834043827e-07	6.50834043827e-07	2.60333617531e-06	2.60333617531e-06	0	0	0	
g__Rhodobacter	0.066349276598	0.066349276598	0.066349276598	0.066349276598	0.066349276598	0.066349276598	0.0663258465724	0.0663258465724	0.0663245449043	0.0663225924022	0.066305019883	0.0662776848531	0.0662451431509	0.0660772279676	0.0659867620355	0.0658123385118	0.0651016277359	0.0663258465724	0.0663258465724	0.0663245449043	0.0663225924022	0.0663121790575	0.0662854948617	0.0662483973212	0.0661253896869	0.0659841586994	0.0658279585289	0.0649929384506	0.0663564357724	0.0663206399	0.021431633	
g__Anaerobacillus	1.10641787451e-05	1.10641787451e-05	1.10641787451e-05	1.10641787451e-05	1.10641787451e-05	1.10641787451e-05	1.95250213148e-06	1.95250213148e-06	0	0	0	0	0	0	0	0	0	1.95250213148e-06	1.95250213148e-06	1.95250213148e-06	0	0	0	0	0	0	0	0	3.90500426296e-06	5.85750639444e-06	0	
g__Macrococcus	0.0	0.0	0.0	0.0	0.0	0.0	4.55583830679e-06	4.55583830679e-06	4.55583830679e-06	3.25417021914e-06	1.30166808765e-06	0	0	0	0	0	0	4.55583830679e-06	4.55583830679e-06	4.55583830679e-06	1.95250213148e-06	1.30166808765e-06	6.50834043827e-07	0	0	0	0	0	0.0	0	0	
g__	0.0	0.0	0.0	0.0	0.0	0.0	0	0	0	0	0	0	0	0	0	0	0	0	0	0	0	0	0	0	0	0	0	0	0.0	0.0	0	
g__	0	0	0	0	0	0	0	0	0	0	0	0	0	0	0	0	0	6.50834043827e-07	6.50834043827e-07	0	0	0	0	0	0	0	0	0	0	0	0	
g__Azorhizophilus	0	0	0	0	0	0	1.95250213148e-06	1.95250213148e-06	0.0	0.0	0	0	0	0	0	0	0	1.95250213148e-06	1.95250213148e-06	0.0	0.0	0	0	0	0	0	0	0	0	0	0	
g__Smithella	0	0	0	0	0	0	0.0	0.0	0	0	0	0	0	0	0	0	0	0.0	0.0	0	0	0	0	0	0	0	0	0	0	0	0	
g__Deinococcus	0.000560368111735	0.000560368111735	0.000560368111735	0.000560368111735	0.000560368111735	0.000560368111735	0.000560368111735	0.000560368111735	0.000560368111735	0.000560368111735	0.000559717277691	0.000559717277691	0.000559717277691	0.000559717277691	0.000555812273428	0.000550605601078	0.000538239754245	0.000560368111735	0.000560368111735	0.000560368111735	0.000560368111735	0.000560368111735	0.000559717277691	0.000559717277691	0.000559066443648	0.000553859771297	0.00054930393299	0.000539541422333	0.000561018945779	0.000560368111735	0	
Other	0	0	0	0	0	0	0	1.04133447012e-05	5.85750639444e-05	6.7686740558e-05	0.000195250213148	0.000328020358089	0.000887086801736	0.000916374333709	0.00937656606942	0.0095204003931	0.00151253831785	0	4.55583830679e-06	2.86366979284e-05	8.72117618728e-05	0.000159454340738	0.00050504721801	0.000756919992971	0.000903357652832	0.00970784059773	0.00958027712514	0.0258159831824	0.000274651966495	0.0013706564963	0	
g__02d06	0.0	0.0	0.0	0.0	0.0	0.0	0	0	0	0	0	0	0	0	0	0	0	0	0	0	0	0	0	0	0	0	0	0	0.0	0.0	0	
Other	0	0	0	0	0	0	0	0	0	0	0	6.50834043827e-07	0	0.0	0.0	0.0	0.0	0	0	0	0.0	0	0	0	0.0	0.0	0.0	0.0	0	0	0	
g__Aminobacter	0	0	0	0	0	0	1.95250213148e-06	1.95250213148e-06	1.95250213148e-06	1.95250213148e-06	0	0	0	0	0	0	0	1.95250213148e-06	1.95250213148e-06	1.95250213148e-06	1.30166808765e-06	0	0	0	0	0	0	0	0	0	0	
Other	0	0	0	0	0	0	0	0	0.0	0.0	0	0	0	0	0	0	0	0	0.0	0.0	0.0	0	0	0	0	0	0	0	0	0	0	
Other	0	0	0	0	0	0	0	6.50834043827e-07	4.68600511556e-05	9.69742725302e-05	0.000278556970758	0.000806383380302	0.000916374333709	0.0026775312563	0.00279858638846	0.00385293753946	0.0158530156395	0	1.30166808765e-06	2.79858638846e-05	0.000100879276793	0.000184186034403	0.000851290929326	0.00111422788303	0.00269445294144	0.00330168110434	0.00375726493501	0.0173915873191	7.35442469525e-05	1.82233532272e-05	0	
g__Acinetobacter	3.7748374542e-05	3.7748374542e-05	3.7748374542e-05	3.7748374542e-05	3.7748374542e-05	3.7748374542e-05	0.0093524852098	0.0093524852098	0.0093524852098	0.0093524852098	0.0093524852098	0.0093524852098	0.00935118354171	0.00935053270766	0.00934792937149	0.0093466277034	0.00924249425639	0.0093524852098	0.0093524852098	0.0093524852098	0.0093524852098	0.0093524852098	0.0093524852098	0.00935118354171	0.00935053270766	0.00934858020553	0.00934467520127	0.00924249425639	0.000116499293845	5.07650554185e-05	0.002143163	
Other	0	0	0	0	0	0	0	0	0	7.81000852593e-06	7.81000852593e-06	8.46084256975e-06	8.46084256975e-06	1.75725191833e-05	1.82233532272e-05	0.000115848459801	0.000134071813028	0	0	0	0	0	0	0	0	0	0	0	0	0	0	
g__Deinococcus	0	0	0	0	0	0	0	0	0	0	0	0	0	0	0	0	0	0	0	0	0	0	0	0	0	0	0	0	0	0	0.000214316	
g__	0	0	0	0	0	0	6.50834043827e-07	6.50834043827e-07	6.50834043827e-07	0	0	0	0	0	0	0	0	6.50834043827e-07	6.50834043827e-07	6.50834043827e-07	0	0	0	0	0	0	0	0	0	0	0	
Other	0	0	0	0	0	0	0	0	0.0	0	6.50834043827e-07	0.0	0.0	0.0	6.50834043827e-07	6.50834043827e-07	0.0	0	0	0	0.0	0.0	6.50834043827e-07	0.0	0.0	6.50834043827e-07	1.30166808765e-06	0.0	0	0	0	
g__Shewanella	0	0	0	0	0	0	0.0	0.0	0	0	0	0	0	0	0	0	0	0.0	0.0	0	0	0	0	0	0	0	0	0	0	0	0	
g__Kurthia	0	0	0	0	0	0	1.95250213148e-06	1.30166808765e-06	0.0	0	0	0	0	0	0	0	0	1.30166808765e-06	1.30166808765e-06	0.0	0	0	0	0	0	0	0	0	0	0	0	
g__Candida	0	0	0	0	0	0	0	0	0	0	0	0	0	0	0	0	0	0	0	0	0	0	0	0	0	0	0	0	0	0	0.000214316	
g__	0.0	0.0	0.0	0.0	0.0	0.0	0	0	0	0	0	0	0	0	0	0	0	0	0	0	0	0	0	0	0	0	0	0	0.0	0.0	0	
g__Gracilibacter	6.50834043827e-07	6.50834043827e-07	6.50834043827e-07	6.50834043827e-07	6.50834043827e-07	6.50834043827e-07	0	0	0	0	0	0	0	0	0	0	0	0	0	0	0	0	0	0	0	0	0	0	0	0	0	
g__Coprococcus	0	0	0	0	0	0	0.0	0.0	0.0	0.0	0	0	0	0	0	0	0	0.0	0.0	0.0	0	0.0	0	0	0	0	0	0	0	0	0	
Other	0	0	0	0	0	0	0	0.0	0.0	7.81000852593e-06	2.34300255778e-05	1.56200170519e-05	1.43183489642e-05	9.11167661358e-06	1.75725191833e-05	4.55583830679e-05	7.41950809963e-05	0	0.0	1.30166808765e-06	8.46084256975e-06	2.01758553586e-05	1.43183489642e-05	7.1591744821e-06	9.11167661358e-06	9.11167661358e-06	2.01758553586e-05	6.11784001198e-05	6.50834043827e-07	1.95250213148e-06	0	
g__	2.60333617531e-06	2.60333617531e-06	2.60333617531e-06	2.60333617531e-06	2.60333617531e-06	2.60333617531e-06	0	0	0	0	0	0	0	0	0	0	0	0	0	0	0	0	0	0	0	0	0	0	6.50834043827e-07	5.85750639444e-06	0	
g__	0	0	0	0	0	0	0	0	0	0	0	0	0	0	0	0	0	0	0	0	0	0	0	0	0	0	0	0	0	0.0	0	
g__Rhodovulum	0	0	0	0	0	0	3.90500426296e-06	3.90500426296e-06	3.25417021914e-06	1.95250213148e-06	1.30166808765e-06	0	0	0	0	0	0	3.90500426296e-06	3.90500426296e-06	3.25417021914e-06	1.95250213148e-06	1.30166808765e-06	0	0	0	0	0	0	1.30166808765e-06	0	0	
g__Brenneria	0	0	0	0	0	0	9.76251065741e-06	3.90500426296e-06	0	0	0	0	0	0	0	0	0	9.76251065741e-06	1.95250213148e-06	1.30166808765e-06	0	0	0	0	0	0	0	0	0	0	0	
g__Brevibacillus	0	0	0	0	0	0	0.0	0.0	0.0	0	0	0	0	0	0	0	0	0.0	0.0	0.0	0	0	0	0	0	0	0	0	0	0	0	
g__Syntrophomonas	0.0	0.0	0.0	0.0	0.0	0.0	0	0	0	0	0	0	0	0	0	0	0	0	0	0	0	0	0	0	0	0	0	0	0	0	0	
Other	0	0	0	0	0	0	0	0	0	0	0	0	0	0	0	0	6.50834043827e-07	0	0	0	0.0	0	0	0	0	0	0.0	6.50834043827e-07	0	0	0	
g__Rhodococcus	1.30166808765e-06	1.30166808765e-06	1.30166808765e-06	1.30166808765e-06	1.30166808765e-06	1.30166808765e-06	1.30166808765e-06	1.30166808765e-06	1.30166808765e-06	1.30166808765e-06	1.30166808765e-06	1.30166808765e-06	1.30166808765e-06	1.30166808765e-06	1.30166808765e-06	1.30166808765e-06	0	1.30166808765e-06	1.30166808765e-06	1.30166808765e-06	1.30166808765e-06	1.30166808765e-06	1.30166808765e-06	1.30166808765e-06	1.30166808765e-06	1.30166808765e-06	1.30166808765e-06	1.30166808765e-06	1.30166808765e-06	1.30166808765e-06	0	
g__Trabulsiella	0	0	0	0	0	0	2.60333617531e-06	2.60333617531e-06	2.60333617531e-06	0	0	0	0	0	0	0	0	2.60333617531e-06	2.60333617531e-06	2.60333617531e-06	0	0	0	0	0	0	0	0	0	0	0	
g__Faecalibacterium	0.0	0.0	0.0	0.0	0.0	0.0	0.0	0.0	0.0	0.0	0.0	0.0	0.0	0.0	0.0	0.0	0.0	0.0	0.0	0.0	0.0	0.0	0.0	0.0	0.0	0.0	0.0	0.0	0.0	0.0	0	
g__Planomicrobium	6.50834043827e-07	6.50834043827e-07	6.50834043827e-07	6.50834043827e-07	6.50834043827e-07	6.50834043827e-07	0	0	0	0	0	0	0	0	0	0	0	0	0	0	0	0	0	0	0	0	0	0	6.50834043827e-07	6.50834043827e-07	0	
Other	0	0	0	0	0	0	0	0	0	0	0.0	0.0	0.0	6.50834043827e-07	2.60333617531e-06	1.30166808765e-06	0	0	0	0	0	0.0	0.0	0.0	1.95250213148e-06	1.95250213148e-06	1.95250213148e-06	0	0	0	0	
Other	0	0	0	0	0	0	0	0	0	6.50834043827e-07	6.50834043827e-07	1.30166808765e-06	1.30166808765e-06	6.50834043827e-07	0.0	2.60333617531e-06	8.46084256975e-06	0	0	0	0	1.30166808765e-06	1.30166808765e-06	6.50834043827e-07	0.0	0.0	2.60333617531e-06	7.81000852593e-06	0	0	0	
g__Oscillospira	0	0	0	0	0	0	1.95250213148e-06	1.95250213148e-06	1.95250213148e-06	1.95250213148e-06	1.95250213148e-06	1.95250213148e-06	1.95250213148e-06	1.95250213148e-06	1.95250213148e-06	1.95250213148e-06	0	1.95250213148e-06	1.95250213148e-06	1.95250213148e-06	1.95250213148e-06	1.95250213148e-06	1.95250213148e-06	1.95250213148e-06	1.95250213148e-06	1.95250213148e-06	0	0	0	0	0	
g__	0	0	0	0	0	0	1.30166808765e-06	1.30166808765e-06	0	0	0	0	0	0	0	0	0	1.30166808765e-06	0.0	0	0	0	0	0	0	0	0	0	0	0	0	
g__Pyrococcus	0	0	0	0	0	0	6.50834043827e-06	6.50834043827e-06	5.85750639444e-06	0	0	0	0	0	0	0	0	5.85750639444e-06	5.85750639444e-06	5.85750639444e-06	0	0	0	0	0	0	0	0	0	0	0	
g__Paracoccus	0	0	0	0	0	0	3.90500426296e-06	3.90500426296e-06	3.90500426296e-06	2.60333617531e-06	1.30166808765e-06	0	0	0	0	0	0	3.90500426296e-06	3.90500426296e-06	3.90500426296e-06	2.60333617531e-06	0.0	0.0	0	0	0	0	0	0	0	0	
g__	5.85750639444e-06	5.85750639444e-06	5.85750639444e-06	5.85750639444e-06	5.85750639444e-06	5.85750639444e-06	0	0	0	0	0	0	0	0	0	0	0	0	0	0	0	0	0	0	0	0	0	0	3.90500426296e-06	3.25417021914e-06	0	
g__	5.98767320321e-05	5.98767320321e-05	5.98767320321e-05	5.98767320321e-05	5.98767320321e-05	5.98767320321e-05	1.30166808765e-06	1.30166808765e-06	6.50834043827e-07	6.50834043827e-07	0.0	0.0	0	0	0	0	0	1.30166808765e-06	1.30166808765e-06	1.30166808765e-06	0.0	6.50834043827e-07	0.0	0	0	0	0	0	2.60333617531e-06	6.50834043827e-07	0	
g__	0.000100228442749	0.000100228442749	0.000100228442749	0.000100228442749	0.000100228442749	0.000100228442749	0.000859100937852	0.000858450103808	0.000825908401617	0.000771889175979	0.000611133167154	0.000107387617231	8.20050895222e-05	6.57342384265e-05	6.18292341636e-05	6.50834043827e-07	0	0.000859100937852	0.000857799269764	0.000844782588888	0.000769936673848	0.000697694094983	0.000110641787451	7.41950809963e-05	6.50834043827e-05	6.50834043827e-07	6.50834043827e-07	0	0.000296780323985	0.000314352843169	0	
g__Ureibacillus	0.0	0.0	0.0	0.0	0.0	0.0	1.30166808765e-06	1.30166808765e-06	1.30166808765e-06	1.30166808765e-06	1.30166808765e-06	1.30166808765e-06	0	0	0	0	0	1.30166808765e-06	1.30166808765e-06	1.30166808765e-06	1.30166808765e-06	1.30166808765e-06	0.0	0	0	0	0	0	0	0	0	
g__Enterococcus	4.10025447611e-05	4.10025447611e-05	4.10025447611e-05	4.10025447611e-05	4.10025447611e-05	4.10025447611e-05	8.98150980481e-05	8.98150980481e-05	8.98150980481e-05	8.85134299605e-05	8.85134299605e-05	8.85134299605e-05	8.85134299605e-05	8.78625959167e-05	7.94017533469e-05	4.29550468926e-05	0	8.98150980481e-05	8.98150980481e-05	8.98150980481e-05	8.85134299605e-05	8.85134299605e-05	8.85134299605e-05	8.85134299605e-05	8.78625959167e-05	8.72117618728e-05	7.41950809963e-05	0	9.69742725302e-05	0.000109340119363	0.000214316	
g__Desulfosporosinus	2.60333617531e-06	2.60333617531e-06	2.60333617531e-06	2.60333617531e-06	2.60333617531e-06	2.60333617531e-06	6.50834043827e-07	6.50834043827e-07	6.50834043827e-07	6.50834043827e-07	6.50834043827e-07	0	0	0	0	0	0	6.50834043827e-07	6.50834043827e-07	6.50834043827e-07	6.50834043827e-07	6.50834043827e-07	6.50834043827e-07	0	0	0	0	0	3.90500426296e-06	5.20667235062e-06	0	
g__Serratia	3.25417021914e-06	3.25417021914e-06	3.25417021914e-06	3.25417021914e-06	3.25417021914e-06	3.25417021914e-06	4.55583830679e-05	4.42567149802e-05	3.90500426296e-05	3.57958724105e-05	3.18908681475e-05	2.9938366016e-05	2.9938366016e-05	2.9938366016e-05	2.9938366016e-05	2.9938366016e-05	0	4.49075490241e-05	4.23042128488e-05	3.90500426296e-05	3.51450383667e-05	3.18908681475e-05	3.12400341037e-05	2.9938366016e-05	2.9938366016e-05	2.9938366016e-05	2.9938366016e-05	0	3.18908681475e-05	3.31925362352e-05	0	
g__	0	0	0	0	0	0	0.0	0.0	0	0	0	0	0	0	0	0	0	0.0	0.0	0	0	0	0	0	0	0	0	0	0	0	0	
g__Bacillus	0.000635864860819	0.000635864860819	0.000635864860819	0.000635864860819	0.000635864860819	0.000635864860819	3.25417021914e-05	3.25417021914e-05	3.18908681475e-05	2.86366979284e-05	2.73350298407e-05	1.30166808765e-06	6.50834043827e-07	0.0	0.0	0.0	0	3.18908681475e-05	3.18908681475e-05	3.12400341037e-05	2.86366979284e-05	2.66841957969e-05	6.50834043827e-07	6.50834043827e-07	6.50834043827e-07	0.0	0.0	0	0.000751062486577	0.000739347473788	0.021431633	
g__Helicobacter	0.00140905570489	0.00140905570489	0.00140905570489	0.00140905570489	0.00140905570489	0.00140905570489	0.00140905570489	0.00140905570489	0.00140905570489	0.00140840487084	0.00140905570489	0.00140840487084	0.00140840487084	0.00140840487084	0.00140840487084	0.00140580153467	0.00139799152614	0.00140905570489	0.00140905570489	0.00140905570489	0.00140905570489	0.00140840487084	0.00140840487084	0.00140840487084	0.00140840487084	0.00140840487084	0.00140580153467	0.00139864236018	0.00140905570489	0.00140970653893	0.002143163	
Other	0	0	0	0	0	0	0	0	0	0	0	0	0	0	0.0	0	0.0	0	0	0	0	0	0	0	0	0	0	0.0	0	0	0	
g__	1.30166808765e-06	1.30166808765e-06	1.30166808765e-06	1.30166808765e-06	1.30166808765e-06	1.30166808765e-06	0	0	0	0	0	0	0	0	0	0	0	0	0	0	0	0	0	0	0	0	0	0	1.30166808765e-06	0	0	
Other	0	0	0	0	0	0	0	6.50834043827e-07	0	0.0	0	0	0	0	0	0	0	0	6.50834043827e-07	0.0	0	0	0	0	0	0	0	0	0	0	0	
g__	6.50834043827e-07	6.50834043827e-07	6.50834043827e-07	6.50834043827e-07	6.50834043827e-07	6.50834043827e-07	0	0	0	0	0	0	0	0	0	0	0	0	0	0	0	0	0	0	0	0	0	0	0	0	0	
Other	0	0	0	0	0	0	0	0.0	2.60333617531e-06	1.30166808765e-06	0	0	0	0	0	0	0	0	0.0	1.30166808765e-06	1.30166808765e-06	0	0	0	0	0	0	0	0	0	0	
g__	0	0	0	0	0	0	6.50834043827e-07	6.50834043827e-07	6.50834043827e-07	0	0	0	0	0	0	0	0	6.50834043827e-07	6.50834043827e-07	0	0	0	0	0	0	0	0	0	0	0	0	
Other	0	0	0	0	0	0	0	0	0	0	0	0	0.0	0.0	0	0.0	6.50834043827e-07	0	0	0	0	0	0.0	0.0	0.0	0.0	0.0	1.30166808765e-06	0	0	0	
g__Staphylococcus	0.675017735228	0.675017735228	0.675017735228	0.675017735228	0.675017735228	0.675017735228	0.680961151716	0.680961151716	0.680956595878	0.68093446752	0.680885004133	0.680560888779	0.680344811876	0.679748647892	0.67890646864	0.678388404741	0.651164667521	0.680960500882	0.680960500882	0.680955945044	0.680935769188	0.680886305801	0.680760043996	0.68027777597	0.679994012327	0.678748966801	0.67834805303	0.638526772058	0.674795149985	0.673319058373	0.095187328	
g__	0.0	0.0	0.0	0.0	0.0	0.0	3.90500426296e-06	3.90500426296e-06	3.90500426296e-06	2.60333617531e-06	0	0	0	0	0	0	0	3.90500426296e-06	3.90500426296e-06	3.90500426296e-06	3.90500426296e-06	0	0	0	0	0	0	0	0	0.0	0	
g__	6.50834043827e-07	6.50834043827e-07	6.50834043827e-07	6.50834043827e-07	6.50834043827e-07	6.50834043827e-07	0	0	0	0	0	0	0	0	0	0	0	0	0	0	0	0	0	0	0	0	0	0	0	0	0	
g__	0	0	0	0	0	0	0	0	0	0	0	0	0	0	0	0	0	0	0	0	0	0	0	0	0	0	0	0	0	0.0	0	
g__Chromatium	0	0	0	0	0	0	1.30166808765e-06	1.30166808765e-06	6.50834043827e-07	0	0	0	0	0	0	0	0	1.30166808765e-06	1.30166808765e-06	6.50834043827e-07	0	0	0	0	0	0	0	0	0	0	0	
g__Microbulbifer	0	0	0	0	0	0	1.30166808765e-06	0	0	0	0	0	0	0	0	0	0	1.30166808765e-06	0	0	0	0	0	0	0	0	0	0	0	0	0	
g__	6.50834043827e-07	6.50834043827e-07	6.50834043827e-07	6.50834043827e-07	6.50834043827e-07	6.50834043827e-07	1.95250213148e-06	1.95250213148e-06	1.95250213148e-06	0	0	0	0	0	0	0	0	1.95250213148e-06	1.95250213148e-06	0	0	0	0	0	0	0	0	0	6.50834043827e-07	0	0	
Other	0	0	0	0	0	0	0	3.25417021914e-06	1.4969183008e-05	3.05892000599e-05	5.271755755e-05	6.89884086457e-05	9.37201023111e-05	0.000173772689702	0.000210219396156	0.000191345208885	6.31309022512e-05	0	7.81000852593e-06	2.01758553586e-05	3.31925362352e-05	4.23042128488e-05	6.44325703389e-05	8.91642640043e-05	0.00012235680024	0.000226490247252	0.000248618604742	0.000165962681176	9.76251065741e-06	3.90500426296e-06	0	
g__Flexispira	0	0	0	0	0	0	6.50834043827e-07	6.50834043827e-07	6.50834043827e-07	6.50834043827e-07	0.0	0.0	0.0	0.0	0	0	0	6.50834043827e-07	6.50834043827e-07	6.50834043827e-07	6.50834043827e-07	0.0	0.0	0.0	0.0	0.0	0	0	0	0	0	
Other	0	0	0	0	0	0	0	0	0	0	0	0	0	0	0.0	0.0	0.0	0	0	0	0	0.0	0.0	0.0	0.0	0.0	0.0	0.0	0	0	0	
Other	0	0	0	0	0	0	0	0	0	1.30166808765e-06	2.60333617531e-06	3.05892000599e-05	7.02900767333e-05	0.000131468476853	0.000278556970758	0.000429550468926	0.0781632161615	0	1.30166808765e-06	1.30166808765e-06	1.95250213148e-06	4.55583830679e-06	3.31925362352e-05	8.13542554784e-05	0.000171169353527	0.000266841957969	0.000381388749683	0.0018294944972	3.25417021914e-06	4.55583830679e-06	0	
Other	0	0	0	0	0	0	0	0.0	0	0	0	0	0	0	0	0	0	0	0	0	0	0	0	0	0	0	0	0	0	0	0	
Other	0	0	0	0	0	0	0	0	0	0	0	0.0	0	0	0	0	0	0	0	0	0	1.95250213148e-06	1.30166808765e-06	0	0	0	0	0	0	0	0	
g__Marinilactibacillus	0	0	0	0	0	0	0.0	0.0	0	0	0	0	0	0	0	0	0	0.0	0	0	0	0	0	0	0	0	0	0	0	0	0	
g__Nautella	0	0	0	0	0	0	1.10641787451e-05	1.04133447012e-05	5.85750639444e-06	1.30166808765e-06	6.50834043827e-07	0	0	0	0	0	0	1.10641787451e-05	9.76251065741e-06	3.25417021914e-06	6.50834043827e-07	6.50834043827e-07	0	0	0	0	0	0	0	0	0	
g__Caloramator	3.90500426296e-06	3.90500426296e-06	3.90500426296e-06	3.90500426296e-06	3.90500426296e-06	3.90500426296e-06	1.95250213148e-06	1.95250213148e-06	1.95250213148e-06	6.50834043827e-07	0	0	0	0	0	0	0	1.95250213148e-06	1.95250213148e-06	1.95250213148e-06	6.50834043827e-07	0	0	0	0	0	0	0	3.90500426296e-06	3.25417021914e-06	0	
g__	0	0	0	0	0	0	0	0	0	0	0	0	0	0	0	0	0	0	0	0	0	0	0	0	0	0	0	0	0	6.50834043827e-07	0	
g__	6.50834043827e-07	6.50834043827e-07	6.50834043827e-07	6.50834043827e-07	6.50834043827e-07	6.50834043827e-07	0	0	0	0	0	0	0	0	0	0	0	0	0	0	0	0	0	0	0	0	0	0	0	0.0	0	
Other	0	0	0	0	0	0	0	0	0	0	0	0	0	0	0	0	0	0	0	6.50834043827e-07	0	0	0	0	0	0	0	0	0	0	0	
g__	0	0	0	0	0	0	1.95250213148e-06	1.95250213148e-06	0	0	0	0	0	0	0	0	0	1.95250213148e-06	1.30166808765e-06	0	0	0	0	0	0	0	0	0	0	0	0	
g__	3.97008766735e-05	3.97008766735e-05	3.97008766735e-05	3.97008766735e-05	3.97008766735e-05	3.97008766735e-05	0	0	0	0	0	0	0	0	0	0	0	0	0	0	0	0	0	0	0	0	0	0	0	0	0	
Other	0	0	0	0	0	0	0	0	0	0	0	0.0	6.50834043827e-07	6.50834043827e-07	2.60333617531e-06	5.20667235062e-06	0	0	0	0	0	1.30166808765e-06	0.0	6.50834043827e-07	0	1.95250213148e-06	3.25417021914e-06	1.30166808765e-06	0	0	0	
g__Trichococcus	0	0	0	0	0	0	0	0	0	0	0	0	0	0	0	0	0	0	0	0	0	0	0	0	0	0	0	0	0	0.0	0	
g__	9.11167661358e-06	9.11167661358e-06	9.11167661358e-06	9.11167661358e-06	9.11167661358e-06	9.11167661358e-06	8.07034214346e-05	8.07034214346e-05	8.07034214346e-05	2.14775234463e-05	5.85750639444e-06	1.30166808765e-06	6.50834043827e-07	0.0	0	0	0	8.07034214346e-05	8.07034214346e-05	7.94017533469e-05	6.63850724704e-05	5.20667235062e-05	1.95250213148e-06	1.30166808765e-06	0.0	0.0	0	0	4.55583830679e-06	6.50834043827e-07	0	
g__Alcanivorax	9.11167661358e-06	9.11167661358e-06	9.11167661358e-06	9.11167661358e-06	9.11167661358e-06	9.11167661358e-06	3.90500426296e-06	1.95250213148e-06	1.95250213148e-06	0	0	0	0	0	0	0	0	3.90500426296e-06	1.95250213148e-06	6.50834043827e-07	0	0	0	0	0	0	0	0	0.0	8.46084256975e-06	0	
Other	0	0	0	0	0	0	0	0	0.0	0.0	0	0	0	0	0.0	0	6.50834043827e-07	0	0	0.0	0	0	0	0	0	0	0	0.0	0	0	0	
Other	0	0	0	0	0	0	0	1.95250213148e-06	6.50834043827e-07	6.50834043827e-07	0	0	0	0	0	0	0	0	1.95250213148e-06	3.25417021914e-06	3.25417021914e-06	0	0	0	0	0	0	0	0	0	0	
Other	0	0	0	0	0	0	0	0	0	0	0	0	0	0	0	0	0	0	0	0	0	0	0	0	0	0	1.30166808765e-06	0	0	0	0	
g__	0.0058939531009	0.0058939531009	0.0058939531009	0.0058939531009	0.0058939531009	0.0058939531009	0.00862420191475	0.00861769357432	0.00859100937852	0.0085506576678	0.00843090420374	0.00829487988858	0.00632024939961	0	0	0	0	0.00862420191475	0.00862420191475	0.00861248690196	0.00853633931884	0.00853113264649	0.0063898886423	4.62092171117e-05	0.0	0	0	0	0.00556983774707	0.00607748830126	0	
g__	0	0	0	0	0	0	7.81000852593e-06	7.81000852593e-06	5.20667235062e-06	1.95250213148e-06	0.0	0	0	0	0	0	0	7.81000852593e-06	7.81000852593e-06	5.85750639444e-06	1.95250213148e-06	0.0	0	0	0	0	0	0	0	0	0	
g__Lysinibacillus	0	0	0	0	0	0	0.0	0.0	0	0	0	0	0	0	0	0	0	0.0	0.0	0.0	0	0	0	0	0	0	0	0	0	0	0	
Other	0	0	0	0	0	0	0	0	1.30166808765e-06	0.000102180944881	0.000104784281056	0.000126912638546	0.000147739327949	0.00024992027283	0.00051871473293	0.000581845635181	0.00449596157476	0	0.0	1.95250213148e-06	1.95250213148e-05	0.0001054351151	0.000124960136415	0.000150993498168	0.000231046085559	0.000359911226236	0.000581194801138	0.00356136388782	0.0	0.0	0	
g__Providencia	0	0	0	0	0	0	6.50834043827e-07	0.0	0	0	0	0	0	0	0	0	0	6.50834043827e-07	6.50834043827e-07	0	0	0	0	0	0	0	0	0	0	0	0	
g__Coriobacterium	0	0	0	0	0	0	8.52592597414e-05	3.25417021914e-06	0	0	0	0	0	0	0	0	0	8.52592597414e-05	3.25417021914e-06	0	0	0	0	0	0	0	0	0	0	0	0	
g__Salinibacterium	0	0	0	0	0	0	0.0	0.0	0.0	0	0	0	0	0	0	0	0	0.0	0.0	0.0	0	0	0	0	0	0	0	0	0	0	0	
Other	0	0	0	0	0	0	0	0	3.25417021914e-06	1.43183489642e-05	2.66841957969e-05	3.83992085858e-05	5.6622561813e-05	8.98150980481e-05	0.000134722647072	0.000181582698228	0.000106736783188	0	0	4.55583830679e-06	1.56200170519e-05	2.60333617531e-05	4.03517107173e-05	0.00012756347259	0.000150993498168	0.000146437659861	0.00017182018757	0.000115848459801	1.10641787451e-05	1.04133447012e-05	0	
g__Enterobacter	0.0	0.0	0.0	0.0	0.0	0.0	1.69216851395e-05	1.69216851395e-05	1.56200170519e-05	9.11167661358e-06	3.25417021914e-06	1.30166808765e-06	0	0	0	0	0	1.69216851395e-05	1.62708510957e-05	1.36675149204e-05	8.46084256975e-06	6.50834043827e-06	1.95250213148e-06	0	0	0	0	0	0	6.50834043827e-07	0	
g__	0	0	0	0	0	0	0	0	0	0	0	0	0	0	0	0	0	0	0	0	0	0	0	0	0	0	0	0	0	0.0	0	
Other	0	0	0	0	0	0	0	0	0	0	0	0	0	0	0	0	0	0	0	0	6.50834043827e-07	0	0	0	0	0	0	0	0	0	0	
g__Umboniibacter	0	0	0	0	0	0	1.10641787451e-05	9.11167661358e-06	5.85750639444e-06	2.60333617531e-06	6.50834043827e-07	0.0	0	0	0	0	0	1.10641787451e-05	9.11167661358e-06	9.11167661358e-06	4.55583830679e-06	6.50834043827e-07	0	0	0	0	0	0	0	0	0	
g__Streptococcus	0.086708667157	0.086708667157	0.086708667157	0.086708667157	0.086708667157	0.086708667157	0.0867633372166	0.0867633372166	0.0867503205358	0.0867503205358	0.0867496697017	0.0867477171996	0.0854063482353	0.0853705523629	0.0852130505242	0.0846181882082	0.00718650951194	0.0867633372166	0.0867633372166	0.0867503205358	0.0867503205358	0.0867503205358	0.0867457646975	0.0867412088592	0.0852579580733	0.0846852241147	0.0845960598507	0.0842927711863	0.0867054129867	0.0867613847145	0.142780992	
g__Neisseria	0.0012281238407	0.0012281238407	0.0012281238407	0.0012281238407	0.0012281238407	0.0012281238407	0.00122747300666	0.00122747300666	0.00122747300666	0.00122747300666	0.00122747300666	0.00122682217261	0.00122031383218	0.00121836133004	0.00121705966196	0.00121445632578	0.00120339214704	0.00122747300666	0.00122747300666	0.00122747300666	0.00122747300666	0.00122682217261	0.00122682217261	0.00122552050453	0.00121901216409	0.001217710496	0.00121380549174	0.00120339214704	0.0012281238407	0.0012281238407	0.002143163	
Other	0	0	0	0	0	0	0	0	0	1.30166808765e-06	1.30166808765e-06	0	0	0	0	0	0	0	0	0	6.50834043827e-07	1.30166808765e-06	0	0	0	0	0	0	0	0	0	
Other	0	0	0	0	0	0	0	0	0	0.0	0.0	0.0	0	0	0	0	6.50834043827e-07	0	0	0	0	0	0.0	0	0	0	0	6.50834043827e-07	0	0	0	
g__Bacteroides	0.000250571106873	0.000250571106873	0.000250571106873	0.000250571106873	0.000250571106873	0.000250571106873	0.000250571106873	0.000250571106873	0.000250571106873	0.000250571106873	0.000250571106873	0.000250571106873	0.000250571106873	0.000250571106873	0.000250571106873	0.000250571106873	0.000247316936654	0.000250571106873	0.000250571106873	0.000250571106873	0.000250571106873	0.000250571106873	0.000250571106873	0.000250571106873	0.000250571106873	0.000250571106873	0.000250571106873	0.00024666610261	0.000250571106873	0.000250571106873	0.000214316	
g__	6.50834043827e-07	6.50834043827e-07	6.50834043827e-07	6.50834043827e-07	6.50834043827e-07	6.50834043827e-07	0	0	0	0	0	0	0	0	0	0	0	0	0	0	0	0	0	0	0	0	0	0	0	0	0	
Other	0	0	0	0	0	0	0	0	0	0.0	6.50834043827e-07	1.30166808765e-06	7.81000852593e-06	9.76251065741e-06	1.04133447012e-05	5.85750639444e-06	3.90500426296e-06	0	0	0	6.50834043827e-07	1.30166808765e-06	1.30166808765e-06	2.60333617531e-06	8.46084256975e-06	9.76251065741e-06	6.50834043827e-06	1.10641787451e-05	0	0	0	
g__	1.30166808765e-05	1.30166808765e-05	1.30166808765e-05	1.30166808765e-05	1.30166808765e-05	1.30166808765e-05	0	0	0	0	0	0	0	0	0	0	0	0	0	0	0	0	0	0	0	0	0	0	1.4969183008e-05	1.75725191833e-05	0	
g__Solibacillus	0	0	0	0	0	0	0	0	0	0	0	0	0	0	0	0	0	0	0	0	0	0	0	0	0	0	0	0	0	6.50834043827e-07	0	
g__	0	0	0	0	0	0	0	0	0	0	0	0	0	0	0	0	0	0	0	0	0	0	0	0	0	0	0	0	0.0	3.25417021914e-06	0	
g__Bradyrhizobium	0	0	0	0	0	0	0.0	0.0	0.0	0.0	0.0	0.0	0.0	0.0	0.0	0.0	0.0	0.0	0.0	0.0	0.0	0.0	0.0	0.0	0.0	0.0	0.0	0.0	0	0	0	
g__Candidatus Korarchaeum	0	0	0	0	0	0	0	0	0	0	0	0	0	0	0	0	0	6.50834043827e-07	6.50834043827e-07	0	0	0	0	0	0	0	0	0	0	0	0	
g__Erwinia	3.90500426296e-06	3.90500426296e-06	3.90500426296e-06	3.90500426296e-06	3.90500426296e-06	3.90500426296e-06	9.24184342235e-05	8.98150980481e-05	5.14158894623e-05	3.3843370279e-05	1.62708510957e-05	4.55583830679e-06	0	0	0	0	0	9.30692682673e-05	8.52592597414e-05	4.68600511556e-05	2.47316936654e-05	1.43183489642e-05	3.25417021914e-06	2.60333617531e-06	0	0	0	0	0	6.50834043827e-07	0	
g__Salmonella	0	0	0	0	0	0	3.25417021914e-06	6.50834043827e-07	6.50834043827e-07	0	0	0	0	0	0	0	0	3.25417021914e-06	6.50834043827e-07	6.50834043827e-07	0.0	6.50834043827e-07	0	0	0	0	0	0	0	0	0	
g__	0	0	0	0	0	0	0.0	0.0	0	0	0	0	0	0	0	0	0	0.0	0.0	0	0	0	0	0	0	0	0	0	0	0	0	
Other	0	0	0	0	0	0	0	0	0	0	0	0	0	0	0	3.90500426296e-06	3.90500426296e-06	0	0	0	0	0	0	0	0	0	3.90500426296e-06	3.90500426296e-06	0	0	0	
g__Proteus	0.0	0.0	0.0	0.0	0.0	0.0	0	0	0	0	0	0	0	0	0	0	0	0	0	0	0	0	0	0	0	0	0	0	0.0	1.95250213148e-06	0	
Other	0	0	0	0	0	0	0	0	0.0	0	0	0	0	0	0	0	0	0	0	0	0	0	0	0	0	0	0	0	0	0	0	
g__Chelativorans	0	0	0	0	0	0	2.60333617531e-06	2.60333617531e-06	2.60333617531e-06	6.50834043827e-07	0	0	0	0	0	0	0	2.60333617531e-06	2.60333617531e-06	2.60333617531e-06	1.30166808765e-06	0	0	0	0	0	0	0	0	0	0	
Other	0	0	0	0	0	0	0	0	0	0	0	0	0	0	0	0	1.95250213148e-06	0	0	0	0	0	0	0	0	0	0	1.95250213148e-06	0	0	0	
g__Jeotgalicoccus	0	0	0	0	0	0	6.50834043827e-07	6.50834043827e-07	6.50834043827e-07	6.50834043827e-07	0	0	0	0	0	0	0	6.50834043827e-07	6.50834043827e-07	6.50834043827e-07	0.0	0	0	0	0	0	0	0	0	0	0	
Other	0	0	0	0	0	0	0	0	0	0	0	0	0	0.0	6.50834043827e-07	1.30166808765e-06	6.50834043827e-07	0	0	0	0	0	0	0	0.0	0.0	6.50834043827e-07	6.50834043827e-07	0	0	0	
Other	0	0	0	0	0	0	0	0.0	9.76251065741e-06	2.86366979284e-05	3.25417021914e-05	0.000173772689702	3.25417021914e-05	3.12400341037e-05	3.90500426296e-06	0	0	0	0	1.30166808765e-05	2.79858638846e-05	1.4969183008e-05	4.23042128488e-05	3.31925362352e-05	4.55583830679e-06	3.90500426296e-06	0	0	9.76251065741e-06	1.30166808765e-06	0	
g__B46	1.95250213148e-06	1.95250213148e-06	1.95250213148e-06	1.95250213148e-06	1.95250213148e-06	1.95250213148e-06	0	0	0	0	0	0	0	0	0	0	0	0	0	0	0	0	0	0	0	0	0	0	1.95250213148e-06	0	0	
Other	0	0	0	0	0	0	0	0	0.0	6.50834043827e-07	0.0	0	0	0	0	0	0	0	0	0.0	0.0	0	0	0	0	0	0	0	0	0	0	
g__Vagococcus	0.0	0.0	0.0	0.0	0.0	0.0	0.0	0.0	0.0	0.0	0.0	0.0	0.0	0.0	0	0	0	0.0	0.0	0.0	0.0	0.0	0.0	0.0	0	0	0	0	0.0	6.50834043827e-07	0	
g__	0	0	0	0	0	0	0	0	0	0	0	0	0	0	0	0	0	0	0	0	0	0	0	0	0	0	0	0	0	6.50834043827e-07	0	
g__Actinomyces	5.72733958568e-05	5.72733958568e-05	5.72733958568e-05	5.72733958568e-05	5.72733958568e-05	5.72733958568e-05	5.72733958568e-05	5.72733958568e-05	5.72733958568e-05	5.72733958568e-05	5.72733958568e-05	5.72733958568e-05	5.72733958568e-05	5.72733958568e-05	5.6622561813e-05	5.53208937253e-05	5.14158894623e-05	5.72733958568e-05	5.72733958568e-05	5.72733958568e-05	5.72733958568e-05	5.72733958568e-05	5.72733958568e-05	5.72733958568e-05	5.72733958568e-05	5.72733958568e-05	5.59717277691e-05	5.14158894623e-05	5.72733958568e-05	5.72733958568e-05	0.000214316	
g__	0.0	0.0	0.0	0.0	0.0	0.0	0	0	0	0	0	0	0	0	0	0	0	0	0	0	0	0	0	0	0	0	0	0	0.0	0.0	0	
Other	0	0	0	0	0	0	0	0	0	0	0	0	0	0	0	0	1.95250213148e-06	0	0	0	0	0	0	0	0	0	1.95250213148e-06	1.95250213148e-06	0.0	0.0	0	
g__	6.50834043827e-07	6.50834043827e-07	6.50834043827e-07	6.50834043827e-07	6.50834043827e-07	6.50834043827e-07	4.55583830679e-06	1.95250213148e-06	6.50834043827e-07	0	0	0	0	0	0	0	0	4.55583830679e-06	1.95250213148e-06	6.50834043827e-07	0	0	0	0	0	0	0	0	6.50834043827e-07	3.90500426296e-06	0	
g__Viridibacillus	0	0	0	0	0	0	2.01758553586e-05	2.01758553586e-05	1.82233532272e-05	5.20667235062e-06	6.50834043827e-07	1.30166808765e-06	0	0	0	0	0	2.01758553586e-05	1.95250213148e-05	1.17150127889e-05	5.20667235062e-06	1.30166808765e-06	0	0	0	0	0	0	0	0	0	
Other	0	0	0	0	0	0	0	0	0	0	0	0	0	0	0	0	1.30166808765e-06	0	0	0	0	0	0	0	0	0	0	6.50834043827e-07	0	0	0	
g__	0	0	0	0	0	0	0.0	0.0	0	0	0	0	0	0	0	0	0	0.0	0.0	0	0	0	0	0	0	0	0	0	0	0	0	
g__Eikenella	0	0	0	0	0	0	0.0	0.0	0.0	0	0	0	0	0	0	0	0	0.0	0.0	0.0	0.0	0	0	0	0	0	0	0	0	0	0	
g__Oxobacter	1.95250213148e-06	1.95250213148e-06	1.95250213148e-06	1.95250213148e-06	1.95250213148e-06	1.95250213148e-06	0	0	0	0	0	0	0	0	0	0	0	0	0	0	0	0	0	0	0	0	0	0	3.25417021914e-06	0	0	
g__Vulcanisaeta	0	0	0	0	0	0	7.81000852593e-06	7.81000852593e-06	0	0	0	0	0	0	0	0	0	7.81000852593e-06	7.81000852593e-06	0	0	0	0	0	0	0	0	0	0	0	0	
Other	0	0	0	0	0	0	0	0.0	0	0	0.0	0	0	0	0	0	0	0	0	6.50834043827e-07	0.0	0.0	0.0	0	0	0	0	0	0	0	0	
g__	0	0	0	0	0	0	6.50834043827e-07	6.50834043827e-07	0	0	0	0	0	0	0	0	0	6.50834043827e-07	6.50834043827e-07	0	0	0	0	0	0	0	0	0	0	0	0	
g__Thiothrix	0	0	0	0	0	0	1.30166808765e-06	1.30166808765e-06	6.50834043827e-07	0	0	0	0	0	0	0	0	1.30166808765e-06	1.30166808765e-06	6.50834043827e-07	0	0	0	0	0	0	0	0	0	0	0	
g__	0	0	0	0	0	0	0.0	0.0	0.0	0.0	0	0	0	0	0	0	0	0.0	0.0	0.0	0	0	0	0	0	0	0	0	0	0	0	
g__	0.000168566017351	0.000168566017351	0.000168566017351	0.000168566017351	0.000168566017351	0.000168566017351	1.82233532272e-05	1.82233532272e-05	1.4969183008e-05	8.46084256975e-06	3.90500426296e-06	0	6.50834043827e-07	0	0	0	0	1.82233532272e-05	1.82233532272e-05	1.36675149204e-05	8.46084256975e-06	1.95250213148e-06	0	0	0	0	0	0	3.90500426296e-05	4.55583830679e-05	0	
Other	0	0	0	0	0	0	0	0	1.30166808765e-06	0	0	0.0	1.95250213148e-06	1.95250213148e-06	3.25417021914e-06	1.95250213148e-06	3.25417021914e-06	0	0	0.0	0.0	0.0	0.0	6.50834043827e-07	1.95250213148e-06	4.55583830679e-06	1.30166808765e-06	4.55583830679e-06	0	0	0	
g__	0.043421694902	0.043421694902	0.043421694902	0.043421694902	0.043421694902	0.043421694902	0.042990842765	0.042990842765	0.0429895410969	0.0429537452245	0.0424656196916	0.0419722874864	0.0417698780988	0.0149073537739	0.0213460549694	0.000421089626356	0	0.042990191931	0.042990191931	0.0429888902629	0.0425964373344	0.0424949072236	0.0423784079298	0.0417640205924	0.0416208371027	0.0198641058516	1.75725191833e-05	0	0.0433891531998	0.0433780890211	0	
g__Loktanella	0	0	0	0	0	0	1.75725191833e-05	1.56200170519e-05	1.43183489642e-05	7.1591744821e-06	6.50834043827e-07	0.0	0	0	0	0	0	1.75725191833e-05	1.4969183008e-05	1.43183489642e-05	5.85750639444e-06	1.30166808765e-06	1.30166808765e-06	0	0	0	0	0	0	0	0	
g__	6.50834043827e-07	6.50834043827e-07	6.50834043827e-07	6.50834043827e-07	6.50834043827e-07	6.50834043827e-07	0	0	0	0	0	0	0	0	0	0	0	0	0	0	0	0	0	0	0	0	0	0	0	0.0	0	
g__Pelobacter	0	0	0	0	0	0	2.60333617531e-06	2.60333617531e-06	0	0	0	0	0	0	0	0	0	2.60333617531e-06	2.60333617531e-06	0.0	0	0	0	0	0	0	0	0	0	0	0	
g__Azomonas	0	0	0	0	0	0	1.95250213148e-06	1.95250213148e-06	1.30166808765e-06	1.30166808765e-06	0	0	0	0	0	0	0	1.95250213148e-06	1.95250213148e-06	0.0	0	0	0	0	0	0	0	0	0	0	0	
g__Devosia	2.9938366016e-05	2.9938366016e-05	2.9938366016e-05	2.9938366016e-05	2.9938366016e-05	2.9938366016e-05	2.9938366016e-05	2.9938366016e-05	2.9938366016e-05	2.9938366016e-05	2.9938366016e-05	2.9938366016e-05	2.9938366016e-05	2.9938366016e-05	2.9938366016e-05	2.86366979284e-05	2.79858638846e-05	2.9938366016e-05	2.9938366016e-05	2.9938366016e-05	2.9938366016e-05	2.9938366016e-05	2.9938366016e-05	2.9938366016e-05	2.9938366016e-05	2.9938366016e-05	2.79858638846e-05	2.79858638846e-05	2.9938366016e-05	2.9938366016e-05	0	
Other	0	0	0	0	0	0	0	0	0	0	0	0	0	0	0	0	0	0	0	0	0	0	0	0	0	0	0	0	6.50834043827e-07	6.50834043827e-07	0	
g__Aeromicrobium	6.50834043827e-07	6.50834043827e-07	6.50834043827e-07	6.50834043827e-07	6.50834043827e-07	6.50834043827e-07	6.50834043827e-07	6.50834043827e-07	6.50834043827e-07	6.50834043827e-07	6.50834043827e-07	6.50834043827e-07	6.50834043827e-07	6.50834043827e-07	6.50834043827e-07	6.50834043827e-07	0	6.50834043827e-07	6.50834043827e-07	6.50834043827e-07	6.50834043827e-07	6.50834043827e-07	6.50834043827e-07	6.50834043827e-07	6.50834043827e-07	6.50834043827e-07	6.50834043827e-07	6.50834043827e-07	6.50834043827e-07	6.50834043827e-07	0	
g__	1.82233532272e-05	1.82233532272e-05	1.82233532272e-05	1.82233532272e-05	1.82233532272e-05	1.82233532272e-05	2.60333617531e-06	2.60333617531e-06	2.60333617531e-06	2.60333617531e-06	1.95250213148e-06	1.95250213148e-06	0	0	0	0	0	2.60333617531e-06	2.60333617531e-06	2.60333617531e-06	2.60333617531e-06	2.60333617531e-06	0	0	0	0	0	0	3.90500426296e-06	2.08266894025e-05	0	
g__Propionibacterium	5.85750639444e-06	5.85750639444e-06	5.85750639444e-06	5.85750639444e-06	5.85750639444e-06	5.85750639444e-06	5.85750639444e-06	5.85750639444e-06	5.85750639444e-06	5.85750639444e-06	5.85750639444e-06	5.85750639444e-06	5.85750639444e-06	5.85750639444e-06	5.85750639444e-06	5.85750639444e-06	5.85750639444e-06	5.85750639444e-06	5.85750639444e-06	5.85750639444e-06	5.85750639444e-06	5.85750639444e-06	5.85750639444e-06	5.85750639444e-06	5.85750639444e-06	5.85750639444e-06	5.85750639444e-06	5.85750639444e-06	5.85750639444e-06	5.85750639444e-06	0.002143163	
Other	0	0	0	0	0	0	0	0	0	0	0	0	0	0	0	0	0	0	0	0	0	0	0.0	0	0	0	0	0	0	0	0	
Other	0	0	0	0	0	0	0	0	0.0	0.0	0.0	0	0.0	0.0	0.0	6.50834043827e-07	2.60333617531e-06	0	0	0.0	0.0	0.0	0	0.0	0.0	0.0	6.50834043827e-07	1.95250213148e-06	0	0	0	
Other	0	0	0	0	0	0	0	1.30166808765e-06	0	0	0	0	0	0	0	0	0	0	0	1.30166808765e-06	0	0	0	0	0	0	0	0	0	0	0	
g__	0.00121315465769	0.00121315465769	0.00121315465769	0.00121315465769	0.00121315465769	0.00121315465769	0.00120599548321	0.00120599548321	0.00120599548321	0.00120469381512	0.00118386712572	0.00118126378955	0.00117996212146	0.00117996212146	0.00117866045337	0.00117800961933	0	0.00120599548321	0.00120599548321	0.00120599548321	0.00118581962785	0.00118386712572	0.00118191462359	0.00117996212146	0.00117996212146	0.00117866045337	0.00117800961933	0	0.00118321629168	0.00120274131299	0.002143163	
g__Phaeobacter	0	0	0	0	0	0	7.81000852593e-06	7.1591744821e-06	5.85750639444e-06	0	0	0	0	0	0	0	0	7.81000852593e-06	7.1591744821e-06	4.55583830679e-06	1.95250213148e-06	0	0	0	0	0	0	0	0	0	0	
g__Ralstonia	6.50834043827e-07	6.50834043827e-07	6.50834043827e-07	6.50834043827e-07	6.50834043827e-07	6.50834043827e-07	6.50834043827e-07	6.50834043827e-07	6.50834043827e-07	6.50834043827e-07	6.50834043827e-07	6.50834043827e-07	6.50834043827e-07	6.50834043827e-07	6.50834043827e-07	6.50834043827e-07	0	6.50834043827e-07	6.50834043827e-07	6.50834043827e-07	6.50834043827e-07	6.50834043827e-07	6.50834043827e-07	6.50834043827e-07	6.50834043827e-07	6.50834043827e-07	6.50834043827e-07	6.50834043827e-07	6.50834043827e-07	6.50834043827e-07	0	
g__HTCC	1.95250213148e-06	1.95250213148e-06	1.95250213148e-06	1.95250213148e-06	1.95250213148e-06	1.95250213148e-06	0	0	0	0	0	0	0	0	0	0	0	0	0	0	0	0	0	0	0	0	0	0	0	6.50834043827e-07	0	
Other	0	0	0	0	0	0	0	0	0	0	0.0	0.0	0.0	0.0	0.0	0	0	0	0	0	0.0	0	0.0	0.0	0.0	0.0	0	0	0	0	0	
g__Alishewanella	0	0	0	0	0	0	6.50834043827e-07	6.50834043827e-07	6.50834043827e-07	0	0	0	0	0	0	0	0	6.50834043827e-07	6.50834043827e-07	6.50834043827e-07	0	0	0	0	0	0	0	0	0	0	0	
NO_HIT	0.000118451795977	0.000118451795977	0.000118451795977	0.000118451795977	0.000118451795977	0.000118451795977	0	0	0	0	0	0	0	0	0	0	0	0	0	0	0	0	0	0	0	0	0	0	0.000115848459801	1.56200170519e-05	0	
g__Escherichia	0	0	0	0	0	0	0	0	0	0	0	0	0	0	0	0	0	0	0	0	0	0	0	0	0	0	0	0	0	0	0.214316331	
g__	0	0	0	0	0	0	0	0	0	0	0	0	0	0	0	0	0	0	0	0	0	0	0	0	0	0	0	0	0	6.50834043827e-07	0	
g__Alkalibacterium	0	0	0	0	0	0	1.95250213148e-06	1.95250213148e-06	1.95250213148e-06	1.95250213148e-06	1.30166808765e-06	1.30166808765e-06	0	0	0	0	0	1.95250213148e-06	1.95250213148e-06	1.95250213148e-06	1.30166808765e-06	1.30166808765e-06	1.30166808765e-06	0	0	0	0	0	0	0	0	
g__Haemophilus	3.90500426296e-06	3.90500426296e-06	3.90500426296e-06	3.90500426296e-06	3.90500426296e-06	3.90500426296e-06	3.90500426296e-06	3.90500426296e-06	3.90500426296e-06	3.90500426296e-06	3.90500426296e-06	3.90500426296e-06	3.90500426296e-06	3.90500426296e-06	3.90500426296e-06	0	0	3.90500426296e-06	3.90500426296e-06	3.90500426296e-06	3.90500426296e-06	3.90500426296e-06	3.90500426296e-06	3.90500426296e-06	3.90500426296e-06	3.90500426296e-06	0	0	3.90500426296e-06	3.90500426296e-06	0	
g__Desemzia	0.0	0.0	0.0	0.0	0.0	0.0	0	0	0	0	0	0	0	0	0	0	0	0	0	0	0	0	0	0	0	0	0	0	0	0	0	
Other	0	0	0	0	0	0	0	0	6.50834043827e-07	6.50834043827e-07	1.30166808765e-06	6.50834043827e-07	1.30166808765e-06	1.95250213148e-06	3.90500426296e-06	3.25417021914e-06	5.20667235062e-06	0	0	6.50834043827e-07	1.30166808765e-06	6.50834043827e-07	1.95250213148e-06	1.30166808765e-06	1.95250213148e-06	3.25417021914e-06	5.20667235062e-06	2.60333617531e-06	0.00923143007764	0.00923208091169	0	
g__Rhodobium	0	0	0	0	0	0	6.50834043827e-07	6.50834043827e-07	0	0	0	0	0	0	0	0	0	6.50834043827e-07	6.50834043827e-07	0	0	0	0	0	0	0	0	0	0	0	0	
g__	0.00879732377041	0.00879732377041	0.00879732377041	0.00879732377041	0.00879732377041	0.00879732377041	0.000192646876973	0.000192646876973	0.000169216851395	0.000160756008825	0.000139929319423	6.50834043827e-07	0	0	0	0	0	0.000192646876973	0.000192646876973	0.000179630196096	0.000161406842869	0.000159454340738	0	0	0	0	0	0	0.00879016459593	0.00877910041718	0	
g__	6.50834043827e-07	6.50834043827e-07	6.50834043827e-07	6.50834043827e-07	6.50834043827e-07	6.50834043827e-07	0	0	0	0	0	0	0	0	0	0	0	0	0	0	0	0	0	0	0	0	0	0	6.50834043827e-07	6.50834043827e-07	0	
g__Planococcus	0	0	0	0	0	0	1.56200170519e-05	6.50834043827e-06	0	0	0	0	0	0	0	0	0	1.62708510957e-05	8.46084256975e-06	0.0	0	0	0	0	0	0	0	0	0	0	0	
g__Thalassobius	0	0	0	0	0	0	4.55583830679e-06	4.55583830679e-06	1.30166808765e-06	4.55583830679e-06	0	0	0	0	0	0	0	4.55583830679e-06	1.30166808765e-06	0	0	0	0	0	0	0	0	0	0	0	0	
g__Salinicoccus	1.95250213148e-06	1.95250213148e-06	1.95250213148e-06	1.95250213148e-06	1.95250213148e-06	1.95250213148e-06	1.43183489642e-05	1.43183489642e-05	1.43183489642e-05	1.36675149204e-05	1.95250213148e-06	0.0	0	0	0	0	0	1.43183489642e-05	1.43183489642e-05	1.43183489642e-05	1.36675149204e-05	4.55583830679e-06	0.0	0	0	0	0	0	6.50834043827e-06	8.46084256975e-06	0	
g__Methylobacterium	0.0	0.0	0.0	0.0	0.0	0.0	0.0	0.0	0.0	0.0	0.0	0.0	0.0	0.0	0.0	0.0	0.0	0.0	0.0	0.0	0.0	0.0	0.0	0.0	0.0	0.0	0.0	0.0	0.0	0.0	0	
g__	0	0	0	0	0	0	0	0	0	0	0	0	0	0	0	0	0	0	0	0	0	0	0	0	0	0	0	0	0	0.0	0	
Other	0	0	0	0	0	0	0	0	6.50834043827e-07	4.55583830679e-06	1.10641787451e-05	2.60333617531e-05	2.60333617531e-05	3.7748374542e-05	7.81000852593e-05	0.000244713600479	0.00033843370279	0	0	1.30166808765e-06	5.85750639444e-06	1.30166808765e-05	1.8874187271e-05	2.92875319722e-05	3.90500426296e-05	6.96392426895e-05	0.00016661351522	0.000388547924165	1.95250213148e-06	1.95250213148e-06	0	
g__Pseudomonas	0.0167771999818	0.0167771999818	0.0167771999818	0.0167771999818	0.0167771999818	0.0167771999818	0.0164283529343	0.0164283529343	0.0164277021002	0.0164257495981	0.0164205429258	0.0164003670704	0.0163808420491	0.0154156551621	0.0153557784301	3.90500426296e-06	0	0.0164283529343	0.0164283529343	0.0164277021002	0.0164264004322	0.0164205429258	0.0164036212406	0.016380191215	0.0010751778404	6.70359065142e-05	3.90500426296e-06	0	0.0167147199136	0.0167785016499	0.021431633	
g__Lactobacillus	0.000124309302371	0.000124309302371	0.000124309302371	0.000124309302371	0.000124309302371	0.000124309302371	0.000124960136415	0.000124960136415	0.000124960136415	0.000124960136415	0.000124309302371	0.000124309302371	0.00012235680024	0.000119753464064	0.000116499293845	0.000111943455538	9.11167661358e-05	0.000124960136415	0.000124960136415	0.000124960136415	0.000124960136415	0.000124960136415	0.000124309302371	0.00012235680024	0.00011910263002	0.000115848459801	0.000109990953407	0.000100879276793	0.000124309302371	0.000126261804502	0.002143163	
Other	0	0	0	0	0	0	0	0	0	0	0	0	0	0	0	0	0	0	0	0.0	0	0	0	0	0	0	0	0	0	0	0	
Other	0	0	0	0	0	0	0	0.0	2.60333617531e-06	3.90500426296e-06	1.04133447012e-05	1.4969183008e-05	3.05892000599e-05	3.70975404981e-05	4.8812553287e-05	7.22425788648e-05	0.000342989541097	0	0	1.95250213148e-06	3.90500426296e-06	1.17150127889e-05	2.14775234463e-05	2.9938366016e-05	4.29550468926e-05	4.16533788049e-05	6.89884086457e-05	0.000290271983547	4.55583830679e-06	3.25417021914e-06	0	
Other	0	0	0	0	0	0	0	0	7.81000852593e-06	6.50834043827e-07	6.50834043827e-07	5.85750639444e-06	5.85750639444e-06	0	0	0	0	0	0	8.46084256975e-06	7.81000852593e-06	0	5.85750639444e-06	5.85750639444e-06	5.85750639444e-06	0	0	0	0	0	0	
Other	0	0	0	0	0	0	0	0	0	6.50834043827e-07	0	0	0	0	0	0	0	0	0	0	0	0	0	0	0	0	0	0	0	0	0	
g__Sediminibacterium	1.95250213148e-06	1.95250213148e-06	1.95250213148e-06	1.95250213148e-06	1.95250213148e-06	1.95250213148e-06	1.95250213148e-06	1.95250213148e-06	1.95250213148e-06	1.95250213148e-06	1.95250213148e-06	1.95250213148e-06	1.95250213148e-06	1.95250213148e-06	1.95250213148e-06	1.95250213148e-06	0	1.95250213148e-06	1.95250213148e-06	1.95250213148e-06	1.95250213148e-06	1.95250213148e-06	1.95250213148e-06	1.95250213148e-06	1.95250213148e-06	1.95250213148e-06	1.95250213148e-06	0	1.95250213148e-06	1.95250213148e-06	0	
g__	0.0	0.0	0.0	0.0	0.0	0.0	0	0	0	0	0	0	0	0	0	0	0	0	0	0	0	0	0	0	0	0	0	0	0	0	0	
Other	0	0	0	0	0	0	0	0	0.0	1.30166808765e-06	0	0	0	0	0	0	0	0	0	0.0	0	6.50834043827e-07	0	0	0	0	0	0	0.0	0.0	0	
g__	0	0	0	0	0	0	6.50834043827e-07	6.50834043827e-07	6.50834043827e-07	6.50834043827e-07	0.0	0	0	0	0	0	0	6.50834043827e-07	6.50834043827e-07	6.50834043827e-07	0.0	0.0	0	0	0	0	0	0	0	0	0	
Other	0	0	0	0	0	0	0	1.30166808765e-05	6.83375746019e-05	0.000132119310897	0.000652135711915	0.00114807125331	0.00132770144941	0.0281270948721	0.0215985785784	0.0423426120574	0.0415596587026	0	2.14775234463e-05	6.83375746019e-05	0.000504396383966	0.000616990673548	0.000740649141875	0.00132444727919	0.00141165904106	0.0230994018835	0.0427767183646	0.0416488229666	3.25417021914e-06	6.50834043827e-07	0	
g__Desulfotomaculum	0.0	0.0	0.0	0.0	0.0	0.0	0	0	0	0	0	0	0	0	0	0	0	0	0	0	0	0	0	0	0	0	0	0	0	0	0	
g__	2.01758553586e-05	2.01758553586e-05	2.01758553586e-05	2.01758553586e-05	2.01758553586e-05	2.01758553586e-05	0.000311749506993	0.000311749506993	0.000287017813328	0.00026358778775	0.000255777779224	0.000254476111136	7.5496749084e-05	3.7748374542e-05	0.0	0	0	0.000311749506993	0.000311749506993	0.000287668647372	0.000265540289881	0.000254476111136	8.78625959167e-05	4.94633873309e-05	6.50834043827e-07	0.0	0	0	8.46084256975e-06	7.81000852593e-06	0	
Other	0	0	0	0	0	0	0	0	0	0.0	0.0	0	0	0	0	0	0	0	0	0	0.0	0	0	0	0	0	0	0	0	0	0	
g__	0	0	0	0	0	0	0	0	0	0	0	0	0	0	0	0	0	0	0	0	0	0	0	0	0	0	0	0	6.50834043827e-07	0.0	0	
g__Conchiformibius	0	0	0	0	0	0	0.0	0.0	0.0	0.0	0.0	0	0	0	0	0	0	0.0	0.0	0.0	0.0	0.0	0.0	0	0	0	0	0	0	0	0	
Other	0	0	0	0	0	0	0	0.0	1.95250213148e-06	5.46700596815e-05	5.98767320321e-05	6.70359065142e-05	0.00134332146646	6.7686740558e-05	0.000178328528009	0.000552558103209	0.000186138536535	0	6.50834043827e-07	6.50834043827e-07	1.23658468327e-05	1.43183489642e-05	2.79858638846e-05	2.9938366016e-05	0.000137976817291	6.31309022512e-05	0.00066840656301	9.43709363549e-05	1.95250213148e-06	1.30166808765e-06	0	
Other	0	0	0	0	0	0	0	0.0	4.55583830679e-06	1.17150127889e-05	4.29550468926e-05	0.000287668647372	0.000160756008825	0.000285065311196	0.000684026580062	0.00011910263002	0.0224173278056	0	6.50834043827e-07	3.25417021914e-06	1.23658468327e-05	3.64467064543e-05	8.72117618728e-05	7.5496749084e-05	8.91642640043e-05	0.000287017813328	0.000147739327949	0.00951389205267	1.95250213148e-06	0.0	0	
g__	0	0	0	0	0	0	0	0	0	0	0	0	0	0	0	0	0	0	0	0	0	0	0	0	0	0	0	0	1.95250213148e-06	0	0	
Other	0	0	0	0	0	0	0	0	0	0	0	0	0	0	0	0	0	0	0	0	6.50834043827e-07	8.46084256975e-06	8.46084256975e-06	8.46084256975e-06	9.11167661358e-06	1.4969183008e-05	0.000117150127889	0.00014123098751	0	0	0	
g__	0.0	0.0	0.0	0.0	0.0	0.0	1.30166808765e-06	1.30166808765e-06	0.0	0.0	0.0	0.0	0.0	0.0	0.0	0	0	1.30166808765e-06	1.30166808765e-06	6.50834043827e-07	0.0	0.0	0.0	0.0	0.0	0	0	0	0.0	0.0	0	
Other	0	0	0	0	0	0	0	0	6.50834043827e-07	5.85750639444e-06	5.85750639444e-06	0	0	0	0	0	6.50834043827e-07	0	0	0	5.85750639444e-06	5.85750639444e-06	0	0	0	0	0	0.0	0	0	0	
g__Sinorhizobium	6.50834043827e-07	6.50834043827e-07	6.50834043827e-07	6.50834043827e-07	6.50834043827e-07	6.50834043827e-07	0	0	0	0	0	0	0	0	0	0	0	0	0	0	0	0	0	0	0	0	0	0	0.0	1.30166808765e-06	0	
g__Alkanindiges	0.0	0.0	0.0	0.0	0.0	0.0	0.0	0.0	0.0	0.0	0.0	0	0	0	0	0	0	0.0	0.0	0.0	0.0	0.0	0	0	0	0	0	0	0.0	6.50834043827e-07	0	
g__Candidatus Blochmannia	0	0	0	0	0	0	0	0	0	0	0	0	0	0	0	0	0	6.50834043827e-07	6.50834043827e-07	0	0	0	0	0	0	0	0	0	0	0	0	
g__Candidatus Portiera	2.60333617531e-06	2.60333617531e-06	2.60333617531e-06	2.60333617531e-06	2.60333617531e-06	2.60333617531e-06	0	0	0	0	0	0	0	0	0	0	0	0	0	0	0	0	0	0	0	0	0	0	2.60333617531e-06	6.50834043827e-07	0	
Other	0	0	0	0	0	0	0	0	0	0	0	0	0	0	0	0	1.30166808765e-06	0	0	0	0	0	0	0	0	0	0	0	0	0	0	
Other	0	0	0	0	0	0	0	0	6.50834043827e-07	1.30166808765e-06	3.90500426296e-06	6.50834043827e-07	0	0	0	1.30166808765e-06	1.95250213148e-06	0	0	0	1.95250213148e-06	4.55583830679e-06	3.90500426296e-06	0	0	0	6.50834043827e-07	1.95250213148e-06	6.50834043827e-07	0	0	
Other	0	0	0	0	0	0	0	5.20667235062e-06	1.43183489642e-05	3.3843370279e-05	4.23042128488e-05	5.46700596815e-05	7.67984171716e-05	0.000124309302371	0.000212171898288	0.000418486290181	0.00116434210441	0	4.55583830679e-06	1.4969183008e-05	2.9938366016e-05	4.10025447611e-05	5.20667235062e-05	8.72117618728e-05	0.000150342664124	0.000206314391893	0.000419787958269	0.00105500198504	9.76251065741e-06	9.11167661358e-06	0	
g__	0	0	0	0	0	0	0	0	0	0	0	0	0	0	0	0	0	0	0	0	0	0	0	0	0	0	0	0	0	6.50834043827e-07	0	
Other	0	0	0	0	0	0	0	0	0	0	0	0	0	0	0	0	6.50834043827e-07	0	0	0	0	0	0	0	0	0	0	0	0	0	0	
g__	0	0	0	0	0	0	0.0	0.0	0	0	0	0	0	0	0	0	0	0.0	0	0	0	0	0	0	0	0	0	0	0	0	0	
g__Sarcina	5.20667235062e-06	5.20667235062e-06	5.20667235062e-06	5.20667235062e-06	5.20667235062e-06	5.20667235062e-06	1.30166808765e-06	1.30166808765e-06	1.30166808765e-06	0	1.30166808765e-06	0	0	0	0	0	0	1.30166808765e-06	1.30166808765e-06	1.30166808765e-06	0	0	0	0	0	0	0	0	5.85750639444e-06	7.94017533469e-05	0	
g__Facklamia	1.30166808765e-06	1.30166808765e-06	1.30166808765e-06	1.30166808765e-06	1.30166808765e-06	1.30166808765e-06	0	0	0	0	0	0	0	0	0	0	0	0	0	0	0	0	0	0	0	0	0	0	1.30166808765e-06	1.95250213148e-06	0	
Other	0	0	0	0	0	0	0	0	0.0	6.50834043827e-07	1.30166808765e-06	1.95250213148e-06	1.30166808765e-06	1.95250213148e-06	1.30166808765e-06	1.30166808765e-06	0.0	0	0	0	6.50834043827e-07	6.50834043827e-07	1.95250213148e-06	1.30166808765e-06	1.30166808765e-06	1.30166808765e-06	1.30166808765e-06	6.50834043827e-07	0.0	0.0	0	
g__Photorhabdus	0	0	0	0	0	0	6.50834043827e-07	6.50834043827e-07	0	0	0	0	0	0	0	0	0	6.50834043827e-07	6.50834043827e-07	0	0	0	0	0	0	0	0	0	0	0	0	
Other	0	0	0	0	0	0	0	0	1.30166808765e-06	1.30166808765e-06	5.20667235062e-06	1.23658468327e-05	1.82233532272e-05	2.01758553586e-05	2.47316936654e-05	1.62708510957e-05	1.23658468327e-05	0	0	0	1.30166808765e-06	5.85750639444e-06	1.82233532272e-05	1.56200170519e-05	1.36675149204e-05	1.8874187271e-05	1.8874187271e-05	1.23658468327e-05	6.50834043827e-07	1.30166808765e-06	0	
g__Pleomorphomonas	0	0	0	0	0	0	7.65058844501e-07	7.65058844501e-07	0.0	0.0	0	0	0	0	0	0	0	7.65058844501e-07	7.65058844501e-07	7.65058844501e-07	0.0	0	0	0	0	0	0	0	0	0	0	
g__Granulicatella	0.000166017769257	0.000166017769257	0.000166017769257	0.000166017769257	0.000166017769257	0.000166017769257	6.88552960051e-06	6.88552960051e-06	6.88552960051e-06	6.88552960051e-06	0.0	0	0	0	0	0	0	6.88552960051e-06	6.88552960051e-06	6.88552960051e-06	3.060235378e-06	0.0	0	0	0	0	0	0	4.97288248926e-05	0.000114758826675	0	
g__Geobacter	0	0	0	0	0	0	0	0	0	0	0	0	0	0	0	0	0	0	0	0	0	0	0	0	0	0	0	0	0.0	0.0	0	
g__Clostridium	0.017367600829	0.017367600829	0.017367600829	0.017367600829	0.017367600829	0.017367600829	0.0174976608326	0.0174976608326	0.0174976608326	0.0174961307149	0.0174823596557	0.0174418115369	0.0173913176532	0.0173002756507	0.0170370954082	0.0168703125801	0.0165298613943	0.0174976608326	0.0174976608326	0.0174976608326	0.0174946005972	0.0174831247145	0.0174433416546	0.0173002756507	0.0172092336482	0.0170646375266	0.0168779631685	0.0165306264531	0.0174930704795	0.0173094563568	0.047593664	
Other	0	0	0	0	0	0	0	0	0	0.0	0.0	2.2951765335e-06	2.4481883024e-05	0.0	7.65058844501e-07	0	5.27890602706e-05	0	0	0	0	0.0	0.0	0.0	0.0	0.00058297483951	1.530117689e-06	2.7542118402e-05	0	0	0	
Other	0	0	0	0	0	0	0	0	1.530117689e-06	7.65058844501e-07	0	0	0	0	0	0	0	0	7.65058844501e-07	2.2951765335e-06	0	0	0	0	0	0	0	0	0	0	0	
g__	0	0	0	0	0	0	0	0	0	0	0	0	0	0	0	0	0	0	0	0	0	0	0	0	0	0	0	0	0.0	0.0	0	
Other	0	0	0	0	0	0	0	0	0	0	0	0	0	0	0	0	7.65058844501e-07	0	0	0	0	0	0	0	0	0	0	0	0	0	0	
g__Burkholderia	0	0	0	0	0	0	2.2951765335e-06	1.530117689e-06	0.0	0	0	0	0	0	0	0	0	2.2951765335e-06	1.530117689e-06	0.0	0	0	0	0	0	0	0	0	0	0	0	
g__Edwardsiella	0	0	0	0	0	0	2.7542118402e-05	2.7542118402e-05	2.52469418685e-05	1.30060003565e-05	3.82529422251e-06	7.65058844501e-07	0	0	0	0	0	2.7542118402e-05	2.7542118402e-05	2.4481883024e-05	1.45361180455e-05	6.88552960051e-06	3.82529422251e-06	0	0	0	0	0	7.65058844501e-07	0	0	
g__	0	0	0	0	0	0	0	0	0	0	0	0	0	0	0	0	0	0	0	0	0	0	0	0	0	0	0	0	0.0	1.530117689e-06	0	
g__Thalassobacillus	0	0	0	0	0	0	0.0	0.0	0.0	0	0	0	0	0	0	0	0	0.0	0.0	0.0	0.0	0	0	0	0	0	0	0	0	0	0	
g__Propionispora	0	0	0	0	0	0	1.530117689e-06	0	0	0	0	0	0	0	0	0	0	1.530117689e-06	1.530117689e-06	0	0	0	0	0	0	0	0	0	0	0	0	
Other	0	0	0	0	0	0	0	0	0	0	0	0	0	0	0	0	0	0	0	0	0	0	0	0	0	0	0	0	0.0	0.0	0	
Other	0	0	0	0	0	0	0	0	0	0	0	0.0	1.530117689e-06	1.530117689e-06	2.2951765335e-06	9.18070613401e-06	2.1421647646e-05	0	0	0	0	0	0	1.530117689e-06	7.65058844501e-07	2.2951765335e-06	7.65058844501e-06	0.000400125775674	0	0	0	
g__	0.00978892791539	0.00978892791539	0.00978892791539	0.00978892791539	0.00978892791539	0.00978892791539	4.59035306701e-06	4.59035306701e-06	4.59035306701e-06	3.82529422251e-06	2.2951765335e-06	7.65058844501e-07	0	0	0	0	0	4.59035306701e-06	4.59035306701e-06	4.59035306701e-06	3.060235378e-06	3.060235378e-06	0	0	0	0	0	0	8.41564728951e-06	9.94576497851e-06	0	
g__	1.14758826675e-05	1.14758826675e-05	1.14758826675e-05	1.14758826675e-05	1.14758826675e-05	1.14758826675e-05	0	0	0	0	0	0	0	0	0	0	0	0	0	0	0	0	0	0	0	0	0	0	9.94576497851e-06	1.3771059201e-05	0	
g__Carnobacterium	0	0	0	0	0	0	7.65058844501e-07	7.65058844501e-07	7.65058844501e-07	7.65058844501e-07	0.0	0.0	0.0	0	0	0	0	7.65058844501e-07	7.65058844501e-07	7.65058844501e-07	7.65058844501e-07	0.0	0.0	0	0	0	0	0	2.2951765335e-06	7.65058844501e-07	0	
Other	0	0	0	0	0	0	0	0.0	0.0	0	0.0	0.0	0	0	0	0	0.0	0	0.0	0.0	0.0	0.0	0.0	0	0	0	0	0.0	0	0	0	
g__	0	0	0	0	0	0	0.0	0	0	0	0	0	0	0	0	0	0	0.0	0.0	0	0	0	0	0	0	0	0	0	0	0	0	
g__	2.2951765335e-06	2.2951765335e-06	2.2951765335e-06	2.2951765335e-06	2.2951765335e-06	2.2951765335e-06	0	0	0	0	0	0	0	0	0	0	0	0	0	0	0	0	0	0	0	0	0	0	2.2951765335e-06	1.530117689e-06	0	
g__Paenibacillus	0	0	0	0	0	0	2.2951765335e-06	2.2951765335e-06	7.65058844501e-07	0	0	0	0	0	0	0	0	2.2951765335e-06	1.530117689e-06	0.0	0	0	0	0	0	0	0	0	0	0	0	
g__	0.0	0.0	0.0	0.0	0.0	0.0	0	0	0	0	0	0	0	0	0	0	0	0	0	0	0	0	0	0	0	0	0	0	0.0	0.0	0	
g__	0.0	0.0	0.0	0.0	0.0	0.0	0.0	0.0	0.0	0.0	0.0	0.0	0.0	0.0	0.0	0.0	0	0.0	0.0	0.0	0.0	0.0	0.0	0.0	0.0	0.0	0.0	0.0	0.0	0.0	0	
Other	0	0	0	0	0	0	0	7.65058844501e-06	1.530117689e-05	8.03311786726e-05	0.000139240709699	0.000224162241439	0.00229364641581	0.00875609847531	0.0	0	0	0	4.59035306701e-06	1.75963534235e-05	9.79275320961e-05	7.11504725386e-05	0.00232807406382	0.00880812247674	0.00872932141576	7.95661198281e-05	0	0	0	0.0	0	
g__Tetragenococcus	0	0	0	0	0	0	1.530117689e-06	1.530117689e-06	1.530117689e-06	7.65058844501e-07	0	0	0	0	0	0	0	1.530117689e-06	1.530117689e-06	1.530117689e-06	1.530117689e-06	0	0	0	0	0	0	0	0	0	0	
g__	2.2951765335e-06	2.2951765335e-06	2.2951765335e-06	2.2951765335e-06	2.2951765335e-06	2.2951765335e-06	0	0	0	0	0	0	0	0	0	0	0	0	0	0	0	0	0	0	0	0	0	0	0	0	0	
g__Octadecabacter	7.65058844501e-07	7.65058844501e-07	7.65058844501e-07	7.65058844501e-07	7.65058844501e-07	7.65058844501e-07	0	0	0	0	0	0	0	0	0	0	0	0	0	0	0	0	0	0	0	0	0	0	7.65058844501e-07	0	0	
g__	0.0	0.0	0.0	0.0	0.0	0.0	0	0	0	0	0	0	0	0	0	0	0	0	0	0	0	0	0	0	0	0	0	0	0	0	0	
Other	0	0	0	0	0	0	0	0	4.28432952921e-05	9.63974144071e-05	0.000117054003209	0.000143066003922	0.000338921068114	0.00146967804029	0.00157296098429	0.0178916661375	0.0175336185983	0	0	4.05481187586e-05	9.94576497851e-05	0.000118584120898	0.000296842831666	0.000370288480738	0.0167348971646	0.0178847806079	0.0178763649606	0.0175366788337	2.06565888015e-05	1.14758826675e-05	0	
g__Corynebacterium	7.65058844501e-07	7.65058844501e-07	7.65058844501e-07	7.65058844501e-07	7.65058844501e-07	7.65058844501e-07	7.65058844501e-07	7.65058844501e-07	7.65058844501e-07	7.65058844501e-07	7.65058844501e-07	7.65058844501e-07	7.65058844501e-07	7.65058844501e-07	7.65058844501e-07	7.65058844501e-07	7.65058844501e-07	7.65058844501e-07	7.65058844501e-07	7.65058844501e-07	7.65058844501e-07	7.65058844501e-07	7.65058844501e-07	7.65058844501e-07	7.65058844501e-07	7.65058844501e-07	7.65058844501e-07	7.65058844501e-07	7.65058844501e-07	7.65058844501e-07	0	
g__Methanobrevibacter	0.0650001644877	0.0650001644877	0.0650001644877	0.0650001644877	0.0650001644877	0.0650001644877	0.0650001644877	0.0650001644877	0.0650001644877	0.0650001644877	0.0650001644877	0.0650001644877	0.06499863437	0.06499863437	0.0649963391934	0.0649894536638	0.0649665018985	0.0650001644877	0.0650001644877	0.0650001644877	0.0650001644877	0.0650001644877	0.0650001644877	0.06499863437	0.0649978693111	0.0649963391934	0.0649909837815	0.0645885628293	0.0650001644877	0.0650001644877	0.047593664	
g__Stenotrophomonas	0	0	0	0	0	0	3.2132471469e-05	3.2132471469e-05	3.2132471469e-05	3.2132471469e-05	3.2132471469e-05	3.2132471469e-05	3.2132471469e-05	3.2132471469e-05	3.2132471469e-05	3.2132471469e-05	3.2132471469e-05	3.2132471469e-05	3.2132471469e-05	3.2132471469e-05	3.2132471469e-05	3.2132471469e-05	3.2132471469e-05	3.2132471469e-05	3.2132471469e-05	3.2132471469e-05	3.2132471469e-05	3.2132471469e-05	3.2132471469e-05	3.2132471469e-05	0	
Other	0	0	0	0	0	0	0	7.65058844501e-07	1.530117689e-06	0.0	0.0	1.530117689e-06	1.530117689e-06	2.2951765335e-06	2.2951765335e-06	7.65058844501e-06	1.60662357345e-05	0	7.65058844501e-07	1.530117689e-06	1.530117689e-06	1.530117689e-06	0.0	1.530117689e-06	2.2951765335e-06	2.2951765335e-06	6.88552960051e-06	7.65058844501e-06	0	0	0	
g__Rhodobacter	0.0697519449708	0.0697519449708	0.0697519449708	0.0697519449708	0.0697519449708	0.0697519449708	0.0697045113225	0.0697045113225	0.0697029812048	0.0696983908517	0.0696769692041	0.0696387162619	0.0695882223781	0.069342638489	0.0691750906021	0.0688996694181	0.0680313276296	0.0697045113225	0.0697045113225	0.0697029812048	0.0696983908517	0.0696861499102	0.0696471319092	0.0695928127312	0.0694199094323	0.069180446014	0.0689440428311	0.067915803744	0.0697595955593	0.0697136920286	0.047593664	
g__Anaerobacillus	1.91264711125e-05	1.91264711125e-05	1.91264711125e-05	1.91264711125e-05	1.91264711125e-05	1.91264711125e-05	6.12047075601e-06	6.12047075601e-06	0	0	0	0	0	0	0	0	0	6.12047075601e-06	6.12047075601e-06	6.12047075601e-06	0	0	0	0	0	0	0	0	9.18070613401e-06	8.41564728951e-06	0	
g__Macrococcus	7.65058844501e-07	7.65058844501e-07	7.65058844501e-07	7.65058844501e-07	7.65058844501e-07	7.65058844501e-07	4.59035306701e-06	4.59035306701e-06	4.59035306701e-06	2.2951765335e-06	7.65058844501e-07	0	0	0	0	0	0	4.59035306701e-06	4.59035306701e-06	4.59035306701e-06	7.65058844501e-07	7.65058844501e-07	7.65058844501e-07	0	0	0	0	0	7.65058844501e-07	0	0	
g__	0.0	0.0	0.0	0.0	0.0	0.0	0	0	0	0	0	0	0	0	0	0	0	0	0	0	0	0	0	0	0	0	0	0	7.65058844501e-07	7.65058844501e-07	0	
g__	0	0	0	0	0	0	0	0	0	0	0	0	0	0	0	0	0	0.0	0.0	0	0	0	0	0	0	0	0	0	0	0	0	
g__Azorhizophilus	0	0	0	0	0	0	6.12047075601e-06	6.12047075601e-06	3.82529422251e-06	7.65058844501e-07	0	0	0	0	0	0	0	6.12047075601e-06	6.12047075601e-06	3.060235378e-06	7.65058844501e-07	0	0	0	0	0	0	0	0	0	0	
g__Smithella	0	0	0	0	0	0	0.0	0.0	0	0	0	0	0	0	0	0	0	0.0	0.0	0	0	0	0	0	0	0	0	0	0	0	0	
g__Deinococcus	0.000569968839153	0.000569968839153	0.000569968839153	0.000569968839153	0.000569968839153	0.000569968839153	0.000568438721464	0.000568438721464	0.000568438721464	0.000568438721464	0.000568438721464	0.000566908603775	0.000566908603775	0.000565378486086	0.000563083309553	0.000548547191507	0.000526360485017	0.000568438721464	0.000568438721464	0.000568438721464	0.000568438721464	0.00056767366262	0.000566908603775	0.000566908603775	0.000564613427242	0.000557727897641	0.000548547191507	0.000526360485017	0.000569968839153	0.000566908603775	0	
Other	0	0	0	0	0	0	0	1.0710823823e-05	7.03854136941e-05	9.33371790291e-05	0.000269300713264	0.0004521497771	0.00121108815085	0.00112616661911	0.0101209634539	0.0102602041636	0.00186291828636	0	7.65058844501e-06	3.13674126245e-05	0.000113993767831	0.000221867064905	0.000682432489295	0.000977745203272	0.00113611238408	0.0105142037	0.0103405353423	0.0270065772109	0.000354987303848	0.00139546733237	0	
g__02d06	0.0	0.0	0.0	0.0	0.0	0.0	0	0	0	0	0	0	0	0	0	0	0	0	0	0	0	0	0	0	0	0	0	0	0.0	0.0	0	
Other	0	0	0	0	0	0	0	0	0	0	0	0.0	0	0.0	0.0	0.0	0.0	0	0	0	0.0	0	0	0	0.0	0.0	0.0	0.0	0	0	0	
g__Aminobacter	0	0	0	0	0	0	2.2951765335e-06	2.2951765335e-06	2.2951765335e-06	2.2951765335e-06	0	0	0	0	0	0	0	2.2951765335e-06	2.2951765335e-06	2.2951765335e-06	1.530117689e-06	0	0	0	0	0	0	0	0	0	0	
Other	0	0	0	0	0	0	0	0	7.65058844501e-07	7.65058844501e-07	0	0	0	0	0	0	0	0	7.65058844501e-07	7.65058844501e-07	7.65058844501e-07	0	0	0	0	0	0	0	0	0	0	
Other	0	0	0	0	0	0	0	0.0	3.44276480025e-05	0.000123939532809	0.000397830599141	0.00111086544222	0.00126846756418	0.00336931915118	0.00343128891759	0.00473800942399	0.0178725396664	0	7.65058844501e-07	1.530117689e-05	0.000130060003565	0.000253999536374	0.00113381720755	0.00156913569007	0.00337696973963	0.00406475764083	0.00463855177421	0.0196229943026	9.02769436511e-05	2.1421647646e-05	0	
g__Acinetobacter	3.5192706847e-05	3.5192706847e-05	3.5192706847e-05	3.5192706847e-05	3.5192706847e-05	3.5192706847e-05	0.00990062650669	0.00990062650669	0.00990062650669	0.00990062650669	0.009899096389	0.00989986144784	0.00989833133015	0.00989833133015	0.00989527109478	0.00989374097709	0.00977056650312	0.00990062650669	0.00990062650669	0.00990062650669	0.00990062650669	0.00990062650669	0.00989833133015	0.00989833133015	0.00989833133015	0.00989527109478	0.00989374097709	0.00976750626774	0.000127764827032	5.35541191151e-05	0.047593664	
Other	0	0	0	0	0	0	0	0	0	0.0	0.0	0.0	0.0	0.0	1.530117689e-06	2.2951765335e-06	3.6722824536e-05	0	0	0	0	0	0	0	0	0	0	0	0	0	0	
g__Deinococcus	0	0	0	0	0	0	0	0	0	0	0	0	0	0	0	0	0	0	0	0	0	0	0	0	0	0	0	0	0	0	0.047593664	
g__	0	0	0	0	0	0	7.65058844501e-07	7.65058844501e-07	7.65058844501e-07	0	0	0	0	0	0	0	0	7.65058844501e-07	7.65058844501e-07	7.65058844501e-07	0	0	0	0	0	0	0	0	0	0	0	
Other	0	0	0	0	0	0	0	0	0.0	0	0.0	0.0	0.0	7.65058844501e-07	1.530117689e-06	3.060235378e-06	2.2951765335e-06	0	0	0	0.0	7.65058844501e-07	0.0	0.0	7.65058844501e-07	7.65058844501e-07	4.59035306701e-06	0.0	0	0	0	
g__Shewanella	0	0	0	0	0	0	7.65058844501e-07	7.65058844501e-07	0	0	0	0	0	0	0	0	0	7.65058844501e-07	7.65058844501e-07	0	0	0	0	0	0	0	0	0	0	0	0	
g__Kurthia	0	0	0	0	0	0	2.2951765335e-06	1.530117689e-06	1.530117689e-06	0	0	0	0	0	0	0	0	2.2951765335e-06	1.530117689e-06	1.530117689e-06	0	0	0	0	0	0	0	0	0	0	0	
g__Candida	0	0	0	0	0	0	0	0	0	0	0	0	0	0	0	0	0	0	0	0	0	0	0	0	0	0	0	0	0	0	0.000533049	
g__	7.65058844501e-07	7.65058844501e-07	7.65058844501e-07	7.65058844501e-07	7.65058844501e-07	7.65058844501e-07	0	0	0	0	0	0	0	0	0	0	0	0	0	0	0	0	0	0	0	0	0	0	0.0	0.0	0	
g__Gracilibacter	0.0	0.0	0.0	0.0	0.0	0.0	0	0	0	0	0	0	0	0	0	0	0	0	0	0	0	0	0	0	0	0	0	0	0	0	0	
g__Coprococcus	0	0	0	0	0	0	0.0	0.0	0.0	0.0	0	0	0	0	0	0	0	0.0	0.0	0.0	0	0.0	0	0	0	0	0	0	0	0	0	
Other	0	0	0	0	0	0	0	0.0	4.59035306701e-06	2.2951765335e-05	3.6722824536e-05	2.7542118402e-05	1.9891529957e-05	6.12047075601e-06	1.45361180455e-05	4.05481187586e-05	7.49757667611e-05	0	0.0	5.35541191151e-06	9.18070613401e-06	3.28975303135e-05	2.1421647646e-05	6.88552960051e-06	6.12047075601e-06	8.41564728951e-06	1.91264711125e-05	5.89095310266e-05	3.82529422251e-06	3.060235378e-06	0	
g__	6.12047075601e-06	6.12047075601e-06	6.12047075601e-06	6.12047075601e-06	6.12047075601e-06	6.12047075601e-06	0	0	0	0	0	0	0	0	0	0	0	0	0	0	0	0	0	0	0	0	0	0	4.59035306701e-06	6.12047075601e-06	0	
g__	0	0	0	0	0	0	0	0	0	0	0	0	0	0	0	0	0	0	0	0	0	0	0	0	0	0	0	0	0	7.65058844501e-07	0	
g__Rhodovulum	0	0	0	0	0	0	6.12047075601e-06	6.12047075601e-06	5.35541191151e-06	2.2951765335e-06	7.65058844501e-07	0	0	0	0	0	0	6.12047075601e-06	5.35541191151e-06	3.060235378e-06	7.65058844501e-07	7.65058844501e-07	0	0	0	0	0	0	1.530117689e-06	0	0	
g__Brenneria	0	0	0	0	0	0	1.530117689e-05	1.2240941512e-05	0	0	0	0	0	0	0	0	0	1.530117689e-05	9.94576497851e-06	3.82529422251e-06	0	0	0	0	0	0	0	0	0	0	0	
g__Brevibacillus	0	0	0	0	0	0	0.0	0.0	0.0	0	0	0	0	0	0	0	0	0.0	0.0	0.0	0	0	0	0	0	0	0	0	0	0	0	
g__Syntrophomonas	0.0	0.0	0.0	0.0	0.0	0.0	0	0	0	0	0	0	0	0	0	0	0	0	0	0	0	0	0	0	0	0	0	0	0	0	0	
Other	0	0	0	0	0	0	0	0	0	0	0	0	0	0	0	0	0.0	0	0	0	0.0	0	0	0	0	0	0.0	7.65058844501e-07	0	0	0	
g__Rhodococcus	0.0	0.0	0.0	0.0	0.0	0.0	0.0	0.0	0.0	0.0	0.0	0.0	0.0	0.0	0.0	0.0	0	0.0	0.0	0.0	0.0	0.0	0.0	0.0	0.0	0.0	0.0	0.0	0.0	0.0	0	
g__Trabulsiella	0	0	0	0	0	0	2.2951765335e-06	2.2951765335e-06	2.2951765335e-06	0	0	0	0	0	0	0	0	2.2951765335e-06	2.2951765335e-06	2.2951765335e-06	0	0	0	0	0	0	0	0	0	0	0	
g__Faecalibacterium	1.530117689e-06	1.530117689e-06	1.530117689e-06	1.530117689e-06	1.530117689e-06	1.530117689e-06	1.530117689e-06	1.530117689e-06	1.530117689e-06	1.530117689e-06	1.530117689e-06	1.530117689e-06	1.530117689e-06	1.530117689e-06	1.530117689e-06	1.530117689e-06	1.530117689e-06	1.530117689e-06	1.530117689e-06	1.530117689e-06	1.530117689e-06	1.530117689e-06	1.530117689e-06	1.530117689e-06	1.530117689e-06	1.530117689e-06	1.530117689e-06	1.530117689e-06	0.0	0.0	0	
g__Planomicrobium	3.82529422251e-06	3.82529422251e-06	3.82529422251e-06	3.82529422251e-06	3.82529422251e-06	3.82529422251e-06	0	0	0	0	0	0	0	0	0	0	0	0	0	0	0	0	0	0	0	0	0	0	5.35541191151e-06	3.82529422251e-06	0	
Other	0	0	0	0	0	0	0	0	0	0	1.530117689e-06	7.65058844501e-07	0.0	0.0	1.530117689e-06	0.0	0	0	0	0	0	7.65058844501e-07	7.65058844501e-07	0.0	2.2951765335e-06	1.530117689e-06	0.0	0	0	0	0	
Other	0	0	0	0	0	0	0	0	0	7.65058844501e-07	0.0	7.65058844501e-07	2.2951765335e-06	3.82529422251e-06	3.060235378e-06	3.82529422251e-06	6.88552960051e-06	0	0	0	0	7.65058844501e-07	7.65058844501e-07	0.0	2.2951765335e-06	3.82529422251e-06	3.060235378e-06	6.88552960051e-06	0	0	0	
g__Oscillospira	0	0	0	0	0	0	0.0	0.0	0.0	0.0	0.0	0.0	0.0	0.0	0.0	0.0	0	0.0	0.0	0.0	0.0	0.0	0.0	0.0	0.0	0.0	0	0	0	0	0	
g__	0	0	0	0	0	0	2.2951765335e-06	2.2951765335e-06	0	0	0	0	0	0	0	0	0	2.2951765335e-06	1.530117689e-06	0	0	0	0	0	0	0	0	0	0	0	0	
g__Pyrococcus	0	0	0	0	0	0	0.0	0.0	0.0	0	0	0	0	0	0	0	0	0.0	0.0	0.0	0	0	0	0	0	0	0	0	0	0	0	
g__Paracoccus	0	0	0	0	0	0	1.530117689e-06	1.530117689e-06	1.530117689e-06	7.65058844501e-07	7.65058844501e-07	0	0	0	0	0	0	1.530117689e-06	1.530117689e-06	1.530117689e-06	1.530117689e-06	7.65058844501e-07	7.65058844501e-07	0	0	0	0	0	0	0	0	
g__	7.65058844501e-07	7.65058844501e-07	7.65058844501e-07	7.65058844501e-07	7.65058844501e-07	7.65058844501e-07	0	0	0	0	0	0	0	0	0	0	0	0	0	0	0	0	0	0	0	0	0	0	0.0	0.0	0	
g__	6.65601194716e-05	6.65601194716e-05	6.65601194716e-05	6.65601194716e-05	6.65601194716e-05	6.65601194716e-05	4.59035306701e-06	4.59035306701e-06	3.060235378e-06	1.530117689e-06	1.530117689e-06	7.65058844501e-07	0	0	0	0	0	4.59035306701e-06	4.59035306701e-06	3.82529422251e-06	3.060235378e-06	1.530117689e-06	7.65058844501e-07	0	0	0	0	0	9.18070613401e-06	1.530117689e-06	0	
g__	0.000125469650498	0.000125469650498	0.000125469650498	0.000125469650498	0.000125469650498	0.000125469650498	0.00119808215049	0.00119808215049	0.00116594967902	0.00109097391226	0.000841564728951	0.000154541886589	0.000112463650142	8.64516494286e-05	8.26263552061e-05	0.0	0	0.00119808215049	0.00119731709164	0.00118507615013	0.00108791367688	0.000979275320961	0.000159897298501	9.86925909406e-05	8.49215317396e-05	0.0	0.0	0	0.000407776364119	0.000425372717543	0	
g__Ureibacillus	0.0	0.0	0.0	0.0	0.0	0.0	1.530117689e-06	1.530117689e-06	1.530117689e-06	1.530117689e-06	1.530117689e-06	1.530117689e-06	0	0	0	0	0	1.530117689e-06	1.530117689e-06	1.530117689e-06	1.530117689e-06	1.530117689e-06	0.0	0	0	0	0	0	0	0	0	
g__Enterococcus	3.82529422251e-05	3.82529422251e-05	3.82529422251e-05	3.82529422251e-05	3.82529422251e-05	3.82529422251e-05	9.86925909406e-05	9.79275320961e-05	9.25721201846e-05	9.10420024956e-05	9.02769436511e-05	9.02769436511e-05	9.02769436511e-05	8.87468259621e-05	8.10962375171e-05	4.81987072036e-05	0	9.86925909406e-05	9.79275320961e-05	9.25721201846e-05	9.10420024956e-05	9.02769436511e-05	9.02769436511e-05	9.02769436511e-05	8.95118848066e-05	8.72167082731e-05	7.49757667611e-05	0	9.63974144071e-05	0.000118584120898	0.047593664	
g__Desulfosporosinus	7.65058844501e-06	7.65058844501e-06	7.65058844501e-06	7.65058844501e-06	7.65058844501e-06	7.65058844501e-06	7.65058844501e-07	7.65058844501e-07	7.65058844501e-07	7.65058844501e-07	7.65058844501e-07	0	0	0	0	0	0	7.65058844501e-07	7.65058844501e-07	7.65058844501e-07	7.65058844501e-07	7.65058844501e-07	0.0	0	0	0	0	0	5.35541191151e-06	5.35541191151e-06	0	
g__Serratia	3.82529422251e-06	3.82529422251e-06	3.82529422251e-06	3.82529422251e-06	3.82529422251e-06	3.82529422251e-06	7.42107079166e-05	7.26805902276e-05	5.89095310266e-05	4.81987072036e-05	3.90180010696e-05	3.6722824536e-05	3.6722824536e-05	3.6722824536e-05	3.6722824536e-05	3.6722824536e-05	0	7.49757667611e-05	7.03854136941e-05	5.89095310266e-05	4.89637660481e-05	4.20782364476e-05	3.74878833806e-05	3.6722824536e-05	3.6722824536e-05	3.6722824536e-05	3.6722824536e-05	0	4.05481187586e-05	4.05481187586e-05	0	
g__	0	0	0	0	0	0	0.0	0.0	0	0	0	0	0	0	0	0	0	0.0	0.0	0	0	0	0	0	0	0	0	0	0	0	0	
g__Bacillus	0.000690848136584	0.000690848136584	0.000690848136584	0.000690848136584	0.000690848136584	0.000690848136584	5.89095310266e-05	5.89095310266e-05	5.89095310266e-05	5.50842368041e-05	4.97288248926e-05	4.59035306701e-06	2.2951765335e-06	0.0	0.0	0.0	0	5.89095310266e-05	5.89095310266e-05	5.89095310266e-05	5.58492956486e-05	4.97288248926e-05	3.82529422251e-06	2.2951765335e-06	2.2951765335e-06	0.0	0.0	0	0.000791070845214	0.000782655197925	0.047593664	
g__Helicobacter	0.00140541309735	0.00140541309735	0.00140541309735	0.00140541309735	0.00140541309735	0.00140541309735	0.00140541309735	0.00140541309735	0.00140541309735	0.0014046480385	0.00140541309735	0.0014046480385	0.00140388297966	0.00140235286197	0.00140235286197	0.00140158780313	0.00139317215584	0.00140541309735	0.00140541309735	0.00140541309735	0.00140541309735	0.0014046480385	0.0014046480385	0.0014046480385	0.00140311792081	0.00140158780313	0.00140158780313	0.00139393721468	0.00140770827388	0.00140770827388	0.047593664	
Other	0	0	0	0	0	0	0	0	0	0	0	0	0	0	0.0	0	7.65058844501e-07	0	0	0	0	0	0	0	0	0	0	0.0	0	0	0	
g__	0.0	0.0	0.0	0.0	0.0	0.0	0	0	0	0	0	0	0	0	0	0	0	0	0	0	0	0	0	0	0	0	0	0	0.0	0	0	
Other	0	0	0	0	0	0	0	7.65058844501e-07	0	7.65058844501e-07	0	0	0	0	0	0	0	0	7.65058844501e-07	7.65058844501e-07	0	0	0	0	0	0	0	0	0	0	0	
g__	7.65058844501e-07	7.65058844501e-07	7.65058844501e-07	7.65058844501e-07	7.65058844501e-07	7.65058844501e-07	0	0	0	0	0	0	0	0	0	0	0	0	0	0	0	0	0	0	0	0	0	0	0	0	0	
Other	0	0	0	0	0	0	0	1.530117689e-06	0.0	0.0	0	0	0	0	0	0	0	0	1.530117689e-06	0.0	7.65058844501e-07	0	0	0	0	0	0	0	0	0	0	
g__	0	0	0	0	0	0	0.0	0.0	0.0	0	0	0	0	0	0	0	0	0.0	0.0	0	0	0	0	0	0	0	0	0	0	0	0	
Other	0	0	0	0	0	0	0	0	0	0	0	0	0.0	0.0	0	0.0	1.530117689e-06	0	0	0	0	0	0.0	0.0	0.0	0.0	0.0	1.530117689e-06	0	0	0	
g__Staphylococcus	0.657210029309	0.657210029309	0.657210029309	0.657210029309	0.657210029309	0.657210029309	0.663807896784	0.663807896784	0.663798716078	0.663769643842	0.66369160784	0.663208855709	0.662944910408	0.662190562387	0.661225058125	0.66052043893	0.631994454853	0.663807131726	0.663804836549	0.663797951019	0.66376428843	0.663701553605	0.663513349129	0.662880645465	0.662521067808	0.66105674518	0.66049366187	0.618343509891	0.656957559891	0.655412906084	0.095187328	
g__	1.530117689e-06	1.530117689e-06	1.530117689e-06	1.530117689e-06	1.530117689e-06	1.530117689e-06	6.12047075601e-06	6.12047075601e-06	4.59035306701e-06	7.65058844501e-07	0	0	0	0	0	0	0	6.12047075601e-06	6.12047075601e-06	3.82529422251e-06	3.82529422251e-06	0	0	0	0	0	0	0	0	0.0	0	
g__	1.530117689e-06	1.530117689e-06	1.530117689e-06	1.530117689e-06	1.530117689e-06	1.530117689e-06	0	0	0	0	0	0	0	0	0	0	0	0	0	0	0	0	0	0	0	0	0	0	0	0	0	
g__	0	0	0	0	0	0	0	0	0	0	0	0	0	0	0	0	0	0	0	0	0	0	0	0	0	0	0	0	0	3.060235378e-06	0	
g__Chromatium	0	0	0	0	0	0	4.59035306701e-06	4.59035306701e-06	3.060235378e-06	0	0	0	0	0	0	0	0	4.59035306701e-06	4.59035306701e-06	1.530117689e-06	0	0	0	0	0	0	0	0	0	0	0	
g__Microbulbifer	0	0	0	0	0	0	0.0	0	0	0	0	0	0	0	0	0	0	0.0	0	0	0	0	0	0	0	0	0	0	0	0	0	
g__	0.0	0.0	0.0	0.0	0.0	0.0	2.2951765335e-06	2.2951765335e-06	2.2951765335e-06	0	0	0	0	0	0	0	0	2.2951765335e-06	2.2951765335e-06	0	0	0	0	0	0	0	0	0	0.0	0	0	
Other	0	0	0	0	0	0	0	6.88552960051e-06	3.2132471469e-05	5.20240014261e-05	8.87468259621e-05	0.000117819062053	0.000149186474678	0.000258589889441	0.000339686126958	0.000319794597001	9.41022378736e-05	0	9.18070613401e-06	3.3662589158e-05	5.89095310266e-05	7.49757667611e-05	0.000105578120541	0.000140005768544	0.000179788828458	0.000356517421537	0.000394770363763	0.000204270711482	1.530117689e-05	3.060235378e-06	0	
g__Flexispira	0	0	0	0	0	0	7.65058844501e-07	7.65058844501e-07	7.65058844501e-07	7.65058844501e-07	7.65058844501e-07	7.65058844501e-07	0.0	0.0	0	0	0	7.65058844501e-07	7.65058844501e-07	7.65058844501e-07	7.65058844501e-07	7.65058844501e-07	7.65058844501e-07	7.65058844501e-07	0.0	0.0	0	0	0	0	0	
Other	0	0	0	0	0	0	0	0	0	0	0	0	0	0	0.0	0.0	0.0	0	0	0	0	0.0	0.0	0.0	0.0	0.0	0.0	0.0	0	0	0	
Other	0	0	0	0	0	0	0	0	0	3.82529422251e-06	8.41564728951e-06	4.51384718256e-05	9.79275320961e-05	0.000172138240013	0.000376408951495	0.000593685663333	0.0817327664757	0	7.65058844501e-07	7.65058844501e-07	0.0	9.18070613401e-06	4.81987072036e-05	9.48672967181e-05	0.00021421647646	0.000362637892293	0.000517179778883	0.00215440570611	6.12047075601e-06	6.12047075601e-06	0	
Other	0	0	0	0	0	0	0	0.0	0	0	0	0	0	0	0	0	0	0	0	0	0	0	0	0	0	0	0	0	0	0	0	
Other	0	0	0	0	0	0	0	0	0	0	0	7.65058844501e-07	0	0	0	0	0	0	0	0	0	4.59035306701e-06	3.82529422251e-06	0	0	0	0	0	0	0	0	
g__Marinilactibacillus	0	0	0	0	0	0	7.65058844501e-07	7.65058844501e-07	0	0	0	0	0	0	0	0	0	7.65058844501e-07	0	0	0	0	0	0	0	0	0	0	0	0	0	
g__Nautella	0	0	0	0	0	0	2.52469418685e-05	2.1421647646e-05	1.75963534235e-05	6.12047075601e-06	7.65058844501e-07	0	0	0	0	0	0	2.52469418685e-05	2.37168241795e-05	1.14758826675e-05	2.2951765335e-06	7.65058844501e-07	0	0	0	0	0	0	0	0	0	
g__Caloramator	4.59035306701e-06	4.59035306701e-06	4.59035306701e-06	4.59035306701e-06	4.59035306701e-06	4.59035306701e-06	1.530117689e-06	1.530117689e-06	1.530117689e-06	0.0	0	0	0	0	0	0	0	1.530117689e-06	1.530117689e-06	1.530117689e-06	0.0	0	0	0	0	0	0	0	5.35541191151e-06	3.060235378e-06	0	
g__	0	0	0	0	0	0	0	0	0	0	0	0	0	0	0	0	0	0	0	0	0	0	0	0	0	0	0	0	0	7.65058844501e-07	0	
g__	2.2951765335e-06	2.2951765335e-06	2.2951765335e-06	2.2951765335e-06	2.2951765335e-06	2.2951765335e-06	0	0	0	0	0	0	0	0	0	0	0	0	0	0	0	0	0	0	0	0	0	0	0	1.530117689e-06	0	
Other	0	0	0	0	0	0	0	0	0	0	0	0	0	0	0	0	0	0	0	1.530117689e-06	0	0	0	0	0	0	0	0	0	0	0	
g__	0	0	0	0	0	0	3.82529422251e-06	7.65058844501e-07	0	0	0	0	0	0	0	0	0	3.82529422251e-06	0.0	0	0	0	0	0	0	0	0	0	0	0	0	
g__	3.2132471469e-05	3.2132471469e-05	3.2132471469e-05	3.2132471469e-05	3.2132471469e-05	3.2132471469e-05	0	0	0	0	0	0	0	0	0	0	0	0	0	0	0	0	0	0	0	0	0	0	0	0	0	
Other	0	0	0	0	0	0	0	0	0	0	0	1.530117689e-06	2.2951765335e-06	7.65058844501e-07	1.530117689e-06	1.0710823823e-05	0	0	0	0	0	7.65058844501e-07	1.530117689e-06	2.2951765335e-06	0	3.060235378e-06	4.59035306701e-06	1.530117689e-06	0	0	0	
g__Trichococcus	0	0	0	0	0	0	0	0	0	0	0	0	0	0	0	0	0	0	0	0	0	0	0	0	0	0	0	0	0	7.65058844501e-07	0	
g__	1.3771059201e-05	1.3771059201e-05	1.3771059201e-05	1.3771059201e-05	1.3771059201e-05	1.3771059201e-05	8.33914140506e-05	8.33914140506e-05	8.33914140506e-05	2.4481883024e-05	7.65058844501e-06	2.2951765335e-06	1.530117689e-06	1.530117689e-06	0	0	0	8.33914140506e-05	8.33914140506e-05	8.18612963616e-05	7.19155313831e-05	4.51384718256e-05	2.2951765335e-06	1.530117689e-06	1.530117689e-06	1.530117689e-06	0	0	7.65058844501e-06	5.35541191151e-06	0	
g__Alcanivorax	1.2240941512e-05	1.2240941512e-05	1.2240941512e-05	1.2240941512e-05	1.2240941512e-05	1.2240941512e-05	3.82529422251e-06	3.82529422251e-06	3.060235378e-06	0	0	0	0	0	0	0	0	3.82529422251e-06	3.82529422251e-06	1.530117689e-06	0	0	0	0	0	0	0	0	7.65058844501e-07	1.30060003565e-05	0	
Other	0	0	0	0	0	0	0	0	0.0	0.0	0	0	0	0	0.0	0	1.530117689e-06	0	0	0.0	0	0	0	0	0	0	0	7.65058844501e-07	0	0	0	
Other	0	0	0	0	0	0	0	0.0	7.65058844501e-07	1.530117689e-06	0	0	0	0	0	0	0	0	0.0	4.59035306701e-06	3.82529422251e-06	0	0	0	0	0	0	0	0	0	0	
Other	0	0	0	0	0	0	0	0	0	0	0	0	0	0	0	0	0	0	0	0	0	0	0	0	0	0	0.0	0	0	0	0	
g__	0.00668737935978	0.00668737935978	0.00668737935978	0.00668737935978	0.00668737935978	0.00668737935978	0.00912409177952	0.00911797130876	0.00908430871961	0.00903687507125	0.00889304400848	0.00871402023887	0.00646474723603	0	0	0	0	0.00912409177952	0.00912409177952	0.00911185083801	0.0090154534236	0.00900780283516	0.00654507841471	5.66143544931e-05	0.0	0	0	0	0.00627271746606	0.00678530689188	0	
g__	0	0	0	0	0	0	1.45361180455e-05	1.45361180455e-05	8.41564728951e-06	4.59035306701e-06	0.0	0	0	0	0	0	0	1.45361180455e-05	1.45361180455e-05	9.18070613401e-06	1.530117689e-06	0.0	0	0	0	0	0	0	0	0	0	
g__Lysinibacillus	0	0	0	0	0	0	7.65058844501e-07	7.65058844501e-07	0	0	0	0	0	0	0	0	0	7.65058844501e-07	7.65058844501e-07	7.65058844501e-07	0	0	0	0	0	0	0	0	0	0	0	
Other	0	0	0	0	0	0	0	0	3.82529422251e-06	4.59035306701e-06	5.35541191151e-06	2.9072236091e-05	6.65601194716e-05	0.000238698359484	0.000646474723603	0.000881347788865	0.00588024227884	0	1.530117689e-06	2.2951765335e-06	3.060235378e-06	5.35541191151e-06	3.13674126245e-05	7.88010609836e-05	0.000201975534948	0.000381764363406	0.000877522494643	0.00478544307235	0.0	1.530117689e-06	0	
g__Providencia	0	0	0	0	0	0	1.530117689e-06	7.65058844501e-07	0	0	0	0	0	0	0	0	0	1.530117689e-06	1.530117689e-06	0	0	0	0	0	0	0	0	0	0	0	0	
g__Coriobacterium	0	0	0	0	0	0	0.0	0.0	0	0	0	0	0	0	0	0	0	0.0	0.0	0	0	0	0	0	0	0	0	0	0	0	0	
g__Salinibacterium	0	0	0	0	0	0	0.0	0.0	0.0	0	0	0	0	0	0	0	0	0.0	0.0	0.0	0	0	0	0	0	0	0	0	0	0	0	
Other	0	0	0	0	0	0	0	0	4.59035306701e-06	1.530117689e-05	2.98372949355e-05	5.04938837371e-05	7.57408256056e-05	0.000118584120898	0.000208096005704	0.000260885065975	0.000132355180099	0	0	5.35541191151e-06	1.60662357345e-05	3.13674126245e-05	4.74336483591e-05	0.000166017769257	0.000210391182238	0.00019202976997	0.000251704359841	0.00013082506241	1.8361412268e-05	1.14758826675e-05	0	
g__Enterobacter	1.530117689e-06	1.530117689e-06	1.530117689e-06	1.530117689e-06	1.530117689e-06	1.530117689e-06	2.52469418685e-05	2.06565888015e-05	1.60662357345e-05	9.94576497851e-06	6.12047075601e-06	0.0	0	0	0	0	0	2.37168241795e-05	1.91264711125e-05	1.75963534235e-05	1.0710823823e-05	8.41564728951e-06	4.59035306701e-06	0	0	0	0	0	0	0.0	0	
g__	0	0	0	0	0	0	0	0	0	0	0	0	0	0	0	0	0	0	0	0	0	0	0	0	0	0	0	0	0	0.0	0	
Other	0	0	0	0	0	0	0	0	0	0	0	0	0	0	0	0	0	0	0	0	0.0	0	0	0	0	0	0	0	0	0	0	
g__Umboniibacter	0	0	0	0	0	0	1.2240941512e-05	9.18070613401e-06	7.65058844501e-06	2.2951765335e-06	2.2951765335e-06	7.65058844501e-07	0	0	0	0	0	1.2240941512e-05	9.94576497851e-06	6.12047075601e-06	4.59035306701e-06	2.2951765335e-06	0	0	0	0	0	0	0	0	0	
g__Streptococcus	0.090528648011	0.090528648011	0.090528648011	0.090528648011	0.090528648011	0.090528648011	0.0905936780127	0.0905936780127	0.0905936780127	0.0905936780127	0.0905929129539	0.0905883226008	0.089091867501	0.0890559097353	0.0888600546711	0.0881852727703	0.00732620349494	0.0905936780127	0.0905936780127	0.0905936780127	0.0905936780127	0.0905929129539	0.0905822021301	0.090577611777	0.0889128437314	0.088280140067	0.0881546704165	0.0877797915827	0.0905209974225	0.0906036237777	0.142780992	
g__Neisseria	0.00124398568116	0.00124398568116	0.00124398568116	0.00124398568116	0.00124398568116	0.00124398568116	0.00124398568116	0.00124398568116	0.00124398568116	0.00124398568116	0.00124322062231	0.00124092544578	0.0012378652104	0.00123174473965	0.00123021462196	0.00122562426889	0.00120649779778	0.00124398568116	0.00124398568116	0.00124398568116	0.00124322062231	0.00124245556347	0.00124092544578	0.00123863026925	0.00123710015156	0.00122944956311	0.0012240941512	0.00120649779778	0.00124398568116	0.00124322062231	0.047593664	
Other	0	0	0	0	0	0	0	0	0	0.0	0.0	0	0	0	0	0	0	0	0	0	2.2951765335e-06	1.530117689e-06	0	0	0	0	0	0	0	0	0	
Other	0	0	0	0	0	0	0	0	0	0.0	0.0	0.0	0	0	0	0	0.0	0	0	0	0	0	0.0	0	0	0	0	0.0	0	0	0	
g__Bacteroides	0.000265475419042	0.000265475419042	0.000265475419042	0.000265475419042	0.000265475419042	0.000265475419042	0.000265475419042	0.000265475419042	0.000265475419042	0.000265475419042	0.000265475419042	0.000265475419042	0.000265475419042	0.000265475419042	0.000265475419042	0.000264710360197	0.00026012000713	0.000265475419042	0.000265475419042	0.000265475419042	0.000265475419042	0.000265475419042	0.000265475419042	0.000265475419042	0.000265475419042	0.000265475419042	0.000264710360197	0.000258589889441	0.000266240477886	0.000265475419042	0.047593664	
g__	0.0	0.0	0.0	0.0	0.0	0.0	0	0	0	0	0	0	0	0	0	0	0	0	0	0	0	0	0	0	0	0	0	0	0	0	0	
Other	0	0	0	0	0	0	0	0	0	0.0	7.65058844501e-07	1.530117689e-06	4.59035306701e-06	9.94576497851e-06	1.14758826675e-05	9.94576497851e-06	9.18070613401e-06	0	0	0	7.65058844501e-07	1.530117689e-06	3.060235378e-06	3.82529422251e-06	4.59035306701e-06	1.2240941512e-05	1.2240941512e-05	1.8361412268e-05	0	0	0	
g__	1.60662357345e-05	1.60662357345e-05	1.60662357345e-05	1.60662357345e-05	1.60662357345e-05	1.60662357345e-05	0	0	0	0	0	0	0	0	0	0	0	0	0	0	0	0	0	0	0	0	0	0	1.91264711125e-05	2.06565888015e-05	0	
g__Solibacillus	0	0	0	0	0	0	0	0	0	0	0	0	0	0	0	0	0	0	0	0	0	0	0	0	0	0	0	0	0	3.060235378e-06	0	
g__	0	0	0	0	0	0	0	0	0	0	0	0	0	0	0	0	0	0	0	0	0	0	0	0	0	0	0	0	0.0	1.530117689e-06	0	
g__Bradyrhizobium	0	0	0	0	0	0	0.0	0.0	0.0	0.0	0.0	0.0	0.0	0.0	0.0	0.0	0.0	0.0	0.0	0.0	0.0	0.0	0.0	0.0	0.0	0.0	0.0	0.0	0	0	0	
g__Candidatus Korarchaeum	0	0	0	0	0	0	0	0	0	0	0	0	0	0	0	0	0	0.0	0.0	0	0	0	0	0	0	0	0	0	0	0	0	
g__Erwinia	5.35541191151e-06	5.35541191151e-06	5.35541191151e-06	5.35541191151e-06	5.35541191151e-06	5.35541191151e-06	0.000144596121611	0.000141535886233	7.95661198281e-05	4.74336483591e-05	2.52469418685e-05	1.530117689e-06	0	0	0	0	0	0.000144596121611	0.000131590121254	6.96203548496e-05	3.90180010696e-05	1.91264711125e-05	0.0	0.0	0	0	0	0	0	1.530117689e-06	0	
g__Salmonella	0	0	0	0	0	0	9.94576497851e-06	3.82529422251e-06	1.530117689e-06	0	0	0	0	0	0	0	0	1.0710823823e-05	5.35541191151e-06	1.530117689e-06	1.530117689e-06	0.0	0	0	0	0	0	0	0	0	0	
g__	0	0	0	0	0	0	0.0	0.0	0	0	0	0	0	0	0	0	0	0.0	0.0	0	0	0	0	0	0	0	0	0	0	0	0	
Other	0	0	0	0	0	0	0	0	0	0	0	0	0	0	0	0.0	0.0	0	0	0	0	0	0	0	0	0	0.0	0.0	0	0	0	
g__Proteus	0.0	0.0	0.0	0.0	0.0	0.0	0	0	0	0	0	0	0	0	0	0	0	0	0	0	0	0	0	0	0	0	0	0	0.0	3.060235378e-06	0	
Other	0	0	0	0	0	0	0	0	0.0	0	0	0	0	0	0	0	0	0	0	0	0	0	0	0	0	0	0	0	0	0	0	
g__Chelativorans	0	0	0	0	0	0	3.82529422251e-06	3.82529422251e-06	3.82529422251e-06	2.2951765335e-06	0	0	0	0	0	0	0	3.82529422251e-06	3.82529422251e-06	3.82529422251e-06	0.0	0	0	0	0	0	0	0	0	0	0	
Other	0	0	0	0	0	0	0	0	0	0	0	0	0	0	0	0	0.0	0	0	0	0	0	0	0	0	0	0	0.0	0	0	0	
g__Jeotgalicoccus	0	0	0	0	0	0	7.65058844501e-07	7.65058844501e-07	7.65058844501e-07	7.65058844501e-07	0	0	0	0	0	0	0	7.65058844501e-07	7.65058844501e-07	7.65058844501e-07	0.0	0	0	0	0	0	0	0	0	0	0	
Other	0	0	0	0	0	0	0	0	0	0	0	0	0	0.0	0.0	1.530117689e-06	7.65058844501e-07	0	0	0	0	0	0	0	0.0	0.0	1.530117689e-06	0.0	0	0	0	
Other	0	0	0	0	0	0	0	0.0	1.9891529957e-05	4.43734129811e-05	4.74336483591e-05	0.000236403182951	5.27890602706e-05	5.27890602706e-05	5.35541191151e-06	0	0	0	0	1.8361412268e-05	4.51384718256e-05	3.060235378e-05	6.65601194716e-05	5.20240014261e-05	6.88552960051e-06	4.59035306701e-06	0	0	1.45361180455e-05	5.35541191151e-06	0	
g__B46	0.0	0.0	0.0	0.0	0.0	0.0	0	0	0	0	0	0	0	0	0	0	0	0	0	0	0	0	0	0	0	0	0	0	0.0	0	0	
Other	0	0	0	0	0	0	0	0	7.65058844501e-07	2.2951765335e-06	7.65058844501e-07	0	0	0	0	0	0	0	0	2.2951765335e-06	2.2951765335e-06	0	0	0	0	0	0	0	0	0	0	
g__Vagococcus	4.59035306701e-06	4.59035306701e-06	4.59035306701e-06	4.59035306701e-06	4.59035306701e-06	4.59035306701e-06	7.65058844501e-07	7.65058844501e-07	0.0	0.0	0.0	0.0	0.0	0.0	0	0	0	7.65058844501e-07	7.65058844501e-07	7.65058844501e-07	0.0	0.0	0.0	0.0	0	0	0	0	1.530117689e-06	1.530117689e-06	0	
g__	0	0	0	0	0	0	0	0	0	0	0	0	0	0	0	0	0	0	0	0	0	0	0	0	0	0	0	0	0	2.2951765335e-06	0	
g__Actinomyces	5.12589425816e-05	5.12589425816e-05	5.12589425816e-05	5.12589425816e-05	5.12589425816e-05	5.12589425816e-05	5.12589425816e-05	5.12589425816e-05	5.12589425816e-05	5.12589425816e-05	5.12589425816e-05	5.12589425816e-05	5.12589425816e-05	5.12589425816e-05	5.12589425816e-05	4.97288248926e-05	4.59035306701e-05	5.12589425816e-05	5.12589425816e-05	5.12589425816e-05	5.12589425816e-05	5.12589425816e-05	5.12589425816e-05	5.12589425816e-05	5.12589425816e-05	5.12589425816e-05	4.89637660481e-05	4.59035306701e-05	5.12589425816e-05	5.12589425816e-05	0.047593664	
g__	0.0	0.0	0.0	0.0	0.0	0.0	0	0	0	0	0	0	0	0	0	0	0	0	0	0	0	0	0	0	0	0	0	0	0.0	0.0	0	
Other	0	0	0	0	0	0	0	0	0	0	0	0	0	0	0	0	0.0	0	0	0	0	0	0	0	0	0	0.0	0.0	1.530117689e-06	1.530117689e-06	0	
g__	1.530117689e-06	1.530117689e-06	1.530117689e-06	1.530117689e-06	1.530117689e-06	1.530117689e-06	3.82529422251e-06	2.2951765335e-06	1.530117689e-06	0	0	0	0	0	0	0	0	3.82529422251e-06	2.2951765335e-06	2.2951765335e-06	0	0	0	0	0	0	0	0	1.530117689e-06	4.59035306701e-06	0	
g__Viridibacillus	0	0	0	0	0	0	4.36083541366e-05	4.28432952921e-05	3.74878833806e-05	1.6831294579e-05	1.530117689e-06	3.060235378e-06	0	0	0	0	0	4.36083541366e-05	4.36083541366e-05	3.060235378e-05	1.3771059201e-05	3.060235378e-06	0	0	0	0	0	0	0	0	0	
Other	0	0	0	0	0	0	0	0	0	0	0	0	0	0	0	0	7.65058844501e-07	0	0	0	0	0	0	0	0	0	0	0.0	0	0	0	
g__	0	0	0	0	0	0	0.0	0.0	0	0	0	0	0	0	0	0	0	0.0	0.0	0	0	0	0	0	0	0	0	0	0	0	0	
g__Eikenella	0	0	0	0	0	0	0.0	0.0	0.0	0	0	0	0	0	0	0	0	0.0	0.0	0.0	0.0	0	0	0	0	0	0	0	0	0	0	
g__Oxobacter	2.2951765335e-06	2.2951765335e-06	2.2951765335e-06	2.2951765335e-06	2.2951765335e-06	2.2951765335e-06	0	0	0	0	0	0	0	0	0	0	0	0	0	0	0	0	0	0	0	0	0	0	6.88552960051e-06	0	0	
g__Vulcanisaeta	0	0	0	0	0	0	0.0	0.0	0	0	0	0	0	0	0	0	0	0.0	0.0	0	0	0	0	0	0	0	0	0	0	0	0	
Other	0	0	0	0	0	0	0	0.0	0	0	7.65058844501e-07	0	0	0	0	0	0	0	0	7.65058844501e-07	2.2951765335e-06	7.65058844501e-07	7.65058844501e-07	0	0	0	0	0	0	0	0	
g__	0	0	0	0	0	0	7.65058844501e-07	7.65058844501e-07	0	0	0	0	0	0	0	0	0	7.65058844501e-07	7.65058844501e-07	0	0	0	0	0	0	0	0	0	0	0	0	
g__Thiothrix	0	0	0	0	0	0	2.2951765335e-06	2.2951765335e-06	1.530117689e-06	0	0	0	0	0	0	0	0	2.2951765335e-06	2.2951765335e-06	7.65058844501e-07	0	0	0	0	0	0	0	0	0	0	0	
g__	0	0	0	0	0	0	7.65058844501e-07	7.65058844501e-07	7.65058844501e-07	7.65058844501e-07	0	0	0	0	0	0	0	7.65058844501e-07	7.65058844501e-07	7.65058844501e-07	0	0	0	0	0	0	0	0	0	0	0	
g__	0.000209626123393	0.000209626123393	0.000209626123393	0.000209626123393	0.000209626123393	0.000209626123393	1.91264711125e-05	1.91264711125e-05	1.45361180455e-05	6.88552960051e-06	3.060235378e-06	0	0.0	0	0	0	0	1.91264711125e-05	1.91264711125e-05	1.3771059201e-05	7.65058844501e-06	1.530117689e-06	0	0	0	0	0	0	4.97288248926e-05	5.73794133376e-05	0	
Other	0	0	0	0	0	0	0	0	7.65058844501e-07	0	0	1.530117689e-06	1.530117689e-06	2.2951765335e-06	7.65058844501e-07	6.88552960051e-06	2.2951765335e-06	0	0	1.530117689e-06	1.530117689e-06	0.0	1.530117689e-06	7.65058844501e-07	3.82529422251e-06	9.18070613401e-06	3.060235378e-06	4.59035306701e-06	0	0	0	
g__	0.0493210485284	0.0493210485284	0.0493210485284	0.0493210485284	0.0493210485284	0.0493210485284	0.0486868147464	0.0486868147464	0.0486791641579	0.0486416762745	0.0479890810802	0.0472898172963	0.046986088935	0.017608594365	0.0240297332469	0.000551607426885	0	0.0486860496875	0.0486860496875	0.0486845195698	0.048152038614	0.0480020870805	0.047842189782	0.0469562516401	0.0467665170467	0.0221874715494	1.9891529957e-05	0	0.0492942714689	0.0492537233501	0	
g__Loktanella	0	0	0	0	0	0	3.97830599141e-05	3.74878833806e-05	2.9072236091e-05	2.06565888015e-05	6.88552960051e-06	3.060235378e-06	0	0	0	0	0	3.97830599141e-05	3.59577656915e-05	3.060235378e-05	1.6831294579e-05	6.88552960051e-06	4.59035306701e-06	0	0	0	0	0	0	0	0	
g__	7.65058844501e-07	7.65058844501e-07	7.65058844501e-07	7.65058844501e-07	7.65058844501e-07	7.65058844501e-07	0	0	0	0	0	0	0	0	0	0	0	0	0	0	0	0	0	0	0	0	0	0	0	1.530117689e-06	0	
g__Pelobacter	0	0	0	0	0	0	1.530117689e-06	0.0	0	0	0	0	0	0	0	0	0	2.2951765335e-06	7.65058844501e-07	7.65058844501e-07	0	0	0	0	0	0	0	0	0	0	0	
g__Azomonas	0	0	0	0	0	0	7.65058844501e-06	7.65058844501e-06	4.59035306701e-06	3.82529422251e-06	0	0	0	0	0	0	0	7.65058844501e-06	7.65058844501e-06	6.12047075601e-06	0	0	0	0	0	0	0	0	0	0	0	
g__Devosia	2.67770595575e-05	2.67770595575e-05	2.67770595575e-05	2.67770595575e-05	2.67770595575e-05	2.67770595575e-05	2.67770595575e-05	2.67770595575e-05	2.67770595575e-05	2.67770595575e-05	2.67770595575e-05	2.67770595575e-05	2.67770595575e-05	2.67770595575e-05	2.67770595575e-05	2.67770595575e-05	2.67770595575e-05	2.67770595575e-05	2.67770595575e-05	2.67770595575e-05	2.67770595575e-05	2.67770595575e-05	2.67770595575e-05	2.67770595575e-05	2.67770595575e-05	2.67770595575e-05	2.67770595575e-05	2.67770595575e-05	2.67770595575e-05	2.67770595575e-05	0	
Other	0	0	0	0	0	0	0	0	0	0	0	0	0	0	0	0	0	0	0	0	0	0	0	0	0	0	0	0	0.0	0.0	0	
g__Aeromicrobium	7.65058844501e-07	7.65058844501e-07	7.65058844501e-07	7.65058844501e-07	7.65058844501e-07	7.65058844501e-07	7.65058844501e-07	7.65058844501e-07	7.65058844501e-07	7.65058844501e-07	7.65058844501e-07	7.65058844501e-07	7.65058844501e-07	7.65058844501e-07	7.65058844501e-07	7.65058844501e-07	0	7.65058844501e-07	7.65058844501e-07	7.65058844501e-07	7.65058844501e-07	7.65058844501e-07	7.65058844501e-07	7.65058844501e-07	7.65058844501e-07	7.65058844501e-07	7.65058844501e-07	7.65058844501e-07	7.65058844501e-07	7.65058844501e-07	0	
g__	3.44276480025e-05	3.44276480025e-05	3.44276480025e-05	3.44276480025e-05	3.44276480025e-05	3.44276480025e-05	7.65058844501e-07	7.65058844501e-07	7.65058844501e-07	7.65058844501e-07	7.65058844501e-07	7.65058844501e-07	0	0	0	0	0	7.65058844501e-07	7.65058844501e-07	7.65058844501e-07	7.65058844501e-07	7.65058844501e-07	0	0	0	0	0	0	1.530117689e-05	2.98372949355e-05	0	
g__Propionibacterium	3.060235378e-06	3.060235378e-06	3.060235378e-06	3.060235378e-06	3.060235378e-06	3.060235378e-06	3.060235378e-06	3.060235378e-06	3.060235378e-06	3.060235378e-06	3.060235378e-06	3.060235378e-06	3.060235378e-06	3.060235378e-06	3.060235378e-06	3.060235378e-06	3.060235378e-06	3.060235378e-06	3.060235378e-06	3.060235378e-06	3.060235378e-06	3.060235378e-06	3.060235378e-06	3.060235378e-06	3.060235378e-06	3.060235378e-06	3.060235378e-06	3.060235378e-06	3.060235378e-06	3.060235378e-06	0.047593664	
Other	0	0	0	0	0	0	0	0	0	0	0	0	0	0	0	0	0	0	0	0	0	0	0.0	0	0	0	0	0	0	0	0	
Other	0	0	0	0	0	0	0	0	0.0	0.0	0.0	0	0.0	0.0	0.0	0.0	4.59035306701e-06	0	0	0.0	0.0	0.0	0	0.0	0.0	0.0	7.65058844501e-07	3.82529422251e-06	0	0	0	
Other	0	0	0	0	0	0	0	1.530117689e-06	0	0	0	0	0	0	0	0	0	0	0	1.530117689e-06	0	0	0	0	0	0	0	0	0	0	0	
g__	0.0015867320435	0.0015867320435	0.0015867320435	0.0015867320435	0.0015867320435	0.0015867320435	0.00156531039585	0.00156531039585	0.00156531039585	0.00156225016047	0.00154006345398	0.0015370032186	0.001530117689	0.001530117689	0.00152782251247	0.00152705745362	0	0.00156531039585	0.00156531039585	0.00156531039585	0.00154082851283	0.00153929839514	0.00153853333629	0.001530117689	0.001530117689	0.00152782251247	0.00152705745362	0	0.00153623815976	0.00156837063123	0.047593664	
g__Phaeobacter	0	0	0	0	0	0	1.530117689e-05	1.45361180455e-05	4.59035306701e-06	0	0	0	0	0	0	0	0	1.530117689e-05	1.45361180455e-05	9.94576497851e-06	6.12047075601e-06	0	0	0	0	0	0	0	0	0	0	
g__Ralstonia	7.65058844501e-07	7.65058844501e-07	7.65058844501e-07	7.65058844501e-07	7.65058844501e-07	7.65058844501e-07	7.65058844501e-07	7.65058844501e-07	7.65058844501e-07	7.65058844501e-07	7.65058844501e-07	7.65058844501e-07	7.65058844501e-07	7.65058844501e-07	7.65058844501e-07	7.65058844501e-07	0	7.65058844501e-07	7.65058844501e-07	7.65058844501e-07	7.65058844501e-07	7.65058844501e-07	7.65058844501e-07	7.65058844501e-07	7.65058844501e-07	7.65058844501e-07	7.65058844501e-07	7.65058844501e-07	7.65058844501e-07	7.65058844501e-07	0	
g__HTCC	3.82529422251e-06	3.82529422251e-06	3.82529422251e-06	3.82529422251e-06	3.82529422251e-06	3.82529422251e-06	0	0	0	0	0	0	0	0	0	0	0	0	0	0	0	0	0	0	0	0	0	0	0	3.060235378e-06	0	
Other	0	0	0	0	0	0	0	0	0	0	0.0	0.0	0.0	0.0	0.0	0	0	0	0	0	0.0	0	0.0	0.0	0.0	0.0	0	0	0	0	0	
g__Alishewanella	0	0	0	0	0	0	0.0	0.0	0.0	0	0	0	0	0	0	0	0	0.0	0.0	0.0	0	0	0	0	0	0	0	0	0	0	0	
NO_HIT	9.18070613401e-06	9.18070613401e-06	9.18070613401e-06	9.18070613401e-06	9.18070613401e-06	9.18070613401e-06	0	0	0	0	0	0	0	0	0	0	0	0	0	0	0	0	0	0	0	0	0	0	1.530117689e-06	1.530117689e-06	0	
g__Escherichia	0	0	0	0	0	0	0	0	0	0	0	0	0	0	0	0	0	0	0	0	0	0	0	0	0	0	0	0	0	0	0.047593664	
g__	0	0	0	0	0	0	0	0	0	0	0	0	0	0	0	0	0	0	0	0	0	0	0	0	0	0	0	0	0	2.2951765335e-06	0	
g__Alkalibacterium	0	0	0	0	0	0	3.060235378e-06	3.060235378e-06	1.530117689e-06	1.530117689e-06	0.0	0.0	0	0	0	0	0	3.060235378e-06	3.060235378e-06	1.530117689e-06	0.0	0.0	0.0	0	0	0	0	0	0	0	0	
g__Haemophilus	0.0	0.0	0.0	0.0	0.0	0.0	0.0	0.0	0.0	0.0	0.0	0.0	0.0	0.0	0.0	0	0	0.0	0.0	0.0	0.0	0.0	0.0	0.0	0.0	0.0	0	0	0.0	0.0	0	
g__Desemzia	0.0	0.0	0.0	0.0	0.0	0.0	0	0	0	0	0	0	0	0	0	0	0	0	0	0	0	0	0	0	0	0	0	0	0	0	0	
Other	0	0	0	0	0	0	0	0	0.0	7.65058844501e-07	3.060235378e-06	4.59035306701e-06	4.59035306701e-06	4.59035306701e-06	5.35541191151e-06	5.35541191151e-06	3.060235378e-06	0	0	0.0	1.530117689e-06	1.530117689e-06	6.12047075601e-06	4.59035306701e-06	3.060235378e-06	5.35541191151e-06	5.35541191151e-06	3.060235378e-06	0.00976215085583	0.00976291591468	0	
g__Rhodobium	0	0	0	0	0	0	0.0	0.0	0	0	0	0	0	0	0	0	0	0.0	0.0	0	0	0	0	0	0	0	0	0	0	0	0	
g__	0.00934825402096	0.00934825402096	0.00934825402096	0.00934825402096	0.00934825402096	0.00934825402096	0.000261650124819	0.000261650124819	0.000226457417972	0.000206565888015	0.000180553887302	7.65058844501e-07	0	0	0	0	0	0.000261650124819	0.000261650124819	0.000243288712551	0.00020733094686	0.000202740593793	0	0	0	0	0	0	0.00934442872674	0.0093352480206	0	
g__	0.0	0.0	0.0	0.0	0.0	0.0	0	0	0	0	0	0	0	0	0	0	0	0	0	0	0	0	0	0	0	0	0	0	0.0	1.530117689e-06	0	
g__Planococcus	0	0	0	0	0	0	1.45361180455e-05	3.82529422251e-06	0	0	0	0	0	0	0	0	0	1.45361180455e-05	6.12047075601e-06	0.0	0	0	0	0	0	0	0	0	0	0	0	
g__Thalassobius	0	0	0	0	0	0	2.2951765335e-06	2.2951765335e-06	0.0	2.2951765335e-06	0	0	0	0	0	0	0	2.2951765335e-06	0.0	0	0	0	0	0	0	0	0	0	0	0	0	
g__Salinicoccus	4.59035306701e-06	4.59035306701e-06	4.59035306701e-06	4.59035306701e-06	4.59035306701e-06	4.59035306701e-06	2.21867064905e-05	2.21867064905e-05	2.21867064905e-05	2.1421647646e-05	3.060235378e-06	0.0	0	0	0	0	0	2.21867064905e-05	2.21867064905e-05	2.1421647646e-05	2.06565888015e-05	1.0710823823e-05	1.530117689e-06	0	0	0	0	0	9.94576497851e-06	1.530117689e-05	0	
g__Methylobacterium	0.0	0.0	0.0	0.0	0.0	0.0	0.0	0.0	0.0	0.0	0.0	0.0	0.0	0.0	0.0	0.0	0.0	0.0	0.0	0.0	0.0	0.0	0.0	0.0	0.0	0.0	0.0	0.0	0.0	0.0	0	
g__	0	0	0	0	0	0	0	0	0	0	0	0	0	0	0	0	0	0	0	0	0	0	0	0	0	0	0	0	0	0.0	0	
Other	0	0	0	0	0	0	0	0	0.0	1.14758826675e-05	1.530117689e-05	2.2951765335e-05	3.82529422251e-05	6.80902371606e-05	0.00013082506241	0.000374113774961	0.000525595426172	0	0	1.530117689e-06	9.94576497851e-06	1.75963534235e-05	1.9891529957e-05	4.74336483591e-05	6.96203548496e-05	0.000121644356276	0.000262415183664	0.000572264015687	7.65058844501e-07	7.65058844501e-07	0	
g__Pseudomonas	0.0180944067313	0.0180944067313	0.0180944067313	0.0180944067313	0.0180944067313	0.0180944067313	0.0176590882488	0.0176590882488	0.0176590882488	0.017652967778	0.0176453171896	0.0176162449535	0.0175948233058	0.0164939036286	0.0163959760965	3.82529422251e-06	0	0.0176590882488	0.0176590882488	0.0176567930722	0.0176522027192	0.0176468473073	0.0176208353065	0.0175971184824	0.0012585217992	7.49757667611e-05	5.35541191151e-06	0	0.0180201960234	0.0180967019078	0.047593664	
g__Lactobacillus	0.000160662357345	0.000160662357345	0.000160662357345	0.000160662357345	0.000160662357345	0.000160662357345	0.000163722592723	0.000163722592723	0.000163722592723	0.000163722592723	0.000159897298501	0.000158367180812	0.000156837063123	0.000156837063123	0.000151481651211	0.000148421415833	0.00012240941512	0.000163722592723	0.000163722592723	0.000163722592723	0.000163722592723	0.000160662357345	0.000158367180812	0.000157602121967	0.000154541886589	0.000151481651211	0.000148421415833	0.000132355180099	0.00016142741619	0.000165252710412	0.047593664	
Other	0	0	0	0	0	0	0	0	0	0	0	0	0	0	0	0	0	0	0	0.0	0	0	0	0	0	0	0	0	0	0	0	
Other	0	0	0	0	0	0	0	0.0	4.59035306701e-06	7.65058844501e-06	1.60662357345e-05	2.83071772465e-05	4.36083541366e-05	4.97288248926e-05	6.65601194716e-05	9.48672967181e-05	0.000462860600923	0	0	3.060235378e-06	4.59035306701e-06	1.8361412268e-05	3.59577656915e-05	3.5192706847e-05	5.20240014261e-05	6.34998840936e-05	0.000100987767474	0.000425372717543	5.35541191151e-06	3.82529422251e-06	0	
Other	0	0	0	0	0	0	0	0	0.0	0.0	0.0	0.0	0.0	0	0	0	0	0	0	0.0	0.0	0	0.0	0.0	0.0	0	0	0	0	0	0	
Other	0	0	0	0	0	0	0	0	0	1.530117689e-06	0	0	0	0	0	0	0	0	0	0	0	0	0	0	0	0	0	0	0	0	0	
g__Sediminibacterium	0.0	0.0	0.0	0.0	0.0	0.0	0.0	0.0	0.0	0.0	0.0	0.0	0.0	0.0	0.0	0.0	0	0.0	0.0	0.0	0.0	0.0	0.0	0.0	0.0	0.0	0.0	0	0.0	0.0	0	
g__	0.0	0.0	0.0	0.0	0.0	0.0	0	0	0	0	0	0	0	0	0	0	0	0	0	0	0	0	0	0	0	0	0	0	0	0	0	
Other	0	0	0	0	0	0	0	0	0.0	3.060235378e-06	0	0	0	0	0	0	0	0	0	7.65058844501e-07	0	3.060235378e-06	0	0	0	0	0	0	1.530117689e-06	1.530117689e-06	0	
g__	0	0	0	0	0	0	0.0	0.0	0.0	0.0	0.0	0	0	0	0	0	0	0.0	0.0	0.0	0.0	0.0	0	0	0	0	0	0	0	0	0	
Other	0	0	0	0	0	0	0	1.91264711125e-05	0.000123174473965	0.000213451417616	0.000905829671889	0.00161197898536	0.00186215322752	0.0311355997947	0.0245782804384	0.047797816369	0.0466724148088	0	3.28975303135e-05	0.000120879297431	0.000710739666541	0.000892058612688	0.00105654626426	0.00188510499285	0.00197767711304	0.0264633854313	0.048402977915	0.046813950695	1.530117689e-06	0.0	0	
g__Desulfotomaculum	0.0	0.0	0.0	0.0	0.0	0.0	0	0	0	0	0	0	0	0	0	0	0	0	0	0	0	0	0	0	0	0	0	0	0	0	0	
g__	3.13674126245e-05	3.13674126245e-05	3.13674126245e-05	3.13674126245e-05	3.13674126245e-05	3.13674126245e-05	0.000367993304205	0.000367993304205	0.000330505420824	0.000286132007843	0.000274656125176	0.000270065772109	8.87468259621e-05	3.59577656915e-05	1.530117689e-06	0	0	0.000367993304205	0.000367993304205	0.000334330715047	0.000286132007843	0.000270830830953	0.000110933532453	5.50842368041e-05	2.2951765335e-06	1.530117689e-06	0	0	1.14758826675e-05	9.94576497851e-06	0	
Other	0	0	0	0	0	0	0	0	0	0.0	0.0	0	0	0	0	0	0	0	0	0	0.0	0	0	0	0	0	0	0	0	0	0	
g__	0	0	0	0	0	0	0	0	0	0	0	0	0	0	0	0	0	0	0	0	0	0	0	0	0	0	0	0	7.65058844501e-07	1.530117689e-06	0	
g__Conchiformibius	0	0	0	0	0	0	0.0	0.0	0.0	0.0	0.0	0	0	0	0	0	0	0.0	0.0	0.0	0.0	0.0	0.0	0	0	0	0	0	0	0	0	
Other	0	0	0	0	0	0	0	7.65058844501e-07	6.12047075601e-06	4.74336483591e-05	6.27348252491e-05	7.26805902276e-05	0.00151328639442	9.63974144071e-05	0.000237168241795	0.00062046272289	0.000202740593793	0	7.65058844501e-07	3.82529422251e-06	1.9891529957e-05	2.6012000713e-05	5.66143544931e-05	6.04396487156e-05	0.000196620123037	9.25721201846e-05	0.00076658896219	0.000112463650142	3.82529422251e-06	4.59035306701e-06	0	
Other	0	0	0	0	0	0	0	3.060235378e-06	1.14758826675e-05	1.60662357345e-05	6.57950606271e-05	0.000440673894433	0.000202740593793	0.000404716128741	0.000778064844858	0.000179788828458	0.0229418195701	0	3.82529422251e-06	7.65058844501e-06	2.67770595575e-05	4.28432952921e-05	0.000139240709699	0.00010022270863	0.00013082506241	0.000328210244291	0.000172903298857	0.0100888309824	3.060235378e-06	6.12047075601e-06	0	
g__	0	0	0	0	0	0	0	0	0	0	0	0	0	0	0	0	0	0	0	0	0	0	0	0	0	0	0	0	2.2951765335e-06	0	0	
Other	0	0	0	0	0	0	0	0	0	0	0	0	0	0	0	0	0	0	0	0	0.0	0.0	0.0	0.0	1.530117689e-06	1.530117689e-06	2.2951765335e-06	4.66685895146e-05	0	0	0	
g__	0.0	0.0	0.0	0.0	0.0	0.0	3.060235378e-06	3.060235378e-06	2.2951765335e-06	0.0	0.0	0.0	0.0	0.0	0.0	0	0	3.060235378e-06	3.060235378e-06	3.060235378e-06	0.0	0.0	0.0	0.0	0.0	0	0	0	0.0	0.0	0	
Other	0	0	0	0	0	0	0	0	0.0	0.0	0.0	0	0	0	0	0	5.35541191151e-06	0	0	0	0.0	0.0	0	0	0	0	0	1.530117689e-06	0	0	0	
g__Sinorhizobium	2.2951765335e-06	2.2951765335e-06	2.2951765335e-06	2.2951765335e-06	2.2951765335e-06	2.2951765335e-06	0	0	0	0	0	0	0	0	0	0	0	0	0	0	0	0	0	0	0	0	0	0	1.530117689e-06	2.2951765335e-06	0	
g__Alkanindiges	3.82529422251e-06	3.82529422251e-06	3.82529422251e-06	3.82529422251e-06	3.82529422251e-06	3.82529422251e-06	1.530117689e-06	1.530117689e-06	1.530117689e-06	1.530117689e-06	1.530117689e-06	0	0	0	0	0	0	1.530117689e-06	1.530117689e-06	1.530117689e-06	1.530117689e-06	7.65058844501e-07	0	0	0	0	0	0	3.82529422251e-06	3.060235378e-06	0	
g__Candidatus Blochmannia	0	0	0	0	0	0	0	0	0	0	0	0	0	0	0	0	0	7.65058844501e-07	7.65058844501e-07	0	0	0	0	0	0	0	0	0	0	0	0	
g__Candidatus Portiera	0.0	0.0	0.0	0.0	0.0	0.0	0	0	0	0	0	0	0	0	0	0	0	0	0	0	0	0	0	0	0	0	0	0	1.530117689e-06	3.82529422251e-06	0	
Other	0	0	0	0	0	0	0	0	0	0	0	0	0	0	0	0	0.0	0	0	0	0	0	0	0	0	0	0	0	0	0	0	
Other	0	0	0	0	0	0	0	0	7.65058844501e-07	2.2951765335e-06	4.59035306701e-06	7.65058844501e-07	0	0	0	0.0	0.0	0	0	0	3.060235378e-06	5.35541191151e-06	4.59035306701e-06	0	0	0	0.0	0.0	7.65058844501e-07	0	0	
Other	0	0	0	0	0	0	0	3.82529422251e-06	1.530117689e-05	4.36083541366e-05	5.96745898711e-05	9.33371790291e-05	0.00013771059201	0.000219571888372	0.000354222245004	0.000632703664402	0.00158137663158	0	2.2951765335e-06	1.45361180455e-05	4.20782364476e-05	5.66143544931e-05	8.49215317396e-05	0.0001530117689	0.000261650124819	0.000318264479312	0.000571498956842	0.00137940109664	1.14758826675e-05	1.14758826675e-05	0	
g__	0	0	0	0	0	0	0	0	0	0	0	0	0	0	0	0	0	0	0	0	0	0	0	0	0	0	0	0	0	1.530117689e-06	0	
Other	0	0	0	0	0	0	0	0	0	0	0	0	0	0	0	0	7.65058844501e-07	0	0	0	0	0	0	0	0	0	0	0	0	0	0	
g__	0	0	0	0	0	0	1.530117689e-06	1.530117689e-06	0	0	0	0	0	0	0	0	0	1.530117689e-06	0	0	0	0	0	0	0	0	0	0	0	0	0	
g__Sarcina	2.2951765335e-06	2.2951765335e-06	2.2951765335e-06	2.2951765335e-06	2.2951765335e-06	2.2951765335e-06	0.0	0.0	0.0	0	0.0	0	0	0	0	0	0	0.0	0.0	0.0	0	0	0	0	0	0	0	0	3.82529422251e-06	0.000110933532453	0	
g__Facklamia	0.0	0.0	0.0	0.0	0.0	0.0	0	0	0	0	0	0	0	0	0	0	0	0	0	0	0	0	0	0	0	0	0	0	0.0	3.060235378e-06	0	
Other	0	0	0	0	0	0	0	0	0.0	0.0	7.65058844501e-07	1.530117689e-06	1.530117689e-06	1.530117689e-06	2.2951765335e-06	1.530117689e-06	0.0	0	0	0	0.0	0.0	1.530117689e-06	2.2951765335e-06	5.35541191151e-06	1.530117689e-06	1.530117689e-06	0.0	0.0	0.0	0	
g__Photorhabdus	0	0	0	0	0	0	7.65058844501e-07	7.65058844501e-07	0	0	0	0	0	0	0	0	0	7.65058844501e-07	7.65058844501e-07	0	0	0	0	0	0	0	0	0	0	0	0	
Other	0	0	0	0	0	0	0	0	1.530117689e-06	1.530117689e-06	4.59035306701e-06	1.45361180455e-05	1.45361180455e-05	2.2951765335e-05	3.060235378e-05	2.1421647646e-05	2.4481883024e-05	0	0	0	1.530117689e-06	3.82529422251e-06	1.3771059201e-05	1.3771059201e-05	1.45361180455e-05	2.2951765335e-05	3.060235378e-05	2.7542118402e-05	7.65058844501e-07	7.65058844501e-07	0	
g__Pleomorphomonas	0	0	0	0	0	0	0.0	0.0	0.0	0.0	0	0	0	0	0	0	0	0.0	0.0	0.0	0.0	0	0	0	0	0	0	0	0	0	0	
g__Granulicatella	0.00129051629526	0.00129051629526	0.00129051629526	0.00129051629526	0.00129051629526	0.00129051629526	0.0001789713143	0.000176013110758	0.000175273559873	0.000176013110758	1.47910177108e-06	0	0	0	0	0	0	0.0001789713143	0.0001789713143	0.000176013110758	5.84245199575e-05	2.95820354215e-06	0	0	0	0	0	0	0.000691480077978	0.00110858677742	0	
g__Geobacter	0	0	0	0	0	0	0	0	0	0	0	0	0	0	0	0	0	0	0	0	0	0	0	0	0	0	0	0	2.21865265661e-06	2.21865265661e-06	0	
g__Clostridium	0.0251558233716	0.0251558233716	0.0251558233716	0.0251558233716	0.0251558233716	0.0251558233716	0.0253421901947	0.0253421901947	0.0253421901947	0.0253392319912	0.0253192641173	0.0252808074712	0.0252342157654	0.0251314181924	0.0248651798736	0.0246987809243	0.0244000023666	0.025340711093	0.025340711093	0.025340711093	0.0253303573806	0.0253140872611	0.0252785888186	0.0251417719048	0.0250655981635	0.0249065947232	0.0247172696965	0.0243290054816	0.0253059522013	0.0251277204379	0.047593664	
Other	0	0	0	0	0	0	0	0	0	2.21865265661e-06	2.21865265661e-06	2.21865265661e-06	9.614161512e-06	1.18328141686e-05	3.69775442769e-06	0	0.000255884606396	0	0	0	0	2.21865265661e-06	2.21865265661e-06	1.10932632831e-05	8.13505974092e-06	7.98714956381e-05	0.0	3.03215863071e-05	0	0	0	
Other	0	0	0	0	0	0	0	0	0.0	0.0	0	0	0	0	0	0	0	0	0.0	7.39550885538e-07	0	0	0	0	0	0	0	0	0	0	0	
g__	0	0	0	0	0	0	0	0	0	0	0	0	0	0	0	0	0	0	0	0	0	0	0	0	0	0	0	0	3.69775442769e-06	3.69775442769e-06	0	
Other	0	0	0	0	0	0	0	0	0	0	0	0	0	0	0	0	0.0	0	0	0	0	0	0	0	0	0	0	0	0	0	0	
g__Burkholderia	0	0	0	0	0	0	1.47910177108e-06	1.47910177108e-06	0.0	0	0	0	0	0	0	0	0	1.47910177108e-06	1.47910177108e-06	1.47910177108e-06	0	0	0	0	0	0	0	0	0	0	0	
g__Edwardsiella	0	0	0	0	0	0	3.69775442769e-06	3.69775442769e-06	3.69775442769e-06	1.47910177108e-06	0.0	0.0	0	0	0	0	0	3.69775442769e-06	3.69775442769e-06	3.69775442769e-06	1.47910177108e-06	0.0	0.0	0	0	0	0	0	0.0	0	0	
g__	0	0	0	0	0	0	0	0	0	0	0	0	0	0	0	0	0	0	0	0	0	0	0	0	0	0	0	0	2.95820354215e-06	2.95820354215e-06	0	
g__Thalassobacillus	0	0	0	0	0	0	3.69775442769e-06	3.69775442769e-06	3.69775442769e-06	0	0	0	0	0	0	0	0	3.69775442769e-06	3.69775442769e-06	3.69775442769e-06	3.69775442769e-06	0	0	0	0	0	0	0	0	0	0	
g__Propionispora	0	0	0	0	0	0	0.0	0	0	0	0	0	0	0	0	0	0	0.0	0.0	0	0	0	0	0	0	0	0	0	0	0	0	
Other	0	0	0	0	0	0	0	0	0	0	0	0	0	0	0	0	0	0	0	0	0	0	0	0	0	0	0	0	7.39550885538e-07	7.39550885538e-07	0	
Other	0	0	0	0	0	0	0	0	0	0	0	0.0	0.0	0.0	0.0	0.0	2.95820354215e-06	0	0	0	0	0	0	0.0	0.0	0.0	0.0	3.62379933914e-05	0	0	0	
g__	0.177325074029	0.177325074029	0.177325074029	0.177325074029	0.177325074029	0.177325074029	5.32476637588e-05	5.32476637588e-05	3.40193407348e-05	3.32797898492e-05	3.18006880781e-05	2.95820354215e-06	0	0	0	0	0	5.32476637588e-05	5.32476637588e-05	3.40193407348e-05	3.32797898492e-05	3.03215863071e-05	0	0	0	0	0	0	2.21865265661e-05	2.81029336505e-05	0	
g__	2.51447301083e-05	2.51447301083e-05	2.51447301083e-05	2.51447301083e-05	2.51447301083e-05	2.51447301083e-05	0	0	0	0	0	0	0	0	0	0	0	0	0	0	0	0	0	0	0	0	0	0	2.51447301083e-05	2.51447301083e-05	0	
g__Carnobacterium	0	0	0	0	0	0	4.43730531323e-06	4.43730531323e-06	4.43730531323e-06	2.95820354215e-06	0.0	0.0	0.0	0	0	0	0	5.17685619877e-06	4.43730531323e-06	2.95820354215e-06	2.95820354215e-06	0.0	0.0	0	0	0	0	0	2.21865265661e-06	7.39550885538e-07	0	
Other	0	0	0	0	0	0	0	2.29260774517e-05	2.29260774517e-05	0	2.21865265661e-06	7.39550885538e-07	0	0	0	0	7.39550885538e-07	0	2.29260774517e-05	2.29260774517e-05	2.29260774517e-05	7.39550885538e-07	7.39550885538e-07	0	0	0	0	3.69775442769e-06	0	0	0	
g__	0	0	0	0	0	0	1.47910177108e-06	0	0	0	0	0	0	0	0	0	0	1.47910177108e-06	1.47910177108e-06	0	0	0	0	0	0	0	0	0	0	0	0	
g__	0.0	0.0	0.0	0.0	0.0	0.0	0	0	0	0	0	0	0	0	0	0	0	0	0	0	0	0	0	0	0	0	0	0	0.0	0.0	0	
g__Paenibacillus	0	0	0	0	0	0	4.43730531323e-06	4.43730531323e-06	7.39550885538e-07	0	0	0	0	0	0	0	0	4.43730531323e-06	3.69775442769e-06	7.39550885538e-07	0	0	0	0	0	0	0	0	0	0	0	
g__	1.47910177108e-06	1.47910177108e-06	1.47910177108e-06	1.47910177108e-06	1.47910177108e-06	1.47910177108e-06	0	0	0	0	0	0	0	0	0	0	0	0	0	0	0	0	0	0	0	0	0	0	1.47910177108e-06	1.47910177108e-06	0	
g__	0.0	0.0	0.0	0.0	0.0	0.0	0.0	0.0	0.0	0.0	0.0	0.0	0.0	0.0	0.0	0.0	0	0.0	0.0	0.0	0.0	0.0	0.0	0.0	0.0	0.0	0.0	0.0	0.0	0.0	0	
Other	0	0	0	0	0	0	0	4.43730531323e-06	1.77492212529e-05	6.28618252707e-05	0.000167138500132	0.000280289785619	0.00326067985434	0.0133304047118	7.39550885538e-07	0	0	0	4.43730531323e-06	1.55305685963e-05	8.35692500658e-05	7.76528429815e-05	0.00329987605127	0.0134095366566	0.0133119159397	0.000113151285487	0	0	0	7.39550885538e-07	0	
g__Tetragenococcus	0	0	0	0	0	0	9.614161512e-06	8.87461062646e-06	4.43730531323e-06	1.47910177108e-06	0	0	0	0	0	0	0	9.614161512e-06	9.614161512e-06	5.17685619877e-06	2.21865265661e-06	0	0	0	0	0	0	0	0	0	0	
g__	0.0	0.0	0.0	0.0	0.0	0.0	0	0	0	0	0	0	0	0	0	0	0	0	0	0	0	0	0	0	0	0	0	0	0	0	0	
g__Octadecabacter	0.0	0.0	0.0	0.0	0.0	0.0	0	0	0	0	0	0	0	0	0	0	0	0	0	0	0	0	0	0	0	0	0	0	0.0	0	0	
g__	7.39550885538e-07	7.39550885538e-07	7.39550885538e-07	7.39550885538e-07	7.39550885538e-07	7.39550885538e-07	0	0	0	0	0	0	0	0	0	0	0	0	0	0	0	0	0	0	0	0	0	0	0	0	0	
Other	0	0	0	0	0	0	0	0	3.54984425058e-05	0.000105016225746	0.000162701194818	0.000193762332011	0.000420804453871	0.00193984197277	0.00200935975601	0.0281044127522	0.0276976597652	0	0	3.62379933914e-05	0.000143472871794	0.000165659398361	0.000392701520221	0.000465177507004	0.0265765006227	0.0280748307168	0.0280563419447	0.0276976597652	1.84887721385e-05	8.87461062646e-06	0	
g__Corynebacterium	0.0	0.0	0.0	0.0	0.0	0.0	0.0	0.0	0.0	0.0	0.0	0.0	0.0	0.0	0.0	0.0	0.0	0.0	0.0	0.0	0.0	0.0	0.0	0.0	0.0	0.0	0.0	0.0	0.0	0.0	0	
g__Methanobrevibacter	0.0050422579376	0.0050422579376	0.0050422579376	0.0050422579376	0.0050422579376	0.0050422579376	0.0050422579376	0.0050422579376	0.0050422579376	0.0050422579376	0.0050422579376	0.0050422579376	0.0050422579376	0.0050422579376	0.0050422579376	0.0050422579376	0.00503929973406	0.0050422579376	0.0050422579376	0.0050422579376	0.0050422579376	0.0050422579376	0.0050422579376	0.0050422579376	0.0050422579376	0.0050422579376	0.0050422579376	0.00500601994421	0.0050422579376	0.00504299748849	0.047593664	
g__Stenotrophomonas	0	0	0	0	0	0	1.18328141686e-05	1.18328141686e-05	1.18328141686e-05	1.18328141686e-05	1.18328141686e-05	1.18328141686e-05	1.18328141686e-05	1.18328141686e-05	1.18328141686e-05	1.18328141686e-05	1.18328141686e-05	1.18328141686e-05	1.18328141686e-05	1.18328141686e-05	1.18328141686e-05	1.18328141686e-05	1.18328141686e-05	1.18328141686e-05	1.18328141686e-05	1.18328141686e-05	1.18328141686e-05	1.18328141686e-05	1.18328141686e-05	1.18328141686e-05	0	
Other	0	0	0	0	0	0	0	0.0	0.0	1.47910177108e-06	1.47910177108e-06	3.69775442769e-06	3.69775442769e-06	5.91640708431e-06	1.10932632831e-05	3.91961969335e-05	0.000122765446999	0	0.0	0.0	1.47910177108e-06	1.47910177108e-06	1.47910177108e-06	5.17685619877e-06	7.39550885538e-06	1.18328141686e-05	4.21544004757e-05	6.06431726141e-05	0	0	0	
g__Rhodobacter	0.00899145966637	0.00899145966637	0.00899145966637	0.00899145966637	0.00899145966637	0.00899145966637	0.00898554325929	0.00898554325929	0.00898554325929	0.00898554325929	0.00898554325929	0.00898258505575	0.00897592909778	0.00895300302033	0.00894560751147	0.00890493221277	0.00880657194499	0.00898554325929	0.00898554325929	0.00898554325929	0.00898554325929	0.00898406415752	0.00898258505575	0.00897518954689	0.0089596589783	0.00894338885881	0.00890715086542	0.00879178092728	0.00899072011549	0.00898776191195	0.047593664	
g__Anaerobacillus	0.000130160955855	0.000130160955855	0.000130160955855	0.000130160955855	0.000130160955855	0.000130160955855	8.87461062646e-06	8.87461062646e-06	0	0	0	0	0	0	0	0	0	8.87461062646e-06	8.87461062646e-06	8.87461062646e-06	0	0	0	0	0	0	0	0	1.40514668252e-05	2.44051792228e-05	0	
g__Macrococcus	0.0	0.0	0.0	0.0	0.0	0.0	4.43730531323e-06	4.43730531323e-06	4.43730531323e-06	2.95820354215e-06	1.47910177108e-06	0	0	0	0	0	0	4.43730531323e-06	4.43730531323e-06	4.43730531323e-06	4.43730531323e-06	1.47910177108e-06	7.39550885538e-07	0	0	0	0	0	0.0	0	0	
g__	1.47910177108e-06	1.47910177108e-06	1.47910177108e-06	1.47910177108e-06	1.47910177108e-06	1.47910177108e-06	0	0	0	0	0	0	0	0	0	0	0	0	0	0	0	0	0	0	0	0	0	0	0.0	0.0	0	
g__	0	0	0	0	0	0	0	0	0	0	0	0	0	0	0	0	0	7.39550885538e-07	7.39550885538e-07	0	0	0	0	0	0	0	0	0	0	0	0	
g__Azorhizophilus	0	0	0	0	0	0	3.10611371926e-05	3.10611371926e-05	2.36656283372e-05	5.91640708431e-06	0	0	0	0	0	0	0	3.10611371926e-05	3.10611371926e-05	2.36656283372e-05	6.65595796984e-06	0	0	0	0	0	0	0	0	0	0	
g__Smithella	0	0	0	0	0	0	7.39550885538e-07	7.39550885538e-07	0	0	0	0	0	0	0	0	0	7.39550885538e-07	7.39550885538e-07	0	0	0	0	0	0	0	0	0	0	0	0	
g__Deinococcus	0.0717068538618	0.0717068538618	0.0717068538618	0.0717068538618	0.0717068538618	0.0717068538618	0.0716905837423	0.0716905837423	0.0716883650897	0.071686146437	0.0716831882335	0.0716676576649	0.0716439920365	0.0715988794325	0.0714953423085	0.071188428691	0.0705738619051	0.0716905837423	0.0716905837423	0.0716905837423	0.0716876255388	0.071679490479	0.0716646994613	0.0716432524856	0.0715922234745	0.0713333806646	0.0711721585715	0.0705538940312	0.0717112911671	0.0716920628441	0	
Other	0	0	0	0	0	0	0	5.91640708431e-06	0.000100578920433	0.000197460086439	0.000525081128732	0.000749904597936	0.00170244613851	0.00185553317182	0.0154447806936	0.0153478995276	0.00128681854084	0	8.13505974092e-06	4.06752987046e-05	0.000317267329896	0.000501415500395	0.00103093393444	0.00172980952127	0.00188215700369	0.0157516943111	0.0153197965939	0.0429227938458	0.00052877888316	0.000839390255086	0	
g__02d06	5.17685619877e-06	5.17685619877e-06	5.17685619877e-06	5.17685619877e-06	5.17685619877e-06	5.17685619877e-06	0	0	0	0	0	0	0	0	0	0	0	0	0	0	0	0	0	0	0	0	0	0	4.43730531323e-06	5.17685619877e-06	0	
Other	0	0	0	0	0	0	0	0	0	0	0	2.21865265661e-06	0	2.21865265661e-06	1.47910177108e-06	3.69775442769e-06	1.47910177108e-06	0	0	0	0.0	0	0	0	2.21865265661e-06	2.95820354215e-06	1.47910177108e-06	0.0	0	0	0	
g__Aminobacter	0	0	0	0	0	0	0.0	0.0	0.0	0.0	0	0	0	0	0	0	0	0.0	0.0	0.0	0.0	0	0	0	0	0	0	0	0	0	0	
Other	0	0	0	0	0	0	0	0	7.39550885538e-07	7.39550885538e-07	0	0	0	0	0	0	0	0	7.39550885538e-07	7.39550885538e-07	7.39550885538e-07	0	0	0	0	0	0	0	0	0	0	
Other	0	0	0	0	0	0	0	7.39550885538e-07	1.9228323024e-05	4.14148495901e-05	0.000366077688341	0.000874149146706	0.00158485754771	0.00283026123895	0.00328138727913	0.00496238644196	0.0460348239721	0	0.0	1.47910177108e-05	5.02894602166e-05	0.000324662838751	0.00108048384377	0.00158337844594	0.00280807471239	0.00364302766216	0.00499418713004	0.0242084586872	0.00057019373275	0.000132379608511	0	
g__Acinetobacter	0.000230739876288	0.000230739876288	0.000230739876288	0.000230739876288	0.000230739876288	0.000230739876288	0.178359705718	0.178359705718	0.178359705718	0.178358226616	0.178358226616	0.178357487065	0.178350831107	0.178347133353	0.178321249072	0.178306458054	0.17724224433	0.178359705718	0.178359705718	0.178359705718	0.178359705718	0.178358226616	0.178357487065	0.178355268413	0.178348612455	0.17831976997	0.178307937156	0.177116520679	0.00137112734179	0.000543569900871	0.047593664	
Other	0	0	0	0	0	0	0	0	0	2.95820354215e-06	2.95820354215e-06	3.69775442769e-06	3.69775442769e-06	8.87461062646e-06	1.18328141686e-05	3.77170951624e-05	8.6527453608e-05	0	0	0	0	0	0	0	0	0	0	0	0	0	0	
g__Deinococcus	0	0	0	0	0	0	0	0	0	0	0	0	0	0	0	0	0	0	0	0	0	0	0	0	0	0	0	0	0	0	0.047593664	
g__	0	0	0	0	0	0	0.0	0.0	0.0	0	0	0	0	0	0	0	0	0.0	0.0	0.0	0	0	0	0	0	0	0	0	0	0	0	
Other	0	0	0	0	0	0	0	0	2.21865265661e-06	0	1.47910177108e-06	2.95820354215e-06	3.69775442769e-06	6.65595796984e-06	1.10932632831e-05	2.73633827649e-05	1.62701194818e-05	0	0	0	7.39550885538e-07	3.69775442769e-06	8.87461062646e-06	5.17685619877e-06	8.13505974092e-06	1.33119159397e-05	3.54984425058e-05	1.03537123975e-05	0	0	0	
g__Shewanella	0	0	0	0	0	0	7.39550885538e-07	7.39550885538e-07	0	0	0	0	0	0	0	0	0	7.39550885538e-07	7.39550885538e-07	0	0	0	0	0	0	0	0	0	0	0	0	
g__Kurthia	0	0	0	0	0	0	2.21865265661e-06	1.47910177108e-06	0.0	0	0	0	0	0	0	0	0	2.21865265661e-06	1.47910177108e-06	0.0	0	0	0	0	0	0	0	0	0	0	0	
g__Candida	0	0	0	0	0	0	0	0	0	0	0	0	0	0	0	0	0	0	0	0	0	0	0	0	0	0	0	0	0	0	0.000533049	
g__	2.21865265661e-06	2.21865265661e-06	2.21865265661e-06	2.21865265661e-06	2.21865265661e-06	2.21865265661e-06	0	0	0	0	0	0	0	0	0	0	0	0	0	0	0	0	0	0	0	0	0	0	7.39550885538e-07	7.39550885538e-07	0	
g__Gracilibacter	7.39550885538e-07	7.39550885538e-07	7.39550885538e-07	7.39550885538e-07	7.39550885538e-07	7.39550885538e-07	0	0	0	0	0	0	0	0	0	0	0	0	0	0	0	0	0	0	0	0	0	0	0	0	0	
g__Coprococcus	0	0	0	0	0	0	5.17685619877e-06	5.17685619877e-06	5.17685619877e-06	5.17685619877e-06	0	0	0	0	0	0	0	5.17685619877e-06	5.17685619877e-06	5.17685619877e-06	0	5.17685619877e-06	0	0	0	0	0	0	0	0	0	
Other	0	0	0	0	0	0	0	0.0	1.55305685963e-05	0.000491801338883	0.000881544655562	0.000749904597936	0.00070109423949	0.000287685294474	0.000718843460743	0.00406752987046	0.00874371011972	0	2.21865265661e-06	1.84887721385e-05	0.000201897391752	0.000819422381176	0.000674470407611	0.000263280115252	0.000318006880781	0.000357203077715	0.000751383699707	0.00729123218052	7.39550885538e-06	2.81029336505e-05	0	
g__	2.21865265661e-06	2.21865265661e-06	2.21865265661e-06	2.21865265661e-06	2.21865265661e-06	2.21865265661e-06	0	0	0	0	0	0	0	0	0	0	0	0	0	0	0	0	0	0	0	0	0	0	7.39550885538e-07	1.47910177108e-06	0	
g__	0	0	0	0	0	0	0	0	0	0	0	0	0	0	0	0	0	0	0	0	0	0	0	0	0	0	0	0	0	0.0	0	
g__Rhodovulum	0	0	0	0	0	0	2.21865265661e-06	2.21865265661e-06	2.21865265661e-06	7.39550885538e-07	0.0	0	0	0	0	0	0	2.21865265661e-06	1.47910177108e-06	1.47910177108e-06	7.39550885538e-07	0.0	0	0	0	0	0	0	0.0	0	0	
g__Brenneria	0	0	0	0	0	0	7.39550885538e-07	7.39550885538e-07	0	0	0	0	0	0	0	0	0	7.39550885538e-07	0.0	0.0	0	0	0	0	0	0	0	0	0	0	0	
g__Brevibacillus	0	0	0	0	0	0	7.39550885538e-07	7.39550885538e-07	7.39550885538e-07	0	0	0	0	0	0	0	0	7.39550885538e-07	7.39550885538e-07	7.39550885538e-07	0	0	0	0	0	0	0	0	0	0	0	
g__Syntrophomonas	3.69775442769e-06	3.69775442769e-06	3.69775442769e-06	3.69775442769e-06	3.69775442769e-06	3.69775442769e-06	0	0	0	0	0	0	0	0	0	0	0	0	0	0	0	0	0	0	0	0	0	0	0	0	0	
Other	0	0	0	0	0	0	0	0	0	0	0	0	0	0	0	0	3.69775442769e-06	0	0	0	1.47910177108e-06	0	0	0	0	0	2.21865265661e-06	4.43730531323e-06	0	0	0	
g__Rhodococcus	0.0	0.0	0.0	0.0	0.0	0.0	0.0	0.0	0.0	0.0	0.0	0.0	0.0	0.0	0.0	0.0	0	0.0	0.0	0.0	0.0	0.0	0.0	0.0	0.0	0.0	0.0	0.0	0.0	0.0	0	
g__Trabulsiella	0	0	0	0	0	0	0.0	0.0	0.0	0	0	0	0	0	0	0	0	0.0	0.0	0.0	0	0	0	0	0	0	0	0	0	0	0	
g__Faecalibacterium	0.0	0.0	0.0	0.0	0.0	0.0	0.0	0.0	0.0	0.0	0.0	0.0	0.0	0.0	0.0	0.0	0.0	0.0	0.0	0.0	0.0	0.0	0.0	0.0	0.0	0.0	0.0	0.0	0.0	0.0	0	
g__Planomicrobium	2.21865265661e-06	2.21865265661e-06	2.21865265661e-06	2.21865265661e-06	2.21865265661e-06	2.21865265661e-06	0	0	0	0	0	0	0	0	0	0	0	0	0	0	0	0	0	0	0	0	0	0	2.95820354215e-06	5.17685619877e-06	0	
Other	0	0	0	0	0	0	0	0	0	0	2.95820354215e-06	5.17685619877e-06	1.47910177108e-06	5.17685619877e-06	2.14469756806e-05	1.03537123975e-05	0	0	0	0	0	2.21865265661e-06	4.43730531323e-06	7.39550885538e-07	1.55305685963e-05	2.36656283372e-05	3.03215863071e-05	0	0	0	0	
Other	0	0	0	0	0	0	0	0	0	0.0	8.87461062646e-06	8.87461062646e-06	6.65595796984e-06	1.33119159397e-05	2.36656283372e-05	3.32797898492e-05	0.000101318471319	0	0	0	0	7.39550885538e-07	4.43730531323e-06	1.03537123975e-05	1.33119159397e-05	2.95820354215e-05	3.77170951624e-05	9.98393695477e-05	0	0	0	
g__Oscillospira	0	0	0	0	0	0	0.0	0.0	0.0	0.0	0.0	0.0	0.0	0.0	0.0	0.0	0	0.0	0.0	0.0	0.0	0.0	0.0	0.0	0.0	0.0	0	0	0	0	0	
g__	0	0	0	0	0	0	7.39550885538e-07	7.39550885538e-07	0	0	0	0	0	0	0	0	0	7.39550885538e-07	7.39550885538e-07	0	0	0	0	0	0	0	0	0	0	0	0	
g__Pyrococcus	0	0	0	0	0	0	7.39550885538e-07	7.39550885538e-07	0.0	0	0	0	0	0	0	0	0	0.0	0.0	0.0	0	0	0	0	0	0	0	0	0	0	0	
g__Paracoccus	0	0	0	0	0	0	2.21865265661e-06	2.21865265661e-06	2.21865265661e-06	1.47910177108e-06	1.47910177108e-06	0	0	0	0	0	0	2.21865265661e-06	2.21865265661e-06	2.21865265661e-06	2.21865265661e-06	7.39550885538e-07	7.39550885538e-07	0	0	0	0	0	0	0	0	
g__	1.40514668252e-05	1.40514668252e-05	1.40514668252e-05	1.40514668252e-05	1.40514668252e-05	1.40514668252e-05	0	0	0	0	0	0	0	0	0	0	0	0	0	0	0	0	0	0	0	0	0	0	6.65595796984e-06	5.91640708431e-06	0	
g__	0.00596299879009	0.00596299879009	0.00596299879009	0.00596299879009	0.00596299879009	0.00596299879009	3.54984425058e-05	3.54984425058e-05	2.8842484536e-05	2.29260774517e-05	5.17685619877e-06	3.69775442769e-06	0	0	0	0	0	3.47588916203e-05	3.47588916203e-05	3.25402389637e-05	2.07074247951e-05	1.99678739095e-05	7.39550885538e-06	0	0	0	0	0	3.69775442769e-05	1.77492212529e-05	0	
g__	9.17043098067e-05	9.17043098067e-05	9.17043098067e-05	9.17043098067e-05	9.17043098067e-05	9.17043098067e-05	0.00134080575548	0.0013400662046	0.00132897294131	0.00130678641475	0.00100504965345	0.000548746757069	0.000237395834258	8.57879027224e-05	8.20901482947e-05	7.39550885538e-07	0	0.00134228485725	0.00134228485725	0.00133341024663	0.0013090050674	0.00104794360481	0.000557621367696	0.000223344367433	8.35692500658e-05	7.39550885538e-07	7.39550885538e-07	0	0.000174534008987	0.000210032451493	0	
g__Ureibacillus	1.47910177108e-06	1.47910177108e-06	1.47910177108e-06	1.47910177108e-06	1.47910177108e-06	1.47910177108e-06	8.87461062646e-06	8.87461062646e-06	8.87461062646e-06	8.87461062646e-06	8.87461062646e-06	8.87461062646e-06	0	0	0	0	0	8.87461062646e-06	8.87461062646e-06	8.87461062646e-06	8.87461062646e-06	8.87461062646e-06	1.47910177108e-06	0	0	0	0	0	0	0	0	
g__Enterococcus	0.00370145218212	0.00370145218212	0.00370145218212	0.00370145218212	0.00370145218212	0.00370145218212	0.0094144827729	0.00941152456936	0.00940708726405	0.00938785894102	0.00938416118659	0.00936789106711	0.00934200678612	0.00931982025955	0.0088982762548	0.00534251559713	0	0.0094144827729	0.00941152456936	0.00940708726405	0.00939007759368	0.00938711939014	0.00937602612685	0.00935679780383	0.00930798744538	0.00925769798517	0.00874666832326	0	0.009588277231	0.00981901710729	0.047593664	
g__Desulfosporosinus	5.91640708431e-06	5.91640708431e-06	5.91640708431e-06	5.91640708431e-06	5.91640708431e-06	5.91640708431e-06	2.21865265661e-06	2.21865265661e-06	2.21865265661e-06	2.21865265661e-06	2.21865265661e-06	0	0	0	0	0	0	2.21865265661e-06	2.21865265661e-06	2.21865265661e-06	2.21865265661e-06	2.21865265661e-06	7.39550885538e-07	0	0	0	0	0	1.18328141686e-05	1.18328141686e-05	0	
g__Serratia	0.0	0.0	0.0	0.0	0.0	0.0	1.03537123975e-05	1.03537123975e-05	9.614161512e-06	8.87461062646e-06	8.13505974092e-06	7.39550885538e-06	7.39550885538e-06	7.39550885538e-06	7.39550885538e-06	7.39550885538e-06	0	1.03537123975e-05	1.03537123975e-05	9.614161512e-06	8.87461062646e-06	8.13505974092e-06	8.13505974092e-06	7.39550885538e-06	7.39550885538e-06	7.39550885538e-06	7.39550885538e-06	0	7.39550885538e-06	8.13505974092e-06	0	
g__	0	0	0	0	0	0	8.13505974092e-06	8.13505974092e-06	0	0	0	0	0	0	0	0	0	8.13505974092e-06	2.95820354215e-06	0	0	0	0	0	0	0	0	0	0	0	0	
g__Bacillus	0.00116701129738	0.00116701129738	0.00116701129738	0.00116701129738	0.00116701129738	0.00116701129738	0.000310611371926	0.000310611371926	0.000302476312185	0.000292122599788	0.000286206192703	1.10932632831e-05	8.13505974092e-06	2.21865265661e-06	2.21865265661e-06	2.21865265661e-06	0	0.000309871821041	0.000309871821041	0.000300997210414	0.000289903947131	0.000276592031191	1.10932632831e-05	8.13505974092e-06	6.65595796984e-06	2.21865265661e-06	2.21865265661e-06	0	0.00110562857388	0.00110414947211	0.047593664	
g__Helicobacter	0.0245922855968	0.0245922855968	0.0245922855968	0.0245922855968	0.0245922855968	0.0245922855968	0.0245922855968	0.0245922855968	0.0245922855968	0.0245922855968	0.0245922855968	0.0245900669441	0.0245885878424	0.0245819318844	0.0245745363755	0.0245419961366	0.024416272486	0.0245922855968	0.0245922855968	0.0245922855968	0.0245922855968	0.0245922855968	0.0245900669441	0.0245900669441	0.0245826714353	0.0245553080525	0.024533121526	0.0244207097914	0.0246078161654	0.0246078161654	0.047593664	
Other	0	0	0	0	0	0	0	0	0	0	0	0	0	0	1.47910177108e-06	0	8.87461062646e-06	0	0	0	0	0	0	0	0	0	0	9.614161512e-06	0	0	0	
g__	7.39550885538e-07	7.39550885538e-07	7.39550885538e-07	7.39550885538e-07	7.39550885538e-07	7.39550885538e-07	0	0	0	0	0	0	0	0	0	0	0	0	0	0	0	0	0	0	0	0	0	0	7.39550885538e-07	0	0	
Other	0	0	0	0	0	0	0	0.0	0	0.0	0	0	0	0	0	0	0	0	0.0	7.39550885538e-07	0	0	0	0	0	0	0	0	0	0	0	
g__	0.0	0.0	0.0	0.0	0.0	0.0	0	0	0	0	0	0	0	0	0	0	0	0	0	0	0	0	0	0	0	0	0	0	0	0	0	
Other	0	0	0	0	0	0	0	7.39550885538e-07	0.0	0.0	0	0	0	0	0	0	0	0	2.21865265661e-06	0.0	7.39550885538e-07	0	0	0	0	0	0	0	0	0	0	
g__	0	0	0	0	0	0	0.0	0.0	0.0	0	0	0	0	0	0	0	0	0.0	0.0	0	0	0	0	0	0	0	0	0	0	0	0	
Other	0	0	0	0	0	0	0	0	0	0	0	0	7.39550885538e-07	7.39550885538e-07	0	2.21865265661e-06	2.8842484536e-05	0	0	0	0	0	1.47910177108e-06	2.21865265661e-06	7.39550885538e-07	7.39550885538e-07	1.47910177108e-06	3.25402389637e-05	0	0	0	
g__Staphylococcus	0.470263398443	0.470263398443	0.470263398443	0.470263398443	0.470263398443	0.470263398443	0.476166493612	0.47616501451	0.476151702594	0.476121381008	0.475999355112	0.475541573113	0.47525462737	0.474495848161	0.473700830959	0.473169093873	0.452940158501	0.47616501451	0.476161316756	0.47614800484	0.476117683253	0.476018583435	0.475568936496	0.475193244646	0.474864144502	0.473493756711	0.473170572974	0.443035353491	0.470446807063	0.469682850998	0.095187328	
g__	4.43730531323e-06	4.43730531323e-06	4.43730531323e-06	4.43730531323e-06	4.43730531323e-06	4.43730531323e-06	1.99678739095e-05	1.99678739095e-05	1.84887721385e-05	1.40514668252e-05	0	0	0	0	0	0	0	1.99678739095e-05	1.99678739095e-05	1.99678739095e-05	1.84887721385e-05	0	0	0	0	0	0	0	0	1.47910177108e-06	0	
g__	0.0	0.0	0.0	0.0	0.0	0.0	0	0	0	0	0	0	0	0	0	0	0	0	0	0	0	0	0	0	0	0	0	0	0	0	0	
g__	0	0	0	0	0	0	0	0	0	0	0	0	0	0	0	0	0	0	0	0	0	0	0	0	0	0	0	0	0	0.0	0	
g__Chromatium	0	0	0	0	0	0	6.65595796984e-06	5.17685619877e-06	3.69775442769e-06	0	0	0	0	0	0	0	0	8.13505974092e-06	8.13505974092e-06	2.95820354215e-06	0	0	0	0	0	0	0	0	0	0	0	
g__Microbulbifer	0	0	0	0	0	0	0.0	0	0	0	0	0	0	0	0	0	0	0.0	0	0	0	0	0	0	0	0	0	0	0	0	0	
g__	7.39550885538e-07	7.39550885538e-07	7.39550885538e-07	7.39550885538e-07	7.39550885538e-07	7.39550885538e-07	0.0	0.0	0.0	0	0	0	0	0	0	0	0	0.0	0.0	0	0	0	0	0	0	0	0	0	7.39550885538e-07	0	0	
Other	0	0	0	0	0	0	0	1.47910177108e-06	2.95820354215e-06	5.91640708431e-06	7.39550885538e-06	8.87461062646e-06	1.47910177108e-05	2.44051792228e-05	2.36656283372e-05	4.21544004757e-05	1.18328141686e-05	0	2.95820354215e-06	3.69775442769e-06	4.43730531323e-06	7.39550885538e-06	8.13505974092e-06	1.55305685963e-05	1.9228323024e-05	2.95820354215e-05	4.58521549034e-05	2.44051792228e-05	2.21865265661e-06	2.21865265661e-06	0	
g__Flexispira	0	0	0	0	0	0	1.84887721385e-05	1.84887721385e-05	1.70096703674e-05	1.70096703674e-05	8.13505974092e-06	8.13505974092e-06	3.69775442769e-06	3.69775442769e-06	0	0	0	1.84887721385e-05	1.84887721385e-05	1.70096703674e-05	1.70096703674e-05	1.62701194818e-05	1.47910177108e-05	6.65595796984e-06	2.95820354215e-06	2.95820354215e-06	0	0	0	0	0	
Other	0	0	0	0	0	0	0	0	0	0	0	0	0	0	2.21865265661e-06	3.69775442769e-06	2.21865265661e-06	0	0	0	0	7.39550885538e-07	2.21865265661e-06	7.39550885538e-07	1.47910177108e-06	7.39550885538e-07	3.69775442769e-06	2.21865265661e-06	0	0	0	
Other	0	0	0	0	0	0	0	0	0	5.91640708431e-06	7.39550885538e-06	3.47588916203e-05	8.13505974092e-05	0.000165659398361	0.000332797898492	0.000454823794606	0.0141845859846	0	0.0	0.0	7.39550885538e-06	5.17685619877e-06	3.91961969335e-05	8.43088009514e-05	0.000168617601903	0.000346849365317	0.000457042447263	0.000773570226273	5.17685619877e-06	8.13505974092e-06	0	
Other	0	0	0	0	0	0	0	1.47910177108e-06	0	0	0	0	0	0	0	0	0	0	0	0	0	0	0	0	0	0	0	0	0	0	0	
Other	0	0	0	0	0	0	0	0	0	0	0	7.39550885538e-07	0	0	0	0	0	0	0	0	0	2.21865265661e-06	0.0	0	0	0	0	0	0	0	0	
g__Marinilactibacillus	0	0	0	0	0	0	7.39550885538e-07	7.39550885538e-07	0	0	0	0	0	0	0	0	0	7.39550885538e-07	0	0	0	0	0	0	0	0	0	0	0	0	0	
g__Nautella	0	0	0	0	0	0	2.21865265661e-06	1.47910177108e-06	0.0	0.0	0.0	0	0	0	0	0	0	2.21865265661e-06	7.39550885538e-07	0.0	0.0	0.0	0	0	0	0	0	0	0	0	0	
g__Caloramator	7.39550885538e-06	7.39550885538e-06	7.39550885538e-06	7.39550885538e-06	7.39550885538e-06	7.39550885538e-06	7.39550885538e-07	7.39550885538e-07	7.39550885538e-07	0.0	0	0	0	0	0	0	0	7.39550885538e-07	7.39550885538e-07	7.39550885538e-07	0.0	0	0	0	0	0	0	0	9.614161512e-06	3.69775442769e-06	0	
g__	0	0	0	0	0	0	0	0	0	0	0	0	0	0	0	0	0	0	0	0	0	0	0	0	0	0	0	0	0	7.39550885538e-07	0	
g__	0.0	0.0	0.0	0.0	0.0	0.0	0	0	0	0	0	0	0	0	0	0	0	0	0	0	0	0	0	0	0	0	0	0	0	7.39550885538e-07	0	
Other	0	0	0	0	0	0	0	0	0	0	0	0	0	0	0	0	0	0	0	0.0	0	0	0	0	0	0	0	0	0	0	0	
g__	0	0	0	0	0	0	7.39550885538e-07	7.39550885538e-07	0	0	0	0	0	0	0	0	0	7.39550885538e-07	0.0	0	0	0	0	0	0	0	0	0	0	0	0	
g__	1.18328141686e-05	1.18328141686e-05	1.18328141686e-05	1.18328141686e-05	1.18328141686e-05	1.18328141686e-05	0	0	0	0	0	0	0	0	0	0	0	0	0	0	0	0	0	0	0	0	0	0	0	0	0	
Other	0	0	0	0	0	0	0	0	0	0	0	0.0	0.0	7.39550885538e-07	7.39550885538e-07	0.0	0	0	0	0	0	0.0	0.0	0.0	0	7.39550885538e-07	1.47910177108e-06	1.47910177108e-06	0	0	0	
g__Trichococcus	0	0	0	0	0	0	0	0	0	0	0	0	0	0	0	0	0	0	0	0	0	0	0	0	0	0	0	0	0	2.21865265661e-06	0	
g__	0.000159003440391	0.000159003440391	0.000159003440391	0.000159003440391	0.000159003440391	0.000159003440391	0.00104202719772	0.00104202719772	0.00103241303621	0.000440772327781	4.807080756e-05	4.28939513612e-05	3.69775442769e-05	2.44051792228e-05	0	0	0	0.00104202719772	0.00104202719772	0.00102871528178	0.000854920823682	0.00022704212186	4.28939513612e-05	3.8456646048e-05	2.44051792228e-05	2.44051792228e-05	0	0	0.000125723650541	3.25402389637e-05	0	
g__Alcanivorax	4.43730531323e-06	4.43730531323e-06	4.43730531323e-06	4.43730531323e-06	4.43730531323e-06	4.43730531323e-06	7.39550885538e-07	7.39550885538e-07	7.39550885538e-07	0	0	0	0	0	0	0	0	7.39550885538e-07	7.39550885538e-07	0.0	0	0	0	0	0	0	0	0	2.95820354215e-06	5.17685619877e-06	0	
Other	0	0	0	0	0	0	0	0	1.47910177108e-06	1.47910177108e-06	0	0	0	0	7.39550885538e-07	0	6.65595796984e-06	0	0	1.47910177108e-06	0	0	0	0	0	0	0	2.21865265661e-06	0	0	0	
Other	0	0	0	0	0	0	0	0.0	0.0	0.0	0	0	0	0	0	0	0	0	0.0	7.39550885538e-07	0.0	0	0	0	0	0	0	0	0	0	0	
Other	0	0	0	0	0	0	0	0	0	0	0	0	0	0	0	0	0	0	0	0	0	0	0	0	0	0	0.0	0	0	0	0	
g__	0.0063054108501	0.0063054108501	0.0063054108501	0.0063054108501	0.0063054108501	0.0063054108501	0.0137955822188	0.0137941031171	0.0137408554533	0.0136498906944	0.0134805335416	0.0132534914197	0.0100800785699	0	0	0	0	0.0137955822188	0.0137955822188	0.013774874794	0.0136380578802	0.0136166109045	0.0101961880589	6.21222743852e-05	1.47910177108e-06	0	0	0	0.00593785405999	0.00622036249826	0	
g__	0	0	0	0	0	0	9.614161512e-06	9.614161512e-06	8.87461062646e-06	2.21865265661e-06	7.39550885538e-07	0	0	0	0	0	0	9.614161512e-06	9.614161512e-06	9.614161512e-06	7.39550885538e-07	7.39550885538e-07	0	0	0	0	0	0	0	0	0	
g__Lysinibacillus	0	0	0	0	0	0	7.39550885538e-07	7.39550885538e-07	0	0	0	0	0	0	0	0	0	7.39550885538e-07	7.39550885538e-07	7.39550885538e-07	0	0	0	0	0	0	0	0	0	0	0	
Other	0	0	0	0	0	0	0	0	1.10932632831e-05	4.21544004757e-05	5.54663164154e-05	9.83602677766e-05	0.000162701194818	0.000241833139571	0.000471093914088	0.000987300432194	0.00524415532935	0	5.91640708431e-06	9.614161512e-06	1.47910177108e-05	6.21222743852e-05	9.31834115778e-05	0.000149389278879	0.000271415174993	0.000599036217286	0.00102723618001	0.00492540889768	2.95820354215e-06	2.95820354215e-06	0	
g__Providencia	0	0	0	0	0	0	7.39550885538e-07	7.39550885538e-07	0	0	0	0	0	0	0	0	0	7.39550885538e-07	7.39550885538e-07	0	0	0	0	0	0	0	0	0	0	0	0	
g__Coriobacterium	0	0	0	0	0	0	2.29260774517e-05	0.0	0	0	0	0	0	0	0	0	0	2.29260774517e-05	0.0	0	0	0	0	0	0	0	0	0	0	0	0	
g__Salinibacterium	0	0	0	0	0	0	4.43730531323e-06	4.43730531323e-06	2.95820354215e-06	0	0	0	0	0	0	0	0	4.43730531323e-06	4.43730531323e-06	2.21865265661e-06	0	0	0	0	0	0	0	0	0	0	0	
Other	0	0	0	0	0	0	0	0	3.69775442769e-06	1.47910177108e-05	2.81029336505e-05	5.02894602166e-05	6.36013761563e-05	0.000122765446999	0.000211511553264	0.000257363708167	0.000139775117367	0	0	4.43730531323e-06	2.14469756806e-05	3.03215863071e-05	4.73312566744e-05	0.000156045236849	0.000187106374041	0.000196720535553	0.000244051792228	0.000202636942637	1.62701194818e-05	1.03537123975e-05	0	
g__Enterobacter	0.0	0.0	0.0	0.0	0.0	0.0	1.47910177108e-06	1.47910177108e-06	1.47910177108e-06	0.0	0.0	0.0	0	0	0	0	0	1.47910177108e-06	1.47910177108e-06	0.0	0.0	0.0	0.0	0	0	0	0	0	0	7.39550885538e-07	0	
g__	0	0	0	0	0	0	0	0	0	0	0	0	0	0	0	0	0	0	0	0	0	0	0	0	0	0	0	0	0	1.47910177108e-06	0	
Other	0	0	0	0	0	0	0	0	0	0	0	0	0	0	0	0	0	0	0	0	7.39550885538e-07	0	0	0	0	0	0	0	0	0	0	
g__Umboniibacter	0	0	0	0	0	0	2.29260774517e-05	2.14469756806e-05	1.03537123975e-05	5.17685619877e-06	2.95820354215e-06	7.39550885538e-07	0	0	0	0	0	2.29260774517e-05	2.14469756806e-05	1.62701194818e-05	5.91640708431e-06	2.21865265661e-06	0	0	0	0	0	0	0	0	0	
g__Streptococcus	0.0472839254178	0.0472839254178	0.0472839254178	0.0472839254178	0.0472839254178	0.0472839254178	0.0476537008605	0.0476537008605	0.0476529613097	0.0476529613097	0.0476485240043	0.0476485240043	0.0474540221214	0.047424440086	0.0472447292208	0.0471611599708	0.0326763163266	0.0476537008605	0.0476537008605	0.0476529613097	0.0476529613097	0.0476492635552	0.0476485240043	0.0476337329866	0.0474177841281	0.047320902962	0.0471367547916	0.0463306443263	0.0472794881125	0.047360099159	0.142780992	
g__Neisseria	0.019984144029	0.019984144029	0.019984144029	0.019984144029	0.019984144029	0.019984144029	0.0199700925622	0.0199700925622	0.0199700925622	0.0199700925622	0.0199641761551	0.0199501246883	0.0198887419648	0.0198495457678	0.0198295778939	0.0197534041527	0.0194871658339	0.0199700925622	0.0199700925622	0.0199700925622	0.0199686134604	0.0199612179516	0.0199530828918	0.0199338545688	0.0198495457678	0.0198192241815	0.0197807675355	0.0194871658339	0.0199819253764	0.0199804462746	0.047593664	
Other	0	0	0	0	0	0	0	0	0	0.0	0.0	0	0	0	0	0	0	0	0	0	0.0	0.0	0	0	0	0	0	0	0	0	0	
Other	0	0	0	0	0	0	0	0	0	1.47910177108e-06	7.39550885538e-07	7.39550885538e-07	0	0	0	0	1.55305685963e-05	0	0	0	0	0	2.21865265661e-06	0	0	0	0	1.77492212529e-05	0	0	0	
g__Bacteroides	0.0396354901595	0.0396354901595	0.0396354901595	0.0396354901595	0.0396354901595	0.0396354901595	0.0396377088122	0.0396377088122	0.0396377088122	0.0396377088122	0.0396377088122	0.0396377088122	0.0396332715069	0.0396303133033	0.0395911171064	0.0395785447413	0.0394136248939	0.0396377088122	0.0396377088122	0.0396377088122	0.0396377088122	0.0396377088122	0.0396362297104	0.0396340110578	0.0396081267768	0.0395970335135	0.0395829820467	0.0394202808518	0.0396458438719	0.0396421461175	0.047593664	
g__	7.39550885538e-07	7.39550885538e-07	7.39550885538e-07	7.39550885538e-07	7.39550885538e-07	7.39550885538e-07	0	0	0	0	0	0	0	0	0	0	0	0	0	0	0	0	0	0	0	0	0	0	0	0	0	
Other	0	0	0	0	0	0	0	0	0	7.39550885538e-07	8.87461062646e-06	2.81029336505e-05	8.94856571501e-05	0.000126463201427	0.000139035566481	0.00013755646471	0.000177492212529	0	0	0	3.69775442769e-06	1.18328141686e-05	2.44051792228e-05	4.28939513612e-05	0.000124984099656	0.00015086838065	0.00010279757309	0.000250707750197	0	0	0	
g__	1.84887721385e-05	1.84887721385e-05	1.84887721385e-05	1.84887721385e-05	1.84887721385e-05	1.84887721385e-05	0	0	0	0	0	0	0	0	0	0	0	0	0	0	0	0	0	0	0	0	0	0	2.58842809938e-05	2.44051792228e-05	0	
g__Solibacillus	0	0	0	0	0	0	0	0	0	0	0	0	0	0	0	0	0	0	0	0	0	0	0	0	0	0	0	0	0	0.0	0	
g__	0	0	0	0	0	0	0	0	0	0	0	0	0	0	0	0	0	0	0	0	0	0	0	0	0	0	0	0	1.47910177108e-06	2.21865265661e-06	0	
g__Bradyrhizobium	0	0	0	0	0	0	1.47910177108e-06	1.47910177108e-06	1.47910177108e-06	1.47910177108e-06	1.47910177108e-06	1.47910177108e-06	1.47910177108e-06	1.47910177108e-06	1.47910177108e-06	1.47910177108e-06	1.47910177108e-06	1.47910177108e-06	1.47910177108e-06	1.47910177108e-06	1.47910177108e-06	1.47910177108e-06	1.47910177108e-06	1.47910177108e-06	1.47910177108e-06	1.47910177108e-06	1.47910177108e-06	1.47910177108e-06	0	0	0	
g__Candidatus Korarchaeum	0	0	0	0	0	0	0	0	0	0	0	0	0	0	0	0	0	0.0	0.0	0	0	0	0	0	0	0	0	0	0	0	0	
g__Erwinia	0.0	0.0	0.0	0.0	0.0	0.0	2.07074247951e-05	1.84887721385e-05	1.40514668252e-05	8.13505974092e-06	2.95820354215e-06	0.0	0	0	0	0	0	1.99678739095e-05	1.9228323024e-05	9.614161512e-06	5.17685619877e-06	7.39550885538e-07	0.0	0.0	0	0	0	0	0	0.0	0	
g__Salmonella	0	0	0	0	0	0	0.0	0.0	0.0	0	0	0	0	0	0	0	0	7.39550885538e-07	0.0	0.0	0.0	0.0	0	0	0	0	0	0	0	0	0	
g__	0	0	0	0	0	0	7.39550885538e-07	7.39550885538e-07	0	0	0	0	0	0	0	0	0	7.39550885538e-07	7.39550885538e-07	0	0	0	0	0	0	0	0	0	0	0	0	
Other	0	0	0	0	0	0	0	0	0	0	0	0	0	0	0	0.0	0.0	0	0	0	0	0	0	0	0	0	0.0	0.0	0	0	0	
g__Proteus	1.47910177108e-06	1.47910177108e-06	1.47910177108e-06	1.47910177108e-06	1.47910177108e-06	1.47910177108e-06	0	0	0	0	0	0	0	0	0	0	0	0	0	0	0	0	0	0	0	0	0	0	1.47910177108e-06	3.69775442769e-06	0	
Other	0	0	0	0	0	0	0	0	1.47910177108e-06	0	0	0	0	0	0	0	0	0	0	0	0	0	0	0	0	0	0	0	0	0	0	
g__Chelativorans	0	0	0	0	0	0	7.39550885538e-07	7.39550885538e-07	7.39550885538e-07	0.0	0	0	0	0	0	0	0	7.39550885538e-07	7.39550885538e-07	7.39550885538e-07	0.0	0	0	0	0	0	0	0	0	0	0	
Other	0	0	0	0	0	0	0	0	0	0	0	0	0	0	0	0	0.0	0	0	0	0	0	0	0	0	0	0	0.0	0	0	0	
g__Jeotgalicoccus	0	0	0	0	0	0	0.0	0.0	0.0	0.0	0	0	0	0	0	0	0	0.0	0.0	0.0	0.0	0	0	0	0	0	0	0	0	0	0	
Other	0	0	0	0	0	0	0	0	0	0	0	0	0	7.39550885538e-07	2.21865265661e-05	4.51126040178e-05	3.77170951624e-05	0	0	0	0	0	0	0	1.47910177108e-06	1.84887721385e-05	3.54984425058e-05	6.36013761563e-05	0	0	0	
Other	0	0	0	0	0	0	0	8.13505974092e-06	3.40193407348e-05	9.02252080357e-05	7.98714956381e-05	0.000581286996033	0.00029508080333	0.000289903947131	1.99678739095e-05	0	0	0	0	4.88103584455e-05	9.83602677766e-05	7.61737412104e-05	0.000332058347607	0.000289164396245	2.14469756806e-05	1.9228323024e-05	0	0	2.07074247951e-05	5.91640708431e-06	0	
g__B46	1.47910177108e-06	1.47910177108e-06	1.47910177108e-06	1.47910177108e-06	1.47910177108e-06	1.47910177108e-06	0	0	0	0	0	0	0	0	0	0	0	0	0	0	0	0	0	0	0	0	0	0	1.47910177108e-06	0	0	
Other	0	0	0	0	0	0	0	0	7.39550885538e-07	1.47910177108e-06	7.39550885538e-07	0	0	0	0	0	0	0	0	2.21865265661e-06	7.39550885538e-07	0	0	0	0	0	0	0	0	0	0	
g__Vagococcus	1.70096703674e-05	1.70096703674e-05	1.70096703674e-05	1.70096703674e-05	1.70096703674e-05	1.70096703674e-05	9.614161512e-06	9.614161512e-06	9.614161512e-06	8.13505974092e-06	5.17685619877e-06	3.69775442769e-06	3.69775442769e-06	3.69775442769e-06	0	0	0	9.614161512e-06	9.614161512e-06	9.614161512e-06	8.13505974092e-06	5.17685619877e-06	3.69775442769e-06	3.69775442769e-06	0	0	0	0	9.614161512e-06	1.03537123975e-05	0	
g__	0	0	0	0	0	0	0	0	0	0	0	0	0	0	0	0	0	0	0	0	0	0	0	0	0	0	0	0	0	0.0	0	
g__Actinomyces	0.0120798241644	0.0120798241644	0.0120798241644	0.0120798241644	0.0120798241644	0.0120798241644	0.012082042817	0.012082042817	0.012082042817	0.012082042817	0.0120813032662	0.0120813032662	0.0120709495538	0.0120702100029	0.0120487630272	0.0119962549143	0.011707830069	0.012082042817	0.012082042817	0.012082042817	0.012082042817	0.0120813032662	0.0120813032662	0.0120790846135	0.012069470452	0.0120524607816	0.0120088272794	0.0117803060557	0.0120798241644	0.0120790846135	0.047593664	
g__	5.91640708431e-06	5.91640708431e-06	5.91640708431e-06	5.91640708431e-06	5.91640708431e-06	5.91640708431e-06	0	0	0	0	0	0	0	0	0	0	0	0	0	0	0	0	0	0	0	0	0	0	2.21865265661e-06	5.17685619877e-06	0	
Other	0	0	0	0	0	0	0	0	0	0	0	0	0	0	0	0	0.0	0	0	0	0	0	0	0	0	0	0.0	0.0	0.0	0.0	0	
g__	2.21865265661e-06	2.21865265661e-06	2.21865265661e-06	2.21865265661e-06	2.21865265661e-06	2.21865265661e-06	4.43730531323e-06	3.69775442769e-06	3.69775442769e-06	0	0	0	0	0	0	0	0	4.43730531323e-06	3.69775442769e-06	1.47910177108e-06	0	0	0	0	0	0	0	0	2.21865265661e-06	7.39550885538e-07	0	
g__Viridibacillus	0	0	0	0	0	0	4.88103584455e-05	4.807080756e-05	3.8456646048e-05	2.95820354215e-05	0.0	6.65595796984e-06	0	0	0	0	0	4.88103584455e-05	4.807080756e-05	4.28939513612e-05	2.66238318794e-05	6.65595796984e-06	0	0	0	0	0	0	0	0	0	
Other	0	0	0	0	0	0	0	0	0	0	0	0	0	0	0	0	1.55305685963e-05	0	0	0	0	0	0	0	0	0	0	1.18328141686e-05	0	0	0	
g__	0	0	0	0	0	0	2.21865265661e-06	2.21865265661e-06	0	0	0	0	0	0	0	0	0	2.21865265661e-06	2.21865265661e-06	0	0	0	0	0	0	0	0	0	0	0	0	
g__Eikenella	0	0	0	0	0	0	7.39550885538e-07	7.39550885538e-07	7.39550885538e-07	0	0	0	0	0	0	0	0	7.39550885538e-07	7.39550885538e-07	7.39550885538e-07	7.39550885538e-07	0	0	0	0	0	0	0	0	0	0	
g__Oxobacter	0.0	0.0	0.0	0.0	0.0	0.0	0	0	0	0	0	0	0	0	0	0	0	0	0	0	0	0	0	0	0	0	0	0	7.39550885538e-07	0	0	
g__Vulcanisaeta	0	0	0	0	0	0	7.39550885538e-07	7.39550885538e-07	0	0	0	0	0	0	0	0	0	7.39550885538e-07	7.39550885538e-07	0	0	0	0	0	0	0	0	0	0	0	0	
Other	0	0	0	0	0	0	0	1.47910177108e-06	0	0	7.39550885538e-07	0	0	0	0	0	0	0	0	0.0	7.39550885538e-07	7.39550885538e-07	7.39550885538e-07	0	0	0	0	0	0	0	0	
g__	0	0	0	0	0	0	0.0	0.0	0	0	0	0	0	0	0	0	0	0.0	0.0	0	0	0	0	0	0	0	0	0	0	0	0	
g__Thiothrix	0	0	0	0	0	0	0.0	0.0	0.0	0	0	0	0	0	0	0	0	0.0	0.0	0.0	0	0	0	0	0	0	0	0	0	0	0	
g__	0	0	0	0	0	0	7.39550885538e-07	7.39550885538e-07	7.39550885538e-07	7.39550885538e-07	0	0	0	0	0	0	0	7.39550885538e-07	7.39550885538e-07	7.39550885538e-07	0	0	0	0	0	0	0	0	0	0	0	
g__	0.000235177181601	0.000235177181601	0.000235177181601	0.000235177181601	0.000235177181601	0.000235177181601	1.9228323024e-05	1.9228323024e-05	1.55305685963e-05	7.39550885538e-06	2.95820354215e-06	0	0.0	0	0	0	0	1.9228323024e-05	1.9228323024e-05	1.47910177108e-05	8.13505974092e-06	1.47910177108e-06	0	0	0	0	0	0	5.54663164154e-05	6.43409270418e-05	0	
Other	0	0	0	0	0	0	0	0	0.0	0	0	0.0	5.17685619877e-06	3.69775442769e-06	4.43730531323e-06	5.17685619877e-06	4.43730531323e-06	0	0	7.39550885538e-07	7.39550885538e-07	1.47910177108e-06	0.0	1.47910177108e-06	2.21865265661e-06	6.65595796984e-06	2.21865265661e-06	6.65595796984e-06	0	0	0	
g__	0.00780669914774	0.00780669914774	0.00780669914774	0.00780669914774	0.00780669914774	0.00780669914774	0.00775049328044	0.00775049328044	0.00775049328044	0.00774383732247	0.00765804941975	0.00757669882234	0.00747759900368	0.00272154725878	0.00384492505391	7.09968850117e-05	0	0.00775049328044	0.00775049328044	0.00775049328044	0.00767505909012	0.00765804941975	0.00762107187547	0.00747020349482	0.00743248639966	0.00353135547845	2.21865265661e-06	0	0.00779708498623	0.00779634543534	0	
g__Loktanella	0	0	0	0	0	0	1.47910177108e-06	1.47910177108e-06	1.47910177108e-06	0.0	0.0	0.0	0	0	0	0	0	1.47910177108e-06	1.47910177108e-06	1.47910177108e-06	7.39550885538e-07	0.0	0.0	0	0	0	0	0	0	0	0	
g__	2.95820354215e-06	2.95820354215e-06	2.95820354215e-06	2.95820354215e-06	2.95820354215e-06	1.47910177108e-06	0	0	0	0	0	0	0	0	0	0	0	0	0	0	0	0	0	0	0	0	0	0	0	0.0	0	
g__Pelobacter	0	0	0	0	0	0	2.21865265661e-06	0.0	0	0	0	0	0	0	0	0	0	2.95820354215e-06	7.39550885538e-07	7.39550885538e-07	0	0	0	0	0	0	0	0	0	0	0	
g__Azomonas	0	0	0	0	0	0	5.91640708431e-06	5.91640708431e-06	4.43730531323e-06	2.21865265661e-06	0	0	0	0	0	0	0	5.91640708431e-06	5.91640708431e-06	3.69775442769e-06	0	0	0	0	0	0	0	0	0	0	0	
g__Devosia	3.69775442769e-06	3.69775442769e-06	3.69775442769e-06	3.69775442769e-06	3.69775442769e-06	3.69775442769e-06	3.69775442769e-06	3.69775442769e-06	3.69775442769e-06	3.69775442769e-06	3.69775442769e-06	3.69775442769e-06	3.69775442769e-06	3.69775442769e-06	3.69775442769e-06	3.69775442769e-06	2.95820354215e-06	3.69775442769e-06	3.69775442769e-06	3.69775442769e-06	3.69775442769e-06	3.69775442769e-06	3.69775442769e-06	3.69775442769e-06	3.69775442769e-06	3.69775442769e-06	2.95820354215e-06	2.95820354215e-06	3.69775442769e-06	3.69775442769e-06	0	
Other	0	0	0	0	0	0	0	0	0	0	0	0	0	0	0	0	0	0	0	0	0	0	0	0	0	0	0	0	1.47910177108e-06	1.47910177108e-06	0	
g__Aeromicrobium	0.0	0.0	0.0	0.0	0.0	0.0	0.0	0.0	0.0	0.0	0.0	0.0	0.0	0.0	0.0	0.0	0	0.0	0.0	0.0	0.0	0.0	0.0	0.0	0.0	0.0	0.0	0.0	0.0	0.0	0	
g__	2.95820354215e-06	2.95820354215e-06	2.95820354215e-06	2.95820354215e-06	2.95820354215e-06	2.95820354215e-06	7.39550885538e-07	7.39550885538e-07	7.39550885538e-07	7.39550885538e-07	0.0	0.0	0	0	0	0	0	7.39550885538e-07	7.39550885538e-07	7.39550885538e-07	7.39550885538e-07	7.39550885538e-07	0	0	0	0	0	0	1.47910177108e-06	0.0	0	
g__Propionibacterium	0.000127202752313	0.000127202752313	0.000127202752313	0.000127202752313	0.000127202752313	0.000127202752313	0.000127202752313	0.000127202752313	0.000127202752313	0.000127202752313	0.000127202752313	0.000127202752313	0.000127202752313	0.000127202752313	0.000127202752313	0.000127202752313	0.000127202752313	0.000127202752313	0.000127202752313	0.000127202752313	0.000127202752313	0.000127202752313	0.000127202752313	0.000127202752313	0.000127202752313	0.000127202752313	0.000127202752313	0.000127202752313	0.000127202752313	0.000127202752313	0.047593664	
Other	0	0	0	0	0	0	0	0	0	0	0	0	0	0	0	0	0	0	0	0	0	0	7.39550885538e-07	0	0	0	0	0	0	0	0	
Other	0	0	0	0	0	0	0	0	2.21865265661e-06	3.69775442769e-06	1.47910177108e-06	0	1.47910177108e-06	1.47910177108e-06	1.47910177108e-06	2.73633827649e-05	0.000197460086439	0	0	7.39550885538e-07	5.17685619877e-06	3.69775442769e-06	0	1.47910177108e-06	1.47910177108e-06	1.47910177108e-06	2.44051792228e-05	0.000141993770023	0	0	0	
Other	0	0	0	0	0	0	0	0.0	0	0	0	0	0	0	0	0	0	0	0	0.0	0	0	0	0	0	0	0	0	0	0	0	
g__	0.024170741592	0.024170741592	0.024170741592	0.024170741592	0.024170741592	0.024170741592	0.024113056623	0.024113056623	0.0241123170721	0.0240960469526	0.0239207733927	0.0239052428241	0.0238749212378	0.0238653070763	0.0238009661493	0.023783216928	0	0.024113056623	0.024113056623	0.0241123170721	0.0239518345299	0.023919294291	0.0239133778839	0.0238690048307	0.0238653070763	0.023802445251	0.023783216928	0	0.0239326062069	0.02403540378	0.047593664	
g__Phaeobacter	0	0	0	0	0	0	7.39550885538e-07	0.0	0.0	0	0	0	0	0	0	0	0	7.39550885538e-07	0.0	0.0	0.0	0	0	0	0	0	0	0	0	0	0	
g__Ralstonia	7.39550885538e-07	7.39550885538e-07	7.39550885538e-07	7.39550885538e-07	7.39550885538e-07	7.39550885538e-07	7.39550885538e-07	7.39550885538e-07	7.39550885538e-07	7.39550885538e-07	7.39550885538e-07	7.39550885538e-07	7.39550885538e-07	7.39550885538e-07	7.39550885538e-07	7.39550885538e-07	0	7.39550885538e-07	7.39550885538e-07	7.39550885538e-07	7.39550885538e-07	7.39550885538e-07	7.39550885538e-07	7.39550885538e-07	7.39550885538e-07	7.39550885538e-07	7.39550885538e-07	0.0	7.39550885538e-07	7.39550885538e-07	0	
g__HTCC	0.0	0.0	0.0	0.0	0.0	0.0	0	0	0	0	0	0	0	0	0	0	0	0	0	0	0	0	0	0	0	0	0	0	0	0.0	0	
Other	0	0	0	0	0	0	0	0	0	0	5.17685619877e-06	5.17685619877e-06	5.17685619877e-06	5.17685619877e-06	5.17685619877e-06	0	0	0	0	0	5.17685619877e-06	0	5.17685619877e-06	5.17685619877e-06	5.17685619877e-06	5.17685619877e-06	0	0	0	0	0	
g__Alishewanella	0	0	0	0	0	0	7.39550885538e-07	7.39550885538e-07	7.39550885538e-07	0	0	0	0	0	0	0	0	7.39550885538e-07	7.39550885538e-07	7.39550885538e-07	0	0	0	0	0	0	0	0	0	0	0	
NO_HIT	5.69454181864e-05	5.69454181864e-05	5.69454181864e-05	5.69454181864e-05	5.69454181864e-05	5.84245199575e-05	0	0	0	0	0	0	0	0	0	0	0	0	0	0	0	0	0	0	0	0	0	0	3.77170951624e-05	5.91640708431e-06	0	
g__Escherichia	0	0	0	0	0	0	0	0	0	0	0	0	0	0	0	0	0	0	0	0	0	0	0	0	0	0	0	0	0	0	0.047593664	
g__	0	0	0	0	0	0	0	0	0	0	0	0	0	0	0	0	0	0	0	0	0	0	0	0	0	0	0	0	0	1.47910177108e-06	0	
g__Alkalibacterium	0	0	0	0	0	0	1.47910177108e-06	1.47910177108e-06	1.47910177108e-06	7.39550885538e-07	0.0	0.0	0	0	0	0	0	1.47910177108e-06	1.47910177108e-06	1.47910177108e-06	0.0	0.0	0.0	0	0	0	0	0	0	0	0	
g__Haemophilus	0.0	0.0	0.0	0.0	0.0	0.0	0.0	0.0	0.0	0.0	0.0	0.0	0.0	0.0	0.0	0	0	0.0	0.0	0.0	0.0	0.0	0.0	0.0	0.0	0.0	0	0	0.0	0.0	0	
g__Desemzia	0.0	0.0	0.0	0.0	0.0	0.0	0	0	0	0	0	0	0	0	0	0	0	0	0	0	0	0	0	0	0	0	0	0	0	0	0	
Other	0	0	0	0	0	0	0	0	1.9228323024e-05	2.29260774517e-05	2.29260774517e-05	3.54984425058e-05	1.47910177108e-05	1.70096703674e-05	4.06752987046e-05	4.28939513612e-05	4.36335022468e-05	0	0	1.9228323024e-05	1.99678739095e-05	2.73633827649e-05	3.54984425058e-05	1.33119159397e-05	1.55305685963e-05	4.21544004757e-05	4.06752987046e-05	4.14148495901e-05	0.176969350053	0.176981922418	0	
g__Rhodobium	0	0	0	0	0	0	7.39550885538e-07	7.39550885538e-07	0	0	0	0	0	0	0	0	0	7.39550885538e-07	7.39550885538e-07	0	0	0	0	0	0	0	0	0	0	0	0	
g__	0.0140433317655	0.0140433317655	0.0140433317655	0.0140433317655	0.0140433317655	0.0140433317655	0.00039122241845	0.000383087358709	0.000340932958233	0.000298778557757	0.000272894276764	0.0	0	0	0	0	0	0.00039122241845	0.00039122241845	0.000346109814432	0.000298039006872	0.000294341252444	0	0	0	0	0	0	0.0140359362566	0.0140159683827	0	
g__	1.47910177108e-06	1.47910177108e-06	1.47910177108e-06	1.47910177108e-06	1.47910177108e-06	1.47910177108e-06	0	0	0	0	0	0	0	0	0	0	0	0	0	0	0	0	0	0	0	0	0	0	1.47910177108e-06	1.47910177108e-06	0	
g__Planococcus	0	0	0	0	0	0	9.614161512e-06	2.21865265661e-06	0	0	0	0	0	0	0	0	0	1.03537123975e-05	2.95820354215e-06	7.39550885538e-07	0	0	0	0	0	0	0	0	0	0	0	
g__Thalassobius	0	0	0	0	0	0	0.0	0.0	0.0	0.0	0	0	0	0	0	0	0	0.0	0.0	0	0	0	0	0	0	0	0	0	0	0	0	
g__Salinicoccus	1.25723650541e-05	1.25723650541e-05	1.25723650541e-05	1.25723650541e-05	1.25723650541e-05	1.25723650541e-05	0.000105755776632	0.000105755776632	0.000105755776632	0.000104276674861	5.17685619877e-06	1.47910177108e-06	0	0	0	0	0	0.000105755776632	0.000105755776632	0.000105016225746	9.98393695477e-05	2.66238318794e-05	2.95820354215e-06	0	0	0	0	0	3.18006880781e-05	2.66238318794e-05	0	
g__Methylobacterium	0.0	0.0	0.0	0.0	0.0	0.0	0.0	0.0	0.0	0.0	0.0	0.0	0.0	0.0	0.0	0.0	0.0	0.0	0.0	0.0	0.0	0.0	0.0	0.0	0.0	0.0	0.0	0.0	0.0	0.0	0	
g__	0	0	0	0	0	0	0	0	0	0	0	0	0	0	0	0	0	0	0	0	0	0	0	0	0	0	0	0	0	1.47910177108e-06	0	
Other	0	0	0	0	0	0	0	0	7.39550885538e-07	7.39550885538e-07	0.0	2.95820354215e-06	2.95820354215e-06	7.39550885538e-06	1.33119159397e-05	3.03215863071e-05	6.87782323551e-05	0	0	7.39550885538e-07	7.39550885538e-07	1.47910177108e-06	2.21865265661e-06	2.21865265661e-06	5.17685619877e-06	1.03537123975e-05	1.9228323024e-05	7.46946394394e-05	0.0	0.0	0	
g__Pseudomonas	0.029081359472	0.029081359472	0.029081359472	0.029081359472	0.029081359472	0.029081359472	0.0278026759909	0.0278026759909	0.0278011968892	0.0277982386856	0.0277923222785	0.0277642193449	0.0277479492254	0.0262777220649	0.0261897155096	1.47910177108e-06	0	0.0278026759909	0.0278026759909	0.0278011968892	0.0277974991347	0.0277930618294	0.0277708753028	0.0277509074289	0.00164697982209	0.000110932632831	1.47910177108e-06	0	0.0282700721506	0.0290924527353	0.047593664	
g__Lactobacillus	0.00314752856885	0.00314752856885	0.00314752856885	0.00314752856885	0.00314752856885	0.00314752856885	0.00313569575468	0.00313569575468	0.00313569575468	0.00313569575468	0.00312608159317	0.00311129057546	0.00307283392941	0.00304990785196	0.00299222288289	0.00292048644699	0.0025211289688	0.00313643530557	0.00313643530557	0.00313643530557	0.00313643530557	0.00313051889848	0.00310685327015	0.00308836449801	0.00304177279222	0.00298408782315	0.00287685294474	0.00269122567247	0.00314383081442	0.00317119419719	0.047593664	
Other	0	0	0	0	0	0	0	0	0	0	0	0	0	0	0	0	0	0	0	2.21865265661e-06	0	0	0	0	0	0	0	0	0	0	0	
Other	0	0	0	0	0	0	0	1.47910177108e-06	5.91640708431e-06	1.55305685963e-05	1.62701194818e-05	1.84887721385e-05	1.99678739095e-05	2.14469756806e-05	2.8842484536e-05	5.17685619877e-05	0.000280289785619	0	0	4.43730531323e-06	1.25723650541e-05	1.84887721385e-05	1.99678739095e-05	1.55305685963e-05	2.07074247951e-05	3.54984425058e-05	4.807080756e-05	0.000272894276764	3.69775442769e-06	0.0	0	
Other	0	0	0	0	0	0	0	0	2.95820354215e-06	7.39550885538e-07	7.39550885538e-07	0.0	0.0	0	0	0	0	0	0	2.95820354215e-06	7.39550885538e-07	0	0.0	0.0	0.0	0	0	0	0	0	0	
Other	0	0	0	0	0	0	0	0	0	0.0	0	0	0	0	0	0	0	0	0	0	0	0	0	0	0	0	0	0	0	0	0	
g__Sediminibacterium	0.0	0.0	0.0	0.0	0.0	0.0	0.0	0.0	0.0	0.0	0.0	0.0	0.0	0.0	0.0	0.0	0	0.0	0.0	0.0	0.0	0.0	0.0	0.0	0.0	0.0	0.0	0	0.0	0.0	0	
g__	2.95820354215e-06	2.95820354215e-06	2.95820354215e-06	2.95820354215e-06	2.95820354215e-06	2.95820354215e-06	0	0	0	0	0	0	0	0	0	0	0	0	0	0	0	0	0	0	0	0	0	0	0	0	0	
Other	0	0	0	0	0	0	0	0	1.47910177108e-06	4.43730531323e-06	0	0	0	0	0	0	0	0	0	0.0	0	3.69775442769e-06	0	0	0	0	0	0	7.39550885538e-07	7.39550885538e-07	0	
g__	0	0	0	0	0	0	5.17685619877e-06	5.17685619877e-06	5.17685619877e-06	5.17685619877e-06	4.43730531323e-06	0	0	0	0	0	0	5.17685619877e-06	5.17685619877e-06	5.17685619877e-06	4.43730531323e-06	4.43730531323e-06	0	0	0	0	0	0	0	0	0	
Other	0	0	0	0	0	0	0	2.21865265661e-06	8.13505974092e-06	2.29260774517e-05	0.000115369938144	0.000198199637324	0.000286206192703	0.0049912289265	0.00384862280834	0.00758779208562	0.00741325807664	0	2.21865265661e-06	1.40514668252e-05	9.68811660055e-05	0.000118328141686	0.000150128829764	0.000255884606396	0.000273633827649	0.00416515058735	0.00766322627595	0.00743470505232	2.21865265661e-06	7.39550885538e-07	0	
g__Desulfotomaculum	7.39550885538e-07	7.39550885538e-07	7.39550885538e-07	7.39550885538e-07	7.39550885538e-07	7.39550885538e-07	0	0	0	0	0	0	0	0	0	0	0	0	0	0	0	0	0	0	0	0	0	0	0	0	0	
g__	4.06752987046e-05	4.06752987046e-05	4.06752987046e-05	4.06752987046e-05	4.06752987046e-05	4.06752987046e-05	0.000408971639703	0.000408971639703	0.000383087358709	0.000333537449378	0.000287685294474	0.000284727090932	6.7299130584e-05	1.25723650541e-05	0.0	0	0	0.000408971639703	0.000408971639703	0.000383087358709	0.000297299455986	0.000285466641818	7.54341903249e-05	1.70096703674e-05	0.0	0.0	0	0	1.33119159397e-05	1.40514668252e-05	0	
Other	0	0	0	0	0	0	0	0	0	7.39550885538e-07	7.39550885538e-07	0	0	0	0	0	0	0	0	0	7.39550885538e-07	0	0	0	0	0	0	0	0	0	0	
g__	0	0	0	0	0	0	0	0	0	0	0	0	0	0	0	0	0	0	0	0	0	0	0	0	0	0	0	0	0.0	0.0	0	
g__Conchiformibius	0	0	0	0	0	0	4.43730531323e-06	4.43730531323e-06	4.43730531323e-06	4.43730531323e-06	2.95820354215e-06	0	0	0	0	0	0	4.43730531323e-06	4.43730531323e-06	4.43730531323e-06	2.95820354215e-06	2.95820354215e-06	2.95820354215e-06	0	0	0	0	0	0	0	0	
Other	0	0	0	0	0	0	0	6.65595796984e-06	2.8842484536e-05	0.000181189966957	0.000427460411841	0.00058350564869	0.000673730856725	0.000664116695213	0.000848264865712	0.000647107024846	0.0011403874655	0	2.21865265661e-06	2.44051792228e-05	0.00017231535633	0.000281029336505	0.00050881100925	0.000904470733013	0.000661158491671	0.00067964726381	0.000601254869943	0.00268678836716	6.21222743852e-05	3.69775442769e-05	0	
Other	0	0	0	0	0	0	0	1.47910177108e-06	9.614161512e-06	1.10932632831e-05	0.000198199637324	0.000533216188473	0.000188585475812	0.000190804128469	0.000593859361087	0.000106495327518	0.0164668400174	0	7.39550885538e-07	8.13505974092e-06	1.84887721385e-05	0.000118328141686	0.000438553675124	0.000116849039915	9.98393695477e-05	0.000118328141686	9.31834115778e-05	0.00665078111365	5.91640708431e-06	1.47910177108e-06	0	
g__	0	0	0	0	0	0	0	0	0	0	0	0	0	0	0	0	0	0	0	0	0	0	0	0	0	0	0	0	0.0	0	0	
Other	0	0	0	0	0	0	0	0	0	0	0	0	0	0	0	0	0	0	0	0	2.21865265661e-06	2.95820354215e-06	2.95820354215e-06	5.91640708431e-06	2.95820354215e-06	1.10932632831e-05	3.77170951624e-05	8.43088009514e-05	0	0	0	
g__	5.91640708431e-06	5.91640708431e-06	5.91640708431e-06	5.91640708431e-06	5.91640708431e-06	5.91640708431e-06	7.39550885538e-05	7.39550885538e-05	5.7684969072e-05	4.88103584455e-05	3.47588916203e-05	3.40193407348e-05	3.25402389637e-05	2.07074247951e-05	2.36656283372e-05	0	0	7.39550885538e-05	7.32155376683e-05	5.99036217286e-05	5.17685619877e-05	3.40193407348e-05	3.40193407348e-05	2.36656283372e-05	2.07074247951e-05	0	0	0	4.43730531323e-06	4.43730531323e-06	0	
Other	0	0	0	0	0	0	0	0	7.39550885538e-07	0.0	0.0	0	0	0	0	0	0.0	0	0	0	0.0	0.0	0	0	0	0	0	0.0	0	0	0	
g__Sinorhizobium	0.0	0.0	0.0	0.0	0.0	0.0	0	0	0	0	0	0	0	0	0	0	0	0	0	0	0	0	0	0	0	0	0	0	0.0	0.0	0	
g__Alkanindiges	8.87461062646e-06	8.87461062646e-06	8.87461062646e-06	8.87461062646e-06	8.87461062646e-06	8.87461062646e-06	5.17685619877e-06	5.17685619877e-06	5.17685619877e-06	3.69775442769e-06	3.69775442769e-06	0	0	0	0	0	0	3.69775442769e-06	3.69775442769e-06	3.69775442769e-06	3.69775442769e-06	7.39550885538e-07	0	0	0	0	0	0	7.39550885538e-06	5.91640708431e-06	0	
g__Candidatus Blochmannia	0	0	0	0	0	0	0	0	0	0	0	0	0	0	0	0	0	0.0	0.0	0	0	0	0	0	0	0	0	0	0	0	0	
g__Candidatus Portiera	0.0	0.0	0.0	0.0	0.0	0.0	0	0	0	0	0	0	0	0	0	0	0	0	0	0	0	0	0	0	0	0	0	0	0.0	0.0	0	
Other	0	0	0	0	0	0	0	0	0	0	0	0	0	0	0	0	0.0	0	0	0	0	0	0	0	0	0	0	0	0	0	0	
Other	0	0	0	0	0	0	0	0	0.0	7.39550885538e-07	7.39550885538e-07	0.0	0	0	0	0.0	7.39550885538e-07	0	0	0	7.39550885538e-07	7.39550885538e-07	7.39550885538e-07	0	0	0	7.39550885538e-07	7.39550885538e-07	0.0	0	0	
Other	0	0	0	0	0	0	0	2.21865265661e-06	1.47910177108e-05	3.10611371926e-05	3.40193407348e-05	3.54984425058e-05	5.54663164154e-05	0.00010279757309	0.000140514668252	0.000249228648426	0.000756560555906	0	2.21865265661e-06	1.33119159397e-05	3.40193407348e-05	3.03215863071e-05	4.14148495901e-05	9.46625133489e-05	0.000116849039915	0.000145691524451	0.000278810683848	0.000769872471845	2.21865265661e-06	1.47910177108e-06	0	
g__	0	0	0	0	0	0	0	0	0	0	0	0	0	0	0	0	0	0	0	0	0	0	0	0	0	0	0	0	0	7.39550885538e-07	0	
Other	0	0	0	0	0	0	0	0	0	0	0	0	0	0	0	0	0.0	0	0	0	0	0	0	0	0	0	0	0	0	0	0	
g__	0	0	0	0	0	0	0.0	0.0	0	0	0	0	0	0	0	0	0	0.0	0	0	0	0	0	0	0	0	0	0	0	0	0	
g__Sarcina	3.69775442769e-06	3.69775442769e-06	3.69775442769e-06	3.69775442769e-06	3.69775442769e-06	3.69775442769e-06	0.0	0.0	0.0	0	0.0	0	0	0	0	0	0	0.0	0.0	0.0	0	0	0	0	0	0	0	0	5.17685619877e-06	9.54020642344e-05	0	
g__Facklamia	7.39550885538e-07	7.39550885538e-07	7.39550885538e-07	7.39550885538e-07	7.39550885538e-07	7.39550885538e-07	0	0	0	0	0	0	0	0	0	0	0	0	0	0	0	0	0	0	0	0	0	0	0.0	3.69775442769e-06	0	
Other	0	0	0	0	0	0	0	0	7.39550885538e-07	7.39550885538e-07	7.39550885538e-07	2.07074247951e-05	4.14148495901e-05	4.14148495901e-05	4.14148495901e-05	4.51126040178e-05	3.69775442769e-06	0	0	0	7.39550885538e-07	7.39550885538e-07	2.07074247951e-05	4.21544004757e-05	4.58521549034e-05	4.14148495901e-05	4.65917057889e-05	1.9228323024e-05	3.69775442769e-06	3.69775442769e-06	0	
g__Photorhabdus	0	0	0	0	0	0	0.0	0.0	0	0	0	0	0	0	0	0	0	0.0	0.0	0	0	0	0	0	0	0	0	0	0	0	0	
Other	0	0	0	0	0	0	0	0	0.0	0.0	8.87461062646e-06	1.70096703674e-05	2.36656283372e-05	1.77492212529e-05	2.29260774517e-05	2.73633827649e-05	2.81029336505e-05	0	0	0	0.0	1.25723650541e-05	2.36656283372e-05	2.44051792228e-05	1.47910177108e-05	1.99678739095e-05	2.8842484536e-05	2.58842809938e-05	2.95820354215e-06	2.21865265661e-06	0	
