UclustConsensusTaxonAssigner parameters:
id_to_taxonomy_filepath:/Users/nbokulich/Desktop/projects/short-read-tax-assignment/data/novel-taxa-simulations/F1-REF-L6-iter2/ref_taxa.tsv
id_to_taxonomy_fp:/Users/nbokulich/Desktop/projects/short-read-tax-assignment/data/novel-taxa-simulations/F1-REF-L6-iter2/ref_taxa.tsv
max_accepts:1
min_consensus_fraction:1.0
reference_sequences_fp:/Users/nbokulich/Desktop/projects/short-read-tax-assignment/data/novel-taxa-simulations/F1-REF-L6-iter2/ref_seqs.fasta
similarity:0.9
unassignable_label:Unassigned
Result path: /var/folders/0t/l1dz88p50y91vx_22fx5w3780000gn/T/assign-tax00MaGa

.uc file contents:

# uclust --input /Users/nbokulich/Desktop/projects/short-read-tax-assignment/data/novel-taxa-simulations/F1-REF-L6-iter2/query.fasta --id 0.9 --rev --maxaccepts 1 --allhits --libonly --lib /Users/nbokulich/Desktop/projects/short-read-tax-assignment/data/novel-taxa-simulations/F1-REF-L6-iter2/ref_seqs.fasta --uc /var/folders/0t/l1dz88p50y91vx_22fx5w3780000gn/T/UclustConsensusTaxonAssigner_n25IMj.uc
# version=1.2.22
# Tab-separated fields:
# 1=Type, 2=ClusterNr, 3=SeqLength or ClusterSize, 4=PctId, 5=Strand, 6=QueryStart, 7=SeedStart, 8=Alignment, 9=QueryLabel, 10=TargetLabel
# Record types (field 1): L=LibSeed, S=NewSeed, H=Hit, R=Reject, D=LibCluster, C=NewCluster, N=NoHit
# For C and D types, PctId is average id with seed.
# QueryStart and SeedStart are zero-based relative to start of sequence.
# If minus strand, SeedStart is relative to reverse-complemented seed.
N	*	206	*	*	*	*	*	AF289074	*
L	6358	192	*	*	*	*	*	EU721724	*
H	6358	187	90.4	+	0	0	4D22M10I13MD82MD20MI44M	AF178417	EU721724
L	4221	131	*	*	*	*	*	AF180158	*
H	4221	144	95.4	+	0	0	21M16D31M2I59MI17M	DQ521585	AF180158
N	*	238	*	*	*	*	*	DQ534469	*
L	9	203	*	*	*	*	*	DQ525495	*
H	9	202	93.1	+	0	0	64MI138M	DQ525498	DQ525495
N	*	83	*	*	*	*	*	DQ322080	*
N	*	111	*	*	*	*	*	DQ322097	*
L	8477	250	*	*	*	*	*	FJ039593	*
H	8477	250	97.6	+	0	0	I131MI117M2D	EU525946	FJ039593
L	5757	250	*	*	*	*	*	DQ533976	*
H	5757	250	94.0	+	0	0	41MD117MD25M2D63M4I	AF205647	DQ533976
N	*	218	*	*	*	*	*	AF395684	*
L	5063	153	*	*	*	*	*	AM159634	*
H	5063	152	90.8	+	0	0	34MI19MD71MI27M	AB260936	AM159634
L	849	250	*	*	*	*	*	EU669376	*
H	849	250	93.2	+	0	0	35M4I17M2D17M2D54M2I114M2D7M	DQ534567	EU669376
N	*	142	*	*	*	*	*	AJ972459	*
N	*	250	*	*	*	*	*	AB221450	*
L	1342	249	*	*	*	*	*	EU375546	*
H	1342	123	93.5	+	0	0	127I33MD89M	U19954	EU375546
L	6163	135	*	*	*	*	*	EU315769	*
H	6163	142	91.9	+	0	0	3I13M2D32MD65M7D22M	GQ254804	EU315769
L	5593	230	*	*	*	*	*	DQ132820	*
H	5593	183	91.8	+	0	0	10I46MD27M37I62MI47M	DQ812914	DQ132820
N	*	250	*	*	*	*	*	DQ677496	*
N	*	210	*	*	*	*	*	DQ681328	*
L	7739	208	*	*	*	*	*	EU888925	*
H	7739	209	97.6	+	0	0	57MD34MD116MI	DQ681337	EU888925
N	*	82	*	*	*	*	*	DQ631933	*
N	*	180	*	*	*	*	*	DQ631941	*
L	2648	85	*	*	*	*	*	EF589887	*
H	2648	84	96.4	+	0	0	25MI59M	DQ631942	EF589887
L	263	115	*	*	*	*	*	AF310169	*
H	263	115	93.9	+	0	0	115M	DQ827707	AF310169
N	*	206	*	*	*	*	*	DQ836182	*
L	1356	182	*	*	*	*	*	FJ852597	*
H	1356	177	91.0	+	0	0	4I19MD104MI22MI31M	DQ780453	FJ852597
L	8332	242	*	*	*	*	*	L54076	*
H	8332	240	97.5	+	0	0	68M2I172M	FJ845440	L54076
L	4116	250	*	*	*	*	*	AB036897	*
H	4116	250	99.6	+	0	0	250M	AB036894	AB036897
L	5792	190	*	*	*	*	*	DQ826540	*
H	5792	188	94.1	+	0	0	34MI61MI93M	DQ826538	DQ826540
N	*	192	*	*	*	*	*	DQ836786	*
N	*	190	*	*	*	*	*	DQ832333	*
L	1860	182	*	*	*	*	*	GU214644	*
H	1860	176	93.2	+	0	0	62MD22M8I31MD59M	GQ169763	GU214644
N	*	198	*	*	*	*	*	DQ872858	*
N	*	111	*	*	*	*	*	DQ849314	*
L	2417	197	*	*	*	*	*	FJ411410	*
H	2417	187	98.4	+	0	0	10I77MI24M2D24MI60M	U35308	FJ411410
N	*	208	*	*	*	*	*	DQ865099	*
L	898	192	*	*	*	*	*	EU673336	*
H	898	211	92.2	+	0	0	32MI11M2D54M14D59M4D35M	AF243398	EU673336
L	408	250	*	*	*	*	*	EF685099	*
H	408	250	96.0	+	0	0	250M	DQ679801	EF685099
L	7331	248	*	*	*	*	*	HE649950	*
H	7331	105	98.1	+	0	0	140I12M4I44MD48M	DQ917653	HE649950
L	3485	250	*	*	*	*	*	AY344967	*
H	3485	250	95.6	+	0	0	39MI52MI157M2D	DQ875342	AY344967
L	6980	203	*	*	*	*	*	FJ705275	*
H	6980	210	96.6	+	0	0	9D184M2I17M	GU220372	FJ705275
N	*	97	*	*	*	*	*	DQ974799	*
L	5512	127	*	*	*	*	*	EF551550	*
H	5512	127	93.7	+	0	0	I49MI15MD11MI10M2D39M	EF025406	EF551550
N	*	145	*	*	*	*	*	AY139789	*
L	2312	229	*	*	*	*	*	AB190871	*
H	2312	224	92.4	+	0	0	98M2I17MI56MI18MI35M	GQ241289	AB190871
N	*	218	*	*	*	*	*	EF010926	*
N	*	216	*	*	*	*	*	DQ923530	*
N	*	250	*	*	*	*	*	AF272836	*
L	5809	250	*	*	*	*	*	DQ873627	*
H	5809	250	92.4	+	0	0	250M	DQ873606	DQ873627
N	*	98	*	*	*	*	*	DQ873609	*
N	*	197	*	*	*	*	*	FJ903327	*
N	*	122	*	*	*	*	*	DQ873657	*
L	2759	230	*	*	*	*	*	FJ798603	*
H	2759	235	92.2	+	0	0	19MD14MD23MD111M2D63M	DQ885897	FJ798603
L	2642	202	*	*	*	*	*	AB546941	*
H	2642	201	96.5	+	0	0	2I57MD43MI45MD54M	EF029224	AB546941
L	8587	233	*	*	*	*	*	Z37064	*
H	8587	81	100.0	+	0	0	152I81M	FJ805250	Z37064
N	*	124	*	*	*	*	*	EF061129	*
N	*	250	*	*	*	*	*	EF080868	*
L	3372	221	*	*	*	*	*	FJ629353	*
H	3372	216	99.5	+	0	0	4I62MI154M	EF121328	FJ629353
L	6902	194	*	*	*	*	*	FR799494	*
H	6902	186	94.1	+	0	0	3I94M3I64M2I28M	EF121334	FR799494
L	6562	242	*	*	*	*	*	FJ596863	*
H	6562	248	92.1	+	0	0	5D6MI11MD34MI40MD22MD127M	AF166523	FJ596863
L	5714	221	*	*	*	*	*	DQ414543	*
H	5714	217	90.3	+	0	0	115M2I13M2I89M	DQ414541	DQ414543
N	*	116	*	*	*	*	*	AF250780	*
N	*	124	*	*	*	*	*	AF250791	*
L	8346	230	*	*	*	*	*	DQ658878	*
H	8346	249	91.7	+	0	0	10MD6M2D17MD22M4D13MD64M11D45MI52M	AF096979	DQ658878
L	5258	197	*	*	*	*	*	AY245635	*
H	5258	195	94.9	+	0	0	137MD36M3I21M	EU673370	AY245635
L	723	250	*	*	*	*	*	AB078341	*
H	723	250	97.2	+	0	0	159M3D88M3I	AF309535	AB078341
L	163	250	*	*	*	*	*	EF141539	*
H	163	250	96.0	+	0	0	195MI54MD	EF141540	EF141539
L	169	248	*	*	*	*	*	AJ005368	*
H	169	249	92.3	+	0	0	60MD188M	AJ005367	AJ005368
N	*	124	*	*	*	*	*	UDB000251	*
L	4279	250	*	*	*	*	*	AB454300	*
H	4279	250	92.0	+	0	0	2D248M2I	AF312010	AB454300
N	*	214	*	*	*	*	*	EF026118	*
N	*	211	*	*	*	*	*	EF026120	*
N	*	250	*	*	*	*	*	EF026125	*
N	*	250	*	*	*	*	*	EF026133	*
N	*	250	*	*	*	*	*	EF026135	*
N	*	244	*	*	*	*	*	EF026137	*
N	*	250	*	*	*	*	*	EF026139	*
N	*	250	*	*	*	*	*	AY461834	*
L	3648	217	*	*	*	*	*	AY533697	*
H	3648	217	94.9	+	0	0	217M	EU497950	AY533697
L	1811	167	*	*	*	*	*	GU138752	*
H	1811	169	91.6	+	0	0	25MD44MI16M2D81M	EF191243	GU138752
L	4293	250	*	*	*	*	*	AB182292	*
H	4293	250	97.6	+	0	0	222MI27MD	AY130309	AB182292
N	*	211	*	*	*	*	*	EF369523	*
L	4527	216	*	*	*	*	*	AF115758	*
H	4527	219	99.1	+	0	0	3D216M	EF373567	AF115758
L	495	218	*	*	*	*	*	AF254628	*
H	495	212	94.3	+	0	0	10I156MD28M3D24M	EF373570	AF254628
L	204	189	*	*	*	*	*	AJ271581	*
H	204	189	97.9	+	0	0	19MD14MD45MI26MI83M	AJ271579	AJ271581
N	*	230	*	*	*	*	*	AY004783	*
N	*	250	*	*	*	*	*	EF081003	*
N	*	145	*	*	*	*	*	AM418551	*
L	2324	250	*	*	*	*	*	AF438567	*
H	2324	173	98.3	+	0	0	79I71MD100MD	EF457901	AF438567
L	216	250	*	*	*	*	*	AB252472	*
H	216	250	99.6	+	0	0	250M	AB252471	AB252472
N	*	166	*	*	*	*	*	AF224333	*
L	4018	245	*	*	*	*	*	AB378677	*
H	4018	250	99.2	+	0	0	97M2D11M2D68MD69M	AB378667	AB378677
L	5643	250	*	*	*	*	*	AF377157	*
H	5643	250	97.6	+	0	0	2I6MI76M2I163M5D	DQ517384	AF377157
N	*	96	*	*	*	*	*	EF449525	*
L	4065	224	*	*	*	*	*	FJ605260	*
H	4065	220	93.2	+	0	0	69M2I26MI97MI28M	EF452729	FJ605260
N	*	139	*	*	*	*	*	AF231469	*
L	5350	200	*	*	*	*	*	AY498689	*
H	5350	200	98.5	+	0	0	200M	DQ534477	AY498689
H	5350	200	96.5	+	0	0	200M	AF224433	AY498689
N	*	224	*	*	*	*	*	U57351	*
L	1294	250	*	*	*	*	*	FJ596819	*
H	1294	250	97.2	+	0	0	4D155MI31MI60M2I	AY228347	FJ596819
L	5981	235	*	*	*	*	*	JQ711878	*
H	5981	228	93.9	+	0	0	7I99MD14MD9M2I104M	UDB003329	JQ711878
L	434	211	*	*	*	*	*	DQ974829	*
H	434	227	92.9	+	0	0	2D46MD41M3D25MD56M9D43M	DQ974756	DQ974829
N	*	250	*	*	*	*	*	AF335455	*
N	*	250	*	*	*	*	*	AF335457	*
L	8245	223	*	*	*	*	*	U51966	*
H	8245	227	99.1	+	0	0	174MD31M3D18M	EF445991	U51966
L	3783	250	*	*	*	*	*	AY854072	*
H	3783	250	94.4	+	0	0	2I139MD11M3D83MD12M3I	DQ830803	AY854072
N	*	246	*	*	*	*	*	AF345249	*
N	*	250	*	*	*	*	*	U10409	*
L	2134	210	*	*	*	*	*	EU076926	*
H	2134	207	91.3	+	0	0	111MI44MI19MI33M	EF136366	EU076926
L	1708	179	*	*	*	*	*	GQ852796	*
H	1708	178	100.0	+	0	0	154MI24M	AF309623	GQ852796
L	6185	250	*	*	*	*	*	EU409591	*
H	6185	250	91.2	+	0	0	90MD19M2D118MI20M2I	EF190271	EU409591
L	300	182	*	*	*	*	*	GQ852764	*
H	300	186	94.5	+	0	0	159M4D23M	AB277789	GQ852764
N	*	119	*	*	*	*	*	AB300502	*
L	5666	181	*	*	*	*	*	DQ466083	*
H	5666	171	93.0	+	0	0	8I85M2I86M	EF535657	DQ466083
L	7889	175	*	*	*	*	*	JF747034	*
H	7889	173	98.8	+	0	0	2I173M	EF535666	JF747034
N	*	190	*	*	*	*	*	EF200022	*
L	3315	182	*	*	*	*	*	AB433276	*
H	3315	180	93.3	+	0	0	90MI41MI49M	AF383953	AB433276
N	*	183	*	*	*	*	*	AF383959	*
L	2895	222	*	*	*	*	*	HQ650617	*
H	2895	220	99.1	+	0	0	153M2I67M	EF492210	HQ650617
N	*	236	*	*	*	*	*	EF197081	*
N	*	210	*	*	*	*	*	EF197085	*
L	8497	250	*	*	*	*	*	AJ889962	*
H	8497	250	92.0	+	0	0	167MD18MD63M2I	EF560670	AJ889962
N	*	249	*	*	*	*	*	EF560682	*
L	4951	199	*	*	*	*	*	AJ309347	*
H	4951	202	95.0	+	0	0	45MI12M4D66MD38M2I8MD27M	EF546655	AJ309347
N	*	250	*	*	*	*	*	EF420154	*
L	3148	183	*	*	*	*	*	GU327636	*
H	3148	121	98.3	+	0	0	63I49MD71M	EU709777	GU327636
L	5928	210	*	*	*	*	*	AY624200	*
H	5928	130	97.7	+	0	0	82I28MD31MD69M	EF411225	AY624200
L	770	185	*	*	*	*	*	FJ515724	*
H	770	184	94.6	+	0	0	70MI114M	EU707858	FJ515724
L	828	118	*	*	*	*	*	AM947674	*
H	828	116	91.4	+	0	0	40M4I46M2D28M	FN423704	AM947674
L	1636	231	*	*	*	*	*	GQ303274	*
H	1636	234	90.9	+	0	0	75MI28M4D18M2D34M4I35MD12MD24M	AB190380	GQ303274
N	*	177	*	*	*	*	*	EF592046	*
L	8549	250	*	*	*	*	*	UDB011749	*
H	8549	250	90.0	+	0	0	2D6MD45M9D101M5I86M7I	EF421109	UDB011749
L	5621	228	*	*	*	*	*	DQ233665	*
H	5621	228	99.1	+	0	0	228M	GQ241277	DQ233665
L	5946	120	*	*	*	*	*	GU134899	*
H	5946	120	100.0	+	0	0	120M	EF560605	GU134899
L	4877	246	*	*	*	*	*	DQ914542	*
H	4877	244	93.4	+	0	0	139MD64M3I40M	EF619547	DQ914542
N	*	187	*	*	*	*	*	EF433765	*
L	2050	225	*	*	*	*	*	AF191181	*
H	2050	226	95.1	+	0	0	122MD103M	EF447406	AF191181
L	4710	250	*	*	*	*	*	AF357038	*
H	4710	250	90.0	+	0	0	133MI33MI19MI29MI32M4D	AF357045	AF357038
L	367	250	*	*	*	*	*	AF357058	*
H	367	250	94.8	+	0	0	185MI64MD	AF357052	AF357058
L	371	206	*	*	*	*	*	AF297672	*
H	371	206	96.6	+	0	0	32MI115MD58M	AF297668	AF297672
L	4507	210	*	*	*	*	*	AF096206	*
H	4507	210	99.5	+	0	0	210M	AF297670	AF096206
L	6096	230	*	*	*	*	*	EU161240	*
H	6096	232	94.3	+	0	0	21M2D209M	DQ534455	EU161240
N	*	220	*	*	*	*	*	DQ534457	*
L	5762	221	*	*	*	*	*	DQ534468	*
H	5762	221	98.2	+	0	0	221M	DQ534467	DQ534468
L	2592	231	*	*	*	*	*	HQ605927	*
H	2592	226	94.7	+	0	0	109MI19MI34MI12MI7MI45M	DQ534472	HQ605927
N	*	214	*	*	*	*	*	DQ534474	*
L	3270	145	*	*	*	*	*	EU345429	*
H	3270	153	95.2	+	0	0	D9MD7MD12M3D19MD8MD90M	EF488829	EU345429
L	4564	211	*	*	*	*	*	FJ205455	*
H	4564	189	92.1	+	0	0	37M2I13MI33M18I57MI49M	EF026144	FJ205455
N	*	250	*	*	*	*	*	AM749938	*
N	*	250	*	*	*	*	*	AF399891	*
N	*	250	*	*	*	*	*	AB304155	*
L	1027	222	*	*	*	*	*	EU784156	*
H	1027	220	92.7	+	0	0	109M2I57MI25MD28M	EU034667	EU784156
L	409	250	*	*	*	*	*	EF685100	*
H	409	250	94.4	+	0	0	59MD110MI80M	EF685102	EF685100
L	410	250	*	*	*	*	*	EU047935	*
H	410	250	90.0	+	0	0	40M2D16M2D65MI18MI53M2D30MD21M5I	EU047937	EU047935
L	5658	185	*	*	*	*	*	DQ337321	*
H	5658	184	91.8	+	0	0	D12MI81MI90M	EU045422	DQ337321
L	7005	250	*	*	*	*	*	AB193587	*
H	7005	250	93.2	+	0	0	3I122MI77MD47M3D	AB271785	AB193587
H	2134	200	96.5	+	0	0	10I102MD66MI31M	FJ861426	EU076926
N	*	210	*	*	*	*	*	EU086434	*
N	*	250	*	*	*	*	*	JF908138	*
N	*	250	*	*	*	*	*	EF631613	*
N	*	208	*	*	*	*	*	FJ416303	*
L	5628	190	*	*	*	*	*	DQ238742	*
H	5628	191	91.1	+	0	0	36MD154M	EF621945	DQ238742
L	8507	250	*	*	*	*	*	AF140262	*
H	8507	250	94.4	+	0	0	I37MD25MD132M2I53MD	EF493291	AF140262
L	7441	223	*	*	*	*	*	HM536100	*
H	7441	221	93.2	+	0	0	116MI38MI67M	EU118619	HM536100
L	437	217	*	*	*	*	*	EF653987	*
H	437	205	94.1	+	0	0	48M2I38M2D17M12I100M	EF653995	EF653987
L	5476	202	*	*	*	*	*	AY742705	*
H	5476	195	90.8	+	0	0	98M7I29MD39MI28M	EF626961	AY742705
L	6197	172	*	*	*	*	*	FJ839633	*
H	6197	184	95.3	+	0	0	8D28MD59M3D85M	EU041783	FJ839633
L	446	192	*	*	*	*	*	EU035476	*
H	446	192	92.2	+	0	0	42MD99MI50M	EU035457	EU035476
N	*	133	*	*	*	*	*	EU057910	*
N	*	115	*	*	*	*	*	AY796026	*
N	*	113	*	*	*	*	*	EU343863	*
N	*	243	*	*	*	*	*	AB361642	*
N	*	250	*	*	*	*	*	EU075199	*
N	*	195	*	*	*	*	*	EU037895	*
L	3370	107	*	*	*	*	*	FN547587	*
H	3370	108	93.5	+	0	0	73MD34M	AY035661	FN547587
L	3956	250	*	*	*	*	*	DQ083783	*
H	3956	250	96.0	+	0	0	170MD79MI	EU057028	DQ083783
L	8150	219	*	*	*	*	*	FJ430782	*
H	8150	221	98.2	+	0	0	122MD17MD59MI20MD	EU186402	FJ430782
L	226	240	*	*	*	*	*	AB006433	*
H	226	230	98.7	+	0	0	8I50MI64MI116M	EF652046	AB006433
N	*	250	*	*	*	*	*	EF652088	*
N	*	250	*	*	*	*	*	EU040217	*
N	*	206	*	*	*	*	*	EU113295	*
N	*	224	*	*	*	*	*	EU233809	*
L	3161	157	*	*	*	*	*	JN603595	*
H	3161	157	100.0	+	0	0	157M	EU240004	JN603595
L	536	153	*	*	*	*	*	EU266508	*
H	536	149	94.6	+	0	0	54MI40M2I30MI25M	EU266501	EU266508
L	6497	198	*	*	*	*	*	FJ228180	*
H	6497	174	97.7	+	0	0	6I82M15I4M2I59MI29M	EU144054	FJ228180
N	*	230	*	*	*	*	*	FJ766487	*
N	*	250	*	*	*	*	*	EU293828	*
L	1452	215	*	*	*	*	*	GQ293943	*
H	1452	240	97.2	+	0	0	2I65M26D101MD47M	AJ302442	GQ293943
L	523	219	*	*	*	*	*	AJ302438	*
H	523	214	96.3	+	0	0	24MI40M4I150M	AJ302444	AJ302438
N	*	234	*	*	*	*	*	AJ302469	*
L	6682	210	*	*	*	*	*	EU821482	*
H	6682	196	90.8	+	0	0	4I33MI44M4I14M5I11MI21MD72M	GQ996574	EU821482
L	531	249	*	*	*	*	*	DQ384582	*
H	531	250	97.2	+	0	0	23MD154M2D70M2I	EF493295	DQ384582
L	773	250	*	*	*	*	*	EU677810	*
H	773	250	96.4	+	0	0	157M2I91M2D	FJ538351	EU677810
N	*	195	*	*	*	*	*	AY251088	*
L	535	181	*	*	*	*	*	EU853471	*
H	535	181	98.9	+	0	0	181M	EU853479	EU853471
L	6237	211	*	*	*	*	*	EU553339	*
H	6237	127	96.9	+	0	0	83I66MI61M	EF512983	EU553339
N	*	223	*	*	*	*	*	EU266103	*
N	*	195	*	*	*	*	*	EU266107	*
N	*	250	*	*	*	*	*	EU186278	*
L	5646	250	*	*	*	*	*	AF062934	*
H	5646	228	91.2	+	0	0	30I153MD67M7D	AM085529	AF062934
N	*	204	*	*	*	*	*	HQ586862	*
L	2200	235	*	*	*	*	*	HM538494	*
H	2200	236	96.6	+	0	0	138MD97M	EU365855	HM538494
L	6743	211	*	*	*	*	*	FJ884194	*
H	6743	216	90.5	+	0	0	24MD64MD16MD50MD21MD36M	EU179862	FJ884194
N	*	143	*	*	*	*	*	HE611486	*
L	1456	175	*	*	*	*	*	FJ664833	*
H	1456	175	94.3	+	0	0	8M2D88MI25MI52M	EU249467	FJ664833
L	6120	201	*	*	*	*	*	EU249479	*
H	6120	202	95.5	+	0	0	149MD52M	EU249478	EU249479
L	3599	250	*	*	*	*	*	AY484693	*
H	3599	250	96.8	+	0	0	2I248M2D	EU257803	AY484693
N	*	177	*	*	*	*	*	EU232215	*
N	*	81	*	*	*	*	*	EU232219	*
L	4381	200	*	*	*	*	*	AB481251	*
H	4381	203	91.5	+	0	0	27MD16MD93MD64M	AF422970	AB481251
L	2703	190	*	*	*	*	*	JF498578	*
H	2703	191	93.7	+	0	0	72MD118M	EU282475	JF498578
H	5258	198	99.0	+	0	0	169MD28M	FJ177450	AY245635
L	868	169	*	*	*	*	*	EU837206	*
H	868	168	95.8	+	0	0	33MI135M	AF433147	EU837206
N	*	250	*	*	*	*	*	EU439453	*
L	2412	218	*	*	*	*	*	EF608062	*
H	2412	226	99.5	+	0	0	8D218M	FJ441663	EF608062
N	*	250	*	*	*	*	*	AJ534933	*
N	*	196	*	*	*	*	*	AF282108	*
H	4065	84	91.7	+	0	0	140I84M	AF439458	FJ605260
N	*	83	*	*	*	*	*	AF439498	*
L	1280	223	*	*	*	*	*	FJ623271	*
H	1280	82	98.8	+	0	0	140I16MI66M	AF439499	FJ623271
N	*	157	*	*	*	*	*	AF439501	*
L	4722	168	*	*	*	*	*	AF374658	*
H	4722	202	98.2	+	0	0	34D168M	AF440867	AF374658
N	*	250	*	*	*	*	*	EU523561	*
N	*	250	*	*	*	*	*	EU523562	*
L	7626	250	*	*	*	*	*	HQ604084	*
H	7626	250	94.4	+	0	0	4I123MD41M3I19MD26MD34M4D	EU523584	HQ604084
N	*	244	*	*	*	*	*	EU523585	*
N	*	121	*	*	*	*	*	GQ149770	*
N	*	250	*	*	*	*	*	EU526002	*
N	*	250	*	*	*	*	*	EU557359	*
L	4485	233	*	*	*	*	*	EU417866	*
H	4485	198	97.5	+	0	0	33I23M2I175M	EU231970	EU417866
L	1162	208	*	*	*	*	*	FJ499445	*
H	1162	211	99.0	+	0	0	3D208M	EU551179	FJ499445
L	3306	165	*	*	*	*	*	AY793444	*
H	3306	173	98.8	+	0	0	8D165M	EU551192	AY793444
L	3880	95	*	*	*	*	*	HQ414605	*
H	3880	98	91.6	+	0	0	2D23MD72M	EU254778	HQ414605
L	2554	86	*	*	*	*	*	EU254963	*
H	2554	87	94.2	+	0	0	15MD71M	EU254786	EU254963
L	6790	106	*	*	*	*	*	FR667997	*
H	6790	104	93.3	+	0	0	D5M2I45M2I16MD36M	EU254889	FR667997
L	656	97	*	*	*	*	*	EU254992	*
H	656	96	100.0	+	0	0	26MI70M	EU255009	EU254992
H	3880	95	100.0	+	0	0	95M	EU255033	HQ414605
L	672	198	*	*	*	*	*	EU400136	*
H	672	198	97.0	+	0	0	198M	FJ459919	EU400136
L	6869	250	*	*	*	*	*	FN598959	*
H	6869	193	92.7	+	0	0	2I156M61I9M2D22M4D	DQ914740	FN598959
N	*	125	*	*	*	*	*	AF325646	*
N	*	240	*	*	*	*	*	AF325665	*
L	7167	250	*	*	*	*	*	GU233337	*
H	7167	250	96.0	+	0	0	85M2D73MI42MI48M	AF325599	GU233337
L	7172	250	*	*	*	*	*	GU233343	*
H	7172	250	95.6	+	0	0	128MI9MI19MD45MI33MI12M3D	AF325607	GU233343
L	7601	225	*	*	*	*	*	AF454418	*
H	7601	228	95.1	+	0	0	120MI10MI19M5D74M	AF454424	AF454418
H	7601	228	92.9	+	0	0	126M2I24M5D73M	AF454425	AF454418
L	6493	216	*	*	*	*	*	FJ205469	*
H	6493	208	94.2	+	0	0	7I19MI54MD85MI49M	AJ309350	FJ205469
L	567	143	*	*	*	*	*	AM085519	*
H	567	146	90.2	+	0	0	D8M2D135M	EU669373	AM085519
L	698	247	*	*	*	*	*	AF071444	*
H	698	250	93.5	+	0	0	6D244M3I	AF263938	AF071444
L	3290	250	*	*	*	*	*	EU697274	*
H	3290	250	97.6	+	0	0	53MI196MD	AH011348	EU697274
N	*	250	*	*	*	*	*	AF391024	*
L	4720	197	*	*	*	*	*	AF374667	*
H	4720	83	100.0	+	0	0	114I83M	FJ710202	AF374667
L	2306	219	*	*	*	*	*	EU070911	*
H	2306	81	98.8	+	0	0	138I81M	EU554070	EU070911
N	*	224	*	*	*	*	*	GQ452059	*
N	*	237	*	*	*	*	*	EU598200	*
N	*	216	*	*	*	*	*	EU598201	*
L	1131	211	*	*	*	*	*	GQ340556	*
H	1131	211	100.0	+	0	0	211M	EU128596	GQ340556
L	2196	235	*	*	*	*	*	HM538478	*
H	2196	199	91.0	+	0	0	32I15M2I79M2I105M	EU639619	HM538478
L	6249	249	*	*	*	*	*	EU563398	*
H	6249	246	99.6	+	0	0	64M2I44MI138M	EU563469	EU563398
L	720	223	*	*	*	*	*	EU639631	*
H	720	227	96.0	+	0	0	39M3D157MD27M	EU639632	EU639631
L	6879	250	*	*	*	*	*	FN907912	*
H	6879	248	90.7	+	0	0	5I47MI58MD99MI39M4D	EU583422	FN907912
L	2398	211	*	*	*	*	*	HM595526	*
H	2398	96	97.9	+	0	0	115I96M	EU434855	HM595526
N	*	250	*	*	*	*	*	AF458456	*
N	*	216	*	*	*	*	*	AF394027	*
L	1701	84	*	*	*	*	*	AY684178	*
H	1701	81	92.6	+	0	0	26M3I55M	AB070888	AY684178
L	4606	204	*	*	*	*	*	DQ534478	*
H	4606	204	96.1	+	0	0	204M	EU670232	DQ534478
N	*	250	*	*	*	*	*	EU014056	*
L	8292	250	*	*	*	*	*	U88219	*
H	8292	246	94.7	+	0	0	153M6I91M2D	U88223	U88219
H	8292	239	93.7	+	0	0	178M13I59M2D	U88231	U88219
L	1133	206	*	*	*	*	*	FJ266479	*
H	1133	198	97.5	+	0	0	8I39MI138MD20M	AF229470	FJ266479
N	*	231	*	*	*	*	*	EU435147	*
L	7037	189	*	*	*	*	*	AF229477	*
H	7037	197	100.0	+	0	0	8D189M	AY533559	AF229477
L	8008	200	*	*	*	*	*	FJ827038	*
H	8008	200	100.0	+	0	0	200M	EU520187	FJ827038
L	5246	205	*	*	*	*	*	AB489089	*
H	5246	201	99.5	+	0	0	4I51MD125MI24M	AJ842332	AB489089
L	6289	221	*	*	*	*	*	U03522	*
H	6289	213	100.0	+	0	0	8I213M	EF094829	U03522
N	*	215	*	*	*	*	*	EU664474	*
N	*	250	*	*	*	*	*	GU934596	*
L	2647	211	*	*	*	*	*	AF201704	*
H	2647	212	95.3	+	0	0	94MD17MD44MI55M	FJ903321	AF201704
L	3758	171	*	*	*	*	*	AB180367	*
H	3758	173	91.2	+	0	0	31MD7MD79MD22MI31M	AB180368	AB180367
N	*	244	*	*	*	*	*	AB301603	*
L	2926	182	*	*	*	*	*	JF499851	*
H	2926	186	96.2	+	0	0	34MD20MI34M3D64MD29M	EU707898	JF499851
L	1577	250	*	*	*	*	*	FJ572248	*
H	1577	250	99.2	+	0	0	7MD242MI	FJ572258	FJ572248
L	1268	120	*	*	*	*	*	FJ418216	*
H	1268	119	95.0	+	0	0	50MI69M	EU520172	FJ418216
L	2307	209	*	*	*	*	*	JQ676189	*
H	2307	210	94.7	+	0	0	75MD134M	EU520174	JQ676189
L	144	243	*	*	*	*	*	FJ459970	*
H	144	244	98.4	+	0	0	25MD218M	FJ515002	FJ459970
L	8229	250	*	*	*	*	*	U33086	*
H	8229	250	90.0	+	0	0	78MD64M2I30MI29MD46MD	EU520255	U33086
N	*	250	*	*	*	*	*	AM712293	*
L	247	250	*	*	*	*	*	AF335441	*
H	247	250	94.4	+	0	0	181MI27MI40M2D	JQ446101	AF335441
N	*	240	*	*	*	*	*	EU597082	*
L	4252	224	*	*	*	*	*	AB077654	*
H	4252	228	92.4	+	0	0	2D105MD79MD40M	FJ874774	AB077654
N	*	250	*	*	*	*	*	EU623638	*
N	*	250	*	*	*	*	*	EU623713	*
L	867	225	*	*	*	*	*	EU649783	*
H	867	223	91.5	+	0	0	3D31M2I42MI115M2I32M	EU552126	EU649783
N	*	250	*	*	*	*	*	AF351868	*
L	4117	198	*	*	*	*	*	DQ376247	*
H	4117	159	92.5	+	0	0	38I67MI92M	EU573322	DQ376247
L	833	174	*	*	*	*	*	AF351139	*
H	833	176	90.2	+	0	0	95MD57MD22M	AF351145	AF351139
N	*	250	*	*	*	*	*	EU770613	*
L	837	222	*	*	*	*	*	EU707822	*
H	837	214	96.3	+	0	0	8I214M	EU707817	EU707822
L	5587	154	*	*	*	*	*	DQ097871	*
H	5587	154	96.1	+	0	0	2I77M2D75M	EU669202	DQ097871
N	*	237	*	*	*	*	*	EU669210	*
N	*	116	*	*	*	*	*	EU852799	*
N	*	223	*	*	*	*	*	EU669214	*
H	567	141	97.9	+	0	0	I30MI111M	EU669324	AM085519
N	*	250	*	*	*	*	*	EU669325	*
N	*	250	*	*	*	*	*	EU669366	*
L	5791	220	*	*	*	*	*	AY198197	*
H	5791	220	95.9	+	0	0	220M	EU669394	AY198197
L	7145	235	*	*	*	*	*	GU213482	*
H	7145	244	94.5	+	0	0	112M2D15M7D108M	EU841913	GU213482
N	*	249	*	*	*	*	*	EU837199	*
N	*	250	*	*	*	*	*	EU837202	*
H	3290	250	92.4	+	0	0	52M3D32M4I162MD	EU837220	EU697274
N	*	238	*	*	*	*	*	EU819418	*
L	877	210	*	*	*	*	*	EU819439	*
H	877	225	95.7	+	0	0	44MD34MI105M15D26M	EU819441	EU819439
N	*	250	*	*	*	*	*	EU819448	*
L	5044	250	*	*	*	*	*	FJ890030	*
H	5044	250	95.6	+	0	0	I32MD112MD63MI41M	GQ166902	FJ890030
L	6352	195	*	*	*	*	*	EU718105	*
H	6352	190	93.2	+	0	0	49M3I121M2I20M	GQ166887	EU718105
L	3461	246	*	*	*	*	*	JF908277	*
H	3461	248	93.1	+	0	0	44M4D20MD20MI30MD54M2I35MI39M	EU819485	JF908277
L	5163	198	*	*	*	*	*	DQ499464	*
H	5163	199	97.5	+	0	0	170MD28M	EU819499	DQ499464
N	*	206	*	*	*	*	*	EU819537	*
N	*	200	*	*	*	*	*	EU846259	*
L	6924	250	*	*	*	*	*	GQ165641	*
H	6924	250	95.2	+	0	0	56M3D65MI32MI29MD64M2I	GQ165684	GQ165641
L	901	201	*	*	*	*	*	AM774157	*
H	901	201	93.0	+	0	0	5D88M5I108M	AM774155	AM774157
L	3390	211	*	*	*	*	*	JN241551	*
H	3390	244	95.7	+	0	0	31D211M2D	EU863218	JN241551
L	2748	230	*	*	*	*	*	GU062269	*
H	2748	229	90.4	+	0	0	97MI132M	EU918698	GU062269
L	6017	238	*	*	*	*	*	EU030178	*
H	6017	237	92.4	+	0	0	24MD50MD37M3I37MI27MD59M	FJ478127	EU030178
N	*	226	*	*	*	*	*	EU685114	*
L	6985	216	*	*	*	*	*	FJ799942	*
H	6985	211	94.3	+	0	0	6I20MI71M2D118M	EU683655	FJ799942
L	663	236	*	*	*	*	*	EU681337	*
H	663	233	91.8	+	0	0	12M3I13M2I179M2D27M	EU681330	EU681337
N	*	245	*	*	*	*	*	EU696874	*
N	*	172	*	*	*	*	*	EU718112	*
L	7922	250	*	*	*	*	*	JF908062	*
H	7922	250	91.2	+	0	0	9I124MD17MD30MD43M2D12MD15M3D	FM208871	JF908062
N	*	192	*	*	*	*	*	FM208873	*
N	*	201	*	*	*	*	*	FJ000402	*
L	8094	192	*	*	*	*	*	GQ152149	*
H	8094	194	95.3	+	0	0	3D112MD17M2I61M	GQ152145	GQ152149
L	2348	220	*	*	*	*	*	FJ878682	*
H	2348	224	97.7	+	0	0	26MD68M2D91MD35M	GQ461906	FJ878682
N	*	218	*	*	*	*	*	FJ037730	*
L	3633	100	*	*	*	*	*	L43385	*
H	3633	181	93.0	+	0	0	81D100M	FJ617293	L43385
N	*	239	*	*	*	*	*	AF486124	*
L	2675	222	*	*	*	*	*	AF276677	*
H	2675	232	91.9	+	0	0	25M6D78M2D42M2I21M4D54M	AF396864	AF276677
L	6314	152	*	*	*	*	*	EU675994	*
H	6314	153	95.4	+	0	0	80MD72M	AF414693	EU675994
N	*	139	*	*	*	*	*	AF410474	*
N	*	206	*	*	*	*	*	AB167727	*
N	*	250	*	*	*	*	*	EU715619	*
L	966	173	*	*	*	*	*	AF444400	*
H	966	170	91.2	+	0	0	22MD16M2I61M2I70M	AF444299	AF444400
N	*	180	*	*	*	*	*	EF532830	*
L	4242	156	*	*	*	*	*	AF444472	*
H	4242	155	94.2	+	0	0	82MD55M2I17M	AF444425	AF444472
L	4236	154	*	*	*	*	*	AB042227	*
H	4236	152	91.4	+	0	0	66MD12MI19MI28MI26M	AF444461	AB042227
N	*	188	*	*	*	*	*	AF444494	*
N	*	175	*	*	*	*	*	EF592116	*
N	*	205	*	*	*	*	*	AF444558	*
L	4793	195	*	*	*	*	*	AF444516	*
H	4793	204	91.3	+	0	0	27MD39MD19M2D38M5D72M	AF444565	AF444516
L	5629	186	*	*	*	*	*	DQ238743	*
H	5629	190	97.8	+	0	0	24MI32MD26MD40M2D9MD54M	AF444593	DQ238743
L	2934	250	*	*	*	*	*	GU256765	*
H	2934	250	95.6	+	0	0	5D245M5I	FJ196777	GU256765
N	*	83	*	*	*	*	*	AF210669	*
L	3796	250	*	*	*	*	*	AY669538	*
H	3796	250	98.0	+	0	0	170MD79MI	FJ717568	AY669538
L	3961	200	*	*	*	*	*	AY669694	*
H	3961	201	93.0	+	0	0	138M2D28MI33M	FJ039672	AY669694
L	1003	231	*	*	*	*	*	EU486452	*
H	1003	226	100.0	+	0	0	2I6MI14MI169MI37M	UDB011278	EU486452
L	3515	224	*	*	*	*	*	AY239342	*
H	3515	228	96.9	+	0	0	86M2I37M2D92MD7M3D	JF908710	AY239342
L	6344	247	*	*	*	*	*	AF418612	*
H	6344	231	93.9	+	0	0	2I7M2I42MD24M2D67M2I64M13I24M	UDB011109	AF418612
N	*	250	*	*	*	*	*	FJ178364	*
L	3219	129	*	*	*	*	*	U68332	*
H	3219	140	90.7	+	0	0	11M5D17M2D43MD12MD9M2D37M	FJ172292	U68332
L	8467	132	*	*	*	*	*	UDB011249	*
H	8467	137	90.2	+	0	0	2I7M2D31MD16M2D31MI8M3D36M	FJ195752	UDB011249
L	7232	211	*	*	*	*	*	GU324741	*
H	7232	80	95.0	+	0	0	131I80M	FJ205447	GU324741
N	*	247	*	*	*	*	*	FM206431	*
L	826	174	*	*	*	*	*	FJ194521	*
H	826	175	98.3	+	0	0	73MD101M	GU062254	FJ194521
L	1321	250	*	*	*	*	*	FJ501582	*
H	1321	250	92.8	+	0	0	8MI51M2I118MD70M2D	EU784176	FJ501582
N	*	250	*	*	*	*	*	EU784192	*
N	*	194	*	*	*	*	*	EU784223	*
N	*	189	*	*	*	*	*	EU784241	*
N	*	195	*	*	*	*	*	EU784221	*
N	*	196	*	*	*	*	*	EU784248	*
N	*	184	*	*	*	*	*	EU784254	*
L	7802	220	*	*	*	*	*	JF430065	*
H	7802	216	95.8	+	0	0	49MI80MI16M2I71M	EU784265	JF430065
L	6625	250	*	*	*	*	*	JF313747	*
H	6625	250	96.0	+	0	0	8MI128MI85MD27MD	EU784292	JF313747
N	*	250	*	*	*	*	*	EU784297	*
N	*	250	*	*	*	*	*	EU784302	*
N	*	242	*	*	*	*	*	EU784320	*
N	*	202	*	*	*	*	*	EU784279	*
N	*	213	*	*	*	*	*	EU784355	*
N	*	237	*	*	*	*	*	EU784367	*
L	5183	190	*	*	*	*	*	DQ257360	*
H	5183	188	93.1	+	0	0	47MI43M2I12MD85M	EU784373	DQ257360
N	*	250	*	*	*	*	*	EU784432	*
L	5180	250	*	*	*	*	*	AY129368	*
H	5180	250	91.2	+	0	0	154MI84MI10M2D	EU784438	AY129368
H	3633	185	94.0	+	0	0	85D100M	FJ426395	L43385
N	*	230	*	*	*	*	*	FJ349101	*
L	6360	224	*	*	*	*	*	EU741055	*
H	6360	226	98.7	+	0	0	2D224M	GU327635	EU741055
L	4313	250	*	*	*	*	*	AB211270	*
H	4313	250	93.2	+	0	0	20MI131M12D87M11I	GQ267477	AB211270
L	8272	203	*	*	*	*	*	U66031	*
H	8272	199	93.5	+	0	0	22M2D26M3I56MI45MI17MI31M	U66019	U66031
L	7507	238	*	*	*	*	*	AB015701	*
H	7507	243	90.3	+	0	0	25MD18M4D39M3D21MD36M2I43MI28MI24M	FJ375330	AB015701
L	8355	246	*	*	*	*	*	FJ755188	*
H	8355	243	96.7	+	0	0	100M2I121MI22M	FJ375332	FJ755188
L	1329	250	*	*	*	*	*	FJ772413	*
H	1329	250	91.2	+	0	0	250M	EU833653	FJ772413
N	*	103	*	*	*	*	*	AB236919	*
L	1753	213	*	*	*	*	*	FJ009555	*
H	1753	213	95.8	+	0	0	213M	EU888927	FJ009555
N	*	250	*	*	*	*	*	FJ860053	*
N	*	250	*	*	*	*	*	AF377059	*
N	*	250	*	*	*	*	*	AF377062	*
L	4085	248	*	*	*	*	*	EU726304	*
H	4085	250	95.2	+	0	0	10D240M8I	AY971818	EU726304
L	4233	250	*	*	*	*	*	AB036899	*
H	4233	250	90.0	+	0	0	4I48M3D73M9I116M10D	FJ596911	AB036899
L	8452	250	*	*	*	*	*	AY573537	*
H	8452	250	97.2	+	0	0	6D244M6I	AF377232	AY573537
N	*	250	*	*	*	*	*	AF377247	*
L	4380	200	*	*	*	*	*	AB481250	*
H	4380	198	90.9	+	0	0	26MI70MI102M	U58640	AB481250
L	4379	199	*	*	*	*	*	AB481248	*
H	4379	196	97.4	+	0	0	2I10MI186M	U59145	AB481248
N	*	250	*	*	*	*	*	FJ441032	*
N	*	250	*	*	*	*	*	FJ441039	*
N	*	250	*	*	*	*	*	FJ441040	*
L	1141	227	*	*	*	*	*	FJ441037	*
H	1141	220	92.7	+	0	0	77MI39MI10MI33MI26M3I35M	FJ441041	FJ441037
N	*	221	*	*	*	*	*	FJ441045	*
L	5407	173	*	*	*	*	*	AY607017	*
H	5407	180	98.8	+	0	0	8D32MI140M	EU707899	AY607017
L	1158	143	*	*	*	*	*	FM163194	*
H	1158	142	93.0	+	0	0	104MI38M	FM163198	FM163194
L	6971	183	*	*	*	*	*	EU151490	*
H	6971	120	100.0	+	0	0	63I120M	JN850990	EU151490
N	*	220	*	*	*	*	*	FJ464594	*
H	8355	250	92.3	+	0	0	29MD44M2D6MI15M2I33MD14M6D99M3I	FJ176718	FJ755188
L	485	208	*	*	*	*	*	EU010254	*
H	485	207	92.3	+	0	0	186MI21M	FJ479631	EU010254
L	1180	185	*	*	*	*	*	FJ005092	*
H	1180	185	92.4	+	0	0	53MI67MD64M	FJ005107	FJ005092
N	*	185	*	*	*	*	*	FJ005121	*
L	3944	195	*	*	*	*	*	AY999130	*
H	3944	80	95.0	+	0	0	114I25MI55M	FJ175161	AY999130
N	*	250	*	*	*	*	*	FJ810171	*
L	6441	250	*	*	*	*	*	EU935490	*
H	6441	250	94.0	+	0	0	115MI21M2D22MI21MD68MI	EU935489	EU935490
L	7722	245	*	*	*	*	*	HQ607384	*
H	7722	245	95.1	+	0	0	245M	EU935500	HQ607384
L	6444	248	*	*	*	*	*	EU935532	*
H	6444	248	95.2	+	0	0	128M2D20MI21MI77M	EU935527	EU935532
L	7149	250	*	*	*	*	*	GU222273	*
H	7149	250	96.0	+	0	0	10I240M10D	AY033098	GU222273
N	*	184	*	*	*	*	*	AY033121	*
L	4767	226	*	*	*	*	*	AF418630	*
H	4767	229	92.0	+	0	0	98MI61MD19M3D47M	AY061658	AF418630
L	6772	250	*	*	*	*	*	HQ604830	*
H	6772	250	98.8	+	0	0	250M	AY061706	HQ604830
L	4144	250	*	*	*	*	*	DQ389662	*
H	4144	250	100.0	+	0	0	250M	AF310087	DQ389662
L	7795	233	*	*	*	*	*	GU966523	*
H	7795	233	90.1	+	0	0	36M4I14MD16MD163M2D	FJ548826	GU966523
L	6015	208	*	*	*	*	*	EU021617	*
H	6015	216	99.5	+	0	0	8D208M	FJ548834	EU021617
N	*	250	*	*	*	*	*	FJ603575	*
H	8346	249	90.0	+	0	0	8D51M2D9MD72M11D33M3I62M	AM087256	DQ658878
L	1259	223	*	*	*	*	*	EU681352	*
H	1259	222	97.7	+	0	0	26MI196M	EU681355	EU681352
L	2915	221	*	*	*	*	*	EU681346	*
H	2915	225	93.7	+	0	0	82MD107M3D32M	EU681345	EU681346
L	1272	250	*	*	*	*	*	AB378736	*
H	1272	250	92.8	+	0	0	65MI131MD53M	AB378738	AB378736
N	*	199	*	*	*	*	*	FJ534873	*
N	*	250	*	*	*	*	*	FJ467365	*
L	6342	250	*	*	*	*	*	GU234147	*
H	6342	250	94.4	+	0	0	4I19MD11MD139MI76M3D	FJ596774	GU234147
L	6397	218	*	*	*	*	*	FJ890027	*
H	6397	212	97.2	+	0	0	4I27MI35MD132M2I17M	FJ596775	FJ890027
L	2263	250	*	*	*	*	*	HQ832446	*
H	2263	250	91.6	+	0	0	4I246M4D	FJ596777	HQ832446
N	*	250	*	*	*	*	*	FJ596795	*
N	*	250	*	*	*	*	*	FJ596801	*
N	*	250	*	*	*	*	*	FJ596832	*
H	6237	126	95.2	+	0	0	83I64MI62MI	FJ643076	EU553339
N	*	250	*	*	*	*	*	FJ478115	*
L	1289	233	*	*	*	*	*	FJ467362	*
H	1289	232	97.0	+	0	0	9M2I127MD95M	FJ627256	FJ467362
N	*	210	*	*	*	*	*	FJ627257	*
N	*	250	*	*	*	*	*	FJ627259	*
L	2077	210	*	*	*	*	*	DQ411548	*
H	2077	217	96.7	+	0	0	8D61MI25MD24MI98M	FJ654480	DQ411548
N	*	217	*	*	*	*	*	FJ613653	*
L	2132	173	*	*	*	*	*	HM466956	*
H	2132	173	95.4	+	0	0	173M	FJ647181	HM466956
L	8045	192	*	*	*	*	*	EU482301	*
H	8045	193	95.8	+	0	0	2D164MI27M	FJ654654	EU482301
N	*	250	*	*	*	*	*	FJ379273	*
L	6128	198	*	*	*	*	*	EU259283	*
H	6128	202	95.5	+	0	0	113M3D50MD35M	FJ717583	EU259283
N	*	232	*	*	*	*	*	FJ627262	*
L	5176	229	*	*	*	*	*	AY129374	*
H	5176	117	90.6	+	0	0	109I9M2I12M2I14MI80M2D	AJ519795	AY129374
N	*	201	*	*	*	*	*	AF444514	*
L	6141	188	*	*	*	*	*	EU266555	*
H	6141	190	98.4	+	0	0	2D16MD110MI61M	AF335932	EU266555
N	*	174	*	*	*	*	*	EU400150	*
L	1757	228	*	*	*	*	*	GU171370	*
H	1757	227	94.3	+	0	0	100MI24M2D37MI9MI55M	EU977545	GU171370
N	*	104	*	*	*	*	*	AY174089	*
N	*	210	*	*	*	*	*	DQ066710	*
L	7475	126	*	*	*	*	*	EU118653	*
H	7475	125	95.2	+	0	0	83MI42M	AY219351	EU118653
L	4093	221	*	*	*	*	*	AY817138	*
H	4093	215	92.6	+	0	0	112M2D31M6I45M2I25M	FJ845406	AY817138
L	8515	250	*	*	*	*	*	UDB011586	*
H	8515	250	91.6	+	0	0	2D6MD14MI56M2I76MI39M3D36MI17MI	FJ845443	UDB011586
L	4317	226	*	*	*	*	*	AB232541	*
H	4317	235	95.6	+	0	0	7D115M2D36MD54MI20M	FJ897535	AB232541
N	*	216	*	*	*	*	*	FJ710192	*
N	*	171	*	*	*	*	*	FJ710194	*
N	*	250	*	*	*	*	*	FJ710198	*
N	*	168	*	*	*	*	*	FJ861965	*
L	1365	185	*	*	*	*	*	FJ861980	*
H	1365	164	90.9	+	0	0	61MI25M17I51M3I27M	FJ861982	FJ861980
L	1547	163	*	*	*	*	*	AB511817	*
H	1547	166	96.3	+	0	0	25M2D15MD123M	FJ861984	AB511817
L	7757	202	*	*	*	*	*	EU880588	*
H	7757	202	97.5	+	0	0	202M	GU062273	EU880588
L	311	207	*	*	*	*	*	EF197082	*
H	311	205	92.7	+	0	0	87M5I19M3D96M	AY999116	EF197082
N	*	195	*	*	*	*	*	EF202593	*
L	6070	199	*	*	*	*	*	EU045552	*
H	6070	199	99.5	+	0	0	199M	EU863522	EU045552
L	7785	249	*	*	*	*	*	EU819493	*
H	7785	250	96.0	+	0	0	I9M2D27MD211MI	EU819425	EU819493
L	382	240	*	*	*	*	*	AF399884	*
H	382	242	90.4	+	0	0	73MD102MD65M	FJ862995	AF399884
L	7455	250	*	*	*	*	*	FJ375242	*
H	7455	250	98.4	+	0	0	D7MD16MD15MI151MI58MI	FJ375243	FJ375242
N	*	250	*	*	*	*	*	FJ375252	*
N	*	250	*	*	*	*	*	FJ375254	*
L	6517	234	*	*	*	*	*	FJ403211	*
H	6517	236	91.0	+	0	0	117M2D117M	FJ403218	FJ403211
N	*	246	*	*	*	*	*	FJ380871	*
L	7180	250	*	*	*	*	*	GU234109	*
H	7180	250	99.2	+	0	0	250M	U66431	GU234109
L	1068	211	*	*	*	*	*	EU784356	*
H	1068	213	97.6	+	0	0	D87MD124M	U66435	EU784356
N	*	250	*	*	*	*	*	EU118645	*
N	*	215	*	*	*	*	*	U66455	*
N	*	235	*	*	*	*	*	U66456	*
N	*	192	*	*	*	*	*	U66444	*
N	*	240	*	*	*	*	*	U66436	*
N	*	125	*	*	*	*	*	AF492081	*
L	7828	203	*	*	*	*	*	AF492098	*
H	7828	200	94.5	+	0	0	29M3I171M	AF492112	AF492098
H	7828	203	91.6	+	0	0	26M3I58MD15MD77MD24M	AF492117	AF492098
N	*	222	*	*	*	*	*	U89365	*
N	*	107	*	*	*	*	*	FM876789	*
N	*	218	*	*	*	*	*	FJ380943	*
N	*	239	*	*	*	*	*	FJ477044	*
N	*	100	*	*	*	*	*	FJ884097	*
L	1415	224	*	*	*	*	*	FJ871066	*
H	1415	219	92.7	+	0	0	25MI87M3I36MI71M	FJ871064	FJ871066
L	7283	189	*	*	*	*	*	FJ871068	*
H	7283	189	97.4	+	0	0	189M	FJ871076	FJ871068
L	1940	190	*	*	*	*	*	GU593041	*
H	1940	190	95.8	+	0	0	190M	FJ871073	GU593041
L	7289	190	*	*	*	*	*	GU827331	*
H	7289	189	93.7	+	0	0	105MI84M	FJ871080	GU827331
H	1940	190	95.8	+	0	0	190M	FJ871085	GU593041
N	*	189	*	*	*	*	*	FJ871088	*
L	2887	190	*	*	*	*	*	DQ001298	*
H	2887	190	93.7	+	0	0	190M	FJ871104	DQ001298
N	*	243	*	*	*	*	*	AY061704	*
L	8473	215	*	*	*	*	*	UDB011168	*
H	8473	217	94.4	+	0	0	2D7M2D45MD76M2I10M2I36MD37M	AF418623	UDB011168
L	6810	250	*	*	*	*	*	EU326208	*
H	6810	250	95.2	+	0	0	4I122MI19MI103M6D	FJ596846	EU326208
L	8372	248	*	*	*	*	*	FJ501551	*
H	8372	241	93.4	+	0	0	8I132MD65MI15MD27M	AF345821	FJ501551
N	*	250	*	*	*	*	*	AB092793	*
H	3648	217	94.5	+	0	0	217M	FJ872071	AY533697
L	6097	217	*	*	*	*	*	EU771081	*
H	6097	220	100.0	+	0	0	D194M2D23M	GU067738	EU771081
N	*	207	*	*	*	*	*	FJ903329	*
L	1449	230	*	*	*	*	*	FJ411097	*
H	1449	229	93.4	+	0	0	57M2D104MI8M2I58M	FJ411099	FJ411097
N	*	207	*	*	*	*	*	FJ664837	*
N	*	214	*	*	*	*	*	FJ664839	*
N	*	247	*	*	*	*	*	FJ435146	*
N	*	250	*	*	*	*	*	FJ544860	*
N	*	250	*	*	*	*	*	FJ770400	*
N	*	170	*	*	*	*	*	AF547662	*
L	6525	218	*	*	*	*	*	FJ431211	*
H	6525	218	100.0	+	0	0	218M	FJ431212	FJ431211
L	1485	219	*	*	*	*	*	FJ431217	*
H	1485	215	96.3	+	0	0	66MI33M3I116M	FJ431213	FJ431217
L	1493	212	*	*	*	*	*	FJ431272	*
H	1493	213	94.8	+	0	0	55MD40M2I18M2D18MD42MI36M	FJ431268	FJ431272
N	*	105	*	*	*	*	*	AB507400	*
L	890	250	*	*	*	*	*	EU846268	*
H	890	250	92.0	+	0	0	133M4I43MI51MI17M6D	GQ165627	EU846268
L	1507	250	*	*	*	*	*	GQ165663	*
H	1507	250	94.0	+	0	0	104MD44MI101M	GQ165678	GQ165663
N	*	250	*	*	*	*	*	GQ165657	*
N	*	250	*	*	*	*	*	GQ249888	*
N	*	223	*	*	*	*	*	FJ468400	*
L	8167	229	*	*	*	*	*	JF908663	*
H	8167	98	96.9	+	0	0	132I49MD48M	GQ166871	JF908663
N	*	250	*	*	*	*	*	GQ166889	*
N	*	250	*	*	*	*	*	EU819498	*
N	*	229	*	*	*	*	*	FJ839617	*
N	*	198	*	*	*	*	*	FJ998402	*
L	5662	204	*	*	*	*	*	DQ337380	*
H	5662	204	100.0	+	0	0	204M	GQ241279	DQ337380
N	*	228	*	*	*	*	*	GQ250004	*
N	*	250	*	*	*	*	*	FJ477839	*
N	*	250	*	*	*	*	*	AF491580	*
N	*	250	*	*	*	*	*	AF491621	*
L	2644	215	*	*	*	*	*	AY604526	*
H	2644	216	91.2	+	0	0	36MI71M2D107M	EU700370	AY604526
L	3613	220	*	*	*	*	*	AY513142	*
H	3613	225	97.3	+	0	0	7D30MI32MI156M	GQ142012	AY513142
N	*	250	*	*	*	*	*	GQ142024	*
N	*	247	*	*	*	*	*	GQ267480	*
L	3103	250	*	*	*	*	*	JF908435	*
H	3103	250	94.8	+	0	0	8MI23MI74MD43MI60MD39MD	AB512313	JF908435
N	*	250	*	*	*	*	*	AB512314	*
L	1392	170	*	*	*	*	*	FJ876298	*
H	1392	167	96.4	+	0	0	6I108M3D56M	EF484924	FJ876298
L	4907	250	*	*	*	*	*	AJ229073	*
H	4907	194	90.7	+	0	0	52I45MI29M2I41MD23MI21MI34M	GQ340442	AJ229073
L	7781	208	*	*	*	*	*	JF271756	*
H	7781	207	98.1	+	0	0	I207M	FJ422904	JF271756
N	*	250	*	*	*	*	*	AB454325	*
N	*	232	*	*	*	*	*	FJ708934	*
L	7471	250	*	*	*	*	*	DQ103885	*
H	7471	250	96.8	+	0	0	14MI116MD67MD51MI	GQ253456	DQ103885
L	2721	250	*	*	*	*	*	FJ613649	*
H	2721	250	93.6	+	0	0	15MI41M11I182M12D	GQ253457	FJ613649
N	*	250	*	*	*	*	*	GQ253462	*
L	4031	191	*	*	*	*	*	FJ903339	*
H	4031	207	90.6	+	0	0	16MD13MD21M2D10MI15MD10MD7M4D50M4D13M3D35M	GQ369959	FJ903339
L	1595	184	*	*	*	*	*	AB516668	*
H	1595	184	97.8	+	0	0	184M	AB516663	AB516668
N	*	250	*	*	*	*	*	GQ231739	*
N	*	216	*	*	*	*	*	AB439558	*
N	*	250	*	*	*	*	*	GQ395813	*
N	*	172	*	*	*	*	*	FJ639141	*
H	7601	228	96.0	+	0	0	130M2D18MD77M	GQ411509	AF454418
N	*	250	*	*	*	*	*	GQ411518	*
N	*	223	*	*	*	*	*	GQ411521	*
L	1389	250	*	*	*	*	*	AY534118	*
H	1389	250	96.8	+	0	0	4D28MD26MD20MI55MD22MD91M7I	GQ844231	AY534118
L	7555	250	*	*	*	*	*	GQ398240	*
H	7555	250	94.8	+	0	0	158MI91MD	JN943949	GQ398240
L	1125	201	*	*	*	*	*	AF003989	*
H	1125	167	96.4	+	0	0	73M34I94M	AF003988	AF003989
N	*	250	*	*	*	*	*	U61390	*
L	8158	236	*	*	*	*	*	JN943499	*
H	8158	242	92.8	+	0	0	I93M7D142M	GQ303294	JN943499
L	928	213	*	*	*	*	*	EU934759	*
H	928	224	90.1	+	0	0	24M2D7M2D83M7D41MI33MD24M	GQ303296	EU934759
N	*	138	*	*	*	*	*	FJ527265	*
N	*	190	*	*	*	*	*	AF548742	*
L	7312	88	*	*	*	*	*	GU992331	*
H	7312	88	94.3	+	0	0	21MD44MI22M	AY581058	GU992331
N	*	205	*	*	*	*	*	FJ707474	*
L	1686	201	*	*	*	*	*	GQ925392	*
H	1686	204	92.5	+	0	0	28MD21MD21MD7MD83MI40M	GQ981527	GQ925392
N	*	250	*	*	*	*	*	U63472	*
L	5908	191	*	*	*	*	*	EF197067	*
H	5908	192	90.6	+	0	0	167MD24M	AY525773	EF197067
L	5909	172	*	*	*	*	*	EF197070	*
H	5909	168	95.2	+	0	0	4I118MI23MD26M	GQ922534	EF197070
N	*	247	*	*	*	*	*	FM872461	*
L	7016	181	*	*	*	*	*	GQ852754	*
H	7016	181	93.4	+	0	0	181M	GQ852835	GQ852754
L	7525	181	*	*	*	*	*	FJ866504	*
H	7525	184	91.2	+	0	0	31M2I28MD32MD42M2D23MD23M	GQ852839	FJ866504
L	1948	190	*	*	*	*	*	AY382330	*
H	1948	190	99.5	+	0	0	190M	AF145329	AY382330
N	*	226	*	*	*	*	*	FJ859342	*
N	*	250	*	*	*	*	*	FJ859345	*
N	*	205	*	*	*	*	*	FJ790858	*
N	*	250	*	*	*	*	*	AM882894	*
N	*	250	*	*	*	*	*	AM882913	*
L	7641	189	*	*	*	*	*	HQ604547	*
H	7641	229	91.5	+	0	0	37MI80M33D37M8D34M	HQ604553	HQ604547
L	255	239	*	*	*	*	*	EU076919	*
H	255	171	91.2	+	0	0	66I77MD24M4I18MD50M	FJ860730	EU076919
H	255	171	97.1	+	0	0	66I79MD20M3I71M	FJ860825	EU076919
L	1238	170	*	*	*	*	*	AY865631	*
H	1238	169	98.2	+	0	0	82MI87M	FJ860849	AY865631
N	*	235	*	*	*	*	*	FJ827715	*
N	*	250	*	*	*	*	*	GU139172	*
N	*	118	*	*	*	*	*	FJ809889	*
N	*	99	*	*	*	*	*	FJ748900	*
L	7978	190	*	*	*	*	*	JF937046	*
H	7978	190	94.2	+	0	0	8MI90MD91M	EU034670	JF937046
N	*	223	*	*	*	*	*	AF542377	*
H	4767	226	94.2	+	0	0	53MI43MD26MD56MI46M	AY061721	AF418630
L	2576	133	*	*	*	*	*	HQ014712	*
H	2576	132	97.7	+	0	0	29MI103M	EU343816	HQ014712
N	*	250	*	*	*	*	*	AY880943	*
L	851	206	*	*	*	*	*	EU846304	*
H	851	105	93.3	+	0	0	101I6M2I11M2D86M	AJ408386	EU846304
N	*	229	*	*	*	*	*	AB099942	*
L	1016	237	*	*	*	*	*	FJ845429	*
H	1016	228	96.5	+	0	0	8I162MI66M	JF834338	FJ845429
L	5711	249	*	*	*	*	*	DQ403804	*
H	5711	240	97.5	+	0	0	147M6I47M3I46M	GU222260	DQ403804
N	*	247	*	*	*	*	*	GU222329	*
N	*	168	*	*	*	*	*	GU138727	*
H	1365	180	90.0	+	0	0	39MI23MI91M3I27M	GU138732	FJ861980
H	1811	168	91.0	+	0	0	25MD142M	GU138749	GU138752
L	2440	250	*	*	*	*	*	HM488747	*
H	2440	250	92.0	+	0	0	153M2D18MI77MI	AF482831	HM488747
N	*	250	*	*	*	*	*	AF482845	*
N	*	250	*	*	*	*	*	AF482859	*
L	6573	210	*	*	*	*	*	FJ487933	*
H	6573	211	94.3	+	0	0	68MI36MD76MD29M	AF000566	FJ487933
L	3975	206	*	*	*	*	*	DQ093770	*
H	3975	198	93.4	+	0	0	8I198M	FJ889449	DQ093770
L	1083	215	*	*	*	*	*	FJ150707	*
H	1083	211	94.3	+	0	0	94MI15M3I102M	GU229888	FJ150707
N	*	200	*	*	*	*	*	FM955447	*
N	*	171	*	*	*	*	*	GQ253100	*
L	1218	250	*	*	*	*	*	AY033116	*
H	1218	250	92.8	+	0	0	131MD14MD10M2D42MI49M3I	GU233356	AY033116
L	5022	168	*	*	*	*	*	AJ849887	*
H	5022	169	100.0	+	0	0	139MD29M	FJ884745	AJ849887
N	*	250	*	*	*	*	*	AY189699	*
N	*	250	*	*	*	*	*	GU136184	*
N	*	176	*	*	*	*	*	GU324765	*
L	2468	198	*	*	*	*	*	HQ599602	*
H	2468	198	92.4	+	0	0	35M3D68M3I92M	GU214634	HQ599602
L	4665	190	*	*	*	*	*	AF309610	*
H	4665	182	92.9	+	0	0	121M3D22M11I36M	GU269765	AF309610
N	*	178	*	*	*	*	*	FJ493186	*
N	*	250	*	*	*	*	*	FJ914927	*
N	*	250	*	*	*	*	*	AY313293	*
L	2254	147	*	*	*	*	*	HM997120	*
H	2254	132	91.7	+	0	0	7I20MD35M5I42M4I34M	FM878008	HM997120
H	531	250	97.2	+	0	0	23MD154M2D70M2I	JF908299	DQ384582
N	*	199	*	*	*	*	*	AY245632	*
L	210	163	*	*	*	*	*	AB294737	*
H	210	191	95.1	+	0	0	6I78M35D45MI33M	EU913721	AB294737
N	*	235	*	*	*	*	*	AY046166	*
L	3746	231	*	*	*	*	*	AF079584	*
H	3746	250	90.9	+	0	0	4I46MD8MD62M19D54MD17MD40M	GU207310	AF079584
N	*	91	*	*	*	*	*	GQ203758	*
N	*	84	*	*	*	*	*	GQ203782	*
L	1890	220	*	*	*	*	*	AY212826	*
H	1890	220	91.4	+	0	0	171MD20MI28M	AY212819	AY212826
N	*	250	*	*	*	*	*	GQ329043	*
N	*	250	*	*	*	*	*	AY243626	*
N	*	250	*	*	*	*	*	GQ329059	*
N	*	250	*	*	*	*	*	GU166413	*
L	1904	215	*	*	*	*	*	AF027764	*
H	1904	220	91.6	+	0	0	7MI21M6D186M	AF027763	AF027764
N	*	250	*	*	*	*	*	GU470885	*
L	5820	206	*	*	*	*	*	DQ899096	*
H	5820	198	96.0	+	0	0	4I20MI32M2D117M5I27M	L07135	DQ899096
N	*	250	*	*	*	*	*	AM882784	*
N	*	218	*	*	*	*	*	GU594160	*
N	*	202	*	*	*	*	*	GQ154541	*
N	*	208	*	*	*	*	*	GQ154594	*
L	4053	248	*	*	*	*	*	EU600240	*
H	4053	84	95.2	+	0	0	167I57M3D24M	AF000970	EU600240
L	7257	250	*	*	*	*	*	GU479286	*
H	7257	250	92.8	+	0	0	7I47MI60MD77MI57M8D	GU479327	GU479286
N	*	219	*	*	*	*	*	AF017652	*
L	1848	223	*	*	*	*	*	AF352320	*
H	1848	226	91.9	+	0	0	62MD55M2D106M	GU553287	AF352320
N	*	204	*	*	*	*	*	GU553305	*
L	878	203	*	*	*	*	*	EU819445	*
H	878	202	90.1	+	0	0	33MI48MD74MI46M	AF490393	EU819445
N	*	250	*	*	*	*	*	AB056132	*
L	7779	207	*	*	*	*	*	FJ752738	*
H	7779	212	92.3	+	0	0	2I10M3D24MD14MD15MD106MD36M	GU944808	FJ752738
L	1773	207	*	*	*	*	*	GU174551	*
H	1773	196	90.8	+	0	0	56MI23M4I31M6I86M	EU003533	GU174551
N	*	146	*	*	*	*	*	GQ255472	*
N	*	245	*	*	*	*	*	GU258221	*
N	*	237	*	*	*	*	*	GU258223	*
L	1989	232	*	*	*	*	*	GU258225	*
H	1989	233	94.8	+	0	0	61MD25MI48M2I21MD15MD29MD30M	GU258227	GU258225
H	1989	235	94.0	+	0	0	55M6D32MI46M3I37MD58M	GU258252	GU258225
L	2000	226	*	*	*	*	*	GU258298	*
H	2000	242	91.6	+	0	0	81MD23MD32M10D33M2D30M2D27M	GU258299	GU258298
L	4342	223	*	*	*	*	*	AB329685	*
H	4342	223	96.9	+	0	0	223M	AY739108	AB329685
N	*	250	*	*	*	*	*	GU982730	*
L	4664	184	*	*	*	*	*	EU882130	*
H	4664	184	98.4	+	0	0	184M	GU991657	EU882130
H	7037	202	96.3	+	0	0	7D15M3D25MD10MD25MD114M	GU968419	AF229477
N	*	229	*	*	*	*	*	U51947	*
H	1757	228	93.9	+	0	0	24MD51MD25MI53MI73M	U51949	GU171370
N	*	206	*	*	*	*	*	U51973	*
N	*	219	*	*	*	*	*	U51974	*
H	1133	205	99.0	+	0	0	49MI156M	AY154696	FJ266479
L	1404	202	*	*	*	*	*	AF492090	*
H	1404	201	95.0	+	0	0	160MI41M	AB505448	AF492090
H	4767	225	95.1	+	0	0	67MI30MI80MD47M	AY061724	AF418630
L	8471	215	*	*	*	*	*	UDB011124	*
H	8471	219	98.6	+	0	0	2D7M2D208M	FJ845432	UDB011124
N	*	207	*	*	*	*	*	AY862572	*
L	2041	217	*	*	*	*	*	GU324761	*
H	2041	163	91.4	+	0	0	57MD19M55I86M	GU324762	GU324761
N	*	176	*	*	*	*	*	GQ292749	*
L	576	230	*	*	*	*	*	EU365845	*
H	576	230	95.7	+	0	0	230M	GU723410	EU365845
L	5756	186	*	*	*	*	*	DQ530217	*
H	5756	179	92.2	+	0	0	2I17MI10M3I93MI59M	GU168027	DQ530217
H	4664	185	97.8	+	0	0	156MD28M	GQ852768	EU882130
H	8150	212	100.0	+	0	0	7I212M	FJ861396	FJ430782
N	*	231	*	*	*	*	*	AF205649	*
N	*	215	*	*	*	*	*	AF137067	*
L	7366	221	*	*	*	*	*	FJ790843	*
H	7366	226	98.2	+	0	0	24MD7MD16MD9M2D17MD48MI99M	HM104180	FJ790843
N	*	145	*	*	*	*	*	FN428914	*
L	7777	204	*	*	*	*	*	FJ515205	*
H	7777	204	98.0	+	0	0	204M	GQ340430	FJ515205
N	*	185	*	*	*	*	*	FN428893	*
L	2074	151	*	*	*	*	*	FJ386439	*
H	2074	138	92.0	+	0	0	24M11I34MI60MI20M	FM163180	FJ386439
L	4248	250	*	*	*	*	*	AB071793	*
H	4248	250	91.2	+	0	0	148M2D63MI37MI	GQ249279	AB071793
L	7969	201	*	*	*	*	*	JF908565	*
H	7969	200	95.0	+	0	0	12MI188M	AB481265	JF908565
L	3377	236	*	*	*	*	*	FJ442640	*
H	3377	236	98.7	+	0	0	81MD81MI73M	AY154932	FJ442640
N	*	190	*	*	*	*	*	GQ856146	*
N	*	199	*	*	*	*	*	GQ344599	*
L	2099	210	*	*	*	*	*	GQ344614	*
H	2099	210	97.1	+	0	0	210M	GQ344612	GQ344614
L	1960	206	*	*	*	*	*	AB551948	*
H	1960	206	92.2	+	0	0	99MD37MI69M	HM222966	AB551948
L	5475	250	*	*	*	*	*	AY740066	*
H	5475	250	93.2	+	0	0	3D27M5D69MD11M2D63MD68M12I	HM143014	AY740066
N	*	234	*	*	*	*	*	AB509501	*
N	*	145	*	*	*	*	*	AB509927	*
L	2106	227	*	*	*	*	*	AB509535	*
H	2106	233	92.1	+	0	0	52MD30M2D83MD36MD7MD19M	AB509670	AB509535
L	7345	241	*	*	*	*	*	HM037944	*
H	7345	231	91.8	+	0	0	8I51M2I180M	EU295648	HM037944
L	388	229	*	*	*	*	*	GQ376103	*
H	388	201	90.5	+	0	0	48M26I85MI45MI23M	AF392989	GQ376103
L	1388	229	*	*	*	*	*	AF405301	*
H	1388	223	94.2	+	0	0	4I68MD43M4I26MD84M	FN868479	AF405301
H	7779	209	97.1	+	0	0	61MD46MD100M	EF585519	FJ752738
L	2123	203	*	*	*	*	*	GQ927292	*
H	2123	202	94.6	+	0	0	110MI92M	GQ927290	GQ927292
H	8471	236	92.6	+	0	0	7MD45M2D31M3D10M3D30M3D49M9D43M	UDB011165	UDB011124
N	*	250	*	*	*	*	*	GU068592	*
N	*	82	*	*	*	*	*	DQ860780	*
L	2425	214	*	*	*	*	*	HQ589149	*
H	2425	205	92.2	+	0	0	8I63MI142M	FJ160269	HQ589149
L	7575	226	*	*	*	*	*	HQ389194	*
H	7575	211	90.0	+	0	0	39M2I50MI18M3I16M3I39M4I16M2I33M	GU289916	HQ389194
L	3405	246	*	*	*	*	*	JN392247	*
H	3405	98	100.0	+	0	0	148I98M	FM205507	JN392247
L	2889	190	*	*	*	*	*	DQ383645	*
H	2889	189	94.7	+	0	0	104MI85M	FJ871092	DQ383645
N	*	203	*	*	*	*	*	GU827295	*
L	1421	189	*	*	*	*	*	FJ871100	*
H	1421	190	96.3	+	0	0	99MD90M	FJ871097	FJ871100
H	2889	190	97.9	+	0	0	190M	GU827332	DQ383645
H	1415	225	96.4	+	0	0	25MI82MI81MD8MD8MD18M	GU827334	FJ871066
L	7373	183	*	*	*	*	*	GQ169767	*
H	7373	184	96.2	+	0	0	95M2D65MI22M	EU514294	GQ169767
L	2327	243	*	*	*	*	*	AJ272416	*
H	2327	199	91.0	+	0	0	45I21M2I22MD24MD52MD77M	AJ419216	AJ272416
N	*	248	*	*	*	*	*	HM347657	*
N	*	250	*	*	*	*	*	HM347662	*
N	*	230	*	*	*	*	*	GU187527	*
L	2988	210	*	*	*	*	*	HQ918168	*
H	2988	162	98.8	+	0	0	48I162M	DQ139434	HQ918168
L	2180	210	*	*	*	*	*	AB026134	*
H	2180	207	96.6	+	0	0	5I12MD56MD137M	AB525921	AB026134
H	3148	119	100.0	+	0	0	63I49MI70M	U38278	GU327636
H	1162	202	99.0	+	0	0	5I53MI149M	FJ430773	FJ499445
N	*	94	*	*	*	*	*	EU683064	*
N	*	250	*	*	*	*	*	AY263428	*
H	3648	217	94.0	+	0	0	217M	AY256855	AY533697
L	6972	218	*	*	*	*	*	GQ377479	*
H	6972	80	92.5	+	0	0	134I32M4I48M	FN435748	GQ377479
N	*	136	*	*	*	*	*	HM131365	*
L	6182	250	*	*	*	*	*	EU401709	*
H	6182	250	91.2	+	0	0	3I38MD36MD123MD21MI28MD	AF501548	EU401709
N	*	250	*	*	*	*	*	AF505747	*
N	*	250	*	*	*	*	*	AF505754	*
N	*	250	*	*	*	*	*	AF505761	*
N	*	250	*	*	*	*	*	AF505770	*
N	*	250	*	*	*	*	*	AF505772	*
L	6154	228	*	*	*	*	*	AB267394	*
H	6154	238	92.5	+	0	0	8D205M2D23M	U85789	AB267394
N	*	250	*	*	*	*	*	AY265221	*
L	4287	206	*	*	*	*	*	GQ870276	*
H	4287	209	94.7	+	0	0	I22M2I14M3D108M2D23MD36M	HM997126	GQ870276
N	*	209	*	*	*	*	*	HM992808	*
L	5543	231	*	*	*	*	*	GU171385	*
H	5543	220	98.6	+	0	0	10I194MI26M	DQ812937	GU171385
N	*	226	*	*	*	*	*	HM583842	*
N	*	186	*	*	*	*	*	AJ486966	*
N	*	199	*	*	*	*	*	AY195573	*
L	6021	211	*	*	*	*	*	EU035408	*
H	6021	211	96.7	+	0	0	211M	EF016381	EU035408
N	*	250	*	*	*	*	*	GU234022	*
N	*	240	*	*	*	*	*	GU234048	*
L	8405	199	*	*	*	*	*	U56032	*
H	8405	195	96.9	+	0	0	3I123MI72M	AY083189	U56032
L	3051	250	*	*	*	*	*	JF907804	*
H	3051	250	96.0	+	0	0	151MD43M2D30MD22M4I	GU234110	JF907804
L	2279	250	*	*	*	*	*	GU234078	*
H	2279	250	92.8	+	0	0	D158M2D30MI59M2I	GU234067	GU234078
L	3082	250	*	*	*	*	*	FJ168588	*
H	3082	250	96.4	+	0	0	250M	FJ168580	FJ168588
N	*	250	*	*	*	*	*	GU234123	*
L	2322	250	*	*	*	*	*	GU234161	*
H	2322	250	99.2	+	0	0	250M	GU234159	GU234161
N	*	250	*	*	*	*	*	GU234165	*
N	*	151	*	*	*	*	*	HM191746	*
N	*	202	*	*	*	*	*	HM449049	*
N	*	169	*	*	*	*	*	AF444645	*
L	2745	210	*	*	*	*	*	AY854968	*
H	2745	206	96.1	+	0	0	134M4I72M	AY854970	AY854968
N	*	239	*	*	*	*	*	HQ013098	*
N	*	250	*	*	*	*	*	AY740021	*
L	5460	245	*	*	*	*	*	AY740051	*
H	5460	235	94.5	+	0	0	9I22M2I75MD137M	EF185083	AY740051
L	5459	250	*	*	*	*	*	AY740047	*
H	5459	250	92.0	+	0	0	7D17MI43MI183M5I	HQ013114	AY740047
L	5293	248	*	*	*	*	*	AY740020	*
H	5293	250	94.4	+	0	0	2D28MI53M2D47MI118M	HQ013117	AY740020
L	4069	250	*	*	*	*	*	GU234088	*
H	4069	250	99.6	+	0	0	224MD25MI	GU234059	GU234088
L	1219	172	*	*	*	*	*	AF485078	*
H	1219	169	91.7	+	0	0	70MD31M2I35M2I32M	HM853977	AF485078
L	7740	209	*	*	*	*	*	GU212865	*
H	7740	208	98.1	+	0	0	62MI146M	AY213675	GU212865
L	484	247	*	*	*	*	*	EU014059	*
H	484	245	94.3	+	0	0	53MI38MD77MI35MI41M	EU816926	EU014059
L	643	250	*	*	*	*	*	EU526005	*
H	643	250	94.8	+	0	0	35MI8MI205M2D	HM190068	EU526005
L	67	250	*	*	*	*	*	DQ822793	*
H	67	250	90.0	+	0	0	36MD8M2I24M9I64MD107M9D	AJ889931	DQ822793
N	*	250	*	*	*	*	*	HQ185699	*
N	*	213	*	*	*	*	*	HQ225484	*
N	*	250	*	*	*	*	*	HM562057	*
N	*	250	*	*	*	*	*	HM562076	*
L	7462	250	*	*	*	*	*	FJ774081	*
H	7462	250	91.2	+	0	0	8MI86MD53M2I19M2D17M2D54MI8MI	HM562079	FJ774081
L	8485	250	*	*	*	*	*	EU486448	*
H	8485	250	96.0	+	0	0	D72M2I59MD31MI85MD	HM562103	EU486448
L	7461	250	*	*	*	*	*	HM562187	*
H	7461	250	94.8	+	0	0	25MD26M2I78M2D25MD92M2I	HM562139	HM562187
N	*	250	*	*	*	*	*	HM562199	*
L	3872	183	*	*	*	*	*	DQ001290	*
H	3872	181	98.3	+	0	0	39MI62MI80M	GU072737	DQ001290
N	*	250	*	*	*	*	*	HQ270121	*
N	*	213	*	*	*	*	*	AY485751	*
N	*	205	*	*	*	*	*	GU184114	*
N	*	250	*	*	*	*	*	HQ832804	*
L	7386	206	*	*	*	*	*	HM161463	*
H	7386	209	93.7	+	0	0	63MD95MD19MD29M	HM161487	HM161463
L	8104	234	*	*	*	*	*	GQ458041	*
H	8104	228	96.5	+	0	0	3I106MD12MD16M4I14MI78M	AB054020	GQ458041
L	6634	220	*	*	*	*	*	FJ624264	*
H	6634	223	96.4	+	0	0	92M2D23MD105M	GU183170	FJ624264
L	3354	232	*	*	*	*	*	JN813422	*
H	3354	227	90.7	+	0	0	25MI13MI59MI76MI26MI28M	HQ234606	JN813422
L	7660	250	*	*	*	*	*	AF422939	*
H	7660	250	94.0	+	0	0	53MD172MD23M2I	AY139785	AF422939
L	5824	228	*	*	*	*	*	DQ923539	*
H	5824	229	97.8	+	0	0	129MD99M	GU199417	DQ923539
L	3939	190	*	*	*	*	*	AY725521	*
H	3939	198	97.9	+	0	0	8D92MI33MD64M	EU707897	AY725521
L	2283	250	*	*	*	*	*	GU234101	*
H	2283	250	90.8	+	0	0	111MI44MI84MD9MD	EU819413	GU234101
N	*	250	*	*	*	*	*	HQ400701	*
N	*	234	*	*	*	*	*	HQ599588	*
N	*	250	*	*	*	*	*	HQ533010	*
N	*	250	*	*	*	*	*	HQ533014	*
L	7225	221	*	*	*	*	*	GU300778	*
H	7225	221	96.4	+	0	0	221M	GU300792	GU300778
L	7315	221	*	*	*	*	*	GU994582	*
H	7315	221	95.5	+	0	0	221M	GU903336	GU994582
H	7626	250	90.0	+	0	0	51M5I19M2D34M2I8M4I43M9I21M6D25MD9MD20M10D	HQ604080	HQ604084
N	*	250	*	*	*	*	*	EU525945	*
N	*	250	*	*	*	*	*	HQ604178	*
L	2287	250	*	*	*	*	*	GU234121	*
H	2287	250	93.2	+	0	0	12MD108MD9M2I11MD24M5I79M4D	HQ604180	GU234121
N	*	250	*	*	*	*	*	HQ604215	*
N	*	250	*	*	*	*	*	HQ604216	*
L	4019	243	*	*	*	*	*	AB027371	*
H	4019	228	93.4	+	0	0	6I95M3I15MI40M3I8MI15MI55M	HM856642	AB027371
N	*	201	*	*	*	*	*	AF145322	*
N	*	113	*	*	*	*	*	AF042433	*
N	*	250	*	*	*	*	*	AF047872	*
L	5975	250	*	*	*	*	*	EF595852	*
H	5975	250	91.6	+	0	0	10I146MD94M9D	EU191049	EF595852
N	*	223	*	*	*	*	*	GU183864	*
L	7567	232	*	*	*	*	*	HQ328947	*
H	7567	224	94.6	+	0	0	5I107MI12MI11MI94M	AJ537405	HQ328947
N	*	233	*	*	*	*	*	AJ537407	*
L	8433	233	*	*	*	*	*	UDB003335	*
H	8433	234	90.6	+	0	0	156MD77M	AJ537505	UDB003335
L	4795	203	*	*	*	*	*	AF444530	*
H	4795	179	95.5	+	0	0	8I79M4I10M5I11M7I79M	AY212987	AF444530
N	*	194	*	*	*	*	*	AJ302463	*
L	8494	245	*	*	*	*	*	FJ845439	*
H	8494	243	93.0	+	0	0	68MI98MI77M	DQ367917	FJ845439
N	*	238	*	*	*	*	*	HQ605935	*
L	1528	196	*	*	*	*	*	AF429267	*
H	1528	229	90.8	+	0	0	32D93MD103M	HQ605939	AF429267
L	2599	250	*	*	*	*	*	HQ599383	*
H	2599	250	92.8	+	0	0	82MD167MI	HQ599381	HQ599383
N	*	250	*	*	*	*	*	HQ599427	*
H	6772	242	100.0	+	0	0	8I242M	EU303009	HQ604830
L	7714	235	*	*	*	*	*	HQ699656	*
H	7714	231	92.6	+	0	0	2I7M2I224M	JN813394	HQ699656
N	*	211	*	*	*	*	*	HQ888723	*
L	2620	203	*	*	*	*	*	HQ888720	*
H	2620	225	90.6	+	0	0	47M8D12M4D26MD16M6D12MD20M2D70M	HQ888724	HQ888720
L	2629	193	*	*	*	*	*	HM534896	*
H	2629	188	90.4	+	0	0	58M2I81M3I49M	HM534891	HM534896
N	*	125	*	*	*	*	*	HQ179669	*
N	*	155	*	*	*	*	*	HQ179684	*
L	8286	250	*	*	*	*	*	U85311	*
H	8286	250	92.8	+	0	0	77MD95M3D50MD23M5I	AY243589	U85311
L	4829	250	*	*	*	*	*	AY243616	*
H	4829	250	92.8	+	0	0	29MD40MD68MD5MD20M6I48MD20MD14M	AY243618	AY243616
N	*	250	*	*	*	*	*	AY243621	*
L	3535	154	*	*	*	*	*	AJ567741	*
H	3535	151	98.7	+	0	0	88MI26MI13MI24M	AY236323	AJ567741
L	7727	136	*	*	*	*	*	HQ833452	*
H	7727	134	91.0	+	0	0	107M2I27M	HQ833460	HQ833452
N	*	188	*	*	*	*	*	AB546939	*
L	1347	94	*	*	*	*	*	AM981250	*
H	1347	94	97.9	+	0	0	94M	EU153545	AM981250
L	6152	242	*	*	*	*	*	EU285266	*
H	6152	241	97.1	+	0	0	34MI207M	HM748581	EU285266
N	*	105	*	*	*	*	*	AY313962	*
N	*	199	*	*	*	*	*	GU979031	*
H	2675	228	96.4	+	0	0	8D21MI29MD94M3I42MD32M	HQ698149	AF276677
L	3364	178	*	*	*	*	*	FJ884136	*
H	3364	178	100.0	+	0	0	178M	EU030345	FJ884136
L	7255	250	*	*	*	*	*	GU479277	*
H	7255	250	95.2	+	0	0	43MD17M2I21MI18MI39MI53MI53M5D	GU479274	GU479277
N	*	250	*	*	*	*	*	GU479307	*
H	7255	250	94.8	+	0	0	2I6MI13MD38M2I21MI18MI39MI53MI53M8D	EU784362	GU479277
L	854	149	*	*	*	*	*	FN561807	*
H	854	147	93.9	+	0	0	85MI36MI26M	AM262325	FN561807
L	6343	109	*	*	*	*	*	JQ711792	*
H	6343	108	93.5	+	0	0	33MI75M	HQ714701	JQ711792
N	*	250	*	*	*	*	*	HQ714767	*
L	5835	121	*	*	*	*	*	DQ989497	*
H	5835	121	100.0	+	0	0	121M	HQ714768	DQ989497
N	*	226	*	*	*	*	*	GU994546	*
L	6184	218	*	*	*	*	*	EU401769	*
H	6184	222	90.8	+	0	0	D65M2I92M2D37M3D22M	GU994555	EU401769
L	2717	218	*	*	*	*	*	GU994571	*
H	2717	215	90.2	+	0	0	D107M3I77MI30M	GU994573	GU994571
N	*	217	*	*	*	*	*	GU994575	*
N	*	250	*	*	*	*	*	GU461941	*
N	*	250	*	*	*	*	*	GU461951	*
L	3667	250	*	*	*	*	*	AY340028	*
H	3667	250	93.2	+	0	0	43M7D58MI63MI49M2I19MD10M4I	AY340004	AY340028
H	2417	198	92.9	+	0	0	55MD35MD49MI57M	JF340250	FJ411410
L	372	206	*	*	*	*	*	AF297673	*
H	372	205	97.6	+	0	0	136MI69M	AF096214	AF297673
H	5022	166	99.4	+	0	0	3I136MD29M	FJ412084	AJ849887
N	*	244	*	*	*	*	*	JF415140	*
N	*	234	*	*	*	*	*	HM577230	*
N	*	234	*	*	*	*	*	EU819436	*
N	*	220	*	*	*	*	*	AF072237	*
L	417	250	*	*	*	*	*	AB080533	*
H	417	250	98.4	+	0	0	250M	AB080531	AB080533
L	997	208	*	*	*	*	*	AJ608946	*
H	997	208	90.4	+	0	0	208M	FJ791141	AJ608946
L	1557	200	*	*	*	*	*	FJ157122	*
H	1557	200	95.5	+	0	0	143MD21MI35M	U56030	FJ157122
L	3865	199	*	*	*	*	*	DQ114744	*
H	3865	250	92.0	+	0	0	58D22MD104MD64M9I	HQ845161	DQ114744
L	3813	203	*	*	*	*	*	FJ039676	*
H	3813	201	95.5	+	0	0	35MI76MD24MD38M3I26M	HQ845172	FJ039676
L	1008	250	*	*	*	*	*	FJ039604	*
H	1008	250	96.4	+	0	0	24MD57M2D166M3I	HQ845174	FJ039604
N	*	247	*	*	*	*	*	JF313715	*
L	4816	215	*	*	*	*	*	FJ627575	*
H	4816	213	97.2	+	0	0	112M2I101M	FJ627596	FJ627575
L	6878	211	*	*	*	*	*	FN859417	*
H	6878	206	90.8	+	0	0	4I20MI56MI58MD17MI16MD37M	JF505112	FN859417
L	7399	126	*	*	*	*	*	HM484539	*
H	7399	132	91.3	+	0	0	22MD8MD25MD20M3D51M	HM484551	HM484539
H	7714	234	91.9	+	0	0	42MI192M	HQ699640	HQ699656
L	7713	235	*	*	*	*	*	HQ699657	*
H	7713	234	92.7	+	0	0	I25MI108MD32MD33MI34M	HQ699644	HQ699657
L	5012	204	*	*	*	*	*	AJ608967	*
H	5012	176	100.0	+	0	0	28I176M	AY177309	AJ608967
H	8008	186	93.0	+	0	0	4I7M17I20M7D152M	JF710504	FJ827038
N	*	118	*	*	*	*	*	AF442095	*
N	*	188	*	*	*	*	*	AF442097	*
N	*	238	*	*	*	*	*	AF516567	*
L	2449	242	*	*	*	*	*	EU486443	*
H	2449	247	90.1	+	0	0	52M3D67M3D32MD16MI11MI62M	AF516568	EU486443
N	*	211	*	*	*	*	*	AF516570	*
N	*	242	*	*	*	*	*	AF516571	*
N	*	231	*	*	*	*	*	AF516581	*
N	*	229	*	*	*	*	*	AF516583	*
N	*	250	*	*	*	*	*	AF518760	*
L	3866	250	*	*	*	*	*	U56046	*
H	3866	250	97.2	+	0	0	7I234MD9M6D	AY669582	U56046
N	*	188	*	*	*	*	*	AF540505	*
N	*	245	*	*	*	*	*	JF739382	*
L	2121	236	*	*	*	*	*	GQ500107	*
H	2121	241	98.7	+	0	0	6D88MI147M	FJ903373	GQ500107
L	749	230	*	*	*	*	*	AY061702	*
H	749	227	100.0	+	0	0	2I6MI221M	UDB011202	AY061702
N	*	250	*	*	*	*	*	DQ389722	*
N	*	92	*	*	*	*	*	HQ644197	*
N	*	116	*	*	*	*	*	HQ259265	*
N	*	133	*	*	*	*	*	HQ259268	*
N	*	250	*	*	*	*	*	AY281003	*
H	2889	190	99.5	+	0	0	190M	JF923608	DQ383645
H	1421	220	93.7	+	0	0	104M32D50MI34M	DQ383646	FJ871100
H	7978	190	95.3	+	0	0	190M	JF923612	JF937046
N	*	240	*	*	*	*	*	HQ650596	*
N	*	221	*	*	*	*	*	HQ650619	*
H	1415	222	94.1	+	0	0	25MI88M2I36MD72M	HQ650621	FJ871066
L	2998	202	*	*	*	*	*	HQ693875	*
H	2998	195	95.4	+	0	0	81M6I49MD12MI21MI31M	GU222301	HQ693875
N	*	250	*	*	*	*	*	HQ667592	*
N	*	234	*	*	*	*	*	JF499841	*
N	*	183	*	*	*	*	*	JF499842	*
L	5451	171	*	*	*	*	*	AY725553	*
H	5451	180	90.1	+	0	0	6D23M2D29MD74MD11MD10M2I22M	JF951143	AY725553
L	4602	184	*	*	*	*	*	AF222836	*
H	4602	184	100.0	+	0	0	184M	AF309617	AF222836
L	2374	210	*	*	*	*	*	EF585533	*
H	2374	216	98.1	+	0	0	6D210M	FJ441621	EF585533
L	6208	182	*	*	*	*	*	FJ515894	*
H	6208	182	97.8	+	0	0	182M	FJ169667	FJ515894
N	*	250	*	*	*	*	*	AB054038	*
L	6877	216	*	*	*	*	*	AY599566	*
H	6877	215	91.6	+	0	0	8I42M6D37MD129M	JF950566	AY599566
H	6877	207	95.7	+	0	0	8I44M2I35MD127M	JF950573	AY599566
N	*	250	*	*	*	*	*	HQ586861	*
N	*	250	*	*	*	*	*	HQ728526	*
H	3746	81	96.3	+	0	0	150I81M	AB462323	AF079584
L	7994	223	*	*	*	*	*	AY681189	*
H	7994	219	100.0	+	0	0	4I219M	GQ922543	AY681189
N	*	187	*	*	*	*	*	L36657	*
N	*	206	*	*	*	*	*	HQ897817	*
L	1790	190	*	*	*	*	*	EU860060	*
H	1790	189	95.8	+	0	0	91MI98M	EF121863	EU860060
N	*	228	*	*	*	*	*	JN194172	*
N	*	250	*	*	*	*	*	JN194176	*
L	7786	250	*	*	*	*	*	JF300139	*
H	7786	250	92.0	+	0	0	21MD15MD43MI72MD96M2I	JF300135	JF300139
L	6577	179	*	*	*	*	*	AF449102	*
H	6577	180	91.6	+	0	0	56MD42MI21MD59M	JF770458	AF449102
L	2473	222	*	*	*	*	*	HQ680610	*
H	2473	221	91.4	+	0	0	110MI52MI30MD28M	HQ725079	HQ680610
N	*	250	*	*	*	*	*	AY194540	*
L	4496	215	*	*	*	*	*	AF081448	*
H	4496	155	91.6	+	0	0	57I78M3I77M	JN192386	AF081448
N	*	86	*	*	*	*	*	JF744967	*
N	*	250	*	*	*	*	*	HM635711	*
N	*	199	*	*	*	*	*	JN053509	*
N	*	250	*	*	*	*	*	FN430693	*
L	8053	194	*	*	*	*	*	JN225946	*
H	8053	194	97.9	+	0	0	194M	JN225947	JN225946
N	*	144	*	*	*	*	*	JN182865	*
N	*	127	*	*	*	*	*	JF311952	*
N	*	234	*	*	*	*	*	GU258235	*
N	*	209	*	*	*	*	*	AY144566	*
L	1951	145	*	*	*	*	*	AB085803	*
H	1951	146	95.2	+	0	0	68MD77M	EF569591	AB085803
N	*	250	*	*	*	*	*	JF907771	*
N	*	250	*	*	*	*	*	AF357027	*
N	*	250	*	*	*	*	*	JF907812	*
L	2980	250	*	*	*	*	*	AY194548	*
H	2980	250	90.0	+	0	0	122M4I33M2D40MI30MD20M2D	JF907824	AY194548
N	*	250	*	*	*	*	*	JF907826	*
L	6905	213	*	*	*	*	*	AY669662	*
H	6905	215	97.7	+	0	0	87M2I34M4D90M	AF389154	AY669662
L	6464	250	*	*	*	*	*	FJ039703	*
H	6464	250	95.2	+	0	0	I128M3D119M2I	JF907876	FJ039703
N	*	218	*	*	*	*	*	JF907988	*
L	3075	250	*	*	*	*	*	EU784199	*
H	3075	250	92.0	+	0	0	74MD158MI17M	AF335449	EU784199
N	*	250	*	*	*	*	*	JF907995	*
N	*	250	*	*	*	*	*	JF908002	*
N	*	250	*	*	*	*	*	JF908004	*
N	*	246	*	*	*	*	*	JF908008	*
L	6859	168	*	*	*	*	*	AM882723	*
H	6859	169	99.4	+	0	0	75MD93M	JF908096	AM882723
L	292	250	*	*	*	*	*	HQ604224	*
H	292	250	90.0	+	0	0	45MD8M6I20MD50MD26M4I39MD13MI38M7D	JF908106	HQ604224
N	*	250	*	*	*	*	*	JF908110	*
N	*	250	*	*	*	*	*	JF908126	*
L	7934	250	*	*	*	*	*	JF908156	*
H	7934	250	93.6	+	0	0	52M3D195M3I	JF908165	JF908156
N	*	250	*	*	*	*	*	JF908240	*
L	4167	242	*	*	*	*	*	EF493297	*
H	4167	250	100.0	+	0	0	8D242M	AF140254	EF493297
N	*	192	*	*	*	*	*	AF454590	*
N	*	250	*	*	*	*	*	JF908362	*
N	*	250	*	*	*	*	*	GU062319	*
H	3103	91	92.3	+	0	0	135I38M5I53M19I	JF908432	JF908435
N	*	250	*	*	*	*	*	JF908443	*
N	*	250	*	*	*	*	*	JF908456	*
N	*	250	*	*	*	*	*	JF908485	*
L	3109	227	*	*	*	*	*	JF908544	*
H	3109	226	92.0	+	0	0	35M3I71MD81MD37M	JF908541	JF908544
L	8488	250	*	*	*	*	*	UDB011431	*
H	8488	250	97.2	+	0	0	2D6MD14M2D225M5I	JF908576	UDB011431
H	8485	250	97.2	+	0	0	2I131MD117MD	HM562135	EU486448
L	2527	225	*	*	*	*	*	EF530935	*
H	2527	225	95.6	+	0	0	8MD20MD105MI47MI43M	AY061716	EF530935
N	*	245	*	*	*	*	*	JF908698	*
L	3125	235	*	*	*	*	*	JF908719	*
H	3125	232	93.5	+	0	0	129M2I49MI54M	JF908721	JF908719
N	*	250	*	*	*	*	*	JF908738	*
N	*	250	*	*	*	*	*	GQ140236	*
N	*	250	*	*	*	*	*	HQ384310	*
H	7740	210	97.6	+	0	0	90MD119M	EF488446	GU212865
N	*	250	*	*	*	*	*	JN035634	*
L	6280	235	*	*	*	*	*	EU819523	*
H	6280	242	93.2	+	0	0	47MD8M4D48MD58MD74M	JF520431	EU819523
L	7980	212	*	*	*	*	*	GU062205	*
H	7980	212	99.1	+	0	0	212M	GQ139521	GU062205
L	3010	178	*	*	*	*	*	EU551208	*
H	3010	179	96.1	+	0	0	72MD37MD23MD16M2I28M	EU551184	EU551208
H	7145	236	90.6	+	0	0	I56MI69M4D32MI75M	JN596330	GU213482
N	*	250	*	*	*	*	*	JF974143	*
L	3585	215	*	*	*	*	*	AY498663	*
H	3585	217	91.2	+	0	0	54MD28M2D46M4I7M2D19MD57M	AY303138	AY498663
N	*	250	*	*	*	*	*	DQ974704	*
L	3202	187	*	*	*	*	*	GU947792	*
H	3202	187	100.0	+	0	0	187M	AF414314	GU947792
L	445	191	*	*	*	*	*	EU035438	*
H	445	116	90.5	+	0	0	75I116M	AF333445	EU035438
H	3219	130	96.1	+	0	0	12MD117M	U68330	U68332
L	4321	199	*	*	*	*	*	AB245064	*
H	4321	211	93.0	+	0	0	10D59MD43MD97M	JN638437	AB245064
L	5341	250	*	*	*	*	*	AY484674	*
H	5341	250	94.4	+	0	0	D12MD236M2I	AY484682	AY484674
N	*	174	*	*	*	*	*	JN547260	*
L	3237	208	*	*	*	*	*	EU856765	*
H	3237	202	100.0	+	0	0	6I202M	EU919693	EU856765
N	*	100	*	*	*	*	*	JN641762	*
L	7209	166	*	*	*	*	*	GU300072	*
H	7209	171	93.4	+	0	0	I78M6D87M	FJ172294	GU300072
L	3252	189	*	*	*	*	*	JN819280	*
H	3252	189	90.5	+	0	0	154MI14MD20M	JN819281	JN819280
L	6636	212	*	*	*	*	*	FJ624271	*
H	6636	212	92.9	+	0	0	I29MD182M	FJ537107	FJ624271
L	7898	141	*	*	*	*	*	FJ009609	*
H	7898	146	98.6	+	0	0	23MD83M3D13MD22M	FR750193	FJ009609
L	6499	225	*	*	*	*	*	FJ235147	*
H	6499	224	92.0	+	0	0	36MI55MD41MI91M	GQ337914	FJ235147
L	689	205	*	*	*	*	*	AJ309335	*
H	689	208	90.2	+	0	0	86MD52MI28M3D38M	JN049828	AJ309335
L	1150	215	*	*	*	*	*	FJ441016	*
H	1150	129	91.5	+	0	0	86I51MI18MD59M	JN049843	FJ441016
N	*	129	*	*	*	*	*	JN049851	*
N	*	93	*	*	*	*	*	JN049853	*
N	*	177	*	*	*	*	*	JN049868	*
N	*	103	*	*	*	*	*	JN049873	*
N	*	188	*	*	*	*	*	JN049882	*
N	*	116	*	*	*	*	*	JN022507	*
N	*	250	*	*	*	*	*	AY918957	*
L	2553	178	*	*	*	*	*	AY259137	*
H	2553	190	91.0	+	0	0	10D25MI66M2D37MD49M	U51958	AY259137
H	8104	227	94.7	+	0	0	8I58M2D68MI99M	AJ586522	GQ458041
N	*	250	*	*	*	*	*	AY641557	*
N	*	107	*	*	*	*	*	JN943717	*
N	*	241	*	*	*	*	*	JN943727	*
L	1159	141	*	*	*	*	*	FM163218	*
H	1159	145	90.8	+	0	0	74M3D47MD20M	FM163186	FM163218
N	*	146	*	*	*	*	*	EU177576	*
L	6782	186	*	*	*	*	*	FJ228162	*
H	6782	186	100.0	+	0	0	186M	EU255794	FJ228162
N	*	216	*	*	*	*	*	JN214483	*
H	3082	250	92.8	+	0	0	115MD134MI	FJ872063	FJ168588
L	5027	113	*	*	*	*	*	AJ871272	*
H	5027	108	93.5	+	0	0	23MI52M4I33M	FM876839	AJ871272
N	*	134	*	*	*	*	*	FR750036	*
L	8111	174	*	*	*	*	*	GQ280551	*
H	8111	174	100.0	+	0	0	174M	GQ280665	GQ280551
L	7974	250	*	*	*	*	*	AY540325	*
H	7974	250	98.4	+	0	0	2I248M2D	U04087	AY540325
L	4308	234	*	*	*	*	*	FJ441019	*
H	4308	233	97.9	+	0	0	52MI181M	JF440575	FJ441019
L	3346	232	*	*	*	*	*	JN813385	*
H	3346	229	95.6	+	0	0	2I6MI16MI93MD113M	JN813398	JN813385
H	3346	230	97.0	+	0	0	25MI146MI59M	JN813417	JN813385
N	*	216	*	*	*	*	*	JN813419	*
N	*	210	*	*	*	*	*	JN638261	*
L	6791	211	*	*	*	*	*	DQ888729	*
H	6791	221	90.0	+	0	0	4D25MD31MD31MD53M2D10MD61M	JN943307	DQ888729
L	4270	198	*	*	*	*	*	EU586043	*
H	4270	197	92.4	+	0	0	135M4I24M3D35M	JN943323	EU586043
N	*	248	*	*	*	*	*	JN943381	*
L	4347	216	*	*	*	*	*	AB361031	*
H	4347	217	94.4	+	0	0	70MI19M2D74MI31MD20M	JN943387	AB361031
N	*	218	*	*	*	*	*	JN943446	*
L	3158	250	*	*	*	*	*	EU826971	*
H	3158	250	91.6	+	0	0	8I107MD66MD18M2D16M6I29M10D	EF185858	EU826971
L	1599	113	*	*	*	*	*	FN423707	*
H	1599	110	94.5	+	0	0	91M3I19M	FR750143	FN423707
L	3141	115	*	*	*	*	*	FR692354	*
H	3141	113	95.6	+	0	0	29MD29MI8M2I46M	FR750154	FR692354
L	1274	250	*	*	*	*	*	FJ538318	*
H	1274	250	95.6	+	0	0	50MD199MI	FJ538364	FJ538318
L	4537	233	*	*	*	*	*	AF126891	*
H	4537	237	97.4	+	0	0	116MD14MD14MD65MD24M	AJ006674	AF126891
N	*	243	*	*	*	*	*	AJ006678	*
L	3145	210	*	*	*	*	*	EF488427	*
H	3145	207	91.3	+	0	0	69MI36M2I102M	FJ441632	EF488427
N	*	161	*	*	*	*	*	AF132505	*
L	5679	250	*	*	*	*	*	EU266094	*
H	5679	250	97.6	+	0	0	232M2D16M2I	DQ394378	EU266094
L	3410	179	*	*	*	*	*	AY307935	*
H	3410	184	92.2	+	0	0	28M5D53MI38MD59M	AY307939	AY307935
L	5956	202	*	*	*	*	*	AF033425	*
H	5956	208	96.5	+	0	0	8D22MI145MI33M	JN617690	AF033425
N	*	167	*	*	*	*	*	AY345012	*
N	*	145	*	*	*	*	*	AM882862	*
N	*	139	*	*	*	*	*	JN943143	*
L	8097	250	*	*	*	*	*	FJ746640	*
H	8097	250	94.0	+	0	0	10I240M10D	JN661717	FJ746640
N	*	214	*	*	*	*	*	JN710507	*
N	*	250	*	*	*	*	*	JN710512	*
L	7090	228	*	*	*	*	*	GU062227	*
H	7090	229	91.2	+	0	0	197MD31M	JN710549	GU062227
N	*	243	*	*	*	*	*	JN710605	*
N	*	250	*	*	*	*	*	AY487968	*
L	1168	180	*	*	*	*	*	FJ999711	*
H	1168	184	100.0	+	0	0	4D180M	EF679398	FJ999711
L	441	227	*	*	*	*	*	EU035404	*
H	441	230	92.5	+	0	0	18MD160MD26MD23M	JN675345	EU035404
N	*	192	*	*	*	*	*	JF440977	*
L	3470	250	*	*	*	*	*	HM622269	*
H	3470	250	92.4	+	0	0	131M6D31MD30M2I51M5I	JF908346	HM622269
L	3469	250	*	*	*	*	*	UDB011673	*
H	3469	250	90.8	+	0	0	2D16M2D137MI93M3I	HM622268	UDB011673
H	3469	250	93.2	+	0	0	2D6MD10M2D108M2D119M7I	JN392453	UDB011673
N	*	207	*	*	*	*	*	AJ889955	*
N	*	250	*	*	*	*	*	AY194536	*
N	*	207	*	*	*	*	*	JN021070	*
N	*	219	*	*	*	*	*	EU819451	*
N	*	131	*	*	*	*	*	EF025415	*
L	2529	240	*	*	*	*	*	HQ589222	*
H	2529	227	90.7	+	0	0	10I48MD65M3I22MI91M	AY219348	HQ589222
L	8367	250	*	*	*	*	*	DQ117928	*
H	8367	250	92.4	+	0	0	6D153MI91M5I	FJ039702	DQ117928
L	3800	250	*	*	*	*	*	AY669516	*
H	3800	250	92.4	+	0	0	53M3D102MD7MD26MD14M2I21MI21M3I	AY174802	AY669516
N	*	249	*	*	*	*	*	AY176459	*
L	4738	237	*	*	*	*	*	AY176361	*
H	4738	250	90.7	+	0	0	113MD21M21D94M9I	AY176470	AY176361
N	*	248	*	*	*	*	*	AY194972	*
N	*	250	*	*	*	*	*	AY194974	*
N	*	212	*	*	*	*	*	AY194980	*
L	3509	226	*	*	*	*	*	AY220807	*
H	3509	226	97.3	+	0	0	91MI39MD95M	AY220810	AY220807
L	6613	250	*	*	*	*	*	FJ596853	*
H	6613	250	92.0	+	0	0	4D246M4I	AY176354	FJ596853
N	*	250	*	*	*	*	*	AY176359	*
N	*	250	*	*	*	*	*	AY176363	*
N	*	250	*	*	*	*	*	AY176420	*
L	4596	132	*	*	*	*	*	AF210678	*
H	4596	128	91.4	+	0	0	76M3I18MI34M	EF612466	AF210678
L	6228	217	*	*	*	*	*	JN693509	*
H	6228	103	98.1	+	0	0	113I71MI32M	AY347340	JN693509
L	678	250	*	*	*	*	*	AM882885	*
H	678	250	93.2	+	0	0	8I8MD14MD37MI182M7D	AY351621	AM882885
L	3688	180	*	*	*	*	*	AY646383	*
H	3688	95	95.8	+	0	0	85I95M	AY375447	AY646383
N	*	250	*	*	*	*	*	AY373294	*
N	*	250	*	*	*	*	*	AY373296	*
N	*	136	*	*	*	*	*	AY395800	*
N	*	129	*	*	*	*	*	AY386832	*
N	*	207	*	*	*	*	*	AY425627	*
N	*	223	*	*	*	*	*	AY425629	*
N	*	222	*	*	*	*	*	AY425630	*
N	*	222	*	*	*	*	*	AY425635	*
N	*	234	*	*	*	*	*	AY425637	*
N	*	219	*	*	*	*	*	AY425668	*
N	*	138	*	*	*	*	*	AF042421	*
N	*	200	*	*	*	*	*	AY515360	*
L	8586	178	*	*	*	*	*	FJ746660	*
H	8586	111	97.3	+	0	0	64I23M2I20MI68M	DQ297556	FJ746660
L	6362	122	*	*	*	*	*	GQ922916	*
H	6362	122	99.2	+	0	0	122M	AF111064	GQ922916
N	*	216	*	*	*	*	*	AF097903	*
N	*	210	*	*	*	*	*	AF444362	*
L	4447	250	*	*	*	*	*	FJ378879	*
H	4447	250	96.4	+	0	0	250M	FJ378883	FJ378879
N	*	250	*	*	*	*	*	AF059588	*
N	*	250	*	*	*	*	*	AF059597	*
L	5347	212	*	*	*	*	*	AY498659	*
H	5347	211	99.5	+	0	0	101MI110M	AY498662	AY498659
L	6307	190	*	*	*	*	*	EU670234	*
H	6307	191	95.3	+	0	0	159MD31M	AY498665	EU670234
H	5347	212	96.7	+	0	0	71MD30MI110M	AY498676	AY498659
L	369	206	*	*	*	*	*	AF297669	*
H	369	205	97.1	+	0	0	185MI20M	AF096211	AF297669
H	369	200	92.5	+	0	0	26MI66MI53M3I35MI20M	AF096219	AF297669
L	1092	206	*	*	*	*	*	U66016	*
H	1092	213	90.8	+	0	0	2D16MD35M2D49MD73MD33M	AF117353	U66016
L	5960	250	*	*	*	*	*	EF409762	*
H	5960	250	95.2	+	0	0	31MI91MD38M2D87M2I	EF409756	EF409762
L	2156	250	*	*	*	*	*	GU980122	*
H	2156	250	90.8	+	0	0	4I144M15D91M11I	AY534119	GU980122
L	3080	250	*	*	*	*	*	FJ168584	*
H	3080	250	96.4	+	0	0	8I242M8D	AY312987	FJ168584
N	*	250	*	*	*	*	*	AF046226	*
H	6577	176	90.3	+	0	0	2I100MI76M	GQ411058	AF449102
N	*	250	*	*	*	*	*	AY513197	*
N	*	250	*	*	*	*	*	AB015685	*
L	3766	250	*	*	*	*	*	AY818352	*
H	3766	250	93.2	+	0	0	87M3D64M6D56MI34M8I	AY575919	AY818352
L	3632	227	*	*	*	*	*	L43377	*
H	3632	230	95.6	+	0	0	158M3D69M	L43378	L43377
N	*	231	*	*	*	*	*	DQ320135	*
L	3639	250	*	*	*	*	*	AY340062	*
H	3639	208	90.4	+	0	0	51I72M2I58M2D67M9D	AY558631	AY340062
N	*	250	*	*	*	*	*	AY641432	*
N	*	197	*	*	*	*	*	AY544779	*
N	*	238	*	*	*	*	*	AB125954	*
N	*	112	*	*	*	*	*	AY541248	*
L	3164	236	*	*	*	*	*	JN009710	*
H	3164	112	95.5	+	0	0	124I112M	AY541278	JN009710
L	2390	206	*	*	*	*	*	HM161482	*
H	2390	207	97.1	+	0	0	24MD124MD43MI14M	FN185932	HM161482
H	372	206	96.1	+	0	0	136MI19MD50M	AY603134	AF297673
L	3665	220	*	*	*	*	*	AF058038	*
H	3665	220	96.8	+	0	0	220M	AF058039	AF058038
N	*	187	*	*	*	*	*	AJ237631	*
L	8575	250	*	*	*	*	*	UDB011854	*
H	8575	250	92.4	+	0	0	7I115MD86M2I13MD27M7D	AJ237622	UDB011854
N	*	250	*	*	*	*	*	AJ237626	*
N	*	225	*	*	*	*	*	AY571061	*
L	5075	250	*	*	*	*	*	AM269782	*
H	5075	250	93.2	+	0	0	5D9MI26M2I86M4D24MI96M5I	GQ253454	AM269782
H	5075	250	94.0	+	0	0	7D36M2I81M2D29MI44MI51M5I	AY640936	AM269782
L	4942	213	*	*	*	*	*	AJ302464	*
H	4942	216	98.1	+	0	0	2D63MD150M	DQ006922	AJ302464
L	3862	212	*	*	*	*	*	AY877419	*
H	3862	213	95.8	+	0	0	59M2D116MI36M	AY588109	AY877419
N	*	193	*	*	*	*	*	AY587932	*
N	*	216	*	*	*	*	*	AF106531	*
L	3190	222	*	*	*	*	*	HQ650610	*
H	3190	134	91.8	+	0	0	78I134M10I	AY558744	HQ650610
N	*	96	*	*	*	*	*	AY558777	*
H	6314	157	94.1	+	0	0	31MD8MD40M3D73M	AB164370	EU675994
N	*	250	*	*	*	*	*	AY606942	*
L	3722	237	*	*	*	*	*	AY606981	*
H	3722	234	91.9	+	0	0	45MI16M2D94M5D17M6I11M3I44M	AY606978	AY606981
L	3727	236	*	*	*	*	*	AY737766	*
H	3727	248	91.1	+	0	0	2D40MD35MI38MD16M4D42MD21MD15M3D28M	AY737753	AY737766
L	3726	234	*	*	*	*	*	AY737768	*
H	3726	244	92.7	+	0	0	2D128M6D10MI27M2D10MD58M	AY737754	AY737768
H	3726	247	91.9	+	0	0	107MD17M4D16M4D23M4D71M	AY737757	AY737768
H	3727	234	95.7	+	0	0	140M3I25MD68M	AY737759	AY737766
L	1739	176	*	*	*	*	*	FJ860804	*
H	1739	176	96.6	+	0	0	176M	FJ860752	FJ860804
N	*	87	*	*	*	*	*	AY755347	*
L	5051	250	*	*	*	*	*	EU590654	*
H	5051	174	96.6	+	0	0	46I88M15I86M15I	FJ897709	EU590654
N	*	250	*	*	*	*	*	AF079577	*
L	7981	187	*	*	*	*	*	FJ896132	*
H	7981	175	92.6	+	0	0	10I17MI49MI60MI19MD29M	AB180350	FJ896132
N	*	172	*	*	*	*	*	AB180678	*
L	1827	188	*	*	*	*	*	FJ896135	*
H	1827	173	91.9	+	0	0	10I17M2I48MI56M2I52M	AB180352	FJ896135
L	6330	182	*	*	*	*	*	EU692771	*
H	6330	187	98.4	+	0	0	127M4D17MD38M	EU692776	EU692771
N	*	250	*	*	*	*	*	AY818348	*
L	6367	185	*	*	*	*	*	EU784219	*
H	6367	174	96.6	+	0	0	10I143MI31M	AB180682	EU784219
L	8593	210	*	*	*	*	*	Z37063	*
H	8593	210	93.3	+	0	0	8I43MD159M7D	AY672926	Z37063
N	*	140	*	*	*	*	*	AY830857	*
L	8331	161	*	*	*	*	*	UDB000662	*
H	8331	193	93.8	+	0	0	28M31D75MD26MD18MI13M	AY854068	UDB000662
L	2884	247	*	*	*	*	*	FM208880	*
H	2884	249	94.3	+	0	0	10D40M7I124MI75M	AY854074	FM208880
N	*	250	*	*	*	*	*	AY854075	*
N	*	250	*	*	*	*	*	AY740164	*
N	*	250	*	*	*	*	*	AY669521	*
L	8340	250	*	*	*	*	*	UDB000669	*
H	8340	250	92.8	+	0	0	131MI25M2D50MD41M2I	AY669541	UDB000669
L	7594	250	*	*	*	*	*	GU222267	*
H	7594	250	97.6	+	0	0	113MI17MD78MD40MI	AY669544	GU222267
L	8357	250	*	*	*	*	*	UDB001133	*
H	8357	250	94.0	+	0	0	6D23MD138MI33MI29MD19M6I	DQ083817	UDB001133
N	*	250	*	*	*	*	*	AY669578	*
H	1218	250	94.0	+	0	0	158MD5MD36M2D47M4I	AY669603	AY033116
H	7172	250	92.0	+	0	0	128MI33MD31MD38M2D16M3I	AY669605	GU233343
N	*	237	*	*	*	*	*	AY669610	*
N	*	250	*	*	*	*	*	AY669637	*
L	2842	250	*	*	*	*	*	EU660948	*
H	2842	250	93.2	+	0	0	29MD69MI15MD40MD43MI29MI22M	AY669641	EU660948
L	3776	250	*	*	*	*	*	AB295458	*
H	3776	250	93.2	+	0	0	3D43MD144MI59M3I	FJ436989	AB295458
N	*	83	*	*	*	*	*	AY745736	*
N	*	250	*	*	*	*	*	AF085489	*
L	3034	219	*	*	*	*	*	DQ322217	*
H	3034	216	94.4	+	0	0	6I20M2D111MD82M	AY753341	DQ322217
L	5370	232	*	*	*	*	*	AY533557	*
H	5370	242	94.8	+	0	0	40M2D7M4D36MD48M2D33MD68M	U18364	AY533557
N	*	250	*	*	*	*	*	AY789363	*
L	3638	250	*	*	*	*	*	EF527210	*
H	3638	250	90.4	+	0	0	8D32MD97M13D52MI47M21I	AY829342	EF527210
N	*	117	*	*	*	*	*	AY795869	*
L	8398	202	*	*	*	*	*	AF389158	*
H	8398	203	91.1	+	0	0	62MD56M2I45MD13MD24M	AJ889942	AF389158
N	*	212	*	*	*	*	*	AY862570	*
H	4313	250	96.4	+	0	0	20MI205MD24M	AB211271	AB211270
L	3340	233	*	*	*	*	*	AY129365	*
H	3340	230	90.0	+	0	0	61MD9MI42M2I90MI27M	DQ001401	AY129365
N	*	225	*	*	*	*	*	DQ001296	*
N	*	201	*	*	*	*	*	AY965753	*
L	1412	205	*	*	*	*	*	FJ380944	*
H	1412	218	90.2	+	0	0	100M11D50MD13MD42M	AY965755	FJ380944
L	3699	220	*	*	*	*	*	AY695067	*
H	3699	215	93.0	+	0	0	2I7M2I45M2D17M2I89MI55M	AY965758	AY695067
H	1272	250	90.4	+	0	0	2I35MI27MI184M4D	DQ005440	AB378736
N	*	250	*	*	*	*	*	AF193379	*
L	3892	204	*	*	*	*	*	AF141157	*
H	3892	204	93.6	+	0	0	59MD66MI78M	AF141162	AF141157
L	3893	201	*	*	*	*	*	AF141160	*
H	3893	203	91.5	+	0	0	68M2D133M	AF141163	AF141160
H	3892	202	92.1	+	0	0	125MI28MI49M	AF141164	AF141157
L	7884	202	*	*	*	*	*	JF714251	*
H	7884	202	95.5	+	0	0	202M	AF141177	JF714251
N	*	250	*	*	*	*	*	AJ007843	*
N	*	250	*	*	*	*	*	GQ355329	*
N	*	232	*	*	*	*	*	AY998100	*
N	*	250	*	*	*	*	*	AY882979	*
L	3912	250	*	*	*	*	*	AH008980	*
H	3912	250	99.6	+	0	0	116MI133MD	AH008981	AH008980
N	*	192	*	*	*	*	*	AF169198	*
N	*	182	*	*	*	*	*	AB182265	*
N	*	195	*	*	*	*	*	GU130298	*
L	4918	218	*	*	*	*	*	AJ247555	*
H	4918	216	93.5	+	0	0	10MI14MI103MI20MD68M	AJ247516	AJ247555
N	*	81	*	*	*	*	*	AF218399	*
L	5413	243	*	*	*	*	*	AY618666	*
H	5413	127	96.1	+	0	0	114I8M2I13MI4MI72MD7MD21M	AF218400	AY618666
L	4601	175	*	*	*	*	*	DQ289816	*
H	4601	177	90.9	+	0	0	90MD53MD32M	EU514274	DQ289816
H	4065	217	94.0	+	0	0	4I65M2I124MI28M	GQ922523	FJ605260
N	*	250	*	*	*	*	*	AF181712	*
H	3082	250	92.4	+	0	0	156MD77MD15M2I	EU570177	FJ168588
L	3564	202	*	*	*	*	*	AY515362	*
H	3564	193	95.9	+	0	0	4I76M6I27MD89M	GQ922539	AY515362
H	3944	186	94.6	+	0	0	4I46MI33M5I51MD55M	GQ922535	AY999130
L	2426	185	*	*	*	*	*	GQ922525	*
H	2426	185	93.0	+	0	0	185M	GQ922521	GQ922525
L	5394	208	*	*	*	*	*	AY587911	*
H	5394	215	97.6	+	0	0	92M2D17M5D99M	AY999137	AY587911
L	3953	194	*	*	*	*	*	AF145703	*
H	3953	173	91.9	+	0	0	18M8I10M11I10M2I89MI22MD23M	AF120259	AF145703
L	3495	250	*	*	*	*	*	AY669523	*
H	3495	250	92.0	+	0	0	4D6MD239M5I	DQ083782	AY669523
L	8392	250	*	*	*	*	*	EU057041	*
H	8392	250	96.0	+	0	0	132MD117MI	DQ083788	EU057041
L	3798	250	*	*	*	*	*	AY174863	*
H	3798	250	99.2	+	0	0	229MI20MD	DQ083810	AY174863
N	*	250	*	*	*	*	*	AB036900	*
N	*	197	*	*	*	*	*	DQ097884	*
L	2334	235	*	*	*	*	*	GQ924691	*
H	2334	237	96.6	+	0	0	132M2D103M	AY061679	GQ924691
N	*	250	*	*	*	*	*	AF237730	*
N	*	250	*	*	*	*	*	DQ097357	*
N	*	250	*	*	*	*	*	AJ877219	*
L	6428	211	*	*	*	*	*	EF589897	*
H	6428	204	98.5	+	0	0	8I143MD60M	AF229483	EF589897
N	*	240	*	*	*	*	*	DQ144611	*
L	1546	250	*	*	*	*	*	GQ142026	*
H	1546	250	95.6	+	0	0	D145M2I103MD	DQ182504	GQ142026
N	*	115	*	*	*	*	*	DQ182508	*
N	*	250	*	*	*	*	*	DQ191249	*
L	1026	250	*	*	*	*	*	FM212666	*
H	1026	250	90.8	+	0	0	7D82MI56M3D102M9I	DQ191252	FM212666
N	*	181	*	*	*	*	*	DQ534475	*
N	*	200	*	*	*	*	*	DQ219306	*
N	*	108	*	*	*	*	*	DQ201952	*
L	4005	210	*	*	*	*	*	DQ132832	*
H	4005	200	100.0	+	0	0	10I200M	DQ187954	DQ132832
N	*	205	*	*	*	*	*	DQ218290	*
N	*	166	*	*	*	*	*	DQ202516	*
N	*	130	*	*	*	*	*	AF210666	*
L	457	213	*	*	*	*	*	GQ927253	*
H	457	213	91.1	+	0	0	213M	AB026144	GQ927253
L	1908	225	*	*	*	*	*	EF447381	*
H	1908	227	96.0	+	0	0	83MI34MD51MD21MD35M	DQ243789	EF447381
L	5305	103	*	*	*	*	*	AY347354	*
H	5305	104	96.1	+	0	0	42MD61M	DQ243804	AY347354
H	6342	250	96.8	+	0	0	168MI36MI44M2D	EF141537	GU234147
N	*	157	*	*	*	*	*	DQ241463	*
L	5637	173	*	*	*	*	*	DQ303024	*
H	5637	176	94.8	+	0	0	98M3D75M	DQ302954	DQ303024
N	*	187	*	*	*	*	*	EU301087	*
L	3042	144	*	*	*	*	*	JF439173	*
H	3042	145	92.4	+	0	0	90MI30M2D23M	AJ973393	JF439173
N	*	189	*	*	*	*	*	DQ320563	*
H	8008	197	99.5	+	0	0	3I197M	DQ323681	FJ827038
N	*	250	*	*	*	*	*	DQ328133	*
N	*	250	*	*	*	*	*	DQ344510	*
N	*	124	*	*	*	*	*	DQ344031	*
N	*	217	*	*	*	*	*	DQ351725	*
L	1364	161	*	*	*	*	*	FJ861972	*
H	1364	161	99.4	+	0	0	161M	FJ861968	FJ861972
L	2691	199	*	*	*	*	*	FJ957892	*
H	2691	155	94.2	+	0	0	42I17MI33MI36MD40MI28M	DQ345581	FJ957892
N	*	245	*	*	*	*	*	EU597077	*
L	845	250	*	*	*	*	*	EU669233	*
H	845	250	94.8	+	0	0	132M2I25MI48M2I27M2D13M3D	EU525966	EU669233
L	5002	96	*	*	*	*	*	AJ547885	*
H	5002	224	90.6	+	0	0	130D48M2I46M	DQ367903	AJ547885
L	2866	176	*	*	*	*	*	FJ481051	*
H	2866	175	97.7	+	0	0	50MI125M	DQ381951	FJ481051
H	3862	215	98.1	+	0	0	56M2D133MD23M	DQ366855	AY877419
N	*	187	*	*	*	*	*	AB250409	*
N	*	118	*	*	*	*	*	DQ374145	*
L	4140	250	*	*	*	*	*	DQ389697	*
H	4140	250	95.6	+	0	0	162MI30MD57M	DQ389687	DQ389697
N	*	250	*	*	*	*	*	DQ389694	*
H	4140	250	94.0	+	0	0	6MI152MI90M2D	DQ389698	DQ389697
L	5683	250	*	*	*	*	*	DQ389715	*
H	5683	250	92.0	+	0	0	130MI33MD30MI55MD	DQ389704	DQ389715
N	*	250	*	*	*	*	*	DQ389708	*
N	*	250	*	*	*	*	*	UDB011593	*
L	5695	111	*	*	*	*	*	DQ396946	*
H	5695	111	98.2	+	0	0	111M	DQ396922	DQ396946
N	*	108	*	*	*	*	*	DQ396937	*
H	5695	111	98.2	+	0	0	111M	DQ396970	DQ396946
N	*	201	*	*	*	*	*	DQ402537	*
N	*	92	*	*	*	*	*	AF274083	*
N	*	93	*	*	*	*	*	AF274091	*
N	*	201	*	*	*	*	*	DQ407250	*
N	*	240	*	*	*	*	*	DQ407251	*
N	*	250	*	*	*	*	*	JQ801414	*
H	3783	250	97.2	+	0	0	2I233MD15MD	DQ830805	AY854072
N	*	205	*	*	*	*	*	DQ425023	*
N	*	123	*	*	*	*	*	JF908057	*
N	*	238	*	*	*	*	*	AY061662	*
N	*	239	*	*	*	*	*	UDB002462	*
L	8309	250	*	*	*	*	*	AY606947	*
H	8309	250	99.6	+	0	0	250M	JF908282	AY606947
L	5505	183	*	*	*	*	*	DQ431179	*
H	5505	182	96.7	+	0	0	99MI83M	DQ431176	DQ431179
N	*	250	*	*	*	*	*	DQ445907	*
L	4698	183	*	*	*	*	*	AF350303	*
H	4698	194	94.0	+	0	0	33MD10M3D18MD54M2D8M2D28M2D32M	AB239346	AF350303
L	6107	183	*	*	*	*	*	FJ240310	*
H	6107	185	98.4	+	0	0	9MD174MD	DQ450878	FJ240310
L	3734	216	*	*	*	*	*	GQ241290	*
H	3734	222	92.6	+	0	0	17M2I8MI12M9D176M	AF083198	GQ241290
N	*	250	*	*	*	*	*	DQ340310	*
N	*	248	*	*	*	*	*	DQ340323	*
N	*	225	*	*	*	*	*	DQ491504	*
H	1757	184	93.5	+	0	0	43I57MI27MD27MI72M	DQ491512	GU171370
L	902	216	*	*	*	*	*	FJ914669	*
H	902	218	98.1	+	0	0	117MD63MD36M	DQ491513	FJ914669
H	8346	99	90.9	+	0	0	128I37M3I62M	JF908313	DQ658878
H	2312	219	92.2	+	0	0	16MI67M3I22M4I58M2I56M	U31843	AB190871
N	*	250	*	*	*	*	*	AY004787	*
H	4496	160	90.0	+	0	0	57I69MD33MD56M	AF163070	AF081448
L	5367	88	*	*	*	*	*	AY515568	*
H	5367	88	93.2	+	0	0	88M	DQ494361	AY515568
L	1250	244	*	*	*	*	*	U66440	*
H	1250	112	93.8	+	0	0	131I47MI65M	DQ521417	U66440
N	*	250	*	*	*	*	*	AB015680	*
N	*	169	*	*	*	*	*	AB031193	*
L	3772	250	*	*	*	*	*	AF145446	*
H	3772	250	92.8	+	0	0	4I171MD75M3D	FJ746664	AF145446
N	*	109	*	*	*	*	*	AB048632	*
L	2146	189	*	*	*	*	*	AB072233	*
H	2146	189	96.8	+	0	0	189M	AB072232	AB072233
L	416	250	*	*	*	*	*	AB080523	*
H	416	250	99.2	+	0	0	34MI41MD174M	AB080556	AB080523
N	*	212	*	*	*	*	*	EU553337	*
L	5071	146	*	*	*	*	*	AM265556	*
H	5071	127	93.7	+	0	0	24M15I29MI15M2I27MI32M	AB105353	AM265556
N	*	204	*	*	*	*	*	AB115737	*
L	5339	224	*	*	*	*	*	AY471638	*
H	5339	226	96.9	+	0	0	25MD135MD64M	AB116870	AY471638
N	*	118	*	*	*	*	*	AB118872	*
H	3648	98	91.8	+	0	0	119I98M	AB176632	AY533697
H	4287	208	95.6	+	0	0	62MD108MD36M	AF158111	GQ870276
H	6330	176	94.9	+	0	0	10I18MD11MD67MI8M2D42MD25M	AB180324	EU692771
L	4292	178	*	*	*	*	*	AB180346	*
H	4292	180	99.4	+	0	0	153M2D25M	AB180365	AB180346
L	4297	98	*	*	*	*	*	AB188132	*
H	4297	142	94.9	+	0	0	43D85MD13M	AB188137	AB188132
L	2224	207	*	*	*	*	*	HM131333	*
H	2224	176	90.3	+	0	0	40M9I28M4I32M3D30M10I37M3I6M8I	AB188128	HM131333
N	*	213	*	*	*	*	*	EU886744	*
L	7378	243	*	*	*	*	*	UDB000043	*
H	7378	234	91.5	+	0	0	10I157MD76M	DQ974740	UDB000043
N	*	250	*	*	*	*	*	AB221438	*
L	8088	133	*	*	*	*	*	JN638618	*
H	8088	142	91.0	+	0	0	8MD18MD17M4I40M11D46M	DQ374649	JN638618
L	5516	209	*	*	*	*	*	AY857867	*
H	5516	202	94.1	+	0	0	10I27MD74MD13MD85M	AB245069	AY857867
H	4292	109	91.7	+	0	0	71I12MI11MD17MD35MD31M	AB245089	AB180346
N	*	198	*	*	*	*	*	AB245120	*
H	6902	222	90.7	+	0	0	35M2D62M15D7M9D16M2D74M	AB248964	FR799494
L	5033	189	*	*	*	*	*	FJ878648	*
H	5033	183	92.9	+	0	0	5I159MI24M	EU448275	FJ878648
L	3967	197	*	*	*	*	*	DQ100460	*
H	3967	192	96.4	+	0	0	99MI63M3I9MI21M	FJ771045	DQ100460
N	*	250	*	*	*	*	*	AB252474	*
N	*	250	*	*	*	*	*	AB252466	*
L	355	115	*	*	*	*	*	AJ133397	*
H	355	115	100.0	+	0	0	115M	AB371643	AJ133397
N	*	195	*	*	*	*	*	AB278186	*
N	*	219	*	*	*	*	*	FJ530943	*
L	6271	239	*	*	*	*	*	EU598197	*
H	6271	98	91.8	+	0	0	141I98M	AB291742	EU598197
N	*	250	*	*	*	*	*	AB237824	*
N	*	217	*	*	*	*	*	AB478314	*
L	628	225	*	*	*	*	*	EU486992	*
H	628	225	92.9	+	0	0	225M	AB430819	EU486992
N	*	250	*	*	*	*	*	AB445115	*
L	3626	194	*	*	*	*	*	AB015697	*
H	3626	203	92.8	+	0	0	31M10D17M2I14MI16M5D49M4I35MD25M	AB451969	AB015697
N	*	250	*	*	*	*	*	AB453024	*
N	*	250	*	*	*	*	*	AB454319	*
N	*	233	*	*	*	*	*	FJ360689	*
N	*	230	*	*	*	*	*	AB459512	*
N	*	250	*	*	*	*	*	AB459518	*
N	*	135	*	*	*	*	*	AB461361	*
N	*	250	*	*	*	*	*	FJ196780	*
L	2090	169	*	*	*	*	*	AB481261	*
H	2090	169	98.2	+	0	0	169M	AB481256	AB481261
H	4381	202	96.5	+	0	0	33MD77MD90M	AB481257	AB481251
N	*	128	*	*	*	*	*	AB496432	*
L	6662	242	*	*	*	*	*	FJ710191	*
H	6662	241	90.5	+	0	0	37M4D36M3I27MI113MI24M	FJ710197	FJ710191
N	*	211	*	*	*	*	*	AB509863	*
N	*	182	*	*	*	*	*	AB509968	*
L	6666	125	*	*	*	*	*	FJ755221	*
H	6666	247	90.4	+	0	0	109D15M7D8M4D20MD45MD37M	AB092794	FJ755221
N	*	159	*	*	*	*	*	AM295494	*
L	4411	183	*	*	*	*	*	AB524795	*
H	4411	183	96.2	+	0	0	183M	AB524794	AB524795
L	4410	181	*	*	*	*	*	AB524791	*
H	4410	180	90.0	+	0	0	72MI108M	AB524797	AB524791
L	4413	193	*	*	*	*	*	AB524808	*
H	4413	187	92.0	+	0	0	37MD30MI47M2I10MI34M3I28M	AB524807	AB524808
L	4412	181	*	*	*	*	*	AB524796	*
H	4412	181	92.3	+	0	0	56MD56MD43M2I24M	AB524813	AB524796
L	2179	162	*	*	*	*	*	AB026141	*
H	2179	162	99.4	+	0	0	162M	AB022385	AB026141
H	457	213	91.1	+	0	0	213M	AB525929	GQ927253
N	*	136	*	*	*	*	*	AB494715	*
L	4418	202	*	*	*	*	*	AB546953	*
H	4418	201	91.5	+	0	0	88MI13MI52MD47M	AB546948	AB546953
L	7726	210	*	*	*	*	*	FJ914687	*
H	7726	226	90.5	+	0	0	28MD37M3D11M4D25MD11M4D40M2D28MD30M	AB627114	FJ914687
L	4244	250	*	*	*	*	*	EU343866	*
H	4244	250	91.2	+	0	0	3D5MD241M4I	AB354209	EU343866
H	4447	250	95.2	+	0	0	159MI31MD34MD24MI	DQ164439	FJ378879
N	*	207	*	*	*	*	*	AF026310	*
N	*	109	*	*	*	*	*	DQ680077	*
N	*	132	*	*	*	*	*	FJ534883	*
N	*	115	*	*	*	*	*	FJ534885	*
N	*	151	*	*	*	*	*	AF043672	*
N	*	225	*	*	*	*	*	AF045879	*
N	*	250	*	*	*	*	*	AF053976	*
L	6691	211	*	*	*	*	*	FJ624396	*
H	6691	211	92.9	+	0	0	9MI47MD154M	AF054860	FJ624396
H	6691	210	96.7	+	0	0	9MI47MI94MD59M	AF054861	FJ624396
L	4471	101	*	*	*	*	*	AF051930	*
H	4471	118	91.1	+	0	0	15D69MD16MD16M	AF064822	AF051930
N	*	115	*	*	*	*	*	AF065614	*
L	4554	221	*	*	*	*	*	AF141859	*
H	4554	220	90.9	+	0	0	7M2I179MD33M	AF072235	AF141859
N	*	250	*	*	*	*	*	AF090880	*
L	3590	205	*	*	*	*	*	AF096218	*
H	3590	151	90.7	+	0	0	55I60MI71M2D18M	EU909466	AF096218
N	*	220	*	*	*	*	*	AF098409	*
L	4520	109	*	*	*	*	*	AF101814	*
H	4520	109	93.6	+	0	0	109M	AF101819	AF101814
L	3336	211	*	*	*	*	*	EU821472	*
H	3336	210	92.4	+	0	0	4I79MI29M3D13MD85M	FJ545234	EU821472
N	*	246	*	*	*	*	*	AF133176	*
N	*	233	*	*	*	*	*	AF133179	*
N	*	250	*	*	*	*	*	AF133180	*
N	*	204	*	*	*	*	*	DQ385622	*
N	*	209	*	*	*	*	*	AF139855	*
N	*	250	*	*	*	*	*	AF139959	*
N	*	250	*	*	*	*	*	AF062932	*
L	179	214	*	*	*	*	*	EF026122	*
H	179	215	90.2	+	0	0	110MD22MI36MD45M	AF163031	EF026122
H	6743	208	90.9	+	0	0	4I101MI14MI19MI18M4D52M	AF163034	FJ884194
L	7537	177	*	*	*	*	*	GU062240	*
H	7537	176	98.9	+	0	0	113MI63M	AF181700	GU062240
L	6229	236	*	*	*	*	*	EU552121	*
H	6229	136	90.4	+	0	0	99I13MI123M	AF192312	EU552121
L	6571	228	*	*	*	*	*	FJ487920	*
H	6571	227	92.1	+	0	0	98M2I42MD86M	EU301057	FJ487920
L	4574	250	*	*	*	*	*	AF193352	*
H	4574	249	96.0	+	0	0	213MI23MI12MD	AF193356	AF193352
N	*	243	*	*	*	*	*	AF201710	*
L	1909	130	*	*	*	*	*	AF210682	*
H	1909	134	99.2	+	0	0	80M2D23M2D27M	AF210681	AF210682
H	300	182	96.2	+	0	0	182M	AF222840	GQ852764
N	*	211	*	*	*	*	*	AF224348	*
L	7959	250	*	*	*	*	*	JF908479	*
H	7959	250	94.0	+	0	0	8MI103MI14MD16M5D103M4I	EF530939	JF908479
N	*	250	*	*	*	*	*	AF247968	*
L	4130	183	*	*	*	*	*	DQ394368	*
H	4130	184	98.4	+	0	0	45MD138M	EU045425	DQ394368
N	*	224	*	*	*	*	*	AF250823	*
N	*	250	*	*	*	*	*	AF250931	*
L	8295	178	*	*	*	*	*	AF462422	*
H	8295	176	91.5	+	0	0	2I118MI9MD48M	AF260814	AF462422
N	*	96	*	*	*	*	*	AF282122	*
L	1784	196	*	*	*	*	*	AJ427408	*
H	1784	194	95.4	+	0	0	135MI24MI35M	AF291277	AJ427408
L	5435	250	*	*	*	*	*	AY669531	*
H	5435	250	94.8	+	0	0	150M4I82MI13M5D	AF325586	AY669531
N	*	127	*	*	*	*	*	AF325645	*
L	3049	240	*	*	*	*	*	AF325667	*
H	3049	248	95.8	+	0	0	D118M2D84M5D38M	AF325666	AF325667
N	*	250	*	*	*	*	*	AF343674	*
N	*	250	*	*	*	*	*	AF343679	*
L	8079	250	*	*	*	*	*	EU785396	*
H	8079	250	92.0	+	0	0	21M2D67MI41MI23M2I94M2D	AF343697	EU785396
N	*	250	*	*	*	*	*	AF343712	*
L	7647	250	*	*	*	*	*	HQ604795	*
H	7647	250	93.6	+	0	0	78MD171MI	AF347113	HQ604795
N	*	228	*	*	*	*	*	AF347699	*
N	*	229	*	*	*	*	*	FJ527300	*
N	*	189	*	*	*	*	*	AF350296	*
L	6502	181	*	*	*	*	*	FJ349102	*
H	6502	180	98.3	+	0	0	44MI136M	AF350298	FJ349102
H	4698	185	97.8	+	0	0	134M2D49M	AF350306	AF350303
L	4636	185	*	*	*	*	*	AF351147	*
H	4636	179	93.9	+	0	0	34MI10M3I68MI44MI23M	AF350311	AF351147
N	*	180	*	*	*	*	*	AF350315	*
H	833	174	94.8	+	0	0	174M	AF351149	AF351139
N	*	250	*	*	*	*	*	AF357023	*
N	*	250	*	*	*	*	*	AF357026	*
N	*	250	*	*	*	*	*	AF357032	*
H	4710	250	94.8	+	0	0	147M2D30MI71MI	AF357037	AF357038
N	*	250	*	*	*	*	*	AF357041	*
L	2683	250	*	*	*	*	*	JN943113	*
H	2683	250	91.6	+	0	0	8I122MD33M2I85M9D	AF361227	JN943113
H	535	180	97.2	+	0	0	24MI156M	AF362050	EU853471
N	*	181	*	*	*	*	*	AF362052	*
L	4064	174	*	*	*	*	*	EF394858	*
H	4064	182	99.4	+	0	0	8D174M	EU851920	EF394858
H	7525	180	97.2	+	0	0	I180M	AF362062	FJ866504
H	4664	185	96.7	+	0	0	35MD90MI27MD31M	AF362065	EU882130
H	7889	181	97.1	+	0	0	6D24MI36MD114M	AF362069	JF747034
N	*	216	*	*	*	*	*	AF368270	*
N	*	185	*	*	*	*	*	AF383962	*
L	3750	207	*	*	*	*	*	DQ119115	*
H	3750	207	96.6	+	0	0	207M	AF385213	DQ119115
L	3804	250	*	*	*	*	*	AY669592	*
H	3804	250	91.2	+	0	0	2I74MI33MD102M6D22MD11M5I	AF389128	AY669592
H	845	250	93.6	+	0	0	3I156MI77MD13M3D	AF389166	EU669233
N	*	205	*	*	*	*	*	AF394031	*
H	643	250	92.8	+	0	0	6MD24M2I218MD	AF402140	EU526005
L	908	222	*	*	*	*	*	AF404123	*
H	908	222	92.3	+	0	0	222M	EF373573	AF404123
N	*	139	*	*	*	*	*	AY866425	*
L	4790	202	*	*	*	*	*	AF444359	*
H	4790	202	94.6	+	0	0	106MD28MI67M	AY898956	AF444359
N	*	137	*	*	*	*	*	AF444409	*
N	*	186	*	*	*	*	*	AF444471	*
N	*	194	*	*	*	*	*	AF444486	*
N	*	220	*	*	*	*	*	DQ200919	*
L	4814	95	*	*	*	*	*	AF455177	*
H	4814	95	96.8	+	0	0	95M	AF453844	AF455177
L	2444	209	*	*	*	*	*	FR733880	*
H	2444	201	94.5	+	0	0	6I53MI6MI74M2I11MI6M2D26MD22M	AF454074	FR733880
L	6224	222	*	*	*	*	*	EU551199	*
H	6224	209	91.4	+	0	0	6I90M2I11MI39M2I21MI11MI37M	EU553343	EU551199
L	4807	226	*	*	*	*	*	AF454405	*
H	4807	228	92.5	+	0	0	23MI14MD48MI41M3D24MI51MD22M	AF454401	AF454405
L	4810	233	*	*	*	*	*	AF454410	*
H	4810	229	97.4	+	0	0	23M2I69M3I60M2D31MI44M	AF454408	AF454410
N	*	239	*	*	*	*	*	AF455171	*
L	6792	95	*	*	*	*	*	DQ530207	*
H	6792	95	96.8	+	0	0	95M	AF455179	DQ530207
N	*	98	*	*	*	*	*	AF455238	*
N	*	223	*	*	*	*	*	AF455494	*
N	*	250	*	*	*	*	*	AF482870	*
N	*	173	*	*	*	*	*	AF483607	*
L	1983	250	*	*	*	*	*	GU939632	*
H	1983	250	93.2	+	0	0	55MI156MI37M2D	AF485064	GU939632
L	866	250	*	*	*	*	*	EU834222	*
H	866	250	92.0	+	0	0	193MD46M2D8M3I	AF485069	EU834222
N	*	183	*	*	*	*	*	AF486122	*
N	*	250	*	*	*	*	*	AF487664	*
L	4545	233	*	*	*	*	*	AF133182	*
H	4545	233	97.0	+	0	0	233M	AF491594	AF133182
L	4849	201	*	*	*	*	*	AF492102	*
H	4849	201	96.5	+	0	0	201M	AF492078	AF492102
N	*	202	*	*	*	*	*	AF492120	*
L	6430	200	*	*	*	*	*	AY239215	*
H	6430	204	90.5	+	0	0	93M3D72MD35M	AF492091	AY239215
N	*	222	*	*	*	*	*	AF492107	*
H	7828	204	97.5	+	0	0	175MD28M	AF492101	AF492098
L	4459	203	*	*	*	*	*	AF492094	*
H	4459	201	90.0	+	0	0	26M3I151MD23M	AF492123	AF492094
N	*	250	*	*	*	*	*	AF501567	*
N	*	184	*	*	*	*	*	GU214636	*
H	4380	198	91.9	+	0	0	26MI69MI103M	AF505515	AB481250
H	4380	196	96.9	+	0	0	26MI80M4I24MD65M	AF505520	AB481250
L	584	250	*	*	*	*	*	AF310102	*
H	584	250	98.8	+	0	0	250M	AF506402	AF310102
L	4862	250	*	*	*	*	*	AF506404	*
H	4862	250	100.0	+	0	0	250M	AF506446	AF506404
L	2820	250	*	*	*	*	*	AF506430	*
H	2820	250	98.8	+	0	0	250M	AF506471	AF506430
H	584	250	99.6	+	0	0	250M	AF506488	AF310102
L	4872	250	*	*	*	*	*	AF506493	*
H	4872	250	93.6	+	0	0	2I26MI32M5D187M2I	AF506492	AF506493
H	4877	96	95.8	+	0	0	145I68M5I28M	AF517908	DQ914542
N	*	250	*	*	*	*	*	AJ877223	*
H	6902	190	96.3	+	0	0	92M2I70M2I28M	FJ755266	FR799494
L	6814	201	*	*	*	*	*	FJ231019	*
H	6814	208	97.0	+	0	0	8D99MI101M	GQ924907	FJ231019
N	*	247	*	*	*	*	*	AJ223015	*
N	*	250	*	*	*	*	*	AY046184	*
N	*	250	*	*	*	*	*	AJ229076	*
N	*	220	*	*	*	*	*	AJ247526	*
N	*	211	*	*	*	*	*	AJ247535	*
H	4918	220	97.7	+	0	0	153MD32MD33M	AJ247571	AJ247555
N	*	250	*	*	*	*	*	AJ271564	*
L	2631	197	*	*	*	*	*	AY303604	*
H	2631	207	91.4	+	0	0	6I45MI36M15D19M3D17MI72M	AJ271584	AY303604
L	203	190	*	*	*	*	*	AJ271578	*
H	203	205	91.6	+	0	0	51M2I27M17D20MD17MI72M	AJ271585	AJ271578
N	*	218	*	*	*	*	*	AJ271587	*
N	*	204	*	*	*	*	*	AJ271591	*
N	*	224	*	*	*	*	*	AJ292289	*
N	*	234	*	*	*	*	*	AJ292295	*
N	*	214	*	*	*	*	*	AJ293884	*
L	143	230	*	*	*	*	*	FJ357310	*
H	143	225	97.3	+	0	0	8MD33MD124MI36MD21M7I	AJ301700	FJ357310
L	8128	230	*	*	*	*	*	JF894102	*
H	8128	224	96.4	+	0	0	10I18MD14MD7MD128MD53M	AJ302467	JF894102
L	5278	244	*	*	*	*	*	AF129853	*
H	5278	245	99.6	+	0	0	172MD72M	AJ315827	AF129853
N	*	244	*	*	*	*	*	AJ390398	*
N	*	83	*	*	*	*	*	AJ390417	*
L	1564	250	*	*	*	*	*	GQ267485	*
H	1564	228	94.3	+	0	0	31I153MD37MI28M9D	AJ419210	GQ267485
N	*	221	*	*	*	*	*	DQ979011	*
L	3928	242	*	*	*	*	*	AJ131785	*
H	3928	245	94.6	+	0	0	23MD124M2D95M	AJ439432	AJ131785
N	*	249	*	*	*	*	*	AJ439436	*
H	3928	242	96.7	+	0	0	242M	AJ439444	AJ131785
N	*	195	*	*	*	*	*	AJ458184	*
L	4315	250	*	*	*	*	*	AB220034	*
H	4315	250	99.2	+	0	0	250M	AJ508234	AB220034
N	*	80	*	*	*	*	*	AJ508683	*
L	4466	190	*	*	*	*	*	AF046219	*
H	4466	201	97.4	+	0	0	10D26MD50MD14MD64M2I34M	AJ544211	AF046219
L	3289	123	*	*	*	*	*	JN022499	*
H	3289	119	92.4	+	0	0	21MD15MD17M2I37M4I27M	AJ555534	JN022499
N	*	250	*	*	*	*	*	AJ586574	*
N	*	142	*	*	*	*	*	AJ605997	*
N	*	175	*	*	*	*	*	AJ605999	*
L	3642	157	*	*	*	*	*	AJ608668	*
H	3642	156	93.6	+	0	0	26MI52MI20MD57M	AF444463	AJ608668
H	8286	250	94.0	+	0	0	250M	AY243596	U85311
L	5016	149	*	*	*	*	*	DQ782840	*
H	5016	143	95.8	+	0	0	5I106MI37M	AJ634021	DQ782840
L	836	250	*	*	*	*	*	EU781486	*
H	836	86	90.7	+	0	0	44M145I42M19I	JN194184	EU781486
N	*	212	*	*	*	*	*	AJ874113	*
L	5677	216	*	*	*	*	*	GQ499278	*
H	5677	211	91.9	+	0	0	91MI21M4I99M	AJ874121	GQ499278
L	3997	221	*	*	*	*	*	DQ157693	*
H	3997	219	94.5	+	0	0	35MD76M3I107M	FJ629333	DQ157693
N	*	250	*	*	*	*	*	AF432881	*
N	*	176	*	*	*	*	*	AJ887992	*
H	5051	250	94.8	+	0	0	250M	AJ970142	EU590654
N	*	250	*	*	*	*	*	AJ970152	*
N	*	240	*	*	*	*	*	AM048755	*
L	4184	250	*	*	*	*	*	UDB001569	*
H	4184	250	93.2	+	0	0	128M2D92M2D26M4I	AM113951	UDB001569
L	4328	250	*	*	*	*	*	EU819476	*
H	4328	250	96.4	+	0	0	2I6MI13MI227M4D	UDB011512	EU819476
L	2550	196	*	*	*	*	*	GU248326	*
H	2550	196	100.0	+	0	0	196M	AM159631	GU248326
H	4313	250	92.4	+	0	0	10I10MI34MD28M2I67M12D98M	GQ406465	AB211270
L	2375	217	*	*	*	*	*	AB360370	*
H	2375	225	90.8	+	0	0	39M2D58M3D42M3D78M	AB378506	AB360370
N	*	250	*	*	*	*	*	AM182921	*
L	5128	245	*	*	*	*	*	AB302828	*
H	5128	250	98.4	+	0	0	8D36MI206M2I	AM279464	AB302828
N	*	131	*	*	*	*	*	AM292048	*
N	*	220	*	*	*	*	*	AM292664	*
H	1259	221	94.6	+	0	0	27MI174MI20M	EU681357	EU681352
H	1259	222	97.3	+	0	0	27MI195M	EU681356	EU681352
H	4140	250	95.2	+	0	0	162M2I86M2D	DQ389692	DQ389697
L	2162	192	*	*	*	*	*	EF639862	*
H	2162	186	91.4	+	0	0	90M7I35MD60M	FJ914679	EF639862
N	*	202	*	*	*	*	*	AM882711	*
L	6856	250	*	*	*	*	*	FN550884	*
H	6856	250	96.4	+	0	0	8MI45MD108M2I86M2D	AM882713	FN550884
L	7318	101	*	*	*	*	*	HE582395	*
H	7318	202	92.1	+	0	0	49D101M52D	AM882744	HE582395
N	*	250	*	*	*	*	*	AM882790	*
N	*	250	*	*	*	*	*	AM882850	*
N	*	250	*	*	*	*	*	AM882897	*
H	7641	202	96.3	+	0	0	40MI12M3D10MD16M2D52MD24M2D5M5D29M	AM882929	HQ604547
L	7011	175	*	*	*	*	*	GQ169764	*
H	7011	86	98.8	+	0	0	89I86M	AF439495	GQ169764
N	*	224	*	*	*	*	*	AY781267	*
N	*	250	*	*	*	*	*	AM949569	*
L	1881	228	*	*	*	*	*	GU390882	*
H	1881	229	93.4	+	0	0	58M4D52M3I115M	AY004778	GU390882
L	5136	220	*	*	*	*	*	AY004803	*
H	5136	212	91.5	+	0	0	60M2I76MI17M4I23MI36M	AY004801	AY004803
L	209	218	*	*	*	*	*	AY004807	*
H	209	210	94.8	+	0	0	4I38MI69MI35M2I68M	AY004806	AY004807
N	*	193	*	*	*	*	*	AY026939	*
L	2566	208	*	*	*	*	*	AY046194	*
H	2566	232	93.3	+	0	0	45MD35M2D19M16D10M2I42M6D18MD37M	AY046193	AY046194
L	5777	200	*	*	*	*	*	DQ646686	*
H	5777	202	93.0	+	0	0	79MD27MD94M	AY046212	DQ646686
N	*	105	*	*	*	*	*	AY056036	*
H	8473	211	98.6	+	0	0	4I211M	DQ974759	UDB011168
L	3246	220	*	*	*	*	*	FJ845433	*
H	3246	227	91.4	+	0	0	73MD49MD8MD33M2D15M2D42M	AY061691	FJ845433
N	*	225	*	*	*	*	*	AY061692	*
L	1229	226	*	*	*	*	*	FJ845431	*
H	1229	225	94.7	+	0	0	134MI91M	AY061698	FJ845431
N	*	250	*	*	*	*	*	AY072033	*
N	*	250	*	*	*	*	*	AY081018	*
H	1259	221	95.0	+	0	0	27MI174MI20M	EU681361	EU681352
N	*	202	*	*	*	*	*	AY082606	*
L	1328	238	*	*	*	*	*	AY124146	*
H	1328	234	91.9	+	0	0	71MI21MI62MI19MI61M	AY124147	AY124146
L	5179	250	*	*	*	*	*	AY281007	*
H	5179	250	92.4	+	0	0	201M2D20MI18MI9M	AY129344	AY281007
N	*	91	*	*	*	*	*	AY156967	*
L	3531	221	*	*	*	*	*	GQ996577	*
H	3531	225	97.7	+	0	0	4D67MI80MD73M	EF512480	GQ996577
H	4698	184	92.9	+	0	0	2I113MD8M2D60M	AY173380	AF350303
L	4326	187	*	*	*	*	*	AY173374	*
H	4326	185	95.7	+	0	0	22MI110MI53M	AY173386	AY173374
L	6293	250	*	*	*	*	*	EU056975	*
H	6293	250	91.2	+	0	0	61MI75M4I24M5D85M	EU057034	EU056975
H	1321	250	97.2	+	0	0	2I6MI13MI227M4D	EU784164	FJ501582
N	*	250	*	*	*	*	*	AY176370	*
N	*	250	*	*	*	*	*	FJ998396	*
N	*	250	*	*	*	*	*	GQ203823	*
L	2230	250	*	*	*	*	*	HM222938	*
H	2230	250	93.2	+	0	0	140MD109MI	AY176392	HM222938
L	5208	250	*	*	*	*	*	AY176489	*
H	5208	250	93.6	+	0	0	207M2D7MD33M3I	AY176472	AY176489
N	*	250	*	*	*	*	*	AY176474	*
N	*	250	*	*	*	*	*	AY176477	*
N	*	250	*	*	*	*	*	AY176493	*
L	2786	210	*	*	*	*	*	FJ903377	*
H	2786	207	99.5	+	0	0	4I18MD188M	EU450836	FJ903377
N	*	250	*	*	*	*	*	AY219354	*
N	*	250	*	*	*	*	*	AY219358	*
L	3484	226	*	*	*	*	*	AY219383	*
H	3484	244	92.9	+	0	0	4I113M13D7M5D10MD23M2D26MD43M	AY219365	AY219383
H	3125	223	93.3	+	0	0	8I41MI79M2I45MI58M	AY220819	JF908719
L	5322	227	*	*	*	*	*	AY375313	*
H	5322	203	90.6	+	0	0	8I27MI61M15I115M	AY239218	AY375313
L	6454	178	*	*	*	*	*	GQ852825	*
H	6454	176	98.3	+	0	0	3I56MD119M	DQ240218	GQ852825
N	*	176	*	*	*	*	*	AY251068	*
N	*	235	*	*	*	*	*	AY256891	*
L	7398	183	*	*	*	*	*	JF499843	*
H	7398	174	92.5	+	0	0	10I145MD28M	AY260093	JF499843
N	*	199	*	*	*	*	*	AY261367	*
L	5716	130	*	*	*	*	*	DQ450055	*
H	5716	130	92.3	+	0	0	11MI55MD63M	AY263441	DQ450055
L	2929	228	*	*	*	*	*	AY359887	*
H	2929	230	92.1	+	0	0	8MD70MD23MD94MI32M	AY278839	AY359887
N	*	167	*	*	*	*	*	AY292451	*
N	*	175	*	*	*	*	*	FJ430601	*
N	*	154	*	*	*	*	*	AY313034	*
N	*	250	*	*	*	*	*	AY313273	*
N	*	212	*	*	*	*	*	AY341338	*
N	*	99	*	*	*	*	*	AY341909	*
N	*	250	*	*	*	*	*	AY344980	*
N	*	250	*	*	*	*	*	AY344995	*
L	3260	106	*	*	*	*	*	GU174578	*
H	3260	106	94.3	+	0	0	106M	AY347328	GU174578
L	351	228	*	*	*	*	*	EF447370	*
H	351	228	98.2	+	0	0	228M	EF447402	EF447370
L	2896	185	*	*	*	*	*	HQ650618	*
H	2896	181	99.4	+	0	0	2I23MI15MI143M	AY425646	HQ650618
N	*	250	*	*	*	*	*	AY450339	*
N	*	250	*	*	*	*	*	AY461814	*
N	*	226	*	*	*	*	*	AY463486	*
N	*	250	*	*	*	*	*	AY484678	*
H	6810	250	92.8	+	0	0	11M2I16MI93MD23MI103M3D	AY484679	EU326208
H	5341	250	94.4	+	0	0	27MI222MD	AY484686	AY484674
L	4028	250	*	*	*	*	*	DQ182511	*
H	4028	250	90.8	+	0	0	141M2I98MD9MD	DQ182515	DQ182511
L	3612	222	*	*	*	*	*	AY513137	*
H	3612	229	95.5	+	0	0	89M2D22M4D18MD93M	AY513139	AY513137
N	*	212	*	*	*	*	*	AY513224	*
N	*	250	*	*	*	*	*	FJ596810	*
N	*	250	*	*	*	*	*	AY521250	*
L	4963	243	*	*	*	*	*	AJ315840	*
H	4963	128	90.6	+	0	0	115I128M	AY527407	AJ315840
N	*	208	*	*	*	*	*	AY532651	*
N	*	114	*	*	*	*	*	AY541259	*
N	*	224	*	*	*	*	*	AY542864	*
H	1595	184	97.3	+	0	0	184M	EU082465	AB516668
L	298	173	*	*	*	*	*	EF535663	*
H	298	200	90.2	+	0	0	8D16M19D157M	AY549476	EF535663
N	*	250	*	*	*	*	*	AY558639	*
N	*	240	*	*	*	*	*	AY606982	*
N	*	250	*	*	*	*	*	AY606985	*
N	*	250	*	*	*	*	*	AY606987	*
N	*	120	*	*	*	*	*	AY624191	*
N	*	250	*	*	*	*	*	AY626984	*
H	4907	250	93.2	+	0	0	3D21MI150MD49MD25M4I	AY645661	AJ229073
N	*	192	*	*	*	*	*	AY645663	*
N	*	250	*	*	*	*	*	JF313659	*
N	*	216	*	*	*	*	*	AY667425	*
L	7166	250	*	*	*	*	*	GU233335	*
H	7166	250	92.8	+	0	0	131MI73MI44M2D	GU222270	GU233335
H	2842	250	92.4	+	0	0	29MD64MD39M2D25M2D87M6I	GU233370	EU660948
N	*	250	*	*	*	*	*	GU233349	*
N	*	224	*	*	*	*	*	AY687314	*
L	2459	195	*	*	*	*	*	AY204590	*
H	2459	189	92.1	+	0	0	7I45MD143M	AY729939	AY204590
N	*	249	*	*	*	*	*	AY740049	*
L	5478	250	*	*	*	*	*	AY747075	*
H	5478	246	92.3	+	0	0	7I20MD75MI18M2I28MI32MD17MI48M6D	AY740072	AY747075
N	*	250	*	*	*	*	*	AY744546	*
N	*	250	*	*	*	*	*	AY750166	*
H	535	174	97.7	+	0	0	8I43MD130M	AY752163	EU853471
L	7885	209	*	*	*	*	*	JF718687	*
H	7885	209	96.7	+	0	0	2I16MD149MD42M	AY624186	JF718687
N	*	225	*	*	*	*	*	AY756113	*
L	3842	176	*	*	*	*	*	AY789280	*
H	3842	175	96.0	+	0	0	132MI43M	AY789333	AY789280
N	*	92	*	*	*	*	*	AY795851	*
N	*	99	*	*	*	*	*	AY795879	*
N	*	248	*	*	*	*	*	AY830851	*
N	*	229	*	*	*	*	*	AY849307	*
N	*	120	*	*	*	*	*	AY906948	*
L	3321	235	*	*	*	*	*	JN865203	*
H	3321	236	90.2	+	0	0	38MI30M2D60MI56MD49M	AY916454	JN865203
N	*	227	*	*	*	*	*	AY916455	*
L	3999	212	*	*	*	*	*	AY916462	*
H	3999	221	90.1	+	0	0	47MI30MD46M8D26M3D24M2I36M	AY916459	AY916462
L	3841	221	*	*	*	*	*	AY916470	*
H	3841	223	96.8	+	0	0	94MD72MD55M	AY916472	AY916470
L	5665	209	*	*	*	*	*	DQ341095	*
H	5665	241	93.8	+	0	0	47MI12MI53M34D26MD32MI36M	AY916477	DQ341095
N	*	198	*	*	*	*	*	AY916479	*
N	*	237	*	*	*	*	*	AY916480	*
N	*	204	*	*	*	*	*	AY916486	*
N	*	193	*	*	*	*	*	AY916489	*
N	*	204	*	*	*	*	*	AY916492	*
L	3073	233	*	*	*	*	*	JF907968	*
H	3073	242	96.1	+	0	0	10D101MI14MI21MI68M2D26M	AY916692	JF907968
L	4043	92	*	*	*	*	*	DQ206845	*
H	4043	204	97.8	+	0	0	111D70MD22M	JF908019	DQ206845
L	1282	183	*	*	*	*	*	FJ624258	*
H	1282	176	90.3	+	0	0	7I128M2D14M2I32M	AY943045	FJ624258
N	*	197	*	*	*	*	*	AY945303	*
L	5719	248	*	*	*	*	*	AY874150	*
H	5719	247	94.7	+	0	0	63MD122M2I61M	AY956557	AY874150
N	*	247	*	*	*	*	*	AY956566	*
L	309	172	*	*	*	*	*	EF197069	*
H	309	169	91.1	+	0	0	80M3I89M	AY515363	EF197069
L	5395	195	*	*	*	*	*	AY587913	*
H	5395	197	91.3	+	0	0	54MD48MD33MI24MD35M	AY999132	AY587913
N	*	163	*	*	*	*	*	AY999128	*
L	4152	250	*	*	*	*	*	EU424302	*
H	4152	172	97.1	+	0	0	60I82M3D15MD22MI38MI11M20I	D49799	EU424302
L	5563	220	*	*	*	*	*	DQ001271	*
H	5563	220	96.8	+	0	0	220M	DQ001272	DQ001271
N	*	214	*	*	*	*	*	DQ001274	*
L	3729	249	*	*	*	*	*	AY737777	*
H	3729	243	90.9	+	0	0	9MD102MD13MI27MI19M3I25MI18M2I28M	DQ023302	AY737777
N	*	250	*	*	*	*	*	DQ056365	*
N	*	224	*	*	*	*	*	DQ068380	*
L	6071	250	*	*	*	*	*	EU105210	*
H	6071	250	100.0	+	0	0	250M	DQ073396	EU105210
H	7974	250	99.2	+	0	0	250M	FJ379261	AY540325
L	8544	250	*	*	*	*	*	FJ039640	*
H	8544	250	93.6	+	0	0	61MI74M5D70MI40M3I	DQ083800	FJ039640
H	8544	250	91.2	+	0	0	10I52MI71MD60MI55M11D	DQ323970	FJ039640
L	3492	250	*	*	*	*	*	AY174809	*
H	3492	250	95.2	+	0	0	148MD101MI	DQ083806	AY174809
L	5631	170	*	*	*	*	*	DQ247776	*
H	5631	169	91.7	+	0	0	136MI33M	FJ481036	DQ247776
L	7911	202	*	*	*	*	*	JF907956	*
H	7911	200	97.0	+	0	0	I141MI59M	UDB000064	JF907956
L	5158	250	*	*	*	*	*	EF530941	*
H	5158	250	91.6	+	0	0	8MD13MD46M9D81M2I11M2I80M7I	DQ384576	EF530941
H	6128	201	97.0	+	0	0	115MD19MD32MD32M	DQ102665	EU259283
L	5589	144	*	*	*	*	*	DQ112626	*
H	5589	142	92.3	+	0	0	40M2I102M	DQ112627	DQ112626
N	*	250	*	*	*	*	*	DQ144617	*
L	3946	172	*	*	*	*	*	AY999133	*
H	3946	173	93.6	+	0	0	89MD83M	DQ166963	AY999133
N	*	250	*	*	*	*	*	DQ189089	*
L	5760	224	*	*	*	*	*	DQ534453	*
H	5760	108	95.4	+	0	0	115I11MI97M	DQ198358	DQ534453
N	*	250	*	*	*	*	*	DQ200921	*
N	*	82	*	*	*	*	*	DQ200923	*
H	2895	220	97.7	+	0	0	149M2I71M	EF179805	HQ650617
L	5624	194	*	*	*	*	*	DQ238720	*
H	5624	194	90.2	+	0	0	194M	DQ238719	DQ238720
N	*	229	*	*	*	*	*	DQ238722	*
H	5628	194	92.1	+	0	0	55MD46M2D32MD57M	DQ238740	DQ238742
N	*	146	*	*	*	*	*	DQ249198	*
N	*	138	*	*	*	*	*	DQ279501	*
H	2412	241	93.1	+	0	0	8D24M2D52MD24M2D15M8D15M2D88M	DQ286221	EF608062
L	640	250	*	*	*	*	*	DQ367896	*
H	640	250	100.0	+	0	0	250M	DQ295104	DQ367896
L	4081	175	*	*	*	*	*	DQ303097	*
H	4081	176	94.3	+	0	0	147MD28M	DQ303027	DQ303097
L	2697	250	*	*	*	*	*	GU479324	*
H	2697	250	93.6	+	0	0	D53M2I102M7D29MI45MI13M4I	DQ328132	GU479324
H	1218	250	92.4	+	0	0	63MD124M2D10MD27MI22M3I	DQ328172	AY033116
L	6040	186	*	*	*	*	*	EU045435	*
H	6040	187	96.8	+	0	0	13MD173M	DQ337307	EU045435
N	*	185	*	*	*	*	*	DQ337319	*
N	*	185	*	*	*	*	*	DQ337320	*
L	2102	229	*	*	*	*	*	AF212308	*
H	2102	225	96.9	+	0	0	24MD27MI5MI72MI34M2I62M	DQ337381	AF212308
N	*	250	*	*	*	*	*	DQ822821	*
N	*	250	*	*	*	*	*	DQ354543	*
L	5668	110	*	*	*	*	*	DQ354533	*
H	5668	110	98.2	+	0	0	110M	DQ354545	DQ354533
N	*	94	*	*	*	*	*	GQ292551	*
L	1469	144	*	*	*	*	*	FJ968757	*
H	1469	129	90.7	+	0	0	22M7I31M5I41M3I35M	FM878010	FJ968757
N	*	250	*	*	*	*	*	DQ389721	*
L	5687	218	*	*	*	*	*	DQ394384	*
H	5687	216	95.8	+	0	0	13MI24MI179M	DQ394383	DQ394384
H	5695	111	97.3	+	0	0	111M	DQ396893	DQ396946
L	2749	133	*	*	*	*	*	DQ396925	*
H	2749	106	98.1	+	0	0	27I106M	DQ396899	DQ396925
N	*	119	*	*	*	*	*	DQ396904	*
L	458	135	*	*	*	*	*	EU008632	*
H	458	111	96.4	+	0	0	23I40MI71M	DQ396901	EU008632
H	5695	111	98.2	+	0	0	111M	EU008634	DQ396946
N	*	98	*	*	*	*	*	DQ396959	*
N	*	186	*	*	*	*	*	DQ401558	*
N	*	152	*	*	*	*	*	DQ401567	*
N	*	246	*	*	*	*	*	DQ403803	*
N	*	201	*	*	*	*	*	DQ407261	*
L	3883	249	*	*	*	*	*	AY956548	*
H	3883	243	90.9	+	0	0	132MD39M8I36MD34M	EU014045	AY956548
N	*	226	*	*	*	*	*	HQ709322	*
L	7534	184	*	*	*	*	*	DQ431180	*
H	7534	184	95.1	+	0	0	58MI65MD60M	DQ431167	DQ431180
N	*	234	*	*	*	*	*	DQ463348	*
H	6128	196	94.9	+	0	0	2I7M2I11MI90M2D21MD64M	UDB011348	EU259283
L	8250	250	*	*	*	*	*	U56039	*
H	8250	250	97.2	+	0	0	117MI20MD19M3I90M3D	U56043	U56039
N	*	123	*	*	*	*	*	DQ490623	*
N	*	214	*	*	*	*	*	DQ491497	*
N	*	250	*	*	*	*	*	DQ491498	*
H	5367	88	92.0	+	0	0	88M	DQ494362	AY515568
N	*	202	*	*	*	*	*	DQ525510	*
L	1352	179	*	*	*	*	*	FJ790271	*
H	1352	180	94.4	+	0	0	58MD58MD27MI35M	DQ530220	FJ790271
N	*	250	*	*	*	*	*	DQ533974	*
N	*	92	*	*	*	*	*	DQ396789	*
N	*	242	*	*	*	*	*	DQ658163	*
N	*	102	*	*	*	*	*	DQ659336	*
N	*	146	*	*	*	*	*	DQ680073	*
L	4873	250	*	*	*	*	*	AF511081	*
H	4873	239	91.2	+	0	0	6I56MD11MD98M6I45M5I23M4D	DQ015700	AF511081
N	*	198	*	*	*	*	*	DQ826550	*
N	*	191	*	*	*	*	*	DQ826556	*
N	*	97	*	*	*	*	*	EU041805	*
L	3867	154	*	*	*	*	*	AY865635	*
H	3867	151	94.0	+	0	0	60MI9M2I82M	DQ835511	AY865635
N	*	203	*	*	*	*	*	DQ842014	*
N	*	106	*	*	*	*	*	DQ849298	*
L	1308	211	*	*	*	*	*	FJ710810	*
H	1308	210	92.4	+	0	0	69M2I28M2D70MD6M2I34M	DQ855274	FJ710810
N	*	148	*	*	*	*	*	DQ860789	*
N	*	186	*	*	*	*	*	EU030349	*
L	771	181	*	*	*	*	*	EU707893	*
H	771	182	94.5	+	0	0	52M2D11MI117M	DQ885901	EU707893
N	*	228	*	*	*	*	*	DQ888717	*
L	284	180	*	*	*	*	*	DQ267594	*
H	284	180	98.9	+	0	0	180M	DQ923536	DQ267594
H	5044	250	91.6	+	0	0	10I23MD97M2D15MD27MD37MI40M6D	DQ974690	FJ890030
L	7536	226	*	*	*	*	*	AY061707	*
H	7536	222	90.5	+	0	0	7I46MD9MD16M2D19MI128M	DQ974757	AY061707
N	*	226	*	*	*	*	*	Z96988	*
N	*	250	*	*	*	*	*	UDB000396	*
L	8165	230	*	*	*	*	*	JN944002	*
H	8165	231	99.1	+	0	0	104MD126M	JF908709	JN944002
L	5195	250	*	*	*	*	*	FJ039648	*
H	5195	250	92.8	+	0	0	132M4D13MD83MD16M6I	EF014255	FJ039648
N	*	250	*	*	*	*	*	EF026136	*
L	5880	193	*	*	*	*	*	EF121860	*
H	5880	191	93.2	+	0	0	27MI115M2I21MD27M	EF121858	EF121860
N	*	183	*	*	*	*	*	EF029217	*
L	5867	250	*	*	*	*	*	EF093273	*
H	5867	250	97.6	+	0	0	189MD60MI	EF093299	EF093273
L	5875	250	*	*	*	*	*	EF093419	*
H	5875	250	99.6	+	0	0	29MD220MI	EF093316	EF093419
L	5864	250	*	*	*	*	*	EF093260	*
H	5864	250	99.6	+	0	0	250M	EF093428	EF093260
H	5867	250	99.2	+	0	0	250M	EF093462	EF093273
L	5004	83	*	*	*	*	*	AJ550892	*
H	5004	83	100.0	+	0	0	83M	EF104232	AJ550892
N	*	222	*	*	*	*	*	EF105414	*
L	7433	234	*	*	*	*	*	HM535599	*
H	7433	237	96.2	+	0	0	55MD113MD27MD39M	EF110616	HM535599
N	*	178	*	*	*	*	*	EF120414	*
N	*	250	*	*	*	*	*	EF121816	*
N	*	130	*	*	*	*	*	EF121866	*
N	*	250	*	*	*	*	*	EF141549	*
L	5892	239	*	*	*	*	*	EF175511	*
H	5892	236	90.3	+	0	0	5I56MD96MD82M	EF175521	EF175511
N	*	180	*	*	*	*	*	EF194154	*
N	*	186	*	*	*	*	*	EF197066	*
N	*	194	*	*	*	*	*	EF200013	*
L	880	250	*	*	*	*	*	EU819469	*
H	880	250	97.6	+	0	0	201MI48MD	JF961373	EU819469
N	*	174	*	*	*	*	*	EF363149	*
N	*	182	*	*	*	*	*	EF394856	*
N	*	250	*	*	*	*	*	EF409722	*
N	*	250	*	*	*	*	*	EF409735	*
N	*	250	*	*	*	*	*	EF409752	*
N	*	231	*	*	*	*	*	DQ974778	*
H	5593	224	97.3	+	0	0	4I80MI77MI67M	GQ412730	DQ132820
L	1582	250	*	*	*	*	*	AB454314	*
H	1582	250	90.0	+	0	0	2D59MD17MI66MD15MD88M4I	EU732726	AB454314
H	6128	205	95.5	+	0	0	55M2D60MD22M2D25M2D36M	EF420145	EU259283
L	2559	95	*	*	*	*	*	EF444842	*
H	2559	95	94.7	+	0	0	95M	DQ823428	EF444842
H	4287	197	91.9	+	0	0	20M3I21MD102M6I20MI33M	EF452446	GQ870276
N	*	164	*	*	*	*	*	EF520124	*
L	1086	195	*	*	*	*	*	UDB001146	*
H	1086	199	97.4	+	0	0	8D126MI40M3I25M	AY669683	UDB001146
N	*	250	*	*	*	*	*	AY176447	*
N	*	193	*	*	*	*	*	EF540753	*
H	247	250	90.8	+	0	0	45MD34MD102MI67MI	EF560674	AF335441
L	8606	250	*	*	*	*	*	EU181454	*
H	8606	250	100.0	+	0	0	250M	EU181448	EU181454
N	*	205	*	*	*	*	*	EU045430	*
H	5370	225	90.7	+	0	0	10I119M2D38MD65M	EF592152	AY533557
L	347	240	*	*	*	*	*	EF619561	*
H	347	241	90.8	+	0	0	99MD110MI11MD19M	EF619576	EF619561
L	5979	241	*	*	*	*	*	EF619582	*
H	5979	240	90.0	+	0	0	206MI34M	EF619581	EF619582
L	5986	198	*	*	*	*	*	EF621953	*
H	5986	201	98.0	+	0	0	59M2D13MD126M	EF621954	EF621953
N	*	250	*	*	*	*	*	EF631622	*
N	*	233	*	*	*	*	*	FJ428243	*
L	3195	216	*	*	*	*	*	AY373865	*
H	3195	209	99.5	+	0	0	8I174MD34M	EF652043	AY373865
N	*	237	*	*	*	*	*	AY216474	*
L	5796	215	*	*	*	*	*	DQ826736	*
H	5796	212	95.8	+	0	0	92MI30MI17MI73M	EU006543	DQ826736
N	*	250	*	*	*	*	*	EU816925	*
N	*	250	*	*	*	*	*	EU035313	*
H	445	193	90.6	+	0	0	26M3D75MI89M	EU035452	EU035438
H	445	191	93.2	+	0	0	191M	EU035465	EU035438
L	5852	195	*	*	*	*	*	EF029203	*
H	5852	197	95.4	+	0	0	110M2D85M	EU035449	EF029203
N	*	223	*	*	*	*	*	EU039965	*
N	*	193	*	*	*	*	*	EU041799	*
H	8544	250	94.8	+	0	0	61MI70MD62MI55MD	EU655680	FJ039640
L	8395	250	*	*	*	*	*	EU057076	*
H	8395	250	90.0	+	0	0	26MD35MI71MD46MD69M2I	EU056991	EU057076
H	3956	250	100.0	+	0	0	250M	EU057048	DQ083783
L	3427	144	*	*	*	*	*	AY242817	*
H	3427	145	91.7	+	0	0	50MI30M3D43MI19M	EU070923	AY242817
N	*	113	*	*	*	*	*	EU075537	*
N	*	120	*	*	*	*	*	EU075544	*
N	*	121	*	*	*	*	*	EU075548	*
N	*	119	*	*	*	*	*	EU075549	*
N	*	250	*	*	*	*	*	EU118610	*
L	2823	250	*	*	*	*	*	AF506435	*
H	2823	250	100.0	+	0	0	250M	EU118643	AF506435
L	3902	231	*	*	*	*	*	AF210828	*
H	3902	232	93.9	+	0	0	44MD187M	EU118651	AF210828
N	*	231	*	*	*	*	*	EU118654	*
N	*	228	*	*	*	*	*	EU118657	*
N	*	229	*	*	*	*	*	EU118662	*
L	4011	250	*	*	*	*	*	DQ144618	*
H	4011	250	100.0	+	0	0	250M	EU118671	DQ144618
N	*	250	*	*	*	*	*	EU141950	*
L	6089	222	*	*	*	*	*	EU142917	*
H	6089	223	90.1	+	0	0	71MD151M	EU142924	EU142917
N	*	114	*	*	*	*	*	EU142933	*
L	2890	250	*	*	*	*	*	FJ501572	*
H	2890	250	90.8	+	0	0	10I35MI15MI14M2I17MI68M2I84M17D	EU145950	FJ501572
N	*	147	*	*	*	*	*	EU168113	*
N	*	172	*	*	*	*	*	EU178739	*
N	*	194	*	*	*	*	*	EU179863	*
N	*	168	*	*	*	*	*	EU179869	*
L	264	250	*	*	*	*	*	EU257567	*
H	264	250	91.6	+	0	0	7D68MI74M3D98M9I	EU181215	EU257567
L	7546	230	*	*	*	*	*	HQ234598	*
H	7546	230	94.8	+	0	0	230M	EU192150	HQ234598
N	*	231	*	*	*	*	*	EU192152	*
L	2047	231	*	*	*	*	*	GU723418	*
H	2047	231	90.5	+	0	0	125MD78MI27M	EU192156	GU723418
L	6121	202	*	*	*	*	*	EU249480	*
H	6121	201	95.5	+	0	0	24MI177M	EU249483	EU249480
L	7004	224	*	*	*	*	*	GQ452265	*
H	7004	98	96.9	+	0	0	125I35MI63M	EU254761	GQ452265
H	3880	102	91.6	+	0	0	5D23MD40MD32M	EU254782	HQ414605
L	6125	86	*	*	*	*	*	EU254872	*
H	6125	86	98.8	+	0	0	86M	EU254870	EU254872
N	*	227	*	*	*	*	*	EU259900	*
L	7099	226	*	*	*	*	*	AF332120	*
H	7099	216	90.3	+	0	0	9I37MI179M	EU263921	AF332120
N	*	230	*	*	*	*	*	EU263923	*
L	6604	131	*	*	*	*	*	AY562157	*
H	6604	140	97.7	+	0	0	8D108MD23M	EU266500	AY562157
H	5063	148	93.2	+	0	0	28M3I22MI34MI64M	EU266558	AM159634
L	5729	203	*	*	*	*	*	EU266658	*
H	5729	216	99.0	+	0	0	3D117M6D26M4D60M	EU266667	EU266658
L	2735	241	*	*	*	*	*	JF701742	*
H	2735	214	90.2	+	0	0	2D22MI11M2I17M16I19MI38M5I13M3I19MI13M2I35M2D23M	EU273525	JF701742
N	*	250	*	*	*	*	*	EU293829	*
L	7015	182	*	*	*	*	*	EU882120	*
H	7015	173	100.0	+	0	0	8I22MI151M	AY752149	EU882120
N	*	181	*	*	*	*	*	EU340896	*
N	*	250	*	*	*	*	*	EU365877	*
L	810	214	*	*	*	*	*	EU552127	*
H	810	202	93.1	+	0	0	8I49MD22M6I38MD91M	EU367450	EU552127
H	4527	217	97.7	+	0	0	3D190M2I24M	EU401764	AF115758
N	*	190	*	*	*	*	*	EU402556	*
N	*	240	*	*	*	*	*	EU402582	*
L	5900	235	*	*	*	*	*	EU409588	*
H	5900	249	91.9	+	0	0	119MD10MI17M2D7M7D13M4D13MD55M	EU409583	EU409588
H	5900	227	93.8	+	0	0	82MD55M13I18M4D67M	EU409592	EU409588
H	3260	106	95.3	+	0	0	106M	EU427038	GU174578
L	5439	198	*	*	*	*	*	FJ717531	*
H	5439	198	95.5	+	0	0	3D111MD16M3I8MI59M	EU693241	FJ717531
N	*	201	*	*	*	*	*	EU435150	*
N	*	228	*	*	*	*	*	AB470483	*
H	8079	250	95.2	+	0	0	21M2D67MI41MI20M2I97M2D	EU785386	EU785396
H	2884	250	91.9	+	0	0	10D40M5I83MD41M2I45MI30M	EU784300	FM208880
N	*	192	*	*	*	*	*	EU520121	*
L	7298	214	*	*	*	*	*	GQ870285	*
H	7298	148	93.9	+	0	0	63I30M3I118M	FJ441665	GQ870285
L	8071	236	*	*	*	*	*	FJ442664	*
H	8071	235	96.2	+	0	0	168MI67M	EU520212	FJ442664
N	*	218	*	*	*	*	*	EU552098	*
N	*	219	*	*	*	*	*	EU552100	*
L	2466	182	*	*	*	*	*	HQ599594	*
H	2466	182	91.2	+	0	0	32MI25MD124M	EU707892	HQ599594
L	6431	182	*	*	*	*	*	EU863526	*
H	6431	218	92.3	+	0	0	60MD15M16D12M6D12M14D33MI49M	EU552158	EU863526
N	*	177	*	*	*	*	*	FJ534875	*
N	*	163	*	*	*	*	*	EU558720	*
H	833	181	92.0	+	0	0	43MD28MD39M4D44MD20M	EU558727	AF351139
H	720	223	96.4	+	0	0	223M	FJ415314	EU639631
L	879	250	*	*	*	*	*	EU819446	*
H	879	250	94.8	+	0	0	159MI30MI59M2D	FJ845446	EU819446
N	*	250	*	*	*	*	*	UDB002430	*
N	*	225	*	*	*	*	*	EU598202	*
N	*	175	*	*	*	*	*	EU621831	*
N	*	250	*	*	*	*	*	EU623685	*
N	*	250	*	*	*	*	*	EU623724	*
N	*	236	*	*	*	*	*	EU819497	*
N	*	241	*	*	*	*	*	AY569024	*
L	8388	250	*	*	*	*	*	DQ663347	*
H	8388	250	96.0	+	0	0	10D240M10I	EU655664	DQ663347
H	8544	250	93.6	+	0	0	134M3D30MD82M4I	EU056967	FJ039640
L	5841	250	*	*	*	*	*	EF014276	*
H	5841	250	95.2	+	0	0	114MI16MI28MI89M3D	EU655656	EF014276
H	382	241	90.8	+	0	0	73MD167M	EU659130	AF399884
L	5730	198	*	*	*	*	*	HQ604725	*
H	5730	204	99.0	+	0	0	10MD106MD18MD43M3D21M	JF907949	HQ604725
L	4844	204	*	*	*	*	*	AF490395	*
H	4844	217	96.6	+	0	0	51M8D66M2D17M2D51MD19M	UDB000774	AF490395
L	1534	85	*	*	*	*	*	GU184101	*
H	1534	85	96.5	+	0	0	85M	FR694202	GU184101
L	2779	201	*	*	*	*	*	HQ845170	*
H	2779	202	96.5	+	0	0	22MI121MD20MD37M	DQ120757	HQ845170
L	2813	250	*	*	*	*	*	AF506379	*
H	2813	145	91.0	+	0	0	37I145M68I	EU669351	AF506379
N	*	250	*	*	*	*	*	EU669360	*
L	4615	210	*	*	*	*	*	AF224446	*
H	4615	210	97.1	+	0	0	141MD46MI22M	EU670215	AF224446
L	4614	201	*	*	*	*	*	AF224444	*
H	4614	210	94.0	+	0	0	6D91M2D39MD71M	EU670226	AF224444
L	6312	209	*	*	*	*	*	EU670229	*
H	6312	209	98.6	+	0	0	209M	EU670233	EU670229
L	6319	239	*	*	*	*	*	EU681308	*
H	6319	239	97.5	+	0	0	239M	EU681306	EU681308
L	6322	232	*	*	*	*	*	EU681316	*
H	6322	229	94.8	+	0	0	31MI16MI76MD71M2I34M	EU681317	EU681316
N	*	230	*	*	*	*	*	EU681320	*
L	6324	237	*	*	*	*	*	EU681321	*
H	6324	235	93.2	+	0	0	49M2I186M	EU681325	EU681321
N	*	159	*	*	*	*	*	EU591956	*
L	7541	187	*	*	*	*	*	HQ222863	*
H	7541	188	92.5	+	0	0	33M2D93MD32M2I27M	JQ256430	HQ222863
H	6330	191	95.1	+	0	0	32MD30M2D12MI47M3D10MD12M3D38M	EU692777	EU692771
N	*	250	*	*	*	*	*	EU706328	*
L	1857	189	*	*	*	*	*	GU214627	*
H	1857	180	95.6	+	0	0	22MI11M5I57M2I63MI27M	EU707864	GU214627
H	6344	233	93.6	+	0	0	53MD91M3I63M12I25M	JF908705	AF418612
L	2269	237	*	*	*	*	*	GU067744	*
H	2269	236	98.7	+	0	0	153MI83M	EU715685	GU067744
N	*	250	*	*	*	*	*	EU715686	*
N	*	217	*	*	*	*	*	EU718103	*
N	*	200	*	*	*	*	*	EU718104	*
L	6635	187	*	*	*	*	*	FJ624268	*
H	6635	188	93.6	+	0	0	89MD98M	EU860058	FJ624268
N	*	250	*	*	*	*	*	EU784201	*
L	7919	250	*	*	*	*	*	JF907992	*
H	7919	250	90.4	+	0	0	8MI68MI41MI9M3I57M3I29MD29M8D	EU784203	JF907992
N	*	250	*	*	*	*	*	EU784205	*
N	*	250	*	*	*	*	*	EU784210	*
N	*	250	*	*	*	*	*	EU784207	*
N	*	183	*	*	*	*	*	EU784227	*
N	*	183	*	*	*	*	*	EU784271	*
N	*	229	*	*	*	*	*	EU784286	*
N	*	250	*	*	*	*	*	EU784323	*
N	*	236	*	*	*	*	*	EU784330	*
N	*	250	*	*	*	*	*	EU784372	*
N	*	190	*	*	*	*	*	EU784379	*
L	4483	166	*	*	*	*	*	AF072087	*
H	4483	237	96.4	+	0	0	70D92MD74M	EU784392	AF072087
L	4072	250	*	*	*	*	*	EU186273	*
H	4072	250	90.4	+	0	0	4I115M5D19MI63MD12MD34M2I	FJ596899	EU186273
N	*	188	*	*	*	*	*	EU819450	*
N	*	250	*	*	*	*	*	EU819461	*
N	*	219	*	*	*	*	*	EU819526	*
H	3813	202	94.6	+	0	0	35MI59MD17MD24MD38M3I26M	FJ717558	FJ039676
N	*	250	*	*	*	*	*	EU834214	*
N	*	250	*	*	*	*	*	EU846240	*
H	4065	83	90.4	+	0	0	140I52MI31M	AF439474	FJ605260
N	*	173	*	*	*	*	*	EU860056	*
N	*	226	*	*	*	*	*	EU863524	*
L	5911	180	*	*	*	*	*	EF197076	*
H	5911	181	97.8	+	0	0	150MD30M	EU888913	EF197076
L	912	211	*	*	*	*	*	EU913701	*
H	912	214	90.0	+	0	0	5I75MD19M7D20MD71MI20M	EU913713	EU913701
N	*	199	*	*	*	*	*	EU913720	*
H	912	233	93.8	+	0	0	I9MD23MD47MD11M15D14M5D14MD71MI20M	EU913722	EU913701
L	2002	204	*	*	*	*	*	GU968423	*
H	2002	196	98.0	+	0	0	9MI9M2I45MI39MI54M2I30MI10M	FJ582636	GU968423
H	5631	186	94.7	+	0	0	58M2D24M11D17MD18MD17MD36M	EU926221	DQ247776
N	*	185	*	*	*	*	*	EU926284	*
H	6444	250	92.3	+	0	0	132M6D16MI21MI75M2I	EU935525	EU935532
L	6882	207	*	*	*	*	*	EU128647	*
H	6882	202	99.0	+	0	0	5I202M	FJ230990	EU128647
L	2442	177	*	*	*	*	*	EU551207	*
H	2442	178	97.2	+	0	0	111MD66M	EU551212	EU551207
H	3800	250	90.0	+	0	0	85MD47MD14MD9MD12MD21MD16MD10MD15MD12M9I	FJ157057	AY669516
H	255	230	99.1	+	0	0	5I14MI19MD128M4I68M	EU330951	EU076919
N	*	113	*	*	*	*	*	FJ196773	*
N	*	114	*	*	*	*	*	FJ196774	*
H	8507	250	90.4	+	0	0	6I36MD149M2I57M7D	EU598169	AF140262
L	8312	210	*	*	*	*	*	EF644119	*
H	8312	210	99.5	+	0	0	210M	EF493247	EF644119
N	*	250	*	*	*	*	*	JF908254	*
N	*	250	*	*	*	*	*	DQ067579	*
L	6812	250	*	*	*	*	*	AY129341	*
H	6812	250	100.0	+	0	0	250M	AY818349	AY129341
N	*	248	*	*	*	*	*	FJ234198	*
N	*	214	*	*	*	*	*	FJ356151	*
L	1450	230	*	*	*	*	*	FJ357314	*
H	1450	237	97.8	+	0	0	48M2D31M4D9MD72MI49MD20M	FJ357312	FJ357314
L	2853	215	*	*	*	*	*	FJ266477	*
H	2853	201	92.5	+	0	0	40M14I161M	FJ357315	FJ266477
N	*	217	*	*	*	*	*	FJ372391	*
N	*	242	*	*	*	*	*	FJ372685	*
H	3699	219	92.7	+	0	0	54M2D19M2I89MI55M	FJ380933	AY695067
L	2252	218	*	*	*	*	*	AY265223	*
H	2252	205	96.6	+	0	0	8I124MI39M2I17MI7MI18M	FJ389932	AY265223
L	2184	217	*	*	*	*	*	GU934506	*
H	2184	214	93.9	+	0	0	7I113M4D97M	FJ389933	GU934506
L	1443	227	*	*	*	*	*	FJ411082	*
H	1443	227	94.7	+	0	0	227M	FJ411085	FJ411082
N	*	232	*	*	*	*	*	FJ411100	*
L	6532	205	*	*	*	*	*	FJ431229	*
H	6532	215	95.1	+	0	0	68MI46M11D90M	FJ431221	FJ431229
L	6528	218	*	*	*	*	*	FJ431224	*
H	6528	210	94.3	+	0	0	65MI52M6I57MI36M	FJ431230	FJ431224
N	*	181	*	*	*	*	*	FJ431241	*
L	6527	215	*	*	*	*	*	FJ431223	*
H	6527	213	90.1	+	0	0	5MI12M5I12MI126M2D13M3D40M	FJ431254	FJ431223
L	1017	225	*	*	*	*	*	FJ845434	*
H	1017	226	98.2	+	0	0	31MD194M	DQ367914	FJ845434
L	4360	213	*	*	*	*	*	AB451972	*
H	4360	211	93.8	+	0	0	59MD116M3I35M	FJ375328	AB451972
L	554	250	*	*	*	*	*	FJ596767	*
H	554	250	98.0	+	0	0	2D248M2I	FJ467354	FJ596767
L	7844	250	*	*	*	*	*	JF514524	*
H	7844	250	95.6	+	0	0	187MI28MD34M	FJ478118	JF514524
L	5603	237	*	*	*	*	*	DQ182503	*
H	5603	250	90.3	+	0	0	117M4D16M8D5M4D16MD46MD32M5I	FJ478119	DQ182503
L	5594	171	*	*	*	*	*	DQ137887	*
H	5594	198	99.4	+	0	0	27D171M	FJ487946	DQ137887
L	7699	221	*	*	*	*	*	DQ232664	*
H	7699	224	95.9	+	0	0	190M3D31M	FJ494949	DQ232664
L	2649	178	*	*	*	*	*	AY257968	*
H	2649	183	92.1	+	0	0	71MD55MD20M3D32M	GQ292453	AY257968
N	*	224	*	*	*	*	*	DQ069001	*
L	7766	197	*	*	*	*	*	HQ897813	*
H	7766	195	93.3	+	0	0	29MD59M2I36MI70M	FJ560438	HQ897813
L	3074	250	*	*	*	*	*	JF908007	*
H	3074	250	94.0	+	0	0	144M2D104M2I	GQ166906	JF908007
N	*	250	*	*	*	*	*	FJ596889	*
N	*	250	*	*	*	*	*	FJ596913	*
N	*	246	*	*	*	*	*	FJ596915	*
N	*	101	*	*	*	*	*	FJ623593	*
N	*	195	*	*	*	*	*	FJ644282	*
N	*	250	*	*	*	*	*	FJ644289	*
L	8083	206	*	*	*	*	*	FJ664862	*
H	8083	208	91.3	+	0	0	154M3D20MI31M	FJ664824	FJ664862
N	*	100	*	*	*	*	*	EU553501	*
H	8083	207	91.3	+	0	0	155MD51M	FJ664877	FJ664862
H	3800	250	96.4	+	0	0	250M	FJ717601	AY669516
L	6674	250	*	*	*	*	*	FJ770398	*
H	6674	250	94.0	+	0	0	8D242M8I	FJ770394	FJ770398
N	*	250	*	*	*	*	*	FJ790314	*
L	3672	228	*	*	*	*	*	AF126906	*
H	3672	219	95.9	+	0	0	10I149MD69M	FJ798705	AF126906
N	*	250	*	*	*	*	*	GQ397994	*
L	6690	142	*	*	*	*	*	FJ809860	*
H	6690	141	90.8	+	0	0	62MI79M	FJ809864	FJ809860
L	7369	250	*	*	*	*	*	HM119490	*
H	7369	250	92.4	+	0	0	250M	FJ810142	HM119490
L	1231	233	*	*	*	*	*	AY061728	*
H	1231	235	92.7	+	0	0	I72MI13MD61MD45M2D40M	EU350580	AY061728
N	*	250	*	*	*	*	*	FJ827743	*
L	8519	250	*	*	*	*	*	UDB011572	*
H	8519	250	98.4	+	0	0	2D6MD15M2I226MI	FJ845445	UDB011572
H	3867	156	95.5	+	0	0	42MD37MD75M	FJ860739	AY865635
H	1238	180	92.9	+	0	0	77M4D17M6D76M	FJ860760	AY865631
N	*	174	*	*	*	*	*	FJ860773	*
L	3736	238	*	*	*	*	*	FJ442607	*
H	3736	181	94.5	+	0	0	66I99M8D27MD46M	FJ860801	FJ442607
N	*	150	*	*	*	*	*	FJ860805	*
H	2887	191	93.7	+	0	0	122MD68M	FJ871083	DQ001298
N	*	186	*	*	*	*	*	FJ871095	*
L	7286	190	*	*	*	*	*	GU827325	*
H	7286	191	96.3	+	0	0	103MD87M	FJ871099	GU827325
L	2218	193	*	*	*	*	*	EU673327	*
H	2218	175	92.6	+	0	0	48M2I37M16I90M	EF622086	EU673327
L	8542	229	*	*	*	*	*	UDB011716	*
H	8542	230	99.6	+	0	0	2D23MI205M	AY129359	UDB011716
N	*	250	*	*	*	*	*	AM882776	*
L	3087	250	*	*	*	*	*	JF908099	*
H	3087	250	99.2	+	0	0	25MI224MD	FJ904160	JF908099
L	3266	249	*	*	*	*	*	HQ201351	*
H	3266	250	92.8	+	0	0	34M7D17MI18MI33M2I90MI51MI	FJ904175	HQ201351
N	*	181	*	*	*	*	*	FJ904674	*
H	1158	142	96.5	+	0	0	25M2I20MD96M	FM163215	FM163194
H	5666	180	92.8	+	0	0	40MI140M	AF173310	DQ466083
N	*	128	*	*	*	*	*	FM205597	*
N	*	108	*	*	*	*	*	FM876211	*
L	7737	151	*	*	*	*	*	JF907846	*
H	7737	139	91.4	+	0	0	23M2I41M7I42M3I33M	FM878027	JF907846
N	*	247	*	*	*	*	*	FJ596779	*
N	*	124	*	*	*	*	*	FN185795	*
N	*	250	*	*	*	*	*	FN293018	*
N	*	142	*	*	*	*	*	FN549910	*
L	7733	129	*	*	*	*	*	HQ847012	*
H	7733	136	94.6	+	0	0	16M6D33MD80M	FN396125	HQ847012
N	*	250	*	*	*	*	*	FN396131	*
L	1161	135	*	*	*	*	*	FM163228	*
H	1161	136	94.1	+	0	0	27MD108M	FM163227	FM163228
L	4797	172	*	*	*	*	*	AF444643	*
H	4797	173	94.2	+	0	0	115MD57M	FN428895	AF444643
L	489	237	*	*	*	*	*	FJ903322	*
H	489	131	90.8	+	0	0	106I131M	FN539054	FJ903322
N	*	108	*	*	*	*	*	FM876826	*
N	*	176	*	*	*	*	*	FN547526	*
N	*	134	*	*	*	*	*	FN549914	*
N	*	250	*	*	*	*	*	FN550931	*
N	*	250	*	*	*	*	*	FN666413	*
L	5336	250	*	*	*	*	*	AY461818	*
H	5336	250	91.2	+	0	0	35M2I91M3D8M5D24M2I65MD18M5I	JN159574	AY461818
H	3195	211	96.7	+	0	0	8I102M2D72MD34M	EF652039	AY373865
N	*	233	*	*	*	*	*	JF520432	*
N	*	110	*	*	*	*	*	FR750150	*
H	2697	250	93.6	+	0	0	7I152M8D39MD50M2I	GU479300	GU479324
L	6161	210	*	*	*	*	*	FJ914680	*
H	6161	203	97.0	+	0	0	7I90MI80MD32M	FR799497	FJ914680
N	*	98	*	*	*	*	*	FM205667	*
N	*	250	*	*	*	*	*	FN550907	*
L	5749	250	*	*	*	*	*	JQ711864	*
H	5749	250	96.4	+	0	0	32M2I63MD24MI15MI43M2I67M5D	HM189800	JQ711864
N	*	195	*	*	*	*	*	EU718123	*
N	*	141	*	*	*	*	*	GQ219731	*
H	8471	226	96.3	+	0	0	2D7M2D62MD26M3D20MD59M2D41M	AF418631	UDB011124
L	2536	131	*	*	*	*	*	HM485370	*
H	2536	133	93.9	+	0	0	51M2D80M	AY830855	HM485370
N	*	233	*	*	*	*	*	GQ250009	*
N	*	156	*	*	*	*	*	GQ250408	*
H	255	237	97.5	+	0	0	39MD106MD22M4I68M	FJ610288	EU076919
N	*	250	*	*	*	*	*	GQ258471	*
N	*	192	*	*	*	*	*	GQ267190	*
L	85	235	*	*	*	*	*	FJ010360	*
H	85	236	95.3	+	0	0	103MD6MD68MI57M	GQ303275	FJ010360
H	300	183	96.2	+	0	0	149MD33M	GQ303288	GQ852764
N	*	152	*	*	*	*	*	GQ338074	*
L	2071	227	*	*	*	*	*	EU266099	*
H	2071	224	92.4	+	0	0	2I112MD81M2I30M	GQ344481	EU266099
N	*	230	*	*	*	*	*	GQ409518	*
L	6991	225	*	*	*	*	*	GQ479834	*
H	6991	217	97.2	+	0	0	8I217M	AY444770	GQ479834
L	5340	227	*	*	*	*	*	AY471642	*
H	5340	223	94.2	+	0	0	32MI99MI33MI30MI29M	GQ479830	AY471642
L	7513	241	*	*	*	*	*	EU301051	*
H	7513	231	100.0	+	0	0	10I231M	AY339334	EU301051
L	7002	208	*	*	*	*	*	JQ946395	*
H	7002	208	100.0	+	0	0	208M	DQ681321	JQ946395
N	*	205	*	*	*	*	*	FN428890	*
H	1708	179	91.1	+	0	0	44MD102MI32M	GQ852801	GQ852796
N	*	221	*	*	*	*	*	GQ856142	*
H	7525	187	90.1	+	0	0	36MD59MD40M3D23MD23M	GQ890352	FJ866504
L	3503	183	*	*	*	*	*	EU151483	*
H	3503	183	100.0	+	0	0	183M	EF152433	EU151483
L	7042	202	*	*	*	*	*	GQ925398	*
H	7042	206	93.1	+	0	0	26M2D23MI86MD43M2D23M	GQ925396	GQ925398
L	7344	250	*	*	*	*	*	HM037710	*
H	7344	250	100.0	+	0	0	250M	JF491434	HM037710
L	3900	231	*	*	*	*	*	AF210827	*
H	3900	229	90.8	+	0	0	37MI116MI76M	AF085492	AF210827
L	1191	188	*	*	*	*	*	FJ481021	*
H	1191	188	96.8	+	0	0	188M	HM046908	FJ481021
H	5603	240	94.1	+	0	0	30MD88MD23MD96M	JF908516	DQ182503
N	*	250	*	*	*	*	*	GU058016	*
N	*	221	*	*	*	*	*	GU059594	*
H	2592	227	94.3	+	0	0	129MI34MI12MI7MI45M	EU259898	HQ605927
N	*	169	*	*	*	*	*	GU138701	*
L	1810	162	*	*	*	*	*	GU138733	*
H	1810	164	90.7	+	0	0	137M2D25M	GU138730	GU138733
N	*	175	*	*	*	*	*	GU174764	*
N	*	203	*	*	*	*	*	EU034672	*
N	*	224	*	*	*	*	*	GU187546	*
N	*	250	*	*	*	*	*	GU187556	*
L	5573	232	*	*	*	*	*	DQ056860	*
H	5573	227	96.0	+	0	0	4I121MI11MD77MI17M	GU207250	DQ056860
H	3746	246	90.9	+	0	0	4I116M6D12M12D42MD57M	GU207275	AF079584
L	5929	231	*	*	*	*	*	EF559274	*
H	5929	243	92.6	+	0	0	10D126MD23MD82M	GU222317	EF559274
H	6464	250	94.4	+	0	0	29MI105M5I110M6D	GU222321	FJ039703
L	7169	250	*	*	*	*	*	GU233339	*
H	7169	250	95.6	+	0	0	22MD108M2D28MI45MI20MI24M	GU222322	GU233339
L	7148	227	*	*	*	*	*	GU222261	*
H	7148	224	97.3	+	0	0	32M2I112MI80M	GU222324	GU222261
N	*	226	*	*	*	*	*	GU233318	*
N	*	250	*	*	*	*	*	GU233328	*
N	*	250	*	*	*	*	*	GU233332	*
L	7159	250	*	*	*	*	*	GU222328	*
H	7159	250	92.4	+	0	0	129M4I27MI39M4D33MD17M	GU233333	GU222328
H	1218	250	92.0	+	0	0	159M2D38MD50M3I	GU233334	AY033116
N	*	235	*	*	*	*	*	GU222268	*
N	*	250	*	*	*	*	*	GU233353	*
L	1839	250	*	*	*	*	*	GU233361	*
H	1839	250	91.2	+	0	0	51M2I119MI13M4I60M7D	GU233365	GU233361
N	*	250	*	*	*	*	*	GU233367	*
N	*	112	*	*	*	*	*	GU246248	*
L	7196	232	*	*	*	*	*	GU258286	*
H	7196	229	96.1	+	0	0	28MD25MI38MI36M2I101M	GU258269	GU258286
L	7197	233	*	*	*	*	*	GU222290	*
H	7197	231	95.7	+	0	0	155M2I76M	GU258280	GU222290
N	*	234	*	*	*	*	*	GU258294	*
N	*	225	*	*	*	*	*	GU258297	*
N	*	82	*	*	*	*	*	GU291800	*
N	*	187	*	*	*	*	*	GU292819	*
N	*	199	*	*	*	*	*	GU300071	*
N	*	174	*	*	*	*	*	GU300074	*
N	*	228	*	*	*	*	*	GU300077	*
N	*	216	*	*	*	*	*	GU300081	*
N	*	215	*	*	*	*	*	GU322455	*
N	*	199	*	*	*	*	*	GU322459	*
N	*	216	*	*	*	*	*	EU179868	*
N	*	136	*	*	*	*	*	GU327540	*
L	4805	134	*	*	*	*	*	AF453288	*
H	4805	134	94.0	+	0	0	134M	AF314969	AF453288
N	*	250	*	*	*	*	*	FJ596879	*
N	*	250	*	*	*	*	*	GU350628	*
L	5840	250	*	*	*	*	*	EF014269	*
H	5840	250	95.2	+	0	0	3I247M3D	DQ663293	EF014269
L	6347	211	*	*	*	*	*	EU715684	*
H	6347	209	94.7	+	0	0	92M2I117M	GU373810	EU715684
N	*	231	*	*	*	*	*	GU461960	*
N	*	250	*	*	*	*	*	GU461963	*
N	*	250	*	*	*	*	*	GU461970	*
N	*	232	*	*	*	*	*	GU474783	*
L	1070	250	*	*	*	*	*	EU784364	*
H	1070	250	93.2	+	0	0	127MD59MI63M	GU479288	EU784364
N	*	204	*	*	*	*	*	GU553301	*
L	1780	250	*	*	*	*	*	AY129373	*
H	1780	250	96.0	+	0	0	132M2I15MI100M3D	GU565181	AY129373
N	*	209	*	*	*	*	*	GU594152	*
N	*	250	*	*	*	*	*	DQ478655	*
N	*	147	*	*	*	*	*	FJ601808	*
H	2887	193	95.8	+	0	0	80MD6MD71MD33M	FJ871094	DQ001298
L	7284	189	*	*	*	*	*	FJ871089	*
H	7284	189	96.3	+	0	0	189M	GU827320	FJ871089
L	1416	189	*	*	*	*	*	FJ871071	*
H	1416	191	93.7	+	0	0	85MD14MD90M	GU827328	FJ871071
N	*	248	*	*	*	*	*	AY772739	*
L	2262	189	*	*	*	*	*	GU256742	*
H	2262	193	92.1	+	0	0	3D99MD90M	GU934587	GU256742
L	5182	201	*	*	*	*	*	FJ230995	*
H	5182	209	99.5	+	0	0	8D201M	AY373928	FJ230995
N	*	200	*	*	*	*	*	DQ478662	*
L	7304	250	*	*	*	*	*	GU980613	*
H	7304	250	98.0	+	0	0	8MI50M2I84MI104M4D	EF655685	GU980613
N	*	250	*	*	*	*	*	FN550940	*
N	*	245	*	*	*	*	*	FJ644283	*
L	7467	222	*	*	*	*	*	HM578947	*
H	7467	222	90.5	+	0	0	222M	GU992341	HM578947
N	*	199	*	*	*	*	*	FJ624265	*
N	*	250	*	*	*	*	*	HM005076	*
L	7910	197	*	*	*	*	*	JF907912	*
H	7910	211	97.5	+	0	0	113M13D24MD60M	HM017844	JF907912
N	*	103	*	*	*	*	*	DQ249276	*
H	3082	250	94.4	+	0	0	54MD95M7I81MD13M5D	FJ816639	FJ168588
L	6235	232	*	*	*	*	*	EU552163	*
H	6235	202	97.0	+	0	0	97M30I105M	HM037979	EU552163
L	7503	102	*	*	*	*	*	HM131363	*
H	7503	200	94.1	+	0	0	43M3I56M101D	HM057148	HM131363
H	5033	183	100.0	+	0	0	6I183M	EU448278	FJ878648
N	*	229	*	*	*	*	*	HM060320	*
L	6725	250	*	*	*	*	*	FJ845425	*
H	6725	250	91.6	+	0	0	94MD38M2I18MI28M3D25M2D41M3I	GU222275	FJ845425
H	3051	250	93.2	+	0	0	115MD126MI8M	HM119487	JF907804
N	*	250	*	*	*	*	*	FM208879	*
L	4166	115	*	*	*	*	*	EF530942	*
H	4166	114	97.4	+	0	0	42MI72M	GU234046	EF530942
H	369	205	97.1	+	0	0	185MI20M	HM161455	AF297669
H	2390	205	96.6	+	0	0	191MI14M	HM161483	HM161482
N	*	149	*	*	*	*	*	AY616703	*
H	997	208	91.3	+	0	0	208M	FJ861419	AJ608946
L	6175	225	*	*	*	*	*	EU367445	*
H	6175	226	95.1	+	0	0	72MD16M3D12MI14MD83M3I24M	EU367451	EU367445
N	*	250	*	*	*	*	*	AF345824	*
N	*	233	*	*	*	*	*	HM246493	*
L	2754	228	*	*	*	*	*	JF415141	*
H	2754	222	90.1	+	0	0	2D23MI64MI52MI46M3I8M2I27M	JF415137	JF415141
N	*	223	*	*	*	*	*	FJ436331	*
N	*	179	*	*	*	*	*	HM449051	*
H	7399	129	92.9	+	0	0	22MD7MD43MD54M	HM484546	HM484539
N	*	214	*	*	*	*	*	FJ903299	*
L	7853	219	*	*	*	*	*	GQ337913	*
H	7853	217	93.1	+	0	0	124MI21MD16M2I55M	HM536092	GQ337913
N	*	250	*	*	*	*	*	HM562089	*
N	*	250	*	*	*	*	*	HM562113	*
L	7457	250	*	*	*	*	*	HM562117	*
H	7457	250	93.6	+	0	0	3D247M3I	HM562186	HM562117
N	*	237	*	*	*	*	*	HM562213	*
N	*	250	*	*	*	*	*	HM623128	*
H	3503	182	100.0	+	0	0	I182M	HM776423	EU151483
L	721	212	*	*	*	*	*	EU639637	*
H	721	213	91.5	+	0	0	35M2I156M3D19M	EU639639	EU639637
N	*	244	*	*	*	*	*	FJ201774	*
L	5468	247	*	*	*	*	*	AY740154	*
H	5468	250	91.5	+	0	0	7D23M2D76MD141M7I	HQ013087	AY740154
H	5407	185	90.8	+	0	0	8D27M6D59M2I85M	HQ162266	AY607017
N	*	211	*	*	*	*	*	HQ168400	*
N	*	218	*	*	*	*	*	HQ171226	*
N	*	250	*	*	*	*	*	HQ185701	*
L	899	215	*	*	*	*	*	EU673340	*
H	899	209	95.7	+	0	0	104M6I105M	HQ199224	EU673340
L	7114	237	*	*	*	*	*	EU819428	*
H	7114	236	98.7	+	0	0	143MI93M	JF908673	EU819428
L	3122	223	*	*	*	*	*	JF908700	*
H	3122	220	99.1	+	0	0	2I6MI214M	UDB011203	JF908700
N	*	248	*	*	*	*	*	GU234148	*
L	5121	196	*	*	*	*	*	AJ866977	*
H	5121	196	96.4	+	0	0	196M	AY038829	AJ866977
N	*	191	*	*	*	*	*	HQ222869	*
L	5492	180	*	*	*	*	*	AY789311	*
H	5492	180	96.1	+	0	0	180M	HQ222874	AY789311
L	8027	220	*	*	*	*	*	FJ372691	*
H	8027	216	99.1	+	0	0	5I13MD202M	FJ711054	FJ372691
N	*	133	*	*	*	*	*	HQ259264	*
L	2339	226	*	*	*	*	*	HQ318250	*
H	2339	221	95.9	+	0	0	55M3I47MI30MI4MI54MD30M	HQ318236	HQ318250
N	*	219	*	*	*	*	*	HQ318282	*
H	7889	171	100.0	+	0	0	4I171M	AY752142	JF747034
H	1308	204	95.1	+	0	0	8I87M2D55MI60M	EU814475	FJ710810
H	1452	222	97.7	+	0	0	8D29MI17MD111MI56M	HQ377280	GQ293943
N	*	219	*	*	*	*	*	HQ428123	*
L	6296	200	*	*	*	*	*	DQ102686	*
H	6296	200	97.5	+	0	0	200M	AY669690	DQ102686
L	7307	250	*	*	*	*	*	GU117107	*
H	7307	250	95.6	+	0	0	89MD58MD43MI58MI	FJ378880	GU117107
N	*	250	*	*	*	*	*	HQ533018	*
N	*	250	*	*	*	*	*	HQ533021	*
N	*	236	*	*	*	*	*	HQ533039	*
N	*	250	*	*	*	*	*	HQ586865	*
N	*	250	*	*	*	*	*	HQ599405	*
N	*	250	*	*	*	*	*	HQ599408	*
N	*	250	*	*	*	*	*	HQ599391	*
L	7146	209	*	*	*	*	*	GU214633	*
H	7146	212	91.9	+	0	0	99M6D44MI32M2I31M	HQ599605	GU214633
L	3090	250	*	*	*	*	*	JF908135	*
H	3090	250	90.4	+	0	0	55M5I61M2I127M7D	GQ994981	JF908135
L	7348	250	*	*	*	*	*	AF325578	*
H	7348	250	94.4	+	0	0	2D126MD77MD43M4I	FJ039694	AF325578
L	1442	250	*	*	*	*	*	AB470888	*
H	1442	250	94.4	+	0	0	117MD132MI	HQ604756	AB470888
N	*	227	*	*	*	*	*	FJ627040	*
H	2631	198	95.4	+	0	0	D104MD37MI55M	JN564002	AY303604
N	*	250	*	*	*	*	*	HQ625012	*
N	*	250	*	*	*	*	*	HQ647296	*
N	*	215	*	*	*	*	*	HQ650640	*
N	*	250	*	*	*	*	*	HQ650654	*
N	*	211	*	*	*	*	*	HQ650660	*
N	*	234	*	*	*	*	*	HQ650666	*
L	2716	204	*	*	*	*	*	DQ980019	*
H	2716	225	97.5	+	0	0	21D94MD86MI23M	HQ650682	DQ980019
L	6140	224	*	*	*	*	*	EU266116	*
H	6140	224	98.7	+	0	0	224M	HQ650683	EU266116
L	2645	230	*	*	*	*	*	HM578955	*
H	2645	221	99.1	+	0	0	160M8I47MI14M	EU034671	HM578955
N	*	250	*	*	*	*	*	HQ650713	*
N	*	171	*	*	*	*	*	HQ650716	*
N	*	226	*	*	*	*	*	FJ713106	*
L	1573	221	*	*	*	*	*	FJ494950	*
H	1573	222	95.0	+	0	0	202MD19M	FJ494923	FJ494950
H	2473	221	93.2	+	0	0	75MI146M	HQ680618	HQ680610
H	7713	234	96.6	+	0	0	27MI88MD84MI34M	HQ699628	HQ699657
L	632	239	*	*	*	*	*	FJ845435	*
H	632	239	90.8	+	0	0	52M3I33M2D56MI25MD24MD45M	AF418616	FJ845435
N	*	205	*	*	*	*	*	HQ711929	*
H	3289	118	90.7	+	0	0	36MD17M2I37M4I27M	HQ714794	JN022499
H	837	222	92.3	+	0	0	222M	HQ725088	EU707822
N	*	222	*	*	*	*	*	HQ822056	*
N	*	250	*	*	*	*	*	HQ832450	*
H	7733	131	97.7	+	0	0	57M2D72M	HQ847011	HQ847012
N	*	157	*	*	*	*	*	HQ847015	*
L	1946	234	*	*	*	*	*	EF540754	*
H	1946	86	95.3	+	0	0	146I19M2I67M	AJ293811	EF540754
N	*	124	*	*	*	*	*	HQ914933	*
L	994	202	*	*	*	*	*	GQ340441	*
H	994	250	95.5	+	0	0	53D50MD26MI25M2I74MI21M2I	HQ999976	GQ340441
L	2800	213	*	*	*	*	*	JF263485	*
H	2800	206	95.1	+	0	0	92M5I51M2I63M	JF263460	JF263485
H	2800	215	90.1	+	0	0	72MD54MI24M2D62M	JF263465	JF263485
N	*	186	*	*	*	*	*	AB017659	*
H	2312	220	94.5	+	0	0	4I79MI13M2I24MD48M2I20MI35M	JF275865	AB190871
N	*	250	*	*	*	*	*	JF300143	*
L	393	176	*	*	*	*	*	AB267649	*
H	393	199	93.8	+	0	0	32D94M9I73M	AB481260	AB267649
L	5080	209	*	*	*	*	*	EF026146	*
H	5080	209	95.2	+	0	0	209M	JF340281	EF026146
L	2949	225	*	*	*	*	*	AJ006682	*
H	2949	225	96.4	+	0	0	225M	JF340289	AJ006682
L	4637	215	*	*	*	*	*	AF266651	*
H	4637	209	94.3	+	0	0	2I107M5I45MD56M	EU770227	AF266651
H	2047	220	93.6	+	0	0	10I131MD40MI22MI26M	JF357909	GU723418
H	2853	216	99.1	+	0	0	33MD182M	JF439458	FJ266477
N	*	132	*	*	*	*	*	JF491203	*
L	1928	164	*	*	*	*	*	FJ573143	*
H	1928	170	92.7	+	0	0	7D140MI23M	DQ000318	FJ573143
L	2925	183	*	*	*	*	*	EU707881	*
H	2925	183	97.3	+	0	0	183M	JF499846	EU707881
N	*	250	*	*	*	*	*	JF908394	*
H	5063	148	94.6	+	0	0	28M3I22MI33MI65M	JF680900	AM159634
N	*	234	*	*	*	*	*	JF692195	*
N	*	216	*	*	*	*	*	JF692199	*
N	*	241	*	*	*	*	*	JF713082	*
H	347	239	91.6	+	0	0	202MI37M	JF739378	EF619561
N	*	241	*	*	*	*	*	JF744969	*
H	7740	201	97.5	+	0	0	8I201M	EU301663	GU212865
N	*	250	*	*	*	*	*	JF795579	*
H	4767	223	94.2	+	0	0	8I80M2D10MI81M4D46M	JF834344	AF418630
N	*	99	*	*	*	*	*	JF836021	*
L	5670	250	*	*	*	*	*	DQ354553	*
H	5670	250	100.0	+	0	0	250M	JF907660	DQ354553
N	*	203	*	*	*	*	*	JF907763	*
L	6466	250	*	*	*	*	*	FJ717549	*
H	6466	250	92.8	+	0	0	4I58M2I15M2I49M2I10M2I106M12D	JF907914	FJ717549
L	3076	250	*	*	*	*	*	JF908006	*
H	3076	250	92.0	+	0	0	77MI73MD7M3I45MD16MI27M3D	JF907991	JF908006
N	*	250	*	*	*	*	*	JF907993	*
N	*	250	*	*	*	*	*	JF907996	*
L	4407	250	*	*	*	*	*	AB520851	*
H	4407	250	95.6	+	0	0	8D216MI26M7I	JF908001	AB520851
N	*	221	*	*	*	*	*	JF908074	*
N	*	152	*	*	*	*	*	JF908065	*
N	*	237	*	*	*	*	*	JF908102	*
N	*	250	*	*	*	*	*	JF908212	*
N	*	250	*	*	*	*	*	JF908258	*
L	4397	250	*	*	*	*	*	EF141543	*
H	4397	250	95.6	+	0	0	205MI19MD25M	JF908315	EF141543
N	*	250	*	*	*	*	*	JF908381	*
L	7244	250	*	*	*	*	*	JF908481	*
H	7244	250	99.2	+	0	0	111MI138MD	JF908402	JF908481
N	*	250	*	*	*	*	*	JF908422	*
L	8376	250	*	*	*	*	*	UDB001611	*
H	8376	250	91.2	+	0	0	33MD33MD76MI106MI	JF908471	UDB001611
H	5603	239	94.9	+	0	0	120MD21MD96M	JF908515	DQ182503
L	2481	250	*	*	*	*	*	HQ533029	*
H	2481	250	90.8	+	0	0	120M2D113MD14M3I	JF908585	HQ533029
N	*	250	*	*	*	*	*	JF908598	*
H	2887	190	96.8	+	0	0	190M	JF923609	DQ001298
N	*	82	*	*	*	*	*	JF947189	*
L	5372	178	*	*	*	*	*	EU851932	*
H	5372	181	95.5	+	0	0	146M3D32M	JF951149	EU851932
L	7988	250	*	*	*	*	*	GU233324	*
H	7988	250	96.0	+	0	0	22MD133MI49MI44MD	GU222298	GU233324
L	7178	250	*	*	*	*	*	GU234015	*
H	7178	250	98.8	+	0	0	2D248M2I	JF907811	GU234015
L	8213	245	*	*	*	*	*	L54078	*
H	8213	249	91.4	+	0	0	26M5D92M2D51M3I73M	L54104	L54078
N	*	250	*	*	*	*	*	JN033223	*
H	890	250	98.0	+	0	0	I179MI69M2D	JN102546	EU846268
N	*	250	*	*	*	*	*	GU227706	*
N	*	250	*	*	*	*	*	JN159572	*
N	*	111	*	*	*	*	*	FJ810520	*
N	*	250	*	*	*	*	*	AY773455	*
L	7497	178	*	*	*	*	*	GQ415344	*
H	7497	175	97.7	+	0	0	4I9MD165M	JN198523	GQ415344
L	98	234	*	*	*	*	*	DQ875347	*
H	98	250	91.0	+	0	0	7D21MD38M2D8M8D43M2I32MI34MD55M	JN367289	DQ875347
L	6000	204	*	*	*	*	*	EF667965	*
H	6000	207	97.1	+	0	0	66M2D64MD74M	JN367299	EF667965
H	1162	200	98.0	+	0	0	7I84MI116M	FJ861420	FJ499445
N	*	213	*	*	*	*	*	AF297740	*
L	957	208	*	*	*	*	*	EU715604	*
H	957	207	94.2	+	0	0	36MD75MI4MI91M	JN564004	EU715604
N	*	250	*	*	*	*	*	GU234104	*
N	*	145	*	*	*	*	*	JN580855	*
N	*	204	*	*	*	*	*	JN638273	*
N	*	198	*	*	*	*	*	JN673039	*
N	*	250	*	*	*	*	*	JN710587	*
N	*	237	*	*	*	*	*	JN710597	*
H	3672	230	93.0	+	0	0	159MD45MD24M	JN710599	AF126906
N	*	237	*	*	*	*	*	JN710601	*
N	*	229	*	*	*	*	*	JN813383	*
L	6248	250	*	*	*	*	*	EU563444	*
H	6248	242	91.3	+	0	0	12MI45M4I71MI71MI43MI	JN813424	EU563444
L	8117	183	*	*	*	*	*	AF405304	*
H	8117	250	92.9	+	0	0	84M30D18M42D30MI46M4I	JN871203	AF405304
L	8210	213	*	*	*	*	*	EU553344	*
H	8210	214	97.7	+	0	0	6D57M2I32MI75MI12MI32M	JN899328	EU553344
N	*	215	*	*	*	*	*	JN899368	*
N	*	206	*	*	*	*	*	AY753349	*
N	*	216	*	*	*	*	*	HQ149325	*
L	3000	212	*	*	*	*	*	AY588102	*
H	3000	211	97.6	+	0	0	189MI22M	AY588105	AY588102
N	*	189	*	*	*	*	*	JN942624	*
N	*	250	*	*	*	*	*	FN396115	*
L	4436	140	*	*	*	*	*	JN159580	*
H	4436	139	93.5	+	0	0	21MI118M	FJ228212	JN159580
L	2682	152	*	*	*	*	*	HQ847023	*
H	2682	145	91.0	+	0	0	71M4I41M3I33M	FM878031	HQ847023
L	8146	137	*	*	*	*	*	JN943151	*
H	8146	137	96.4	+	0	0	2I85MD20MD30M	U82455	JN943151
H	8146	134	97.0	+	0	0	68M3I66M	JN943156	JN943151
N	*	205	*	*	*	*	*	JN943306	*
N	*	120	*	*	*	*	*	JN943445	*
H	85	238	90.6	+	0	0	49MD44M5D21MI58M2I60M	JN943502	FJ010360
H	5892	237	95.8	+	0	0	2I237M	JN943601	EF175511
N	*	241	*	*	*	*	*	JN943720	*
N	*	232	*	*	*	*	*	JN943726	*
N	*	250	*	*	*	*	*	JN944012	*
N	*	250	*	*	*	*	*	JN944020	*
L	7463	191	*	*	*	*	*	FJ878626	*
H	7463	103	98.1	+	0	0	24I103M64I	AY660922	FJ878626
H	8494	245	95.9	+	0	0	66MD101MI77M	GU188434	FJ845439
H	8494	243	93.0	+	0	0	68MI98MI77M	EU486453	FJ845439
N	*	250	*	*	*	*	*	L54097	*
H	8494	245	93.1	+	0	0	245M	L54109	FJ845439
L	5393	243	*	*	*	*	*	GU222326	*
H	5393	244	96.3	+	0	0	167MD76M	AY880940	GU222326
L	4115	243	*	*	*	*	*	EF493260	*
H	4115	241	96.7	+	0	0	118M2I123M	L54102	EF493260
L	8218	250	*	*	*	*	*	GQ397991	*
H	8218	247	95.1	+	0	0	2I41MI28MI24MI17MI134M3D	DQ517392	GQ397991
H	3750	124	96.8	+	0	0	82I64MI60M	L78301	DQ119115
N	*	201	*	*	*	*	*	U04207	*
L	2719	105	*	*	*	*	*	EU315003	*
H	2719	105	91.4	+	0	0	44MD29MI31M	DQ674378	EU315003
H	8245	227	94.2	+	0	0	104MD45MD56M3D17MI	U51952	U51966
N	*	210	*	*	*	*	*	DQ119113	*
N	*	181	*	*	*	*	*	U57495	*
L	5738	202	*	*	*	*	*	DQ491485	*
H	5738	198	90.4	+	0	0	2I10MI11MI177M	U58638	DQ491485
L	8267	250	*	*	*	*	*	AF079583	*
H	8267	250	95.2	+	0	0	34MI83M2D131MI	U59326	AF079583
N	*	250	*	*	*	*	*	U66017	*
H	8272	204	95.6	+	0	0	110M2D59MI33M	U66021	U66031
N	*	250	*	*	*	*	*	U66030	*
N	*	231	*	*	*	*	*	U66428	*
N	*	138	*	*	*	*	*	U68325	*
L	1536	232	*	*	*	*	*	EU598199	*
H	1536	247	94.8	+	0	0	6D66MD62M6D26M2D78M	AY061726	EU598199
L	1558	201	*	*	*	*	*	FJ039571	*
H	1558	201	99.5	+	0	0	201M	UDB000164	FJ039571
H	5730	198	98.0	+	0	0	198M	AY083179	HQ604725
N	*	250	*	*	*	*	*	UDB000284	*
H	643	250	90.0	+	0	0	I33M2D32M3D122M2D47M3I9M3I	UDB000399	EU526005
L	916	250	*	*	*	*	*	EU685111	*
H	916	250	92.8	+	0	0	I89MD122MI37MD	UDB000422	EU685111
N	*	150	*	*	*	*	*	EF395374	*
L	6740	221	*	*	*	*	*	AY061719	*
H	6740	228	94.6	+	0	0	5MD32M3D40MD8M2D136M	UDB000606	AY061719
N	*	250	*	*	*	*	*	HM347667	*
H	3800	250	95.6	+	0	0	I249MD	UDB000733	AY669516
H	8405	186	95.2	+	0	0	11I186M2I	JF907927	U56032
L	6299	232	*	*	*	*	*	UDB003303	*
H	6299	235	94.4	+	0	0	2D7M2D50MI174M	GU214812	UDB003303
L	6270	242	*	*	*	*	*	EU598194	*
H	6270	240	92.5	+	0	0	6D125M5I15M3I94M	AY061693	EU598194
N	*	250	*	*	*	*	*	UDB000927	*
L	8421	220	*	*	*	*	*	UDB003218	*
H	8421	213	93.0	+	0	0	58MI32MI55MD11MI22M6I14MD19M	UDB001514	UDB003218
L	8496	242	*	*	*	*	*	UDB011459	*
H	8496	91	96.7	+	0	0	151I91M	UDB000985	UDB011459
L	8164	198	*	*	*	*	*	GU234029	*
H	8164	192	97.9	+	0	0	6I192M	FM993285	GU234029
H	7166	250	90.4	+	0	0	2I60MD73MI29MD65MD20M	UDB001090	GU233335
H	5195	250	98.4	+	0	0	250M	EU655672	FJ039648
L	3803	250	*	*	*	*	*	AY669590	*
H	3803	250	95.2	+	0	0	132MD17MD99M2I	UDB001101	AY669590
L	8335	250	*	*	*	*	*	UDB000688	*
H	8335	250	96.8	+	0	0	163MI86MD	UDB001105	UDB000688
L	6298	200	*	*	*	*	*	UDB000935	*
H	6298	200	99.5	+	0	0	200M	UDB001165	UDB000935
L	2169	199	*	*	*	*	*	HM017848	*
H	2169	200	93.5	+	0	0	143MD56M	UDB001382	HM017848
H	6128	204	93.4	+	0	0	113MD25MD32M4D28M	DQ139989	EU259283
L	1292	199	*	*	*	*	*	FJ596791	*
H	1292	204	90.5	+	0	0	4D43M2D88M2I11MI24M2D30M	UDB001534	FJ596791
L	5371	250	*	*	*	*	*	AY534201	*
H	5371	250	90.4	+	0	0	29M5D33M2I35MD45MI25MD24M3I29MD22M2I	DQ658884	AY534201
H	8494	245	100.0	+	0	0	245M	AY880939	FJ845439
L	3957	250	*	*	*	*	*	DQ083785	*
H	3957	250	94.0	+	0	0	10I132MI107M11D	DQ663239	DQ083785
H	8544	250	93.6	+	0	0	61MI74M5D70MI40M3I	EU056996	FJ039640
L	5781	250	*	*	*	*	*	EU057018	*
H	5781	250	90.8	+	0	0	4I55MD85MD106M2D	AY669569	EU057018
L	7530	250	*	*	*	*	*	EU655684	*
H	7530	250	96.0	+	0	0	10I240M10D	DQ663313	EU655684
N	*	250	*	*	*	*	*	UDB002178	*
L	7377	250	*	*	*	*	*	EF493271	*
H	7377	250	94.4	+	0	0	73MI66MI13MI27M2D57MD11M	AF085485	EF493271
L	6408	199	*	*	*	*	*	FJ717573	*
H	6408	159	96.9	+	0	0	4I80M38I16MD36MD25M	JF907904	FJ717573
L	8363	250	*	*	*	*	*	UDB011688	*
H	8363	250	94.4	+	0	0	2D8MD12MD66M4I83MI25M2I49M3D	UDB002355	UDB011688
L	1223	213	*	*	*	*	*	EU248593	*
H	1223	228	95.3	+	0	0	8D74M4D14MD25M2D100M	AY061667	EU248593
N	*	250	*	*	*	*	*	FJ596909	*
N	*	199	*	*	*	*	*	DQ068974	*
N	*	250	*	*	*	*	*	EU570189	*
L	8342	250	*	*	*	*	*	EU417872	*
H	8342	250	94.4	+	0	0	52MI53MD144M	UDB003224	EU417872
N	*	241	*	*	*	*	*	UDB008249	*
L	7104	250	*	*	*	*	*	AB301607	*
H	7104	250	93.2	+	0	0	4D76MD39MD12M2D17M3I15MD28MD13MI40M6I	FJ596815	AB301607
L	3186	220	*	*	*	*	*	AY061734	*
H	3186	213	97.2	+	0	0	7I213M	JF908704	AY061734
N	*	250	*	*	*	*	*	UDB011208	*
L	8169	224	*	*	*	*	*	AY061685	*
H	8169	221	98.6	+	0	0	2I6MI215M	UDB011213	AY061685
H	1231	227	91.2	+	0	0	5I47MI33MI61MD85M	FM993279	AY061728
L	2335	228	*	*	*	*	*	AY606964	*
H	2335	221	91.9	+	0	0	I52M2D30M3I39M2I17MI38M2I43M	AY061713	AY606964
H	1223	216	92.0	+	0	0	3D112MI35MD65M	UDB011303	EU248593
N	*	250	*	*	*	*	*	FJ157142	*
L	8451	250	*	*	*	*	*	UDB011125	*
H	8451	250	96.4	+	0	0	2D6MD103MD127MI10M3I	AY176343	UDB011125
L	8423	250	*	*	*	*	*	AF482868	*
H	8423	250	95.2	+	0	0	124MI65M2I58M3D	U85315	AF482868
L	2532	250	*	*	*	*	*	HM005143	*
H	2532	250	90.0	+	0	0	4D40M2I42MI106M2I57MD	UDB011395	HM005143
N	*	250	*	*	*	*	*	UDB011419	*
N	*	192	*	*	*	*	*	AF454588	*
N	*	220	*	*	*	*	*	DQ066402	*
N	*	250	*	*	*	*	*	UDB011458	*
N	*	250	*	*	*	*	*	UDB011461	*
N	*	250	*	*	*	*	*	UDB011476	*
N	*	250	*	*	*	*	*	UDB011482	*
H	2890	250	90.4	+	0	0	10I33MI17MI14M2I17MI68M2I84M17D	EU191056	FJ501572
L	28	250	*	*	*	*	*	EF685093	*
H	28	250	90.0	+	0	0	6I28M2D27M11D30M2I46MI24MI82M3I	EF685053	EF685093
N	*	250	*	*	*	*	*	UDB011529	*
H	723	250	94.0	+	0	0	2I6MI144MI96M4D	UDB011542	AB078341
N	*	225	*	*	*	*	*	AF454430	*
N	*	250	*	*	*	*	*	UDB011621	*
N	*	244	*	*	*	*	*	AJ415551	*
N	*	250	*	*	*	*	*	UDB011680	*
L	1628	250	*	*	*	*	*	FJ774074	*
H	1628	250	93.6	+	0	0	4I11MI59MD175M4D	UDB011720	FJ774074
L	7943	250	*	*	*	*	*	JF908350	*
H	7943	250	98.8	+	0	0	2I6MI23MD218M2D	UDB011765	JF908350
N	*	250	*	*	*	*	*	UDB011780	*
L	3048	250	*	*	*	*	*	AF357029	*
H	3048	250	96.0	+	0	0	2I205MD43MD	UDB011786	AF357029
N	*	250	*	*	*	*	*	UDB011813	*
N	*	250	*	*	*	*	*	UDB011815	*
L	2587	218	*	*	*	*	*	HQ650724	*
H	2587	209	90.4	+	0	0	2I7M2I134MD11MD16M3I18M4I21M	UDB011826	HQ650724
N	*	220	*	*	*	*	*	JN021094	*
L	3990	250	*	*	*	*	*	AF237729	*
H	3990	250	98.0	+	0	0	2I6MI241M3D	UDB011845	AF237729
L	114	110	*	*	*	*	*	DQ873592	*
H	114	110	99.1	+	0	0	110M	UDB011873	DQ873592
N	*	250	*	*	*	*	*	UDB011902	*
H	6208	101	94.1	+	0	0	80I12MI28MD60MI	U21829	FJ515894
N	*	110	*	*	*	*	*	Z93885	*
N	*	250	*	*	*	*	*	Z93889	*
D	9	2	*	*	*	*	93.1	DQ525495	*
D	28	2	*	*	*	*	90.0	EF685093	*
D	67	2	*	*	*	*	90.0	DQ822793	*
D	85	3	*	*	*	*	93.0	FJ010360	*
D	98	2	*	*	*	*	91.0	DQ875347	*
D	114	2	*	*	*	*	99.1	DQ873592	*
D	143	2	*	*	*	*	97.3	FJ357310	*
D	144	2	*	*	*	*	98.4	FJ459970	*
D	163	2	*	*	*	*	96.0	EF141539	*
D	169	2	*	*	*	*	92.3	AJ005368	*
D	179	2	*	*	*	*	90.2	EF026122	*
D	203	2	*	*	*	*	91.6	AJ271578	*
D	204	2	*	*	*	*	97.9	AJ271581	*
D	209	2	*	*	*	*	94.8	AY004807	*
D	210	2	*	*	*	*	95.1	AB294737	*
D	216	2	*	*	*	*	99.6	AB252472	*
D	226	2	*	*	*	*	98.7	AB006433	*
D	247	3	*	*	*	*	92.6	AF335441	*
D	255	5	*	*	*	*	96.2	EU076919	*
D	263	2	*	*	*	*	93.9	AF310169	*
D	264	2	*	*	*	*	91.6	EU257567	*
D	284	2	*	*	*	*	98.9	DQ267594	*
D	292	2	*	*	*	*	90.0	HQ604224	*
D	298	2	*	*	*	*	90.2	EF535663	*
D	300	4	*	*	*	*	95.6	GQ852764	*
D	309	2	*	*	*	*	91.1	EF197069	*
D	311	2	*	*	*	*	92.7	EF197082	*
D	347	3	*	*	*	*	91.2	EF619561	*
D	351	2	*	*	*	*	98.2	EF447370	*
D	355	2	*	*	*	*	100.0	AJ133397	*
D	367	2	*	*	*	*	94.8	AF357058	*
D	369	4	*	*	*	*	95.5	AF297669	*
D	371	2	*	*	*	*	96.6	AF297672	*
D	372	3	*	*	*	*	96.8	AF297673	*
D	382	3	*	*	*	*	90.6	AF399884	*
D	388	2	*	*	*	*	90.5	GQ376103	*
D	393	2	*	*	*	*	93.8	AB267649	*
D	408	2	*	*	*	*	96.0	EF685099	*
D	409	2	*	*	*	*	94.4	EF685100	*
D	410	2	*	*	*	*	90.0	EU047935	*
D	416	2	*	*	*	*	99.2	AB080523	*
D	417	2	*	*	*	*	98.4	AB080533	*
D	434	2	*	*	*	*	92.9	DQ974829	*
D	437	2	*	*	*	*	94.1	EF653987	*
D	441	2	*	*	*	*	92.5	EU035404	*
D	445	4	*	*	*	*	91.4	EU035438	*
D	446	2	*	*	*	*	92.2	EU035476	*
D	457	3	*	*	*	*	91.1	GQ927253	*
D	458	2	*	*	*	*	96.4	EU008632	*
D	484	2	*	*	*	*	94.3	EU014059	*
D	485	2	*	*	*	*	92.3	EU010254	*
D	489	2	*	*	*	*	90.8	FJ903322	*
D	495	2	*	*	*	*	94.3	AF254628	*
D	523	2	*	*	*	*	96.3	AJ302438	*
D	531	3	*	*	*	*	97.2	DQ384582	*
D	535	4	*	*	*	*	97.9	EU853471	*
D	536	2	*	*	*	*	94.6	EU266508	*
D	554	2	*	*	*	*	98.0	FJ596767	*
D	567	3	*	*	*	*	94.0	AM085519	*
D	576	2	*	*	*	*	95.7	EU365845	*
D	584	3	*	*	*	*	99.2	AF310102	*
D	628	2	*	*	*	*	92.9	EU486992	*
D	632	2	*	*	*	*	90.8	FJ845435	*
D	640	2	*	*	*	*	100.0	DQ367896	*
D	643	4	*	*	*	*	92.5	EU526005	*
D	656	2	*	*	*	*	100.0	EU254992	*
D	663	2	*	*	*	*	91.8	EU681337	*
D	672	2	*	*	*	*	97.0	EU400136	*
D	678	2	*	*	*	*	93.2	AM882885	*
D	689	2	*	*	*	*	90.2	AJ309335	*
D	698	2	*	*	*	*	93.5	AF071444	*
D	720	3	*	*	*	*	96.2	EU639631	*
D	721	2	*	*	*	*	91.5	EU639637	*
D	723	3	*	*	*	*	95.6	AB078341	*
D	749	2	*	*	*	*	100.0	AY061702	*
D	770	2	*	*	*	*	94.6	FJ515724	*
D	771	2	*	*	*	*	94.5	EU707893	*
D	773	2	*	*	*	*	96.4	EU677810	*
D	810	2	*	*	*	*	93.1	EU552127	*
D	826	2	*	*	*	*	98.3	FJ194521	*
D	828	2	*	*	*	*	91.4	AM947674	*
D	833	4	*	*	*	*	92.3	AF351139	*
D	836	2	*	*	*	*	90.7	EU781486	*
D	837	3	*	*	*	*	94.3	EU707822	*
D	845	3	*	*	*	*	94.2	EU669233	*
D	849	2	*	*	*	*	93.2	EU669376	*
D	851	2	*	*	*	*	93.3	EU846304	*
D	854	2	*	*	*	*	93.9	FN561807	*
D	866	2	*	*	*	*	92.0	EU834222	*
D	867	2	*	*	*	*	91.5	EU649783	*
D	868	2	*	*	*	*	95.8	EU837206	*
D	877	2	*	*	*	*	95.7	EU819439	*
D	878	2	*	*	*	*	90.1	EU819445	*
D	879	2	*	*	*	*	94.8	EU819446	*
D	880	2	*	*	*	*	97.6	EU819469	*
D	890	3	*	*	*	*	95.0	EU846268	*
D	898	2	*	*	*	*	92.2	EU673336	*
D	899	2	*	*	*	*	95.7	EU673340	*
D	901	2	*	*	*	*	93.0	AM774157	*
D	902	2	*	*	*	*	98.1	FJ914669	*
D	908	2	*	*	*	*	92.3	AF404123	*
D	912	3	*	*	*	*	91.9	EU913701	*
D	916	2	*	*	*	*	92.8	EU685111	*
D	928	2	*	*	*	*	90.1	EU934759	*
D	957	2	*	*	*	*	94.2	EU715604	*
D	966	2	*	*	*	*	91.2	AF444400	*
D	994	2	*	*	*	*	95.5	GQ340441	*
D	997	3	*	*	*	*	90.9	AJ608946	*
D	1003	2	*	*	*	*	100.0	EU486452	*
D	1008	2	*	*	*	*	96.4	FJ039604	*
D	1016	2	*	*	*	*	96.5	FJ845429	*
D	1017	2	*	*	*	*	98.2	FJ845434	*
D	1026	2	*	*	*	*	90.8	FM212666	*
D	1027	2	*	*	*	*	92.7	EU784156	*
D	1068	2	*	*	*	*	97.6	EU784356	*
D	1070	2	*	*	*	*	93.2	EU784364	*
D	1083	2	*	*	*	*	94.3	FJ150707	*
D	1086	2	*	*	*	*	97.4	UDB001146	*
D	1092	2	*	*	*	*	90.8	U66016	*
D	1125	2	*	*	*	*	96.4	AF003989	*
D	1131	2	*	*	*	*	100.0	GQ340556	*
D	1133	3	*	*	*	*	98.2	FJ266479	*
D	1141	2	*	*	*	*	92.7	FJ441037	*
D	1150	2	*	*	*	*	91.5	FJ441016	*
D	1158	3	*	*	*	*	94.7	FM163194	*
D	1159	2	*	*	*	*	90.8	FM163218	*
D	1161	2	*	*	*	*	94.1	FM163228	*
D	1162	4	*	*	*	*	98.7	FJ499445	*
D	1168	2	*	*	*	*	100.0	FJ999711	*
D	1180	2	*	*	*	*	92.4	FJ005092	*
D	1191	2	*	*	*	*	96.8	FJ481021	*
D	1218	5	*	*	*	*	92.8	AY033116	*
D	1219	2	*	*	*	*	91.7	AF485078	*
D	1223	3	*	*	*	*	93.7	EU248593	*
D	1229	2	*	*	*	*	94.7	FJ845431	*
D	1231	3	*	*	*	*	91.9	AY061728	*
D	1238	3	*	*	*	*	95.6	AY865631	*
D	1250	2	*	*	*	*	93.8	U66440	*
D	1259	5	*	*	*	*	96.2	EU681352	*
D	1268	2	*	*	*	*	95.0	FJ418216	*
D	1272	3	*	*	*	*	91.6	AB378736	*
D	1274	2	*	*	*	*	95.6	FJ538318	*
D	1280	2	*	*	*	*	98.8	FJ623271	*
D	1282	2	*	*	*	*	90.3	FJ624258	*
D	1289	2	*	*	*	*	97.0	FJ467362	*
D	1292	2	*	*	*	*	90.5	FJ596791	*
D	1294	2	*	*	*	*	97.2	FJ596819	*
D	1308	3	*	*	*	*	93.7	FJ710810	*
D	1321	3	*	*	*	*	95.0	FJ501582	*
D	1328	2	*	*	*	*	91.9	AY124146	*
D	1329	2	*	*	*	*	91.2	FJ772413	*
D	1342	2	*	*	*	*	93.5	EU375546	*
D	1347	2	*	*	*	*	97.9	AM981250	*
D	1352	2	*	*	*	*	94.4	FJ790271	*
D	1356	2	*	*	*	*	91.0	FJ852597	*
D	1364	2	*	*	*	*	99.4	FJ861972	*
D	1365	3	*	*	*	*	90.4	FJ861980	*
D	1388	2	*	*	*	*	94.2	AF405301	*
D	1389	2	*	*	*	*	96.8	AY534118	*
D	1392	2	*	*	*	*	96.4	FJ876298	*
D	1404	2	*	*	*	*	95.0	AF492090	*
D	1412	2	*	*	*	*	90.2	FJ380944	*
D	1415	4	*	*	*	*	94.4	FJ871066	*
D	1416	2	*	*	*	*	93.7	FJ871071	*
D	1421	3	*	*	*	*	95.0	FJ871100	*
D	1442	2	*	*	*	*	94.4	AB470888	*
D	1443	2	*	*	*	*	94.7	FJ411082	*
D	1449	2	*	*	*	*	93.4	FJ411097	*
D	1450	2	*	*	*	*	97.8	FJ357314	*
D	1452	3	*	*	*	*	97.4	GQ293943	*
D	1456	2	*	*	*	*	94.3	FJ664833	*
D	1469	2	*	*	*	*	90.7	FJ968757	*
D	1485	2	*	*	*	*	96.3	FJ431217	*
D	1493	2	*	*	*	*	94.8	FJ431272	*
D	1507	2	*	*	*	*	94.0	GQ165663	*
D	1528	2	*	*	*	*	90.8	AF429267	*
D	1534	2	*	*	*	*	96.5	GU184101	*
D	1536	2	*	*	*	*	94.8	EU598199	*
D	1546	2	*	*	*	*	95.6	GQ142026	*
D	1547	2	*	*	*	*	96.3	AB511817	*
D	1557	2	*	*	*	*	95.5	FJ157122	*
D	1558	2	*	*	*	*	99.5	FJ039571	*
D	1564	2	*	*	*	*	94.3	GQ267485	*
D	1573	2	*	*	*	*	95.0	FJ494950	*
D	1577	2	*	*	*	*	99.2	FJ572248	*
D	1582	2	*	*	*	*	90.0	AB454314	*
D	1595	3	*	*	*	*	97.6	AB516668	*
D	1599	2	*	*	*	*	94.5	FN423707	*
D	1628	2	*	*	*	*	93.6	FJ774074	*
D	1636	2	*	*	*	*	90.9	GQ303274	*
D	1686	2	*	*	*	*	92.5	GQ925392	*
D	1701	2	*	*	*	*	92.6	AY684178	*
D	1708	3	*	*	*	*	95.5	GQ852796	*
D	1739	2	*	*	*	*	96.6	FJ860804	*
D	1753	2	*	*	*	*	95.8	FJ009555	*
D	1757	4	*	*	*	*	93.9	GU171370	*
D	1773	2	*	*	*	*	90.8	GU174551	*
D	1780	2	*	*	*	*	96.0	AY129373	*
D	1784	2	*	*	*	*	95.4	AJ427408	*
D	1790	2	*	*	*	*	95.8	EU860060	*
D	1810	2	*	*	*	*	90.7	GU138733	*
D	1811	3	*	*	*	*	91.3	GU138752	*
D	1827	2	*	*	*	*	91.9	FJ896135	*
D	1839	2	*	*	*	*	91.2	GU233361	*
D	1848	2	*	*	*	*	91.9	AF352320	*
D	1857	2	*	*	*	*	95.6	GU214627	*
D	1860	2	*	*	*	*	93.2	GU214644	*
D	1881	2	*	*	*	*	93.4	GU390882	*
D	1890	2	*	*	*	*	91.4	AY212826	*
D	1904	2	*	*	*	*	91.6	AF027764	*
D	1908	2	*	*	*	*	96.0	EF447381	*
D	1909	2	*	*	*	*	99.2	AF210682	*
D	1928	2	*	*	*	*	92.7	FJ573143	*
D	1940	3	*	*	*	*	95.8	GU593041	*
D	1946	2	*	*	*	*	95.3	EF540754	*
D	1948	2	*	*	*	*	99.5	AY382330	*
D	1951	2	*	*	*	*	95.2	AB085803	*
D	1960	2	*	*	*	*	92.2	AB551948	*
D	1983	2	*	*	*	*	93.2	GU939632	*
D	1989	3	*	*	*	*	94.4	GU258225	*
D	2000	2	*	*	*	*	91.6	GU258298	*
D	2002	2	*	*	*	*	98.0	GU968423	*
D	2041	2	*	*	*	*	91.4	GU324761	*
D	2047	3	*	*	*	*	92.1	GU723418	*
D	2050	2	*	*	*	*	95.1	AF191181	*
D	2071	2	*	*	*	*	92.4	EU266099	*
D	2074	2	*	*	*	*	92.0	FJ386439	*
D	2077	2	*	*	*	*	96.7	DQ411548	*
D	2090	2	*	*	*	*	98.2	AB481261	*
D	2099	2	*	*	*	*	97.1	GQ344614	*
D	2102	2	*	*	*	*	96.9	AF212308	*
D	2106	2	*	*	*	*	92.1	AB509535	*
D	2121	2	*	*	*	*	98.7	GQ500107	*
D	2123	2	*	*	*	*	94.6	GQ927292	*
D	2132	2	*	*	*	*	95.4	HM466956	*
D	2134	3	*	*	*	*	93.9	EU076926	*
D	2146	2	*	*	*	*	96.8	AB072233	*
D	2156	2	*	*	*	*	90.8	GU980122	*
D	2162	2	*	*	*	*	91.4	EF639862	*
D	2169	2	*	*	*	*	93.5	HM017848	*
D	2179	2	*	*	*	*	99.4	AB026141	*
D	2180	2	*	*	*	*	96.6	AB026134	*
D	2184	2	*	*	*	*	93.9	GU934506	*
D	2196	2	*	*	*	*	91.0	HM538478	*
D	2200	2	*	*	*	*	96.6	HM538494	*
D	2218	2	*	*	*	*	92.6	EU673327	*
D	2224	2	*	*	*	*	90.3	HM131333	*
D	2230	2	*	*	*	*	93.2	HM222938	*
D	2252	2	*	*	*	*	96.6	AY265223	*
D	2254	2	*	*	*	*	91.7	HM997120	*
D	2262	2	*	*	*	*	92.1	GU256742	*
D	2263	2	*	*	*	*	91.6	HQ832446	*
D	2269	2	*	*	*	*	98.7	GU067744	*
D	2279	2	*	*	*	*	92.8	GU234078	*
D	2283	2	*	*	*	*	90.8	GU234101	*
D	2287	2	*	*	*	*	93.2	GU234121	*
D	2306	2	*	*	*	*	98.8	EU070911	*
D	2307	2	*	*	*	*	94.7	JQ676189	*
D	2312	4	*	*	*	*	93.1	AB190871	*
D	2322	2	*	*	*	*	99.2	GU234161	*
D	2324	2	*	*	*	*	98.3	AF438567	*
D	2327	2	*	*	*	*	91.0	AJ272416	*
D	2334	2	*	*	*	*	96.6	GQ924691	*
D	2335	2	*	*	*	*	91.9	AY606964	*
D	2339	2	*	*	*	*	95.9	HQ318250	*
D	2348	2	*	*	*	*	97.7	FJ878682	*
D	2374	2	*	*	*	*	98.1	EF585533	*
D	2375	2	*	*	*	*	90.8	AB360370	*
D	2390	3	*	*	*	*	96.8	HM161482	*
D	2398	2	*	*	*	*	97.9	HM595526	*
D	2412	3	*	*	*	*	96.3	EF608062	*
D	2417	3	*	*	*	*	95.6	FJ411410	*
D	2425	2	*	*	*	*	92.2	HQ589149	*
D	2426	2	*	*	*	*	93.0	GQ922525	*
D	2440	2	*	*	*	*	92.0	HM488747	*
D	2442	2	*	*	*	*	97.2	EU551207	*
D	2444	2	*	*	*	*	94.5	FR733880	*
D	2449	2	*	*	*	*	90.1	EU486443	*
D	2459	2	*	*	*	*	92.1	AY204590	*
D	2466	2	*	*	*	*	91.2	HQ599594	*
D	2468	2	*	*	*	*	92.4	HQ599602	*
D	2473	3	*	*	*	*	92.3	HQ680610	*
D	2481	2	*	*	*	*	90.8	HQ533029	*
D	2527	2	*	*	*	*	95.6	EF530935	*
D	2529	2	*	*	*	*	90.7	HQ589222	*
D	2532	2	*	*	*	*	90.0	HM005143	*
D	2536	2	*	*	*	*	93.9	HM485370	*
D	2550	2	*	*	*	*	100.0	GU248326	*
D	2553	2	*	*	*	*	91.0	AY259137	*
D	2554	2	*	*	*	*	94.2	EU254963	*
D	2559	2	*	*	*	*	94.7	EF444842	*
D	2566	2	*	*	*	*	93.3	AY046194	*
D	2576	2	*	*	*	*	97.7	HQ014712	*
D	2587	2	*	*	*	*	90.4	HQ650724	*
D	2592	3	*	*	*	*	94.5	HQ605927	*
D	2599	2	*	*	*	*	92.8	HQ599383	*
D	2620	2	*	*	*	*	90.6	HQ888720	*
D	2629	2	*	*	*	*	90.4	HM534896	*
D	2631	3	*	*	*	*	93.4	AY303604	*
D	2642	2	*	*	*	*	96.5	AB546941	*
D	2644	2	*	*	*	*	91.2	AY604526	*
D	2645	2	*	*	*	*	99.1	HM578955	*
D	2647	2	*	*	*	*	95.3	AF201704	*
D	2648	2	*	*	*	*	96.4	EF589887	*
D	2649	2	*	*	*	*	92.1	AY257968	*
D	2675	3	*	*	*	*	94.1	AF276677	*
D	2682	2	*	*	*	*	91.0	HQ847023	*
D	2683	2	*	*	*	*	91.6	JN943113	*
D	2691	2	*	*	*	*	94.2	FJ957892	*
D	2697	3	*	*	*	*	93.6	GU479324	*
D	2703	2	*	*	*	*	93.7	JF498578	*
D	2716	2	*	*	*	*	97.5	DQ980019	*
D	2717	2	*	*	*	*	90.2	GU994571	*
D	2719	2	*	*	*	*	91.4	EU315003	*
D	2721	2	*	*	*	*	93.6	FJ613649	*
D	2735	2	*	*	*	*	90.2	JF701742	*
D	2745	2	*	*	*	*	96.1	AY854968	*
D	2748	2	*	*	*	*	90.4	GU062269	*
D	2749	2	*	*	*	*	98.1	DQ396925	*
D	2754	2	*	*	*	*	90.1	JF415141	*
D	2759	2	*	*	*	*	92.2	FJ798603	*
D	2779	2	*	*	*	*	96.5	HQ845170	*
D	2786	2	*	*	*	*	99.5	FJ903377	*
D	2800	3	*	*	*	*	92.6	JF263485	*
D	2813	2	*	*	*	*	91.0	AF506379	*
D	2820	2	*	*	*	*	98.8	AF506430	*
D	2823	2	*	*	*	*	100.0	AF506435	*
D	2842	3	*	*	*	*	92.8	EU660948	*
D	2853	3	*	*	*	*	95.8	FJ266477	*
D	2866	2	*	*	*	*	97.7	FJ481051	*
D	2884	3	*	*	*	*	93.1	FM208880	*
D	2887	5	*	*	*	*	95.0	DQ001298	*
D	2889	4	*	*	*	*	97.4	DQ383645	*
D	2890	3	*	*	*	*	90.6	FJ501572	*
D	2895	3	*	*	*	*	98.4	HQ650617	*
D	2896	2	*	*	*	*	99.4	HQ650618	*
D	2915	2	*	*	*	*	93.7	EU681346	*
D	2925	2	*	*	*	*	97.3	EU707881	*
D	2926	2	*	*	*	*	96.2	JF499851	*
D	2929	2	*	*	*	*	92.1	AY359887	*
D	2934	2	*	*	*	*	95.6	GU256765	*
D	2949	2	*	*	*	*	96.4	AJ006682	*
D	2980	2	*	*	*	*	90.0	AY194548	*
D	2988	2	*	*	*	*	98.8	HQ918168	*
D	2998	2	*	*	*	*	95.4	HQ693875	*
D	3000	2	*	*	*	*	97.6	AY588102	*
D	3010	2	*	*	*	*	96.1	EU551208	*
D	3034	2	*	*	*	*	94.4	DQ322217	*
D	3042	2	*	*	*	*	92.4	JF439173	*
D	3048	2	*	*	*	*	96.0	AF357029	*
D	3049	2	*	*	*	*	95.8	AF325667	*
D	3051	3	*	*	*	*	94.6	JF907804	*
D	3073	2	*	*	*	*	96.1	JF907968	*
D	3074	2	*	*	*	*	94.0	JF908007	*
D	3075	2	*	*	*	*	92.0	EU784199	*
D	3076	2	*	*	*	*	92.0	JF908006	*
D	3080	2	*	*	*	*	96.4	FJ168584	*
D	3082	5	*	*	*	*	94.0	FJ168588	*
D	3087	2	*	*	*	*	99.2	JF908099	*
D	3090	2	*	*	*	*	90.4	JF908135	*
D	3103	3	*	*	*	*	93.6	JF908435	*
D	3109	2	*	*	*	*	92.0	JF908544	*
D	3122	2	*	*	*	*	99.1	JF908700	*
D	3125	3	*	*	*	*	93.4	JF908719	*
D	3141	2	*	*	*	*	95.6	FR692354	*
D	3145	2	*	*	*	*	91.3	EF488427	*
D	3148	3	*	*	*	*	99.2	GU327636	*
D	3158	2	*	*	*	*	91.6	EU826971	*
D	3161	2	*	*	*	*	100.0	JN603595	*
D	3164	2	*	*	*	*	95.5	JN009710	*
D	3186	2	*	*	*	*	97.2	AY061734	*
D	3190	2	*	*	*	*	91.8	HQ650610	*
D	3195	3	*	*	*	*	98.1	AY373865	*
D	3202	2	*	*	*	*	100.0	GU947792	*
D	3219	3	*	*	*	*	93.4	U68332	*
D	3237	2	*	*	*	*	100.0	EU856765	*
D	3246	2	*	*	*	*	91.4	FJ845433	*
D	3252	2	*	*	*	*	90.5	JN819280	*
D	3260	3	*	*	*	*	94.8	GU174578	*
D	3266	2	*	*	*	*	92.8	HQ201351	*
D	3270	2	*	*	*	*	95.2	EU345429	*
D	3289	3	*	*	*	*	91.6	JN022499	*
D	3290	3	*	*	*	*	95.0	EU697274	*
D	3306	2	*	*	*	*	98.8	AY793444	*
D	3315	2	*	*	*	*	93.3	AB433276	*
D	3321	2	*	*	*	*	90.2	JN865203	*
D	3336	2	*	*	*	*	92.4	EU821472	*
D	3340	2	*	*	*	*	90.0	AY129365	*
D	3346	3	*	*	*	*	96.3	JN813385	*
D	3354	2	*	*	*	*	90.7	JN813422	*
D	3364	2	*	*	*	*	100.0	FJ884136	*
D	3370	2	*	*	*	*	93.5	FN547587	*
D	3372	2	*	*	*	*	99.5	FJ629353	*
D	3377	2	*	*	*	*	98.7	FJ442640	*
D	3390	2	*	*	*	*	95.7	JN241551	*
D	3405	2	*	*	*	*	100.0	JN392247	*
D	3410	2	*	*	*	*	92.2	AY307935	*
D	3427	2	*	*	*	*	91.7	AY242817	*
D	3461	2	*	*	*	*	93.1	JF908277	*
D	3469	3	*	*	*	*	92.0	UDB011673	*
D	3470	2	*	*	*	*	92.4	HM622269	*
D	3484	2	*	*	*	*	92.9	AY219383	*
D	3485	2	*	*	*	*	95.6	AY344967	*
D	3492	2	*	*	*	*	95.2	AY174809	*
D	3495	2	*	*	*	*	92.0	AY669523	*
D	3503	3	*	*	*	*	100.0	EU151483	*
D	3509	2	*	*	*	*	97.3	AY220807	*
D	3515	2	*	*	*	*	96.9	AY239342	*
D	3531	2	*	*	*	*	97.7	GQ996577	*
D	3535	2	*	*	*	*	98.7	AJ567741	*
D	3564	2	*	*	*	*	95.9	AY515362	*
D	3585	2	*	*	*	*	91.2	AY498663	*
D	3590	2	*	*	*	*	90.7	AF096218	*
D	3599	2	*	*	*	*	96.8	AY484693	*
D	3612	2	*	*	*	*	95.5	AY513137	*
D	3613	2	*	*	*	*	97.3	AY513142	*
D	3626	2	*	*	*	*	92.8	AB015697	*
D	3632	2	*	*	*	*	95.6	L43377	*
D	3633	3	*	*	*	*	93.5	L43385	*
D	3638	2	*	*	*	*	90.4	EF527210	*
D	3639	2	*	*	*	*	90.4	AY340062	*
D	3642	2	*	*	*	*	93.6	AJ608668	*
D	3648	5	*	*	*	*	93.8	AY533697	*
D	3665	2	*	*	*	*	96.8	AF058038	*
D	3667	2	*	*	*	*	93.2	AY340028	*
D	3672	3	*	*	*	*	94.4	AF126906	*
D	3688	2	*	*	*	*	95.8	AY646383	*
D	3699	3	*	*	*	*	92.9	AY695067	*
D	3722	2	*	*	*	*	91.9	AY606981	*
D	3726	3	*	*	*	*	92.3	AY737768	*
D	3727	3	*	*	*	*	93.4	AY737766	*
D	3729	2	*	*	*	*	90.9	AY737777	*
D	3734	2	*	*	*	*	92.6	GQ241290	*
D	3736	2	*	*	*	*	94.5	FJ442607	*
D	3746	4	*	*	*	*	92.7	AF079584	*
D	3750	3	*	*	*	*	96.7	DQ119115	*
D	3758	2	*	*	*	*	91.2	AB180367	*
D	3766	2	*	*	*	*	93.2	AY818352	*
D	3772	2	*	*	*	*	92.8	AF145446	*
D	3776	2	*	*	*	*	93.2	AB295458	*
D	3783	3	*	*	*	*	95.8	AY854072	*
D	3796	2	*	*	*	*	98.0	AY669538	*
D	3798	2	*	*	*	*	99.2	AY174863	*
D	3800	5	*	*	*	*	93.6	AY669516	*
D	3803	2	*	*	*	*	95.2	AY669590	*
D	3804	2	*	*	*	*	91.2	AY669592	*
D	3813	3	*	*	*	*	95.0	FJ039676	*
D	3841	2	*	*	*	*	96.8	AY916470	*
D	3842	2	*	*	*	*	96.0	AY789280	*
D	3862	3	*	*	*	*	96.9	AY877419	*
D	3865	2	*	*	*	*	92.0	DQ114744	*
D	3866	2	*	*	*	*	97.2	U56046	*
D	3867	3	*	*	*	*	94.7	AY865635	*
D	3872	2	*	*	*	*	98.3	DQ001290	*
D	3880	4	*	*	*	*	94.4	HQ414605	*
D	3883	2	*	*	*	*	90.9	AY956548	*
D	3892	3	*	*	*	*	92.9	AF141157	*
D	3893	2	*	*	*	*	91.5	AF141160	*
D	3900	2	*	*	*	*	90.8	AF210827	*
D	3902	2	*	*	*	*	93.9	AF210828	*
D	3912	2	*	*	*	*	99.6	AH008980	*
D	3928	3	*	*	*	*	95.7	AJ131785	*
D	3939	2	*	*	*	*	97.9	AY725521	*
D	3944	3	*	*	*	*	94.8	AY999130	*
D	3946	2	*	*	*	*	93.6	AY999133	*
D	3953	2	*	*	*	*	91.9	AF145703	*
D	3956	3	*	*	*	*	98.0	DQ083783	*
D	3957	2	*	*	*	*	94.0	DQ083785	*
D	3961	2	*	*	*	*	93.0	AY669694	*
D	3967	2	*	*	*	*	96.4	DQ100460	*
D	3975	2	*	*	*	*	93.4	DQ093770	*
D	3990	2	*	*	*	*	98.0	AF237729	*
D	3997	2	*	*	*	*	94.5	DQ157693	*
D	3999	2	*	*	*	*	90.1	AY916462	*
D	4005	2	*	*	*	*	100.0	DQ132832	*
D	4011	2	*	*	*	*	100.0	DQ144618	*
D	4018	2	*	*	*	*	99.2	AB378677	*
D	4019	2	*	*	*	*	93.4	AB027371	*
D	4028	2	*	*	*	*	90.8	DQ182511	*
D	4031	2	*	*	*	*	90.6	FJ903339	*
D	4043	2	*	*	*	*	97.8	DQ206845	*
D	4053	2	*	*	*	*	95.2	EU600240	*
D	4064	2	*	*	*	*	99.4	EF394858	*
D	4065	5	*	*	*	*	92.3	FJ605260	*
D	4069	2	*	*	*	*	99.6	GU234088	*
D	4072	2	*	*	*	*	90.4	EU186273	*
D	4081	2	*	*	*	*	94.3	DQ303097	*
D	4085	2	*	*	*	*	95.2	EU726304	*
D	4093	2	*	*	*	*	92.6	AY817138	*
D	4115	2	*	*	*	*	96.7	EF493260	*
D	4116	2	*	*	*	*	99.6	AB036897	*
D	4117	2	*	*	*	*	92.5	DQ376247	*
D	4130	2	*	*	*	*	98.4	DQ394368	*
D	4140	4	*	*	*	*	94.9	DQ389697	*
D	4144	2	*	*	*	*	100.0	DQ389662	*
D	4152	2	*	*	*	*	97.1	EU424302	*
D	4166	2	*	*	*	*	97.4	EF530942	*
D	4167	2	*	*	*	*	100.0	EF493297	*
D	4184	2	*	*	*	*	93.2	UDB001569	*
D	4221	2	*	*	*	*	95.4	AF180158	*
D	4233	2	*	*	*	*	90.0	AB036899	*
D	4236	2	*	*	*	*	91.4	AB042227	*
D	4242	2	*	*	*	*	94.2	AF444472	*
D	4244	2	*	*	*	*	91.2	EU343866	*
D	4248	2	*	*	*	*	91.2	AB071793	*
D	4252	2	*	*	*	*	92.4	AB077654	*
D	4270	2	*	*	*	*	92.4	EU586043	*
D	4279	2	*	*	*	*	92.0	AB454300	*
D	4287	4	*	*	*	*	94.1	GQ870276	*
D	4292	3	*	*	*	*	95.6	AB180346	*
D	4293	2	*	*	*	*	97.6	AB182292	*
D	4297	2	*	*	*	*	94.9	AB188132	*
D	4308	2	*	*	*	*	97.9	FJ441019	*
D	4313	4	*	*	*	*	94.0	AB211270	*
D	4315	2	*	*	*	*	99.2	AB220034	*
D	4317	2	*	*	*	*	95.6	AB232541	*
D	4321	2	*	*	*	*	93.0	AB245064	*
D	4326	2	*	*	*	*	95.7	AY173374	*
D	4328	2	*	*	*	*	96.4	EU819476	*
D	4342	2	*	*	*	*	96.9	AB329685	*
D	4347	2	*	*	*	*	94.4	AB361031	*
D	4360	2	*	*	*	*	93.8	AB451972	*
D	4379	2	*	*	*	*	97.4	AB481248	*
D	4380	4	*	*	*	*	93.3	AB481250	*
D	4381	3	*	*	*	*	94.0	AB481251	*
D	4397	2	*	*	*	*	95.6	EF141543	*
D	4407	2	*	*	*	*	95.6	AB520851	*
D	4410	2	*	*	*	*	90.0	AB524791	*
D	4411	2	*	*	*	*	96.2	AB524795	*
D	4412	2	*	*	*	*	92.3	AB524796	*
D	4413	2	*	*	*	*	92.0	AB524808	*
D	4418	2	*	*	*	*	91.5	AB546953	*
D	4436	2	*	*	*	*	93.5	JN159580	*
D	4447	3	*	*	*	*	95.8	FJ378879	*
D	4459	2	*	*	*	*	90.0	AF492094	*
D	4466	2	*	*	*	*	97.4	AF046219	*
D	4471	2	*	*	*	*	91.1	AF051930	*
D	4483	2	*	*	*	*	96.4	AF072087	*
D	4485	2	*	*	*	*	97.5	EU417866	*
D	4496	3	*	*	*	*	90.8	AF081448	*
D	4507	2	*	*	*	*	99.5	AF096206	*
D	4520	2	*	*	*	*	93.6	AF101814	*
D	4527	3	*	*	*	*	98.4	AF115758	*
D	4537	2	*	*	*	*	97.4	AF126891	*
D	4545	2	*	*	*	*	97.0	AF133182	*
D	4554	2	*	*	*	*	90.9	AF141859	*
D	4564	2	*	*	*	*	92.1	FJ205455	*
D	4574	2	*	*	*	*	96.0	AF193352	*
D	4596	2	*	*	*	*	91.4	AF210678	*
D	4601	2	*	*	*	*	90.9	DQ289816	*
D	4602	2	*	*	*	*	100.0	AF222836	*
D	4606	2	*	*	*	*	96.1	DQ534478	*
D	4614	2	*	*	*	*	94.0	AF224444	*
D	4615	2	*	*	*	*	97.1	AF224446	*
D	4636	2	*	*	*	*	93.9	AF351147	*
D	4637	2	*	*	*	*	94.3	AF266651	*
D	4664	4	*	*	*	*	97.6	EU882130	*
D	4665	2	*	*	*	*	92.9	AF309610	*
D	4698	4	*	*	*	*	94.9	AF350303	*
D	4710	3	*	*	*	*	92.4	AF357038	*
D	4720	2	*	*	*	*	100.0	AF374667	*
D	4722	2	*	*	*	*	98.2	AF374658	*
D	4738	2	*	*	*	*	90.7	AY176361	*
D	4767	5	*	*	*	*	93.9	AF418630	*
D	4790	2	*	*	*	*	94.6	AF444359	*
D	4793	2	*	*	*	*	91.3	AF444516	*
D	4795	2	*	*	*	*	95.5	AF444530	*
D	4797	2	*	*	*	*	94.2	AF444643	*
D	4805	2	*	*	*	*	94.0	AF453288	*
D	4807	2	*	*	*	*	92.5	AF454405	*
D	4810	2	*	*	*	*	97.4	AF454410	*
D	4814	2	*	*	*	*	96.8	AF455177	*
D	4816	2	*	*	*	*	97.2	FJ627575	*
D	4829	2	*	*	*	*	92.8	AY243616	*
D	4844	2	*	*	*	*	96.6	AF490395	*
D	4849	2	*	*	*	*	96.5	AF492102	*
D	4862	2	*	*	*	*	100.0	AF506404	*
D	4872	2	*	*	*	*	93.6	AF506493	*
D	4873	2	*	*	*	*	91.2	AF511081	*
D	4877	3	*	*	*	*	94.6	DQ914542	*
D	4907	3	*	*	*	*	92.0	AJ229073	*
D	4918	3	*	*	*	*	95.6	AJ247555	*
D	4942	2	*	*	*	*	98.1	AJ302464	*
D	4951	2	*	*	*	*	95.0	AJ309347	*
D	4963	2	*	*	*	*	90.6	AJ315840	*
D	5002	2	*	*	*	*	90.6	AJ547885	*
D	5004	2	*	*	*	*	100.0	AJ550892	*
D	5012	2	*	*	*	*	100.0	AJ608967	*
D	5016	2	*	*	*	*	95.8	DQ782840	*
D	5022	3	*	*	*	*	99.7	AJ849887	*
D	5027	2	*	*	*	*	93.5	AJ871272	*
D	5033	3	*	*	*	*	96.4	FJ878648	*
D	5044	3	*	*	*	*	93.6	FJ890030	*
D	5051	3	*	*	*	*	95.7	EU590654	*
D	5063	4	*	*	*	*	92.9	AM159634	*
D	5071	2	*	*	*	*	93.7	AM265556	*
D	5075	3	*	*	*	*	93.6	AM269782	*
D	5080	2	*	*	*	*	95.2	EF026146	*
D	5121	2	*	*	*	*	96.4	AJ866977	*
D	5128	2	*	*	*	*	98.4	AB302828	*
D	5136	2	*	*	*	*	91.5	AY004803	*
D	5158	2	*	*	*	*	91.6	EF530941	*
D	5163	2	*	*	*	*	97.5	DQ499464	*
D	5176	2	*	*	*	*	90.6	AY129374	*
D	5179	2	*	*	*	*	92.4	AY281007	*
D	5180	2	*	*	*	*	91.2	AY129368	*
D	5182	2	*	*	*	*	99.5	FJ230995	*
D	5183	2	*	*	*	*	93.1	DQ257360	*
D	5195	3	*	*	*	*	95.6	FJ039648	*
D	5208	2	*	*	*	*	93.6	AY176489	*
D	5246	2	*	*	*	*	99.5	AB489089	*
D	5258	3	*	*	*	*	96.9	AY245635	*
D	5278	2	*	*	*	*	99.6	AF129853	*
D	5293	2	*	*	*	*	94.4	AY740020	*
D	5305	2	*	*	*	*	96.1	AY347354	*
D	5322	2	*	*	*	*	90.6	AY375313	*
D	5336	2	*	*	*	*	91.2	AY461818	*
D	5339	2	*	*	*	*	96.9	AY471638	*
D	5340	2	*	*	*	*	94.2	AY471642	*
D	5341	3	*	*	*	*	94.4	AY484674	*
D	5347	3	*	*	*	*	98.1	AY498659	*
D	5350	3	*	*	*	*	97.5	AY498689	*
D	5367	3	*	*	*	*	92.6	AY515568	*
D	5370	3	*	*	*	*	92.7	AY533557	*
D	5371	2	*	*	*	*	90.4	AY534201	*
D	5372	2	*	*	*	*	95.5	EU851932	*
D	5393	2	*	*	*	*	96.3	GU222326	*
D	5394	2	*	*	*	*	97.6	AY587911	*
D	5395	2	*	*	*	*	91.3	AY587913	*
D	5407	3	*	*	*	*	94.8	AY607017	*
D	5413	2	*	*	*	*	96.1	AY618666	*
D	5435	2	*	*	*	*	94.8	AY669531	*
D	5439	2	*	*	*	*	95.5	FJ717531	*
D	5451	2	*	*	*	*	90.1	AY725553	*
D	5459	2	*	*	*	*	92.0	AY740047	*
D	5460	2	*	*	*	*	94.5	AY740051	*
D	5468	2	*	*	*	*	91.5	AY740154	*
D	5475	2	*	*	*	*	93.2	AY740066	*
D	5476	2	*	*	*	*	90.8	AY742705	*
D	5478	2	*	*	*	*	92.3	AY747075	*
D	5492	2	*	*	*	*	96.1	AY789311	*
D	5505	2	*	*	*	*	96.7	DQ431179	*
D	5512	2	*	*	*	*	93.7	EF551550	*
D	5516	2	*	*	*	*	94.1	AY857867	*
D	5543	2	*	*	*	*	98.6	GU171385	*
D	5563	2	*	*	*	*	96.8	DQ001271	*
D	5573	2	*	*	*	*	96.0	DQ056860	*
D	5587	2	*	*	*	*	96.1	DQ097871	*
D	5589	2	*	*	*	*	92.3	DQ112626	*
D	5593	3	*	*	*	*	94.6	DQ132820	*
D	5594	2	*	*	*	*	99.4	DQ137887	*
D	5603	4	*	*	*	*	93.1	DQ182503	*
D	5621	2	*	*	*	*	99.1	DQ233665	*
D	5624	2	*	*	*	*	90.2	DQ238720	*
D	5628	3	*	*	*	*	91.6	DQ238742	*
D	5629	2	*	*	*	*	97.8	DQ238743	*
D	5631	3	*	*	*	*	93.2	DQ247776	*
D	5637	2	*	*	*	*	94.8	DQ303024	*
D	5643	2	*	*	*	*	97.6	AF377157	*
D	5646	2	*	*	*	*	91.2	AF062934	*
D	5658	2	*	*	*	*	91.8	DQ337321	*
D	5662	2	*	*	*	*	100.0	DQ337380	*
D	5665	2	*	*	*	*	93.8	DQ341095	*
D	5666	3	*	*	*	*	92.9	DQ466083	*
D	5668	2	*	*	*	*	98.2	DQ354533	*
D	5670	2	*	*	*	*	100.0	DQ354553	*
D	5677	2	*	*	*	*	91.9	GQ499278	*
D	5679	2	*	*	*	*	97.6	EU266094	*
D	5683	2	*	*	*	*	92.0	DQ389715	*
D	5687	2	*	*	*	*	95.8	DQ394384	*
D	5695	5	*	*	*	*	98.0	DQ396946	*
D	5711	2	*	*	*	*	97.5	DQ403804	*
D	5714	2	*	*	*	*	90.3	DQ414543	*
D	5716	2	*	*	*	*	92.3	DQ450055	*
D	5719	2	*	*	*	*	94.7	AY874150	*
D	5729	2	*	*	*	*	99.0	EU266658	*
D	5730	3	*	*	*	*	98.5	HQ604725	*
D	5738	2	*	*	*	*	90.4	DQ491485	*
D	5749	2	*	*	*	*	96.4	JQ711864	*
D	5756	2	*	*	*	*	92.2	DQ530217	*
D	5757	2	*	*	*	*	94.0	DQ533976	*
D	5760	2	*	*	*	*	95.4	DQ534453	*
D	5762	2	*	*	*	*	98.2	DQ534468	*
D	5777	2	*	*	*	*	93.0	DQ646686	*
D	5781	2	*	*	*	*	90.8	EU057018	*
D	5791	2	*	*	*	*	95.9	AY198197	*
D	5792	2	*	*	*	*	94.1	DQ826540	*
D	5796	2	*	*	*	*	95.8	DQ826736	*
D	5809	2	*	*	*	*	92.4	DQ873627	*
D	5820	2	*	*	*	*	96.0	DQ899096	*
D	5824	2	*	*	*	*	97.8	DQ923539	*
D	5835	2	*	*	*	*	100.0	DQ989497	*
D	5840	2	*	*	*	*	95.2	EF014269	*
D	5841	2	*	*	*	*	95.2	EF014276	*
D	5852	2	*	*	*	*	95.4	EF029203	*
D	5864	2	*	*	*	*	99.6	EF093260	*
D	5867	3	*	*	*	*	98.4	EF093273	*
D	5875	2	*	*	*	*	99.6	EF093419	*
D	5880	2	*	*	*	*	93.2	EF121860	*
D	5892	3	*	*	*	*	93.0	EF175511	*
D	5900	3	*	*	*	*	92.9	EU409588	*
D	5908	2	*	*	*	*	90.6	EF197067	*
D	5909	2	*	*	*	*	95.2	EF197070	*
D	5911	2	*	*	*	*	97.8	EF197076	*
D	5928	2	*	*	*	*	97.7	AY624200	*
D	5929	2	*	*	*	*	92.6	EF559274	*
D	5946	2	*	*	*	*	100.0	GU134899	*
D	5956	2	*	*	*	*	96.5	AF033425	*
D	5960	2	*	*	*	*	95.2	EF409762	*
D	5975	2	*	*	*	*	91.6	EF595852	*
D	5979	2	*	*	*	*	90.0	EF619582	*
D	5981	2	*	*	*	*	93.9	JQ711878	*
D	5986	2	*	*	*	*	98.0	EF621953	*
D	6000	2	*	*	*	*	97.1	EF667965	*
D	6015	2	*	*	*	*	99.5	EU021617	*
D	6017	2	*	*	*	*	92.4	EU030178	*
D	6021	2	*	*	*	*	96.7	EU035408	*
D	6040	2	*	*	*	*	96.8	EU045435	*
D	6070	2	*	*	*	*	99.5	EU045552	*
D	6071	2	*	*	*	*	100.0	EU105210	*
D	6089	2	*	*	*	*	90.1	EU142917	*
D	6096	2	*	*	*	*	94.3	EU161240	*
D	6097	2	*	*	*	*	100.0	EU771081	*
D	6107	2	*	*	*	*	98.4	FJ240310	*
D	6120	2	*	*	*	*	95.5	EU249479	*
D	6121	2	*	*	*	*	95.5	EU249480	*
D	6125	2	*	*	*	*	98.8	EU254872	*
D	6128	6	*	*	*	*	95.2	EU259283	*
D	6140	2	*	*	*	*	98.7	EU266116	*
D	6141	2	*	*	*	*	98.4	EU266555	*
D	6152	2	*	*	*	*	97.1	EU285266	*
D	6154	2	*	*	*	*	92.5	AB267394	*
D	6161	2	*	*	*	*	97.0	FJ914680	*
D	6163	2	*	*	*	*	91.9	EU315769	*
D	6175	2	*	*	*	*	95.1	EU367445	*
D	6182	2	*	*	*	*	91.2	EU401709	*
D	6184	2	*	*	*	*	90.8	EU401769	*
D	6185	2	*	*	*	*	91.2	EU409591	*
D	6197	2	*	*	*	*	95.3	FJ839633	*
D	6208	3	*	*	*	*	95.9	FJ515894	*
D	6224	2	*	*	*	*	91.4	EU551199	*
D	6228	2	*	*	*	*	98.1	JN693509	*
D	6229	2	*	*	*	*	90.4	EU552121	*
D	6235	2	*	*	*	*	97.0	EU552163	*
D	6237	3	*	*	*	*	96.0	EU553339	*
D	6248	2	*	*	*	*	91.3	EU563444	*
D	6249	2	*	*	*	*	99.6	EU563398	*
D	6270	2	*	*	*	*	92.5	EU598194	*
D	6271	2	*	*	*	*	91.8	EU598197	*
D	6280	2	*	*	*	*	93.2	EU819523	*
D	6289	2	*	*	*	*	100.0	U03522	*
D	6293	2	*	*	*	*	91.2	EU056975	*
D	6296	2	*	*	*	*	97.5	DQ102686	*
D	6298	2	*	*	*	*	99.5	UDB000935	*
D	6299	2	*	*	*	*	94.4	UDB003303	*
D	6307	2	*	*	*	*	95.3	EU670234	*
D	6312	2	*	*	*	*	98.6	EU670229	*
D	6314	3	*	*	*	*	94.7	EU675994	*
D	6319	2	*	*	*	*	97.5	EU681308	*
D	6322	2	*	*	*	*	94.8	EU681316	*
D	6324	2	*	*	*	*	93.2	EU681321	*
D	6330	4	*	*	*	*	96.1	EU692771	*
D	6342	3	*	*	*	*	95.6	GU234147	*
D	6343	2	*	*	*	*	93.5	JQ711792	*
D	6344	3	*	*	*	*	93.8	AF418612	*
D	6347	2	*	*	*	*	94.7	EU715684	*
D	6352	2	*	*	*	*	93.2	EU718105	*
D	6358	2	*	*	*	*	90.4	EU721724	*
D	6360	2	*	*	*	*	98.7	EU741055	*
D	6362	2	*	*	*	*	99.2	GQ922916	*
D	6367	2	*	*	*	*	96.6	EU784219	*
D	6397	2	*	*	*	*	97.2	FJ890027	*
D	6408	2	*	*	*	*	96.9	FJ717573	*
D	6428	2	*	*	*	*	98.5	EF589897	*
D	6430	2	*	*	*	*	90.5	AY239215	*
D	6431	2	*	*	*	*	92.3	EU863526	*
D	6441	2	*	*	*	*	94.0	EU935490	*
D	6444	3	*	*	*	*	93.8	EU935532	*
D	6454	2	*	*	*	*	98.3	GQ852825	*
D	6464	3	*	*	*	*	94.8	FJ039703	*
D	6466	2	*	*	*	*	92.8	FJ717549	*
D	6493	2	*	*	*	*	94.2	FJ205469	*
D	6497	2	*	*	*	*	97.7	FJ228180	*
D	6499	2	*	*	*	*	92.0	FJ235147	*
D	6502	2	*	*	*	*	98.3	FJ349102	*
D	6517	2	*	*	*	*	91.0	FJ403211	*
D	6525	2	*	*	*	*	100.0	FJ431211	*
D	6527	2	*	*	*	*	90.1	FJ431223	*
D	6528	2	*	*	*	*	94.3	FJ431224	*
D	6532	2	*	*	*	*	95.1	FJ431229	*
D	6562	2	*	*	*	*	92.1	FJ596863	*
D	6571	2	*	*	*	*	92.1	FJ487920	*
D	6573	2	*	*	*	*	94.3	FJ487933	*
D	6577	3	*	*	*	*	91.0	AF449102	*
D	6604	2	*	*	*	*	97.7	AY562157	*
D	6613	2	*	*	*	*	92.0	FJ596853	*
D	6625	2	*	*	*	*	96.0	JF313747	*
D	6634	2	*	*	*	*	96.4	FJ624264	*
D	6635	2	*	*	*	*	93.6	FJ624268	*
D	6636	2	*	*	*	*	92.9	FJ624271	*
D	6662	2	*	*	*	*	90.5	FJ710191	*
D	6666	2	*	*	*	*	90.4	FJ755221	*
D	6674	2	*	*	*	*	94.0	FJ770398	*
D	6682	2	*	*	*	*	90.8	EU821482	*
D	6690	2	*	*	*	*	90.8	FJ809860	*
D	6691	3	*	*	*	*	94.8	FJ624396	*
D	6725	2	*	*	*	*	91.6	FJ845425	*
D	6740	2	*	*	*	*	94.6	AY061719	*
D	6743	3	*	*	*	*	90.7	FJ884194	*
D	6772	3	*	*	*	*	99.4	HQ604830	*
D	6782	2	*	*	*	*	100.0	FJ228162	*
D	6790	2	*	*	*	*	93.3	FR667997	*
D	6791	2	*	*	*	*	90.0	DQ888729	*
D	6792	2	*	*	*	*	96.8	DQ530207	*
D	6810	3	*	*	*	*	94.0	EU326208	*
D	6812	2	*	*	*	*	100.0	AY129341	*
D	6814	2	*	*	*	*	97.0	FJ231019	*
D	6856	2	*	*	*	*	96.4	FN550884	*
D	6859	2	*	*	*	*	99.4	AM882723	*
D	6869	2	*	*	*	*	92.7	FN598959	*
D	6877	3	*	*	*	*	93.6	AY599566	*
D	6878	2	*	*	*	*	90.8	FN859417	*
D	6879	2	*	*	*	*	90.7	FN907912	*
D	6882	2	*	*	*	*	99.0	EU128647	*
D	6902	4	*	*	*	*	93.7	FR799494	*
D	6905	2	*	*	*	*	97.7	AY669662	*
D	6924	2	*	*	*	*	95.2	GQ165641	*
D	6971	2	*	*	*	*	100.0	EU151490	*
D	6972	2	*	*	*	*	92.5	GQ377479	*
D	6980	2	*	*	*	*	96.6	FJ705275	*
D	6985	2	*	*	*	*	94.3	FJ799942	*
D	6991	2	*	*	*	*	97.2	GQ479834	*
D	7002	2	*	*	*	*	100.0	JQ946395	*
D	7004	2	*	*	*	*	96.9	GQ452265	*
D	7005	2	*	*	*	*	93.2	AB193587	*
D	7011	2	*	*	*	*	98.8	GQ169764	*
D	7015	2	*	*	*	*	100.0	EU882120	*
D	7016	2	*	*	*	*	93.4	GQ852754	*
D	7037	3	*	*	*	*	98.1	AF229477	*
D	7042	2	*	*	*	*	93.1	GQ925398	*
D	7090	2	*	*	*	*	91.2	GU062227	*
D	7099	2	*	*	*	*	90.3	AF332120	*
D	7104	2	*	*	*	*	93.2	AB301607	*
D	7114	2	*	*	*	*	98.7	EU819428	*
D	7145	3	*	*	*	*	92.6	GU213482	*
D	7146	2	*	*	*	*	91.9	GU214633	*
D	7148	2	*	*	*	*	97.3	GU222261	*
D	7149	2	*	*	*	*	96.0	GU222273	*
D	7159	2	*	*	*	*	92.4	GU222328	*
D	7166	3	*	*	*	*	91.6	GU233335	*
D	7167	2	*	*	*	*	96.0	GU233337	*
D	7169	2	*	*	*	*	95.6	GU233339	*
D	7172	3	*	*	*	*	93.8	GU233343	*
D	7178	2	*	*	*	*	98.8	GU234015	*
D	7180	2	*	*	*	*	99.2	GU234109	*
D	7196	2	*	*	*	*	96.1	GU258286	*
D	7197	2	*	*	*	*	95.7	GU222290	*
D	7209	2	*	*	*	*	93.4	GU300072	*
D	7225	2	*	*	*	*	96.4	GU300778	*
D	7232	2	*	*	*	*	95.0	GU324741	*
D	7244	2	*	*	*	*	99.2	JF908481	*
D	7255	3	*	*	*	*	95.0	GU479277	*
D	7257	2	*	*	*	*	92.8	GU479286	*
D	7283	2	*	*	*	*	97.4	FJ871068	*
D	7284	2	*	*	*	*	96.3	FJ871089	*
D	7286	2	*	*	*	*	96.3	GU827325	*
D	7289	2	*	*	*	*	93.7	GU827331	*
D	7298	2	*	*	*	*	93.9	GQ870285	*
D	7304	2	*	*	*	*	98.0	GU980613	*
D	7307	2	*	*	*	*	95.6	GU117107	*
D	7312	2	*	*	*	*	94.3	GU992331	*
D	7315	2	*	*	*	*	95.5	GU994582	*
D	7318	2	*	*	*	*	92.1	HE582395	*
D	7331	2	*	*	*	*	98.1	HE649950	*
D	7344	2	*	*	*	*	100.0	HM037710	*
D	7345	2	*	*	*	*	91.8	HM037944	*
D	7348	2	*	*	*	*	94.4	AF325578	*
D	7366	2	*	*	*	*	98.2	FJ790843	*
D	7369	2	*	*	*	*	92.4	HM119490	*
D	7373	2	*	*	*	*	96.2	GQ169767	*
D	7377	2	*	*	*	*	94.4	EF493271	*
D	7378	2	*	*	*	*	91.5	UDB000043	*
D	7386	2	*	*	*	*	93.7	HM161463	*
D	7398	2	*	*	*	*	92.5	JF499843	*
D	7399	3	*	*	*	*	92.1	HM484539	*
D	7433	2	*	*	*	*	96.2	HM535599	*
D	7441	2	*	*	*	*	93.2	HM536100	*
D	7455	2	*	*	*	*	98.4	FJ375242	*
D	7457	2	*	*	*	*	93.6	HM562117	*
D	7461	2	*	*	*	*	94.8	HM562187	*
D	7462	2	*	*	*	*	91.2	FJ774081	*
D	7463	2	*	*	*	*	98.1	FJ878626	*
D	7467	2	*	*	*	*	90.5	HM578947	*
D	7471	2	*	*	*	*	96.8	DQ103885	*
D	7475	2	*	*	*	*	95.2	EU118653	*
D	7497	2	*	*	*	*	97.7	GQ415344	*
D	7503	2	*	*	*	*	94.1	HM131363	*
D	7507	2	*	*	*	*	90.3	AB015701	*
D	7513	2	*	*	*	*	100.0	EU301051	*
D	7525	4	*	*	*	*	92.8	FJ866504	*
D	7530	2	*	*	*	*	96.0	EU655684	*
D	7534	2	*	*	*	*	95.1	DQ431180	*
D	7536	2	*	*	*	*	90.5	AY061707	*
D	7537	2	*	*	*	*	98.9	GU062240	*
D	7541	2	*	*	*	*	92.5	HQ222863	*
D	7546	2	*	*	*	*	94.8	HQ234598	*
D	7555	2	*	*	*	*	94.8	GQ398240	*
D	7567	2	*	*	*	*	94.6	HQ328947	*
D	7575	2	*	*	*	*	90.0	HQ389194	*
D	7594	2	*	*	*	*	97.6	GU222267	*
D	7601	4	*	*	*	*	94.7	AF454418	*
D	7626	3	*	*	*	*	92.2	HQ604084	*
D	7641	3	*	*	*	*	93.9	HQ604547	*
D	7647	2	*	*	*	*	93.6	HQ604795	*
D	7660	2	*	*	*	*	94.0	AF422939	*
D	7699	2	*	*	*	*	95.9	DQ232664	*
D	7713	3	*	*	*	*	94.7	HQ699657	*
D	7714	3	*	*	*	*	92.3	HQ699656	*
D	7722	2	*	*	*	*	95.1	HQ607384	*
D	7726	2	*	*	*	*	90.5	FJ914687	*
D	7727	2	*	*	*	*	91.0	HQ833452	*
D	7733	3	*	*	*	*	96.1	HQ847012	*
D	7737	2	*	*	*	*	91.4	JF907846	*
D	7739	2	*	*	*	*	97.6	EU888925	*
D	7740	4	*	*	*	*	97.7	GU212865	*
D	7757	2	*	*	*	*	97.5	EU880588	*
D	7766	2	*	*	*	*	93.3	HQ897813	*
D	7777	2	*	*	*	*	98.0	FJ515205	*
D	7779	3	*	*	*	*	94.7	FJ752738	*
D	7781	2	*	*	*	*	98.1	JF271756	*
D	7785	2	*	*	*	*	96.0	EU819493	*
D	7786	2	*	*	*	*	92.0	JF300139	*
D	7795	2	*	*	*	*	90.1	GU966523	*
D	7802	2	*	*	*	*	95.8	JF430065	*
D	7828	4	*	*	*	*	94.6	AF492098	*
D	7844	2	*	*	*	*	95.6	JF514524	*
D	7853	2	*	*	*	*	93.1	GQ337913	*
D	7884	2	*	*	*	*	95.5	JF714251	*
D	7885	2	*	*	*	*	96.7	JF718687	*
D	7889	4	*	*	*	*	98.7	JF747034	*
D	7898	2	*	*	*	*	98.6	FJ009609	*
D	7910	2	*	*	*	*	97.5	JF907912	*
D	7911	2	*	*	*	*	97.0	JF907956	*
D	7919	2	*	*	*	*	90.4	JF907992	*
D	7922	2	*	*	*	*	91.2	JF908062	*
D	7934	2	*	*	*	*	93.6	JF908156	*
D	7943	2	*	*	*	*	98.8	JF908350	*
D	7959	2	*	*	*	*	94.0	JF908479	*
D	7969	2	*	*	*	*	95.0	JF908565	*
D	7974	3	*	*	*	*	98.8	AY540325	*
D	7978	3	*	*	*	*	94.7	JF937046	*
D	7980	2	*	*	*	*	99.1	GU062205	*
D	7981	2	*	*	*	*	92.6	FJ896132	*
D	7988	2	*	*	*	*	96.0	GU233324	*
D	7994	2	*	*	*	*	100.0	AY681189	*
D	8008	4	*	*	*	*	97.5	FJ827038	*
D	8027	2	*	*	*	*	99.1	FJ372691	*
D	8045	2	*	*	*	*	95.8	EU482301	*
D	8053	2	*	*	*	*	97.9	JN225946	*
D	8071	2	*	*	*	*	96.2	FJ442664	*
D	8079	3	*	*	*	*	93.6	EU785396	*
D	8083	3	*	*	*	*	91.3	FJ664862	*
D	8088	2	*	*	*	*	91.0	JN638618	*
D	8094	2	*	*	*	*	95.3	GQ152149	*
D	8097	2	*	*	*	*	94.0	FJ746640	*
D	8104	3	*	*	*	*	95.6	GQ458041	*
D	8111	2	*	*	*	*	100.0	GQ280551	*
D	8117	2	*	*	*	*	92.9	AF405304	*
D	8128	2	*	*	*	*	96.4	JF894102	*
D	8146	3	*	*	*	*	96.7	JN943151	*
D	8150	3	*	*	*	*	99.1	FJ430782	*
D	8158	2	*	*	*	*	92.8	JN943499	*
D	8164	2	*	*	*	*	97.9	GU234029	*
D	8165	2	*	*	*	*	99.1	JN944002	*
D	8167	2	*	*	*	*	96.9	JF908663	*
D	8169	2	*	*	*	*	98.6	AY061685	*
D	8210	2	*	*	*	*	97.7	EU553344	*
D	8213	2	*	*	*	*	91.4	L54078	*
D	8218	2	*	*	*	*	95.1	GQ397991	*
D	8229	2	*	*	*	*	90.0	U33086	*
D	8245	3	*	*	*	*	96.6	U51966	*
D	8250	2	*	*	*	*	97.2	U56039	*
D	8267	2	*	*	*	*	95.2	AF079583	*
D	8272	3	*	*	*	*	94.5	U66031	*
D	8286	3	*	*	*	*	93.4	U85311	*
D	8292	3	*	*	*	*	94.2	U88219	*
D	8295	2	*	*	*	*	91.5	AF462422	*
D	8309	2	*	*	*	*	99.6	AY606947	*
D	8312	2	*	*	*	*	99.5	EF644119	*
D	8331	2	*	*	*	*	93.8	UDB000662	*
D	8332	2	*	*	*	*	97.5	L54076	*
D	8335	2	*	*	*	*	96.8	UDB000688	*
D	8340	2	*	*	*	*	92.8	UDB000669	*
D	8342	2	*	*	*	*	94.4	EU417872	*
D	8346	4	*	*	*	*	90.9	DQ658878	*
D	8355	3	*	*	*	*	94.5	FJ755188	*
D	8357	2	*	*	*	*	94.0	UDB001133	*
D	8363	2	*	*	*	*	94.4	UDB011688	*
D	8367	2	*	*	*	*	92.4	DQ117928	*
D	8372	2	*	*	*	*	93.4	FJ501551	*
D	8376	2	*	*	*	*	91.2	UDB001611	*
D	8388	2	*	*	*	*	96.0	DQ663347	*
D	8392	2	*	*	*	*	96.0	EU057041	*
D	8395	2	*	*	*	*	90.0	EU057076	*
D	8398	2	*	*	*	*	91.1	AF389158	*
D	8405	3	*	*	*	*	96.0	U56032	*
D	8421	2	*	*	*	*	93.0	UDB003218	*
D	8423	2	*	*	*	*	95.2	AF482868	*
D	8433	2	*	*	*	*	90.6	UDB003335	*
D	8451	2	*	*	*	*	96.4	UDB011125	*
D	8452	2	*	*	*	*	97.2	AY573537	*
D	8467	2	*	*	*	*	90.2	UDB011249	*
D	8471	4	*	*	*	*	95.8	UDB011124	*
D	8473	3	*	*	*	*	96.5	UDB011168	*
D	8477	2	*	*	*	*	97.6	FJ039593	*
D	8485	3	*	*	*	*	96.6	EU486448	*
D	8488	2	*	*	*	*	97.2	UDB011431	*
D	8494	6	*	*	*	*	95.0	FJ845439	*
D	8496	2	*	*	*	*	96.7	UDB011459	*
D	8497	2	*	*	*	*	92.0	AJ889962	*
D	8507	3	*	*	*	*	92.4	AF140262	*
D	8515	2	*	*	*	*	91.6	UDB011586	*
D	8519	2	*	*	*	*	98.4	UDB011572	*
D	8542	2	*	*	*	*	99.6	UDB011716	*
D	8544	6	*	*	*	*	93.4	FJ039640	*
D	8549	2	*	*	*	*	90.0	UDB011749	*
D	8575	2	*	*	*	*	92.4	UDB011854	*
D	8586	2	*	*	*	*	97.3	FJ746660	*
D	8587	2	*	*	*	*	100.0	Z37064	*
D	8593	2	*	*	*	*	93.3	Z37063	*
D	8606	2	*	*	*	*	100.0	EU181454	*
