dataset	level	iteration	method	parameters	seq_id               	observed_taxonomy	expected_taxonomy	result	mismatch_level
B1-REF	5	1	uclust	0.51:0.8:3	551722	k__Archaea; p__Euryarchaeota; c__Halobacteria; o__Halobacteriales; f__Halobacteriaceae	k__Archaea; p__Euryarchaeota; c__Halobacteria; o__Halobacteriales; f__Halobacteriaceae; g__Halorientalis	match	5
B1-REF	5	1	uclust	0.51:0.8:3	89370	k__Bacteria; p__Firmicutes; c__Bacilli; o__Bacillales; f__Bacillaceae; g__Bacillus; s__foraminis	k__Bacteria; p__Firmicutes; c__Bacilli; o__Bacillales; f__Bacillaceae; g__Anoxybacillus	overclassification	5
B1-REF	5	1	uclust	0.51:0.8:3	4388908	k__Bacteria; p__Proteobacteria; c__Alphaproteobacteria; o__Rickettsiales; f__mitochondria; g__Pyropia	k__Bacteria; p__Proteobacteria; c__Alphaproteobacteria; o__Rickettsiales; f__mitochondria; g__Porphyra	overclassification	5
B1-REF	5	1	uclust	0.51:0.8:3	370253	k__Bacteria; p__Firmicutes; c__Clostridia; o__Clostridiales; f__Ruminococcaceae	k__Bacteria; p__Firmicutes; c__Clostridia; o__Clostridiales; f__Ruminococcaceae; g__Faecalibacterium	match	5
B1-REF	5	1	uclust	0.51:0.8:3	192107	k__Bacteria; p__Bacteroidetes; c__Sphingobacteriia; o__Sphingobacteriales; f__Sphingobacteriaceae; g__Pedobacter; s__cryoconitis	k__Bacteria; p__Bacteroidetes; c__Flavobacteriia; o__Flavobacteriales; f__Cryomorphaceae; g__Coccinistipes	misclassification	2
B1-REF	5	1	uclust	0.51:0.8:3	827215	k__Bacteria; p__Proteobacteria; c__Alphaproteobacteria; o__Rhizobiales; f__Hyphomicrobiaceae; g__Filomicrobium	k__Bacteria; p__Proteobacteria; c__Alphaproteobacteria; o__Rhizobiales; f__Hyphomicrobiaceae; g__Dichotomicrobium	overclassification	5
B1-REF	5	1	uclust	0.51:0.8:3	4341986	k__Bacteria; p__Actinobacteria; c__Actinobacteria; o__Actinomycetales; f__Micromonosporaceae; g__Verrucosispora; s__gifhornensis	k__Bacteria; p__Actinobacteria; c__Actinobacteria; o__Actinomycetales; f__Micromonosporaceae; g__Phytohabitans	overclassification	5
B1-REF	5	1	uclust	0.51:0.8:3	581352	k__Bacteria; p__Actinobacteria; c__Actinobacteria; o__Actinomycetales; f__Intrasporangiaceae; g__Tetrasphaera	k__Bacteria; p__Actinobacteria; c__Actinobacteria; o__Actinomycetales; f__Intrasporangiaceae; g__Knoellia	overclassification	5
B1-REF	5	1	uclust	0.51:0.8:3	289103	k__Bacteria; p__Proteobacteria; c__Gammaproteobacteria; o__Enterobacteriales; f__Enterobacteriaceae; g__Escherichia; s__hermannii	k__Bacteria; p__Proteobacteria; c__Gammaproteobacteria; o__Enterobacteriales; f__Enterobacteriaceae; g__Achromobacter	overclassification	5
B1-REF	5	1	uclust	0.51:0.8:3	3194311	k__Bacteria; p__Proteobacteria; c__Alphaproteobacteria; o__Rickettsiales; f__mitochondria	k__Bacteria; p__Proteobacteria; c__Alphaproteobacteria; o__Rickettsiales; f__mitochondria; g__Beta	match	5
B1-REF	5	1	uclust	0.51:0.8:3	265604	k__Bacteria; p__Firmicutes; c__Bacilli; o__Bacillales; f__Bacillaceae	k__Bacteria; p__Firmicutes; c__Bacilli; o__Bacillales; f__Sporolactobacillaceae; g__Scopulibacillus	misclassification	4
B1-REF	5	1	uclust	0.51:0.8:3	71348	k__Bacteria; p__Proteobacteria; c__Gammaproteobacteria; o__Alteromonadales; f__Alteromonadaceae	k__Bacteria; p__Proteobacteria; c__Gammaproteobacteria; o__Thiotrichales; f__Piscirickettsiaceae; g__Piscirickettsia	misclassification	3
B1-REF	5	1	uclust	0.51:0.8:3	4445049	k__Archaea; p__Euryarchaeota; c__Thermoplasmata; o__Thermoplasmatales; f__Picrophilaceae	k__Archaea; p__Euryarchaeota; c__Thermoplasmata; o__Thermoplasmatales; f__Picrophilaceae; g__Ferroplasmaceae	match	5
B1-REF	5	1	uclust	0.51:0.8:3	112074	k__Archaea; p__Euryarchaeota; c__Halobacteria; o__Halobacteriales; f__Halobacteriaceae; g__Halobiforma	k__Archaea; p__Euryarchaeota; c__Halobacteria; o__Halobacteriales; f__Halobacteriaceae; g__Natronococcus	overclassification	5
B1-REF	5	1	uclust	0.51:0.8:3	332919	k__Bacteria; p__Firmicutes; c__Bacilli; o__Lactobacillales; f__Lactobacillaceae; g__Pediococcus; s__ethanolidurans	k__Bacteria; p__Firmicutes; c__Bacilli; o__Lactobacillales; f__Lactobacillaceae; g__Lactobacillus	overclassification	5
B1-REF	5	1	uclust	0.51:0.8:3	3064426	Unassigned	k__Bacteria; p__Proteobacteria; c__Alphaproteobacteria; o__Rickettsiales; f__mitochondria; g__Bigelowiella	underclassification	0
B1-REF	5	1	uclust	0.51:0.8:3	12703	k__Bacteria; p__Actinobacteria; c__Actinobacteria; o__Actinomycetales; f__Actinosynnemataceae; g__Amycolatopsis; s__fastidiosa	k__Bacteria; p__Actinobacteria; c__Actinobacteria; o__Actinomycetales; f__Pseudonocardiaceae; g__Thermocrispum	misclassification	4
B1-REF	5	1	uclust	0.51:0.8:3	4407376	k__Bacteria; p__Proteobacteria; c__Alphaproteobacteria; o__Caulobacterales; f__Caulobacteraceae; g__Brevundimonas	k__Bacteria; p__Proteobacteria; c__Alphaproteobacteria; o__Caulobacterales; f__Caulobacteraceae; g__Streptomyces	overclassification	5
B1-REF	5	1	uclust	0.51:0.8:3	7126	k__Bacteria; p__Proteobacteria; c__Betaproteobacteria; o__Burkholderiales; f__Comamonadaceae; g__Acidovorax; s__facilis	k__Bacteria; p__Proteobacteria; c__Betaproteobacteria; o__Burkholderiales; f__Comamonadaceae; g__Leptothrix	overclassification	5
B1-REF	5	1	uclust	0.51:0.8:3	660959	k__Bacteria; p__Proteobacteria; c__Alphaproteobacteria; o__Rhodobacterales; f__Rhodobacteraceae	k__Bacteria; p__Proteobacteria; c__Alphaproteobacteria; o__Rhodobacterales; f__Rhodobacteraceae; g__Thioclava	match	5
B1-REF	5	1	uclust	0.51:0.8:3	219691	k__Archaea; p__Euryarchaeota; c__Methanococci; o__Methanococcales; f__Methanococcaceae; g__Methanothermococcus	k__Archaea; p__Euryarchaeota; c__Methanococci; o__Methanococcales; f__Methanococcaceae; g__Methanococcus	overclassification	5
B1-REF	5	1	uclust	0.51:0.8:3	2397581	k__Bacteria; p__Proteobacteria; c__Alphaproteobacteria; o__Rickettsiales; f__mitochondria	k__Bacteria; p__Proteobacteria; c__Alphaproteobacteria; o__Rickettsiales; f__mitochondria; g__Angiopteris	match	5
B1-REF	5	1	uclust	0.51:0.8:3	4324649	k__Bacteria; p__Proteobacteria; c__Alphaproteobacteria; o__Rhodospirillales; f__Acetobacteraceae; g__Gluconacetobacter	k__Bacteria; p__Proteobacteria; c__Alphaproteobacteria; o__Rhodospirillales; f__Acetobacteraceae; g__Neoasaia	overclassification	5
B1-REF	5	1	uclust	0.51:0.8:3	149643	k__Bacteria; p__Actinobacteria; c__Actinobacteria; o__Actinomycetales; f__Microbacteriaceae; g__Leifsonia	k__Bacteria; p__Actinobacteria; c__Actinobacteria; o__Actinomycetales; f__Microbacteriaceae; g__Agrococcus	overclassification	5
B1-REF	5	1	uclust	0.51:0.8:3	723021	k__Bacteria; p__Proteobacteria; c__Betaproteobacteria; o__Burkholderiales; f__Comamonadaceae; g__Variovorax; s__paradoxus	k__Bacteria; p__Proteobacteria; c__Betaproteobacteria; o__Burkholderiales; f__Comamonadaceae; g__Limnohabitans	overclassification	5
B1-REF	5	1	uclust	0.51:0.8:3	132943	k__Bacteria; p__Proteobacteria; c__Gammaproteobacteria; o__Xanthomonadales; f__Xanthomonadaceae; g__Xanthomonas; s__campestris	k__Bacteria; p__Proteobacteria; c__Gammaproteobacteria; o__Xanthomonadales; f__Xanthomonadaceae; g__Xylella	overclassification	5
B1-REF	5	1	uclust	0.51:0.8:3	83013	k__Bacteria; p__Proteobacteria; c__Gammaproteobacteria; o__Pasteurellales; f__Pasteurellaceae	k__Bacteria; p__Proteobacteria; c__Gammaproteobacteria; o__Pasteurellales; f__Pasteurellaceae; g__Volucribacter	match	5
B1-REF	5	1	uclust	0.51:0.8:3	1144109	k__Bacteria; p__Bacteroidetes; c__Flavobacteriia; o__Flavobacteriales; f__Flavobacteriaceae	k__Bacteria; p__Bacteroidetes; c__Flavobacteriia; o__Flavobacteriales; f__Flavobacteriaceae; g__Maribacter	match	5
B1-REF	5	1	uclust	0.51:0.8:3	549232	k__Bacteria; p__Proteobacteria; c__Gammaproteobacteria; o__Enterobacteriales; f__Enterobacteriaceae; g__Providencia; s__stuartii	k__Bacteria; p__Proteobacteria; c__Gammaproteobacteria; o__Enterobacteriales; f__Enterobacteriaceae; g__Leminorella	overclassification	5
B1-REF	5	1	uclust	0.51:0.8:3	4319468	k__Bacteria; p__Bacteroidetes; c__Saprospirae; o__Saprospirales; f__Chitinophagaceae; g__Chitinophaga; s__arvensicola	k__Bacteria; p__Bacteroidetes; c__Saprospirae; o__Saprospirales; f__Chitinophagaceae; g__Terrimonas	overclassification	5
B1-REF	5	1	uclust	0.51:0.8:3	12980	k__Bacteria; p__Actinobacteria; c__Actinobacteria; o__Actinomycetales; f__Actinosynnemataceae; g__Lechevalieria	k__Bacteria; p__Actinobacteria; c__Actinobacteria; o__Actinomycetales; f__Actinosynnemataceae; g__Saccharothrixopsis	overclassification	5
B1-REF	5	1	uclust	0.51:0.8:3	559851	k__Archaea; p__Crenarchaeota; c__Thermoprotei; o__Desulfurococcales; f__Pyrodictiaceae	k__Archaea; p__Crenarchaeota; c__Thermoprotei; o__Thermoproteales; f__Thermoproteaceae; g__Vulcanisaeta	misclassification	3
B1-REF	5	1	uclust	0.51:0.8:3	643724	k__Archaea; p__Euryarchaeota; c__Halobacteria; o__Halobacteriales; f__Halobacteriaceae; g__Natrialba	k__Archaea; p__Euryarchaeota; c__Halobacteria; o__Halobacteriales; f__Halobacteriaceae; g__Natronolimnobius	overclassification	5
B1-REF	5	1	uclust	0.51:0.8:3	111022	k__Bacteria; p__Deferribacteres; c__Deferribacteres; o__Deferribacterales; f__Deferribacteraceae	k__Bacteria; p__Deferribacteres; c__Deferribacteres; o__Deferribacterales; f__Deferribacteraceae; g__Deferribacter	match	5
B1-REF	5	1	uclust	0.51:0.8:3	545968	k__Bacteria; p__Proteobacteria; c__Betaproteobacteria; o__Burkholderiales; f__Comamonadaceae	k__Bacteria; p__Proteobacteria; c__Betaproteobacteria; o__Burkholderiales; f__Comamonadaceae; g__Comamonas	match	5
B1-REF	5	1	uclust	0.51:0.8:3	147086	k__Bacteria; p__Bacteroidetes; c__Flavobacteriia; o__Flavobacteriales; f__Flavobacteriaceae; g__Winogradskyella; s__thalassocola	k__Bacteria; p__Bacteroidetes; c__Flavobacteriia; o__Flavobacteriales; f__Flavobacteriaceae; g__Cellulophaga	overclassification	5
B1-REF	5	1	uclust	0.51:0.8:3	107531	k__Bacteria; p__Proteobacteria; c__Alphaproteobacteria; o__Rickettsiales; f__Rickettsiaceae; g__Orientia; s__tsutsugamushi	k__Bacteria; p__Proteobacteria; c__Alphaproteobacteria; o__Rickettsiales; f__Rickettsiaceae; g__Rickettsia	overclassification	5
B1-REF	5	1	uclust	0.51:0.8:3	2426771	k__Bacteria; p__Proteobacteria; c__Alphaproteobacteria; o__Rickettsiales; f__mitochondria	k__Bacteria; p__Proteobacteria; c__Alphaproteobacteria; o__Rickettsiales; f__mitochondria; g__Abies	match	5
B1-REF	5	1	uclust	0.51:0.8:3	4431590	k__Bacteria; p__Actinobacteria; c__Actinobacteria; o__Actinomycetales; f__Kineosporiaceae; g__Kineosporia	k__Bacteria; p__Actinobacteria; c__Actinobacteria; o__Actinomycetales; f__Kineosporiaceae; g__Kineococcus	overclassification	5
B1-REF	5	1	uclust	0.51:0.8:3	780288	k__Bacteria; p__Proteobacteria; c__Gammaproteobacteria; o__Pseudomonadales; f__Pseudomonadaceae	k__Bacteria; p__Proteobacteria; c__Gammaproteobacteria; o__Pseudomonadales; f__Pseudomonadaceae; g__Pseudomonas	match	5
B1-REF	5	1	uclust	0.51:0.8:3	8127	k__Bacteria; p__Proteobacteria; c__Gammaproteobacteria; o__Oceanospirillales; f__Halomonadaceae; g__Halomonas	k__Bacteria; p__Proteobacteria; c__Gammaproteobacteria; o__Oceanospirillales; f__Halomonadaceae; g__Chromohalobacter	overclassification	5
B1-REF	5	1	uclust	0.51:0.8:3	4482804	k__Bacteria; p__Actinobacteria; c__Actinobacteria; o__Actinomycetales; f__Micrococcaceae; g__Arthrobacter; s__crystallopoietes	k__Bacteria; p__Actinobacteria; c__Actinobacteria; o__Actinomycetales; f__Micrococcaceae; g__Rothia	overclassification	5
B1-REF	5	1	uclust	0.51:0.8:3	4467220	k__Bacteria; p__Bacteroidetes; c__Cytophagia; o__Cytophagales; f__Flammeovirgaceae; g__Marinoscillum	k__Bacteria; p__Bacteroidetes; c__Cytophagia; o__Cytophagales; f__Cytophagaceae; g__Siphonobacter	misclassification	4
B1-REF	5	1	uclust	0.51:0.8:3	2884179	k__Bacteria; p__Cyanobacteria; c__Oscillatoriophycideae; o__Oscillatoriales; f__Phormidiaceae; g__Hydrocoleum	k__Bacteria; p__Cyanobacteria; c__Oscillatoriophycideae; o__Oscillatoriales; f__Phormidiaceae; g__Oscillatoria	overclassification	5
B1-REF	5	1	uclust	0.51:0.8:3	544425	k__Bacteria; p__Proteobacteria; c__Deltaproteobacteria; o__Desulfobacterales; f__Desulfobacteraceae	k__Bacteria; p__Proteobacteria; c__Deltaproteobacteria; o__Desulfobacterales; f__Desulfobacteraceae; g__Desulfofaba	match	5
B1-REF	5	1	uclust	0.51:0.8:3	2682867	k__Bacteria; p__Proteobacteria; c__Alphaproteobacteria; o__Rickettsiales; f__mitochondria	k__Bacteria; p__Proteobacteria; c__Alphaproteobacteria; o__Rickettsiales; f__mitochondria; g__Podophyllum	match	5
B1-REF	5	1	uclust	0.51:0.8:3	2919166	k__Bacteria; p__Actinobacteria; c__Coriobacteriia; o__Coriobacteriales; f__Coriobacteriaceae; g__Atopobium; s__vaginae	k__Bacteria; p__Actinobacteria; c__Coriobacteriia; o__Coriobacteriales; f__Coriobacteriaceae; g__Collinsella	overclassification	5
B1-REF	5	1	uclust	0.51:0.8:3	2046080	k__Bacteria; p__Cyanobacteria; c__Oscillatoriophycideae	k__Bacteria; p__Cyanobacteria; c__Oscillatoriophycideae; o__Oscillatoriales; f__Phormidiaceae; g__Lyngbya	underclassification	3
B1-REF	5	1	uclust	0.51:0.8:3	66229	k__Bacteria; p__Proteobacteria; c__Alphaproteobacteria; o__Sphingomonadales; f__Sphingomonadaceae; g__Sphingomonas; s__wittichii	k__Bacteria; p__Proteobacteria; c__Alphaproteobacteria; o__Rhodospirillales; f__Rhodospirillaceae; g__Phaeospirillum	misclassification	3
B1-REF	5	1	uclust	0.51:0.8:3	439	k__Archaea; p__Euryarchaeota; c__Methanomicrobia; o__Methanosarcinales; f__Methanosarcinaceae	k__Archaea; p__Euryarchaeota; c__Methanomicrobia; o__Methanosarcinales; f__Methanosarcinaceae; g__Methanosarcina	match	5
B1-REF	5	1	uclust	0.51:0.8:3	1129081	k__Bacteria; p__Actinobacteria; c__Actinobacteria; o__Actinomycetales; f__Beutenbergiaceae; g__Salana; s__multivorans	k__Bacteria; p__Actinobacteria; c__Actinobacteria; o__Actinomycetales; f__Beutenbergiaceae; g__Serinibacter	overclassification	5
B1-REF	5	1	uclust	0.51:0.8:3	4482366	k__Bacteria; p__Proteobacteria; c__Gammaproteobacteria; o__Legionellales; f__Legionellaceae; g__Legionella; s__maceachernii	k__Bacteria; p__Proteobacteria; c__Gammaproteobacteria; o__Legionellales; f__Legionellaceae; g__Tatlockia	overclassification	5
B1-REF	5	1	uclust	0.51:0.8:3	4328084	k__Bacteria; p__Actinobacteria; c__Actinobacteria; o__Actinomycetales	k__Bacteria; p__Actinobacteria; c__Actinobacteria; o__Actinomycetales; f__Dermatophilaceae; g__Kineosphaera	underclassification	4
B1-REF	5	1	uclust	0.51:0.8:3	3363021	k__Bacteria; p__Proteobacteria; c__Alphaproteobacteria; o__Rhodobacterales; f__Rhodobacteraceae; g__Phaeobacter	k__Bacteria; p__Proteobacteria; c__Alphaproteobacteria; o__Rhodobacterales; f__Rhodobacteraceae; g__Sagittula	overclassification	5
B1-REF	5	1	uclust	0.51:0.8:3	1123638	k__Bacteria; p__Proteobacteria; c__Gammaproteobacteria; o__Oceanospirillales; f__Halomonadaceae; g__Halomonas	k__Bacteria; p__Proteobacteria; c__Gammaproteobacteria; o__Oceanospirillales; f__Halomonadaceae; g__Modicisalibacter	overclassification	5
B1-REF	5	1	uclust	0.51:0.8:3	5131	k__Bacteria; p__Proteobacteria; c__Alphaproteobacteria; o__Rhizobiales; f__Phyllobacteriaceae; g__Chelativorans	k__Bacteria; p__Proteobacteria; c__Alphaproteobacteria; o__Rhizobiales; f__Phyllobacteriaceae; g__Biserrula	overclassification	5
B1-REF	5	1	uclust	0.51:0.8:3	359367	k__Bacteria; p__Actinobacteria; c__Actinobacteria; o__Actinomycetales; f__Micromonosporaceae; g__Micromonospora	k__Bacteria; p__Actinobacteria; c__Actinobacteria; o__Actinomycetales; f__Micromonosporaceae; g__Penicillium	overclassification	5
B1-REF	5	1	uclust	0.51:0.8:3	531406	k__Bacteria; p__Proteobacteria; c__Alphaproteobacteria; o__Rhodospirillales; f__Rhodospirillaceae	k__Bacteria; p__Proteobacteria; c__Alphaproteobacteria; o__Rhodospirillales; f__Rhodospirillaceae; g__Constrictibacter	match	5
B1-REF	5	1	uclust	0.51:0.8:3	730054	k__Bacteria; p__Bacteroidetes; c__Flavobacteriia; o__Flavobacteriales; f__Flavobacteriaceae	k__Bacteria; p__Bacteroidetes; c__Flavobacteriia; o__Flavobacteriales; f__Flavobacteriaceae; g__Poriferibacter	match	5
B1-REF	5	1	uclust	0.51:0.8:3	3664773	k__Bacteria; p__Proteobacteria; c__Gammaproteobacteria; o__Aeromonadales; f__Aeromonadaceae; g__Zobellella	k__Bacteria; p__Proteobacteria; c__Gammaproteobacteria; o__Aeromonadales; f__Aeromonadaceae; g__Oceanimonas	overclassification	5
B1-REF	5	1	uclust	0.51:0.8:3	3764940	k__Bacteria; p__Planctomycetes; c__Planctomycetia; o__Pirellulales; f__Pirellulaceae; g__planctomycete	k__Bacteria; p__Planctomycetes; c__Planctomycetia; o__Pirellulales; f__Pirellulaceae; g__Blastopirellula	overclassification	5
B1-REF	5	1	uclust	0.51:0.8:3	698557	k__Bacteria; p__Proteobacteria; c__Gammaproteobacteria; o__Enterobacteriales; f__Enterobacteriaceae	k__Bacteria; p__Proteobacteria; c__Gammaproteobacteria; o__Enterobacteriales; f__Enterobacteriaceae; g__Kleidoceria	match	5
B1-REF	5	1	uclust	0.51:0.8:3	7260	k__Bacteria; p__Proteobacteria; c__Betaproteobacteria; o__Burkholderiales; f__Burkholderiaceae; g__Salinispora; s__tropica	k__Bacteria; p__Proteobacteria; c__Betaproteobacteria; o__Burkholderiales; f__Burkholderiaceae; g__Thiomonas	overclassification	5
B1-REF	5	1	uclust	0.51:0.8:3	1140341	k__Bacteria; p__Proteobacteria; c__Gammaproteobacteria; o__Enterobacteriales; f__Enterobacteriaceae; g__Plesiomonas; s__shigelloides	k__Bacteria; p__Proteobacteria; c__Gammaproteobacteria; o__Enterobacteriales; f__Enterobacteriaceae; g__Thorsellia	overclassification	5
B1-REF	5	1	uclust	0.51:0.8:3	4395332	k__Bacteria; p__Proteobacteria; c__Gammaproteobacteria; o__Enterobacteriales; f__Enterobacteriaceae; g__Plesiomonas; s__shigelloides	k__Bacteria; p__Proteobacteria; c__Gammaproteobacteria; o__Enterobacteriales; f__Enterobacteriaceae; g__Hafnia	overclassification	5
B1-REF	5	1	uclust	0.51:0.8:3	259900	k__Bacteria; p__Actinobacteria; c__Actinobacteria; o__Actinomycetales; f__Microbacteriaceae; g__Leifsonia	k__Bacteria; p__Actinobacteria; c__Actinobacteria; o__Actinomycetales; f__Microbacteriaceae; g__Planktoluna	overclassification	5
B1-REF	5	1	uclust	0.51:0.8:3	1129723	k__Bacteria; p__Proteobacteria; c__Gammaproteobacteria; o__Legionellales; f__Francisellaceae	k__Bacteria; p__Proteobacteria; c__Gammaproteobacteria; o__Legionellales; f__Francisellaceae; g__Caedibacter	match	5
B1-REF	5	1	uclust	0.51:0.8:3	1123287	k__Bacteria; p__Proteobacteria; c__Alphaproteobacteria; o__Rhodobacterales; f__Rhodobacteraceae	k__Bacteria; p__Proteobacteria; c__Alphaproteobacteria; o__Rhodobacterales; f__Rhodobacteraceae; g__Palleronia	match	5
B1-REF	5	1	uclust	0.51:0.8:3	4482512	k__Bacteria; p__Proteobacteria; c__Gammaproteobacteria; o__Xanthomonadales; f__Sinobacteraceae	k__Bacteria; p__Proteobacteria; c__Gammaproteobacteria; o__Xanthomonadales; f__Sinobacteraceae; g__Sinobacter	match	5
B1-REF	5	1	uclust	0.51:0.8:3	2960735	k__Bacteria; p__Cyanobacteria; c__Chloroplast; o__Chlorophyta; f__Mamiellaceae	k__Bacteria; p__Cyanobacteria; c__Chloroplast; o__Chlorophyta; f__Mamiellaceae; g__Ostreococcus	match	5
B1-REF	5	1	uclust	0.51:0.8:3	708412	k__Bacteria; p__Actinobacteria; c__Actinobacteria; o__Actinomycetales; f__Actinosynnemataceae; g__Lentzea; s__albidocapillata	k__Bacteria; p__Actinobacteria; c__Actinobacteria; o__Actinomycetales; f__Actinosynnemataceae; g__Umezawaea	overclassification	5
B1-REF	5	1	uclust	0.51:0.8:3	1131621	k__Bacteria; p__Proteobacteria; c__Alphaproteobacteria; o__Rhodobacterales; f__Rhodobacteraceae	k__Bacteria; p__Proteobacteria; c__Alphaproteobacteria; o__Rhodobacterales; f__Rhodobacteraceae; g__Wenxinia	match	5
B1-REF	5	1	uclust	0.51:0.8:3	4217330	k__Archaea; p__Euryarchaeota; c__Halobacteria; o__Halobacteriales; f__Halobacteriaceae	k__Archaea; p__Euryarchaeota; c__Halobacteria; o__Halobacteriales; f__Halobacteriaceae; g__Halogranum	match	5
B1-REF	5	1	uclust	0.51:0.8:3	3942007	k__Bacteria; p__Firmicutes; c__Bacilli; o__Bacillales; f__Planococcaceae; g__Lysinibacillus; s__boronitolerans	k__Bacteria; p__Firmicutes; c__Bacilli; o__Bacillales; f__Planococcaceae; g__Bacillus	overclassification	5
B1-REF	5	1	uclust	0.51:0.8:3	4356825	k__Bacteria; p__Proteobacteria; c__Gammaproteobacteria; o__Aeromonadales; f__Aeromonadaceae; g__Zobellella	k__Bacteria; p__Proteobacteria; c__Gammaproteobacteria; o__Alteromonadales; f__Alteromonadaceae; g__Glaciecola	misclassification	3
B1-REF	5	1	uclust	0.51:0.8:3	30485	k__Bacteria; p__Actinobacteria; c__Actinobacteria; o__Actinomycetales; f__Streptosporangiaceae; g__Microbispora; s__rosea	k__Bacteria; p__Actinobacteria; c__Actinobacteria; o__Actinomycetales; f__Streptosporangiaceae; g__Streptosporangiaceae	overclassification	5
B1-REF	5	1	uclust	0.51:0.8:3	282575	k__Bacteria; p__Proteobacteria; c__Alphaproteobacteria; o__Rhizobiales; f__Phyllobacteriaceae	k__Bacteria; p__Proteobacteria; c__Alphaproteobacteria; o__Rhizobiales; f__Phyllobacteriaceae; g__Hoeflea	match	5
B1-REF	5	1	uclust	0.51:0.8:3	1884554	k__Bacteria; p__Proteobacteria; c__Gammaproteobacteria; o__Oceanospirillales; f__Halomonadaceae; g__Halomonas; s__phosphatis	k__Bacteria; p__Proteobacteria; c__Gammaproteobacteria; o__Oceanospirillales; f__Oceanospirillaceae; g__Marinomonas	misclassification	4
B1-REF	5	1	uclust	0.51:0.8:3	812766	k__Bacteria; p__Actinobacteria; c__Actinobacteria; o__Actinomycetales; f__Micromonosporaceae; g__Verrucosispora; s__gifhornensis	k__Bacteria; p__Actinobacteria; c__Actinobacteria; o__Actinomycetales; f__Micromonosporaceae; g__Asanoa	overclassification	5
B1-REF	5	1	uclust	0.51:0.8:3	159833	k__Bacteria; p__Firmicutes; c__Bacilli; o__Bacillales; f__Thermoactinomycetaceae	k__Bacteria; p__Firmicutes; c__Bacilli; o__Bacillales; f__Thermoactinomycetaceae; g__Trigonala	match	5
B1-REF	5	1	uclust	0.51:0.8:3	1139975	k__Bacteria; p__Bacteroidetes; c__Sphingobacteriia; o__Sphingobacteriales; f__Sphingobacteriaceae; g__Pedobacter; s__cryoconitis	k__Bacteria; p__Bacteroidetes; c__Sphingobacteriia; o__Sphingobacteriales; f__Sphingobacteriaceae; g__Olivibacter	overclassification	5
B1-REF	5	1	uclust	0.51:0.8:3	249383	k__Bacteria; p__Bacteroidetes; c__Flavobacteriia; o__Flavobacteriales; f__Flavobacteriaceae	k__Bacteria; p__Bacteroidetes; c__Flavobacteriia; o__Flavobacteriales; f__Flavobacteriaceae; g__Kriegella	match	5
B1-REF	5	1	uclust	0.51:0.8:3	106723	k__Bacteria; p__Aquificae; c__Aquificae; o__Aquificales; f__Aquificaceae; g__Hydrogenobacter	k__Bacteria; p__Aquificae; c__Aquificae; o__Aquificales; f__Aquificaceae; g__Thermothrix	overclassification	5
B1-REF	5	1	uclust	0.51:0.8:3	2584976	k__Bacteria; p__Proteobacteria; c__Alphaproteobacteria; o__Rickettsiales; f__mitochondria	k__Bacteria; p__Proteobacteria; c__Alphaproteobacteria; o__Rickettsiales; f__mitochondria; g__Veronica	match	5
B1-REF	5	1	uclust	0.51:0.8:3	422910	k__Bacteria; p__Proteobacteria; c__Betaproteobacteria; o__Burkholderiales; f__Comamonadaceae; g__Rubrivivax; s__gelatinosus	k__Bacteria; p__Proteobacteria; c__Betaproteobacteria; o__Burkholderiales; f__Comamonadaceae; g__Simplicispira	overclassification	5
B1-REF	5	1	uclust	0.51:0.8:3	158785	k__Bacteria; p__Cyanobacteria; c__Nostocophycideae; o__Nostocales; f__Nostocaceae; g__Stigonema; s__ocellatum	k__Bacteria; p__Cyanobacteria; c__Nostocophycideae; o__Nostocales; f__Scytonemataceae; g__Brasilonema	misclassification	4
B1-REF	5	1	uclust	0.51:0.8:3	851937	k__Bacteria; p__Proteobacteria; c__Gammaproteobacteria; o__Pasteurellales; f__Pasteurellaceae	k__Bacteria; p__Proteobacteria; c__Gammaproteobacteria; o__Aeromonadales; f__Succinivibrionaceae; g__Succinatimonas	misclassification	3
B1-REF	5	1	uclust	0.51:0.8:3	751671	k__Bacteria; p__Firmicutes; c__Bacilli; o__Bacillales; f__Staphylococcaceae; g__Staphylococcus; s__aureus	k__Bacteria; p__Firmicutes; c__Bacilli; o__Lactobacillales; f__Streptococcaceae; g__Streptococcus	misclassification	3
B1-REF	5	1	uclust	0.51:0.8:3	694346	k__Bacteria; p__Proteobacteria; c__Alphaproteobacteria; o__Rhodobacterales; f__Rhodobacteraceae; g__Phaeobacter; s__gallaeciensis	k__Bacteria; p__Proteobacteria; c__Alphaproteobacteria; o__Rhodobacterales; f__Rhodobacteraceae; g__Marinovum	overclassification	5
B1-REF	5	1	uclust	0.51:0.8:3	39523	k__Bacteria; p__Aquificae; c__Aquificae; o__Aquificales; f__Hydrogenothermaceae; g__Sulfurihydrogenibium	k__Bacteria; p__Aquificae; c__Aquificae; o__Aquificales; f__Hydrogenothermaceae; g__Aquificales	overclassification	5
B1-REF	5	1	uclust	0.51:0.8:3	3223797	k__Bacteria; p__Proteobacteria; c__Alphaproteobacteria; o__Rickettsiales; f__Anaplasmataceae; g__Ehrlichia; s__ruminantium	k__Bacteria; p__Proteobacteria; c__Alphaproteobacteria; o__Rickettsiales; f__mitochondria; g__Reclinomonas	misclassification	4
B1-REF	5	1	uclust	0.51:0.8:3	46167	k__Archaea; p__Crenarchaeota; c__Thermoprotei; o__Desulfurococcales; f__Desulfurococcaceae	k__Archaea; p__Crenarchaeota; c__Thermoprotei; o__Sulfolobales; f__Sulfolobaceae; g__Sulfolobus	misclassification	3
B1-REF	5	1	uclust	0.51:0.8:3	646494	k__Bacteria; p__Actinobacteria; c__Actinobacteria; o__Actinomycetales; f__Actinosynnemataceae; g__Amycolatopsis; s__fastidiosa	k__Bacteria; p__Actinobacteria; c__Actinobacteria; o__Actinomycetales; f__Pseudonocardiaceae; g__Saccharopolyspora	misclassification	4
B1-REF	5	1	uclust	0.51:0.8:3	4465296	k__Bacteria; p__Proteobacteria; c__Gammaproteobacteria; o__Vibrionales; f__Vibrionaceae; g__Grimontia; s__hollisae	k__Bacteria; p__Proteobacteria; c__Gammaproteobacteria; o__Vibrionales; f__Vibrionaceae; g__Enterovibrio	overclassification	5
B1-REF	5	1	uclust	0.51:0.8:3	655619	k__Bacteria; p__Bacteroidetes; c__Flavobacteriia; o__Flavobacteriales; f__Flavobacteriaceae	k__Bacteria; p__Bacteroidetes; c__Flavobacteriia; o__Flavobacteriales; f__Flavobacteriaceae; g__Lutibacter	match	5
B1-REF	5	1	uclust	0.51:0.8:3	1063320	k__Bacteria; p__Proteobacteria; c__Alphaproteobacteria; o__Rhodobacterales; f__Rhodobacteraceae; g__Phaeobacter	k__Bacteria; p__Proteobacteria; c__Alphaproteobacteria; o__Rhodobacterales; f__Rhodobacteraceae; g__Anaerospora	overclassification	5
B1-REF	5	1	uclust	0.51:0.8:3	1132384	k__Bacteria; p__Proteobacteria; c__Gammaproteobacteria; o__Alteromonadales; f__Alteromonadaceae; g__Microbulbifer	k__Bacteria; p__Proteobacteria; c__Gammaproteobacteria; o__Oceanospirillales; f__Oceanospirillaceae; g__Neptuniibacter	misclassification	3
B1-REF	5	1	uclust	0.51:0.8:3	1141411	k__Bacteria; p__Proteobacteria; c__Alphaproteobacteria; o__Sphingomonadales; f__Sphingomonadaceae; g__Blastomonas; s__natatoria	k__Bacteria; p__Proteobacteria; c__Alphaproteobacteria; o__Sphingomonadales; f__Sphingomonadaceae; g__Novosphingobium	overclassification	5
B1-REF	5	1	uclust	0.51:0.8:3	814161	k__Bacteria; p__Cyanobacteria; c__Chloroplast; o__Chlorophyta; f__Chlamydomonadaceae	k__Bacteria; p__Cyanobacteria; c__Chloroplast; o__Chlorophyta; f__Chlamydomonadaceae; g__Haematococcus	match	5
B1-REF	5	1	uclust	0.51:0.8:3	104613	k__Bacteria; p__Bacteroidetes; c__Bacteroidia; o__Bacteroidales; f__Porphyromonadaceae; g__Parabacteroides; s__gordonii	k__Bacteria; p__Bacteroidetes; c__Bacteroidia; o__Bacteroidales; f__Porphyromonadaceae; g__Vestibaculum	overclassification	5
B1-REF	5	1	uclust	0.51:0.8:3	4451561	k__Bacteria; p__Verrucomicrobia; c__Verrucomicrobiae; o__Verrucomicrobiales; f__Verrucomicrobiaceae; g__Akkermansia; s__muciniphila	k__Bacteria; p__Verrucomicrobia; c__Verrucomicrobiae; o__Verrucomicrobiales; f__Verrucomicrobiaceae; g__Prosthecobacter	overclassification	5
B1-REF	5	1	uclust	0.51:0.8:3	1124398	k__Bacteria; p__Proteobacteria; c__Gammaproteobacteria; o__Xanthomonadales; f__Xanthomonadaceae	k__Bacteria; p__Proteobacteria; c__Gammaproteobacteria; o__Xanthomonadales; f__Xanthomonadaceae; g__Aquimonas	match	5
B1-REF	5	1	uclust	0.51:0.8:3	4316452	k__Bacteria; p__Actinobacteria; c__Actinobacteria; o__Actinomycetales; f__Actinosynnemataceae; g__Amycolatopsis; s__fastidiosa	k__Bacteria; p__Actinobacteria; c__Actinobacteria; o__Actinomycetales; f__Actinosynnemataceae; g__Streptomyces	overclassification	5
B1-REF	5	1	uclust	0.51:0.8:3	1918929	k__Bacteria; p__Proteobacteria; c__Alphaproteobacteria; o__Rickettsiales; f__mitochondria	k__Bacteria; p__Proteobacteria; c__Alphaproteobacteria; o__Rickettsiales; f__mitochondria; g__Zea	match	5
B1-REF	5	1	uclust	0.51:0.8:3	4484060	k__Bacteria; p__Proteobacteria; c__Alphaproteobacteria; o__Rickettsiales; f__mitochondria	k__Bacteria; p__Proteobacteria; c__Alphaproteobacteria; o__Rickettsiales; f__mitochondria; g__Carica	match	5
B1-REF	5	1	uclust	0.51:0.8:3	256632	k__Bacteria; p__Proteobacteria; c__Betaproteobacteria; o__Burkholderiales; f__Oxalobacteraceae; g__Massilia; s__haematophila	k__Bacteria; p__Proteobacteria; c__Betaproteobacteria; o__Burkholderiales; f__Oxalobacteraceae; g__Naxibacter	overclassification	5
B1-REF	5	1	uclust	0.51:0.8:3	81099	k__Bacteria; p__Bacteroidetes; c__Flavobacteriia; o__Flavobacteriales; f__Flavobacteriaceae	k__Bacteria; p__Bacteroidetes; c__Flavobacteriia; o__Flavobacteriales; f__Flavobacteriaceae; g__Polaribacter	match	5
B1-REF	5	1	uclust	0.51:0.8:3	761476	k__Bacteria; p__Firmicutes; c__Clostridia; o__Clostridiales; f__Peptococcaceae; g__Desulfosporosinus; s__meridiei	k__Bacteria; p__Firmicutes; c__Erysipelotrichi; o__Erysipelotrichales; f__Erysipelotrichaceae; g__Anaerorhabdus	misclassification	2
B1-REF	5	1	uclust	0.51:0.8:3	3568708	k__Bacteria; p__Proteobacteria; c__Alphaproteobacteria; o__Rickettsiales; f__mitochondria	k__Bacteria; p__Proteobacteria; c__Alphaproteobacteria; o__Rickettsiales; f__mitochondria; g__Sambucus	match	5
B1-REF	5	1	uclust	0.51:0.8:3	1132790	k__Bacteria; p__Proteobacteria; c__Alphaproteobacteria; o__Rhizobiales; f__Rhizobiaceae; g__Sinorhizobium	k__Bacteria; p__Proteobacteria; c__Alphaproteobacteria; o__Rhodospirillales; f__Rhodospirillaceae; g__Roseospirillum	misclassification	3
B1-REF	5	1	uclust	0.51:0.8:3	780816	k__Bacteria; p__Proteobacteria; c__Gammaproteobacteria; o__Methylococcales; f__Methylococcaceae; g__Methylomicrobium	k__Bacteria; p__Proteobacteria; c__Gammaproteobacteria; o__Methylococcales; f__Methylococcaceae; g__Methylobacter	overclassification	5
B1-REF	5	1	uclust	0.51:0.8:3	4413100	k__Bacteria; p__Proteobacteria; c__Alphaproteobacteria; o__Rickettsiales; f__mitochondria	k__Bacteria; p__Proteobacteria; c__Alphaproteobacteria; o__Rickettsiales; f__mitochondria; g__Galbulimima	match	5
B1-REF	5	1	uclust	0.51:0.8:3	614944	k__Bacteria; p__Proteobacteria; c__Gammaproteobacteria; o__Xanthomonadales; f__Xanthomonadaceae; g__Luteibacter; s__rhizovicinus	k__Bacteria; p__Proteobacteria; c__Gammaproteobacteria; o__Xanthomonadales; f__Xanthomonadaceae; g__Fulvimonas	overclassification	5
B1-REF	5	1	uclust	0.51:0.8:3	284709	k__Bacteria; p__Proteobacteria; c__Betaproteobacteria; o__Neisseriales; f__Neisseriaceae	k__Bacteria; p__Proteobacteria; c__Betaproteobacteria; o__Neisseriales; f__Neisseriaceae; g__Aquitalea	match	5
B1-REF	5	1	uclust	0.51:0.8:3	840654	k__Archaea; p__Euryarchaeota; c__Methanomicrobia; o__Methanomicrobiales; f__Methanomicrobiaceae; g__Methanofollis	k__Archaea; p__Euryarchaeota; c__Methanomicrobia; o__Methanomicrobiales; f__Methanomicrobiaceae; g__Methanoculleus	overclassification	5
B1-REF	5	1	uclust	0.51:0.8:3	300711	k__Bacteria; p__Proteobacteria; c__Alphaproteobacteria; o__Rhodospirillales; f__Rhodospirillaceae; g__Thalassobaculum	k__Bacteria; p__Proteobacteria; c__Alphaproteobacteria; o__Rhodospirillales; f__Rhodospirillaceae; g__marine	overclassification	5
B1-REF	5	1	uclust	0.51:0.8:3	2760629	k__Bacteria; p__Proteobacteria; c__Gammaproteobacteria; o__Enterobacteriales; f__Enterobacteriaceae; g__Brenneria	k__Bacteria; p__Proteobacteria; c__Gammaproteobacteria; o__Enterobacteriales; f__Enterobacteriaceae; g__Dickeya	overclassification	5
B1-REF	5	1	uclust	0.51:0.8:3	1135155	k__Bacteria; p__Bacteroidetes; c__Saprospirae; o__Saprospirales; f__Chitinophagaceae	k__Bacteria; p__Bacteroidetes; c__Saprospirae; o__Saprospirales; f__Chitinophagaceae; g__Ferruginibacter	match	5
B1-REF	5	1	uclust	0.51:0.8:3	4251078	k__Bacteria; p__Proteobacteria; c__Alphaproteobacteria; o__Rickettsiales; f__mitochondria	k__Bacteria; p__Proteobacteria; c__Alphaproteobacteria; o__Rickettsiales; f__mitochondria; g__Cinnamomum	match	5
B1-REF	5	1	uclust	0.51:0.8:3	4360168	k__Bacteria; p__Proteobacteria; c__Alphaproteobacteria; o__Rhodobacterales; f__Rhodobacteraceae; g__Roseovarius	k__Bacteria; p__Proteobacteria; c__Alphaproteobacteria; o__Rhodobacterales; f__Rhodobacteraceae; g__Sediminimonas	overclassification	5
B1-REF	5	1	uclust	0.51:0.8:3	244920	k__Bacteria; p__Proteobacteria; c__Alphaproteobacteria; o__Rhodobacterales; f__Rhodobacteraceae	k__Bacteria; p__Proteobacteria; c__Alphaproteobacteria; o__Rhodobacterales; f__Rhodobacteraceae; g__Rhodovulum	match	5
B1-REF	5	1	uclust	0.51:0.8:3	538986	k__Bacteria; p__Firmicutes; c__Clostridia; o__Clostridiales; f__Lachnospiraceae; g__Clostridium; s__citroniae	k__Bacteria; p__Firmicutes; c__Clostridia; o__Clostridiales; f__Lachnospiraceae; g__Hespellia	overclassification	5
B1-REF	5	1	uclust	0.51:0.8:3	10662	k__Bacteria; p__Proteobacteria; c__Deltaproteobacteria; o__Desulfuromonadales	k__Bacteria; p__Proteobacteria; c__Deltaproteobacteria; o__Desulfuromonadales; f__Pelobacteraceae; g__Desulfuromonas	underclassification	4
B1-REF	5	1	uclust	0.51:0.8:3	4303511	k__Bacteria; p__Cyanobacteria; c__Nostocophycideae; o__Nostocales; f__Nostocaceae; g__Nostoc	k__Bacteria; p__Cyanobacteria; c__Nostocophycideae; o__Nostocales; f__Nostocaceae; g__Microchaete	overclassification	5
B1-REF	5	1	uclust	0.51:0.8:3	159978	k__Bacteria; p__Actinobacteria; c__Actinobacteria; o__Actinomycetales; f__Micrococcaceae; g__Kocuria; s__rhizophila	k__Bacteria; p__Actinobacteria; c__Actinobacteria; o__Actinomycetales; f__Microbacteriaceae; g__Agromyces	misclassification	4
B1-REF	5	1	uclust	0.51:0.8:3	786884	k__Bacteria; p__Firmicutes; c__Bacilli; o__Bacillales; f__Bacillaceae; g__Ornithinibacillus	k__Bacteria; p__Firmicutes; c__Bacilli; o__Bacillales; f__Bacillaceae; g__Geomicrobium	overclassification	5
B1-REF	5	1	uclust	0.51:0.8:3	1122195	k__Bacteria; p__Proteobacteria; c__Alphaproteobacteria; o__Rhodobacterales; f__Hyphomonadaceae	k__Bacteria; p__Proteobacteria; c__Alphaproteobacteria; o__Rhodobacterales; f__Hyphomonadaceae; g__Hellea	match	5
B1-REF	5	1	uclust	0.51:0.8:3	275651	k__Bacteria; p__Proteobacteria; c__Gammaproteobacteria; o__Xanthomonadales; f__Xanthomonadaceae; g__Thermomonas; s__fusca	k__Bacteria; p__Proteobacteria; c__Gammaproteobacteria; o__Xanthomonadales; f__Xanthomonadaceae; g__Luteimonas	overclassification	5
B1-REF	5	1	uclust	0.51:0.8:3	2094423	k__Bacteria; p__Bacteroidetes; c__Bacteroidia; o__Bacteroidales; f__Marinilabiaceae; g__Alkaliflexus; s__imshenetskii	k__Bacteria; p__Bacteroidetes; c__Bacteroidia; o__Bacteroidales; f__Marinilabiaceae; g__Alkalitalea	overclassification	5
B1-REF	5	1	uclust	0.51:0.8:3	757185	k__Bacteria; p__Proteobacteria; c__Alphaproteobacteria; o__Rhizobiales; f__Beijerinckiaceae	k__Bacteria; p__Proteobacteria; c__Alphaproteobacteria; o__Rhizobiales; f__Beijerinckiaceae; g__Methyloferula	match	5
B1-REF	5	1	uclust	0.51:0.8:3	28828	k__Bacteria; p__Cyanobacteria; c__Nostocophycideae; o__Nostocales; f__Nostocaceae; g__Anabaena	k__Bacteria; p__Cyanobacteria; c__Nostocophycideae; o__Nostocales; f__Nostocaceae; g__Anabaenopsis	overclassification	5
B1-REF	5	1	uclust	0.51:0.8:3	263857	k__Bacteria; p__Proteobacteria; c__Alphaproteobacteria; o__Rhodospirillales; f__Acetobacteraceae	k__Bacteria; p__Proteobacteria; c__Alphaproteobacteria; o__Rhodospirillales; f__Acetobacteraceae; g__Rhodovastum	match	5
B1-REF	5	1	uclust	0.51:0.8:3	219119	k__Bacteria; p__Cyanobacteria; c__Synechococcophycideae; o__Pseudanabaenales; f__Pseudanabaenaceae	k__Bacteria; p__Cyanobacteria; c__Synechococcophycideae; o__Pseudanabaenales; f__Pseudanabaenaceae; g__Prochlorothrix	match	5
B1-REF	5	1	uclust	0.51:0.8:3	1125489	k__Bacteria; p__Proteobacteria; c__Deltaproteobacteria; o__Desulfobacterales; f__Desulfobulbaceae	k__Bacteria; p__Proteobacteria; c__Deltaproteobacteria; o__Desulfobacterales; f__Desulfobulbaceae; g__Desulfopila	match	5
B1-REF	5	1	uclust	0.51:0.8:3	1942913	k__Bacteria; p__Proteobacteria; c__Alphaproteobacteria; o__Rickettsiales; f__mitochondria; g__Saccharina	k__Bacteria; p__Proteobacteria; c__Alphaproteobacteria; o__Rickettsiales; f__mitochondria; g__Laminaria	overclassification	5
B1-REF	5	1	uclust	0.51:0.8:3	744029	k__Bacteria; p__Proteobacteria; c__Gammaproteobacteria; o__Enterobacteriales; f__Enterobacteriaceae	k__Bacteria; p__Proteobacteria; c__Gammaproteobacteria; o__Enterobacteriales; f__Enterobacteriaceae; g__Pragia	match	5
B1-REF	5	1	uclust	0.51:0.8:3	1038018	k__Bacteria; p__Firmicutes; c__Bacilli; o__Lactobacillales; f__Aerococcaceae; g__Marinilactibacillus; s__psychrotolerans	k__Bacteria; p__Firmicutes; c__Bacilli; o__Lactobacillales; f__Aerococcaceae; g__Alloiococcus	overclassification	5
B1-REF	5	1	uclust	0.51:0.8:3	1773389	k__Bacteria; p__Proteobacteria; c__Deltaproteobacteria; o__Myxococcales; f__Cystobacteraceae	k__Bacteria; p__Proteobacteria; c__Deltaproteobacteria; o__Myxococcales; f__Cystobacteraceae; g__Angiococcus	match	5
B1-REF	5	1	uclust	0.51:0.8:3	2072489	k__Bacteria; p__Proteobacteria; c__Alphaproteobacteria; o__Rickettsiales; f__mitochondria	k__Bacteria; p__Proteobacteria; c__Alphaproteobacteria; o__Rickettsiales; f__mitochondria; g__Croomia	match	5
B1-REF	5	1	uclust	0.51:0.8:3	581342	k__Bacteria; p__Firmicutes; c__Clostridia; o__Halanaerobiales; f__Halobacteroidaceae; g__Orenia; s__marismortui	k__Bacteria; p__Firmicutes; c__Clostridia; o__Halanaerobiales; f__Halobacteroidaceae; g__Selenihalanaerobacter	overclassification	5
B1-REF	5	1	uclust	0.51:0.8:3	275689	k__Bacteria; p__Actinobacteria; c__Actinobacteria; o__Actinomycetales; f__Actinosynnemataceae; g__Amycolatopsis; s__fastidiosa	k__Bacteria; p__Actinobacteria; c__Actinobacteria; o__Actinomycetales; f__Actinosynnemataceae; g__Actinokineospora	overclassification	5
B1-REF	5	1	uclust	0.51:0.8:3	470759	k__Bacteria; p__Proteobacteria; c__Betaproteobacteria; o__Burkholderiales; f__Oxalobacteraceae; g__Herbaspirillum	k__Bacteria; p__Proteobacteria; c__Betaproteobacteria; o__Burkholderiales; f__Oxalobacteraceae; g__Oxalobacter	overclassification	5
B1-REF	5	1	uclust	0.51:0.8:3	4410246	k__Bacteria; p__Proteobacteria; c__Alphaproteobacteria; o__Rickettsiales; f__mitochondria	k__Bacteria; p__Proteobacteria; c__Alphaproteobacteria; o__Rickettsiales; f__mitochondria; g__Phegopteris	match	5
B1-REF	5	1	uclust	0.51:0.8:3	2402563	k__Bacteria; p__Proteobacteria; c__Betaproteobacteria; o__Burkholderiales; f__Oxalobacteraceae; g__Massilia; s__timonae	k__Bacteria; p__Proteobacteria; c__Betaproteobacteria; o__Burkholderiales; f__Oxalobacteraceae; g__Glycine	overclassification	5
B1-REF	5	1	uclust	0.51:0.8:3	1129305	k__Bacteria; p__Tenericutes; c__Mollicutes; o__Acholeplasmatales; f__Acholeplasmataceae; g__Candidatus Phytoplasma; s__australiense	k__Bacteria; p__Tenericutes; c__Mollicutes; o__Acholeplasmatales; f__Acholeplasmataceae; g__Acholeplasma	overclassification	5
B1-REF	5	1	uclust	0.51:0.8:3	743801	k__Bacteria; p__Planctomycetes; c__Planctomycetia; o__Gemmatales; f__Isosphaeraceae; g__Nostocoida; s__limicola	k__Bacteria; p__Planctomycetes; c__Planctomycetia; o__Gemmatales; f__Isosphaeraceae; g__Singulisphaera	overclassification	5
B1-REF	5	1	uclust	0.51:0.8:3	631036	k__Bacteria; p__Proteobacteria; c__Alphaproteobacteria; o__Rickettsiales; f__Rickettsiaceae; g__Orientia; s__tsutsugamushi	k__Bacteria; p__Proteobacteria; c__Alphaproteobacteria; o__Rickettsiales; f__Rickettsiaceae; g__Cryptoprodotis	overclassification	5
B1-REF	5	1	uclust	0.51:0.8:3	4466885	k__Bacteria; p__Proteobacteria; c__Gammaproteobacteria; o__Enterobacteriales; f__Enterobacteriaceae	k__Bacteria; p__Proteobacteria; c__Gammaproteobacteria; o__Enterobacteriales; f__Enterobacteriaceae; g__Schneideria	match	5
B1-REF	5	1	uclust	0.51:0.8:3	3308	k__Bacteria; p__Cyanobacteria; c__Oscillatoriophycideae; o__Chroococcales	k__Bacteria; p__Cyanobacteria; c__Synechococcophycideae; o__Pseudanabaenales; f__Pseudanabaenaceae; g__Microcystis	misclassification	2
B1-REF	5	1	uclust	0.51:0.8:3	851793	k__Bacteria; p__Actinobacteria; c__Actinobacteria; o__Actinomycetales; f__Mycobacteriaceae; g__Mycobacterium; s__llatzerense	k__Bacteria; p__Actinobacteria; c__Actinobacteria; o__Actinomycetales; f__Nocardiaceae; g__Segniliparus	misclassification	4
B1-REF	5	1	uclust	0.51:0.8:3	658160	k__Bacteria; p__Proteobacteria; c__Gammaproteobacteria; o__Enterobacteriales; f__Enterobacteriaceae; g__Photorhabdus; s__temperata	k__Bacteria; p__Proteobacteria; c__Gammaproteobacteria; o__Enterobacteriales; f__Enterobacteriaceae; g__Xenorhabdus	overclassification	5
B1-REF	5	1	uclust	0.51:0.8:3	197631	k__Bacteria; p__Firmicutes; c__Bacilli; o__Lactobacillales; f__Leuconostocaceae; g__Leuconostoc; s__mesenteroides	k__Bacteria; p__Firmicutes; c__Bacilli; o__Lactobacillales; f__Leuconostocaceae; g__Oenococcus	overclassification	5
B1-REF	5	1	uclust	0.51:0.8:3	624438	k__Bacteria; p__Actinobacteria; c__Actinobacteria; o__Actinomycetales; f__Streptomycetaceae; g__Streptacidiphilus	k__Bacteria; p__Actinobacteria; c__Actinobacteria; o__Actinomycetales; f__Streptomycetaceae; g__soil	overclassification	5
B1-REF	5	1	uclust	0.51:0.8:3	3571256	k__Bacteria; p__Actinobacteria; c__Actinobacteria; o__Actinomycetales; f__Geodermatophilaceae; g__Geodermatophilus; s__obscurus	k__Bacteria; p__Actinobacteria; c__Actinobacteria; o__Actinomycetales; f__Geodermatophilaceae; g__Blastococcus	overclassification	5
B1-REF	5	1	uclust	0.51:0.8:3	864496	k__Bacteria; p__Bacteroidetes; c__Flavobacteriia; o__Flavobacteriales; f__Blattabacteriaceae; g__Sulcia; s__muelleri	k__Bacteria; p__Bacteroidetes; c__Flavobacteriia; o__Flavobacteriales; f__Blattabacteriaceae; g__Brownia	overclassification	5
B1-REF	5	1	uclust	0.51:0.8:3	3940564	k__Bacteria; p__Proteobacteria; c__Gammaproteobacteria; o__Enterobacteriales; f__Enterobacteriaceae; g__Plesiomonas; s__shigelloides	k__Bacteria; p__Proteobacteria; c__Gammaproteobacteria; o__Enterobacteriales; f__Enterobacteriaceae; g__Rahnella	overclassification	5
B1-REF	5	1	uclust	0.51:0.8:3	4350787	k__Bacteria; p__Proteobacteria; c__Gammaproteobacteria; o__Enterobacteriales; f__Enterobacteriaceae; g__Enterobacter	k__Bacteria; p__Proteobacteria; c__Gammaproteobacteria; o__Enterobacteriales; f__Enterobacteriaceae; g__Salmonella	overclassification	5
B1-REF	5	1	uclust	0.51:0.8:3	2621281	k__Bacteria; p__Bacteroidetes; c__Flavobacteriia; o__Flavobacteriales; f__Flavobacteriaceae; g__Myroides; s__odoratimimus	k__Bacteria; p__Bacteroidetes; c__Flavobacteriia; o__Flavobacteriales; f__Flavobacteriaceae; g__Flavobacterium	overclassification	5
B1-REF	5	1	uclust	0.51:0.8:3	552246	k__Bacteria; p__Proteobacteria; c__Gammaproteobacteria; o__Pseudomonadales; f__Moraxellaceae; g__Acinetobacter	k__Bacteria; p__Proteobacteria; c__Gammaproteobacteria; o__Pseudomonadales; f__Moraxellaceae; g__Alkanindiges	overclassification	5
B1-REF	5	1	uclust	0.51:0.8:3	212299	k__Bacteria; p__Proteobacteria; c__Alphaproteobacteria; o__Rhizobiales; f__Rhizobiaceae; g__Ensifer; s__adhaerens	k__Bacteria; p__Proteobacteria; c__Alphaproteobacteria; o__Rhizobiales; f__Rhizobiaceae; g__Amorphomonas	overclassification	5
B1-REF	5	1	uclust	0.51:0.8:3	569436	k__Bacteria; p__Proteobacteria; c__Alphaproteobacteria; o__Rhizobiales; f__Rhizobiaceae; g__Ensifer; s__adhaerens	k__Bacteria; p__Proteobacteria; c__Alphaproteobacteria; o__Rhizobiales; f__Brucellaceae; g__Ochrobactrum	misclassification	4
B1-REF	5	1	uclust	0.51:0.8:3	1144180	k__Bacteria; p__Actinobacteria; c__Actinobacteria; o__Bifidobacteriales; f__Bifidobacteriaceae; g__Bifidobacterium; s__adolescentis	k__Bacteria; p__Actinobacteria; c__Actinobacteria; o__Bifidobacteriales; f__Bifidobacteriaceae; g__Aeriscardovia	overclassification	5
B1-REF	5	1	uclust	0.51:0.8:3	4439078	k__Bacteria; p__Proteobacteria; c__Alphaproteobacteria; o__Rhizobiales; f__Methylocystaceae; g__Methylosinus; s__sporium	k__Bacteria; p__Proteobacteria; c__Alphaproteobacteria; o__Rhizobiales; f__Rhizobiaceae; g__Prosthecomicrobium	misclassification	4
B1-REF	5	1	uclust	0.51:0.8:3	4386973	k__Bacteria; p__Actinobacteria; c__Actinobacteria; o__Actinomycetales; f__Nocardiopsaceae; g__Nocardiopsis	k__Bacteria; p__Actinobacteria; c__Actinobacteria; o__Actinomycetales; f__Nocardiopsaceae; g__Haloactinospora	overclassification	5
B1-REF	5	1	uclust	0.51:0.8:3	160627	k__Bacteria; p__Proteobacteria; c__Gammaproteobacteria; o__Pasteurellales; f__Pasteurellaceae; g__Pasteurella; s__multocida	k__Bacteria; p__Proteobacteria; c__Gammaproteobacteria; o__Pasteurellales; f__Pasteurellaceae; g__Avibacterium	overclassification	5
B1-REF	5	1	uclust	0.51:0.8:3	981957	k__Bacteria; p__Proteobacteria; c__Betaproteobacteria; o__Neisseriales; f__Neisseriaceae; g__Kingella	k__Bacteria; p__Proteobacteria; c__Betaproteobacteria; o__Neisseriales; f__Neisseriaceae; g__Neisseria	overclassification	5
B1-REF	5	1	uclust	0.51:0.8:3	147523	k__Bacteria; p__Cyanobacteria; c__Oscillatoriophycideae; o__Chroococcales; f__Gomphosphaeriaceae	k__Bacteria; p__Cyanobacteria; c__Oscillatoriophycideae; o__Chroococcales; f__Gomphosphaeriaceae; g__Woronichinia	match	5
B1-REF	5	1	uclust	0.51:0.8:3	1143570	k__Bacteria; p__Proteobacteria; c__Alphaproteobacteria; o__Rhizobiales; f__Xanthobacteraceae	k__Bacteria; p__Proteobacteria; c__Alphaproteobacteria; o__Rhizobiales; f__Xanthobacteraceae; g__Angulomicrobium	match	5
B1-REF	5	1	uclust	0.51:0.8:3	190032	k__Bacteria; p__Planctomycetes; c__Planctomycetia; o__Pirellulales; f__Pirellulaceae; g__planctomycete	k__Bacteria; p__Planctomycetes; c__Planctomycetia; o__Pirellulales; f__Pirellulaceae; g__Planctomycete	overclassification	5
B1-REF	5	1	uclust	0.51:0.8:3	239649	k__Bacteria; p__Acidobacteria; c__Acidobacteriia; o__Acidobacteriales; f__Acidobacteriaceae; g__Edaphobacter; s__modestum	k__Bacteria; p__Acidobacteria; c__Acidobacteriia; o__Acidobacteriales; f__Acidobacteriaceae; g__Granulicella	overclassification	5
B1-REF	5	1	uclust	0.51:0.8:3	812450	k__Bacteria; p__Proteobacteria; c__Alphaproteobacteria; o__Sphingomonadales; f__Erythrobacteraceae; g__Altererythrobacter	k__Bacteria; p__Proteobacteria; c__Alphaproteobacteria; o__Sphingomonadales; f__Sphingomonadaceae; g__Sphingopyxis	misclassification	4
B1-REF	5	1	uclust	0.51:0.8:3	2499164	k__Bacteria; p__Proteobacteria; c__Alphaproteobacteria; o__Rhodospirillales; f__Acetobacteraceae; g__Gluconacetobacter; s__diazotrophicus	k__Bacteria; p__Proteobacteria; c__Alphaproteobacteria; o__Rhodospirillales; f__Acetobacteraceae; g__Commensalibacter	overclassification	5
B1-REF	5	1	uclust	0.51:0.8:3	4416544	k__Bacteria; p__Bacteroidetes; c__Flavobacteriia; o__Flavobacteriales; f__Flavobacteriaceae	k__Bacteria; p__Bacteroidetes; c__Flavobacteriia; o__Flavobacteriales; f__Flavobacteriaceae; g__Imtechella	match	5
B1-REF	5	1	uclust	0.51:0.8:3	586521	k__Bacteria; p__Tenericutes; c__Mollicutes; o__Entomoplasmatales; f__Entomoplasmataceae; g__Mesoplasma	k__Bacteria; p__Tenericutes; c__Mollicutes; o__Entomoplasmatales; f__Entomoplasmataceae; g__Acholeplasma	overclassification	5
B1-REF	5	1	uclust	0.51:0.8:3	724802	k__Bacteria; p__Proteobacteria; c__Gammaproteobacteria; o__Enterobacteriales; f__Enterobacteriaceae; g__Plesiomonas; s__shigelloides	k__Bacteria; p__Proteobacteria; c__Gammaproteobacteria; o__Enterobacteriales; f__Enterobacteriaceae; g__Yersinia	overclassification	5
B1-REF	5	1	uclust	0.51:0.8:3	838434	k__Bacteria; p__Proteobacteria; c__Deltaproteobacteria; o__Desulfuromonadales; f__Desulfuromonadaceae; g__Desulfuromusa	k__Bacteria; p__Proteobacteria; c__Deltaproteobacteria; o__Desulfuromonadales; f__Desulfuromonadaceae; g__Pelobacter	overclassification	5
B1-REF	5	1	uclust	0.51:0.8:3	4343390	k__Bacteria; p__Bacteroidetes; c__Flavobacteriia; o__Flavobacteriales; f__Flavobacteriaceae	k__Bacteria; p__Bacteroidetes; c__Flavobacteriia; o__Flavobacteriales; f__Flavobacteriaceae; g__Sufflavibacter	match	5
B1-REF	5	1	uclust	0.51:0.8:3	657	k__Archaea; p__Euryarchaeota; c__Halobacteria; o__Halobacteriales; f__Halobacteriaceae; g__Natrialba	k__Archaea; p__Euryarchaeota; c__Halobacteria; o__Halobacteriales; f__Halobacteriaceae; g__Natronorubrum	overclassification	5
B1-REF	5	1	uclust	0.51:0.8:3	948029	k__Bacteria; p__Bacteroidetes; c__Flavobacteriia; o__Flavobacteriales; f__Flavobacteriaceae; g__Winogradskyella; s__thalassocola	k__Bacteria; p__Bacteroidetes; c__Flavobacteriia; o__Flavobacteriales; f__Flavobacteriaceae; g__Aureitalea	overclassification	5
B1-REF	5	1	uclust	0.51:0.8:3	4097804	Unassigned	k__Bacteria; p__Proteobacteria; c__Alphaproteobacteria; o__Rickettsiales; f__mitochondria; g__Nephroselmis	underclassification	0
B1-REF	5	1	uclust	0.51:0.8:3	4191587	k__Bacteria; p__Proteobacteria; c__Alphaproteobacteria; o__Rickettsiales; f__mitochondria	k__Bacteria; p__Proteobacteria; c__Alphaproteobacteria; o__Rickettsiales; f__mitochondria; g__Vigna	match	5
B1-REF	5	1	uclust	0.51:0.8:3	3594973	k__Bacteria; p__Proteobacteria; c__Alphaproteobacteria; o__Rickettsiales; f__mitochondria; g__Phytophthora	k__Bacteria; p__Proteobacteria; c__Alphaproteobacteria; o__Rickettsiales; f__mitochondria; g__Saprolegnia	overclassification	5
B1-REF	5	1	uclust	0.51:0.8:3	343273	k__Bacteria; p__Firmicutes; c__Bacilli; o__Lactobacillales; f__Enterococcaceae; g__Enterococcus; s__sulfureus	k__Bacteria; p__Firmicutes; c__Bacilli; o__Lactobacillales; f__Enterococcaceae; g__Vagococcus	overclassification	5
B1-REF	5	1	uclust	0.51:0.8:3	4338024	k__Bacteria; p__Proteobacteria; c__Betaproteobacteria; o__Burkholderiales; f__Alcaligenaceae; g__Tetrathiobacter; s__kashmirensis	k__Bacteria; p__Proteobacteria; c__Betaproteobacteria; o__Burkholderiales; f__Alcaligenaceae; g__Pigmentiphaga	overclassification	5
B1-REF	5	1	uclust	0.51:0.8:3	130535	k__Bacteria; p__Bacteroidetes; c__Cytophagia; o__Cytophagales; f__Cyclobacteriaceae; g__Echinicola	k__Bacteria; p__Bacteroidetes; c__Cytophagia; o__Cytophagales; f__Cyclobacteriaceae; g__Rhodonellum	overclassification	5
B1-REF	5	1	uclust	0.51:0.8:3	4447123	k__Bacteria; p__Bacteroidetes; c__Flavobacteriia; o__Flavobacteriales; f__Flavobacteriaceae	k__Bacteria; p__Bacteroidetes; c__Flavobacteriia; o__Flavobacteriales; f__Flavobacteriaceae; g__Snuella	match	5
B1-REF	5	1	uclust	0.51:0.8:3	273661	k__Bacteria; p__Proteobacteria; c__Epsilonproteobacteria; o__Campylobacterales; f__Helicobacteraceae; g__Flexispira; s__rappini	k__Bacteria; p__Proteobacteria; c__Epsilonproteobacteria; o__Campylobacterales; f__Helicobacteraceae; g__Helicobacter	overclassification	5
B1-REF	5	1	uclust	0.51:0.8:3	570390	k__Bacteria; p__Bacteroidetes; c__Cytophagia; o__Cytophagales; f__Cyclobacteriaceae; g__Echinicola	k__Bacteria; p__Bacteroidetes; c__Cytophagia; o__Cytophagales; f__Cyclobacteriaceae; g__Belliella	overclassification	5
B1-REF	5	1	uclust	0.51:0.8:3	4357383	k__Bacteria; p__Actinobacteria; c__Actinobacteria; o__Actinomycetales; f__Microbacteriaceae	k__Bacteria; p__Actinobacteria; c__Actinobacteria; o__Actinomycetales; f__Microbacteriaceae; g__Subtercola	match	5
B1-REF	5	1	uclust	0.51:0.8:3	115286	k__Bacteria; p__Proteobacteria; c__Betaproteobacteria; o__Rhodocyclales; f__Rhodocyclaceae; g__Dechloromonas; s__fungiphilus	k__Bacteria; p__Proteobacteria; c__Betaproteobacteria; o__Rhodocyclales; f__Rhodocyclaceae; g__Denitromonas	overclassification	5
B1-REF	5	1	uclust	0.51:0.8:3	808541	k__Bacteria; p__Firmicutes; c__Clostridia; o__Thermoanaerobacterales; f__Thermoanaerobacteraceae; g__Caldanaerobacter; s__subterraneus	k__Bacteria; p__Firmicutes; c__Clostridia; o__Thermoanaerobacterales; f__Thermoanaerobacteraceae; g__Thermoanaerobacter	overclassification	5
B1-REF	5	1	uclust	0.51:0.8:3	12136	k__Bacteria; p__Actinobacteria; c__Actinobacteria; o__Actinomycetales; f__Streptosporangiaceae; g__Microtetraspora	k__Bacteria; p__Actinobacteria; c__Actinobacteria; o__Actinomycetales; f__Streptosporangiaceae; g__Herbidospora	overclassification	5
B1-REF	5	1	uclust	0.51:0.8:3	225045	k__Bacteria; p__Proteobacteria; c__Gammaproteobacteria; o__Cardiobacteriales; f__Cardiobacteriaceae; g__Suttonella	k__Bacteria; p__Proteobacteria; c__Gammaproteobacteria; o__Cardiobacteriales; f__Cardiobacteriaceae; g__Dichelobacter	overclassification	5
B1-REF	5	1	uclust	0.51:0.8:3	1021078	k__Bacteria; p__Cyanobacteria; c__Oscillatoriophycideae; o__Oscillatoriales; f__Phormidiaceae	k__Bacteria; p__Cyanobacteria; c__Oscillatoriophycideae; o__Chroococcales; f__Xenococcaceae; g__Pleurocapsa	misclassification	3
B1-REF	5	1	uclust	0.51:0.8:3	1883795	k__Bacteria; p__Proteobacteria; c__Betaproteobacteria; o__Nitrosomonadales; f__Nitrosomonadaceae; g__Nitrosospira; s__briensis	k__Bacteria; p__Proteobacteria; c__Betaproteobacteria; o__Nitrosomonadales; f__Nitrosomonadaceae; g__Nitrosomonas	overclassification	5
B1-REF	5	1	uclust	0.51:0.8:3	786876	k__Bacteria; p__Bacteroidetes; c__Flavobacteriia; o__Flavobacteriales; f__Weeksellaceae	k__Bacteria; p__Bacteroidetes; c__Flavobacteriia; o__Flavobacteriales; f__Weeksellaceae; g__Elizabethkingia	match	5
B1-REF	5	1	uclust	0.51:0.8:3	262857	k__Bacteria; p__Firmicutes; c__Bacilli; o__Bacillales; f__Staphylococcaceae; g__Jeotgalicoccus; s__psychrophilus	k__Bacteria; p__Firmicutes; c__Bacilli; o__Bacillales; f__Staphylococcaceae; g__Macrococcus	overclassification	5
B1-REF	5	1	uclust	0.51:0.8:3	1132903	k__Bacteria; p__Proteobacteria; c__Alphaproteobacteria; o__Rhodobacterales; f__Rhodobacteraceae; g__Oceanicola	k__Bacteria; p__Proteobacteria; c__Alphaproteobacteria; o__Rhodobacterales; f__Rhodobacteraceae; g__Lutimaribacter	overclassification	5
B1-REF	5	1	uclust	0.51:0.8:3	2063499	k__Bacteria; p__Proteobacteria; c__Alphaproteobacteria; o__Rickettsiales; f__mitochondria	k__Bacteria; p__Proteobacteria; c__Alphaproteobacteria; o__Rickettsiales; f__mitochondria; g__Atherosperma	match	5
B1-REF	5	1	uclust	0.51:0.8:3	4334113	k__Bacteria; p__Proteobacteria; c__Gammaproteobacteria; o__Enterobacteriales; f__Enterobacteriaceae; g__Providencia; s__stuartii	k__Bacteria; p__Proteobacteria; c__Gammaproteobacteria; o__Enterobacteriales; f__Enterobacteriaceae; g__Moellerella	overclassification	5
B1-REF	5	1	uclust	0.51:0.8:3	58614	k__Bacteria; p__Bacteroidetes; c__Cytophagia; o__Cytophagales; f__Flammeovirgaceae	k__Bacteria; p__Bacteroidetes; c__Cytophagia; o__Cytophagales; f__Flammeovirgaceae; g__Marivirga	match	5
B1-REF	5	1	uclust	0.51:0.8:3	4369445	k__Bacteria; p__Firmicutes; c__Clostridia; o__Clostridiales; f__Veillonellaceae	k__Bacteria; p__Firmicutes; c__Clostridia; o__Clostridiales; f__Veillonellaceae; g__Zymophilus	match	5
B1-REF	5	1	uclust	0.51:0.8:3	4372372	k__Bacteria; p__Actinobacteria; c__Actinobacteria; o__Actinomycetales; f__Microbacteriaceae	k__Bacteria; p__Actinobacteria; c__Actinobacteria; o__Actinomycetales; f__Microbacteriaceae; g__Herbiconiux	match	5
B1-REF	5	1	uclust	0.51:0.8:3	133739	k__Bacteria; p__Chlorobi; c__Chlorobia; o__Chlorobiales; f__Chlorobiaceae; g__Pelodictyon	k__Bacteria; p__Chlorobi; c__Chlorobia; o__Chlorobiales; f__Chlorobiaceae; g__Chlorobium	overclassification	5
B1-REF	5	1	uclust	0.51:0.8:3	4443912	k__Bacteria; p__Proteobacteria; c__Alphaproteobacteria; o__Rhizobiales; f__Bradyrhizobiaceae; g__Afipia; s__felis	k__Bacteria; p__Proteobacteria; c__Alphaproteobacteria; o__Rhizobiales; f__Bradyrhizobiaceae; g__Oligotropha	overclassification	5
B1-REF	5	1	uclust	0.51:0.8:3	4427644	k__Bacteria; p__Actinobacteria; c__Actinobacteria; o__Actinomycetales; f__Micrococcaceae; g__Arthrobacter	k__Bacteria; p__Actinobacteria; c__Actinobacteria; o__Actinomycetales; f__Micrococcaceae; g__Bacillus	overclassification	5
B1-REF	5	1	uclust	0.51:0.8:3	16026	k__Bacteria; p__Firmicutes; c__Clostridia; o__Clostridiales; f__Ruminococcaceae	k__Bacteria; p__Firmicutes; c__Clostridia; o__Clostridiales; f__Ruminococcaceae; g__Sporobacter	match	5
B1-REF	5	1	uclust	0.51:0.8:3	808058	k__Bacteria; p__Proteobacteria; c__Betaproteobacteria; o__Burkholderiales; f__Comamonadaceae	k__Bacteria; p__Proteobacteria; c__Betaproteobacteria; o__Burkholderiales; f__Comamonadaceae; g__Thiomonas	match	5
B1-REF	5	1	uclust	0.51:0.8:3	4379450	k__Bacteria; p__Firmicutes; c__Clostridia; o__Clostridiales; f__Lachnospiraceae; g__Blautia; s__producta	k__Bacteria; p__Firmicutes; c__Clostridia; o__Clostridiales; f__Lachnospiraceae; g__Lactonifactor	overclassification	5
B1-REF	5	1	uclust	0.51:0.8:3	26799	k__Bacteria; p__Cyanobacteria; c__Chloroplast; o__Chlorophyta; f__Ulvophyceae; g__Avrainvillea	k__Bacteria; p__Cyanobacteria; c__Chloroplast; o__Chlorophyta; f__Ulvophyceae; g__Codium	overclassification	5
B1-REF	5	1	uclust	0.51:0.8:3	1145893	k__Bacteria; p__Bacteroidetes; c__Cytophagia; o__Cytophagales; f__Cyclobacteriaceae; g__Echinicola	k__Bacteria; p__Bacteroidetes; c__Cytophagia; o__Cytophagales; f__Cyclobacteriaceae; g__Algoriphagus	overclassification	5
B1-REF	5	1	uclust	0.51:0.8:3	4380180	k__Bacteria; p__Proteobacteria; c__Alphaproteobacteria; o__Rhizobiales; f__Rhizobiaceae; g__Candidatus Liberibacter; s__africanus	k__Bacteria; p__Proteobacteria; c__Alphaproteobacteria; o__Rhizobiales; f__Rhizobiaceae; g__Liberibacter	overclassification	5
B1-REF	5	1	uclust	0.51:0.8:3	12045	k__Bacteria; p__Actinobacteria; c__Actinobacteria; o__Actinomycetales; f__Thermomonosporaceae; g__Actinomadura	k__Bacteria; p__Actinobacteria; c__Actinobacteria; o__Actinomycetales; f__Thermomonosporaceae; g__Parvopolyspora	overclassification	5
B1-REF	5	1	uclust	0.51:0.8:3	3521835	Unassigned	k__Bacteria; p__Proteobacteria; c__Betaproteobacteria; o__Tremblayales; f__Tremblayaceae; g__Carsonella	underclassification	0
B1-REF	5	1	uclust	0.51:0.8:3	240999	k__Bacteria; p__Proteobacteria; c__Gammaproteobacteria; o__Methylococcales; f__Methylococcaceae; g__Methylomicrobium; s__buryatense	k__Bacteria; p__Proteobacteria; c__Gammaproteobacteria; o__Chromatiales; f__Halothiobacillaceae; g__Halothiobacillus	misclassification	3
B1-REF	5	1	uclust	0.51:0.8:3	746126	k__Bacteria; p__Tenericutes; c__Mollicutes; o__Entomoplasmatales; f__Entomoplasmataceae; g__Mesoplasma	k__Bacteria; p__Tenericutes; c__Mollicutes; o__Entomoplasmatales; f__Entomoplasmataceae; g__Entomoplasma	overclassification	5
B1-REF	5	1	uclust	0.51:0.8:3	529445	k__Bacteria; p__Actinobacteria; c__Actinobacteria; o__Actinomycetales; f__Promicromonosporaceae; g__Xylanimicrobium; s__pachnodae	k__Bacteria; p__Actinobacteria; c__Actinobacteria; o__Actinomycetales; f__Promicromonosporaceae; g__Myceligenerans	overclassification	5
B1-REF	5	1	uclust	0.51:0.8:3	565906	k__Archaea; p__Euryarchaeota; c__Methanobacteria; o__Methanobacteriales; f__Methanobacteriaceae; g__Methanobrevibacter; s__arboriphilus	k__Archaea; p__Euryarchaeota; c__Methanobacteria; o__Methanobacteriales; f__Methanobacteriaceae; g__Methanobacterium	overclassification	5
B1-REF	5	1	uclust	0.51:0.8:3	357791	k__Bacteria; p__Proteobacteria; c__Alphaproteobacteria; o__Rhodobacterales; f__Rhodobacteraceae	k__Bacteria; p__Proteobacteria; c__Alphaproteobacteria; o__Rhodobacterales; f__Rhodobacteraceae; g__Piezobacter	match	5
B1-REF	5	1	uclust	0.51:0.8:3	2160270	k__Bacteria; p__Proteobacteria; c__Alphaproteobacteria; o__Rhodobacterales; f__Rhodobacteraceae	k__Bacteria; p__Proteobacteria; c__Alphaproteobacteria; o__Rhodobacterales; f__Rhodobacteraceae; g__Thalassococcus	match	5
B1-REF	5	1	uclust	0.51:0.8:3	579101	k__Bacteria; p__Proteobacteria; c__Gammaproteobacteria; o__Chromatiales; f__Chromatiaceae	k__Bacteria; p__Proteobacteria; c__Gammaproteobacteria; o__Chromatiales; f__Chromatiaceae; g__Thiobaca	match	5
B1-REF	5	1	uclust	0.51:0.8:3	4384897	k__Bacteria; p__Proteobacteria; c__Alphaproteobacteria; o__Rickettsiales; f__mitochondria	k__Bacteria; p__Proteobacteria; c__Alphaproteobacteria; o__Rickettsiales; f__mitochondria; g__Asplenium	match	5
B1-REF	5	1	uclust	0.51:0.8:3	471106	k__Bacteria; p__Firmicutes; c__Clostridia; o__Clostridiales; f__Ruminococcaceae	k__Bacteria; p__Firmicutes; c__Clostridia; o__Clostridiales; f__Ruminococcaceae; g__Subdoligranulum	match	5
B1-REF	5	1	uclust	0.51:0.8:3	543619	k__Bacteria; p__Proteobacteria; c__Alphaproteobacteria; o__Rickettsiales; f__Rickettsiaceae; g__Wolbachia; s__Wolbachia endosymbiont of Dirofilaria immitis	k__Bacteria; p__Proteobacteria; c__Alphaproteobacteria; o__Rickettsiales; f__Anaplasmataceae; g__Candidatus Neoehrlichia	misclassification	4
B1-REF	5	1	uclust	0.51:0.8:3	4310095	k__Bacteria; p__Firmicutes; c__Bacilli; o__Bacillales; f__Bacillaceae; g__Geobacillus; s__thermodenitrificans	k__Bacteria; p__Firmicutes; c__Bacilli; o__Bacillales; f__Paenibacillaceae; g__Aneurinibacillus	misclassification	4
B1-REF	5	1	uclust	0.51:0.8:3	339813	k__Bacteria; p__Actinobacteria; c__Actinobacteria; o__Actinomycetales; f__Micromonosporaceae; g__Micromonospora	k__Bacteria; p__Actinobacteria; c__Actinobacteria; o__Actinomycetales; f__Micromonosporaceae; g__Actinaurispora	overclassification	5
B1-REF	5	1	uclust	0.51:0.8:3	4453316	k__Bacteria; p__Proteobacteria; c__Alphaproteobacteria; o__Rickettsiales; f__mitochondria	k__Bacteria; p__Proteobacteria; c__Alphaproteobacteria; o__Rickettsiales; f__mitochondria; g__Sarcandra	match	5
B1-REF	5	1	uclust	0.51:0.8:3	4402981	k__Bacteria; p__Bacteroidetes; c__Sphingobacteriia; o__Sphingobacteriales; f__Sphingobacteriaceae; g__Sphingobacterium; s__faecium	k__Bacteria; p__Bacteroidetes; c__Flavobacteriia; o__Flavobacteriales; f__Cryomorphaceae; g__Owenweeksia	misclassification	2
B1-REF	5	1	uclust	0.51:0.8:3	2486	k__Bacteria; p__Bacteroidetes; c__Sphingobacteriia; o__Sphingobacteriales; f__Sphingobacteriaceae; g__Pedobacter; s__cryoconitis	k__Bacteria; p__Bacteroidetes; c__Sphingobacteriia; o__Sphingobacteriales; f__Sphingobacteriaceae; g__Cytophagales	overclassification	5
B1-REF	5	1	uclust	0.51:0.8:3	4453318	k__Bacteria; p__Proteobacteria; c__Alphaproteobacteria; o__Rickettsiales; f__mitochondria	k__Bacteria; p__Proteobacteria; c__Alphaproteobacteria; o__Rickettsiales; f__mitochondria; g__Grevillea	match	5
B1-REF	5	1	uclust	0.51:0.8:3	955678	k__Bacteria; p__Proteobacteria; c__Betaproteobacteria; o__Neisseriales; f__Neisseriaceae	k__Bacteria; p__Proteobacteria; c__Betaproteobacteria; o__Neisseriales; f__Neisseriaceae; g__Conchiformibius	match	5
B1-REF	5	1	uclust	0.51:0.8:3	579858	k__Bacteria; p__Proteobacteria; c__Deltaproteobacteria; o__Desulfobacterales; f__Desulfobacteraceae; g__Desulfococcus	k__Bacteria; p__Proteobacteria; c__Deltaproteobacteria; o__Desulfobacterales; f__Desulfobacteraceae; g__Desulfobotulus	overclassification	5
B1-REF	5	1	uclust	0.51:0.8:3	645407	k__Bacteria; p__Proteobacteria; c__Gammaproteobacteria; o__Xanthomonadales; f__Xanthomonadaceae; g__Luteibacter; s__rhizovicinus	k__Bacteria; p__Proteobacteria; c__Gammaproteobacteria; o__Xanthomonadales; f__Xanthomonadaceae; g__Dyella	overclassification	5
B1-REF	5	1	uclust	0.51:0.8:3	1134860	k__Bacteria; p__Proteobacteria; c__Alphaproteobacteria; o__Rhizobiales	k__Bacteria; p__Proteobacteria; c__Alphaproteobacteria; o__Rhodospirillales; f__Rhodospirillaceae; g__Caenispirillum	misclassification	3
B1-REF	5	1	uclust	0.51:0.8:3	792531	k__Bacteria; p__Proteobacteria; c__Gammaproteobacteria; o__Alteromonadales; f__Chromatiaceae	k__Bacteria; p__Proteobacteria; c__Gammaproteobacteria; o__Alteromonadales; f__Chromatiaceae; g__Rheinheimera	match	5
B1-REF	5	1	uclust	0.51:0.8:3	4350882	k__Bacteria; p__Actinobacteria; c__Actinobacteria; o__Actinomycetales; f__Cellulomonadaceae	k__Bacteria; p__Actinobacteria; c__Actinobacteria; o__Actinomycetales; f__Cellulomonadaceae; g__Paraoerskovia	match	5
B1-REF	5	1	uclust	0.51:0.8:3	1128312	k__Bacteria; p__Bacteroidetes; c__Cytophagia; o__Cytophagales; f__Flammeovirgaceae; g__Marinoscillum	k__Bacteria; p__Bacteroidetes; c__Cytophagia; o__Cytophagales; f__Flammeovirgaceae; g__Tunicatimonas	overclassification	5
B1-REF	5	1	uclust	0.51:0.8:3	4360170	k__Bacteria; p__Proteobacteria; c__Alphaproteobacteria; o__Rhodobacterales; f__Hyphomonadaceae; g__Henriciella	k__Bacteria; p__Proteobacteria; c__Alphaproteobacteria; o__Rhodobacterales; f__Hyphomonadaceae; g__Maribaculum	overclassification	5
B1-REF	5	1	uclust	0.51:0.8:3	99267	k__Bacteria; p__Aquificae; c__Aquificae; o__Aquificales; f__Desulfurobacteriaceae; g__Thermovibrio	k__Bacteria; p__Aquificae; c__Aquificae; o__Aquificales; f__Desulfurobacteriaceae; g__Aquificales	overclassification	5
B1-REF	5	1	uclust	0.51:0.8:3	230076	k__Bacteria; p__Proteobacteria; c__Gammaproteobacteria; o__Vibrionales; f__Pseudoalteromonadaceae; g__Vibrio; s__harveyi	k__Bacteria; p__Proteobacteria; c__Gammaproteobacteria; o__Vibrionales; f__Pseudoalteromonadaceae; g__Aliivibrio	overclassification	5
B1-REF	5	1	uclust	0.51:0.8:3	15059	k__Bacteria; p__Firmicutes; c__Bacilli; o__Lactobacillales; f__Enterococcaceae; g__Enterococcus; s__sulfureus	k__Bacteria; p__Firmicutes; c__Bacilli; o__Lactobacillales; f__Aerococcaceae; g__Granulicatella	misclassification	4
B1-REF	5	1	uclust	0.51:0.8:3	299514	k__Bacteria; p__Firmicutes; c__Clostridia; o__Clostridiales; f__Veillonellaceae; g__Selenomonas; s__lacticifex	k__Bacteria; p__Firmicutes; c__Clostridia; o__Clostridiales; f__Clostridiaceae; g__Clostridium	misclassification	4
B1-REF	5	1	uclust	0.51:0.8:3	1120577	k__Bacteria; p__Proteobacteria; c__Alphaproteobacteria; o__Rhizobiales; f__Rhizobiaceae; g__Sinorhizobium	k__Bacteria; p__Proteobacteria; c__Alphaproteobacteria; o__Rhizobiales; f__Hyphomicrobiaceae; g__Hyphomicrobium	misclassification	4
B1-REF	5	1	uclust	0.51:0.8:3	4372396	k__Bacteria; p__Proteobacteria; c__Gammaproteobacteria; o__Enterobacteriales; f__Enterobacteriaceae; g__Purcelliella; s__pentastirinorum	k__Bacteria; p__Proteobacteria; c__Gammaproteobacteria; o__Enterobacteriales; f__Enterobacteriaceae; g__Ishikawaella	overclassification	5
B1-REF	5	1	uclust	0.51:0.8:3	2572567	k__Bacteria; p__Proteobacteria; c__Alphaproteobacteria; o__Rickettsiales; f__mitochondria	k__Bacteria; p__Proteobacteria; c__Alphaproteobacteria; o__Rickettsiales; f__mitochondria; g__Pleurozia	match	5
B1-REF	5	1	uclust	0.51:0.8:3	690063	k__Bacteria; p__Firmicutes; c__Erysipelotrichi; o__Erysipelotrichales; f__Erysipelotrichaceae; g__Sharpea; s__p-3329-23G2	k__Bacteria; p__Firmicutes; c__Erysipelotrichi; o__Erysipelotrichales; f__Erysipelotrichaceae; g__Catenibacterium	overclassification	5
B1-REF	5	1	uclust	0.51:0.8:3	793520	k__Bacteria; p__Proteobacteria; c__Deltaproteobacteria; o__Desulfobacterales; f__Desulfobacteraceae; g__Desulfococcus	k__Bacteria; p__Proteobacteria; c__Deltaproteobacteria; o__Desulfobacterales; f__Desulfobacteraceae; g__Desulfocella	overclassification	5
B1-REF	5	1	uclust	0.51:0.8:3	1129499	k__Bacteria; p__Chloroflexi; c__Anaerolineae; o__Anaerolineales; f__Anaerolinaceae	k__Bacteria; p__Chloroflexi; c__Anaerolineae; o__Anaerolineales; f__Anaerolinaceae; g__Levilinea	match	5
B1-REF	5	1	uclust	0.51:0.8:3	560465	k__Bacteria; p__Proteobacteria; c__Gammaproteobacteria; o__Enterobacteriales; f__Enterobacteriaceae; g__Cronobacter; s__dublinensis	k__Bacteria; p__Proteobacteria; c__Gammaproteobacteria; o__Enterobacteriales; f__Enterobacteriaceae; g__Serratia	overclassification	5
B1-REF	5	1	uclust	0.51:0.8:3	3509162	k__Bacteria; p__Bacteroidetes; c__Saprospirae; o__Saprospirales; f__Chitinophagaceae	k__Bacteria; p__Bacteroidetes; c__Saprospirae; o__Saprospirales; f__Chitinophagaceae; g__Lacibacter	match	5
B1-REF	5	1	uclust	0.51:0.8:3	7538	k__Bacteria; p__Proteobacteria; c__Gammaproteobacteria; o__Chromatiales; f__Chromatiaceae	k__Bacteria; p__Proteobacteria; c__Gammaproteobacteria; o__Chromatiales; f__Chromatiaceae; g__Thiolamprovum	match	5
B1-REF	5	1	uclust	0.51:0.8:3	2369177	k__Bacteria; p__Proteobacteria; c__Alphaproteobacteria; o__Rickettsiales; f__mitochondria	k__Bacteria; p__Proteobacteria; c__Alphaproteobacteria; o__Rickettsiales; f__mitochondria; g__Lotus	match	5
B1-REF	5	1	uclust	0.51:0.8:3	362685	k__Bacteria; p__Actinobacteria; c__Actinobacteria; o__Actinomycetales; f__Nocardiopsaceae; g__Nocardiopsis	k__Bacteria; p__Actinobacteria; c__Actinobacteria; o__Actinomycetales; f__Nocardiopsaceae; g__actinomycete	overclassification	5
B1-REF	5	1	uclust	0.51:0.8:3	3509168	k__Bacteria; p__Proteobacteria; c__Betaproteobacteria; o__Neisseriales; f__Neisseriaceae; g__Silvimonas; s__terrae	k__Bacteria; p__Proteobacteria; c__Betaproteobacteria; o__Neisseriales; f__Neisseriaceae; g__Chitiniphilus	overclassification	5
B1-REF	5	1	uclust	0.51:0.8:3	321301	k__Bacteria; p__Proteobacteria; c__Gammaproteobacteria; o__Thiotrichales; f__Thiotrichaceae; g__Thiopilula; s__aggregata	k__Bacteria; p__Proteobacteria; c__Gammaproteobacteria; o__Thiotrichales; f__Thiotrichaceae; g__Thioploca	overclassification	5
B1-REF	5	1	uclust	0.51:0.8:3	4448449	k__Bacteria; p__Actinobacteria; c__Actinobacteria; o__Actinomycetales; f__Microbacteriaceae; g__Microbacterium; s__aurum	k__Bacteria; p__Actinobacteria; c__Actinobacteria; o__Actinomycetales; f__Microbacteriaceae; g__Nocardia	overclassification	5
B1-REF	5	1	uclust	0.51:0.8:3	680394	k__Bacteria; p__Proteobacteria; c__Gammaproteobacteria; o__Xanthomonadales; f__Xanthomonadaceae; g__Thermomonas; s__fusca	k__Bacteria; p__Proteobacteria; c__Gammaproteobacteria; o__Xanthomonadales; f__Xanthomonadaceae; g__Stenotrophomonas	overclassification	5
B1-REF	5	1	uclust	0.51:0.8:3	622460	k__Bacteria; p__Proteobacteria; c__Gammaproteobacteria; o__Enterobacteriales; f__Enterobacteriaceae; g__Cronobacter; s__sakazakii	k__Bacteria; p__Proteobacteria; c__Gammaproteobacteria; o__Enterobacteriales; f__Enterobacteriaceae; g__Shigella	overclassification	5
B1-REF	5	1	uclust	0.51:0.8:3	33780	k__Bacteria; p__Firmicutes; c__Clostridia; o__Clostridiales; f__Clostridiaceae; g__Alkaliphilus; s__transvaalensis	k__Bacteria; p__Firmicutes; c__Clostridia; o__Clostridiales; f__Peptococcaceae; g__Desulfonispora	misclassification	4
B1-REF	5	1	uclust	0.51:0.8:3	10180	k__Bacteria; p__Proteobacteria; c__Gammaproteobacteria; o__Enterobacteriales; f__Enterobacteriaceae; g__Cronobacter	k__Bacteria; p__Proteobacteria; c__Gammaproteobacteria; o__Enterobacteriales; f__Enterobacteriaceae; g__Aquamonas	overclassification	5
B1-REF	5	1	uclust	0.51:0.8:3	555568	k__Bacteria; p__Proteobacteria; c__Alphaproteobacteria; o__Rhodobacterales; f__Rhodobacteraceae; g__Paracoccus; s__aminovorans	k__Bacteria; p__Proteobacteria; c__Alphaproteobacteria; o__Rhodobacterales; f__Rhodobacteraceae; g__Albidovulum	overclassification	5
B1-REF	5	1	uclust	0.51:0.8:3	2397567	k__Bacteria; p__Proteobacteria; c__Alphaproteobacteria; o__Rickettsiales; f__mitochondria	k__Bacteria; p__Proteobacteria; c__Alphaproteobacteria; o__Rickettsiales; f__mitochondria; g__Ginkgo	match	5
B1-REF	5	1	uclust	0.51:0.8:3	2397566	k__Bacteria; p__Proteobacteria; c__Alphaproteobacteria; o__Rickettsiales; f__mitochondria	k__Bacteria; p__Proteobacteria; c__Alphaproteobacteria; o__Rickettsiales; f__mitochondria; g__Azolla	match	5
B1-REF	5	1	uclust	0.51:0.8:3	1080702	k__Bacteria; p__Actinobacteria; c__Actinobacteria; o__Actinomycetales; f__Propionibacteriaceae	k__Bacteria; p__Actinobacteria; c__Actinobacteria; o__Actinomycetales; f__Propionibacteriaceae; g__Propionibacterium	match	5
B1-REF	5	1	uclust	0.51:0.8:3	563323	k__Bacteria; p__Spirochaetes; c__Spirochaetes; o__Spirochaetales; f__Spirochaetaceae; g__Spirochaeta; s__aurantia	k__Bacteria; p__Spirochaetes; c__Spirochaetes; o__Spirochaetales; f__Spirochaetaceae; g__Treponema	overclassification	5
B1-REF	5	1	uclust	0.51:0.8:3	607959	k__Bacteria; p__Actinobacteria; c__Actinobacteria; o__Actinomycetales; f__Dermabacteraceae	k__Bacteria; p__Actinobacteria; c__Actinobacteria; o__Actinomycetales; f__Dermabacteraceae; g__Brachybacterium	match	5
B1-REF	5	1	uclust	0.51:0.8:3	808897	k__Bacteria; p__Proteobacteria; c__Alphaproteobacteria; o__Rhodobacterales; f__Rhodobacteraceae; g__Paracoccus; s__aminovorans	k__Bacteria; p__Proteobacteria; c__Alphaproteobacteria; o__Rhodobacterales; f__Rhodobacteraceae; g__Rubrimonas	overclassification	5
B1-REF	5	1	uclust	0.51:0.8:3	3526876	k__Bacteria; p__Proteobacteria; c__Deltaproteobacteria; o__Desulfovibrionales; f__Desulfohalobiaceae; g__Desulfothermus	k__Bacteria; p__Proteobacteria; c__Deltaproteobacteria; o__Desulfovibrionales; f__Desulfohalobiaceae; g__Desulfohalobium	overclassification	5
B1-REF	5	1	uclust	0.51:0.8:3	1604187	Unassigned	k__Bacteria; p__Proteobacteria; c__Alphaproteobacteria; o__Rickettsiales; f__mitochondria; g__Coccomyxa	underclassification	0
B1-REF	5	1	uclust	0.51:0.8:3	4190059	k__Bacteria; p__Proteobacteria; c__Betaproteobacteria; o__Burkholderiales; f__Alcaligenaceae	k__Bacteria; p__Proteobacteria; c__Betaproteobacteria; o__Burkholderiales; f__Alcaligenaceae; g__Bordetella	match	5
B1-REF	5	1	uclust	0.51:0.8:3	628484	k__Bacteria; p__Proteobacteria; c__Gammaproteobacteria; o__Enterobacteriales; f__Enterobacteriaceae; g__Brenneria; s__quercina	k__Bacteria; p__Proteobacteria; c__Gammaproteobacteria; o__Enterobacteriales; f__Enterobacteriaceae; g__Candidatus Regiella	overclassification	5
B1-REF	5	1	uclust	0.51:0.8:3	2033050	Unassigned	k__Bacteria; p__Proteobacteria; c__Alphaproteobacteria; o__Rickettsiales; f__mitochondria; g__Glaucocystis	underclassification	0
B1-REF	5	1	uclust	0.51:0.8:3	1145607	k__Bacteria; p__Proteobacteria; c__Betaproteobacteria; o__Burkholderiales; f__Burkholderiaceae; g__Burkholderia; s__tuberum	k__Bacteria; p__Proteobacteria; c__Betaproteobacteria; o__Neisseriales; f__Neisseriaceae; g__Chitinimonas	misclassification	3
B1-REF	5	1	uclust	0.51:0.8:3	104526	k__Bacteria; p__Actinobacteria; c__Actinobacteria; o__Actinomycetales; f__Intrasporangiaceae	k__Bacteria; p__Actinobacteria; c__Actinobacteria; o__Actinomycetales; f__Intrasporangiaceae; g__Ornithinicoccus	match	5
B1-REF	5	1	uclust	0.51:0.8:3	1127433	k__Bacteria; p__Proteobacteria; c__Alphaproteobacteria; o__Rhodospirillales; f__Rhodospirillaceae	k__Bacteria; p__Proteobacteria; c__Alphaproteobacteria; o__Rhodospirillales; f__Rhodospirillaceae; g__Skermanella	match	5
B1-REF	5	1	uclust	0.51:0.8:3	1598513	k__Bacteria; p__Proteobacteria; c__Alphaproteobacteria; o__Rhodobacterales; f__Rhodobacteraceae; g__Roseobacter	k__Bacteria; p__Proteobacteria; c__Alphaproteobacteria; o__Rhodobacterales; f__Rhodobacteraceae; g__Sulfitobacter	overclassification	5
B1-REF	5	1	uclust	0.51:0.8:3	3386818	k__Bacteria; p__Proteobacteria; c__Alphaproteobacteria; o__Rickettsiales; f__mitochondria	k__Bacteria; p__Proteobacteria; c__Alphaproteobacteria; o__Rickettsiales; f__mitochondria; g__Panax	match	5
B1-REF	5	1	uclust	0.51:0.8:3	4405531	k__Bacteria; p__Firmicutes; c__Clostridia; o__Clostridiales; f__Peptostreptococcaceae; g__Clostridium; s__sticklandii	k__Bacteria; p__Firmicutes; c__Clostridia; o__Clostridiales; f__Heliobacteriaceae; g__Heliophilum	misclassification	4
B1-REF	5	1	uclust	0.51:0.8:3	4313865	k__Bacteria; p__Proteobacteria; c__Betaproteobacteria; o__Burkholderiales; f__Comamonadaceae; g__Rubrivivax; s__gelatinosus	k__Bacteria; p__Proteobacteria; c__Betaproteobacteria; o__Burkholderiales; f__Comamonadaceae; g__Methylibium	overclassification	5
B1-REF	5	1	uclust	0.51:0.8:3	45962	k__Bacteria; p__Actinobacteria; c__Actinobacteria; o__Actinomycetales; f__Streptosporangiaceae; g__Planobispora	k__Bacteria; p__Actinobacteria; c__Actinobacteria; o__Actinomycetales; f__Streptosporangiaceae; g__Nonomuraea	overclassification	5
B1-REF	5	1	uclust	0.51:0.8:3	706818	k__Bacteria; p__Proteobacteria; c__Gammaproteobacteria; o__Chromatiales; f__Chromatiaceae; g__Allochromatium; s__vinosum	k__Bacteria; p__Proteobacteria; c__Gammaproteobacteria; o__Chromatiales; f__Chromatiaceae; g__Isochromatium	overclassification	5
B1-REF	5	1	uclust	0.51:0.8:3	1084983	k__Bacteria; p__Proteobacteria; c__Alphaproteobacteria; o__Rhizobiales; f__Hyphomicrobiaceae; g__Stappia	k__Bacteria; p__Proteobacteria; c__Alphaproteobacteria; o__Rhizobiales; f__Hyphomicrobiaceae; g__Labrenzia	overclassification	5
B1-REF	5	1	uclust	0.51:0.8:3	4367676	k__Bacteria; p__Proteobacteria; c__Alphaproteobacteria; o__Rhodobacterales; f__Rhodobacteraceae	k__Bacteria; p__Proteobacteria; c__Alphaproteobacteria; o__Rhizobiales; f__Phyllobacteriaceae; g__Pseudaminobacter	misclassification	3
B1-REF	5	1	uclust	0.51:0.8:3	1842075	k__Bacteria; p__Firmicutes; c__Clostridia; o__Clostridiales; f__Veillonellaceae; g__Veillonella; s__dispar	k__Bacteria; p__Firmicutes; c__Clostridia; o__Halanaerobiales; f__Halanaerobiaceae; g__Halanaerobium	misclassification	3
B1-REF	5	1	uclust	0.51:0.8:3	263575	k__Bacteria; p__Bacteroidetes; c__Saprospirae; o__Saprospirales; f__Saprospiraceae	k__Bacteria; p__Bacteroidetes; c__Saprospirae; o__Saprospirales; f__Saprospiraceae; g__Lewinella	match	5
B1-REF	5	1	uclust	0.51:0.8:3	31020	k__Archaea; p__Crenarchaeota; c__Thaumarchaeota; o__Cenarchaeales; f__Cenarchaeaceae; g__Nitrosopumilus; s__pIVWA5	k__Archaea; p__Crenarchaeota; c__Thaumarchaeota; o__Cenarchaeales; f__Cenarchaeaceae; g__Cenarchaeum	overclassification	5
B1-REF	5	1	uclust	0.51:0.8:3	274061	k__Bacteria; p__Proteobacteria; c__Gammaproteobacteria; o__Chromatiales; f__Chromatiaceae; g__Lamprocystis	k__Bacteria; p__Proteobacteria; c__Gammaproteobacteria; o__Chromatiales; f__Chromatiaceae; g__Thiohalocapsa	overclassification	5
B1-REF	5	1	uclust	0.51:0.8:3	492873	k__Bacteria; p__Actinobacteria; c__Actinobacteria; o__Actinomycetales; f__Microbacteriaceae; g__Clavibacter; s__michiganensis	k__Bacteria; p__Actinobacteria; c__Actinobacteria; o__Actinomycetales; f__Microbacteriaceae; g__Pseudoclavibacter	overclassification	5
B1-REF	5	1	uclust	0.51:0.8:3	1940173	k__Bacteria; p__Proteobacteria; c__Alphaproteobacteria; o__Rhodospirillales; f__Acetobacteraceae; g__Gluconacetobacter; s__diazotrophicus	k__Bacteria; p__Proteobacteria; c__Alphaproteobacteria; o__Rhodospirillales; f__Acetobacteraceae; g__Kozakia	overclassification	5
B1-REF	5	1	uclust	0.51:0.8:3	4361533	k__Bacteria; p__Proteobacteria; c__Gammaproteobacteria; o__Enterobacteriales; f__Enterobacteriaceae	k__Bacteria; p__Proteobacteria; c__Gammaproteobacteria; o__Enterobacteriales; f__Enterobacteriaceae; g__Moranella	match	5
B1-REF	5	1	uclust	0.51:0.8:3	4471604	k__Bacteria; p__Firmicutes; c__Clostridia; o__Clostridiales; f__Lachnospiraceae; g__Clostridium	k__Bacteria; p__Firmicutes; c__Clostridia; o__Clostridiales; f__Lachnospiraceae; g__Ruminococcus	overclassification	5
B1-REF	5	1	uclust	0.51:0.8:3	2116286	k__Bacteria; p__Proteobacteria; c__Gammaproteobacteria; o__Enterobacteriales; f__Enterobacteriaceae	k__Bacteria; p__Proteobacteria; c__Gammaproteobacteria; o__Enterobacteriales; f__Enterobacteriaceae; g__Leclercia	match	5
B1-REF	5	1	uclust	0.51:0.8:3	3862609	k__Archaea; p__Euryarchaeota; c__Halobacteria; o__Halobacteriales; f__Halobacteriaceae; g__Halosimplex; s__carlsbadense	k__Archaea; p__Euryarchaeota; c__Halobacteria; o__Halobacteriales; f__Halobacteriaceae; g__Halobacteriaceae	overclassification	5
B1-REF	5	1	uclust	0.51:0.8:3	139597	k__Bacteria; p__Actinobacteria; c__Actinobacteria; o__Actinomycetales; f__Streptomycetaceae; g__Streptomyces	k__Bacteria; p__Actinobacteria; c__Actinobacteria; o__Actinomycetales; f__Streptomycetaceae; g__Parastreptomyces	overclassification	5
B1-REF	5	1	uclust	0.51:0.8:3	1122523	k__Bacteria; p__Proteobacteria; c__Betaproteobacteria; o__Burkholderiales; f__Comamonadaceae	k__Bacteria; p__Proteobacteria; c__Betaproteobacteria; o__Burkholderiales; f__Comamonadaceae; g__Inhella	match	5
B1-REF	5	1	uclust	0.51:0.8:3	735185	k__Bacteria; p__Proteobacteria; c__Alphaproteobacteria; o__Rhizobiales; f__Hyphomicrobiaceae	k__Bacteria; p__Proteobacteria; c__Alphaproteobacteria; o__Rhizobiales; f__Hyphomicrobiaceae; g__Roseibium	match	5
B1-REF	5	1	uclust	0.51:0.8:3	183736	k__Bacteria; p__Firmicutes; c__Bacilli; o__Bacillales; f__Planococcaceae; g__Lysinibacillus; s__boronitolerans	k__Bacteria; p__Firmicutes; c__Bacilli; o__Bacillales; f__Planococcaceae; g__Kurthia	overclassification	5
B1-REF	5	1	uclust	0.51:0.8:3	641748	k__Bacteria; p__Bacteroidetes; c__Flavobacteriia; o__Flavobacteriales; f__Flavobacteriaceae; g__Croceitalea	k__Bacteria; p__Bacteroidetes; c__Flavobacteriia; o__Flavobacteriales; f__Flavobacteriaceae; g__Ascidianibacter	overclassification	5
B1-REF	5	1	uclust	0.51:0.8:3	549368	k__Bacteria; p__Proteobacteria; c__Gammaproteobacteria; o__Vibrionales; f__Vibrionaceae; g__Aliivibrio; s__fischeri	k__Bacteria; p__Proteobacteria; c__Gammaproteobacteria; o__Vibrionales; f__Vibrionaceae; g__Vibrio	overclassification	5
B1-REF	5	1	uclust	0.51:0.8:3	328755	k__Bacteria; p__Proteobacteria; c__Alphaproteobacteria; o__Rhizobiales; f__Rhizobiaceae; g__Agrobacterium; s__sullae	k__Bacteria; p__Proteobacteria; c__Alphaproteobacteria; o__Rhizobiales; f__Methylocystaceae; g__Pleomorphomonas	misclassification	4
B1-REF	5	1	uclust	0.51:0.8:3	4411367	k__Bacteria; p__Proteobacteria; c__Alphaproteobacteria; o__Rhodobacterales; f__Rhodobacteraceae; g__Phaeobacter	k__Bacteria; p__Proteobacteria; c__Alphaproteobacteria; o__Rhodobacterales; f__Rhodobacteraceae; g__Ruegeria	overclassification	5
B1-REF	5	1	uclust	0.51:0.8:3	12542	k__Bacteria; p__Actinobacteria; c__Actinobacteria; o__Actinomycetales	k__Bacteria; p__Actinobacteria; c__Actinobacteria; o__Actinomycetales; f__Actinomycetaceae; g__Bogoriella	underclassification	4
B1-REF	5	1	uclust	0.51:0.8:3	4385903	k__Bacteria; p__Bacteroidetes; c__Bacteroidia; o__Bacteroidales; f__Porphyromonadaceae; g__Dysgonomonas; s__gadei	k__Bacteria; p__Bacteroidetes; c__Bacteroidia; o__Bacteroidales; f__Porphyromonadaceae; g__Petrimonas	overclassification	5
B1-REF	5	1	uclust	0.51:0.8:3	4378218	k__Bacteria; p__Proteobacteria; c__Alphaproteobacteria; o__Rhizobiales; f__Phyllobacteriaceae; g__Chelativorans	k__Bacteria; p__Proteobacteria; c__Alphaproteobacteria; o__Rhizobiales; f__Phyllobacteriaceae; g__Mesorhizobium	overclassification	5
B1-REF	5	1	uclust	0.51:0.8:3	4334615	k__Bacteria; p__Firmicutes; c__Bacilli; o__Bacillales; f__Thermoactinomycetaceae	k__Bacteria; p__Firmicutes; c__Bacilli; o__Bacillales; f__Thermoactinomycetaceae; g__Marina	match	5
B1-REF	5	1	uclust	0.51:0.8:3	13811	k__Bacteria; p__Firmicutes; c__Clostridia; o__Clostridiales; f__Veillonellaceae; g__Selenomonas; s__ruminantium	k__Bacteria; p__Firmicutes; c__Clostridia; o__Clostridiales; f__Veillonellaceae; g__Mitsuokella	overclassification	5
B1-REF	5	1	uclust	0.51:0.8:3	160938	k__Bacteria; p__Actinobacteria; c__Actinobacteria; o__Actinomycetales; f__Pseudonocardiaceae	k__Bacteria; p__Actinobacteria; c__Actinobacteria; o__Actinomycetales; f__Pseudonocardiaceae; g__Prauserella	match	5
B1-REF	5	1	uclust	0.51:0.8:3	2170973	Unassigned	k__Bacteria; p__Proteobacteria; c__Alphaproteobacteria; o__Rickettsiales; f__mitochondria; g__Gnetum	underclassification	0
B1-REF	5	1	uclust	0.51:0.8:3	4368039	k__Bacteria; p__Proteobacteria; c__Alphaproteobacteria; o__Rhodobacterales; f__Rhodobacteraceae; g__Paracoccus; s__marcusii	k__Bacteria; p__Proteobacteria; c__Alphaproteobacteria; o__Rhodobacterales; f__Rhodobacteraceae; g__Haematobacter	overclassification	5
B1-REF	5	1	uclust	0.51:0.8:3	4368038	k__Bacteria; p__Firmicutes; c__Clostridia; o__Clostridiales; f__Peptostreptococcaceae; g__Clostridium; s__sticklandii	k__Bacteria; p__Firmicutes; c__Clostridia; o__Clostridiales; f__Peptostreptococcaceae; g__Proteocatella	overclassification	5
B1-REF	5	1	uclust	0.51:0.8:3	4326319	k__Bacteria; p__Bacteroidetes; c__Flavobacteriia; o__Flavobacteriales; f__Flavobacteriaceae	k__Bacteria; p__Bacteroidetes; c__Flavobacteriia; o__Flavobacteriales; f__Flavobacteriaceae; g__Mesoflavibacter	match	5
B1-REF	5	1	uclust	0.51:0.8:3	4193312	k__Bacteria; p__Proteobacteria; c__Gammaproteobacteria; o__Enterobacteriales; f__Enterobacteriaceae; g__Enterobacter; s__gergoviae	k__Bacteria; p__Proteobacteria; c__Gammaproteobacteria; o__Enterobacteriales; f__Enterobacteriaceae; g__Trabulsiella	overclassification	5
B1-REF	5	1	uclust	0.51:0.8:3	156705	k__Bacteria; p__Proteobacteria; c__Alphaproteobacteria; o__Rhizobiales; f__Bradyrhizobiaceae	k__Bacteria; p__Proteobacteria; c__Alphaproteobacteria; o__Rhizobiales; f__Bradyrhizobiaceae; g__Bosea	match	5
B1-REF	5	1	uclust	0.51:0.8:3	10762	k__Bacteria; p__Proteobacteria; c__Deltaproteobacteria; o__Desulfobacterales; f__Desulfobulbaceae	k__Bacteria; p__Proteobacteria; c__Deltaproteobacteria; o__Syntrophobacterales; f__Syntrophobacteraceae; g__Thermodesulforhabdus	misclassification	3
B1-REF	5	1	uclust	0.51:0.8:3	7773	k__Bacteria; p__Proteobacteria; c__Gammaproteobacteria; o__Xanthomonadales; f__Sinobacteraceae	k__Bacteria; p__Proteobacteria; c__Gammaproteobacteria; o__Xanthomonadales; f__Sinobacteraceae; g__Nevskia	match	5
B1-REF	5	1	uclust	0.51:0.8:3	820145	k__Bacteria; p__Proteobacteria; c__Gammaproteobacteria; o__Enterobacteriales; f__Enterobacteriaceae; g__Pantoea	k__Bacteria; p__Proteobacteria; c__Gammaproteobacteria; o__Enterobacteriales; f__Enterobacteriaceae; g__Erwinia	overclassification	5
B1-REF	5	1	uclust	0.51:0.8:3	4484180	k__Bacteria; p__Proteobacteria; c__Betaproteobacteria; o__Burkholderiales; f__Comamonadaceae	k__Bacteria; p__Proteobacteria; c__Betaproteobacteria; o__Burkholderiales; f__Comamonadaceae; g__Hydrogenophaga	match	5
B1-REF	5	1	uclust	0.51:0.8:3	152262	k__Bacteria; p__Chlamydiae; c__Chlamydiia; o__Chlamydiales; f__Parachlamydiaceae; g__Parachlamydia; s__acanthamoebae	k__Bacteria; p__Chlamydiae; c__Chlamydiia; o__Chlamydiales; f__Criblamydiaceae; g__Criblamydia	misclassification	4
B1-REF	5	1	uclust	0.51:0.8:3	4427435	k__Bacteria; p__Proteobacteria; c__Alphaproteobacteria; o__Rickettsiales; f__mitochondria	k__Bacteria; p__Proteobacteria; c__Alphaproteobacteria; o__Rickettsiales; f__mitochondria; g__Plantago	match	5
B1-REF	5	1	uclust	0.51:0.8:3	3789443	k__Bacteria; p__Actinobacteria; c__Actinobacteria; o__Actinomycetales; f__Propionibacteriaceae; g__Brooklawnia	k__Bacteria; p__Actinobacteria; c__Actinobacteria; o__Actinomycetales; f__Propionibacteriaceae; g__Propionimicrobium	overclassification	5
B1-REF	5	1	uclust	0.51:0.8:3	218406	k__Bacteria; p__Proteobacteria; c__Alphaproteobacteria; o__Rhodobacterales; f__Rhodobacteraceae	k__Bacteria; p__Proteobacteria; c__Alphaproteobacteria; o__Rhodobacterales; f__Rhodobacteraceae; g__Rhodobacter	match	5
B1-REF	5	1	uclust	0.51:0.8:3	1759391	k__Bacteria; p__Actinobacteria; c__Actinobacteria; o__Actinomycetales; f__Actinosynnemataceae; g__Lechevalieria	k__Bacteria; p__Actinobacteria; c__Actinobacteria; o__Actinomycetales; f__Pseudonocardiaceae; g__Saccharomonospora	misclassification	4
B1-REF	5	1	uclust	0.51:0.8:3	87957	k__Bacteria; p__Firmicutes; c__Bacilli; o__Bacillales; f__Bacillaceae; g__Ornithinibacillus	k__Bacteria; p__Firmicutes; c__Bacilli; o__Bacillales; f__Bacillaceae; g__Virgibacillus	overclassification	5
B1-REF	5	1	uclust	0.51:0.8:3	4338444	k__Bacteria; p__Cyanobacteria; c__Synechococcophycideae; o__Pseudanabaenales; f__Pseudanabaenaceae; g__Leptolyngbya; s__frigida	k__Bacteria; p__Cyanobacteria; c__Synechococcophycideae; o__Pseudanabaenales; f__Pseudanabaenaceae; g__Synechococcus	overclassification	5
B1-REF	5	1	uclust	0.51:0.8:3	271782	k__Bacteria; p__Actinobacteria; c__Actinobacteria; o__Actinomycetales; f__Actinosynnemataceae; g__Amycolatopsis; s__fastidiosa	k__Bacteria; p__Actinobacteria; c__Actinobacteria; o__Actinomycetales; f__Actinosynnemataceae; g__Alloactinosynnema	overclassification	5
B1-REF	5	1	uclust	0.51:0.8:3	4176865	k__Archaea; p__Euryarchaeota; c__Halobacteria; o__Halobacteriales; f__Halobacteriaceae	k__Archaea; p__Euryarchaeota; c__Halobacteria; o__Halobacteriales; f__Halobacteriaceae; g__Halopiger	match	5
B1-REF	5	1	uclust	0.51:0.8:3	265971	k__Bacteria; p__Actinobacteria; c__Actinobacteria; o__Actinomycetales; f__Actinosynnemataceae; g__Amycolatopsis; s__fastidiosa	k__Bacteria; p__Actinobacteria; c__Actinobacteria; o__Actinomycetales; f__Pseudonocardiaceae; g__Actinophytocola	misclassification	4
B1-REF	5	1	uclust	0.51:0.8:3	4434972	k__Bacteria; p__Proteobacteria; c__Alphaproteobacteria; o__Rhizobiales; f__Methylobacteriaceae; g__Methylobacterium	k__Bacteria; p__Proteobacteria; c__Alphaproteobacteria; o__Rhizobiales; f__Methylobacteriaceae; g__Bacillus	overclassification	5
B1-REF	5	1	uclust	0.51:0.8:3	2410835	k__Bacteria; p__Bacteroidetes; c__Flavobacteriia; o__Flavobacteriales; f__Flavobacteriaceae	k__Bacteria; p__Bacteroidetes; c__Flavobacteriia; o__Flavobacteriales; f__Flavobacteriaceae; g__Algibacter	match	5
B1-REF	5	1	uclust	0.51:0.8:3	4468965	k__Bacteria; p__Proteobacteria; c__Alphaproteobacteria; o__Rickettsiales; f__mitochondria	k__Bacteria; p__Proteobacteria; c__Alphaproteobacteria; o__Rickettsiales; f__mitochondria; g__Gyrocarpus	match	5
B1-REF	5	1	uclust	0.51:0.8:3	65391	k__Bacteria; p__Proteobacteria; c__Betaproteobacteria; o__Burkholderiales; f__Alcaligenaceae; g__Tetrathiobacter; s__kashmirensis	k__Bacteria; p__Proteobacteria; c__Betaproteobacteria; o__Burkholderiales; f__Alcaligenaceae; g__Achromobacter	overclassification	5
B1-REF	5	1	uclust	0.51:0.8:3	159887	k__Bacteria; p__Cyanobacteria; c__Oscillatoriophycideae; o__Chroococcales; f__Spirulinaceae; g__Spirulina; s__subsalsa	k__Bacteria; p__Cyanobacteria; c__Oscillatoriophycideae; o__Chroococcales; f__Xenococcaceae; g__Synechococcus	misclassification	4
B1-REF	5	1	uclust	0.51:0.8:3	160110	k__Bacteria; p__Firmicutes; c__Clostridia; o__Clostridiales; f__Lachnospiraceae; g__Clostridium; s__xylanolyticum	k__Bacteria; p__Firmicutes; c__Clostridia; o__Clostridiales; f__Lachnospiraceae; g__Bacteroides	overclassification	5
B1-REF	5	1	uclust	0.51:0.8:3	567510	k__Bacteria; p__Firmicutes; c__Clostridia; o__Halanaerobiales; f__Halobacteroidaceae; g__Orenia	k__Bacteria; p__Firmicutes; c__Clostridia; o__Halanaerobiales; f__Halobacteroidaceae; g__Halanaerobacter	overclassification	5
B1-REF	5	1	uclust	0.51:0.8:3	1131995	k__Bacteria; p__Firmicutes; c__Clostridia; o__Clostridiales; f__Veillonellaceae	k__Bacteria; p__Firmicutes; c__Clostridia; o__Clostridiales; f__Veillonellaceae; g__Dendrosporobacter	match	5
B1-REF	5	1	uclust	0.51:0.8:3	4378624	k__Bacteria; p__Proteobacteria; c__Alphaproteobacteria; o__Rickettsiales; f__mitochondria	k__Bacteria; p__Proteobacteria; c__Alphaproteobacteria; o__Rickettsiales; f__mitochondria; g__Helosis	match	5
B1-REF	5	1	uclust	0.51:0.8:3	3142482	k__Bacteria; p__Firmicutes; c__Clostridia; o__Clostridiales; f__Lachnospiraceae; g__Blautia; s__producta	k__Bacteria; p__Firmicutes; c__Clostridia; o__Clostridiales; f__Lachnospiraceae; g__Roseburia	overclassification	5
B1-REF	5	1	uclust	0.51:0.8:3	202684	k__Bacteria; p__Aquificae; c__Aquificae; o__Aquificales; f__Hydrogenothermaceae; g__Sulfurihydrogenibium	k__Bacteria; p__Aquificae; c__Aquificae; o__Aquificales; f__Hydrogenothermaceae; g__Hydrogenothermus	overclassification	5
B1-REF	5	1	uclust	0.51:0.8:3	4423885	k__Bacteria; p__Bacteroidetes; c__Sphingobacteriia; o__Sphingobacteriales; f__Sphingobacteriaceae; g__Pedobacter; s__cryoconitis	k__Bacteria; p__Bacteroidetes; c__Sphingobacteriia; o__Sphingobacteriales; f__Sphingobacteriaceae; g__Solitalea	overclassification	5
B1-REF	5	1	uclust	0.51:0.8:3	548469	k__Bacteria; p__Proteobacteria; c__Alphaproteobacteria; o__Rhizobiales	k__Bacteria; p__Proteobacteria; c__Alphaproteobacteria; o__Rhizobiales; f__Beijerinckiaceae; g__Chelatococcus	underclassification	4
B1-REF	5	1	uclust	0.51:0.8:3	4427760	k__Bacteria; p__Bacteroidetes; c__Sphingobacteriia; o__Sphingobacteriales; f__Sphingobacteriaceae; g__Pedobacter; s__cryoconitis	k__Bacteria; p__Bacteroidetes; c__Sphingobacteriia; o__Sphingobacteriales; f__Sphingobacteriaceae; g__Mucilaginibacter	overclassification	5
B1-REF	5	1	uclust	0.51:0.8:3	361038	k__Bacteria; p__Actinobacteria; c__Actinobacteria; o__Actinomycetales; f__Microbacteriaceae; g__Microbacterium; s__aurum	k__Bacteria; p__Actinobacteria; c__Actinobacteria; o__Actinomycetales; f__Microbacteriaceae; g__Salinibacterium	overclassification	5
B1-REF	5	1	uclust	0.51:0.8:3	115461	k__Bacteria; p__Proteobacteria; c__Alphaproteobacteria; o__Rhodobacterales; f__Rhodobacteraceae; g__Paracoccus; s__marcusii	k__Bacteria; p__Proteobacteria; c__Alphaproteobacteria; o__Rhodobacterales; f__Rhodobacteraceae; g__Pseudorhodobacter	overclassification	5
B1-REF	5	1	uclust	0.51:0.8:3	557564	k__Bacteria; p__Actinobacteria; c__Actinobacteria; o__Actinomycetales; f__Micromonosporaceae; g__Micromonospora	k__Bacteria; p__Actinobacteria; c__Actinobacteria; o__Actinomycetales; f__Micromonosporaceae; g__Spirilliplanes	overclassification	5
B1-REF	5	1	uclust	0.51:0.8:3	4327050	k__Bacteria; p__Proteobacteria; c__Gammaproteobacteria; o__Chromatiales; f__Chromatiaceae; g__Allochromatium; s__vinosum	k__Bacteria; p__Proteobacteria; c__Gammaproteobacteria; o__Chromatiales; f__Ectothiorhodospiraceae; g__Thioalkalivibrio	misclassification	4
B1-REF	5	1	uclust	0.51:0.8:3	4392252	k__Bacteria; p__Cyanobacteria; c__Oscillatoriophycideae; o__Chroococcales	k__Bacteria; p__Cyanobacteria; c__Oscillatoriophycideae; o__Chroococcales; f__Xenococcaceae; g__Annamia	underclassification	4
B1-REF	5	1	uclust	0.51:0.8:3	1550344	Unassigned	k__Bacteria; p__Thermotogae; c__Thermotogae; o__Thermotogales; f__Thermotogaceae; g__Kosmotoga	underclassification	0
B1-REF	5	1	uclust	0.51:0.8:3	4307029	k__Archaea; p__Euryarchaeota; c__Halobacteria; o__Halobacteriales; f__Halobacteriaceae; g__Halostagnicola; s__larsenii	k__Archaea; p__Euryarchaeota; c__Halobacteria; o__Halobacteriales; f__Halobacteriaceae; g__Halovivax	overclassification	5
B1-REF	5	1	uclust	0.51:0.8:3	814889	k__Bacteria; p__Actinobacteria; c__Actinobacteria; o__Actinomycetales; f__Microbacteriaceae; g__Microbacterium	k__Bacteria; p__Actinobacteria; c__Actinobacteria; o__Actinomycetales; f__Microbacteriaceae; g__Candidatus Aquiluna	overclassification	5
B1-REF	5	1	uclust	0.51:0.8:3	323045	k__Bacteria; p__Firmicutes; c__Clostridia; o__Clostridiales; f__Peptococcaceae; g__Desulfosporosinus; s__meridiei	k__Bacteria; p__Firmicutes; c__Erysipelotrichi; o__Erysipelotrichales; f__Erysipelotrichaceae; g__Bulleidia	misclassification	2
B1-REF	5	1	uclust	0.51:0.8:3	3366304	Unassigned	k__Bacteria; p__Proteobacteria; c__Alphaproteobacteria; o__Rickettsiales; f__mitochondria; g__Synedra	underclassification	0
B1-REF	5	1	uclust	0.51:0.8:3	746730	k__Bacteria; p__Firmicutes; c__Bacilli; o__Bacillales; f__Bacillaceae; g__Geobacillus; s__thermodenitrificans	k__Bacteria; p__Firmicutes; c__Bacilli; o__Bacillales; f__Paenibacillaceae; g__Thermobacillus	misclassification	4
B1-REF	5	1	uclust	0.51:0.8:3	656502	k__Bacteria; p__Chlamydiae; c__Chlamydiia; o__Chlamydiales; f__Parachlamydiaceae; g__Parachlamydia; s__acanthamoebae	k__Bacteria; p__Chlamydiae; c__Chlamydiia; o__Chlamydiales; f__Parachlamydiaceae; g__Neochlamydia	overclassification	5
B1-REF	5	1	uclust	0.51:0.8:3	535071	k__Bacteria; p__Proteobacteria; c__Gammaproteobacteria; o__Oceanospirillales; f__SUP05	k__Bacteria; p__Proteobacteria; c__Gammaproteobacteria; o__Legionellales; f__Francisellaceae; g__Francisella	misclassification	3
B1-REF	5	1	uclust	0.51:0.8:3	561204	k__Bacteria; p__Proteobacteria; c__Betaproteobacteria; o__Burkholderiales; f__Comamonadaceae; g__Mitsuaria; s__chitosanitabida	k__Bacteria; p__Proteobacteria; c__Betaproteobacteria; o__Burkholderiales; f__Comamonadaceae; g__Roseateles	overclassification	5
B1-REF	5	1	uclust	0.51:0.8:3	4343297	k__Bacteria; p__Proteobacteria; c__Alphaproteobacteria; o__Sphingomonadales; f__Sphingomonadaceae; g__Sphingomonas; s__wittichii	k__Bacteria; p__Proteobacteria; c__Alphaproteobacteria; o__Sphingomonadales; f__Sphingomonadaceae; g__Sandarakinorhabdus	overclassification	5
B1-REF	5	1	uclust	0.51:0.8:3	535678	k__Bacteria; p__Actinobacteria; c__Actinobacteria; o__Actinomycetales; f__Streptomycetaceae; g__Streptomyces	k__Bacteria; p__Actinobacteria; c__Actinobacteria; o__Actinomycetales; f__Streptomycetaceae; g__Amycolatopsis	overclassification	5
B1-REF	5	1	uclust	0.51:0.8:3	156688	k__Bacteria	k__Bacteria; p__Planctomycetes; c__Brocadiae; o__Brocadiales; f__Brocadiaceae; g__Kuenenia	underclassification	1
B1-REF	5	1	uclust	0.51:0.8:3	3383796	k__Bacteria; p__Proteobacteria; c__Alphaproteobacteria; o__Rickettsiales; f__mitochondria; g__Saccharina	k__Bacteria; p__Proteobacteria; c__Alphaproteobacteria; o__Rickettsiales; f__mitochondria; g__Dictyota	overclassification	5
B1-REF	5	1	uclust	0.51:0.8:3	85254	k__Bacteria; p__Proteobacteria; c__Gammaproteobacteria; o__Enterobacteriales; f__Enterobacteriaceae; g__Providencia; s__stuartii	k__Bacteria; p__Proteobacteria; c__Gammaproteobacteria; o__Enterobacteriales; f__Enterobacteriaceae; g__Arsenophonus	overclassification	5
B1-REF	5	1	uclust	0.51:0.8:3	1771843	k__Bacteria; p__Proteobacteria; c__Alphaproteobacteria; o__Rickettsiales; f__mitochondria	k__Bacteria; p__Proteobacteria; c__Alphaproteobacteria; o__Rickettsiales; f__mitochondria; g__Cycas	match	5
B1-REF	5	1	uclust	0.51:0.8:3	10323	k__Bacteria; p__Proteobacteria; c__Gammaproteobacteria; o__Enterobacteriales; f__Enterobacteriaceae; g__Plesiomonas; s__shigelloides	k__Bacteria; p__Proteobacteria; c__Gammaproteobacteria; o__Enterobacteriales; f__Enterobacteriaceae; g__Ewingella	overclassification	5
B1-REF	5	1	uclust	0.51:0.8:3	1124812	k__Bacteria; p__Proteobacteria; c__Alphaproteobacteria; o__Rhodobacterales; f__Hyphomonadaceae; g__Hirschia; s__baltica	k__Bacteria; p__Proteobacteria; c__Alphaproteobacteria; o__Rhodobacterales; f__Hyphomonadaceae; g__Ponticaulis	overclassification	5
B1-REF	5	1	uclust	0.51:0.8:3	4323428	k__Bacteria; p__Proteobacteria; c__Gammaproteobacteria; o__Pasteurellales; f__Pasteurellaceae; g__Haemophilus	k__Bacteria; p__Proteobacteria; c__Gammaproteobacteria; o__Pasteurellales; f__Pasteurellaceae; g__Aggregatibacter	overclassification	5
B1-REF	5	1	uclust	0.51:0.8:3	4482307	k__Bacteria; p__Proteobacteria; c__Gammaproteobacteria; o__Xanthomonadales; f__Xanthomonadaceae; g__Luteibacter; s__rhizovicinus	k__Bacteria; p__Proteobacteria; c__Gammaproteobacteria; o__Acidithiobacillales; f__Acidithiobacillaceae; g__Thermithiobacillus	misclassification	3
B1-REF	5	1	uclust	0.51:0.8:3	4396918	k__Bacteria; p__Actinobacteria; c__Actinobacteria; o__Actinomycetales; f__Nakamurellaceae	k__Bacteria; p__Actinobacteria; c__Actinobacteria; o__Actinomycetales; f__Nakamurellaceae; g__Humicoccus	match	5
B1-REF	5	1	uclust	0.51:0.8:3	739471	k__Bacteria; p__Firmicutes; c__Clostridia; o__Thermoanaerobacterales; f__Thermoanaerobacteraceae; g__Carboxydothermus	k__Bacteria; p__Firmicutes; c__Clostridia; o__Thermoanaerobacterales; f__Thermoanaerobacteraceae; g__Thermanaeromonas	overclassification	5
B1-REF	5	1	uclust	0.51:0.8:3	230108	k__Bacteria; p__Proteobacteria; c__Betaproteobacteria; o__Burkholderiales; f__Oxalobacteraceae; g__Massilia	k__Bacteria; p__Proteobacteria; c__Betaproteobacteria; o__Burkholderiales; f__Oxalobacteraceae; g__Duganella	overclassification	5
B1-REF	5	1	uclust	0.51:0.8:3	10792	k__Bacteria; p__Proteobacteria; c__Deltaproteobacteria; o__Desulfobacterales; f__Desulfobulbaceae	k__Bacteria; p__Proteobacteria; c__Deltaproteobacteria; o__Desulfobacterales; f__Desulfobulbaceae; g__Desulfocapsa	match	5
B1-REF	5	1	uclust	0.51:0.8:3	9548	k__Bacteria; p__Proteobacteria; c__Gammaproteobacteria; o__Pasteurellales; f__Pasteurellaceae; g__Actinobacillus; s__porcinus	k__Bacteria; p__Proteobacteria; c__Gammaproteobacteria; o__Pasteurellales; f__Pasteurellaceae; g__Lonepinella	overclassification	5
B1-REF	5	1	uclust	0.51:0.8:3	81749	k__Bacteria; p__Proteobacteria; c__Gammaproteobacteria; o__Alteromonadales; f__Colwelliaceae; g__Thalassomonas	k__Bacteria; p__Proteobacteria; c__Gammaproteobacteria; o__Alteromonadales; f__Colwelliaceae; g__Colwellia	overclassification	5
B1-REF	5	1	uclust	0.51:0.8:3	521806	k__Bacteria; p__Bacteroidetes; c__Saprospirae; o__Saprospirales; f__Chitinophagaceae; g__Chitinophaga; s__arvensicola	k__Bacteria; p__Bacteroidetes; c__Saprospirae; o__Saprospirales; f__Chitinophagaceae; g__Trachelomonas	overclassification	5
B1-REF	5	1	uclust	0.51:0.8:3	270202	k__Bacteria; p__Bacteroidetes; c__Flavobacteriia; o__Flavobacteriales; f__Flavobacteriaceae	k__Bacteria; p__Bacteroidetes; c__Flavobacteriia; o__Flavobacteriales; f__Flavobacteriaceae; g__Muricola	match	5
B1-REF	5	1	uclust	0.51:0.8:3	851870	k__Bacteria; p__Bacteroidetes; c__Bacteroidia; o__Bacteroidales; f__Porphyromonadaceae; g__Parabacteroides; s__gordonii	k__Bacteria; p__Bacteroidetes; c__Bacteroidia; o__Bacteroidales; f__Porphyromonadaceae; g__Porphyromonas	overclassification	5
B1-REF	5	1	uclust	0.51:0.8:3	1130073	k__Bacteria; p__Proteobacteria; c__Alphaproteobacteria; o__Rhodobacterales; f__Rhodobacteraceae	k__Bacteria; p__Proteobacteria; c__Alphaproteobacteria; o__Rhodobacterales; f__Rhodobacteraceae; g__Tateyamaria	match	5
B1-REF	5	1	uclust	0.51:0.8:3	144207	k__Bacteria; p__Proteobacteria; c__Gammaproteobacteria; o__Oceanospirillales; f__Halomonadaceae; g__Halomonas; s__nitritophilus	k__Bacteria; p__Proteobacteria; c__Gammaproteobacteria; o__Oceanospirillales; f__Halomonadaceae; g__Haererehalobacter	overclassification	5
B1-REF	5	1	uclust	0.51:0.8:3	4375425	k__Archaea; p__Euryarchaeota; c__Thermococci; o__Thermococcales; f__Thermococcaceae; g__Thermococcus	k__Archaea; p__Euryarchaeota; c__Thermococci; o__Thermococcales; f__Thermococcaceae; g__Pyrococcus	overclassification	5
B1-REF	5	1	uclust	0.51:0.8:3	8895	k__Bacteria; p__Proteobacteria; c__Gammaproteobacteria; o__Aeromonadales; f__Aeromonadaceae	k__Bacteria; p__Proteobacteria; c__Gammaproteobacteria; o__Alteromonadales; f__Alteromonadaceae; g__Alteromonas	misclassification	3
B1-REF	5	1	uclust	0.51:0.8:3	197313	k__Archaea; p__Euryarchaeota; c__Halobacteria; o__Halobacteriales; f__Halobacteriaceae	k__Archaea; p__Euryarchaeota; c__Halobacteria; o__Halobacteriales; f__Halobacteriaceae; g__Haloterrigena	match	5
B1-REF	5	1	uclust	0.51:0.8:3	541199	k__Bacteria; p__Proteobacteria; c__Alphaproteobacteria; o__Sphingomonadales; f__Erythrobacteraceae; g__Porphyrobacter	k__Bacteria; p__Proteobacteria; c__Alphaproteobacteria; o__Sphingomonadales; f__Erythrobacteraceae; g__Erythromicrobium	overclassification	5
B1-REF	5	1	uclust	0.51:0.8:3	1140356	k__Bacteria; p__Proteobacteria; c__Gammaproteobacteria; o__Pasteurellales; f__Pasteurellaceae; g__Pasteurella; s__multocida	k__Bacteria; p__Proteobacteria; c__Gammaproteobacteria; o__Pasteurellales; f__Pasteurellaceae; g__Nicoletella	overclassification	5
B1-REF	5	1	uclust	0.51:0.8:3	3614642	k__Bacteria; p__Proteobacteria; c__Alphaproteobacteria; o__Rhodobacterales; f__Rhodobacteraceae; g__Octadecabacter; s__antarcticus	k__Bacteria; p__Proteobacteria; c__Alphaproteobacteria; o__Rhizobiales; f__Phyllobacteriaceae; g__Ahrensia	misclassification	3
B1-REF	5	1	uclust	0.51:0.8:3	341031	k__Bacteria; p__Firmicutes; c__Clostridia; o__Clostridiales; f__Veillonellaceae	k__Bacteria; p__Firmicutes; c__Clostridia; o__Clostridiales; f__Veillonellaceae; g__Sporomusa	match	5
B1-REF	5	1	uclust	0.51:0.8:3	1121955	k__Bacteria; p__Firmicutes; c__Bacilli; o__Bacillales; f__Bacillaceae; g__Bacillus; s__halodurans	k__Bacteria; p__Firmicutes; c__Bacilli; o__Bacillales; f__Listeriaceae; g__Brochothrix	misclassification	4
B1-REF	5	1	uclust	0.51:0.8:3	138132	k__Bacteria; p__Proteobacteria; c__Alphaproteobacteria; o__Rhodospirillales; f__Acetobacteraceae; g__Roseomonas; s__frigidaquae	k__Bacteria; p__Proteobacteria; c__Alphaproteobacteria; o__Rhodospirillales; f__Rhodospirillaceae; g__Rhodocista	misclassification	4
B1-REF	5	1	uclust	0.51:0.8:3	587036	k__Bacteria; p__Proteobacteria; c__Gammaproteobacteria; o__Enterobacteriales; f__Enterobacteriaceae; g__Enterobacter	k__Bacteria; p__Proteobacteria; c__Gammaproteobacteria; o__Enterobacteriales; f__Enterobacteriaceae; g__Buttiauxella	overclassification	5
B1-REF	5	1	uclust	0.51:0.8:3	2107103	Unassigned	k__Bacteria; p__Proteobacteria; c__Alphaproteobacteria; o__Rickettsiales; f__mitochondria; g__Pavlova	underclassification	0
B1-REF	5	1	uclust	0.51:0.8:3	702853	k__Bacteria; p__Proteobacteria; c__Betaproteobacteria; o__Rhodocyclales; f__Rhodocyclaceae; g__Dechloromonas; s__fungiphilus	k__Bacteria; p__Proteobacteria; c__Betaproteobacteria; o__Burkholderiales; f__Burkholderiaceae; g__Candidatus Glomeribacter	misclassification	3
B1-REF	5	1	uclust	0.51:0.8:3	2344267	k__Bacteria; p__Proteobacteria; c__Alphaproteobacteria; o__Rickettsiales; f__mitochondria	k__Bacteria; p__Proteobacteria; c__Alphaproteobacteria; o__Rickettsiales; f__mitochondria; g__Aristolochia	match	5
B1-REF	5	1	uclust	0.51:0.8:3	3756908	k__Bacteria; p__Actinobacteria; c__Coriobacteriia; o__Coriobacteriales; f__Coriobacteriaceae; g__Atopobium; s__vaginae	k__Bacteria; p__Actinobacteria; c__Coriobacteriia; o__Coriobacteriales; f__Coriobacteriaceae; g__Olsenella	overclassification	5
B1-REF	5	1	uclust	0.51:0.8:3	132913	k__Bacteria; p__Actinobacteria; c__Actinobacteria; o__Actinomycetales; f__Nocardiaceae; g__Rhodococcus; s__ruber	k__Bacteria; p__Actinobacteria; c__Actinobacteria; o__Actinomycetales; f__Nocardiaceae; g__Skermania	overclassification	5
B1-REF	5	1	uclust	0.51:0.8:3	4366349	k__Bacteria; p__Proteobacteria; c__Epsilonproteobacteria; o__Campylobacterales; f__Helicobacteraceae; g__Sulfuricurvum; s__kujiense	k__Bacteria; p__Proteobacteria; c__Epsilonproteobacteria; o__Nautiliales; f__Nautiliaceae; g__Nautilia	misclassification	3
B1-REF	5	1	uclust	0.51:0.8:3	4332796	k__Bacteria; p__Proteobacteria; c__Gammaproteobacteria; o__Xanthomonadales; f__Xanthomonadaceae; g__Luteibacter; s__rhizovicinus	k__Bacteria; p__Proteobacteria; c__Gammaproteobacteria; o__Xanthomonadales; f__Xanthomonadaceae; g__Frateuria	overclassification	5
B1-REF	5	1	uclust	0.51:0.8:3	1886044	k__Bacteria; p__Proteobacteria; c__Alphaproteobacteria; o__Rickettsiales; f__mitochondria	k__Bacteria; p__Proteobacteria; c__Alphaproteobacteria; o__Rickettsiales; f__mitochondria; g__Cucurbita	match	5
B1-REF	5	1	uclust	0.51:0.8:3	784608	k__Bacteria; p__Firmicutes; c__Bacilli; o__Lactobacillales; f__Enterococcaceae; g__Enterococcus; s__cecorum	k__Bacteria; p__Firmicutes; c__Bacilli; o__Lactobacillales; f__Aerococcaceae; g__Allofustis	misclassification	4
B1-REF	5	1	uclust	0.51:0.8:3	2318918	k__Bacteria; p__Proteobacteria; c__Alphaproteobacteria; o__Rickettsiales; f__mitochondria	k__Bacteria; p__Proteobacteria; c__Alphaproteobacteria; o__Rickettsiales; f__mitochondria; g__Phaeoceros	match	5
B1-REF	5	1	uclust	0.51:0.8:3	4015030	Unassigned	k__Bacteria; p__Proteobacteria; c__Alphaproteobacteria; o__Rickettsiales; f__mitochondria; g__Mesostigma	underclassification	0
B1-REF	5	1	uclust	0.51:0.8:3	4379571	k__Bacteria; p__Proteobacteria; c__Betaproteobacteria; o__Burkholderiales; f__Oxalobacteraceae; g__Paucimonas; s__lemoignei	k__Bacteria; p__Proteobacteria; c__Betaproteobacteria; o__Burkholderiales; f__Comamonadaceae; g__Limnobacter	misclassification	4
B1-REF	5	1	uclust	0.51:0.8:3	692654	k__Bacteria; p__Actinobacteria; c__Actinobacteria; o__Actinomycetales; f__Thermomonosporaceae; g__Actinomadura; s__vinacea	k__Bacteria; p__Actinobacteria; c__Actinobacteria; o__Actinomycetales; f__Pseudonocardiaceae; g__Thermobispora	misclassification	4
B1-REF	5	1	uclust	0.51:0.8:3	136773	k__Bacteria; p__Proteobacteria; c__Deltaproteobacteria; o__Desulfobacterales; f__Desulfobacteraceae	k__Bacteria; p__Proteobacteria; c__Deltaproteobacteria; o__Desulfobacterales; f__Desulfobacteraceae; g__Desulfosalsimonas	match	5
B1-REF	5	1	uclust	0.51:0.8:3	1596	k__Bacteria; p__Verrucomicrobia; c__Verrucomicrobiae; o__Verrucomicrobiales; f__Verrucomicrobiaceae; g__Akkermansia; s__muciniphila	k__Bacteria; p__Verrucomicrobia; c__Verrucomicrobiae; o__Verrucomicrobiales; f__Verrucomicrobiaceae; g__Verrucomicrobium	overclassification	5
B1-REF	5	1	uclust	0.51:0.8:3	202391	k__Bacteria; p__Proteobacteria; c__Alphaproteobacteria; o__Rhizobiales; f__Rhizobiaceae; g__Sinorhizobium	k__Bacteria; p__Proteobacteria; c__Alphaproteobacteria; o__Rhizobiales; f__Hyphomicrobiaceae; g__Rhodobium	misclassification	4
B1-REF	5	1	uclust	0.51:0.8:3	1134701	k__Bacteria; p__Cyanobacteria; c__Oscillatoriophycideae; o__Chroococcales	k__Bacteria; p__Cyanobacteria; c__Oscillatoriophycideae; o__Chroococcales; f__Cyanobacteriaceae; g__Rubidibacter	underclassification	4
B1-REF	5	1	uclust	0.51:0.8:3	2998997	k__Bacteria; p__Proteobacteria; c__Epsilonproteobacteria; o__Campylobacterales; f__Helicobacteraceae; g__Alvinella; s__pompejana epibiont	k__Bacteria; p__Proteobacteria; c__Epsilonproteobacteria; o__Campylobacterales; f__Helicobacteraceae; g__Nitratifractor	overclassification	5
B1-REF	5	1	uclust	0.51:0.8:3	94847	k__Bacteria; p__Firmicutes; c__Clostridia; o__Clostridiales; f__Veillonellaceae; g__Selenomonas; s__noxia	k__Bacteria; p__Firmicutes; c__Clostridia; o__Clostridiales; f__Veillonellaceae; g__Anaerospora	overclassification	5
B1-REF	5	1	uclust	0.51:0.8:3	1140636	k__Bacteria; p__Proteobacteria; c__Deltaproteobacteria	k__Bacteria; p__Proteobacteria; c__Deltaproteobacteria; o__Thermodesulfobacteriales; f__Thermodesulfobacteriaceae; g__Caldimicrobium	underclassification	3
B1-REF	5	1	uclust	0.51:0.8:3	2358	k__Bacteria; p__Bacteroidetes; c__Flavobacteriia; o__Flavobacteriales; f__Flavobacteriaceae	k__Bacteria; p__Bacteroidetes; c__Flavobacteriia; o__Flavobacteriales; f__Flavobacteriaceae; g__Tenacibaculum	match	5
B1-REF	5	1	uclust	0.51:0.8:3	3107842	k__Bacteria; p__Firmicutes; c__Clostridia; o__Clostridiales; f__Veillonellaceae; g__Selenomonas; s__noxia	k__Bacteria; p__Firmicutes; c__Clostridia; o__Clostridiales; f__Veillonellaceae; g__Acetonema	overclassification	5
B1-REF	5	1	uclust	0.51:0.8:3	143784	k__Bacteria; p__Cyanobacteria; c__Nostocophycideae; o__Nostocales; f__Nostocaceae; g__Nostoc	k__Bacteria; p__Cyanobacteria; c__Nostocophycideae; o__Nostocales; f__Nostocaceae; g__Dolichospermum	overclassification	5
B1-REF	5	1	uclust	0.51:0.8:3	144943	k__Bacteria; p__Firmicutes; c__Bacilli; o__Bacillales; f__Bacillaceae	k__Bacteria; p__Firmicutes; c__Bacilli; o__Bacillales; f__Bacillaceae; g__Halobacillus	match	5
B1-REF	5	1	uclust	0.51:0.8:3	1127860	k__Bacteria; p__Proteobacteria; c__Alphaproteobacteria; o__Rhizobiales; f__Hyphomicrobiaceae; g__Pseudovibrio	k__Bacteria; p__Proteobacteria; c__Alphaproteobacteria; o__Rhizobiales; f__Hyphomicrobiaceae; g__Nesiotobacter	overclassification	5
B1-REF	5	1	uclust	0.51:0.8:3	8173	k__Bacteria; p__Proteobacteria; c__Gammaproteobacteria; o__Alteromonadales; f__Alteromonadaceae; g__Microbulbifer; s__elongatus	k__Bacteria; p__Proteobacteria; c__Gammaproteobacteria; o__Oceanospirillales; f__Oceanospirillaceae; g__Balneatrix	misclassification	3
B1-REF	5	1	uclust	0.51:0.8:3	616049	k__Bacteria; p__Proteobacteria; c__Alphaproteobacteria; o__Rhizobiales; f__Xanthobacteraceae; g__Azorhizobium; s__doebereinerae	k__Bacteria; p__Proteobacteria; c__Alphaproteobacteria; o__Rhizobiales; f__Xanthobacteraceae; g__Xanthobacter	overclassification	5
B1-REF	5	1	uclust	0.51:0.8:3	4361454	k__Bacteria; p__Proteobacteria; c__Alphaproteobacteria; o__Rhodobacterales; f__Rhodobacteraceae; g__Phaeobacter; s__gallaeciensis	k__Bacteria; p__Proteobacteria; c__Alphaproteobacteria; o__Rhodobacterales; f__Rhodobacteraceae; g__Seohicola	overclassification	5
B1-REF	5	1	uclust	0.51:0.8:3	2313300	k__Bacteria; p__Proteobacteria; c__Alphaproteobacteria; o__Rickettsiales; f__mitochondria	k__Bacteria; p__Proteobacteria; c__Alphaproteobacteria; o__Rickettsiales; f__mitochondria; g__Silene	match	5
B1-REF	5	1	uclust	0.51:0.8:3	4359240	k__Bacteria; p__Firmicutes; c__Bacilli; o__Bacillales; f__Planococcaceae; g__Planococcus; s__maitriensis	k__Bacteria; p__Firmicutes; c__Bacilli; o__Bacillales; f__Planococcaceae; g__Planomicrobium	overclassification	5
B1-REF	5	1	uclust	0.51:0.8:3	244757	k__Bacteria; p__Bacteroidetes; c__Flavobacteriia; o__Flavobacteriales; f__Flavobacteriaceae	k__Bacteria; p__Bacteroidetes; c__Flavobacteriia; o__Flavobacteriales; f__Flavobacteriaceae; g__Formosa	match	5
B1-REF	5	1	uclust	0.51:0.8:3	1145943	k__Bacteria; p__Firmicutes; c__Bacilli; o__Bacillales; f__Bacillaceae; g__Bacillus; s__oleronius	k__Bacteria; p__Firmicutes; c__Bacilli; o__Bacillales; f__Bacillaceae; g__Halalkalibacillus	overclassification	5
B1-REF	5	1	uclust	0.51:0.8:3	814142	k__Bacteria; p__Actinobacteria; c__Actinobacteria; o__Actinomycetales; f__Thermomonosporaceae; g__Actinomadura; s__rudentiformis	k__Bacteria; p__Actinobacteria; c__Actinobacteria; o__Actinomycetales; f__Thermomonosporaceae; g__Spirillospora	overclassification	5
B1-REF	5	1	uclust	0.51:0.8:3	1110646	k__Bacteria; p__Proteobacteria; c__Gammaproteobacteria; o__Thiotrichales; f__Thiotrichaceae; g__Thiopilula; s__aggregata	k__Bacteria; p__Proteobacteria; c__Gammaproteobacteria; o__Thiotrichales; f__Thiotrichaceae; g__Marithrix	overclassification	5
B1-REF	5	1	uclust	0.51:0.8:3	3630583	k__Archaea; p__Crenarchaeota; c__Thermoprotei; o__Desulfurococcales; f__Desulfurococcaceae	k__Archaea; p__Crenarchaeota; c__Thermoprotei; o__Desulfurococcales; f__Desulfurococcaceae; g__Thermosphaera	match	5
B1-REF	5	1	uclust	0.51:0.8:3	4453271	k__Bacteria; p__Proteobacteria; c__Gammaproteobacteria; o__Alteromonadales; f__Alteromonadaceae	k__Bacteria; p__Proteobacteria; c__Gammaproteobacteria; o__Alteromonadales; f__Alteromonadaceae; g__Teredinibacter	match	5
B1-REF	5	1	uclust	0.51:0.8:3	552236	k__Bacteria; p__Actinobacteria; c__Actinobacteria; o__Actinomycetales; f__Micromonosporaceae; g__Virgisporangium; s__ochraceum	k__Bacteria; p__Actinobacteria; c__Actinobacteria; o__Actinomycetales; f__Micromonosporaceae; g__Longispora	overclassification	5
B1-REF	5	1	uclust	0.51:0.8:3	2574952	k__Bacteria; p__Chlamydiae; c__Chlamydiia; o__Chlamydiales; f__Simkaniaceae; g__Fritschea	k__Bacteria; p__Chlamydiae; c__Chlamydiia; o__Chlamydiales; f__Simkaniaceae; g__Simkania	overclassification	5
B1-REF	5	1	uclust	0.51:0.8:3	247484	k__Bacteria; p__Proteobacteria; c__Alphaproteobacteria; o__Rhizobiales; f__Phyllobacteriaceae	k__Bacteria; p__Proteobacteria; c__Alphaproteobacteria; o__Rhizobiales; f__Phyllobacteriaceae; g__Aliihoeflea	match	5
B1-REF	5	1	uclust	0.51:0.8:3	3368019	k__Bacteria; p__Proteobacteria; c__Alphaproteobacteria; o__Rickettsiales; f__mitochondria	k__Bacteria; p__Proteobacteria; c__Alphaproteobacteria; o__Rickettsiales; f__mitochondria; g__Mimulus	match	5
B1-REF	5	1	uclust	0.51:0.8:3	121052	k__Bacteria; p__Proteobacteria; c__Betaproteobacteria; o__Burkholderiales; f__Alcaligenaceae; g__Alcaligenes; s__faecalis	k__Bacteria; p__Proteobacteria; c__Betaproteobacteria; o__Burkholderiales; f__Alcaligenaceae; g__Rhodopseudomonas	overclassification	5
B1-REF	5	1	uclust	0.51:0.8:3	4389144	k__Bacteria; p__Actinobacteria; c__Actinobacteria; o__Actinomycetales; f__Nocardioidaceae	k__Bacteria; p__Actinobacteria; c__Actinobacteria; o__Actinomycetales; f__Propionibacteriaceae; g__Microlunatus	misclassification	4
B1-REF	5	1	uclust	0.51:0.8:3	91372	k__Bacteria; p__Proteobacteria; c__Gammaproteobacteria; o__Enterobacteriales; f__Enterobacteriaceae; g__Cronobacter	k__Bacteria; p__Proteobacteria; c__Gammaproteobacteria; o__Enterobacteriales; f__Enterobacteriaceae; g__Candidatus Blochmannia	overclassification	5
B1-REF	5	1	uclust	0.51:0.8:3	1646255	k__Bacteria; p__Proteobacteria; c__Alphaproteobacteria; o__Rickettsiales; f__mitochondria	k__Bacteria; p__Proteobacteria; c__Alphaproteobacteria; o__Rickettsiales; f__mitochondria; g__Victoria	match	5
B1-REF	5	1	uclust	0.51:0.8:3	1125353	k__Bacteria; p__Actinobacteria; c__Actinobacteria; o__Actinomycetales; f__Thermomonosporaceae; g__Actinomadura; s__vinacea	k__Bacteria; p__Actinobacteria; c__Actinobacteria; o__Actinomycetales; f__Thermomonosporaceae; g__Actinocorallia	overclassification	5
B1-REF	5	1	uclust	0.51:0.8:3	808919	k__Bacteria; p__Proteobacteria; c__Deltaproteobacteria; o__Myxococcales; f__Polyangiaceae; g__Polyangium	k__Bacteria; p__Proteobacteria; c__Deltaproteobacteria; o__Myxococcales; f__Polyangiaceae; g__Aetherobacter	overclassification	5
B1-REF	5	1	uclust	0.51:0.8:3	4213092	k__Bacteria; p__Cyanobacteria	k__Bacteria; p__Cyanobacteria; c__Chloroplast; o__Chlorophyta; f__Chlamydomonadaceae; g__Hydrodictyon	underclassification	2
B1-REF	5	1	uclust	0.51:0.8:3	484439	k__Bacteria; p__Synergistetes; c__Synergistia; o__Synergistales; f__Dethiosulfovibrionaceae; g__Dethiosulfovibrio	k__Bacteria; p__Synergistetes; c__Synergistia; o__Synergistales; f__Dethiosulfovibrionaceae; g__Jonquetella	overclassification	5
B1-REF	5	1	uclust	0.51:0.8:3	1126882	k__Bacteria; p__Actinobacteria; c__Actinobacteria; o__Actinomycetales; f__Micromonosporaceae; g__Micromonospora; s__coxensis	k__Bacteria; p__Actinobacteria; c__Actinobacteria; o__Actinomycetales; f__Micromonosporaceae; g__Actinoplanes	overclassification	5
B1-REF	5	1	uclust	0.51:0.8:3	3606810	k__Bacteria; p__Proteobacteria; c__Alphaproteobacteria; o__Rickettsiales; f__mitochondria	k__Bacteria; p__Proteobacteria; c__Alphaproteobacteria; o__Rickettsiales; f__mitochondria; g__Myristica	match	5
B1-REF	5	1	uclust	0.51:0.8:3	4581	k__Bacteria; p__Proteobacteria; c__Alphaproteobacteria; o__Rhodospirillales; f__Rhodospirillaceae	k__Bacteria; p__Proteobacteria; c__Alphaproteobacteria; o__Rhodospirillales; f__Rhodospirillaceae; g__Azospirillum	match	5